#!ascii label  , from subject sub-v2s18x29513_ses-1 vox2ras=TkReg
10238
118832  -12.139  -96.532  13.041 0.4000000060
127  -12.461  -96.040  12.068 0.5000000000
113861  -13.398  -95.046  12.890 0.5000000000
229  -13.972  -94.412  11.943 0.8000000119
238  -13.559  -94.977  11.214 0.6999999881
240  -15.280  -94.639  11.091 0.8000000119
136  -16.085  -95.213  11.374 0.8000000119
247  -14.604  -95.361  10.591 0.8000000119
40  -16.288  -96.322  11.493 0.8000000119
130  -19.586  -95.832  13.053 0.8000000119
44  -19.846  -95.781  12.310 0.8000000119
120210  -20.548  -95.412  12.608 0.8000000119
125320  -19.906  -95.855  10.646 0.8000000119
137  -20.648  -95.507  11.840 0.6999999881
131  -21.549  -95.106  12.159 0.6999999881
62  -20.344  -95.769  9.919 0.5000000000
138  -21.396  -95.370  11.095 0.5000000000
119  -11.882  -96.857  14.042 0.3000000119
124912  -12.828  -95.807  12.750 0.6000000238
378  -14.732  -93.733  12.306 0.8000000119
119847  -15.446  -93.650  11.904 0.8000000119
239  -14.300  -94.646  11.129 0.8000000119
241  -16.037  -93.997  11.561 0.8000000119
230  -16.583  -94.604  12.046 0.8000000119
122  -16.793  -95.901  14.296 0.8000000119
129  -16.499  -96.063  12.441 0.8000000119
223  -16.702  -95.378  13.085 0.8000000119
23  -17.376  -96.291  15.566 0.6999999881
121  -16.762  -96.374  13.536 0.8000000119
28  -16.961  -96.614  14.291 0.8000000119
30  -17.748  -96.553  14.561 0.8000000119
540  -20.258  -92.480  13.889 0.8999999762
111148  -20.231  -92.183  14.558 0.8999999762
125622  -20.206  -94.398  13.565 0.8000000119
225  -20.863  -94.875  13.182 0.8000000119
547  -20.635  -92.765  13.457 0.8000000119
125  -21.263  -95.003  12.801 0.8000000119
373  -21.043  -93.975  13.317 0.8000000119
139  -22.199  -95.013  11.251 0.6999999881
150  -20.831  -95.441  8.962 0.5000000000
147  -21.997  -95.236  10.144 0.6000000238
157  -21.481  -94.984  8.463 0.4000000060
156  -20.641  -95.106  8.228 0.4000000060
103  -11.688  -96.158  16.881 0.3000000119
121944  -12.139  -96.565  16.521 0.2000000030
102  -11.144  -96.239  16.544 0.2000000030
119969  -10.879  -96.205  15.786 0.3000000119
22  -11.978  -96.902  15.828 0.4000000060
114  -12.386  -96.705  14.870 0.6000000238
120  -12.783  -96.120  13.767 0.5000000000
221  -13.568  -95.003  14.038 0.8000000119
33  -11.011  -96.598  14.159 0.3000000119
222  -14.084  -94.239  13.026 0.8000000119
25  -10.190  -96.087  14.170 0.3000000119
32  -10.379  -96.465  13.364 0.3000000119
127090  -17.013  -94.742  13.575 0.8000000119
115341  -17.249  -94.637  14.477 0.8999999762
216  -17.025  -95.881  15.199 0.8000000119
105  -17.701  -96.186  16.757 0.8000000119
111  -17.981  -96.405  16.323 0.6999999881
107824  -20.007  -93.187  14.468 0.8999999762
121849  -19.779  -94.407  13.958 0.8000000119
218  -19.863  -95.033  13.606 0.8000000119
114664  -20.748  -91.008  13.655 0.8000000119
374  -22.446  -93.907  13.202 0.6999999881
548  -21.789  -93.077  13.211 0.8000000119
43  -19.139  -96.194  12.630 0.8000000119
788  -23.471  -92.369  13.481 0.8000000119
116463  -22.471  -92.458  13.310 0.8000000119
226  -22.742  -94.165  12.956 0.8000000119
243  -23.554  -94.048  12.013 0.8000000119
111538  -22.905  -94.361  12.452 0.6999999881
249  -23.405  -94.392  10.120 0.6999999881
244  -24.119  -93.734  11.387 0.6999999881
258  -19.927  -94.433  8.006 0.4000000060
260  -21.830  -94.480  8.319 0.4000000060
112235  -22.887  -94.430  9.105 0.5000000000
401  -23.019  -93.940  8.841 0.5000000000
120406  -19.890  -93.817  8.585 0.4000000060
411  -21.319  -93.974  8.366 0.4000000060
123146  -22.032  -94.005  8.371 0.5000000000
117179  -22.492  -93.765  8.678 0.5000000000
98  -12.305  -95.915  17.577 0.4000000060
17  -12.544  -96.326  17.187 0.4000000060
19  -12.950  -96.706  16.658 0.6000000238
115  -13.130  -96.039  14.675 0.8000000119
215  -14.169  -94.564  14.870 0.8000000119
108759  -14.233  -94.165  13.889 0.8000000119
198  -12.118  -95.835  17.396 0.3000000119
109  -13.097  -96.440  15.692 0.6000000238
369  -14.670  -93.545  13.211 0.8000000119
544  -15.759  -92.473  13.450 0.8000000119
106485  -12.052  -95.428  17.451 0.1000000015
202  -11.374  -95.884  16.910 0.2000000030
370  -15.438  -93.134  12.704 0.8000000119
546  -17.122  -92.425  13.170 0.8000000119
379  -16.025  -93.249  12.270 0.8000000119
366  -17.654  -93.209  14.032 0.8000000119
360  -17.958  -93.187  15.868 0.8999999762
353  -17.903  -94.028  17.034 0.8999999762
359  -17.614  -93.856  15.161 0.8999999762
380  -16.663  -93.640  12.313 0.8000000119
106874  -17.559  -94.566  16.354 0.8999999762
204  -17.527  -95.771  16.701 0.8999999762
127045  -17.964  -95.907  17.541 0.8000000119
120695  -18.455  -95.796  17.295 0.8000000119
107  -18.426  -96.088  16.498 0.8999999762
31  -18.297  -96.348  14.700 0.8000000119
35  -18.207  -96.544  13.792 0.8000000119
123691  -18.876  -96.226  13.241 0.8000000119
123  -19.379  -95.586  13.740 0.8000000119
1093  -21.322  -90.190  13.600 1.0000000000
787  -22.543  -91.546  13.369 0.8000000119
117667  -21.635  -90.962  13.405 0.8000000119
1095  -23.734  -91.440  13.523 0.8000000119
550  -23.959  -92.967  13.449 0.8000000119
375  -23.371  -93.587  13.150 0.8000000119
563  -27.244  -91.800  11.423 0.6999999881
573  -25.936  -92.500  10.513 0.6000000238
586  -26.519  -92.042  10.094 0.5000000000
382  -24.178  -93.246  13.059 0.8000000119
392  -24.592  -93.400  10.634 0.8000000119
388  -25.306  -92.914  11.022 0.8000000119
561  -26.118  -92.520  11.516 0.6999999881
255  -24.233  -93.504  9.827 0.6000000238
402  -24.031  -93.270  9.472 0.6999999881
393  -24.906  -92.912  9.949 0.6999999881
585  -25.502  -92.190  9.687 0.6000000238
827  -26.002  -91.535  9.353 0.5000000000
583  -23.772  -92.918  9.358 0.5000000000
584  -24.529  -92.468  9.529 0.5000000000
826  -25.080  -91.570  9.414 0.5000000000
579  -19.882  -92.895  10.258 0.3000000119
580  -21.011  -93.061  9.959 0.4000000060
209  -13.804  -95.413  15.625 0.8000000119
119871  -12.584  -95.878  18.533 0.4000000060
203  -13.622  -95.963  16.483 0.8000000119
536  -15.107  -92.847  14.299 0.8000000119
347  -12.396  -95.674  18.320 0.3000000119
336  -12.163  -94.485  19.503 0.2000000030
545  -16.565  -92.333  13.240 0.6999999881
784  -17.014  -91.731  13.643 0.8000000119
112461  -12.359  -94.328  18.047 0.2000000030
531  -17.920  -92.628  14.689 0.8999999762
196  -18.983  -94.711  18.527 0.6999999881
205  -19.134  -95.210  17.650 0.6999999881
350  -20.662  -94.107  18.023 0.6999999881
118294  -19.244  -95.427  16.653 0.8000000119
111119  -20.460  -94.350  17.217 0.8000000119
520  -21.056  -93.558  17.215 0.8000000119
206  -19.969  -94.607  16.351 0.8000000119
212  -19.555  -94.863  15.445 0.8999999762
362  -19.953  -93.897  15.375 0.8000000119
107785  -18.921  -95.709  15.596 0.8000000119
36  -18.850  -96.088  13.838 0.8000000119
217  -19.415  -95.143  14.478 0.8000000119
361  -19.756  -94.138  14.491 0.8000000119
112898  -21.801  -89.278  13.606 0.6999999881
1094  -22.789  -90.363  13.520 0.6999999881
115978  -23.680  -89.937  13.541 0.6999999881
118454  -24.587  -91.480  13.485 0.6999999881
551  -24.684  -92.572  13.231 0.6999999881
110422  -24.714  -93.055  12.535 0.6999999881
383  -25.345  -92.779  12.046 0.6999999881
562  -26.775  -92.069  11.883 0.6999999881
818  -27.936  -91.507  10.625 0.6000000238
557  -25.939  -92.238  12.491 0.6999999881
828  -26.977  -91.562  9.437 0.5000000000
1134  -25.585  -90.680  9.137 0.5000000000
1462  -25.741  -89.952  8.825 0.5000000000
1461  -25.154  -89.708  9.425 0.4000000060
1799  -24.633  -88.923  9.437 0.4000000060
210  -14.343  -94.707  16.044 0.8999999762
191  -13.518  -95.790  20.322 0.8999999762
95  -13.003  -96.184  19.061 0.8000000119
104  -13.269  -96.323  17.385 0.8000000119
537  -15.679  -92.047  14.332 0.8000000119
776  -16.463  -91.796  13.794 0.6999999881
194  -12.561  -95.654  19.420 0.5000000000
509  -11.722  -93.297  19.298 0.2000000030
538  -17.501  -92.092  13.802 0.8999999762
117978  -18.279  -92.328  15.988 0.8999999762
1757  -22.439  -88.441  13.620 0.5000000000
1756  -21.440  -88.363  13.749 0.6000000238
1755  -20.915  -88.924  13.886 0.8999999762
111652  -23.072  -89.274  13.602 0.6999999881
1416  -23.845  -89.318  13.499 0.6999999881
123162  -24.307  -89.583  13.295 0.6000000238
116506  -24.238  -90.121  13.415 0.6999999881
790  -25.265  -91.541  13.288 0.6999999881
1417  -24.755  -90.240  13.178 0.6999999881
127519  -25.702  -90.722  12.812 0.6999999881
797  -26.467  -91.562  12.423 0.6999999881
1442  -26.840  -90.228  11.666 0.6999999881
806  -27.715  -91.311  11.300 0.6999999881
556  -25.142  -92.611  12.761 0.6999999881
1441  -26.147  -89.297  11.601 0.6999999881
1443  -27.640  -90.227  11.119 0.6999999881
1453  -28.297  -90.368  10.691 0.6000000238
1125  -28.312  -91.020  10.825 0.6000000238
120840  -27.532  -90.965  8.175 0.6000000238
837  -27.762  -91.337  8.940 0.5000000000
1144  -26.291  -90.322  8.397 0.6000000238
1472  -25.729  -89.433  8.262 0.5000000000
1812  -25.314  -88.857  7.864 0.5000000000
1810  -24.136  -88.628  8.948 0.5000000000
126626  -23.249  -88.643  8.801 0.6000000238
1797  -22.986  -88.313  10.305 0.5000000000
117958  -14.101  -95.436  17.176 0.8000000119
100  -13.572  -95.947  18.307 0.8000000119
188  -13.404  -95.520  20.987 0.8000000119
124095  -12.732  -95.754  20.074 0.5000000000
190  -12.450  -95.181  20.272 0.5000000000
187  -12.766  -95.366  20.794 0.6000000238
497  -11.083  -93.225  19.923 0.1000000015
119999  -6.776  -92.013  20.335 0.5000000000
485  -6.734  -92.328  20.025 0.2000000030
744  -6.424  -92.429  18.796 0.1000000015
2583  -20.913  -86.949  14.586 0.6999999881
2160  -22.880  -87.602  13.551 0.6999999881
123102  -20.847  -88.271  14.025 0.8000000119
126042  -23.319  -87.141  13.327 0.5000000000
2161  -23.638  -87.693  13.244 0.6000000238
2168  -24.360  -87.414  12.710 0.6000000238
118376  -24.865  -88.292  12.423 0.6000000238
1427  -24.731  -89.404  12.841 0.6999999881
106895  -25.404  -89.303  12.237 0.6999999881
114843  -27.900  -88.962  10.379 0.6999999881
1777  -25.744  -88.021  11.721 0.6999999881
1779  -26.908  -89.249  11.017 0.6999999881
1454  -28.926  -89.770  10.085 0.6000000238
2620  -10.622  -86.305  11.561 0.6999999881
1146  -28.386  -91.071  8.162 0.6000000238
2621  -11.210  -85.948  11.400 0.6999999881
1473  -26.656  -90.288  7.794 0.6999999881
2634  -11.591  -85.849  10.790 0.6999999881
1485  -25.873  -89.397  7.431 0.6000000238
2648  -10.803  -86.226  9.143 0.6999999881
3135  -10.914  -85.223  8.247 0.4000000060
127808  -10.446  -85.082  7.509 0.4000000060
1822  -22.371  -89.017  7.789 0.5000000000
1823  -23.307  -88.878  8.152 0.3000000119
1483  -24.017  -89.033  7.270 0.5000000000
3143  -11.116  -84.465  7.473 0.3000000119
2210  -22.392  -87.731  9.916 0.5000000000
119408  -22.670  -88.600  8.546 0.5000000000
330  -13.666  -94.647  21.514 0.8000000119
318  -10.758  -93.095  22.476 0.8000000119
185  -12.254  -94.537  21.547 0.6000000238
334  -10.645  -93.580  20.827 0.3000000119
335  -11.689  -94.069  20.327 0.4000000060
115596  -10.569  -91.841  22.637 0.8999999762
723  -9.996  -92.451  22.255 0.8999999762
329  -11.222  -93.801  21.467 0.6000000238
1024  -10.117  -91.161  21.662 0.8000000119
328  -9.940  -93.273  21.454 0.5000000000
333  -9.178  -93.430  20.784 0.3000000119
496  -9.982  -93.274  19.991 0.1000000015
508  -10.978  -92.523  19.134 0.1000000015
1023  -9.482  -92.048  21.326 0.8000000119
115329  -9.328  -89.411  20.394 0.8000000119
118493  -8.704  -92.224  20.765 0.8000000119
1356  -9.028  -90.254  20.196 0.6999999881
1038  -8.585  -91.153  20.318 0.6000000238
1354  -7.608  -90.345  20.705 0.4000000060
732  -7.444  -92.311  20.346 0.4000000060
117243  -7.621  -92.940  20.147 0.2000000030
493  -6.926  -92.784  19.567 0.1000000015
1347  -7.270  -90.182  21.433 0.5000000000
3067  -22.341  -85.621  14.241 0.6000000238
2584  -21.630  -86.283  14.311 0.6999999881
2585  -22.426  -86.254  13.905 0.6000000238
2597  -23.804  -86.618  13.115 0.5000000000
124598  -24.448  -85.912  13.119 0.6000000238
3081  -25.443  -85.470  13.616 0.6999999881
2610  -24.773  -86.397  12.685 0.5000000000
3091  -25.214  -85.755  13.053 0.6999999881
2169  -25.229  -87.096  12.236 0.5000000000
2611  -25.695  -86.208  12.564 0.6000000238
2183  -26.175  -86.753  11.951 0.6999999881
2185  -27.558  -87.233  11.130 0.6999999881
1787  -27.090  -88.193  10.861 0.6999999881
3097  -10.968  -85.553  11.960 0.8000000119
3086  -11.378  -84.944  12.176 0.6999999881
3643  -12.193  -84.137  12.257 0.6999999881
123119  -12.628  -84.652  11.075 0.6000000238
107989  -11.475  -85.337  9.099 0.5000000000
3681  -11.573  -84.476  8.281 0.5000000000
3703  -10.544  -84.859  5.974 0.4000000060
1821  -21.871  -88.657  7.349 0.6000000238
3694  -11.440  -84.245  6.857 0.5000000000
337  -14.030  -95.050  20.494 0.8999999762
321  -13.256  -93.777  22.053 0.8999999762
123978  -14.072  -94.067  20.704 1.0000000000
186  -13.055  -94.986  21.672 0.8000000119
476  -12.719  -92.889  22.411 0.8999999762
320  -12.592  -93.732  22.340 0.6999999881
474  -11.036  -92.906  22.684 1.0000000000
714  -11.457  -92.285  22.889 1.0000000000
478  -10.116  -92.873  22.198 0.6999999881
507  -9.413  -92.923  19.028 0.1000000015
110925  -8.659  -93.004  20.965 0.5000000000
1357  -10.046  -89.098  20.731 0.8000000119
486  -8.425  -93.274  20.524 0.2000000030
495  -8.549  -93.422  19.863 0.1000000015
506  -8.101  -93.142  18.803 0.1000000015
123201  -8.286  -88.297  21.493 0.8999999762
1355  -8.477  -89.532  20.410 0.6999999881
1031  -8.097  -90.756  20.301 0.6000000238
1689  -7.938  -89.170  20.931 0.8000000119
128115  -7.278  -89.579  22.189 0.8000000119
3079  -22.998  -85.902  13.742 0.6999999881
3636  -24.062  -85.017  13.929 0.6999999881
2598  -23.784  -85.692  13.510 0.6000000238
3628  -25.060  -84.884  14.986 0.6999999881
3082  -26.207  -85.661  13.689 0.6000000238
3648  -9.691  -84.629  11.908 0.8000000119
2599  -26.964  -86.090  13.059 0.6000000238
127809  -10.630  -83.882  12.366 0.8999999762
4179  -10.940  -83.319  12.462 0.8999999762
4180  -11.912  -83.346  12.443 0.8000000119
4712  -11.878  -82.375  12.559 0.8999999762
4181  -12.893  -83.673  12.083 0.6999999881
3669  -12.033  -84.705  9.158 0.5000000000
2244  -21.615  -87.873  6.658 0.6000000238
3682  -12.279  -84.138  8.469 0.5000000000
3689  -11.837  -83.986  7.591 0.6000000238
3152  -21.641  -85.761  6.322 0.8000000119
105978  -21.476  -84.334  7.374 0.6999999881
113662  -14.218  -93.824  19.703 0.8999999762
338  -14.267  -94.582  19.329 0.8000000119
479  -13.254  -92.599  21.727 1.0000000000
1014  -12.003  -91.320  23.109 1.0000000000
716  -12.950  -91.762  22.361 1.0000000000
1002  -12.455  -90.386  23.194 1.0000000000
1012  -10.905  -90.838  22.697 1.0000000000
1348  -10.622  -89.760  21.805 0.8999999762
1672  -11.037  -88.765  22.309 0.8999999762
1013  -11.684  -90.657  23.089 1.0000000000
1001  -12.060  -89.777  23.265 1.0000000000
1338  -11.646  -88.875  23.078 1.0000000000
1684  -10.499  -88.650  21.412 0.8000000119
2065  -10.533  -87.801  21.744 0.8999999762
2053  -10.707  -87.152  22.302 1.0000000000
2485  -11.114  -86.613  23.794 0.8999999762
116963  -8.612  -87.464  22.037 0.8000000119
1682  -9.034  -87.798  21.358 0.8000000119
2052  -9.480  -87.110  21.879 1.0000000000
2036  -11.086  -87.050  23.170 1.0000000000
2491  -9.825  -86.509  22.383 1.0000000000
2967  -10.168  -85.718  23.751 1.0000000000
1320  -7.443  -89.832  24.215 0.8999999762
2034  -7.565  -87.891  23.220 0.8999999762
2490  -8.947  -86.706  22.486 1.0000000000
3626  -23.040  -84.582  14.637 0.6999999881
122790  -23.608  -84.774  14.352 0.6999999881
3053  -25.530  -85.416  15.871 0.5000000000
3070  -25.609  -85.329  14.341 0.6000000238
3054  -26.231  -86.080  15.573 0.5000000000
2571  -26.705  -86.780  16.130 0.5000000000
2572  -27.144  -86.703  15.145 0.5000000000
3649  -9.906  -83.876  12.143 0.8999999762
5223  -11.994  -81.576  12.541 0.8999999762
4191  -13.190  -84.110  11.056 0.6999999881
3670  -12.667  -84.379  9.417 0.6000000238
107474  -21.626  -87.204  5.976 0.6999999881
105859  -21.607  -88.069  4.927 0.8999999762
109735  -12.096  -83.902  7.251 0.6000000238
3157  -11.181  -85.029  5.354 0.3000000119
3163  -21.757  -85.555  5.500 0.8999999762
2688  -21.711  -86.398  5.733 0.8999999762
3700  -21.566  -85.083  6.842 0.6999999881
128269  -21.584  -84.399  6.552 0.8000000119
2714  -21.359  -86.391  2.741 0.8999999762
4211  -20.669  -83.916  9.145 0.6999999881
4233  -21.432  -83.377  7.703 0.6999999881
108993  -21.501  -83.555  6.680 0.8999999762
498  -13.790  -92.738  19.927 0.8999999762
487  -13.680  -93.390  21.161 1.0000000000
107395  -13.418  -92.229  20.571 1.0000000000
1034  -13.221  -91.275  21.000 1.0000000000
1015  -12.749  -90.837  22.859 0.8999999762
1339  -13.338  -89.086  23.011 0.8000000119
125190  -14.445  -86.842  23.694 0.8000000119
125769  -12.728  -89.704  23.296 0.8999999762
1329  -13.054  -89.139  23.300 0.8000000119
2039  -13.279  -87.492  23.983 0.8000000119
1674  -13.841  -87.277  23.399 0.8000000119
128005  -7.009  -88.011  27.274 0.8999999762
2007  -6.995  -87.221  26.118 0.8999999762
1328  -12.435  -88.958  23.344 0.8999999762
2038  -12.510  -87.445  24.072 0.8999999762
2023  -12.028  -87.110  24.637 0.8000000119
1641  -7.065  -88.087  25.569 1.0000000000
2037  -11.671  -87.131  23.953 0.8999999762
2022  -11.311  -86.642  24.583 0.8000000119
117102  -7.164  -87.936  24.766 0.8999999762
124558  -7.321  -88.642  24.322 0.8999999762
2472  -7.576  -86.613  24.717 1.0000000000
2474  -10.739  -86.059  24.109 0.8999999762
1313  -7.502  -90.130  25.140 0.8999999762
2481  -7.671  -86.994  23.820 1.0000000000
3627  -24.245  -84.697  14.533 0.6999999881
3614  -24.795  -84.711  15.796 0.6000000238
2128  -28.059  -87.584  16.777 0.5000000000
3658  -9.226  -83.894  11.552 0.8999999762
5234  -10.440  -81.899  11.865 0.8999999762
4724  -11.123  -81.895  12.311 0.8999999762
5780  -11.286  -80.542  11.273 0.8999999762
3647  -8.857  -84.810  11.314 0.8999999762
5764  -11.888  -80.164  11.952 0.8999999762
3106  -8.157  -85.608  10.738 0.8000000119
5765  -12.521  -79.744  12.063 0.8999999762
110881  -7.417  -87.135  10.968 0.8000000119
2632  -7.558  -86.352  10.423 0.8000000119
4182  -13.352  -82.934  12.209 0.6999999881
4713  -12.690  -82.774  12.477 0.8000000119
4218  -13.092  -83.903  8.892 0.6999999881
116012  -12.740  -83.924  7.963 0.6000000238
113159  -12.192  -84.175  6.675 0.3000000119
3708  -21.678  -84.747  5.272 0.8999999762
3173  -21.746  -85.394  4.703 0.8999999762
116327  -21.796  -86.040  4.270 0.8999999762
3182  -21.599  -85.386  3.913 0.8999999762
1621  -7.334  -88.925  28.606 0.8999999762
109058  -7.116  -87.735  27.910 0.8999999762
115671  -7.241  -88.946  27.448 1.0000000000
2024  -12.966  -87.153  24.716 0.8000000119
108807  -13.901  -87.021  24.331 0.8000000119
1303  -7.395  -89.630  26.560 1.0000000000
2464  -7.195  -86.506  26.611 0.8999999762
114196  -11.289  -87.165  26.059 0.8000000119
107476  -7.471  -90.246  25.878 1.0000000000
108885  -7.352  -89.199  25.790 1.0000000000
2014  -7.124  -87.142  25.203 0.8999999762
2468  -7.465  -86.278  25.704 1.0000000000
109439  -7.327  -91.269  25.448 0.8999999762
2951  -8.132  -85.966  24.949 1.0000000000
113853  -10.794  -86.015  24.908 0.8000000119
2966  -9.338  -85.882  23.627 1.0000000000
2953  -9.733  -85.463  25.120 0.8999999762
2482  -8.535  -86.449  23.380 1.0000000000
119463  -26.151  -86.062  16.225 0.5000000000
2548  -27.878  -87.388  17.534 0.5000000000
2110  -28.575  -87.657  17.277 0.5000000000
5779  -10.774  -80.966  10.547 1.0000000000
2541  -29.612  -87.005  18.364 0.4000000060
4189  -9.578  -83.055  11.798 0.8999999762
6322  -12.166  -79.257  11.424 0.8999999762
2119  -29.159  -87.547  16.994 0.4000000060
2189  -6.267  -87.607  10.335 0.6000000238
123521  -9.009  -83.283  11.067 1.0000000000
5224  -12.863  -81.276  12.631 0.8000000119
4199  -13.724  -83.366  10.448 0.6999999881
4235  -12.954  -84.047  7.308 0.5000000000
4236  -14.015  -84.160  7.132 0.4000000060
3710  -21.506  -84.582  4.450 0.8999999762
4240  -21.504  -83.969  5.123 0.8999999762
1995  -7.380  -87.613  28.883 0.8999999762
2443  -7.332  -86.787  28.258 0.8999999762
2016  -11.731  -87.371  25.766 0.8000000119
2017  -12.798  -87.288  25.422 0.8000000119
1634  -14.132  -87.834  26.147 0.8000000119
111939  -7.437  -90.193  27.169 1.0000000000
2456  -7.306  -86.406  27.439 0.8999999762
2010  -12.260  -87.685  26.021 0.8000000119
1632  -11.752  -88.448  26.681 0.8000000119
1626  -11.349  -89.117  27.329 0.6999999881
2939  -7.740  -85.771  26.685 0.8999999762
2008  -11.285  -87.420  26.687 0.8000000119
1631  -11.276  -88.284  27.234 0.8000000119
951  -11.435  -89.529  27.807 0.6999999881
965  -7.333  -91.250  27.402 0.8999999762
2952  -8.897  -85.579  25.046 0.8999999762
105856  -11.232  -86.662  26.723 0.8000000119
2470  -11.207  -86.577  25.482 0.8000000119
2954  -10.367  -85.583  25.302 0.8999999762
2942  -10.459  -85.321  25.981 0.8000000119
2559  -27.235  -87.155  16.772 0.5000000000
2111  -28.779  -87.584  17.943 0.4000000060
2172  -5.421  -88.311  10.959 0.6999999881
2630  -5.961  -87.135  9.609 0.8000000119
6341  -11.682  -79.138  10.577 1.0000000000
2188  -5.755  -87.660  10.264 0.8000000119
5249  -10.278  -81.609  10.935 1.0000000000
2631  -6.528  -86.756  9.646 0.8000000119
6836  -12.733  -78.635  11.157 1.0000000000
2542  -30.173  -86.761  19.047 0.4000000060
3020  -29.804  -86.229  18.528 0.4000000060
3657  -8.030  -84.663  10.164 0.8999999762
4725  -13.914  -82.527  11.907 0.6999999881
4714  -13.375  -82.097  12.493 0.8000000119
4747  -14.194  -82.767  9.892 0.6999999881
4733  -14.103  -82.679  10.917 0.6999999881
4207  -14.297  -83.030  9.067 0.6999999881
4763  -21.036  -82.427  8.828 0.8000000119
4219  -13.662  -83.559  8.577 0.6999999881
4228  -13.696  -83.745  7.845 0.6000000238
4753  -19.947  -82.640  9.742 0.6999999881
4760  -15.089  -82.742  8.704 0.6999999881
4221  -15.432  -83.112  7.935 0.5000000000
4229  -14.698  -83.664  7.547 0.4000000060
4237  -15.076  -84.221  6.842 0.2000000030
4231  -16.571  -84.041  7.132 0.5000000000
3697  -15.552  -84.799  6.052 0.2000000030
4232  -17.035  -83.461  7.638 0.5000000000
4752  -19.044  -82.773  9.427 0.6999999881
4764  -21.344  -82.520  8.143 0.8000000119
110465  -21.417  -83.379  5.743 0.8999999762
4781  -21.214  -83.258  4.995 0.8999999762
126053  -21.254  -84.213  4.099 0.8000000119
3715  -20.704  -84.767  2.674 0.6999999881
4208  -18.656  -83.050  9.035 0.6000000238
118693  -20.276  -82.986  9.402 0.6999999881
1271  -7.546  -89.630  29.537 0.8999999762
1283  -7.418  -90.371  28.837 1.0000000000
2444  -7.822  -86.186  28.676 0.8999999762
950  -7.280  -91.292  28.258 0.8999999762
2910  -8.231  -85.605  28.165 0.8999999762
2911  -9.021  -85.196  28.679 0.8999999762
2940  -8.701  -85.326  26.472 0.8999999762
120865  -11.238  -88.889  27.660 0.6999999881
113844  -7.074  -91.991  27.718 0.8999999762
2941  -9.710  -84.999  26.353 0.8999999762
3488  -10.544  -84.838  26.644 0.8000000119
2004  -11.221  -87.512  27.239 0.8000000119
1996  -11.245  -88.240  27.762 0.6999999881
125082  -6.931  -92.175  27.194 0.8999999762
2943  -11.065  -85.517  26.370 0.8000000119
2629  -5.750  -86.966  9.615 0.6999999881
2646  -5.986  -86.222  8.954 0.8000000119
117065  -5.971  -85.148  8.109 0.8999999762
3571  -30.714  -85.508  19.751 0.2000000030
5795  -10.705  -80.728  9.503 1.0000000000
5796  -11.238  -80.070  10.278 1.0000000000
6355  -11.393  -79.134  9.590 0.8999999762
6861  -11.895  -78.481  10.085 1.0000000000
106697  -11.798  -78.134  9.127 1.0000000000
115876  -12.544  -78.278  10.433 1.0000000000
6323  -13.100  -79.204  11.909 0.8999999762
6852  -13.229  -78.290  10.725 1.0000000000
6308  -13.763  -79.750  12.379 0.8000000119
6324  -14.141  -78.977  11.991 0.8000000119
5782  -19.669  -80.570  10.248 0.8999999762
5241  -18.918  -80.989  11.132 0.8999999762
5281  -21.212  -81.869  7.710 0.8999999762
4748  -14.801  -82.499  9.489 0.6999999881
5270  -20.056  -81.955  10.052 0.8000000119
4749  -15.589  -82.321  9.237 0.6000000238
4761  -16.197  -82.607  8.389 0.5000000000
4222  -16.450  -83.224  7.675 0.5000000000
4762  -17.174  -82.863  8.129 0.6999999881
4224  -18.006  -82.891  8.690 0.6000000238
1611  -7.548  -88.435  29.586 0.8999999762
1982  -7.864  -87.347  29.782 0.8999999762
2430  -7.638  -86.812  29.028 0.8999999762
113625  -8.168  -86.374  29.437 0.8999999762
936  -7.449  -90.905  29.664 1.0000000000
661  -7.036  -91.756  29.692 0.8999999762
2898  -8.385  -85.746  28.982 0.8999999762
117448  -10.172  -85.332  29.883 0.8000000119
126870  -10.345  -84.653  28.640 0.8000000119
3471  -9.832  -84.652  27.191 0.8000000119
3472  -10.646  -84.573  27.451 0.8000000119
3473  -11.496  -84.716  27.717 0.8000000119
1623  -11.972  -88.428  28.484 0.6999999881
666  -6.865  -91.863  29.145 0.8999999762
675  -6.369  -91.898  27.918 0.8999999762
659  -6.634  -91.814  29.560 0.8999999762
3489  -11.155  -84.890  26.986 0.8000000119
2928  -12.089  -85.136  27.792 0.6999999881
2457  -11.649  -86.442  27.364 0.8000000119
2445  -11.535  -87.288  27.681 0.6999999881
949  -5.718  -91.404  28.593 0.8999999762
964  -5.596  -91.297  27.679 0.6999999881
948  -5.076  -90.414  28.353 0.6999999881
3104  -5.175  -85.470  9.980 0.6999999881
2170  -4.913  -87.439  10.935 0.6999999881
3570  -29.963  -84.861  19.318 0.2000000030
4096  -30.401  -83.362  20.171 0.2000000030
3119  -6.283  -86.053  8.863 0.8000000119
3134  -6.525  -85.009  8.433 0.8999999762
5269  -10.229  -81.406  9.933 1.0000000000
6354  -10.941  -80.100  8.771 1.0000000000
6868  -11.596  -77.932  8.142 0.8999999762
124182  -29.494  -85.224  18.500 0.2000000030
3105  -7.136  -85.597  9.381 0.8999999762
4732  -9.259  -82.632  10.817 1.0000000000
4204  -8.008  -83.737  9.780 1.0000000000
6309  -14.658  -79.567  12.376 0.8000000119
5251  -14.822  -81.767  11.538 0.6999999881
5237  -15.264  -81.196  12.012 0.8000000119
5752  -15.196  -80.158  12.441 0.8000000119
5236  -14.253  -81.724  12.180 0.6999999881
5797  -19.732  -80.265  9.367 0.8999999762
4734  -14.804  -82.185  10.442 0.6999999881
5769  -18.433  -80.288  11.451 0.8999999762
5257  -19.968  -81.250  10.240 0.8999999762
5253  -16.614  -81.660  11.020 0.8000000119
5254  -17.685  -81.620  11.006 0.8999999762
4737  -18.065  -82.028  9.988 0.8000000119
5256  -19.389  -81.574  10.493 0.8999999762
5271  -20.451  -81.589  9.664 0.8000000119
5280  -20.704  -81.318  9.073 0.8999999762
4735  -15.880  -82.027  10.097 0.6999999881
4736  -17.072  -81.996  10.052 0.8000000119
4750  -17.526  -82.409  8.955 0.8000000119
4738  -18.867  -82.153  10.058 0.6999999881
122092  -16.539  -82.222  9.147 0.6999999881
125901  -16.904  -82.463  8.581 0.8000000119
4751  -18.351  -82.472  9.306 0.8000000119
1260  -7.716  -90.220  30.341 1.0000000000
1971  -9.073  -87.096  30.942 0.8999999762
655  -7.009  -91.721  30.635 1.0000000000
115238  -9.480  -86.731  31.239 0.8000000119
2886  -9.838  -85.853  30.469 0.8000000119
660  -6.897  -91.861  30.009 1.0000000000
649  -6.711  -91.371  31.109 0.8999999762
123221  -10.903  -85.030  29.963 0.8000000119
111039  -5.694  -90.931  30.327 0.8999999762
3446  -10.790  -84.705  29.127 0.8000000119
922  -5.214  -90.391  29.862 0.8999999762
2446  -12.542  -86.317  28.098 0.6999999881
1983  -12.995  -87.705  28.977 0.6999999881
1613  -13.406  -87.971  29.728 0.6999999881
111511  -13.550  -87.007  29.549 0.6999999881
934  -4.892  -89.895  29.182 0.6999999881
1998  -13.184  -86.737  28.815 0.6999999881
3117  -5.328  -85.147  9.127 0.8000000119
6891  -10.621  -78.487  5.683 0.6999999881
6892  -11.418  -77.989  6.197 0.8000000119
6915  -10.737  -78.724  4.487 0.6000000238
4214  -5.211  -83.606  8.482 0.8000000119
4216  -6.035  -83.501  8.123 1.0000000000
6377  -10.677  -79.973  7.384 0.8000000119
109556  -10.143  -79.807  6.618 0.6999999881
6395  -12.216  -78.004  6.337 0.6999999881
4647  -30.826  -82.489  20.531 0.2000000030
6368  -10.523  -80.508  8.033 0.8999999762
6378  -11.205  -78.656  7.690 0.8000000119
7371  -11.894  -77.661  7.661 0.8000000119
117274  -12.599  -77.761  7.836 0.8000000119
5794  -10.068  -81.161  9.298 0.8999999762
5810  -10.364  -80.762  8.736 1.0000000000
6863  -13.294  -78.035  9.937 1.0000000000
106424  -12.662  -77.878  9.132 0.8999999762
6870  -13.648  -78.028  8.959 1.0000000000
6893  -12.992  -78.305  7.150 0.8000000119
5837  -18.975  -80.057  6.392 0.8999999762
3668  -7.223  -84.415  9.117 1.0000000000
4198  -8.656  -83.088  10.257 1.0000000000
5268  -9.574  -81.629  9.795 1.0000000000
6853  -14.052  -78.269  10.670 0.8999999762
6864  -14.549  -78.281  9.751 1.0000000000
6880  -13.733  -78.390  7.906 0.8999999762
6325  -15.064  -78.841  12.034 0.8999999762
5252  -15.547  -81.714  11.131 0.6999999881
110265  -18.992  -79.686  9.389 0.8999999762
6384  -19.244  -79.982  7.649 0.8999999762
5238  -16.194  -81.141  11.744 0.8000000119
5239  -17.258  -81.065  11.664 0.8999999762
6343  -18.466  -79.670  10.957 0.8999999762
6359  -19.158  -79.891  10.255 0.8999999762
5812  -20.379  -80.774  8.953 0.8999999762
1261  -8.108  -89.439  30.903 0.8999999762
1249  -7.742  -90.629  31.126 0.8999999762
124369  -8.089  -90.037  31.577 0.8999999762
1960  -8.931  -87.864  31.435 0.8999999762
127231  -9.282  -87.160  31.503 0.8000000119
650  -6.987  -91.473  31.395 1.0000000000
1956  -9.081  -87.506  32.851 0.8000000119
2887  -10.519  -85.496  30.630 0.8000000119
907  -6.278  -90.815  32.373 1.0000000000
1248  -5.565  -90.290  31.914 1.0000000000
2412  -10.008  -86.163  31.217 0.8000000119
923  -5.508  -90.442  30.972 0.8999999762
2888  -11.378  -84.873  30.495 0.8000000119
1259  -5.039  -89.828  30.478 0.8000000119
5792  -7.397  -80.535  9.982 0.8999999762
120905  -8.000  -80.002  10.077 0.8999999762
5263  -5.113  -81.893  9.298 1.0000000000
5265  -5.566  -81.199  9.336 0.8999999762
5278  -5.487  -82.021  8.902 1.0000000000
5139  -32.368  -81.740  21.092 0.2000000030
6408  -9.843  -79.292  4.597 0.6999999881
6904  -10.448  -78.569  4.969 0.6000000238
6916  -11.403  -78.707  4.697 0.6000000238
4758  -6.078  -82.654  8.571 1.0000000000
126144  -8.597  -81.390  9.643 0.8999999762
6353  -8.605  -79.905  9.428 0.8999999762
5836  -9.415  -80.147  6.731 0.8999999762
4646  -29.833  -82.245  20.304 0.2000000030
4217  -6.688  -83.225  8.613 1.0000000000
4759  -6.975  -82.463  9.182 1.0000000000
6409  -12.414  -79.067  5.398 0.6999999881
5267  -8.715  -81.963  9.664 1.0000000000
5809  -9.995  -80.750  8.347 0.8999999762
4203  -7.253  -83.538  9.104 1.0000000000
119395  -15.024  -78.407  10.747 0.8999999762
6871  -14.616  -78.565  8.602 1.0000000000
113239  -18.906  -80.328  4.785 0.8000000119
6840  -16.306  -78.836  11.481 0.8999999762
6854  -15.789  -78.561  10.903 0.8999999762
6401  -18.118  -79.933  6.417 0.8999999762
5766  -15.783  -80.542  12.246 0.8000000119
6383  -18.503  -79.712  7.984 0.8999999762
5767  -16.745  -80.393  12.117 0.8999999762
125532  -18.091  -79.388  10.593 0.8999999762
1227  -6.926  -90.612  35.989 0.8000000119
1232  -6.984  -90.559  35.352 0.8999999762
1570  -7.467  -90.008  34.843 0.8000000119
1564  -6.960  -90.157  36.297 0.8999999762
1237  -7.307  -90.371  34.170 0.8999999762
1576  -7.996  -89.435  33.708 0.8000000119
1565  -7.583  -89.516  35.369 0.8000000119
910  -7.379  -90.743  32.578 0.8999999762
1250  -8.011  -90.095  32.294 0.8999999762
1949  -8.612  -87.986  33.795 0.8000000119
2401  -9.036  -87.051  33.662 0.8000000119
651  -7.020  -91.238  31.937 1.0000000000
2402  -9.459  -86.609  33.071 0.8000000119
2408  -10.095  -86.166  31.868 0.8000000119
1586  -4.707  -88.744  31.509 0.8000000119
107675  -8.813  -79.417  8.615 0.8999999762
4636  -32.914  -82.847  21.412 0.2000000030
4202  -5.023  -83.615  9.071 0.8000000119
6427  -10.628  -80.600  3.712 0.6000000238
115705  -9.150  -80.339  4.073 0.5000000000
6426  -9.689  -80.931  3.564 0.6000000238
5861  -11.556  -81.520  3.820 0.6000000238
5327  -11.533  -81.850  2.643 0.5000000000
5151  -31.194  -81.652  20.781 0.2000000030
128305  -9.142  -79.711  5.110 0.6999999881
6418  -7.634  -81.424  4.122 0.6000000238
5793  -9.459  -80.871  9.126 0.8999999762
5862  -12.097  -80.467  4.702 0.6999999881
120780  -12.313  -81.557  4.246 0.6000000238
111502  -9.288  -81.310  9.465 0.8999999762
5822  -9.606  -80.365  7.590 0.6999999881
127957  -8.141  -79.991  5.698 0.6999999881
6894  -13.847  -79.103  7.005 0.8000000119
6396  -13.210  -79.202  6.339 0.8000000119
6881  -14.670  -79.047  7.753 0.8999999762
121429  -16.943  -78.981  11.123 0.8999999762
6855  -16.412  -78.745  10.560 0.8999999762
6865  -15.592  -78.522  10.144 0.8999999762
107336  -17.876  -80.215  4.737 0.6999999881
6357  -17.657  -79.193  10.039 0.8999999762
6342  -17.644  -79.278  11.026 0.8999999762
6372  -18.163  -79.437  9.048 0.8999999762
1563  -5.910  -89.603  36.568 1.0000000000
1556  -6.183  -89.512  37.320 0.8999999762
1231  -6.553  -90.458  35.533 0.8999999762
2384  -7.880  -87.639  36.125 0.8000000119
904  -7.160  -90.679  33.390 0.8999999762
117284  -8.677  -87.377  34.313 0.8000000119
124567  -9.286  -86.325  33.740 0.8000000119
902  -6.346  -90.437  33.889 1.0000000000
1241  -5.780  -90.187  32.959 1.0000000000
1581  -5.361  -89.290  33.011 1.0000000000
1580  -4.803  -88.556  32.368 1.0000000000
1247  -5.042  -89.597  31.266 0.8000000119
1953  -4.621  -87.777  32.594 0.8999999762
1959  -4.481  -87.800  31.823 0.8000000119
6860  -8.497  -78.728  9.390 0.8000000119
108823  -8.562  -78.237  8.594 0.6999999881
6875  -8.179  -78.236  7.072 0.6999999881
6888  -6.402  -78.368  5.883 0.6000000238
5790  -5.436  -80.883  9.705 0.8999999762
6876  -8.640  -78.896  7.771 0.8000000119
5140  -33.627  -82.296  21.530 0.2000000030
6889  -7.504  -78.934  6.213 0.6000000238
5350  -9.823  -82.314  2.008 0.5000000000
5326  -10.820  -82.180  2.672 0.5000000000
5351  -10.519  -81.847  1.717 0.5000000000
5661  -33.217  -81.156  21.306 0.2000000030
6367  -9.382  -80.352  8.628 0.8999999762
6890  -8.522  -79.523  6.744 0.8000000119
6425  -8.488  -81.732  3.538 0.5000000000
5875  -9.176  -82.300  2.952 0.5000000000
6392  -8.857  -79.935  6.592 0.6999999881
6391  -7.791  -79.939  5.698 0.6000000238
5859  -7.056  -81.716  3.770 0.5000000000
5860  -7.844  -81.973  3.311 0.5000000000
5888  -11.631  -81.444  1.949 0.5000000000
5673  -32.350  -80.595  20.934 0.2000000030
6376  -9.050  -80.020  7.673 0.8999999762
6406  -7.618  -80.440  4.917 0.6000000238
5889  -12.218  -81.271  2.603 0.5000000000
5846  -12.873  -80.846  5.186 0.6000000238
107272  -12.984  -81.767  4.278 0.5000000000
6379  -14.611  -79.515  6.987 0.8999999762
6410  -13.357  -80.374  5.679 0.6999999881
5847  -13.374  -81.495  5.059 0.6999999881
6356  -16.812  -78.940  9.803 0.8999999762
6369  -15.546  -79.115  8.185 0.8999999762
6380  -15.240  -79.450  7.388 0.8999999762
5848  -14.067  -81.001  5.446 0.6000000238
5890  -12.976  -81.185  3.510 0.5000000000
5867  -17.314  -80.892  3.957 0.6000000238
6381  -16.580  -79.342  8.128 0.8999999762
6398  -15.374  -79.805  6.712 0.8999999762
109211  -14.842  -80.047  6.319 0.8000000119
5849  -14.853  -81.240  5.171 0.6000000238
6371  -17.178  -79.181  9.000 0.8999999762
108988  -17.827  -79.808  7.185 0.8999999762
6400  -17.405  -79.840  6.531 0.6999999881
6413  -17.386  -79.975  5.651 0.6000000238
1925  -5.566  -88.922  36.915 0.8999999762
1926  -6.593  -88.958  37.465 0.6999999881
2353  -6.659  -87.871  37.938 0.6999999881
2385  -8.366  -86.674  35.702 0.6999999881
896  -6.229  -90.399  34.694 1.0000000000
1236  -5.793  -90.032  33.931 1.0000000000
1948  -5.716  -88.964  34.318 1.0000000000
1947  -5.404  -88.199  33.420 1.0000000000
1946  -4.593  -87.304  33.059 1.0000000000
106764  -4.474  -87.302  30.921 0.8000000119
5791  -5.974  -80.490  9.773 0.8999999762
7389  -8.388  -77.744  7.947 0.6000000238
7407  -7.156  -77.775  6.618 0.6000000238
6902  -6.216  -78.665  5.314 0.6000000238
6903  -6.919  -79.429  5.429 0.6000000238
5662  -35.726  -81.318  21.855 0.2000000030
5886  -8.388  -81.804  2.428 0.5000000000
6443  -10.353  -80.431  1.294 0.5000000000
5674  -33.895  -80.543  21.188 0.2000000030
6914  -6.171  -78.848  4.778 0.6000000238
6417  -6.855  -81.015  4.283 0.6000000238
5873  -7.008  -81.511  3.385 0.5000000000
5885  -7.541  -81.538  2.824 0.5000000000
6432  -8.121  -80.474  2.289 0.5000000000
6444  -11.127  -80.413  1.310 0.5000000000
6423  -6.548  -79.934  3.807 0.5000000000
109298  -11.559  -79.300  1.339 0.4000000060
6433  -12.773  -79.875  2.524 0.4000000060
5864  -14.042  -81.773  4.569 0.6000000238
6428  -13.704  -80.762  3.399 0.6000000238
6399  -16.884  -79.710  7.134 0.8999999762
107382  -15.958  -79.599  7.334 0.8999999762
6412  -16.375  -80.231  5.626 0.6999999881
6411  -15.443  -80.353  5.839 0.6999999881
123766  -14.390  -81.973  3.984 0.6000000238
5893  -17.355  -81.445  2.687 0.6000000238
5880  -16.725  -81.643  3.280 0.6000000238
5352  -16.160  -81.877  1.855 0.5000000000
5866  -16.248  -81.700  3.848 0.6000000238
5892  -15.880  -81.572  2.469 0.5000000000
5902  -15.918  -81.075  1.476 0.6000000238
123819  -17.302  -79.587  0.119 0.6000000238
6459  -17.635  -79.061  -0.333 0.6000000238
6467  -18.092  -79.379  -1.124 0.5000000000
6995  -18.449  -78.512  -1.475 0.6000000238
6996  -18.980  -78.395  -1.873 0.5000000000
2815  -4.808  -86.047  37.771 0.6999999881
110245  -4.720  -87.096  37.649 0.6999999881
2368  -6.005  -87.794  35.824 1.0000000000
1568  -5.837  -89.888  35.523 1.0000000000
121422  -5.733  -89.713  34.690 1.0000000000
2393  -6.507  -87.004  34.029 1.0000000000
2400  -6.198  -87.565  33.817 1.0000000000
2399  -5.159  -87.108  33.340 1.0000000000
2865  -6.169  -85.571  33.537 1.0000000000
2398  -4.268  -86.504  33.390 1.0000000000
2410  -4.000  -86.325  32.409 0.8999999762
2863  -3.779  -85.895  33.824 0.8999999762
2420  -4.574  -86.504  30.835 0.6999999881
6340  -7.314  -78.881  10.606 0.8000000119
7406  -5.966  -77.405  6.244 0.6000000238
7361  -8.389  -77.631  9.475 0.8000000119
5777  -5.471  -80.542  10.211 0.8000000119
7445  -6.073  -77.755  4.381 0.6000000238
7459  -6.602  -77.761  3.614 0.6000000238
5763  -5.490  -80.335  11.143 0.8999999762
6339  -6.390  -79.572  10.761 0.8000000119
6442  -9.542  -80.502  1.460 0.5000000000
6321  -6.273  -79.335  11.545 0.8000000119
6431  -7.301  -80.436  2.758 0.5000000000
7474  -8.538  -78.189  1.956 0.5000000000
126010  -9.042  -78.609  1.711 0.5000000000
6962  -9.623  -78.508  1.522 0.5000000000
5675  -35.857  -80.567  21.331 0.2000000030
6306  -6.188  -79.090  12.372 0.8000000119
6941  -7.214  -78.997  2.762 0.5000000000
7475  -8.658  -77.263  2.110 0.4000000060
6964  -11.280  -78.391  1.199 0.4000000060
6965  -12.280  -78.992  1.541 0.3000000119
6978  -12.085  -78.134  1.006 0.3000000119
6434  -13.566  -79.521  3.029 0.5000000000
110015  -16.825  -79.847  6.242 0.6999999881
5851  -16.641  -80.837  4.684 0.6999999881
5850  -15.716  -81.126  4.991 0.6999999881
5865  -15.013  -81.780  4.262 0.6000000238
5878  -14.845  -81.829  3.524 0.5000000000
6944  -14.153  -78.540  2.634 0.5000000000
6943  -13.211  -78.486  2.123 0.3000000119
6966  -12.632  -78.096  0.959 0.3000000119
122265  -15.826  -81.659  4.278 0.6999999881
124411  -15.497  -81.888  3.691 0.6000000238
6945  -15.099  -78.880  2.687 0.5000000000
5879  -15.896  -81.873  3.189 0.6000000238
6446  -16.576  -79.502  1.612 0.6000000238
3919  -5.517  -84.157  38.167 0.6000000238
3346  -4.773  -84.954  38.920 0.6000000238
4462  -6.060  -82.864  38.725 0.5000000000
3375  -5.703  -85.017  36.960 0.8999999762
2827  -6.251  -86.447  35.724 1.0000000000
2838  -6.531  -86.636  34.714 1.0000000000
2852  -6.498  -85.752  33.822 1.0000000000
110260  -6.235  -86.602  33.578 1.0000000000
2872  -3.580  -85.654  33.078 0.8999999762
3402  -4.359  -85.641  34.145 1.0000000000
2877  -4.035  -85.660  31.899 0.6999999881
107801  -4.286  -86.256  31.574 0.8000000119
7369  -7.950  -76.928  8.318 0.6999999881
7919  -6.909  -76.528  7.862 0.6000000238
7958  -5.637  -76.586  5.025 0.6000000238
7945  -5.965  -76.001  4.740 0.6999999881
7932  -5.751  -76.438  6.516 0.6000000238
7971  -6.502  -76.848  4.023 0.5000000000
6208  -36.577  -80.413  21.858 0.2000000030
6835  -7.593  -77.789  11.745 0.8000000119
7356  -8.262  -76.854  10.000 0.8000000119
7899  -6.137  -75.907  8.175 0.6000000238
7972  -7.055  -76.936  3.302 0.5000000000
6963  -10.429  -78.413  1.349 0.4000000060
7879  -8.019  -76.481  10.952 0.8000000119
7973  -7.701  -76.780  3.159 0.5000000000
7997  -9.471  -76.945  1.950 0.4000000060
8551  -10.698  -76.010  2.149 0.4000000060
7489  -9.983  -77.520  1.622 0.4000000060
106247  -36.656  -80.090  21.326 0.1000000015
5747  -5.407  -80.368  12.105 0.8000000119
6834  -6.847  -78.518  12.089 0.8000000119
7473  -7.820  -77.754  2.355 0.5000000000
7985  -8.193  -76.897  2.520 0.4000000060
7987  -9.963  -76.449  2.313 0.5000000000
7490  -10.981  -77.363  1.346 0.4000000060
6299  -5.381  -79.656  13.462 0.8000000119
7344  -6.076  -77.964  13.594 0.8000000119
7975  -9.720  -76.366  2.876 0.5000000000
7509  -11.713  -77.628  0.995 0.3000000119
8571  -13.390  -76.188  0.545 0.2000000030
6967  -14.719  -77.825  1.956 0.3000000119
7492  -13.995  -77.456  0.580 0.3000000119
6437  -15.890  -80.371  2.354 0.5000000000
6946  -16.041  -79.004  2.335 0.5000000000
7493  -15.062  -77.421  0.707 0.5000000000
5910  -16.446  -80.508  -0.290 0.6000000238
6453  -17.267  -78.919  0.673 0.6000000238
110873  -17.872  -78.409  -0.950 0.6000000238
118728  -19.129  -77.309  -1.747 0.5000000000
6997  -19.584  -78.104  -1.712 0.5000000000
6998  -20.633  -77.535  -1.301 0.3000000119
7537  -19.971  -77.085  -1.687 0.3000000119
3362  -5.804  -84.355  37.466 0.8000000119
4476  -6.793  -82.723  37.097 0.8999999762
114281  -6.371  -85.282  35.883 1.0000000000
116282  -6.358  -83.979  36.735 0.8999999762
3934  -6.838  -83.581  35.986 1.0000000000
3945  -7.210  -83.572  35.019 1.0000000000
3381  -6.874  -84.532  35.005 1.0000000000
114530  -6.778  -84.800  34.262 1.0000000000
4514  -7.090  -83.191  34.422 1.0000000000
4513  -6.593  -82.814  34.020 1.0000000000
3390  -6.501  -84.582  33.721 1.0000000000
3403  -5.708  -84.838  33.626 1.0000000000
3401  -3.100  -84.872  34.176 0.8999999762
3951  -4.668  -84.371  34.673 1.0000000000
3426  -3.963  -84.659  32.139 0.6000000238
3415  -3.226  -84.901  33.380 0.6999999881
8516  -6.020  -75.507  5.205 0.6999999881
8502  -6.249  -75.067  5.831 0.6999999881
8503  -7.550  -75.554  6.155 0.5000000000
7931  -5.622  -75.870  5.965 0.6000000238
8519  -9.433  -76.218  5.776 0.5000000000
8505  -10.066  -75.594  6.456 0.4000000060
7960  -6.939  -76.529  3.977 0.6000000238
6757  -36.080  -79.478  21.521 0.1000000015
7889  -7.844  -76.128  9.869 0.8000000119
7900  -7.355  -76.061  8.823 0.6000000238
7947  -8.549  -76.553  4.965 0.5000000000
8532  -9.841  -76.283  4.649 0.5000000000
123532  -10.707  -75.745  4.572 0.5000000000
124927  -11.300  -76.280  1.522 0.3000000119
7999  -12.093  -76.323  1.142 0.2000000030
6304  -5.335  -80.202  12.952 0.8999999762
7349  -7.780  -76.952  11.969 0.8000000119
128171  -7.368  -75.768  11.281 0.6999999881
107621  -10.914  -75.718  2.576 0.4000000060
112612  -11.917  -75.497  2.463 0.2000000030
7861  -7.069  -76.456  12.612 0.8000000119
110593  -10.252  -76.084  3.246 0.4000000060
8546  -12.080  -75.464  3.203 0.1000000015
8555  -13.809  -75.684  1.340 0.2000000030
8001  -15.419  -75.706  1.160 0.2000000030
8018  -14.504  -76.396  -0.140 0.2000000030
8564  -15.090  -75.521  0.446 0.2000000030
124952  -16.364  -79.186  2.054 0.6000000238
6969  -16.524  -78.590  1.460 0.6000000238
7494  -16.078  -77.633  0.739 0.5000000000
7514  -15.898  -77.241  -0.358 0.3000000119
7512  -14.361  -77.021  -0.081 0.3000000119
8574  -15.613  -75.437  -0.027 0.2000000030
8019  -16.653  -75.487  0.414 0.2000000030
6979  -16.834  -77.933  0.185 0.4000000060
7525  -16.269  -77.095  -0.767 0.3000000119
8035  -16.454  -75.872  -0.894 0.2000000030
8586  -16.262  -75.467  -0.405 0.2000000030
8003  -18.487  -76.169  0.492 0.2000000030
7496  -18.154  -76.991  1.373 0.2000000030
119445  -17.402  -78.412  -0.233 0.6000000238
7536  -17.440  -76.834  -1.377 0.3000000119
8044  -17.124  -75.922  -1.230 0.3000000119
8020  -17.596  -75.275  -0.132 0.2000000030
8021  -19.309  -75.496  -0.069 0.2000000030
6986  -17.221  -77.562  -0.964 0.5000000000
8595  -18.216  -75.389  -1.170 0.3000000119
8587  -18.085  -74.953  -0.930 0.3000000119
116911  -18.631  -75.193  -0.564 0.3000000119
125322  -18.596  -77.831  -1.676 0.5000000000
8048  -20.763  -75.122  -1.352 0.2000000030
8599  -21.736  -75.007  -1.061 0.1000000015
8049  -21.461  -75.309  -1.309 0.2000000030
111607  -6.813  -81.320  39.549 0.4000000060
6037  -8.888  -79.708  40.456 0.5000000000
4975  -6.363  -82.302  38.879 0.5000000000
5503  -7.611  -80.933  38.819 0.8000000119
5491  -8.193  -80.264  40.049 0.5000000000
111007  -9.048  -79.859  39.458 0.6000000238
4991  -6.790  -82.163  37.908 0.8000000119
5498  -8.350  -80.403  39.085 0.6000000238
6044  -9.839  -79.421  38.819 0.6999999881
112071  -9.834  -79.286  39.909 0.6000000238
4492  -6.810  -83.189  36.476 1.0000000000
4477  -7.324  -81.994  36.809 1.0000000000
4493  -7.378  -82.389  35.935 1.0000000000
5014  -7.513  -81.861  35.146 1.0000000000
5022  -7.213  -81.502  34.661 1.0000000000
112580  -5.833  -82.810  34.205 1.0000000000
5021  -6.410  -82.024  34.408 1.0000000000
3950  -3.711  -84.177  35.290 0.8999999762
4512  -4.493  -83.546  35.400 1.0000000000
118308  -3.573  -84.064  32.854 0.6999999881
127743  -3.087  -84.416  33.691 0.6999999881
9101  -6.078  -74.429  6.336 0.6999999881
9102  -6.862  -74.402  6.614 0.6000000238
9083  -8.878  -74.163  7.502 0.5000000000
8500  -5.690  -75.131  6.161 0.6999999881
8504  -8.907  -75.728  6.563 0.5000000000
9084  -9.916  -74.136  7.404 0.5000000000
9085  -11.187  -73.417  7.326 0.3000000119
7917  -5.589  -75.600  6.939 0.6000000238
113073  -11.616  -74.384  6.774 0.3000000119
9106  -12.535  -74.090  6.823 0.2000000030
8481  -6.350  -75.507  8.842 0.6999999881
8506  -11.095  -75.249  6.183 0.3000000119
9117  -11.924  -74.949  5.954 0.3000000119
8462  -6.341  -74.930  10.327 0.6000000238
117893  -11.505  -75.308  4.900 0.4000000060
8553  -12.176  -75.643  1.805 0.2000000030
6815  -5.235  -79.391  14.155 0.8000000119
116817  -11.515  -75.465  3.759 0.4000000060
7976  -12.783  -75.749  3.395 0.1000000015
8554  -12.951  -75.755  1.602 0.2000000030
6816  -5.275  -78.956  13.981 0.8000000119
7343  -5.813  -77.090  14.149 0.8000000119
7867  -6.805  -75.633  11.914 0.6999999881
7964  -14.330  -76.509  4.153 0.1000000015
7988  -13.351  -75.919  2.490 0.2000000030
8536  -13.638  -76.043  4.679 0.1000000015
7965  -15.176  -76.783  4.726 0.1000000015
8022  -20.210  -75.485  -0.017 0.2000000030
115745  -18.253  -77.054  -1.568 0.4000000060
8577  -19.821  -74.813  -0.783 0.2000000030
8046  -18.713  -76.171  -1.418 0.4000000060
8588  -19.883  -74.730  -0.872 0.3000000119
8578  -20.825  -74.641  -0.791 0.1000000015
8597  -20.309  -74.694  -1.106 0.1000000015
8590  -21.526  -74.804  -0.938 0.1000000015
120118  -22.410  -75.487  -0.940 0.1000000015
111420  -7.657  -81.110  37.996 0.8000000119
5504  -8.426  -80.463  38.034 0.6999999881
5513  -8.104  -80.757  37.380 0.8000000119
6047  -9.131  -79.763  37.591 1.0000000000
5005  -7.775  -81.387  36.017 1.0000000000
5523  -8.026  -80.492  35.861 1.0000000000
109969  -7.632  -81.077  35.220 1.0000000000
5536  -7.117  -80.797  34.797 1.0000000000
5528  -6.539  -80.569  35.024 1.0000000000
5020  -5.046  -82.682  35.518 1.0000000000
4521  -3.200  -83.218  34.092 0.6000000238
3949  -3.078  -83.785  35.188 0.8999999762
3943  -3.550  -83.430  35.808 0.8999999762
9611  -9.364  -73.337  7.503 0.5000000000
9612  -10.292  -73.345  7.439 0.4000000060
9613  -11.626  -72.574  7.260 0.3000000119
9629  -6.421  -73.705  7.066 0.6000000238
9630  -12.098  -73.515  7.131 0.3000000119
9615  -13.567  -73.140  7.600 0.1000000015
9086  -13.794  -73.964  7.434 0.1000000015
9081  -5.568  -74.732  6.930 0.6999999881
9628  -6.036  -73.719  7.002 0.6999999881
112621  -14.610  -74.279  7.584 0.1000000015
8489  -14.739  -75.185  7.374 0.1000000015
8521  -12.499  -75.036  5.320 0.2000000030
9107  -13.212  -74.423  6.771 0.2000000030
8508  -14.265  -75.488  6.769 0.1000000015
5741  -6.688  -80.817  13.653 0.8000000119
5731  -5.720  -80.313  14.207 0.8999999762
9059  -5.540  -74.187  9.315 0.6999999881
106815  -5.360  -73.275  9.148 0.6999999881
8522  -13.104  -74.875  5.817 0.2000000030
123975  -15.256  -76.369  6.543 0.1000000015
6290  -5.267  -79.586  14.504 0.8000000119
6806  -4.917  -79.020  14.780 0.8000000119
8445  -6.529  -75.189  11.159 0.6000000238
9050  -5.575  -74.225  10.160 0.6999999881
106245  -13.052  -75.365  4.949 0.3000000119
8523  -13.761  -75.582  5.739 0.1000000015
127729  -6.374  -76.206  13.214 0.6999999881
8444  -5.725  -74.733  11.928 0.6999999881
7948  -14.430  -76.295  5.265 0.1000000015
7461  -16.295  -77.258  4.036 0.1000000015
7978  -15.041  -76.796  3.567 0.1000000015
7340  -4.954  -77.218  14.794 0.8000000119
7446  -15.992  -77.106  4.804 0.1000000015
5529  -7.327  -80.152  35.339 1.0000000000
112535  -6.453  -79.488  35.990 1.0000000000
6620  -7.529  -78.773  36.472 1.0000000000
6076  -6.033  -80.157  35.661 1.0000000000
5013  -4.540  -82.157  36.232 1.0000000000
5527  -5.451  -81.056  35.634 1.0000000000
5025  -3.279  -82.093  34.241 0.5000000000
4520  -2.891  -82.990  35.054 0.6000000238
4511  -3.104  -83.154  35.643 0.8000000119
10151  -9.724  -72.524  7.251 0.5000000000
9610  -8.341  -73.294  7.495 0.6000000238
10152  -10.644  -72.592  7.241 0.4000000060
10154  -13.250  -72.343  7.486 0.3000000119
10155  -14.143  -72.462  7.622 0.1000000015
125247  -14.432  -73.336  7.729 0.1000000015
116732  -16.002  -73.934  7.800 0.1000000015
8491  -16.861  -75.451  8.063 0.1000000015
4685  -8.104  -81.798  14.624 0.8000000119
9607  -5.883  -72.848  7.706 0.6000000238
9608  -6.362  -72.652  7.549 0.6000000238
8509  -15.070  -75.959  7.095 0.1000000015
8490  -16.040  -75.440  7.751 0.1000000015
7902  -17.183  -76.218  8.133 0.1000000015
6292  -6.243  -79.828  14.651 0.8999999762
9601  -5.326  -72.261  8.931 0.6000000238
10147  -5.990  -71.857  7.965 0.6000000238
7935  -16.403  -76.893  6.727 0.1000000015
117180  -16.550  -76.480  7.518 0.1000000015
7390  -17.403  -76.828  7.691 0.1000000015
7409  -16.985  -77.021  7.154 0.1000000015
6281  -5.386  -79.411  15.237 0.8000000119
9575  -5.282  -72.916  10.697 0.6999999881
10095  -5.734  -72.622  11.146 0.6000000238
7429  -15.709  -76.865  5.455 0.1000000015
106859  -17.088  -77.287  6.394 0.1000000015
9030  -5.297  -73.741  12.355 0.6999999881
9558  -5.354  -73.252  11.573 0.6999999881
107255  -17.998  -77.561  6.033 0.1000000015
123036  -17.370  -77.484  4.653 0.1000000015
7857  -5.190  -76.036  14.212 0.6999999881
8428  -5.349  -74.713  12.809 0.6999999881
9528  -5.168  -73.876  13.008 0.6999999881
119360  -18.751  -77.804  5.283 0.1000000015
5012  -3.779  -82.135  36.607 1.0000000000
5004  -4.208  -81.470  36.749 1.0000000000
5540  -3.715  -80.869  33.597 0.4000000060
5011  -3.227  -81.747  36.306 0.6999999881
121317  -11.656  -71.758  6.929 0.4000000060
10169  -15.831  -72.101  7.070 0.1000000015
10170  -16.596  -72.436  6.574 0.1000000015
9618  -17.694  -73.877  7.163 0.1000000015
9090  -18.360  -74.379  7.689 0.1000000015
9072  -19.568  -74.908  8.786 0.1000000015
10167  -10.032  -71.760  6.666 0.4000000060
10756  -12.986  -71.687  7.204 0.3000000119
10157  -16.119  -73.024  7.486 0.1000000015
9617  -16.722  -73.916  7.476 0.1000000015
9089  -17.243  -74.605  7.771 0.1000000015
9071  -18.601  -74.956  8.523 0.1000000015
8484  -19.749  -75.649  9.285 0.1000000015
124332  -7.051  -72.191  7.502 0.6000000238
10166  -9.152  -71.590  6.808 0.5000000000
5192  -7.987  -81.718  15.415 0.8000000119
5708  -8.638  -80.174  15.866 0.8000000119
10754  -7.058  -70.871  7.698 0.5000000000
8482  -18.014  -75.865  8.563 0.1000000015
8483  -18.925  -75.708  8.983 0.1000000015
7890  -20.217  -76.396  9.509 0.1000000015
8473  -20.831  -75.860  9.932 0.1000000015
5721  -8.585  -80.525  15.221 0.8000000119
108013  -18.692  -76.566  8.640 0.1000000015
7905  -19.920  -77.032  9.089 0.1000000015
117216  -21.462  -76.181  10.279 0.1000000015
6293  -7.790  -79.738  14.594 0.8000000119
7373  -19.370  -77.167  8.528 0.1000000015
10733  -5.681  -71.552  8.778 0.5000000000
10127  -5.420  -71.939  9.226 0.6000000238
7432  -18.863  -77.713  6.083 0.1000000015
115377  -19.785  -77.785  7.142 0.1000000015
6794  -4.775  -78.569  15.589 0.8000000119
7339  -4.592  -77.419  15.403 0.8000000119
7856  -4.659  -76.192  14.962 0.8000000119
7413  -20.111  -77.990  6.467 0.1000000015
9540  -5.733  -73.227  12.421 0.6000000238
6896  -21.384  -78.243  6.020 0.1000000015
6907  -19.686  -78.007  5.605 0.1000000015
6908  -20.434  -78.296  5.151 0.1000000015
8403  -4.724  -75.283  14.439 0.8000000119
118913  -22.433  -77.939  7.125 0.1000000015
7415  -22.216  -78.154  6.257 0.1000000015
8731  -9.073  -74.777  39.546 0.4000000060
126375  -8.310  -74.897  38.682 0.6999999881
8185  -9.631  -75.379  39.303 0.6000000238
8198  -9.425  -75.743  38.824 0.6999999881
8197  -8.480  -75.650  38.688 0.8000000119
6619  -6.748  -79.009  36.374 1.0000000000
114351  -4.721  -80.704  36.765 1.0000000000
5003  -3.603  -81.307  36.827 1.0000000000
5539  -3.100  -81.496  34.760 0.5000000000
115664  -2.962  -81.477  35.530 0.6000000238
10778  -16.087  -71.650  6.063 0.1000000015
9632  -17.104  -73.173  6.914 0.1000000015
9633  -18.581  -73.911  6.765 0.1000000015
9091  -19.451  -74.355  7.896 0.1000000015
10767  -11.260  -71.065  6.140 0.4000000060
10768  -12.300  -71.291  6.624 0.4000000060
109674  -15.270  -71.038  5.409 0.1000000015
9060  -20.967  -74.833  9.471 0.1000000015
11541  -10.695  -70.504  5.868 0.4000000060
11556  -12.195  -70.255  5.229 0.4000000060
123654  -8.515  -78.900  15.854 0.8000000119
10755  -7.970  -70.778  7.404 0.5000000000
6797  -7.687  -78.495  15.673 0.8999999762
11514  -6.845  -70.755  8.041 0.5000000000
109996  -20.981  -76.673  9.865 0.1000000015
6796  -5.812  -78.829  15.827 0.8999999762
6784  -5.135  -78.497  16.548 0.8000000119
10735  -7.139  -70.964  8.572 0.5000000000
7393  -19.932  -77.696  7.867 0.1000000015
7363  -21.536  -77.420  9.588 0.1000000015
6795  -4.977  -78.969  15.860 0.8000000119
7331  -4.619  -77.640  17.246 0.8000000119
10129  -6.530  -71.595  9.245 0.5000000000
7394  -20.795  -77.962  7.940 0.1000000015
7375  -21.171  -77.891  8.813 0.1000000015
7376  -22.086  -77.956  8.908 0.1000000015
7337  -4.534  -77.657  16.247 0.8000000119
7854  -4.409  -76.297  15.829 0.8000000119
9576  -7.001  -72.869  10.436 0.5000000000
7414  -21.405  -78.101  6.992 0.1000000015
7395  -21.750  -78.042  7.993 0.1000000015
8402  -4.465  -75.244  15.021 0.8000000119
9531  -5.964  -73.461  13.104 0.6999999881
118129  -22.706  -77.797  8.032 0.1000000015
8996  -4.929  -74.205  14.114 0.8000000119
7396  -23.457  -77.656  7.156 0.1000000015
7416  -23.062  -77.935  6.358 0.1000000015
7907  -26.742  -76.730  8.920 0.1000000015
7417  -24.444  -77.562  6.740 0.1000000015
7896  -27.912  -76.187  9.468 0.1000000015
8730  -8.348  -74.162  40.121 0.4000000060
123454  -8.274  -74.470  41.145 0.4000000060
8748  -8.455  -74.375  39.158 0.6000000238
8747  -7.916  -74.387  38.819 0.6999999881
8183  -7.539  -75.059  38.744 0.8000000119
7689  -7.946  -76.581  38.658 0.8999999762
8182  -6.228  -75.310  39.764 0.8000000119
7677  -7.209  -76.393  39.058 0.8999999762
121128  -6.826  -77.671  38.716 1.0000000000
7131  -6.748  -77.199  39.246 1.0000000000
7152  -6.640  -78.246  38.095 1.0000000000
109197  -6.575  -78.680  37.198 1.0000000000
6055  -5.414  -79.409  37.380 1.0000000000
5522  -3.893  -80.826  37.155 1.0000000000
5520  -3.220  -80.854  36.535 0.8000000119
6067  -3.548  -80.226  37.304 1.0000000000
5526  -2.998  -80.978  35.883 0.6999999881
10181  -16.846  -72.105  5.330 0.1000000015
10171  -17.328  -72.703  6.115 0.1000000015
9644  -18.109  -73.357  6.180 0.1000000015
11558  -13.797  -70.414  4.610 0.2000000030
116016  -14.395  -70.686  5.350 0.2000000030
108861  -16.070  -71.494  4.988 0.1000000015
10777  -14.664  -70.578  4.323 0.2000000030
10786  -15.587  -70.933  4.067 0.2000000030
10787  -16.583  -71.506  4.036 0.1000000015
6787  -8.538  -78.770  16.608 0.8000000119
11539  -9.313  -70.178  6.594 0.5000000000
11554  -10.665  -69.953  5.734 0.4000000060
11565  -11.873  -69.790  5.018 0.3000000119
9056  -21.934  -74.712  10.399 0.1000000015
6786  -8.112  -78.231  16.368 0.8999999762
11526  -7.751  -70.475  7.749 0.5000000000
7880  -22.248  -76.520  10.498 0.1000000015
11502  -7.932  -70.533  8.303 0.5000000000
11517  -9.308  -69.914  8.141 0.4000000060
7357  -22.760  -77.092  10.277 0.1000000015
7881  -23.225  -76.480  10.886 0.1000000015
7333  -5.489  -77.967  17.258 0.8999999762
10112  -7.263  -72.337  9.722 0.5000000000
10736  -8.039  -70.965  8.718 0.5000000000
117161  -23.990  -77.060  9.606 0.1000000015
7852  -4.394  -76.872  16.728 0.8000000119
9577  -8.046  -73.146  9.981 0.5000000000
118759  -22.966  -77.643  8.907 0.1000000015
9541  -6.352  -73.370  12.496 0.5000000000
9560  -6.892  -73.426  11.656 0.5000000000
7366  -24.730  -76.923  9.082 0.1000000015
8997  -5.051  -74.273  14.549 0.8000000119
9014  -7.305  -74.103  12.428 0.5000000000
7906  -25.775  -76.808  8.974 0.1000000015
114691  -6.721  -73.879  13.120 0.6000000238
7894  -26.354  -76.613  9.751 0.1000000015
8475  -27.659  -75.737  10.153 0.1000000015
9062  -28.107  -74.306  9.963 0.1000000015
9267  -7.787  -73.775  39.256 0.4000000060
8746  -7.073  -74.087  38.795 0.6999999881
9283  -7.271  -73.429  39.002 0.5000000000
7676  -6.453  -76.216  39.709 1.0000000000
7130  -6.086  -77.015  40.312 1.0000000000
126595  -6.180  -77.794  39.518 1.0000000000
7143  -5.648  -78.193  39.323 1.0000000000
6608  -5.383  -78.812  38.395 1.0000000000
112089  -4.282  -80.129  37.428 1.0000000000
6053  -3.774  -79.710  37.585 0.8999999762
6052  -3.388  -79.493  37.073 0.8000000119
6066  -3.180  -80.161  36.792 0.8000000119
6629  -3.244  -79.545  36.311 0.8000000119
120675  -18.248  -72.531  4.425 0.1000000015
11579  -13.855  -69.635  3.776 0.3000000119
6252  -8.523  -79.249  17.097 0.8999999762
12321  -10.731  -69.337  5.810 0.4000000060
12331  -12.614  -69.028  4.314 0.3000000119
13164  -13.703  -68.729  3.900 0.3000000119
11569  -15.091  -70.269  3.581 0.2000000030
7328  -8.070  -77.901  17.706 0.8999999762
12309  -10.240  -69.236  6.466 0.4000000060
13113  -10.657  -68.936  6.787 0.4000000060
12275  -9.732  -69.525  7.779 0.4000000060
12276  -10.572  -69.504  7.916 0.4000000060
7882  -24.158  -76.610  10.898 0.1000000015
7325  -4.710  -77.717  17.756 0.8000000119
7845  -4.303  -76.602  17.550 0.8000000119
10737  -9.628  -71.330  8.974 0.4000000060
11518  -10.185  -69.878  8.256 0.4000000060
8438  -25.480  -74.786  12.220 0.1000000015
9548  -25.497  -73.792  12.105 0.1000000015
8975  -4.502  -75.039  16.711 0.8000000119
10130  -8.379  -72.376  9.522 0.5000000000
7883  -25.084  -76.595  10.765 0.1000000015
7871  -25.618  -76.127  11.344 0.1000000015
9568  -26.270  -73.563  11.396 0.1000000015
8391  -4.414  -75.153  15.845 0.8000000119
9051  -8.813  -74.325  10.819 0.5000000000
9592  -9.165  -73.238  9.776 0.4000000060
7893  -25.421  -76.775  9.891 0.1000000015
7872  -26.425  -75.942  11.075 0.1000000015
9041  -26.205  -74.502  11.719 0.1000000015
8998  -5.716  -74.077  14.220 0.6999999881
7885  -26.841  -76.230  10.394 0.1000000015
124227  -26.712  -75.194  11.257 0.1000000015
127576  -27.856  -74.873  10.342 0.1000000015
9006  -7.694  -74.649  13.203 0.5000000000
10119  -27.219  -72.793  9.531 0.1000000015
9602  -28.012  -73.133  9.233 0.1000000015
10140  -26.784  -72.284  8.820 0.1000000015
9282  -6.699  -73.205  39.163 0.5000000000
9809  -6.329  -72.333  39.600 0.5000000000
8170  -5.464  -76.504  41.130 1.0000000000
117819  -5.637  -77.649  40.224 1.0000000000
7119  -5.254  -77.209  41.141 1.0000000000
7666  -5.042  -76.825  41.726 1.0000000000
7142  -4.923  -77.977  40.000 1.0000000000
6054  -4.346  -79.210  38.068 1.0000000000
7118  -4.839  -77.207  41.317 1.0000000000
117383  -4.654  -77.528  40.430 1.0000000000
6602  -4.640  -78.481  39.019 1.0000000000
7151  -4.015  -78.271  38.243 0.8999999762
6607  -3.830  -78.996  37.736 0.8000000119
5688  -7.324  -80.197  18.736 0.8000000119
5679  -7.777  -80.187  19.727 1.0000000000
10801  -17.704  -71.313  2.819 0.2000000030
10198  -19.631  -72.422  4.003 0.1000000015
6221  -8.039  -79.739  18.880 0.8000000119
13165  -14.360  -68.784  3.842 0.2000000030
12342  -14.929  -69.304  3.508 0.2000000030
126076  -16.926  -71.139  3.059 0.2000000030
7321  -7.867  -77.817  18.588 0.8999999762
13141  -12.730  -68.504  5.023 0.4000000060
7327  -7.242  -77.478  18.069 0.8999999762
12292  -11.971  -69.242  7.427 0.4000000060
13114  -11.515  -68.834  6.710 0.4000000060
7326  -5.826  -77.502  18.064 0.8999999762
7318  -4.398  -77.107  18.194 0.8999999762
8967  -4.655  -75.045  17.627 0.8000000119
11519  -11.069  -69.937  8.372 0.4000000060
10738  -10.553  -71.226  9.027 0.4000000060
9593  -10.000  -72.862  9.636 0.4000000060
8987  -4.975  -74.496  15.454 0.8000000119
10113  -10.873  -72.904  9.860 0.4000000060
9585  -26.842  -73.414  10.729 0.1000000015
10118  -26.299  -71.975  10.179 0.1000000015
114208  -6.346  -74.624  14.917 0.8000000119
9052  -9.644  -74.532  10.819 0.5000000000
118141  -26.743  -72.728  10.185 0.1000000015
8999  -6.709  -74.445  14.185 0.6999999881
125770  -8.710  -74.901  11.948 0.5000000000
9586  -27.243  -73.267  10.190 0.1000000015
8745  -5.668  -74.348  40.217 0.8999999762
10402  -6.921  -70.825  39.617 0.5000000000
10385  -5.960  -71.164  40.511 0.5000000000
8181  -5.267  -75.642  41.404 1.0000000000
7665  -4.689  -76.540  41.697 1.0000000000
7675  -4.221  -76.860  40.910 0.8999999762
11572  -20.171  -70.928  3.661 0.1000000015
113678  -7.527  -80.376  20.501 1.0000000000
5666  -8.190  -80.051  20.403 1.0000000000
12344  -17.008  -69.778  2.732 0.1000000015
10803  -19.086  -71.058  2.656 0.1000000015
12343  -15.921  -69.504  3.246 0.1000000015
11582  -16.514  -69.929  2.696 0.2000000030
6770  -8.307  -78.410  18.296 0.8999999762
13142  -14.087  -68.554  4.766 0.3000000119
12333  -15.276  -68.870  4.135 0.1000000015
12293  -12.950  -69.305  7.509 0.3000000119
7319  -6.083  -77.119  19.199 0.8999999762
7839  -4.823  -76.639  19.569 0.8000000119
11520  -12.003  -69.987  8.494 0.4000000060
7831  -4.155  -75.797  19.193 0.8000000119
8976  -4.974  -74.698  16.595 0.8000000119
10739  -11.406  -71.144  9.116 0.4000000060
113806  -11.707  -72.611  9.866 0.3000000119
106579  -5.830  -74.605  15.852 0.8000000119
8404  -7.292  -75.104  14.668 0.6000000238
111659  -10.896  -73.643  10.339 0.3000000119
9053  -10.413  -74.241  10.593 0.4000000060
10136  -26.664  -72.284  9.578 0.1000000015
119181  -4.837  -73.966  41.630 0.8999999762
9281  -5.545  -73.262  40.253 0.8999999762
9792  -5.250  -72.587  41.080 0.8999999762
8169  -4.984  -76.165  41.866 0.8999999762
11040  -6.964  -69.897  39.987 0.6999999881
11820  -7.506  -69.120  40.695 0.6999999881
8168  -4.588  -75.608  41.789 0.8999999762
109346  -6.709  -80.323  20.486 0.8000000119
10815  -19.116  -70.388  2.506 0.1000000015
11571  -19.587  -70.296  3.285 0.1000000015
6222  -8.369  -79.070  18.959 0.8999999762
6764  -8.203  -78.406  20.123 0.8999999762
12334  -16.547  -69.464  3.339 0.1000000015
12336  -18.798  -69.887  2.628 0.1000000015
115495  -8.205  -78.377  19.177 0.8999999762
7296  -7.617  -77.414  20.780 0.8999999762
7295  -6.644  -76.651  20.823 0.8999999762
13128  -15.074  -69.096  5.749 0.1000000015
108541  -16.021  -69.198  4.126 0.1000000015
7320  -7.211  -77.449  19.140 0.8999999762
7833  -5.723  -76.500  20.395 0.8999999762
8348  -4.944  -75.231  20.297 0.8000000119
122126  -13.750  -68.886  6.356 0.3000000119
8955  -5.450  -74.656  18.951 0.8000000119
12278  -12.966  -70.006  8.524 0.2000000030
8392  -6.684  -75.116  16.362 0.8000000119
10719  -12.969  -72.054  9.904 0.2000000030
116232  -7.849  -75.553  15.065 0.6999999881
119889  -12.559  -72.787  10.173 0.3000000119
8405  -8.130  -75.472  14.460 0.6000000238
8447  -9.363  -74.958  11.505 0.5000000000
9055  -11.905  -74.209  10.967 0.3000000119
9016  -9.100  -75.265  12.313 0.5000000000
9035  -11.121  -74.790  11.123 0.4000000060
8432  -10.713  -75.870  12.466 0.5000000000
9265  -4.693  -73.346  41.659 0.8999999762
8712  -4.682  -74.315  41.835 0.8000000119
11819  -6.441  -69.396  41.582 0.8000000119
119014  -6.531  -68.639  41.782 0.8000000119
12616  -7.401  -68.068  41.456 0.8000000119
7273  -4.784  -77.624  22.508 0.8999999762
6716  -5.648  -78.010  23.075 0.8999999762
6730  -5.267  -78.345  22.256 0.8999999762
6183  -6.684  -79.495  22.445 1.0000000000
6169  -8.092  -79.343  22.991 1.0000000000
5644  -6.950  -80.194  21.950 0.8999999762
6184  -7.518  -79.739  22.521 1.0000000000
6203  -8.458  -79.714  21.645 1.0000000000
12335  -18.499  -69.948  3.558 0.1000000015
111143  -20.563  -70.791  4.141 0.1000000015
109605  -8.426  -79.735  20.956 1.0000000000
6758  -8.537  -78.247  20.895 1.0000000000
12325  -17.286  -70.003  5.760 0.1000000015
106147  -17.175  -69.620  4.145 0.1000000015
12310  -15.728  -69.389  6.098 0.2000000030
7281  -8.355  -77.225  21.152 1.0000000000
7824  -5.520  -75.613  20.737 0.8999999762
8956  -6.321  -74.613  19.740 0.8999999762
12294  -13.872  -69.334  7.672 0.2000000030
12265  -13.865  -69.843  8.686 0.2000000030
8363  -6.960  -75.235  17.109 0.8000000119
8377  -7.529  -75.562  16.353 0.8000000119
10740  -12.981  -71.248  9.483 0.2000000030
10720  -13.655  -71.735  10.086 0.2000000030
111221  -8.540  -75.922  15.060 0.6000000238
9582  -13.255  -73.216  10.599 0.2000000030
9581  -12.619  -73.648  10.766 0.3000000119
8419  -9.101  -75.765  13.568 0.6000000238
8433  -11.731  -75.918  12.480 0.4000000060
9036  -12.022  -74.987  11.450 0.3000000119
9777  -4.335  -73.174  41.831 0.8999999762
10384  -5.151  -71.794  41.759 0.8999999762
106931  -4.057  -74.007  41.559 0.8000000119
11025  -5.185  -70.827  42.202 0.8000000119
11807  -5.701  -69.311  42.054 0.8000000119
11808  -6.122  -68.688  41.995 0.8999999762
14215  -8.681  -67.185  40.463 0.6999999881
14230  -9.237  -66.684  39.733 0.8000000119
12614  -5.839  -68.878  41.994 0.8999999762
13469  -7.303  -67.867  41.250 0.8000000119
15008  -10.686  -65.727  38.370 0.5000000000
15009  -11.388  -65.422  38.024 0.5000000000
15024  -12.188  -65.043  37.500 0.5000000000
7263  -6.176  -77.503  23.462 1.0000000000
6718  -7.482  -78.456  23.660 1.0000000000
6168  -7.278  -79.129  23.177 1.0000000000
115365  -8.835  -78.447  23.662 1.0000000000
6186  -8.959  -79.073  22.154 1.0000000000
114195  -19.962  -70.122  3.735 0.1000000015
11530  -21.971  -69.649  5.481 0.1000000015
6745  -8.790  -79.060  21.339 1.0000000000
11559  -18.259  -70.279  5.071 0.1000000015
120733  -19.582  -70.041  4.098 0.1000000015
11562  -21.603  -69.303  4.977 0.1000000015
12312  -21.259  -69.147  4.870 0.1000000015
7816  -8.446  -76.326  21.197 0.8999999762
8943  -6.219  -74.778  20.693 0.8999999762
12295  -15.906  -69.443  7.135 0.2000000030
8970  -7.267  -75.093  17.997 0.8000000119
13102  -14.708  -69.308  8.035 0.2000000030
8364  -7.926  -75.484  17.193 0.8000000119
8395  -8.933  -76.092  15.774 0.6999999881
12266  -14.728  -69.538  9.025 0.2000000030
8407  -9.922  -76.382  14.707 0.6000000238
106823  -10.772  -76.424  14.102 0.6000000238
10741  -13.923  -70.952  9.680 0.2000000030
10721  -14.439  -71.386  10.345 0.2000000030
10722  -15.171  -70.932  10.589 0.2000000030
12256  -15.654  -69.478  10.221 0.2000000030
8420  -9.812  -76.233  13.798 0.6000000238
8422  -12.202  -76.102  13.204 0.4000000060
10115  -14.220  -72.273  10.619 0.2000000030
10116  -15.153  -71.941  10.993 0.2000000030
11471  -15.691  -70.321  10.753 0.2000000030
12257  -16.275  -69.022  10.736 0.2000000030
122148  -10.457  -76.208  13.284 0.6000000238
9037  -13.518  -74.573  11.852 0.3000000119
10098  -14.684  -72.844  11.145 0.2000000030
10706  -15.885  -71.208  11.157 0.2000000030
13062  -17.174  -67.843  11.427 0.2000000030
111486  -15.450  -72.781  11.475 0.2000000030
10707  -16.689  -71.296  11.720 0.2000000030
13061  -16.722  -68.612  11.561 0.2000000030
11465  -16.891  -70.391  11.912 0.2000000030
9280  -3.794  -73.242  40.700 0.8000000119
9264  -4.128  -73.252  41.707 0.8999999762
10370  -4.729  -71.644  42.208 0.8999999762
11024  -4.856  -70.838  42.279 0.8999999762
11805  -4.913  -70.081  42.163 0.8999999762
12626  -5.720  -68.640  41.671 0.8999999762
13453  -6.066  -68.449  41.825 0.8999999762
14213  -7.181  -67.480  40.624 0.8999999762
14214  -7.916  -67.247  40.663 0.6999999881
14229  -8.390  -66.623  39.897 0.6000000238
14993  -8.926  -66.059  38.963 0.6000000238
15747  -11.099  -64.994  37.873 0.5000000000
15763  -11.967  -64.273  37.409 0.5000000000
117588  -11.986  -63.669  37.116 0.5000000000
16558  -13.494  -62.999  34.817 0.5000000000
7261  -4.385  -76.869  22.719 0.8999999762
7249  -6.728  -76.895  23.862 1.0000000000
6709  -8.152  -78.082  24.071 1.0000000000
119038  -10.966  -76.660  22.101 1.0000000000
6733  -9.608  -78.444  22.624 1.0000000000
11546  -20.188  -69.722  4.943 0.2000000030
7282  -9.468  -77.489  21.460 1.0000000000
12311  -16.583  -69.712  6.507 0.2000000030
11544  -18.100  -70.351  6.222 0.2000000030
8341  -7.272  -75.157  21.264 0.8999999762
8957  -7.474  -74.707  19.164 0.8999999762
11527  -17.584  -70.177  6.940 0.2000000030
11529  -19.219  -70.081  6.285 0.2000000030
8353  -8.264  -75.206  18.151 0.8000000119
13103  -15.529  -69.187  8.542 0.2000000030
12296  -16.928  -69.645  7.568 0.2000000030
12279  -17.188  -69.384  8.365 0.2000000030
119455  -8.973  -75.643  17.318 0.6999999881
12267  -15.465  -69.264  9.484 0.2000000030
13104  -16.579  -68.935  9.027 0.2000000030
8396  -10.031  -76.271  15.847 0.6000000238
11491  -14.657  -70.556  9.965 0.2000000030
13091  -15.882  -69.020  9.337 0.2000000030
8408  -11.474  -76.385  14.807 0.6000000238
13078  -16.102  -68.863  10.044 0.2000000030
107210  -11.780  -76.316  13.962 0.5000000000
8423  -13.182  -75.790  13.280 0.4000000060
9017  -13.416  -75.259  12.466 0.4000000060
9038  -14.280  -74.050  11.818 0.2000000030
13048  -17.093  -67.967  12.131 0.2000000030
13885  -17.986  -67.166  11.247 0.2000000030
9564  -15.062  -73.507  11.754 0.2000000030
10080  -16.617  -72.835  12.221 0.2000000030
13049  -17.151  -68.619  12.621 0.2000000030
15375  -18.240  -65.250  10.694 0.2000000030
16101  -17.783  -64.692  10.180 0.2000000030
9018  -15.281  -74.561  12.841 0.3000000119
111997  -17.019  -72.111  12.235 0.2000000030
14607  -17.620  -66.392  12.475 0.2000000030
16086  -17.720  -64.638  11.147 0.2000000030
16100  -17.158  -64.114  10.624 0.2000000030
10696  -17.404  -71.892  13.117 0.3000000119
12219  -17.428  -69.033  13.435 0.2000000030
13849  -17.318  -67.512  13.494 0.2000000030
15342  -17.512  -65.515  12.791 0.2000000030
16085  -17.096  -64.028  11.651 0.2000000030
16874  -16.524  -63.748  10.131 0.2000000030
9808  -3.928  -72.628  41.398 0.8000000119
121339  -4.464  -71.489  42.024 0.8999999762
128211  -4.152  -71.194  41.431 0.8000000119
11818  -4.604  -69.864  41.302 0.8999999762
13467  -5.833  -68.190  41.139 0.8999999762
14228  -7.579  -66.843  39.979 0.6999999881
14992  -8.001  -66.152  39.250 0.6999999881
114541  -9.092  -65.481  38.197 0.6000000238
15745  -9.674  -65.120  37.730 0.6000000238
15761  -10.496  -64.509  37.469 0.5000000000
16516  -12.170  -63.078  36.864 0.5000000000
16535  -12.355  -62.665  36.301 0.5000000000
111272  -12.971  -62.438  35.632 0.5000000000
7789  -5.135  -75.116  23.466 0.8999999762
7790  -6.121  -75.869  23.721 1.0000000000
8308  -6.931  -75.058  24.900 1.0000000000
7801  -4.057  -76.178  22.959 0.8000000119
7803  -5.827  -76.638  23.321 0.8999999762
113899  -6.791  -75.558  24.419 1.0000000000
7792  -8.162  -76.509  24.678 1.0000000000
8321  -8.495  -75.771  24.891 1.0000000000
7251  -8.727  -77.337  24.485 1.0000000000
8322  -9.221  -75.715  24.736 1.0000000000
7252  -9.453  -77.622  24.180 1.0000000000
7253  -10.033  -77.317  24.053 1.0000000000
7265  -10.430  -77.407  23.305 1.0000000000
7810  -10.951  -76.658  22.838 1.0000000000
8331  -11.117  -74.871  22.589 1.0000000000
7274  -10.113  -77.916  22.131 1.0000000000
7817  -9.654  -76.350  21.220 1.0000000000
8343  -9.682  -75.011  20.563 1.0000000000
113725  -10.503  -74.855  20.479 1.0000000000
8935  -8.693  -75.026  20.548 0.8999999762
106397  -9.686  -74.924  20.185 1.0000000000
106668  -10.817  -74.781  20.225 1.0000000000
8958  -8.614  -74.931  19.105 0.8999999762
8946  -9.067  -74.904  19.810 0.8999999762
8960  -10.194  -75.166  19.308 0.8999999762
8365  -9.726  -75.588  17.756 0.8000000119
8355  -9.979  -75.386  18.475 0.8999999762
8356  -10.786  -75.395  18.591 0.8999999762
12268  -18.500  -68.640  9.237 0.2000000030
8381  -11.021  -76.065  16.788 0.6999999881
13092  -16.778  -68.583  9.976 0.2000000030
13081  -18.431  -67.901  9.882 0.2000000030
8397  -11.185  -76.314  15.695 0.6999999881
8409  -12.352  -76.189  14.623 0.5000000000
13079  -16.723  -68.420  10.719 0.2000000030
13899  -18.856  -67.446  9.713 0.2000000030
15389  -19.141  -66.357  9.155 0.2000000030
8410  -13.272  -75.837  14.357 0.4000000060
9008  -15.591  -74.834  13.628 0.3000000119
9001  -15.638  -74.840  14.514 0.3000000119
13886  -18.465  -67.250  10.410 0.2000000030
15376  -18.660  -65.941  10.144 0.2000000030
8435  -13.989  -75.373  13.001 0.4000000060
9533  -16.773  -73.744  13.472 0.3000000119
10684  -17.428  -72.464  13.838 0.3000000119
15388  -18.352  -65.312  9.697 0.2000000030
9544  -16.439  -73.529  12.651 0.3000000119
11452  -17.532  -69.874  13.714 0.3000000119
122387  -17.802  -64.730  7.609 0.2000000030
110396  -17.058  -64.413  8.265 0.2000000030
13841  -17.255  -67.524  14.236 0.3000000119
14579  -17.135  -65.992  14.361 0.3000000119
16050  -17.174  -64.803  13.112 0.2000000030
16898  -16.391  -64.043  8.495 0.2000000030
108733  -3.933  -72.224  40.400 0.8000000119
114190  -4.100  -72.618  39.162 0.8999999762
11057  -4.320  -70.540  40.742 0.8000000119
13466  -5.583  -68.260  40.809 0.8999999762
14227  -6.558  -67.337  39.941 0.8999999762
16500  -11.701  -63.556  37.060 0.5000000000
17328  -12.517  -61.953  36.142 0.6000000238
17347  -13.548  -62.071  35.000 0.4000000060
18098  -13.497  -61.281  35.073 0.5000000000
8906  -3.908  -74.450  24.391 0.8999999762
8907  -4.950  -74.354  24.244 1.0000000000
8317  -3.312  -75.565  24.401 0.8000000119
8319  -6.004  -74.925  24.148 1.0000000000
8320  -7.635  -75.723  24.786 1.0000000000
119796  -10.322  -75.723  23.885 1.0000000000
8330  -10.651  -74.925  23.482 1.0000000000
8337  -10.615  -74.967  20.998 1.0000000000
8333  -11.201  -75.847  22.211 1.0000000000
114727  -11.519  -74.270  21.911 1.0000000000
8929  -11.198  -74.552  21.086 0.8999999762
8936  -11.221  -74.602  20.760 0.8999999762
8357  -11.712  -75.413  18.650 1.0000000000
8366  -10.481  -75.674  17.731 0.6999999881
8368  -12.373  -75.454  17.837 0.6999999881
8382  -12.187  -75.694  16.908 0.6999999881
8383  -12.527  -75.842  16.032 0.6000000238
8384  -13.798  -75.332  15.950 0.6000000238
8399  -13.618  -75.567  15.209 0.4000000060
120246  -14.867  -75.125  14.735 0.5000000000
16148  -17.742  -64.190  6.211 0.2000000030
11443  -17.531  -70.695  14.366 0.3000000119
12189  -17.424  -69.837  14.792 0.3000000119
13840  -16.967  -67.472  14.921 0.3000000119
15323  -16.703  -65.017  14.000 0.3000000119
10412  -4.395  -71.628  38.930 0.8999999762
11066  -4.552  -70.647  39.286 0.8999999762
120277  -4.986  -69.024  40.703 0.8000000119
14226  -5.651  -67.959  40.120 0.8999999762
14243  -7.084  -66.519  39.187 0.8000000119
15006  -8.285  -65.561  38.333 0.8000000119
15744  -8.873  -65.085  37.613 0.6999999881
15760  -9.526  -64.548  37.157 0.6000000238
12641  -5.386  -68.309  40.276 0.8999999762
14242  -6.027  -66.803  38.887 1.0000000000
15004  -6.615  -66.092  38.376 0.8999999762
15022  -7.340  -65.428  37.846 0.8999999762
16498  -10.255  -63.921  36.897 0.6000000238
16515  -11.550  -63.021  36.675 0.6000000238
16513  -10.044  -63.640  36.385 0.6999999881
17306  -12.046  -62.199  36.448 0.6000000238
17303  -10.628  -63.027  36.277 0.6999999881
18068  -11.518  -62.169  36.245 0.6999999881
18069  -11.774  -61.914  36.217 0.6000000238
111060  -12.613  -61.566  35.880 0.6000000238
18088  -11.589  -61.747  35.993 0.6000000238
18089  -11.866  -61.167  35.728 0.6000000238
18091  -12.971  -61.079  35.524 0.5000000000
18891  -13.063  -60.327  35.095 0.6000000238
115339  -13.937  -60.673  34.582 0.5000000000
18904  -13.681  -60.006  34.693 0.6000000238
8893  -4.133  -73.939  24.967 0.8999999762
118748  -4.926  -73.876  25.026 1.0000000000
119352  -3.735  -73.991  25.694 0.8000000119
8880  -4.284  -73.587  25.641 0.8000000119
8894  -6.005  -74.372  24.993 1.0000000000
8895  -7.200  -74.705  25.523 1.0000000000
8881  -5.395  -73.750  25.682 0.8999999762
120165  -6.504  -74.212  25.797 1.0000000000
8309  -7.924  -75.215  25.313 1.0000000000
8882  -7.477  -74.382  26.245 1.0000000000
8896  -8.288  -74.785  25.814 1.0000000000
8310  -8.788  -75.072  25.204 1.0000000000
106065  -10.002  -74.839  24.211 1.0000000000
8909  -9.816  -74.052  24.739 1.0000000000
8925  -11.381  -73.927  22.642 1.0000000000
8926  -11.928  -73.811  22.171 0.8999999762
9496  -13.905  -73.694  20.186 0.8999999762
8937  -12.328  -74.375  20.951 0.8999999762
116953  -11.706  -74.221  21.441 0.8999999762
8950  -13.704  -74.367  19.694 0.8000000119
8948  -11.563  -74.812  20.249 1.0000000000
117723  -13.152  -75.001  19.300 0.8000000119
8962  -13.663  -74.782  18.544 0.6000000238
8369  -13.101  -75.299  17.238 0.6999999881
8971  -14.901  -74.262  17.513 0.6000000238
8978  -13.896  -75.150  16.757 0.6000000238
105965  -15.443  -74.508  15.979 0.5000000000
8980  -15.269  -74.371  16.754 0.5000000000
8989  -15.964  -74.418  15.312 0.4000000060
10068  -16.890  -73.294  15.186 0.4000000060
10682  -17.409  -72.034  14.641 0.3000000119
121411  -17.842  -64.419  6.486 0.1000000015
11438  -17.243  -70.703  15.100 0.3000000119
13031  -16.821  -68.240  15.221 0.3000000119
12656  -5.135  -68.553  39.524 1.0000000000
13493  -5.382  -67.325  39.087 1.0000000000
9822  -4.449  -72.185  38.085 0.8999999762
15003  -5.468  -66.047  38.217 1.0000000000
10429  -4.644  -71.559  37.491 0.8999999762
111437  -8.535  -64.593  36.998 0.6999999881
15779  -9.347  -64.168  36.534 0.6999999881
17327  -11.216  -62.099  35.880 0.6999999881
18096  -11.366  -61.374  35.406 0.8000000119
18097  -11.662  -60.500  35.165 0.6999999881
19752  -12.541  -59.796  34.982 0.6000000238
8862  -3.670  -73.977  28.256 0.6000000238
124883  -3.889  -73.523  26.546 0.8000000119
9429  -4.055  -72.798  27.137 0.8000000119
9440  -4.589  -73.212  26.372 0.8999999762
8872  -6.292  -73.683  26.606 1.0000000000
8873  -7.769  -74.014  27.133 1.0000000000
8897  -9.174  -74.361  25.642 1.0000000000
9460  -10.469  -73.510  24.330 1.0000000000
8931  -13.297  -73.823  21.374 1.0000000000
121679  -14.148  -74.135  18.966 0.6000000238
9509  -15.085  -73.565  17.910 0.6000000238
9510  -15.577  -73.040  17.568 0.6000000238
9512  -16.111  -73.157  16.877 0.5000000000
10060  -16.335  -72.331  16.330 0.5000000000
10675  -16.168  -71.376  15.837 0.4000000060
9516  -16.011  -73.958  16.303 0.5000000000
114103  -16.813  -71.264  15.408 0.3000000119
124201  -16.673  -69.013  15.485 0.3000000119
13828  -16.423  -67.454  15.372 0.3000000119
11079  -4.861  -69.934  38.307 0.8999999762
113991  -5.282  -67.653  39.203 0.8999999762
15021  -6.070  -65.566  37.678 0.8999999762
114479  -4.740  -70.821  37.954 0.8999999762
112859  -7.710  -64.841  37.271 0.8999999762
15778  -7.574  -64.433  36.717 0.8000000119
16512  -8.409  -64.207  36.301 0.8000000119
16534  -9.737  -63.465  35.876 0.8000000119
16533  -8.676  -63.662  35.549 0.8999999762
17326  -10.422  -62.810  35.638 0.8000000119
17346  -10.702  -62.229  35.029 0.8000000119
17358  -10.317  -62.300  33.992 0.8000000119
111188  -10.910  -61.721  34.503 0.8000000119
18902  -11.288  -60.680  34.399 0.8000000119
18903  -11.721  -59.545  34.535 0.6999999881
8848  -3.782  -73.859  29.105 0.5000000000
9415  -3.581  -73.200  28.606 0.5000000000
9975  -3.871  -72.581  28.024 0.8000000119
9430  -5.088  -72.771  27.113 1.0000000000
8875  -9.359  -73.778  26.640 1.0000000000
9451  -10.234  -73.250  25.070 1.0000000000
9478  -12.000  -73.439  22.863 1.0000000000
9470  -10.820  -73.715  23.755 1.0000000000
9480  -13.231  -72.838  22.375 1.0000000000
9502  -14.257  -73.409  19.462 0.8999999762
9489  -13.852  -72.624  21.005 1.0000000000
10053  -14.575  -72.751  18.858 0.6000000238
14241  -5.253  -66.641  38.562 1.0000000000
122976  -4.724  -71.567  36.485 0.6999999881
114806  -4.905  -70.178  37.109 0.6999999881
116479  -6.635  -64.321  36.517 1.0000000000
16511  -7.275  -63.976  36.042 1.0000000000
126925  -8.263  -63.975  35.819 0.8999999762
16557  -8.066  -63.264  34.872 0.8999999762
17345  -9.889  -62.805  34.604 0.8000000119
18110  -10.740  -61.692  33.554 0.8000000119
18918  -11.108  -60.868  33.107 0.8000000119
19776  -11.375  -59.598  33.654 0.8000000119
9955  -3.602  -72.390  28.947 0.6000000238
9402  -3.499  -72.994  29.570 0.4000000060
9956  -3.891  -71.946  28.390 0.8000000119
9957  -4.661  -71.729  28.216 0.8000000119
9433  -9.188  -73.453  27.587 1.0000000000
9450  -9.745  -73.618  25.693 1.0000000000
9441  -9.938  -73.128  26.401 1.0000000000
107312  -10.139  -72.993  25.724 1.0000000000
9461  -11.211  -73.051  24.028 1.0000000000
10019  -12.389  -72.413  23.448 1.0000000000
122526  -5.004  -68.083  38.610 0.8999999762
113588  -4.921  -67.342  38.308 0.8999999762
14257  -4.884  -66.483  38.147 0.8999999762
15020  -4.669  -65.084  37.292 0.8999999762
15777  -5.557  -64.389  36.673 1.0000000000
16510  -5.888  -63.942  36.081 1.0000000000
16532  -7.569  -63.581  35.420 1.0000000000
17357  -9.399  -62.503  33.677 0.8000000119
17374  -9.967  -62.157  32.876 0.8000000119
113917  -9.006  -62.275  32.886 0.8999999762
120731  -10.625  -61.615  32.593 0.8000000119
18927  -10.998  -61.128  31.884 0.8999999762
19790  -11.284  -59.946  31.512 0.8999999762
19792  -11.927  -58.724  32.140 0.8999999762
10541  -3.632  -71.207  29.807 0.6999999881
10542  -4.017  -71.357  28.927 0.8000000119
9958  -6.041  -71.891  28.540 0.8000000119
123665  -6.894  -72.660  28.324 1.0000000000
117752  -3.946  -70.648  29.662 0.8000000119
9418  -8.833  -73.005  28.331 1.0000000000
9978  -10.148  -72.445  27.047 1.0000000000
9987  -10.333  -72.367  26.196 1.0000000000
10596  -11.097  -71.763  25.118 1.0000000000
10615  -12.363  -71.606  23.613 1.0000000000
10026  -12.895  -72.264  23.002 1.0000000000
10035  -13.583  -72.381  21.816 1.0000000000
9497  -14.075  -72.948  20.234 0.8999999762
11856  -4.883  -69.343  37.351 0.8999999762
12670  -4.772  -68.300  37.498 0.8999999762
13505  -4.555  -67.327  37.246 0.8999999762
108354  -4.469  -68.157  36.213 0.8999999762
15776  -4.519  -64.322  36.753 1.0000000000
16509  -4.775  -63.877  36.356 1.0000000000
16531  -6.258  -63.495  35.411 1.0000000000
16556  -6.771  -63.047  34.745 1.0000000000
17343  -7.380  -62.637  34.152 1.0000000000
17356  -7.964  -62.243  33.432 1.0000000000
18123  -9.167  -61.948  32.154 0.8999999762
106481  -10.135  -61.697  31.695 0.8999999762
18937  -10.653  -61.102  30.939 0.8999999762
119965  -10.958  -60.056  30.566 0.8999999762
106639  -11.818  -59.219  31.186 0.8999999762
19805  -11.643  -59.021  30.164 0.8999999762
107470  -12.284  -59.182  31.637 0.8999999762
11218  -3.607  -70.545  30.507 0.6999999881
10543  -5.070  -70.435  29.673 0.8000000119
116748  -7.354  -72.170  28.775 0.8000000119
9959  -8.350  -72.312  28.716 1.0000000000
9960  -9.098  -72.272  28.517 1.0000000000
11271  -10.392  -70.735  26.313 1.0000000000
10595  -10.665  -71.530  25.896 1.0000000000
10605  -11.647  -71.372  24.435 1.0000000000
10625  -13.340  -71.689  21.976 0.8999999762
10018  -11.887  -72.281  23.983 1.0000000000
11367  -13.386  -70.869  20.637 0.8999999762
10645  -13.814  -71.209  20.019 0.6999999881
15019  -4.539  -65.562  37.334 0.8999999762
17342  -6.052  -62.427  34.001 1.0000000000
17355  -6.685  -62.163  33.493 1.0000000000
17373  -8.004  -61.773  32.539 1.0000000000
125628  -8.158  -61.410  31.859 1.0000000000
18137  -9.124  -61.471  31.324 1.0000000000
18148  -9.875  -61.232  30.745 0.8999999762
18949  -10.279  -60.493  30.187 0.8999999762
19804  -10.984  -59.286  29.846 0.8999999762
19816  -10.524  -59.226  28.917 0.8000000119
18961  -12.933  -60.394  29.512 0.8999999762
18974  -15.518  -60.730  28.860 1.0000000000
110046  -18.716  -58.611  28.116 0.4000000060
19830  -18.344  -59.271  28.532 0.4000000060
19840  -17.995  -59.952  27.852 0.6999999881
126188  -18.448  -59.271  27.771 0.6999999881
19841  -18.337  -59.441  26.970 0.6999999881
10524  -3.855  -70.044  30.454 0.8000000119
9942  -7.656  -71.476  29.121 0.8999999762
10560  -8.602  -71.520  28.751 1.0000000000
11257  -9.585  -70.875  27.708 1.0000000000
11270  -9.762  -70.422  26.925 1.0000000000
11295  -10.916  -69.994  25.001 1.0000000000
12080  -10.408  -69.570  23.855 0.8000000119
11309  -11.729  -70.258  23.870 0.8999999762
11324  -11.769  -70.031  23.149 0.8000000119
126318  -12.909  -70.554  20.967 0.8000000119
11344  -10.752  -70.097  21.560 0.8000000119
11345  -11.878  -70.067  21.649 0.6999999881
113884  -9.999  -70.297  20.784 0.6000000238
11365  -11.760  -69.943  20.350 0.6999999881
11398  -12.715  -70.029  18.317 0.6000000238
11399  -13.869  -70.830  18.181 0.6000000238
128159  -9.466  -70.638  17.650 0.5000000000
15775  -4.226  -64.194  36.178 1.0000000000
16530  -4.805  -63.449  35.638 1.0000000000
16555  -5.225  -62.879  34.678 1.0000000000
17341  -4.945  -62.446  33.667 1.0000000000
116022  -8.719  -60.876  30.701 0.8000000119
18948  -8.958  -60.328  29.958 0.8999999762
18959  -8.491  -59.480  29.041 0.8999999762
18960  -9.800  -59.630  29.310 0.8000000119
107024  -10.967  -59.182  28.825 0.8000000119
19828  -11.466  -59.497  28.258 0.6999999881
18984  -12.116  -59.911  27.859 0.8999999762
18971  -12.133  -59.486  28.788 0.8999999762
18985  -12.974  -60.376  27.516 1.0000000000
106270  -13.338  -60.420  26.639 0.8999999762
11178  -4.363  -70.236  31.549 0.6999999881
18973  -13.814  -60.559  28.139 1.0000000000
18986  -14.082  -60.505  27.350 1.0000000000
18987  -15.155  -60.581  27.294 1.0000000000
112497  -16.613  -60.538  27.939 1.0000000000
11198  -4.038  -69.597  31.225 0.8000000119
11199  -4.720  -69.407  30.532 0.8999999762
106359  -14.453  -60.474  26.520 0.8999999762
19003  -15.531  -60.556  26.446 1.0000000000
19004  -16.559  -60.530  26.386 0.6999999881
19005  -17.532  -60.245  26.134 0.6999999881
19006  -18.128  -59.823  26.322 0.6000000238
20682  -18.682  -58.694  27.229 0.6000000238
10544  -6.559  -70.571  29.591 0.8999999762
11238  -8.349  -70.747  28.756 0.8999999762
110825  -16.823  -60.384  25.427 0.8000000119
19029  -17.506  -59.927  24.811 0.8000000119
19030  -18.208  -59.640  25.380 0.6999999881
107134  -8.812  -70.478  28.048 1.0000000000
113711  -9.775  -70.048  26.065 1.0000000000
12056  -10.154  -69.719  25.202 0.8999999762
12068  -9.720  -69.641  24.551 0.8999999762
12096  -10.888  -69.746  23.072 0.8000000119
120325  -9.671  -70.397  21.665 0.6999999881
124798  -9.057  -70.502  20.390 0.6000000238
11363  -9.523  -70.347  19.797 0.6000000238
107209  -8.399  -70.654  19.632 0.6000000238
11380  -8.864  -70.665  18.792 0.5000000000
11409  -8.598  -70.754  17.309 0.5000000000
11408  -7.769  -70.789  17.542 0.5000000000
12183  -7.849  -69.581  15.686 0.5000000000
14270  -4.370  -66.527  36.895 0.8000000119
15039  -4.206  -64.989  36.630 0.8999999762
18136  -7.570  -60.851  31.125 0.8000000119
18947  -7.478  -59.904  29.420 0.8000000119
19815  -9.335  -59.049  28.458 0.8000000119
19826  -10.292  -59.244  28.249 0.6999999881
123355  -11.562  -59.812  27.568 0.6999999881
19824  -8.630  -58.976  27.921 0.6000000238
19847  -10.762  -59.789  27.101 0.6000000238
19839  -11.452  -60.013  27.067 0.6000000238
105873  -12.252  -60.243  26.980 0.6000000238
19002  -12.866  -60.457  25.945 0.6000000238
11989  -4.775  -69.111  30.722 0.8999999762
19025  -13.224  -60.642  24.799 0.5000000000
19026  -14.112  -60.489  24.417 0.6000000238
107453  -15.889  -60.511  25.417 0.6999999881
12008  -6.016  -68.976  29.355 0.8999999762
115441  -6.218  -69.455  29.698 0.8999999762
10545  -7.634  -70.776  29.247 0.8999999762
19050  -14.331  -59.952  23.138 0.6000000238
19051  -15.335  -59.589  22.863 0.6999999881
19052  -16.350  -58.971  22.564 0.6999999881
19053  -17.233  -58.966  23.202 0.6000000238
12009  -7.250  -69.534  28.914 0.8999999762
12032  -8.243  -69.922  27.453 1.0000000000
11269  -8.997  -70.028  26.695 1.0000000000
19892  -17.484  -58.565  22.223 0.6999999881
11279  -8.354  -70.111  25.829 1.0000000000
11294  -8.382  -70.472  24.423 0.8999999762
19893  -18.658  -57.628  22.694 0.6000000238
11308  -10.057  -69.825  23.089 0.8000000119
11322  -9.326  -70.346  22.519 0.6999999881
19056  -21.031  -59.882  25.012 0.4000000060
121035  -8.380  -70.675  21.215 0.6999999881
11342  -7.644  -70.776  21.281 0.6999999881
106426  -6.166  -70.799  19.768 0.6999999881
107195  -7.182  -70.827  19.571 0.6999999881
11379  -7.588  -70.918  18.671 0.5000000000
11378  -6.880  -70.666  19.035 0.6000000238
11407  -7.551  -70.642  17.797 0.5000000000
12146  -7.298  -70.104  18.129 0.6999999881
12155  -7.471  -70.101  17.253 0.5000000000
18135  -6.504  -60.520  30.309 0.6999999881
122497  -8.281  -59.198  28.380 0.8000000119
11966  -4.296  -68.621  31.329 0.8000000119
12809  -4.750  -68.635  30.348 0.8999999762
12030  -6.945  -69.237  28.148 0.8999999762
12031  -7.384  -69.617  27.085 1.0000000000
109128  -6.563  -69.192  26.184 0.8999999762
12045  -7.099  -69.688  26.069 1.0000000000
11278  -7.365  -70.291  25.222 1.0000000000
12046  -7.903  -69.956  26.409 1.0000000000
11293  -7.781  -70.615  24.855 0.8999999762
11307  -9.171  -70.029  23.587 0.8000000119
19873  -21.562  -59.236  24.966 0.4000000060
11320  -7.288  -70.786  23.147 0.8000000119
119143  -8.537  -70.701  21.843 0.6999999881
20700  -22.315  -58.738  24.809 0.4000000060
11340  -5.948  -70.857  21.176 0.6999999881
12094  -5.876  -70.503  21.477 0.6999999881
11360  -5.786  -70.889  20.427 0.6999999881
11359  -5.291  -70.723  20.101 0.6999999881
12134  -6.030  -70.570  19.543 0.6999999881
12924  -4.876  -69.961  20.043 0.6999999881
12133  -5.287  -70.298  19.619 0.6999999881
12944  -7.130  -69.573  19.086 0.6999999881
12965  -8.985  -68.356  18.376 0.6999999881
114622  -8.033  -69.286  17.960 0.6999999881
12997  -8.447  -68.716  16.645 0.5000000000
13824  -8.048  -67.814  15.181 0.5000000000
13835  -7.992  -67.256  14.556 0.5000000000
121754  -3.910  -67.344  31.048 0.8000000119
121328  -4.329  -67.897  29.509 0.8000000119
12850  -5.896  -68.828  27.983 0.8999999762
12044  -6.599  -69.212  26.937 0.8999999762
12864  -5.907  -68.732  26.895 0.8999999762
126368  -6.039  -68.626  26.292 1.0000000000
12055  -6.980  -69.773  25.384 0.8999999762
12067  -7.057  -70.388  24.665 0.8999999762
12905  -6.679  -69.191  22.906 0.8000000119
12066  -6.948  -70.107  24.357 0.8999999762
11305  -7.224  -70.887  23.886 0.8000000119
113372  -22.063  -58.058  24.949 0.6000000238
12079  -6.813  -70.227  23.326 0.8999999762
123426  -6.595  -70.437  22.440 0.6999999881
21488  -23.598  -57.331  23.680 0.6999999881
114970  -23.465  -58.062  23.983 0.5000000000
12904  -6.227  -68.749  21.949 0.8000000119
12095  -6.247  -70.017  22.211 0.8000000119
21489  -23.885  -57.973  23.374 0.5000000000
119124  -5.540  -69.904  21.383 0.8000000119
20741  -24.266  -58.592  20.925 0.3000000119
21516  -24.293  -58.211  21.710 0.4000000060
12913  -5.176  -69.232  20.620 0.8000000119
110939  -4.884  -69.022  19.997 0.8000000119
12945  -7.733  -68.441  19.354 0.6000000238
20753  -23.738  -58.185  20.295 0.3000000119
13774  -4.930  -67.937  19.923 0.6000000238
119653  -5.307  -69.447  19.560 0.6999999881
116557  -6.452  -67.767  19.594 0.6999999881
13784  -8.685  -67.848  19.203 0.6000000238
13804  -9.896  -68.082  17.911 0.6000000238
14547  -11.037  -67.244  16.309 0.6000000238
12980  -8.893  -68.616  17.600 0.6000000238
14557  -10.440  -67.060  15.537 0.5000000000
14556  -9.036  -67.262  15.160 0.5000000000
13649  -4.133  -67.268  29.251 0.8999999762
13686  -4.747  -67.935  27.248 0.8999999762
12863  -5.315  -68.275  26.712 0.8999999762
121639  -5.596  -68.220  26.009 0.8999999762
12881  -6.026  -68.157  25.264 0.8000000119
13718  -5.528  -67.434  24.809 0.8000000119
12892  -6.822  -69.071  23.833 0.8000000119
23121  -23.085  -56.050  24.258 0.8999999762
22305  -22.718  -56.730  24.499 0.8000000119
13732  -5.953  -67.182  23.862 0.8000000119
13733  -6.672  -67.994  23.101 0.8000000119
123329  -23.419  -56.125  23.740 0.8000000119
21481  -23.100  -57.387  24.245 0.6000000238
107817  -5.562  -67.941  21.189 0.8000000119
22322  -23.686  -56.392  21.665 0.5000000000
22315  -23.744  -56.505  22.573 0.6000000238
13746  -5.776  -67.034  21.821 0.8000000119
126437  -22.616  -57.521  19.076 0.2000000030
111075  -23.344  -56.881  19.868 0.3000000119
111164  -23.749  -57.010  21.183 0.4000000060
21515  -24.021  -57.283  21.983 0.4000000060
13758  -5.056  -68.100  20.264 0.6999999881
13773  -4.861  -67.073  19.557 0.6000000238
14523  -4.991  -66.720  18.996 0.6000000238
13785  -9.307  -67.141  19.046 0.6000000238
21541  -22.575  -58.241  19.121 0.2000000030
20765  -23.222  -58.737  19.604 0.2000000030
13782  -5.027  -67.557  19.584 0.6000000238
116421  -7.671  -67.568  19.609 0.6000000238
14538  -10.086  -66.799  18.576 0.6000000238
14403  -4.300  -66.620  27.778 0.8999999762
12827  -4.523  -67.972  28.329 0.8999999762
116411  -4.333  -65.939  27.255 0.8999999762
13685  -4.544  -67.211  26.907 1.0000000000
13717  -4.968  -66.935  25.175 0.8000000119
14448  -5.244  -66.689  24.439 0.8000000119
117406  -22.381  -54.712  24.574 1.0000000000
118353  -23.033  -54.688  24.131 0.8000000119
14480  -5.526  -66.308  22.380 0.8000000119
107830  -6.115  -67.003  22.784 0.8000000119
23983  -23.241  -54.533  23.399 0.8999999762
15230  -5.247  -65.541  22.439 0.8000000119
22328  -23.534  -56.413  20.646 0.5000000000
23127  -23.571  -55.652  22.219 0.6000000238
15246  -5.325  -66.106  21.626 0.8000000119
15262  -5.167  -65.440  20.174 0.6999999881
116526  -22.165  -57.067  18.781 0.3000000119
124362  -23.287  -55.490  19.624 0.5000000000
23139  -23.460  -55.572  20.346 0.5000000000
112320  -23.469  -54.829  20.953 0.5000000000
107755  -5.140  -66.303  20.663 0.6999999881
15273  -4.762  -65.956  19.136 0.6999999881
15272  -4.898  -66.159  18.628 0.6999999881
14535  -5.765  -66.204  18.485 0.6999999881
23150  -22.958  -55.855  19.195 0.4000000060
23990  -23.323  -54.079  21.446 0.6999999881
14536  -7.107  -65.865  19.114 0.6999999881
15274  -8.409  -66.064  19.259 0.6000000238
15286  -9.900  -66.025  18.663 0.6000000238
122856  -19.570  -56.683  18.347 0.3000000119
23168  -20.902  -55.765  18.386 0.3000000119
22356  -21.363  -56.546  18.564 0.4000000060
24007  -23.026  -54.912  19.138 0.5000000000
15144  -4.649  -64.642  29.089 0.8000000119
128267  -4.323  -64.964  27.253 0.8999999762
15176  -4.346  -65.612  26.374 0.8999999762
14432  -4.561  -66.255  25.492 0.8000000119
14447  -4.977  -65.979  24.187 0.8000000119
25772  -22.415  -52.740  23.955 0.8999999762
15214  -5.185  -65.691  23.341 0.8000000119
24847  -22.748  -53.291  23.291 0.8999999762
118211  -5.095  -64.911  22.420 0.6999999881
121647  -23.212  -53.974  22.120 0.5000000000
126306  -5.348  -64.876  21.156 0.6999999881
15985  -5.555  -64.233  20.827 0.8000000119
15993  -5.223  -64.648  19.450 0.6999999881
16003  -4.898  -65.583  18.483 0.6999999881
15282  -5.325  -65.589  18.059 0.6999999881
15283  -5.948  -65.501  18.036 0.6999999881
16022  -8.127  -63.961  18.190 0.6999999881
16016  -9.936  -65.132  18.431 0.6000000238
115300  -18.852  -56.277  18.126 0.4000000060
121136  -20.607  -55.118  18.255 0.5000000000
112651  -21.342  -55.026  18.391 0.6000000238
16794  -8.918  -63.396  18.127 0.6000000238
112707  -18.874  -54.660  17.878 0.4000000060
107205  -20.071  -53.884  17.947 0.5000000000
15886  -4.696  -63.922  28.428 0.6999999881
17434  -4.432  -62.633  28.034 0.6999999881
15931  -4.275  -64.501  26.785 0.8999999762
15189  -4.284  -65.138  25.649 0.8000000119
15948  -4.313  -64.502  24.832 0.8000000119
117096  -4.181  -63.952  26.182 0.8000000119
113264  -4.665  -65.221  23.981 0.8000000119
111630  -4.066  -62.524  25.657 0.8000000119
15960  -4.557  -64.339  23.730 0.8000000119
16742  -4.519  -63.413  23.400 0.8000000119
16753  -4.929  -63.447  22.531 0.8000000119
16754  -5.338  -63.518  21.773 0.8000000119
16766  -5.878  -63.621  19.829 0.8000000119
16778  -5.093  -64.039  18.452 0.8000000119
16787  -4.832  -63.987  17.472 0.8000000119
16020  -6.156  -64.774  17.646 0.6999999881
16791  -5.401  -63.602  16.680 0.8000000119
16021  -6.863  -64.017  17.694 0.6999999881
112706  -19.860  -54.695  18.055 0.5000000000
107204  -20.838  -54.260  18.114 0.5000000000
118011  -8.640  -62.781  17.905 0.6000000238
112712  -10.249  -62.325  17.863 0.4000000060
112708  -17.958  -54.561  17.786 0.3000000119
122459  -19.330  -53.925  17.851 0.3000000119
106868  -20.616  -53.332  17.928 0.6999999881
24899  -21.556  -53.523  18.068 0.6999999881
25838  -22.125  -53.000  18.075 0.6999999881
16679  -4.239  -63.271  27.529 0.8000000119
17451  -4.179  -62.158  27.747 0.8999999762
16704  -4.094  -62.794  26.771 0.8000000119
116140  -4.210  -62.324  24.282 0.8999999762
17520  -4.487  -62.539  22.997 0.6999999881
124250  -4.181  -61.686  23.515 0.8999999762
17521  -5.045  -62.646  22.238 0.8000000119
114522  -4.493  -61.731  22.756 0.8999999762
113532  -5.181  -61.796  21.990 0.8999999762
16759  -5.806  -62.872  21.140 0.8000000119
18262  -6.062  -61.405  21.041 0.8999999762
17535  -6.315  -62.438  20.006 0.8000000119
18290  -6.207  -61.907  19.057 0.8000000119
16767  -5.592  -63.063  18.776 0.8000000119
113820  -4.687  -62.368  17.101 0.8000000119
17560  -5.936  -62.976  16.432 0.6000000238
16793  -7.651  -63.242  17.740 0.6000000238
17561  -6.762  -62.097  16.845 0.5000000000
17562  -7.857  -62.440  17.500 0.5000000000
113185  -9.053  -62.125  17.785 0.5000000000
25834  -18.265  -52.563  18.068 0.4000000060
106842  -19.734  -53.221  17.877 0.4000000060
25836  -20.222  -52.608  17.793 0.8000000119
110960  -22.349  -52.338  18.054 0.8000000119
18310  -8.967  -61.268  17.614 0.4000000060
18311  -9.874  -61.496  17.811 0.3000000119
26752  -19.380  -51.550  17.443 0.8000000119
26728  -19.744  -52.005  17.698 0.8000000119
26729  -20.748  -51.956  17.712 0.8999999762
26730  -21.774  -51.800  17.793 0.8000000119
19158  -9.872  -60.161  17.558 0.4000000060
117549  -9.620  -60.834  17.682 0.4000000060
17472  -3.921  -61.730  26.988 0.8999999762
17489  -3.855  -61.411  25.794 0.8000000119
18209  -3.777  -60.498  25.680 0.8999999762
17505  -3.788  -61.092  24.551 0.8999999762
18247  -3.943  -60.759  23.546 0.8000000119
19101  -5.103  -59.860  22.356 0.8000000119
19114  -6.190  -60.274  20.420 0.8999999762
114899  -5.525  -60.577  18.352 0.8000000119
122938  -5.795  -59.417  19.769 0.6999999881
19141  -5.494  -60.217  18.139 0.8000000119
18308  -5.070  -61.828  16.742 0.6000000238
19165  -5.992  -60.361  16.257 0.4000000060
117913  -6.061  -60.934  16.177 0.4000000060
19156  -7.616  -60.480  16.844 0.4000000060
119712  -8.165  -61.038  17.204 0.4000000060
26751  -18.448  -51.632  17.562 0.8000000119
27613  -19.919  -50.902  17.036 0.6000000238
26753  -20.299  -51.424  17.446 0.8999999762
26754  -21.257  -51.264  17.528 0.8999999762
115795  -22.082  -51.141  17.660 0.6999999881
19978  -7.923  -59.674  16.950 0.3000000119
19979  -9.055  -59.496  17.425 0.3000000119
19980  -10.125  -59.277  17.466 0.3000000119
19981  -10.930  -60.014  17.492 0.3000000119
26770  -17.169  -51.340  16.713 0.6999999881
26771  -18.159  -51.217  16.864 0.6999999881
20787  -10.208  -58.421  17.277 0.2000000030
20798  -10.728  -57.912  16.851 0.2000000030
119088  -5.129  -58.240  20.475 0.8000000119
19948  -5.825  -59.420  19.000 0.6999999881
29374  -21.547  -48.591  17.084 0.8000000119
20761  -6.086  -58.640  19.413 0.6999999881
20760  -5.922  -58.929  18.822 0.8000000119
20783  -6.086  -59.174  17.117 0.4000000060
28529  -19.533  -49.712  16.134 0.6000000238
28530  -20.267  -49.202  16.393 0.6000000238
28514  -20.886  -49.196  16.696 0.8000000119
20795  -7.039  -58.422  15.671 0.3000000119
19992  -7.143  -59.021  15.967 0.3000000119
27650  -18.145  -50.179  15.638 0.6000000238
114249  -19.537  -50.472  16.547 0.6000000238
27614  -20.833  -50.681  17.198 0.6999999881
27615  -21.748  -50.558  17.448 0.8000000119
20785  -8.169  -58.801  16.900 0.3000000119
20797  -9.451  -57.665  17.022 0.3000000119
26769  -16.170  -51.322  16.582 0.6000000238
27632  -17.748  -50.797  16.016 0.6999999881
21568  -11.301  -57.388  16.463 0.2000000030
120047  -16.013  -50.954  15.748 0.6000000238
27631  -16.764  -50.990  15.794 0.6999999881
21521  -7.063  -58.346  19.851 0.8000000119
21534  -6.492  -58.202  19.093 0.6000000238
21533  -6.471  -58.017  18.484 0.5000000000
22349  -6.924  -56.619  17.983 0.6000000238
21547  -6.390  -57.932  17.778 0.5000000000
20784  -6.496  -58.381  16.793 0.4000000060
29389  -19.807  -48.768  16.051 0.6999999881
22362  -6.783  -56.436  16.957 0.4000000060
108049  -6.971  -56.746  15.988 0.4000000060
116349  -6.998  -58.076  15.591 0.4000000060
28528  -18.758  -49.675  15.682 0.6000000238
114096  -19.961  -48.034  16.022 0.6999999881
30213  -20.382  -47.410  16.380 0.6999999881
23183  -7.437  -55.619  16.610 0.3000000119
22380  -7.664  -55.958  16.225 0.3000000119
22370  -7.396  -57.190  15.780 0.3000000119
119895  -8.181  -57.397  16.350 0.3000000119
28546  -14.610  -49.814  15.580 0.6000000238
27630  -15.509  -50.975  16.202 0.6999999881
28549  -18.070  -49.467  15.296 0.6000000238
29412  -18.682  -48.859  15.416 0.6000000238
29413  -19.303  -48.264  15.630 0.6000000238
23186  -9.328  -55.453  16.372 0.3000000119
23187  -10.333  -55.405  16.451 0.3000000119
120688  -10.118  -57.029  16.670 0.3000000119
28547  -15.499  -49.702  14.813 0.5000000000
27649  -16.222  -50.470  15.136 0.6000000238
125421  -17.466  -49.349  14.823 0.6000000238
122577  -18.032  -48.594  14.842 0.6000000238
111730  -18.687  -48.158  15.210 0.6000000238
24051  -11.479  -54.513  16.226 0.3000000119
114748  -10.966  -56.740  16.441 0.2000000030
29409  -15.194  -48.693  14.633 0.4000000060
29410  -16.113  -48.914  14.266 0.5000000000
28548  -16.592  -49.665  14.593 0.6000000238
29411  -17.086  -48.804  14.330 0.6000000238
24940  -12.281  -54.020  15.600 0.3000000119
24052  -12.400  -54.862  15.568 0.3000000119
21535  -7.498  -58.013  18.991 0.8000000119
21522  -8.344  -58.248  19.712 0.6999999881
22336  -9.936  -57.587  19.101 0.6999999881
115627  -10.322  -56.739  18.637 0.6999999881
23147  -10.606  -55.622  18.475 0.6000000238
24006  -10.941  -54.721  18.281 0.6000000238
117256  -11.483  -53.941  17.912 0.6000000238
25829  -11.865  -52.157  17.737 0.5000000000
23157  -7.320  -55.850  17.674 0.5000000000
23176  -7.052  -55.782  17.151 0.5000000000
24036  -7.881  -54.823  16.750 0.4000000060
24923  -8.297  -54.196  16.520 0.3000000119
24037  -8.832  -54.061  16.097 0.3000000119
119021  -18.974  -46.092  15.370 0.6000000238
126353  -19.588  -46.155  15.827 0.6000000238
24038  -9.429  -54.564  16.285 0.3000000119
24039  -10.594  -54.755  16.402 0.3000000119
111579  -14.686  -49.106  15.159 0.4000000060
29422  -14.979  -47.913  14.641 0.4000000060
31097  -17.652  -46.952  14.249 0.6000000238
31098  -18.634  -46.831  14.961 0.6000000238
31099  -19.316  -46.769  15.564 0.6000000238
111802  -12.736  -53.281  15.184 0.3000000119
29424  -16.606  -48.147  13.942 0.5000000000
30246  -16.924  -47.463  13.800 0.6000000238
24953  -12.805  -54.215  14.134 0.3000000119
30245  -16.091  -47.413  13.760 0.6000000238
20750  -6.086  -58.300  20.134 0.6999999881
22335  -8.738  -57.790  18.894 0.6999999881
115998  -9.322  -56.797  18.566 0.6999999881
23146  -9.710  -55.586  18.455 0.5000000000
24878  -10.564  -53.927  18.045 0.6000000238
23144  -7.553  -56.873  18.350 0.5000000000
24014  -7.847  -54.996  17.346 0.5000000000
25828  -11.168  -52.234  17.758 0.5000000000
112265  -11.452  -51.481  17.677 0.5000000000
27591  -12.159  -50.063  17.586 0.4000000060
24912  -8.296  -53.300  17.017 0.4000000060
25860  -8.596  -52.774  16.548 0.5000000000
24937  -8.875  -53.060  15.898 0.3000000119
25875  -8.890  -52.559  16.001 0.4000000060
119728  -9.083  -52.469  15.840 0.2000000030
24926  -10.142  -53.923  16.241 0.3000000119
29408  -14.424  -48.109  15.413 0.4000000060
32001  -18.175  -46.054  14.665 0.5000000000
27647  -11.923  -50.277  15.773 0.2000000030
26786  -11.385  -51.200  15.753 0.2000000030
112583  -11.669  -52.882  15.767 0.3000000119
118722  -14.832  -46.584  14.713 0.5000000000
30244  -15.266  -47.309  14.306 0.5000000000
29423  -15.698  -48.113  14.125 0.6000000238
28545  -11.551  -49.108  15.712 0.1000000015
25879  -12.337  -52.167  15.547 0.3000000119
31117  -16.562  -46.710  13.674 0.5000000000
108799  -17.788  -45.105  14.351 0.3000000119
28559  -12.973  -49.092  14.819 0.2000000030
32023  -16.108  -45.834  13.636 0.5000000000
23145  -8.390  -56.556  18.427 0.6999999881
24004  -8.740  -55.526  18.245 0.6000000238
24016  -9.193  -54.598  18.020 0.5000000000
23158  -7.913  -55.649  17.973 0.5000000000
126425  -10.286  -53.459  17.836 0.4000000060
24015  -8.365  -54.737  17.632 0.5000000000
24890  -9.058  -53.021  17.387 0.5000000000
106062  -9.897  -52.951  17.608 0.5000000000
24889  -8.614  -53.693  17.376 0.5000000000
25826  -9.150  -52.213  17.179 0.5000000000
115163  -10.987  -50.681  17.573 0.4000000060
29359  -12.336  -48.622  17.675 0.4000000060
25847  -8.785  -52.199  16.728 0.4000000060
119806  -9.076  -51.569  16.849 0.5000000000
119933  -13.563  -45.949  17.008 0.5000000000
26767  -9.476  -51.314  16.215 0.3000000119
26784  -9.547  -51.453  15.973 0.2000000030
30228  -13.409  -46.746  17.068 0.5000000000
31096  -14.298  -46.031  15.988 0.6000000238
31999  -14.174  -44.902  16.217 0.6000000238
32000  -14.627  -44.806  14.773 0.5000000000
27627  -9.892  -49.920  16.420 0.3000000119
27645  -9.838  -50.624  16.225 0.3000000119
31115  -14.750  -45.757  14.780 0.5000000000
32022  -15.355  -45.609  14.040 0.5000000000
115206  -15.582  -44.839  13.892 0.5000000000
31116  -15.537  -46.497  13.920 0.6000000238
32902  -16.658  -45.118  13.601 0.5000000000
30227  -11.923  -47.326  15.572 0.3000000119
30242  -12.854  -47.121  14.126 0.3000000119
112951  -12.973  -45.817  13.456 0.3000000119
29438  -13.335  -48.137  13.211 0.1000000015
27608  -9.498  -50.843  16.822 0.4000000060
28494  -10.791  -48.911  17.383 0.5000000000
27626  -9.677  -50.608  16.479 0.4000000060
27609  -9.923  -49.949  16.686 0.4000000060
28511  -9.862  -49.116  16.485 0.5000000000
29385  -10.386  -47.671  16.687 0.5000000000
31078  -12.572  -45.984  17.653 0.5000000000
28523  -9.962  -49.634  16.329 0.4000000060
122739  -10.305  -48.560  16.187 0.5000000000
31093  -10.960  -46.299  16.837 0.4000000060
127846  -11.187  -45.669  17.059 0.4000000060
31979  -12.337  -44.496  16.897 0.4000000060
114846  -13.789  -43.970  16.127 0.5000000000
28544  -10.395  -49.376  15.996 0.3000000119
29405  -10.411  -47.784  16.489 0.4000000060
31094  -11.391  -45.625  16.767 0.4000000060
112421  -12.441  -44.131  15.746 0.3000000119
112410  -13.069  -43.511  15.935 0.5000000000
30241  -12.436  -46.846  15.107 0.3000000119
32900  -12.618  -43.697  14.868 0.3000000119
10117  -25.770  -72.022  10.958 0.1000000015
11511  -26.631  -70.573  9.528 0.1000000015
232  -22.130  -94.605  12.622 0.6999999881
242  -22.993  -94.557  11.374 0.6999999881
152  -22.372  -94.947  9.339 0.5000000000
259  -20.945  -94.602  8.137 0.4000000060
26  -10.814  -96.390  15.003 0.3000000119
250  -23.975  -93.888  10.336 0.6999999881
582  -23.061  -93.283  9.145 0.4000000060
399  -20.486  -93.478  9.136 0.3000000119
581  -22.093  -93.098  9.462 0.4000000060
798  -27.138  -91.394  11.895 0.6999999881
1135  -26.252  -90.953  8.851 0.6000000238
510  -12.276  -93.496  18.435 0.2000000030
201  -19.900  -94.684  17.940 0.6999999881
829  -27.889  -91.561  9.831 0.5000000000
127274  -25.626  -91.347  13.052 0.6999999881
1778  -26.439  -88.454  11.268 0.6999999881
126936  -11.446  -94.118  20.993 0.5000000000
325  -12.451  -94.231  22.120 0.6999999881
2190  -10.436  -87.405  10.828 0.6000000238
3120  -11.897  -85.333  9.941 0.6999999881
1690  -8.683  -88.617  20.818 0.6999999881
3121  -12.358  -84.855  9.914 0.5000000000
2234  -21.704  -87.622  7.478 0.6000000238
1660  -7.471  -88.818  22.686 0.8999999762
114269  -21.563  -88.013  5.814 0.6999999881
2678  -21.577  -86.665  7.717 0.5000000000
3145  -21.458  -85.901  7.192 0.6000000238
1661  -11.925  -87.944  23.498 0.8999999762
4192  -13.588  -83.279  11.540 0.6999999881
111193  -21.715  -87.043  5.038 1.0000000000
128376  -21.792  -86.479  4.583 0.8999999762
106239  -13.264  -89.873  21.250 0.8999999762
108438  -13.248  -90.008  22.697 0.8000000119
1663  -13.258  -88.241  23.374 0.8000000119
2025  -14.585  -86.890  24.507 0.8000000119
1662  -12.912  -88.238  23.622 0.8999999762
3695  -13.355  -84.432  6.592 0.1000000015
2011  -13.546  -87.451  25.714 0.8000000119
5751  -14.256  -80.362  12.498 0.8000000119
4223  -17.389  -83.372  8.050 0.5000000000
6838  -14.557  -78.543  11.435 0.8999999762
1600  -8.491  -88.464  31.017 0.8999999762
5753  -16.189  -79.800  12.312 0.8000000119
2411  -9.608  -86.729  31.743 0.8000000119
1587  -8.505  -89.056  31.710 0.8999999762
1955  -8.863  -88.253  32.282 0.8999999762
908  -6.930  -90.970  32.558 1.0000000000
1240  -5.119  -89.449  32.182 0.8999999762
5754  -17.045  -79.709  12.017 0.8000000119
897  -6.750  -90.589  34.672 1.0000000000
1935  -7.147  -88.992  36.733 0.6999999881
105996  -8.559  -88.465  33.123 0.8000000119
1942  -8.233  -88.248  34.783 0.8000000119
6370  -16.316  -78.941  8.988 1.0000000000
1545  -5.755  -88.699  37.848 0.6999999881
106238  -4.338  -87.040  32.544 0.8999999762
2367  -5.129  -87.419  36.800 0.8999999762
6435  -14.239  -79.671  3.113 0.5000000000
5891  -15.289  -81.488  2.934 0.5000000000
113706  -4.950  -87.601  38.463 0.6999999881
123940  -6.379  -87.631  34.807 1.0000000000
2851  -3.557  -85.256  34.367 1.0000000000
7355  -8.241  -77.387  10.465 0.8000000119
7511  -12.962  -77.435  0.568 0.2000000030
119922  -15.415  -79.927  2.728 0.5000000000
113704  -13.666  -77.244  0.303 0.3000000119
8017  -13.701  -76.717  0.214 0.2000000030
6968  -15.740  -78.157  1.801 0.5000000000
3908  -6.183  -83.229  38.104 0.6999999881
4962  -6.209  -82.027  39.502 0.5000000000
8517  -6.525  -75.766  5.222 0.6000000238
8479  -5.572  -75.055  7.857 0.6999999881
7962  -9.009  -76.541  4.059 0.5000000000
8562  -12.680  -75.983  1.104 0.2000000030
7524  -15.496  -76.724  -0.546 0.3000000119
125036  -8.450  -76.204  5.863 0.5000000000
5730  -5.405  -80.094  14.095 0.8999999762
8002  -16.071  -75.724  1.029 0.2000000030
8585  -15.449  -75.726  -0.293 0.2000000030
120809  -16.288  -75.313  -0.024 0.2000000030
8036  -17.224  -75.189  -0.800 0.2000000030
114999  -8.161  -80.670  36.607 1.0000000000
9108  -13.969  -74.815  7.185 0.1000000015
9069  -5.585  -74.195  8.501 0.6999999881
9087  -15.484  -74.662  7.693 0.1000000015
5733  -7.897  -80.702  14.055 0.8000000119
9031  -5.300  -73.871  11.716 0.6999999881
10758  -14.660  -71.641  7.228 0.1000000015
7391  -18.166  -77.199  7.704 0.1000000015
7411  -18.502  -77.528  6.885 0.1000000015
9559  -5.994  -72.810  11.899 0.5000000000
10765  -9.564  -70.893  6.397 0.5000000000
11543  -13.758  -70.659  5.900 0.2000000030
7374  -20.271  -77.530  8.634 0.1000000015
8464  -22.708  -75.833  11.022 0.1000000015
11566  -12.448  -69.771  4.636 0.3000000119
7378  -24.402  -77.116  8.167 0.1000000015
7379  -25.253  -76.957  8.179 0.1000000015
8476  -28.350  -75.629  9.488 0.1000000015
12274  -8.590  -70.051  7.642 0.5000000000
13140  -11.945  -68.658  5.261 0.3000000119
9579  -10.159  -73.531  10.037 0.4000000060
8418  -8.364  -75.359  13.754 0.6000000238
6601  -4.178  -78.620  38.505 1.0000000000
109704  -6.991  -80.417  19.727 0.8000000119
10813  -17.942  -70.553  2.447 0.1000000015
13126  -13.001  -68.736  6.096 0.4000000060
8968  -5.225  -74.784  17.784 0.8000000119
5657  -8.006  -80.219  21.126 1.0000000000
119805  -12.135  -71.035  9.176 0.2000000030
109044  -7.247  -76.108  21.247 0.8999999762
13117  -14.321  -69.175  7.070 0.2000000030
7262  -5.224  -76.969  22.823 0.8999999762
6746  -9.392  -78.424  21.877 1.0000000000
9563  -13.527  -73.795  11.238 0.2000000030
8434  -12.591  -75.685  12.522 0.4000000060
14244  -9.872  -66.241  38.984 0.6000000238
8335  -8.658  -75.612  21.016 0.8999999762
8945  -8.099  -74.799  20.041 0.8999999762
11472  -16.291  -70.446  11.301 0.2000000030
11466  -17.335  -70.215  12.697 0.3000000119
7802  -5.006  -76.007  22.864 0.8999999762
14622  -18.025  -66.433  11.646 0.2000000030
114744  -17.269  -67.841  12.832 0.2000000030
14646  -18.843  -66.755  9.884 0.2000000030
10071  -17.111  -72.899  12.987 0.3000000119
8318  -3.558  -75.065  23.904 0.8999999762
126493  -18.830  -65.789  9.194 0.2000000030
9000  -14.913  -75.239  14.047 0.4000000060
9525  -16.970  -73.719  14.297 0.3000000119
121694  -13.091  -75.472  16.443 0.6000000238
9428  -3.767  -73.287  27.579 0.6000000238
9976  -4.320  -72.260  27.665 0.8999999762
9431  -6.947  -73.307  27.740 1.0000000000
9432  -8.269  -73.575  27.839 1.0000000000
9416  -5.629  -72.394  27.869 0.8000000119
10042  -14.034  -72.107  20.234 1.0000000000
17344  -8.664  -62.831  34.309 1.0000000000
116114  -11.465  -58.798  33.070 0.8999999762
115756  -11.572  -59.423  30.843 0.8999999762
9941  -6.504  -71.308  29.252 0.8999999762
9417  -7.867  -72.998  28.407 1.0000000000
11219  -4.724  -69.812  30.229 0.8000000119
10578  -10.022  -71.627  27.538 1.0000000000
10586  -10.395  -71.487  26.772 1.0000000000
11310  -12.327  -70.767  23.411 1.0000000000
122249  -12.379  -70.461  22.458 0.8000000119
120946  -12.747  -70.223  20.173 0.5000000000
18972  -12.862  -60.295  28.405 1.0000000000
107082  -14.823  -60.700  28.077 1.0000000000
18989  -17.212  -60.413  27.306 0.6999999881
18976  -17.243  -60.302  28.315 0.6000000238
18990  -17.854  -60.052  26.969 0.8000000119
111958  -11.238  -70.056  20.888 0.6999999881
11381  -9.965  -70.229  19.198 0.5000000000
11382  -10.831  -69.756  19.006 0.5000000000
12135  -11.768  -69.647  18.730 0.5000000000
19825  -9.398  -59.018  27.768 0.8000000119
19818  -11.551  -59.116  29.095 0.8000000119
11948  -4.840  -68.948  31.428 0.8000000119
106824  -14.857  -60.509  25.526 0.8000000119
18988  -16.169  -60.576  27.261 0.8999999762
107417  -13.826  -60.436  25.682 0.5000000000
12010  -8.047  -70.104  28.440 0.8999999762
19028  -16.401  -60.035  24.083 0.6999999881
118161  -9.144  -69.902  25.292 0.8999999762
12170  -7.700  -69.735  16.425 0.5000000000
19846  -10.173  -59.653  27.041 0.6000000238
19001  -12.017  -60.509  26.248 0.5000000000
19027  -15.117  -60.286  24.271 0.6000000238
19869  -18.171  -58.089  22.655 0.6000000238
19092  -16.573  -59.421  21.958 0.6000000238
19891  -17.208  -58.742  21.941 0.6000000238
114911  -15.803  -59.306  22.278 0.5000000000
19911  -17.882  -58.532  22.021 0.6999999881
11292  -7.225  -70.739  24.341 0.8999999762
121365  -7.490  -70.913  24.194 0.8999999762
11321  -8.181  -70.824  22.844 0.8000000119
110848  -20.929  -58.459  24.772 0.4000000060
113597  -7.396  -70.807  22.179 0.6999999881
12145  -6.987  -70.679  18.803 0.6999999881
12996  -7.762  -69.204  16.184 0.5000000000
12828  -4.913  -68.386  29.108 0.8999999762
124211  -6.922  -69.812  25.007 0.8999999762
19874  -22.516  -59.452  24.712 0.4000000060
116092  -22.783  -58.122  24.484 0.5000000000
20701  -23.238  -59.002  24.261 0.4000000060
124396  -6.107  -70.088  19.341 0.6999999881
113065  -6.677  -68.695  19.492 0.6999999881
111107  -8.923  -68.223  16.059 0.5000000000
12849  -5.104  -68.343  27.596 0.8999999762
22306  -23.347  -56.689  24.010 0.6999999881
22310  -23.622  -56.629  23.372 0.6999999881
20713  -23.996  -58.669  23.075 0.4000000060
21501  -24.159  -58.007  22.585 0.4000000060
21500  -23.940  -57.273  22.968 0.6000000238
109188  -23.983  -57.770  21.074 0.3000000119
13783  -5.502  -68.246  19.625 0.6000000238
119551  -23.597  -57.320  20.427 0.4000000060
13794  -9.632  -67.632  18.580 0.6000000238
13815  -10.651  -67.617  16.799 0.6000000238
13805  -10.581  -67.588  17.476 0.6000000238
115176  -5.033  -67.755  26.407 0.8999999762
13701  -5.243  -67.606  25.616 0.8000000119
13719  -6.479  -68.059  24.296 0.8000000119
23120  -22.750  -55.382  24.453 0.8999999762
115940  -22.329  -56.080  24.724 0.8999999762
14464  -5.498  -66.407  23.545 0.8000000119
23124  -23.334  -55.380  23.785 0.8000000119
23133  -23.543  -55.569  21.305 0.5000000000
117076  -23.450  -55.046  22.867 0.6000000238
14509  -4.817  -67.204  20.097 0.6999999881
21542  -23.212  -57.671  19.612 0.3000000119
22342  -22.923  -56.777  19.235 0.3000000119
22343  -23.305  -56.174  19.743 0.4000000060
15261  -4.836  -66.483  19.723 0.6999999881
14524  -5.445  -67.034  19.167 0.6000000238
14526  -8.619  -66.989  19.427 0.6000000238
119885  -7.780  -66.656  19.561 0.6000000238
108645  -4.319  -65.587  28.453 0.8999999762
14417  -4.511  -66.523  26.308 0.8000000119
115102  -21.346  -54.731  24.938 0.8999999762
24844  -22.612  -53.533  24.130 0.8999999762
113473  -23.576  -55.888  23.122 0.6999999881
23982  -22.960  -54.012  23.732 0.8000000119
24848  -23.050  -53.901  23.123 0.8000000119
107248  -5.270  -65.379  21.516 0.6999999881
23986  -23.256  -54.280  22.682 0.6000000238
112162  -23.425  -54.725  21.957 0.5000000000
22357  -22.329  -56.244  18.819 0.4000000060
15284  -7.963  -65.226  18.683 0.6999999881
16015  -8.680  -64.732  18.430 0.6000000238
21554  -19.920  -57.349  18.493 0.2000000030
119188  -20.312  -56.469  18.417 0.3000000119
115299  -19.645  -56.129  18.269 0.4000000060
114373  -20.694  -57.115  18.563 0.2000000030
23169  -21.753  -55.686  18.569 0.5000000000
124933  -22.489  -55.523  18.850 0.5000000000
15917  -4.412  -64.027  27.845 0.8000000119
15161  -4.406  -64.711  28.170 0.8999999762
15229  -4.879  -65.005  23.135 0.8000000119
24852  -22.993  -53.592  22.589 0.6999999881
15972  -4.860  -64.249  22.856 0.8000000119
24851  -22.726  -52.837  22.498 0.8000000119
16004  -4.897  -64.885  18.341 0.8000000119
16013  -4.955  -65.097  17.813 0.6999999881
16014  -7.402  -64.550  18.242 0.6999999881
16023  -9.347  -64.179  18.262 0.6000000238
122102  -20.112  -55.639  18.251 0.4000000060
23167  -19.290  -55.489  18.102 0.4000000060
24022  -21.862  -54.326  18.340 0.6000000238
117175  -9.624  -62.905  17.948 0.4000000060
16725  -4.292  -63.455  24.485 0.8999999762
17556  -4.620  -63.078  17.128 0.8000000119
111951  -5.756  -64.258  17.074 0.8000000119
17559  -4.799  -62.709  16.781 0.8000000119
16792  -6.324  -63.527  17.026 0.6000000238
107206  -18.503  -53.912  17.798 0.4000000060
25837  -21.339  -52.638  17.891 0.6999999881
18248  -4.687  -60.879  22.650 0.8000000119
18261  -5.426  -60.834  21.937 0.8999999762
18275  -6.430  -61.389  19.981 0.8999999762
18302  -5.156  -61.373  17.524 0.8000000119
113637  -6.863  -62.844  17.148 0.5000000000
17568  -5.718  -62.289  16.266 0.4000000060
18309  -7.195  -61.204  16.786 0.4000000060
110581  -8.027  -61.691  17.311 0.5000000000
24898  -18.900  -53.190  17.920 0.4000000060
25835  -19.254  -52.540  17.855 0.8000000119
19157  -8.785  -60.423  17.423 0.4000000060
18230  -3.692  -60.344  24.629 0.8000000119
19089  -4.268  -59.917  23.211 0.8000000119
19102  -5.706  -59.962  21.493 0.8000000119
19922  -4.811  -58.579  21.805 0.8000000119
19127  -6.199  -60.681  19.264 0.6999999881
19936  -5.181  -58.757  20.654 0.8000000119
19126  -5.709  -59.718  18.999 0.6999999881
19977  -5.619  -59.828  17.274 0.5000000000
19963  -5.596  -59.774  18.021 0.6999999881
19164  -5.554  -61.015  16.433 0.5000000000
123402  -6.640  -60.646  16.324 0.4000000060
19991  -6.922  -59.339  16.068 0.4000000060
19989  -5.984  -59.781  16.536 0.3000000119
27612  -19.071  -51.091  16.914 0.6000000238
26750  -17.513  -51.643  17.671 0.8000000119
27634  -20.362  -50.038  16.656 0.6999999881
20786  -9.270  -58.603  17.350 0.3000000119
26724  -16.105  -51.842  17.975 0.8000000119
27633  -18.744  -50.492  16.189 0.6000000238
20749  -5.494  -58.399  20.324 0.8000000119
110502  -5.758  -58.807  19.904 0.6000000238
123059  -6.196  -58.428  18.546 0.6999999881
20772  -6.100  -58.651  17.925 0.5000000000
119919  -7.090  -57.688  15.543 0.3000000119
28527  -17.305  -50.225  15.237 0.6999999881
21566  -7.353  -57.393  15.673 0.3000000119
22371  -9.155  -56.509  16.483 0.3000000119
27648  -15.408  -50.487  15.547 0.6000000238
23156  -6.933  -56.273  17.627 0.5000000000
21561  -6.698  -57.373  16.528 0.5000000000
22369  -7.242  -57.102  15.698 0.3000000119
30212  -19.659  -47.430  15.813 0.6999999881
24050  -8.340  -54.555  16.349 0.3000000119
23184  -8.282  -56.344  16.075 0.3000000119
23185  -8.507  -55.184  16.315 0.3000000119
117943  -8.048  -56.757  16.127 0.3000000119
27629  -14.661  -50.564  16.379 0.6000000238
23193  -11.388  -55.353  16.341 0.2000000030
30231  -18.328  -47.665  14.751 0.6000000238
30232  -18.992  -47.503  15.345 0.6000000238
24939  -10.958  -53.418  16.148 0.3000000119
22383  -12.021  -55.985  16.068 0.2000000030
30230  -17.489  -47.940  14.288 0.6000000238
109724  -13.045  -53.348  14.037 0.3000000119
24005  -10.109  -54.620  18.313 0.6000000238
105988  -11.666  -52.952  17.805 0.6000000238
24924  -8.374  -53.484  16.635 0.4000000060
24936  -8.613  -53.442  16.239 0.3000000119
24925  -9.125  -53.599  15.959 0.3000000119
30243  -14.592  -47.166  15.181 0.4000000060
26793  -13.162  -51.790  15.175 0.3000000119
26721  -10.617  -51.448  17.572 0.4000000060
27590  -11.370  -49.907  17.584 0.4000000060
25825  -8.507  -52.774  16.973 0.5000000000
26785  -10.073  -51.246  15.864 0.3000000119
25877  -9.604  -52.060  15.775 0.3000000119
122939  -10.440  -52.585  15.807 0.3000000119
29407  -13.753  -47.766  16.557 0.4000000060
32024  -17.169  -45.981  13.781 0.5000000000
27646  -10.373  -50.323  15.953 0.3000000119
26787  -12.493  -51.270  15.519 0.2000000030
30229  -14.117  -46.959  16.311 0.5000000000
27659  -12.746  -49.865  15.278 0.2000000030
28558  -12.340  -48.896  15.400 0.2000000030
115091  -12.953  -50.864  15.284 0.2000000030
29421  -13.169  -48.369  14.149 0.2000000030
29420  -12.526  -48.237  15.211 0.3000000119
24877  -9.688  -53.744  17.824 0.5000000000
26720  -9.638  -51.412  17.222 0.5000000000
28493  -10.451  -49.835  17.251 0.4000000060
125305  -13.727  -45.170  16.862 0.4000000060
32901  -14.476  -43.879  14.643 0.5000000000
29406  -11.304  -48.018  15.795 0.3000000119
31114  -12.619  -46.509  14.496 0.3000000119
31135  -12.924  -46.591  13.738 0.3000000119
30263  -13.212  -47.320  13.481 0.1000000015
32039  -13.054  -45.029  13.305 0.2000000030
28512  -10.101  -48.475  16.755 0.5000000000
28524  -10.070  -48.475  16.455 0.5000000000
110747  -12.115  -45.208  17.309 0.4000000060
31095  -12.913  -45.079  17.293 0.5000000000
31998  -13.340  -44.488  16.813 0.5000000000
30226  -10.875  -47.101  16.434 0.4000000060
31077  -11.647  -45.225  17.064 0.4000000060
32870  -12.552  -43.991  16.366 0.4000000060
115050  -12.869  -43.891  16.448 0.4000000060
32884  -13.552  -43.330  15.490 0.5000000000
31113  -12.191  -45.847  15.523 0.4000000060
31997  -11.989  -44.690  16.519 0.4000000060
32021  -12.356  -45.062  15.271 0.4000000060
32038  -12.642  -44.846  14.311 0.3000000119
32883  -12.802  -43.536  15.866 0.4000000060
33759  -13.015  -43.033  15.554 0.5000000000
34544  -13.194  -42.251  14.879 0.4000000060
31134  -12.633  -45.841  14.383 0.3000000119
32916  -12.859  -44.036  13.719 0.2000000030
32929  -12.876  -43.297  13.754 0.3000000119
32930  -13.209  -43.427  13.381 0.2000000030
46  -10.306  -96.547  11.137 0.3000000119
47  -11.186  -96.690  11.133 0.3000000119
133  -12.060  -96.384  11.345 0.4000000060
141  -12.426  -96.044  10.663 0.4000000060
142  -13.268  -95.604  10.547 0.4000000060
55  -11.721  -96.290  10.188 0.3000000119
144  -15.020  -96.210  10.276 0.5000000000
41  -16.759  -96.503  12.278 0.6999999881
117257  -12.760  -95.996  10.039 0.4000000060
143  -14.048  -95.749  10.160 0.5000000000
48  -15.897  -96.463  10.730 0.6999999881
56  -13.470  -95.915  9.577 0.4000000060
57  -14.482  -96.218  9.796 0.5000000000
2  -17.025  -96.694  12.905 0.6999999881
58  -15.525  -96.537  10.089 0.6000000238
39  -11.499  -96.802  12.229 0.4000000060
246  -13.901  -95.174  10.683 0.6999999881
3  -17.214  -96.733  13.433 0.6999999881
5  -17.344  -96.724  12.557 0.6999999881
11  -17.216  -96.689  10.767 0.6999999881
6  -17.994  -96.799  12.449 0.6999999881
10  -16.144  -96.663  10.122 0.6000000238
9  -17.738  -96.746  11.656 0.6999999881
14  -17.485  -96.685  9.827 0.6000000238
13  -16.751  -96.708  10.035 0.6000000238
12  -17.985  -96.653  10.586 0.6999999881
51  -19.271  -96.199  11.883 0.6999999881
15  -18.254  -96.546  9.573 0.5000000000
109212  -18.792  -96.389  10.299 0.6999999881
106884  -15.431  -96.357  8.572 0.5000000000
122819  -14.844  -93.687  16.017 0.8000000119
533  -20.351  -92.947  15.444 0.6999999881
1075  -20.591  -90.658  15.419 0.6999999881
779  -20.323  -91.531  13.976 0.8000000119
1074  -20.403  -90.567  14.344 0.8000000119
529  -15.129  -92.686  15.366 0.8000000119
358  -14.707  -93.677  15.150 0.6999999881
527  -21.024  -92.844  16.427 0.6999999881
1401  -20.695  -89.708  15.670 0.6000000238
1092  -20.723  -90.165  13.867 0.8999999762
1400  -20.514  -89.174  15.193 0.6000000238
1409  -20.554  -89.562  14.355 0.8000000119
825  -24.289  -92.142  9.462 0.4000000060
571  -22.561  -92.549  10.046 0.5000000000
343  -14.600  -94.082  18.434 0.8000000119
352  -14.743  -94.204  16.879 0.8000000119
113464  -16.161  -91.464  14.484 0.6999999881
518  -15.313  -92.400  17.162 0.8000000119
777  -16.810  -91.188  14.249 0.6999999881
778  -17.277  -91.152  14.316 0.8000000119
766  -20.679  -91.868  15.621 0.6999999881
1739  -20.781  -88.869  15.920 0.6000000238
1738  -20.599  -88.331  15.293 0.6999999881
2625  -28.378  -86.704  11.457 0.6999999881
125715  -29.141  -87.387  10.329 0.6000000238
109606  -28.581  -87.885  10.224 0.6000000238
1800  -30.040  -88.231  9.404 0.6000000238
2612  -26.613  -86.294  12.487 0.6000000238
2613  -28.026  -86.460  12.283 0.5000000000
1463  -29.679  -89.127  9.396 0.6000000238
817  -24.612  -91.339  9.699 0.4000000060
814  -21.178  -91.765  11.034 0.4000000060
119113  -22.113  -91.892  10.879 0.4000000060
816  -23.939  -91.568  10.119 0.4000000060
1122  -24.274  -90.404  10.674 0.4000000060
108572  -14.582  -93.456  18.861 0.8000000119
511  -14.964  -93.153  18.263 0.8000000119
517  -15.026  -93.471  17.615 0.8000000119
525  -15.335  -92.052  16.121 0.8000000119
530  -15.632  -91.668  15.163 0.6999999881
737  -13.468  -91.512  19.859 0.8000000119
499  -14.353  -92.859  19.238 0.8000000119
764  -15.548  -91.442  16.721 0.8000000119
738  -14.201  -91.941  19.233 0.8000000119
112123  -15.673  -90.632  18.024 0.6999999881
532  -18.178  -92.176  15.260 0.8000000119
772  -18.265  -91.289  15.527 0.8000000119
354  -18.219  -93.011  16.630 0.8000000119
521  -21.584  -92.616  17.325 0.6000000238
122538  -21.377  -92.076  16.613 0.6999999881
200  -18.045  -95.508  17.872 0.6999999881
1069  -21.066  -90.238  16.166 0.6000000238
1391  -21.289  -89.503  16.366 0.6000000238
2127  -20.925  -87.114  16.021 0.6999999881
2138  -20.675  -87.466  15.321 0.6000000238
3066  -21.639  -85.423  14.759 0.6000000238
3051  -21.040  -85.984  15.610 0.6000000238
2615  -30.147  -86.087  12.168 0.6999999881
3610  -21.770  -84.746  15.261 0.6000000238
4158  -22.825  -83.837  15.829 0.5000000000
2644  -30.502  -86.564  10.525 0.6999999881
3602  -24.158  -84.060  16.258 0.5000000000
2614  -29.668  -86.403  12.132 0.6000000238
2643  -29.823  -86.915  10.706 0.6999999881
121697  -29.909  -87.415  9.898 0.6000000238
127910  -30.828  -87.107  9.398 0.6000000238
3612  -23.257  -84.190  15.194 0.6000000238
2600  -28.320  -86.465  13.275 0.5000000000
2211  -30.744  -87.532  9.215 0.6000000238
1801  -30.563  -88.429  8.973 0.6000000238
2586  -27.199  -86.161  13.900 0.5000000000
1126  -29.366  -90.121  9.569 0.5000000000
2560  -27.514  -87.337  16.110 0.4000000060
1147  -29.114  -90.898  8.612 0.4000000060
805  -21.798  -91.087  11.304 0.4000000060
1121  -23.401  -90.906  11.115 0.4000000060
1452  -24.592  -89.543  10.142 0.3000000119
1820  -18.458  -88.262  7.457 0.1000000015
109335  -15.691  -91.255  15.808 0.6999999881
1081  -16.990  -90.605  14.748 0.6999999881
1082  -17.397  -90.631  14.845 0.8000000119
1040  -14.040  -90.861  19.330 0.8000000119
1049  -15.230  -91.301  18.426 0.8999999762
106075  -15.725  -90.865  17.189 0.6999999881
1059  -16.151  -90.196  17.100 0.6999999881
1067  -16.607  -89.868  16.296 0.6999999881
765  -18.568  -90.898  16.438 0.8000000119
1041  -15.022  -90.344  18.983 0.6999999881
124422  -15.322  -90.699  18.593 0.8000000119
1379  -16.161  -89.764  17.801 0.6999999881
1060  -16.546  -89.599  17.030 0.6999999881
1398  -17.257  -89.751  15.894 0.6999999881
526  -18.499  -92.175  16.789 0.6999999881
122031  -18.298  -93.762  18.520 0.6999999881
346  -20.652  -93.720  18.894 0.6000000238
761  -21.948  -91.699  17.234 0.6999999881
344  -18.478  -94.137  18.972 0.6999999881
193  -19.184  -94.226  19.344 0.6999999881
767  -21.377  -91.118  16.460 0.6999999881
1392  -22.168  -89.460  17.026 0.6000000238
112830  -21.440  -87.576  16.616 0.6999999881
3039  -21.221  -85.522  16.404 0.5000000000
2558  -21.312  -86.607  16.626 0.6000000238
2557  -21.007  -86.383  16.025 0.6000000238
3083  -29.804  -86.163  12.985 0.6000000238
3103  -30.498  -86.058  11.389 0.6999999881
117740  -21.404  -84.746  15.968 0.5000000000
3600  -21.970  -84.153  16.078 0.5000000000
108142  -29.724  -86.207  13.153 0.6000000238
3130  -30.731  -86.143  10.057 0.6999999881
119255  -29.287  -86.464  12.958 0.5000000000
2588  -29.327  -86.878  14.598 0.4000000060
2212  -30.891  -87.455  8.776 0.6000000238
3040  -25.769  -85.503  16.673 0.5000000000
2587  -28.485  -86.896  14.456 0.4000000060
1474  -30.323  -89.424  8.247 0.6000000238
1465  -30.761  -88.523  8.404 0.6000000238
2129  -28.848  -87.676  16.728 0.4000000060
1136  -29.559  -90.240  8.856 0.5000000000
113333  -30.459  -89.398  7.496 0.5000000000
1158  -29.102  -90.721  7.585 0.5000000000
2538  -27.345  -86.612  18.023 0.4000000060
1156  -27.632  -90.793  7.402 0.5000000000
804  -20.907  -90.861  11.227 0.4000000060
1496  -25.842  -89.600  6.611 0.4000000060
1503  -25.570  -90.226  5.769 0.3000000119
1112  -23.479  -89.853  11.275 0.3000000119
1495  -24.851  -89.432  6.416 0.3000000119
1786  -24.204  -88.860  10.177 0.3000000119
2243  -18.135  -87.819  6.730 0.1000000015
2233  -18.205  -87.520  7.545 0.1000000015
1676  -17.592  -88.834  21.915 0.6000000238
1341  -17.744  -89.634  22.189 0.5000000000
2071  -18.294  -86.960  21.651 0.5000000000
2058  -17.665  -87.691  21.651 0.6000000238
1399  -17.872  -89.778  15.798 0.8000000119
1039  -13.358  -90.364  19.969 0.8000000119
1362  -14.194  -89.753  19.494 0.8000000119
1363  -15.188  -89.332  19.167 0.8000000119
1381  -17.493  -88.864  16.819 0.6999999881
1358  -13.599  -89.103  20.194 0.8000000119
1700  -14.489  -88.628  19.732 0.6999999881
1370  -16.206  -89.202  18.227 0.8000000119
1723  -17.607  -88.292  17.368 0.6000000238
1390  -18.193  -89.194  16.426 0.6999999881
519  -18.456  -92.787  18.110 0.6999999881
1380  -16.795  -89.008  17.404 0.6999999881
340  -19.087  -93.833  19.858 0.6999999881
112563  -30.125  -85.488  10.744 0.6999999881
3072  -29.578  -86.227  13.855 0.5000000000
2602  -29.549  -86.438  13.854 0.4000000060
2659  -30.571  -86.380  9.516 0.6999999881
116975  -30.719  -89.103  7.311 0.6000000238
3041  -26.478  -86.312  16.857 0.4000000060
1157  -28.313  -90.831  7.018 0.5000000000
2539  -28.165  -87.208  18.412 0.4000000060
812  -19.478  -91.305  10.719 0.4000000060
1486  -26.693  -90.157  6.913 0.5000000000
1164  -26.587  -90.534  6.055 0.3000000119
1109  -20.716  -89.992  11.304 0.4000000060
1110  -21.545  -90.137  11.455 0.3000000119
115390  -25.149  -91.367  5.172 0.6000000238
1119  -19.482  -90.368  10.609 0.3000000119
112778  -21.276  -89.287  11.529 0.3000000119
1440  -23.273  -88.968  11.142 0.3000000119
1175  -24.474  -90.317  5.640 0.5000000000
1143  -18.354  -90.491  8.480 0.1000000015
1449  -19.404  -89.457  10.598 0.3000000119
1798  -23.881  -88.558  9.865 0.5000000000
115452  -18.612  -89.480  8.258 0.1000000015
1459  -18.708  -89.800  9.200 0.2000000030
1774  -20.877  -88.600  11.518 0.4000000060
1784  -22.841  -88.387  10.949 0.4000000060
1163  -23.318  -89.896  6.434 0.4000000060
1174  -23.336  -90.719  5.516 0.5000000000
1470  -18.713  -88.714  9.047 0.3000000119
1807  -18.556  -87.880  8.335 0.3000000119
2207  -18.715  -87.639  9.502 0.3000000119
2194  -18.984  -86.967  10.298 0.4000000060
2220  -18.434  -87.213  8.830 0.2000000030
2242  -17.613  -87.316  5.934 0.1000000015
1003  -16.939  -90.531  22.875 0.6000000238
119520  -17.124  -87.156  21.405 0.6999999881
2042  -16.297  -87.751  23.175 0.6999999881
2069  -16.437  -86.844  21.080 0.6999999881
109502  -17.078  -86.584  20.695 0.6000000238
2508  -17.931  -86.136  20.675 0.6000000238
760  -18.742  -91.607  17.555 0.6999999881
1349  -13.393  -89.189  22.173 0.6999999881
750  -18.592  -92.279  18.859 0.6999999881
1729  -17.978  -88.671  16.725 0.6000000238
513  -18.430  -93.401  19.149 0.6999999881
1168  -29.906  -89.846  6.953 0.6000000238
1165  -27.534  -90.824  6.305 0.5000000000
123371  -24.204  -91.156  5.106 0.6000000238
611  -24.217  -92.038  3.364 0.6999999881
609  -22.653  -92.459  3.925 0.6000000238
1460  -18.903  -89.164  9.968 0.3000000119
1173  -22.403  -91.103  5.230 0.6000000238
1185  -21.874  -91.647  4.714 0.6000000238
1437  -19.954  -88.792  11.258 0.4000000060
2182  -22.172  -88.014  11.189 0.4000000060
1482  -22.702  -89.444  7.316 0.4000000060
1502  -22.035  -90.301  5.823 0.5000000000
1172  -21.709  -90.853  5.067 0.5000000000
2181  -21.320  -87.779  11.337 0.4000000060
116718  -21.848  -87.460  10.946 0.4000000060
1834  -22.075  -89.412  7.097 0.4000000060
1501  -21.681  -90.050  5.501 0.4000000060
1481  -18.503  -89.108  7.444 0.1000000015
1796  -18.870  -88.369  9.969 0.3000000119
119016  -19.726  -87.891  11.163 0.3000000119
2196  -20.437  -87.312  11.237 0.4000000060
1809  -22.287  -88.008  8.989 0.4000000060
106034  -21.707  -88.882  6.573 0.5000000000
105968  -21.596  -89.052  5.655 0.5000000000
2208  -19.117  -87.728  10.495 0.3000000119
113613  -21.828  -87.067  10.250 0.4000000060
2221  -21.878  -87.370  8.370 0.4000000060
2252  -17.593  -87.878  5.312 0.1000000015
2687  -17.081  -87.205  5.201 0.1000000015
2195  -19.621  -86.995  10.866 0.4000000060
2642  -21.212  -86.312  10.316 0.4000000060
2656  -21.573  -86.361  9.529 0.4000000060
2668  -21.677  -86.496  8.644 0.4000000060
2655  -18.449  -86.639  9.627 0.4000000060
3112  -20.632  -85.816  10.336 0.4000000060
118173  -17.768  -86.795  7.762 0.1000000015
2667  -17.945  -86.583  8.701 0.2000000030
3110  -19.221  -85.538  10.413 0.4000000060
2666  -17.566  -85.840  8.898 0.4000000060
3123  -18.342  -85.602  10.011 0.4000000060
113809  -16.453  -88.417  23.849 0.6999999881
2027  -16.128  -87.505  24.324 0.6999999881
1675  -17.070  -89.012  22.019 0.6000000238
2077  -15.262  -87.223  20.547 0.6999999881
107333  -16.032  -87.042  21.608 0.6999999881
124499  -13.575  -87.994  22.967 0.6999999881
1685  -13.545  -88.189  22.122 0.6999999881
1382  -18.782  -89.405  16.997 0.6999999881
1062  -19.078  -90.097  17.684 0.6999999881
500  -18.600  -93.122  19.642 0.6999999881
1701  -15.405  -88.282  19.415 0.8000000119
107123  -18.355  -88.755  16.868 0.6999999881
116131  -18.886  -93.526  19.894 0.6999999881
2526  -28.356  -86.927  19.248 0.4000000060
117362  -10.961  -86.660  10.256 0.6000000238
113282  -22.244  -91.989  1.713 0.6000000238
625  -23.075  -92.224  2.561 0.6999999881
2202  -10.419  -87.309  9.773 0.6000000238
2649  -11.429  -86.010  9.951 0.6000000238
113257  -21.847  -92.588  3.331 0.6999999881
622  -20.540  -92.549  2.519 0.6999999881
608  -21.617  -92.336  4.129 0.6000000238
124090  -20.455  -91.950  3.407 0.6000000238
1184  -21.280  -91.541  4.465 0.6000000238
1189  -20.872  -91.331  3.974 0.6000000238
1510  -21.389  -90.492  4.617 0.6000000238
108494  -21.488  -89.327  4.058 0.6000000238
1854  -21.552  -88.823  4.765 0.6000000238
113512  -17.211  -86.194  7.134 0.3000000119
3137  -21.396  -85.783  8.847 0.4000000060
3661  -19.707  -84.902  10.256 0.4000000060
3124  -20.405  -85.171  10.070 0.4000000060
2068  -15.590  -86.954  21.129 0.6999999881
2067  -14.569  -87.201  21.323 0.6999999881
2091  -15.729  -87.394  19.805 0.6999999881
1693  -14.058  -87.934  20.532 0.6999999881
751  -18.872  -91.468  18.960 0.6999999881
1022  -6.445  -91.330  21.012 0.3000000119
1336  -6.664  -90.368  22.266 0.4000000060
1011  -5.908  -90.840  22.431 0.3000000119
1020  -4.868  -90.733  20.496 0.2000000030
1009  -5.178  -90.320  22.863 0.3000000119
1346  -4.846  -89.918  21.314 0.1000000015
884  -20.165  -92.360  0.943 0.5000000000
879  -20.110  -92.505  1.668 0.6999999881
119780  -19.751  -92.347  0.991 0.6999999881
627  -21.562  -92.523  2.275 0.6999999881
1770  -9.820  -88.121  11.038 0.4000000060
2619  -9.851  -86.061  11.768 0.6999999881
4263  -19.376  -83.580  1.325 0.6000000238
118744  -18.028  -84.717  0.297 0.6000000238
873  -20.231  -92.569  2.190 0.6999999881
1769  -9.027  -88.594  11.391 0.5000000000
2175  -9.355  -87.603  11.603 0.5000000000
4790  -20.050  -82.811  2.751 0.6000000238
3718  -19.631  -84.548  1.453 0.6000000238
2174  -8.439  -88.079  11.726 0.5000000000
4257  -20.313  -83.796  2.547 0.6999999881
1197  -20.551  -90.863  3.139 0.6999999881
5310  -20.693  -81.989  5.319 0.6999999881
4250  -20.532  -83.367  3.393 0.6999999881
3712  -20.778  -84.079  3.206 0.6000000238
3193  -20.278  -85.165  1.861 0.6000000238
109231  -20.304  -86.084  1.597 0.6999999881
1523  -21.197  -89.564  3.150 0.6000000238
122821  -20.865  -82.665  4.910 0.8000000119
4251  -20.984  -83.861  3.844 0.6999999881
1863  -21.513  -88.510  3.189 0.6999999881
4770  -21.309  -82.728  6.320 0.8000000119
113882  -21.665  -88.213  4.056 0.8000000119
115530  -21.285  -85.354  8.284 0.4000000060
3136  -17.374  -85.121  8.525 0.4000000060
3122  -17.714  -85.316  9.387 0.4000000060
1642  -16.227  -88.203  24.960 0.6999999881
2041  -15.695  -86.960  23.538 0.6999999881
2026  -15.450  -87.018  24.525 0.6999999881
2054  -13.954  -87.305  22.289 0.6999999881
1694  -14.875  -87.735  20.051 0.8000000119
2104  -17.016  -87.350  18.678 0.6000000238
126506  -14.657  -87.480  20.579 0.6999999881
1702  -16.209  -87.843  19.067 0.8000000119
1383  -19.179  -89.381  17.891 0.6999999881
1050  -18.976  -91.055  18.120 0.6999999881
4798  -19.203  -82.643  1.324 0.6000000238
4273  -17.841  -83.717  0.437 0.6000000238
5343  -18.954  -81.311  2.093 0.6000000238
5355  -18.939  -81.894  1.461 0.6000000238
3717  -18.806  -84.099  0.788 0.6000000238
108857  -19.091  -91.488  0.522 0.6999999881
3095  -8.998  -85.851  11.557 0.6000000238
121223  -19.662  -81.011  4.073 0.6000000238
4789  -19.593  -82.162  1.959 0.6000000238
1886  -18.235  -89.032  -1.150 0.5000000000
1879  -18.367  -89.158  -0.521 0.5000000000
1532  -18.490  -90.917  0.046 0.6999999881
110985  -19.886  -91.108  2.180 0.6999999881
1768  -7.807  -89.311  11.679 0.5000000000
5853  -19.512  -80.434  5.731 0.6999999881
5330  -19.964  -81.661  3.827 0.6000000238
3198  -18.950  -85.034  0.826 0.6000000238
3192  -19.651  -85.495  1.248 0.6000000238
2285  -18.940  -88.262  0.100 0.6000000238
1880  -18.771  -89.623  0.229 0.6999999881
1528  -19.139  -90.500  0.813 0.6999999881
5854  -20.244  -81.155  5.514 0.8000000119
4785  -20.253  -82.521  3.624 0.6999999881
2719  -19.507  -86.471  0.877 0.6000000238
1876  -19.849  -89.173  1.219 0.6999999881
1529  -19.970  -90.064  1.670 0.6999999881
1522  -20.654  -89.802  2.426 0.6999999881
5317  -20.122  -81.511  4.679 0.6999999881
5301  -20.749  -81.559  6.181 0.8000000119
127707  -21.028  -82.185  6.015 0.8000000119
2713  -20.920  -86.617  2.034 0.6999999881
2274  -21.260  -87.992  2.352 0.8000000119
3189  -21.270  -85.515  3.123 0.6000000238
2264  -21.638  -87.301  3.290 0.8000000119
4226  -21.134  -83.345  8.510 0.6000000238
3671  -17.727  -84.391  9.047 0.4000000060
3673  -19.599  -84.048  9.862 0.5000000000
117350  -21.021  -84.320  8.664 0.6000000238
115694  -18.122  -84.769  9.761 0.4000000060
3674  -20.226  -84.395  9.777 0.5000000000
3675  -20.723  -84.772  9.332 0.6000000238
116882  -15.829  -89.967  25.791 0.6000000238
1314  -16.063  -89.112  25.465 0.6000000238
2019  -15.750  -87.527  25.092 0.6999999881
1371  -19.407  -89.511  18.737 0.6999999881
117036  -19.514  -90.209  19.417 0.6999999881
114396  -7.268  -91.133  24.601 0.6999999881
1327  -7.289  -89.907  23.141 0.6000000238
122811  -6.775  -91.343  23.919 0.6000000238
999  -6.238  -91.171  23.574 0.4000000060
112271  -5.758  -90.866  23.073 0.3000000119
991  -5.431  -91.097  24.068 0.3000000119
998  -4.964  -90.336  23.507 0.2000000030
1669  -5.094  -88.845  22.553 0.2000000030
4797  -18.391  -82.322  1.036 0.6000000238
3723  -16.805  -84.409  -0.050 0.5000000000
1882  -17.496  -88.044  -1.190 0.5000000000
5869  -19.158  -80.613  4.006 0.6000000238
3197  -18.282  -85.581  0.285 0.6000000238
1883  -17.968  -88.677  -0.888 0.5000000000
3096  -9.511  -85.306  11.749 0.6000000238
2618  -8.359  -86.559  11.311 0.6000000238
117458  -18.532  -86.361  0.290 0.6000000238
2173  -6.116  -88.564  11.035 0.5000000000
120164  -7.452  -88.778  11.774 0.5000000000
5838  -19.671  -80.373  6.685 0.6999999881
2280  -19.697  -88.236  0.903 0.6000000238
5839  -20.302  -80.856  6.407 0.6999999881
2720  -20.296  -87.156  1.355 0.6999999881
2281  -20.601  -88.094  1.570 0.6999999881
1871  -20.676  -88.930  1.937 0.6999999881
1872  -21.138  -88.888  2.572 0.6999999881
5811  -19.969  -80.378  8.220 0.8000000119
5825  -20.735  -81.128  8.169 0.8000000119
111002  -21.331  -87.121  2.433 0.6999999881
3683  -17.424  -84.045  8.043 0.3000000119
3672  -18.616  -83.797  9.434 0.4000000060
3699  -16.717  -84.787  6.815 0.2000000030
1305  -15.329  -89.261  26.242 0.6999999881
118400  -14.419  -89.737  26.709 0.6000000238
119587  -14.425  -88.700  26.469 0.6999999881
1633  -13.199  -88.552  26.590 0.6999999881
2486  -14.919  -86.664  23.185 0.6999999881
699  -6.611  -91.819  24.807 0.5000000000
698  -6.010  -91.520  24.560 0.4000000060
4808  -17.679  -82.937  0.681 0.6000000238
2730  -15.513  -86.802  -1.475 0.5000000000
2287  -15.771  -86.994  -1.100 0.5000000000
2292  -16.955  -87.436  -1.471 0.5000000000
3201  -15.658  -86.369  -0.755 0.5000000000
2289  -17.337  -87.787  -0.903 0.5000000000
2722  -16.603  -86.732  -0.602 0.5000000000
2723  -17.631  -87.117  -0.374 0.5000000000
2724  -18.766  -87.249  0.183 0.5000000000
1766  -5.761  -89.085  11.468 0.6000000238
1765  -5.198  -88.742  11.548 0.5000000000
112935  -5.192  -89.004  12.571 0.5000000000
3690  -17.108  -84.031  7.454 0.3000000119
689  -6.322  -91.854  25.224 0.4000000060
983  -5.447  -91.158  24.840 0.4000000060
2171  -4.921  -88.122  11.130 0.5000000000
108168  -4.966  -88.670  13.274 0.5000000000
2163  -4.785  -88.268  12.183 0.5000000000
690  -6.903  -92.157  25.596 0.6000000238
108241  -6.230  -91.894  27.132 0.6000000238
1319  -4.764  -89.499  23.645 0.2000000030
119769  -4.981  -88.712  23.227 0.2000000030
109609  -15.693  -81.723  1.049 0.5000000000
5905  -15.712  -81.113  0.342 0.5000000000
5917  -16.563  -80.770  -1.140 0.5000000000
5911  -17.447  -79.965  -0.684 0.5000000000
2616  -4.922  -86.663  11.494 0.5000000000
3094  -5.075  -85.628  11.001 0.6000000238
115896  -4.968  -88.635  14.174 0.5000000000
3084  -5.253  -85.673  12.002 0.6000000238
6468  -18.743  -79.248  -1.621 0.4000000060
2575  -4.931  -87.097  14.484 0.5000000000
2154  -4.806  -87.862  13.552 0.5000000000
2590  -5.149  -86.916  13.489 0.5000000000
126648  -5.033  -86.403  12.235 0.5000000000
974  -5.529  -91.183  26.620 0.6000000238
109024  -4.642  -89.427  25.605 0.5000000000
990  -4.868  -90.372  24.226 0.5000000000
118276  -4.608  -88.564  25.085 0.4000000060
1650  -4.728  -88.196  24.412 0.3000000119
5918  -17.569  -80.289  -1.204 0.5000000000
3656  -5.184  -84.630  10.557 0.6999999881
3057  -5.524  -86.135  14.726 0.5000000000
114499  -6.135  -85.460  12.691 0.5000000000
2576  -5.923  -86.231  13.922 0.5000000000
6470  -20.029  -78.827  -1.368 0.4000000060
107103  -5.124  -90.600  25.692 0.6000000238
1302  -4.523  -88.987  26.580 0.5000000000
3646  -5.368  -84.699  11.530 0.6999999881
4188  -5.367  -83.763  11.113 0.6999999881
117832  -5.136  -82.214  10.074 0.8999999762
5247  -5.306  -81.101  9.695 0.8000000119
3639  -5.939  -84.842  12.233 0.6000000238
4177  -5.653  -83.799  12.028 0.8000000119
4720  -5.261  -82.188  10.980 0.8000000119
5233  -5.274  -81.449  11.295 0.8000000119
6987  -21.095  -78.578  -0.523 0.3000000119
3074  -6.503  -85.502  13.390 0.5000000000
6988  -21.917  -77.622  -0.799 0.2000000030
5221  -5.380  -81.289  12.211 0.8999999762
963  -4.987  -90.350  27.376 0.6000000238
973  -4.805  -90.019  26.522 0.6000000238
1629  -4.450  -88.347  25.864 0.3000000119
4148  -7.188  -83.523  15.029 0.6999999881
4162  -7.400  -83.795  14.373 0.6000000238
3631  -7.072  -84.887  13.428 0.6000000238
4710  -6.387  -83.300  12.508 0.6999999881
4161  -6.781  -84.474  14.806 0.5000000000
3058  -6.648  -85.334  14.163 0.6000000238
4701  -6.689  -82.440  12.764 0.8000000119
114554  -5.680  -82.878  12.130 0.8000000119
124283  -4.712  -89.518  27.886 0.6000000238
1625  -4.481  -88.786  27.429 0.6000000238
106484  -4.304  -88.032  26.819 0.5000000000
5205  -7.961  -81.634  13.960 0.8000000119
106453  -7.609  -83.165  14.443 0.6999999881
4173  -7.538  -83.350  13.677 0.6999999881
112327  -7.497  -82.365  13.444 0.8000000119
5214  -6.375  -81.547  13.176 0.8000000119
4147  -6.276  -83.875  15.584 0.6000000238
5213  -5.584  -81.172  13.092 0.8999999762
3594  -4.418  -84.785  16.331 0.5000000000
2878  -10.691  -85.435  31.351 0.6999999881
111805  -4.534  -89.077  29.156 0.6000000238
107513  -4.280  -87.951  28.401 0.6000000238
4684  -7.649  -82.601  15.059 0.6999999881
4683  -6.727  -83.029  15.720 0.6999999881
2866  -9.641  -85.786  33.407 0.6999999881
1610  -4.451  -88.656  29.671 0.6999999881
1981  -4.312  -87.860  29.281 0.6000000238
2002  -4.282  -87.490  27.561 0.6000000238
2455  -4.291  -86.581  27.375 0.5000000000
4677  -7.228  -82.250  15.967 0.6999999881
4135  -5.628  -83.334  16.174 0.6000000238
1969  -4.508  -88.120  30.834 0.6999999881
1994  -4.326  -87.158  28.334 0.5000000000
5707  -8.151  -80.660  16.381 0.6999999881
4675  -5.063  -82.869  16.751 0.6999999881
4676  -6.184  -82.588  16.421 0.8000000119
114027  -4.439  -87.558  30.090 0.6000000238
2429  -4.482  -86.795  29.218 0.5000000000
5696  -6.737  -80.811  17.544 0.6999999881
5698  -8.408  -79.887  16.649 0.6999999881
5181  -6.682  -81.829  16.663 0.6999999881
4668  -5.707  -82.172  17.079 0.6999999881
109062  -7.249  -80.338  17.819 0.8000000119
4667  -4.717  -82.564  17.469 0.5000000000
2897  -4.811  -85.927  29.829 0.5000000000
5168  -5.228  -81.797  17.721 0.4000000060
5162  -5.757  -81.009  17.904 0.6999999881
5687  -6.425  -80.472  18.160 0.6000000238
106093  -4.599  -83.921  30.166 0.4000000060
3435  -4.654  -84.783  31.027 0.5000000000
5686  -5.517  -80.629  18.474 0.6000000238
125052  -4.590  -83.941  31.087 0.4000000060
4526  -4.093  -82.917  32.579 0.4000000060
5160  -3.603  -82.285  18.965 0.4000000060
5678  -6.055  -80.174  18.886 0.6999999881
5153  -3.795  -81.440  19.138 0.6000000238
5677  -4.744  -80.542  19.073 0.6999999881
108712  -5.733  -80.072  19.639 0.6999999881
5664  -3.439  -80.383  20.323 0.6000000238
5665  -4.474  -80.047  19.798 0.6000000238
5653  -3.339  -80.297  21.699 0.4000000060
6201  -5.285  -79.374  20.974 0.6999999881
6200  -4.178  -79.279  21.162 0.5000000000
5533  -3.363  -80.455  34.605 0.4000000060
6202  -6.111  -79.429  21.665 0.8000000119
6630  -3.585  -78.744  35.998 0.6999999881
7711  -4.791  -77.199  36.062 0.6000000238
121220  -5.017  -78.778  21.581 0.8000000119
6056  -8.866  -79.568  36.932 0.8999999762
6069  -8.308  -79.349  36.403 0.8999999762
6057  -9.464  -79.066  37.405 0.8999999762
112352  -4.071  -78.098  36.076 0.6000000238
6729  -4.448  -78.295  22.149 0.8000000119
6070  -8.920  -78.967  36.962 0.8999999762
7155  -9.920  -77.809  37.836 0.8999999762
7704  -4.517  -77.394  37.327 0.5000000000
7162  -3.956  -78.245  37.208 0.6999999881
115815  -3.409  -78.075  22.997 0.6000000238
7144  -8.121  -77.144  38.385 0.8999999762
7153  -7.819  -77.782  37.774 0.8999999762
7145  -9.505  -77.147  38.218 0.8000000119
7154  -9.033  -77.702  37.645 0.8999999762
6610  -8.621  -78.323  37.208 0.8999999762
6609  -7.615  -78.315  37.133 0.8999999762
7260  -3.436  -77.122  23.337 0.6000000238
7272  -4.036  -77.731  22.703 0.6000000238
7788  -3.508  -75.922  23.645 0.6000000238
8209  -4.768  -75.916  37.792 0.8000000119
7698  -4.932  -76.381  37.207 0.8000000119
10655  -14.174  -71.772  19.450 0.6999999881
124241  -14.440  -72.152  18.983 0.6000000238
7697  -4.333  -77.235  38.516 0.8000000119
7688  -4.245  -77.088  39.763 0.8000000119
8214  -4.881  -75.433  36.605 0.6000000238
8298  -3.464  -74.714  25.603 0.6999999881
11411  -11.205  -69.872  17.326 0.4000000060
121561  -4.233  -76.333  38.937 0.8000000119
119302  -4.700  -75.000  37.226 0.6999999881
114992  -4.319  -75.276  38.400 0.8000000119
8220  -4.510  -74.826  35.336 0.5000000000
8776  -4.393  -74.127  36.016 0.5000000000
8180  -3.996  -75.959  41.260 0.8999999762
8196  -3.886  -76.029  39.933 0.8000000119
111635  -3.851  -75.079  39.327 0.8000000119
8771  -4.463  -74.269  37.399 0.6999999881
9323  -4.408  -73.374  36.480 0.6000000238
8785  -4.086  -73.739  34.593 0.3000000119
112422  -3.965  -75.140  41.294 0.8000000119
118603  -3.792  -74.498  39.527 0.8000000119
8760  -4.138  -74.366  38.541 0.8000000119
9294  -3.925  -73.629  39.143 0.8000000119
9858  -4.412  -72.584  35.873 0.5000000000
10507  -4.314  -70.999  31.624 0.6999999881
9313  -4.334  -73.568  37.742 0.8000000119
106197  -11.715  -58.945  29.736 0.8000000119
9842  -4.560  -72.216  36.928 0.6000000238
10446  -4.667  -72.027  35.782 0.5000000000
11197  -3.743  -70.112  30.972 0.6999999881
108351  -4.466  -72.915  37.010 0.6999999881
19806  -11.949  -59.118  30.449 0.8000000119
119122  -12.854  -59.934  31.036 0.8000000119
11894  -5.086  -69.589  35.660 0.5000000000
12705  -4.897  -68.716  35.365 0.4000000060
116221  -4.973  -71.235  35.874 0.5000000000
19791  -11.642  -59.116  31.795 0.8000000119
11099  -5.059  -70.336  36.110 0.6000000238
12682  -4.767  -68.997  36.345 0.6000000238
18962  -14.086  -60.729  29.696 0.8999999762
17353  -4.801  -62.189  32.831 0.8000000119
12770  -4.534  -68.286  31.647 0.6999999881
20635  -11.796  -58.039  33.257 0.8000000119
19808  -13.957  -59.767  31.404 0.6000000238
19795  -14.746  -58.420  31.667 0.5000000000
17372  -6.575  -61.729  32.669 0.8000000119
18953  -15.720  -59.811  30.549 0.8000000119
120119  -14.993  -59.540  31.183 0.5000000000
118366  -4.020  -66.811  35.714 0.6000000238
16554  -4.459  -62.870  34.167 0.8000000119
16570  -4.383  -62.635  33.349 0.8000000119
18975  -16.420  -60.506  28.692 0.6999999881
115359  -4.459  -63.134  34.930 0.8000000119
122803  -4.233  -63.037  33.830 0.6999999881
20686  -18.848  -57.993  26.469 0.5000000000
13631  -3.868  -66.699  30.456 0.6999999881
18964  -16.141  -60.324  29.583 0.6000000238
15790  -4.383  -63.594  35.445 0.8000000119
21468  -18.898  -57.348  26.868 0.3000000119
20690  -18.825  -57.778  25.228 0.6000000238
15050  -4.061  -65.109  35.775 0.6999999881
22296  -18.734  -56.545  26.240 0.4000000060
18965  -17.014  -60.102  29.215 0.5000000000
21472  -18.791  -57.203  25.975 0.4000000060
15051  -4.114  -65.901  34.976 0.5000000000
23113  -18.752  -55.572  25.473 0.6000000238
23976  -18.830  -55.052  25.299 0.6000000238
24837  -17.894  -54.149  25.609 0.6000000238
24841  -18.699  -54.379  25.215 0.6000000238
23977  -19.307  -54.893  25.109 0.6999999881
23104  -18.756  -55.949  26.666 0.4000000060
116667  -18.404  -55.254  26.255 0.5000000000
23970  -17.977  -54.687  26.076 0.4000000060
23969  -17.528  -54.315  26.070 0.5000000000
106088  -17.733  -53.515  25.322 0.6000000238
109363  -18.372  -53.594  25.124 0.6999999881
113898  -20.210  -54.795  25.085 0.6999999881
23964  -18.340  -54.714  26.479 0.5000000000
24831  -17.540  -54.300  26.166 0.4000000060
24836  -16.920  -53.802  25.909 0.5000000000
25760  -18.972  -52.890  25.281 0.6999999881
24842  -20.373  -53.401  25.241 0.6999999881
23978  -21.986  -53.939  24.705 0.8000000119
24838  -19.280  -53.572  25.164 0.6999999881
107516  -20.823  -54.045  25.099 0.6999999881
17452  -4.378  -62.113  27.972 0.5000000000
18175  -4.253  -61.581  27.388 0.6000000238
25761  -20.023  -52.718  25.390 0.8000000119
24843  -21.348  -53.290  24.950 0.8000000119
25770  -20.987  -52.644  25.089 0.8000000119
106039  -22.132  -53.187  24.477 0.8000000119
114594  -21.519  -51.992  24.629 0.8000000119
17473  -4.650  -61.429  27.420 0.5000000000
25780  -22.523  -52.525  23.192 0.8000000119
124488  -3.955  -60.918  26.754 0.6999999881
19045  -3.897  -59.858  25.298 0.6999999881
24858  -23.060  -53.323  21.860 0.6999999881
26647  -19.684  -51.856  25.509 0.6999999881
26658  -20.823  -51.865  25.124 0.8000000119
119868  -20.590  -51.018  25.231 0.6999999881
26659  -21.509  -51.220  24.538 0.8000000119
26670  -22.338  -51.792  23.237 0.8000000119
27546  -22.197  -50.966  22.977 0.8000000119
19868  -7.287  -58.941  24.832 0.5000000000
115901  -22.531  -52.208  22.654 0.8000000119
26679  -22.424  -51.536  22.475 0.8000000119
20706  -5.479  -58.218  24.277 0.6000000238
106468  -23.067  -52.771  21.191 0.6999999881
26687  -22.871  -51.953  21.285 0.6999999881
20735  -4.833  -57.863  22.172 0.6999999881
19907  -4.651  -58.790  22.962 0.6999999881
20724  -6.753  -57.457  23.357 0.6000000238
24879  -23.254  -53.462  19.587 0.6999999881
107233  -4.843  -57.897  21.151 0.6999999881
21487  -9.225  -56.900  23.326 0.6000000238
27523  -20.405  -50.298  25.216 0.6999999881
27535  -21.044  -50.451  24.726 0.6999999881
26669  -22.058  -51.127  23.763 0.8000000119
120411  -21.868  -50.442  23.495 0.8000000119
26686  -22.568  -51.345  21.760 0.8000000119
20736  -5.210  -57.594  21.597 0.6999999881
20723  -5.623  -57.590  22.766 0.6000000238
21485  -7.812  -57.302  23.429 0.6000000238
25805  -23.154  -52.273  20.443 0.6999999881
26696  -22.795  -51.171  21.099 0.6999999881
125997  -8.341  -57.206  22.165 0.6000000238
21497  -9.636  -56.701  22.690 0.6000000238
26709  -23.218  -51.860  19.487 0.8000000119
21512  -10.172  -56.591  21.937 0.5000000000
22313  -10.601  -56.289  22.439 0.6000000238
111552  -5.093  -57.868  20.695 0.6999999881
23160  -13.465  -55.544  18.670 0.6000000238
28428  -20.608  -49.773  24.884 0.6999999881
28429  -21.261  -49.960  24.319 0.8000000119
28443  -21.488  -49.664  23.585 0.8000000119
29328  -21.532  -49.159  22.650 0.6999999881
27554  -22.300  -50.741  22.217 0.8000000119
121775  -22.143  -49.971  21.965 0.8000000119
27560  -22.525  -50.485  21.395 0.8000000119
21495  -6.890  -57.371  22.312 0.6999999881
21510  -7.678  -58.059  20.832 0.6999999881
111302  -22.694  -49.962  20.775 0.6999999881
27565  -22.967  -50.604  20.431 0.8000000119
20737  -6.006  -57.848  20.878 0.6999999881
21523  -10.114  -57.507  20.618 0.6000000238
27595  -23.141  -51.487  18.687 0.6999999881
27576  -23.153  -50.296  19.397 0.6000000238
21537  -10.538  -57.592  19.871 0.5000000000
22337  -10.969  -57.401  19.221 0.5000000000
27593  -22.518  -50.618  17.784 0.8000000119
27594  -23.101  -50.691  18.492 0.6999999881
22338  -11.985  -57.114  19.347 0.6000000238
22350  -12.306  -56.642  18.755 0.6000000238
23159  -12.585  -55.785  18.339 0.5000000000
22351  -13.217  -56.232  19.096 0.6000000238
123417  -21.362  -48.551  22.114 0.6000000238
29338  -22.165  -48.777  21.088 0.6000000238
28460  -22.337  -49.599  21.294 0.6999999881
21536  -9.515  -57.969  19.696 0.6000000238
28468  -22.682  -49.229  20.396 0.6000000238
120036  -23.017  -49.889  20.116 0.6000000238
28480  -23.039  -49.497  19.203 0.5000000000
128062  -23.120  -50.073  18.764 0.6999999881
115265  -11.310  -56.753  18.665 0.6000000238
23148  -11.529  -55.766  18.322 0.5000000000
124125  -13.014  -54.430  17.763 0.5000000000
28497  -22.205  -49.984  17.551 0.6999999881
24019  -13.714  -54.724  18.434 0.6000000238
26725  -16.858  -51.899  18.161 0.6999999881
26748  -15.265  -51.722  17.524 0.6000000238
117327  -15.886  -51.576  17.404 0.6999999881
29336  -21.020  -47.897  21.934 0.4000000060
30173  -21.347  -47.514  21.330 0.4000000060
29346  -21.974  -47.982  20.881 0.6000000238
30179  -22.351  -47.687  20.079 0.5000000000
29353  -22.717  -48.483  19.456 0.6000000238
29361  -22.699  -48.877  18.359 0.6999999881
110276  -12.327  -54.401  17.803 0.5000000000
28515  -21.435  -49.747  17.111 0.6999999881
120280  -12.372  -52.788  17.656 0.5000000000
25848  -14.100  -52.527  17.519 0.5000000000
115778  -12.786  -52.102  17.537 0.4000000060
26747  -14.374  -51.674  17.382 0.6000000238
31039  -20.283  -46.544  21.591 0.4000000060
30178  -21.785  -47.162  20.616 0.5000000000
30182  -22.167  -46.924  19.697 0.6000000238
29360  -22.254  -47.642  18.176 0.6999999881
117789  -21.848  -47.830  17.517 0.6999999881
29390  -20.625  -48.360  16.494 0.6999999881
26723  -12.679  -51.012  17.469 0.4000000060
27610  -13.413  -50.205  17.056 0.4000000060
26746  -13.558  -50.941  17.284 0.5000000000
30177  -21.025  -46.629  21.112 0.5000000000
31047  -21.700  -46.338  20.250 0.6000000238
30187  -22.187  -46.937  18.693 0.6000000238
30200  -21.888  -47.080  17.798 0.6000000238
30199  -20.673  -46.562  16.738 0.6000000238
111573  -21.239  -47.444  17.033 0.6999999881
27592  -12.828  -50.148  17.316 0.3000000119
28526  -13.839  -49.614  16.395 0.4000000060
119148  -19.962  -46.682  16.107 0.6000000238
28496  -12.368  -49.431  17.539 0.3000000119
28525  -13.299  -49.415  16.956 0.3000000119
29358  -11.562  -48.282  17.767 0.3000000119
118085  -12.869  -48.731  17.309 0.3000000119
29386  -13.301  -48.504  16.921 0.3000000119
31980  -20.139  -45.806  16.407 0.5000000000
29373  -12.674  -47.964  17.575 0.4000000060
30211  -13.011  -47.282  17.370 0.3000000119
30197  -11.554  -47.085  17.709 0.4000000060
113609  -19.816  -44.923  16.444 0.5000000000
125095  -11.537  -45.580  17.339 0.4000000060
121924  -17.215  -44.486  13.762 0.4000000060
118745  -16.285  -44.160  13.626 0.4000000060
34545  -18.225  -42.313  14.985 0.2000000030
33776  -15.510  -43.182  13.761 0.4000000060
113129  -17.020  -42.906  13.636 0.1000000015
33761  -14.031  -42.756  14.554 0.4000000060
116759  -16.040  -42.591  13.558 0.2000000030
34556  -13.453  -41.740  14.379 0.2000000030
33775  -13.132  -42.458  15.100 0.2000000030
31145  -13.416  -46.725  13.002 0.1000000015
35302  -18.095  -41.610  14.674 0.2000000030
35310  -14.064  -41.033  13.965 0.1000000015
35311  -15.222  -40.771  13.484 0.1000000015
34577  -13.013  -41.832  14.094 0.2000000030
34570  -13.520  -41.431  14.099 0.1000000015
117393  -13.450  -44.508  12.977 0.1000000015
126479  -13.780  -45.062  12.638 0.1000000015
66  -13.323  -95.851  8.930 0.3000000119
70  -19.063  -96.224  9.318 0.6999999881
1492  -18.154  -89.104  6.046 0.1000000015
1845  -17.806  -88.691  5.372 0.1000000015
1833  -18.311  -88.661  6.727 0.1000000015
1664  -16.666  -88.869  22.627 0.6000000238
126389  -15.316  -86.779  22.692 0.6999999881
128  -13.167  -95.179  11.970 0.4000000060
50  -18.625  -96.523  12.218 0.6999999881
570  -21.569  -92.503  10.441 0.4000000060
122045  -29.028  -90.892  9.507 0.5000000000
106638  -9.929  -86.957  11.681 0.6000000238
3685  -21.260  -84.729  8.139 0.6000000238
2705  -21.646  -86.210  3.542 0.8000000119
4210  -20.209  -83.586  9.502 0.6000000238
3603  -25.032  -84.755  16.506 0.5000000000
119029  -7.116  -92.075  26.857 0.8000000119
691  -7.061  -91.970  24.934 0.6999999881
115908  -20.861  -81.851  9.163 0.8000000119
8299  -3.594  -74.502  26.525 0.6999999881
21428  -13.886  -57.178  33.133 0.6999999881
20646  -13.340  -57.654  32.909 0.8000000119
19807  -13.164  -59.394  31.826 0.6999999881
115276  -7.006  -61.217  31.880 0.8000000119
114509  -6.271  -60.888  31.080 0.8000000119
122996  -12.873  -60.247  30.302 0.6999999881
18951  -13.520  -60.440  30.484 0.6999999881
18963  -15.170  -60.625  29.758 0.6999999881
18954  -16.675  -59.578  30.063 0.3000000119
18950  -12.171  -59.218  29.805 0.8000000119
119336  -13.639  -60.610  28.875 0.8999999762
24867  -23.274  -53.502  21.031 0.6999999881
26660  -22.095  -51.922  24.063 0.8000000119
25771  -21.822  -52.576  24.544 0.8000000119
124098  -22.694  -52.861  18.336 0.6000000238
26727  -18.783  -51.998  17.855 0.6999999881
26731  -22.699  -51.492  18.005 0.8000000119
19070  -4.300  -59.269  23.768 0.6999999881
26726  -17.828  -51.943  18.029 0.6999999881
28516  -22.205  -49.207  17.573 0.6999999881
27628  -13.832  -50.240  16.748 0.4000000060
27611  -14.356  -51.019  17.086 0.5000000000
119354  -19.433  -45.481  15.829 0.5000000000
29387  -14.062  -48.861  15.962 0.4000000060
32002  -18.677  -45.313  15.252 0.5000000000
116985  -15.254  -43.806  14.021 0.4000000060
29371  -10.686  -47.867  17.286 0.4000000060
31058  -10.992  -46.150  17.060 0.4000000060
33786  -12.755  -43.110  14.299 0.3000000119
25773  -22.336  -52.251  23.649 0.8000000119
19069  -3.827  -59.854  24.152 0.6999999881
25831  -15.686  -52.275  18.054 0.6999999881
49  -16.538  -96.466  11.415 0.6999999881
124028  -14.216  -96.091  9.371 0.4000000060
68  -15.756  -96.575  9.494 0.6000000238
771  -16.274  -90.864  15.044 0.6999999881
759  -15.424  -91.677  17.799 0.8000000119
813  -20.252  -91.524  10.959 0.4000000060
122487  -14.958  -92.310  18.555 0.8000000119
1369  -15.678  -89.899  18.566 0.6999999881
2153  -28.919  -87.365  15.329 0.4000000060
2225  -31.032  -87.794  7.913 0.6000000238
1176  -26.100  -91.299  5.271 0.4000000060
1450  -20.022  -89.750  11.043 0.3000000119
851  -23.421  -91.615  4.873 0.6000000238
2640  -19.582  -86.236  10.635 0.4000000060
107370  -16.641  -88.107  22.215 0.6000000238
2078  -16.283  -86.824  20.366 0.6999999881
860  -23.563  -92.232  4.285 0.6000000238
618  -22.840  -92.469  3.180 0.6999999881
2197  -21.245  -86.978  10.942 0.4000000060
885  -21.428  -92.022  1.218 0.6999999881
1531  -18.410  -90.201  -0.420 0.5000000000
119177  -19.507  -87.429  0.708 0.6000000238
3640  -6.758  -84.890  12.823 0.5000000000
109672  -7.296  -83.140  13.000 0.6999999881
19794  -13.835  -58.459  32.278 0.6000000238
20656  -16.154  -56.541  31.674 0.4000000060
19810  -16.370  -58.585  30.779 0.5000000000
126682  -18.813  -57.552  25.713 0.3000000119
22299  -18.843  -56.527  25.408 0.6000000238
23109  -18.522  -55.761  25.968 0.4000000060
114797  -18.288  -54.938  25.805 0.5000000000
23116  -19.194  -55.481  25.023 0.6999999881
107318  -19.731  -54.186  25.131 0.6999999881
25759  -18.106  -52.904  24.939 0.6000000238
18191  -4.316  -60.864  26.915 0.6999999881
26646  -18.713  -52.263  25.399 0.6000000238
19019  -4.128  -60.227  26.293 0.6000000238
25797  -22.819  -52.576  21.791 0.6999999881
27522  -19.707  -50.710  25.529 0.6000000238
25796  -22.622  -52.079  22.059 0.8000000119
20694  -6.053  -58.206  24.814 0.6999999881
20707  -6.104  -57.787  24.015 0.6000000238
20722  -5.046  -57.940  23.354 0.6999999881
19887  -4.808  -58.592  24.066 0.6999999881
20709  -8.471  -57.689  23.994 0.5000000000
25817  -23.227  -52.676  19.539 0.6999999881
108005  -23.244  -53.038  20.412 0.8000000119
27536  -21.634  -50.540  24.163 0.6999999881
26697  -23.064  -51.470  20.414 0.6999999881
21511  -9.146  -57.607  21.049 0.6000000238
27566  -23.190  -51.056  19.455 0.8000000119
26732  -23.071  -52.274  18.578 0.6999999881
25839  -23.089  -53.144  18.833 0.6999999881
21538  -11.625  -57.172  20.091 0.6000000238
27545  -21.961  -50.091  22.734 0.6999999881
29316  -20.923  -48.770  23.409 0.8000000119
127403  -21.889  -49.636  22.275 0.6999999881
28459  -21.860  -49.144  21.845 0.6999999881
28498  -22.861  -49.824  18.067 0.6999999881
29327  -20.923  -48.327  22.564 0.6000000238
29337  -21.603  -48.300  21.532 0.6000000238
29347  -22.427  -48.430  20.400 0.5000000000
105916  -13.291  -53.157  17.563 0.5000000000
124569  -22.527  -48.159  18.542 0.6999999881
30183  -22.450  -47.601  19.107 0.6000000238
121581  -13.511  -51.626  17.407 0.5000000000
29375  -22.222  -48.367  17.796 0.6999999881
31053  -21.932  -46.388  18.333 0.6999999881
31061  -21.403  -46.286  17.570 0.6000000238
29372  -12.082  -47.763  17.855 0.4000000060
33778  -17.180  -43.764  13.741 0.3000000119
33777  -16.463  -43.387  13.601 0.1000000015
34559  -17.535  -42.113  13.892 0.2000000030
34557  -14.643  -42.046  13.920 0.2000000030
34558  -16.540  -41.938  13.470 0.1000000015
123528  -15.389  -41.642  13.603 0.1000000015
208  -11.490  -94.953  16.748 0.1000000015
363  -10.996  -94.324  14.738 0.1000000015
368  -11.953  -93.349  14.112 0.1000000015
541  -12.121  -93.059  13.160 0.1000000015
357  -12.307  -93.632  16.032 0.1000000015
109575  -12.451  -93.749  17.016 0.1000000015
112150  -14.704  -90.891  36.796 0.4000000060
119131  -15.130  -91.961  36.233 0.3000000119
891  -16.003  -90.541  37.389 0.3000000119
119522  -13.260  -90.811  36.549 0.4000000060
119665  -12.659  -91.286  36.333 0.4000000060
629  -13.351  -91.718  36.237 0.4000000060
894  -11.935  -91.234  35.719 0.4000000060
364  -12.107  -93.491  15.054 0.1000000015
377  -12.257  -93.222  12.117 0.1000000015
534  -12.487  -92.608  14.420 0.1000000015
553  -12.909  -92.321  12.411 0.1000000015
1224  -15.515  -90.170  37.275 0.3000000119
892  -16.783  -90.925  37.028 0.3000000119
637  -16.068  -92.154  36.083 0.4000000060
638  -16.989  -92.024  35.561 0.4000000060
636  -14.112  -92.029  36.039 0.5000000000
115282  -12.178  -90.728  36.376 0.4000000060
1228  -11.512  -89.984  36.211 0.4000000060
119111  -12.198  -91.569  35.704 0.5000000000
114439  -12.084  -90.648  34.755 0.6000000238
123060  -12.570  -89.824  34.197 0.6000000238
905  -12.295  -91.443  34.272 0.6000000238
1944  -13.012  -86.964  34.068 0.6000000238
1578  -13.209  -88.249  33.351 0.6000000238
1577  -12.636  -88.996  34.265 0.6000000238
2403  -13.538  -86.351  33.301 0.6000000238
124751  -12.430  -92.613  13.745 0.1000000015
112503  -18.650  -94.929  7.197 0.3000000119
1222  -12.639  -90.090  36.574 0.4000000060
1223  -14.088  -89.918  36.488 0.4000000060
887  -16.781  -90.184  37.652 0.3000000119
124383  -17.633  -90.238  37.252 0.3000000119
1560  -12.074  -89.211  37.189 0.4000000060
1221  -11.595  -89.523  36.698 0.4000000060
433  -15.187  -92.446  35.656 0.4000000060
437  -15.944  -92.707  34.791 0.4000000060
124349  -13.154  -92.741  34.636 0.5000000000
1233  -12.009  -89.904  35.162 0.6000000238
431  -12.834  -92.321  35.368 0.5000000000
642  -12.418  -92.303  34.244 0.6000000238
439  -12.613  -92.752  33.839 0.5000000000
1243  -12.708  -90.342  33.661 0.6000000238
122560  -12.365  -92.099  33.559 0.6000000238
3416  -11.081  -84.791  31.745 0.6000000238
3428  -12.851  -84.145  31.341 0.6000000238
3407  -13.582  -84.312  33.056 0.6000000238
2879  -11.456  -84.723  31.128 0.6000000238
3978  -13.233  -83.950  31.943 0.6000000238
111565  -13.767  -85.752  32.616 0.6000000238
3429  -13.560  -84.491  31.900 0.6000000238
81  -20.137  -95.513  8.481 0.4000000060
114019  -18.998  -92.669  10.445 0.2000000030
824  -18.161  -91.700  10.096 0.2000000030
1553  -16.190  -89.360  37.561 0.3000000119
1216  -16.557  -89.821  37.749 0.3000000119
1561  -13.700  -89.062  36.343 0.4000000060
633  -17.322  -91.445  36.142 0.4000000060
1219  -18.068  -89.300  37.808 0.3000000119
1229  -17.714  -90.382  36.473 0.4000000060
641  -17.374  -91.993  34.792 0.4000000060
1567  -17.876  -89.430  36.157 0.4000000060
901  -17.635  -91.497  35.116 0.4000000060
1566  -11.137  -89.063  36.737 0.5000000000
438  -16.800  -92.392  34.974 0.4000000060
282  -14.078  -93.059  33.999 0.5000000000
281  -13.079  -93.120  33.750 0.5000000000
1572  -12.737  -88.014  34.216 0.6000000238
109579  -12.525  -92.601  33.323 0.5000000000
2868  -13.596  -84.938  33.526 0.6000000238
2092  -16.630  -86.943  19.494 0.6000000238
1713  -17.478  -87.659  18.006 0.6000000238
1957  -13.540  -87.596  32.718 0.6000000238
1238  -13.043  -89.302  33.379 0.6000000238
1214  -17.713  -88.902  38.364 0.3000000119
1923  -18.427  -87.876  38.506 0.3000000119
1922  -15.561  -88.206  36.733 0.4000000060
1226  -18.195  -88.885  37.162 0.4000000060
117553  -17.993  -88.471  36.202 0.4000000060
1574  -17.523  -89.158  35.023 0.4000000060
116427  -17.409  -90.849  34.591 0.4000000060
900  -17.428  -91.695  34.547 0.4000000060
906  -16.965  -91.176  33.883 0.4000000060
441  -16.689  -92.410  34.126 0.4000000060
1571  -11.862  -88.944  35.486 0.5000000000
285  -14.980  -93.167  33.352 0.4000000060
289  -15.777  -93.079  32.797 0.4000000060
284  -13.827  -93.289  33.143 0.5000000000
652  -12.449  -92.152  31.741 0.6000000238
2093  -17.497  -86.537  19.086 0.6000000238
3967  -12.071  -83.510  32.305 0.6000000238
1244  -13.087  -89.879  32.688 0.6000000238
911  -12.688  -91.122  33.015 0.6000000238
2079  -17.379  -86.271  19.986 0.6000000238
1714  -18.689  -87.830  17.854 0.6000000238
916  -12.909  -90.552  32.021 0.6000000238
123177  -12.527  -90.848  30.447 0.6000000238
1583  -13.479  -88.505  32.334 0.6000000238
1251  -13.300  -89.541  31.731 0.6000000238
1263  -13.349  -89.322  30.819 0.6000000238
1262  -12.833  -89.937  30.244 0.6000000238
1695  -20.602  -88.052  20.552 0.5000000000
109793  -20.409  -86.964  21.762 0.5000000000
123299  -21.028  -87.981  21.249 0.5000000000
108889  -13.349  -84.471  31.273 0.6000000238
110656  -11.928  -89.169  28.643 0.6000000238
1359  -20.321  -89.010  20.225 0.5000000000
106771  -20.540  -89.883  20.622 0.5000000000
1063  -22.545  -90.132  17.511 0.6000000238
1730  -21.589  -88.597  16.621 0.6000000238
1933  -18.501  -88.032  37.579 0.2000000030
1932  -18.258  -87.886  36.596 0.3000000119
2387  -17.888  -86.472  35.376 0.2000000030
2890  -16.661  -85.678  30.642 0.2000000030
2433  -17.153  -86.479  29.356 0.2000000030
2434  -18.237  -86.915  29.100 0.2000000030
2435  -19.186  -87.136  29.268 0.1000000015
118804  -19.731  -87.999  29.723 0.2000000030
1939  -17.817  -87.577  35.601 0.2000000030
113360  -18.957  -87.764  29.394 0.2000000030
109278  -17.732  -88.517  35.479 0.4000000060
1558  -11.085  -88.769  37.295 0.4000000060
1938  -11.270  -88.335  36.168 0.5000000000
1573  -16.894  -88.849  34.013 0.4000000060
1239  -16.696  -89.960  33.904 0.4000000060
444  -16.549  -92.335  33.283 0.4000000060
121262  -11.808  -87.406  35.622 0.5000000000
1246  -16.193  -90.273  33.012 0.4000000060
443  -16.064  -92.752  32.541 0.4000000060
2395  -12.560  -86.702  34.852 0.6000000238
117143  -12.670  -92.867  32.905 0.5000000000
288  -14.786  -93.446  32.363 0.4000000060
2396  -13.309  -85.881  34.021 0.6000000238
2522  -18.128  -86.042  19.457 0.6000000238
2533  -18.139  -86.407  18.773 0.6000000238
2523  -18.833  -86.019  19.899 0.5000000000
2073  -21.030  -87.559  21.923 0.5000000000
1677  -21.652  -88.143  22.530 0.5000000000
105886  -13.845  -86.637  31.651 0.6000000238
1715  -19.287  -88.532  18.356 0.6000000238
107097  -12.381  -84.633  30.031 0.6000000238
1962  -13.737  -87.598  31.332 0.6000000238
1273  -13.212  -89.004  29.945 0.6000000238
1284  -11.656  -89.755  28.387 0.6000000238
1686  -21.471  -88.514  21.807 0.4000000060
1035  -20.347  -91.000  20.656 0.5000000000
119570  -20.969  -90.414  21.266 0.5000000000
733  -19.721  -91.897  20.378 0.6000000238
1025  -20.933  -91.681  21.459 0.5000000000
341  -19.782  -93.904  19.605 0.6000000238
113779  -21.734  -92.612  18.087 0.5000000000
522  -22.120  -92.013  17.918 0.5000000000
124412  -22.095  -92.286  18.515 0.5000000000
119468  -22.736  -90.650  17.915 0.5000000000
2397  -17.491  -86.264  34.472 0.3000000119
3408  -17.698  -84.561  33.424 0.2000000030
2447  -17.769  -86.070  28.875 0.2000000030
2870  -17.450  -85.375  33.893 0.2000000030
2875  -16.856  -85.414  32.449 0.2000000030
2881  -16.694  -85.546  31.553 0.3000000119
1986  -17.895  -87.303  29.170 0.2000000030
1559  -11.397  -88.710  37.506 0.4000000060
1945  -17.411  -87.985  34.632 0.4000000060
2856  -13.346  -84.915  34.333 0.6000000238
119206  -17.255  -87.055  34.079 0.3000000119
1952  -17.024  -87.743  33.627 0.4000000060
648  -16.612  -91.728  33.181 0.4000000060
1579  -16.613  -88.246  33.041 0.4000000060
107329  -16.401  -89.177  33.147 0.4000000060
912  -15.809  -91.030  32.284 0.4000000060
647  -16.239  -92.361  32.481 0.4000000060
3968  -12.859  -83.440  32.653 0.6000000238
3963  -13.240  -83.596  33.365 0.6000000238
122946  -19.560  -86.552  20.013 0.5000000000
2509  -18.671  -86.059  20.683 0.5000000000
1588  -13.552  -88.676  31.381 0.6000000238
1364  -19.730  -89.072  19.393 0.5000000000
2081  -20.093  -87.250  20.239 0.5000000000
2889  -13.734  -85.384  30.460 0.6000000238
2413  -13.915  -85.766  31.163 0.6000000238
1294  -11.624  -89.740  27.509 0.6000000238
1304  -13.573  -89.272  26.820 0.6000000238
501  -19.114  -92.714  20.062 0.6000000238
488  -19.804  -92.852  20.617 0.6000000238
480  -21.014  -92.568  21.331 0.6000000238
332  -19.934  -93.464  20.213 0.6000000238
118969  -20.834  -93.085  20.585 0.6000000238
502  -21.548  -92.847  19.983 0.6000000238
481  -21.608  -92.410  21.366 0.5000000000
724  -21.537  -91.977  21.759 0.5000000000
514  -21.462  -92.930  18.922 0.6000000238
515  -22.239  -92.284  19.250 0.6000000238
1052  -23.054  -90.832  18.466 0.5000000000
1384  -22.784  -89.445  17.728 0.6000000238
2913  -12.635  -85.234  28.346 0.6000000238
3439  -16.820  -84.839  31.131 0.2000000030
2386  -11.203  -87.634  36.532 0.5000000000
124889  -12.063  -86.628  35.781 0.5000000000
2855  -12.796  -85.784  34.939 0.6000000238
3392  -13.451  -84.145  33.813 0.6000000238
1245  -15.785  -89.843  32.020 0.4000000060
3961  -12.042  -82.944  33.158 0.6000000238
1704  -20.058  -88.095  19.778 0.5000000000
1601  -13.579  -88.300  30.572 0.6000000238
1042  -19.678  -90.882  20.013 0.6000000238
1043  -19.969  -89.993  20.061 0.5000000000
2422  -13.830  -86.244  30.194 0.6000000238
106125  -13.878  -86.654  30.921 0.6000000238
966  -11.832  -90.343  27.850 0.6000000238
2901  -13.578  -85.619  29.679 0.6000000238
491  -21.729  -92.624  20.841 0.6000000238
3947  -12.927  -83.101  34.694 0.6000000238
4523  -12.323  -82.627  33.984 0.6000000238
106061  -10.791  -84.623  32.478 0.6000000238
3417  -11.293  -83.725  32.792 0.6000000238
504  -23.199  -91.628  20.158 0.5000000000
2831  -12.166  -85.418  36.604 0.5000000000
3385  -12.717  -84.634  35.739 0.6000000238
3386  -13.187  -84.018  34.718 0.6000000238
3405  -10.495  -84.260  33.275 0.6000000238
3955  -11.681  -82.557  34.079 0.6000000238
2867  -10.179  -85.209  32.942 0.6000000238
3406  -11.059  -83.292  33.621 0.6000000238
2840  -9.238  -85.054  34.710 0.6000000238
3391  -9.668  -84.353  34.562 0.6000000238
3953  -9.966  -83.630  34.951 0.6000000238
4507  -12.574  -82.556  35.417 0.6000000238
5017  -12.247  -82.056  35.392 0.6000000238
2394  -8.951  -86.574  34.335 0.6000000238
2853  -8.807  -86.009  35.031 0.6000000238
5007  -11.852  -81.646  36.614 0.6000000238
3946  -10.774  -82.475  35.139 0.6000000238
122171  -8.519  -85.999  35.855 0.6000000238
3384  -9.347  -84.446  35.251 0.6000000238
1418  -6.179  -90.124  12.519 0.2000000030
5006  -11.207  -81.636  36.840 0.6000000238
4506  -11.517  -81.948  35.374 0.6000000238
1913  -5.977  -88.224  38.287 0.6000000238
2369  -7.410  -87.835  37.048 0.6000000238
113892  -9.531  -83.866  35.766 0.6000000238
1076  -6.494  -90.420  14.132 0.2000000030
1410  -6.020  -89.846  13.708 0.4000000060
1394  -6.086  -89.635  15.032 0.2000000030
4977  -10.947  -81.479  38.375 0.6000000238
4505  -10.701  -82.172  35.870 0.6000000238
4504  -10.143  -83.043  35.632 0.6000000238
2828  -7.616  -86.711  37.259 0.6000000238
2370  -8.031  -86.694  36.420 0.6000000238
2839  -8.843  -85.249  35.569 0.6000000238
106521  -4.300  -84.854  27.842 0.3000000119
2938  -4.241  -84.869  26.033 0.3000000119
1734  -5.648  -88.920  15.541 0.3000000119
1740  -5.096  -88.802  14.995 0.3000000119
115037  -5.397  -89.257  13.947 0.4000000060
4964  -10.896  -81.441  39.306 0.6000000238
4963  -10.274  -81.716  38.966 0.6000000238
4465  -10.369  -81.835  38.157 0.6000000238
4494  -9.991  -82.735  36.595 0.6000000238
122317  -9.353  -83.442  36.923 0.6000000238
2344  -5.475  -87.459  38.810 0.6000000238
2345  -6.289  -87.302  38.734 0.6000000238
2816  -7.292  -86.463  38.137 0.6000000238
2829  -8.292  -85.630  36.633 0.6000000238
3383  -8.972  -84.645  36.123 0.6000000238
3456  -4.053  -83.810  28.130 0.3000000119
3987  -4.320  -82.897  30.266 0.3000000119
3997  -4.011  -83.061  29.261 0.3000000119
3470  -4.165  -84.457  26.787 0.3000000119
1727  -5.224  -88.435  16.357 0.3000000119
2131  -4.966  -88.380  16.429 0.3000000119
2143  -4.745  -88.122  14.810 0.4000000060
108818  -10.204  -81.628  39.999 0.4000000060
4429  -9.074  -81.888  41.007 0.4000000060
4456  -9.531  -82.129  39.387 0.5000000000
4464  -9.647  -82.380  38.452 0.6000000238
4463  -9.054  -82.781  39.015 0.5000000000
3922  -9.319  -83.093  37.652 0.6000000238
3936  -8.837  -83.929  37.378 0.6000000238
3376  -8.556  -84.687  37.012 0.6000000238
2800  -4.721  -86.273  39.183 0.5000000000
2338  -5.267  -86.636  39.384 0.6000000238
3347  -7.573  -85.392  38.409 0.6000000238
4528  -4.409  -82.271  31.053 0.3000000119
106794  -3.819  -82.223  29.159 0.2000000030
6707  -3.225  -78.381  23.786 0.2000000030
6708  -3.557  -78.919  24.741 0.2000000030
4397  -6.604  -82.287  44.140 0.3000000119
4411  -8.049  -81.957  42.984 0.4000000060
114082  -8.163  -82.409  41.313 0.4000000060
4441  -8.524  -82.576  40.419 0.5000000000
121844  -8.178  -83.274  39.936 0.5000000000
3921  -8.571  -83.792  38.190 0.5000000000
3336  -7.602  -84.484  39.356 0.5000000000
3348  -7.884  -84.495  38.676 0.5000000000
2337  -4.956  -86.195  39.511 0.5000000000
2794  -5.773  -86.050  39.723 0.6000000238
2802  -6.869  -86.272  39.042 0.6000000238
5026  -4.027  -82.193  33.068 0.3000000119
113702  -4.364  -81.553  31.701 0.3000000119
7248  -3.309  -77.832  24.564 0.2000000030
6144  -4.472  -79.326  25.418 0.2000000030
6145  -5.513  -79.549  25.760 0.2000000030
2543  -4.955  -86.998  17.752 0.3000000119
2551  -4.964  -87.781  17.278 0.3000000119
2121  -4.915  -88.170  16.961 0.3000000119
3043  -4.171  -86.559  16.450 0.3000000119
3044  -4.647  -85.712  15.792 0.3000000119
113457  -5.519  -84.251  47.364 0.1000000015
3286  -6.289  -85.843  46.471 0.1000000015
3285  -5.993  -84.827  46.255 0.1000000015
3833  -6.357  -82.874  44.918 0.2000000030
106641  -6.720  -82.197  43.173 0.4000000060
4427  -7.481  -82.349  42.198 0.4000000060
3891  -7.709  -83.280  40.552 0.4000000060
3890  -7.022  -83.963  40.640 0.5000000000
3328  -6.689  -84.723  40.433 0.5000000000
3334  -6.290  -85.453  40.144 0.6000000238
106694  -7.295  -85.279  39.192 0.5000000000
113822  -4.438  -84.704  40.158 0.5000000000
2793  -5.183  -85.910  39.797 0.5000000000
3900  -4.522  -84.592  39.668 0.5000000000
115425  -4.224  -80.603  31.463 0.2000000030
3011  -5.064  -85.957  19.013 0.2000000030
3023  -5.404  -86.248  18.217 0.1000000015
128496  -4.669  -86.470  17.919 0.3000000119
3032  -4.058  -85.783  16.914 0.3000000119
3021  -4.420  -86.673  17.302 0.3000000119
3604  -5.654  -84.758  15.560 0.3000000119
3804  -5.021  -83.316  47.441 0.1000000015
3815  -4.921  -82.745  46.538 0.1000000015
3824  -5.549  -83.750  46.175 0.1000000015
4367  -5.427  -82.813  45.319 0.2000000030
118468  -5.341  -82.432  44.466 0.3000000119
117215  -5.373  -82.406  43.619 0.4000000060
4426  -6.217  -82.906  42.241 0.4000000060
3880  -6.934  -83.299  41.333 0.4000000060
2788  -5.565  -85.614  40.159 0.5000000000
4961  -5.268  -82.406  40.120 0.5000000000
4453  -4.554  -83.192  40.148 0.5000000000
3333  -5.123  -83.762  39.200 0.5000000000
116303  -4.105  -81.251  32.722 0.3000000119
4085  -4.184  -83.682  20.345 0.2000000030
4100  -4.659  -84.359  20.195 0.2000000030
3560  -4.502  -84.809  19.649 0.2000000030
3573  -4.770  -85.360  19.379 0.2000000030
114405  -4.295  -85.897  17.981 0.2000000030
128048  -4.903  -82.397  44.832 0.3000000119
4410  -5.284  -82.752  42.815 0.4000000060
3861  -4.426  -83.189  42.229 0.4000000060
3862  -5.124  -83.423  42.226 0.4000000060
4408  -4.319  -82.398  42.497 0.4000000060
3878  -4.651  -83.801  41.723 0.4000000060
3889  -6.237  -84.341  41.063 0.5000000000
4934  -4.193  -82.464  41.943 0.4000000060
3877  -4.204  -83.368  41.684 0.5000000000
4948  -4.347  -82.305  41.363 0.5000000000
3888  -4.091  -83.735  41.051 0.5000000000
3320  -4.389  -84.151  41.184 0.5000000000
4949  -5.023  -82.014  40.758 0.5000000000
4452  -4.114  -83.361  40.817 0.5000000000
3325  -4.374  -84.413  40.664 0.5000000000
5144  -3.351  -81.705  20.640 0.4000000060
5676  -3.574  -80.958  19.667 0.5000000000
4650  -3.686  -83.105  19.708 0.2000000030
4099  -4.057  -84.168  19.589 0.2000000030
4658  -3.666  -83.289  18.884 0.3000000119
4112  -3.847  -84.271  18.749 0.2000000030
4666  -3.826  -83.254  17.969 0.4000000060
3583  -4.008  -85.118  18.445 0.2000000030
4134  -4.476  -83.827  16.688 0.4000000060
3593  -3.870  -84.971  17.364 0.3000000119
4395  -4.323  -81.961  43.454 0.4000000060
5463  -4.998  -80.606  43.446 0.3000000119
5472  -4.577  -81.115  42.854 0.3000000119
115463  -3.860  -79.920  33.145 0.2000000030
6089  -4.217  -79.215  32.277 0.2000000030
5152  -3.383  -82.077  19.741 0.5000000000
7183  -8.556  -77.962  35.032 0.1000000015
6079  -3.620  -79.489  34.559 0.3000000119
6081  -3.860  -79.283  33.403 0.2000000030
6641  -4.243  -78.368  32.586 0.2000000030
7200  -4.986  -77.716  32.328 0.2000000030
128199  -4.082  -77.833  33.576 0.2000000030
7748  -5.481  -76.791  32.086 0.2000000030
7744  -5.703  -76.617  31.980 0.1000000015
7198  -5.965  -77.225  32.196 0.1000000015
7778  -4.622  -76.600  26.665 0.4000000060
7172  -9.108  -77.311  35.513 0.1000000015
7173  -9.982  -77.241  35.681 0.1000000015
7184  -9.543  -78.018  35.247 0.1000000015
6634  -4.023  -78.229  34.507 0.3000000119
7182  -7.433  -77.695  34.684 0.1000000015
6651  -4.639  -77.559  32.433 0.2000000030
7197  -4.956  -76.823  32.266 0.2000000030
6643  -7.131  -78.665  33.844 0.1000000015
7192  -4.179  -77.599  32.856 0.2000000030
7765  -4.013  -75.745  27.003 0.5000000000
6075  -3.615  -79.106  35.202 0.3000000119
7729  -8.184  -77.281  35.344 0.1000000015
9403  -4.286  -73.723  29.764 0.3000000119
8863  -4.460  -74.684  28.831 0.3000000119
8289  -4.725  -75.671  27.762 0.3000000119
8871  -3.655  -74.075  27.356 0.4000000060
106205  -4.350  -76.740  32.506 0.3000000119
7171  -4.171  -77.917  34.972 0.2000000030
7180  -4.149  -77.124  33.541 0.2000000030
6048  -9.819  -79.280  37.936 0.6999999881
8849  -4.824  -74.383  29.540 0.3000000119
108680  -4.490  -77.131  34.872 0.4000000060
7726  -4.300  -75.896  33.832 0.2000000030
7147  -10.504  -77.491  38.833 0.6999999881
6603  -10.481  -78.343  38.530 0.6999999881
7146  -10.173  -77.300  38.431 0.8000000119
127535  -5.050  -72.919  30.957 0.2000000030
122156  -5.481  -73.963  30.197 0.2000000030
9927  -4.215  -72.348  30.966 0.4000000060
9387  -4.458  -73.179  30.407 0.3000000119
8838  -6.899  -74.174  30.548 0.2000000030
9926  -3.542  -71.892  30.636 0.5000000000
111518  -4.603  -71.762  31.429 0.4000000060
9915  -3.730  -71.455  31.165 0.5000000000
114102  -5.599  -70.357  32.174 0.5000000000
113352  -6.724  -70.646  32.184 0.3000000119
11950  -7.276  -69.557  32.039 0.3000000119
109164  -5.021  -69.724  31.903 0.5000000000
11949  -5.893  -69.134  32.062 0.5000000000
11951  -8.529  -69.947  31.504 0.3000000119
12011  -11.186  -69.207  28.971 0.2000000030
12790  -5.709  -67.937  31.766 0.6000000238
13621  -6.257  -67.472  31.207 0.5000000000
12791  -6.980  -68.084  31.323 0.3000000119
11967  -8.209  -69.132  31.247 0.3000000119
12810  -8.228  -68.110  30.232 0.3000000119
12772  -6.144  -68.505  31.886 0.5000000000
12773  -7.094  -68.759  31.815 0.4000000060
12793  -8.971  -68.704  30.303 0.3000000119
11990  -10.002  -69.084  29.995 0.3000000119
12829  -9.843  -68.433  29.198 0.2000000030
12771  -5.164  -68.416  31.958 0.6000000238
12812  -10.440  -68.856  29.320 0.3000000119
14355  -4.610  -66.399  31.172 0.6000000238
13607  -4.787  -67.896  31.855 0.6000000238
9870  -4.361  -72.518  35.135 0.2000000030
10472  -4.832  -71.983  35.522 0.3000000119
13620  -5.324  -67.039  31.471 0.5000000000
13632  -6.218  -66.806  30.596 0.4000000060
12811  -9.256  -68.352  29.712 0.2000000030
13653  -9.604  -68.160  28.497 0.2000000030
12830  -10.478  -68.640  28.567 0.2000000030
11143  -5.258  -71.265  35.562 0.3000000119
13633  -7.077  -67.604  30.348 0.3000000119
106454  -7.947  -67.710  29.335 0.3000000119
14365  -4.551  -65.797  30.625 0.5000000000
14385  -6.185  -66.053  29.613 0.5000000000
13650  -6.943  -67.116  29.449 0.2000000030
13634  -9.009  -68.042  29.246 0.2000000030
14364  -4.137  -65.914  30.382 0.6000000238
13651  -7.623  -67.347  28.632 0.2000000030
126906  -3.959  -66.262  29.817 0.6999999881
109608  -8.948  -67.773  40.764 0.6000000238
11122  -5.328  -70.396  35.531 0.3000000119
14366  -5.282  -66.059  30.754 0.5000000000
15146  -5.748  -64.973  29.154 0.5000000000
14404  -6.502  -66.012  28.210 0.2000000030
14386  -6.916  -66.814  28.447 0.2000000030
14418  -6.597  -66.063  26.977 0.2000000030
15127  -4.591  -65.159  30.015 0.6000000238
14384  -4.241  -65.503  29.609 0.6999999881
15128  -5.184  -65.233  30.067 0.5000000000
15888  -5.425  -64.474  28.719 0.6000000238
15162  -6.219  -64.922  27.914 0.5000000000
15887  -4.830  -64.113  28.729 0.6000000238
15177  -6.456  -65.438  26.456 0.3000000119
15905  -5.468  -64.098  28.124 0.6000000238
119618  -6.151  -63.758  26.666 0.4000000060
16705  -6.106  -63.114  26.301 0.3000000119
16680  -4.644  -62.949  28.137 0.6000000238
110161  -6.423  -64.094  25.427 0.3000000119
107507  -6.175  -62.440  26.068 0.3000000119
16726  -6.465  -63.308  24.904 0.3000000119
16743  -6.662  -63.735  23.782 0.3000000119
17453  -5.336  -62.144  27.264 0.4000000060
16681  -5.300  -62.926  27.411 0.4000000060
17490  -6.420  -62.226  25.028 0.3000000119
109367  -6.625  -63.031  24.075 0.3000000119
16756  -7.174  -63.641  22.327 0.3000000119
115799  -7.228  -62.749  22.361 0.3000000119
126080  -7.502  -63.934  21.947 0.2000000030
17474  -5.682  -61.567  26.573 0.3000000119
17506  -6.776  -62.513  23.923 0.3000000119
17507  -7.085  -62.252  23.256 0.3000000119
18249  -7.788  -61.244  22.749 0.3000000119
18192  -5.183  -60.761  26.672 0.4000000060
17530  -7.695  -62.321  21.767 0.3000000119
18210  -6.189  -61.024  25.873 0.5000000000
18231  -6.791  -61.577  24.419 0.4000000060
117607  -6.538  -60.521  25.300 0.5000000000
18232  -7.349  -61.384  23.460 0.5000000000
19090  -8.166  -60.798  22.528 0.3000000119
18263  -7.969  -61.453  21.866 0.4000000060
19103  -8.593  -60.634  21.769 0.3000000119
19020  -4.910  -60.095  26.348 0.5000000000
19021  -5.879  -60.087  26.074 0.5000000000
19046  -6.636  -59.603  25.313 0.5000000000
108519  -7.453  -59.743  24.552 0.5000000000
19091  -8.551  -59.999  22.975 0.4000000060
19923  -9.252  -59.628  22.323 0.3000000119
19856  -5.710  -59.391  25.829 0.5000000000
19867  -6.385  -58.753  25.279 0.5000000000
19105  -9.989  -59.676  21.648 0.3000000119
21413  -12.056  -57.896  33.881 0.6999999881
20645  -12.237  -57.937  32.894 0.6999999881
19073  -8.164  -59.242  24.115 0.4000000060
20695  -6.888  -58.213  24.744 0.5000000000
19889  -8.558  -58.439  24.013 0.3000000119
19908  -8.949  -58.968  23.531 0.4000000060
19909  -9.693  -58.542  23.316 0.4000000060
107612  -10.042  -59.035  22.514 0.3000000119
19924  -10.807  -58.847  22.157 0.3000000119
19938  -11.647  -58.994  21.618 0.3000000119
107119  -12.255  -59.102  20.955 0.3000000119
19890  -9.198  -58.034  23.805 0.5000000000
21525  -12.774  -56.363  21.784 0.5000000000
19857  -18.596  -58.442  24.642 0.6000000238
21473  -18.942  -56.750  24.963 0.6000000238
22300  -19.204  -56.229  24.558 0.6000000238
21477  -19.371  -56.352  24.099 0.6999999881
21478  -20.044  -56.649  24.427 0.6000000238
19888  -7.864  -58.337  24.391 0.3000000119
19910  -10.540  -58.085  23.314 0.4000000060
19925  -12.524  -57.841  22.114 0.4000000060
21486  -8.701  -57.205  23.497 0.5000000000
20725  -9.971  -57.513  23.629 0.5000000000
124218  -11.792  -58.191  22.575 0.4000000060
19939  -12.889  -58.137  21.045 0.3000000119
20711  -9.979  -56.878  23.406 0.5000000000
21498  -10.698  -56.426  22.945 0.5000000000
20740  -12.608  -56.780  22.348 0.5000000000
20751  -13.056  -57.060  21.785 0.4000000060
21526  -13.210  -56.786  21.108 0.4000000060
20762  -13.556  -57.513  20.346 0.3000000119
21514  -11.910  -56.227  22.405 0.5000000000
20763  -14.066  -57.778  19.573 0.3000000119
21549  -15.142  -57.286  18.527 0.2000000030
22291  -19.023  -56.671  27.172 0.3000000119
23965  -19.031  -55.237  27.091 0.3000000119
22303  -19.011  -55.988  25.036 0.6000000238
115133  -19.790  -56.317  24.481 0.6000000238
115273  -20.893  -56.659  24.917 0.6000000238
21479  -21.394  -57.440  24.948 0.6000000238
116553  -19.629  -55.901  24.707 0.6000000238
122358  -20.450  -56.127  24.820 0.6000000238
21480  -22.322  -57.443  24.772 0.6000000238
21540  -13.629  -56.973  20.269 0.3000000119
116038  -13.321  -56.715  20.529 0.5000000000
22353  -14.384  -56.445  18.991 0.3000000119
22355  -15.943  -56.776  18.014 0.3000000119
125492  -17.452  -56.623  17.838 0.2000000030
21552  -18.089  -56.964  17.933 0.3000000119
21524  -12.089  -56.255  21.586 0.5000000000
21539  -12.604  -56.487  20.858 0.5000000000
113344  -13.037  -56.496  20.921 0.5000000000
22341  -13.725  -56.570  19.708 0.4000000060
113138  -14.691  -55.661  18.792 0.4000000060
22354  -15.150  -56.384  18.468 0.3000000119
23165  -17.363  -55.261  17.809 0.2000000030
115301  -17.814  -56.103  17.877 0.2000000030
23149  -14.077  -55.836  19.109 0.5000000000
115112  -15.626  -55.685  18.276 0.3000000119
112709  -17.018  -54.325  17.901 0.3000000119
24830  -16.670  -53.691  26.167 0.4000000060
23118  -20.632  -55.505  24.976 0.6000000238
115292  -21.368  -56.125  24.966 0.6999999881
25757  -16.113  -53.438  25.905 0.3000000119
25758  -17.163  -52.919  25.374 0.4000000060
108357  -15.565  -53.091  25.657 0.3000000119
21556  -21.987  -57.841  18.800 0.2000000030
24008  -23.296  -54.198  19.691 0.5000000000
24901  -23.081  -53.951  18.948 0.4000000060
22340  -13.379  -56.550  19.962 0.5000000000
22352  -13.724  -56.136  19.240 0.5000000000
119448  -15.134  -55.128  18.797 0.5000000000
120871  -16.207  -54.312  18.343 0.4000000060
122138  -17.112  -53.583  18.084 0.4000000060
109773  -14.984  -54.444  18.886 0.5000000000
24021  -15.621  -53.899  18.654 0.5000000000
107208  -16.442  -53.656  18.346 0.4000000060
110653  -19.165  -54.266  27.252 0.2000000030
25734  -16.494  -53.453  26.504 0.3000000119
24829  -15.843  -53.518  26.137 0.2000000030
24835  -15.131  -53.580  26.059 0.3000000119
122392  -16.435  -52.651  25.480 0.4000000060
26645  -18.094  -51.834  25.286 0.5000000000
123432  -23.328  -53.680  20.266 0.5000000000
24896  -17.571  -53.048  18.186 0.4000000060
24020  -14.683  -54.184  18.678 0.5000000000
24895  -15.942  -52.938  18.488 0.5000000000
25833  -17.305  -52.354  18.271 0.6000000238
107706  -14.077  -54.142  18.372 0.5000000000
25830  -15.121  -52.962  17.969 0.5000000000
25832  -16.579  -52.351  18.344 0.5000000000
25735  -18.226  -53.049  27.035 0.2000000030
24821  -17.223  -53.700  26.482 0.3000000119
115281  -17.162  -52.981  26.793 0.2000000030
108386  -16.262  -53.104  26.854 0.2000000030
25748  -15.861  -53.432  26.443 0.3000000119
25733  -15.502  -53.205  26.793 0.2000000030
119034  -19.032  -51.484  25.593 0.5000000000
27520  -17.775  -50.879  25.611 0.5000000000
24894  -14.369  -53.621  18.014 0.5000000000
111962  -16.238  -52.180  18.274 0.6000000238
25849  -14.975  -52.244  17.665 0.6000000238
26617  -17.036  -52.184  27.123 0.2000000030
26616  -16.145  -52.419  27.131 0.2000000030
25747  -14.950  -53.299  26.617 0.2000000030
117724  -19.231  -50.063  25.692 0.6000000238
28411  -19.064  -49.272  25.666 0.6000000238
28412  -19.892  -49.711  25.367 0.6000000238
29273  -18.428  -48.618  26.005 0.6000000238
3448  -13.070  -84.759  29.863 0.6000000238
106069  -4.631  -84.888  28.990 0.4000000060
112160  -4.864  -84.877  30.003 0.4000000060
3445  -4.381  -83.980  29.192 0.3000000119
2909  -4.579  -85.730  28.772 0.4000000060
2923  -4.249  -85.513  27.115 0.3000000119
4026  -4.074  -83.447  27.016 0.2000000030
155  -19.811  -95.202  7.973 0.3000000119
409  -18.956  -93.856  8.568 0.3000000119
569  -20.539  -92.356  10.657 0.3000000119
119583  -12.491  -84.682  29.034 0.6000000238
8277  -4.190  -74.932  28.125 0.3000000119
19848  -18.537  -59.144  25.873 0.4000000060
106575  -18.678  -58.680  26.406 0.5000000000
22304  -21.848  -56.786  24.953 0.6999999881
23151  -23.418  -54.882  19.984 0.4000000060
23998  -23.393  -54.189  20.591 0.5000000000
21553  -19.054  -57.141  18.265 0.3000000119
107207  -17.721  -53.806  17.874 0.3000000119
23119  -21.846  -55.417  24.849 0.6999999881
24023  -22.589  -54.361  18.700 0.6000000238
24900  -22.490  -53.589  18.412 0.5000000000
567  -18.733  -91.971  10.563 0.2000000030
3144  -17.049  -85.037  7.412 0.3000000119
2562  -4.251  -87.180  16.206 0.3000000119
2442  -4.391  -86.121  28.098 0.4000000060
114754  -18.735  -56.103  25.649 0.4000000060
23117  -19.710  -55.379  25.004 0.6999999881
24822  -18.269  -53.950  26.729 0.2000000030
19865  -4.305  -59.224  24.732 0.5000000000
19866  -5.331  -58.746  25.074 0.5000000000
24893  -13.546  -54.013  17.864 0.4000000060
27521  -18.759  -50.794  25.679 0.5000000000
2107  -19.128  -86.769  18.850 0.6000000238
2094  -19.614  -87.183  19.366 0.6000000238
4004  -3.973  -82.646  27.551 0.2000000030
2113  -4.719  -87.558  17.189 0.3000000119
3010  -4.588  -85.687  18.861 0.2000000030
4640  -3.712  -82.815  20.503 0.2000000030
3561  -5.227  -84.782  19.750 0.1000000015
5473  -4.950  -81.170  42.150 0.3000000119
15932  -6.393  -64.798  25.918 0.3000000119
15918  -5.395  -63.582  27.653 0.5000000000
16755  -6.826  -63.160  23.175 0.3000000119
19071  -7.155  -60.582  24.498 0.6000000238
19072  -7.873  -60.452  23.617 0.4000000060
118315  -18.988  -56.620  23.455 0.6000000238
20698  -20.583  -57.499  24.615 0.6000000238
20726  -10.921  -57.010  23.554 0.5000000000
21548  -14.215  -57.125  19.402 0.3000000119
115302  -16.778  -56.120  17.825 0.2000000030
23164  -16.407  -55.068  18.025 0.3000000119
23162  -14.524  -55.079  18.902 0.5000000000
112434  -14.419  -54.657  18.787 0.5000000000
24823  -19.201  -53.280  27.446 0.2000000030
28410  -18.437  -49.944  25.940 0.5000000000
126043  -18.485  -49.274  25.985 0.6000000238
126678  -16.060  -96.540  8.865 0.5000000000
16  -17.056  -96.627  9.148 0.5000000000
3150  -16.459  -85.404  6.070 0.1000000015
3162  -16.672  -86.068  5.719 0.2000000030
2118  -21.882  -87.085  17.279 0.5000000000
2546  -21.680  -85.906  17.421 0.4000000060
3015  -21.924  -84.967  17.823 0.4000000060
3579  -22.236  -84.203  18.023 0.4000000060
4119  -23.465  -83.068  18.210 0.4000000060
3589  -22.336  -83.778  17.423 0.4000000060
1178  -27.525  -91.016  5.528 0.5000000000
113575  -23.653  -89.913  18.833 0.5000000000
1731  -22.405  -88.839  17.255 0.5000000000
2108  -22.559  -87.593  17.818 0.5000000000
2547  -22.338  -86.624  17.967 0.4000000060
2537  -22.648  -86.354  18.709 0.4000000060
2536  -22.236  -85.683  18.255 0.4000000060
107661  -22.535  -85.489  19.056 0.3000000119
3016  -22.271  -84.806  18.570 0.4000000060
4105  -23.553  -83.136  19.098 0.4000000060
4120  -24.225  -83.054  18.508 0.4000000060
4130  -23.175  -83.291  17.336 0.4000000060
4143  -23.807  -83.491  16.962 0.4000000060
4121  -25.080  -83.447  18.848 0.3000000119
3590  -24.491  -83.929  17.125 0.5000000000
3568  -26.638  -84.432  19.652 0.3000000119
3580  -25.801  -84.224  18.628 0.3000000119
3591  -25.386  -84.661  17.373 0.4000000060
2237  -30.759  -87.912  7.028 0.5000000000
1497  -30.530  -88.856  6.373 0.5000000000
112202  -28.738  -90.307  5.642 0.5000000000
1180  -29.651  -89.592  5.948 0.5000000000
1836  -30.325  -88.584  6.232 0.5000000000
1177  -26.910  -91.149  5.398 0.3000000119
1179  -28.509  -90.240  4.847 0.5000000000
855  -27.040  -91.280  4.977 0.5000000000
853  -25.428  -91.665  4.794 0.5000000000
1053  -23.542  -90.423  18.938 0.5000000000
1372  -23.661  -89.355  18.890 0.4000000060
1716  -22.853  -88.606  17.896 0.5000000000
2096  -23.522  -88.157  19.224 0.4000000060
2109  -23.044  -87.910  18.478 0.5000000000
107628  -23.271  -85.987  20.275 0.2000000030
2524  -22.961  -86.203  19.483 0.3000000119
3004  -22.547  -84.630  19.337 0.3000000119
3566  -22.927  -83.802  19.529 0.4000000060
126092  -23.904  -83.794  21.373 0.2000000030
4093  -24.415  -83.232  20.381 0.3000000119
4106  -24.352  -83.070  19.444 0.3000000119
4094  -25.211  -83.303  20.738 0.3000000119
4107  -25.126  -83.276  19.848 0.4000000060
4108  -25.975  -83.627  20.180 0.3000000119
3556  -26.781  -84.216  20.503 0.3000000119
3569  -27.394  -85.112  20.027 0.4000000060
3017  -26.118  -84.991  18.024 0.4000000060
3028  -26.068  -85.519  17.304 0.4000000060
2996  -28.173  -85.829  20.467 0.4000000060
3018  -26.873  -85.712  18.417 0.3000000119
3029  -26.636  -86.001  17.652 0.4000000060
1847  -29.317  -88.937  5.183 0.5000000000
1187  -28.146  -90.200  4.175 0.5000000000
1186  -27.815  -90.828  4.847 0.5000000000
117499  -25.006  -91.899  4.337 0.5000000000
863  -26.473  -91.295  4.373 0.6000000238
1665  -18.349  -88.699  22.500 0.4000000060
1331  -18.090  -89.882  22.676 0.4000000060
2493  -19.207  -86.747  21.955 0.4000000060
2043  -19.277  -87.437  22.759 0.4000000060
1652  -18.773  -89.049  23.613 0.4000000060
2500  -19.917  -86.614  21.296 0.4000000060
2494  -19.833  -86.742  21.974 0.4000000060
2060  -20.508  -87.170  22.433 0.4000000060
2028  -19.971  -87.903  24.135 0.4000000060
1654  -20.355  -88.189  24.831 0.4000000060
2061  -21.185  -87.521  22.698 0.4000000060
2030  -21.451  -87.766  23.990 0.4000000060
119917  -21.028  -88.238  25.424 0.4000000060
1645  -21.756  -88.270  25.607 0.4000000060
1342  -22.045  -89.148  22.435 0.3000000119
123138  -21.653  -87.845  23.239 0.3000000119
1666  -22.243  -88.247  23.793 0.3000000119
1656  -22.768  -88.576  24.401 0.3000000119
1646  -22.633  -88.519  25.783 0.3000000119
1343  -22.639  -89.929  23.119 0.3000000119
1667  -22.917  -89.050  23.747 0.3000000119
996  -23.722  -90.614  24.619 0.3000000119
111772  -23.850  -90.221  26.249 0.3000000119
1310  -23.438  -89.610  26.953 0.3000000119
970  -24.114  -90.472  27.856 0.3000000119
1026  -21.460  -91.032  21.936 0.3000000119
987  -24.058  -90.634  25.465 0.3000000119
980  -24.359  -90.613  26.286 0.3000000119
971  -24.535  -90.498  27.134 0.3000000119
962  -24.673  -90.201  28.457 0.2000000030
947  -25.105  -89.743  29.311 0.1000000015
988  -24.581  -90.782  25.395 0.3000000119
125963  -24.803  -90.586  26.547 0.3000000119
972  -25.005  -90.323  27.599 0.2000000030
1281  -26.033  -89.077  29.310 0.1000000015
1300  -25.583  -89.946  27.325 0.3000000119
1291  -25.525  -89.654  28.207 0.2000000030
742  -24.028  -90.717  19.927 0.3000000119
1365  -23.932  -89.776  19.285 0.4000000060
1705  -23.946  -89.109  19.500 0.3000000119
1696  -23.928  -88.234  20.102 0.2000000030
2525  -23.535  -87.081  19.922 0.2000000030
108713  -23.532  -85.779  20.915 0.2000000030
2982  -23.602  -85.207  21.427 0.2000000030
4081  -24.429  -83.503  21.307 0.2000000030
3546  -26.922  -84.112  21.344 0.4000000060
3547  -27.769  -84.838  21.741 0.4000000060
3557  -27.580  -84.943  20.883 0.3000000119
114198  -28.411  -85.715  21.340 0.4000000060
3006  -27.903  -86.074  19.621 0.3000000119
3129  -30.305  -85.727  10.045 0.6000000238
2658  -29.770  -86.097  9.335 0.6000000238
2997  -29.031  -86.484  20.890 0.3000000119
3019  -27.630  -86.416  18.818 0.3000000119
2224  -30.626  -87.443  7.949 0.5000000000
2223  -29.335  -87.177  8.101 0.5000000000
2247  -29.889  -88.188  6.345 0.5000000000
1857  -28.468  -89.026  4.306 0.5000000000
1835  -29.412  -88.566  5.703 0.5000000000
1191  -27.673  -90.080  3.603 0.5000000000
1517  -27.627  -89.503  3.511 0.5000000000
877  -25.357  -91.233  3.195 0.6000000238
1200  -26.025  -90.795  3.208 0.6000000238
868  -25.024  -91.788  3.741 0.5000000000
1016  -17.182  -90.235  22.531 0.5000000000
1017  -17.522  -90.190  22.506 0.4000000060
1005  -17.804  -90.757  22.997 0.5000000000
702  -18.077  -92.178  24.307 0.5000000000
1322  -18.454  -90.157  23.711 0.4000000060
1653  -19.490  -88.535  24.388 0.4000000060
1643  -19.769  -88.879  25.221 0.4000000060
1316  -20.195  -89.142  26.100 0.4000000060
1636  -21.083  -88.605  26.204 0.4000000060
1637  -22.035  -88.553  26.393 0.4000000060
1309  -22.914  -89.295  27.391 0.3000000119
1018  -22.017  -90.471  22.465 0.3000000119
1332  -23.246  -90.325  23.865 0.3000000119
1007  -23.540  -91.095  23.881 0.3000000119
1299  -23.505  -89.986  27.887 0.3000000119
127298  -23.900  -90.447  29.219 0.2000000030
725  -22.146  -91.955  21.852 0.4000000060
717  -21.995  -91.458  22.304 0.3000000119
1279  -24.842  -89.864  30.561 0.1000000015
128002  -23.789  -91.453  21.621 0.4000000060
107966  -25.121  -90.627  25.963 0.3000000119
735  -24.314  -90.660  20.477 0.3000000119
1027  -24.739  -90.608  21.381 0.4000000060
117289  -25.681  -90.163  24.863 0.3000000119
107808  -25.699  -90.133  26.098 0.3000000119
1301  -26.146  -89.274  27.512 0.2000000030
108233  -26.290  -88.974  28.310 0.2000000030
1045  -24.209  -90.373  19.920 0.4000000060
1318  -25.851  -89.755  25.503 0.3000000119
1639  -26.417  -88.808  26.999 0.3000000119
1628  -26.739  -88.467  27.944 0.2000000030
1624  -26.864  -88.502  28.942 0.2000000030
1697  -24.370  -89.189  20.331 0.4000000060
1999  -27.404  -88.007  28.725 0.2000000030
2510  -23.748  -86.624  20.785 0.2000000030
2501  -23.872  -86.154  21.502 0.2000000030
3544  -23.632  -84.268  21.276 0.2000000030
4069  -24.814  -83.628  22.104 0.2000000030
4083  -26.178  -83.593  21.849 0.3000000119
124556  -27.155  -84.041  22.913 0.2000000030
3532  -27.071  -84.059  22.183 0.2000000030
2975  -28.995  -85.948  22.763 0.3000000119
2974  -28.551  -85.637  22.126 0.3000000119
3093  -30.234  -85.943  12.064 0.6000000238
3654  -29.538  -85.141  11.891 0.5000000000
3128  -29.143  -85.709  9.781 0.6000000238
3535  -29.919  -85.786  22.792 0.2000000030
2983  -29.317  -86.418  21.874 0.2000000030
2502  -29.760  -86.899  21.072 0.3000000119
109424  -29.022  -84.713  13.082 0.5000000000
2657  -28.428  -86.088  9.249 0.6000000238
2670  -27.779  -86.477  8.598 0.4000000060
127924  -28.554  -84.535  14.257 0.5000000000
2235  -28.328  -87.429  7.570 0.5000000000
2680  -27.450  -86.866  7.906 0.3000000119
2246  -28.401  -88.329  5.580 0.5000000000
128233  -27.479  -87.883  6.080 0.5000000000
1516  -27.149  -89.804  3.154 0.6000000238
1855  -27.148  -88.631  3.720 0.4000000060
1856  -27.844  -88.676  4.246 0.4000000060
117353  -23.942  -91.800  2.691 0.6000000238
109681  -17.977  -92.884  24.693 0.5000000000
1004  -17.254  -90.859  23.020 0.5000000000
700  -17.022  -91.840  23.990 0.5000000000
471  -17.559  -92.204  24.161 0.5000000000
121505  -16.587  -90.255  23.558 0.5000000000
993  -16.772  -91.084  23.570 0.5000000000
707  -17.070  -91.219  23.304 0.5000000000
468  -16.527  -92.538  24.758 0.5000000000
1323  -19.129  -89.429  24.590 0.4000000060
115603  -16.422  -89.275  24.356 0.5000000000
692  -15.801  -92.247  25.360 0.5000000000
1307  -20.717  -89.411  27.097 0.4000000060
1297  -21.590  -89.390  27.937 0.3000000119
1289  -23.070  -89.968  28.818 0.3000000119
959  -22.656  -90.405  29.822 0.3000000119
709  -23.128  -91.302  23.100 0.3000000119
710  -23.939  -91.405  23.356 0.4000000060
960  -23.664  -90.375  29.152 0.3000000119
719  -23.652  -91.467  22.437 0.4000000060
711  -24.774  -91.224  23.578 0.4000000060
703  -24.572  -91.149  24.286 0.4000000060
728  -25.069  -90.818  22.265 0.3000000119
712  -25.352  -90.754  23.480 0.4000000060
989  -25.215  -90.685  24.991 0.4000000060
106035  -24.632  -89.859  20.608 0.4000000060
1028  -25.143  -90.352  22.067 0.3000000119
1345  -25.402  -90.072  22.637 0.4000000060
110695  -24.674  -89.310  21.259 0.3000000119
1658  -25.565  -88.979  24.289 0.3000000119
1648  -25.642  -88.377  25.170 0.2000000030
2013  -26.434  -87.984  26.809 0.2000000030
2083  -24.270  -88.319  20.911 0.3000000119
2074  -24.161  -87.329  21.484 0.2000000030
2012  -25.881  -87.375  26.329 0.2000000030
2005  -27.013  -87.944  27.774 0.2000000030
114756  -28.028  -87.617  29.488 0.2000000030
2466  -26.178  -86.788  26.751 0.2000000030
2461  -26.685  -87.148  27.331 0.2000000030
2000  -27.618  -87.429  28.655 0.2000000030
1993  -28.678  -87.257  30.226 0.2000000030
2936  -26.640  -85.927  27.242 0.2000000030
2921  -28.089  -85.538  28.688 0.2000000030
2495  -23.929  -85.554  22.040 0.2000000030
3531  -23.885  -84.721  22.058 0.2000000030
119098  -24.487  -84.294  22.695 0.2000000030
4070  -25.349  -83.739  22.759 0.2000000030
108520  -27.712  -84.423  23.576 0.2000000030
3525  -29.243  -85.515  23.877 0.2000000030
3526  -29.542  -85.497  23.538 0.3000000119
2130  -29.209  -87.372  16.210 0.3000000119
2142  -29.295  -87.182  15.407 0.3000000119
115025  -29.841  -85.255  23.139 0.2000000030
2097  -29.558  -87.260  19.295 0.3000000119
3042  -29.356  -86.234  16.706 0.3000000119
3055  -29.062  -85.595  16.004 0.4000000060
3630  -29.152  -85.313  14.217 0.5000000000
3665  -29.456  -85.023  11.178 0.6000000238
3536  -30.638  -85.477  21.972 0.2000000030
2984  -29.957  -86.685  21.651 0.3000000119
2985  -30.636  -86.320  21.215 0.2000000030
2513  -29.978  -87.165  20.358 0.3000000119
2528  -30.034  -87.065  18.983 0.3000000119
3030  -29.048  -85.441  16.915 0.3000000119
4145  -28.433  -84.505  16.616 0.3000000119
3644  -28.638  -84.408  12.461 0.5000000000
3653  -28.536  -84.486  11.663 0.5000000000
3127  -28.048  -85.530  9.745 0.6000000238
2669  -26.921  -86.172  8.278 0.2000000030
2679  -26.699  -86.477  7.493 0.2000000030
3537  -31.734  -84.915  21.780 0.2000000030
3615  -28.535  -84.759  15.572 0.4000000060
4186  -28.306  -84.192  13.253 0.5000000000
116735  -27.282  -87.355  7.036 0.4000000060
3592  -28.901  -84.942  17.622 0.1000000015
4133  -28.342  -84.070  17.729 0.1000000015
116052  -28.100  -84.150  15.777 0.1000000015
2253  -26.762  -87.595  5.513 0.4000000060
2245  -26.761  -87.317  6.312 0.2000000030
2259  -26.795  -87.987  4.464 0.4000000060
114637  -25.654  -90.614  2.853 0.6000000238
123871  -26.564  -89.324  2.894 0.4000000060
2278  -26.140  -88.471  3.018 0.3000000119
1199  -24.876  -91.048  2.729 0.5000000000
117895  -24.993  -89.645  2.533 0.5000000000
875  -23.181  -91.646  2.025 0.5000000000
883  -19.479  -92.109  0.535 0.4000000060
122464  -17.400  -93.427  25.404 0.5000000000
317  -17.178  -93.197  24.984 0.5000000000
465  -16.490  -93.191  25.080 0.5000000000
977  -14.167  -90.999  26.859 0.5000000000
463  -15.012  -92.817  25.978 0.5000000000
464  -15.757  -93.172  25.358 0.5000000000
124220  -15.187  -94.155  26.303 0.5000000000
122760  -13.408  -91.816  27.251 0.5000000000
677  -12.597  -92.174  28.131 0.5000000000
967  -12.218  -90.354  27.479 0.5000000000
121387  -12.105  -91.221  28.826 0.5000000000
1344  -25.117  -89.887  21.991 0.3000000119
1333  -25.425  -89.512  23.371 0.3000000119
2441  -29.729  -86.182  30.926 0.1000000015
1668  -24.943  -88.751  22.916 0.3000000119
123537  -24.710  -87.882  23.234 0.2000000030
2031  -25.227  -87.959  24.443 0.2000000030
2922  -28.797  -85.459  29.351 0.2000000030
2062  -24.486  -87.834  22.444 0.2000000030
2046  -24.781  -87.422  23.864 0.2000000030
124781  -25.239  -87.450  25.054 0.2000000030
2440  -29.135  -86.431  30.151 0.2000000030
110988  -24.440  -86.988  23.224 0.2000000030
2476  -24.527  -86.412  23.988 0.2000000030
2465  -25.592  -86.544  26.117 0.2000000030
2001  -28.328  -86.699  29.317 0.2000000030
2496  -24.199  -86.454  22.393 0.2000000030
113938  -24.336  -85.880  23.330 0.2000000030
117196  -25.509  -85.602  25.706 0.2000000030
2947  -26.017  -85.754  26.430 0.2000000030
2937  -27.401  -85.504  27.984 0.2000000030
2973  -24.149  -85.278  22.730 0.2000000030
127013  -24.780  -84.736  23.908 0.2000000030
122650  -25.667  -84.828  25.218 0.2000000030
2955  -26.097  -84.942  25.888 0.2000000030
3494  -27.572  -84.486  26.613 0.2000000030
121759  -28.758  -84.430  27.721 0.2000000030
3514  -26.188  -84.312  24.737 0.2000000030
114777  -26.317  -84.520  25.355 0.2000000030
3495  -28.795  -84.324  26.982 0.2000000030
106378  -26.000  -84.006  23.975 0.2000000030
105804  -27.077  -84.110  24.347 0.2000000030
106929  -26.980  -84.255  25.165 0.2000000030
3506  -27.682  -84.364  25.750 0.2000000030
3524  -28.464  -84.931  24.196 0.2000000030
3515  -27.999  -84.470  24.974 0.2000000030
3517  -29.512  -85.223  24.308 0.2000000030
4062  -29.731  -84.878  23.892 0.2000000030
4616  -29.787  -83.181  23.330 0.2000000030
3677  -26.141  -84.783  9.301 0.2000000030
4072  -30.000  -83.987  22.749 0.1000000015
107223  -30.484  -84.895  22.377 0.1000000015
2514  -30.285  -86.934  20.083 0.3000000119
3008  -30.547  -86.396  19.749 0.2000000030
3031  -29.435  -85.993  17.706 0.3000000119
3113  -27.649  -85.014  10.281 0.3000000119
3126  -26.960  -85.260  9.541 0.4000000060
120694  -26.438  -86.682  6.711 0.2000000030
4073  -30.978  -83.960  22.296 0.1000000015
3548  -31.170  -85.616  21.387 0.1000000015
2986  -31.417  -85.684  20.852 0.2000000030
4170  -27.642  -83.662  14.410 0.3000000119
4196  -27.705  -83.892  12.134 0.3000000119
3652  -27.440  -84.207  11.406 0.3000000119
112373  -26.168  -86.883  5.908 0.2000000030
4123  -28.461  -83.687  18.600 0.1000000015
4159  -27.702  -83.700  15.277 0.1000000015
4696  -27.102  -83.169  14.922 0.2000000030
2690  -26.075  -87.137  4.977 0.2000000030
4109  -28.792  -83.270  19.356 0.1000000015
116875  -27.249  -82.679  17.665 0.1000000015
4674  -27.136  -82.910  16.764 0.1000000015
2698  -26.041  -87.347  4.158 0.2000000030
2697  -25.513  -86.560  4.381 0.2000000030
4665  -28.082  -82.794  18.977 0.1000000015
1875  -25.711  -88.964  2.669 0.3000000119
1874  -24.730  -88.554  2.556 0.2000000030
2717  -25.213  -87.176  2.934 0.2000000030
1525  -24.509  -90.524  2.449 0.5000000000
111341  -23.848  -89.470  2.253 0.2000000030
1873  -23.609  -87.976  2.247 0.2000000030
5868  -18.371  -80.438  3.997 0.5000000000
120888  -22.993  -90.934  1.622 0.4000000060
117583  -22.985  -89.980  1.605 0.2000000030
1206  -21.079  -91.473  0.363 0.4000000060
1533  -21.357  -90.401  -0.164 0.3000000119
1209  -18.807  -91.213  -0.234 0.4000000060
1210  -19.791  -91.125  -0.535 0.4000000060
1537  -20.794  -90.432  -0.801 0.3000000119
1203  -18.536  -90.812  -0.253 0.4000000060
1212  -19.238  -90.569  -1.058 0.4000000060
1535  -18.459  -90.063  -0.738 0.4000000060
1538  -18.573  -89.630  -1.393 0.4000000060
5371  -15.392  -81.398  -0.702 0.4000000060
5370  -14.864  -82.277  -1.260 0.4000000060
106690  -15.971  -82.260  -2.049 0.4000000060
115669  -17.310  -80.862  -1.563 0.4000000060
5380  -15.885  -81.644  -1.538 0.4000000060
123548  -18.327  -80.545  -1.524 0.4000000060
1928  -12.025  -88.554  37.706 0.3000000119
1929  -13.358  -88.315  36.590 0.3000000119
291  -13.875  -93.592  31.709 0.4000000060
175  -13.822  -93.953  29.922 0.4000000060
1920  -11.525  -88.071  37.942 0.3000000119
184  -15.993  -94.056  26.036 0.5000000000
2355  -12.115  -87.355  38.345 0.3000000119
296  -12.932  -93.548  29.039 0.5000000000
297  -13.236  -93.888  29.281 0.5000000000
303  -13.458  -93.819  27.740 0.5000000000
451  -12.746  -92.886  28.569 0.5000000000
299  -13.081  -93.536  28.325 0.5000000000
309  -14.554  -93.911  26.461 0.5000000000
662  -12.368  -92.063  29.598 0.5000000000
106647  -11.946  -90.525  28.921 0.5000000000
2906  -29.551  -85.534  29.989 0.1000000015
3466  -29.301  -84.949  29.248 0.2000000030
111059  -29.845  -84.610  28.708 0.2000000030
3482  -29.813  -84.534  27.635 0.2000000030
112915  -29.562  -84.761  25.907 0.2000000030
108054  -28.905  -84.808  25.402 0.2000000030
4053  -29.863  -84.851  25.088 0.2000000030
107882  -29.688  -85.016  25.091 0.2000000030
4612  -29.908  -82.409  24.304 0.1000000015
4617  -30.129  -82.245  23.317 0.1000000015
3663  -26.584  -84.711  10.113 0.1000000015
4627  -30.313  -82.922  22.781 0.1000000015
3009  -31.140  -85.693  20.417 0.1000000015
128410  -27.193  -84.563  10.738 0.2000000030
3154  -26.053  -85.972  7.063 0.2000000030
3153  -25.510  -85.592  6.677 0.2000000030
4618  -30.881  -82.019  22.980 0.1000000015
4074  -32.358  -84.026  22.069 0.1000000015
3549  -32.060  -85.011  21.236 0.1000000015
3559  -32.375  -84.305  21.319 0.1000000015
122909  -31.329  -85.186  20.286 0.1000000015
4097  -31.485  -84.419  20.367 0.1000000015
4174  -27.066  -83.355  13.377 0.2000000030
4195  -26.610  -83.659  11.817 0.2000000030
2689  -25.534  -86.297  5.381 0.2000000030
4169  -27.113  -83.283  14.121 0.2000000030
4704  -26.455  -82.930  13.870 0.2000000030
4717  -26.212  -82.986  13.134 0.1000000015
4110  -29.634  -83.802  19.640 0.1000000015
4681  -26.449  -82.341  16.402 0.2000000030
4698  -26.520  -82.791  14.566 0.2000000030
2707  -25.557  -87.058  3.540 0.2000000030
3175  -25.059  -85.814  4.275 0.2000000030
4657  -29.328  -82.792  19.895 0.1000000015
4656  -28.532  -82.333  19.590 0.1000000015
4664  -27.460  -82.305  18.527 0.1000000015
4673  -26.608  -82.111  17.278 0.1000000015
2275  -24.003  -86.988  2.280 0.2000000030
1878  -22.851  -88.772  1.675 0.2000000030
2283  -23.262  -87.053  1.743 0.2000000030
119024  -22.290  -89.422  1.017 0.3000000119
2286  -22.525  -87.609  0.345 0.2000000030
1534  -21.894  -90.360  0.541 0.3000000119
1881  -21.936  -89.332  0.210 0.3000000119
1536  -20.175  -90.361  -1.151 0.3000000119
1543  -20.004  -89.120  -2.199 0.4000000060
5363  -15.306  -81.866  0.360 0.4000000060
4806  -15.226  -82.645  0.453 0.4000000060
3722  -15.936  -83.963  -0.052 0.4000000060
4279  -14.507  -83.579  -1.213 0.4000000060
106866  -14.967  -85.672  -0.923 0.4000000060
1445  -8.360  -89.703  10.838 0.2000000030
4817  -14.569  -82.809  -1.025 0.4000000060
3727  -14.542  -84.682  -1.041 0.4000000060
3206  -15.048  -86.105  -1.710 0.4000000060
4838  -14.701  -83.019  -1.976 0.4000000060
2373  -12.949  -87.786  37.150 0.3000000119
2356  -13.125  -87.014  37.582 0.3000000119
292  -15.109  -93.567  31.457 0.4000000060
310  -16.537  -93.953  26.206 0.5000000000
307  -16.922  -93.769  26.303 0.4000000060
312  -17.833  -93.359  25.597 0.5000000000
287  -13.548  -93.410  32.434 0.5000000000
176  -14.720  -94.216  29.339 0.4000000060
179  -14.560  -94.384  28.415 0.4000000060
182  -15.801  -94.345  26.779 0.5000000000
2348  -12.833  -86.488  38.609 0.4000000060
445  -12.531  -92.816  31.369 0.5000000000
109167  -12.752  -93.262  31.179 0.5000000000
178  -13.747  -94.253  28.898 0.4000000060
125195  -14.494  -94.152  26.762 0.5000000000
2340  -12.952  -85.914  39.500 0.4000000060
2347  -12.087  -86.632  38.799 0.4000000060
1919  -11.191  -87.729  37.851 0.4000000060
1927  -10.962  -88.234  37.369 0.4000000060
657  -12.408  -91.965  30.653 0.5000000000
447  -12.522  -92.875  30.446 0.5000000000
937  -12.283  -91.239  29.602 0.5000000000
119427  -31.277  -84.359  30.472 0.1000000015
111251  -31.158  -84.372  29.589 0.2000000030
3467  -30.955  -84.397  28.702 0.2000000030
3497  -30.698  -84.387  27.255 0.2000000030
3484  -31.261  -84.138  28.008 0.2000000030
4045  -30.273  -84.527  25.964 0.2000000030
3508  -30.472  -84.415  26.590 0.2000000030
5116  -30.697  -81.175  24.135 0.1000000015
5108  -31.183  -80.238  24.333 0.1000000015
3147  -26.248  -85.712  7.827 0.2000000030
3702  -24.979  -84.880  6.608 0.2000000030
5117  -31.811  -80.978  23.535 0.1000000015
4628  -31.590  -83.107  22.468 0.1000000015
4619  -32.679  -82.395  22.852 0.1000000015
120408  -32.787  -83.260  22.281 0.1000000015
4075  -32.976  -83.477  22.035 0.1000000015
4201  -26.234  -84.112  10.867 0.1000000015
4084  -32.881  -83.579  21.763 0.1000000015
4098  -32.227  -84.131  20.849 0.1000000015
108031  -31.485  -83.480  20.514 0.1000000015
4637  -33.522  -82.920  21.901 0.1000000015
4695  -26.336  -82.476  15.434 0.2000000030
2706  -24.992  -86.348  3.117 0.2000000030
5158  -28.418  -81.435  19.697 0.1000000015
2715  -23.718  -86.246  1.950 0.2000000030
2716  -24.574  -86.475  2.585 0.2000000030
1885  -22.179  -88.816  -1.224 0.2000000030
107834  -22.143  -88.535  0.004 0.2000000030
2282  -22.675  -87.236  1.107 0.2000000030
5894  -18.404  -80.948  2.736 0.5000000000
1895  -20.924  -88.447  -2.646 0.3000000119
1544  -20.990  -89.133  -2.174 0.3000000119
1541  -20.943  -89.693  -1.445 0.2000000030
1884  -21.501  -89.601  -0.866 0.2000000030
126907  -18.922  -87.146  -2.671 0.4000000060
1891  -19.071  -88.317  -2.437 0.4000000060
5353  -16.925  -82.060  1.743 0.5000000000
5354  -18.163  -81.739  1.462 0.5000000000
2738  -17.052  -86.874  -2.187 0.4000000060
1542  -19.082  -89.083  -2.100 0.4000000060
4795  -15.965  -82.396  1.267 0.4000000060
4807  -16.348  -82.979  0.846 0.4000000060
2737  -15.994  -86.484  -2.169 0.4000000060
3213  -17.358  -86.227  -2.563 0.4000000060
2297  -17.515  -87.500  -2.094 0.4000000060
1890  -18.344  -88.028  -2.240 0.4000000060
120844  -18.454  -88.790  -1.868 0.4000000060
3212  -15.584  -85.445  -2.311 0.4000000060
3205  -14.705  -85.088  -1.920 0.4000000060
3751  -14.614  -84.215  -1.914 0.4000000060
5920  -18.884  -80.590  -1.527 0.4000000060
2374  -14.035  -87.116  36.552 0.3000000119
1930  -14.463  -88.062  36.351 0.3000000119
109317  -14.228  -86.075  36.948 0.3000000119
2375  -14.880  -86.085  36.517 0.3000000119
461  -18.515  -93.042  25.951 0.4000000060
2789  -11.902  -85.316  40.561 0.3000000119
2339  -12.528  -85.613  40.017 0.4000000060
117467  -12.061  -86.110  39.318 0.4000000060
2354  -11.248  -86.992  38.233 0.4000000060
2830  -11.150  -86.741  37.721 0.4000000060
114424  -11.688  -85.595  39.293 0.4000000060
2803  -11.449  -85.614  38.612 0.4000000060
2372  -11.501  -86.506  36.721 0.4000000060
925  -12.578  -91.225  31.350 0.5000000000
3444  -31.668  -83.885  30.511 0.1000000015
3469  -31.752  -83.713  29.159 0.2000000030
4563  -31.840  -82.919  29.991 0.1000000015
3485  -31.630  -83.709  28.546 0.2000000030
112941  -31.306  -83.296  27.438 0.2000000030
4025  -31.460  -83.734  27.916 0.2000000030
4046  -30.729  -83.648  26.462 0.2000000030
4054  -30.122  -83.719  25.325 0.2000000030
4611  -29.786  -83.882  24.375 0.2000000030
122420  -30.453  -81.395  25.100 0.1000000015
5107  -30.542  -80.649  25.097 0.1000000015
3662  -25.691  -84.240  9.917 0.2000000030
3688  -25.812  -84.784  8.654 0.2000000030
124653  -31.334  -79.936  24.281 0.1000000015
5637  -31.626  -79.637  23.821 0.1000000015
4183  -25.790  -83.141  12.321 0.2000000030
107138  -32.512  -80.513  23.590 0.1000000015
5118  -33.212  -81.535  23.333 0.1000000015
4629  -33.556  -82.811  22.436 0.1000000015
4630  -34.417  -82.426  22.684 0.1000000015
120858  -24.862  -84.931  5.761 0.2000000030
5639  -33.473  -80.672  23.490 0.1000000015
4638  -34.329  -82.487  22.355 0.1000000015
4694  -25.817  -82.250  14.789 0.2000000030
3174  -24.771  -85.083  4.392 0.2000000030
115941  -25.017  -85.507  5.092 0.2000000030
5640  -34.694  -80.823  23.434 0.1000000015
5177  -26.884  -81.794  18.078 0.1000000015
3183  -24.728  -85.335  3.478 0.2000000030
5141  -34.768  -82.230  22.126 0.1000000015
122372  -23.300  -85.792  0.078 0.2000000030
3194  -23.199  -85.574  0.762 0.2000000030
2293  -22.929  -88.157  -1.730 0.2000000030
2728  -23.377  -86.611  -0.524 0.2000000030
2725  -22.884  -86.541  0.407 0.2000000030
2721  -23.098  -86.305  1.253 0.2000000030
1896  -21.700  -87.983  -3.033 0.3000000119
109025  -23.103  -87.982  -2.505 0.2000000030
2291  -23.270  -87.616  -1.144 0.2000000030
2727  -22.868  -87.241  -0.314 0.2000000030
2305  -20.837  -87.727  -2.889 0.3000000119
1888  -22.419  -88.459  -2.233 0.2000000030
114397  -19.209  -86.696  -2.700 0.4000000060
2741  -20.385  -87.178  -2.840 0.3000000119
3752  -15.331  -84.382  -2.312 0.4000000060
4830  -16.710  -82.795  -2.247 0.4000000060
5381  -16.939  -81.826  -1.850 0.4000000060
5921  -19.547  -79.869  -1.453 0.3000000119
1931  -15.104  -87.083  36.431 0.3000000119
2832  -14.863  -85.137  36.680 0.3000000119
2833  -15.592  -85.343  36.521 0.3000000119
3366  -15.519  -84.328  36.618 0.3000000119
2818  -11.346  -85.804  37.902 0.4000000060
110694  -11.729  -85.033  39.829 0.4000000060
3337  -11.632  -85.132  39.218 0.4000000060
3364  -11.792  -84.849  38.007 0.4000000060
2819  -11.978  -85.124  37.301 0.4000000060
4014  -31.809  -83.274  29.152 0.2000000030
4585  -31.637  -83.080  28.314 0.2000000030
5065  -31.234  -81.906  29.544 0.1000000015
4584  -31.287  -82.388  27.667 0.2000000030
5077  -31.474  -82.286  28.358 0.2000000030
5076  -31.269  -81.835  28.735 0.2000000030
5092  -30.592  -81.452  26.605 0.2000000030
4595  -30.855  -82.306  26.759 0.2000000030
5099  -30.593  -81.344  26.000 0.2000000030
106376  -30.329  -80.467  25.241 0.1000000015
5629  -30.820  -80.159  24.583 0.1000000015
6166  -30.826  -79.691  24.101 0.1000000015
4194  -25.428  -83.407  11.436 0.1000000015
126309  -25.423  -84.823  7.785 0.2000000030
6177  -32.499  -79.896  23.663 0.1000000015
4716  -25.242  -82.542  12.817 0.1000000015
4703  -25.594  -82.457  13.672 0.1000000015
5120  -35.481  -81.600  23.131 0.1000000015
5187  -25.924  -81.461  16.868 0.1000000015
122132  -29.525  -81.500  20.321 0.1000000015
5157  -27.903  -81.099  19.286 0.1000000015
3190  -23.526  -85.490  1.496 0.2000000030
2732  -24.042  -87.218  -1.412 0.2000000030
2295  -24.689  -87.332  -1.995 0.2000000030
2746  -21.168  -87.125  -3.077 0.3000000119
3214  -18.583  -86.114  -2.646 0.4000000060
122034  -19.961  -86.782  -2.717 0.3000000119
3754  -17.764  -85.288  -2.568 0.4000000060
4304  -16.007  -83.596  -2.506 0.4000000060
5383  -18.977  -81.358  -1.411 0.4000000060
6460  -20.471  -79.571  -0.682 0.2000000030
2834  -16.435  -85.681  36.830 0.3000000119
128014  -17.312  -83.162  37.171 0.2000000030
4997  -18.073  -81.699  37.777 0.2000000030
4485  -19.262  -82.457  37.634 0.2000000030
3329  -11.786  -84.357  40.294 0.4000000060
3892  -11.770  -83.696  40.812 0.4000000060
3902  -12.043  -83.349  39.992 0.4000000060
3349  -11.906  -84.513  38.766 0.4000000060
107986  -12.349  -83.688  38.048 0.4000000060
3377  -12.524  -84.363  36.491 0.4000000060
3911  -12.295  -83.265  39.000 0.4000000060
3923  -12.568  -82.854  37.081 0.4000000060
117106  -12.615  -83.443  36.457 0.5000000000
5588  -29.555  -80.934  29.333 0.1000000015
119625  -30.824  -81.671  27.175 0.2000000030
5084  -31.106  -81.722  27.923 0.2000000030
124351  -29.778  -81.115  28.118 0.2000000030
5606  -30.467  -81.183  26.757 0.2000000030
5604  -29.069  -80.550  26.575 0.1000000015
5619  -30.436  -80.859  26.071 0.1000000015
6176  -29.763  -79.671  23.880 0.1000000015
6192  -30.197  -79.315  23.333 0.1000000015
4200  -25.161  -83.628  10.514 0.2000000030
3687  -25.237  -84.390  8.200 0.2000000030
6741  -30.768  -78.775  22.870 0.1000000015
6193  -31.521  -79.100  23.381 0.1000000015
6194  -32.401  -79.309  23.375 0.1000000015
3692  -25.020  -84.528  7.439 0.2000000030
6178  -33.522  -79.924  23.426 0.1000000015
5176  -26.368  -81.282  17.644 0.1000000015
5200  -25.521  -81.646  15.415 0.1000000015
3164  -24.648  -84.550  5.077 0.2000000030
3701  -24.612  -83.933  6.967 0.2000000030
6743  -32.673  -78.757  22.748 0.1000000015
6179  -34.663  -80.028  23.235 0.1000000015
5149  -28.985  -81.053  20.159 0.1000000015
3714  -24.369  -84.229  3.057 0.2000000030
3711  -24.431  -84.156  4.140 0.2000000030
5142  -35.801  -81.540  22.526 0.1000000015
3721  -24.148  -84.180  1.116 0.2000000030
3732  -24.247  -84.926  -0.466 0.2000000030
3724  -23.676  -84.969  0.284 0.2000000030
2301  -23.104  -87.703  -3.058 0.2000000030
3215  -19.749  -86.180  -2.569 0.4000000060
3755  -18.935  -85.431  -2.359 0.4000000060
3740  -17.643  -84.309  -2.289 0.3000000119
4295  -17.822  -83.391  -1.916 0.3000000119
111868  -18.554  -82.833  -1.432 0.3000000119
4832  -18.614  -82.014  -1.494 0.4000000060
128013  -19.595  -81.503  -0.838 0.3000000119
5372  -20.273  -81.176  -0.374 0.2000000030
125260  -19.462  -80.784  -1.163 0.3000000119
5913  -20.808  -80.357  -0.126 0.2000000030
3927  -18.700  -83.231  37.637 0.2000000030
107733  -11.494  -84.085  41.623 0.3000000119
3864  -11.317  -83.180  42.129 0.3000000119
4443  -11.598  -82.250  40.876 0.3000000119
4953  -11.571  -81.804  40.231 0.4000000060
4457  -12.169  -82.562  39.532 0.4000000060
107471  -12.450  -82.516  38.065 0.4000000060
4480  -12.412  -82.015  37.329 0.5000000000
5597  -29.298  -80.789  27.429 0.2000000030
5596  -28.389  -80.379  28.010 0.1000000015
6131  -27.802  -79.637  28.523 0.1000000015
5617  -28.721  -80.349  25.826 0.2000000030
121604  -28.501  -80.406  27.163 0.1000000015
110464  -27.455  -79.373  27.768 0.1000000015
5618  -29.879  -80.483  25.938 0.1000000015
6699  -27.051  -78.766  27.594 0.1000000015
5628  -29.392  -80.253  25.099 0.1000000015
6155  -28.320  -80.151  25.179 0.1000000015
6174  -27.746  -79.569  23.954 0.1000000015
110975  -29.337  -79.933  24.375 0.1000000015
6175  -28.747  -79.684  23.805 0.1000000015
6191  -29.174  -79.368  23.158 0.1000000015
6739  -28.602  -78.946  22.475 0.1000000015
6740  -29.656  -78.913  22.569 0.1000000015
116897  -24.921  -83.660  9.638 0.2000000030
6752  -30.091  -78.296  22.019 0.1000000015
5208  -25.142  -81.507  14.634 0.1000000015
6742  -31.704  -78.666  22.841 0.1000000015
4702  -24.889  -82.049  13.244 0.1000000015
4212  -24.401  -82.938  9.445 0.2000000030
5684  -27.757  -80.464  18.924 0.1000000015
4728  -24.887  -82.706  11.956 0.1000000015
4193  -24.613  -82.915  11.002 0.1000000015
4234  -24.417  -83.132  7.425 0.2000000030
6196  -34.616  -79.522  22.875 0.1000000015
5672  -30.598  -80.712  20.558 0.1000000015
6215  -29.981  -80.285  20.225 0.1000000015
5685  -28.477  -80.514  19.551 0.1000000015
3716  -24.271  -84.117  2.149 0.2000000030
4246  -24.336  -83.050  4.399 0.2000000030
110884  -24.421  -83.588  5.082 0.2000000030
3709  -24.556  -84.021  5.978 0.2000000030
4771  -24.422  -82.389  6.251 0.2000000030
3203  -24.515  -85.976  -0.901 0.2000000030
4258  -24.357  -83.236  2.546 0.2000000030
120209  -24.385  -82.765  5.098 0.1000000015
2302  -23.855  -87.664  -2.638 0.2000000030
3725  -24.343  -84.111  0.056 0.2000000030
4274  -24.541  -83.315  0.685 0.2000000030
4265  -24.459  -83.270  1.619 0.2000000030
4786  -24.432  -82.367  3.872 0.2000000030
4782  -24.455  -82.256  4.681 0.2000000030
122032  -21.495  -86.748  -3.047 0.3000000119
2307  -22.324  -87.497  -3.258 0.3000000119
2733  -24.907  -86.862  -1.412 0.2000000030
3733  -24.753  -84.242  -0.557 0.2000000030
113503  -24.721  -82.577  1.267 0.2000000030
106055  -24.608  -82.490  2.130 0.2000000030
3742  -19.961  -85.430  -1.984 0.2000000030
3216  -21.550  -86.263  -2.793 0.3000000119
2748  -22.533  -86.691  -3.380 0.3000000119
123610  -25.283  -84.583  -0.954 0.2000000030
4810  -24.926  -82.654  0.429 0.2000000030
3741  -18.386  -84.760  -2.162 0.3000000119
3730  -20.155  -84.675  -1.310 0.3000000119
4296  -18.813  -83.736  -1.391 0.3000000119
4281  -19.550  -84.076  -1.075 0.2000000030
111137  -19.390  -83.211  -0.876 0.3000000119
4282  -20.270  -83.925  -0.692 0.3000000119
111534  -19.367  -82.206  -0.902 0.3000000119
4818  -20.347  -82.892  -0.347 0.3000000119
114188  -20.882  -82.047  -0.034 0.3000000119
5364  -22.120  -81.187  0.285 0.2000000030
5906  -21.705  -80.434  0.267 0.2000000030
6462  -22.430  -79.167  0.099 0.2000000030
114969  -23.456  -79.701  -0.345 0.2000000030
3863  -10.803  -83.299  42.794 0.3000000119
121627  -10.625  -84.040  42.953 0.3000000119
4430  -11.254  -82.310  41.625 0.3000000119
4979  -11.965  -81.719  38.859 0.5000000000
114923  -12.202  -81.793  37.193 0.5000000000
5616  -27.687  -79.920  25.818 0.1000000015
6143  -27.397  -79.552  26.827 0.1000000015
6154  -26.967  -79.317  25.635 0.1000000015
120985  -27.201  -79.423  26.211 0.1000000015
6698  -26.797  -78.775  26.543 0.1000000015
6753  -31.029  -78.163  22.159 0.1000000015
6744  -33.841  -78.936  22.540 0.1000000015
5714  -25.672  -80.695  16.809 0.1000000015
116297  -25.374  -80.970  16.129 0.1000000015
5207  -24.695  -80.845  14.008 0.1000000015
126396  -24.593  -83.178  10.187 0.2000000030
4227  -24.420  -83.159  8.129 0.2000000030
4765  -24.407  -82.428  8.037 0.2000000030
127120  -36.308  -80.357  22.377 0.1000000015
5703  -26.494  -80.456  17.768 0.1000000015
5735  -25.064  -80.849  15.201 0.1000000015
5303  -24.662  -81.620  6.406 0.1000000015
5311  -24.645  -81.737  4.922 0.2000000030
2308  -23.777  -87.312  -3.284 0.2000000030
5345  -24.775  -81.909  2.621 0.2000000030
5318  -24.646  -81.776  4.249 0.2000000030
3217  -22.232  -85.794  -2.964 0.2000000030
2304  -25.250  -86.927  -2.756 0.2000000030
2296  -25.323  -87.050  -2.230 0.2000000030
3209  -26.552  -86.370  -1.626 0.2000000030
3734  -25.886  -85.590  -1.204 0.2000000030
4286  -25.311  -83.792  -0.685 0.2000000030
4811  -25.738  -82.193  0.353 0.2000000030
5356  -24.916  -82.031  1.802 0.2000000030
3207  -20.778  -85.962  -2.444 0.2000000030
2735  -26.835  -86.584  -2.001 0.2000000030
3746  -26.941  -85.773  -1.355 0.2000000030
3735  -26.077  -84.627  -1.108 0.2000000030
4822  -26.175  -82.676  -0.325 0.2000000030
3731  -21.072  -84.491  -1.177 0.2000000030
115122  -27.602  -86.238  -1.769 0.2000000030
4288  -27.521  -83.908  -1.024 0.2000000030
4283  -21.238  -83.652  -0.548 0.3000000119
4819  -21.369  -82.844  -0.170 0.3000000119
4284  -22.265  -83.140  -0.711 0.2000000030
4809  -22.048  -82.110  0.070 0.3000000119
116115  -22.944  -82.249  -0.584 0.2000000030
5914  -23.262  -80.572  -0.130 0.2000000030
6463  -23.120  -79.018  -0.177 0.1000000015
122295  -21.924  -78.664  -0.193 0.2000000030
4382  -8.400  -82.810  44.254 0.2000000030
117305  -9.829  -82.945  43.493 0.3000000119
4913  -8.936  -81.911  42.889 0.3000000119
4926  -9.859  -81.895  42.478 0.3000000119
4951  -10.404  -81.612  40.881 0.3000000119
6163  -27.468  -79.705  24.860 0.1000000015
6714  -26.159  -78.622  24.637 0.1000000015
6706  -26.339  -78.482  25.605 0.1000000015
7246  -25.688  -76.864  25.551 0.1000000015
6173  -26.805  -79.237  24.231 0.1000000015
6713  -25.687  -77.978  24.228 0.1000000015
6727  -27.107  -79.056  23.399 0.1000000015
7271  -25.732  -77.909  23.396 0.1000000015
6738  -27.519  -78.763  22.601 0.1000000015
7280  -26.881  -78.142  21.972 0.1000000015
6750  -28.011  -78.478  21.837 0.1000000015
119003  -27.586  -77.996  21.374 0.1000000015
6751  -29.055  -78.483  21.841 0.1000000015
6754  -31.911  -78.222  22.133 0.1000000015
112551  -24.502  -81.496  11.882 0.1000000015
114411  -24.399  -82.192  10.844 0.1000000015
112221  -24.340  -82.216  9.622 0.2000000030
4755  -24.330  -82.293  8.935 0.2000000030
112992  -31.396  -80.200  20.543 0.1000000015
6243  -28.322  -79.807  18.906 0.1000000015
5293  -24.669  -81.691  7.502 0.2000000030
6271  -25.538  -80.143  16.397 0.1000000015
5725  -25.211  -80.186  15.560 0.1000000015
5304  -25.082  -81.204  7.022 0.2000000030
5332  -25.224  -81.469  3.186 0.2000000030
5312  -24.823  -81.410  5.483 0.2000000030
2749  -23.264  -86.614  -3.511 0.3000000119
5365  -25.723  -81.765  1.091 0.2000000030
3743  -20.921  -85.254  -1.838 0.2000000030
3757  -22.473  -84.919  -2.761 0.2000000030
3761  -23.321  -84.965  -3.491 0.1000000015
3220  -22.921  -85.935  -3.468 0.3000000119
2751  -24.950  -86.516  -3.280 0.2000000030
2744  -26.776  -86.474  -2.541 0.2000000030
120033  -26.883  -82.988  -0.598 0.2000000030
4833  -22.766  -83.569  -1.984 0.2000000030
125347  -22.422  -84.272  -2.246 0.2000000030
3745  -22.906  -84.052  -2.795 0.1000000015
4310  -23.593  -84.255  -3.388 0.1000000015
3762  -24.026  -84.855  -3.622 0.1000000015
3224  -26.617  -85.749  -3.141 0.1000000015
2736  -27.538  -86.262  -2.285 0.2000000030
3747  -28.459  -86.028  -1.804 0.2000000030
4299  -28.282  -85.381  -1.385 0.2000000030
4834  -23.385  -82.956  -2.271 0.1000000015
4841  -23.679  -83.182  -2.837 0.1000000015
4306  -23.866  -83.513  -3.175 0.1000000015
120696  -25.757  -84.276  -3.129 0.1000000015
3765  -27.780  -85.291  -2.805 0.1000000015
3759  -28.633  -85.671  -2.359 0.2000000030
3749  -29.965  -85.249  -1.476 0.2000000030
5375  -23.528  -82.202  -1.496 0.1000000015
5389  -24.036  -82.202  -2.533 0.1000000015
5395  -25.258  -81.433  -3.356 0.1000000015
4848  -26.495  -82.360  -3.065 0.1000000015
4843  -27.946  -83.177  -2.658 0.2000000030
4307  -28.185  -84.563  -2.713 0.2000000030
4309  -29.958  -85.034  -2.052 0.2000000030
5928  -24.888  -79.692  -2.677 0.1000000015
5934  -25.196  -80.408  -3.165 0.1000000015
4849  -27.284  -82.200  -2.816 0.1000000015
4844  -28.596  -82.890  -2.500 0.1000000015
123854  -28.684  -84.009  -2.605 0.2000000030
4836  -30.666  -83.609  -1.527 0.2000000030
123826  -24.071  -78.292  -1.514 0.1000000015
6471  -23.974  -79.451  -1.119 0.2000000030
5930  -28.462  -80.605  -3.347 0.1000000015
5392  -28.533  -81.572  -2.670 0.1000000015
5385  -29.907  -82.309  -1.833 0.1000000015
7000  -24.762  -77.714  -2.375 0.1000000015
109093  -29.638  -80.451  -3.143 0.1000000015
5393  -29.354  -81.358  -2.451 0.1000000015
4912  -8.412  -82.080  43.257 0.3000000119
4412  -8.515  -81.884  42.258 0.3000000119
4938  -9.737  -81.679  41.584 0.3000000119
7259  -25.781  -77.849  25.072 0.1000000015
7258  -25.617  -77.158  24.588 0.1000000015
6737  -26.466  -78.442  22.896 0.1000000015
114798  -25.530  -76.971  23.218 0.1000000015
7270  -25.580  -77.309  23.894 0.1000000015
8328  -25.544  -75.023  23.792 0.1000000015
7288  -26.912  -77.554  21.260 0.1000000015
7301  -27.765  -77.540  20.838 0.1000000015
7290  -29.437  -77.782  21.367 0.1000000015
7291  -30.388  -77.638  21.456 0.1000000015
7293  -32.182  -77.821  21.480 0.1000000015
6756  -34.255  -78.642  21.695 0.1000000015
118450  -24.892  -80.197  14.634 0.1000000015
6300  -24.766  -80.036  13.755 0.1000000015
5770  -24.680  -80.824  11.666 0.1000000015
5258  -24.419  -81.696  10.191 0.2000000030
6217  -32.483  -79.842  20.507 0.1000000015
5282  -24.586  -81.742  8.509 0.2000000030
5283  -25.206  -81.239  8.092 0.2000000030
5840  -25.700  -80.835  6.724 0.2000000030
110876  -25.831  -81.414  2.608 0.2000000030
5319  -24.946  -81.380  4.677 0.2000000030
5870  -25.414  -81.023  5.267 0.2000000030
4812  -26.870  -82.243  -0.052 0.2000000030
5358  -26.166  -81.512  1.771 0.2000000030
4824  -28.826  -83.103  -0.391 0.2000000030
4823  -27.778  -83.027  -0.592 0.2000000030
4289  -28.834  -84.341  -1.031 0.2000000030
3748  -29.153  -85.677  -1.703 0.2000000030
118599  -30.541  -84.913  -0.618 0.2000000030
5936  -26.213  -79.279  -3.940 0.1000000015
119263  -26.446  -80.261  -3.701 0.1000000015
5396  -26.009  -81.345  -3.375 0.1000000015
126492  -30.329  -85.084  -1.661 0.2000000030
3737  -30.582  -85.109  -0.903 0.2000000030
6478  -25.035  -78.397  -2.938 0.1000000015
6479  -25.585  -78.135  -3.470 0.1000000015
6484  -26.609  -78.237  -4.230 0.1000000015
122853  -27.428  -79.299  -4.392 0.1000000015
5937  -27.190  -80.148  -3.841 0.1000000015
5397  -26.802  -81.206  -3.281 0.1000000015
4835  -30.050  -83.931  -2.109 0.2000000030
4837  -31.419  -83.326  -0.946 0.1000000015
7546  -25.469  -77.478  -2.777 0.1000000015
7008  -25.330  -77.582  -2.936 0.1000000015
6486  -28.733  -79.151  -4.588 0.1000000015
5939  -29.049  -80.000  -3.818 0.1000000015
5386  -30.733  -82.054  -1.352 0.1000000015
7541  -24.968  -77.114  -2.076 0.1000000015
120101  -29.857  -79.739  -3.934 0.1000000015
113096  -30.957  -80.198  -2.615 0.1000000015
6990  -23.413  -77.933  -1.060 0.1000000015
6989  -22.601  -78.347  -0.453 0.1000000015
8332  -25.533  -75.351  23.135 0.1000000015
7821  -25.645  -76.764  22.221 0.1000000015
127225  -26.216  -77.464  21.797 0.1000000015
7822  -26.223  -76.873  21.336 0.1000000015
7302  -28.732  -77.368  20.762 0.1000000015
7304  -30.680  -77.040  20.776 0.1000000015
7294  -33.047  -78.036  21.393 0.1000000015
6228  -29.876  -79.768  19.776 0.1000000015
5272  -24.493  -81.698  9.344 0.2000000030
6216  -30.595  -79.928  20.222 0.1000000015
6227  -29.085  -79.746  19.375 0.1000000015
6258  -26.615  -79.692  17.421 0.1000000015
6798  -25.857  -78.965  15.178 0.1000000015
5228  -24.545  -81.054  12.495 0.1000000015
5771  -25.015  -80.450  11.201 0.2000000030
5273  -24.883  -81.242  9.097 0.2000000030
5826  -25.664  -80.936  7.442 0.2000000030
108437  -26.641  -81.404  2.621 0.2000000030
5333  -26.150  -81.242  3.324 0.2000000030
5320  -25.612  -81.140  4.221 0.2000000030
5366  -26.470  -81.725  0.811 0.2000000030
4290  -29.802  -84.264  -0.542 0.2000000030
6492  -27.402  -77.891  -4.470 0.1000000015
6485  -27.315  -78.454  -4.569 0.1000000015
7028  -29.027  -77.710  -5.005 0.1000000015
3726  -31.422  -84.695  -0.121 0.2000000030
4292  -32.035  -84.400  -0.017 0.1000000015
111899  -26.358  -77.670  -3.267 0.1000000015
6494  -28.468  -78.190  -4.933 0.1000000015
7029  -29.881  -77.855  -5.053 0.1000000015
7030  -30.806  -78.092  -5.087 0.1000000015
5376  -32.203  -82.893  -0.458 0.1000000015
5377  -33.152  -82.322  -0.143 0.1000000015
121186  -29.954  -79.208  -4.537 0.1000000015
6489  -31.240  -78.762  -4.362 0.1000000015
5394  -30.212  -80.915  -2.207 0.1000000015
5926  -33.730  -80.436  -0.987 0.1000000015
6488  -30.511  -79.376  -4.166 0.1000000015
5932  -31.143  -79.565  -3.505 0.1000000015
7526  -22.887  -77.135  -1.094 0.1000000015
7540  -23.788  -76.580  -1.406 0.1000000015
8334  -25.527  -75.780  22.339 0.1000000015
113181  -25.620  -75.330  21.531 0.1000000015
116168  -25.504  -74.458  21.983 0.1000000015
7823  -27.006  -76.943  20.690 0.1000000015
7303  -29.707  -77.123  20.847 0.1000000015
6229  -30.761  -79.436  19.449 0.1000000015
6312  -24.805  -79.972  13.116 0.1000000015
5784  -25.367  -80.394  10.557 0.2000000030
5800  -25.771  -80.753  8.999 0.2000000030
5801  -26.597  -80.361  9.382 0.2000000030
5813  -26.190  -80.764  8.089 0.2000000030
5313  -26.434  -80.912  5.124 0.2000000030
5305  -26.825  -80.871  6.051 0.2000000030
5828  -27.587  -80.837  7.407 0.1000000015
5359  -27.927  -81.787  1.962 0.2000000030
5335  -28.151  -82.267  3.445 0.2000000030
5322  -27.840  -81.868  4.166 0.2000000030
5367  -28.291  -81.992  1.079 0.2000000030
5360  -28.847  -82.548  1.929 0.1000000015
5348  -28.450  -82.496  2.738 0.2000000030
4815  -29.827  -83.244  0.764 0.1000000015
4291  -30.969  -84.815  -0.353 0.1000000015
7554  -29.589  -77.522  -4.852 0.1000000015
8061  -31.947  -76.984  -4.448 0.1000000015
4277  -31.813  -84.437  0.637 0.1000000015
4269  -32.681  -83.761  1.089 0.1000000015
7561  -31.331  -77.349  -4.625 0.1000000015
7562  -32.230  -77.133  -4.519 0.1000000015
7031  -32.330  -77.699  -4.555 0.1000000015
7024  -33.360  -78.076  -4.145 0.1000000015
7002  -26.521  -78.042  -2.184 0.1000000015
6490  -32.341  -78.518  -4.046 0.1000000015
6491  -33.253  -78.700  -3.506 0.1000000015
6475  -33.029  -79.681  -1.978 0.1000000015
113013  -34.393  -80.641  -0.398 0.1000000015
6480  -31.866  -79.183  -3.587 0.1000000015
5933  -31.891  -79.790  -2.471 0.1000000015
4396  -4.614  -82.206  43.803 0.2000000030
8344  -26.048  -75.183  20.619 0.1000000015
8939  -25.670  -74.625  21.156 0.1000000015
8345  -26.692  -75.599  20.281 0.1000000015
7826  -27.991  -76.880  20.360 0.1000000015
8347  -28.180  -76.114  19.949 0.1000000015
6826  -25.787  -79.084  13.184 0.2000000030
112274  -26.063  -79.121  12.548 0.2000000030
109481  -25.927  -80.376  9.891 0.2000000030
6809  -26.428  -78.634  14.483 0.2000000030
6344  -26.265  -80.026  10.624 0.2000000030
5802  -27.549  -80.214  9.286 0.1000000015
6827  -26.555  -78.771  13.005 0.2000000030
5842  -27.166  -80.851  6.770 0.1000000015
110937  -28.571  -83.114  4.252 0.1000000015
4800  -29.191  -82.630  1.180 0.1000000015
108070  -30.613  -84.019  2.112 0.2000000030
4266  -30.635  -83.988  1.196 0.1000000015
4276  -31.220  -84.504  0.513 0.1000000015
7032  -32.970  -77.339  -4.478 0.1000000015
7025  -34.636  -77.436  -3.769 0.1000000015
111165  -34.211  -77.951  -3.772 0.1000000015
7016  -34.934  -78.175  -3.117 0.1000000015
127546  -34.744  -78.621  -2.571 0.1000000015
105792  -34.524  -79.184  -2.014 0.1000000015
7538  -21.639  -76.373  -1.371 0.1000000015
6314  -26.815  -79.027  12.127 0.2000000030
6331  -27.481  -79.314  11.415 0.2000000030
7017  -35.582  -77.970  -2.536 0.1000000015
6045  -10.412  -78.923  39.092 0.6000000238
6588  -10.455  -78.191  40.213 0.5000000000
12714  -17.514  -68.780  35.395 0.1000000015
12715  -18.210  -68.433  35.492 0.1000000015
127051  -18.757  -67.461  35.225 0.1000000015
7691  -9.859  -76.556  38.669 0.6000000238
7690  -9.025  -76.445  38.519 0.6999999881
9862  -12.964  -71.859  36.642 0.2000000030
11104  -13.954  -70.889  36.082 0.1000000015
11131  -15.413  -70.167  35.854 0.1000000015
10430  -11.879  -71.408  37.003 0.2000000030
10452  -12.551  -71.290  36.520 0.1000000015
11103  -12.920  -70.561  36.013 0.2000000030
11129  -13.595  -70.180  35.724 0.1000000015
126115  -15.531  -69.653  35.453 0.1000000015
12713  -16.633  -69.016  35.233 0.1000000015
12735  -17.804  -68.226  34.920 0.1000000015
13570  -18.912  -67.050  34.948 0.1000000015
10056  -15.320  -72.483  17.779 0.4000000060
9796  -10.073  -72.114  40.434 0.4000000060
9824  -11.416  -72.415  38.206 0.2000000030
15071  -19.856  -66.041  34.979 0.1000000015
11058  -10.283  -70.921  39.590 0.3000000119
10413  -10.970  -71.494  38.593 0.3000000119
11080  -11.457  -70.651  37.388 0.2000000030
10451  -12.031  -70.426  36.592 0.2000000030
112035  -12.470  -69.826  36.122 0.2000000030
11900  -13.831  -69.544  35.398 0.2000000030
12711  -14.101  -68.805  34.990 0.2000000030
12712  -15.675  -69.134  35.057 0.1000000015
12734  -16.977  -68.307  34.697 0.1000000015
13568  -17.567  -67.676  34.442 0.1000000015
14313  -18.629  -66.774  34.404 0.1000000015
14330  -18.937  -66.232  34.093 0.1000000015
126474  -11.198  -70.128  37.736 0.3000000119
11877  -12.451  -69.068  35.919 0.3000000119
11899  -13.174  -68.755  35.430 0.3000000119
12733  -15.429  -68.333  34.595 0.1000000015
118928  -16.136  -67.933  34.329 0.1000000015
13567  -16.821  -67.631  34.232 0.1000000015
14329  -18.376  -66.348  33.827 0.1000000015
12731  -13.573  -68.000  35.030 0.3000000119
12732  -14.486  -67.965  34.668 0.1000000015
10663  -14.358  -71.593  18.723 0.4000000060
10055  -14.818  -72.170  18.329 0.4000000060
123681  -14.524  -71.136  17.313 0.4000000060
10668  -15.233  -71.782  17.542 0.4000000060
10059  -15.812  -72.417  17.211 0.4000000060
10371  -8.935  -71.770  40.754 0.4000000060
9794  -8.340  -71.591  40.368 0.4000000060
10387  -8.620  -70.731  40.085 0.4000000060
11043  -10.001  -70.730  39.938 0.3000000119
119136  -10.222  -70.117  39.659 0.3000000119
11068  -10.969  -70.578  38.200 0.3000000119
15089  -19.514  -65.757  34.129 0.1000000015
111401  -10.328  -69.237  39.656 0.3000000119
11848  -11.006  -69.546  38.144 0.3000000119
11876  -11.957  -69.381  36.512 0.3000000119
124032  -12.905  -67.934  35.387 0.3000000119
13566  -15.213  -67.395  34.267 0.1000000015
14311  -17.159  -67.042  33.968 0.1000000015
14328  -17.578  -66.381  33.607 0.1000000015
12642  -10.389  -68.557  39.539 0.3000000119
11847  -10.662  -68.999  38.938 0.3000000119
12671  -11.363  -68.954  37.748 0.4000000060
12686  -11.641  -68.744  37.116 0.4000000060
13564  -13.760  -67.247  34.708 0.3000000119
13565  -14.421  -67.176  34.417 0.3000000119
15070  -15.249  -66.566  33.893 0.2000000030
13519  -12.183  -67.616  36.320 0.3000000119
13541  -12.563  -67.423  35.729 0.3000000119
14308  -13.990  -66.545  34.427 0.3000000119
11412  -12.186  -69.941  17.275 0.3000000119
124537  -13.079  -70.383  17.388 0.4000000060
11413  -13.706  -70.681  16.889 0.4000000060
9266  -7.575  -72.621  39.795 0.4000000060
9793  -7.819  -71.877  40.204 0.4000000060
107167  -7.061  -72.493  39.269 0.4000000060
116068  -7.242  -71.960  39.514 0.4000000060
10386  -7.396  -71.082  39.627 0.4000000060
9810  -6.974  -71.726  39.408 0.4000000060
11042  -9.430  -70.400  40.046 0.4000000060
113197  -18.841  -65.780  33.609 0.1000000015
11041  -8.644  -69.730  40.032 0.4000000060
117611  -9.835  -70.021  39.929 0.3000000119
14327  -16.684  -66.372  33.578 0.3000000119
113316  -8.490  -68.692  40.671 0.5000000000
11822  -9.957  -69.285  40.070 0.4000000060
12657  -10.655  -68.170  38.996 0.4000000060
14289  -13.203  -66.481  34.897 0.3000000119
13483  -10.146  -67.808  39.741 0.4000000060
109820  -11.407  -68.211  37.784 0.4000000060
13506  -11.786  -67.715  37.160 0.4000000060
14271  -12.400  -66.232  36.503 0.3000000119
128119  -11.426  -67.450  37.897 0.4000000060
107769  -11.722  -66.612  37.731 0.4000000060
13507  -12.192  -66.851  36.928 0.3000000119
14260  -12.241  -65.920  37.338 0.3000000119
111813  -11.598  -70.137  16.536 0.3000000119
106167  -12.794  -70.372  15.492 0.4000000060
11424  -13.392  -70.594  16.003 0.3000000119
12186  -13.883  -69.811  15.235 0.2000000030
11425  -14.326  -70.730  16.191 0.3000000119
11426  -15.285  -70.990  16.093 0.3000000119
15084  -14.768  -65.281  33.723 0.3000000119
118559  -15.414  -65.075  33.382 0.3000000119
15087  -17.085  -65.601  33.086 0.3000000119
15793  -13.079  -64.742  34.913 0.3000000119
15086  -16.081  -65.693  33.320 0.3000000119
15088  -18.059  -65.778  33.261 0.1000000015
15052  -12.508  -65.700  35.979 0.3000000119
15053  -12.818  -65.635  35.270 0.3000000119
15069  -14.466  -65.957  34.017 0.3000000119
15085  -15.287  -65.828  33.626 0.3000000119
13482  -9.462  -67.355  40.171 0.5000000000
13494  -10.583  -67.301  38.999 0.4000000060
14231  -9.999  -66.917  39.490 0.4000000060
14246  -11.287  -66.036  38.304 0.3000000119
112370  -10.630  -70.312  16.753 0.3000000119
108607  -11.924  -70.297  15.691 0.4000000060
126127  -12.047  -70.224  14.963 0.3000000119
12185  -12.983  -70.094  15.092 0.2000000030
127255  -14.865  -70.497  15.739 0.2000000030
11436  -15.637  -70.539  15.740 0.3000000119
15815  -15.439  -64.236  33.255 0.3000000119
114276  -16.240  -64.794  32.957 0.3000000119
114787  -14.193  -64.142  33.924 0.3000000119
15792  -12.548  -64.686  36.006 0.4000000060
108654  -4.246  -66.957  35.000 0.4000000060
115426  -9.662  -70.610  16.998 0.3000000119
11433  -10.450  -70.341  15.445 0.3000000119
11434  -11.326  -70.302  15.294 0.3000000119
125537  -11.145  -69.042  14.407 0.3000000119
12205  -13.188  -69.436  14.967 0.2000000030
125215  -14.909  -67.928  15.629 0.2000000030
13838  -13.336  -67.603  14.938 0.2000000030
13826  -14.203  -67.770  15.353 0.2000000030
107890  -14.744  -63.768  33.572 0.4000000060
19784  -16.445  -58.352  32.897 0.3000000119
19786  -17.819  -58.704  32.367 0.3000000119
16559  -14.069  -63.403  34.052 0.4000000060
19778  -15.922  -58.710  33.334 0.4000000060
20649  -17.399  -57.755  32.388 0.3000000119
20629  -14.137  -57.439  33.571 0.4000000060
20636  -14.979  -57.068  33.200 0.4000000060
115564  -15.659  -56.679  32.608 0.3000000119
21430  -16.327  -56.547  32.320 0.3000000119
16536  -12.862  -63.561  35.534 0.4000000060
112998  -13.572  -63.971  34.519 0.4000000060
21414  -12.827  -57.610  33.832 0.6000000238
21423  -13.703  -57.418  33.497 0.5000000000
20647  -14.458  -57.033  32.693 0.4000000060
20654  -14.750  -57.204  32.030 0.4000000060
21438  -16.734  -56.355  32.005 0.2000000030
20665  -16.687  -56.665  31.408 0.3000000119
15804  -4.215  -63.863  34.728 0.6000000238
13535  -4.537  -67.773  35.371 0.3000000119
13823  -7.570  -68.235  14.887 0.4000000060
12184  -8.633  -69.921  15.288 0.3000000119
13027  -9.604  -69.285  14.341 0.3000000119
12204  -12.378  -69.657  14.764 0.2000000030
13837  -11.972  -68.079  14.283 0.2000000030
14575  -12.511  -67.455  14.391 0.2000000030
14560  -15.919  -66.704  15.383 0.2000000030
15322  -15.884  -65.066  14.376 0.2000000030
16049  -16.546  -64.301  13.189 0.2000000030
14576  -14.023  -65.985  14.703 0.2000000030
19799  -20.796  -59.732  31.157 0.2000000030
18938  -18.704  -59.985  31.587 0.3000000119
19797  -19.267  -59.433  31.389 0.2000000030
108532  -21.521  -59.114  31.111 0.2000000030
18928  -16.485  -59.554  32.863 0.3000000119
19785  -17.020  -58.667  32.555 0.4000000060
19798  -19.890  -59.014  31.067 0.2000000030
20659  -20.681  -58.562  30.905 0.2000000030
20630  -14.461  -58.004  33.775 0.4000000060
20657  -18.508  -57.610  31.904 0.2000000030
19765  -12.037  -58.596  34.350 0.5000000000
122184  -13.846  -57.939  34.085 0.5000000000
21432  -17.985  -56.965  31.756 0.2000000030
21439  -17.406  -56.634  31.738 0.2000000030
128440  -16.696  -57.583  30.851 0.2000000030
19811  -17.099  -58.558  30.358 0.3000000119
12201  -7.898  -69.273  14.893 0.4000000060
118513  -8.814  -69.542  14.693 0.3000000119
13039  -7.513  -67.954  14.301 0.4000000060
13836  -11.186  -68.197  14.040 0.3000000119
14591  -12.396  -66.600  13.853 0.2000000030
16037  -15.039  -64.876  14.346 0.2000000030
121804  -15.667  -64.391  13.707 0.2000000030
108977  -13.195  -66.698  14.564 0.2000000030
18940  -20.449  -60.740  31.371 0.2000000030
113904  -18.155  -60.493  31.870 0.2000000030
19777  -15.404  -59.129  33.616 0.3000000119
18919  -15.731  -59.728  33.396 0.3000000119
18929  -17.448  -59.852  32.391 0.3000000119
19767  -13.245  -59.385  34.732 0.5000000000
18905  -14.345  -59.851  34.258 0.5000000000
20658  -19.737  -57.870  31.256 0.2000000030
19768  -13.985  -58.907  34.348 0.5000000000
21441  -19.556  -56.753  31.424 0.2000000030
112210  -18.844  -57.041  31.643 0.2000000030
21440  -18.267  -56.810  31.422 0.2000000030
20666  -17.375  -57.261  30.803 0.2000000030
21448  -17.816  -56.789  31.388 0.2000000030
19820  -18.098  -59.140  29.266 0.3000000119
20696  -19.210  -56.916  22.971 0.6000000238
19054  -18.164  -58.904  24.087 0.5000000000
19870  -18.644  -57.141  23.044 0.6000000238
110878  -19.325  -56.712  22.991 0.6000000238
14570  -7.591  -67.211  13.855 0.4000000060
13042  -9.447  -68.593  13.809 0.3000000119
13854  -7.717  -67.182  13.521 0.4000000060
13043  -10.253  -68.092  13.625 0.3000000119
14590  -11.196  -66.689  13.119 0.2000000030
16048  -14.272  -64.396  13.615 0.2000000030
16820  -14.928  -63.773  12.999 0.2000000030
15319  -12.269  -65.764  13.288 0.2000000030
15320  -13.110  -65.843  14.098 0.2000000030
16067  -15.843  -63.826  13.002 0.2000000030
21442  -20.447  -56.591  31.206 0.2000000030
20667  -18.273  -57.402  30.482 0.3000000119
21454  -18.917  -57.113  30.057 0.3000000119
116549  -19.119  -57.425  29.168 0.3000000119
20697  -19.488  -56.526  23.762 0.5000000000
19872  -20.079  -57.623  23.978 0.5000000000
20699  -21.499  -58.329  24.955 0.5000000000
15306  -8.637  -66.014  13.559 0.4000000060
13845  -8.883  -67.608  13.080 0.3000000119
126197  -8.134  -66.111  13.150 0.4000000060
14588  -7.985  -66.569  13.518 0.4000000060
13846  -9.915  -67.527  13.111 0.3000000119
16856  -14.631  -63.164  11.412 0.2000000030
13847  -10.831  -67.417  13.412 0.3000000119
16065  -13.309  -64.272  12.951 0.2000000030
16839  -14.367  -63.490  12.252 0.2000000030
15318  -11.481  -66.098  12.837 0.2000000030
16064  -12.492  -64.868  12.856 0.2000000030
22260  -20.312  -55.882  31.213 0.2000000030
22274  -20.122  -55.646  30.996 0.3000000119
22259  -19.578  -56.181  31.221 0.2000000030
113548  -18.967  -56.560  31.391 0.2000000030
22281  -19.690  -56.145  29.788 0.1000000015
21450  -19.204  -56.379  30.618 0.2000000030
21449  -18.486  -56.577  31.024 0.2000000030
23086  -20.434  -54.903  29.607 0.1000000015
21455  -19.321  -56.776  29.632 0.2000000030
23085  -19.989  -55.651  29.241 0.1000000015
22287  -19.662  -56.271  28.842 0.1000000015
21460  -19.391  -56.949  28.784 0.2000000030
23101  -20.047  -55.176  28.593 0.1000000015
23100  -19.676  -55.874  28.382 0.1000000015
21464  -19.157  -57.296  27.804 0.2000000030
112864  -19.627  -55.435  27.879 0.1000000015
23105  -19.262  -56.009  27.532 0.2000000030
20691  -19.146  -56.375  24.231 0.5000000000
14573  -9.693  -66.138  14.271 0.4000000060
14604  -8.865  -66.459  12.276 0.3000000119
14603  -8.224  -66.053  12.573 0.3000000119
15339  -10.216  -65.978  11.968 0.3000000119
14606  -10.757  -66.310  12.546 0.2000000030
16838  -13.443  -63.618  12.319 0.2000000030
122635  -12.008  -64.677  12.337 0.2000000030
16855  -13.222  -62.709  10.995 0.2000000030
23928  -21.493  -54.109  30.721 0.1000000015
23058  -21.263  -54.846  31.079 0.1000000015
23927  -20.926  -54.437  30.262 0.1000000015
23075  -20.596  -55.093  30.634 0.1000000015
22273  -19.578  -55.940  30.939 0.2000000030
23057  -20.790  -55.467  31.104 0.3000000119
23074  -20.138  -55.504  30.336 0.1000000015
23938  -20.754  -54.088  29.448 0.1000000015
14542  -11.051  -66.853  17.920 0.5000000000
14574  -10.873  -66.340  15.091 0.4000000060
15317  -8.659  -65.333  13.149 0.4000000060
15307  -9.631  -65.420  13.691 0.4000000060
15357  -8.433  -65.408  11.659 0.3000000119
16061  -7.831  -64.840  12.181 0.3000000119
16044  -8.205  -64.856  12.616 0.4000000060
15358  -10.446  -65.271  11.758 0.2000000030
16063  -11.258  -64.919  12.162 0.2000000030
16084  -11.738  -63.927  11.777 0.2000000030
17619  -12.415  -62.623  10.712 0.2000000030
16837  -12.606  -64.043  12.369 0.2000000030
24774  -21.722  -53.355  30.505 0.1000000015
23929  -22.152  -53.803  31.099 0.1000000015
15287  -10.696  -65.984  18.349 0.5000000000
13806  -11.281  -67.203  17.064 0.5000000000
14558  -11.933  -66.257  15.794 0.5000000000
15308  -10.713  -65.578  14.372 0.4000000060
16046  -10.500  -64.122  13.494 0.4000000060
16045  -9.376  -64.561  13.234 0.4000000060
16098  -7.869  -64.019  11.169 0.3000000119
16816  -8.574  -63.911  12.654 0.4000000060
16852  -9.820  -63.784  10.838 0.3000000119
16083  -10.705  -64.318  11.509 0.2000000030
16870  -10.903  -62.809  10.554 0.2000000030
17646  -12.240  -62.419  9.519 0.2000000030
24775  -22.199  -53.047  30.882 0.1000000015
15291  -11.659  -65.857  17.731 0.5000000000
15296  -12.226  -66.068  16.997 0.5000000000
15301  -11.729  -65.627  15.088 0.4000000060
16035  -11.560  -64.205  14.039 0.4000000060
17617  -8.129  -62.644  11.434 0.3000000119
16836  -9.024  -63.012  12.520 0.4000000060
16099  -8.643  -63.957  10.789 0.3000000119
16868  -8.964  -63.115  10.546 0.3000000119
16869  -10.008  -62.970  10.389 0.2000000030
17631  -10.608  -62.373  9.903 0.2000000030
17658  -11.825  -62.060  8.594 0.2000000030
119664  -10.263  -64.390  18.169 0.5000000000
15292  -12.385  -65.270  17.210 0.5000000000
15302  -12.565  -65.526  15.852 0.5000000000
18387  -9.124  -61.606  10.910 0.3000000119
17630  -10.018  -62.381  10.194 0.3000000119
17644  -10.685  -62.158  9.470 0.3000000119
26643  -16.171  -51.923  25.281 0.3000000119
26644  -17.113  -51.787  25.262 0.4000000060
16795  -9.996  -63.665  18.052 0.5000000000
16028  -12.896  -64.707  16.819 0.4000000060
16809  -12.680  -63.867  14.645 0.4000000060
17590  -11.226  -62.533  13.262 0.4000000060
110850  -13.369  -64.215  16.447 0.4000000060
16031  -13.254  -64.336  15.640 0.4000000060
26642  -15.108  -52.415  25.335 0.3000000119
16796  -11.803  -63.987  17.736 0.4000000060
16797  -11.993  -63.307  17.720 0.3000000119
17578  -12.870  -62.932  14.329 0.4000000060
16026  -13.205  -64.113  17.015 0.3000000119
18398  -11.038  -61.796  9.086 0.3000000119
112546  -14.575  -51.717  25.011 0.2000000030
27519  -16.826  -50.870  25.390 0.3000000119
28409  -17.442  -50.046  25.872 0.3000000119
28391  -17.944  -49.285  26.231 0.3000000119
17574  -14.026  -62.800  15.631 0.3000000119
16810  -13.500  -63.400  15.217 0.4000000060
17563  -12.401  -62.620  17.594 0.3000000119
16804  -14.018  -62.841  16.234 0.3000000119
18315  -13.696  -61.935  17.263 0.3000000119
18320  -14.170  -61.972  16.865 0.3000000119
28390  -17.094  -49.274  26.181 0.3000000119
117926  -19.650  -48.948  25.289 0.5000000000
29289  -19.144  -48.436  25.467 0.4000000060
29306  -20.409  -48.490  24.241 0.5000000000
29291  -20.218  -49.066  24.917 0.5000000000
18312  -10.834  -61.622  17.743 0.3000000119
30134  -18.002  -47.912  26.244 0.3000000119
30144  -18.566  -47.716  25.641 0.3000000119
30145  -19.267  -47.824  25.185 0.3000000119
30155  -20.032  -47.908  24.208 0.4000000060
30162  -19.764  -47.386  23.700 0.3000000119
30163  -20.364  -47.909  23.268 0.4000000060
124300  -20.490  -47.572  22.342 0.3000000119
30153  -18.994  -47.236  24.936 0.2000000030
31022  -19.339  -47.054  24.249 0.3000000119
31021  -18.750  -46.502  24.292 0.2000000030
31029  -19.351  -46.737  23.403 0.3000000119
112068  -19.317  -46.389  22.486 0.2000000030
122796  -20.217  -46.970  22.049 0.3000000119
31038  -19.781  -46.540  21.992 0.3000000119
114593  -19.308  -46.101  21.874 0.3000000119
31050  -22.019  -46.237  19.234 0.5000000000
31954  -21.070  -45.105  20.016 0.4000000060
31959  -21.679  -45.604  18.600 0.5000000000
33721  -20.966  -44.510  19.392 0.5000000000
18357  -9.699  -61.506  11.998 0.3000000119
16818  -10.908  -63.390  13.434 0.4000000060
18371  -9.175  -61.555  11.404 0.3000000119
19221  -10.321  -60.631  10.873 0.3000000119
19235  -10.197  -61.046  10.270 0.3000000119
113128  -7.633  -70.210  39.796 0.4000000060
12628  -8.331  -68.021  41.202 0.5000000000
14245  -10.547  -66.485  38.753 0.4000000060
13012  -16.191  -68.288  15.653 0.2000000030
116460  -15.934  -69.066  15.792 0.2000000030
21459  -19.030  -57.808  28.407 0.1000000015
19829  -17.751  -59.780  28.793 0.3000000119
11410  -10.282  -70.306  17.537 0.3000000119
110279  -18.927  -58.009  27.487 0.2000000030
12995  -7.646  -68.989  15.458 0.4000000060
117149  -10.959  -65.060  18.124 0.5000000000
115209  -10.810  -63.276  17.778 0.3000000119
112711  -11.355  -62.487  17.734 0.3000000119
67  -15.032  -96.404  9.456 0.5000000000
4142  -23.296  -83.589  16.464 0.4000000060
3599  -21.574  -84.570  16.684 0.4000000060
3638  -29.421  -85.459  13.404 0.5000000000
125660  -29.452  -86.061  14.561 0.4000000060
1202  -22.408  -91.467  1.431 0.3000000119
1205  -20.023  -91.768  0.166 0.4000000060
687  -15.080  -91.604  26.192 0.5000000000
1315  -16.318  -90.350  24.717 0.5000000000
4271  -15.494  -83.348  0.234 0.4000000060
19809  -15.617  -58.455  31.226 0.4000000060
20674  -17.893  -58.441  29.989 0.3000000119
28442  -20.816  -49.255  24.282 0.5000000000
31046  -20.305  -45.935  21.119 0.3000000119
31951  -21.033  -45.804  20.560 0.4000000060
31955  -21.614  -45.630  19.731 0.5000000000
32855  -21.231  -44.766  18.573 0.5000000000
740  -22.963  -91.604  19.460 0.5000000000
492  -22.605  -92.120  20.704 0.4000000060
678  -12.476  -91.367  27.798 0.5000000000
116030  -23.897  -91.134  20.307 0.4000000060
12629  -9.288  -68.465  40.497 0.5000000000
25756  -14.549  -53.422  25.876 0.2000000030
29272  -17.630  -48.523  26.344 0.4000000060
3565  -22.511  -83.973  18.768 0.4000000060
2994  -22.772  -85.302  19.851 0.3000000119
4132  -24.758  -83.601  17.947 0.3000000119
3581  -26.450  -84.731  18.838 0.4000000060
3555  -23.277  -84.062  20.388 0.2000000030
2044  -19.323  -88.066  23.567 0.4000000060
111260  -22.073  -88.038  24.404 0.3000000119
1657  -23.176  -88.789  25.159 0.3000000119
109153  -23.983  -90.430  27.074 0.3000000119
113811  -25.564  -83.548  22.193 0.2000000030
3533  -28.041  -84.856  22.688 0.3000000119
2222  -28.244  -86.968  8.216 0.6000000238
107819  -28.614  -87.996  6.537 0.5000000000
985  -18.742  -91.621  25.053 0.5000000000
720  -24.641  -91.270  22.735 0.4000000060
1325  -25.708  -89.872  24.139 0.3000000119
124180  -26.208  -88.752  26.334 0.2000000030
3523  -26.615  -83.903  23.474 0.2000000030
3664  -28.277  -84.683  10.977 0.6000000238
4171  -28.119  -84.103  14.645 0.4000000060
109553  -24.469  -88.352  21.644 0.2000000030
2047  -25.140  -88.446  23.693 0.2000000030
2462  -27.182  -86.822  27.911 0.2000000030
111101  -29.397  -86.459  15.977 0.3000000119
4185  -27.733  -83.785  12.886 0.4000000060
4122  -27.825  -83.227  18.137 0.1000000015
120288  -27.740  -83.544  17.194 0.1000000015
2265  -25.724  -87.756  3.165 0.2000000030
119696  -14.232  -92.213  26.643 0.5000000000
455  -13.529  -93.256  27.347 0.4000000060
686  -13.662  -92.629  27.096 0.5000000000
3465  -28.699  -84.723  28.476 0.2000000030
127827  -24.832  -85.316  24.572 0.2000000030
3480  -27.127  -84.929  27.264 0.2000000030
106737  -13.152  -93.598  31.096 0.5000000000
2820  -13.675  -86.005  37.873 0.4000000060
301  -15.846  -94.156  28.175 0.5000000000
302  -16.247  -93.976  27.550 0.4000000060
3191  -24.128  -85.575  2.275 0.2000000030
1893  -21.760  -88.482  -2.543 0.2000000030
114735  -16.284  -84.880  36.591 0.2000000030
126546  -18.019  -82.934  37.554 0.2000000030
4483  -16.823  -82.302  37.201 0.2000000030
5216  -24.649  -81.369  13.226 0.1000000015
4821  -25.392  -82.929  -0.269 0.2000000030
3756  -21.679  -85.571  -2.478 0.2000000030
5374  -22.833  -81.401  -0.014 0.2000000030
112911  -23.967  -81.241  -1.698 0.2000000030
5922  -23.782  -80.449  -0.894 0.2000000030
3222  -24.431  -85.793  -3.608 0.1000000015
3758  -23.085  -84.517  -3.232 0.1000000015
3218  -27.893  -85.881  -2.551 0.2000000030
4840  -23.240  -83.533  -2.697 0.1000000015
4312  -25.107  -83.407  -3.249 0.1000000015
109891  -25.778  -85.112  -3.333 0.1000000015
3211  -28.836  -85.918  -1.969 0.2000000030
4842  -24.225  -82.713  -3.021 0.1000000015
113814  -24.427  -83.178  -3.226 0.1000000015
4846  -24.813  -82.426  -3.303 0.1000000015
4313  -26.315  -83.597  -2.976 0.1000000015
110017  -27.308  -84.436  -2.879 0.1000000015
109030  -29.365  -84.021  -2.423 0.2000000030
5384  -24.550  -80.952  -2.619 0.1000000015
116712  -25.780  -80.366  -3.504 0.1000000015
5391  -27.935  -82.125  -2.619 0.1000000015
5929  -25.323  -79.171  -3.180 0.1000000015
5756  -25.125  -80.071  11.853 0.1000000015
126877  -24.671  -81.200  9.792 0.2000000030
5841  -26.400  -80.741  6.551 0.2000000030
4814  -28.987  -82.598  0.405 0.2000000030
123094  -31.525  -84.640  -0.558 0.1000000015
5388  -32.266  -81.583  -0.733 0.1000000015
4826  -31.890  -84.088  -0.511 0.1000000015
6495  -29.403  -78.546  -4.879 0.1000000015
5924  -31.328  -80.889  -1.506 0.1000000015
6329  -25.659  -79.968  11.235 0.2000000030
4275  -30.509  -84.140  0.137 0.2000000030
7023  -29.193  -77.581  -4.734 0.1000000015
7021  -27.572  -77.740  -4.328 0.1000000015
123190  -33.176  -81.238  -0.602 0.1000000015
5927  -34.554  -79.984  -1.019 0.1000000015
112592  -31.305  -76.990  -4.335 0.1000000015
6481  -32.690  -79.209  -3.128 0.1000000015
11901  -14.829  -69.520  35.247 0.2000000030
10414  -11.401  -71.499  37.753 0.3000000119
10389  -10.214  -71.509  39.898 0.4000000060
11067  -10.585  -70.750  39.076 0.3000000119
11857  -11.491  -69.691  37.279 0.3000000119
111490  -10.599  -69.872  38.954 0.3000000119
14288  -12.643  -66.534  35.632 0.3000000119
11821  -9.383  -69.406  40.167 0.4000000060
127591  -13.765  -69.192  15.131 0.2000000030
15068  -13.540  -65.705  34.577 0.3000000119
11441  -9.807  -70.002  14.930 0.3000000119
13029  -11.820  -68.924  14.477 0.3000000119
12187  -15.014  -69.750  15.570 0.3000000119
14577  -15.129  -66.092  15.173 0.2000000030
18930  -18.123  -59.584  32.035 0.2000000030
20638  -15.930  -57.353  33.033 0.4000000060
119096  -19.138  -58.281  31.542 0.2000000030
21436  -15.147  -56.704  32.195 0.4000000060
21431  -17.238  -56.674  32.100 0.2000000030
21437  -15.880  -56.463  32.251 0.3000000119
15321  -14.029  -65.174  14.283 0.2000000030
115014  -19.993  -59.925  31.169 0.2000000030
13041  -8.558  -68.185  13.585 0.4000000060
22258  -18.941  -56.411  31.231 0.2000000030
20675  -18.633  -58.235  29.265 0.3000000119
22292  -19.413  -56.577  28.104 0.1000000015
111667  -9.444  -65.509  11.519 0.3000000119
24773  -21.228  -53.717  30.000 0.1000000015
16062  -7.846  -64.175  12.241 0.4000000060
17632  -11.483  -62.501  10.202 0.2000000030
17589  -10.199  -62.761  12.845 0.4000000060
16867  -8.234  -62.793  10.797 0.3000000119
17605  -8.418  -62.518  12.004 0.4000000060
15297  -12.586  -65.437  16.603 0.5000000000
16036  -12.433  -64.862  15.018 0.4000000060
16819  -11.936  -63.204  13.844 0.4000000060
16024  -11.826  -64.826  17.719 0.5000000000
126202  -12.890  -64.933  15.726 0.4000000060
127520  -12.358  -63.816  17.561 0.5000000000
17591  -12.137  -62.409  13.593 0.4000000060
16807  -13.781  -63.595  16.000 0.3000000119
27518  -15.738  -50.996  25.094 0.2000000030
16798  -12.882  -63.533  17.360 0.3000000119
16803  -13.579  -63.425  16.722 0.3000000119
29290  -19.803  -48.295  24.916 0.3000000119
31013  -18.306  -46.819  25.318 0.3000000119
30154  -19.564  -47.606  24.597 0.3000000119
30168  -19.879  -47.100  22.674 0.3000000119
32852  -21.398  -45.076  19.287 0.5000000000
31950  -20.390  -45.263  20.561 0.4000000060
31963  -21.165  -45.283  17.728 0.5000000000
811  -18.870  -91.046  10.340 0.1000000015
842  -17.694  -91.326  7.361 0.1000000015
835  -17.341  -91.968  8.868 0.1000000015
823  -17.583  -92.272  9.454 0.1000000015
577  -17.442  -93.050  9.275 0.2000000030
578  -18.205  -92.679  10.040 0.1000000015
398  -19.113  -93.360  9.731 0.2000000030
74  -12.719  -95.721  8.227 0.2000000030
112167  -13.872  -95.772  8.175 0.2000000030
83  -13.433  -95.640  7.472 0.2000000030
127476  -14.741  -96.013  8.101 0.2000000030
88  -14.137  -95.683  6.622 0.2000000030
107754  -15.331  -96.069  7.474 0.2000000030
841  -16.771  -91.973  7.219 0.1000000015
834  -16.957  -92.022  8.138 0.1000000015
106023  -12.395  -95.989  9.433 0.2000000030
90  -15.655  -95.802  6.674 0.1000000015
127406  -15.778  -96.274  7.865 0.3000000119
112423  -14.813  -95.444  5.908 0.1000000015
85  -16.862  -96.257  7.498 0.4000000060
845  -16.819  -92.044  6.256 0.1000000015
590  -16.850  -92.751  8.660 0.1000000015
72  -11.216  -96.083  8.787 0.2000000030
106514  -11.343  -96.260  9.410 0.1000000015
64  -10.680  -96.224  9.435 0.1000000015
91  -16.484  -95.891  6.832 0.3000000119
166  -15.941  -95.430  6.291 0.1000000015
270  -15.775  -95.105  5.916 0.1000000015
276  -15.217  -94.893  5.314 0.1000000015
124628  -17.969  -96.387  8.144 0.4000000060
424  -14.988  -94.225  4.972 0.1000000015
420  -15.139  -94.089  6.133 0.1000000015
595  -16.080  -92.807  7.696 0.1000000015
408  -17.821  -93.869  8.458 0.2000000030
148  -10.223  -95.758  9.474 0.1000000015
54  -10.690  -96.497  10.226 0.1000000015
167  -16.771  -95.557  6.736 0.2000000030
92  -17.212  -95.839  6.957 0.4000000060
271  -16.622  -95.310  6.491 0.2000000030
160  -17.738  -95.600  6.958 0.2000000030
87  -18.429  -95.979  7.837 0.3000000119
79  -18.465  -96.327  8.647 0.4000000060
264  -16.226  -94.838  6.411 0.1000000015
265  -17.339  -94.997  6.783 0.2000000030
416  -16.997  -94.220  7.848 0.2000000030
107905  -18.637  -95.130  7.209 0.2000000030
415  -15.624  -93.697  7.218 0.1000000015
257  -18.902  -94.546  7.617 0.2000000030
113  -10.382  -95.654  14.872 0.2000000030
118  -9.729  -95.750  13.226 0.2000000030
121727  -10.713  -96.759  12.688 0.2000000030
3167  -10.910  -85.387  4.166 0.1000000015
3158  -12.093  -85.242  4.811 0.1000000015
3168  -12.007  -85.274  3.699 0.1000000015
3177  -11.112  -85.553  2.951 0.1000000015
3176  -10.068  -85.748  3.127 0.1000000015
2700  -10.515  -85.987  2.239 0.1000000015
1335  -6.102  -91.042  21.621 0.2000000030
115024  -10.053  -85.177  4.912 0.1000000015
1334  -5.013  -89.627  22.228 0.1000000015
2215  -9.910  -86.975  8.719 0.4000000060
2214  -8.837  -87.617  8.065 0.3000000119
1680  -4.956  -88.976  20.931 0.1000000015
1803  -8.345  -88.720  8.316 0.2000000030
2201  -9.526  -87.980  9.219 0.3000000119
1814  -7.981  -89.010  6.820 0.1000000015
1791  -9.913  -88.145  10.339 0.4000000060
1802  -7.914  -89.413  7.678 0.1000000015
1790  -9.050  -88.932  9.715 0.3000000119
1789  -7.964  -89.721  8.748 0.2000000030
1456  -8.400  -89.822  10.058 0.2000000030
1760  -6.352  -90.038  11.948 0.2000000030
2049  -5.393  -87.621  22.695 0.1000000015
1432  -8.085  -89.657  11.269 0.2000000030
2048  -5.194  -87.926  23.072 0.1000000015
2032  -5.090  -87.054  23.752 0.2000000030
2487  -5.531  -86.837  23.076 0.1000000015
2006  -4.352  -87.493  25.891 0.3000000119
106730  -4.332  -86.645  25.760 0.2000000030
108801  -4.471  -87.098  25.197 0.2000000030
2463  -4.252  -86.087  26.423 0.2000000030
2467  -4.355  -85.698  25.478 0.2000000030
107977  -4.563  -86.366  24.914 0.2000000030
2033  -5.303  -87.006  23.373 0.1000000015
2956  -4.615  -85.372  24.613 0.2000000030
2949  -4.361  -84.788  25.163 0.2000000030
125921  -4.922  -85.654  24.135 0.1000000015
3486  -4.311  -83.720  26.079 0.2000000030
4027  -4.455  -82.983  26.312 0.1000000015
4551  -3.797  -82.191  28.280 0.1000000015
4564  -4.221  -81.846  27.528 0.1000000015
4015  -4.302  -82.665  26.905 0.1000000015
4016  -4.792  -82.612  26.771 0.1000000015
3487  -4.673  -83.335  25.467 0.1000000015
3499  -4.641  -83.740  24.885 0.2000000030
5122  -3.389  -81.055  21.919 0.2000000030
4536  -3.921  -81.652  29.641 0.1000000015
119017  -3.946  -81.518  28.654 0.1000000015
5066  -4.399  -81.331  27.889 0.1000000015
4565  -5.031  -81.632  27.527 0.1000000015
4566  -5.974  -82.211  28.319 0.1000000015
108907  -5.071  -83.059  26.132 0.1000000015
6182  -3.844  -78.892  21.790 0.5000000000
128317  -4.099  -81.137  29.027 0.1000000015
5572  -4.575  -80.968  29.295 0.1000000015
5056  -5.239  -81.315  28.236 0.1000000015
4552  -5.954  -81.671  29.112 0.1000000015
4006  -6.374  -83.097  28.205 0.1000000015
4005  -5.470  -82.462  27.415 0.1000000015
110451  -6.488  -83.307  27.689 0.1000000015
2957  -4.858  -84.885  24.238 0.2000000030
3500  -5.094  -83.632  24.984 0.1000000015
108562  -9.485  -79.240  40.803 0.4000000060
5552  -4.357  -80.337  30.924 0.1000000015
5561  -5.269  -80.829  29.892 0.1000000015
5573  -5.291  -81.019  29.153 0.1000000015
4537  -6.407  -82.324  30.267 0.1000000015
125207  -6.745  -82.589  31.101 0.1000000015
5562  -5.689  -80.659  30.042 0.1000000015
5047  -5.996  -81.309  29.931 0.1000000015
3988  -6.528  -82.853  29.584 0.1000000015
6728  -3.670  -78.465  22.470 0.4000000060
6568  -8.948  -78.010  42.886 0.4000000060
6578  -9.798  -78.018  41.667 0.4000000060
6574  -9.304  -78.313  42.187 0.4000000060
6587  -10.179  -78.197  40.972 0.4000000060
6579  -10.181  -77.514  41.139 0.4000000060
7648  -9.392  -76.933  42.107 0.4000000060
127153  -10.122  -76.189  40.556 0.4000000060
8186  -10.191  -75.870  39.849 0.5000000000
7667  -10.403  -76.855  40.370 0.5000000000
6655  -4.722  -78.712  32.219 0.1000000015
7712  -5.031  -76.185  36.038 0.3000000119
122641  -4.674  -76.380  35.098 0.3000000119
113147  -4.499  -75.377  34.700 0.3000000119
8271  -7.211  -75.139  29.496 0.2000000030
7756  -7.892  -76.051  28.435 0.2000000030
8270  -5.948  -74.948  29.118 0.2000000030
120441  -6.525  -76.592  27.215 0.2000000030
7743  -5.240  -76.267  31.958 0.1000000015
7742  -4.548  -76.114  32.253 0.2000000030
8824  -5.555  -75.221  32.626 0.2000000030
8257  -4.542  -75.391  32.670 0.2000000030
8235  -4.239  -74.713  33.763 0.3000000119
8823  -5.030  -74.873  32.718 0.2000000030
125998  -4.201  -74.421  34.365 0.2000000030
7738  -4.251  -76.004  32.838 0.3000000119
9359  -5.340  -73.740  33.629 0.1000000015
8798  -5.966  -73.800  33.649 0.1000000015
111533  -6.404  -74.700  35.190 0.1000000015
8221  -6.759  -75.381  35.792 0.1000000015
8215  -7.528  -75.042  36.373 0.1000000015
9358  -4.432  -73.806  33.759 0.2000000030
9345  -5.785  -72.978  34.145 0.1000000015
8777  -6.527  -73.703  36.135 0.1000000015
8779  -8.545  -74.406  36.538 0.1000000015
9327  -9.324  -73.544  36.497 0.1000000015
8787  -9.731  -74.449  36.403 0.1000000015
121349  -8.327  -73.048  36.700 0.1000000015
119568  -10.125  -72.946  36.126 0.1000000015
9334  -4.083  -72.993  34.979 0.2000000030
10465  -6.144  -71.336  35.714 0.1000000015
9343  -4.050  -73.235  34.207 0.2000000030
9324  -6.527  -72.861  36.342 0.1000000015
10447  -6.643  -71.345  36.690 0.1000000015
10449  -8.233  -72.199  36.845 0.1000000015
10450  -9.805  -71.702  35.953 0.1000000015
9872  -10.318  -72.278  35.740 0.1000000015
9879  -4.670  -72.517  35.061 0.1000000015
11123  -5.721  -70.304  35.279 0.1000000015
11100  -6.398  -70.591  36.231 0.1000000015
117307  -8.239  -70.250  36.834 0.1000000015
11125  -9.414  -70.219  36.063 0.1000000015
11126  -9.950  -70.931  35.608 0.1000000015
114087  -5.165  -67.205  34.833 0.1000000015
12707  -5.628  -68.512  35.347 0.1000000015
12706  -5.183  -68.764  35.115 0.3000000119
13537  -6.340  -67.130  35.312 0.2000000030
120219  -6.103  -69.051  35.814 0.1000000015
13517  -6.431  -67.736  35.824 0.1000000015
11898  -9.639  -69.447  35.707 0.1000000015
12729  -10.206  -68.667  34.792 0.1000000015
11969  -10.185  -69.955  30.407 0.2000000030
11968  -9.291  -69.478  30.782 0.2000000030
13536  -4.898  -67.977  34.963 0.2000000030
14285  -4.773  -66.400  34.586 0.2000000030
14303  -5.809  -66.011  34.335 0.1000000015
17359  -14.513  -62.135  33.750 0.3000000119
14287  -6.991  -66.611  35.264 0.1000000015
12708  -9.183  -68.651  35.948 0.1000000015
13540  -9.561  -67.949  35.354 0.1000000015
14304  -7.024  -66.145  34.635 0.1000000015
15066  -8.092  -65.960  34.446 0.1000000015
13562  -8.754  -67.013  35.509 0.1000000015
15063  -4.480  -65.515  34.268 0.3000000119
15064  -5.494  -65.581  33.787 0.2000000030
109745  -9.631  -67.030  34.952 0.1000000015
15065  -6.546  -65.731  33.906 0.1000000015
15080  -7.157  -65.440  33.329 0.1000000015
15081  -8.269  -65.449  33.608 0.1000000015
109348  -11.458  -61.572  12.575 0.3000000119
17607  -10.594  -61.931  12.616 0.3000000119
15811  -4.704  -64.337  33.035 0.2000000030
15812  -5.669  -64.602  32.640 0.1000000015
15813  -6.693  -64.989  32.662 0.1000000015
15828  -8.298  -64.895  31.797 0.1000000015
15845  -7.444  -64.469  31.154 0.1000000015
18341  -12.252  -61.817  13.216 0.3000000119
19225  -14.731  -60.588  10.936 0.3000000119
19226  -15.613  -60.671  11.196 0.2000000030
15078  -4.669  -64.917  33.665 0.4000000060
15825  -4.912  -63.738  32.447 0.3000000119
15826  -6.063  -64.300  32.149 0.2000000030
15844  -6.371  -64.049  31.448 0.1000000015
16596  -5.650  -63.009  31.125 0.3000000119
16597  -6.636  -63.722  30.673 0.2000000030
17410  -6.625  -62.209  29.355 0.3000000119
16618  -8.086  -63.090  28.808 0.2000000030
18156  -7.300  -61.146  27.935 0.4000000060
17592  -13.087  -62.211  13.859 0.3000000119
18376  -14.488  -61.217  11.632 0.3000000119
15824  -4.276  -63.258  33.156 0.5000000000
16583  -5.256  -63.322  31.801 0.3000000119
17400  -5.956  -62.647  30.443 0.3000000119
17388  -5.430  -61.956  31.086 0.4000000060
18145  -5.783  -61.608  30.411 0.4000000060
17419  -6.477  -61.110  28.744 0.5000000000
18969  -6.963  -60.280  28.216 0.6000000238
18982  -8.162  -60.065  27.227 0.4000000060
18983  -8.966  -59.868  26.869 0.5000000000
18328  -14.014  -61.846  14.186 0.3000000119
18361  -14.143  -61.425  12.625 0.3000000119
123656  -16.841  -59.825  11.068 0.2000000030
20050  -16.146  -59.406  10.374 0.2000000030
20857  -17.426  -58.156  10.367 0.2000000030
16582  -4.601  -62.607  32.523 0.4000000060
18946  -6.531  -60.188  28.916 0.6000000238
18958  -7.462  -59.671  28.632 0.6000000238
125236  -9.376  -60.700  26.608 0.5000000000
19023  -11.685  -61.085  25.575 0.4000000060
19024  -12.439  -60.989  25.160 0.4000000060
17523  -14.738  -61.304  21.971 0.4000000060
18251  -16.280  -60.846  22.031 0.4000000060
17513  -17.667  -62.285  23.543 0.3000000119
18342  -13.305  -61.670  13.248 0.3000000119
18362  -15.248  -61.312  12.225 0.2000000030
19206  -16.123  -60.952  11.832 0.2000000030
18134  -5.663  -61.292  31.063 0.4000000060
118681  -6.633  -60.243  29.617 0.6000000238
117911  -4.837  -61.991  32.209 0.4000000060
107844  -13.328  -60.777  23.819 0.4000000060
116928  -13.690  -60.477  23.196 0.4000000060
18235  -14.425  -60.564  22.072 0.4000000060
114464  -17.266  -60.247  22.058 0.4000000060
18237  -18.895  -60.419  22.869 0.3000000119
18215  -19.533  -60.410  23.887 0.3000000119
19031  -20.154  -60.495  24.849 0.3000000119
18122  -5.921  -61.400  31.743 0.5000000000
19077  -18.734  -58.742  22.242 0.5000000000
19055  -19.890  -59.343  23.788 0.4000000060
118704  -20.427  -59.954  24.731 0.3000000119
19871  -19.669  -57.570  23.058 0.5000000000
23222  -12.821  -55.231  14.040 0.1000000015
23223  -13.035  -55.203  13.761 0.1000000015
24968  -12.775  -53.879  12.860 0.2000000030
29288  -16.176  -49.228  25.841 0.2000000030
29271  -16.779  -48.449  26.362 0.1000000015
30133  -17.325  -47.735  26.366 0.1000000015
31060  -20.811  -45.799  17.073 0.4000000060
32847  -19.862  -44.618  20.428 0.3000000119
32848  -20.575  -44.630  20.062 0.3000000119
33717  -19.303  -43.902  20.235 0.1000000015
33726  -20.753  -44.012  18.674 0.4000000060
32858  -20.735  -44.497  17.803 0.4000000060
32857  -20.078  -44.361  17.120 0.4000000060
1455  -7.786  -90.554  9.131 0.1000000015
1780  -9.227  -88.828  10.722 0.3000000119
1444  -7.776  -90.792  10.007 0.2000000030
800  -7.881  -92.238  10.492 0.1000000015
1767  -6.579  -89.537  11.676 0.3000000119
7201  -5.487  -77.453  32.227 0.1000000015
6104  -5.072  -80.410  30.686 0.1000000015
6105  -5.872  -80.177  30.441 0.1000000015
6097  -4.487  -79.742  31.532 0.1000000015
8797  -4.176  -73.911  33.898 0.3000000119
9880  -5.582  -72.455  34.825 0.1000000015
10474  -5.958  -71.675  34.997 0.1000000015
8822  -4.544  -74.708  32.981 0.2000000030
9881  -5.899  -72.361  34.757 0.1000000015
11124  -5.895  -70.379  35.315 0.1000000015
121710  -5.650  -67.736  35.161 0.1000000015
11895  -5.332  -69.526  35.295 0.1000000015
11896  -5.592  -69.509  35.365 0.1000000015
11874  -6.773  -69.152  36.494 0.1000000015
8290  -5.793  -76.026  27.716 0.2000000030
8278  -5.538  -75.470  28.393 0.2000000030
37  -10.034  -96.365  12.519 0.2000000030
3705  -12.122  -84.873  5.815 0.1000000015
7679  -10.405  -76.691  39.360 0.5000000000
16571  -14.641  -62.922  33.634 0.3000000119
18099  -14.097  -61.518  34.306 0.3000000119
120908  -14.852  -61.459  33.594 0.3000000119
18100  -14.545  -60.645  33.940 0.3000000119
18970  -7.802  -59.528  27.863 0.6000000238
19074  -13.809  -60.515  22.470 0.4000000060
19075  -14.753  -59.847  22.361 0.4000000060
19078  -19.276  -57.980  22.658 0.5000000000
18238  -19.253  -59.407  22.987 0.4000000060
122893  -20.752  -59.021  24.685 0.4000000060
18146  -5.990  -60.573  29.446 0.5000000000
20712  -23.692  -58.585  23.688 0.4000000060
18236  -17.083  -61.695  22.609 0.4000000060
18250  -15.359  -60.251  21.965 0.4000000060
53  -9.986  -96.234  10.535 0.2000000030
113045  -9.981  -96.360  11.769 0.2000000030
31981  -20.514  -45.098  17.044 0.4000000060
80  -19.284  -95.821  8.384 0.3000000119
5034  -4.180  -80.798  30.481 0.1000000015
6661  -4.842  -79.767  31.521 0.1000000015
123814  -5.919  -71.273  35.239 0.1000000015
110949  -20.293  -59.034  24.335 0.4000000060
31003  -17.028  -47.007  26.274 0.2000000030
30143  -17.750  -47.178  26.001 0.2000000030
32851  -20.291  -43.795  19.618 0.3000000119
121346  -16.066  -92.479  6.908 0.1000000015
173  -15.242  -94.987  5.536 0.1000000015
406  -16.331  -93.499  8.038 0.1000000015
598  -15.246  -93.336  5.814 0.1000000015
594  -15.473  -93.154  6.808 0.1000000015
117173  -16.398  -94.351  7.314 0.1000000015
1431  -7.393  -90.886  10.688 0.2000000030
5560  -4.406  -80.852  30.224 0.1000000015
115616  -6.794  -83.226  28.912 0.1000000015
6103  -4.400  -80.425  30.960 0.1000000015
8279  -6.951  -75.505  28.719 0.2000000030
8258  -5.089  -75.630  32.277 0.2000000030
9344  -4.691  -73.127  34.314 0.1000000015
122548  -6.244  -74.305  34.185 0.1000000015
106717  -6.206  -73.754  34.803 0.1000000015
8778  -7.326  -74.213  36.460 0.1000000015
9871  -6.105  -72.145  35.445 0.1000000015
9860  -7.262  -72.585  36.854 0.1000000015
9861  -9.388  -72.537  36.385 0.1000000015
10448  -7.228  -71.749  37.077 0.1000000015
127635  -9.015  -71.782  36.497 0.1000000015
114089  -10.708  -72.776  35.771 0.1000000015
118113  -6.969  -69.915  36.847 0.1000000015
11127  -10.531  -70.722  35.082 0.1000000015
116684  -10.958  -72.036  35.385 0.1000000015
12684  -7.317  -68.658  36.571 0.1000000015
12685  -8.220  -68.594  36.468 0.1000000015
11897  -8.824  -69.399  36.378 0.1000000015
11913  -10.186  -69.428  35.076 0.1000000015
13518  -7.394  -67.979  36.356 0.1000000015
11914  -10.638  -69.427  34.429 0.1000000015
17360  -15.186  -62.335  33.352 0.3000000119
112337  -7.872  -66.462  35.176 0.1000000015
13539  -8.528  -67.811  36.048 0.1000000015
15096  -7.767  -65.145  32.681 0.1000000015
18360  -13.139  -61.469  12.417 0.3000000119
16598  -7.672  -64.083  30.398 0.2000000030
16606  -6.891  -63.224  29.891 0.3000000119
17411  -7.153  -62.385  28.828 0.3000000119
17420  -7.606  -62.165  28.334 0.3000000119
17525  -16.235  -62.183  22.469 0.4000000060
17512  -16.850  -62.618  23.140 0.4000000060
18214  -18.459  -61.600  23.471 0.3000000119
115686  -17.943  -61.046  22.860 0.3000000119
18233  -13.009  -61.426  22.474 0.4000000060
18252  -18.132  -59.583  22.044 0.4000000060
24108  -12.914  -53.953  12.548 0.1000000015
3148  -8.888  -85.725  5.473 0.1000000015
3155  -9.040  -85.644  4.560 0.1000000015
3141  -9.052  -85.863  6.392 0.2000000030
3149  -9.685  -85.187  6.163 0.1000000015
2226  -8.617  -87.133  7.183 0.2000000030
2662  -9.299  -86.713  7.869 0.2000000030
2675  -10.027  -85.900  7.981 0.2000000030
3159  -12.991  -85.154  5.356 0.1000000015
694  -18.580  -92.630  25.259 0.4000000060
2336  -13.435  -85.788  40.547 0.3000000119
1103  -7.104  -91.682  11.593 0.1000000015
2804  -13.530  -85.723  39.047 0.3000000119
1419  -6.863  -91.014  11.840 0.1000000015
1430  -7.043  -91.214  11.264 0.1000000015
792  -7.609  -92.203  12.327 0.1000000015
124742  -11.705  -84.516  40.917 0.3000000119
120156  -6.550  -90.772  12.353 0.1000000015
119007  -6.228  -89.198  15.397 0.1000000015
2132  -6.002  -88.521  16.053 0.1000000015
4101  -5.990  -83.958  20.114 0.1000000015
2553  -6.813  -86.855  16.780 0.1000000015
4086  -5.002  -83.881  20.807 0.1000000015
3012  -6.164  -85.402  18.456 0.1000000015
4641  -4.400  -83.321  21.085 0.1000000015
5124  -4.696  -81.973  22.876 0.1000000015
5133  -4.261  -82.303  22.161 0.1000000015
5109  -4.273  -81.433  23.328 0.1000000015
5123  -3.771  -81.520  22.540 0.1000000015
4631  -3.871  -82.595  21.358 0.1000000015
5642  -3.417  -80.673  22.489 0.1000000015
6181  -3.287  -79.749  22.179 0.3000000119
5631  -4.022  -80.882  23.827 0.1000000015
5630  -3.404  -80.034  23.218 0.1000000015
6156  -3.434  -79.409  24.010 0.1000000015
6715  -3.264  -78.913  23.146 0.3000000119
5110  -5.052  -81.686  23.434 0.1000000015
5620  -4.687  -80.691  24.625 0.1000000015
109240  -5.607  -80.635  25.027 0.1000000015
5607  -6.218  -80.206  25.528 0.1000000015
6700  -3.999  -78.424  25.449 0.1000000015
7240  -3.303  -76.577  24.589 0.3000000119
6146  -6.423  -79.663  25.972 0.1000000015
125891  -7.768  -80.288  25.795 0.1000000015
5609  -8.393  -80.520  25.374 0.1000000015
6688  -6.730  -78.380  26.369 0.2000000030
6702  -6.074  -78.956  26.058 0.1000000015
6701  -4.997  -78.778  25.931 0.1000000015
7229  -5.198  -77.346  26.381 0.2000000030
7242  -4.582  -77.923  26.020 0.1000000015
7784  -3.555  -76.624  25.604 0.5000000000
6133  -7.816  -79.364  26.553 0.1000000015
6134  -8.642  -79.298  26.522 0.1000000015
6135  -9.475  -79.134  26.333 0.1000000015
119501  -7.634  -78.714  26.705 0.1000000015
6689  -8.354  -78.726  26.841 0.1000000015
110155  -10.755  -79.618  24.920 0.1000000015
7230  -6.410  -77.468  26.613 0.1000000015
7779  -5.596  -76.877  26.858 0.2000000030
7228  -4.147  -77.085  26.155 0.3000000119
123009  -3.506  -75.349  26.191 0.3000000119
117769  -7.324  -77.926  26.630 0.1000000015
6690  -9.052  -78.528  26.709 0.1000000015
6691  -9.781  -78.339  26.460 0.1000000015
6692  -10.458  -78.226  26.049 0.1000000015
7232  -8.823  -77.922  26.831 0.1000000015
7217  -7.511  -77.331  27.019 0.1000000015
7767  -7.891  -76.683  27.683 0.1000000015
120271  -8.725  -75.851  28.663 0.1000000015
8272  -8.896  -75.390  29.491 0.1000000015
8281  -9.380  -75.636  28.703 0.1000000015
8280  -8.006  -75.581  29.152 0.1000000015
8839  -8.077  -74.306  30.707 0.1000000015
8850  -7.595  -74.789  30.170 0.1000000015
9377  -6.867  -72.933  31.354 0.1000000015
8852  -9.506  -74.845  30.029 0.1000000015
8274  -9.904  -74.950  29.440 0.1000000015
8853  -10.185  -74.413  29.814 0.1000000015
9388  -7.433  -73.656  31.115 0.1000000015
9916  -5.670  -72.453  31.326 0.1000000015
113622  -5.530  -71.533  31.762 0.3000000119
8841  -9.893  -74.116  30.554 0.1000000015
9404  -10.467  -73.612  30.092 0.1000000015
108821  -10.623  -72.910  30.279 0.1000000015
9389  -8.531  -73.678  31.162 0.1000000015
9378  -7.847  -72.934  31.455 0.1000000015
9917  -6.911  -72.078  31.764 0.2000000030
9390  -9.477  -73.587  31.068 0.1000000015
9928  -9.729  -72.688  31.177 0.1000000015
9379  -8.871  -72.880  31.392 0.1000000015
10525  -9.968  -71.675  31.187 0.1000000015
11201  -10.247  -70.823  30.906 0.1000000015
9918  -8.169  -72.124  31.731 0.1000000015
11181  -8.898  -70.741  31.562 0.1000000015
11991  -10.943  -69.618  29.573 0.1000000015
11180  -7.713  -70.496  32.053 0.2000000030
121381  -10.021  -67.901  27.068 0.1000000015
13707  -12.368  -67.473  25.470 0.1000000015
13721  -12.653  -67.315  24.779 0.1000000015
13673  -8.669  -67.520  27.467 0.1000000015
13703  -9.019  -67.300  25.970 0.1000000015
14436  -11.219  -67.345  25.078 0.1000000015
13720  -12.065  -67.115  24.989 0.1000000015
124382  -6.751  -64.449  23.572 0.2000000030
15961  -6.595  -64.284  24.368 0.2000000030
15190  -6.626  -65.588  25.426 0.2000000030
14452  -9.769  -67.255  24.241 0.1000000015
108606  -11.146  -67.254  23.703 0.1000000015
111688  -6.739  -66.167  25.931 0.1000000015
14419  -7.138  -66.709  26.480 0.1000000015
14434  -9.330  -67.287  25.110 0.1000000015
14435  -10.286  -67.330  25.122 0.1000000015
14453  -10.743  -67.307  24.317 0.1000000015
14454  -11.697  -67.153  24.390 0.1000000015
13734  -12.831  -67.286  24.050 0.1000000015
14405  -6.993  -66.699  27.445 0.1000000015
15974  -6.827  -64.085  22.957 0.2000000030
17536  -8.837  -62.379  20.973 0.2000000030
17531  -8.154  -62.657  21.319 0.2000000030
16761  -8.586  -63.224  21.144 0.1000000015
108763  -10.222  -61.965  20.645 0.2000000030
18264  -8.573  -61.471  21.226 0.2000000030
19115  -9.583  -60.941  20.938 0.2000000030
106263  -10.993  -61.703  20.543 0.2000000030
19116  -10.090  -60.433  21.041 0.2000000030
106360  -10.824  -60.641  20.680 0.2000000030
19937  -10.752  -59.721  21.201 0.2000000030
19117  -11.494  -59.876  20.713 0.2000000030
27490  -15.174  -51.676  26.971 0.1000000015
109446  -12.750  -59.268  20.189 0.2000000030
106831  -12.207  -60.110  20.225 0.1000000015
26615  -15.365  -52.687  26.975 0.1000000015
26631  -14.651  -52.975  26.644 0.1000000015
24828  -14.537  -53.550  26.100 0.1000000015
25745  -13.743  -52.866  25.799 0.1000000015
20774  -15.671  -58.351  18.485 0.1000000015
21550  -16.168  -57.740  18.207 0.1000000015
20773  -14.721  -58.052  18.850 0.1000000015
19964  -15.102  -58.850  18.673 0.1000000015
19965  -15.823  -59.257  18.580 0.1000000015
19951  -14.409  -58.781  19.017 0.1000000015
19128  -14.164  -59.603  19.233 0.1000000015
19940  -13.239  -58.394  20.229 0.2000000030
19950  -13.770  -58.606  19.608 0.1000000015
26630  -13.948  -53.015  26.211 0.1000000015
25746  -14.036  -53.377  25.951 0.1000000015
110802  -13.750  -52.754  25.563 0.1000000015
21551  -17.111  -57.280  17.962 0.1000000015
120710  -16.863  -58.214  18.286 0.1000000015
27517  -14.127  -50.997  24.728 0.1000000015
122599  -14.974  -50.678  24.941 0.1000000015
28408  -16.499  -50.042  25.589 0.1000000015
31949  -19.538  -45.397  20.963 0.2000000030
31948  -18.800  -45.218  21.055 0.2000000030
34507  -19.285  -42.551  19.394 0.1000000015
34510  -19.086  -41.857  18.852 0.1000000015
107798  -19.848  -43.034  19.231 0.1000000015
125411  -19.556  -43.228  19.727 0.1000000015
33725  -20.144  -43.305  18.695 0.2000000030
33731  -20.237  -43.774  17.870 0.2000000030
34511  -19.573  -42.571  18.658 0.1000000015
121834  -19.752  -43.749  17.169 0.3000000119
33746  -19.517  -44.166  16.517 0.3000000119
33730  -19.359  -43.391  16.704 0.3000000119
32887  -19.192  -44.699  15.831 0.3000000119
8840  -9.117  -74.342  30.750 0.1000000015
8851  -8.595  -74.912  30.236 0.1000000015
15949  -6.592  -64.936  24.903 0.2000000030
7241  -3.683  -77.455  25.456 0.2000000030
108155  -6.392  -74.531  29.815 0.1000000015
10510  -8.469  -71.356  31.765 0.1000000015
112140  -9.910  -68.178  27.784 0.1000000015
13674  -9.420  -67.736  27.202 0.1000000015
13672  -7.781  -67.214  27.861 0.1000000015
113950  -15.071  -53.495  26.320 0.1000000015
23955  -19.800  -54.694  27.882 0.1000000015
6687  -5.708  -78.108  26.182 0.1000000015
9919  -9.128  -72.031  31.501 0.1000000015
13704  -9.880  -67.340  25.907 0.1000000015
13688  -8.826  -67.363  26.735 0.1000000015
13702  -8.083  -67.137  26.160 0.1000000015
19118  -13.385  -59.455  19.628 0.1000000015
111974  -14.479  -53.432  26.252 0.1000000015
26629  -13.474  -52.233  25.811 0.1000000015
106067  -14.061  -52.884  25.492 0.1000000015
26641  -13.549  -52.077  25.006 0.1000000015
26657  -12.922  -51.737  24.852 0.1000000015
28407  -14.682  -50.011  24.935 0.1000000015
116455  -15.561  -50.002  25.281 0.1000000015
159  -13.145  -95.506  6.833 0.1000000015
114927  -9.855  -95.314  14.159 0.1000000015
227  -9.711  -95.091  12.652 0.1000000015
1306  -19.913  -90.150  26.590 0.3000000119
986  -19.487  -91.069  25.826 0.3000000119
979  -20.199  -90.472  27.596 0.3000000119
695  -19.334  -92.251  25.944 0.3000000119
107912  -19.534  -92.177  27.081 0.3000000119
682  -19.383  -91.708  27.774 0.3000000119
969  -20.223  -90.591  28.587 0.3000000119
1287  -21.112  -90.000  28.967 0.3000000119
680  -18.020  -92.177  27.120 0.3000000119
671  -17.906  -91.624  27.560 0.3000000119
673  -19.206  -91.267  28.542 0.3000000119
115787  -16.981  -92.568  27.290 0.3000000119
955  -17.317  -90.928  27.884 0.3000000119
2388  -18.533  -86.238  35.913 0.2000000030
1604  -19.500  -88.802  30.081 0.2000000030
108642  -20.083  -89.363  30.799 0.2000000030
1985  -16.896  -87.196  29.453 0.2000000030
1267  -20.306  -89.857  31.068 0.2000000030
929  -20.642  -90.213  31.135 0.2000000030
105777  -19.998  -90.425  30.309 0.2000000030
940  -18.621  -90.539  29.117 0.3000000119
956  -19.483  -90.696  29.421 0.3000000119
106386  -16.907  -90.164  28.269 0.3000000119
1276  -17.242  -89.405  28.638 0.3000000119
1285  -16.189  -90.329  28.586 0.3000000119
1274  -16.207  -89.455  29.023 0.3000000119
1286  -16.670  -89.614  28.654 0.3000000119
1616  -17.322  -88.471  28.972 0.3000000119
1614  -16.312  -88.791  29.458 0.3000000119
1615  -16.737  -88.062  29.367 0.3000000119
113154  -16.339  -88.189  29.827 0.3000000119
2414  -16.525  -86.385  31.212 0.2000000030
123401  -16.644  -86.159  31.985 0.3000000119
1265  -18.961  -89.199  29.820 0.2000000030
2405  -17.121  -86.274  33.629 0.2000000030
2869  -17.035  -85.671  33.185 0.3000000119
112919  -16.723  -86.708  29.807 0.2000000030
1617  -18.403  -88.256  29.321 0.2000000030
1278  -18.945  -90.057  29.896 0.3000000119
115569  -17.341  -87.720  29.177 0.2000000030
114226  -18.080  -89.883  28.961 0.3000000119
1963  -16.353  -87.233  30.901 0.2000000030
1984  -16.480  -87.387  29.951 0.2000000030
452  -16.033  -93.715  28.406 0.3000000119
953  -16.073  -91.474  28.399 0.3000000119
124874  -15.760  -93.929  28.935 0.3000000119
658  -15.645  -92.344  30.497 0.3000000119
938  -15.553  -91.369  29.294 0.3000000119
1252  -15.741  -89.346  31.117 0.3000000119
295  -15.610  -93.519  30.350 0.3000000119
927  -15.399  -90.900  30.344 0.3000000119
1590  -16.210  -88.025  31.546 0.3000000119
1958  -16.468  -87.054  31.921 0.3000000119
107996  -16.407  -87.847  32.339 0.3000000119
653  -15.677  -91.768  31.474 0.3000000119
109204  -15.308  -93.613  30.822 0.3000000119
448  -15.833  -93.323  30.565 0.3000000119
1951  -16.701  -87.367  32.832 0.2000000030
1603  -16.198  -88.027  30.556 0.3000000119
112604  -16.093  -89.312  32.464 0.3000000119
293  -15.734  -93.324  31.102 0.3000000119
5481  -5.955  -80.758  41.836 0.3000000119
4936  -5.370  -81.273  41.498 0.3000000119
121428  -15.774  -93.219  31.884 0.3000000119
4950  -5.721  -81.416  40.856 0.3000000119
5482  -6.985  -80.420  41.453 0.3000000119
7074  -7.032  -76.821  46.355 0.2000000030
7615  -6.990  -75.544  45.744 0.2000000030
8121  -7.094  -74.764  45.424 0.2000000030
6004  -6.209  -79.813  44.951 0.3000000119
6000  -7.008  -79.084  45.486 0.2000000030
7082  -7.412  -76.937  45.564 0.2000000030
7624  -7.293  -75.976  44.880 0.3000000119
110973  -6.921  -74.746  44.944 0.3000000119
8676  -7.392  -73.592  44.189 0.3000000119
117603  -7.246  -74.752  43.633 0.3000000119
8697  -7.375  -73.912  42.890 0.3000000119
6025  -7.741  -79.894  41.928 0.3000000119
7635  -9.028  -77.127  42.634 0.3000000119
9238  -7.648  -73.173  43.418 0.3000000119
6036  -7.979  -80.051  40.992 0.3000000119
6573  -8.786  -78.618  42.747 0.3000000119
7647  -8.692  -76.405  42.571 0.3000000119
8148  -8.192  -75.467  42.341 0.3000000119
7606  -6.876  -75.892  46.649 0.1000000015
7073  -6.839  -77.077  47.112 0.1000000015
8666  -7.674  -74.268  45.181 0.2000000030
6005  -7.235  -79.340  44.612 0.3000000119
6561  -8.353  -78.070  44.273 0.3000000119
8678  -8.827  -74.447  45.043 0.3000000119
7625  -7.927  -76.486  43.998 0.3000000119
7633  -7.259  -75.286  44.165 0.3000000119
8677  -7.682  -73.758  44.540 0.3000000119
126195  -8.666  -73.359  43.711 0.3000000119
9228  -7.917  -73.199  43.909 0.3000000119
9240  -9.893  -73.545  42.328 0.3000000119
9229  -8.259  -72.863  43.151 0.3000000119
8172  -9.623  -75.667  40.762 0.3000000119
8698  -7.743  -74.474  42.070 0.3000000119
9768  -8.976  -72.737  42.496 0.3000000119
8161  -9.128  -76.034  41.785 0.3000000119
119164  -7.274  -75.322  46.684 0.1000000015
8655  -7.356  -74.964  46.116 0.1000000015
123292  -7.898  -74.805  46.080 0.2000000030
8667  -8.986  -74.966  45.766 0.1000000015
8679  -10.057  -74.874  44.540 0.2000000030
111944  -10.848  -75.047  43.357 0.2000000030
121632  -9.579  -72.889  41.851 0.3000000119
8160  -8.622  -75.197  41.435 0.3000000119
119278  -7.930  -72.845  42.550 0.3000000119
9781  -9.015  -72.377  41.653 0.3000000119
124843  -7.771  -75.085  46.705 0.1000000015
8668  -10.074  -75.156  45.335 0.1000000015
9268  -10.437  -73.059  40.445 0.3000000119
8714  -7.774  -73.757  41.316 0.3000000119
9251  -7.800  -72.856  41.448 0.3000000119
9782  -9.801  -72.569  41.168 0.3000000119
8110  -9.289  -75.163  46.642 0.1000000015
9252  -7.797  -73.355  40.335 0.3000000119
9795  -9.417  -72.027  40.836 0.3000000119
9284  -10.594  -72.472  39.624 0.2000000030
9823  -10.935  -72.184  38.905 0.2000000030
9779  -7.905  -72.441  40.992 0.3000000119
10403  -10.581  -71.544  39.304 0.2000000030
15816  -17.138  -64.790  32.745 0.2000000030
15833  -17.724  -64.218  32.473 0.2000000030
16586  -18.705  -63.797  32.253 0.2000000030
16585  -17.866  -63.423  32.212 0.2000000030
16584  -17.093  -63.336  32.502 0.2000000030
112046  -17.160  -61.695  32.388 0.2000000030
16572  -15.462  -63.290  33.207 0.2000000030
17361  -15.846  -62.573  32.990 0.2000000030
17376  -17.498  -62.645  32.255 0.2000000030
112815  -16.015  -63.927  32.934 0.2000000030
17375  -16.564  -62.354  32.652 0.2000000030
123427  -16.468  -61.379  32.716 0.2000000030
18124  -16.859  -60.699  32.580 0.2000000030
18125  -17.627  -61.031  32.146 0.2000000030
114693  -15.752  -61.596  33.090 0.2000000030
18111  -15.324  -60.623  33.470 0.2000000030
19205  -11.497  -60.977  11.787 0.2000000030
18374  -12.580  -61.181  11.795 0.2000000030
19224  -13.730  -60.729  11.058 0.2000000030
19240  -15.430  -60.058  10.606 0.1000000015
18373  -10.647  -60.743  11.415 0.2000000030
19223  -12.060  -60.546  11.062 0.2000000030
20856  -16.498  -58.508  9.917 0.1000000015
19238  -12.832  -60.225  10.546 0.2000000030
20049  -14.968  -59.163  10.021 0.1000000015
127662  -12.141  -60.276  10.493 0.2000000030
20855  -15.452  -58.537  9.607 0.1000000015
107047  -11.484  -60.268  9.902 0.2000000030
21640  -17.645  -56.860  9.588 0.1000000015
20047  -13.151  -59.576  10.034 0.2000000030
20048  -14.032  -59.284  9.792 0.2000000030
21623  -16.705  -57.735  9.537 0.1000000015
20063  -14.604  -58.655  9.334 0.2000000030
20869  -15.816  -57.883  9.278 0.1000000015
106099  -16.931  -57.053  9.176 0.1000000015
22441  -18.042  -56.199  9.358 0.1000000015
19249  -12.061  -60.406  9.431 0.2000000030
20061  -12.900  -59.757  9.725 0.2000000030
22429  -18.307  -56.703  10.194 0.1000000015
23270  -18.386  -55.485  9.055 0.1000000015
20867  -14.600  -58.501  8.863 0.1000000015
20071  -13.527  -59.566  9.191 0.1000000015
21638  -15.629  -57.700  8.652 0.1000000015
22439  -16.653  -56.807  8.465 0.1000000015
23269  -17.693  -55.777  8.372 0.1000000015
20072  -14.185  -59.081  8.739 0.1000000015
20876  -15.216  -58.132  8.473 0.1000000015
18343  -15.157  -61.215  13.248 0.1000000015
19207  -16.785  -60.594  12.564 0.1000000015
20039  -17.401  -59.616  11.650 0.1000000015
20842  -17.887  -58.758  11.527 0.1000000015
127770  -18.468  -57.233  10.817 0.1000000015
23259  -18.650  -55.819  10.132 0.1000000015
24137  -19.370  -54.486  9.573 0.1000000015
24143  -18.535  -54.469  7.910 0.1000000015
21650  -16.150  -57.230  8.193 0.1000000015
17579  -13.737  -62.572  14.755 0.2000000030
127767  -14.467  -61.451  13.689 0.2000000030
23260  -19.174  -55.109  10.444 0.1000000015
25963  -20.573  -52.360  9.035 0.1000000015
24144  -19.104  -54.133  8.391 0.1000000015
25032  -18.697  -53.813  7.323 0.1000000015
23278  -17.976  -55.336  7.563 0.1000000015
20843  -18.564  -58.229  12.029 0.1000000015
18329  -14.832  -61.426  14.657 0.2000000030
112038  -15.901  -60.720  13.759 0.1000000015
19188  -16.631  -60.496  13.390 0.1000000015
17580  -14.444  -62.101  15.187 0.2000000030
25026  -20.430  -53.169  9.494 0.1000000015
19208  -17.433  -60.078  12.491 0.1000000015
21610  -18.798  -57.462  11.598 0.1000000015
22417  -18.904  -56.559  11.086 0.1000000015
18325  -15.336  -60.804  15.055 0.1000000015
19176  -15.849  -60.397  14.559 0.1000000015
18313  -11.827  -61.747  17.628 0.2000000030
24160  -18.289  -54.911  7.010 0.1000000015
20011  -17.741  -59.668  13.292 0.1000000015
18324  -14.865  -61.452  15.666 0.2000000030
19167  -14.153  -61.231  17.112 0.2000000030
19172  -15.185  -60.521  15.847 0.1000000015
113402  -10.425  -60.836  17.670 0.2000000030
19177  -16.482  -60.154  14.179 0.1000000015
114394  -11.731  -60.348  17.434 0.2000000030
31020  -17.879  -46.120  24.815 0.1000000015
31917  -17.142  -45.775  25.300 0.1000000015
31933  -18.195  -45.769  23.845 0.1000000015
31940  -18.336  -45.612  22.913 0.1000000015
31939  -17.895  -45.271  22.244 0.1000000015
31037  -18.749  -45.777  22.193 0.1000000015
32837  -17.263  -44.769  22.113 0.1000000015
31944  -18.373  -45.289  21.516 0.1000000015
31044  -19.700  -46.037  21.485 0.1000000015
32886  -18.497  -44.427  15.245 0.2000000030
34529  -19.298  -42.492  16.926 0.2000000030
33745  -18.758  -43.104  16.143 0.2000000030
33763  -18.408  -43.614  15.329 0.2000000030
34546  -18.387  -42.933  15.476 0.2000000030
33762  -17.850  -43.158  14.467 0.2000000030
32885  -17.835  -44.116  14.510 0.2000000030
1589  -16.008  -88.607  31.049 0.3000000119
119691  -15.643  -90.104  29.434 0.3000000119
1264  -15.586  -89.754  30.323 0.3000000119
5490  -7.272  -80.567  40.595 0.3000000119
5496  -6.610  -81.079  40.340 0.3000000119
6026  -8.817  -79.400  41.501 0.3000000119
7634  -8.554  -76.845  43.201 0.3000000119
8140  -7.818  -75.750  43.238 0.3000000119
5474  -6.666  -80.300  42.301 0.3000000119
7089  -7.979  -77.261  44.647 0.3000000119
7090  -8.531  -77.559  43.699 0.3000000119
6566  -8.033  -78.773  44.125 0.3000000119
19057  -22.200  -60.166  24.885 0.3000000119
917  -15.520  -90.396  31.287 0.3000000119
1296  -20.807  -89.876  28.097 0.3000000119
457  -17.688  -93.377  26.148 0.3000000119
456  -16.897  -93.499  26.864 0.3000000119
298  -15.530  -93.904  29.582 0.3000000119
458  -18.576  -92.636  26.600 0.3000000119
123750  -19.389  -92.410  26.477 0.3000000119
18906  -15.027  -59.836  33.765 0.2000000030
19161  -13.250  -61.103  17.474 0.2000000030
31012  -17.528  -46.489  25.603 0.1000000015
31028  -18.825  -46.093  23.153 0.1000000015
31945  -19.060  -45.660  21.476 0.1000000015
236  -9.736  -95.030  11.619 0.1000000015
33764  -18.943  -43.884  15.964 0.2000000030
688  -19.742  -91.643  26.779 0.3000000119
968  -19.747  -91.403  27.752 0.3000000119
459  -19.257  -92.289  27.116 0.3000000119
674  -19.610  -91.010  28.646 0.3000000119
957  -20.249  -90.539  29.654 0.3000000119
670  -16.590  -91.949  27.769 0.3000000119
672  -18.438  -91.194  28.293 0.3000000119
450  -15.826  -93.475  29.443 0.3000000119
663  -15.769  -92.333  28.972 0.3000000119
6560  -7.795  -78.258  45.043 0.2000000030
6553  -7.247  -78.058  45.947 0.2000000030
8131  -7.079  -74.199  44.321 0.3000000119
6019  -8.383  -79.292  42.430 0.3000000119
9767  -8.383  -72.591  42.267 0.3000000119
9766  -8.027  -72.594  41.810 0.3000000119
31932  -17.708  -45.292  23.251 0.1000000015
1288  -22.065  -89.731  28.990 0.2000000030
958  -21.432  -90.447  29.953 0.2000000030
945  -23.491  -90.462  30.044 0.2000000030
933  -23.987  -90.200  30.984 0.1000000015
942  -20.914  -90.441  30.625 0.2000000030
944  -22.649  -90.519  30.617 0.2000000030
930  -21.425  -90.399  31.322 0.2000000030
2821  -14.416  -85.181  37.324 0.2000000030
2805  -14.133  -85.212  38.447 0.2000000030
110745  -16.185  -87.364  37.023 0.2000000030
1213  -17.480  -88.806  38.458 0.2000000030
1916  -17.888  -87.714  39.068 0.2000000030
111861  -14.562  -84.607  40.050 0.2000000030
3339  -14.464  -84.517  38.998 0.2000000030
3350  -14.518  -84.427  37.870 0.2000000030
3365  -14.826  -84.305  37.015 0.2000000030
2796  -13.772  -85.650  40.142 0.2000000030
118619  -16.718  -88.442  37.898 0.2000000030
2349  -17.956  -86.905  39.185 0.2000000030
1917  -18.155  -87.535  39.064 0.2000000030
2334  -13.367  -85.929  41.541 0.2000000030
2784  -13.706  -85.865  41.872 0.2000000030
2785  -14.259  -85.496  41.385 0.2000000030
2790  -13.940  -85.838  41.033 0.2000000030
2791  -14.274  -85.375  40.561 0.2000000030
3330  -14.577  -84.707  40.951 0.2000000030
3903  -14.679  -83.700  39.435 0.2000000030
3912  -14.673  -83.718  38.405 0.2000000030
4467  -14.937  -83.066  37.808 0.2000000030
4497  -15.743  -82.966  36.920 0.2000000030
105984  -13.360  -85.957  42.668 0.1000000015
3319  -14.304  -84.746  42.373 0.1000000015
2332  -12.934  -86.195  42.540 0.2000000030
3882  -14.569  -83.786  41.402 0.2000000030
3893  -14.685  -83.567  40.480 0.2000000030
2335  -12.790  -85.860  40.967 0.2000000030
4445  -14.774  -82.692  39.769 0.2000000030
4468  -15.165  -82.252  38.164 0.2000000030
4995  -15.727  -81.908  37.736 0.2000000030
3322  -11.624  -85.199  41.342 0.2000000030
1906  -11.854  -86.804  43.780 0.2000000030
125602  -12.909  -86.236  43.014 0.1000000015
2779  -13.636  -85.633  43.096 0.1000000015
1909  -12.141  -86.680  42.951 0.2000000030
3318  -14.092  -85.047  42.851 0.1000000015
3866  -14.344  -83.911  42.165 0.1000000015
2333  -12.479  -86.265  41.984 0.2000000030
116253  -14.445  -82.865  41.982 0.1000000015
4431  -14.678  -82.703  41.203 0.1000000015
113648  -14.790  -82.489  40.535 0.1000000015
2781  -11.652  -86.057  41.857 0.2000000030
4941  -14.848  -81.973  41.819 0.1000000015
107392  -14.978  -81.783  40.169 0.2000000030
5499  -15.818  -80.829  40.036 0.1000000015
5505  -15.677  -80.970  39.100 0.2000000030
4980  -16.093  -81.273  38.188 0.2000000030
2320  -10.639  -86.999  44.852 0.1000000015
108466  -12.311  -86.251  45.585 0.1000000015
120760  -10.906  -87.191  44.130 0.2000000030
1900  -11.943  -86.806  44.157 0.1000000015
2776  -13.292  -85.727  44.002 0.1000000015
114241  -11.281  -86.943  43.727 0.2000000030
127041  -13.781  -83.951  43.548 0.1000000015
123764  -10.303  -87.028  43.680 0.2000000030
1908  -11.616  -86.603  42.660 0.2000000030
4402  -14.304  -82.330  43.409 0.1000000015
2780  -10.886  -86.189  42.541 0.2000000030
4915  -15.088  -81.744  43.311 0.1000000015
4914  -14.586  -82.145  42.615 0.1000000015
4942  -15.484  -81.458  41.511 0.1000000015
120836  -15.497  -81.211  40.616 0.1000000015
3317  -11.200  -85.103  42.039 0.2000000030
2315  -10.873  -86.485  45.794 0.1000000015
3837  -13.397  -83.942  44.986 0.1000000015
3299  -13.395  -84.810  44.547 0.1000000015
3847  -13.646  -83.723  44.201 0.1000000015
2327  -9.164  -86.979  44.090 0.2000000030
111559  -14.065  -82.657  44.198 0.1000000015
2775  -8.678  -86.423  44.212 0.2000000030
2778  -9.888  -85.675  43.168 0.2000000030
3316  -10.583  -85.075  42.663 0.2000000030
3308  -10.054  -84.469  43.289 0.2000000030
3845  -9.622  -83.696  43.730 0.2000000030
3838  -13.845  -83.075  45.095 0.1000000015
4384  -14.620  -82.350  44.904 0.1000000015
3307  -9.162  -85.143  43.795 0.2000000030
3836  -8.804  -83.788  44.285 0.1000000015
3297  -7.203  -85.433  45.330 0.1000000015
4381  -7.449  -82.778  44.603 0.1000000015
6800  -27.455  -78.531  15.459 0.1000000015
6799  -26.624  -78.662  15.291 0.1000000015
6819  -27.094  -78.472  13.705 0.1000000015
6790  -28.657  -78.671  16.363 0.1000000015
6779  -27.901  -78.832  17.128 0.1000000015
6780  -28.779  -78.851  17.211 0.1000000015
6810  -27.309  -78.446  14.619 0.1000000015
6841  -27.838  -78.838  12.062 0.1000000015
6828  -27.436  -78.646  12.829 0.1000000015
4365  -4.516  -82.029  45.724 0.1000000015
4894  -4.360  -81.347  45.216 0.1000000015
4891  -4.487  -81.312  46.123 0.1000000015
122254  -15.144  -76.437  2.290 0.1000000015
5979  -4.885  -80.410  47.131 0.1000000015
5452  -4.444  -80.770  45.352 0.1000000015
4901  -4.285  -81.053  44.519 0.2000000030
7979  -15.801  -77.017  3.259 0.1000000015
7991  -16.647  -76.373  1.546 0.1000000015
4911  -4.345  -81.315  43.744 0.2000000030
117578  -5.519  -80.652  42.610 0.2000000030
7477  -16.879  -77.017  2.448 0.1000000015
7478  -17.485  -77.057  1.914 0.1000000015
5448  -4.815  -80.301  45.665 0.1000000015
5980  -5.141  -79.933  47.442 0.1000000015
6003  -5.200  -80.039  45.259 0.1000000015
107301  -4.463  -80.772  44.027 0.2000000030
5998  -5.317  -79.866  46.160 0.1000000015
5999  -6.132  -79.563  45.827 0.1000000015
6010  -5.215  -80.296  44.335 0.2000000030
6011  -6.352  -79.988  44.105 0.2000000030
6018  -7.463  -79.732  42.814 0.2000000030
123981  -18.431  -77.595  2.325 0.1000000015
8004  -19.557  -76.525  0.668 0.1000000015
7497  -18.980  -77.268  1.375 0.1000000015
7479  -19.432  -77.900  2.223 0.1000000015
6544  -6.897  -78.161  46.671 0.1000000015
6552  -6.738  -78.885  46.143 0.1000000015
6013  -8.174  -79.094  43.269 0.2000000030
7480  -20.383  -78.011  2.232 0.1000000015
6948  -20.857  -78.339  2.950 0.1000000015
6932  -21.312  -78.478  3.670 0.1000000015
7498  -19.962  -77.407  1.455 0.1000000015
8005  -20.582  -76.572  0.757 0.1000000015
7481  -21.302  -77.989  2.227 0.1000000015
6949  -21.774  -78.332  2.895 0.1000000015
116528  -22.333  -78.479  3.696 0.1000000015
6950  -22.682  -78.218  2.786 0.1000000015
7452  -24.599  -78.344  4.494 0.1000000015
6933  -23.260  -78.355  3.411 0.1000000015
7435  -24.894  -78.079  5.352 0.1000000015
18178  -9.960  -61.066  26.021 0.3000000119
19022  -10.919  -61.128  25.920 0.3000000119
18193  -10.669  -62.024  25.490 0.3000000119
17435  -8.224  -62.056  27.695 0.3000000119
18177  -9.465  -61.639  26.517 0.3000000119
16706  -10.509  -63.046  25.551 0.3000000119
17477  -11.257  -62.484  24.835 0.3000000119
17421  -8.557  -62.773  28.108 0.3000000119
16683  -10.132  -62.872  26.374 0.3000000119
16636  -8.920  -63.141  28.582 0.2000000030
16658  -9.463  -62.902  27.955 0.3000000119
18999  -10.503  -60.246  26.514 0.3000000119
19000  -11.261  -60.368  26.450 0.3000000119
18176  -8.775  -60.881  26.866 0.3000000119
18211  -11.424  -61.868  25.084 0.3000000119
124282  -11.873  -62.283  24.282 0.3000000119
18213  -12.474  -61.624  22.831 0.3000000119
17509  -13.432  -62.440  22.459 0.3000000119
17510  -14.411  -62.345  22.412 0.3000000119
121193  -15.522  -63.521  24.041 0.3000000119
17493  -16.073  -63.123  23.294 0.3000000119
16731  -16.261  -63.408  24.481 0.3000000119
19048  -12.582  -61.343  23.665 0.3000000119
19049  -12.993  -60.905  22.818 0.3000000119
18234  -13.886  -61.343  22.101 0.3000000119
8700  -11.424  -74.999  42.650 0.2000000030
8699  -10.418  -74.547  42.893 0.2000000030
8715  -10.860  -74.546  41.957 0.2000000030
2358  -17.342  -86.166  38.060 0.2000000030
19047  -12.114  -61.770  24.451 0.3000000119
17508  -12.349  -62.214  22.725 0.3000000119
2325  -12.382  -86.590  43.947 0.1000000015
2326  -12.742  -86.272  44.375 0.1000000015
2773  -13.027  -85.737  44.951 0.1000000015
5455  -4.612  -80.499  44.807 0.1000000015
17475  -10.087  -62.230  25.917 0.3000000119
17436  -9.106  -62.570  27.423 0.3000000119
17454  -9.783  -62.457  26.658 0.3000000119
16659  -10.323  -62.898  27.342 0.2000000030
17492  -11.980  -62.691  23.334 0.3000000119
730  -5.520  -91.742  19.768 0.1000000015
1029  -5.398  -91.510  20.440 0.1000000015
17495  -18.283  -62.108  24.427 0.2000000030
106190  -18.980  -61.273  24.172 0.2000000030
18194  -19.587  -61.163  25.221 0.2000000030
17479  -18.819  -61.792  25.494 0.2000000030
18179  -19.428  -61.762  26.142 0.2000000030
18180  -20.296  -61.345  25.773 0.2000000030
17460  -20.170  -62.255  26.377 0.2000000030
16685  -12.113  -63.312  25.956 0.2000000030
109331  -12.924  -63.461  25.709 0.2000000030
16728  -12.718  -63.115  23.182 0.2000000030
16686  -13.594  -63.523  26.531 0.2000000030
16710  -14.575  -63.679  25.298 0.1000000015
17478  -17.035  -63.045  25.033 0.2000000030
19032  -20.827  -60.668  25.237 0.2000000030
18195  -21.269  -61.433  25.564 0.2000000030
113164  -21.427  -62.710  25.718 0.2000000030
17481  -21.767  -62.144  25.498 0.2000000030
15935  -20.912  -64.059  25.761 0.2000000030
16713  -20.846  -63.062  26.239 0.2000000030
19033  -21.664  -60.780  25.152 0.2000000030
18196  -22.134  -61.511  25.235 0.2000000030
112315  -22.565  -62.172  24.892 0.1000000015
15951  -21.260  -64.236  24.893 0.1000000015
16714  -21.450  -63.435  25.442 0.1000000015
16732  -22.421  -62.843  24.318 0.1000000015
19034  -22.393  -60.951  24.972 0.2000000030
18216  -22.820  -61.451  24.816 0.2000000030
17497  -22.882  -62.281  24.049 0.2000000030
116522  -23.017  -61.800  24.445 0.2000000030
116926  -21.448  -64.457  24.150 0.1000000015
15963  -21.844  -64.313  23.346 0.1000000015
16747  -22.460  -63.330  23.509 0.1000000015
127854  -22.640  -62.772  23.784 0.1000000015
18217  -23.230  -61.253  24.282 0.2000000030
17526  -22.783  -63.098  22.768 0.1000000015
17527  -23.079  -62.367  22.436 0.1000000015
17515  -23.160  -61.926  23.350 0.1000000015
18239  -23.492  -61.112  23.539 0.1000000015
17514  -22.844  -62.636  23.317 0.1000000015
112523  -23.048  -59.962  24.450 0.2000000030
16764  -22.350  -63.909  21.659 0.1000000015
112141  -22.824  -63.220  21.944 0.1000000015
18253  -23.434  -61.469  22.666 0.1000000015
19875  -23.496  -59.789  23.953 0.2000000030
16775  -22.569  -63.300  20.863 0.1000000015
106662  -23.603  -61.022  22.116 0.1000000015
19094  -23.725  -60.698  22.759 0.1000000015
110097  -22.793  -62.462  20.359 0.1000000015
18267  -23.340  -61.642  21.659 0.1000000015
19080  -23.959  -60.068  22.592 0.2000000030
19079  -23.731  -60.133  23.355 0.2000000030
19106  -23.630  -60.872  21.391 0.1000000015
19107  -23.920  -60.432  21.999 0.2000000030
18266  -23.197  -61.957  20.799 0.1000000015
19895  -23.742  -59.269  23.564 0.2000000030
20727  -24.274  -58.804  22.266 0.2000000030
19912  -24.011  -59.431  22.811 0.2000000030
19927  -24.252  -59.642  21.889 0.2000000030
18282  -23.345  -61.278  20.671 0.1000000015
19134  -23.187  -60.152  19.794 0.1000000015
19941  -23.749  -59.843  20.381 0.2000000030
20742  -24.401  -58.938  21.506 0.2000000030
19121  -23.531  -60.576  20.502 0.1000000015
19926  -24.298  -59.407  20.960 0.2000000030
20764  -22.473  -58.975  19.079 0.1000000015
19133  -21.535  -60.490  18.945 0.1000000015
108738  -22.415  -60.346  19.299 0.1000000015
19971  -21.188  -59.188  18.658 0.1000000015
20778  -20.879  -58.555  18.623 0.1000000015
124400  -21.322  -58.063  18.692 0.1000000015
21555  -20.665  -57.814  18.619 0.1000000015
119334  -21.371  -57.421  18.658 0.1000000015
118483  -23.853  -59.037  20.295 0.1000000015
20779  -21.769  -58.650  18.764 0.1000000015
19953  -21.888  -59.610  18.880 0.1000000015
116023  -19.260  -57.841  18.362 0.1000000015
109694  -18.472  -57.706  18.163 0.1000000015
17494  -16.966  -62.984  23.929 0.2000000030
19058  -22.945  -60.742  24.652 0.2000000030
106774  -11.194  -63.233  25.059 0.2000000030
16684  -11.267  -63.212  26.188 0.2000000030
16727  -11.533  -63.042  24.169 0.2000000030
16729  -13.971  -63.241  23.290 0.2000000030
16730  -14.733  -63.568  24.223 0.2000000030
122232  -12.138  -63.147  23.905 0.2000000030
17480  -20.972  -62.141  25.962 0.2000000030
16708  -12.108  -63.284  24.871 0.2000000030
107154  -12.855  -63.356  26.614 0.2000000030
16709  -13.723  -63.579  25.507 0.1000000015
119685  -12.913  -63.444  24.581 0.2000000030
108879  -13.785  -63.498  24.355 0.2000000030
16687  -14.398  -63.685  26.324 0.1000000015
17496  -21.980  -62.823  25.142 0.1000000015
16746  -21.905  -63.667  24.433 0.1000000015
17498  -23.202  -61.686  23.970 0.1000000015
19059  -23.414  -60.527  24.056 0.2000000030
15978  -22.431  -63.771  22.588 0.1000000015
17532  -23.078  -62.537  21.341 0.1000000015
108381  -24.042  -60.186  21.167 0.1000000015
20777  -19.930  -58.384  18.551 0.1000000015
20776  -18.839  -58.580  18.377 0.1000000015
2323  -8.649  -86.886  44.580 0.1000000015
1897  -10.034  -87.306  43.987 0.1000000015
3926  -16.327  -82.986  36.818 0.1000000015
2822  -17.053  -85.037  37.094 0.1000000015
111679  -9.717  -86.874  45.370 0.1000000015
2313  -7.906  -86.801  45.693 0.1000000015
108814  -8.791  -87.073  45.195 0.1000000015
2319  -9.596  -87.196  44.474 0.1000000015
2318  -8.662  -87.031  44.844 0.1000000015
4482  -16.043  -82.380  37.170 0.1000000015
2341  -18.202  -86.590  39.316 0.1000000015
119869  -19.622  -86.117  38.774 0.1000000015
2342  -18.404  -86.600  39.229 0.1000000015
2359  -18.896  -87.222  37.833 0.1000000015
5507  -17.279  -80.858  38.493 0.1000000015
4983  -18.421  -81.329  38.275 0.1000000015
119257  -17.263  -81.683  37.632 0.1000000015
4998  -18.884  -81.767  37.870 0.1000000015
3928  -19.592  -83.494  37.635 0.1000000015
3367  -17.589  -84.308  37.545 0.1000000015
3369  -18.820  -84.496  38.189 0.1000000015
920  -22.634  -90.048  31.992 0.1000000015
3368  -18.150  -84.890  38.466 0.1000000015
3370  -20.007  -84.719  38.087 0.1000000015
2808  -20.385  -85.955  38.329 0.1000000015
2352  -20.875  -85.992  37.955 0.1000000015
2351  -20.044  -86.249  38.392 0.1000000015
123487  -20.198  -86.372  37.697 0.1000000015
1924  -18.659  -87.101  38.818 0.1000000015
110330  -19.443  -86.668  37.519 0.1000000015
3430  -17.192  -84.166  31.583 0.1000000015
3419  -16.873  -84.831  31.860 0.1000000015
3420  -17.311  -84.436  32.514 0.1000000015
4984  -19.238  -81.466  38.439 0.1000000015
4486  -20.145  -82.581  37.639 0.1000000015
4487  -21.048  -82.730  37.658 0.1000000015
3929  -20.591  -83.617  37.597 0.1000000015
1605  -20.584  -89.463  31.296 0.1000000015
1253  -21.575  -89.921  31.939 0.1000000015
2809  -21.253  -85.702  37.827 0.1000000015
1973  -20.275  -88.748  30.656 0.1000000015
1606  -21.476  -88.924  31.620 0.1000000015
2362  -21.951  -85.850  37.477 0.1000000015
1974  -20.993  -88.412  30.771 0.1000000015
2363  -22.875  -86.133  37.186 0.1000000015
2390  -21.357  -85.992  36.597 0.1000000015
3449  -16.840  -84.940  30.454 0.1000000015
2378  -19.789  -86.192  36.816 0.1000000015
2845  -20.862  -85.608  35.774 0.1000000015
2860  -21.197  -85.208  35.021 0.1000000015
2377  -18.889  -86.606  36.796 0.1000000015
2389  -20.520  -85.919  36.436 0.1000000015
2844  -19.841  -85.617  35.869 0.1000000015
3396  -21.470  -84.871  34.215 0.1000000015
3979  -18.313  -83.391  31.528 0.1000000015
2859  -19.462  -85.049  35.093 0.1000000015
3395  -20.010  -84.738  34.443 0.1000000015
3970  -17.766  -83.724  32.039 0.1000000015
2843  -18.835  -85.523  35.540 0.1000000015
2858  -18.673  -85.020  34.898 0.1000000015
3394  -19.034  -84.600  34.410 0.1000000015
3409  -18.513  -84.293  33.633 0.1000000015
4985  -20.083  -81.547  38.523 0.1000000015
108824  -22.093  -82.225  38.398 0.1000000015
4470  -21.367  -82.125  38.123 0.1000000015
4488  -21.888  -82.860  37.772 0.1000000015
3913  -23.247  -84.080  37.872 0.1000000015
3356  -23.131  -85.260  37.674 0.1000000015
2824  -23.079  -85.770  37.474 0.1000000015
2381  -22.788  -86.267  36.963 0.1000000015
2847  -22.589  -85.683  35.989 0.1000000015
3440  -17.139  -84.111  30.623 0.1000000015
2861  -22.604  -85.225  35.084 0.1000000015
118679  -21.846  -85.151  34.791 0.1000000015
3397  -22.251  -84.825  34.139 0.1000000015
3411  -20.730  -84.609  33.640 0.1000000015
3423  -20.069  -84.205  32.835 0.1000000015
3971  -18.536  -83.644  32.257 0.1000000015
3410  -19.544  -84.349  33.674 0.1000000015
3422  -18.973  -83.915  32.985 0.1000000015
4472  -23.434  -82.964  38.525 0.1000000015
3340  -25.370  -84.680  38.734 0.1000000015
3915  -24.664  -84.724  38.376 0.1000000015
3914  -24.126  -83.855  38.422 0.1000000015
3358  -25.139  -85.424  38.197 0.1000000015
2811  -23.796  -85.504  37.651 0.1000000015
2365  -24.380  -85.908  37.431 0.1000000015
2392  -23.833  -86.013  36.515 0.1000000015
2848  -23.341  -85.586  35.855 0.1000000015
3412  -21.818  -84.585  33.396 0.1000000015
112796  -25.969  -85.559  37.479 0.1000000015
2366  -25.065  -85.866  37.192 0.1000000015
2837  -25.681  -85.493  36.782 0.1000000015
2836  -24.914  -85.776  36.629 0.1000000015
3387  -25.114  -84.771  35.717 0.1000000015
117035  -19.023  -83.461  31.715 0.1000000015
2862  -23.603  -84.996  35.112 0.1000000015
3973  -20.489  -83.937  32.052 0.1000000015
3413  -22.738  -84.342  33.462 0.1000000015
8132  -10.798  -75.067  43.968 0.1000000015
8688  -11.401  -75.019  43.453 0.1000000015
8701  -12.233  -74.851  42.163 0.1000000015
13129  -21.026  -68.642  5.522 0.1000000015
9241  -12.719  -74.060  42.755 0.1000000015
8716  -11.785  -74.994  41.511 0.1000000015
8717  -12.357  -74.840  41.258 0.1000000015
8162  -12.089  -75.055  40.977 0.1000000015
8718  -13.013  -74.477  40.812 0.1000000015
12298  -18.964  -69.724  7.191 0.1000000015
121797  -13.138  -73.596  42.030 0.1000000015
8732  -11.183  -74.530  41.007 0.1000000015
115731  -11.929  -74.903  40.031 0.1000000015
8735  -13.016  -74.552  40.060 0.1000000015
9270  -13.766  -73.922  40.171 0.1000000015
9285  -13.186  -74.244  39.277 0.1000000015
12282  -19.697  -68.976  7.183 0.1000000015
13107  -19.782  -68.214  7.570 0.1000000015
12281  -18.732  -69.257  8.260 0.1000000015
13105  -17.526  -68.701  9.483 0.1000000015
124616  -10.828  -73.940  40.460 0.1000000015
13106  -19.225  -68.572  8.499 0.1000000015
13904  -19.758  -67.441  7.765 0.1000000015
13094  -19.110  -68.018  9.251 0.1000000015
14653  -19.533  -66.636  7.991 0.1000000015
9269  -11.433  -74.501  40.167 0.1000000015
8761  -11.771  -73.715  38.753 0.1000000015
9825  -12.129  -73.081  37.979 0.1000000015
9297  -14.283  -73.292  38.802 0.1000000015
8762  -12.361  -74.296  39.053 0.1000000015
9295  -12.722  -73.781  38.511 0.1000000015
9314  -13.190  -73.154  37.771 0.1000000015
16127  -16.944  -64.225  7.043 0.1000000015
16147  -17.258  -63.860  5.992 0.1000000015
9811  -11.169  -73.011  38.829 0.1000000015
9845  -13.865  -72.622  37.373 0.1000000015
9844  -13.087  -72.432  37.072 0.1000000015
23251  -21.852  -55.858  10.961 0.1000000015
17672  -17.231  -62.492  5.947 0.1000000015
120213  -17.817  -61.345  7.884 0.1000000015
17662  -17.562  -62.202  7.145 0.1000000015
15415  -18.605  -65.243  6.884 0.1000000015
15402  -18.455  -65.339  8.395 0.1000000015
125120  -12.540  -72.602  37.404 0.1000000015
23252  -22.503  -55.403  11.494 0.1000000015
20871  -19.856  -57.864  9.744 0.1000000015
21625  -20.477  -57.531  10.329 0.1000000015
20064  -18.496  -59.748  8.727 0.1000000015
20065  -18.943  -59.200  9.582 0.1000000015
23262  -22.192  -55.156  10.581 0.1000000015
16587  -19.579  -63.542  32.291 0.1000000015
24129  -23.412  -53.885  10.977 0.1000000015
120936  -21.253  -56.326  10.354 0.1000000015
16911  -16.276  -63.778  6.326 0.1000000015
17680  -16.964  -63.218  5.721 0.1000000015
19260  -18.150  -60.429  7.994 0.1000000015
21642  -20.289  -57.134  9.495 0.1000000015
16886  -16.119  -63.634  9.323 0.1000000015
18413  -17.604  -61.332  6.044 0.1000000015
127983  -16.727  -63.889  12.148 0.1000000015
117638  -19.075  -63.070  31.852 0.1000000015
17390  -19.867  -62.072  31.610 0.1000000015
18128  -21.660  -61.487  32.047 0.1000000015
17377  -19.738  -62.758  31.858 0.1000000015
17389  -18.996  -62.124  31.619 0.1000000015
18140  -20.508  -61.662  31.618 0.1000000015
25018  -23.921  -53.179  10.934 0.1000000015
20870  -19.256  -58.368  9.201 0.1000000015
16873  -15.690  -63.279  10.124 0.1000000015
16885  -15.334  -63.247  9.076 0.1000000015
16857  -15.547  -63.340  11.155 0.1000000015
18139  -19.718  -61.379  31.475 0.1000000015
18141  -21.182  -61.254  31.641 0.1000000015
18126  -17.970  -62.007  31.919 0.1000000015
18138  -18.892  -61.003  31.531 0.1000000015
24128  -22.485  -54.493  10.126 0.1000000015
119191  -23.007  -54.081  10.383 0.1000000015
26847  -24.823  -51.937  11.003 0.1000000015
106111  -21.246  -55.726  9.614 0.1000000015
20074  -18.662  -59.117  7.799 0.1000000015
21641  -19.524  -57.449  8.532 0.1000000015
22442  -20.735  -56.406  9.521 0.1000000015
107031  -17.422  -61.252  5.747 0.1000000015
21651  -20.183  -56.591  8.693 0.1000000015
19276  -17.933  -60.483  5.216 0.1000000015
20887  -18.604  -58.545  6.983 0.1000000015
20888  -18.907  -57.696  7.406 0.1000000015
16897  -15.022  -63.372  7.935 0.1000000015
18423  -17.013  -61.771  5.712 0.1000000015
19275  -17.936  -60.428  5.324 0.1000000015
20896  -18.215  -58.928  5.747 0.1000000015
128395  -19.278  -57.198  7.578 0.1000000015
19274  -16.400  -61.523  6.065 0.1000000015
20091  -17.991  -59.784  5.322 0.1000000015
18412  -15.297  -61.712  6.785 0.1000000015
19267  -17.025  -60.383  5.916 0.1000000015
18942  -21.834  -59.979  31.508 0.1000000015
25017  -23.351  -53.533  10.238 0.1000000015
26854  -24.888  -51.331  10.657 0.1000000015
23273  -21.807  -55.000  9.690 0.1000000015
25028  -23.196  -53.276  9.517 0.1000000015
26853  -24.481  -51.738  10.271 0.1000000015
121580  -21.343  -55.277  9.036 0.1000000015
24138  -22.300  -54.335  9.300 0.1000000015
22443  -20.740  -55.807  8.743 0.1000000015
22454  -20.225  -56.135  8.026 0.1000000015
126454  -14.318  -62.861  8.070 0.1000000015
108841  -13.904  -62.558  7.931 0.1000000015
18421  -15.017  -62.570  6.586 0.1000000015
18411  -14.391  -61.973  7.293 0.1000000015
20895  -18.087  -59.023  5.542 0.1000000015
118805  -15.733  -60.703  7.012 0.1000000015
120065  -22.768  -58.578  31.309 0.1000000015
128210  -21.383  -58.527  30.894 0.1000000015
20669  -21.266  -57.784  30.819 0.1000000015
25966  -24.034  -52.179  9.939 0.1000000015
24146  -22.075  -54.124  8.514 0.1000000015
23281  -21.150  -55.137  8.294 0.1000000015
106593  -13.725  -63.115  11.602 0.1000000015
124433  -13.150  -62.565  10.093 0.1000000015
23280  -20.545  -55.565  7.773 0.1000000015
17633  -14.034  -62.668  9.600 0.1000000015
17660  -13.061  -62.430  8.281 0.1000000015
21663  -19.064  -57.113  6.817 0.1000000015
108096  -13.630  -62.111  7.612 0.1000000015
22263  -23.179  -56.660  31.230 0.1000000015
20668  -20.322  -57.503  31.086 0.1000000015
110749  -12.329  -62.273  8.632 0.1000000015
18410  -12.914  -61.909  7.825 0.1000000015
19258  -12.994  -61.047  8.307 0.1000000015
19266  -14.700  -61.054  7.669 0.1000000015
22262  -22.240  -56.676  30.954 0.1000000015
121945  -21.160  -56.146  31.138 0.1000000015
111337  -8.100  -63.712  29.662 0.1000000015
115011  -9.596  -63.301  28.824 0.1000000015
16660  -11.261  -63.060  27.223 0.1000000015
16691  -19.582  -63.410  27.100 0.1000000015
19982  -12.534  -60.162  17.425 0.1000000015
19983  -13.593  -60.290  17.315 0.1000000015
113855  -11.769  -59.640  17.358 0.1000000015
19993  -12.982  -59.281  17.256 0.1000000015
20788  -11.104  -58.875  17.254 0.1000000015
20789  -12.081  -58.933  17.193 0.1000000015
20800  -13.593  -58.638  16.716 0.1000000015
112520  -11.675  -58.193  16.716 0.1000000015
20799  -12.607  -58.401  16.740 0.1000000015
21575  -12.791  -57.199  15.803 0.1000000015
22374  -11.897  -56.855  16.064 0.1000000015
22392  -13.170  -56.260  14.788 0.1000000015
112348  -12.428  -55.935  15.449 0.1000000015
23203  -12.970  -55.669  14.383 0.1000000015
25890  -13.318  -52.397  14.133 0.1000000015
34515  -19.698  -43.000  17.718 0.1000000015
35287  -19.191  -41.708  16.986 0.1000000015
35286  -18.822  -41.242  16.519 0.1000000015
35303  -18.445  -41.514  15.606 0.1000000015
17679  -16.364  -63.055  5.615 0.1000000015
16910  -15.339  -63.471  6.767 0.1000000015
16921  -15.786  -63.327  5.925 0.1000000015
113288  -14.906  -62.882  9.640 0.1000000015
21569  -12.216  -57.625  16.306 0.1000000015
110964  -13.396  -49.835  14.284 0.1000000015
28576  -13.347  -49.216  13.749 0.1000000015
35990  -18.261  -40.741  15.116 0.1000000015
2903  -17.203  -85.485  29.381 0.1000000015
20660  -22.068  -58.429  30.981 0.1000000015
2213  -8.043  -88.300  7.091 0.1000000015
16619  -8.940  -63.555  29.227 0.1000000015
119746  -11.055  -73.691  39.592 0.1000000015
126703  -12.316  -59.510  17.335 0.1000000015
34528  -18.687  -42.222  16.136 0.1000000015
2823  -17.834  -85.290  38.380 0.1000000015
16637  -10.309  -63.133  28.398 0.1000000015
16711  -15.505  -63.708  25.106 0.1000000015
122103  -17.598  -62.708  24.422 0.1000000015
17458  -18.685  -62.317  26.439 0.1000000015
16692  -20.101  -63.035  26.687 0.1000000015
16661  -12.234  -63.219  27.151 0.1000000015
16662  -13.286  -63.318  27.433 0.1000000015
3353  -19.216  -85.377  38.716 0.1000000015
3371  -21.081  -84.596  37.787 0.1000000015
2361  -21.134  -86.086  37.445 0.1000000015
3930  -21.501  -83.656  37.623 0.1000000015
3372  -22.433  -84.942  37.753 0.1000000015
2364  -23.650  -86.054  37.266 0.1000000015
3357  -23.911  -84.898  37.978 0.1000000015
19268  -17.997  -60.534  6.577 0.1000000015
25959  -24.298  -52.435  10.564 0.1000000015
25950  -24.613  -52.656  11.415 0.1000000015
16909  -15.017  -63.090  6.485 0.1000000015
25965  -23.487  -52.373  9.307 0.1000000015
16620  -10.315  -63.345  29.165 0.1000000015
17459  -19.435  -62.527  26.774 0.1000000015
21570  -13.168  -57.843  16.299 0.1000000015
22384  -12.618  -56.514  15.463 0.1000000015
35276  -19.002  -41.068  17.422 0.1000000015
121120  -18.552  -40.767  16.047 0.1000000015
0  -17.134  -96.730  14.016 0.8000000119
1  -17.391  -96.683  13.973 0.6999999881
4  -17.697  -96.748  13.223 0.6999999881
7  -16.944  -96.580  12.197 0.6999999881
8  -17.013  -96.635  11.611 0.6999999881
18  -11.287  -96.663  16.348 0.3000000119
20  -17.697  -96.284  16.312 0.8000000119
21  -11.192  -96.722  15.705 0.3000000119
24  -17.731  -96.440  15.495 0.6999999881
27  -11.522  -96.813  14.996 0.3000000119
29  -17.215  -96.541  14.722 0.8000000119
34  -17.022  -96.730  13.590 0.8000000119
38  -10.570  -96.754  11.931 0.2000000030
42  -18.427  -96.562  12.937 0.8000000119
52  -19.905  -95.794  11.475 0.8000000119
59  -16.150  -96.559  10.640 0.6000000238
60  -18.574  -96.512  11.381 0.6999999881
61  -19.325  -96.147  10.957 0.6999999881
63  -10.225  -96.200  9.953 0.1000000015
65  -12.035  -95.991  8.809 0.2000000030
69  -16.367  -96.623  9.405 0.6000000238
71  -19.911  -95.868  9.132 0.4000000060
73  -11.776  -95.870  8.322 0.2000000030
75  -14.475  -96.123  8.828 0.2000000030
76  -16.158  -96.402  8.091 0.5000000000
77  -16.646  -96.528  8.524 0.5000000000
78  -17.775  -96.603  8.892 0.5000000000
84  -14.447  -95.819  7.365 0.2000000030
86  -17.723  -96.089  7.422 0.3000000119
89  -14.924  -95.785  6.713 0.1000000015
93  -13.041  -95.908  20.275 0.8000000119
94  -13.249  -96.122  19.795 0.8999999762
96  -13.492  -95.951  19.250 0.8999999762
97  -18.291  -95.321  17.863 0.6999999881
99  -12.831  -96.157  18.097 0.8000000119
101  -17.866  -96.021  17.335 0.8000000119
106  -17.904  -96.212  16.993 0.8000000119
110  -17.366  -96.203  15.985 0.8000000119
112  -18.344  -96.250  15.634 0.8000000119
116  -17.031  -96.411  15.103 0.6999999881
117  -18.800  -95.913  14.669 0.8000000119
124  -20.287  -95.351  13.116 0.8000000119
126  -9.561  -95.824  12.036 0.1000000015
134  -12.834  -95.622  11.281 0.4000000060
135  -15.513  -95.883  10.830 0.8000000119
145  -20.561  -95.619  10.878 0.6999999881
146  -21.200  -95.507  10.007 0.5000000000
149  -10.693  -95.780  8.739 0.1000000015
151  -21.758  -95.177  9.159 0.4000000060
161  -18.239  -95.558  7.226 0.2000000030
162  -18.942  -95.392  7.630 0.3000000119
168  -17.374  -95.421  6.805 0.2000000030
177  -15.428  -94.202  28.757 0.3000000119
180  -15.353  -94.403  27.737 0.4000000060
181  -13.793  -94.281  28.047 0.4000000060
183  -14.875  -94.422  27.027 0.5000000000
189  -12.026  -94.675  20.962 0.5000000000
192  -13.876  -95.635  19.766 0.8999999762
195  -14.126  -95.272  18.838 0.8000000119
197  -19.870  -94.328  18.789 0.6999999881
199  -17.766  -95.259  17.386 0.8999999762
211  -17.308  -95.207  15.696 0.8000000119
214  -13.582  -95.463  14.988 0.8000000119
219  -9.724  -95.052  13.509 0.1000000015
224  -17.351  -93.692  13.407 0.8000000119
231  -17.022  -94.091  12.735 0.8000000119
233  -23.466  -93.799  12.716 0.8000000119
234  -24.141  -93.535  12.334 0.8000000119
248  -22.701  -94.839  10.173 0.5000000000
253  -22.196  -94.732  8.720 0.4000000060
254  -23.583  -93.868  9.401 0.6000000238
261  -22.454  -94.247  8.563 0.5000000000
266  -18.102  -95.194  6.894 0.2000000030
267  -19.296  -94.912  7.581 0.3000000119
268  -20.185  -94.872  7.916 0.4000000060
283  -15.151  -92.867  34.140 0.4000000060
286  -12.943  -93.113  33.007 0.5000000000
290  -12.902  -93.235  32.036 0.5000000000
294  -15.014  -93.909  30.206 0.4000000060
300  -13.295  -93.956  28.528 0.5000000000
304  -14.096  -94.202  27.315 0.5000000000
305  -15.976  -94.320  27.417 0.5000000000
306  -16.392  -94.114  26.833 0.4000000060
308  -14.010  -93.851  26.999 0.5000000000
311  -17.244  -93.690  25.822 0.5000000000
313  -15.058  -93.630  25.975 0.5000000000
314  -15.808  -93.737  25.618 0.5000000000
315  -16.695  -93.642  25.550 0.5000000000
316  -17.743  -93.224  25.068 0.5000000000
319  -11.696  -93.471  22.496 1.0000000000
322  -9.767  -93.023  21.790 0.5000000000
323  -10.410  -93.229  22.041 0.6000000238
324  -11.457  -93.732  22.142 0.8000000119
326  -13.104  -94.408  22.053 0.8000000119
327  -9.165  -93.132  21.254 0.5000000000
331  -19.496  -93.367  20.237 0.6000000238
339  -18.648  -93.756  19.596 0.6999999881
342  -20.652  -93.424  19.789 0.6000000238
345  -18.726  -94.189  19.215 0.6999999881
348  -14.435  -94.759  17.866 0.8000000119
349  -18.165  -94.593  18.114 0.6999999881
351  -21.263  -93.275  18.036 0.5000000000
355  -20.538  -93.731  16.352 0.8000000119
365  -14.633  -93.595  14.159 0.8000000119
371  -17.424  -92.854  13.367 0.8000000119
372  -20.068  -93.560  13.837 0.8000000119
381  -17.174  -93.206  12.856 0.8000000119
386  -14.826  -94.063  11.599 0.8000000119
387  -24.741  -93.273  11.705 0.8000000119
397  -18.192  -93.392  9.394 0.3000000119
400  -21.622  -93.528  8.855 0.3000000119
407  -16.949  -93.435  8.600 0.2000000030
410  -20.569  -93.995  8.309 0.4000000060
417  -18.172  -94.673  7.170 0.2000000030
432  -13.748  -92.365  35.473 0.5000000000
434  -16.312  -92.463  35.468 0.4000000060
435  -12.498  -92.303  34.835 0.5000000000
436  -14.552  -92.693  34.813 0.5000000000
440  -15.890  -92.800  33.737 0.4000000060
442  -12.585  -92.778  32.276 0.5000000000
446  -16.039  -93.029  31.577 0.3000000119
449  -12.589  -92.849  29.439 0.5000000000
453  -16.491  -93.109  27.645 0.3000000119
454  -13.033  -93.066  27.930 0.5000000000
460  -14.263  -93.256  26.615 0.4000000060
462  -19.142  -92.579  26.491 0.3000000119
466  -18.278  -93.101  25.424 0.4000000060
467  -18.993  -92.817  25.949 0.4000000060
469  -17.018  -92.651  24.540 0.5000000000
470  -17.492  -92.779  24.579 0.5000000000
472  -10.042  -92.736  22.206 0.6999999881
473  -10.435  -92.819  22.492 0.8999999762
475  -11.943  -92.976  22.747 1.0000000000
477  -9.532  -92.717  21.720 0.5000000000
482  -22.351  -92.175  21.303 0.4000000060
483  -23.340  -91.657  20.986 0.4000000060
484  -6.217  -92.244  19.636 0.1000000015
489  -20.368  -93.061  20.816 0.6000000238
490  -21.083  -92.798  21.058 0.6000000238
494  -7.644  -93.285  19.667 0.1000000015
503  -22.413  -92.249  20.085 0.5000000000
512  -15.260  -92.631  17.933 0.8000000119
524  -15.089  -93.090  16.542 0.8000000119
539  -17.910  -91.637  14.636 0.8000000119
543  -15.091  -93.040  13.520 0.8000000119
549  -23.094  -93.205  13.361 0.8000000119
552  -25.355  -92.131  13.131 0.6999999881
554  -16.087  -92.744  12.806 0.6999999881
555  -16.614  -92.839  12.710 0.8000000119
568  -19.543  -92.148  10.740 0.4000000060
572  -23.519  -92.470  9.582 0.5000000000
574  -26.912  -92.208  11.005 0.6000000238
575  -27.484  -91.802  10.971 0.6999999881
587  -27.340  -91.832  10.377 0.6000000238
610  -23.579  -92.330  3.646 0.6999999881
616  -20.452  -92.445  2.979 0.6999999881
617  -20.969  -92.524  3.263 0.6999999881
623  -21.209  -92.619  2.686 0.6999999881
624  -22.155  -92.535  2.660 0.6999999881
626  -20.900  -92.806  1.972 0.6999999881
628  -12.559  -91.710  36.016 0.5000000000
630  -14.439  -91.532  36.428 0.4000000060
631  -15.689  -91.420  36.724 0.3000000119
632  -16.648  -91.648  36.317 0.3000000119
634  -12.485  -91.957  35.533 0.5000000000
635  -13.056  -92.104  35.894 0.5000000000
639  -17.515  -91.654  35.414 0.4000000060
640  -12.170  -91.751  35.142 0.5000000000
643  -17.137  -92.014  33.962 0.4000000060
644  -6.832  -91.193  31.858 1.0000000000
645  -7.001  -91.220  32.028 1.0000000000
646  -12.433  -92.177  32.706 0.6000000238
654  -6.510  -91.568  30.287 0.8999999762
656  -7.186  -91.317  31.318 1.0000000000
664  -19.110  -90.878  29.164 0.3000000119
665  -6.454  -91.861  28.817 0.8999999762
667  -6.975  -91.875  28.644 0.8999999762
668  -12.366  -92.048  28.758 0.5000000000
669  -16.122  -92.715  28.358 0.3000000119
676  -6.869  -92.196  27.155 0.8999999762
679  -17.256  -91.781  27.506 0.3000000119
681  -18.871  -91.967  27.592 0.3000000119
683  -6.548  -92.085  26.246 0.6000000238
684  -6.967  -92.255  26.479 0.6000000238
685  -7.085  -92.116  25.927 0.8000000119
693  -16.430  -91.635  24.534 0.5000000000
696  -24.119  -90.943  24.638 0.4000000060
697  -24.736  -90.984  24.751 0.4000000060
701  -17.241  -91.610  23.656 0.5000000000
704  -25.121  -90.982  24.222 0.4000000060
705  -6.027  -91.405  24.004 0.4000000060
706  -6.705  -91.620  24.321 0.5000000000
708  -17.548  -91.524  23.593 0.5000000000
713  -10.607  -92.553  22.653 0.8999999762
715  -12.294  -92.014  22.777 1.0000000000
718  -22.676  -91.512  22.408 0.4000000060
721  -25.213  -90.969  22.923 0.4000000060
722  -9.371  -92.809  21.709 0.8000000119
726  -22.958  -91.690  21.783 0.4000000060
727  -24.501  -91.197  21.886 0.4000000060
731  -6.229  -91.881  20.344 0.3000000119
734  -20.378  -92.328  20.990 0.6000000238
739  -18.793  -92.222  19.432 0.6999999881
741  -23.639  -91.080  19.682 0.3000000119
752  -22.666  -91.603  18.643 0.5000000000
753  -23.361  -91.003  19.092 0.5000000000
762  -22.532  -91.293  17.897 0.5000000000
768  -22.244  -90.871  17.294 0.6999999881
773  -20.345  -91.333  14.715 0.8000000119
785  -20.562  -91.886  13.666 0.8000000119
786  -21.312  -91.909  13.297 0.8000000119
789  -24.325  -92.179  13.507 0.8000000119
791  -6.913  -91.630  12.528 0.1000000015
796  -25.796  -91.679  12.905 0.6999999881
799  -7.276  -92.052  11.717 0.1000000015
815  -23.017  -91.814  10.563 0.4000000060
830  -28.482  -91.243  10.107 0.6000000238
838  -28.514  -91.225  9.255 0.4000000060
846  -17.531  -91.367  6.479 0.1000000015
852  -24.513  -91.899  4.631 0.5000000000
854  -26.229  -91.478  4.926 0.5000000000
859  -22.548  -92.015  4.569 0.6000000238
861  -24.375  -92.180  4.007 0.6999999881
862  -25.624  -91.617  4.391 0.5000000000
867  -20.831  -92.174  3.792 0.6000000238
869  -25.895  -91.324  3.715 0.6000000238
874  -22.347  -92.256  2.127 0.6999999881
876  -24.651  -91.566  3.037 0.6000000238
878  -19.520  -91.851  0.420 0.6999999881
880  -20.693  -92.454  1.588 0.6999999881
881  -21.508  -92.350  1.840 0.6999999881
882  -19.155  -91.621  0.214 0.4000000060
886  -19.343  -91.652  0.075 0.4000000060
888  -17.339  -90.198  37.459 0.3000000119
889  -12.113  -91.299  36.055 0.4000000060
890  -13.672  -91.265  36.457 0.4000000060
893  -17.479  -90.795  36.737 0.3000000119
895  -17.645  -91.148  35.848 0.4000000060
898  -6.970  -90.626  34.305 0.8999999762
899  -11.911  -91.233  35.244 0.6000000238
903  -6.898  -90.769  33.549 1.0000000000
909  -7.021  -90.975  32.543 1.0000000000
913  -6.087  -90.978  31.565 1.0000000000
914  -7.480  -90.806  31.897 0.8999999762
915  -12.580  -91.479  32.153 0.6000000238
918  -21.271  -90.111  31.662 0.1000000015
919  -21.858  -90.151  31.890 0.1000000015
924  -7.343  -91.262  30.518 1.0000000000
926  -12.959  -90.228  31.115 0.6000000238
928  -19.837  -90.169  30.529 0.2000000030
931  -22.218  -90.438  31.365 0.2000000030
935  -5.864  -91.408  29.531 0.8999999762
939  -17.580  -90.307  28.393 0.3000000119
941  -19.328  -90.528  29.866 0.3000000119
943  -21.852  -90.545  30.681 0.2000000030
946  -24.278  -90.300  29.550 0.2000000030
952  -12.158  -91.213  28.263 0.5000000000
954  -16.687  -90.953  27.983 0.3000000119
961  -24.109  -90.447  28.598 0.3000000119
975  -7.389  -91.066  26.459 0.8999999762
976  -13.309  -90.169  27.128 0.5000000000
978  -15.191  -90.396  26.353 0.6000000238
981  -25.286  -90.372  26.760 0.3000000119
982  -4.809  -90.255  24.950 0.5000000000
984  -15.863  -91.007  25.601 0.5000000000
992  -7.029  -91.586  24.312 0.6000000238
994  -18.185  -91.158  24.006 0.5000000000
995  -18.896  -90.482  24.827 0.4000000060
997  -25.496  -90.488  24.159 0.4000000060
1000  -6.626  -90.783  23.146 0.6000000238
1006  -22.934  -90.925  23.400 0.3000000119
1008  -25.551  -90.239  23.379 0.4000000060
1010  -5.344  -90.405  22.202 0.3000000119
1019  -22.474  -91.058  22.861 0.3000000119
1021  -5.428  -91.250  21.041 0.2000000030
1030  -6.949  -91.501  20.633 0.5000000000
1032  -9.302  -91.014  20.428 0.8000000119
1033  -9.748  -90.042  20.510 0.8000000119
1044  -23.948  -90.168  19.403 0.5000000000
1048  -14.941  -91.262  18.827 0.8999999762
1051  -19.184  -90.407  18.618 0.6999999881
1061  -18.858  -90.444  17.106 0.6999999881
1064  -23.161  -90.117  18.259 0.5000000000
1066  -16.051  -90.586  16.164 0.6999999881
1068  -18.442  -89.889  16.305 0.6999999881
1070  -21.852  -90.231  16.809 0.6000000238
1072  -16.743  -90.224  15.478 0.6999999881
1073  -17.337  -90.243  15.302 0.8000000119
1083  -17.788  -90.923  14.811 0.8000000119
1096  -24.746  -90.863  13.374 0.6999999881
1097  -25.382  -90.911  13.119 0.6999999881
1099  -6.399  -90.821  13.013 0.1000000015
1101  -26.025  -91.116  12.785 0.6999999881
1102  -26.804  -90.963  12.281 0.6999999881
1104  -7.385  -91.881  10.989 0.1000000015
1111  -22.547  -90.295  11.443 0.3000000119
1113  -27.448  -90.872  11.667 0.6999999881
1120  -20.128  -90.624  10.988 0.4000000060
1123  -24.926  -90.509  9.664 0.4000000060
1124  -27.953  -90.821  11.192 0.6999999881
1145  -26.933  -90.999  8.586 0.6000000238
1148  -29.731  -90.185  7.998 0.5000000000
1162  -22.540  -90.333  5.947 0.4000000060
1166  -28.134  -90.853  6.063 0.5000000000
1167  -28.956  -90.482  6.523 0.6000000238
1190  -26.768  -90.626  3.528 0.5000000000
1196  -19.871  -91.964  2.782 0.6999999881
1198  -24.133  -91.232  2.454 0.5000000000
1201  -19.728  -92.182  1.404 0.6999999881
1204  -18.834  -91.406  0.056 0.4000000060
1207  -21.846  -91.213  0.913 0.3000000119
1208  -18.641  -90.456  -0.846 0.4000000060
1211  -20.639  -91.129  -0.284 0.4000000060
1215  -18.028  -89.031  38.201 0.3000000119
1217  -17.239  -89.515  38.056 0.3000000119
1218  -17.717  -89.588  37.816 0.3000000119
1220  -6.572  -90.002  36.414 0.8000000119
1225  -17.874  -89.726  37.195 0.4000000060
1230  -5.857  -90.114  34.848 1.0000000000
1234  -17.214  -89.807  34.585 0.4000000060
1235  -17.676  -90.448  35.441 0.4000000060
1242  -7.746  -90.202  33.157 0.8999999762
1266  -19.628  -89.689  30.503 0.2000000030
1270  -4.751  -89.428  29.836 0.6999999881
1272  -12.344  -89.707  29.315 0.6000000238
1275  -16.733  -88.935  28.944 0.3000000119
1277  -18.120  -89.096  29.096 0.3000000119
1282  -4.705  -89.501  28.588 0.6000000238
1290  -23.853  -90.406  28.491 0.3000000119
1292  -4.672  -89.514  27.169 0.6000000238
1293  -7.403  -90.156  27.954 1.0000000000
1295  -12.207  -89.450  27.018 0.6000000238
1298  -22.564  -89.469  28.076 0.3000000119
1308  -21.535  -88.890  26.951 0.4000000060
1311  -25.921  -89.691  26.762 0.3000000119
1312  -26.038  -89.365  26.167 0.3000000119
1317  -23.653  -89.876  25.358 0.3000000119
1321  -16.612  -89.606  23.116 0.5000000000
1324  -23.337  -89.434  24.527 0.3000000119
1326  -4.938  -89.514  22.941 0.2000000030
1330  -16.983  -89.801  22.372 0.6000000238
1337  -11.351  -89.792  22.781 1.0000000000
1340  -17.355  -89.720  22.212 0.6000000238
1350  -21.013  -89.062  21.015 0.5000000000
1351  -21.521  -89.765  21.834 0.3000000119
1352  -24.854  -90.127  21.323 0.4000000060
1360  -24.529  -90.256  20.571 0.3000000119
1366  -24.354  -89.900  19.872 0.4000000060
1385  -23.317  -89.417  18.345 0.4000000060
1388  -17.073  -89.354  16.602 0.6999999881
1389  -17.743  -89.257  16.373 0.6999999881
1393  -5.702  -89.303  14.910 0.2000000030
1395  -6.713  -89.752  15.032 0.1000000015
1402  -6.115  -89.875  14.240 0.2000000030
1415  -20.954  -89.594  13.774 1.0000000000
1420  -6.927  -90.398  11.593 0.1000000015
1428  -25.311  -90.230  12.776 0.6999999881
1429  -26.027  -90.353  12.321 0.6999999881
1438  -22.118  -89.330  11.525 0.3000000119
1439  -22.829  -89.366  11.406 0.3000000119
1451  -23.989  -89.326  10.779 0.3000000119
1464  -30.036  -89.345  8.887 0.6000000238
1471  -25.250  -89.268  8.920 0.4000000060
1475  -30.892  -88.615  7.630 0.6000000238
1484  -25.194  -88.929  7.252 0.5000000000
1487  -30.665  -89.125  6.947 0.6000000238
1488  -30.905  -88.557  7.123 0.6000000238
1493  -21.885  -89.694  6.355 0.4000000060
1494  -22.288  -89.883  6.611 0.5000000000
1504  -29.211  -89.458  5.175 0.5000000000
1505  -29.979  -88.972  5.692 0.5000000000
1511  -28.651  -89.464  4.490 0.5000000000
1515  -21.130  -90.315  3.822 0.6000000238
1518  -28.123  -89.517  3.891 0.5000000000
1524  -23.681  -90.735  2.055 0.4000000060
1526  -25.863  -89.855  2.658 0.4000000060
1527  -26.433  -90.169  2.904 0.6000000238
1530  -22.367  -90.526  1.175 0.3000000119
1539  -19.086  -89.838  -1.608 0.4000000060
1540  -20.065  -89.786  -1.669 0.3000000119
1546  -17.480  -88.353  38.623 0.2000000030
1547  -17.787  -88.257  38.784 0.2000000030
1548  -18.003  -88.326  38.730 0.2000000030
1549  -5.742  -88.931  37.519 0.6999999881
1550  -6.108  -89.196  37.764 0.6999999881
1551  -6.098  -89.446  37.584 0.6999999881
1552  -11.159  -88.417  37.619 0.3000000119
1554  -16.993  -89.118  38.221 0.3000000119
1555  -18.277  -88.717  38.105 0.3000000119
1557  -6.525  -89.702  37.102 0.8999999762
1562  -14.843  -89.098  36.549 0.4000000060
1569  -7.026  -90.525  35.813 0.8000000119
1575  -5.621  -89.282  33.845 1.0000000000
1582  -8.326  -89.243  32.683 0.8000000119
1584  -16.019  -88.926  31.775 0.3000000119
1585  -16.255  -88.567  32.382 0.3000000119
1591  -21.176  -89.509  31.754 0.1000000015
1598  -4.646  -88.935  30.523 0.8000000119
1599  -7.968  -88.355  30.381 0.8999999762
1602  -15.945  -88.822  30.238 0.3000000119
1612  -12.704  -88.682  29.199 0.6999999881
1620  -4.344  -88.445  29.019 0.6000000238
1622  -11.293  -89.026  28.061 0.6999999881
1627  -22.255  -88.962  27.198 0.3000000119
1630  -7.063  -88.300  26.567 0.8999999762
1635  -15.377  -88.133  25.849 0.6999999881
1638  -22.800  -88.860  26.618 0.3000000119
1640  -4.561  -87.778  25.134 0.3000000119
1644  -20.484  -88.568  25.589 0.4000000060
1647  -23.339  -89.130  26.028 0.3000000119
1649  -26.009  -89.038  25.680 0.2000000030
1651  -7.376  -88.808  23.603 0.8999999762
1655  -21.402  -87.971  24.786 0.3000000119
1659  -4.985  -87.917  23.728 0.3000000119
1670  -5.068  -88.994  21.835 0.1000000015
1671  -7.672  -88.919  21.694 0.8000000119
1673  -11.134  -87.919  22.768 0.8999999762
1678  -22.290  -88.642  23.106 0.3000000119
1679  -24.804  -89.007  22.137 0.3000000119
1683  -10.101  -88.272  20.997 0.8000000119
1691  -9.441  -88.678  20.635 0.6999999881
1692  -13.438  -88.537  21.142 0.8000000119
1703  -19.594  -88.095  19.095 0.6000000238
1711  -15.928  -88.883  18.805 0.8000000119
1712  -16.732  -88.309  18.210 0.6999999881
1717  -23.385  -88.748  18.594 0.4000000060
1724  -18.254  -88.269  17.259 0.6000000238
1725  -18.804  -88.655  17.458 0.6999999881
1726  -22.205  -88.054  17.184 0.6000000238
1732  -4.829  -88.322  15.788 0.3000000119
1733  -5.231  -88.684  15.755 0.3000000119
1748  -20.574  -88.668  14.538 0.8000000119
1758  -24.147  -88.625  13.189 0.6000000238
1759  -5.708  -89.359  12.017 0.5000000000
1773  -20.427  -88.049  11.415 0.4000000060
1775  -21.784  -88.538  11.462 0.4000000060
1776  -22.558  -88.688  11.307 0.4000000060
1783  -19.283  -88.564  10.635 0.3000000119
1785  -23.569  -88.677  10.540 0.5000000000
1788  -29.062  -88.528  9.796 0.6000000238
1808  -22.087  -88.327  8.098 0.6000000238
1811  -24.989  -88.809  8.512 0.4000000060
1813  -31.110  -87.973  8.054 0.6000000238
1824  -24.692  -88.691  8.003 0.5000000000
1825  -31.045  -88.114  7.291 0.6000000238
1832  -18.044  -88.200  5.987 0.1000000015
1837  -30.839  -88.367  6.797 0.5000000000
1846  -28.694  -88.712  4.843 0.5000000000
1864  -27.229  -89.196  3.318 0.4000000060
1865  -27.815  -89.069  3.737 0.5000000000
1877  -22.356  -88.285  0.941 0.3000000119
1887  -21.697  -89.052  -1.859 0.2000000030
1889  -17.796  -88.178  -1.679 0.4000000060
1892  -19.972  -88.384  -2.542 0.3000000119
1894  -22.440  -88.040  -2.875 0.2000000030
1898  -10.526  -87.310  44.094 0.2000000030
1899  -11.382  -87.013  44.315 0.2000000030
1901  -10.128  -87.181  43.872 0.1000000015
1902  -10.691  -87.188  43.886 0.2000000030
1903  -11.371  -87.037  43.929 0.2000000030
1904  -10.724  -87.019  43.684 0.2000000030
1905  -11.458  -86.781  43.170 0.2000000030
1907  -12.416  -86.552  43.341 0.1000000015
1910  -18.133  -87.201  39.268 0.2000000030
1911  -18.401  -87.028  39.139 0.1000000015
1912  -5.601  -88.195  38.177 0.6000000238
1914  -11.478  -87.272  38.332 0.4000000060
1915  -17.206  -87.473  38.418 0.2000000030
1918  -6.064  -88.999  37.967 0.6999999881
1921  -12.202  -87.890  37.939 0.3000000119
1934  -5.736  -88.942  35.747 1.0000000000
1936  -7.729  -88.664  35.782 0.8000000119
1937  -10.917  -88.559  36.925 0.5000000000
1940  -18.294  -87.006  36.180 0.3000000119
1941  -6.173  -88.221  34.489 1.0000000000
1943  -12.250  -87.725  35.036 0.6000000238
1950  -13.353  -87.286  33.342 0.6000000238
1954  -5.028  -88.374  32.998 1.0000000000
1961  -9.294  -87.413  32.031 0.8000000119
1970  -8.514  -87.621  30.637 0.8999999762
1972  -13.728  -87.262  30.359 0.6000000238
1997  -12.196  -87.463  28.302 0.6999999881
2003  -6.968  -87.265  27.112 0.8999999762
2009  -11.405  -87.697  26.491 0.8000000119
2015  -11.552  -86.958  25.333 0.8000000119
2018  -14.727  -87.269  25.345 0.8000000119
2020  -25.954  -88.207  26.034 0.2000000030
2021  -7.326  -87.225  24.494 1.0000000000
2029  -20.719  -87.702  24.097 0.4000000060
2035  -8.145  -87.224  22.884 0.8000000119
2040  -14.330  -86.919  22.949 0.8000000119
2045  -20.769  -87.451  23.285 0.4000000060
2051  -7.886  -88.052  22.334 0.8999999762
2055  -14.656  -86.832  22.366 0.6999999881
2056  -16.000  -87.211  22.409 0.6999999881
2057  -16.933  -87.812  21.730 0.6000000238
2059  -18.320  -87.770  21.974 0.5000000000
2066  -13.788  -87.718  21.393 0.6999999881
2070  -17.718  -86.735  21.289 0.6000000238
2072  -20.499  -87.236  21.095 0.5000000000
2080  -19.357  -86.291  20.684 0.5000000000
2082  -23.953  -87.516  20.658 0.2000000030
2084  -29.684  -87.169  19.877 0.3000000119
2085  -30.004  -87.231  19.615 0.3000000119
2095  -23.092  -87.125  19.037 0.3000000119
2105  -17.811  -86.982  18.348 0.6000000238
2106  -18.546  -86.967  18.384 0.6000000238
2112  -29.397  -87.359  18.667 0.4000000060
2117  -18.088  -87.566  17.742 0.6000000238
2120  -4.594  -87.839  16.535 0.3000000119
2122  -5.260  -88.135  16.885 0.3000000119
2139  -20.909  -87.988  16.007 0.6999999881
2140  -28.406  -87.543  16.087 0.4000000060
2141  -29.012  -87.507  15.995 0.3000000119
2151  -20.684  -87.862  14.569 0.8000000119
2152  -21.090  -87.666  14.014 0.6000000238
2159  -21.902  -87.659  13.717 0.5000000000
2162  -4.791  -87.600  11.567 0.5000000000
2176  -9.918  -87.641  11.356 0.4000000060
2184  -26.664  -87.434  11.422 0.6999999881
2186  -5.144  -86.642  10.354 0.6999999881
2187  -5.304  -87.614  10.512 0.6999999881
2198  -22.310  -87.800  10.687 0.4000000060
2199  -27.802  -87.860  10.591 0.6999999881
2200  -30.742  -86.851  9.839 0.6000000238
2209  -22.007  -87.104  9.293 0.4000000060
2232  -17.669  -87.052  6.885 0.1000000015
2236  -29.763  -87.701  7.197 0.5000000000
2254  -27.688  -88.220  5.044 0.4000000060
2258  -21.774  -86.731  4.139 0.8999999762
2266  -26.314  -88.019  3.613 0.3000000119
2273  -20.937  -87.367  1.942 0.6999999881
2276  -24.698  -87.472  2.579 0.2000000030
2277  -25.418  -88.045  2.822 0.2000000030
2284  -18.058  -88.099  -0.441 0.5000000000
2288  -16.584  -87.341  -1.166 0.5000000000
2290  -22.646  -88.060  -0.684 0.2000000030
2294  -23.698  -87.757  -1.964 0.2000000030
2298  -18.415  -87.446  -2.493 0.4000000060
2299  -19.041  -87.630  -2.616 0.4000000060
2300  -19.850  -87.700  -2.692 0.3000000119
2303  -24.582  -87.276  -2.699 0.2000000030
2306  -21.598  -87.453  -3.158 0.3000000119
2314  -8.761  -86.738  45.823 0.1000000015
2317  -7.878  -86.710  45.329 0.1000000015
2321  -11.674  -86.622  45.232 0.1000000015
2324  -9.431  -87.113  44.168 0.1000000015
2328  -9.741  -87.056  43.825 0.2000000030
2329  -10.171  -86.590  43.263 0.2000000030
2330  -12.944  -86.209  43.474 0.1000000015
2331  -10.843  -86.839  43.232 0.2000000030
2343  -4.895  -86.993  39.084 0.6000000238
2346  -11.472  -86.430  38.689 0.4000000060
2350  -19.059  -86.516  39.005 0.1000000015
2357  -16.591  -86.607  37.302 0.3000000119
2360  -19.410  -86.680  38.341 0.1000000015
2371  -11.052  -87.423  37.278 0.4000000060
2376  -15.750  -86.293  36.586 0.3000000119
2379  -20.629  -86.164  37.002 0.1000000015
2380  -22.128  -86.155  37.096 0.1000000015
2382  -23.429  -86.277  36.974 0.1000000015
2383  -24.265  -86.147  36.966 0.1000000015
2391  -22.282  -86.013  36.587 0.1000000015
2404  -16.800  -86.411  32.766 0.3000000119
2406  -4.001  -86.418  33.165 0.8999999762
2407  -9.576  -86.763  32.322 0.8000000119
2409  -13.704  -86.690  32.527 0.6000000238
2421  -8.618  -86.721  30.253 0.8999999762
2423  -16.555  -86.570  30.365 0.2000000030
2431  -9.377  -86.419  30.673 0.8000000119
2432  -16.748  -86.005  29.885 0.2000000030
2454  -27.653  -86.438  28.536 0.2000000030
2458  -12.201  -85.636  27.704 0.6999999881
2469  -10.889  -85.876  25.642 0.8000000119
2473  -8.172  -86.332  24.191 1.0000000000
2475  -15.072  -86.743  23.929 0.6999999881
2477  -25.102  -86.463  25.317 0.2000000030
2478  -5.124  -86.294  23.844 0.1000000015
2483  -10.039  -86.039  23.001 1.0000000000
2484  -10.610  -86.225  23.322 1.0000000000
2492  -10.439  -86.570  22.579 1.0000000000
2498  -10.245  -86.996  21.916 0.8999999762
2499  -18.562  -86.370  21.273 0.5000000000
2503  -30.199  -86.871  20.844 0.2000000030
2511  -28.687  -86.627  20.053 0.3000000119
2512  -29.455  -86.959  20.347 0.3000000119
2527  -28.927  -86.998  19.741 0.4000000060
2529  -30.211  -86.973  19.488 0.3000000119
2534  -18.693  -86.326  19.067 0.5000000000
2535  -19.213  -86.461  19.381 0.5000000000
2540  -28.875  -87.344  18.880 0.3000000119
2549  -29.428  -87.033  17.336 0.4000000060
2550  -4.331  -87.200  16.773 0.3000000119
2552  -5.581  -87.449  17.247 0.3000000119
2561  -29.429  -87.044  16.438 0.3000000119
2563  -4.518  -86.713  15.542 0.3000000119
2570  -20.842  -86.643  15.400 0.6000000238
2573  -29.455  -86.984  15.608 0.3000000119
2574  -4.515  -87.565  15.581 0.3000000119
2589  -29.417  -86.680  14.633 0.4000000060
2595  -22.193  -86.893  13.767 0.6000000238
2596  -23.001  -86.660  13.538 0.5000000000
2601  -29.369  -86.602  13.829 0.5000000000
2603  -4.876  -87.147  12.473 0.5000000000
2604  -10.434  -85.809  11.842 0.6999999881
2617  -7.434  -87.990  11.595 0.5000000000
2624  -27.175  -86.685  11.760 0.6999999881
2626  -29.447  -86.698  11.192 0.6999999881
2627  -30.323  -86.329  11.336 0.6999999881
2628  -30.596  -86.171  10.878 0.6999999881
2633  -11.000  -86.556  11.019 0.6999999881
2639  -18.941  -86.252  10.363 0.4000000060
2641  -20.386  -86.425  10.835 0.4000000060
2645  -5.482  -86.062  9.449 0.8000000119
2647  -6.038  -86.612  9.123 0.8000000119
2654  -17.867  -86.020  9.421 0.4000000060
2660  -30.741  -86.737  9.595 0.6000000238
2661  -6.055  -85.996  8.718 0.8000000119
2671  -28.928  -86.601  8.725 0.6000000238
2672  -30.285  -86.700  8.747 0.6000000238
2673  -30.810  -87.072  8.776 0.6999999881
2674  -9.233  -86.208  7.206 0.2000000030
2676  -17.353  -85.976  8.113 0.4000000060
2677  -18.256  -87.222  8.202 0.2000000030
2683  -21.549  -86.767  6.703 0.6999999881
2684  -25.795  -86.174  6.310 0.2000000030
2696  -21.814  -86.143  4.955 0.8999999762
2726  -16.660  -87.242  -0.907 0.5000000000
2729  -24.047  -86.481  -0.969 0.2000000030
2731  -16.334  -87.105  -1.768 0.5000000000
2734  -25.783  -86.822  -1.815 0.2000000030
2739  -18.166  -86.880  -2.594 0.4000000060
2740  -19.594  -87.163  -2.717 0.3000000119
2742  -20.747  -86.645  -2.776 0.3000000119
2743  -26.057  -86.771  -2.296 0.2000000030
2745  -27.203  -86.074  -2.782 0.2000000030
2747  -21.849  -87.001  -3.280 0.3000000119
2750  -24.046  -86.567  -3.553 0.2000000030
2752  -26.533  -86.247  -2.988 0.2000000030
2777  -9.390  -86.480  43.675 0.2000000030
2782  -14.096  -85.483  42.256 0.1000000015
2783  -12.162  -85.819  41.309 0.2000000030
2786  -4.642  -85.075  40.301 0.5000000000
2787  -5.029  -85.433  40.336 0.5000000000
2792  -4.887  -85.632  39.955 0.5000000000
2795  -6.566  -85.847  39.589 0.6000000238
2797  -14.169  -85.255  39.606 0.2000000030
2801  -6.015  -86.723  39.323 0.6000000238
2806  -18.114  -86.080  39.152 0.1000000015
2807  -18.307  -86.124  39.238 0.1000000015
2810  -22.219  -85.543  37.616 0.1000000015
2812  -24.436  -85.628  37.707 0.1000000015
2817  -7.918  -85.395  37.530 0.6000000238
2826  -5.346  -86.218  36.811 0.8999999762
2835  -19.122  -85.985  36.208 0.2000000030
2841  -12.439  -85.687  35.847 0.6000000238
2842  -12.970  -84.977  35.089 0.6000000238
2846  -21.794  -85.591  35.687 0.1000000015
2849  -24.441  -85.458  35.889 0.1000000015
2850  -25.301  -85.317  36.207 0.1000000015
2854  -9.274  -85.724  34.180 0.8000000119
2857  -18.021  -85.531  34.922 0.3000000119
2864  -4.728  -86.221  33.635 1.0000000000
2871  -3.344  -85.338  33.876 0.8999999762
2873  -9.936  -86.047  32.582 0.6999999881
2874  -10.496  -85.480  32.131 0.6000000238
2876  -17.199  -85.034  33.122 0.2000000030
2880  -13.742  -84.958  31.208 0.6000000238
2885  -4.685  -85.698  30.852 0.6999999881
2899  -9.097  -85.748  29.749 0.8000000119
2900  -13.140  -85.015  29.234 0.6000000238
2902  -16.811  -85.342  29.994 0.1000000015
2907  -30.150  -85.477  30.608 0.1000000015
2908  -30.697  -84.934  30.549 0.1000000015
2912  -9.857  -84.966  29.069 0.8000000119
2914  -13.255  -85.831  28.872 0.6000000238
2924  -7.783  -85.807  27.538 0.8999999762
2925  -8.392  -85.425  27.288 0.8999999762
2926  -9.064  -85.034  27.749 0.8999999762
2927  -11.573  -85.471  27.192 0.6999999881
2948  -26.609  -84.950  26.602 0.2000000030
2950  -4.562  -84.332  24.683 0.2000000030
2959  -8.766  -85.835  24.338 1.0000000000
2960  -9.546  -85.604  24.386 0.8999999762
2961  -10.279  -85.644  24.554 0.8999999762
2962  -24.591  -85.346  24.097 0.2000000030
2963  -25.093  -85.416  25.031 0.2000000030
2968  -24.491  -84.904  23.430 0.2000000030
2969  -29.393  -85.794  23.196 0.2000000030
2976  -29.639  -86.205  22.451 0.2000000030
2977  -30.258  -86.171  21.952 0.2000000030
2995  -23.169  -85.001  20.631 0.2000000030
2998  -30.735  -86.348  20.501 0.2000000030
3005  -27.168  -85.401  19.199 0.4000000060
3007  -30.238  -85.916  19.109 0.4000000060
3022  -4.819  -86.271  18.373 0.3000000119
3027  -21.527  -85.012  17.186 0.4000000060
3045  -6.082  -85.370  14.990 0.5000000000
3052  -21.276  -85.355  15.416 0.5000000000
3056  -29.374  -86.281  15.267 0.4000000060
3065  -21.063  -86.052  14.945 0.6000000238
3068  -23.159  -85.166  14.118 0.6999999881
3069  -24.885  -85.052  14.125 0.6999999881
3071  -26.313  -85.800  14.582 0.6000000238
3073  -5.574  -86.230  12.972 0.5000000000
3080  -24.659  -85.442  13.542 0.6000000238
3085  -10.196  -85.342  11.975 0.8000000119
3092  -26.007  -85.769  13.050 0.6000000238
3098  -11.703  -85.338  11.582 0.6999999881
3099  -12.243  -84.888  11.472 0.6999999881
3107  -12.223  -85.118  10.756 0.6000000238
3111  -19.989  -85.652  10.544 0.4000000060
3114  -29.088  -85.256  10.442 0.6000000238
3115  -30.648  -85.941  10.675 0.6999999881
3116  -30.688  -86.314  10.277 0.6999999881
3118  -5.697  -85.641  8.831 0.8000000119
3125  -21.059  -85.605  9.617 0.4000000060
3131  -5.616  -84.960  8.421 0.8999999762
3132  -5.997  -85.632  8.414 0.8999999762
3133  -6.081  -85.504  8.300 0.8000000119
3138  -25.793  -85.079  8.092 0.2000000030
3139  -26.427  -85.393  8.675 0.2000000030
3140  -27.327  -85.868  9.047 0.4000000060
3142  -9.772  -85.377  7.037 0.4000000060
3146  -25.563  -85.263  7.378 0.2000000030
3151  -16.798  -85.640  6.502 0.2000000030
3165  -25.237  -85.593  5.994 0.2000000030
3166  -9.780  -85.579  4.061 0.1000000015
3184  -25.161  -86.230  3.710 0.2000000030
3185  -11.354  -85.807  2.000 0.1000000015
3188  -20.855  -85.733  2.316 0.6000000238
3195  -23.957  -84.805  1.835 0.2000000030
3196  -17.016  -85.645  -0.183 0.6000000238
3199  -14.638  -85.492  -1.394 0.4000000060
3200  -15.075  -86.424  -1.228 0.4000000060
3202  -23.754  -85.700  -0.439 0.2000000030
3204  -24.906  -85.171  -0.966 0.2000000030
3208  -25.501  -86.356  -1.328 0.2000000030
3210  -28.288  -86.098  -2.115 0.2000000030
3219  -22.050  -86.442  -3.141 0.3000000119
3221  -23.530  -85.702  -3.600 0.3000000119
3223  -25.617  -85.965  -3.363 0.1000000015
3225  -27.333  -85.645  -2.900 0.2000000030
3274  -5.799  -84.906  46.851 0.1000000015
3288  -13.168  -84.731  45.429 0.1000000015
3298  -8.202  -85.267  44.527 0.2000000030
3309  -13.769  -84.828  43.607 0.1000000015
3321  -5.168  -84.476  41.279 0.5000000000
3323  -14.490  -84.798  41.739 0.1000000015
3326  -4.756  -84.834  40.760 0.5000000000
3327  -5.693  -85.080  40.682 0.5000000000
3335  -7.027  -85.006  39.812 0.6000000238
3338  -11.905  -84.316  39.564 0.4000000060
3345  -4.663  -85.443  39.673 0.5000000000
3351  -18.211  -85.636  38.970 0.1000000015
3352  -18.470  -85.553  38.903 0.1000000015
3354  -20.728  -85.470  38.120 0.1000000015
3355  -21.591  -85.305  37.828 0.1000000015
3361  -5.143  -85.070  37.991 0.6000000238
3363  -8.175  -84.569  37.835 0.5000000000
3378  -16.581  -83.993  36.736 0.1000000015
3380  -26.436  -85.190  36.999 0.1000000015
3382  -6.967  -83.978  34.312 1.0000000000
3388  -3.358  -84.601  34.807 0.8999999762
3389  -4.011  -85.037  34.844 1.0000000000
3393  -18.125  -84.768  34.272 0.1000000015
3404  -9.744  -84.854  33.865 0.6000000238
3418  -13.619  -84.571  32.447 0.6000000238
3421  -18.035  -83.925  32.885 0.1000000015
3427  -11.970  -84.094  31.530 0.6000000238
3436  -12.215  -84.477  30.801 0.6000000238
3437  -13.036  -84.508  30.615 0.6000000238
3438  -13.434  -84.807  30.566 0.6000000238
3447  -11.661  -84.638  29.504 0.6000000238
3454  -30.184  -84.832  29.653 0.2000000030
3455  -31.683  -83.974  29.666 0.1000000015
3457  -9.909  -84.576  28.142 0.8000000119
3458  -10.813  -84.510  28.254 0.8000000119
3459  -11.624  -84.581  28.586 0.8000000119
3460  -12.112  -84.761  28.241 0.8000000119
3468  -31.545  -84.036  28.853 0.2000000030
3481  -28.003  -84.591  27.647 0.2000000030
3483  -30.691  -84.453  27.972 0.2000000030
3496  -30.140  -84.640  26.534 0.2000000030
3498  -4.368  -83.980  25.263 0.2000000030
3505  -26.839  -84.496  25.877 0.2000000030
3507  -30.074  -84.783  25.844 0.2000000030
3509  -4.910  -84.158  24.555 0.2000000030
3513  -25.224  -84.671  24.417 0.2000000030
3516  -29.144  -85.252  24.604 0.2000000030
3522  -25.146  -84.222  23.517 0.2000000030
3534  -28.736  -85.434  23.456 0.3000000119
3538  -32.426  -84.183  21.667 0.1000000015
3545  -24.049  -83.988  21.863 0.2000000030
3554  -22.841  -84.542  19.982 0.3000000119
3558  -31.946  -85.061  20.824 0.1000000015
3567  -25.853  -83.859  19.335 0.3000000119
3572  -4.272  -84.996  19.192 0.2000000030
3582  -28.819  -84.441  18.314 0.1000000015
3588  -21.866  -84.382  17.349 0.4000000060
3601  -23.532  -83.943  15.773 0.5000000000
3611  -22.496  -84.346  15.218 0.6000000238
3613  -24.116  -84.365  15.301 0.6000000238
3616  -29.000  -85.475  15.051 0.4000000060
3617  -7.319  -84.377  13.878 0.6000000238
3625  -22.345  -84.910  14.644 0.6999999881
3629  -28.563  -84.707  14.814 0.4000000060
3637  -28.807  -84.657  13.686 0.5000000000
3641  -10.624  -84.662  12.251 0.8999999762
3642  -11.433  -84.203  12.369 0.8000000119
3645  -29.526  -85.338  12.666 0.5000000000
3650  -11.975  -84.730  12.074 0.6999999881
3651  -12.539  -84.401  11.703 0.6999999881
3655  -5.136  -84.489  9.524 0.8000000119
3659  -12.767  -84.562  10.362 0.6999999881
3660  -18.837  -84.736  10.165 0.4000000060
3666  -30.293  -85.671  11.325 0.6999999881
3667  -5.191  -84.310  8.695 0.8000000119
3676  -25.419  -84.232  9.042 0.2000000030
3678  -5.404  -84.183  8.254 0.8000000119
3679  -5.778  -84.493  8.021 0.8999999762
3680  -6.126  -84.758  8.031 0.8999999762
3684  -17.883  -83.322  8.646 0.3000000119
3686  -24.680  -83.786  7.799 0.2000000030
3691  -21.395  -85.218  7.632 0.8000000119
3693  -10.521  -84.802  6.801 0.3000000119
3704  -11.456  -84.580  6.256 0.3000000119
3713  -21.185  -84.627  3.608 0.8999999762
3719  -20.243  -84.431  2.032 0.6000000238
3720  -23.488  -84.925  1.083 0.2000000030
3728  -15.401  -84.648  -0.485 0.4000000060
3729  -15.929  -85.373  -0.438 0.4000000060
3736  -29.964  -85.287  -1.084 0.2000000030
3738  -31.059  -84.942  -0.747 0.2000000030
3739  -14.464  -84.469  -1.583 0.4000000060
3744  -21.789  -84.831  -1.985 0.2000000030
3750  -30.633  -85.068  -1.285 0.2000000030
3753  -16.564  -84.586  -2.541 0.4000000060
3760  -22.814  -85.329  -3.302 0.1000000015
3763  -24.913  -84.429  -3.340 0.1000000015
3764  -26.764  -84.935  -3.086 0.1000000015
3805  -5.565  -83.993  47.943 0.1000000015
3816  -5.287  -83.661  46.756 0.1000000015
3846  -10.247  -83.469  43.281 0.2000000030
3848  -13.867  -83.248  43.478 0.1000000015
3860  -4.192  -82.941  42.202 0.4000000060
3865  -13.988  -84.104  42.942 0.1000000015
3879  -5.699  -83.769  41.674 0.4000000060
3881  -11.625  -82.977  41.358 0.3000000119
3899  -4.277  -83.982  40.319 0.5000000000
3901  -7.526  -84.073  39.976 0.5000000000
3909  -8.329  -83.591  39.150 0.5000000000
3910  -8.981  -83.139  38.489 0.6000000238
3920  -6.285  -83.593  37.366 0.8000000119
3924  -14.801  -83.762  37.540 0.2000000030
3925  -15.237  -83.472  37.071 0.2000000030
3931  -22.348  -83.808  37.697 0.1000000015
3935  -7.196  -83.057  35.633 1.0000000000
3937  -9.167  -84.023  36.562 0.6000000238
3938  -12.601  -82.743  36.121 0.5000000000
3939  -15.830  -83.496  36.692 0.2000000030
3944  -6.586  -84.284  35.936 1.0000000000
3952  -6.640  -83.604  33.840 1.0000000000
3954  -10.740  -82.919  34.472 0.6000000238
3956  -12.897  -83.016  34.023 0.6000000238
3959  -2.938  -84.208  34.326 0.6999999881
3960  -5.923  -84.036  33.636 1.0000000000
3962  -12.701  -83.085  33.438 0.6000000238
3966  -3.289  -83.833  33.538 0.6999999881
3969  -13.405  -83.982  32.534 0.6000000238
3972  -19.492  -83.787  32.237 0.1000000015
3976  -4.379  -83.450  31.691 0.4000000060
3977  -12.694  -83.702  31.959 0.6000000238
3980  -19.878  -83.576  31.497 0.1000000015
3989  -17.669  -83.543  31.192 0.1000000015
4003  -31.824  -83.523  29.831 0.2000000030
4017  -5.758  -83.126  26.893 0.1000000015
4024  -31.103  -84.065  27.270 0.2000000030
4061  -25.868  -83.780  23.289 0.2000000030
4071  -26.223  -83.671  22.688 0.2000000030
4076  -33.559  -82.876  22.211 0.1000000015
4080  -23.829  -83.608  20.841 0.2000000030
4082  -25.358  -83.427  21.550 0.2000000030
4092  -23.691  -83.313  19.997 0.4000000060
4095  -26.085  -83.554  21.030 0.4000000060
4104  -22.944  -83.432  18.779 0.4000000060
4111  -30.622  -84.539  19.875 0.1000000015
4118  -22.693  -83.500  18.120 0.4000000060
4124  -29.121  -84.226  19.020 0.1000000015
4125  -3.803  -84.135  17.737 0.2000000030
4126  -4.287  -83.258  17.248 0.4000000060
4131  -24.016  -83.157  17.653 0.4000000060
4140  -21.933  -84.014  16.875 0.4000000060
4141  -22.534  -83.679  16.673 0.5000000000
4144  -27.690  -83.644  16.243 0.1000000015
4146  -5.134  -84.028  15.974 0.5000000000
4160  -28.193  -84.231  15.211 0.4000000060
4172  -7.245  -84.079  13.009 0.6999999881
4175  -27.672  -83.707  13.642 0.4000000060
4176  -28.151  -84.110  13.961 0.5000000000
4178  -6.447  -84.234  12.499 0.5000000000
4184  -26.891  -83.449  12.621 0.2000000030
4187  -5.269  -82.931  10.594 0.6999999881
4190  -10.207  -83.283  12.269 0.8999999762
4197  -5.159  -83.704  10.083 0.8000000119
4205  -13.308  -84.037  9.906 0.6999999881
4206  -13.730  -83.383  9.402 0.6999999881
4209  -19.575  -83.203  9.479 0.6999999881
4213  -24.719  -83.574  8.701 0.2000000030
4215  -5.569  -83.723  8.169 1.0000000000
4220  -14.446  -83.274  8.290 0.6000000238
4225  -20.622  -83.068  9.039 0.6000000238
4230  -15.729  -83.713  7.255 0.2000000030
4238  -15.942  -84.285  6.696 0.2000000030
4239  -24.405  -83.139  6.565 0.2000000030
4241  -24.370  -82.974  5.756 0.1000000015
4244  -20.799  -83.111  4.253 0.8000000119
4245  -21.249  -83.823  4.467 0.8999999762
4252  -24.311  -83.220  3.492 0.2000000030
4256  -19.810  -83.139  1.921 0.6000000238
4262  -18.601  -83.117  0.786 0.6000000238
4264  -19.923  -83.918  1.844 0.6000000238
4267  -31.353  -84.228  1.462 0.1000000015
4270  -14.678  -83.029  -0.377 0.4000000060
4272  -16.786  -83.557  0.351 0.4000000060
4278  -32.459  -84.083  0.668 0.1000000015
4280  -14.831  -83.808  -0.499 0.4000000060
4285  -24.790  -83.400  -0.139 0.2000000030
4287  -26.300  -83.598  -0.806 0.2000000030
4294  -16.955  -83.693  -2.463 0.3000000119
4297  -21.968  -84.059  -1.362 0.2000000030
4298  -27.171  -84.889  -1.218 0.2000000030
4300  -30.498  -84.750  -1.704 0.2000000030
4301  -31.203  -84.569  -1.126 0.1000000015
4302  -14.514  -83.584  -1.746 0.4000000060
4303  -15.011  -83.557  -2.185 0.4000000060
4305  -23.388  -83.842  -3.060 0.1000000015
4308  -29.167  -85.043  -2.441 0.2000000030
4311  -24.223  -83.921  -3.382 0.1000000015
4314  -27.237  -83.421  -2.806 0.1000000015
4356  -4.680  -82.231  46.766 0.1000000015
4366  -5.053  -82.779  45.962 0.2000000030
4379  -4.381  -81.703  44.794 0.1000000015
4380  -4.507  -82.071  44.378 0.2000000030
4383  -9.244  -82.923  43.844 0.3000000119
4398  -7.794  -82.219  43.735 0.3000000119
4399  -8.725  -82.291  43.530 0.2000000030
4400  -9.481  -82.285  43.239 0.3000000119
4401  -10.247  -82.640  43.050 0.3000000119
4409  -4.454  -82.502  42.875 0.4000000060
4413  -10.768  -82.435  42.385 0.3000000119
4425  -4.076  -82.926  41.984 0.4000000060
4428  -8.972  -81.770  41.703 0.3000000119
4439  -4.035  -83.048  41.432 0.5000000000
4440  -4.346  -82.723  40.765 0.5000000000
4442  -9.314  -82.014  40.217 0.5000000000
4444  -11.930  -82.389  40.157 0.3000000119
4454  -5.573  -82.763  39.405 0.5000000000
4455  -8.806  -82.702  39.666 0.5000000000
4458  -14.810  -82.850  38.773 0.2000000030
4466  -12.266  -82.162  38.846 0.4000000060
4469  -20.565  -81.941  37.993 0.1000000015
4471  -22.786  -82.266  38.839 0.1000000015
4478  -10.131  -82.271  37.467 0.6000000238
4479  -10.786  -81.670  37.502 0.6000000238
4481  -15.458  -82.644  37.411 0.2000000030
4484  -18.435  -82.309  37.605 0.2000000030
4495  -10.677  -81.928  36.681 0.6000000238
4496  -12.361  -82.029  36.367 0.6000000238
4501  -3.423  -82.736  36.174 0.6999999881
4502  -4.037  -82.924  36.252 1.0000000000
4503  -7.369  -82.698  34.960 1.0000000000
4515  -12.071  -82.125  34.756 0.6000000238
4516  -12.499  -82.541  34.690 0.6000000238
4522  -5.814  -83.387  33.911 1.0000000000
4538  -7.099  -83.033  30.559 0.1000000015
4550  -31.498  -82.657  30.775 0.1000000015
4575  -31.674  -82.504  29.160 0.2000000030
4576  -4.524  -82.086  27.081 0.1000000015
4606  -30.389  -82.376  25.644 0.2000000030
4620  -34.173  -82.361  23.028 0.1000000015
4621  -35.084  -82.144  23.037 0.1000000015
4639  -35.115  -82.129  22.725 0.1000000015
4648  -32.025  -82.861  20.884 0.2000000030
4649  -32.692  -83.599  21.433 0.1000000015
4655  -27.870  -81.860  19.219 0.1000000015
4659  -4.206  -82.346  18.152 0.5000000000
4682  -27.070  -83.059  15.836 0.2000000030
4697  -7.817  -82.471  14.136 0.6999999881
4700  -5.918  -81.803  12.778 0.8000000119
4708  -5.450  -82.102  11.958 0.8000000119
4709  -5.848  -82.329  12.436 0.8000000119
4711  -11.194  -82.672  12.471 0.8999999762
4715  -24.608  -81.941  12.486 0.1000000015
4721  -5.465  -82.938  11.544 0.8000000119
4722  -9.859  -82.251  11.446 0.8999999762
4723  -10.400  -82.578  12.199 0.8999999762
4726  -14.430  -82.193  11.370 0.6999999881
4727  -24.494  -82.176  11.580 0.1000000015
4731  -5.095  -82.824  9.598 0.8000000119
4739  -19.536  -82.220  10.002 0.6999999881
4740  -24.395  -82.539  10.222 0.1000000015
4742  -5.089  -82.840  8.848 1.0000000000
4743  -5.198  -82.338  8.880 1.0000000000
4744  -7.393  -82.951  9.224 1.0000000000
4745  -8.141  -82.845  9.685 1.0000000000
4746  -9.014  -82.274  10.046 1.0000000000
4754  -20.552  -82.341  9.455 0.6999999881
4756  -5.269  -83.090  8.544 0.8000000119
4757  -5.501  -82.920  8.482 1.0000000000
4766  -21.375  -82.648  7.245 0.8000000119
4767  -24.438  -82.365  7.023 0.2000000030
4775  -21.120  -82.691  5.538 0.8000000119
4776  -24.456  -82.090  5.518 0.1000000015
4780  -20.452  -82.262  4.449 0.6999999881
4791  -24.463  -82.422  3.003 0.2000000030
4796  -17.360  -82.387  1.132 0.4000000060
4799  -25.152  -82.113  1.078 0.2000000030
4805  -14.822  -82.299  -0.449 0.4000000060
4813  -27.996  -82.318  0.098 0.2000000030
4820  -23.030  -82.884  -1.384 0.2000000030
4825  -29.626  -83.251  -0.032 0.2000000030
4828  -14.518  -82.946  -1.602 0.4000000060
4829  -15.064  -82.500  -1.834 0.4000000060
4831  -17.789  -82.302  -1.795 0.4000000060
4839  -15.540  -82.885  -2.255 0.4000000060
4845  -29.247  -82.616  -2.275 0.1000000015
4847  -25.622  -82.397  -3.284 0.1000000015
4924  -4.324  -81.639  43.075 0.2000000030
4925  -4.347  -81.789  42.403 0.3000000119
4927  -15.337  -81.644  42.432 0.1000000015
4935  -4.523  -81.766  41.768 0.3000000119
4937  -9.274  -81.764  42.245 0.3000000119
4939  -10.529  -81.797  41.681 0.3000000119
4940  -11.090  -81.711  40.958 0.4000000060
4952  -10.946  -81.477  40.182 0.6000000238
4954  -14.993  -81.843  40.999 0.1000000015
4965  -11.538  -81.599  39.522 0.5000000000
4966  -11.973  -81.934  39.542 0.4000000060
4967  -15.040  -81.808  39.155 0.2000000030
4968  -15.334  -81.209  39.831 0.2000000030
4970  -19.565  -81.280  39.125 0.1000000015
4976  -6.948  -81.606  38.645 0.8000000119
4978  -11.687  -81.529  38.314 0.5000000000
4981  -16.896  -81.178  38.028 0.2000000030
4982  -17.664  -81.210  38.078 0.1000000015
4992  -7.616  -81.367  37.215 1.0000000000
4993  -11.610  -81.546  37.528 0.5000000000
4994  -12.208  -81.778  38.018 0.5000000000
4996  -16.448  -81.742  37.595 0.1000000015
4999  -19.719  -81.845  37.935 0.1000000015
5015  -11.310  -81.739  36.153 0.6000000238
5016  -11.996  -81.756  35.826 0.6000000238
5019  -2.925  -82.340  35.532 0.6000000238
5046  -4.090  -81.080  29.718 0.1000000015
5055  -4.603  -81.035  28.529 0.1000000015
5075  -30.555  -81.464  29.450 0.1000000015
5119  -34.563  -81.734  23.346 0.1000000015
5121  -36.011  -81.332  22.811 0.1000000015
5130  -35.684  -81.666  22.853 0.1000000015
5131  -3.316  -80.850  21.189 0.2000000030
5132  -3.517  -81.744  21.656 0.1000000015
5143  -36.163  -81.219  22.612 0.1000000015
5150  -30.233  -81.550  20.531 0.1000000015
5159  -29.045  -81.882  20.080 0.1000000015
5161  -4.665  -81.412  18.448 0.4000000060
5166  -26.753  -81.065  18.191 0.1000000015
5167  -27.339  -81.286  18.713 0.1000000015
5169  -6.205  -81.437  17.312 0.6999999881
5170  -7.172  -81.102  16.887 0.6999999881
5175  -25.990  -80.803  17.305 0.1000000015
5182  -7.663  -81.445  16.188 0.6999999881
5183  -8.419  -80.951  15.645 0.8000000119
5193  -8.490  -81.183  14.979 0.8000000119
5201  -25.815  -81.806  16.103 0.1000000015
5206  -8.257  -81.204  14.409 0.8000000119
5212  -5.408  -81.048  12.843 0.8999999762
5215  -7.449  -81.430  13.584 0.8000000119
5217  -24.992  -81.779  13.889 0.1000000015
5222  -5.592  -81.579  12.547 0.8999999762
5225  -13.784  -81.158  12.518 0.8000000119
5226  -14.647  -80.916  12.357 0.6999999881
5227  -15.205  -80.677  12.304 0.8000000119
5235  -11.510  -81.036  12.126 0.8999999762
5240  -18.167  -81.032  11.512 0.8999999762
5242  -24.492  -81.515  11.115 0.1000000015
5246  -5.183  -81.514  10.201 0.8999999762
5248  -9.692  -81.928  10.379 1.0000000000
5250  -10.867  -81.304  11.615 1.0000000000
5255  -18.571  -81.564  10.803 0.8999999762
5264  -5.229  -81.499  9.260 0.8999999762
5266  -7.647  -81.545  9.632 0.8999999762
5279  -6.233  -81.775  9.134 1.0000000000
5292  -20.773  -81.333  7.100 0.8000000119
5302  -21.112  -82.032  6.765 0.8000000119
5306  -27.728  -81.370  6.354 0.1000000015
5321  -26.779  -81.215  4.139 0.2000000030
5324  -8.601  -82.153  2.715 0.5000000000
5325  -10.063  -82.438  2.655 0.5000000000
5328  -16.303  -81.832  2.652 0.6000000238
5329  -19.305  -80.971  3.225 0.6000000238
5331  -24.675  -81.829  3.466 0.2000000030
5334  -27.208  -81.503  3.374 0.2000000030
5338  -9.509  -82.422  2.365 0.5000000000
5339  -10.287  -82.416  2.205 0.5000000000
5340  -11.070  -81.937  2.005 0.5000000000
5341  -16.778  -81.870  2.285 0.5000000000
5342  -17.858  -81.405  2.065 0.5000000000
5344  -19.783  -81.804  2.873 0.6000000238
5346  -25.310  -81.673  2.246 0.2000000030
5347  -27.577  -81.699  2.688 0.2000000030
5357  -25.396  -81.783  1.579 0.2000000030
5373  -21.262  -81.238  0.176 0.2000000030
5382  -18.135  -81.311  -1.662 0.4000000060
5387  -31.512  -82.030  -0.896 0.1000000015
5390  -24.651  -81.706  -3.091 0.1000000015
5398  -27.697  -81.047  -3.144 0.1000000015
5447  -4.689  -80.571  46.231 0.1000000015
5462  -4.402  -81.092  43.441 0.3000000119
5464  -6.315  -80.223  43.249 0.2000000030
5489  -6.326  -80.899  41.092 0.3000000119
5497  -7.482  -80.750  39.724 0.5000000000
5508  -17.903  -80.916  38.731 0.1000000015
5514  -8.606  -80.211  37.105 1.0000000000
5521  -3.461  -80.667  36.986 1.0000000000
5524  -8.471  -80.031  36.350 1.0000000000
5530  -8.119  -79.904  35.867 1.0000000000
5534  -5.668  -81.639  34.981 1.0000000000
5535  -6.434  -81.148  34.731 1.0000000000
5544  -4.150  -80.113  32.103 0.2000000030
5587  -28.986  -80.759  28.414 0.2000000030
5589  -30.575  -81.412  28.392 0.2000000030
5595  -27.891  -79.990  27.425 0.1000000015
5598  -30.373  -81.243  27.419 0.2000000030
5603  -28.146  -80.218  26.534 0.1000000015
5605  -30.071  -80.799  26.649 0.2000000030
5638  -31.798  -80.054  23.975 0.1000000015
5641  -35.797  -80.848  23.084 0.1000000015
5643  -3.638  -80.995  23.139 0.1000000015
5645  -7.704  -80.155  21.890 1.0000000000
5651  -36.268  -80.652  22.578 0.1000000015
5652  -36.387  -81.021  22.541 0.1000000015
5654  -3.431  -79.893  20.996 0.5000000000
5655  -6.451  -80.036  21.135 0.8000000119
5656  -7.216  -80.381  21.297 0.8999999762
5663  -36.464  -80.972  22.229 0.2000000030
5671  -29.301  -80.331  19.993 0.1000000015
5680  -8.289  -79.647  19.684 0.8999999762
5692  -27.130  -80.474  18.370 0.1000000015
5697  -7.665  -80.421  17.151 0.6999999881
5715  -25.976  -80.171  17.115 0.1000000015
5732  -6.914  -80.253  14.056 0.8999999762
5734  -8.437  -80.793  14.639 0.8000000119
5739  -5.438  -80.530  13.323 0.8999999762
5740  -5.683  -80.713  13.600 0.8000000119
5742  -24.642  -80.545  13.175 0.1000000015
5746  -5.355  -80.725  12.593 0.8999999762
5748  -12.151  -80.881  12.425 0.8999999762
5749  -12.627  -80.395  12.403 0.8999999762
5750  -13.411  -80.509  12.523 0.8000000119
5755  -24.782  -80.334  12.510 0.1000000015
5762  -5.324  -80.812  11.670 0.8000000119
5768  -17.670  -80.320  11.873 0.8999999762
5776  -5.312  -80.859  10.612 0.8000000119
5778  -5.771  -80.264  10.204 0.8000000119
5781  -19.098  -80.320  10.887 0.8999999762
5783  -24.717  -80.927  10.586 0.2000000030
5798  -20.275  -80.907  9.670 0.8999999762
5799  -25.048  -80.748  9.809 0.2000000030
5814  -26.810  -80.474  8.719 0.2000000030
5823  -10.084  -80.532  7.452 0.8999999762
5824  -20.240  -80.672  7.318 0.8000000119
5827  -26.538  -80.724  7.284 0.2000000030
5845  -7.092  -81.230  4.287 0.5000000000
5852  -18.490  -80.074  5.613 0.8000000119
5855  -25.910  -80.746  5.961 0.2000000030
5858  -6.647  -81.110  3.866 0.5000000000
5863  -13.374  -81.871  4.535 0.6999999881
5874  -7.594  -81.936  3.186 0.5000000000
5876  -10.536  -81.999  3.215 0.5000000000
5877  -12.049  -81.598  3.561 0.5000000000
5881  -17.878  -80.817  3.280 0.6000000238
5882  -18.688  -80.676  3.432 0.6000000238
5887  -9.179  -82.240  2.151 0.5000000000
5898  -9.117  -81.543  1.853 0.5000000000
5899  -9.875  -81.532  1.624 0.5000000000
5900  -10.691  -81.160  1.375 0.5000000000
5901  -11.200  -81.280  1.518 0.5000000000
5907  -22.559  -80.556  0.247 0.2000000030
5908  -22.912  -79.768  0.156 0.2000000030
5912  -20.084  -80.351  -0.797 0.3000000119
5919  -18.207  -80.075  -1.395 0.5000000000
5923  -24.332  -80.153  -1.807 0.2000000030
5925  -32.526  -80.513  -1.311 0.1000000015
5931  -28.988  -80.759  -3.085 0.1000000015
5935  -25.678  -79.303  -3.563 0.1000000015
5938  -28.075  -79.854  -4.017 0.1000000015
5940  -30.382  -80.007  -3.330 0.1000000015
5941  -27.939  -78.758  -4.664 0.1000000015
5989  -4.996  -80.151  46.569 0.1000000015
5990  -5.377  -79.742  46.927 0.1000000015
6012  -7.321  -79.552  43.696 0.3000000119
6020  -9.080  -78.868  42.102 0.3000000119
6027  -9.609  -78.695  41.449 0.4000000060
6038  -10.058  -78.748  40.580 0.6000000238
6039  -10.360  -78.690  39.877 0.6000000238
6049  -10.273  -78.964  38.317 0.6999999881
6058  -10.097  -78.572  37.849 0.6999999881
6068  -7.475  -79.343  35.892 1.0000000000
6074  -3.117  -80.096  35.799 0.8000000119
6132  -6.999  -79.258  26.338 0.1000000015
6136  -10.196  -78.910  26.128 0.1000000015
6147  -7.227  -80.015  26.142 0.1000000015
6148  -9.041  -79.912  26.045 0.1000000015
6157  -4.059  -79.856  24.814 0.1000000015
6158  -5.013  -80.155  25.344 0.2000000030
6162  -26.672  -79.181  24.966 0.1000000015
6164  -28.474  -79.947  24.507 0.1000000015
6165  -30.234  -79.992  24.644 0.1000000015
6167  -3.808  -80.233  24.173 0.1000000015
6180  -35.619  -80.108  22.821 0.1000000015
6185  -8.295  -79.557  22.417 1.0000000000
6190  -28.127  -79.312  23.183 0.1000000015
6195  -33.561  -79.353  23.106 0.1000000015
6197  -35.488  -79.541  22.293 0.1000000015
6198  -36.516  -80.750  22.281 0.1000000015
6199  -3.525  -79.579  21.530 0.4000000060
6207  -36.518  -80.695  21.811 0.2000000030
6209  -4.315  -79.649  20.513 0.5000000000
6210  -8.532  -79.280  20.434 0.8999999762
6219  -36.661  -80.203  21.444 0.1000000015
6236  -7.977  -79.781  17.754 0.8000000119
6237  -8.373  -79.179  18.081 0.8999999762
6241  -27.002  -79.901  18.012 0.1000000015
6267  -8.656  -79.389  16.182 0.8000000119
6272  -26.140  -79.442  16.591 0.1000000015
6280  -5.095  -79.272  15.163 0.8000000119
6282  -7.034  -79.039  15.016 0.8999999762
6283  -8.561  -79.683  15.386 0.8000000119
6284  -25.616  -79.498  15.796 0.1000000015
6291  -5.384  -79.723  14.675 0.8999999762
6294  -8.382  -80.232  14.720 0.8000000119
6298  -5.278  -79.959  13.816 0.8000000119
6305  -5.584  -79.810  12.159 0.8000000119
6307  -13.065  -79.904  12.336 0.8999999762
6310  -15.548  -79.374  12.283 0.8999999762
6311  -16.374  -79.248  12.043 0.8000000119
6313  -25.322  -79.592  12.646 0.1000000015
6320  -5.688  -79.999  10.840 0.8999999762
6326  -15.796  -78.871  11.960 0.8999999762
6327  -17.042  -79.303  11.619 0.8000000119
6328  -17.778  -79.706  11.554 0.8999999762
6330  -26.558  -79.569  11.335 0.2000000030
6352  -6.887  -79.744  10.330 0.8999999762
6358  -18.478  -79.480  10.104 0.8999999762
6373  -19.265  -79.869  8.577 0.8999999762
6382  -17.508  -79.520  8.079 0.8999999762
6393  -8.510  -79.991  5.694 0.6999999881
6394  -9.638  -79.316  5.406 0.6999999881
6397  -14.072  -79.979  6.244 0.6999999881
6402  -18.651  -79.937  7.073 0.8999999762
6404  -6.714  -79.795  4.819 0.6000000238
6405  -7.129  -80.447  4.807 0.6000000238
6407  -8.584  -80.239  4.784 0.6000000238
6416  -6.608  -80.022  4.337 0.6000000238
6419  -10.290  -79.531  3.965 0.6000000238
6420  -11.091  -79.600  3.980 0.6000000238
6424  -6.771  -80.346  3.345 0.5000000000
6429  -14.282  -81.329  3.515 0.5000000000
6436  -14.824  -80.493  3.095 0.5000000000
6441  -8.837  -80.564  1.801 0.5000000000
6445  -11.878  -80.464  1.690 0.5000000000
6452  -16.696  -80.014  0.806 0.6000000238
6454  -22.205  -79.849  0.276 0.2000000030
6461  -21.506  -79.465  0.039 0.2000000030
6469  -19.284  -79.086  -1.689 0.4000000060
6472  -24.525  -78.964  -2.059 0.1000000015
6482  -33.619  -79.189  -2.613 0.1000000015
6483  -26.018  -78.428  -3.875 0.1000000015
6487  -29.447  -79.385  -4.423 0.1000000015
6493  -27.824  -78.067  -4.772 0.1000000015
6496  -30.309  -78.596  -4.771 0.1000000015
6567  -8.569  -78.328  43.527 0.2000000030
6611  -9.431  -78.426  37.464 0.8999999762
6618  -3.594  -78.776  36.950 0.6999999881
6621  -8.288  -78.722  36.733 0.8999999762
6656  -5.325  -78.638  32.142 0.2000000030
6710  -9.016  -78.012  24.081 1.0000000000
6717  -6.644  -78.335  23.441 1.0000000000
6719  -8.164  -78.811  23.490 1.0000000000
6720  -9.661  -78.090  23.521 1.0000000000
6721  -10.205  -77.946  22.851 1.0000000000
6726  -26.215  -78.624  23.765 0.1000000015
6731  -6.228  -78.742  22.811 0.8999999762
6732  -8.870  -78.927  23.037 1.0000000000
6755  -32.898  -78.379  22.004 0.1000000015
6776  -8.431  -78.596  17.444 0.8999999762
6783  -4.885  -78.354  16.449 0.8000000119
6785  -6.859  -77.873  16.484 0.8999999762
6791  -29.496  -78.852  16.702 0.1000000015
6807  -5.153  -78.155  14.446 0.8000000119
6808  -25.691  -79.006  14.392 0.2000000030
6818  -26.155  -78.750  13.748 0.2000000030
6824  -5.724  -79.056  13.117 0.8000000119
6825  -6.442  -78.459  12.821 0.8000000119
6837  -13.600  -78.588  11.367 1.0000000000
6839  -15.452  -78.621  11.485 0.8999999762
6850  -7.022  -78.703  11.156 0.8000000119
6851  -7.863  -78.034  10.891 0.8000000119
6856  -17.111  -79.014  10.556 0.8999999762
6859  -8.181  -78.270  10.151 0.8000000119
6862  -12.365  -78.084  9.768 1.0000000000
6869  -12.116  -77.697  8.412 0.8000000119
6877  -11.007  -78.611  6.749 0.6999999881
6878  -11.536  -77.920  7.269 0.8999999762
6879  -12.241  -77.750  7.205 0.8000000119
6895  -20.590  -78.204  5.829 0.1000000015
6901  -5.676  -77.659  5.130 0.6000000238
6905  -10.997  -78.243  5.165 0.8000000119
6906  -11.605  -78.246  5.518 0.6999999881
6909  -21.159  -78.398  5.195 0.1000000015
6919  -21.689  -78.496  4.468 0.1000000015
6928  -6.397  -78.866  4.059 0.6000000238
6929  -6.736  -78.914  3.360 0.5000000000
6942  -7.985  -79.099  2.308 0.5000000000
6961  -8.664  -79.331  1.864 0.5000000000
6999  -24.367  -77.103  -1.722 0.1000000015
7001  -25.812  -77.475  -2.693 0.1000000015
7015  -34.148  -78.548  -3.198 0.1000000015
7019  -26.045  -77.815  -3.717 0.1000000015
7022  -28.502  -77.701  -4.593 0.1000000015
7027  -28.254  -77.797  -4.709 0.1000000015
7096  -8.876  -77.502  42.902 0.4000000060
7102  -9.342  -77.675  42.302 0.4000000060
7110  -9.752  -77.419  41.721 0.4000000060
7120  -10.426  -77.684  40.511 0.5000000000
7129  -5.040  -77.645  40.801 1.0000000000
7132  -10.578  -77.518  39.766 0.6999999881
7141  -4.354  -78.051  39.295 1.0000000000
7156  -10.350  -77.877  38.197 0.6999999881
7194  -6.775  -77.965  33.951 0.1000000015
7202  -5.639  -77.329  32.116 0.1000000015
7233  -9.462  -77.765  26.761 0.1000000015
7239  -26.312  -77.874  26.552 0.1000000015
7247  -25.965  -77.651  25.868 0.1000000015
7250  -7.692  -77.211  24.345 1.0000000000
7264  -7.152  -77.787  23.881 1.0000000000
7275  -10.613  -77.342  22.500 1.0000000000
7279  -25.921  -77.684  22.535 0.1000000015
7283  -10.363  -77.036  21.734 1.0000000000
7289  -28.445  -77.985  21.274 0.1000000015
7292  -31.288  -77.681  21.488 0.1000000015
7309  -6.772  -77.207  20.176 0.8999999762
7310  -7.703  -77.829  19.697 0.8999999762
7332  -4.825  -78.103  17.079 0.8000000119
7334  -7.651  -77.749  17.092 0.8999999762
7346  -7.137  -77.516  12.739 0.8000000119
7358  -23.622  -76.955  10.300 0.1000000015
7362  -20.622  -77.254  9.315 0.1000000015
7364  -22.438  -77.500  9.597 0.1000000015
7365  -23.246  -77.322  9.661 0.1000000015
7370  -8.365  -77.433  8.686 0.6999999881
7372  -18.617  -77.077  8.219 0.1000000015
7377  -23.594  -77.425  8.087 0.1000000015
7387  -6.472  -76.905  7.005 0.6000000238
7388  -7.642  -77.315  7.465 0.6000000238
7392  -19.084  -77.473  7.615 0.1000000015
7397  -24.157  -77.364  7.500 0.1000000015
7408  -11.846  -77.744  6.966 0.8000000119
7410  -17.647  -77.313  7.052 0.1000000015
7412  -19.345  -77.740  6.628 0.1000000015
7428  -5.644  -76.870  5.694 0.6000000238
7430  -16.405  -77.139  5.703 0.1000000015
7431  -17.958  -77.682  4.978 0.1000000015
7447  -16.733  -77.306  4.780 0.1000000015
7460  -7.107  -77.763  2.902 0.5000000000
7476  -13.792  -77.836  1.704 0.3000000119
7488  -9.181  -77.752  1.786 0.4000000060
7491  -13.251  -77.731  0.753 0.3000000119
7495  -17.469  -76.230  0.916 0.2000000030
7510  -12.276  -77.349  0.754 0.3000000119
7513  -15.180  -77.115  -0.253 0.5000000000
7523  -14.877  -76.719  -0.355 0.3000000119
7535  -16.676  -76.609  -1.094 0.3000000119
7539  -22.479  -76.461  -1.243 0.1000000015
7553  -28.913  -77.610  -4.896 0.1000000015
7555  -30.436  -77.273  -4.593 0.1000000015
7557  -33.761  -77.423  -4.157 0.1000000015
7558  -35.194  -76.825  -3.729 0.1000000015
7560  -30.325  -77.590  -4.822 0.1000000015
7657  -9.906  -76.660  41.274 0.4000000060
7678  -10.111  -76.067  39.053 0.5000000000
7692  -10.264  -76.786  38.848 0.8000000119
7755  -6.816  -76.029  27.980 0.2000000030
7766  -5.217  -76.264  27.211 0.2000000030
7777  -3.758  -76.213  26.240 0.3000000119
7783  -3.377  -75.672  25.348 0.5000000000
7791  -7.220  -76.307  24.341 1.0000000000
7793  -9.037  -76.516  24.724 1.0000000000
7794  -9.829  -76.418  24.382 1.0000000000
7804  -10.514  -76.621  23.646 1.0000000000
7809  -25.516  -75.833  23.745 0.1000000015
7814  -25.485  -76.156  23.033 0.1000000015
7815  -7.822  -75.521  21.225 0.8999999762
7818  -10.657  -75.994  21.507 1.0000000000
7825  -6.212  -76.016  21.036 0.8999999762
7827  -28.962  -76.669  20.310 0.1000000015
7832  -4.816  -75.959  20.215 0.8000000119
7838  -4.172  -76.201  18.438 0.8999999762
7859  -5.941  -76.389  13.709 0.8000000119
7868  -7.519  -76.263  11.757 0.8000000119
7869  -23.875  -76.098  11.471 0.1000000015
7884  -25.998  -76.461  10.593 0.1000000015
7891  -22.068  -77.149  10.114 0.1000000015
7892  -24.505  -76.879  10.108 0.1000000015
7895  -27.239  -76.420  9.642 0.1000000015
7901  -8.186  -76.786  9.187 0.8000000119
7903  -17.983  -76.693  8.225 0.1000000015
7904  -19.418  -76.466  9.086 0.1000000015
7918  -5.881  -76.234  7.415 0.6000000238
7920  -15.825  -76.036  7.540 0.1000000015
7921  -16.428  -75.999  7.899 0.1000000015
7933  -14.614  -76.093  6.280 0.1000000015
7934  -15.772  -76.730  6.238 0.1000000015
7944  -5.743  -75.953  5.259 0.6999999881
7946  -7.126  -76.338  4.528 0.6000000238
7949  -15.152  -76.539  5.782 0.1000000015
7959  -5.909  -76.702  4.579 0.6000000238
7961  -7.998  -76.607  3.847 0.5000000000
7963  -13.533  -76.210  3.664 0.1000000015
7974  -8.765  -76.568  3.123 0.5000000000
7977  -14.230  -76.461  3.030 0.2000000030
7984  -7.529  -77.099  2.761 0.5000000000
7986  -9.083  -76.708  2.388 0.4000000060
7990  -16.174  -76.758  2.423 0.1000000015
7998  -10.372  -76.649  1.811 0.4000000060
8000  -14.623  -75.647  1.227 0.2000000030
8015  -11.846  -76.911  0.958 0.3000000119
8016  -12.697  -76.694  0.634 0.2000000030
8025  -22.929  -75.750  -0.511 0.1000000015
8033  -15.074  -76.177  -0.386 0.2000000030
8034  -15.730  -76.047  -0.604 0.3000000119
8045  -17.853  -76.139  -1.362 0.3000000119
8047  -19.817  -75.895  -1.507 0.2000000030
8067  -32.641  -76.939  -4.383 0.1000000015
8109  -7.087  -75.292  46.212 0.1000000015
8139  -7.459  -74.731  42.940 0.3000000119
8171  -8.995  -74.887  40.479 0.4000000060
8184  -8.833  -74.920  38.836 0.6999999881
8248  -4.288  -75.091  33.187 0.3000000119
8259  -5.857  -75.859  32.206 0.2000000030
8273  -9.545  -75.223  29.303 0.1000000015
8288  -3.940  -75.034  27.440 0.3000000119
8307  -3.396  -74.909  24.765 0.8999999762
8323  -9.734  -75.541  24.407 1.0000000000
8329  -4.229  -75.453  23.308 0.8000000119
8336  -9.746  -75.447  20.922 1.0000000000
8338  -11.255  -74.887  21.677 1.0000000000
8339  -26.242  -76.102  20.789 0.1000000015
8340  -6.383  -75.267  21.113 0.8999999762
8342  -8.028  -75.194  21.081 0.8999999762
8349  -5.620  -75.048  20.670 0.8999999762
8351  -4.340  -75.311  18.531 0.8000000119
8352  -4.613  -75.006  19.426 0.8000000119
8354  -9.181  -75.320  18.309 0.8999999762
8358  -12.703  -75.281  18.628 0.8999999762
8362  -4.325  -75.583  17.622 0.8000000119
8367  -11.424  -75.656  17.758 0.6999999881
8376  -4.334  -75.849  16.713 0.8000000119
8378  -8.448  -75.831  16.446 0.6999999881
8379  -9.267  -75.990  16.474 0.6999999881
8380  -9.926  -75.896  16.998 0.6999999881
8393  -7.100  -75.286  15.541 0.6999999881
8394  -8.056  -75.809  15.683 0.8000000119
8398  -12.054  -76.199  15.459 0.6999999881
8400  -14.379  -75.203  15.320 0.6000000238
8406  -9.005  -75.994  14.343 0.6000000238
8411  -14.197  -75.432  14.546 0.4000000060
8414  -4.780  -74.669  14.298 0.8000000119
8415  -5.055  -74.843  13.689 0.8000000119
8416  -5.558  -75.534  13.402 0.6999999881
8417  -7.556  -74.864  13.966 0.6999999881
8421  -11.284  -76.235  13.235 0.4000000060
8424  -14.072  -75.503  13.732 0.4000000060
8429  -6.125  -75.504  12.669 0.6999999881
8430  -8.683  -75.323  13.024 0.5000000000
8431  -9.876  -75.496  12.143 0.5000000000
8446  -7.306  -75.591  10.561 0.6999999881
8448  -10.468  -75.321  11.630 0.4000000060
8449  -11.390  -75.480  11.776 0.4000000060
8450  -12.130  -75.534  11.922 0.4000000060
8455  -26.011  -75.425  11.699 0.1000000015
8465  -23.284  -75.861  11.373 0.1000000015
8466  -27.025  -75.690  10.752 0.1000000015
8467  -28.210  -75.101  9.935 0.1000000015
8470  -5.659  -74.832  8.672 0.6999999881
8471  -5.948  -74.900  9.288 0.6999999881
8472  -6.991  -75.448  9.651 0.8000000119
8474  -21.471  -75.261  10.079 0.1000000015
8480  -5.782  -75.355  8.397 0.6999999881
8485  -20.410  -75.544  9.523 0.1000000015
8501  -5.941  -74.947  5.790 0.6999999881
8507  -13.581  -75.040  6.476 0.2000000030
8515  -5.824  -75.383  5.571 0.6999999881
8518  -7.630  -76.202  5.388 0.5000000000
8520  -10.480  -75.776  5.504 0.3000000119
8533  -10.444  -75.947  3.870 0.4000000060
8534  -11.009  -75.613  4.060 0.4000000060
8535  -13.045  -75.808  4.176 0.1000000015
8543  -9.722  -76.337  3.611 0.5000000000
8544  -10.401  -76.048  2.727 0.5000000000
8545  -11.422  -75.537  2.887 0.2000000030
8552  -11.439  -75.642  2.073 0.2000000030
8561  -11.929  -75.870  1.519 0.2000000030
8563  -13.558  -75.773  0.815 0.2000000030
8565  -15.844  -75.473  0.409 0.2000000030
8572  -14.027  -75.959  0.199 0.2000000030
8573  -14.810  -75.722  -0.057 0.2000000030
8575  -17.015  -75.205  -0.362 0.2000000030
8576  -17.877  -75.053  -0.809 0.2000000030
8579  -21.458  -74.876  -0.724 0.1000000015
8580  -22.102  -75.261  -0.652 0.1000000015
8589  -21.093  -74.516  -0.952 0.1000000015
8596  -19.121  -75.119  -1.043 0.3000000119
8598  -21.128  -74.569  -1.040 0.1000000015
8643  -7.585  -75.222  46.971 0.1000000015
8665  -7.122  -74.092  44.839 0.2000000030
8685  -7.223  -73.897  43.621 0.3000000119
8686  -8.779  -73.924  44.364 0.3000000119
8687  -9.908  -74.466  43.755 0.2000000030
8702  -12.847  -74.340  41.700 0.1000000015
8713  -7.588  -73.425  42.362 0.3000000119
8728  -4.651  -74.489  41.767 0.8000000119
8729  -4.828  -75.037  41.810 0.8999999762
8733  -11.838  -74.980  40.675 0.1000000015
8734  -12.366  -74.850  40.500 0.1000000015
8744  -3.749  -74.267  40.516 0.8000000119
8749  -11.778  -74.404  39.476 0.1000000015
8750  -12.439  -74.626  39.702 0.1000000015
8786  -6.586  -74.574  36.015 0.1000000015
8810  -4.333  -74.331  33.359 0.2000000030
8811  -4.842  -74.257  33.125 0.2000000030
8874  -8.693  -73.926  27.190 1.0000000000
8883  -8.547  -74.301  26.490 1.0000000000
8892  -3.645  -74.342  25.097 0.8999999762
8908  -9.408  -74.893  24.803 1.0000000000
8917  -10.381  -74.164  23.933 1.0000000000
8918  -10.934  -74.193  23.257 1.0000000000
8930  -12.563  -73.881  21.775 1.0000000000
8933  -6.882  -74.856  21.105 0.8999999762
8934  -7.615  -74.924  20.991 0.8999999762
8938  -13.403  -74.203  20.584 0.8999999762
8942  -5.394  -74.759  20.104 0.8999999762
8944  -7.082  -74.662  20.436 0.8999999762
8947  -10.286  -74.875  19.969 1.0000000000
8949  -12.811  -74.853  20.096 1.0000000000
8954  -4.731  -74.893  18.514 0.8000000119
8959  -9.472  -75.120  19.151 0.8999999762
8961  -10.996  -75.079  19.558 1.0000000000
8963  -14.481  -74.181  18.242 0.6000000238
8969  -6.252  -74.885  17.913 0.8000000119
8972  -15.579  -73.720  17.207 0.6000000238
8977  -5.872  -74.779  16.959 0.8000000119
8979  -14.649  -74.887  16.153 0.6000000238
8986  -4.640  -74.613  14.984 0.8000000119
8988  -15.164  -74.838  15.332 0.5000000000
8990  -16.543  -74.125  14.824 0.4000000060
9003  -5.020  -74.224  13.593 0.6999999881
9004  -6.256  -73.851  13.657 0.6999999881
9005  -6.985  -74.323  13.611 0.6999999881
9007  -14.738  -75.105  13.276 0.4000000060
9013  -5.144  -74.199  12.939 0.6999999881
9015  -8.268  -74.792  12.429 0.5000000000
9032  -5.685  -74.401  11.015 0.6000000238
9033  -8.145  -74.386  11.603 0.5000000000
9034  -10.228  -74.845  11.072 0.5000000000
9049  -5.321  -73.572  10.927 0.6999999881
9054  -11.222  -74.072  10.681 0.4000000060
9070  -17.710  -75.059  8.286 0.1000000015
9082  -7.792  -73.974  7.368 0.6000000238
9088  -16.352  -74.700  7.799 0.1000000015
9100  -5.860  -74.470  6.387 0.6999999881
9103  -8.248  -74.905  7.109 0.5000000000
9104  -9.458  -74.988  7.155 0.5000000000
9105  -10.532  -74.796  6.923 0.4000000060
9118  -12.580  -74.600  6.248 0.3000000119
9239  -9.287  -73.447  43.126 0.3000000119
9250  -4.401  -73.831  41.882 0.8999999762
9253  -10.361  -73.572  41.343 0.3000000119
9296  -13.623  -73.608  38.613 0.1000000015
9325  -7.308  -73.416  36.628 0.1000000015
9326  -8.214  -73.757  36.632 0.1000000015
9335  -6.153  -72.886  35.140 0.1000000015
9336  -10.325  -73.529  36.233 0.1000000015
9337  -10.982  -73.444  35.911 0.1000000015
9386  -3.662  -72.473  30.303 0.5000000000
9391  -10.157  -73.299  30.760 0.1000000015
9434  -9.744  -73.172  27.149 1.0000000000
9471  -11.313  -73.558  23.311 1.0000000000
9472  -11.925  -72.981  23.481 1.0000000000
9479  -12.598  -72.905  22.975 1.0000000000
9487  -13.220  -73.444  21.980 1.0000000000
9488  -13.562  -73.133  21.627 1.0000000000
9498  -25.622  -73.818  21.413 0.1000000015
9505  -14.613  -73.465  18.611 0.6000000238
9506  -15.049  -72.912  18.194 0.4000000060
9513  -16.483  -73.229  16.016 0.5000000000
9517  -16.438  -73.832  15.546 0.5000000000
9523  -5.103  -73.922  13.526 0.6999999881
9524  -5.240  -73.937  13.811 0.8000000119
9526  -17.207  -73.204  13.804 0.3000000119
9529  -5.444  -73.666  13.030 0.6999999881
9530  -5.656  -73.713  13.571 0.6999999881
9532  -16.110  -74.271  13.149 0.3000000119
9539  -5.426  -73.397  12.277 0.6000000238
9542  -14.930  -74.159  12.253 0.2000000030
9543  -15.666  -73.903  12.403 0.3000000119
9561  -7.801  -73.643  10.791 0.5000000000
9562  -12.731  -74.379  11.376 0.3000000119
9565  -15.993  -73.201  11.917 0.2000000030
9578  -9.474  -74.011  10.328 0.5000000000
9580  -11.687  -73.411  10.407 0.3000000119
9591  -5.309  -72.587  9.748 0.6000000238
9596  -27.763  -73.515  9.848 0.1000000015
9609  -7.253  -73.121  7.425 0.6000000238
9614  -12.665  -72.902  7.429 0.3000000119
9616  -15.317  -73.602  7.781 0.1000000015
9627  -5.768  -73.862  7.188 0.6999999881
9631  -13.015  -73.681  7.232 0.2000000030
9778  -4.590  -72.510  41.825 0.8999999762
9780  -8.386  -72.226  41.255 0.3000000119
9791  -4.322  -72.427  41.866 0.8999999762
9843  -11.910  -72.223  37.447 0.1000000015
9859  -6.526  -72.043  36.601 0.1000000015
9863  -13.590  -72.063  36.783 0.1000000015
9929  -10.417  -72.412  30.725 0.1000000015
9939  -3.503  -71.986  29.887 0.5000000000
9940  -4.999  -71.142  28.941 0.8000000119
9977  -9.662  -72.596  27.914 1.0000000000
9999  -10.565  -72.449  25.462 1.0000000000
10009  -10.821  -72.740  24.747 1.0000000000
10010  -11.387  -72.238  24.507 1.0000000000
10027  -13.281  -72.158  22.445 1.0000000000
10041  -13.688  -71.706  21.052 1.0000000000
10048  -14.274  -72.502  19.538 0.6000000238
10062  -17.119  -72.403  15.172 0.3000000119
10069  -17.265  -72.876  14.537 0.3000000119
10079  -5.567  -72.970  11.756 0.6999999881
10094  -5.413  -72.818  11.113 0.6999999881
10096  -6.274  -72.677  11.193 0.5000000000
10097  -13.936  -73.077  10.799 0.2000000030
10099  -16.188  -72.223  11.598 0.2000000030
10103  -25.666  -72.825  11.520 0.1000000015
10104  -26.282  -72.722  10.848 0.1000000015
10110  -5.519  -72.484  10.195 0.6000000238
10111  -6.102  -72.266  10.200 0.5000000000
10114  -13.444  -72.548  10.365 0.2000000030
10128  -5.734  -71.808  9.305 0.5000000000
10131  -9.387  -72.255  9.383 0.4000000060
10132  -10.299  -72.108  9.395 0.4000000060
10133  -11.185  -71.980  9.479 0.4000000060
10134  -12.157  -71.861  9.556 0.3000000119
10139  -5.474  -71.719  8.798 0.6000000238
10141  -27.354  -72.619  8.640 0.1000000015
10146  -5.551  -72.083  8.366 0.6000000238
10148  -6.640  -71.571  7.711 0.5000000000
10149  -7.836  -72.329  7.404 0.6000000238
10150  -8.784  -72.438  7.310 0.5000000000
10153  -12.377  -72.054  7.308 0.3000000119
10156  -15.124  -72.567  7.596 0.1000000015
10165  -8.288  -71.464  7.155 0.5000000000
10168  -10.894  -71.810  6.730 0.4000000060
10196  -17.336  -71.647  3.566 0.1000000015
10197  -18.008  -72.051  3.618 0.2000000030
10209  -18.542  -71.620  3.137 0.1000000015
10210  -19.272  -71.795  3.420 0.1000000015
10383  -3.995  -71.892  41.434 0.8000000119
10388  -9.605  -71.272  40.327 0.4000000060
10399  -4.137  -71.339  40.413 0.8000000119
10400  -5.787  -71.811  40.179 0.8999999762
10401  -6.485  -71.592  39.673 0.5000000000
10431  -12.451  -71.987  36.935 0.2000000030
10466  -10.483  -71.514  35.381 0.1000000015
10473  -5.459  -71.732  35.335 0.1000000015
10508  -6.265  -71.104  32.125 0.3000000119
10509  -7.437  -71.308  32.055 0.2000000030
10511  -9.258  -71.362  31.469 0.1000000015
10523  -3.512  -71.233  30.591 0.6999999881
10559  -3.684  -71.777  29.158 0.6999999881
10577  -9.475  -71.651  28.264 1.0000000000
10606  -12.013  -70.888  24.021 1.0000000000
10624  -12.864  -71.477  22.770 1.0000000000
10654  -13.940  -71.187  19.158 0.6999999881
10671  -15.091  -71.248  16.790 0.4000000060
10672  -15.748  -71.683  16.703 0.3000000119
10676  -16.735  -71.940  15.597 0.3000000119
10677  -17.184  -71.602  15.138 0.3000000119
10695  -17.271  -71.162  12.436 0.2000000030
10734  -6.208  -71.326  8.660 0.5000000000
10746  -5.799  -71.540  8.494 0.6000000238
10747  -6.243  -71.240  8.410 0.5000000000
10748  -6.711  -70.906  8.278 0.5000000000
10750  -26.558  -71.785  8.228 0.1000000015
10753  -6.373  -71.205  8.070 0.6000000238
10757  -13.760  -71.677  7.304 0.1000000015
10764  -8.752  -70.762  6.821 0.5000000000
10766  -10.384  -71.055  6.214 0.4000000060
10769  -13.306  -71.147  6.653 0.3000000119
10770  -14.649  -70.913  6.293 0.2000000030
10771  -15.359  -71.444  6.617 0.1000000015
10776  -11.950  -70.668  5.846 0.4000000060
10800  -16.163  -70.523  3.130 0.2000000030
10802  -18.435  -71.032  2.512 0.1000000015
10812  -17.070  -70.547  2.615 0.1000000015
10814  -18.723  -70.418  2.393 0.1000000015
11026  -5.583  -69.752  42.129 0.8000000119
11038  -4.480  -70.692  41.895 0.8999999762
11039  -6.146  -70.280  41.174 0.6999999881
11101  -7.191  -70.831  37.039 0.1000000015
11102  -9.182  -71.041  36.314 0.1000000015
11128  -13.046  -69.670  35.710 0.2000000030
11130  -14.414  -70.211  35.695 0.1000000015
11144  -5.670  -70.937  35.331 0.1000000015
11145  -5.913  -70.935  35.229 0.1000000015
11146  -10.495  -70.042  34.862 0.1000000015
11177  -3.607  -70.659  31.156 0.6999999881
11179  -6.363  -69.965  32.189 0.3000000119
11200  -9.657  -70.971  31.286 0.1000000015
11220  -6.412  -69.941  29.790 0.8999999762
11237  -7.461  -70.130  29.231 0.8999999762
11239  -9.067  -71.068  28.382 1.0000000000
11256  -9.050  -70.237  27.316 1.0000000000
11258  -10.157  -70.963  27.121 1.0000000000
11280  -10.545  -70.191  25.636 0.8999999762
11281  -11.052  -70.797  25.338 1.0000000000
11291  -7.076  -70.692  24.033 0.8000000119
11296  -11.470  -70.506  24.516 1.0000000000
11306  -7.767  -70.916  23.740 0.8999999762
11319  -6.674  -70.616  22.149 0.6999999881
11323  -10.350  -70.032  22.313 0.8000000119
11325  -12.896  -71.099  22.048 0.8999999762
11339  -5.485  -70.711  20.593 0.6999999881
11341  -6.560  -70.845  21.317 0.6999999881
11343  -9.005  -70.543  21.094 0.6000000238
11346  -12.617  -70.549  21.577 0.8000000119
11347  -13.202  -71.084  21.402 0.8999999762
11361  -6.804  -70.880  20.459 0.6999999881
11362  -8.109  -70.674  20.540 0.6999999881
11364  -10.707  -69.918  19.970 0.6999999881
11366  -12.247  -70.185  20.940 0.6999999881
11377  -5.435  -70.680  19.858 0.6999999881
11383  -12.557  -69.927  19.272 0.5000000000
11384  -13.378  -70.540  19.346 0.6999999881
11394  -7.421  -70.895  18.213 0.6000000238
11395  -7.932  -70.989  18.009 0.5000000000
11396  -8.800  -70.789  17.958 0.5000000000
11397  -9.875  -70.404  18.325 0.5000000000
11414  -14.598  -71.494  18.065 0.4000000060
11418  -7.647  -70.356  17.039 0.5000000000
11419  -8.022  -70.568  16.805 0.5000000000
11420  -8.926  -70.610  16.489 0.5000000000
11421  -10.004  -70.557  16.189 0.3000000119
11422  -11.012  -70.393  15.962 0.3000000119
11423  -12.694  -70.407  16.373 0.4000000060
11430  -7.798  -70.161  16.422 0.5000000000
11431  -8.294  -70.323  16.044 0.5000000000
11432  -9.337  -70.399  15.686 0.3000000119
11435  -13.601  -70.387  15.526 0.2000000030
11437  -16.589  -70.614  15.477 0.3000000119
11442  -11.031  -70.117  14.927 0.3000000119
11492  -15.202  -70.163  10.231 0.2000000030
11503  -8.828  -70.585  8.538 0.4000000060
11504  -9.883  -70.490  8.589 0.4000000060
11505  -10.786  -70.477  8.658 0.4000000060
11506  -11.628  -70.495  8.759 0.4000000060
11507  -12.521  -70.551  8.910 0.2000000030
11508  -13.427  -70.456  9.104 0.2000000030
11509  -14.285  -70.174  9.324 0.2000000030
11515  -7.469  -70.488  8.063 0.5000000000
11516  -8.416  -70.128  8.011 0.5000000000
11528  -18.449  -70.176  6.828 0.2000000030
11538  -8.549  -70.284  7.194 0.5000000000
11540  -10.106  -70.367  6.155 0.4000000060
11542  -12.745  -70.689  5.873 0.4000000060
11545  -18.899  -70.317  5.759 0.2000000030
11547  -21.282  -70.285  4.973 0.1000000015
11553  -10.089  -69.818  6.222 0.4000000060
11555  -11.358  -70.195  5.499 0.3000000119
11557  -12.967  -70.402  4.913 0.3000000119
11560  -20.750  -69.902  4.385 0.1000000015
11561  -20.959  -70.143  4.425 0.1000000015
11567  -13.259  -69.777  4.157 0.3000000119
11568  -14.153  -70.128  3.891 0.3000000119
11570  -19.342  -70.000  3.181 0.1000000015
11580  -14.572  -69.811  3.568 0.2000000030
11581  -15.533  -69.838  3.157 0.2000000030
11583  -19.163  -69.994  2.660 0.1000000015
11584  -19.530  -70.794  2.980 0.1000000015
11587  -17.435  -70.084  2.490 0.1000000015
11588  -18.287  -70.087  2.409 0.1000000015
11589  -18.910  -70.014  2.398 0.1000000015
11806  -5.186  -70.067  42.187 0.8999999762
11834  -4.751  -69.621  39.750 0.8999999762
11846  -4.975  -68.956  38.497 0.8999999762
11872  -4.935  -69.686  36.449 0.6000000238
11873  -6.226  -69.735  35.993 0.1000000015
11875  -7.724  -69.283  36.791 0.1000000015
12069  -11.112  -69.763  24.277 0.8999999762
12081  -11.201  -69.742  23.640 0.8999999762
12107  -5.226  -70.228  20.649 0.6999999881
12121  -5.106  -70.499  20.151 0.6999999881
12132  -5.056  -70.414  19.841 0.6999999881
12188  -16.226  -69.826  15.614 0.2000000030
12200  -7.561  -68.988  15.019 0.4000000060
12202  -10.624  -69.554  14.571 0.3000000119
12203  -11.557  -69.733  14.685 0.3000000119
12206  -17.451  -69.036  14.322 0.3000000119
12226  -17.339  -69.427  12.895 0.3000000119
12236  -16.469  -69.581  11.404 0.2000000030
12255  -15.020  -69.784  9.681 0.2000000030
12277  -11.482  -69.535  7.999 0.4000000060
12280  -17.901  -69.268  8.820 0.1000000015
12289  -9.260  -69.602  7.429 0.5000000000
12290  -9.893  -69.238  7.188 0.4000000060
12291  -11.011  -69.143  7.423 0.4000000060
12297  -18.081  -69.841  7.869 0.2000000030
12299  -20.068  -69.353  5.951 0.1000000015
12307  -8.975  -69.844  7.049 0.5000000000
12308  -9.539  -69.589  6.758 0.4000000060
12313  -21.929  -68.795  5.050 0.1000000015
12322  -11.433  -69.437  5.288 0.4000000060
12323  -15.514  -69.141  5.031 0.1000000015
12324  -16.352  -69.496  5.291 0.2000000030
12330  -12.037  -69.308  4.768 0.3000000119
12332  -13.351  -69.028  3.818 0.3000000119
12341  -14.086  -69.189  3.633 0.2000000030
12345  -17.764  -69.759  2.887 0.1000000015
12352  -17.831  -69.991  2.541 0.1000000015
12353  -18.419  -69.983  2.496 0.1000000015
12613  -5.437  -69.357  42.007 0.8999999762
12615  -6.680  -68.271  41.662 0.8000000119
12627  -7.486  -68.246  41.385 0.5000000000
12630  -10.025  -68.563  40.074 0.3000000119
12658  -11.028  -68.611  38.326 0.4000000060
12683  -6.571  -68.481  36.181 0.1000000015
12687  -12.011  -68.471  36.401 0.3000000119
12709  -9.810  -68.812  35.385 0.1000000015
12710  -12.464  -68.219  35.793 0.3000000119
12789  -4.268  -68.026  31.505 0.6000000238
12792  -7.920  -68.499  31.015 0.3000000119
12807  -4.010  -67.500  30.253 0.8999999762
12808  -4.241  -68.121  30.606 0.8000000119
12882  -6.697  -69.019  24.790 0.8000000119
12943  -4.966  -69.756  19.795 0.6999999881
12964  -8.006  -68.895  18.764 0.6999999881
12979  -7.850  -69.412  16.966 0.5000000000
13008  -7.899  -68.622  15.690 0.5000000000
13009  -13.580  -68.539  15.110 0.2000000030
13010  -14.380  -68.802  15.397 0.2000000030
13011  -15.362  -68.548  15.715 0.2000000030
13024  -7.574  -68.504  14.801 0.4000000060
13025  -7.652  -68.589  14.549 0.4000000060
13026  -8.406  -68.852  14.219 0.3000000119
13028  -10.417  -68.783  14.142 0.3000000119
13030  -12.663  -68.528  14.702 0.2000000030
13032  -17.217  -68.249  14.644 0.3000000119
13040  -7.698  -68.170  13.940 0.4000000060
13044  -17.349  -68.245  13.650 0.2000000030
13080  -17.611  -67.903  10.627 0.2000000030
13090  -15.117  -69.274  8.811 0.2000000030
13093  -17.791  -68.325  9.922 0.2000000030
13095  -19.453  -67.973  8.580 0.1000000015
13115  -12.483  -68.931  6.795 0.4000000060
13116  -13.418  -69.060  6.963 0.3000000119
13118  -15.225  -69.276  7.636 0.2000000030
13119  -16.154  -69.287  8.110 0.2000000030
13124  -11.324  -68.696  6.021 0.4000000060
13125  -12.080  -68.618  5.911 0.4000000060
13127  -14.362  -68.892  5.891 0.1000000015
13139  -11.340  -68.886  5.516 0.4000000060
13143  -14.806  -68.808  4.917 0.1000000015
13152  -11.918  -68.908  4.841 0.3000000119
13153  -12.473  -68.734  4.670 0.3000000119
13154  -13.833  -68.548  4.132 0.2000000030
13155  -14.555  -68.667  4.145 0.2000000030
13166  -15.114  -68.981  3.737 0.2000000030
13454  -6.616  -68.302  41.667 0.8999999762
13468  -6.430  -67.955  41.169 0.8999999762
13470  -8.128  -67.727  41.117 0.6999999881
13471  -9.621  -67.957  40.343 0.4000000060
13480  -5.571  -67.899  39.884 0.8999999762
13481  -5.934  -67.856  40.436 0.8999999762
13495  -11.034  -67.777  38.390 0.4000000060
13516  -4.228  -67.396  36.203 0.6000000238
13538  -7.462  -67.102  35.819 0.1000000015
13542  -13.045  -67.269  35.175 0.3000000119
13563  -10.208  -67.838  34.584 0.1000000015
13569  -18.370  -67.639  34.828 0.1000000015
13618  -4.032  -66.434  31.010 0.6999999881
13619  -4.416  -67.203  31.447 0.6000000238
13652  -8.609  -67.718  28.361 0.1000000015
13671  -4.357  -67.467  27.948 0.8999999762
13687  -7.902  -67.161  27.010 0.1000000015
13689  -9.579  -67.503  26.554 0.1000000015
13700  -4.837  -67.103  25.943 0.8999999762
13795  -10.363  -67.458  18.148 0.6000000238
13814  -9.827  -68.184  17.012 0.6000000238
13825  -9.979  -67.704  16.084 0.5000000000
13827  -15.652  -67.624  15.627 0.2000000030
13834  -7.623  -67.578  14.391 0.4000000060
13839  -14.102  -66.831  15.116 0.2000000030
13843  -7.555  -67.605  13.841 0.4000000060
13844  -7.990  -67.605  13.494 0.4000000060
13848  -11.725  -67.276  13.701 0.2000000030
13855  -8.228  -66.942  12.914 0.3000000119
13856  -9.347  -67.055  12.622 0.3000000119
13868  -17.483  -67.247  12.089 0.2000000030
13869  -18.458  -66.497  10.772 0.2000000030
13900  -19.323  -67.270  9.021 0.1000000015
14258  -4.935  -65.787  37.876 0.8999999762
14259  -11.856  -65.599  37.859 0.5000000000
14284  -3.867  -66.016  35.627 0.6999999881
14286  -6.107  -66.599  34.806 0.2000000030
14290  -19.395  -66.610  35.356 0.1000000015
14305  -8.860  -66.371  34.884 0.1000000015
14309  -14.656  -66.733  34.173 0.3000000119
14310  -16.153  -67.035  33.978 0.1000000015
14312  -17.990  -67.020  34.136 0.1000000015
14314  -19.223  -66.431  34.607 0.1000000015
14326  -15.883  -66.311  33.664 0.3000000119
14455  -12.299  -67.135  24.295 0.1000000015
14470  -12.513  -67.192  23.686 0.1000000015
14498  -5.320  -66.982  21.048 0.8000000119
14522  -4.853  -66.493  19.133 0.6999999881
14525  -6.764  -66.865  19.489 0.6000000238
14534  -5.187  -66.158  18.489 0.6999999881
14537  -9.333  -66.471  19.011 0.6000000238
14548  -11.776  -66.619  16.560 0.5000000000
14549  -12.316  -66.045  16.376 0.5000000000
14559  -14.999  -67.107  15.485 0.2000000030
14561  -16.706  -66.638  15.039 0.3000000119
14571  -7.635  -67.021  14.091 0.5000000000
14572  -8.417  -66.682  14.265 0.5000000000
14578  -16.223  -65.781  14.848 0.2000000030
14580  -17.321  -66.837  13.851 0.2000000030
14587  -8.025  -66.545  13.248 0.4000000060
14589  -10.397  -66.900  12.835 0.3000000119
14592  -17.428  -66.192  13.356 0.2000000030
14605  -9.893  -66.512  12.241 0.3000000119
14620  -8.511  -65.890  11.976 0.3000000119
14621  -9.352  -66.090  11.850 0.3000000119
14658  -20.160  -66.528  6.809 0.1000000015
15005  -7.539  -65.922  38.625 0.8999999762
15007  -9.775  -65.647  38.381 0.6000000238
15023  -11.726  -64.897  37.745 0.5000000000
15040  -12.426  -65.328  36.845 0.3000000119
15062  -4.110  -64.628  35.150 0.5000000000
15077  -4.210  -64.593  34.296 0.6000000238
15079  -5.920  -65.131  33.293 0.1000000015
15145  -5.048  -64.653  29.376 0.6000000238
15201  -4.520  -65.625  24.779 0.8000000119
15281  -5.057  -65.738  18.222 0.6999999881
15285  -9.133  -65.598  18.773 0.6000000238
15290  -5.407  -65.014  17.616 0.6999999881
15298  -13.021  -64.902  16.210 0.4000000060
15309  -14.755  -65.468  14.684 0.2000000030
15310  -15.458  -65.439  14.704 0.2000000030
15316  -8.169  -65.726  12.907 0.4000000060
15324  -17.249  -65.406  13.604 0.2000000030
15338  -8.169  -65.611  12.674 0.4000000060
15340  -10.988  -65.697  12.369 0.2000000030
15341  -11.746  -65.443  12.614 0.2000000030
15356  -8.021  -65.382  12.125 0.3000000119
15359  -17.875  -65.699  11.951 0.2000000030
15360  -18.324  -65.810  11.145 0.2000000030
15403  -19.146  -65.900  8.129 0.2000000030
15746  -10.368  -65.228  37.943 0.6000000238
15757  -5.208  -64.924  37.277 1.0000000000
15758  -6.630  -64.915  37.076 1.0000000000
15759  -8.177  -65.069  37.616 0.6999999881
15762  -11.400  -64.272  37.459 0.5000000000
15780  -12.263  -64.390  37.071 0.4000000060
15791  -4.459  -63.877  36.144 1.0000000000
15805  -14.027  -64.919  34.158 0.3000000119
15810  -4.198  -63.833  33.892 0.4000000060
15814  -14.753  -64.575  33.636 0.3000000119
15827  -7.157  -64.781  31.939 0.1000000015
15832  -16.740  -64.062  32.707 0.2000000030
15904  -4.796  -63.544  28.312 0.6000000238
15919  -6.188  -64.371  27.155 0.4000000060
15973  -5.244  -64.367  21.938 0.6999999881
16019  -5.164  -64.309  17.213 0.8000000119
16025  -12.590  -64.369  17.347 0.5000000000
16034  -10.597  -64.845  13.804 0.4000000060
16047  -13.170  -65.031  13.559 0.2000000030
16066  -14.047  -63.847  12.852 0.2000000030
16068  -16.978  -64.235  12.503 0.1000000015
16069  -17.535  -64.824  12.121 0.2000000030
16080  -7.867  -64.704  11.731 0.3000000119
16081  -8.593  -64.783  11.263 0.3000000119
16082  -9.679  -64.664  11.221 0.3000000119
16115  -16.963  -64.248  9.479 0.2000000030
16116  -17.760  -64.821  8.997 0.2000000030
16138  -17.131  -64.034  6.050 0.1000000015
16499  -11.118  -63.632  37.121 0.5000000000
16514  -10.879  -63.236  36.716 0.6999999881
16553  -4.271  -63.193  34.571 0.8000000119
16573  -16.275  -63.258  32.807 0.2000000030
16595  -5.032  -62.257  31.771 0.3000000119
16617  -7.367  -63.045  29.266 0.3000000119
16657  -4.635  -63.308  28.125 0.6999999881
16682  -9.806  -62.660  27.148 0.3000000119
16707  -11.087  -62.995  24.799 0.3000000119
16744  -14.183  -62.951  22.741 0.3000000119
16745  -14.909  -63.193  23.144 0.3000000119
16760  -7.738  -63.336  21.645 0.1000000015
16790  -4.765  -63.480  16.799 0.8000000119
16802  -5.254  -62.935  16.445 0.8000000119
16817  -9.784  -63.618  13.041 0.4000000060
16834  -7.687  -63.939  11.767 0.4000000060
16835  -7.982  -63.389  12.175 0.4000000060
16840  -15.445  -63.531  12.200 0.2000000030
16841  -16.310  -63.638  11.796 0.1000000015
16851  -7.806  -63.347  11.226 0.3000000119
16853  -10.886  -63.406  11.106 0.2000000030
16854  -11.705  -62.933  11.128 0.2000000030
16858  -16.451  -63.624  10.934 0.2000000030
16871  -13.951  -62.726  10.711 0.1000000015
16872  -14.814  -62.907  10.464 0.2000000030
16884  -14.557  -62.865  8.820 0.1000000015
16896  -14.585  -63.056  7.356 0.1000000015
16912  -17.423  -63.595  6.120 0.1000000015
16922  -16.659  -63.543  5.821 0.1000000015
16923  -17.998  -64.219  6.240 0.1000000015
17304  -11.348  -62.654  36.443 0.6999999881
17305  -11.724  -62.425  36.454 0.6999999881
17325  -9.250  -63.267  35.143 0.8999999762
17329  -13.028  -61.701  35.624 0.6000000238
17348  -14.017  -62.513  34.220 0.4000000060
17354  -5.590  -62.015  33.161 0.8000000119
17371  -5.330  -61.786  32.339 0.4000000060
17387  -5.287  -61.742  31.690 0.4000000060
17401  -6.082  -62.180  29.871 0.4000000060
17455  -10.262  -62.793  25.905 0.3000000119
17476  -10.667  -62.682  25.394 0.3000000119
17491  -11.776  -62.657  24.104 0.2000000030
17511  -15.327  -62.393  22.455 0.4000000060
17522  -7.463  -61.901  22.490 0.3000000119
17524  -15.549  -61.407  22.077 0.4000000060
17546  -5.027  -62.412  17.780 0.8000000119
17564  -13.307  -62.700  17.274 0.3000000119
17567  -5.190  -62.331  16.352 0.8000000119
17569  -13.897  -62.552  16.797 0.3000000119
17570  -14.245  -62.290  16.434 0.3000000119
17575  -14.446  -62.258  15.955 0.3000000119
17604  -7.812  -63.136  11.735 0.3000000119
17606  -9.410  -62.143  12.346 0.3000000119
17618  -8.636  -62.115  11.620 0.3000000119
17628  -8.599  -62.091  11.133 0.3000000119
17629  -9.014  -62.281  10.651 0.3000000119
17645  -11.349  -62.182  9.101 0.2000000030
17647  -13.008  -62.616  8.926 0.1000000015
17659  -12.568  -62.159  8.211 0.1000000015
17661  -13.762  -62.632  8.533 0.1000000015
17670  -13.330  -62.262  7.866 0.1000000015
17671  -14.286  -62.558  7.365 0.1000000015
17678  -15.585  -62.920  5.841 0.1000000015
18070  -12.196  -61.696  36.126 0.6000000238
18090  -12.405  -61.265  35.795 0.6000000238
18127  -21.176  -61.942  31.994 0.1000000015
18129  -22.144  -61.267  32.498 0.1000000015
18147  -7.585  -60.406  30.215 0.6000000238
18152  -5.953  -61.228  29.611 0.4000000060
18163  -7.525  -60.379  27.689 0.4000000060
18164  -8.065  -61.110  27.363 0.3000000119
18165  -8.877  -61.935  27.069 0.3000000119
18212  -11.936  -62.096  23.194 0.3000000119
18265  -9.009  -60.969  21.121 0.2000000030
18276  -9.433  -61.633  20.847 0.2000000030
18277  -10.186  -61.235  20.741 0.2000000030
18289  -5.587  -61.373  18.373 0.8000000119
18314  -12.829  -61.869  17.526 0.2000000030
18318  -5.600  -61.723  16.243 0.4000000060
18319  -6.176  -61.451  16.231 0.4000000060
18321  -14.514  -61.737  16.442 0.3000000119
18330  -15.283  -60.980  14.165 0.1000000015
18340  -11.520  -62.017  13.101 0.4000000060
18356  -8.984  -61.872  11.925 0.3000000119
18358  -10.610  -61.221  12.007 0.2000000030
18359  -12.304  -61.487  12.558 0.3000000119
18372  -9.956  -61.041  11.405 0.2000000030
18375  -13.512  -61.300  11.736 0.3000000119
18377  -15.282  -61.054  11.554 0.3000000119
18388  -9.696  -61.661  10.433 0.3000000119
18397  -10.393  -61.796  9.717 0.3000000119
18404  -12.321  -61.731  8.343 0.1000000015
18422  -15.680  -62.293  6.122 0.1000000015
18424  -16.950  -62.434  5.699 0.1000000015
18889  -11.949  -60.146  35.175 0.6999999881
18890  -12.425  -60.647  35.441 0.6000000238
18920  -16.087  -60.579  33.019 0.2000000030
18939  -19.513  -60.450  31.352 0.2000000030
18952  -14.592  -60.325  30.598 0.5000000000
18998  -9.762  -60.053  26.684 0.5000000000
19076  -16.757  -58.923  22.198 0.6000000238
19093  -17.441  -59.133  21.888 0.5000000000
19104  -9.365  -60.385  21.409 0.2000000030
19148  -20.980  -59.873  18.675 0.1000000015
19155  -5.311  -60.625  17.204 0.5000000000
19159  -11.315  -60.915  17.553 0.2000000030
19160  -12.211  -61.007  17.462 0.1000000015
19166  -7.022  -59.878  16.233 0.3000000119
19187  -16.015  -61.007  12.826 0.1000000015
19189  -17.248  -60.260  13.142 0.1000000015
19220  -9.653  -61.113  10.886 0.3000000119
19222  -11.073  -60.402  10.991 0.2000000030
19227  -16.264  -60.328  11.090 0.2000000030
19228  -16.900  -60.356  11.746 0.1000000015
19236  -10.821  -60.455  10.177 0.2000000030
19237  -12.243  -59.984  10.077 0.2000000030
19239  -13.774  -59.905  10.425 0.2000000030
19247  -10.657  -61.171  9.646 0.3000000119
19248  -11.181  -60.831  9.420 0.2000000030
19265  -13.645  -61.529  7.780 0.1000000015
19751  -12.119  -59.365  34.726 0.6000000238
19766  -12.619  -58.874  34.605 0.5000000000
19769  -14.761  -59.010  33.876 0.3000000119
19782  -11.279  -59.848  32.600 0.8999999762
19783  -11.479  -59.141  32.337 0.8999999762
19793  -12.790  -58.617  32.444 0.8000000119
19796  -18.528  -58.774  31.871 0.2000000030
19817  -11.339  -59.075  29.414 0.8000000119
19819  -17.430  -59.339  29.607 0.5000000000
19827  -11.002  -59.300  28.462 0.8000000119
19835  -8.682  -59.292  27.422 0.6000000238
19836  -9.492  -59.389  27.233 0.6000000238
19837  -10.135  -59.415  27.579 0.6000000238
19838  -10.921  -59.528  27.766 0.6000000238
19855  -4.631  -59.519  25.721 0.5000000000
19894  -19.273  -56.910  22.748 0.6000000238
19949  -5.689  -59.094  19.974 0.8000000119
19954  -22.789  -59.577  19.352 0.1000000015
19955  -23.389  -59.469  19.847 0.1000000015
19990  -6.516  -59.782  16.266 0.4000000060
20051  -17.125  -59.127  10.720 0.2000000030
20062  -14.060  -58.981  9.202 0.2000000030
20073  -14.965  -58.740  8.299 0.1000000015
20083  -18.428  -59.246  6.672 0.1000000015
20090  -17.905  -59.643  5.423 0.1000000015
20092  -18.136  -59.785  5.803 0.1000000015
20627  -12.640  -58.001  34.268 0.5000000000
20628  -13.315  -58.373  34.423 0.5000000000
20637  -15.277  -58.189  33.504 0.4000000060
20644  -11.726  -58.533  32.609 0.8000000119
20648  -16.740  -57.387  32.587 0.4000000060
20650  -17.977  -57.599  32.186 0.2000000030
20655  -15.420  -56.961  31.640 0.5000000000
20664  -16.077  -57.199  31.150 0.4000000060
20708  -7.367  -57.801  24.048 0.5000000000
20710  -9.290  -57.310  23.715 0.5000000000
20738  -11.300  -57.838  23.154 0.4000000060
20739  -11.865  -57.124  22.881 0.5000000000
20752  -13.240  -57.416  21.000 0.3000000119
20771  -5.787  -59.266  18.000 0.4000000060
20775  -16.456  -58.794  18.443 0.1000000015
20794  -6.740  -59.056  16.116 0.3000000119
20796  -7.336  -58.065  15.811 0.3000000119
20868  -15.050  -58.088  9.023 0.1000000015
20877  -18.919  -58.305  8.171 0.1000000015
21415  -13.427  -57.670  34.021 0.5000000000
21422  -13.086  -57.621  33.323 0.6999999881
21424  -14.429  -57.040  33.092 0.4000000060
21429  -15.160  -56.708  32.705 0.4000000060
21447  -17.155  -56.508  31.646 0.3000000119
21451  -21.513  -56.994  30.902 0.1000000015
21496  -8.471  -57.061  22.973 0.6000000238
21499  -11.344  -56.457  22.925 0.5000000000
21513  -11.051  -56.451  21.670 0.6000000238
21565  -7.111  -57.434  15.555 0.4000000060
21567  -9.001  -56.991  16.587 0.3000000119
21609  -18.251  -57.923  11.052 0.1000000015
21624  -17.926  -57.401  10.292 0.1000000015
21639  -16.222  -57.351  8.905 0.1000000015
21660  -15.809  -57.719  7.948 0.1000000015
22314  -11.149  -56.181  22.566 0.5000000000
22334  -6.823  -57.475  18.409 0.6000000238
22339  -12.942  -56.508  19.855 0.6000000238
22348  -6.685  -57.096  17.773 0.5000000000
22368  -6.926  -56.394  16.086 0.4000000060
22372  -9.987  -56.174  16.511 0.3000000119
22373  -11.188  -56.092  16.384 0.2000000030
22381  -7.527  -56.629  16.025 0.3000000119
22382  -7.554  -56.852  15.970 0.3000000119
22391  -12.728  -56.020  14.899 0.1000000015
22440  -17.295  -56.458  8.836 0.1000000015
22452  -17.058  -56.241  8.061 0.1000000015
22453  -19.652  -56.678  7.659 0.1000000015
23161  -14.060  -55.294  18.942 0.5000000000
23163  -15.575  -54.678  18.629 0.5000000000
23166  -18.351  -55.394  17.897 0.4000000060
23170  -22.182  -54.979  18.669 0.6000000238
23177  -7.536  -55.171  17.135 0.5000000000
23192  -7.851  -56.203  16.123 0.3000000119
23194  -12.162  -55.352  15.922 0.2000000030
23202  -12.668  -55.489  14.917 0.1000000015
23248  -19.172  -55.710  10.954 0.1000000015
23261  -21.650  -55.595  10.250 0.1000000015
23271  -18.816  -55.118  9.673 0.1000000015
23272  -21.706  -54.719  8.808 0.1000000015
23279  -18.227  -55.070  8.132 0.1000000015
23979  -22.685  -54.180  24.273 0.8000000119
24017  -11.871  -54.959  17.984 0.5000000000
24018  -12.853  -55.031  17.995 0.6000000238
24035  -7.793  -55.431  16.468 0.3000000119
24049  -8.043  -55.278  16.371 0.3000000119
24065  -12.705  -54.872  14.407 0.3000000119
24085  -12.910  -54.627  13.421 0.2000000030
24120  -22.868  -54.585  11.066 0.1000000015
24136  -18.741  -54.806  8.785 0.1000000015
24888  -8.112  -54.155  17.092 0.4000000060
24891  -10.795  -53.109  17.836 0.4000000060
24892  -12.524  -53.684  17.676 0.5000000000
24897  -18.208  -53.291  17.991 0.4000000060
24911  -8.130  -54.016  16.869 0.4000000060
24938  -9.514  -52.919  15.810 0.3000000119
25016  -22.837  -53.900  9.751 0.1000000015
25025  -19.761  -53.682  8.992 0.1000000015
25027  -22.634  -53.703  9.035 0.1000000015
25827  -10.222  -52.235  17.568 0.5000000000
25861  -9.025  -51.938  16.344 0.3000000119
25876  -9.193  -51.979  15.955 0.4000000060
25878  -10.876  -52.004  15.723 0.3000000119
25909  -12.775  -53.072  12.631 0.2000000030
25958  -23.707  -52.847  10.072 0.1000000015
26722  -11.801  -50.776  17.616 0.4000000060
26749  -16.609  -51.607  17.577 0.8000000119
26768  -15.304  -51.262  16.912 0.6999999881
27589  -10.077  -50.644  17.241 0.4000000060
27660  -13.362  -50.498  14.665 0.1000000015
28495  -11.835  -49.166  17.757 0.4000000060
28513  -12.835  -49.371  17.280 0.3000000119
29388  -19.229  -49.074  15.743 0.6000000238
30172  -20.670  -47.217  21.710 0.3000000119
30186  -11.321  -47.554  17.702 0.4000000060
30196  -10.813  -46.934  17.268 0.4000000060
30198  -12.317  -47.041  17.690 0.4000000060
30210  -10.586  -46.914  16.788 0.4000000060
30240  -11.453  -46.424  16.089 0.4000000060
31059  -11.512  -46.327  17.549 0.4000000060
33760  -13.159  -42.825  15.365 0.4000000060
33774  -12.869  -42.920  15.168 0.5000000000
33787  -12.933  -42.308  14.569 0.2000000030
33797  -12.857  -42.632  13.890 0.3000000119
105771  -5.874  -60.859  30.322 0.6999999881
105783  -8.432  -87.259  35.130 0.8000000119
105911  -7.030  -70.653  23.262 0.8000000119
105964  -3.707  -75.160  40.359 0.8000000119
105986  -10.789  -79.385  1.252 0.4000000060
106063  -11.732  -90.751  35.711 0.4000000060
106068  -21.589  -84.147  5.885 0.8999999762
106141  -10.818  -75.696  3.284 0.4000000060
106142  -25.798  -89.412  24.934 0.3000000119
106180  -4.742  -87.193  24.420 0.2000000030
106202  -24.339  -84.972  2.634 0.2000000030
106204  -7.649  -71.559  9.188 0.5000000000
106215  -3.866  -83.111  28.450 0.3000000119
106258  -11.275  -86.394  38.280 0.4000000060
106428  -7.336  -88.943  24.975 1.0000000000
106534  -16.827  -96.591  12.995 0.6999999881
106545  -4.163  -63.461  25.537 0.8000000119
106633  -8.143  -62.014  21.338 0.2000000030
106658  -23.820  -90.581  19.502 0.5000000000
106759  -4.658  -80.871  46.854 0.1000000015
106883  -7.864  -82.395  9.507 1.0000000000
106905  -9.129  -63.965  36.004 0.8000000119
106926  -17.368  -96.490  8.219 0.4000000060
106934  -11.603  -79.808  11.121 0.8999999762
106937  -18.101  -83.848  37.804 0.1000000015
106962  -17.611  -92.738  26.854 0.3000000119
106983  -9.875  -87.586  21.370 0.8000000119
106992  -15.171  -53.719  18.588 0.5000000000
107019  -5.476  -74.390  14.982 0.8000000119
107045  -11.815  -76.092  16.215 0.6999999881
107099  -6.487  -81.032  9.577 0.8999999762
107109  -16.801  -52.932  18.361 0.6000000238
107136  -17.357  -67.106  12.913 0.2000000030
107139  -4.713  -77.220  18.636 0.8999999762
107247  -19.175  -73.795  5.938 0.1000000015
107300  -6.584  -76.931  13.414 0.8000000119
107345  -4.467  -88.736  28.330 0.6000000238
107384  -12.799  -83.458  35.607 0.5000000000
107588  -12.931  -93.544  30.155 0.5000000000
107627  -10.214  -83.852  34.105 0.6000000238
107639  -8.072  -88.927  34.352 0.8000000119
107663  -8.622  -83.897  10.705 1.0000000000
107707  -12.359  -86.465  44.643 0.1000000015
107811  -16.399  -74.456  14.038 0.3000000119
107870  -9.676  -75.795  12.925 0.6000000238
107911  -4.880  -86.283  24.235 0.2000000030
107979  -18.638  -88.673  8.072 0.1000000015
107983  -4.847  -70.947  36.756 0.6999999881
108025  -17.532  -70.907  13.382 0.3000000119
108026  -17.253  -77.422  5.431 0.1000000015
108109  -20.342  -70.296  3.956 0.1000000015
108169  -19.297  -86.603  10.556 0.4000000060
108225  -25.866  -79.479  11.909 0.2000000030
108239  -8.271  -85.614  25.764 0.8999999762
108246  -10.989  -75.871  23.122 1.0000000000
108252  -8.227  -71.313  36.893 0.1000000015
108316  -22.811  -87.806  1.594 0.2000000030
108317  -12.570  -76.112  13.875 0.5000000000
108486  -11.306  -81.902  3.176 0.5000000000
108695  -6.679  -85.503  34.833 1.0000000000
108706  -24.921  -85.211  -3.492 0.1000000015
108795  -12.843  -75.917  15.264 0.6000000238
108809  -12.555  -82.032  12.649 0.8000000119
108843  -5.788  -89.580  12.992 0.2000000030
108896  -4.330  -72.858  37.998 0.6999999881
108963  -17.511  -55.864  7.641 0.1000000015
108967  -19.218  -87.505  18.568 0.6000000238
109056  -12.284  -63.579  36.606 0.5000000000
109097  -18.364  -62.903  31.918 0.1000000015
109098  -29.154  -87.500  17.783 0.4000000060
109158  -13.071  -92.452  27.659 0.5000000000
109161  -4.138  -72.859  34.636 0.2000000030
109213  -27.098  -81.487  2.067 0.2000000030
109234  -15.787  -60.649  28.037 0.6999999881
109299  -14.332  -74.761  12.469 0.3000000119
109307  -11.777  -69.719  17.960 0.3000000119
109324  -11.168  -86.660  26.142 0.8000000119
109357  -11.415  -69.949  22.362 0.8000000119
109442  -16.126  -79.870  6.461 0.6999999881
109450  -19.159  -84.635  -1.661 0.3000000119
109455  -23.391  -93.558  9.249 0.4000000060
109485  -5.510  -79.789  20.351 0.6999999881
109506  -11.647  -58.569  33.825 0.8000000119
109527  -13.993  -74.851  17.632 0.6999999881
109559  -16.232  -92.652  33.287 0.4000000060
109615  -11.577  -60.284  10.415 0.2000000030
109624  -14.219  -93.734  30.853 0.4000000060
109677  -12.700  -73.393  22.429 0.8999999762
109699  -7.217  -91.348  29.015 0.8999999762
109709  -11.839  -90.742  36.140 0.4000000060
109747  -10.940  -64.174  17.879 0.5000000000
109878  -11.181  -91.641  22.940 1.0000000000
109916  -6.541  -60.161  16.256 0.4000000060
109934  -4.634  -86.906  38.524 0.6999999881
109952  -23.818  -77.214  8.903 0.1000000015
109968  -4.660  -74.786  15.883 0.8000000119
110001  -28.114  -90.796  5.384 0.5000000000
110016  -25.531  -90.331  25.489 0.3000000119
110058  -13.580  -59.428  9.625 0.2000000030
110073  -7.157  -82.361  34.585 1.0000000000
110174  -11.675  -66.557  17.287 0.5000000000
110254  -10.417  -87.012  11.311 0.6999999881
110318  -4.814  -63.366  17.730 0.8000000119
110436  -9.100  -86.941  11.703 0.5000000000
110481  -12.889  -81.598  4.725 0.5000000000
110504  -5.627  -60.355  16.685 0.5000000000
110574  -25.506  -82.146  14.273 0.1000000015
110579  -21.411  -85.904  8.040 0.4000000060
110630  -11.328  -66.761  15.844 0.4000000060
110667  -14.094  -83.036  42.727 0.1000000015
110681  -18.886  -72.473  4.003 0.1000000015
110712  -9.745  -74.954  19.731 1.0000000000
110718  -18.346  -89.525  -0.772 0.4000000060
110719  -18.903  -79.914  -1.605 0.4000000060
110778  -25.441  -84.131  18.150 0.3000000119
110781  -14.678  -80.527  5.829 0.8000000119
110793  -21.303  -84.012  8.106 0.6999999881
110805  -6.512  -84.090  8.222 1.0000000000
110836  -11.386  -82.318  34.741 0.6000000238
110839  -4.675  -89.290  24.507 0.4000000060
110938  -18.189  -85.919  20.140 0.5000000000
110981  -23.385  -88.505  13.503 0.6999999881
111158  -13.019  -89.901  23.146 0.8999999762
111318  -12.703  -63.222  11.630 0.2000000030
111339  -24.358  -82.892  8.668 0.2000000030
111346  -13.802  -87.010  25.058 0.8000000119
111364  -9.968  -79.441  1.312 0.5000000000
111449  -5.987  -81.702  40.211 0.3000000119
111466  -23.056  -88.430  9.493 0.5000000000
111641  -17.469  -72.125  4.363 0.1000000015
111648  -24.937  -81.478  3.950 0.2000000030
111687  -4.260  -87.086  26.647 0.5000000000
111691  -20.824  -89.027  31.335 0.1000000015
111796  -5.303  -73.409  10.036 0.6999999881
111867  -13.556  -68.605  5.444 0.3000000119
111873  -4.179  -66.489  28.749 0.6999999881
111971  -6.993  -56.108  16.510 0.3000000119
111988  -18.322  -59.802  7.288 0.1000000015
111994  -12.102  -74.807  43.104 0.1000000015
112012  -4.323  -86.912  31.724 0.8000000119
112019  -4.346  -81.573  44.137 0.2000000030
112022  -4.682  -78.213  15.032 0.8000000119
112113  -22.678  -82.958  38.082 0.1000000015
112244  -12.148  -75.189  19.445 1.0000000000
112349  -11.311  -78.783  8.584 0.8000000119
112402  -20.405  -89.917  15.018 0.6000000238
112446  -12.512  -75.613  2.475 0.2000000030
112606  -20.462  -77.975  7.142 0.1000000015
112637  -25.914  -86.578  -2.888 0.2000000030
112782  -7.340  -87.835  24.025 0.8999999762
112838  -15.312  -86.873  21.908 0.6999999881
112858  -24.604  -85.750  2.790 0.2000000030
112871  -5.564  -73.201  8.193 0.6999999881
113017  -13.553  -95.928  9.898 0.4000000060
113078  -11.454  -65.038  14.429 0.4000000060
113135  -5.331  -90.763  21.436 0.3000000119
113137  -7.930  -79.144  10.090 0.8000000119
113163  -10.560  -63.042  26.439 0.3000000119
113165  -22.992  -87.260  -3.391 0.3000000119
113303  -16.328  -62.380  5.739 0.1000000015
113312  -20.395  -63.190  32.460 0.1000000015
113480  -16.572  -96.610  10.798 0.6999999881
113487  -6.021  -91.093  30.872 0.8999999762
113570  -24.415  -90.414  27.883 0.3000000119
113618  -20.731  -76.218  -1.557 0.2000000030
113680  -6.081  -73.316  30.769 0.2000000030
113768  -13.749  -73.428  20.864 0.8999999762
113782  -10.941  -69.783  18.149 0.4000000060
113785  -12.073  -51.505  17.636 0.5000000000
113816  -28.413  -84.402  26.193 0.2000000030
113895  -12.753  -75.101  11.888 0.4000000060
113968  -12.843  -95.978  19.578 0.5000000000
114073  -21.108  -81.814  8.564 0.8000000119
114094  -4.914  -81.720  41.243 0.3000000119
114100  -18.995  -86.030  39.209 0.1000000015
114174  -27.360  -75.015  10.776 0.1000000015
114252  -25.744  -76.201  21.581 0.1000000015
114288  -15.496  -78.652  9.219 0.8999999762
114294  -25.331  -79.534  14.983 0.1000000015
114307  -16.171  -68.578  34.739 0.1000000015
114334  -3.963  -78.535  33.745 0.2000000030
114441  -11.089  -84.089  42.435 0.3000000119
114462  -18.243  -93.419  17.559 0.8000000119
114473  -12.401  -84.069  37.251 0.4000000060
114489  -10.074  -70.166  35.361 0.1000000015
114494  -25.742  -85.475  15.100 0.5000000000
114544  -14.067  -71.119  6.745 0.2000000030
114586  -4.592  -86.834  30.183 0.6999999881
114654  -15.787  -92.778  29.788 0.3000000119
114674  -14.901  -68.804  34.820 0.2000000030
114802  -31.621  -78.010  -4.701 0.1000000015
114816  -14.296  -73.468  11.375 0.2000000030
115109  -13.800  -85.141  31.976 0.6000000238
115137  -10.003  -79.632  25.661 0.1000000015
115189  -17.986  -87.768  39.067 0.2000000030
115193  -4.069  -81.278  30.343 0.1000000015
115196  -12.939  -77.832  8.472 0.8999999762
115267  -25.538  -76.541  24.001 0.1000000015
115367  -8.671  -71.472  9.048 0.5000000000
115521  -14.323  -75.629  0.566 0.2000000030
115649  -12.878  -84.746  6.096 0.1000000015
115651  -16.923  -69.436  12.155 0.2000000030
115715  -8.454  -58.056  16.851 0.3000000119
115800  -9.553  -70.313  31.145 0.2000000030
115877  -8.716  -56.029  16.280 0.3000000119
115891  -20.128  -87.514  23.447 0.4000000060
116027  -14.804  -81.924  44.117 0.1000000015
116109  -34.331  -81.613  21.585 0.2000000030
116175  -3.286  -79.154  22.513 0.3000000119
116186  -13.226  -41.936  14.526 0.2000000030
116272  -24.105  -91.219  23.983 0.4000000060
116323  -9.256  -79.471  1.510 0.5000000000
116364  -24.234  -91.118  21.061 0.4000000060
116386  -26.840  -79.254  -4.273 0.1000000015
116398  -5.263  -74.166  12.339 0.6999999881
116404  -23.450  -81.389  -0.702 0.2000000030
116422  -28.166  -78.525  15.668 0.1000000015
116471  -25.995  -82.549  14.254 0.2000000030
116486  -25.179  -81.064  6.132 0.2000000030
116580  -29.718  -80.868  20.368 0.1000000015
116642  -14.548  -59.743  10.371 0.1000000015
116647  -18.436  -94.697  18.366 0.6999999881
116783  -14.483  -94.397  27.669 0.5000000000
116824  -25.134  -85.731  37.716 0.1000000015
116825  -4.686  -82.267  45.150 0.3000000119
116838  -10.820  -62.380  36.075 0.6999999881
116858  -28.568  -87.206  10.722 0.5000000000
116890  -15.408  -75.484  7.507 0.1000000015
116991  -13.725  -85.008  32.790 0.6000000238
116996  -24.849  -86.927  24.582 0.2000000030
116998  -20.544  -89.286  11.394 0.3000000119
117037  -16.629  -85.612  -2.563 0.4000000060
117052  -11.102  -66.920  38.383 0.4000000060
117137  -8.530  -80.754  9.665 0.8999999762
117188  -7.736  -91.202  9.406 0.1000000015
117311  -17.533  -87.041  34.847 0.4000000060
117321  -17.067  -69.797  15.304 0.3000000119
117335  -18.590  -87.330  36.971 0.1000000015
117459  -13.697  -81.885  4.044 0.6000000238
117479  -17.111  -66.853  14.549 0.3000000119
117483  -25.511  -87.396  25.711 0.2000000030
117528  -28.944  -87.713  17.346 0.5000000000
117645  -4.976  -68.698  19.876 0.6000000238
117651  -5.794  -91.465  25.699 0.6000000238
117657  -26.726  -88.744  3.266 0.4000000060
117658  -6.826  -77.564  17.287 0.8999999762
117727  -13.119  -47.703  13.882 0.1000000015
117744  -19.242  -86.410  21.362 0.4000000060
117761  -17.694  -86.232  -0.174 0.6000000238
117788  -19.523  -89.783  25.555 0.4000000060
117794  -21.443  -87.064  14.014 0.6999999881
117807  -18.226  -90.336  15.749 0.8000000119
117814  -16.104  -96.161  7.320 0.3000000119
117864  -8.126  -79.973  26.204 0.1000000015
117872  -7.409  -71.417  7.455 0.6000000238
117873  -24.232  -78.082  5.209 0.1000000015
117987  -22.356  -88.232  25.014 0.3000000119
117997  -16.351  -63.832  12.521 0.1000000015
118030  -5.332  -79.981  36.714 1.0000000000
118065  -27.508  -74.058  10.493 0.1000000015
118080  -14.317  -70.285  15.540 0.2000000030
118083  -9.359  -86.266  22.933 1.0000000000
118188  -19.220  -70.184  2.640 0.1000000015
118288  -9.208  -85.347  25.739 0.8999999762
118314  -15.059  -69.228  6.642 0.2000000030
118320  -5.324  -68.757  41.312 0.8999999762
118355  -19.193  -91.396  19.565 0.6999999881
118399  -12.380  -66.949  36.200 0.3000000119
118427  -17.823  -90.437  15.254 0.8000000119
118441  -6.021  -84.132  7.906 1.0000000000
118464  -21.838  -94.494  12.990 0.6999999881
118610  -31.349  -79.658  20.158 0.1000000015
118615  -19.625  -80.813  4.796 0.6999999881
118624  -9.050  -78.218  21.356 1.0000000000
118831  -11.260  -96.842  13.279 0.2000000030
118872  -13.168  -90.785  22.234 1.0000000000
118983  -11.809  -90.397  28.285 0.6000000238
119106  -9.492  -77.091  24.485 1.0000000000
119284  -19.469  -80.932  10.691 0.8999999762
119311  -10.296  -69.258  7.447 0.4000000060
119323  -18.908  -75.048  -0.842 0.3000000119
119356  -31.031  -79.244  23.577 0.1000000015
119402  -6.886  -92.028  28.060 0.8999999762
119409  -19.990  -87.093  22.657 0.4000000060
119420  -21.617  -76.815  10.125 0.1000000015
119438  -12.754  -47.605  14.646 0.3000000119
119533  -20.632  -74.485  -0.943 0.1000000015
119569  -19.569  -96.086  10.010 0.8000000119
119594  -26.888  -74.267  11.133 0.1000000015
119623  -8.096  -55.551  16.264 0.3000000119
119626  -15.884  -76.266  1.691 0.1000000015
119725  -6.495  -90.703  33.129 1.0000000000
119759  -10.607  -78.198  39.393 0.6000000238
119787  -27.230  -76.217  20.259 0.1000000015
119857  -27.803  -85.861  -1.505 0.2000000030
120003  -19.820  -85.733  38.610 0.1000000015
120045  -15.967  -63.864  7.475 0.1000000015
120107  -14.329  -69.498  8.341 0.2000000030
120153  -9.137  -79.886  38.459 0.6999999881
120159  -6.902  -65.122  18.389 0.6999999881
120214  -7.325  -74.559  45.349 0.2000000030
120283  -6.302  -76.088  4.663 0.6999999881
120312  -8.105  -75.243  29.786 0.1000000015
120323  -18.000  -65.238  11.428 0.2000000030
120350  -27.871  -78.504  13.357 0.1000000015
120390  -6.257  -89.886  14.576 0.2000000030
120426  -16.148  -78.722  9.726 1.0000000000
120428  -17.636  -82.279  37.491 0.2000000030
120461  -23.046  -86.043  36.570 0.1000000015
120462  -18.207  -96.723  11.967 0.6999999881
120463  -9.940  -85.267  25.677 0.8999999762
120504  -7.620  -86.101  28.038 0.8999999762
120550  -10.988  -79.830  8.006 0.8000000119
120570  -13.196  -83.519  34.088 0.6000000238
120812  -12.067  -86.655  44.718 0.1000000015
120829  -17.640  -75.354  -1.114 0.3000000119
120851  -7.676  -69.624  28.035 0.8999999762
120958  -6.555  -74.715  18.742 0.8000000119
120963  -13.381  -93.713  30.538 0.5000000000
121025  -11.849  -82.907  40.654 0.3000000119
121071  -24.392  -85.358  37.941 0.1000000015
121094  -7.734  -89.158  30.165 0.8999999762
121137  -10.813  -68.865  6.097 0.4000000060
121138  -20.787  -78.134  6.490 0.1000000015
121150  -23.584  -92.235  3.044 0.6999999881
121342  -31.491  -80.897  20.838 0.2000000030
121343  -27.341  -90.768  4.234 0.5000000000
121369  -15.634  -77.083  4.073 0.1000000015
121405  -16.727  -72.638  15.667 0.4000000060
121426  -33.907  -79.647  -1.699 0.1000000015
121472  -9.038  -69.753  7.839 0.5000000000
121497  -12.467  -69.571  8.064 0.3000000119
121538  -11.788  -66.489  13.309 0.2000000030
121602  -9.288  -67.916  27.820 0.1000000015
121633  -5.985  -69.084  42.155 0.8000000119
121638  -5.710  -67.469  39.427 0.8999999762
121733  -11.739  -69.774  19.609 0.6999999881
121785  -9.268  -76.233  15.153 0.6000000238
121787  -5.857  -77.841  5.686 0.6000000238
121795  -12.936  -60.856  11.224 0.2000000030
121816  -8.050  -77.310  11.256 0.8000000119
121858  -25.253  -86.064  4.782 0.2000000030
121862  -5.133  -70.787  32.036 0.6999999881
121875  -13.412  -69.563  8.127 0.2000000030
121916  -16.059  -69.750  10.863 0.2000000030
121954  -8.445  -78.947  19.648 0.8999999762
121957  -7.173  -90.890  23.873 0.6999999881
122070  -24.047  -90.695  13.511 0.6999999881
122091  -18.382  -84.180  -1.779 0.3000000119
122098  -12.312  -57.769  33.455 0.6000000238
122114  -5.021  -88.144  37.611 0.6999999881
122165  -19.017  -85.757  0.739 0.6000000238
122170  -10.682  -76.441  15.026 0.6000000238
122175  -25.191  -89.571  22.584 0.3000000119
122238  -13.426  -60.716  35.015 0.5000000000
122271  -13.862  -85.947  31.963 0.6000000238
122293  -28.777  -90.654  10.222 0.6000000238
122370  -8.336  -88.644  33.711 0.8000000119
122452  -17.221  -69.028  15.064 0.3000000119
122458  -8.275  -78.215  17.024 0.8999999762
122480  -19.831  -94.915  17.214 0.8000000119
122550  -8.872  -75.281  20.754 1.0000000000
122622  -6.500  -68.923  25.605 1.0000000000
122678  -18.787  -58.912  8.782 0.1000000015
122682  -12.111  -91.068  36.212 0.4000000060
122753  -24.505  -86.994  -3.216 0.2000000030
122775  -25.221  -90.400  2.637 0.5000000000
122833  -4.802  -88.689  23.842 0.2000000030
122861  -8.643  -76.332  28.114 0.1000000015
122894  -13.563  -86.272  29.413 0.6999999881
122908  -15.474  -81.588  38.429 0.2000000030
122991  -14.239  -79.037  7.419 0.8000000119
123000  -12.332  -75.392  4.224 0.3000000119
123021  -13.083  -90.980  27.350 0.5000000000
123029  -9.777  -81.679  40.782 0.4000000060
123038  -9.658  -75.229  39.964 0.4000000060
123062  -4.225  -76.632  18.990 0.8000000119
123075  -16.061  -76.487  -0.792 0.2000000030
123078  -16.026  -87.153  -1.355 0.5000000000
123083  -21.700  -84.932  6.051 0.6999999881
123182  -24.719  -85.959  24.648 0.2000000030
123195  -20.910  -89.903  31.583 0.1000000015
123228  -21.624  -50.147  23.946 0.8000000119
123231  -7.149  -91.028  32.227 1.0000000000
123281  -10.736  -74.039  7.247 0.3000000119
123286  -14.536  -60.772  28.876 0.6999999881
123300  -20.388  -74.791  9.040 0.1000000015
123341  -7.346  -90.317  11.234 0.2000000030
123390  -21.082  -85.119  8.803 0.4000000060
123392  -5.677  -75.684  7.777 0.6000000238
123447  -27.207  -81.607  1.376 0.2000000030
123477  -17.999  -77.684  -1.329 0.5000000000
123489  -9.638  -83.426  36.257 0.6000000238
123518  -4.338  -74.803  23.758 0.8999999762
123594  -5.331  -73.666  12.641 0.6000000238
123626  -23.816  -53.697  11.572 0.1000000015
123644  -24.874  -77.255  7.469 0.1000000015
123786  -21.508  -89.583  5.022 0.5000000000
123829  -23.634  -94.163  11.085 0.6999999881
123878  -9.768  -68.603  29.660 0.2000000030
123911  -20.097  -81.955  -0.424 0.3000000119
123916  -6.999  -73.759  7.136 0.6000000238
124009  -13.157  -52.668  14.970 0.3000000119
124070  -15.428  -94.038  11.515 0.8000000119
124073  -27.423  -81.438  4.810 0.2000000030
124109  -6.255  -67.649  22.170 0.8000000119
124143  -12.715  -43.750  16.252 0.4000000060
124229  -9.120  -85.019  26.993 0.8999999762
124233  -17.570  -71.559  14.052 0.3000000119
124253  -5.317  -90.725  29.114 0.6999999881
124270  -24.949  -92.024  13.437 0.6999999881
124326  -6.327  -76.267  4.440 0.6999999881
124341  -15.764  -76.446  7.039 0.1000000015
124348  -11.400  -81.482  38.853 0.5000000000
124359  -11.829  -96.418  10.823 0.4000000060
124361  -13.417  -70.672  20.065 0.6999999881
124407  -13.145  -68.635  4.222 0.3000000119
124429  -4.885  -68.339  35.055 0.3000000119
124431  -8.811  -76.798  35.733 0.1000000015
124436  -4.409  -88.252  30.078 0.6999999881
124495  -5.032  -65.421  37.764 1.0000000000
124513  -25.350  -90.524  22.755 0.3000000119
124613  -23.636  -84.493  14.760 0.6000000238
124676  -8.277  -87.377  11.581 0.5000000000
124697  -8.666  -73.739  10.308 0.4000000060
124813  -17.415  -71.309  14.728 0.3000000119
124814  -4.388  -76.182  19.601 0.8000000119
124913  -8.965  -65.801  11.675 0.3000000119
125022  -30.934  -87.905  8.652 0.6000000238
125027  -13.173  -75.179  17.963 0.8999999762
125062  -27.336  -81.850  0.631 0.2000000030
125084  -5.829  -59.346  18.501 0.8000000119
125098  -16.998  -86.978  33.357 0.3000000119
125121  -23.852  -85.761  37.485 0.1000000015
125161  -17.314  -61.072  5.664 0.1000000015
125202  -28.078  -87.281  15.449 0.4000000060
125210  -20.379  -85.181  35.137 0.1000000015
125217  -22.508  -86.027  -3.286 0.2000000030
125311  -4.617  -85.888  38.634 0.5000000000
125330  -9.980  -49.136  16.870 0.5000000000
125364  -18.526  -57.930  6.373 0.1000000015
125370  -29.288  -85.601  -1.966 0.2000000030
125374  -14.568  -74.727  16.989 0.6000000238
125420  -24.397  -85.900  36.538 0.1000000015
125507  -11.625  -73.099  38.394 0.1000000015
125558  -29.810  -87.274  19.156 0.3000000119
125560  -14.738  -81.415  12.095 0.6999999881
125593  -6.049  -88.768  37.993 0.6999999881
125603  -8.162  -63.471  10.816 0.3000000119
125652  -11.091  -80.051  9.511 1.0000000000
125658  -5.091  -67.055  38.707 0.8999999762
125675  -10.376  -83.008  35.025 0.6000000238
125707  -27.992  -84.938  28.234 0.2000000030
125710  -25.506  -76.346  23.519 0.1000000015
125763  -10.316  -85.980  42.798 0.2000000030
125798  -5.497  -90.879  23.491 0.3000000119
125828  -12.690  -93.066  31.733 0.5000000000
125870  -20.763  -56.905  10.096 0.1000000015
125873  -7.793  -85.993  37.365 0.6000000238
125888  -23.390  -86.219  13.453 0.5000000000
125978  -11.915  -85.324  39.934 0.4000000060
126069  -25.534  -76.051  24.226 0.1000000015
126158  -11.028  -75.419  21.596 1.0000000000
126163  -13.425  -68.515  4.573 0.4000000060
126186  -4.122  -65.934  36.462 0.8999999762
126222  -16.468  -87.549  21.919 0.6999999881
126238  -22.752  -87.117  18.399 0.4000000060
126285  -13.160  -75.622  15.794 0.6000000238
126287  -24.862  -80.806  14.632 0.1000000015
126288  -23.644  -88.863  19.015 0.4000000060
126289  -4.787  -66.323  24.813 0.8000000119
126295  -6.929  -91.704  30.686 1.0000000000
126296  -11.446  -84.132  32.114 0.6000000238
126315  -5.178  -88.165  36.900 0.8999999762
126370  -7.873  -54.539  17.034 0.5000000000
126402  -12.289  -94.873  18.895 0.2000000030
126464  -13.712  -87.383  32.105 0.6000000238
126501  -7.069  -87.000  27.699 0.8999999762
126517  -15.722  -69.216  3.680 0.1000000015
126522  -15.223  -82.219  9.774 0.6999999881
126540  -23.114  -85.434  -3.485 0.3000000119
126561  -4.613  -85.713  39.154 0.5000000000
126570  -5.534  -64.634  17.312 0.6999999881
126578  -8.933  -88.988  20.466 0.6999999881
126584  -4.328  -88.163  27.721 0.6000000238
126639  -19.446  -71.288  3.183 0.1000000015
126687  -20.603  -86.212  37.943 0.1000000015
126716  -5.867  -78.980  22.175 1.0000000000
126727  -21.826  -84.540  37.703 0.1000000015
126756  -24.683  -92.892  12.923 0.6999999881
126780  -4.754  -87.495  38.150 0.6999999881
126785  -11.802  -86.776  43.487 0.2000000030
126914  -5.620  -74.234  7.669 0.6999999881
127009  -18.761  -79.641  8.759 0.8999999762
127021  -12.219  -87.150  25.194 0.8000000119
127029  -18.305  -61.362  31.763 0.2000000030
127052  -8.057  -65.245  12.520 0.4000000060
127057  -12.114  -78.661  10.778 1.0000000000
127071  -8.177  -70.877  17.713 0.5000000000
127074  -8.020  -70.275  7.899 0.5000000000
127082  -6.941  -73.205  10.980 0.5000000000
127110  -13.462  -85.081  29.953 0.6000000238
127115  -18.973  -82.532  -1.212 0.3000000119
127117  -17.398  -75.701  8.330 0.1000000015
127175  -11.820  -81.098  4.296 0.6000000238
127216  -4.492  -75.609  19.810 0.8000000119
127221  -19.674  -80.281  7.344 0.8999999762
127238  -22.367  -94.736  12.097 0.6999999881
127239  -12.386  -90.478  29.692 0.5000000000
127285  -10.025  -80.941  8.851 0.8999999762
127304  -13.905  -73.768  39.247 0.1000000015
127314  -4.850  -65.369  19.052 0.6999999881
127353  -5.005  -69.406  41.618 0.8999999762
127358  -9.420  -88.141  21.010 0.8000000119
127402  -11.490  -85.934  37.255 0.4000000060
127446  -27.064  -86.765  17.355 0.4000000060
127473  -6.057  -70.819  35.396 0.1000000015
127538  -17.308  -67.588  12.479 0.2000000030
127594  -8.673  -86.110  23.891 1.0000000000
127623  -15.264  -71.910  7.255 0.1000000015
127634  -15.881  -89.335  29.639 0.3000000119
127712  -21.891  -89.125  -0.454 0.2000000030
127765  -9.002  -67.761  15.632 0.5000000000
127788  -12.625  -96.816  16.252 0.6000000238
127797  -5.337  -90.375  30.400 0.8999999762
127806  -8.166  -79.092  15.245 0.8000000119
127828  -9.436  -68.025  13.379 0.3000000119
127836  -13.056  -87.924  26.245 0.8000000119
127839  -20.317  -92.596  2.114 0.6999999881
127860  -13.683  -74.582  19.112 0.6000000238
127871  -23.586  -78.914  -0.689 0.1000000015
127901  -7.444  -65.763  33.969 0.1000000015
127936  -7.257  -81.564  37.932 0.8000000119
127939  -5.713  -80.312  43.776 0.2000000030
127956  -15.735  -63.642  8.469 0.1000000015
127963  -10.465  -69.624  24.570 0.8000000119
127965  -18.294  -85.924  35.453 0.1000000015
128003  -13.643  -85.574  33.241 0.6000000238
128038  -17.280  -92.164  24.193 0.5000000000
128106  -20.793  -84.897  34.495 0.1000000015
128120  -11.277  -86.283  10.532 0.6000000238
128127  -22.576  -91.246  11.169 0.4000000060
128173  -16.559  -64.180  7.823 0.2000000030
128203  -9.730  -66.716  14.831 0.4000000060
128217  -9.376  -51.231  16.554 0.5000000000
128249  -21.725  -87.446  4.276 1.0000000000
128251  -19.927  -86.737  20.659 0.5000000000
128291  -8.550  -69.952  26.986 1.0000000000
128314  -17.355  -57.475  9.772 0.1000000015
128367  -19.245  -80.102  6.997 0.8999999762
128368  -9.947  -48.972  16.341 0.4000000060
128412  -19.449  -91.188  1.333 0.6999999881
128419  -12.031  -81.861  35.327 0.6000000238
128469  -6.446  -85.559  8.631 0.8000000119
128473  -24.404  -91.397  2.723 0.5000000000
128493  -16.312  -58.300  18.366 0.1000000015
128499  -16.168  -74.495  14.648 0.4000000060
