
Wed Mar 11 15:22:59 CET 2026
cd /out/sourcedata/freesurfer/sub-v2s18x29508_ses-1
setenv SUBJECTS_DIR /out/sourcedata/freesurfer
/opt/freesurfer/bin/recon-all -autorecon-hemi lh -noparcstats -noparcstats2 -noparcstats3 -nohyporelabel -nobalabels -lh-only -openmp 16 -subjid sub-v2s18x29508_ses-1 -sd /out/sourcedata/freesurfer

subjid sub-v2s18x29508_ses-1
setenv SUBJECTS_DIR /out/sourcedata/freesurfer
FREESURFER_HOME /opt/freesurfer
Actual FREESURFER_HOME /opt/freesurfer
build-stamp.txt: freesurfer-linux-ubuntu22_x86_64-7.3.2-20220804-6354275
Linux dna054 5.14.0-427.37.1.el9_4.x86_64 #1 SMP PREEMPT_DYNAMIC Fri Sep 13 12:41:50 EDT 2024 x86_64 x86_64 x86_64 GNU/Linux
cputime      unlimited
filesize     unlimited
datasize     unlimited
stacksize    8192 kbytes
coredumpsize 0 kbytes
memoryuse    67108864 kbytes
vmemoryuse   unlimited
descriptors  1024 
memorylocked unlimited
maxproc      2061970 
maxlocks     unlimited
maxsignal    2061970 
maxmessage   819200 
maxnice      0 
maxrtprio    0 
maxrttime    unlimited

               total        used        free      shared  buff/cache   available
Mem:           503Gi       110Gi       350Gi        11Gi        42Gi       378Gi
Swap:             0B          0B          0B

########################################
program versions used
7.3.2 (freesurfer-linux-ubuntu22_x86_64-7.3.2-20220804-6354275)
7.3.2

ProgramName: lta_convert  ProgramArguments: lta_convert -all-info  ProgramVersion: 7.3.2  TimeStamp: 2026/03/11-14:22:59-GMT  BuildTime: Aug  4 2022 06:17:15  BuildStamp: freesurfer-linux-ubuntu22_x86_64-7.3.2-20220804-6354275  User: oesteban  Machine: dna054  Platform: Linux  PlatformVersion: 5.14.0-427.37.1.el9_4.x86_64  CompilerName: GCC  CompilerVersion: 8.4.0
ProgramName: mri_and  ProgramArguments: mri_and -all-info  ProgramVersion: 7.3.2  TimeStamp: 2026/03/11-14:22:59-GMT  BuildTime: Aug  4 2022 06:17:15  BuildStamp: freesurfer-linux-ubuntu22_x86_64-7.3.2-20220804-6354275  User: oesteban  Machine: dna054  Platform: Linux  PlatformVersion: 5.14.0-427.37.1.el9_4.x86_64  CompilerName: GCC  CompilerVersion: 8.4.0
ProgramName: mri_annotation2label  ProgramArguments: mri_annotation2label -all-info  ProgramVersion: 7.3.2  TimeStamp: 2026/03/11-14:22:59-GMT  BuildTime: Aug  4 2022 06:17:15  BuildStamp: freesurfer-linux-ubuntu22_x86_64-7.3.2-20220804-6354275  User: oesteban  Machine: dna054  Platform: Linux  PlatformVersion: 5.14.0-427.37.1.el9_4.x86_64  CompilerName: GCC  CompilerVersion: 8.4.0
ProgramName: mri_aparc2aseg  ProgramArguments: mri_aparc2aseg -all-info  ProgramVersion: 7.3.2  TimeStamp: 2026/03/11-14:22:59-GMT  BuildTime: Aug  4 2022 06:17:15  BuildStamp: freesurfer-linux-ubuntu22_x86_64-7.3.2-20220804-6354275  User: oesteban  Machine: dna054  Platform: Linux  PlatformVersion: 5.14.0-427.37.1.el9_4.x86_64  CompilerName: GCC  CompilerVersion: 8.4.0
ProgramName: mri_surf2volseg  ProgramArguments: mri_surf2volseg -all-info  ProgramVersion: 7.3.2  TimeStamp: 2026/03/11-14:22:59-GMT  BuildTime: Aug  4 2022 06:17:15  BuildStamp: freesurfer-linux-ubuntu22_x86_64-7.3.2-20220804-6354275  User: oesteban  Machine: dna054  Platform: Linux  PlatformVersion: 5.14.0-427.37.1.el9_4.x86_64  CompilerName: GCC  CompilerVersion: 8.4.0
ProgramName: mri_binarize  ProgramArguments: mri_binarize -all-info  ProgramVersion: 7.3.2  TimeStamp: 2026/03/11-14:22:59-GMT  BuildTime: Aug  4 2022 06:17:15  BuildStamp: freesurfer-linux-ubuntu22_x86_64-7.3.2-20220804-6354275  User: oesteban  Machine: dna054  Platform: Linux  PlatformVersion: 5.14.0-427.37.1.el9_4.x86_64  CompilerName: GCC  CompilerVersion: 8.4.0
ProgramName: mri_ca_label  ProgramArguments: mri_ca_label -all-info  ProgramVersion: 7.3.2  TimeStamp: 2026/03/11-14:22:59-GMT  BuildTime: Aug  4 2022 06:17:15  BuildStamp: freesurfer-linux-ubuntu22_x86_64-7.3.2-20220804-6354275  User: oesteban  Machine: dna054  Platform: Linux  PlatformVersion: 5.14.0-427.37.1.el9_4.x86_64  CompilerName: GCC  CompilerVersion: 8.4.0
ProgramName: mri_ca_normalize  ProgramArguments: mri_ca_normalize -all-info  ProgramVersion: 7.3.2  TimeStamp: 2026/03/11-14:22:59-GMT  BuildTime: Aug  4 2022 06:17:15  BuildStamp: freesurfer-linux-ubuntu22_x86_64-7.3.2-20220804-6354275  User: oesteban  Machine: dna054  Platform: Linux  PlatformVersion: 5.14.0-427.37.1.el9_4.x86_64  CompilerName: GCC  CompilerVersion: 8.4.0
ProgramName: mri_ca_register  ProgramArguments: mri_ca_register -all-info  ProgramVersion: 7.3.2  TimeStamp: 2026/03/11-14:22:59-GMT  BuildTime: Aug  4 2022 06:17:15  BuildStamp: freesurfer-linux-ubuntu22_x86_64-7.3.2-20220804-6354275  User: oesteban  Machine: dna054  Platform: Linux  PlatformVersion: 5.14.0-427.37.1.el9_4.x86_64  CompilerName: GCC  CompilerVersion: 8.4.0
ProgramName: mri_cc  ProgramArguments: mri_cc -all-info  ProgramVersion: 7.3.2  TimeStamp: 2026/03/11-14:22:59-GMT  BuildTime: Aug  4 2022 06:17:15  BuildStamp: freesurfer-linux-ubuntu22_x86_64-7.3.2-20220804-6354275  User: oesteban  Machine: dna054  Platform: Linux  PlatformVersion: 5.14.0-427.37.1.el9_4.x86_64  CompilerName: GCC  CompilerVersion: 8.4.0
ProgramName: mri_compute_overlap  ProgramArguments: mri_compute_overlap -all-info  ProgramVersion: 7.3.2  TimeStamp: 2026/03/11-14:22:59-GMT  BuildTime: Aug  4 2022 06:17:15  BuildStamp: freesurfer-linux-ubuntu22_x86_64-7.3.2-20220804-6354275  User: oesteban  Machine: dna054  Platform: Linux  PlatformVersion: 5.14.0-427.37.1.el9_4.x86_64  CompilerName: GCC  CompilerVersion: 8.4.0
ProgramName: mri_compute_seg_overlap  ProgramArguments: mri_compute_seg_overlap -all-info  ProgramVersion: 7.3.2  TimeStamp: 2026/03/11-14:22:59-GMT  BuildTime: Aug  4 2022 06:17:15  BuildStamp: freesurfer-linux-ubuntu22_x86_64-7.3.2-20220804-6354275  User: oesteban  Machine: dna054  Platform: Linux  PlatformVersion: 5.14.0-427.37.1.el9_4.x86_64  CompilerName: GCC  CompilerVersion: 8.4.0
ProgramName: mri_concat  ProgramArguments: mri_concat -all-info  ProgramVersion: 7.3.2  TimeStamp: 2026/03/11-14:22:59-GMT  BuildTime: Aug  4 2022 06:17:15  BuildStamp: freesurfer-linux-ubuntu22_x86_64-7.3.2-20220804-6354275  User: oesteban  Machine: dna054  Platform: Linux  PlatformVersion: 5.14.0-427.37.1.el9_4.x86_64  CompilerName: GCC  CompilerVersion: 8.4.0
ProgramName: mri_concatenate_lta  ProgramArguments: mri_concatenate_lta -all-info  ProgramVersion: 7.3.2  TimeStamp: 2026/03/11-14:22:59-GMT  BuildTime: Aug  4 2022 06:17:15  BuildStamp: freesurfer-linux-ubuntu22_x86_64-7.3.2-20220804-6354275  User: oesteban  Machine: dna054  Platform: Linux  PlatformVersion: 5.14.0-427.37.1.el9_4.x86_64  CompilerName: GCC  CompilerVersion: 8.4.0
mri_convert -all-info 
ProgramName: mri_convert  ProgramArguments: mri_convert -all-info  ProgramVersion: 7.3.2  TimeStamp: 2026/03/11-14:22:59-GMT  BuildTime: Aug  4 2022 06:17:15  BuildStamp: freesurfer-linux-ubuntu22_x86_64-7.3.2-20220804-6354275  User: oesteban  Machine: dna054  Platform: Linux  PlatformVersion: 5.14.0-427.37.1.el9_4.x86_64  CompilerName: GCC  CompilerVersion: 8.4.0
ProgramName: mri_diff  ProgramArguments: mri_diff -all-info  ProgramVersion: 7.3.2  TimeStamp: 2026/03/11-14:22:59-GMT  BuildTime: Aug  4 2022 06:17:15  BuildStamp: freesurfer-linux-ubuntu22_x86_64-7.3.2-20220804-6354275  User: oesteban  Machine: dna054  Platform: Linux  PlatformVersion: 5.14.0-427.37.1.el9_4.x86_64  CompilerName: GCC  CompilerVersion: 8.4.0
ProgramName: mri_edit_wm_with_aseg  ProgramArguments: mri_edit_wm_with_aseg -all-info  ProgramVersion: 7.3.2  TimeStamp: 2026/03/11-14:22:59-GMT  BuildTime: Aug  4 2022 06:17:15  BuildStamp: freesurfer-linux-ubuntu22_x86_64-7.3.2-20220804-6354275  User: oesteban  Machine: dna054  Platform: Linux  PlatformVersion: 5.14.0-427.37.1.el9_4.x86_64  CompilerName: GCC  CompilerVersion: 8.4.0
ProgramName: mri_em_register  ProgramArguments: mri_em_register -all-info  ProgramVersion: 7.3.2  TimeStamp: 2026/03/11-14:22:59-GMT  BuildTime: Aug  4 2022 06:17:15  BuildStamp: freesurfer-linux-ubuntu22_x86_64-7.3.2-20220804-6354275  User: oesteban  Machine: dna054  Platform: Linux  PlatformVersion: 5.14.0-427.37.1.el9_4.x86_64  CompilerName: GCC  CompilerVersion: 8.4.0
ProgramName: mri_fill  ProgramArguments: mri_fill -all-info  ProgramVersion: 7.3.2  TimeStamp: 2026/03/11-14:22:59-GMT  BuildTime: Aug  4 2022 06:17:15  BuildStamp: freesurfer-linux-ubuntu22_x86_64-7.3.2-20220804-6354275  User: oesteban  Machine: dna054  Platform: Linux  PlatformVersion: 5.14.0-427.37.1.el9_4.x86_64  CompilerName: GCC  CompilerVersion: 8.4.0
ProgramName: mri_fuse_segmentations  ProgramArguments: mri_fuse_segmentations -all-info  ProgramVersion: 7.3.2  TimeStamp: 2026/03/11-14:22:59-GMT  BuildTime: Aug  4 2022 06:17:15  BuildStamp: freesurfer-linux-ubuntu22_x86_64-7.3.2-20220804-6354275  User: oesteban  Machine: dna054  Platform: Linux  PlatformVersion: 5.14.0-427.37.1.el9_4.x86_64  CompilerName: GCC  CompilerVersion: 8.4.0
ProgramName: mri_fwhm  ProgramArguments: mri_fwhm -all-info  ProgramVersion: 7.3.2  TimeStamp: 2026/03/11-14:22:59-GMT  BuildTime: Aug  4 2022 06:17:15  BuildStamp: freesurfer-linux-ubuntu22_x86_64-7.3.2-20220804-6354275  User: oesteban  Machine: dna054  Platform: Linux  PlatformVersion: 5.14.0-427.37.1.el9_4.x86_64  CompilerName: GCC  CompilerVersion: 8.4.0
ProgramName: mri_gcut  ProgramArguments: mri_gcut -all-info  ProgramVersion: 7.3.2  TimeStamp: 2026/03/11-14:22:59-GMT  BuildTime: Aug  4 2022 06:17:15  BuildStamp: freesurfer-linux-ubuntu22_x86_64-7.3.2-20220804-6354275  User: oesteban  Machine: dna054  Platform: Linux  PlatformVersion: 5.14.0-427.37.1.el9_4.x86_64  CompilerName: GCC  CompilerVersion: 8.4.0
ProgramName: mri_info  ProgramArguments: mri_info -all-info  ProgramVersion: 7.3.2  TimeStamp: 2026/03/11-14:22:59-GMT  BuildTime: Aug  4 2022 06:17:15  BuildStamp: freesurfer-linux-ubuntu22_x86_64-7.3.2-20220804-6354275  User: oesteban  Machine: dna054  Platform: Linux  PlatformVersion: 5.14.0-427.37.1.el9_4.x86_64  CompilerName: GCC  CompilerVersion: 8.4.0
ProgramName: mri_label2label  ProgramArguments: mri_label2label -all-info  ProgramVersion: 7.3.2  TimeStamp: 2026/03/11-14:22:59-GMT  BuildTime: Aug  4 2022 06:17:15  BuildStamp: freesurfer-linux-ubuntu22_x86_64-7.3.2-20220804-6354275  User: oesteban  Machine: dna054  Platform: Linux  PlatformVersion: 5.14.0-427.37.1.el9_4.x86_64  CompilerName: GCC  CompilerVersion: 8.4.0
ProgramName: mri_label2vol  ProgramArguments: mri_label2vol -all-info  ProgramVersion: 7.3.2  TimeStamp: 2026/03/11-14:22:59-GMT  BuildTime: Aug  4 2022 06:17:15  BuildStamp: freesurfer-linux-ubuntu22_x86_64-7.3.2-20220804-6354275  User: oesteban  Machine: dna054  Platform: Linux  PlatformVersion: 5.14.0-427.37.1.el9_4.x86_64  CompilerName: GCC  CompilerVersion: 8.4.0
ProgramName: mri_log_likelihood  ProgramArguments: mri_log_likelihood -all-info  ProgramVersion: 7.3.2  TimeStamp: 2026/03/11-14:22:59-GMT  BuildTime: Aug  4 2022 06:17:15  BuildStamp: freesurfer-linux-ubuntu22_x86_64-7.3.2-20220804-6354275  User: oesteban  Machine: dna054  Platform: Linux  PlatformVersion: 5.14.0-427.37.1.el9_4.x86_64  CompilerName: GCC  CompilerVersion: 8.4.0
ProgramName: mri_mask  ProgramArguments: mri_mask -all-info  ProgramVersion: 7.3.2  TimeStamp: 2026/03/11-14:22:59-GMT  BuildTime: Aug  4 2022 06:17:15  BuildStamp: freesurfer-linux-ubuntu22_x86_64-7.3.2-20220804-6354275  User: oesteban  Machine: dna054  Platform: Linux  PlatformVersion: 5.14.0-427.37.1.el9_4.x86_64  CompilerName: GCC  CompilerVersion: 8.4.0
ProgramName: mri_matrix_multiply  ProgramArguments: mri_matrix_multiply -all-info  ProgramVersion: 7.3.2  TimeStamp: 2026/03/11-14:22:59-GMT  BuildTime: Aug  4 2022 06:17:15  BuildStamp: freesurfer-linux-ubuntu22_x86_64-7.3.2-20220804-6354275  User: oesteban  Machine: dna054  Platform: Linux  PlatformVersion: 5.14.0-427.37.1.el9_4.x86_64  CompilerName: GCC  CompilerVersion: 8.4.0
ProgramName: mri_normalize  ProgramArguments: mri_normalize -all-info  ProgramVersion: 7.3.2  TimeStamp: 2026/03/11-14:22:59-GMT  BuildTime: Aug  4 2022 06:17:15  BuildStamp: freesurfer-linux-ubuntu22_x86_64-7.3.2-20220804-6354275  User: oesteban  Machine: dna054  Platform: Linux  PlatformVersion: 5.14.0-427.37.1.el9_4.x86_64  CompilerName: GCC  CompilerVersion: 8.4.0
ProgramName: mri_normalize_tp2  ProgramArguments: mri_normalize_tp2 -all-info  ProgramVersion: 7.3.2  TimeStamp: 2026/03/11-14:22:59-GMT  BuildTime: Aug  4 2022 06:17:15  BuildStamp: freesurfer-linux-ubuntu22_x86_64-7.3.2-20220804-6354275  User: oesteban  Machine: dna054  Platform: Linux  PlatformVersion: 5.14.0-427.37.1.el9_4.x86_64  CompilerName: GCC  CompilerVersion: 8.4.0
ProgramName: mri_or  ProgramArguments: mri_or -all-info  ProgramVersion: 7.3.2  TimeStamp: 2026/03/11-14:22:59-GMT  BuildTime: Aug  4 2022 06:17:15  BuildStamp: freesurfer-linux-ubuntu22_x86_64-7.3.2-20220804-6354275  User: oesteban  Machine: dna054  Platform: Linux  PlatformVersion: 5.14.0-427.37.1.el9_4.x86_64  CompilerName: GCC  CompilerVersion: 8.4.0
ProgramName: mri_relabel_hypointensities  ProgramArguments: mri_relabel_hypointensities -all-info  ProgramVersion: 7.3.2  TimeStamp: 2026/03/11-14:22:59-GMT  BuildTime: Aug  4 2022 06:17:15  BuildStamp: freesurfer-linux-ubuntu22_x86_64-7.3.2-20220804-6354275  User: oesteban  Machine: dna054  Platform: Linux  PlatformVersion: 5.14.0-427.37.1.el9_4.x86_64  CompilerName: GCC  CompilerVersion: 8.4.0
ProgramName: mri_relabel_nonwm_hypos  ProgramArguments: mri_relabel_nonwm_hypos -all-info  ProgramVersion: 7.3.2  TimeStamp: 2026/03/11-14:22:59-GMT  BuildTime: Aug  4 2022 06:17:15  BuildStamp: freesurfer-linux-ubuntu22_x86_64-7.3.2-20220804-6354275  User: oesteban  Machine: dna054  Platform: Linux  PlatformVersion: 5.14.0-427.37.1.el9_4.x86_64  CompilerName: GCC  CompilerVersion: 8.4.0
ProgramName: mri_remove_neck  ProgramArguments: mri_remove_neck -all-info  ProgramVersion: 7.3.2  TimeStamp: 2026/03/11-14:22:59-GMT  BuildTime: Aug  4 2022 06:17:15  BuildStamp: freesurfer-linux-ubuntu22_x86_64-7.3.2-20220804-6354275  User: oesteban  Machine: dna054  Platform: Linux  PlatformVersion: 5.14.0-427.37.1.el9_4.x86_64  CompilerName: GCC  CompilerVersion: 8.4.0
7.3.2

ProgramName: mri_robust_register  ProgramArguments: mri_robust_register -all-info  ProgramVersion: 7.3.2  TimeStamp: 2026/03/11-14:22:59-GMT  BuildTime: Aug  4 2022 06:17:15  BuildStamp: freesurfer-linux-ubuntu22_x86_64-7.3.2-20220804-6354275  User: oesteban  Machine: dna054  Platform: Linux  PlatformVersion: 5.14.0-427.37.1.el9_4.x86_64  CompilerName: GCC  CompilerVersion: 8.4.0
7.3.2

ProgramName: mri_robust_template  ProgramArguments: mri_robust_template -all-info  ProgramVersion: 7.3.2  TimeStamp: 2026/03/11-14:22:59-GMT  BuildTime: Aug  4 2022 06:17:15  BuildStamp: freesurfer-linux-ubuntu22_x86_64-7.3.2-20220804-6354275  User: oesteban  Machine: dna054  Platform: Linux  PlatformVersion: 5.14.0-427.37.1.el9_4.x86_64  CompilerName: GCC  CompilerVersion: 8.4.0
ProgramName: mris_anatomical_stats  ProgramArguments: mris_anatomical_stats -all-info  ProgramVersion: 7.3.2  TimeStamp: 2026/03/11-14:22:59-GMT  BuildTime: Aug  4 2022 06:17:15  BuildStamp: freesurfer-linux-ubuntu22_x86_64-7.3.2-20220804-6354275  User: oesteban  Machine: dna054  Platform: Linux  PlatformVersion: 5.14.0-427.37.1.el9_4.x86_64  CompilerName: GCC  CompilerVersion: 8.4.0
ProgramName: mris_ca_label  ProgramArguments: mris_ca_label -all-info  ProgramVersion: 7.3.2  TimeStamp: 2026/03/11-14:22:59-GMT  BuildTime: Aug  4 2022 06:17:15  BuildStamp: freesurfer-linux-ubuntu22_x86_64-7.3.2-20220804-6354275  User: oesteban  Machine: dna054  Platform: Linux  PlatformVersion: 5.14.0-427.37.1.el9_4.x86_64  CompilerName: GCC  CompilerVersion: 8.4.0
ProgramName: mris_calc  ProgramArguments: mris_calc -all-info  ProgramVersion: 7.3.2  TimeStamp: 2026/03/11-14:22:59-GMT  BuildTime: Aug  4 2022 06:17:15  BuildStamp: freesurfer-linux-ubuntu22_x86_64-7.3.2-20220804-6354275  User: oesteban  Machine: dna054  Platform: Linux  PlatformVersion: 5.14.0-427.37.1.el9_4.x86_64  CompilerName: GCC  CompilerVersion: 8.4.0
ProgramName: mris_convert  ProgramArguments: mris_convert -all-info  ProgramVersion: 7.3.2  TimeStamp: 2026/03/11-14:22:59-GMT  BuildTime: Aug  4 2022 06:17:15  BuildStamp: freesurfer-linux-ubuntu22_x86_64-7.3.2-20220804-6354275  User: oesteban  Machine: dna054  Platform: Linux  PlatformVersion: 5.14.0-427.37.1.el9_4.x86_64  CompilerName: GCC  CompilerVersion: 8.4.0
ProgramName: mris_curvature  ProgramArguments: mris_curvature -all-info  ProgramVersion: 7.3.2  TimeStamp: 2026/03/11-14:22:59-GMT  BuildTime: Aug  4 2022 06:17:15  BuildStamp: freesurfer-linux-ubuntu22_x86_64-7.3.2-20220804-6354275  User: oesteban  Machine: dna054  Platform: Linux  PlatformVersion: 5.14.0-427.37.1.el9_4.x86_64  CompilerName: GCC  CompilerVersion: 8.4.0
ProgramName: mris_curvature_stats  ProgramArguments: mris_curvature_stats -all-info  ProgramVersion: 7.3.2  TimeStamp: 2026/03/11-14:22:59-GMT  BuildTime: Aug  4 2022 06:17:15  BuildStamp: freesurfer-linux-ubuntu22_x86_64-7.3.2-20220804-6354275  User: oesteban  Machine: dna054  Platform: Linux  PlatformVersion: 5.14.0-427.37.1.el9_4.x86_64  CompilerName: GCC  CompilerVersion: 8.4.0
ProgramName: mris_diff  ProgramArguments: mris_diff -all-info  ProgramVersion: 7.3.2  TimeStamp: 2026/03/11-14:22:59-GMT  BuildTime: Aug  4 2022 06:17:15  BuildStamp: freesurfer-linux-ubuntu22_x86_64-7.3.2-20220804-6354275  User: oesteban  Machine: dna054  Platform: Linux  PlatformVersion: 5.14.0-427.37.1.el9_4.x86_64  CompilerName: GCC  CompilerVersion: 8.4.0
ProgramName: mris_divide_parcellation  ProgramArguments: mris_divide_parcellation -all-info  ProgramVersion: 7.3.2  TimeStamp: 2026/03/11-14:22:59-GMT  BuildTime: Aug  4 2022 06:17:15  BuildStamp: freesurfer-linux-ubuntu22_x86_64-7.3.2-20220804-6354275  User: oesteban  Machine: dna054  Platform: Linux  PlatformVersion: 5.14.0-427.37.1.el9_4.x86_64  CompilerName: GCC  CompilerVersion: 8.4.0
ProgramName: mri_segment  ProgramArguments: mri_segment -all-info  ProgramVersion: 7.3.2  TimeStamp: 2026/03/11-14:22:59-GMT  BuildTime: Aug  4 2022 06:17:15  BuildStamp: freesurfer-linux-ubuntu22_x86_64-7.3.2-20220804-6354275  User: oesteban  Machine: dna054  Platform: Linux  PlatformVersion: 5.14.0-427.37.1.el9_4.x86_64  CompilerName: GCC  CompilerVersion: 8.4.0
ProgramName: mri_segstats  ProgramArguments: mri_segstats -all-info  ProgramVersion: 7.3.2  TimeStamp: 2026/03/11-14:22:59-GMT  BuildTime: Aug  4 2022 06:17:15  BuildStamp: freesurfer-linux-ubuntu22_x86_64-7.3.2-20220804-6354275  User: oesteban  Machine: dna054  Platform: Linux  PlatformVersion: 5.14.0-427.37.1.el9_4.x86_64  CompilerName: GCC  CompilerVersion: 8.4.0
ProgramName: mris_euler_number  ProgramArguments: mris_euler_number -all-info  ProgramVersion: 7.3.2  TimeStamp: 2026/03/11-14:22:59-GMT  BuildTime: Aug  4 2022 06:17:15  BuildStamp: freesurfer-linux-ubuntu22_x86_64-7.3.2-20220804-6354275  User: oesteban  Machine: dna054  Platform: Linux  PlatformVersion: 5.14.0-427.37.1.el9_4.x86_64  CompilerName: GCC  CompilerVersion: 8.4.0
ProgramName: mris_fix_topology  ProgramArguments: mris_fix_topology -all-info  ProgramVersion: 7.3.2  TimeStamp: 2026/03/11-14:22:59-GMT  BuildTime: Aug  4 2022 06:17:15  BuildStamp: freesurfer-linux-ubuntu22_x86_64-7.3.2-20220804-6354275  User: oesteban  Machine: dna054  Platform: Linux  PlatformVersion: 5.14.0-427.37.1.el9_4.x86_64  CompilerName: GCC  CompilerVersion: 8.4.0
ProgramName: mris_topo_fixer  ProgramArguments: mris_topo_fixer -all-info  ProgramVersion: 7.3.2  TimeStamp: 2026/03/11-14:22:59-GMT  BuildTime: Aug  4 2022 06:17:15  BuildStamp: freesurfer-linux-ubuntu22_x86_64-7.3.2-20220804-6354275  User: oesteban  Machine: dna054  Platform: Linux  PlatformVersion: 5.14.0-427.37.1.el9_4.x86_64  CompilerName: GCC  CompilerVersion: 8.4.0
ProgramName: mris_jacobian  ProgramArguments: mris_jacobian -all-info  ProgramVersion: 7.3.2  TimeStamp: 2026/03/11-14:22:59-GMT  BuildTime: Aug  4 2022 06:17:15  BuildStamp: freesurfer-linux-ubuntu22_x86_64-7.3.2-20220804-6354275  User: oesteban  Machine: dna054  Platform: Linux  PlatformVersion: 5.14.0-427.37.1.el9_4.x86_64  CompilerName: GCC  CompilerVersion: 8.4.0
ProgramName: mris_label2annot  ProgramArguments: mris_label2annot -all-info  ProgramVersion: 7.3.2  TimeStamp: 2026/03/11-14:22:59-GMT  BuildTime: Aug  4 2022 06:17:15  BuildStamp: freesurfer-linux-ubuntu22_x86_64-7.3.2-20220804-6354275  User: oesteban  Machine: dna054  Platform: Linux  PlatformVersion: 5.14.0-427.37.1.el9_4.x86_64  CompilerName: GCC  CompilerVersion: 8.4.0
ProgramName: mris_left_right_register  ProgramArguments: mris_left_right_register -all-info  ProgramVersion: 7.3.2  TimeStamp: 2026/03/11-14:22:59-GMT  BuildTime: Aug  4 2022 06:17:15  BuildStamp: freesurfer-linux-ubuntu22_x86_64-7.3.2-20220804-6354275  User: oesteban  Machine: dna054  Platform: Linux  PlatformVersion: 5.14.0-427.37.1.el9_4.x86_64  CompilerName: GCC  CompilerVersion: 8.4.0
ProgramName: mris_place_surface  ProgramArguments: mris_place_surface -all-info  ProgramVersion: 7.3.2  TimeStamp: 2026/03/11-14:22:59-GMT  BuildTime: Aug  4 2022 06:17:15  BuildStamp: freesurfer-linux-ubuntu22_x86_64-7.3.2-20220804-6354275  User: oesteban  Machine: dna054  Platform: Linux  PlatformVersion: 5.14.0-427.37.1.el9_4.x86_64  CompilerName: GCC  CompilerVersion: 8.4.0
ProgramName: mrisp_paint  ProgramArguments: mrisp_paint -all-info  ProgramVersion: 7.3.2  TimeStamp: 2026/03/11-14:22:59-GMT  BuildTime: Aug  4 2022 06:17:15  BuildStamp: freesurfer-linux-ubuntu22_x86_64-7.3.2-20220804-6354275  User: oesteban  Machine: dna054  Platform: Linux  PlatformVersion: 5.14.0-427.37.1.el9_4.x86_64  CompilerName: GCC  CompilerVersion: 8.4.0
ProgramName: mris_register  ProgramArguments: mris_register -all-info  ProgramVersion: 7.3.2  TimeStamp: 2026/03/11-14:22:59-GMT  BuildTime: Aug  4 2022 06:17:15  BuildStamp: freesurfer-linux-ubuntu22_x86_64-7.3.2-20220804-6354275  User: oesteban  Machine: dna054  Platform: Linux  PlatformVersion: 5.14.0-427.37.1.el9_4.x86_64  CompilerName: GCC  CompilerVersion: 8.4.0
ProgramName: mris_smooth  ProgramArguments: mris_smooth -all-info  ProgramVersion: 7.3.2  TimeStamp: 2026/03/11-14:22:59-GMT  BuildTime: Aug  4 2022 06:17:15  BuildStamp: freesurfer-linux-ubuntu22_x86_64-7.3.2-20220804-6354275  User: oesteban  Machine: dna054  Platform: Linux  PlatformVersion: 5.14.0-427.37.1.el9_4.x86_64  CompilerName: GCC  CompilerVersion: 8.4.0
ProgramName: mris_sphere  ProgramArguments: mris_sphere -all-info  ProgramVersion: 7.3.2  TimeStamp: 2026/03/11-14:22:59-GMT  BuildTime: Aug  4 2022 06:17:15  BuildStamp: freesurfer-linux-ubuntu22_x86_64-7.3.2-20220804-6354275  User: oesteban  Machine: dna054  Platform: Linux  PlatformVersion: 5.14.0-427.37.1.el9_4.x86_64  CompilerName: GCC  CompilerVersion: 8.4.0
ProgramName: mris_surface_stats  ProgramArguments: mris_surface_stats -all-info  ProgramVersion: 7.3.2  TimeStamp: 2026/03/11-14:22:59-GMT  BuildTime: Aug  4 2022 06:17:15  BuildStamp: freesurfer-linux-ubuntu22_x86_64-7.3.2-20220804-6354275  User: oesteban  Machine: dna054  Platform: Linux  PlatformVersion: 5.14.0-427.37.1.el9_4.x86_64  CompilerName: GCC  CompilerVersion: 8.4.0
ProgramName: mri_stats2seg  ProgramArguments: mri_stats2seg -all-info  ProgramVersion: 7.3.2  TimeStamp: 2026/03/11-14:22:59-GMT  BuildTime: Aug  4 2022 06:17:15  BuildStamp: freesurfer-linux-ubuntu22_x86_64-7.3.2-20220804-6354275  User: oesteban  Machine: dna054  Platform: Linux  PlatformVersion: 5.14.0-427.37.1.el9_4.x86_64  CompilerName: GCC  CompilerVersion: 8.4.0
ProgramName: mris_thickness  ProgramArguments: mris_thickness -all-info  ProgramVersion: 7.3.2  TimeStamp: 2026/03/11-14:22:59-GMT  BuildTime: Aug  4 2022 06:17:15  BuildStamp: freesurfer-linux-ubuntu22_x86_64-7.3.2-20220804-6354275  User: oesteban  Machine: dna054  Platform: Linux  PlatformVersion: 5.14.0-427.37.1.el9_4.x86_64  CompilerName: GCC  CompilerVersion: 8.4.0
ProgramName: mris_thickness_diff  ProgramArguments: mris_thickness_diff -all-info  ProgramVersion: 7.3.2  TimeStamp: 2026/03/11-14:22:59-GMT  BuildTime: Aug  4 2022 06:17:15  BuildStamp: freesurfer-linux-ubuntu22_x86_64-7.3.2-20220804-6354275  User: oesteban  Machine: dna054  Platform: Linux  PlatformVersion: 5.14.0-427.37.1.el9_4.x86_64  CompilerName: GCC  CompilerVersion: 8.4.0
ProgramName: mris_topo_fixer  ProgramArguments: mris_topo_fixer -all-info  ProgramVersion: 7.3.2  TimeStamp: 2026/03/11-14:22:59-GMT  BuildTime: Aug  4 2022 06:17:15  BuildStamp: freesurfer-linux-ubuntu22_x86_64-7.3.2-20220804-6354275  User: oesteban  Machine: dna054  Platform: Linux  PlatformVersion: 5.14.0-427.37.1.el9_4.x86_64  CompilerName: GCC  CompilerVersion: 8.4.0
ProgramName: mri_surf2surf  ProgramArguments: mri_surf2surf -all-info  ProgramVersion: 7.3.2  TimeStamp: 2026/03/11-14:22:59-GMT  BuildTime: Aug  4 2022 06:17:15  BuildStamp: freesurfer-linux-ubuntu22_x86_64-7.3.2-20220804-6354275  User: oesteban  Machine: dna054  Platform: Linux  PlatformVersion: 5.14.0-427.37.1.el9_4.x86_64  CompilerName: GCC  CompilerVersion: 8.4.0
ProgramName: mri_surf2vol  ProgramArguments: mri_surf2vol -all-info  ProgramVersion: 7.3.2  TimeStamp: 2026/03/11-14:22:59-GMT  BuildTime: Aug  4 2022 06:17:15  BuildStamp: freesurfer-linux-ubuntu22_x86_64-7.3.2-20220804-6354275  User: oesteban  Machine: dna054  Platform: Linux  PlatformVersion: 5.14.0-427.37.1.el9_4.x86_64  CompilerName: GCC  CompilerVersion: 8.4.0
ProgramName: mri_surfcluster  ProgramArguments: mri_surfcluster -all-info  ProgramVersion: 7.3.2  TimeStamp: 2026/03/11-14:22:59-GMT  BuildTime: Aug  4 2022 06:17:15  BuildStamp: freesurfer-linux-ubuntu22_x86_64-7.3.2-20220804-6354275  User: oesteban  Machine: dna054  Platform: Linux  PlatformVersion: 5.14.0-427.37.1.el9_4.x86_64  CompilerName: GCC  CompilerVersion: 8.4.0
ProgramName: mris_volmask  ProgramArguments: mris_volmask -all-info  ProgramVersion: 7.3.2  TimeStamp: 2026/03/11-14:22:59-GMT  BuildTime: Aug  4 2022 06:17:15  BuildStamp: freesurfer-linux-ubuntu22_x86_64-7.3.2-20220804-6354275  User: oesteban  Machine: dna054  Platform: Linux  PlatformVersion: 5.14.0-427.37.1.el9_4.x86_64  CompilerName: GCC  CompilerVersion: 8.4.0
ProgramName: mri_tessellate  ProgramArguments: mri_tessellate -all-info  ProgramVersion: 7.3.2  TimeStamp: 2026/03/11-14:22:59-GMT  BuildTime: Aug  4 2022 06:17:15  BuildStamp: freesurfer-linux-ubuntu22_x86_64-7.3.2-20220804-6354275  User: oesteban  Machine: dna054  Platform: Linux  PlatformVersion: 5.14.0-427.37.1.el9_4.x86_64  CompilerName: GCC  CompilerVersion: 8.4.0
ProgramName: mri_vol2surf  ProgramArguments: mri_vol2surf -all-info  ProgramVersion: 7.3.2  TimeStamp: 2026/03/11-14:22:59-GMT  BuildTime: Aug  4 2022 06:17:15  BuildStamp: freesurfer-linux-ubuntu22_x86_64-7.3.2-20220804-6354275  User: oesteban  Machine: dna054  Platform: Linux  PlatformVersion: 5.14.0-427.37.1.el9_4.x86_64  CompilerName: GCC  CompilerVersion: 8.4.0
ProgramName: mri_vol2vol  ProgramArguments: mri_vol2vol -all-info  ProgramVersion: 7.3.2  TimeStamp: 2026/03/11-14:22:59-GMT  BuildTime: Aug  4 2022 06:17:15  BuildStamp: freesurfer-linux-ubuntu22_x86_64-7.3.2-20220804-6354275  User: oesteban  Machine: dna054  Platform: Linux  PlatformVersion: 5.14.0-427.37.1.el9_4.x86_64  CompilerName: GCC  CompilerVersion: 8.4.0
ProgramName: mri_voldiff  ProgramArguments: mri_voldiff -all-info  ProgramVersion: 7.3.2  TimeStamp: 2026/03/11-14:22:59-GMT  BuildTime: Aug  4 2022 06:17:15  BuildStamp: freesurfer-linux-ubuntu22_x86_64-7.3.2-20220804-6354275  User: oesteban  Machine: dna054  Platform: Linux  PlatformVersion: 5.14.0-427.37.1.el9_4.x86_64  CompilerName: GCC  CompilerVersion: 8.4.0
ProgramName: mri_watershed  ProgramArguments: mri_watershed -all-info  ProgramVersion: 7.3.2  TimeStamp: 2026/03/11-14:22:59-GMT  BuildTime: Aug  4 2022 06:17:15  BuildStamp: freesurfer-linux-ubuntu22_x86_64-7.3.2-20220804-6354275  User: oesteban  Machine: dna054  Platform: Linux  PlatformVersion: 5.14.0-427.37.1.el9_4.x86_64  CompilerName: GCC  CompilerVersion: 8.4.0
ProgramName: tkregister2  ProgramArguments: tkregister2_cmdl -all-info  ProgramVersion: 7.3.2  TimeStamp: 2026/03/11-14:22:59-GMT  BuildTime: Aug  4 2022 06:17:15  BuildStamp: freesurfer-linux-ubuntu22_x86_64-7.3.2-20220804-6354275  User: oesteban  Machine: dna054  Platform: Linux  PlatformVersion: 5.14.0-427.37.1.el9_4.x86_64  CompilerName: GCC  CompilerVersion: 8.4.0
mri_motion_correct.fsl 7.3.2
mri_convert -all-info 
ProgramName: mri_convert  ProgramArguments: mri_convert -all-info  ProgramVersion: 7.3.2  TimeStamp: 2026/03/11-14:22:59-GMT  BuildTime: Aug  4 2022 06:17:15  BuildStamp: freesurfer-linux-ubuntu22_x86_64-7.3.2-20220804-6354275  User: oesteban  Machine: dna054  Platform: Linux  PlatformVersion: 5.14.0-427.37.1.el9_4.x86_64  CompilerName: GCC  CompilerVersion: 8.4.0
Program nu_correct, built from:
Package MNI N3, version 1.12.0, compiled by nicks@terrier (x86_64-unknown-linux-gnu) on 2015-06-19 at 01:25:34
#######################################
GCADIR /opt/freesurfer/average
GCA RB_all_2020-01-02.gca
GCASkull RB_all_withskull_2020_01_02.gca
AvgCurvTif folding.atlas.acfb40.noaparc.i12.2016-08-02.tif
GCSDIR /opt/freesurfer/average
GCS DKaparc.atlas.acfb40.noaparc.i12.2016-08-02.gcs
#######################################
#--------------------------------------------
#@# Tessellate lh Wed Mar 11 15:22:59 CET 2026
/out/sourcedata/freesurfer/sub-v2s18x29508_ses-1/scripts

 mri_pretess ../mri/filled.mgz 255 ../mri/norm.mgz ../mri/filled-pretess255.mgz 


Iteration Number : 1
pass   1 (xy+):   1 found -   1 modified     |    TOTAL:   1
pass   2 (xy+):   0 found -   1 modified     |    TOTAL:   1
pass   1 (xy-):   1 found -   1 modified     |    TOTAL:   2
pass   2 (xy-):   0 found -   1 modified     |    TOTAL:   2
pass   1 (yz+):  20 found -  20 modified     |    TOTAL:  22
pass   2 (yz+):   0 found -  20 modified     |    TOTAL:  22
pass   1 (yz-):   8 found -   8 modified     |    TOTAL:  30
pass   2 (yz-):   0 found -   8 modified     |    TOTAL:  30
pass   1 (xz+):   1 found -   1 modified     |    TOTAL:  31
pass   2 (xz+):   0 found -   1 modified     |    TOTAL:  31
pass   1 (xz-):   1 found -   1 modified     |    TOTAL:  32
pass   2 (xz-):   0 found -   1 modified     |    TOTAL:  32
Iteration Number : 1
pass   1 (+++):   0 found -   0 modified     |    TOTAL:   0
pass   1 (+++):   0 found -   0 modified     |    TOTAL:   0
pass   1 (+++):   0 found -   0 modified     |    TOTAL:   0
pass   1 (+++):   0 found -   0 modified     |    TOTAL:   0
Iteration Number : 1
pass   1 (++):   0 found -   0 modified     |    TOTAL:   0
pass   1 (+-):   0 found -   0 modified     |    TOTAL:   0
pass   1 (--):   0 found -   0 modified     |    TOTAL:   0
pass   1 (-+):   0 found -   0 modified     |    TOTAL:   0
Iteration Number : 2
pass   1 (xy+):   0 found -   0 modified     |    TOTAL:   0
pass   1 (xy-):   0 found -   0 modified     |    TOTAL:   0
pass   1 (yz+):   2 found -   2 modified     |    TOTAL:   2
pass   2 (yz+):   0 found -   2 modified     |    TOTAL:   2
pass   1 (yz-):   0 found -   0 modified     |    TOTAL:   2
pass   1 (xz+):   0 found -   0 modified     |    TOTAL:   2
pass   1 (xz-):   0 found -   0 modified     |    TOTAL:   2
Iteration Number : 2
pass   1 (+++):   0 found -   0 modified     |    TOTAL:   0
pass   1 (+++):   0 found -   0 modified     |    TOTAL:   0
pass   1 (+++):   0 found -   0 modified     |    TOTAL:   0
pass   1 (+++):   0 found -   0 modified     |    TOTAL:   0
Iteration Number : 2
pass   1 (++):   0 found -   0 modified     |    TOTAL:   0
pass   1 (+-):   0 found -   0 modified     |    TOTAL:   0
pass   1 (--):   0 found -   0 modified     |    TOTAL:   0
pass   1 (-+):   0 found -   0 modified     |    TOTAL:   0
Iteration Number : 3
pass   1 (xy+):   0 found -   0 modified     |    TOTAL:   0
pass   1 (xy-):   0 found -   0 modified     |    TOTAL:   0
pass   1 (yz+):   0 found -   0 modified     |    TOTAL:   0
pass   1 (yz-):   0 found -   0 modified     |    TOTAL:   0
pass   1 (xz+):   0 found -   0 modified     |    TOTAL:   0
pass   1 (xz-):   0 found -   0 modified     |    TOTAL:   0
Iteration Number : 3
pass   1 (+++):   0 found -   0 modified     |    TOTAL:   0
pass   1 (+++):   0 found -   0 modified     |    TOTAL:   0
pass   1 (+++):   0 found -   0 modified     |    TOTAL:   0
pass   1 (+++):   0 found -   0 modified     |    TOTAL:   0
Iteration Number : 3
pass   1 (++):   0 found -   0 modified     |    TOTAL:   0
pass   1 (+-):   0 found -   0 modified     |    TOTAL:   0
pass   1 (--):   0 found -   0 modified     |    TOTAL:   0
pass   1 (-+):   0 found -   0 modified     |    TOTAL:   0

Total Number of Modified Voxels = 34 (out of 258676: 0.013144)
Ambiguous edge configurations... 

mri_pretess done


 mri_tessellate ../mri/filled-pretess255.mgz 255 ../surf/lh.orig.nofix 

7.3.2
  7.3.2
slice 40: 52 vertices, 69 faces
slice 50: 3332 vertices, 3486 faces
slice 60: 9025 vertices, 9275 faces
slice 70: 16698 vertices, 17031 faces
slice 80: 25409 vertices, 25726 faces
slice 90: 35161 vertices, 35489 faces
slice 100: 45026 vertices, 45406 faces
slice 110: 56043 vertices, 56440 faces
slice 120: 67920 vertices, 68327 faces
slice 130: 79048 vertices, 79446 faces
slice 140: 90088 vertices, 90436 faces
slice 150: 100152 vertices, 100455 faces
slice 160: 108557 vertices, 108868 faces
slice 170: 116574 vertices, 116856 faces
slice 180: 123432 vertices, 123680 faces
slice 190: 128927 vertices, 129129 faces
slice 200: 133009 vertices, 133124 faces
slice 210: 133732 vertices, 133748 faces
slice 220: 133732 vertices, 133748 faces
slice 230: 133732 vertices, 133748 faces
slice 240: 133732 vertices, 133748 faces
slice 250: 133732 vertices, 133748 faces
using the conformed surface RAS to save vertex points...
writing ../surf/lh.orig.nofix
using vox2ras matrix:
-1.00000   0.00000   0.00000   128.00000;
 0.00000   0.00000   1.00000  -128.00000;
 0.00000  -1.00000   0.00000   128.00000;
 0.00000   0.00000   0.00000   1.00000;

 rm -f ../mri/filled-pretess255.mgz 


 mris_extract_main_component ../surf/lh.orig.nofix ../surf/lh.orig.nofix 


counting number of connected components...
   133732 voxel in cpt #1: X=-16 [v=133732,e=401244,f=267496] located at (-25.859510, -9.134104, 41.132423)
For the whole surface: X=-16 [v=133732,e=401244,f=267496]
One single component has been found
nothing to do
done

#--------------------------------------------
#@# Smooth1 lh Wed Mar 11 15:23:04 CET 2026
/out/sourcedata/freesurfer/sub-v2s18x29508_ses-1/scripts

 mris_smooth -nw -seed 1234 ../surf/lh.orig.nofix ../surf/lh.smoothwm.nofix 

setting seed for random number generator to 1234
smoothing surface tessellation for 10 iterations...
smoothing complete - recomputing first and second fundamental forms...
#--------------------------------------------
#@# Inflation1 lh Wed Mar 11 15:23:06 CET 2026
/out/sourcedata/freesurfer/sub-v2s18x29508_ses-1/scripts

 mris_inflate -no-save-sulc ../surf/lh.smoothwm.nofix ../surf/lh.inflated.nofix 

Not saving sulc
Reading ../surf/lh.smoothwm.nofix
avg radius = 46.5 mm, total surface area = 71520 mm^2
step 000: RMS=0.150 (target=0.015)   step 005: RMS=0.113 (target=0.015)   step 010: RMS=0.082 (target=0.015)   step 015: RMS=0.068 (target=0.015)   step 020: RMS=0.057 (target=0.015)   step 025: RMS=0.048 (target=0.015)   step 030: RMS=0.041 (target=0.015)   step 035: RMS=0.036 (target=0.015)   step 040: RMS=0.034 (target=0.015)   step 045: RMS=0.031 (target=0.015)   step 050: RMS=0.029 (target=0.015)   step 055: RMS=0.028 (target=0.015)   step 060: RMS=0.028 (target=0.015)   writing inflated surface to ../surf/lh.inflated.nofix
inflation took 0.2 minutes

inflation complete.
Not saving sulc
mris_inflate utimesec    60.956896
mris_inflate stimesec    1.410921
mris_inflate ru_maxrss   212264
mris_inflate ru_ixrss    0
mris_inflate ru_idrss    0
mris_inflate ru_isrss    0
mris_inflate ru_minflt   506998
mris_inflate ru_majflt   43
mris_inflate ru_nswap    0
mris_inflate ru_inblock  1672
mris_inflate ru_oublock  9408
mris_inflate ru_msgsnd   0
mris_inflate ru_msgrcv   0
mris_inflate ru_nsignals 0
mris_inflate ru_nvcsw    5539
mris_inflate ru_nivcsw   852
#--------------------------------------------
#@# QSphere lh Wed Mar 11 15:23:19 CET 2026
/out/sourcedata/freesurfer/sub-v2s18x29508_ses-1/scripts

 mris_sphere -q -p 6 -a 128 -seed 1234 ../surf/lh.inflated.nofix ../surf/lh.qsphere.nofix 

doing quick spherical unfolding.
limitting unfolding to 6 passes
using n_averages = 128
setting seed for random number genererator to 1234
version: 7.3.2
available threads: 16
scaling brain by 0.306...
inflating...
projecting onto sphere...
surface projected - minimizing metric distortion...
vertex spacing 1.00 +- 0.57 (0.00-->10.43) (max @ vno 67628 --> 67629)
face area 0.03 +- 0.03 (-0.21-->0.45)
Entering MRISinflateToSphere()
inflating to sphere (rms error < 2.00)
000: dt: 0.0000, rms radial error=177.281, avgs=0
005/300: dt: 0.9000, rms radial error=177.022, avgs=0
010/300: dt: 0.9000, rms radial error=176.465, avgs=0
015/300: dt: 0.9000, rms radial error=175.733, avgs=0
020/300: dt: 0.9000, rms radial error=174.899, avgs=0
025/300: dt: 0.9000, rms radial error=174.007, avgs=0
030/300: dt: 0.9000, rms radial error=173.084, avgs=0
035/300: dt: 0.9000, rms radial error=172.143, avgs=0
040/300: dt: 0.9000, rms radial error=171.195, avgs=0
045/300: dt: 0.9000, rms radial error=170.244, avgs=0
050/300: dt: 0.9000, rms radial error=169.294, avgs=0
055/300: dt: 0.9000, rms radial error=168.346, avgs=0
060/300: dt: 0.9000, rms radial error=167.402, avgs=0
065/300: dt: 0.9000, rms radial error=166.462, avgs=0
070/300: dt: 0.9000, rms radial error=165.527, avgs=0
075/300: dt: 0.9000, rms radial error=164.596, avgs=0
080/300: dt: 0.9000, rms radial error=163.670, avgs=0
085/300: dt: 0.9000, rms radial error=162.749, avgs=0
090/300: dt: 0.9000, rms radial error=161.834, avgs=0
095/300: dt: 0.9000, rms radial error=160.923, avgs=0
100/300: dt: 0.9000, rms radial error=160.016, avgs=0
105/300: dt: 0.9000, rms radial error=159.115, avgs=0
110/300: dt: 0.9000, rms radial error=158.219, avgs=0
115/300: dt: 0.9000, rms radial error=157.327, avgs=0
120/300: dt: 0.9000, rms radial error=156.440, avgs=0
125/300: dt: 0.9000, rms radial error=155.559, avgs=0
130/300: dt: 0.9000, rms radial error=154.682, avgs=0
135/300: dt: 0.9000, rms radial error=153.810, avgs=0
140/300: dt: 0.9000, rms radial error=152.943, avgs=0
145/300: dt: 0.9000, rms radial error=152.080, avgs=0
150/300: dt: 0.9000, rms radial error=151.223, avgs=0
155/300: dt: 0.9000, rms radial error=150.370, avgs=0
160/300: dt: 0.9000, rms radial error=149.523, avgs=0
165/300: dt: 0.9000, rms radial error=148.680, avgs=0
170/300: dt: 0.9000, rms radial error=147.841, avgs=0
175/300: dt: 0.9000, rms radial error=147.008, avgs=0
180/300: dt: 0.9000, rms radial error=146.182, avgs=0
185/300: dt: 0.9000, rms radial error=145.359, avgs=0
190/300: dt: 0.9000, rms radial error=144.541, avgs=0
195/300: dt: 0.9000, rms radial error=143.728, avgs=0
200/300: dt: 0.9000, rms radial error=142.919, avgs=0
205/300: dt: 0.9000, rms radial error=142.115, avgs=0
210/300: dt: 0.9000, rms radial error=141.315, avgs=0
215/300: dt: 0.9000, rms radial error=140.520, avgs=0
220/300: dt: 0.9000, rms radial error=139.729, avgs=0
225/300: dt: 0.9000, rms radial error=138.942, avgs=0
230/300: dt: 0.9000, rms radial error=138.160, avgs=0
235/300: dt: 0.9000, rms radial error=137.382, avgs=0
240/300: dt: 0.9000, rms radial error=136.608, avgs=0
245/300: dt: 0.9000, rms radial error=135.839, avgs=0
250/300: dt: 0.9000, rms radial error=135.074, avgs=0
255/300: dt: 0.9000, rms radial error=134.313, avgs=0
260/300: dt: 0.9000, rms radial error=133.556, avgs=0
265/300: dt: 0.9000, rms radial error=132.804, avgs=0
270/300: dt: 0.9000, rms radial error=132.056, avgs=0
275/300: dt: 0.9000, rms radial error=131.312, avgs=0
280/300: dt: 0.9000, rms radial error=130.572, avgs=0
285/300: dt: 0.9000, rms radial error=129.836, avgs=0
290/300: dt: 0.9000, rms radial error=129.105, avgs=0
295/300: dt: 0.9000, rms radial error=128.377, avgs=0
300/300: dt: 0.9000, rms radial error=127.654, avgs=0

spherical inflation complete.
epoch 1 (K=10.0), pass 1, starting sse = 15673.91
taking momentum steps...
taking momentum steps...
taking momentum steps...
taking momentum steps...
pass 1 complete, delta sse/iter = 0.00/13 = 0.00029
epoch 2 (K=40.0), pass 1, starting sse = 2571.81
taking momentum steps...
taking momentum steps...
taking momentum steps...
taking momentum steps...
pass 1 complete, delta sse/iter = 0.01/13 = 0.00044
epoch 3 (K=160.0), pass 1, starting sse = 232.42
taking momentum steps...
taking momentum steps...
taking momentum steps...
taking momentum steps...
pass 1 complete, delta sse/iter = 0.08/14 = 0.00591
epoch 4 (K=640.0), pass 1, starting sse = 9.82
taking momentum steps...
taking momentum steps...
taking momentum steps...
taking momentum steps...
pass 1 complete, delta sse/iter = 0.04/14 = 0.00320
final distance error %100000.00
writing spherical brain to ../surf/lh.qsphere.nofix
spherical transformation took 0.0165 hours
FSRUNTIME@ mris_sphere  0.0165 hours 16 threads
#VMPC# mris_sphere VmPeak  1668812
mris_sphere done
#@# Fix Topology lh Wed Mar 11 15:24:19 CET 2026

 mris_fix_topology -mgz -sphere qsphere.nofix -inflated inflated.nofix -orig orig.nofix -out orig.premesh -ga -seed 1234 sub-v2s18x29508_ses-1 lh 

reading spherical homeomorphism from 'qsphere.nofix'
reading inflated coordinates from 'inflated.nofix'
reading original coordinates from 'orig.nofix'
using genetic algorithm with optimized parameters
setting seed for random number genererator to 1234

*************************************************************
Topology Correction Parameters
retessellation mode:           genetic search
number of patches/generation : 10
number of generations :        10
surface mri loglikelihood coefficient :         1.0
volume mri loglikelihood coefficient :          10.0
normal dot loglikelihood coefficient :          1.0
quadratic curvature loglikelihood coefficient : 1.0
volume resolution :                             2
eliminate vertices during search :              1
initial patch selection :                       1
select all defect vertices :                    0
ordering dependant retessellation:              0
use precomputed edge table :                    0
smooth retessellated patch :                    2
match retessellated patch :                     1
verbose mode :                                  0

*************************************************************
INFO: assuming .mgz format
writing corrected surface to 'orig.premesh'
7.3.2
  7.3.2
before topology correction, eno=-16 (nv=133732, nf=267496, ne=401244, g=9)
using quasi-homeomorphic spherical map to tessellate cortical surface...

Correction of the Topology
Finding true center and radius of Spherical Surface...done
Surface centered at (0,0,0) with radius 100.0 in 11 iterations
marking ambiguous vertices...
2177 ambiguous faces found in tessellation
segmenting defects...
15 defects found, arbitrating ambiguous regions...
analyzing neighboring defects...
      -merging segment 7 into 5
14 defects to be corrected 
0 vertices coincident
reading input surface /out/sourcedata/freesurfer/sub-v2s18x29508_ses-1/surf/lh.qsphere.nofix...
reading brain volume from brain...
reading wm segmentation from wm...
Reading original properties of orig.nofix
Reading vertex positions of inflated.nofix
Computing Initial Surface Statistics
      -face       loglikelihood: -9.7439  (-4.8720)
      -vertex     loglikelihood: -6.5433  (-3.2717)
      -normal dot loglikelihood: -3.6184  (-3.6184)
      -quad curv  loglikelihood: -5.7711  (-2.8855)
      Total Loglikelihood : -25.6767
CORRECTING DEFECT 0 (vertices=11, convex hull=19, v0=1091)
After retessellation of defect 0 (v0=1091), euler #=-12 (132361,396503,264130) : difference with theory (-11) = 1 
CORRECTING DEFECT 1 (vertices=28, convex hull=66, v0=5861)
After retessellation of defect 1 (v0=5861), euler #=-11 (132371,396558,264176) : difference with theory (-10) = 1 
CORRECTING DEFECT 2 (vertices=15, convex hull=33, v0=40431)
After retessellation of defect 2 (v0=40431), euler #=-10 (132375,396580,264195) : difference with theory (-9) = 1 
CORRECTING DEFECT 3 (vertices=8, convex hull=22, v0=50108)
After retessellation of defect 3 (v0=50108), euler #=-9 (132377,396593,264207) : difference with theory (-8) = 1 
CORRECTING DEFECT 4 (vertices=28, convex hull=68, v0=63232)
After retessellation of defect 4 (v0=63232), euler #=-8 (132397,396677,264272) : difference with theory (-7) = 1 
CORRECTING DEFECT 5 (vertices=355, convex hull=378, v0=64152)
After retessellation of defect 5 (v0=64152), euler #=-6 (132574,397396,264816) : difference with theory (-6) = 0 
CORRECTING DEFECT 6 (vertices=449, convex hull=261, v0=66438)
After retessellation of defect 6 (v0=66438), euler #=-5 (132710,397927,265212) : difference with theory (-5) = 0 
CORRECTING DEFECT 7 (vertices=23, convex hull=31, v0=79038)
After retessellation of defect 7 (v0=79038), euler #=-4 (132714,397949,265231) : difference with theory (-4) = 0 
CORRECTING DEFECT 8 (vertices=7, convex hull=25, v0=80978)
After retessellation of defect 8 (v0=80978), euler #=-3 (132718,397965,265244) : difference with theory (-3) = 0 
CORRECTING DEFECT 9 (vertices=22, convex hull=49, v0=86702)
After retessellation of defect 9 (v0=86702), euler #=-2 (132729,398020,265289) : difference with theory (-2) = 0 
CORRECTING DEFECT 10 (vertices=44, convex hull=33, v0=92032)
After retessellation of defect 10 (v0=92032), euler #=-1 (132738,398059,265320) : difference with theory (-1) = 0 
CORRECTING DEFECT 11 (vertices=80, convex hull=80, v0=97315)
After retessellation of defect 11 (v0=97315), euler #=0 (132768,398183,265415) : difference with theory (0) = 0 
CORRECTING DEFECT 12 (vertices=280, convex hull=187, v0=100060)
After retessellation of defect 12 (v0=100060), euler #=1 (132792,398348,265557) : difference with theory (1) = 0 
CORRECTING DEFECT 13 (vertices=21, convex hull=63, v0=125538)
After retessellation of defect 13 (v0=125538), euler #=2 (132802,398400,265600) : difference with theory (2) = 0 
computing original vertex metric properties...
storing new metric properties...
computing tessellation statistics...
vertex spacing 0.89 +- 0.21 (0.05-->7.03) (max @ vno 98986 --> 104003)
face area -nan +- -nan (1000.00-->-1.00)
performing soap bubble on retessellated vertices for 0 iterations...
vertex spacing 0.89 +- 0.21 (0.05-->7.03) (max @ vno 98986 --> 104003)
face area -nan +- -nan (1000.00-->-1.00)
tessellation finished, orienting corrected surface...
53 mutations (36.3%), 93 crossovers (63.7%), 83 vertices were eliminated
building final representation...
930 vertices and 0 faces have been removed from triangulation
after topology correction, eno=2 (nv=132802, nf=265600, ne=398400, g=0)
writing corrected surface to /out/sourcedata/freesurfer/sub-v2s18x29508_ses-1/surf/lh.orig.premesh...

0.000 % of the vertices (0 vertices) exhibit an orientation change
removing intersecting faces
000: 121 intersecting
001: 20 intersecting
terminating search with 0 intersecting
topology fixing took 1.2 minutes
FSRUNTIME@ mris_fix_topology lh  0.0192 hours 16 threads
#VMPC# mris_fix_topology VmPeak  2051928

 mris_euler_number ../surf/lh.orig.premesh 

euler # = v-e+f = 2g-2: 132802 - 398400 + 265600 = 2 --> 0 holes
      F =2V-4:          265600 = 265604-4 (0)
      2E=3F:            796800 = 796800 (0)

total defect index = 0
Wed Mar 11 15:25:28 CET 2026

setenv SUBJECTS_DIR /out/sourcedata/freesurfer
cd /out/sourcedata/freesurfer/sub-v2s18x29508_ses-1/scripts
/opt/freesurfer/bin/defect2seg --s sub-v2s18x29508_ses-1 --lh-only --cortex

freesurfer-linux-ubuntu22_x86_64-7.3.2-20220804-6354275
defect2seg 7.3.2
Linux dna054 5.14.0-427.37.1.el9_4.x86_64 #1 SMP PREEMPT_DYNAMIC Fri Sep 13 12:41:50 EDT 2024 x86_64 x86_64 x86_64 GNU/Linux
pid 3257162
mri_label2label --label-cortex /out/sourcedata/freesurfer/sub-v2s18x29508_ses-1/surf/lh.orig.nofix /out/sourcedata/freesurfer/sub-v2s18x29508_ses-1/mri/aseg.presurf.mgz 0 /out/sourcedata/freesurfer/sub-v2s18x29508_ses-1/label/lh.nofix.cortex.label

 Generating cortex label... RemoveHipAmgy=0
 NucAccIsMedialWall=0
 mris->useRealRAS=0
10 non-cortical segments detected
only using segment with 7494 vertices
erasing segment 1 (vno[0] = 61913)
erasing segment 2 (vno[0] = 72335)
erasing segment 3 (vno[0] = 87719)
erasing segment 4 (vno[0] = 87774)
erasing segment 5 (vno[0] = 88734)
erasing segment 6 (vno[0] = 90801)
erasing segment 7 (vno[0] = 90862)
erasing segment 8 (vno[0] = 94134)
erasing segment 9 (vno[0] = 99037)
mri_label2vol --defects /out/sourcedata/freesurfer/sub-v2s18x29508_ses-1/surf/lh.orig.nofix /out/sourcedata/freesurfer/sub-v2s18x29508_ses-1/surf/lh.defect_labels /out/sourcedata/freesurfer/sub-v2s18x29508_ses-1/mri/orig.mgz 1000 0 /out/sourcedata/freesurfer/sub-v2s18x29508_ses-1/mri/lh.surface.defects.mgz /out/sourcedata/freesurfer/sub-v2s18x29508_ses-1/label/lh.nofix.cortex.label
mri_label2vol supposed to be reproducible but seed not set
Contraining to label /out/sourcedata/freesurfer/sub-v2s18x29508_ses-1/label/lh.nofix.cortex.label
Changing input type 0 to MRI_INT
Converting defects to volume: offset=1000, merge=0
Writing to /out/sourcedata/freesurfer/sub-v2s18x29508_ses-1/mri/lh.surface.defects.mgz
mris_defects_pointset -s /out/sourcedata/freesurfer/sub-v2s18x29508_ses-1/surf/lh.orig.nofix -d /out/sourcedata/freesurfer/sub-v2s18x29508_ses-1/surf/lh.defect_labels -o /out/sourcedata/freesurfer/sub-v2s18x29508_ses-1/surf/lh.defects.pointset --label /out/sourcedata/freesurfer/sub-v2s18x29508_ses-1/label/lh.nofix.cortex.label
Reading in surface /out/sourcedata/freesurfer/sub-v2s18x29508_ses-1/surf/lh.orig.nofix
Reading in defect segmentation /out/sourcedata/freesurfer/sub-v2s18x29508_ses-1/surf/lh.defect_labels
Reading in label /out/sourcedata/freesurfer/sub-v2s18x29508_ses-1/label/lh.nofix.cortex.label
#VMPC# mris_defects_pointset 1264508
mris_defects_pointset done
 
Started at Wed Mar 11 15:25:28 CET 2026 
Ended   at Wed Mar 11 15:25:44 CET 2026
Defect2seg-Run-Time-Sec 16
Defect2seg-Run-Time-Min 0.32
Defect2seg-Run-Time-Hours 0.00
 
tkmeditfv sub-v2s18x29508_ses-1 brain.finalsurfs.mgz -defect
defect2seg Done

 mris_remesh --remesh --iters 3 --input /out/sourcedata/freesurfer/sub-v2s18x29508_ses-1/surf/lh.orig.premesh --output /out/sourcedata/freesurfer/sub-v2s18x29508_ses-1/surf/lh.orig 

iters = 3
standard remeshing without target
   adjusted l: 0.70824
remeshing to edge length 0.70824 with 3 iterations

avg qual before   : 0.890018  after: 0.971401

Removing intersections
Remeshed surface quality stats nv0 = 132802  nv = 138432  1.04239
Area    276860  0.30033  0.03330 0.078441   0.4523
Corner  830580 60.00000  8.76843 16.341986 145.4486
Edge    415290  0.84069  0.08174 0.439663   1.2213
Hinge   415290  9.64397 10.27003 0.000019 126.5972
mris_remesh done
/out/sourcedata/freesurfer/sub-v2s18x29508_ses-1/scripts

 mris_remove_intersection ../surf/lh.orig ../surf/lh.orig 

intersection removal took 0.00 hours
writing corrected surface to ../surf/lh.orig

 rm -f ../surf/lh.inflated 

#--------------------------------------------
#@# AutoDetGWStats lh Wed Mar 11 15:26:16 CET 2026
cd /out/sourcedata/freesurfer/sub-v2s18x29508_ses-1/mri
mris_autodet_gwstats --o ../surf/autodet.gw.stats.lh.dat --i brain.finalsurfs.mgz --wm wm.mgz --surf ../surf/lh.orig.premesh
7.3.2

cd /out/sourcedata/freesurfer/sub-v2s18x29508_ses-1/mri
setenv SUBJECTS_DIR /out/sourcedata/freesurfer
mris_autodet_gwstats --o ../surf/autodet.gw.stats.lh.dat --i brain.finalsurfs.mgz --wm wm.mgz --surf ../surf/lh.orig.premesh 

border white:    240631 voxels (1.43%)
border gray      273019 voxels (1.63%)
Reading in intensity volume brain.finalsurfs.mgz
Reading in wm volume wm.mgz
Reading in surf ../surf/lh.orig.premesh
Auto detecting stats
MRIclipBrightWM(): nthresh=20466, wmmin=5, clip=110 
Binarizing thresholding at 5
computing class statistics... low=30, hi=110.000000
CCS WM (99.0): 98.6 +- 9.2 [70.0 --> 110.0]
CCS GM (69.0) : 68.9 +- 10.0 [30.0 --> 110.0]
white_mean = 98.6124 +/- 9.17276, gray_mean = 68.9425 +/- 9.96937
using class modes intead of means, discounting robust sigmas....
MRIScomputeClassModes(): min=0 max=174 nbins=175
intensity peaks found at WM=105+-7.0,    GM=63+-7.8
white_mode = 105, gray_mode = 63
std_scale = 1
Applying sanity checks, max_scale_down = 0.2
setting MIN_GRAY_AT_WHITE_BORDER to 53.0 (was 70.000000)
setting MAX_BORDER_WHITE to 114.2 (was 105.000000)
setting MIN_BORDER_WHITE to 63.0 (was 85.000000)
setting MAX_CSF to 43.1 (was 40.000000)
setting MAX_GRAY to 95.8 (was 95.000000)
setting MAX_GRAY_AT_CSF_BORDER to 53.0 (was 75.000000)
setting MIN_GRAY_AT_CSF_BORDER to 33.1 (was 40.000000)
When placing the white surface
  white_border_hi   = 114.173;
  white_border_low  = 63;
  white_outside_low = 53.0306;
  white_inside_hi   = 120;
  white_outside_hi  = 114.173;
When placing the pial surface
  pial_border_hi   = 53.0306;
  pial_border_low  = 33.0919;
  pial_outside_low = 10;
  pial_inside_hi   = 95.8272;
  pial_outside_hi  = 48.0459;
#VMPC# mris_autodet_gwstats VmPeak  1334284
mris_autodet_gwstats done
#--------------------------------------------
#@# WhitePreAparc lh Wed Mar 11 15:26:20 CET 2026
cd /out/sourcedata/freesurfer/sub-v2s18x29508_ses-1/mri
mris_place_surface --adgws-in ../surf/autodet.gw.stats.lh.dat --wm wm.mgz --threads 16 --invol brain.finalsurfs.mgz --lh --i ../surf/lh.orig --o ../surf/lh.white.preaparc --white --seg aseg.presurf.mgz --nsmooth 5
7.3.2
7.3.2

cd /out/sourcedata/freesurfer/sub-v2s18x29508_ses-1/mri
setenv SUBJECTS_DIR /out/sourcedata/freesurfer
mris_place_surface --adgws-in ../surf/autodet.gw.stats.lh.dat --wm wm.mgz --threads 16 --invol brain.finalsurfs.mgz --lh --i ../surf/lh.orig --o ../surf/lh.white.preaparc --white --seg aseg.presurf.mgz --nsmooth 5 

Reading in input surface ../surf/lh.orig
Smoothing surface before ripping with 5 iterations
Area    276860  0.26473  0.06314 0.000494   0.6241
Corner  830580 60.00000  9.64240 3.807550 150.5578
Edge    415290  0.78575  0.11509 0.027308   1.2844
Hinge   415290  6.44836  6.55501 0.000023 139.9676
Not reading in aparc
Reading in input volume brain.finalsurfs.mgz
Reading in wm volume wm.mgz
MRIclipBrightWM(): nthresh=20466, wmmin=5, clip=110 
MRIfindBrightNonWM(): 14 bright non-wm voxels segmented.
Masking bright non-wm for white surface
MRImask(): AllowDiffGeom = 1
MRImask(): AllowDiffGeom = 1
Reading in seg volume aseg.presurf.mgz
Ripping frozen voxels
INFO: rip surface needed but not specified, so using input surface
Freezing midline and others
Entering: MRISripMidline(): inhibiting deformation at non-cortical midline structures...
  which=1, fix_mtl=0, using annot = 0
#FML0# MRISripMidline(): nripped=0
removing 4 vertices from ripped group in thread:0
removing 4 vertices from ripped group in thread:0
removing 2 vertices from ripped group in thread:0
#FML# MRISripMidline(): nmarked=6531, nmarked2=95, nripped=6531
Ripping segs (eg, WMSA, BG, frozen)
Starting MRISripSegs() d = (-2 2 0.5) segnos: 247 
MRISripSegs(): -2 2 0.5 ripped 0
vertex 69216: xyz = (-31.1839,2.93949,73.3897) oxyz = (-31.1839,2.93949,73.3897) wxzy = (-31.1839,2.93949,73.3897) pxyz = (0,0,0) 
CBVO Creating mask 138432
n_averages 4
Iteration 0 =========================================
n_averages=4, current_sigma=2
Freezing midline and others
Ripping frozen voxels
INFO: rip surface needed but not specified, so using input surface
Freezing midline and others
Entering: MRISripMidline(): inhibiting deformation at non-cortical midline structures...
  which=1, fix_mtl=0, using annot = 0
#FML0# MRISripMidline(): nripped=6531
removing 4 vertices from ripped group in thread:0
removing 4 vertices from ripped group in thread:0
removing 2 vertices from ripped group in thread:0
#FML# MRISripMidline(): nmarked=6531, nmarked2=95, nripped=6531
Ripping segs (eg, WMSA, BG, frozen)
Starting MRISripSegs() d = (-2 2 0.5) segnos: 247 247 
MRISripSegs(): -2 2 0.5 ripped 0
Computing target border values 
Entering MRIScomputeBorderValues_new(): 
  inside_hi   = 120.0000000;
  border_hi   = 114.1727600;
  border_low  =  63.0000000;
  outside_low =  53.0306240;
  outside_hi  = 114.1727600;
  sigma = 2;
  max_thickness = 10;
  step_size=0.5;
  STEP_SIZE=0.1;
  which = 1
  thresh = 0
  flags = 0
  CBVfindFirstPeakD1=0
  CBVfindFirstPeakD2=0
  nvertices=138432
  Gdiag_no=-1
  vno start=0, stop=138432
Replacing 255s with 0s
#SI# sigma=2 had to be increased for 68 vertices, nripped=6531
mean border=77.7, 21 (21) missing vertices, mean dist 0.3 [0.5 (%38.5)->0.7 (%61.5))]
%79 local maxima, %16 large gradients and % 0 min vals, 0 gradients ignored
nFirstPeakD1 0
MRIScomputeBorderValues_new() finished in 0.0154 min


Finding expansion regions
mean absolute distance = 0.62 +- 0.77
4324 vertices more than 2 sigmas from mean.
Averaging target values for 5 iterations...
Positioning Surface: tspring = 0.3, nspring = 0.3, spring = 0, niters = 100 l_repulse = 5, l_surf_repulse = 0, checktol = 0
Positioning pial surface
Entering MRISpositionSurface()
  max_mm = 0.3
  MAX_REDUCTIONS = 2, REDUCTION_PCT = 0.5
  parms->check_tol = 0, niterations = 100
tol=1.0e-04, sigma=2.0, host=dna05, nav=4, nbrs=2, l_repulse=5.000, l_tspring=0.300, l_nspring=0.300, l_intensity=0.200, l_curv=1.000
mom=0.00, dt=0.50
complete_dist_mat 0
rms 0
smooth_averages 0
remove_neg 0
ico_order 0
which_surface 0
target_radius 0.000000
nfields 0
scale 0.000000
desired_rms_height 0.000000
momentum 0.000000
nbhd_size 0
max_nbrs 0
niterations 100
nsurfaces 0
SURFACES 3
flags 0 (0)
use curv 0
no sulc 0
no rigid align 0
mris->nsize 2
mris->hemisphere 0
randomSeed 0

000: dt: 0.0000, sse=3674325.8, rms=11.558
001: dt: 0.5000, sse=1933057.4, rms=8.231 (28.787%)
002: dt: 0.5000, sse=1249574.6, rms=6.472 (21.370%)
003: dt: 0.5000, sse=907738.9, rms=5.374 (16.958%)
004: dt: 0.5000, sse=732160.1, rms=4.708 (12.409%)
005: dt: 0.5000, sse=635372.2, rms=4.297 (8.716%)
006: dt: 0.5000, sse=589854.2, rms=4.087 (4.886%)
007: dt: 0.5000, sse=567158.8, rms=3.968 (2.924%)
008: dt: 0.5000, sse=553314.0, rms=3.898 (1.767%)
rms = 3.8616/3.8977, sse=548739.9/553314.0, time step reduction 1 of 3 to 0.250  0 0 1
009: dt: 0.5000, sse=548739.9, rms=3.862 (0.925%)
010: dt: 0.2500, sse=286358.0, rms=2.215 (42.627%)
011: dt: 0.2500, sse=240482.7, rms=1.777 (19.789%)
012: dt: 0.2500, sse=227751.8, rms=1.633 (8.086%)
013: dt: 0.2500, sse=220319.7, rms=1.541 (5.625%)
rms = 1.4954/1.5415, sse=217627.6/220319.7, time step reduction 2 of 3 to 0.125  0 0 1
014: dt: 0.2500, sse=217627.6, rms=1.495 (2.991%)
015: dt: 0.1250, sse=209064.1, rms=1.387 (7.250%)
rms = 1.3660/1.3870, sse=208087.5/209064.1, time step reduction 3 of 3 to 0.062  0 0 1
016: dt: 0.1250, sse=208087.5, rms=1.366 (1.510%)
  maximum number of reductions reached, breaking from loop
positioning took 1.5 minutes
Iteration 1 =========================================
n_averages=2, current_sigma=1
Freezing midline and others
Ripping frozen voxels
INFO: rip surface needed but not specified, so using input surface
Freezing midline and others
Entering: MRISripMidline(): inhibiting deformation at non-cortical midline structures...
  which=1, fix_mtl=0, using annot = 0
#FML0# MRISripMidline(): nripped=6531
removing 3 vertices from ripped group in thread:0
#FML# MRISripMidline(): nmarked=6772, nmarked2=118, nripped=6772
Ripping segs (eg, WMSA, BG, frozen)
Starting MRISripSegs() d = (-2 2 0.5) segnos: 247 247 247 
MRISripSegs(): -2 2 0.5 ripped 0
Computing target border values 
Entering MRIScomputeBorderValues_new(): 
  inside_hi   = 120.0000000;
  border_hi   = 114.1727600;
  border_low  =  63.0000000;
  outside_low =  53.0306240;
  outside_hi  = 114.1727600;
  sigma = 1;
  max_thickness = 10;
  step_size=0.5;
  STEP_SIZE=0.1;
  which = 1
  thresh = 0
  flags = 0
  CBVfindFirstPeakD1=0
  CBVfindFirstPeakD2=0
  nvertices=138432
  Gdiag_no=-1
  vno start=0, stop=138432
Replacing 255s with 0s
#SI# sigma=1 had to be increased for 86 vertices, nripped=6772
mean border=80.7, 31 (3) missing vertices, mean dist -0.1 [0.3 (%75.6)->0.3 (%24.4))]
%85 local maxima, %10 large gradients and % 0 min vals, 0 gradients ignored
nFirstPeakD1 0
MRIScomputeBorderValues_new() finished in 0.0130 min


Finding expansion regions
mean absolute distance = 0.28 +- 0.47
2710 vertices more than 2 sigmas from mean.
Averaging target values for 5 iterations...
Positioning Surface: tspring = 0.3, nspring = 0.3, spring = 0, niters = 100 l_repulse = 5, l_surf_repulse = 0, checktol = 0
Positioning pial surface
Entering MRISpositionSurface()
  max_mm = 0.3
  MAX_REDUCTIONS = 2, REDUCTION_PCT = 0.5
  parms->check_tol = 0, niterations = 100
tol=1.0e-04, sigma=1.0, host=dna05, nav=2, nbrs=2, l_repulse=5.000, l_tspring=0.300, l_nspring=0.300, l_intensity=0.200, l_curv=1.000
mom=0.00, dt=0.50
000: dt: 0.0000, sse=798523.0, rms=4.733
017: dt: 0.5000, sse=493472.3, rms=3.289 (30.516%)
rms = 3.6721/3.2888, sse=563428.6/493472.3, time step reduction 1 of 3 to 0.250  0 1 1
   RMS increased, rejecting step
018: dt: 0.2500, sse=341839.3, rms=2.258 (31.346%)
019: dt: 0.2500, sse=288067.8, rms=1.681 (25.554%)
020: dt: 0.2500, sse=263452.4, rms=1.429 (15.001%)
021: dt: 0.2500, sse=257225.3, rms=1.336 (6.508%)
022: dt: 0.2500, sse=253102.5, rms=1.275 (4.515%)
rms = 1.2329/1.2754, sse=250315.8/253102.5, time step reduction 2 of 3 to 0.125  0 0 1
023: dt: 0.2500, sse=250315.8, rms=1.233 (3.335%)
024: dt: 0.1250, sse=246722.1, rms=1.173 (4.897%)
rms = 1.1592/1.1725, sse=245548.9/246722.1, time step reduction 3 of 3 to 0.062  0 0 1
025: dt: 0.1250, sse=245548.9, rms=1.159 (1.137%)
  maximum number of reductions reached, breaking from loop
positioning took 0.9 minutes
Iteration 2 =========================================
n_averages=1, current_sigma=0.5
Freezing midline and others
Ripping frozen voxels
INFO: rip surface needed but not specified, so using input surface
Freezing midline and others
Entering: MRISripMidline(): inhibiting deformation at non-cortical midline structures...
  which=1, fix_mtl=0, using annot = 0
#FML0# MRISripMidline(): nripped=6772
removing 4 vertices from ripped group in thread:0
removing 2 vertices from ripped group in thread:0
removing 4 vertices from ripped group in thread:0
removing 4 vertices from ripped group in thread:0
#FML# MRISripMidline(): nmarked=6803, nmarked2=118, nripped=6803
Ripping segs (eg, WMSA, BG, frozen)
Starting MRISripSegs() d = (-2 2 0.5) segnos: 247 247 247 247 
MRISripSegs(): -2 2 0.5 ripped 0
Computing target border values 
Entering MRIScomputeBorderValues_new(): 
  inside_hi   = 120.0000000;
  border_hi   = 114.1727600;
  border_low  =  63.0000000;
  outside_low =  53.0306240;
  outside_hi  = 114.1727600;
  sigma = 0.5;
  max_thickness = 10;
  step_size=0.5;
  STEP_SIZE=0.1;
  which = 1
  thresh = 0
  flags = 0
  CBVfindFirstPeakD1=0
  CBVfindFirstPeakD2=0
  nvertices=138432
  Gdiag_no=-1
  vno start=0, stop=138432
Replacing 255s with 0s
#SI# sigma=0.5 had to be increased for 100 vertices, nripped=6803
mean border=82.7, 46 (0) missing vertices, mean dist -0.1 [0.2 (%69.6)->0.2 (%30.4))]
%88 local maxima, % 7 large gradients and % 0 min vals, 0 gradients ignored
nFirstPeakD1 0
MRIScomputeBorderValues_new() finished in 0.0070 min


Finding expansion regions
mean absolute distance = 0.20 +- 0.34
2913 vertices more than 2 sigmas from mean.
Averaging target values for 5 iterations...
Positioning Surface: tspring = 0.3, nspring = 0.3, spring = 0, niters = 100 l_repulse = 5, l_surf_repulse = 0, checktol = 0
Positioning pial surface
Entering MRISpositionSurface()
  max_mm = 0.3
  MAX_REDUCTIONS = 2, REDUCTION_PCT = 0.5
  parms->check_tol = 0, niterations = 100
tol=1.0e-04, sigma=0.5, host=dna05, nav=1, nbrs=2, l_repulse=5.000, l_tspring=0.300, l_nspring=0.300, l_intensity=0.200, l_curv=1.000
mom=0.00, dt=0.50
000: dt: 0.0000, sse=413662.4, rms=2.789
rms = 2.9946/2.7889, sse=449069.0/413662.4, time step reduction 1 of 3 to 0.250  0 1 1
   RMS increased, rejecting step
026: dt: 0.2500, sse=304129.8, rms=1.896 (32.010%)
027: dt: 0.2500, sse=249046.3, rms=1.238 (34.691%)
028: dt: 0.2500, sse=240796.7, rms=1.111 (10.321%)
rms = 1.0725/1.1105, sse=238794.4/240796.7, time step reduction 2 of 3 to 0.125  0 0 1
029: dt: 0.2500, sse=238794.5, rms=1.072 (3.425%)
030: dt: 0.1250, sse=236753.2, rms=1.020 (4.932%)
rms = 1.0152/1.0196, sse=236155.4/236753.2, time step reduction 3 of 3 to 0.062  0 0 1
031: dt: 0.1250, sse=236155.4, rms=1.015 (0.432%)
  maximum number of reductions reached, breaking from loop
positioning took 0.6 minutes
Iteration 3 =========================================
n_averages=0, current_sigma=0.25
Freezing midline and others
Ripping frozen voxels
INFO: rip surface needed but not specified, so using input surface
Freezing midline and others
Entering: MRISripMidline(): inhibiting deformation at non-cortical midline structures...
  which=1, fix_mtl=0, using annot = 0
#FML0# MRISripMidline(): nripped=6803
removing 4 vertices from ripped group in thread:0
#FML# MRISripMidline(): nmarked=6861, nmarked2=118, nripped=6861
Ripping segs (eg, WMSA, BG, frozen)
Starting MRISripSegs() d = (-2 2 0.5) segnos: 247 247 247 247 247 
MRISripSegs(): -2 2 0.5 ripped 0
Computing target border values 
Entering MRIScomputeBorderValues_new(): 
  inside_hi   = 120.0000000;
  border_hi   = 114.1727600;
  border_low  =  63.0000000;
  outside_low =  53.0306240;
  outside_hi  = 114.1727600;
  sigma = 0.25;
  max_thickness = 10;
  step_size=0.5;
  STEP_SIZE=0.1;
  which = 1
  thresh = 0
  flags = 0
  CBVfindFirstPeakD1=0
  CBVfindFirstPeakD2=0
  nvertices=138432
  Gdiag_no=-1
  vno start=0, stop=138432
Replacing 255s with 0s
#SI# sigma=0.25 had to be increased for 135 vertices, nripped=6861
mean border=83.4, 53 (0) missing vertices, mean dist -0.0 [0.2 (%56.7)->0.2 (%43.3))]
%90 local maxima, % 5 large gradients and % 0 min vals, 0 gradients ignored
nFirstPeakD1 0
MRIScomputeBorderValues_new() finished in 0.0043 min


Finding expansion regions
mean absolute distance = 0.18 +- 0.30
2655 vertices more than 2 sigmas from mean.
Averaging target values for 5 iterations...
Positioning Surface: tspring = 0.3, nspring = 0.3, spring = 0, niters = 100 l_repulse = 5, l_surf_repulse = 0, checktol = 0
Positioning pial surface
Entering MRISpositionSurface()
  max_mm = 0.3
  MAX_REDUCTIONS = 2, REDUCTION_PCT = 0.5
  parms->check_tol = 0, niterations = 100
tol=1.0e-04, sigma=0.2, host=dna05, nav=0, nbrs=2, l_repulse=5.000, l_tspring=0.300, l_nspring=0.300, l_intensity=0.200, l_curv=1.000
mom=0.00, dt=0.50
000: dt: 0.0000, sse=259131.2, rms=1.407
rms = 1.8474/1.4072, sse=298480.7/259131.2, time step reduction 1 of 3 to 0.250  0 1 1
   RMS increased, rejecting step
032: dt: 0.2500, sse=229951.6, rms=0.927 (34.119%)
033: dt: 0.2500, sse=222907.5, rms=0.766 (17.423%)
rms = 0.7750/0.7656, sse=222106.2/222907.5, time step reduction 2 of 3 to 0.125  0 0 1
   RMS increased, rejecting step
rms = 0.7600/0.7656, sse=222554.8/222907.5, time step reduction 3 of 3 to 0.062  0 0 1
034: dt: 0.1250, sse=222554.8, rms=0.760 (0.725%)
  maximum number of reductions reached, breaking from loop
positioning took 0.4 minutes


Writing output to ../surf/lh.white.preaparc
#ET# mris_place_surface  3.51 minutes
#VMPC# mris_place_surfaces VmPeak  3229840
mris_place_surface done
#--------------------------------------------
#@# CortexLabel lh Wed Mar 11 15:29:57 CET 2026
cd /out/sourcedata/freesurfer/sub-v2s18x29508_ses-1/mri
mri_label2label --label-cortex ../surf/lh.white.preaparc aseg.presurf.mgz 0 ../label/lh.cortex.label

 Generating cortex label... RemoveHipAmgy=0
 NucAccIsMedialWall=0
 mris->useRealRAS=0
8 non-cortical segments detected
only using segment with 7965 vertices
erasing segment 1 (vno[0] = 49105)
erasing segment 2 (vno[0] = 50088)
erasing segment 3 (vno[0] = 52245)
erasing segment 4 (vno[0] = 54168)
erasing segment 5 (vno[0] = 54215)
erasing segment 6 (vno[0] = 77276)
erasing segment 7 (vno[0] = 81948)
#--------------------------------------------
#@# CortexLabel+HipAmyg lh Wed Mar 11 15:30:11 CET 2026
cd /out/sourcedata/freesurfer/sub-v2s18x29508_ses-1/mri
mri_label2label --label-cortex ../surf/lh.white.preaparc aseg.presurf.mgz 1 ../label/lh.cortex+hipamyg.label

 Generating cortex label... RemoveHipAmgy=1
 NucAccIsMedialWall=0
 mris->useRealRAS=0
7 non-cortical segments detected
only using segment with 5679 vertices
erasing segment 1 (vno[0] = 40291)
erasing segment 2 (vno[0] = 44146)
erasing segment 3 (vno[0] = 50087)
erasing segment 4 (vno[0] = 77276)
erasing segment 5 (vno[0] = 81948)
erasing segment 6 (vno[0] = 136942)
#--------------------------------------------
#@# Smooth2 lh Wed Mar 11 15:30:26 CET 2026
/out/sourcedata/freesurfer/sub-v2s18x29508_ses-1/scripts

 mris_smooth -n 3 -nw -seed 1234 ../surf/lh.white.preaparc ../surf/lh.smoothwm 

smoothing for 3 iterations
setting seed for random number generator to 1234
smoothing surface tessellation for 3 iterations...
smoothing complete - recomputing first and second fundamental forms...
#--------------------------------------------
#@# Inflation2 lh Wed Mar 11 15:30:29 CET 2026
/out/sourcedata/freesurfer/sub-v2s18x29508_ses-1/scripts

 mris_inflate ../surf/lh.smoothwm ../surf/lh.inflated 

Reading ../surf/lh.smoothwm
avg radius = 46.5 mm, total surface area = 86229 mm^2
step 000: RMS=0.174 (target=0.015)   step 005: RMS=0.116 (target=0.015)   step 010: RMS=0.087 (target=0.015)   step 015: RMS=0.073 (target=0.015)   step 020: RMS=0.059 (target=0.015)   step 025: RMS=0.048 (target=0.015)   step 030: RMS=0.039 (target=0.015)   step 035: RMS=0.033 (target=0.015)   step 040: RMS=0.028 (target=0.015)   step 045: RMS=0.025 (target=0.015)   step 050: RMS=0.022 (target=0.015)   step 055: RMS=0.020 (target=0.015)   step 060: RMS=0.019 (target=0.015)   writing inflated surface to ../surf/lh.inflated
writing sulcal depths to ../surf/lh.sulc

inflation complete.
inflation took 0.2 minutes
mris_inflate utimesec    64.657944
mris_inflate stimesec    1.594758
mris_inflate ru_maxrss   213260
mris_inflate ru_ixrss    0
mris_inflate ru_idrss    0
mris_inflate ru_isrss    0
mris_inflate ru_minflt   233521
mris_inflate ru_majflt   13
mris_inflate ru_nswap    0
mris_inflate ru_inblock  130
mris_inflate ru_oublock  10832
mris_inflate ru_msgsnd   0
mris_inflate ru_msgrcv   0
mris_inflate ru_nsignals 0
mris_inflate ru_nvcsw    31025
mris_inflate ru_nivcsw   450
#--------------------------------------------
#@# Curv .H and .K lh Wed Mar 11 15:30:43 CET 2026
/out/sourcedata/freesurfer/sub-v2s18x29508_ses-1/surf

 mris_curvature -w -seed 1234 lh.white.preaparc 

setting seed for random number generator to 1234
total integrated curvature = 23.279*4pi (292.532) --> -22 handles
ICI = 152.2, FI = 1581.3, variation=24584.632
writing Gaussian curvature to ./lh.white.preaparc.K...done.
writing mean curvature to ./lh.white.preaparc.H...done.
rm -f lh.white.H
ln -s lh.white.preaparc.H lh.white.H
rm -f lh.white.K
ln -s lh.white.preaparc.K lh.white.K

 mris_curvature -seed 1234 -thresh .999 -n -a 5 -w -distances 10 10 lh.inflated 

setting seed for random number generator to 1234
normalizing curvature values.
averaging curvature patterns 5 times.
sampling 10 neighbors out to a distance of 10 mm
261 vertices thresholded to be in k1 ~ [-0.22 0.27], k2 ~ [-0.10 0.04]
total integrated curvature = 0.595*4pi (7.477) --> 0 handles
ICI = 1.5, FI = 9.3, variation=160.344
140 vertices thresholded to be in [-0.01 0.02]
writing Gaussian curvature to ./lh.inflated.K...thresholding curvature at 99.90% level
curvature mean = 0.000, std = 0.001
163 vertices thresholded to be in [-0.15 0.14]
done.
writing mean curvature to ./lh.inflated.H...curvature mean = -0.016, std = 0.022
done.
#--------------------------------------------
#@# Sphere lh Wed Mar 11 15:31:30 CET 2026
/out/sourcedata/freesurfer/sub-v2s18x29508_ses-1/scripts

 mris_sphere -seed 1234 ../surf/lh.inflated ../surf/lh.sphere 

setting seed for random number genererator to 1234
version: 7.3.2
available threads: 16
reading original vertex positions...
projecting onto sphere...
surface projected - minimizing metric distortion...
scaling brain by 0.277...
MRISunfold() max_passes = 1 -------
tol=5.0e-01, sigma=0.0, host=dna05, nav=1024, nbrs=2, l_area=1.000, l_dist=1.000
using quadratic fit line minimization
complete_dist_mat 0
rms 0
smooth_averages 0
remove_neg 0
ico_order 0
which_surface 0
target_radius 0.000000
nfields 0
scale 1.000000
desired_rms_height -1.000000
momentum 0.900000
nbhd_size 7
max_nbrs 8
niterations 25
nsurfaces 0
SURFACES 3
flags 0 (0)
use curv 0
no sulc 0
no rigid align 0
mris->nsize 2
mris->hemisphere 0
randomSeed 1234

singular matrix in quadratic form
singular matrix in quadratic form
--------------------
  mrisRemoveNegativeArea()
pass 1: epoch 1 of 3 starting distance error %20.46
pass 1: epoch 2 of 3 starting distance error %20.42
unfolding complete - removing small folds...
starting distance error %20.41
removing remaining folds...
final distance error %20.44
MRISunfold() return, current seed 1234
-01: dt=0.0000,   9 negative triangles  VmPeak 1671912
184: dt=0.9900,   9 negative triangles
185: dt=0.9900,   5 negative triangles
186: dt=0.9900,   2 negative triangles
187: dt=0.9900,   1 negative triangles
writing spherical brain to ../surf/lh.sphere
spherical transformation took 0.0684 hours
FSRUNTIME@ mris_sphere  0.0684 hours 16 threads
#VMPC# mris_sphere VmPeak  1671912
mris_sphere done
#--------------------------------------------
#@# Surf Reg lh Wed Mar 11 15:35:36 CET 2026
/out/sourcedata/freesurfer/sub-v2s18x29508_ses-1/scripts

 mris_register -curv ../surf/lh.sphere /opt/freesurfer/average/lh.folding.atlas.acfb40.noaparc.i12.2016-08-02.tif ../surf/lh.sphere.reg 

using smoothwm curvature for final alignment

cwd /out/sourcedata/freesurfer/sub-v2s18x29508_ses-1/scripts
cmdline mris_register -curv ../surf/lh.sphere /opt/freesurfer/average/lh.folding.atlas.acfb40.noaparc.i12.2016-08-02.tif ../surf/lh.sphere.reg 

0 inflated.H
1 sulc
2 smoothwm (computed)
7.3.2
  7.3.2
reading surface from ../surf/lh.sphere...
reading template parameterization from /opt/freesurfer/average/lh.folding.atlas.acfb40.noaparc.i12.2016-08-02.tif...
MRISregister() -------
max_passes = 4 
min_degrees = 0.500000 
max_degrees = 64.000000 
nangles = 8 
tol=5.0e-01, sigma=0.0, host=dna05, nav=1024, nbrs=1, l_extern=10000.000, l_parea=0.200, l_nlarea=1.000, l_corr=1.000, l_dist=5.000
using quadratic fit line minimization
complete_dist_mat 0
rms 0
smooth_averages 0
remove_neg 0
ico_order 0
which_surface 0
target_radius 0.000000
nfields 0
scale 0.000000
desired_rms_height -1.000000
momentum 0.950000
nbhd_size -10
max_nbrs 10
niterations 25
nsurfaces 0
SURFACES 3
flags 16 (10)
use curv 16
no sulc 0
no rigid align 0
mris->nsize 1
mris->hemisphere 0
randomSeed 0

tol=5.0e-01, sigma=0.0, host=dna05, nav=1024, nbrs=1, l_extern=10000.000, l_parea=0.200, l_nlarea=1.000, l_corr=1.000, l_dist=5.000
using quadratic fit line minimization
--------------------
1 Reading lh.sulc
tol=1.0e+00, sigma=0.5, host=dna05, nav=1024, nbrs=1, l_extern=10000.000, l_parea=0.200, l_nlarea=1.000, l_corr=0.050, l_spring=0.500, l_dist=5.000
using quadratic fit line minimization
curvature mean = 0.000, std = 5.653
curvature mean = 0.041, std = 0.815
curvature mean = 0.006, std = 0.864
Starting MRISrigidBodyAlignGlobal()
Starting new MRISrigidBodyAlignGlobal_findMinSSE()
  new MRISrigidBodyAlignGlobal_findMinSSE min @ (2.00, -4.50, 12.50) sse = 190501.4, elapsed since starting=0.1131 min
MRISrigidBodyAlignGlobal() done   0.11 min
curvature mean = 0.026, std = 0.833
curvature mean = 0.003, std = 0.952
curvature mean = 0.026, std = 0.845
curvature mean = 0.002, std = 0.981
curvature mean = 0.024, std = 0.847
curvature mean = 0.000, std = 0.993
2 Reading smoothwm
curvature mean = -0.017, std = 0.274
curvature mean = 0.047, std = 0.248
curvature mean = 0.048, std = 0.365
curvature mean = 0.042, std = 0.306
curvature mean = 0.034, std = 0.553
curvature mean = 0.041, std = 0.333
curvature mean = 0.019, std = 0.696
curvature mean = 0.041, std = 0.345
curvature mean = 0.006, std = 0.806
MRISregister() return, current seed 0
-01: dt=0.0000,   4 negative triangles  VmPeak 1602344
106: dt=0.9900,   4 negative triangles
writing registered surface to ../surf/lh.sphere.reg...
registration took 0.07 hours
#VMPC# mris_register VmPeak  1602344
FSRUNTIME@ mris_register  0.0672 hours 16 threads

 ln -sf lh.sphere.reg lh.fsaverage.sphere.reg 

#--------------------------------------------
#@# Jacobian white lh Wed Mar 11 15:39:38 CET 2026
/out/sourcedata/freesurfer/sub-v2s18x29508_ses-1/scripts

 mris_jacobian ../surf/lh.white.preaparc ../surf/lh.sphere.reg ../surf/lh.jacobian_white 

reading surface from ../surf/lh.white.preaparc...
writing curvature file ../surf/lh.jacobian_white
#--------------------------------------------
#@# AvgCurv lh Wed Mar 11 15:39:39 CET 2026
/out/sourcedata/freesurfer/sub-v2s18x29508_ses-1/scripts

 mrisp_paint -a 5 /opt/freesurfer/average/lh.folding.atlas.acfb40.noaparc.i12.2016-08-02.tif#6 ../surf/lh.sphere.reg ../surf/lh.avg_curv 

averaging curvature patterns 5 times...
reading surface from ../surf/lh.sphere.reg...
reading template parameterization from /opt/freesurfer/average/lh.folding.atlas.acfb40.noaparc.i12.2016-08-02.tif...
writing curvature file to ../surf/lh.avg_curv...
#-----------------------------------------
#@# Cortical Parc lh Wed Mar 11 15:39:40 CET 2026
/out/sourcedata/freesurfer/sub-v2s18x29508_ses-1/scripts

 mris_ca_label -l ../label/lh.cortex.label -aseg ../mri/aseg.presurf.mgz -seed 1234 sub-v2s18x29508_ses-1 lh ../surf/lh.sphere.reg /opt/freesurfer/average/lh.DKaparc.atlas.acfb40.noaparc.i12.2016-08-02.gcs ../label/lh.aparc.annot 

setting seed for random number generator to 1234
using ../mri/aseg.presurf.mgz aseg volume to correct midline
7.3.2
  7.3.2
reading atlas from /opt/freesurfer/average/lh.DKaparc.atlas.acfb40.noaparc.i12.2016-08-02.gcs...
reading color table from GCSA file....
average std = 0.8   using min determinant for regularization = 0.006
0 singular and 342 ill-conditioned covariance matrices regularized
input 0: MEAN CURVATURE, flags 0, avgs 5, name mean_curvature
labeling surface...
1588 labels changed using aseg
relabeling using gibbs priors...
000:   3002 changed, 138432 examined...
001:    664 changed, 12868 examined...
002:    150 changed, 3830 examined...
003:     45 changed, 928 examined...
004:     15 changed, 289 examined...
005:      6 changed, 101 examined...
006:      5 changed, 38 examined...
007:      2 changed, 26 examined...
008:      2 changed, 14 examined...
009:      2 changed, 12 examined...
010:      0 changed, 12 examined...
196 labels changed using aseg
000: 108 total segments, 69 labels (235 vertices) changed
001: 44 total segments, 7 labels (32 vertices) changed
002: 37 total segments, 0 labels (0 vertices) changed
10 filter iterations complete (10 requested, 4 changed)
rationalizing unknown annotations with cortex label
relabeling unknown label...
relabeling corpuscallosum label...
2036 vertices marked for relabeling...
2036 labels changed in reclassification.
writing output to ../label/lh.aparc.annot...
classification took 0 minutes and 10 seconds.
#--------------------------------------------
#@# WhiteSurfs lh Wed Mar 11 15:39:51 CET 2026
cd /out/sourcedata/freesurfer/sub-v2s18x29508_ses-1/mri
mris_place_surface --adgws-in ../surf/autodet.gw.stats.lh.dat --seg aseg.presurf.mgz --threads 16 --wm wm.mgz --invol brain.finalsurfs.mgz --lh --i ../surf/lh.white.preaparc --o ../surf/lh.white --white --nsmooth 0 --rip-label ../label/lh.cortex.label --rip-bg --rip-surf ../surf/lh.white.preaparc --aparc ../label/lh.aparc.annot
7.3.2
7.3.2

cd /out/sourcedata/freesurfer/sub-v2s18x29508_ses-1/mri
setenv SUBJECTS_DIR /out/sourcedata/freesurfer
mris_place_surface --adgws-in ../surf/autodet.gw.stats.lh.dat --seg aseg.presurf.mgz --threads 16 --wm wm.mgz --invol brain.finalsurfs.mgz --lh --i ../surf/lh.white.preaparc --o ../surf/lh.white --white --nsmooth 0 --rip-label ../label/lh.cortex.label --rip-bg --rip-surf ../surf/lh.white.preaparc --aparc ../label/lh.aparc.annot 

Reading in input surface ../surf/lh.white.preaparc
Not smoothing input surface
Area    276860  0.34375  0.13146 0.000836   1.9569
Corner  830580 60.00000 14.59234 0.422942 178.3567
Edge    415290  0.90320  0.21790 0.016999   3.7484
Hinge   415290 10.09113 11.35977 0.000035 179.9950
Reading in aparc ../label/lh.aparc.annot
Reading in input volume brain.finalsurfs.mgz
Reading in wm volume wm.mgz
MRIclipBrightWM(): nthresh=20466, wmmin=5, clip=110 
MRIfindBrightNonWM(): 14 bright non-wm voxels segmented.
Masking bright non-wm for white surface
MRImask(): AllowDiffGeom = 1
MRImask(): AllowDiffGeom = 1
Reading in seg volume aseg.presurf.mgz
Ripping frozen voxels
Ripping vertices not in label ../label/lh.cortex.label
MRISripNotLabel() ripped 8106/138432 vertices (130326 unripped)
Reading in ripping surface ../surf/lh.white.preaparc
Reading in aparc ../label/lh.aparc.annot for ripsurf
Ripping BG
MRISripBasalGanglia(): 1 -2 2 0.5 ripped 604
Ripping segs (eg, WMSA, BG, frozen)
Starting MRISripSegs() d = (-2 2 0.5) segnos: 247 
MRISripSegs(): -2 2 0.5 ripped 0
vertex 69216: xyz = (-31.0309,3.13179,73.4468) oxyz = (-31.0309,3.13179,73.4468) wxzy = (-31.0309,3.13179,73.4468) pxyz = (0,0,0) 
CBVO Creating mask 138432
n_averages 4
Iteration 0 =========================================
n_averages=4, current_sigma=2
Computing target border values 
Entering MRIScomputeBorderValues_new(): 
  inside_hi   = 120.0000000;
  border_hi   = 114.1727600;
  border_low  =  63.0000000;
  outside_low =  53.0306240;
  outside_hi  = 114.1727600;
  sigma = 2;
  max_thickness = 10;
  step_size=0.5;
  STEP_SIZE=0.1;
  which = 1
  thresh = 0
  flags = 0
  CBVfindFirstPeakD1=0
  CBVfindFirstPeakD2=0
  nvertices=138432
  Gdiag_no=-1
  vno start=0, stop=138432
Replacing 255s with 0s
#SI# sigma=2 had to be increased for 128 vertices, nripped=8710
mean border=76.9, 44 (44) missing vertices, mean dist 0.3 [0.7 (%13.1)->0.5 (%86.9))]
%73 local maxima, %20 large gradients and % 0 min vals, 0 gradients ignored
nFirstPeakD1 0
MRIScomputeBorderValues_new() finished in 0.0203 min


Finding expansion regions
mean absolute distance = 0.49 +- 0.75
2645 vertices more than 2 sigmas from mean.
Averaging target values for 5 iterations...
Positioning Surface: tspring = 0.3, nspring = 0.3, spring = 0, niters = 100 l_repulse = 5, l_surf_repulse = 0, checktol = 0
Positioning pial surface
Entering MRISpositionSurface()
  max_mm = 0.3
  MAX_REDUCTIONS = 2, REDUCTION_PCT = 0.5
  parms->check_tol = 0, niterations = 100
tol=1.0e-04, sigma=2.0, host=dna05, nav=4, nbrs=2, l_repulse=5.000, l_tspring=0.300, l_nspring=0.300, l_intensity=0.200, l_curv=1.000
mom=0.00, dt=0.50
complete_dist_mat 0
rms 0
smooth_averages 0
remove_neg 0
ico_order 0
which_surface 0
target_radius 0.000000
nfields 0
scale 0.000000
desired_rms_height 0.000000
momentum 0.000000
nbhd_size 0
max_nbrs 0
niterations 100
nsurfaces 0
SURFACES 3
flags 0 (0)
use curv 0
no sulc 0
no rigid align 0
mris->nsize 2
mris->hemisphere 0
randomSeed 0

000: dt: 0.0000, sse=1911167.0, rms=8.116
001: dt: 0.5000, sse=770234.5, rms=4.681 (42.321%)
002: dt: 0.5000, sse=573068.1, rms=3.777 (19.304%)
003: dt: 0.5000, sse=555875.6, rms=3.696 (2.169%)
004: dt: 0.5000, sse=528452.3, rms=3.540 (4.201%)
rms = 3.6546/3.5403, sse=549472.5/528452.3, time step reduction 1 of 3 to 0.250  0 1 1
   RMS increased, rejecting step
005: dt: 0.2500, sse=339904.8, rms=2.289 (35.333%)
006: dt: 0.2500, sse=278875.6, rms=1.691 (26.135%)
007: dt: 0.2500, sse=261351.8, rms=1.473 (12.900%)
008: dt: 0.2500, sse=257686.7, rms=1.420 (3.584%)
rms = 1.3707/1.4201, sse=254596.8/257686.7, time step reduction 2 of 3 to 0.125  0 0 1
009: dt: 0.2500, sse=254596.8, rms=1.371 (3.484%)
010: dt: 0.1250, sse=250285.4, rms=1.312 (4.253%)
rms = 1.2956/1.3124, sse=249471.2/250285.4, time step reduction 3 of 3 to 0.062  0 0 1
011: dt: 0.1250, sse=249471.2, rms=1.296 (1.274%)
  maximum number of reductions reached, breaking from loop
positioning took 1.1 minutes
Iteration 1 =========================================
n_averages=2, current_sigma=1
Computing target border values 
Entering MRIScomputeBorderValues_new(): 
  inside_hi   = 120.0000000;
  border_hi   = 114.1727600;
  border_low  =  63.0000000;
  outside_low =  53.0306240;
  outside_hi  = 114.1727600;
  sigma = 1;
  max_thickness = 10;
  step_size=0.5;
  STEP_SIZE=0.1;
  which = 1
  thresh = 0
  flags = 0
  CBVfindFirstPeakD1=0
  CBVfindFirstPeakD2=0
  nvertices=138432
  Gdiag_no=-1
  vno start=0, stop=138432
Replacing 255s with 0s
#SI# sigma=1 had to be increased for 97 vertices, nripped=8710
mean border=80.3, 57 (8) missing vertices, mean dist -0.2 [0.3 (%77.8)->0.2 (%22.2))]
%82 local maxima, %11 large gradients and % 0 min vals, 0 gradients ignored
nFirstPeakD1 0
MRIScomputeBorderValues_new() finished in 0.0137 min


Finding expansion regions
mean absolute distance = 0.29 +- 0.51
2357 vertices more than 2 sigmas from mean.
Averaging target values for 5 iterations...
Positioning Surface: tspring = 0.3, nspring = 0.3, spring = 0, niters = 100 l_repulse = 5, l_surf_repulse = 0, checktol = 0
Positioning pial surface
Entering MRISpositionSurface()
  max_mm = 0.3
  MAX_REDUCTIONS = 2, REDUCTION_PCT = 0.5
  parms->check_tol = 0, niterations = 100
tol=1.0e-04, sigma=1.0, host=dna05, nav=2, nbrs=2, l_repulse=5.000, l_tspring=0.300, l_nspring=0.300, l_intensity=0.200, l_curv=1.000
mom=0.00, dt=0.50
000: dt: 0.0000, sse=802148.1, rms=4.745
012: dt: 0.5000, sse=479492.2, rms=3.168 (33.236%)
rms = 3.5407/3.1680, sse=542503.9/479492.2, time step reduction 1 of 3 to 0.250  0 1 1
   RMS increased, rejecting step
013: dt: 0.2500, sse=339102.7, rms=2.156 (31.947%)
014: dt: 0.2500, sse=281381.5, rms=1.557 (27.771%)
015: dt: 0.2500, sse=262237.3, rms=1.300 (16.533%)
016: dt: 0.2500, sse=256265.9, rms=1.212 (6.781%)
017: dt: 0.2500, sse=252876.5, rms=1.156 (4.580%)
rms = 1.1232/1.1561, sse=250734.3/252876.5, time step reduction 2 of 3 to 0.125  0 0 1
018: dt: 0.2500, sse=250734.3, rms=1.123 (2.844%)
019: dt: 0.1250, sse=247663.4, rms=1.067 (4.966%)
rms = 1.0579/1.0675, sse=247110.4/247663.4, time step reduction 3 of 3 to 0.062  0 0 1
020: dt: 0.1250, sse=247110.4, rms=1.058 (0.894%)
  maximum number of reductions reached, breaking from loop
positioning took 0.9 minutes
Iteration 2 =========================================
n_averages=1, current_sigma=0.5
Computing target border values 
Entering MRIScomputeBorderValues_new(): 
  inside_hi   = 120.0000000;
  border_hi   = 114.1727600;
  border_low  =  63.0000000;
  outside_low =  53.0306240;
  outside_hi  = 114.1727600;
  sigma = 0.5;
  max_thickness = 10;
  step_size=0.5;
  STEP_SIZE=0.1;
  which = 1
  thresh = 0
  flags = 0
  CBVfindFirstPeakD1=0
  CBVfindFirstPeakD2=0
  nvertices=138432
  Gdiag_no=-1
  vno start=0, stop=138432
Replacing 255s with 0s
#SI# sigma=0.5 had to be increased for 95 vertices, nripped=8710
mean border=82.4, 86 (5) missing vertices, mean dist -0.1 [0.2 (%70.0)->0.2 (%30.0))]
%87 local maxima, % 7 large gradients and % 0 min vals, 0 gradients ignored
nFirstPeakD1 0
MRIScomputeBorderValues_new() finished in 0.0057 min


Finding expansion regions
mean absolute distance = 0.21 +- 0.36
2912 vertices more than 2 sigmas from mean.
Averaging target values for 5 iterations...
Positioning Surface: tspring = 0.3, nspring = 0.3, spring = 0, niters = 100 l_repulse = 5, l_surf_repulse = 0, checktol = 0
Positioning pial surface
Entering MRISpositionSurface()
  max_mm = 0.3
  MAX_REDUCTIONS = 2, REDUCTION_PCT = 0.5
  parms->check_tol = 0, niterations = 100
tol=1.0e-04, sigma=0.5, host=dna05, nav=1, nbrs=2, l_repulse=5.000, l_tspring=0.300, l_nspring=0.300, l_intensity=0.200, l_curv=1.000
mom=0.00, dt=0.50
000: dt: 0.0000, sse=416551.6, rms=2.805
rms = 2.9589/2.8055, sse=445278.1/416551.6, time step reduction 1 of 3 to 0.250  0 1 1
   RMS increased, rejecting step
021: dt: 0.2500, sse=305565.3, rms=1.889 (32.672%)
022: dt: 0.2500, sse=250128.3, rms=1.168 (38.184%)
023: dt: 0.2500, sse=241493.4, rms=1.023 (12.422%)
rms = 0.9883/1.0226, sse=239662.2/241493.4, time step reduction 2 of 3 to 0.125  0 0 1
024: dt: 0.2500, sse=239662.2, rms=0.988 (3.351%)
025: dt: 0.1250, sse=237113.1, rms=0.937 (5.178%)
rms = 0.9371/0.9371, sse=237104.9/237113.1, time step reduction 3 of 3 to 0.062  0 0 1
026: dt: 0.1250, sse=237104.9, rms=0.937 (0.001%)
  maximum number of reductions reached, breaking from loop
positioning took 0.6 minutes
Iteration 3 =========================================
n_averages=0, current_sigma=0.25
Computing target border values 
Entering MRIScomputeBorderValues_new(): 
  inside_hi   = 120.0000000;
  border_hi   = 114.1727600;
  border_low  =  63.0000000;
  outside_low =  53.0306240;
  outside_hi  = 114.1727600;
  sigma = 0.25;
  max_thickness = 10;
  step_size=0.5;
  STEP_SIZE=0.1;
  which = 1
  thresh = 0
  flags = 0
  CBVfindFirstPeakD1=0
  CBVfindFirstPeakD2=0
  nvertices=138432
  Gdiag_no=-1
  vno start=0, stop=138432
Replacing 255s with 0s
#SI# sigma=0.25 had to be increased for 114 vertices, nripped=8710
mean border=83.1, 100 (3) missing vertices, mean dist -0.0 [0.2 (%56.8)->0.2 (%43.2))]
%88 local maxima, % 5 large gradients and % 0 min vals, 0 gradients ignored
nFirstPeakD1 0
MRIScomputeBorderValues_new() finished in 0.0036 min


Finding expansion regions
mean absolute distance = 0.19 +- 0.30
2786 vertices more than 2 sigmas from mean.
Averaging target values for 5 iterations...
Positioning Surface: tspring = 0.3, nspring = 0.3, spring = 0, niters = 100 l_repulse = 5, l_surf_repulse = 0, checktol = 0
Positioning pial surface
Entering MRISpositionSurface()
  max_mm = 0.3
  MAX_REDUCTIONS = 2, REDUCTION_PCT = 0.5
  parms->check_tol = 0, niterations = 100
tol=1.0e-04, sigma=0.2, host=dna05, nav=0, nbrs=2, l_repulse=5.000, l_tspring=0.300, l_nspring=0.300, l_intensity=0.200, l_curv=1.000
mom=0.00, dt=0.50
000: dt: 0.0000, sse=260326.9, rms=1.369
rms = 1.8271/1.3687, sse=306121.4/260326.9, time step reduction 1 of 3 to 0.250  0 1 1
   RMS increased, rejecting step
027: dt: 0.2500, sse=232512.4, rms=0.879 (35.810%)
028: dt: 0.2500, sse=227313.2, rms=0.721 (17.963%)
rms = 0.7331/0.7207, sse=227029.7/227313.2, time step reduction 2 of 3 to 0.125  0 0 1
   RMS increased, rejecting step
rms = 0.7147/0.7207, sse=226873.3/227313.2, time step reduction 3 of 3 to 0.062  0 0 1
029: dt: 0.1250, sse=226873.3, rms=0.715 (0.840%)
  maximum number of reductions reached, breaking from loop
positioning took 0.4 minutes


Writing output to ../surf/lh.white
#ET# mris_place_surface  3.11 minutes
#VMPC# mris_place_surfaces VmPeak  3156532
mris_place_surface done
#--------------------------------------------
#@# T1PialSurf lh Wed Mar 11 15:43:05 CET 2026
cd /out/sourcedata/freesurfer/sub-v2s18x29508_ses-1/mri
mris_place_surface --adgws-in ../surf/autodet.gw.stats.lh.dat --seg aseg.presurf.mgz --threads 16 --wm wm.mgz --invol brain.finalsurfs.mgz --lh --i ../surf/lh.white --o ../surf/lh.pial.T1 --pial --nsmooth 0 --rip-label ../label/lh.cortex+hipamyg.label --pin-medial-wall ../label/lh.cortex.label --aparc ../label/lh.aparc.annot --repulse-surf ../surf/lh.white --white-surf ../surf/lh.white
7.3.2
7.3.2

cd /out/sourcedata/freesurfer/sub-v2s18x29508_ses-1/mri
setenv SUBJECTS_DIR /out/sourcedata/freesurfer
mris_place_surface --adgws-in ../surf/autodet.gw.stats.lh.dat --seg aseg.presurf.mgz --threads 16 --wm wm.mgz --invol brain.finalsurfs.mgz --lh --i ../surf/lh.white --o ../surf/lh.pial.T1 --pial --nsmooth 0 --rip-label ../label/lh.cortex+hipamyg.label --pin-medial-wall ../label/lh.cortex.label --aparc ../label/lh.aparc.annot --repulse-surf ../surf/lh.white --white-surf ../surf/lh.white 

Reading in input surface ../surf/lh.white
Not smoothing input surface
Area    276860  0.34807  0.14844 0.000258   2.1005
Corner  830580 60.00000 16.34803 0.205082 179.2080
Edge    415290  0.91083  0.24041 0.017550   3.8721
Hinge   415290 10.29380 11.98389 0.000009 179.9950
Reading white surface coordinates from ../surf/lh.white
Reading repulsion surface coordinates from ../surf/lh.white
Reading in aparc ../label/lh.aparc.annot
Reading in input volume brain.finalsurfs.mgz
Reading in wm volume wm.mgz
MRIclipBrightWM(): nthresh=20466, wmmin=5, clip=110 
MRIfindBrightNonWM(): 14 bright non-wm voxels segmented.
Masking bright non-wm for pial surface mid_gray = 64.4596
MRImask(): AllowDiffGeom = 1
MRImask(): AllowDiffGeom = 1
MRImask(): AllowDiffGeom = 1
Reading in seg volume aseg.presurf.mgz
Ripping frozen voxels
Ripping vertices not in label ../label/lh.cortex+hipamyg.label
MRISripNotLabel() ripped 6111/138432 vertices (132321 unripped)
INFO: rip surface needed but not specified, so using input surface
Ripping segs (eg, WMSA, BG, frozen)
Starting MRISripSegs() d = (-2 2 0.5) segnos: 247 
MRISripSegs(): -2 2 0.5 ripped 0
vertex 69216: xyz = (-31.0347,3.13091,73.4567) oxyz = (-31.0347,3.13091,73.4567) wxzy = (-31.0347,3.13091,73.4567) pxyz = (-31.0347,3.13091,73.4567) 
CBVO Creating mask 138432
n_averages 16
Iteration 0 =========================================
n_averages=16, current_sigma=2
Computing target border values 
Entering MRIScomputeBorderValues_new(): 
  inside_hi   =  95.8272400;
  border_hi   =  53.0306240;
  border_low  =  33.0918770;
  outside_low =  10.0000000;
  outside_hi  =  48.0459370;
  sigma = 2;
  max_thickness = 10;
  step_size=0.5;
  STEP_SIZE=0.1;
  which = 2
  thresh = 0
  flags = 0
  CBVfindFirstPeakD1=0
  CBVfindFirstPeakD2=0
  nvertices=138432
  Gdiag_no=-1
  vno start=0, stop=138432
Replacing 255s with 0s
#SI# sigma=2 had to be increased for 232 vertices, nripped=6111
mean border=51.9, 74 (74) missing vertices, mean dist 1.5 [0.0 (%0.0)->3.0 (%100.0))]
% 7 local maxima, %42 large gradients and %46 min vals, 0 gradients ignored
nFirstPeakD1 0
MRIScomputeBorderValues_new() finished in 0.0131 min


Averaging target values for 5 iterations...
Positioning Surface: tspring = 0.3, nspring = 0.3, spring = 0, niters = 100 l_repulse = 0, l_surf_repulse = 5, checktol = 0
Positioning pial surface
Entering MRISpositionSurface()
  max_mm = 0.3
  MAX_REDUCTIONS = 2, REDUCTION_PCT = 0.5
  parms->check_tol = 0, niterations = 100
tol=1.0e-04, sigma=2.0, host=dna05, nav=16, nbrs=2, l_surf_repulse=5.000, l_tspring=0.300, l_nspring=0.300, l_intensity=0.200, l_curv=1.000
mom=0.00, dt=0.50
complete_dist_mat 0
rms 0
smooth_averages 0
remove_neg 0
ico_order 0
which_surface 0
target_radius 0.000000
nfields 0
scale 0.000000
desired_rms_height 0.000000
momentum 0.000000
nbhd_size 0
max_nbrs 0
niterations 100
nsurfaces 0
SURFACES 3
flags 0 (0)
use curv 0
no sulc 0
no rigid align 0
mris->nsize 2
mris->hemisphere 0
randomSeed 0

000: dt: 0.0000, sse=26992538.0, rms=31.822
001: dt: 0.5000, sse=17643418.0, rms=25.674 (19.321%)
002: dt: 0.5000, sse=11377144.0, rms=20.546 (19.971%)
003: dt: 0.5000, sse=7615298.5, rms=16.728 (18.584%)
004: dt: 0.5000, sse=5450989.0, rms=14.067 (15.906%)
005: dt: 0.5000, sse=4134600.8, rms=12.166 (13.519%)
006: dt: 0.5000, sse=3234706.0, rms=10.670 (12.292%)
007: dt: 0.5000, sse=2551020.5, rms=9.374 (12.150%)
008: dt: 0.5000, sse=2013752.4, rms=8.211 (12.409%)
009: dt: 0.5000, sse=1602096.8, rms=7.191 (12.417%)
010: dt: 0.5000, sse=1301839.8, rms=6.343 (11.799%)
011: dt: 0.5000, sse=1095093.0, rms=5.683 (10.394%)
012: dt: 0.5000, sse=957901.0, rms=5.198 (8.549%)
013: dt: 0.5000, sse=862105.8, rms=4.828 (7.107%)
014: dt: 0.5000, sse=794545.5, rms=4.548 (5.810%)
015: dt: 0.5000, sse=744684.0, rms=4.328 (4.826%)
016: dt: 0.5000, sse=712447.0, rms=4.178 (3.459%)
017: dt: 0.5000, sse=686336.0, rms=4.052 (3.017%)
018: dt: 0.5000, sse=670129.2, rms=3.971 (2.014%)
019: dt: 0.5000, sse=658701.2, rms=3.910 (1.521%)
020: dt: 0.5000, sse=648885.1, rms=3.858 (1.332%)
rms = 3.8243/3.8583, sse=642965.4/648885.1, time step reduction 1 of 3 to 0.250  0 0 1
021: dt: 0.5000, sse=642965.4, rms=3.824 (0.881%)
022: dt: 0.2500, sse=556858.8, rms=3.349 (12.420%)
023: dt: 0.2500, sse=534235.2, rms=3.216 (3.968%)
rms = 3.2071/3.2164, sse=533097.4/534235.3, time step reduction 2 of 3 to 0.125  0 0 1
024: dt: 0.2500, sse=533097.4, rms=3.207 (0.289%)
025: dt: 0.1250, sse=512096.0, rms=3.076 (4.080%)
rms = 3.0465/3.0763, sse=507437.5/512096.0, time step reduction 3 of 3 to 0.062  0 0 1
026: dt: 0.1250, sse=507437.6, rms=3.046 (0.969%)
  maximum number of reductions reached, breaking from loop
positioning took 2.1 minutes
Iteration 1 =========================================
n_averages=8, current_sigma=1
Computing target border values 
Entering MRIScomputeBorderValues_new(): 
  inside_hi   =  95.8272400;
  border_hi   =  53.0306240;
  border_low  =  33.0918770;
  outside_low =  10.0000000;
  outside_hi  =  48.0459370;
  sigma = 1;
  max_thickness = 10;
  step_size=0.5;
  STEP_SIZE=0.1;
  which = 2
  thresh = 0
  flags = 0
  CBVfindFirstPeakD1=0
  CBVfindFirstPeakD2=0
  nvertices=138432
  Gdiag_no=-1
  vno start=0, stop=138432
Replacing 255s with 0s
#SI# sigma=1 had to be increased for 13343 vertices, nripped=6111
mean border=50.9, 2059 (10) missing vertices, mean dist 0.1 [0.2 (%53.3)->0.7 (%46.7))]
%15 local maxima, %36 large gradients and %43 min vals, 0 gradients ignored
nFirstPeakD1 0
MRIScomputeBorderValues_new() finished in 0.0054 min


Averaging target values for 5 iterations...
Positioning Surface: tspring = 0.3, nspring = 0.3, spring = 0, niters = 100 l_repulse = 0, l_surf_repulse = 5, checktol = 0
Positioning pial surface
Entering MRISpositionSurface()
  max_mm = 0.3
  MAX_REDUCTIONS = 2, REDUCTION_PCT = 0.5
  parms->check_tol = 0, niterations = 100
tol=1.0e-04, sigma=1.0, host=dna05, nav=8, nbrs=2, l_surf_repulse=5.000, l_tspring=0.300, l_nspring=0.300, l_intensity=0.200, l_curv=1.000
mom=0.00, dt=0.50
000: dt: 0.0000, sse=684726.3, rms=3.723
rms = 3.8489/3.7233, sse=709481.7/684726.3, time step reduction 1 of 3 to 0.250  0 1 1
   RMS increased, rejecting step
027: dt: 0.2500, sse=628205.6, rms=3.421 (8.112%)
028: dt: 0.2500, sse=601005.9, rms=3.267 (4.521%)
rms = 3.2372/3.2665, sse=595769.6/601005.8, time step reduction 2 of 3 to 0.125  0 0 1
029: dt: 0.2500, sse=595769.6, rms=3.237 (0.899%)
030: dt: 0.1250, sse=566658.0, rms=3.059 (5.515%)
031: dt: 0.1250, sse=556818.1, rms=2.997 (2.011%)
rms = 2.9737/2.9972, sse=553086.2/556818.1, time step reduction 3 of 3 to 0.062  0 0 1
032: dt: 0.1250, sse=553086.2, rms=2.974 (0.783%)
  maximum number of reductions reached, breaking from loop
positioning took 0.5 minutes
Iteration 2 =========================================
n_averages=4, current_sigma=0.5
Computing target border values 
Entering MRIScomputeBorderValues_new(): 
  inside_hi   =  95.8272400;
  border_hi   =  53.0306240;
  border_low  =  33.0918770;
  outside_low =  10.0000000;
  outside_hi  =  48.0459370;
  sigma = 0.5;
  max_thickness = 10;
  step_size=0.5;
  STEP_SIZE=0.1;
  which = 2
  thresh = 0
  flags = 0
  CBVfindFirstPeakD1=0
  CBVfindFirstPeakD2=0
  nvertices=138432
  Gdiag_no=-1
  vno start=0, stop=138432
Replacing 255s with 0s
#SI# sigma=0.5 had to be increased for 14192 vertices, nripped=6111
mean border=50.3, 2347 (10) missing vertices, mean dist 0.1 [0.2 (%48.2)->0.5 (%51.8))]
%26 local maxima, %24 large gradients and %43 min vals, 0 gradients ignored
nFirstPeakD1 0
MRIScomputeBorderValues_new() finished in 0.0033 min


Averaging target values for 5 iterations...
Positioning Surface: tspring = 0.3, nspring = 0.3, spring = 0, niters = 100 l_repulse = 0, l_surf_repulse = 5, checktol = 0
Positioning pial surface
Entering MRISpositionSurface()
  max_mm = 0.3
  MAX_REDUCTIONS = 2, REDUCTION_PCT = 0.5
  parms->check_tol = 0, niterations = 100
tol=1.0e-04, sigma=0.5, host=dna05, nav=4, nbrs=2, l_surf_repulse=5.000, l_tspring=0.300, l_nspring=0.300, l_intensity=0.200, l_curv=1.000
mom=0.00, dt=0.50
000: dt: 0.0000, sse=600143.9, rms=3.238
rms = 3.5275/3.2382, sse=650062.1/600143.8, time step reduction 1 of 3 to 0.250  0 1 1
   RMS increased, rejecting step
033: dt: 0.2500, sse=574823.2, rms=3.086 (4.701%)
034: dt: 0.2500, sse=563892.0, rms=3.022 (2.077%)
rms = 3.0565/3.0218, sse=568903.0/563892.0, time step reduction 2 of 3 to 0.125  0 1 1
   RMS increased, rejecting step
rms = 2.9770/3.0218, sse=556902.1/563892.0, time step reduction 3 of 3 to 0.062  0 0 1
035: dt: 0.1250, sse=556902.1, rms=2.977 (1.484%)
  maximum number of reductions reached, breaking from loop
positioning took 0.4 minutes
Iteration 3 =========================================
n_averages=2, current_sigma=0.25
Computing target border values 
Entering MRIScomputeBorderValues_new(): 
  inside_hi   =  95.8272400;
  border_hi   =  53.0306240;
  border_low  =  33.0918770;
  outside_low =  10.0000000;
  outside_hi  =  48.0459370;
  sigma = 0.25;
  max_thickness = 10;
  step_size=0.5;
  STEP_SIZE=0.1;
  which = 2
  thresh = 0
  flags = 0
  CBVfindFirstPeakD1=0
  CBVfindFirstPeakD2=0
  nvertices=138432
  Gdiag_no=-1
  vno start=0, stop=138432
Replacing 255s with 0s
#SI# sigma=0.25 had to be increased for 11926 vertices, nripped=6111
mean border=49.8, 5417 (9) missing vertices, mean dist 0.1 [0.2 (%48.3)->0.4 (%51.7))]
%31 local maxima, %19 large gradients and %42 min vals, 0 gradients ignored
nFirstPeakD1 0
MRIScomputeBorderValues_new() finished in 0.0022 min


Averaging target values for 5 iterations...
Positioning Surface: tspring = 0.3, nspring = 0.3, spring = 0, niters = 100 l_repulse = 0, l_surf_repulse = 5, checktol = 0
Positioning pial surface
Entering MRISpositionSurface()
  max_mm = 0.3
  MAX_REDUCTIONS = 2, REDUCTION_PCT = 0.5
  parms->check_tol = 0, niterations = 100
tol=1.0e-04, sigma=0.2, host=dna05, nav=2, nbrs=2, l_surf_repulse=5.000, l_tspring=0.300, l_nspring=0.300, l_intensity=0.200, l_curv=1.000
mom=0.00, dt=0.50
000: dt: 0.0000, sse=582550.6, rms=3.130
rms = 3.4970/3.1305, sse=643241.1/582550.6, time step reduction 1 of 3 to 0.250  0 1 1
   RMS increased, rejecting step
036: dt: 0.2500, sse=558795.9, rms=2.983 (4.697%)
037: dt: 0.2500, sse=547006.4, rms=2.916 (2.277%)
rms = 2.9508/2.9155, sse=551611.9/547006.4, time step reduction 2 of 3 to 0.125  0 1 1
   RMS increased, rejecting step
rms = 2.8674/2.9155, sse=539756.5/547006.4, time step reduction 3 of 3 to 0.062  0 0 1
038: dt: 0.1250, sse=539756.4, rms=2.867 (1.651%)
  maximum number of reductions reached, breaking from loop
positioning took 0.3 minutes
Pinning medial wall to white surface
removing intersecting faces
000: 5 intersecting
terminating search with 0 intersecting


Writing output to ../surf/lh.pial.T1
#ET# mris_place_surface  3.50 minutes
#VMPC# mris_place_surfaces VmPeak  2449584
mris_place_surface done
#@# white curv lh Wed Mar 11 15:46:41 CET 2026
cd /out/sourcedata/freesurfer/sub-v2s18x29508_ses-1/mri
mris_place_surface --curv-map ../surf/lh.white 2 10 ../surf/lh.curv
insurf  ../surf/lh.white, nbrs 2, curvature_avgs 10
writing curvature file ../surf/lh.curv
#@# white area lh Wed Mar 11 15:46:43 CET 2026
cd /out/sourcedata/freesurfer/sub-v2s18x29508_ses-1/mri
mris_place_surface --area-map ../surf/lh.white ../surf/lh.area
writing curvature file ../surf/lh.area
#@# pial curv lh Wed Mar 11 15:46:44 CET 2026
cd /out/sourcedata/freesurfer/sub-v2s18x29508_ses-1/mri
mris_place_surface --curv-map ../surf/lh.pial 2 10 ../surf/lh.curv.pial
insurf  ../surf/lh.pial, nbrs 2, curvature_avgs 10
writing curvature file ../surf/lh.curv.pial
#@# pial area lh Wed Mar 11 15:46:46 CET 2026
cd /out/sourcedata/freesurfer/sub-v2s18x29508_ses-1/mri
mris_place_surface --area-map ../surf/lh.pial ../surf/lh.area.pial
writing curvature file ../surf/lh.area.pial
#@# thickness lh Wed Mar 11 15:46:47 CET 2026
cd /out/sourcedata/freesurfer/sub-v2s18x29508_ses-1/mri
mris_place_surface --thickness ../surf/lh.white ../surf/lh.pial 20 5 ../surf/lh.thickness
0 of 138432 vertices processed
25000 of 138432 vertices processed
50000 of 138432 vertices processed
75000 of 138432 vertices processed
100000 of 138432 vertices processed
125000 of 138432 vertices processed
0 of 138432 vertices processed
25000 of 138432 vertices processed
50000 of 138432 vertices processed
75000 of 138432 vertices processed
100000 of 138432 vertices processed
125000 of 138432 vertices processed
thickness calculation complete, 539:1564 truncations.
52942 vertices at 0 distance
111103 vertices at 1 distance
70795 vertices at 2 distance
25982 vertices at 3 distance
9432 vertices at 4 distance
3715 vertices at 5 distance
1525 vertices at 6 distance
588 vertices at 7 distance
268 vertices at 8 distance
130 vertices at 9 distance
84 vertices at 10 distance
57 vertices at 11 distance
61 vertices at 12 distance
34 vertices at 13 distance
29 vertices at 14 distance
21 vertices at 15 distance
19 vertices at 16 distance
17 vertices at 17 distance
18 vertices at 18 distance
15 vertices at 19 distance
29 vertices at 20 distance
writing curvature file ../surf/lh.thickness
#@# area and vertex vol lh Wed Mar 11 15:47:17 CET 2026
cd /out/sourcedata/freesurfer/sub-v2s18x29508_ses-1/mri
mris_place_surface --thickness ../surf/lh.white ../surf/lh.pial 20 5 ../surf/lh.thickness
/out/sourcedata/freesurfer/sub-v2s18x29508_ses-1/surf
mris_calc -o lh.area.mid lh.area add lh.area.pial
Saving result to 'lh.area.mid' (type = MRI_CURV_FILE)                       [ ok ]
mris_calc -o lh.area.mid lh.area.mid div 2
Saving result to 'lh.area.mid' (type = MRI_CURV_FILE)                       [ ok ]
mris_convert --volume sub-v2s18x29508_ses-1 lh /out/sourcedata/freesurfer/sub-v2s18x29508_ses-1/surf/lh.volume
masking with /out/sourcedata/freesurfer/sub-v2s18x29508_ses-1/label/lh.cortex.label
Total face volume 269760
Total vertex volume 269525 (mask=0)
#@# sub-v2s18x29508_ses-1 lh 269525
 
vertexvol Done

#-----------------------------------------
#@# Curvature Stats lh Wed Mar 11 15:47:19 CET 2026
/out/sourcedata/freesurfer/sub-v2s18x29508_ses-1/surf

 mris_curvature_stats -m --writeCurvatureFiles -G -o ../stats/lh.curv.stats -F smoothwm sub-v2s18x29508_ses-1 lh curv sulc 

             Toggling save flag on curvature files                       [ ok ]
                 Outputting results using filestem   [ ../stats/lh.curv.stats ]
             Toggling save flag on curvature files                       [ ok ]
                                   Setting surface [ sub-v2s18x29508_ses-1/lh.smoothwm ]
                                Reading surface...                       [ ok ]
                                   Setting texture                     [ curv ]
                                Reading texture...                       [ ok ]
                                   Setting texture                     [ sulc ]
                                Reading texture...Gb_filter = 0
                       [ ok ]
      Calculating Discrete Principal Curvatures...
      Determining geometric order for vno faces... [####################] [ ok ]
                      Determining KH curvatures... [####################] [ ok ]
                    Determining k1k2 curvatures... [####################] [ ok ]
                                   deltaViolations                      [ 263 ]
Gb_filter = 0

WARN:    S lookup   min:                          -0.004085
WARN:    S explicit min:                          0.000000	vertex = 361
#-----------------------------------------
#@# Cortical Parc 2 lh Wed Mar 11 15:47:21 CET 2026
/out/sourcedata/freesurfer/sub-v2s18x29508_ses-1/scripts

 mris_ca_label -l ../label/lh.cortex.label -aseg ../mri/aseg.presurf.mgz -seed 1234 sub-v2s18x29508_ses-1 lh ../surf/lh.sphere.reg /opt/freesurfer/average/lh.CDaparc.atlas.acfb40.noaparc.i12.2016-08-02.gcs ../label/lh.aparc.a2009s.annot 

setting seed for random number generator to 1234
using ../mri/aseg.presurf.mgz aseg volume to correct midline
7.3.2
  7.3.2
reading atlas from /opt/freesurfer/average/lh.CDaparc.atlas.acfb40.noaparc.i12.2016-08-02.gcs...
reading color table from GCSA file....
average std = 3.0   using min determinant for regularization = 0.088
0 singular and 0 ill-conditioned covariance matrices regularized
input 0: MEAN CURVATURE, flags 0, avgs 5, name mean_curvature
labeling surface...
20 labels changed using aseg
relabeling using gibbs priors...
000:   9243 changed, 138432 examined...
001:   2035 changed, 35712 examined...
002:    607 changed, 10902 examined...
003:    252 changed, 3512 examined...
004:    105 changed, 1460 examined...
005:     54 changed, 631 examined...
006:     26 changed, 318 examined...
007:     16 changed, 149 examined...
008:      3 changed, 90 examined...
009:      1 changed, 18 examined...
010:      0 changed, 6 examined...
8 labels changed using aseg
000: 247 total segments, 160 labels (1853 vertices) changed
001: 97 total segments, 14 labels (115 vertices) changed
002: 83 total segments, 0 labels (0 vertices) changed
10 filter iterations complete (10 requested, 31 changed)
rationalizing unknown annotations with cortex label
relabeling Medial_wall label...
1250 vertices marked for relabeling...
1250 labels changed in reclassification.
writing output to ../label/lh.aparc.a2009s.annot...
classification took 0 minutes and 15 seconds.
#-----------------------------------------
#@# Cortical Parc 3 lh Wed Mar 11 15:47:36 CET 2026
/out/sourcedata/freesurfer/sub-v2s18x29508_ses-1/scripts

 mris_ca_label -l ../label/lh.cortex.label -aseg ../mri/aseg.presurf.mgz -seed 1234 sub-v2s18x29508_ses-1 lh ../surf/lh.sphere.reg /opt/freesurfer/average/lh.DKTaparc.atlas.acfb40.noaparc.i12.2016-08-02.gcs ../label/lh.aparc.DKTatlas.annot 

setting seed for random number generator to 1234
using ../mri/aseg.presurf.mgz aseg volume to correct midline
7.3.2
  7.3.2
reading atlas from /opt/freesurfer/average/lh.DKTaparc.atlas.acfb40.noaparc.i12.2016-08-02.gcs...
reading color table from GCSA file....
average std = 1.4   using min determinant for regularization = 0.020
0 singular and 383 ill-conditioned covariance matrices regularized
input 0: MEAN CURVATURE, flags 0, avgs 5, name mean_curvature
labeling surface...
1916 labels changed using aseg
relabeling using gibbs priors...
000:   1985 changed, 138432 examined...
001:    442 changed, 9265 examined...
002:    131 changed, 2553 examined...
003:     55 changed, 772 examined...
004:     29 changed, 327 examined...
005:     11 changed, 154 examined...
006:      4 changed, 72 examined...
007:      3 changed, 25 examined...
008:      3 changed, 14 examined...
009:      8 changed, 21 examined...
010:      4 changed, 35 examined...
011:      2 changed, 21 examined...
012:      2 changed, 14 examined...
013:      2 changed, 14 examined...
014:      3 changed, 15 examined...
015:      4 changed, 17 examined...
016:      2 changed, 21 examined...
017:      2 changed, 11 examined...
018:      1 changed, 10 examined...
019:      2 changed, 8 examined...
020:      3 changed, 12 examined...
021:      5 changed, 16 examined...
022:      6 changed, 26 examined...
023:      5 changed, 27 examined...
024:      7 changed, 23 examined...
025:      5 changed, 30 examined...
026:      4 changed, 24 examined...
027:      1 changed, 24 examined...
028:      0 changed, 7 examined...
316 labels changed using aseg
000: 56 total segments, 23 labels (103 vertices) changed
001: 33 total segments, 0 labels (0 vertices) changed
10 filter iterations complete (10 requested, 4 changed)
rationalizing unknown annotations with cortex label
relabeling unknown label...
relabeling corpuscallosum label...
933 vertices marked for relabeling...
933 labels changed in reclassification.
writing output to ../label/lh.aparc.DKTatlas.annot...
classification took 0 minutes and 11 seconds.
#-----------------------------------------
#@# WM/GM Contrast lh Wed Mar 11 15:47:47 CET 2026
/out/sourcedata/freesurfer/sub-v2s18x29508_ses-1/scripts

 pctsurfcon --s sub-v2s18x29508_ses-1 --lh-only 

Log file is /out/sourcedata/freesurfer/sub-v2s18x29508_ses-1/scripts/pctsurfcon.log
Wed Mar 11 15:47:47 CET 2026
setenv SUBJECTS_DIR /out/sourcedata/freesurfer
cd /out/sourcedata/freesurfer/sub-v2s18x29508_ses-1/scripts
/opt/freesurfer/bin/pctsurfcon
pctsurfcon 7.3.2
Linux dna054 5.14.0-427.37.1.el9_4.x86_64 #1 SMP PREEMPT_DYNAMIC Fri Sep 13 12:41:50 EDT 2024 x86_64 x86_64 x86_64 GNU/Linux
FREESURFER_HOME /opt/freesurfer
mri_vol2surf --mov /out/sourcedata/freesurfer/sub-v2s18x29508_ses-1/mri/rawavg.mgz --hemi lh --noreshape --interp trilinear --projdist -1 --o /out/sourcedata/freesurfer/sub-v2s18x29508_ses-1/surf/tmp.pctsurfcon.3536564/lh.wm.mgh --regheader sub-v2s18x29508_ses-1 --cortex
srcvol = /out/sourcedata/freesurfer/sub-v2s18x29508_ses-1/mri/rawavg.mgz
srcreg unspecified
srcregold = 0
srcwarp unspecified
surf = white
hemi = lh
ProjDist = -1
reshape = 0
interp = trilinear
float2int = round
GetProjMax = 0
INFO: float2int code = 0
Done loading volume
Computing registration from header.
  Using /out/sourcedata/freesurfer/sub-v2s18x29508_ses-1/mri/orig.mgz as target reference.
-------- original matrix -----------
-1.00000   0.00000   0.00000   0.00001;
 0.00000   0.00000   1.00000   0.00000;
 0.00000  -1.00000   0.00000   0.00000;
 0.00000   0.00000   0.00000   1.00000;
-------- original matrix -----------
Loading label /out/sourcedata/freesurfer/sub-v2s18x29508_ses-1/label/lh.cortex.label
Reading surface /out/sourcedata/freesurfer/sub-v2s18x29508_ses-1/surf/lh.white
Done reading source surface
Mapping Source Volume onto Source Subject Surface
Projecting -1 -1 1
 1 -1 -1 -1
using old
Done mapping volume to surface
Number of source voxels hit = 113824
Masking with /out/sourcedata/freesurfer/sub-v2s18x29508_ses-1/label/lh.cortex.label
Writing to /out/sourcedata/freesurfer/sub-v2s18x29508_ses-1/surf/tmp.pctsurfcon.3536564/lh.wm.mgh
Dim: 138432 1 1
mri_vol2surf --mov /out/sourcedata/freesurfer/sub-v2s18x29508_ses-1/mri/rawavg.mgz --hemi lh --noreshape --interp trilinear --o /out/sourcedata/freesurfer/sub-v2s18x29508_ses-1/surf/tmp.pctsurfcon.3536564/lh.gm.mgh --projfrac 0.3 --regheader sub-v2s18x29508_ses-1 --cortex
srcvol = /out/sourcedata/freesurfer/sub-v2s18x29508_ses-1/mri/rawavg.mgz
srcreg unspecified
srcregold = 0
srcwarp unspecified
surf = white
hemi = lh
ProjFrac = 0.3
thickness = thickness
reshape = 0
interp = trilinear
float2int = round
GetProjMax = 0
INFO: float2int code = 0
Done loading volume
Computing registration from header.
  Using /out/sourcedata/freesurfer/sub-v2s18x29508_ses-1/mri/orig.mgz as target reference.
-------- original matrix -----------
-1.00000   0.00000   0.00000   0.00001;
 0.00000   0.00000   1.00000   0.00000;
 0.00000  -1.00000   0.00000   0.00000;
 0.00000   0.00000   0.00000   1.00000;
-------- original matrix -----------
Loading label /out/sourcedata/freesurfer/sub-v2s18x29508_ses-1/label/lh.cortex.label
Reading surface /out/sourcedata/freesurfer/sub-v2s18x29508_ses-1/surf/lh.white
Done reading source surface
Reading thickness /out/sourcedata/freesurfer/sub-v2s18x29508_ses-1/surf/lh.thickness
Done
Mapping Source Volume onto Source Subject Surface
Projecting 0.3 0.3 1
 1 0.3 0.3 0.3
using old
Done mapping volume to surface
Number of source voxels hit = 126789
Masking with /out/sourcedata/freesurfer/sub-v2s18x29508_ses-1/label/lh.cortex.label
Writing to /out/sourcedata/freesurfer/sub-v2s18x29508_ses-1/surf/tmp.pctsurfcon.3536564/lh.gm.mgh
Dim: 138432 1 1
mri_concat /out/sourcedata/freesurfer/sub-v2s18x29508_ses-1/surf/tmp.pctsurfcon.3536564/lh.wm.mgh /out/sourcedata/freesurfer/sub-v2s18x29508_ses-1/surf/tmp.pctsurfcon.3536564/lh.gm.mgh --paired-diff-norm --mul 100 --o /out/sourcedata/freesurfer/sub-v2s18x29508_ses-1/surf/lh.w-g.pct.mgh
ninputs = 2
Checking inputs
nframestot = 2
Allocing output
Done allocing
Combining pairs
nframes = 1
Multiplying by 100.000000
Writing to /out/sourcedata/freesurfer/sub-v2s18x29508_ses-1/surf/lh.w-g.pct.mgh
mri_segstats --in /out/sourcedata/freesurfer/sub-v2s18x29508_ses-1/surf/lh.w-g.pct.mgh --annot sub-v2s18x29508_ses-1 lh aparc --sum /out/sourcedata/freesurfer/sub-v2s18x29508_ses-1/stats/lh.w-g.pct.stats --snr

7.3.2
cwd 
cmdline mri_segstats --in /out/sourcedata/freesurfer/sub-v2s18x29508_ses-1/surf/lh.w-g.pct.mgh --annot sub-v2s18x29508_ses-1 lh aparc --sum /out/sourcedata/freesurfer/sub-v2s18x29508_ses-1/stats/lh.w-g.pct.stats --snr 
sysname  Linux
hostname dna054
machine  x86_64
user     oesteban
whitesurfname  white
UseRobust  0
Constructing seg from annotation

Reading annotation /out/sourcedata/freesurfer/sub-v2s18x29508_ses-1/label/lh.aparc.annot
Seg base 1000
Loading /out/sourcedata/freesurfer/sub-v2s18x29508_ses-1/surf/lh.w-g.pct.mgh
Vertex Area is 0.696133 mm^3
Generating list of segmentation ids
Found  36 segmentations
Computing statistics for each segmentation

Reporting on  35 segmentations
Using PrintSegStat
mri_segstats done
Cleaning up

Started at Wed Mar 11 15:22:59 CET 2026 
Ended   at Wed Mar 11 15:47:53 CET 2026
#@#%# recon-all-run-time-hours 0.415
recon-all -s sub-v2s18x29508_ses-1 finished without error at Wed Mar 11 15:47:53 CET 2026



#New# invocation of recon-all 




Wed Mar 11 16:19:04 CET 2026
cd /out/sourcedata/freesurfer/sub-v2s18x29508_ses-1
setenv SUBJECTS_DIR /out/sourcedata/freesurfer
/opt/freesurfer/bin/recon-all -autorecon-hemi lh -nohyporelabel -lh-only -openmp 16 -subjid sub-v2s18x29508_ses-1 -sd /out/sourcedata/freesurfer -notessellate -nosmooth1 -noinflate1 -noqsphere -nofix -nowhite -nosmooth2 -noinflate2 -nocurvHK -nocurvstats -nosphere -nosurfreg -nojacobian_white -noavgcurv -nocortparc -nopial -nocortparc2 -nocortparc3 -nopctsurfcon

subjid sub-v2s18x29508_ses-1
setenv SUBJECTS_DIR /out/sourcedata/freesurfer
FREESURFER_HOME /opt/freesurfer
Actual FREESURFER_HOME /opt/freesurfer
build-stamp.txt: freesurfer-linux-ubuntu22_x86_64-7.3.2-20220804-6354275
Linux dna054 5.14.0-427.37.1.el9_4.x86_64 #1 SMP PREEMPT_DYNAMIC Fri Sep 13 12:41:50 EDT 2024 x86_64 x86_64 x86_64 GNU/Linux
cputime      unlimited
filesize     unlimited
datasize     unlimited
stacksize    8192 kbytes
coredumpsize 0 kbytes
memoryuse    67108864 kbytes
vmemoryuse   unlimited
descriptors  1024 
memorylocked unlimited
maxproc      2061970 
maxlocks     unlimited
maxsignal    2061970 
maxmessage   819200 
maxnice      0 
maxrtprio    0 
maxrttime    unlimited

               total        used        free      shared  buff/cache   available
Mem:           503Gi        87Gi       373Gi        11Gi        42Gi       401Gi
Swap:             0B          0B          0B

########################################
program versions used
7.3.2 (freesurfer-linux-ubuntu22_x86_64-7.3.2-20220804-6354275)
7.3.2

ProgramName: lta_convert  ProgramArguments: lta_convert -all-info  ProgramVersion: 7.3.2  TimeStamp: 2026/03/11-15:19:04-GMT  BuildTime: Aug  4 2022 06:17:15  BuildStamp: freesurfer-linux-ubuntu22_x86_64-7.3.2-20220804-6354275  User: oesteban  Machine: dna054  Platform: Linux  PlatformVersion: 5.14.0-427.37.1.el9_4.x86_64  CompilerName: GCC  CompilerVersion: 8.4.0
ProgramName: mri_and  ProgramArguments: mri_and -all-info  ProgramVersion: 7.3.2  TimeStamp: 2026/03/11-15:19:04-GMT  BuildTime: Aug  4 2022 06:17:15  BuildStamp: freesurfer-linux-ubuntu22_x86_64-7.3.2-20220804-6354275  User: oesteban  Machine: dna054  Platform: Linux  PlatformVersion: 5.14.0-427.37.1.el9_4.x86_64  CompilerName: GCC  CompilerVersion: 8.4.0
ProgramName: mri_annotation2label  ProgramArguments: mri_annotation2label -all-info  ProgramVersion: 7.3.2  TimeStamp: 2026/03/11-15:19:04-GMT  BuildTime: Aug  4 2022 06:17:15  BuildStamp: freesurfer-linux-ubuntu22_x86_64-7.3.2-20220804-6354275  User: oesteban  Machine: dna054  Platform: Linux  PlatformVersion: 5.14.0-427.37.1.el9_4.x86_64  CompilerName: GCC  CompilerVersion: 8.4.0
ProgramName: mri_aparc2aseg  ProgramArguments: mri_aparc2aseg -all-info  ProgramVersion: 7.3.2  TimeStamp: 2026/03/11-15:19:04-GMT  BuildTime: Aug  4 2022 06:17:15  BuildStamp: freesurfer-linux-ubuntu22_x86_64-7.3.2-20220804-6354275  User: oesteban  Machine: dna054  Platform: Linux  PlatformVersion: 5.14.0-427.37.1.el9_4.x86_64  CompilerName: GCC  CompilerVersion: 8.4.0
ProgramName: mri_surf2volseg  ProgramArguments: mri_surf2volseg -all-info  ProgramVersion: 7.3.2  TimeStamp: 2026/03/11-15:19:04-GMT  BuildTime: Aug  4 2022 06:17:15  BuildStamp: freesurfer-linux-ubuntu22_x86_64-7.3.2-20220804-6354275  User: oesteban  Machine: dna054  Platform: Linux  PlatformVersion: 5.14.0-427.37.1.el9_4.x86_64  CompilerName: GCC  CompilerVersion: 8.4.0
ProgramName: mri_binarize  ProgramArguments: mri_binarize -all-info  ProgramVersion: 7.3.2  TimeStamp: 2026/03/11-15:19:04-GMT  BuildTime: Aug  4 2022 06:17:15  BuildStamp: freesurfer-linux-ubuntu22_x86_64-7.3.2-20220804-6354275  User: oesteban  Machine: dna054  Platform: Linux  PlatformVersion: 5.14.0-427.37.1.el9_4.x86_64  CompilerName: GCC  CompilerVersion: 8.4.0
ProgramName: mri_ca_label  ProgramArguments: mri_ca_label -all-info  ProgramVersion: 7.3.2  TimeStamp: 2026/03/11-15:19:04-GMT  BuildTime: Aug  4 2022 06:17:15  BuildStamp: freesurfer-linux-ubuntu22_x86_64-7.3.2-20220804-6354275  User: oesteban  Machine: dna054  Platform: Linux  PlatformVersion: 5.14.0-427.37.1.el9_4.x86_64  CompilerName: GCC  CompilerVersion: 8.4.0
ProgramName: mri_ca_normalize  ProgramArguments: mri_ca_normalize -all-info  ProgramVersion: 7.3.2  TimeStamp: 2026/03/11-15:19:04-GMT  BuildTime: Aug  4 2022 06:17:15  BuildStamp: freesurfer-linux-ubuntu22_x86_64-7.3.2-20220804-6354275  User: oesteban  Machine: dna054  Platform: Linux  PlatformVersion: 5.14.0-427.37.1.el9_4.x86_64  CompilerName: GCC  CompilerVersion: 8.4.0
ProgramName: mri_ca_register  ProgramArguments: mri_ca_register -all-info  ProgramVersion: 7.3.2  TimeStamp: 2026/03/11-15:19:04-GMT  BuildTime: Aug  4 2022 06:17:15  BuildStamp: freesurfer-linux-ubuntu22_x86_64-7.3.2-20220804-6354275  User: oesteban  Machine: dna054  Platform: Linux  PlatformVersion: 5.14.0-427.37.1.el9_4.x86_64  CompilerName: GCC  CompilerVersion: 8.4.0
ProgramName: mri_cc  ProgramArguments: mri_cc -all-info  ProgramVersion: 7.3.2  TimeStamp: 2026/03/11-15:19:04-GMT  BuildTime: Aug  4 2022 06:17:15  BuildStamp: freesurfer-linux-ubuntu22_x86_64-7.3.2-20220804-6354275  User: oesteban  Machine: dna054  Platform: Linux  PlatformVersion: 5.14.0-427.37.1.el9_4.x86_64  CompilerName: GCC  CompilerVersion: 8.4.0
ProgramName: mri_compute_overlap  ProgramArguments: mri_compute_overlap -all-info  ProgramVersion: 7.3.2  TimeStamp: 2026/03/11-15:19:04-GMT  BuildTime: Aug  4 2022 06:17:15  BuildStamp: freesurfer-linux-ubuntu22_x86_64-7.3.2-20220804-6354275  User: oesteban  Machine: dna054  Platform: Linux  PlatformVersion: 5.14.0-427.37.1.el9_4.x86_64  CompilerName: GCC  CompilerVersion: 8.4.0
ProgramName: mri_compute_seg_overlap  ProgramArguments: mri_compute_seg_overlap -all-info  ProgramVersion: 7.3.2  TimeStamp: 2026/03/11-15:19:04-GMT  BuildTime: Aug  4 2022 06:17:15  BuildStamp: freesurfer-linux-ubuntu22_x86_64-7.3.2-20220804-6354275  User: oesteban  Machine: dna054  Platform: Linux  PlatformVersion: 5.14.0-427.37.1.el9_4.x86_64  CompilerName: GCC  CompilerVersion: 8.4.0
ProgramName: mri_concat  ProgramArguments: mri_concat -all-info  ProgramVersion: 7.3.2  TimeStamp: 2026/03/11-15:19:04-GMT  BuildTime: Aug  4 2022 06:17:15  BuildStamp: freesurfer-linux-ubuntu22_x86_64-7.3.2-20220804-6354275  User: oesteban  Machine: dna054  Platform: Linux  PlatformVersion: 5.14.0-427.37.1.el9_4.x86_64  CompilerName: GCC  CompilerVersion: 8.4.0
ProgramName: mri_concatenate_lta  ProgramArguments: mri_concatenate_lta -all-info  ProgramVersion: 7.3.2  TimeStamp: 2026/03/11-15:19:04-GMT  BuildTime: Aug  4 2022 06:17:15  BuildStamp: freesurfer-linux-ubuntu22_x86_64-7.3.2-20220804-6354275  User: oesteban  Machine: dna054  Platform: Linux  PlatformVersion: 5.14.0-427.37.1.el9_4.x86_64  CompilerName: GCC  CompilerVersion: 8.4.0
mri_convert -all-info 
ProgramName: mri_convert  ProgramArguments: mri_convert -all-info  ProgramVersion: 7.3.2  TimeStamp: 2026/03/11-15:19:04-GMT  BuildTime: Aug  4 2022 06:17:15  BuildStamp: freesurfer-linux-ubuntu22_x86_64-7.3.2-20220804-6354275  User: oesteban  Machine: dna054  Platform: Linux  PlatformVersion: 5.14.0-427.37.1.el9_4.x86_64  CompilerName: GCC  CompilerVersion: 8.4.0
ProgramName: mri_diff  ProgramArguments: mri_diff -all-info  ProgramVersion: 7.3.2  TimeStamp: 2026/03/11-15:19:04-GMT  BuildTime: Aug  4 2022 06:17:15  BuildStamp: freesurfer-linux-ubuntu22_x86_64-7.3.2-20220804-6354275  User: oesteban  Machine: dna054  Platform: Linux  PlatformVersion: 5.14.0-427.37.1.el9_4.x86_64  CompilerName: GCC  CompilerVersion: 8.4.0
ProgramName: mri_edit_wm_with_aseg  ProgramArguments: mri_edit_wm_with_aseg -all-info  ProgramVersion: 7.3.2  TimeStamp: 2026/03/11-15:19:04-GMT  BuildTime: Aug  4 2022 06:17:15  BuildStamp: freesurfer-linux-ubuntu22_x86_64-7.3.2-20220804-6354275  User: oesteban  Machine: dna054  Platform: Linux  PlatformVersion: 5.14.0-427.37.1.el9_4.x86_64  CompilerName: GCC  CompilerVersion: 8.4.0
ProgramName: mri_em_register  ProgramArguments: mri_em_register -all-info  ProgramVersion: 7.3.2  TimeStamp: 2026/03/11-15:19:04-GMT  BuildTime: Aug  4 2022 06:17:15  BuildStamp: freesurfer-linux-ubuntu22_x86_64-7.3.2-20220804-6354275  User: oesteban  Machine: dna054  Platform: Linux  PlatformVersion: 5.14.0-427.37.1.el9_4.x86_64  CompilerName: GCC  CompilerVersion: 8.4.0
ProgramName: mri_fill  ProgramArguments: mri_fill -all-info  ProgramVersion: 7.3.2  TimeStamp: 2026/03/11-15:19:04-GMT  BuildTime: Aug  4 2022 06:17:15  BuildStamp: freesurfer-linux-ubuntu22_x86_64-7.3.2-20220804-6354275  User: oesteban  Machine: dna054  Platform: Linux  PlatformVersion: 5.14.0-427.37.1.el9_4.x86_64  CompilerName: GCC  CompilerVersion: 8.4.0
ProgramName: mri_fuse_segmentations  ProgramArguments: mri_fuse_segmentations -all-info  ProgramVersion: 7.3.2  TimeStamp: 2026/03/11-15:19:04-GMT  BuildTime: Aug  4 2022 06:17:15  BuildStamp: freesurfer-linux-ubuntu22_x86_64-7.3.2-20220804-6354275  User: oesteban  Machine: dna054  Platform: Linux  PlatformVersion: 5.14.0-427.37.1.el9_4.x86_64  CompilerName: GCC  CompilerVersion: 8.4.0
ProgramName: mri_fwhm  ProgramArguments: mri_fwhm -all-info  ProgramVersion: 7.3.2  TimeStamp: 2026/03/11-15:19:04-GMT  BuildTime: Aug  4 2022 06:17:15  BuildStamp: freesurfer-linux-ubuntu22_x86_64-7.3.2-20220804-6354275  User: oesteban  Machine: dna054  Platform: Linux  PlatformVersion: 5.14.0-427.37.1.el9_4.x86_64  CompilerName: GCC  CompilerVersion: 8.4.0
ProgramName: mri_gcut  ProgramArguments: mri_gcut -all-info  ProgramVersion: 7.3.2  TimeStamp: 2026/03/11-15:19:04-GMT  BuildTime: Aug  4 2022 06:17:15  BuildStamp: freesurfer-linux-ubuntu22_x86_64-7.3.2-20220804-6354275  User: oesteban  Machine: dna054  Platform: Linux  PlatformVersion: 5.14.0-427.37.1.el9_4.x86_64  CompilerName: GCC  CompilerVersion: 8.4.0
ProgramName: mri_info  ProgramArguments: mri_info -all-info  ProgramVersion: 7.3.2  TimeStamp: 2026/03/11-15:19:04-GMT  BuildTime: Aug  4 2022 06:17:15  BuildStamp: freesurfer-linux-ubuntu22_x86_64-7.3.2-20220804-6354275  User: oesteban  Machine: dna054  Platform: Linux  PlatformVersion: 5.14.0-427.37.1.el9_4.x86_64  CompilerName: GCC  CompilerVersion: 8.4.0
ProgramName: mri_label2label  ProgramArguments: mri_label2label -all-info  ProgramVersion: 7.3.2  TimeStamp: 2026/03/11-15:19:04-GMT  BuildTime: Aug  4 2022 06:17:15  BuildStamp: freesurfer-linux-ubuntu22_x86_64-7.3.2-20220804-6354275  User: oesteban  Machine: dna054  Platform: Linux  PlatformVersion: 5.14.0-427.37.1.el9_4.x86_64  CompilerName: GCC  CompilerVersion: 8.4.0
ProgramName: mri_label2vol  ProgramArguments: mri_label2vol -all-info  ProgramVersion: 7.3.2  TimeStamp: 2026/03/11-15:19:04-GMT  BuildTime: Aug  4 2022 06:17:15  BuildStamp: freesurfer-linux-ubuntu22_x86_64-7.3.2-20220804-6354275  User: oesteban  Machine: dna054  Platform: Linux  PlatformVersion: 5.14.0-427.37.1.el9_4.x86_64  CompilerName: GCC  CompilerVersion: 8.4.0
ProgramName: mri_log_likelihood  ProgramArguments: mri_log_likelihood -all-info  ProgramVersion: 7.3.2  TimeStamp: 2026/03/11-15:19:04-GMT  BuildTime: Aug  4 2022 06:17:15  BuildStamp: freesurfer-linux-ubuntu22_x86_64-7.3.2-20220804-6354275  User: oesteban  Machine: dna054  Platform: Linux  PlatformVersion: 5.14.0-427.37.1.el9_4.x86_64  CompilerName: GCC  CompilerVersion: 8.4.0
ProgramName: mri_mask  ProgramArguments: mri_mask -all-info  ProgramVersion: 7.3.2  TimeStamp: 2026/03/11-15:19:04-GMT  BuildTime: Aug  4 2022 06:17:15  BuildStamp: freesurfer-linux-ubuntu22_x86_64-7.3.2-20220804-6354275  User: oesteban  Machine: dna054  Platform: Linux  PlatformVersion: 5.14.0-427.37.1.el9_4.x86_64  CompilerName: GCC  CompilerVersion: 8.4.0
ProgramName: mri_matrix_multiply  ProgramArguments: mri_matrix_multiply -all-info  ProgramVersion: 7.3.2  TimeStamp: 2026/03/11-15:19:04-GMT  BuildTime: Aug  4 2022 06:17:15  BuildStamp: freesurfer-linux-ubuntu22_x86_64-7.3.2-20220804-6354275  User: oesteban  Machine: dna054  Platform: Linux  PlatformVersion: 5.14.0-427.37.1.el9_4.x86_64  CompilerName: GCC  CompilerVersion: 8.4.0
ProgramName: mri_normalize  ProgramArguments: mri_normalize -all-info  ProgramVersion: 7.3.2  TimeStamp: 2026/03/11-15:19:04-GMT  BuildTime: Aug  4 2022 06:17:15  BuildStamp: freesurfer-linux-ubuntu22_x86_64-7.3.2-20220804-6354275  User: oesteban  Machine: dna054  Platform: Linux  PlatformVersion: 5.14.0-427.37.1.el9_4.x86_64  CompilerName: GCC  CompilerVersion: 8.4.0
ProgramName: mri_normalize_tp2  ProgramArguments: mri_normalize_tp2 -all-info  ProgramVersion: 7.3.2  TimeStamp: 2026/03/11-15:19:04-GMT  BuildTime: Aug  4 2022 06:17:15  BuildStamp: freesurfer-linux-ubuntu22_x86_64-7.3.2-20220804-6354275  User: oesteban  Machine: dna054  Platform: Linux  PlatformVersion: 5.14.0-427.37.1.el9_4.x86_64  CompilerName: GCC  CompilerVersion: 8.4.0
ProgramName: mri_or  ProgramArguments: mri_or -all-info  ProgramVersion: 7.3.2  TimeStamp: 2026/03/11-15:19:04-GMT  BuildTime: Aug  4 2022 06:17:15  BuildStamp: freesurfer-linux-ubuntu22_x86_64-7.3.2-20220804-6354275  User: oesteban  Machine: dna054  Platform: Linux  PlatformVersion: 5.14.0-427.37.1.el9_4.x86_64  CompilerName: GCC  CompilerVersion: 8.4.0
ProgramName: mri_relabel_hypointensities  ProgramArguments: mri_relabel_hypointensities -all-info  ProgramVersion: 7.3.2  TimeStamp: 2026/03/11-15:19:04-GMT  BuildTime: Aug  4 2022 06:17:15  BuildStamp: freesurfer-linux-ubuntu22_x86_64-7.3.2-20220804-6354275  User: oesteban  Machine: dna054  Platform: Linux  PlatformVersion: 5.14.0-427.37.1.el9_4.x86_64  CompilerName: GCC  CompilerVersion: 8.4.0
ProgramName: mri_relabel_nonwm_hypos  ProgramArguments: mri_relabel_nonwm_hypos -all-info  ProgramVersion: 7.3.2  TimeStamp: 2026/03/11-15:19:04-GMT  BuildTime: Aug  4 2022 06:17:15  BuildStamp: freesurfer-linux-ubuntu22_x86_64-7.3.2-20220804-6354275  User: oesteban  Machine: dna054  Platform: Linux  PlatformVersion: 5.14.0-427.37.1.el9_4.x86_64  CompilerName: GCC  CompilerVersion: 8.4.0
ProgramName: mri_remove_neck  ProgramArguments: mri_remove_neck -all-info  ProgramVersion: 7.3.2  TimeStamp: 2026/03/11-15:19:04-GMT  BuildTime: Aug  4 2022 06:17:15  BuildStamp: freesurfer-linux-ubuntu22_x86_64-7.3.2-20220804-6354275  User: oesteban  Machine: dna054  Platform: Linux  PlatformVersion: 5.14.0-427.37.1.el9_4.x86_64  CompilerName: GCC  CompilerVersion: 8.4.0
7.3.2

ProgramName: mri_robust_register  ProgramArguments: mri_robust_register -all-info  ProgramVersion: 7.3.2  TimeStamp: 2026/03/11-15:19:04-GMT  BuildTime: Aug  4 2022 06:17:15  BuildStamp: freesurfer-linux-ubuntu22_x86_64-7.3.2-20220804-6354275  User: oesteban  Machine: dna054  Platform: Linux  PlatformVersion: 5.14.0-427.37.1.el9_4.x86_64  CompilerName: GCC  CompilerVersion: 8.4.0
7.3.2

ProgramName: mri_robust_template  ProgramArguments: mri_robust_template -all-info  ProgramVersion: 7.3.2  TimeStamp: 2026/03/11-15:19:04-GMT  BuildTime: Aug  4 2022 06:17:15  BuildStamp: freesurfer-linux-ubuntu22_x86_64-7.3.2-20220804-6354275  User: oesteban  Machine: dna054  Platform: Linux  PlatformVersion: 5.14.0-427.37.1.el9_4.x86_64  CompilerName: GCC  CompilerVersion: 8.4.0
ProgramName: mris_anatomical_stats  ProgramArguments: mris_anatomical_stats -all-info  ProgramVersion: 7.3.2  TimeStamp: 2026/03/11-15:19:04-GMT  BuildTime: Aug  4 2022 06:17:15  BuildStamp: freesurfer-linux-ubuntu22_x86_64-7.3.2-20220804-6354275  User: oesteban  Machine: dna054  Platform: Linux  PlatformVersion: 5.14.0-427.37.1.el9_4.x86_64  CompilerName: GCC  CompilerVersion: 8.4.0
ProgramName: mris_ca_label  ProgramArguments: mris_ca_label -all-info  ProgramVersion: 7.3.2  TimeStamp: 2026/03/11-15:19:04-GMT  BuildTime: Aug  4 2022 06:17:15  BuildStamp: freesurfer-linux-ubuntu22_x86_64-7.3.2-20220804-6354275  User: oesteban  Machine: dna054  Platform: Linux  PlatformVersion: 5.14.0-427.37.1.el9_4.x86_64  CompilerName: GCC  CompilerVersion: 8.4.0
ProgramName: mris_calc  ProgramArguments: mris_calc -all-info  ProgramVersion: 7.3.2  TimeStamp: 2026/03/11-15:19:04-GMT  BuildTime: Aug  4 2022 06:17:15  BuildStamp: freesurfer-linux-ubuntu22_x86_64-7.3.2-20220804-6354275  User: oesteban  Machine: dna054  Platform: Linux  PlatformVersion: 5.14.0-427.37.1.el9_4.x86_64  CompilerName: GCC  CompilerVersion: 8.4.0
ProgramName: mris_convert  ProgramArguments: mris_convert -all-info  ProgramVersion: 7.3.2  TimeStamp: 2026/03/11-15:19:04-GMT  BuildTime: Aug  4 2022 06:17:15  BuildStamp: freesurfer-linux-ubuntu22_x86_64-7.3.2-20220804-6354275  User: oesteban  Machine: dna054  Platform: Linux  PlatformVersion: 5.14.0-427.37.1.el9_4.x86_64  CompilerName: GCC  CompilerVersion: 8.4.0
ProgramName: mris_curvature  ProgramArguments: mris_curvature -all-info  ProgramVersion: 7.3.2  TimeStamp: 2026/03/11-15:19:04-GMT  BuildTime: Aug  4 2022 06:17:15  BuildStamp: freesurfer-linux-ubuntu22_x86_64-7.3.2-20220804-6354275  User: oesteban  Machine: dna054  Platform: Linux  PlatformVersion: 5.14.0-427.37.1.el9_4.x86_64  CompilerName: GCC  CompilerVersion: 8.4.0
ProgramName: mris_curvature_stats  ProgramArguments: mris_curvature_stats -all-info  ProgramVersion: 7.3.2  TimeStamp: 2026/03/11-15:19:04-GMT  BuildTime: Aug  4 2022 06:17:15  BuildStamp: freesurfer-linux-ubuntu22_x86_64-7.3.2-20220804-6354275  User: oesteban  Machine: dna054  Platform: Linux  PlatformVersion: 5.14.0-427.37.1.el9_4.x86_64  CompilerName: GCC  CompilerVersion: 8.4.0
ProgramName: mris_diff  ProgramArguments: mris_diff -all-info  ProgramVersion: 7.3.2  TimeStamp: 2026/03/11-15:19:04-GMT  BuildTime: Aug  4 2022 06:17:15  BuildStamp: freesurfer-linux-ubuntu22_x86_64-7.3.2-20220804-6354275  User: oesteban  Machine: dna054  Platform: Linux  PlatformVersion: 5.14.0-427.37.1.el9_4.x86_64  CompilerName: GCC  CompilerVersion: 8.4.0
ProgramName: mris_divide_parcellation  ProgramArguments: mris_divide_parcellation -all-info  ProgramVersion: 7.3.2  TimeStamp: 2026/03/11-15:19:04-GMT  BuildTime: Aug  4 2022 06:17:15  BuildStamp: freesurfer-linux-ubuntu22_x86_64-7.3.2-20220804-6354275  User: oesteban  Machine: dna054  Platform: Linux  PlatformVersion: 5.14.0-427.37.1.el9_4.x86_64  CompilerName: GCC  CompilerVersion: 8.4.0
ProgramName: mri_segment  ProgramArguments: mri_segment -all-info  ProgramVersion: 7.3.2  TimeStamp: 2026/03/11-15:19:04-GMT  BuildTime: Aug  4 2022 06:17:15  BuildStamp: freesurfer-linux-ubuntu22_x86_64-7.3.2-20220804-6354275  User: oesteban  Machine: dna054  Platform: Linux  PlatformVersion: 5.14.0-427.37.1.el9_4.x86_64  CompilerName: GCC  CompilerVersion: 8.4.0
ProgramName: mri_segstats  ProgramArguments: mri_segstats -all-info  ProgramVersion: 7.3.2  TimeStamp: 2026/03/11-15:19:04-GMT  BuildTime: Aug  4 2022 06:17:15  BuildStamp: freesurfer-linux-ubuntu22_x86_64-7.3.2-20220804-6354275  User: oesteban  Machine: dna054  Platform: Linux  PlatformVersion: 5.14.0-427.37.1.el9_4.x86_64  CompilerName: GCC  CompilerVersion: 8.4.0
ProgramName: mris_euler_number  ProgramArguments: mris_euler_number -all-info  ProgramVersion: 7.3.2  TimeStamp: 2026/03/11-15:19:04-GMT  BuildTime: Aug  4 2022 06:17:15  BuildStamp: freesurfer-linux-ubuntu22_x86_64-7.3.2-20220804-6354275  User: oesteban  Machine: dna054  Platform: Linux  PlatformVersion: 5.14.0-427.37.1.el9_4.x86_64  CompilerName: GCC  CompilerVersion: 8.4.0
ProgramName: mris_fix_topology  ProgramArguments: mris_fix_topology -all-info  ProgramVersion: 7.3.2  TimeStamp: 2026/03/11-15:19:04-GMT  BuildTime: Aug  4 2022 06:17:15  BuildStamp: freesurfer-linux-ubuntu22_x86_64-7.3.2-20220804-6354275  User: oesteban  Machine: dna054  Platform: Linux  PlatformVersion: 5.14.0-427.37.1.el9_4.x86_64  CompilerName: GCC  CompilerVersion: 8.4.0
ProgramName: mris_topo_fixer  ProgramArguments: mris_topo_fixer -all-info  ProgramVersion: 7.3.2  TimeStamp: 2026/03/11-15:19:04-GMT  BuildTime: Aug  4 2022 06:17:15  BuildStamp: freesurfer-linux-ubuntu22_x86_64-7.3.2-20220804-6354275  User: oesteban  Machine: dna054  Platform: Linux  PlatformVersion: 5.14.0-427.37.1.el9_4.x86_64  CompilerName: GCC  CompilerVersion: 8.4.0
ProgramName: mris_jacobian  ProgramArguments: mris_jacobian -all-info  ProgramVersion: 7.3.2  TimeStamp: 2026/03/11-15:19:04-GMT  BuildTime: Aug  4 2022 06:17:15  BuildStamp: freesurfer-linux-ubuntu22_x86_64-7.3.2-20220804-6354275  User: oesteban  Machine: dna054  Platform: Linux  PlatformVersion: 5.14.0-427.37.1.el9_4.x86_64  CompilerName: GCC  CompilerVersion: 8.4.0
ProgramName: mris_label2annot  ProgramArguments: mris_label2annot -all-info  ProgramVersion: 7.3.2  TimeStamp: 2026/03/11-15:19:04-GMT  BuildTime: Aug  4 2022 06:17:15  BuildStamp: freesurfer-linux-ubuntu22_x86_64-7.3.2-20220804-6354275  User: oesteban  Machine: dna054  Platform: Linux  PlatformVersion: 5.14.0-427.37.1.el9_4.x86_64  CompilerName: GCC  CompilerVersion: 8.4.0
ProgramName: mris_left_right_register  ProgramArguments: mris_left_right_register -all-info  ProgramVersion: 7.3.2  TimeStamp: 2026/03/11-15:19:04-GMT  BuildTime: Aug  4 2022 06:17:15  BuildStamp: freesurfer-linux-ubuntu22_x86_64-7.3.2-20220804-6354275  User: oesteban  Machine: dna054  Platform: Linux  PlatformVersion: 5.14.0-427.37.1.el9_4.x86_64  CompilerName: GCC  CompilerVersion: 8.4.0
ProgramName: mris_place_surface  ProgramArguments: mris_place_surface -all-info  ProgramVersion: 7.3.2  TimeStamp: 2026/03/11-15:19:04-GMT  BuildTime: Aug  4 2022 06:17:15  BuildStamp: freesurfer-linux-ubuntu22_x86_64-7.3.2-20220804-6354275  User: oesteban  Machine: dna054  Platform: Linux  PlatformVersion: 5.14.0-427.37.1.el9_4.x86_64  CompilerName: GCC  CompilerVersion: 8.4.0
ProgramName: mrisp_paint  ProgramArguments: mrisp_paint -all-info  ProgramVersion: 7.3.2  TimeStamp: 2026/03/11-15:19:04-GMT  BuildTime: Aug  4 2022 06:17:15  BuildStamp: freesurfer-linux-ubuntu22_x86_64-7.3.2-20220804-6354275  User: oesteban  Machine: dna054  Platform: Linux  PlatformVersion: 5.14.0-427.37.1.el9_4.x86_64  CompilerName: GCC  CompilerVersion: 8.4.0
ProgramName: mris_register  ProgramArguments: mris_register -all-info  ProgramVersion: 7.3.2  TimeStamp: 2026/03/11-15:19:04-GMT  BuildTime: Aug  4 2022 06:17:15  BuildStamp: freesurfer-linux-ubuntu22_x86_64-7.3.2-20220804-6354275  User: oesteban  Machine: dna054  Platform: Linux  PlatformVersion: 5.14.0-427.37.1.el9_4.x86_64  CompilerName: GCC  CompilerVersion: 8.4.0
ProgramName: mris_smooth  ProgramArguments: mris_smooth -all-info  ProgramVersion: 7.3.2  TimeStamp: 2026/03/11-15:19:04-GMT  BuildTime: Aug  4 2022 06:17:15  BuildStamp: freesurfer-linux-ubuntu22_x86_64-7.3.2-20220804-6354275  User: oesteban  Machine: dna054  Platform: Linux  PlatformVersion: 5.14.0-427.37.1.el9_4.x86_64  CompilerName: GCC  CompilerVersion: 8.4.0
ProgramName: mris_sphere  ProgramArguments: mris_sphere -all-info  ProgramVersion: 7.3.2  TimeStamp: 2026/03/11-15:19:04-GMT  BuildTime: Aug  4 2022 06:17:15  BuildStamp: freesurfer-linux-ubuntu22_x86_64-7.3.2-20220804-6354275  User: oesteban  Machine: dna054  Platform: Linux  PlatformVersion: 5.14.0-427.37.1.el9_4.x86_64  CompilerName: GCC  CompilerVersion: 8.4.0
ProgramName: mris_surface_stats  ProgramArguments: mris_surface_stats -all-info  ProgramVersion: 7.3.2  TimeStamp: 2026/03/11-15:19:04-GMT  BuildTime: Aug  4 2022 06:17:15  BuildStamp: freesurfer-linux-ubuntu22_x86_64-7.3.2-20220804-6354275  User: oesteban  Machine: dna054  Platform: Linux  PlatformVersion: 5.14.0-427.37.1.el9_4.x86_64  CompilerName: GCC  CompilerVersion: 8.4.0
ProgramName: mri_stats2seg  ProgramArguments: mri_stats2seg -all-info  ProgramVersion: 7.3.2  TimeStamp: 2026/03/11-15:19:04-GMT  BuildTime: Aug  4 2022 06:17:15  BuildStamp: freesurfer-linux-ubuntu22_x86_64-7.3.2-20220804-6354275  User: oesteban  Machine: dna054  Platform: Linux  PlatformVersion: 5.14.0-427.37.1.el9_4.x86_64  CompilerName: GCC  CompilerVersion: 8.4.0
ProgramName: mris_thickness  ProgramArguments: mris_thickness -all-info  ProgramVersion: 7.3.2  TimeStamp: 2026/03/11-15:19:04-GMT  BuildTime: Aug  4 2022 06:17:15  BuildStamp: freesurfer-linux-ubuntu22_x86_64-7.3.2-20220804-6354275  User: oesteban  Machine: dna054  Platform: Linux  PlatformVersion: 5.14.0-427.37.1.el9_4.x86_64  CompilerName: GCC  CompilerVersion: 8.4.0
ProgramName: mris_thickness_diff  ProgramArguments: mris_thickness_diff -all-info  ProgramVersion: 7.3.2  TimeStamp: 2026/03/11-15:19:04-GMT  BuildTime: Aug  4 2022 06:17:15  BuildStamp: freesurfer-linux-ubuntu22_x86_64-7.3.2-20220804-6354275  User: oesteban  Machine: dna054  Platform: Linux  PlatformVersion: 5.14.0-427.37.1.el9_4.x86_64  CompilerName: GCC  CompilerVersion: 8.4.0
ProgramName: mris_topo_fixer  ProgramArguments: mris_topo_fixer -all-info  ProgramVersion: 7.3.2  TimeStamp: 2026/03/11-15:19:04-GMT  BuildTime: Aug  4 2022 06:17:15  BuildStamp: freesurfer-linux-ubuntu22_x86_64-7.3.2-20220804-6354275  User: oesteban  Machine: dna054  Platform: Linux  PlatformVersion: 5.14.0-427.37.1.el9_4.x86_64  CompilerName: GCC  CompilerVersion: 8.4.0
ProgramName: mri_surf2surf  ProgramArguments: mri_surf2surf -all-info  ProgramVersion: 7.3.2  TimeStamp: 2026/03/11-15:19:04-GMT  BuildTime: Aug  4 2022 06:17:15  BuildStamp: freesurfer-linux-ubuntu22_x86_64-7.3.2-20220804-6354275  User: oesteban  Machine: dna054  Platform: Linux  PlatformVersion: 5.14.0-427.37.1.el9_4.x86_64  CompilerName: GCC  CompilerVersion: 8.4.0
ProgramName: mri_surf2vol  ProgramArguments: mri_surf2vol -all-info  ProgramVersion: 7.3.2  TimeStamp: 2026/03/11-15:19:04-GMT  BuildTime: Aug  4 2022 06:17:15  BuildStamp: freesurfer-linux-ubuntu22_x86_64-7.3.2-20220804-6354275  User: oesteban  Machine: dna054  Platform: Linux  PlatformVersion: 5.14.0-427.37.1.el9_4.x86_64  CompilerName: GCC  CompilerVersion: 8.4.0
ProgramName: mri_surfcluster  ProgramArguments: mri_surfcluster -all-info  ProgramVersion: 7.3.2  TimeStamp: 2026/03/11-15:19:04-GMT  BuildTime: Aug  4 2022 06:17:15  BuildStamp: freesurfer-linux-ubuntu22_x86_64-7.3.2-20220804-6354275  User: oesteban  Machine: dna054  Platform: Linux  PlatformVersion: 5.14.0-427.37.1.el9_4.x86_64  CompilerName: GCC  CompilerVersion: 8.4.0
ProgramName: mris_volmask  ProgramArguments: mris_volmask -all-info  ProgramVersion: 7.3.2  TimeStamp: 2026/03/11-15:19:04-GMT  BuildTime: Aug  4 2022 06:17:15  BuildStamp: freesurfer-linux-ubuntu22_x86_64-7.3.2-20220804-6354275  User: oesteban  Machine: dna054  Platform: Linux  PlatformVersion: 5.14.0-427.37.1.el9_4.x86_64  CompilerName: GCC  CompilerVersion: 8.4.0
ProgramName: mri_tessellate  ProgramArguments: mri_tessellate -all-info  ProgramVersion: 7.3.2  TimeStamp: 2026/03/11-15:19:04-GMT  BuildTime: Aug  4 2022 06:17:15  BuildStamp: freesurfer-linux-ubuntu22_x86_64-7.3.2-20220804-6354275  User: oesteban  Machine: dna054  Platform: Linux  PlatformVersion: 5.14.0-427.37.1.el9_4.x86_64  CompilerName: GCC  CompilerVersion: 8.4.0
ProgramName: mri_vol2surf  ProgramArguments: mri_vol2surf -all-info  ProgramVersion: 7.3.2  TimeStamp: 2026/03/11-15:19:04-GMT  BuildTime: Aug  4 2022 06:17:15  BuildStamp: freesurfer-linux-ubuntu22_x86_64-7.3.2-20220804-6354275  User: oesteban  Machine: dna054  Platform: Linux  PlatformVersion: 5.14.0-427.37.1.el9_4.x86_64  CompilerName: GCC  CompilerVersion: 8.4.0
ProgramName: mri_vol2vol  ProgramArguments: mri_vol2vol -all-info  ProgramVersion: 7.3.2  TimeStamp: 2026/03/11-15:19:04-GMT  BuildTime: Aug  4 2022 06:17:15  BuildStamp: freesurfer-linux-ubuntu22_x86_64-7.3.2-20220804-6354275  User: oesteban  Machine: dna054  Platform: Linux  PlatformVersion: 5.14.0-427.37.1.el9_4.x86_64  CompilerName: GCC  CompilerVersion: 8.4.0
ProgramName: mri_voldiff  ProgramArguments: mri_voldiff -all-info  ProgramVersion: 7.3.2  TimeStamp: 2026/03/11-15:19:04-GMT  BuildTime: Aug  4 2022 06:17:15  BuildStamp: freesurfer-linux-ubuntu22_x86_64-7.3.2-20220804-6354275  User: oesteban  Machine: dna054  Platform: Linux  PlatformVersion: 5.14.0-427.37.1.el9_4.x86_64  CompilerName: GCC  CompilerVersion: 8.4.0
ProgramName: mri_watershed  ProgramArguments: mri_watershed -all-info  ProgramVersion: 7.3.2  TimeStamp: 2026/03/11-15:19:04-GMT  BuildTime: Aug  4 2022 06:17:15  BuildStamp: freesurfer-linux-ubuntu22_x86_64-7.3.2-20220804-6354275  User: oesteban  Machine: dna054  Platform: Linux  PlatformVersion: 5.14.0-427.37.1.el9_4.x86_64  CompilerName: GCC  CompilerVersion: 8.4.0
ProgramName: tkregister2  ProgramArguments: tkregister2_cmdl -all-info  ProgramVersion: 7.3.2  TimeStamp: 2026/03/11-15:19:04-GMT  BuildTime: Aug  4 2022 06:17:15  BuildStamp: freesurfer-linux-ubuntu22_x86_64-7.3.2-20220804-6354275  User: oesteban  Machine: dna054  Platform: Linux  PlatformVersion: 5.14.0-427.37.1.el9_4.x86_64  CompilerName: GCC  CompilerVersion: 8.4.0
mri_motion_correct.fsl 7.3.2
mri_convert -all-info 
ProgramName: mri_convert  ProgramArguments: mri_convert -all-info  ProgramVersion: 7.3.2  TimeStamp: 2026/03/11-15:19:04-GMT  BuildTime: Aug  4 2022 06:17:15  BuildStamp: freesurfer-linux-ubuntu22_x86_64-7.3.2-20220804-6354275  User: oesteban  Machine: dna054  Platform: Linux  PlatformVersion: 5.14.0-427.37.1.el9_4.x86_64  CompilerName: GCC  CompilerVersion: 8.4.0
Program nu_correct, built from:
Package MNI N3, version 1.12.0, compiled by nicks@terrier (x86_64-unknown-linux-gnu) on 2015-06-19 at 01:25:34
#######################################
GCADIR /opt/freesurfer/average
GCA RB_all_2020-01-02.gca
GCASkull RB_all_withskull_2020_01_02.gca
AvgCurvTif folding.atlas.acfb40.noaparc.i12.2016-08-02.tif
GCSDIR /opt/freesurfer/average
GCS DKaparc.atlas.acfb40.noaparc.i12.2016-08-02.gcs
#######################################
#--------------------------------------------
#@# AutoDetGWStats lh Wed Mar 11 16:19:04 CET 2026
cd /out/sourcedata/freesurfer/sub-v2s18x29508_ses-1/mri
mris_autodet_gwstats --o ../surf/autodet.gw.stats.lh.dat --i brain.finalsurfs.mgz --wm wm.mgz --surf ../surf/lh.orig.premesh
  Update not needed
#--------------------------------------------
#@# WhitePreAparc lh Wed Mar 11 16:19:04 CET 2026
cd /out/sourcedata/freesurfer/sub-v2s18x29508_ses-1/mri
mris_place_surface --adgws-in ../surf/autodet.gw.stats.lh.dat --wm wm.mgz --threads 16 --invol brain.finalsurfs.mgz --lh --i ../surf/lh.orig --o ../surf/lh.white.preaparc --white --seg aseg.presurf.mgz --nsmooth 5
   Update not needed
#--------------------------------------------
#@# CortexLabel lh Wed Mar 11 16:19:04 CET 2026
cd /out/sourcedata/freesurfer/sub-v2s18x29508_ses-1/mri
mri_label2label --label-cortex ../surf/lh.white.preaparc aseg.presurf.mgz 0 ../label/lh.cortex.label
   Update not needed
#--------------------------------------------
#@# CortexLabel+HipAmyg lh Wed Mar 11 16:19:04 CET 2026
cd /out/sourcedata/freesurfer/sub-v2s18x29508_ses-1/mri
mri_label2label --label-cortex ../surf/lh.white.preaparc aseg.presurf.mgz 1 ../label/lh.cortex+hipamyg.label
   Update not needed
#@# white curv lh Wed Mar 11 16:19:04 CET 2026
cd /out/sourcedata/freesurfer/sub-v2s18x29508_ses-1/mri
mris_place_surface --curv-map ../surf/lh.white 2 10 ../surf/lh.curv
   Update not needed
#@# white area lh Wed Mar 11 16:19:04 CET 2026
cd /out/sourcedata/freesurfer/sub-v2s18x29508_ses-1/mri
mris_place_surface --area-map ../surf/lh.white ../surf/lh.area
   Update not needed
#@# pial curv lh Wed Mar 11 16:19:05 CET 2026
cd /out/sourcedata/freesurfer/sub-v2s18x29508_ses-1/mri
mris_place_surface --curv-map ../surf/lh.pial 2 10 ../surf/lh.curv.pial
   Update not needed
#@# pial area lh Wed Mar 11 16:19:05 CET 2026
cd /out/sourcedata/freesurfer/sub-v2s18x29508_ses-1/mri
mris_place_surface --area-map ../surf/lh.pial ../surf/lh.area.pial
   Update not needed
#@# thickness lh Wed Mar 11 16:19:05 CET 2026
cd /out/sourcedata/freesurfer/sub-v2s18x29508_ses-1/mri
mris_place_surface --thickness ../surf/lh.white ../surf/lh.pial 20 5 ../surf/lh.thickness
   Update not needed
#@# area and vertex vol lh Wed Mar 11 16:19:05 CET 2026
cd /out/sourcedata/freesurfer/sub-v2s18x29508_ses-1/mri
mris_place_surface --thickness ../surf/lh.white ../surf/lh.pial 20 5 ../surf/lh.thickness
   Update not needed
#-----------------------------------------
#@# Parcellation Stats lh Wed Mar 11 16:19:05 CET 2026
/out/sourcedata/freesurfer/sub-v2s18x29508_ses-1/scripts

 mris_anatomical_stats -th3 -mgz -noglobal -cortex ../label/lh.cortex.label -f ../stats/lh.aparc.stats -b -a ../label/lh.aparc.annot -c ../label/aparc.annot.ctab sub-v2s18x29508_ses-1 lh white 

computing statistics for each annotation in ../label/lh.aparc.annot.
reading volume /out/sourcedata/freesurfer/sub-v2s18x29508_ses-1/mri/wm.mgz...
reading input surface /out/sourcedata/freesurfer/sub-v2s18x29508_ses-1/surf/lh.white...
reading input pial surface /out/sourcedata/freesurfer/sub-v2s18x29508_ses-1/surf/lh.pial...
reading input white surface /out/sourcedata/freesurfer/sub-v2s18x29508_ses-1/surf/lh.white...
INFO: using TH3 volume calc
INFO: assuming MGZ format for volumes.
INFO: not computing global stats
INFO: using ../label/lh.cortex.label as mask to calc cortex NumVert, SurfArea and MeanThickness.
Using TH3 vertex volume calc
Total face volume 269760
Total vertex volume 269525 (mask=0)
Saving annotation colortable ../label/aparc.annot.ctab

table columns are:
    number of vertices
    total surface area (mm^2)
    total gray matter volume (mm^3)
    average cortical thickness +- standard deviation (mm)
    integrated rectified mean curvature
    integrated rectified Gaussian curvature
    folding index
    intrinsic curvature index
    structure name

 1532    977   2412  2.644 0.376     0.072     0.010        4     0.6  bankssts
 1303    930   2861  2.577 0.740     0.138     0.025       22     1.7  caudalanteriorcingulate
 3546   2485   7113  2.643 0.502     0.115     0.022       33     3.4  caudalmiddlefrontal
 1978   1477   3139  2.029 0.521     0.145     0.030       26     2.7  cuneus
  617    401   2130  3.649 0.724     0.103     0.024        4     0.5  entorhinal
 4368   3022   9649  2.868 0.620     0.124     0.027       49     4.7  fusiform
 6013   4408  12218  2.568 0.505     0.122     0.023       71     5.8  inferiorparietal
 5262   3750  11814  2.887 0.750     0.119     0.026       68     5.9  inferiortemporal
 1418    950   2542  2.365 0.902     0.116     0.023       17     1.3  isthmuscingulate
 6765   4812  12313  2.348 0.485     0.134     0.027       89     7.5  lateraloccipital
 4107   2933   9190  2.867 0.776     0.126     0.027       50     4.6  lateralorbitofrontal
 4190   2983   7234  2.256 0.707     0.135     0.030       48     5.3  lingual
 2931   2039   5130  2.377 0.681     0.128     0.034       45     4.1  medialorbitofrontal
 4616   3471  13261  3.096 0.713     0.131     0.027       66     5.1  middletemporal
 1089    693   2656  3.125 0.788     0.086     0.015        8     0.6  parahippocampal
 2569   1643   5321  2.826 0.574     0.104     0.019       19     2.0  paracentral
 2591   1771   5962  2.869 0.572     0.101     0.017       22     1.8  parsopercularis
 1030    773   2703  2.661 0.720     0.146     0.041       25     1.5  parsorbitalis
 2209   1493   4337  2.434 0.680     0.106     0.018       19     1.6  parstriangularis
 1510   1119   1807  2.017 0.569     0.139     0.030       15     1.8  pericalcarine
 6514   4282   9934  2.100 0.630     0.107     0.020       61     5.3  postcentral
 2230   1591   4522  2.577 0.889     0.132     0.027       31     2.8  posteriorcingulate
 8155   5313  16719  2.838 0.543     0.099     0.018       54     6.1  precentral
 5818   3998  11404  2.614 0.551     0.116     0.023       57     5.5  precuneus
 1300    980   3218  2.872 0.717     0.131     0.038       25     2.6  rostralanteriorcingulate
 8494   6415  16865  2.316 0.566     0.139     0.031      122    11.9  rostralmiddlefrontal
11513   8335  25243  2.680 0.646     0.123     0.026      123    12.2  superiorfrontal
 8471   5832  14886  2.371 0.465     0.125     0.024      100     8.2  superiorparietal
 6261   4250  15368  3.068 0.689     0.104     0.019       61     5.1  superiortemporal
 6625   4761  14532  2.759 0.580     0.129     0.025       92     7.0  supramarginal
  332    277   1130  2.796 0.806     0.163     0.043        6     0.6  frontalpole
  691    514   2557  3.567 0.724     0.144     0.039       10     1.2  temporalpole
  755    488   1397  2.524 0.382     0.099     0.016        7     0.4  transversetemporal
 3523   2356   7959  3.222 0.778     0.112     0.030       34     4.0  insula

 mris_anatomical_stats -th3 -mgz -noglobal -cortex ../label/lh.cortex.label -f ../stats/lh.aparc.pial.stats -b -a ../label/lh.aparc.annot -c ../label/aparc.annot.ctab sub-v2s18x29508_ses-1 lh pial 

computing statistics for each annotation in ../label/lh.aparc.annot.
reading volume /out/sourcedata/freesurfer/sub-v2s18x29508_ses-1/mri/wm.mgz...
reading input surface /out/sourcedata/freesurfer/sub-v2s18x29508_ses-1/surf/lh.pial...
reading input pial surface /out/sourcedata/freesurfer/sub-v2s18x29508_ses-1/surf/lh.pial...
reading input white surface /out/sourcedata/freesurfer/sub-v2s18x29508_ses-1/surf/lh.white...
INFO: using TH3 volume calc
INFO: assuming MGZ format for volumes.
INFO: not computing global stats
INFO: using ../label/lh.cortex.label as mask to calc cortex NumVert, SurfArea and MeanThickness.
Using TH3 vertex volume calc
Total face volume 269760
Total vertex volume 269525 (mask=0)
Saving annotation colortable ../label/aparc.annot.ctab

table columns are:
    number of vertices
    total surface area (mm^2)
    total gray matter volume (mm^3)
    average cortical thickness +- standard deviation (mm)
    integrated rectified mean curvature
    integrated rectified Gaussian curvature
    folding index
    intrinsic curvature index
    structure name

 1532    846   2412  2.644 0.376     0.101     0.026       30     1.7  bankssts
 1303   1241   2861  2.577 0.740     0.187     0.054       87     2.6  caudalanteriorcingulate
 3546   2877   7113  2.643 0.502     0.135     0.034       56     4.8  caudalmiddlefrontal
 1978   1820   3139  2.029 0.521     0.161     0.042       49     3.5  cuneus
  617    812   2130  3.649 0.724     0.324     0.098       27     3.3  entorhinal
 4368   3710   9649  2.868 0.620     0.160     0.045      170     7.8  fusiform
 6013   5215  12218  2.568 0.505     0.148     0.039      160     8.9  inferiorparietal
 5262   4667  11814  2.887 0.750     0.163     0.045     1420     9.5  inferiortemporal
 1418   1236   2542  2.365 0.902     0.177     0.055       77     2.7  isthmuscingulate
 6765   5910  12313  2.348 0.485     0.143     0.033      133     9.0  lateraloccipital
 4107   3578   9190  2.867 0.776     0.156     0.041      111     7.0  lateralorbitofrontal
 4190   3714   7234  2.256 0.707     0.158     0.045      106     7.6  lingual
 2931   2537   5130  2.377 0.681     0.161     0.041       75     5.1  medialorbitofrontal
 4616   5038  13261  3.096 0.713     0.186     0.076    16116     8.7  middletemporal
 1089   1044   2656  3.125 0.788     0.177     0.048       25     2.3  parahippocampal
 2569   2119   5321  2.826 0.574     0.132     0.033       41     3.6  paracentral
 2591   2308   5962  2.869 0.572     0.142     0.033       32     3.4  parsopercularis
 1030   1239   2703  2.661 0.720     0.211     0.054       20     2.5  parsorbitalis
 2209   1980   4337  2.434 0.680     0.148     0.031       29     3.1  parstriangularis
 1510    789   1807  2.017 0.569     0.113     0.057       65     1.8  pericalcarine
 6514   5195   9934  2.100 0.630     0.128     0.030       85     8.1  postcentral
 2230   1958   4522  2.577 0.889     0.163     0.044       58     4.1  posteriorcingulate
 8155   6283  16719  2.838 0.543     0.115     0.028      128     9.3  precentral
 5818   4638  11404  2.614 0.551     0.141     0.035      107     8.6  precuneus
 1300   1315   3218  2.872 0.717     0.171     0.044       28     2.1  rostralanteriorcingulate
 8494   8264  16865  2.316 0.566     0.165     0.047      142    13.4  rostralmiddlefrontal
11513  10422  25243  2.680 0.646     0.158     0.044      244    18.3  superiorfrontal
 8471   6783  14886  2.371 0.465     0.137     0.035      193    10.7  superiorparietal
 6261   5569  15368  3.068 0.689     0.145     0.037      133     9.1  superiortemporal
 6625   5736  14532  2.759 0.580     0.153     0.039      168    10.0  supramarginal
  332    533   1130  2.796 0.806     0.239     0.049        5     0.8  frontalpole
  691    959   2557  3.567 0.724     0.243     0.054       14     1.9  temporalpole
  755    681   1397  2.524 0.382     0.130     0.033        6     1.0  transversetemporal
 3523   2493   7959  3.222 0.778     0.166     0.048      112     7.7  insula
#-----------------------------------------
#@# Parcellation Stats 2 lh Wed Mar 11 16:19:24 CET 2026
/out/sourcedata/freesurfer/sub-v2s18x29508_ses-1/scripts

 mris_anatomical_stats -th3 -mgz -noglobal -cortex ../label/lh.cortex.label -f ../stats/lh.aparc.a2009s.stats -b -a ../label/lh.aparc.a2009s.annot -c ../label/aparc.annot.a2009s.ctab sub-v2s18x29508_ses-1 lh white 

computing statistics for each annotation in ../label/lh.aparc.a2009s.annot.
reading volume /out/sourcedata/freesurfer/sub-v2s18x29508_ses-1/mri/wm.mgz...
reading input surface /out/sourcedata/freesurfer/sub-v2s18x29508_ses-1/surf/lh.white...
reading input pial surface /out/sourcedata/freesurfer/sub-v2s18x29508_ses-1/surf/lh.pial...
reading input white surface /out/sourcedata/freesurfer/sub-v2s18x29508_ses-1/surf/lh.white...
INFO: using TH3 volume calc
INFO: assuming MGZ format for volumes.
INFO: not computing global stats
INFO: using ../label/lh.cortex.label as mask to calc cortex NumVert, SurfArea and MeanThickness.
Using TH3 vertex volume calc
Total face volume 269760
Total vertex volume 269525 (mask=0)
Saving annotation colortable ../label/aparc.annot.a2009s.ctab

table columns are:
    number of vertices
    total surface area (mm^2)
    total gray matter volume (mm^3)
    average cortical thickness +- standard deviation (mm)
    integrated rectified mean curvature
    integrated rectified Gaussian curvature
    folding index
    intrinsic curvature index
    structure name

 1106    793   1848  2.033 0.538     0.134     0.029       16     1.4  G_and_S_frontomargin
 1233    874   2519  2.494 0.539     0.123     0.023       14     1.1  G_and_S_occipital_inf
 2124   1372   4405  2.614 0.731     0.115     0.024       20     2.0  G_and_S_paracentral
 1730   1176   4067  2.891 0.535     0.118     0.023       18     1.7  G_and_S_subcentral
  654    542   1904  2.587 0.808     0.164     0.048       16     1.3  G_and_S_transv_frontopol
 2168   1605   4684  2.726 0.656     0.123     0.028       28     3.1  G_and_S_cingul-Ant
 1646   1131   3317  2.723 0.505     0.114     0.019       16     1.3  G_and_S_cingul-Mid-Ant
 1670   1168   3435  2.811 0.605     0.119     0.025       17     1.9  G_and_S_cingul-Mid-Post
  635    464   1853  3.069 0.748     0.147     0.033       12     0.8  G_cingul-Post-dorsal
  297    203    705  2.684 0.851     0.120     0.027        4     0.3  G_cingul-Post-ventral
 1704   1363   2998  1.938 0.572     0.159     0.035       26     2.7  G_cuneus
 1416   1003   4369  3.195 0.439     0.116     0.021       17     1.2  G_front_inf-Opercular
  480    317   1193  2.709 0.535     0.119     0.025       11     0.4  G_front_inf-Orbital
 1228    869   3346  2.778 0.599     0.125     0.024       16     1.2  G_front_inf-Triangul
 4577   3654  11466  2.513 0.574     0.151     0.034       82     7.2  G_front_middle
 7933   5871  20415  2.824 0.671     0.133     0.028      102     9.5  G_front_sup
  668    463   2030  3.588 0.830     0.130     0.038        9     0.8  G_Ins_lg_and_S_cent_ins
  806    586   2799  3.633 0.765     0.142     0.045       15     1.5  G_insular_short
 2013   1475   5054  2.562 0.477     0.140     0.027       36     2.3  G_occipital_middle
 1375    963   2517  2.222 0.525     0.134     0.028       19     1.4  G_occipital_sup
 1538   1061   4260  3.080 0.511     0.131     0.026       22     1.5  G_oc-temp_lat-fusifor
 2668   1978   5157  2.186 0.736     0.150     0.036       37     4.0  G_oc-temp_med-Lingual
 1406    909   4460  3.406 0.850     0.100     0.024       14     1.2  G_oc-temp_med-Parahip
 2530   1945   7153  2.817 0.744     0.145     0.039       49     4.0  G_orbital
 2315   1826   5797  2.590 0.529     0.139     0.027       44     2.5  G_pariet_inf-Angular
 3849   2877   9931  2.837 0.648     0.143     0.030       64     4.7  G_pariet_inf-Supramar
 3243   2312   6607  2.407 0.485     0.138     0.028       51     3.7  G_parietal_sup
 2184   1432   3741  2.104 0.599     0.116     0.024       27     2.0  G_postcentral
 2870   1875   7538  3.007 0.547     0.106     0.021       25     2.5  G_precentral
 2997   2118   7610  2.761 0.608     0.127     0.027       40     3.4  G_precuneus
  974    699   1880  2.224 0.639     0.151     0.051       23     2.0  G_rectus
  886    582   1593  2.709 0.775     0.127     0.053       16     2.0  G_subcallosal
  584    356   1204  2.576 0.391     0.101     0.017        7     0.4  G_temp_sup-G_T_transv
 2228   1580   8013  3.467 0.696     0.136     0.031       40     2.7  G_temp_sup-Lateral
  876    591   2504  3.486 0.606     0.081     0.016        4     0.5  G_temp_sup-Plan_polar
 1095    696   1900  2.635 0.459     0.075     0.012        5     0.5  G_temp_sup-Plan_tempo
 2496   1886   6986  2.999 0.809     0.137     0.033       48     3.4  G_temporal_inf
 2701   2112   9399  3.212 0.721     0.146     0.032       50     3.3  G_temporal_middle
  389    252    399  1.697 0.548     0.087     0.010        2     0.1  Lat_Fis-ant-Horizont
  434    280    584  2.324 0.492     0.079     0.011        1     0.2  Lat_Fis-ant-Vertical
 1235    817   1696  2.628 0.479     0.112     0.019       10     1.0  Lat_Fis-post
 1745   1299   3060  2.174 0.491     0.157     0.035       33     2.3  Pole_occipital
 1515   1127   5183  3.390 0.830     0.139     0.041       20     2.5  Pole_temporal
 1954   1357   2436  2.256 0.705     0.124     0.026       16     2.1  S_calcarine
 3287   2120   4000  2.170 0.625     0.088     0.016       14     2.2  S_central
 1402    916   2096  2.598 0.400     0.098     0.016        7     1.0  S_cingul-Marginalis
  619    406   1065  3.061 0.634     0.086     0.013        2     0.3  S_circular_insula_ant
 1526    971   2427  3.080 0.670     0.078     0.012        5     0.8  S_circular_insula_inf
 1852   1187   2589  2.693 0.439     0.091     0.016        7     1.3  S_circular_insula_sup
 1346    898   2193  2.801 0.638     0.094     0.014        6     0.8  S_collat_transv_ant
  554    376    879  2.697 0.508     0.142     0.034        6     0.9  S_collat_transv_post
 2391   1633   3561  2.299 0.475     0.107     0.019       19     2.1  S_front_inf
 1687   1181   2893  2.435 0.531     0.128     0.026       15     2.0  S_front_middle
 3467   2454   5675  2.400 0.504     0.111     0.022       26     3.0  S_front_sup
  101     76    309  3.174 0.636     0.107     0.028        5     0.0  S_interm_prim-Jensen
 3025   1998   4413  2.516 0.397     0.113     0.019       25     2.5  S_intrapariet_and_P_trans
 1282    849   1598  2.328 0.382     0.115     0.022        8     1.4  S_oc_middle_and_Lunatus
 1210    814   1627  2.251 0.396     0.107     0.015        7     0.9  S_oc_sup_and_transversal
  878    632   1384  2.340 0.438     0.106     0.021        7     1.0  S_occipital_ant
  920    603   1468  2.859 0.612     0.093     0.018        5     0.7  S_oc-temp_lat
 2174   1433   3266  2.584 0.534     0.099     0.017       13     1.5  S_oc-temp_med_and_Lingual
  347    228    377  1.852 0.385     0.101     0.013        2     0.2  S_orbital_lateral
  701    476    935  2.307 0.694     0.105     0.017        4     0.5  S_orbital_med-olfact
 1363    974   2811  2.937 0.915     0.127     0.027       13     1.5  S_orbital-H_Shaped
 1782   1192   2471  2.381 0.513     0.109     0.018       13     1.4  S_parieto_occipital
 1448    930   1325  1.643 0.593     0.114     0.018       20     1.1  S_pericallosal
 3529   2375   5057  2.232 0.448     0.106     0.019       28     2.7  S_postcentral
 2103   1383   3368  2.804 0.423     0.097     0.016       11     1.5  S_precentral-inf-part
 1350    867   2113  2.636 0.525     0.086     0.014        6     0.7  S_precentral-sup-part
  777    527   1169  2.372 0.680     0.121     0.019        6     0.6  S_suborbital
 1223    845   1828  2.502 0.402     0.119     0.023        9     1.2  S_subparietal
 1873   1285   2691  2.479 0.511     0.115     0.021       13     1.8  S_temporal_inf
 5501   3727   9345  2.712 0.471     0.096     0.017       34     4.2  S_temporal_sup
  433    306    578  2.363 0.235     0.114     0.011        3     0.3  S_temporal_transverse
#-----------------------------------------
#@# Parcellation Stats 3 lh Wed Mar 11 16:19:34 CET 2026
/out/sourcedata/freesurfer/sub-v2s18x29508_ses-1/scripts

 mris_anatomical_stats -th3 -mgz -noglobal -cortex ../label/lh.cortex.label -f ../stats/lh.aparc.DKTatlas.stats -b -a ../label/lh.aparc.DKTatlas.annot -c ../label/aparc.annot.DKTatlas.ctab sub-v2s18x29508_ses-1 lh white 

computing statistics for each annotation in ../label/lh.aparc.DKTatlas.annot.
reading volume /out/sourcedata/freesurfer/sub-v2s18x29508_ses-1/mri/wm.mgz...
reading input surface /out/sourcedata/freesurfer/sub-v2s18x29508_ses-1/surf/lh.white...
reading input pial surface /out/sourcedata/freesurfer/sub-v2s18x29508_ses-1/surf/lh.pial...
reading input white surface /out/sourcedata/freesurfer/sub-v2s18x29508_ses-1/surf/lh.white...
INFO: using TH3 volume calc
INFO: assuming MGZ format for volumes.
INFO: not computing global stats
INFO: using ../label/lh.cortex.label as mask to calc cortex NumVert, SurfArea and MeanThickness.
Using TH3 vertex volume calc
Total face volume 269760
Total vertex volume 269525 (mask=0)
Saving annotation colortable ../label/aparc.annot.DKTatlas.ctab

table columns are:
    number of vertices
    total surface area (mm^2)
    total gray matter volume (mm^3)
    average cortical thickness +- standard deviation (mm)
    integrated rectified mean curvature
    integrated rectified Gaussian curvature
    folding index
    intrinsic curvature index
    structure name

 1913   1318   3709  2.571 0.685     0.131     0.024       28     2.2  caudalanteriorcingulate
 3801   2657   7629  2.642 0.495     0.115     0.022       36     3.6  caudalmiddlefrontal
 2650   1930   4236  2.073 0.550     0.143     0.030       36     3.5  cuneus
  518    344   1955  3.781 0.606     0.100     0.025        3     0.4  entorhinal
 4061   2798   8589  2.862 0.593     0.122     0.025       44     4.2  fusiform
 6011   4414  12256  2.564 0.505     0.125     0.023       78     5.9  inferiorparietal
 5266   3753  12478  2.915 0.758     0.122     0.028       70     6.2  inferiortemporal
 1414    948   2551  2.403 0.905     0.115     0.024       17     1.2  isthmuscingulate
 6754   4816  12237  2.333 0.474     0.133     0.027       89     7.5  lateraloccipital
 4386   3172   9923  2.818 0.837     0.135     0.034       65     6.0  lateralorbitofrontal
 4216   3007   7297  2.244 0.696     0.134     0.029       48     5.3  lingual
 2414   1701   4545  2.374 0.727     0.127     0.036       37     3.5  medialorbitofrontal
 6170   4503  15667  2.971 0.681     0.122     0.025       75     6.3  middletemporal
 1188    754   2898  3.140 0.784     0.087     0.016        9     0.7  parahippocampal
 2966   1906   6212  2.860 0.564     0.104     0.020       22     2.3  paracentral
 2412   1651   5599  2.925 0.543     0.105     0.019       21     1.8  parsopercularis
 1192    813   2558  2.585 0.737     0.108     0.020       14     0.9  parsorbitalis
 2617   1768   4980  2.432 0.612     0.102     0.018       23     1.9  parstriangularis
 1533   1135   1842  2.017 0.563     0.141     0.031       16     1.9  pericalcarine
 7487   4952  11406  2.143 0.628     0.110     0.021       73     6.3  postcentral
 2397   1706   4749  2.596 0.845     0.132     0.027       32     3.0  posteriorcingulate
 8051   5238  16474  2.844 0.538     0.099     0.018       53     6.1  precentral
 5679   3933  11466  2.636 0.541     0.117     0.023       58     5.5  precuneus
 1696   1229   3607  2.769 0.665     0.126     0.033       27     2.8  rostralanteriorcingulate
 6154   4705  12800  2.338 0.581     0.139     0.031       88     8.4  rostralmiddlefrontal
12582   9287  28138  2.622 0.667     0.129     0.028      155    15.1  superiorfrontal
 6912   4728  12101  2.376 0.443     0.122     0.023       78     6.6  superiorparietal
 7910   5373  19534  3.077 0.696     0.103     0.020       73     6.6  superiortemporal
 6238   4498  13702  2.753 0.589     0.129     0.026       82     6.6  supramarginal
  746    481   1385  2.528 0.385     0.098     0.016        7     0.4  transversetemporal
 2992   2001   7001  3.264 0.779     0.107     0.025       28     2.9  insula
/out/sourcedata/freesurfer/sub-v2s18x29508_ses-1/label
#--------------------------------------------
#@# BA_exvivo Labels lh Wed Mar 11 16:19:43 CET 2026

 mri_label2label --srcsubject fsaverage --srclabel /out/sourcedata/freesurfer/fsaverage/label/lh.BA1_exvivo.label --trgsubject sub-v2s18x29508_ses-1 --trglabel ./lh.BA1_exvivo.label --hemi lh --regmethod surface 


srclabel = /out/sourcedata/freesurfer/fsaverage/label/lh.BA1_exvivo.label
srcsubject = fsaverage
trgsubject = sub-v2s18x29508_ses-1
trglabel = ./lh.BA1_exvivo.label
regmethod = surface

srchemi = lh
trghemi = lh
trgsurface = white
srcsurfreg = sphere.reg
trgsurfreg = sphere.reg
usehash = 1
Use ProjAbs  = 0, 0
Use ProjFrac = 0, 0
DoPaint 0

SUBJECTS_DIR    /out/sourcedata/freesurfer
FREESURFER_HOME /opt/freesurfer
Loading source label.
Found 4129 points in source label.
Starting surface-based mapping
Reading source registration 
 /out/sourcedata/freesurfer/fsaverage/surf/lh.sphere.reg
Rescaling ...  original radius = 100
Reading target surface 
 /out/sourcedata/freesurfer/sub-v2s18x29508_ses-1/surf/lh.white
Reading target registration 
 /out/sourcedata/freesurfer/sub-v2s18x29508_ses-1/surf/lh.sphere.reg
Rescaling ...  original radius = 100
Building target registration hash (res=16).
Building source registration hash (res=16).
INFO: found  4129 nlabel points
Performing mapping from target back to the source label 138432
Number of reverse mapping hits = 133
Checking for and removing duplicates
Writing label file ./lh.BA1_exvivo.label 4262
mri_label2label: Done


 mri_label2label --srcsubject fsaverage --srclabel /out/sourcedata/freesurfer/fsaverage/label/lh.BA2_exvivo.label --trgsubject sub-v2s18x29508_ses-1 --trglabel ./lh.BA2_exvivo.label --hemi lh --regmethod surface 


srclabel = /out/sourcedata/freesurfer/fsaverage/label/lh.BA2_exvivo.label
srcsubject = fsaverage
trgsubject = sub-v2s18x29508_ses-1
trglabel = ./lh.BA2_exvivo.label
regmethod = surface

srchemi = lh
trghemi = lh
trgsurface = white
srcsurfreg = sphere.reg
trgsurfreg = sphere.reg
usehash = 1
Use ProjAbs  = 0, 0
Use ProjFrac = 0, 0
DoPaint 0

SUBJECTS_DIR    /out/sourcedata/freesurfer
FREESURFER_HOME /opt/freesurfer
Loading source label.
Found 7909 points in source label.
Starting surface-based mapping
Reading source registration 
 /out/sourcedata/freesurfer/fsaverage/surf/lh.sphere.reg
Rescaling ...  original radius = 100
Reading target surface 
 /out/sourcedata/freesurfer/sub-v2s18x29508_ses-1/surf/lh.white
Reading target registration 
 /out/sourcedata/freesurfer/sub-v2s18x29508_ses-1/surf/lh.sphere.reg
Rescaling ...  original radius = 100
Building target registration hash (res=16).
Building source registration hash (res=16).
INFO: found  7909 nlabel points
Performing mapping from target back to the source label 138432
Number of reverse mapping hits = 475
Checking for and removing duplicates
Writing label file ./lh.BA2_exvivo.label 8384
mri_label2label: Done


 mri_label2label --srcsubject fsaverage --srclabel /out/sourcedata/freesurfer/fsaverage/label/lh.BA3a_exvivo.label --trgsubject sub-v2s18x29508_ses-1 --trglabel ./lh.BA3a_exvivo.label --hemi lh --regmethod surface 


srclabel = /out/sourcedata/freesurfer/fsaverage/label/lh.BA3a_exvivo.label
srcsubject = fsaverage
trgsubject = sub-v2s18x29508_ses-1
trglabel = ./lh.BA3a_exvivo.label
regmethod = surface

srchemi = lh
trghemi = lh
trgsurface = white
srcsurfreg = sphere.reg
trgsurfreg = sphere.reg
usehash = 1
Use ProjAbs  = 0, 0
Use ProjFrac = 0, 0
DoPaint 0

SUBJECTS_DIR    /out/sourcedata/freesurfer
FREESURFER_HOME /opt/freesurfer
Loading source label.
Found 4077 points in source label.
Starting surface-based mapping
Reading source registration 
 /out/sourcedata/freesurfer/fsaverage/surf/lh.sphere.reg
Rescaling ...  original radius = 100
Reading target surface 
 /out/sourcedata/freesurfer/sub-v2s18x29508_ses-1/surf/lh.white
Reading target registration 
 /out/sourcedata/freesurfer/sub-v2s18x29508_ses-1/surf/lh.sphere.reg
Rescaling ...  original radius = 100
Building target registration hash (res=16).
Building source registration hash (res=16).
INFO: found  4077 nlabel points
Performing mapping from target back to the source label 138432
Number of reverse mapping hits = 42
Checking for and removing duplicates
Writing label file ./lh.BA3a_exvivo.label 4119
mri_label2label: Done


 mri_label2label --srcsubject fsaverage --srclabel /out/sourcedata/freesurfer/fsaverage/label/lh.BA3b_exvivo.label --trgsubject sub-v2s18x29508_ses-1 --trglabel ./lh.BA3b_exvivo.label --hemi lh --regmethod surface 


srclabel = /out/sourcedata/freesurfer/fsaverage/label/lh.BA3b_exvivo.label
srcsubject = fsaverage
trgsubject = sub-v2s18x29508_ses-1
trglabel = ./lh.BA3b_exvivo.label
regmethod = surface

srchemi = lh
trghemi = lh
trgsurface = white
srcsurfreg = sphere.reg
trgsurfreg = sphere.reg
usehash = 1
Use ProjAbs  = 0, 0
Use ProjFrac = 0, 0
DoPaint 0

SUBJECTS_DIR    /out/sourcedata/freesurfer
FREESURFER_HOME /opt/freesurfer
Loading source label.
Found 5983 points in source label.
Starting surface-based mapping
Reading source registration 
 /out/sourcedata/freesurfer/fsaverage/surf/lh.sphere.reg
Rescaling ...  original radius = 100
Reading target surface 
 /out/sourcedata/freesurfer/sub-v2s18x29508_ses-1/surf/lh.white
Reading target registration 
 /out/sourcedata/freesurfer/sub-v2s18x29508_ses-1/surf/lh.sphere.reg
Rescaling ...  original radius = 100
Building target registration hash (res=16).
Building source registration hash (res=16).
INFO: found  5983 nlabel points
Performing mapping from target back to the source label 138432
Number of reverse mapping hits = 144
Checking for and removing duplicates
Writing label file ./lh.BA3b_exvivo.label 6127
mri_label2label: Done


 mri_label2label --srcsubject fsaverage --srclabel /out/sourcedata/freesurfer/fsaverage/label/lh.BA4a_exvivo.label --trgsubject sub-v2s18x29508_ses-1 --trglabel ./lh.BA4a_exvivo.label --hemi lh --regmethod surface 


srclabel = /out/sourcedata/freesurfer/fsaverage/label/lh.BA4a_exvivo.label
srcsubject = fsaverage
trgsubject = sub-v2s18x29508_ses-1
trglabel = ./lh.BA4a_exvivo.label
regmethod = surface

srchemi = lh
trghemi = lh
trgsurface = white
srcsurfreg = sphere.reg
trgsurfreg = sphere.reg
usehash = 1
Use ProjAbs  = 0, 0
Use ProjFrac = 0, 0
DoPaint 0

SUBJECTS_DIR    /out/sourcedata/freesurfer
FREESURFER_HOME /opt/freesurfer
Loading source label.
Found 5784 points in source label.
Starting surface-based mapping
Reading source registration 
 /out/sourcedata/freesurfer/fsaverage/surf/lh.sphere.reg
Rescaling ...  original radius = 100
Reading target surface 
 /out/sourcedata/freesurfer/sub-v2s18x29508_ses-1/surf/lh.white
Reading target registration 
 /out/sourcedata/freesurfer/sub-v2s18x29508_ses-1/surf/lh.sphere.reg
Rescaling ...  original radius = 100
Building target registration hash (res=16).
Building source registration hash (res=16).
INFO: found  5784 nlabel points
Performing mapping from target back to the source label 138432
Number of reverse mapping hits = 352
Checking for and removing duplicates
Writing label file ./lh.BA4a_exvivo.label 6136
mri_label2label: Done


 mri_label2label --srcsubject fsaverage --srclabel /out/sourcedata/freesurfer/fsaverage/label/lh.BA4p_exvivo.label --trgsubject sub-v2s18x29508_ses-1 --trglabel ./lh.BA4p_exvivo.label --hemi lh --regmethod surface 


srclabel = /out/sourcedata/freesurfer/fsaverage/label/lh.BA4p_exvivo.label
srcsubject = fsaverage
trgsubject = sub-v2s18x29508_ses-1
trglabel = ./lh.BA4p_exvivo.label
regmethod = surface

srchemi = lh
trghemi = lh
trgsurface = white
srcsurfreg = sphere.reg
trgsurfreg = sphere.reg
usehash = 1
Use ProjAbs  = 0, 0
Use ProjFrac = 0, 0
DoPaint 0

SUBJECTS_DIR    /out/sourcedata/freesurfer
FREESURFER_HOME /opt/freesurfer
Loading source label.
Found 4070 points in source label.
Starting surface-based mapping
Reading source registration 
 /out/sourcedata/freesurfer/fsaverage/surf/lh.sphere.reg
Rescaling ...  original radius = 100
Reading target surface 
 /out/sourcedata/freesurfer/sub-v2s18x29508_ses-1/surf/lh.white
Reading target registration 
 /out/sourcedata/freesurfer/sub-v2s18x29508_ses-1/surf/lh.sphere.reg
Rescaling ...  original radius = 100
Building target registration hash (res=16).
Building source registration hash (res=16).
INFO: found  4070 nlabel points
Performing mapping from target back to the source label 138432
Number of reverse mapping hits = 111
Checking for and removing duplicates
Writing label file ./lh.BA4p_exvivo.label 4181
mri_label2label: Done


 mri_label2label --srcsubject fsaverage --srclabel /out/sourcedata/freesurfer/fsaverage/label/lh.BA6_exvivo.label --trgsubject sub-v2s18x29508_ses-1 --trglabel ./lh.BA6_exvivo.label --hemi lh --regmethod surface 


srclabel = /out/sourcedata/freesurfer/fsaverage/label/lh.BA6_exvivo.label
srcsubject = fsaverage
trgsubject = sub-v2s18x29508_ses-1
trglabel = ./lh.BA6_exvivo.label
regmethod = surface

srchemi = lh
trghemi = lh
trgsurface = white
srcsurfreg = sphere.reg
trgsurfreg = sphere.reg
usehash = 1
Use ProjAbs  = 0, 0
Use ProjFrac = 0, 0
DoPaint 0

SUBJECTS_DIR    /out/sourcedata/freesurfer
FREESURFER_HOME /opt/freesurfer
Loading source label.
Found 13589 points in source label.
Starting surface-based mapping
Reading source registration 
 /out/sourcedata/freesurfer/fsaverage/surf/lh.sphere.reg
Rescaling ...  original radius = 100
Reading target surface 
 /out/sourcedata/freesurfer/sub-v2s18x29508_ses-1/surf/lh.white
Reading target registration 
 /out/sourcedata/freesurfer/sub-v2s18x29508_ses-1/surf/lh.sphere.reg
Rescaling ...  original radius = 100
Building target registration hash (res=16).
Building source registration hash (res=16).
INFO: found  13589 nlabel points
Performing mapping from target back to the source label 138432
Number of reverse mapping hits = 1029
Checking for and removing duplicates
Writing label file ./lh.BA6_exvivo.label 14618
mri_label2label: Done


 mri_label2label --srcsubject fsaverage --srclabel /out/sourcedata/freesurfer/fsaverage/label/lh.BA44_exvivo.label --trgsubject sub-v2s18x29508_ses-1 --trglabel ./lh.BA44_exvivo.label --hemi lh --regmethod surface 


srclabel = /out/sourcedata/freesurfer/fsaverage/label/lh.BA44_exvivo.label
srcsubject = fsaverage
trgsubject = sub-v2s18x29508_ses-1
trglabel = ./lh.BA44_exvivo.label
regmethod = surface

srchemi = lh
trghemi = lh
trgsurface = white
srcsurfreg = sphere.reg
trgsurfreg = sphere.reg
usehash = 1
Use ProjAbs  = 0, 0
Use ProjFrac = 0, 0
DoPaint 0

SUBJECTS_DIR    /out/sourcedata/freesurfer
FREESURFER_HOME /opt/freesurfer
Loading source label.
Found 4181 points in source label.
Starting surface-based mapping
Reading source registration 
 /out/sourcedata/freesurfer/fsaverage/surf/lh.sphere.reg
Rescaling ...  original radius = 100
Reading target surface 
 /out/sourcedata/freesurfer/sub-v2s18x29508_ses-1/surf/lh.white
Reading target registration 
 /out/sourcedata/freesurfer/sub-v2s18x29508_ses-1/surf/lh.sphere.reg
Rescaling ...  original radius = 100
Building target registration hash (res=16).
Building source registration hash (res=16).
INFO: found  4181 nlabel points
Performing mapping from target back to the source label 138432
Number of reverse mapping hits = 265
Checking for and removing duplicates
Writing label file ./lh.BA44_exvivo.label 4446
mri_label2label: Done


 mri_label2label --srcsubject fsaverage --srclabel /out/sourcedata/freesurfer/fsaverage/label/lh.BA45_exvivo.label --trgsubject sub-v2s18x29508_ses-1 --trglabel ./lh.BA45_exvivo.label --hemi lh --regmethod surface 


srclabel = /out/sourcedata/freesurfer/fsaverage/label/lh.BA45_exvivo.label
srcsubject = fsaverage
trgsubject = sub-v2s18x29508_ses-1
trglabel = ./lh.BA45_exvivo.label
regmethod = surface

srchemi = lh
trghemi = lh
trgsurface = white
srcsurfreg = sphere.reg
trgsurfreg = sphere.reg
usehash = 1
Use ProjAbs  = 0, 0
Use ProjFrac = 0, 0
DoPaint 0

SUBJECTS_DIR    /out/sourcedata/freesurfer
FREESURFER_HOME /opt/freesurfer
Loading source label.
Found 3422 points in source label.
Starting surface-based mapping
Reading source registration 
 /out/sourcedata/freesurfer/fsaverage/surf/lh.sphere.reg
Rescaling ...  original radius = 100
Reading target surface 
 /out/sourcedata/freesurfer/sub-v2s18x29508_ses-1/surf/lh.white
Reading target registration 
 /out/sourcedata/freesurfer/sub-v2s18x29508_ses-1/surf/lh.sphere.reg
Rescaling ...  original radius = 100
Building target registration hash (res=16).
Building source registration hash (res=16).
INFO: found  3422 nlabel points
Performing mapping from target back to the source label 138432
Number of reverse mapping hits = 575
Checking for and removing duplicates
Writing label file ./lh.BA45_exvivo.label 3997
mri_label2label: Done


 mri_label2label --srcsubject fsaverage --srclabel /out/sourcedata/freesurfer/fsaverage/label/lh.V1_exvivo.label --trgsubject sub-v2s18x29508_ses-1 --trglabel ./lh.V1_exvivo.label --hemi lh --regmethod surface 


srclabel = /out/sourcedata/freesurfer/fsaverage/label/lh.V1_exvivo.label
srcsubject = fsaverage
trgsubject = sub-v2s18x29508_ses-1
trglabel = ./lh.V1_exvivo.label
regmethod = surface

srchemi = lh
trghemi = lh
trgsurface = white
srcsurfreg = sphere.reg
trgsurfreg = sphere.reg
usehash = 1
Use ProjAbs  = 0, 0
Use ProjFrac = 0, 0
DoPaint 0

SUBJECTS_DIR    /out/sourcedata/freesurfer
FREESURFER_HOME /opt/freesurfer
Loading source label.
Found 4641 points in source label.
Starting surface-based mapping
Reading source registration 
 /out/sourcedata/freesurfer/fsaverage/surf/lh.sphere.reg
Rescaling ...  original radius = 100
Reading target surface 
 /out/sourcedata/freesurfer/sub-v2s18x29508_ses-1/surf/lh.white
Reading target registration 
 /out/sourcedata/freesurfer/sub-v2s18x29508_ses-1/surf/lh.sphere.reg
Rescaling ...  original radius = 100
Building target registration hash (res=16).
Building source registration hash (res=16).
INFO: found  4641 nlabel points
Performing mapping from target back to the source label 138432
Number of reverse mapping hits = 477
Checking for and removing duplicates
Writing label file ./lh.V1_exvivo.label 5118
mri_label2label: Done


 mri_label2label --srcsubject fsaverage --srclabel /out/sourcedata/freesurfer/fsaverage/label/lh.V2_exvivo.label --trgsubject sub-v2s18x29508_ses-1 --trglabel ./lh.V2_exvivo.label --hemi lh --regmethod surface 


srclabel = /out/sourcedata/freesurfer/fsaverage/label/lh.V2_exvivo.label
srcsubject = fsaverage
trgsubject = sub-v2s18x29508_ses-1
trglabel = ./lh.V2_exvivo.label
regmethod = surface

srchemi = lh
trghemi = lh
trgsurface = white
srcsurfreg = sphere.reg
trgsurfreg = sphere.reg
usehash = 1
Use ProjAbs  = 0, 0
Use ProjFrac = 0, 0
DoPaint 0

SUBJECTS_DIR    /out/sourcedata/freesurfer
FREESURFER_HOME /opt/freesurfer
Loading source label.
Found 8114 points in source label.
Starting surface-based mapping
Reading source registration 
 /out/sourcedata/freesurfer/fsaverage/surf/lh.sphere.reg
Rescaling ...  original radius = 100
Reading target surface 
 /out/sourcedata/freesurfer/sub-v2s18x29508_ses-1/surf/lh.white
Reading target registration 
 /out/sourcedata/freesurfer/sub-v2s18x29508_ses-1/surf/lh.sphere.reg
Rescaling ...  original radius = 100
Building target registration hash (res=16).
Building source registration hash (res=16).
INFO: found  8114 nlabel points
Performing mapping from target back to the source label 138432
Number of reverse mapping hits = 1536
Checking for and removing duplicates
Writing label file ./lh.V2_exvivo.label 9650
mri_label2label: Done


 mri_label2label --srcsubject fsaverage --srclabel /out/sourcedata/freesurfer/fsaverage/label/lh.MT_exvivo.label --trgsubject sub-v2s18x29508_ses-1 --trglabel ./lh.MT_exvivo.label --hemi lh --regmethod surface 


srclabel = /out/sourcedata/freesurfer/fsaverage/label/lh.MT_exvivo.label
srcsubject = fsaverage
trgsubject = sub-v2s18x29508_ses-1
trglabel = ./lh.MT_exvivo.label
regmethod = surface

srchemi = lh
trghemi = lh
trgsurface = white
srcsurfreg = sphere.reg
trgsurfreg = sphere.reg
usehash = 1
Use ProjAbs  = 0, 0
Use ProjFrac = 0, 0
DoPaint 0

SUBJECTS_DIR    /out/sourcedata/freesurfer
FREESURFER_HOME /opt/freesurfer
Loading source label.
Found 2018 points in source label.
Starting surface-based mapping
Reading source registration 
 /out/sourcedata/freesurfer/fsaverage/surf/lh.sphere.reg
Rescaling ...  original radius = 100
Reading target surface 
 /out/sourcedata/freesurfer/sub-v2s18x29508_ses-1/surf/lh.white
Reading target registration 
 /out/sourcedata/freesurfer/sub-v2s18x29508_ses-1/surf/lh.sphere.reg
Rescaling ...  original radius = 100
Building target registration hash (res=16).
Building source registration hash (res=16).
INFO: found  2018 nlabel points
Performing mapping from target back to the source label 138432
Number of reverse mapping hits = 215
Checking for and removing duplicates
Writing label file ./lh.MT_exvivo.label 2233
mri_label2label: Done


 mri_label2label --srcsubject fsaverage --srclabel /out/sourcedata/freesurfer/fsaverage/label/lh.entorhinal_exvivo.label --trgsubject sub-v2s18x29508_ses-1 --trglabel ./lh.entorhinal_exvivo.label --hemi lh --regmethod surface 


srclabel = /out/sourcedata/freesurfer/fsaverage/label/lh.entorhinal_exvivo.label
srcsubject = fsaverage
trgsubject = sub-v2s18x29508_ses-1
trglabel = ./lh.entorhinal_exvivo.label
regmethod = surface

srchemi = lh
trghemi = lh
trgsurface = white
srcsurfreg = sphere.reg
trgsurfreg = sphere.reg
usehash = 1
Use ProjAbs  = 0, 0
Use ProjFrac = 0, 0
DoPaint 0

SUBJECTS_DIR    /out/sourcedata/freesurfer
FREESURFER_HOME /opt/freesurfer
Loading source label.
Found 1290 points in source label.
Starting surface-based mapping
Reading source registration 
 /out/sourcedata/freesurfer/fsaverage/surf/lh.sphere.reg
Rescaling ...  original radius = 100
Reading target surface 
 /out/sourcedata/freesurfer/sub-v2s18x29508_ses-1/surf/lh.white
Reading target registration 
 /out/sourcedata/freesurfer/sub-v2s18x29508_ses-1/surf/lh.sphere.reg
Rescaling ...  original radius = 100
Building target registration hash (res=16).
Building source registration hash (res=16).
INFO: found  1290 nlabel points
Performing mapping from target back to the source label 138432
Number of reverse mapping hits = 100
Checking for and removing duplicates
Writing label file ./lh.entorhinal_exvivo.label 1390
mri_label2label: Done


 mri_label2label --srcsubject fsaverage --srclabel /out/sourcedata/freesurfer/fsaverage/label/lh.perirhinal_exvivo.label --trgsubject sub-v2s18x29508_ses-1 --trglabel ./lh.perirhinal_exvivo.label --hemi lh --regmethod surface 


srclabel = /out/sourcedata/freesurfer/fsaverage/label/lh.perirhinal_exvivo.label
srcsubject = fsaverage
trgsubject = sub-v2s18x29508_ses-1
trglabel = ./lh.perirhinal_exvivo.label
regmethod = surface

srchemi = lh
trghemi = lh
trgsurface = white
srcsurfreg = sphere.reg
trgsurfreg = sphere.reg
usehash = 1
Use ProjAbs  = 0, 0
Use ProjFrac = 0, 0
DoPaint 0

SUBJECTS_DIR    /out/sourcedata/freesurfer
FREESURFER_HOME /opt/freesurfer
Loading source label.
Found 1199 points in source label.
Starting surface-based mapping
Reading source registration 
 /out/sourcedata/freesurfer/fsaverage/surf/lh.sphere.reg
Rescaling ...  original radius = 100
Reading target surface 
 /out/sourcedata/freesurfer/sub-v2s18x29508_ses-1/surf/lh.white
Reading target registration 
 /out/sourcedata/freesurfer/sub-v2s18x29508_ses-1/surf/lh.sphere.reg
Rescaling ...  original radius = 100
Building target registration hash (res=16).
Building source registration hash (res=16).
INFO: found  1199 nlabel points
Performing mapping from target back to the source label 138432
Number of reverse mapping hits = 117
Checking for and removing duplicates
Writing label file ./lh.perirhinal_exvivo.label 1316
mri_label2label: Done


 mri_label2label --srcsubject fsaverage --srclabel /out/sourcedata/freesurfer/fsaverage/label/lh.FG1.mpm.vpnl.label --trgsubject sub-v2s18x29508_ses-1 --trglabel ./lh.FG1.mpm.vpnl.label --hemi lh --regmethod surface 


srclabel = /out/sourcedata/freesurfer/fsaverage/label/lh.FG1.mpm.vpnl.label
srcsubject = fsaverage
trgsubject = sub-v2s18x29508_ses-1
trglabel = ./lh.FG1.mpm.vpnl.label
regmethod = surface

srchemi = lh
trghemi = lh
trgsurface = white
srcsurfreg = sphere.reg
trgsurfreg = sphere.reg
usehash = 1
Use ProjAbs  = 0, 0
Use ProjFrac = 0, 0
DoPaint 0

SUBJECTS_DIR    /out/sourcedata/freesurfer
FREESURFER_HOME /opt/freesurfer
Loading source label.
Found 414 points in source label.
Starting surface-based mapping
Reading source registration 
 /out/sourcedata/freesurfer/fsaverage/surf/lh.sphere.reg
Rescaling ...  original radius = 100
Reading target surface 
 /out/sourcedata/freesurfer/sub-v2s18x29508_ses-1/surf/lh.white
Reading target registration 
 /out/sourcedata/freesurfer/sub-v2s18x29508_ses-1/surf/lh.sphere.reg
Rescaling ...  original radius = 100
Building target registration hash (res=16).
Building source registration hash (res=16).
INFO: found  414 nlabel points
Performing mapping from target back to the source label 138432
Number of reverse mapping hits = 50
Checking for and removing duplicates
Writing label file ./lh.FG1.mpm.vpnl.label 464
mri_label2label: Done


 mri_label2label --srcsubject fsaverage --srclabel /out/sourcedata/freesurfer/fsaverage/label/lh.FG2.mpm.vpnl.label --trgsubject sub-v2s18x29508_ses-1 --trglabel ./lh.FG2.mpm.vpnl.label --hemi lh --regmethod surface 


srclabel = /out/sourcedata/freesurfer/fsaverage/label/lh.FG2.mpm.vpnl.label
srcsubject = fsaverage
trgsubject = sub-v2s18x29508_ses-1
trglabel = ./lh.FG2.mpm.vpnl.label
regmethod = surface

srchemi = lh
trghemi = lh
trgsurface = white
srcsurfreg = sphere.reg
trgsurfreg = sphere.reg
usehash = 1
Use ProjAbs  = 0, 0
Use ProjFrac = 0, 0
DoPaint 0

SUBJECTS_DIR    /out/sourcedata/freesurfer
FREESURFER_HOME /opt/freesurfer
Loading source label.
Found 703 points in source label.
Starting surface-based mapping
Reading source registration 
 /out/sourcedata/freesurfer/fsaverage/surf/lh.sphere.reg
Rescaling ...  original radius = 100
Reading target surface 
 /out/sourcedata/freesurfer/sub-v2s18x29508_ses-1/surf/lh.white
Reading target registration 
 /out/sourcedata/freesurfer/sub-v2s18x29508_ses-1/surf/lh.sphere.reg
Rescaling ...  original radius = 100
Building target registration hash (res=16).
Building source registration hash (res=16).
INFO: found  703 nlabel points
Performing mapping from target back to the source label 138432
Number of reverse mapping hits = 80
Checking for and removing duplicates
Writing label file ./lh.FG2.mpm.vpnl.label 783
mri_label2label: Done


 mri_label2label --srcsubject fsaverage --srclabel /out/sourcedata/freesurfer/fsaverage/label/lh.FG3.mpm.vpnl.label --trgsubject sub-v2s18x29508_ses-1 --trglabel ./lh.FG3.mpm.vpnl.label --hemi lh --regmethod surface 


srclabel = /out/sourcedata/freesurfer/fsaverage/label/lh.FG3.mpm.vpnl.label
srcsubject = fsaverage
trgsubject = sub-v2s18x29508_ses-1
trglabel = ./lh.FG3.mpm.vpnl.label
regmethod = surface

srchemi = lh
trghemi = lh
trgsurface = white
srcsurfreg = sphere.reg
trgsurfreg = sphere.reg
usehash = 1
Use ProjAbs  = 0, 0
Use ProjFrac = 0, 0
DoPaint 0

SUBJECTS_DIR    /out/sourcedata/freesurfer
FREESURFER_HOME /opt/freesurfer
Loading source label.
Found 1873 points in source label.
Starting surface-based mapping
Reading source registration 
 /out/sourcedata/freesurfer/fsaverage/surf/lh.sphere.reg
Rescaling ...  original radius = 100
Reading target surface 
 /out/sourcedata/freesurfer/sub-v2s18x29508_ses-1/surf/lh.white
Reading target registration 
 /out/sourcedata/freesurfer/sub-v2s18x29508_ses-1/surf/lh.sphere.reg
Rescaling ...  original radius = 100
Building target registration hash (res=16).
Building source registration hash (res=16).
INFO: found  1873 nlabel points
Performing mapping from target back to the source label 138432
Number of reverse mapping hits = 89
Checking for and removing duplicates
Writing label file ./lh.FG3.mpm.vpnl.label 1962
mri_label2label: Done


 mri_label2label --srcsubject fsaverage --srclabel /out/sourcedata/freesurfer/fsaverage/label/lh.FG4.mpm.vpnl.label --trgsubject sub-v2s18x29508_ses-1 --trglabel ./lh.FG4.mpm.vpnl.label --hemi lh --regmethod surface 


srclabel = /out/sourcedata/freesurfer/fsaverage/label/lh.FG4.mpm.vpnl.label
srcsubject = fsaverage
trgsubject = sub-v2s18x29508_ses-1
trglabel = ./lh.FG4.mpm.vpnl.label
regmethod = surface

srchemi = lh
trghemi = lh
trgsurface = white
srcsurfreg = sphere.reg
trgsurfreg = sphere.reg
usehash = 1
Use ProjAbs  = 0, 0
Use ProjFrac = 0, 0
DoPaint 0

SUBJECTS_DIR    /out/sourcedata/freesurfer
FREESURFER_HOME /opt/freesurfer
Loading source label.
Found 2101 points in source label.
Starting surface-based mapping
Reading source registration 
 /out/sourcedata/freesurfer/fsaverage/surf/lh.sphere.reg
Rescaling ...  original radius = 100
Reading target surface 
 /out/sourcedata/freesurfer/sub-v2s18x29508_ses-1/surf/lh.white
Reading target registration 
 /out/sourcedata/freesurfer/sub-v2s18x29508_ses-1/surf/lh.sphere.reg
Rescaling ...  original radius = 100
Building target registration hash (res=16).
Building source registration hash (res=16).
INFO: found  2101 nlabel points
Performing mapping from target back to the source label 138432
Number of reverse mapping hits = 454
Checking for and removing duplicates
Writing label file ./lh.FG4.mpm.vpnl.label 2555
mri_label2label: Done


 mri_label2label --srcsubject fsaverage --srclabel /out/sourcedata/freesurfer/fsaverage/label/lh.hOc1.mpm.vpnl.label --trgsubject sub-v2s18x29508_ses-1 --trglabel ./lh.hOc1.mpm.vpnl.label --hemi lh --regmethod surface 


srclabel = /out/sourcedata/freesurfer/fsaverage/label/lh.hOc1.mpm.vpnl.label
srcsubject = fsaverage
trgsubject = sub-v2s18x29508_ses-1
trglabel = ./lh.hOc1.mpm.vpnl.label
regmethod = surface

srchemi = lh
trghemi = lh
trgsurface = white
srcsurfreg = sphere.reg
trgsurfreg = sphere.reg
usehash = 1
Use ProjAbs  = 0, 0
Use ProjFrac = 0, 0
DoPaint 0

SUBJECTS_DIR    /out/sourcedata/freesurfer
FREESURFER_HOME /opt/freesurfer
Loading source label.
Found 3877 points in source label.
Starting surface-based mapping
Reading source registration 
 /out/sourcedata/freesurfer/fsaverage/surf/lh.sphere.reg
Rescaling ...  original radius = 100
Reading target surface 
 /out/sourcedata/freesurfer/sub-v2s18x29508_ses-1/surf/lh.white
Reading target registration 
 /out/sourcedata/freesurfer/sub-v2s18x29508_ses-1/surf/lh.sphere.reg
Rescaling ...  original radius = 100
Building target registration hash (res=16).
Building source registration hash (res=16).
INFO: found  3877 nlabel points
Performing mapping from target back to the source label 138432
Number of reverse mapping hits = 335
Checking for and removing duplicates
Writing label file ./lh.hOc1.mpm.vpnl.label 4212
mri_label2label: Done


 mri_label2label --srcsubject fsaverage --srclabel /out/sourcedata/freesurfer/fsaverage/label/lh.hOc2.mpm.vpnl.label --trgsubject sub-v2s18x29508_ses-1 --trglabel ./lh.hOc2.mpm.vpnl.label --hemi lh --regmethod surface 


srclabel = /out/sourcedata/freesurfer/fsaverage/label/lh.hOc2.mpm.vpnl.label
srcsubject = fsaverage
trgsubject = sub-v2s18x29508_ses-1
trglabel = ./lh.hOc2.mpm.vpnl.label
regmethod = surface

srchemi = lh
trghemi = lh
trgsurface = white
srcsurfreg = sphere.reg
trgsurfreg = sphere.reg
usehash = 1
Use ProjAbs  = 0, 0
Use ProjFrac = 0, 0
DoPaint 0

SUBJECTS_DIR    /out/sourcedata/freesurfer
FREESURFER_HOME /opt/freesurfer
Loading source label.
Found 2919 points in source label.
Starting surface-based mapping
Reading source registration 
 /out/sourcedata/freesurfer/fsaverage/surf/lh.sphere.reg
Rescaling ...  original radius = 100
Reading target surface 
 /out/sourcedata/freesurfer/sub-v2s18x29508_ses-1/surf/lh.white
Reading target registration 
 /out/sourcedata/freesurfer/sub-v2s18x29508_ses-1/surf/lh.sphere.reg
Rescaling ...  original radius = 100
Building target registration hash (res=16).
Building source registration hash (res=16).
INFO: found  2919 nlabel points
Performing mapping from target back to the source label 138432
Number of reverse mapping hits = 678
Checking for and removing duplicates
Writing label file ./lh.hOc2.mpm.vpnl.label 3597
mri_label2label: Done


 mri_label2label --srcsubject fsaverage --srclabel /out/sourcedata/freesurfer/fsaverage/label/lh.hOc3v.mpm.vpnl.label --trgsubject sub-v2s18x29508_ses-1 --trglabel ./lh.hOc3v.mpm.vpnl.label --hemi lh --regmethod surface 


srclabel = /out/sourcedata/freesurfer/fsaverage/label/lh.hOc3v.mpm.vpnl.label
srcsubject = fsaverage
trgsubject = sub-v2s18x29508_ses-1
trglabel = ./lh.hOc3v.mpm.vpnl.label
regmethod = surface

srchemi = lh
trghemi = lh
trgsurface = white
srcsurfreg = sphere.reg
trgsurfreg = sphere.reg
usehash = 1
Use ProjAbs  = 0, 0
Use ProjFrac = 0, 0
DoPaint 0

SUBJECTS_DIR    /out/sourcedata/freesurfer
FREESURFER_HOME /opt/freesurfer
Loading source label.
Found 1286 points in source label.
Starting surface-based mapping
Reading source registration 
 /out/sourcedata/freesurfer/fsaverage/surf/lh.sphere.reg
Rescaling ...  original radius = 100
Reading target surface 
 /out/sourcedata/freesurfer/sub-v2s18x29508_ses-1/surf/lh.white
Reading target registration 
 /out/sourcedata/freesurfer/sub-v2s18x29508_ses-1/surf/lh.sphere.reg
Rescaling ...  original radius = 100
Building target registration hash (res=16).
Building source registration hash (res=16).
INFO: found  1286 nlabel points
Performing mapping from target back to the source label 138432
Number of reverse mapping hits = 325
Checking for and removing duplicates
Writing label file ./lh.hOc3v.mpm.vpnl.label 1611
mri_label2label: Done


 mri_label2label --srcsubject fsaverage --srclabel /out/sourcedata/freesurfer/fsaverage/label/lh.hOc4v.mpm.vpnl.label --trgsubject sub-v2s18x29508_ses-1 --trglabel ./lh.hOc4v.mpm.vpnl.label --hemi lh --regmethod surface 


srclabel = /out/sourcedata/freesurfer/fsaverage/label/lh.hOc4v.mpm.vpnl.label
srcsubject = fsaverage
trgsubject = sub-v2s18x29508_ses-1
trglabel = ./lh.hOc4v.mpm.vpnl.label
regmethod = surface

srchemi = lh
trghemi = lh
trgsurface = white
srcsurfreg = sphere.reg
trgsurfreg = sphere.reg
usehash = 1
Use ProjAbs  = 0, 0
Use ProjFrac = 0, 0
DoPaint 0

SUBJECTS_DIR    /out/sourcedata/freesurfer
FREESURFER_HOME /opt/freesurfer
Loading source label.
Found 1006 points in source label.
Starting surface-based mapping
Reading source registration 
 /out/sourcedata/freesurfer/fsaverage/surf/lh.sphere.reg
Rescaling ...  original radius = 100
Reading target surface 
 /out/sourcedata/freesurfer/sub-v2s18x29508_ses-1/surf/lh.white
Reading target registration 
 /out/sourcedata/freesurfer/sub-v2s18x29508_ses-1/surf/lh.sphere.reg
Rescaling ...  original radius = 100
Building target registration hash (res=16).
Building source registration hash (res=16).
INFO: found  1006 nlabel points
Performing mapping from target back to the source label 138432
Number of reverse mapping hits = 268
Checking for and removing duplicates
Writing label file ./lh.hOc4v.mpm.vpnl.label 1274
mri_label2label: Done


 mris_label2annot --s sub-v2s18x29508_ses-1 --ctab /opt/freesurfer/average/colortable_vpnl.txt --hemi lh --a mpm.vpnl --maxstatwinner --noverbose --l lh.FG1.mpm.vpnl.label --l lh.FG2.mpm.vpnl.label --l lh.FG3.mpm.vpnl.label --l lh.FG4.mpm.vpnl.label --l lh.hOc1.mpm.vpnl.label --l lh.hOc2.mpm.vpnl.label --l lh.hOc3v.mpm.vpnl.label --l lh.hOc4v.mpm.vpnl.label 

Reading ctab /opt/freesurfer/average/colortable_vpnl.txt
Number of ctab entries 9

7.3.2
cwd /out/sourcedata/freesurfer/sub-v2s18x29508_ses-1/label
cmdline mris_label2annot --s sub-v2s18x29508_ses-1 --ctab /opt/freesurfer/average/colortable_vpnl.txt --hemi lh --a mpm.vpnl --maxstatwinner --noverbose --l lh.FG1.mpm.vpnl.label --l lh.FG2.mpm.vpnl.label --l lh.FG3.mpm.vpnl.label --l lh.FG4.mpm.vpnl.label --l lh.hOc1.mpm.vpnl.label --l lh.hOc2.mpm.vpnl.label --l lh.hOc3v.mpm.vpnl.label --l lh.hOc4v.mpm.vpnl.label 
sysname  Linux
hostname dna054
machine  x86_64
user     oesteban

subject sub-v2s18x29508_ses-1
hemi    lh
SUBJECTS_DIR /out/sourcedata/freesurfer
ColorTable /opt/freesurfer/average/colortable_vpnl.txt
AnnotName  mpm.vpnl
nlables 8
LabelThresh 0 0.000000
Loading /out/sourcedata/freesurfer/sub-v2s18x29508_ses-1/surf/lh.orig
 1 1376057 FG1
 2 16711935 FG2
 3 16711680 FG3
 4 1705837 FG4
 5 25600 hOc1
 6 255 hOc2
 7 16776960 hOc3v
 8 65535 hOc4v
Mapping unhit to unknown
Found 124236 unhit vertices
Writing annot to /out/sourcedata/freesurfer/sub-v2s18x29508_ses-1/label/lh.mpm.vpnl.annot

 mri_label2label --srcsubject fsaverage --srclabel /out/sourcedata/freesurfer/fsaverage/label/lh.BA1_exvivo.thresh.label --trgsubject sub-v2s18x29508_ses-1 --trglabel ./lh.BA1_exvivo.thresh.label --hemi lh --regmethod surface 


srclabel = /out/sourcedata/freesurfer/fsaverage/label/lh.BA1_exvivo.thresh.label
srcsubject = fsaverage
trgsubject = sub-v2s18x29508_ses-1
trglabel = ./lh.BA1_exvivo.thresh.label
regmethod = surface

srchemi = lh
trghemi = lh
trgsurface = white
srcsurfreg = sphere.reg
trgsurfreg = sphere.reg
usehash = 1
Use ProjAbs  = 0, 0
Use ProjFrac = 0, 0
DoPaint 0

SUBJECTS_DIR    /out/sourcedata/freesurfer
FREESURFER_HOME /opt/freesurfer
Loading source label.
Found 1014 points in source label.
Starting surface-based mapping
Reading source registration 
 /out/sourcedata/freesurfer/fsaverage/surf/lh.sphere.reg
Rescaling ...  original radius = 100
Reading target surface 
 /out/sourcedata/freesurfer/sub-v2s18x29508_ses-1/surf/lh.white
Reading target registration 
 /out/sourcedata/freesurfer/sub-v2s18x29508_ses-1/surf/lh.sphere.reg
Rescaling ...  original radius = 100
Building target registration hash (res=16).
Building source registration hash (res=16).
INFO: found  1014 nlabel points
Performing mapping from target back to the source label 138432
Number of reverse mapping hits = 15
Checking for and removing duplicates
Writing label file ./lh.BA1_exvivo.thresh.label 1029
mri_label2label: Done


 mri_label2label --srcsubject fsaverage --srclabel /out/sourcedata/freesurfer/fsaverage/label/lh.BA2_exvivo.thresh.label --trgsubject sub-v2s18x29508_ses-1 --trglabel ./lh.BA2_exvivo.thresh.label --hemi lh --regmethod surface 


srclabel = /out/sourcedata/freesurfer/fsaverage/label/lh.BA2_exvivo.thresh.label
srcsubject = fsaverage
trgsubject = sub-v2s18x29508_ses-1
trglabel = ./lh.BA2_exvivo.thresh.label
regmethod = surface

srchemi = lh
trghemi = lh
trgsurface = white
srcsurfreg = sphere.reg
trgsurfreg = sphere.reg
usehash = 1
Use ProjAbs  = 0, 0
Use ProjFrac = 0, 0
DoPaint 0

SUBJECTS_DIR    /out/sourcedata/freesurfer
FREESURFER_HOME /opt/freesurfer
Loading source label.
Found 2092 points in source label.
Starting surface-based mapping
Reading source registration 
 /out/sourcedata/freesurfer/fsaverage/surf/lh.sphere.reg
Rescaling ...  original radius = 100
Reading target surface 
 /out/sourcedata/freesurfer/sub-v2s18x29508_ses-1/surf/lh.white
Reading target registration 
 /out/sourcedata/freesurfer/sub-v2s18x29508_ses-1/surf/lh.sphere.reg
Rescaling ...  original radius = 100
Building target registration hash (res=16).
Building source registration hash (res=16).
INFO: found  2092 nlabel points
Performing mapping from target back to the source label 138432
Number of reverse mapping hits = 69
Checking for and removing duplicates
Writing label file ./lh.BA2_exvivo.thresh.label 2161
mri_label2label: Done


 mri_label2label --srcsubject fsaverage --srclabel /out/sourcedata/freesurfer/fsaverage/label/lh.BA3a_exvivo.thresh.label --trgsubject sub-v2s18x29508_ses-1 --trglabel ./lh.BA3a_exvivo.thresh.label --hemi lh --regmethod surface 


srclabel = /out/sourcedata/freesurfer/fsaverage/label/lh.BA3a_exvivo.thresh.label
srcsubject = fsaverage
trgsubject = sub-v2s18x29508_ses-1
trglabel = ./lh.BA3a_exvivo.thresh.label
regmethod = surface

srchemi = lh
trghemi = lh
trgsurface = white
srcsurfreg = sphere.reg
trgsurfreg = sphere.reg
usehash = 1
Use ProjAbs  = 0, 0
Use ProjFrac = 0, 0
DoPaint 0

SUBJECTS_DIR    /out/sourcedata/freesurfer
FREESURFER_HOME /opt/freesurfer
Loading source label.
Found 1504 points in source label.
Starting surface-based mapping
Reading source registration 
 /out/sourcedata/freesurfer/fsaverage/surf/lh.sphere.reg
Rescaling ...  original radius = 100
Reading target surface 
 /out/sourcedata/freesurfer/sub-v2s18x29508_ses-1/surf/lh.white
Reading target registration 
 /out/sourcedata/freesurfer/sub-v2s18x29508_ses-1/surf/lh.sphere.reg
Rescaling ...  original radius = 100
Building target registration hash (res=16).
Building source registration hash (res=16).
INFO: found  1504 nlabel points
Performing mapping from target back to the source label 138432
Number of reverse mapping hits = 9
Checking for and removing duplicates
Writing label file ./lh.BA3a_exvivo.thresh.label 1513
mri_label2label: Done


 mri_label2label --srcsubject fsaverage --srclabel /out/sourcedata/freesurfer/fsaverage/label/lh.BA3b_exvivo.thresh.label --trgsubject sub-v2s18x29508_ses-1 --trglabel ./lh.BA3b_exvivo.thresh.label --hemi lh --regmethod surface 


srclabel = /out/sourcedata/freesurfer/fsaverage/label/lh.BA3b_exvivo.thresh.label
srcsubject = fsaverage
trgsubject = sub-v2s18x29508_ses-1
trglabel = ./lh.BA3b_exvivo.thresh.label
regmethod = surface

srchemi = lh
trghemi = lh
trgsurface = white
srcsurfreg = sphere.reg
trgsurfreg = sphere.reg
usehash = 1
Use ProjAbs  = 0, 0
Use ProjFrac = 0, 0
DoPaint 0

SUBJECTS_DIR    /out/sourcedata/freesurfer
FREESURFER_HOME /opt/freesurfer
Loading source label.
Found 1996 points in source label.
Starting surface-based mapping
Reading source registration 
 /out/sourcedata/freesurfer/fsaverage/surf/lh.sphere.reg
Rescaling ...  original radius = 100
Reading target surface 
 /out/sourcedata/freesurfer/sub-v2s18x29508_ses-1/surf/lh.white
Reading target registration 
 /out/sourcedata/freesurfer/sub-v2s18x29508_ses-1/surf/lh.sphere.reg
Rescaling ...  original radius = 100
Building target registration hash (res=16).
Building source registration hash (res=16).
INFO: found  1996 nlabel points
Performing mapping from target back to the source label 138432
Number of reverse mapping hits = 37
Checking for and removing duplicates
Writing label file ./lh.BA3b_exvivo.thresh.label 2033
mri_label2label: Done


 mri_label2label --srcsubject fsaverage --srclabel /out/sourcedata/freesurfer/fsaverage/label/lh.BA4a_exvivo.thresh.label --trgsubject sub-v2s18x29508_ses-1 --trglabel ./lh.BA4a_exvivo.thresh.label --hemi lh --regmethod surface 


srclabel = /out/sourcedata/freesurfer/fsaverage/label/lh.BA4a_exvivo.thresh.label
srcsubject = fsaverage
trgsubject = sub-v2s18x29508_ses-1
trglabel = ./lh.BA4a_exvivo.thresh.label
regmethod = surface

srchemi = lh
trghemi = lh
trgsurface = white
srcsurfreg = sphere.reg
trgsurfreg = sphere.reg
usehash = 1
Use ProjAbs  = 0, 0
Use ProjFrac = 0, 0
DoPaint 0

SUBJECTS_DIR    /out/sourcedata/freesurfer
FREESURFER_HOME /opt/freesurfer
Loading source label.
Found 2319 points in source label.
Starting surface-based mapping
Reading source registration 
 /out/sourcedata/freesurfer/fsaverage/surf/lh.sphere.reg
Rescaling ...  original radius = 100
Reading target surface 
 /out/sourcedata/freesurfer/sub-v2s18x29508_ses-1/surf/lh.white
Reading target registration 
 /out/sourcedata/freesurfer/sub-v2s18x29508_ses-1/surf/lh.sphere.reg
Rescaling ...  original radius = 100
Building target registration hash (res=16).
Building source registration hash (res=16).
INFO: found  2319 nlabel points
Performing mapping from target back to the source label 138432
Number of reverse mapping hits = 145
Checking for and removing duplicates
Writing label file ./lh.BA4a_exvivo.thresh.label 2464
mri_label2label: Done


 mri_label2label --srcsubject fsaverage --srclabel /out/sourcedata/freesurfer/fsaverage/label/lh.BA4p_exvivo.thresh.label --trgsubject sub-v2s18x29508_ses-1 --trglabel ./lh.BA4p_exvivo.thresh.label --hemi lh --regmethod surface 


srclabel = /out/sourcedata/freesurfer/fsaverage/label/lh.BA4p_exvivo.thresh.label
srcsubject = fsaverage
trgsubject = sub-v2s18x29508_ses-1
trglabel = ./lh.BA4p_exvivo.thresh.label
regmethod = surface

srchemi = lh
trghemi = lh
trgsurface = white
srcsurfreg = sphere.reg
trgsurfreg = sphere.reg
usehash = 1
Use ProjAbs  = 0, 0
Use ProjFrac = 0, 0
DoPaint 0

SUBJECTS_DIR    /out/sourcedata/freesurfer
FREESURFER_HOME /opt/freesurfer
Loading source label.
Found 1549 points in source label.
Starting surface-based mapping
Reading source registration 
 /out/sourcedata/freesurfer/fsaverage/surf/lh.sphere.reg
Rescaling ...  original radius = 100
Reading target surface 
 /out/sourcedata/freesurfer/sub-v2s18x29508_ses-1/surf/lh.white
Reading target registration 
 /out/sourcedata/freesurfer/sub-v2s18x29508_ses-1/surf/lh.sphere.reg
Rescaling ...  original radius = 100
Building target registration hash (res=16).
Building source registration hash (res=16).
INFO: found  1549 nlabel points
Performing mapping from target back to the source label 138432
Number of reverse mapping hits = 31
Checking for and removing duplicates
Writing label file ./lh.BA4p_exvivo.thresh.label 1580
mri_label2label: Done


 mri_label2label --srcsubject fsaverage --srclabel /out/sourcedata/freesurfer/fsaverage/label/lh.BA6_exvivo.thresh.label --trgsubject sub-v2s18x29508_ses-1 --trglabel ./lh.BA6_exvivo.thresh.label --hemi lh --regmethod surface 


srclabel = /out/sourcedata/freesurfer/fsaverage/label/lh.BA6_exvivo.thresh.label
srcsubject = fsaverage
trgsubject = sub-v2s18x29508_ses-1
trglabel = ./lh.BA6_exvivo.thresh.label
regmethod = surface

srchemi = lh
trghemi = lh
trgsurface = white
srcsurfreg = sphere.reg
trgsurfreg = sphere.reg
usehash = 1
Use ProjAbs  = 0, 0
Use ProjFrac = 0, 0
DoPaint 0

SUBJECTS_DIR    /out/sourcedata/freesurfer
FREESURFER_HOME /opt/freesurfer
Loading source label.
Found 7035 points in source label.
Starting surface-based mapping
Reading source registration 
 /out/sourcedata/freesurfer/fsaverage/surf/lh.sphere.reg
Rescaling ...  original radius = 100
Reading target surface 
 /out/sourcedata/freesurfer/sub-v2s18x29508_ses-1/surf/lh.white
Reading target registration 
 /out/sourcedata/freesurfer/sub-v2s18x29508_ses-1/surf/lh.sphere.reg
Rescaling ...  original radius = 100
Building target registration hash (res=16).
Building source registration hash (res=16).
INFO: found  7035 nlabel points
Performing mapping from target back to the source label 138432
Number of reverse mapping hits = 480
Checking for and removing duplicates
Writing label file ./lh.BA6_exvivo.thresh.label 7515
mri_label2label: Done


 mri_label2label --srcsubject fsaverage --srclabel /out/sourcedata/freesurfer/fsaverage/label/lh.BA44_exvivo.thresh.label --trgsubject sub-v2s18x29508_ses-1 --trglabel ./lh.BA44_exvivo.thresh.label --hemi lh --regmethod surface 


srclabel = /out/sourcedata/freesurfer/fsaverage/label/lh.BA44_exvivo.thresh.label
srcsubject = fsaverage
trgsubject = sub-v2s18x29508_ses-1
trglabel = ./lh.BA44_exvivo.thresh.label
regmethod = surface

srchemi = lh
trghemi = lh
trgsurface = white
srcsurfreg = sphere.reg
trgsurfreg = sphere.reg
usehash = 1
Use ProjAbs  = 0, 0
Use ProjFrac = 0, 0
DoPaint 0

SUBJECTS_DIR    /out/sourcedata/freesurfer
FREESURFER_HOME /opt/freesurfer
Loading source label.
Found 1912 points in source label.
Starting surface-based mapping
Reading source registration 
 /out/sourcedata/freesurfer/fsaverage/surf/lh.sphere.reg
Rescaling ...  original radius = 100
Reading target surface 
 /out/sourcedata/freesurfer/sub-v2s18x29508_ses-1/surf/lh.white
Reading target registration 
 /out/sourcedata/freesurfer/sub-v2s18x29508_ses-1/surf/lh.sphere.reg
Rescaling ...  original radius = 100
Building target registration hash (res=16).
Building source registration hash (res=16).
INFO: found  1912 nlabel points
Performing mapping from target back to the source label 138432
Number of reverse mapping hits = 99
Checking for and removing duplicates
Writing label file ./lh.BA44_exvivo.thresh.label 2011
mri_label2label: Done


 mri_label2label --srcsubject fsaverage --srclabel /out/sourcedata/freesurfer/fsaverage/label/lh.BA45_exvivo.thresh.label --trgsubject sub-v2s18x29508_ses-1 --trglabel ./lh.BA45_exvivo.thresh.label --hemi lh --regmethod surface 


srclabel = /out/sourcedata/freesurfer/fsaverage/label/lh.BA45_exvivo.thresh.label
srcsubject = fsaverage
trgsubject = sub-v2s18x29508_ses-1
trglabel = ./lh.BA45_exvivo.thresh.label
regmethod = surface

srchemi = lh
trghemi = lh
trgsurface = white
srcsurfreg = sphere.reg
trgsurfreg = sphere.reg
usehash = 1
Use ProjAbs  = 0, 0
Use ProjFrac = 0, 0
DoPaint 0

SUBJECTS_DIR    /out/sourcedata/freesurfer
FREESURFER_HOME /opt/freesurfer
Loading source label.
Found 1151 points in source label.
Starting surface-based mapping
Reading source registration 
 /out/sourcedata/freesurfer/fsaverage/surf/lh.sphere.reg
Rescaling ...  original radius = 100
Reading target surface 
 /out/sourcedata/freesurfer/sub-v2s18x29508_ses-1/surf/lh.white
Reading target registration 
 /out/sourcedata/freesurfer/sub-v2s18x29508_ses-1/surf/lh.sphere.reg
Rescaling ...  original radius = 100
Building target registration hash (res=16).
Building source registration hash (res=16).
INFO: found  1151 nlabel points
Performing mapping from target back to the source label 138432
Number of reverse mapping hits = 221
Checking for and removing duplicates
Writing label file ./lh.BA45_exvivo.thresh.label 1372
mri_label2label: Done


 mri_label2label --srcsubject fsaverage --srclabel /out/sourcedata/freesurfer/fsaverage/label/lh.V1_exvivo.thresh.label --trgsubject sub-v2s18x29508_ses-1 --trglabel ./lh.V1_exvivo.thresh.label --hemi lh --regmethod surface 


srclabel = /out/sourcedata/freesurfer/fsaverage/label/lh.V1_exvivo.thresh.label
srcsubject = fsaverage
trgsubject = sub-v2s18x29508_ses-1
trglabel = ./lh.V1_exvivo.thresh.label
regmethod = surface

srchemi = lh
trghemi = lh
trgsurface = white
srcsurfreg = sphere.reg
trgsurfreg = sphere.reg
usehash = 1
Use ProjAbs  = 0, 0
Use ProjFrac = 0, 0
DoPaint 0

SUBJECTS_DIR    /out/sourcedata/freesurfer
FREESURFER_HOME /opt/freesurfer
Loading source label.
Found 3405 points in source label.
Starting surface-based mapping
Reading source registration 
 /out/sourcedata/freesurfer/fsaverage/surf/lh.sphere.reg
Rescaling ...  original radius = 100
Reading target surface 
 /out/sourcedata/freesurfer/sub-v2s18x29508_ses-1/surf/lh.white
Reading target registration 
 /out/sourcedata/freesurfer/sub-v2s18x29508_ses-1/surf/lh.sphere.reg
Rescaling ...  original radius = 100
Building target registration hash (res=16).
Building source registration hash (res=16).
INFO: found  3405 nlabel points
Performing mapping from target back to the source label 138432
Number of reverse mapping hits = 285
Checking for and removing duplicates
Writing label file ./lh.V1_exvivo.thresh.label 3690
mri_label2label: Done


 mri_label2label --srcsubject fsaverage --srclabel /out/sourcedata/freesurfer/fsaverage/label/lh.V2_exvivo.thresh.label --trgsubject sub-v2s18x29508_ses-1 --trglabel ./lh.V2_exvivo.thresh.label --hemi lh --regmethod surface 


srclabel = /out/sourcedata/freesurfer/fsaverage/label/lh.V2_exvivo.thresh.label
srcsubject = fsaverage
trgsubject = sub-v2s18x29508_ses-1
trglabel = ./lh.V2_exvivo.thresh.label
regmethod = surface

srchemi = lh
trghemi = lh
trgsurface = white
srcsurfreg = sphere.reg
trgsurfreg = sphere.reg
usehash = 1
Use ProjAbs  = 0, 0
Use ProjFrac = 0, 0
DoPaint 0

SUBJECTS_DIR    /out/sourcedata/freesurfer
FREESURFER_HOME /opt/freesurfer
Loading source label.
Found 3334 points in source label.
Starting surface-based mapping
Reading source registration 
 /out/sourcedata/freesurfer/fsaverage/surf/lh.sphere.reg
Rescaling ...  original radius = 100
Reading target surface 
 /out/sourcedata/freesurfer/sub-v2s18x29508_ses-1/surf/lh.white
Reading target registration 
 /out/sourcedata/freesurfer/sub-v2s18x29508_ses-1/surf/lh.sphere.reg
Rescaling ...  original radius = 100
Building target registration hash (res=16).
Building source registration hash (res=16).
INFO: found  3334 nlabel points
Performing mapping from target back to the source label 138432
Number of reverse mapping hits = 720
Checking for and removing duplicates
Writing label file ./lh.V2_exvivo.thresh.label 4054
mri_label2label: Done


 mri_label2label --srcsubject fsaverage --srclabel /out/sourcedata/freesurfer/fsaverage/label/lh.MT_exvivo.thresh.label --trgsubject sub-v2s18x29508_ses-1 --trglabel ./lh.MT_exvivo.thresh.label --hemi lh --regmethod surface 


srclabel = /out/sourcedata/freesurfer/fsaverage/label/lh.MT_exvivo.thresh.label
srcsubject = fsaverage
trgsubject = sub-v2s18x29508_ses-1
trglabel = ./lh.MT_exvivo.thresh.label
regmethod = surface

srchemi = lh
trghemi = lh
trgsurface = white
srcsurfreg = sphere.reg
trgsurfreg = sphere.reg
usehash = 1
Use ProjAbs  = 0, 0
Use ProjFrac = 0, 0
DoPaint 0

SUBJECTS_DIR    /out/sourcedata/freesurfer
FREESURFER_HOME /opt/freesurfer
Loading source label.
Found 513 points in source label.
Starting surface-based mapping
Reading source registration 
 /out/sourcedata/freesurfer/fsaverage/surf/lh.sphere.reg
Rescaling ...  original radius = 100
Reading target surface 
 /out/sourcedata/freesurfer/sub-v2s18x29508_ses-1/surf/lh.white
Reading target registration 
 /out/sourcedata/freesurfer/sub-v2s18x29508_ses-1/surf/lh.sphere.reg
Rescaling ...  original radius = 100
Building target registration hash (res=16).
Building source registration hash (res=16).
INFO: found  513 nlabel points
Performing mapping from target back to the source label 138432
Number of reverse mapping hits = 55
Checking for and removing duplicates
Writing label file ./lh.MT_exvivo.thresh.label 568
mri_label2label: Done


 mri_label2label --srcsubject fsaverage --srclabel /out/sourcedata/freesurfer/fsaverage/label/lh.entorhinal_exvivo.thresh.label --trgsubject sub-v2s18x29508_ses-1 --trglabel ./lh.entorhinal_exvivo.thresh.label --hemi lh --regmethod surface 


srclabel = /out/sourcedata/freesurfer/fsaverage/label/lh.entorhinal_exvivo.thresh.label
srcsubject = fsaverage
trgsubject = sub-v2s18x29508_ses-1
trglabel = ./lh.entorhinal_exvivo.thresh.label
regmethod = surface

srchemi = lh
trghemi = lh
trgsurface = white
srcsurfreg = sphere.reg
trgsurfreg = sphere.reg
usehash = 1
Use ProjAbs  = 0, 0
Use ProjFrac = 0, 0
DoPaint 0

SUBJECTS_DIR    /out/sourcedata/freesurfer
FREESURFER_HOME /opt/freesurfer
Loading source label.
Found 470 points in source label.
Starting surface-based mapping
Reading source registration 
 /out/sourcedata/freesurfer/fsaverage/surf/lh.sphere.reg
Rescaling ...  original radius = 100
Reading target surface 
 /out/sourcedata/freesurfer/sub-v2s18x29508_ses-1/surf/lh.white
Reading target registration 
 /out/sourcedata/freesurfer/sub-v2s18x29508_ses-1/surf/lh.sphere.reg
Rescaling ...  original radius = 100
Building target registration hash (res=16).
Building source registration hash (res=16).
INFO: found  470 nlabel points
Performing mapping from target back to the source label 138432
Number of reverse mapping hits = 35
Checking for and removing duplicates
Writing label file ./lh.entorhinal_exvivo.thresh.label 505
mri_label2label: Done


 mri_label2label --srcsubject fsaverage --srclabel /out/sourcedata/freesurfer/fsaverage/label/lh.perirhinal_exvivo.thresh.label --trgsubject sub-v2s18x29508_ses-1 --trglabel ./lh.perirhinal_exvivo.thresh.label --hemi lh --regmethod surface 


srclabel = /out/sourcedata/freesurfer/fsaverage/label/lh.perirhinal_exvivo.thresh.label
srcsubject = fsaverage
trgsubject = sub-v2s18x29508_ses-1
trglabel = ./lh.perirhinal_exvivo.thresh.label
regmethod = surface

srchemi = lh
trghemi = lh
trgsurface = white
srcsurfreg = sphere.reg
trgsurfreg = sphere.reg
usehash = 1
Use ProjAbs  = 0, 0
Use ProjFrac = 0, 0
DoPaint 0

SUBJECTS_DIR    /out/sourcedata/freesurfer
FREESURFER_HOME /opt/freesurfer
Loading source label.
Found 450 points in source label.
Starting surface-based mapping
Reading source registration 
 /out/sourcedata/freesurfer/fsaverage/surf/lh.sphere.reg
Rescaling ...  original radius = 100
Reading target surface 
 /out/sourcedata/freesurfer/sub-v2s18x29508_ses-1/surf/lh.white
Reading target registration 
 /out/sourcedata/freesurfer/sub-v2s18x29508_ses-1/surf/lh.sphere.reg
Rescaling ...  original radius = 100
Building target registration hash (res=16).
Building source registration hash (res=16).
INFO: found  450 nlabel points
Performing mapping from target back to the source label 138432
Number of reverse mapping hits = 53
Checking for and removing duplicates
Writing label file ./lh.perirhinal_exvivo.thresh.label 503
mri_label2label: Done


 mris_label2annot --s sub-v2s18x29508_ses-1 --hemi lh --ctab /opt/freesurfer/average/colortable_BA.txt --l lh.BA1_exvivo.label --l lh.BA2_exvivo.label --l lh.BA3a_exvivo.label --l lh.BA3b_exvivo.label --l lh.BA4a_exvivo.label --l lh.BA4p_exvivo.label --l lh.BA6_exvivo.label --l lh.BA44_exvivo.label --l lh.BA45_exvivo.label --l lh.V1_exvivo.label --l lh.V2_exvivo.label --l lh.MT_exvivo.label --l lh.perirhinal_exvivo.label --l lh.entorhinal_exvivo.label --a BA_exvivo --maxstatwinner --noverbose 

Reading ctab /opt/freesurfer/average/colortable_BA.txt
Number of ctab entries 15

7.3.2
cwd /out/sourcedata/freesurfer/sub-v2s18x29508_ses-1/label
cmdline mris_label2annot --s sub-v2s18x29508_ses-1 --hemi lh --ctab /opt/freesurfer/average/colortable_BA.txt --l lh.BA1_exvivo.label --l lh.BA2_exvivo.label --l lh.BA3a_exvivo.label --l lh.BA3b_exvivo.label --l lh.BA4a_exvivo.label --l lh.BA4p_exvivo.label --l lh.BA6_exvivo.label --l lh.BA44_exvivo.label --l lh.BA45_exvivo.label --l lh.V1_exvivo.label --l lh.V2_exvivo.label --l lh.MT_exvivo.label --l lh.perirhinal_exvivo.label --l lh.entorhinal_exvivo.label --a BA_exvivo --maxstatwinner --noverbose 
sysname  Linux
hostname dna054
machine  x86_64
user     oesteban

subject sub-v2s18x29508_ses-1
hemi    lh
SUBJECTS_DIR /out/sourcedata/freesurfer
ColorTable /opt/freesurfer/average/colortable_BA.txt
AnnotName  BA_exvivo
nlables 14
LabelThresh 0 0.000000
Loading /out/sourcedata/freesurfer/sub-v2s18x29508_ses-1/surf/lh.orig
 1 1530880 BA1_exvivo
 2 16749699 BA2_exvivo
 3 16711680 BA3a_exvivo
 4 3368703 BA3b_exvivo
 5 1376196 BA4a_exvivo
 6 13382655 BA4p_exvivo
 7 10036737 BA6_exvivo
 8 2490521 BA44_exvivo
 9 39283 BA45_exvivo
10 3993 V1_exvivo
11 8508928 V2_exvivo
12 10027163 MT_exvivo
13 16422433 perirhinal_exvivo
14 16392598 entorhinal_exvivo
Mapping unhit to unknown
Found 96391 unhit vertices
Writing annot to /out/sourcedata/freesurfer/sub-v2s18x29508_ses-1/label/lh.BA_exvivo.annot

 mris_label2annot --s sub-v2s18x29508_ses-1 --hemi lh --ctab /opt/freesurfer/average/colortable_BA.txt --l lh.BA1_exvivo.thresh.label --l lh.BA2_exvivo.thresh.label --l lh.BA3a_exvivo.thresh.label --l lh.BA3b_exvivo.thresh.label --l lh.BA4a_exvivo.thresh.label --l lh.BA4p_exvivo.thresh.label --l lh.BA6_exvivo.thresh.label --l lh.BA44_exvivo.thresh.label --l lh.BA45_exvivo.thresh.label --l lh.V1_exvivo.thresh.label --l lh.V2_exvivo.thresh.label --l lh.MT_exvivo.thresh.label --l lh.perirhinal_exvivo.thresh.label --l lh.entorhinal_exvivo.thresh.label --a BA_exvivo.thresh --maxstatwinner --noverbose 

Reading ctab /opt/freesurfer/average/colortable_BA.txt
Number of ctab entries 15

7.3.2
cwd /out/sourcedata/freesurfer/sub-v2s18x29508_ses-1/label
cmdline mris_label2annot --s sub-v2s18x29508_ses-1 --hemi lh --ctab /opt/freesurfer/average/colortable_BA.txt --l lh.BA1_exvivo.thresh.label --l lh.BA2_exvivo.thresh.label --l lh.BA3a_exvivo.thresh.label --l lh.BA3b_exvivo.thresh.label --l lh.BA4a_exvivo.thresh.label --l lh.BA4p_exvivo.thresh.label --l lh.BA6_exvivo.thresh.label --l lh.BA44_exvivo.thresh.label --l lh.BA45_exvivo.thresh.label --l lh.V1_exvivo.thresh.label --l lh.V2_exvivo.thresh.label --l lh.MT_exvivo.thresh.label --l lh.perirhinal_exvivo.thresh.label --l lh.entorhinal_exvivo.thresh.label --a BA_exvivo.thresh --maxstatwinner --noverbose 
sysname  Linux
hostname dna054
machine  x86_64
user     oesteban

subject sub-v2s18x29508_ses-1
hemi    lh
SUBJECTS_DIR /out/sourcedata/freesurfer
ColorTable /opt/freesurfer/average/colortable_BA.txt
AnnotName  BA_exvivo.thresh
nlables 14
LabelThresh 0 0.000000
Loading /out/sourcedata/freesurfer/sub-v2s18x29508_ses-1/surf/lh.orig
 1 1530880 BA1_exvivo
 2 16749699 BA2_exvivo
 3 16711680 BA3a_exvivo
 4 3368703 BA3b_exvivo
 5 1376196 BA4a_exvivo
 6 13382655 BA4p_exvivo
 7 10036737 BA6_exvivo
 8 2490521 BA44_exvivo
 9 39283 BA45_exvivo
10 3993 V1_exvivo
11 8508928 V2_exvivo
12 10027163 MT_exvivo
13 16422433 perirhinal_exvivo
14 16392598 entorhinal_exvivo
Mapping unhit to unknown
Found 114434 unhit vertices
Writing annot to /out/sourcedata/freesurfer/sub-v2s18x29508_ses-1/label/lh.BA_exvivo.thresh.annot

 mris_anatomical_stats -th3 -mgz -noglobal -f ../stats/lh.BA_exvivo.stats -b -a ./lh.BA_exvivo.annot -c ./BA_exvivo.ctab sub-v2s18x29508_ses-1 lh white 

computing statistics for each annotation in ./lh.BA_exvivo.annot.
reading volume /out/sourcedata/freesurfer/sub-v2s18x29508_ses-1/mri/wm.mgz...
reading input surface /out/sourcedata/freesurfer/sub-v2s18x29508_ses-1/surf/lh.white...
reading input pial surface /out/sourcedata/freesurfer/sub-v2s18x29508_ses-1/surf/lh.pial...
reading input white surface /out/sourcedata/freesurfer/sub-v2s18x29508_ses-1/surf/lh.white...
INFO: using TH3 volume calc
INFO: assuming MGZ format for volumes.
INFO: not computing global stats
Using TH3 vertex volume calc
Total face volume 269760
Total vertex volume 269525 (mask=0)
Saving annotation colortable ./BA_exvivo.ctab

table columns are:
    number of vertices
    total surface area (mm^2)
    total gray matter volume (mm^3)
    average cortical thickness +- standard deviation (mm)
    integrated rectified mean curvature
    integrated rectified Gaussian curvature
    folding index
    intrinsic curvature index
    structure name

 1132    719   2035  2.181 0.605     0.127     0.028       17     1.1  BA1_exvivo
 4602   3122   7909  2.354 0.594     0.116     0.022       52     3.9  BA2_exvivo
 1072    696   1061  2.045 0.481     0.123     0.024        8     1.0  BA3a_exvivo
 2402   1588   3666  2.095 0.873     0.097     0.017       17     1.9  BA3b_exvivo
 1963   1190   4346  2.975 0.598     0.093     0.018       12     1.6  BA4a_exvivo
 1400    906   2298  2.660 0.431     0.081     0.015        5     0.9  BA4p_exvivo
10195   7086  24254  2.864 0.605     0.112     0.021       93     8.8  BA6_exvivo
 2646   1781   5777  2.943 0.454     0.099     0.017       21     2.0  BA44_exvivo
 3157   2227   6601  2.442 0.646     0.114     0.022       32     2.9  BA45_exvivo
 2810   2158   4089  1.955 0.615     0.151     0.036       40     4.1  V1_exvivo
 7261   5217  12283  2.228 0.579     0.142     0.031       95     9.5  V2_exvivo
 1920   1372   3605  2.360 0.494     0.122     0.021       22     1.9  MT_exvivo
  800    595   2484  3.379 0.740     0.143     0.037       12     1.2  perirhinal_exvivo
  681    410   2130  3.327 1.229     0.084     0.021        5     0.5  entorhinal_exvivo

 mris_anatomical_stats -th3 -mgz -f ../stats/lh.BA_exvivo.thresh.stats -noglobal -b -a ./lh.BA_exvivo.thresh.annot -c ./BA_exvivo.thresh.ctab sub-v2s18x29508_ses-1 lh white 

computing statistics for each annotation in ./lh.BA_exvivo.thresh.annot.
reading volume /out/sourcedata/freesurfer/sub-v2s18x29508_ses-1/mri/wm.mgz...
reading input surface /out/sourcedata/freesurfer/sub-v2s18x29508_ses-1/surf/lh.white...
reading input pial surface /out/sourcedata/freesurfer/sub-v2s18x29508_ses-1/surf/lh.pial...
reading input white surface /out/sourcedata/freesurfer/sub-v2s18x29508_ses-1/surf/lh.white...
INFO: using TH3 volume calc
INFO: assuming MGZ format for volumes.
INFO: not computing global stats
Using TH3 vertex volume calc
Total face volume 269760
Total vertex volume 269525 (mask=0)
Saving annotation colortable ./BA_exvivo.thresh.ctab

table columns are:
    number of vertices
    total surface area (mm^2)
    total gray matter volume (mm^3)
    average cortical thickness +- standard deviation (mm)
    integrated rectified mean curvature
    integrated rectified Gaussian curvature
    folding index
    intrinsic curvature index
    structure name

  637    402   1210  2.243 0.471     0.132     0.029       10     0.8  BA1_exvivo
 1600   1053   2254  2.121 0.492     0.103     0.016       14     1.0  BA2_exvivo
  914    586    838  1.999 0.452     0.126     0.023        7     0.9  BA3a_exvivo
 1406    934   1567  1.622 0.365     0.078     0.014        6     0.8  BA3b_exvivo
 1853   1165   4114  2.972 0.586     0.084     0.016        8     1.3  BA4a_exvivo
 1114    724   1778  2.610 0.462     0.084     0.018        4     0.9  BA4p_exvivo
 5725   3877  13099  2.860 0.593     0.109     0.021       48     5.0  BA6_exvivo
 1620   1098   3715  2.962 0.426     0.095     0.017       13     1.1  BA44_exvivo
 1244    905   3280  2.704 0.658     0.131     0.026       17     1.3  BA45_exvivo
 2996   2312   4548  1.960 0.632     0.147     0.035       41     4.3  V1_exvivo
 3613   2669   5754  2.066 0.539     0.152     0.033       51     5.2  V2_exvivo
  504    366    929  2.261 0.503     0.120     0.020        6     0.4  MT_exvivo
  344    244   1228  3.671 0.529     0.140     0.040        7     0.5  perirhinal_exvivo
  428    263   1459  3.921 0.582     0.066     0.015        1     0.2  entorhinal_exvivo

Started at Wed Mar 11 16:19:04 CET 2026 
Ended   at Wed Mar 11 16:22:31 CET 2026
#@#%# recon-all-run-time-hours 0.058
recon-all -s sub-v2s18x29508_ses-1 finished without error at Wed Mar 11 16:22:31 CET 2026
