
Wed Mar 11 16:19:27 CET 2026
cd /out/sourcedata/freesurfer/sub-v2s18x29514_ses-1
setenv SUBJECTS_DIR /out/sourcedata/freesurfer
/opt/freesurfer/bin/recon-all -autorecon-hemi rh -noparcstats -noparcstats2 -noparcstats3 -nohyporelabel -nobalabels -rh-only -openmp 16 -subjid sub-v2s18x29514_ses-1 -sd /out/sourcedata/freesurfer

subjid sub-v2s18x29514_ses-1
setenv SUBJECTS_DIR /out/sourcedata/freesurfer
FREESURFER_HOME /opt/freesurfer
Actual FREESURFER_HOME /opt/freesurfer
build-stamp.txt: freesurfer-linux-ubuntu22_x86_64-7.3.2-20220804-6354275
Linux dna056 5.14.0-427.37.1.el9_4.x86_64 #1 SMP PREEMPT_DYNAMIC Fri Sep 13 12:41:50 EDT 2024 x86_64 x86_64 x86_64 GNU/Linux
cputime      unlimited
filesize     unlimited
datasize     unlimited
stacksize    8192 kbytes
coredumpsize 0 kbytes
memoryuse    67108864 kbytes
vmemoryuse   unlimited
descriptors  1024 
memorylocked unlimited
maxproc      2061970 
maxlocks     unlimited
maxsignal    2061970 
maxmessage   819200 
maxnice      0 
maxrtprio    0 
maxrttime    unlimited

               total        used        free      shared  buff/cache   available
Mem:           503Gi       131Gi       344Gi       9.3Gi        27Gi       359Gi
Swap:             0B          0B          0B

########################################
program versions used
7.3.2 (freesurfer-linux-ubuntu22_x86_64-7.3.2-20220804-6354275)
7.3.2

ProgramName: lta_convert  ProgramArguments: lta_convert -all-info  ProgramVersion: 7.3.2  TimeStamp: 2026/03/11-15:19:27-GMT  BuildTime: Aug  4 2022 06:17:15  BuildStamp: freesurfer-linux-ubuntu22_x86_64-7.3.2-20220804-6354275  User: oesteban  Machine: dna056  Platform: Linux  PlatformVersion: 5.14.0-427.37.1.el9_4.x86_64  CompilerName: GCC  CompilerVersion: 8.4.0
ProgramName: mri_and  ProgramArguments: mri_and -all-info  ProgramVersion: 7.3.2  TimeStamp: 2026/03/11-15:19:27-GMT  BuildTime: Aug  4 2022 06:17:15  BuildStamp: freesurfer-linux-ubuntu22_x86_64-7.3.2-20220804-6354275  User: oesteban  Machine: dna056  Platform: Linux  PlatformVersion: 5.14.0-427.37.1.el9_4.x86_64  CompilerName: GCC  CompilerVersion: 8.4.0
ProgramName: mri_annotation2label  ProgramArguments: mri_annotation2label -all-info  ProgramVersion: 7.3.2  TimeStamp: 2026/03/11-15:19:27-GMT  BuildTime: Aug  4 2022 06:17:15  BuildStamp: freesurfer-linux-ubuntu22_x86_64-7.3.2-20220804-6354275  User: oesteban  Machine: dna056  Platform: Linux  PlatformVersion: 5.14.0-427.37.1.el9_4.x86_64  CompilerName: GCC  CompilerVersion: 8.4.0
ProgramName: mri_aparc2aseg  ProgramArguments: mri_aparc2aseg -all-info  ProgramVersion: 7.3.2  TimeStamp: 2026/03/11-15:19:27-GMT  BuildTime: Aug  4 2022 06:17:15  BuildStamp: freesurfer-linux-ubuntu22_x86_64-7.3.2-20220804-6354275  User: oesteban  Machine: dna056  Platform: Linux  PlatformVersion: 5.14.0-427.37.1.el9_4.x86_64  CompilerName: GCC  CompilerVersion: 8.4.0
ProgramName: mri_surf2volseg  ProgramArguments: mri_surf2volseg -all-info  ProgramVersion: 7.3.2  TimeStamp: 2026/03/11-15:19:27-GMT  BuildTime: Aug  4 2022 06:17:15  BuildStamp: freesurfer-linux-ubuntu22_x86_64-7.3.2-20220804-6354275  User: oesteban  Machine: dna056  Platform: Linux  PlatformVersion: 5.14.0-427.37.1.el9_4.x86_64  CompilerName: GCC  CompilerVersion: 8.4.0
ProgramName: mri_binarize  ProgramArguments: mri_binarize -all-info  ProgramVersion: 7.3.2  TimeStamp: 2026/03/11-15:19:27-GMT  BuildTime: Aug  4 2022 06:17:15  BuildStamp: freesurfer-linux-ubuntu22_x86_64-7.3.2-20220804-6354275  User: oesteban  Machine: dna056  Platform: Linux  PlatformVersion: 5.14.0-427.37.1.el9_4.x86_64  CompilerName: GCC  CompilerVersion: 8.4.0
ProgramName: mri_ca_label  ProgramArguments: mri_ca_label -all-info  ProgramVersion: 7.3.2  TimeStamp: 2026/03/11-15:19:27-GMT  BuildTime: Aug  4 2022 06:17:15  BuildStamp: freesurfer-linux-ubuntu22_x86_64-7.3.2-20220804-6354275  User: oesteban  Machine: dna056  Platform: Linux  PlatformVersion: 5.14.0-427.37.1.el9_4.x86_64  CompilerName: GCC  CompilerVersion: 8.4.0
ProgramName: mri_ca_normalize  ProgramArguments: mri_ca_normalize -all-info  ProgramVersion: 7.3.2  TimeStamp: 2026/03/11-15:19:27-GMT  BuildTime: Aug  4 2022 06:17:15  BuildStamp: freesurfer-linux-ubuntu22_x86_64-7.3.2-20220804-6354275  User: oesteban  Machine: dna056  Platform: Linux  PlatformVersion: 5.14.0-427.37.1.el9_4.x86_64  CompilerName: GCC  CompilerVersion: 8.4.0
ProgramName: mri_ca_register  ProgramArguments: mri_ca_register -all-info  ProgramVersion: 7.3.2  TimeStamp: 2026/03/11-15:19:27-GMT  BuildTime: Aug  4 2022 06:17:15  BuildStamp: freesurfer-linux-ubuntu22_x86_64-7.3.2-20220804-6354275  User: oesteban  Machine: dna056  Platform: Linux  PlatformVersion: 5.14.0-427.37.1.el9_4.x86_64  CompilerName: GCC  CompilerVersion: 8.4.0
ProgramName: mri_cc  ProgramArguments: mri_cc -all-info  ProgramVersion: 7.3.2  TimeStamp: 2026/03/11-15:19:27-GMT  BuildTime: Aug  4 2022 06:17:15  BuildStamp: freesurfer-linux-ubuntu22_x86_64-7.3.2-20220804-6354275  User: oesteban  Machine: dna056  Platform: Linux  PlatformVersion: 5.14.0-427.37.1.el9_4.x86_64  CompilerName: GCC  CompilerVersion: 8.4.0
ProgramName: mri_compute_overlap  ProgramArguments: mri_compute_overlap -all-info  ProgramVersion: 7.3.2  TimeStamp: 2026/03/11-15:19:27-GMT  BuildTime: Aug  4 2022 06:17:15  BuildStamp: freesurfer-linux-ubuntu22_x86_64-7.3.2-20220804-6354275  User: oesteban  Machine: dna056  Platform: Linux  PlatformVersion: 5.14.0-427.37.1.el9_4.x86_64  CompilerName: GCC  CompilerVersion: 8.4.0
ProgramName: mri_compute_seg_overlap  ProgramArguments: mri_compute_seg_overlap -all-info  ProgramVersion: 7.3.2  TimeStamp: 2026/03/11-15:19:27-GMT  BuildTime: Aug  4 2022 06:17:15  BuildStamp: freesurfer-linux-ubuntu22_x86_64-7.3.2-20220804-6354275  User: oesteban  Machine: dna056  Platform: Linux  PlatformVersion: 5.14.0-427.37.1.el9_4.x86_64  CompilerName: GCC  CompilerVersion: 8.4.0
ProgramName: mri_concat  ProgramArguments: mri_concat -all-info  ProgramVersion: 7.3.2  TimeStamp: 2026/03/11-15:19:27-GMT  BuildTime: Aug  4 2022 06:17:15  BuildStamp: freesurfer-linux-ubuntu22_x86_64-7.3.2-20220804-6354275  User: oesteban  Machine: dna056  Platform: Linux  PlatformVersion: 5.14.0-427.37.1.el9_4.x86_64  CompilerName: GCC  CompilerVersion: 8.4.0
ProgramName: mri_concatenate_lta  ProgramArguments: mri_concatenate_lta -all-info  ProgramVersion: 7.3.2  TimeStamp: 2026/03/11-15:19:27-GMT  BuildTime: Aug  4 2022 06:17:15  BuildStamp: freesurfer-linux-ubuntu22_x86_64-7.3.2-20220804-6354275  User: oesteban  Machine: dna056  Platform: Linux  PlatformVersion: 5.14.0-427.37.1.el9_4.x86_64  CompilerName: GCC  CompilerVersion: 8.4.0
mri_convert -all-info 
ProgramName: mri_convert  ProgramArguments: mri_convert -all-info  ProgramVersion: 7.3.2  TimeStamp: 2026/03/11-15:19:27-GMT  BuildTime: Aug  4 2022 06:17:15  BuildStamp: freesurfer-linux-ubuntu22_x86_64-7.3.2-20220804-6354275  User: oesteban  Machine: dna056  Platform: Linux  PlatformVersion: 5.14.0-427.37.1.el9_4.x86_64  CompilerName: GCC  CompilerVersion: 8.4.0
ProgramName: mri_diff  ProgramArguments: mri_diff -all-info  ProgramVersion: 7.3.2  TimeStamp: 2026/03/11-15:19:27-GMT  BuildTime: Aug  4 2022 06:17:15  BuildStamp: freesurfer-linux-ubuntu22_x86_64-7.3.2-20220804-6354275  User: oesteban  Machine: dna056  Platform: Linux  PlatformVersion: 5.14.0-427.37.1.el9_4.x86_64  CompilerName: GCC  CompilerVersion: 8.4.0
ProgramName: mri_edit_wm_with_aseg  ProgramArguments: mri_edit_wm_with_aseg -all-info  ProgramVersion: 7.3.2  TimeStamp: 2026/03/11-15:19:27-GMT  BuildTime: Aug  4 2022 06:17:15  BuildStamp: freesurfer-linux-ubuntu22_x86_64-7.3.2-20220804-6354275  User: oesteban  Machine: dna056  Platform: Linux  PlatformVersion: 5.14.0-427.37.1.el9_4.x86_64  CompilerName: GCC  CompilerVersion: 8.4.0
ProgramName: mri_em_register  ProgramArguments: mri_em_register -all-info  ProgramVersion: 7.3.2  TimeStamp: 2026/03/11-15:19:27-GMT  BuildTime: Aug  4 2022 06:17:15  BuildStamp: freesurfer-linux-ubuntu22_x86_64-7.3.2-20220804-6354275  User: oesteban  Machine: dna056  Platform: Linux  PlatformVersion: 5.14.0-427.37.1.el9_4.x86_64  CompilerName: GCC  CompilerVersion: 8.4.0
ProgramName: mri_fill  ProgramArguments: mri_fill -all-info  ProgramVersion: 7.3.2  TimeStamp: 2026/03/11-15:19:27-GMT  BuildTime: Aug  4 2022 06:17:15  BuildStamp: freesurfer-linux-ubuntu22_x86_64-7.3.2-20220804-6354275  User: oesteban  Machine: dna056  Platform: Linux  PlatformVersion: 5.14.0-427.37.1.el9_4.x86_64  CompilerName: GCC  CompilerVersion: 8.4.0
ProgramName: mri_fuse_segmentations  ProgramArguments: mri_fuse_segmentations -all-info  ProgramVersion: 7.3.2  TimeStamp: 2026/03/11-15:19:27-GMT  BuildTime: Aug  4 2022 06:17:15  BuildStamp: freesurfer-linux-ubuntu22_x86_64-7.3.2-20220804-6354275  User: oesteban  Machine: dna056  Platform: Linux  PlatformVersion: 5.14.0-427.37.1.el9_4.x86_64  CompilerName: GCC  CompilerVersion: 8.4.0
ProgramName: mri_fwhm  ProgramArguments: mri_fwhm -all-info  ProgramVersion: 7.3.2  TimeStamp: 2026/03/11-15:19:27-GMT  BuildTime: Aug  4 2022 06:17:15  BuildStamp: freesurfer-linux-ubuntu22_x86_64-7.3.2-20220804-6354275  User: oesteban  Machine: dna056  Platform: Linux  PlatformVersion: 5.14.0-427.37.1.el9_4.x86_64  CompilerName: GCC  CompilerVersion: 8.4.0
ProgramName: mri_gcut  ProgramArguments: mri_gcut -all-info  ProgramVersion: 7.3.2  TimeStamp: 2026/03/11-15:19:28-GMT  BuildTime: Aug  4 2022 06:17:15  BuildStamp: freesurfer-linux-ubuntu22_x86_64-7.3.2-20220804-6354275  User: oesteban  Machine: dna056  Platform: Linux  PlatformVersion: 5.14.0-427.37.1.el9_4.x86_64  CompilerName: GCC  CompilerVersion: 8.4.0
ProgramName: mri_info  ProgramArguments: mri_info -all-info  ProgramVersion: 7.3.2  TimeStamp: 2026/03/11-15:19:28-GMT  BuildTime: Aug  4 2022 06:17:15  BuildStamp: freesurfer-linux-ubuntu22_x86_64-7.3.2-20220804-6354275  User: oesteban  Machine: dna056  Platform: Linux  PlatformVersion: 5.14.0-427.37.1.el9_4.x86_64  CompilerName: GCC  CompilerVersion: 8.4.0
ProgramName: mri_label2label  ProgramArguments: mri_label2label -all-info  ProgramVersion: 7.3.2  TimeStamp: 2026/03/11-15:19:28-GMT  BuildTime: Aug  4 2022 06:17:15  BuildStamp: freesurfer-linux-ubuntu22_x86_64-7.3.2-20220804-6354275  User: oesteban  Machine: dna056  Platform: Linux  PlatformVersion: 5.14.0-427.37.1.el9_4.x86_64  CompilerName: GCC  CompilerVersion: 8.4.0
ProgramName: mri_label2vol  ProgramArguments: mri_label2vol -all-info  ProgramVersion: 7.3.2  TimeStamp: 2026/03/11-15:19:28-GMT  BuildTime: Aug  4 2022 06:17:15  BuildStamp: freesurfer-linux-ubuntu22_x86_64-7.3.2-20220804-6354275  User: oesteban  Machine: dna056  Platform: Linux  PlatformVersion: 5.14.0-427.37.1.el9_4.x86_64  CompilerName: GCC  CompilerVersion: 8.4.0
ProgramName: mri_log_likelihood  ProgramArguments: mri_log_likelihood -all-info  ProgramVersion: 7.3.2  TimeStamp: 2026/03/11-15:19:28-GMT  BuildTime: Aug  4 2022 06:17:15  BuildStamp: freesurfer-linux-ubuntu22_x86_64-7.3.2-20220804-6354275  User: oesteban  Machine: dna056  Platform: Linux  PlatformVersion: 5.14.0-427.37.1.el9_4.x86_64  CompilerName: GCC  CompilerVersion: 8.4.0
ProgramName: mri_mask  ProgramArguments: mri_mask -all-info  ProgramVersion: 7.3.2  TimeStamp: 2026/03/11-15:19:28-GMT  BuildTime: Aug  4 2022 06:17:15  BuildStamp: freesurfer-linux-ubuntu22_x86_64-7.3.2-20220804-6354275  User: oesteban  Machine: dna056  Platform: Linux  PlatformVersion: 5.14.0-427.37.1.el9_4.x86_64  CompilerName: GCC  CompilerVersion: 8.4.0
ProgramName: mri_matrix_multiply  ProgramArguments: mri_matrix_multiply -all-info  ProgramVersion: 7.3.2  TimeStamp: 2026/03/11-15:19:28-GMT  BuildTime: Aug  4 2022 06:17:15  BuildStamp: freesurfer-linux-ubuntu22_x86_64-7.3.2-20220804-6354275  User: oesteban  Machine: dna056  Platform: Linux  PlatformVersion: 5.14.0-427.37.1.el9_4.x86_64  CompilerName: GCC  CompilerVersion: 8.4.0
ProgramName: mri_normalize  ProgramArguments: mri_normalize -all-info  ProgramVersion: 7.3.2  TimeStamp: 2026/03/11-15:19:28-GMT  BuildTime: Aug  4 2022 06:17:15  BuildStamp: freesurfer-linux-ubuntu22_x86_64-7.3.2-20220804-6354275  User: oesteban  Machine: dna056  Platform: Linux  PlatformVersion: 5.14.0-427.37.1.el9_4.x86_64  CompilerName: GCC  CompilerVersion: 8.4.0
ProgramName: mri_normalize_tp2  ProgramArguments: mri_normalize_tp2 -all-info  ProgramVersion: 7.3.2  TimeStamp: 2026/03/11-15:19:28-GMT  BuildTime: Aug  4 2022 06:17:15  BuildStamp: freesurfer-linux-ubuntu22_x86_64-7.3.2-20220804-6354275  User: oesteban  Machine: dna056  Platform: Linux  PlatformVersion: 5.14.0-427.37.1.el9_4.x86_64  CompilerName: GCC  CompilerVersion: 8.4.0
ProgramName: mri_or  ProgramArguments: mri_or -all-info  ProgramVersion: 7.3.2  TimeStamp: 2026/03/11-15:19:28-GMT  BuildTime: Aug  4 2022 06:17:15  BuildStamp: freesurfer-linux-ubuntu22_x86_64-7.3.2-20220804-6354275  User: oesteban  Machine: dna056  Platform: Linux  PlatformVersion: 5.14.0-427.37.1.el9_4.x86_64  CompilerName: GCC  CompilerVersion: 8.4.0
ProgramName: mri_relabel_hypointensities  ProgramArguments: mri_relabel_hypointensities -all-info  ProgramVersion: 7.3.2  TimeStamp: 2026/03/11-15:19:28-GMT  BuildTime: Aug  4 2022 06:17:15  BuildStamp: freesurfer-linux-ubuntu22_x86_64-7.3.2-20220804-6354275  User: oesteban  Machine: dna056  Platform: Linux  PlatformVersion: 5.14.0-427.37.1.el9_4.x86_64  CompilerName: GCC  CompilerVersion: 8.4.0
ProgramName: mri_relabel_nonwm_hypos  ProgramArguments: mri_relabel_nonwm_hypos -all-info  ProgramVersion: 7.3.2  TimeStamp: 2026/03/11-15:19:28-GMT  BuildTime: Aug  4 2022 06:17:15  BuildStamp: freesurfer-linux-ubuntu22_x86_64-7.3.2-20220804-6354275  User: oesteban  Machine: dna056  Platform: Linux  PlatformVersion: 5.14.0-427.37.1.el9_4.x86_64  CompilerName: GCC  CompilerVersion: 8.4.0
ProgramName: mri_remove_neck  ProgramArguments: mri_remove_neck -all-info  ProgramVersion: 7.3.2  TimeStamp: 2026/03/11-15:19:28-GMT  BuildTime: Aug  4 2022 06:17:15  BuildStamp: freesurfer-linux-ubuntu22_x86_64-7.3.2-20220804-6354275  User: oesteban  Machine: dna056  Platform: Linux  PlatformVersion: 5.14.0-427.37.1.el9_4.x86_64  CompilerName: GCC  CompilerVersion: 8.4.0
7.3.2

ProgramName: mri_robust_register  ProgramArguments: mri_robust_register -all-info  ProgramVersion: 7.3.2  TimeStamp: 2026/03/11-15:19:28-GMT  BuildTime: Aug  4 2022 06:17:15  BuildStamp: freesurfer-linux-ubuntu22_x86_64-7.3.2-20220804-6354275  User: oesteban  Machine: dna056  Platform: Linux  PlatformVersion: 5.14.0-427.37.1.el9_4.x86_64  CompilerName: GCC  CompilerVersion: 8.4.0
7.3.2

ProgramName: mri_robust_template  ProgramArguments: mri_robust_template -all-info  ProgramVersion: 7.3.2  TimeStamp: 2026/03/11-15:19:28-GMT  BuildTime: Aug  4 2022 06:17:15  BuildStamp: freesurfer-linux-ubuntu22_x86_64-7.3.2-20220804-6354275  User: oesteban  Machine: dna056  Platform: Linux  PlatformVersion: 5.14.0-427.37.1.el9_4.x86_64  CompilerName: GCC  CompilerVersion: 8.4.0
ProgramName: mris_anatomical_stats  ProgramArguments: mris_anatomical_stats -all-info  ProgramVersion: 7.3.2  TimeStamp: 2026/03/11-15:19:28-GMT  BuildTime: Aug  4 2022 06:17:15  BuildStamp: freesurfer-linux-ubuntu22_x86_64-7.3.2-20220804-6354275  User: oesteban  Machine: dna056  Platform: Linux  PlatformVersion: 5.14.0-427.37.1.el9_4.x86_64  CompilerName: GCC  CompilerVersion: 8.4.0
ProgramName: mris_ca_label  ProgramArguments: mris_ca_label -all-info  ProgramVersion: 7.3.2  TimeStamp: 2026/03/11-15:19:28-GMT  BuildTime: Aug  4 2022 06:17:15  BuildStamp: freesurfer-linux-ubuntu22_x86_64-7.3.2-20220804-6354275  User: oesteban  Machine: dna056  Platform: Linux  PlatformVersion: 5.14.0-427.37.1.el9_4.x86_64  CompilerName: GCC  CompilerVersion: 8.4.0
ProgramName: mris_calc  ProgramArguments: mris_calc -all-info  ProgramVersion: 7.3.2  TimeStamp: 2026/03/11-15:19:28-GMT  BuildTime: Aug  4 2022 06:17:15  BuildStamp: freesurfer-linux-ubuntu22_x86_64-7.3.2-20220804-6354275  User: oesteban  Machine: dna056  Platform: Linux  PlatformVersion: 5.14.0-427.37.1.el9_4.x86_64  CompilerName: GCC  CompilerVersion: 8.4.0
ProgramName: mris_convert  ProgramArguments: mris_convert -all-info  ProgramVersion: 7.3.2  TimeStamp: 2026/03/11-15:19:28-GMT  BuildTime: Aug  4 2022 06:17:15  BuildStamp: freesurfer-linux-ubuntu22_x86_64-7.3.2-20220804-6354275  User: oesteban  Machine: dna056  Platform: Linux  PlatformVersion: 5.14.0-427.37.1.el9_4.x86_64  CompilerName: GCC  CompilerVersion: 8.4.0
ProgramName: mris_curvature  ProgramArguments: mris_curvature -all-info  ProgramVersion: 7.3.2  TimeStamp: 2026/03/11-15:19:28-GMT  BuildTime: Aug  4 2022 06:17:15  BuildStamp: freesurfer-linux-ubuntu22_x86_64-7.3.2-20220804-6354275  User: oesteban  Machine: dna056  Platform: Linux  PlatformVersion: 5.14.0-427.37.1.el9_4.x86_64  CompilerName: GCC  CompilerVersion: 8.4.0
ProgramName: mris_curvature_stats  ProgramArguments: mris_curvature_stats -all-info  ProgramVersion: 7.3.2  TimeStamp: 2026/03/11-15:19:28-GMT  BuildTime: Aug  4 2022 06:17:15  BuildStamp: freesurfer-linux-ubuntu22_x86_64-7.3.2-20220804-6354275  User: oesteban  Machine: dna056  Platform: Linux  PlatformVersion: 5.14.0-427.37.1.el9_4.x86_64  CompilerName: GCC  CompilerVersion: 8.4.0
ProgramName: mris_diff  ProgramArguments: mris_diff -all-info  ProgramVersion: 7.3.2  TimeStamp: 2026/03/11-15:19:28-GMT  BuildTime: Aug  4 2022 06:17:15  BuildStamp: freesurfer-linux-ubuntu22_x86_64-7.3.2-20220804-6354275  User: oesteban  Machine: dna056  Platform: Linux  PlatformVersion: 5.14.0-427.37.1.el9_4.x86_64  CompilerName: GCC  CompilerVersion: 8.4.0
ProgramName: mris_divide_parcellation  ProgramArguments: mris_divide_parcellation -all-info  ProgramVersion: 7.3.2  TimeStamp: 2026/03/11-15:19:28-GMT  BuildTime: Aug  4 2022 06:17:15  BuildStamp: freesurfer-linux-ubuntu22_x86_64-7.3.2-20220804-6354275  User: oesteban  Machine: dna056  Platform: Linux  PlatformVersion: 5.14.0-427.37.1.el9_4.x86_64  CompilerName: GCC  CompilerVersion: 8.4.0
ProgramName: mri_segment  ProgramArguments: mri_segment -all-info  ProgramVersion: 7.3.2  TimeStamp: 2026/03/11-15:19:28-GMT  BuildTime: Aug  4 2022 06:17:15  BuildStamp: freesurfer-linux-ubuntu22_x86_64-7.3.2-20220804-6354275  User: oesteban  Machine: dna056  Platform: Linux  PlatformVersion: 5.14.0-427.37.1.el9_4.x86_64  CompilerName: GCC  CompilerVersion: 8.4.0
ProgramName: mri_segstats  ProgramArguments: mri_segstats -all-info  ProgramVersion: 7.3.2  TimeStamp: 2026/03/11-15:19:28-GMT  BuildTime: Aug  4 2022 06:17:15  BuildStamp: freesurfer-linux-ubuntu22_x86_64-7.3.2-20220804-6354275  User: oesteban  Machine: dna056  Platform: Linux  PlatformVersion: 5.14.0-427.37.1.el9_4.x86_64  CompilerName: GCC  CompilerVersion: 8.4.0
ProgramName: mris_euler_number  ProgramArguments: mris_euler_number -all-info  ProgramVersion: 7.3.2  TimeStamp: 2026/03/11-15:19:28-GMT  BuildTime: Aug  4 2022 06:17:15  BuildStamp: freesurfer-linux-ubuntu22_x86_64-7.3.2-20220804-6354275  User: oesteban  Machine: dna056  Platform: Linux  PlatformVersion: 5.14.0-427.37.1.el9_4.x86_64  CompilerName: GCC  CompilerVersion: 8.4.0
ProgramName: mris_fix_topology  ProgramArguments: mris_fix_topology -all-info  ProgramVersion: 7.3.2  TimeStamp: 2026/03/11-15:19:28-GMT  BuildTime: Aug  4 2022 06:17:15  BuildStamp: freesurfer-linux-ubuntu22_x86_64-7.3.2-20220804-6354275  User: oesteban  Machine: dna056  Platform: Linux  PlatformVersion: 5.14.0-427.37.1.el9_4.x86_64  CompilerName: GCC  CompilerVersion: 8.4.0
ProgramName: mris_topo_fixer  ProgramArguments: mris_topo_fixer -all-info  ProgramVersion: 7.3.2  TimeStamp: 2026/03/11-15:19:28-GMT  BuildTime: Aug  4 2022 06:17:15  BuildStamp: freesurfer-linux-ubuntu22_x86_64-7.3.2-20220804-6354275  User: oesteban  Machine: dna056  Platform: Linux  PlatformVersion: 5.14.0-427.37.1.el9_4.x86_64  CompilerName: GCC  CompilerVersion: 8.4.0
ProgramName: mris_jacobian  ProgramArguments: mris_jacobian -all-info  ProgramVersion: 7.3.2  TimeStamp: 2026/03/11-15:19:28-GMT  BuildTime: Aug  4 2022 06:17:15  BuildStamp: freesurfer-linux-ubuntu22_x86_64-7.3.2-20220804-6354275  User: oesteban  Machine: dna056  Platform: Linux  PlatformVersion: 5.14.0-427.37.1.el9_4.x86_64  CompilerName: GCC  CompilerVersion: 8.4.0
ProgramName: mris_label2annot  ProgramArguments: mris_label2annot -all-info  ProgramVersion: 7.3.2  TimeStamp: 2026/03/11-15:19:28-GMT  BuildTime: Aug  4 2022 06:17:15  BuildStamp: freesurfer-linux-ubuntu22_x86_64-7.3.2-20220804-6354275  User: oesteban  Machine: dna056  Platform: Linux  PlatformVersion: 5.14.0-427.37.1.el9_4.x86_64  CompilerName: GCC  CompilerVersion: 8.4.0
ProgramName: mris_left_right_register  ProgramArguments: mris_left_right_register -all-info  ProgramVersion: 7.3.2  TimeStamp: 2026/03/11-15:19:28-GMT  BuildTime: Aug  4 2022 06:17:15  BuildStamp: freesurfer-linux-ubuntu22_x86_64-7.3.2-20220804-6354275  User: oesteban  Machine: dna056  Platform: Linux  PlatformVersion: 5.14.0-427.37.1.el9_4.x86_64  CompilerName: GCC  CompilerVersion: 8.4.0
ProgramName: mris_place_surface  ProgramArguments: mris_place_surface -all-info  ProgramVersion: 7.3.2  TimeStamp: 2026/03/11-15:19:28-GMT  BuildTime: Aug  4 2022 06:17:15  BuildStamp: freesurfer-linux-ubuntu22_x86_64-7.3.2-20220804-6354275  User: oesteban  Machine: dna056  Platform: Linux  PlatformVersion: 5.14.0-427.37.1.el9_4.x86_64  CompilerName: GCC  CompilerVersion: 8.4.0
ProgramName: mrisp_paint  ProgramArguments: mrisp_paint -all-info  ProgramVersion: 7.3.2  TimeStamp: 2026/03/11-15:19:28-GMT  BuildTime: Aug  4 2022 06:17:15  BuildStamp: freesurfer-linux-ubuntu22_x86_64-7.3.2-20220804-6354275  User: oesteban  Machine: dna056  Platform: Linux  PlatformVersion: 5.14.0-427.37.1.el9_4.x86_64  CompilerName: GCC  CompilerVersion: 8.4.0
ProgramName: mris_register  ProgramArguments: mris_register -all-info  ProgramVersion: 7.3.2  TimeStamp: 2026/03/11-15:19:28-GMT  BuildTime: Aug  4 2022 06:17:15  BuildStamp: freesurfer-linux-ubuntu22_x86_64-7.3.2-20220804-6354275  User: oesteban  Machine: dna056  Platform: Linux  PlatformVersion: 5.14.0-427.37.1.el9_4.x86_64  CompilerName: GCC  CompilerVersion: 8.4.0
ProgramName: mris_smooth  ProgramArguments: mris_smooth -all-info  ProgramVersion: 7.3.2  TimeStamp: 2026/03/11-15:19:28-GMT  BuildTime: Aug  4 2022 06:17:15  BuildStamp: freesurfer-linux-ubuntu22_x86_64-7.3.2-20220804-6354275  User: oesteban  Machine: dna056  Platform: Linux  PlatformVersion: 5.14.0-427.37.1.el9_4.x86_64  CompilerName: GCC  CompilerVersion: 8.4.0
ProgramName: mris_sphere  ProgramArguments: mris_sphere -all-info  ProgramVersion: 7.3.2  TimeStamp: 2026/03/11-15:19:28-GMT  BuildTime: Aug  4 2022 06:17:15  BuildStamp: freesurfer-linux-ubuntu22_x86_64-7.3.2-20220804-6354275  User: oesteban  Machine: dna056  Platform: Linux  PlatformVersion: 5.14.0-427.37.1.el9_4.x86_64  CompilerName: GCC  CompilerVersion: 8.4.0
ProgramName: mris_surface_stats  ProgramArguments: mris_surface_stats -all-info  ProgramVersion: 7.3.2  TimeStamp: 2026/03/11-15:19:28-GMT  BuildTime: Aug  4 2022 06:17:15  BuildStamp: freesurfer-linux-ubuntu22_x86_64-7.3.2-20220804-6354275  User: oesteban  Machine: dna056  Platform: Linux  PlatformVersion: 5.14.0-427.37.1.el9_4.x86_64  CompilerName: GCC  CompilerVersion: 8.4.0
ProgramName: mri_stats2seg  ProgramArguments: mri_stats2seg -all-info  ProgramVersion: 7.3.2  TimeStamp: 2026/03/11-15:19:28-GMT  BuildTime: Aug  4 2022 06:17:15  BuildStamp: freesurfer-linux-ubuntu22_x86_64-7.3.2-20220804-6354275  User: oesteban  Machine: dna056  Platform: Linux  PlatformVersion: 5.14.0-427.37.1.el9_4.x86_64  CompilerName: GCC  CompilerVersion: 8.4.0
ProgramName: mris_thickness  ProgramArguments: mris_thickness -all-info  ProgramVersion: 7.3.2  TimeStamp: 2026/03/11-15:19:28-GMT  BuildTime: Aug  4 2022 06:17:15  BuildStamp: freesurfer-linux-ubuntu22_x86_64-7.3.2-20220804-6354275  User: oesteban  Machine: dna056  Platform: Linux  PlatformVersion: 5.14.0-427.37.1.el9_4.x86_64  CompilerName: GCC  CompilerVersion: 8.4.0
ProgramName: mris_thickness_diff  ProgramArguments: mris_thickness_diff -all-info  ProgramVersion: 7.3.2  TimeStamp: 2026/03/11-15:19:28-GMT  BuildTime: Aug  4 2022 06:17:15  BuildStamp: freesurfer-linux-ubuntu22_x86_64-7.3.2-20220804-6354275  User: oesteban  Machine: dna056  Platform: Linux  PlatformVersion: 5.14.0-427.37.1.el9_4.x86_64  CompilerName: GCC  CompilerVersion: 8.4.0
ProgramName: mris_topo_fixer  ProgramArguments: mris_topo_fixer -all-info  ProgramVersion: 7.3.2  TimeStamp: 2026/03/11-15:19:28-GMT  BuildTime: Aug  4 2022 06:17:15  BuildStamp: freesurfer-linux-ubuntu22_x86_64-7.3.2-20220804-6354275  User: oesteban  Machine: dna056  Platform: Linux  PlatformVersion: 5.14.0-427.37.1.el9_4.x86_64  CompilerName: GCC  CompilerVersion: 8.4.0
ProgramName: mri_surf2surf  ProgramArguments: mri_surf2surf -all-info  ProgramVersion: 7.3.2  TimeStamp: 2026/03/11-15:19:28-GMT  BuildTime: Aug  4 2022 06:17:15  BuildStamp: freesurfer-linux-ubuntu22_x86_64-7.3.2-20220804-6354275  User: oesteban  Machine: dna056  Platform: Linux  PlatformVersion: 5.14.0-427.37.1.el9_4.x86_64  CompilerName: GCC  CompilerVersion: 8.4.0
ProgramName: mri_surf2vol  ProgramArguments: mri_surf2vol -all-info  ProgramVersion: 7.3.2  TimeStamp: 2026/03/11-15:19:28-GMT  BuildTime: Aug  4 2022 06:17:15  BuildStamp: freesurfer-linux-ubuntu22_x86_64-7.3.2-20220804-6354275  User: oesteban  Machine: dna056  Platform: Linux  PlatformVersion: 5.14.0-427.37.1.el9_4.x86_64  CompilerName: GCC  CompilerVersion: 8.4.0
ProgramName: mri_surfcluster  ProgramArguments: mri_surfcluster -all-info  ProgramVersion: 7.3.2  TimeStamp: 2026/03/11-15:19:28-GMT  BuildTime: Aug  4 2022 06:17:15  BuildStamp: freesurfer-linux-ubuntu22_x86_64-7.3.2-20220804-6354275  User: oesteban  Machine: dna056  Platform: Linux  PlatformVersion: 5.14.0-427.37.1.el9_4.x86_64  CompilerName: GCC  CompilerVersion: 8.4.0
ProgramName: mris_volmask  ProgramArguments: mris_volmask -all-info  ProgramVersion: 7.3.2  TimeStamp: 2026/03/11-15:19:28-GMT  BuildTime: Aug  4 2022 06:17:15  BuildStamp: freesurfer-linux-ubuntu22_x86_64-7.3.2-20220804-6354275  User: oesteban  Machine: dna056  Platform: Linux  PlatformVersion: 5.14.0-427.37.1.el9_4.x86_64  CompilerName: GCC  CompilerVersion: 8.4.0
ProgramName: mri_tessellate  ProgramArguments: mri_tessellate -all-info  ProgramVersion: 7.3.2  TimeStamp: 2026/03/11-15:19:28-GMT  BuildTime: Aug  4 2022 06:17:15  BuildStamp: freesurfer-linux-ubuntu22_x86_64-7.3.2-20220804-6354275  User: oesteban  Machine: dna056  Platform: Linux  PlatformVersion: 5.14.0-427.37.1.el9_4.x86_64  CompilerName: GCC  CompilerVersion: 8.4.0
ProgramName: mri_vol2surf  ProgramArguments: mri_vol2surf -all-info  ProgramVersion: 7.3.2  TimeStamp: 2026/03/11-15:19:28-GMT  BuildTime: Aug  4 2022 06:17:15  BuildStamp: freesurfer-linux-ubuntu22_x86_64-7.3.2-20220804-6354275  User: oesteban  Machine: dna056  Platform: Linux  PlatformVersion: 5.14.0-427.37.1.el9_4.x86_64  CompilerName: GCC  CompilerVersion: 8.4.0
ProgramName: mri_vol2vol  ProgramArguments: mri_vol2vol -all-info  ProgramVersion: 7.3.2  TimeStamp: 2026/03/11-15:19:28-GMT  BuildTime: Aug  4 2022 06:17:15  BuildStamp: freesurfer-linux-ubuntu22_x86_64-7.3.2-20220804-6354275  User: oesteban  Machine: dna056  Platform: Linux  PlatformVersion: 5.14.0-427.37.1.el9_4.x86_64  CompilerName: GCC  CompilerVersion: 8.4.0
ProgramName: mri_voldiff  ProgramArguments: mri_voldiff -all-info  ProgramVersion: 7.3.2  TimeStamp: 2026/03/11-15:19:28-GMT  BuildTime: Aug  4 2022 06:17:15  BuildStamp: freesurfer-linux-ubuntu22_x86_64-7.3.2-20220804-6354275  User: oesteban  Machine: dna056  Platform: Linux  PlatformVersion: 5.14.0-427.37.1.el9_4.x86_64  CompilerName: GCC  CompilerVersion: 8.4.0
ProgramName: mri_watershed  ProgramArguments: mri_watershed -all-info  ProgramVersion: 7.3.2  TimeStamp: 2026/03/11-15:19:28-GMT  BuildTime: Aug  4 2022 06:17:15  BuildStamp: freesurfer-linux-ubuntu22_x86_64-7.3.2-20220804-6354275  User: oesteban  Machine: dna056  Platform: Linux  PlatformVersion: 5.14.0-427.37.1.el9_4.x86_64  CompilerName: GCC  CompilerVersion: 8.4.0
ProgramName: tkregister2  ProgramArguments: tkregister2_cmdl -all-info  ProgramVersion: 7.3.2  TimeStamp: 2026/03/11-15:19:28-GMT  BuildTime: Aug  4 2022 06:17:15  BuildStamp: freesurfer-linux-ubuntu22_x86_64-7.3.2-20220804-6354275  User: oesteban  Machine: dna056  Platform: Linux  PlatformVersion: 5.14.0-427.37.1.el9_4.x86_64  CompilerName: GCC  CompilerVersion: 8.4.0
mri_motion_correct.fsl 7.3.2
mri_convert -all-info 
ProgramName: mri_convert  ProgramArguments: mri_convert -all-info  ProgramVersion: 7.3.2  TimeStamp: 2026/03/11-15:19:28-GMT  BuildTime: Aug  4 2022 06:17:15  BuildStamp: freesurfer-linux-ubuntu22_x86_64-7.3.2-20220804-6354275  User: oesteban  Machine: dna056  Platform: Linux  PlatformVersion: 5.14.0-427.37.1.el9_4.x86_64  CompilerName: GCC  CompilerVersion: 8.4.0
Program nu_correct, built from:
Package MNI N3, version 1.12.0, compiled by nicks@terrier (x86_64-unknown-linux-gnu) on 2015-06-19 at 01:25:34
#######################################
GCADIR /opt/freesurfer/average
GCA RB_all_2020-01-02.gca
GCASkull RB_all_withskull_2020_01_02.gca
AvgCurvTif folding.atlas.acfb40.noaparc.i12.2016-08-02.tif
GCSDIR /opt/freesurfer/average
GCS DKaparc.atlas.acfb40.noaparc.i12.2016-08-02.gcs
#######################################
#--------------------------------------------
#@# Tessellate rh Wed Mar 11 16:19:28 CET 2026
/out/sourcedata/freesurfer/sub-v2s18x29514_ses-1/scripts

 mri_pretess ../mri/filled.mgz 127 ../mri/norm.mgz ../mri/filled-pretess127.mgz 


Iteration Number : 1
pass   1 (xy+):   0 found -   0 modified     |    TOTAL:   0
pass   1 (xy-):   1 found -   1 modified     |    TOTAL:   1
pass   2 (xy-):   0 found -   1 modified     |    TOTAL:   1
pass   1 (yz+):  16 found -  16 modified     |    TOTAL:  17
pass   2 (yz+):   0 found -  16 modified     |    TOTAL:  17
pass   1 (yz-):   6 found -   6 modified     |    TOTAL:  23
pass   2 (yz-):   0 found -   6 modified     |    TOTAL:  23
pass   1 (xz+):   1 found -   1 modified     |    TOTAL:  24
pass   2 (xz+):   0 found -   1 modified     |    TOTAL:  24
pass   1 (xz-):   1 found -   1 modified     |    TOTAL:  25
pass   2 (xz-):   0 found -   1 modified     |    TOTAL:  25
Iteration Number : 1
pass   1 (+++):   0 found -   0 modified     |    TOTAL:   0
pass   1 (+++):   0 found -   0 modified     |    TOTAL:   0
pass   1 (+++):   0 found -   0 modified     |    TOTAL:   0
pass   1 (+++):   0 found -   0 modified     |    TOTAL:   0
Iteration Number : 1
pass   1 (++):   0 found -   0 modified     |    TOTAL:   0
pass   1 (+-):   2 found -   2 modified     |    TOTAL:   2
pass   2 (+-):   0 found -   2 modified     |    TOTAL:   2
pass   1 (--):   0 found -   0 modified     |    TOTAL:   2
pass   1 (-+):   0 found -   0 modified     |    TOTAL:   2
Iteration Number : 2
pass   1 (xy+):   0 found -   0 modified     |    TOTAL:   0
pass   1 (xy-):   0 found -   0 modified     |    TOTAL:   0
pass   1 (yz+):   0 found -   0 modified     |    TOTAL:   0
pass   1 (yz-):   0 found -   0 modified     |    TOTAL:   0
pass   1 (xz+):   0 found -   0 modified     |    TOTAL:   0
pass   1 (xz-):   0 found -   0 modified     |    TOTAL:   0
Iteration Number : 2
pass   1 (+++):   0 found -   0 modified     |    TOTAL:   0
pass   1 (+++):   0 found -   0 modified     |    TOTAL:   0
pass   1 (+++):   0 found -   0 modified     |    TOTAL:   0
pass   1 (+++):   0 found -   0 modified     |    TOTAL:   0
Iteration Number : 2
pass   1 (++):   0 found -   0 modified     |    TOTAL:   0
pass   1 (+-):   0 found -   0 modified     |    TOTAL:   0
pass   1 (--):   0 found -   0 modified     |    TOTAL:   0
pass   1 (-+):   0 found -   0 modified     |    TOTAL:   0

Total Number of Modified Voxels = 27 (out of 238941: 0.011300)
Ambiguous edge configurations... 

mri_pretess done


 mri_tessellate ../mri/filled-pretess127.mgz 127 ../surf/rh.orig.nofix 

7.3.2
  7.3.2
slice 40: 916 vertices, 1000 faces
slice 50: 5538 vertices, 5764 faces
slice 60: 13381 vertices, 13690 faces
slice 70: 22953 vertices, 23311 faces
slice 80: 32953 vertices, 33259 faces
slice 90: 43534 vertices, 43892 faces
slice 100: 55307 vertices, 55684 faces
slice 110: 66953 vertices, 67338 faces
slice 120: 78466 vertices, 78852 faces
slice 130: 89603 vertices, 90000 faces
slice 140: 99697 vertices, 100070 faces
slice 150: 107989 vertices, 108266 faces
slice 160: 115472 vertices, 115779 faces
slice 170: 122100 vertices, 122334 faces
slice 180: 128075 vertices, 128307 faces
slice 190: 133060 vertices, 133231 faces
slice 200: 135886 vertices, 135960 faces
slice 210: 136096 vertices, 136130 faces
slice 220: 136096 vertices, 136130 faces
slice 230: 136096 vertices, 136130 faces
slice 240: 136096 vertices, 136130 faces
slice 250: 136096 vertices, 136130 faces
using the conformed surface RAS to save vertex points...
writing ../surf/rh.orig.nofix
using vox2ras matrix:
-1.00000   0.00000   0.00000   128.00000;
 0.00000   0.00000   1.00000  -128.00000;
 0.00000  -1.00000   0.00000   128.00000;
 0.00000   0.00000   0.00000   1.00000;

 rm -f ../mri/filled-pretess127.mgz 


 mris_extract_main_component ../surf/rh.orig.nofix ../surf/rh.orig.nofix 


counting number of connected components...
   136096 voxel in cpt #1: X=-34 [v=136096,e=408390,f=272260] located at (24.658484, -15.959301, 26.725863)
For the whole surface: X=-34 [v=136096,e=408390,f=272260]
One single component has been found
nothing to do
done

#--------------------------------------------
#@# Smooth1 rh Wed Mar 11 16:19:31 CET 2026
/out/sourcedata/freesurfer/sub-v2s18x29514_ses-1/scripts

 mris_smooth -nw -seed 1234 ../surf/rh.orig.nofix ../surf/rh.smoothwm.nofix 

setting seed for random number generator to 1234
smoothing surface tessellation for 10 iterations...
smoothing complete - recomputing first and second fundamental forms...
#--------------------------------------------
#@# Inflation1 rh Wed Mar 11 16:19:34 CET 2026
/out/sourcedata/freesurfer/sub-v2s18x29514_ses-1/scripts

 mris_inflate -no-save-sulc ../surf/rh.smoothwm.nofix ../surf/rh.inflated.nofix 

Not saving sulc
Reading ../surf/rh.smoothwm.nofix
avg radius = 46.8 mm, total surface area = 73493 mm^2
step 000: RMS=0.150 (target=0.015)   step 005: RMS=0.115 (target=0.015)   step 010: RMS=0.084 (target=0.015)   step 015: RMS=0.070 (target=0.015)   step 020: RMS=0.059 (target=0.015)   step 025: RMS=0.050 (target=0.015)   step 030: RMS=0.044 (target=0.015)   step 035: RMS=0.040 (target=0.015)   step 040: RMS=0.036 (target=0.015)   step 045: RMS=0.033 (target=0.015)   step 050: RMS=0.031 (target=0.015)   step 055: RMS=0.030 (target=0.015)   step 060: RMS=0.029 (target=0.015)   writing inflated surface to ../surf/rh.inflated.nofix
inflation took 0.2 minutes

inflation complete.
Not saving sulc
mris_inflate utimesec    52.355403
mris_inflate stimesec    1.519135
mris_inflate ru_maxrss   220140
mris_inflate ru_ixrss    0
mris_inflate ru_idrss    0
mris_inflate ru_isrss    0
mris_inflate ru_minflt   490911
mris_inflate ru_majflt   1
mris_inflate ru_nswap    0
mris_inflate ru_inblock  0
mris_inflate ru_oublock  9576
mris_inflate ru_msgsnd   0
mris_inflate ru_msgrcv   0
mris_inflate ru_nsignals 0
mris_inflate ru_nvcsw    5238
mris_inflate ru_nivcsw   1798
#--------------------------------------------
#@# QSphere rh Wed Mar 11 16:19:46 CET 2026
/out/sourcedata/freesurfer/sub-v2s18x29514_ses-1/scripts

 mris_sphere -q -p 6 -a 128 -seed 1234 ../surf/rh.inflated.nofix ../surf/rh.qsphere.nofix 

doing quick spherical unfolding.
limitting unfolding to 6 passes
using n_averages = 128
setting seed for random number genererator to 1234
version: 7.3.2
available threads: 16
scaling brain by 0.299...
inflating...
projecting onto sphere...
surface projected - minimizing metric distortion...
vertex spacing 0.99 +- 0.57 (0.00-->8.26) (max @ vno 59717 --> 61001)
face area 0.02 +- 0.03 (-0.24-->0.74)
Entering MRISinflateToSphere()
inflating to sphere (rms error < 2.00)
000: dt: 0.0000, rms radial error=177.397, avgs=0
005/300: dt: 0.9000, rms radial error=177.138, avgs=0
010/300: dt: 0.9000, rms radial error=176.582, avgs=0
015/300: dt: 0.9000, rms radial error=175.852, avgs=0
020/300: dt: 0.9000, rms radial error=175.019, avgs=0
025/300: dt: 0.9000, rms radial error=174.129, avgs=0
030/300: dt: 0.9000, rms radial error=173.207, avgs=0
035/300: dt: 0.9000, rms radial error=172.269, avgs=0
040/300: dt: 0.9000, rms radial error=171.322, avgs=0
045/300: dt: 0.9000, rms radial error=170.373, avgs=0
050/300: dt: 0.9000, rms radial error=169.424, avgs=0
055/300: dt: 0.9000, rms radial error=168.477, avgs=0
060/300: dt: 0.9000, rms radial error=167.534, avgs=0
065/300: dt: 0.9000, rms radial error=166.594, avgs=0
070/300: dt: 0.9000, rms radial error=165.660, avgs=0
075/300: dt: 0.9000, rms radial error=164.730, avgs=0
080/300: dt: 0.9000, rms radial error=163.807, avgs=0
085/300: dt: 0.9000, rms radial error=162.889, avgs=0
090/300: dt: 0.9000, rms radial error=161.977, avgs=0
095/300: dt: 0.9000, rms radial error=161.069, avgs=0
100/300: dt: 0.9000, rms radial error=160.166, avgs=0
105/300: dt: 0.9000, rms radial error=159.268, avgs=0
110/300: dt: 0.9000, rms radial error=158.374, avgs=0
115/300: dt: 0.9000, rms radial error=157.486, avgs=0
120/300: dt: 0.9000, rms radial error=156.602, avgs=0
125/300: dt: 0.9000, rms radial error=155.723, avgs=0
130/300: dt: 0.9000, rms radial error=154.849, avgs=0
135/300: dt: 0.9000, rms radial error=153.979, avgs=0
140/300: dt: 0.9000, rms radial error=153.114, avgs=0
145/300: dt: 0.9000, rms radial error=152.254, avgs=0
150/300: dt: 0.9000, rms radial error=151.399, avgs=0
155/300: dt: 0.9000, rms radial error=150.548, avgs=0
160/300: dt: 0.9000, rms radial error=149.702, avgs=0
165/300: dt: 0.9000, rms radial error=148.861, avgs=0
170/300: dt: 0.9000, rms radial error=148.024, avgs=0
175/300: dt: 0.9000, rms radial error=147.193, avgs=0
180/300: dt: 0.9000, rms radial error=146.366, avgs=0
185/300: dt: 0.9000, rms radial error=145.543, avgs=0
190/300: dt: 0.9000, rms radial error=144.725, avgs=0
195/300: dt: 0.9000, rms radial error=143.911, avgs=0
200/300: dt: 0.9000, rms radial error=143.102, avgs=0
205/300: dt: 0.9000, rms radial error=142.297, avgs=0
210/300: dt: 0.9000, rms radial error=141.496, avgs=0
215/300: dt: 0.9000, rms radial error=140.700, avgs=0
220/300: dt: 0.9000, rms radial error=139.908, avgs=0
225/300: dt: 0.9000, rms radial error=139.121, avgs=0
230/300: dt: 0.9000, rms radial error=138.338, avgs=0
235/300: dt: 0.9000, rms radial error=137.560, avgs=0
240/300: dt: 0.9000, rms radial error=136.785, avgs=0
245/300: dt: 0.9000, rms radial error=136.015, avgs=0
250/300: dt: 0.9000, rms radial error=135.250, avgs=0
255/300: dt: 0.9000, rms radial error=134.488, avgs=0
260/300: dt: 0.9000, rms radial error=133.731, avgs=0
265/300: dt: 0.9000, rms radial error=132.977, avgs=0
270/300: dt: 0.9000, rms radial error=132.229, avgs=0
275/300: dt: 0.9000, rms radial error=131.484, avgs=0
280/300: dt: 0.9000, rms radial error=130.745, avgs=0
285/300: dt: 0.9000, rms radial error=130.010, avgs=0
290/300: dt: 0.9000, rms radial error=129.279, avgs=0
295/300: dt: 0.9000, rms radial error=128.552, avgs=0
300/300: dt: 0.9000, rms radial error=127.829, avgs=0

spherical inflation complete.
epoch 1 (K=10.0), pass 1, starting sse = 16054.54
taking momentum steps...
taking momentum steps...
taking momentum steps...
taking momentum steps...
pass 1 complete, delta sse/iter = 0.00/13 = 0.00036
epoch 2 (K=40.0), pass 1, starting sse = 2661.84
taking momentum steps...
taking momentum steps...
taking momentum steps...
taking momentum steps...
pass 1 complete, delta sse/iter = 0.00/13 = 0.00030
epoch 3 (K=160.0), pass 1, starting sse = 254.36
taking momentum steps...
taking momentum steps...
taking momentum steps...
taking momentum steps...
pass 1 complete, delta sse/iter = 0.16/17 = 0.00931
epoch 4 (K=640.0), pass 1, starting sse = 10.11
taking momentum steps...
taking momentum steps...
taking momentum steps...
taking momentum steps...
pass 1 complete, delta sse/iter = 0.19/25 = 0.00742
final distance error %100000.00
writing spherical brain to ../surf/rh.qsphere.nofix
spherical transformation took 0.0176 hours
FSRUNTIME@ mris_sphere  0.0176 hours 16 threads
#VMPC# mris_sphere VmPeak  2256076
mris_sphere done
#@# Fix Topology rh Wed Mar 11 16:20:49 CET 2026

 mris_fix_topology -mgz -sphere qsphere.nofix -inflated inflated.nofix -orig orig.nofix -out orig.premesh -ga -seed 1234 sub-v2s18x29514_ses-1 rh 

reading spherical homeomorphism from 'qsphere.nofix'
reading inflated coordinates from 'inflated.nofix'
reading original coordinates from 'orig.nofix'
using genetic algorithm with optimized parameters
setting seed for random number genererator to 1234

*************************************************************
Topology Correction Parameters
retessellation mode:           genetic search
number of patches/generation : 10
number of generations :        10
surface mri loglikelihood coefficient :         1.0
volume mri loglikelihood coefficient :          10.0
normal dot loglikelihood coefficient :          1.0
quadratic curvature loglikelihood coefficient : 1.0
volume resolution :                             2
eliminate vertices during search :              1
initial patch selection :                       1
select all defect vertices :                    0
ordering dependant retessellation:              0
use precomputed edge table :                    0
smooth retessellated patch :                    2
match retessellated patch :                     1
verbose mode :                                  0

*************************************************************
INFO: assuming .mgz format
writing corrected surface to 'orig.premesh'
7.3.2
  7.3.2
before topology correction, eno=-34 (nv=136096, nf=272260, ne=408390, g=18)
using quasi-homeomorphic spherical map to tessellate cortical surface...

Correction of the Topology
Finding true center and radius of Spherical Surface...done
Surface centered at (0,0,0) with radius 100.0 in 9 iterations
marking ambiguous vertices...
1773 ambiguous faces found in tessellation
segmenting defects...
24 defects found, arbitrating ambiguous regions...
analyzing neighboring defects...
24 defects to be corrected 
0 vertices coincident
reading input surface /out/sourcedata/freesurfer/sub-v2s18x29514_ses-1/surf/rh.qsphere.nofix...
reading brain volume from brain...
reading wm segmentation from wm...
Reading original properties of orig.nofix
Reading vertex positions of inflated.nofix
Computing Initial Surface Statistics
      -face       loglikelihood: -9.6866  (-4.8433)
      -vertex     loglikelihood: -6.6449  (-3.3224)
      -normal dot loglikelihood: -3.6267  (-3.6267)
      -quad curv  loglikelihood: -6.2491  (-3.1246)
      Total Loglikelihood : -26.2073
CORRECTING DEFECT 0 (vertices=35, convex hull=67, v0=4511)
After retessellation of defect 0 (v0=4511), euler #=-21 (134955,404216,269240) : difference with theory (-21) = 0 
CORRECTING DEFECT 1 (vertices=28, convex hull=71, v0=7012)
After retessellation of defect 1 (v0=7012), euler #=-20 (134968,404283,269295) : difference with theory (-20) = 0 
CORRECTING DEFECT 2 (vertices=62, convex hull=104, v0=25918)
After retessellation of defect 2 (v0=25918), euler #=-19 (135010,404456,269427) : difference with theory (-19) = 0 
CORRECTING DEFECT 3 (vertices=38, convex hull=68, v0=33229)
After retessellation of defect 3 (v0=33229), euler #=-18 (135019,404511,269474) : difference with theory (-18) = 0 
CORRECTING DEFECT 4 (vertices=6, convex hull=20, v0=37710)
After retessellation of defect 4 (v0=37710), euler #=-17 (135020,404520,269483) : difference with theory (-17) = 0 
CORRECTING DEFECT 5 (vertices=27, convex hull=73, v0=43878)
After retessellation of defect 5 (v0=43878), euler #=-16 (135031,404580,269533) : difference with theory (-16) = 0 
CORRECTING DEFECT 6 (vertices=262, convex hull=198, v0=49068)
After retessellation of defect 6 (v0=49068), euler #=-15 (135099,404880,269766) : difference with theory (-15) = 0 
CORRECTING DEFECT 7 (vertices=17, convex hull=42, v0=53648)
After retessellation of defect 7 (v0=53648), euler #=-14 (135108,404923,269801) : difference with theory (-14) = 0 
CORRECTING DEFECT 8 (vertices=63, convex hull=56, v0=56015)
After retessellation of defect 8 (v0=56015), euler #=-13 (135120,404983,269850) : difference with theory (-13) = 0 
CORRECTING DEFECT 9 (vertices=17, convex hull=47, v0=72211)
After retessellation of defect 9 (v0=72211), euler #=-12 (135131,405032,269889) : difference with theory (-12) = 0 
CORRECTING DEFECT 10 (vertices=26, convex hull=36, v0=77943)
After retessellation of defect 10 (v0=77943), euler #=-11 (135143,405079,269925) : difference with theory (-11) = 0 
CORRECTING DEFECT 11 (vertices=60, convex hull=104, v0=79500)
After retessellation of defect 11 (v0=79500), euler #=-10 (135168,405203,270025) : difference with theory (-10) = 0 
CORRECTING DEFECT 12 (vertices=29, convex hull=62, v0=81055)
After retessellation of defect 12 (v0=81055), euler #=-9 (135188,405289,270092) : difference with theory (-9) = 0 
CORRECTING DEFECT 13 (vertices=172, convex hull=171, v0=89557)
After retessellation of defect 13 (v0=89557), euler #=-8 (135247,405544,270289) : difference with theory (-8) = 0 
CORRECTING DEFECT 14 (vertices=27, convex hull=54, v0=97196)
After retessellation of defect 14 (v0=97196), euler #=-7 (135256,405588,270325) : difference with theory (-7) = 0 
CORRECTING DEFECT 15 (vertices=15, convex hull=33, v0=97397)
After retessellation of defect 15 (v0=97397), euler #=-6 (135258,405603,270339) : difference with theory (-6) = 0 
CORRECTING DEFECT 16 (vertices=119, convex hull=115, v0=99472)
After retessellation of defect 16 (v0=99472), euler #=-5 (135293,405764,270466) : difference with theory (-5) = 0 
CORRECTING DEFECT 17 (vertices=15, convex hull=29, v0=101220)
After retessellation of defect 17 (v0=101220), euler #=-4 (135297,405784,270483) : difference with theory (-4) = 0 
CORRECTING DEFECT 18 (vertices=22, convex hull=19, v0=104491)
After retessellation of defect 18 (v0=104491), euler #=-3 (135303,405807,270501) : difference with theory (-3) = 0 
CORRECTING DEFECT 19 (vertices=43, convex hull=86, v0=107057)
After retessellation of defect 19 (v0=107057), euler #=-2 (135331,405924,270591) : difference with theory (-2) = 0 
CORRECTING DEFECT 20 (vertices=26, convex hull=64, v0=110024)
After retessellation of defect 20 (v0=110024), euler #=-1 (135342,405984,270641) : difference with theory (-1) = 0 
CORRECTING DEFECT 21 (vertices=16, convex hull=30, v0=123886)
After retessellation of defect 21 (v0=123886), euler #=0 (135343,406000,270657) : difference with theory (0) = 0 
CORRECTING DEFECT 22 (vertices=19, convex hull=51, v0=129986)
After retessellation of defect 22 (v0=129986), euler #=1 (135354,406050,270697) : difference with theory (1) = 0 
CORRECTING DEFECT 23 (vertices=5, convex hull=22, v0=135881)
After retessellation of defect 23 (v0=135881), euler #=2 (135355,406059,270706) : difference with theory (2) = 0 
computing original vertex metric properties...
storing new metric properties...
computing tessellation statistics...
vertex spacing 0.89 +- 0.22 (0.04-->7.15) (max @ vno 49881 --> 57975)
face area -nan +- -nan (1000.00-->-1.00)
performing soap bubble on retessellated vertices for 0 iterations...
vertex spacing 0.89 +- 0.22 (0.04-->7.15) (max @ vno 49881 --> 57975)
face area -nan +- -nan (1000.00-->-1.00)
tessellation finished, orienting corrected surface...
99 mutations (34.3%), 190 crossovers (65.7%), 86 vertices were eliminated
building final representation...
741 vertices and 0 faces have been removed from triangulation
after topology correction, eno=2 (nv=135355, nf=270706, ne=406059, g=0)
writing corrected surface to /out/sourcedata/freesurfer/sub-v2s18x29514_ses-1/surf/rh.orig.premesh...

0.000 % of the vertices (0 vertices) exhibit an orientation change
removing intersecting faces
000: 215 intersecting
001: 10 intersecting
terminating search with 0 intersecting
topology fixing took 1.2 minutes
FSRUNTIME@ mris_fix_topology rh  0.0195 hours 16 threads
#VMPC# mris_fix_topology VmPeak  1851560

 mris_euler_number ../surf/rh.orig.premesh 

euler # = v-e+f = 2g-2: 135355 - 406059 + 270706 = 2 --> 0 holes
      F =2V-4:          270706 = 270710-4 (0)
      2E=3F:            812118 = 812118 (0)

total defect index = 0
Wed Mar 11 16:22:00 CET 2026

setenv SUBJECTS_DIR /out/sourcedata/freesurfer
cd /out/sourcedata/freesurfer/sub-v2s18x29514_ses-1/scripts
/opt/freesurfer/bin/defect2seg --s sub-v2s18x29514_ses-1 --rh-only --cortex

freesurfer-linux-ubuntu22_x86_64-7.3.2-20220804-6354275
defect2seg 7.3.2
Linux dna056 5.14.0-427.37.1.el9_4.x86_64 #1 SMP PREEMPT_DYNAMIC Fri Sep 13 12:41:50 EDT 2024 x86_64 x86_64 x86_64 GNU/Linux
pid 3977788
mri_label2label --label-cortex /out/sourcedata/freesurfer/sub-v2s18x29514_ses-1/surf/rh.orig.nofix /out/sourcedata/freesurfer/sub-v2s18x29514_ses-1/mri/aseg.presurf.mgz 0 /out/sourcedata/freesurfer/sub-v2s18x29514_ses-1/label/rh.nofix.cortex.label

 Generating cortex label... RemoveHipAmgy=0
 NucAccIsMedialWall=0
 mris->useRealRAS=0
18 non-cortical segments detected
only using segment with 7184 vertices
erasing segment 0 (vno[0] = 43251)
erasing segment 2 (vno[0] = 62181)
erasing segment 3 (vno[0] = 84612)
erasing segment 4 (vno[0] = 89209)
erasing segment 5 (vno[0] = 89323)
erasing segment 6 (vno[0] = 92549)
erasing segment 7 (vno[0] = 96274)
erasing segment 8 (vno[0] = 97313)
erasing segment 9 (vno[0] = 97352)
erasing segment 10 (vno[0] = 98321)
erasing segment 11 (vno[0] = 98357)
erasing segment 12 (vno[0] = 99291)
erasing segment 13 (vno[0] = 99366)
erasing segment 14 (vno[0] = 102056)
erasing segment 15 (vno[0] = 104550)
erasing segment 16 (vno[0] = 116028)
erasing segment 17 (vno[0] = 116777)
mri_label2vol --defects /out/sourcedata/freesurfer/sub-v2s18x29514_ses-1/surf/rh.orig.nofix /out/sourcedata/freesurfer/sub-v2s18x29514_ses-1/surf/rh.defect_labels /out/sourcedata/freesurfer/sub-v2s18x29514_ses-1/mri/orig.mgz 2000 0 /out/sourcedata/freesurfer/sub-v2s18x29514_ses-1/mri/rh.surface.defects.mgz /out/sourcedata/freesurfer/sub-v2s18x29514_ses-1/label/rh.nofix.cortex.label
mri_label2vol supposed to be reproducible but seed not set
Contraining to label /out/sourcedata/freesurfer/sub-v2s18x29514_ses-1/label/rh.nofix.cortex.label
Changing input type 0 to MRI_INT
Converting defects to volume: offset=2000, merge=0
Writing to /out/sourcedata/freesurfer/sub-v2s18x29514_ses-1/mri/rh.surface.defects.mgz
mris_defects_pointset -s /out/sourcedata/freesurfer/sub-v2s18x29514_ses-1/surf/rh.orig.nofix -d /out/sourcedata/freesurfer/sub-v2s18x29514_ses-1/surf/rh.defect_labels -o /out/sourcedata/freesurfer/sub-v2s18x29514_ses-1/surf/rh.defects.pointset --label /out/sourcedata/freesurfer/sub-v2s18x29514_ses-1/label/rh.nofix.cortex.label
Reading in surface /out/sourcedata/freesurfer/sub-v2s18x29514_ses-1/surf/rh.orig.nofix
Reading in defect segmentation /out/sourcedata/freesurfer/sub-v2s18x29514_ses-1/surf/rh.defect_labels
Reading in label /out/sourcedata/freesurfer/sub-v2s18x29514_ses-1/label/rh.nofix.cortex.label
#VMPC# mris_defects_pointset 1759168
mris_defects_pointset done
 
Started at Wed Mar 11 16:22:00 CET 2026 
Ended   at Wed Mar 11 16:22:16 CET 2026
Defect2seg-Run-Time-Sec 16
Defect2seg-Run-Time-Min 0.32
Defect2seg-Run-Time-Hours 0.00
 
tkmeditfv sub-v2s18x29514_ses-1 brain.finalsurfs.mgz -defect
defect2seg Done

 mris_remesh --remesh --iters 3 --input /out/sourcedata/freesurfer/sub-v2s18x29514_ses-1/surf/rh.orig.premesh --output /out/sourcedata/freesurfer/sub-v2s18x29514_ses-1/surf/rh.orig 

iters = 3
standard remeshing without target
   adjusted l: 0.710709
remeshing to edge length 0.710709 with 3 iterations

avg qual before   : 0.891542  after: 0.971484

Removing intersections
Remeshed surface quality stats nv0 = 135355  nv = 141221  1.04334
Area    282438  0.30254  0.03354 0.070426   0.4585
Corner  847314 60.00000  8.75029 15.670869 146.9679
Edge    423657  0.84376  0.08200 0.283306   1.2509
Hinge   423657  9.55285 10.49605 0.000000 147.8533
mris_remesh done
/out/sourcedata/freesurfer/sub-v2s18x29514_ses-1/scripts

 mris_remove_intersection ../surf/rh.orig ../surf/rh.orig 

intersection removal took 0.00 hours
writing corrected surface to ../surf/rh.orig

 rm -f ../surf/rh.inflated 

#--------------------------------------------
#@# AutoDetGWStats rh Wed Mar 11 16:23:01 CET 2026
cd /out/sourcedata/freesurfer/sub-v2s18x29514_ses-1/mri
mris_autodet_gwstats --o ../surf/autodet.gw.stats.rh.dat --i brain.finalsurfs.mgz --wm wm.mgz --surf ../surf/rh.orig.premesh
7.3.2

cd /out/sourcedata/freesurfer/sub-v2s18x29514_ses-1/mri
setenv SUBJECTS_DIR /out/sourcedata/freesurfer
mris_autodet_gwstats --o ../surf/autodet.gw.stats.rh.dat --i brain.finalsurfs.mgz --wm wm.mgz --surf ../surf/rh.orig.premesh 

border white:    237163 voxels (1.41%)
border gray      276422 voxels (1.65%)
Reading in intensity volume brain.finalsurfs.mgz
Reading in wm volume wm.mgz
Reading in surf ../surf/rh.orig.premesh
Auto detecting stats
MRIclipBrightWM(): nthresh=18650, wmmin=5, clip=110 
Binarizing thresholding at 5
computing class statistics... low=30, hi=110.000000
CCS WM (99.0): 98.0 +- 9.5 [70.0 --> 110.0]
CCS GM (66.0) : 66.5 +- 10.5 [30.0 --> 110.0]
white_mean = 98.0204 +/- 9.51748, gray_mean = 66.5303 +/- 10.525
using class modes intead of means, discounting robust sigmas....
MRIScomputeClassModes(): min=0 max=167 nbins=168
intensity peaks found at WM=104+-6.1,    GM=61+-7.0
white_mode = 104, gray_mode = 61
std_scale = 1
Applying sanity checks, max_scale_down = 0.2
setting MIN_GRAY_AT_WHITE_BORDER to 50.5 (was 70.000000)
setting MAX_BORDER_WHITE to 113.5 (was 105.000000)
setting MIN_BORDER_WHITE to 61.0 (was 85.000000)
setting MAX_CSF to 39.9 (was 40.000000)
setting MAX_GRAY to 94.5 (was 95.000000)
setting MAX_GRAY_AT_CSF_BORDER to 50.5 (was 75.000000)
setting MIN_GRAY_AT_CSF_BORDER to 29.4 (was 40.000000)
When placing the white surface
  white_border_hi   = 113.517;
  white_border_low  = 61;
  white_outside_low = 50.475;
  white_inside_hi   = 120;
  white_outside_hi  = 113.517;
When placing the pial surface
  pial_border_hi   = 50.475;
  pial_border_low  = 29.425;
  pial_outside_low = 10;
  pial_inside_hi   = 94.4825;
  pial_outside_hi  = 45.2125;
#VMPC# mris_autodet_gwstats VmPeak  1440980
mris_autodet_gwstats done
#--------------------------------------------
#@# WhitePreAparc rh Wed Mar 11 16:23:04 CET 2026
cd /out/sourcedata/freesurfer/sub-v2s18x29514_ses-1/mri
mris_place_surface --adgws-in ../surf/autodet.gw.stats.rh.dat --wm wm.mgz --threads 16 --invol brain.finalsurfs.mgz --rh --i ../surf/rh.orig --o ../surf/rh.white.preaparc --white --seg aseg.presurf.mgz --nsmooth 5
7.3.2
7.3.2

cd /out/sourcedata/freesurfer/sub-v2s18x29514_ses-1/mri
setenv SUBJECTS_DIR /out/sourcedata/freesurfer
mris_place_surface --adgws-in ../surf/autodet.gw.stats.rh.dat --wm wm.mgz --threads 16 --invol brain.finalsurfs.mgz --rh --i ../surf/rh.orig --o ../surf/rh.white.preaparc --white --seg aseg.presurf.mgz --nsmooth 5 

Reading in input surface ../surf/rh.orig
Smoothing surface before ripping with 5 iterations
Area    282438  0.26663  0.06473 0.000567   0.5546
Corner  847314 60.00000  9.78753 3.281155 152.9432
Edge    423657  0.78851  0.11728 0.021782   1.3042
Hinge   423657  6.42843  6.77061 0.000009 153.9314
Not reading in aparc
Reading in input volume brain.finalsurfs.mgz
Reading in wm volume wm.mgz
MRIclipBrightWM(): nthresh=18650, wmmin=5, clip=110 
MRIfindBrightNonWM(): 8 bright non-wm voxels segmented.
Masking bright non-wm for white surface
MRImask(): AllowDiffGeom = 1
MRImask(): AllowDiffGeom = 1
Reading in seg volume aseg.presurf.mgz
Ripping frozen voxels
INFO: rip surface needed but not specified, so using input surface
Freezing midline and others
Entering: MRISripMidline(): inhibiting deformation at non-cortical midline structures...
  which=1, fix_mtl=0, using annot = 0
#FML0# MRISripMidline(): nripped=0
removing 3 vertices from ripped group in thread:0
removing 4 vertices from ripped group in thread:0
removing 4 vertices from ripped group in thread:0
#FML# MRISripMidline(): nmarked=6830, nmarked2=69, nripped=6830
Ripping segs (eg, WMSA, BG, frozen)
Starting MRISripSegs() d = (-2 2 0.5) segnos: 247 
MRISripSegs(): -2 2 0.5 ripped 0
vertex 70611: xyz = (12.6702,-5.17923,-0.761354) oxyz = (12.6702,-5.17923,-0.761354) wxzy = (12.6702,-5.17923,-0.761354) pxyz = (0,0,0) 
CBVO Creating mask 141221
n_averages 4
Iteration 0 =========================================
n_averages=4, current_sigma=2
Freezing midline and others
Ripping frozen voxels
INFO: rip surface needed but not specified, so using input surface
Freezing midline and others
Entering: MRISripMidline(): inhibiting deformation at non-cortical midline structures...
  which=1, fix_mtl=0, using annot = 0
#FML0# MRISripMidline(): nripped=6830
removing 3 vertices from ripped group in thread:0
removing 4 vertices from ripped group in thread:0
removing 4 vertices from ripped group in thread:0
#FML# MRISripMidline(): nmarked=6830, nmarked2=69, nripped=6830
Ripping segs (eg, WMSA, BG, frozen)
Starting MRISripSegs() d = (-2 2 0.5) segnos: 247 247 
MRISripSegs(): -2 2 0.5 ripped 0
Computing target border values 
Entering MRIScomputeBorderValues_new(): 
  inside_hi   = 120.0000000;
  border_hi   = 113.5174790;
  border_low  =  61.0000000;
  outside_low =  50.4749980;
  outside_hi  = 113.5174790;
  sigma = 2;
  max_thickness = 10;
  step_size=0.5;
  STEP_SIZE=0.1;
  which = 1
  thresh = 0
  flags = 0
  CBVfindFirstPeakD1=0
  CBVfindFirstPeakD2=0
  nvertices=141221
  Gdiag_no=-1
  vno start=0, stop=141221
Replacing 255s with 0s
#SI# sigma=2 had to be increased for 122 vertices, nripped=6830
mean border=75.6, 43 (43) missing vertices, mean dist 0.3 [0.4 (%36.2)->0.7 (%63.8))]
%79 local maxima, %16 large gradients and % 0 min vals, 0 gradients ignored
nFirstPeakD1 0
MRIScomputeBorderValues_new() finished in 0.0145 min


Finding expansion regions
mean absolute distance = 0.62 +- 0.75
5006 vertices more than 2 sigmas from mean.
Averaging target values for 5 iterations...
Positioning Surface: tspring = 0.3, nspring = 0.3, spring = 0, niters = 100 l_repulse = 5, l_surf_repulse = 0, checktol = 0
Positioning pial surface
Entering MRISpositionSurface()
  max_mm = 0.3
  MAX_REDUCTIONS = 2, REDUCTION_PCT = 0.5
  parms->check_tol = 0, niterations = 100
tol=1.0e-04, sigma=2.0, host=dna05, nav=4, nbrs=2, l_repulse=5.000, l_tspring=0.300, l_nspring=0.300, l_intensity=0.200, l_curv=1.000
mom=0.00, dt=0.50
complete_dist_mat 0
rms 0
smooth_averages 0
remove_neg 0
ico_order 0
which_surface 0
target_radius 0.000000
nfields 0
scale 0.000000
desired_rms_height 0.000000
momentum 0.000000
nbhd_size 0
max_nbrs 0
niterations 100
nsurfaces 0
SURFACES 3
flags 0 (0)
use curv 0
no sulc 0
no rigid align 0
mris->nsize 2
mris->hemisphere 1
randomSeed 0

000: dt: 0.0000, sse=4237291.5, rms=12.325
001: dt: 0.5000, sse=2267667.0, rms=8.878 (27.972%)
002: dt: 0.5000, sse=1477374.9, rms=7.032 (20.787%)
003: dt: 0.5000, sse=1072784.4, rms=5.861 (16.649%)
004: dt: 0.5000, sse=862145.3, rms=5.142 (12.272%)
005: dt: 0.5000, sse=751604.2, rms=4.664 (9.295%)
006: dt: 0.5000, sse=689268.4, rms=4.401 (5.650%)
007: dt: 0.5000, sse=638359.3, rms=4.232 (3.833%)
008: dt: 0.5000, sse=621005.4, rms=4.150 (1.943%)
009: dt: 0.5000, sse=613085.6, rms=4.089 (1.456%)
rms = 4.0552/4.0893, sse=601487.6/613085.6, time step reduction 1 of 3 to 0.250  0 0 1
010: dt: 0.5000, sse=601487.6, rms=4.055 (0.832%)
011: dt: 0.2500, sse=313950.3, rms=2.371 (41.533%)
012: dt: 0.2500, sse=262590.2, rms=1.923 (18.887%)
013: dt: 0.2500, sse=248654.9, rms=1.779 (7.518%)
014: dt: 0.2500, sse=243771.6, rms=1.680 (5.560%)
015: dt: 0.2500, sse=241446.0, rms=1.627 (3.120%)
rms = 1.5796/1.6273, sse=243599.1/241446.0, time step reduction 2 of 3 to 0.125  0 1 1
016: dt: 0.2500, sse=243599.1, rms=1.580 (2.933%)
rms = 1.4560/1.5796, sse=243683.5/243599.1, time step reduction 3 of 3 to 0.062  0 1 0
017: dt: 0.1250, sse=243683.5, rms=1.456 (7.820%)
  maximum number of reductions reached, breaking from loop
positioning took 1.6 minutes
Iteration 1 =========================================
n_averages=2, current_sigma=1
Freezing midline and others
Ripping frozen voxels
INFO: rip surface needed but not specified, so using input surface
Freezing midline and others
Entering: MRISripMidline(): inhibiting deformation at non-cortical midline structures...
  which=1, fix_mtl=0, using annot = 0
#FML0# MRISripMidline(): nripped=6830
removing 3 vertices from ripped group in thread:0
removing 3 vertices from ripped group in thread:0
removing 4 vertices from ripped group in thread:0
removing 3 vertices from ripped group in thread:0
removing 2 vertices from ripped group in thread:0
removing 3 vertices from ripped group in thread:0
removing 4 vertices from ripped group in thread:0
removing 3 vertices from ripped group in thread:0
removing 2 vertices from ripped group in thread:0
removing 1 vertices from ripped group in thread:0
#FML# MRISripMidline(): nmarked=6955, nmarked2=75, nripped=6955
Ripping segs (eg, WMSA, BG, frozen)
Starting MRISripSegs() d = (-2 2 0.5) segnos: 247 247 247 
MRISripSegs(): -2 2 0.5 ripped 0
Computing target border values 
Entering MRIScomputeBorderValues_new(): 
  inside_hi   = 120.0000000;
  border_hi   = 113.5174790;
  border_low  =  61.0000000;
  outside_low =  50.4749980;
  outside_hi  = 113.5174790;
  sigma = 1;
  max_thickness = 10;
  step_size=0.5;
  STEP_SIZE=0.1;
  which = 1
  thresh = 0
  flags = 0
  CBVfindFirstPeakD1=0
  CBVfindFirstPeakD2=0
  nvertices=141221
  Gdiag_no=-1
  vno start=0, stop=141221
Replacing 255s with 0s
#SI# sigma=1 had to be increased for 128 vertices, nripped=6955
mean border=79.0, 61 (4) missing vertices, mean dist -0.1 [0.3 (%77.1)->0.3 (%22.9))]
%85 local maxima, %10 large gradients and % 0 min vals, 0 gradients ignored
nFirstPeakD1 0
MRIScomputeBorderValues_new() finished in 0.0121 min


Finding expansion regions
mean absolute distance = 0.27 +- 0.44
2054 vertices more than 2 sigmas from mean.
Averaging target values for 5 iterations...
Positioning Surface: tspring = 0.3, nspring = 0.3, spring = 0, niters = 100 l_repulse = 5, l_surf_repulse = 0, checktol = 0
Positioning pial surface
Entering MRISpositionSurface()
  max_mm = 0.3
  MAX_REDUCTIONS = 2, REDUCTION_PCT = 0.5
  parms->check_tol = 0, niterations = 100
tol=1.0e-04, sigma=1.0, host=dna05, nav=2, nbrs=2, l_repulse=5.000, l_tspring=0.300, l_nspring=0.300, l_intensity=0.200, l_curv=1.000
mom=0.00, dt=0.50
000: dt: 0.0000, sse=927966.1, rms=5.060
018: dt: 0.5000, sse=546105.8, rms=3.478 (31.251%)
rms = 3.9363/3.4784, sse=644290.1/546105.8, time step reduction 1 of 3 to 0.250  0 1 1
   RMS increased, rejecting step
019: dt: 0.2500, sse=364496.4, rms=2.327 (33.092%)
020: dt: 0.2500, sse=301853.8, rms=1.726 (25.847%)
021: dt: 0.2500, sse=284707.5, rms=1.459 (15.487%)
022: dt: 0.2500, sse=274358.7, rms=1.378 (5.539%)
023: dt: 0.2500, sse=273932.1, rms=1.312 (4.777%)
rms = 1.2852/1.3119, sse=272686.7/273932.1, time step reduction 2 of 3 to 0.125  0 0 1
024: dt: 0.2500, sse=272686.7, rms=1.285 (2.039%)
025: dt: 0.1250, sse=267662.4, rms=1.199 (6.673%)
rms = 1.1851/1.1994, sse=269716.7/267662.4, time step reduction 3 of 3 to 0.062  0 1 1
026: dt: 0.1250, sse=269716.7, rms=1.185 (1.191%)
  maximum number of reductions reached, breaking from loop
positioning took 0.9 minutes
Iteration 2 =========================================
n_averages=1, current_sigma=0.5
Freezing midline and others
Ripping frozen voxels
INFO: rip surface needed but not specified, so using input surface
Freezing midline and others
Entering: MRISripMidline(): inhibiting deformation at non-cortical midline structures...
  which=1, fix_mtl=0, using annot = 0
#FML0# MRISripMidline(): nripped=6955
removing 3 vertices from ripped group in thread:0
removing 4 vertices from ripped group in thread:0
removing 3 vertices from ripped group in thread:0
removing 3 vertices from ripped group in thread:0
removing 2 vertices from ripped group in thread:0
removing 4 vertices from ripped group in thread:0
removing 4 vertices from ripped group in thread:0
removing 4 vertices from ripped group in thread:0
removing 4 vertices from ripped group in thread:0
removing 2 vertices from ripped group in thread:0
#FML# MRISripMidline(): nmarked=7019, nmarked2=77, nripped=7019
Ripping segs (eg, WMSA, BG, frozen)
Starting MRISripSegs() d = (-2 2 0.5) segnos: 247 247 247 247 
MRISripSegs(): -2 2 0.5 ripped 0
Computing target border values 
Entering MRIScomputeBorderValues_new(): 
  inside_hi   = 120.0000000;
  border_hi   = 113.5174790;
  border_low  =  61.0000000;
  outside_low =  50.4749980;
  outside_hi  = 113.5174790;
  sigma = 0.5;
  max_thickness = 10;
  step_size=0.5;
  STEP_SIZE=0.1;
  which = 1
  thresh = 0
  flags = 0
  CBVfindFirstPeakD1=0
  CBVfindFirstPeakD2=0
  nvertices=141221
  Gdiag_no=-1
  vno start=0, stop=141221
Replacing 255s with 0s
#SI# sigma=0.5 had to be increased for 111 vertices, nripped=7019
mean border=81.0, 85 (3) missing vertices, mean dist -0.1 [0.2 (%70.3)->0.2 (%29.7))]
%88 local maxima, % 7 large gradients and % 0 min vals, 0 gradients ignored
nFirstPeakD1 0
MRIScomputeBorderValues_new() finished in 0.0059 min


Finding expansion regions
mean absolute distance = 0.19 +- 0.34
2275 vertices more than 2 sigmas from mean.
Averaging target values for 5 iterations...
Positioning Surface: tspring = 0.3, nspring = 0.3, spring = 0, niters = 100 l_repulse = 5, l_surf_repulse = 0, checktol = 0
Positioning pial surface
Entering MRISpositionSurface()
  max_mm = 0.3
  MAX_REDUCTIONS = 2, REDUCTION_PCT = 0.5
  parms->check_tol = 0, niterations = 100
tol=1.0e-04, sigma=0.5, host=dna05, nav=1, nbrs=2, l_repulse=5.000, l_tspring=0.300, l_nspring=0.300, l_intensity=0.200, l_curv=1.000
mom=0.00, dt=0.50
000: dt: 0.0000, sse=435010.2, rms=2.761
rms = 3.2008/2.7608, sse=505109.6/435010.2, time step reduction 1 of 3 to 0.250  0 1 1
   RMS increased, rejecting step
027: dt: 0.2500, sse=311823.4, rms=1.769 (35.921%)
028: dt: 0.2500, sse=267646.3, rms=1.171 (33.820%)
029: dt: 0.2500, sse=263456.3, rms=1.112 (4.980%)
rms = 1.0940/1.1125, sse=261744.8/263456.3, time step reduction 2 of 3 to 0.125  0 0 1
030: dt: 0.2500, sse=261744.8, rms=1.094 (1.663%)
031: dt: 0.1250, sse=256290.9, rms=1.030 (5.810%)
rms = 1.0279/1.0304, sse=246872.7/256290.9, time step reduction 3 of 3 to 0.062  0 0 1
032: dt: 0.1250, sse=246872.7, rms=1.028 (0.243%)
  maximum number of reductions reached, breaking from loop
positioning took 0.6 minutes
Iteration 3 =========================================
n_averages=0, current_sigma=0.25
Freezing midline and others
Ripping frozen voxels
INFO: rip surface needed but not specified, so using input surface
Freezing midline and others
Entering: MRISripMidline(): inhibiting deformation at non-cortical midline structures...
  which=1, fix_mtl=0, using annot = 0
#FML0# MRISripMidline(): nripped=7019
removing 3 vertices from ripped group in thread:0
removing 3 vertices from ripped group in thread:0
removing 4 vertices from ripped group in thread:0
removing 4 vertices from ripped group in thread:0
removing 2 vertices from ripped group in thread:0
removing 4 vertices from ripped group in thread:0
removing 2 vertices from ripped group in thread:0
removing 4 vertices from ripped group in thread:0
removing 2 vertices from ripped group in thread:0
#FML# MRISripMidline(): nmarked=7063, nmarked2=78, nripped=7063
Ripping segs (eg, WMSA, BG, frozen)
Starting MRISripSegs() d = (-2 2 0.5) segnos: 247 247 247 247 247 
MRISripSegs(): -2 2 0.5 ripped 0
Computing target border values 
Entering MRIScomputeBorderValues_new(): 
  inside_hi   = 120.0000000;
  border_hi   = 113.5174790;
  border_low  =  61.0000000;
  outside_low =  50.4749980;
  outside_hi  = 113.5174790;
  sigma = 0.25;
  max_thickness = 10;
  step_size=0.5;
  STEP_SIZE=0.1;
  which = 1
  thresh = 0
  flags = 0
  CBVfindFirstPeakD1=0
  CBVfindFirstPeakD2=0
  nvertices=141221
  Gdiag_no=-1
  vno start=0, stop=141221
Replacing 255s with 0s
#SI# sigma=0.25 had to be increased for 119 vertices, nripped=7063
mean border=81.7, 100 (2) missing vertices, mean dist -0.0 [0.2 (%56.4)->0.2 (%43.6))]
%89 local maxima, % 6 large gradients and % 0 min vals, 0 gradients ignored
nFirstPeakD1 0
MRIScomputeBorderValues_new() finished in 0.0037 min


Finding expansion regions
mean absolute distance = 0.17 +- 0.29
2373 vertices more than 2 sigmas from mean.
Averaging target values for 5 iterations...
Positioning Surface: tspring = 0.3, nspring = 0.3, spring = 0, niters = 100 l_repulse = 5, l_surf_repulse = 0, checktol = 0
Positioning pial surface
Entering MRISpositionSurface()
  max_mm = 0.3
  MAX_REDUCTIONS = 2, REDUCTION_PCT = 0.5
  parms->check_tol = 0, niterations = 100
tol=1.0e-04, sigma=0.2, host=dna05, nav=0, nbrs=2, l_repulse=5.000, l_tspring=0.300, l_nspring=0.300, l_intensity=0.200, l_curv=1.000
mom=0.00, dt=0.50
000: dt: 0.0000, sse=269887.0, rms=1.407
rms = 2.0263/1.4068, sse=330533.3/269887.0, time step reduction 1 of 3 to 0.250  0 1 1
   RMS increased, rejecting step
033: dt: 0.2500, sse=238532.7, rms=0.907 (35.512%)
034: dt: 0.2500, sse=234757.7, rms=0.793 (12.560%)
rms = 0.8150/0.7933, sse=235833.3/234757.7, time step reduction 2 of 3 to 0.125  0 1 1
   RMS increased, rejecting step
rms = 0.7806/0.7933, sse=234160.0/234757.7, time step reduction 3 of 3 to 0.062  0 0 1
035: dt: 0.1250, sse=234160.0, rms=0.781 (1.598%)
  maximum number of reductions reached, breaking from loop
positioning took 0.4 minutes


Writing output to ../surf/rh.white.preaparc
#ET# mris_place_surface  3.65 minutes
#VMPC# mris_place_surfaces VmPeak  3239336
mris_place_surface done
#--------------------------------------------
#@# CortexLabel rh Wed Mar 11 16:26:49 CET 2026
cd /out/sourcedata/freesurfer/sub-v2s18x29514_ses-1/mri
mri_label2label --label-cortex ../surf/rh.white.preaparc aseg.presurf.mgz 0 ../label/rh.cortex.label

 Generating cortex label... RemoveHipAmgy=0
 NucAccIsMedialWall=0
 mris->useRealRAS=0
5 non-cortical segments detected
only using segment with 7773 vertices
erasing segment 0 (vno[0] = 35877)
erasing segment 2 (vno[0] = 78892)
erasing segment 3 (vno[0] = 82951)
erasing segment 4 (vno[0] = 83808)
#--------------------------------------------
#@# CortexLabel+HipAmyg rh Wed Mar 11 16:27:05 CET 2026
cd /out/sourcedata/freesurfer/sub-v2s18x29514_ses-1/mri
mri_label2label --label-cortex ../surf/rh.white.preaparc aseg.presurf.mgz 1 ../label/rh.cortex+hipamyg.label

 Generating cortex label... RemoveHipAmgy=1
 NucAccIsMedialWall=0
 mris->useRealRAS=0
10 non-cortical segments detected
only using segment with 5154 vertices
erasing segment 0 (vno[0] = 35877)
erasing segment 2 (vno[0] = 47859)
erasing segment 3 (vno[0] = 48843)
erasing segment 4 (vno[0] = 53998)
erasing segment 5 (vno[0] = 64907)
erasing segment 6 (vno[0] = 79537)
erasing segment 7 (vno[0] = 82951)
erasing segment 8 (vno[0] = 83808)
erasing segment 9 (vno[0] = 134918)
#--------------------------------------------
#@# Smooth2 rh Wed Mar 11 16:27:21 CET 2026
/out/sourcedata/freesurfer/sub-v2s18x29514_ses-1/scripts

 mris_smooth -n 3 -nw -seed 1234 ../surf/rh.white.preaparc ../surf/rh.smoothwm 

smoothing for 3 iterations
setting seed for random number generator to 1234
smoothing surface tessellation for 3 iterations...
smoothing complete - recomputing first and second fundamental forms...
#--------------------------------------------
#@# Inflation2 rh Wed Mar 11 16:27:24 CET 2026
/out/sourcedata/freesurfer/sub-v2s18x29514_ses-1/scripts

 mris_inflate ../surf/rh.smoothwm ../surf/rh.inflated 

Reading ../surf/rh.smoothwm
avg radius = 46.9 mm, total surface area = 89605 mm^2
step 000: RMS=0.174 (target=0.015)   step 005: RMS=0.118 (target=0.015)   step 010: RMS=0.088 (target=0.015)   step 015: RMS=0.074 (target=0.015)   step 020: RMS=0.061 (target=0.015)   step 025: RMS=0.050 (target=0.015)   step 030: RMS=0.042 (target=0.015)   step 035: RMS=0.035 (target=0.015)   step 040: RMS=0.030 (target=0.015)   step 045: RMS=0.026 (target=0.015)   step 050: RMS=0.022 (target=0.015)   step 055: RMS=0.021 (target=0.015)   step 060: RMS=0.019 (target=0.015)   writing inflated surface to ../surf/rh.inflated
writing sulcal depths to ../surf/rh.sulc

inflation complete.
inflation took 0.2 minutes
mris_inflate utimesec    59.586465
mris_inflate stimesec    1.777647
mris_inflate ru_maxrss   217988
mris_inflate ru_ixrss    0
mris_inflate ru_idrss    0
mris_inflate ru_isrss    0
mris_inflate ru_minflt   541378
mris_inflate ru_majflt   22
mris_inflate ru_nswap    0
mris_inflate ru_inblock  0
mris_inflate ru_oublock  11040
mris_inflate ru_msgsnd   0
mris_inflate ru_msgrcv   0
mris_inflate ru_nsignals 0
mris_inflate ru_nvcsw    8715
mris_inflate ru_nivcsw   1693
#--------------------------------------------
#@# Curv .H and .K rh Wed Mar 11 16:27:37 CET 2026
/out/sourcedata/freesurfer/sub-v2s18x29514_ses-1/surf

 mris_curvature -w -seed 1234 rh.white.preaparc 

setting seed for random number generator to 1234
total integrated curvature = 18.720*4pi (235.238) --> -18 handles
ICI = 149.2, FI = 1634.0, variation=25195.186
writing Gaussian curvature to ./rh.white.preaparc.K...done.
writing mean curvature to ./rh.white.preaparc.H...done.
rm -f rh.white.H
ln -s rh.white.preaparc.H rh.white.H
rm -f rh.white.K
ln -s rh.white.preaparc.K rh.white.K

 mris_curvature -seed 1234 -thresh .999 -n -a 5 -w -distances 10 10 rh.inflated 

setting seed for random number generator to 1234
normalizing curvature values.
averaging curvature patterns 5 times.
sampling 10 neighbors out to a distance of 10 mm
234 vertices thresholded to be in k1 ~ [-0.22 0.32], k2 ~ [-0.16 0.06]
total integrated curvature = 0.560*4pi (7.032) --> 0 handles
ICI = 1.5, FI = 10.4, variation=175.605
119 vertices thresholded to be in [-0.01 0.03]
writing Gaussian curvature to ./rh.inflated.K...thresholding curvature at 99.90% level
curvature mean = 0.000, std = 0.001
182 vertices thresholded to be in [-0.15 0.16]
done.
writing mean curvature to ./rh.inflated.H...curvature mean = -0.016, std = 0.022
done.
#--------------------------------------------
#@# Sphere rh Wed Mar 11 16:28:26 CET 2026
/out/sourcedata/freesurfer/sub-v2s18x29514_ses-1/scripts

 mris_sphere -seed 1234 ../surf/rh.inflated ../surf/rh.sphere 

setting seed for random number genererator to 1234
version: 7.3.2
available threads: 16
reading original vertex positions...
projecting onto sphere...
surface projected - minimizing metric distortion...
scaling brain by 0.270...
MRISunfold() max_passes = 1 -------
tol=5.0e-01, sigma=0.0, host=dna05, nav=1024, nbrs=2, l_area=1.000, l_dist=1.000
using quadratic fit line minimization
complete_dist_mat 0
rms 0
smooth_averages 0
remove_neg 0
ico_order 0
which_surface 0
target_radius 0.000000
nfields 0
scale 1.000000
desired_rms_height -1.000000
momentum 0.900000
nbhd_size 7
max_nbrs 8
niterations 25
nsurfaces 0
SURFACES 3
flags 0 (0)
use curv 0
no sulc 0
no rigid align 0
mris->nsize 2
mris->hemisphere 1
randomSeed 1234

singular matrix in quadratic form
singular matrix in quadratic form
singular matrix in quadratic form
singular matrix in quadratic form
singular matrix in quadratic form
--------------------
  mrisRemoveNegativeArea()
pass 1: epoch 1 of 3 starting distance error %20.37
pass 1: epoch 2 of 3 starting distance error %20.37
unfolding complete - removing small folds...
starting distance error %20.33
removing remaining folds...
final distance error %20.36
MRISunfold() return, current seed 1234
-01: dt=0.0000,  13 negative triangles  VmPeak 1608600
182: dt=0.9900,  13 negative triangles
183: dt=0.9900,   6 negative triangles
184: dt=0.9900,   4 negative triangles
185: dt=0.9900,   5 negative triangles
186: dt=0.9900,   3 negative triangles
187: dt=0.9900,   4 negative triangles
188: dt=0.9900,   2 negative triangles
189: dt=0.9900,   4 negative triangles
190: dt=0.9900,   3 negative triangles
191: dt=0.9900,   2 negative triangles
192: dt=0.9900,   2 negative triangles
193: dt=0.9900,   5 negative triangles
194: dt=0.9900,   2 negative triangles
195: dt=0.9900,   1 negative triangles
196: dt=0.9900,   3 negative triangles
197: dt=0.9900,   1 negative triangles
198: dt=0.9900,   1 negative triangles
writing spherical brain to ../surf/rh.sphere
spherical transformation took 0.0614 hours
FSRUNTIME@ mris_sphere  0.0614 hours 16 threads
#VMPC# mris_sphere VmPeak  1608600
mris_sphere done
#--------------------------------------------
#@# Surf Reg rh Wed Mar 11 16:32:07 CET 2026
/out/sourcedata/freesurfer/sub-v2s18x29514_ses-1/scripts

 mris_register -curv ../surf/rh.sphere /opt/freesurfer/average/rh.folding.atlas.acfb40.noaparc.i12.2016-08-02.tif ../surf/rh.sphere.reg 

using smoothwm curvature for final alignment

cwd /out/sourcedata/freesurfer/sub-v2s18x29514_ses-1/scripts
cmdline mris_register -curv ../surf/rh.sphere /opt/freesurfer/average/rh.folding.atlas.acfb40.noaparc.i12.2016-08-02.tif ../surf/rh.sphere.reg 

0 inflated.H
1 sulc
2 smoothwm (computed)
7.3.2
  7.3.2
reading surface from ../surf/rh.sphere...
reading template parameterization from /opt/freesurfer/average/rh.folding.atlas.acfb40.noaparc.i12.2016-08-02.tif...
MRISregister() -------
max_passes = 4 
min_degrees = 0.500000 
max_degrees = 64.000000 
nangles = 8 
tol=5.0e-01, sigma=0.0, host=dna05, nav=1024, nbrs=1, l_extern=10000.000, l_parea=0.200, l_nlarea=1.000, l_corr=1.000, l_dist=5.000
using quadratic fit line minimization
complete_dist_mat 0
rms 0
smooth_averages 0
remove_neg 0
ico_order 0
which_surface 0
target_radius 0.000000
nfields 0
scale 0.000000
desired_rms_height -1.000000
momentum 0.950000
nbhd_size -10
max_nbrs 10
niterations 25
nsurfaces 0
SURFACES 3
flags 16 (10)
use curv 16
no sulc 0
no rigid align 0
mris->nsize 1
mris->hemisphere 1
randomSeed 0

tol=5.0e-01, sigma=0.0, host=dna05, nav=1024, nbrs=1, l_extern=10000.000, l_parea=0.200, l_nlarea=1.000, l_corr=1.000, l_dist=5.000
using quadratic fit line minimization
--------------------
1 Reading rh.sulc
tol=1.0e+00, sigma=0.5, host=dna05, nav=1024, nbrs=1, l_extern=10000.000, l_parea=0.200, l_nlarea=1.000, l_corr=0.050, l_spring=0.500, l_dist=5.000
using quadratic fit line minimization
curvature mean = -0.000, std = 5.753
curvature mean = 0.042, std = 0.811
curvature mean = 0.005, std = 0.866
Starting MRISrigidBodyAlignGlobal()
Starting new MRISrigidBodyAlignGlobal_findMinSSE()
  new MRISrigidBodyAlignGlobal_findMinSSE min @ (4.00, -10.50, 12.00) sse = 218069.4, elapsed since starting=0.1077 min
MRISrigidBodyAlignGlobal() done   0.11 min
curvature mean = 0.032, std = 0.826
curvature mean = 0.003, std = 0.949
curvature mean = 0.031, std = 0.837
curvature mean = 0.001, std = 0.980
curvature mean = 0.030, std = 0.839
curvature mean = 0.000, std = 0.992
2 Reading smoothwm
curvature mean = -0.017, std = 0.279
curvature mean = 0.045, std = 0.241
curvature mean = 0.054, std = 0.349
curvature mean = 0.039, std = 0.299
curvature mean = 0.036, std = 0.535
curvature mean = 0.039, std = 0.326
curvature mean = 0.020, std = 0.678
curvature mean = 0.038, std = 0.338
curvature mean = 0.005, std = 0.791
MRISregister() return, current seed 0
-01: dt=0.0000,  10 negative triangles  VmPeak 1608636
113: dt=0.9900,  10 negative triangles
114: dt=0.9900,   8 negative triangles
115: dt=0.9900,   9 negative triangles
116: dt=0.9900,  10 negative triangles
117: dt=0.9900,   6 negative triangles
118: dt=0.9900,   7 negative triangles
119: dt=0.9900,   4 negative triangles
120: dt=0.9900,   4 negative triangles
121: dt=0.9900,   3 negative triangles
122: dt=0.9900,   2 negative triangles
123: dt=0.9900,   5 negative triangles
124: dt=0.9900,   2 negative triangles
125: dt=0.9900,   2 negative triangles
126: dt=0.9900,   4 negative triangles
127: dt=0.9900,   2 negative triangles
128: dt=0.9900,   1 negative triangles
129: dt=0.9900,   2 negative triangles
130: dt=0.9900,   1 negative triangles
131: dt=0.9900,   1 negative triangles
writing registered surface to ../surf/rh.sphere.reg...
registration took 0.07 hours
#VMPC# mris_register VmPeak  1608636
FSRUNTIME@ mris_register  0.0689 hours 16 threads

 ln -sf rh.sphere.reg rh.fsaverage.sphere.reg 

#--------------------------------------------
#@# Jacobian white rh Wed Mar 11 16:36:15 CET 2026
/out/sourcedata/freesurfer/sub-v2s18x29514_ses-1/scripts

 mris_jacobian ../surf/rh.white.preaparc ../surf/rh.sphere.reg ../surf/rh.jacobian_white 

reading surface from ../surf/rh.white.preaparc...
writing curvature file ../surf/rh.jacobian_white
#--------------------------------------------
#@# AvgCurv rh Wed Mar 11 16:36:16 CET 2026
/out/sourcedata/freesurfer/sub-v2s18x29514_ses-1/scripts

 mrisp_paint -a 5 /opt/freesurfer/average/rh.folding.atlas.acfb40.noaparc.i12.2016-08-02.tif#6 ../surf/rh.sphere.reg ../surf/rh.avg_curv 

averaging curvature patterns 5 times...
reading surface from ../surf/rh.sphere.reg...
reading template parameterization from /opt/freesurfer/average/rh.folding.atlas.acfb40.noaparc.i12.2016-08-02.tif...
writing curvature file to ../surf/rh.avg_curv...
#-----------------------------------------
#@# Cortical Parc rh Wed Mar 11 16:36:17 CET 2026
/out/sourcedata/freesurfer/sub-v2s18x29514_ses-1/scripts

 mris_ca_label -l ../label/rh.cortex.label -aseg ../mri/aseg.presurf.mgz -seed 1234 sub-v2s18x29514_ses-1 rh ../surf/rh.sphere.reg /opt/freesurfer/average/rh.DKaparc.atlas.acfb40.noaparc.i12.2016-08-02.gcs ../label/rh.aparc.annot 

setting seed for random number generator to 1234
using ../mri/aseg.presurf.mgz aseg volume to correct midline
7.3.2
  7.3.2
reading atlas from /opt/freesurfer/average/rh.DKaparc.atlas.acfb40.noaparc.i12.2016-08-02.gcs...
reading color table from GCSA file....
average std = 0.7   using min determinant for regularization = 0.004
0 singular and 309 ill-conditioned covariance matrices regularized
input 0: MEAN CURVATURE, flags 0, avgs 5, name mean_curvature
labeling surface...
1114 labels changed using aseg
relabeling using gibbs priors...
000:   2991 changed, 141221 examined...
001:    692 changed, 12725 examined...
002:    150 changed, 3986 examined...
003:     41 changed, 922 examined...
004:     18 changed, 253 examined...
005:      7 changed, 104 examined...
006:      2 changed, 40 examined...
007:      5 changed, 15 examined...
008:      1 changed, 23 examined...
009:      0 changed, 7 examined...
174 labels changed using aseg
000: 108 total segments, 71 labels (184 vertices) changed
001: 38 total segments, 1 labels (1 vertices) changed
002: 37 total segments, 0 labels (0 vertices) changed
10 filter iterations complete (10 requested, 3 changed)
rationalizing unknown annotations with cortex label
relabeling unknown label...
relabeling corpuscallosum label...
1657 vertices marked for relabeling...
1657 labels changed in reclassification.
writing output to ../label/rh.aparc.annot...
classification took 0 minutes and 10 seconds.
#--------------------------------------------
#@# WhiteSurfs rh Wed Mar 11 16:36:27 CET 2026
cd /out/sourcedata/freesurfer/sub-v2s18x29514_ses-1/mri
mris_place_surface --adgws-in ../surf/autodet.gw.stats.rh.dat --seg aseg.presurf.mgz --threads 16 --wm wm.mgz --invol brain.finalsurfs.mgz --rh --i ../surf/rh.white.preaparc --o ../surf/rh.white --white --nsmooth 0 --rip-label ../label/rh.cortex.label --rip-bg --rip-surf ../surf/rh.white.preaparc --aparc ../label/rh.aparc.annot
7.3.2
7.3.2

cd /out/sourcedata/freesurfer/sub-v2s18x29514_ses-1/mri
setenv SUBJECTS_DIR /out/sourcedata/freesurfer
mris_place_surface --adgws-in ../surf/autodet.gw.stats.rh.dat --seg aseg.presurf.mgz --threads 16 --wm wm.mgz --invol brain.finalsurfs.mgz --rh --i ../surf/rh.white.preaparc --o ../surf/rh.white --white --nsmooth 0 --rip-label ../label/rh.cortex.label --rip-bg --rip-surf ../surf/rh.white.preaparc --aparc ../label/rh.aparc.annot 

Reading in input surface ../surf/rh.white.preaparc
Not smoothing input surface
Area    282438  0.34935  0.13716 0.000378   2.1055
Corner  847314 60.00000 14.91589 0.727942 177.1756
Edge    423657  0.91115  0.22598 0.020159   3.2793
Hinge   423657  9.84211 11.40855 0.000000 179.9373
Reading in aparc ../label/rh.aparc.annot
Reading in input volume brain.finalsurfs.mgz
Reading in wm volume wm.mgz
MRIclipBrightWM(): nthresh=18650, wmmin=5, clip=110 
MRIfindBrightNonWM(): 8 bright non-wm voxels segmented.
Masking bright non-wm for white surface
MRImask(): AllowDiffGeom = 1
MRImask(): AllowDiffGeom = 1
Reading in seg volume aseg.presurf.mgz
Ripping frozen voxels
Ripping vertices not in label ../label/rh.cortex.label
MRISripNotLabel() ripped 8082/141221 vertices (133139 unripped)
Reading in ripping surface ../surf/rh.white.preaparc
Reading in aparc ../label/rh.aparc.annot for ripsurf
Ripping BG
MRISripBasalGanglia(): 1 -2 2 0.5 ripped 614
Ripping segs (eg, WMSA, BG, frozen)
Starting MRISripSegs() d = (-2 2 0.5) segnos: 247 
MRISripSegs(): -2 2 0.5 ripped 0
vertex 70611: xyz = (12.6702,-5.17923,-0.761354) oxyz = (12.6702,-5.17923,-0.761354) wxzy = (12.6702,-5.17923,-0.761354) pxyz = (0,0,0) 
CBVO Creating mask 141221
n_averages 4
Iteration 0 =========================================
n_averages=4, current_sigma=2
Computing target border values 
Entering MRIScomputeBorderValues_new(): 
  inside_hi   = 120.0000000;
  border_hi   = 113.5174790;
  border_low  =  61.0000000;
  outside_low =  50.4749980;
  outside_hi  = 113.5174790;
  sigma = 2;
  max_thickness = 10;
  step_size=0.5;
  STEP_SIZE=0.1;
  which = 1
  thresh = 0
  flags = 0
  CBVfindFirstPeakD1=0
  CBVfindFirstPeakD2=0
  nvertices=141221
  Gdiag_no=-1
  vno start=0, stop=141221
Replacing 255s with 0s
#SI# sigma=2 had to be increased for 194 vertices, nripped=8696
mean border=74.6, 54 (54) missing vertices, mean dist 0.3 [0.8 (%11.6)->0.5 (%88.4))]
%73 local maxima, %21 large gradients and % 0 min vals, 0 gradients ignored
nFirstPeakD1 0
MRIScomputeBorderValues_new() finished in 0.0137 min


Finding expansion regions
mean absolute distance = 0.49 +- 0.75
2599 vertices more than 2 sigmas from mean.
Averaging target values for 5 iterations...
Positioning Surface: tspring = 0.3, nspring = 0.3, spring = 0, niters = 100 l_repulse = 5, l_surf_repulse = 0, checktol = 0
Positioning pial surface
Entering MRISpositionSurface()
  max_mm = 0.3
  MAX_REDUCTIONS = 2, REDUCTION_PCT = 0.5
  parms->check_tol = 0, niterations = 100
tol=1.0e-04, sigma=2.0, host=dna05, nav=4, nbrs=2, l_repulse=5.000, l_tspring=0.300, l_nspring=0.300, l_intensity=0.200, l_curv=1.000
mom=0.00, dt=0.50
complete_dist_mat 0
rms 0
smooth_averages 0
remove_neg 0
ico_order 0
which_surface 0
target_radius 0.000000
nfields 0
scale 0.000000
desired_rms_height 0.000000
momentum 0.000000
nbhd_size 0
max_nbrs 0
niterations 100
nsurfaces 0
SURFACES 3
flags 0 (0)
use curv 0
no sulc 0
no rigid align 0
mris->nsize 2
mris->hemisphere 1
randomSeed 0

000: dt: 0.0000, sse=2204330.0, rms=8.673
001: dt: 0.5000, sse=860085.2, rms=4.955 (42.864%)
002: dt: 0.5000, sse=635481.4, rms=4.007 (19.141%)
003: dt: 0.5000, sse=621916.3, rms=3.941 (1.654%)
004: dt: 0.5000, sse=590156.2, rms=3.778 (4.121%)
rms = 3.8885/3.7781, sse=613366.2/590156.3, time step reduction 1 of 3 to 0.250  0 1 1
   RMS increased, rejecting step
005: dt: 0.2500, sse=379113.2, rms=2.500 (33.841%)
006: dt: 0.2500, sse=309916.3, rms=1.903 (23.867%)
007: dt: 0.2500, sse=290340.9, rms=1.678 (11.813%)
008: dt: 0.2500, sse=287512.1, rms=1.621 (3.421%)
rms = 1.5713/1.6208, sse=281327.1/287512.1, time step reduction 2 of 3 to 0.125  0 0 1
009: dt: 0.2500, sse=281327.1, rms=1.571 (3.053%)
010: dt: 0.1250, sse=275553.3, rms=1.503 (4.338%)
rms = 1.4892/1.5032, sse=274779.1/275553.3, time step reduction 3 of 3 to 0.062  0 0 1
011: dt: 0.1250, sse=274779.1, rms=1.489 (0.929%)
  maximum number of reductions reached, breaking from loop
positioning took 1.1 minutes
Iteration 1 =========================================
n_averages=2, current_sigma=1
Computing target border values 
Entering MRIScomputeBorderValues_new(): 
  inside_hi   = 120.0000000;
  border_hi   = 113.5174790;
  border_low  =  61.0000000;
  outside_low =  50.4749980;
  outside_hi  = 113.5174790;
  sigma = 1;
  max_thickness = 10;
  step_size=0.5;
  STEP_SIZE=0.1;
  which = 1
  thresh = 0
  flags = 0
  CBVfindFirstPeakD1=0
  CBVfindFirstPeakD2=0
  nvertices=141221
  Gdiag_no=-1
  vno start=0, stop=141221
Replacing 255s with 0s
#SI# sigma=1 had to be increased for 205 vertices, nripped=8696
mean border=78.5, 89 (12) missing vertices, mean dist -0.2 [0.3 (%80.1)->0.2 (%19.9))]
%83 local maxima, %11 large gradients and % 0 min vals, 0 gradients ignored
nFirstPeakD1 0
MRIScomputeBorderValues_new() finished in 0.0099 min


Finding expansion regions
mean absolute distance = 0.29 +- 0.50
1937 vertices more than 2 sigmas from mean.
Averaging target values for 5 iterations...
Positioning Surface: tspring = 0.3, nspring = 0.3, spring = 0, niters = 100 l_repulse = 5, l_surf_repulse = 0, checktol = 0
Positioning pial surface
Entering MRISpositionSurface()
  max_mm = 0.3
  MAX_REDUCTIONS = 2, REDUCTION_PCT = 0.5
  parms->check_tol = 0, niterations = 100
tol=1.0e-04, sigma=1.0, host=dna05, nav=2, nbrs=2, l_repulse=5.000, l_tspring=0.300, l_nspring=0.300, l_intensity=0.200, l_curv=1.000
mom=0.00, dt=0.50
000: dt: 0.0000, sse=941234.4, rms=5.183
012: dt: 0.5000, sse=540952.5, rms=3.414 (34.137%)
rms = 3.8318/3.4136, sse=618070.1/540952.5, time step reduction 1 of 3 to 0.250  0 1 1
   RMS increased, rejecting step
013: dt: 0.2500, sse=373279.0, rms=2.327 (31.838%)
014: dt: 0.2500, sse=308813.2, rms=1.722 (25.987%)
015: dt: 0.2500, sse=286298.1, rms=1.455 (15.512%)
016: dt: 0.2500, sse=280538.8, rms=1.374 (5.536%)
rms = 1.3352/1.3744, sse=278082.3/280538.9, time step reduction 2 of 3 to 0.125  0 0 1
017: dt: 0.2500, sse=278082.3, rms=1.335 (2.852%)
018: dt: 0.1250, sse=272206.0, rms=1.258 (5.814%)
rms = 1.2477/1.2576, sse=271695.3/272206.0, time step reduction 3 of 3 to 0.062  0 0 1
019: dt: 0.1250, sse=271695.3, rms=1.248 (0.789%)
  maximum number of reductions reached, breaking from loop
positioning took 0.8 minutes
Iteration 2 =========================================
n_averages=1, current_sigma=0.5
Computing target border values 
Entering MRIScomputeBorderValues_new(): 
  inside_hi   = 120.0000000;
  border_hi   = 113.5174790;
  border_low  =  61.0000000;
  outside_low =  50.4749980;
  outside_hi  = 113.5174790;
  sigma = 0.5;
  max_thickness = 10;
  step_size=0.5;
  STEP_SIZE=0.1;
  which = 1
  thresh = 0
  flags = 0
  CBVfindFirstPeakD1=0
  CBVfindFirstPeakD2=0
  nvertices=141221
  Gdiag_no=-1
  vno start=0, stop=141221
Replacing 255s with 0s
#SI# sigma=0.5 had to be increased for 126 vertices, nripped=8696
mean border=80.7, 158 (9) missing vertices, mean dist -0.1 [0.2 (%71.0)->0.2 (%29.0))]
%87 local maxima, % 7 large gradients and % 0 min vals, 0 gradients ignored
nFirstPeakD1 0
MRIScomputeBorderValues_new() finished in 0.0060 min


Finding expansion regions
mean absolute distance = 0.20 +- 0.36
2244 vertices more than 2 sigmas from mean.
Averaging target values for 5 iterations...
Positioning Surface: tspring = 0.3, nspring = 0.3, spring = 0, niters = 100 l_repulse = 5, l_surf_repulse = 0, checktol = 0
Positioning pial surface
Entering MRISpositionSurface()
  max_mm = 0.3
  MAX_REDUCTIONS = 2, REDUCTION_PCT = 0.5
  parms->check_tol = 0, niterations = 100
tol=1.0e-04, sigma=0.5, host=dna05, nav=1, nbrs=2, l_repulse=5.000, l_tspring=0.300, l_nspring=0.300, l_intensity=0.200, l_curv=1.000
mom=0.00, dt=0.50
000: dt: 0.0000, sse=442078.3, rms=2.868
rms = 3.2344/2.8678, sse=508203.3/442078.4, time step reduction 1 of 3 to 0.250  0 1 1
   RMS increased, rejecting step
020: dt: 0.2500, sse=319134.7, rms=1.889 (34.135%)
021: dt: 0.2500, sse=268668.2, rms=1.268 (32.850%)
022: dt: 0.2500, sse=262861.4, rms=1.194 (5.883%)
rms = 1.1723/1.1938, sse=260963.2/262861.4, time step reduction 2 of 3 to 0.125  0 0 1
023: dt: 0.2500, sse=260963.2, rms=1.172 (1.800%)
024: dt: 0.1250, sse=257436.6, rms=1.118 (4.659%)
rms = 1.1136/1.1176, sse=257084.0/257436.6, time step reduction 3 of 3 to 0.062  0 0 1
025: dt: 0.1250, sse=257084.0, rms=1.114 (0.365%)
  maximum number of reductions reached, breaking from loop
positioning took 0.6 minutes
Iteration 3 =========================================
n_averages=0, current_sigma=0.25
Computing target border values 
Entering MRIScomputeBorderValues_new(): 
  inside_hi   = 120.0000000;
  border_hi   = 113.5174790;
  border_low  =  61.0000000;
  outside_low =  50.4749980;
  outside_hi  = 113.5174790;
  sigma = 0.25;
  max_thickness = 10;
  step_size=0.5;
  STEP_SIZE=0.1;
  which = 1
  thresh = 0
  flags = 0
  CBVfindFirstPeakD1=0
  CBVfindFirstPeakD2=0
  nvertices=141221
  Gdiag_no=-1
  vno start=0, stop=141221
Replacing 255s with 0s
#SI# sigma=0.25 had to be increased for 125 vertices, nripped=8696
mean border=81.4, 212 (4) missing vertices, mean dist -0.0 [0.2 (%56.6)->0.2 (%43.4))]
%88 local maxima, % 6 large gradients and % 0 min vals, 0 gradients ignored
nFirstPeakD1 0
MRIScomputeBorderValues_new() finished in 0.0038 min


Finding expansion regions
mean absolute distance = 0.18 +- 0.29
2246 vertices more than 2 sigmas from mean.
Averaging target values for 5 iterations...
Positioning Surface: tspring = 0.3, nspring = 0.3, spring = 0, niters = 100 l_repulse = 5, l_surf_repulse = 0, checktol = 0
Positioning pial surface
Entering MRISpositionSurface()
  max_mm = 0.3
  MAX_REDUCTIONS = 2, REDUCTION_PCT = 0.5
  parms->check_tol = 0, niterations = 100
tol=1.0e-04, sigma=0.2, host=dna05, nav=0, nbrs=2, l_repulse=5.000, l_tspring=0.300, l_nspring=0.300, l_intensity=0.200, l_curv=1.000
mom=0.00, dt=0.50
000: dt: 0.0000, sse=279286.4, rms=1.475
rms = 2.0767/1.4755, sse=347756.6/279286.4, time step reduction 1 of 3 to 0.250  0 1 1
   RMS increased, rejecting step
026: dt: 0.2500, sse=249017.8, rms=1.000 (32.232%)
027: dt: 0.2500, sse=245696.8, rms=0.888 (11.230%)
rms = 0.8997/0.8876, sse=246364.8/245696.8, time step reduction 2 of 3 to 0.125  0 1 1
   RMS increased, rejecting step
rms = 0.8731/0.8876, sse=245017.8/245696.8, time step reduction 3 of 3 to 0.062  0 0 1
028: dt: 0.1250, sse=245017.8, rms=0.873 (1.638%)
  maximum number of reductions reached, breaking from loop
positioning took 0.4 minutes


Writing output to ../surf/rh.white
#ET# mris_place_surface  3.04 minutes
#VMPC# mris_place_surfaces VmPeak  3128108
mris_place_surface done
#--------------------------------------------
#@# T1PialSurf rh Wed Mar 11 16:39:36 CET 2026
cd /out/sourcedata/freesurfer/sub-v2s18x29514_ses-1/mri
mris_place_surface --adgws-in ../surf/autodet.gw.stats.rh.dat --seg aseg.presurf.mgz --threads 16 --wm wm.mgz --invol brain.finalsurfs.mgz --rh --i ../surf/rh.white --o ../surf/rh.pial.T1 --pial --nsmooth 0 --rip-label ../label/rh.cortex+hipamyg.label --pin-medial-wall ../label/rh.cortex.label --aparc ../label/rh.aparc.annot --repulse-surf ../surf/rh.white --white-surf ../surf/rh.white
7.3.2
7.3.2

cd /out/sourcedata/freesurfer/sub-v2s18x29514_ses-1/mri
setenv SUBJECTS_DIR /out/sourcedata/freesurfer
mris_place_surface --adgws-in ../surf/autodet.gw.stats.rh.dat --seg aseg.presurf.mgz --threads 16 --wm wm.mgz --invol brain.finalsurfs.mgz --rh --i ../surf/rh.white --o ../surf/rh.pial.T1 --pial --nsmooth 0 --rip-label ../label/rh.cortex+hipamyg.label --pin-medial-wall ../label/rh.cortex.label --aparc ../label/rh.aparc.annot --repulse-surf ../surf/rh.white --white-surf ../surf/rh.white 

Reading in input surface ../surf/rh.white
Not smoothing input surface
Area    282438  0.35436  0.15392 0.000870   2.6848
Corner  847314 60.00000 16.59908 0.299715 179.2543
Edge    423657  0.91972  0.24834 0.024795   3.7337
Hinge   423657 10.08899 12.12714 0.000001 179.9308
Reading white surface coordinates from ../surf/rh.white
Reading repulsion surface coordinates from ../surf/rh.white
Reading in aparc ../label/rh.aparc.annot
Reading in input volume brain.finalsurfs.mgz
Reading in wm volume wm.mgz
MRIclipBrightWM(): nthresh=18650, wmmin=5, clip=110 
MRIfindBrightNonWM(): 8 bright non-wm voxels segmented.
Masking bright non-wm for pial surface mid_gray = 61.9538
MRImask(): AllowDiffGeom = 1
MRImask(): AllowDiffGeom = 1
MRImask(): AllowDiffGeom = 1
Reading in seg volume aseg.presurf.mgz
Ripping frozen voxels
Ripping vertices not in label ../label/rh.cortex+hipamyg.label
MRISripNotLabel() ripped 5559/141221 vertices (135662 unripped)
INFO: rip surface needed but not specified, so using input surface
Ripping segs (eg, WMSA, BG, frozen)
Starting MRISripSegs() d = (-2 2 0.5) segnos: 247 
MRISripSegs(): -2 2 0.5 ripped 0
vertex 70611: xyz = (12.6702,-5.17923,-0.761354) oxyz = (12.6702,-5.17923,-0.761354) wxzy = (12.6702,-5.17923,-0.761354) pxyz = (12.6702,-5.17923,-0.761354) 
CBVO Creating mask 141221
n_averages 16
Iteration 0 =========================================
n_averages=16, current_sigma=2
Computing target border values 
Entering MRIScomputeBorderValues_new(): 
  inside_hi   =  94.4825210;
  border_hi   =  50.4749980;
  border_low  =  29.4249950;
  outside_low =  10.0000000;
  outside_hi  =  45.2124980;
  sigma = 2;
  max_thickness = 10;
  step_size=0.5;
  STEP_SIZE=0.1;
  which = 2
  thresh = 0
  flags = 0
  CBVfindFirstPeakD1=0
  CBVfindFirstPeakD2=0
  nvertices=141221
  Gdiag_no=-1
  vno start=0, stop=141221
Replacing 255s with 0s
#SI# sigma=2 had to be increased for 286 vertices, nripped=5559
mean border=49.1, 132 (132) missing vertices, mean dist 1.5 [2.4 (%0.0)->2.9 (%100.0))]
% 8 local maxima, %42 large gradients and %45 min vals, 0 gradients ignored
nFirstPeakD1 0
MRIScomputeBorderValues_new() finished in 0.0131 min


Averaging target values for 5 iterations...
Positioning Surface: tspring = 0.3, nspring = 0.3, spring = 0, niters = 100 l_repulse = 0, l_surf_repulse = 5, checktol = 0
Positioning pial surface
Entering MRISpositionSurface()
  max_mm = 0.3
  MAX_REDUCTIONS = 2, REDUCTION_PCT = 0.5
  parms->check_tol = 0, niterations = 100
tol=1.0e-04, sigma=2.0, host=dna05, nav=16, nbrs=2, l_surf_repulse=5.000, l_tspring=0.300, l_nspring=0.300, l_intensity=0.200, l_curv=1.000
mom=0.00, dt=0.50
complete_dist_mat 0
rms 0
smooth_averages 0
remove_neg 0
ico_order 0
which_surface 0
target_radius 0.000000
nfields 0
scale 0.000000
desired_rms_height 0.000000
momentum 0.000000
nbhd_size 0
max_nbrs 0
niterations 100
nsurfaces 0
SURFACES 3
flags 0 (0)
use curv 0
no sulc 0
no rigid align 0
mris->nsize 2
mris->hemisphere 1
randomSeed 0

000: dt: 0.0000, sse=29495500.0, rms=32.864
001: dt: 0.5000, sse=18992754.0, rms=26.317 (19.923%)
002: dt: 0.5000, sse=11967613.0, rms=20.816 (20.900%)
003: dt: 0.5000, sse=7841453.0, rms=16.763 (19.473%)
004: dt: 0.5000, sse=5529843.0, rms=13.986 (16.568%)
005: dt: 0.5000, sse=4200200.5, rms=12.101 (13.479%)
006: dt: 0.5000, sse=3323561.0, rms=10.675 (11.784%)
007: dt: 0.5000, sse=2686713.0, rms=9.503 (10.975%)
008: dt: 0.5000, sse=2174426.5, rms=8.442 (11.170%)
009: dt: 0.5000, sse=1782576.8, rms=7.527 (10.830%)
010: dt: 0.5000, sse=1464039.6, rms=6.691 (11.109%)
011: dt: 0.5000, sse=1241234.2, rms=6.035 (9.800%)
012: dt: 0.5000, sse=1063341.4, rms=5.455 (9.615%)
013: dt: 0.5000, sse=944205.4, rms=5.027 (7.844%)
014: dt: 0.5000, sse=850353.4, rms=4.662 (7.269%)
015: dt: 0.5000, sse=793514.0, rms=4.423 (5.116%)
016: dt: 0.5000, sse=747145.6, rms=4.219 (4.623%)
017: dt: 0.5000, sse=720724.6, rms=4.095 (2.943%)
018: dt: 0.5000, sse=697012.4, rms=3.981 (2.764%)
019: dt: 0.5000, sse=686307.9, rms=3.926 (1.401%)
020: dt: 0.5000, sse=674863.1, rms=3.867 (1.495%)
rms = 3.8336/3.8670, sse=668765.0/674863.1, time step reduction 1 of 3 to 0.250  0 0 1
021: dt: 0.5000, sse=668765.0, rms=3.834 (0.863%)
022: dt: 0.2500, sse=588952.7, rms=3.407 (11.129%)
023: dt: 0.2500, sse=568616.8, rms=3.292 (3.368%)
rms = 3.2955/3.2922, sse=569599.5/568616.8, time step reduction 2 of 3 to 0.125  0 1 1
   RMS increased, rejecting step
rms = 3.2428/3.2922, sse=560103.5/568616.8, time step reduction 3 of 3 to 0.062  0 0 1
024: dt: 0.1250, sse=560103.5, rms=3.243 (1.499%)
  maximum number of reductions reached, breaking from loop
positioning took 2.0 minutes
Iteration 1 =========================================
n_averages=8, current_sigma=1
Computing target border values 
Entering MRIScomputeBorderValues_new(): 
  inside_hi   =  94.4825210;
  border_hi   =  50.4749980;
  border_low  =  29.4249950;
  outside_low =  10.0000000;
  outside_hi  =  45.2124980;
  sigma = 1;
  max_thickness = 10;
  step_size=0.5;
  STEP_SIZE=0.1;
  which = 2
  thresh = 0
  flags = 0
  CBVfindFirstPeakD1=0
  CBVfindFirstPeakD2=0
  nvertices=141221
  Gdiag_no=-1
  vno start=0, stop=141221
Replacing 255s with 0s
#SI# sigma=1 had to be increased for 12913 vertices, nripped=5559
mean border=48.0, 1956 (18) missing vertices, mean dist 0.1 [0.2 (%51.9)->0.7 (%48.1))]
%18 local maxima, %36 large gradients and %41 min vals, 0 gradients ignored
nFirstPeakD1 0
MRIScomputeBorderValues_new() finished in 0.0063 min


Averaging target values for 5 iterations...
Positioning Surface: tspring = 0.3, nspring = 0.3, spring = 0, niters = 100 l_repulse = 0, l_surf_repulse = 5, checktol = 0
Positioning pial surface
Entering MRISpositionSurface()
  max_mm = 0.3
  MAX_REDUCTIONS = 2, REDUCTION_PCT = 0.5
  parms->check_tol = 0, niterations = 100
tol=1.0e-04, sigma=1.0, host=dna05, nav=8, nbrs=2, l_surf_repulse=5.000, l_tspring=0.300, l_nspring=0.300, l_intensity=0.200, l_curv=1.000
mom=0.00, dt=0.50
000: dt: 0.0000, sse=781288.1, rms=4.026
025: dt: 0.5000, sse=750398.5, rms=3.882 (3.579%)
026: dt: 0.5000, sse=712914.7, rms=3.714 (4.329%)
rms = 3.7945/3.7138, sse=729984.7/712914.7, time step reduction 1 of 3 to 0.250  0 1 1
   RMS increased, rejecting step
027: dt: 0.2500, sse=639398.1, rms=3.315 (10.740%)
028: dt: 0.2500, sse=624214.6, rms=3.221 (2.835%)
rms = 3.2261/3.2210, sse=625295.1/624214.6, time step reduction 2 of 3 to 0.125  0 1 1
   RMS increased, rejecting step
029: dt: 0.1250, sse=613989.5, rms=3.160 (1.878%)
030: dt: 0.1250, sse=599030.6, rms=3.069 (2.905%)
rms = 3.0342/3.0686, sse=593522.3/599030.6, time step reduction 3 of 3 to 0.062  0 0 1
031: dt: 0.1250, sse=593522.3, rms=3.034 (1.121%)
  maximum number of reductions reached, breaking from loop
positioning took 0.7 minutes
Iteration 2 =========================================
n_averages=4, current_sigma=0.5
Computing target border values 
Entering MRIScomputeBorderValues_new(): 
  inside_hi   =  94.4825210;
  border_hi   =  50.4749980;
  border_low  =  29.4249950;
  outside_low =  10.0000000;
  outside_hi  =  45.2124980;
  sigma = 0.5;
  max_thickness = 10;
  step_size=0.5;
  STEP_SIZE=0.1;
  which = 2
  thresh = 0
  flags = 0
  CBVfindFirstPeakD1=0
  CBVfindFirstPeakD2=0
  nvertices=141221
  Gdiag_no=-1
  vno start=0, stop=141221
Replacing 255s with 0s
#SI# sigma=0.5 had to be increased for 14154 vertices, nripped=5559
mean border=47.3, 2338 (10) missing vertices, mean dist 0.1 [0.2 (%46.9)->0.5 (%53.1))]
%30 local maxima, %24 large gradients and %41 min vals, 0 gradients ignored
nFirstPeakD1 0
MRIScomputeBorderValues_new() finished in 0.0038 min


Averaging target values for 5 iterations...
Positioning Surface: tspring = 0.3, nspring = 0.3, spring = 0, niters = 100 l_repulse = 0, l_surf_repulse = 5, checktol = 0
Positioning pial surface
Entering MRISpositionSurface()
  max_mm = 0.3
  MAX_REDUCTIONS = 2, REDUCTION_PCT = 0.5
  parms->check_tol = 0, niterations = 100
tol=1.0e-04, sigma=0.5, host=dna05, nav=4, nbrs=2, l_surf_repulse=5.000, l_tspring=0.300, l_nspring=0.300, l_intensity=0.200, l_curv=1.000
mom=0.00, dt=0.50
000: dt: 0.0000, sse=648977.7, rms=3.318
rms = 3.5885/3.3180, sse=698394.5/648977.7, time step reduction 1 of 3 to 0.250  0 1 1
   RMS increased, rejecting step
032: dt: 0.2500, sse=623616.4, rms=3.172 (4.403%)
033: dt: 0.2500, sse=614691.7, rms=3.121 (1.594%)
rms = 3.1685/3.1214, sse=622358.5/614691.7, time step reduction 2 of 3 to 0.125  0 1 1
   RMS increased, rejecting step
rms = 3.0780/3.1214, sse=607551.9/614691.7, time step reduction 3 of 3 to 0.062  0 0 1
034: dt: 0.1250, sse=607551.9, rms=3.078 (1.388%)
  maximum number of reductions reached, breaking from loop
positioning took 0.3 minutes
Iteration 3 =========================================
n_averages=2, current_sigma=0.25
Computing target border values 
Entering MRIScomputeBorderValues_new(): 
  inside_hi   =  94.4825210;
  border_hi   =  50.4749980;
  border_low  =  29.4249950;
  outside_low =  10.0000000;
  outside_hi  =  45.2124980;
  sigma = 0.25;
  max_thickness = 10;
  step_size=0.5;
  STEP_SIZE=0.1;
  which = 2
  thresh = 0
  flags = 0
  CBVfindFirstPeakD1=0
  CBVfindFirstPeakD2=0
  nvertices=141221
  Gdiag_no=-1
  vno start=0, stop=141221
Replacing 255s with 0s
#SI# sigma=0.25 had to be increased for 12172 vertices, nripped=5559
mean border=46.8, 5201 (8) missing vertices, mean dist 0.1 [0.2 (%45.6)->0.4 (%54.4))]
%34 local maxima, %19 large gradients and %39 min vals, 0 gradients ignored
nFirstPeakD1 0
MRIScomputeBorderValues_new() finished in 0.0026 min


Averaging target values for 5 iterations...
Positioning Surface: tspring = 0.3, nspring = 0.3, spring = 0, niters = 100 l_repulse = 0, l_surf_repulse = 5, checktol = 0
Positioning pial surface
Entering MRISpositionSurface()
  max_mm = 0.3
  MAX_REDUCTIONS = 2, REDUCTION_PCT = 0.5
  parms->check_tol = 0, niterations = 100
tol=1.0e-04, sigma=0.2, host=dna05, nav=2, nbrs=2, l_surf_repulse=5.000, l_tspring=0.300, l_nspring=0.300, l_intensity=0.200, l_curv=1.000
mom=0.00, dt=0.50
000: dt: 0.0000, sse=634177.9, rms=3.233
rms = 3.5530/3.2327, sse=690174.3/634177.9, time step reduction 1 of 3 to 0.250  0 1 1
   RMS increased, rejecting step
035: dt: 0.2500, sse=610833.5, rms=3.096 (4.243%)
036: dt: 0.2500, sse=599419.4, rms=3.033 (2.015%)
rms = 3.1128/3.0332, sse=611924.7/599419.4, time step reduction 2 of 3 to 0.125  0 1 1
   RMS increased, rejecting step
rms = 2.9859/3.0332, sse=591826.1/599419.4, time step reduction 3 of 3 to 0.062  0 0 1
037: dt: 0.1250, sse=591826.1, rms=2.986 (1.559%)
  maximum number of reductions reached, breaking from loop
positioning took 0.3 minutes
Pinning medial wall to white surface
removing intersecting faces
000: 31 intersecting
terminating search with 0 intersecting


Writing output to ../surf/rh.pial.T1
#ET# mris_place_surface  3.54 minutes
#VMPC# mris_place_surfaces VmPeak  2433824
mris_place_surface done
#@# white curv rh Wed Mar 11 16:43:15 CET 2026
cd /out/sourcedata/freesurfer/sub-v2s18x29514_ses-1/mri
mris_place_surface --curv-map ../surf/rh.white 2 10 ../surf/rh.curv
insurf  ../surf/rh.white, nbrs 2, curvature_avgs 10
writing curvature file ../surf/rh.curv
#@# white area rh Wed Mar 11 16:43:17 CET 2026
cd /out/sourcedata/freesurfer/sub-v2s18x29514_ses-1/mri
mris_place_surface --area-map ../surf/rh.white ../surf/rh.area
writing curvature file ../surf/rh.area
#@# pial curv rh Wed Mar 11 16:43:17 CET 2026
cd /out/sourcedata/freesurfer/sub-v2s18x29514_ses-1/mri
mris_place_surface --curv-map ../surf/rh.pial 2 10 ../surf/rh.curv.pial
insurf  ../surf/rh.pial, nbrs 2, curvature_avgs 10
writing curvature file ../surf/rh.curv.pial
#@# pial area rh Wed Mar 11 16:43:20 CET 2026
cd /out/sourcedata/freesurfer/sub-v2s18x29514_ses-1/mri
mris_place_surface --area-map ../surf/rh.pial ../surf/rh.area.pial
writing curvature file ../surf/rh.area.pial
#@# thickness rh Wed Mar 11 16:43:20 CET 2026
cd /out/sourcedata/freesurfer/sub-v2s18x29514_ses-1/mri
mris_place_surface --thickness ../surf/rh.white ../surf/rh.pial 20 5 ../surf/rh.thickness
0 of 141221 vertices processed
25000 of 141221 vertices processed
50000 of 141221 vertices processed
75000 of 141221 vertices processed
100000 of 141221 vertices processed
125000 of 141221 vertices processed
0 of 141221 vertices processed
25000 of 141221 vertices processed
50000 of 141221 vertices processed
75000 of 141221 vertices processed
100000 of 141221 vertices processed
125000 of 141221 vertices processed
thickness calculation complete, 482:1884 truncations.
54160 vertices at 0 distance
111780 vertices at 1 distance
73852 vertices at 2 distance
26871 vertices at 3 distance
9424 vertices at 4 distance
3613 vertices at 5 distance
1401 vertices at 6 distance
523 vertices at 7 distance
226 vertices at 8 distance
127 vertices at 9 distance
90 vertices at 10 distance
82 vertices at 11 distance
53 vertices at 12 distance
54 vertices at 13 distance
47 vertices at 14 distance
30 vertices at 15 distance
22 vertices at 16 distance
27 vertices at 17 distance
16 vertices at 18 distance
21 vertices at 19 distance
23 vertices at 20 distance
writing curvature file ../surf/rh.thickness
#@# area and vertex vol rh Wed Mar 11 16:43:53 CET 2026
cd /out/sourcedata/freesurfer/sub-v2s18x29514_ses-1/mri
mris_place_surface --thickness ../surf/rh.white ../surf/rh.pial 20 5 ../surf/rh.thickness
/out/sourcedata/freesurfer/sub-v2s18x29514_ses-1/surf
mris_calc -o rh.area.mid rh.area add rh.area.pial
Saving result to 'rh.area.mid' (type = MRI_CURV_FILE)                       [ ok ]
mris_calc -o rh.area.mid rh.area.mid div 2
Saving result to 'rh.area.mid' (type = MRI_CURV_FILE)                       [ ok ]
mris_convert --volume sub-v2s18x29514_ses-1 rh /out/sourcedata/freesurfer/sub-v2s18x29514_ses-1/surf/rh.volume
masking with /out/sourcedata/freesurfer/sub-v2s18x29514_ses-1/label/rh.cortex.label
Total face volume 293178
Total vertex volume 292946 (mask=0)
#@# sub-v2s18x29514_ses-1 rh 292946
 
vertexvol Done

#-----------------------------------------
#@# Curvature Stats rh Wed Mar 11 16:43:54 CET 2026
/out/sourcedata/freesurfer/sub-v2s18x29514_ses-1/surf

 mris_curvature_stats -m --writeCurvatureFiles -G -o ../stats/rh.curv.stats -F smoothwm sub-v2s18x29514_ses-1 rh curv sulc 

             Toggling save flag on curvature files                       [ ok ]
                 Outputting results using filestem   [ ../stats/rh.curv.stats ]
             Toggling save flag on curvature files                       [ ok ]
                                   Setting surface [ sub-v2s18x29514_ses-1/rh.smoothwm ]
                                Reading surface...                       [ ok ]
                                   Setting texture                     [ curv ]
                                Reading texture...                       [ ok ]
                                   Setting texture                     [ sulc ]
                                Reading texture...Gb_filter = 0
                       [ ok ]
      Calculating Discrete Principal Curvatures...
      Determining geometric order for vno faces... [####################] [ ok ]
                      Determining KH curvatures... [####################] [ ok ]
                    Determining k1k2 curvatures... [####################] [ ok ]
                                   deltaViolations                      [ 259 ]
Gb_filter = 0

WARN:    S lookup   min:                          -0.289743
WARN:    S explicit min:                          0.000000	vertex = 1196
#-----------------------------------------
#@# Cortical Parc 2 rh Wed Mar 11 16:43:57 CET 2026
/out/sourcedata/freesurfer/sub-v2s18x29514_ses-1/scripts

 mris_ca_label -l ../label/rh.cortex.label -aseg ../mri/aseg.presurf.mgz -seed 1234 sub-v2s18x29514_ses-1 rh ../surf/rh.sphere.reg /opt/freesurfer/average/rh.CDaparc.atlas.acfb40.noaparc.i12.2016-08-02.gcs ../label/rh.aparc.a2009s.annot 

setting seed for random number generator to 1234
using ../mri/aseg.presurf.mgz aseg volume to correct midline
7.3.2
  7.3.2
reading atlas from /opt/freesurfer/average/rh.CDaparc.atlas.acfb40.noaparc.i12.2016-08-02.gcs...
reading color table from GCSA file....
average std = 1.4   using min determinant for regularization = 0.021
0 singular and 0 ill-conditioned covariance matrices regularized
input 0: MEAN CURVATURE, flags 0, avgs 5, name mean_curvature
labeling surface...
20 labels changed using aseg
relabeling using gibbs priors...
000:   9210 changed, 141221 examined...
001:   2034 changed, 36150 examined...
002:    612 changed, 10850 examined...
003:    253 changed, 3444 examined...
004:    112 changed, 1478 examined...
005:     57 changed, 655 examined...
006:     27 changed, 324 examined...
007:     21 changed, 154 examined...
008:     16 changed, 123 examined...
009:     10 changed, 79 examined...
010:      5 changed, 59 examined...
011:      2 changed, 30 examined...
012:      2 changed, 13 examined...
013:      2 changed, 10 examined...
014:      1 changed, 11 examined...
015:      2 changed, 7 examined...
016:      1 changed, 9 examined...
017:      2 changed, 7 examined...
018:      0 changed, 12 examined...
23 labels changed using aseg
000: 228 total segments, 145 labels (2331 vertices) changed
001: 93 total segments, 10 labels (62 vertices) changed
002: 83 total segments, 0 labels (0 vertices) changed
10 filter iterations complete (10 requested, 42 changed)
rationalizing unknown annotations with cortex label
relabeling Medial_wall label...
1238 vertices marked for relabeling...
1238 labels changed in reclassification.
writing output to ../label/rh.aparc.a2009s.annot...
classification took 0 minutes and 15 seconds.
#-----------------------------------------
#@# Cortical Parc 3 rh Wed Mar 11 16:44:11 CET 2026
/out/sourcedata/freesurfer/sub-v2s18x29514_ses-1/scripts

 mris_ca_label -l ../label/rh.cortex.label -aseg ../mri/aseg.presurf.mgz -seed 1234 sub-v2s18x29514_ses-1 rh ../surf/rh.sphere.reg /opt/freesurfer/average/rh.DKTaparc.atlas.acfb40.noaparc.i12.2016-08-02.gcs ../label/rh.aparc.DKTatlas.annot 

setting seed for random number generator to 1234
using ../mri/aseg.presurf.mgz aseg volume to correct midline
7.3.2
  7.3.2
reading atlas from /opt/freesurfer/average/rh.DKTaparc.atlas.acfb40.noaparc.i12.2016-08-02.gcs...
reading color table from GCSA file....
average std = 0.9   using min determinant for regularization = 0.009
0 singular and 325 ill-conditioned covariance matrices regularized
input 0: MEAN CURVATURE, flags 0, avgs 5, name mean_curvature
labeling surface...
1617 labels changed using aseg
relabeling using gibbs priors...
000:   1934 changed, 141221 examined...
001:    419 changed, 9308 examined...
002:    120 changed, 2452 examined...
003:     53 changed, 718 examined...
004:     25 changed, 314 examined...
005:     16 changed, 146 examined...
006:     11 changed, 90 examined...
007:      2 changed, 58 examined...
008:      1 changed, 13 examined...
009:      1 changed, 7 examined...
010:      1 changed, 7 examined...
011:      1 changed, 7 examined...
012:      1 changed, 7 examined...
013:      1 changed, 7 examined...
014:      0 changed, 7 examined...
197 labels changed using aseg
000: 49 total segments, 16 labels (35 vertices) changed
001: 33 total segments, 0 labels (0 vertices) changed
10 filter iterations complete (10 requested, 5 changed)
rationalizing unknown annotations with cortex label
relabeling unknown label...
relabeling corpuscallosum label...
957 vertices marked for relabeling...
957 labels changed in reclassification.
writing output to ../label/rh.aparc.DKTatlas.annot...
classification took 0 minutes and 10 seconds.
#-----------------------------------------
#@# WM/GM Contrast rh Wed Mar 11 16:44:22 CET 2026
/out/sourcedata/freesurfer/sub-v2s18x29514_ses-1/scripts

 pctsurfcon --s sub-v2s18x29514_ses-1 --rh-only 

Log file is /out/sourcedata/freesurfer/sub-v2s18x29514_ses-1/scripts/pctsurfcon.log
Wed Mar 11 16:44:22 CET 2026
setenv SUBJECTS_DIR /out/sourcedata/freesurfer
cd /out/sourcedata/freesurfer/sub-v2s18x29514_ses-1/scripts
/opt/freesurfer/bin/pctsurfcon
pctsurfcon 7.3.2
Linux dna056 5.14.0-427.37.1.el9_4.x86_64 #1 SMP PREEMPT_DYNAMIC Fri Sep 13 12:41:50 EDT 2024 x86_64 x86_64 x86_64 GNU/Linux
FREESURFER_HOME /opt/freesurfer
mri_vol2surf --mov /out/sourcedata/freesurfer/sub-v2s18x29514_ses-1/mri/rawavg.mgz --hemi rh --noreshape --interp trilinear --projdist -1 --o /out/sourcedata/freesurfer/sub-v2s18x29514_ses-1/surf/tmp.pctsurfcon.91725/rh.wm.mgh --regheader sub-v2s18x29514_ses-1 --cortex
srcvol = /out/sourcedata/freesurfer/sub-v2s18x29514_ses-1/mri/rawavg.mgz
srcreg unspecified
srcregold = 0
srcwarp unspecified
surf = white
hemi = rh
ProjDist = -1
reshape = 0
interp = trilinear
float2int = round
GetProjMax = 0
INFO: float2int code = 0
Done loading volume
Computing registration from header.
  Using /out/sourcedata/freesurfer/sub-v2s18x29514_ses-1/mri/orig.mgz as target reference.
-------- original matrix -----------
-0.99824  -0.01394  -0.05756   0.00005;
-0.05756  -0.00080   0.99834   0.00000;
 0.01396  -0.99990   0.00000   0.00003;
 0.00000   0.00000   0.00000   1.00000;
-------- original matrix -----------
Loading label /out/sourcedata/freesurfer/sub-v2s18x29514_ses-1/label/rh.cortex.label
Reading surface /out/sourcedata/freesurfer/sub-v2s18x29514_ses-1/surf/rh.white
Done reading source surface
Mapping Source Volume onto Source Subject Surface
Projecting -1 -1 1
 1 -1 -1 -1
using old
Done mapping volume to surface
Number of source voxels hit = 116320
Masking with /out/sourcedata/freesurfer/sub-v2s18x29514_ses-1/label/rh.cortex.label
Writing to /out/sourcedata/freesurfer/sub-v2s18x29514_ses-1/surf/tmp.pctsurfcon.91725/rh.wm.mgh
Dim: 141221 1 1
mri_vol2surf --mov /out/sourcedata/freesurfer/sub-v2s18x29514_ses-1/mri/rawavg.mgz --hemi rh --noreshape --interp trilinear --o /out/sourcedata/freesurfer/sub-v2s18x29514_ses-1/surf/tmp.pctsurfcon.91725/rh.gm.mgh --projfrac 0.3 --regheader sub-v2s18x29514_ses-1 --cortex
srcvol = /out/sourcedata/freesurfer/sub-v2s18x29514_ses-1/mri/rawavg.mgz
srcreg unspecified
srcregold = 0
srcwarp unspecified
surf = white
hemi = rh
ProjFrac = 0.3
thickness = thickness
reshape = 0
interp = trilinear
float2int = round
GetProjMax = 0
INFO: float2int code = 0
Done loading volume
Computing registration from header.
  Using /out/sourcedata/freesurfer/sub-v2s18x29514_ses-1/mri/orig.mgz as target reference.
-------- original matrix -----------
-0.99824  -0.01394  -0.05756   0.00005;
-0.05756  -0.00080   0.99834   0.00000;
 0.01396  -0.99990   0.00000   0.00003;
 0.00000   0.00000   0.00000   1.00000;
-------- original matrix -----------
Loading label /out/sourcedata/freesurfer/sub-v2s18x29514_ses-1/label/rh.cortex.label
Reading surface /out/sourcedata/freesurfer/sub-v2s18x29514_ses-1/surf/rh.white
Done reading source surface
Reading thickness /out/sourcedata/freesurfer/sub-v2s18x29514_ses-1/surf/rh.thickness
Done
Mapping Source Volume onto Source Subject Surface
Projecting 0.3 0.3 1
 1 0.3 0.3 0.3
using old
Done mapping volume to surface
Number of source voxels hit = 129268
Masking with /out/sourcedata/freesurfer/sub-v2s18x29514_ses-1/label/rh.cortex.label
Writing to /out/sourcedata/freesurfer/sub-v2s18x29514_ses-1/surf/tmp.pctsurfcon.91725/rh.gm.mgh
Dim: 141221 1 1
mri_concat /out/sourcedata/freesurfer/sub-v2s18x29514_ses-1/surf/tmp.pctsurfcon.91725/rh.wm.mgh /out/sourcedata/freesurfer/sub-v2s18x29514_ses-1/surf/tmp.pctsurfcon.91725/rh.gm.mgh --paired-diff-norm --mul 100 --o /out/sourcedata/freesurfer/sub-v2s18x29514_ses-1/surf/rh.w-g.pct.mgh
ninputs = 2
Checking inputs
nframestot = 2
Allocing output
Done allocing
Combining pairs
nframes = 1
Multiplying by 100.000000
Writing to /out/sourcedata/freesurfer/sub-v2s18x29514_ses-1/surf/rh.w-g.pct.mgh
mri_segstats --in /out/sourcedata/freesurfer/sub-v2s18x29514_ses-1/surf/rh.w-g.pct.mgh --annot sub-v2s18x29514_ses-1 rh aparc --sum /out/sourcedata/freesurfer/sub-v2s18x29514_ses-1/stats/rh.w-g.pct.stats --snr

7.3.2
cwd 
cmdline mri_segstats --in /out/sourcedata/freesurfer/sub-v2s18x29514_ses-1/surf/rh.w-g.pct.mgh --annot sub-v2s18x29514_ses-1 rh aparc --sum /out/sourcedata/freesurfer/sub-v2s18x29514_ses-1/stats/rh.w-g.pct.stats --snr 
sysname  Linux
hostname dna056
machine  x86_64
user     oesteban
whitesurfname  white
UseRobust  0
Constructing seg from annotation

Reading annotation /out/sourcedata/freesurfer/sub-v2s18x29514_ses-1/label/rh.aparc.annot
Seg base 2000
Loading /out/sourcedata/freesurfer/sub-v2s18x29514_ses-1/surf/rh.w-g.pct.mgh
Vertex Area is 0.708717 mm^3
Generating list of segmentation ids
Found  36 segmentations
Computing statistics for each segmentation

Reporting on  35 segmentations
Using PrintSegStat
mri_segstats done
Cleaning up

Started at Wed Mar 11 16:19:27 CET 2026 
Ended   at Wed Mar 11 16:44:27 CET 2026
#@#%# recon-all-run-time-hours 0.417
recon-all -s sub-v2s18x29514_ses-1 finished without error at Wed Mar 11 16:44:27 CET 2026



#New# invocation of recon-all 




Wed Mar 11 16:53:02 CET 2026
cd /out/sourcedata/freesurfer/sub-v2s18x29514_ses-1
setenv SUBJECTS_DIR /out/sourcedata/freesurfer
/opt/freesurfer/bin/recon-all -autorecon-hemi rh -nohyporelabel -rh-only -openmp 16 -subjid sub-v2s18x29514_ses-1 -sd /out/sourcedata/freesurfer -notessellate -nosmooth1 -noinflate1 -noqsphere -nofix -nowhite -nosmooth2 -noinflate2 -nocurvHK -nocurvstats -nosphere -nosurfreg -nojacobian_white -noavgcurv -nocortparc -nopial -nocortparc2 -nocortparc3 -nopctsurfcon

subjid sub-v2s18x29514_ses-1
setenv SUBJECTS_DIR /out/sourcedata/freesurfer
FREESURFER_HOME /opt/freesurfer
Actual FREESURFER_HOME /opt/freesurfer
build-stamp.txt: freesurfer-linux-ubuntu22_x86_64-7.3.2-20220804-6354275
Linux dna056 5.14.0-427.37.1.el9_4.x86_64 #1 SMP PREEMPT_DYNAMIC Fri Sep 13 12:41:50 EDT 2024 x86_64 x86_64 x86_64 GNU/Linux
cputime      unlimited
filesize     unlimited
datasize     unlimited
stacksize    8192 kbytes
coredumpsize 0 kbytes
memoryuse    67108864 kbytes
vmemoryuse   unlimited
descriptors  1024 
memorylocked unlimited
maxproc      2061970 
maxlocks     unlimited
maxsignal    2061970 
maxmessage   819200 
maxnice      0 
maxrtprio    0 
maxrttime    unlimited

               total        used        free      shared  buff/cache   available
Mem:           503Gi       122Gi       353Gi       9.3Gi        27Gi       368Gi
Swap:             0B          0B          0B

########################################
program versions used
7.3.2 (freesurfer-linux-ubuntu22_x86_64-7.3.2-20220804-6354275)
7.3.2

ProgramName: lta_convert  ProgramArguments: lta_convert -all-info  ProgramVersion: 7.3.2  TimeStamp: 2026/03/11-15:53:02-GMT  BuildTime: Aug  4 2022 06:17:15  BuildStamp: freesurfer-linux-ubuntu22_x86_64-7.3.2-20220804-6354275  User: oesteban  Machine: dna056  Platform: Linux  PlatformVersion: 5.14.0-427.37.1.el9_4.x86_64  CompilerName: GCC  CompilerVersion: 8.4.0
ProgramName: mri_and  ProgramArguments: mri_and -all-info  ProgramVersion: 7.3.2  TimeStamp: 2026/03/11-15:53:02-GMT  BuildTime: Aug  4 2022 06:17:15  BuildStamp: freesurfer-linux-ubuntu22_x86_64-7.3.2-20220804-6354275  User: oesteban  Machine: dna056  Platform: Linux  PlatformVersion: 5.14.0-427.37.1.el9_4.x86_64  CompilerName: GCC  CompilerVersion: 8.4.0
ProgramName: mri_annotation2label  ProgramArguments: mri_annotation2label -all-info  ProgramVersion: 7.3.2  TimeStamp: 2026/03/11-15:53:02-GMT  BuildTime: Aug  4 2022 06:17:15  BuildStamp: freesurfer-linux-ubuntu22_x86_64-7.3.2-20220804-6354275  User: oesteban  Machine: dna056  Platform: Linux  PlatformVersion: 5.14.0-427.37.1.el9_4.x86_64  CompilerName: GCC  CompilerVersion: 8.4.0
ProgramName: mri_aparc2aseg  ProgramArguments: mri_aparc2aseg -all-info  ProgramVersion: 7.3.2  TimeStamp: 2026/03/11-15:53:02-GMT  BuildTime: Aug  4 2022 06:17:15  BuildStamp: freesurfer-linux-ubuntu22_x86_64-7.3.2-20220804-6354275  User: oesteban  Machine: dna056  Platform: Linux  PlatformVersion: 5.14.0-427.37.1.el9_4.x86_64  CompilerName: GCC  CompilerVersion: 8.4.0
ProgramName: mri_surf2volseg  ProgramArguments: mri_surf2volseg -all-info  ProgramVersion: 7.3.2  TimeStamp: 2026/03/11-15:53:02-GMT  BuildTime: Aug  4 2022 06:17:15  BuildStamp: freesurfer-linux-ubuntu22_x86_64-7.3.2-20220804-6354275  User: oesteban  Machine: dna056  Platform: Linux  PlatformVersion: 5.14.0-427.37.1.el9_4.x86_64  CompilerName: GCC  CompilerVersion: 8.4.0
ProgramName: mri_binarize  ProgramArguments: mri_binarize -all-info  ProgramVersion: 7.3.2  TimeStamp: 2026/03/11-15:53:02-GMT  BuildTime: Aug  4 2022 06:17:15  BuildStamp: freesurfer-linux-ubuntu22_x86_64-7.3.2-20220804-6354275  User: oesteban  Machine: dna056  Platform: Linux  PlatformVersion: 5.14.0-427.37.1.el9_4.x86_64  CompilerName: GCC  CompilerVersion: 8.4.0
ProgramName: mri_ca_label  ProgramArguments: mri_ca_label -all-info  ProgramVersion: 7.3.2  TimeStamp: 2026/03/11-15:53:02-GMT  BuildTime: Aug  4 2022 06:17:15  BuildStamp: freesurfer-linux-ubuntu22_x86_64-7.3.2-20220804-6354275  User: oesteban  Machine: dna056  Platform: Linux  PlatformVersion: 5.14.0-427.37.1.el9_4.x86_64  CompilerName: GCC  CompilerVersion: 8.4.0
ProgramName: mri_ca_normalize  ProgramArguments: mri_ca_normalize -all-info  ProgramVersion: 7.3.2  TimeStamp: 2026/03/11-15:53:02-GMT  BuildTime: Aug  4 2022 06:17:15  BuildStamp: freesurfer-linux-ubuntu22_x86_64-7.3.2-20220804-6354275  User: oesteban  Machine: dna056  Platform: Linux  PlatformVersion: 5.14.0-427.37.1.el9_4.x86_64  CompilerName: GCC  CompilerVersion: 8.4.0
ProgramName: mri_ca_register  ProgramArguments: mri_ca_register -all-info  ProgramVersion: 7.3.2  TimeStamp: 2026/03/11-15:53:02-GMT  BuildTime: Aug  4 2022 06:17:15  BuildStamp: freesurfer-linux-ubuntu22_x86_64-7.3.2-20220804-6354275  User: oesteban  Machine: dna056  Platform: Linux  PlatformVersion: 5.14.0-427.37.1.el9_4.x86_64  CompilerName: GCC  CompilerVersion: 8.4.0
ProgramName: mri_cc  ProgramArguments: mri_cc -all-info  ProgramVersion: 7.3.2  TimeStamp: 2026/03/11-15:53:02-GMT  BuildTime: Aug  4 2022 06:17:15  BuildStamp: freesurfer-linux-ubuntu22_x86_64-7.3.2-20220804-6354275  User: oesteban  Machine: dna056  Platform: Linux  PlatformVersion: 5.14.0-427.37.1.el9_4.x86_64  CompilerName: GCC  CompilerVersion: 8.4.0
ProgramName: mri_compute_overlap  ProgramArguments: mri_compute_overlap -all-info  ProgramVersion: 7.3.2  TimeStamp: 2026/03/11-15:53:02-GMT  BuildTime: Aug  4 2022 06:17:15  BuildStamp: freesurfer-linux-ubuntu22_x86_64-7.3.2-20220804-6354275  User: oesteban  Machine: dna056  Platform: Linux  PlatformVersion: 5.14.0-427.37.1.el9_4.x86_64  CompilerName: GCC  CompilerVersion: 8.4.0
ProgramName: mri_compute_seg_overlap  ProgramArguments: mri_compute_seg_overlap -all-info  ProgramVersion: 7.3.2  TimeStamp: 2026/03/11-15:53:02-GMT  BuildTime: Aug  4 2022 06:17:15  BuildStamp: freesurfer-linux-ubuntu22_x86_64-7.3.2-20220804-6354275  User: oesteban  Machine: dna056  Platform: Linux  PlatformVersion: 5.14.0-427.37.1.el9_4.x86_64  CompilerName: GCC  CompilerVersion: 8.4.0
ProgramName: mri_concat  ProgramArguments: mri_concat -all-info  ProgramVersion: 7.3.2  TimeStamp: 2026/03/11-15:53:02-GMT  BuildTime: Aug  4 2022 06:17:15  BuildStamp: freesurfer-linux-ubuntu22_x86_64-7.3.2-20220804-6354275  User: oesteban  Machine: dna056  Platform: Linux  PlatformVersion: 5.14.0-427.37.1.el9_4.x86_64  CompilerName: GCC  CompilerVersion: 8.4.0
ProgramName: mri_concatenate_lta  ProgramArguments: mri_concatenate_lta -all-info  ProgramVersion: 7.3.2  TimeStamp: 2026/03/11-15:53:02-GMT  BuildTime: Aug  4 2022 06:17:15  BuildStamp: freesurfer-linux-ubuntu22_x86_64-7.3.2-20220804-6354275  User: oesteban  Machine: dna056  Platform: Linux  PlatformVersion: 5.14.0-427.37.1.el9_4.x86_64  CompilerName: GCC  CompilerVersion: 8.4.0
mri_convert -all-info 
ProgramName: mri_convert  ProgramArguments: mri_convert -all-info  ProgramVersion: 7.3.2  TimeStamp: 2026/03/11-15:53:02-GMT  BuildTime: Aug  4 2022 06:17:15  BuildStamp: freesurfer-linux-ubuntu22_x86_64-7.3.2-20220804-6354275  User: oesteban  Machine: dna056  Platform: Linux  PlatformVersion: 5.14.0-427.37.1.el9_4.x86_64  CompilerName: GCC  CompilerVersion: 8.4.0
ProgramName: mri_diff  ProgramArguments: mri_diff -all-info  ProgramVersion: 7.3.2  TimeStamp: 2026/03/11-15:53:02-GMT  BuildTime: Aug  4 2022 06:17:15  BuildStamp: freesurfer-linux-ubuntu22_x86_64-7.3.2-20220804-6354275  User: oesteban  Machine: dna056  Platform: Linux  PlatformVersion: 5.14.0-427.37.1.el9_4.x86_64  CompilerName: GCC  CompilerVersion: 8.4.0
ProgramName: mri_edit_wm_with_aseg  ProgramArguments: mri_edit_wm_with_aseg -all-info  ProgramVersion: 7.3.2  TimeStamp: 2026/03/11-15:53:02-GMT  BuildTime: Aug  4 2022 06:17:15  BuildStamp: freesurfer-linux-ubuntu22_x86_64-7.3.2-20220804-6354275  User: oesteban  Machine: dna056  Platform: Linux  PlatformVersion: 5.14.0-427.37.1.el9_4.x86_64  CompilerName: GCC  CompilerVersion: 8.4.0
ProgramName: mri_em_register  ProgramArguments: mri_em_register -all-info  ProgramVersion: 7.3.2  TimeStamp: 2026/03/11-15:53:02-GMT  BuildTime: Aug  4 2022 06:17:15  BuildStamp: freesurfer-linux-ubuntu22_x86_64-7.3.2-20220804-6354275  User: oesteban  Machine: dna056  Platform: Linux  PlatformVersion: 5.14.0-427.37.1.el9_4.x86_64  CompilerName: GCC  CompilerVersion: 8.4.0
ProgramName: mri_fill  ProgramArguments: mri_fill -all-info  ProgramVersion: 7.3.2  TimeStamp: 2026/03/11-15:53:02-GMT  BuildTime: Aug  4 2022 06:17:15  BuildStamp: freesurfer-linux-ubuntu22_x86_64-7.3.2-20220804-6354275  User: oesteban  Machine: dna056  Platform: Linux  PlatformVersion: 5.14.0-427.37.1.el9_4.x86_64  CompilerName: GCC  CompilerVersion: 8.4.0
ProgramName: mri_fuse_segmentations  ProgramArguments: mri_fuse_segmentations -all-info  ProgramVersion: 7.3.2  TimeStamp: 2026/03/11-15:53:02-GMT  BuildTime: Aug  4 2022 06:17:15  BuildStamp: freesurfer-linux-ubuntu22_x86_64-7.3.2-20220804-6354275  User: oesteban  Machine: dna056  Platform: Linux  PlatformVersion: 5.14.0-427.37.1.el9_4.x86_64  CompilerName: GCC  CompilerVersion: 8.4.0
ProgramName: mri_fwhm  ProgramArguments: mri_fwhm -all-info  ProgramVersion: 7.3.2  TimeStamp: 2026/03/11-15:53:02-GMT  BuildTime: Aug  4 2022 06:17:15  BuildStamp: freesurfer-linux-ubuntu22_x86_64-7.3.2-20220804-6354275  User: oesteban  Machine: dna056  Platform: Linux  PlatformVersion: 5.14.0-427.37.1.el9_4.x86_64  CompilerName: GCC  CompilerVersion: 8.4.0
ProgramName: mri_gcut  ProgramArguments: mri_gcut -all-info  ProgramVersion: 7.3.2  TimeStamp: 2026/03/11-15:53:02-GMT  BuildTime: Aug  4 2022 06:17:15  BuildStamp: freesurfer-linux-ubuntu22_x86_64-7.3.2-20220804-6354275  User: oesteban  Machine: dna056  Platform: Linux  PlatformVersion: 5.14.0-427.37.1.el9_4.x86_64  CompilerName: GCC  CompilerVersion: 8.4.0
ProgramName: mri_info  ProgramArguments: mri_info -all-info  ProgramVersion: 7.3.2  TimeStamp: 2026/03/11-15:53:02-GMT  BuildTime: Aug  4 2022 06:17:15  BuildStamp: freesurfer-linux-ubuntu22_x86_64-7.3.2-20220804-6354275  User: oesteban  Machine: dna056  Platform: Linux  PlatformVersion: 5.14.0-427.37.1.el9_4.x86_64  CompilerName: GCC  CompilerVersion: 8.4.0
ProgramName: mri_label2label  ProgramArguments: mri_label2label -all-info  ProgramVersion: 7.3.2  TimeStamp: 2026/03/11-15:53:02-GMT  BuildTime: Aug  4 2022 06:17:15  BuildStamp: freesurfer-linux-ubuntu22_x86_64-7.3.2-20220804-6354275  User: oesteban  Machine: dna056  Platform: Linux  PlatformVersion: 5.14.0-427.37.1.el9_4.x86_64  CompilerName: GCC  CompilerVersion: 8.4.0
ProgramName: mri_label2vol  ProgramArguments: mri_label2vol -all-info  ProgramVersion: 7.3.2  TimeStamp: 2026/03/11-15:53:02-GMT  BuildTime: Aug  4 2022 06:17:15  BuildStamp: freesurfer-linux-ubuntu22_x86_64-7.3.2-20220804-6354275  User: oesteban  Machine: dna056  Platform: Linux  PlatformVersion: 5.14.0-427.37.1.el9_4.x86_64  CompilerName: GCC  CompilerVersion: 8.4.0
ProgramName: mri_log_likelihood  ProgramArguments: mri_log_likelihood -all-info  ProgramVersion: 7.3.2  TimeStamp: 2026/03/11-15:53:02-GMT  BuildTime: Aug  4 2022 06:17:15  BuildStamp: freesurfer-linux-ubuntu22_x86_64-7.3.2-20220804-6354275  User: oesteban  Machine: dna056  Platform: Linux  PlatformVersion: 5.14.0-427.37.1.el9_4.x86_64  CompilerName: GCC  CompilerVersion: 8.4.0
ProgramName: mri_mask  ProgramArguments: mri_mask -all-info  ProgramVersion: 7.3.2  TimeStamp: 2026/03/11-15:53:02-GMT  BuildTime: Aug  4 2022 06:17:15  BuildStamp: freesurfer-linux-ubuntu22_x86_64-7.3.2-20220804-6354275  User: oesteban  Machine: dna056  Platform: Linux  PlatformVersion: 5.14.0-427.37.1.el9_4.x86_64  CompilerName: GCC  CompilerVersion: 8.4.0
ProgramName: mri_matrix_multiply  ProgramArguments: mri_matrix_multiply -all-info  ProgramVersion: 7.3.2  TimeStamp: 2026/03/11-15:53:02-GMT  BuildTime: Aug  4 2022 06:17:15  BuildStamp: freesurfer-linux-ubuntu22_x86_64-7.3.2-20220804-6354275  User: oesteban  Machine: dna056  Platform: Linux  PlatformVersion: 5.14.0-427.37.1.el9_4.x86_64  CompilerName: GCC  CompilerVersion: 8.4.0
ProgramName: mri_normalize  ProgramArguments: mri_normalize -all-info  ProgramVersion: 7.3.2  TimeStamp: 2026/03/11-15:53:02-GMT  BuildTime: Aug  4 2022 06:17:15  BuildStamp: freesurfer-linux-ubuntu22_x86_64-7.3.2-20220804-6354275  User: oesteban  Machine: dna056  Platform: Linux  PlatformVersion: 5.14.0-427.37.1.el9_4.x86_64  CompilerName: GCC  CompilerVersion: 8.4.0
ProgramName: mri_normalize_tp2  ProgramArguments: mri_normalize_tp2 -all-info  ProgramVersion: 7.3.2  TimeStamp: 2026/03/11-15:53:02-GMT  BuildTime: Aug  4 2022 06:17:15  BuildStamp: freesurfer-linux-ubuntu22_x86_64-7.3.2-20220804-6354275  User: oesteban  Machine: dna056  Platform: Linux  PlatformVersion: 5.14.0-427.37.1.el9_4.x86_64  CompilerName: GCC  CompilerVersion: 8.4.0
ProgramName: mri_or  ProgramArguments: mri_or -all-info  ProgramVersion: 7.3.2  TimeStamp: 2026/03/11-15:53:02-GMT  BuildTime: Aug  4 2022 06:17:15  BuildStamp: freesurfer-linux-ubuntu22_x86_64-7.3.2-20220804-6354275  User: oesteban  Machine: dna056  Platform: Linux  PlatformVersion: 5.14.0-427.37.1.el9_4.x86_64  CompilerName: GCC  CompilerVersion: 8.4.0
ProgramName: mri_relabel_hypointensities  ProgramArguments: mri_relabel_hypointensities -all-info  ProgramVersion: 7.3.2  TimeStamp: 2026/03/11-15:53:02-GMT  BuildTime: Aug  4 2022 06:17:15  BuildStamp: freesurfer-linux-ubuntu22_x86_64-7.3.2-20220804-6354275  User: oesteban  Machine: dna056  Platform: Linux  PlatformVersion: 5.14.0-427.37.1.el9_4.x86_64  CompilerName: GCC  CompilerVersion: 8.4.0
ProgramName: mri_relabel_nonwm_hypos  ProgramArguments: mri_relabel_nonwm_hypos -all-info  ProgramVersion: 7.3.2  TimeStamp: 2026/03/11-15:53:02-GMT  BuildTime: Aug  4 2022 06:17:15  BuildStamp: freesurfer-linux-ubuntu22_x86_64-7.3.2-20220804-6354275  User: oesteban  Machine: dna056  Platform: Linux  PlatformVersion: 5.14.0-427.37.1.el9_4.x86_64  CompilerName: GCC  CompilerVersion: 8.4.0
ProgramName: mri_remove_neck  ProgramArguments: mri_remove_neck -all-info  ProgramVersion: 7.3.2  TimeStamp: 2026/03/11-15:53:02-GMT  BuildTime: Aug  4 2022 06:17:15  BuildStamp: freesurfer-linux-ubuntu22_x86_64-7.3.2-20220804-6354275  User: oesteban  Machine: dna056  Platform: Linux  PlatformVersion: 5.14.0-427.37.1.el9_4.x86_64  CompilerName: GCC  CompilerVersion: 8.4.0
7.3.2

ProgramName: mri_robust_register  ProgramArguments: mri_robust_register -all-info  ProgramVersion: 7.3.2  TimeStamp: 2026/03/11-15:53:02-GMT  BuildTime: Aug  4 2022 06:17:15  BuildStamp: freesurfer-linux-ubuntu22_x86_64-7.3.2-20220804-6354275  User: oesteban  Machine: dna056  Platform: Linux  PlatformVersion: 5.14.0-427.37.1.el9_4.x86_64  CompilerName: GCC  CompilerVersion: 8.4.0
7.3.2

ProgramName: mri_robust_template  ProgramArguments: mri_robust_template -all-info  ProgramVersion: 7.3.2  TimeStamp: 2026/03/11-15:53:02-GMT  BuildTime: Aug  4 2022 06:17:15  BuildStamp: freesurfer-linux-ubuntu22_x86_64-7.3.2-20220804-6354275  User: oesteban  Machine: dna056  Platform: Linux  PlatformVersion: 5.14.0-427.37.1.el9_4.x86_64  CompilerName: GCC  CompilerVersion: 8.4.0
ProgramName: mris_anatomical_stats  ProgramArguments: mris_anatomical_stats -all-info  ProgramVersion: 7.3.2  TimeStamp: 2026/03/11-15:53:02-GMT  BuildTime: Aug  4 2022 06:17:15  BuildStamp: freesurfer-linux-ubuntu22_x86_64-7.3.2-20220804-6354275  User: oesteban  Machine: dna056  Platform: Linux  PlatformVersion: 5.14.0-427.37.1.el9_4.x86_64  CompilerName: GCC  CompilerVersion: 8.4.0
ProgramName: mris_ca_label  ProgramArguments: mris_ca_label -all-info  ProgramVersion: 7.3.2  TimeStamp: 2026/03/11-15:53:02-GMT  BuildTime: Aug  4 2022 06:17:15  BuildStamp: freesurfer-linux-ubuntu22_x86_64-7.3.2-20220804-6354275  User: oesteban  Machine: dna056  Platform: Linux  PlatformVersion: 5.14.0-427.37.1.el9_4.x86_64  CompilerName: GCC  CompilerVersion: 8.4.0
ProgramName: mris_calc  ProgramArguments: mris_calc -all-info  ProgramVersion: 7.3.2  TimeStamp: 2026/03/11-15:53:02-GMT  BuildTime: Aug  4 2022 06:17:15  BuildStamp: freesurfer-linux-ubuntu22_x86_64-7.3.2-20220804-6354275  User: oesteban  Machine: dna056  Platform: Linux  PlatformVersion: 5.14.0-427.37.1.el9_4.x86_64  CompilerName: GCC  CompilerVersion: 8.4.0
ProgramName: mris_convert  ProgramArguments: mris_convert -all-info  ProgramVersion: 7.3.2  TimeStamp: 2026/03/11-15:53:02-GMT  BuildTime: Aug  4 2022 06:17:15  BuildStamp: freesurfer-linux-ubuntu22_x86_64-7.3.2-20220804-6354275  User: oesteban  Machine: dna056  Platform: Linux  PlatformVersion: 5.14.0-427.37.1.el9_4.x86_64  CompilerName: GCC  CompilerVersion: 8.4.0
ProgramName: mris_curvature  ProgramArguments: mris_curvature -all-info  ProgramVersion: 7.3.2  TimeStamp: 2026/03/11-15:53:02-GMT  BuildTime: Aug  4 2022 06:17:15  BuildStamp: freesurfer-linux-ubuntu22_x86_64-7.3.2-20220804-6354275  User: oesteban  Machine: dna056  Platform: Linux  PlatformVersion: 5.14.0-427.37.1.el9_4.x86_64  CompilerName: GCC  CompilerVersion: 8.4.0
ProgramName: mris_curvature_stats  ProgramArguments: mris_curvature_stats -all-info  ProgramVersion: 7.3.2  TimeStamp: 2026/03/11-15:53:02-GMT  BuildTime: Aug  4 2022 06:17:15  BuildStamp: freesurfer-linux-ubuntu22_x86_64-7.3.2-20220804-6354275  User: oesteban  Machine: dna056  Platform: Linux  PlatformVersion: 5.14.0-427.37.1.el9_4.x86_64  CompilerName: GCC  CompilerVersion: 8.4.0
ProgramName: mris_diff  ProgramArguments: mris_diff -all-info  ProgramVersion: 7.3.2  TimeStamp: 2026/03/11-15:53:02-GMT  BuildTime: Aug  4 2022 06:17:15  BuildStamp: freesurfer-linux-ubuntu22_x86_64-7.3.2-20220804-6354275  User: oesteban  Machine: dna056  Platform: Linux  PlatformVersion: 5.14.0-427.37.1.el9_4.x86_64  CompilerName: GCC  CompilerVersion: 8.4.0
ProgramName: mris_divide_parcellation  ProgramArguments: mris_divide_parcellation -all-info  ProgramVersion: 7.3.2  TimeStamp: 2026/03/11-15:53:02-GMT  BuildTime: Aug  4 2022 06:17:15  BuildStamp: freesurfer-linux-ubuntu22_x86_64-7.3.2-20220804-6354275  User: oesteban  Machine: dna056  Platform: Linux  PlatformVersion: 5.14.0-427.37.1.el9_4.x86_64  CompilerName: GCC  CompilerVersion: 8.4.0
ProgramName: mri_segment  ProgramArguments: mri_segment -all-info  ProgramVersion: 7.3.2  TimeStamp: 2026/03/11-15:53:02-GMT  BuildTime: Aug  4 2022 06:17:15  BuildStamp: freesurfer-linux-ubuntu22_x86_64-7.3.2-20220804-6354275  User: oesteban  Machine: dna056  Platform: Linux  PlatformVersion: 5.14.0-427.37.1.el9_4.x86_64  CompilerName: GCC  CompilerVersion: 8.4.0
ProgramName: mri_segstats  ProgramArguments: mri_segstats -all-info  ProgramVersion: 7.3.2  TimeStamp: 2026/03/11-15:53:02-GMT  BuildTime: Aug  4 2022 06:17:15  BuildStamp: freesurfer-linux-ubuntu22_x86_64-7.3.2-20220804-6354275  User: oesteban  Machine: dna056  Platform: Linux  PlatformVersion: 5.14.0-427.37.1.el9_4.x86_64  CompilerName: GCC  CompilerVersion: 8.4.0
ProgramName: mris_euler_number  ProgramArguments: mris_euler_number -all-info  ProgramVersion: 7.3.2  TimeStamp: 2026/03/11-15:53:02-GMT  BuildTime: Aug  4 2022 06:17:15  BuildStamp: freesurfer-linux-ubuntu22_x86_64-7.3.2-20220804-6354275  User: oesteban  Machine: dna056  Platform: Linux  PlatformVersion: 5.14.0-427.37.1.el9_4.x86_64  CompilerName: GCC  CompilerVersion: 8.4.0
ProgramName: mris_fix_topology  ProgramArguments: mris_fix_topology -all-info  ProgramVersion: 7.3.2  TimeStamp: 2026/03/11-15:53:02-GMT  BuildTime: Aug  4 2022 06:17:15  BuildStamp: freesurfer-linux-ubuntu22_x86_64-7.3.2-20220804-6354275  User: oesteban  Machine: dna056  Platform: Linux  PlatformVersion: 5.14.0-427.37.1.el9_4.x86_64  CompilerName: GCC  CompilerVersion: 8.4.0
ProgramName: mris_topo_fixer  ProgramArguments: mris_topo_fixer -all-info  ProgramVersion: 7.3.2  TimeStamp: 2026/03/11-15:53:02-GMT  BuildTime: Aug  4 2022 06:17:15  BuildStamp: freesurfer-linux-ubuntu22_x86_64-7.3.2-20220804-6354275  User: oesteban  Machine: dna056  Platform: Linux  PlatformVersion: 5.14.0-427.37.1.el9_4.x86_64  CompilerName: GCC  CompilerVersion: 8.4.0
ProgramName: mris_jacobian  ProgramArguments: mris_jacobian -all-info  ProgramVersion: 7.3.2  TimeStamp: 2026/03/11-15:53:02-GMT  BuildTime: Aug  4 2022 06:17:15  BuildStamp: freesurfer-linux-ubuntu22_x86_64-7.3.2-20220804-6354275  User: oesteban  Machine: dna056  Platform: Linux  PlatformVersion: 5.14.0-427.37.1.el9_4.x86_64  CompilerName: GCC  CompilerVersion: 8.4.0
ProgramName: mris_label2annot  ProgramArguments: mris_label2annot -all-info  ProgramVersion: 7.3.2  TimeStamp: 2026/03/11-15:53:02-GMT  BuildTime: Aug  4 2022 06:17:15  BuildStamp: freesurfer-linux-ubuntu22_x86_64-7.3.2-20220804-6354275  User: oesteban  Machine: dna056  Platform: Linux  PlatformVersion: 5.14.0-427.37.1.el9_4.x86_64  CompilerName: GCC  CompilerVersion: 8.4.0
ProgramName: mris_left_right_register  ProgramArguments: mris_left_right_register -all-info  ProgramVersion: 7.3.2  TimeStamp: 2026/03/11-15:53:02-GMT  BuildTime: Aug  4 2022 06:17:15  BuildStamp: freesurfer-linux-ubuntu22_x86_64-7.3.2-20220804-6354275  User: oesteban  Machine: dna056  Platform: Linux  PlatformVersion: 5.14.0-427.37.1.el9_4.x86_64  CompilerName: GCC  CompilerVersion: 8.4.0
ProgramName: mris_place_surface  ProgramArguments: mris_place_surface -all-info  ProgramVersion: 7.3.2  TimeStamp: 2026/03/11-15:53:02-GMT  BuildTime: Aug  4 2022 06:17:15  BuildStamp: freesurfer-linux-ubuntu22_x86_64-7.3.2-20220804-6354275  User: oesteban  Machine: dna056  Platform: Linux  PlatformVersion: 5.14.0-427.37.1.el9_4.x86_64  CompilerName: GCC  CompilerVersion: 8.4.0
ProgramName: mrisp_paint  ProgramArguments: mrisp_paint -all-info  ProgramVersion: 7.3.2  TimeStamp: 2026/03/11-15:53:02-GMT  BuildTime: Aug  4 2022 06:17:15  BuildStamp: freesurfer-linux-ubuntu22_x86_64-7.3.2-20220804-6354275  User: oesteban  Machine: dna056  Platform: Linux  PlatformVersion: 5.14.0-427.37.1.el9_4.x86_64  CompilerName: GCC  CompilerVersion: 8.4.0
ProgramName: mris_register  ProgramArguments: mris_register -all-info  ProgramVersion: 7.3.2  TimeStamp: 2026/03/11-15:53:02-GMT  BuildTime: Aug  4 2022 06:17:15  BuildStamp: freesurfer-linux-ubuntu22_x86_64-7.3.2-20220804-6354275  User: oesteban  Machine: dna056  Platform: Linux  PlatformVersion: 5.14.0-427.37.1.el9_4.x86_64  CompilerName: GCC  CompilerVersion: 8.4.0
ProgramName: mris_smooth  ProgramArguments: mris_smooth -all-info  ProgramVersion: 7.3.2  TimeStamp: 2026/03/11-15:53:02-GMT  BuildTime: Aug  4 2022 06:17:15  BuildStamp: freesurfer-linux-ubuntu22_x86_64-7.3.2-20220804-6354275  User: oesteban  Machine: dna056  Platform: Linux  PlatformVersion: 5.14.0-427.37.1.el9_4.x86_64  CompilerName: GCC  CompilerVersion: 8.4.0
ProgramName: mris_sphere  ProgramArguments: mris_sphere -all-info  ProgramVersion: 7.3.2  TimeStamp: 2026/03/11-15:53:02-GMT  BuildTime: Aug  4 2022 06:17:15  BuildStamp: freesurfer-linux-ubuntu22_x86_64-7.3.2-20220804-6354275  User: oesteban  Machine: dna056  Platform: Linux  PlatformVersion: 5.14.0-427.37.1.el9_4.x86_64  CompilerName: GCC  CompilerVersion: 8.4.0
ProgramName: mris_surface_stats  ProgramArguments: mris_surface_stats -all-info  ProgramVersion: 7.3.2  TimeStamp: 2026/03/11-15:53:02-GMT  BuildTime: Aug  4 2022 06:17:15  BuildStamp: freesurfer-linux-ubuntu22_x86_64-7.3.2-20220804-6354275  User: oesteban  Machine: dna056  Platform: Linux  PlatformVersion: 5.14.0-427.37.1.el9_4.x86_64  CompilerName: GCC  CompilerVersion: 8.4.0
ProgramName: mri_stats2seg  ProgramArguments: mri_stats2seg -all-info  ProgramVersion: 7.3.2  TimeStamp: 2026/03/11-15:53:02-GMT  BuildTime: Aug  4 2022 06:17:15  BuildStamp: freesurfer-linux-ubuntu22_x86_64-7.3.2-20220804-6354275  User: oesteban  Machine: dna056  Platform: Linux  PlatformVersion: 5.14.0-427.37.1.el9_4.x86_64  CompilerName: GCC  CompilerVersion: 8.4.0
ProgramName: mris_thickness  ProgramArguments: mris_thickness -all-info  ProgramVersion: 7.3.2  TimeStamp: 2026/03/11-15:53:02-GMT  BuildTime: Aug  4 2022 06:17:15  BuildStamp: freesurfer-linux-ubuntu22_x86_64-7.3.2-20220804-6354275  User: oesteban  Machine: dna056  Platform: Linux  PlatformVersion: 5.14.0-427.37.1.el9_4.x86_64  CompilerName: GCC  CompilerVersion: 8.4.0
ProgramName: mris_thickness_diff  ProgramArguments: mris_thickness_diff -all-info  ProgramVersion: 7.3.2  TimeStamp: 2026/03/11-15:53:02-GMT  BuildTime: Aug  4 2022 06:17:15  BuildStamp: freesurfer-linux-ubuntu22_x86_64-7.3.2-20220804-6354275  User: oesteban  Machine: dna056  Platform: Linux  PlatformVersion: 5.14.0-427.37.1.el9_4.x86_64  CompilerName: GCC  CompilerVersion: 8.4.0
ProgramName: mris_topo_fixer  ProgramArguments: mris_topo_fixer -all-info  ProgramVersion: 7.3.2  TimeStamp: 2026/03/11-15:53:02-GMT  BuildTime: Aug  4 2022 06:17:15  BuildStamp: freesurfer-linux-ubuntu22_x86_64-7.3.2-20220804-6354275  User: oesteban  Machine: dna056  Platform: Linux  PlatformVersion: 5.14.0-427.37.1.el9_4.x86_64  CompilerName: GCC  CompilerVersion: 8.4.0
ProgramName: mri_surf2surf  ProgramArguments: mri_surf2surf -all-info  ProgramVersion: 7.3.2  TimeStamp: 2026/03/11-15:53:02-GMT  BuildTime: Aug  4 2022 06:17:15  BuildStamp: freesurfer-linux-ubuntu22_x86_64-7.3.2-20220804-6354275  User: oesteban  Machine: dna056  Platform: Linux  PlatformVersion: 5.14.0-427.37.1.el9_4.x86_64  CompilerName: GCC  CompilerVersion: 8.4.0
ProgramName: mri_surf2vol  ProgramArguments: mri_surf2vol -all-info  ProgramVersion: 7.3.2  TimeStamp: 2026/03/11-15:53:02-GMT  BuildTime: Aug  4 2022 06:17:15  BuildStamp: freesurfer-linux-ubuntu22_x86_64-7.3.2-20220804-6354275  User: oesteban  Machine: dna056  Platform: Linux  PlatformVersion: 5.14.0-427.37.1.el9_4.x86_64  CompilerName: GCC  CompilerVersion: 8.4.0
ProgramName: mri_surfcluster  ProgramArguments: mri_surfcluster -all-info  ProgramVersion: 7.3.2  TimeStamp: 2026/03/11-15:53:02-GMT  BuildTime: Aug  4 2022 06:17:15  BuildStamp: freesurfer-linux-ubuntu22_x86_64-7.3.2-20220804-6354275  User: oesteban  Machine: dna056  Platform: Linux  PlatformVersion: 5.14.0-427.37.1.el9_4.x86_64  CompilerName: GCC  CompilerVersion: 8.4.0
ProgramName: mris_volmask  ProgramArguments: mris_volmask -all-info  ProgramVersion: 7.3.2  TimeStamp: 2026/03/11-15:53:02-GMT  BuildTime: Aug  4 2022 06:17:15  BuildStamp: freesurfer-linux-ubuntu22_x86_64-7.3.2-20220804-6354275  User: oesteban  Machine: dna056  Platform: Linux  PlatformVersion: 5.14.0-427.37.1.el9_4.x86_64  CompilerName: GCC  CompilerVersion: 8.4.0
ProgramName: mri_tessellate  ProgramArguments: mri_tessellate -all-info  ProgramVersion: 7.3.2  TimeStamp: 2026/03/11-15:53:02-GMT  BuildTime: Aug  4 2022 06:17:15  BuildStamp: freesurfer-linux-ubuntu22_x86_64-7.3.2-20220804-6354275  User: oesteban  Machine: dna056  Platform: Linux  PlatformVersion: 5.14.0-427.37.1.el9_4.x86_64  CompilerName: GCC  CompilerVersion: 8.4.0
ProgramName: mri_vol2surf  ProgramArguments: mri_vol2surf -all-info  ProgramVersion: 7.3.2  TimeStamp: 2026/03/11-15:53:02-GMT  BuildTime: Aug  4 2022 06:17:15  BuildStamp: freesurfer-linux-ubuntu22_x86_64-7.3.2-20220804-6354275  User: oesteban  Machine: dna056  Platform: Linux  PlatformVersion: 5.14.0-427.37.1.el9_4.x86_64  CompilerName: GCC  CompilerVersion: 8.4.0
ProgramName: mri_vol2vol  ProgramArguments: mri_vol2vol -all-info  ProgramVersion: 7.3.2  TimeStamp: 2026/03/11-15:53:02-GMT  BuildTime: Aug  4 2022 06:17:15  BuildStamp: freesurfer-linux-ubuntu22_x86_64-7.3.2-20220804-6354275  User: oesteban  Machine: dna056  Platform: Linux  PlatformVersion: 5.14.0-427.37.1.el9_4.x86_64  CompilerName: GCC  CompilerVersion: 8.4.0
ProgramName: mri_voldiff  ProgramArguments: mri_voldiff -all-info  ProgramVersion: 7.3.2  TimeStamp: 2026/03/11-15:53:02-GMT  BuildTime: Aug  4 2022 06:17:15  BuildStamp: freesurfer-linux-ubuntu22_x86_64-7.3.2-20220804-6354275  User: oesteban  Machine: dna056  Platform: Linux  PlatformVersion: 5.14.0-427.37.1.el9_4.x86_64  CompilerName: GCC  CompilerVersion: 8.4.0
ProgramName: mri_watershed  ProgramArguments: mri_watershed -all-info  ProgramVersion: 7.3.2  TimeStamp: 2026/03/11-15:53:02-GMT  BuildTime: Aug  4 2022 06:17:15  BuildStamp: freesurfer-linux-ubuntu22_x86_64-7.3.2-20220804-6354275  User: oesteban  Machine: dna056  Platform: Linux  PlatformVersion: 5.14.0-427.37.1.el9_4.x86_64  CompilerName: GCC  CompilerVersion: 8.4.0
ProgramName: tkregister2  ProgramArguments: tkregister2_cmdl -all-info  ProgramVersion: 7.3.2  TimeStamp: 2026/03/11-15:53:02-GMT  BuildTime: Aug  4 2022 06:17:15  BuildStamp: freesurfer-linux-ubuntu22_x86_64-7.3.2-20220804-6354275  User: oesteban  Machine: dna056  Platform: Linux  PlatformVersion: 5.14.0-427.37.1.el9_4.x86_64  CompilerName: GCC  CompilerVersion: 8.4.0
mri_motion_correct.fsl 7.3.2
mri_convert -all-info 
ProgramName: mri_convert  ProgramArguments: mri_convert -all-info  ProgramVersion: 7.3.2  TimeStamp: 2026/03/11-15:53:02-GMT  BuildTime: Aug  4 2022 06:17:15  BuildStamp: freesurfer-linux-ubuntu22_x86_64-7.3.2-20220804-6354275  User: oesteban  Machine: dna056  Platform: Linux  PlatformVersion: 5.14.0-427.37.1.el9_4.x86_64  CompilerName: GCC  CompilerVersion: 8.4.0
Program nu_correct, built from:
Package MNI N3, version 1.12.0, compiled by nicks@terrier (x86_64-unknown-linux-gnu) on 2015-06-19 at 01:25:34
#######################################
GCADIR /opt/freesurfer/average
GCA RB_all_2020-01-02.gca
GCASkull RB_all_withskull_2020_01_02.gca
AvgCurvTif folding.atlas.acfb40.noaparc.i12.2016-08-02.tif
GCSDIR /opt/freesurfer/average
GCS DKaparc.atlas.acfb40.noaparc.i12.2016-08-02.gcs
#######################################
#--------------------------------------------
#@# AutoDetGWStats rh Wed Mar 11 16:53:02 CET 2026
cd /out/sourcedata/freesurfer/sub-v2s18x29514_ses-1/mri
mris_autodet_gwstats --o ../surf/autodet.gw.stats.rh.dat --i brain.finalsurfs.mgz --wm wm.mgz --surf ../surf/rh.orig.premesh
  Update not needed
#--------------------------------------------
#@# WhitePreAparc rh Wed Mar 11 16:53:02 CET 2026
cd /out/sourcedata/freesurfer/sub-v2s18x29514_ses-1/mri
mris_place_surface --adgws-in ../surf/autodet.gw.stats.rh.dat --wm wm.mgz --threads 16 --invol brain.finalsurfs.mgz --rh --i ../surf/rh.orig --o ../surf/rh.white.preaparc --white --seg aseg.presurf.mgz --nsmooth 5
   Update not needed
#--------------------------------------------
#@# CortexLabel rh Wed Mar 11 16:53:02 CET 2026
cd /out/sourcedata/freesurfer/sub-v2s18x29514_ses-1/mri
mri_label2label --label-cortex ../surf/rh.white.preaparc aseg.presurf.mgz 0 ../label/rh.cortex.label
   Update not needed
#--------------------------------------------
#@# CortexLabel+HipAmyg rh Wed Mar 11 16:53:02 CET 2026
cd /out/sourcedata/freesurfer/sub-v2s18x29514_ses-1/mri
mri_label2label --label-cortex ../surf/rh.white.preaparc aseg.presurf.mgz 1 ../label/rh.cortex+hipamyg.label
   Update not needed
#@# white curv rh Wed Mar 11 16:53:02 CET 2026
cd /out/sourcedata/freesurfer/sub-v2s18x29514_ses-1/mri
mris_place_surface --curv-map ../surf/rh.white 2 10 ../surf/rh.curv
   Update not needed
#@# white area rh Wed Mar 11 16:53:02 CET 2026
cd /out/sourcedata/freesurfer/sub-v2s18x29514_ses-1/mri
mris_place_surface --area-map ../surf/rh.white ../surf/rh.area
   Update not needed
#@# pial curv rh Wed Mar 11 16:53:02 CET 2026
cd /out/sourcedata/freesurfer/sub-v2s18x29514_ses-1/mri
mris_place_surface --curv-map ../surf/rh.pial 2 10 ../surf/rh.curv.pial
   Update not needed
#@# pial area rh Wed Mar 11 16:53:02 CET 2026
cd /out/sourcedata/freesurfer/sub-v2s18x29514_ses-1/mri
mris_place_surface --area-map ../surf/rh.pial ../surf/rh.area.pial
   Update not needed
#@# thickness rh Wed Mar 11 16:53:02 CET 2026
cd /out/sourcedata/freesurfer/sub-v2s18x29514_ses-1/mri
mris_place_surface --thickness ../surf/rh.white ../surf/rh.pial 20 5 ../surf/rh.thickness
   Update not needed
#@# area and vertex vol rh Wed Mar 11 16:53:02 CET 2026
cd /out/sourcedata/freesurfer/sub-v2s18x29514_ses-1/mri
mris_place_surface --thickness ../surf/rh.white ../surf/rh.pial 20 5 ../surf/rh.thickness
   Update not needed
#-----------------------------------------
#@# Parcellation Stats rh Wed Mar 11 16:53:02 CET 2026
/out/sourcedata/freesurfer/sub-v2s18x29514_ses-1/scripts

 mris_anatomical_stats -th3 -mgz -noglobal -cortex ../label/rh.cortex.label -f ../stats/rh.aparc.stats -b -a ../label/rh.aparc.annot -c ../label/aparc.annot.ctab sub-v2s18x29514_ses-1 rh white 

computing statistics for each annotation in ../label/rh.aparc.annot.
reading volume /out/sourcedata/freesurfer/sub-v2s18x29514_ses-1/mri/wm.mgz...
reading input surface /out/sourcedata/freesurfer/sub-v2s18x29514_ses-1/surf/rh.white...
reading input pial surface /out/sourcedata/freesurfer/sub-v2s18x29514_ses-1/surf/rh.pial...
reading input white surface /out/sourcedata/freesurfer/sub-v2s18x29514_ses-1/surf/rh.white...
INFO: using TH3 volume calc
INFO: assuming MGZ format for volumes.
INFO: not computing global stats
INFO: using ../label/rh.cortex.label as mask to calc cortex NumVert, SurfArea and MeanThickness.
Using TH3 vertex volume calc
Total face volume 293178
Total vertex volume 292946 (mask=0)
Saving annotation colortable ../label/aparc.annot.ctab

table columns are:
    number of vertices
    total surface area (mm^2)
    total gray matter volume (mm^3)
    average cortical thickness +- standard deviation (mm)
    integrated rectified mean curvature
    integrated rectified Gaussian curvature
    folding index
    intrinsic curvature index
    structure name

 1255    804   2381  3.011 0.398     0.070     0.010        4     0.5  bankssts
  969    684   2054  2.589 0.697     0.130     0.019       13     0.8  caudalanteriorcingulate
 3690   2725   7522  2.490 0.484     0.120     0.022       42     3.3  caudalmiddlefrontal
 2645   1985   4744  2.211 0.572     0.152     0.033       41     3.5  cuneus
  600    414   2062  3.224 0.906     0.126     0.023        9     0.6  entorhinal
 4255   3026  10655  3.019 0.598     0.111     0.021       46     3.3  fusiform
 7277   5246  17077  2.855 0.581     0.120     0.023       87     7.0  inferiorparietal
 4868   3605  13443  3.036 0.665     0.119     0.023       59     4.5  inferiortemporal
 1495   1059   3508  2.699 0.926     0.119     0.024       20     1.3  isthmuscingulate
 6900   5056  13377  2.399 0.648     0.142     0.032      107     9.1  lateraloccipital
 3819   2848   9226  2.947 0.777     0.141     0.037       54     5.9  lateralorbitofrontal
 4422   3230   8954  2.541 0.700     0.135     0.031       58     5.4  lingual
 3045   2257   6893  2.683 0.817     0.117     0.026       38     3.2  medialorbitofrontal
 4974   3695  14408  3.081 0.664     0.118     0.023       61     4.7  middletemporal
  962    621   2339  3.102 0.763     0.091     0.019        8     0.5  parahippocampal
 2263   1474   4350  2.726 0.575     0.101     0.017       15     1.6  paracentral
 1939   1398   4325  2.763 0.489     0.120     0.021       22     1.6  parsopercularis
 1107    842   2805  2.582 0.678     0.136     0.032       14     1.5  parsorbitalis
 2015   1571   4959  2.658 0.565     0.132     0.030       30     2.8  parstriangularis
 2528   1818   3200  2.023 0.585     0.124     0.029       28     2.9  pericalcarine
 7565   5074  13594  2.336 0.701     0.110     0.020       77     6.1  postcentral
 2082   1495   4373  2.622 0.732     0.134     0.026       28     2.2  posteriorcingulate
 8122   5442  16074  2.689 0.486     0.101     0.017       63     5.8  precentral
 6332   4508  13638  2.733 0.560     0.119     0.024       71     6.6  precuneus
  835    588   2024  2.619 0.909     0.118     0.020        9     0.7  rostralanteriorcingulate
 9288   7078  18452  2.233 0.618     0.135     0.032      144    12.6  rostralmiddlefrontal
11699   8342  26679  2.729 0.707     0.115     0.023      112    11.4  superiorfrontal
 9537   6623  17959  2.394 0.527     0.118     0.022      105     8.4  superiorparietal
 5501   3768  13905  3.090 0.625     0.098     0.019       46     4.9  superiortemporal
 5969   4182  13646  2.959 0.556     0.117     0.022       68     5.6  supramarginal
  538    441   1294  2.131 0.676     0.191     0.057       14     1.4  frontalpole
  648    596   3400  3.855 0.524     0.158     0.037       14     0.8  temporalpole
  558    383   1309  3.276 0.487     0.142     0.022        8     0.5  transversetemporal
 3437   2308   8317  3.599 0.826     0.097     0.020       21     2.9  insula

 mris_anatomical_stats -th3 -mgz -noglobal -cortex ../label/rh.cortex.label -f ../stats/rh.aparc.pial.stats -b -a ../label/rh.aparc.annot -c ../label/aparc.annot.ctab sub-v2s18x29514_ses-1 rh pial 

computing statistics for each annotation in ../label/rh.aparc.annot.
reading volume /out/sourcedata/freesurfer/sub-v2s18x29514_ses-1/mri/wm.mgz...
reading input surface /out/sourcedata/freesurfer/sub-v2s18x29514_ses-1/surf/rh.pial...
reading input pial surface /out/sourcedata/freesurfer/sub-v2s18x29514_ses-1/surf/rh.pial...
reading input white surface /out/sourcedata/freesurfer/sub-v2s18x29514_ses-1/surf/rh.white...
INFO: using TH3 volume calc
INFO: assuming MGZ format for volumes.
INFO: not computing global stats
INFO: using ../label/rh.cortex.label as mask to calc cortex NumVert, SurfArea and MeanThickness.
Using TH3 vertex volume calc
Total face volume 293178
Total vertex volume 292946 (mask=0)
Saving annotation colortable ../label/aparc.annot.ctab

table columns are:
    number of vertices
    total surface area (mm^2)
    total gray matter volume (mm^3)
    average cortical thickness +- standard deviation (mm)
    integrated rectified mean curvature
    integrated rectified Gaussian curvature
    folding index
    intrinsic curvature index
    structure name

 1255    758   2381  3.011 0.398     0.106     0.027       20     1.4  bankssts
  969    879   2054  2.589 0.697     0.189     0.052      136     1.7  caudalanteriorcingulate
 3690   3293   7522  2.490 0.484     0.149     0.035       56     5.6  caudalmiddlefrontal
 2645   2565   4744  2.211 0.572     0.168     0.044       72     4.5  cuneus
  600    798   2062  3.224 0.906     0.312     0.081       27     2.3  entorhinal
 4255   4046  10655  3.019 0.598     0.155     0.036       99     6.6  fusiform
 7277   6620  17077  2.855 0.581     0.155     0.037      129    11.3  inferiorparietal
 4868   5028  13443  3.036 0.665     0.168     0.041      144     8.3  inferiortemporal
 1495   1482   3508  2.699 0.926     0.200     0.054       51     3.7  isthmuscingulate
 6900   6189  13377  2.399 0.648     0.156     0.038      177    11.2  lateraloccipital
 3819   3563   9226  2.947 0.777     0.186     0.055       99     8.1  lateralorbitofrontal
 4422   4046   8954  2.541 0.700     0.171     0.048      147     8.2  lingual
 3045   3108   6893  2.683 0.817     0.170     0.044       62     5.5  medialorbitofrontal
 4974   5410  14408  3.081 0.664     0.175     0.038       78     8.3  middletemporal
  962    876   2339  3.102 0.763     0.185     0.048       21     2.0  parahippocampal
 2263   1698   4350  2.726 0.575     0.129     0.034       25     3.2  paracentral
 1939   1705   4325  2.763 0.489     0.157     0.037       36     3.1  parsopercularis
 1107   1286   2805  2.582 0.678     0.201     0.047       21     2.3  parsorbitalis
 2015   2116   4959  2.658 0.565     0.169     0.034       28     2.9  parstriangularis
 2528   1602   3200  2.023 0.585     0.128     0.035       67     3.4  pericalcarine
 7565   6534  13594  2.336 0.701     0.143     0.035      128    10.6  postcentral
 2082   1818   4373  2.622 0.732     0.173     0.088       43     4.1  posteriorcingulate
 8122   6311  16074  2.689 0.486     0.123     0.029      115     9.3  precentral
 6332   5467  13638  2.733 0.560     0.156     0.038      143    10.3  precuneus
  835    840   2024  2.619 0.909     0.178     0.044       13     1.5  rostralanteriorcingulate
 9288   9564  18452  2.233 0.618     0.182     0.042      171    17.3  rostralmiddlefrontal
11699  10815  26679  2.729 0.707     0.156     0.038      330    18.3  superiorfrontal
 9537   8317  17959  2.394 0.527     0.149     0.034      153    14.1  superiorparietal
 5501   5145  13905  3.090 0.625     0.157     0.034       90     8.5  superiortemporal
 5969   5039  13646  2.959 0.556     0.143     0.036      126     8.2  supramarginal
  538    748   1294  2.131 0.676     0.270     0.068       11     1.7  frontalpole
  648   1167   3400  3.855 0.524     0.238     0.048        9     1.6  temporalpole
  558    438   1309  3.276 0.487     0.140     0.049       24     0.8  transversetemporal
 3437   2278   8317  3.599 0.826     0.155     0.052      103     7.6  insula
#-----------------------------------------
#@# Parcellation Stats 2 rh Wed Mar 11 16:53:21 CET 2026
/out/sourcedata/freesurfer/sub-v2s18x29514_ses-1/scripts

 mris_anatomical_stats -th3 -mgz -noglobal -cortex ../label/rh.cortex.label -f ../stats/rh.aparc.a2009s.stats -b -a ../label/rh.aparc.a2009s.annot -c ../label/aparc.annot.a2009s.ctab sub-v2s18x29514_ses-1 rh white 

computing statistics for each annotation in ../label/rh.aparc.a2009s.annot.
reading volume /out/sourcedata/freesurfer/sub-v2s18x29514_ses-1/mri/wm.mgz...
reading input surface /out/sourcedata/freesurfer/sub-v2s18x29514_ses-1/surf/rh.white...
reading input pial surface /out/sourcedata/freesurfer/sub-v2s18x29514_ses-1/surf/rh.pial...
reading input white surface /out/sourcedata/freesurfer/sub-v2s18x29514_ses-1/surf/rh.white...
INFO: using TH3 volume calc
INFO: assuming MGZ format for volumes.
INFO: not computing global stats
INFO: using ../label/rh.cortex.label as mask to calc cortex NumVert, SurfArea and MeanThickness.
Using TH3 vertex volume calc
Total face volume 293178
Total vertex volume 292946 (mask=0)
Saving annotation colortable ../label/aparc.annot.a2009s.ctab

table columns are:
    number of vertices
    total surface area (mm^2)
    total gray matter volume (mm^3)
    average cortical thickness +- standard deviation (mm)
    integrated rectified mean curvature
    integrated rectified Gaussian curvature
    folding index
    intrinsic curvature index
    structure name

  893    732   1644  1.830 0.650     0.155     0.037       16     1.4  G_and_S_frontomargin
  885    714   2080  2.379 0.656     0.149     0.036       19     1.2  G_and_S_occipital_inf
 1460    992   3030  2.535 0.597     0.128     0.026       18     1.5  G_and_S_paracentral
 1854   1352   4518  2.959 0.497     0.135     0.025       25     1.9  G_and_S_subcentral
 1205    963   2617  2.051 0.650     0.152     0.041       23     2.1  G_and_S_transv_frontopol
 3135   2201   6568  2.747 0.719     0.102     0.017       25     2.4  G_and_S_cingul-Ant
 1498   1044   3259  2.824 0.549     0.104     0.017       14     1.1  G_and_S_cingul-Mid-Ant
 1742   1217   3779  2.873 0.493     0.122     0.024       18     1.8  G_and_S_cingul-Mid-Post
  603    440   1998  3.327 0.709     0.146     0.033       11     0.8  G_cingul-Post-dorsal
  308    226    991  2.985 0.893     0.133     0.033        6     0.4  G_cingul-Post-ventral
 2482   1916   4459  2.097 0.611     0.165     0.038       45     4.1  G_cuneus
 1291   1011   4067  3.001 0.427     0.132     0.024       21     1.2  G_front_inf-Opercular
  381    303   1260  2.942 0.542     0.146     0.034        6     0.6  G_front_inf-Orbital
  806    736   2824  2.883 0.556     0.174     0.048       21     1.9  G_front_inf-Triangul
 4705   3881  12565  2.480 0.583     0.153     0.037      106     7.3  G_front_middle
 7438   5442  20194  2.886 0.707     0.128     0.029       93     8.7  G_front_sup
  588    425   1924  4.010 0.748     0.104     0.023        6     0.4  G_Ins_lg_and_S_cent_ins
  743    514   2503  3.965 0.785     0.107     0.030        7     0.9  G_insular_short
 2138   1645   6733  3.015 0.574     0.150     0.032       38     3.0  G_occipital_middle
 1768   1278   3952  2.502 0.599     0.141     0.034       26     2.1  G_occipital_sup
 1742   1273   5454  3.162 0.590     0.131     0.029       38     1.9  G_oc-temp_lat-fusifor
 2811   2131   6604  2.602 0.694     0.151     0.037       45     4.2  G_oc-temp_med-Lingual
 1163    782   3922  3.306 0.856     0.117     0.026       16     1.0  G_oc-temp_med-Parahip
 2457   1992   8085  3.000 0.771     0.145     0.037       43     3.5  G_orbital
 2554   1988   8425  3.101 0.610     0.145     0.033       53     3.2  G_pariet_inf-Angular
 2767   2039   8297  3.168 0.571     0.133     0.028       47     3.2  G_pariet_inf-Supramar
 3353   2408   7154  2.446 0.544     0.128     0.025       44     3.4  G_parietal_sup
 2673   1750   5459  2.378 0.620     0.118     0.023       35     2.3  G_postcentral
 2743   1914   7490  2.908 0.423     0.111     0.021       32     2.2  G_precentral
 2561   1978   7667  2.906 0.631     0.145     0.032       47     3.4  G_precuneus
  830    680   2504  2.819 0.724     0.146     0.035       18     1.1  G_rectus
  552    421   1179  2.946 0.997     0.186     0.082       11     2.0  G_subcallosal
  375    250   1006  3.191 0.401     0.136     0.024        6     0.3  G_temp_sup-G_T_transv
 1906   1393   6606  3.264 0.654     0.131     0.033       29     3.1  G_temp_sup-Lateral
  985    683   2440  3.238 0.791     0.100     0.026        7     1.0  G_temp_sup-Plan_polar
  964    676   2229  2.967 0.453     0.094     0.014        6     0.5  G_temp_sup-Plan_tempo
 2636   2038   9113  3.251 0.676     0.136     0.029       47     2.8  G_temporal_inf
 2827   2185  10234  3.246 0.682     0.129     0.029       45     3.1  G_temporal_middle
  359    235    490  2.361 0.464     0.082     0.009        1     0.1  Lat_Fis-ant-Horizont
  294    206    479  2.564 0.504     0.114     0.021        2     0.2  Lat_Fis-ant-Vertical
 1527    992   2313  3.083 0.489     0.100     0.017        8     1.2  Lat_Fis-post
 3160   2225   4687  1.973 0.609     0.150     0.040       51     4.5  Pole_occipital
 1803   1599   7982  3.463 0.685     0.155     0.038       32     2.4  Pole_temporal
 2870   1980   4164  2.384 0.604     0.102     0.021       22     2.2  S_calcarine
 3463   2233   3955  2.010 0.559     0.087     0.014       16     2.0  S_central
 1517    999   2274  2.508 0.529     0.091     0.013        7     0.8  S_cingul-Marginalis
  617    405   1132  3.281 0.512     0.103     0.020        3     0.5  S_circular_insula_ant
 1284    813   2171  3.371 0.807     0.067     0.008        3     0.5  S_circular_insula_inf
 1546    985   2272  2.819 0.491     0.093     0.015        6     1.2  S_circular_insula_sup
 1241    825   2017  2.795 0.433     0.084     0.011        6     0.6  S_collat_transv_ant
  259    175    405  2.788 0.579     0.125     0.026        2     0.3  S_collat_transv_post
 1893   1281   2845  2.391 0.494     0.114     0.022       15     1.7  S_front_inf
 2867   2041   4179  2.037 0.487     0.115     0.022       23     2.9  S_front_middle
 3133   2121   4751  2.339 0.564     0.094     0.017       17     2.3  S_front_sup
  327    225    469  2.487 0.387     0.106     0.019        1     0.3  S_interm_prim-Jensen
 3784   2586   6066  2.379 0.469     0.103     0.017       29     2.7  S_intrapariet_and_P_trans
 1160    794   1617  2.381 0.482     0.109     0.017        7     0.9  S_oc_middle_and_Lunatus
 1747   1164   2597  2.484 0.515     0.104     0.018       10     1.3  S_oc_sup_and_transversal
  638    446   1104  2.810 0.478     0.109     0.018        4     0.5  S_occipital_ant
 1153    784   1817  2.596 0.395     0.087     0.012        6     0.6  S_oc-temp_lat
 1937   1294   3184  2.899 0.540     0.084     0.011        7     0.9  S_oc-temp_med_and_Lingual
  495    333    618  2.105 0.528     0.112     0.025        3     0.5  S_orbital_lateral
  795    532   1264  2.672 0.818     0.096     0.015        4     0.5  S_orbital_med-olfact
 1196    849   2288  2.596 0.678     0.127     0.028       14     1.5  S_orbital-H_Shaped
 2384   1632   3875  2.574 0.529     0.106     0.019       17     2.0  S_parieto_occipital
 1410    961   1447  1.825 0.547     0.125     0.016       18     0.8  S_pericallosal
 3345   2161   4627  2.388 0.463     0.098     0.017       21     2.3  S_postcentral
 2021   1308   2966  2.579 0.435     0.094     0.015       11     1.2  S_precentral-inf-part
 1658   1089   2394  2.545 0.448     0.091     0.013        8     1.0  S_precentral-sup-part
  351    242    452  1.897 0.761     0.115     0.015        2     0.3  S_suborbital
 1537   1078   2795  2.635 0.459     0.124     0.025       15     1.8  S_subparietal
 1365    925   1885  2.464 0.418     0.110     0.014        9     1.1  S_temporal_inf
 5841   3818   9876  2.856 0.472     0.085     0.012       24     3.3  S_temporal_sup
  340    235    656  3.481 0.673     0.105     0.010        2     0.2  S_temporal_transverse
#-----------------------------------------
#@# Parcellation Stats 3 rh Wed Mar 11 16:53:31 CET 2026
/out/sourcedata/freesurfer/sub-v2s18x29514_ses-1/scripts

 mris_anatomical_stats -th3 -mgz -noglobal -cortex ../label/rh.cortex.label -f ../stats/rh.aparc.DKTatlas.stats -b -a ../label/rh.aparc.DKTatlas.annot -c ../label/aparc.annot.DKTatlas.ctab sub-v2s18x29514_ses-1 rh white 

computing statistics for each annotation in ../label/rh.aparc.DKTatlas.annot.
reading volume /out/sourcedata/freesurfer/sub-v2s18x29514_ses-1/mri/wm.mgz...
reading input surface /out/sourcedata/freesurfer/sub-v2s18x29514_ses-1/surf/rh.white...
reading input pial surface /out/sourcedata/freesurfer/sub-v2s18x29514_ses-1/surf/rh.pial...
reading input white surface /out/sourcedata/freesurfer/sub-v2s18x29514_ses-1/surf/rh.white...
INFO: using TH3 volume calc
INFO: assuming MGZ format for volumes.
INFO: not computing global stats
INFO: using ../label/rh.cortex.label as mask to calc cortex NumVert, SurfArea and MeanThickness.
Using TH3 vertex volume calc
Total face volume 293178
Total vertex volume 292946 (mask=0)
Saving annotation colortable ../label/aparc.annot.DKTatlas.ctab

table columns are:
    number of vertices
    total surface area (mm^2)
    total gray matter volume (mm^3)
    average cortical thickness +- standard deviation (mm)
    integrated rectified mean curvature
    integrated rectified Gaussian curvature
    folding index
    intrinsic curvature index
    structure name

 1144    824   2580  2.616 0.702     0.132     0.020       16     1.1  caudalanteriorcingulate
 3867   2847   7751  2.491 0.491     0.119     0.022       43     3.4  caudalmiddlefrontal
 3104   2299   5474  2.216 0.571     0.145     0.032       44     4.0  cuneus
  552    372   1954  3.199 0.937     0.126     0.024        9     0.6  entorhinal
 3888   2730   9148  2.986 0.569     0.107     0.020       41     3.0  fusiform
 7254   5218  16815  2.841 0.579     0.121     0.023       87     7.1  inferiorparietal
 5273   3917  14979  3.061 0.680     0.119     0.024       64     4.9  inferiortemporal
 1461   1027   3374  2.677 0.919     0.117     0.024       19     1.3  isthmuscingulate
 7060   5179  13914  2.405 0.647     0.143     0.033      113     9.4  lateraloccipital
 4134   3122  10091  2.804 0.843     0.140     0.034       62     6.1  lateralorbitofrontal
 4344   3166   8811  2.542 0.700     0.134     0.031       56     5.2  lingual
 2413   1843   5789  2.772 0.848     0.136     0.037       38     3.7  medialorbitofrontal
 5996   4373  16419  3.064 0.630     0.112     0.022       66     5.2  middletemporal
 1031    672   2489  3.111 0.755     0.092     0.019        9     0.5  parahippocampal
 2384   1560   4729  2.751 0.579     0.102     0.017       17     1.7  paracentral
 2239   1616   4841  2.768 0.475     0.120     0.021       25     1.9  parsopercularis
 1006    734   2536  2.839 0.638     0.122     0.025       11     1.0  parsorbitalis
 1904   1477   4613  2.621 0.587     0.136     0.032       29     2.8  parstriangularis
 2487   1802   3157  2.021 0.583     0.127     0.029       29     2.9  pericalcarine
 8341   5574  14595  2.315 0.682     0.110     0.020       84     6.7  postcentral
 2181   1579   4679  2.657 0.731     0.134     0.025       29     2.3  posteriorcingulate
 7682   5168  15542  2.698 0.492     0.103     0.018       62     5.6  precentral
 6466   4633  14279  2.737 0.570     0.121     0.025       76     6.7  precuneus
 1201    863   2855  2.612 0.930     0.127     0.027       17     1.4  rostralanteriorcingulate
 6678   5059  13200  2.260 0.587     0.134     0.031      104     9.0  rostralmiddlefrontal
14756  10635  32245  2.605 0.716     0.117     0.025      149    15.3  superiorfrontal
 8000   5568  15177  2.405 0.514     0.117     0.022       86     6.9  superiorparietal
 6996   4918  18882  3.150 0.645     0.103     0.020       65     6.3  superiortemporal
 5627   3944  12946  2.978 0.559     0.117     0.022       64     5.4  supramarginal
  535    368   1293  3.274 0.485     0.141     0.022        8     0.5  transversetemporal
 3135   2097   7787  3.668 0.785     0.094     0.019       18     2.3  insula
/out/sourcedata/freesurfer/sub-v2s18x29514_ses-1/label
#--------------------------------------------
#@# BA_exvivo Labels rh Wed Mar 11 16:53:40 CET 2026

 mri_label2label --srcsubject fsaverage --srclabel /out/sourcedata/freesurfer/fsaverage/label/rh.BA1_exvivo.label --trgsubject sub-v2s18x29514_ses-1 --trglabel ./rh.BA1_exvivo.label --hemi rh --regmethod surface 


srclabel = /out/sourcedata/freesurfer/fsaverage/label/rh.BA1_exvivo.label
srcsubject = fsaverage
trgsubject = sub-v2s18x29514_ses-1
trglabel = ./rh.BA1_exvivo.label
regmethod = surface

srchemi = rh
trghemi = rh
trgsurface = white
srcsurfreg = sphere.reg
trgsurfreg = sphere.reg
usehash = 1
Use ProjAbs  = 0, 0
Use ProjFrac = 0, 0
DoPaint 0

SUBJECTS_DIR    /out/sourcedata/freesurfer
FREESURFER_HOME /opt/freesurfer
Loading source label.
Found 3962 points in source label.
Starting surface-based mapping
Reading source registration 
 /out/sourcedata/freesurfer/fsaverage/surf/rh.sphere.reg
Rescaling ...  original radius = 100
Reading target surface 
 /out/sourcedata/freesurfer/sub-v2s18x29514_ses-1/surf/rh.white
Reading target registration 
 /out/sourcedata/freesurfer/sub-v2s18x29514_ses-1/surf/rh.sphere.reg
Rescaling ...  original radius = 100
Building target registration hash (res=16).
Building source registration hash (res=16).
INFO: found  3962 nlabel points
Performing mapping from target back to the source label 141221
Number of reverse mapping hits = 394
Checking for and removing duplicates
Writing label file ./rh.BA1_exvivo.label 4356
mri_label2label: Done


 mri_label2label --srcsubject fsaverage --srclabel /out/sourcedata/freesurfer/fsaverage/label/rh.BA2_exvivo.label --trgsubject sub-v2s18x29514_ses-1 --trglabel ./rh.BA2_exvivo.label --hemi rh --regmethod surface 


srclabel = /out/sourcedata/freesurfer/fsaverage/label/rh.BA2_exvivo.label
srcsubject = fsaverage
trgsubject = sub-v2s18x29514_ses-1
trglabel = ./rh.BA2_exvivo.label
regmethod = surface

srchemi = rh
trghemi = rh
trgsurface = white
srcsurfreg = sphere.reg
trgsurfreg = sphere.reg
usehash = 1
Use ProjAbs  = 0, 0
Use ProjFrac = 0, 0
DoPaint 0

SUBJECTS_DIR    /out/sourcedata/freesurfer
FREESURFER_HOME /opt/freesurfer
Loading source label.
Found 6687 points in source label.
Starting surface-based mapping
Reading source registration 
 /out/sourcedata/freesurfer/fsaverage/surf/rh.sphere.reg
Rescaling ...  original radius = 100
Reading target surface 
 /out/sourcedata/freesurfer/sub-v2s18x29514_ses-1/surf/rh.white
Reading target registration 
 /out/sourcedata/freesurfer/sub-v2s18x29514_ses-1/surf/rh.sphere.reg
Rescaling ...  original radius = 100
Building target registration hash (res=16).
Building source registration hash (res=16).
INFO: found  6687 nlabel points
Performing mapping from target back to the source label 141221
Number of reverse mapping hits = 559
Checking for and removing duplicates
Writing label file ./rh.BA2_exvivo.label 7246
mri_label2label: Done


 mri_label2label --srcsubject fsaverage --srclabel /out/sourcedata/freesurfer/fsaverage/label/rh.BA3a_exvivo.label --trgsubject sub-v2s18x29514_ses-1 --trglabel ./rh.BA3a_exvivo.label --hemi rh --regmethod surface 


srclabel = /out/sourcedata/freesurfer/fsaverage/label/rh.BA3a_exvivo.label
srcsubject = fsaverage
trgsubject = sub-v2s18x29514_ses-1
trglabel = ./rh.BA3a_exvivo.label
regmethod = surface

srchemi = rh
trghemi = rh
trgsurface = white
srcsurfreg = sphere.reg
trgsurfreg = sphere.reg
usehash = 1
Use ProjAbs  = 0, 0
Use ProjFrac = 0, 0
DoPaint 0

SUBJECTS_DIR    /out/sourcedata/freesurfer
FREESURFER_HOME /opt/freesurfer
Loading source label.
Found 3980 points in source label.
Starting surface-based mapping
Reading source registration 
 /out/sourcedata/freesurfer/fsaverage/surf/rh.sphere.reg
Rescaling ...  original radius = 100
Reading target surface 
 /out/sourcedata/freesurfer/sub-v2s18x29514_ses-1/surf/rh.white
Reading target registration 
 /out/sourcedata/freesurfer/sub-v2s18x29514_ses-1/surf/rh.sphere.reg
Rescaling ...  original radius = 100
Building target registration hash (res=16).
Building source registration hash (res=16).
INFO: found  3980 nlabel points
Performing mapping from target back to the source label 141221
Number of reverse mapping hits = 67
Checking for and removing duplicates
Writing label file ./rh.BA3a_exvivo.label 4047
mri_label2label: Done


 mri_label2label --srcsubject fsaverage --srclabel /out/sourcedata/freesurfer/fsaverage/label/rh.BA3b_exvivo.label --trgsubject sub-v2s18x29514_ses-1 --trglabel ./rh.BA3b_exvivo.label --hemi rh --regmethod surface 


srclabel = /out/sourcedata/freesurfer/fsaverage/label/rh.BA3b_exvivo.label
srcsubject = fsaverage
trgsubject = sub-v2s18x29514_ses-1
trglabel = ./rh.BA3b_exvivo.label
regmethod = surface

srchemi = rh
trghemi = rh
trgsurface = white
srcsurfreg = sphere.reg
trgsurfreg = sphere.reg
usehash = 1
Use ProjAbs  = 0, 0
Use ProjFrac = 0, 0
DoPaint 0

SUBJECTS_DIR    /out/sourcedata/freesurfer
FREESURFER_HOME /opt/freesurfer
Loading source label.
Found 4522 points in source label.
Starting surface-based mapping
Reading source registration 
 /out/sourcedata/freesurfer/fsaverage/surf/rh.sphere.reg
Rescaling ...  original radius = 100
Reading target surface 
 /out/sourcedata/freesurfer/sub-v2s18x29514_ses-1/surf/rh.white
Reading target registration 
 /out/sourcedata/freesurfer/sub-v2s18x29514_ses-1/surf/rh.sphere.reg
Rescaling ...  original radius = 100
Building target registration hash (res=16).
Building source registration hash (res=16).
INFO: found  4522 nlabel points
Performing mapping from target back to the source label 141221
Number of reverse mapping hits = 232
Checking for and removing duplicates
Writing label file ./rh.BA3b_exvivo.label 4754
mri_label2label: Done


 mri_label2label --srcsubject fsaverage --srclabel /out/sourcedata/freesurfer/fsaverage/label/rh.BA4a_exvivo.label --trgsubject sub-v2s18x29514_ses-1 --trglabel ./rh.BA4a_exvivo.label --hemi rh --regmethod surface 


srclabel = /out/sourcedata/freesurfer/fsaverage/label/rh.BA4a_exvivo.label
srcsubject = fsaverage
trgsubject = sub-v2s18x29514_ses-1
trglabel = ./rh.BA4a_exvivo.label
regmethod = surface

srchemi = rh
trghemi = rh
trgsurface = white
srcsurfreg = sphere.reg
trgsurfreg = sphere.reg
usehash = 1
Use ProjAbs  = 0, 0
Use ProjFrac = 0, 0
DoPaint 0

SUBJECTS_DIR    /out/sourcedata/freesurfer
FREESURFER_HOME /opt/freesurfer
Loading source label.
Found 5747 points in source label.
Starting surface-based mapping
Reading source registration 
 /out/sourcedata/freesurfer/fsaverage/surf/rh.sphere.reg
Rescaling ...  original radius = 100
Reading target surface 
 /out/sourcedata/freesurfer/sub-v2s18x29514_ses-1/surf/rh.white
Reading target registration 
 /out/sourcedata/freesurfer/sub-v2s18x29514_ses-1/surf/rh.sphere.reg
Rescaling ...  original radius = 100
Building target registration hash (res=16).
Building source registration hash (res=16).
INFO: found  5747 nlabel points
Performing mapping from target back to the source label 141221
Number of reverse mapping hits = 135
Checking for and removing duplicates
Writing label file ./rh.BA4a_exvivo.label 5882
mri_label2label: Done


 mri_label2label --srcsubject fsaverage --srclabel /out/sourcedata/freesurfer/fsaverage/label/rh.BA4p_exvivo.label --trgsubject sub-v2s18x29514_ses-1 --trglabel ./rh.BA4p_exvivo.label --hemi rh --regmethod surface 


srclabel = /out/sourcedata/freesurfer/fsaverage/label/rh.BA4p_exvivo.label
srcsubject = fsaverage
trgsubject = sub-v2s18x29514_ses-1
trglabel = ./rh.BA4p_exvivo.label
regmethod = surface

srchemi = rh
trghemi = rh
trgsurface = white
srcsurfreg = sphere.reg
trgsurfreg = sphere.reg
usehash = 1
Use ProjAbs  = 0, 0
Use ProjFrac = 0, 0
DoPaint 0

SUBJECTS_DIR    /out/sourcedata/freesurfer
FREESURFER_HOME /opt/freesurfer
Loading source label.
Found 4473 points in source label.
Starting surface-based mapping
Reading source registration 
 /out/sourcedata/freesurfer/fsaverage/surf/rh.sphere.reg
Rescaling ...  original radius = 100
Reading target surface 
 /out/sourcedata/freesurfer/sub-v2s18x29514_ses-1/surf/rh.white
Reading target registration 
 /out/sourcedata/freesurfer/sub-v2s18x29514_ses-1/surf/rh.sphere.reg
Rescaling ...  original radius = 100
Building target registration hash (res=16).
Building source registration hash (res=16).
INFO: found  4473 nlabel points
Performing mapping from target back to the source label 141221
Number of reverse mapping hits = 70
Checking for and removing duplicates
Writing label file ./rh.BA4p_exvivo.label 4543
mri_label2label: Done


 mri_label2label --srcsubject fsaverage --srclabel /out/sourcedata/freesurfer/fsaverage/label/rh.BA6_exvivo.label --trgsubject sub-v2s18x29514_ses-1 --trglabel ./rh.BA6_exvivo.label --hemi rh --regmethod surface 


srclabel = /out/sourcedata/freesurfer/fsaverage/label/rh.BA6_exvivo.label
srcsubject = fsaverage
trgsubject = sub-v2s18x29514_ses-1
trglabel = ./rh.BA6_exvivo.label
regmethod = surface

srchemi = rh
trghemi = rh
trgsurface = white
srcsurfreg = sphere.reg
trgsurfreg = sphere.reg
usehash = 1
Use ProjAbs  = 0, 0
Use ProjFrac = 0, 0
DoPaint 0

SUBJECTS_DIR    /out/sourcedata/freesurfer
FREESURFER_HOME /opt/freesurfer
Loading source label.
Found 12256 points in source label.
Starting surface-based mapping
Reading source registration 
 /out/sourcedata/freesurfer/fsaverage/surf/rh.sphere.reg
Rescaling ...  original radius = 100
Reading target surface 
 /out/sourcedata/freesurfer/sub-v2s18x29514_ses-1/surf/rh.white
Reading target registration 
 /out/sourcedata/freesurfer/sub-v2s18x29514_ses-1/surf/rh.sphere.reg
Rescaling ...  original radius = 100
Building target registration hash (res=16).
Building source registration hash (res=16).
INFO: found  12256 nlabel points
Performing mapping from target back to the source label 141221
Number of reverse mapping hits = 712
Checking for and removing duplicates
Writing label file ./rh.BA6_exvivo.label 12968
mri_label2label: Done


 mri_label2label --srcsubject fsaverage --srclabel /out/sourcedata/freesurfer/fsaverage/label/rh.BA44_exvivo.label --trgsubject sub-v2s18x29514_ses-1 --trglabel ./rh.BA44_exvivo.label --hemi rh --regmethod surface 


srclabel = /out/sourcedata/freesurfer/fsaverage/label/rh.BA44_exvivo.label
srcsubject = fsaverage
trgsubject = sub-v2s18x29514_ses-1
trglabel = ./rh.BA44_exvivo.label
regmethod = surface

srchemi = rh
trghemi = rh
trgsurface = white
srcsurfreg = sphere.reg
trgsurfreg = sphere.reg
usehash = 1
Use ProjAbs  = 0, 0
Use ProjFrac = 0, 0
DoPaint 0

SUBJECTS_DIR    /out/sourcedata/freesurfer
FREESURFER_HOME /opt/freesurfer
Loading source label.
Found 6912 points in source label.
Starting surface-based mapping
Reading source registration 
 /out/sourcedata/freesurfer/fsaverage/surf/rh.sphere.reg
Rescaling ...  original radius = 100
Reading target surface 
 /out/sourcedata/freesurfer/sub-v2s18x29514_ses-1/surf/rh.white
Reading target registration 
 /out/sourcedata/freesurfer/sub-v2s18x29514_ses-1/surf/rh.sphere.reg
Rescaling ...  original radius = 100
Building target registration hash (res=16).
Building source registration hash (res=16).
INFO: found  6912 nlabel points
Performing mapping from target back to the source label 141221
Number of reverse mapping hits = 394
Checking for and removing duplicates
Writing label file ./rh.BA44_exvivo.label 7306
mri_label2label: Done


 mri_label2label --srcsubject fsaverage --srclabel /out/sourcedata/freesurfer/fsaverage/label/rh.BA45_exvivo.label --trgsubject sub-v2s18x29514_ses-1 --trglabel ./rh.BA45_exvivo.label --hemi rh --regmethod surface 


srclabel = /out/sourcedata/freesurfer/fsaverage/label/rh.BA45_exvivo.label
srcsubject = fsaverage
trgsubject = sub-v2s18x29514_ses-1
trglabel = ./rh.BA45_exvivo.label
regmethod = surface

srchemi = rh
trghemi = rh
trgsurface = white
srcsurfreg = sphere.reg
trgsurfreg = sphere.reg
usehash = 1
Use ProjAbs  = 0, 0
Use ProjFrac = 0, 0
DoPaint 0

SUBJECTS_DIR    /out/sourcedata/freesurfer
FREESURFER_HOME /opt/freesurfer
Loading source label.
Found 5355 points in source label.
Starting surface-based mapping
Reading source registration 
 /out/sourcedata/freesurfer/fsaverage/surf/rh.sphere.reg
Rescaling ...  original radius = 100
Reading target surface 
 /out/sourcedata/freesurfer/sub-v2s18x29514_ses-1/surf/rh.white
Reading target registration 
 /out/sourcedata/freesurfer/sub-v2s18x29514_ses-1/surf/rh.sphere.reg
Rescaling ...  original radius = 100
Building target registration hash (res=16).
Building source registration hash (res=16).
INFO: found  5355 nlabel points
Performing mapping from target back to the source label 141221
Number of reverse mapping hits = 417
Checking for and removing duplicates
Writing label file ./rh.BA45_exvivo.label 5772
mri_label2label: Done


 mri_label2label --srcsubject fsaverage --srclabel /out/sourcedata/freesurfer/fsaverage/label/rh.V1_exvivo.label --trgsubject sub-v2s18x29514_ses-1 --trglabel ./rh.V1_exvivo.label --hemi rh --regmethod surface 


srclabel = /out/sourcedata/freesurfer/fsaverage/label/rh.V1_exvivo.label
srcsubject = fsaverage
trgsubject = sub-v2s18x29514_ses-1
trglabel = ./rh.V1_exvivo.label
regmethod = surface

srchemi = rh
trghemi = rh
trgsurface = white
srcsurfreg = sphere.reg
trgsurfreg = sphere.reg
usehash = 1
Use ProjAbs  = 0, 0
Use ProjFrac = 0, 0
DoPaint 0

SUBJECTS_DIR    /out/sourcedata/freesurfer
FREESURFER_HOME /opt/freesurfer
Loading source label.
Found 4727 points in source label.
Starting surface-based mapping
Reading source registration 
 /out/sourcedata/freesurfer/fsaverage/surf/rh.sphere.reg
Rescaling ...  original radius = 100
Reading target surface 
 /out/sourcedata/freesurfer/sub-v2s18x29514_ses-1/surf/rh.white
Reading target registration 
 /out/sourcedata/freesurfer/sub-v2s18x29514_ses-1/surf/rh.sphere.reg
Rescaling ...  original radius = 100
Building target registration hash (res=16).
Building source registration hash (res=16).
INFO: found  4727 nlabel points
Performing mapping from target back to the source label 141221
Number of reverse mapping hits = 1356
Checking for and removing duplicates
Writing label file ./rh.V1_exvivo.label 6083
mri_label2label: Done


 mri_label2label --srcsubject fsaverage --srclabel /out/sourcedata/freesurfer/fsaverage/label/rh.V2_exvivo.label --trgsubject sub-v2s18x29514_ses-1 --trglabel ./rh.V2_exvivo.label --hemi rh --regmethod surface 


srclabel = /out/sourcedata/freesurfer/fsaverage/label/rh.V2_exvivo.label
srcsubject = fsaverage
trgsubject = sub-v2s18x29514_ses-1
trglabel = ./rh.V2_exvivo.label
regmethod = surface

srchemi = rh
trghemi = rh
trgsurface = white
srcsurfreg = sphere.reg
trgsurfreg = sphere.reg
usehash = 1
Use ProjAbs  = 0, 0
Use ProjFrac = 0, 0
DoPaint 0

SUBJECTS_DIR    /out/sourcedata/freesurfer
FREESURFER_HOME /opt/freesurfer
Loading source label.
Found 8016 points in source label.
Starting surface-based mapping
Reading source registration 
 /out/sourcedata/freesurfer/fsaverage/surf/rh.sphere.reg
Rescaling ...  original radius = 100
Reading target surface 
 /out/sourcedata/freesurfer/sub-v2s18x29514_ses-1/surf/rh.white
Reading target registration 
 /out/sourcedata/freesurfer/sub-v2s18x29514_ses-1/surf/rh.sphere.reg
Rescaling ...  original radius = 100
Building target registration hash (res=16).
Building source registration hash (res=16).
INFO: found  8016 nlabel points
Performing mapping from target back to the source label 141221
Number of reverse mapping hits = 2184
Checking for and removing duplicates
Writing label file ./rh.V2_exvivo.label 10200
mri_label2label: Done


 mri_label2label --srcsubject fsaverage --srclabel /out/sourcedata/freesurfer/fsaverage/label/rh.MT_exvivo.label --trgsubject sub-v2s18x29514_ses-1 --trglabel ./rh.MT_exvivo.label --hemi rh --regmethod surface 


srclabel = /out/sourcedata/freesurfer/fsaverage/label/rh.MT_exvivo.label
srcsubject = fsaverage
trgsubject = sub-v2s18x29514_ses-1
trglabel = ./rh.MT_exvivo.label
regmethod = surface

srchemi = rh
trghemi = rh
trgsurface = white
srcsurfreg = sphere.reg
trgsurfreg = sphere.reg
usehash = 1
Use ProjAbs  = 0, 0
Use ProjFrac = 0, 0
DoPaint 0

SUBJECTS_DIR    /out/sourcedata/freesurfer
FREESURFER_HOME /opt/freesurfer
Loading source label.
Found 1932 points in source label.
Starting surface-based mapping
Reading source registration 
 /out/sourcedata/freesurfer/fsaverage/surf/rh.sphere.reg
Rescaling ...  original radius = 100
Reading target surface 
 /out/sourcedata/freesurfer/sub-v2s18x29514_ses-1/surf/rh.white
Reading target registration 
 /out/sourcedata/freesurfer/sub-v2s18x29514_ses-1/surf/rh.sphere.reg
Rescaling ...  original radius = 100
Building target registration hash (res=16).
Building source registration hash (res=16).
INFO: found  1932 nlabel points
Performing mapping from target back to the source label 141221
Number of reverse mapping hits = 244
Checking for and removing duplicates
Writing label file ./rh.MT_exvivo.label 2176
mri_label2label: Done


 mri_label2label --srcsubject fsaverage --srclabel /out/sourcedata/freesurfer/fsaverage/label/rh.entorhinal_exvivo.label --trgsubject sub-v2s18x29514_ses-1 --trglabel ./rh.entorhinal_exvivo.label --hemi rh --regmethod surface 


srclabel = /out/sourcedata/freesurfer/fsaverage/label/rh.entorhinal_exvivo.label
srcsubject = fsaverage
trgsubject = sub-v2s18x29514_ses-1
trglabel = ./rh.entorhinal_exvivo.label
regmethod = surface

srchemi = rh
trghemi = rh
trgsurface = white
srcsurfreg = sphere.reg
trgsurfreg = sphere.reg
usehash = 1
Use ProjAbs  = 0, 0
Use ProjFrac = 0, 0
DoPaint 0

SUBJECTS_DIR    /out/sourcedata/freesurfer
FREESURFER_HOME /opt/freesurfer
Loading source label.
Found 1038 points in source label.
Starting surface-based mapping
Reading source registration 
 /out/sourcedata/freesurfer/fsaverage/surf/rh.sphere.reg
Rescaling ...  original radius = 100
Reading target surface 
 /out/sourcedata/freesurfer/sub-v2s18x29514_ses-1/surf/rh.white
Reading target registration 
 /out/sourcedata/freesurfer/sub-v2s18x29514_ses-1/surf/rh.sphere.reg
Rescaling ...  original radius = 100
Building target registration hash (res=16).
Building source registration hash (res=16).
INFO: found  1038 nlabel points
Performing mapping from target back to the source label 141221
Number of reverse mapping hits = 72
Checking for and removing duplicates
Writing label file ./rh.entorhinal_exvivo.label 1110
mri_label2label: Done


 mri_label2label --srcsubject fsaverage --srclabel /out/sourcedata/freesurfer/fsaverage/label/rh.perirhinal_exvivo.label --trgsubject sub-v2s18x29514_ses-1 --trglabel ./rh.perirhinal_exvivo.label --hemi rh --regmethod surface 


srclabel = /out/sourcedata/freesurfer/fsaverage/label/rh.perirhinal_exvivo.label
srcsubject = fsaverage
trgsubject = sub-v2s18x29514_ses-1
trglabel = ./rh.perirhinal_exvivo.label
regmethod = surface

srchemi = rh
trghemi = rh
trgsurface = white
srcsurfreg = sphere.reg
trgsurfreg = sphere.reg
usehash = 1
Use ProjAbs  = 0, 0
Use ProjFrac = 0, 0
DoPaint 0

SUBJECTS_DIR    /out/sourcedata/freesurfer
FREESURFER_HOME /opt/freesurfer
Loading source label.
Found 752 points in source label.
Starting surface-based mapping
Reading source registration 
 /out/sourcedata/freesurfer/fsaverage/surf/rh.sphere.reg
Rescaling ...  original radius = 100
Reading target surface 
 /out/sourcedata/freesurfer/sub-v2s18x29514_ses-1/surf/rh.white
Reading target registration 
 /out/sourcedata/freesurfer/sub-v2s18x29514_ses-1/surf/rh.sphere.reg
Rescaling ...  original radius = 100
Building target registration hash (res=16).
Building source registration hash (res=16).
INFO: found  752 nlabel points
Performing mapping from target back to the source label 141221
Number of reverse mapping hits = 41
Checking for and removing duplicates
Writing label file ./rh.perirhinal_exvivo.label 793
mri_label2label: Done


 mri_label2label --srcsubject fsaverage --srclabel /out/sourcedata/freesurfer/fsaverage/label/rh.FG1.mpm.vpnl.label --trgsubject sub-v2s18x29514_ses-1 --trglabel ./rh.FG1.mpm.vpnl.label --hemi rh --regmethod surface 


srclabel = /out/sourcedata/freesurfer/fsaverage/label/rh.FG1.mpm.vpnl.label
srcsubject = fsaverage
trgsubject = sub-v2s18x29514_ses-1
trglabel = ./rh.FG1.mpm.vpnl.label
regmethod = surface

srchemi = rh
trghemi = rh
trgsurface = white
srcsurfreg = sphere.reg
trgsurfreg = sphere.reg
usehash = 1
Use ProjAbs  = 0, 0
Use ProjFrac = 0, 0
DoPaint 0

SUBJECTS_DIR    /out/sourcedata/freesurfer
FREESURFER_HOME /opt/freesurfer
Loading source label.
Found 541 points in source label.
Starting surface-based mapping
Reading source registration 
 /out/sourcedata/freesurfer/fsaverage/surf/rh.sphere.reg
Rescaling ...  original radius = 100
Reading target surface 
 /out/sourcedata/freesurfer/sub-v2s18x29514_ses-1/surf/rh.white
Reading target registration 
 /out/sourcedata/freesurfer/sub-v2s18x29514_ses-1/surf/rh.sphere.reg
Rescaling ...  original radius = 100
Building target registration hash (res=16).
Building source registration hash (res=16).
INFO: found  541 nlabel points
Performing mapping from target back to the source label 141221
Number of reverse mapping hits = 88
Checking for and removing duplicates
Writing label file ./rh.FG1.mpm.vpnl.label 629
mri_label2label: Done


 mri_label2label --srcsubject fsaverage --srclabel /out/sourcedata/freesurfer/fsaverage/label/rh.FG2.mpm.vpnl.label --trgsubject sub-v2s18x29514_ses-1 --trglabel ./rh.FG2.mpm.vpnl.label --hemi rh --regmethod surface 


srclabel = /out/sourcedata/freesurfer/fsaverage/label/rh.FG2.mpm.vpnl.label
srcsubject = fsaverage
trgsubject = sub-v2s18x29514_ses-1
trglabel = ./rh.FG2.mpm.vpnl.label
regmethod = surface

srchemi = rh
trghemi = rh
trgsurface = white
srcsurfreg = sphere.reg
trgsurfreg = sphere.reg
usehash = 1
Use ProjAbs  = 0, 0
Use ProjFrac = 0, 0
DoPaint 0

SUBJECTS_DIR    /out/sourcedata/freesurfer
FREESURFER_HOME /opt/freesurfer
Loading source label.
Found 721 points in source label.
Starting surface-based mapping
Reading source registration 
 /out/sourcedata/freesurfer/fsaverage/surf/rh.sphere.reg
Rescaling ...  original radius = 100
Reading target surface 
 /out/sourcedata/freesurfer/sub-v2s18x29514_ses-1/surf/rh.white
Reading target registration 
 /out/sourcedata/freesurfer/sub-v2s18x29514_ses-1/surf/rh.sphere.reg
Rescaling ...  original radius = 100
Building target registration hash (res=16).
Building source registration hash (res=16).
INFO: found  721 nlabel points
Performing mapping from target back to the source label 141221
Number of reverse mapping hits = 129
Checking for and removing duplicates
Writing label file ./rh.FG2.mpm.vpnl.label 850
mri_label2label: Done


 mri_label2label --srcsubject fsaverage --srclabel /out/sourcedata/freesurfer/fsaverage/label/rh.FG3.mpm.vpnl.label --trgsubject sub-v2s18x29514_ses-1 --trglabel ./rh.FG3.mpm.vpnl.label --hemi rh --regmethod surface 


srclabel = /out/sourcedata/freesurfer/fsaverage/label/rh.FG3.mpm.vpnl.label
srcsubject = fsaverage
trgsubject = sub-v2s18x29514_ses-1
trglabel = ./rh.FG3.mpm.vpnl.label
regmethod = surface

srchemi = rh
trghemi = rh
trgsurface = white
srcsurfreg = sphere.reg
trgsurfreg = sphere.reg
usehash = 1
Use ProjAbs  = 0, 0
Use ProjFrac = 0, 0
DoPaint 0

SUBJECTS_DIR    /out/sourcedata/freesurfer
FREESURFER_HOME /opt/freesurfer
Loading source label.
Found 1523 points in source label.
Starting surface-based mapping
Reading source registration 
 /out/sourcedata/freesurfer/fsaverage/surf/rh.sphere.reg
Rescaling ...  original radius = 100
Reading target surface 
 /out/sourcedata/freesurfer/sub-v2s18x29514_ses-1/surf/rh.white
Reading target registration 
 /out/sourcedata/freesurfer/sub-v2s18x29514_ses-1/surf/rh.sphere.reg
Rescaling ...  original radius = 100
Building target registration hash (res=16).
Building source registration hash (res=16).
INFO: found  1523 nlabel points
Performing mapping from target back to the source label 141221
Number of reverse mapping hits = 127
Checking for and removing duplicates
Writing label file ./rh.FG3.mpm.vpnl.label 1650
mri_label2label: Done


 mri_label2label --srcsubject fsaverage --srclabel /out/sourcedata/freesurfer/fsaverage/label/rh.FG4.mpm.vpnl.label --trgsubject sub-v2s18x29514_ses-1 --trglabel ./rh.FG4.mpm.vpnl.label --hemi rh --regmethod surface 


srclabel = /out/sourcedata/freesurfer/fsaverage/label/rh.FG4.mpm.vpnl.label
srcsubject = fsaverage
trgsubject = sub-v2s18x29514_ses-1
trglabel = ./rh.FG4.mpm.vpnl.label
regmethod = surface

srchemi = rh
trghemi = rh
trgsurface = white
srcsurfreg = sphere.reg
trgsurfreg = sphere.reg
usehash = 1
Use ProjAbs  = 0, 0
Use ProjFrac = 0, 0
DoPaint 0

SUBJECTS_DIR    /out/sourcedata/freesurfer
FREESURFER_HOME /opt/freesurfer
Loading source label.
Found 1586 points in source label.
Starting surface-based mapping
Reading source registration 
 /out/sourcedata/freesurfer/fsaverage/surf/rh.sphere.reg
Rescaling ...  original radius = 100
Reading target surface 
 /out/sourcedata/freesurfer/sub-v2s18x29514_ses-1/surf/rh.white
Reading target registration 
 /out/sourcedata/freesurfer/sub-v2s18x29514_ses-1/surf/rh.sphere.reg
Rescaling ...  original radius = 100
Building target registration hash (res=16).
Building source registration hash (res=16).
INFO: found  1586 nlabel points
Performing mapping from target back to the source label 141221
Number of reverse mapping hits = 309
Checking for and removing duplicates
Writing label file ./rh.FG4.mpm.vpnl.label 1895
mri_label2label: Done


 mri_label2label --srcsubject fsaverage --srclabel /out/sourcedata/freesurfer/fsaverage/label/rh.hOc1.mpm.vpnl.label --trgsubject sub-v2s18x29514_ses-1 --trglabel ./rh.hOc1.mpm.vpnl.label --hemi rh --regmethod surface 


srclabel = /out/sourcedata/freesurfer/fsaverage/label/rh.hOc1.mpm.vpnl.label
srcsubject = fsaverage
trgsubject = sub-v2s18x29514_ses-1
trglabel = ./rh.hOc1.mpm.vpnl.label
regmethod = surface

srchemi = rh
trghemi = rh
trgsurface = white
srcsurfreg = sphere.reg
trgsurfreg = sphere.reg
usehash = 1
Use ProjAbs  = 0, 0
Use ProjFrac = 0, 0
DoPaint 0

SUBJECTS_DIR    /out/sourcedata/freesurfer
FREESURFER_HOME /opt/freesurfer
Loading source label.
Found 3667 points in source label.
Starting surface-based mapping
Reading source registration 
 /out/sourcedata/freesurfer/fsaverage/surf/rh.sphere.reg
Rescaling ...  original radius = 100
Reading target surface 
 /out/sourcedata/freesurfer/sub-v2s18x29514_ses-1/surf/rh.white
Reading target registration 
 /out/sourcedata/freesurfer/sub-v2s18x29514_ses-1/surf/rh.sphere.reg
Rescaling ...  original radius = 100
Building target registration hash (res=16).
Building source registration hash (res=16).
INFO: found  3667 nlabel points
Performing mapping from target back to the source label 141221
Number of reverse mapping hits = 1141
Checking for and removing duplicates
Writing label file ./rh.hOc1.mpm.vpnl.label 4808
mri_label2label: Done


 mri_label2label --srcsubject fsaverage --srclabel /out/sourcedata/freesurfer/fsaverage/label/rh.hOc2.mpm.vpnl.label --trgsubject sub-v2s18x29514_ses-1 --trglabel ./rh.hOc2.mpm.vpnl.label --hemi rh --regmethod surface 


srclabel = /out/sourcedata/freesurfer/fsaverage/label/rh.hOc2.mpm.vpnl.label
srcsubject = fsaverage
trgsubject = sub-v2s18x29514_ses-1
trglabel = ./rh.hOc2.mpm.vpnl.label
regmethod = surface

srchemi = rh
trghemi = rh
trgsurface = white
srcsurfreg = sphere.reg
trgsurfreg = sphere.reg
usehash = 1
Use ProjAbs  = 0, 0
Use ProjFrac = 0, 0
DoPaint 0

SUBJECTS_DIR    /out/sourcedata/freesurfer
FREESURFER_HOME /opt/freesurfer
Loading source label.
Found 2719 points in source label.
Starting surface-based mapping
Reading source registration 
 /out/sourcedata/freesurfer/fsaverage/surf/rh.sphere.reg
Rescaling ...  original radius = 100
Reading target surface 
 /out/sourcedata/freesurfer/sub-v2s18x29514_ses-1/surf/rh.white
Reading target registration 
 /out/sourcedata/freesurfer/sub-v2s18x29514_ses-1/surf/rh.sphere.reg
Rescaling ...  original radius = 100
Building target registration hash (res=16).
Building source registration hash (res=16).
INFO: found  2719 nlabel points
Performing mapping from target back to the source label 141221
Number of reverse mapping hits = 852
Checking for and removing duplicates
Writing label file ./rh.hOc2.mpm.vpnl.label 3571
mri_label2label: Done


 mri_label2label --srcsubject fsaverage --srclabel /out/sourcedata/freesurfer/fsaverage/label/rh.hOc3v.mpm.vpnl.label --trgsubject sub-v2s18x29514_ses-1 --trglabel ./rh.hOc3v.mpm.vpnl.label --hemi rh --regmethod surface 


srclabel = /out/sourcedata/freesurfer/fsaverage/label/rh.hOc3v.mpm.vpnl.label
srcsubject = fsaverage
trgsubject = sub-v2s18x29514_ses-1
trglabel = ./rh.hOc3v.mpm.vpnl.label
regmethod = surface

srchemi = rh
trghemi = rh
trgsurface = white
srcsurfreg = sphere.reg
trgsurfreg = sphere.reg
usehash = 1
Use ProjAbs  = 0, 0
Use ProjFrac = 0, 0
DoPaint 0

SUBJECTS_DIR    /out/sourcedata/freesurfer
FREESURFER_HOME /opt/freesurfer
Loading source label.
Found 1228 points in source label.
Starting surface-based mapping
Reading source registration 
 /out/sourcedata/freesurfer/fsaverage/surf/rh.sphere.reg
Rescaling ...  original radius = 100
Reading target surface 
 /out/sourcedata/freesurfer/sub-v2s18x29514_ses-1/surf/rh.white
Reading target registration 
 /out/sourcedata/freesurfer/sub-v2s18x29514_ses-1/surf/rh.sphere.reg
Rescaling ...  original radius = 100
Building target registration hash (res=16).
Building source registration hash (res=16).
INFO: found  1228 nlabel points
Performing mapping from target back to the source label 141221
Number of reverse mapping hits = 259
Checking for and removing duplicates
Writing label file ./rh.hOc3v.mpm.vpnl.label 1487
mri_label2label: Done


 mri_label2label --srcsubject fsaverage --srclabel /out/sourcedata/freesurfer/fsaverage/label/rh.hOc4v.mpm.vpnl.label --trgsubject sub-v2s18x29514_ses-1 --trglabel ./rh.hOc4v.mpm.vpnl.label --hemi rh --regmethod surface 


srclabel = /out/sourcedata/freesurfer/fsaverage/label/rh.hOc4v.mpm.vpnl.label
srcsubject = fsaverage
trgsubject = sub-v2s18x29514_ses-1
trglabel = ./rh.hOc4v.mpm.vpnl.label
regmethod = surface

srchemi = rh
trghemi = rh
trgsurface = white
srcsurfreg = sphere.reg
trgsurfreg = sphere.reg
usehash = 1
Use ProjAbs  = 0, 0
Use ProjFrac = 0, 0
DoPaint 0

SUBJECTS_DIR    /out/sourcedata/freesurfer
FREESURFER_HOME /opt/freesurfer
Loading source label.
Found 1025 points in source label.
Starting surface-based mapping
Reading source registration 
 /out/sourcedata/freesurfer/fsaverage/surf/rh.sphere.reg
Rescaling ...  original radius = 100
Reading target surface 
 /out/sourcedata/freesurfer/sub-v2s18x29514_ses-1/surf/rh.white
Reading target registration 
 /out/sourcedata/freesurfer/sub-v2s18x29514_ses-1/surf/rh.sphere.reg
Rescaling ...  original radius = 100
Building target registration hash (res=16).
Building source registration hash (res=16).
INFO: found  1025 nlabel points
Performing mapping from target back to the source label 141221
Number of reverse mapping hits = 145
Checking for and removing duplicates
Writing label file ./rh.hOc4v.mpm.vpnl.label 1170
mri_label2label: Done


 mris_label2annot --s sub-v2s18x29514_ses-1 --ctab /opt/freesurfer/average/colortable_vpnl.txt --hemi rh --a mpm.vpnl --maxstatwinner --noverbose --l rh.FG1.mpm.vpnl.label --l rh.FG2.mpm.vpnl.label --l rh.FG3.mpm.vpnl.label --l rh.FG4.mpm.vpnl.label --l rh.hOc1.mpm.vpnl.label --l rh.hOc2.mpm.vpnl.label --l rh.hOc3v.mpm.vpnl.label --l rh.hOc4v.mpm.vpnl.label 

Reading ctab /opt/freesurfer/average/colortable_vpnl.txt
Number of ctab entries 9

7.3.2
cwd /out/sourcedata/freesurfer/sub-v2s18x29514_ses-1/label
cmdline mris_label2annot --s sub-v2s18x29514_ses-1 --ctab /opt/freesurfer/average/colortable_vpnl.txt --hemi rh --a mpm.vpnl --maxstatwinner --noverbose --l rh.FG1.mpm.vpnl.label --l rh.FG2.mpm.vpnl.label --l rh.FG3.mpm.vpnl.label --l rh.FG4.mpm.vpnl.label --l rh.hOc1.mpm.vpnl.label --l rh.hOc2.mpm.vpnl.label --l rh.hOc3v.mpm.vpnl.label --l rh.hOc4v.mpm.vpnl.label 
sysname  Linux
hostname dna056
machine  x86_64
user     oesteban

subject sub-v2s18x29514_ses-1
hemi    rh
SUBJECTS_DIR /out/sourcedata/freesurfer
ColorTable /opt/freesurfer/average/colortable_vpnl.txt
AnnotName  mpm.vpnl
nlables 8
LabelThresh 0 0.000000
Loading /out/sourcedata/freesurfer/sub-v2s18x29514_ses-1/surf/rh.orig
 1 1376057 FG1
 2 16711935 FG2
 3 16711680 FG3
 4 1705837 FG4
 5 25600 hOc1
 6 255 hOc2
 7 16776960 hOc3v
 8 65535 hOc4v
Mapping unhit to unknown
Found 126616 unhit vertices
Writing annot to /out/sourcedata/freesurfer/sub-v2s18x29514_ses-1/label/rh.mpm.vpnl.annot

 mri_label2label --srcsubject fsaverage --srclabel /out/sourcedata/freesurfer/fsaverage/label/rh.BA1_exvivo.thresh.label --trgsubject sub-v2s18x29514_ses-1 --trglabel ./rh.BA1_exvivo.thresh.label --hemi rh --regmethod surface 


srclabel = /out/sourcedata/freesurfer/fsaverage/label/rh.BA1_exvivo.thresh.label
srcsubject = fsaverage
trgsubject = sub-v2s18x29514_ses-1
trglabel = ./rh.BA1_exvivo.thresh.label
regmethod = surface

srchemi = rh
trghemi = rh
trgsurface = white
srcsurfreg = sphere.reg
trgsurfreg = sphere.reg
usehash = 1
Use ProjAbs  = 0, 0
Use ProjFrac = 0, 0
DoPaint 0

SUBJECTS_DIR    /out/sourcedata/freesurfer
FREESURFER_HOME /opt/freesurfer
Loading source label.
Found 876 points in source label.
Starting surface-based mapping
Reading source registration 
 /out/sourcedata/freesurfer/fsaverage/surf/rh.sphere.reg
Rescaling ...  original radius = 100
Reading target surface 
 /out/sourcedata/freesurfer/sub-v2s18x29514_ses-1/surf/rh.white
Reading target registration 
 /out/sourcedata/freesurfer/sub-v2s18x29514_ses-1/surf/rh.sphere.reg
Rescaling ...  original radius = 100
Building target registration hash (res=16).
Building source registration hash (res=16).
INFO: found  876 nlabel points
Performing mapping from target back to the source label 141221
Number of reverse mapping hits = 127
Checking for and removing duplicates
Writing label file ./rh.BA1_exvivo.thresh.label 1003
mri_label2label: Done


 mri_label2label --srcsubject fsaverage --srclabel /out/sourcedata/freesurfer/fsaverage/label/rh.BA2_exvivo.thresh.label --trgsubject sub-v2s18x29514_ses-1 --trglabel ./rh.BA2_exvivo.thresh.label --hemi rh --regmethod surface 


srclabel = /out/sourcedata/freesurfer/fsaverage/label/rh.BA2_exvivo.thresh.label
srcsubject = fsaverage
trgsubject = sub-v2s18x29514_ses-1
trglabel = ./rh.BA2_exvivo.thresh.label
regmethod = surface

srchemi = rh
trghemi = rh
trgsurface = white
srcsurfreg = sphere.reg
trgsurfreg = sphere.reg
usehash = 1
Use ProjAbs  = 0, 0
Use ProjFrac = 0, 0
DoPaint 0

SUBJECTS_DIR    /out/sourcedata/freesurfer
FREESURFER_HOME /opt/freesurfer
Loading source label.
Found 2688 points in source label.
Starting surface-based mapping
Reading source registration 
 /out/sourcedata/freesurfer/fsaverage/surf/rh.sphere.reg
Rescaling ...  original radius = 100
Reading target surface 
 /out/sourcedata/freesurfer/sub-v2s18x29514_ses-1/surf/rh.white
Reading target registration 
 /out/sourcedata/freesurfer/sub-v2s18x29514_ses-1/surf/rh.sphere.reg
Rescaling ...  original radius = 100
Building target registration hash (res=16).
Building source registration hash (res=16).
INFO: found  2688 nlabel points
Performing mapping from target back to the source label 141221
Number of reverse mapping hits = 274
Checking for and removing duplicates
Writing label file ./rh.BA2_exvivo.thresh.label 2962
mri_label2label: Done


 mri_label2label --srcsubject fsaverage --srclabel /out/sourcedata/freesurfer/fsaverage/label/rh.BA3a_exvivo.thresh.label --trgsubject sub-v2s18x29514_ses-1 --trglabel ./rh.BA3a_exvivo.thresh.label --hemi rh --regmethod surface 


srclabel = /out/sourcedata/freesurfer/fsaverage/label/rh.BA3a_exvivo.thresh.label
srcsubject = fsaverage
trgsubject = sub-v2s18x29514_ses-1
trglabel = ./rh.BA3a_exvivo.thresh.label
regmethod = surface

srchemi = rh
trghemi = rh
trgsurface = white
srcsurfreg = sphere.reg
trgsurfreg = sphere.reg
usehash = 1
Use ProjAbs  = 0, 0
Use ProjFrac = 0, 0
DoPaint 0

SUBJECTS_DIR    /out/sourcedata/freesurfer
FREESURFER_HOME /opt/freesurfer
Loading source label.
Found 1698 points in source label.
Starting surface-based mapping
Reading source registration 
 /out/sourcedata/freesurfer/fsaverage/surf/rh.sphere.reg
Rescaling ...  original radius = 100
Reading target surface 
 /out/sourcedata/freesurfer/sub-v2s18x29514_ses-1/surf/rh.white
Reading target registration 
 /out/sourcedata/freesurfer/sub-v2s18x29514_ses-1/surf/rh.sphere.reg
Rescaling ...  original radius = 100
Building target registration hash (res=16).
Building source registration hash (res=16).
INFO: found  1698 nlabel points
Performing mapping from target back to the source label 141221
Number of reverse mapping hits = 11
Checking for and removing duplicates
Writing label file ./rh.BA3a_exvivo.thresh.label 1709
mri_label2label: Done


 mri_label2label --srcsubject fsaverage --srclabel /out/sourcedata/freesurfer/fsaverage/label/rh.BA3b_exvivo.thresh.label --trgsubject sub-v2s18x29514_ses-1 --trglabel ./rh.BA3b_exvivo.thresh.label --hemi rh --regmethod surface 


srclabel = /out/sourcedata/freesurfer/fsaverage/label/rh.BA3b_exvivo.thresh.label
srcsubject = fsaverage
trgsubject = sub-v2s18x29514_ses-1
trglabel = ./rh.BA3b_exvivo.thresh.label
regmethod = surface

srchemi = rh
trghemi = rh
trgsurface = white
srcsurfreg = sphere.reg
trgsurfreg = sphere.reg
usehash = 1
Use ProjAbs  = 0, 0
Use ProjFrac = 0, 0
DoPaint 0

SUBJECTS_DIR    /out/sourcedata/freesurfer
FREESURFER_HOME /opt/freesurfer
Loading source label.
Found 2183 points in source label.
Starting surface-based mapping
Reading source registration 
 /out/sourcedata/freesurfer/fsaverage/surf/rh.sphere.reg
Rescaling ...  original radius = 100
Reading target surface 
 /out/sourcedata/freesurfer/sub-v2s18x29514_ses-1/surf/rh.white
Reading target registration 
 /out/sourcedata/freesurfer/sub-v2s18x29514_ses-1/surf/rh.sphere.reg
Rescaling ...  original radius = 100
Building target registration hash (res=16).
Building source registration hash (res=16).
INFO: found  2183 nlabel points
Performing mapping from target back to the source label 141221
Number of reverse mapping hits = 91
Checking for and removing duplicates
Writing label file ./rh.BA3b_exvivo.thresh.label 2274
mri_label2label: Done


 mri_label2label --srcsubject fsaverage --srclabel /out/sourcedata/freesurfer/fsaverage/label/rh.BA4a_exvivo.thresh.label --trgsubject sub-v2s18x29514_ses-1 --trglabel ./rh.BA4a_exvivo.thresh.label --hemi rh --regmethod surface 


srclabel = /out/sourcedata/freesurfer/fsaverage/label/rh.BA4a_exvivo.thresh.label
srcsubject = fsaverage
trgsubject = sub-v2s18x29514_ses-1
trglabel = ./rh.BA4a_exvivo.thresh.label
regmethod = surface

srchemi = rh
trghemi = rh
trgsurface = white
srcsurfreg = sphere.reg
trgsurfreg = sphere.reg
usehash = 1
Use ProjAbs  = 0, 0
Use ProjFrac = 0, 0
DoPaint 0

SUBJECTS_DIR    /out/sourcedata/freesurfer
FREESURFER_HOME /opt/freesurfer
Loading source label.
Found 1388 points in source label.
Starting surface-based mapping
Reading source registration 
 /out/sourcedata/freesurfer/fsaverage/surf/rh.sphere.reg
Rescaling ...  original radius = 100
Reading target surface 
 /out/sourcedata/freesurfer/sub-v2s18x29514_ses-1/surf/rh.white
Reading target registration 
 /out/sourcedata/freesurfer/sub-v2s18x29514_ses-1/surf/rh.sphere.reg
Rescaling ...  original radius = 100
Building target registration hash (res=16).
Building source registration hash (res=16).
INFO: found  1388 nlabel points
Performing mapping from target back to the source label 141221
Number of reverse mapping hits = 20
Checking for and removing duplicates
Writing label file ./rh.BA4a_exvivo.thresh.label 1408
mri_label2label: Done


 mri_label2label --srcsubject fsaverage --srclabel /out/sourcedata/freesurfer/fsaverage/label/rh.BA4p_exvivo.thresh.label --trgsubject sub-v2s18x29514_ses-1 --trglabel ./rh.BA4p_exvivo.thresh.label --hemi rh --regmethod surface 


srclabel = /out/sourcedata/freesurfer/fsaverage/label/rh.BA4p_exvivo.thresh.label
srcsubject = fsaverage
trgsubject = sub-v2s18x29514_ses-1
trglabel = ./rh.BA4p_exvivo.thresh.label
regmethod = surface

srchemi = rh
trghemi = rh
trgsurface = white
srcsurfreg = sphere.reg
trgsurfreg = sphere.reg
usehash = 1
Use ProjAbs  = 0, 0
Use ProjFrac = 0, 0
DoPaint 0

SUBJECTS_DIR    /out/sourcedata/freesurfer
FREESURFER_HOME /opt/freesurfer
Loading source label.
Found 1489 points in source label.
Starting surface-based mapping
Reading source registration 
 /out/sourcedata/freesurfer/fsaverage/surf/rh.sphere.reg
Rescaling ...  original radius = 100
Reading target surface 
 /out/sourcedata/freesurfer/sub-v2s18x29514_ses-1/surf/rh.white
Reading target registration 
 /out/sourcedata/freesurfer/sub-v2s18x29514_ses-1/surf/rh.sphere.reg
Rescaling ...  original radius = 100
Building target registration hash (res=16).
Building source registration hash (res=16).
INFO: found  1489 nlabel points
Performing mapping from target back to the source label 141221
Number of reverse mapping hits = 28
Checking for and removing duplicates
Writing label file ./rh.BA4p_exvivo.thresh.label 1517
mri_label2label: Done


 mri_label2label --srcsubject fsaverage --srclabel /out/sourcedata/freesurfer/fsaverage/label/rh.BA6_exvivo.thresh.label --trgsubject sub-v2s18x29514_ses-1 --trglabel ./rh.BA6_exvivo.thresh.label --hemi rh --regmethod surface 


srclabel = /out/sourcedata/freesurfer/fsaverage/label/rh.BA6_exvivo.thresh.label
srcsubject = fsaverage
trgsubject = sub-v2s18x29514_ses-1
trglabel = ./rh.BA6_exvivo.thresh.label
regmethod = surface

srchemi = rh
trghemi = rh
trgsurface = white
srcsurfreg = sphere.reg
trgsurfreg = sphere.reg
usehash = 1
Use ProjAbs  = 0, 0
Use ProjFrac = 0, 0
DoPaint 0

SUBJECTS_DIR    /out/sourcedata/freesurfer
FREESURFER_HOME /opt/freesurfer
Loading source label.
Found 6959 points in source label.
Starting surface-based mapping
Reading source registration 
 /out/sourcedata/freesurfer/fsaverage/surf/rh.sphere.reg
Rescaling ...  original radius = 100
Reading target surface 
 /out/sourcedata/freesurfer/sub-v2s18x29514_ses-1/surf/rh.white
Reading target registration 
 /out/sourcedata/freesurfer/sub-v2s18x29514_ses-1/surf/rh.sphere.reg
Rescaling ...  original radius = 100
Building target registration hash (res=16).
Building source registration hash (res=16).
INFO: found  6959 nlabel points
Performing mapping from target back to the source label 141221
Number of reverse mapping hits = 369
Checking for and removing duplicates
Writing label file ./rh.BA6_exvivo.thresh.label 7328
mri_label2label: Done


 mri_label2label --srcsubject fsaverage --srclabel /out/sourcedata/freesurfer/fsaverage/label/rh.BA44_exvivo.thresh.label --trgsubject sub-v2s18x29514_ses-1 --trglabel ./rh.BA44_exvivo.thresh.label --hemi rh --regmethod surface 


srclabel = /out/sourcedata/freesurfer/fsaverage/label/rh.BA44_exvivo.thresh.label
srcsubject = fsaverage
trgsubject = sub-v2s18x29514_ses-1
trglabel = ./rh.BA44_exvivo.thresh.label
regmethod = surface

srchemi = rh
trghemi = rh
trgsurface = white
srcsurfreg = sphere.reg
trgsurfreg = sphere.reg
usehash = 1
Use ProjAbs  = 0, 0
Use ProjFrac = 0, 0
DoPaint 0

SUBJECTS_DIR    /out/sourcedata/freesurfer
FREESURFER_HOME /opt/freesurfer
Loading source label.
Found 1012 points in source label.
Starting surface-based mapping
Reading source registration 
 /out/sourcedata/freesurfer/fsaverage/surf/rh.sphere.reg
Rescaling ...  original radius = 100
Reading target surface 
 /out/sourcedata/freesurfer/sub-v2s18x29514_ses-1/surf/rh.white
Reading target registration 
 /out/sourcedata/freesurfer/sub-v2s18x29514_ses-1/surf/rh.sphere.reg
Rescaling ...  original radius = 100
Building target registration hash (res=16).
Building source registration hash (res=16).
INFO: found  1012 nlabel points
Performing mapping from target back to the source label 141221
Number of reverse mapping hits = 51
Checking for and removing duplicates
Writing label file ./rh.BA44_exvivo.thresh.label 1063
mri_label2label: Done


 mri_label2label --srcsubject fsaverage --srclabel /out/sourcedata/freesurfer/fsaverage/label/rh.BA45_exvivo.thresh.label --trgsubject sub-v2s18x29514_ses-1 --trglabel ./rh.BA45_exvivo.thresh.label --hemi rh --regmethod surface 


srclabel = /out/sourcedata/freesurfer/fsaverage/label/rh.BA45_exvivo.thresh.label
srcsubject = fsaverage
trgsubject = sub-v2s18x29514_ses-1
trglabel = ./rh.BA45_exvivo.thresh.label
regmethod = surface

srchemi = rh
trghemi = rh
trgsurface = white
srcsurfreg = sphere.reg
trgsurfreg = sphere.reg
usehash = 1
Use ProjAbs  = 0, 0
Use ProjFrac = 0, 0
DoPaint 0

SUBJECTS_DIR    /out/sourcedata/freesurfer
FREESURFER_HOME /opt/freesurfer
Loading source label.
Found 1178 points in source label.
Starting surface-based mapping
Reading source registration 
 /out/sourcedata/freesurfer/fsaverage/surf/rh.sphere.reg
Rescaling ...  original radius = 100
Reading target surface 
 /out/sourcedata/freesurfer/sub-v2s18x29514_ses-1/surf/rh.white
Reading target registration 
 /out/sourcedata/freesurfer/sub-v2s18x29514_ses-1/surf/rh.sphere.reg
Rescaling ...  original radius = 100
Building target registration hash (res=16).
Building source registration hash (res=16).
INFO: found  1178 nlabel points
Performing mapping from target back to the source label 141221
Number of reverse mapping hits = 62
Checking for and removing duplicates
Writing label file ./rh.BA45_exvivo.thresh.label 1240
mri_label2label: Done


 mri_label2label --srcsubject fsaverage --srclabel /out/sourcedata/freesurfer/fsaverage/label/rh.V1_exvivo.thresh.label --trgsubject sub-v2s18x29514_ses-1 --trglabel ./rh.V1_exvivo.thresh.label --hemi rh --regmethod surface 


srclabel = /out/sourcedata/freesurfer/fsaverage/label/rh.V1_exvivo.thresh.label
srcsubject = fsaverage
trgsubject = sub-v2s18x29514_ses-1
trglabel = ./rh.V1_exvivo.thresh.label
regmethod = surface

srchemi = rh
trghemi = rh
trgsurface = white
srcsurfreg = sphere.reg
trgsurfreg = sphere.reg
usehash = 1
Use ProjAbs  = 0, 0
Use ProjFrac = 0, 0
DoPaint 0

SUBJECTS_DIR    /out/sourcedata/freesurfer
FREESURFER_HOME /opt/freesurfer
Loading source label.
Found 3232 points in source label.
Starting surface-based mapping
Reading source registration 
 /out/sourcedata/freesurfer/fsaverage/surf/rh.sphere.reg
Rescaling ...  original radius = 100
Reading target surface 
 /out/sourcedata/freesurfer/sub-v2s18x29514_ses-1/surf/rh.white
Reading target registration 
 /out/sourcedata/freesurfer/sub-v2s18x29514_ses-1/surf/rh.sphere.reg
Rescaling ...  original radius = 100
Building target registration hash (res=16).
Building source registration hash (res=16).
INFO: found  3232 nlabel points
Performing mapping from target back to the source label 141221
Number of reverse mapping hits = 1018
Checking for and removing duplicates
Writing label file ./rh.V1_exvivo.thresh.label 4250
mri_label2label: Done


 mri_label2label --srcsubject fsaverage --srclabel /out/sourcedata/freesurfer/fsaverage/label/rh.V2_exvivo.thresh.label --trgsubject sub-v2s18x29514_ses-1 --trglabel ./rh.V2_exvivo.thresh.label --hemi rh --regmethod surface 


srclabel = /out/sourcedata/freesurfer/fsaverage/label/rh.V2_exvivo.thresh.label
srcsubject = fsaverage
trgsubject = sub-v2s18x29514_ses-1
trglabel = ./rh.V2_exvivo.thresh.label
regmethod = surface

srchemi = rh
trghemi = rh
trgsurface = white
srcsurfreg = sphere.reg
trgsurfreg = sphere.reg
usehash = 1
Use ProjAbs  = 0, 0
Use ProjFrac = 0, 0
DoPaint 0

SUBJECTS_DIR    /out/sourcedata/freesurfer
FREESURFER_HOME /opt/freesurfer
Loading source label.
Found 3437 points in source label.
Starting surface-based mapping
Reading source registration 
 /out/sourcedata/freesurfer/fsaverage/surf/rh.sphere.reg
Rescaling ...  original radius = 100
Reading target surface 
 /out/sourcedata/freesurfer/sub-v2s18x29514_ses-1/surf/rh.white
Reading target registration 
 /out/sourcedata/freesurfer/sub-v2s18x29514_ses-1/surf/rh.sphere.reg
Rescaling ...  original radius = 100
Building target registration hash (res=16).
Building source registration hash (res=16).
INFO: found  3437 nlabel points
Performing mapping from target back to the source label 141221
Number of reverse mapping hits = 945
Checking for and removing duplicates
Writing label file ./rh.V2_exvivo.thresh.label 4382
mri_label2label: Done


 mri_label2label --srcsubject fsaverage --srclabel /out/sourcedata/freesurfer/fsaverage/label/rh.MT_exvivo.thresh.label --trgsubject sub-v2s18x29514_ses-1 --trglabel ./rh.MT_exvivo.thresh.label --hemi rh --regmethod surface 


srclabel = /out/sourcedata/freesurfer/fsaverage/label/rh.MT_exvivo.thresh.label
srcsubject = fsaverage
trgsubject = sub-v2s18x29514_ses-1
trglabel = ./rh.MT_exvivo.thresh.label
regmethod = surface

srchemi = rh
trghemi = rh
trgsurface = white
srcsurfreg = sphere.reg
trgsurfreg = sphere.reg
usehash = 1
Use ProjAbs  = 0, 0
Use ProjFrac = 0, 0
DoPaint 0

SUBJECTS_DIR    /out/sourcedata/freesurfer
FREESURFER_HOME /opt/freesurfer
Loading source label.
Found 268 points in source label.
Starting surface-based mapping
Reading source registration 
 /out/sourcedata/freesurfer/fsaverage/surf/rh.sphere.reg
Rescaling ...  original radius = 100
Reading target surface 
 /out/sourcedata/freesurfer/sub-v2s18x29514_ses-1/surf/rh.white
Reading target registration 
 /out/sourcedata/freesurfer/sub-v2s18x29514_ses-1/surf/rh.sphere.reg
Rescaling ...  original radius = 100
Building target registration hash (res=16).
Building source registration hash (res=16).
INFO: found  268 nlabel points
Performing mapping from target back to the source label 141221
Number of reverse mapping hits = 23
Checking for and removing duplicates
Writing label file ./rh.MT_exvivo.thresh.label 291
mri_label2label: Done


 mri_label2label --srcsubject fsaverage --srclabel /out/sourcedata/freesurfer/fsaverage/label/rh.entorhinal_exvivo.thresh.label --trgsubject sub-v2s18x29514_ses-1 --trglabel ./rh.entorhinal_exvivo.thresh.label --hemi rh --regmethod surface 


srclabel = /out/sourcedata/freesurfer/fsaverage/label/rh.entorhinal_exvivo.thresh.label
srcsubject = fsaverage
trgsubject = sub-v2s18x29514_ses-1
trglabel = ./rh.entorhinal_exvivo.thresh.label
regmethod = surface

srchemi = rh
trghemi = rh
trgsurface = white
srcsurfreg = sphere.reg
trgsurfreg = sphere.reg
usehash = 1
Use ProjAbs  = 0, 0
Use ProjFrac = 0, 0
DoPaint 0

SUBJECTS_DIR    /out/sourcedata/freesurfer
FREESURFER_HOME /opt/freesurfer
Loading source label.
Found 694 points in source label.
Starting surface-based mapping
Reading source registration 
 /out/sourcedata/freesurfer/fsaverage/surf/rh.sphere.reg
Rescaling ...  original radius = 100
Reading target surface 
 /out/sourcedata/freesurfer/sub-v2s18x29514_ses-1/surf/rh.white
Reading target registration 
 /out/sourcedata/freesurfer/sub-v2s18x29514_ses-1/surf/rh.sphere.reg
Rescaling ...  original radius = 100
Building target registration hash (res=16).
Building source registration hash (res=16).
INFO: found  694 nlabel points
Performing mapping from target back to the source label 141221
Number of reverse mapping hits = 35
Checking for and removing duplicates
Writing label file ./rh.entorhinal_exvivo.thresh.label 729
mri_label2label: Done


 mri_label2label --srcsubject fsaverage --srclabel /out/sourcedata/freesurfer/fsaverage/label/rh.perirhinal_exvivo.thresh.label --trgsubject sub-v2s18x29514_ses-1 --trglabel ./rh.perirhinal_exvivo.thresh.label --hemi rh --regmethod surface 


srclabel = /out/sourcedata/freesurfer/fsaverage/label/rh.perirhinal_exvivo.thresh.label
srcsubject = fsaverage
trgsubject = sub-v2s18x29514_ses-1
trglabel = ./rh.perirhinal_exvivo.thresh.label
regmethod = surface

srchemi = rh
trghemi = rh
trgsurface = white
srcsurfreg = sphere.reg
trgsurfreg = sphere.reg
usehash = 1
Use ProjAbs  = 0, 0
Use ProjFrac = 0, 0
DoPaint 0

SUBJECTS_DIR    /out/sourcedata/freesurfer
FREESURFER_HOME /opt/freesurfer
Loading source label.
Found 291 points in source label.
Starting surface-based mapping
Reading source registration 
 /out/sourcedata/freesurfer/fsaverage/surf/rh.sphere.reg
Rescaling ...  original radius = 100
Reading target surface 
 /out/sourcedata/freesurfer/sub-v2s18x29514_ses-1/surf/rh.white
Reading target registration 
 /out/sourcedata/freesurfer/sub-v2s18x29514_ses-1/surf/rh.sphere.reg
Rescaling ...  original radius = 100
Building target registration hash (res=16).
Building source registration hash (res=16).
INFO: found  291 nlabel points
Performing mapping from target back to the source label 141221
Number of reverse mapping hits = 22
Checking for and removing duplicates
Writing label file ./rh.perirhinal_exvivo.thresh.label 313
mri_label2label: Done


 mris_label2annot --s sub-v2s18x29514_ses-1 --hemi rh --ctab /opt/freesurfer/average/colortable_BA.txt --l rh.BA1_exvivo.label --l rh.BA2_exvivo.label --l rh.BA3a_exvivo.label --l rh.BA3b_exvivo.label --l rh.BA4a_exvivo.label --l rh.BA4p_exvivo.label --l rh.BA6_exvivo.label --l rh.BA44_exvivo.label --l rh.BA45_exvivo.label --l rh.V1_exvivo.label --l rh.V2_exvivo.label --l rh.MT_exvivo.label --l rh.perirhinal_exvivo.label --l rh.entorhinal_exvivo.label --a BA_exvivo --maxstatwinner --noverbose 

Reading ctab /opt/freesurfer/average/colortable_BA.txt
Number of ctab entries 15

7.3.2
cwd /out/sourcedata/freesurfer/sub-v2s18x29514_ses-1/label
cmdline mris_label2annot --s sub-v2s18x29514_ses-1 --hemi rh --ctab /opt/freesurfer/average/colortable_BA.txt --l rh.BA1_exvivo.label --l rh.BA2_exvivo.label --l rh.BA3a_exvivo.label --l rh.BA3b_exvivo.label --l rh.BA4a_exvivo.label --l rh.BA4p_exvivo.label --l rh.BA6_exvivo.label --l rh.BA44_exvivo.label --l rh.BA45_exvivo.label --l rh.V1_exvivo.label --l rh.V2_exvivo.label --l rh.MT_exvivo.label --l rh.perirhinal_exvivo.label --l rh.entorhinal_exvivo.label --a BA_exvivo --maxstatwinner --noverbose 
sysname  Linux
hostname dna056
machine  x86_64
user     oesteban

subject sub-v2s18x29514_ses-1
hemi    rh
SUBJECTS_DIR /out/sourcedata/freesurfer
ColorTable /opt/freesurfer/average/colortable_BA.txt
AnnotName  BA_exvivo
nlables 14
LabelThresh 0 0.000000
Loading /out/sourcedata/freesurfer/sub-v2s18x29514_ses-1/surf/rh.orig
 1 1530880 BA1_exvivo
 2 16749699 BA2_exvivo
 3 16711680 BA3a_exvivo
 4 3368703 BA3b_exvivo
 5 1376196 BA4a_exvivo
 6 13382655 BA4p_exvivo
 7 10036737 BA6_exvivo
 8 2490521 BA44_exvivo
 9 39283 BA45_exvivo
10 3993 V1_exvivo
11 8508928 V2_exvivo
12 10027163 MT_exvivo
13 16422433 perirhinal_exvivo
14 16392598 entorhinal_exvivo
Mapping unhit to unknown
Found 98735 unhit vertices
Writing annot to /out/sourcedata/freesurfer/sub-v2s18x29514_ses-1/label/rh.BA_exvivo.annot

 mris_label2annot --s sub-v2s18x29514_ses-1 --hemi rh --ctab /opt/freesurfer/average/colortable_BA.txt --l rh.BA1_exvivo.thresh.label --l rh.BA2_exvivo.thresh.label --l rh.BA3a_exvivo.thresh.label --l rh.BA3b_exvivo.thresh.label --l rh.BA4a_exvivo.thresh.label --l rh.BA4p_exvivo.thresh.label --l rh.BA6_exvivo.thresh.label --l rh.BA44_exvivo.thresh.label --l rh.BA45_exvivo.thresh.label --l rh.V1_exvivo.thresh.label --l rh.V2_exvivo.thresh.label --l rh.MT_exvivo.thresh.label --l rh.perirhinal_exvivo.thresh.label --l rh.entorhinal_exvivo.thresh.label --a BA_exvivo.thresh --maxstatwinner --noverbose 

Reading ctab /opt/freesurfer/average/colortable_BA.txt
Number of ctab entries 15

7.3.2
cwd /out/sourcedata/freesurfer/sub-v2s18x29514_ses-1/label
cmdline mris_label2annot --s sub-v2s18x29514_ses-1 --hemi rh --ctab /opt/freesurfer/average/colortable_BA.txt --l rh.BA1_exvivo.thresh.label --l rh.BA2_exvivo.thresh.label --l rh.BA3a_exvivo.thresh.label --l rh.BA3b_exvivo.thresh.label --l rh.BA4a_exvivo.thresh.label --l rh.BA4p_exvivo.thresh.label --l rh.BA6_exvivo.thresh.label --l rh.BA44_exvivo.thresh.label --l rh.BA45_exvivo.thresh.label --l rh.V1_exvivo.thresh.label --l rh.V2_exvivo.thresh.label --l rh.MT_exvivo.thresh.label --l rh.perirhinal_exvivo.thresh.label --l rh.entorhinal_exvivo.thresh.label --a BA_exvivo.thresh --maxstatwinner --noverbose 
sysname  Linux
hostname dna056
machine  x86_64
user     oesteban

subject sub-v2s18x29514_ses-1
hemi    rh
SUBJECTS_DIR /out/sourcedata/freesurfer
ColorTable /opt/freesurfer/average/colortable_BA.txt
AnnotName  BA_exvivo.thresh
nlables 14
LabelThresh 0 0.000000
Loading /out/sourcedata/freesurfer/sub-v2s18x29514_ses-1/surf/rh.orig
 1 1530880 BA1_exvivo
 2 16749699 BA2_exvivo
 3 16711680 BA3a_exvivo
 4 3368703 BA3b_exvivo
 5 1376196 BA4a_exvivo
 6 13382655 BA4p_exvivo
 7 10036737 BA6_exvivo
 8 2490521 BA44_exvivo
 9 39283 BA45_exvivo
10 3993 V1_exvivo
11 8508928 V2_exvivo
12 10027163 MT_exvivo
13 16422433 perirhinal_exvivo
14 16392598 entorhinal_exvivo
Mapping unhit to unknown
Found 117038 unhit vertices
Writing annot to /out/sourcedata/freesurfer/sub-v2s18x29514_ses-1/label/rh.BA_exvivo.thresh.annot

 mris_anatomical_stats -th3 -mgz -noglobal -f ../stats/rh.BA_exvivo.stats -b -a ./rh.BA_exvivo.annot -c ./BA_exvivo.ctab sub-v2s18x29514_ses-1 rh white 

computing statistics for each annotation in ./rh.BA_exvivo.annot.
reading volume /out/sourcedata/freesurfer/sub-v2s18x29514_ses-1/mri/wm.mgz...
reading input surface /out/sourcedata/freesurfer/sub-v2s18x29514_ses-1/surf/rh.white...
reading input pial surface /out/sourcedata/freesurfer/sub-v2s18x29514_ses-1/surf/rh.pial...
reading input white surface /out/sourcedata/freesurfer/sub-v2s18x29514_ses-1/surf/rh.white...
INFO: using TH3 volume calc
INFO: assuming MGZ format for volumes.
INFO: not computing global stats
Using TH3 vertex volume calc
Total face volume 293178
Total vertex volume 292946 (mask=0)
Saving annotation colortable ./BA_exvivo.ctab

table columns are:
    number of vertices
    total surface area (mm^2)
    total gray matter volume (mm^3)
    average cortical thickness +- standard deviation (mm)
    integrated rectified mean curvature
    integrated rectified Gaussian curvature
    folding index
    intrinsic curvature index
    structure name

 1154    748   2536  2.465 0.616     0.136     0.029       18     1.2  BA1_exvivo
 4089   2686   6830  2.420 0.498     0.103     0.019       33     3.1  BA2_exvivo
 1154    752   1175  1.964 0.453     0.120     0.023        9     0.9  BA3a_exvivo
 2290   1551   3304  1.845 0.591     0.099     0.016       18     1.7  BA3b_exvivo
 1453    956   3460  2.971 0.389     0.092     0.016       10     1.0  BA4a_exvivo
 1343    859   2145  2.503 0.401     0.089     0.015        8     0.8  BA4p_exvivo
 8494   5946  20370  2.856 0.610     0.109     0.021       75     7.1  BA6_exvivo
 3805   2661   7789  2.732 0.481     0.110     0.019       35     3.0  BA44_exvivo
 3713   2876   9001  2.632 0.605     0.138     0.031       52     5.2  BA45_exvivo
 4101   2981   5617  1.939 0.591     0.134     0.032       55     5.1  V1_exvivo
 7994   5873  15352  2.420 0.628     0.148     0.036      121    11.3  V2_exvivo
 1925   1401   4208  2.750 0.583     0.114     0.023       19     1.6  MT_exvivo
  393    268    977  3.240 0.815     0.113     0.024        3     0.4  perirhinal_exvivo
  578    393   2239  3.416 0.974     0.121     0.020       10     0.5  entorhinal_exvivo

 mris_anatomical_stats -th3 -mgz -f ../stats/rh.BA_exvivo.thresh.stats -noglobal -b -a ./rh.BA_exvivo.thresh.annot -c ./BA_exvivo.thresh.ctab sub-v2s18x29514_ses-1 rh white 

computing statistics for each annotation in ./rh.BA_exvivo.thresh.annot.
reading volume /out/sourcedata/freesurfer/sub-v2s18x29514_ses-1/mri/wm.mgz...
reading input surface /out/sourcedata/freesurfer/sub-v2s18x29514_ses-1/surf/rh.white...
reading input pial surface /out/sourcedata/freesurfer/sub-v2s18x29514_ses-1/surf/rh.pial...
reading input white surface /out/sourcedata/freesurfer/sub-v2s18x29514_ses-1/surf/rh.white...
INFO: using TH3 volume calc
INFO: assuming MGZ format for volumes.
INFO: not computing global stats
Using TH3 vertex volume calc
Total face volume 293178
Total vertex volume 292946 (mask=0)
Saving annotation colortable ./BA_exvivo.thresh.ctab

table columns are:
    number of vertices
    total surface area (mm^2)
    total gray matter volume (mm^3)
    average cortical thickness +- standard deviation (mm)
    integrated rectified mean curvature
    integrated rectified Gaussian curvature
    folding index
    intrinsic curvature index
    structure name

  846    515   1770  2.463 0.539     0.130     0.028       13     0.8  BA1_exvivo
 2404   1576   4334  2.451 0.507     0.097     0.017       19     1.7  BA2_exvivo
 1057    670    922  1.933 0.401     0.123     0.022        8     0.9  BA3a_exvivo
 1802   1216   2051  1.619 0.407     0.082     0.012        9     1.0  BA3b_exvivo
  841    548   2278  3.109 0.444     0.110     0.023        8     0.7  BA4a_exvivo
 1091    710   1739  2.533 0.379     0.076     0.012        4     0.5  BA4p_exvivo
 5405   3740  12755  2.893 0.594     0.110     0.021       47     4.6  BA6_exvivo
  853    643   2158  2.747 0.531     0.120     0.022       12     0.7  BA44_exvivo
  935    832   3147  2.887 0.537     0.169     0.044       22     1.9  BA45_exvivo
 3995   2901   5394  1.950 0.593     0.132     0.031       51     5.0  V1_exvivo
 4109   3041   7920  2.343 0.680     0.153     0.039       65     5.7  V2_exvivo
  259    198    763  2.998 0.569     0.117     0.019        2     0.2  MT_exvivo
   34     24     73  3.262 0.751     0.117     0.018        0     0.0  perirhinal_exvivo
  552    374   1732  3.278 0.919     0.103     0.019        3     0.4  entorhinal_exvivo

Started at Wed Mar 11 16:53:02 CET 2026 
Ended   at Wed Mar 11 16:56:26 CET 2026
#@#%# recon-all-run-time-hours 0.057
recon-all -s sub-v2s18x29514_ses-1 finished without error at Wed Mar 11 16:56:26 CET 2026
