#!ascii label  , from subject sub-v2s18x29497_ses-1 vox2ras=TkReg
4337
108543  -59.182  27.463  42.142 0.6000000238
107765  -57.712  26.693  37.976 0.6000000238
109399  -55.657  28.233  35.688 0.5000000000
109411  -54.407  28.712  34.571 0.5000000000
109434  -52.982  29.317  32.412 0.4000000060
109449  -51.960  29.010  30.330 0.4000000060
109443  -52.417  29.221  31.138 0.4000000060
146365  -51.857  28.812  28.502 0.3000000119
109471  -51.193  28.649  26.954 0.4000000060
109464  -50.336  28.673  27.202 0.2000000030
109452  -48.299  28.486  29.569 0.2000000030
109447  -47.730  28.367  30.401 0.2000000030
107701  -59.031  27.051  41.504 0.6000000238
107727  -58.991  26.697  40.162 0.6000000238
107766  -58.572  26.778  37.675 0.6999999881
161306  -57.267  27.338  36.761 0.6000000238
109303  -59.069  28.772  45.094 0.6000000238
109330  -59.396  28.314  43.600 0.6000000238
107741  -59.084  26.633  39.421 0.6999999881
159867  -58.058  27.023  37.023 0.6000000238
109333  -59.289  28.116  42.731 0.6000000238
107713  -59.138  26.969  40.593 0.6999999881
109412  -56.311  28.342  34.815 0.6000000238
139733  -55.401  28.658  34.298 0.6000000238
110158  -53.308  29.412  31.019 0.4000000060
109424  -54.927  28.981  33.344 0.5000000000
109435  -53.910  29.333  32.735 0.4000000060
109456  -52.477  29.201  29.253 0.4000000060
110168  -52.892  29.362  30.244 0.4000000060
109453  -48.888  28.768  28.751 0.2000000030
109463  -49.552  28.145  27.580 0.2000000030
108648  -48.719  27.815  28.537 0.2000000030
108608  -56.729  27.871  35.610 0.6000000238
108550  -59.064  27.338  41.191 0.6999999881
107759  -59.299  26.909  38.439 0.6999999881
162940  -54.627  29.255  32.590 0.4000000060
145464  -53.964  29.629  30.036 0.4000000060
110159  -54.200  29.507  31.006 0.4000000060
109466  -52.308  29.380  28.282 0.4000000060
145224  -49.488  29.266  28.100 0.3000000119
110196  -50.658  29.616  27.356 0.4000000060
146594  -48.370  29.288  29.353 0.2000000030
108556  -59.261  27.193  40.257 0.6999999881
108585  -58.826  27.042  37.283 0.6999999881
108598  -58.542  27.454  36.522 0.6999999881
108597  -57.617  27.525  36.108 0.6999999881
108609  -57.527  27.935  35.166 0.6000000238
109437  -56.029  29.003  32.767 0.5000000000
108619  -57.888  28.116  34.978 0.6000000238
110188  -52.922  30.042  28.051 0.4000000060
142318  -53.378  29.584  29.415 0.4000000060
143688  -55.309  29.451  31.607 0.5000000000
109413  -57.370  28.479  34.295 0.6000000238
110198  -51.589  29.865  27.559 0.4000000060
109472  -51.871  29.529  27.798 0.4000000060
110189  -53.710  30.450  28.424 0.4000000060
144445  -54.752  29.803  30.247 0.5000000000
109426  -56.952  28.874  33.229 0.6000000238
110179  -54.156  30.154  28.972 0.4000000060
110161  -55.844  29.926  30.960 0.6999999881
110199  -52.505  30.338  27.835 0.5000000000
110190  -54.388  30.820  28.661 0.5000000000
110169  -54.803  30.325  29.496 0.5000000000
110866  -51.361  30.548  27.561 0.4000000060
110867  -52.170  30.759  27.714 0.4000000060
149865  -49.088  30.395  28.264 0.3000000119
145780  -50.820  30.404  27.511 0.4000000060
111583  -50.902  31.235  27.706 0.5000000000
110187  -49.905  30.082  27.814 0.3000000119
110865  -50.100  31.073  27.668 0.4000000060
108633  -46.921  27.713  31.375 0.2000000030
110855  -49.101  31.227  28.046 0.4000000060
110177  -48.727  29.826  28.735 0.4000000060
109446  -47.068  28.920  30.748 0.2000000030
110167  -47.672  29.375  29.979 0.4000000060
112205  -52.088  32.851  36.207 0.8000000119
109332  -58.952  28.431  42.443 0.6000000238
109351  -59.020  27.667  40.892 0.8000000119
109341  -58.860  28.181  41.558 0.6000000238
108573  -59.427  27.070  38.865 0.8000000119
108586  -59.110  27.132  37.736 0.6999999881
109361  -59.202  27.571  39.945 0.6999999881
163739  -59.036  27.883  36.980 0.8000000119
109401  -58.651  28.283  35.802 0.6999999881
109414  -58.099  28.575  34.624 0.8000000119
110132  -58.144  29.037  34.252 0.8000000119
110133  -58.348  29.391  34.737 0.8999999762
110801  -58.222  30.070  35.137 0.8999999762
110869  -53.243  30.672  28.105 0.5000000000
110141  -58.053  29.685  34.046 0.8999999762
110868  -52.835  30.877  27.891 0.5000000000
111577  -54.370  31.086  28.680 0.5000000000
110839  -55.602  30.973  29.607 0.5000000000
110822  -57.294  30.743  32.179 0.8999999762
110809  -58.109  30.333  34.383 0.8999999762
111584  -51.779  31.219  27.797 0.5000000000
111576  -52.999  31.298  28.262 0.6000000238
110830  -56.586  30.890  30.916 0.8000000119
110815  -57.535  31.061  32.781 0.8999999762
141885  -52.232  31.384  28.055 0.6000000238
111563  -54.705  31.158  28.934 0.5000000000
111550  -56.056  31.163  30.166 0.8000000119
111519  -57.237  31.521  32.139 0.8999999762
111574  -50.238  31.790  27.918 0.6000000238
111561  -51.744  31.695  28.618 0.6000000238
111546  -53.489  31.577  29.578 0.6999999881
111548  -54.952  31.261  29.413 0.6999999881
112265  -57.121  32.216  32.445 0.8999999762
112254  -57.424  32.621  33.288 0.8999999762
112957  -57.792  34.010  34.621 0.8999999762
164630  -50.441  31.897  28.072 0.6000000238
136940  -52.558  31.665  29.086 0.6999999881
139705  -54.324  31.470  29.646 0.8000000119
112264  -56.144  32.198  31.574 0.8000000119
112253  -56.939  32.742  32.986 0.8999999762
110176  -47.949  30.197  29.180 0.4000000060
111572  -48.398  31.785  28.276 0.5000000000
137265  -51.566  31.696  29.545 0.6999999881
111531  -53.137  31.569  30.480 0.8000000119
112263  -55.295  32.116  31.977 0.8000000119
112960  -57.378  33.308  33.828 0.8999999762
111517  -54.596  31.717  31.430 0.8000000119
112252  -56.159  32.590  32.663 0.8000000119
112959  -56.736  33.207  33.595 0.8999999762
112251  -55.023  32.322  33.109 0.8000000119
112238  -55.704  32.899  33.734 0.8000000119
110175  -46.963  30.575  29.452 0.4000000060
111557  -47.037  32.029  28.819 0.6000000238
112290  -47.353  32.292  29.091 0.6999999881
110844  -46.486  31.483  29.187 0.3000000119
112289  -46.619  32.210  29.270 0.4000000060
112284  -46.954  32.403  29.695 0.6999999881
139763  -49.157  31.420  31.958 0.6999999881
111511  -48.444  31.423  32.249 0.6999999881
111497  -49.281  31.116  32.965 0.6999999881
111481  -50.510  31.119  34.606 0.8000000119
111465  -51.092  31.483  35.184 0.8000000119
111466  -51.964  31.746  34.967 0.8000000119
112220  -51.600  32.127  35.706 0.8000000119
112934  -52.557  33.702  36.498 0.8000000119
112918  -52.181  34.315  36.997 0.8000000119
112933  -51.548  33.434  36.807 0.8000000119
109360  -58.843  28.082  39.531 0.6999999881
109370  -58.972  27.875  38.519 0.8000000119
110114  -58.814  28.311  37.036 0.8999999762
154677  -58.068  28.574  39.514 0.8000000119
139294  -57.846  28.778  38.237 0.8000000119
110127  -58.502  29.162  35.618 0.8999999762
110109  -57.328  28.915  38.979 0.8000000119
110793  -58.203  29.697  35.966 0.8999999762
110108  -57.056  29.341  38.042 0.8999999762
110784  -57.550  29.775  36.853 0.8999999762
110775  -56.140  30.045  37.967 0.8999999762
110783  -56.192  30.838  37.380 0.8999999762
110792  -57.485  30.818  36.149 0.8999999762
110800  -57.815  31.026  35.430 0.8999999762
110791  -56.849  30.796  36.782 0.8999999762
111453  -57.634  32.070  35.851 0.8999999762
111486  -57.947  31.337  33.987 0.8999999762
112207  -57.871  33.235  35.578 0.8999999762
112239  -57.727  33.075  34.059 0.8999999762
112224  -57.963  33.342  34.781 0.8999999762
111573  -49.289  31.794  28.016 0.5000000000
112950  -58.006  34.240  35.252 0.8999999762
110846  -48.210  31.079  28.413 0.5000000000
111545  -50.425  31.821  29.490 0.6999999881
136941  -52.515  31.599  30.066 0.8000000119
139706  -53.341  31.550  31.198 0.8000000119
113618  -57.806  34.720  35.247 0.8999999762
112956  -57.242  33.901  34.302 0.8999999762
110845  -47.329  31.351  28.795 0.4000000060
111530  -52.404  31.494  31.193 0.8000000119
111501  -54.343  31.832  32.471 0.8000000119
112955  -56.282  33.625  34.280 0.8000000119
113616  -56.727  34.876  35.196 0.8000000119
111527  -48.541  31.728  31.186 0.6999999881
136944  -50.305  31.113  33.117 0.8000000119
111482  -51.381  31.323  34.264 0.8000000119
113583  -51.821  34.929  37.430 0.8000000119
148526  -54.863  30.972  38.488 0.8000000119
111435  -54.299  31.833  38.672 0.8000000119
111441  -55.809  31.596  37.515 0.8999999762
111442  -56.539  31.925  36.955 0.8999999762
111436  -55.186  31.745  38.017 0.8999999762
112206  -57.365  32.885  36.381 0.8999999762
161166  -57.259  33.613  36.766 0.8999999762
112920  -57.382  34.323  36.967 0.8999999762
112937  -57.784  34.099  36.135 0.8999999762
161292  -57.662  34.819  36.453 0.8999999762
140177  -49.666  32.025  28.353 0.6000000238
136942  -50.942  31.630  30.525 0.8000000119
113606  -57.866  34.838  35.741 0.8999999762
136911  -50.149  31.681  30.476 0.8000000119
136943  -51.355  31.457  31.419 0.8000000119
111500  -53.476  31.616  32.875 0.8000000119
112237  -54.659  32.559  34.103 0.8000000119
112954  -55.236  33.263  34.587 0.8000000119
113617  -57.552  35.025  35.300 0.8999999762
137581  -48.398  32.250  28.991 0.6000000238
111515  -52.792  31.468  32.246 0.8000000119
112250  -54.064  32.037  33.499 0.8000000119
112949  -55.863  34.092  34.916 0.8000000119
114299  -57.146  35.490  35.698 0.8999999762
111558  -47.875  32.092  28.602 0.6000000238
111544  -49.460  31.891  29.739 0.6999999881
111514  -51.767  31.366  32.262 0.8000000119
111484  -53.194  31.775  33.831 0.8000000119
112948  -54.807  33.730  35.317 0.8000000119
113605  -56.125  35.386  35.907 0.8000000119
158849  -48.717  31.955  30.186 0.6999999881
112236  -53.707  32.350  34.404 0.8000000119
113615  -55.460  34.576  35.618 0.8000000119
114963  -56.748  36.574  36.966 0.8000000119
114944  -51.922  36.143  38.009 0.8000000119
114945  -52.917  36.227  37.874 0.8000000119
112191  -55.915  32.597  37.506 0.8999999762
112192  -56.732  32.950  36.954 0.8999999762
112919  -56.654  33.598  37.311 0.8999999762
113564  -56.516  35.467  39.171 0.8999999762
113572  -57.027  35.241  38.370 0.8999999762
114909  -54.972  36.803  41.975 1.0000000000
114275  -57.451  35.860  37.325 0.8999999762
115527  -53.810  37.920  43.314 1.0000000000
115544  -55.128  37.581  43.028 1.0000000000
114910  -55.952  36.878  41.816 1.0000000000
114258  -57.267  36.241  38.976 1.0000000000
116137  -54.242  38.529  43.641 1.0000000000
114921  -56.879  36.704  39.655 1.0000000000
114936  -57.359  36.359  38.136 0.8999999762
111529  -50.456  31.501  31.375 0.8000000119
111498  -52.054  31.343  32.958 0.8000000119
115545  -55.915  37.766  42.766 1.0000000000
114911  -56.379  37.112  41.319 1.0000000000
115561  -56.836  37.109  39.462 0.8999999762
114950  -57.233  36.454  37.305 0.8999999762
111512  -49.937  31.319  32.168 0.8000000119
137266  -51.260  31.227  33.224 0.8000000119
112235  -52.833  32.062  34.702 0.8000000119
112223  -54.250  32.975  34.915 0.8000000119
138870  -55.577  35.776  36.573 0.8000000119
114949  -56.909  36.996  37.680 0.8999999762
112947  -53.836  33.474  35.603 0.8000000119
113604  -55.017  35.027  36.294 0.8000000119
114948  -55.922  36.801  37.489 0.8000000119
115559  -55.387  37.813  39.209 0.8000000119
111483  -52.313  31.581  34.151 0.8000000119
112946  -52.951  33.187  35.899 0.8000000119
113603  -53.996  34.769  36.500 0.8000000119
114273  -55.046  36.162  37.231 0.8000000119
115574  -54.831  37.480  38.645 0.8000000119
112935  -53.473  33.980  36.245 0.8000000119
114292  -54.560  35.473  36.821 0.8000000119
114947  -54.963  36.664  37.758 0.8000000119
113602  -53.102  34.503  36.759 0.8000000119
114946  -54.054  36.312  37.733 0.8000000119
115573  -53.927  37.360  38.736 0.8000000119
114272  -53.329  35.704  37.454 0.8000000119
114931  -52.425  36.718  38.366 0.8000000119
112901  -53.490  33.434  39.427 0.8000000119
112902  -54.277  33.615  39.029 0.8999999762
112184  -55.075  32.706  38.188 0.8999999762
112909  -55.844  33.628  37.924 0.8999999762
112180  -54.437  32.887  38.625 0.8000000119
113554  -54.934  35.337  39.913 0.8999999762
113571  -55.946  34.590  38.589 0.8999999762
114248  -55.593  36.094  40.584 0.8999999762
114256  -56.068  35.750  39.917 0.8999999762
114908  -54.030  36.657  42.065 1.0000000000
114249  -56.283  36.321  40.361 0.8999999762
116761  -51.247  39.255  42.814 0.8999999762
115543  -54.224  37.470  43.021 1.0000000000
116743  -51.579  39.945  43.227 1.0000000000
161175  -52.324  38.846  43.172 1.0000000000
117374  -50.749  40.850  43.189 0.8999999762
118000  -51.176  41.783  43.664 1.0000000000
116744  -53.586  39.265  43.731 1.0000000000
116138  -55.025  38.599  43.793 1.0000000000
115546  -56.357  37.932  42.322 1.0000000000
115553  -56.525  37.231  40.535 0.8999999762
117375  -51.920  40.923  43.694 1.0000000000
117376  -53.575  40.151  44.119 1.0000000000
116745  -54.661  39.226  44.068 1.0000000000
116139  -55.468  38.773  43.508 1.0000000000
117359  -54.289  40.634  44.397 1.0000000000
116733  -54.927  39.985  44.364 1.0000000000
116168  -56.436  37.863  40.959 1.0000000000
116175  -56.021  38.035  40.075 0.8999999762
116166  -54.413  38.578  40.355 0.8000000119
115557  -53.415  37.751  39.280 0.8000000119
115556  -52.389  37.764  39.263 0.8000000119
115572  -52.938  37.268  38.774 0.8000000119
148262  -50.388  39.744  39.635 0.8000000119
116163  -51.212  39.211  39.952 0.8000000119
112892  -53.229  34.253  39.926 0.8000000119
113563  -54.955  34.493  39.144 0.8999999762
113562  -54.093  34.421  39.582 0.8999999762
114246  -53.637  35.766  40.971 0.8999999762
114241  -52.614  35.951  41.588 0.8999999762
114242  -53.435  36.192  41.563 0.8999999762
114247  -54.591  35.899  40.761 0.8999999762
114899  -52.720  36.874  42.451 1.0000000000
116155  -52.989  37.999  43.149 0.8999999762
114900  -53.690  36.982  42.541 1.0000000000
118665  -50.582  42.577  43.827 1.0000000000
119934  -48.926  44.415  43.613 0.8000000119
163397  -50.109  43.267  44.089 0.8000000119
118648  -51.971  43.109  44.371 0.8999999762
117980  -53.502  42.023  44.430 1.0000000000
116747  -55.525  39.530  43.508 1.0000000000
116771  -55.845  38.950  42.278 1.0000000000
116167  -55.562  38.525  40.763 0.8999999762
119282  -51.630  43.855  44.399 1.0000000000
118649  -53.010  42.852  44.366 1.0000000000
118668  -54.446  42.174  44.073 1.0000000000
117398  -54.948  40.384  42.677 1.0000000000
116778  -54.952  39.097  41.278 1.0000000000
116777  -53.878  39.175  41.050 0.8999999762
116165  -53.375  38.682  40.314 0.8999999762
116172  -52.899  38.252  39.742 0.8000000119
116164  -52.346  38.888  40.213 0.8000000119
119935  -49.913  44.563  43.611 0.8000000119
119936  -50.921  44.800  43.633 0.8000000119
119295  -53.352  43.694  43.553 1.0000000000
118678  -54.067  42.661  43.353 1.0000000000
118033  -53.357  41.272  42.323 1.0000000000
116768  -53.348  39.885  41.598 1.0000000000
117396  -53.022  40.549  41.870 0.8999999762
116776  -52.848  39.358  40.878 0.8999999762
116775  -51.878  39.674  40.685 0.8999999762
116774  -50.971  40.103  40.419 0.8999999762
117411  -50.282  40.666  39.872 0.8999999762
119953  -49.192  44.664  41.918 0.8000000119
119946  -50.462  45.116  42.934 0.8999999762
120545  -50.927  45.503  42.071 1.0000000000
119948  -52.863  44.569  42.630 1.0000000000
119947  -52.485  44.972  42.975 1.0000000000
119954  -52.680  44.706  41.833 1.0000000000
118688  -52.867  43.418  42.055 0.8999999762
118032  -52.847  42.212  42.163 0.8999999762
118046  -51.296  41.918  41.006 0.8999999762
117406  -52.446  40.127  41.371 0.8999999762
118045  -50.629  41.508  40.333 0.8999999762
117405  -51.650  40.527  41.071 0.8999999762
118056  -50.147  41.614  39.490 0.8999999762
117404  -50.962  41.003  40.743 0.8999999762
117410  -49.761  40.834  39.172 0.8999999762
120563  -50.122  45.582  39.479 0.8999999762
120554  -51.068  45.996  40.653 1.0000000000
121144  -51.510  46.200  40.154 1.0000000000
121145  -52.119  45.909  40.237 1.0000000000
119960  -49.719  45.012  40.601 0.8999999762
141395  -50.339  45.598  40.281 0.8999999762
120546  -51.848  45.509  41.823 1.0000000000
151115  -52.602  45.052  41.122 1.0000000000
120565  -52.428  45.530  40.062 1.0000000000
119320  -52.338  43.656  41.300 1.0000000000
118699  -51.596  42.938  40.781 1.0000000000
119336  -51.107  43.390  38.999 1.0000000000
118710  -51.271  43.182  39.919 0.8999999762
118719  -50.457  42.837  38.457 1.0000000000
118709  -50.565  42.607  39.341 0.8999999762
118728  -49.780  42.457  37.039 0.8999999762
118063  -50.057  42.166  38.792 0.8999999762
118718  -49.788  42.228  38.003 0.8999999762
142528  -50.715  47.012  38.338 0.8999999762
121753  -51.177  47.347  38.129 1.0000000000
121754  -51.712  47.053  38.070 1.0000000000
143623  -52.181  46.620  37.792 1.0000000000
120574  -50.465  46.182  39.057 0.8999999762
121165  -50.990  46.895  38.881 1.0000000000
121166  -51.496  46.690  38.900 1.0000000000
147712  -52.071  46.395  38.895 1.0000000000
119969  -52.492  45.072  39.703 1.0000000000
156765  -52.382  46.023  38.283 1.0000000000
119337  -51.719  44.000  38.622 1.0000000000
119346  -51.065  43.523  38.045 1.0000000000
156650  -50.770  42.623  35.007 0.8000000119
118737  -50.556  42.954  36.572 1.0000000000
118736  -49.798  42.490  36.122 0.8999999762
121769  -52.183  47.297  36.262 1.0000000000
120582  -52.457  45.966  37.318 1.0000000000
119982  -52.203  44.627  37.331 1.0000000000
119983  -52.538  45.256  36.820 1.0000000000
119359  -52.059  44.122  36.546 1.0000000000
119993  -52.583  44.673  36.454 1.0000000000
119371  -51.430  43.439  36.088 1.0000000000
118753  -51.586  42.482  34.489 0.8999999762
118093  -50.353  42.148  34.436 0.6999999881
119372  -52.866  43.644  35.426 1.0000000000
119379  -53.982  43.485  34.532 1.0000000000
142727  -53.252  42.883  34.545 1.0000000000
118763  -52.662  42.161  33.895 0.8999999762
109425  -56.235  28.665  33.707 0.5000000000
110149  -55.938  29.458  31.902 0.6000000238
110160  -55.054  29.626  30.916 0.6000000238
109427  -57.684  28.928  33.750 0.6999999881
110150  -56.645  29.452  32.398 0.6999999881
110162  -56.536  30.128  31.441 0.6999999881
110171  -56.107  30.685  30.364 0.6000000238
110170  -55.470  30.428  29.979 0.5000000000
110847  -54.843  31.031  28.894 0.5000000000
111575  -51.269  31.597  28.076 0.6000000238
109389  -58.946  28.026  36.532 0.8999999762
109415  -58.437  28.700  35.062 0.6999999881
110139  -57.243  29.427  32.905 0.8000000119
111562  -54.199  31.240  28.746 0.6000000238
138160  -52.405  31.524  28.374 0.6999999881
112276  -56.729  31.887  31.537 0.8999999762
140068  -57.508  31.887  32.874 0.8999999762
137983  -55.538  31.337  30.074 0.8000000119
111532  -53.859  31.547  30.360 0.8000000119
111533  -54.717  31.516  30.354 0.8000000119
111528  -49.497  31.649  31.054 0.8000000119
112221  -52.464  32.423  35.479 0.8000000119
110119  -58.370  29.065  36.724 0.8999999762
110113  -57.996  29.009  37.481 0.8999999762
111467  -57.957  32.257  35.123 0.8999999762
111513  -50.845  31.283  32.298 0.8000000119
114964  -57.389  35.980  36.678 0.8999999762
112936  -54.406  34.285  35.947 0.8000000119
112222  -53.347  32.693  35.221 0.8000000119
114916  -56.495  36.732  40.444 1.0000000000
116176  -56.430  37.472  40.076 0.8999999762
115560  -56.304  37.509  39.143 0.8999999762
151485  -55.598  37.474  38.607 0.8000000119
163399  -54.146  35.762  37.280 0.8000000119
157607  -54.402  38.233  39.749 0.8000000119
114932  -53.482  36.782  38.309 0.8000000119
137500  -52.673  40.005  43.670 1.0000000000
116763  -55.812  39.016  42.824 1.0000000000
118002  -53.169  41.015  44.287 1.0000000000
117360  -55.040  40.638  44.315 1.0000000000
118647  -50.922  43.351  44.263 0.8000000119
119284  -53.397  43.342  44.072 1.0000000000
117378  -55.245  40.919  44.063 1.0000000000
116762  -55.503  39.874  43.009 1.0000000000
116770  -55.314  39.492  42.158 1.0000000000
119929  -52.252  44.268  44.137 1.0000000000
118020  -54.524  41.863  43.441 1.0000000000
118667  -53.974  42.890  43.772 1.0000000000
117389  -54.432  41.276  42.889 1.0000000000
117397  -53.871  40.505  42.250 1.0000000000
163999  -49.671  44.911  41.319 0.8000000119
119306  -53.560  43.416  43.155 1.0000000000
118677  -53.540  43.098  42.736 1.0000000000
118019  -53.934  42.154  42.850 1.0000000000
117395  -52.350  41.086  41.685 0.8999999762
120547  -52.413  45.278  41.435 1.0000000000
161296  -52.740  44.175  41.796 1.0000000000
118687  -52.136  42.644  41.511 0.8999999762
119321  -52.548  44.553  41.049 1.0000000000
142238  -51.972  43.843  40.472 1.0000000000
119327  -51.788  43.939  39.556 1.0000000000
119358  -51.199  43.518  37.056 1.0000000000
118729  -50.463  42.961  37.510 0.8999999762
119975  -52.407  45.248  38.040 1.0000000000
119968  -52.197  44.525  39.208 1.0000000000
119347  -51.706  44.082  37.664 1.0000000000
118744  -50.657  42.838  35.712 1.0000000000
119360  -53.055  44.326  35.727 1.0000000000
118745  -51.733  43.065  35.236 1.0000000000
119373  -53.814  43.956  34.987 1.0000000000
111523  -43.040  31.815  31.127 0.5000000000
112272  -44.172  32.324  30.887 0.5000000000
112273  -45.156  32.383  30.837 0.5000000000
112274  -46.061  32.406  30.741 0.6000000238
138487  -47.636  31.816  31.474 0.6000000238
112283  -46.324  32.400  29.893 0.6000000238
110813  -40.983  31.497  32.849 0.3000000119
111505  -41.769  32.155  32.387 0.3000000119
110814  -41.698  30.978  32.394 0.4000000060
112259  -42.449  32.274  32.060 0.4000000060
112249  -43.700  32.229  32.523 0.5000000000
112262  -44.826  32.312  31.684 0.6000000238
111508  -45.478  31.831  32.647 0.6000000238
111495  -47.424  31.310  33.164 0.6999999881
111510  -47.817  31.446  32.502 0.6000000238
112244  -40.029  32.107  33.462 0.2000000030
110812  -40.224  31.404  33.429 0.1000000015
111490  -40.418  31.994  33.135 0.2000000030
112246  -41.268  32.327  32.964 0.2000000030
112247  -42.028  32.407  32.756 0.4000000060
112248  -42.952  32.313  32.727 0.4000000060
111493  -44.278  31.798  33.486 0.5000000000
111494  -45.195  31.580  33.669 0.6000000238
140471  -45.997  31.446  33.517 0.6000000238
137268  -46.814  31.150  33.999 0.6999999881
111479  -48.440  30.995  34.731 0.6999999881
160234  -49.253  30.907  34.562 0.6999999881
112230  -39.288  32.215  33.945 0.1000000015
112214  -40.752  32.825  35.154 0.3000000119
110048  -58.674  29.223  43.762 0.6000000238
112245  -40.597  32.195  33.240 0.2000000030
112232  -40.909  32.514  33.981 0.3000000119
112233  -41.927  32.345  34.152 0.3000000119
112216  -43.484  32.504  35.630 0.5000000000
109340  -58.287  28.521  41.219 0.6000000238
137411  -42.910  32.229  34.897 0.3000000119
111458  -43.766  31.974  34.930 0.6000000238
111476  -45.191  31.550  34.652 0.6000000238
112218  -45.700  32.151  35.938 0.6000000238
137118  -45.803  31.624  35.290 0.6000000238
111461  -47.229  31.585  35.685 0.6000000238
111450  -48.814  31.756  36.189 0.6999999881
112202  -49.430  32.292  36.665 0.6999999881
112219  -50.750  31.844  35.918 0.6999999881
110705  -54.337  30.317  49.554 0.2000000030
110706  -55.005  30.473  49.281 0.2000000030
110714  -55.075  30.466  48.326 0.3000000119
109969  -54.971  30.115  50.213 0.3000000119
110715  -56.101  30.474  47.859 0.3000000119
155544  -55.886  30.144  46.814 0.3000000119
110107  -56.312  29.533  38.762 0.6999999881
110708  -57.578  30.292  48.037 0.5000000000
110011  -57.968  29.697  45.609 0.5000000000
137962  -57.384  29.528  44.001 0.5000000000
110076  -57.566  28.914  41.784 0.6000000238
110101  -57.371  28.807  39.986 0.6999999881
157290  -40.127  33.012  35.173 0.2000000030
110026  -58.529  29.351  44.746 0.6000000238
110062  -57.818  29.223  42.648 0.6000000238
137563  -41.560  32.692  35.251 0.3000000119
112197  -43.257  33.035  36.136 0.6000000238
109349  -58.227  28.509  40.296 0.6000000238
112199  -44.895  32.564  36.151 0.6000000238
143022  -45.703  32.829  36.433 0.6000000238
112200  -46.419  32.382  36.287 0.6000000238
111449  -47.830  32.025  36.350 0.6000000238
151630  -48.615  32.338  36.694 0.6000000238
112190  -50.022  32.916  37.045 0.6000000238
112932  -50.791  32.926  36.854 0.6000000238
112204  -51.219  32.553  36.382 0.6999999881
110008  -51.547  29.338  45.837 0.1000000015
136946  -52.995  29.404  45.552 0.2000000030
154903  -51.157  29.510  48.420 0.1000000015
109999  -51.332  29.497  46.820 0.1000000015
137759  -52.285  29.577  47.050 0.1000000015
109965  -50.955  29.430  50.550 0.1000000015
156633  -50.584  29.415  49.159 0.1000000015
109977  -51.477  29.563  49.504 0.1000000015
138136  -52.364  29.651  47.997 0.1000000015
110000  -53.285  29.620  46.628 0.2000000030
109957  -50.921  29.093  51.470 0.1000000015
109966  -52.014  29.556  50.506 0.1000000015
106886  -49.382  25.927  48.482 0.1000000015
108471  -51.218  28.166  51.455 0.1000000015
107657  -50.338  27.239  50.009 0.2000000030
110074  -55.693  29.331  40.983 0.5000000000
162517  -55.887  29.378  40.157 0.6000000238
110099  -55.536  29.701  39.431 0.6999999881
109961  -54.294  29.930  50.338 0.2000000030
147490  -55.821  29.775  45.800 0.3000000119
145376  -56.326  29.458  43.151 0.5000000000
152440  -55.974  29.272  41.874 0.5000000000
109258  -53.612  28.832  50.508 0.2000000030
109249  -54.709  29.657  50.298 0.3000000119
110707  -55.907  30.597  48.946 0.3000000119
110075  -56.665  29.043  41.426 0.5000000000
110100  -56.507  29.221  39.643 0.6999999881
109970  -55.517  29.868  50.015 0.3000000119
160026  -56.875  30.475  48.609 0.3000000119
110721  -56.624  30.356  47.169 0.4000000060
110024  -56.911  29.574  44.581 0.4000000060
110046  -57.108  29.406  43.263 0.5000000000
110091  -56.599  29.061  40.528 0.6000000238
110716  -57.151  30.465  47.708 0.4000000060
136539  -57.530  29.999  46.383 0.4000000060
112944  -40.654  33.528  35.859 0.2000000030
112925  -41.416  33.814  36.248 0.3000000119
112945  -42.094  33.340  36.099 0.5000000000
161274  -42.720  33.194  36.131 0.5000000000
112927  -43.800  33.489  36.411 0.6000000238
113598  -43.640  34.292  36.500 0.6000000238
146408  -45.234  33.609  36.567 0.6000000238
161507  -45.095  32.999  36.461 0.6000000238
112929  -46.865  33.477  36.840 0.6000000238
149536  -48.061  32.766  36.936 0.6000000238
112189  -48.978  32.977  37.169 0.6000000238
113582  -50.343  34.293  37.561 0.6000000238
140541  -51.255  34.226  37.310 0.6999999881
110057  -52.674  29.509  42.307 0.3000000119
138255  -53.094  29.301  44.151 0.2000000030
110058  -53.541  29.508  42.069 0.4000000060
138256  -52.119  29.139  44.305 0.1000000015
110043  -53.610  29.364  43.433 0.3000000119
109987  -50.396  29.390  48.038 0.1000000015
139529  -50.404  29.397  47.030 0.1000000015
109964  -49.974  29.205  49.965 0.1000000015
109976  -49.704  29.173  48.623 0.1000000015
109979  -52.853  29.829  48.880 0.2000000030
109238  -51.245  28.629  51.584 0.1000000015
109959  -52.502  29.341  50.989 0.1000000015
109989  -53.584  30.097  48.484 0.3000000119
141706  -53.866  29.476  45.723 0.2000000030
108483  -50.864  27.642  51.015 0.2000000030
109967  -53.041  29.826  50.173 0.2000000030
109980  -53.683  30.159  49.389 0.2000000030
108484  -51.731  27.834  50.555 0.2000000030
109246  -52.340  28.958  51.283 0.2000000030
109247  -53.102  29.209  50.909 0.2000000030
155976  -55.227  29.539  44.963 0.4000000060
110045  -55.730  29.508  43.456 0.4000000060
109257  -52.853  28.681  50.828 0.2000000030
110713  -54.280  30.351  48.780 0.3000000119
110768  -54.854  30.340  39.098 0.6999999881
108485  -52.567  28.029  50.243 0.2000000030
138252  -56.438  29.536  43.906 0.5000000000
113597  -42.124  34.194  36.426 0.4000000060
141501  -42.863  34.687  36.439 0.6000000238
141432  -44.246  34.655  36.477 0.6000000238
113599  -45.817  34.376  36.526 0.6000000238
113600  -46.591  34.253  36.732 0.6000000238
114975  -45.596  36.484  35.437 0.6000000238
114961  -46.173  35.846  35.935 0.6000000238
114290  -46.370  35.044  36.429 0.6000000238
113601  -47.291  34.128  37.075 0.6000000238
112915  -48.791  33.845  37.458 0.6000000238
113581  -49.394  34.477  37.650 0.6000000238
159967  -50.720  35.489  37.851 0.6999999881
114976  -46.450  36.587  35.474 0.6000000238
114962  -46.984  36.251  36.054 0.6000000238
158445  -47.370  36.014  36.576 0.6000000238
114942  -48.530  36.176  37.564 0.6000000238
114928  -49.409  36.476  37.945 0.6000000238
140528  -50.123  35.851  37.989 0.6000000238
114270  -51.455  35.525  37.751 0.6999999881
115614  -47.062  37.717  34.543 0.4000000060
151152  -47.457  38.272  34.952 0.5000000000
115605  -47.285  37.605  35.359 0.5000000000
116232  -47.879  38.877  33.737 0.5000000000
116221  -47.685  38.991  34.612 0.5000000000
116805  -47.681  39.103  35.529 0.5000000000
116851  -49.705  39.529  31.409 0.6000000238
117449  -49.303  40.375  33.249 0.6000000238
117448  -48.650  40.165  33.890 0.6000000238
116806  -47.901  39.832  35.166 0.5000000000
117466  -51.247  40.065  31.498 0.6000000238
117456  -49.849  40.189  32.499 0.6000000238
117450  -50.167  40.995  32.916 0.6000000238
117442  -49.013  40.917  34.114 0.6000000238
117467  -52.379  40.237  31.133 0.6999999881
156477  -51.947  40.527  31.859 0.6999999881
118112  -51.043  41.374  32.954 0.6999999881
117458  -53.184  40.678  31.783 0.6999999881
118101  -51.050  41.896  33.670 0.8000000119
118103  -53.419  41.683  33.297 0.8000000119
117468  -53.574  40.457  30.856 0.6999999881
117459  -54.234  40.966  31.743 0.6999999881
118114  -53.809  41.284  32.563 0.8000000119
118115  -54.454  41.629  32.525 0.6999999881
118776  -54.194  42.372  32.222 0.6999999881
118123  -54.366  41.326  31.917 0.6999999881
119397  -54.047  43.067  32.697 0.6999999881
119409  -52.771  42.860  31.542 0.6999999881
118136  -54.209  41.138  30.899 0.6999999881
110020  -51.563  29.115  44.970 0.1000000015
110042  -52.587  29.306  43.272 0.1000000015
109998  -50.610  29.319  46.127 0.1000000015
110007  -50.837  29.106  45.252 0.1000000015
109997  -49.710  29.214  46.329 0.1000000015
110022  -53.500  29.342  44.896 0.2000000030
109975  -48.958  28.881  48.376 0.1000000015
109986  -49.643  29.209  47.500 0.1000000015
138254  -53.986  29.354  44.202 0.3000000119
110001  -54.378  29.752  46.584 0.2000000030
137269  -54.333  29.406  44.972 0.3000000119
109990  -54.093  30.078  47.692 0.3000000119
110044  -54.706  29.433  43.427 0.4000000060
163112  -54.093  29.441  42.264 0.3000000119
109991  -55.091  30.178  47.265 0.3000000119
110060  -55.615  29.437  42.663 0.4000000060
110089  -54.419  29.884  40.111 0.8000000119
142138  -53.736  31.004  39.346 0.8000000119
111430  -53.511  31.874  39.188 0.6999999881
137686  -47.555  36.720  36.615 0.6000000238
140880  -48.114  36.785  37.319 0.6000000238
157414  -48.732  36.818  37.680 0.6000000238
115569  -49.814  37.259  38.228 0.6000000238
114929  -50.399  36.634  38.228 0.6000000238
114930  -51.374  36.722  38.355 0.6999999881
116208  -47.607  38.363  35.857 0.5000000000
116200  -47.827  38.459  36.589 0.5000000000
115582  -47.880  37.355  37.063 0.6000000238
116194  -48.698  38.366  37.697 0.6000000238
164729  -49.912  37.957  38.383 0.6999999881
138553  -50.330  38.365  38.744 0.6999999881
116184  -51.313  37.964  39.085 0.6999999881
116798  -47.836  39.126  36.391 0.5000000000
116201  -48.178  38.967  37.206 0.6000000238
116182  -48.762  39.031  37.848 0.6000000238
162040  -49.486  39.294  38.517 0.6999999881
116783  -49.989  39.248  38.947 0.6999999881
149549  -48.811  41.137  34.684 0.5000000000
116866  -49.053  39.491  30.792 0.4000000060
116868  -50.898  39.495  30.072 0.6000000238
161760  -50.470  41.437  33.308 0.6000000238
116869  -51.924  39.580  29.517 0.6000000238
143423  -52.764  39.948  30.139 0.6000000238
117482  -53.534  40.233  29.857 0.6000000238
146295  -54.695  42.519  33.621 0.6999999881
155622  -53.673  42.207  31.323 0.6999999881
110041  -51.492  29.180  43.397 0.1000000015
109996  -49.089  29.079  46.803 0.1000000015
164822  -50.111  29.150  45.558 0.1000000015
110019  -50.996  29.028  44.277 0.1000000015
140970  -52.013  29.621  41.828 0.4000000060
109281  -48.274  28.738  47.805 0.1000000015
109288  -48.348  28.804  46.765 0.1000000015
109301  -48.638  28.763  45.183 0.1000000015
109315  -49.215  28.774  44.341 0.1000000015
145339  -55.093  29.402  41.779 0.5000000000
110073  -54.566  29.564  40.937 0.6000000238
113552  -52.853  34.966  40.597 0.8000000119
115541  -52.162  37.628  42.715 0.8000000119
152920  -47.943  39.854  36.090 0.5000000000
117418  -48.602  40.381  37.386 0.8000000119
117419  -49.082  40.977  37.909 0.8000000119
147459  -49.413  39.792  38.605 0.6999999881
117434  -48.287  40.551  35.704 0.5000000000
118082  -48.658  41.260  36.179 0.6000000238
118068  -48.759  41.159  37.057 0.6999999881
118069  -49.269  41.719  37.459 0.8000000119
137291  -49.326  39.545  29.797 0.4000000060
118092  -49.331  41.680  34.701 0.6000000238
118083  -49.161  41.950  35.668 0.6999999881
116882  -51.051  39.414  28.851 0.6000000238
140233  -50.321  39.207  28.128 0.4000000060
116883  -51.917  39.491  28.363 0.6000000238
117493  -52.464  39.770  28.218 0.5000000000
117481  -52.821  39.735  29.091 0.6000000238
118764  -53.956  42.342  33.892 0.8000000119
117494  -53.280  40.179  28.914 0.6000000238
118802  -53.466  41.482  29.769 0.6999999881
110018  -50.105  28.931  44.755 0.1000000015
110056  -51.748  29.414  42.499 0.3000000119
155464  -47.391  28.528  48.050 0.1000000015
157926  -47.229  28.519  46.661 0.1000000015
163028  -47.462  28.566  45.716 0.1000000015
109313  -47.535  28.654  44.285 0.1000000015
109280  -46.519  28.308  47.671 0.1000000015
146385  -46.803  28.444  46.185 0.1000000015
110071  -52.804  29.763  41.434 0.5000000000
110072  -53.687  29.660  41.236 0.4000000060
110762  -53.873  30.303  39.879 0.8000000119
111429  -52.927  31.431  39.588 0.8000000119
118017  -47.646  41.407  42.928 0.5000000000
161497  -48.261  41.275  42.787 0.6999999881
143506  -49.016  40.035  42.477 0.6000000238
115540  -50.934  37.305  42.423 0.8999999762
118662  -46.755  43.168  44.376 0.6000000238
116760  -49.843  39.540  42.485 0.6999999881
144240  -51.052  38.379  42.606 0.6999999881
118663  -47.743  43.095  44.217 0.6000000238
117998  -48.296  42.038  43.305 0.6999999881
119291  -46.850  44.054  43.996 0.5000000000
153614  -48.774  42.930  43.957 0.6000000238
147549  -50.239  41.859  43.330 0.8000000119
119311  -46.907  43.704  42.517 0.6000000238
161544  -47.382  44.202  43.824 0.5000000000
157401  -48.337  44.165  44.028 0.6999999881
119318  -47.805  43.589  41.000 0.5000000000
119304  -47.962  44.225  42.690 0.6000000238
119313  -48.395  44.168  41.685 0.6999999881
119319  -48.484  43.981  40.536 0.5000000000
119952  -49.096  44.500  40.980 0.6999999881
116894  -49.663  39.226  27.681 0.4000000060
116896  -51.627  39.571  27.689 0.5000000000
156745  -51.438  40.046  27.390 0.5000000000
140577  -52.126  40.718  27.758 0.5000000000
119374  -54.375  43.568  34.265 0.8999999762
120008  -53.870  44.255  34.733 0.8999999762
120611  -53.252  45.420  34.968 0.8999999762
121216  -52.627  46.052  35.306 0.8999999762
121186  -52.583  46.575  35.974 0.8999999762
121199  -52.285  46.897  35.693 0.8999999762
139586  -52.685  41.384  28.159 0.5000000000
142369  -53.749  41.724  30.708 0.6999999881
118156  -53.006  41.847  28.705 0.6000000238
143696  -49.963  29.198  42.970 0.2000000030
110055  -50.743  29.412  42.574 0.2000000030
110039  -49.271  28.988  43.357 0.1000000015
109327  -47.978  28.853  43.613 0.1000000015
109328  -48.659  28.824  43.690 0.1000000015
109312  -46.226  28.517  44.374 0.1000000015
110087  -53.196  30.000  40.769 0.6000000238
155939  -52.810  33.355  39.737 0.6999999881
114240  -51.805  35.663  41.638 0.8000000119
118675  -45.522  42.754  42.208 0.4000000060
119280  -45.460  43.317  44.379 0.4000000060
117996  -46.304  42.525  44.155 0.5000000000
153015  -48.094  40.522  42.523 0.6999999881
116154  -49.954  38.682  42.401 0.6000000238
114231  -51.362  36.047  41.993 0.8000000119
118676  -46.271  43.302  42.372 0.4000000060
118644  -46.322  43.546  44.266 0.5000000000
118055  -45.187  41.582  39.326 0.3000000119
118695  -45.909  41.927  40.080 0.4000000060
141030  -46.185  42.560  41.229 0.4000000060
119302  -46.437  43.842  43.407 0.4000000060
118706  -45.886  41.957  38.984 0.4000000060
118686  -46.993  43.203  41.387 0.4000000060
118727  -46.248  42.657  37.665 0.4000000060
118707  -46.493  42.295  39.452 0.4000000060
119343  -47.017  43.117  37.822 0.5000000000
118708  -47.260  42.828  39.502 0.5000000000
119344  -47.734  43.691  37.922 0.5000000000
141780  -47.907  43.440  39.290 0.5000000000
119326  -48.467  43.900  39.616 0.5000000000
119966  -48.889  44.356  39.196 0.6000000238
119980  -47.932  44.220  37.443 0.5000000000
119981  -48.556  44.784  37.465 0.6000000238
119967  -49.452  44.919  39.263 0.6999999881
120581  -49.649  45.916  37.803 0.6999999881
121174  -50.218  46.846  37.660 0.6999999881
121768  -51.593  48.013  36.498 0.8999999762
121777  -51.752  47.937  35.937 0.8999999762
119398  -54.696  42.679  33.057 0.6999999881
119386  -54.626  43.298  33.622 0.8000000119
120023  -54.593  43.543  34.059 0.8000000119
120610  -52.520  45.593  34.742 0.8999999762
148327  -51.317  40.899  27.664 0.5000000000
118821  -52.131  41.967  28.119 0.5000000000
142260  -49.269  29.384  42.559 0.2000000030
110052  -45.545  29.806  42.622 0.1000000015
158428  -47.993  29.466  42.609 0.2000000030
110748  -49.431  29.925  41.829 0.2000000030
110036  -46.005  29.124  43.074 0.1000000015
110038  -47.645  29.142  43.031 0.2000000030
109324  -45.653  28.717  43.741 0.1000000015
150918  -52.519  30.286  40.697 0.6999999881
110761  -53.167  30.520  40.069 0.8000000119
112178  -52.948  32.451  39.487 0.6999999881
112887  -51.107  34.146  40.859 0.8999999762
114239  -50.472  35.113  41.676 0.6999999881
113551  -51.937  34.415  40.693 0.8000000119
164340  -44.055  42.415  42.469 0.4000000060
119279  -44.723  43.188  44.433 0.4000000060
117385  -46.233  40.819  42.819 0.4000000060
116152  -47.893  38.885  42.104 0.5000000000
161279  -49.433  36.675  42.204 0.5000000000
114230  -50.545  35.769  41.964 0.8000000119
162818  -51.105  35.515  41.739 0.8000000119
118030  -44.733  41.648  41.129 0.3000000119
160036  -45.539  42.663  44.440 0.4000000060
117386  -47.127  40.637  42.609 0.5000000000
150348  -48.263  39.604  42.327 0.6000000238
115539  -50.066  37.801  42.339 0.6999999881
118044  -45.027  41.524  40.269 0.3000000119
118685  -45.403  42.019  41.159 0.3000000119
118061  -45.149  41.711  38.481 0.3000000119
118735  -45.909  42.833  36.916 0.4000000060
119356  -46.319  43.481  36.550 0.5000000000
119991  -46.775  44.218  36.291 0.5000000000
119992  -47.661  44.635  36.714 0.5000000000
120588  -47.666  45.444  36.109 0.6000000238
119395  -51.269  43.993  32.353 0.8000000119
119407  -50.863  44.203  31.688 0.8000000119
122352  -51.122  48.667  36.645 0.8999999762
119408  -51.604  43.602  31.633 0.6999999881
119396  -52.412  43.456  32.343 0.6999999881
120020  -50.941  44.467  32.999 0.8000000119
120609  -51.135  45.579  34.386 0.8000000119
121215  -51.807  46.598  35.204 0.8999999762
118789  -52.855  42.512  30.650 0.6999999881
121795  -50.984  47.750  35.195 0.8999999762
118822  -52.675  42.497  28.394 0.5000000000
118810  -53.035  42.674  28.904 0.5000000000
118820  -50.803  42.066  28.232 0.4000000060
119443  -52.320  43.013  28.363 0.5000000000
110053  -46.518  29.611  42.598 0.1000000015
110742  -47.098  30.132  42.191 0.2000000030
110069  -50.400  29.823  41.800 0.3000000119
110759  -51.663  30.576  40.711 0.5000000000
112891  -51.613  33.464  40.395 0.8000000119
112168  -52.185  32.888  39.937 0.6999999881
120006  -46.449  44.732  35.645 0.5000000000
120598  -46.965  45.514  35.581 0.6000000238
157517  -51.893  45.632  30.103 0.6000000238
120043  -52.816  44.365  29.226 0.6999999881
119432  -52.894  43.522  28.862 0.5000000000
111408  -46.000  31.148  41.851 0.1000000015
110743  -47.881  29.911  42.209 0.2000000030
110745  -46.830  31.019  41.724 0.1000000015
110747  -48.534  30.284  41.806 0.3000000119
110749  -50.172  30.478  41.335 0.4000000060
111422  -52.165  31.890  39.872 0.8000000119
111410  -47.572  31.598  41.566 0.3000000119
110750  -51.034  30.219  41.269 0.4000000060
112167  -51.361  32.393  40.286 0.8000000119
112288  -46.062  32.170  29.525 0.5000000000
111480  -49.825  30.929  33.996 0.6999999881
111464  -50.222  31.319  35.363 0.6999999881
117388  -50.660  39.882  42.774 0.6999999881
150670  -49.330  41.993  43.224 0.6999999881
117999  -49.858  41.279  42.907 0.6999999881
116170  -50.794  38.713  39.320 0.6999999881
116780  -49.793  40.124  39.160 0.8000000119
114898  -51.672  36.747  42.324 0.8999999762
153651  -49.345  43.559  44.123 0.6999999881
117414  -49.398  40.530  38.600 0.8000000119
118075  -49.126  41.917  36.609 0.8000000119
120590  -52.814  45.807  36.097 0.8999999762
157263  -53.573  44.519  35.246 0.8999999762
118754  -54.615  42.920  34.089 0.8000000119
112270  -42.837  32.177  31.571 0.5000000000
112261  -43.911  32.392  31.727 0.6000000238
111525  -45.787  32.215  31.682 0.6000000238
144909  -47.235  31.633  32.311 0.6999999881
111491  -41.090  32.075  32.753 0.2000000030
110819  -41.662  31.779  32.278 0.4000000060
111506  -42.349  31.936  31.747 0.5000000000
111507  -44.556  32.024  32.596 0.6000000238
147001  -43.610  32.052  33.121 0.5000000000
111509  -46.498  31.616  32.726 0.6999999881
136945  -47.869  30.971  33.988 0.6999999881
137267  -48.854  30.896  33.912 0.6999999881
112231  -40.076  32.509  34.095 0.2000000030
112234  -42.818  32.110  33.863 0.3000000119
111475  -44.434  31.702  34.478 0.5000000000
139819  -45.938  31.352  34.427 0.6999999881
111478  -47.482  31.126  34.869 0.6999999881
111462  -48.130  31.422  35.568 0.6999999881
111463  -49.193  31.220  35.379 0.6999999881
111451  -49.827  31.703  36.065 0.6999999881
156934  -41.316  33.237  35.794 0.4000000060
110025  -57.693  29.614  44.742 0.6000000238
112215  -42.556  32.680  35.572 0.3000000119
112198  -44.047  32.824  36.150 0.6000000238
111459  -44.871  31.908  35.416 0.6000000238
111460  -46.459  31.818  35.784 0.6000000238
112203  -50.370  32.342  36.517 0.6999999881
110700  -56.359  30.387  49.207 0.2000000030
158834  -57.225  30.306  46.998 0.4000000060
140294  -39.819  33.538  35.586 0.2000000030
112213  -39.444  32.836  34.813 0.1000000015
112201  -47.165  32.679  36.661 0.6000000238
112916  -49.677  33.642  37.423 0.6000000238
109988  -53.075  29.817  47.764 0.2000000030
109256  -49.337  28.803  50.636 0.1000000015
109958  -51.606  29.252  51.242 0.1000000015
138594  -52.294  29.696  49.634 0.1000000015
108458  -50.695  28.242  51.784 0.1000000015
108472  -52.071  28.436  51.089 0.2000000030
107658  -51.254  27.328  49.587 0.2000000030
110023  -56.138  29.613  44.799 0.4000000060
154208  -53.311  28.166  49.983 0.2000000030
112924  -40.869  34.150  36.284 0.2000000030
112926  -42.926  33.729  36.394 0.6000000238
144096  -44.393  33.952  36.559 0.6000000238
112928  -46.119  33.567  36.626 0.6000000238
112930  -47.596  33.401  37.081 0.6000000238
114269  -50.109  35.060  37.814 0.6000000238
108499  -52.176  27.408  49.345 0.2000000030
114287  -43.679  35.218  36.360 0.6000000238
114960  -45.138  35.870  35.905 0.6000000238
114289  -45.530  35.181  36.293 0.6000000238
114291  -47.084  34.875  36.770 0.6000000238
114959  -44.205  35.935  36.036 0.6000000238
140533  -46.931  35.593  36.398 0.6000000238
113579  -47.742  34.760  37.224 0.6000000238
114266  -47.519  35.456  36.931 0.6000000238
114268  -49.145  35.441  37.756 0.6000000238
114943  -50.987  36.058  38.059 0.6999999881
115604  -46.742  37.180  35.025 0.5000000000
114977  -47.146  36.933  35.751 0.6000000238
115584  -49.169  37.177  37.930 0.6000000238
116220  -47.390  38.332  34.132 0.5000000000
115590  -47.604  37.626  36.335 0.5000000000
116824  -49.174  39.728  32.728 0.5000000000
116814  -48.131  39.623  34.220 0.5000000000
116852  -50.600  39.617  31.054 0.6000000238
116839  -50.267  39.888  31.834 0.6000000238
116838  -49.447  39.586  32.150 0.6000000238
117441  -48.431  40.520  34.730 0.5000000000
117457  -50.910  40.610  32.285 0.6999999881
118100  -49.879  41.432  33.707 0.6000000238
118113  -52.267  41.147  32.557 0.6999999881
120021  -52.327  44.060  33.195 0.8000000119
115570  -50.696  37.487  38.545 0.6999999881
116183  -49.438  38.697  38.318 0.6999999881
116799  -48.172  39.778  36.915 0.5000000000
116782  -49.083  39.434  38.196 0.6999999881
116867  -49.954  39.461  30.515 0.4000000060
119387  -54.793  42.945  33.824 0.8000000119
148528  -48.122  28.713  45.862 0.1000000015
117427  -48.367  40.506  36.590 0.6000000238
164030  -49.655  39.473  28.858 0.4000000060
116880  -48.953  39.589  28.768 0.4000000060
116905  -50.377  39.047  26.986 0.4000000060
118801  -53.004  42.335  29.676 0.6999999881
163166  -46.394  28.320  46.892 0.1000000015
109299  -46.961  28.522  45.026 0.1000000015
109325  -46.464  28.783  43.592 0.1000000015
118016  -46.739  41.576  43.283 0.5000000000
118018  -48.986  41.113  42.737 0.6999999881
149365  -49.306  38.184  42.235 0.6000000238
120017  -53.377  44.766  34.419 0.8000000119
119421  -52.558  43.172  29.896 0.6999999881
110037  -46.860  29.139  43.040 0.1000000015
118684  -44.701  42.330  42.095 0.4000000060
118716  -45.750  42.177  38.161 0.4000000060
163300  -52.971  44.471  33.835 0.8000000119
120616  -51.880  44.787  33.897 0.8000000119
104673  -57.582  21.984  47.839 0.1000000015
105380  -55.887  23.238  46.782 0.1000000015
106168  -56.034  24.146  46.631 0.2000000030
106910  -54.359  25.002  45.338 0.2000000030
106918  -54.543  25.536  44.738 0.2000000030
103115  -55.768  20.284  49.298 0.1000000015
103126  -56.139  19.996  49.054 0.1000000015
103940  -57.677  21.770  48.524 0.1000000015
103939  -57.247  21.170  47.910 0.1000000015
104684  -55.892  22.244  46.797 0.1000000015
106174  -54.416  24.424  45.847 0.2000000030
106917  -53.657  25.162  44.634 0.2000000030
106925  -53.427  25.477  43.886 0.2000000030
163356  -52.711  18.702  49.238 0.1000000015
102329  -54.427  19.273  49.262 0.1000000015
102345  -56.240  19.960  48.421 0.1000000015
103148  -56.437  20.893  47.317 0.1000000015
106924  -52.374  25.090  43.489 0.2000000030
100604  -52.038  17.745  49.239 0.1000000015
101457  -52.762  17.919  49.165 0.1000000015
101464  -54.234  18.615  48.689 0.1000000015
99753  -50.962  16.812  48.821 0.1000000015
100617  -51.603  17.137  48.398 0.1000000015
100618  -52.337  17.515  47.699 0.1000000015
99761  -49.132  16.008  47.103 0.1000000015
137181  -49.747  16.244  47.564 0.1000000015
99762  -50.559  16.730  47.115 0.1000000015
106170  -58.311  24.557  47.389 0.1000000015
106169  -57.219  24.342  46.902 0.1000000015
106911  -55.939  25.480  45.658 0.2000000030
106919  -55.425  25.849  44.855 0.2000000030
107688  -54.607  26.072  43.479 0.2000000030
106945  -54.168  26.002  42.076 0.2000000030
104651  -56.313  22.160  49.335 0.1000000015
104653  -58.036  22.641  49.098 0.1000000015
106163  -57.981  23.727  47.511 0.1000000015
105381  -56.918  23.511  47.168 0.1000000015
106175  -55.247  24.773  46.025 0.2000000030
157333  -55.032  25.357  45.342 0.2000000030
137583  -54.110  25.712  44.028 0.2000000030
106944  -53.498  25.902  41.516 0.2000000030
103125  -54.258  21.016  49.090 0.1000000015
103917  -56.068  21.193  49.376 0.1000000015
103116  -56.587  20.691  49.186 0.1000000015
106934  -53.856  25.811  43.131 0.2000000030
106933  -53.209  25.666  42.407 0.2000000030
103123  -52.511  20.392  48.637 0.1000000015
103113  -53.919  19.645  49.319 0.1000000015
106183  -52.108  24.600  43.915 0.2000000030
106932  -52.281  25.341  42.693 0.2000000030
158610  -52.896  25.879  41.082 0.2000000030
106177  -51.775  23.965  44.298 0.2000000030
155104  -56.614  25.370  46.104 0.1000000015
106920  -56.435  26.157  44.984 0.2000000030
107682  -55.977  26.318  44.136 0.2000000030
107689  -55.484  26.327  43.332 0.3000000119
105357  -54.720  23.564  48.515 0.1000000015
105347  -56.512  23.242  49.229 0.1000000015
105349  -58.212  23.201  49.053 0.1000000015
105374  -58.497  23.734  48.184 0.1000000015
107690  -56.651  26.428  43.155 0.4000000060
107697  -55.896  26.406  42.403 0.3000000119
136806  -55.205  26.310  41.793 0.2000000030
107709  -54.496  26.212  41.129 0.2000000030
103926  -53.575  21.606  48.664 0.1000000015
104650  -55.312  21.990  49.136 0.1000000015
106955  -53.521  26.133  40.734 0.2000000030
103124  -53.537  20.534  48.986 0.1000000015
106942  -51.658  25.372  41.816 0.2000000030
106943  -52.606  25.640  41.750 0.2000000030
106189  -51.166  24.533  42.993 0.2000000030
107735  -52.468  26.377  39.615 0.2000000030
136952  -57.756  26.460  41.742 0.4000000060
136951  -57.105  26.435  40.836 0.3000000119
159666  -58.187  26.482  42.815 0.4000000060
107698  -56.917  26.429  42.103 0.4000000060
106893  -56.747  25.603  48.716 0.2000000030
163933  -58.238  25.533  48.387 0.3000000119
106908  -58.631  25.757  47.194 0.3000000119
106914  -58.637  26.281  46.147 0.2000000030
107691  -57.686  26.402  43.385 0.4000000060
136921  -56.278  26.433  41.467 0.3000000119
107724  -56.159  26.459  40.681 0.3000000119
105355  -53.117  23.069  47.985 0.2000000030
105356  -53.894  23.321  48.264 0.2000000030
105358  -55.553  23.831  48.757 0.2000000030
138468  -56.470  24.791  48.775 0.2000000030
106895  -58.537  24.965  48.194 0.2000000030
155199  -58.586  25.085  47.530 0.2000000030
107678  -57.498  26.230  45.056 0.4000000060
107683  -56.995  26.418  44.218 0.5000000000
107737  -54.921  26.590  39.705 0.2000000030
107722  -54.206  26.374  40.255 0.2000000030
104659  -52.891  22.232  48.244 0.1000000015
104660  -53.704  22.472  48.445 0.1000000015
107736  -53.965  26.588  39.525 0.2000000030
107721  -53.306  26.367  39.989 0.2000000030
137710  -50.816  23.313  47.172 0.1000000015
108569  -53.196  27.214  38.260 0.2000000030
107752  -52.783  26.754  38.870 0.2000000030
107751  -51.476  26.818  38.233 0.2000000030
107764  -50.996  27.055  37.608 0.2000000030
156837  -49.746  27.072  36.599 0.2000000030
107773  -49.249  27.051  35.848 0.1000000015
107685  -58.779  26.805  44.356 0.4000000060
107684  -58.035  26.353  44.240 0.4000000060
107699  -58.286  26.560  42.136 0.5000000000
107668  -56.997  26.475  48.728 0.3000000119
150311  -58.242  27.208  48.108 0.3000000119
107675  -59.123  26.990  45.804 0.5000000000
107680  -58.918  26.755  45.295 0.4000000060
107725  -57.860  26.393  40.308 0.5000000000
138132  -56.987  26.421  40.144 0.4000000060
107738  -55.961  26.547  39.930 0.3000000119
105371  -53.241  23.934  47.808 0.2000000030
106892  -55.834  25.548  48.565 0.2000000030
108503  -56.300  27.338  48.810 0.3000000119
160784  -58.025  26.454  38.728 0.5000000000
107756  -57.109  26.593  38.807 0.5000000000
107755  -55.875  26.753  39.051 0.4000000060
107754  -54.661  26.867  38.963 0.3000000119
104672  -52.308  22.822  47.726 0.2000000030
106902  -53.185  24.976  47.864 0.2000000030
136352  -54.125  25.126  48.160 0.2000000030
108502  -55.381  27.378  48.873 0.3000000119
108572  -56.482  26.987  38.173 0.4000000060
108584  -55.823  27.425  37.518 0.4000000060
108583  -54.739  27.485  37.609 0.3000000119
108570  -54.177  27.241  38.293 0.3000000119
104680  -47.523  22.534  46.623 0.1000000015
105378  -48.776  23.311  46.775 0.1000000015
106160  -50.967  24.322  47.318 0.2000000030
106889  -52.477  25.916  48.118 0.2000000030
106890  -53.404  25.915  48.245 0.2000000030
109397  -53.634  28.517  35.306 0.3000000119
108594  -53.444  27.761  36.978 0.3000000119
108581  -52.741  27.477  37.474 0.2000000030
158524  -49.490  23.384  46.853 0.1000000015
152081  -50.184  24.801  47.405 0.1000000015
106900  -50.689  25.484  47.768 0.1000000015
109386  -52.861  28.285  35.785 0.3000000119
147472  -52.822  27.873  36.599 0.2000000030
108568  -52.316  27.037  38.236 0.2000000030
109442  -51.553  28.789  31.260 0.2000000030
109421  -51.665  28.737  32.972 0.2000000030
109395  -51.300  28.312  34.839 0.2000000030
108607  -52.072  27.962  36.159 0.3000000119
163643  -51.345  27.368  37.131 0.2000000030
109454  -50.913  28.005  29.374 0.2000000030
109448  -51.167  28.466  30.417 0.2000000030
144168  -51.042  28.520  32.174 0.2000000030
109407  -50.676  28.195  34.279 0.2000000030
108606  -51.277  27.954  35.711 0.2000000030
108592  -50.516  27.529  36.143 0.2000000030
108579  -50.653  27.283  36.929 0.2000000030
108644  -50.473  27.785  30.584 0.2000000030
108636  -50.355  27.958  31.679 0.2000000030
108605  -50.350  27.786  35.185 0.2000000030
108625  -50.078  27.902  33.337 0.2000000030
108591  -49.859  27.403  35.849 0.1000000015
108635  -49.720  27.481  32.102 0.2000000030
138526  -58.422  26.584  43.457 0.5000000000
108506  -58.436  27.797  47.748 0.3000000119
108526  -59.346  27.646  45.404 0.5000000000
107686  -59.274  27.379  44.056 0.5000000000
107726  -58.463  26.569  40.580 0.5000000000
108504  -57.107  27.471  48.725 0.3000000119
108505  -57.679  27.858  48.468 0.3000000119
109282  -58.467  28.790  47.553 0.4000000060
107740  -58.545  26.470  39.836 0.5000000000
107666  -53.784  26.829  48.666 0.2000000030
108501  -54.447  27.467  49.021 0.3000000119
108488  -55.731  28.212  49.222 0.2000000030
109273  -57.609  29.026  48.630 0.2000000030
151043  -56.954  27.190  37.342 0.5000000000
105367  -48.224  23.987  47.084 0.1000000015
106159  -49.468  24.725  47.379 0.1000000015
106888  -51.579  25.832  48.004 0.1000000015
107665  -52.740  26.737  48.622 0.2000000030
108500  -53.047  27.474  49.276 0.2000000030
109423  -53.776  28.971  33.717 0.3000000119
109388  -54.957  28.087  36.381 0.3000000119
105368  -49.134  24.009  47.030 0.1000000015
136450  -52.402  29.084  32.843 0.2000000030
109410  -53.509  28.695  34.515 0.3000000119
109455  -51.632  28.590  29.354 0.2000000030
108651  -51.426  28.007  27.981 0.2000000030
108667  -51.213  27.860  26.875 0.2000000030
139389  -50.401  27.263  29.319 0.2000000030
108650  -50.900  27.473  28.277 0.2000000030
108535  -59.495  27.780  44.633 0.5000000000
109992  -58.055  29.760  47.788 0.4000000060
109261  -56.225  29.145  49.462 0.2000000030
109982  -57.547  29.973  48.624 0.4000000060
109260  -55.241  29.064  49.908 0.2000000030
109422  -53.040  29.174  33.222 0.3000000119
109433  -52.114  29.053  32.080 0.3000000119
109465  -51.537  28.683  27.660 0.2000000030
161255  -51.049  27.897  26.613 0.2000000030
109470  -50.948  28.273  26.673 0.2000000030
108666  -50.736  27.365  26.720 0.2000000030
141954  -58.722  28.850  46.003 0.4000000060
109316  -59.189  28.877  44.123 0.5000000000
110003  -58.411  29.410  46.825 0.4000000060
109329  -59.092  28.718  43.266 0.5000000000
110063  -58.586  29.057  42.938 0.5000000000
110837  -44.956  31.062  30.120 0.4000000060
144849  -49.248  30.898  41.388 0.2000000030
112158  -48.300  32.210  41.428 0.2000000030
139358  -48.833  31.643  41.351 0.2000000030
111419  -49.425  31.961  41.094 0.3000000119
160159  -50.127  32.048  40.766 0.5000000000
112886  -49.707  33.754  41.252 0.5000000000
113548  -50.403  34.383  41.302 0.6000000238
114286  -42.033  35.070  36.405 0.4000000060
139802  -48.357  31.148  41.521 0.2000000030
112157  -47.354  32.697  41.554 0.2000000030
112884  -47.393  33.720  41.602 0.2000000030
154113  -42.783  35.554  36.238 0.4000000060
114973  -43.721  36.530  35.654 0.4000000060
115610  -42.565  37.484  34.897 0.3000000119
115600  -43.119  37.089  35.291 0.4000000060
115601  -44.073  37.192  35.154 0.4000000060
116219  -44.967  38.325  33.846 0.3000000119
115612  -44.490  37.762  34.520 0.3000000119
115602  -45.058  37.113  35.003 0.4000000060
116890  -45.734  39.884  28.405 0.3000000119
116902  -47.639  39.680  26.739 0.3000000119
116903  -48.478  39.525  26.818 0.3000000119
116904  -49.625  39.199  26.944 0.3000000119
117510  -48.054  39.742  26.645 0.3000000119
118164  -48.534  40.144  26.640 0.3000000119
117511  -49.065  39.577  26.781 0.3000000119
118163  -47.576  40.297  26.589 0.3000000119
118152  -47.998  41.208  27.178 0.3000000119
118165  -49.599  40.011  26.780 0.3000000119
117512  -50.074  39.342  26.882 0.3000000119
118166  -50.655  39.976  27.065 0.4000000060
115609  -41.803  37.567  34.777 0.3000000119
116216  -42.416  37.983  34.332 0.3000000119
115618  -45.956  38.101  33.892 0.3000000119
151799  -45.485  37.639  34.420 0.3000000119
115613  -46.392  37.576  34.425 0.3000000119
116228  -43.568  38.733  33.418 0.3000000119
115603  -45.986  37.002  34.868 0.3000000119
116833  -44.140  39.345  32.216 0.3000000119
116237  -43.728  39.079  32.825 0.3000000119
116834  -45.048  39.236  32.375 0.3000000119
116239  -45.765  38.900  32.897 0.3000000119
116240  -46.617  38.806  32.790 0.3000000119
116241  -47.487  38.687  32.836 0.3000000119
116861  -43.782  39.691  30.515 0.3000000119
116862  -44.637  39.731  31.001 0.3000000119
116847  -45.363  39.537  31.554 0.3000000119
116836  -46.976  39.150  32.149 0.4000000060
145477  -48.089  38.972  32.161 0.5000000000
116837  -48.732  39.254  32.512 0.5000000000
116876  -44.556  39.765  30.009 0.3000000119
116863  -45.581  39.822  30.499 0.3000000119
116849  -47.324  39.466  31.323 0.3000000119
116865  -47.562  39.757  30.445 0.3000000119
116850  -48.873  39.339  31.724 0.5000000000
116877  -45.261  39.887  29.318 0.3000000119
116878  -46.196  39.954  29.375 0.3000000119
116879  -47.304  39.952  29.219 0.3000000119
140373  -48.169  39.686  28.526 0.3000000119
137800  -48.218  39.473  31.103 0.3000000119
116893  -48.784  39.394  27.417 0.3000000119
161339  -47.238  43.118  27.979 0.2000000030
119439  -47.821  43.276  28.380 0.3000000119
118818  -48.405  42.248  28.205 0.3000000119
138878  -47.166  41.163  26.784 0.3000000119
118153  -49.033  41.127  27.479 0.3000000119
118154  -50.173  40.993  27.618 0.3000000119
116215  -41.570  38.114  34.190 0.3000000119
116217  -43.052  38.449  33.878 0.3000000119
137856  -42.137  38.467  33.623 0.3000000119
116230  -46.894  38.064  33.836 0.3000000119
139173  -46.332  38.487  33.362 0.3000000119
150189  -47.029  38.464  33.251 0.3000000119
116242  -48.128  38.756  32.965 0.4000000060
118819  -49.533  42.160  28.338 0.3000000119
120052  -47.582  44.299  28.326 0.2000000030
119440  -48.964  43.157  28.608 0.3000000119
150666  -48.509  44.108  28.591 0.3000000119
119438  -47.074  43.691  28.040 0.2000000030
120067  -46.732  44.548  27.829 0.2000000030
119441  -50.199  43.106  28.554 0.3000000119
119442  -51.563  43.057  28.332 0.3000000119
120066  -45.935  44.152  27.261 0.2000000030
120053  -48.223  44.954  28.444 0.2000000030
120058  -52.682  44.339  28.731 0.4000000060
120054  -49.195  44.857  28.610 0.3000000119
120055  -50.346  44.801  28.601 0.3000000119
149363  -50.892  43.962  28.499 0.3000000119
149362  -51.887  43.939  28.515 0.4000000060
120035  -52.159  44.037  30.197 0.5000000000
121235  -52.582  46.235  29.640 0.5000000000
120633  -48.850  45.599  28.369 0.2000000030
120631  -52.922  45.374  28.806 0.4000000060
121238  -53.153  46.666  29.272 0.4000000060
153821  -52.796  45.693  28.516 0.3000000119
121250  -53.070  46.160  28.601 0.3000000119
152853  -53.373  46.795  28.917 0.4000000060
120635  -51.060  45.569  28.376 0.3000000119
120056  -51.657  44.713  28.450 0.3000000119
121836  -53.355  47.635  28.771 0.3000000119
121249  -52.717  46.353  28.247 0.3000000119
121841  -53.112  46.907  28.397 0.3000000119
121213  -49.990  47.050  34.495 0.6999999881
144450  -49.610  46.234  33.914 0.6999999881
120620  -50.119  44.990  32.652 0.6999999881
120027  -49.988  45.033  31.898 0.6999999881
121233  -50.619  46.460  30.407 0.6999999881
121827  -51.441  47.076  30.030 0.6000000238
121834  -51.806  47.827  29.823 0.6999999881
121237  -52.456  47.159  29.692 0.6000000238
123024  -51.869  49.558  29.556 0.6000000238
120632  -48.082  45.691  28.146 0.2000000030
122448  -52.879  48.420  29.383 0.6000000238
121245  -48.584  46.150  28.063 0.2000000030
120634  -49.816  45.596  28.475 0.3000000119
121248  -51.640  46.362  28.153 0.3000000119
121262  -52.798  47.181  28.058 0.3000000119
121819  -47.982  47.122  32.926 0.6999999881
121810  -49.092  47.089  34.011 0.6999999881
121224  -48.170  47.027  31.570 0.6999999881
121225  -48.412  46.583  32.368 0.6999999881
121221  -48.926  46.241  33.146 0.6999999881
120619  -49.628  45.393  32.259 0.6999999881
121229  -49.031  46.338  31.443 0.6999999881
120626  -49.877  45.903  30.936 0.6999999881
153208  -48.802  48.028  30.050 0.6999999881
148844  -49.393  47.624  30.275 0.6999999881
122430  -49.528  48.264  29.823 0.6999999881
122446  -51.146  48.866  29.635 0.6999999881
121257  -47.980  46.357  27.754 0.2000000030
121258  -48.729  46.753  27.716 0.2000000030
121259  -49.574  46.995  27.812 0.2000000030
123039  -52.992  49.650  28.972 0.4000000060
123026  -53.041  48.830  29.101 0.4000000060
121246  -49.307  46.297  28.157 0.2000000030
121260  -50.661  47.220  27.792 0.3000000119
121848  -52.227  48.015  27.665 0.3000000119
122459  -53.199  48.627  28.621 0.3000000119
121849  -53.076  47.799  28.168 0.3000000119
121185  -49.797  47.329  36.927 0.6000000238
121766  -50.087  48.604  36.790 0.6000000238
121767  -50.732  48.877  36.700 0.8000000119
122359  -51.271  48.893  36.041 0.8000000119
122376  -50.692  49.066  35.456 0.8000000119
121794  -49.982  48.118  34.780 0.8000000119
121824  -47.451  48.032  30.671 0.6999999881
122429  -47.972  48.161  30.022 0.6999999881
122458  -48.419  48.910  28.949 0.6999999881
150087  -48.901  48.515  29.519 0.6999999881
165096  -50.057  48.874  29.501 0.6999999881
123023  -50.981  49.567  29.396 0.6999999881
121844  -47.991  47.128  27.189 0.2000000030
123570  -51.686  50.503  29.378 0.6999999881
123572  -52.443  50.143  29.338 0.6000000238
155889  -52.663  50.497  29.064 0.5000000000
122462  -51.231  48.349  27.158 0.3000000119
122463  -52.856  48.803  27.737 0.3000000119
124699  -52.255  51.937  28.842 0.4000000060
123049  -53.032  49.524  28.243 0.3000000119
123580  -52.831  50.374  28.628 0.3000000119
150907  -49.400  49.353  36.502 0.6000000238
122357  -50.226  49.719  36.479 0.6000000238
122358  -50.710  49.629  36.163 0.6999999881
124160  -45.818  51.447  26.607 0.6999999881
123586  -45.757  50.102  27.101 0.6999999881
123046  -46.194  49.455  27.681 0.6999999881
123034  -46.203  48.905  28.526 0.6999999881
160291  -47.010  49.036  28.335 0.6999999881
123047  -47.241  49.627  27.651 0.6999999881
122457  -47.611  48.745  28.941 0.6999999881
121793  -49.153  48.265  34.399 0.6999999881
123598  -46.221  50.746  26.743 0.6999999881
123599  -47.062  50.840  26.741 0.6999999881
123035  -47.858  49.259  28.354 0.6999999881
124718  -47.242  52.269  26.612 0.6999999881
123600  -47.912  51.083  26.812 0.6999999881
123576  -49.070  50.228  27.928 0.6999999881
123022  -49.323  49.169  29.028 0.6999999881
121853  -46.807  47.419  26.075 0.2000000030
124706  -48.761  52.414  26.993 0.6999999881
123590  -49.247  50.943  27.507 0.6999999881
123037  -49.671  49.860  28.592 0.6999999881
121854  -47.657  47.515  26.268 0.2000000030
121845  -48.927  47.354  27.271 0.2000000030
140186  -49.471  52.265  27.370 0.6999999881
124153  -50.375  52.682  28.009 0.6999999881
123578  -51.207  51.175  29.014 0.6999999881
121862  -47.301  47.612  25.417 0.2000000030
153741  -49.183  47.776  26.747 0.2000000030
121847  -50.464  47.936  27.212 0.2000000030
124708  -50.771  53.678  28.017 0.6999999881
124697  -51.349  52.801  28.540 0.6000000238
138436  -51.716  52.039  29.040 0.5000000000
121855  -48.516  47.641  26.506 0.2000000030
122470  -49.901  48.407  26.058 0.2000000030
124698  -52.022  52.614  28.723 0.5000000000
122465  -50.487  48.439  26.559 0.3000000119
122466  -51.354  48.948  26.470 0.2000000030
158317  -52.745  49.542  27.499 0.4000000060
124163  -52.393  51.731  27.414 0.4000000060
123591  -52.737  50.246  27.597 0.4000000060
122364  -48.645  50.234  36.142 0.6000000238
122977  -49.561  50.695  35.701 0.6000000238
158966  -48.906  51.111  35.244 0.6000000238
122365  -50.205  50.053  35.550 0.6999999881
122375  -49.757  49.332  34.941 0.6999999881
121808  -47.573  47.940  33.054 0.6999999881
121818  -47.720  47.344  32.296 0.6999999881
122444  -46.599  48.515  30.008 0.6999999881
124717  -46.270  52.255  26.583 0.6999999881
124161  -46.653  51.475  26.593 0.6999999881
125231  -47.629  53.218  26.844 0.6999999881
125222  -49.102  54.192  27.541 0.6999999881
124707  -49.593  53.285  27.560 0.6999999881
147159  -50.785  54.640  27.684 0.6000000238
121863  -48.292  47.779  25.472 0.2000000030
121864  -49.170  48.096  25.971 0.2000000030
124709  -52.033  53.271  27.938 0.4000000060
123052  -51.857  49.658  26.082 0.4000000060
123601  -52.414  50.547  26.450 0.4000000060
124710  -52.262  52.353  28.227 0.4000000060
122992  -47.134  51.005  34.264 0.6000000238
160388  -49.211  50.589  34.968 0.6000000238
122982  -45.491  50.163  34.255 0.5000000000
159325  -45.821  50.383  33.248 0.6000000238
122998  -46.079  50.308  32.987 0.6000000238
157941  -47.524  50.552  33.928 0.6999999881
122410  -44.302  48.809  31.531 0.5000000000
122996  -45.108  49.890  33.094 0.6000000238
122997  -45.662  49.859  32.619 0.6000000238
123004  -45.965  49.614  32.325 0.6999999881
122382  -46.634  50.432  33.478 0.6999999881
122374  -48.747  49.243  34.411 0.6999999881
122424  -43.140  48.526  30.086 0.5000000000
161714  -44.329  48.645  30.756 0.6000000238
122411  -45.080  48.855  31.050 0.6999999881
122427  -46.003  48.751  30.782 0.6999999881
122398  -46.424  49.504  32.625 0.6999999881
122383  -47.114  49.209  33.182 0.6999999881
122441  -43.540  48.739  29.365 0.5000000000
122442  -44.384  48.708  29.418 0.6999999881
122443  -45.252  48.651  29.542 0.6999999881
154174  -46.035  48.651  29.340 0.6999999881
122412  -46.409  48.725  31.664 0.6999999881
122399  -46.983  48.305  32.347 0.6999999881
143414  -41.586  49.378  28.842 0.5000000000
123030  -42.401  49.579  28.382 0.5000000000
122452  -43.102  49.152  28.667 0.5000000000
123031  -43.744  49.484  28.065 0.6000000238
123585  -44.879  50.228  27.135 0.6000000238
122413  -46.817  48.352  30.812 0.6999999881
125219  -46.228  53.890  27.017 0.6999999881
125230  -46.720  53.121  26.716 0.6999999881
125223  -50.102  54.432  27.762 0.6000000238
125763  -50.760  55.405  27.289 0.5000000000
121869  -47.019  47.647  24.603 0.2000000030
124721  -52.226  52.472  27.076 0.3000000119
125225  -51.466  53.950  27.273 0.3000000119
121870  -48.518  47.738  24.489 0.2000000030
122474  -49.840  48.383  25.349 0.2000000030
124725  -51.666  53.338  25.658 0.3000000119
123605  -52.412  50.749  25.390 0.3000000119
154087  -52.474  51.017  27.176 0.3000000119
123561  -37.186  50.549  30.755 0.4000000060
123013  -38.188  49.723  30.361 0.4000000060
124131  -38.045  51.205  30.213 0.4000000060
123018  -38.942  49.765  29.884 0.4000000060
123569  -40.388  50.421  28.898 0.4000000060
124141  -40.344  51.268  28.746 0.5000000000
123029  -41.064  50.135  28.566 0.5000000000
122439  -41.098  48.898  29.601 0.5000000000
141758  -41.800  50.109  28.224 0.5000000000
124703  -42.566  52.163  27.550 0.6000000238
124704  -43.181  51.654  27.258 0.6000000238
125217  -43.556  53.339  27.510 0.6000000238
124715  -44.574  52.121  26.732 0.6000000238
123042  -42.607  50.272  27.781 0.5000000000
144508  -43.511  50.034  27.603 0.6999999881
123584  -44.097  50.405  27.190 0.6999999881
124159  -45.003  51.434  26.661 0.6000000238
125220  -47.174  53.976  26.976 0.6999999881
125221  -48.110  54.050  27.240 0.6999999881
150829  -48.330  55.683  27.562 0.6000000238
147988  -49.652  56.662  27.327 0.6000000238
126270  -50.262  56.051  27.346 0.6999999881
122475  -50.747  48.679  24.692 0.3000000119
145410  -52.373  51.470  26.293 0.3000000119
122472  -51.274  49.246  25.433 0.3000000119
123059  -52.390  50.158  24.419 0.4000000060
147720  -52.391  51.469  25.053 0.4000000060
123056  -51.934  49.741  24.935 0.3000000119
124690  -39.515  52.030  29.390 0.4000000060
124136  -39.284  51.363  29.439 0.4000000060
124140  -39.794  51.501  29.131 0.5000000000
124695  -41.388  51.999  28.154 0.5000000000
125211  -41.727  53.353  28.509 0.5000000000
124702  -41.952  51.874  27.760 0.5000000000
140475  -45.684  54.704  27.422 0.6000000238
149884  -45.301  53.778  27.151 0.6000000238
146422  -47.975  56.272  27.681 0.6999999881
125766  -50.995  55.359  26.685 0.4000000060
125245  -51.199  53.897  25.165 0.4000000060
160154  -51.256  54.629  26.713 0.3000000119
124744  -51.636  52.948  24.816 0.4000000060
124175  -52.406  51.238  24.132 0.4000000060
124174  -52.084  52.041  24.520 0.4000000060
122476  -51.705  49.107  24.337 0.3000000119
122477  -52.261  49.423  23.782 0.3000000119
123609  -52.493  50.496  23.776 0.4000000060
108542  -59.326  27.588  43.168 0.5000000000
147620  -58.612  26.457  39.081 0.5000000000
108596  -56.259  27.676  36.550 0.4000000060
138523  -55.249  28.526  35.020 0.4000000060
109398  -54.570  28.450  35.576 0.4000000060
107692  -58.677  26.739  42.642 0.5000000000
109290  -59.125  28.274  45.729 0.4000000060
110012  -58.455  29.287  45.803 0.5000000000
112282  -45.537  32.255  30.044 0.4000000060
107663  -50.757  26.517  48.691 0.1000000015
108487  -54.871  28.211  49.493 0.2000000030
109262  -57.043  29.656  49.214 0.2000000030
116231  -47.477  38.549  33.464 0.3000000119
137292  -48.339  39.763  29.882 0.3000000119
111421  -51.521  31.376  40.361 0.4000000060
120033  -50.754  44.665  31.113 0.6000000238
120623  -50.210  45.239  31.267 0.6999999881
120615  -50.532  45.114  33.514 0.6999999881
120630  -53.061  45.374  29.021 0.4000000060
110758  -50.829  30.860  40.764 0.3000000119
112890  -50.805  33.159  40.586 0.6000000238
120629  -52.521  45.203  29.602 0.5000000000
107664  -51.787  26.687  48.613 0.2000000030
114974  -44.638  36.535  35.537 0.4000000060
105372  -57.747  22.908  47.679 0.1000000015
104663  -58.048  22.427  48.806 0.1000000015
103114  -54.674  20.114  49.373 0.1000000015
102330  -55.306  19.609  49.219 0.1000000015
103127  -56.741  20.563  48.734 0.1000000015
103919  -57.683  21.940  49.029 0.1000000015
106916  -52.809  25.036  44.137 0.2000000030
101445  -53.998  18.698  49.211 0.1000000015
102341  -52.357  19.558  48.834 0.1000000015
102342  -53.172  19.571  49.167 0.1000000015
102343  -54.802  19.059  49.040 0.1000000015
102354  -55.607  19.516  47.875 0.1000000015
103139  -55.988  20.200  47.401 0.1000000015
100613  -51.513  17.269  49.075 0.1000000015
100614  -52.231  17.527  48.848 0.1000000015
100615  -52.957  17.831  48.530 0.1000000015
102353  -54.959  19.047  48.307 0.1000000015
99756  -50.404  16.493  48.251 0.1000000015
99757  -51.040  16.759  48.061 0.1000000015
100622  -51.449  17.164  47.339 0.1000000015
98891  -49.033  15.793  47.971 0.1000000015
106165  -58.629  24.468  47.958 0.2000000030
105348  -57.649  23.204  49.243 0.1000000015
104662  -55.470  22.931  48.970 0.1000000015
104674  -58.156  22.626  48.312 0.1000000015
106912  -56.969  25.768  45.732 0.3000000119
104661  -54.571  22.701  48.678 0.1000000015
157884  -56.230  24.122  48.919 0.2000000030
105359  -57.066  24.016  49.094 0.2000000030
106153  -58.405  24.060  48.424 0.2000000030
106907  -58.383  25.442  46.798 0.2000000030
136913  -55.470  26.375  41.114 0.3000000119
107667  -56.066  26.457  48.653 0.3000000119
106151  -57.367  24.784  48.817 0.2000000030
107669  -57.855  26.550  48.469 0.3000000119
106903  -58.625  25.311  47.797 0.3000000119
160453  -58.625  26.044  47.540 0.3000000119
107674  -58.779  26.699  46.818 0.3000000119
105370  -52.446  23.649  47.606 0.2000000030
106149  -54.840  24.449  48.391 0.2000000030
106150  -55.642  24.678  48.605 0.2000000030
107753  -53.649  26.859  38.888 0.2000000030
105369  -51.637  23.475  47.411 0.1000000015
104670  -50.670  22.438  47.272 0.1000000015
107672  -58.552  26.863  47.606 0.4000000060
108525  -59.039  27.600  46.240 0.5000000000
108571  -55.299  27.190  38.293 0.3000000119
106148  -54.033  24.206  48.112 0.2000000030
140751  -54.952  26.444  48.540 0.2000000030
106891  -54.939  25.361  48.376 0.2000000030
106161  -51.617  24.946  47.544 0.2000000030
106901  -52.247  25.242  47.731 0.1000000015
140116  -54.241  25.918  48.354 0.2000000030
137121  -55.204  27.687  37.004 0.3000000119
109387  -53.767  28.205  36.271 0.3000000119
105376  -46.972  23.206  46.774 0.1000000015
105377  -47.860  23.275  46.751 0.1000000015
103948  -49.326  22.657  46.810 0.1000000015
109396  -52.075  28.331  35.333 0.2000000030
146147  -52.131  28.577  34.439 0.2000000030
138763  -52.023  27.558  36.914 0.2000000030
109441  -50.864  28.365  31.249 0.2000000030
109409  -52.932  28.817  34.024 0.2000000030
109408  -51.439  28.527  33.921 0.2000000030
109420  -50.742  28.311  33.332 0.2000000030
108618  -50.097  27.832  34.394 0.2000000030
108630  -50.226  27.982  32.613 0.2000000030
108624  -49.641  27.569  33.873 0.2000000030
109983  -58.046  29.277  48.195 0.3000000119
105366  -47.321  23.904  47.153 0.1000000015
106158  -48.656  24.693  47.454 0.1000000015
115611  -43.389  37.801  34.613 0.3000000119
115599  -42.094  36.914  35.414 0.3000000119
116229  -44.283  38.747  33.336 0.3000000119
116218  -43.964  38.365  33.985 0.3000000119
157190  -45.603  38.539  33.428 0.3000000119
146947  -45.018  38.843  33.132 0.3000000119
116891  -46.517  39.757  27.878 0.3000000119
116901  -46.869  39.730  26.867 0.3000000119
139098  -47.209  39.891  26.638 0.3000000119
116892  -47.625  39.540  27.328 0.3000000119
116238  -44.444  39.067  32.782 0.3000000119
116846  -44.612  39.497  31.722 0.3000000119
116845  -43.878  39.573  31.433 0.3000000119
116832  -43.126  39.385  32.060 0.3000000119
116835  -46.009  39.258  32.223 0.3000000119
116860  -42.935  39.642  30.954 0.3000000119
116848  -46.321  39.549  31.399 0.3000000119
116864  -46.710  39.833  30.431 0.3000000119
120636  -52.351  45.467  28.398 0.3000000119
120614  -49.610  45.557  33.100 0.6999999881
121232  -49.623  46.729  30.643 0.6999999881
121826  -50.635  47.462  30.130 0.6999999881
151755  -51.271  47.755  27.544 0.3000000119
123038  -50.652  50.210  28.995 0.6999999881
136353  -52.012  48.709  27.182 0.3000000119
122428  -47.250  48.308  30.239 0.6999999881
123036  -48.748  49.523  28.431 0.6999999881
124143  -50.809  51.914  28.527 0.6999999881
124716  -45.401  52.211  26.627 0.6000000238
123033  -45.414  49.156  28.172 0.6999999881
124162  -48.042  51.868  26.716 0.6999999881
123577  -50.053  50.820  28.289 0.6999999881
160428  -47.774  47.683  24.763 0.2000000030
125224  -51.222  54.049  27.763 0.5000000000
123053  -52.447  49.915  26.721 0.4000000060
123057  -52.251  50.167  25.666 0.4000000060
122396  -44.270  49.175  32.517 0.5000000000
123032  -44.562  49.318  28.066 0.6999999881
124158  -44.269  51.412  26.785 0.6000000238
121877  -46.635  47.587  23.768 0.2000000030
125233  -51.431  53.975  26.219 0.3000000119
124689  -38.899  51.910  29.761 0.4000000060
125216  -42.761  53.044  27.734 0.5000000000
124696  -41.951  52.690  28.023 0.5000000000
108615  -44.104  27.368  34.457 0.1000000015
109406  -44.174  28.038  34.070 0.1000000015
108616  -44.645  27.440  33.910 0.1000000015
108623  -45.622  27.701  32.767 0.1000000015
108628  -46.279  27.911  32.103 0.1000000015
108622  -45.170  27.569  33.359 0.1000000015
107796  -46.526  26.953  31.782 0.1000000015
108641  -47.062  26.984  30.857 0.1000000015
109440  -46.640  28.460  31.375 0.1000000015
108603  -43.581  27.331  35.002 0.1000000015
109432  -45.463  28.457  32.419 0.1000000015
108642  -47.461  27.654  30.614 0.1000000015
109394  -43.138  27.965  35.163 0.1000000015
146430  -48.319  26.849  28.249 0.1000000015
108656  -49.382  27.072  27.064 0.1000000015
108647  -48.048  27.649  29.659 0.1000000015
109404  -42.738  28.658  34.770 0.1000000015
106237  -40.659  24.294  35.920 0.1000000015
106238  -41.459  24.568  35.751 0.1000000015
106989  -41.867  25.253  36.208 0.1000000015
107776  -42.866  26.510  35.840 0.1000000015
108602  -43.045  27.310  35.565 0.1000000015
107816  -49.062  26.163  26.639 0.1000000015
107830  -49.466  25.853  26.571 0.1000000015
108617  -49.599  27.481  34.718 0.1000000015
110146  -45.037  29.306  31.933 0.1000000015
109439  -45.832  28.849  31.708 0.1000000015
107793  -49.075  27.077  33.429 0.1000000015
106231  -41.151  24.930  36.461 0.1000000015
106983  -42.041  25.900  36.489 0.1000000015
108590  -42.470  27.286  36.129 0.1000000015
107810  -49.489  26.253  29.601 0.1000000015
107027  -48.861  25.614  30.056 0.1000000015
107797  -48.684  26.515  32.939 0.1000000015
105434  -39.911  23.992  36.120 0.1000000015
106982  -41.462  25.694  36.800 0.1000000015
162446  -49.860  26.211  26.536 0.1000000015
107037  -49.584  25.668  27.425 0.1000000015
107803  -48.818  26.136  31.319 0.1000000015
107014  -48.388  25.867  32.227 0.1000000015
108658  -51.019  27.296  27.098 0.1000000015
109431  -44.739  28.833  32.641 0.1000000015
108657  -50.313  27.292  26.673 0.1000000015
157384  -49.863  27.431  31.269 0.1000000015
137993  -42.352  29.829  33.192 0.2000000030
110131  -42.996  29.130  33.943 0.2000000030
140000  -43.132  29.529  33.025 0.2000000030
110145  -44.147  29.588  32.008 0.2000000030
110166  -46.606  29.878  30.245 0.1000000015
107818  -50.492  26.770  27.806 0.1000000015
108643  -49.751  26.982  30.339 0.1000000015
107804  -49.360  26.818  31.507 0.1000000015
107798  -49.214  26.984  32.524 0.1000000015
108589  -41.884  27.179  36.665 0.1000000015
109393  -42.471  28.157  35.614 0.1000000015
110137  -42.442  30.362  32.357 0.2000000030
110144  -43.270  29.925  32.116 0.2000000030
110155  -44.471  30.054  31.277 0.2000000030
107817  -49.856  26.184  28.245 0.1000000015
151604  -49.247  26.349  30.623 0.1000000015
107825  -50.108  26.231  26.748 0.1000000015
110828  -43.982  30.837  30.594 0.3000000119
110829  -44.828  30.448  30.684 0.2000000030
110157  -46.213  29.335  30.992 0.1000000015
110821  -42.776  30.699  31.549 0.3000000119
110154  -43.557  30.367  31.353 0.3000000119
110165  -45.631  30.236  30.452 0.1000000015
109385  -41.903  27.934  36.357 0.1000000015
109392  -41.645  28.661  35.836 0.1000000015
110126  -41.999  29.046  35.065 0.1000000015
110130  -42.173  29.437  34.099 0.2000000030
162725  -41.989  30.401  32.755 0.2000000030
108578  -41.291  27.145  37.189 0.1000000015
150719  -41.425  27.713  36.846 0.1000000015
139823  -41.403  29.750  34.351 0.1000000015
110136  -41.574  30.338  33.242 0.2000000030
111542  -44.984  31.797  30.055 0.4000000060
110835  -43.623  31.534  30.620 0.3000000119
110827  -43.127  31.096  30.927 0.3000000119
109383  -40.456  28.526  37.102 0.1000000015
165170  -41.026  29.050  35.970 0.1000000015
110129  -40.697  29.972  34.642 0.1000000015
110808  -40.774  30.569  33.656 0.1000000015
110807  -40.211  30.628  34.086 0.1000000015
111541  -44.157  31.932  30.447 0.4000000060
110826  -42.647  31.402  31.371 0.3000000119
123542  -46.780  50.951  34.476 0.4000000060
123537  -47.837  51.150  35.286 0.4000000060
122983  -46.282  50.470  34.689 0.4000000060
122362  -46.844  50.211  35.357 0.4000000060
153125  -45.341  48.869  34.573 0.4000000060
121773  -46.527  47.825  35.015 0.4000000060
153667  -47.631  49.525  35.740 0.4000000060
121775  -48.447  48.698  36.131 0.5000000000
122372  -45.568  49.660  34.529 0.4000000060
155849  -46.876  48.942  35.370 0.4000000060
122990  -44.910  49.767  33.782 0.4000000060
121196  -46.673  46.528  35.197 0.5000000000
121774  -47.479  47.794  35.528 0.4000000060
121198  -48.363  47.211  35.995 0.5000000000
122381  -44.217  49.152  33.802 0.4000000060
122395  -43.339  48.837  32.736 0.4000000060
122409  -43.552  48.527  30.944 0.4000000060
120597  -46.172  45.422  35.199 0.4000000060
158802  -45.162  46.808  34.524 0.4000000060
121197  -47.606  46.385  35.675 0.5000000000
121791  -44.838  47.984  34.416 0.4000000060
121212  -46.008  46.965  34.780 0.4000000060
157210  -48.799  45.973  36.722 0.5000000000
122370  -43.710  48.604  33.965 0.4000000060
137470  -43.518  48.815  33.501 0.4000000060
139135  -42.756  48.508  31.656 0.4000000060
120589  -48.319  45.365  36.699 0.5000000000
120607  -44.971  45.728  34.632 0.4000000060
120596  -45.478  45.291  34.907 0.4000000060
151262  -44.372  47.196  34.345 0.4000000060
121210  -43.555  47.075  34.303 0.4000000060
121789  -43.274  47.952  34.127 0.4000000060
122394  -42.347  48.532  32.618 0.4000000060
137827  -41.805  48.374  31.813 0.4000000060
122422  -41.569  48.499  30.247 0.4000000060
122423  -42.358  48.480  30.117 0.4000000060
119370  -45.907  43.939  35.786 0.4000000060
120572  -49.238  45.213  37.879 0.5000000000
120005  -44.832  44.788  34.871 0.4000000060
120606  -44.210  45.428  34.592 0.4000000060
122393  -41.509  48.314  32.707 0.4000000060
161985  -45.321  43.607  35.710 0.4000000060
121209  -42.869  46.550  34.397 0.4000000060
121788  -42.607  47.443  34.209 0.4000000060
121805  -41.276  47.881  33.541 0.4000000060
122407  -41.249  48.335  31.061 0.4000000060
136411  -40.945  48.235  31.924 0.4000000060
125757  -43.832  54.186  27.745 0.4000000060
125758  -44.692  54.437  27.535 0.5000000000
125759  -46.733  54.690  27.295 0.6000000238
126832  -47.106  56.302  27.793 0.6000000238
120003  -43.457  44.004  35.021 0.3000000119
149577  -44.729  43.349  35.677 0.3000000119
120015  -43.093  44.720  34.693 0.3000000119
154541  -43.541  45.264  34.583 0.4000000060
120004  -44.329  44.005  35.135 0.3000000119
121786  -40.704  47.283  34.000 0.4000000060
162980  -42.425  46.204  34.450 0.4000000060
121804  -40.288  47.658  33.428 0.4000000060
121787  -41.636  47.209  34.194 0.4000000060
122392  -40.071  48.017  31.956 0.4000000060
122405  -39.346  48.206  31.218 0.4000000060
122406  -40.349  48.267  31.126 0.4000000060
123019  -40.237  49.046  29.761 0.4000000060
126258  -43.724  55.476  28.751 0.4000000060
125754  -43.371  54.709  28.369 0.4000000060
126259  -44.497  55.796  28.453 0.4000000060
126265  -44.937  55.272  27.781 0.5000000000
126831  -46.112  56.229  27.972 0.4000000060
126823  -46.773  57.104  28.316 0.4000000060
164893  -44.318  41.471  37.957 0.2000000030
118060  -43.385  41.142  38.196 0.2000000030
118067  -43.524  41.476  37.573 0.2000000030
119366  -42.074  43.436  35.468 0.2000000030
118741  -43.302  42.782  35.998 0.2000000030
118734  -45.165  42.537  36.738 0.3000000119
120002  -42.559  44.064  34.980 0.2000000030
139680  -40.232  46.229  34.567 0.2000000030
120603  -41.767  46.064  34.480 0.3000000119
149983  -40.234  46.845  34.276 0.3000000119
121803  -39.374  47.514  33.409 0.4000000060
121815  -38.779  47.715  32.599 0.4000000060
162067  -39.502  49.202  29.955 0.3000000119
125753  -42.638  54.404  28.672 0.4000000060
126821  -44.910  56.515  28.807 0.4000000060
126822  -45.666  56.759  28.508 0.4000000060
127377  -46.022  57.576  28.817 0.3000000119
127874  -46.965  59.236  28.907 0.3000000119
127875  -47.811  59.076  28.391 0.5000000000
117403  -42.876  40.734  40.019 0.2000000030
118053  -43.696  40.909  39.756 0.2000000030
118029  -43.981  41.745  41.701 0.2000000030
118052  -42.586  41.034  38.398 0.2000000030
118043  -44.260  41.246  40.522 0.2000000030
118066  -42.819  41.387  37.650 0.2000000030
152121  -42.824  42.281  36.510 0.2000000030
148733  -42.102  42.401  36.459 0.2000000030
119365  -41.192  43.532  35.601 0.2000000030
161066  -39.988  44.794  35.284 0.2000000030
120001  -41.646  44.182  35.029 0.2000000030
121208  -39.510  46.601  34.449 0.3000000119
121802  -38.470  47.380  33.469 0.3000000119
122404  -38.400  48.404  31.231 0.3000000119
122419  -38.829  48.919  30.467 0.3000000119
144254  -39.789  49.901  29.445 0.3000000119
126803  -43.859  56.517  30.085 0.4000000060
126253  -44.204  56.309  29.274 0.4000000060
125752  -41.932  54.037  28.878 0.4000000060
126257  -42.969  55.151  29.067 0.4000000060
127371  -46.299  58.548  29.249 0.3000000119
118027  -42.131  41.640  42.285 0.2000000030
118013  -42.534  42.342  43.239 0.3000000119
118659  -43.315  42.658  44.179 0.3000000119
117994  -44.224  42.315  44.476 0.3000000119
116758  -46.592  39.879  42.307 0.4000000060
118714  -40.746  42.134  38.434 0.2000000030
118058  -41.133  41.534  38.960 0.2000000030
118014  -43.407  42.562  42.981 0.3000000119
117995  -44.936  42.409  44.441 0.3000000119
118715  -41.360  41.678  38.135 0.2000000030
118065  -42.050  41.413  37.846 0.2000000030
118721  -40.533  42.691  37.009 0.2000000030
118731  -41.380  42.328  36.814 0.2000000030
119363  -39.772  43.731  36.306 0.2000000030
119364  -40.351  43.650  35.917 0.2000000030
120595  -39.406  45.213  35.292 0.2000000030
157317  -39.669  45.896  34.827 0.2000000030
152505  -37.664  47.243  33.680 0.2000000030
121814  -37.712  47.637  32.811 0.4000000060
122390  -38.066  48.004  31.950 0.4000000060
122418  -37.903  49.010  30.837 0.3000000119
125750  -42.266  54.748  29.396 0.4000000060
125207  -40.737  53.414  29.326 0.4000000060
125208  -41.373  53.605  28.944 0.4000000060
126252  -43.427  55.852  29.549 0.4000000060
145729  -40.498  52.597  28.911 0.4000000060
125210  -41.147  52.819  28.546 0.4000000060
126251  -42.678  55.447  29.861 0.4000000060
126812  -45.342  57.110  29.010 0.3000000119
118012  -41.842  42.134  43.433 0.3000000119
117371  -42.940  41.334  44.130 0.3000000119
117383  -44.713  40.588  42.980 0.3000000119
116757  -45.672  40.145  42.458 0.3000000119
151240  -46.956  38.967  42.012 0.4000000060
149366  -48.448  38.103  42.029 0.5000000000
118026  -41.349  41.678  42.570 0.2000000030
119341  -39.588  43.417  37.559 0.2000000030
120586  -37.018  45.198  37.200 0.2000000030
119979  -38.364  44.339  37.446 0.2000000030
119352  -39.558  43.522  36.893 0.2000000030
120585  -36.251  45.591  36.837 0.2000000030
120592  -36.628  45.809  36.065 0.2000000030
120587  -38.098  45.070  36.144 0.2000000030
119999  -39.714  44.323  35.747 0.2000000030
121193  -36.365  46.410  35.293 0.2000000030
142365  -37.853  45.606  35.643 0.2000000030
121207  -38.615  46.585  34.536 0.2000000030
121801  -37.068  47.440  33.299 0.3000000119
122389  -37.214  48.121  32.068 0.3000000119
122402  -36.845  48.694  31.607 0.3000000119
136709  -40.222  53.516  29.919 0.3000000119
125749  -41.465  54.280  29.649 0.4000000060
114894  -46.367  36.891  41.598 0.3000000119
114227  -47.384  35.839  41.722 0.3000000119
116148  -43.890  38.434  42.241 0.3000000119
116150  -45.480  38.436  41.899 0.3000000119
162297  -47.299  37.357  41.729 0.3000000119
114896  -48.765  36.358  42.083 0.4000000060
121162  -35.326  45.924  38.091 0.2000000030
120584  -35.557  45.887  36.778 0.2000000030
121182  -35.880  46.052  36.114 0.2000000030
121180  -34.207  46.332  36.482 0.2000000030
121192  -35.397  46.448  35.454 0.2000000030
121205  -37.077  46.665  34.703 0.2000000030
121190  -33.618  46.661  35.835 0.2000000030
121203  -34.767  46.776  34.784 0.2000000030
121204  -35.663  46.765  34.659 0.2000000030
121782  -35.072  47.118  34.015 0.2000000030
121783  -36.884  47.104  33.988 0.2000000030
121800  -36.325  47.467  33.309 0.2000000030
121781  -34.250  47.321  34.273 0.2000000030
121799  -35.462  47.566  33.358 0.2000000030
121812  -35.889  47.943  32.690 0.3000000119
122401  -36.193  48.861  31.749 0.3000000119
123549  -35.403  50.105  31.951 0.3000000119
123000  -35.782  49.388  31.769 0.3000000119
124118  -37.132  51.679  31.130 0.3000000119
124684  -37.815  51.927  30.632 0.3000000119
143620  -39.471  53.605  31.007 0.3000000119
125204  -40.149  53.885  30.627 0.3000000119
123012  -37.335  49.765  30.795 0.3000000119
125203  -39.648  53.257  30.178 0.3000000119
126246  -41.839  55.274  31.113 0.3000000119
126247  -42.529  55.586  30.742 0.3000000119
126248  -43.230  56.037  30.399 0.4000000060
125748  -40.750  54.101  30.186 0.4000000060
126804  -44.463  57.058  30.668 0.3000000119
114236  -47.710  35.067  41.727 0.2000000030
156791  -42.456  39.700  43.084 0.3000000119
149756  -43.354  37.877  42.287 0.3000000119
154797  -45.036  37.833  41.880 0.3000000119
114237  -48.443  35.005  41.813 0.2000000030
149219  -49.100  35.393  41.970 0.4000000060
154307  -34.256  46.433  38.841 0.2000000030
121161  -33.646  46.370  38.155 0.2000000030
121148  -35.098  46.289  38.770 0.2000000030
121171  -33.948  46.283  37.343 0.2000000030
121179  -33.261  46.541  36.713 0.2000000030
122361  -32.574  48.345  35.404 0.2000000030
122980  -32.698  48.991  35.108 0.2000000030
121780  -33.542  47.567  34.630 0.2000000030
153685  -33.354  48.150  34.416 0.2000000030
122369  -33.505  48.806  33.935 0.2000000030
124106  -35.303  50.974  32.419 0.2000000030
124667  -35.795  51.814  32.835 0.2000000030
124658  -35.698  52.005  33.643 0.2000000030
122378  -34.327  48.607  33.253 0.2000000030
122988  -34.043  49.470  33.373 0.3000000119
158575  -34.386  49.998  32.988 0.3000000119
124669  -37.127  52.654  32.955 0.2000000030
125193  -37.734  52.915  32.295 0.3000000119
150098  -38.259  53.377  32.791 0.3000000119
125734  -39.839  54.222  33.435 0.2000000030
124117  -36.292  50.852  31.414 0.3000000119
124107  -36.087  51.477  31.959 0.3000000119
124678  -37.494  52.370  31.447 0.3000000119
125194  -38.447  53.341  32.033 0.3000000119
125740  -40.581  54.572  31.920 0.3000000119
125741  -41.208  54.929  31.516 0.3000000119
126241  -41.883  55.255  32.103 0.3000000119
124679  -38.662  53.097  31.121 0.3000000119
113545  -48.153  34.311  41.673 0.2000000030
113547  -49.642  34.674  41.654 0.4000000060
121751  -31.744  47.717  38.857 0.2000000030
121727  -32.227  47.918  40.410 0.2000000030
121740  -32.456  47.347  39.802 0.2000000030
121147  -33.351  46.572  38.971 0.2000000030
121752  -32.161  47.166  38.505 0.2000000030
121170  -33.222  46.451  37.530 0.2000000030
121756  -31.791  47.663  38.055 0.2000000030
121757  -32.258  47.137  37.539 0.2000000030
122354  -31.875  48.228  36.961 0.2000000030
122968  -31.750  48.782  37.268 0.2000000030
123535  -32.597  50.032  36.033 0.2000000030
122974  -32.841  49.693  35.293 0.2000000030
122987  -33.567  49.784  33.991 0.3000000119
124096  -35.137  51.469  33.293 0.2000000030
153839  -36.629  52.676  34.379 0.2000000030
123536  -33.186  50.528  35.600 0.2000000030
123539  -33.386  50.169  34.806 0.2000000030
124095  -34.548  51.123  33.841 0.2000000030
125184  -37.776  53.132  33.298 0.2000000030
125185  -38.449  53.516  33.613 0.2000000030
125735  -40.567  54.535  32.942 0.3000000119
125736  -41.243  54.879  32.523 0.3000000119
112159  -49.023  32.891  41.255 0.2000000030
122337  -31.782  48.536  40.047 0.2000000030
122949  -32.133  49.717  40.735 0.2000000030
123515  -32.234  50.561  40.337 0.2000000030
123514  -31.927  49.913  39.922 0.2000000030
123521  -31.770  49.977  39.086 0.2000000030
122963  -31.561  49.158  38.733 0.2000000030
124077  -34.253  51.730  35.434 0.2000000030
124087  -35.193  51.880  34.274 0.2000000030
124650  -35.612  52.479  34.899 0.2000000030
124652  -37.037  53.027  34.834 0.2000000030
125171  -38.315  53.788  35.268 0.2000000030
125724  -39.949  54.203  35.311 0.2000000030
124076  -33.523  51.393  35.952 0.2000000030
141505  -37.956  53.291  34.111 0.2000000030
125178  -38.620  53.625  34.637 0.2000000030
125729  -39.971  54.105  34.583 0.2000000030
125730  -40.658  54.400  34.082 0.2000000030
125731  -41.330  54.709  33.634 0.2000000030
126231  -42.857  55.388  33.989 0.3000000119
123522  -32.057  50.666  39.502 0.2000000030
126219  -38.384  55.006  35.835 0.2000000030
163561  -33.219  53.060  36.726 0.2000000030
124633  -33.775  52.914  36.181 0.2000000030
124642  -35.840  53.076  35.307 0.2000000030
125716  -35.877  54.045  35.507 0.2000000030
140314  -37.463  53.584  35.226 0.2000000030
125720  -39.701  54.534  35.823 0.2000000030
125725  -40.839  54.429  35.291 0.2000000030
124632  -33.305  52.183  36.547 0.2000000030
124050  -32.502  51.265  40.693 0.2000000030
126742  -37.353  56.402  36.053 0.2000000030
126218  -37.839  55.713  35.930 0.2000000030
126735  -33.633  56.276  37.326 0.2000000030
126207  -34.551  55.922  36.256 0.2000000030
126740  -35.052  56.760  36.375 0.2000000030
164371  -36.084  55.675  35.725 0.2000000030
149606  -36.928  55.692  35.747 0.2000000030
126209  -39.348  55.182  36.145 0.2000000030
125163  -33.408  53.875  36.461 0.2000000030
126215  -34.450  55.090  35.989 0.2000000030
126216  -35.332  55.198  35.719 0.2000000030
126217  -36.418  54.957  35.554 0.2000000030
142474  -41.369  54.548  34.621 0.2000000030
127304  -35.083  58.027  36.975 0.2000000030
127306  -34.820  57.366  36.748 0.2000000030
127308  -37.005  57.948  36.471 0.2000000030
127300  -33.863  57.011  37.703 0.2000000030
126739  -34.210  56.764  36.847 0.2000000030
156613  -35.868  56.740  36.204 0.2000000030
127814  -36.003  58.363  36.755 0.2000000030
110838  -45.949  30.833  29.703 0.3000000119
114229  -49.777  36.127  42.141 0.4000000060
118660  -44.059  43.095  44.365 0.3000000119
117384  -45.450  40.981  43.141 0.3000000119
115538  -47.999  37.177  41.858 0.4000000060
118733  -44.417  42.347  36.658 0.2000000030
108649  -50.021  26.644  29.109 0.1000000015
107831  -50.197  26.627  26.651 0.1000000015
113546  -48.876  34.671  41.745 0.3000000119
122421  -40.715  48.579  30.362 0.4000000060
107771  -42.308  26.491  36.373 0.1000000015
108665  -49.864  26.352  26.520 0.1000000015
107770  -41.685  26.462  36.839 0.1000000015
107826  -50.511  26.831  26.715 0.1000000015
110125  -41.259  29.365  35.288 0.1000000015
109384  -41.129  28.425  36.590 0.1000000015
118742  -44.118  42.790  36.079 0.3000000119
119367  -42.936  43.387  35.459 0.2000000030
117402  -42.040  40.752  40.266 0.2000000030
118028  -43.012  41.665  42.011 0.3000000119
118059  -41.813  41.161  38.655 0.2000000030
117992  -42.555  42.148  44.271 0.3000000119
117370  -42.039  41.545  44.155 0.3000000119
117372  -43.928  41.505  44.056 0.3000000119
148947  -41.226  40.948  40.467 0.2000000030
152323  -41.517  41.484  44.016 0.3000000119
116755  -43.061  40.102  43.149 0.3000000119
117382  -43.808  40.474  43.236 0.3000000119
116149  -44.625  38.499  42.082 0.3000000119
116756  -44.989  39.453  42.234 0.3000000119
116151  -46.387  38.262  41.798 0.3000000119
119988  -37.749  44.790  36.935 0.2000000030
114895  -47.893  36.336  41.845 0.3000000119
121771  -32.587  47.504  35.871 0.2000000030
122386  -34.883  48.812  32.610 0.3000000119
122995  -35.154  49.379  32.271 0.3000000119
124677  -36.783  51.980  31.737 0.3000000119
125739  -39.792  54.221  32.256 0.2000000030
124086  -34.469  51.430  34.717 0.2000000030
124641  -35.159  52.751  35.347 0.2000000030
125717  -37.000  54.112  35.472 0.2000000030
125164  -34.289  53.572  35.827 0.2000000030
125715  -34.792  54.346  35.701 0.2000000030
125707  -33.390  54.831  36.674 0.2000000030
106881  -48.214  26.104  49.775 0.1000000015
107654  -48.233  26.400  50.884 0.1000000015
107655  -48.833  26.645  50.676 0.1000000015
107650  -50.076  27.501  51.397 0.1000000015
112195  -35.569  32.645  36.227 0.1000000015
112210  -35.867  32.923  35.525 0.1000000015
112940  -36.453  33.060  34.953 0.1000000015
112212  -36.905  32.357  34.614 0.1000000015
111446  -36.024  31.401  36.054 0.1000000015
112228  -37.753  32.487  34.514 0.1000000015
112943  -38.984  33.424  35.321 0.1000000015
112953  -38.591  32.637  34.569 0.1000000015
138937  -36.759  33.727  35.194 0.1000000015
112941  -37.159  33.138  34.769 0.1000000015
112942  -38.076  33.282  35.067 0.1000000015
113612  -38.563  34.129  35.610 0.1000000015
113613  -39.419  34.177  35.871 0.1000000015
113614  -40.214  34.159  36.117 0.1000000015
113595  -40.638  34.753  36.344 0.1000000015
114233  -44.525  35.206  41.679 0.2000000030
114904  -45.105  35.824  41.574 0.2000000030
113610  -36.074  33.849  35.513 0.1000000015
113578  -35.074  34.192  36.675 0.1000000015
112923  -35.463  33.503  36.302 0.1000000015
113611  -37.564  34.079  35.396 0.1000000015
146606  -38.224  34.753  35.760 0.1000000015
142475  -35.608  35.127  36.013 0.1000000015
113592  -36.079  34.816  35.684 0.1000000015
140328  -36.744  34.474  35.459 0.1000000015
113593  -38.982  34.834  36.052 0.1000000015
113594  -39.835  34.814  36.228 0.1000000015
113590  -35.017  34.997  36.542 0.1000000015
114281  -36.020  35.662  35.762 0.1000000015
158439  -37.377  35.777  35.643 0.1000000015
114282  -38.377  35.648  35.865 0.1000000015
114283  -39.436  35.510  36.161 0.1000000015
114284  -40.312  35.457  36.266 0.1000000015
114969  -39.161  36.156  35.981 0.1000000015
114956  -40.829  36.075  36.075 0.1000000015
114285  -41.181  35.341  36.337 0.2000000030
114957  -41.861  36.009  36.088 0.3000000119
114972  -42.836  36.353  35.807 0.3000000119
114891  -42.986  36.081  41.931 0.2000000030
114892  -44.311  35.999  41.655 0.2000000030
155656  -44.862  36.477  41.641 0.2000000030
114890  -42.504  36.676  42.211 0.2000000030
115534  -43.396  36.942  42.056 0.2000000030
115535  -44.250  37.624  42.037 0.2000000030
114265  -34.145  35.866  37.312 0.1000000015
114279  -34.726  35.797  36.712 0.1000000015
114280  -35.380  35.773  36.209 0.1000000015
114967  -36.700  36.328  35.644 0.1000000015
150073  -38.571  36.665  35.680 0.1000000015
114970  -40.427  36.828  35.613 0.2000000030
114971  -41.278  36.603  35.704 0.2000000030
112876  -41.682  34.225  42.381 0.1000000015
114223  -41.233  35.752  42.415 0.1000000015
114889  -41.689  36.595  42.406 0.1000000015
114224  -42.170  35.918  42.179 0.1000000015
115531  -41.323  37.473  42.665 0.1000000015
153327  -42.675  38.169  42.476 0.2000000030
114927  -33.002  36.611  38.180 0.1000000015
114940  -33.795  36.778  37.515 0.1000000015
114952  -34.437  36.387  36.954 0.1000000015
151248  -32.579  37.166  38.289 0.1000000015
114953  -35.069  36.600  36.438 0.1000000015
163061  -36.721  37.600  35.587 0.1000000015
115596  -38.849  37.504  35.251 0.2000000030
116207  -39.413  38.065  34.753 0.2000000030
115597  -39.809  37.453  35.207 0.2000000030
163004  -40.527  37.461  35.105 0.2000000030
116214  -40.747  38.321  34.163 0.2000000030
115598  -41.189  37.212  35.250 0.2000000030
113537  -40.815  34.295  42.525 0.2000000030
116753  -41.430  39.284  43.172 0.2000000030
116754  -41.806  39.928  43.421 0.2000000030
116742  -42.275  40.618  43.758 0.2000000030
115580  -33.415  37.755  37.580 0.1000000015
115581  -34.120  37.606  37.092 0.1000000015
148072  -35.580  38.045  36.152 0.1000000015
115588  -35.693  37.301  36.057 0.1000000015
116197  -33.609  38.990  36.989 0.2000000030
116199  -35.021  38.603  36.333 0.2000000030
138699  -37.156  38.004  35.394 0.1000000015
116206  -38.071  38.076  35.094 0.1000000015
116797  -35.138  39.283  36.042 0.2000000030
116203  -35.715  38.766  35.871 0.2000000030
116204  -36.548  38.938  35.387 0.2000000030
116205  -37.490  38.803  34.991 0.2000000030
116212  -39.049  38.663  34.418 0.2000000030
116213  -39.886  38.592  34.177 0.2000000030
116822  -41.773  38.898  32.925 0.2000000030
116227  -41.280  38.578  33.548 0.2000000030
116236  -42.795  38.968  33.036 0.2000000030
115526  -40.427  37.506  42.939 0.1000000015
150421  -39.035  39.482  43.622 0.1000000015
116135  -40.731  39.107  43.297 0.2000000030
149867  -39.879  39.345  43.534 0.1000000015
160698  -40.380  40.858  43.717 0.1000000015
118011  -41.361  41.896  43.550 0.1000000015
116803  -34.823  39.959  35.900 0.2000000030
160996  -36.379  39.657  35.219 0.2000000030
116810  -36.985  39.687  34.876 0.2000000030
116811  -37.865  39.431  34.523 0.2000000030
116813  -39.341  39.164  33.943 0.2000000030
116812  -38.636  39.290  34.234 0.2000000030
116225  -39.918  39.078  33.634 0.2000000030
116820  -40.261  39.304  33.108 0.2000000030
116831  -42.155  39.258  32.274 0.2000000030
117989  -39.263  41.245  43.142 0.1000000015
118024  -39.886  41.540  42.231 0.1000000015
118025  -40.717  41.293  41.491 0.1000000015
140639  -40.145  42.488  39.619 0.1000000015
118038  -39.972  41.593  40.989 0.1000000015
117437  -36.359  41.045  34.451 0.2000000030
117438  -36.823  40.444  34.568 0.2000000030
146697  -37.491  40.199  34.350 0.2000000030
118090  -37.096  40.933  34.135 0.2000000030
117439  -37.816  40.660  33.781 0.2000000030
116818  -38.936  39.753  33.705 0.2000000030
117453  -38.852  40.808  32.830 0.2000000030
116828  -39.921  39.875  32.733 0.2000000030
116843  -41.686  39.538  31.854 0.2000000030
117455  -40.328  40.301  32.030 0.2000000030
117465  -41.601  39.889  31.346 0.2000000030
116844  -42.241  39.556  31.531 0.2000000030
117463  -40.318  41.057  31.379 0.2000000030
117478  -41.584  40.462  30.733 0.2000000030
117479  -42.400  40.193  30.240 0.2000000030
117489  -43.023  40.170  29.495 0.2000000030
117490  -43.721  40.248  28.888 0.2000000030
117491  -44.451  39.926  29.056 0.2000000030
117492  -45.118  39.972  28.275 0.2000000030
121130  -37.583  46.389  43.094 0.1000000015
120542  -37.677  45.391  41.754 0.1000000015
121722  -40.063  47.014  41.499 0.1000000015
122307  -40.988  48.182  42.674 0.1000000015
122322  -43.088  48.742  41.398 0.1000000015
122323  -43.965  49.387  41.330 0.1000000015
122932  -45.287  50.559  41.370 0.1000000015
124035  -45.579  51.599  41.885 0.1000000015
145735  -38.315  42.290  42.053 0.1000000015
119310  -38.077  43.725  41.253 0.1000000015
121141  -40.808  45.438  39.929 0.1000000015
121138  -40.902  46.363  40.400 0.1000000015
122333  -42.897  48.489  40.384 0.1000000015
122334  -43.709  49.322  40.730 0.1000000015
123511  -43.820  51.066  40.778 0.1000000015
124048  -44.854  51.311  41.239 0.1000000015
124023  -45.891  52.017  42.602 0.1000000015
119316  -38.937  43.528  40.626 0.1000000015
120551  -40.407  44.748  39.588 0.1000000015
120562  -40.639  45.265  39.259 0.1000000015
119324  -40.082  43.035  39.122 0.1000000015
119958  -39.958  43.898  39.420 0.1000000015
118704  -40.330  42.666  38.791 0.1000000015
118133  -40.593  41.460  30.776 0.2000000030
118141  -41.798  41.550  29.708 0.1000000015
118149  -42.472  41.775  28.999 0.2000000030
118135  -41.869  40.871  30.113 0.2000000030
118143  -43.058  40.815  28.868 0.2000000030
117500  -43.843  40.855  28.250 0.2000000030
148921  -44.471  40.311  28.237 0.2000000030
117508  -45.587  40.364  26.865 0.2000000030
117501  -45.861  39.886  27.295 0.2000000030
121735  -42.030  47.324  39.995 0.1000000015
121725  -42.344  47.803  40.233 0.1000000015
121142  -41.141  45.936  39.690 0.1000000015
121143  -41.455  46.706  39.833 0.1000000015
122961  -41.923  48.997  39.582 0.1000000015
123516  -42.695  49.874  40.118 0.1000000015
123494  -41.927  50.510  41.395 0.1000000015
123496  -43.831  51.371  41.710 0.1000000015
120561  -39.980  45.120  38.905 0.1000000015
164620  -40.863  46.233  39.186 0.1000000015
165156  -40.614  47.667  39.286 0.1000000015
119971  -38.118  44.621  38.249 0.1000000015
120571  -38.908  44.577  38.735 0.1000000015
118808  -40.886  42.746  29.630 0.1000000015
118809  -41.663  42.388  29.352 0.1000000015
118799  -40.545  42.158  30.315 0.1000000015
118800  -41.218  42.041  29.870 0.1000000015
118150  -43.307  41.562  28.327 0.1000000015
117507  -44.681  40.836  27.410 0.2000000030
118162  -45.388  41.254  26.679 0.2000000030
154710  -46.004  40.634  26.561 0.2000000030
117509  -46.369  40.079  26.685 0.2000000030
121744  -37.306  47.390  39.797 0.1000000015
121745  -38.506  47.506  39.533 0.1000000015
122346  -39.197  48.195  39.475 0.1000000015
120579  -37.234  45.132  38.082 0.1000000015
120570  -37.727  45.201  38.656 0.1000000015
120559  -37.401  45.815  39.118 0.1000000015
119419  -40.125  43.039  29.949 0.1000000015
118815  -42.186  42.775  28.726 0.1000000015
118161  -44.543  41.795  27.214 0.1000000015
140891  -46.650  40.615  26.582 0.2000000030
121731  -35.946  47.607  40.451 0.1000000015
121732  -36.875  47.924  40.286 0.1000000015
121743  -36.327  47.240  39.845 0.1000000015
121721  -35.449  47.759  41.210 0.1000000015
120568  -35.990  45.719  38.151 0.1000000015
163228  -35.451  47.106  39.920 0.1000000015
121720  -34.453  47.596  41.287 0.1000000015
122327  -33.997  47.911  41.997 0.1000000015
163074  -33.408  48.999  42.606 0.1000000015
123460  -35.515  50.066  44.558 0.1000000015
120577  -35.728  45.740  37.472 0.1000000015
122923  -32.728  49.932  42.165 0.1000000015
124032  -33.295  51.335  42.534 0.1000000015
124020  -34.352  51.293  43.671 0.1000000015
124564  -35.528  52.077  44.440 0.1000000015
124565  -36.271  52.284  44.968 0.1000000015
124581  -33.567  52.177  42.230 0.1000000015
124597  -34.018  52.901  41.774 0.1000000015
124582  -34.221  52.605  42.606 0.1000000015
118826  -44.282  42.737  27.073 0.1000000015
150396  -46.013  41.226  26.502 0.1000000015
118829  -46.430  41.857  26.779 0.1000000015
124543  -38.088  51.938  46.974 0.1000000015
125084  -37.951  53.476  46.805 0.1000000015
164289  -37.943  53.385  46.228 0.1000000015
126160  -38.932  55.157  45.283 0.1000000015
125637  -38.573  54.724  44.622 0.1000000015
125636  -37.784  54.323  44.386 0.1000000015
145118  -37.439  52.983  45.635 0.1000000015
121742  -34.034  46.754  39.597 0.1000000015
121718  -32.702  48.025  41.170 0.1000000015
122325  -32.634  48.658  41.582 0.1000000015
126169  -38.914  55.210  43.753 0.1000000015
122338  -32.155  48.756  40.883 0.1000000015
124046  -32.663  51.261  41.398 0.1000000015
125113  -35.369  53.739  42.477 0.1000000015
125645  -37.266  54.781  42.878 0.1000000015
124053  -32.339  51.294  39.892 0.1000000015
124604  -33.117  52.730  40.472 0.1000000015
125127  -34.363  53.503  41.423 0.1000000015
125653  -35.453  54.837  41.361 0.1000000015
126719  -36.121  56.349  41.431 0.1000000015
123529  -32.159  50.516  37.617 0.1000000015
124060  -32.404  51.354  37.832 0.1000000015
125668  -33.667  54.344  40.049 0.1000000015
126186  -34.379  55.332  40.295 0.1000000015
126724  -35.338  56.388  40.845 0.1000000015
127291  -36.249  57.708  41.492 0.1000000015
118827  -45.042  42.177  26.764 0.1000000015
118828  -45.630  42.057  26.669 0.1000000015
126138  -37.695  55.841  47.441 0.1000000015
126151  -38.600  55.501  46.155 0.1000000015
127725  -39.200  58.978  48.999 0.1000000015
127735  -39.295  58.634  47.993 0.1000000015
127259  -38.653  57.681  47.422 0.1000000015
126698  -39.420  56.944  46.034 0.1000000015
126706  -39.235  55.958  45.617 0.1000000015
137480  -39.247  57.592  46.702 0.1000000015
126707  -40.092  56.378  45.119 0.1000000015
126161  -39.678  55.688  44.733 0.1000000015
126165  -39.787  55.646  43.988 0.1000000015
125641  -38.217  54.718  43.879 0.1000000015
142384  -40.488  57.251  45.443 0.1000000015
126709  -40.404  56.189  44.250 0.1000000015
126713  -40.320  56.240  43.604 0.1000000015
126170  -39.540  55.799  43.339 0.1000000015
126168  -38.085  54.996  43.222 0.1000000015
126173  -37.716  55.350  42.643 0.1000000015
127284  -37.548  58.093  42.297 0.1000000015
128236  -37.691  59.500  42.275 0.1000000015
149249  -37.995  57.180  42.445 0.1000000015
128721  -37.927  60.287  42.241 0.1000000015
124607  -32.722  52.598  39.648 0.1000000015
125140  -32.793  53.181  39.059 0.1000000015
127775  -36.765  58.315  41.839 0.1000000015
128251  -37.055  59.818  41.796 0.1000000015
124067  -32.541  51.073  37.029 0.1000000015
125148  -32.713  52.968  38.163 0.1000000015
125695  -32.986  54.616  38.672 0.1000000015
126728  -34.168  56.794  39.593 0.1000000015
127296  -35.190  57.295  40.613 0.1000000015
141224  -36.650  59.106  41.687 0.1000000015
128735  -37.273  60.710  41.598 0.1000000015
129210  -38.375  61.842  41.777 0.1000000015
159287  -33.017  54.402  37.070 0.1000000015
119449  -43.815  43.367  26.983 0.1000000015
119450  -45.055  43.052  26.746 0.1000000015
119457  -43.937  43.887  26.632 0.1000000015
119459  -45.363  43.764  26.829 0.1000000015
119451  -45.864  43.065  27.038 0.1000000015
120646  -46.782  45.543  27.634 0.1000000015
120068  -47.437  45.148  28.108 0.1000000015
127260  -39.579  58.374  47.086 0.1000000015
127743  -40.633  58.556  45.996 0.1000000015
126710  -40.889  56.824  44.612 0.1000000015
127279  -41.470  57.650  44.087 0.1000000015
127287  -40.598  57.650  43.066 0.1000000015
163720  -40.077  57.052  42.903 0.1000000015
151414  -39.064  56.950  42.769 0.1000000015
127285  -38.482  57.932  42.627 0.1000000015
127764  -38.026  58.792  42.477 0.1000000015
127766  -40.176  58.560  43.011 0.1000000015
127765  -39.001  58.680  42.770 0.1000000015
128722  -38.993  60.228  42.658 0.1000000015
129196  -38.586  61.015  42.362 0.1000000015
129692  -38.505  62.881  40.331 0.1000000015
125702  -33.052  55.050  37.358 0.1000000015
126731  -33.518  56.353  38.219 0.1000000015
127298  -34.282  57.635  39.097 0.1000000015
143881  -35.231  58.835  40.035 0.1000000015
128260  -36.142  60.094  40.271 0.1000000015
128745  -36.948  61.122  40.827 0.1000000015
129680  -38.011  62.256  40.826 0.1000000015
128751  -36.457  60.735  39.625 0.1000000015
129219  -36.851  61.323  39.973 0.1000000015
129691  -37.898  62.411  39.942 0.1000000015
145967  -43.152  43.912  27.164 0.1000000015
120076  -43.449  44.526  26.520 0.1000000015
120077  -44.141  44.560  26.380 0.1000000015
119458  -44.713  43.986  26.597 0.1000000015
163533  -44.367  43.390  26.744 0.1000000015
120658  -44.439  45.366  26.237 0.1000000015
160748  -44.776  44.795  26.507 0.1000000015
120078  -45.350  44.565  26.800 0.1000000015
121264  -44.788  46.228  26.067 0.1000000015
121256  -46.144  46.078  27.104 0.1000000015
120645  -46.019  45.105  27.276 0.1000000015
121265  -45.593  46.576  26.375 0.1000000015
126845  -49.311  57.178  26.409 0.3000000119
126836  -50.327  56.374  26.888 0.4000000060
121852  -46.010  47.251  25.875 0.1000000015
140386  -47.095  46.462  27.351 0.1000000015
126863  -47.720  56.429  25.740 0.3000000119
126864  -48.778  56.585  25.804 0.3000000119
126294  -50.122  56.065  25.776 0.2000000030
121267  -47.201  47.149  26.783 0.1000000015
126291  -47.124  55.537  25.569 0.3000000119
125778  -48.755  55.132  25.276 0.3000000119
126293  -49.253  55.965  25.537 0.3000000119
125780  -50.623  55.334  25.716 0.3000000119
125788  -48.345  54.341  25.085 0.3000000119
125789  -49.277  54.575  24.898 0.3000000119
125790  -50.150  54.691  24.942 0.3000000119
125244  -50.721  54.560  25.253 0.2000000030
125261  -48.752  53.770  24.608 0.3000000119
125262  -49.746  53.991  24.462 0.3000000119
125263  -50.557  54.006  24.653 0.3000000119
136356  -49.124  48.027  24.998 0.2000000030
124742  -50.241  53.313  24.083 0.3000000119
124743  -51.044  53.248  24.343 0.3000000119
122480  -51.539  48.607  23.814 0.2000000030
122482  -52.409  49.099  23.134 0.2000000030
123622  -52.433  50.296  23.128 0.3000000119
128193  -39.572  59.287  47.829 0.1000000015
128201  -40.484  58.983  46.420 0.1000000015
127750  -41.198  58.444  45.234 0.1000000015
127756  -41.558  58.447  44.360 0.1000000015
127757  -41.546  58.467  43.756 0.1000000015
128239  -40.903  59.287  43.049 0.1000000015
128238  -39.627  59.423  42.871 0.1000000015
146532  -39.474  60.862  42.659 0.1000000015
129681  -38.700  62.702  41.160 0.1000000015
129693  -39.167  63.360  40.667 0.1000000015
130156  -39.066  63.426  39.839 0.1000000015
127797  -34.595  58.345  38.609 0.1000000015
128750  -35.916  60.243  39.221 0.1000000015
129227  -36.905  61.287  39.169 0.1000000015
129699  -38.076  62.289  39.048 0.1000000015
129700  -38.586  62.854  39.441 0.1000000015
130170  -39.801  63.839  39.253 0.1000000015
126243  -43.238  55.992  31.388 0.2000000030
127844  -44.195  58.924  32.558 0.1000000015
120075  -42.668  44.739  26.821 0.1000000015
120657  -43.679  45.149  26.065 0.1000000015
128826  -45.824  60.539  32.020 0.1000000015
128834  -46.335  60.731  30.763 0.2000000030
128841  -46.973  60.937  29.616 0.2000000030
128352  -47.404  59.872  28.882 0.2000000030
128353  -47.855  59.711  28.257 0.4000000060
128339  -44.876  60.612  30.900 0.1000000015
128833  -45.712  60.810  31.294 0.1000000015
128840  -46.018  61.405  29.456 0.1000000015
128847  -47.102  61.137  28.867 0.2000000030
142631  -45.213  60.831  29.110 0.1000000015
129319  -46.463  61.375  28.661 0.2000000030
128866  -46.433  60.690  27.372 0.3000000119
128359  -47.280  60.417  27.596 0.4000000060
127380  -49.013  58.163  27.603 0.4000000060
126834  -49.382  57.477  27.304 0.4000000060
145939  -45.406  60.903  27.669 0.1000000015
128371  -45.813  60.186  26.728 0.2000000030
128372  -46.968  60.022  27.055 0.3000000119
128373  -47.852  59.679  27.284 0.4000000060
127398  -49.194  57.938  26.744 0.3000000119
126835  -49.821  56.826  27.083 0.4000000060
121270  -44.464  46.504  25.443 0.1000000015
121271  -45.157  46.992  25.504 0.1000000015
127889  -46.539  59.373  26.677 0.3000000119
127890  -47.631  58.771  26.660 0.3000000119
148881  -48.546  58.293  26.648 0.4000000060
127888  -45.476  58.990  26.331 0.2000000030
127396  -46.525  58.343  26.523 0.3000000119
127397  -47.481  57.876  26.423 0.3000000119
126844  -48.360  57.356  26.210 0.3000000119
126842  -45.950  56.919  26.312 0.3000000119
125776  -46.564  54.699  25.402 0.3000000119
121872  -50.869  48.078  23.667 0.2000000030
124759  -49.725  52.480  23.616 0.3000000119
122493  -52.383  49.138  22.863 0.2000000030
162664  -51.235  51.277  22.820 0.3000000119
124195  -52.055  51.578  23.708 0.3000000119
124760  -50.769  52.530  23.701 0.3000000119
123621  -52.027  50.996  23.017 0.3000000119
124196  -52.347  50.923  23.491 0.3000000119
130171  -40.766  64.164  38.505 0.1000000015
128285  -35.710  59.447  37.819 0.1000000015
128278  -36.117  60.126  38.315 0.1000000015
147485  -37.607  61.615  38.631 0.1000000015
129706  -39.099  62.551  38.378 0.1000000015
129707  -40.010  62.999  38.060 0.1000000015
157280  -41.215  63.918  37.615 0.1000000015
128768  -36.994  60.595  37.940 0.1000000015
129241  -38.261  61.423  37.820 0.1000000015
129242  -39.321  61.819  37.503 0.1000000015
143249  -40.911  63.267  37.271 0.1000000015
159931  -41.451  64.102  36.965 0.1000000015
125721  -40.532  54.651  36.074 0.1000000015
126226  -43.085  55.404  36.139 0.1000000015
142323  -43.061  55.268  35.222 0.1000000015
126227  -43.963  55.643  35.939 0.1000000015
126232  -43.878  55.646  34.850 0.1000000015
126773  -44.437  56.411  33.328 0.2000000030
126796  -44.741  57.159  31.760 0.2000000030
127369  -45.000  57.397  30.237 0.3000000119
126811  -44.879  56.969  29.457 0.3000000119
127843  -43.238  58.447  32.106 0.1000000015
127845  -46.001  59.429  33.402 0.1000000015
128326  -46.185  60.044  32.422 0.2000000030
127862  -46.193  58.978  31.600 0.2000000030
127854  -43.558  59.109  31.540 0.1000000015
128323  -44.711  59.828  32.217 0.1000000015
128324  -45.803  60.125  32.590 0.2000000030
128828  -46.299  60.307  31.580 0.1000000015
127863  -46.352  59.780  31.121 0.2000000030
127868  -46.562  59.653  29.829 0.2000000030
128332  -44.276  59.907  31.273 0.1000000015
128345  -44.556  60.403  29.802 0.1000000015
127379  -48.354  58.162  28.144 0.4000000060
149047  -48.956  56.750  27.623 0.4000000060
128338  -43.968  59.851  30.387 0.1000000015
128344  -43.631  59.663  29.365 0.1000000015
128838  -44.362  60.306  28.718 0.1000000015
128844  -44.325  60.332  27.796 0.1000000015
121867  -45.184  47.304  24.540 0.1000000015
128370  -44.554  60.063  26.384 0.1000000015
127887  -44.951  59.887  26.190 0.2000000030
121868  -46.343  47.579  24.572 0.1000000015
127416  -45.051  57.255  26.051 0.3000000119
126862  -46.560  56.201  25.872 0.3000000119
121878  -47.751  47.616  23.867 0.1000000015
126861  -45.385  56.230  25.911 0.3000000119
126290  -45.967  55.392  25.659 0.3000000119
125775  -45.393  54.591  25.371 0.3000000119
125260  -47.691  53.606  24.781 0.3000000119
156224  -49.252  47.795  24.245 0.2000000030
124740  -48.138  52.876  24.319 0.3000000119
121880  -49.886  47.607  23.724 0.2000000030
152492  -51.883  48.272  23.107 0.2000000030
124211  -50.572  50.982  22.498 0.3000000119
157482  -40.300  64.309  39.452 0.1000000015
130614  -40.539  64.583  40.160 0.1000000015
130624  -41.574  65.192  38.186 0.1000000015
130633  -41.454  64.554  37.719 0.1000000015
130634  -41.578  64.959  37.369 0.1000000015
128294  -37.261  59.385  36.954 0.1000000015
128287  -37.603  60.074  37.219 0.1000000015
154819  -40.164  62.002  36.890 0.1000000015
129717  -40.662  62.663  36.578 0.1000000015
130658  -41.096  63.739  36.482 0.1000000015
142803  -41.358  64.646  36.860 0.1000000015
149782  -38.246  58.172  36.472 0.1000000015
128296  -38.961  59.520  36.212 0.1000000015
156691  -38.701  60.293  36.675 0.1000000015
129733  -40.493  62.516  36.072 0.1000000015
130210  -40.354  63.344  36.068 0.1000000015
159294  -40.778  64.077  36.430 0.1000000015
126210  -41.501  55.846  36.959 0.1000000015
144406  -41.040  56.131  36.740 0.1000000015
126221  -42.805  55.794  36.684 0.1000000015
126755  -43.107  56.397  36.516 0.1000000015
126211  -43.401  56.278  36.596 0.1000000015
126763  -43.764  56.998  36.452 0.1000000015
127315  -44.616  56.926  36.495 0.1000000015
126228  -44.732  56.157  35.632 0.1000000015
126774  -45.519  56.929  34.315 0.2000000030
127361  -45.259  57.607  31.327 0.2000000030
127322  -43.887  57.322  35.790 0.1000000015
127323  -45.259  57.581  35.638 0.1000000015
126775  -45.789  57.573  34.915 0.1000000015
127345  -46.179  58.058  33.663 0.2000000030
153633  -46.202  58.460  33.106 0.2000000030
127362  -45.590  58.147  30.828 0.3000000119
126785  -41.893  56.919  32.916 0.1000000015
141991  -42.818  57.333  33.309 0.1000000015
127332  -44.879  58.451  34.498 0.1000000015
127837  -45.636  58.892  34.081 0.1000000015
127847  -46.287  59.467  33.002 0.2000000030
127855  -46.375  59.016  32.813 0.2000000030
127867  -45.953  58.876  30.285 0.3000000119
126833  -48.046  57.146  27.965 0.4000000060
127342  -42.473  57.738  32.241 0.1000000015
127853  -42.577  58.442  31.429 0.1000000015
127351  -40.547  57.659  31.027 0.1000000015
127861  -43.475  59.404  30.830 0.1000000015
127359  -40.779  57.959  30.303 0.1000000015
127860  -42.782  58.889  30.812 0.1000000015
127360  -41.524  58.364  30.205 0.1000000015
127872  -41.942  58.544  29.460 0.1000000015
127866  -42.738  59.012  29.439 0.1000000015
161566  -43.138  59.279  28.693 0.1000000015
128350  -43.205  59.331  27.761 0.1000000015
127873  -42.435  58.719  28.482 0.1000000015
128357  -43.986  60.019  27.060 0.1000000015
144230  -42.856  58.901  26.191 0.1000000015
127886  -43.634  59.414  25.661 0.1000000015
128391  -44.229  59.564  25.802 0.1000000015
127909  -44.385  59.276  25.667 0.2000000030
121876  -45.322  47.365  23.697 0.1000000015
146885  -45.848  47.520  24.177 0.1000000015
127908  -43.750  59.029  24.913 0.1000000015
127415  -44.422  57.966  25.375 0.1000000015
121889  -45.601  47.314  22.930 0.1000000015
121890  -46.389  47.413  22.893 0.1000000015
126860  -44.357  56.633  25.488 0.3000000119
121891  -47.339  47.406  22.983 0.1000000015
121892  -48.275  47.247  23.112 0.1000000015
126289  -44.782  55.419  25.555 0.3000000119
125774  -44.292  54.588  25.165 0.3000000119
125242  -46.053  53.954  25.070 0.3000000119
121879  -48.902  47.468  23.647 0.2000000030
125241  -44.957  53.852  24.960 0.3000000119
125259  -46.624  53.389  24.682 0.3000000119
163597  -48.922  47.100  23.169 0.2000000030
124757  -47.561  52.159  23.851 0.3000000119
161121  -51.506  47.697  22.941 0.1000000015
121895  -51.891  47.939  22.457 0.2000000030
122492  -52.039  48.642  22.461 0.2000000030
147134  -51.436  50.615  22.541 0.3000000119
123097  -51.827  49.073  22.102 0.3000000119
123643  -50.731  50.278  22.149 0.3000000119
131042  -41.398  66.180  37.835 0.1000000015
131040  -40.816  65.587  37.240 0.1000000015
130643  -40.291  64.766  36.782 0.1000000015
126743  -38.949  56.707  36.357 0.1000000015
127310  -39.140  57.687  36.269 0.1000000015
128306  -39.219  59.872  35.697 0.1000000015
129268  -39.636  61.404  35.729 0.1000000015
129747  -39.696  62.027  35.692 0.1000000015
130657  -39.598  64.052  36.424 0.1000000015
142655  -39.515  56.064  36.392 0.1000000015
127824  -39.248  58.356  35.601 0.1000000015
128305  -39.028  59.460  35.453 0.1000000015
148680  -40.536  56.743  35.649 0.1000000015
127314  -39.816  57.199  35.546 0.1000000015
126771  -41.595  56.546  34.672 0.1000000015
126762  -41.627  56.610  35.989 0.1000000015
126770  -40.640  56.441  33.844 0.1000000015
126784  -40.856  56.663  32.696 0.1000000015
150107  -40.060  56.528  32.988 0.1000000015
126783  -40.011  56.943  32.029 0.1000000015
161639  -40.259  57.330  31.435 0.1000000015
127367  -40.295  57.586  29.675 0.1000000015
127375  -40.517  57.389  28.803 0.1000000015
127376  -41.194  57.694  28.348 0.1000000015
127880  -42.609  58.722  27.311 0.1000000015
127385  -41.343  57.529  27.380 0.1000000015
127386  -42.105  58.105  26.859 0.1000000015
127394  -42.365  58.308  25.808 0.1000000015
127907  -43.253  58.930  24.412 0.1000000015
127921  -43.535  58.709  24.078 0.2000000030
121289  -46.032  47.041  22.221 0.1000000015
126859  -44.038  57.953  24.460 0.2000000030
126881  -43.984  57.880  23.591 0.2000000030
139158  -43.772  56.694  24.750 0.2000000030
121290  -46.977  47.022  22.255 0.1000000015
126288  -43.931  55.534  25.158 0.2000000030
125240  -44.059  53.822  24.650 0.3000000119
125258  -45.595  53.262  24.610 0.3000000119
121291  -47.940  46.846  22.467 0.1000000015
152150  -48.861  46.731  22.773 0.1000000015
121893  -49.721  46.929  23.160 0.1000000015
125257  -44.620  53.213  24.469 0.3000000119
124738  -46.109  52.634  24.289 0.3000000119
124739  -47.112  52.743  24.314 0.3000000119
121293  -50.792  46.558  22.641 0.1000000015
155039  -51.511  47.113  22.479 0.1000000015
124191  -47.009  51.520  23.400 0.3000000119
163261  -49.997  50.625  22.167 0.3000000119
122503  -51.197  48.821  21.512 0.3000000119
123657  -49.892  50.015  21.696 0.3000000119
131041  -41.405  65.537  37.472 0.1000000015
131038  -37.746  65.472  37.444 0.1000000015
140291  -39.268  60.901  35.482 0.1000000015
129267  -39.165  61.410  35.483 0.1000000015
129731  -39.551  62.680  35.752 0.1000000015
130642  -38.609  64.734  37.040 0.1000000015
137924  -38.303  58.755  34.695 0.1000000015
128790  -39.042  60.243  35.342 0.1000000015
128789  -38.817  60.783  35.259 0.1000000015
129746  -38.889  62.063  35.550 0.1000000015
130208  -37.601  63.389  36.333 0.1000000015
130656  -38.098  64.039  36.619 0.1000000015
155573  -40.180  56.649  34.621 0.1000000015
127321  -38.579  57.360  34.328 0.1000000015
126769  -39.671  56.527  33.626 0.1000000015
155098  -38.707  56.759  31.919 0.1000000015
143715  -38.647  56.946  31.089 0.1000000015
126800  -37.797  56.657  30.664 0.1000000015
126802  -39.324  57.244  30.721 0.1000000015
126801  -38.670  56.886  30.257 0.1000000015
126809  -38.620  56.564  29.374 0.1000000015
147018  -39.361  56.656  28.859 0.1000000015
126820  -39.997  56.805  28.374 0.1000000015
127384  -40.613  57.125  27.876 0.1000000015
127392  -40.734  56.861  26.822 0.1000000015
127393  -41.580  57.555  26.400 0.1000000015
127412  -41.867  57.791  25.434 0.1000000015
127431  -42.139  57.960  24.552 0.1000000015
127432  -42.931  58.714  23.938 0.1000000015
127433  -43.866  58.352  23.750 0.1000000015
126310  -43.645  55.755  24.582 0.2000000030
149419  -43.704  54.686  24.580 0.2000000030
125256  -43.659  53.694  24.111 0.2000000030
121311  -49.724  45.661  22.143 0.1000000015
124736  -44.234  52.691  23.991 0.2000000030
124755  -45.595  52.058  23.796 0.3000000119
120683  -50.726  45.811  22.200 0.1000000015
121294  -51.820  47.112  22.042 0.1000000015
124190  -46.014  51.490  23.392 0.3000000119
124209  -47.488  50.998  22.886 0.3000000119
122504  -51.829  48.454  21.936 0.1000000015
123642  -49.148  50.586  22.147 0.3000000119
123096  -50.270  49.280  21.247 0.2000000030
131461  -39.806  66.523  37.862 0.1000000015
131039  -39.221  65.533  37.424 0.1000000015
130207  -36.464  63.531  36.400 0.1000000015
130641  -37.083  64.674  37.060 0.1000000015
128315  -37.687  59.509  34.686 0.1000000015
129265  -37.151  61.518  35.370 0.1000000015
129745  -37.758  62.126  35.587 0.1000000015
139652  -37.894  57.907  34.382 0.1000000015
128314  -36.358  59.132  34.445 0.1000000015
127330  -38.428  56.942  33.845 0.1000000015
127329  -37.604  57.336  33.810 0.1000000015
126767  -37.923  56.809  33.197 0.1000000015
127328  -36.560  57.494  33.584 0.1000000015
126779  -36.575  56.704  32.159 0.1000000015
126792  -37.192  56.580  31.470 0.1000000015
126791  -36.249  56.605  31.324 0.1000000015
126808  -37.117  56.404  29.848 0.1000000015
126799  -36.765  56.521  30.633 0.1000000015
136283  -37.562  56.129  29.001 0.1000000015
126818  -38.522  56.128  28.360 0.1000000015
126828  -38.831  55.922  27.618 0.1000000015
126829  -39.339  56.004  27.201 0.1000000015
126840  -40.466  56.399  25.930 0.1000000015
126857  -40.973  56.640  25.161 0.1000000015
126880  -41.540  57.227  24.424 0.1000000015
127442  -43.127  58.413  23.378 0.1000000015
127443  -43.788  58.214  23.227 0.1000000015
126322  -43.511  55.621  23.878 0.2000000030
125799  -43.456  54.458  23.744 0.2000000030
124754  -44.668  52.139  23.645 0.2000000030
124189  -45.054  51.571  23.300 0.2000000030
124207  -45.456  51.031  22.860 0.2000000030
123641  -48.065  50.510  22.258 0.3000000119
123656  -48.764  50.047  21.594 0.3000000119
131444  -38.683  67.270  38.319 0.1000000015
131460  -38.285  66.284  37.858 0.1000000015
131037  -36.444  65.589  37.306 0.1000000015
129744  -36.479  62.287  35.632 0.1000000015
128787  -36.502  60.858  35.069 0.1000000015
129729  -37.048  62.813  36.018 0.1000000015
128801  -35.462  60.600  34.707 0.1000000015
127830  -36.178  58.163  34.040 0.1000000015
127829  -35.267  58.888  34.084 0.1000000015
128319  -34.484  59.605  33.921 0.1000000015
127836  -35.122  58.107  33.603 0.1000000015
127327  -34.981  57.507  32.995 0.1000000015
126778  -35.743  56.779  31.914 0.1000000015
127338  -34.954  57.106  32.099 0.1000000015
127349  -34.801  57.248  31.244 0.1000000015
150538  -36.457  56.171  29.068 0.1000000015
126807  -36.178  56.470  29.896 0.1000000015
126798  -35.506  56.799  30.129 0.1000000015
126256  -37.535  55.790  28.047 0.1000000015
123637  -44.205  51.147  22.008 0.2000000030
125273  -43.490  53.464  23.436 0.2000000030
124188  -44.320  51.782  23.158 0.2000000030
123639  -45.898  50.476  22.355 0.2000000030
123654  -46.390  49.957  21.745 0.2000000030
123640  -46.969  50.418  22.357 0.3000000119
123655  -47.627  49.878  21.606 0.2000000030
123094  -48.436  49.514  21.073 0.1000000015
142106  -37.201  66.136  37.697 0.1000000015
130220  -35.930  63.050  35.947 0.1000000015
130655  -36.172  64.243  36.683 0.1000000015
129264  -35.895  61.713  35.312 0.1000000015
129743  -35.448  62.514  35.444 0.1000000015
123672  -44.478  50.396  20.632 0.2000000030
123653  -45.389  50.160  21.658 0.2000000030
123092  -45.819  49.628  21.092 0.2000000030
123093  -46.817  49.503  21.109 0.2000000030
162236  -47.694  49.423  20.986 0.1000000015
123114  -48.905  49.156  20.550 0.1000000015
122535  -48.833  48.492  19.216 0.1000000015
148464  -44.144  50.891  20.315 0.1000000015
123110  -44.835  49.814  20.102 0.1000000015
153757  -45.355  49.391  19.546 0.1000000015
123125  -46.001  49.077  19.804 0.1000000015
122520  -48.461  48.799  19.939 0.1000000015
154360  -47.240  49.169  20.497 0.1000000015
122534  -47.957  48.604  19.185 0.1000000015
123697  -44.603  50.803  17.919 0.1000000015
124262  -44.585  51.751  17.420 0.1000000015
122543  -46.514  48.678  18.709 0.1000000015
122533  -47.086  48.680  19.253 0.1000000015
108470  -50.437  27.872  51.828 0.1000000015
113596  -41.386  34.557  36.398 0.1000000015
115608  -41.008  37.764  34.684 0.2000000030
118705  -40.568  42.004  39.284 0.1000000015
126795  -43.869  56.582  31.020 0.3000000119
119333  -39.853  43.281  38.297 0.1000000015
148858  -38.406  44.280  37.963 0.1000000015
114893  -45.652  36.534  41.579 0.2000000030
126242  -42.577  55.553  31.722 0.2000000030
121149  -35.703  46.619  39.339 0.1000000015
121163  -35.891  46.083  38.724 0.1000000015
122969  -32.003  48.915  36.654 0.1000000015
140169  -43.650  55.811  33.604 0.2000000030
121728  -32.962  47.448  40.532 0.1000000015
122966  -31.934  49.579  37.269 0.1000000015
123525  -31.758  49.878  38.192 0.1000000015
145204  -32.377  50.284  36.796 0.1000000015
156386  -32.968  51.471  36.590 0.1000000015
123508  -32.441  50.433  41.311 0.1000000015
122315  -32.921  48.996  42.230 0.1000000015
123526  -32.033  50.804  38.582 0.1000000015
124055  -32.206  51.293  39.210 0.1000000015
125156  -32.874  53.612  37.377 0.1000000015
124623  -32.840  52.649  37.292 0.1000000015
156666  -40.234  55.154  36.384 0.1000000015
125726  -41.794  54.693  35.523 0.1000000015
124595  -32.804  51.940  41.014 0.1000000015
150642  -32.586  51.998  40.213 0.1000000015
127309  -37.994  57.219  36.358 0.1000000015
127806  -34.704  58.277  37.711 0.1000000015
158846  -37.575  58.449  36.592 0.1000000015
126732  -33.867  57.015  38.623 0.1000000015
117369  -40.979  40.997  43.914 0.1000000015
112196  -35.821  32.105  35.673 0.1000000015
112211  -36.206  32.417  35.066 0.1000000015
111455  -36.351  31.780  35.190 0.1000000015
114905  -45.925  35.600  41.511 0.2000000030
113591  -35.558  34.425  36.082 0.1000000015
112913  -34.871  33.552  37.151 0.1000000015
114297  -36.706  35.353  35.599 0.1000000015
114298  -37.502  35.020  35.645 0.1000000015
114968  -37.671  36.510  35.620 0.1000000015
114955  -39.932  36.150  36.062 0.2000000030
153967  -34.476  36.980  36.901 0.1000000015
114954  -35.849  36.470  35.894 0.1000000015
115589  -36.370  37.151  35.703 0.1000000015
115594  -37.078  37.190  35.560 0.1000000015
115595  -37.912  37.335  35.438 0.1000000015
138082  -39.455  36.783  35.660 0.2000000030
114888  -40.809  36.669  42.641 0.1000000015
115568  -33.104  37.238  37.975 0.1000000015
161794  -38.728  38.191  34.818 0.2000000030
151147  -40.226  37.958  34.686 0.2000000030
116741  -41.123  40.092  43.655 0.1000000015
116192  -33.701  38.277  37.198 0.2000000030
116198  -34.288  38.416  36.764 0.2000000030
115587  -34.927  37.627  36.550 0.1000000015
115593  -36.274  37.976  35.732 0.1000000015
116796  -34.359  39.342  36.443 0.2000000030
116804  -35.697  39.634  35.541 0.2000000030
116211  -38.302  38.723  34.663 0.2000000030
116226  -40.508  38.797  33.574 0.2000000030
116821  -40.961  39.011  32.936 0.2000000030
152896  -39.204  40.292  43.558 0.1000000015
118010  -40.648  41.543  43.278 0.1000000015
117433  -36.175  40.318  34.997 0.2000000030
116819  -39.601  39.552  33.376 0.2000000030
116829  -40.652  39.573  32.477 0.2000000030
116842  -41.087  39.785  31.866 0.2000000030
118009  -39.068  41.647  42.435 0.1000000015
117988  -38.332  41.215  43.059 0.1000000015
118683  -39.148  42.168  41.403 0.1000000015
118692  -39.239  42.875  40.596 0.1000000015
117446  -38.548  40.409  33.459 0.2000000030
117447  -39.247  40.167  33.118 0.2000000030
117454  -39.553  40.545  32.481 0.2000000030
158627  -42.108  39.852  30.896 0.2000000030
117477  -40.929  40.928  30.908 0.2000000030
117464  -40.980  40.392  31.374 0.2000000030
118142  -42.409  40.874  29.561 0.2000000030
142364  -43.124  39.762  30.108 0.2000000030
117480  -43.732  39.823  29.637 0.2000000030
148099  -38.255  46.760  42.797 0.1000000015
121127  -37.562  46.440  44.032 0.1000000015
121134  -38.915  46.765  42.028 0.1000000015
120537  -37.182  45.699  42.582 0.1000000015
121136  -38.605  45.806  41.391 0.1000000015
120544  -39.614  45.234  40.499 0.1000000015
119950  -37.650  44.530  41.525 0.1000000015
121723  -41.114  47.194  40.984 0.1000000015
121137  -39.759  46.172  40.935 0.1000000015
121714  -39.605  47.463  42.578 0.1000000015
121715  -40.496  47.678  42.093 0.1000000015
122321  -41.772  48.385  42.165 0.1000000015
122342  -43.248  49.338  40.235 0.1000000015
137505  -42.378  48.721  42.441 0.1000000015
122946  -44.793  50.439  40.937 0.1000000015
122955  -44.187  50.060  40.554 0.1000000015
123497  -45.591  51.155  41.602 0.1000000015
152412  -45.013  50.836  41.050 0.1000000015
123465  -46.291  50.843  42.864 0.1000000015
124034  -44.847  51.683  42.087 0.1000000015
118682  -38.513  42.959  41.231 0.1000000015
118681  -37.793  43.097  41.768 0.1000000015
119957  -39.740  43.971  40.117 0.1000000015
120550  -39.476  44.565  40.383 0.1000000015
121153  -40.731  45.739  39.087 0.1000000015
121747  -41.017  46.747  39.376 0.1000000015
121736  -42.455  47.967  39.987 0.1000000015
123510  -43.232  50.414  40.461 0.1000000015
154419  -39.944  43.316  39.408 0.1000000015
158759  -39.480  43.647  38.292 0.1000000015
121748  -42.021  47.599  39.833 0.1000000015
123479  -42.798  50.900  42.604 0.1000000015
121152  -39.266  46.196  39.163 0.1000000015
121150  -36.660  46.483  39.332 0.1000000015
121730  -34.998  47.358  40.561 0.1000000015
122316  -33.612  48.543  42.424 0.1000000015
123475  -33.780  49.902  43.215 0.1000000015
122303  -34.800  48.703  43.299 0.1000000015
140365  -36.093  49.576  44.634 0.1000000015
123476  -34.339  50.308  43.745 0.1000000015
124007  -34.963  50.729  44.266 0.1000000015
151680  -35.565  50.754  44.666 0.1000000015
124033  -33.862  51.790  43.021 0.1000000015
124019  -33.722  50.864  43.229 0.1000000015
124573  -34.522  52.219  43.396 0.1000000015
125104  -35.522  53.338  43.411 0.1000000015
125097  -35.797  52.912  44.243 0.1000000015
124009  -35.859  51.359  44.880 0.1000000015
124558  -37.080  52.104  45.657 0.1000000015
125099  -37.394  53.631  44.989 0.1000000015
125106  -37.009  53.974  44.126 0.1000000015
125126  -33.809  53.199  40.999 0.1000000015
125112  -34.636  53.321  42.128 0.1000000015
126150  -38.084  55.038  46.807 0.1000000015
125622  -38.452  54.673  46.030 0.1000000015
125644  -36.386  54.535  42.507 0.1000000015
125643  -35.717  54.378  41.990 0.1000000015
125640  -37.520  54.516  43.613 0.1000000015
125639  -36.711  54.262  43.322 0.1000000015
126178  -37.295  55.775  42.172 0.1000000015
126172  -36.921  55.167  42.292 0.1000000015
124608  -33.055  53.221  39.779 0.1000000015
125137  -34.221  53.996  40.780 0.1000000015
125670  -34.763  54.703  40.821 0.1000000015
126177  -36.559  55.681  41.788 0.1000000015
126176  -35.789  55.613  41.358 0.1000000015
145831  -35.798  57.097  41.177 0.1000000015
126720  -36.855  56.391  41.827 0.1000000015
127292  -37.053  57.282  41.954 0.1000000015
124622  -32.585  52.158  37.981 0.1000000015
124613  -32.570  52.425  38.833 0.1000000015
148453  -33.145  53.933  39.405 0.1000000015
125683  -33.755  55.098  39.819 0.1000000015
126723  -34.569  56.130  40.281 0.1000000015
127290  -35.578  57.924  41.012 0.1000000015
127718  -38.271  58.315  49.526 0.1000000015
126717  -39.175  56.113  42.863 0.1000000015
126716  -38.423  56.289  42.560 0.1000000015
128734  -36.660  60.369  41.058 0.1000000015
151492  -32.845  54.466  37.810 0.1000000015
126200  -33.309  55.522  38.867 0.1000000015
165143  -32.946  55.116  38.094 0.1000000015
127295  -34.612  57.509  39.978 0.1000000015
126727  -33.674  56.352  39.013 0.1000000015
127782  -35.099  58.077  40.355 0.1000000015
128259  -35.721  59.289  40.584 0.1000000015
127791  -34.750  58.248  39.566 0.1000000015
127792  -35.038  58.996  39.131 0.1000000015
126292  -48.229  55.761  25.492 0.3000000119
126843  -47.117  57.033  26.121 0.3000000119
125779  -49.727  55.341  25.282 0.3000000119
124741  -49.218  53.117  24.176 0.3000000119
123079  -52.421  49.660  22.887 0.3000000119
128220  -41.652  59.293  43.914 0.1000000015
128277  -35.479  59.630  38.694 0.1000000015
128760  -37.059  61.106  38.520 0.1000000015
126786  -44.125  56.493  32.149 0.2000000030
128354  -48.342  59.278  27.616 0.4000000060
127882  -48.812  58.623  27.429 0.4000000060
124758  -48.590  52.299  23.776 0.3000000119
123078  -52.203  49.358  22.602 0.3000000119
124194  -50.368  51.745  23.046 0.3000000119
128286  -36.602  59.806  37.545 0.1000000015
128770  -39.020  61.036  37.082 0.1000000015
126233  -44.668  56.266  34.516 0.1000000015
127838  -46.004  58.661  34.175 0.2000000030
141084  -42.308  58.746  30.182 0.1000000015
157236  -49.627  51.152  22.585 0.3000000119
128295  -38.163  59.642  36.740 0.1000000015
128771  -39.763  61.476  36.665 0.1000000015
127817  -38.939  58.663  36.197 0.1000000015
158152  -39.345  60.151  36.065 0.1000000015
126745  -41.669  56.150  36.933 0.1000000015
126752  -40.308  56.642  36.256 0.1000000015
126772  -42.466  56.782  34.143 0.1000000015
127334  -46.115  58.205  34.398 0.2000000030
127331  -43.720  57.462  34.431 0.1000000015
127333  -45.529  58.264  34.926 0.1000000015
136385  -39.458  57.178  29.807 0.1000000015
124193  -49.094  51.712  23.220 0.3000000119
124756  -46.568  52.071  23.856 0.3000000119
139530  -39.748  56.778  36.251 0.1000000015
127818  -39.240  58.323  36.019 0.1000000015
127832  -38.836  58.156  34.819 0.1000000015
127823  -38.890  58.909  35.124 0.1000000015
128316  -38.701  59.560  34.981 0.1000000015
126781  -38.369  56.651  32.556 0.1000000015
126895  -44.033  57.855  22.958 0.1000000015
124737  -45.122  52.604  24.204 0.3000000119
124210  -48.539  51.109  22.755 0.3000000119
157050  -37.461  60.255  34.899 0.1000000015
143529  -43.586  52.622  23.096 0.2000000030
128313  -35.368  59.776  34.428 0.1000000015
125808  -43.429  54.416  22.868 0.2000000030
124206  -44.564  51.308  22.713 0.2000000030
129263  -35.000  61.899  35.042 0.1000000015
127835  -34.437  58.763  33.512 0.1000000015
127358  -34.952  57.208  30.451 0.1000000015
123091  -44.961  49.860  20.927 0.2000000030
123111  -45.506  49.480  20.354 0.1000000015
153680  -46.340  49.280  20.484 0.1000000015
124257  -44.373  51.024  18.876 0.1000000015
109417  -43.762  28.756  33.689 0.1000000015
109418  -44.569  28.305  33.437 0.1000000015
111409  -45.762  31.976  41.770 0.1000000015
161018  -41.806  33.425  42.432 0.1000000015
143632  -43.838  33.083  42.054 0.1000000015
112156  -46.402  32.595  41.644 0.1000000015
112879  -44.301  33.731  41.847 0.1000000015
112882  -46.047  33.457  41.583 0.1000000015
155806  -46.550  36.134  41.590 0.1000000015
113536  -39.985  34.492  42.667 0.1000000015
114219  -38.850  35.433  43.055 0.1000000015
114226  -43.590  35.426  41.825 0.1000000015
149225  -47.328  34.478  41.625 0.1000000015
114235  -46.799  35.158  41.567 0.1000000015
139302  -46.080  34.838  41.473 0.1000000015
113543  -45.694  34.245  41.533 0.1000000015
113538  -42.396  34.632  42.211 0.1000000015
112877  -42.539  33.812  42.264 0.1000000015
112154  -44.653  32.933  41.839 0.1000000015
112881  -45.183  33.593  41.657 0.1000000015
112878  -43.471  33.835  42.054 0.1000000015
142927  -54.451  21.367  45.754 0.1000000015
104687  -52.916  22.217  45.308 0.1000000015
103960  -53.546  20.705  44.549 0.1000000015
104683  -54.306  22.347  46.143 0.1000000015
105379  -54.161  23.248  46.215 0.1000000015
103953  -53.664  21.359  45.206 0.1000000015
105384  -53.455  23.640  45.710 0.1000000015
103157  -52.697  20.791  44.108 0.1000000015
139165  -52.214  22.038  44.779 0.1000000015
105383  -52.756  23.222  45.372 0.1000000015
103161  -51.836  20.772  43.588 0.1000000015
106173  -53.633  24.468  45.380 0.1000000015
140094  -51.688  20.465  42.066 0.1000000015
105389  -52.232  23.617  44.805 0.1000000015
103958  -51.806  21.451  44.266 0.1000000015
104691  -52.144  22.795  44.919 0.1000000015
103160  -50.824  20.919  43.310 0.1000000015
104690  -51.547  22.353  44.468 0.1000000015
106178  -52.444  24.348  44.541 0.1000000015
103167  -50.637  20.667  42.636 0.1000000015
103963  -50.447  21.509  43.511 0.1000000015
104694  -50.339  22.253  43.652 0.1000000015
105388  -51.570  23.191  44.485 0.1000000015
103166  -50.023  21.114  42.983 0.1000000015
103962  -49.772  21.795  43.170 0.1000000015
105393  -50.443  23.076  43.636 0.1000000015
106182  -51.447  24.248  43.673 0.1000000015
136977  -50.677  20.496  41.674 0.1000000015
103165  -49.763  20.801  42.225 0.1000000015
103967  -49.271  21.456  42.476 0.1000000015
105392  -49.798  22.605  43.212 0.1000000015
106188  -50.412  24.214  42.652 0.1000000015
136976  -49.712  20.576  41.282 0.1000000015
103173  -48.887  20.988  41.729 0.1000000015
106198  -50.165  24.538  41.888 0.1000000015
106941  -50.765  25.159  41.434 0.1000000015
103185  -48.885  20.623  40.828 0.1000000015
136922  -50.496  25.443  40.623 0.1000000015
107720  -51.884  25.970  40.247 0.1000000015
103183  -47.830  20.940  40.234 0.1000000015
103981  -47.597  21.478  40.489 0.1000000015
105411  -47.039  22.585  40.072 0.1000000015
105418  -46.761  22.965  39.678 0.1000000015
105423  -46.571  23.353  39.021 0.1000000015
141167  -46.907  24.383  38.061 0.1000000015
106969  -48.288  25.509  38.255 0.1000000015
106978  -48.501  26.022  37.358 0.1000000015
107763  -50.171  26.821  37.464 0.1000000015
106968  -47.470  24.893  38.167 0.1000000015
106984  -47.989  25.857  36.618 0.1000000015
104696  -49.224  22.211  42.719 0.1000000015
105399  -50.028  23.469  42.988 0.1000000015
105398  -49.339  23.076  42.630 0.1000000015
105408  -48.974  23.499  41.977 0.1000000015
103974  -48.381  21.541  41.684 0.1000000015
104702  -48.238  22.320  41.696 0.1000000015
106197  -49.399  24.236  41.579 0.1000000015
103184  -48.123  21.022  41.004 0.1000000015
106196  -48.681  23.905  41.249 0.1000000015
106940  -49.914  24.878  41.131 0.1000000015
105413  -48.016  23.525  40.828 0.1000000015
106207  -49.157  24.593  40.825 0.1000000015
142883  -49.379  25.427  39.758 0.1000000015
106962  -51.065  25.843  40.076 0.1000000015
106214  -48.190  24.640  39.709 0.1000000015
106959  -48.753  25.391  39.182 0.1000000015
106971  -50.186  26.174  38.932 0.1000000015
136347  -51.958  26.592  38.882 0.1000000015
105419  -47.137  23.631  39.556 0.1000000015
106213  -47.545  24.274  39.431 0.1000000015
106970  -49.316  25.920  38.705 0.1000000015
107750  -50.624  26.612  38.198 0.1000000015
105385  -54.071  23.946  46.026 0.1000000015
106931  -51.572  25.027  42.615 0.1000000015
106181  -50.752  23.867  43.384 0.1000000015
106953  -51.344  25.589  40.862 0.1000000015
107734  -51.559  26.232  39.524 0.1000000015
107762  -49.301  26.513  37.347 0.1000000015
106952  -49.644  25.214  40.391 0.1000000015
106961  -50.181  25.732  39.794 0.1000000015
103973  -47.795  21.802  41.190 0.1000000015
105406  -47.769  22.717  41.095 0.1000000015
106221  -47.850  24.864  38.938 0.1000000015
165204  -48.822  25.724  38.559 0.1000000015
107748  -48.963  26.094  38.067 0.1000000015
106977  -47.759  25.438  37.424 0.1000000015
107749  -49.751  26.394  38.119 0.1000000015
105407  -48.346  23.120  41.561 0.1000000015
106206  -48.422  24.290  40.491 0.1000000015
118111  -39.185  41.206  32.231 0.1000000015
116795  -33.485  39.770  36.707 0.1000000015
117426  -34.028  40.211  36.214 0.1000000015
117432  -35.223  40.485  35.344 0.1000000015
118098  -36.577  41.602  33.828 0.1000000015
117445  -38.137  41.102  33.182 0.1000000015
164436  -39.787  40.922  31.941 0.1000000015
156166  -44.158  56.827  22.384 0.1000000015
126333  -43.572  55.593  23.045 0.1000000015
124778  -43.573  52.403  21.361 0.1000000015
125284  -43.404  53.339  22.617 0.1000000015
126346  -44.611  57.066  21.477 0.1000000015
145550  -43.857  55.698  22.202 0.1000000015
125818  -43.597  54.460  21.977 0.1000000015
160723  -43.729  52.305  20.492 0.1000000015
124235  -43.991  51.038  21.123 0.1000000015
124234  -43.869  51.491  20.382 0.1000000015
163294  -45.123  56.988  21.066 0.1000000015
126358  -45.203  56.600  20.599 0.1000000015
125819  -44.525  55.904  21.322 0.1000000015
125304  -43.834  53.449  20.709 0.1000000015
124785  -44.110  53.030  19.866 0.1000000015
125831  -45.484  55.804  20.062 0.1000000015
125839  -45.158  54.817  19.763 0.1000000015
126370  -46.066  56.134  19.005 0.1000000015
125296  -43.512  53.337  21.699 0.1000000015
124770  -43.560  52.412  22.292 0.1000000015
125829  -43.904  54.392  21.235 0.1000000015
125830  -44.714  55.041  20.544 0.1000000015
99755  -49.696  16.256  48.450 0.1000000015
101444  -53.193  18.400  49.204 0.1000000015
101458  -53.490  18.228  48.968 0.1000000015
102328  -53.614  18.978  49.341 0.1000000015
102344  -55.560  19.508  48.788 0.1000000015
103140  -56.795  20.530  48.049 0.1000000015
103916  -55.114  21.005  49.288 0.1000000015
103918  -57.014  21.470  49.295 0.1000000015
103927  -54.402  21.840  48.873 0.1000000015
103928  -57.266  21.184  48.920 0.1000000015
103951  -56.670  21.665  47.315 0.1000000015
103957  -50.940  21.907  44.036 0.1000000015
103959  -52.805  21.420  44.721 0.1000000015
103964  -51.113  21.282  43.768 0.1000000015
103966  -48.695  21.918  42.230 0.1000000015
103980  -47.113  21.927  40.030 0.1000000015
104652  -57.319  22.361  49.310 0.1000000015
104654  -58.334  22.974  48.758 0.1000000015
104675  -58.404  23.197  48.343 0.1000000015
104682  -53.545  22.776  45.814 0.1000000015
104685  -56.785  22.598  47.287 0.1000000015
104708  -47.394  22.307  40.572 0.1000000015
104713  -46.751  22.381  39.670 0.1000000015
105350  -58.300  23.475  48.772 0.1000000015
105360  -58.390  23.473  48.500 0.1000000015
105373  -58.393  23.315  47.968 0.1000000015
105387  -50.927  22.717  44.114 0.1000000015
105394  -51.140  23.521  43.967 0.1000000015
105397  -48.740  22.655  42.224 0.1000000015
105412  -47.335  23.127  40.317 0.1000000015
106142  -58.029  23.927  49.023 0.2000000030
106152  -58.166  24.778  48.594 0.2000000030
106162  -52.427  24.494  47.603 0.2000000030
106164  -58.509  23.928  47.872 0.1000000015
106167  -54.907  23.834  46.385 0.2000000030
106172  -52.826  24.065  45.189 0.1000000015
106179  -53.048  24.643  44.782 0.1000000015
106187  -49.681  23.862  42.302 0.1000000015
106205  -47.695  23.960  40.113 0.1000000015
106227  -47.105  24.787  37.469 0.1000000015
106880  -47.640  26.023  50.594 0.1000000015
106887  -50.072  26.022  48.326 0.1000000015
106894  -57.627  25.612  48.659 0.3000000119
106897  -48.353  25.227  47.973 0.1000000015
106898  -49.023  25.356  47.851 0.1000000015
106899  -49.779  25.433  47.804 0.1000000015
106905  -56.354  24.920  46.339 0.1000000015
106906  -57.440  25.183  46.475 0.1000000015
106913  -58.056  25.807  45.850 0.4000000060
106923  -51.805  24.855  43.261 0.2000000030
106926  -54.960  26.064  44.137 0.2000000030
106930  -50.971  24.842  42.239 0.1000000015
106951  -48.908  24.965  40.077 0.1000000015
106954  -52.176  25.736  41.018 0.2000000030
106960  -49.537  25.728  39.281 0.1000000015
107028  -49.392  25.749  28.786 0.1000000015
107670  -58.465  25.999  48.052 0.3000000119
107679  -58.353  26.391  45.149 0.5000000000
107681  -59.296  27.187  44.935 0.5000000000
107693  -59.063  27.056  42.410 0.6000000238
107696  -54.871  26.231  42.687 0.2000000030
107700  -58.782  26.824  41.809 0.5000000000
107710  -57.221  26.445  41.417 0.4000000060
107711  -58.375  26.616  41.348 0.5000000000
107712  -58.819  26.843  40.960 0.6000000238
107723  -55.195  26.433  40.478 0.3000000119
107728  -59.297  26.870  39.785 0.6999999881
107733  -51.119  26.428  38.868 0.1000000015
107739  -57.762  26.393  39.492 0.5000000000
107742  -59.354  26.843  39.085 0.6999999881
107757  -58.608  26.576  38.343 0.6999999881
107758  -59.110  26.657  38.702 0.6999999881
107767  -59.042  26.798  37.987 0.6999999881
107786  -49.030  27.102  34.297 0.1000000015
108486  -54.057  28.229  49.738 0.2000000030
108489  -56.489  28.156  48.994 0.2000000030
108515  -58.684  27.705  47.118 0.5000000000
108540  -59.522  27.907  43.969 0.6000000238
108562  -59.405  27.118  39.466 0.8000000119
108580  -51.809  27.242  37.615 0.2000000030
108582  -53.721  27.515  37.602 0.3000000119
108593  -51.314  27.601  36.506 0.2000000030
108595  -54.259  27.801  36.979 0.3000000119
108599  -58.935  27.585  36.971 0.8000000119
108604  -49.600  27.382  35.361 0.1000000015
108610  -58.391  27.838  35.650 0.6000000238
108611  -58.786  27.850  36.279 0.6999999881
108629  -49.623  27.519  32.979 0.2000000030
108634  -47.234  28.229  31.008 0.2000000030
109237  -50.456  28.522  51.777 0.1000000015
109239  -51.786  29.037  51.468 0.2000000030
109245  -51.705  28.690  51.416 0.1000000015
109248  -53.886  29.419  50.484 0.2000000030
109259  -54.413  28.919  50.236 0.2000000030
109271  -49.138  28.877  49.379 0.1000000015
109272  -57.082  28.615  48.974 0.3000000119
109274  -58.148  28.366  48.157 0.3000000119
109287  -47.588  28.593  46.370 0.1000000015
109289  -48.873  28.993  46.040 0.1000000015
109298  -45.971  28.323  45.371 0.1000000015
109300  -47.842  28.631  45.088 0.1000000015
109302  -49.434  28.971  45.363 0.1000000015
109314  -48.315  28.700  44.361 0.1000000015
109317  -59.422  28.347  44.403 0.6000000238
109326  -47.224  28.825  43.571 0.1000000015
109342  -59.154  27.889  41.834 0.6000000238
109350  -58.851  28.075  40.581 0.6000000238
109359  -58.323  28.447  38.779 0.8000000119
109369  -58.590  28.320  37.910 0.8000000119
109371  -59.264  27.498  39.100 0.8000000119
109377  -59.015  27.712  37.598 0.8000000119
109378  -59.241  27.313  38.352 0.8000000119
109400  -58.374  28.289  35.257 0.6999999881
109436  -55.221  29.232  32.344 0.5000000000
109953  -51.311  28.991  51.594 0.1000000015
109956  -50.223  29.037  51.231 0.1000000015
109960  -53.471  29.620  50.491 0.2000000030
109968  -53.967  30.080  50.105 0.2000000030
109971  -56.324  30.075  49.544 0.2000000030
109978  -51.965  29.576  48.677 0.2000000030
109981  -56.899  30.248  49.146 0.3000000119
109985  -48.943  28.962  47.564 0.1000000015
110002  -56.666  30.091  46.432 0.4000000060
110009  -54.796  29.600  45.750 0.3000000119
110010  -56.958  29.739  45.470 0.4000000060
110021  -52.230  29.268  45.245 0.2000000030
110040  -50.623  29.130  43.394 0.2000000030
110047  -58.027  29.432  43.434 0.5000000000
110054  -47.338  29.533  42.605 0.2000000030
110059  -54.612  29.432  42.446 0.3000000119
110061  -56.729  29.259  42.406 0.5000000000
110070  -51.265  29.694  41.831 0.3000000119
110077  -58.396  28.711  42.114 0.6000000238
110088  -53.801  29.921  40.482 0.6000000238
110090  -55.156  29.615  40.225 0.6000000238
110092  -57.441  28.758  40.892 0.6000000238
110098  -54.843  29.949  39.677 0.8000000119
110140  -57.673  29.634  33.403 0.8999999762
110147  -53.635  29.410  31.805 0.4000000060
110148  -54.544  29.369  31.874 0.4000000060
110151  -57.310  30.040  32.503 0.8999999762
110163  -57.006  29.903  32.182 0.6999999881
110178  -53.221  29.768  28.651 0.4000000060
110180  -54.780  30.749  28.963 0.5000000000
110181  -55.194  30.892  29.244 0.5000000000
110197  -51.066  29.478  27.161 0.4000000060
110698  -54.723  30.261  49.999 0.2000000030
110699  -55.564  30.272  49.677 0.2000000030
110717  -57.842  30.124  47.221 0.4000000060
110741  -46.263  30.339  42.186 0.1000000015
110746  -47.706  30.621  41.792 0.2000000030
110751  -51.902  29.971  41.255 0.5000000000
110760  -52.315  30.986  40.165 0.6999999881
110767  -54.328  30.384  39.516 0.8000000119
110773  -54.362  30.906  38.995 0.8000000119
110774  -55.476  30.227  38.585 0.8000000119
110782  -55.514  30.881  37.932 0.8999999762
110816  -57.813  30.509  33.531 0.8999999762
110820  -42.180  31.256  31.835 0.3000000119
110831  -56.966  30.503  31.754 0.6999999881
110836  -44.272  31.437  30.305 0.3000000119
110843  -45.691  31.573  29.600 0.5000000000
110854  -47.717  31.791  28.507 0.4000000060
110856  -53.269  31.073  28.153 0.6000000238
110857  -53.792  30.872  28.365 0.5000000000
111407  -45.274  31.295  42.069 0.1000000015
111411  -50.071  31.278  40.947 0.3000000119
111420  -50.732  31.659  40.572 0.4000000060
111448  -47.003  32.043  36.212 0.6000000238
111452  -57.181  31.738  36.400 0.8999999762
111468  -58.046  31.225  34.745 0.8999999762
111477  -46.600  31.318  35.069 0.6999999881
111485  -57.933  32.291  34.364 0.8999999762
111489  -39.719  31.921  33.524 0.2000000030
111492  -43.619  31.904  33.797 0.5000000000
111496  -48.282  31.169  33.165 0.6999999881
111499  -52.623  31.497  33.308 0.8000000119
111502  -57.742  32.163  33.613 0.8999999762
111516  -53.760  31.608  31.873 0.8000000119
111518  -55.486  31.777  30.946 0.8000000119
111524  -43.610  32.034  30.780 0.3000000119
111526  -46.692  32.047  31.563 0.6000000238
111534  -56.146  31.697  30.751 0.8000000119
111535  -56.501  31.372  30.899 0.8999999762
111536  -56.937  31.156  31.479 0.8000000119
111543  -47.743  32.281  30.065 0.6999999881
111547  -54.317  31.429  29.145 0.8000000119
111549  -55.470  31.078  29.574 0.6999999881
111555  -45.696  31.987  29.620 0.5000000000
111556  -46.251  31.986  29.270 0.5000000000
111559  -48.670  32.015  28.388 0.6000000238
111560  -50.842  31.844  28.524 0.6000000238
111564  -55.138  31.042  29.206 0.5000000000
111585  -52.597  31.161  27.945 0.5000000000
112155  -45.525  32.793  41.720 0.1000000015
112160  -49.971  32.859  40.846 0.5000000000
112166  -50.594  32.373  40.578 0.5000000000
112179  -53.782  32.665  39.019 0.8000000119
112217  -44.236  32.340  35.720 0.6000000238
112260  -43.131  32.391  31.871 0.5000000000
112271  -43.397  32.244  31.268 0.5000000000
112275  -46.897  32.319  30.547 0.6000000238
112281  -44.757  32.138  30.398 0.4000000060
112883  -46.769  33.339  41.597 0.1000000015
112885  -48.942  33.944  41.539 0.2000000030
112908  -55.046  33.679  38.541 0.8999999762
112910  -56.776  34.424  37.762 0.8999999762
112914  -48.007  34.037  37.325 0.6000000238
112917  -50.629  33.540  37.233 0.6000000238
112931  -48.294  33.387  37.245 0.6000000238
113539  -43.100  34.598  42.033 0.1000000015
113540  -43.953  34.534  41.852 0.1000000015
113542  -44.833  34.397  41.672 0.1000000015
113544  -46.599  34.168  41.547 0.2000000030
113549  -52.141  35.218  41.175 0.8000000119
113553  -53.863  35.141  40.273 0.8999999762
113565  -57.150  35.808  38.956 1.0000000000
113573  -57.339  35.766  38.223 1.0000000000
113580  -48.496  34.673  37.503 0.6000000238
113584  -52.750  35.021  37.243 0.8000000119
113585  -53.656  35.229  37.016 0.8000000119
113586  -57.434  35.148  37.344 0.8999999762
113622  -56.795  34.310  34.628 0.8999999762
113623  -57.519  34.571  34.856 0.8999999762
114222  -40.538  35.123  42.550 0.2000000030
114225  -42.693  35.302  42.065 0.1000000015
114228  -48.204  35.652  41.886 0.2000000030
114234  -45.360  35.030  41.555 0.2000000030
114238  -49.913  35.409  41.898 0.4000000060
114243  -54.313  36.343  41.463 1.0000000000
114245  -52.920  35.677  41.173 0.8000000119
114257  -56.820  36.164  39.693 1.0000000000
114267  -48.172  35.435  37.403 0.6000000238
114271  -52.354  35.590  37.618 0.8000000119
114274  -56.049  36.362  36.862 0.8000000119
114288  -44.622  35.254  36.306 0.6000000238
114293  -56.690  36.066  36.322 0.8000000119
114294  -57.349  35.765  36.177 0.8999999762
114295  -57.562  35.390  36.384 0.8999999762
114300  -57.630  35.187  35.696 0.8999999762
114883  -38.600  36.232  43.379 0.1000000015
114897  -50.700  36.469  42.215 0.8000000119
114901  -54.609  37.134  42.543 1.0000000000
114902  -55.561  37.267  42.432 1.0000000000
114906  -52.246  36.268  41.999 0.8999999762
114907  -53.140  36.463  42.066 1.0000000000
114914  -55.281  36.467  41.308 1.0000000000
114915  -56.100  36.613  41.037 0.8999999762
114926  -32.155  36.641  38.637 0.1000000015
114933  -54.437  36.932  38.243 0.8000000119
114934  -55.330  37.108  38.139 0.8000000119
114935  -57.212  36.770  38.798 0.8999999762
114941  -47.831  36.103  37.126 0.6000000238
114958  -43.444  35.951  36.070 0.4000000060
115528  -54.690  37.971  43.461 1.0000000000
115529  -55.410  38.117  43.346 1.0000000000
115532  -42.054  37.906  42.549 0.2000000030
115533  -42.689  37.429  42.332 0.2000000030
115536  -45.796  37.520  41.694 0.3000000119
115537  -46.718  37.474  41.681 0.3000000119
115542  -53.295  37.455  42.862 1.0000000000
115549  -56.304  37.483  42.078 1.0000000000
115550  -56.441  37.612  41.509 1.0000000000
115558  -54.389  37.877  39.279 0.8000000119
115571  -51.853  37.311  38.742 0.6999999881
115575  -56.241  37.281  38.200 0.8000000119
115576  -56.995  37.137  38.520 0.8999999762
115583  -48.543  37.494  37.556 0.6000000238
116136  -53.383  38.463  43.414 1.0000000000
116144  -40.795  38.157  42.978 0.2000000030
116145  -41.409  38.447  42.858 0.2000000030
116146  -42.123  38.895  42.773 0.3000000119
116147  -43.068  38.939  42.526 0.3000000119
116153  -48.953  38.995  42.295 0.6000000238
116156  -55.938  38.388  42.921 1.0000000000
116159  -56.213  38.402  42.287 1.0000000000
116160  -56.495  37.966  41.805 1.0000000000
116171  -51.819  38.430  39.625 0.8000000119
116173  -53.820  38.216  39.739 0.8000000119
116174  -55.068  38.255  39.831 0.8000000119
116193  -48.053  38.078  37.104 0.6000000238
116195  -49.279  37.834  38.038 0.6000000238
116734  -55.332  40.185  44.128 1.0000000000
116739  -39.774  40.237  43.616 0.1000000015
116740  -40.438  40.182  43.670 0.1000000015
116746  -55.218  39.375  44.029 1.0000000000
116759  -47.482  39.709  42.289 0.5000000000
116769  -54.417  39.757  41.854 1.0000000000
116790  -48.578  39.644  37.627 0.6000000238
116823  -48.575  39.402  33.281 0.6000000238
116830  -41.382  39.322  32.362 0.2000000030
116853  -51.624  39.780  30.614 0.6999999881
116881  -50.208  39.434  29.444 0.4000000060
116895  -50.910  39.256  27.541 0.4000000060
117367  -38.879  40.724  43.386 0.1000000015
117368  -39.677  40.821  43.531 0.1000000015
117373  -44.804  41.607  43.899 0.3000000119
117377  -54.238  39.848  44.233 1.0000000000
117379  -55.399  40.377  43.742 1.0000000000
117387  -49.882  40.471  42.667 0.6999999881
117390  -55.128  40.971  43.531 1.0000000000
117408  -42.338  40.787  39.291 0.2000000030
117409  -43.143  40.803  39.031 0.2000000030
117413  -48.946  40.139  38.097 0.6999999881
117440  -38.243  39.971  34.050 0.2000000030
117469  -54.077  40.812  30.730 0.6999999881
117483  -53.933  40.830  30.112 0.6999999881
117502  -51.910  39.892  27.630 0.5000000000
117503  -52.663  40.396  28.122 0.5000000000
117978  -44.021  42.799  44.505 0.3000000119
117979  -44.484  42.796  44.597 0.3000000119
117981  -54.685  41.379  44.264 1.0000000000
117990  -40.360  41.224  43.513 0.1000000015
117991  -41.770  42.030  44.079 0.3000000119
117993  -43.450  42.239  44.406 0.3000000119
117997  -47.260  42.339  43.742 0.6000000238
118001  -52.303  42.040  44.151 1.0000000000
118003  -54.824  41.621  43.911 1.0000000000
118007  -37.882  41.834  42.649 0.1000000015
118008  -38.534  41.626  42.657 0.1000000015
118015  -45.733  41.791  43.739 0.4000000060
118031  -51.993  41.817  41.567 0.8999999762
118039  -40.587  41.309  40.535 0.1000000015
118040  -41.654  41.076  41.291 0.2000000030
118041  -42.540  41.001  41.093 0.2000000030
118042  -43.429  41.047  40.856 0.2000000030
118050  -40.855  41.350  39.793 0.1000000015
118051  -41.547  40.964  39.545 0.2000000030
118054  -44.454  41.248  39.533 0.2000000030
118062  -49.597  41.395  38.591 0.8999999762
118074  -43.163  41.764  37.043 0.2000000030
118091  -48.692  41.233  35.286 0.6000000238
118102  -52.031  41.658  33.288 0.8000000119
118104  -54.496  41.941  33.221 0.6999999881
118105  -54.515  41.737  32.580 0.6999999881
118124  -54.473  41.739  32.287 0.6999999881
118134  -41.228  41.363  30.361 0.2000000030
118144  -53.465  40.873  29.296 0.6999999881
118151  -43.995  41.438  27.800 0.2000000030
118155  -53.082  40.870  28.541 0.5000000000
118642  -44.422  43.000  44.621 0.3000000119
118643  -45.007  43.005  44.655 0.4000000060
118645  -47.230  43.733  44.260 0.5000000000
118646  -50.123  43.859  44.241 0.8000000119
118650  -53.885  42.601  44.235 1.0000000000
118651  -54.205  41.976  44.362 1.0000000000
118657  -41.809  42.136  43.889 0.3000000119
118658  -42.328  42.357  43.980 0.3000000119
118661  -45.849  43.123  44.531 0.5000000000
118664  -49.727  42.702  43.761 0.8000000119
118666  -51.384  42.571  44.047 1.0000000000
118673  -42.993  42.699  43.801 0.3000000119
118674  -44.167  42.871  43.139 0.4000000060
118679  -54.406  42.259  43.777 1.0000000000
118693  -39.727  42.314  40.440 0.1000000015
118694  -40.292  41.832  40.103 0.1000000015
118696  -46.742  42.558  40.308 0.4000000060
118697  -47.369  43.044  40.420 0.5000000000
118698  -50.812  42.304  40.221 0.8999999762
118713  -40.269  42.779  37.848 0.2000000030
118717  -46.614  42.541  38.576 0.4000000060
118722  -41.583  41.848  37.469 0.2000000030
118723  -42.260  41.837  37.072 0.2000000030
118724  -43.979  41.804  37.134 0.2000000030
118725  -44.762  42.012  37.269 0.3000000119
118726  -45.494  42.344  37.425 0.4000000060
118732  -43.630  42.281  36.570 0.2000000030
118740  -42.496  42.820  35.972 0.2000000030
118743  -49.935  42.356  35.257 0.6999999881
118765  -54.648  42.210  33.200 0.6999999881
118777  -54.643  42.025  32.641 0.6999999881
118790  -54.330  41.659  31.813 0.6999999881
118823  -52.835  42.887  28.552 0.5000000000
118830  -47.364  42.274  27.653 0.3000000119
119281  -50.841  44.015  44.378 0.8000000119
119283  -52.575  43.639  44.280 1.0000000000
119289  -45.181  43.514  44.119 0.4000000060
119290  -45.931  43.740  44.036 0.5000000000
119292  -48.276  43.831  44.231 0.6000000238
119293  -49.275  44.137  44.042 0.8000000119
119294  -52.991  43.988  44.015 1.0000000000
119300  -44.508  43.349  43.876 0.4000000060
119301  -45.487  43.506  43.410 0.4000000060
119303  -47.263  44.144  43.272 0.5000000000
119305  -53.078  43.994  42.496 1.0000000000
119312  -47.587  43.812  42.075 0.6000000238
119317  -39.726  43.377  40.022 0.1000000015
119325  -47.925  43.414  40.046 0.5000000000
119328  -52.299  44.556  40.116 1.0000000000
119332  -39.043  43.836  37.884 0.1000000015
119334  -47.478  43.214  38.614 0.5000000000
119335  -48.303  43.895  38.709 0.5000000000
119342  -39.994  43.102  37.176 0.2000000030
119345  -48.345  44.225  37.985 0.5000000000
119351  -38.995  43.916  37.207 0.2000000030
119353  -40.167  43.255  36.582 0.2000000030
119354  -40.840  42.993  36.288 0.2000000030
119355  -41.668  42.876  36.055 0.2000000030
119357  -47.179  43.756  37.115 0.5000000000
119368  -43.794  43.367  35.526 0.3000000119
119369  -45.141  44.031  35.351 0.4000000060
119385  -53.684  43.629  33.140 0.8000000119
119420  -52.014  43.207  30.885 0.6999999881
119431  -52.864  43.432  29.147 0.6999999881
119444  -52.651  43.394  28.581 0.5000000000
119452  -46.708  43.000  27.503 0.2000000030
119927  -50.398  44.266  44.081 0.8000000119
119928  -51.306  44.362  44.151 1.0000000000
119933  -47.976  44.302  43.556 0.6999999881
119937  -51.946  44.810  43.623 0.8999999762
119938  -52.841  44.422  43.429 1.0000000000
119939  -53.212  44.065  43.001 1.0000000000
119943  -36.967  44.954  42.234 0.1000000015
119944  -48.630  44.493  42.775 0.6999999881
119945  -49.500  44.783  42.865 0.8000000119
119951  -38.634  44.251  40.775 0.1000000015
119959  -49.135  44.505  39.999 0.6999999881
119961  -52.537  45.089  40.513 1.0000000000
119964  -39.985  44.409  39.145 0.1000000015
119965  -39.916  43.566  38.809 0.1000000015
119972  -39.133  44.004  38.353 0.1000000015
119973  -48.991  44.648  38.424 0.6000000238
119974  -52.142  44.531  38.305 1.0000000000
119978  -37.750  44.697  37.721 0.1000000015
119989  -38.507  44.464  36.687 0.2000000030
119990  -39.218  44.104  36.461 0.2000000030
119994  -53.126  44.970  35.866 1.0000000000
119998  -38.865  44.732  35.928 0.2000000030
120000  -40.628  44.367  35.263 0.2000000030
120007  -47.115  44.868  36.022 0.6000000238
120013  -41.234  45.083  34.755 0.2000000030
120014  -42.188  44.923  34.672 0.3000000119
120016  -43.931  44.666  34.757 0.4000000060
120018  -54.066  44.064  34.374 0.8000000119
120022  -53.981  44.010  33.910 0.8000000119
120028  -50.499  44.520  32.219 0.8000000119
120030  -50.404  44.728  31.631 0.6999999881
120034  -51.317  43.948  31.038 0.6000000238
120044  -52.899  44.481  28.889 0.4000000060
120057  -52.469  44.546  28.589 0.3000000119
120535  -36.963  45.896  43.493 0.1000000015
120538  -50.012  45.088  42.048 0.8000000119
120539  -51.625  45.283  42.840 1.0000000000
120540  -52.437  45.126  42.255 1.0000000000
120543  -38.468  44.999  41.004 0.1000000015
120552  -40.923  45.434  39.417 0.1000000015
120553  -50.430  45.429  41.183 0.8999999762
120555  -51.874  45.745  40.913 1.0000000000
120556  -52.395  45.440  40.736 1.0000000000
120560  -38.451  45.486  39.085 0.1000000015
120564  -50.884  46.322  39.795 0.8999999762
120569  -36.708  45.657  38.589 0.1000000015
120573  -49.765  45.504  38.601 0.6999999881
120575  -52.421  45.625  39.160 1.0000000000
120578  -36.438  45.449  37.749 0.1000000015
120580  -49.022  45.537  37.263 0.5000000000
120593  -37.303  45.412  36.263 0.2000000030
120594  -38.534  45.451  35.492 0.2000000030
120599  -53.439  45.084  35.214 0.8999999762
120601  -38.974  45.998  34.944 0.2000000030
120602  -40.274  45.342  34.911 0.2000000030
120604  -42.779  45.633  34.519 0.4000000060
120605  -43.564  46.024  34.461 0.4000000060
120608  -45.749  46.069  34.835 0.4000000060
120622  -49.617  45.621  31.610 0.6999999881
120627  -50.859  45.510  30.601 0.6999999881
120628  -51.555  44.783  30.463 0.6000000238
120647  -47.450  45.833  27.823 0.1000000015
120659  -45.283  45.559  26.651 0.1000000015
121131  -38.197  46.887  43.611 0.1000000015
121133  -37.908  46.201  42.196 0.1000000015
121146  -32.599  46.887  39.104 0.2000000030
121151  -37.859  46.479  39.424 0.1000000015
121154  -41.023  45.929  39.397 0.1000000015
121155  -51.338  46.504  39.504 1.0000000000
121156  -51.850  46.302  39.638 1.0000000000
121157  -52.240  46.023  39.709 1.0000000000
121160  -32.757  46.615  38.179 0.2000000030
121164  -50.325  46.374  38.375 0.6999999881
121169  -32.748  46.664  37.311 0.2000000030
121172  -34.909  46.054  37.211 0.2000000030
121173  -49.395  46.332  37.132 0.6000000238
121175  -50.949  47.465  38.069 0.8999999762
121176  -52.400  46.648  36.737 1.0000000000
121178  -32.588  46.963  36.664 0.2000000030
121181  -35.090  46.226  36.280 0.2000000030
121183  -48.276  46.135  36.206 0.5000000000
121184  -48.955  46.759  36.515 0.5000000000
121189  -32.952  46.882  36.045 0.2000000030
121191  -34.485  46.516  35.615 0.2000000030
121194  -37.317  46.109  35.393 0.2000000030
121195  -38.174  46.065  35.095 0.2000000030
121202  -33.908  46.900  35.007 0.2000000030
121206  -37.828  46.565  34.670 0.2000000030
121211  -44.320  46.327  34.451 0.4000000060
121214  -50.547  46.406  34.561 0.6999999881
121219  -39.013  47.121  34.025 0.3000000119
121220  -48.438  46.821  33.234 0.6999999881
121222  -50.176  45.690  33.919 0.6999999881
121226  -49.126  45.889  32.258 0.6999999881
121231  -48.776  46.986  30.922 0.6999999881
121234  -51.677  46.360  30.074 0.6000000238
121239  -53.251  46.100  28.960 0.4000000060
121247  -50.324  46.390  28.210 0.3000000119
121261  -51.939  47.171  27.905 0.3000000119
121266  -46.448  46.877  26.648 0.1000000015
121292  -49.750  46.256  22.557 0.1000000015
121716  -41.417  47.864  41.584 0.1000000015
121719  -33.524  47.681  41.262 0.1000000015
121724  -41.875  47.467  40.502 0.1000000015
121729  -33.963  47.211  40.453 0.1000000015
121733  -37.752  48.164  40.092 0.1000000015
121734  -41.563  46.738  40.059 0.1000000015
121739  -31.878  47.816  39.634 0.2000000030
121741  -33.168  46.942  39.778 0.1000000015
121746  -40.103  47.068  39.174 0.1000000015
121749  -42.333  48.436  39.751 0.1000000015
121758  -50.613  47.926  37.292 0.8000000119
121759  -51.025  48.078  37.338 1.0000000000
121760  -51.403  47.786  37.317 1.0000000000
121761  -51.989  47.319  37.141 1.0000000000
121763  -31.900  47.740  37.378 0.2000000030
121764  -32.193  47.590  36.749 0.2000000030
121765  -49.199  47.930  36.443 0.6000000238
121772  -33.230  47.203  35.381 0.2000000030
121776  -51.306  48.600  35.761 0.8999999762
121779  -32.972  47.848  35.016 0.2000000030
121784  -38.206  47.002  34.124 0.2000000030
121785  -39.862  47.217  33.960 0.3000000119
121790  -43.985  48.049  34.203 0.4000000060
121792  -45.718  47.896  34.638 0.4000000060
121796  -51.714  47.638  35.653 0.8999999762
121798  -33.805  48.009  33.896 0.2000000030
121806  -42.074  47.852  33.856 0.4000000060
121807  -42.847  48.251  33.778 0.4000000060
121809  -48.350  47.802  33.676 0.6999999881
121813  -36.746  47.792  32.680 0.3000000119
121816  -39.753  47.831  32.731 0.4000000060
121817  -40.651  48.049  32.759 0.4000000060
121821  -47.349  47.857  31.447 0.6999999881
121825  -48.157  47.568  30.686 0.6999999881
121833  -51.259  48.246  29.801 0.6999999881
121835  -53.137  47.567  29.324 0.6000000238
121846  -49.721  47.584  27.286 0.2000000030
121856  -49.769  48.069  26.639 0.2000000030
121860  -45.805  47.446  25.023 0.1000000015
121861  -46.514  47.528  25.279 0.1000000015
121871  -49.897  48.135  24.424 0.2000000030
121881  -52.211  48.672  22.840 0.2000000030
121894  -50.768  47.284  23.138 0.1000000015
122326  -33.189  48.239  41.842 0.1000000015
122332  -42.312  48.115  41.063 0.1000000015
122341  -42.790  48.641  39.947 0.1000000015
122345  -31.595  48.431  39.232 0.2000000030
122348  -41.610  48.337  39.514 0.1000000015
122351  -31.665  48.260  37.643 0.2000000030
122355  -32.201  48.259  36.209 0.2000000030
122356  -49.622  50.287  36.289 0.6000000238
122363  -47.717  50.678  35.563 0.4000000060
122366  -50.850  49.524  35.862 0.8000000119
122368  -33.026  48.554  34.730 0.2000000030
122371  -44.699  49.135  34.230 0.4000000060
122373  -46.143  49.227  34.900 0.4000000060
122379  -35.067  48.190  32.868 0.3000000119
122380  -42.109  48.311  33.355 0.4000000060
122384  -47.870  49.088  33.777 0.6999999881
122387  -35.598  48.671  32.255 0.3000000119
122388  -36.394  48.335  32.140 0.3000000119
122391  -39.333  47.878  32.018 0.4000000060
122397  -45.007  49.314  32.102 0.6000000238
122403  -37.606  48.527  31.456 0.4000000060
122408  -42.088  48.315  30.910 0.4000000060
122420  -39.808  48.643  30.434 0.3000000119
122425  -43.951  48.586  30.118 0.5000000000
122426  -45.397  48.646  30.313 0.6999999881
122431  -50.373  48.238  29.841 0.6999999881
122440  -41.919  48.746  29.465 0.5000000000
122445  -47.398  48.476  29.636 0.6999999881
122447  -52.080  48.642  29.674 0.6000000238
122449  -53.221  48.218  29.123 0.4000000060
122453  -44.011  49.020  28.673 0.6000000238
122454  -44.843  48.907  28.735 0.6999999881
122455  -45.546  48.806  28.818 0.6999999881
122456  -46.833  48.658  29.099 0.6999999881
122467  -52.273  49.303  26.951 0.4000000060
122471  -50.529  48.749  25.790 0.2000000030
122481  -52.159  48.848  23.403 0.2000000030
122519  -47.610  48.834  19.904 0.1000000015
122544  -47.404  48.551  18.467 0.1000000015
122875  -36.814  49.715  45.119 0.1000000015
122924  -33.316  49.524  42.669 0.1000000015
122925  -33.925  48.996  42.997 0.1000000015
122939  -32.442  49.395  41.543 0.1000000015
122945  -44.600  49.912  40.929 0.1000000015
122948  -31.844  49.227  40.268 0.2000000030
122954  -42.660  49.260  39.874 0.1000000015
122956  -44.601  50.610  40.788 0.1000000015
122958  -31.666  49.218  39.571 0.2000000030
122965  -31.602  49.004  37.902 0.2000000030
122970  -49.329  50.869  35.993 0.6000000238
122971  -50.093  50.429  36.108 0.6000000238
122973  -32.362  49.114  35.831 0.2000000030
122975  -47.102  51.014  35.107 0.4000000060
122976  -48.505  51.011  35.645 0.4000000060
122978  -50.377  50.183  35.933 0.6999999881
122981  -33.142  49.311  34.610 0.2000000030
122984  -47.547  51.183  34.887 0.6000000238
122985  -48.168  51.073  34.722 0.6000000238
122989  -44.254  49.336  33.308 0.4000000060
122991  -45.643  50.418  33.718 0.6000000238
122994  -34.567  49.373  32.781 0.3000000119
123001  -36.578  49.436  31.358 0.3000000119
123002  -37.252  49.074  31.199 0.3000000119
123003  -45.674  49.187  31.737 0.6999999881
123020  -40.675  49.604  29.153 0.5000000000
123021  -42.323  49.051  28.908 0.5000000000
123025  -52.607  49.241  29.368 0.6000000238
123043  -43.057  49.677  28.060 0.5000000000
123044  -44.315  49.823  27.555 0.6999999881
123045  -45.170  49.651  27.556 0.6999999881
123048  -48.147  49.880  27.731 0.6999999881
123064  -52.459  49.680  23.311 0.3000000119
123077  -51.601  49.825  22.307 0.3000000119
123095  -49.338  49.522  21.116 0.1000000015
123112  -46.781  48.919  19.909 0.1000000015
123113  -48.109  49.141  20.518 0.1000000015
123459  -34.960  49.790  44.151 0.1000000015
123481  -46.095  51.053  42.078 0.1000000015
123492  -33.226  50.410  42.673 0.1000000015
123517  -43.424  49.915  40.268 0.1000000015
123518  -44.085  50.550  40.593 0.1000000015
123532  -32.849  50.819  36.321 0.2000000030
123533  -48.993  51.124  35.560 0.6000000238
123540  -33.965  50.658  34.336 0.2000000030
123541  -46.115  50.682  34.185 0.6000000238
123543  -48.377  51.202  35.227 0.6000000238
123545  -34.153  50.316  33.564 0.2000000030
123546  -46.299  50.699  33.798 0.6000000238
123548  -34.825  50.103  32.494 0.3000000119
123551  -36.019  50.106  31.467 0.3000000119
123552  -36.678  50.281  31.084 0.3000000119
123562  -37.753  50.486  30.418 0.4000000060
123563  -38.426  50.499  29.978 0.4000000060
123567  -39.120  50.599  29.561 0.4000000060
123568  -39.771  50.845  29.176 0.5000000000
123571  -52.270  50.996  29.273 0.5000000000
123575  -41.376  50.725  28.231 0.5000000000
123579  -51.878  51.402  29.289 0.5000000000
123583  -41.934  50.713  27.870 0.5000000000
123587  -46.671  50.145  27.128 0.6999999881
123588  -47.573  50.349  27.192 0.6999999881
123589  -48.457  50.644  27.311 0.6999999881
123595  -43.706  51.330  27.000 0.6000000238
123596  -44.589  50.819  26.835 0.6000000238
123597  -45.377  50.751  26.772 0.6999999881
123638  -44.931  50.695  22.220 0.2000000030
123644  -52.160  50.127  22.728 0.3000000119
123652  -44.588  50.514  21.441 0.2000000030
123658  -50.959  49.561  21.799 0.3000000119
123682  -44.441  50.463  19.674 0.1000000015
124008  -35.367  51.337  44.475 0.1000000015
124021  -34.952  51.729  44.046 0.1000000015
124031  -32.749  50.871  42.061 0.1000000015
124047  -33.010  51.703  41.797 0.1000000015
124051  -44.560  50.921  40.809 0.1000000015
124085  -33.821  50.989  35.154 0.2000000030
124105  -34.657  50.712  33.045 0.2000000030
124116  -35.760  50.716  31.772 0.3000000119
124129  -36.829  51.014  31.005 0.3000000119
124130  -37.420  51.178  30.643 0.4000000060
124135  -38.654  51.241  29.776 0.4000000060
124142  -41.043  51.344  28.346 0.5000000000
124144  -52.136  51.784  29.154 0.5000000000
124145  -52.486  51.186  28.987 0.4000000060
124148  -41.658  51.307  27.941 0.5000000000
124149  -42.427  51.240  27.563 0.6000000238
124150  -43.339  50.798  27.283 0.6999999881
124151  -48.825  51.529  27.066 0.6999999881
124152  -49.782  51.663  27.695 0.6999999881
124154  -52.549  51.284  28.199 0.3000000119
124166  -52.101  52.461  25.686 0.3000000119
124192  -48.021  51.602  23.358 0.3000000119
124205  -43.892  51.838  22.680 0.2000000030
124208  -46.459  50.946  22.925 0.2000000030
124212  -51.416  51.788  23.348 0.3000000119
124222  -43.771  51.665  21.806 0.2000000030
124574  -35.179  52.576  43.763 0.1000000015
124583  -34.848  53.025  43.006 0.1000000015
124596  -33.388  52.462  41.372 0.1000000015
124631  -32.740  51.831  37.182 0.1000000015
124640  -34.481  52.582  35.655 0.2000000030
124649  -34.898  52.105  35.058 0.2000000030
124651  -36.338  52.781  34.898 0.2000000030
124659  -36.417  52.389  33.518 0.2000000030
124660  -37.252  52.879  34.044 0.2000000030
124668  -36.515  52.168  32.486 0.3000000119
124685  -38.575  52.401  30.380 0.3000000119
124686  -39.253  52.562  29.893 0.3000000119
124691  -39.971  52.772  29.475 0.3000000119
124693  -40.088  52.024  28.952 0.4000000060
124694  -40.708  52.002  28.537 0.5000000000
124705  -44.093  52.748  27.066 0.6000000238
124714  -43.826  51.962  26.935 0.6000000238
124719  -48.038  52.585  26.793 0.6999999881
124720  -51.849  53.281  26.693 0.3000000119
124753  -43.955  52.305  23.385 0.2000000030
124761  -51.564  52.398  24.028 0.4000000060
125085  -38.161  53.936  46.137 0.1000000015
125095  -36.892  52.861  45.234 0.1000000015
125098  -36.561  53.246  44.596 0.1000000015
125105  -36.229  53.635  43.801 0.1000000015
125114  -35.965  53.982  43.016 0.1000000015
125128  -34.970  54.051  41.532 0.1000000015
125136  -33.506  53.582  40.267 0.1000000015
125149  -32.807  53.803  38.422 0.1000000015
125169  -35.128  53.469  35.526 0.2000000030
125170  -36.626  53.359  35.240 0.2000000030
125172  -39.166  53.971  35.277 0.2000000030
125177  -37.755  53.362  34.738 0.2000000030
125179  -39.410  53.869  34.839 0.2000000030
125186  -39.209  53.835  34.041 0.2000000030
125195  -38.979  53.820  32.827 0.3000000119
125199  -40.054  54.174  31.402 0.3000000119
125202  -39.096  52.989  30.474 0.3000000119
125212  -42.336  53.585  28.303 0.4000000060
125213  -43.054  53.924  28.028 0.4000000060
125214  -51.543  53.377  28.206 0.5000000000
125218  -44.409  53.588  27.305 0.4000000060
125228  -44.932  52.951  26.838 0.6000000238
125229  -45.811  53.053  26.738 0.6999999881
125232  -48.520  53.264  27.135 0.6999999881
125243  -47.085  54.091  25.128 0.3000000119
125305  -44.456  53.969  20.045 0.1000000015
125612  -37.786  54.282  47.308 0.1000000015
125633  -38.343  54.459  45.505 0.1000000015
125654  -36.200  54.974  41.816 0.1000000015
125669  -34.178  54.683  40.359 0.1000000015
125682  -33.338  54.714  39.395 0.1000000015
125708  -33.962  54.539  36.105 0.2000000030
125709  -40.724  55.732  36.713 0.1000000015
125710  -40.917  55.329  36.616 0.1000000015
125711  -41.443  55.003  36.431 0.1000000015
125718  -37.956  54.223  35.533 0.2000000030
125719  -38.841  54.402  35.630 0.2000000030
125722  -42.289  55.189  36.321 0.1000000015
125727  -42.475  54.982  35.599 0.1000000015
125744  -40.657  54.467  31.030 0.3000000119
125745  -41.293  54.735  30.606 0.4000000060
125746  -41.971  55.063  30.216 0.4000000060
125755  -44.128  55.013  28.014 0.4000000060
125760  -47.698  54.775  27.354 0.6999999881
125761  -48.689  54.965  27.523 0.6000000238
125762  -49.667  55.182  27.641 0.6000000238
125767  -51.107  54.737  27.290 0.5000000000
125777  -47.720  54.796  25.366 0.3000000119
125781  -51.095  54.711  25.915 0.3000000119
125840  -45.757  55.650  19.397 0.1000000015
126139  -38.121  55.921  46.790 0.1000000015
126164  -39.226  55.253  44.474 0.1000000015
126174  -38.596  55.599  42.926 0.1000000015
126187  -35.089  55.475  40.794 0.1000000015
126195  -33.922  55.894  39.676 0.1000000015
126202  -33.248  55.689  37.792 0.1000000015
126205  -33.425  55.583  36.965 0.2000000030
126206  -33.879  55.355  36.415 0.2000000030
126208  -38.695  55.829  36.175 0.2000000030
126212  -44.281  56.562  36.509 0.1000000015
126220  -42.063  55.654  36.875 0.1000000015
126222  -43.785  55.913  36.487 0.1000000015
126223  -44.555  56.266  36.279 0.1000000015
126230  -42.131  54.868  34.545 0.2000000030
126236  -41.982  55.147  33.225 0.3000000119
126237  -42.709  55.481  32.793 0.3000000119
126238  -43.429  55.888  32.454 0.2000000030
126255  -36.750  55.903  27.650 0.1000000015
126260  -45.265  56.024  28.204 0.4000000060
126266  -45.649  55.515  27.731 0.6000000238
126267  -46.409  55.456  27.578 0.4000000060
126268  -47.353  55.514  27.517 0.6000000238
126269  -49.349  55.942  27.568 0.4000000060
126277  -50.719  55.941  27.014 0.4000000060
126295  -50.609  56.010  26.425 0.4000000060
126359  -45.556  56.359  19.769 0.1000000015
126714  -41.063  56.817  43.866 0.1000000015
126718  -39.912  56.404  43.052 0.1000000015
126721  -37.597  56.431  42.229 0.1000000015
126738  -33.861  56.021  36.702 0.2000000030
126741  -36.732  57.016  36.242 0.2000000030
126744  -40.288  56.167  36.516 0.1000000015
126746  -42.322  56.108  36.980 0.1000000015
126747  -44.812  56.742  36.382 0.1000000015
126750  -35.509  56.117  35.994 0.2000000030
126751  -36.425  56.298  35.947 0.2000000030
126753  -41.095  56.440  36.420 0.1000000015
126754  -42.038  56.347  36.724 0.1000000015
126756  -44.049  56.830  36.611 0.1000000015
126757  -45.176  56.716  36.092 0.1000000015
126758  -45.480  57.305  35.648 0.1000000015
126760  -39.277  56.855  34.347 0.1000000015
126761  -40.949  56.566  35.156 0.1000000015
126764  -45.432  56.809  35.329 0.1000000015
126766  -37.002  56.972  33.025 0.1000000015
126768  -38.789  56.669  33.407 0.1000000015
126780  -37.520  56.659  32.357 0.1000000015
126782  -39.244  56.654  32.621 0.1000000015
126787  -45.976  57.642  34.221 0.2000000030
126790  -35.381  56.831  31.121 0.1000000015
126793  -38.041  56.640  31.669 0.1000000015
126794  -39.289  57.014  31.579 0.1000000015
126810  -39.938  57.125  29.113 0.1000000015
126817  -36.809  55.939  28.393 0.1000000015
126819  -39.365  56.339  27.988 0.1000000015
126830  -40.016  56.504  27.505 0.1000000015
126841  -41.194  57.023  25.856 0.1000000015
126846  -49.842  56.840  26.673 0.3000000119
126858  -41.496  57.332  25.108 0.1000000015
126865  -49.656  56.593  26.004 0.2000000030
126866  -50.169  56.441  26.318 0.2000000030
126905  -44.064  57.574  22.258 0.1000000015
126917  -45.033  57.161  20.944 0.1000000015
127269  -40.081  57.952  46.235 0.1000000015
127270  -40.892  57.949  45.633 0.1000000015
127277  -41.291  57.639  44.873 0.1000000015
127281  -40.662  56.865  43.258 0.1000000015
127282  -41.195  57.606  43.524 0.1000000015
127286  -39.563  57.790  42.865 0.1000000015
127301  -34.188  57.698  38.139 0.1000000015
127303  -34.423  57.556  37.327 0.2000000030
127307  -35.745  57.479  36.493 0.2000000030
127311  -39.614  57.467  36.011 0.1000000015
127316  -45.095  57.082  36.264 0.1000000015
127320  -37.065  57.838  34.099 0.1000000015
127324  -45.752  57.957  35.021 0.2000000030
127326  -34.387  57.788  32.522 0.1000000015
127339  -35.883  57.086  32.783 0.1000000015
127340  -40.684  57.254  31.716 0.1000000015
127341  -41.445  57.323  31.992 0.1000000015
127343  -43.728  58.105  33.143 0.1000000015
127344  -45.369  57.204  33.154 0.2000000030
127350  -39.886  57.354  31.178 0.1000000015
127352  -41.782  57.978  31.391 0.1000000015
127353  -45.705  57.778  32.536 0.2000000030
127354  -45.935  58.338  32.105 0.2000000030
127357  -34.528  57.714  30.764 0.1000000015
127364  -34.719  57.657  29.908 0.1000000015
127366  -40.042  57.545  30.461 0.1000000015
127368  -41.118  58.023  29.409 0.1000000015
127370  -45.549  57.769  29.621 0.3000000119
127378  -47.017  58.228  28.534 0.5000000000
127387  -48.919  57.624  27.739 0.4000000060
127388  -49.587  57.527  26.977 0.3000000119
127395  -45.692  57.807  26.364 0.3000000119
127413  -42.639  58.609  24.758 0.1000000015
127414  -43.918  58.604  24.434 0.2000000030
127736  -39.742  58.917  47.558 0.1000000015
127742  -40.164  58.743  46.737 0.1000000015
127760  -41.174  58.459  43.283 0.1000000015
127763  -37.227  58.973  42.130 0.1000000015
127774  -36.039  58.687  41.296 0.1000000015
127798  -35.051  58.995  38.160 0.1000000015
127807  -35.396  58.723  37.386 0.1000000015
127808  -36.278  59.092  37.134 0.1000000015
127815  -36.957  58.715  36.732 0.1000000015
127816  -38.081  58.953  36.594 0.1000000015
127831  -37.255  58.511  34.403 0.1000000015
127846  -46.272  58.805  33.654 0.2000000030
127852  -41.988  58.450  30.803 0.1000000015
127856  -46.340  59.698  32.261 0.2000000030
127876  -48.498  58.828  27.908 0.4000000060
127879  -41.862  58.144  27.855 0.1000000015
127881  -43.375  59.420  26.635 0.1000000015
127883  -49.240  58.221  27.135 0.4000000060
127891  -48.596  58.943  27.009 0.4000000060
127910  -44.784  58.472  25.869 0.3000000119
127932  -43.443  58.533  23.604 0.1000000015
128200  -39.901  59.255  46.969 0.1000000015
128237  -38.494  59.493  42.570 0.1000000015
128250  -36.343  59.587  41.165 0.1000000015
128269  -35.528  59.568  39.674 0.1000000015
128325  -46.138  59.786  32.876 0.2000000030
128333  -45.278  60.518  31.799 0.1000000015
128337  -43.108  59.245  30.194 0.1000000015
128340  -46.510  60.413  30.564 0.2000000030
128346  -46.975  60.414  29.620 0.2000000030
128347  -47.326  60.533  28.919 0.2000000030
128351  -43.743  59.806  28.244 0.1000000015
128358  -44.799  60.556  27.125 0.1000000015
128360  -47.824  59.952  27.774 0.4000000060
128744  -36.585  60.717  40.367 0.1000000015
128759  -36.507  60.723  38.784 0.1000000015
128769  -37.985  60.765  37.462 0.1000000015
128778  -39.489  60.815  36.295 0.1000000015
128788  -37.859  60.800  35.154 0.1000000015
128791  -39.454  60.662  35.791 0.1000000015
128802  -36.459  60.019  34.725 0.1000000015
128803  -38.412  60.191  34.964 0.1000000015
128820  -46.016  60.248  32.375 0.2000000030
128827  -46.063  60.574  31.664 0.1000000015
128839  -45.539  60.949  30.265 0.1000000015
128845  -44.924  60.776  28.070 0.1000000015
128846  -45.692  61.237  28.410 0.2000000030
128852  -46.119  61.187  27.812 0.3000000119
128853  -46.909  61.144  28.039 0.3000000119
128854  -47.442  60.586  28.237 0.2000000030
128865  -45.562  60.693  27.154 0.2000000030
129209  -37.569  61.490  41.307 0.1000000015
129220  -37.388  61.762  40.419 0.1000000015
129228  -37.405  61.802  39.544 0.1000000015
129235  -38.450  61.960  38.276 0.1000000015
129250  -39.902  61.387  36.055 0.1000000015
129251  -40.275  61.976  36.313 0.1000000015
129266  -38.342  61.427  35.381 0.1000000015
129269  -40.155  61.985  35.882 0.1000000015
129279  -34.773  61.240  34.584 0.1000000015
129310  -46.603  60.985  30.149 0.2000000030
129314  -46.622  61.217  29.586 0.2000000030
129701  -39.381  63.263  38.908 0.1000000015
129716  -40.139  62.496  37.417 0.1000000015
129730  -38.364  62.715  35.835 0.1000000015
129732  -40.312  62.606  35.897 0.1000000015
130157  -39.673  63.966  40.120 0.1000000015
130184  -40.393  63.554  38.278 0.1000000015
130196  -41.058  63.396  36.582 0.1000000015
130209  -39.001  63.361  36.079 0.1000000015
130211  -40.827  63.056  36.138 0.1000000015
130623  -41.116  64.756  38.830 0.1000000015
131026  -41.561  65.698  37.857 0.1000000015
131462  -41.069  66.369  37.694 0.1000000015
136372  -48.486  29.156  42.970 0.2000000030
136454  -50.027  28.901  43.817 0.1000000015
136479  -39.918  56.182  26.632 0.1000000015
136621  -52.850  28.530  34.903 0.2000000030
136639  -46.667  60.785  30.150 0.2000000030
136666  -37.972  56.550  29.827 0.1000000015
136914  -52.957  25.431  43.321 0.2000000030
136920  -53.466  31.449  28.694 0.6000000238
136950  -57.852  26.457  41.012 0.4000000060
136953  -57.618  26.432  42.537 0.4000000060
137151  -35.993  52.378  34.302 0.2000000030
137270  -52.371  29.447  46.109 0.1000000015
137271  -51.670  29.546  47.735 0.1000000015
137331  -53.750  31.174  28.488 0.5000000000
137389  -37.520  61.141  38.062 0.1000000015
137421  -43.661  43.047  43.877 0.3000000119
137506  -39.149  53.703  31.791 0.2000000030
137707  -45.354  59.490  33.177 0.1000000015
137743  -37.447  54.936  35.641 0.2000000030
138099  -41.261  58.076  30.833 0.1000000015
138253  -55.506  29.513  44.140 0.4000000060
138538  -50.038  23.942  47.029 0.1000000015
138566  -43.929  41.088  38.817 0.2000000030
139211  -46.974  28.460  47.069 0.1000000015
139509  -46.904  31.940  41.588 0.1000000015
139590  -55.176  29.848  46.440 0.3000000119
139921  -44.838  43.080  43.001 0.4000000060
140222  -55.657  35.138  39.351 0.8999999762
140474  -54.047  31.574  31.041 0.8000000119
140613  -51.909  31.374  33.610 0.8000000119
140697  -58.673  28.596  36.241 0.8999999762
140737  -42.709  48.738  29.402 0.5000000000
141124  -35.715  57.619  33.450 0.1000000015
141259  -44.741  48.612  30.201 0.6999999881
141325  -42.770  48.425  30.717 0.4000000060
141365  -47.646  59.436  26.891 0.4000000060
141708  -50.652  31.092  33.864 0.8000000119
141809  -41.140  41.538  43.800 0.1000000015
141834  -41.116  57.666  31.357 0.1000000015
141858  -52.272  28.836  33.550 0.2000000030
142121  -37.961  55.833  42.454 0.1000000015
142239  -35.838  54.179  42.480 0.1000000015
142262  -39.813  42.877  39.889 0.1000000015
142489  -52.585  47.974  29.617 0.6000000238
142830  -44.969  34.516  36.504 0.6000000238
143044  -52.414  33.886  40.207 0.6999999881
143278  -51.896  47.867  22.001 0.1000000015
143384  -53.785  22.005  45.686 0.1000000015
143473  -34.522  46.161  38.074 0.2000000030
143523  -53.201  26.589  39.377 0.2000000030
143545  -46.191  59.232  33.367 0.2000000030
143676  -43.988  59.839  26.159 0.1000000015
143779  -45.148  40.195  27.509 0.2000000030
143837  -52.807  45.931  35.453 0.8999999762
143847  -46.456  43.732  27.591 0.1000000015
143987  -46.210  61.076  30.509 0.2000000030
144039  -46.551  43.145  37.199 0.5000000000
144072  -45.858  48.577  30.001 0.6999999881
144119  -45.467  43.181  36.181 0.4000000060
144206  -44.801  31.597  34.120 0.5000000000
144344  -54.247  29.480  41.779 0.4000000060
144345  -53.289  29.439  42.771 0.4000000060
144427  -44.868  57.829  35.461 0.1000000015
144713  -39.168  59.097  35.857 0.1000000015
144813  -44.421  56.873  29.909 0.3000000119
144920  -42.722  56.719  35.829 0.1000000015
144952  -47.617  28.596  47.092 0.1000000015
145066  -48.884  26.465  32.118 0.1000000015
145096  -50.236  28.001  33.857 0.2000000030
145108  -51.266  45.710  41.336 1.0000000000
145263  -43.124  33.213  42.230 0.1000000015
145340  -53.979  29.395  42.740 0.3000000119
145598  -53.655  44.683  34.749 0.8999999762
145893  -36.997  63.941  36.740 0.1000000015
145988  -48.176  33.301  41.508 0.1000000015
146071  -44.259  36.758  41.814 0.2000000030
146241  -34.608  47.757  33.542 0.2000000030
146577  -43.745  56.861  23.804 0.2000000030
146584  -40.944  42.197  37.601 0.2000000030
147016  -41.569  40.866  43.975 0.2000000030
147338  -46.878  28.616  44.131 0.1000000015
147513  -40.737  48.415  39.379 0.1000000015
147585  -58.991  26.992  43.329 0.5000000000
147746  -45.669  44.669  35.255 0.4000000060
147810  -38.388  51.748  30.131 0.4000000060
147986  -43.973  39.418  42.452 0.3000000119
148191  -47.163  36.740  41.695 0.3000000119
148250  -44.598  41.399  38.780 0.2000000030
148613  -41.909  35.130  42.260 0.1000000015
148734  -32.443  51.898  39.419 0.1000000015
148748  -41.348  47.511  39.491 0.1000000015
148782  -58.750  28.481  46.592 0.4000000060
149364  -49.641  44.022  28.681 0.3000000119
149367  -47.376  38.035  41.803 0.4000000060
149413  -50.951  34.917  37.636 0.6999999881
149582  -40.869  45.868  34.576 0.2000000030
150061  -56.216  38.382  41.539 1.0000000000
150143  -49.151  37.318  42.153 0.5000000000
150219  -41.243  34.910  42.421 0.1000000015
150695  -52.876  29.330  31.711 0.4000000060
150740  -41.250  57.188  44.342 0.1000000015
151103  -47.071  59.865  29.308 0.2000000030
151235  -35.970  47.119  33.967 0.2000000030
151441  -43.886  56.908  22.998 0.1000000015
151462  -47.758  54.215  25.165 0.3000000119
151591  -43.132  59.072  25.088 0.1000000015
151624  -53.095  46.015  29.199 0.4000000060
151651  -32.116  47.334  39.203 0.2000000030
151672  -48.071  48.516  29.394 0.6999999881
151701  -46.018  39.178  42.023 0.3000000119
151749  -48.595  29.651  42.284 0.2000000030
151768  -50.010  36.934  42.275 0.6999999881
152248  -52.358  43.917  28.552 0.4000000060
152442  -44.592  57.240  36.283 0.1000000015
152497  -38.777  47.994  31.774 0.4000000060
153214  -40.896  46.627  34.355 0.3000000119
153479  -58.110  29.516  44.116 0.6000000238
153805  -52.446  44.967  38.913 1.0000000000
153908  -36.431  56.949  41.544 0.1000000015
154024  -51.229  34.953  41.389 0.8000000119
154045  -42.246  46.753  34.374 0.4000000060
154065  -43.623  48.718  31.888 0.4000000060
154314  -44.571  33.205  36.438 0.6000000238
154381  -44.979  37.145  41.732 0.2000000030
154488  -50.364  33.677  40.927 0.5000000000
154565  -36.407  46.806  34.527 0.2000000030
154623  -31.561  48.333  38.401 0.2000000030
154894  -52.662  45.123  28.657 0.3000000119
155118  -50.979  29.507  47.592 0.1000000015
155202  -54.016  41.436  44.473 1.0000000000
155238  -57.520  30.338  32.840 0.8999999762
155291  -43.690  36.242  41.804 0.2000000030
155392  -56.467  37.760  41.962 1.0000000000
155496  -47.608  44.121  44.070 0.5000000000
155809  -33.919  52.123  35.952 0.2000000030
156158  -50.540  39.156  42.581 0.6999999881
156571  -38.091  52.544  30.972 0.3000000119
156616  -32.364  51.669  38.649 0.1000000015
156861  -45.936  47.495  23.475 0.1000000015
157014  -56.740  26.524  39.482 0.4000000060
157159  -35.970  56.569  30.621 0.1000000015
157260  -57.716  31.408  33.341 0.8999999762
157385  -52.691  26.094  40.446 0.2000000030
157386  -56.631  32.318  32.212 0.8000000119
157396  -45.111  41.881  37.832 0.3000000119
157426  -49.936  29.535  42.295 0.2000000030
157486  -52.780  29.290  44.814 0.1000000015
157644  -51.788  31.556  30.567 0.8000000119
157778  -43.317  52.484  27.327 0.5000000000
157781  -44.138  58.866  25.113 0.1000000015
157936  -50.935  28.687  51.696 0.1000000015
158019  -44.792  58.869  33.558 0.1000000015
158100  -50.391  55.207  27.600 0.6999999881
158108  -42.791  48.609  33.235 0.4000000060
158206  -37.090  52.462  32.139 0.3000000119
158227  -44.800  42.787  36.210 0.3000000119
158477  -37.876  61.080  41.948 0.1000000015
158611  -40.819  50.775  28.518 0.5000000000
158623  -38.084  52.843  31.552 0.3000000119
158631  -49.824  30.974  34.812 0.6999999881
158823  -50.219  38.971  27.208 0.4000000060
158922  -52.506  18.102  49.268 0.1000000015
159055  -32.254  49.584  36.519 0.2000000030
159067  -39.837  41.449  43.058 0.1000000015
159215  -46.469  57.532  26.401 0.3000000119
159240  -51.601  41.264  41.257 0.8999999762
159381  -35.445  61.265  34.957 0.1000000015
159561  -38.103  54.229  46.556 0.1000000015
159728  -47.372  51.481  26.641 0.6999999881
159739  -50.993  39.437  27.166 0.5000000000
159779  -45.632  59.676  26.470 0.3000000119
159940  -43.979  50.914  26.926 0.6000000238
160039  -51.615  34.728  41.051 0.8999999762
160115  -55.676  38.868  41.635 1.0000000000
160158  -34.879  46.672  39.427 0.2000000030
160228  -36.613  51.417  31.446 0.3000000119
160277  -53.724  27.616  49.292 0.2000000030
160295  -43.722  52.958  23.731 0.2000000030
160335  -34.727  56.838  40.293 0.1000000015
160369  -52.493  50.814  24.527 0.4000000060
160419  -59.420  28.195  45.057 0.5000000000
160423  -38.175  56.386  36.202 0.2000000030
160442  -46.378  31.753  41.682 0.1000000015
160621  -57.240  21.000  48.448 0.1000000015
160626  -46.453  32.940  36.614 0.6000000238
160639  -42.348  48.519  41.813 0.1000000015
160659  -56.782  29.978  37.397 0.8999999762
161047  -50.536  39.224  39.440 0.8000000119
161062  -43.216  57.028  34.993 0.1000000015
161110  -45.098  60.342  26.587 0.1000000015
161136  -54.731  29.434  44.332 0.4000000060
161176  -51.813  24.187  47.426 0.2000000030
161308  -34.683  47.012  39.991 0.1000000015
161467  -44.376  39.968  42.594 0.3000000119
161529  -40.034  55.644  36.483 0.1000000015
161590  -56.166  38.215  40.833 0.8999999762
161692  -58.099  29.738  46.431 0.4000000060
161797  -36.775  45.482  36.585 0.2000000030
161828  -41.439  56.554  33.591 0.1000000015
161959  -57.338  29.505  37.468 0.8999999762
162227  -39.629  53.977  31.606 0.3000000119
162304  -39.344  57.698  34.989 0.1000000015
162373  -50.837  26.098  39.442 0.1000000015
162377  -35.509  58.593  40.688 0.1000000015
162656  -42.063  37.190  42.425 0.2000000030
162732  -48.299  50.389  34.392 0.6999999881
162742  -41.683  58.240  28.729 0.1000000015
162994  -49.312  29.052  48.023 0.1000000015
163239  -48.773  21.476  42.062 0.1000000015
163293  -55.720  38.912  43.200 1.0000000000
163321  -49.048  58.412  26.915 0.3000000119
163377  -37.549  46.919  34.247 0.2000000030
163379  -40.752  41.666  42.778 0.1000000015
163387  -57.163  36.225  36.611 0.8999999762
163429  -48.882  32.179  41.286 0.2000000030
163564  -47.555  57.668  28.296 0.4000000060
163874  -51.888  29.468  46.442 0.1000000015
164000  -57.221  36.820  38.063 0.8999999762
164015  -43.943  53.241  24.215 0.2000000030
164048  -51.580  53.670  27.854 0.4000000060
164202  -50.139  49.498  29.113 0.6999999881
164221  -34.781  53.086  35.599 0.2000000030
164444  -40.785  41.186  43.773 0.1000000015
164586  -49.726  45.134  39.926 0.8999999762
164841  -43.695  51.697  21.058 0.1000000015
164865  -53.710  40.505  29.800 0.6000000238
164881  -42.825  50.694  40.798 0.1000000015
164997  -49.404  41.551  38.005 0.8000000119
