#!ascii label  , from subject sub-v2s18x29497_ses-1 vox2ras=TkReg
5033
41939  -15.720  -42.196  92.023 0.2222220004
43623  -16.025  -40.468  92.038 0.3333329856
46221  -16.771  -37.665  92.223 0.4444440007
47141  -17.186  -37.097  92.585 0.5555559993
47149  -17.502  -36.264  90.982 0.5555559993
48062  -17.987  -35.812  90.335 0.5555559993
48054  -18.318  -35.218  92.259 0.4444440007
48071  -18.592  -35.294  90.040 0.4444440007
48072  -19.492  -34.682  90.265 0.5555559993
42778  -15.535  -41.505  91.794 0.4444440007
146694  -15.576  -40.990  91.622 0.3333329856
164553  -15.860  -40.983  92.130 0.3333329856
40328  -13.150  -44.636  90.468 0.3333329856
40320  -13.922  -44.124  90.753 0.3333329856
41116  -14.047  -43.213  90.679 0.3333329856
41947  -14.936  -42.086  91.366 0.3333329856
43630  -15.731  -40.493  91.499 0.4444440007
139563  -16.683  -39.068  92.374 0.4444440007
45373  -16.724  -38.290  92.345 0.4444440007
44486  -15.944  -39.885  91.333 0.5555559993
44484  -16.388  -39.135  91.842 0.4444440007
45376  -16.463  -38.409  91.692 0.5555559993
46224  -16.763  -37.717  91.196 0.5555559993
45378  -16.496  -38.511  90.599 0.5555559993
46222  -17.112  -36.841  91.873 0.5555559993
46241  -17.005  -37.875  88.942 0.5555559993
47174  -17.666  -36.665  88.650 0.6666669846
47161  -18.133  -35.918  89.282 0.5555559993
142848  -18.928  -35.366  88.944 0.6666669846
49114  -20.413  -34.008  91.627 0.4444440007
46257  -17.417  -37.108  87.858 0.6666669846
47175  -18.380  -36.090  88.272 0.6666669846
156044  -19.485  -35.290  88.227 0.7777780294
49131  -20.593  -34.485  88.753 0.7777780294
46276  -17.694  -37.190  86.589 0.7777780294
47187  -18.549  -36.171  87.347 0.7777780294
48082  -19.110  -35.716  86.939 0.7777780294
49142  -20.099  -34.968  88.010 0.7777780294
46291  -17.710  -37.346  85.734 0.7777780294
47202  -18.233  -36.732  86.115 0.7777780294
47195  -18.678  -36.134  86.483 0.7777780294
48090  -19.224  -35.551  86.016 0.7777780294
149307  -19.569  -35.322  86.693 0.7777780294
46306  -17.619  -37.447  84.746 0.7777780294
47213  -18.254  -36.937  84.483 0.7777780294
47208  -18.264  -36.844  85.243 0.7777780294
47203  -18.769  -36.150  85.621 0.7777780294
41115  -13.367  -43.708  90.451 0.4444440007
41951  -13.689  -42.855  90.260 0.3333329856
41952  -14.303  -42.433  90.713 0.3333329856
42782  -14.659  -41.694  90.810 0.4444440007
43629  -15.292  -41.108  91.070 0.4444440007
43634  -15.471  -40.530  90.859 0.4444440007
39500  -11.677  -46.107  89.636 0.4444440007
40327  -12.579  -45.191  90.235 0.1111110002
41114  -12.824  -44.170  90.269 0.4444440007
147422  -13.103  -43.465  90.174 0.4444440007
164535  -14.162  -42.159  90.373 0.3333329856
43633  -14.994  -41.142  90.434 0.4444440007
44487  -16.209  -39.211  91.064 0.5555559993
145414  -12.041  -45.143  89.272 0.5555559993
41133  -12.475  -44.172  89.487 0.4444440007
41124  -12.724  -43.745  89.902 0.4444440007
41961  -13.789  -42.180  88.934 0.4444440007
42785  -14.343  -41.603  90.159 0.5555559993
43637  -14.751  -41.068  89.676 0.5555559993
43638  -15.268  -40.499  90.058 0.5555559993
44491  -15.811  -39.910  89.516 0.5555559993
45380  -16.641  -38.559  89.444 0.5555559993
41151  -12.599  -44.204  87.147 0.5555559993
41134  -12.815  -43.487  89.063 0.4444440007
41960  -13.324  -42.749  88.430 0.5555559993
43641  -14.753  -41.066  88.658 0.5555559993
43649  -15.351  -40.527  87.949 0.5555559993
44497  -15.946  -39.934  88.389 0.5555559993
44492  -16.352  -39.266  88.906 0.5555559993
46231  -17.227  -37.170  89.369 0.5555559993
41141  -13.003  -43.439  87.780 0.4444440007
41965  -13.478  -42.692  87.270 0.5555559993
42791  -14.244  -41.582  88.268 0.5555559993
43648  -14.735  -41.057  87.634 0.6666669846
43656  -15.209  -40.571  86.966 0.6666669846
44498  -16.473  -39.234  87.859 0.6666669846
46256  -17.098  -37.789  88.050 0.7777780294
46242  -17.269  -37.278  88.536 0.7777780294
49145  -22.300  -33.968  87.622 0.7777780294
50199  -21.880  -33.760  89.148 0.4444440007
143665  -12.435  -44.032  86.101 0.5555559993
41974  -13.501  -42.481  86.188 0.4444440007
42797  -14.102  -41.523  86.346 0.5555559993
151314  -14.611  -41.067  86.846 0.6666669846
154606  -16.146  -39.424  86.219 0.7777780294
44502  -16.623  -39.083  86.890 0.7777780294
145495  -17.267  -37.599  87.169 0.7777780294
146242  -20.777  -34.538  87.105 0.7777780294
41984  -13.216  -42.484  85.155 0.3333329856
42796  -13.713  -41.858  85.602 0.4444440007
43655  -14.804  -40.715  86.063 0.6666669846
43663  -15.272  -40.075  85.448 0.6666669846
44508  -15.779  -39.648  85.658 0.7777780294
45400  -16.782  -38.669  85.974 0.7777780294
146290  -17.271  -37.821  86.254 0.7777780294
48091  -19.851  -35.094  86.174 0.7777780294
44518  -15.689  -39.511  84.958 0.6666669846
46290  -17.141  -37.956  85.378 0.7777780294
47214  -18.501  -36.630  83.859 0.7777780294
48101  -19.178  -35.675  85.154 0.7777780294
48102  -19.630  -35.255  85.380 0.7777780294
44529  -15.591  -39.322  84.023 0.5555559993
44519  -16.152  -38.947  84.584 0.6666669846
148898  -17.039  -38.012  84.627 0.6666669846
157206  -17.888  -37.242  83.854 0.6666669846
162306  -19.160  -35.825  84.597 0.6666669846
44543  -15.191  -39.423  83.109 0.5555559993
44530  -16.195  -38.790  83.868 0.5555559993
45430  -16.632  -38.349  83.374 0.5555559993
46321  -17.540  -37.417  83.216 0.5555559993
45429  -15.918  -38.875  83.040 0.5555559993
45445  -16.476  -38.302  82.424 0.5555559993
46320  -17.101  -37.806  82.887 0.5555559993
47220  -18.171  -36.953  83.038 0.6666669846
50205  -23.127  -33.814  87.988 0.6666669846
50201  -23.677  -33.745  88.780 0.4444440007
145215  -21.779  -34.420  86.087 0.7777780294
48103  -20.290  -34.919  85.627 0.7777780294
164099  -18.707  -36.351  83.249 0.7777780294
48115  -20.142  -35.079  84.844 0.7777780294
47215  -19.111  -35.981  82.973 0.6666669846
46335  -17.561  -37.363  82.479 0.6666669846
137468  -18.121  -36.902  82.083 0.6666669846
47221  -18.631  -36.416  82.562 0.5555559993
49146  -23.122  -34.003  87.179 0.8888890147
162638  -24.552  -33.943  88.138 0.5555559993
49125  -25.251  -34.514  89.751 0.4444440007
136335  -23.940  -34.133  86.865 0.8888890147
49158  -22.278  -34.229  86.679 0.8888890147
49174  -23.272  -34.433  85.457 0.8888890147
49187  -20.973  -34.821  85.097 0.7777780294
140505  -22.510  -34.540  85.005 0.8888890147
143503  -20.146  -35.360  84.132 0.7777780294
48116  -20.959  -35.086  84.208 0.7777780294
48128  -20.591  -35.321  83.468 0.6666669846
48129  -21.293  -35.046  83.430 0.7777780294
147351  -18.578  -36.507  81.826 0.5555559993
48145  -21.098  -35.191  82.705 0.7777780294
48130  -21.946  -34.800  82.999 0.7777780294
47222  -19.113  -36.120  82.129 0.5555559993
48158  -19.804  -35.923  81.469 0.4444440007
48159  -21.272  -35.252  81.846 0.6666669846
49137  -27.288  -34.790  88.483 0.4444440007
49161  -25.485  -34.427  87.514 0.8888890147
49136  -26.481  -34.665  88.952 0.5555559993
51247  -35.609  -31.969  84.735 0.3333329856
49160  -24.761  -34.410  86.630 0.8888890147
49175  -24.097  -34.515  85.117 0.8888890147
136897  -24.014  -34.399  85.994 0.8888890147
53153  -36.031  -30.414  84.515 0.4444440007
49190  -23.290  -34.558  84.591 0.8888890147
54200  -36.302  -29.712  84.102 0.5555559993
49189  -22.493  -34.661  84.196 0.8888890147
146149  -36.683  -28.175  82.795 0.5555559993
145059  -22.668  -34.655  83.041 0.8888890147
55359  -37.349  -28.072  81.200 0.6666669846
159673  -21.790  -34.968  82.295 0.7777780294
139593  -22.588  -34.804  82.316 0.7777780294
55402  -37.630  -29.085  77.829 0.8888890147
161683  -37.520  -28.728  79.150 0.7777780294
54303  -43.585  -29.032  77.575 0.3333329856
55403  -38.332  -28.913  77.731 0.8888890147
165121  -42.277  -29.109  77.363 0.4444440007
54302  -42.989  -29.260  77.066 0.4444440007
137294  -20.735  -35.597  81.248 0.5555559993
55423  -39.478  -29.179  75.996 0.6666669846
54322  -40.044  -29.250  76.604 0.6666669846
54323  -40.975  -29.362  76.404 0.5555559993
54345  -41.430  -29.523  75.481 0.6666669846
54344  -40.292  -29.357  75.709 0.6666669846
49149  -27.872  -34.507  87.921 0.6666669846
49138  -28.119  -34.749  88.192 0.2222220004
142665  -28.455  -35.398  88.569 0.1111110002
49182  -35.255  -34.234  85.349 0.2222220004
49162  -26.464  -34.549  87.567 0.7777780294
49148  -27.060  -34.538  88.269 0.7777780294
50221  -35.469  -32.738  84.956 0.4444440007
49177  -25.723  -34.727  86.379 0.7777780294
52193  -35.199  -31.421  84.948 0.5555559993
137241  -24.808  -34.574  85.732 0.8888890147
52199  -35.558  -31.000  84.739 0.5555559993
49191  -24.132  -34.683  84.158 0.8888890147
49176  -24.967  -34.775  84.911 0.8888890147
54210  -35.512  -29.378  83.265 0.5555559993
54199  -35.711  -29.850  84.427 0.5555559993
54225  -35.637  -29.203  82.572 0.5555559993
55340  -36.182  -28.709  83.066 0.5555559993
49201  -23.159  -34.621  83.654 0.7777780294
48131  -24.587  -34.873  83.408 0.8888890147
54257  -36.579  -28.757  80.468 0.7777780294
55349  -36.483  -28.441  81.696 0.5555559993
54304  -44.738  -29.183  77.290 0.5555559993
49209  -23.305  -34.683  82.812 0.7777780294
48147  -24.097  -34.802  82.690 0.7777780294
54272  -36.865  -28.906  79.392 0.8888890147
54325  -43.110  -29.524  76.145 0.5555559993
154602  -43.895  -29.306  76.804 0.4444440007
48160  -22.087  -35.010  81.653 0.7777780294
48146  -23.554  -34.809  81.952 0.6666669846
148359  -38.049  -29.011  77.001 0.8888890147
144659  -38.690  -29.001  76.944 0.7777780294
163695  -42.069  -29.658  75.076 0.6666669846
54346  -42.446  -29.619  75.541 0.6666669846
138662  -21.586  -35.314  81.054 0.6666669846
147489  -22.821  -34.877  81.561 0.6666669846
150122  -37.753  -28.949  76.352 1.0000000000
55421  -38.524  -28.947  76.143 0.8888890147
55422  -38.983  -29.054  76.269 0.8888890147
54362  -41.623  -29.671  74.540 0.7777780294
48173  -21.066  -35.514  80.394 0.5555559993
48161  -23.394  -34.842  81.060 0.6666669846
55447  -38.800  -28.785  75.128 1.0000000000
55436  -39.064  -28.986  75.569 0.8888890147
55437  -39.704  -29.200  75.200 0.8888890147
54361  -40.576  -29.434  74.861 0.8888890147
48190  -22.160  -35.019  79.562 0.6666669846
140098  -23.179  -34.868  80.303 0.6666669846
55448  -39.293  -28.906  74.800 0.8888890147
47182  -29.693  -35.583  87.915 0.1111110002
50213  -35.165  -33.045  85.235 0.3333329856
49139  -28.825  -34.844  87.847 0.5555559993
48079  -29.130  -35.236  88.120 0.1111110002
136488  -27.400  -34.484  87.527 0.7777780294
49163  -28.183  -34.508  87.337 0.7777780294
159194  -26.714  -34.720  86.834 0.7777780294
52192  -34.848  -31.601  84.953 0.4444440007
48104  -25.782  -34.978  85.366 0.7777780294
48092  -27.473  -34.745  86.753 0.7777780294
158423  -34.656  -30.573  84.298 0.5555559993
53151  -35.119  -30.131  84.507 0.5555559993
48118  -26.504  -35.352  85.045 0.7777780294
165105  -34.921  -29.760  83.466 0.6666669846
48117  -25.688  -35.158  84.485 0.7777780294
54255  -35.382  -29.626  80.975 0.8888890147
54326  -44.519  -29.557  76.430 0.5555559993
54327  -45.285  -29.557  76.590 0.4444440007
48132  -25.548  -35.198  83.493 0.8888890147
155100  -36.283  -29.222  79.658 0.8888890147
146401  -43.911  -29.768  75.777 0.5555559993
151803  -24.937  -34.946  82.655 0.8888890147
55384  -37.205  -29.057  78.570 1.0000000000
54363  -42.596  -29.875  74.810 0.5555559993
150468  -24.413  -34.850  82.062 0.6666669846
55420  -37.260  -29.217  77.169 1.0000000000
48174  -23.983  -34.835  80.451 0.6666669846
136898  -24.330  -34.858  81.271 0.6666669846
55435  -38.239  -28.763  75.520 1.0000000000
55449  -39.947  -29.172  74.406 0.8888890147
55450  -40.806  -29.490  74.036 0.8888890147
157976  -22.530  -34.971  80.122 0.6666669846
143661  -38.398  -28.577  74.770 1.0000000000
164954  -38.876  -28.429  73.830 1.0000000000
55458  -39.413  -28.737  73.946 0.8888890147
55459  -40.182  -29.202  73.570 0.8888890147
48207  -21.690  -35.084  78.843 0.4444440007
48209  -23.398  -34.795  78.907 0.6666669846
48192  -24.623  -34.902  79.806 0.7777780294
55457  -38.895  -28.610  74.457 1.0000000000
48208  -22.547  -34.883  78.850 0.4444440007
48210  -24.251  -34.808  78.982 0.6666669846
48222  -23.910  -34.699  78.179 0.6666669846
47191  -30.382  -36.190  87.664 0.1111110002
48084  -29.495  -34.941  87.551 0.1111110002
49151  -29.170  -34.767  87.187 0.2222220004
49181  -34.279  -34.498  85.503 0.3333329856
49164  -28.873  -34.702  87.099 0.5555559993
51239  -34.656  -32.504  85.113 0.4444440007
48093  -28.316  -34.817  86.742 0.7777780294
51246  -34.185  -32.108  84.646 0.6666669846
48106  -27.501  -35.299  85.764 0.7777780294
52205  -34.369  -30.672  83.392 0.6666669846
54348  -45.544  -29.943  75.861 0.4444440007
138058  -46.085  -29.655  76.387 0.3333329856
48119  -27.224  -35.629  84.621 0.7777780294
53162  -34.462  -30.518  82.356 0.7777780294
144140  -34.613  -30.125  83.179 0.6666669846
148334  -27.997  -35.650  85.113 0.7777780294
53170  -34.994  -30.095  81.611 0.8888890147
54256  -35.884  -29.296  80.397 0.8888890147
54347  -44.744  -29.909  75.848 0.6666669846
48133  -26.484  -35.584  83.196 0.7777780294
136792  -27.983  -35.791  84.091 0.7777780294
54270  -35.322  -29.821  80.015 0.8888890147
54299  -36.127  -29.381  78.032 1.0000000000
138357  -42.968  -30.153  74.214 0.7777780294
54364  -43.477  -30.070  74.942 0.5555559993
48148  -25.785  -35.252  82.536 0.8888890147
48149  -26.619  -35.615  82.341 0.7777780294
146910  -36.851  -29.194  76.540 1.0000000000
147488  -42.268  -29.943  74.100 0.8888890147
48175  -24.672  -34.918  80.579 0.6666669846
155258  -25.538  -35.168  81.390 0.8888890147
137085  -27.642  -35.749  81.349 0.7777780294
55434  -37.323  -28.826  75.755 1.0000000000
55460  -40.988  -29.601  73.221 0.8888890147
137084  -25.156  -35.022  81.051 0.7777780294
137083  -25.957  -35.340  80.952 0.7777780294
55433  -36.410  -29.092  75.923 0.8888890147
55446  -37.708  -28.549  74.974 1.0000000000
137293  -25.326  -35.093  80.326 0.7777780294
137080  -27.100  -35.384  79.699 0.7777780294
48163  -28.392  -35.655  80.900 0.8888890147
55445  -36.749  -28.614  75.158 1.0000000000
56367  -38.400  -28.287  73.995 1.0000000000
56377  -39.039  -28.366  73.227 1.0000000000
48194  -26.286  -35.300  79.175 0.7777780294
48176  -27.710  -35.523  80.414 0.7777780294
56365  -37.039  -28.183  74.243 0.8888890147
49254  -23.517  -34.576  77.425 0.5555559993
48211  -25.617  -35.069  78.703 0.5555559993
48212  -26.379  -35.122  78.359 0.6666669846
49255  -24.377  -34.660  77.374 0.4444440007
49257  -26.035  -34.829  77.146 0.5555559993
163327  -27.391  -34.824  77.488 0.6666669846
163203  -30.989  -35.881  87.370 0.1111110002
46270  -31.092  -36.934  87.168 0.1111110002
48085  -30.370  -35.121  87.455 0.1111110002
49152  -29.897  -34.523  87.062 0.2222220004
48086  -31.166  -35.316  87.030 0.1111110002
48096  -32.031  -35.653  86.513 0.1111110002
49168  -33.249  -34.693  85.623 0.3333329856
48095  -29.578  -34.592  86.788 0.6666669846
49166  -31.379  -34.990  86.346 0.2222220004
49180  -32.843  -34.194  85.267 0.6666669846
48094  -29.034  -34.849  86.788 0.7777780294
49195  -32.156  -34.412  85.254 0.6666669846
50219  -32.543  -33.900  84.757 0.6666669846
158370  -33.590  -32.794  84.549 0.5555559993
51238  -33.977  -33.003  84.986 0.4444440007
48108  -29.358  -35.172  86.035 0.7777780294
51245  -33.511  -32.362  84.054 0.7777780294
52197  -33.987  -31.653  83.983 0.7777780294
54349  -46.480  -29.919  75.775 0.4444440007
54328  -47.034  -29.459  76.702 0.2222220004
48107  -28.525  -35.357  85.943 0.7777780294
51252  -33.505  -32.084  83.359 1.0000000000
52204  -33.966  -31.408  83.308 0.7777780294
163978  -45.007  -30.147  75.383 0.6666669846
136430  -45.684  -30.224  75.284 0.4444440007
54329  -48.009  -29.154  76.636 0.2222220004
48120  -28.792  -35.682  85.130 0.7777780294
51264  -33.600  -31.696  81.796 1.0000000000
154180  -34.085  -31.122  81.812 1.0000000000
48150  -27.419  -35.861  82.967 0.7777780294
140282  -29.031  -35.815  84.177 0.7777780294
53169  -34.420  -30.685  81.283 0.8888890147
136407  -43.694  -30.239  74.463 0.6666669846
54366  -44.891  -30.368  74.738 0.5555559993
54367  -46.361  -30.261  75.151 0.5555559993
48135  -28.473  -35.907  83.166 0.7777780294
48136  -29.402  -35.718  83.338 0.7777780294
53181  -34.270  -30.790  80.276 1.0000000000
53195  -34.780  -30.339  79.666 1.0000000000
54285  -35.691  -29.587  78.471 1.0000000000
53274  -44.195  -30.433  73.930 0.7777780294
53275  -45.222  -30.628  73.843 0.8888890147
53258  -46.698  -30.489  74.619 0.5555559993
48152  -29.067  -35.875  82.312 0.7777780294
53219  -34.475  -30.350  77.785 1.0000000000
53209  -34.688  -30.416  78.667 1.0000000000
54319  -34.857  -29.779  77.282 1.0000000000
54321  -36.288  -29.368  77.334 1.0000000000
136452  -41.684  -29.948  72.954 0.8888890147
54377  -43.220  -30.309  73.698 0.7777780294
53294  -45.563  -30.965  72.940 0.8888890147
48164  -29.125  -35.694  81.354 0.7777780294
55419  -35.932  -29.343  76.613 1.0000000000
55468  -39.668  -28.824  73.018 0.8888890147
148333  -42.152  -30.162  72.683 0.8888890147
53292  -43.611  -30.577  72.823 0.8888890147
53293  -44.683  -30.850  73.003 0.8888890147
48177  -28.418  -35.383  80.148 0.8888890147
49221  -29.643  -35.030  80.139 0.8888890147
55432  -35.647  -29.278  75.999 1.0000000000
56376  -38.553  -28.083  73.274 1.0000000000
55469  -40.403  -29.325  72.720 0.8888890147
139688  -27.067  -35.205  78.778 0.7777780294
48195  -28.507  -35.094  79.408 0.7777780294
164055  -37.930  -28.299  74.379 1.0000000000
158106  -38.110  -27.853  73.289 0.8888890147
48213  -27.736  -34.988  78.422 0.6666669846
145591  -29.635  -34.465  78.758 0.8888890147
49231  -30.203  -34.478  79.573 0.8888890147
159156  -25.559  -34.621  76.667 0.5555559993
156774  -26.908  -34.831  77.128 0.5555559993
49259  -28.345  -34.499  77.463 0.6666669846
49260  -29.602  -33.951  77.330 0.6666669846
49275  -27.311  -34.541  76.368 0.5555559993
49276  -28.266  -34.292  76.578 0.6666669846
155679  -30.162  -34.534  86.625 0.6666669846
49179  -31.493  -34.685  85.582 0.6666669846
48109  -30.218  -34.682  86.041 0.6666669846
49193  -31.097  -34.685  85.172 0.6666669846
51244  -32.945  -33.172  84.185 0.7777780294
49178  -30.727  -34.677  86.117 0.6666669846
49194  -31.841  -34.285  84.836 0.7777780294
50227  -32.454  -33.245  83.551 1.0000000000
51251  -32.978  -32.735  83.472 1.0000000000
54351  -48.491  -29.535  76.124 0.3333329856
49204  -31.540  -34.291  83.979 0.7777780294
50226  -31.964  -33.609  83.416 1.0000000000
50233  -32.457  -33.036  82.957 1.0000000000
51258  -33.515  -31.900  82.603 1.0000000000
54350  -47.496  -29.710  75.984 0.4444440007
48121  -29.637  -35.447  85.107 0.7777780294
143204  -30.803  -34.892  84.163 0.7777780294
161088  -32.189  -33.312  83.143 1.0000000000
51263  -32.931  -32.434  81.790 1.0000000000
146125  -47.081  -30.166  75.331 0.4444440007
155985  -47.828  -30.057  75.590 0.4444440007
54368  -48.570  -30.217  75.548 0.4444440007
48137  -30.183  -35.323  83.595 0.7777780294
49210  -31.453  -34.052  82.892 0.7777780294
50239  -32.365  -32.991  82.197 1.0000000000
53259  -47.656  -30.533  74.816 0.5555559993
157867  -49.587  -30.468  75.215 0.4444440007
48165  -29.861  -35.495  81.832 0.7777780294
49203  -30.769  -34.758  83.102 0.7777780294
52217  -33.791  -31.357  80.899 1.0000000000
53276  -46.196  -30.811  73.686 0.6666669846
53277  -47.074  -30.913  73.951 0.6666669846
53260  -48.589  -30.724  74.857 0.4444440007
53279  -49.093  -31.198  74.215 0.4444440007
49215  -30.465  -34.845  81.510 0.8888890147
52230  -33.662  -31.421  78.893 1.0000000000
52224  -33.735  -31.355  79.835 1.0000000000
53295  -46.210  -31.005  72.732 0.8888890147
53296  -46.840  -31.142  72.986 0.7777780294
146402  -47.660  -31.215  73.276 0.6666669846
53208  -34.102  -30.920  78.306 1.0000000000
54389  -42.768  -30.300  73.007 0.8888890147
137810  -45.183  -31.010  72.269 0.8888890147
138299  -47.402  -31.091  72.207 0.8888890147
145008  -48.550  -31.279  73.208 0.4444440007
49222  -30.398  -34.650  80.598 0.8888890147
53229  -34.181  -30.182  77.096 0.8888890147
148366  -39.144  -28.532  72.431 1.0000000000
54388  -41.124  -29.706  72.455 0.8888890147
136474  -41.973  -30.120  71.921 0.8888890147
53291  -42.760  -30.385  72.099 0.8888890147
53313  -43.624  -30.670  71.640 0.8888890147
138301  -45.881  -30.973  72.078 0.8888890147
160648  -48.087  -31.158  72.405 0.7777780294
50252  -30.949  -33.962  79.247 0.8888890147
54343  -35.060  -29.489  76.462 0.8888890147
137542  -35.857  -28.894  75.352 0.8888890147
56366  -37.683  -27.930  73.693 0.8888890147
136349  -39.826  -29.083  72.182 1.0000000000
54404  -40.590  -29.472  71.932 0.8888890147
54405  -41.272  -29.833  71.716 0.8888890147
53312  -42.437  -30.261  71.242 0.8888890147
164496  -43.079  -30.428  71.208 0.8888890147
53315  -45.322  -30.832  71.345 0.8888890147
53317  -47.094  -30.858  71.373 0.8888890147
156686  -30.325  -34.162  78.797 0.8888890147
50260  -30.796  -33.783  78.376 0.8888890147
51294  -31.936  -32.573  77.461 0.8888890147
55443  -34.725  -28.849  74.539 0.8888890147
56364  -36.025  -28.449  74.520 0.8888890147
56375  -37.524  -27.631  72.846 0.8888890147
56384  -38.599  -28.055  72.617 0.8888890147
55481  -40.007  -29.360  71.382 0.8888890147
54421  -42.168  -30.119  70.517 0.8888890147
53333  -43.655  -30.475  70.733 0.8888890147
140075  -45.971  -30.497  70.529 0.8888890147
158754  -30.597  -33.396  76.927 0.6666669846
50283  -31.161  -33.161  77.095 0.8888890147
148045  -35.811  -27.537  72.702 0.8888890147
56382  -36.749  -27.414  72.331 0.8888890147
56394  -37.919  -27.674  71.687 0.8888890147
55480  -39.262  -28.817  71.600 0.7777780294
54420  -41.256  -30.002  70.679 0.7777780294
142476  -44.261  -30.429  70.324 0.8888890147
50300  -29.522  -33.641  75.998 0.6666669846
50282  -30.035  -33.563  76.664 0.6666669846
51309  -30.808  -33.233  76.435 0.6666669846
155786  -36.684  -27.094  71.430 0.8888890147
57277  -37.429  -27.481  72.004 0.8888890147
56405  -38.108  -27.984  70.983 0.7777780294
55491  -38.742  -28.551  70.957 0.7777780294
55492  -39.433  -29.152  70.798 0.7777780294
54419  -40.274  -29.646  70.497 0.8888890147
53347  -42.726  -30.015  69.767 0.8888890147
53349  -44.608  -30.176  69.673 0.7777780294
57283  -35.733  -26.659  71.286 0.7777780294
143440  -38.305  -28.405  70.399 0.7777780294
54418  -39.558  -29.409  70.097 0.7777780294
138532  -40.913  -30.063  69.673 0.8888890147
146663  -42.411  -29.919  69.133 1.0000000000
53362  -43.238  -29.882  68.981 0.8888890147
57297  -35.755  -26.170  70.482 0.7777780294
158171  -36.321  -26.597  70.728 0.7777780294
57299  -36.917  -26.938  70.559 0.7777780294
56418  -37.773  -27.872  70.081 0.7777780294
55505  -38.188  -28.563  69.795 0.7777780294
54430  -38.412  -29.102  69.237 0.7777780294
54432  -40.059  -29.716  69.529 0.7777780294
54447  -41.628  -29.972  68.814 0.7777780294
54448  -42.562  -29.811  68.421 0.7777780294
165159  -43.774  -29.747  68.624 0.8888890147
58208  -35.785  -25.648  69.908 0.6666669846
57298  -36.376  -26.157  69.938 0.5555559993
57311  -36.905  -26.691  69.640 0.6666669846
139198  -37.281  -27.238  70.101 0.7777780294
55504  -37.709  -28.368  69.032 0.6666669846
54444  -38.871  -29.563  68.581 0.7777780294
54446  -40.593  -29.983  68.778 0.6666669846
147293  -41.939  -29.926  67.976 0.6666669846
57310  -36.556  -25.965  69.116 0.6666669846
57325  -36.845  -26.766  68.796 0.5555559993
55516  -38.211  -29.008  68.273 0.6666669846
138685  -38.786  -29.478  67.668 0.5555559993
144660  -40.140  -30.051  67.966 0.5555559993
147522  -41.092  -30.068  67.975 0.6666669846
54465  -41.657  -30.015  67.096 0.7777780294
56426  -36.576  -27.122  67.820 0.5555559993
56427  -37.103  -27.710  68.387 0.5555559993
55526  -37.520  -28.479  67.874 0.3333329856
55527  -38.076  -29.056  67.276 0.4444440007
54463  -39.574  -29.823  67.137 0.5555559993
54464  -40.601  -30.125  67.101 0.5555559993
54462  -38.727  -29.451  66.742 0.5555559993
158515  -39.357  -29.610  66.267 0.5555559993
54481  -40.187  -29.756  66.172 0.5555559993
54352  -49.456  -29.727  75.956 0.3333329856
53243  -50.271  -29.950  75.807 0.4444440007
49216  -30.930  -34.393  82.195 0.8888890147
50232  -31.932  -33.453  82.638 1.0000000000
141270  -32.221  -33.008  81.310 1.0000000000
52216  -33.188  -32.101  80.954 1.0000000000
53261  -50.725  -30.553  75.170 0.4444440007
50238  -31.784  -33.463  81.734 1.0000000000
161866  -32.598  -32.614  80.916 1.0000000000
52223  -33.227  -31.945  79.412 1.0000000000
53280  -50.145  -31.019  74.252 0.4444440007
50246  -31.650  -33.500  80.810 1.0000000000
51268  -32.098  -32.989  80.417 1.0000000000
51276  -32.668  -32.439  78.988 1.0000000000
52246  -33.482  -31.414  78.053 0.8888890147
53297  -49.582  -31.237  73.046 0.4444440007
50245  -31.092  -34.146  80.192 1.0000000000
50253  -31.535  -33.481  79.823 1.0000000000
51275  -32.110  -32.966  79.433 1.0000000000
52229  -33.101  -31.895  78.540 0.8888890147
53218  -33.751  -30.824  77.406 0.8888890147
54318  -34.324  -29.817  76.573 0.8888890147
138298  -48.792  -31.175  72.109 0.7777780294
51283  -32.063  -32.862  78.437 1.0000000000
52245  -32.972  -31.788  77.901 0.8888890147
54341  -33.893  -29.898  76.018 0.8888890147
54342  -34.355  -29.551  75.853 0.8888890147
53318  -48.020  -30.870  71.423 0.8888890147
50261  -31.502  -33.439  78.851 0.8888890147
156924  -32.756  -31.593  77.015 0.8888890147
53228  -33.703  -30.402  76.530 0.8888890147
55456  -35.270  -28.422  74.061 0.8888890147
53336  -47.450  -30.574  70.588 0.8888890147
51310  -31.544  -32.616  76.448 0.7777780294
54360  -34.273  -29.341  74.981 0.8888890147
53351  -46.749  -30.174  69.966 0.8888890147
53352  -47.736  -30.248  69.831 0.8888890147
51342  -29.914  -32.993  74.273 0.4444440007
50301  -30.245  -33.348  75.812 0.5555559993
51326  -31.547  -32.394  75.612 0.6666669846
56372  -35.082  -27.980  73.296 0.8888890147
53350  -45.665  -30.014  69.634 0.7777780294
160984  -30.260  -32.549  73.911 0.5555559993
51325  -31.020  -32.944  75.680 0.6666669846
56393  -34.324  -27.027  71.938 0.7777780294
56381  -34.731  -27.495  72.589 0.7777780294
57275  -35.236  -27.051  71.995 0.7777780294
53364  -44.926  -29.857  68.866 0.7777780294
57281  -33.961  -26.634  71.264 0.7777780294
57282  -34.782  -26.604  71.384 0.7777780294
54449  -43.475  -29.592  68.142 0.7777780294
54450  -44.266  -29.624  68.379 0.8888890147
58207  -35.043  -25.662  70.236 0.5555559993
54466  -42.694  -29.691  67.503 0.7777780294
58222  -35.396  -25.190  69.531 0.5555559993
58223  -36.082  -25.427  69.333 0.5555559993
54483  -41.796  -29.984  66.242 0.7777780294
54484  -42.451  -29.773  66.576 0.7777780294
58241  -35.615  -24.961  68.969 0.4444440007
154709  -35.562  -25.149  68.354 0.5555559993
57324  -36.360  -26.189  68.291 0.5555559993
56439  -36.835  -27.982  67.361 0.3333329856
54482  -41.078  -30.107  66.301 0.5555559993
58256  -35.704  -25.702  67.716 0.3333329856
57335  -36.049  -26.559  67.232 0.3333329856
56438  -36.361  -27.353  66.794 0.3333329856
55538  -37.363  -28.591  66.826 0.2222220004
55539  -37.966  -29.141  66.258 0.4444440007
54480  -38.711  -29.401  65.823 0.4444440007
164287  -40.816  -29.874  65.644 0.5555559993
54500  -41.485  -29.871  65.608 0.5555559993
57343  -35.889  -26.696  66.061 0.1111110002
56447  -36.352  -27.433  65.891 0.1111110002
56458  -36.780  -27.830  65.360 0.1111110002
55550  -37.336  -28.526  65.784 0.2222220004
54497  -38.948  -29.170  64.950 0.3333329856
54499  -40.317  -29.613  65.226 0.4444440007
55564  -37.515  -28.160  64.705 0.1111110002
55551  -38.109  -28.901  65.297 0.2222220004
153489  -51.262  -30.985  74.033 0.4444440007
145360  -50.475  -31.119  73.306 0.4444440007
53319  -48.938  -30.902  71.135 0.8888890147
138297  -49.688  -31.234  71.866 0.8888890147
52278  -33.216  -31.123  76.805 0.8888890147
52277  -32.672  -31.506  76.375 0.8888890147
53227  -33.150  -30.961  76.044 0.8888890147
53242  -33.462  -30.350  75.696 0.8888890147
53337  -48.314  -30.578  70.456 0.8888890147
52294  -32.542  -31.394  75.589 0.7777780294
53241  -32.913  -30.777  75.288 0.8888890147
53256  -33.215  -30.330  74.983 0.8888890147
160214  -33.751  -29.526  74.502 0.8888890147
55455  -34.532  -28.522  73.735 0.8888890147
53338  -49.184  -30.568  70.265 0.8888890147
52304  -31.884  -31.844  75.034 0.6666669846
52305  -32.433  -31.209  74.893 0.7777780294
54358  -33.184  -29.997  74.333 0.7777780294
55442  -34.103  -29.077  74.151 0.8888890147
53353  -48.615  -30.260  69.681 0.8888890147
161831  -30.674  -32.124  73.509 0.6666669846
55466  -33.518  -28.412  72.636 0.7777780294
56380  -33.849  -27.616  72.357 0.7777780294
55467  -34.238  -28.097  73.021 0.7777780294
52322  -31.189  -31.438  72.937 0.4444440007
56391  -32.999  -27.741  71.120 0.6666669846
53288  -30.982  -31.278  72.015 0.4444440007
53289  -31.585  -30.745  72.506 0.4444440007
57295  -33.703  -26.353  70.538 0.6666669846
58206  -34.119  -25.681  70.158 0.5555559993
58221  -34.575  -25.164  69.614 0.5555559993
59215  -34.952  -24.754  69.077 0.5555559993
59236  -35.073  -24.818  68.501 0.4444440007
58255  -35.160  -25.055  67.650 0.1111110002
58267  -35.301  -25.310  66.605 0.1111110002
57342  -35.582  -25.901  65.949 0.1111110002
140903  -34.886  -24.681  66.852 0.1111110002
58278  -35.556  -25.212  65.478 0.1111110002
57353  -35.773  -26.095  65.158 0.1111110002
56457  -36.257  -26.997  64.990 0.1111110002
151114  -36.889  -27.482  64.608 0.1111110002
54513  -39.782  -29.310  64.672 0.3333329856
54514  -40.567  -29.368  64.506 0.4444440007
53244  -50.962  -30.371  75.686 0.1111110002
53262  -51.731  -30.587  75.054 0.2222220004
141237  -52.738  -30.668  75.047 0.1111110002
149992  -52.383  -30.788  74.238 0.3333329856
144888  -53.456  -30.578  74.293 0.1111110002
53300  -52.029  -31.090  73.258 0.5555559993
155099  -52.795  -30.761  73.585 0.2222220004
139292  -51.734  -30.999  72.251 0.5555559993
53301  -53.497  -30.420  73.301 0.1111110002
138296  -50.735  -31.180  71.737 0.7777780294
53339  -50.792  -30.876  70.714 0.8888890147
53273  -32.364  -30.554  73.727 0.6666669846
54373  -32.772  -29.883  73.483 0.7777780294
53254  -32.001  -31.259  74.169 0.6666669846
54386  -32.528  -29.566  72.584 0.5555559993
55465  -32.856  -28.812  72.219 0.6666669846
54435  -48.090  -30.042  69.050 0.8888890147
154603  -49.500  -30.233  69.467 0.8888890147
53290  -32.194  -30.306  72.944 0.5555559993
54403  -32.224  -29.215  71.790 0.5555559993
55478  -32.538  -28.443  71.453 0.5555559993
57294  -33.023  -26.731  70.211 0.5555559993
57309  -33.357  -25.982  69.880 0.5555559993
59234  -33.724  -24.564  68.233 0.3333329856
53281  -54.344  -30.366  74.224 0.1111110002
54378  -54.168  -30.186  73.838 0.1111110002
54369  -55.069  -30.115  74.111 0.1111110002
149198  -52.647  -30.748  72.713 0.5555559993
54390  -54.267  -29.848  73.084 0.1111110002
53321  -51.542  -30.830  71.296 0.7777780294
53323  -53.424  -30.170  72.200 0.2222220004
53341  -52.124  -30.394  70.832 0.7777780294
54407  -52.924  -30.055  71.175 0.3333329856
53354  -50.098  -30.543  70.059 0.8888890147
53355  -51.033  -30.452  69.923 0.8888890147
54437  -50.460  -30.086  69.287 0.8888890147
53356  -51.813  -30.158  70.012 0.8888890147
54436  -48.942  -29.956  68.912 0.8888890147
146126  -49.868  -29.785  68.698 1.0000000000
54454  -48.427  -29.629  68.380 1.0000000000
55461  -56.000  -29.103  73.113 0.1111110002
54391  -54.996  -29.376  72.961 0.2222220004
54392  -55.441  -29.491  73.342 0.1111110002
54423  -53.328  -29.363  70.721 0.4444440007
54409  -54.410  -29.364  72.128 0.2222220004
55493  -52.941  -28.964  69.978 0.5555559993
54439  -52.184  -29.372  69.615 0.6666669846
54422  -52.569  -29.772  70.348 0.6666669846
55518  -51.575  -28.589  68.338 1.0000000000
54456  -50.910  -29.382  68.593 1.0000000000
136927  -50.936  -28.808  68.002 1.0000000000
55517  -50.147  -29.183  67.959 1.0000000000
154226  -56.049  -28.488  72.655 0.1111110002
56385  -56.237  -27.852  72.221 0.2222220004
55484  -55.694  -28.201  72.251 0.2222220004
55472  -56.559  -28.509  72.569 0.2222220004
55471  -55.658  -28.913  72.862 0.1111110002
56396  -55.362  -27.751  71.433 0.2222220004
55495  -54.599  -28.180  70.881 0.2222220004
55483  -54.950  -28.557  71.720 0.2222220004
55494  -53.727  -28.556  70.411 0.5555559993
56406  -54.131  -27.758  70.156 0.5555559993
56407  -55.014  -27.387  70.629 0.2222220004
55508  -53.296  -28.154  69.706 0.6666669846
55519  -52.252  -28.225  68.673 0.8888890147
56419  -52.908  -27.816  69.045 0.7777780294
56428  -51.984  -27.892  68.099 1.0000000000
56429  -52.573  -27.527  68.432 0.7777780294
55529  -50.617  -28.511  67.469 1.0000000000
56441  -51.742  -27.473  67.520 1.0000000000
55543  -50.164  -28.150  66.743 1.0000000000
56440  -51.045  -27.814  67.064 1.0000000000
56461  -49.417  -27.203  65.300 1.0000000000
56449  -49.830  -27.603  66.038 1.0000000000
55473  -57.333  -28.252  72.255 0.1111110002
56397  -55.944  -27.410  71.717 0.2222220004
161926  -56.092  -26.773  71.279 0.2222220004
57314  -55.665  -25.762  70.289 0.3333329856
57300  -55.381  -26.603  70.419 0.2222220004
57313  -54.989  -26.187  69.754 0.2222220004
56430  -53.678  -27.399  69.449 0.5555559993
56420  -54.579  -26.989  69.906 0.6666669846
159784  -53.233  -27.089  68.752 0.7777780294
57312  -54.039  -26.533  69.186 0.6666669846
56442  -52.288  -27.294  67.900 1.0000000000
57326  -52.802  -26.827  68.087 0.7777780294
57327  -53.436  -26.333  68.432 0.7777780294
57336  -52.249  -26.647  67.410 1.0000000000
56451  -51.454  -26.989  66.842 1.0000000000
57344  -51.089  -26.505  66.054 1.0000000000
157512  -49.892  -26.606  65.147 1.0000000000
57361  -48.638  -26.764  64.234 1.0000000000
56386  -56.821  -27.628  72.190 0.2222220004
56398  -56.463  -27.004  71.612 0.2222220004
57301  -55.955  -26.274  70.795 0.2222220004
58228  -55.234  -25.268  69.658 0.4444440007
138975  -54.557  -25.837  69.223 0.5555559993
146054  -54.010  -25.907  68.759 0.5555559993
57337  -52.979  -26.068  67.781 0.7777780294
58247  -53.688  -25.609  68.169 0.7777780294
57346  -52.578  -25.767  67.124 0.8888890147
57345  -51.873  -26.168  66.667 1.0000000000
160438  -51.060  -25.877  65.611 1.0000000000
58280  -50.688  -25.585  65.097 1.0000000000
57354  -50.488  -26.270  65.384 1.0000000000
58295  -49.541  -25.813  64.357 1.0000000000
58321  -48.131  -24.909  63.020 1.0000000000
57376  -48.968  -26.055  64.012 1.0000000000
59327  -47.608  -24.656  62.350 0.7777780294
59337  -46.996  -24.394  61.578 0.4444440007
57278  -57.055  -26.890  71.750 0.1111110002
57285  -56.363  -26.133  71.099 0.1111110002
57286  -56.776  -26.116  71.377 0.1111110002
58211  -56.236  -25.318  70.632 0.2222220004
58197  -56.627  -25.320  71.000 0.2222220004
58229  -55.861  -24.964  70.248 0.2222220004
58248  -54.483  -25.170  68.764 0.4444440007
59242  -54.615  -24.100  68.493 0.7777780294
58260  -53.272  -25.314  67.499 0.7777780294
59262  -53.510  -24.563  67.245 0.7777780294
58261  -53.978  -24.814  67.918 0.6666669846
139441  -52.902  -25.015  66.866 0.7777780294
58270  -52.260  -25.410  66.479 1.0000000000
59293  -52.246  -24.351  65.774 0.8888890147
59277  -53.137  -24.257  66.661 0.8888890147
57355  -51.609  -25.714  66.044 1.0000000000
58282  -51.988  -25.023  65.885 1.0000000000
58281  -51.367  -25.277  65.471 1.0000000000
59292  -51.706  -24.532  65.342 1.0000000000
162441  -52.118  -23.530  65.356 1.0000000000
58296  -50.106  -25.176  64.488 1.0000000000
58297  -50.998  -24.828  64.887 1.0000000000
59328  -48.665  -24.289  63.111 0.8888890147
59319  -49.225  -24.377  63.594 1.0000000000
144801  -49.839  -23.729  63.807 1.0000000000
159014  -48.140  -24.169  62.648 0.8888890147
59356  -46.720  -23.756  61.049 0.4444440007
59338  -47.709  -23.932  62.072 0.6666669846
60292  -48.265  -23.557  62.362 0.7777780294
60314  -46.275  -23.448  60.528 0.3333329856
61417  -47.649  -22.809  61.366 0.3333329856
162671  -48.352  -23.119  62.159 0.7777780294
61449  -46.336  -22.710  60.347 0.2222220004
61431  -47.368  -22.353  60.962 0.4444440007
56399  -57.711  -27.025  71.533 0.1111110002
58198  -57.041  -25.309  71.308 0.1111110002
59203  -56.230  -24.221  70.466 0.3333329856
59222  -55.625  -24.307  69.951 0.3333329856
59221  -55.057  -24.492  69.285 0.4444440007
60204  -55.260  -23.568  69.479 0.4444440007
60219  -54.760  -23.116  68.731 0.4444440007
150342  -53.636  -23.895  67.047 0.7777780294
59263  -54.032  -24.004  67.633 0.6666669846
61370  -53.459  -22.508  66.739 0.7777780294
61369  -53.010  -21.922  66.151 0.7777780294
60267  -52.753  -23.879  66.081 0.8888890147
61387  -52.443  -22.382  65.481 0.7777780294
62501  -52.510  -21.356  65.643 0.7777780294
62500  -51.984  -20.858  65.154 0.7777780294
144165  -52.456  -20.364  65.796 0.6666669846
63591  -51.883  -19.908  65.326 0.6666669846
59311  -51.301  -24.027  64.850 1.0000000000
60280  -51.368  -23.290  64.718 1.0000000000
61386  -51.989  -21.858  64.974 1.0000000000
62511  -51.447  -21.356  64.569 1.0000000000
63598  -51.391  -20.355  64.775 0.8888890147
146975  -51.348  -19.457  64.940 0.7777780294
59310  -50.521  -24.188  64.398 1.0000000000
61404  -50.396  -22.421  63.857 0.8888890147
159425  -51.263  -22.400  64.456 1.0000000000
159886  -50.890  -21.721  64.152 1.0000000000
63597  -50.864  -19.906  64.336 0.8888890147
64579  -50.925  -19.066  64.359 0.8888890147
65548  -51.536  -18.696  64.922 0.7777780294
163538  -48.603  -23.750  62.781 0.8888890147
59329  -49.138  -23.688  63.191 1.0000000000
60284  -49.631  -22.915  63.333 0.8888890147
62519  -50.315  -21.416  63.801 1.0000000000
146974  -50.268  -19.473  63.899 1.0000000000
61403  -49.772  -21.956  63.342 0.8888890147
63607  -49.701  -20.001  63.428 1.0000000000
65558  -50.464  -18.706  63.714 1.0000000000
65547  -51.155  -18.399  64.097 1.0000000000
60293  -48.815  -23.015  62.602 0.8888890147
145852  -48.837  -22.041  62.358 0.8888890147
61410  -49.256  -22.314  62.903 0.8888890147
62528  -49.242  -21.478  62.909 0.8888890147
62518  -49.707  -20.971  63.411 1.0000000000
65557  -50.015  -18.321  63.044 1.0000000000
66529  -50.751  -18.062  63.346 1.0000000000
61418  -48.298  -22.576  61.869 0.6666669846
62535  -48.392  -21.598  61.725 0.7777780294
62527  -48.819  -21.078  62.324 0.8888890147
63614  -48.795  -20.123  62.318 0.8888890147
147287  -49.229  -19.583  62.892 1.0000000000
64588  -49.788  -19.072  63.340 1.0000000000
65566  -49.318  -18.680  62.749 1.0000000000
66535  -49.451  -17.828  62.307 1.0000000000
62545  -46.793  -21.338  60.351 0.2222220004
62534  -47.913  -21.152  61.170 0.4444440007
63622  -48.390  -20.650  61.696 0.6666669846
63632  -46.691  -20.439  60.232 0.3333329856
63633  -47.351  -20.776  60.681 0.4444440007
63621  -47.847  -20.232  61.191 0.5555559993
64601  -48.346  -19.712  61.756 0.7777780294
65565  -48.791  -19.186  62.335 0.8888890147
65572  -48.318  -18.787  61.816 0.8888890147
65573  -48.812  -18.327  62.192 0.8888890147
64609  -46.518  -19.439  60.208 0.5555559993
64610  -47.222  -19.797  60.699 0.5555559993
64600  -47.762  -19.234  61.287 0.6666669846
66543  -48.683  -17.682  61.741 0.8888890147
65600  -46.259  -18.442  60.119 0.5555559993
65585  -47.089  -18.616  60.699 0.6666669846
60176  -56.637  -23.903  70.796 0.1111110002
58199  -57.688  -25.415  71.172 0.1111110002
142556  -55.955  -23.488  70.194 0.3333329856
60191  -56.437  -23.383  70.557 0.2222220004
61320  -55.218  -22.759  69.369 0.4444440007
61321  -55.733  -22.833  69.934 0.2222220004
60238  -54.328  -23.404  68.040 0.4444440007
61353  -54.342  -22.598  68.157 0.4444440007
60237  -53.892  -23.140  67.360 0.6666669846
61352  -53.881  -22.060  67.565 0.6666669846
62488  -53.024  -20.870  66.301 0.7777780294
146574  -52.362  -19.533  65.806 0.6666669846
144574  -52.337  -18.992  65.747 0.5555559993
65537  -52.485  -18.557  65.588 0.6666669846
64569  -51.845  -19.160  65.419 0.6666669846
66518  -51.799  -18.058  64.429 0.7777780294
65536  -52.127  -18.295  65.097 0.6666669846
66519  -52.480  -17.807  64.601 0.7777780294
67508  -53.091  -17.232  63.971 0.7777780294
66530  -51.520  -17.787  63.600 0.8888890147
67517  -52.057  -17.100  62.910 0.8888890147
67525  -51.598  -16.435  62.204 0.8888890147
66537  -51.211  -17.406  62.759 0.8888890147
68556  -51.555  -15.535  61.766 0.8888890147
66536  -50.369  -17.668  62.574 0.8888890147
67524  -50.866  -17.011  62.061 0.7777780294
67535  -50.689  -15.968  61.460 0.7777780294
140259  -49.222  -17.096  61.493 0.7777780294
67534  -49.787  -16.403  61.273 0.7777780294
164413  -48.328  -18.086  61.748 0.8888890147
65571  -47.812  -18.274  61.368 0.6666669846
67533  -48.448  -17.018  61.164 0.8888890147
65599  -45.965  -17.764  59.928 0.5555559993
65584  -46.581  -17.668  60.340 0.7777780294
67532  -47.767  -16.984  60.824 0.7777780294
66553  -46.426  -17.086  60.195 0.6666669846
66554  -47.037  -17.049  60.489 0.7777780294
59191  -57.988  -24.701  70.953 0.1111110002
60178  -56.954  -23.786  71.114 0.1111110002
60177  -56.704  -23.344  70.788 0.1111110002
61291  -56.576  -22.771  70.620 0.2222220004
62417  -56.118  -22.250  70.213 0.2222220004
61335  -54.890  -22.241  68.906 0.3333329856
62452  -55.276  -21.357  69.019 0.3333329856
63547  -54.746  -20.692  68.216 0.3333329856
62468  -54.032  -21.014  67.654 0.3333329856
63567  -54.210  -20.088  67.623 0.3333329856
62489  -53.487  -21.472  66.919 0.5555559993
63566  -53.563  -20.436  67.025 0.4444440007
64545  -53.740  -19.617  67.009 0.4444440007
64559  -53.302  -19.195  66.464 0.3333329856
64546  -54.417  -19.415  67.464 0.3333329856
63582  -53.023  -19.853  66.359 0.6666669846
64558  -52.758  -19.261  66.089 0.6666669846
65526  -54.300  -18.420  66.762 0.3333329856
65524  -52.890  -18.852  66.013 0.5555559993
66506  -52.875  -18.034  65.281 0.6666669846
66507  -53.534  -17.991  65.788 0.3333329856
66520  -53.626  -17.490  65.156 0.3333329856
143266  -53.154  -17.554  64.698 0.5555559993
67509  -53.696  -16.952  64.427 0.4444440007
159404  -52.870  -16.541  63.203 0.7777780294
67518  -53.642  -16.368  63.725 0.6666669846
67510  -54.220  -16.249  64.251 0.3333329856
67526  -52.357  -16.283  62.595 0.8888890147
68542  -53.527  -15.597  63.131 0.5555559993
68548  -52.200  -15.605  62.152 0.7777780294
68550  -53.305  -14.622  62.550 0.7777780294
162554  -51.124  -14.895  61.518 0.8888890147
69574  -52.580  -14.038  62.131 0.8888890147
69573  -51.964  -14.666  61.741 0.8888890147
68555  -49.643  -15.444  61.058 0.7777780294
67547  -49.046  -16.254  60.965 0.8888890147
67546  -48.264  -16.080  60.648 0.6666669846
67543  -46.025  -16.755  59.873 0.6666669846
67544  -46.725  -16.517  60.154 0.7777780294
67545  -47.457  -16.318  60.435 0.7777780294
159837  -47.806  -15.561  60.374 0.6666669846
67560  -45.485  -16.266  59.601 0.5555559993
68566  -47.198  -15.702  60.093 0.6666669846
69592  -47.856  -14.894  60.123 0.6666669846
162107  -46.352  -15.209  59.251 0.6666669846
69610  -46.767  -14.708  58.989 0.6666669846
68583  -46.994  -15.132  59.631 0.6666669846
62418  -56.597  -22.038  70.593 0.2222220004
152348  -55.847  -21.618  69.776 0.2222220004
63506  -56.304  -21.465  70.164 0.2222220004
64503  -57.290  -20.452  70.079 0.1111110002
63548  -55.459  -20.431  68.741 0.3333329856
63528  -55.920  -20.923  69.547 0.3333329856
64530  -54.938  -19.898  68.033 0.3333329856
64547  -55.178  -19.203  67.852 0.3333329856
65488  -57.480  -19.027  69.178 0.2222220004
66497  -54.029  -18.013  66.265 0.3333329856
136439  -54.692  -17.749  66.479 0.3333329856
66508  -54.266  -17.375  65.754 0.3333329856
151351  -55.530  -17.453  66.756 0.3333329856
66509  -55.155  -17.032  66.060 0.3333329856
66521  -54.255  -16.828  64.900 0.3333329856
67500  -54.869  -16.583  65.288 0.3333329856
68535  -54.739  -15.637  64.263 0.3333329856
69558  -55.483  -14.293  64.109 0.3333329856
69567  -54.778  -13.967  63.414 0.3333329856
69575  -52.992  -13.591  62.502 0.7777780294
69566  -53.726  -13.551  62.926 0.5555559993
70544  -51.970  -13.547  61.846 0.7777780294
152755  -52.607  -12.559  62.397 0.7777780294
69581  -50.297  -14.514  61.139 0.7777780294
69582  -51.217  -13.989  61.450 0.7777780294
70553  -51.550  -13.307  61.368 0.7777780294
70554  -52.148  -12.714  61.899 0.8888890147
69580  -49.401  -14.509  60.789 0.7777780294
69595  -49.904  -13.905  60.646 0.7777780294
70552  -50.732  -13.688  60.972 0.7777780294
70566  -51.261  -13.200  60.812 0.7777780294
71547  -51.840  -12.752  61.239 0.7777780294
68568  -48.864  -15.221  60.772 0.7777780294
70565  -50.426  -13.542  60.544 0.7777780294
72645  -52.346  -12.168  61.438 0.8888890147
145959  -48.891  -14.551  60.554 0.7777780294
70564  -49.695  -13.742  60.352 0.7777780294
71564  -50.990  -13.207  60.339 0.7777780294
68567  -48.377  -15.018  60.496 0.7777780294
69613  -49.072  -13.960  60.173 0.7777780294
69612  -48.386  -14.302  59.802 0.7777780294
70580  -49.484  -13.607  59.843 0.7777780294
70581  -50.190  -13.421  60.116 0.7777780294
69611  -47.568  -14.571  59.399 0.6666669846
70579  -48.840  -13.843  59.447 0.7777780294
70593  -49.417  -13.552  58.845 0.7777780294
69626  -47.384  -14.341  58.546 0.7777780294
150449  -48.151  -14.121  58.980 0.7777780294
70592  -48.720  -13.786  58.479 0.7777780294
70605  -49.395  -13.546  57.805 0.7777780294
70604  -48.676  -13.829  57.558 0.5555559993
70606  -50.124  -13.274  58.093 0.7777780294
69655  -47.820  -14.179  56.688 0.5555559993
70618  -48.574  -13.928  56.729 0.5555559993
70619  -49.315  -13.569  56.850 0.6666669846
69670  -48.337  -13.995  55.904 0.5555559993
146424  -49.090  -13.616  56.007 0.5555559993
70628  -48.026  -14.000  54.988 0.3333329856
155472  -48.809  -13.641  55.180 0.5555559993
63507  -56.849  -21.267  70.472 0.2222220004
63529  -56.566  -20.670  69.949 0.2222220004
64515  -56.982  -19.812  69.628 0.2222220004
64514  -56.189  -20.125  69.229 0.3333329856
64531  -55.672  -19.625  68.521 0.3333329856
64532  -56.565  -19.306  68.943 0.3333329856
65503  -57.076  -18.510  68.635 0.3333329856
65502  -56.081  -18.854  68.268 0.3333329856
65519  -55.580  -18.509  67.626 0.3333329856
158023  -56.724  -17.328  67.539 0.3333329856
65527  -55.082  -18.144  67.070 0.3333329856
66489  -55.999  -17.808  67.275 0.3333329856
66491  -57.437  -17.105  67.954 0.3333329856
66498  -56.392  -17.046  67.075 0.3333329856
67479  -57.213  -16.592  67.513 0.3333329856
68508  -57.728  -15.639  67.548 0.2222220004
67490  -56.038  -16.661  66.391 0.3333329856
67501  -55.631  -16.213  65.570 0.3333329856
68528  -56.504  -15.601  66.022 0.2222220004
69542  -57.009  -14.568  66.224 0.2222220004
68527  -55.881  -15.389  65.100 0.3333329856
69549  -56.034  -14.616  64.759 0.3333329856
69550  -56.654  -14.147  65.398 0.2222220004
71524  -56.279  -12.688  64.883 0.2222220004
70522  -56.848  -13.251  65.600 0.2222220004
71533  -54.723  -12.143  63.913 0.3333329856
142766  -56.255  -11.559  65.120 0.2222220004
71541  -53.021  -12.166  62.706 0.6666669846
71532  -54.100  -11.885  63.555 0.4444440007
73603  -55.278  -10.859  64.266 0.3333329856
71540  -52.678  -12.128  62.166 0.8888890147
72603  -54.153  -11.347  63.444 0.6666669846
72604  -54.599  -11.018  63.755 0.3333329856
157255  -53.484  -11.330  62.350 0.6666669846
73612  -54.257  -10.934  63.273 0.4444440007
71565  -51.791  -12.634  60.662 0.7777780294
162074  -52.766  -11.846  61.262 0.7777780294
72625  -52.976  -11.669  61.851 0.7777780294
71594  -50.854  -13.078  59.508 0.7777780294
71582  -51.469  -12.827  59.880 0.7777780294
70594  -50.136  -13.350  59.179 0.7777780294
71607  -50.856  -12.997  58.424 0.7777780294
70620  -50.060  -13.196  57.066 0.6666669846
71620  -50.776  -12.885  57.369 0.6666669846
70629  -49.891  -13.144  56.044 0.6666669846
71634  -51.376  -12.502  55.843 0.6666669846
70638  -46.859  -13.774  54.136 0.1111110002
153989  -47.652  -13.715  54.210 0.3333329856
70639  -48.447  -13.554  54.320 0.5555559993
71644  -49.964  -12.987  55.102 0.5555559993
136289  -50.590  -12.759  55.554 0.6666669846
74539  -57.028  -9.811  65.089 0.2222220004
74540  -57.815  -9.281  65.551 0.2222220004
74531  -58.296  -9.403  66.401 0.1111110002
159188  -58.710  -8.884  66.093 0.1111110002
73621  -54.639  -10.550  62.906 0.5555559993
73613  -54.867  -10.646  63.588 0.4444440007
73630  -54.485  -10.865  61.407 0.6666669846
72646  -53.351  -11.604  60.937 0.7777780294
72626  -53.660  -11.206  61.696 0.7777780294
71583  -52.235  -12.503  59.684 0.7777780294
71566  -52.669  -12.077  60.549 0.8888890147
145207  -53.446  -11.800  60.026 0.7777780294
154839  -54.058  -11.194  60.892 0.7777780294
71584  -53.084  -12.110  59.436 0.7777780294
71595  -51.728  -12.777  58.804 0.7777780294
71596  -52.678  -12.405  58.695 0.7777780294
71608  -51.549  -12.729  57.678 0.7777780294
141612  -52.382  -12.552  57.845 0.7777780294
140559  -52.124  -12.486  57.005 0.7777780294
139905  -53.194  -12.284  57.908 0.7777780294
71621  -51.386  -12.588  56.761 0.6666669846
71609  -52.940  -12.388  57.097 0.7777780294
71622  -52.605  -12.350  56.372 0.6666669846
71623  -53.468  -12.171  56.300 0.7777780294
155764  -50.005  -12.951  54.341 0.5555559993
146908  -50.572  -12.770  54.724 0.5555559993
156115  -51.118  -12.588  55.116 0.5555559993
158209  -51.923  -12.417  56.336 0.6666669846
71635  -53.464  -12.095  55.400 0.7777780294
71636  -54.210  -11.928  55.728 0.7777780294
70653  -49.593  -12.918  53.607 0.3333329856
71661  -50.531  -12.710  53.750 0.4444440007
71645  -51.233  -12.580  54.406 0.5555559993
136893  -51.863  -12.413  54.979 0.6666669846
138192  -52.716  -12.241  55.142 0.6666669846
74547  -56.547  -9.778  64.116 0.2222220004
73622  -55.347  -10.184  62.917 0.4444440007
148029  -57.390  -9.350  64.430 0.3333329856
74541  -58.371  -8.847  64.810 0.2222220004
73631  -54.973  -10.488  62.094 0.4444440007
73632  -56.073  -10.227  61.821 0.4444440007
74567  -57.066  -9.771  61.897 0.4444440007
72647  -54.812  -11.042  60.380 0.5555559993
140523  -54.067  -11.455  60.145 0.8888890147
72658  -55.237  -11.188  59.648 0.5555559993
71597  -53.406  -12.123  58.635 0.7777780294
72656  -54.065  -11.759  59.138 0.7777780294
71598  -53.976  -12.007  58.081 0.7777780294
71610  -53.759  -12.135  57.216 0.7777780294
71611  -54.567  -11.831  57.400 0.7777780294
72676  -55.133  -11.691  56.775 0.7777780294
159550  -55.921  -11.498  56.882 0.7777780294
72689  -54.976  -11.782  56.014 0.7777780294
72704  -54.894  -11.758  55.217 0.7777780294
71676  -49.933  -12.498  52.862 0.3333329856
157695  -51.875  -12.424  54.205 0.5555559993
71646  -52.547  -12.256  54.376 0.7777780294
71647  -53.343  -12.058  54.598 0.7777780294
72721  -54.797  -11.721  54.390 0.7777780294
72753  -50.267  -11.941  52.164 0.4444440007
71678  -51.800  -12.171  52.852 0.5555559993
71664  -53.181  -12.017  53.689 0.6666669846
72720  -54.006  -11.837  54.082 0.7777780294
72741  -54.660  -11.628  53.610 0.7777780294
142360  -57.086  -9.417  63.530 0.3333329856
74548  -57.863  -9.042  63.588 0.3333329856
146123  -59.273  -8.499  64.749 0.2222220004
74555  -57.440  -9.350  62.695 0.4444440007
74556  -58.396  -9.032  62.677 0.3333329856
73647  -55.419  -10.685  61.095 0.5555559993
163278  -57.526  -9.868  61.338 0.4444440007
73655  -55.871  -10.951  60.124 0.5555559993
72657  -54.645  -11.366  59.641 0.8888890147
136755  -55.839  -11.218  59.191 0.6666669846
72665  -54.781  -11.669  58.250 0.8888890147
137463  -55.628  -11.376  58.360 0.6666669846
72678  -56.202  -11.311  57.675 0.5555559993
72677  -55.372  -11.556  57.553 0.8888890147
72690  -55.608  -11.595  56.255 0.7777780294
137031  -57.257  -11.261  56.094 0.6666669846
72706  -56.342  -11.428  56.055 0.7777780294
139883  -56.205  -11.393  55.268 0.7777780294
72723  -56.514  -11.265  54.664 0.7777780294
72722  -55.655  -11.505  54.720 0.7777780294
71679  -52.665  -11.979  52.923 0.5555559993
72739  -53.350  -11.786  52.954 0.7777780294
72740  -53.935  -11.701  53.299 0.7777780294
72755  -52.177  -11.710  52.250 0.5555559993
72756  -53.037  -11.590  52.367 0.5555559993
75494  -58.846  -8.731  63.734 0.3333329856
75504  -60.616  -8.429  63.156 0.3333329856
74568  -58.007  -9.486  61.721 0.4444440007
75516  -60.157  -8.828  61.917 0.3333329856
73648  -56.256  -10.580  60.853 0.4444440007
74583  -57.964  -9.960  60.783 0.4444440007
74569  -59.493  -9.353  61.262 0.3333329856
73649  -57.503  -10.435  60.324 0.4444440007
137950  -58.777  -9.634  61.083 0.4444440007
138182  -56.818  -10.756  60.274 0.5555559993
73656  -57.418  -10.756  59.703 0.4444440007
72659  -56.654  -11.024  59.481 0.5555559993
73664  -57.974  -10.896  58.621 0.5555559993
72666  -56.561  -11.145  58.520 0.5555559993
72667  -57.380  -11.049  58.233 0.5555559993
137784  -58.012  -11.075  58.013 0.5555559993
138604  -56.898  -11.154  57.779 0.5555559993
72679  -57.561  -11.177  57.528 0.5555559993
72680  -58.471  -11.125  57.390 0.5555559993
72691  -56.850  -11.324  56.974 0.5555559993
72692  -57.782  -11.261  56.759 0.5555559993
72693  -58.596  -11.204  56.483 0.5555559993
72694  -59.417  -11.189  56.146 0.5555559993
72707  -56.890  -11.267  55.346 0.7777780294
163190  -57.990  -11.182  56.055 0.6666669846
72708  -58.641  -11.191  55.514 0.5555559993
72709  -59.717  -11.164  55.236 0.6666669846
139734  -57.701  -11.171  55.386 0.6666669846
72725  -58.163  -11.057  54.692 0.7777780294
72743  -56.840  -11.050  53.978 0.7777780294
72724  -57.309  -11.110  54.648 0.7777780294
72773  -53.522  -11.187  51.868 0.2222220004
72774  -54.497  -11.070  52.073 0.7777780294
155550  -55.246  -11.387  53.211 0.7777780294
72760  -56.181  -11.054  53.241 0.7777780294
143599  -56.149  -11.300  54.075 0.7777780294
73738  -52.144  -10.933  51.055 0.2222220004
72757  -53.821  -11.474  52.568 0.6666669846
72758  -54.582  -11.445  52.867 0.7777780294
74685  -58.033  -8.976  50.297 0.7777780294
75619  -59.362  -8.505  49.591 0.7777780294
138521  -61.372  -8.387  62.381 0.3333329856
75518  -62.584  -8.673  61.975 0.4444440007
139795  -60.181  -9.297  60.963 0.3333329856
74584  -59.445  -9.764  60.621 0.4444440007
74585  -60.893  -9.359  60.506 0.4444440007
73657  -58.594  -10.609  59.046 0.4444440007
73651  -59.424  -10.230  59.730 0.4444440007
74593  -60.570  -9.912  59.806 0.4444440007
72668  -58.642  -10.860  58.229 0.4444440007
73665  -59.419  -10.580  58.641 0.4444440007
73666  -60.908  -10.372  58.573 0.4444440007
138443  -61.177  -10.689  57.839 0.4444440007
149583  -60.233  -10.670  58.201 0.4444440007
73684  -61.864  -10.919  57.140 0.4444440007
72669  -59.438  -10.930  57.725 0.4444440007
73675  -60.289  -10.984  57.444 0.5555559993
72682  -60.981  -11.086  56.971 0.4444440007
72697  -62.321  -10.951  56.401 0.4444440007
137893  -60.122  -11.155  56.711 0.5555559993
72695  -60.867  -11.168  56.203 0.5555559993
72711  -61.656  -11.078  55.685 0.4444440007
140352  -60.168  -11.155  55.960 0.5555559993
72710  -60.690  -11.140  55.432 0.5555559993
73691  -62.717  -10.850  55.609 0.4444440007
136805  -58.965  -11.117  54.727 0.7777780294
72744  -57.750  -10.860  53.886 0.7777780294
72761  -57.107  -10.750  53.395 0.7777780294
73739  -53.097  -10.855  51.192 0.3333329856
73740  -54.001  -10.663  51.379 0.4444440007
73741  -55.307  -10.733  51.979 0.7777780294
73727  -56.976  -10.481  52.750 0.7777780294
73728  -57.621  -10.116  52.427 0.7777780294
73754  -52.643  -10.489  50.519 0.2222220004
73755  -53.579  -10.356  50.681 0.2222220004
144016  -54.866  -10.510  51.466 0.6666669846
148113  -55.684  -10.317  51.563 0.7777780294
145219  -56.989  -10.090  52.071 0.7777780294
73743  -57.148  -9.699  51.438 0.7777780294
163646  -58.516  -9.058  50.792 0.7777780294
74680  -53.154  -10.073  49.923 0.2222220004
75605  -59.068  -8.804  50.301 0.7777780294
76587  -59.716  -7.408  46.532 0.6666669846
148195  -58.848  -7.563  46.371 0.5555559993
74587  -62.735  -9.068  61.051 0.4444440007
74586  -61.845  -9.028  60.762 0.4444440007
74594  -61.569  -9.501  60.009 0.4444440007
73659  -62.327  -9.709  59.522 0.4444440007
73658  -61.229  -10.033  59.262 0.4444440007
73667  -61.802  -10.268  58.673 0.4444440007
148135  -62.328  -10.472  57.956 0.4444440007
73676  -62.862  -10.650  57.212 0.4444440007
73692  -63.866  -10.454  55.637 0.4444440007
73720  -62.215  -10.485  54.295 0.5555559993
73706  -62.994  -10.577  54.816 0.4444440007
72727  -60.457  -11.010  54.710 0.7777780294
72728  -61.288  -11.007  54.916 0.4444440007
72745  -58.670  -10.897  54.064 0.7777780294
72726  -59.630  -10.926  54.260 0.7777780294
73717  -59.141  -10.592  53.475 0.7777780294
73703  -59.996  -10.509  53.560 0.7777780294
73716  -58.385  -10.604  53.450 0.7777780294
144630  -58.622  -10.244  52.811 0.7777780294
73729  -59.567  -10.165  52.853 0.7777780294
74651  -60.439  -9.994  53.051 0.7777780294
74660  -60.097  -9.609  52.215 0.7777780294
73715  -57.786  -10.436  53.055 0.7777780294
164314  -58.076  -10.139  52.615 0.7777780294
73744  -58.273  -9.833  52.147 0.7777780294
160959  -59.135  -9.805  52.207 0.7777780294
73745  -59.502  -9.356  51.596 0.7777780294
74669  -60.879  -9.076  51.837 0.7777780294
161195  -57.619  -9.810  51.886 0.7777780294
143898  -58.782  -9.507  51.684 0.7777780294
137501  -58.958  -9.151  51.112 0.7777780294
74686  -59.895  -8.870  50.823 0.7777780294
76556  -61.383  -7.751  49.290 0.7777780294
76566  -61.850  -7.246  48.707 0.7777780294
76555  -60.687  -7.978  48.944 0.7777780294
152829  -61.120  -7.623  48.503 0.7777780294
76565  -60.259  -7.851  48.241 0.7777780294
136310  -60.895  -7.507  47.867 0.7777780294
76575  -59.386  -7.830  47.405 0.6666669846
140973  -60.341  -7.499  47.336 0.7777780294
152556  -59.231  -7.131  45.759 0.4444440007
73669  -63.436  -10.110  58.078 0.4444440007
73677  -63.878  -10.269  57.287 0.4444440007
74610  -64.461  -9.654  58.159 0.4444440007
137498  -63.318  -10.673  56.420 0.4444440007
73686  -65.561  -9.467  56.768 0.4444440007
73685  -64.192  -10.319  56.539 0.4444440007
73693  -64.734  -9.928  55.441 0.4444440007
74642  -63.982  -9.987  54.643 0.4444440007
161667  -61.640  -10.736  54.488 0.6666669846
74641  -62.892  -9.990  54.043 0.5555559993
157619  -60.373  -10.747  54.114 0.7777780294
73718  -60.752  -10.367  53.728 0.7777780294
73719  -61.505  -10.384  53.966 0.5555559993
74653  -62.049  -9.938  53.651 0.5555559993
74652  -61.230  -9.888  53.341 0.7777780294
74662  -61.794  -9.363  53.000 0.5555559993
75589  -62.343  -8.867  52.654 0.6666669846
74661  -60.989  -9.449  52.636 0.7777780294
75588  -61.636  -8.961  52.230 0.7777780294
148215  -62.653  -7.140  49.864 0.7777780294
77456  -63.229  -6.548  49.423 0.7777780294
142026  -62.083  -7.329  49.358 0.7777780294
77461  -61.541  -7.200  47.955 0.7777780294
77470  -61.804  -6.787  47.289 0.7777780294
76576  -61.093  -7.185  47.269 0.7777780294
76588  -60.529  -7.149  46.585 0.7777780294
77481  -61.266  -6.787  46.555 0.7777780294
161582  -59.949  -7.069  45.937 0.5555559993
77480  -60.586  -6.789  45.841 0.5555559993
144130  -60.560  -6.461  45.234 0.5555559993
77493  -59.757  -6.710  45.247 0.4444440007
74628  -65.591  -9.286  55.994 0.4444440007
75574  -65.264  -8.668  54.455 0.5555559993
74643  -65.043  -9.434  54.931 0.4444440007
74654  -63.580  -9.231  53.713 0.5555559993
74655  -64.465  -9.227  54.262 0.5555559993
75590  -63.443  -8.093  52.738 0.5555559993
75581  -63.044  -8.735  53.030 0.5555559993
77463  -63.149  -6.319  48.574 0.7777780294
77455  -62.544  -6.849  49.013 0.7777780294
77471  -62.418  -6.369  47.270 0.7777780294
77482  -62.001  -6.359  46.593 0.7777780294
77494  -61.391  -6.321  45.731 0.5555559993
138957  -60.516  -5.776  44.099 0.4444440007
77506  -60.970  -6.079  44.838 0.5555559993
78444  -59.566  -5.869  43.907 0.4444440007
77505  -60.075  -6.257  44.613 0.4444440007
78443  -58.668  -5.836  43.834 0.4444440007
77504  -59.185  -6.308  44.516 0.4444440007
74644  -65.832  -8.671  55.360 0.4444440007
75576  -66.794  -8.022  54.802 0.3333329856
76518  -66.300  -7.703  54.482 0.5555559993
75582  -64.468  -8.497  53.755 0.5555559993
75591  -64.356  -7.727  53.171 0.5555559993
136589  -63.728  -8.434  53.273 0.5555559993
76532  -63.826  -7.402  52.449 0.6666669846
76541  -64.254  -6.812  52.030 0.6666669846
77447  -63.927  -6.634  50.943 0.6666669846
77464  -63.778  -5.995  49.082 0.6666669846
78411  -63.739  -5.712  48.304 0.7777780294
78419  -62.697  -5.899  46.762 0.7777780294
78432  -62.270  -5.842  45.957 0.7777780294
78431  -61.834  -5.755  45.135 0.7777780294
79449  -62.653  -5.289  45.313 0.7777780294
78445  -61.446  -5.555  44.354 0.6666669846
76533  -64.700  -7.075  52.729 0.6666669846
77433  -65.177  -6.517  52.405 0.6666669846
77441  -64.886  -6.235  51.625 0.6666669846
77448  -64.811  -5.849  50.636 0.6666669846
78404  -64.481  -5.648  49.554 0.6666669846
78412  -64.230  -5.496  48.820 0.6666669846
79426  -64.348  -5.111  48.221 0.7777780294
78420  -63.826  -5.300  47.557 0.7777780294
78426  -63.880  -4.912  46.917 0.7777780294
164504  -63.258  -4.984  45.717 0.7777780294
78446  -62.149  -5.331  44.623 0.6666669846
136793  -63.224  -4.645  45.120 0.7777780294
78455  -61.062  -5.299  43.552 0.6666669846
79457  -61.976  -5.016  43.861 0.6666669846
79458  -62.657  -4.838  44.531 0.7777780294
78454  -60.063  -5.448  43.252 0.4444440007
76526  -67.477  -7.628  53.992 0.3333329856
77419  -66.812  -7.228  54.020 0.4444440007
77427  -67.129  -6.991  53.703 0.3333329856
77434  -65.933  -6.272  52.732 0.5555559993
78374  -66.921  -6.284  53.055 0.5555559993
77442  -65.720  -5.910  52.130 0.6666669846
78384  -67.185  -5.783  52.501 0.5555559993
77449  -65.491  -5.702  51.458 0.6666669846
78397  -65.748  -5.251  51.002 0.6666669846
78405  -65.333  -5.189  50.056 0.6666669846
78413  -64.924  -5.010  49.045 0.6666669846
79427  -64.982  -4.508  48.298 0.6666669846
79434  -65.302  -3.905  47.770 0.6666669846
79433  -64.511  -4.569  47.394 0.7777780294
79443  -64.988  -3.669  46.770 0.6666669846
79442  -64.176  -4.336  46.403 0.7777780294
157751  -64.974  -3.131  45.917 0.7777780294
79451  -64.065  -3.960  45.736 0.7777780294
79459  -63.182  -4.210  44.425 0.7777780294
80524  -63.734  -3.901  45.055 0.7777780294
79483  -59.224  -3.996  41.947 0.4444440007
79484  -60.238  -4.268  41.967 0.5555559993
146866  -62.622  -4.402  43.844 0.6666669846
79485  -61.329  -4.267  42.371 0.5555559993
79468  -61.447  -4.799  43.137 0.6666669846
164787  -62.600  -4.016  43.277 0.6666669846
79470  -63.113  -3.833  43.709 0.7777780294
78459  -59.632  -4.844  42.514 0.4444440007
79467  -60.667  -4.897  42.733 0.5555559993
78382  -66.315  -5.707  52.332 0.5555559993
78393  -68.107  -5.652  51.422 0.4444440007
78390  -66.222  -5.270  51.715 0.5555559993
78391  -66.675  -5.165  51.865 0.5555559993
138290  -68.566  -6.042  50.317 0.4444440007
79399  -66.683  -4.524  51.370 0.5555559993
79409  -66.156  -4.519  50.738 0.6666669846
79419  -65.690  -4.447  49.713 0.6666669846
80477  -66.975  -3.030  50.538 0.6666669846
80489  -65.912  -3.602  49.358 0.6666669846
80490  -66.507  -2.894  50.064 0.6666669846
147429  -65.505  -3.990  48.527 0.6666669846
80499  -65.814  -3.264  48.452 0.6666669846
80509  -65.687  -3.041  47.500 0.6666669846
80517  -65.541  -2.704  46.595 0.6666669846
81474  -65.404  -2.298  45.764 0.7777780294
80525  -64.380  -3.445  45.403 0.7777780294
80550  -59.840  -3.401  41.592 0.5555559993
80551  -60.780  -3.588  41.642 0.5555559993
80532  -64.177  -3.146  44.573 0.7777780294
80552  -61.707  -3.526  41.800 0.5555559993
80554  -63.291  -2.907  42.449 0.7777780294
80537  -63.603  -3.209  43.430 0.7777780294
158840  -63.895  -3.181  44.018 0.7777780294
79486  -62.212  -3.878  42.591 0.6666669846
80536  -62.921  -3.542  42.921 0.6666669846
164870  -67.773  -5.111  51.564 0.4444440007
78398  -68.301  -5.048  50.576 0.4444440007
77457  -68.716  -6.360  49.445 0.4444440007
80470  -67.051  -3.799  50.987 0.6666669846
79412  -68.098  -3.975  50.660 0.5555559993
80478  -67.558  -3.208  50.560 0.5555559993
81449  -67.349  -1.900  49.806 0.6666669846
82500  -66.970  -1.008  48.633 0.5555559993
81461  -66.445  -1.322  48.210 0.6666669846
81467  -65.801  -1.685  46.571 0.6666669846
81473  -64.803  -2.730  45.142 0.7777780294
81478  -65.235  -1.902  44.951 0.7777780294
80564  -59.860  -2.630  41.554 0.5555559993
80566  -61.238  -2.838  41.281 0.5555559993
80567  -62.067  -2.885  41.362 0.6666669846
81477  -64.658  -2.358  44.335 0.7777780294
81500  -63.601  -2.094  41.923 0.7777780294
81486  -63.944  -2.475  42.936 0.7777780294
144637  -64.493  -2.005  43.498 0.7777780294
82502  -67.921  -1.222  48.827 0.5555559993
83517  -67.221  -0.517  48.214 0.5555559993
83532  -66.616  -0.102  47.450 0.6666669846
81468  -68.579  -2.320  46.512 0.3333329856
80526  -68.676  -3.514  45.186 0.3333329856
155132  -66.005  -0.609  46.669 0.6666669846
83540  -65.755  -0.114  45.882 0.6666669846
82520  -64.972  -1.506  44.153 0.7777780294
83547  -65.396  0.003  44.923 0.7777780294
82529  -64.735  -1.071  43.259 0.7777780294
82530  -65.128  -0.605  44.119 0.7777780294
159013  -64.938  -0.183  43.467 0.7777780294
82513  -68.324  -1.104  47.076 0.4444440007
82517  -68.433  -1.642  46.170 0.3333329856
84485  -66.956  0.344  47.179 0.6666669846
141192  -68.279  -1.497  45.433 0.3333329856
83531  -66.384  0.363  46.738 0.6666669846
137573  -65.694  0.776  45.617 0.6666669846
84521  -65.164  1.416  44.635 0.7777780294
148926  -65.373  0.798  44.961 0.6666669846
83534  -67.933  -0.225  46.950 0.4444440007
83533  -67.453  0.173  47.106 0.5555559993
83541  -68.155  -0.718  46.282 0.4444440007
84491  -67.180  0.848  46.523 0.6666669846
146445  -68.016  -0.462  45.633 0.3333329856
84499  -66.580  1.072  46.380 0.6666669846
84498  -66.063  1.469  45.982 0.6666669846
86442  -66.406  2.848  45.158 0.6666669846
86436  -66.143  2.546  45.537 0.6666669846
85460  -65.968  2.073  45.698 0.6666669846
84509  -65.620  1.588  45.460 0.6666669846
84492  -67.739  0.364  46.219 0.4444440007
85462  -67.038  1.801  45.847 0.6666669846
86437  -66.790  2.286  45.526 0.6666669846
87377  -66.083  3.539  44.683 0.6666669846
86443  -67.094  2.451  44.984 0.5555559993
87383  -66.321  3.829  44.155 0.5555559993
84511  -67.808  0.229  45.275 0.4444440007
150214  -67.617  1.006  45.591 0.5555559993
84510  -67.697  0.982  44.857 0.4444440007
84522  -67.623  0.837  44.076 0.4444440007
86452  -67.147  2.435  44.272 0.5555559993
159901  -67.470  1.683  44.374 0.5555559993
86467  -66.856  2.943  43.620 0.3333329856
75647  -59.308  -8.173  48.407 0.7777780294
148871  -59.151  -8.406  49.065 0.7777780294
137191  -59.938  -8.488  49.961 0.7777780294
75636  -59.936  -8.261  49.109 0.7777780294
75620  -60.659  -8.197  49.603 0.7777780294
75646  -58.551  -8.210  47.819 0.7777780294
75606  -60.654  -8.460  50.358 0.7777780294
75621  -61.296  -8.090  50.037 0.7777780294
75596  -60.758  -8.751  51.097 0.7777780294
162710  -61.790  -8.006  50.429 0.7777780294
76547  -61.925  -7.654  49.914 0.7777780294
75597  -61.488  -8.626  51.452 0.7777780294
75608  -62.016  -8.191  51.020 0.7777780294
75598  -62.289  -8.401  51.872 0.7777780294
76548  -62.369  -7.685  50.522 0.7777780294
157201  -63.353  -6.768  50.150 0.6666669846
138665  -62.812  -8.399  52.469 0.6666669846
76539  -62.723  -7.819  51.278 0.6666669846
76549  -63.098  -7.267  50.694 0.6666669846
137207  -65.234  -7.307  53.294 0.5555559993
75575  -65.923  -8.138  54.796 0.5555559993
75585  -68.080  -8.425  53.131 0.3333329856
44480  -16.251  -39.849  91.914 0.4444440007
46225  -17.134  -37.029  90.500 0.5555559993
47160  -17.602  -36.493  89.808 0.5555559993
49112  -18.838  -34.796  91.655 0.5555559993
40335  -12.434  -44.672  89.963 0.4444440007
45370  -17.132  -38.161  92.719 0.4444440007
46230  -16.896  -37.821  89.976 0.5555559993
44490  -16.228  -39.242  90.009 0.5555559993
45384  -16.770  -38.555  88.422 0.7777780294
48076  -19.016  -35.691  87.848 0.6666669846
48077  -19.853  -34.900  89.006 0.6666669846
142751  -20.459  -34.276  90.010 0.5555559993
47186  -17.949  -36.638  87.698 0.6666669846
49132  -21.255  -34.139  88.455 0.7777780294
49155  -20.157  -34.929  87.062 0.7777780294
49123  -21.199  -34.038  89.523 0.5555559993
46305  -17.199  -37.762  83.830 0.7777780294
47209  -18.766  -36.264  84.692 0.7777780294
39509  -11.494  -45.837  88.648 0.5555559993
41956  -13.277  -42.935  89.596 0.4444440007
41957  -13.862  -42.192  89.849 0.4444440007
41140  -12.482  -44.238  88.415 0.5555559993
41966  -13.776  -42.079  87.849 0.5555559993
42788  -14.230  -41.590  89.336 0.5555559993
43642  -15.326  -40.525  89.061 0.5555559993
41152  -13.065  -43.391  86.619 0.5555559993
41975  -13.840  -42.049  86.970 0.5555559993
143722  -14.241  -41.565  87.295 0.6666669846
164338  -15.935  -39.862  87.190 0.7777780294
154607  -15.559  -40.070  86.252 0.6666669846
45390  -16.899  -38.460  87.506 0.7777780294
49133  -21.861  -33.893  88.267 0.7777780294
162225  -21.808  -34.205  87.136 0.7777780294
50200  -22.679  -33.737  88.747 0.4444440007
50193  -22.626  -33.751  89.954 0.5555559993
41163  -12.807  -43.249  85.607 0.5555559993
42802  -14.168  -41.228  85.433 0.4444440007
44509  -16.195  -39.130  85.398 0.7777780294
46275  -16.990  -38.341  86.745 0.7777780294
49157  -21.343  -34.405  86.699 0.7777780294
49156  -20.541  -34.756  86.427 0.7777780294
43662  -14.681  -40.570  85.075 0.3333329856
45420  -16.655  -38.410  84.214 0.7777780294
48114  -19.547  -35.533  84.539 0.6666669846
46334  -16.978  -37.780  81.940 0.5555559993
155352  -23.928  -33.855  87.841 0.5555559993
157016  -24.489  -33.853  88.782 0.4444440007
49172  -21.757  -34.551  85.404 0.8888890147
49171  -21.092  -34.636  85.890 0.7777780294
48127  -19.763  -35.663  83.486 0.6666669846
49159  -23.186  -34.254  86.305 0.8888890147
49134  -25.074  -34.148  89.570 0.4444440007
136521  -25.208  -34.090  88.537 0.6666669846
148962  -24.640  -34.131  87.538 0.8888890147
49126  -25.878  -34.799  89.428 0.3333329856
49135  -25.730  -34.418  89.314 0.4444440007
49173  -22.466  -34.386  85.809 0.8888890147
49188  -21.751  -34.726  84.614 0.7777780294
49200  -21.813  -34.843  83.818 0.8888890147
48143  -19.734  -35.785  82.509 0.5555559993
48144  -20.311  -35.505  82.842 0.5555559993
139253  -20.462  -35.504  82.103 0.6666669846
48157  -18.940  -36.370  81.204 0.6666669846
48078  -27.556  -35.233  88.812 0.1111110002
49147  -26.160  -34.412  88.508 0.4444440007
161532  -35.878  -30.070  84.550 0.5555559993
53152  -35.523  -30.335  84.613 0.5555559993
54211  -36.194  -29.235  83.741 0.5555559993
55335  -36.961  -28.370  83.327 0.5555559993
154818  -36.037  -28.735  82.249 0.5555559993
55341  -37.529  -27.804  83.259 0.4444440007
55385  -37.943  -28.806  78.529 0.7777780294
55371  -37.379  -28.429  79.959 0.7777780294
55391  -43.392  -28.480  79.271 0.3333329856
152555  -43.857  -28.688  78.316 0.2222220004
54324  -42.116  -29.348  76.436 0.5555559993
54301  -41.495  -29.131  77.210 0.4444440007
140185  -39.295  -29.080  76.849 0.7777780294
53146  -35.049  -30.793  84.781 0.5555559993
49202  -23.852  -34.723  83.341 0.8888890147
49192  -24.984  -34.946  84.094 0.7777780294
55348  -35.914  -29.084  81.372 0.7777780294
54240  -35.483  -29.422  81.836 0.7777780294
54286  -36.390  -29.319  78.749 1.0000000000
140656  -43.138  -29.804  75.421 0.5555559993
138186  -22.495  -35.000  80.866 0.6666669846
140099  -21.861  -35.181  80.280 0.6666669846
48189  -21.369  -35.305  79.605 0.5555559993
151359  -22.927  -34.876  79.580 0.6666669846
50212  -34.526  -33.491  85.266 0.3333329856
48105  -26.588  -35.008  85.999 0.7777780294
52198  -34.540  -31.251  84.478 0.6666669846
53156  -34.700  -30.042  83.955 0.5555559993
143090  -26.412  -35.515  84.086 0.7777780294
54271  -35.788  -29.535  79.371 1.0000000000
54365  -44.263  -30.122  75.123 0.6666669846
48162  -25.168  -34.977  81.810 0.8888890147
55401  -36.817  -29.279  77.939 1.0000000000
48191  -23.725  -34.827  79.679 0.6666669846
54375  -41.648  -29.815  73.689 0.8888890147
48223  -24.873  -34.851  78.213 0.6666669846
50211  -33.690  -33.888  85.237 0.5555559993
158758  -34.298  -31.063  83.906 0.6666669846
52210  -34.013  -31.217  82.565 0.8888890147
48134  -27.093  -35.740  83.765 0.7777780294
53182  -34.898  -30.239  80.653 0.8888890147
137087  -25.963  -35.302  81.755 0.8888890147
142596  -35.273  -29.983  79.037 1.0000000000
54298  -35.579  -29.572  77.725 1.0000000000
137086  -26.736  -35.602  81.517 0.7777780294
157487  -27.303  -35.800  82.084 0.7777780294
48151  -28.055  -35.922  82.248 0.7777780294
137082  -26.882  -35.524  80.656 0.7777780294
138156  -28.445  -35.842  81.633 0.7777780294
137081  -26.159  -35.356  80.045 0.7777780294
48193  -25.484  -35.108  79.518 0.7777780294
163948  -24.969  -34.897  79.057 0.6666669846
48178  -29.078  -35.441  80.551 0.8888890147
48224  -25.762  -34.964  77.897 0.5555559993
137079  -27.767  -35.199  79.127 0.7777780294
49256  -25.240  -34.773  77.302 0.5555559993
155978  -26.443  -34.974  77.688 0.6666669846
48225  -27.113  -34.985  77.943 0.7777780294
49272  -24.833  -34.528  76.617 0.4444440007
49274  -26.286  -34.581  76.297 0.4444440007
49258  -27.682  -34.635  77.128 0.6666669846
47196  -31.623  -36.250  86.932 0.1111110002
49165  -30.590  -34.697  86.866 0.1111110002
162791  -32.020  -35.168  86.187 0.4444440007
49167  -32.219  -34.811  85.761 0.6666669846
50220  -33.268  -33.495  84.837 0.6666669846
143376  -32.710  -35.304  86.079 0.4444440007
53257  -45.837  -30.449  74.587 0.6666669846
48153  -29.979  -35.467  82.718 0.7777780294
53194  -34.207  -30.883  79.283 1.0000000000
145948  -35.103  -29.935  78.137 1.0000000000
54376  -42.392  -30.115  73.462 0.8888890147
54320  -35.516  -29.516  77.116 1.0000000000
53314  -44.428  -30.949  72.024 0.8888890147
48179  -29.817  -35.284  80.964 0.8888890147
164203  -41.616  -29.943  72.372 0.8888890147
48196  -29.010  -35.223  79.906 0.8888890147
55431  -35.013  -29.181  75.475 0.8888890147
56383  -38.106  -27.744  72.560 1.0000000000
49243  -28.356  -34.737  78.180 0.7777780294
49229  -28.872  -34.759  78.750 0.8888890147
49244  -29.114  -34.413  77.958 0.8888890147
162463  -28.873  -34.190  77.178 0.6666669846
50269  -30.499  -33.604  77.467 0.7777780294
49277  -29.153  -33.910  76.580 0.5555559993
50218  -32.216  -33.711  84.159 0.7777780294
51257  -32.963  -32.539  82.727 1.0000000000
48122  -30.442  -35.139  84.878 0.7777780294
146148  -29.821  -35.506  84.199 0.7777780294
163623  -30.316  -35.244  84.188 0.7777780294
53278  -48.143  -31.141  74.146 0.5555559993
149279  -30.436  -35.019  82.252 0.7777780294
162711  -31.443  -33.869  82.145 0.8888890147
161161  -33.354  -31.858  80.231 1.0000000000
49223  -31.152  -34.144  81.304 0.8888890147
138300  -46.618  -31.022  72.097 0.8888890147
136475  -40.674  -29.655  71.273 0.8888890147
54406  -41.798  -30.107  71.227 0.8888890147
53334  -44.381  -30.680  71.049 0.8888890147
53316  -46.281  -30.818  71.335 0.8888890147
55444  -35.339  -28.737  74.777 0.8888890147
56374  -36.807  -27.710  73.245 0.8888890147
53332  -42.958  -30.224  70.515 0.8888890147
53335  -45.046  -30.451  70.399 0.8888890147
137247  -46.723  -30.602  70.737 0.8888890147
50270  -31.370  -33.293  77.923 0.7777780294
51311  -32.267  -32.032  76.811 0.8888890147
56373  -36.005  -28.020  73.654 0.8888890147
56395  -38.534  -28.193  71.814 0.7777780294
53348  -43.647  -30.209  69.834 0.8888890147
57276  -36.060  -27.154  71.937 0.8888890147
57284  -37.302  -27.374  71.296 0.8888890147
56404  -37.530  -27.489  70.811 0.7777780294
55506  -38.770  -29.017  70.126 0.7777780294
54433  -41.857  -30.010  69.762 1.0000000000
53363  -44.083  -29.955  69.037 0.7777780294
54431  -39.165  -29.512  69.412 0.7777780294
149454  -35.127  -26.266  70.810 0.7777780294
54445  -39.709  -29.814  68.726 0.6666669846
56417  -37.278  -27.405  69.365 0.6666669846
58242  -36.073  -25.447  68.699 0.5555559993
54498  -39.550  -29.494  65.504 0.5555559993
51269  -32.745  -32.442  80.053 1.0000000000
51284  -32.595  -32.284  78.106 1.0000000000
52264  -33.111  -31.448  77.436 0.8888890147
53298  -50.310  -31.205  72.519 0.4444440007
51295  -32.603  -31.949  77.456 0.8888890147
54359  -33.727  -29.814  75.231 0.8888890147
52276  -32.081  -31.974  75.987 0.7777780294
52314  -31.292  -31.954  74.244 0.6666669846
56392  -33.602  -27.300  71.600 0.7777780294
57296  -34.442  -26.205  70.725 0.6666669846
56448  -36.742  -28.038  66.347 0.2222220004
58268  -35.640  -26.077  66.704 0.1111110002
55565  -38.475  -28.561  64.426 0.1111110002
53299  -51.091  -31.116  72.820 0.4444440007
53320  -49.892  -31.058  70.904 0.8888890147
163662  -32.731  -30.262  73.999 0.7777780294
54374  -33.465  -29.432  73.769 0.7777780294
55454  -33.834  -28.755  73.395 0.7777780294
54387  -33.190  -29.190  72.976 0.7777780294
160625  -31.387  -31.538  73.647 0.6666669846
53272  -31.782  -30.962  73.336 0.5555559993
55479  -33.249  -28.079  71.860 0.7777780294
52321  -30.514  -31.880  72.545 0.3333329856
53311  -31.315  -30.497  71.619 0.4444440007
56403  -33.386  -27.067  70.844 0.6666669846
54385  -31.956  -30.024  72.111 0.5555559993
59214  -34.206  -24.774  69.014 0.4444440007
58220  -33.768  -25.284  69.484 0.4444440007
59235  -34.457  -24.650  68.455 0.3333329856
59285  -35.213  -24.292  65.860 0.1111110002
53263  -53.667  -30.769  74.750 0.1111110002
53340  -51.462  -30.577  70.556 0.8888890147
54455  -49.237  -29.495  68.245 1.0000000000
58219  -32.952  -25.653  69.125 0.5555559993
54379  -54.840  -29.821  73.704 0.1111110002
53265  -55.116  -30.780  74.451 0.1111110002
53322  -52.389  -30.593  71.731 0.5555559993
163499  -55.250  -29.806  73.709 0.2222220004
54380  -55.573  -29.794  73.538 0.1111110002
53282  -55.773  -30.513  73.762 0.1111110002
54408  -53.641  -29.623  71.445 0.4444440007
54438  -51.378  -29.770  69.346 0.8888890147
54457  -51.833  -28.994  68.938 0.8888890147
55470  -55.186  -28.882  72.428 0.2222220004
55482  -54.137  -28.959  71.180 0.3333329856
55507  -52.558  -28.563  69.307 0.6666669846
55530  -51.351  -28.201  67.736 1.0000000000
159451  -49.934  -28.719  67.344 1.0000000000
55542  -49.395  -28.617  66.880 1.0000000000
56450  -50.664  -27.358  66.366 1.0000000000
57362  -49.354  -26.541  64.624 1.0000000000
56460  -48.616  -27.627  65.197 1.0000000000
56462  -50.245  -26.948  65.691 1.0000000000
59276  -52.551  -24.673  66.290 1.0000000000
58308  -48.534  -25.508  63.543 1.0000000000
58309  -49.261  -25.190  63.927 1.0000000000
57413  -47.094  -25.307  61.999 0.8888890147
59188  -56.542  -24.600  70.769 0.1111110002
59320  -49.770  -24.533  64.043 1.0000000000
60301  -47.332  -23.535  61.475 0.5555559993
60315  -46.970  -22.993  60.869 0.2222220004
61430  -46.870  -22.184  60.566 0.3333329856
62546  -47.389  -21.642  60.799 0.4444440007
59189  -56.819  -24.535  71.047 0.1111110002
60252  -53.340  -23.440  66.610 0.7777780294
142522  -52.963  -22.947  65.966 0.7777780294
61396  -51.886  -22.704  64.951 0.8888890147
60279  -50.653  -23.276  64.212 1.0000000000
62510  -50.881  -20.879  64.225 1.0000000000
63615  -49.203  -20.535  62.930 1.0000000000
64623  -45.782  -19.185  59.746 0.2222220004
66542  -48.050  -17.595  61.355 0.7777780294
61303  -56.218  -22.916  70.360 0.2222220004
62437  -55.508  -22.165  69.584 0.2222220004
66531  -52.269  -17.492  63.814 0.8888890147
66544  -50.111  -17.060  61.742 0.7777780294
66541  -47.399  -17.670  60.852 0.7777780294
66567  -45.293  -16.942  59.802 0.4444440007
65583  -45.938  -17.287  59.936 0.6666669846
62469  -54.496  -21.624  68.294 0.3333329856
64560  -53.969  -19.021  66.916 0.3333329856
65525  -53.548  -18.583  66.316 0.3333329856
65518  -54.687  -18.808  67.323 0.3333329856
68543  -54.194  -15.590  63.693 0.4444440007
158535  -54.661  -16.207  64.691 0.3333329856
68549  -52.879  -15.631  62.597 0.7777780294
143321  -54.092  -14.735  63.204 0.3333329856
142155  -52.643  -14.953  62.176 0.7777780294
68582  -46.350  -15.906  59.676 0.7777780294
62419  -57.110  -21.864  70.755 0.2222220004
67511  -55.198  -15.852  64.850 0.3333329856
69557  -54.812  -14.900  63.787 0.3333329856
68536  -55.375  -15.128  64.420 0.3333329856
70538  -54.366  -12.827  63.453 0.3333329856
70545  -52.464  -13.134  62.325 0.7777780294
70546  -52.958  -12.814  62.690 0.6666669846
70537  -53.531  -12.418  63.098 0.6666669846
69594  -49.268  -14.102  60.448 0.7777780294
69593  -48.695  -14.421  60.323 0.7777780294
148501  -48.032  -14.029  58.096 0.7777780294
69640  -48.086  -14.077  57.344 0.5555559993
69678  -47.173  -14.085  54.897 0.2222220004
156567  -49.442  -13.296  55.373 0.5555559993
67491  -56.914  -16.160  66.943 0.3333329856
68518  -57.412  -15.115  67.044 0.2222220004
157738  -56.412  -14.879  65.413 0.2222220004
69559  -56.215  -13.750  64.662 0.2222220004
152872  -55.418  -13.136  64.013 0.3333329856
71523  -55.350  -11.892  64.481 0.2222220004
71531  -53.559  -11.725  63.081 0.6666669846
71522  -54.751  -11.402  63.981 0.3333329856
72596  -56.261  -10.920  64.996 0.2222220004
152285  -55.468  -11.230  64.544 0.2222220004
72613  -53.229  -11.668  62.550 0.6666669846
73620  -54.095  -10.880  62.426 0.6666669846
71633  -50.672  -12.784  56.428 0.6666669846
70640  -49.318  -13.240  54.500 0.5555559993
73593  -57.047  -10.366  65.783 0.2222220004
73604  -56.277  -10.378  64.666 0.2222220004
73614  -55.656  -10.251  63.867 0.4444440007
138189  -52.216  -12.335  55.736 0.6666669846
71624  -54.355  -11.925  56.566 0.7777780294
70652  -48.754  -13.139  53.628 0.4444440007
71648  -54.119  -11.900  54.900 0.7777780294
74554  -56.394  -9.748  62.983 0.4444440007
139699  -55.036  -11.439  59.024 0.7777780294
71677  -50.872  -12.325  52.852 0.3333329856
71662  -51.436  -12.455  53.607 0.3333329856
71663  -52.265  -12.255  53.609 0.5555559993
72754  -51.237  -11.819  52.178 0.3333329856
72742  -55.453  -11.482  53.860 0.7777780294
161328  -60.622  -8.266  64.913 0.2222220004
75503  -59.468  -8.756  62.841 0.3333329856
72771  -51.663  -11.356  51.602 0.3333329856
74557  -59.026  -9.174  61.870 0.3333329856
73650  -58.770  -10.026  60.411 0.4444440007
138473  -58.227  -10.401  59.884 0.4444440007
72660  -57.320  -10.948  58.964 0.5555559993
72681  -59.297  -11.159  56.954 0.5555559993
72772  -52.612  -11.299  51.703 0.2222220004
72759  -55.340  -11.109  52.572 0.7777780294
74700  -57.096  -9.018  49.918 0.7777780294
74668  -58.066  -9.403  51.285 0.7777780294
75618  -58.598  -8.637  49.540 0.7777780294
75505  -62.215  -8.374  62.695 0.3333329856
75517  -62.013  -8.340  61.932 0.4444440007
139596  -60.269  -10.273  59.001 0.4444440007
73726  -56.146  -10.555  52.250 0.7777780294
73756  -54.454  -10.183  50.840 0.4444440007
73757  -55.292  -10.063  50.946 0.5555559993
73742  -56.422  -10.029  51.584 0.7777780294
73668  -62.882  -10.053  58.811 0.4444440007
73678  -64.901  -9.649  57.238 0.4444440007
153708  -62.601  -9.380  53.328 0.5555559993
77462  -62.368  -6.702  48.064 0.7777780294
74629  -66.149  -8.827  55.990 0.4444440007
75599  -63.072  -7.897  52.071 0.6666669846
77472  -63.109  -5.995  47.626 0.7777780294
75577  -67.296  -8.303  54.657 0.3333329856
75583  -65.427  -7.847  53.943 0.5555559993
76525  -66.455  -7.187  53.926 0.4444440007
76540  -63.454  -7.300  51.589 0.6666669846
136242  -63.906  -6.243  49.935 0.6666669846
78425  -63.351  -5.414  46.898 0.7777780294
78433  -62.974  -5.396  46.170 0.7777780294
76534  -65.566  -6.805  53.056 0.5555559993
79441  -63.577  -4.942  46.302 0.7777780294
77426  -66.651  -6.750  53.521 0.4444440007
78392  -67.472  -5.253  51.839 0.5555559993
144984  -65.410  -4.362  48.949 0.6666669846
80516  -64.515  -3.722  46.033 0.7777780294
79400  -67.068  -4.580  51.533 0.5555559993
79410  -66.789  -3.833  50.901 0.6666669846
138855  -66.901  -2.302  50.084 0.6666669846
80500  -66.353  -2.478  49.376 0.6666669846
81455  -66.109  -2.279  48.347 0.6666669846
151587  -65.951  -2.016  47.424 0.6666669846
80553  -62.535  -3.274  42.072 0.5555559993
81487  -64.149  -2.746  43.797 0.7777780294
79411  -67.443  -3.986  51.018 0.5555559993
80479  -68.200  -3.246  50.304 0.5555559993
81446  -68.050  -2.605  50.192 0.5555559993
81456  -66.645  -1.651  49.011 0.6666669846
82493  -67.669  -1.563  49.367 0.5555559993
82508  -66.822  -0.517  48.042 0.5555559993
82507  -66.237  -0.961  47.455 0.6666669846
82516  -65.632  -1.307  45.742 0.7777780294
82521  -65.418  -0.958  44.902 0.7777780294
82509  -68.156  -1.065  48.085 0.4444440007
83524  -67.289  -0.154  47.797 0.5555559993
83523  -67.046  -0.085  47.841 0.5555559993
139179  -68.557  -2.574  45.566 0.2222220004
84490  -66.101  0.831  46.228 0.6666669846
84500  -67.380  1.294  45.985 0.6666669846
85461  -66.473  1.843  45.871 0.6666669846
85472  -67.364  1.726  45.360 0.6666669846
39492  -11.814  -46.421  89.730 0.2222220004
40349  -12.019  -44.955  87.884 0.4444440007
39508  -10.930  -46.417  88.183 0.3333329856
40348  -11.433  -45.523  87.478 0.4444440007
40361  -12.001  -44.787  86.686 0.4444440007
40360  -11.218  -45.179  86.508 0.4444440007
40370  -11.654  -44.445  85.843 0.4444440007
40359  -10.272  -45.373  86.628 0.3333329856
40369  -10.763  -44.682  85.945 0.3333329856
152835  -9.752  -44.651  86.179 0.3333329856
41160  -10.258  -44.032  85.767 0.3333329856
41161  -11.198  -43.868  85.475 0.3333329856
41972  -9.564  -42.667  86.207 0.2222220004
41973  -9.785  -43.075  86.016 0.3333329856
151912  -10.294  -42.761  85.802 0.3333329856
41983  -12.444  -42.911  84.822 0.3333329856
41162  -12.015  -43.671  85.304 0.4444440007
41992  -11.629  -42.150  84.120 0.1111110002
42795  -9.619  -41.540  86.830 0.3333329856
41150  -9.518  -43.702  85.959 0.3333329856
41991  -10.992  -42.554  85.001 0.3333329856
42806  -10.407  -42.000  85.994 0.2222220004
42807  -11.050  -41.561  84.705 0.1111110002
42794  -9.291  -41.814  86.722 0.2222220004
41994  -12.888  -42.241  84.236 0.3333329856
42002  -12.205  -42.058  83.755 0.1111110002
42814  -12.260  -41.493  83.448 0.1111110002
42801  -9.884  -42.210  86.593 0.2222220004
43669  -12.254  -40.817  83.148 0.1111110002
141817  -10.038  -41.405  86.956 0.2222220004
43660  -10.605  -41.135  85.970 0.2222220004
43665  -11.065  -40.578  84.955 0.2222220004
150176  -11.719  -40.334  83.508 0.2222220004
164862  -9.771  -41.082  87.261 0.2222220004
152219  -8.924  -41.246  86.771 0.2222220004
150171  -13.490  -41.572  83.955 0.3333329856
151495  -13.341  -41.233  83.383 0.1111110002
43677  -12.700  -40.326  82.664 0.1111110002
43661  -10.881  -40.374  86.075 0.2222220004
156236  -11.346  -40.125  84.267 0.1111110002
44539  -11.850  -39.512  83.101 0.1111110002
42809  -14.112  -41.090  84.546 0.3333329856
43672  -14.304  -40.355  83.338 0.1111110002
43671  -13.555  -40.735  82.992 0.1111110002
43673  -14.891  -39.843  83.772 0.3333329856
157496  -13.171  -40.430  82.615 0.1111110002
43678  -13.820  -40.070  82.515 0.1111110002
43676  -12.200  -40.127  82.904 0.2222220004
163021  -12.430  -38.721  82.159 0.1111110002
153723  -13.103  -39.828  82.223 0.1111110002
44517  -11.221  -39.643  85.039 0.2222220004
44528  -11.512  -39.491  83.955 0.1111110002
45441  -11.958  -38.772  82.741 0.1111110002
44540  -12.459  -39.507  82.427 0.1111110002
46318  -11.810  -38.049  83.167 0.1111110002
43667  -15.088  -39.915  84.616 0.4444440007
44542  -14.532  -39.392  82.287 0.3333329856
45442  -12.997  -39.008  81.756 0.1111110002
45443  -13.896  -38.793  81.707 0.2222220004
143758  -14.880  -38.781  81.731 0.3333329856
45419  -11.527  -38.754  84.500 0.1111110002
46332  -12.195  -38.090  82.445 0.1111110002
45456  -13.413  -38.175  81.518 0.1111110002
46303  -11.695  -37.986  84.037 0.1111110002
160121  -12.096  -37.507  82.854 0.1111110002
45455  -12.713  -38.170  81.790 0.1111110002
45457  -14.285  -38.133  81.316 0.1111110002
162416  -15.320  -39.095  82.407 0.3333329856
45444  -15.728  -38.621  82.007 0.4444440007
45458  -15.288  -38.229  81.273 0.2222220004
45459  -16.221  -38.144  81.489 0.3333329856
154318  -12.231  -36.754  83.044 0.1111110002
46333  -12.502  -37.304  82.185 0.1111110002
46343  -13.090  -37.481  81.544 0.1111110002
46346  -15.733  -37.793  80.859 0.3333329856
151984  -13.426  -36.942  81.287 0.1111110002
47229  -13.991  -36.805  80.868 0.1111110002
46354  -15.655  -37.183  80.346 0.1111110002
46353  -14.721  -36.521  80.282 0.1111110002
47239  -16.543  -36.796  80.175 0.2222220004
47230  -17.489  -37.283  81.525 0.5555559993
47237  -13.943  -36.170  80.605 0.1111110002
47238  -15.590  -36.468  79.942 0.1111110002
47248  -16.951  -36.246  79.731 0.1111110002
48183  -15.697  -35.187  79.509 0.1111110002
138021  -18.064  -36.759  80.991 0.5555559993
48171  -19.400  -36.182  80.471 0.3333329856
47240  -17.364  -36.681  80.312 0.2222220004
47249  -17.783  -36.395  79.983 0.3333329856
47241  -18.583  -36.379  80.290 0.3333329856
48186  -18.255  -36.021  79.458 0.2222220004
48203  -17.925  -35.430  78.783 0.2222220004
48204  -18.928  -35.685  78.890 0.2222220004
49235  -17.577  -34.545  78.461 0.1111110002
49236  -18.444  -34.856  78.268 0.1111110002
48187  -19.685  -35.909  79.654 0.3333329856
48188  -20.539  -35.632  79.632 0.3333329856
48205  -19.948  -35.558  78.837 0.3333329856
49237  -19.387  -35.068  78.165 0.2222220004
48206  -20.843  -35.351  78.850 0.3333329856
49239  -21.184  -35.032  78.125 0.3333329856
49240  -22.074  -34.819  78.017 0.3333329856
152574  -21.425  -34.645  77.558 0.2222220004
49253  -22.721  -34.561  77.412 0.3333329856
50279  -22.372  -33.827  76.191 0.2222220004
49271  -23.903  -34.411  76.584 0.3333329856
49293  -23.791  -34.020  75.757 0.3333329856
49294  -24.577  -34.212  75.929 0.3333329856
49273  -25.377  -34.366  76.046 0.3333329856
49314  -26.875  -34.377  75.515 0.3333329856
54470  -47.078  -29.237  67.765 0.7777780294
54471  -47.977  -29.282  67.743 0.8888890147
50297  -24.468  -33.801  75.185 0.3333329856
50298  -25.299  -33.840  74.924 0.3333329856
161267  -25.879  -33.876  74.819 0.3333329856
49313  -26.536  -33.958  74.634 0.3333329856
53365  -45.837  -29.682  68.654 0.6666669846
54469  -45.504  -29.200  67.269 0.6666669846
54451  -45.099  -29.445  67.957 0.6666669846
155928  -48.723  -29.290  67.837 0.8888890147
49296  -27.775  -34.245  75.668 0.3333329856
54452  -46.710  -29.655  68.471 0.6666669846
54489  -47.505  -28.926  66.947 0.7777780294
55528  -49.347  -29.058  67.570 0.8888890147
147247  -46.145  -29.392  67.702 0.6666669846
158567  -46.686  -28.999  67.178 0.7777780294
54472  -48.573  -28.980  67.066 0.8888890147
55541  -48.105  -28.706  66.397 0.7777780294
154601  -44.196  -29.352  67.676 0.6666669846
54468  -44.780  -29.146  67.163 0.6666669846
145493  -46.050  -29.042  66.902 0.7777780294
54488  -46.715  -28.734  66.483 0.7777780294
55540  -47.461  -28.613  66.064 0.7777780294
146046  -43.994  -29.166  66.960 0.6666669846
54486  -44.511  -28.919  66.418 0.6666669846
54505  -45.927  -28.621  66.162 0.7777780294
55553  -46.709  -28.422  65.576 0.7777780294
55571  -47.177  -28.116  64.854 0.7777780294
145007  -43.248  -29.452  66.806 0.6666669846
54487  -45.314  -28.910  66.656 0.6666669846
55552  -45.753  -28.380  65.325 0.7777780294
54502  -43.160  -29.367  65.602 0.6666669846
54504  -45.101  -28.652  65.875 0.6666669846
55569  -45.594  -28.361  64.439 0.7777780294
55570  -46.385  -28.202  64.712 0.7777780294
138212  -42.994  -29.555  66.144 0.5555559993
54503  -44.229  -28.839  65.560 0.6666669846
55587  -45.440  -28.354  63.590 0.5555559993
55568  -44.833  -28.593  64.116 0.6666669846
54518  -44.162  -28.810  64.634 0.5555559993
156051  -44.078  -28.769  63.779 0.5555559993
54517  -43.553  -29.097  65.090 0.6666669846
54529  -43.276  -29.091  64.207 0.5555559993
158848  -49.452  -28.136  66.353 0.8888890147
55554  -47.494  -28.301  65.431 0.7777780294
55555  -48.206  -28.279  65.723 0.7777780294
56459  -47.899  -27.919  65.005 0.7777780294
56473  -47.587  -27.631  64.361 0.7777780294
56472  -46.891  -27.891  64.152 0.7777780294
153393  -47.272  -27.346  63.702 0.7777780294
54519  -44.924  -28.507  65.021 0.6666669846
56486  -45.962  -27.956  63.094 0.7777780294
56487  -46.623  -27.651  63.461 0.5555559993
55586  -44.683  -28.507  63.340 0.5555559993
56504  -45.610  -27.513  62.315 0.4444440007
54515  -41.845  -29.553  64.838 0.5555559993
162354  -44.027  -28.573  63.129 0.4444440007
55598  -44.371  -28.208  62.718 0.4444440007
142402  -41.219  -29.398  64.437 0.4444440007
56503  -44.762  -27.735  62.246 0.4444440007
54526  -40.942  -29.076  63.910 0.3333329856
54528  -42.418  -29.003  63.566 0.4444440007
55597  -43.519  -28.245  62.641 0.4444440007
148056  -43.932  -27.770  62.137 0.4444440007
56475  -48.889  -27.140  64.740 0.8888890147
57375  -48.260  -26.302  63.666 0.8888890147
53310  -30.580  -30.980  71.102 0.3333329856
54402  -31.602  -29.663  71.299 0.3333329856
57374  -47.491  -26.605  63.239 0.7777780294
54401  -30.905  -30.160  70.741 0.3333329856
54417  -31.283  -29.393  70.381 0.3333329856
55503  -31.248  -28.268  69.362 0.3333329856
55489  -31.633  -28.646  70.030 0.3333329856
57395  -46.833  -26.713  62.543 0.6666669846
142531  -47.254  -25.989  62.531 0.7777780294
55599  -45.184  -28.147  62.839 0.4444440007
57394  -46.175  -26.918  62.004 0.4444440007
57393  -45.515  -27.000  61.737 0.4444440007
144220  -45.746  -26.478  61.419 0.4444440007
57411  -44.864  -26.739  61.309 0.2222220004
57396  -47.879  -25.771  63.109 0.7777780294
157509  -32.320  -27.271  69.818 0.3333329856
56402  -31.838  -27.966  69.754 0.3333329856
57412  -46.555  -26.141  61.752 0.4444440007
57425  -45.205  -26.063  60.827 0.2222220004
58346  -44.610  -25.484  60.248 0.2222220004
159537  -32.801  -27.386  70.513 0.4444440007
57307  -31.978  -26.751  69.188 0.3333329856
58240  -33.369  -24.996  68.690 0.2222220004
58333  -46.391  -25.251  61.269 0.3333329856
58332  -45.937  -25.892  61.118 0.2222220004
59355  -46.091  -24.364  60.707 0.3333329856
59354  -44.978  -24.553  59.999 0.2222220004
59370  -44.833  -23.700  59.751 0.2222220004
63655  -43.970  -20.541  58.609 0.1111110002
151995  -45.430  -20.837  59.410 0.1111110002
63643  -45.312  -19.951  59.337 0.1111110002
143600  -46.618  -14.360  57.319 0.4444440007
69668  -46.659  -14.301  55.766 0.4444440007
136857  -45.541  -18.256  59.715 0.2222220004
64633  -42.552  -19.608  58.359 0.1111110002
69625  -46.521  -14.485  58.125 0.4444440007
64635  -44.241  -19.654  58.746 0.1111110002
64622  -44.981  -19.024  59.297 0.1111110002
68581  -44.953  -15.725  59.222 0.3333329856
68599  -46.023  -14.934  58.730 0.4444440007
65598  -44.825  -18.001  59.461 0.1111110002
155448  -64.060  0.190  41.381 0.6666669846
84543  -64.083  0.999  41.475 0.6666669846
86466  -64.371  3.224  42.579 0.6666669846
163250  -64.000  -1.343  42.007 0.6666669846
83576  -64.171  -0.552  41.784 0.6666669846
85514  -64.066  2.145  41.705 0.6666669846
149827  -62.841  -2.612  41.567 0.6666669846
81499  -63.045  -2.001  41.108 0.6666669846
82553  -63.498  -1.273  41.204 0.6666669846
84542  -63.585  0.563  40.883 0.6666669846
86483  -63.398  2.556  41.190 0.6666669846
146303  -63.281  3.491  41.420 0.6666669846
88333  -62.668  4.953  41.451 0.6666669846
89279  -64.037  6.209  41.438 0.6666669846
89292  -62.808  5.743  40.714 0.6666669846
90283  -63.147  6.251  40.116 0.6666669846
161214  -55.976  -9.968  51.090 0.5555559993
74684  -57.242  -9.303  50.737 0.6666669846
74699  -56.266  -9.205  49.711 0.5555559993
141372  -56.599  -9.342  50.335 0.5555559993
85484  -64.904  2.311  44.264 0.6666669846
82554  -64.399  -1.008  42.471 0.6666669846
84534  -64.478  0.396  42.078 0.6666669846
82539  -64.234  -1.693  42.667 0.6666669846
89307  -63.755  6.458  39.448 0.6666669846
82552  -62.713  -1.460  40.694 0.6666669846
83585  -62.902  0.109  40.515 0.6666669846
85512  -62.381  1.986  41.091 0.6666669846
86481  -61.872  3.793  42.037 0.6666669846
87406  -61.936  4.352  41.820 0.6666669846
88332  -61.695  4.558  41.505 0.6666669846
89291  -62.082  5.170  40.772 0.6666669846
88359  -62.457  5.327  39.305 0.6666669846
88370  -62.717  5.466  38.592 0.6666669846
89318  -63.304  5.823  38.044 0.6666669846
89332  -64.298  5.859  37.515 0.6666669846
81512  -62.269  -2.201  40.912 0.6666669846
84541  -61.836  1.123  41.171 0.6666669846
85511  -61.841  2.894  41.855 0.6666669846
89305  -62.513  5.613  40.004 0.6666669846
81511  -61.487  -2.138  40.884 0.4444440007
83583  -61.578  -0.644  40.724 0.5555559993
88319  -60.963  4.269  42.066 0.6666669846
75635  -58.377  -8.464  48.668 0.5555559993
83556  -65.113  0.345  44.208 0.6666669846
74711  -57.719  -8.762  49.319 0.5555559993
84520  -64.801  0.886  43.289 0.6666669846
142330  -64.564  2.151  42.941 0.6666669846
87447  -64.819  3.504  38.389 0.3333329856
154186  -65.122  5.456  38.628 0.5555559993
89331  -63.910  5.929  37.350 0.6666669846
87421  -61.166  4.276  40.472 0.6666669846
88358  -61.832  4.866  39.977 0.6666669846
87445  -62.269  4.462  38.814 0.6666669846
141931  -64.132  5.703  36.600 0.6666669846
82550  -60.603  -1.479  41.318 0.4444440007
84540  -61.353  0.321  41.262 0.5555559993
151938  -61.031  2.483  42.669 0.6666669846
86465  -61.159  3.435  42.597 0.6666669846
87392  -60.596  3.660  42.557 0.6666669846
88381  -62.799  5.168  37.878 0.6666669846
88391  -63.494  5.132  36.469 0.6666669846
89342  -64.168  5.541  35.806 0.6666669846
149742  -59.558  -2.267  41.830 0.4444440007
83574  -60.840  -0.526  41.462 0.4444440007
84539  -60.777  0.547  42.020 0.5555559993
153070  -60.423  2.412  43.141 0.6666669846
87381  -60.155  3.272  43.138 0.6666669846
82549  -60.071  -1.919  41.573 0.4444440007
82538  -60.266  -1.041  41.976 0.4444440007
83555  -60.318  0.044  42.560 0.4444440007
84532  -60.495  1.397  42.725 0.4444440007
85483  -59.906  1.793  43.295 0.4444440007
86464  -60.595  3.068  43.099 0.6666669846
83558  -67.811  -0.490  43.579 0.1111110002
77436  -67.394  -6.495  53.037 0.3333329856
82531  -68.422  -2.142  43.702 0.1111110002
77450  -68.471  -6.740  50.939 0.3333329856
136835  -68.024  -1.096  44.041 0.1111110002
77475  -68.594  -6.212  47.597 0.2222220004
79435  -68.770  -4.835  47.044 0.2222220004
83548  -67.974  -0.787  44.881 0.1111110002
138016  -68.729  -4.118  46.378 0.2222220004
89265  -65.867  5.496  43.201 0.5555559993
141065  -56.828  -8.743  48.139 0.3333329856
89343  -64.576  5.137  35.479 0.5555559993
87420  -60.578  3.962  40.941 0.6666669846
88390  -63.042  4.870  37.199 0.6666669846
145386  -59.295  -2.095  42.310 0.4444440007
87404  -59.948  3.639  42.024 0.6666669846
87434  -61.504  3.984  39.589 0.6666669846
86518  -62.265  3.506  38.376 0.6666669846
83565  -59.919  -0.794  42.891 0.4444440007
84519  -59.974  0.833  43.049 0.4444440007
85482  -59.244  2.045  43.509 0.4444440007
158072  -59.626  3.129  43.177 0.6666669846
159267  -68.447  -4.611  49.982 0.3333329856
145352  -68.566  -4.714  49.171 0.2222220004
79421  -68.469  -3.879  49.880 0.3333329856
155600  -68.635  -3.929  48.042 0.3333329856
81462  -68.533  -2.006  47.539 0.2222220004
80501  -68.588  -3.059  48.968 0.4444440007
81457  -68.369  -1.785  48.560 0.3333329856
88400  -63.905  5.427  35.611 0.6666669846
89353  -64.375  5.316  35.212 0.6666669846
87419  -60.172  3.588  41.319 0.6666669846
86496  -60.255  3.201  40.549 0.6666669846
86507  -61.264  3.077  39.341 0.6666669846
87458  -62.623  4.171  37.795 0.6666669846
87470  -63.477  4.560  35.980 0.6666669846
84508  -59.114  0.150  43.894 0.3333329856
84517  -58.693  1.230  43.789 0.4444440007
86463  -59.123  3.078  42.793 0.4444440007
86480  -59.227  3.213  42.076 0.5555559993
86495  -59.590  2.993  41.149 0.6666669846
87433  -60.839  3.565  40.088 0.6666669846
86517  -61.819  2.638  38.552 0.6666669846
87469  -63.069  4.093  36.886 0.6666669846
87480  -63.777  4.876  35.198 0.5555559993
87490  -64.110  4.718  34.457 0.4444440007
85527  -59.075  1.988  40.515 0.4444440007
86506  -60.548  2.681  39.757 0.6666669846
86516  -61.021  2.080  39.057 0.6666669846
150033  -62.995  3.067  36.840 0.6666669846
86540  -63.271  3.658  36.298 0.6666669846
87515  -65.606  4.164  31.930 0.4444440007
85541  -60.201  1.686  39.386 0.6666669846
87491  -64.812  5.235  33.455 0.4444440007
86529  -62.114  1.956  37.887 0.6666669846
154325  -63.677  4.013  34.946 0.5555559993
87502  -64.318  4.191  33.598 0.4444440007
87514  -64.886  4.733  32.238 0.4444440007
84561  -58.791  0.678  39.004 0.6666669846
85564  -60.869  0.723  37.770 0.6666669846
86551  -63.210  2.626  36.123 0.6666669846
85583  -63.214  1.799  35.396 0.5555559993
85595  -63.713  2.039  34.069 0.5555559993
86573  -64.475  3.944  32.546 0.4444440007
87525  -65.525  4.030  31.294 0.4444440007
85552  -59.682  0.901  38.825 0.6666669846
85574  -61.956  0.827  36.620 0.6666669846
84610  -62.569  0.911  35.286 0.5555559993
85594  -63.161  1.339  34.627 0.5555559993
85608  -63.797  1.895  33.356 0.5555559993
84632  -62.117  0.676  33.634 0.5555559993
146967  -63.125  1.134  33.686 0.5555559993
84560  -57.937  0.641  39.153 0.4444440007
84559  -57.128  0.832  39.303 0.4444440007
84570  -59.130  0.467  38.216 0.6666669846
84593  -60.563  0.343  36.315 0.5555559993
84609  -61.805  0.448  35.246 0.5555559993
84621  -62.404  0.716  34.477 0.5555559993
85550  -56.718  1.170  38.623 0.5555559993
84579  -57.880  0.602  37.862 0.5555559993
84591  -58.843  0.420  36.803 0.5555559993
84620  -61.532  0.446  34.450 0.5555559993
86515  -56.230  1.881  38.174 0.4444440007
85563  -57.491  1.088  37.404 0.5555559993
84590  -58.082  0.627  37.069 0.5555559993
85562  -56.885  1.527  37.779 0.4444440007
86527  -56.490  2.379  37.450 0.5555559993
86538  -56.875  2.676  36.618 0.3333329856
87467  -56.739  3.539  36.210 0.4444440007
87456  -55.935  3.067  37.747 0.4444440007
153434  -56.079  3.849  37.356 0.3333329856
152087  -55.650  3.929  37.910 0.3333329856
88380  -56.365  4.306  36.694 0.3333329856
88389  -56.754  4.401  35.812 0.2222220004
54501  -42.355  -29.707  65.691 0.5555559993
138161  -41.041  -29.644  65.020 0.5555559993
54516  -42.747  -29.393  64.943 0.5555559993
86497  -66.027  2.671  40.699 0.4444440007
89319  -63.684  6.190  38.362 0.6666669846
90284  -63.779  6.494  40.420 0.6666669846
148423  -65.694  4.505  40.248 0.4444440007
89280  -64.821  6.271  41.722 0.6666669846
87422  -65.733  3.592  40.450 0.5555559993
156581  -66.426  1.806  40.955 0.3333329856
87409  -64.189  4.997  42.086 0.6666669846
86440  -65.234  3.327  44.717 0.5555559993
87376  -65.563  3.830  44.429 0.6666669846
86484  -63.880  3.545  41.794 0.6666669846
87394  -64.470  4.440  42.677 0.6666669846
48172  -20.230  -35.843  80.495 0.3333329856
49241  -23.028  -34.702  78.138 0.3333329856
54467  -43.534  -29.414  67.424 0.6666669846
55490  -32.248  -28.028  70.577 0.3333329856
55477  -31.892  -28.853  70.985 0.3333329856
156356  -46.005  -20.163  59.768 0.1111110002
142322  -45.354  -17.503  59.747 0.2222220004
141545  -45.728  -15.513  59.214 0.5555559993
69624  -45.642  -14.772  58.103 0.4444440007
69669  -47.518  -14.212  55.824 0.4444440007
69654  -47.027  -14.289  56.661 0.4444440007
73758  -56.549  -9.649  50.953 0.6666669846
78385  -67.737  -6.063  52.355 0.3333329856
80549  -59.002  -2.883  41.957 0.4444440007
76550  -68.521  -7.526  50.586 0.2222220004
138607  -68.655  -6.905  49.982 0.2222220004
78406  -68.622  -5.497  49.516 0.3333329856
77465  -68.743  -6.139  48.676 0.2222220004
76559  -68.635  -6.961  48.956 0.2222220004
81450  -67.878  -2.024  49.878 0.5555559993
81510  -60.671  -2.218  41.207 0.4444440007
156923  -61.757  -2.525  41.076 0.4444440007
82494  -68.162  -1.788  49.343 0.5555559993
80518  -68.680  -3.371  45.973 0.2222220004
82522  -68.299  -1.797  44.564 0.1111110002
85471  -65.539  2.506  45.242 0.6666669846
88308  -65.829  4.359  44.058 0.6666669846
88313  -66.044  4.708  43.702 0.5555559993
84523  -67.766  0.010  44.312 0.2222220004
42816  -13.964  -40.943  83.723 0.3333329856
57308  -32.620  -26.398  69.518 0.1111110002
147421  -48.794  -28.428  66.378 0.8888890147
55556  -49.051  -27.867  65.839 0.7777780294
67558  -44.091  -16.650  59.209 0.1111110002
69639  -47.333  -14.210  57.564 0.4444440007
80491  -68.485  -3.104  49.769 0.4444440007
38573  -10.823  -47.174  88.349 0.2222220004
153830  -9.376  -44.506  86.075 0.2222220004
41149  -9.432  -43.685  85.940 0.2222220004
41971  -9.021  -43.480  85.847 0.2222220004
41171  -11.578  -42.951  84.844 0.3333329856
42813  -11.696  -41.354  83.713 0.1111110002
144287  -11.345  -40.785  84.132 0.2222220004
43652  -9.521  -41.002  87.280 0.2222220004
42815  -12.840  -41.671  83.550 0.1111110002
44541  -13.631  -39.421  82.022 0.1111110002
45410  -11.471  -38.801  85.620 0.1111110002
46344  -13.818  -37.490  81.208 0.1111110002
46345  -14.746  -37.470  80.793 0.1111110002
47227  -12.896  -36.715  81.660 0.1111110002
46347  -16.648  -37.563  80.915 0.2222220004
155113  -17.295  -37.092  80.749 0.5555559993
47247  -16.053  -36.009  79.652 0.1111110002
138590  -18.984  -36.147  79.713 0.3333329856
48185  -17.409  -35.827  79.320 0.2222220004
49234  -16.865  -34.302  78.687 0.1111110002
49238  -20.328  -35.121  78.128 0.3333329856
49251  -20.724  -34.557  77.564 0.3333329856
49252  -21.958  -34.467  77.217 0.2222220004
139665  -23.161  -34.426  76.880 0.3333329856
50280  -23.121  -34.161  76.261 0.2222220004
50296  -23.710  -33.577  75.204 0.2222220004
163560  -25.126  -34.063  75.497 0.3333329856
49295  -25.920  -34.153  75.389 0.3333329856
54485  -43.694  -29.161  66.167 0.6666669846
163965  -43.663  -29.079  65.611 0.6666669846
55585  -43.323  -28.741  63.302 0.4444440007
56488  -47.961  -27.042  63.923 0.7777780294
56506  -46.958  -27.154  63.127 0.6666669846
56520  -45.039  -27.280  61.821 0.4444440007
54527  -41.703  -29.267  63.990 0.4444440007
54416  -30.460  -29.785  69.889 0.3333329856
58347  -45.558  -25.288  60.630 0.2222220004
151327  -43.362  -20.108  58.428 0.1111110002
69638  -45.952  -14.537  57.445 0.4444440007
68598  -45.276  -15.199  58.655 0.4444440007
150487  -64.454  1.281  42.233 0.6666669846
83575  -63.592  -0.329  40.946 0.6666669846
85513  -63.520  1.531  40.963 0.6666669846
83584  -62.354  -0.706  40.528 0.6666669846
84550  -62.549  1.021  40.733 0.6666669846
86482  -62.786  2.971  41.252 0.6666669846
87407  -62.693  4.109  41.555 0.6666669846
87408  -63.442  4.448  41.631 0.6666669846
88334  -63.672  5.545  41.601 0.6666669846
137582  -63.197  5.735  41.182 0.6666669846
88335  -64.608  5.932  42.078 0.6666669846
90272  -64.260  6.492  41.045 0.6666669846
89308  -64.569  6.361  39.311 0.6666669846
74698  -55.398  -9.338  49.676 0.4444440007
86450  -64.733  3.273  43.878 0.6666669846
74710  -56.769  -8.892  48.991 0.4444440007
87375  -65.121  4.074  44.180 0.6666669846
89309  -65.027  6.114  39.051 0.6666669846
81519  -61.908  -1.474  40.630 0.5555559993
84549  -62.053  0.175  40.636 0.6666669846
162271  -61.638  1.986  41.670 0.6666669846
87393  -61.297  4.110  42.261 0.6666669846
88346  -61.020  4.420  41.415 0.6666669846
89321  -64.755  5.786  38.014 0.6666669846
84533  -61.133  1.344  41.955 0.6666669846
82551  -61.171  -1.465  40.884 0.4444440007
87405  -60.527  4.072  41.839 0.6666669846
74709  -55.809  -9.067  48.982 0.3333329856
75634  -57.487  -8.637  48.457 0.4444440007
143719  -65.062  4.492  38.499 0.3333329856
87435  -65.282  3.741  39.420 0.3333329856
164126  -65.265  5.752  39.235 0.5555559993
87444  -61.840  3.516  38.939 0.6666669846
82537  -59.728  -1.606  42.203 0.4444440007
86449  -59.930  2.742  43.318 0.5555559993
87391  -59.754  3.443  42.685 0.4444440007
83554  -59.754  -0.130  43.356 0.4444440007
163490  -68.724  -5.477  46.998 0.2222220004
78421  -68.735  -5.698  47.725 0.2222220004
77485  -68.669  -5.926  47.006 0.2222220004
159759  -68.632  -6.342  48.181 0.2222220004
144760  -68.814  -4.805  46.012 0.2222220004
78428  -68.697  -5.418  46.402 0.2222220004
145197  -68.637  -3.133  46.891 0.2222220004
88336  -66.095  5.365  42.445 0.5555559993
87411  -66.297  3.986  42.190 0.5555559993
89263  -65.399  5.872  42.591 0.6666669846
88312  -65.703  5.111  43.450 0.6666669846
88321  -65.695  5.860  42.623 0.6666669846
88337  -66.199  4.780  43.032 0.5555559993
75633  -56.118  -8.826  48.247 0.3333329856
159004  -59.647  -0.916  43.556 0.4444440007
84518  -59.427  1.011  43.478 0.4444440007
85481  -58.564  1.956  43.585 0.4444440007
86448  -59.094  2.664  43.313 0.4444440007
152312  -68.610  -3.921  49.010 0.3333329856
79428  -68.677  -4.808  48.213 0.2222220004
80510  -68.658  -3.839  47.215 0.2222220004
145147  -68.560  -2.877  48.022 0.3333329856
86505  -59.854  2.334  40.171 0.5555559993
86530  -62.514  3.018  37.654 0.6666669846
85554  -61.404  1.512  38.283 0.6666669846
86541  -63.468  3.852  35.609 0.6666669846
86561  -63.842  3.295  34.346 0.5555559993
85566  -62.514  1.914  37.009 0.6666669846
85539  -58.486  1.168  39.819 0.5555559993
85553  -60.554  1.159  38.596 0.6666669846
85565  -61.722  1.111  37.478 0.6666669846
154943  -63.524  2.213  34.744 0.5555559993
86572  -64.113  2.881  33.444 0.4444440007
84571  -59.995  0.549  38.004 0.6666669846
85575  -62.625  1.369  36.083 0.5555559993
84581  -59.423  0.373  37.403 0.6666669846
84582  -60.280  0.407  37.176 0.5555559993
84583  -61.137  0.502  36.931 0.6666669846
84594  -61.388  0.402  36.063 0.6666669846
84568  -57.571  0.714  38.593 0.5555559993
84606  -59.118  0.541  35.954 0.5555559993
84608  -60.894  0.293  35.306 0.5555559993
85551  -57.311  0.961  38.064 0.5555559993
84580  -58.601  0.432  37.624 0.5555559993
85573  -58.324  0.826  36.241 0.5555559993
145090  -59.984  0.392  35.709 0.5555559993
86528  -57.163  1.865  37.033 0.4444440007
87468  -57.199  2.920  35.884 0.4444440007
88379  -55.961  4.608  37.434 0.3333329856
138896  -66.051  4.725  41.274 0.5555559993
87410  -66.103  3.479  41.206 0.3333329856
85529  -65.879  1.879  40.263 0.3333329856
90286  -64.910  6.481  41.100 0.6666669846
90295  -64.983  6.357  40.145 0.6666669846
88348  -65.719  5.600  40.642 0.6666669846
137987  -65.810  5.969  41.751 0.6666669846
88320  -64.982  5.493  42.857 0.6666669846
88307  -65.512  4.647  43.813 0.6666669846
46215  -17.471  -37.395  92.913 0.3333329856
46216  -17.878  -36.931  93.251 0.2222220004
153440  -17.579  -38.426  92.754 0.2222220004
47140  -18.209  -36.354  93.207 0.2222220004
48056  -21.701  -34.792  91.892 0.1111110002
47142  -17.488  -36.437  92.807 0.4444440007
49107  -21.457  -34.200  92.131 0.3333329856
50186  -22.591  -33.921  91.086 0.3333329856
50184  -21.194  -33.902  90.830 0.3333329856
48064  -22.732  -35.154  91.286 0.2222220004
48057  -22.271  -34.291  91.614 0.2222220004
142359  -22.653  -34.183  91.403 0.2222220004
52200  -36.008  -31.317  84.439 0.2222220004
142492  -36.376  -30.832  84.064 0.2222220004
53163  -36.833  -30.321  83.352 0.2222220004
52206  -36.491  -31.412  83.310 0.1111110002
53157  -36.519  -30.053  84.103 0.3333329856
53164  -37.657  -29.470  83.138 0.2222220004
54226  -39.135  -28.293  83.171 0.2222220004
54213  -38.375  -27.803  83.402 0.3333329856
55336  -37.758  -27.944  83.396 0.2222220004
137833  -38.124  -28.542  83.307 0.2222220004
54241  -39.493  -29.252  82.674 0.2222220004
54242  -40.817  -29.230  82.081 0.2222220004
53158  -37.093  -29.215  83.553 0.3333329856
55375  -41.635  -28.138  79.661 0.3333329856
55376  -42.655  -28.206  80.069 0.2222220004
55389  -41.396  -28.463  78.666 0.3333329856
55406  -41.890  -28.852  78.029 0.3333329856
55405  -40.976  -28.850  77.861 0.3333329856
54300  -40.681  -29.160  77.147 0.3333329856
55342  -38.980  -27.779  83.257 0.2222220004
55343  -39.711  -27.964  83.060 0.2222220004
54228  -40.867  -28.637  82.216 0.2222220004
54243  -41.593  -28.991  81.803 0.2222220004
56321  -38.105  -27.649  83.421 0.3333329856
56324  -38.543  -27.615  83.355 0.3333329856
56334  -40.299  -27.690  82.126 0.3333329856
55344  -40.527  -28.087  82.556 0.2222220004
147977  -41.287  -28.382  81.815 0.2222220004
162741  -41.881  -28.646  81.596 0.2222220004
137306  -37.239  -27.765  82.536 0.3333329856
56332  -38.674  -27.449  82.552 0.3333329856
56339  -39.051  -27.517  81.560 0.3333329856
56340  -39.769  -27.596  81.277 0.3333329856
56341  -40.605  -27.788  81.226 0.3333329856
55362  -41.075  -27.953  80.433 0.3333329856
55351  -38.283  -27.636  81.338 0.5555559993
55360  -38.917  -27.763  80.417 0.3333329856
55361  -40.041  -27.839  80.124 0.3333329856
55374  -40.719  -28.050  79.459 0.3333329856
146354  -37.993  -27.961  80.397 0.6666669846
140872  -40.002  -28.049  79.117 0.3333329856
55388  -40.502  -28.410  78.574 0.3333329856
55372  -38.225  -28.325  79.413 0.5555559993
55387  -39.535  -28.474  78.438 0.3333329856
138514  -39.962  -28.956  77.611 0.3333329856
55386  -38.705  -28.601  78.508 0.4444440007
55404  -39.048  -28.857  77.705 0.5555559993
54434  -47.212  -30.001  69.136 0.7777780294
53366  -46.433  -29.888  69.186 0.7777780294
54453  -47.571  -29.662  68.409 0.7777780294
50187  -23.245  -34.256  91.000 0.2222220004
160011  -23.268  -33.982  90.643 0.2222220004
46218  -17.495  -36.945  93.000 0.3333329856
48053  -17.579  -35.901  92.198 0.4444440007
49113  -19.521  -34.380  91.717 0.3333329856
49115  -21.345  -33.992  91.900 0.3333329856
49106  -20.746  -34.140  92.583 0.3333329856
136246  -37.046  -28.761  83.481 0.4444440007
55350  -37.846  -27.523  82.221 0.3333329856
50192  -21.885  -33.773  90.297 0.4444440007
45371  -17.740  -37.704  92.985 0.2222220004
48049  -17.954  -35.725  92.970 0.3333329856
50185  -21.861  -33.872  91.286 0.3333329856
147249  -36.415  -32.034  82.625 0.1111110002
54227  -40.189  -28.640  82.723 0.2222220004
53165  -38.592  -29.142  82.954 0.2222220004
156636  -39.571  -30.043  81.760 0.2222220004
163023  -40.207  -29.459  82.315 0.2222220004
161352  -41.062  -28.219  79.060 0.3333329856
55390  -42.315  -28.447  78.966 0.2222220004
55363  -42.020  -28.057  80.752 0.3333329856
56333  -39.586  -27.532  82.356 0.3333329856
56342  -41.391  -28.040  81.366 0.2222220004
55373  -39.219  -28.086  79.275 0.3333329856
40329  -13.741  -45.131  90.575 0.1111110002
40321  -14.854  -44.461  90.985 0.1111110002
41106  -14.719  -43.571  91.143 0.2222220004
41948  -15.311  -42.897  91.536 0.2222220004
43625  -17.490  -40.861  92.775 0.1111110002
43620  -17.734  -40.097  92.735 0.1111110002
43624  -16.579  -40.751  92.468 0.1111110002
44479  -17.913  -39.193  92.696 0.1111110002
43619  -17.101  -40.144  92.669 0.1111110002
48066  -24.471  -35.051  90.338 0.1111110002
48067  -25.159  -35.101  89.977 0.1111110002
47155  -24.220  -35.727  90.329 0.1111110002
50319  -29.216  -33.444  74.416 0.3333329856
139131  -23.831  -34.428  90.569 0.1111110002
147108  -19.043  -36.446  93.059 0.1111110002
50188  -24.002  -34.274  90.394 0.1111110002
49118  -24.726  -34.517  90.062 0.1111110002
47150  -20.266  -36.387  91.975 0.1111110002
47151  -20.891  -36.166  91.528 0.1111110002
49117  -23.069  -34.373  91.161 0.1111110002
50195  -24.338  -33.979  89.702 0.2222220004
49124  -24.756  -34.377  90.019 0.2222220004
45372  -18.105  -38.259  92.764 0.1111110002
153171  -18.339  -37.413  93.049 0.1111110002
47143  -18.915  -35.874  93.005 0.1111110002
47144  -19.733  -35.593  92.980 0.1111110002
49105  -19.285  -34.687  92.492 0.1111110002
49100  -20.301  -34.496  92.844 0.2222220004
50194  -23.465  -33.824  89.766 0.3333329856
74681  -54.064  -9.846  50.164 0.2222220004
74683  -55.867  -9.641  50.409 0.4444440007
84619  -60.780  0.410  34.403 0.5555559993
87538  -65.264  3.816  30.882 0.3333329856
86616  -64.874  3.363  30.338 0.3333329856
85576  -64.636  1.646  36.369 0.2222220004
85584  -65.017  1.468  35.498 0.1111110002
85585  -65.296  2.253  35.066 0.3333329856
86604  -64.834  3.856  31.139 0.3333329856
84645  -61.741  0.742  32.834 0.4444440007
85622  -62.616  0.949  32.838 0.4444440007
143552  -63.947  2.066  31.837 0.3333329856
85620  -60.511  1.144  32.275 0.2222220004
85635  -62.008  1.063  31.403 0.2222220004
85636  -62.841  1.397  31.059 0.3333329856
87460  -64.816  4.161  37.419 0.2222220004
87471  -64.679  3.507  36.793 0.2222220004
89333  -64.509  5.492  37.056 0.4444440007
86553  -64.945  2.279  35.731 0.2222220004
89361  -64.450  5.192  34.748 0.3333329856
86588  -64.127  2.473  32.645 0.3333329856
155478  -64.751  4.227  31.743 0.3333329856
143983  -64.439  3.305  31.748 0.3333329856
88371  -64.882  5.093  37.682 0.3333329856
87472  -64.777  4.156  36.483 0.3333329856
88383  -64.745  4.873  36.632 0.4444440007
88392  -64.786  4.515  35.773 0.4444440007
86543  -64.835  3.627  35.962 0.4444440007
87481  -65.119  3.832  35.172 0.4444440007
86562  -65.427  3.111  34.778 0.3333329856
88401  -65.030  4.702  34.863 0.4444440007
87492  -65.443  4.023  34.294 0.3333329856
89362  -64.878  5.305  33.904 0.3333329856
87504  -65.473  4.470  33.426 0.3333329856
86574  -65.657  3.463  33.487 0.3333329856
88433  -65.084  5.152  32.824 0.3333329856
86589  -65.667  3.844  32.691 0.3333329856
88440  -65.151  4.685  32.182 0.3333329856
42772  -16.149  -41.519  92.346 0.2222220004
48050  -18.883  -35.204  92.935 0.2222220004
42773  -17.095  -41.562  92.693 0.1111110002
44478  -17.206  -39.237  92.680 0.1111110002
48074  -26.965  -35.599  89.314 0.2222220004
145393  -20.121  -34.260  92.645 0.2222220004
74682  -54.928  -9.705  50.306 0.3333329856
162797  -57.926  -8.427  47.988 0.4444440007
87540  -65.929  3.478  30.774 0.3333329856
85623  -63.495  1.498  32.733 0.4444440007
46220  -18.716  -37.084  93.124 0.1111110002
48065  -23.657  -35.089  90.739 0.1111110002
47146  -20.433  -35.444  92.757 0.1111110002
148433  -20.768  -35.776  92.271 0.1111110002
47147  -21.145  -35.340  92.234 0.1111110002
47154  -23.420  -35.963  90.546 0.1111110002
48051  -19.757  -35.029  92.922 0.1111110002
86603  -64.381  2.890  30.923 0.3333329856
85637  -63.626  1.819  30.993 0.3333329856
86542  -64.714  2.739  36.342 0.2222220004
86554  -65.135  2.994  35.505 0.4444440007
84644  -61.008  0.736  32.712 0.4444440007
85621  -62.155  0.874  32.211 0.4444440007
140393  -62.981  1.276  31.887 0.3333329856
50307  -44.436  -34.019  75.819 0.1111110002
50306  -43.543  -33.357  75.620 0.1111110002
139524  -45.894  -31.365  78.607 0.1111110002
52270  -44.473  -31.604  77.805 0.1111110002
50273  -46.441  -33.330  77.053 0.1111110002
52283  -42.300  -31.605  77.188 0.1111110002
143403  -43.025  -31.549  77.528 0.1111110002
50286  -44.117  -32.862  76.164 0.1111110002
161400  -45.038  -33.418  76.328 0.1111110002
52267  -40.663  -31.439  77.544 0.1111110002
52282  -41.344  -31.675  76.755 0.1111110002
51314  -42.242  -31.986  76.211 0.1111110002
144022  -43.188  -32.474  76.181 0.1111110002
152394  -39.810  -32.095  75.957 0.1111110002
51329  -40.179  -32.793  75.269 0.1111110002
50304  -41.924  -33.481  74.758 0.1111110002
51328  -39.372  -32.808  75.603 0.1111110002
50321  -41.184  -34.290  74.485 0.1111110002
52240  -46.499  -30.422  79.533 0.1111110002
52254  -44.497  -31.164  78.741 0.1111110002
158479  -45.217  -31.038  78.913 0.1111110002
141553  -42.835  -31.145  79.025 0.1111110002
52237  -43.742  -30.905  79.490 0.1111110002
52225  -37.423  -31.120  80.674 0.1111110002
52251  -41.006  -31.193  78.447 0.1111110002
52235  -41.351  -30.989  79.291 0.1111110002
142901  -42.942  -30.885  79.880 0.1111110002
52232  -38.348  -31.202  79.378 0.1111110002
52250  -40.042  -31.243  78.257 0.1111110002
164780  -40.973  -30.976  79.714 0.1111110002
52279  -38.536  -31.997  76.609 0.1111110002
51327  -38.662  -33.561  75.900 0.1111110002
49300  -38.943  -34.708  75.714 0.1111110002
54288  -47.323  -29.310  79.006 0.1111110002
141107  -47.262  -29.774  79.460 0.1111110002
54273  -45.898  -29.594  79.956 0.1111110002
52239  -45.700  -30.657  79.430 0.1111110002
54260  -45.216  -29.763  80.260 0.1111110002
54258  -43.691  -29.271  80.808 0.1111110002
52212  -37.315  -30.404  82.319 0.1111110002
52219  -37.125  -30.905  81.494 0.1111110002
53186  -41.892  -30.441  81.028 0.1111110002
53187  -42.670  -30.197  81.022 0.1111110002
53172  -38.677  -29.918  82.028 0.1111110002
53184  -39.943  -30.721  80.783 0.1111110002
53185  -40.962  -30.546  80.871 0.1111110002
54306  -47.131  -29.206  77.799 0.1111110002
55394  -46.842  -29.116  78.697 0.1111110002
55379  -45.918  -29.163  79.628 0.1111110002
55393  -45.963  -28.878  79.015 0.1111110002
55366  -45.155  -29.142  80.044 0.1111110002
150340  -45.114  -28.623  79.042 0.1111110002
140679  -44.050  -28.473  79.831 0.1111110002
55392  -44.322  -28.531  79.105 0.1111110002
53176  -42.746  -29.598  81.336 0.1111110002
55377  -43.426  -28.420  80.310 0.1111110002
55364  -42.743  -28.361  80.829 0.1111110002
54305  -46.089  -29.338  77.280 0.1111110002
161072  -45.368  -29.257  77.294 0.1111110002
55409  -45.454  -28.935  78.070 0.2222220004
55408  -44.603  -28.724  78.252 0.2222220004
55407  -42.902  -28.937  78.112 0.2222220004
56502  -42.928  -27.706  61.901 0.2222220004
56519  -44.350  -27.295  61.681 0.2222220004
159737  -44.146  -28.941  77.643 0.2222220004
48097  -33.863  -35.545  85.872 0.2222220004
55584  -42.423  -28.343  62.673 0.2222220004
52211  -36.713  -31.238  82.227 0.1111110002
53173  -40.499  -30.053  81.612 0.1111110002
53174  -41.351  -29.864  81.538 0.1111110002
136613  -37.975  -29.862  82.400 0.1111110002
55353  -42.120  -28.370  81.338 0.1111110002
51331  -42.613  -32.828  75.459 0.1111110002
52271  -45.222  -31.512  78.212 0.1111110002
51299  -46.022  -32.169  77.763 0.1111110002
52269  -43.725  -31.740  77.316 0.1111110002
52253  -43.546  -31.341  78.283 0.1111110002
51298  -44.577  -32.292  76.912 0.1111110002
143208  -45.188  -32.020  77.520 0.1111110002
141135  -45.593  -32.836  76.957 0.1111110002
52268  -41.622  -31.413  77.784 0.1111110002
52284  -43.030  -31.840  76.820 0.1111110002
137631  -42.547  -31.368  78.079 0.1111110002
51315  -43.714  -32.183  76.660 0.1111110002
52266  -39.677  -31.469  77.348 0.1111110002
52280  -39.301  -31.773  76.585 0.1111110002
52281  -40.261  -31.674  76.652 0.1111110002
51313  -40.789  -31.977  75.828 0.1111110002
161847  -41.496  -31.902  76.012 0.1111110002
50302  -39.427  -33.790  75.240 0.1111110002
153007  -38.952  -32.376  76.100 0.1111110002
163603  -40.880  -32.501  75.322 0.1111110002
50303  -40.234  -34.021  74.717 0.1111110002
50322  -42.224  -34.584  74.532 0.1111110002
49320  -41.502  -35.382  74.446 0.1111110002
53202  -46.569  -29.919  79.816 0.1111110002
52238  -44.756  -30.714  79.552 0.1111110002
52252  -41.928  -31.099  78.673 0.1111110002
53201  -43.335  -30.478  80.475 0.1111110002
142183  -44.240  -30.420  80.158 0.1111110002
53171  -37.842  -30.487  81.385 0.1111110002
158950  -38.118  -30.902  80.313 0.1111110002
53199  -41.493  -30.842  80.189 0.1111110002
52236  -42.194  -30.926  79.591 0.1111110002
53200  -42.457  -30.708  80.455 0.1111110002
52231  -37.728  -31.662  78.746 0.1111110002
53196  -39.053  -30.942  80.042 0.1111110002
52233  -39.330  -31.136  79.031 0.1111110002
164565  -38.512  -31.358  78.590 0.1111110002
52249  -39.071  -31.363  78.025 0.1111110002
53197  -39.886  -31.003  79.853 0.1111110002
52234  -40.458  -31.065  79.236 0.1111110002
53198  -40.619  -30.909  80.127 0.1111110002
50285  -38.117  -33.770  76.591 0.1111110002
52265  -38.697  -31.618  77.171 0.1111110002
52248  -38.147  -31.633  77.869 0.1111110002
51297  -37.846  -32.149  77.136 0.1111110002
54287  -46.518  -29.170  79.224 0.1111110002
54274  -46.573  -29.481  79.541 0.1111110002
139500  -45.848  -30.106  79.985 0.1111110002
53189  -45.065  -30.256  80.032 0.1111110002
54259  -44.478  -29.445  80.485 0.1111110002
55365  -44.118  -28.814  80.336 0.1111110002
55355  -43.262  -28.687  80.809 0.1111110002
54245  -43.058  -29.119  81.238 0.1111110002
153071  -43.233  -29.849  81.009 0.1111110002
53188  -43.934  -29.992  80.637 0.1111110002
53175  -42.153  -29.723  81.489 0.1111110002
53183  -38.804  -30.514  80.995 0.1111110002
138522  -46.309  -29.079  78.212 0.1111110002
159570  -45.397  -28.846  79.578 0.1111110002
55378  -44.743  -28.652  79.751 0.1111110002
55354  -42.725  -28.625  81.154 0.1111110002
47198  -33.085  -36.148  86.328 0.1111110002
139918  -34.993  -35.299  85.677 0.1111110002
50214  -35.687  -33.620  85.003 0.1111110002
69636  -44.493  -14.697  57.186 0.2222220004
69637  -45.251  -14.692  57.549 0.2222220004
160968  -44.065  -14.531  56.617 0.2222220004
69651  -44.574  -14.408  56.162 0.2222220004
69653  -46.221  -14.395  56.635 0.2222220004
69667  -45.654  -14.348  55.737 0.2222220004
68580  -44.296  -15.971  59.040 0.2222220004
68607  -44.255  -15.195  57.821 0.1111110002
69623  -44.918  -15.008  57.982 0.2222220004
69635  -43.849  -14.947  57.329 0.2222220004
65504  -57.991  -18.241  68.803 0.1111110002
67473  -58.904  -16.629  68.237 0.1111110002
68509  -58.410  -15.203  67.774 0.1111110002
69551  -57.374  -13.649  66.382 0.1111110002
72671  -65.500  -11.158  58.470 0.3333329856
72736  -45.047  -11.341  53.437 0.1111110002
71673  -46.676  -12.070  52.706 0.1111110002
71675  -48.471  -12.150  52.438 0.1111110002
163563  -57.456  -11.527  66.636 0.1111110002
162747  -64.542  -9.613  58.751 0.3333329856
159554  -43.881  -7.323  58.093 0.1111110002
138472  -42.974  -7.771  57.664 0.1111110002
75534  -43.667  -7.648  57.685 0.1111110002
74624  -42.973  -9.458  55.320 0.1111110002
141413  -44.517  -9.643  54.593 0.1111110002
72737  -45.688  -11.276  53.125 0.1111110002
72738  -46.358  -11.355  52.717 0.1111110002
72751  -48.022  -11.442  51.999 0.1111110002
163991  -48.805  -11.680  51.882 0.1111110002
75545  -43.410  -8.054  57.311 0.1111110002
150550  -44.208  -7.944  57.432 0.1111110002
139562  -43.863  -8.330  56.964 0.1111110002
74625  -44.099  -9.094  55.456 0.1111110002
73702  -44.989  -10.142  54.046 0.1111110002
74640  -46.104  -9.214  54.425 0.1111110002
74639  -45.326  -9.462  54.510 0.1111110002
73714  -46.078  -10.441  53.141 0.1111110002
74649  -46.328  -9.544  53.551 0.1111110002
74658  -46.563  -9.938  52.835 0.1111110002
73725  -47.392  -10.691  51.983 0.1111110002
72769  -49.596  -11.401  51.573 0.1111110002
73735  -49.297  -10.666  50.968 0.1111110002
73736  -50.232  -10.824  51.019 0.1111110002
140522  -45.854  -8.309  56.832 0.1111110002
75535  -45.061  -7.963  57.712 0.1111110002
137149  -45.733  -8.500  56.160 0.1111110002
74626  -45.701  -8.862  55.272 0.1111110002
74659  -47.058  -9.909  52.291 0.1111110002
150576  -47.642  -9.843  51.554 0.1111110002
73734  -48.470  -10.252  51.043 0.1111110002
73751  -49.885  -10.188  50.534 0.1111110002
73753  -51.702  -10.454  50.481 0.1111110002
74650  -46.846  -9.095  52.986 0.1111110002
75595  -48.197  -8.462  51.021 0.1111110002
74676  -49.594  -9.448  50.241 0.1111110002
74677  -50.434  -9.689  50.081 0.1111110002
74679  -52.224  -10.046  49.885 0.1111110002
75603  -48.851  -8.356  50.583 0.1111110002
75604  -49.416  -8.592  50.197 0.1111110002
74692  -50.123  -8.861  49.820 0.1111110002
74694  -51.819  -9.380  49.444 0.1111110002
74695  -52.724  -9.502  49.383 0.1111110002
74697  -54.535  -9.409  49.601 0.1111110002
76552  -49.974  -8.021  49.821 0.1111110002
75614  -50.684  -8.315  49.482 0.1111110002
75615  -51.464  -8.605  49.193 0.1111110002
75617  -53.199  -9.025  48.811 0.1111110002
74708  -54.947  -9.068  48.970 0.1111110002
75628  -51.855  -7.867  48.707 0.1111110002
75629  -52.808  -8.255  48.448 0.1111110002
75630  -53.652  -8.538  48.338 0.1111110002
75642  -54.787  -8.267  47.726 0.1111110002
75643  -55.601  -8.376  47.643 0.2222220004
76574  -55.125  -7.800  47.125 0.1111110002
75651  -55.970  -7.972  46.953 0.1111110002
75644  -56.437  -8.452  47.540 0.2222220004
75654  -58.390  -7.979  46.973 0.3333329856
76544  -48.656  -7.864  50.846 0.1111110002
76545  -49.316  -7.723  50.411 0.1111110002
76553  -50.577  -7.480  49.499 0.1111110002
76554  -51.211  -7.008  49.052 0.1111110002
76563  -52.567  -7.352  48.185 0.1111110002
76564  -53.290  -7.850  47.969 0.1111110002
76572  -53.702  -7.537  47.544 0.1111110002
76571  -53.182  -7.139  47.633 0.1111110002
76582  -54.649  -7.157  46.673 0.1111110002
76584  -56.376  -7.576  46.230 0.1111110002
76585  -57.185  -7.643  46.151 0.2222220004
76596  -58.392  -7.167  45.647 0.3333329856
76583  -55.526  -7.393  46.422 0.1111110002
76593  -55.941  -7.023  45.717 0.1111110002
76595  -57.570  -7.194  45.579 0.3333329856
77492  -58.797  -6.723  45.098 0.3333329856
76537  -48.299  -7.649  51.455 0.1111110002
76538  -48.960  -7.217  51.131 0.1111110002
77445  -49.561  -6.792  50.698 0.1111110002
76546  -49.957  -7.140  49.966 0.1111110002
77459  -51.602  -6.243  48.726 0.1111110002
77460  -52.232  -6.504  48.220 0.1111110002
77467  -52.741  -6.709  47.824 0.1111110002
77469  -53.807  -6.922  47.051 0.1111110002
77501  -56.717  -6.175  44.621 0.2222220004
77502  -57.489  -6.244  44.467 0.3333329856
77503  -58.315  -6.297  44.446 0.3333329856
77478  -54.348  -6.388  46.413 0.1111110002
77488  -55.558  -6.262  45.347 0.1111110002
77489  -56.374  -6.630  45.137 0.1111110002
77491  -57.952  -6.726  45.037 0.3333329856
77446  -50.174  -6.305  50.340 0.1111110002
77454  -51.061  -6.013  49.285 0.1111110002
78403  -51.864  -4.882  49.272 0.1111110002
79423  -52.534  -4.611  48.833 0.1111110002
78409  -52.097  -5.481  48.507 0.1111110002
78410  -52.809  -5.088  48.069 0.1111110002
77468  -53.200  -6.424  47.408 0.1111110002
78418  -53.239  -5.555  47.434 0.1111110002
77477  -53.658  -5.988  46.822 0.1111110002
78441  -56.977  -5.481  44.074 0.2222220004
78442  -57.817  -5.723  43.883 0.2222220004
78424  -54.265  -5.592  46.342 0.1111110002
78439  -55.664  -5.558  44.939 0.1111110002
79455  -56.423  -4.745  44.335 0.1111110002
78451  -57.444  -5.029  43.612 0.2222220004
162716  -58.517  -4.868  42.943 0.2222220004
78453  -59.018  -5.337  43.101 0.3333329856
79448  -56.139  -4.101  45.060 0.1111110002
80529  -57.308  -3.612  43.797 0.1111110002
79465  -58.182  -4.362  42.912 0.2222220004
79466  -58.792  -4.550  42.578 0.3333329856
81484  -58.305  -2.837  42.845 0.2222220004
82528  -59.433  -1.485  43.026 0.2222220004
78387  -50.479  -5.624  51.548 0.1111110002
78388  -51.126  -5.156  51.505 0.1111110002
77440  -49.977  -6.064  51.159 0.1111110002
78396  -51.166  -5.143  50.511 0.1111110002
78402  -51.296  -5.279  49.674 0.1111110002
79415  -52.473  -4.388  49.712 0.1111110002
79416  -53.199  -4.062  49.310 0.1111110002
79424  -53.230  -4.334  48.439 0.1111110002
79425  -53.778  -4.089  48.080 0.1111110002
80503  -54.840  -3.695  47.535 0.1111110002
79430  -53.435  -4.729  47.659 0.1111110002
79438  -54.394  -4.722  46.535 0.1111110002
79432  -54.708  -4.059  46.890 0.1111110002
79446  -54.779  -5.152  45.846 0.1111110002
79439  -55.134  -4.270  46.231 0.1111110002
80522  -56.969  -3.377  45.248 0.1111110002
140669  -58.059  -2.745  44.801 0.1111110002
146977  -58.647  -2.268  43.541 0.1111110002
82519  -59.168  -1.682  44.621 0.1111110002
148273  -59.154  -1.727  43.828 0.2222220004
162502  -59.410  -1.309  43.897 0.1111110002
85470  -57.994  1.249  44.021 0.3333329856
163713  -58.431  2.256  43.277 0.3333329856
85509  -57.204  1.720  42.155 0.3333329856
86479  -58.610  2.686  42.225 0.3333329856
85526  -58.222  1.644  40.672 0.3333329856
78376  -50.756  -5.479  52.149 0.1111110002
79392  -51.799  -4.689  51.019 0.1111110002
79403  -52.493  -4.437  50.596 0.1111110002
79404  -53.233  -4.136  50.244 0.1111110002
79417  -54.077  -3.719  49.859 0.1111110002
80482  -53.854  -3.776  48.814 0.1111110002
80483  -54.721  -3.635  49.051 0.1111110002
80494  -55.232  -3.584  48.323 0.1111110002
80495  -56.227  -3.581  48.332 0.1111110002
80504  -55.363  -3.700  47.030 0.1111110002
80513  -56.473  -3.503  45.977 0.1111110002
80514  -57.475  -3.141  46.250 0.1111110002
81471  -58.698  -2.410  45.200 0.1111110002
81476  -58.984  -2.090  44.575 0.1111110002
83539  -59.133  -1.390  44.657 0.1111110002
83538  -58.645  -1.082  45.055 0.1111110002
83545  -58.848  -0.603  44.419 0.1111110002
84507  -58.325  0.337  44.245 0.1111110002
85469  -57.111  1.061  43.981 0.1111110002
85480  -57.738  1.691  43.483 0.1111110002
85497  -56.998  1.637  42.921 0.1111110002
141108  -57.038  1.436  41.277 0.3333329856
85525  -57.337  1.305  40.659 0.3333329856
85538  -57.607  0.976  39.907 0.3333329856
79393  -53.254  -4.391  51.094 0.1111110002
80496  -57.276  -3.481  48.479 0.1111110002
80507  -58.498  -3.062  47.425 0.1111110002
150067  -57.864  -3.145  47.018 0.1111110002
81465  -58.862  -2.483  46.161 0.1111110002
142707  -59.248  -2.040  46.283 0.1111110002
83530  -58.547  -1.267  45.911 0.1111110002
82515  -59.162  -1.790  45.543 0.1111110002
83537  -57.791  -0.666  45.400 0.1111110002
83544  -58.003  -0.355  44.750 0.1111110002
85468  -56.119  1.008  44.077 0.1111110002
157860  -56.162  1.468  42.966 0.1111110002
85496  -56.192  1.476  42.271 0.1111110002
85508  -56.280  1.378  41.431 0.3333329856
85524  -56.371  1.207  40.538 0.3333329856
85537  -56.865  0.939  39.968 0.3333329856
144123  -66.431  3.936  43.298 0.3333329856
81460  -59.202  -2.390  47.373 0.1111110002
138373  -66.628  3.125  42.650 0.3333329856
81459  -58.893  -2.629  47.015 0.1111110002
82512  -59.291  -1.972  46.950 0.1111110002
82504  -58.388  -1.311  46.856 0.1111110002
81466  -59.171  -2.267  46.588 0.1111110002
83528  -56.585  -0.656  46.714 0.1111110002
83536  -56.782  -0.456  45.763 0.1111110002
84497  -57.066  -0.198  44.969 0.1111110002
84505  -56.557  0.533  44.587 0.1111110002
157717  -55.645  1.264  43.444 0.1111110002
85506  -54.671  1.696  41.816 0.1111110002
85523  -55.606  1.489  40.187 0.3333329856
151748  -56.251  1.221  39.553 0.2222220004
85498  -66.907  2.205  42.636 0.3333329856
82498  -58.881  -1.578  48.203 0.1111110002
83515  -57.414  -0.719  48.775 0.1111110002
83521  -56.486  -0.687  47.662 0.1111110002
83520  -55.682  -0.348  47.237 0.1111110002
84495  -55.119  0.338  45.537 0.1111110002
84496  -56.124  0.148  45.331 0.1111110002
84504  -55.571  0.630  44.768 0.1111110002
84503  -54.655  0.789  44.924 0.1111110002
85466  -54.282  1.268  44.362 0.1111110002
85494  -54.301  1.649  42.723 0.1111110002
86477  -54.345  2.275  41.298 0.1111110002
86491  -54.041  2.947  40.928 0.1111110002
85536  -55.578  1.671  39.550 0.2222220004
85549  -55.870  1.676  38.897 0.2222220004
155106  -59.654  0.834  34.342 0.4444440007
84630  -60.229  0.634  33.920 0.4444440007
84484  -55.078  0.151  47.678 0.1111110002
85452  -53.854  1.844  46.924 0.1111110002
88295  -54.659  3.988  47.019 0.1111110002
85455  -53.842  1.381  46.562 0.1111110002
138096  -53.649  2.005  46.130 0.1111110002
87370  -53.962  3.510  46.408 0.1111110002
88302  -53.837  4.261  45.585 0.1111110002
84487  -53.808  1.231  45.891 0.1111110002
85458  -53.638  1.813  45.247 0.1111110002
87372  -53.569  3.365  45.530 0.1111110002
138065  -53.470  3.810  44.882 0.1111110002
86446  -53.371  2.630  43.721 0.1111110002
88318  -53.437  4.178  42.767 0.1111110002
88344  -53.954  3.781  40.795 0.1111110002
87431  -54.644  3.583  39.477 0.1111110002
86514  -55.652  2.447  38.449 0.2222220004
85581  -57.881  1.547  35.801 0.3333329856
86550  -58.057  1.995  35.068 0.3333329856
85606  -59.653  1.153  33.583 0.3333329856
85607  -60.359  0.887  33.059 0.3333329856
88298  -54.322  4.351  46.323 0.1111110002
89250  -54.510  5.085  45.899 0.1111110002
156215  -53.687  4.530  44.748 0.1111110002
89267  -53.616  4.831  43.242 0.1111110002
157112  -53.675  4.920  42.456 0.1111110002
89276  -53.798  4.908  41.697 0.1111110002
161904  -54.405  4.928  40.061 0.1111110002
89303  -54.885  5.556  39.603 0.1111110002
87479  -57.147  3.713  35.471 0.2222220004
86559  -57.715  2.762  34.858 0.2222220004
156242  -58.147  2.452  34.400 0.2222220004
86570  -58.639  2.597  33.124 0.2222220004
86571  -59.146  1.862  33.331 0.2222220004
85619  -59.748  1.511  32.725 0.2222220004
85633  -59.929  1.732  31.865 0.2222220004
86602  -60.066  1.970  31.089 0.2222220004
88303  -54.046  4.971  45.167 0.1111110002
89262  -53.956  5.415  43.696 0.1111110002
149623  -53.986  5.533  42.870 0.1111110002
89277  -54.211  5.577  41.243 0.1111110002
89290  -54.462  5.564  40.448 0.1111110002
88369  -55.532  4.795  38.116 0.2222220004
88399  -57.208  4.506  35.078 0.1111110002
87500  -57.753  3.801  33.748 0.2222220004
162807  -57.821  3.129  34.263 0.2222220004
160757  -58.936  2.841  31.802 0.2222220004
86587  -59.191  2.310  32.396 0.2222220004
86601  -59.430  2.424  31.519 0.2222220004
85647  -60.670  1.664  30.508 0.2222220004
84687  -63.899  1.351  26.659 0.2222220004
84696  -63.443  0.943  26.255 0.2222220004
83697  -63.279  0.433  26.987 0.1111110002
83696  -62.492  0.079  27.249 0.2222220004
90256  -54.448  5.980  44.172 0.1111110002
90260  -54.417  6.156  43.313 0.1111110002
90264  -54.883  6.815  42.890 0.1111110002
156145  -54.580  6.199  40.850 0.1111110002
145595  -55.360  7.033  39.985 0.1111110002
89317  -55.511  5.642  38.330 0.1111110002
150830  -55.991  6.878  37.825 0.1111110002
90314  -55.753  6.144  37.891 0.1111110002
163114  -56.444  5.820  36.518 0.1111110002
89350  -56.904  5.234  35.443 0.1111110002
88418  -57.576  4.721  33.444 0.1111110002
88430  -57.707  4.889  32.783 0.2222220004
146142  -56.973  -3.565  36.674 0.1111110002
81558  -57.497  -2.984  35.624 0.1111110002
87501  -58.251  3.412  33.042 0.2222220004
87513  -58.343  3.834  32.338 0.2222220004
87536  -58.716  3.807  30.970 0.2222220004
81570  -58.405  -2.565  34.604 0.1111110002
86613  -59.487  2.878  30.179 0.2222220004
142122  -60.339  2.455  28.887 0.2222220004
82644  -59.516  -1.612  32.118 0.1111110002
140486  -59.577  2.532  30.856 0.2222220004
86625  -60.002  2.477  29.667 0.2222220004
86614  -60.048  2.230  30.338 0.2222220004
85670  -60.924  2.005  28.596 0.2222220004
86636  -60.767  2.465  27.850 0.2222220004
86637  -61.752  2.151  27.617 0.2222220004
85671  -63.076  2.343  27.026 0.2222220004
85686  -63.359  1.494  26.153 0.2222220004
83689  -62.689  -0.198  28.131 0.1111110002
91188  -55.401  7.613  41.398 0.1111110002
91212  -55.532  7.153  39.158 0.1111110002
90325  -56.580  6.465  36.442 0.1111110002
90333  -57.073  6.039  35.177 0.1111110002
90332  -56.740  5.938  35.871 0.1111110002
90338  -57.288  6.183  34.433 0.1111110002
89369  -57.510  5.525  33.048 0.1111110002
81569  -57.453  -2.512  34.787 0.1111110002
88439  -58.419  4.250  31.625 0.2222220004
80626  -56.850  -3.136  36.110 0.1111110002
81586  -57.948  -2.076  33.968 0.1111110002
88431  -58.099  4.636  32.254 0.2222220004
82626  -58.295  -1.853  33.274 0.1111110002
82643  -58.096  -1.560  32.584 0.1111110002
87549  -59.350  3.584  29.673 0.2222220004
86624  -59.762  2.961  29.216 0.2222220004
82627  -59.001  -1.829  32.778 0.1111110002
82653  -58.815  -1.391  31.793 0.1111110002
83660  -59.189  -1.007  30.858 0.1111110002
87555  -59.734  3.642  28.642 0.2222220004
145755  -59.498  -0.579  30.016 0.1111110002
82665  -60.034  -1.012  30.584 0.1111110002
138399  -60.282  -0.688  29.688 0.1111110002
86647  -62.487  2.453  26.228 0.2222220004
86656  -62.359  2.306  25.432 0.2222220004
83676  -60.523  -0.464  28.820 0.1111110002
86648  -63.153  2.038  26.255 0.2222220004
158256  -61.059  -0.712  29.376 0.1111110002
83688  -61.812  -0.261  28.011 0.1111110002
84695  -63.047  1.108  25.838 0.2222220004
84686  -62.734  0.558  26.384 0.2222220004
91228  -56.815  7.629  36.873 0.1111110002
162393  -57.276  7.297  35.316 0.1111110002
91213  -55.948  7.832  38.809 0.1111110002
91218  -56.413  7.543  37.571 0.1111110002
90326  -56.981  6.749  35.707 0.1111110002
91241  -57.252  6.762  34.934 0.1111110002
90345  -57.461  6.569  33.457 0.1111110002
83664  -57.975  -0.268  30.655 0.1111110002
89389  -58.198  5.222  31.511 0.2222220004
88448  -58.518  4.617  30.824 0.2222220004
84668  -58.641  0.313  29.313 0.1111110002
87537  -58.892  4.145  30.186 0.2222220004
83674  -59.006  -0.135  29.563 0.1111110002
88460  -59.279  4.460  29.252 0.2222220004
86635  -60.202  2.966  28.152 0.2222220004
152739  -61.126  3.456  25.851 0.2222220004
83686  -60.176  -0.148  28.323 0.1111110002
138893  -60.791  2.957  26.915 0.2222220004
86646  -61.869  2.902  25.544 0.2222220004
140888  -61.210  -0.478  28.629 0.1111110002
83687  -60.947  -0.151  27.937 0.1111110002
137428  -61.096  0.383  26.977 0.1111110002
85691  -62.187  2.240  25.036 0.2222220004
83695  -61.835  0.124  27.151 0.1111110002
151897  -57.512  7.475  33.876 0.1111110002
91253  -57.704  7.125  32.530 0.1111110002
150995  -57.639  6.275  32.477 0.1111110002
90359  -57.911  6.110  31.770 0.1111110002
88459  -58.711  4.957  29.993 0.2222220004
89408  -58.706  5.809  29.834 0.2222220004
84663  -58.376  0.095  29.942 0.2222220004
137584  -58.571  0.748  28.793 0.2222220004
148842  -59.451  5.058  28.604 0.2222220004
88468  -59.740  4.401  28.109 0.2222220004
88473  -60.163  4.496  26.960 0.2222220004
84675  -59.125  0.825  28.036 0.2222220004
142028  -59.743  0.663  27.547 0.1111110002
87567  -61.476  3.363  24.700 0.2222220004
86655  -61.812  2.694  24.828 0.2222220004
83675  -59.711  -0.291  29.032 0.1111110002
84677  -60.289  0.276  27.637 0.1111110002
85683  -61.060  1.568  25.534 0.1111110002
85684  -62.015  1.786  25.147 0.1111110002
84693  -61.492  1.010  26.022 0.1111110002
156318  -61.928  0.559  26.419 0.1111110002
84694  -62.459  1.104  25.744 0.1111110002
88474  -61.015  4.208  25.281 0.2222220004
89438  -61.125  5.028  24.623 0.2222220004
85681  -59.324  1.819  26.554 0.2222220004
86660  -60.770  2.823  24.552 0.2222220004
161578  -61.211  3.866  24.154 0.2222220004
84684  -59.539  1.222  27.091 0.1111110002
85682  -60.114  1.612  26.017 0.1111110002
87575  -61.080  4.098  23.921 0.2222220004
74588  -63.585  -9.468  60.825 0.3333329856
74549  -62.251  -9.065  63.865 0.2222220004
158713  -64.613  -9.696  59.261 0.3333329856
72662  -65.165  -10.627  59.053 0.3333329856
74571  -63.218  -9.202  61.603 0.3333329856
148030  -65.462  1.338  34.517 0.1111110002
85596  -65.541  2.338  34.314 0.3333329856
67472  -58.220  -16.788  68.210 0.1111110002
67480  -57.974  -16.183  67.852 0.1111110002
69543  -57.886  -14.011  67.356 0.1111110002
155843  -58.119  -13.174  67.361 0.1111110002
71513  -56.995  -12.126  66.090 0.1111110002
70523  -57.645  -12.783  66.704 0.1111110002
72752  -49.336  -12.094  52.254 0.2222220004
73737  -51.191  -10.898  51.021 0.1111110002
75506  -62.531  -8.706  62.775 0.2222220004
137467  -62.381  -9.283  60.302 0.3333329856
74602  -63.291  -9.603  59.484 0.3333329856
74595  -63.095  -9.424  60.181 0.3333329856
74611  -65.210  -9.608  57.887 0.3333329856
79482  -58.498  -3.697  42.488 0.2222220004
141433  -49.019  -12.662  52.913 0.1111110002
72770  -50.681  -11.369  51.576 0.1111110002
75497  -62.150  -8.532  63.525 0.2222220004
74619  -66.089  -9.253  56.624 0.3333329856
68597  -44.598  -15.436  58.538 0.2222220004
75645  -57.290  -8.452  47.555 0.2222220004
81485  -58.882  -2.210  42.814 0.2222220004
86462  -58.551  2.592  42.887 0.3333329856
86494  -58.771  2.494  41.395 0.3333329856
87432  -55.062  2.977  38.928 0.1111110002
86539  -57.380  2.087  36.240 0.4444440007
86549  -57.584  2.373  35.515 0.3333329856
87442  -55.156  4.022  38.699 0.2222220004
88357  -55.196  5.082  38.856 0.2222220004
90315  -56.175  6.160  37.173 0.1111110002
69652  -45.347  -14.482  56.835 0.2222220004
75632  -55.279  -8.749  48.320 0.1111110002
83546  -59.438  -0.939  44.052 0.2222220004
85510  -57.938  1.942  41.570 0.3333329856
84607  -59.412  0.770  35.088 0.4444440007
76586  -57.991  -7.608  46.219 0.3333329856
141255  -34.877  -36.378  85.822 0.1111110002
69650  -43.660  -14.645  56.816 0.1111110002
150272  -43.936  -15.656  58.340 0.1111110002
157828  -65.723  -9.894  57.969 0.3333329856
74605  -65.368  -10.129  58.640 0.3333329856
160665  -45.373  -11.883  53.191 0.1111110002
158401  -44.761  -10.770  53.707 0.1111110002
73713  -45.376  -10.610  53.524 0.1111110002
72750  -47.121  -11.413  52.393 0.1111110002
153399  -45.926  -11.993  52.883 0.1111110002
71674  -47.592  -12.133  52.585 0.1111110002
75554  -43.047  -8.430  56.843 0.1111110002
74616  -42.547  -8.934  56.219 0.1111110002
73700  -43.125  -10.369  54.490 0.1111110002
74617  -43.453  -8.713  56.213 0.1111110002
74638  -43.714  -9.733  54.723 0.1111110002
73724  -46.753  -10.656  52.525 0.1111110002
138827  -44.915  -9.121  55.130 0.1111110002
74618  -44.341  -8.546  56.460 0.1111110002
75563  -44.975  -8.718  55.877 0.1111110002
74648  -45.688  -9.867  53.836 0.1111110002
72767  -48.044  -10.719  51.538 0.1111110002
72768  -48.683  -11.085  51.428 0.1111110002
73750  -49.055  -9.958  50.578 0.1111110002
73752  -50.788  -10.345  50.509 0.1111110002
75547  -45.515  -8.165  57.366 0.1111110002
75555  -45.162  -8.430  56.705 0.1111110002
75546  -44.674  -8.245  57.182 0.1111110002
75587  -47.225  -9.020  52.029 0.1111110002
148678  -48.612  -9.725  50.751 0.1111110002
74678  -51.311  -9.892  49.963 0.1111110002
74667  -48.162  -9.370  51.006 0.1111110002
74675  -48.775  -9.129  50.541 0.1111110002
74693  -50.958  -9.169  49.597 0.1111110002
75616  -52.298  -8.833  48.916 0.1111110002
74696  -53.649  -9.498  49.456 0.1111110002
74707  -54.098  -9.070  48.877 0.1111110002
149132  -51.143  -7.851  49.160 0.1111110002
75631  -54.473  -8.680  48.324 0.1111110002
76562  -51.866  -7.015  48.562 0.1111110002
75641  -54.005  -8.155  47.796 0.1111110002
76573  -54.329  -7.637  47.309 0.1111110002
75652  -56.812  -8.097  46.796 0.2222220004
76594  -56.761  -7.186  45.575 0.1111110002
77479  -55.109  -6.707  46.031 0.1111110002
77490  -57.137  -6.747  45.011 0.2222220004
77439  -49.420  -6.523  51.576 0.1111110002
77453  -50.561  -6.594  49.632 0.1111110002
78417  -52.652  -5.946  47.846 0.1111110002
77500  -56.066  -6.086  44.816 0.1111110002
78440  -56.276  -5.532  44.538 0.1111110002
77487  -54.784  -5.967  45.780 0.1111110002
78395  -50.553  -5.639  50.809 0.1111110002
78401  -50.704  -5.774  49.966 0.1111110002
78408  -51.518  -5.532  49.047 0.1111110002
79414  -51.776  -4.671  50.118 0.1111110002
79437  -53.759  -5.134  46.930 0.1111110002
78452  -58.145  -5.109  43.317 0.2222220004
78430  -55.205  -5.580  45.401 0.1111110002
79447  -55.421  -4.787  45.347 0.1111110002
79454  -55.871  -4.912  44.740 0.1111110002
79464  -57.586  -4.344  43.364 0.2222220004
79456  -56.946  -4.447  43.818 0.2222220004
80521  -56.743  -3.862  44.376 0.1111110002
143504  -57.448  -3.198  44.572 0.1111110002
80535  -57.843  -3.547  43.130 0.2222220004
80530  -57.984  -2.705  43.944 0.1111110002
80493  -54.391  -3.732  48.176 0.1111110002
79431  -54.130  -4.242  47.358 0.1111110002
80512  -55.963  -3.642  46.603 0.1111110002
79440  -55.743  -4.024  45.789 0.1111110002
80523  -58.043  -2.837  45.562 0.1111110002
86447  -57.855  2.137  42.950 0.2222220004
79405  -53.972  -4.075  50.838 0.1111110002
161967  -55.587  -3.573  47.737 0.1111110002
139455  -56.873  -3.438  47.810 0.1111110002
139122  -56.190  -3.543  47.453 0.1111110002
80505  -56.943  -3.332  47.004 0.1111110002
80515  -58.383  -2.870  46.600 0.1111110002
81472  -59.134  -2.130  45.663 0.1111110002
84506  -57.461  0.395  44.435 0.1111110002
85479  -56.667  1.338  43.476 0.1111110002
80506  -57.710  -3.323  47.697 0.1111110002
80508  -58.988  -2.901  47.832 0.1111110002
82511  -59.100  -1.767  46.491 0.1111110002
83529  -57.613  -0.855  46.290 0.1111110002
85467  -55.032  1.056  44.119 0.1111110002
85495  -55.238  1.387  42.556 0.1111110002
85507  -55.445  1.450  41.586 0.1111110002
156391  -55.678  1.411  40.870 0.2222220004
82506  -59.261  -1.938  47.724 0.1111110002
82505  -58.974  -1.654  47.335 0.1111110002
83522  -57.425  -0.980  47.241 0.1111110002
82497  -58.136  -1.222  47.893 0.1111110002
138003  -57.196  -0.903  48.030 0.1111110002
83527  -55.682  -0.156  46.244 0.1111110002
163126  -54.488  1.327  43.881 0.1111110002
85477  -53.986  1.597  43.644 0.1111110002
86461  -53.993  2.184  42.132 0.1111110002
85522  -55.000  1.731  40.850 0.2222220004
86493  -55.107  1.994  39.984 0.2222220004
147417  -55.094  0.074  46.934 0.1111110002
84489  -54.746  0.334  46.342 0.1111110002
85465  -53.738  1.688  44.446 0.1111110002
85476  -53.532  2.038  43.848 0.1111110002
85493  -53.562  2.199  43.047 0.1111110002
143374  -53.516  2.743  42.385 0.1111110002
87403  -53.735  3.442  41.375 0.1111110002
86492  -54.567  2.440  40.479 0.1111110002
86503  -54.756  2.690  39.686 0.1111110002
162208  -59.062  1.387  34.311 0.3333329856
84478  -54.650  0.789  47.929 0.1111110002
84483  -54.527  0.514  47.151 0.1111110002
84479  -55.244  0.375  48.446 0.1111110002
85453  -54.115  1.237  47.309 0.1111110002
86434  -53.877  2.571  46.787 0.1111110002
137943  -53.637  2.822  46.035 0.1111110002
86439  -53.458  2.448  44.516 0.1111110002
88306  -53.448  4.122  44.296 0.1111110002
87380  -53.274  3.211  43.092 0.1111110002
163361  -53.550  4.363  42.105 0.1111110002
87418  -54.298  3.253  40.214 0.1111110002
88331  -54.063  4.735  40.819 0.1111110002
88356  -54.707  4.562  39.451 0.1111110002
85605  -58.573  2.133  33.892 0.2222220004
89260  -53.996  5.226  44.490 0.1111110002
89268  -54.070  5.594  42.058 0.1111110002
86560  -58.175  2.925  33.721 0.2222220004
90263  -54.400  6.219  42.481 0.1111110002
90270  -54.543  6.385  41.602 0.1111110002
90281  -54.928  6.303  40.177 0.1111110002
89304  -55.307  5.835  38.968 0.1111110002
88408  -57.428  4.573  34.281 0.2222220004
89351  -57.233  5.321  34.741 0.1111110002
86586  -58.603  3.034  32.380 0.2222220004
88419  -57.930  4.201  32.926 0.2222220004
142158  -61.223  1.521  29.925 0.2222220004
85677  -63.938  1.849  26.750 0.2222220004
90271  -54.962  7.090  41.658 0.1111110002
91200  -55.505  7.705  40.555 0.1111110002
158604  -55.762  7.191  38.507 0.1111110002
146661  -56.088  7.514  38.163 0.1111110002
89360  -57.395  5.454  33.916 0.1111110002
86600  -58.661  3.451  31.702 0.2222220004
160540  -59.086  3.489  30.433 0.2222220004
85659  -60.630  1.914  29.572 0.2222220004
85660  -61.581  1.626  28.970 0.2222220004
155249  -61.489  2.630  26.787 0.2222220004
140463  -62.382  1.909  28.150 0.2222220004
85685  -62.714  1.773  25.558 0.2222220004
91207  -55.671  7.828  39.694 0.1111110002
160454  -57.366  6.898  34.277 0.1111110002
145949  -57.018  -2.092  33.921 0.1111110002
89378  -57.809  5.469  32.281 0.2222220004
82625  -57.539  -1.756  33.258 0.1111110002
82652  -57.814  -1.198  31.924 0.1111110002
82654  -59.715  -1.358  31.414 0.1111110002
83665  -58.745  -0.466  30.364 0.1111110002
91219  -56.768  8.190  37.492 0.1111110002
91234  -57.193  7.646  36.056 0.1111110002
145767  -57.493  7.982  35.272 0.1111110002
92122  -56.183  8.465  39.378 0.1111110002
143645  -58.364  -0.833  31.163 0.1111110002
90360  -58.235  6.163  31.108 0.1111110002
89398  -58.438  5.490  30.624 0.2222220004
84669  -59.115  0.254  28.818 0.1111110002
87561  -60.304  3.631  27.178 0.2222220004
84676  -59.662  0.213  28.230 0.1111110002
91252  -57.608  7.480  33.159 0.1111110002
92168  -57.718  8.142  33.414 0.1111110002
150384  -59.100  5.378  29.261 0.2222220004
161792  -59.065  6.083  29.222 0.2222220004
89421  -59.795  5.190  27.706 0.2222220004
89409  -59.439  5.873  28.472 0.2222220004
84685  -60.406  0.912  26.688 0.1111110002
156002  -61.528  2.139  24.887 0.2222220004
86661  -61.449  2.611  24.668 0.2222220004
85690  -60.863  2.170  25.031 0.1111110002
86654  -60.003  2.282  25.468 0.2222220004
87572  -61.212  3.356  24.390 0.2222220004
142613  -65.629  0.224  34.260 0.1111110002
50299  -28.103  -33.977  74.936 0.2222220004
50318  -28.434  -33.624  74.162 0.2222220004
50331  -29.223  -33.146  73.749 0.2222220004
51354  -29.893  -32.620  73.554 0.2222220004
50315  -25.690  -33.617  74.286 0.2222220004
163043  -27.361  -34.176  74.980 0.2222220004
50329  -27.684  -33.578  73.615 0.2222220004
136238  -25.965  -33.406  73.595 0.2222220004
157633  -27.734  -33.316  72.825 0.2222220004
51353  -29.238  -32.667  72.929 0.2222220004
51365  -30.028  -32.302  72.977 0.2222220004
51371  -28.226  -32.540  71.666 0.2222220004
51372  -29.002  -32.529  71.949 0.2222220004
53331  -30.031  -30.554  70.279 0.2222220004
50266  -19.494  -33.546  77.347 0.1111110002
50267  -20.328  -33.768  77.178 0.1111110002
161816  -21.890  -34.025  76.672 0.1111110002
49269  -21.538  -33.332  76.290 0.1111110002
50295  -23.003  -33.594  75.584 0.1111110002
51339  -22.933  -32.276  74.696 0.1111110002
50313  -24.013  -33.286  74.641 0.1111110002
51341  -24.301  -32.880  73.977 0.1111110002
50327  -25.110  -33.081  73.586 0.1111110002
51362  -26.275  -32.640  72.242 0.1111110002
51370  -27.442  -32.301  71.516 0.1111110002
52330  -27.976  -31.914  71.074 0.1111110002
52331  -29.424  -32.060  71.307 0.2222220004
52320  -29.784  -32.255  72.202 0.2222220004
53346  -29.465  -30.059  69.596 0.1111110002
52332  -30.238  -31.731  71.583 0.2222220004
54429  -29.936  -29.192  69.156 0.1111110002
55488  -30.946  -29.049  69.532 0.1111110002
56415  -30.838  -27.869  68.890 0.1111110002
52336  -27.700  -31.196  70.544 0.1111110002
53328  -27.500  -30.378  70.301 0.1111110002
157322  -28.664  -30.224  69.636 0.1111110002
148070  -29.880  -28.438  68.744 0.1111110002
55515  -30.222  -27.892  68.644 0.1111110002
56416  -31.472  -27.413  69.177 0.1111110002
54428  -28.726  -29.396  69.262 0.1111110002
55566  -39.331  -28.831  64.191 0.1111110002
55567  -40.132  -29.041  63.975 0.1111110002
55583  -41.468  -28.622  63.243 0.1111110002
55581  -38.977  -28.218  63.726 0.1111110002
153841  -39.785  -28.444  63.604 0.1111110002
55582  -40.561  -28.540  63.460 0.1111110002
146134  -41.497  -27.893  62.453 0.1111110002
55596  -40.784  -27.958  62.864 0.1111110002
57424  -44.245  -26.203  60.647 0.1111110002
59353  -43.939  -24.923  59.718 0.1111110002
56485  -40.177  -28.003  63.159 0.1111110002
56501  -42.066  -27.752  61.979 0.1111110002
56518  -43.581  -27.332  61.563 0.1111110002
57409  -42.841  -26.986  61.111 0.1111110002
57410  -43.863  -26.826  61.131 0.1111110002
58345  -43.627  -25.642  60.201 0.1111110002
60329  -44.336  -23.101  59.358 0.1111110002
60330  -45.218  -23.081  59.749 0.1111110002
59368  -43.212  -24.286  59.446 0.1111110002
60328  -43.417  -23.473  59.147 0.1111110002
61447  -44.888  -22.338  59.357 0.1111110002
61448  -45.685  -22.488  59.888 0.1111110002
61446  -43.627  -22.593  58.880 0.1111110002
163995  -44.275  -22.505  59.112 0.1111110002
157052  -41.891  -23.775  59.414 0.1111110002
60341  -42.676  -22.974  58.796 0.1111110002
62556  -45.539  -21.701  59.611 0.1111110002
62557  -46.222  -21.931  60.124 0.1111110002
62572  -44.226  -21.997  58.888 0.1111110002
159175  -48.054  -13.333  53.715 0.2222220004
84631  -61.125  0.562  33.531 0.3333329856
50281  -28.739  -33.927  75.684 0.2222220004
60313  -45.543  -23.716  60.146 0.1111110002
63644  -46.121  -21.076  59.899 0.1111110002
49249  -18.962  -34.237  77.706 0.1111110002
49250  -19.848  -34.434  77.603 0.1111110002
50268  -21.193  -34.041  76.972 0.1111110002
49270  -22.537  -34.289  76.763 0.1111110002
50294  -22.215  -33.272  75.733 0.1111110002
50314  -24.793  -33.467  74.404 0.1111110002
161855  -26.244  -33.637  74.086 0.2222220004
50316  -26.778  -33.611  73.800 0.2222220004
84618  -60.139  0.479  34.811 0.3333329856
51324  -23.282  -33.092  74.907 0.1111110002
55502  -30.541  -28.484  68.987 0.1111110002
50330  -28.478  -33.251  73.285 0.2222220004
51352  -25.679  -32.888  72.906 0.1111110002
163625  -27.125  -33.462  73.155 0.2222220004
51363  -27.658  -32.939  72.050 0.2222220004
50339  -27.026  -33.171  72.489 0.1111110002
51364  -28.412  -32.940  72.421 0.2222220004
147112  -28.695  -32.185  71.271 0.2222220004
53309  -29.724  -31.375  70.697 0.1111110002
50278  -20.688  -33.113  76.718 0.1111110002
154322  -22.570  -32.852  75.251 0.1111110002
51340  -23.631  -32.643  74.358 0.1111110002
51369  -26.643  -32.053  71.586 0.1111110002
52337  -28.700  -31.543  70.585 0.1111110002
53330  -29.109  -30.792  70.026 0.1111110002
52328  -26.279  -31.223  71.411 0.1111110002
53329  -28.245  -30.727  70.005 0.1111110002
54415  -28.012  -29.962  69.685 0.1111110002
54414  -27.356  -29.532  70.221 0.1111110002
55501  -29.166  -28.572  68.778 0.1111110002
151027  -40.913  -27.368  62.386 0.1111110002
57423  -43.289  -26.304  60.626 0.1111110002
59367  -42.319  -24.320  59.614 0.1111110002
59369  -44.118  -24.030  59.526 0.1111110002
59352  -42.849  -25.075  59.905 0.1111110002
60327  -42.545  -23.696  59.176 0.1111110002
164799  -41.398  -22.579  58.834 0.1111110002
144994  -41.765  -23.144  58.969 0.1111110002
63722  -68.632  -19.444  50.981 0.1111110002
62661  -68.590  -20.267  51.391 0.1111110002
61574  -67.996  -22.214  51.416 0.1111110002
55755  -64.341  -28.649  49.320 0.1111110002
54731  -63.193  -29.746  48.529 0.1111110002
163117  -67.809  -16.271  48.413 0.1111110002
66627  -68.393  -17.350  49.833 0.1111110002
65661  -68.615  -18.091  50.301 0.1111110002
64695  -68.730  -19.098  50.198 0.1111110002
62660  -68.082  -21.273  50.932 0.1111110002
143522  -67.445  -24.392  50.860 0.1111110002
57513  -66.834  -26.683  50.775 0.1111110002
56623  -66.428  -27.293  50.434 0.1111110002
55756  -65.562  -28.573  49.472 0.1111110002
54732  -64.303  -29.487  48.734 0.1111110002
152372  -67.225  -16.217  47.960 0.1111110002
66628  -68.636  -17.485  49.675 0.1111110002
140165  -68.656  -18.458  49.752 0.1111110002
56638  -67.115  -27.945  49.941 0.1111110002
67628  -68.720  -16.989  49.176 0.1111110002
67638  -68.077  -15.897  48.086 0.1111110002
54730  -62.043  -29.692  48.710 0.1111110002
66641  -65.732  -17.360  47.736 0.1111110002
65667  -66.882  -17.730  49.221 0.1111110002
65651  -68.021  -17.879  51.123 0.1111110002
55754  -63.228  -28.474  49.399 0.1111110002
67636  -65.225  -16.891  47.295 0.1111110002
66642  -66.550  -16.952  48.023 0.1111110002
66626  -67.916  -17.209  49.825 0.1111110002
65652  -68.417  -18.401  50.881 0.1111110002
161929  -68.543  -19.133  51.224 0.1111110002
62649  -68.456  -21.124  51.755 0.1111110002
61561  -67.951  -23.090  52.129 0.1111110002
58437  -66.477  -25.596  51.812 0.1111110002
57503  -65.162  -26.421  51.305 0.1111110002
54716  -62.688  -29.027  48.984 0.1111110002
67637  -66.130  -16.536  47.551 0.1111110002
64684  -68.557  -18.745  50.916 0.1111110002
60430  -67.663  -23.965  51.669 0.1111110002
57504  -66.197  -26.229  51.355 0.1111110002
56636  -64.834  -27.896  49.887 0.1111110002
54717  -63.558  -29.051  48.959 0.1111110002
66632  -67.453  -16.838  48.782 0.1111110002
66619  -68.392  -17.830  50.360 0.1111110002
57505  -67.064  -26.029  51.189 0.1111110002
57512  -65.967  -26.750  50.876 0.1111110002
68698  -67.666  -15.494  47.501 0.1111110002
68699  -68.363  -15.613  47.484 0.1111110002
55743  -62.020  -28.039  50.076 0.1111110002
65659  -67.358  -17.936  50.088 0.1111110002
64673  -68.177  -18.696  51.459 0.1111110002
63702  -68.581  -19.911  52.334 0.1111110002
61534  -68.455  -21.439  52.967 0.1111110002
56634  -62.833  -27.902  49.884 0.1111110002
56619  -62.461  -27.469  50.475 0.1111110002
151187  -68.562  -19.573  51.617 0.1111110002
61550  -68.201  -22.425  52.972 0.1111110002
58426  -66.771  -25.103  52.238 0.1111110002
57511  -64.431  -26.793  50.886 0.1111110002
56635  -63.783  -27.900  49.828 0.1111110002
58436  -65.620  -25.778  51.901 0.1111110002
150618  -64.957  -15.798  46.461 0.1111110002
68709  -66.084  -15.399  46.664 0.1111110002
67649  -66.634  -15.728  47.317 0.1111110002
68719  -65.519  -15.027  46.163 0.1111110002
65697  -67.633  -18.019  44.860 0.1111110002
64791  -65.926  -19.872  39.543 0.1111110002
65758  -66.161  -19.128  38.877 0.1111110002
64792  -66.174  -20.122  38.484 0.1111110002
56613  -61.271  -27.142  51.292 0.1111110002
66649  -63.543  -17.174  46.809 0.1111110002
66640  -64.809  -17.801  47.520 0.1111110002
65679  -65.489  -18.040  47.986 0.1111110002
65658  -66.343  -18.579  49.463 0.1111110002
56614  -62.164  -26.916  51.101 0.1111110002
68707  -62.764  -15.751  46.080 0.1111110002
64694  -66.770  -18.772  50.245 0.1111110002
64672  -67.798  -18.970  51.744 0.1111110002
64657  -68.351  -19.816  52.606 0.1111110002
58422  -63.539  -25.383  52.602 0.1111110002
58434  -63.252  -25.923  51.971 0.1111110002
65666  -65.821  -18.361  48.632 0.1111110002
64683  -67.930  -18.410  51.303 0.1111110002
64674  -68.327  -19.339  51.987 0.1111110002
62628  -68.381  -20.909  53.443 0.1111110002
60399  -67.570  -23.309  53.470 0.1111110002
58423  -64.468  -25.272  52.701 0.1111110002
57501  -63.035  -26.542  51.295 0.1111110002
56620  -63.272  -27.396  50.360 0.1111110002
68708  -63.836  -15.802  46.253 0.1111110002
161624  -64.862  -16.483  46.851 0.1111110002
158076  -66.004  -24.700  53.126 0.1111110002
58435  -64.741  -25.797  51.995 0.1111110002
57502  -64.029  -26.305  51.473 0.1111110002
68716  -62.732  -15.092  45.642 0.1111110002
58425  -66.018  -25.207  52.529 0.1111110002
68717  -63.513  -15.212  45.746 0.1111110002
68718  -64.537  -15.182  45.947 0.1111110002
69717  -66.582  -14.675  46.229 0.1111110002
68711  -68.161  -14.986  46.997 0.1111110002
69718  -67.760  -14.605  46.363 0.1111110002
69719  -68.308  -14.827  46.364 0.1111110002
67653  -68.673  -15.919  46.529 0.1111110002
66660  -67.027  -17.157  44.507 0.1111110002
68761  -66.959  -15.929  40.974 0.1111110002
67702  -66.595  -16.720  40.553 0.1111110002
67711  -66.944  -16.966  39.412 0.1111110002
144492  -66.777  -17.979  44.218 0.1111110002
65709  -66.324  -18.501  43.649 0.1111110002
66699  -65.839  -17.474  41.199 0.1111110002
66710  -66.349  -17.541  40.046 0.1111110002
145502  -66.725  -17.699  39.036 0.1111110002
66709  -65.802  -18.179  40.411 0.1111110002
65749  -66.247  -18.310  39.457 0.1111110002
64765  -65.658  -19.787  41.542 0.1111110002
64779  -65.684  -19.707  40.594 0.1111110002
65748  -65.694  -18.962  40.068 0.1111110002
65759  -66.632  -18.277  38.176 0.1111110002
142203  -66.343  -19.179  37.906 0.1111110002
66478  -57.672  -17.685  68.392 0.1111110002
60395  -60.366  -23.224  53.739 0.1111110002
60354  -62.207  -23.948  57.529 0.1111110002
59401  -61.642  -24.568  55.735 0.1111110002
140531  -59.795  -23.428  53.049 0.1111110002
57480  -60.957  -25.870  53.251 0.1111110002
57491  -60.873  -26.692  51.939 0.1111110002
57492  -61.461  -26.064  52.371 0.1111110002
66639  -63.858  -17.809  47.197 0.1111110002
57493  -62.309  -26.224  51.775 0.1111110002
64714  -64.815  -18.726  48.070 0.1111110002
64692  -65.323  -19.214  48.952 0.1111110002
64682  -67.184  -19.081  51.025 0.1111110002
63701  -67.639  -19.689  52.459 0.1111110002
62613  -68.104  -20.642  53.651 0.1111110002
63711  -67.047  -19.799  51.672 0.1111110002
62612  -68.008  -21.161  54.236 0.1111110002
60398  -67.104  -23.544  53.701 0.1111110002
144796  -65.555  -24.411  53.590 0.1111110002
69725  -62.336  -14.540  45.374 0.1111110002
69726  -63.190  -14.644  45.277 0.1111110002
69727  -64.122  -14.646  45.394 0.1111110002
143446  -65.229  -14.567  45.586 0.1111110002
162748  -65.866  -14.656  45.903 0.1111110002
148238  -66.270  -14.300  45.586 0.1111110002
69728  -67.314  -14.232  45.690 0.1111110002
69729  -67.985  -14.365  45.709 0.1111110002
69742  -68.112  -14.033  44.998 0.1111110002
141828  -67.998  -13.806  44.408 0.1111110002
139543  -68.252  -14.707  45.601 0.1111110002
146470  -68.345  -15.869  45.672 0.1111110002
68728  -68.101  -14.597  44.708 0.1111110002
68727  -67.568  -15.472  44.305 0.1111110002
68749  -67.213  -15.030  42.546 0.1111110002
68748  -66.759  -15.680  41.806 0.1111110002
164288  -67.381  -15.581  40.652 0.1111110002
146567  -67.752  -15.197  40.455 0.1111110002
69805  -68.878  -14.363  38.387 0.1111110002
66661  -67.834  -16.926  45.304 0.1111110002
67662  -67.556  -16.202  44.839 0.1111110002
67669  -66.761  -16.417  44.023 0.1111110002
155589  -66.477  -15.978  42.505 0.1111110002
67693  -66.306  -16.461  41.678 0.1111110002
67703  -67.418  -16.048  39.890 0.1111110002
68785  -68.562  -15.224  38.576 0.1111110002
67712  -67.490  -16.616  38.828 0.1111110002
160653  -66.298  -17.483  43.619 0.1111110002
66688  -66.234  -16.643  43.064 0.1111110002
66687  -65.854  -17.064  42.275 0.1111110002
68795  -68.663  -15.482  37.542 0.1111110002
67725  -68.305  -16.069  37.770 0.1111110002
68804  -68.923  -15.083  36.976 0.1111110002
67738  -68.418  -15.832  37.058 0.1111110002
69824  -68.907  -14.712  36.421 0.1111110002
67744  -68.079  -16.007  36.847 0.1111110002
67745  -68.492  -15.379  36.757 0.1111110002
70607  -57.946  -13.777  57.774 0.1111110002
69657  -57.597  -14.388  56.696 0.1111110002
68641  -56.735  -15.391  54.193 0.1111110002
68675  -55.571  -15.414  51.833 0.1111110002
67622  -55.197  -15.950  50.131 0.1111110002
66624  -54.989  -17.594  48.824 0.1111110002
63734  -55.850  -20.199  48.635 0.1111110002
62671  -57.310  -21.994  49.158 0.1111110002
148767  -64.545  -21.547  59.343 0.1111110002
61582  -56.871  -22.446  49.814 0.1111110002
60437  -58.962  -23.427  50.887 0.1111110002
60396  -61.202  -23.199  53.411 0.1111110002
159453  -62.547  -21.634  55.490 0.1111110002
62587  -63.558  -20.432  57.839 0.1111110002
62579  -64.886  -20.768  58.926 0.1111110002
60427  -59.474  -23.520  51.614 0.1111110002
60364  -63.278  -22.829  56.905 0.1111110002
60363  -62.517  -23.529  57.011 0.1111110002
69715  -59.715  -14.490  45.989 0.1111110002
68704  -59.831  -15.851  46.255 0.1111110002
59402  -62.260  -23.920  56.015 0.1111110002
150459  -61.598  -24.692  54.910 0.1111110002
69716  -60.256  -15.115  45.977 0.1111110002
68705  -60.943  -15.763  46.106 0.1111110002
58404  -61.360  -25.385  53.741 0.1111110002
69722  -59.941  -13.829  45.735 0.1111110002
69723  -60.550  -14.415  45.729 0.1111110002
66647  -61.824  -17.310  46.562 0.1111110002
65685  -62.283  -18.000  46.844 0.1111110002
58405  -62.177  -25.092  53.376 0.1111110002
68714  -61.040  -14.960  45.831 0.1111110002
66648  -62.697  -17.240  46.651 0.1111110002
65686  -63.085  -17.892  46.968 0.1111110002
65678  -64.128  -18.429  47.517 0.1111110002
64703  -64.319  -19.693  48.511 0.1111110002
58421  -62.500  -25.551  52.583 0.1111110002
69724  -61.442  -14.342  45.496 0.1111110002
68715  -61.884  -15.194  45.828 0.1111110002
64693  -65.944  -19.256  49.682 0.1111110002
59424  -64.571  -24.612  53.514 0.1111110002
159855  -67.769  -20.026  53.191 0.1111110002
60397  -66.632  -23.309  54.351 0.1111110002
59412  -65.875  -23.865  54.049 0.1111110002
70687  -61.360  -13.650  45.149 0.1111110002
160609  -62.005  -13.908  44.983 0.1111110002
69738  -62.799  -14.083  44.824 0.1111110002
69739  -63.680  -14.152  44.800 0.1111110002
69740  -64.670  -14.112  44.914 0.1111110002
69741  -65.732  -13.929  45.059 0.1111110002
164007  -66.127  -13.464  44.539 0.1111110002
70719  -65.808  -13.089  43.959 0.1111110002
70689  -67.696  -13.955  45.232 0.1111110002
70720  -66.989  -13.184  44.182 0.1111110002
69749  -68.013  -13.853  43.790 0.1111110002
70742  -68.004  -13.134  42.133 0.1111110002
70743  -68.220  -13.269  41.235 0.1111110002
68735  -67.807  -14.608  43.747 0.1111110002
69760  -67.915  -14.088  42.871 0.1111110002
159863  -67.663  -14.467  41.962 0.1111110002
69771  -68.263  -13.942  40.957 0.1111110002
68774  -68.234  -14.550  40.142 0.1111110002
70772  -68.732  -13.623  39.042 0.1111110002
151832  -69.045  -12.990  37.884 0.1111110002
68734  -66.874  -15.686  43.421 0.1111110002
70791  -69.270  -13.551  37.363 0.1111110002
72894  -69.443  -12.134  36.145 0.1111110002
69816  -69.243  -14.199  36.645 0.1111110002
70801  -69.341  -13.576  36.137 0.1111110002
68632  -57.354  -14.922  55.559 0.1111110002
162579  -57.219  -15.334  54.473 0.1111110002
68653  -57.438  -15.497  53.018 0.1111110002
68677  -57.254  -15.476  51.646 0.1111110002
71695  -58.534  -12.826  48.962 0.1111110002
68652  -56.764  -15.458  53.295 0.1111110002
68676  -56.386  -15.512  51.392 0.1111110002
68688  -56.464  -16.158  49.373 0.1111110002
66630  -56.591  -17.789  48.228 0.1111110002
71698  -58.435  -12.392  48.155 0.1111110002
144434  -58.052  -13.106  48.046 0.1111110002
70680  -58.283  -13.166  47.130 0.1111110002
145851  -54.764  -16.550  49.556 0.1111110002
65665  -56.051  -18.389  48.396 0.1111110002
62682  -57.507  -20.813  48.408 0.1111110002
61570  -59.400  -23.132  49.976 0.1111110002
152984  -58.404  -14.009  46.711 0.1111110002
61584  -58.706  -22.585  49.395 0.1111110002
162943  -60.170  -23.539  51.560 0.1111110002
61530  -61.735  -22.742  53.888 0.1111110002
62604  -63.947  -20.773  56.004 0.1111110002
156334  -59.004  -14.492  46.332 0.1111110002
144779  -59.350  -15.127  46.277 0.1111110002
67643  -60.288  -16.683  46.388 0.1111110002
65683  -60.524  -18.029  46.746 0.1111110002
63668  -65.212  -20.173  57.676 0.1111110002
61478  -64.953  -21.226  58.543 0.1111110002
60369  -62.832  -23.403  56.234 0.1111110002
70681  -58.753  -13.250  46.435 0.1111110002
65676  -61.926  -18.869  47.138 0.1111110002
64701  -62.639  -20.123  47.872 0.1111110002
70684  -59.374  -13.230  45.898 0.1111110002
67644  -61.359  -16.600  46.346 0.1111110002
150226  -62.717  -18.536  47.133 0.1111110002
63742  -63.678  -20.456  48.677 0.1111110002
63743  -64.464  -20.355  49.202 0.1111110002
60378  -62.899  -23.655  55.459 0.1111110002
65677  -63.410  -18.538  47.320 0.1111110002
63719  -65.044  -20.501  50.001 0.1111110002
62638  -65.248  -21.482  52.251 0.1111110002
136543  -66.817  -20.459  54.962 0.1111110002
62606  -67.222  -20.959  56.082 0.1111110002
61498  -66.190  -22.054  56.093 0.1111110002
60372  -65.431  -22.820  55.479 0.1111110002
60379  -63.741  -23.539  55.139 0.1111110002
152786  -62.225  -24.472  54.534 0.1111110002
64713  -63.851  -19.198  47.739 0.1111110002
158431  -65.912  -21.049  52.080 0.1111110002
63693  -66.464  -20.657  53.972 0.1111110002
63683  -67.183  -20.565  55.099 0.1111110002
61499  -67.029  -21.742  55.790 0.1111110002
60380  -64.712  -23.465  54.896 0.1111110002
59410  -64.128  -24.031  54.300 0.1111110002
59422  -62.639  -24.610  53.870 0.1111110002
70686  -60.747  -13.731  45.445 0.1111110002
63731  -65.257  -19.812  49.527 0.1111110002
162464  -66.428  -19.991  51.009 0.1111110002
139083  -67.047  -20.354  53.226 0.1111110002
63694  -67.373  -20.508  54.069 0.1111110002
61500  -67.476  -21.506  55.368 0.1111110002
60381  -65.687  -23.403  54.683 0.1111110002
59411  -65.094  -24.004  54.159 0.1111110002
59423  -63.548  -24.510  53.719 0.1111110002
62607  -67.587  -21.129  55.163 0.1111110002
140778  -61.639  -13.232  44.650 0.1111110002
70701  -63.269  -13.564  44.340 0.1111110002
70702  -64.206  -13.621  44.346 0.1111110002
73875  -68.009  -10.497  37.343 0.1111110002
74817  -68.102  -9.211  36.579 0.1111110002
74818  -68.730  -9.374  36.102 0.1111110002
143649  -65.190  -13.585  44.417 0.1111110002
71728  -66.471  -12.658  43.385 0.1111110002
71742  -66.838  -12.311  42.628 0.1111110002
71753  -67.222  -12.206  41.950 0.1111110002
71780  -68.320  -12.357  39.290 0.1111110002
72881  -68.527  -11.815  37.965 0.1111110002
73876  -68.621  -10.822  36.859 0.1111110002
74804  -68.501  -10.065  36.584 0.1111110002
70721  -67.706  -13.472  43.962 0.1111110002
71729  -67.360  -12.864  43.343 0.1111110002
71743  -67.599  -12.737  42.505 0.1111110002
71754  -67.830  -12.675  41.688 0.1111110002
142854  -68.053  -12.659  40.977 0.1111110002
72865  -67.801  -11.719  39.340 0.1111110002
73864  -68.410  -11.263  37.529 0.1111110002
74827  -69.146  -9.969  35.778 0.1111110002
70757  -68.447  -13.669  40.144 0.1111110002
150211  -68.507  -12.949  39.647 0.1111110002
72887  -69.284  -12.171  36.830 0.1111110002
73892  -69.423  -10.697  35.304 0.1111110002
71799  -69.371  -12.894  35.679 0.1111110002
144390  -69.428  -11.472  34.791 0.1111110002
70676  -57.768  -13.882  48.186 0.1111110002
64707  -57.064  -19.162  48.060 0.1111110002
62683  -58.424  -21.224  48.406 0.1111110002
68703  -58.845  -15.842  46.577 0.1111110002
67642  -59.320  -16.514  46.508 0.1111110002
149663  -60.057  -22.737  49.545 0.1111110002
60429  -61.681  -23.272  51.186 0.1111110002
143654  -62.796  -22.612  53.138 0.1111110002
71700  -58.424  -12.451  47.472 0.1111110002
66645  -59.530  -17.211  46.595 0.1111110002
65675  -60.925  -18.743  47.039 0.1111110002
147074  -62.024  -19.825  47.589 0.1111110002
62625  -64.051  -21.556  54.249 0.1111110002
62610  -63.593  -21.482  54.897 0.1111110002
62589  -65.779  -20.499  57.512 0.1111110002
61485  -64.339  -22.247  56.972 0.1111110002
71703  -58.614  -12.531  46.750 0.1111110002
62688  -63.206  -21.084  48.904 0.1111110002
62676  -63.550  -21.431  49.507 0.1111110002
160714  -64.862  -21.306  54.036 0.1111110002
62605  -64.644  -21.022  55.071 0.1111110002
161991  -66.190  -20.548  57.089 0.1111110002
61486  -65.426  -21.419  57.475 0.1111110002
160957  -58.978  -12.704  46.185 0.1111110002
63730  -63.839  -20.912  49.174 0.1111110002
62647  -64.679  -21.776  51.592 0.1111110002
62627  -65.615  -21.087  53.750 0.1111110002
62611  -65.763  -20.738  54.709 0.1111110002
63673  -66.365  -20.354  56.381 0.1111110002
62597  -65.915  -21.063  57.532 0.1111110002
60370  -63.499  -23.084  56.014 0.1111110002
62677  -64.289  -21.113  49.727 0.1111110002
62648  -65.402  -21.209  51.443 0.1111110002
63682  -66.404  -20.416  55.567 0.1111110002
61488  -66.660  -21.178  56.548 0.1111110002
61497  -65.267  -22.211  56.442 0.1111110002
60371  -64.403  -22.882  55.755 0.1111110002
71706  -59.458  -12.513  45.726 0.1111110002
70685  -60.090  -13.126  45.474 0.1111110002
71710  -61.238  -12.462  44.386 0.1111110002
71711  -62.003  -12.743  44.088 0.1111110002
70716  -62.853  -12.952  43.873 0.1111110002
75729  -66.222  -8.978  38.029 0.1111110002
74802  -66.948  -9.404  37.644 0.1111110002
75755  -67.803  -8.473  36.573 0.1111110002
75756  -68.571  -8.458  36.103 0.1111110002
149131  -68.766  -7.315  35.985 0.1111110002
71726  -63.375  -12.382  43.225 0.1111110002
70718  -64.760  -13.157  43.830 0.1111110002
73862  -66.914  -10.393  38.597 0.1111110002
74790  -67.274  -10.125  37.869 0.1111110002
74803  -67.705  -9.736  37.192 0.1111110002
76691  -69.140  -7.962  35.491 0.1111110002
71740  -64.932  -12.157  42.823 0.1111110002
72826  -66.264  -11.782  42.211 0.1111110002
147455  -66.750  -11.956  42.105 0.1111110002
72849  -66.910  -11.344  40.670 0.1111110002
73835  -67.077  -11.175  39.771 0.1111110002
73863  -67.616  -10.818  38.091 0.1111110002
74828  -69.498  -9.871  34.913 0.1111110002
72850  -67.473  -11.693  40.241 0.1111110002
73848  -67.287  -11.048  38.902 0.1111110002
74837  -69.316  -9.793  33.906 0.1111110002
70663  -61.537  -13.671  52.764 0.1111110002
70662  -60.898  -13.995  52.337 0.1111110002
70671  -60.313  -13.093  50.866 0.1111110002
70667  -60.611  -13.580  51.598 0.1111110002
71691  -59.845  -12.627  50.167 0.1111110002
160583  -59.653  -13.293  50.459 0.1111110002
70666  -59.794  -13.889  51.095 0.1111110002
70674  -59.183  -13.085  49.832 0.1111110002
71696  -59.321  -12.295  49.398 0.1111110002
70678  -57.900  -13.838  47.473 0.1111110002
69714  -58.436  -14.951  46.691 0.1111110002
163029  -58.799  -16.442  46.675 0.1111110002
71699  -58.880  -11.994  48.568 0.1111110002
64712  -61.255  -19.463  47.393 0.1111110002
61558  -62.429  -22.921  51.338 0.1111110002
63741  -62.873  -20.584  48.379 0.1111110002
61548  -63.550  -22.364  52.663 0.1111110002
72788  -58.706  -11.869  46.976 0.1111110002
62646  -64.084  -22.082  51.017 0.1111110002
61560  -64.051  -22.220  51.832 0.1111110002
61549  -64.451  -21.906  52.475 0.1111110002
71704  -58.968  -12.054  46.267 0.1111110002
72792  -59.556  -11.645  45.650 0.1111110002
71707  -60.102  -12.361  45.203 0.1111110002
72793  -60.230  -11.601  44.924 0.1111110002
71709  -60.609  -12.205  44.693 0.1111110002
72795  -60.855  -11.582  44.223 0.1111110002
72804  -60.914  -10.818  43.969 0.1111110002
71724  -61.551  -11.987  43.752 0.1111110002
72805  -61.329  -11.154  43.584 0.1111110002
72822  -61.720  -10.707  42.990 0.1111110002
72806  -61.981  -11.523  43.209 0.1111110002
71725  -62.378  -12.282  43.475 0.1111110002
72807  -62.700  -11.847  42.928 0.1111110002
72823  -62.445  -11.167  42.593 0.1111110002
73799  -63.005  -10.725  41.985 0.1111110002
73818  -63.567  -10.148  41.558 0.1111110002
73819  -64.576  -10.420  41.406 0.1111110002
73832  -65.017  -10.022  40.895 0.1111110002
74789  -66.592  -9.718  38.344 0.1111110002
75740  -66.639  -8.592  37.391 0.1111110002
75741  -67.368  -8.947  37.023 0.1111110002
76680  -67.959  -7.679  36.389 0.1111110002
157701  -64.110  -12.120  42.806 0.1111110002
72834  -64.967  -11.106  41.785 0.1111110002
73833  -65.765  -10.386  40.577 0.1111110002
73847  -66.661  -10.575  39.369 0.1111110002
74779  -66.289  -9.977  39.039 0.1111110002
72825  -65.397  -11.669  42.309 0.1111110002
73834  -66.478  -10.729  40.195 0.1111110002
75765  -69.486  -9.045  34.593 0.1111110002
75787  -69.316  -8.931  33.865 0.1111110002
71686  -61.021  -12.801  51.292 0.1111110002
71692  -60.658  -12.319  50.556 0.1111110002
71697  -60.151  -11.903  49.775 0.1111110002
68697  -58.094  -15.609  47.046 0.1111110002
66638  -59.092  -17.654  46.822 0.1111110002
72782  -59.623  -11.585  48.973 0.1111110002
63740  -61.984  -20.604  48.122 0.1111110002
61573  -62.736  -22.474  50.470 0.1111110002
142266  -62.821  -21.629  49.310 0.1111110002
61559  -63.308  -22.500  51.439 0.1111110002
62657  -63.894  -21.713  50.204 0.1111110002
161340  -63.467  -22.201  50.587 0.1111110002
73778  -59.623  -10.831  45.944 0.1111110002
153579  -59.933  -11.040  45.272 0.1111110002
73781  -60.468  -10.814  44.630 0.1111110002
73783  -61.247  -10.352  43.508 0.1111110002
73797  -61.603  -9.759  42.870 0.1111110002
162077  -62.060  -9.722  42.348 0.1111110002
142214  -62.017  -9.081  42.347 0.1111110002
74750  -62.559  -9.770  41.878 0.1111110002
74751  -63.149  -9.312  41.384 0.1111110002
74764  -63.600  -8.872  40.835 0.1111110002
75699  -64.106  -8.539  40.229 0.1111110002
76657  -65.375  -7.534  37.918 0.1111110002
75739  -65.911  -8.090  37.662 0.1111110002
76669  -66.614  -7.077  36.825 0.1111110002
76679  -67.339  -7.135  36.532 0.1111110002
74752  -64.130  -9.680  41.128 0.1111110002
74765  -64.540  -9.357  40.538 0.1111110002
75716  -65.270  -8.818  39.185 0.1111110002
75727  -64.849  -8.150  38.936 0.1111110002
74766  -65.382  -9.737  40.229 0.1111110002
74778  -65.660  -9.552  39.452 0.1111110002
73635  -63.951  -10.081  61.394 0.2222220004
72649  -63.952  -11.379  61.024 0.2222220004
71572  -63.473  -11.985  60.450 0.1111110002
72650  -64.479  -10.963  60.758 0.2222220004
71600  -63.809  -12.436  58.612 0.2222220004
70599  -63.178  -12.820  58.114 0.1111110002
70632  -63.452  -13.079  55.731 0.1111110002
70623  -63.335  -13.134  56.564 0.1111110002
70622  -62.607  -13.350  56.845 0.1111110002
70642  -62.503  -13.500  54.864 0.1111110002
70654  -61.974  -13.746  54.172 0.1111110002
70641  -61.880  -13.763  54.937 0.1111110002
71680  -62.056  -13.000  52.510 0.1111110002
138437  -61.663  -13.864  53.460 0.1111110002
69695  -61.147  -14.257  53.098 0.1111110002
71693  -61.409  -12.074  50.937 0.1111110002
71687  -61.735  -12.517  51.703 0.1111110002
69703  -58.616  -14.387  50.333 0.1111110002
69704  -59.170  -14.393  50.901 0.1111110002
70673  -58.569  -13.675  49.668 0.1111110002
141872  -57.480  -15.076  48.217 0.1111110002
68696  -57.689  -15.243  47.546 0.1111110002
144670  -58.464  -17.729  47.175 0.1111110002
64710  -59.570  -19.190  47.396 0.1111110002
69711  -57.651  -14.492  47.840 0.1111110002
66637  -58.749  -17.014  46.769 0.1111110002
65673  -59.121  -18.389  47.147 0.1111110002
63748  -60.625  -20.222  47.755 0.1111110002
63739  -61.041  -20.783  48.146 0.1111110002
65674  -60.053  -18.623  47.053 0.1111110002
64711  -60.460  -19.430  47.407 0.1111110002
63749  -61.323  -20.168  47.729 0.1111110002
62686  -61.547  -21.353  48.579 0.1111110002
61588  -62.582  -22.149  49.721 0.1111110002
72786  -59.262  -11.366  48.149 0.1111110002
62687  -62.413  -21.228  48.697 0.1111110002
61589  -63.199  -21.984  49.920 0.1111110002
72789  -59.116  -11.306  47.296 0.1111110002
148435  -60.515  -10.479  48.114 0.1111110002
73775  -59.574  -10.752  46.790 0.1111110002
73772  -60.262  -10.264  47.217 0.1111110002
74718  -61.690  -9.444  47.371 0.1111110002
73776  -60.096  -10.224  46.277 0.1111110002
142248  -61.695  -9.216  46.720 0.1111110002
157808  -62.165  -8.784  46.343 0.1111110002
75658  -61.690  -8.905  45.555 0.1111110002
73779  -60.185  -10.422  45.425 0.1111110002
74727  -60.675  -9.987  44.878 0.1111110002
74725  -61.165  -9.381  45.204 0.1111110002
75661  -61.587  -8.838  44.762 0.1111110002
76597  -62.889  -7.675  45.076 0.1111110002
75662  -62.142  -8.141  44.334 0.1111110002
74730  -60.906  -10.175  44.128 0.1111110002
74731  -61.293  -9.575  43.627 0.1111110002
75664  -61.503  -8.852  43.871 0.1111110002
138735  -62.298  -7.652  42.982 0.1111110002
75666  -61.616  -8.935  43.104 0.1111110002
78493  -64.007  -5.233  39.249 0.1111110002
79529  -64.653  -4.809  38.810 0.1111110002
75667  -62.098  -8.329  42.657 0.1111110002
75680  -62.335  -8.318  41.951 0.1111110002
75697  -62.607  -7.631  41.465 0.1111110002
76627  -63.346  -6.958  40.216 0.1111110002
77548  -63.511  -6.321  39.840 0.1111110002
77549  -63.819  -6.089  39.090 0.1111110002
78507  -64.421  -5.542  38.566 0.1111110002
77573  -64.957  -5.737  37.883 0.1111110002
78521  -65.778  -5.147  37.665 0.1111110002
143569  -62.480  -8.969  41.750 0.1111110002
75681  -62.786  -8.467  41.302 0.1111110002
75698  -63.172  -7.859  40.634 0.1111110002
75714  -63.827  -7.700  39.876 0.1111110002
76642  -63.743  -6.899  39.493 0.1111110002
75728  -65.457  -8.343  38.416 0.1111110002
155064  -66.386  -7.758  37.197 0.1111110002
77587  -68.169  -6.716  36.332 0.1111110002
75715  -64.547  -8.354  39.544 0.1111110002
74589  -64.241  -9.918  60.717 0.2222220004
71591  -64.480  -11.713  59.620 0.2222220004
71601  -64.442  -12.008  58.967 0.2222220004
71625  -63.939  -12.849  57.038 0.2222220004
74603  -63.946  -9.519  58.931 0.2222220004
70655  -62.872  -13.266  54.064 0.1111110002
70656  -63.505  -12.919  54.442 0.1111110002
71665  -63.532  -12.722  53.764 0.1111110002
71688  -62.591  -12.278  52.119 0.1111110002
72775  -62.105  -11.815  51.272 0.1111110002
72776  -62.867  -11.506  51.430 0.1111110002
73762  -61.273  -10.858  49.434 0.1111110002
158067  -61.866  -11.015  50.066 0.1111110002
73767  -60.023  -10.982  48.530 0.1111110002
148124  -61.993  -10.446  49.422 0.1111110002
73768  -61.383  -10.309  48.652 0.1111110002
74712  -61.939  -9.676  48.192 0.1111110002
73773  -61.085  -9.948  47.725 0.1111110002
74719  -62.505  -9.189  47.711 0.1111110002
75648  -62.893  -8.615  47.082 0.1111110002
161095  -62.211  -9.016  47.066 0.1111110002
157595  -62.817  -8.329  46.308 0.1111110002
75659  -62.341  -8.380  45.450 0.1111110002
139000  -63.443  -7.213  44.818 0.1111110002
77507  -64.025  -6.852  45.055 0.1111110002
75665  -62.344  -7.715  43.660 0.1111110002
76602  -63.624  -6.653  44.182 0.1111110002
140178  -63.197  -6.404  43.153 0.1111110002
77512  -62.586  -6.927  42.626 0.1111110002
78471  -63.322  -5.527  41.852 0.1111110002
78479  -63.526  -5.238  40.593 0.1111110002
79511  -63.985  -4.558  40.723 0.1111110002
79519  -64.337  -4.661  39.469 0.1111110002
76606  -62.401  -7.596  42.234 0.1111110002
140992  -63.280  -5.581  41.138 0.1111110002
78492  -63.589  -5.617  39.864 0.1111110002
77533  -62.891  -6.909  40.986 0.1111110002
77574  -65.621  -5.999  37.357 0.1111110002
73652  -64.568  -10.434  60.356 0.2222220004
74596  -64.027  -9.558  59.940 0.2222220004
74597  -64.598  -9.989  59.892 0.2222220004
72661  -64.746  -11.040  59.903 0.2222220004
71626  -64.643  -12.540  56.767 0.2222220004
71638  -64.724  -12.522  56.026 0.2222220004
153436  -64.142  -12.735  55.679 0.2222220004
71650  -64.666  -12.469  55.244 0.2222220004
164927  -64.326  -12.551  54.792 0.1111110002
71667  -64.725  -12.272  54.446 0.2222220004
71683  -64.318  -11.908  53.145 0.1111110002
71689  -63.307  -11.859  52.221 0.1111110002
157660  -63.673  -11.177  51.634 0.1111110002
162432  -61.785  -11.524  50.622 0.1111110002
72779  -62.421  -11.205  50.677 0.1111110002
147451  -64.123  -10.488  51.046 0.1111110002
72780  -63.226  -10.734  50.724 0.1111110002
155815  -63.784  -10.134  50.352 0.1111110002
74714  -63.742  -9.095  48.775 0.1111110002
73759  -62.561  -10.575  50.034 0.1111110002
73763  -62.654  -9.997  49.376 0.1111110002
74701  -63.243  -9.615  49.284 0.1111110002
74713  -62.793  -9.464  48.604 0.1111110002
73769  -62.163  -9.961  48.871 0.1111110002
74720  -63.285  -8.837  47.938 0.1111110002
75637  -64.037  -8.505  48.038 0.1111110002
75656  -64.120  -7.845  46.933 0.1111110002
75649  -63.695  -8.356  47.353 0.1111110002
76590  -64.736  -7.265  46.470 0.1111110002
76599  -64.314  -7.065  45.721 0.1111110002
164396  -64.948  -6.753  45.868 0.1111110002
76598  -63.633  -7.368  45.477 0.1111110002
77508  -64.534  -5.974  44.185 0.1111110002
77510  -63.926  -6.000  43.623 0.1111110002
78460  -63.696  -5.613  42.780 0.1111110002
78461  -64.546  -5.000  42.858 0.1111110002
77513  -62.922  -6.188  42.262 0.1111110002
79487  -63.959  -4.923  42.161 0.1111110002
79502  -64.372  -4.448  41.576 0.1111110002
80595  -65.620  -4.459  38.463 0.1111110002
72684  -66.026  -10.977  57.801 0.2222220004
71639  -65.445  -12.104  55.728 0.2222220004
74612  -66.173  -9.744  57.176 0.2222220004
72683  -66.016  -11.459  57.093 0.2222220004
72713  -66.627  -11.182  55.836 0.2222220004
72730  -66.684  -11.139  55.202 0.2222220004
71668  -65.407  -11.817  54.370 0.2222220004
156496  -66.666  -11.008  54.358 0.2222220004
72764  -65.545  -11.292  53.209 0.1111110002
73746  -64.620  -10.927  51.983 0.1111110002
74687  -64.523  -9.783  50.386 0.1111110002
162337  -64.465  -9.425  49.797 0.1111110002
74703  -64.437  -9.101  49.316 0.1111110002
74715  -64.553  -8.614  48.652 0.1111110002
75638  -65.478  -8.228  48.639 0.1111110002
75650  -64.784  -8.169  47.958 0.1111110002
161584  -64.280  -8.132  47.503 0.1111110002
76591  -65.628  -7.183  47.004 0.1111110002
77483  -65.610  -6.686  46.276 0.1111110002
77496  -65.560  -6.355  45.539 0.1111110002
77497  -66.609  -6.232  45.921 0.1111110002
78434  -66.315  -5.841  45.199 0.1111110002
77509  -65.288  -6.011  44.793 0.1111110002
136404  -65.703  -9.589  57.301 0.2222220004
72699  -66.635  -10.857  56.497 0.2222220004
73694  -66.994  -10.582  55.691 0.2222220004
74630  -66.403  -9.007  55.988 0.2222220004
73695  -67.158  -9.887  55.710 0.2222220004
75566  -66.354  -8.447  55.258 0.2222220004
73708  -67.331  -10.120  55.118 0.2222220004
73721  -67.284  -10.317  54.306 0.2222220004
73747  -66.445  -10.300  52.185 0.2222220004
74688  -65.496  -9.630  50.643 0.1111110002
74689  -66.456  -9.447  50.878 0.1111110002
156769  -66.782  -8.970  50.440 0.1111110002
74704  -66.011  -9.094  50.182 0.1111110002
136232  -65.084  -9.218  49.840 0.1111110002
75622  -65.013  -8.716  49.202 0.1111110002
75639  -66.451  -8.168  49.095 0.1111110002
76567  -66.446  -7.662  48.343 0.1111110002
76580  -67.457  -7.277  48.127 0.1111110002
76579  -66.671  -7.115  47.498 0.1111110002
76592  -66.510  -6.651  46.687 0.1111110002
77498  -67.633  -6.016  45.988 0.1111110002
78435  -67.372  -5.678  45.486 0.1111110002
78448  -68.199  -5.160  45.142 0.1111110002
136864  -67.672  -9.041  54.338 0.2222220004
74665  -68.111  -8.925  52.832 0.2222220004
157971  -68.168  -8.695  51.611 0.1111110002
74671  -66.912  -9.694  51.679 0.1111110002
74690  -67.462  -9.099  51.056 0.2222220004
76557  -67.349  -8.180  49.515 0.1111110002
76558  -68.062  -7.662  49.278 0.1111110002
76568  -67.286  -7.703  48.827 0.1111110002
76569  -68.090  -7.327  48.619 0.1111110002
162470  -67.707  -6.856  47.553 0.1111110002
77474  -68.262  -6.424  47.245 0.1111110002
78437  -68.646  -5.135  45.725 0.1111110002
78449  -68.638  -4.676  45.342 0.1111110002
75592  -68.265  -8.460  52.390 0.2222220004
141027  -68.430  -8.154  51.743 0.2222220004
75600  -68.470  -8.121  51.068 0.1111110002
75611  -68.398  -7.996  50.437 0.1111110002
79452  -68.726  -4.179  45.590 0.1111110002
76527  -67.927  -7.692  53.291 0.2222220004
76535  -68.250  -7.664  52.357 0.2222220004
77443  -68.169  -6.752  51.911 0.2222220004
158174  -66.445  0.524  40.344 0.1111110002
83595  -67.248  -1.009  40.092 0.2222220004
83586  -66.872  -0.190  40.486 0.1111110002
83594  -66.479  -0.298  39.858 0.1111110002
163014  -65.986  -0.477  39.246 0.1111110002
82580  -66.997  -1.671  38.786 0.1111110002
83601  -65.269  -0.210  38.683 0.1111110002
159462  -65.228  -0.872  38.128 0.1111110002
160179  -66.374  -1.845  38.126 0.1111110002
82587  -65.565  -1.450  37.932 0.1111110002
83606  -64.799  -0.265  37.857 0.1111110002
82596  -64.902  -1.157  37.366 0.1111110002
86575  -65.886  2.755  32.749 0.2222220004
84646  -66.499  0.805  32.108 0.1111110002
87526  -65.896  3.720  31.326 0.2222220004
86605  -66.169  2.890  31.219 0.2222220004
86618  -66.092  2.578  30.525 0.2222220004
86617  -65.767  3.082  30.146 0.2222220004
85663  -65.571  1.993  29.011 0.2222220004
86615  -64.193  2.520  29.895 0.2222220004
158596  -64.850  2.957  29.519 0.2222220004
86640  -65.235  2.308  28.424 0.2222220004
85662  -63.417  2.006  29.213 0.2222220004
86626  -64.427  2.595  28.759 0.2222220004
159044  -64.250  2.437  27.853 0.2222220004
86649  -64.471  2.184  27.320 0.2222220004
139965  -66.827  1.557  41.801 0.2222220004
164634  -66.286  1.269  40.511 0.2222220004
86508  -65.497  2.706  39.889 0.1111110002
142524  -65.286  1.147  39.342 0.1111110002
84562  -65.709  0.349  39.500 0.1111110002
86520  -64.959  2.669  39.057 0.1111110002
151425  -65.357  1.861  39.544 0.1111110002
84572  -64.792  0.365  38.234 0.1111110002
86519  -64.564  1.925  37.776 0.1111110002
85555  -64.655  1.088  38.102 0.1111110002
86531  -64.581  2.721  37.281 0.1111110002
144916  -64.533  2.087  37.001 0.1111110002
164255  -64.561  0.838  36.827 0.1111110002
147208  -65.723  2.502  33.519 0.2222220004
85624  -66.229  1.974  31.950 0.1111110002
86590  -65.953  3.279  31.944 0.2222220004
74645  -67.319  -9.274  55.188 0.2222220004
75567  -66.836  -8.714  55.323 0.2222220004
147136  -67.266  1.931  43.501 0.1111110002
85515  -67.244  1.314  42.627 0.2222220004
74656  -67.953  -8.993  53.516 0.2222220004
39517  -10.628  -45.899  87.302 0.2222220004
86485  -66.483  2.631  41.673 0.2222220004
75625  -68.085  -8.143  49.970 0.1111110002
78427  -68.210  -6.086  46.477 0.1111110002
85649  -62.362  1.356  30.542 0.2222220004
85650  -63.191  1.642  30.283 0.2222220004
160916  -65.599  3.124  34.125 0.2222220004
142180  -65.541  -11.620  57.870 0.2222220004
71602  -65.050  -11.787  58.467 0.2222220004
73687  -66.901  -10.052  56.284 0.2222220004
146605  -66.545  -10.174  56.919 0.2222220004
149658  -66.376  -10.768  57.201 0.2222220004
62650  -68.678  -20.303  52.064 0.1111110002
63721  -68.273  -20.404  50.532 0.1111110002
60440  -67.642  -23.363  51.087 0.1111110002
65660  -68.118  -17.633  50.439 0.1111110002
58445  -67.536  -25.727  50.780 0.1111110002
59446  -67.425  -24.763  51.526 0.1111110002
56622  -65.249  -27.180  50.538 0.1111110002
56637  -65.948  -27.884  49.948 0.1111110002
159874  -61.971  -28.991  49.157 0.1111110002
65650  -67.734  -18.117  50.858 0.1111110002
67647  -64.360  -17.101  47.042 0.1111110002
155778  -68.272  -21.900  52.267 0.1111110002
61562  -68.580  -20.977  52.369 0.1111110002
60418  -67.872  -23.318  52.931 0.1111110002
144213  -67.677  -24.012  52.316 0.1111110002
58438  -67.136  -25.261  51.625 0.1111110002
56618  -61.664  -27.576  50.667 0.1111110002
61533  -68.250  -21.816  53.794 0.1111110002
59426  -67.379  -24.026  53.031 0.1111110002
149460  -64.013  -25.720  52.146 0.1111110002
60382  -67.539  -22.820  54.152 0.1111110002
58424  -65.221  -25.421  52.458 0.1111110002
68784  -67.972  -16.009  38.766 0.1111110002
150574  -65.522  -18.714  41.206 0.1111110002
141078  -65.557  -17.982  42.174 0.1111110002
66718  -67.243  -17.386  38.200 0.1111110002
66729  -67.351  -17.154  37.503 0.1111110002
60415  -60.573  -23.436  52.855 0.1111110002
157466  -59.992  -23.558  52.244 0.1111110002
58420  -61.650  -25.549  53.034 0.1111110002
68706  -61.858  -15.961  46.156 0.1111110002
63720  -66.025  -19.727  50.303 0.1111110002
61514  -67.885  -21.816  54.630 0.1111110002
143006  -68.160  -15.286  45.137 0.1111110002
70703  -67.642  -13.687  44.677 0.1111110002
147342  -68.107  -14.098  44.367 0.1111110002
69770  -68.050  -13.765  41.930 0.1111110002
69780  -67.922  -14.489  41.134 0.1111110002
161249  -66.160  -16.534  42.403 0.1111110002
161912  -68.396  -14.879  39.411 0.1111110002
140401  -68.726  -12.833  38.659 0.1111110002
145244  -68.925  -14.955  37.757 0.1111110002
69815  -69.141  -14.339  37.514 0.1111110002
67724  -67.765  -16.698  37.973 0.1111110002
67737  -67.670  -16.554  37.224 0.1111110002
163478  -58.214  -13.500  58.332 0.1111110002
69671  -57.941  -14.592  56.021 0.1111110002
141384  -56.887  -15.237  54.950 0.1111110002
68640  -55.967  -15.304  54.770 0.1111110002
144346  -56.425  -15.416  51.994 0.1111110002
138292  -56.097  -15.377  52.670 0.1111110002
139646  -55.804  -15.629  50.835 0.1111110002
138293  -55.125  -15.329  52.911 0.1111110002
154083  -54.711  -15.632  51.039 0.1111110002
64698  -55.662  -19.236  48.490 0.1111110002
64697  -54.863  -19.121  48.684 0.1111110002
153320  -54.501  -17.251  49.223 0.1111110002
66625  -55.284  -16.979  49.024 0.1111110002
62681  -56.916  -21.322  48.775 0.1111110002
64699  -56.504  -19.677  48.365 0.1111110002
159398  -57.661  -21.531  48.689 0.1111110002
61569  -58.377  -23.136  50.183 0.1111110002
63659  -64.681  -20.518  59.006 0.1111110002
60438  -59.866  -23.446  50.867 0.1111110002
60416  -61.327  -23.383  52.547 0.1111110002
60428  -60.703  -23.557  52.002 0.1111110002
61496  -62.038  -22.039  55.140 0.1111110002
145643  -63.134  -21.425  55.439 0.1111110002
62596  -63.443  -20.711  56.796 0.1111110002
63662  -64.632  -20.187  58.310 0.1111110002
63667  -64.304  -20.291  57.273 0.1111110002
62588  -65.535  -20.813  57.975 0.1111110002
59409  -63.051  -24.064  54.535 0.1111110002
63700  -66.653  -20.460  52.330 0.1111110002
61513  -67.312  -22.376  55.025 0.1111110002
71727  -65.366  -12.632  43.365 0.1111110002
70731  -67.882  -13.358  42.997 0.1111110002
71769  -68.039  -12.319  40.154 0.1111110002
72866  -68.403  -12.063  38.615 0.1111110002
72886  -68.949  -11.934  37.393 0.1111110002
71793  -69.411  -12.802  36.486 0.1111110002
150011  -69.064  -11.470  36.698 0.1111110002
68633  -58.209  -14.860  55.288 0.1111110002
154066  -57.616  -15.204  54.786 0.1111110002
138291  -56.943  -15.477  52.484 0.1111110002
68683  -56.144  -15.902  50.021 0.1111110002
147301  -55.812  -17.544  48.606 0.1111110002
158965  -56.409  -18.991  48.271 0.1111110002
72785  -58.681  -11.841  47.748 0.1111110002
64700  -57.310  -19.969  48.184 0.1111110002
61585  -59.521  -22.447  49.202 0.1111110002
60439  -60.793  -23.441  51.102 0.1111110002
163408  -61.308  -23.449  51.766 0.1111110002
61546  -62.070  -23.038  53.042 0.1111110002
62609  -62.765  -21.843  54.846 0.1111110002
63672  -65.022  -20.211  56.801 0.1111110002
65684  -61.391  -18.061  46.762 0.1111110002
63669  -65.822  -20.256  57.040 0.1111110002
64702  -63.375  -19.943  48.075 0.1111110002
62659  -65.624  -20.587  50.777 0.1111110002
61487  -66.013  -21.413  56.939 0.1111110002
61512  -66.418  -22.686  55.250 0.1111110002
73883  -69.110  -10.738  36.184 0.1111110002
75764  -69.194  -9.021  35.444 0.1111110002
71741  -65.914  -12.172  42.797 0.1111110002
72835  -65.830  -11.286  41.689 0.1111110002
72836  -66.690  -11.608  41.560 0.1111110002
72880  -67.984  -11.469  38.384 0.1111110002
73884  -69.426  -11.441  35.736 0.1111110002
72902  -69.440  -12.211  35.203 0.1111110002
73903  -69.408  -10.665  34.407 0.1111110002
70677  -57.972  -13.662  48.880 0.1111110002
63736  -58.129  -20.280  48.016 0.1111110002
60417  -61.974  -23.287  52.051 0.1111110002
61511  -63.212  -22.148  53.925 0.1111110002
61547  -62.706  -22.822  52.304 0.1111110002
164969  -64.913  -20.510  55.963 0.1111110002
61532  -64.163  -21.800  53.406 0.1111110002
153652  -65.620  -20.292  56.452 0.1111110002
75754  -67.099  -8.009  36.785 0.1111110002
72824  -64.480  -11.617  42.341 0.1111110002
73821  -66.211  -10.957  41.038 0.1111110002
70664  -62.200  -13.439  53.330 0.1111110002
70668  -61.317  -13.282  52.026 0.1111110002
70670  -59.160  -13.786  50.381 0.1111110002
162203  -57.953  -15.076  47.071 0.1111110002
71739  -63.435  -11.599  42.477 0.1111110002
73800  -64.013  -10.970  41.842 0.1111110002
73820  -65.428  -10.670  41.261 0.1111110002
74788  -65.897  -9.307  38.717 0.1111110002
74777  -64.912  -9.095  39.865 0.1111110002
76711  -69.094  -8.252  33.454 0.1111110002
72783  -60.479  -11.250  49.285 0.1111110002
76656  -64.746  -7.368  38.464 0.1111110002
71573  -64.260  -11.615  60.310 0.2222220004
71612  -63.827  -12.639  57.791 0.2222220004
70612  -63.228  -13.064  57.334 0.2222220004
71637  -64.031  -12.820  56.299 0.2222220004
157129  -62.822  -13.350  55.448 0.1111110002
69674  -61.456  -13.871  55.442 0.1111110002
71681  -62.874  -12.786  53.045 0.1111110002
72778  -61.106  -11.550  50.119 0.1111110002
74717  -60.889  -9.654  46.735 0.1111110002
74724  -60.630  -9.757  45.744 0.1111110002
74722  -61.363  -9.279  46.043 0.1111110002
74728  -61.156  -9.490  44.378 0.1111110002
76601  -62.820  -7.407  44.245 0.1111110002
76604  -62.721  -7.097  43.464 0.1111110002
79510  -63.845  -4.851  39.964 0.1111110002
146537  -64.152  -6.851  38.890 0.1111110002
78508  -65.016  -5.105  38.210 0.1111110002
77520  -62.622  -6.860  41.816 0.1111110002
77534  -63.253  -6.107  40.559 0.1111110002
159932  -65.027  -12.130  57.905 0.2222220004
161927  -63.113  -12.328  52.588 0.1111110002
138427  -64.207  -12.309  53.717 0.1111110002
155645  -60.721  -10.736  48.823 0.1111110002
76589  -63.884  -7.560  46.217 0.1111110002
75655  -63.456  -8.113  46.647 0.1111110002
141721  -64.447  -6.420  44.703 0.1111110002
77521  -62.951  -6.164  41.411 0.1111110002
79501  -63.633  -4.980  41.340 0.1111110002
71627  -65.421  -12.139  56.518 0.2222220004
71651  -65.414  -11.992  54.992 0.2222220004
72746  -64.963  -11.795  53.679 0.1111110002
72763  -64.787  -11.448  52.834 0.1111110002
72762  -64.041  -11.600  52.474 0.1111110002
73760  -65.036  -10.232  51.224 0.1111110002
73764  -63.224  -10.104  49.914 0.1111110002
74702  -63.896  -9.590  49.691 0.1111110002
76577  -64.822  -7.696  47.287 0.1111110002
78456  -64.536  -5.474  43.514 0.1111110002
163451  -64.683  -4.537  42.305 0.1111110002
73707  -67.051  -10.662  54.965 0.2222220004
72747  -65.863  -11.455  53.965 0.2222220004
157634  -66.322  -10.984  53.511 0.2222220004
73731  -66.775  -10.533  53.006 0.2222220004
73730  -65.555  -10.552  51.985 0.1111110002
76578  -65.606  -7.666  47.791 0.1111110002
73722  -67.662  -9.664  53.843 0.2222220004
73732  -67.376  -10.175  53.379 0.2222220004
74663  -67.270  -9.992  52.523 0.2222220004
74672  -67.730  -9.376  52.016 0.2222220004
75609  -67.405  -8.581  50.248 0.1111110002
75624  -66.593  -8.609  49.820 0.1111110002
84552  -66.997  0.284  41.066 0.1111110002
142310  -66.717  1.010  41.092 0.1111110002
84563  -65.823  1.162  39.937 0.1111110002
82570  -66.647  -1.039  39.360 0.1111110002
82579  -65.965  -1.101  38.628 0.1111110002
84573  -64.991  0.721  38.820 0.1111110002
84584  -64.623  0.539  37.555 0.1111110002
83614  -64.579  -0.090  36.880 0.1111110002
85638  -66.339  1.763  31.088 0.1111110002
86628  -65.448  2.619  29.352 0.2222220004
86627  -65.044  2.684  28.964 0.2222220004
162437  -63.889  2.461  28.421 0.2222220004
85556  -64.842  1.701  38.729 0.1111110002
85567  -64.550  1.346  37.276 0.1111110002
37566  -11.989  -47.028  89.501 0.1111110002
38586  -8.399  -46.607  84.944 0.1111110002
39529  -7.958  -45.955  84.455 0.1111110002
39534  -7.878  -46.036  83.942 0.1111110002
38556  -12.186  -46.521  89.864 0.1111110002
38566  -11.311  -47.204  88.867 0.1111110002
39507  -10.155  -46.767  87.701 0.1111110002
38579  -8.637  -46.559  85.808 0.1111110002
139113  -8.822  -45.343  86.021 0.1111110002
40358  -9.430  -45.383  86.518 0.1111110002
40368  -7.899  -45.157  84.763 0.1111110002
40375  -7.724  -45.191  83.956 0.1111110002
40357  -8.983  -44.380  85.840 0.1111110002
41981  -8.454  -43.403  85.113 0.1111110002
41176  -7.880  -44.132  83.578 0.1111110002
42800  -8.684  -41.851  85.963 0.1111110002
156679  -8.277  -41.651  84.872 0.1111110002
43645  -9.062  -40.513  87.343 0.1111110002
43646  -9.697  -40.441  87.892 0.1111110002
43659  -8.458  -41.072  85.653 0.1111110002
156278  -8.952  -39.701  87.227 0.1111110002
143247  -8.606  -40.594  86.313 0.1111110002
151704  -8.549  -40.013  84.996 0.1111110002
45386  -9.142  -39.102  87.508 0.1111110002
45387  -9.766  -39.168  88.037 0.1111110002
45409  -8.568  -39.023  85.473 0.1111110002
45382  -9.986  -38.176  88.416 0.1111110002
46253  -9.351  -38.208  87.743 0.1111110002
45389  -10.766  -38.643  87.963 0.1111110002
46271  -8.832  -38.304  86.812 0.1111110002
44496  -10.501  -39.466  87.981 0.1111110002
158027  -8.567  -37.695  85.449 0.1111110002
137970  -9.667  -37.480  88.309 0.1111110002
46239  -10.414  -37.365  88.605 0.1111110002
45383  -10.586  -38.040  88.199 0.1111110002
45388  -10.252  -38.990  88.109 0.1111110002
46254  -11.096  -37.746  88.078 0.1111110002
156717  -8.952  -37.668  86.920 0.1111110002
153140  -8.864  -37.019  86.464 0.1111110002
48058  -10.434  -35.312  89.733 0.1111110002
47157  -10.752  -36.392  89.303 0.1111110002
47158  -11.185  -36.291  89.216 0.1111110002
144086  -9.996  -36.301  89.230 0.1111110002
46229  -10.862  -36.762  88.918 0.1111110002
46240  -11.020  -37.239  88.501 0.1111110002
47183  -9.432  -36.616  87.937 0.1111110002
142815  -11.267  -38.283  87.613 0.1111110002
48080  -9.402  -35.712  87.329 0.1111110002
48068  -10.022  -35.589  89.336 0.1111110002
49120  -10.118  -34.672  89.530 0.1111110002
49140  -9.545  -34.832  87.660 0.1111110002
47184  -11.381  -36.896  88.393 0.1111110002
49127  -26.802  -34.907  88.999 0.1111110002
69666  -44.143  -14.166  55.265 0.1111110002
154085  -66.626  -0.757  30.720 0.1111110002
83670  -66.217  -0.103  30.147 0.1111110002
72648  -63.168  -11.718  61.167 0.1111110002
71599  -63.127  -12.562  58.925 0.1111110002
85651  -66.224  1.552  30.387 0.1111110002
84670  -65.550  1.355  28.958 0.1111110002
83680  -64.991  -0.143  29.311 0.1111110002
164981  -65.480  0.827  28.973 0.1111110002
83691  -64.998  0.476  28.571 0.1111110002
75488  -61.087  -8.407  65.258 0.1111110002
74572  -63.446  -9.506  62.008 0.1111110002
85672  -64.991  2.090  27.614 0.1111110002
83668  -64.499  -0.584  29.866 0.1111110002
84680  -65.212  1.210  28.259 0.1111110002
85673  -65.299  1.827  28.177 0.1111110002
83587  -67.331  -0.528  40.936 0.1111110002
84544  -67.142  0.758  41.816 0.1111110002
84689  -64.888  1.604  27.560 0.1111110002
160253  -64.309  0.491  28.023 0.1111110002
84679  -64.696  1.026  27.675 0.1111110002
85678  -64.472  1.769  27.120 0.1111110002
84678  -64.024  0.817  27.192 0.1111110002
84688  -64.396  1.360  27.157 0.1111110002
85648  -61.456  1.317  30.627 0.1111110002
140694  -61.969  1.385  29.836 0.1111110002
86638  -63.877  2.258  27.085 0.1111110002
85634  -60.801  1.269  31.384 0.1111110002
85661  -62.530  1.659  29.043 0.1111110002
82641  -56.430  -1.378  32.654 0.1111110002
83652  -56.940  -0.998  32.104 0.1111110002
150243  -54.577  -3.389  35.811 0.1111110002
81567  -55.497  -2.503  34.364 0.1111110002
142610  -56.061  -2.177  33.685 0.1111110002
84656  -57.153  -0.038  30.935 0.1111110002
84662  -57.642  0.347  30.230 0.1111110002
85669  -58.529  1.221  28.265 0.1111110002
79554  -54.406  -3.794  36.406 0.1111110002
161768  -55.450  -2.286  33.742 0.1111110002
83651  -56.115  -0.842  32.244 0.1111110002
84655  -56.299  0.206  31.255 0.1111110002
84667  -58.091  0.625  29.491 0.1111110002
84661  -56.816  0.626  30.532 0.1111110002
85658  -57.908  1.276  28.947 0.1111110002
85668  -58.127  1.796  28.059 0.1111110002
86653  -59.252  2.492  26.092 0.1111110002
81555  -55.148  -2.887  35.355 0.1111110002
143728  -55.355  -1.940  33.271 0.1111110002
145672  -55.320  -0.672  32.356 0.1111110002
86622  -56.758  2.451  29.103 0.1111110002
86623  -57.477  1.894  28.779 0.1111110002
86644  -58.048  2.395  27.608 0.1111110002
85656  -56.189  2.042  29.794 0.1111110002
86633  -56.885  3.165  28.517 0.1111110002
155447  -58.428  2.895  26.819 0.1111110002
82622  -54.613  -1.978  33.317 0.1111110002
81566  -54.586  -2.761  34.436 0.1111110002
81585  -54.924  -2.365  33.773 0.1111110002
146700  -61.034  5.717  24.725 0.1111110002
87560  -57.571  3.058  27.762 0.1111110002
88487  -61.023  4.786  23.803 0.1111110002
88483  -61.172  4.500  23.967 0.1111110002
87564  -58.627  3.737  26.161 0.1111110002
87565  -59.209  3.091  25.690 0.1111110002
88482  -60.656  4.302  23.949 0.1111110002
90378  -59.297  6.699  28.839 0.1111110002
91283  -59.734  7.546  28.439 0.1111110002
90384  -59.743  6.669  27.948 0.1111110002
162738  -60.458  5.396  26.210 0.1111110002
151813  -60.922  6.948  25.073 0.1111110002
90394  -60.807  6.416  25.494 0.1111110002
90405  -60.935  6.301  24.308 0.1111110002
156632  -60.502  5.191  23.845 0.1111110002
91291  -60.312  7.405  27.391 0.1111110002
55424  -47.795  -29.020  77.261 0.1111110002
54330  -48.742  -28.919  76.725 0.1111110002
54331  -49.342  -29.188  76.497 0.1111110002
54353  -50.003  -29.529  76.282 0.1111110002
75496  -61.018  -8.246  64.313 0.1111110002
145552  -26.325  -35.637  89.512 0.1111110002
151759  -8.924  -42.613  85.945 0.1111110002
150815  -16.211  -43.030  92.103 0.1111110002
83690  -63.598  0.187  27.976 0.1111110002
159440  -59.899  5.921  27.517 0.1111110002
85676  -58.849  1.474  27.511 0.1111110002
87571  -60.688  3.558  24.245 0.1111110002
87566  -59.951  2.925  24.897 0.1111110002
73624  -63.018  -9.972  62.863 0.1111110002
85609  -65.709  1.726  33.696 0.1111110002
160436  -63.390  2.299  28.033 0.1111110002
72632  -63.556  -11.107  61.699 0.1111110002
85610  -66.070  1.563  32.869 0.1111110002
86629  -65.837  2.252  29.826 0.1111110002
85664  -65.894  1.416  29.710 0.1111110002
86639  -64.818  2.390  28.046 0.1111110002
146143  -62.685  1.535  29.827 0.1111110002
155742  -8.373  -45.016  85.461 0.1111110002
39516  -9.757  -46.131  87.044 0.1111110002
41170  -7.891  -44.317  84.407 0.1111110002
41159  -8.441  -44.320  85.233 0.1111110002
151336  -8.357  -42.495  85.066 0.1111110002
42805  -8.065  -42.296  84.035 0.1111110002
44494  -9.468  -39.936  87.879 0.1111110002
44500  -8.639  -39.807  86.335 0.1111110002
45398  -8.720  -39.021  86.530 0.1111110002
44495  -9.978  -39.840  88.147 0.1111110002
142272  -8.529  -38.282  85.886 0.1111110002
46238  -10.063  -37.373  88.744 0.1111110002
47200  -8.724  -36.982  85.513 0.1111110002
46301  -8.674  -37.423  84.744 0.1111110002
47171  -9.848  -36.811  88.788 0.1111110002
46272  -9.199  -37.242  87.408 0.1111110002
47192  -9.183  -36.412  86.893 0.1111110002
142080  -9.037  -36.308  85.953 0.1111110002
48069  -10.449  -36.035  89.560 0.1111110002
150169  -9.670  -35.836  88.489 0.1111110002
46255  -11.591  -37.282  87.640 0.1111110002
141863  -9.529  -34.071  88.082 0.1111110002
84664  -66.335  0.681  30.290 0.1111110002
84671  -65.863  0.740  29.627 0.1111110002
83679  -64.169  -0.133  28.866 0.1111110002
82623  -56.032  -1.757  33.076 0.1111110002
83658  -56.608  -0.449  31.638 0.1111110002
84666  -57.328  0.954  29.783 0.1111110002
80614  -53.913  -3.761  35.736 0.1111110002
82640  -55.664  -1.336  32.729 0.1111110002
84654  -55.913  0.968  30.859 0.1111110002
85657  -57.042  1.651  29.441 0.1111110002
86645  -58.655  2.087  27.109 0.1111110002
80639  -54.210  -3.254  35.118 0.1111110002
83656  -54.974  0.078  31.929 0.1111110002
85646  -56.527  1.327  30.144 0.1111110002
86634  -57.483  2.447  28.330 0.1111110002
86621  -55.914  2.670  29.558 0.1111110002
87554  -56.387  3.741  28.499 0.1111110002
89444  -61.126  5.278  23.980 0.1111110002
89448  -60.736  5.763  23.899 0.1111110002
88478  -58.881  4.468  25.575 0.1111110002
88477  -57.879  4.495  26.603 0.1111110002
88481  -59.805  4.711  24.425 0.1111110002
87570  -59.746  3.727  24.775 0.1111110002
90393  -60.389  6.526  26.868 0.1111110002
37565  -11.541  -47.202  89.139 0.1111110002
38560  -11.728  -46.769  89.501 0.1111110002
38593  -8.199  -46.501  84.320 0.1111110002
39493  -12.000  -45.801  90.061 0.4444440007
39499  -11.403  -46.721  89.169 0.2222220004
39514  -8.553  -46.009  86.009 0.1111110002
39523  -8.272  -45.824  85.349 0.1111110002
41982  -10.729  -43.304  85.416 0.3333329856
41993  -12.085  -42.535  84.214 0.1111110002
42808  -13.607  -41.762  84.798 0.4444440007
43666  -14.557  -40.456  84.195 0.1111110002
43670  -12.846  -41.026  82.999 0.1111110002
44481  -16.616  -39.897  92.384 0.1111110002
44489  -15.741  -39.872  90.546 0.5555559993
45374  -18.521  -38.153  92.581 0.1111110002
45411  -16.659  -38.531  85.021 0.7777780294
45428  -11.656  -38.743  83.557 0.1111110002
46217  -17.137  -37.587  92.680 0.3333329856
46219  -18.511  -36.721  93.180 0.2222220004
46228  -10.300  -36.734  89.069 0.1111110002
46287  -8.636  -37.626  86.171 0.1111110002
47139  -17.832  -36.356  93.144 0.3333329856
47172  -11.282  -36.571  88.775 0.1111110002
47194  -18.121  -36.649  86.920 0.7777780294
47228  -13.307  -36.215  81.111 0.1111110002
48048  -18.293  -35.877  93.066 0.1111110002
48052  -20.219  -34.912  92.900 0.1111110002
48055  -20.797  -34.571  92.627 0.1111110002
48063  -18.394  -35.257  91.012 0.4444440007
48083  -19.565  -35.327  87.440 0.7777780294
48126  -19.099  -36.026  83.904 0.6666669846
48214  -28.266  -34.960  78.782 0.6666669846
49099  -19.802  -34.693  92.896 0.1111110002
49116  -22.090  -34.091  91.721 0.2222220004
49122  -18.935  -34.859  90.864 0.5555559993
49143  -20.694  -34.523  87.782 0.7777780294
49144  -21.392  -34.219  87.567 0.7777780294
49150  -28.530  -34.683  87.538 0.5555559993
49230  -29.315  -34.851  79.408 0.8888890147
49242  -27.784  -34.783  77.767 0.6666669846
49245  -30.010  -34.078  78.101 0.8888890147
50317  -27.486  -33.861  74.337 0.2222220004
50320  -29.587  -33.501  75.132 0.4444440007
50328  -26.443  -33.305  72.993 0.2222220004
51240  -35.155  -32.134  85.103 0.5555559993
51312  -38.193  -32.749  76.464 0.1111110002
51330  -41.564  -32.447  75.437 0.1111110002
51343  -30.485  -33.060  74.983 0.5555559993
51344  -31.155  -32.488  74.954 0.6666669846
51355  -30.619  -32.523  74.306 0.6666669846
52319  -25.959  -31.862  71.785 0.1111110002
53255  -32.677  -30.615  74.477 0.7777780294
54198  -35.282  -29.675  84.040 0.5555559993
54212  -37.732  -28.302  83.411 0.2222220004
54224  -35.027  -29.773  82.584 0.6666669846
54244  -42.400  -28.921  81.506 0.1111110002
55352  -40.870  -27.966  81.918 0.3333329856
55588  -46.188  -28.152  63.875 0.7777780294
55753  -62.366  -28.493  49.514 0.1111110002
56325  -39.275  -27.674  83.094 0.3333329856
56326  -39.926  -27.777  82.789 0.2222220004
56331  -37.971  -27.499  83.162 0.3333329856
56408  -55.697  -27.028  71.063 0.2222220004
56474  -48.282  -27.375  64.557 0.8888890147
56505  -46.409  -27.357  62.732 0.5555559993
56621  -64.179  -27.318  50.389 0.1111110002
57287  -57.355  -26.160  71.408 0.1111110002
57363  -50.013  -26.019  64.819 1.0000000000
57500  -61.595  -26.570  51.653 0.1111110002
57509  -62.887  -27.011  50.773 0.1111110002
57510  -63.617  -26.865  50.827 0.1111110002
58320  -47.572  -25.306  62.639 0.7777780294
58406  -63.054  -24.960  53.160 0.1111110002
58407  -63.848  -24.941  53.120 0.1111110002
59190  -57.307  -24.589  71.202 0.1111110002
59408  -61.817  -24.829  54.106 0.1111110002
59425  -66.470  -24.098  53.532 0.1111110002
59437  -65.310  -24.977  53.027 0.1111110002
59438  -66.686  -24.652  52.811 0.1111110002
59439  -67.285  -24.635  52.283 0.1111110002
60302  -47.957  -23.272  61.863 0.7777780294
60331  -45.833  -23.093  60.128 0.1111110002
61470  -64.645  -21.100  59.577 0.1111110002
61510  -62.270  -22.327  54.357 0.1111110002
61531  -62.409  -22.565  53.672 0.1111110002
61571  -60.380  -23.179  50.182 0.1111110002
61583  -57.789  -22.587  49.603 0.1111110002
61592  -59.091  -21.938  48.721 0.1111110002
62598  -66.118  -20.847  57.261 0.1111110002
62599  -66.522  -20.664  56.718 0.1111110002
62626  -65.027  -21.472  53.117 0.1111110002
62639  -68.549  -20.537  52.691 0.1111110002
62658  -64.737  -21.351  50.630 0.1111110002
62672  -58.148  -22.055  48.903 0.1111110002
63608  -50.242  -20.431  63.877 1.0000000000
63663  -65.160  -20.488  58.330 0.1111110002
63674  -66.775  -20.534  56.350 0.1111110002
63675  -67.196  -20.690  55.632 0.1111110002
63681  -65.614  -20.475  55.664 0.1111110002
63684  -67.590  -20.779  54.474 0.1111110002
63695  -68.411  -20.261  52.994 0.1111110002
63710  -66.160  -20.561  51.507 0.1111110002
63735  -56.696  -20.525  48.526 0.1111110002
64516  -57.835  -19.648  69.618 0.2222220004
64663  -68.070  -19.166  52.073 0.1111110002
64664  -68.107  -19.612  52.618 0.1111110002
65538  -53.036  -18.424  65.809 0.5555559993
65664  -55.139  -18.352  48.621 0.1111110002
65670  -56.775  -18.470  48.101 0.1111110002
65682  -59.736  -17.898  46.778 0.1111110002
66490  -56.655  -18.013  67.945 0.3333329856
66631  -66.279  -17.585  48.349 0.1111110002
66646  -60.923  -17.359  46.539 0.1111110002
67559  -44.741  -16.454  59.514 0.1111110002
67627  -55.669  -16.399  49.464 0.1111110002
67641  -58.335  -16.372  46.968 0.1111110002
67645  -62.286  -16.550  46.386 0.1111110002
67646  -63.196  -16.478  46.478 0.1111110002
67648  -65.627  -16.126  47.016 0.1111110002
68710  -67.209  -15.052  46.888 0.1111110002
68762  -67.368  -15.171  41.343 0.1111110002
69712  -57.919  -14.588  47.172 0.1111110002
69792  -68.584  -14.386  39.289 0.1111110002
70631  -62.720  -13.359  56.082 0.1111110002
70643  -63.193  -13.187  54.933 0.1111110002
70688  -66.913  -13.722  45.040 0.1111110002
70699  -60.824  -13.001  44.974 0.1111110002
70700  -62.422  -13.431  44.449 0.1111110002
70717  -63.782  -13.088  43.798 0.1111110002
70784  -69.008  -13.606  38.143 0.1111110002
70792  -69.399  -13.394  36.760 0.1111110002
71590  -63.848  -12.211  59.590 0.2222220004
71613  -64.515  -12.458  57.498 0.2222220004
71614  -65.261  -12.149  57.299 0.2222220004
71649  -63.888  -12.780  55.043 0.2222220004
71666  -64.036  -12.610  54.379 0.1111110002
71682  -63.643  -12.270  52.975 0.1111110002
71770  -68.352  -12.982  40.500 0.1111110002
71789  -68.816  -12.375  37.954 0.1111110002
71792  -69.244  -12.714  37.266 0.1111110002
72588  -57.015  -11.065  66.138 0.1111110002
72614  -53.713  -11.270  62.937 0.6666669846
72633  -64.076  -10.713  61.323 0.2222220004
72670  -64.912  -11.381  59.101 0.2222220004
72696  -61.535  -11.085  56.463 0.4444440007
72698  -66.118  -11.562  56.198 0.2222220004
72705  -55.608  -11.577  55.582 0.7777780294
72712  -66.109  -11.574  55.461 0.2222220004
72729  -66.074  -11.524  54.736 0.2222220004
72837  -67.502  -12.040  41.077 0.1111110002
73633  -57.040  -10.256  61.027 0.4444440007
73634  -63.563  -10.248  62.048 0.1111110002
73660  -64.794  -10.389  59.687 0.2222220004
73670  -65.696  -10.497  58.242 0.3333329856
73679  -66.157  -10.301  57.564 0.2222220004
73704  -60.994  -10.727  54.322 0.6666669846
73705  -62.111  -10.887  54.935 0.4444440007
73771  -59.713  -10.803  47.682 0.1111110002
73798  -62.190  -10.313  42.399 0.1111110002
73846  -66.057  -10.166  39.785 0.1111110002
74530  -57.559  -9.762  65.915 0.2222220004
74532  -59.112  -9.148  66.648 0.1111110002
74542  -61.353  -8.767  65.193 0.1111110002
74550  -62.646  -9.347  63.166 0.2222220004
74558  -63.164  -9.615  62.558 0.1111110002
74570  -62.130  -8.665  61.435 0.4444440007
74598  -65.008  -10.058  59.229 0.3333329856
74604  -65.100  -9.717  58.626 0.3333329856
74620  -66.479  -9.581  56.500 0.3333329856
74631  -66.841  -9.406  55.874 0.2222220004
74664  -67.816  -9.487  52.918 0.2222220004
74670  -65.989  -10.003  51.397 0.1111110002
74673  -68.106  -9.021  52.341 0.2222220004
75481  -61.040  -8.597  65.480 0.1111110002
75489  -61.509  -8.602  64.948 0.1111110002
75495  -59.979  -8.412  64.145 0.2222220004
75498  -62.396  -8.839  63.368 0.2222220004
75499  -62.821  -9.118  62.641 0.2222220004
75519  -62.942  -9.005  62.235 0.4444440007
75584  -67.809  -8.300  53.914 0.3333329856
75607  -61.334  -8.360  50.720 0.7777780294
75610  -68.096  -8.454  50.732 0.1111110002
75623  -65.732  -8.648  49.472 0.1111110002
75626  -68.417  -7.549  49.854 0.1111110002
75653  -57.592  -8.043  46.795 0.2222220004
75660  -63.157  -7.850  45.911 0.1111110002
76519  -66.706  -7.555  54.369 0.4444440007
76520  -67.058  -7.598  54.349 0.4444440007
76524  -65.932  -7.159  53.736 0.4444440007
76542  -68.463  -7.548  51.412 0.1111110002
76570  -68.352  -6.803  48.015 0.1111110002
76643  -64.329  -7.592  39.207 0.1111110002
76668  -65.838  -7.055  37.340 0.1111110002
77425  -66.190  -6.679  53.348 0.4444440007
77428  -67.561  -7.115  53.446 0.2222220004
77435  -66.446  -6.237  52.886 0.5555559993
77437  -67.907  -6.903  52.835 0.2222220004
77473  -67.472  -6.579  46.959 0.1111110002
77484  -67.310  -6.321  46.385 0.1111110002
77495  -64.744  -6.572  45.274 0.1111110002
77562  -64.437  -6.357  38.378 0.1111110002
77563  -65.082  -6.676  37.801 0.1111110002
78383  -66.735  -5.696  52.445 0.5555559993
78414  -68.692  -5.434  48.609 0.2222220004
78436  -68.271  -5.593  45.837 0.1111110002
79401  -67.757  -4.699  51.324 0.4444440007
79420  -66.366  -3.648  50.339 0.6666669846
79450  -63.678  -4.470  45.726 0.7777780294
79469  -62.060  -4.427  43.177 0.6666669846
80531  -63.623  -3.584  44.222 0.7777780294
80565  -60.397  -2.929  41.395 0.5555559993
81445  -67.454  -2.423  50.208 0.5555559993
81451  -68.337  -2.392  49.646 0.5555559993
82492  -67.178  -1.460  49.276 0.6666669846
82501  -67.437  -1.085  48.729 0.5555559993
82562  -63.057  -0.781  40.594 0.6666669846
83518  -67.600  -0.673  48.261 0.5555559993
83525  -67.819  -0.368  47.658 0.5555559993
83566  -64.675  -0.285  42.680 0.6666669846
84488  -54.083  0.814  46.509 0.1111110002
84494  -54.308  0.705  45.713 0.1111110002
84551  -63.103  1.006  40.627 0.6666669846
84569  -58.311  0.512  38.405 0.5555559993
84592  -59.701  0.362  36.576 0.5555559993
84595  -62.082  0.644  35.870 0.5555559993
84633  -65.889  0.864  33.496 0.1111110002
85448  -54.514  1.468  48.068 0.1111110002
85456  -66.962  1.465  46.183 0.6666669846
85459  -53.993  1.177  45.096 0.1111110002
85478  -54.729  1.347  43.376 0.1111110002
85528  -62.917  1.860  40.765 0.6666669846
85540  -59.367  1.403  39.645 0.5555559993
85572  -57.682  1.261  36.613 0.4444440007
85582  -58.608  1.223  35.299 0.4444440007
85593  -58.480  1.808  34.593 0.3333329856
86435  -53.518  2.598  45.380 0.1111110002
86441  -65.810  3.133  45.082 0.6666669846
86451  -66.673  3.034  44.589 0.6666669846
86476  -53.756  2.821  41.661 0.1111110002
86478  -58.070  2.254  42.416 0.3333329856
86504  -55.279  2.188  39.229 0.2222220004
86552  -63.505  2.927  35.190 0.5555559993
86662  -61.844  2.361  24.869 0.2222220004
87374  -53.350  3.344  44.148 0.1111110002
87382  -65.084  4.810  43.532 0.6666669846
87390  -53.454  3.555  42.104 0.1111110002
87443  -55.466  3.266  38.326 0.2222220004
87446  -64.653  2.624  38.169 0.1111110002
87457  -56.403  3.294  36.999 0.3333329856
87459  -64.668  3.330  37.603 0.2222220004
87489  -57.508  3.676  34.716 0.2222220004
87503  -64.651  4.920  33.000 0.3333329856
87523  -59.099  3.060  31.074 0.2222220004
87524  -65.067  4.349  31.541 0.4444440007
87539  -65.643  3.560  30.664 0.3333329856
87548  -56.037  3.295  29.050 0.1111110002
87550  -65.312  3.175  30.010 0.2222220004
88310  -53.392  4.087  43.602 0.1111110002
88311  -65.507  5.353  43.280 0.6666669846
88330  -53.686  4.150  41.481 0.1111110002
88345  -54.256  4.151  40.099 0.1111110002
88347  -61.491  4.719  40.874 0.6666669846
88360  -65.438  5.092  39.478 0.5555559993
88382  -63.505  5.510  37.177 0.6666669846
88409  -64.184  5.224  34.958 0.6666669846
88410  -64.537  5.132  34.250 0.4444440007
88411  -65.262  5.017  34.050 0.3333329856
88420  -65.188  5.155  33.304 0.3333329856
88432  -64.961  5.170  32.779 0.3333329856
89259  -53.604  4.729  44.027 0.1111110002
89264  -65.715  5.608  43.075 0.6666669846
89278  -62.473  5.224  41.112 0.6666669846
89281  -65.409  6.171  41.891 0.6666669846
89293  -63.523  6.269  40.867 0.6666669846
89294  -65.393  6.268  40.978 0.6666669846
89306  -62.997  6.056  39.072 0.6666669846
89320  -64.547  6.120  38.370 0.6666669846
89329  -55.840  5.456  37.620 0.1111110002
89330  -56.221  5.274  36.932 0.1111110002
89340  -56.556  5.177  36.197 0.1111110002
89341  -63.921  5.629  36.350 0.6666669846
89352  -64.163  5.443  35.424 0.6666669846
89354  -64.760  5.165  34.665 0.3333329856
89370  -64.992  5.342  33.199 0.4444440007
90282  -55.033  6.917  40.868 0.1111110002
90285  -64.415  6.516  40.308 0.6666669846
90294  -55.275  6.398  39.416 0.1111110002
90303  -55.550  6.479  38.582 0.1111110002
90304  -64.145  6.358  38.638 0.6666669846
90316  -64.119  6.156  37.993 0.6666669846
91227  -56.438  6.972  37.026 0.1111110002
92142  -57.187  8.352  36.765 0.1111110002
136303  -62.945  -21.231  56.102 0.1111110002
136545  -28.811  -33.737  74.862 0.2222220004
136756  -66.914  -20.401  55.806 0.1111110002
136865  -53.411  3.112  44.892 0.1111110002
137455  -61.689  -8.319  63.485 0.2222220004
137637  -61.361  0.844  32.108 0.2222220004
138410  -68.475  -18.954  51.325 0.1111110002
138565  -65.347  4.701  32.693 0.3333329856
138861  -26.257  -35.262  89.398 0.1111110002
139221  -66.300  -20.444  56.902 0.1111110002
139293  -68.036  -20.174  53.347 0.1111110002
139687  -61.700  -8.421  64.410 0.1111110002
139753  -40.955  -33.220  74.818 0.1111110002
139976  -62.875  -19.364  47.495 0.1111110002
140688  -62.273  -24.205  55.177 0.1111110002
141815  -27.009  -32.685  71.894 0.1111110002
142186  -66.009  -21.040  52.941 0.1111110002
142358  -60.232  -9.131  51.496 0.7777780294
142406  -65.358  6.013  39.904 0.6666669846
143021  -14.596  -42.793  91.078 0.2222220004
145465  -64.891  -9.934  56.266 0.4444440007
145469  -68.089  -15.328  39.542 0.1111110002
146100  -67.963  -22.684  53.581 0.1111110002
146519  -64.109  -16.469  46.638 0.1111110002
146627  -64.377  -12.598  43.319 0.1111110002
147322  -47.870  -22.044  61.271 0.4444440007
147434  -63.718  -9.653  61.332 0.3333329856
147905  -57.910  -10.729  59.238 0.4444440007
148952  -17.893  -35.647  91.323 0.4444440007
149921  -60.085  -9.762  60.319 0.4444440007
150088  -64.436  5.360  36.196 0.4444440007
150427  -60.185  -17.442  46.583 0.1111110002
150764  -59.191  -13.889  46.163 0.1111110002
153024  -65.993  -10.806  52.748 0.2222220004
153247  -61.936  -8.274  43.391 0.1111110002
153302  -68.493  -2.317  48.997 0.4444440007
153659  -17.666  -37.031  87.248 0.6666669846
153995  -64.449  -12.268  58.222 0.2222220004
154277  -54.772  6.838  42.180 0.1111110002
154395  -59.194  -11.379  46.476 0.1111110002
155181  -59.787  -11.094  57.217 0.5555559993
155511  -69.481  -8.375  35.037 0.1111110002
155637  -68.317  -16.461  48.590 0.1111110002
156253  -66.979  -5.234  52.061 0.5555559993
156714  -58.450  -13.236  58.822 0.1111110002
156734  -52.900  -12.257  55.779 0.6666669846
157817  -22.411  -34.693  83.527 0.8888890147
157948  -52.015  -18.730  65.397 0.6666669846
158055  -67.519  -9.722  54.585 0.2222220004
158212  -42.381  -29.319  64.284 0.4444440007
158305  -56.775  7.099  36.399 0.1111110002
158542  -61.218  -8.784  61.378 0.4444440007
158681  -64.495  4.964  33.777 0.4444440007
158689  -44.598  -30.027  80.386 0.1111110002
158790  -15.196  -41.461  91.277 0.4444440007
159078  -66.875  -1.855  49.643 0.6666669846
159443  -63.688  0.879  26.641 0.1111110002
160404  -39.386  -29.820  68.019 0.5555559993
160464  -65.294  -11.027  52.554 0.1111110002
160664  -60.912  -19.806  47.547 0.1111110002
161008  -25.304  -34.746  85.566 0.8888890147
161545  -59.691  -22.043  48.821 0.1111110002
161682  -57.947  -8.262  47.410 0.4444440007
161698  -60.467  -22.977  54.328 0.1111110002
161996  -50.121  -23.104  63.791 0.8888890147
162181  -44.216  -30.290  74.635 0.6666669846
162334  -47.589  -31.015  74.114 0.5555559993
162364  -38.696  -28.883  75.567 0.8888890147
162449  -14.610  -39.846  82.996 0.3333329856
162714  -38.280  -27.854  72.202 0.8888890147
162733  -50.964  -23.702  64.547 1.0000000000
162859  -66.919  -10.607  53.744 0.2222220004
162892  -48.747  -24.844  63.456 0.8888890147
163068  -68.317  -16.877  49.373 0.1111110002
163133  -36.181  -28.922  81.003 0.6666669846
163247  -44.839  -19.824  59.056 0.1111110002
163252  -64.823  -19.781  49.032 0.1111110002
163338  -64.716  4.040  43.486 0.6666669846
163520  -56.066  2.429  37.954 0.4444440007
163706  -68.022  -22.286  54.093 0.1111110002
164061  -68.186  -8.076  52.802 0.2222220004
164205  -11.896  -41.810  83.702 0.1111110002
164532  -64.711  4.800  35.983 0.4444440007
164594  -68.398  -15.226  45.661 0.1111110002
164685  -64.343  -10.434  60.948 0.2222220004
164746  -66.311  -4.852  51.328 0.5555559993
164774  -27.896  -35.321  79.755 0.7777780294
165040  -57.426  3.086  35.284 0.2222220004
