
Wed Mar 11 15:38:09 CET 2026
cd /out/sourcedata/freesurfer/sub-v2s18x29509_ses-1
setenv SUBJECTS_DIR /out/sourcedata/freesurfer
/opt/freesurfer/bin/recon-all -autorecon-hemi rh -noparcstats -noparcstats2 -noparcstats3 -nohyporelabel -nobalabels -rh-only -openmp 16 -subjid sub-v2s18x29509_ses-1 -sd /out/sourcedata/freesurfer

subjid sub-v2s18x29509_ses-1
setenv SUBJECTS_DIR /out/sourcedata/freesurfer
FREESURFER_HOME /opt/freesurfer
Actual FREESURFER_HOME /opt/freesurfer
build-stamp.txt: freesurfer-linux-ubuntu22_x86_64-7.3.2-20220804-6354275
Linux dna087 5.14.0-427.37.1.el9_4.x86_64 #1 SMP PREEMPT_DYNAMIC Fri Sep 13 12:41:50 EDT 2024 x86_64 x86_64 x86_64 GNU/Linux
cputime      unlimited
filesize     unlimited
datasize     unlimited
stacksize    8192 kbytes
coredumpsize 0 kbytes
memoryuse    67108864 kbytes
vmemoryuse   unlimited
descriptors  1024 
memorylocked unlimited
maxproc      2061970 
maxlocks     unlimited
maxsignal    2062029 
maxmessage   819200 
maxnice      0 
maxrtprio    0 
maxrttime    unlimited

               total        used        free      shared  buff/cache   available
Mem:           503Gi       104Gi       348Gi        21Gi        50Gi       373Gi
Swap:             0B          0B          0B

########################################
program versions used
7.3.2 (freesurfer-linux-ubuntu22_x86_64-7.3.2-20220804-6354275)
7.3.2

ProgramName: lta_convert  ProgramArguments: lta_convert -all-info  ProgramVersion: 7.3.2  TimeStamp: 2026/03/11-14:38:09-GMT  BuildTime: Aug  4 2022 06:17:15  BuildStamp: freesurfer-linux-ubuntu22_x86_64-7.3.2-20220804-6354275  User: oesteban  Machine: dna087  Platform: Linux  PlatformVersion: 5.14.0-427.37.1.el9_4.x86_64  CompilerName: GCC  CompilerVersion: 8.4.0
ProgramName: mri_and  ProgramArguments: mri_and -all-info  ProgramVersion: 7.3.2  TimeStamp: 2026/03/11-14:38:09-GMT  BuildTime: Aug  4 2022 06:17:15  BuildStamp: freesurfer-linux-ubuntu22_x86_64-7.3.2-20220804-6354275  User: oesteban  Machine: dna087  Platform: Linux  PlatformVersion: 5.14.0-427.37.1.el9_4.x86_64  CompilerName: GCC  CompilerVersion: 8.4.0
ProgramName: mri_annotation2label  ProgramArguments: mri_annotation2label -all-info  ProgramVersion: 7.3.2  TimeStamp: 2026/03/11-14:38:09-GMT  BuildTime: Aug  4 2022 06:17:15  BuildStamp: freesurfer-linux-ubuntu22_x86_64-7.3.2-20220804-6354275  User: oesteban  Machine: dna087  Platform: Linux  PlatformVersion: 5.14.0-427.37.1.el9_4.x86_64  CompilerName: GCC  CompilerVersion: 8.4.0
ProgramName: mri_aparc2aseg  ProgramArguments: mri_aparc2aseg -all-info  ProgramVersion: 7.3.2  TimeStamp: 2026/03/11-14:38:09-GMT  BuildTime: Aug  4 2022 06:17:15  BuildStamp: freesurfer-linux-ubuntu22_x86_64-7.3.2-20220804-6354275  User: oesteban  Machine: dna087  Platform: Linux  PlatformVersion: 5.14.0-427.37.1.el9_4.x86_64  CompilerName: GCC  CompilerVersion: 8.4.0
ProgramName: mri_surf2volseg  ProgramArguments: mri_surf2volseg -all-info  ProgramVersion: 7.3.2  TimeStamp: 2026/03/11-14:38:09-GMT  BuildTime: Aug  4 2022 06:17:15  BuildStamp: freesurfer-linux-ubuntu22_x86_64-7.3.2-20220804-6354275  User: oesteban  Machine: dna087  Platform: Linux  PlatformVersion: 5.14.0-427.37.1.el9_4.x86_64  CompilerName: GCC  CompilerVersion: 8.4.0
ProgramName: mri_binarize  ProgramArguments: mri_binarize -all-info  ProgramVersion: 7.3.2  TimeStamp: 2026/03/11-14:38:09-GMT  BuildTime: Aug  4 2022 06:17:15  BuildStamp: freesurfer-linux-ubuntu22_x86_64-7.3.2-20220804-6354275  User: oesteban  Machine: dna087  Platform: Linux  PlatformVersion: 5.14.0-427.37.1.el9_4.x86_64  CompilerName: GCC  CompilerVersion: 8.4.0
ProgramName: mri_ca_label  ProgramArguments: mri_ca_label -all-info  ProgramVersion: 7.3.2  TimeStamp: 2026/03/11-14:38:09-GMT  BuildTime: Aug  4 2022 06:17:15  BuildStamp: freesurfer-linux-ubuntu22_x86_64-7.3.2-20220804-6354275  User: oesteban  Machine: dna087  Platform: Linux  PlatformVersion: 5.14.0-427.37.1.el9_4.x86_64  CompilerName: GCC  CompilerVersion: 8.4.0
ProgramName: mri_ca_normalize  ProgramArguments: mri_ca_normalize -all-info  ProgramVersion: 7.3.2  TimeStamp: 2026/03/11-14:38:09-GMT  BuildTime: Aug  4 2022 06:17:15  BuildStamp: freesurfer-linux-ubuntu22_x86_64-7.3.2-20220804-6354275  User: oesteban  Machine: dna087  Platform: Linux  PlatformVersion: 5.14.0-427.37.1.el9_4.x86_64  CompilerName: GCC  CompilerVersion: 8.4.0
ProgramName: mri_ca_register  ProgramArguments: mri_ca_register -all-info  ProgramVersion: 7.3.2  TimeStamp: 2026/03/11-14:38:09-GMT  BuildTime: Aug  4 2022 06:17:15  BuildStamp: freesurfer-linux-ubuntu22_x86_64-7.3.2-20220804-6354275  User: oesteban  Machine: dna087  Platform: Linux  PlatformVersion: 5.14.0-427.37.1.el9_4.x86_64  CompilerName: GCC  CompilerVersion: 8.4.0
ProgramName: mri_cc  ProgramArguments: mri_cc -all-info  ProgramVersion: 7.3.2  TimeStamp: 2026/03/11-14:38:09-GMT  BuildTime: Aug  4 2022 06:17:15  BuildStamp: freesurfer-linux-ubuntu22_x86_64-7.3.2-20220804-6354275  User: oesteban  Machine: dna087  Platform: Linux  PlatformVersion: 5.14.0-427.37.1.el9_4.x86_64  CompilerName: GCC  CompilerVersion: 8.4.0
ProgramName: mri_compute_overlap  ProgramArguments: mri_compute_overlap -all-info  ProgramVersion: 7.3.2  TimeStamp: 2026/03/11-14:38:09-GMT  BuildTime: Aug  4 2022 06:17:15  BuildStamp: freesurfer-linux-ubuntu22_x86_64-7.3.2-20220804-6354275  User: oesteban  Machine: dna087  Platform: Linux  PlatformVersion: 5.14.0-427.37.1.el9_4.x86_64  CompilerName: GCC  CompilerVersion: 8.4.0
ProgramName: mri_compute_seg_overlap  ProgramArguments: mri_compute_seg_overlap -all-info  ProgramVersion: 7.3.2  TimeStamp: 2026/03/11-14:38:09-GMT  BuildTime: Aug  4 2022 06:17:15  BuildStamp: freesurfer-linux-ubuntu22_x86_64-7.3.2-20220804-6354275  User: oesteban  Machine: dna087  Platform: Linux  PlatformVersion: 5.14.0-427.37.1.el9_4.x86_64  CompilerName: GCC  CompilerVersion: 8.4.0
ProgramName: mri_concat  ProgramArguments: mri_concat -all-info  ProgramVersion: 7.3.2  TimeStamp: 2026/03/11-14:38:09-GMT  BuildTime: Aug  4 2022 06:17:15  BuildStamp: freesurfer-linux-ubuntu22_x86_64-7.3.2-20220804-6354275  User: oesteban  Machine: dna087  Platform: Linux  PlatformVersion: 5.14.0-427.37.1.el9_4.x86_64  CompilerName: GCC  CompilerVersion: 8.4.0
ProgramName: mri_concatenate_lta  ProgramArguments: mri_concatenate_lta -all-info  ProgramVersion: 7.3.2  TimeStamp: 2026/03/11-14:38:09-GMT  BuildTime: Aug  4 2022 06:17:15  BuildStamp: freesurfer-linux-ubuntu22_x86_64-7.3.2-20220804-6354275  User: oesteban  Machine: dna087  Platform: Linux  PlatformVersion: 5.14.0-427.37.1.el9_4.x86_64  CompilerName: GCC  CompilerVersion: 8.4.0
mri_convert -all-info 
ProgramName: mri_convert  ProgramArguments: mri_convert -all-info  ProgramVersion: 7.3.2  TimeStamp: 2026/03/11-14:38:09-GMT  BuildTime: Aug  4 2022 06:17:15  BuildStamp: freesurfer-linux-ubuntu22_x86_64-7.3.2-20220804-6354275  User: oesteban  Machine: dna087  Platform: Linux  PlatformVersion: 5.14.0-427.37.1.el9_4.x86_64  CompilerName: GCC  CompilerVersion: 8.4.0
ProgramName: mri_diff  ProgramArguments: mri_diff -all-info  ProgramVersion: 7.3.2  TimeStamp: 2026/03/11-14:38:09-GMT  BuildTime: Aug  4 2022 06:17:15  BuildStamp: freesurfer-linux-ubuntu22_x86_64-7.3.2-20220804-6354275  User: oesteban  Machine: dna087  Platform: Linux  PlatformVersion: 5.14.0-427.37.1.el9_4.x86_64  CompilerName: GCC  CompilerVersion: 8.4.0
ProgramName: mri_edit_wm_with_aseg  ProgramArguments: mri_edit_wm_with_aseg -all-info  ProgramVersion: 7.3.2  TimeStamp: 2026/03/11-14:38:10-GMT  BuildTime: Aug  4 2022 06:17:15  BuildStamp: freesurfer-linux-ubuntu22_x86_64-7.3.2-20220804-6354275  User: oesteban  Machine: dna087  Platform: Linux  PlatformVersion: 5.14.0-427.37.1.el9_4.x86_64  CompilerName: GCC  CompilerVersion: 8.4.0
ProgramName: mri_em_register  ProgramArguments: mri_em_register -all-info  ProgramVersion: 7.3.2  TimeStamp: 2026/03/11-14:38:10-GMT  BuildTime: Aug  4 2022 06:17:15  BuildStamp: freesurfer-linux-ubuntu22_x86_64-7.3.2-20220804-6354275  User: oesteban  Machine: dna087  Platform: Linux  PlatformVersion: 5.14.0-427.37.1.el9_4.x86_64  CompilerName: GCC  CompilerVersion: 8.4.0
ProgramName: mri_fill  ProgramArguments: mri_fill -all-info  ProgramVersion: 7.3.2  TimeStamp: 2026/03/11-14:38:10-GMT  BuildTime: Aug  4 2022 06:17:15  BuildStamp: freesurfer-linux-ubuntu22_x86_64-7.3.2-20220804-6354275  User: oesteban  Machine: dna087  Platform: Linux  PlatformVersion: 5.14.0-427.37.1.el9_4.x86_64  CompilerName: GCC  CompilerVersion: 8.4.0
ProgramName: mri_fuse_segmentations  ProgramArguments: mri_fuse_segmentations -all-info  ProgramVersion: 7.3.2  TimeStamp: 2026/03/11-14:38:10-GMT  BuildTime: Aug  4 2022 06:17:15  BuildStamp: freesurfer-linux-ubuntu22_x86_64-7.3.2-20220804-6354275  User: oesteban  Machine: dna087  Platform: Linux  PlatformVersion: 5.14.0-427.37.1.el9_4.x86_64  CompilerName: GCC  CompilerVersion: 8.4.0
ProgramName: mri_fwhm  ProgramArguments: mri_fwhm -all-info  ProgramVersion: 7.3.2  TimeStamp: 2026/03/11-14:38:10-GMT  BuildTime: Aug  4 2022 06:17:15  BuildStamp: freesurfer-linux-ubuntu22_x86_64-7.3.2-20220804-6354275  User: oesteban  Machine: dna087  Platform: Linux  PlatformVersion: 5.14.0-427.37.1.el9_4.x86_64  CompilerName: GCC  CompilerVersion: 8.4.0
ProgramName: mri_gcut  ProgramArguments: mri_gcut -all-info  ProgramVersion: 7.3.2  TimeStamp: 2026/03/11-14:38:10-GMT  BuildTime: Aug  4 2022 06:17:15  BuildStamp: freesurfer-linux-ubuntu22_x86_64-7.3.2-20220804-6354275  User: oesteban  Machine: dna087  Platform: Linux  PlatformVersion: 5.14.0-427.37.1.el9_4.x86_64  CompilerName: GCC  CompilerVersion: 8.4.0
ProgramName: mri_info  ProgramArguments: mri_info -all-info  ProgramVersion: 7.3.2  TimeStamp: 2026/03/11-14:38:10-GMT  BuildTime: Aug  4 2022 06:17:15  BuildStamp: freesurfer-linux-ubuntu22_x86_64-7.3.2-20220804-6354275  User: oesteban  Machine: dna087  Platform: Linux  PlatformVersion: 5.14.0-427.37.1.el9_4.x86_64  CompilerName: GCC  CompilerVersion: 8.4.0
ProgramName: mri_label2label  ProgramArguments: mri_label2label -all-info  ProgramVersion: 7.3.2  TimeStamp: 2026/03/11-14:38:10-GMT  BuildTime: Aug  4 2022 06:17:15  BuildStamp: freesurfer-linux-ubuntu22_x86_64-7.3.2-20220804-6354275  User: oesteban  Machine: dna087  Platform: Linux  PlatformVersion: 5.14.0-427.37.1.el9_4.x86_64  CompilerName: GCC  CompilerVersion: 8.4.0
ProgramName: mri_label2vol  ProgramArguments: mri_label2vol -all-info  ProgramVersion: 7.3.2  TimeStamp: 2026/03/11-14:38:10-GMT  BuildTime: Aug  4 2022 06:17:15  BuildStamp: freesurfer-linux-ubuntu22_x86_64-7.3.2-20220804-6354275  User: oesteban  Machine: dna087  Platform: Linux  PlatformVersion: 5.14.0-427.37.1.el9_4.x86_64  CompilerName: GCC  CompilerVersion: 8.4.0
ProgramName: mri_log_likelihood  ProgramArguments: mri_log_likelihood -all-info  ProgramVersion: 7.3.2  TimeStamp: 2026/03/11-14:38:10-GMT  BuildTime: Aug  4 2022 06:17:15  BuildStamp: freesurfer-linux-ubuntu22_x86_64-7.3.2-20220804-6354275  User: oesteban  Machine: dna087  Platform: Linux  PlatformVersion: 5.14.0-427.37.1.el9_4.x86_64  CompilerName: GCC  CompilerVersion: 8.4.0
ProgramName: mri_mask  ProgramArguments: mri_mask -all-info  ProgramVersion: 7.3.2  TimeStamp: 2026/03/11-14:38:10-GMT  BuildTime: Aug  4 2022 06:17:15  BuildStamp: freesurfer-linux-ubuntu22_x86_64-7.3.2-20220804-6354275  User: oesteban  Machine: dna087  Platform: Linux  PlatformVersion: 5.14.0-427.37.1.el9_4.x86_64  CompilerName: GCC  CompilerVersion: 8.4.0
ProgramName: mri_matrix_multiply  ProgramArguments: mri_matrix_multiply -all-info  ProgramVersion: 7.3.2  TimeStamp: 2026/03/11-14:38:10-GMT  BuildTime: Aug  4 2022 06:17:15  BuildStamp: freesurfer-linux-ubuntu22_x86_64-7.3.2-20220804-6354275  User: oesteban  Machine: dna087  Platform: Linux  PlatformVersion: 5.14.0-427.37.1.el9_4.x86_64  CompilerName: GCC  CompilerVersion: 8.4.0
ProgramName: mri_normalize  ProgramArguments: mri_normalize -all-info  ProgramVersion: 7.3.2  TimeStamp: 2026/03/11-14:38:10-GMT  BuildTime: Aug  4 2022 06:17:15  BuildStamp: freesurfer-linux-ubuntu22_x86_64-7.3.2-20220804-6354275  User: oesteban  Machine: dna087  Platform: Linux  PlatformVersion: 5.14.0-427.37.1.el9_4.x86_64  CompilerName: GCC  CompilerVersion: 8.4.0
ProgramName: mri_normalize_tp2  ProgramArguments: mri_normalize_tp2 -all-info  ProgramVersion: 7.3.2  TimeStamp: 2026/03/11-14:38:10-GMT  BuildTime: Aug  4 2022 06:17:15  BuildStamp: freesurfer-linux-ubuntu22_x86_64-7.3.2-20220804-6354275  User: oesteban  Machine: dna087  Platform: Linux  PlatformVersion: 5.14.0-427.37.1.el9_4.x86_64  CompilerName: GCC  CompilerVersion: 8.4.0
ProgramName: mri_or  ProgramArguments: mri_or -all-info  ProgramVersion: 7.3.2  TimeStamp: 2026/03/11-14:38:10-GMT  BuildTime: Aug  4 2022 06:17:15  BuildStamp: freesurfer-linux-ubuntu22_x86_64-7.3.2-20220804-6354275  User: oesteban  Machine: dna087  Platform: Linux  PlatformVersion: 5.14.0-427.37.1.el9_4.x86_64  CompilerName: GCC  CompilerVersion: 8.4.0
ProgramName: mri_relabel_hypointensities  ProgramArguments: mri_relabel_hypointensities -all-info  ProgramVersion: 7.3.2  TimeStamp: 2026/03/11-14:38:10-GMT  BuildTime: Aug  4 2022 06:17:15  BuildStamp: freesurfer-linux-ubuntu22_x86_64-7.3.2-20220804-6354275  User: oesteban  Machine: dna087  Platform: Linux  PlatformVersion: 5.14.0-427.37.1.el9_4.x86_64  CompilerName: GCC  CompilerVersion: 8.4.0
ProgramName: mri_relabel_nonwm_hypos  ProgramArguments: mri_relabel_nonwm_hypos -all-info  ProgramVersion: 7.3.2  TimeStamp: 2026/03/11-14:38:10-GMT  BuildTime: Aug  4 2022 06:17:15  BuildStamp: freesurfer-linux-ubuntu22_x86_64-7.3.2-20220804-6354275  User: oesteban  Machine: dna087  Platform: Linux  PlatformVersion: 5.14.0-427.37.1.el9_4.x86_64  CompilerName: GCC  CompilerVersion: 8.4.0
ProgramName: mri_remove_neck  ProgramArguments: mri_remove_neck -all-info  ProgramVersion: 7.3.2  TimeStamp: 2026/03/11-14:38:10-GMT  BuildTime: Aug  4 2022 06:17:15  BuildStamp: freesurfer-linux-ubuntu22_x86_64-7.3.2-20220804-6354275  User: oesteban  Machine: dna087  Platform: Linux  PlatformVersion: 5.14.0-427.37.1.el9_4.x86_64  CompilerName: GCC  CompilerVersion: 8.4.0
7.3.2

ProgramName: mri_robust_register  ProgramArguments: mri_robust_register -all-info  ProgramVersion: 7.3.2  TimeStamp: 2026/03/11-14:38:10-GMT  BuildTime: Aug  4 2022 06:17:15  BuildStamp: freesurfer-linux-ubuntu22_x86_64-7.3.2-20220804-6354275  User: oesteban  Machine: dna087  Platform: Linux  PlatformVersion: 5.14.0-427.37.1.el9_4.x86_64  CompilerName: GCC  CompilerVersion: 8.4.0
7.3.2

ProgramName: mri_robust_template  ProgramArguments: mri_robust_template -all-info  ProgramVersion: 7.3.2  TimeStamp: 2026/03/11-14:38:10-GMT  BuildTime: Aug  4 2022 06:17:15  BuildStamp: freesurfer-linux-ubuntu22_x86_64-7.3.2-20220804-6354275  User: oesteban  Machine: dna087  Platform: Linux  PlatformVersion: 5.14.0-427.37.1.el9_4.x86_64  CompilerName: GCC  CompilerVersion: 8.4.0
ProgramName: mris_anatomical_stats  ProgramArguments: mris_anatomical_stats -all-info  ProgramVersion: 7.3.2  TimeStamp: 2026/03/11-14:38:10-GMT  BuildTime: Aug  4 2022 06:17:15  BuildStamp: freesurfer-linux-ubuntu22_x86_64-7.3.2-20220804-6354275  User: oesteban  Machine: dna087  Platform: Linux  PlatformVersion: 5.14.0-427.37.1.el9_4.x86_64  CompilerName: GCC  CompilerVersion: 8.4.0
ProgramName: mris_ca_label  ProgramArguments: mris_ca_label -all-info  ProgramVersion: 7.3.2  TimeStamp: 2026/03/11-14:38:10-GMT  BuildTime: Aug  4 2022 06:17:15  BuildStamp: freesurfer-linux-ubuntu22_x86_64-7.3.2-20220804-6354275  User: oesteban  Machine: dna087  Platform: Linux  PlatformVersion: 5.14.0-427.37.1.el9_4.x86_64  CompilerName: GCC  CompilerVersion: 8.4.0
ProgramName: mris_calc  ProgramArguments: mris_calc -all-info  ProgramVersion: 7.3.2  TimeStamp: 2026/03/11-14:38:10-GMT  BuildTime: Aug  4 2022 06:17:15  BuildStamp: freesurfer-linux-ubuntu22_x86_64-7.3.2-20220804-6354275  User: oesteban  Machine: dna087  Platform: Linux  PlatformVersion: 5.14.0-427.37.1.el9_4.x86_64  CompilerName: GCC  CompilerVersion: 8.4.0
ProgramName: mris_convert  ProgramArguments: mris_convert -all-info  ProgramVersion: 7.3.2  TimeStamp: 2026/03/11-14:38:10-GMT  BuildTime: Aug  4 2022 06:17:15  BuildStamp: freesurfer-linux-ubuntu22_x86_64-7.3.2-20220804-6354275  User: oesteban  Machine: dna087  Platform: Linux  PlatformVersion: 5.14.0-427.37.1.el9_4.x86_64  CompilerName: GCC  CompilerVersion: 8.4.0
ProgramName: mris_curvature  ProgramArguments: mris_curvature -all-info  ProgramVersion: 7.3.2  TimeStamp: 2026/03/11-14:38:10-GMT  BuildTime: Aug  4 2022 06:17:15  BuildStamp: freesurfer-linux-ubuntu22_x86_64-7.3.2-20220804-6354275  User: oesteban  Machine: dna087  Platform: Linux  PlatformVersion: 5.14.0-427.37.1.el9_4.x86_64  CompilerName: GCC  CompilerVersion: 8.4.0
ProgramName: mris_curvature_stats  ProgramArguments: mris_curvature_stats -all-info  ProgramVersion: 7.3.2  TimeStamp: 2026/03/11-14:38:10-GMT  BuildTime: Aug  4 2022 06:17:15  BuildStamp: freesurfer-linux-ubuntu22_x86_64-7.3.2-20220804-6354275  User: oesteban  Machine: dna087  Platform: Linux  PlatformVersion: 5.14.0-427.37.1.el9_4.x86_64  CompilerName: GCC  CompilerVersion: 8.4.0
ProgramName: mris_diff  ProgramArguments: mris_diff -all-info  ProgramVersion: 7.3.2  TimeStamp: 2026/03/11-14:38:10-GMT  BuildTime: Aug  4 2022 06:17:15  BuildStamp: freesurfer-linux-ubuntu22_x86_64-7.3.2-20220804-6354275  User: oesteban  Machine: dna087  Platform: Linux  PlatformVersion: 5.14.0-427.37.1.el9_4.x86_64  CompilerName: GCC  CompilerVersion: 8.4.0
ProgramName: mris_divide_parcellation  ProgramArguments: mris_divide_parcellation -all-info  ProgramVersion: 7.3.2  TimeStamp: 2026/03/11-14:38:10-GMT  BuildTime: Aug  4 2022 06:17:15  BuildStamp: freesurfer-linux-ubuntu22_x86_64-7.3.2-20220804-6354275  User: oesteban  Machine: dna087  Platform: Linux  PlatformVersion: 5.14.0-427.37.1.el9_4.x86_64  CompilerName: GCC  CompilerVersion: 8.4.0
ProgramName: mri_segment  ProgramArguments: mri_segment -all-info  ProgramVersion: 7.3.2  TimeStamp: 2026/03/11-14:38:10-GMT  BuildTime: Aug  4 2022 06:17:15  BuildStamp: freesurfer-linux-ubuntu22_x86_64-7.3.2-20220804-6354275  User: oesteban  Machine: dna087  Platform: Linux  PlatformVersion: 5.14.0-427.37.1.el9_4.x86_64  CompilerName: GCC  CompilerVersion: 8.4.0
ProgramName: mri_segstats  ProgramArguments: mri_segstats -all-info  ProgramVersion: 7.3.2  TimeStamp: 2026/03/11-14:38:10-GMT  BuildTime: Aug  4 2022 06:17:15  BuildStamp: freesurfer-linux-ubuntu22_x86_64-7.3.2-20220804-6354275  User: oesteban  Machine: dna087  Platform: Linux  PlatformVersion: 5.14.0-427.37.1.el9_4.x86_64  CompilerName: GCC  CompilerVersion: 8.4.0
ProgramName: mris_euler_number  ProgramArguments: mris_euler_number -all-info  ProgramVersion: 7.3.2  TimeStamp: 2026/03/11-14:38:10-GMT  BuildTime: Aug  4 2022 06:17:15  BuildStamp: freesurfer-linux-ubuntu22_x86_64-7.3.2-20220804-6354275  User: oesteban  Machine: dna087  Platform: Linux  PlatformVersion: 5.14.0-427.37.1.el9_4.x86_64  CompilerName: GCC  CompilerVersion: 8.4.0
ProgramName: mris_fix_topology  ProgramArguments: mris_fix_topology -all-info  ProgramVersion: 7.3.2  TimeStamp: 2026/03/11-14:38:10-GMT  BuildTime: Aug  4 2022 06:17:15  BuildStamp: freesurfer-linux-ubuntu22_x86_64-7.3.2-20220804-6354275  User: oesteban  Machine: dna087  Platform: Linux  PlatformVersion: 5.14.0-427.37.1.el9_4.x86_64  CompilerName: GCC  CompilerVersion: 8.4.0
ProgramName: mris_topo_fixer  ProgramArguments: mris_topo_fixer -all-info  ProgramVersion: 7.3.2  TimeStamp: 2026/03/11-14:38:10-GMT  BuildTime: Aug  4 2022 06:17:15  BuildStamp: freesurfer-linux-ubuntu22_x86_64-7.3.2-20220804-6354275  User: oesteban  Machine: dna087  Platform: Linux  PlatformVersion: 5.14.0-427.37.1.el9_4.x86_64  CompilerName: GCC  CompilerVersion: 8.4.0
ProgramName: mris_jacobian  ProgramArguments: mris_jacobian -all-info  ProgramVersion: 7.3.2  TimeStamp: 2026/03/11-14:38:10-GMT  BuildTime: Aug  4 2022 06:17:15  BuildStamp: freesurfer-linux-ubuntu22_x86_64-7.3.2-20220804-6354275  User: oesteban  Machine: dna087  Platform: Linux  PlatformVersion: 5.14.0-427.37.1.el9_4.x86_64  CompilerName: GCC  CompilerVersion: 8.4.0
ProgramName: mris_label2annot  ProgramArguments: mris_label2annot -all-info  ProgramVersion: 7.3.2  TimeStamp: 2026/03/11-14:38:10-GMT  BuildTime: Aug  4 2022 06:17:15  BuildStamp: freesurfer-linux-ubuntu22_x86_64-7.3.2-20220804-6354275  User: oesteban  Machine: dna087  Platform: Linux  PlatformVersion: 5.14.0-427.37.1.el9_4.x86_64  CompilerName: GCC  CompilerVersion: 8.4.0
ProgramName: mris_left_right_register  ProgramArguments: mris_left_right_register -all-info  ProgramVersion: 7.3.2  TimeStamp: 2026/03/11-14:38:10-GMT  BuildTime: Aug  4 2022 06:17:15  BuildStamp: freesurfer-linux-ubuntu22_x86_64-7.3.2-20220804-6354275  User: oesteban  Machine: dna087  Platform: Linux  PlatformVersion: 5.14.0-427.37.1.el9_4.x86_64  CompilerName: GCC  CompilerVersion: 8.4.0
ProgramName: mris_place_surface  ProgramArguments: mris_place_surface -all-info  ProgramVersion: 7.3.2  TimeStamp: 2026/03/11-14:38:10-GMT  BuildTime: Aug  4 2022 06:17:15  BuildStamp: freesurfer-linux-ubuntu22_x86_64-7.3.2-20220804-6354275  User: oesteban  Machine: dna087  Platform: Linux  PlatformVersion: 5.14.0-427.37.1.el9_4.x86_64  CompilerName: GCC  CompilerVersion: 8.4.0
ProgramName: mrisp_paint  ProgramArguments: mrisp_paint -all-info  ProgramVersion: 7.3.2  TimeStamp: 2026/03/11-14:38:10-GMT  BuildTime: Aug  4 2022 06:17:15  BuildStamp: freesurfer-linux-ubuntu22_x86_64-7.3.2-20220804-6354275  User: oesteban  Machine: dna087  Platform: Linux  PlatformVersion: 5.14.0-427.37.1.el9_4.x86_64  CompilerName: GCC  CompilerVersion: 8.4.0
ProgramName: mris_register  ProgramArguments: mris_register -all-info  ProgramVersion: 7.3.2  TimeStamp: 2026/03/11-14:38:10-GMT  BuildTime: Aug  4 2022 06:17:15  BuildStamp: freesurfer-linux-ubuntu22_x86_64-7.3.2-20220804-6354275  User: oesteban  Machine: dna087  Platform: Linux  PlatformVersion: 5.14.0-427.37.1.el9_4.x86_64  CompilerName: GCC  CompilerVersion: 8.4.0
ProgramName: mris_smooth  ProgramArguments: mris_smooth -all-info  ProgramVersion: 7.3.2  TimeStamp: 2026/03/11-14:38:10-GMT  BuildTime: Aug  4 2022 06:17:15  BuildStamp: freesurfer-linux-ubuntu22_x86_64-7.3.2-20220804-6354275  User: oesteban  Machine: dna087  Platform: Linux  PlatformVersion: 5.14.0-427.37.1.el9_4.x86_64  CompilerName: GCC  CompilerVersion: 8.4.0
ProgramName: mris_sphere  ProgramArguments: mris_sphere -all-info  ProgramVersion: 7.3.2  TimeStamp: 2026/03/11-14:38:10-GMT  BuildTime: Aug  4 2022 06:17:15  BuildStamp: freesurfer-linux-ubuntu22_x86_64-7.3.2-20220804-6354275  User: oesteban  Machine: dna087  Platform: Linux  PlatformVersion: 5.14.0-427.37.1.el9_4.x86_64  CompilerName: GCC  CompilerVersion: 8.4.0
ProgramName: mris_surface_stats  ProgramArguments: mris_surface_stats -all-info  ProgramVersion: 7.3.2  TimeStamp: 2026/03/11-14:38:10-GMT  BuildTime: Aug  4 2022 06:17:15  BuildStamp: freesurfer-linux-ubuntu22_x86_64-7.3.2-20220804-6354275  User: oesteban  Machine: dna087  Platform: Linux  PlatformVersion: 5.14.0-427.37.1.el9_4.x86_64  CompilerName: GCC  CompilerVersion: 8.4.0
ProgramName: mri_stats2seg  ProgramArguments: mri_stats2seg -all-info  ProgramVersion: 7.3.2  TimeStamp: 2026/03/11-14:38:10-GMT  BuildTime: Aug  4 2022 06:17:15  BuildStamp: freesurfer-linux-ubuntu22_x86_64-7.3.2-20220804-6354275  User: oesteban  Machine: dna087  Platform: Linux  PlatformVersion: 5.14.0-427.37.1.el9_4.x86_64  CompilerName: GCC  CompilerVersion: 8.4.0
ProgramName: mris_thickness  ProgramArguments: mris_thickness -all-info  ProgramVersion: 7.3.2  TimeStamp: 2026/03/11-14:38:10-GMT  BuildTime: Aug  4 2022 06:17:15  BuildStamp: freesurfer-linux-ubuntu22_x86_64-7.3.2-20220804-6354275  User: oesteban  Machine: dna087  Platform: Linux  PlatformVersion: 5.14.0-427.37.1.el9_4.x86_64  CompilerName: GCC  CompilerVersion: 8.4.0
ProgramName: mris_thickness_diff  ProgramArguments: mris_thickness_diff -all-info  ProgramVersion: 7.3.2  TimeStamp: 2026/03/11-14:38:10-GMT  BuildTime: Aug  4 2022 06:17:15  BuildStamp: freesurfer-linux-ubuntu22_x86_64-7.3.2-20220804-6354275  User: oesteban  Machine: dna087  Platform: Linux  PlatformVersion: 5.14.0-427.37.1.el9_4.x86_64  CompilerName: GCC  CompilerVersion: 8.4.0
ProgramName: mris_topo_fixer  ProgramArguments: mris_topo_fixer -all-info  ProgramVersion: 7.3.2  TimeStamp: 2026/03/11-14:38:10-GMT  BuildTime: Aug  4 2022 06:17:15  BuildStamp: freesurfer-linux-ubuntu22_x86_64-7.3.2-20220804-6354275  User: oesteban  Machine: dna087  Platform: Linux  PlatformVersion: 5.14.0-427.37.1.el9_4.x86_64  CompilerName: GCC  CompilerVersion: 8.4.0
ProgramName: mri_surf2surf  ProgramArguments: mri_surf2surf -all-info  ProgramVersion: 7.3.2  TimeStamp: 2026/03/11-14:38:10-GMT  BuildTime: Aug  4 2022 06:17:15  BuildStamp: freesurfer-linux-ubuntu22_x86_64-7.3.2-20220804-6354275  User: oesteban  Machine: dna087  Platform: Linux  PlatformVersion: 5.14.0-427.37.1.el9_4.x86_64  CompilerName: GCC  CompilerVersion: 8.4.0
ProgramName: mri_surf2vol  ProgramArguments: mri_surf2vol -all-info  ProgramVersion: 7.3.2  TimeStamp: 2026/03/11-14:38:10-GMT  BuildTime: Aug  4 2022 06:17:15  BuildStamp: freesurfer-linux-ubuntu22_x86_64-7.3.2-20220804-6354275  User: oesteban  Machine: dna087  Platform: Linux  PlatformVersion: 5.14.0-427.37.1.el9_4.x86_64  CompilerName: GCC  CompilerVersion: 8.4.0
ProgramName: mri_surfcluster  ProgramArguments: mri_surfcluster -all-info  ProgramVersion: 7.3.2  TimeStamp: 2026/03/11-14:38:10-GMT  BuildTime: Aug  4 2022 06:17:15  BuildStamp: freesurfer-linux-ubuntu22_x86_64-7.3.2-20220804-6354275  User: oesteban  Machine: dna087  Platform: Linux  PlatformVersion: 5.14.0-427.37.1.el9_4.x86_64  CompilerName: GCC  CompilerVersion: 8.4.0
ProgramName: mris_volmask  ProgramArguments: mris_volmask -all-info  ProgramVersion: 7.3.2  TimeStamp: 2026/03/11-14:38:10-GMT  BuildTime: Aug  4 2022 06:17:15  BuildStamp: freesurfer-linux-ubuntu22_x86_64-7.3.2-20220804-6354275  User: oesteban  Machine: dna087  Platform: Linux  PlatformVersion: 5.14.0-427.37.1.el9_4.x86_64  CompilerName: GCC  CompilerVersion: 8.4.0
ProgramName: mri_tessellate  ProgramArguments: mri_tessellate -all-info  ProgramVersion: 7.3.2  TimeStamp: 2026/03/11-14:38:10-GMT  BuildTime: Aug  4 2022 06:17:15  BuildStamp: freesurfer-linux-ubuntu22_x86_64-7.3.2-20220804-6354275  User: oesteban  Machine: dna087  Platform: Linux  PlatformVersion: 5.14.0-427.37.1.el9_4.x86_64  CompilerName: GCC  CompilerVersion: 8.4.0
ProgramName: mri_vol2surf  ProgramArguments: mri_vol2surf -all-info  ProgramVersion: 7.3.2  TimeStamp: 2026/03/11-14:38:10-GMT  BuildTime: Aug  4 2022 06:17:15  BuildStamp: freesurfer-linux-ubuntu22_x86_64-7.3.2-20220804-6354275  User: oesteban  Machine: dna087  Platform: Linux  PlatformVersion: 5.14.0-427.37.1.el9_4.x86_64  CompilerName: GCC  CompilerVersion: 8.4.0
ProgramName: mri_vol2vol  ProgramArguments: mri_vol2vol -all-info  ProgramVersion: 7.3.2  TimeStamp: 2026/03/11-14:38:10-GMT  BuildTime: Aug  4 2022 06:17:15  BuildStamp: freesurfer-linux-ubuntu22_x86_64-7.3.2-20220804-6354275  User: oesteban  Machine: dna087  Platform: Linux  PlatformVersion: 5.14.0-427.37.1.el9_4.x86_64  CompilerName: GCC  CompilerVersion: 8.4.0
ProgramName: mri_voldiff  ProgramArguments: mri_voldiff -all-info  ProgramVersion: 7.3.2  TimeStamp: 2026/03/11-14:38:10-GMT  BuildTime: Aug  4 2022 06:17:15  BuildStamp: freesurfer-linux-ubuntu22_x86_64-7.3.2-20220804-6354275  User: oesteban  Machine: dna087  Platform: Linux  PlatformVersion: 5.14.0-427.37.1.el9_4.x86_64  CompilerName: GCC  CompilerVersion: 8.4.0
ProgramName: mri_watershed  ProgramArguments: mri_watershed -all-info  ProgramVersion: 7.3.2  TimeStamp: 2026/03/11-14:38:10-GMT  BuildTime: Aug  4 2022 06:17:15  BuildStamp: freesurfer-linux-ubuntu22_x86_64-7.3.2-20220804-6354275  User: oesteban  Machine: dna087  Platform: Linux  PlatformVersion: 5.14.0-427.37.1.el9_4.x86_64  CompilerName: GCC  CompilerVersion: 8.4.0
ProgramName: tkregister2  ProgramArguments: tkregister2_cmdl -all-info  ProgramVersion: 7.3.2  TimeStamp: 2026/03/11-14:38:10-GMT  BuildTime: Aug  4 2022 06:17:15  BuildStamp: freesurfer-linux-ubuntu22_x86_64-7.3.2-20220804-6354275  User: oesteban  Machine: dna087  Platform: Linux  PlatformVersion: 5.14.0-427.37.1.el9_4.x86_64  CompilerName: GCC  CompilerVersion: 8.4.0
mri_motion_correct.fsl 7.3.2
mri_convert -all-info 
ProgramName: mri_convert  ProgramArguments: mri_convert -all-info  ProgramVersion: 7.3.2  TimeStamp: 2026/03/11-14:38:10-GMT  BuildTime: Aug  4 2022 06:17:15  BuildStamp: freesurfer-linux-ubuntu22_x86_64-7.3.2-20220804-6354275  User: oesteban  Machine: dna087  Platform: Linux  PlatformVersion: 5.14.0-427.37.1.el9_4.x86_64  CompilerName: GCC  CompilerVersion: 8.4.0
Program nu_correct, built from:
Package MNI N3, version 1.12.0, compiled by nicks@terrier (x86_64-unknown-linux-gnu) on 2015-06-19 at 01:25:34
#######################################
GCADIR /opt/freesurfer/average
GCA RB_all_2020-01-02.gca
GCASkull RB_all_withskull_2020_01_02.gca
AvgCurvTif folding.atlas.acfb40.noaparc.i12.2016-08-02.tif
GCSDIR /opt/freesurfer/average
GCS DKaparc.atlas.acfb40.noaparc.i12.2016-08-02.gcs
#######################################
#--------------------------------------------
#@# Tessellate rh Wed Mar 11 15:38:10 CET 2026
/out/sourcedata/freesurfer/sub-v2s18x29509_ses-1/scripts

 mri_pretess ../mri/filled.mgz 127 ../mri/norm.mgz ../mri/filled-pretess127.mgz 


Iteration Number : 1
pass   1 (xy+):   0 found -   0 modified     |    TOTAL:   0
pass   1 (xy-):   0 found -   0 modified     |    TOTAL:   0
pass   1 (yz+):   7 found -   7 modified     |    TOTAL:   7
pass   2 (yz+):   0 found -   7 modified     |    TOTAL:   7
pass   1 (yz-):   8 found -   8 modified     |    TOTAL:  15
pass   2 (yz-):   0 found -   8 modified     |    TOTAL:  15
pass   1 (xz+):   0 found -   0 modified     |    TOTAL:  15
pass   1 (xz-):   0 found -   0 modified     |    TOTAL:  15
Iteration Number : 1
pass   1 (+++):   0 found -   0 modified     |    TOTAL:   0
pass   1 (+++):   0 found -   0 modified     |    TOTAL:   0
pass   1 (+++):   0 found -   0 modified     |    TOTAL:   0
pass   1 (+++):   0 found -   0 modified     |    TOTAL:   0
Iteration Number : 1
pass   1 (++):   0 found -   0 modified     |    TOTAL:   0
pass   1 (+-):   0 found -   0 modified     |    TOTAL:   0
pass   1 (--):   0 found -   0 modified     |    TOTAL:   0
pass   1 (-+):   0 found -   0 modified     |    TOTAL:   0
Iteration Number : 2
pass   1 (xy+):   0 found -   0 modified     |    TOTAL:   0
pass   1 (xy-):   0 found -   0 modified     |    TOTAL:   0
pass   1 (yz+):   1 found -   1 modified     |    TOTAL:   1
pass   2 (yz+):   0 found -   1 modified     |    TOTAL:   1
pass   1 (yz-):   0 found -   0 modified     |    TOTAL:   1
pass   1 (xz+):   0 found -   0 modified     |    TOTAL:   1
pass   1 (xz-):   0 found -   0 modified     |    TOTAL:   1
Iteration Number : 2
pass   1 (+++):   0 found -   0 modified     |    TOTAL:   0
pass   1 (+++):   0 found -   0 modified     |    TOTAL:   0
pass   1 (+++):   0 found -   0 modified     |    TOTAL:   0
pass   1 (+++):   0 found -   0 modified     |    TOTAL:   0
Iteration Number : 2
pass   1 (++):   0 found -   0 modified     |    TOTAL:   0
pass   1 (+-):   0 found -   0 modified     |    TOTAL:   0
pass   1 (--):   0 found -   0 modified     |    TOTAL:   0
pass   1 (-+):   0 found -   0 modified     |    TOTAL:   0
Iteration Number : 3
pass   1 (xy+):   0 found -   0 modified     |    TOTAL:   0
pass   1 (xy-):   0 found -   0 modified     |    TOTAL:   0
pass   1 (yz+):   0 found -   0 modified     |    TOTAL:   0
pass   1 (yz-):   0 found -   0 modified     |    TOTAL:   0
pass   1 (xz+):   0 found -   0 modified     |    TOTAL:   0
pass   1 (xz-):   0 found -   0 modified     |    TOTAL:   0
Iteration Number : 3
pass   1 (+++):   0 found -   0 modified     |    TOTAL:   0
pass   1 (+++):   0 found -   0 modified     |    TOTAL:   0
pass   1 (+++):   0 found -   0 modified     |    TOTAL:   0
pass   1 (+++):   0 found -   0 modified     |    TOTAL:   0
Iteration Number : 3
pass   1 (++):   0 found -   0 modified     |    TOTAL:   0
pass   1 (+-):   0 found -   0 modified     |    TOTAL:   0
pass   1 (--):   0 found -   0 modified     |    TOTAL:   0
pass   1 (-+):   0 found -   0 modified     |    TOTAL:   0

Total Number of Modified Voxels = 16 (out of 305377: 0.005239)
Ambiguous edge configurations... 

mri_pretess done


 mri_tessellate ../mri/filled-pretess127.mgz 127 ../surf/rh.orig.nofix 

7.3.2
  7.3.2
slice 40: 1817 vertices, 1951 faces
slice 50: 8567 vertices, 8856 faces
slice 60: 18905 vertices, 19305 faces
slice 70: 32050 vertices, 32484 faces
slice 80: 44528 vertices, 44972 faces
slice 90: 57119 vertices, 57513 faces
slice 100: 70263 vertices, 70698 faces
slice 110: 82650 vertices, 83097 faces
slice 120: 94677 vertices, 95125 faces
slice 130: 105933 vertices, 106324 faces
slice 140: 117496 vertices, 117870 faces
slice 150: 126567 vertices, 126912 faces
slice 160: 136095 vertices, 136423 faces
slice 170: 143515 vertices, 143780 faces
slice 180: 150069 vertices, 150301 faces
slice 190: 155368 vertices, 155525 faces
slice 200: 158293 vertices, 158337 faces
slice 210: 158372 vertices, 158386 faces
slice 220: 158372 vertices, 158386 faces
slice 230: 158372 vertices, 158386 faces
slice 240: 158372 vertices, 158386 faces
slice 250: 158372 vertices, 158386 faces
using the conformed surface RAS to save vertex points...
writing ../surf/rh.orig.nofix
using vox2ras matrix:
-1.00000   0.00000   0.00000   128.00000;
 0.00000   0.00000   1.00000  -128.00000;
 0.00000  -1.00000   0.00000   128.00000;
 0.00000   0.00000   0.00000   1.00000;

 rm -f ../mri/filled-pretess127.mgz 


 mris_extract_main_component ../surf/rh.orig.nofix ../surf/rh.orig.nofix 


counting number of connected components...
   158372 voxel in cpt #1: X=-14 [v=158372,e=475158,f=316772] located at (30.802509, -18.931383, 22.246893)
For the whole surface: X=-14 [v=158372,e=475158,f=316772]
One single component has been found
nothing to do
done

#--------------------------------------------
#@# Smooth1 rh Wed Mar 11 15:38:13 CET 2026
/out/sourcedata/freesurfer/sub-v2s18x29509_ses-1/scripts

 mris_smooth -nw -seed 1234 ../surf/rh.orig.nofix ../surf/rh.smoothwm.nofix 

setting seed for random number generator to 1234
smoothing surface tessellation for 10 iterations...
smoothing complete - recomputing first and second fundamental forms...
#--------------------------------------------
#@# Inflation1 rh Wed Mar 11 15:38:16 CET 2026
/out/sourcedata/freesurfer/sub-v2s18x29509_ses-1/scripts

 mris_inflate -no-save-sulc ../surf/rh.smoothwm.nofix ../surf/rh.inflated.nofix 

Not saving sulc
Reading ../surf/rh.smoothwm.nofix
avg radius = 48.8 mm, total surface area = 85968 mm^2
step 000: RMS=0.147 (target=0.015)   step 005: RMS=0.111 (target=0.015)   step 010: RMS=0.083 (target=0.015)   step 015: RMS=0.068 (target=0.015)   step 020: RMS=0.057 (target=0.015)   step 025: RMS=0.050 (target=0.015)   step 030: RMS=0.044 (target=0.015)   step 035: RMS=0.039 (target=0.015)   step 040: RMS=0.035 (target=0.015)   step 045: RMS=0.033 (target=0.015)   step 050: RMS=0.032 (target=0.015)   step 055: RMS=0.031 (target=0.015)   step 060: RMS=0.030 (target=0.015)   writing inflated surface to ../surf/rh.inflated.nofix
inflation took 0.3 minutes

inflation complete.
Not saving sulc
mris_inflate utimesec    76.088741
mris_inflate stimesec    2.662857
mris_inflate ru_maxrss   251472
mris_inflate ru_ixrss    0
mris_inflate ru_idrss    0
mris_inflate ru_isrss    0
mris_inflate ru_minflt   616316
mris_inflate ru_majflt   12
mris_inflate ru_nswap    0
mris_inflate ru_inblock  0
mris_inflate ru_oublock  11144
mris_inflate ru_msgsnd   0
mris_inflate ru_msgrcv   0
mris_inflate ru_nsignals 0
mris_inflate ru_nvcsw    15259
mris_inflate ru_nivcsw   441
#--------------------------------------------
#@# QSphere rh Wed Mar 11 15:38:33 CET 2026
/out/sourcedata/freesurfer/sub-v2s18x29509_ses-1/scripts

 mris_sphere -q -p 6 -a 128 -seed 1234 ../surf/rh.inflated.nofix ../surf/rh.qsphere.nofix 

doing quick spherical unfolding.
limitting unfolding to 6 passes
using n_averages = 128
setting seed for random number genererator to 1234
version: 7.3.2
available threads: 16
scaling brain by 0.291...
inflating...
projecting onto sphere...
surface projected - minimizing metric distortion...
vertex spacing 0.93 +- 0.54 (0.00-->7.02) (max @ vno 60514 --> 61847)
face area 0.02 +- 0.03 (-0.05-->0.55)
Entering MRISinflateToSphere()
inflating to sphere (rms error < 2.00)
000: dt: 0.0000, rms radial error=176.615, avgs=0
005/300: dt: 0.9000, rms radial error=176.354, avgs=0
010/300: dt: 0.9000, rms radial error=175.794, avgs=0
015/300: dt: 0.9000, rms radial error=175.059, avgs=0
020/300: dt: 0.9000, rms radial error=174.223, avgs=0
025/300: dt: 0.9000, rms radial error=173.331, avgs=0
030/300: dt: 0.9000, rms radial error=172.410, avgs=0
035/300: dt: 0.9000, rms radial error=171.473, avgs=0
040/300: dt: 0.9000, rms radial error=170.530, avgs=0
045/300: dt: 0.9000, rms radial error=169.585, avgs=0
050/300: dt: 0.9000, rms radial error=168.640, avgs=0
055/300: dt: 0.9000, rms radial error=167.697, avgs=0
060/300: dt: 0.9000, rms radial error=166.758, avgs=0
065/300: dt: 0.9000, rms radial error=165.823, avgs=0
070/300: dt: 0.9000, rms radial error=164.893, avgs=0
075/300: dt: 0.9000, rms radial error=163.968, avgs=0
080/300: dt: 0.9000, rms radial error=163.047, avgs=0
085/300: dt: 0.9000, rms radial error=162.132, avgs=0
090/300: dt: 0.9000, rms radial error=161.221, avgs=0
095/300: dt: 0.9000, rms radial error=160.315, avgs=0
100/300: dt: 0.9000, rms radial error=159.415, avgs=0
105/300: dt: 0.9000, rms radial error=158.519, avgs=0
110/300: dt: 0.9000, rms radial error=157.628, avgs=0
115/300: dt: 0.9000, rms radial error=156.742, avgs=0
120/300: dt: 0.9000, rms radial error=155.861, avgs=0
125/300: dt: 0.9000, rms radial error=154.984, avgs=0
130/300: dt: 0.9000, rms radial error=154.113, avgs=0
135/300: dt: 0.9000, rms radial error=153.246, avgs=0
140/300: dt: 0.9000, rms radial error=152.384, avgs=0
145/300: dt: 0.9000, rms radial error=151.527, avgs=0
150/300: dt: 0.9000, rms radial error=150.674, avgs=0
155/300: dt: 0.9000, rms radial error=149.827, avgs=0
160/300: dt: 0.9000, rms radial error=148.984, avgs=0
165/300: dt: 0.9000, rms radial error=148.145, avgs=0
170/300: dt: 0.9000, rms radial error=147.312, avgs=0
175/300: dt: 0.9000, rms radial error=146.483, avgs=0
180/300: dt: 0.9000, rms radial error=145.658, avgs=0
185/300: dt: 0.9000, rms radial error=144.839, avgs=0
190/300: dt: 0.9000, rms radial error=144.023, avgs=0
195/300: dt: 0.9000, rms radial error=143.213, avgs=0
200/300: dt: 0.9000, rms radial error=142.406, avgs=0
205/300: dt: 0.9000, rms radial error=141.605, avgs=0
210/300: dt: 0.9000, rms radial error=140.807, avgs=0
215/300: dt: 0.9000, rms radial error=140.015, avgs=0
220/300: dt: 0.9000, rms radial error=139.226, avgs=0
225/300: dt: 0.9000, rms radial error=138.442, avgs=0
230/300: dt: 0.9000, rms radial error=137.663, avgs=0
235/300: dt: 0.9000, rms radial error=136.888, avgs=0
240/300: dt: 0.9000, rms radial error=136.117, avgs=0
245/300: dt: 0.9000, rms radial error=135.351, avgs=0
250/300: dt: 0.9000, rms radial error=134.589, avgs=0
255/300: dt: 0.9000, rms radial error=133.831, avgs=0
260/300: dt: 0.9000, rms radial error=133.077, avgs=0
265/300: dt: 0.9000, rms radial error=132.328, avgs=0
270/300: dt: 0.9000, rms radial error=131.583, avgs=0
275/300: dt: 0.9000, rms radial error=130.842, avgs=0
280/300: dt: 0.9000, rms radial error=130.105, avgs=0
285/300: dt: 0.9000, rms radial error=129.372, avgs=0
290/300: dt: 0.9000, rms radial error=128.644, avgs=0
295/300: dt: 0.9000, rms radial error=127.920, avgs=0
300/300: dt: 0.9000, rms radial error=127.200, avgs=0

spherical inflation complete.
epoch 1 (K=10.0), pass 1, starting sse = 18811.49
taking momentum steps...
taking momentum steps...
taking momentum steps...
taking momentum steps...
pass 1 complete, delta sse/iter = 0.00/13 = 0.00026
epoch 2 (K=40.0), pass 1, starting sse = 3172.43
taking momentum steps...
taking momentum steps...
taking momentum steps...
taking momentum steps...
pass 1 complete, delta sse/iter = 0.00/13 = 0.00006
epoch 3 (K=160.0), pass 1, starting sse = 310.76
taking momentum steps...
taking momentum steps...
taking momentum steps...
taking momentum steps...
pass 1 complete, delta sse/iter = 0.11/14 = 0.00760
epoch 4 (K=640.0), pass 1, starting sse = 13.46
taking momentum steps...
taking momentum steps...
taking momentum steps...
taking momentum steps...
pass 1 complete, delta sse/iter = 0.36/31 = 0.01165
final distance error %100000.00
writing spherical brain to ../surf/rh.qsphere.nofix
spherical transformation took 0.0216 hours
FSRUNTIME@ mris_sphere  0.0216 hours 16 threads
#VMPC# mris_sphere VmPeak  1801024
mris_sphere done
#@# Fix Topology rh Wed Mar 11 15:39:51 CET 2026

 mris_fix_topology -mgz -sphere qsphere.nofix -inflated inflated.nofix -orig orig.nofix -out orig.premesh -ga -seed 1234 sub-v2s18x29509_ses-1 rh 

reading spherical homeomorphism from 'qsphere.nofix'
reading inflated coordinates from 'inflated.nofix'
reading original coordinates from 'orig.nofix'
using genetic algorithm with optimized parameters
setting seed for random number genererator to 1234

*************************************************************
Topology Correction Parameters
retessellation mode:           genetic search
number of patches/generation : 10
number of generations :        10
surface mri loglikelihood coefficient :         1.0
volume mri loglikelihood coefficient :          10.0
normal dot loglikelihood coefficient :          1.0
quadratic curvature loglikelihood coefficient : 1.0
volume resolution :                             2
eliminate vertices during search :              1
initial patch selection :                       1
select all defect vertices :                    0
ordering dependant retessellation:              0
use precomputed edge table :                    0
smooth retessellated patch :                    2
match retessellated patch :                     1
verbose mode :                                  0

*************************************************************
INFO: assuming .mgz format
writing corrected surface to 'orig.premesh'
7.3.2
  7.3.2
before topology correction, eno=-14 (nv=158372, nf=316772, ne=475158, g=8)
using quasi-homeomorphic spherical map to tessellate cortical surface...

Correction of the Topology
Finding true center and radius of Spherical Surface...done
Surface centered at (0,0,0) with radius 100.0 in 10 iterations
marking ambiguous vertices...
1335 ambiguous faces found in tessellation
segmenting defects...
20 defects found, arbitrating ambiguous regions...
analyzing neighboring defects...
      -merging segment 12 into 10
19 defects to be corrected 
0 vertices coincident
reading input surface /out/sourcedata/freesurfer/sub-v2s18x29509_ses-1/surf/rh.qsphere.nofix...
reading brain volume from brain...
reading wm segmentation from wm...
Reading original properties of orig.nofix
Reading vertex positions of inflated.nofix
Computing Initial Surface Statistics
      -face       loglikelihood: -9.5706  (-4.7853)
      -vertex     loglikelihood: -6.3874  (-3.1937)
      -normal dot loglikelihood: -3.6146  (-3.6146)
      -quad curv  loglikelihood: -6.1378  (-3.0689)
      Total Loglikelihood : -25.7104
CORRECTING DEFECT 0 (vertices=34, convex hull=74, v0=7867)
After retessellation of defect 0 (v0=7867), euler #=-17 (157558,472379,314804) : difference with theory (-16) = 1 
CORRECTING DEFECT 1 (vertices=62, convex hull=96, v0=15442)
After retessellation of defect 1 (v0=15442), euler #=-16 (157587,472509,314906) : difference with theory (-15) = 1 
CORRECTING DEFECT 2 (vertices=5, convex hull=34, v0=20945)
After retessellation of defect 2 (v0=20945), euler #=-15 (157589,472523,314919) : difference with theory (-14) = 1 
CORRECTING DEFECT 3 (vertices=28, convex hull=30, v0=30147)
After retessellation of defect 3 (v0=30147), euler #=-14 (157590,472534,314930) : difference with theory (-13) = 1 
CORRECTING DEFECT 4 (vertices=52, convex hull=34, v0=51593)
After retessellation of defect 4 (v0=51593), euler #=-13 (157598,472568,314957) : difference with theory (-12) = 1 
CORRECTING DEFECT 5 (vertices=110, convex hull=45, v0=65556)
After retessellation of defect 5 (v0=65556), euler #=-12 (157607,472612,314993) : difference with theory (-11) = 1 
CORRECTING DEFECT 6 (vertices=33, convex hull=26, v0=68604)
After retessellation of defect 6 (v0=68604), euler #=-11 (157609,472628,315008) : difference with theory (-10) = 1 
CORRECTING DEFECT 7 (vertices=22, convex hull=56, v0=72340)
After retessellation of defect 7 (v0=72340), euler #=-10 (157622,472686,315054) : difference with theory (-9) = 1 
CORRECTING DEFECT 8 (vertices=18, convex hull=17, v0=73354)
After retessellation of defect 8 (v0=73354), euler #=-9 (157624,472695,315062) : difference with theory (-8) = 1 
CORRECTING DEFECT 9 (vertices=5, convex hull=26, v0=76047)
After retessellation of defect 9 (v0=76047), euler #=-8 (157625,472704,315071) : difference with theory (-7) = 1 
CORRECTING DEFECT 10 (vertices=218, convex hull=115, v0=82332)
After retessellation of defect 10 (v0=82332), euler #=-6 (157664,472886,315216) : difference with theory (-6) = 0 
CORRECTING DEFECT 11 (vertices=80, convex hull=55, v0=87469)
After retessellation of defect 11 (v0=87469), euler #=-5 (157683,472966,315278) : difference with theory (-5) = 0 
CORRECTING DEFECT 12 (vertices=48, convex hull=87, v0=95539)
After retessellation of defect 12 (v0=95539), euler #=-4 (157695,473039,315340) : difference with theory (-4) = 0 
CORRECTING DEFECT 13 (vertices=6, convex hull=13, v0=106682)
After retessellation of defect 13 (v0=106682), euler #=-3 (157697,473047,315347) : difference with theory (-3) = 0 
CORRECTING DEFECT 14 (vertices=66, convex hull=27, v0=107691)
After retessellation of defect 14 (v0=107691), euler #=-2 (157700,473067,315365) : difference with theory (-2) = 0 
CORRECTING DEFECT 15 (vertices=10, convex hull=16, v0=110111)
After retessellation of defect 15 (v0=110111), euler #=-1 (157704,473083,315378) : difference with theory (-1) = 0 
CORRECTING DEFECT 16 (vertices=8, convex hull=28, v0=113071)
After retessellation of defect 16 (v0=113071), euler #=0 (157705,473097,315392) : difference with theory (0) = 0 
CORRECTING DEFECT 17 (vertices=8, convex hull=24, v0=113737)
After retessellation of defect 17 (v0=113737), euler #=1 (157706,473107,315402) : difference with theory (1) = 0 
CORRECTING DEFECT 18 (vertices=17, convex hull=19, v0=114805)
After retessellation of defect 18 (v0=114805), euler #=2 (157708,473118,315412) : difference with theory (2) = 0 
computing original vertex metric properties...
storing new metric properties...
computing tessellation statistics...
vertex spacing 0.89 +- 0.21 (0.11-->8.52) (max @ vno 96184 --> 102930)
face area -nan +- -nan (1000.00-->-1.00)
performing soap bubble on retessellated vertices for 0 iterations...
vertex spacing 0.89 +- 0.21 (0.11-->8.52) (max @ vno 96184 --> 102930)
face area -nan +- -nan (1000.00-->-1.00)
tessellation finished, orienting corrected surface...
89 mutations (41.8%), 124 crossovers (58.2%), 19 vertices were eliminated
building final representation...
664 vertices and 0 faces have been removed from triangulation
after topology correction, eno=2 (nv=157708, nf=315412, ne=473118, g=0)
writing corrected surface to /out/sourcedata/freesurfer/sub-v2s18x29509_ses-1/surf/rh.orig.premesh...

0.000 % of the vertices (0 vertices) exhibit an orientation change
removing intersecting faces
000: 104 intersecting
001: 8 intersecting
002: 6 intersecting
terminating search with 0 intersecting
topology fixing took 0.6 minutes
FSRUNTIME@ mris_fix_topology rh  0.0098 hours 16 threads
#VMPC# mris_fix_topology VmPeak  1873984

 mris_euler_number ../surf/rh.orig.premesh 

euler # = v-e+f = 2g-2: 157708 - 473118 + 315412 = 2 --> 0 holes
      F =2V-4:          315412 = 315416-4 (0)
      2E=3F:            946236 = 946236 (0)

total defect index = 0
Wed Mar 11 15:40:27 CET 2026

setenv SUBJECTS_DIR /out/sourcedata/freesurfer
cd /out/sourcedata/freesurfer/sub-v2s18x29509_ses-1/scripts
/opt/freesurfer/bin/defect2seg --s sub-v2s18x29509_ses-1 --rh-only --cortex

freesurfer-linux-ubuntu22_x86_64-7.3.2-20220804-6354275
defect2seg 7.3.2
Linux dna087 5.14.0-427.37.1.el9_4.x86_64 #1 SMP PREEMPT_DYNAMIC Fri Sep 13 12:41:50 EDT 2024 x86_64 x86_64 x86_64 GNU/Linux
pid 1340682
mri_label2label --label-cortex /out/sourcedata/freesurfer/sub-v2s18x29509_ses-1/surf/rh.orig.nofix /out/sourcedata/freesurfer/sub-v2s18x29509_ses-1/mri/aseg.presurf.mgz 0 /out/sourcedata/freesurfer/sub-v2s18x29509_ses-1/label/rh.nofix.cortex.label

 Generating cortex label... RemoveHipAmgy=0
 NucAccIsMedialWall=0
 mris->useRealRAS=0
15 non-cortical segments detected
only using segment with 8599 vertices
erasing segment 1 (vno[0] = 95509)
erasing segment 2 (vno[0] = 98055)
erasing segment 3 (vno[0] = 108789)
erasing segment 4 (vno[0] = 111266)
erasing segment 5 (vno[0] = 111294)
erasing segment 6 (vno[0] = 111311)
erasing segment 7 (vno[0] = 111410)
erasing segment 8 (vno[0] = 112561)
erasing segment 9 (vno[0] = 113574)
erasing segment 10 (vno[0] = 113630)
erasing segment 11 (vno[0] = 114661)
erasing segment 12 (vno[0] = 115865)
erasing segment 13 (vno[0] = 137419)
erasing segment 14 (vno[0] = 138148)
mri_label2vol --defects /out/sourcedata/freesurfer/sub-v2s18x29509_ses-1/surf/rh.orig.nofix /out/sourcedata/freesurfer/sub-v2s18x29509_ses-1/surf/rh.defect_labels /out/sourcedata/freesurfer/sub-v2s18x29509_ses-1/mri/orig.mgz 2000 0 /out/sourcedata/freesurfer/sub-v2s18x29509_ses-1/mri/rh.surface.defects.mgz /out/sourcedata/freesurfer/sub-v2s18x29509_ses-1/label/rh.nofix.cortex.label
mri_label2vol supposed to be reproducible but seed not set
Contraining to label /out/sourcedata/freesurfer/sub-v2s18x29509_ses-1/label/rh.nofix.cortex.label
Changing input type 0 to MRI_INT
Converting defects to volume: offset=2000, merge=0
Writing to /out/sourcedata/freesurfer/sub-v2s18x29509_ses-1/mri/rh.surface.defects.mgz
mris_defects_pointset -s /out/sourcedata/freesurfer/sub-v2s18x29509_ses-1/surf/rh.orig.nofix -d /out/sourcedata/freesurfer/sub-v2s18x29509_ses-1/surf/rh.defect_labels -o /out/sourcedata/freesurfer/sub-v2s18x29509_ses-1/surf/rh.defects.pointset --label /out/sourcedata/freesurfer/sub-v2s18x29509_ses-1/label/rh.nofix.cortex.label
Reading in surface /out/sourcedata/freesurfer/sub-v2s18x29509_ses-1/surf/rh.orig.nofix
Reading in defect segmentation /out/sourcedata/freesurfer/sub-v2s18x29509_ses-1/surf/rh.defect_labels
Reading in label /out/sourcedata/freesurfer/sub-v2s18x29509_ses-1/label/rh.nofix.cortex.label
#VMPC# mris_defects_pointset 1318496
mris_defects_pointset done
 
Started at Wed Mar 11 15:40:27 CET 2026 
Ended   at Wed Mar 11 15:40:40 CET 2026
Defect2seg-Run-Time-Sec 13
Defect2seg-Run-Time-Min 0.26
Defect2seg-Run-Time-Hours 0.00
 
tkmeditfv sub-v2s18x29509_ses-1 brain.finalsurfs.mgz -defect
defect2seg Done

 mris_remesh --remesh --iters 3 --input /out/sourcedata/freesurfer/sub-v2s18x29509_ses-1/surf/rh.orig.premesh --output /out/sourcedata/freesurfer/sub-v2s18x29509_ses-1/surf/rh.orig 

iters = 3
standard remeshing without target
   adjusted l: 0.709219
remeshing to edge length 0.709219 with 3 iterations

avg qual before   : 0.892816  after: 0.971279

Removing intersections
Remeshed surface quality stats nv0 = 157708  nv = 164997  1.04622
Area    329990  0.30125  0.03346 0.083385   0.5038
Corner  989970 60.00000  8.79159 16.346456 145.6555
Edge    494985  0.84201  0.08201 0.468803   1.2397
Hinge   494985  9.27283 10.05298 0.000003 141.7457
mris_remesh done
/out/sourcedata/freesurfer/sub-v2s18x29509_ses-1/scripts

 mris_remove_intersection ../surf/rh.orig ../surf/rh.orig 

intersection removal took 0.00 hours
writing corrected surface to ../surf/rh.orig

 rm -f ../surf/rh.inflated 

#--------------------------------------------
#@# AutoDetGWStats rh Wed Mar 11 15:41:16 CET 2026
cd /out/sourcedata/freesurfer/sub-v2s18x29509_ses-1/mri
mris_autodet_gwstats --o ../surf/autodet.gw.stats.rh.dat --i brain.finalsurfs.mgz --wm wm.mgz --surf ../surf/rh.orig.premesh
7.3.2

cd /out/sourcedata/freesurfer/sub-v2s18x29509_ses-1/mri
setenv SUBJECTS_DIR /out/sourcedata/freesurfer
mris_autodet_gwstats --o ../surf/autodet.gw.stats.rh.dat --i brain.finalsurfs.mgz --wm wm.mgz --surf ../surf/rh.orig.premesh 

border white:    288586 voxels (1.72%)
border gray      323961 voxels (1.93%)
Reading in intensity volume brain.finalsurfs.mgz
Reading in wm volume wm.mgz
Reading in surf ../surf/rh.orig.premesh
Auto detecting stats
MRIclipBrightWM(): nthresh=22479, wmmin=5, clip=110 
Binarizing thresholding at 5
computing class statistics... low=30, hi=110.000000
CCS WM (99.0): 98.6 +- 8.8 [70.0 --> 110.0]
CCS GM (70.0) : 70.4 +- 9.6 [30.0 --> 110.0]
white_mean = 98.6172 +/- 8.79882, gray_mean = 70.4375 +/- 9.62512
using class modes intead of means, discounting robust sigmas....
MRIScomputeClassModes(): min=0 max=161 nbins=162
intensity peaks found at WM=104+-6.1,    GM=66+-7.0
white_mode = 104, gray_mode = 66
std_scale = 1
Applying sanity checks, max_scale_down = 0.2
setting MIN_GRAY_AT_WHITE_BORDER to 56.4 (was 70.000000)
setting MAX_BORDER_WHITE to 112.8 (was 105.000000)
setting MIN_BORDER_WHITE to 66.0 (was 85.000000)
setting MAX_CSF to 46.7 (was 40.000000)
setting MAX_GRAY to 95.2 (was 95.000000)
setting MAX_GRAY_AT_CSF_BORDER to 56.4 (was 75.000000)
setting MIN_GRAY_AT_CSF_BORDER to 37.1 (was 40.000000)
When placing the white surface
  white_border_hi   = 112.799;
  white_border_low  = 66;
  white_outside_low = 56.3749;
  white_inside_hi   = 120;
  white_outside_hi  = 112.799;
When placing the pial surface
  pial_border_hi   = 56.3749;
  pial_border_low  = 37.1247;
  pial_outside_low = 10;
  pial_inside_hi   = 95.2012;
  pial_outside_hi  = 51.5623;
#VMPC# mris_autodet_gwstats VmPeak  1613576
mris_autodet_gwstats done
#--------------------------------------------
#@# WhitePreAparc rh Wed Mar 11 15:41:19 CET 2026
cd /out/sourcedata/freesurfer/sub-v2s18x29509_ses-1/mri
mris_place_surface --adgws-in ../surf/autodet.gw.stats.rh.dat --wm wm.mgz --threads 16 --invol brain.finalsurfs.mgz --rh --i ../surf/rh.orig --o ../surf/rh.white.preaparc --white --seg aseg.presurf.mgz --nsmooth 5
7.3.2
7.3.2

cd /out/sourcedata/freesurfer/sub-v2s18x29509_ses-1/mri
setenv SUBJECTS_DIR /out/sourcedata/freesurfer
mris_place_surface --adgws-in ../surf/autodet.gw.stats.rh.dat --wm wm.mgz --threads 16 --invol brain.finalsurfs.mgz --rh --i ../surf/rh.orig --o ../surf/rh.white.preaparc --white --seg aseg.presurf.mgz --nsmooth 5 

Reading in input surface ../surf/rh.orig
Smoothing surface before ripping with 5 iterations
Area    329990  0.26718  0.06325 0.003592   0.6248
Corner  989970 60.00000  9.59094 11.510754 155.7048
Edge    494985  0.78933  0.11466 0.074214   1.3051
Hinge   494985  6.27787  6.50899 0.000006 140.4386
Not reading in aparc
Reading in input volume brain.finalsurfs.mgz
Reading in wm volume wm.mgz
MRIclipBrightWM(): nthresh=22479, wmmin=5, clip=110 
MRIfindBrightNonWM(): 16 bright non-wm voxels segmented.
Masking bright non-wm for white surface
MRImask(): AllowDiffGeom = 1
MRImask(): AllowDiffGeom = 1
Reading in seg volume aseg.presurf.mgz
Ripping frozen voxels
INFO: rip surface needed but not specified, so using input surface
Freezing midline and others
Entering: MRISripMidline(): inhibiting deformation at non-cortical midline structures...
  which=1, fix_mtl=0, using annot = 0
#FML0# MRISripMidline(): nripped=0
removing 3 vertices from ripped group in thread:0
#FML# MRISripMidline(): nmarked=7299, nmarked2=0, nripped=7299
Ripping segs (eg, WMSA, BG, frozen)
Starting MRISripSegs() d = (-2 2 0.5) segnos: 247 
MRISripSegs(): -2 2 0.5 ripped 0
vertex 82499: xyz = (11.2881,-7.54409,44.3214) oxyz = (11.2881,-7.54409,44.3214) wxzy = (11.2881,-7.54409,44.3214) pxyz = (0,0,0) 
CBVO Creating mask 164997
n_averages 4
Iteration 0 =========================================
n_averages=4, current_sigma=2
Freezing midline and others
Ripping frozen voxels
INFO: rip surface needed but not specified, so using input surface
Freezing midline and others
Entering: MRISripMidline(): inhibiting deformation at non-cortical midline structures...
  which=1, fix_mtl=0, using annot = 0
#FML0# MRISripMidline(): nripped=7299
removing 3 vertices from ripped group in thread:0
#FML# MRISripMidline(): nmarked=7299, nmarked2=0, nripped=7299
Ripping segs (eg, WMSA, BG, frozen)
Starting MRISripSegs() d = (-2 2 0.5) segnos: 247 247 
MRISripSegs(): -2 2 0.5 ripped 0
Computing target border values 
Entering MRIScomputeBorderValues_new(): 
  inside_hi   = 120.0000000;
  border_hi   = 112.7988200;
  border_low  =  66.0000000;
  outside_low =  56.3748860;
  outside_hi  = 112.7988200;
  sigma = 2;
  max_thickness = 10;
  step_size=0.5;
  STEP_SIZE=0.1;
  which = 1
  thresh = 0
  flags = 0
  CBVfindFirstPeakD1=0
  CBVfindFirstPeakD2=0
  nvertices=164997
  Gdiag_no=-1
  vno start=0, stop=164997
Replacing 255s with 0s
#SI# sigma=2 had to be increased for 84 vertices, nripped=7299
mean border=79.3, 13 (13) missing vertices, mean dist 0.3 [0.5 (%39.5)->0.7 (%60.5))]
%75 local maxima, %21 large gradients and % 0 min vals, 0 gradients ignored
nFirstPeakD1 0
MRIScomputeBorderValues_new() finished in 0.0153 min


Finding expansion regions
mean absolute distance = 0.64 +- 0.79
5536 vertices more than 2 sigmas from mean.
Averaging target values for 5 iterations...
Positioning Surface: tspring = 0.3, nspring = 0.3, spring = 0, niters = 100 l_repulse = 5, l_surf_repulse = 0, checktol = 0
Positioning pial surface
Entering MRISpositionSurface()
  max_mm = 0.3
  MAX_REDUCTIONS = 2, REDUCTION_PCT = 0.5
  parms->check_tol = 0, niterations = 100
tol=1.0e-04, sigma=2.0, host=dna08, nav=4, nbrs=2, l_repulse=5.000, l_tspring=0.300, l_nspring=0.300, l_intensity=0.200, l_curv=1.000
mom=0.00, dt=0.50
complete_dist_mat 0
rms 0
smooth_averages 0
remove_neg 0
ico_order 0
which_surface 0
target_radius 0.000000
nfields 0
scale 0.000000
desired_rms_height 0.000000
momentum 0.000000
nbhd_size 0
max_nbrs 0
niterations 100
nsurfaces 0
SURFACES 3
flags 0 (0)
use curv 0
no sulc 0
no rigid align 0
mris->nsize 2
mris->hemisphere 1
randomSeed 0

000: dt: 0.0000, sse=4017908.8, rms=11.028
001: dt: 0.5000, sse=2085442.2, rms=7.779 (29.462%)
002: dt: 0.5000, sse=1302985.6, rms=5.978 (23.150%)
003: dt: 0.5000, sse=943804.1, rms=4.932 (17.502%)
004: dt: 0.5000, sse=759567.2, rms=4.297 (12.877%)
005: dt: 0.5000, sse=666757.9, rms=3.925 (8.665%)
006: dt: 0.5000, sse=617745.4, rms=3.720 (5.223%)
007: dt: 0.5000, sse=592764.4, rms=3.610 (2.946%)
008: dt: 0.5000, sse=579630.1, rms=3.544 (1.842%)
rms = 3.5100/3.5435, sse=573918.8/579630.1, time step reduction 1 of 3 to 0.250  0 0 1
009: dt: 0.5000, sse=573918.8, rms=3.510 (0.946%)
010: dt: 0.2500, sse=306489.0, rms=1.943 (44.655%)
011: dt: 0.2500, sse=263992.0, rms=1.555 (19.949%)
012: dt: 0.2500, sse=253524.0, rms=1.437 (7.581%)
013: dt: 0.2500, sse=248041.9, rms=1.369 (4.777%)
rms = 1.3298/1.3685, sse=245991.5/248041.9, time step reduction 2 of 3 to 0.125  0 0 1
014: dt: 0.2500, sse=245991.5, rms=1.330 (2.833%)
015: dt: 0.1250, sse=240589.3, rms=1.258 (5.376%)
rms = 1.2447/1.2583, sse=240123.4/240589.3, time step reduction 3 of 3 to 0.062  0 0 1
016: dt: 0.1250, sse=240123.4, rms=1.245 (1.078%)
  maximum number of reductions reached, breaking from loop
positioning took 1.6 minutes
Iteration 1 =========================================
n_averages=2, current_sigma=1
Freezing midline and others
Ripping frozen voxels
INFO: rip surface needed but not specified, so using input surface
Freezing midline and others
Entering: MRISripMidline(): inhibiting deformation at non-cortical midline structures...
  which=1, fix_mtl=0, using annot = 0
#FML0# MRISripMidline(): nripped=7299
removing 3 vertices from ripped group in thread:0
removing 4 vertices from ripped group in thread:0
removing 4 vertices from ripped group in thread:0
removing 2 vertices from ripped group in thread:0
removing 2 vertices from ripped group in thread:0
removing 4 vertices from ripped group in thread:0
removing 3 vertices from ripped group in thread:0
#FML# MRISripMidline(): nmarked=7450, nmarked2=0, nripped=7450
Ripping segs (eg, WMSA, BG, frozen)
Starting MRISripSegs() d = (-2 2 0.5) segnos: 247 247 247 
MRISripSegs(): -2 2 0.5 ripped 0
Computing target border values 
Entering MRIScomputeBorderValues_new(): 
  inside_hi   = 120.0000000;
  border_hi   = 112.7988200;
  border_low  =  66.0000000;
  outside_low =  56.3748860;
  outside_hi  = 112.7988200;
  sigma = 1;
  max_thickness = 10;
  step_size=0.5;
  STEP_SIZE=0.1;
  which = 1
  thresh = 0
  flags = 0
  CBVfindFirstPeakD1=0
  CBVfindFirstPeakD2=0
  nvertices=164997
  Gdiag_no=-1
  vno start=0, stop=164997
Replacing 255s with 0s
#SI# sigma=1 had to be increased for 87 vertices, nripped=7450
mean border=82.5, 71 (5) missing vertices, mean dist -0.2 [0.3 (%76.4)->0.3 (%23.6))]
%83 local maxima, %12 large gradients and % 0 min vals, 0 gradients ignored
nFirstPeakD1 0
MRIScomputeBorderValues_new() finished in 0.0145 min


Finding expansion regions
mean absolute distance = 0.30 +- 0.47
4287 vertices more than 2 sigmas from mean.
Averaging target values for 5 iterations...
Positioning Surface: tspring = 0.3, nspring = 0.3, spring = 0, niters = 100 l_repulse = 5, l_surf_repulse = 0, checktol = 0
Positioning pial surface
Entering MRISpositionSurface()
  max_mm = 0.3
  MAX_REDUCTIONS = 2, REDUCTION_PCT = 0.5
  parms->check_tol = 0, niterations = 100
tol=1.0e-04, sigma=1.0, host=dna08, nav=2, nbrs=2, l_repulse=5.000, l_tspring=0.300, l_nspring=0.300, l_intensity=0.200, l_curv=1.000
mom=0.00, dt=0.50
000: dt: 0.0000, sse=1008289.9, rms=4.914
017: dt: 0.5000, sse=571477.4, rms=3.213 (34.614%)
rms = 3.3507/3.2128, sse=598761.2/571477.4, time step reduction 1 of 3 to 0.250  0 1 1
   RMS increased, rejecting step
018: dt: 0.2500, sse=422462.2, rms=2.365 (26.386%)
019: dt: 0.2500, sse=344442.9, rms=1.730 (26.838%)
020: dt: 0.2500, sse=308742.7, rms=1.426 (17.584%)
021: dt: 0.2500, sse=295545.2, rms=1.267 (11.140%)
022: dt: 0.2500, sse=288664.4, rms=1.166 (7.986%)
023: dt: 0.2500, sse=284894.0, rms=1.106 (5.172%)
rms = 1.0768/1.1057, sse=283567.9/284894.0, time step reduction 2 of 3 to 0.125  0 0 1
024: dt: 0.2500, sse=283567.9, rms=1.077 (2.616%)
rms = 1.0347/1.0768, sse=281315.5/283567.9, time step reduction 3 of 3 to 0.062  0 0 1
025: dt: 0.1250, sse=281315.5, rms=1.035 (3.904%)
  maximum number of reductions reached, breaking from loop
positioning took 0.9 minutes
Iteration 2 =========================================
n_averages=1, current_sigma=0.5
Freezing midline and others
Ripping frozen voxels
INFO: rip surface needed but not specified, so using input surface
Freezing midline and others
Entering: MRISripMidline(): inhibiting deformation at non-cortical midline structures...
  which=1, fix_mtl=0, using annot = 0
#FML0# MRISripMidline(): nripped=7450
removing 2 vertices from ripped group in thread:0
removing 3 vertices from ripped group in thread:0
removing 4 vertices from ripped group in thread:0
removing 4 vertices from ripped group in thread:0
removing 2 vertices from ripped group in thread:0
removing 2 vertices from ripped group in thread:0
removing 4 vertices from ripped group in thread:0
#FML# MRISripMidline(): nmarked=7489, nmarked2=0, nripped=7489
Ripping segs (eg, WMSA, BG, frozen)
Starting MRISripSegs() d = (-2 2 0.5) segnos: 247 247 247 247 
MRISripSegs(): -2 2 0.5 ripped 0
Computing target border values 
Entering MRIScomputeBorderValues_new(): 
  inside_hi   = 120.0000000;
  border_hi   = 112.7988200;
  border_low  =  66.0000000;
  outside_low =  56.3748860;
  outside_hi  = 112.7988200;
  sigma = 0.5;
  max_thickness = 10;
  step_size=0.5;
  STEP_SIZE=0.1;
  which = 1
  thresh = 0
  flags = 0
  CBVfindFirstPeakD1=0
  CBVfindFirstPeakD2=0
  nvertices=164997
  Gdiag_no=-1
  vno start=0, stop=164997
Replacing 255s with 0s
#SI# sigma=0.5 had to be increased for 80 vertices, nripped=7489
mean border=84.3, 80 (2) missing vertices, mean dist -0.1 [0.2 (%69.4)->0.2 (%30.6))]
%87 local maxima, % 8 large gradients and % 0 min vals, 0 gradients ignored
nFirstPeakD1 0
MRIScomputeBorderValues_new() finished in 0.0064 min


Finding expansion regions
mean absolute distance = 0.21 +- 0.36
3759 vertices more than 2 sigmas from mean.
Averaging target values for 5 iterations...
Positioning Surface: tspring = 0.3, nspring = 0.3, spring = 0, niters = 100 l_repulse = 5, l_surf_repulse = 0, checktol = 0
Positioning pial surface
Entering MRISpositionSurface()
  max_mm = 0.3
  MAX_REDUCTIONS = 2, REDUCTION_PCT = 0.5
  parms->check_tol = 0, niterations = 100
tol=1.0e-04, sigma=0.5, host=dna08, nav=1, nbrs=2, l_repulse=5.000, l_tspring=0.300, l_nspring=0.300, l_intensity=0.200, l_curv=1.000
mom=0.00, dt=0.50
000: dt: 0.0000, sse=477997.8, rms=2.725
026: dt: 0.5000, sse=468634.3, rms=2.652 (2.675%)
rms = 3.0870/2.6524, sse=544790.4/468634.3, time step reduction 1 of 3 to 0.250  0 1 1
   RMS increased, rejecting step
027: dt: 0.2500, sse=331938.4, rms=1.652 (37.728%)
028: dt: 0.2500, sse=287459.1, rms=1.164 (29.545%)
029: dt: 0.2500, sse=276091.9, rms=1.015 (12.754%)
rms = 0.9808/1.0153, sse=274738.5/276091.9, time step reduction 2 of 3 to 0.125  0 0 1
030: dt: 0.2500, sse=274738.5, rms=0.981 (3.393%)
031: dt: 0.1250, sse=271365.0, rms=0.925 (5.669%)
rms = 0.9220/0.9252, sse=271481.9/271365.0, time step reduction 3 of 3 to 0.062  0 1 1
032: dt: 0.1250, sse=271481.9, rms=0.922 (0.353%)
  maximum number of reductions reached, breaking from loop
positioning took 0.7 minutes
Iteration 3 =========================================
n_averages=0, current_sigma=0.25
Freezing midline and others
Ripping frozen voxels
INFO: rip surface needed but not specified, so using input surface
Freezing midline and others
Entering: MRISripMidline(): inhibiting deformation at non-cortical midline structures...
  which=1, fix_mtl=0, using annot = 0
#FML0# MRISripMidline(): nripped=7489
removing 2 vertices from ripped group in thread:0
removing 3 vertices from ripped group in thread:0
removing 4 vertices from ripped group in thread:0
removing 2 vertices from ripped group in thread:0
removing 3 vertices from ripped group in thread:0
removing 2 vertices from ripped group in thread:0
removing 3 vertices from ripped group in thread:0
removing 4 vertices from ripped group in thread:0
#FML# MRISripMidline(): nmarked=7492, nmarked2=0, nripped=7492
Ripping segs (eg, WMSA, BG, frozen)
Starting MRISripSegs() d = (-2 2 0.5) segnos: 247 247 247 247 247 
MRISripSegs(): -2 2 0.5 ripped 0
Computing target border values 
Entering MRIScomputeBorderValues_new(): 
  inside_hi   = 120.0000000;
  border_hi   = 112.7988200;
  border_low  =  66.0000000;
  outside_low =  56.3748860;
  outside_hi  = 112.7988200;
  sigma = 0.25;
  max_thickness = 10;
  step_size=0.5;
  STEP_SIZE=0.1;
  which = 1
  thresh = 0
  flags = 0
  CBVfindFirstPeakD1=0
  CBVfindFirstPeakD2=0
  nvertices=164997
  Gdiag_no=-1
  vno start=0, stop=164997
Replacing 255s with 0s
#SI# sigma=0.25 had to be increased for 70 vertices, nripped=7492
mean border=84.9, 102 (1) missing vertices, mean dist -0.0 [0.2 (%55.4)->0.2 (%44.6))]
%89 local maxima, % 7 large gradients and % 0 min vals, 0 gradients ignored
nFirstPeakD1 0
MRIScomputeBorderValues_new() finished in 0.0039 min


Finding expansion regions
mean absolute distance = 0.18 +- 0.30
3073 vertices more than 2 sigmas from mean.
Averaging target values for 5 iterations...
Positioning Surface: tspring = 0.3, nspring = 0.3, spring = 0, niters = 100 l_repulse = 5, l_surf_repulse = 0, checktol = 0
Positioning pial surface
Entering MRISpositionSurface()
  max_mm = 0.3
  MAX_REDUCTIONS = 2, REDUCTION_PCT = 0.5
  parms->check_tol = 0, niterations = 100
tol=1.0e-04, sigma=0.2, host=dna08, nav=0, nbrs=2, l_repulse=5.000, l_tspring=0.300, l_nspring=0.300, l_intensity=0.200, l_curv=1.000
mom=0.00, dt=0.50
000: dt: 0.0000, sse=296572.1, rms=1.308
rms = 1.5412/1.3075, sse=319414.5/296572.1, time step reduction 1 of 3 to 0.250  0 1 1
   RMS increased, rejecting step
033: dt: 0.2500, sse=267709.9, rms=0.889 (32.023%)
034: dt: 0.2500, sse=258459.5, rms=0.693 (22.057%)
rms = 0.6908/0.6928, sse=257548.0/258459.5, time step reduction 2 of 3 to 0.125  0 0 1
035: dt: 0.2500, sse=257548.0, rms=0.691 (0.283%)
rms = 0.6879/0.6908, sse=257845.6/257548.0, time step reduction 3 of 3 to 0.062  0 1 1
036: dt: 0.1250, sse=257845.6, rms=0.688 (0.428%)
  maximum number of reductions reached, breaking from loop
positioning took 0.4 minutes


Writing output to ../surf/rh.white.preaparc
#ET# mris_place_surface  3.85 minutes
#VMPC# mris_place_surfaces VmPeak  3446384
mris_place_surface done
#--------------------------------------------
#@# CortexLabel rh Wed Mar 11 15:45:15 CET 2026
cd /out/sourcedata/freesurfer/sub-v2s18x29509_ses-1/mri
mri_label2label --label-cortex ../surf/rh.white.preaparc aseg.presurf.mgz 0 ../label/rh.cortex.label

 Generating cortex label... RemoveHipAmgy=0
 NucAccIsMedialWall=0
 mris->useRealRAS=0
3 non-cortical segments detected
only using segment with 9274 vertices
erasing segment 1 (vno[0] = 95357)
erasing segment 2 (vno[0] = 102050)
#--------------------------------------------
#@# CortexLabel+HipAmyg rh Wed Mar 11 15:45:26 CET 2026
cd /out/sourcedata/freesurfer/sub-v2s18x29509_ses-1/mri
mri_label2label --label-cortex ../surf/rh.white.preaparc aseg.presurf.mgz 1 ../label/rh.cortex+hipamyg.label

 Generating cortex label... RemoveHipAmgy=1
 NucAccIsMedialWall=0
 mris->useRealRAS=0
6 non-cortical segments detected
only using segment with 6769 vertices
erasing segment 1 (vno[0] = 55348)
erasing segment 2 (vno[0] = 56552)
erasing segment 3 (vno[0] = 70600)
erasing segment 4 (vno[0] = 95357)
erasing segment 5 (vno[0] = 102050)
#--------------------------------------------
#@# Smooth2 rh Wed Mar 11 15:45:39 CET 2026
/out/sourcedata/freesurfer/sub-v2s18x29509_ses-1/scripts

 mris_smooth -n 3 -nw -seed 1234 ../surf/rh.white.preaparc ../surf/rh.smoothwm 

smoothing for 3 iterations
setting seed for random number generator to 1234
smoothing surface tessellation for 3 iterations...
smoothing complete - recomputing first and second fundamental forms...
#--------------------------------------------
#@# Inflation2 rh Wed Mar 11 15:45:42 CET 2026
/out/sourcedata/freesurfer/sub-v2s18x29509_ses-1/scripts

 mris_inflate ../surf/rh.smoothwm ../surf/rh.inflated 

Reading ../surf/rh.smoothwm
avg radius = 48.8 mm, total surface area = 102204 mm^2
step 000: RMS=0.167 (target=0.015)   step 005: RMS=0.113 (target=0.015)   step 010: RMS=0.085 (target=0.015)   step 015: RMS=0.071 (target=0.015)   step 020: RMS=0.059 (target=0.015)   step 025: RMS=0.049 (target=0.015)   step 030: RMS=0.041 (target=0.015)   step 035: RMS=0.034 (target=0.015)   step 040: RMS=0.030 (target=0.015)   step 045: RMS=0.025 (target=0.015)   step 050: RMS=0.023 (target=0.015)   step 055: RMS=0.022 (target=0.015)   step 060: RMS=0.021 (target=0.015)   writing inflated surface to ../surf/rh.inflated
writing sulcal depths to ../surf/rh.sulc

inflation complete.
inflation took 0.3 minutes
mris_inflate utimesec    83.503041
mris_inflate stimesec    0.795606
mris_inflate ru_maxrss   251008
mris_inflate ru_ixrss    0
mris_inflate ru_idrss    0
mris_inflate ru_isrss    0
mris_inflate ru_minflt   144324
mris_inflate ru_majflt   3
mris_inflate ru_nswap    0
mris_inflate ru_inblock  0
mris_inflate ru_oublock  12904
mris_inflate ru_msgsnd   0
mris_inflate ru_msgrcv   0
mris_inflate ru_nsignals 0
mris_inflate ru_nvcsw    11420
mris_inflate ru_nivcsw   378
#--------------------------------------------
#@# Curv .H and .K rh Wed Mar 11 15:45:58 CET 2026
/out/sourcedata/freesurfer/sub-v2s18x29509_ses-1/surf

 mris_curvature -w -seed 1234 rh.white.preaparc 

setting seed for random number generator to 1234
total integrated curvature = 22.143*4pi (278.254) --> -21 handles
ICI = 166.4, FI = 1726.3, variation=26899.953
writing Gaussian curvature to ./rh.white.preaparc.K...done.
writing mean curvature to ./rh.white.preaparc.H...done.
rm -f rh.white.H
ln -s rh.white.preaparc.H rh.white.H
rm -f rh.white.K
ln -s rh.white.preaparc.K rh.white.K

 mris_curvature -seed 1234 -thresh .999 -n -a 5 -w -distances 10 10 rh.inflated 

setting seed for random number generator to 1234
normalizing curvature values.
averaging curvature patterns 5 times.
sampling 10 neighbors out to a distance of 10 mm
228 vertices thresholded to be in k1 ~ [-0.30 0.45], k2 ~ [-0.13 0.07]
total integrated curvature = 0.578*4pi (7.267) --> 0 handles
ICI = 1.8, FI = 13.3, variation=219.549
157 vertices thresholded to be in [-0.02 0.01]
writing Gaussian curvature to ./rh.inflated.K...thresholding curvature at 99.90% level
curvature mean = 0.000, std = 0.001
154 vertices thresholded to be in [-0.13 0.22]
done.
writing mean curvature to ./rh.inflated.H...curvature mean = -0.014, std = 0.025
done.
#--------------------------------------------
#@# Sphere rh Wed Mar 11 15:46:46 CET 2026
/out/sourcedata/freesurfer/sub-v2s18x29509_ses-1/scripts

 mris_sphere -seed 1234 ../surf/rh.inflated ../surf/rh.sphere 

setting seed for random number genererator to 1234
version: 7.3.2
available threads: 16
reading original vertex positions...
projecting onto sphere...
surface projected - minimizing metric distortion...
scaling brain by 0.266...
MRISunfold() max_passes = 1 -------
tol=5.0e-01, sigma=0.0, host=dna08, nav=1024, nbrs=2, l_area=1.000, l_dist=1.000
using quadratic fit line minimization
complete_dist_mat 0
rms 0
smooth_averages 0
remove_neg 0
ico_order 0
which_surface 0
target_radius 0.000000
nfields 0
scale 1.000000
desired_rms_height -1.000000
momentum 0.900000
nbhd_size 7
max_nbrs 8
niterations 25
nsurfaces 0
SURFACES 3
flags 0 (0)
use curv 0
no sulc 0
no rigid align 0
mris->nsize 2
mris->hemisphere 1
randomSeed 1234

singular matrix in quadratic form
singular matrix in quadratic form
--------------------
  mrisRemoveNegativeArea()
pass 1: epoch 1 of 3 starting distance error %20.51
pass 1: epoch 2 of 3 starting distance error %20.45
unfolding complete - removing small folds...
starting distance error %20.38
removing remaining folds...
final distance error %20.41
MRISunfold() return, current seed 1234
-01: dt=0.0000,  46 negative triangles  VmPeak 1645296
193: dt=0.9900,  46 negative triangles
194: dt=0.9900,  37 negative triangles
195: dt=0.9900,  32 negative triangles
196: dt=0.9900,  38 negative triangles
197: dt=0.9900,  28 negative triangles
198: dt=0.9900,  33 negative triangles
199: dt=0.9900,  32 negative triangles
200: dt=0.9900,  28 negative triangles
201: dt=0.9900,  26 negative triangles
202: dt=0.9900,  28 negative triangles
203: dt=0.9900,  27 negative triangles
204: dt=0.9900,  26 negative triangles
205: dt=0.9900,  26 negative triangles
206: dt=0.9900,  22 negative triangles
207: dt=0.9900,  25 negative triangles
208: dt=0.9900,  24 negative triangles
209: dt=0.9900,  21 negative triangles
210: dt=0.9900,  19 negative triangles
211: dt=0.9900,  20 negative triangles
212: dt=0.9900,  17 negative triangles
213: dt=0.9900,  19 negative triangles
214: dt=0.9900,  14 negative triangles
215: dt=0.9900,  18 negative triangles
216: dt=0.9900,  16 negative triangles
217: dt=0.9900,  13 negative triangles
218: dt=0.9900,  10 negative triangles
219: dt=0.9900,  15 negative triangles
220: dt=0.9900,  11 negative triangles
221: dt=0.9900,  10 negative triangles
222: dt=0.9900,   9 negative triangles
223: dt=0.9900,   7 negative triangles
224: dt=0.9900,   4 negative triangles
225: dt=0.9900,   6 negative triangles
226: dt=0.9900,   7 negative triangles
227: dt=0.9900,   3 negative triangles
228: dt=0.9900,   1 negative triangles
229: dt=0.9900,   2 negative triangles
230: dt=0.9900,   2 negative triangles
231: dt=0.9900,   1 negative triangles
writing spherical brain to ../surf/rh.sphere
spherical transformation took 0.0713 hours
FSRUNTIME@ mris_sphere  0.0713 hours 16 threads
#VMPC# mris_sphere VmPeak  1645296
mris_sphere done
#--------------------------------------------
#@# Surf Reg rh Wed Mar 11 15:51:03 CET 2026
/out/sourcedata/freesurfer/sub-v2s18x29509_ses-1/scripts

 mris_register -curv ../surf/rh.sphere /opt/freesurfer/average/rh.folding.atlas.acfb40.noaparc.i12.2016-08-02.tif ../surf/rh.sphere.reg 

using smoothwm curvature for final alignment

cwd /out/sourcedata/freesurfer/sub-v2s18x29509_ses-1/scripts
cmdline mris_register -curv ../surf/rh.sphere /opt/freesurfer/average/rh.folding.atlas.acfb40.noaparc.i12.2016-08-02.tif ../surf/rh.sphere.reg 

0 inflated.H
1 sulc
2 smoothwm (computed)
7.3.2
  7.3.2
reading surface from ../surf/rh.sphere...
reading template parameterization from /opt/freesurfer/average/rh.folding.atlas.acfb40.noaparc.i12.2016-08-02.tif...
MRISregister() -------
max_passes = 4 
min_degrees = 0.500000 
max_degrees = 64.000000 
nangles = 8 
tol=5.0e-01, sigma=0.0, host=dna08, nav=1024, nbrs=1, l_extern=10000.000, l_parea=0.200, l_nlarea=1.000, l_corr=1.000, l_dist=5.000
using quadratic fit line minimization
complete_dist_mat 0
rms 0
smooth_averages 0
remove_neg 0
ico_order 0
which_surface 0
target_radius 0.000000
nfields 0
scale 0.000000
desired_rms_height -1.000000
momentum 0.950000
nbhd_size -10
max_nbrs 10
niterations 25
nsurfaces 0
SURFACES 3
flags 16 (10)
use curv 16
no sulc 0
no rigid align 0
mris->nsize 1
mris->hemisphere 1
randomSeed 0

tol=5.0e-01, sigma=0.0, host=dna08, nav=1024, nbrs=1, l_extern=10000.000, l_parea=0.200, l_nlarea=1.000, l_corr=1.000, l_dist=5.000
using quadratic fit line minimization
--------------------
1 Reading rh.sulc
tol=1.0e+00, sigma=0.5, host=dna08, nav=1024, nbrs=1, l_extern=10000.000, l_parea=0.200, l_nlarea=1.000, l_corr=0.050, l_spring=0.500, l_dist=5.000
using quadratic fit line minimization
curvature mean = -0.000, std = 5.785
curvature mean = 0.041, std = 0.815
curvature mean = 0.009, std = 0.850
Starting MRISrigidBodyAlignGlobal()
Starting new MRISrigidBodyAlignGlobal_findMinSSE()
  new MRISrigidBodyAlignGlobal_findMinSSE min @ (8.50, -3.50, 6.00) sse = 269737.2, elapsed since starting=0.0876 min
MRISrigidBodyAlignGlobal() done   0.09 min
curvature mean = 0.013, std = 0.822
curvature mean = 0.004, std = 0.943
curvature mean = 0.003, std = 0.825
curvature mean = 0.002, std = 0.977
curvature mean = -0.000, std = 0.824
curvature mean = 0.001, std = 0.991
2 Reading smoothwm
curvature mean = -0.017, std = 0.274
curvature mean = 0.036, std = 0.240
curvature mean = 0.054, std = 0.339
curvature mean = 0.032, std = 0.298
curvature mean = 0.033, std = 0.526
curvature mean = 0.032, std = 0.325
curvature mean = 0.019, std = 0.667
curvature mean = 0.031, std = 0.337
curvature mean = 0.005, std = 0.779
MRISregister() return, current seed 0
-01: dt=0.0000, 116 negative triangles  VmPeak 1638968
114: dt=0.9900, 116 negative triangles
115: dt=0.9900,  94 negative triangles
116: dt=0.9900, 103 negative triangles
117: dt=0.9900,  89 negative triangles
118: dt=0.9900,  87 negative triangles
119: dt=0.9900,  81 negative triangles
120: dt=0.9900,  82 negative triangles
121: dt=0.9900,  83 negative triangles
122: dt=0.9900,  83 negative triangles
123: dt=0.9900,  84 negative triangles
124: dt=0.9900,  90 negative triangles
125: dt=0.9900,  86 negative triangles
126: dt=0.9900,  89 negative triangles
127: dt=0.9900,  87 negative triangles
128: dt=0.9900,  91 negative triangles
129: dt=0.9405,  94 negative triangles
130: dt=0.9405,  91 negative triangles
131: dt=0.9405,  91 negative triangles
132: dt=0.9405,  89 negative triangles
133: dt=0.9405,  85 negative triangles
134: dt=0.9405,  84 negative triangles
135: dt=0.9405,  88 negative triangles
136: dt=0.9405,  87 negative triangles
137: dt=0.9405,  88 negative triangles
138: dt=0.9405,  87 negative triangles
139: dt=0.8935,  89 negative triangles
140: dt=0.8935,  89 negative triangles
141: dt=0.8935,  89 negative triangles
142: dt=0.8935,  83 negative triangles
143: dt=0.8935,  84 negative triangles
144: dt=0.8935,  81 negative triangles
145: dt=0.8935,  83 negative triangles
146: dt=0.8935,  79 negative triangles
147: dt=0.8935,  76 negative triangles
148: dt=0.8935,  80 negative triangles
149: dt=0.8935,  81 negative triangles
150: dt=0.8935,  78 negative triangles
151: dt=0.8935,  84 negative triangles
152: dt=0.8935,  79 negative triangles
153: dt=0.8935,  81 negative triangles
154: dt=0.8935,  74 negative triangles
155: dt=0.8935,  81 negative triangles
156: dt=0.8935,  77 negative triangles
157: dt=0.8935,  76 negative triangles
158: dt=0.8935,  80 negative triangles
159: dt=0.8935,  82 negative triangles
160: dt=0.8935,  77 negative triangles
161: dt=0.8935,  80 negative triangles
162: dt=0.8935,  80 negative triangles
163: dt=0.8935,  82 negative triangles
164: dt=0.8488,  77 negative triangles
165: dt=0.8488,  79 negative triangles
166: dt=0.8488,  76 negative triangles
167: dt=0.8488,  72 negative triangles
168: dt=0.8488,  68 negative triangles
169: dt=0.8488,  75 negative triangles
170: dt=0.8488,  72 negative triangles
171: dt=0.8488,  75 negative triangles
172: dt=0.8488,  73 negative triangles
173: dt=0.8488,  73 negative triangles
174: dt=0.8488,  75 negative triangles
175: dt=0.8488,  72 negative triangles
176: dt=0.8488,  68 negative triangles
177: dt=0.8488,  75 negative triangles
178: dt=0.8064,  69 negative triangles
179: dt=0.8064,  70 negative triangles
180: dt=0.8064,  65 negative triangles
181: dt=0.8064,  73 negative triangles
182: dt=0.8064,  68 negative triangles
183: dt=0.8064,  68 negative triangles
184: dt=0.8064,  68 negative triangles
185: dt=0.8064,  66 negative triangles
186: dt=0.8064,  68 negative triangles
187: dt=0.8064,  68 negative triangles
188: dt=0.8064,  66 negative triangles
189: dt=0.8064,  69 negative triangles
190: dt=0.7660,  66 negative triangles
191: dt=0.7660,  66 negative triangles
192: dt=0.7660,  64 negative triangles
193: dt=0.7660,  64 negative triangles
194: dt=0.7660,  59 negative triangles
195: dt=0.7660,  59 negative triangles
196: dt=0.7660,  60 negative triangles
197: dt=0.7660,  67 negative triangles
198: dt=0.7660,  62 negative triangles
199: dt=0.7660,  64 negative triangles
200: dt=0.7660,  61 negative triangles
201: dt=0.7660,  60 negative triangles
202: dt=0.7660,  60 negative triangles
203: dt=0.7660,  64 negative triangles
204: dt=0.7277,  59 negative triangles
205: dt=0.7277,  55 negative triangles
206: dt=0.7277,  58 negative triangles
207: dt=0.7277,  55 negative triangles
208: dt=0.7277,  57 negative triangles
209: dt=0.7277,  54 negative triangles
210: dt=0.7277,  61 negative triangles
211: dt=0.7277,  58 negative triangles
212: dt=0.7277,  60 negative triangles
213: dt=0.7277,  57 negative triangles
214: dt=0.7277,  50 negative triangles
215: dt=0.7277,  48 negative triangles
216: dt=0.7277,  51 negative triangles
217: dt=0.7277,  49 negative triangles
218: dt=0.7277,  53 negative triangles
219: dt=0.7277,  48 negative triangles
220: dt=0.7277,  46 negative triangles
221: dt=0.7277,  44 negative triangles
222: dt=0.7277,  46 negative triangles
223: dt=0.7277,  42 negative triangles
224: dt=0.7277,  43 negative triangles
225: dt=0.7277,  37 negative triangles
226: dt=0.7277,  38 negative triangles
227: dt=0.7277,  38 negative triangles
228: dt=0.7277,  38 negative triangles
229: dt=0.7277,  36 negative triangles
230: dt=0.7277,  40 negative triangles
231: dt=0.7277,  37 negative triangles
232: dt=0.7277,  37 negative triangles
233: dt=0.7277,  36 negative triangles
234: dt=0.7277,  40 negative triangles
235: dt=0.7277,  39 negative triangles
236: dt=0.7277,  38 negative triangles
237: dt=0.7277,  42 negative triangles
238: dt=0.7277,  39 negative triangles
239: dt=0.6914,  37 negative triangles
240: dt=0.6914,  40 negative triangles
241: dt=0.6914,  36 negative triangles
242: dt=0.6914,  40 negative triangles
243: dt=0.6914,  37 negative triangles
244: dt=0.6914,  39 negative triangles
245: dt=0.6914,  38 negative triangles
246: dt=0.6914,  39 negative triangles
247: dt=0.6914,  38 negative triangles
248: dt=0.6914,  41 negative triangles
249: dt=0.6568,  40 negative triangles
250: dt=0.6568,  40 negative triangles
251: dt=0.6568,  38 negative triangles
252: dt=0.6568,  39 negative triangles
253: dt=0.6568,  37 negative triangles
254: dt=0.6568,  35 negative triangles
255: dt=0.6568,  38 negative triangles
256: dt=0.6568,  35 negative triangles
257: dt=0.6568,  38 negative triangles
258: dt=0.6568,  38 negative triangles
259: dt=0.6568,  37 negative triangles
260: dt=0.6568,  34 negative triangles
261: dt=0.6568,  37 negative triangles
262: dt=0.6568,  35 negative triangles
263: dt=0.6568,  33 negative triangles
264: dt=0.6568,  35 negative triangles
265: dt=0.6568,  35 negative triangles
266: dt=0.6568,  35 negative triangles
267: dt=0.6568,  33 negative triangles
268: dt=0.6568,  38 negative triangles
269: dt=0.6568,  33 negative triangles
270: dt=0.6568,  35 negative triangles
271: dt=0.6568,  37 negative triangles
272: dt=0.6568,  31 negative triangles
273: dt=0.6568,  36 negative triangles
274: dt=0.6568,  32 negative triangles
275: dt=0.6568,  36 negative triangles
276: dt=0.6568,  31 negative triangles
277: dt=0.6568,  32 negative triangles
278: dt=0.6568,  35 negative triangles
279: dt=0.6568,  34 negative triangles
280: dt=0.6568,  30 negative triangles
281: dt=0.6568,  34 negative triangles
282: dt=0.6568,  32 negative triangles
283: dt=0.6568,  36 negative triangles
284: dt=0.6568,  31 negative triangles
285: dt=0.6568,  34 negative triangles
286: dt=0.6568,  37 negative triangles
287: dt=0.6568,  33 negative triangles
288: dt=0.6568,  36 negative triangles
289: dt=0.6568,  34 negative triangles
290: dt=0.6239,  35 negative triangles
291: dt=0.6239,  37 negative triangles
292: dt=0.6239,  31 negative triangles
293: dt=0.6239,  34 negative triangles
294: dt=0.6239,  35 negative triangles
295: dt=0.6239,  35 negative triangles
296: dt=0.6239,  31 negative triangles
297: dt=0.6239,  32 negative triangles
298: dt=0.6239,  33 negative triangles
299: dt=0.6239,  31 negative triangles
300: dt=0.5927,  32 negative triangles
301: dt=0.5927,  36 negative triangles
302: dt=0.5927,  31 negative triangles
303: dt=0.5927,  33 negative triangles
304: dt=0.5927,  30 negative triangles
305: dt=0.5927,  31 negative triangles
306: dt=0.5927,  29 negative triangles
307: dt=0.5927,  29 negative triangles
308: dt=0.5927,  28 negative triangles
309: dt=0.5927,  29 negative triangles
310: dt=0.5927,  28 negative triangles
311: dt=0.5927,  27 negative triangles
312: dt=0.5927,  27 negative triangles
313: dt=0.5927,  29 negative triangles
314: dt=0.5927,  26 negative triangles
315: dt=0.5927,  29 negative triangles
316: dt=0.5927,  31 negative triangles
317: dt=0.5927,  28 negative triangles
318: dt=0.5927,  28 negative triangles
319: dt=0.5927,  29 negative triangles
320: dt=0.5927,  28 negative triangles
321: dt=0.5927,  26 negative triangles
322: dt=0.5927,  29 negative triangles
323: dt=0.5927,  28 negative triangles
324: dt=0.5631,  27 negative triangles
325: dt=0.5631,  27 negative triangles
326: dt=0.5631,  28 negative triangles
327: dt=0.5631,  27 negative triangles
328: dt=0.5631,  26 negative triangles
329: dt=0.5631,  26 negative triangles
330: dt=0.5631,  28 negative triangles
331: dt=0.5631,  25 negative triangles
332: dt=0.5631,  28 negative triangles
333: dt=0.5631,  28 negative triangles
334: dt=0.5631,  26 negative triangles
335: dt=0.5631,  27 negative triangles
336: dt=0.5631,  31 negative triangles
337: dt=0.5631,  26 negative triangles
338: dt=0.5631,  28 negative triangles
339: dt=0.5631,  29 negative triangles
340: dt=0.5631,  24 negative triangles
341: dt=0.5631,  26 negative triangles
342: dt=0.5631,  24 negative triangles
343: dt=0.5631,  28 negative triangles
344: dt=0.5631,  24 negative triangles
345: dt=0.5631,  25 negative triangles
346: dt=0.5631,  26 negative triangles
347: dt=0.5631,  25 negative triangles
348: dt=0.5631,  25 negative triangles
349: dt=0.5631,  24 negative triangles
350: dt=0.5350,  25 negative triangles
351: dt=0.5350,  26 negative triangles
352: dt=0.5350,  23 negative triangles
353: dt=0.5350,  25 negative triangles
354: dt=0.5350,  26 negative triangles
355: dt=0.5350,  25 negative triangles
356: dt=0.5350,  23 negative triangles
357: dt=0.5350,  27 negative triangles
358: dt=0.5350,  24 negative triangles
359: dt=0.5350,  23 negative triangles
360: dt=0.5350,  21 negative triangles
361: dt=0.5350,  22 negative triangles
362: dt=0.5350,  25 negative triangles
363: dt=0.5350,  24 negative triangles
364: dt=0.5350,  23 negative triangles
365: dt=0.5350,  22 negative triangles
366: dt=0.5350,  24 negative triangles
367: dt=0.5350,  26 negative triangles
368: dt=0.5350,  24 negative triangles
369: dt=0.5350,  23 negative triangles
370: dt=0.5082,  22 negative triangles
371: dt=0.5082,  24 negative triangles
372: dt=0.5082,  26 negative triangles
373: dt=0.5082,  22 negative triangles
374: dt=0.5082,  21 negative triangles
375: dt=0.5082,  20 negative triangles
376: dt=0.5082,  23 negative triangles
377: dt=0.5082,  23 negative triangles
378: dt=0.5082,  21 negative triangles
379: dt=0.5082,  20 negative triangles
380: dt=0.5082,  20 negative triangles
381: dt=0.5082,  20 negative triangles
382: dt=0.5082,  18 negative triangles
383: dt=0.5082,  17 negative triangles
384: dt=0.5082,  18 negative triangles
385: dt=0.5082,  17 negative triangles
386: dt=0.5082,  15 negative triangles
387: dt=0.5082,  18 negative triangles
388: dt=0.5082,  18 negative triangles
389: dt=0.5082,  16 negative triangles
390: dt=0.5082,  16 negative triangles
391: dt=0.5082,  18 negative triangles
392: dt=0.5082,  16 negative triangles
393: dt=0.5082,  17 negative triangles
394: dt=0.5082,  18 negative triangles
395: dt=0.5082,  15 negative triangles
396: dt=0.4828,  16 negative triangles
397: dt=0.4828,  14 negative triangles
398: dt=0.4828,  17 negative triangles
399: dt=0.4828,  15 negative triangles
400: dt=0.4828,  14 negative triangles
401: dt=0.4828,  16 negative triangles
402: dt=0.4828,  17 negative triangles
403: dt=0.4828,  13 negative triangles
404: dt=0.4828,  18 negative triangles
405: dt=0.4828,  13 negative triangles
406: dt=0.4828,  15 negative triangles
407: dt=0.4828,  13 negative triangles
408: dt=0.4828,  14 negative triangles
409: dt=0.4828,  15 negative triangles
410: dt=0.4828,  12 negative triangles
411: dt=0.4828,  14 negative triangles
412: dt=0.4828,  13 negative triangles
413: dt=0.4828,  15 negative triangles
414: dt=0.4828,  14 negative triangles
415: dt=0.4828,  13 negative triangles
416: dt=0.4828,  10 negative triangles
417: dt=0.4828,   9 negative triangles
418: dt=0.4828,  10 negative triangles
419: dt=0.4828,  10 negative triangles
420: dt=0.4828,  10 negative triangles
421: dt=0.4828,   9 negative triangles
422: dt=0.4828,  11 negative triangles
423: dt=0.4828,   9 negative triangles
424: dt=0.4828,   9 negative triangles
425: dt=0.4828,   8 negative triangles
426: dt=0.4828,   5 negative triangles
427: dt=0.4828,   8 negative triangles
428: dt=0.4828,   7 negative triangles
429: dt=0.4828,   8 negative triangles
430: dt=0.4828,   8 negative triangles
431: dt=0.4828,   7 negative triangles
432: dt=0.4828,   7 negative triangles
433: dt=0.4828,   7 negative triangles
434: dt=0.4828,   7 negative triangles
435: dt=0.4828,   4 negative triangles
436: dt=0.4828,   5 negative triangles
437: dt=0.4828,   3 negative triangles
438: dt=0.4828,   3 negative triangles
439: dt=0.4828,   2 negative triangles
440: dt=0.4828,   1 negative triangles
441: dt=0.4828,   1 negative triangles
442: dt=0.4828,   3 negative triangles
443: dt=0.4828,   2 negative triangles
444: dt=0.4828,   1 negative triangles
445: dt=0.4828,   1 negative triangles
446: dt=0.4828,   1 negative triangles
447: dt=0.4828,   1 negative triangles
448: dt=0.4828,   1 negative triangles
writing registered surface to ../surf/rh.sphere.reg...
registration took 0.09 hours
#VMPC# mris_register VmPeak  1638968
FSRUNTIME@ mris_register  0.0860 hours 16 threads

 ln -sf rh.sphere.reg rh.fsaverage.sphere.reg 

#--------------------------------------------
#@# Jacobian white rh Wed Mar 11 15:56:13 CET 2026
/out/sourcedata/freesurfer/sub-v2s18x29509_ses-1/scripts

 mris_jacobian ../surf/rh.white.preaparc ../surf/rh.sphere.reg ../surf/rh.jacobian_white 

reading surface from ../surf/rh.white.preaparc...
writing curvature file ../surf/rh.jacobian_white
#--------------------------------------------
#@# AvgCurv rh Wed Mar 11 15:56:13 CET 2026
/out/sourcedata/freesurfer/sub-v2s18x29509_ses-1/scripts

 mrisp_paint -a 5 /opt/freesurfer/average/rh.folding.atlas.acfb40.noaparc.i12.2016-08-02.tif#6 ../surf/rh.sphere.reg ../surf/rh.avg_curv 

averaging curvature patterns 5 times...
reading surface from ../surf/rh.sphere.reg...
reading template parameterization from /opt/freesurfer/average/rh.folding.atlas.acfb40.noaparc.i12.2016-08-02.tif...
writing curvature file to ../surf/rh.avg_curv...
#-----------------------------------------
#@# Cortical Parc rh Wed Mar 11 15:56:14 CET 2026
/out/sourcedata/freesurfer/sub-v2s18x29509_ses-1/scripts

 mris_ca_label -l ../label/rh.cortex.label -aseg ../mri/aseg.presurf.mgz -seed 1234 sub-v2s18x29509_ses-1 rh ../surf/rh.sphere.reg /opt/freesurfer/average/rh.DKaparc.atlas.acfb40.noaparc.i12.2016-08-02.gcs ../label/rh.aparc.annot 

setting seed for random number generator to 1234
using ../mri/aseg.presurf.mgz aseg volume to correct midline
7.3.2
  7.3.2
reading atlas from /opt/freesurfer/average/rh.DKaparc.atlas.acfb40.noaparc.i12.2016-08-02.gcs...
reading color table from GCSA file....
average std = 0.7   using min determinant for regularization = 0.004
0 singular and 309 ill-conditioned covariance matrices regularized
input 0: MEAN CURVATURE, flags 0, avgs 5, name mean_curvature
labeling surface...
1249 labels changed using aseg
relabeling using gibbs priors...
000:   3199 changed, 164997 examined...
001:    715 changed, 13672 examined...
002:    161 changed, 4117 examined...
003:     57 changed, 1033 examined...
004:     36 changed, 377 examined...
005:     15 changed, 204 examined...
006:      3 changed, 94 examined...
007:      0 changed, 20 examined...
160 labels changed using aseg
000: 99 total segments, 62 labels (202 vertices) changed
001: 37 total segments, 0 labels (0 vertices) changed
10 filter iterations complete (10 requested, 2 changed)
rationalizing unknown annotations with cortex label
relabeling unknown label...
relabeling corpuscallosum label...
2030 vertices marked for relabeling...
2030 labels changed in reclassification.
writing output to ../label/rh.aparc.annot...
classification took 0 minutes and 8 seconds.
#--------------------------------------------
#@# WhiteSurfs rh Wed Mar 11 15:56:23 CET 2026
cd /out/sourcedata/freesurfer/sub-v2s18x29509_ses-1/mri
mris_place_surface --adgws-in ../surf/autodet.gw.stats.rh.dat --seg aseg.presurf.mgz --threads 16 --wm wm.mgz --invol brain.finalsurfs.mgz --rh --i ../surf/rh.white.preaparc --o ../surf/rh.white --white --nsmooth 0 --rip-label ../label/rh.cortex.label --rip-bg --rip-surf ../surf/rh.white.preaparc --aparc ../label/rh.aparc.annot
7.3.2
7.3.2

cd /out/sourcedata/freesurfer/sub-v2s18x29509_ses-1/mri
setenv SUBJECTS_DIR /out/sourcedata/freesurfer
mris_place_surface --adgws-in ../surf/autodet.gw.stats.rh.dat --seg aseg.presurf.mgz --threads 16 --wm wm.mgz --invol brain.finalsurfs.mgz --rh --i ../surf/rh.white.preaparc --o ../surf/rh.white --white --nsmooth 0 --rip-label ../label/rh.cortex.label --rip-bg --rip-surf ../surf/rh.white.preaparc --aparc ../label/rh.aparc.annot 

Reading in input surface ../surf/rh.white.preaparc
Not smoothing input surface
Area    329990  0.33843  0.11963 0.001849   2.1778
Corner  989970 60.00000 13.65195 0.387866 179.0465
Edge    494985  0.89431  0.19820 0.036798   3.0637
Hinge   494985  9.51606 10.61849 0.000008 179.9748
Reading in aparc ../label/rh.aparc.annot
Reading in input volume brain.finalsurfs.mgz
Reading in wm volume wm.mgz
MRIclipBrightWM(): nthresh=22479, wmmin=5, clip=110 
MRIfindBrightNonWM(): 16 bright non-wm voxels segmented.
Masking bright non-wm for white surface
MRImask(): AllowDiffGeom = 1
MRImask(): AllowDiffGeom = 1
Reading in seg volume aseg.presurf.mgz
Ripping frozen voxels
Ripping vertices not in label ../label/rh.cortex.label
MRISripNotLabel() ripped 9512/164997 vertices (155485 unripped)
Reading in ripping surface ../surf/rh.white.preaparc
Reading in aparc ../label/rh.aparc.annot for ripsurf
Ripping BG
MRISripBasalGanglia(): 1 -2 2 0.5 ripped 484
Ripping segs (eg, WMSA, BG, frozen)
Starting MRISripSegs() d = (-2 2 0.5) segnos: 247 
MRISripSegs(): -2 2 0.5 ripped 0
vertex 82499: xyz = (11.4308,-7.74169,44.418) oxyz = (11.4308,-7.74169,44.418) wxzy = (11.4308,-7.74169,44.418) pxyz = (0,0,0) 
CBVO Creating mask 164997
n_averages 4
Iteration 0 =========================================
n_averages=4, current_sigma=2
Computing target border values 
Entering MRIScomputeBorderValues_new(): 
  inside_hi   = 120.0000000;
  border_hi   = 112.7988200;
  border_low  =  66.0000000;
  outside_low =  56.3748860;
  outside_hi  = 112.7988200;
  sigma = 2;
  max_thickness = 10;
  step_size=0.5;
  STEP_SIZE=0.1;
  which = 1
  thresh = 0
  flags = 0
  CBVfindFirstPeakD1=0
  CBVfindFirstPeakD2=0
  nvertices=164997
  Gdiag_no=-1
  vno start=0, stop=164997
Replacing 255s with 0s
#SI# sigma=2 had to be increased for 160 vertices, nripped=9996
mean border=78.5, 87 (87) missing vertices, mean dist 0.3 [0.8 (%12.8)->0.5 (%87.2))]
%69 local maxima, %25 large gradients and % 0 min vals, 0 gradients ignored
nFirstPeakD1 0
MRIScomputeBorderValues_new() finished in 0.0140 min


Finding expansion regions
mean absolute distance = 0.53 +- 0.80
3781 vertices more than 2 sigmas from mean.
Averaging target values for 5 iterations...
Positioning Surface: tspring = 0.3, nspring = 0.3, spring = 0, niters = 100 l_repulse = 5, l_surf_repulse = 0, checktol = 0
Positioning pial surface
Entering MRISpositionSurface()
  max_mm = 0.3
  MAX_REDUCTIONS = 2, REDUCTION_PCT = 0.5
  parms->check_tol = 0, niterations = 100
tol=1.0e-04, sigma=2.0, host=dna08, nav=4, nbrs=2, l_repulse=5.000, l_tspring=0.300, l_nspring=0.300, l_intensity=0.200, l_curv=1.000
mom=0.00, dt=0.50
complete_dist_mat 0
rms 0
smooth_averages 0
remove_neg 0
ico_order 0
which_surface 0
target_radius 0.000000
nfields 0
scale 0.000000
desired_rms_height 0.000000
momentum 0.000000
nbhd_size 0
max_nbrs 0
niterations 100
nsurfaces 0
SURFACES 3
flags 0 (0)
use curv 0
no sulc 0
no rigid align 0
mris->nsize 2
mris->hemisphere 1
randomSeed 0

000: dt: 0.0000, sse=2227657.8, rms=8.016
001: dt: 0.5000, sse=905452.5, rms=4.648 (42.012%)
002: dt: 0.5000, sse=632095.6, rms=3.573 (23.134%)
003: dt: 0.5000, sse=588276.4, rms=3.379 (5.440%)
004: dt: 0.5000, sse=558621.8, rms=3.219 (4.714%)
rms = 3.2898/3.2194, sse=571906.8/558621.7, time step reduction 1 of 3 to 0.250  0 1 1
   RMS increased, rejecting step
005: dt: 0.2500, sse=374711.7, rms=2.100 (34.779%)
006: dt: 0.2500, sse=310761.4, rms=1.533 (26.981%)
007: dt: 0.2500, sse=294150.9, rms=1.337 (12.827%)
008: dt: 0.2500, sse=290333.6, rms=1.281 (4.180%)
rms = 1.2393/1.2806, sse=288000.2/290333.6, time step reduction 2 of 3 to 0.125  0 0 1
009: dt: 0.2500, sse=288000.2, rms=1.239 (3.226%)
rms = 1.1983/1.2393, sse=285236.1/288000.2, time step reduction 3 of 3 to 0.062  0 0 1
010: dt: 0.1250, sse=285236.1, rms=1.198 (3.310%)
  maximum number of reductions reached, breaking from loop
positioning took 1.1 minutes
Iteration 1 =========================================
n_averages=2, current_sigma=1
Computing target border values 
Entering MRIScomputeBorderValues_new(): 
  inside_hi   = 120.0000000;
  border_hi   = 112.7988200;
  border_low  =  66.0000000;
  outside_low =  56.3748860;
  outside_hi  = 112.7988200;
  sigma = 1;
  max_thickness = 10;
  step_size=0.5;
  STEP_SIZE=0.1;
  which = 1
  thresh = 0
  flags = 0
  CBVfindFirstPeakD1=0
  CBVfindFirstPeakD2=0
  nvertices=164997
  Gdiag_no=-1
  vno start=0, stop=164997
Replacing 255s with 0s
#SI# sigma=1 had to be increased for 134 vertices, nripped=9996
mean border=82.1, 101 (26) missing vertices, mean dist -0.2 [0.3 (%78.5)->0.2 (%21.5))]
%81 local maxima, %13 large gradients and % 0 min vals, 0 gradients ignored
nFirstPeakD1 0
MRIScomputeBorderValues_new() finished in 0.0104 min


Finding expansion regions
mean absolute distance = 0.31 +- 0.51
3723 vertices more than 2 sigmas from mean.
Averaging target values for 5 iterations...
Positioning Surface: tspring = 0.3, nspring = 0.3, spring = 0, niters = 100 l_repulse = 5, l_surf_repulse = 0, checktol = 0
Positioning pial surface
Entering MRISpositionSurface()
  max_mm = 0.3
  MAX_REDUCTIONS = 2, REDUCTION_PCT = 0.5
  parms->check_tol = 0, niterations = 100
tol=1.0e-04, sigma=1.0, host=dna08, nav=2, nbrs=2, l_repulse=5.000, l_tspring=0.300, l_nspring=0.300, l_intensity=0.200, l_curv=1.000
mom=0.00, dt=0.50
000: dt: 0.0000, sse=1022082.1, rms=4.973
011: dt: 0.5000, sse=570856.1, rms=3.151 (36.633%)
rms = 3.2445/3.1511, sse=579229.2/570856.1, time step reduction 1 of 3 to 0.250  0 1 1
   RMS increased, rejecting step
012: dt: 0.2500, sse=429360.1, rms=2.339 (25.777%)
013: dt: 0.2500, sse=343779.7, rms=1.681 (28.123%)
014: dt: 0.2500, sse=310523.8, rms=1.342 (20.170%)
015: dt: 0.2500, sse=297249.4, rms=1.165 (13.209%)
016: dt: 0.2500, sse=290390.9, rms=1.073 (7.915%)
rms = 1.0275/1.0726, sse=287185.3/290390.9, time step reduction 2 of 3 to 0.125  0 0 1
017: dt: 0.2500, sse=287185.2, rms=1.027 (4.200%)
rms = 0.9882/1.0275, sse=284886.4/287185.3, time step reduction 3 of 3 to 0.062  0 0 1
018: dt: 0.1250, sse=284886.4, rms=0.988 (3.826%)
  maximum number of reductions reached, breaking from loop
positioning took 0.9 minutes
Iteration 2 =========================================
n_averages=1, current_sigma=0.5
Computing target border values 
Entering MRIScomputeBorderValues_new(): 
  inside_hi   = 120.0000000;
  border_hi   = 112.7988200;
  border_low  =  66.0000000;
  outside_low =  56.3748860;
  outside_hi  = 112.7988200;
  sigma = 0.5;
  max_thickness = 10;
  step_size=0.5;
  STEP_SIZE=0.1;
  which = 1
  thresh = 0
  flags = 0
  CBVfindFirstPeakD1=0
  CBVfindFirstPeakD2=0
  nvertices=164997
  Gdiag_no=-1
  vno start=0, stop=164997
Replacing 255s with 0s
#SI# sigma=0.5 had to be increased for 111 vertices, nripped=9996
mean border=84.1, 141 (22) missing vertices, mean dist -0.1 [0.2 (%70.2)->0.2 (%29.8))]
%86 local maxima, % 8 large gradients and % 0 min vals, 0 gradients ignored
nFirstPeakD1 0
MRIScomputeBorderValues_new() finished in 0.0063 min


Finding expansion regions
mean absolute distance = 0.21 +- 0.37
2986 vertices more than 2 sigmas from mean.
Averaging target values for 5 iterations...
Positioning Surface: tspring = 0.3, nspring = 0.3, spring = 0, niters = 100 l_repulse = 5, l_surf_repulse = 0, checktol = 0
Positioning pial surface
Entering MRISpositionSurface()
  max_mm = 0.3
  MAX_REDUCTIONS = 2, REDUCTION_PCT = 0.5
  parms->check_tol = 0, niterations = 100
tol=1.0e-04, sigma=0.5, host=dna08, nav=1, nbrs=2, l_repulse=5.000, l_tspring=0.300, l_nspring=0.300, l_intensity=0.200, l_curv=1.000
mom=0.00, dt=0.50
000: dt: 0.0000, sse=483941.6, rms=2.766
019: dt: 0.5000, sse=469464.2, rms=2.645 (4.378%)
rms = 3.0400/2.6452, sse=533467.8/469464.2, time step reduction 1 of 3 to 0.250  0 1 1
   RMS increased, rejecting step
020: dt: 0.2500, sse=334147.7, rms=1.643 (37.883%)
021: dt: 0.2500, sse=289048.9, rms=1.136 (30.863%)
022: dt: 0.2500, sse=278639.3, rms=0.980 (13.704%)
rms = 0.9457/0.9803, sse=299853.2/278639.3, time step reduction 2 of 3 to 0.125  0 1 1
023: dt: 0.2500, sse=299853.2, rms=0.946 (3.536%)
024: dt: 0.1250, sse=274494.1, rms=0.893 (5.613%)
rms = 0.8911/0.8926, sse=273900.5/274494.0, time step reduction 3 of 3 to 0.062  0 0 1
025: dt: 0.1250, sse=273900.5, rms=0.891 (0.171%)
  maximum number of reductions reached, breaking from loop
positioning took 0.8 minutes
Iteration 3 =========================================
n_averages=0, current_sigma=0.25
Computing target border values 
Entering MRIScomputeBorderValues_new(): 
  inside_hi   = 120.0000000;
  border_hi   = 112.7988200;
  border_low  =  66.0000000;
  outside_low =  56.3748860;
  outside_hi  = 112.7988200;
  sigma = 0.25;
  max_thickness = 10;
  step_size=0.5;
  STEP_SIZE=0.1;
  which = 1
  thresh = 0
  flags = 0
  CBVfindFirstPeakD1=0
  CBVfindFirstPeakD2=0
  nvertices=164997
  Gdiag_no=-1
  vno start=0, stop=164997
Replacing 255s with 0s
#SI# sigma=0.25 had to be increased for 101 vertices, nripped=9996
mean border=84.7, 190 (20) missing vertices, mean dist -0.0 [0.2 (%55.7)->0.2 (%44.3))]
%87 local maxima, % 6 large gradients and % 0 min vals, 0 gradients ignored
nFirstPeakD1 0
MRIScomputeBorderValues_new() finished in 0.0037 min


Finding expansion regions
mean absolute distance = 0.18 +- 0.31
3110 vertices more than 2 sigmas from mean.
Averaging target values for 5 iterations...
Positioning Surface: tspring = 0.3, nspring = 0.3, spring = 0, niters = 100 l_repulse = 5, l_surf_repulse = 0, checktol = 0
Positioning pial surface
Entering MRISpositionSurface()
  max_mm = 0.3
  MAX_REDUCTIONS = 2, REDUCTION_PCT = 0.5
  parms->check_tol = 0, niterations = 100
tol=1.0e-04, sigma=0.2, host=dna08, nav=0, nbrs=2, l_repulse=5.000, l_tspring=0.300, l_nspring=0.300, l_intensity=0.200, l_curv=1.000
mom=0.00, dt=0.50
000: dt: 0.0000, sse=298496.4, rms=1.299
rms = 1.5377/1.2993, sse=326463.3/298496.4, time step reduction 1 of 3 to 0.250  0 1 1
   RMS increased, rejecting step
026: dt: 0.2500, sse=270210.2, rms=0.874 (32.717%)
027: dt: 0.2500, sse=262054.4, rms=0.681 (22.139%)
rms = 0.6867/0.6807, sse=262480.1/262054.4, time step reduction 2 of 3 to 0.125  0 1 1
   RMS increased, rejecting step
rms = 0.6774/0.6807, sse=262052.6/262054.4, time step reduction 3 of 3 to 0.062  0 0 1
028: dt: 0.1250, sse=262052.6, rms=0.677 (0.481%)
  maximum number of reductions reached, breaking from loop
positioning took 0.4 minutes


Writing output to ../surf/rh.white
#ET# mris_place_surface  3.23 minutes
#VMPC# mris_place_surfaces VmPeak  3318416
mris_place_surface done
#--------------------------------------------
#@# T1PialSurf rh Wed Mar 11 15:59:43 CET 2026
cd /out/sourcedata/freesurfer/sub-v2s18x29509_ses-1/mri
mris_place_surface --adgws-in ../surf/autodet.gw.stats.rh.dat --seg aseg.presurf.mgz --threads 16 --wm wm.mgz --invol brain.finalsurfs.mgz --rh --i ../surf/rh.white --o ../surf/rh.pial.T1 --pial --nsmooth 0 --rip-label ../label/rh.cortex+hipamyg.label --pin-medial-wall ../label/rh.cortex.label --aparc ../label/rh.aparc.annot --repulse-surf ../surf/rh.white --white-surf ../surf/rh.white
7.3.2
7.3.2

cd /out/sourcedata/freesurfer/sub-v2s18x29509_ses-1/mri
setenv SUBJECTS_DIR /out/sourcedata/freesurfer
mris_place_surface --adgws-in ../surf/autodet.gw.stats.rh.dat --seg aseg.presurf.mgz --threads 16 --wm wm.mgz --invol brain.finalsurfs.mgz --rh --i ../surf/rh.white --o ../surf/rh.pial.T1 --pial --nsmooth 0 --rip-label ../label/rh.cortex+hipamyg.label --pin-medial-wall ../label/rh.cortex.label --aparc ../label/rh.aparc.annot --repulse-surf ../surf/rh.white --white-surf ../surf/rh.white 

Reading in input surface ../surf/rh.white
Not smoothing input surface
Area    329990  0.34229  0.13510 0.000200   2.1778
Corner  989970 60.00000 15.30954 0.111443 179.3618
Edge    494985  0.90112  0.21975 0.008852   3.3019
Hinge   494985  9.68231 11.03836 0.000009 179.7292
Reading white surface coordinates from ../surf/rh.white
Reading repulsion surface coordinates from ../surf/rh.white
Reading in aparc ../label/rh.aparc.annot
Reading in input volume brain.finalsurfs.mgz
Reading in wm volume wm.mgz
MRIclipBrightWM(): nthresh=22479, wmmin=5, clip=110 
MRIfindBrightNonWM(): 16 bright non-wm voxels segmented.
Masking bright non-wm for pial surface mid_gray = 66.1629
MRImask(): AllowDiffGeom = 1
MRImask(): AllowDiffGeom = 1
MRImask(): AllowDiffGeom = 1
Reading in seg volume aseg.presurf.mgz
Ripping frozen voxels
Ripping vertices not in label ../label/rh.cortex+hipamyg.label
MRISripNotLabel() ripped 7446/164997 vertices (157551 unripped)
INFO: rip surface needed but not specified, so using input surface
Ripping segs (eg, WMSA, BG, frozen)
Starting MRISripSegs() d = (-2 2 0.5) segnos: 247 
MRISripSegs(): -2 2 0.5 ripped 0
vertex 82499: xyz = (11.4655,-7.8326,44.5827) oxyz = (11.4655,-7.8326,44.5827) wxzy = (11.4655,-7.8326,44.5827) pxyz = (11.4655,-7.8326,44.5827) 
CBVO Creating mask 164997
n_averages 16
Iteration 0 =========================================
n_averages=16, current_sigma=2
Computing target border values 
Entering MRIScomputeBorderValues_new(): 
  inside_hi   =  95.2011800;
  border_hi   =  56.3748860;
  border_low  =  37.1246530;
  outside_low =  10.0000000;
  outside_hi  =  51.5623280;
  sigma = 2;
  max_thickness = 10;
  step_size=0.5;
  STEP_SIZE=0.1;
  which = 2
  thresh = 0
  flags = 0
  CBVfindFirstPeakD1=0
  CBVfindFirstPeakD2=0
  nvertices=164997
  Gdiag_no=-1
  vno start=0, stop=164997
Replacing 255s with 0s
#SI# sigma=2 had to be increased for 184 vertices, nripped=7446
mean border=54.9, 121 (121) missing vertices, mean dist 1.6 [3.4 (%0.0)->2.8 (%100.0))]
%12 local maxima, %43 large gradients and %40 min vals, 0 gradients ignored
nFirstPeakD1 0
MRIScomputeBorderValues_new() finished in 0.0131 min


Averaging target values for 5 iterations...
Positioning Surface: tspring = 0.3, nspring = 0.3, spring = 0, niters = 100 l_repulse = 0, l_surf_repulse = 5, checktol = 0
Positioning pial surface
Entering MRISpositionSurface()
  max_mm = 0.3
  MAX_REDUCTIONS = 2, REDUCTION_PCT = 0.5
  parms->check_tol = 0, niterations = 100
tol=1.0e-04, sigma=2.0, host=dna08, nav=16, nbrs=2, l_surf_repulse=5.000, l_tspring=0.300, l_nspring=0.300, l_intensity=0.200, l_curv=1.000
mom=0.00, dt=0.50
complete_dist_mat 0
rms 0
smooth_averages 0
remove_neg 0
ico_order 0
which_surface 0
target_radius 0.000000
nfields 0
scale 0.000000
desired_rms_height 0.000000
momentum 0.000000
nbhd_size 0
max_nbrs 0
niterations 100
nsurfaces 0
SURFACES 3
flags 0 (0)
use curv 0
no sulc 0
no rigid align 0
mris->nsize 2
mris->hemisphere 1
randomSeed 0

000: dt: 0.0000, sse=29242430.0, rms=30.349
001: dt: 0.5000, sse=19250654.0, rms=24.571 (19.040%)
002: dt: 0.5000, sse=12511646.0, rms=19.739 (19.664%)
003: dt: 0.5000, sse=8475316.0, rms=16.166 (18.100%)
004: dt: 0.5000, sse=6183878.5, rms=13.728 (15.080%)
005: dt: 0.5000, sse=4797237.0, rms=12.013 (12.494%)
006: dt: 0.5000, sse=3830829.2, rms=10.653 (11.319%)
007: dt: 0.5000, sse=3071116.2, rms=9.446 (11.332%)
008: dt: 0.5000, sse=2445483.5, rms=8.320 (11.922%)
009: dt: 0.5000, sse=1936041.0, rms=7.274 (12.576%)
010: dt: 0.5000, sse=1536912.8, rms=6.333 (12.939%)
011: dt: 0.5000, sse=1240574.9, rms=5.530 (12.679%)
012: dt: 0.5000, sse=1033706.0, rms=4.890 (11.570%)
013: dt: 0.5000, sse=897079.3, rms=4.415 (9.709%)
014: dt: 0.5000, sse=804103.9, rms=4.059 (8.059%)
015: dt: 0.5000, sse=746758.9, rms=3.822 (5.855%)
016: dt: 0.5000, sse=703899.5, rms=3.633 (4.932%)
017: dt: 0.5000, sse=681985.9, rms=3.531 (2.818%)
018: dt: 0.5000, sse=663035.8, rms=3.440 (2.577%)
rms = 3.3928/3.4398, sse=653790.2/663035.7, time step reduction 1 of 3 to 0.250  0 0 1
019: dt: 0.5000, sse=653790.2, rms=3.393 (1.368%)
020: dt: 0.2500, sse=557387.0, rms=2.884 (14.997%)
021: dt: 0.2500, sse=535161.6, rms=2.756 (4.442%)
rms = 2.7221/2.7559, sse=529728.7/535161.6, time step reduction 2 of 3 to 0.125  0 0 1
022: dt: 0.2500, sse=529728.7, rms=2.722 (1.225%)
023: dt: 0.1250, sse=518811.7, rms=2.654 (2.506%)
rms = 2.6371/2.6539, sse=516175.9/518811.6, time step reduction 3 of 3 to 0.062  0 0 1
024: dt: 0.1250, sse=516175.8, rms=2.637 (0.634%)
  maximum number of reductions reached, breaking from loop
positioning took 2.2 minutes
Iteration 1 =========================================
n_averages=8, current_sigma=1
Computing target border values 
Entering MRIScomputeBorderValues_new(): 
  inside_hi   =  95.2011800;
  border_hi   =  56.3748860;
  border_low  =  37.1246530;
  outside_low =  10.0000000;
  outside_hi  =  51.5623280;
  sigma = 1;
  max_thickness = 10;
  step_size=0.5;
  STEP_SIZE=0.1;
  which = 2
  thresh = 0
  flags = 0
  CBVfindFirstPeakD1=0
  CBVfindFirstPeakD2=0
  nvertices=164997
  Gdiag_no=-1
  vno start=0, stop=164997
Replacing 255s with 0s
#SI# sigma=1 had to be increased for 14883 vertices, nripped=7446
mean border=53.5, 2119 (9) missing vertices, mean dist 0.2 [0.2 (%46.0)->0.6 (%54.0))]
%23 local maxima, %36 large gradients and %36 min vals, 0 gradients ignored
nFirstPeakD1 0
MRIScomputeBorderValues_new() finished in 0.0061 min


Averaging target values for 5 iterations...
Positioning Surface: tspring = 0.3, nspring = 0.3, spring = 0, niters = 100 l_repulse = 0, l_surf_repulse = 5, checktol = 0
Positioning pial surface
Entering MRISpositionSurface()
  max_mm = 0.3
  MAX_REDUCTIONS = 2, REDUCTION_PCT = 0.5
  parms->check_tol = 0, niterations = 100
tol=1.0e-04, sigma=1.0, host=dna08, nav=8, nbrs=2, l_surf_repulse=5.000, l_tspring=0.300, l_nspring=0.300, l_intensity=0.200, l_curv=1.000
mom=0.00, dt=0.50
000: dt: 0.0000, sse=796202.6, rms=3.691
025: dt: 0.5000, sse=709381.9, rms=3.291 (10.862%)
026: dt: 0.5000, sse=687966.7, rms=3.200 (2.737%)
rms = 3.2606/3.2005, sse=700862.7/687966.7, time step reduction 1 of 3 to 0.250  0 1 1
   RMS increased, rejecting step
027: dt: 0.2500, sse=610326.9, rms=2.775 (13.289%)
028: dt: 0.2500, sse=582084.0, rms=2.600 (6.309%)
rms = 2.5586/2.6001, sse=575670.7/582084.0, time step reduction 2 of 3 to 0.125  0 0 1
029: dt: 0.2500, sse=575670.8, rms=2.559 (1.597%)
030: dt: 0.1250, sse=562410.2, rms=2.471 (3.434%)
rms = 2.4471/2.4707, sse=558868.6/562410.3, time step reduction 3 of 3 to 0.062  0 0 1
031: dt: 0.1250, sse=558868.6, rms=2.447 (0.954%)
  maximum number of reductions reached, breaking from loop
positioning took 0.8 minutes
Iteration 2 =========================================
n_averages=4, current_sigma=0.5
Computing target border values 
Entering MRIScomputeBorderValues_new(): 
  inside_hi   =  95.2011800;
  border_hi   =  56.3748860;
  border_low  =  37.1246530;
  outside_low =  10.0000000;
  outside_hi  =  51.5623280;
  sigma = 0.5;
  max_thickness = 10;
  step_size=0.5;
  STEP_SIZE=0.1;
  which = 2
  thresh = 0
  flags = 0
  CBVfindFirstPeakD1=0
  CBVfindFirstPeakD2=0
  nvertices=164997
  Gdiag_no=-1
  vno start=0, stop=164997
Replacing 255s with 0s
#SI# sigma=0.5 had to be increased for 15899 vertices, nripped=7446
mean border=52.6, 2324 (1) missing vertices, mean dist 0.1 [0.2 (%39.9)->0.4 (%60.1))]
%35 local maxima, %23 large gradients and %36 min vals, 0 gradients ignored
nFirstPeakD1 0
MRIScomputeBorderValues_new() finished in 0.0038 min


Averaging target values for 5 iterations...
Positioning Surface: tspring = 0.3, nspring = 0.3, spring = 0, niters = 100 l_repulse = 0, l_surf_repulse = 5, checktol = 0
Positioning pial surface
Entering MRISpositionSurface()
  max_mm = 0.3
  MAX_REDUCTIONS = 2, REDUCTION_PCT = 0.5
  parms->check_tol = 0, niterations = 100
tol=1.0e-04, sigma=0.5, host=dna08, nav=4, nbrs=2, l_surf_repulse=5.000, l_tspring=0.300, l_nspring=0.300, l_intensity=0.200, l_curv=1.000
mom=0.00, dt=0.50
000: dt: 0.0000, sse=654732.4, rms=2.971
rms = 3.0200/2.9707, sse=664572.9/654732.4, time step reduction 1 of 3 to 0.250  0 1 1
   RMS increased, rejecting step
032: dt: 0.2500, sse=611972.5, rms=2.729 (8.142%)
033: dt: 0.2500, sse=582657.8, rms=2.550 (6.549%)
034: dt: 0.2500, sse=573796.8, rms=2.495 (2.170%)
rms = 2.4756/2.4947, sse=570688.1/573796.8, time step reduction 2 of 3 to 0.125  0 0 1
035: dt: 0.2500, sse=570688.1, rms=2.476 (0.769%)
036: dt: 0.1250, sse=561201.3, rms=2.411 (2.591%)
rms = 2.3918/2.4114, sse=558168.2/561201.3, time step reduction 3 of 3 to 0.062  0 0 1
037: dt: 0.1250, sse=558168.2, rms=2.392 (0.814%)
  maximum number of reductions reached, breaking from loop
positioning took 0.6 minutes
Iteration 3 =========================================
n_averages=2, current_sigma=0.25
Computing target border values 
Entering MRIScomputeBorderValues_new(): 
  inside_hi   =  95.2011800;
  border_hi   =  56.3748860;
  border_low  =  37.1246530;
  outside_low =  10.0000000;
  outside_hi  =  51.5623280;
  sigma = 0.25;
  max_thickness = 10;
  step_size=0.5;
  STEP_SIZE=0.1;
  which = 2
  thresh = 0
  flags = 0
  CBVfindFirstPeakD1=0
  CBVfindFirstPeakD2=0
  nvertices=164997
  Gdiag_no=-1
  vno start=0, stop=164997
Replacing 255s with 0s
#SI# sigma=0.25 had to be increased for 13461 vertices, nripped=7446
mean border=52.0, 5563 (1) missing vertices, mean dist 0.1 [0.2 (%42.1)->0.3 (%57.9))]
%40 local maxima, %18 large gradients and %35 min vals, 0 gradients ignored
nFirstPeakD1 0
MRIScomputeBorderValues_new() finished in 0.0025 min


Averaging target values for 5 iterations...
Positioning Surface: tspring = 0.3, nspring = 0.3, spring = 0, niters = 100 l_repulse = 0, l_surf_repulse = 5, checktol = 0
Positioning pial surface
Entering MRISpositionSurface()
  max_mm = 0.3
  MAX_REDUCTIONS = 2, REDUCTION_PCT = 0.5
  parms->check_tol = 0, niterations = 100
tol=1.0e-04, sigma=0.2, host=dna08, nav=2, nbrs=2, l_surf_repulse=5.000, l_tspring=0.300, l_nspring=0.300, l_intensity=0.200, l_curv=1.000
mom=0.00, dt=0.50
000: dt: 0.0000, sse=588168.5, rms=2.583
rms = 2.7334/2.5831, sse=612089.4/588168.5, time step reduction 1 of 3 to 0.250  0 1 1
   RMS increased, rejecting step
038: dt: 0.2500, sse=570560.9, rms=2.471 (4.356%)
039: dt: 0.2500, sse=559259.2, rms=2.399 (2.879%)
rms = 2.3820/2.3995, sse=556126.2/559259.2, time step reduction 2 of 3 to 0.125  0 0 1
040: dt: 0.2500, sse=556126.2, rms=2.382 (0.729%)
041: dt: 0.1250, sse=545838.2, rms=2.311 (2.992%)
rms = 2.2869/2.3107, sse=542187.4/545838.2, time step reduction 3 of 3 to 0.062  0 0 1
042: dt: 0.1250, sse=542187.4, rms=2.287 (1.030%)
  maximum number of reductions reached, breaking from loop
positioning took 0.4 minutes
Pinning medial wall to white surface
removing intersecting faces
000: 21 intersecting
terminating search with 0 intersecting


Writing output to ../surf/rh.pial.T1
#ET# mris_place_surface  4.17 minutes
#VMPC# mris_place_surfaces VmPeak  2560516
mris_place_surface done
#@# white curv rh Wed Mar 11 16:03:59 CET 2026
cd /out/sourcedata/freesurfer/sub-v2s18x29509_ses-1/mri
mris_place_surface --curv-map ../surf/rh.white 2 10 ../surf/rh.curv
insurf  ../surf/rh.white, nbrs 2, curvature_avgs 10
writing curvature file ../surf/rh.curv
#@# white area rh Wed Mar 11 16:04:01 CET 2026
cd /out/sourcedata/freesurfer/sub-v2s18x29509_ses-1/mri
mris_place_surface --area-map ../surf/rh.white ../surf/rh.area
writing curvature file ../surf/rh.area
#@# pial curv rh Wed Mar 11 16:04:02 CET 2026
cd /out/sourcedata/freesurfer/sub-v2s18x29509_ses-1/mri
mris_place_surface --curv-map ../surf/rh.pial 2 10 ../surf/rh.curv.pial
insurf  ../surf/rh.pial, nbrs 2, curvature_avgs 10
writing curvature file ../surf/rh.curv.pial
#@# pial area rh Wed Mar 11 16:04:03 CET 2026
cd /out/sourcedata/freesurfer/sub-v2s18x29509_ses-1/mri
mris_place_surface --area-map ../surf/rh.pial ../surf/rh.area.pial
writing curvature file ../surf/rh.area.pial
#@# thickness rh Wed Mar 11 16:04:04 CET 2026
cd /out/sourcedata/freesurfer/sub-v2s18x29509_ses-1/mri
mris_place_surface --thickness ../surf/rh.white ../surf/rh.pial 20 5 ../surf/rh.thickness
0 of 164997 vertices processed
25000 of 164997 vertices processed
50000 of 164997 vertices processed
75000 of 164997 vertices processed
100000 of 164997 vertices processed
125000 of 164997 vertices processed
150000 of 164997 vertices processed
0 of 164997 vertices processed
25000 of 164997 vertices processed
50000 of 164997 vertices processed
75000 of 164997 vertices processed
100000 of 164997 vertices processed
125000 of 164997 vertices processed
150000 of 164997 vertices processed
thickness calculation complete, 406:2018 truncations.
70661 vertices at 0 distance
134668 vertices at 1 distance
80349 vertices at 2 distance
28183 vertices at 3 distance
9746 vertices at 4 distance
3653 vertices at 5 distance
1461 vertices at 6 distance
536 vertices at 7 distance
235 vertices at 8 distance
110 vertices at 9 distance
83 vertices at 10 distance
63 vertices at 11 distance
34 vertices at 12 distance
39 vertices at 13 distance
28 vertices at 14 distance
28 vertices at 15 distance
26 vertices at 16 distance
29 vertices at 17 distance
19 vertices at 18 distance
13 vertices at 19 distance
30 vertices at 20 distance
writing curvature file ../surf/rh.thickness
#@# area and vertex vol rh Wed Mar 11 16:04:29 CET 2026
cd /out/sourcedata/freesurfer/sub-v2s18x29509_ses-1/mri
mris_place_surface --thickness ../surf/rh.white ../surf/rh.pial 20 5 ../surf/rh.thickness
/out/sourcedata/freesurfer/sub-v2s18x29509_ses-1/surf
mris_calc -o rh.area.mid rh.area add rh.area.pial
Saving result to 'rh.area.mid' (type = MRI_CURV_FILE)                       [ ok ]
mris_calc -o rh.area.mid rh.area.mid div 2
Saving result to 'rh.area.mid' (type = MRI_CURV_FILE)                       [ ok ]
mris_convert --volume sub-v2s18x29509_ses-1 rh /out/sourcedata/freesurfer/sub-v2s18x29509_ses-1/surf/rh.volume
masking with /out/sourcedata/freesurfer/sub-v2s18x29509_ses-1/label/rh.cortex.label
Total face volume 332675
Total vertex volume 332419 (mask=0)
#@# sub-v2s18x29509_ses-1 rh 332419
 
vertexvol Done

#-----------------------------------------
#@# Curvature Stats rh Wed Mar 11 16:04:30 CET 2026
/out/sourcedata/freesurfer/sub-v2s18x29509_ses-1/surf

 mris_curvature_stats -m --writeCurvatureFiles -G -o ../stats/rh.curv.stats -F smoothwm sub-v2s18x29509_ses-1 rh curv sulc 

             Toggling save flag on curvature files                       [ ok ]
                 Outputting results using filestem   [ ../stats/rh.curv.stats ]
             Toggling save flag on curvature files                       [ ok ]
                                   Setting surface [ sub-v2s18x29509_ses-1/rh.smoothwm ]
                                Reading surface...                       [ ok ]
                                   Setting texture                     [ curv ]
                                Reading texture...                       [ ok ]
                                   Setting texture                     [ sulc ]
                                Reading texture...Gb_filter = 0
                       [ ok ]
      Calculating Discrete Principal Curvatures...
      Determining geometric order for vno faces... [####################] [ ok ]
                      Determining KH curvatures... [####################] [ ok ]
                    Determining k1k2 curvatures... [####################] [ ok ]
                                   deltaViolations                      [ 269 ]
Gb_filter = 0

WARN:    S lookup   min:                          -0.471664
WARN:    S explicit min:                          0.000000	vertex = 745
#-----------------------------------------
#@# Cortical Parc 2 rh Wed Mar 11 16:04:32 CET 2026
/out/sourcedata/freesurfer/sub-v2s18x29509_ses-1/scripts

 mris_ca_label -l ../label/rh.cortex.label -aseg ../mri/aseg.presurf.mgz -seed 1234 sub-v2s18x29509_ses-1 rh ../surf/rh.sphere.reg /opt/freesurfer/average/rh.CDaparc.atlas.acfb40.noaparc.i12.2016-08-02.gcs ../label/rh.aparc.a2009s.annot 

setting seed for random number generator to 1234
using ../mri/aseg.presurf.mgz aseg volume to correct midline
7.3.2
  7.3.2
reading atlas from /opt/freesurfer/average/rh.CDaparc.atlas.acfb40.noaparc.i12.2016-08-02.gcs...
reading color table from GCSA file....
average std = 1.4   using min determinant for regularization = 0.021
0 singular and 0 ill-conditioned covariance matrices regularized
input 0: MEAN CURVATURE, flags 0, avgs 5, name mean_curvature
labeling surface...
0 labels changed using aseg
relabeling using gibbs priors...
000:  10745 changed, 164997 examined...
001:   2418 changed, 41675 examined...
002:    676 changed, 12847 examined...
003:    294 changed, 3881 examined...
004:    172 changed, 1764 examined...
005:     91 changed, 980 examined...
006:     49 changed, 531 examined...
007:     31 changed, 270 examined...
008:     28 changed, 184 examined...
009:     17 changed, 142 examined...
010:      5 changed, 87 examined...
011:      1 changed, 32 examined...
012:      0 changed, 7 examined...
0 labels changed using aseg
000: 263 total segments, 174 labels (2082 vertices) changed
001: 93 total segments, 5 labels (50 vertices) changed
002: 88 total segments, 0 labels (0 vertices) changed
10 filter iterations complete (10 requested, 34 changed)
rationalizing unknown annotations with cortex label
relabeling Medial_wall label...
1454 vertices marked for relabeling...
1454 labels changed in reclassification.
writing output to ../label/rh.aparc.a2009s.annot...
classification took 0 minutes and 12 seconds.
#-----------------------------------------
#@# Cortical Parc 3 rh Wed Mar 11 16:04:45 CET 2026
/out/sourcedata/freesurfer/sub-v2s18x29509_ses-1/scripts

 mris_ca_label -l ../label/rh.cortex.label -aseg ../mri/aseg.presurf.mgz -seed 1234 sub-v2s18x29509_ses-1 rh ../surf/rh.sphere.reg /opt/freesurfer/average/rh.DKTaparc.atlas.acfb40.noaparc.i12.2016-08-02.gcs ../label/rh.aparc.DKTatlas.annot 

setting seed for random number generator to 1234
using ../mri/aseg.presurf.mgz aseg volume to correct midline
7.3.2
  7.3.2
reading atlas from /opt/freesurfer/average/rh.DKTaparc.atlas.acfb40.noaparc.i12.2016-08-02.gcs...
reading color table from GCSA file....
average std = 0.9   using min determinant for regularization = 0.009
0 singular and 325 ill-conditioned covariance matrices regularized
input 0: MEAN CURVATURE, flags 0, avgs 5, name mean_curvature
labeling surface...
1618 labels changed using aseg
relabeling using gibbs priors...
000:   2335 changed, 164997 examined...
001:    541 changed, 10591 examined...
002:    161 changed, 3054 examined...
003:     69 changed, 937 examined...
004:     34 changed, 405 examined...
005:     17 changed, 207 examined...
006:     17 changed, 81 examined...
007:     10 changed, 69 examined...
008:      5 changed, 41 examined...
009:      4 changed, 32 examined...
010:      3 changed, 23 examined...
011:      2 changed, 17 examined...
012:      1 changed, 11 examined...
013:      2 changed, 7 examined...
014:      2 changed, 10 examined...
015:      5 changed, 10 examined...
016:      2 changed, 17 examined...
017:      4 changed, 13 examined...
018:      4 changed, 23 examined...
019:      2 changed, 20 examined...
020:      1 changed, 13 examined...
021:      0 changed, 8 examined...
207 labels changed using aseg
000: 64 total segments, 31 labels (331 vertices) changed
001: 36 total segments, 3 labels (3 vertices) changed
002: 33 total segments, 0 labels (0 vertices) changed
10 filter iterations complete (10 requested, 1 changed)
rationalizing unknown annotations with cortex label
relabeling unknown label...
relabeling corpuscallosum label...
1262 vertices marked for relabeling...
1262 labels changed in reclassification.
writing output to ../label/rh.aparc.DKTatlas.annot...
classification took 0 minutes and 10 seconds.
#-----------------------------------------
#@# WM/GM Contrast rh Wed Mar 11 16:04:55 CET 2026
/out/sourcedata/freesurfer/sub-v2s18x29509_ses-1/scripts

 pctsurfcon --s sub-v2s18x29509_ses-1 --rh-only 

Log file is /out/sourcedata/freesurfer/sub-v2s18x29509_ses-1/scripts/pctsurfcon.log
Wed Mar 11 16:04:55 CET 2026
setenv SUBJECTS_DIR /out/sourcedata/freesurfer
cd /out/sourcedata/freesurfer/sub-v2s18x29509_ses-1/scripts
/opt/freesurfer/bin/pctsurfcon
pctsurfcon 7.3.2
Linux dna087 5.14.0-427.37.1.el9_4.x86_64 #1 SMP PREEMPT_DYNAMIC Fri Sep 13 12:41:50 EDT 2024 x86_64 x86_64 x86_64 GNU/Linux
FREESURFER_HOME /opt/freesurfer
mri_vol2surf --mov /out/sourcedata/freesurfer/sub-v2s18x29509_ses-1/mri/rawavg.mgz --hemi rh --noreshape --interp trilinear --projdist -1 --o /out/sourcedata/freesurfer/sub-v2s18x29509_ses-1/surf/tmp.pctsurfcon.1668851/rh.wm.mgh --regheader sub-v2s18x29509_ses-1 --cortex
srcvol = /out/sourcedata/freesurfer/sub-v2s18x29509_ses-1/mri/rawavg.mgz
srcreg unspecified
srcregold = 0
srcwarp unspecified
surf = white
hemi = rh
ProjDist = -1
reshape = 0
interp = trilinear
float2int = round
GetProjMax = 0
INFO: float2int code = 0
Done loading volume
Computing registration from header.
  Using /out/sourcedata/freesurfer/sub-v2s18x29509_ses-1/mri/orig.mgz as target reference.
-------- original matrix -----------
-0.99807   0.00345   0.06208  -0.00002;
 0.06208  -0.00021   0.99807   0.00002;
-0.00345  -0.99999   0.00000  -0.00002;
 0.00000   0.00000   0.00000   1.00000;
-------- original matrix -----------
Loading label /out/sourcedata/freesurfer/sub-v2s18x29509_ses-1/label/rh.cortex.label
Reading surface /out/sourcedata/freesurfer/sub-v2s18x29509_ses-1/surf/rh.white
Done reading source surface
Mapping Source Volume onto Source Subject Surface
Projecting -1 -1 1
 1 -1 -1 -1
using old
Done mapping volume to surface
Number of source voxels hit = 135078
Masking with /out/sourcedata/freesurfer/sub-v2s18x29509_ses-1/label/rh.cortex.label
Writing to /out/sourcedata/freesurfer/sub-v2s18x29509_ses-1/surf/tmp.pctsurfcon.1668851/rh.wm.mgh
Dim: 164997 1 1
mri_vol2surf --mov /out/sourcedata/freesurfer/sub-v2s18x29509_ses-1/mri/rawavg.mgz --hemi rh --noreshape --interp trilinear --o /out/sourcedata/freesurfer/sub-v2s18x29509_ses-1/surf/tmp.pctsurfcon.1668851/rh.gm.mgh --projfrac 0.3 --regheader sub-v2s18x29509_ses-1 --cortex
srcvol = /out/sourcedata/freesurfer/sub-v2s18x29509_ses-1/mri/rawavg.mgz
srcreg unspecified
srcregold = 0
srcwarp unspecified
surf = white
hemi = rh
ProjFrac = 0.3
thickness = thickness
reshape = 0
interp = trilinear
float2int = round
GetProjMax = 0
INFO: float2int code = 0
Done loading volume
Computing registration from header.
  Using /out/sourcedata/freesurfer/sub-v2s18x29509_ses-1/mri/orig.mgz as target reference.
-------- original matrix -----------
-0.99807   0.00345   0.06208  -0.00002;
 0.06208  -0.00021   0.99807   0.00002;
-0.00345  -0.99999   0.00000  -0.00002;
 0.00000   0.00000   0.00000   1.00000;
-------- original matrix -----------
Loading label /out/sourcedata/freesurfer/sub-v2s18x29509_ses-1/label/rh.cortex.label
Reading surface /out/sourcedata/freesurfer/sub-v2s18x29509_ses-1/surf/rh.white
Done reading source surface
Reading thickness /out/sourcedata/freesurfer/sub-v2s18x29509_ses-1/surf/rh.thickness
Done
Mapping Source Volume onto Source Subject Surface
Projecting 0.3 0.3 1
 1 0.3 0.3 0.3
using old
Done mapping volume to surface
Number of source voxels hit = 151092
Masking with /out/sourcedata/freesurfer/sub-v2s18x29509_ses-1/label/rh.cortex.label
Writing to /out/sourcedata/freesurfer/sub-v2s18x29509_ses-1/surf/tmp.pctsurfcon.1668851/rh.gm.mgh
Dim: 164997 1 1
mri_concat /out/sourcedata/freesurfer/sub-v2s18x29509_ses-1/surf/tmp.pctsurfcon.1668851/rh.wm.mgh /out/sourcedata/freesurfer/sub-v2s18x29509_ses-1/surf/tmp.pctsurfcon.1668851/rh.gm.mgh --paired-diff-norm --mul 100 --o /out/sourcedata/freesurfer/sub-v2s18x29509_ses-1/surf/rh.w-g.pct.mgh
ninputs = 2
Checking inputs
nframestot = 2
Allocing output
Done allocing
Combining pairs
nframes = 1
Multiplying by 100.000000
Writing to /out/sourcedata/freesurfer/sub-v2s18x29509_ses-1/surf/rh.w-g.pct.mgh
mri_segstats --in /out/sourcedata/freesurfer/sub-v2s18x29509_ses-1/surf/rh.w-g.pct.mgh --annot sub-v2s18x29509_ses-1 rh aparc --sum /out/sourcedata/freesurfer/sub-v2s18x29509_ses-1/stats/rh.w-g.pct.stats --snr

7.3.2
cwd 
cmdline mri_segstats --in /out/sourcedata/freesurfer/sub-v2s18x29509_ses-1/surf/rh.w-g.pct.mgh --annot sub-v2s18x29509_ses-1 rh aparc --sum /out/sourcedata/freesurfer/sub-v2s18x29509_ses-1/stats/rh.w-g.pct.stats --snr 
sysname  Linux
hostname dna087
machine  x86_64
user     oesteban
whitesurfname  white
UseRobust  0
Constructing seg from annotation

Reading annotation /out/sourcedata/freesurfer/sub-v2s18x29509_ses-1/label/rh.aparc.annot
Seg base 2000
Loading /out/sourcedata/freesurfer/sub-v2s18x29509_ses-1/surf/rh.w-g.pct.mgh
Vertex Area is 0.684568 mm^3
Generating list of segmentation ids
Found  36 segmentations
Computing statistics for each segmentation

Reporting on  35 segmentations
Using PrintSegStat
mri_segstats done
Cleaning up

Started at Wed Mar 11 15:38:09 CET 2026 
Ended   at Wed Mar 11 16:04:59 CET 2026
#@#%# recon-all-run-time-hours 0.447
recon-all -s sub-v2s18x29509_ses-1 finished without error at Wed Mar 11 16:04:59 CET 2026



#New# invocation of recon-all 




Wed Mar 11 16:13:34 CET 2026
cd /out/sourcedata/freesurfer/sub-v2s18x29509_ses-1
setenv SUBJECTS_DIR /out/sourcedata/freesurfer
/opt/freesurfer/bin/recon-all -autorecon-hemi rh -nohyporelabel -rh-only -openmp 16 -subjid sub-v2s18x29509_ses-1 -sd /out/sourcedata/freesurfer -notessellate -nosmooth1 -noinflate1 -noqsphere -nofix -nowhite -nosmooth2 -noinflate2 -nocurvHK -nocurvstats -nosphere -nosurfreg -nojacobian_white -noavgcurv -nocortparc -nopial -nocortparc2 -nocortparc3 -nopctsurfcon

subjid sub-v2s18x29509_ses-1
setenv SUBJECTS_DIR /out/sourcedata/freesurfer
FREESURFER_HOME /opt/freesurfer
Actual FREESURFER_HOME /opt/freesurfer
build-stamp.txt: freesurfer-linux-ubuntu22_x86_64-7.3.2-20220804-6354275
Linux dna087 5.14.0-427.37.1.el9_4.x86_64 #1 SMP PREEMPT_DYNAMIC Fri Sep 13 12:41:50 EDT 2024 x86_64 x86_64 x86_64 GNU/Linux
cputime      unlimited
filesize     unlimited
datasize     unlimited
stacksize    8192 kbytes
coredumpsize 0 kbytes
memoryuse    67108864 kbytes
vmemoryuse   unlimited
descriptors  1024 
memorylocked unlimited
maxproc      2061970 
maxlocks     unlimited
maxsignal    2062029 
maxmessage   819200 
maxnice      0 
maxrtprio    0 
maxrttime    unlimited

               total        used        free      shared  buff/cache   available
Mem:           503Gi        54Gi       398Gi        21Gi        50Gi       424Gi
Swap:             0B          0B          0B

########################################
program versions used
7.3.2 (freesurfer-linux-ubuntu22_x86_64-7.3.2-20220804-6354275)
7.3.2

ProgramName: lta_convert  ProgramArguments: lta_convert -all-info  ProgramVersion: 7.3.2  TimeStamp: 2026/03/11-15:13:34-GMT  BuildTime: Aug  4 2022 06:17:15  BuildStamp: freesurfer-linux-ubuntu22_x86_64-7.3.2-20220804-6354275  User: oesteban  Machine: dna087  Platform: Linux  PlatformVersion: 5.14.0-427.37.1.el9_4.x86_64  CompilerName: GCC  CompilerVersion: 8.4.0
ProgramName: mri_and  ProgramArguments: mri_and -all-info  ProgramVersion: 7.3.2  TimeStamp: 2026/03/11-15:13:34-GMT  BuildTime: Aug  4 2022 06:17:15  BuildStamp: freesurfer-linux-ubuntu22_x86_64-7.3.2-20220804-6354275  User: oesteban  Machine: dna087  Platform: Linux  PlatformVersion: 5.14.0-427.37.1.el9_4.x86_64  CompilerName: GCC  CompilerVersion: 8.4.0
ProgramName: mri_annotation2label  ProgramArguments: mri_annotation2label -all-info  ProgramVersion: 7.3.2  TimeStamp: 2026/03/11-15:13:34-GMT  BuildTime: Aug  4 2022 06:17:15  BuildStamp: freesurfer-linux-ubuntu22_x86_64-7.3.2-20220804-6354275  User: oesteban  Machine: dna087  Platform: Linux  PlatformVersion: 5.14.0-427.37.1.el9_4.x86_64  CompilerName: GCC  CompilerVersion: 8.4.0
ProgramName: mri_aparc2aseg  ProgramArguments: mri_aparc2aseg -all-info  ProgramVersion: 7.3.2  TimeStamp: 2026/03/11-15:13:34-GMT  BuildTime: Aug  4 2022 06:17:15  BuildStamp: freesurfer-linux-ubuntu22_x86_64-7.3.2-20220804-6354275  User: oesteban  Machine: dna087  Platform: Linux  PlatformVersion: 5.14.0-427.37.1.el9_4.x86_64  CompilerName: GCC  CompilerVersion: 8.4.0
ProgramName: mri_surf2volseg  ProgramArguments: mri_surf2volseg -all-info  ProgramVersion: 7.3.2  TimeStamp: 2026/03/11-15:13:34-GMT  BuildTime: Aug  4 2022 06:17:15  BuildStamp: freesurfer-linux-ubuntu22_x86_64-7.3.2-20220804-6354275  User: oesteban  Machine: dna087  Platform: Linux  PlatformVersion: 5.14.0-427.37.1.el9_4.x86_64  CompilerName: GCC  CompilerVersion: 8.4.0
ProgramName: mri_binarize  ProgramArguments: mri_binarize -all-info  ProgramVersion: 7.3.2  TimeStamp: 2026/03/11-15:13:34-GMT  BuildTime: Aug  4 2022 06:17:15  BuildStamp: freesurfer-linux-ubuntu22_x86_64-7.3.2-20220804-6354275  User: oesteban  Machine: dna087  Platform: Linux  PlatformVersion: 5.14.0-427.37.1.el9_4.x86_64  CompilerName: GCC  CompilerVersion: 8.4.0
ProgramName: mri_ca_label  ProgramArguments: mri_ca_label -all-info  ProgramVersion: 7.3.2  TimeStamp: 2026/03/11-15:13:34-GMT  BuildTime: Aug  4 2022 06:17:15  BuildStamp: freesurfer-linux-ubuntu22_x86_64-7.3.2-20220804-6354275  User: oesteban  Machine: dna087  Platform: Linux  PlatformVersion: 5.14.0-427.37.1.el9_4.x86_64  CompilerName: GCC  CompilerVersion: 8.4.0
ProgramName: mri_ca_normalize  ProgramArguments: mri_ca_normalize -all-info  ProgramVersion: 7.3.2  TimeStamp: 2026/03/11-15:13:34-GMT  BuildTime: Aug  4 2022 06:17:15  BuildStamp: freesurfer-linux-ubuntu22_x86_64-7.3.2-20220804-6354275  User: oesteban  Machine: dna087  Platform: Linux  PlatformVersion: 5.14.0-427.37.1.el9_4.x86_64  CompilerName: GCC  CompilerVersion: 8.4.0
ProgramName: mri_ca_register  ProgramArguments: mri_ca_register -all-info  ProgramVersion: 7.3.2  TimeStamp: 2026/03/11-15:13:34-GMT  BuildTime: Aug  4 2022 06:17:15  BuildStamp: freesurfer-linux-ubuntu22_x86_64-7.3.2-20220804-6354275  User: oesteban  Machine: dna087  Platform: Linux  PlatformVersion: 5.14.0-427.37.1.el9_4.x86_64  CompilerName: GCC  CompilerVersion: 8.4.0
ProgramName: mri_cc  ProgramArguments: mri_cc -all-info  ProgramVersion: 7.3.2  TimeStamp: 2026/03/11-15:13:34-GMT  BuildTime: Aug  4 2022 06:17:15  BuildStamp: freesurfer-linux-ubuntu22_x86_64-7.3.2-20220804-6354275  User: oesteban  Machine: dna087  Platform: Linux  PlatformVersion: 5.14.0-427.37.1.el9_4.x86_64  CompilerName: GCC  CompilerVersion: 8.4.0
ProgramName: mri_compute_overlap  ProgramArguments: mri_compute_overlap -all-info  ProgramVersion: 7.3.2  TimeStamp: 2026/03/11-15:13:34-GMT  BuildTime: Aug  4 2022 06:17:15  BuildStamp: freesurfer-linux-ubuntu22_x86_64-7.3.2-20220804-6354275  User: oesteban  Machine: dna087  Platform: Linux  PlatformVersion: 5.14.0-427.37.1.el9_4.x86_64  CompilerName: GCC  CompilerVersion: 8.4.0
ProgramName: mri_compute_seg_overlap  ProgramArguments: mri_compute_seg_overlap -all-info  ProgramVersion: 7.3.2  TimeStamp: 2026/03/11-15:13:34-GMT  BuildTime: Aug  4 2022 06:17:15  BuildStamp: freesurfer-linux-ubuntu22_x86_64-7.3.2-20220804-6354275  User: oesteban  Machine: dna087  Platform: Linux  PlatformVersion: 5.14.0-427.37.1.el9_4.x86_64  CompilerName: GCC  CompilerVersion: 8.4.0
ProgramName: mri_concat  ProgramArguments: mri_concat -all-info  ProgramVersion: 7.3.2  TimeStamp: 2026/03/11-15:13:34-GMT  BuildTime: Aug  4 2022 06:17:15  BuildStamp: freesurfer-linux-ubuntu22_x86_64-7.3.2-20220804-6354275  User: oesteban  Machine: dna087  Platform: Linux  PlatformVersion: 5.14.0-427.37.1.el9_4.x86_64  CompilerName: GCC  CompilerVersion: 8.4.0
ProgramName: mri_concatenate_lta  ProgramArguments: mri_concatenate_lta -all-info  ProgramVersion: 7.3.2  TimeStamp: 2026/03/11-15:13:34-GMT  BuildTime: Aug  4 2022 06:17:15  BuildStamp: freesurfer-linux-ubuntu22_x86_64-7.3.2-20220804-6354275  User: oesteban  Machine: dna087  Platform: Linux  PlatformVersion: 5.14.0-427.37.1.el9_4.x86_64  CompilerName: GCC  CompilerVersion: 8.4.0
mri_convert -all-info 
ProgramName: mri_convert  ProgramArguments: mri_convert -all-info  ProgramVersion: 7.3.2  TimeStamp: 2026/03/11-15:13:34-GMT  BuildTime: Aug  4 2022 06:17:15  BuildStamp: freesurfer-linux-ubuntu22_x86_64-7.3.2-20220804-6354275  User: oesteban  Machine: dna087  Platform: Linux  PlatformVersion: 5.14.0-427.37.1.el9_4.x86_64  CompilerName: GCC  CompilerVersion: 8.4.0
ProgramName: mri_diff  ProgramArguments: mri_diff -all-info  ProgramVersion: 7.3.2  TimeStamp: 2026/03/11-15:13:34-GMT  BuildTime: Aug  4 2022 06:17:15  BuildStamp: freesurfer-linux-ubuntu22_x86_64-7.3.2-20220804-6354275  User: oesteban  Machine: dna087  Platform: Linux  PlatformVersion: 5.14.0-427.37.1.el9_4.x86_64  CompilerName: GCC  CompilerVersion: 8.4.0
ProgramName: mri_edit_wm_with_aseg  ProgramArguments: mri_edit_wm_with_aseg -all-info  ProgramVersion: 7.3.2  TimeStamp: 2026/03/11-15:13:34-GMT  BuildTime: Aug  4 2022 06:17:15  BuildStamp: freesurfer-linux-ubuntu22_x86_64-7.3.2-20220804-6354275  User: oesteban  Machine: dna087  Platform: Linux  PlatformVersion: 5.14.0-427.37.1.el9_4.x86_64  CompilerName: GCC  CompilerVersion: 8.4.0
ProgramName: mri_em_register  ProgramArguments: mri_em_register -all-info  ProgramVersion: 7.3.2  TimeStamp: 2026/03/11-15:13:34-GMT  BuildTime: Aug  4 2022 06:17:15  BuildStamp: freesurfer-linux-ubuntu22_x86_64-7.3.2-20220804-6354275  User: oesteban  Machine: dna087  Platform: Linux  PlatformVersion: 5.14.0-427.37.1.el9_4.x86_64  CompilerName: GCC  CompilerVersion: 8.4.0
ProgramName: mri_fill  ProgramArguments: mri_fill -all-info  ProgramVersion: 7.3.2  TimeStamp: 2026/03/11-15:13:34-GMT  BuildTime: Aug  4 2022 06:17:15  BuildStamp: freesurfer-linux-ubuntu22_x86_64-7.3.2-20220804-6354275  User: oesteban  Machine: dna087  Platform: Linux  PlatformVersion: 5.14.0-427.37.1.el9_4.x86_64  CompilerName: GCC  CompilerVersion: 8.4.0
ProgramName: mri_fuse_segmentations  ProgramArguments: mri_fuse_segmentations -all-info  ProgramVersion: 7.3.2  TimeStamp: 2026/03/11-15:13:34-GMT  BuildTime: Aug  4 2022 06:17:15  BuildStamp: freesurfer-linux-ubuntu22_x86_64-7.3.2-20220804-6354275  User: oesteban  Machine: dna087  Platform: Linux  PlatformVersion: 5.14.0-427.37.1.el9_4.x86_64  CompilerName: GCC  CompilerVersion: 8.4.0
ProgramName: mri_fwhm  ProgramArguments: mri_fwhm -all-info  ProgramVersion: 7.3.2  TimeStamp: 2026/03/11-15:13:34-GMT  BuildTime: Aug  4 2022 06:17:15  BuildStamp: freesurfer-linux-ubuntu22_x86_64-7.3.2-20220804-6354275  User: oesteban  Machine: dna087  Platform: Linux  PlatformVersion: 5.14.0-427.37.1.el9_4.x86_64  CompilerName: GCC  CompilerVersion: 8.4.0
ProgramName: mri_gcut  ProgramArguments: mri_gcut -all-info  ProgramVersion: 7.3.2  TimeStamp: 2026/03/11-15:13:34-GMT  BuildTime: Aug  4 2022 06:17:15  BuildStamp: freesurfer-linux-ubuntu22_x86_64-7.3.2-20220804-6354275  User: oesteban  Machine: dna087  Platform: Linux  PlatformVersion: 5.14.0-427.37.1.el9_4.x86_64  CompilerName: GCC  CompilerVersion: 8.4.0
ProgramName: mri_info  ProgramArguments: mri_info -all-info  ProgramVersion: 7.3.2  TimeStamp: 2026/03/11-15:13:34-GMT  BuildTime: Aug  4 2022 06:17:15  BuildStamp: freesurfer-linux-ubuntu22_x86_64-7.3.2-20220804-6354275  User: oesteban  Machine: dna087  Platform: Linux  PlatformVersion: 5.14.0-427.37.1.el9_4.x86_64  CompilerName: GCC  CompilerVersion: 8.4.0
ProgramName: mri_label2label  ProgramArguments: mri_label2label -all-info  ProgramVersion: 7.3.2  TimeStamp: 2026/03/11-15:13:34-GMT  BuildTime: Aug  4 2022 06:17:15  BuildStamp: freesurfer-linux-ubuntu22_x86_64-7.3.2-20220804-6354275  User: oesteban  Machine: dna087  Platform: Linux  PlatformVersion: 5.14.0-427.37.1.el9_4.x86_64  CompilerName: GCC  CompilerVersion: 8.4.0
ProgramName: mri_label2vol  ProgramArguments: mri_label2vol -all-info  ProgramVersion: 7.3.2  TimeStamp: 2026/03/11-15:13:34-GMT  BuildTime: Aug  4 2022 06:17:15  BuildStamp: freesurfer-linux-ubuntu22_x86_64-7.3.2-20220804-6354275  User: oesteban  Machine: dna087  Platform: Linux  PlatformVersion: 5.14.0-427.37.1.el9_4.x86_64  CompilerName: GCC  CompilerVersion: 8.4.0
ProgramName: mri_log_likelihood  ProgramArguments: mri_log_likelihood -all-info  ProgramVersion: 7.3.2  TimeStamp: 2026/03/11-15:13:34-GMT  BuildTime: Aug  4 2022 06:17:15  BuildStamp: freesurfer-linux-ubuntu22_x86_64-7.3.2-20220804-6354275  User: oesteban  Machine: dna087  Platform: Linux  PlatformVersion: 5.14.0-427.37.1.el9_4.x86_64  CompilerName: GCC  CompilerVersion: 8.4.0
ProgramName: mri_mask  ProgramArguments: mri_mask -all-info  ProgramVersion: 7.3.2  TimeStamp: 2026/03/11-15:13:34-GMT  BuildTime: Aug  4 2022 06:17:15  BuildStamp: freesurfer-linux-ubuntu22_x86_64-7.3.2-20220804-6354275  User: oesteban  Machine: dna087  Platform: Linux  PlatformVersion: 5.14.0-427.37.1.el9_4.x86_64  CompilerName: GCC  CompilerVersion: 8.4.0
ProgramName: mri_matrix_multiply  ProgramArguments: mri_matrix_multiply -all-info  ProgramVersion: 7.3.2  TimeStamp: 2026/03/11-15:13:34-GMT  BuildTime: Aug  4 2022 06:17:15  BuildStamp: freesurfer-linux-ubuntu22_x86_64-7.3.2-20220804-6354275  User: oesteban  Machine: dna087  Platform: Linux  PlatformVersion: 5.14.0-427.37.1.el9_4.x86_64  CompilerName: GCC  CompilerVersion: 8.4.0
ProgramName: mri_normalize  ProgramArguments: mri_normalize -all-info  ProgramVersion: 7.3.2  TimeStamp: 2026/03/11-15:13:34-GMT  BuildTime: Aug  4 2022 06:17:15  BuildStamp: freesurfer-linux-ubuntu22_x86_64-7.3.2-20220804-6354275  User: oesteban  Machine: dna087  Platform: Linux  PlatformVersion: 5.14.0-427.37.1.el9_4.x86_64  CompilerName: GCC  CompilerVersion: 8.4.0
ProgramName: mri_normalize_tp2  ProgramArguments: mri_normalize_tp2 -all-info  ProgramVersion: 7.3.2  TimeStamp: 2026/03/11-15:13:34-GMT  BuildTime: Aug  4 2022 06:17:15  BuildStamp: freesurfer-linux-ubuntu22_x86_64-7.3.2-20220804-6354275  User: oesteban  Machine: dna087  Platform: Linux  PlatformVersion: 5.14.0-427.37.1.el9_4.x86_64  CompilerName: GCC  CompilerVersion: 8.4.0
ProgramName: mri_or  ProgramArguments: mri_or -all-info  ProgramVersion: 7.3.2  TimeStamp: 2026/03/11-15:13:34-GMT  BuildTime: Aug  4 2022 06:17:15  BuildStamp: freesurfer-linux-ubuntu22_x86_64-7.3.2-20220804-6354275  User: oesteban  Machine: dna087  Platform: Linux  PlatformVersion: 5.14.0-427.37.1.el9_4.x86_64  CompilerName: GCC  CompilerVersion: 8.4.0
ProgramName: mri_relabel_hypointensities  ProgramArguments: mri_relabel_hypointensities -all-info  ProgramVersion: 7.3.2  TimeStamp: 2026/03/11-15:13:34-GMT  BuildTime: Aug  4 2022 06:17:15  BuildStamp: freesurfer-linux-ubuntu22_x86_64-7.3.2-20220804-6354275  User: oesteban  Machine: dna087  Platform: Linux  PlatformVersion: 5.14.0-427.37.1.el9_4.x86_64  CompilerName: GCC  CompilerVersion: 8.4.0
ProgramName: mri_relabel_nonwm_hypos  ProgramArguments: mri_relabel_nonwm_hypos -all-info  ProgramVersion: 7.3.2  TimeStamp: 2026/03/11-15:13:34-GMT  BuildTime: Aug  4 2022 06:17:15  BuildStamp: freesurfer-linux-ubuntu22_x86_64-7.3.2-20220804-6354275  User: oesteban  Machine: dna087  Platform: Linux  PlatformVersion: 5.14.0-427.37.1.el9_4.x86_64  CompilerName: GCC  CompilerVersion: 8.4.0
ProgramName: mri_remove_neck  ProgramArguments: mri_remove_neck -all-info  ProgramVersion: 7.3.2  TimeStamp: 2026/03/11-15:13:34-GMT  BuildTime: Aug  4 2022 06:17:15  BuildStamp: freesurfer-linux-ubuntu22_x86_64-7.3.2-20220804-6354275  User: oesteban  Machine: dna087  Platform: Linux  PlatformVersion: 5.14.0-427.37.1.el9_4.x86_64  CompilerName: GCC  CompilerVersion: 8.4.0
7.3.2

ProgramName: mri_robust_register  ProgramArguments: mri_robust_register -all-info  ProgramVersion: 7.3.2  TimeStamp: 2026/03/11-15:13:34-GMT  BuildTime: Aug  4 2022 06:17:15  BuildStamp: freesurfer-linux-ubuntu22_x86_64-7.3.2-20220804-6354275  User: oesteban  Machine: dna087  Platform: Linux  PlatformVersion: 5.14.0-427.37.1.el9_4.x86_64  CompilerName: GCC  CompilerVersion: 8.4.0
7.3.2

ProgramName: mri_robust_template  ProgramArguments: mri_robust_template -all-info  ProgramVersion: 7.3.2  TimeStamp: 2026/03/11-15:13:34-GMT  BuildTime: Aug  4 2022 06:17:15  BuildStamp: freesurfer-linux-ubuntu22_x86_64-7.3.2-20220804-6354275  User: oesteban  Machine: dna087  Platform: Linux  PlatformVersion: 5.14.0-427.37.1.el9_4.x86_64  CompilerName: GCC  CompilerVersion: 8.4.0
ProgramName: mris_anatomical_stats  ProgramArguments: mris_anatomical_stats -all-info  ProgramVersion: 7.3.2  TimeStamp: 2026/03/11-15:13:34-GMT  BuildTime: Aug  4 2022 06:17:15  BuildStamp: freesurfer-linux-ubuntu22_x86_64-7.3.2-20220804-6354275  User: oesteban  Machine: dna087  Platform: Linux  PlatformVersion: 5.14.0-427.37.1.el9_4.x86_64  CompilerName: GCC  CompilerVersion: 8.4.0
ProgramName: mris_ca_label  ProgramArguments: mris_ca_label -all-info  ProgramVersion: 7.3.2  TimeStamp: 2026/03/11-15:13:34-GMT  BuildTime: Aug  4 2022 06:17:15  BuildStamp: freesurfer-linux-ubuntu22_x86_64-7.3.2-20220804-6354275  User: oesteban  Machine: dna087  Platform: Linux  PlatformVersion: 5.14.0-427.37.1.el9_4.x86_64  CompilerName: GCC  CompilerVersion: 8.4.0
ProgramName: mris_calc  ProgramArguments: mris_calc -all-info  ProgramVersion: 7.3.2  TimeStamp: 2026/03/11-15:13:34-GMT  BuildTime: Aug  4 2022 06:17:15  BuildStamp: freesurfer-linux-ubuntu22_x86_64-7.3.2-20220804-6354275  User: oesteban  Machine: dna087  Platform: Linux  PlatformVersion: 5.14.0-427.37.1.el9_4.x86_64  CompilerName: GCC  CompilerVersion: 8.4.0
ProgramName: mris_convert  ProgramArguments: mris_convert -all-info  ProgramVersion: 7.3.2  TimeStamp: 2026/03/11-15:13:34-GMT  BuildTime: Aug  4 2022 06:17:15  BuildStamp: freesurfer-linux-ubuntu22_x86_64-7.3.2-20220804-6354275  User: oesteban  Machine: dna087  Platform: Linux  PlatformVersion: 5.14.0-427.37.1.el9_4.x86_64  CompilerName: GCC  CompilerVersion: 8.4.0
ProgramName: mris_curvature  ProgramArguments: mris_curvature -all-info  ProgramVersion: 7.3.2  TimeStamp: 2026/03/11-15:13:34-GMT  BuildTime: Aug  4 2022 06:17:15  BuildStamp: freesurfer-linux-ubuntu22_x86_64-7.3.2-20220804-6354275  User: oesteban  Machine: dna087  Platform: Linux  PlatformVersion: 5.14.0-427.37.1.el9_4.x86_64  CompilerName: GCC  CompilerVersion: 8.4.0
ProgramName: mris_curvature_stats  ProgramArguments: mris_curvature_stats -all-info  ProgramVersion: 7.3.2  TimeStamp: 2026/03/11-15:13:34-GMT  BuildTime: Aug  4 2022 06:17:15  BuildStamp: freesurfer-linux-ubuntu22_x86_64-7.3.2-20220804-6354275  User: oesteban  Machine: dna087  Platform: Linux  PlatformVersion: 5.14.0-427.37.1.el9_4.x86_64  CompilerName: GCC  CompilerVersion: 8.4.0
ProgramName: mris_diff  ProgramArguments: mris_diff -all-info  ProgramVersion: 7.3.2  TimeStamp: 2026/03/11-15:13:34-GMT  BuildTime: Aug  4 2022 06:17:15  BuildStamp: freesurfer-linux-ubuntu22_x86_64-7.3.2-20220804-6354275  User: oesteban  Machine: dna087  Platform: Linux  PlatformVersion: 5.14.0-427.37.1.el9_4.x86_64  CompilerName: GCC  CompilerVersion: 8.4.0
ProgramName: mris_divide_parcellation  ProgramArguments: mris_divide_parcellation -all-info  ProgramVersion: 7.3.2  TimeStamp: 2026/03/11-15:13:34-GMT  BuildTime: Aug  4 2022 06:17:15  BuildStamp: freesurfer-linux-ubuntu22_x86_64-7.3.2-20220804-6354275  User: oesteban  Machine: dna087  Platform: Linux  PlatformVersion: 5.14.0-427.37.1.el9_4.x86_64  CompilerName: GCC  CompilerVersion: 8.4.0
ProgramName: mri_segment  ProgramArguments: mri_segment -all-info  ProgramVersion: 7.3.2  TimeStamp: 2026/03/11-15:13:34-GMT  BuildTime: Aug  4 2022 06:17:15  BuildStamp: freesurfer-linux-ubuntu22_x86_64-7.3.2-20220804-6354275  User: oesteban  Machine: dna087  Platform: Linux  PlatformVersion: 5.14.0-427.37.1.el9_4.x86_64  CompilerName: GCC  CompilerVersion: 8.4.0
ProgramName: mri_segstats  ProgramArguments: mri_segstats -all-info  ProgramVersion: 7.3.2  TimeStamp: 2026/03/11-15:13:34-GMT  BuildTime: Aug  4 2022 06:17:15  BuildStamp: freesurfer-linux-ubuntu22_x86_64-7.3.2-20220804-6354275  User: oesteban  Machine: dna087  Platform: Linux  PlatformVersion: 5.14.0-427.37.1.el9_4.x86_64  CompilerName: GCC  CompilerVersion: 8.4.0
ProgramName: mris_euler_number  ProgramArguments: mris_euler_number -all-info  ProgramVersion: 7.3.2  TimeStamp: 2026/03/11-15:13:34-GMT  BuildTime: Aug  4 2022 06:17:15  BuildStamp: freesurfer-linux-ubuntu22_x86_64-7.3.2-20220804-6354275  User: oesteban  Machine: dna087  Platform: Linux  PlatformVersion: 5.14.0-427.37.1.el9_4.x86_64  CompilerName: GCC  CompilerVersion: 8.4.0
ProgramName: mris_fix_topology  ProgramArguments: mris_fix_topology -all-info  ProgramVersion: 7.3.2  TimeStamp: 2026/03/11-15:13:34-GMT  BuildTime: Aug  4 2022 06:17:15  BuildStamp: freesurfer-linux-ubuntu22_x86_64-7.3.2-20220804-6354275  User: oesteban  Machine: dna087  Platform: Linux  PlatformVersion: 5.14.0-427.37.1.el9_4.x86_64  CompilerName: GCC  CompilerVersion: 8.4.0
ProgramName: mris_topo_fixer  ProgramArguments: mris_topo_fixer -all-info  ProgramVersion: 7.3.2  TimeStamp: 2026/03/11-15:13:34-GMT  BuildTime: Aug  4 2022 06:17:15  BuildStamp: freesurfer-linux-ubuntu22_x86_64-7.3.2-20220804-6354275  User: oesteban  Machine: dna087  Platform: Linux  PlatformVersion: 5.14.0-427.37.1.el9_4.x86_64  CompilerName: GCC  CompilerVersion: 8.4.0
ProgramName: mris_jacobian  ProgramArguments: mris_jacobian -all-info  ProgramVersion: 7.3.2  TimeStamp: 2026/03/11-15:13:34-GMT  BuildTime: Aug  4 2022 06:17:15  BuildStamp: freesurfer-linux-ubuntu22_x86_64-7.3.2-20220804-6354275  User: oesteban  Machine: dna087  Platform: Linux  PlatformVersion: 5.14.0-427.37.1.el9_4.x86_64  CompilerName: GCC  CompilerVersion: 8.4.0
ProgramName: mris_label2annot  ProgramArguments: mris_label2annot -all-info  ProgramVersion: 7.3.2  TimeStamp: 2026/03/11-15:13:34-GMT  BuildTime: Aug  4 2022 06:17:15  BuildStamp: freesurfer-linux-ubuntu22_x86_64-7.3.2-20220804-6354275  User: oesteban  Machine: dna087  Platform: Linux  PlatformVersion: 5.14.0-427.37.1.el9_4.x86_64  CompilerName: GCC  CompilerVersion: 8.4.0
ProgramName: mris_left_right_register  ProgramArguments: mris_left_right_register -all-info  ProgramVersion: 7.3.2  TimeStamp: 2026/03/11-15:13:34-GMT  BuildTime: Aug  4 2022 06:17:15  BuildStamp: freesurfer-linux-ubuntu22_x86_64-7.3.2-20220804-6354275  User: oesteban  Machine: dna087  Platform: Linux  PlatformVersion: 5.14.0-427.37.1.el9_4.x86_64  CompilerName: GCC  CompilerVersion: 8.4.0
ProgramName: mris_place_surface  ProgramArguments: mris_place_surface -all-info  ProgramVersion: 7.3.2  TimeStamp: 2026/03/11-15:13:34-GMT  BuildTime: Aug  4 2022 06:17:15  BuildStamp: freesurfer-linux-ubuntu22_x86_64-7.3.2-20220804-6354275  User: oesteban  Machine: dna087  Platform: Linux  PlatformVersion: 5.14.0-427.37.1.el9_4.x86_64  CompilerName: GCC  CompilerVersion: 8.4.0
ProgramName: mrisp_paint  ProgramArguments: mrisp_paint -all-info  ProgramVersion: 7.3.2  TimeStamp: 2026/03/11-15:13:34-GMT  BuildTime: Aug  4 2022 06:17:15  BuildStamp: freesurfer-linux-ubuntu22_x86_64-7.3.2-20220804-6354275  User: oesteban  Machine: dna087  Platform: Linux  PlatformVersion: 5.14.0-427.37.1.el9_4.x86_64  CompilerName: GCC  CompilerVersion: 8.4.0
ProgramName: mris_register  ProgramArguments: mris_register -all-info  ProgramVersion: 7.3.2  TimeStamp: 2026/03/11-15:13:34-GMT  BuildTime: Aug  4 2022 06:17:15  BuildStamp: freesurfer-linux-ubuntu22_x86_64-7.3.2-20220804-6354275  User: oesteban  Machine: dna087  Platform: Linux  PlatformVersion: 5.14.0-427.37.1.el9_4.x86_64  CompilerName: GCC  CompilerVersion: 8.4.0
ProgramName: mris_smooth  ProgramArguments: mris_smooth -all-info  ProgramVersion: 7.3.2  TimeStamp: 2026/03/11-15:13:34-GMT  BuildTime: Aug  4 2022 06:17:15  BuildStamp: freesurfer-linux-ubuntu22_x86_64-7.3.2-20220804-6354275  User: oesteban  Machine: dna087  Platform: Linux  PlatformVersion: 5.14.0-427.37.1.el9_4.x86_64  CompilerName: GCC  CompilerVersion: 8.4.0
ProgramName: mris_sphere  ProgramArguments: mris_sphere -all-info  ProgramVersion: 7.3.2  TimeStamp: 2026/03/11-15:13:34-GMT  BuildTime: Aug  4 2022 06:17:15  BuildStamp: freesurfer-linux-ubuntu22_x86_64-7.3.2-20220804-6354275  User: oesteban  Machine: dna087  Platform: Linux  PlatformVersion: 5.14.0-427.37.1.el9_4.x86_64  CompilerName: GCC  CompilerVersion: 8.4.0
ProgramName: mris_surface_stats  ProgramArguments: mris_surface_stats -all-info  ProgramVersion: 7.3.2  TimeStamp: 2026/03/11-15:13:34-GMT  BuildTime: Aug  4 2022 06:17:15  BuildStamp: freesurfer-linux-ubuntu22_x86_64-7.3.2-20220804-6354275  User: oesteban  Machine: dna087  Platform: Linux  PlatformVersion: 5.14.0-427.37.1.el9_4.x86_64  CompilerName: GCC  CompilerVersion: 8.4.0
ProgramName: mri_stats2seg  ProgramArguments: mri_stats2seg -all-info  ProgramVersion: 7.3.2  TimeStamp: 2026/03/11-15:13:34-GMT  BuildTime: Aug  4 2022 06:17:15  BuildStamp: freesurfer-linux-ubuntu22_x86_64-7.3.2-20220804-6354275  User: oesteban  Machine: dna087  Platform: Linux  PlatformVersion: 5.14.0-427.37.1.el9_4.x86_64  CompilerName: GCC  CompilerVersion: 8.4.0
ProgramName: mris_thickness  ProgramArguments: mris_thickness -all-info  ProgramVersion: 7.3.2  TimeStamp: 2026/03/11-15:13:34-GMT  BuildTime: Aug  4 2022 06:17:15  BuildStamp: freesurfer-linux-ubuntu22_x86_64-7.3.2-20220804-6354275  User: oesteban  Machine: dna087  Platform: Linux  PlatformVersion: 5.14.0-427.37.1.el9_4.x86_64  CompilerName: GCC  CompilerVersion: 8.4.0
ProgramName: mris_thickness_diff  ProgramArguments: mris_thickness_diff -all-info  ProgramVersion: 7.3.2  TimeStamp: 2026/03/11-15:13:34-GMT  BuildTime: Aug  4 2022 06:17:15  BuildStamp: freesurfer-linux-ubuntu22_x86_64-7.3.2-20220804-6354275  User: oesteban  Machine: dna087  Platform: Linux  PlatformVersion: 5.14.0-427.37.1.el9_4.x86_64  CompilerName: GCC  CompilerVersion: 8.4.0
ProgramName: mris_topo_fixer  ProgramArguments: mris_topo_fixer -all-info  ProgramVersion: 7.3.2  TimeStamp: 2026/03/11-15:13:34-GMT  BuildTime: Aug  4 2022 06:17:15  BuildStamp: freesurfer-linux-ubuntu22_x86_64-7.3.2-20220804-6354275  User: oesteban  Machine: dna087  Platform: Linux  PlatformVersion: 5.14.0-427.37.1.el9_4.x86_64  CompilerName: GCC  CompilerVersion: 8.4.0
ProgramName: mri_surf2surf  ProgramArguments: mri_surf2surf -all-info  ProgramVersion: 7.3.2  TimeStamp: 2026/03/11-15:13:34-GMT  BuildTime: Aug  4 2022 06:17:15  BuildStamp: freesurfer-linux-ubuntu22_x86_64-7.3.2-20220804-6354275  User: oesteban  Machine: dna087  Platform: Linux  PlatformVersion: 5.14.0-427.37.1.el9_4.x86_64  CompilerName: GCC  CompilerVersion: 8.4.0
ProgramName: mri_surf2vol  ProgramArguments: mri_surf2vol -all-info  ProgramVersion: 7.3.2  TimeStamp: 2026/03/11-15:13:34-GMT  BuildTime: Aug  4 2022 06:17:15  BuildStamp: freesurfer-linux-ubuntu22_x86_64-7.3.2-20220804-6354275  User: oesteban  Machine: dna087  Platform: Linux  PlatformVersion: 5.14.0-427.37.1.el9_4.x86_64  CompilerName: GCC  CompilerVersion: 8.4.0
ProgramName: mri_surfcluster  ProgramArguments: mri_surfcluster -all-info  ProgramVersion: 7.3.2  TimeStamp: 2026/03/11-15:13:34-GMT  BuildTime: Aug  4 2022 06:17:15  BuildStamp: freesurfer-linux-ubuntu22_x86_64-7.3.2-20220804-6354275  User: oesteban  Machine: dna087  Platform: Linux  PlatformVersion: 5.14.0-427.37.1.el9_4.x86_64  CompilerName: GCC  CompilerVersion: 8.4.0
ProgramName: mris_volmask  ProgramArguments: mris_volmask -all-info  ProgramVersion: 7.3.2  TimeStamp: 2026/03/11-15:13:34-GMT  BuildTime: Aug  4 2022 06:17:15  BuildStamp: freesurfer-linux-ubuntu22_x86_64-7.3.2-20220804-6354275  User: oesteban  Machine: dna087  Platform: Linux  PlatformVersion: 5.14.0-427.37.1.el9_4.x86_64  CompilerName: GCC  CompilerVersion: 8.4.0
ProgramName: mri_tessellate  ProgramArguments: mri_tessellate -all-info  ProgramVersion: 7.3.2  TimeStamp: 2026/03/11-15:13:34-GMT  BuildTime: Aug  4 2022 06:17:15  BuildStamp: freesurfer-linux-ubuntu22_x86_64-7.3.2-20220804-6354275  User: oesteban  Machine: dna087  Platform: Linux  PlatformVersion: 5.14.0-427.37.1.el9_4.x86_64  CompilerName: GCC  CompilerVersion: 8.4.0
ProgramName: mri_vol2surf  ProgramArguments: mri_vol2surf -all-info  ProgramVersion: 7.3.2  TimeStamp: 2026/03/11-15:13:34-GMT  BuildTime: Aug  4 2022 06:17:15  BuildStamp: freesurfer-linux-ubuntu22_x86_64-7.3.2-20220804-6354275  User: oesteban  Machine: dna087  Platform: Linux  PlatformVersion: 5.14.0-427.37.1.el9_4.x86_64  CompilerName: GCC  CompilerVersion: 8.4.0
ProgramName: mri_vol2vol  ProgramArguments: mri_vol2vol -all-info  ProgramVersion: 7.3.2  TimeStamp: 2026/03/11-15:13:34-GMT  BuildTime: Aug  4 2022 06:17:15  BuildStamp: freesurfer-linux-ubuntu22_x86_64-7.3.2-20220804-6354275  User: oesteban  Machine: dna087  Platform: Linux  PlatformVersion: 5.14.0-427.37.1.el9_4.x86_64  CompilerName: GCC  CompilerVersion: 8.4.0
ProgramName: mri_voldiff  ProgramArguments: mri_voldiff -all-info  ProgramVersion: 7.3.2  TimeStamp: 2026/03/11-15:13:34-GMT  BuildTime: Aug  4 2022 06:17:15  BuildStamp: freesurfer-linux-ubuntu22_x86_64-7.3.2-20220804-6354275  User: oesteban  Machine: dna087  Platform: Linux  PlatformVersion: 5.14.0-427.37.1.el9_4.x86_64  CompilerName: GCC  CompilerVersion: 8.4.0
ProgramName: mri_watershed  ProgramArguments: mri_watershed -all-info  ProgramVersion: 7.3.2  TimeStamp: 2026/03/11-15:13:34-GMT  BuildTime: Aug  4 2022 06:17:15  BuildStamp: freesurfer-linux-ubuntu22_x86_64-7.3.2-20220804-6354275  User: oesteban  Machine: dna087  Platform: Linux  PlatformVersion: 5.14.0-427.37.1.el9_4.x86_64  CompilerName: GCC  CompilerVersion: 8.4.0
ProgramName: tkregister2  ProgramArguments: tkregister2_cmdl -all-info  ProgramVersion: 7.3.2  TimeStamp: 2026/03/11-15:13:34-GMT  BuildTime: Aug  4 2022 06:17:15  BuildStamp: freesurfer-linux-ubuntu22_x86_64-7.3.2-20220804-6354275  User: oesteban  Machine: dna087  Platform: Linux  PlatformVersion: 5.14.0-427.37.1.el9_4.x86_64  CompilerName: GCC  CompilerVersion: 8.4.0
mri_motion_correct.fsl 7.3.2
mri_convert -all-info 
ProgramName: mri_convert  ProgramArguments: mri_convert -all-info  ProgramVersion: 7.3.2  TimeStamp: 2026/03/11-15:13:34-GMT  BuildTime: Aug  4 2022 06:17:15  BuildStamp: freesurfer-linux-ubuntu22_x86_64-7.3.2-20220804-6354275  User: oesteban  Machine: dna087  Platform: Linux  PlatformVersion: 5.14.0-427.37.1.el9_4.x86_64  CompilerName: GCC  CompilerVersion: 8.4.0
Program nu_correct, built from:
Package MNI N3, version 1.12.0, compiled by nicks@terrier (x86_64-unknown-linux-gnu) on 2015-06-19 at 01:25:34
#######################################
GCADIR /opt/freesurfer/average
GCA RB_all_2020-01-02.gca
GCASkull RB_all_withskull_2020_01_02.gca
AvgCurvTif folding.atlas.acfb40.noaparc.i12.2016-08-02.tif
GCSDIR /opt/freesurfer/average
GCS DKaparc.atlas.acfb40.noaparc.i12.2016-08-02.gcs
#######################################
#--------------------------------------------
#@# AutoDetGWStats rh Wed Mar 11 16:13:34 CET 2026
cd /out/sourcedata/freesurfer/sub-v2s18x29509_ses-1/mri
mris_autodet_gwstats --o ../surf/autodet.gw.stats.rh.dat --i brain.finalsurfs.mgz --wm wm.mgz --surf ../surf/rh.orig.premesh
  Update not needed
#--------------------------------------------
#@# WhitePreAparc rh Wed Mar 11 16:13:34 CET 2026
cd /out/sourcedata/freesurfer/sub-v2s18x29509_ses-1/mri
mris_place_surface --adgws-in ../surf/autodet.gw.stats.rh.dat --wm wm.mgz --threads 16 --invol brain.finalsurfs.mgz --rh --i ../surf/rh.orig --o ../surf/rh.white.preaparc --white --seg aseg.presurf.mgz --nsmooth 5
   Update not needed
#--------------------------------------------
#@# CortexLabel rh Wed Mar 11 16:13:34 CET 2026
cd /out/sourcedata/freesurfer/sub-v2s18x29509_ses-1/mri
mri_label2label --label-cortex ../surf/rh.white.preaparc aseg.presurf.mgz 0 ../label/rh.cortex.label
   Update not needed
#--------------------------------------------
#@# CortexLabel+HipAmyg rh Wed Mar 11 16:13:34 CET 2026
cd /out/sourcedata/freesurfer/sub-v2s18x29509_ses-1/mri
mri_label2label --label-cortex ../surf/rh.white.preaparc aseg.presurf.mgz 1 ../label/rh.cortex+hipamyg.label
   Update not needed
#@# white curv rh Wed Mar 11 16:13:34 CET 2026
cd /out/sourcedata/freesurfer/sub-v2s18x29509_ses-1/mri
mris_place_surface --curv-map ../surf/rh.white 2 10 ../surf/rh.curv
   Update not needed
#@# white area rh Wed Mar 11 16:13:34 CET 2026
cd /out/sourcedata/freesurfer/sub-v2s18x29509_ses-1/mri
mris_place_surface --area-map ../surf/rh.white ../surf/rh.area
   Update not needed
#@# pial curv rh Wed Mar 11 16:13:34 CET 2026
cd /out/sourcedata/freesurfer/sub-v2s18x29509_ses-1/mri
mris_place_surface --curv-map ../surf/rh.pial 2 10 ../surf/rh.curv.pial
   Update not needed
#@# pial area rh Wed Mar 11 16:13:34 CET 2026
cd /out/sourcedata/freesurfer/sub-v2s18x29509_ses-1/mri
mris_place_surface --area-map ../surf/rh.pial ../surf/rh.area.pial
   Update not needed
#@# thickness rh Wed Mar 11 16:13:34 CET 2026
cd /out/sourcedata/freesurfer/sub-v2s18x29509_ses-1/mri
mris_place_surface --thickness ../surf/rh.white ../surf/rh.pial 20 5 ../surf/rh.thickness
   Update not needed
#@# area and vertex vol rh Wed Mar 11 16:13:35 CET 2026
cd /out/sourcedata/freesurfer/sub-v2s18x29509_ses-1/mri
mris_place_surface --thickness ../surf/rh.white ../surf/rh.pial 20 5 ../surf/rh.thickness
   Update not needed
#-----------------------------------------
#@# Parcellation Stats rh Wed Mar 11 16:13:35 CET 2026
/out/sourcedata/freesurfer/sub-v2s18x29509_ses-1/scripts

 mris_anatomical_stats -th3 -mgz -noglobal -cortex ../label/rh.cortex.label -f ../stats/rh.aparc.stats -b -a ../label/rh.aparc.annot -c ../label/aparc.annot.ctab sub-v2s18x29509_ses-1 rh white 

computing statistics for each annotation in ../label/rh.aparc.annot.
reading volume /out/sourcedata/freesurfer/sub-v2s18x29509_ses-1/mri/wm.mgz...
reading input surface /out/sourcedata/freesurfer/sub-v2s18x29509_ses-1/surf/rh.white...
reading input pial surface /out/sourcedata/freesurfer/sub-v2s18x29509_ses-1/surf/rh.pial...
reading input white surface /out/sourcedata/freesurfer/sub-v2s18x29509_ses-1/surf/rh.white...
INFO: using TH3 volume calc
INFO: assuming MGZ format for volumes.
INFO: not computing global stats
INFO: using ../label/rh.cortex.label as mask to calc cortex NumVert, SurfArea and MeanThickness.
Using TH3 vertex volume calc
Total face volume 332675
Total vertex volume 332419 (mask=0)
Saving annotation colortable ../label/aparc.annot.ctab

table columns are:
    number of vertices
    total surface area (mm^2)
    total gray matter volume (mm^3)
    average cortical thickness +- standard deviation (mm)
    integrated rectified mean curvature
    integrated rectified Gaussian curvature
    folding index
    intrinsic curvature index
    structure name

 1674   1109   3337  3.170 0.517     0.103     0.017       10     1.3  bankssts
  988    649   1723  2.333 0.604     0.091     0.011        9     0.5  caudalanteriorcingulate
 4231   2888   8514  2.634 0.504     0.101     0.018       31     3.4  caudalmiddlefrontal
 3040   2088   5610  2.255 0.601     0.137     0.031       39     3.8  cuneus
  787    526   2828  3.351 0.743     0.112     0.028        6     0.9  entorhinal
 5779   3909  13886  2.977 0.590     0.116     0.023       68     5.1  fusiform
 7348   5132  15848  2.695 0.570     0.111     0.022       73     6.5  inferiorparietal
 5346   3910  13968  3.010 0.669     0.126     0.027       66     6.2  inferiortemporal
 1637   1171   3425  2.496 0.885     0.124     0.027       22     1.6  isthmuscingulate
 9129   6316  18373  2.494 0.594     0.131     0.028      109    10.1  lateraloccipital
 4575   3293  10308  2.836 0.750     0.131     0.031       54     6.2  lateralorbitofrontal
 5748   4033   9511  2.139 0.713     0.132     0.031       65     7.4  lingual
 3599   2555   7465  2.452 0.778     0.115     0.028       47     3.8  medialorbitofrontal
 5651   4244  17404  3.211 0.696     0.121     0.025       71     6.0  middletemporal
 1255    783   2985  3.140 0.743     0.080     0.015        8     0.7  parahippocampal
 2814   1751   5585  2.794 0.595     0.101     0.018       18     2.1  paracentral
 2523   1790   5342  2.736 0.545     0.104     0.019       24     1.9  parsopercularis
 1260    923   3396  2.766 0.770     0.121     0.022       15     1.3  parsorbitalis
 2772   1957   6313  2.655 0.694     0.110     0.020       29     2.2  parstriangularis
 2902   2018   2862  1.652 0.489     0.128     0.028       30     3.4  pericalcarine
 7147   4554  11724  2.284 0.685     0.098     0.019       58     5.2  postcentral
 2079   1492   4379  2.619 0.731     0.124     0.022       24     2.1  posteriorcingulate
 9669   6210  19720  2.846 0.575     0.098     0.018       66     7.2  precentral
 7603   5258  15264  2.725 0.569     0.116     0.022       77     6.6  precuneus
  883    607   1999  2.641 0.825     0.106     0.021        9     0.7  rostralanteriorcingulate
 9341   6842  19782  2.332 0.664     0.122     0.027      126    10.3  rostralmiddlefrontal
14514  10022  31923  2.754 0.644     0.113     0.022      148    13.6  superiorfrontal
10385   7052  19727  2.534 0.458     0.109     0.019      106     8.4  superiorparietal
 7541   5048  17814  3.106 0.657     0.097     0.018       62     5.5  superiortemporal
 7559   5090  16114  2.834 0.548     0.105     0.020       70     6.1  supramarginal
  550    423   1729  2.832 0.747     0.155     0.035       12     0.9  frontalpole
  714    560   3128  3.678 0.899     0.132     0.037        9     1.0  temporalpole
  797    488   1547  2.627 0.399     0.101     0.017        8     0.5  transversetemporal
 3645   2513   8888  3.417 0.681     0.110     0.026       29     3.4  insula

 mris_anatomical_stats -th3 -mgz -noglobal -cortex ../label/rh.cortex.label -f ../stats/rh.aparc.pial.stats -b -a ../label/rh.aparc.annot -c ../label/aparc.annot.ctab sub-v2s18x29509_ses-1 rh pial 

computing statistics for each annotation in ../label/rh.aparc.annot.
reading volume /out/sourcedata/freesurfer/sub-v2s18x29509_ses-1/mri/wm.mgz...
reading input surface /out/sourcedata/freesurfer/sub-v2s18x29509_ses-1/surf/rh.pial...
reading input pial surface /out/sourcedata/freesurfer/sub-v2s18x29509_ses-1/surf/rh.pial...
reading input white surface /out/sourcedata/freesurfer/sub-v2s18x29509_ses-1/surf/rh.white...
INFO: using TH3 volume calc
INFO: assuming MGZ format for volumes.
INFO: not computing global stats
INFO: using ../label/rh.cortex.label as mask to calc cortex NumVert, SurfArea and MeanThickness.
Using TH3 vertex volume calc
Total face volume 332675
Total vertex volume 332419 (mask=0)
Saving annotation colortable ../label/aparc.annot.ctab

table columns are:
    number of vertices
    total surface area (mm^2)
    total gray matter volume (mm^3)
    average cortical thickness +- standard deviation (mm)
    integrated rectified mean curvature
    integrated rectified Gaussian curvature
    folding index
    intrinsic curvature index
    structure name

 1674    986   3337  3.170 0.517     0.124     0.042       30     2.5  bankssts
  988    823   1723  2.333 0.604     0.146     0.036       23     1.3  caudalanteriorcingulate
 4231   3331   8514  2.634 0.504     0.122     0.024       43     4.0  caudalmiddlefrontal
 3040   2895   5610  2.255 0.601     0.159     0.040       39     5.3  cuneus
  787   1139   2828  3.351 0.743     0.282     0.070       30     2.8  entorhinal
 5779   5350  13886  2.977 0.590     0.161     0.045      154    11.0  fusiform
 7348   6298  15848  2.695 0.570     0.139     0.031       97     9.4  inferiorparietal
 5346   5164  13968  3.010 0.669     0.165     0.040      200     9.4  inferiortemporal
 1637   1577   3425  2.496 0.885     0.194     0.057       65     4.5  isthmuscingulate
 9129   8223  18373  2.494 0.594     0.145     0.035      164    13.5  lateraloccipital
 4575   4001  10308  2.836 0.750     0.166     0.046      100     8.7  lateralorbitofrontal
 5748   5075   9511  2.139 0.713     0.158     0.043       98    10.3  lingual
 3599   3433   7465  2.452 0.778     0.162     0.038       53     5.8  medialorbitofrontal
 5651   6187  17404  3.211 0.696     0.168     0.036      147     8.3  middletemporal
 1255   1106   2985  3.140 0.743     0.170     0.041       21     2.7  parahippocampal
 2814   2170   5585  2.794 0.595     0.117     0.027       30     3.0  paracentral
 2523   2069   5342  2.736 0.545     0.131     0.028       31     2.8  parsopercularis
 1260   1462   3396  2.766 0.770     0.177     0.036       14     2.0  parsorbitalis
 2772   2639   6313  2.655 0.694     0.156     0.031       35     3.7  parstriangularis
 2902   1680   2862  1.652 0.489     0.108     0.028       58     3.2  pericalcarine
 7147   5657  11724  2.284 0.685     0.120     0.025       84     7.4  postcentral
 2079   1861   4379  2.619 0.731     0.173     0.050       90     4.4  posteriorcingulate
 9669   7300  19720  2.846 0.575     0.109     0.023       98     9.0  precentral
 7603   5929  15264  2.725 0.569     0.136     0.035      171    10.4  precuneus
  883    882   1999  2.641 0.825     0.164     0.038       24     1.3  rostralanteriorcingulate
 9341   9526  19782  2.332 0.664     0.175     0.034      137    14.2  rostralmiddlefrontal
14514  12572  31923  2.754 0.644     0.147     0.046      456    19.4  superiorfrontal
10385   8436  19727  2.534 0.458     0.130     0.027      155    11.4  superiorparietal
 7541   6260  17814  3.106 0.657     0.134     0.033      221     9.1  superiortemporal
 7559   6125  16114  2.834 0.548     0.129     0.033      124     8.7  supramarginal
  550    794   1729  2.832 0.747     0.222     0.040        8     1.0  frontalpole
  714   1107   3128  3.678 0.899     0.245     0.055       20     1.8  temporalpole
  797    707   1547  2.627 0.399     0.120     0.030        5     0.9  transversetemporal
 3645   2496   8888  3.417 0.681     0.159     0.052      198     6.8  insula
#-----------------------------------------
#@# Parcellation Stats 2 rh Wed Mar 11 16:13:56 CET 2026
/out/sourcedata/freesurfer/sub-v2s18x29509_ses-1/scripts

 mris_anatomical_stats -th3 -mgz -noglobal -cortex ../label/rh.cortex.label -f ../stats/rh.aparc.a2009s.stats -b -a ../label/rh.aparc.a2009s.annot -c ../label/aparc.annot.a2009s.ctab sub-v2s18x29509_ses-1 rh white 

computing statistics for each annotation in ../label/rh.aparc.a2009s.annot.
reading volume /out/sourcedata/freesurfer/sub-v2s18x29509_ses-1/mri/wm.mgz...
reading input surface /out/sourcedata/freesurfer/sub-v2s18x29509_ses-1/surf/rh.white...
reading input pial surface /out/sourcedata/freesurfer/sub-v2s18x29509_ses-1/surf/rh.pial...
reading input white surface /out/sourcedata/freesurfer/sub-v2s18x29509_ses-1/surf/rh.white...
INFO: using TH3 volume calc
INFO: assuming MGZ format for volumes.
INFO: not computing global stats
INFO: using ../label/rh.cortex.label as mask to calc cortex NumVert, SurfArea and MeanThickness.
Using TH3 vertex volume calc
Total face volume 332675
Total vertex volume 332419 (mask=0)
Saving annotation colortable ../label/aparc.annot.a2009s.ctab

table columns are:
    number of vertices
    total surface area (mm^2)
    total gray matter volume (mm^3)
    average cortical thickness +- standard deviation (mm)
    integrated rectified mean curvature
    integrated rectified Gaussian curvature
    folding index
    intrinsic curvature index
    structure name

 1020    700   1870  2.183 0.729     0.106     0.025       11     0.9  G_and_S_frontomargin
 1819   1239   4611  2.856 0.718     0.124     0.024       22     1.7  G_and_S_occipital_inf
 1874   1134   3670  2.627 0.604     0.103     0.021       15     1.5  G_and_S_paracentral
 2043   1422   4495  2.827 0.523     0.124     0.023       26     1.9  G_and_S_subcentral
 1404   1036   3546  2.505 0.736     0.140     0.033       30     2.0  G_and_S_transv_frontopol
 3795   2654   7838  2.486 0.758     0.111     0.022       36     3.3  G_and_S_cingul-Ant
 1835   1202   3192  2.704 0.507     0.087     0.014       10     1.0  G_and_S_cingul-Mid-Ant
 1874   1315   3752  2.815 0.498     0.116     0.022       15     1.8  G_and_S_cingul-Mid-Post
  687    529   2236  3.084 0.677     0.154     0.036       13     1.0  G_cingul-Post-dorsal
  314    235    964  2.836 0.844     0.145     0.037        6     0.4  G_cingul-Post-ventral
 2801   1952   4883  2.118 0.648     0.145     0.033       40     3.8  G_cuneus
 1550   1197   4673  3.098 0.563     0.126     0.025       23     1.6  G_front_inf-Opercular
  484    356   1727  3.347 0.437     0.124     0.023        7     0.4  G_front_inf-Orbital
 1202    889   3670  3.041 0.501     0.132     0.026       19     1.3  G_front_inf-Triangul
 4664   3634  13977  2.774 0.582     0.140     0.033       89     6.6  G_front_middle
 8932   6221  23019  2.916 0.660     0.122     0.025      110     9.5  G_front_sup
  719    499   2169  3.786 0.865     0.115     0.029        8     0.8  G_Ins_lg_and_S_cent_ins
  919    678   3000  3.397 0.853     0.136     0.044       12     1.4  G_insular_short
 2614   1918   7169  2.759 0.625     0.139     0.030       45     3.4  G_occipital_middle
 2058   1374   4370  2.657 0.494     0.131     0.029       23     2.6  G_occipital_sup
 2515   1680   7319  3.208 0.612     0.128     0.027       39     2.6  G_oc-temp_lat-fusifor
 3608   2574   6313  2.059 0.740     0.147     0.036       51     5.5  G_oc-temp_med-Lingual
 1510    965   5101  3.459 0.720     0.108     0.028       16     1.5  G_oc-temp_med-Parahip
 2805   2116   9084  3.021 0.718     0.132     0.031       42     3.7  G_orbital
 2571   1842   7434  2.949 0.576     0.132     0.029       40     2.7  G_pariet_inf-Angular
 3337   2254   9047  3.094 0.548     0.113     0.023       40     3.0  G_pariet_inf-Supramar
 3226   2288   7818  2.651 0.513     0.121     0.022       45     3.0  G_parietal_sup
 2552   1538   4709  2.376 0.659     0.100     0.021       23     2.0  G_postcentral
 3596   2173   9197  3.150 0.444     0.099     0.020       28     2.8  G_precentral
 3404   2444   8347  2.786 0.592     0.129     0.027       53     3.6  G_precuneus
  941    715   2702  2.672 0.751     0.135     0.042       16     1.6  G_rectus
  755    544   1436  2.636 0.951     0.136     0.046       13     1.1  G_subcallosal
  635    379   1386  2.695 0.426     0.098     0.018        7     0.4  G_temp_sup-G_T_transv
 2339   1665   7653  3.359 0.612     0.119     0.026       32     2.4  G_temp_sup-Lateral
 1282    815   3252  3.516 0.731     0.071     0.013        3     0.7  G_temp_sup-Plan_polar
 1306    859   2754  2.912 0.455     0.083     0.014        9     0.7  G_temp_sup-Plan_tempo
 2396   1881   8734  3.230 0.726     0.146     0.036       44     3.6  G_temporal_inf
 3202   2524  12498  3.463 0.680     0.139     0.033       56     4.4  G_temporal_middle
  572    362    625  1.982 0.443     0.073     0.007        2     0.2  Lat_Fis-ant-Horizont
  429    280    653  2.570 0.565     0.083     0.013        1     0.2  Lat_Fis-ant-Vertical
 1788   1166   2599  2.905 0.509     0.099     0.017       10     1.3  Lat_Fis-post
 3967   2816   7318  2.270 0.593     0.149     0.036       52     5.5  Pole_occipital
 1995   1610   7926  3.419 0.729     0.145     0.035       34     2.7  Pole_temporal
 3256   2189   3637  1.889 0.655     0.114     0.023       28     3.0  S_calcarine
 3571   2309   4067  1.996 0.582     0.092     0.016       17     2.5  S_central
 1603   1075   2543  2.590 0.464     0.092     0.012        7     0.8  S_cingul-Marginalis
  687    455   1196  3.167 0.598     0.096     0.019        3     0.6  S_circular_insula_ant
 1397    911   2311  3.126 0.582     0.075     0.012        4     0.7  S_circular_insula_inf
 1833   1186   2928  3.070 0.431     0.098     0.018        8     1.5  S_circular_insula_sup
 1327    898   2332  2.855 0.468     0.090     0.013        6     0.8  S_collat_transv_ant
  465    324    632  2.304 0.386     0.135     0.033        5     0.6  S_collat_transv_post
 2570   1695   3700  2.281 0.452     0.091     0.014       16     1.5  S_front_inf
 2631   1821   3286  1.911 0.478     0.109     0.019       18     2.3  S_front_middle
 3340   2291   5767  2.556 0.434     0.091     0.016       20     2.2  S_front_sup
  701    480    973  2.280 0.306     0.088     0.011        3     0.4  S_interm_prim-Jensen
 4835   3234   7383  2.415 0.375     0.093     0.014       31     2.9  S_intrapariet_and_P_trans
 1292    851   1580  2.268 0.407     0.099     0.018        6     1.0  S_oc_middle_and_Lunatus
 1625   1062   2310  2.391 0.355     0.089     0.015        8     1.0  S_oc_sup_and_transversal
  929    628   1327  2.347 0.441     0.102     0.018        6     0.7  S_occipital_ant
 1233    846   2030  2.859 0.409     0.113     0.022       10     1.2  S_oc-temp_lat
 2728   1799   4176  2.605 0.420     0.086     0.014       12     1.6  S_oc-temp_med_and_Lingual
  558    391    719  1.929 0.496     0.119     0.023        4     0.6  S_orbital_lateral
  957    650   1472  2.493 0.744     0.102     0.019        5     0.8  S_orbital_med-olfact
 1566   1100   2745  2.480 0.691     0.121     0.023       15     1.7  S_orbital-H_Shaped
 3152   2113   5059  2.578 0.529     0.115     0.021       26     2.8  S_parieto_occipital
 1661   1064   1583  1.792 0.520     0.103     0.016       18     1.0  S_pericallosal
 2864   1891   4186  2.453 0.404     0.093     0.016       16     1.9  S_postcentral
 2409   1588   3648  2.486 0.386     0.089     0.015       14     1.4  S_precentral-inf-part
 1770   1167   2835  2.675 0.431     0.089     0.013        9     1.0  S_precentral-sup-part
  406    288    621  2.478 0.839     0.120     0.014        3     0.3  S_suborbital
 1597   1082   2917  2.787 0.483     0.102     0.017       11     1.0  S_subparietal
 1864   1281   2816  2.468 0.357     0.103     0.015       12     1.3  S_temporal_inf
 6771   4483  12245  2.905 0.540     0.095     0.016       40     4.6  S_temporal_sup
  548    376    658  2.211 0.316     0.108     0.011        4     0.3  S_temporal_transverse
#-----------------------------------------
#@# Parcellation Stats 3 rh Wed Mar 11 16:14:06 CET 2026
/out/sourcedata/freesurfer/sub-v2s18x29509_ses-1/scripts

 mris_anatomical_stats -th3 -mgz -noglobal -cortex ../label/rh.cortex.label -f ../stats/rh.aparc.DKTatlas.stats -b -a ../label/rh.aparc.DKTatlas.annot -c ../label/aparc.annot.DKTatlas.ctab sub-v2s18x29509_ses-1 rh white 

computing statistics for each annotation in ../label/rh.aparc.DKTatlas.annot.
reading volume /out/sourcedata/freesurfer/sub-v2s18x29509_ses-1/mri/wm.mgz...
reading input surface /out/sourcedata/freesurfer/sub-v2s18x29509_ses-1/surf/rh.white...
reading input pial surface /out/sourcedata/freesurfer/sub-v2s18x29509_ses-1/surf/rh.pial...
reading input white surface /out/sourcedata/freesurfer/sub-v2s18x29509_ses-1/surf/rh.white...
INFO: using TH3 volume calc
INFO: assuming MGZ format for volumes.
INFO: not computing global stats
INFO: using ../label/rh.cortex.label as mask to calc cortex NumVert, SurfArea and MeanThickness.
Using TH3 vertex volume calc
Total face volume 332675
Total vertex volume 332419 (mask=0)
Saving annotation colortable ../label/aparc.annot.DKTatlas.ctab

table columns are:
    number of vertices
    total surface area (mm^2)
    total gray matter volume (mm^3)
    average cortical thickness +- standard deviation (mm)
    integrated rectified mean curvature
    integrated rectified Gaussian curvature
    folding index
    intrinsic curvature index
    structure name

 1088    716   1856  2.314 0.609     0.089     0.011        9     0.5  caudalanteriorcingulate
 4367   2991   8862  2.648 0.501     0.102     0.018       33     3.5  caudalmiddlefrontal
 3754   2555   6805  2.276 0.596     0.135     0.029       46     4.5  cuneus
  702    452   2337  3.308 0.726     0.104     0.025        5     0.6  entorhinal
 5359   3605  12659  2.959 0.588     0.114     0.023       61     4.9  fusiform
 7612   5326  16329  2.685 0.560     0.113     0.022       78     6.8  inferiorparietal
 5737   4201  15130  3.031 0.664     0.127     0.027       72     6.5  inferiortemporal
 1596   1137   3335  2.508 0.891     0.122     0.027       20     1.5  isthmuscingulate
 9175   6348  18228  2.475 0.589     0.131     0.028      110    10.3  lateraloccipital
 4904   3502  11288  2.732 0.763     0.129     0.031       62     6.4  lateralorbitofrontal
 5645   3961   9305  2.135 0.705     0.131     0.031       62     7.2  lingual
 2586   1900   6000  2.616 0.805     0.125     0.033       38     3.3  medialorbitofrontal
 6855   5049  19942  3.181 0.672     0.118     0.024       80     7.1  middletemporal
 1343    843   3213  3.141 0.746     0.082     0.016        9     0.8  parahippocampal
 3043   1909   6011  2.784 0.602     0.102     0.018       20     2.3  paracentral
 2891   2043   6131  2.724 0.553     0.105     0.019       27     2.2  parsopercularis
 1206    844   3179  2.968 0.679     0.114     0.020       12     1.1  parsorbitalis
 2618   1843   5718  2.610 0.674     0.112     0.021       30     2.1  parstriangularis
 2837   1968   2776  1.647 0.491     0.129     0.029       30     3.3  pericalcarine
 7827   4992  12755  2.294 0.666     0.099     0.019       63     5.8  postcentral
 2111   1515   4451  2.648 0.715     0.126     0.023       25     2.2  posteriorcingulate
 9263   5931  19050  2.854 0.581     0.099     0.019       65     7.0  precentral
 7770   5416  15826  2.719 0.565     0.116     0.022       80     6.8  precuneus
 1322    890   2504  2.481 0.800     0.105     0.021       14     1.1  rostralanteriorcingulate
 6383   4748  13524  2.326 0.651     0.125     0.026       83     7.2  rostralmiddlefrontal
18177  12679  39877  2.677 0.677     0.114     0.023      198    17.6  superiorfrontal
 8724   5925  16910  2.556 0.470     0.107     0.018       90     6.8  superiorparietal
 9361   6350  23459  3.166 0.691     0.100     0.020       79     7.4  superiortemporal
 7027   4726  14911  2.842 0.552     0.104     0.020       64     5.6  supramarginal
  807    493   1587  2.633 0.403     0.099     0.016        8     0.5  transversetemporal
 3395   2345   8458  3.483 0.627     0.110     0.025       27     3.1  insula
/out/sourcedata/freesurfer/sub-v2s18x29509_ses-1/label
#--------------------------------------------
#@# BA_exvivo Labels rh Wed Mar 11 16:14:17 CET 2026

 mri_label2label --srcsubject fsaverage --srclabel /out/sourcedata/freesurfer/fsaverage/label/rh.BA1_exvivo.label --trgsubject sub-v2s18x29509_ses-1 --trglabel ./rh.BA1_exvivo.label --hemi rh --regmethod surface 


srclabel = /out/sourcedata/freesurfer/fsaverage/label/rh.BA1_exvivo.label
srcsubject = fsaverage
trgsubject = sub-v2s18x29509_ses-1
trglabel = ./rh.BA1_exvivo.label
regmethod = surface

srchemi = rh
trghemi = rh
trgsurface = white
srcsurfreg = sphere.reg
trgsurfreg = sphere.reg
usehash = 1
Use ProjAbs  = 0, 0
Use ProjFrac = 0, 0
DoPaint 0

SUBJECTS_DIR    /out/sourcedata/freesurfer
FREESURFER_HOME /opt/freesurfer
Loading source label.
Found 3962 points in source label.
Starting surface-based mapping
Reading source registration 
 /out/sourcedata/freesurfer/fsaverage/surf/rh.sphere.reg
Rescaling ...  original radius = 100
Reading target surface 
 /out/sourcedata/freesurfer/sub-v2s18x29509_ses-1/surf/rh.white
Reading target registration 
 /out/sourcedata/freesurfer/sub-v2s18x29509_ses-1/surf/rh.sphere.reg
Rescaling ...  original radius = 100
Building target registration hash (res=16).
Building source registration hash (res=16).
INFO: found  3962 nlabel points
Performing mapping from target back to the source label 164997
Number of reverse mapping hits = 375
Checking for and removing duplicates
Writing label file ./rh.BA1_exvivo.label 4337
mri_label2label: Done


 mri_label2label --srcsubject fsaverage --srclabel /out/sourcedata/freesurfer/fsaverage/label/rh.BA2_exvivo.label --trgsubject sub-v2s18x29509_ses-1 --trglabel ./rh.BA2_exvivo.label --hemi rh --regmethod surface 


srclabel = /out/sourcedata/freesurfer/fsaverage/label/rh.BA2_exvivo.label
srcsubject = fsaverage
trgsubject = sub-v2s18x29509_ses-1
trglabel = ./rh.BA2_exvivo.label
regmethod = surface

srchemi = rh
trghemi = rh
trgsurface = white
srcsurfreg = sphere.reg
trgsurfreg = sphere.reg
usehash = 1
Use ProjAbs  = 0, 0
Use ProjFrac = 0, 0
DoPaint 0

SUBJECTS_DIR    /out/sourcedata/freesurfer
FREESURFER_HOME /opt/freesurfer
Loading source label.
Found 6687 points in source label.
Starting surface-based mapping
Reading source registration 
 /out/sourcedata/freesurfer/fsaverage/surf/rh.sphere.reg
Rescaling ...  original radius = 100
Reading target surface 
 /out/sourcedata/freesurfer/sub-v2s18x29509_ses-1/surf/rh.white
Reading target registration 
 /out/sourcedata/freesurfer/sub-v2s18x29509_ses-1/surf/rh.sphere.reg
Rescaling ...  original radius = 100
Building target registration hash (res=16).
Building source registration hash (res=16).
INFO: found  6687 nlabel points
Performing mapping from target back to the source label 164997
Number of reverse mapping hits = 398
Checking for and removing duplicates
Writing label file ./rh.BA2_exvivo.label 7085
mri_label2label: Done


 mri_label2label --srcsubject fsaverage --srclabel /out/sourcedata/freesurfer/fsaverage/label/rh.BA3a_exvivo.label --trgsubject sub-v2s18x29509_ses-1 --trglabel ./rh.BA3a_exvivo.label --hemi rh --regmethod surface 


srclabel = /out/sourcedata/freesurfer/fsaverage/label/rh.BA3a_exvivo.label
srcsubject = fsaverage
trgsubject = sub-v2s18x29509_ses-1
trglabel = ./rh.BA3a_exvivo.label
regmethod = surface

srchemi = rh
trghemi = rh
trgsurface = white
srcsurfreg = sphere.reg
trgsurfreg = sphere.reg
usehash = 1
Use ProjAbs  = 0, 0
Use ProjFrac = 0, 0
DoPaint 0

SUBJECTS_DIR    /out/sourcedata/freesurfer
FREESURFER_HOME /opt/freesurfer
Loading source label.
Found 3980 points in source label.
Starting surface-based mapping
Reading source registration 
 /out/sourcedata/freesurfer/fsaverage/surf/rh.sphere.reg
Rescaling ...  original radius = 100
Reading target surface 
 /out/sourcedata/freesurfer/sub-v2s18x29509_ses-1/surf/rh.white
Reading target registration 
 /out/sourcedata/freesurfer/sub-v2s18x29509_ses-1/surf/rh.sphere.reg
Rescaling ...  original radius = 100
Building target registration hash (res=16).
Building source registration hash (res=16).
INFO: found  3980 nlabel points
Performing mapping from target back to the source label 164997
Number of reverse mapping hits = 107
Checking for and removing duplicates
Writing label file ./rh.BA3a_exvivo.label 4087
mri_label2label: Done


 mri_label2label --srcsubject fsaverage --srclabel /out/sourcedata/freesurfer/fsaverage/label/rh.BA3b_exvivo.label --trgsubject sub-v2s18x29509_ses-1 --trglabel ./rh.BA3b_exvivo.label --hemi rh --regmethod surface 


srclabel = /out/sourcedata/freesurfer/fsaverage/label/rh.BA3b_exvivo.label
srcsubject = fsaverage
trgsubject = sub-v2s18x29509_ses-1
trglabel = ./rh.BA3b_exvivo.label
regmethod = surface

srchemi = rh
trghemi = rh
trgsurface = white
srcsurfreg = sphere.reg
trgsurfreg = sphere.reg
usehash = 1
Use ProjAbs  = 0, 0
Use ProjFrac = 0, 0
DoPaint 0

SUBJECTS_DIR    /out/sourcedata/freesurfer
FREESURFER_HOME /opt/freesurfer
Loading source label.
Found 4522 points in source label.
Starting surface-based mapping
Reading source registration 
 /out/sourcedata/freesurfer/fsaverage/surf/rh.sphere.reg
Rescaling ...  original radius = 100
Reading target surface 
 /out/sourcedata/freesurfer/sub-v2s18x29509_ses-1/surf/rh.white
Reading target registration 
 /out/sourcedata/freesurfer/sub-v2s18x29509_ses-1/surf/rh.sphere.reg
Rescaling ...  original radius = 100
Building target registration hash (res=16).
Building source registration hash (res=16).
INFO: found  4522 nlabel points
Performing mapping from target back to the source label 164997
Number of reverse mapping hits = 346
Checking for and removing duplicates
Writing label file ./rh.BA3b_exvivo.label 4868
mri_label2label: Done


 mri_label2label --srcsubject fsaverage --srclabel /out/sourcedata/freesurfer/fsaverage/label/rh.BA4a_exvivo.label --trgsubject sub-v2s18x29509_ses-1 --trglabel ./rh.BA4a_exvivo.label --hemi rh --regmethod surface 


srclabel = /out/sourcedata/freesurfer/fsaverage/label/rh.BA4a_exvivo.label
srcsubject = fsaverage
trgsubject = sub-v2s18x29509_ses-1
trglabel = ./rh.BA4a_exvivo.label
regmethod = surface

srchemi = rh
trghemi = rh
trgsurface = white
srcsurfreg = sphere.reg
trgsurfreg = sphere.reg
usehash = 1
Use ProjAbs  = 0, 0
Use ProjFrac = 0, 0
DoPaint 0

SUBJECTS_DIR    /out/sourcedata/freesurfer
FREESURFER_HOME /opt/freesurfer
Loading source label.
Found 5747 points in source label.
Starting surface-based mapping
Reading source registration 
 /out/sourcedata/freesurfer/fsaverage/surf/rh.sphere.reg
Rescaling ...  original radius = 100
Reading target surface 
 /out/sourcedata/freesurfer/sub-v2s18x29509_ses-1/surf/rh.white
Reading target registration 
 /out/sourcedata/freesurfer/sub-v2s18x29509_ses-1/surf/rh.sphere.reg
Rescaling ...  original radius = 100
Building target registration hash (res=16).
Building source registration hash (res=16).
INFO: found  5747 nlabel points
Performing mapping from target back to the source label 164997
Number of reverse mapping hits = 699
Checking for and removing duplicates
Writing label file ./rh.BA4a_exvivo.label 6446
mri_label2label: Done


 mri_label2label --srcsubject fsaverage --srclabel /out/sourcedata/freesurfer/fsaverage/label/rh.BA4p_exvivo.label --trgsubject sub-v2s18x29509_ses-1 --trglabel ./rh.BA4p_exvivo.label --hemi rh --regmethod surface 


srclabel = /out/sourcedata/freesurfer/fsaverage/label/rh.BA4p_exvivo.label
srcsubject = fsaverage
trgsubject = sub-v2s18x29509_ses-1
trglabel = ./rh.BA4p_exvivo.label
regmethod = surface

srchemi = rh
trghemi = rh
trgsurface = white
srcsurfreg = sphere.reg
trgsurfreg = sphere.reg
usehash = 1
Use ProjAbs  = 0, 0
Use ProjFrac = 0, 0
DoPaint 0

SUBJECTS_DIR    /out/sourcedata/freesurfer
FREESURFER_HOME /opt/freesurfer
Loading source label.
Found 4473 points in source label.
Starting surface-based mapping
Reading source registration 
 /out/sourcedata/freesurfer/fsaverage/surf/rh.sphere.reg
Rescaling ...  original radius = 100
Reading target surface 
 /out/sourcedata/freesurfer/sub-v2s18x29509_ses-1/surf/rh.white
Reading target registration 
 /out/sourcedata/freesurfer/sub-v2s18x29509_ses-1/surf/rh.sphere.reg
Rescaling ...  original radius = 100
Building target registration hash (res=16).
Building source registration hash (res=16).
INFO: found  4473 nlabel points
Performing mapping from target back to the source label 164997
Number of reverse mapping hits = 327
Checking for and removing duplicates
Writing label file ./rh.BA4p_exvivo.label 4800
mri_label2label: Done


 mri_label2label --srcsubject fsaverage --srclabel /out/sourcedata/freesurfer/fsaverage/label/rh.BA6_exvivo.label --trgsubject sub-v2s18x29509_ses-1 --trglabel ./rh.BA6_exvivo.label --hemi rh --regmethod surface 


srclabel = /out/sourcedata/freesurfer/fsaverage/label/rh.BA6_exvivo.label
srcsubject = fsaverage
trgsubject = sub-v2s18x29509_ses-1
trglabel = ./rh.BA6_exvivo.label
regmethod = surface

srchemi = rh
trghemi = rh
trgsurface = white
srcsurfreg = sphere.reg
trgsurfreg = sphere.reg
usehash = 1
Use ProjAbs  = 0, 0
Use ProjFrac = 0, 0
DoPaint 0

SUBJECTS_DIR    /out/sourcedata/freesurfer
FREESURFER_HOME /opt/freesurfer
Loading source label.
Found 12256 points in source label.
Starting surface-based mapping
Reading source registration 
 /out/sourcedata/freesurfer/fsaverage/surf/rh.sphere.reg
Rescaling ...  original radius = 100
Reading target surface 
 /out/sourcedata/freesurfer/sub-v2s18x29509_ses-1/surf/rh.white
Reading target registration 
 /out/sourcedata/freesurfer/sub-v2s18x29509_ses-1/surf/rh.sphere.reg
Rescaling ...  original radius = 100
Building target registration hash (res=16).
Building source registration hash (res=16).
INFO: found  12256 nlabel points
Performing mapping from target back to the source label 164997
Number of reverse mapping hits = 2177
Checking for and removing duplicates
Writing label file ./rh.BA6_exvivo.label 14433
mri_label2label: Done


 mri_label2label --srcsubject fsaverage --srclabel /out/sourcedata/freesurfer/fsaverage/label/rh.BA44_exvivo.label --trgsubject sub-v2s18x29509_ses-1 --trglabel ./rh.BA44_exvivo.label --hemi rh --regmethod surface 


srclabel = /out/sourcedata/freesurfer/fsaverage/label/rh.BA44_exvivo.label
srcsubject = fsaverage
trgsubject = sub-v2s18x29509_ses-1
trglabel = ./rh.BA44_exvivo.label
regmethod = surface

srchemi = rh
trghemi = rh
trgsurface = white
srcsurfreg = sphere.reg
trgsurfreg = sphere.reg
usehash = 1
Use ProjAbs  = 0, 0
Use ProjFrac = 0, 0
DoPaint 0

SUBJECTS_DIR    /out/sourcedata/freesurfer
FREESURFER_HOME /opt/freesurfer
Loading source label.
Found 6912 points in source label.
Starting surface-based mapping
Reading source registration 
 /out/sourcedata/freesurfer/fsaverage/surf/rh.sphere.reg
Rescaling ...  original radius = 100
Reading target surface 
 /out/sourcedata/freesurfer/sub-v2s18x29509_ses-1/surf/rh.white
Reading target registration 
 /out/sourcedata/freesurfer/sub-v2s18x29509_ses-1/surf/rh.sphere.reg
Rescaling ...  original radius = 100
Building target registration hash (res=16).
Building source registration hash (res=16).
INFO: found  6912 nlabel points
Performing mapping from target back to the source label 164997
Number of reverse mapping hits = 1238
Checking for and removing duplicates
Writing label file ./rh.BA44_exvivo.label 8150
mri_label2label: Done


 mri_label2label --srcsubject fsaverage --srclabel /out/sourcedata/freesurfer/fsaverage/label/rh.BA45_exvivo.label --trgsubject sub-v2s18x29509_ses-1 --trglabel ./rh.BA45_exvivo.label --hemi rh --regmethod surface 


srclabel = /out/sourcedata/freesurfer/fsaverage/label/rh.BA45_exvivo.label
srcsubject = fsaverage
trgsubject = sub-v2s18x29509_ses-1
trglabel = ./rh.BA45_exvivo.label
regmethod = surface

srchemi = rh
trghemi = rh
trgsurface = white
srcsurfreg = sphere.reg
trgsurfreg = sphere.reg
usehash = 1
Use ProjAbs  = 0, 0
Use ProjFrac = 0, 0
DoPaint 0

SUBJECTS_DIR    /out/sourcedata/freesurfer
FREESURFER_HOME /opt/freesurfer
Loading source label.
Found 5355 points in source label.
Starting surface-based mapping
Reading source registration 
 /out/sourcedata/freesurfer/fsaverage/surf/rh.sphere.reg
Rescaling ...  original radius = 100
Reading target surface 
 /out/sourcedata/freesurfer/sub-v2s18x29509_ses-1/surf/rh.white
Reading target registration 
 /out/sourcedata/freesurfer/sub-v2s18x29509_ses-1/surf/rh.sphere.reg
Rescaling ...  original radius = 100
Building target registration hash (res=16).
Building source registration hash (res=16).
INFO: found  5355 nlabel points
Performing mapping from target back to the source label 164997
Number of reverse mapping hits = 1065
Checking for and removing duplicates
Writing label file ./rh.BA45_exvivo.label 6420
mri_label2label: Done


 mri_label2label --srcsubject fsaverage --srclabel /out/sourcedata/freesurfer/fsaverage/label/rh.V1_exvivo.label --trgsubject sub-v2s18x29509_ses-1 --trglabel ./rh.V1_exvivo.label --hemi rh --regmethod surface 


srclabel = /out/sourcedata/freesurfer/fsaverage/label/rh.V1_exvivo.label
srcsubject = fsaverage
trgsubject = sub-v2s18x29509_ses-1
trglabel = ./rh.V1_exvivo.label
regmethod = surface

srchemi = rh
trghemi = rh
trgsurface = white
srcsurfreg = sphere.reg
trgsurfreg = sphere.reg
usehash = 1
Use ProjAbs  = 0, 0
Use ProjFrac = 0, 0
DoPaint 0

SUBJECTS_DIR    /out/sourcedata/freesurfer
FREESURFER_HOME /opt/freesurfer
Loading source label.
Found 4727 points in source label.
Starting surface-based mapping
Reading source registration 
 /out/sourcedata/freesurfer/fsaverage/surf/rh.sphere.reg
Rescaling ...  original radius = 100
Reading target surface 
 /out/sourcedata/freesurfer/sub-v2s18x29509_ses-1/surf/rh.white
Reading target registration 
 /out/sourcedata/freesurfer/sub-v2s18x29509_ses-1/surf/rh.sphere.reg
Rescaling ...  original radius = 100
Building target registration hash (res=16).
Building source registration hash (res=16).
INFO: found  4727 nlabel points
Performing mapping from target back to the source label 164997
Number of reverse mapping hits = 2340
Checking for and removing duplicates
Writing label file ./rh.V1_exvivo.label 7067
mri_label2label: Done


 mri_label2label --srcsubject fsaverage --srclabel /out/sourcedata/freesurfer/fsaverage/label/rh.V2_exvivo.label --trgsubject sub-v2s18x29509_ses-1 --trglabel ./rh.V2_exvivo.label --hemi rh --regmethod surface 


srclabel = /out/sourcedata/freesurfer/fsaverage/label/rh.V2_exvivo.label
srcsubject = fsaverage
trgsubject = sub-v2s18x29509_ses-1
trglabel = ./rh.V2_exvivo.label
regmethod = surface

srchemi = rh
trghemi = rh
trgsurface = white
srcsurfreg = sphere.reg
trgsurfreg = sphere.reg
usehash = 1
Use ProjAbs  = 0, 0
Use ProjFrac = 0, 0
DoPaint 0

SUBJECTS_DIR    /out/sourcedata/freesurfer
FREESURFER_HOME /opt/freesurfer
Loading source label.
Found 8016 points in source label.
Starting surface-based mapping
Reading source registration 
 /out/sourcedata/freesurfer/fsaverage/surf/rh.sphere.reg
Rescaling ...  original radius = 100
Reading target surface 
 /out/sourcedata/freesurfer/sub-v2s18x29509_ses-1/surf/rh.white
Reading target registration 
 /out/sourcedata/freesurfer/sub-v2s18x29509_ses-1/surf/rh.sphere.reg
Rescaling ...  original radius = 100
Building target registration hash (res=16).
Building source registration hash (res=16).
INFO: found  8016 nlabel points
Performing mapping from target back to the source label 164997
Number of reverse mapping hits = 3899
Checking for and removing duplicates
Writing label file ./rh.V2_exvivo.label 11915
mri_label2label: Done


 mri_label2label --srcsubject fsaverage --srclabel /out/sourcedata/freesurfer/fsaverage/label/rh.MT_exvivo.label --trgsubject sub-v2s18x29509_ses-1 --trglabel ./rh.MT_exvivo.label --hemi rh --regmethod surface 


srclabel = /out/sourcedata/freesurfer/fsaverage/label/rh.MT_exvivo.label
srcsubject = fsaverage
trgsubject = sub-v2s18x29509_ses-1
trglabel = ./rh.MT_exvivo.label
regmethod = surface

srchemi = rh
trghemi = rh
trgsurface = white
srcsurfreg = sphere.reg
trgsurfreg = sphere.reg
usehash = 1
Use ProjAbs  = 0, 0
Use ProjFrac = 0, 0
DoPaint 0

SUBJECTS_DIR    /out/sourcedata/freesurfer
FREESURFER_HOME /opt/freesurfer
Loading source label.
Found 1932 points in source label.
Starting surface-based mapping
Reading source registration 
 /out/sourcedata/freesurfer/fsaverage/surf/rh.sphere.reg
Rescaling ...  original radius = 100
Reading target surface 
 /out/sourcedata/freesurfer/sub-v2s18x29509_ses-1/surf/rh.white
Reading target registration 
 /out/sourcedata/freesurfer/sub-v2s18x29509_ses-1/surf/rh.sphere.reg
Rescaling ...  original radius = 100
Building target registration hash (res=16).
Building source registration hash (res=16).
INFO: found  1932 nlabel points
Performing mapping from target back to the source label 164997
Number of reverse mapping hits = 709
Checking for and removing duplicates
Writing label file ./rh.MT_exvivo.label 2641
mri_label2label: Done


 mri_label2label --srcsubject fsaverage --srclabel /out/sourcedata/freesurfer/fsaverage/label/rh.entorhinal_exvivo.label --trgsubject sub-v2s18x29509_ses-1 --trglabel ./rh.entorhinal_exvivo.label --hemi rh --regmethod surface 


srclabel = /out/sourcedata/freesurfer/fsaverage/label/rh.entorhinal_exvivo.label
srcsubject = fsaverage
trgsubject = sub-v2s18x29509_ses-1
trglabel = ./rh.entorhinal_exvivo.label
regmethod = surface

srchemi = rh
trghemi = rh
trgsurface = white
srcsurfreg = sphere.reg
trgsurfreg = sphere.reg
usehash = 1
Use ProjAbs  = 0, 0
Use ProjFrac = 0, 0
DoPaint 0

SUBJECTS_DIR    /out/sourcedata/freesurfer
FREESURFER_HOME /opt/freesurfer
Loading source label.
Found 1038 points in source label.
Starting surface-based mapping
Reading source registration 
 /out/sourcedata/freesurfer/fsaverage/surf/rh.sphere.reg
Rescaling ...  original radius = 100
Reading target surface 
 /out/sourcedata/freesurfer/sub-v2s18x29509_ses-1/surf/rh.white
Reading target registration 
 /out/sourcedata/freesurfer/sub-v2s18x29509_ses-1/surf/rh.sphere.reg
Rescaling ...  original radius = 100
Building target registration hash (res=16).
Building source registration hash (res=16).
INFO: found  1038 nlabel points
Performing mapping from target back to the source label 164997
Number of reverse mapping hits = 164
Checking for and removing duplicates
Writing label file ./rh.entorhinal_exvivo.label 1202
mri_label2label: Done


 mri_label2label --srcsubject fsaverage --srclabel /out/sourcedata/freesurfer/fsaverage/label/rh.perirhinal_exvivo.label --trgsubject sub-v2s18x29509_ses-1 --trglabel ./rh.perirhinal_exvivo.label --hemi rh --regmethod surface 


srclabel = /out/sourcedata/freesurfer/fsaverage/label/rh.perirhinal_exvivo.label
srcsubject = fsaverage
trgsubject = sub-v2s18x29509_ses-1
trglabel = ./rh.perirhinal_exvivo.label
regmethod = surface

srchemi = rh
trghemi = rh
trgsurface = white
srcsurfreg = sphere.reg
trgsurfreg = sphere.reg
usehash = 1
Use ProjAbs  = 0, 0
Use ProjFrac = 0, 0
DoPaint 0

SUBJECTS_DIR    /out/sourcedata/freesurfer
FREESURFER_HOME /opt/freesurfer
Loading source label.
Found 752 points in source label.
Starting surface-based mapping
Reading source registration 
 /out/sourcedata/freesurfer/fsaverage/surf/rh.sphere.reg
Rescaling ...  original radius = 100
Reading target surface 
 /out/sourcedata/freesurfer/sub-v2s18x29509_ses-1/surf/rh.white
Reading target registration 
 /out/sourcedata/freesurfer/sub-v2s18x29509_ses-1/surf/rh.sphere.reg
Rescaling ...  original radius = 100
Building target registration hash (res=16).
Building source registration hash (res=16).
INFO: found  752 nlabel points
Performing mapping from target back to the source label 164997
Number of reverse mapping hits = 125
Checking for and removing duplicates
Writing label file ./rh.perirhinal_exvivo.label 877
mri_label2label: Done


 mri_label2label --srcsubject fsaverage --srclabel /out/sourcedata/freesurfer/fsaverage/label/rh.FG1.mpm.vpnl.label --trgsubject sub-v2s18x29509_ses-1 --trglabel ./rh.FG1.mpm.vpnl.label --hemi rh --regmethod surface 


srclabel = /out/sourcedata/freesurfer/fsaverage/label/rh.FG1.mpm.vpnl.label
srcsubject = fsaverage
trgsubject = sub-v2s18x29509_ses-1
trglabel = ./rh.FG1.mpm.vpnl.label
regmethod = surface

srchemi = rh
trghemi = rh
trgsurface = white
srcsurfreg = sphere.reg
trgsurfreg = sphere.reg
usehash = 1
Use ProjAbs  = 0, 0
Use ProjFrac = 0, 0
DoPaint 0

SUBJECTS_DIR    /out/sourcedata/freesurfer
FREESURFER_HOME /opt/freesurfer
Loading source label.
Found 541 points in source label.
Starting surface-based mapping
Reading source registration 
 /out/sourcedata/freesurfer/fsaverage/surf/rh.sphere.reg
Rescaling ...  original radius = 100
Reading target surface 
 /out/sourcedata/freesurfer/sub-v2s18x29509_ses-1/surf/rh.white
Reading target registration 
 /out/sourcedata/freesurfer/sub-v2s18x29509_ses-1/surf/rh.sphere.reg
Rescaling ...  original radius = 100
Building target registration hash (res=16).
Building source registration hash (res=16).
INFO: found  541 nlabel points
Performing mapping from target back to the source label 164997
Number of reverse mapping hits = 370
Checking for and removing duplicates
Writing label file ./rh.FG1.mpm.vpnl.label 911
mri_label2label: Done


 mri_label2label --srcsubject fsaverage --srclabel /out/sourcedata/freesurfer/fsaverage/label/rh.FG2.mpm.vpnl.label --trgsubject sub-v2s18x29509_ses-1 --trglabel ./rh.FG2.mpm.vpnl.label --hemi rh --regmethod surface 


srclabel = /out/sourcedata/freesurfer/fsaverage/label/rh.FG2.mpm.vpnl.label
srcsubject = fsaverage
trgsubject = sub-v2s18x29509_ses-1
trglabel = ./rh.FG2.mpm.vpnl.label
regmethod = surface

srchemi = rh
trghemi = rh
trgsurface = white
srcsurfreg = sphere.reg
trgsurfreg = sphere.reg
usehash = 1
Use ProjAbs  = 0, 0
Use ProjFrac = 0, 0
DoPaint 0

SUBJECTS_DIR    /out/sourcedata/freesurfer
FREESURFER_HOME /opt/freesurfer
Loading source label.
Found 721 points in source label.
Starting surface-based mapping
Reading source registration 
 /out/sourcedata/freesurfer/fsaverage/surf/rh.sphere.reg
Rescaling ...  original radius = 100
Reading target surface 
 /out/sourcedata/freesurfer/sub-v2s18x29509_ses-1/surf/rh.white
Reading target registration 
 /out/sourcedata/freesurfer/sub-v2s18x29509_ses-1/surf/rh.sphere.reg
Rescaling ...  original radius = 100
Building target registration hash (res=16).
Building source registration hash (res=16).
INFO: found  721 nlabel points
Performing mapping from target back to the source label 164997
Number of reverse mapping hits = 463
Checking for and removing duplicates
Writing label file ./rh.FG2.mpm.vpnl.label 1184
mri_label2label: Done


 mri_label2label --srcsubject fsaverage --srclabel /out/sourcedata/freesurfer/fsaverage/label/rh.FG3.mpm.vpnl.label --trgsubject sub-v2s18x29509_ses-1 --trglabel ./rh.FG3.mpm.vpnl.label --hemi rh --regmethod surface 


srclabel = /out/sourcedata/freesurfer/fsaverage/label/rh.FG3.mpm.vpnl.label
srcsubject = fsaverage
trgsubject = sub-v2s18x29509_ses-1
trglabel = ./rh.FG3.mpm.vpnl.label
regmethod = surface

srchemi = rh
trghemi = rh
trgsurface = white
srcsurfreg = sphere.reg
trgsurfreg = sphere.reg
usehash = 1
Use ProjAbs  = 0, 0
Use ProjFrac = 0, 0
DoPaint 0

SUBJECTS_DIR    /out/sourcedata/freesurfer
FREESURFER_HOME /opt/freesurfer
Loading source label.
Found 1523 points in source label.
Starting surface-based mapping
Reading source registration 
 /out/sourcedata/freesurfer/fsaverage/surf/rh.sphere.reg
Rescaling ...  original radius = 100
Reading target surface 
 /out/sourcedata/freesurfer/sub-v2s18x29509_ses-1/surf/rh.white
Reading target registration 
 /out/sourcedata/freesurfer/sub-v2s18x29509_ses-1/surf/rh.sphere.reg
Rescaling ...  original radius = 100
Building target registration hash (res=16).
Building source registration hash (res=16).
INFO: found  1523 nlabel points
Performing mapping from target back to the source label 164997
Number of reverse mapping hits = 519
Checking for and removing duplicates
Writing label file ./rh.FG3.mpm.vpnl.label 2042
mri_label2label: Done


 mri_label2label --srcsubject fsaverage --srclabel /out/sourcedata/freesurfer/fsaverage/label/rh.FG4.mpm.vpnl.label --trgsubject sub-v2s18x29509_ses-1 --trglabel ./rh.FG4.mpm.vpnl.label --hemi rh --regmethod surface 


srclabel = /out/sourcedata/freesurfer/fsaverage/label/rh.FG4.mpm.vpnl.label
srcsubject = fsaverage
trgsubject = sub-v2s18x29509_ses-1
trglabel = ./rh.FG4.mpm.vpnl.label
regmethod = surface

srchemi = rh
trghemi = rh
trgsurface = white
srcsurfreg = sphere.reg
trgsurfreg = sphere.reg
usehash = 1
Use ProjAbs  = 0, 0
Use ProjFrac = 0, 0
DoPaint 0

SUBJECTS_DIR    /out/sourcedata/freesurfer
FREESURFER_HOME /opt/freesurfer
Loading source label.
Found 1586 points in source label.
Starting surface-based mapping
Reading source registration 
 /out/sourcedata/freesurfer/fsaverage/surf/rh.sphere.reg
Rescaling ...  original radius = 100
Reading target surface 
 /out/sourcedata/freesurfer/sub-v2s18x29509_ses-1/surf/rh.white
Reading target registration 
 /out/sourcedata/freesurfer/sub-v2s18x29509_ses-1/surf/rh.sphere.reg
Rescaling ...  original radius = 100
Building target registration hash (res=16).
Building source registration hash (res=16).
INFO: found  1586 nlabel points
Performing mapping from target back to the source label 164997
Number of reverse mapping hits = 630
Checking for and removing duplicates
Writing label file ./rh.FG4.mpm.vpnl.label 2216
mri_label2label: Done


 mri_label2label --srcsubject fsaverage --srclabel /out/sourcedata/freesurfer/fsaverage/label/rh.hOc1.mpm.vpnl.label --trgsubject sub-v2s18x29509_ses-1 --trglabel ./rh.hOc1.mpm.vpnl.label --hemi rh --regmethod surface 


srclabel = /out/sourcedata/freesurfer/fsaverage/label/rh.hOc1.mpm.vpnl.label
srcsubject = fsaverage
trgsubject = sub-v2s18x29509_ses-1
trglabel = ./rh.hOc1.mpm.vpnl.label
regmethod = surface

srchemi = rh
trghemi = rh
trgsurface = white
srcsurfreg = sphere.reg
trgsurfreg = sphere.reg
usehash = 1
Use ProjAbs  = 0, 0
Use ProjFrac = 0, 0
DoPaint 0

SUBJECTS_DIR    /out/sourcedata/freesurfer
FREESURFER_HOME /opt/freesurfer
Loading source label.
Found 3667 points in source label.
Starting surface-based mapping
Reading source registration 
 /out/sourcedata/freesurfer/fsaverage/surf/rh.sphere.reg
Rescaling ...  original radius = 100
Reading target surface 
 /out/sourcedata/freesurfer/sub-v2s18x29509_ses-1/surf/rh.white
Reading target registration 
 /out/sourcedata/freesurfer/sub-v2s18x29509_ses-1/surf/rh.sphere.reg
Rescaling ...  original radius = 100
Building target registration hash (res=16).
Building source registration hash (res=16).
INFO: found  3667 nlabel points
Performing mapping from target back to the source label 164997
Number of reverse mapping hits = 1813
Checking for and removing duplicates
Writing label file ./rh.hOc1.mpm.vpnl.label 5480
mri_label2label: Done


 mri_label2label --srcsubject fsaverage --srclabel /out/sourcedata/freesurfer/fsaverage/label/rh.hOc2.mpm.vpnl.label --trgsubject sub-v2s18x29509_ses-1 --trglabel ./rh.hOc2.mpm.vpnl.label --hemi rh --regmethod surface 


srclabel = /out/sourcedata/freesurfer/fsaverage/label/rh.hOc2.mpm.vpnl.label
srcsubject = fsaverage
trgsubject = sub-v2s18x29509_ses-1
trglabel = ./rh.hOc2.mpm.vpnl.label
regmethod = surface

srchemi = rh
trghemi = rh
trgsurface = white
srcsurfreg = sphere.reg
trgsurfreg = sphere.reg
usehash = 1
Use ProjAbs  = 0, 0
Use ProjFrac = 0, 0
DoPaint 0

SUBJECTS_DIR    /out/sourcedata/freesurfer
FREESURFER_HOME /opt/freesurfer
Loading source label.
Found 2719 points in source label.
Starting surface-based mapping
Reading source registration 
 /out/sourcedata/freesurfer/fsaverage/surf/rh.sphere.reg
Rescaling ...  original radius = 100
Reading target surface 
 /out/sourcedata/freesurfer/sub-v2s18x29509_ses-1/surf/rh.white
Reading target registration 
 /out/sourcedata/freesurfer/sub-v2s18x29509_ses-1/surf/rh.sphere.reg
Rescaling ...  original radius = 100
Building target registration hash (res=16).
Building source registration hash (res=16).
INFO: found  2719 nlabel points
Performing mapping from target back to the source label 164997
Number of reverse mapping hits = 1481
Checking for and removing duplicates
Writing label file ./rh.hOc2.mpm.vpnl.label 4200
mri_label2label: Done


 mri_label2label --srcsubject fsaverage --srclabel /out/sourcedata/freesurfer/fsaverage/label/rh.hOc3v.mpm.vpnl.label --trgsubject sub-v2s18x29509_ses-1 --trglabel ./rh.hOc3v.mpm.vpnl.label --hemi rh --regmethod surface 


srclabel = /out/sourcedata/freesurfer/fsaverage/label/rh.hOc3v.mpm.vpnl.label
srcsubject = fsaverage
trgsubject = sub-v2s18x29509_ses-1
trglabel = ./rh.hOc3v.mpm.vpnl.label
regmethod = surface

srchemi = rh
trghemi = rh
trgsurface = white
srcsurfreg = sphere.reg
trgsurfreg = sphere.reg
usehash = 1
Use ProjAbs  = 0, 0
Use ProjFrac = 0, 0
DoPaint 0

SUBJECTS_DIR    /out/sourcedata/freesurfer
FREESURFER_HOME /opt/freesurfer
Loading source label.
Found 1228 points in source label.
Starting surface-based mapping
Reading source registration 
 /out/sourcedata/freesurfer/fsaverage/surf/rh.sphere.reg
Rescaling ...  original radius = 100
Reading target surface 
 /out/sourcedata/freesurfer/sub-v2s18x29509_ses-1/surf/rh.white
Reading target registration 
 /out/sourcedata/freesurfer/sub-v2s18x29509_ses-1/surf/rh.sphere.reg
Rescaling ...  original radius = 100
Building target registration hash (res=16).
Building source registration hash (res=16).
INFO: found  1228 nlabel points
Performing mapping from target back to the source label 164997
Number of reverse mapping hits = 663
Checking for and removing duplicates
Writing label file ./rh.hOc3v.mpm.vpnl.label 1891
mri_label2label: Done


 mri_label2label --srcsubject fsaverage --srclabel /out/sourcedata/freesurfer/fsaverage/label/rh.hOc4v.mpm.vpnl.label --trgsubject sub-v2s18x29509_ses-1 --trglabel ./rh.hOc4v.mpm.vpnl.label --hemi rh --regmethod surface 


srclabel = /out/sourcedata/freesurfer/fsaverage/label/rh.hOc4v.mpm.vpnl.label
srcsubject = fsaverage
trgsubject = sub-v2s18x29509_ses-1
trglabel = ./rh.hOc4v.mpm.vpnl.label
regmethod = surface

srchemi = rh
trghemi = rh
trgsurface = white
srcsurfreg = sphere.reg
trgsurfreg = sphere.reg
usehash = 1
Use ProjAbs  = 0, 0
Use ProjFrac = 0, 0
DoPaint 0

SUBJECTS_DIR    /out/sourcedata/freesurfer
FREESURFER_HOME /opt/freesurfer
Loading source label.
Found 1025 points in source label.
Starting surface-based mapping
Reading source registration 
 /out/sourcedata/freesurfer/fsaverage/surf/rh.sphere.reg
Rescaling ...  original radius = 100
Reading target surface 
 /out/sourcedata/freesurfer/sub-v2s18x29509_ses-1/surf/rh.white
Reading target registration 
 /out/sourcedata/freesurfer/sub-v2s18x29509_ses-1/surf/rh.sphere.reg
Rescaling ...  original radius = 100
Building target registration hash (res=16).
Building source registration hash (res=16).
INFO: found  1025 nlabel points
Performing mapping from target back to the source label 164997
Number of reverse mapping hits = 528
Checking for and removing duplicates
Writing label file ./rh.hOc4v.mpm.vpnl.label 1553
mri_label2label: Done


 mris_label2annot --s sub-v2s18x29509_ses-1 --ctab /opt/freesurfer/average/colortable_vpnl.txt --hemi rh --a mpm.vpnl --maxstatwinner --noverbose --l rh.FG1.mpm.vpnl.label --l rh.FG2.mpm.vpnl.label --l rh.FG3.mpm.vpnl.label --l rh.FG4.mpm.vpnl.label --l rh.hOc1.mpm.vpnl.label --l rh.hOc2.mpm.vpnl.label --l rh.hOc3v.mpm.vpnl.label --l rh.hOc4v.mpm.vpnl.label 

Reading ctab /opt/freesurfer/average/colortable_vpnl.txt
Number of ctab entries 9

7.3.2
cwd /out/sourcedata/freesurfer/sub-v2s18x29509_ses-1/label
cmdline mris_label2annot --s sub-v2s18x29509_ses-1 --ctab /opt/freesurfer/average/colortable_vpnl.txt --hemi rh --a mpm.vpnl --maxstatwinner --noverbose --l rh.FG1.mpm.vpnl.label --l rh.FG2.mpm.vpnl.label --l rh.FG3.mpm.vpnl.label --l rh.FG4.mpm.vpnl.label --l rh.hOc1.mpm.vpnl.label --l rh.hOc2.mpm.vpnl.label --l rh.hOc3v.mpm.vpnl.label --l rh.hOc4v.mpm.vpnl.label 
sysname  Linux
hostname dna087
machine  x86_64
user     oesteban

subject sub-v2s18x29509_ses-1
hemi    rh
SUBJECTS_DIR /out/sourcedata/freesurfer
ColorTable /opt/freesurfer/average/colortable_vpnl.txt
AnnotName  mpm.vpnl
nlables 8
LabelThresh 0 0.000000
Loading /out/sourcedata/freesurfer/sub-v2s18x29509_ses-1/surf/rh.orig
 1 1376057 FG1
 2 16711935 FG2
 3 16711680 FG3
 4 1705837 FG4
 5 25600 hOc1
 6 255 hOc2
 7 16776960 hOc3v
 8 65535 hOc4v
Mapping unhit to unknown
Found 145864 unhit vertices
Writing annot to /out/sourcedata/freesurfer/sub-v2s18x29509_ses-1/label/rh.mpm.vpnl.annot

 mri_label2label --srcsubject fsaverage --srclabel /out/sourcedata/freesurfer/fsaverage/label/rh.BA1_exvivo.thresh.label --trgsubject sub-v2s18x29509_ses-1 --trglabel ./rh.BA1_exvivo.thresh.label --hemi rh --regmethod surface 


srclabel = /out/sourcedata/freesurfer/fsaverage/label/rh.BA1_exvivo.thresh.label
srcsubject = fsaverage
trgsubject = sub-v2s18x29509_ses-1
trglabel = ./rh.BA1_exvivo.thresh.label
regmethod = surface

srchemi = rh
trghemi = rh
trgsurface = white
srcsurfreg = sphere.reg
trgsurfreg = sphere.reg
usehash = 1
Use ProjAbs  = 0, 0
Use ProjFrac = 0, 0
DoPaint 0

SUBJECTS_DIR    /out/sourcedata/freesurfer
FREESURFER_HOME /opt/freesurfer
Loading source label.
Found 876 points in source label.
Starting surface-based mapping
Reading source registration 
 /out/sourcedata/freesurfer/fsaverage/surf/rh.sphere.reg
Rescaling ...  original radius = 100
Reading target surface 
 /out/sourcedata/freesurfer/sub-v2s18x29509_ses-1/surf/rh.white
Reading target registration 
 /out/sourcedata/freesurfer/sub-v2s18x29509_ses-1/surf/rh.sphere.reg
Rescaling ...  original radius = 100
Building target registration hash (res=16).
Building source registration hash (res=16).
INFO: found  876 nlabel points
Performing mapping from target back to the source label 164997
Number of reverse mapping hits = 155
Checking for and removing duplicates
Writing label file ./rh.BA1_exvivo.thresh.label 1031
mri_label2label: Done


 mri_label2label --srcsubject fsaverage --srclabel /out/sourcedata/freesurfer/fsaverage/label/rh.BA2_exvivo.thresh.label --trgsubject sub-v2s18x29509_ses-1 --trglabel ./rh.BA2_exvivo.thresh.label --hemi rh --regmethod surface 


srclabel = /out/sourcedata/freesurfer/fsaverage/label/rh.BA2_exvivo.thresh.label
srcsubject = fsaverage
trgsubject = sub-v2s18x29509_ses-1
trglabel = ./rh.BA2_exvivo.thresh.label
regmethod = surface

srchemi = rh
trghemi = rh
trgsurface = white
srcsurfreg = sphere.reg
trgsurfreg = sphere.reg
usehash = 1
Use ProjAbs  = 0, 0
Use ProjFrac = 0, 0
DoPaint 0

SUBJECTS_DIR    /out/sourcedata/freesurfer
FREESURFER_HOME /opt/freesurfer
Loading source label.
Found 2688 points in source label.
Starting surface-based mapping
Reading source registration 
 /out/sourcedata/freesurfer/fsaverage/surf/rh.sphere.reg
Rescaling ...  original radius = 100
Reading target surface 
 /out/sourcedata/freesurfer/sub-v2s18x29509_ses-1/surf/rh.white
Reading target registration 
 /out/sourcedata/freesurfer/sub-v2s18x29509_ses-1/surf/rh.sphere.reg
Rescaling ...  original radius = 100
Building target registration hash (res=16).
Building source registration hash (res=16).
INFO: found  2688 nlabel points
Performing mapping from target back to the source label 164997
Number of reverse mapping hits = 66
Checking for and removing duplicates
Writing label file ./rh.BA2_exvivo.thresh.label 2754
mri_label2label: Done


 mri_label2label --srcsubject fsaverage --srclabel /out/sourcedata/freesurfer/fsaverage/label/rh.BA3a_exvivo.thresh.label --trgsubject sub-v2s18x29509_ses-1 --trglabel ./rh.BA3a_exvivo.thresh.label --hemi rh --regmethod surface 


srclabel = /out/sourcedata/freesurfer/fsaverage/label/rh.BA3a_exvivo.thresh.label
srcsubject = fsaverage
trgsubject = sub-v2s18x29509_ses-1
trglabel = ./rh.BA3a_exvivo.thresh.label
regmethod = surface

srchemi = rh
trghemi = rh
trgsurface = white
srcsurfreg = sphere.reg
trgsurfreg = sphere.reg
usehash = 1
Use ProjAbs  = 0, 0
Use ProjFrac = 0, 0
DoPaint 0

SUBJECTS_DIR    /out/sourcedata/freesurfer
FREESURFER_HOME /opt/freesurfer
Loading source label.
Found 1698 points in source label.
Starting surface-based mapping
Reading source registration 
 /out/sourcedata/freesurfer/fsaverage/surf/rh.sphere.reg
Rescaling ...  original radius = 100
Reading target surface 
 /out/sourcedata/freesurfer/sub-v2s18x29509_ses-1/surf/rh.white
Reading target registration 
 /out/sourcedata/freesurfer/sub-v2s18x29509_ses-1/surf/rh.sphere.reg
Rescaling ...  original radius = 100
Building target registration hash (res=16).
Building source registration hash (res=16).
INFO: found  1698 nlabel points
Performing mapping from target back to the source label 164997
Number of reverse mapping hits = 24
Checking for and removing duplicates
Writing label file ./rh.BA3a_exvivo.thresh.label 1722
mri_label2label: Done


 mri_label2label --srcsubject fsaverage --srclabel /out/sourcedata/freesurfer/fsaverage/label/rh.BA3b_exvivo.thresh.label --trgsubject sub-v2s18x29509_ses-1 --trglabel ./rh.BA3b_exvivo.thresh.label --hemi rh --regmethod surface 


srclabel = /out/sourcedata/freesurfer/fsaverage/label/rh.BA3b_exvivo.thresh.label
srcsubject = fsaverage
trgsubject = sub-v2s18x29509_ses-1
trglabel = ./rh.BA3b_exvivo.thresh.label
regmethod = surface

srchemi = rh
trghemi = rh
trgsurface = white
srcsurfreg = sphere.reg
trgsurfreg = sphere.reg
usehash = 1
Use ProjAbs  = 0, 0
Use ProjFrac = 0, 0
DoPaint 0

SUBJECTS_DIR    /out/sourcedata/freesurfer
FREESURFER_HOME /opt/freesurfer
Loading source label.
Found 2183 points in source label.
Starting surface-based mapping
Reading source registration 
 /out/sourcedata/freesurfer/fsaverage/surf/rh.sphere.reg
Rescaling ...  original radius = 100
Reading target surface 
 /out/sourcedata/freesurfer/sub-v2s18x29509_ses-1/surf/rh.white
Reading target registration 
 /out/sourcedata/freesurfer/sub-v2s18x29509_ses-1/surf/rh.sphere.reg
Rescaling ...  original radius = 100
Building target registration hash (res=16).
Building source registration hash (res=16).
INFO: found  2183 nlabel points
Performing mapping from target back to the source label 164997
Number of reverse mapping hits = 108
Checking for and removing duplicates
Writing label file ./rh.BA3b_exvivo.thresh.label 2291
mri_label2label: Done


 mri_label2label --srcsubject fsaverage --srclabel /out/sourcedata/freesurfer/fsaverage/label/rh.BA4a_exvivo.thresh.label --trgsubject sub-v2s18x29509_ses-1 --trglabel ./rh.BA4a_exvivo.thresh.label --hemi rh --regmethod surface 


srclabel = /out/sourcedata/freesurfer/fsaverage/label/rh.BA4a_exvivo.thresh.label
srcsubject = fsaverage
trgsubject = sub-v2s18x29509_ses-1
trglabel = ./rh.BA4a_exvivo.thresh.label
regmethod = surface

srchemi = rh
trghemi = rh
trgsurface = white
srcsurfreg = sphere.reg
trgsurfreg = sphere.reg
usehash = 1
Use ProjAbs  = 0, 0
Use ProjFrac = 0, 0
DoPaint 0

SUBJECTS_DIR    /out/sourcedata/freesurfer
FREESURFER_HOME /opt/freesurfer
Loading source label.
Found 1388 points in source label.
Starting surface-based mapping
Reading source registration 
 /out/sourcedata/freesurfer/fsaverage/surf/rh.sphere.reg
Rescaling ...  original radius = 100
Reading target surface 
 /out/sourcedata/freesurfer/sub-v2s18x29509_ses-1/surf/rh.white
Reading target registration 
 /out/sourcedata/freesurfer/sub-v2s18x29509_ses-1/surf/rh.sphere.reg
Rescaling ...  original radius = 100
Building target registration hash (res=16).
Building source registration hash (res=16).
INFO: found  1388 nlabel points
Performing mapping from target back to the source label 164997
Number of reverse mapping hits = 145
Checking for and removing duplicates
Writing label file ./rh.BA4a_exvivo.thresh.label 1533
mri_label2label: Done


 mri_label2label --srcsubject fsaverage --srclabel /out/sourcedata/freesurfer/fsaverage/label/rh.BA4p_exvivo.thresh.label --trgsubject sub-v2s18x29509_ses-1 --trglabel ./rh.BA4p_exvivo.thresh.label --hemi rh --regmethod surface 


srclabel = /out/sourcedata/freesurfer/fsaverage/label/rh.BA4p_exvivo.thresh.label
srcsubject = fsaverage
trgsubject = sub-v2s18x29509_ses-1
trglabel = ./rh.BA4p_exvivo.thresh.label
regmethod = surface

srchemi = rh
trghemi = rh
trgsurface = white
srcsurfreg = sphere.reg
trgsurfreg = sphere.reg
usehash = 1
Use ProjAbs  = 0, 0
Use ProjFrac = 0, 0
DoPaint 0

SUBJECTS_DIR    /out/sourcedata/freesurfer
FREESURFER_HOME /opt/freesurfer
Loading source label.
Found 1489 points in source label.
Starting surface-based mapping
Reading source registration 
 /out/sourcedata/freesurfer/fsaverage/surf/rh.sphere.reg
Rescaling ...  original radius = 100
Reading target surface 
 /out/sourcedata/freesurfer/sub-v2s18x29509_ses-1/surf/rh.white
Reading target registration 
 /out/sourcedata/freesurfer/sub-v2s18x29509_ses-1/surf/rh.sphere.reg
Rescaling ...  original radius = 100
Building target registration hash (res=16).
Building source registration hash (res=16).
INFO: found  1489 nlabel points
Performing mapping from target back to the source label 164997
Number of reverse mapping hits = 57
Checking for and removing duplicates
Writing label file ./rh.BA4p_exvivo.thresh.label 1546
mri_label2label: Done


 mri_label2label --srcsubject fsaverage --srclabel /out/sourcedata/freesurfer/fsaverage/label/rh.BA6_exvivo.thresh.label --trgsubject sub-v2s18x29509_ses-1 --trglabel ./rh.BA6_exvivo.thresh.label --hemi rh --regmethod surface 


srclabel = /out/sourcedata/freesurfer/fsaverage/label/rh.BA6_exvivo.thresh.label
srcsubject = fsaverage
trgsubject = sub-v2s18x29509_ses-1
trglabel = ./rh.BA6_exvivo.thresh.label
regmethod = surface

srchemi = rh
trghemi = rh
trgsurface = white
srcsurfreg = sphere.reg
trgsurfreg = sphere.reg
usehash = 1
Use ProjAbs  = 0, 0
Use ProjFrac = 0, 0
DoPaint 0

SUBJECTS_DIR    /out/sourcedata/freesurfer
FREESURFER_HOME /opt/freesurfer
Loading source label.
Found 6959 points in source label.
Starting surface-based mapping
Reading source registration 
 /out/sourcedata/freesurfer/fsaverage/surf/rh.sphere.reg
Rescaling ...  original radius = 100
Reading target surface 
 /out/sourcedata/freesurfer/sub-v2s18x29509_ses-1/surf/rh.white
Reading target registration 
 /out/sourcedata/freesurfer/sub-v2s18x29509_ses-1/surf/rh.sphere.reg
Rescaling ...  original radius = 100
Building target registration hash (res=16).
Building source registration hash (res=16).
INFO: found  6959 nlabel points
Performing mapping from target back to the source label 164997
Number of reverse mapping hits = 1057
Checking for and removing duplicates
Writing label file ./rh.BA6_exvivo.thresh.label 8016
mri_label2label: Done


 mri_label2label --srcsubject fsaverage --srclabel /out/sourcedata/freesurfer/fsaverage/label/rh.BA44_exvivo.thresh.label --trgsubject sub-v2s18x29509_ses-1 --trglabel ./rh.BA44_exvivo.thresh.label --hemi rh --regmethod surface 


srclabel = /out/sourcedata/freesurfer/fsaverage/label/rh.BA44_exvivo.thresh.label
srcsubject = fsaverage
trgsubject = sub-v2s18x29509_ses-1
trglabel = ./rh.BA44_exvivo.thresh.label
regmethod = surface

srchemi = rh
trghemi = rh
trgsurface = white
srcsurfreg = sphere.reg
trgsurfreg = sphere.reg
usehash = 1
Use ProjAbs  = 0, 0
Use ProjFrac = 0, 0
DoPaint 0

SUBJECTS_DIR    /out/sourcedata/freesurfer
FREESURFER_HOME /opt/freesurfer
Loading source label.
Found 1012 points in source label.
Starting surface-based mapping
Reading source registration 
 /out/sourcedata/freesurfer/fsaverage/surf/rh.sphere.reg
Rescaling ...  original radius = 100
Reading target surface 
 /out/sourcedata/freesurfer/sub-v2s18x29509_ses-1/surf/rh.white
Reading target registration 
 /out/sourcedata/freesurfer/sub-v2s18x29509_ses-1/surf/rh.sphere.reg
Rescaling ...  original radius = 100
Building target registration hash (res=16).
Building source registration hash (res=16).
INFO: found  1012 nlabel points
Performing mapping from target back to the source label 164997
Number of reverse mapping hits = 198
Checking for and removing duplicates
Writing label file ./rh.BA44_exvivo.thresh.label 1210
mri_label2label: Done


 mri_label2label --srcsubject fsaverage --srclabel /out/sourcedata/freesurfer/fsaverage/label/rh.BA45_exvivo.thresh.label --trgsubject sub-v2s18x29509_ses-1 --trglabel ./rh.BA45_exvivo.thresh.label --hemi rh --regmethod surface 


srclabel = /out/sourcedata/freesurfer/fsaverage/label/rh.BA45_exvivo.thresh.label
srcsubject = fsaverage
trgsubject = sub-v2s18x29509_ses-1
trglabel = ./rh.BA45_exvivo.thresh.label
regmethod = surface

srchemi = rh
trghemi = rh
trgsurface = white
srcsurfreg = sphere.reg
trgsurfreg = sphere.reg
usehash = 1
Use ProjAbs  = 0, 0
Use ProjFrac = 0, 0
DoPaint 0

SUBJECTS_DIR    /out/sourcedata/freesurfer
FREESURFER_HOME /opt/freesurfer
Loading source label.
Found 1178 points in source label.
Starting surface-based mapping
Reading source registration 
 /out/sourcedata/freesurfer/fsaverage/surf/rh.sphere.reg
Rescaling ...  original radius = 100
Reading target surface 
 /out/sourcedata/freesurfer/sub-v2s18x29509_ses-1/surf/rh.white
Reading target registration 
 /out/sourcedata/freesurfer/sub-v2s18x29509_ses-1/surf/rh.sphere.reg
Rescaling ...  original radius = 100
Building target registration hash (res=16).
Building source registration hash (res=16).
INFO: found  1178 nlabel points
Performing mapping from target back to the source label 164997
Number of reverse mapping hits = 254
Checking for and removing duplicates
Writing label file ./rh.BA45_exvivo.thresh.label 1432
mri_label2label: Done


 mri_label2label --srcsubject fsaverage --srclabel /out/sourcedata/freesurfer/fsaverage/label/rh.V1_exvivo.thresh.label --trgsubject sub-v2s18x29509_ses-1 --trglabel ./rh.V1_exvivo.thresh.label --hemi rh --regmethod surface 


srclabel = /out/sourcedata/freesurfer/fsaverage/label/rh.V1_exvivo.thresh.label
srcsubject = fsaverage
trgsubject = sub-v2s18x29509_ses-1
trglabel = ./rh.V1_exvivo.thresh.label
regmethod = surface

srchemi = rh
trghemi = rh
trgsurface = white
srcsurfreg = sphere.reg
trgsurfreg = sphere.reg
usehash = 1
Use ProjAbs  = 0, 0
Use ProjFrac = 0, 0
DoPaint 0

SUBJECTS_DIR    /out/sourcedata/freesurfer
FREESURFER_HOME /opt/freesurfer
Loading source label.
Found 3232 points in source label.
Starting surface-based mapping
Reading source registration 
 /out/sourcedata/freesurfer/fsaverage/surf/rh.sphere.reg
Rescaling ...  original radius = 100
Reading target surface 
 /out/sourcedata/freesurfer/sub-v2s18x29509_ses-1/surf/rh.white
Reading target registration 
 /out/sourcedata/freesurfer/sub-v2s18x29509_ses-1/surf/rh.sphere.reg
Rescaling ...  original radius = 100
Building target registration hash (res=16).
Building source registration hash (res=16).
INFO: found  3232 nlabel points
Performing mapping from target back to the source label 164997
Number of reverse mapping hits = 1579
Checking for and removing duplicates
Writing label file ./rh.V1_exvivo.thresh.label 4811
mri_label2label: Done


 mri_label2label --srcsubject fsaverage --srclabel /out/sourcedata/freesurfer/fsaverage/label/rh.V2_exvivo.thresh.label --trgsubject sub-v2s18x29509_ses-1 --trglabel ./rh.V2_exvivo.thresh.label --hemi rh --regmethod surface 


srclabel = /out/sourcedata/freesurfer/fsaverage/label/rh.V2_exvivo.thresh.label
srcsubject = fsaverage
trgsubject = sub-v2s18x29509_ses-1
trglabel = ./rh.V2_exvivo.thresh.label
regmethod = surface

srchemi = rh
trghemi = rh
trgsurface = white
srcsurfreg = sphere.reg
trgsurfreg = sphere.reg
usehash = 1
Use ProjAbs  = 0, 0
Use ProjFrac = 0, 0
DoPaint 0

SUBJECTS_DIR    /out/sourcedata/freesurfer
FREESURFER_HOME /opt/freesurfer
Loading source label.
Found 3437 points in source label.
Starting surface-based mapping
Reading source registration 
 /out/sourcedata/freesurfer/fsaverage/surf/rh.sphere.reg
Rescaling ...  original radius = 100
Reading target surface 
 /out/sourcedata/freesurfer/sub-v2s18x29509_ses-1/surf/rh.white
Reading target registration 
 /out/sourcedata/freesurfer/sub-v2s18x29509_ses-1/surf/rh.sphere.reg
Rescaling ...  original radius = 100
Building target registration hash (res=16).
Building source registration hash (res=16).
INFO: found  3437 nlabel points
Performing mapping from target back to the source label 164997
Number of reverse mapping hits = 1881
Checking for and removing duplicates
Writing label file ./rh.V2_exvivo.thresh.label 5318
mri_label2label: Done


 mri_label2label --srcsubject fsaverage --srclabel /out/sourcedata/freesurfer/fsaverage/label/rh.MT_exvivo.thresh.label --trgsubject sub-v2s18x29509_ses-1 --trglabel ./rh.MT_exvivo.thresh.label --hemi rh --regmethod surface 


srclabel = /out/sourcedata/freesurfer/fsaverage/label/rh.MT_exvivo.thresh.label
srcsubject = fsaverage
trgsubject = sub-v2s18x29509_ses-1
trglabel = ./rh.MT_exvivo.thresh.label
regmethod = surface

srchemi = rh
trghemi = rh
trgsurface = white
srcsurfreg = sphere.reg
trgsurfreg = sphere.reg
usehash = 1
Use ProjAbs  = 0, 0
Use ProjFrac = 0, 0
DoPaint 0

SUBJECTS_DIR    /out/sourcedata/freesurfer
FREESURFER_HOME /opt/freesurfer
Loading source label.
Found 268 points in source label.
Starting surface-based mapping
Reading source registration 
 /out/sourcedata/freesurfer/fsaverage/surf/rh.sphere.reg
Rescaling ...  original radius = 100
Reading target surface 
 /out/sourcedata/freesurfer/sub-v2s18x29509_ses-1/surf/rh.white
Reading target registration 
 /out/sourcedata/freesurfer/sub-v2s18x29509_ses-1/surf/rh.sphere.reg
Rescaling ...  original radius = 100
Building target registration hash (res=16).
Building source registration hash (res=16).
INFO: found  268 nlabel points
Performing mapping from target back to the source label 164997
Number of reverse mapping hits = 117
Checking for and removing duplicates
Writing label file ./rh.MT_exvivo.thresh.label 385
mri_label2label: Done


 mri_label2label --srcsubject fsaverage --srclabel /out/sourcedata/freesurfer/fsaverage/label/rh.entorhinal_exvivo.thresh.label --trgsubject sub-v2s18x29509_ses-1 --trglabel ./rh.entorhinal_exvivo.thresh.label --hemi rh --regmethod surface 


srclabel = /out/sourcedata/freesurfer/fsaverage/label/rh.entorhinal_exvivo.thresh.label
srcsubject = fsaverage
trgsubject = sub-v2s18x29509_ses-1
trglabel = ./rh.entorhinal_exvivo.thresh.label
regmethod = surface

srchemi = rh
trghemi = rh
trgsurface = white
srcsurfreg = sphere.reg
trgsurfreg = sphere.reg
usehash = 1
Use ProjAbs  = 0, 0
Use ProjFrac = 0, 0
DoPaint 0

SUBJECTS_DIR    /out/sourcedata/freesurfer
FREESURFER_HOME /opt/freesurfer
Loading source label.
Found 694 points in source label.
Starting surface-based mapping
Reading source registration 
 /out/sourcedata/freesurfer/fsaverage/surf/rh.sphere.reg
Rescaling ...  original radius = 100
Reading target surface 
 /out/sourcedata/freesurfer/sub-v2s18x29509_ses-1/surf/rh.white
Reading target registration 
 /out/sourcedata/freesurfer/sub-v2s18x29509_ses-1/surf/rh.sphere.reg
Rescaling ...  original radius = 100
Building target registration hash (res=16).
Building source registration hash (res=16).
INFO: found  694 nlabel points
Performing mapping from target back to the source label 164997
Number of reverse mapping hits = 107
Checking for and removing duplicates
Writing label file ./rh.entorhinal_exvivo.thresh.label 801
mri_label2label: Done


 mri_label2label --srcsubject fsaverage --srclabel /out/sourcedata/freesurfer/fsaverage/label/rh.perirhinal_exvivo.thresh.label --trgsubject sub-v2s18x29509_ses-1 --trglabel ./rh.perirhinal_exvivo.thresh.label --hemi rh --regmethod surface 


srclabel = /out/sourcedata/freesurfer/fsaverage/label/rh.perirhinal_exvivo.thresh.label
srcsubject = fsaverage
trgsubject = sub-v2s18x29509_ses-1
trglabel = ./rh.perirhinal_exvivo.thresh.label
regmethod = surface

srchemi = rh
trghemi = rh
trgsurface = white
srcsurfreg = sphere.reg
trgsurfreg = sphere.reg
usehash = 1
Use ProjAbs  = 0, 0
Use ProjFrac = 0, 0
DoPaint 0

SUBJECTS_DIR    /out/sourcedata/freesurfer
FREESURFER_HOME /opt/freesurfer
Loading source label.
Found 291 points in source label.
Starting surface-based mapping
Reading source registration 
 /out/sourcedata/freesurfer/fsaverage/surf/rh.sphere.reg
Rescaling ...  original radius = 100
Reading target surface 
 /out/sourcedata/freesurfer/sub-v2s18x29509_ses-1/surf/rh.white
Reading target registration 
 /out/sourcedata/freesurfer/sub-v2s18x29509_ses-1/surf/rh.sphere.reg
Rescaling ...  original radius = 100
Building target registration hash (res=16).
Building source registration hash (res=16).
INFO: found  291 nlabel points
Performing mapping from target back to the source label 164997
Number of reverse mapping hits = 61
Checking for and removing duplicates
Writing label file ./rh.perirhinal_exvivo.thresh.label 352
mri_label2label: Done


 mris_label2annot --s sub-v2s18x29509_ses-1 --hemi rh --ctab /opt/freesurfer/average/colortable_BA.txt --l rh.BA1_exvivo.label --l rh.BA2_exvivo.label --l rh.BA3a_exvivo.label --l rh.BA3b_exvivo.label --l rh.BA4a_exvivo.label --l rh.BA4p_exvivo.label --l rh.BA6_exvivo.label --l rh.BA44_exvivo.label --l rh.BA45_exvivo.label --l rh.V1_exvivo.label --l rh.V2_exvivo.label --l rh.MT_exvivo.label --l rh.perirhinal_exvivo.label --l rh.entorhinal_exvivo.label --a BA_exvivo --maxstatwinner --noverbose 

Reading ctab /opt/freesurfer/average/colortable_BA.txt
Number of ctab entries 15

7.3.2
cwd /out/sourcedata/freesurfer/sub-v2s18x29509_ses-1/label
cmdline mris_label2annot --s sub-v2s18x29509_ses-1 --hemi rh --ctab /opt/freesurfer/average/colortable_BA.txt --l rh.BA1_exvivo.label --l rh.BA2_exvivo.label --l rh.BA3a_exvivo.label --l rh.BA3b_exvivo.label --l rh.BA4a_exvivo.label --l rh.BA4p_exvivo.label --l rh.BA6_exvivo.label --l rh.BA44_exvivo.label --l rh.BA45_exvivo.label --l rh.V1_exvivo.label --l rh.V2_exvivo.label --l rh.MT_exvivo.label --l rh.perirhinal_exvivo.label --l rh.entorhinal_exvivo.label --a BA_exvivo --maxstatwinner --noverbose 
sysname  Linux
hostname dna087
machine  x86_64
user     oesteban

subject sub-v2s18x29509_ses-1
hemi    rh
SUBJECTS_DIR /out/sourcedata/freesurfer
ColorTable /opt/freesurfer/average/colortable_BA.txt
AnnotName  BA_exvivo
nlables 14
LabelThresh 0 0.000000
Loading /out/sourcedata/freesurfer/sub-v2s18x29509_ses-1/surf/rh.orig
 1 1530880 BA1_exvivo
 2 16749699 BA2_exvivo
 3 16711680 BA3a_exvivo
 4 3368703 BA3b_exvivo
 5 1376196 BA4a_exvivo
 6 13382655 BA4p_exvivo
 7 10036737 BA6_exvivo
 8 2490521 BA44_exvivo
 9 39283 BA45_exvivo
10 3993 V1_exvivo
11 8508928 V2_exvivo
12 10027163 MT_exvivo
13 16422433 perirhinal_exvivo
14 16392598 entorhinal_exvivo
Mapping unhit to unknown
Found 113820 unhit vertices
Writing annot to /out/sourcedata/freesurfer/sub-v2s18x29509_ses-1/label/rh.BA_exvivo.annot

 mris_label2annot --s sub-v2s18x29509_ses-1 --hemi rh --ctab /opt/freesurfer/average/colortable_BA.txt --l rh.BA1_exvivo.thresh.label --l rh.BA2_exvivo.thresh.label --l rh.BA3a_exvivo.thresh.label --l rh.BA3b_exvivo.thresh.label --l rh.BA4a_exvivo.thresh.label --l rh.BA4p_exvivo.thresh.label --l rh.BA6_exvivo.thresh.label --l rh.BA44_exvivo.thresh.label --l rh.BA45_exvivo.thresh.label --l rh.V1_exvivo.thresh.label --l rh.V2_exvivo.thresh.label --l rh.MT_exvivo.thresh.label --l rh.perirhinal_exvivo.thresh.label --l rh.entorhinal_exvivo.thresh.label --a BA_exvivo.thresh --maxstatwinner --noverbose 

Reading ctab /opt/freesurfer/average/colortable_BA.txt
Number of ctab entries 15

7.3.2
cwd /out/sourcedata/freesurfer/sub-v2s18x29509_ses-1/label
cmdline mris_label2annot --s sub-v2s18x29509_ses-1 --hemi rh --ctab /opt/freesurfer/average/colortable_BA.txt --l rh.BA1_exvivo.thresh.label --l rh.BA2_exvivo.thresh.label --l rh.BA3a_exvivo.thresh.label --l rh.BA3b_exvivo.thresh.label --l rh.BA4a_exvivo.thresh.label --l rh.BA4p_exvivo.thresh.label --l rh.BA6_exvivo.thresh.label --l rh.BA44_exvivo.thresh.label --l rh.BA45_exvivo.thresh.label --l rh.V1_exvivo.thresh.label --l rh.V2_exvivo.thresh.label --l rh.MT_exvivo.thresh.label --l rh.perirhinal_exvivo.thresh.label --l rh.entorhinal_exvivo.thresh.label --a BA_exvivo.thresh --maxstatwinner --noverbose 
sysname  Linux
hostname dna087
machine  x86_64
user     oesteban

subject sub-v2s18x29509_ses-1
hemi    rh
SUBJECTS_DIR /out/sourcedata/freesurfer
ColorTable /opt/freesurfer/average/colortable_BA.txt
AnnotName  BA_exvivo.thresh
nlables 14
LabelThresh 0 0.000000
Loading /out/sourcedata/freesurfer/sub-v2s18x29509_ses-1/surf/rh.orig
 1 1530880 BA1_exvivo
 2 16749699 BA2_exvivo
 3 16711680 BA3a_exvivo
 4 3368703 BA3b_exvivo
 5 1376196 BA4a_exvivo
 6 13382655 BA4p_exvivo
 7 10036737 BA6_exvivo
 8 2490521 BA44_exvivo
 9 39283 BA45_exvivo
10 3993 V1_exvivo
11 8508928 V2_exvivo
12 10027163 MT_exvivo
13 16422433 perirhinal_exvivo
14 16392598 entorhinal_exvivo
Mapping unhit to unknown
Found 136359 unhit vertices
Writing annot to /out/sourcedata/freesurfer/sub-v2s18x29509_ses-1/label/rh.BA_exvivo.thresh.annot

 mris_anatomical_stats -th3 -mgz -noglobal -f ../stats/rh.BA_exvivo.stats -b -a ./rh.BA_exvivo.annot -c ./BA_exvivo.ctab sub-v2s18x29509_ses-1 rh white 

computing statistics for each annotation in ./rh.BA_exvivo.annot.
reading volume /out/sourcedata/freesurfer/sub-v2s18x29509_ses-1/mri/wm.mgz...
reading input surface /out/sourcedata/freesurfer/sub-v2s18x29509_ses-1/surf/rh.white...
reading input pial surface /out/sourcedata/freesurfer/sub-v2s18x29509_ses-1/surf/rh.pial...
reading input white surface /out/sourcedata/freesurfer/sub-v2s18x29509_ses-1/surf/rh.white...
INFO: using TH3 volume calc
INFO: assuming MGZ format for volumes.
INFO: not computing global stats
Using TH3 vertex volume calc
Total face volume 332675
Total vertex volume 332419 (mask=0)
Saving annotation colortable ./BA_exvivo.ctab

table columns are:
    number of vertices
    total surface area (mm^2)
    total gray matter volume (mm^3)
    average cortical thickness +- standard deviation (mm)
    integrated rectified mean curvature
    integrated rectified Gaussian curvature
    folding index
    intrinsic curvature index
    structure name

 1224    714   2506  2.569 0.508     0.113     0.024       13     1.1  BA1_exvivo
 3437   2194   5712  2.511 0.503     0.089     0.015       19     2.1  BA2_exvivo
 1231    818   1197  1.882 0.452     0.122     0.024        9     1.2  BA3a_exvivo
 2365   1500   2906  1.740 0.509     0.089     0.018       17     1.7  BA3b_exvivo
 1959   1136   4003  2.952 0.470     0.086     0.016       11     1.2  BA4a_exvivo
 1501    938   2338  2.525 0.382     0.087     0.017        8     1.1  BA4p_exvivo
11251   7447  26132  2.977 0.569     0.106     0.020       94     9.4  BA6_exvivo
 4862   3375   9822  2.673 0.578     0.103     0.018       41     3.7  BA44_exvivo
 4845   3447  11185  2.643 0.685     0.115     0.022       59     4.4  BA45_exvivo
 4916   3534   7005  1.852 0.662     0.137     0.032       56     6.3  V1_exvivo
 9867   6779  16513  2.216 0.602     0.139     0.031      121    12.8  V2_exvivo
 2486   1665   4319  2.482 0.461     0.104     0.020       20     2.1  MT_exvivo
  494    345   1414  3.316 0.692     0.125     0.028        5     0.6  perirhinal_exvivo
  739    489   2594  3.502 0.742     0.095     0.022        5     0.6  entorhinal_exvivo

 mris_anatomical_stats -th3 -mgz -f ../stats/rh.BA_exvivo.thresh.stats -noglobal -b -a ./rh.BA_exvivo.thresh.annot -c ./BA_exvivo.thresh.ctab sub-v2s18x29509_ses-1 rh white 

computing statistics for each annotation in ./rh.BA_exvivo.thresh.annot.
reading volume /out/sourcedata/freesurfer/sub-v2s18x29509_ses-1/mri/wm.mgz...
reading input surface /out/sourcedata/freesurfer/sub-v2s18x29509_ses-1/surf/rh.white...
reading input pial surface /out/sourcedata/freesurfer/sub-v2s18x29509_ses-1/surf/rh.pial...
reading input white surface /out/sourcedata/freesurfer/sub-v2s18x29509_ses-1/surf/rh.white...
INFO: using TH3 volume calc
INFO: assuming MGZ format for volumes.
INFO: not computing global stats
Using TH3 vertex volume calc
Total face volume 332675
Total vertex volume 332419 (mask=0)
Saving annotation colortable ./BA_exvivo.thresh.ctab

table columns are:
    number of vertices
    total surface area (mm^2)
    total gray matter volume (mm^3)
    average cortical thickness +- standard deviation (mm)
    integrated rectified mean curvature
    integrated rectified Gaussian curvature
    folding index
    intrinsic curvature index
    structure name

  852    470   1644  2.522 0.592     0.110     0.025        8     0.8  BA1_exvivo
 1923   1203   3476  2.548 0.519     0.079     0.013        9     1.1  BA2_exvivo
 1080    718    980  1.886 0.407     0.126     0.025        8     1.1  BA3a_exvivo
 1791   1150   1783  1.524 0.332     0.075     0.012        8     0.9  BA3b_exvivo
 1219    691   2846  3.128 0.606     0.094     0.020        8     0.9  BA4a_exvivo
 1211    783   1859  2.517 0.399     0.081     0.015        5     0.8  BA4p_exvivo
 6993   4630  16191  2.990 0.532     0.105     0.019       55     5.3  BA6_exvivo
 1099    820   2735  2.801 0.514     0.114     0.021       13     1.0  BA44_exvivo
 1350   1017   4029  2.926 0.557     0.126     0.026       20     1.5  BA45_exvivo
 4729   3383   6465  1.832 0.650     0.134     0.031       52     5.8  V1_exvivo
 5226   3656   8749  2.087 0.642     0.148     0.036       72     7.8  V2_exvivo
  379    246    912  2.701 0.504     0.115     0.024        6     0.4  MT_exvivo
   50     32    164  3.543 0.576     0.165     0.036        1     0.1  perirhinal_exvivo
  736    485   2193  3.427 0.766     0.100     0.021        5     0.6  entorhinal_exvivo

Started at Wed Mar 11 16:13:34 CET 2026 
Ended   at Wed Mar 11 16:16:48 CET 2026
#@#%# recon-all-run-time-hours 0.054
recon-all -s sub-v2s18x29509_ses-1 finished without error at Wed Mar 11 16:16:48 CET 2026
