#!ascii label  , from subject sub-v2s18x29525_ses-1 vox2ras=TkReg
2385
17349  39.028  -73.350  -3.914 0.2000000030
16237  39.180  -74.152  -3.420 0.2000000030
17372  38.842  -72.627  -4.200 0.2000000030
147214  38.416  -73.662  -3.401 0.2000000030
20625  38.021  -70.592  -4.733 0.1000000015
16236  40.282  -74.267  -3.662 0.3000000119
17371  39.715  -72.930  -4.480 0.2000000030
18472  37.915  -72.148  -3.861 0.1000000015
18452  37.112  -72.603  -3.410 0.2000000030
137987  38.664  -71.866  -4.414 0.1000000015
19537  38.525  -71.146  -4.569 0.1000000015
20624  38.971  -70.694  -4.927 0.1000000015
129587  39.529  -69.961  -5.298 0.1000000015
20638  38.409  -70.035  -5.247 0.1000000015
22747  42.022  -68.994  -5.860 0.1000000015
21712  39.370  -69.155  -5.814 0.1000000015
22765  40.085  -68.703  -6.075 0.1000000015
22746  43.106  -68.956  -5.858 0.2000000030
22764  41.009  -68.303  -6.497 0.1000000015
19554  40.870  -72.011  -5.540 0.1000000015
138896  42.113  -71.523  -5.777 0.1000000015
20637  40.176  -71.230  -5.298 0.1000000015
19555  40.060  -71.987  -5.224 0.1000000015
19536  39.314  -71.548  -4.868 0.1000000015
134160  40.917  -70.442  -5.437 0.1000000015
22733  45.054  -68.493  -5.289 0.2000000030
21708  44.345  -69.223  -5.536 0.2000000030
129558  44.866  -67.609  -4.843 0.1000000015
138115  44.250  -68.164  -6.332 0.2000000030
24900  44.506  -66.451  -4.662 0.2000000030
26028  45.021  -65.975  -5.217 0.1000000015
27183  43.807  -64.334  -4.777 0.1000000015
20635  42.141  -71.096  -5.922 0.1000000015
136302  42.561  -71.130  -5.695 0.1000000015
21710  41.668  -69.887  -5.719 0.1000000015
26030  43.466  -65.789  -4.183 0.2000000030
27165  42.542  -64.273  -3.491 0.2000000030
26003  43.309  -64.546  -4.108 0.2000000030
28289  43.326  -63.497  -4.379 0.1000000015
28307  43.603  -63.463  -4.948 0.2000000030
20634  43.087  -70.433  -5.514 0.1000000015
21709  42.873  -70.411  -5.757 0.1000000015
21696  44.119  -69.395  -5.515 0.2000000030
23814  43.261  -68.116  -4.239 0.2000000030
24901  43.578  -67.132  -4.338 0.3000000119
28270  42.524  -63.305  -3.428 0.3000000119
28290  42.989  -62.842  -3.976 0.2000000030
29414  42.835  -62.346  -4.387 0.2000000030
28333  43.239  -63.821  -6.146 0.2000000030
24879  42.536  -66.344  -3.873 0.3000000119
23813  44.307  -68.397  -4.679 0.2000000030
27144  41.810  -64.016  -2.896 0.3000000119
146592  41.658  -62.568  -2.546 0.3000000119
29363  41.128  -61.430  -1.884 0.3000000119
29387  41.931  -61.936  -2.952 0.3000000119
30482  42.276  -61.701  -3.659 0.2000000030
29425  43.078  -62.639  -4.975 0.2000000030
127417  42.611  -62.988  -5.283 0.2000000030
29365  39.740  -62.784  -0.990 0.4000000060
27145  40.898  -64.350  -2.412 0.3000000119
149442  40.774  -63.015  -1.745 0.3000000119
132932  42.602  -65.255  -3.645 0.2000000030
27166  42.001  -64.885  -3.197 0.2000000030
30465  41.291  -60.809  -2.479 0.3000000119
147841  42.262  -61.503  -3.919 0.2000000030
30500  41.559  -61.056  -3.321 0.2000000030
29415  41.923  -62.081  -4.480 0.2000000030
126887  39.617  -61.565  -0.608 0.3000000119
29364  40.511  -62.364  -1.402 0.3000000119
31509  40.781  -60.157  -2.205 0.2000000030
30502  40.235  -60.826  -3.077 0.2000000030
31532  41.128  -60.547  -2.964 0.2000000030
130109  40.230  -61.525  -3.408 0.1000000015
150679  41.507  -61.138  -3.490 0.2000000030
28309  40.462  -63.207  -4.282 0.2000000030
29416  41.155  -62.146  -4.189 0.2000000030
28308  41.297  -62.765  -4.572 0.2000000030
30453  39.325  -60.621  -0.368 0.3000000119
31496  40.044  -59.829  -0.938 0.3000000119
30452  40.412  -61.360  -1.232 0.3000000119
31497  39.412  -59.348  -0.434 0.2000000030
32476  40.288  -59.470  -1.643 0.3000000119
33455  39.505  -58.375  -1.163 0.2000000030
30466  40.943  -60.735  -1.858 0.3000000119
32493  40.313  -59.404  -2.092 0.1000000015
31520  40.055  -59.608  -2.452 0.1000000015
29388  39.369  -61.535  -2.872 0.1000000015
30484  39.761  -60.444  -2.771 0.1000000015
31521  38.539  -59.642  -2.221 0.1000000015
29403  39.460  -62.487  -3.300 0.1000000015
31484  37.879  -60.447  0.462 0.3000000119
31483  38.692  -59.904  0.085 0.2000000030
33443  38.260  -58.001  0.361 0.2000000030
33426  37.573  -57.508  0.688 0.2000000030
35575  36.486  -56.739  1.305 0.1000000015
33442  38.700  -57.892  -0.198 0.1000000015
34471  37.344  -57.280  0.574 0.1000000015
34501  38.450  -57.683  -0.819 0.1000000015
32509  39.147  -58.636  -2.013 0.1000000015
30486  38.200  -60.748  -2.120 0.1000000015
128632  38.399  -61.764  -2.389 0.1000000015
32448  37.605  -58.439  0.835 0.2000000030
35594  35.967  -56.605  1.119 0.1000000015
34487  35.901  -57.067  0.612 0.1000000015
33457  37.867  -57.590  -0.688 0.1000000015
33458  37.093  -57.696  -0.487 0.1000000015
33476  38.119  -57.977  -1.299 0.1000000015
32479  36.690  -58.663  -0.852 0.1000000015
127760  37.573  -59.900  -1.754 0.1000000015
32496  37.473  -58.782  -1.416 0.1000000015
141201  34.869  -57.143  0.800 0.1000000015
32480  35.605  -59.546  -0.576 0.1000000015
30467  37.191  -61.065  -1.671 0.1000000015
35578  33.937  -56.048  1.555 0.1000000015
21711  40.372  -69.377  -5.563 0.1000000015
20636  41.460  -71.522  -5.687 0.1000000015
24915  45.482  -66.666  -5.608 0.1000000015
21554  38.136  -69.850  6.984 0.5000000000
21529  38.084  -69.976  8.586 0.5000000000
21543  37.290  -69.710  8.030 0.5000000000
21555  37.485  -69.580  7.195 0.5000000000
21565  37.135  -69.064  6.744 0.5000000000
21491  37.949  -70.011  12.184 0.2000000030
20435  38.329  -69.998  11.240 0.2000000030
21502  37.289  -69.824  11.432 0.3000000119
139644  37.604  -69.808  10.572 0.3000000119
146067  38.022  -69.885  9.661 0.5000000000
21530  37.171  -69.694  8.984 0.5000000000
21531  36.325  -69.432  9.299 0.5000000000
21544  36.513  -69.315  8.490 0.5000000000
22586  36.018  -68.747  8.252 0.5000000000
21556  36.690  -69.106  7.556 0.5000000000
21574  37.942  -69.123  5.846 0.5000000000
22611  37.109  -68.437  6.357 0.5000000000
21580  39.176  -69.301  4.858 0.5000000000
21578  40.823  -69.842  3.835 0.5000000000
21483  37.516  -70.261  13.273 0.3000000119
21492  36.886  -69.948  12.313 0.3000000119
21517  36.919  -69.682  9.881 0.5000000000
23676  35.638  -68.101  8.129 0.5000000000
22612  36.581  -68.482  6.967 0.5000000000
23695  38.051  -68.083  5.423 0.5000000000
21581  38.711  -68.498  4.931 0.5000000000
21612  44.412  -69.549  1.558 0.4000000060
21599  43.502  -69.403  1.806 0.5000000000
20540  42.883  -70.041  2.418 0.5000000000
21590  41.306  -69.351  3.222 0.5000000000
21591  40.593  -68.961  3.556 0.5000000000
127955  45.160  -68.804  1.017 0.4000000060
21484  36.449  -69.954  13.164 0.4000000060
129308  35.903  -69.779  12.323 0.4000000060
21518  36.026  -69.537  10.068 0.5000000000
149669  34.863  -68.659  10.444 0.5000000000
21532  35.634  -69.117  9.497 0.5000000000
22587  35.530  -68.574  8.886 0.5000000000
22575  35.063  -68.452  9.686 0.5000000000
23660  35.228  -67.931  8.958 0.5000000000
146585  35.466  -67.549  8.518 0.5000000000
23675  36.108  -67.920  7.326 0.5000000000
23688  37.388  -67.762  5.985 0.5000000000
23699  39.410  -67.836  4.473 0.6000000238
129177  42.769  -69.252  2.115 0.5000000000
22628  41.251  -68.478  3.132 0.5000000000
22629  40.718  -67.998  3.515 0.5000000000
21623  46.418  -68.728  0.025 0.4000000060
22655  46.021  -68.787  0.448 0.4000000060
21613  44.394  -68.558  1.273 0.5000000000
135298  42.865  -67.587  17.846 0.1000000015
24614  40.956  -66.940  17.381 0.1000000015
24623  40.702  -66.128  16.769 0.1000000015
22463  40.836  -68.804  17.293 0.1000000015
148672  40.254  -66.941  17.230 0.1000000015
24624  39.747  -66.397  16.716 0.1000000015
22464  39.860  -68.423  17.181 0.1000000015
23569  39.002  -68.041  17.051 0.1000000015
133560  38.976  -67.052  16.758 0.1000000015
20399  37.675  -70.286  14.328 0.2000000030
21432  38.242  -69.778  15.791 0.1000000015
133477  36.837  -70.059  14.035 0.3000000119
21504  35.463  -69.439  11.588 0.5000000000
21458  36.522  -69.542  14.566 0.4000000060
128916  35.700  -69.551  13.055 0.4000000060
22543  34.654  -68.285  12.013 0.4000000060
22554  34.633  -68.347  11.083 0.5000000000
23640  34.532  -67.111  10.245 0.5000000000
24710  34.892  -66.721  9.670 0.5000000000
24724  35.566  -66.918  8.556 0.5000000000
23694  38.681  -67.631  5.083 0.5000000000
21600  41.704  -68.818  2.729 0.5000000000
131324  47.404  -70.030  -0.618 0.5000000000
25695  46.763  -64.694  17.789 0.1000000015
24598  45.343  -66.141  17.856 0.1000000015
24599  44.543  -66.683  18.028 0.1000000015
24612  43.141  -66.513  17.472 0.1000000015
147595  42.407  -67.029  17.642 0.1000000015
24622  41.598  -66.036  16.836 0.1000000015
128930  41.364  -65.132  16.269 0.1000000015
25707  44.111  -64.953  16.499 0.1000000015
25708  43.251  -65.419  16.561 0.1000000015
25717  40.390  -65.368  16.344 0.1000000015
25733  36.207  -65.499  15.840 0.2000000030
124536  35.925  -63.708  15.647 0.2000000030
21412  39.447  -69.516  16.291 0.1000000015
22485  38.408  -68.569  16.653 0.1000000015
23570  38.173  -67.579  16.715 0.1000000015
139581  37.729  -66.901  16.481 0.1000000015
24640  36.353  -66.310  15.886 0.2000000030
21414  37.890  -69.131  16.196 0.2000000030
22487  37.048  -68.106  16.114 0.1000000015
22506  36.484  -68.294  15.532 0.2000000030
24652  35.126  -66.635  14.780 0.2000000030
26882  35.566  -64.729  15.485 0.2000000030
27978  35.047  -63.885  15.187 0.2000000030
21434  36.763  -69.217  15.228 0.2000000030
22522  36.025  -68.813  14.753 0.2000000030
22523  35.497  -68.733  14.131 0.3000000119
23613  34.636  -67.420  13.496 0.3000000119
129229  34.409  -66.731  11.789 0.4000000060
23631  34.460  -67.478  11.533 0.5000000000
24775  39.951  -67.126  4.533 0.5000000000
24698  34.686  -66.427  10.339 0.4000000060
24773  41.914  -66.606  4.070 0.5000000000
24774  40.813  -66.753  4.445 0.5000000000
24784  42.165  -66.931  3.435 0.5000000000
23697  41.175  -67.164  3.757 0.5000000000
24738  36.443  -67.061  7.137 0.5000000000
24723  36.123  -66.532  8.037 0.5000000000
22640  43.449  -68.322  1.703 0.5000000000
22641  43.007  -67.482  2.305 0.5000000000
22642  41.952  -68.015  2.730 0.5000000000
130729  40.175  -66.651  4.945 0.5000000000
22656  45.276  -67.756  0.411 0.5000000000
23705  41.541  -67.604  3.230 0.5000000000
23693  39.384  -66.933  5.035 0.6000000238
133950  42.405  -68.597  2.314 0.5000000000
21639  46.824  -69.301  -0.310 0.4000000060
26821  47.087  -64.521  18.778 0.1000000015
25705  46.112  -64.384  17.205 0.1000000015
26851  45.792  -63.956  16.994 0.1000000015
26824  44.406  -64.238  18.270 0.1000000015
25685  42.549  -64.871  19.544 0.1000000015
24610  44.983  -65.244  16.993 0.1000000015
26852  44.902  -63.949  16.755 0.1000000015
25714  44.163  -64.039  16.385 0.1000000015
26860  42.807  -63.829  15.930 0.1000000015
136055  41.942  -64.102  15.829 0.1000000015
26862  40.040  -64.529  16.130 0.1000000015
26878  39.622  -63.623  15.911 0.1000000015
25719  38.495  -65.715  16.322 0.1000000015
26879  38.563  -63.809  16.027 0.2000000030
27977  36.935  -63.441  15.825 0.2000000030
24625  37.766  -66.256  16.337 0.1000000015
25721  37.121  -65.082  16.221 0.2000000030
24653  34.666  -66.635  14.054 0.3000000119
25754  34.524  -65.817  13.687 0.3000000119
26891  34.645  -64.326  14.576 0.2000000030
24664  34.480  -66.566  13.182 0.3000000119
125187  34.538  -65.011  14.157 0.2000000030
142882  34.524  -66.027  11.630 0.4000000060
26918  34.711  -64.718  12.350 0.3000000119
25808  34.781  -65.892  10.918 0.4000000060
25789  34.798  -65.381  11.800 0.4000000060
24752  42.056  -66.446  6.076 0.5000000000
24766  40.949  -66.360  5.365 0.5000000000
25829  35.036  -66.021  10.088 0.5000000000
24735  42.790  -66.461  7.110 0.5000000000
25851  41.829  -66.000  7.844 0.5000000000
25852  40.833  -65.755  7.609 0.5000000000
24753  40.847  -66.177  6.212 0.5000000000
135619  40.057  -66.021  6.259 0.6000000238
25843  36.638  -65.893  8.594 0.5000000000
25828  35.357  -66.262  9.508 0.5000000000
25839  41.026  -65.645  8.524 0.5000000000
130577  40.189  -65.527  8.146 0.5000000000
133135  40.103  -65.654  7.396 0.6000000238
24767  38.735  -66.934  5.449 0.5000000000
24737  37.309  -66.521  6.806 0.5000000000
147448  38.848  -66.063  6.433 0.5000000000
24755  38.447  -66.589  5.965 0.5000000000
140143  47.037  -70.800  -1.256 0.4000000060
21622  46.974  -69.241  -0.007 0.4000000060
25653  40.859  -64.937  22.800 0.1000000015
26803  41.726  -65.012  20.546 0.1000000015
26826  40.397  -64.397  19.369 0.1000000015
26853  43.911  -63.733  16.568 0.1000000015
126633  43.399  -64.205  18.269 0.1000000015
26839  42.346  -64.089  18.342 0.1000000015
26840  41.303  -63.993  18.448 0.1000000015
27936  43.235  -63.516  17.097 0.1000000015
27937  42.073  -63.411  17.271 0.1000000015
143702  40.526  -63.875  18.470 0.1000000015
26876  41.246  -63.114  15.936 0.1000000015
29090  40.529  -62.692  16.225 0.1000000015
29105  39.654  -62.432  15.839 0.1000000015
30199  38.629  -61.712  15.784 0.2000000030
29107  38.322  -62.126  15.532 0.2000000030
29108  37.367  -61.826  15.423 0.2000000030
137957  35.563  -62.931  15.362 0.2000000030
32279  42.614  -59.802  11.256 0.2000000030
131136  34.485  -64.193  13.777 0.2000000030
30269  43.285  -61.043  11.775 0.2000000030
133209  41.685  -61.856  11.553 0.2000000030
133208  40.596  -61.961  11.436 0.2000000030
133207  39.731  -62.042  11.400 0.2000000030
127260  34.577  -64.004  12.877 0.2000000030
29165  42.203  -62.797  11.636 0.2000000030
29166  41.135  -63.021  11.446 0.2000000030
129756  39.501  -63.662  11.451 0.2000000030
29168  39.052  -62.625  11.353 0.3000000119
129755  38.634  -63.596  11.407 0.2000000030
28042  38.163  -64.331  11.391 0.4000000060
26927  42.232  -64.648  11.621 0.2000000030
26928  41.323  -64.895  11.456 0.3000000119
26929  40.523  -64.841  11.471 0.3000000119
26930  39.779  -65.017  11.413 0.4000000060
28041  39.077  -64.606  11.453 0.3000000119
26931  38.397  -65.069  11.214 0.4000000060
25786  37.711  -65.118  11.017 0.5000000000
131857  36.118  -65.077  11.212 0.4000000060
25807  35.535  -65.594  10.681 0.5000000000
25822  43.515  -66.204  9.651 0.5000000000
25823  42.392  -65.843  9.703 0.4000000060
145443  41.781  -65.647  10.448 0.4000000060
25802  40.985  -65.491  10.809 0.4000000060
149871  40.273  -65.504  10.575 0.4000000060
25825  38.982  -65.460  9.775 0.5000000000
25804  38.656  -65.443  10.492 0.5000000000
25805  38.038  -65.351  10.688 0.5000000000
128333  35.927  -65.768  9.850 0.5000000000
138921  41.060  -65.622  9.770 0.5000000000
133411  40.315  -65.471  9.001 0.5000000000
25840  39.432  -65.423  8.742 0.5000000000
25853  39.463  -65.566  7.670 0.5000000000
25868  38.784  -65.734  7.082 0.5000000000
24736  37.974  -65.845  7.313 0.5000000000
25854  37.045  -66.049  7.710 0.5000000000
26756  39.690  -64.745  24.449 0.1000000015
26771  40.444  -64.859  24.013 0.1000000015
124647  40.170  -64.630  22.841 0.1000000015
26773  39.175  -63.768  22.942 0.1000000015
130312  39.794  -64.525  20.469 0.1000000015
26805  38.928  -64.264  20.563 0.1000000015
26827  39.337  -64.293  19.631 0.1000000015
27920  38.347  -63.771  20.715 0.1000000015
29067  38.957  -62.634  17.812 0.1000000015
29068  37.949  -62.551  18.450 0.1000000015
29078  40.087  -62.514  16.593 0.1000000015
30185  38.707  -61.669  16.329 0.2000000030
30186  38.025  -61.319  16.729 0.2000000030
30200  38.101  -61.237  16.047 0.2000000030
29109  36.282  -61.932  15.266 0.2000000030
149862  34.666  -62.916  14.273 0.2000000030
32280  41.748  -59.674  11.351 0.1000000015
31306  41.710  -60.260  11.571 0.2000000030
30271  41.103  -60.895  11.540 0.2000000030
30272  39.944  -61.192  11.414 0.2000000030
28024  34.725  -63.151  12.596 0.2000000030
33245  41.670  -58.544  10.543 0.1000000015
32298  41.483  -59.102  10.924 0.1000000015
135996  41.013  -60.011  11.518 0.1000000015
128902  40.197  -59.813  11.407 0.1000000015
31308  39.612  -60.405  11.416 0.1000000015
26935  35.031  -64.675  11.902 0.3000000119
28046  34.971  -63.858  12.117 0.2000000030
133206  38.298  -61.951  11.348 0.1000000015
29169  38.105  -62.787  11.313 0.1000000015
28043  37.322  -63.987  11.479 0.3000000119
26934  35.676  -64.309  11.660 0.2000000030
25826  38.008  -65.509  9.763 0.5000000000
131940  37.331  -65.276  10.673 0.5000000000
136460  36.507  -65.776  9.325 0.5000000000
25841  38.442  -65.430  8.832 0.5000000000
125180  37.937  -65.591  8.069 0.5000000000
132815  37.141  -65.629  9.302 0.5000000000
127792  38.692  -65.534  7.944 0.5000000000
26757  38.818  -64.716  24.545 0.1000000015
27862  38.141  -63.331  24.624 0.1000000015
27878  38.369  -63.246  24.402 0.1000000015
27877  39.114  -63.864  24.154 0.1000000015
27894  38.642  -63.153  23.479 0.1000000015
135499  38.369  -62.371  23.957 0.1000000015
27905  38.075  -63.341  21.287 0.1000000015
29056  37.194  -62.435  20.268 0.1000000015
29042  37.544  -62.663  21.123 0.1000000015
29059  37.381  -62.688  19.455 0.1000000015
30173  37.515  -61.765  17.783 0.2000000030
30201  37.610  -60.926  16.345 0.2000000030
31259  37.247  -60.702  15.887 0.2000000030
30212  36.917  -61.021  15.430 0.2000000030
148160  36.736  -60.548  15.565 0.2000000030
30213  35.911  -61.312  15.015 0.2000000030
29122  35.431  -62.200  14.953 0.2000000030
29123  34.902  -62.314  14.454 0.2000000030
29134  34.592  -62.422  13.800 0.2000000030
140021  41.105  -57.820  10.248 0.1000000015
33246  40.921  -58.633  10.701 0.1000000015
32281  39.251  -59.619  11.402 0.1000000015
31309  38.759  -60.392  11.410 0.1000000015
132436  38.432  -61.133  11.371 0.1000000015
29148  34.961  -62.409  12.377 0.1000000015
28023  35.075  -63.021  12.078 0.2000000030
29149  34.597  -62.466  13.019 0.2000000030
31310  37.761  -60.438  11.401 0.1000000015
30274  37.580  -61.394  11.372 0.1000000015
133205  37.568  -62.176  11.364 0.1000000015
29170  37.165  -62.954  11.473 0.2000000030
28044  36.399  -63.627  11.586 0.2000000030
136323  36.876  -62.695  24.440 0.1000000015
135177  37.858  -62.715  24.925 0.1000000015
31165  36.019  -60.484  23.758 0.1000000015
29012  38.072  -62.584  24.876 0.1000000015
31141  37.477  -60.870  24.803 0.1000000015
30107  38.179  -61.303  25.043 0.1000000015
29023  37.771  -61.995  21.898 0.1000000015
133630  38.304  -61.890  22.916 0.1000000015
131381  37.183  -61.846  20.967 0.1000000015
31218  35.919  -60.606  19.447 0.1000000015
31237  36.431  -60.779  17.690 0.1000000015
31228  35.835  -60.207  18.334 0.1000000015
31248  36.167  -60.131  17.160 0.1000000015
125534  36.533  -60.062  16.194 0.2000000030
31260  36.145  -60.467  15.156 0.2000000030
139118  35.541  -60.875  14.658 0.2000000030
31266  35.401  -60.203  14.488 0.2000000030
31267  35.000  -60.948  14.143 0.2000000030
31279  34.741  -61.138  13.402 0.1000000015
30234  34.623  -61.893  13.409 0.2000000030
36556  40.911  -56.032  8.996 0.1000000015
35427  39.388  -56.770  10.212 0.1000000015
34321  39.687  -57.511  10.519 0.1000000015
33232  39.374  -58.821  11.271 0.1000000015
30251  34.775  -61.754  12.787 0.2000000030
34322  38.921  -57.433  10.725 0.1000000015
33248  38.734  -58.215  11.192 0.1000000015
134411  38.357  -59.776  11.448 0.1000000015
31311  36.783  -60.818  11.436 0.1000000015
30275  36.685  -61.860  11.448 0.1000000015
133225  35.818  -61.929  11.662 0.2000000030
32100  36.884  -60.098  24.308 0.1000000015
32098  38.607  -60.234  24.679 0.1000000015
31190  38.757  -60.992  23.336 0.1000000015
31208  37.709  -60.623  21.581 0.1000000015
31216  36.374  -60.308  20.444 0.1000000015
32198  35.582  -59.443  17.553 0.1000000015
138198  35.910  -59.661  16.702 0.2000000030
33196  35.298  -58.255  16.457 0.1000000015
125579  35.664  -58.895  15.735 0.1000000015
125416  35.534  -58.768  14.848 0.2000000030
32229  35.827  -59.580  15.078 0.2000000030
33210  35.272  -58.635  14.191 0.1000000015
32245  35.125  -59.409  14.113 0.2000000030
36543  37.367  -54.831  10.846 0.1000000015
35429  37.723  -55.892  10.726 0.1000000015
35419  36.622  -56.350  11.782 0.1000000015
34304  36.194  -57.015  12.261 0.1000000015
132968  35.267  -58.281  13.027 0.1000000015
33218  35.091  -58.974  12.852 0.1000000015
131219  35.058  -58.836  13.499 0.1000000015
35448  40.127  -56.410  9.613 0.1000000015
35449  39.324  -55.881  9.662 0.1000000015
34323  38.093  -56.894  10.708 0.1000000015
35418  37.301  -56.589  11.252 0.1000000015
34314  36.749  -57.268  11.687 0.1000000015
33235  36.093  -58.628  11.791 0.1000000015
32285  35.821  -59.212  11.873 0.1000000015
133579  35.307  -59.622  12.421 0.1000000015
31290  35.367  -60.654  12.231 0.1000000015
34313  37.515  -57.471  11.298 0.1000000015
140101  37.452  -58.806  11.421 0.1000000015
32284  36.624  -59.207  11.511 0.1000000015
139568  36.903  -60.006  11.371 0.1000000015
30250  35.295  -61.632  12.152 0.1000000015
33095  38.397  -59.646  24.450 0.1000000015
124915  39.346  -60.517  23.985 0.1000000015
32156  38.674  -59.919  21.751 0.1000000015
32157  37.688  -59.926  21.315 0.1000000015
33165  36.034  -58.810  20.082 0.1000000015
33184  35.183  -58.151  18.010 0.1000000015
38628  36.458  -53.802  15.334 0.1000000015
127572  35.482  -54.389  14.682 0.1000000015
36485  34.995  -55.421  15.417 0.1000000015
35381  34.882  -56.160  15.618 0.1000000015
34279  35.038  -57.331  16.655 0.1000000015
146264  37.367  -52.783  12.972 0.1000000015
38660  36.449  -53.309  13.451 0.1000000015
142956  35.664  -54.617  13.093 0.1000000015
36494  35.119  -55.095  14.597 0.1000000015
35388  35.282  -56.692  14.211 0.1000000015
34288  35.355  -57.417  14.300 0.1000000015
39749  37.489  -53.217  11.175 0.1000000015
37605  36.855  -54.080  11.358 0.1000000015
37591  36.006  -54.319  12.606 0.1000000015
36506  35.221  -55.567  13.862 0.1000000015
35400  35.430  -56.367  13.614 0.1000000015
34297  35.478  -57.326  13.478 0.1000000015
146158  35.337  -58.100  13.863 0.1000000015
33163  37.598  -58.614  20.733 0.1000000015
34252  37.791  -57.205  19.607 0.1000000015
145824  35.882  -57.571  19.283 0.1000000015
35344  37.796  -56.566  18.994 0.1000000015
35345  36.956  -56.801  19.279 0.1000000015
33185  35.166  -57.381  17.899 0.1000000015
38626  37.769  -53.535  15.120 0.1000000015
37556  36.415  -54.243  16.096 0.1000000015
36460  37.031  -55.049  17.270 0.1000000015
36451  36.159  -55.886  18.099 0.1000000015
35377  34.993  -56.405  16.842 0.1000000015
38659  37.246  -52.907  13.961 0.1000000015
130801  35.805  -54.613  16.313 0.1000000015
24757  37.025  -67.241  6.467 0.5000000000
21503  36.267  -69.756  11.525 0.4000000060
21493  35.161  -69.117  12.414 0.4000000060
23559  42.087  -67.829  17.695 0.1000000015
25718  39.456  -65.527  16.352 0.1000000015
21457  37.169  -69.876  14.819 0.2000000030
22535  34.762  -68.248  12.965 0.4000000060
23622  34.464  -67.304  12.489 0.4000000060
26835  46.287  -64.174  17.429 0.1000000015
25716  42.447  -64.950  16.231 0.1000000015
147564  35.892  -66.070  15.615 0.3000000119
24626  36.991  -66.747  16.318 0.2000000030
24641  35.762  -66.669  15.432 0.2000000030
139166  35.408  -68.150  14.549 0.2000000030
25745  34.788  -65.810  14.549 0.3000000119
23602  34.970  -67.441  14.320 0.3000000119
25734  34.895  -64.914  14.955 0.2000000030
25770  34.558  -65.537  12.333 0.3000000119
24765  41.881  -66.453  4.954 0.5000000000
26823  45.398  -64.187  18.271 0.1000000015
149863  43.588  -64.915  19.323 0.1000000015
26859  43.436  -63.731  16.235 0.1000000015
27951  42.011  -63.277  16.310 0.1000000015
27950  42.785  -63.394  16.514 0.1000000015
26877  40.637  -63.509  15.872 0.1000000015
26863  39.026  -64.680  16.246 0.1000000015
26864  38.040  -64.840  16.281 0.1000000015
27975  39.122  -62.736  15.619 0.1000000015
27976  38.010  -63.075  15.649 0.2000000030
129261  34.474  -64.997  13.131 0.3000000119
25788  35.276  -65.244  11.473 0.4000000060
25865  41.452  -66.135  6.966 0.5000000000
127255  43.945  -66.665  6.929 0.5000000000
25838  42.070  -65.849  8.801 0.5000000000
26804  40.787  -64.762  20.478 0.1000000015
26787  40.219  -64.678  21.606 0.1000000015
26825  41.497  -64.598  19.441 0.1000000015
29077  41.178  -62.966  16.261 0.1000000015
27952  40.649  -62.860  16.940 0.1000000015
26841  39.777  -63.975  18.774 0.1000000015
29092  39.290  -61.986  15.924 0.1000000015
30211  37.892  -61.394  15.678 0.2000000030
30270  42.270  -60.865  11.640 0.2000000030
31305  42.943  -60.405  11.469 0.2000000030
134016  42.737  -61.820  11.704 0.2000000030
29167  40.056  -62.845  11.384 0.2000000030
30273  39.092  -61.645  11.369 0.1000000015
143129  41.876  -63.699  11.620 0.2000000030
28039  41.234  -64.238  11.542 0.2000000030
28040  40.371  -63.866  11.498 0.3000000119
25787  37.006  -64.987  10.984 0.4000000060
25801  41.805  -65.478  11.033 0.5000000000
25783  41.058  -65.222  11.234 0.4000000060
28038  42.656  -63.737  11.910 0.2000000030
25784  40.160  -65.317  11.155 0.4000000060
25803  39.411  -65.463  10.728 0.5000000000
143687  39.261  -65.226  11.225 0.5000000000
25806  36.520  -65.391  10.587 0.5000000000
26933  36.671  -64.459  11.372 0.3000000119
25800  42.926  -65.806  10.456 0.5000000000
25824  39.901  -65.511  9.824 0.5000000000
27861  38.813  -63.928  24.407 0.1000000015
26772  39.717  -64.387  23.553 0.1000000015
26788  39.597  -64.317  22.213 0.1000000015
27940  38.593  -63.287  18.767 0.1000000015
27921  37.703  -63.253  20.319 0.1000000015
27931  37.922  -63.217  19.346 0.1000000015
29079  39.387  -62.159  16.676 0.1000000015
29080  38.501  -61.903  17.270 0.2000000030
30187  37.227  -61.086  17.191 0.2000000030
31307  40.372  -60.450  11.465 0.1000000015
137277  40.800  -59.337  11.161 0.1000000015
26758  38.267  -64.255  24.367 0.1000000015
27880  37.458  -63.087  24.577 0.1000000015
146549  37.973  -62.768  21.840 0.1000000015
30118  38.271  -61.778  24.834 0.1000000015
29060  36.923  -62.138  19.574 0.1000000015
30164  36.403  -61.543  19.268 0.2000000030
31247  36.953  -60.553  16.610 0.2000000030
32214  36.046  -59.529  15.924 0.2000000030
34343  41.691  -57.420  9.689 0.1000000015
35426  40.251  -57.238  10.148 0.1000000015
34320  40.291  -58.031  10.574 0.1000000015
33231  40.166  -58.747  10.942 0.1000000015
29172  35.415  -62.478  11.874 0.2000000030
32283  37.569  -59.523  11.420 0.1000000015
29171  36.136  -62.680  11.604 0.1000000015
29001  37.678  -62.239  25.082 0.1000000015
29024  36.257  -62.742  23.650 0.1000000015
148807  36.432  -62.244  24.178 0.1000000015
31164  36.732  -60.871  24.439 0.1000000015
139270  37.090  -61.435  24.740 0.1000000015
30108  37.773  -61.625  25.124 0.1000000015
32099  37.863  -60.199  24.726 0.1000000015
31163  38.675  -60.937  24.535 0.1000000015
30134  38.512  -61.528  23.756 0.1000000015
30152  37.452  -61.145  21.397 0.1000000015
31191  38.178  -61.263  22.363 0.1000000015
30161  36.738  -61.737  20.156 0.1000000015
30160  36.828  -61.101  20.698 0.1000000015
134196  35.661  -59.816  19.174 0.1000000015
31278  34.894  -60.259  13.707 0.2000000030
32263  34.924  -59.567  13.215 0.1000000015
34344  40.908  -56.963  9.607 0.1000000015
148256  38.756  -56.809  10.467 0.1000000015
33247  39.542  -58.157  10.862 0.1000000015
32282  38.396  -58.975  11.447 0.1000000015
30276  35.911  -61.141  11.680 0.1000000015
32121  37.483  -59.490  24.196 0.1000000015
32138  39.305  -60.478  22.769 0.1000000015
31207  38.339  -60.569  22.080 0.1000000015
31215  37.146  -60.406  21.070 0.1000000015
32173  36.354  -59.417  20.441 0.1000000015
131362  35.307  -58.841  18.043 0.1000000015
33190  35.295  -58.616  17.356 0.1000000015
33201  35.430  -58.300  15.536 0.1000000015
142894  36.745  -54.928  11.425 0.1000000015
37618  37.889  -54.217  10.269 0.1000000015
36542  38.105  -55.154  10.235 0.1000000015
35428  38.578  -56.127  10.225 0.1000000015
35410  36.129  -56.092  12.441 0.1000000015
36521  35.901  -55.147  12.586 0.1000000015
130559  35.754  -56.720  12.914 0.1000000015
34315  36.075  -57.910  11.961 0.1000000015
33225  35.545  -58.616  12.340 0.1000000015
31312  36.025  -60.079  11.706 0.1000000015
31162  40.102  -60.097  24.222 0.1000000015
32155  39.861  -60.075  21.943 0.1000000015
33147  38.138  -59.254  21.145 0.1000000015
33164  36.745  -58.763  20.584 0.1000000015
33177  36.315  -57.950  19.983 0.1000000015
34266  35.441  -57.671  18.639 0.1000000015
38685  35.792  -54.001  13.269 0.1000000015
37555  37.307  -53.929  15.795 0.1000000015
35367  35.279  -56.094  17.447 0.1000000015
35389  35.010  -55.979  14.677 0.1000000015
37534  35.680  -55.104  16.860 0.1000000015
34278  35.183  -57.606  15.786 0.1000000015
38684  36.697  -53.266  12.488 0.1000000015
33162  38.591  -58.611  20.725 0.1000000015
34253  36.986  -57.473  19.907 0.1000000015
35355  35.587  -56.374  18.102 0.1000000015
36450  36.952  -55.586  17.932 0.1000000015
34265  38.600  -57.113  19.221 0.1000000015
37545  38.071  -54.553  16.281 0.1000000015
37566  38.638  -53.866  14.884 0.1000000015
36449  37.806  -55.493  17.598 0.1000000015
20458  41.809  -70.729  9.382 0.1000000015
20459  40.885  -70.567  9.530 0.1000000015
20460  39.882  -70.436  9.585 0.1000000015
146599  40.011  -70.514  11.068 0.1000000015
20434  39.265  -70.322  11.238 0.1000000015
20424  38.915  -70.116  12.042 0.1000000015
20472  42.339  -70.707  8.503 0.2000000030
20473  41.251  -70.577  8.755 0.1000000015
20484  43.413  -70.828  8.265 0.2000000030
127595  40.487  -70.483  8.945 0.1000000015
20461  38.961  -70.262  9.995 0.1000000015
20483  44.976  -70.879  8.546 0.2000000030
130915  42.599  -70.779  7.615 0.2000000030
20475  39.789  -70.348  8.640 0.2000000030
20485  41.320  -70.563  7.939 0.2000000030
20474  40.539  -70.469  8.243 0.2000000030
135145  38.982  -70.156  9.101 0.3000000119
20476  38.972  -70.123  8.190 0.3000000119
145217  41.907  -70.644  7.620 0.2000000030
138379  41.254  -70.588  7.108 0.2000000030
130583  44.600  -71.205  7.321 0.2000000030
20486  40.519  -70.456  7.392 0.2000000030
142044  43.880  -71.097  7.414 0.2000000030
17175  48.763  -72.840  6.024 0.1000000015
148589  45.116  -70.894  8.249 0.2000000030
20496  43.347  -70.959  7.502 0.2000000030
19393  44.265  -70.881  8.086 0.2000000030
20487  39.749  -70.301  7.767 0.3000000119
21542  38.108  -69.965  7.682 0.4000000060
19400  47.792  -71.713  7.083 0.1000000015
19392  45.747  -70.974  7.971 0.1000000015
132034  41.959  -70.744  6.920 0.2000000030
17176  48.080  -72.616  6.691 0.1000000015
20500  39.606  -70.251  6.723 0.4000000060
146358  47.300  -71.505  7.214 0.2000000030
20497  42.676  -70.941  6.852 0.2000000030
19402  45.641  -71.400  6.692 0.2000000030
18310  49.323  -71.968  5.551 0.1000000015
18327  49.301  -71.986  4.791 0.2000000030
19399  48.608  -71.887  6.451 0.1000000015
19410  48.966  -71.711  5.841 0.1000000015
142123  42.756  -71.112  6.308 0.2000000030
20507  42.077  -71.021  6.027 0.2000000030
20498  41.207  -70.765  6.219 0.4000000060
19411  48.065  -71.577  6.438 0.1000000015
20508  41.216  -70.769  5.226 0.4000000060
21563  38.614  -69.876  6.480 0.4000000060
19413  46.204  -71.498  5.615 0.3000000119
19415  44.188  -71.461  5.963 0.3000000119
19401  47.004  -71.384  6.681 0.2000000030
20509  40.458  -70.486  5.521 0.4000000060
21562  39.085  -69.832  5.698 0.4000000060
19416  42.946  -71.217  5.627 0.3000000119
133160  45.495  -71.494  4.606 0.4000000060
19414  45.009  -71.512  5.431 0.3000000119
33267  44.490  -58.544  9.314 0.1000000015
32296  43.035  -59.491  10.865 0.1000000015
21572  39.776  -70.004  5.050 0.4000000060
142463  42.020  -71.015  4.950 0.4000000060
20517  40.519  -70.264  4.608 0.5000000000
141805  43.794  -71.324  3.772 0.4000000060
147135  44.285  -71.477  5.187 0.3000000119
19427  43.585  -71.373  4.803 0.4000000060
20514  42.906  -71.156  3.864 0.4000000060
33243  43.416  -59.147  10.396 0.1000000015
33242  44.290  -59.340  10.182 0.1000000015
32295  43.779  -59.711  10.847 0.1000000015
21579  39.979  -69.403  4.251 0.5000000000
22622  39.408  -68.700  4.431 0.5000000000
32277  44.048  -60.165  11.312 0.1000000015
31304  43.773  -60.527  11.601 0.1000000015
30268  45.158  -61.454  12.220 0.1000000015
31303  44.672  -60.623  11.658 0.1000000015
132774  43.679  -61.860  12.019 0.1000000015
125010  41.335  -70.736  10.201 0.1000000015
20448  40.446  -70.566  10.384 0.1000000015
20450  38.913  -70.244  10.683 0.1000000015
20449  39.585  -70.430  10.494 0.1000000015
150206  40.464  -70.599  10.948 0.1000000015
20423  39.834  -70.416  11.905 0.1000000015
127020  38.657  -70.227  12.891 0.1000000015
21564  37.827  -69.467  6.446 0.4000000060
125690  42.749  -71.012  9.319 0.1000000015
20499  40.484  -70.486  6.479 0.3000000119
19403  43.453  -71.193  6.706 0.2000000030
20510  39.853  -70.266  5.862 0.4000000060
20516  41.338  -70.531  4.303 0.4000000060
31326  44.540  -60.014  10.990 0.1000000015
127986  44.199  -61.179  12.000 0.1000000015
21489  40.164  -70.381  12.639 0.1000000015
17267  34.201  -72.862  1.215 0.1000000015
17289  34.717  -73.607  0.681 0.1000000015
16189  36.260  -74.208  0.480 0.1000000015
17268  33.228  -73.093  1.321 0.1000000015
17287  36.810  -73.492  0.560 0.1000000015
18383  33.508  -72.429  1.801 0.1000000015
17269  32.332  -73.231  1.448 0.1000000015
16173  30.901  -73.896  1.022 0.1000000015
17291  32.845  -73.843  0.792 0.1000000015
4698  36.628  -87.510  6.771 0.1000000015
141694  30.739  -77.996  3.492 0.1000000015
13136  29.900  -77.141  3.071 0.1000000015
18380  36.784  -72.400  1.297 0.1000000015
14068  29.605  -76.285  2.948 0.1000000015
17266  35.153  -72.918  0.968 0.1000000015
16163  30.183  -74.398  2.656 0.1000000015
18393  37.183  -72.879  0.793 0.1000000015
16174  30.237  -74.251  1.748 0.1000000015
16188  37.301  -74.254  0.427 0.1000000015
5318  36.915  -86.914  7.613 0.1000000015
5334  36.691  -86.829  5.438 0.1000000015
5347  36.270  -86.401  4.917 0.1000000015
6767  37.235  -84.836  7.391 0.1000000015
134169  36.816  -85.595  7.527 0.1000000015
4688  37.208  -87.076  7.147 0.1000000015
5327  37.174  -87.069  6.282 0.1000000015
132040  35.435  -85.059  4.792 0.1000000015
9311  32.598  -81.201  4.678 0.1000000015
11133  31.205  -79.413  3.808 0.1000000015
18382  34.908  -72.318  1.537 0.1000000015
149170  34.186  -72.231  1.785 0.1000000015
18384  32.707  -72.608  1.936 0.1000000015
18364  37.355  -72.024  1.880 0.1000000015
139863  38.945  -73.694  0.612 0.1000000015
16187  38.291  -74.163  0.438 0.1000000015
6015  37.176  -86.198  4.907 0.1000000015
6032  36.850  -85.811  4.676 0.1000000015
130047  38.204  -84.585  7.510 0.1000000015
138975  37.799  -85.500  7.439 0.1000000015
5317  37.605  -86.471  7.284 0.1000000015
5332  38.163  -86.105  5.956 0.1000000015
6031  37.345  -85.074  4.720 0.1000000015
6789  36.306  -85.109  4.784 0.1000000015
8462  35.289  -82.762  5.367 0.1000000015
138537  34.717  -82.051  5.310 0.1000000015
8464  33.639  -82.206  5.103 0.1000000015
9294  34.211  -81.479  5.249 0.1000000015
9310  33.405  -81.188  5.053 0.1000000015
11125  32.918  -79.811  4.835 0.1000000015
11126  32.045  -79.596  4.434 0.1000000015
12141  31.886  -78.653  4.304 0.1000000015
13134  31.129  -77.514  3.863 0.1000000015
17231  31.233  -73.490  3.496 0.1000000015
18365  36.411  -71.903  1.888 0.1000000015
19460  34.308  -71.592  2.782 0.1000000015
18368  33.758  -71.889  2.415 0.1000000015
18352  31.751  -72.840  3.086 0.1000000015
17232  30.645  -73.916  3.103 0.1000000015
17265  38.419  -72.710  1.210 0.1000000015
149216  37.877  -72.940  0.851 0.1000000015
7620  36.881  -83.536  5.092 0.1000000015
127212  39.116  -83.961  7.811 0.1000000015
6766  38.651  -85.247  7.331 0.1000000015
5995  38.112  -85.872  7.318 0.1000000015
6006  38.669  -85.609  6.319 0.1000000015
139873  38.027  -85.260  4.812 0.1000000015
7619  37.852  -83.711  4.957 0.1000000015
129745  36.137  -81.291  5.583 0.1000000015
10179  34.209  -80.745  5.274 0.1000000015
12138  34.298  -78.608  5.001 0.1000000015
127530  39.275  -84.674  7.483 0.1000000015
6765  39.288  -85.081  7.154 0.1000000015
6012  39.034  -85.097  5.819 0.1000000015
6785  39.237  -84.389  5.380 0.1000000015
10192  33.530  -80.346  5.062 0.1000000015
11124  33.654  -79.729  5.054 0.1000000015
12140  32.712  -78.865  4.679 0.1000000015
14061  32.393  -77.075  4.432 0.1000000015
13129  31.783  -77.723  4.222 0.1000000015
142814  32.292  -76.180  4.449 0.1000000015
14062  31.545  -76.765  4.200 0.1000000015
147204  31.650  -74.770  4.355 0.1000000015
15108  31.453  -75.649  4.251 0.1000000015
18335  33.261  -72.414  4.438 0.1000000015
17218  31.516  -73.947  4.169 0.1000000015
15114  30.671  -75.553  3.781 0.1000000015
19459  35.115  -71.541  2.863 0.1000000015
19461  33.775  -71.625  3.102 0.1000000015
144043  32.948  -72.196  3.844 0.1000000015
124655  37.932  -71.865  2.576 0.1000000015
133435  38.244  -72.191  1.828 0.1000000015
17284  39.698  -73.558  0.768 0.1000000015
17264  39.060  -73.059  1.009 0.1000000015
17263  40.432  -73.148  1.180 0.1000000015
18377  40.051  -72.585  1.810 0.1000000015
133211  38.094  -82.330  5.201 0.1000000015
8460  37.321  -82.735  5.180 0.1000000015
8432  39.406  -83.199  8.301 0.1000000015
7580  40.191  -83.790  8.086 0.1000000015
7592  40.010  -84.174  7.619 0.1000000015
7607  39.922  -84.228  6.662 0.1000000015
142765  39.431  -83.713  5.057 0.1000000015
135846  38.770  -83.946  4.943 0.1000000015
134873  38.430  -83.139  4.941 0.1000000015
129746  37.271  -81.576  5.433 0.1000000015
10177  35.755  -80.435  5.585 0.1000000015
12125  34.928  -79.049  5.199 0.1000000015
139402  39.693  -84.544  7.297 0.1000000015
12137  35.167  -78.276  4.886 0.1000000015
13126  34.543  -77.807  4.733 0.1000000015
13127  33.542  -78.100  4.790 0.1000000015
127864  34.089  -77.213  4.591 0.1000000015
129090  33.217  -77.229  4.567 0.1000000015
14060  33.744  -76.489  4.556 0.1000000015
147559  32.968  -76.544  4.517 0.1000000015
16136  32.968  -74.024  5.171 0.1000000015
16145  32.838  -74.869  4.856 0.1000000015
19445  36.658  -71.653  3.438 0.1000000015
18332  37.176  -71.794  4.213 0.1000000015
136440  35.822  -71.583  3.422 0.1000000015
19430  34.406  -71.851  4.259 0.1000000015
18319  33.699  -72.676  5.047 0.1000000015
17217  32.320  -73.493  4.549 0.1000000015
18331  38.085  -71.938  4.082 0.1000000015
19448  33.632  -71.864  3.828 0.1000000015
18349  37.579  -71.765  3.377 0.1000000015
18348  38.461  -71.882  3.325 0.1000000015
18378  39.148  -72.466  1.700 0.1000000015
17246  41.729  -72.803  2.200 0.1000000015
8394  40.329  -82.505  10.264 0.1000000015
130660  40.072  -82.720  9.595 0.1000000015
8415  40.208  -83.136  8.656 0.1000000015
138444  40.424  -82.273  7.474 0.1000000015
8431  40.189  -83.002  6.809 0.1000000015
8414  40.604  -82.853  8.599 0.1000000015
7591  40.406  -83.633  8.014 0.1000000015
7617  40.034  -83.550  5.661 0.1000000015
132955  40.568  -82.496  4.804 0.1000000015
131535  38.588  -81.621  5.316 0.1000000015
10175  37.758  -80.521  5.585 0.1000000015
11105  37.155  -79.642  5.614 0.1000000015
150648  36.140  -79.164  5.336 0.1000000015
12123  36.513  -78.519  5.225 0.1000000015
13125  35.335  -77.489  4.740 0.1000000015
139394  34.797  -77.154  4.609 0.1000000015
14059  34.584  -76.553  4.626 0.1000000015
14058  35.301  -76.763  4.762 0.1000000015
15105  34.210  -75.819  4.776 0.1000000015
15093  34.644  -75.296  5.380 0.1000000015
15094  33.673  -74.880  5.192 0.1000000015
17199  33.626  -73.379  5.436 0.1000000015
16135  33.731  -74.078  5.600 0.1000000015
19428  36.071  -71.738  4.339 0.1000000015
18318  34.245  -72.867  5.645 0.1000000015
126332  37.722  -72.119  4.873 0.1000000015
18333  36.737  -71.954  5.141 0.1000000015
136695  38.601  -72.287  4.670 0.1000000015
18347  39.400  -72.144  3.399 0.1000000015
18362  39.677  -72.281  2.494 0.1000000015
18361  40.473  -72.489  2.547 0.1000000015
18376  40.901  -72.664  1.892 0.1000000015
135503  41.838  -81.271  4.673 0.1000000015
11101  41.845  -80.352  4.794 0.1000000015
8393  40.467  -82.509  9.930 0.1000000015
8401  40.609  -82.624  9.535 0.1000000015
8413  40.699  -82.991  8.964 0.1000000015
9247  40.708  -81.425  8.154 0.1000000015
8447  40.286  -82.968  5.663 0.1000000015
9292  41.282  -81.848  4.774 0.1000000015
10173  40.047  -80.616  5.316 0.1000000015
11102  40.649  -79.804  5.293 0.1000000015
9282  40.926  -82.321  4.853 0.1000000015
132901  40.519  -81.788  4.772 0.1000000015
11103  39.414  -79.169  5.399 0.1000000015
13112  38.720  -77.800  5.540 0.1000000015
144188  37.247  -77.122  5.406 0.1000000015
11104  38.198  -79.377  5.542 0.1000000015
12122  37.435  -78.550  5.395 0.1000000015
14046  35.808  -76.403  5.181 0.1000000015
15092  35.473  -75.715  5.590 0.1000000015
15082  35.164  -74.973  6.218 0.1000000015
15083  34.438  -74.383  5.945 0.1000000015
18289  35.651  -72.895  6.970 0.1000000015
17198  34.231  -73.595  5.961 0.1000000015
130356  36.405  -72.193  6.062 0.1000000015
18316  35.791  -72.023  5.420 0.1000000015
18317  34.957  -72.402  5.637 0.1000000015
18315  37.325  -72.207  5.760 0.1000000015
18314  38.276  -72.396  5.436 0.1000000015
18330  39.507  -72.420  4.426 0.1000000015
10117  42.486  -80.603  7.928 0.1000000015
9230  40.989  -81.203  10.053 0.1000000015
149753  42.055  -80.524  8.822 0.1000000015
10137  43.162  -80.708  6.759 0.1000000015
9280  42.503  -81.138  5.004 0.1000000015
11100  42.679  -80.218  4.888 0.1000000015
8378  40.269  -82.527  10.821 0.1000000015
9241  40.784  -81.644  9.307 0.1000000015
10119  41.055  -80.916  8.548 0.1000000015
9281  41.753  -81.312  5.984 0.1000000015
9291  41.735  -81.549  4.802 0.1000000015
12119  41.023  -79.201  5.380 0.1000000015
12121  39.230  -78.263  5.453 0.1000000015
12120  39.993  -78.679  5.469 0.1000000015
13100  37.944  -77.238  5.796 0.1000000015
126899  37.069  -76.648  5.755 0.1000000015
15081  36.599  -76.105  6.478 0.1000000015
139969  35.855  -75.512  6.435 0.1000000015
15072  35.586  -74.854  7.129 0.1000000015
16129  35.161  -74.275  6.694 0.1000000015
17168  35.891  -73.416  7.529 0.1000000015
18299  37.048  -72.365  6.737 0.1000000015
18300  35.590  -72.460  6.269 0.1000000015
18313  39.151  -72.554  5.223 0.1000000015
18312  39.886  -72.646  5.092 0.1000000015
10092  41.567  -80.701  10.325 0.1000000015
10116  43.659  -80.585  7.681 0.1000000015
10169  43.441  -80.218  5.467 0.1000000015
10105  41.387  -80.764  9.323 0.1000000015
10154  43.422  -80.520  5.889 0.1000000015
12100  42.431  -78.968  5.740 0.1000000015
139658  41.772  -78.590  6.482 0.1000000015
13097  40.091  -78.056  6.054 0.1000000015
136003  39.408  -77.697  6.148 0.1000000015
14035  38.143  -77.089  6.582 0.1000000015
14036  37.414  -76.636  6.446 0.1000000015
146132  36.237  -75.474  7.525 0.1000000015
16122  36.354  -74.324  8.523 0.1000000015
17167  36.386  -73.369  8.022 0.1000000015
16111  36.112  -73.899  8.080 0.1000000015
18273  37.766  -72.965  8.260 0.1000000015
18286  38.348  -72.727  7.564 0.1000000015
18287  37.366  -72.652  7.598 0.1000000015
144085  36.181  -72.499  6.754 0.1000000015
135489  38.858  -72.630  6.068 0.1000000015
148257  40.985  -73.116  5.672 0.1000000015
126127  41.937  -73.384  5.253 0.1000000015
10104  42.203  -80.527  9.617 0.1000000015
10103  44.040  -80.574  8.639 0.1000000015
11087  44.070  -79.496  5.773 0.1000000015
12099  43.575  -79.081  5.787 0.1000000015
12086  42.784  -78.732  6.516 0.1000000015
10091  42.439  -80.536  10.583 0.1000000015
12116  43.798  -79.402  5.652 0.1000000015
13086  40.704  -78.300  7.007 0.1000000015
13073  38.511  -77.333  8.008 0.1000000015
14022  37.617  -76.704  7.437 0.1000000015
135594  37.263  -76.364  8.120 0.1000000015
14009  36.786  -75.833  8.281 0.1000000015
17150  37.374  -73.463  8.844 0.1000000015
17151  36.647  -73.761  8.663 0.1000000015
18274  36.905  -73.076  8.237 0.1000000015
18298  39.056  -72.789  6.858 0.1000000015
17184  39.986  -73.083  6.988 0.1000000015
17183  40.427  -73.066  6.155 0.1000000015
17181  42.591  -73.530  6.934 0.1000000015
17179  44.569  -73.515  6.782 0.1000000015
10073  43.899  -80.594  11.871 0.1000000015
10090  43.602  -80.563  10.703 0.1000000015
133740  44.880  -80.230  8.611 0.1000000015
11076  45.474  -78.940  6.642 0.1000000015
133409  44.246  -78.465  7.248 0.1000000015
133187  43.062  -78.571  7.472 0.1000000015
10135  44.761  -79.675  6.484 0.1000000015
12098  44.592  -79.041  5.941 0.1000000015
12070  40.703  -78.287  8.370 0.1000000015
128236  39.867  -78.104  8.043 0.1000000015
13072  39.139  -77.680  7.933 0.1000000015
14007  37.900  -76.752  8.643 0.1000000015
15040  37.357  -75.239  9.676 0.1000000015
16099  36.733  -74.451  9.076 0.1000000015
141177  42.348  -73.202  10.873 0.1000000015
17120  41.726  -73.500  10.571 0.1000000015
126247  41.186  -73.545  9.935 0.1000000015
17132  40.506  -73.425  9.403 0.1000000015
17148  39.749  -73.221  8.955 0.1000000015
16097  37.816  -74.356  9.939 0.1000000015
17135  37.187  -74.042  9.347 0.1000000015
150106  42.475  -73.353  10.097 0.1000000015
17131  42.070  -73.538  9.631 0.1000000015
127389  37.927  -73.709  9.452 0.1000000015
17119  43.037  -72.883  10.047 0.1000000015
17130  42.928  -73.397  9.451 0.1000000015
143224  41.611  -73.527  8.245 0.1000000015
17165  39.781  -73.014  8.012 0.1000000015
17166  38.713  -72.906  8.158 0.1000000015
17129  43.652  -73.033  9.334 0.1000000015
17145  43.096  -73.515  8.745 0.1000000015
17162  43.554  -73.549  7.962 0.1000000015
133835  40.886  -73.356  6.769 0.1000000015
17142  45.352  -73.095  8.151 0.1000000015
17180  43.730  -73.531  6.867 0.1000000015
139632  45.373  -73.422  7.254 0.1000000015
128699  45.304  -80.108  10.964 0.1000000015
127227  44.582  -80.389  10.654 0.1000000015
10089  45.406  -79.981  9.822 0.1000000015
11048  46.302  -79.354  8.965 0.1000000015
11060  45.906  -78.843  7.383 0.1000000015
10114  45.555  -79.572  7.740 0.1000000015
136992  45.293  -78.476  7.126 0.1000000015
127561  43.300  -78.488  8.540 0.1000000015
144019  42.343  -78.480  8.418 0.1000000015
12069  41.481  -78.375  8.890 0.1000000015
13054  38.770  -77.339  8.799 0.1000000015
13991  38.559  -76.846  9.639 0.1000000015
15039  37.895  -75.646  10.119 0.1000000015
16086  38.513  -74.633  10.663 0.1000000015
16098  37.263  -74.685  9.604 0.1000000015
124501  40.204  -73.600  10.358 0.1000000015
17133  39.465  -73.512  9.860 0.1000000015
17134  38.563  -73.888  10.061 0.1000000015
137228  41.786  -73.527  11.408 0.1000000015
19361  43.238  -72.166  10.118 0.1000000015
18263  43.840  -72.356  9.513 0.1000000015
10071  45.243  -80.031  12.121 0.1000000015
11035  46.606  -79.084  9.688 0.1000000015
143564  45.908  -79.666  10.090 0.1000000015
13052  46.652  -78.187  8.447 0.1000000015
12051  45.256  -77.954  8.545 0.1000000015
11059  46.454  -78.639  8.169 0.1000000015
130975  44.703  -78.231  7.972 0.1000000015
12052  43.959  -78.332  9.170 0.1000000015
12053  42.240  -78.466  9.351 0.1000000015
12055  40.707  -78.135  9.428 0.1000000015
139850  39.340  -77.397  9.597 0.1000000015
139574  39.258  -76.558  10.911 0.1000000015
13979  39.028  -76.878  10.268 0.1000000015
15020  39.003  -75.145  11.281 0.1000000015
13972  39.628  -76.176  11.558 0.1000000015
13973  38.966  -75.846  11.196 0.1000000015
17116  41.091  -73.821  11.425 0.1000000015
17115  41.635  -73.869  12.111 0.1000000015
16085  39.284  -74.522  11.185 0.1000000015
15029  37.765  -74.997  10.248 0.1000000015
18249  42.448  -72.686  12.174 0.1000000015
17122  39.295  -73.995  10.625 0.1000000015
145954  42.428  -72.787  11.472 0.1000000015
11034  46.847  -78.734  10.296 0.1000000015
149909  47.026  -78.413  9.340 0.1000000015
142357  46.867  -78.163  8.934 0.1000000015
12033  44.572  -78.090  9.707 0.1000000015
133029  42.983  -78.521  9.609 0.1000000015
12034  43.406  -78.372  10.202 0.1000000015
12035  42.265  -78.362  10.378 0.1000000015
12036  41.283  -78.049  10.833 0.1000000015
13038  40.466  -77.587  10.807 0.1000000015
13971  40.347  -76.502  11.912 0.1000000015
16075  40.639  -75.079  12.380 0.1000000015
15019  40.040  -75.674  12.065 0.1000000015
16079  40.722  -74.349  11.939 0.1000000015
135823  42.188  -73.291  11.809 0.1000000015
18254  42.591  -72.514  10.780 0.1000000015
19372  43.079  -71.506  9.869 0.1000000015
12013  47.322  -78.271  10.779 0.1000000015
13035  47.913  -77.087  10.611 0.1000000015
13037  46.609  -77.780  9.043 0.1000000015
130791  47.664  -76.690  10.756 0.1000000015
12014  45.421  -77.677  10.111 0.1000000015
13019  44.537  -77.731  11.449 0.1000000015
12015  44.011  -78.156  10.824 0.1000000015
12016  42.905  -78.174  11.081 0.1000000015
13021  42.441  -77.803  11.791 0.1000000015
148758  40.949  -77.676  11.252 0.1000000015
13023  40.689  -77.240  11.575 0.1000000015
15007  41.561  -75.413  12.832 0.1000000015
19363  41.719  -71.263  11.006 0.1000000015
20446  42.200  -71.149  10.057 0.1000000015
13018  46.465  -76.968  11.094 0.1000000015
142836  45.623  -77.414  10.952 0.1000000015
12997  45.075  -77.321  12.013 0.1000000015
12998  43.996  -77.557  12.372 0.1000000015
13020  43.462  -77.949  11.772 0.1000000015
12999  42.982  -77.478  12.413 0.1000000015
13000  42.017  -77.223  12.311 0.1000000015
13001  41.115  -76.907  12.201 0.1000000015
15008  40.838  -76.007  12.433 0.1000000015
19344  41.809  -71.341  11.966 0.1000000015
19343  42.455  -71.855  12.397 0.1000000015
16073  42.119  -74.004  12.763 0.1000000015
13949  45.609  -76.756  12.470 0.1000000015
13926  45.030  -76.411  13.285 0.1000000015
13925  46.060  -76.155  12.943 0.1000000015
16060  44.183  -74.553  13.596 0.1000000015
14988  44.363  -75.520  13.557 0.1000000015
13950  44.526  -77.027  12.862 0.1000000015
129029  44.044  -73.855  13.585 0.1000000015
13928  42.951  -76.142  13.281 0.1000000015
14990  42.378  -75.425  13.256 0.1000000015
130691  42.204  -71.007  12.710 0.1000000015
17110  42.346  -73.375  12.483 0.1000000015
17100  42.731  -73.452  13.066 0.1000000015
16074  41.422  -74.498  12.525 0.1000000015
20432  41.126  -70.796  11.650 0.1000000015
18244  42.675  -72.640  12.757 0.1000000015
17098  44.386  -73.250  13.630 0.1000000015
14989  43.416  -75.554  13.466 0.1000000015
13927  43.965  -76.381  13.344 0.1000000015
16061  43.308  -74.132  13.422 0.1000000015
144259  43.606  -74.906  13.532 0.1000000015
19337  43.414  -71.806  13.323 0.1000000015
17099  43.523  -73.310  13.407 0.1000000015
18235  43.088  -72.611  13.177 0.1000000015
16062  42.558  -74.185  13.174 0.1000000015
12147  31.220  -78.349  3.825 0.1000000015
14066  30.964  -76.259  3.979 0.1000000015
13135  30.535  -77.331  3.507 0.1000000015
14067  30.341  -76.426  3.532 0.1000000015
17288  35.553  -73.575  0.647 0.1000000015
15115  29.968  -75.550  3.254 0.1000000015
18394  36.406  -72.880  0.824 0.1000000015
17247  31.903  -72.861  2.211 0.1000000015
16155  30.414  -74.717  3.389 0.1000000015
17270  31.469  -73.400  1.630 0.1000000015
17292  31.865  -73.771  0.907 0.1000000015
17271  30.807  -73.666  1.820 0.1000000015
4689  36.569  -87.327  7.486 0.1000000015
12149  30.209  -77.959  3.067 0.1000000015
12148  30.551  -78.785  3.205 0.1000000015
16156  29.808  -74.957  2.903 0.1000000015
5326  37.704  -86.596  6.599 0.1000000015
132908  35.619  -84.326  4.988 0.1000000015
10193  32.921  -80.597  4.860 0.1000000015
10194  32.296  -80.461  4.543 0.1000000015
18366  35.480  -71.810  1.981 0.1000000015
18369  32.452  -72.415  2.697 0.1000000015
143174  37.512  -85.667  4.780 0.1000000015
6013  38.427  -85.459  5.398 0.1000000015
124908  36.584  -84.295  4.944 0.1000000015
133210  35.647  -82.018  5.441 0.1000000015
8463  34.444  -82.740  5.324 0.1000000015
144033  36.503  -82.081  5.417 0.1000000015
130391  35.075  -81.193  5.446 0.1000000015
12139  33.524  -79.076  4.964 0.1000000015
13128  32.568  -77.944  4.539 0.1000000015
17230  31.861  -73.058  3.919 0.1000000015
16154  31.040  -74.744  3.997 0.1000000015
19457  37.021  -71.758  2.627 0.1000000015
19447  34.377  -71.585  3.448 0.1000000015
10176  36.699  -80.524  5.594 0.1000000015
11107  35.493  -79.592  5.417 0.1000000015
11109  34.198  -80.021  5.218 0.1000000015
7618  39.719  -84.003  5.595 0.1000000015
15107  32.253  -75.270  4.568 0.1000000015
15106  33.163  -75.713  4.642 0.1000000015
16146  32.234  -74.380  4.631 0.1000000015
19431  33.860  -72.184  4.544 0.1000000015
8459  38.914  -82.629  4.947 0.1000000015
8458  40.397  -82.919  4.911 0.1000000015
127012  39.362  -83.275  4.879 0.1000000015
11106  36.306  -79.757  5.553 0.1000000015
12124  35.726  -78.748  5.134 0.1000000015
19429  35.119  -71.934  4.777 0.1000000015
145962  40.768  -81.350  7.028 0.1000000015
10174  38.906  -80.435  5.547 0.1000000015
145410  39.563  -81.393  5.182 0.1000000015
145970  36.696  -79.136  5.469 0.1000000015
146442  37.872  -77.705  5.437 0.1000000015
13113  36.987  -77.756  5.214 0.1000000015
14045  36.567  -76.718  5.338 0.1000000015
14047  35.053  -76.070  4.921 0.1000000015
18301  34.869  -73.015  6.383 0.1000000015
18329  40.225  -72.531  3.875 0.1000000015
133613  40.146  -72.372  3.141 0.1000000015
10170  42.844  -80.612  5.030 0.1000000015
10172  41.179  -81.059  4.793 0.1000000015
10139  41.180  -80.891  7.598 0.1000000015
9265  40.777  -82.062  5.758 0.1000000015
134204  38.549  -78.313  5.382 0.1000000015
17186  34.747  -73.758  6.440 0.1000000015
138130  37.903  -72.409  6.176 0.1000000015
132020  40.420  -72.723  4.662 0.1000000015
10118  41.600  -80.651  8.268 0.1000000015
12118  42.082  -79.471  5.183 0.1000000015
12102  40.284  -78.457  5.662 0.1000000015
13099  38.835  -77.488  5.958 0.1000000015
14023  36.920  -76.227  7.408 0.1000000015
16123  35.651  -74.115  7.437 0.1000000015
142598  35.992  -74.621  7.952 0.1000000015
139692  38.074  -72.529  6.865 0.1000000015
149907  39.648  -72.874  6.345 0.1000000015
125506  40.499  -72.873  5.384 0.1000000015
10136  44.075  -80.328  6.640 0.1000000015
10115  44.732  -80.134  7.454 0.1000000015
12087  41.816  -78.458  7.581 0.1000000015
13088  38.843  -77.433  6.952 0.1000000015
15058  36.451  -75.038  8.629 0.1000000015
15057  36.996  -75.508  9.049 0.1000000015
18288  36.429  -72.806  7.483 0.1000000015
17149  38.220  -73.222  8.828 0.1000000015
143154  41.086  -73.266  6.163 0.1000000015
131887  41.512  -73.300  5.716 0.1000000015
132465  42.227  -73.460  5.918 0.1000000015
132438  43.166  -73.557  5.979 0.1000000015
131030  44.259  -80.512  9.635 0.1000000015
12085  44.011  -78.692  6.341 0.1000000015
13993  37.541  -75.939  9.373 0.1000000015
17182  41.623  -73.416  6.473 0.1000000015
17161  44.530  -73.489  7.621 0.1000000015
12084  45.060  -78.738  6.440 0.1000000015
13071  40.010  -77.894  9.044 0.1000000015
13992  38.032  -76.296  9.719 0.1000000015
17146  41.439  -73.522  9.049 0.1000000015
144055  39.033  -73.073  8.685 0.1000000015
127612  38.773  -73.383  9.364 0.1000000015
127445  42.287  -73.570  8.860 0.1000000015
17147  40.742  -73.367  8.400 0.1000000015
145823  43.411  -73.352  9.135 0.1000000015
17164  40.698  -73.335  7.540 0.1000000015
17163  41.562  -73.487  7.391 0.1000000015
126501  42.445  -73.569  8.021 0.1000000015
17144  43.847  -73.295  8.869 0.1000000015
17160  46.222  -72.855  7.761 0.1000000015
15028  38.404  -75.417  10.723 0.1000000015
17121  40.845  -73.639  10.766 0.1000000015
143227  40.088  -74.037  11.250 0.1000000015
19362  42.610  -71.810  10.647 0.1000000015
12037  40.764  -77.996  10.205 0.1000000015
13024  39.978  -76.915  11.229 0.1000000015
19352  42.420  -72.041  11.541 0.1000000015
14991  42.069  -74.667  13.107 0.1000000015
13952  42.549  -76.769  12.802 0.1000000015
140111  42.114  -70.832  4.036 0.4000000060
19442  46.038  -71.422  3.744 0.3000000119
19443  44.838  -71.397  3.565 0.3000000119
19444  43.229  -70.877  2.993 0.3000000119
20526  42.399  -70.532  3.184 0.4000000060
20527  41.608  -70.176  3.480 0.4000000060
148677  44.034  -71.117  2.962 0.3000000119
21589  42.059  -69.607  2.682 0.4000000060
14132  43.993  -76.508  -2.860 0.1000000015
14141  44.243  -75.717  -3.573 0.1000000015
16219  46.295  -74.165  -3.309 0.2000000030
19489  46.874  -71.783  -1.810 0.3000000119
141715  43.997  -67.159  1.583 0.4000000060
19425  46.707  -71.469  4.684 0.3000000119
20572  46.547  -69.631  -0.763 0.4000000060
22669  45.683  -67.945  -0.007 0.4000000060
18420  46.910  -72.555  -2.456 0.2000000030
140273  46.207  -71.202  -1.287 0.3000000119
21640  46.051  -68.729  -0.459 0.4000000060
147873  45.318  -67.307  0.098 0.4000000060
13200  42.783  -77.544  -2.021 0.1000000015
17314  46.687  -73.349  -2.972 0.3000000119
22686  45.571  -67.974  -0.240 0.4000000060
23729  44.666  -67.345  1.019 0.4000000060
140165  42.217  -76.476  -2.411 0.1000000015
24783  43.193  -66.714  2.871 0.5000000000
16220  45.568  -74.595  -3.673 0.2000000030
139264  46.067  -72.914  -2.213 0.3000000119
127053  45.953  -70.269  -1.023 0.3000000119
23743  45.261  -67.268  -0.022 0.4000000060
24772  43.294  -66.444  3.724 0.4000000060
125520  42.794  -66.572  4.521 0.4000000060
21641  45.631  -69.219  -0.788 0.4000000060
131930  45.358  -68.276  -0.595 0.4000000060
22670  44.999  -66.702  0.275 0.4000000060
24815  44.827  -65.938  0.725 0.4000000060
23717  44.789  -66.337  1.129 0.5000000000
15176  42.558  -75.675  -3.396 0.2000000030
14142  43.735  -75.892  -3.504 0.2000000030
15189  44.295  -75.129  -3.978 0.2000000030
17315  45.502  -73.590  -2.635 0.2000000030
15187  45.378  -75.024  -3.761 0.2000000030
19490  45.161  -71.246  -0.805 0.3000000119
20573  44.843  -70.169  -0.753 0.3000000119
14114  41.272  -76.423  -2.231 0.1000000015
22687  45.121  -67.489  -0.333 0.4000000060
18408  45.758  -72.168  -1.367 0.3000000119
21642  44.637  -69.100  -0.772 0.4000000060
23744  44.986  -66.725  -0.038 0.4000000060
24804  44.243  -66.378  2.064 0.5000000000
24782  44.495  -66.048  3.208 0.5000000000
128319  44.057  -66.454  4.707 0.4000000060
22688  44.416  -68.181  -0.647 0.4000000060
25942  44.699  -65.717  0.614 0.4000000060
24803  44.744  -65.764  1.621 0.5000000000
128385  44.714  -65.699  2.826 0.5000000000
24771  44.704  -66.118  4.080 0.4000000060
15190  43.353  -75.480  -3.787 0.2000000030
16232  44.897  -74.917  -3.916 0.2000000030
17327  45.236  -74.268  -3.403 0.2000000030
18421  44.875  -72.926  -1.390 0.4000000060
127851  44.463  -72.144  -0.725 0.3000000119
25928  44.676  -65.574  1.242 0.5000000000
24781  44.914  -65.724  3.843 0.5000000000
24764  43.158  -66.681  5.406 0.4000000060
22689  43.335  -68.239  -0.461 0.4000000060
23758  44.303  -67.187  -0.379 0.4000000060
131087  44.678  -65.548  2.270 0.5000000000
16233  44.120  -75.012  -3.982 0.2000000030
16221  44.693  -74.749  -3.794 0.2000000030
24763  44.394  -66.520  5.630 0.4000000060
150101  44.632  -73.937  -2.685 0.2000000030
20574  43.942  -70.100  -0.492 0.3000000119
24827  44.483  -65.911  0.255 0.4000000060
146805  41.732  -75.809  -2.817 0.2000000030
17345  43.506  -74.610  -3.789 0.2000000030
17316  44.025  -73.577  -1.756 0.3000000119
18409  43.732  -72.809  -0.882 0.4000000060
24751  43.507  -66.690  6.312 0.4000000060
19491  43.968  -71.163  -0.388 0.3000000119
25954  44.320  -65.559  0.652 0.5000000000
25909  44.905  -65.481  3.355 0.5000000000
25850  43.077  -66.122  8.035 0.4000000060
15191  41.777  -75.093  -3.604 0.2000000030
126373  42.848  -75.036  -4.082 0.2000000030
23745  43.654  -66.568  0.000 0.4000000060
25891  45.001  -65.634  4.201 0.5000000000
24762  45.022  -66.157  5.876 0.4000000060
25781  42.637  -65.433  11.323 0.4000000060
15192  40.701  -74.942  -3.275 0.2000000030
16234  42.966  -74.703  -3.939 0.2000000030
17328  43.953  -74.229  -2.879 0.2000000030
17317  43.036  -73.654  -1.929 0.2000000030
20575  43.102  -70.606  -0.122 0.4000000060
25944  43.633  -65.312  1.119 0.5000000000
25910  44.612  -65.234  2.677 0.5000000000
15193  39.768  -74.884  -2.998 0.2000000030
130912  42.903  -71.557  -0.224 0.4000000060
21643  43.398  -69.328  -0.460 0.3000000119
24828  43.578  -65.852  0.539 0.5000000000
25929  44.304  -65.210  1.771 0.5000000000
24770  44.898  -66.001  4.772 0.5000000000
135583  44.467  -66.571  9.971 0.4000000060
25780  44.124  -65.996  10.888 0.2000000030
24750  44.611  -66.523  6.484 0.4000000060
17303  43.092  -73.182  -1.198 0.4000000060
25881  44.989  -65.805  5.160 0.4000000060
16235  41.252  -74.364  -3.978 0.2000000030
17329  42.858  -74.041  -3.128 0.2000000030
137170  42.136  -74.403  -4.113 0.2000000030
24722  44.593  -66.483  8.101 0.4000000060
24749  45.146  -66.207  6.741 0.4000000060
25849  45.233  -66.163  6.868 0.4000000060
23746  42.473  -67.396  0.258 0.3000000119
27081  43.865  -64.888  2.656 0.5000000000
27061  44.445  -64.937  3.412 0.5000000000
25864  45.221  -66.002  6.170 0.4000000060
18410  42.671  -72.500  -0.665 0.4000000060
21624  42.530  -69.040  -0.203 0.4000000060
22671  42.419  -68.271  -0.012 0.3000000119
24829  42.446  -66.574  0.633 0.4000000060
19471  42.309  -71.124  0.028 0.4000000060
25930  43.169  -65.027  2.032 0.5000000000
16249  41.918  -73.696  -4.192 0.2000000030
24721  45.254  -66.218  7.643 0.4000000060
27019  44.769  -65.293  4.549 0.5000000000
137086  43.723  -64.513  3.879 0.5000000000
23747  41.726  -67.283  0.631 0.4000000060
24816  42.598  -65.885  1.032 0.5000000000
27062  43.339  -64.554  3.371 0.5000000000
24805  41.149  -65.872  2.046 0.5000000000
24817  41.693  -66.156  1.371 0.5000000000
25837  43.331  -66.193  8.894 0.4000000060
24733  44.738  -66.507  7.198 0.4000000060
27082  42.698  -64.709  2.845 0.5000000000
20535  48.072  -70.536  1.852 0.3000000119
20536  47.180  -70.621  2.151 0.3000000119
20537  45.783  -70.633  2.105 0.2000000030
20538  44.758  -70.272  1.909 0.2000000030
150346  48.557  -71.875  2.019 0.2000000030
20545  48.145  -70.220  0.947 0.3000000119
21610  47.673  -69.747  0.341 0.3000000119
21611  46.915  -69.412  0.384 0.3000000119
19469  48.350  -70.915  0.152 0.2000000030
19487  48.090  -70.773  -0.422 0.2000000030
140085  48.033  -70.241  -0.318 0.2000000030
17325  46.692  -73.644  -3.089 0.2000000030
16224  37.409  -74.379  -2.567 0.1000000015
17331  36.601  -73.977  -2.640 0.1000000015
19522  41.914  -71.851  -4.072 0.1000000015
19424  47.975  -71.434  4.733 0.1000000015
19441  47.199  -71.300  3.834 0.2000000030
20524  46.546  -71.102  2.966 0.2000000030
143616  48.073  -70.915  2.836 0.2000000030
20523  47.512  -70.988  3.123 0.2000000030
137134  49.153  -72.390  4.509 0.1000000015
18359  48.773  -72.086  2.971 0.1000000015
19456  48.686  -71.581  3.244 0.2000000030
17239  48.517  -72.963  3.091 0.1000000015
17240  48.044  -73.540  2.671 0.1000000015
150435  40.224  -75.440  -2.696 0.1000000015
16222  38.799  -74.940  -2.625 0.1000000015
17370  41.506  -73.013  -4.655 0.1000000015
17369  41.683  -72.869  -4.484 0.1000000015
17347  41.949  -73.231  -3.762 0.1000000015
18433  41.594  -72.906  -2.697 0.1000000015
17382  41.413  -72.689  -5.086 0.1000000015
18448  41.753  -72.833  -4.381 0.1000000015
18449  41.783  -72.659  -3.932 0.1000000015
18424  40.968  -72.497  -1.817 0.1000000015
19510  40.408  -71.783  -2.491 0.1000000015
19494  39.578  -71.450  -1.207 0.1000000015
19501  39.540  -71.369  -2.034 0.1000000015
20587  38.943  -70.938  -1.474 0.1000000015
19439  48.932  -71.758  4.202 0.2000000030
18345  49.109  -71.990  3.968 0.1000000015
18422  42.342  -73.017  -1.321 0.1000000015
21625  41.541  -69.241  0.272 0.3000000119
16251  40.829  -73.741  -4.348 0.1000000015
16250  41.517  -73.699  -4.380 0.1000000015
17346  42.237  -73.780  -4.057 0.1000000015
17318  42.249  -73.397  -2.197 0.1000000015
19492  41.078  -71.974  -0.375 0.2000000030
20556  41.062  -70.451  0.389 0.3000000119
22673  40.558  -68.185  0.839 0.3000000119
146160  40.501  -67.341  1.319 0.3000000119
17350  37.455  -73.551  -3.037 0.1000000015
17348  39.937  -73.576  -4.067 0.1000000015
17330  42.222  -73.518  -3.286 0.1000000015
18412  40.904  -72.330  -1.116 0.1000000015
19473  40.587  -71.321  -0.001 0.2000000030
131523  39.998  -69.077  0.794 0.3000000119
134612  40.553  -73.148  -4.689 0.1000000015
143911  40.267  -72.029  -1.666 0.1000000015
20558  39.320  -70.623  -0.000 0.2000000030
143496  39.584  -68.273  1.254 0.3000000119
20577  39.047  -70.935  -0.724 0.1000000015
139817  38.313  -69.875  0.314 0.2000000030
22657  38.541  -68.636  1.361 0.4000000060
144432  39.002  -70.740  -2.075 0.1000000015
21644  37.942  -70.042  -0.416 0.1000000015
21629  37.557  -69.575  0.159 0.3000000119
20457  43.547  -71.187  9.330 0.1000000015
19382  45.112  -70.967  8.709 0.1000000015
27040  42.825  -64.295  3.965 0.4000000060
25911  41.924  -65.156  2.464 0.4000000060
23748  41.108  -67.546  0.850 0.3000000119
126867  40.976  -66.556  1.528 0.4000000060
25912  40.716  -65.340  2.939 0.4000000060
23731  39.609  -67.326  1.785 0.4000000060
24785  39.691  -65.863  2.908 0.4000000060
134082  38.920  -67.910  1.700 0.4000000060
23732  38.141  -68.083  1.855 0.5000000000
22675  38.007  -69.275  0.848 0.3000000119
146968  37.333  -68.205  1.812 0.5000000000
21667  38.321  -69.435  -2.310 0.2000000030
20588  38.382  -70.292  -1.812 0.1000000015
22676  37.209  -68.997  0.626 0.4000000060
21683  39.928  -69.485  -3.154 0.1000000015
22710  38.927  -68.844  -2.761 0.1000000015
21654  37.410  -69.214  -1.520 0.2000000030
21645  37.251  -69.473  -0.642 0.2000000030
21681  42.055  -69.561  -3.767 0.1000000015
22723  40.262  -68.804  -3.306 0.1000000015
22711  38.202  -68.527  -2.389 0.2000000030
21680  43.137  -69.783  -4.497 0.1000000015
22722  41.261  -68.658  -3.537 0.1000000015
27020  44.130  -64.575  4.881 0.4000000060
126918  44.738  -65.290  5.605 0.3000000119
133149  43.467  -64.319  4.437 0.4000000060
27064  40.690  -64.745  3.653 0.4000000060
125421  42.390  -64.486  3.477 0.4000000060
27041  41.613  -64.423  4.007 0.4000000060
127736  39.034  -66.473  2.741 0.4000000060
24806  38.287  -66.766  2.858 0.4000000060
24786  38.810  -65.905  3.356 0.4000000060
23706  37.423  -67.010  3.041 0.5000000000
23733  36.678  -67.967  2.047 0.4000000060
22698  36.802  -68.826  -1.039 0.3000000119
22677  36.546  -68.656  0.315 0.4000000060
23734  35.897  -67.922  1.636 0.4000000060
23789  39.788  -67.226  -2.912 0.2000000030
148699  39.043  -67.171  -2.558 0.2000000030
22697  37.120  -68.460  -1.619 0.2000000030
23803  41.523  -67.661  -3.577 0.1000000015
23804  40.542  -67.886  -3.285 0.2000000030
22762  43.254  -68.079  -6.411 0.1000000015
27021  43.106  -64.140  5.165 0.4000000060
134135  43.793  -64.445  5.743 0.4000000060
131149  41.051  -64.220  4.854 0.4000000060
27023  39.998  -64.322  4.682 0.4000000060
27042  40.651  -64.468  4.244 0.4000000060
25892  38.781  -65.189  4.004 0.4000000060
24787  37.134  -66.460  3.712 0.4000000060
24776  38.043  -65.760  3.885 0.4000000060
23707  36.497  -67.168  3.105 0.3000000119
23721  35.259  -67.283  1.988 0.4000000060
23720  36.011  -67.615  2.405 0.4000000060
24850  36.632  -67.181  -1.179 0.3000000119
23760  36.083  -67.582  -0.490 0.3000000119
22678  36.051  -68.115  0.160 0.4000000060
24881  40.841  -66.753  -3.304 0.2000000030
24860  40.160  -66.196  -2.777 0.2000000030
23771  37.859  -67.124  -2.023 0.2000000030
23792  37.649  -67.993  -2.109 0.2000000030
24880  41.738  -66.783  -3.657 0.2000000030
23852  42.481  -67.579  -7.860 0.1000000015
23838  42.630  -67.605  -6.994 0.1000000015
23837  43.615  -67.518  -6.851 0.1000000015
26979  45.275  -66.111  7.445 0.3000000119
26998  43.489  -64.360  6.640 0.4000000060
26997  44.422  -64.940  6.367 0.3000000119
27022  41.904  -64.035  5.476 0.4000000060
28129  40.620  -63.533  6.796 0.4000000060
28149  40.694  -63.869  5.761 0.4000000060
27024  39.105  -64.362  4.905 0.4000000060
148372  40.324  -64.102  5.174 0.4000000060
25882  37.788  -64.900  4.823 0.4000000060
27044  38.579  -64.756  4.564 0.4000000060
24788  36.073  -66.756  3.661 0.4000000060
24777  36.475  -66.267  4.209 0.3000000119
25955  35.792  -65.214  0.080 0.3000000119
149232  35.296  -65.529  0.637 0.3000000119
24831  34.981  -66.193  1.027 0.3000000119
140401  34.767  -66.568  1.900 0.3000000119
24789  35.149  -66.516  3.351 0.3000000119
27146  40.032  -64.653  -2.134 0.2000000030
25974  39.273  -64.984  -1.788 0.2000000030
25966  38.004  -64.841  -1.054 0.3000000119
25967  37.157  -65.338  -0.791 0.2000000030
24840  35.625  -66.774  -0.202 0.3000000119
146981  35.274  -67.256  0.906 0.3000000119
26005  40.844  -65.820  -3.053 0.2000000030
24848  38.177  -66.241  -1.782 0.2000000030
26004  41.651  -65.835  -3.409 0.2000000030
26967  45.735  -66.539  8.607 0.3000000119
26980  44.486  -65.016  7.310 0.4000000060
26996  45.084  -65.727  6.575 0.3000000119
28102  41.409  -63.463  7.475 0.3000000119
28101  42.371  -63.727  7.860 0.4000000060
28104  39.887  -63.317  7.186 0.4000000060
28128  41.606  -63.742  6.384 0.4000000060
28105  39.126  -63.401  7.087 0.4000000060
28130  39.804  -63.662  6.373 0.4000000060
28132  37.400  -63.720  6.889 0.3000000119
27001  38.047  -64.073  6.022 0.4000000060
27000  38.825  -64.156  5.522 0.4000000060
28201  34.328  -63.780  2.814 0.3000000119
27066  34.054  -64.351  3.365 0.2000000030
27045  34.024  -64.615  4.777 0.2000000030
27028  35.347  -64.663  5.793 0.2000000030
25884  35.820  -65.292  5.298 0.3000000119
25883  36.873  -65.157  5.122 0.3000000119
28233  35.784  -63.924  0.946 0.3000000119
27093  34.593  -65.020  1.926 0.3000000119
130786  34.353  -65.695  2.893 0.2000000030
24790  34.521  -66.112  3.066 0.2000000030
25895  35.255  -65.689  4.610 0.2000000030
27127  40.440  -63.775  -1.909 0.2000000030
27114  38.323  -63.992  -0.743 0.3000000119
27115  37.534  -64.414  -0.505 0.3000000119
27116  36.634  -64.855  -0.268 0.3000000119
24697  45.658  -67.023  9.513 0.3000000119
25821  44.654  -66.688  9.136 0.3000000119
24708  45.681  -66.698  8.767 0.3000000119
29232  38.399  -62.987  7.894 0.3000000119
29236  34.663  -62.397  7.265 0.2000000030
29221  36.260  -61.743  8.296 0.2000000030
28107  36.883  -63.223  7.588 0.2000000030
28106  37.655  -63.264  7.546 0.2000000030
30356  33.753  -61.783  6.236 0.2000000030
28151  34.088  -63.857  6.047 0.2000000030
27004  34.885  -64.106  6.382 0.2000000030
28108  35.969  -63.149  7.619 0.2000000030
22735  43.701  -69.088  -4.547 0.1000000015
22721  42.482  -68.590  -3.905 0.1000000015
28237  39.158  -63.489  -0.965 0.3000000119
25984  41.315  -65.047  -2.846 0.2000000030
20539  43.858  -70.344  2.263 0.3000000119
20547  45.431  -69.673  1.346 0.3000000119
20546  46.488  -69.924  1.206 0.3000000119
20571  47.735  -70.742  -0.820 0.2000000030
141702  43.520  -70.862  8.952 0.1000000015
131012  45.565  -71.243  2.938 0.2000000030
20555  42.175  -70.166  0.073 0.3000000119
25799  45.371  -66.797  10.169 0.3000000119
132805  41.964  -71.887  -0.241 0.3000000119
22672  41.480  -68.111  0.456 0.2000000030
19472  41.497  -71.240  0.121 0.2000000030
19463  48.515  -71.254  2.068 0.2000000030
137302  47.499  -70.084  1.090 0.3000000119
18374  48.457  -71.350  1.132 0.1000000015
141832  48.287  -70.446  0.030 0.2000000030
19523  41.039  -71.391  -3.229 0.1000000015
20522  48.064  -71.261  3.747 0.2000000030
137969  41.175  -73.184  -4.775 0.1000000015
17381  41.701  -72.568  -4.963 0.1000000015
18423  41.587  -72.774  -1.579 0.1000000015
18450  41.214  -72.207  -3.146 0.1000000015
20576  39.757  -71.222  -0.399 0.1000000015
18411  41.683  -72.470  -0.819 0.2000000030
142628  40.788  -68.855  0.547 0.3000000119
19493  40.295  -71.805  -0.784 0.2000000030
21626  40.509  -69.737  0.543 0.3000000119
129534  40.293  -66.031  2.451 0.4000000060
20557  40.122  -70.627  0.286 0.3000000119
21627  39.633  -69.983  0.536 0.3000000119
22674  38.985  -69.379  0.848 0.3000000119
132758  42.338  -64.223  4.659 0.4000000060
129345  39.717  -65.139  3.607 0.4000000060
23805  39.655  -68.273  -3.045 0.2000000030
23790  38.986  -67.928  -2.717 0.2000000030
24861  39.378  -66.455  -2.486 0.2000000030
26999  42.680  -64.070  6.030 0.4000000060
25968  36.128  -65.870  -0.529 0.3000000119
24849  37.378  -66.697  -1.528 0.2000000030
143518  38.927  -65.863  -2.070 0.2000000030
26981  43.164  -64.222  7.471 0.4000000060
28127  42.401  -63.871  6.939 0.4000000060
27092  35.117  -64.446  1.419 0.3000000119
27128  39.615  -64.096  -1.573 0.2000000030
27129  38.804  -64.428  -1.292 0.2000000030
26969  43.457  -64.304  8.279 0.4000000060
132834  38.262  -63.561  6.923 0.4000000060
27027  36.422  -64.691  5.749 0.2000000030
29292  34.159  -62.485  3.573 0.2000000030
28183  33.694  -63.504  4.359 0.2000000030
28152  33.706  -63.553  5.574 0.2000000030
27029  34.395  -64.451  5.601 0.2000000030
26968  44.989  -65.426  8.311 0.2000000030
28074  43.711  -64.229  9.181 0.3000000119
25820  46.183  -66.858  9.256 0.2000000030
26958  46.287  -66.699  9.431 0.2000000030
145690  47.673  -71.733  -1.064 0.1000000015
17302  47.561  -72.463  -1.323 0.1000000015
17312  47.369  -72.763  -2.198 0.1000000015
19412  47.435  -71.473  5.632 0.1000000015
19500  47.520  -71.409  -1.223 0.1000000015
16209  46.944  -73.945  -2.921 0.1000000015
18419  47.244  -72.493  -2.266 0.1000000015
16208  47.250  -73.474  -2.444 0.1000000015
26926  44.204  -64.942  12.151 0.1000000015
145278  44.599  -65.873  11.617 0.1000000015
26916  45.972  -65.157  12.545 0.1000000015
25779  45.605  -65.848  11.867 0.1000000015
25798  46.213  -66.805  9.897 0.1000000015
25769  46.548  -65.738  11.891 0.1000000015
26943  46.422  -66.422  10.261 0.1000000015
25778  46.524  -66.247  10.998 0.1000000015
26959  45.576  -65.594  9.093 0.1000000015
28058  44.547  -64.361  9.885 0.2000000030
26944  46.211  -65.766  9.806 0.1000000015
28057  45.325  -64.308  10.434 0.2000000030
28088  41.714  -63.234  8.348 0.2000000030
29189  44.948  -63.259  10.477 0.2000000030
29205  43.445  -63.338  9.711 0.2000000030
28087  42.546  -63.564  8.673 0.2000000030
30290  44.929  -62.371  10.288 0.2000000030
29190  44.174  -63.329  10.162 0.2000000030
28075  42.635  -63.186  9.305 0.2000000030
28089  40.988  -62.959  8.220 0.2000000030
28103  40.436  -63.138  7.682 0.2000000030
29231  39.539  -62.860  7.893 0.2000000030
29218  38.937  -62.330  8.302 0.1000000015
29188  45.775  -63.167  10.715 0.2000000030
29206  42.044  -62.325  9.186 0.2000000030
29216  41.443  -62.632  8.718 0.2000000030
30319  40.445  -62.033  8.627 0.1000000015
134103  40.776  -61.268  8.814 0.1000000015
133641  39.743  -62.227  8.411 0.1000000015
124532  45.578  -66.483  10.898 0.1000000015
28022  44.448  -63.961  12.473 0.1000000015
26917  45.054  -64.870  12.474 0.1000000015
28021  45.373  -64.194  12.783 0.1000000015
26915  46.904  -65.179  12.490 0.1000000015
26925  47.008  -65.450  11.566 0.1000000015
137835  43.551  -62.616  9.903 0.2000000030
28230  38.153  -62.845  -0.003 0.2000000030
28232  36.598  -63.546  0.622 0.2000000030
28231  37.420  -63.198  0.344 0.2000000030
29345  39.055  -62.513  -0.453 0.2000000030
30439  37.745  -61.521  0.493 0.2000000030
28219  35.357  -63.543  1.618 0.2000000030
30440  37.054  -61.910  0.886 0.2000000030
29319  36.381  -62.275  1.361 0.2000000030
30438  38.478  -61.084  0.130 0.2000000030
28200  34.934  -63.187  2.314 0.2000000030
30429  35.792  -61.789  1.905 0.1000000015
30428  36.477  -61.396  1.347 0.2000000030
29304  35.111  -62.242  2.468 0.2000000030
29305  34.498  -62.834  3.013 0.2000000030
32450  35.941  -59.762  1.747 0.1000000015
31456  35.253  -60.247  2.353 0.1000000015
30414  35.153  -61.250  2.447 0.1000000015
33428  36.196  -58.557  1.767 0.1000000015
33427  37.072  -57.778  1.269 0.1000000015
29163  46.970  -64.131  11.430 0.1000000015
30403  34.023  -61.821  3.847 0.1000000015
32420  34.377  -59.554  3.442 0.1000000015
30402  34.182  -61.138  3.536 0.1000000015
33412  35.654  -58.089  2.341 0.1000000015
33413  34.849  -58.819  2.850 0.1000000015
34463  35.911  -57.111  2.384 0.1000000015
34452  35.344  -56.955  3.193 0.1000000015
36657  34.323  -55.417  3.299 0.1000000015
150586  45.703  -62.384  10.352 0.1000000015
29186  48.441  -63.630  11.087 0.1000000015
29187  46.598  -63.019  10.879 0.1000000015
29253  33.996  -62.513  6.606 0.1000000015
30388  33.779  -61.817  4.605 0.1000000015
32400  34.172  -59.754  4.319 0.1000000015
31434  33.960  -60.492  4.620 0.1000000015
34453  34.819  -57.659  3.859 0.1000000015
35552  35.075  -55.993  3.645 0.1000000015
29204  47.247  -62.808  10.491 0.1000000015
30291  44.115  -62.477  10.156 0.1000000015
32370  35.230  -59.651  6.401 0.1000000015
31382  34.527  -60.949  7.098 0.1000000015
34396  35.735  -57.965  5.882 0.1000000015
32385  34.815  -59.226  5.635 0.1000000015
143020  33.943  -60.634  5.319 0.1000000015
149063  34.409  -60.582  6.507 0.1000000015
34413  35.934  -57.170  5.870 0.1000000015
125519  34.443  -59.122  4.787 0.1000000015
36627  35.992  -55.566  6.137 0.1000000015
134515  35.570  -56.811  5.383 0.1000000015
33402  34.540  -58.542  3.615 0.1000000015
145473  34.292  -59.048  4.110 0.1000000015
38769  36.472  -53.560  5.879 0.1000000015
36628  35.514  -55.365  5.525 0.1000000015
34434  35.308  -56.875  4.841 0.1000000015
37710  35.401  -54.413  5.575 0.1000000015
30304  46.761  -62.061  9.475 0.1000000015
30305  45.359  -61.674  9.695 0.1000000015
30336  34.916  -61.552  7.548 0.1000000015
37690  37.670  -54.705  6.338 0.1000000015
35503  36.319  -56.368  6.197 0.1000000015
37691  37.027  -54.146  6.228 0.1000000015
31367  36.121  -60.903  8.287 0.1000000015
30427  37.130  -60.946  0.822 0.1000000015
32449  36.762  -59.130  1.250 0.1000000015
35536  35.257  -56.156  4.413 0.1000000015
149856  34.859  -54.255  5.155 0.1000000015
32343  35.685  -59.948  7.169 0.1000000015
26104  43.747  -65.470  -9.215 0.1000000015
26078  42.313  -65.337  -7.629 0.1000000015
26090  42.675  -65.576  -8.633 0.1000000015
24970  43.855  -66.015  -9.992 0.1000000015
23907  42.620  -67.259  -11.222 0.1000000015
22864  42.732  -68.226  -12.273 0.1000000015
22892  41.223  -69.235  -12.976 0.1000000015
27240  44.529  -65.038  -8.118 0.1000000015
27229  43.071  -64.759  -7.269 0.1000000015
128295  42.683  -66.339  -9.909 0.1000000015
25000  43.850  -67.222  -11.266 0.1000000015
27218  41.772  -64.730  -6.143 0.1000000015
27217  42.746  -64.361  -6.528 0.1000000015
139095  44.178  -64.272  -6.440 0.1000000015
137284  44.383  -64.691  -7.286 0.1000000015
26103  44.573  -65.669  -9.553 0.1000000015
26091  41.711  -65.805  -8.090 0.1000000015
29413  43.390  -62.889  -4.979 0.1000000015
27196  44.509  -64.543  -6.133 0.1000000015
26066  41.566  -65.382  -6.949 0.1000000015
27199  41.812  -63.784  -5.418 0.1000000015
28320  41.097  -63.641  -4.817 0.1000000015
26067  40.670  -65.478  -6.385 0.1000000015
27200  40.824  -64.722  -5.335 0.1000000015
27184  40.256  -64.263  -4.596 0.1000000015
27216  43.624  -64.332  -6.730 0.1000000015
21822  40.397  -69.835  -13.379 0.1000000015
4707  36.211  -87.378  5.801 0.1000000015
5316  38.244  -86.080  6.885 0.1000000015
5319  36.149  -87.369  7.816 0.1000000015
5333  37.509  -86.493  5.618 0.1000000015
5993  39.128  -85.264  6.632 0.1000000015
5994  38.738  -85.534  7.041 0.1000000015
5996  37.311  -86.246  7.507 0.1000000015
6014  37.848  -85.884  5.071 0.1000000015
6777  39.516  -84.736  6.427 0.1000000015
6786  38.603  -84.762  5.091 0.1000000015
6787  38.095  -84.562  4.836 0.1000000015
6788  37.386  -84.250  4.914 0.1000000015
7606  40.159  -83.830  6.852 0.1000000015
7621  35.898  -83.523  5.182 0.1000000015
8402  40.557  -82.699  9.457 0.1000000015
8461  36.247  -82.768  5.318 0.1000000015
9231  40.569  -82.305  10.201 0.1000000015
9293  39.783  -82.465  4.777 0.1000000015
10101  45.555  -79.804  8.755 0.1000000015
10102  44.920  -80.256  9.498 0.1000000015
10138  41.987  -80.705  7.099 0.1000000015
10153  44.176  -79.858  5.982 0.1000000015
10155  42.760  -80.971  5.779 0.1000000015
10171  42.322  -80.960  4.735 0.1000000015
10178  34.902  -80.270  5.434 0.1000000015
11008  45.280  -79.811  13.144 0.1000000015
11020  46.490  -79.044  11.545 0.1000000015
11047  46.817  -78.540  8.778 0.1000000015
11077  45.395  -79.277  6.790 0.1000000015
11086  44.942  -79.128  6.163 0.1000000015
11099  43.374  -79.934  5.253 0.1000000015
11108  34.739  -79.659  5.328 0.1000000015
11123  34.206  -79.359  5.163 0.1000000015
12017  42.028  -78.072  11.204 0.1000000015
12031  47.251  -78.048  9.792 0.1000000015
12032  45.715  -77.727  9.030 0.1000000015
12049  46.661  -78.293  8.413 0.1000000015
12050  46.279  -77.959  8.297 0.1000000015
12054  41.401  -78.301  9.902 0.1000000015
12067  46.251  -78.425  7.969 0.1000000015
12068  45.790  -78.241  7.685 0.1000000015
12083  45.625  -78.793  7.041 0.1000000015
12097  45.245  -78.963  6.350 0.1000000015
12101  41.196  -78.659  5.824 0.1000000015
12117  43.062  -79.548  5.354 0.1000000015
12136  36.076  -77.867  4.933 0.1000000015
13022  41.471  -77.612  11.639 0.1000000015
13039  39.676  -77.207  10.478 0.1000000015
13053  40.148  -77.695  9.936 0.1000000015
13087  39.662  -77.866  6.918 0.1000000015
13098  39.508  -77.960  5.642 0.1000000015
13951  43.490  -77.003  12.940 0.1000000015
13953  41.693  -76.430  12.641 0.1000000015
13970  47.374  -77.216  10.433 0.1000000015
13980  38.526  -76.233  10.455 0.1000000015
14008  37.281  -76.101  8.715 0.1000000015
14021  38.161  -77.109  7.532 0.1000000015
14057  35.992  -77.069  4.924 0.1000000015
14133  43.225  -76.412  -2.895 0.2000000030
14987  45.461  -75.633  13.498 0.1000000015
15006  42.192  -76.071  13.058 0.1000000015
15041  36.851  -74.981  9.290 0.1000000015
15091  36.281  -76.143  5.735 0.1000000015
15163  46.714  -74.859  -2.049 0.1000000015
15177  40.977  -75.614  -2.750 0.2000000030
15188  44.845  -75.350  -3.701 0.2000000030
16080  39.793  -74.837  11.802 0.1000000015
16238  38.213  -74.233  -2.880 0.1000000015
17185  35.338  -73.569  6.912 0.1000000015
17197  39.767  -72.765  5.715 0.1000000015
17216  33.017  -73.071  4.900 0.1000000015
17225  48.768  -73.117  4.547 0.1000000015
17248  31.130  -73.367  2.554 0.1000000015
17249  30.555  -73.874  2.393 0.1000000015
17257  48.384  -72.705  2.352 0.1000000015
17285  38.394  -73.325  0.719 0.1000000015
17286  37.654  -73.491  0.578 0.1000000015
17313  47.085  -73.142  -2.872 0.2000000030
17326  46.186  -73.975  -3.344 0.3000000119
18272  45.143  -72.657  8.639 0.1000000015
18282  48.187  -71.962  6.979 0.1000000015
18285  39.213  -72.878  7.477 0.1000000015
18296  49.177  -71.940  6.057 0.1000000015
18297  48.839  -72.168  6.350 0.1000000015
18311  49.209  -72.341  5.829 0.1000000015
18328  49.240  -72.453  5.172 0.1000000015
18334  34.371  -72.294  5.013 0.1000000015
18336  32.580  -72.714  4.245 0.1000000015
18350  33.079  -71.928  3.106 0.1000000015
18351  32.413  -72.476  3.500 0.1000000015
18363  38.830  -72.029  2.523 0.1000000015
18367  34.612  -71.822  2.170 0.1000000015
18379  37.658  -72.496  1.291 0.1000000015
18381  35.829  -72.425  1.294 0.1000000015
18392  48.096  -71.757  0.396 0.2000000030
18395  35.800  -73.000  0.816 0.1000000015
18418  47.490  -72.011  -1.597 0.1000000015
18434  40.810  -72.349  -2.318 0.1000000015
18451  38.138  -73.023  -3.663 0.2000000030
18471  39.508  -72.278  -4.755 0.1000000015
19422  49.088  -71.751  5.053 0.2000000030
19423  48.722  -71.595  5.163 0.1000000015
19426  44.464  -71.476  4.561 0.3000000119
19440  48.609  -71.574  4.418 0.1000000015
19446  35.151  -71.633  3.857 0.1000000015
19458  36.083  -71.609  2.654 0.1000000015
19470  47.982  -71.320  -0.470 0.1000000015
19488  47.752  -71.306  -0.944 0.1000000015
19553  41.679  -71.925  -5.625 0.1000000015
20386  37.892  -70.155  15.140 0.2000000030
20398  38.411  -70.317  14.652 0.2000000030
20470  45.515  -71.032  8.422 0.1000000015
20471  44.367  -70.862  8.704 0.2000000030
20488  38.883  -70.087  7.305 0.4000000060
20515  42.691  -71.167  4.653 0.4000000060
20521  48.441  -71.428  3.502 0.2000000030
20525  44.747  -70.902  2.577 0.2000000030
20534  48.396  -71.011  2.540 0.2000000030
20554  48.180  -70.075  0.217 0.3000000119
20578  38.388  -70.520  -0.971 0.1000000015
20579  37.796  -69.967  -1.213 0.1000000015
21413  38.655  -69.318  16.326 0.1000000015
21433  37.503  -69.555  15.539 0.2000000030
21459  35.994  -69.446  13.913 0.4000000060
21485  35.292  -68.929  13.427 0.3000000119
21494  34.915  -68.947  11.594 0.4000000060
21519  35.326  -69.148  10.241 0.5000000000
21520  35.040  -69.135  10.951 0.5000000000
21545  35.923  -69.087  8.869 0.5000000000
21573  38.507  -69.196  5.392 0.5000000000
21628  38.629  -70.398  -0.246 0.2000000030
21630  36.980  -69.243  0.037 0.4000000060
21638  47.640  -69.702  -0.137 0.4000000060
21646  36.747  -68.964  -0.392 0.4000000060
21653  37.894  -69.663  -1.815 0.1000000015
21668  37.825  -69.147  -2.052 0.2000000030
21695  44.691  -68.969  -5.463 0.2000000030
21725  44.001  -68.886  -6.050 0.2000000030
22461  42.590  -68.533  17.629 0.1000000015
22484  39.222  -68.882  16.796 0.1000000015
22486  37.645  -68.310  16.397 0.1000000015
22505  37.207  -68.792  15.857 0.2000000030
22507  35.828  -68.075  15.095 0.2000000030
22565  34.612  -67.962  10.288 0.5000000000
22600  36.166  -68.461  7.623 0.5000000000
22617  38.146  -68.692  5.471 0.5000000000
22618  37.650  -68.515  5.849 0.5000000000
22621  39.989  -68.417  3.951 0.6000000238
22658  37.622  -68.662  1.327 0.5000000000
22659  36.656  -68.419  1.234 0.4000000060
22660  35.917  -68.161  0.879 0.4000000060
22668  46.234  -68.599  -0.139 0.4000000060
22690  36.435  -68.382  -0.468 0.3000000119
22712  37.594  -68.695  -1.984 0.2000000030
22724  39.535  -69.036  -3.066 0.1000000015
22734  44.535  -69.140  -4.849 0.2000000030
22745  45.083  -68.516  -5.472 0.2000000030
22748  40.948  -68.902  -5.766 0.1000000015
22761  44.859  -68.720  -5.652 0.2000000030
22763  42.197  -68.156  -6.488 0.1000000015
23560  40.445  -67.774  17.429 0.1000000015
23568  39.678  -67.469  17.172 0.1000000015
23571  37.368  -67.523  16.394 0.1000000015
23572  36.699  -67.499  16.000 0.2000000030
23586  36.075  -67.486  15.487 0.2000000030
23587  35.477  -67.427  14.964 0.2000000030
23612  34.988  -68.205  13.867 0.3000000119
23650  34.829  -67.568  9.628 0.5000000000
23661  35.197  -67.237  9.080 0.5000000000
23689  36.685  -67.824  6.635 0.5000000000
23698  40.277  -67.518  4.045 0.5000000000
23704  42.312  -67.322  2.938 0.5000000000
23708  35.568  -67.053  2.850 0.4000000060
23718  39.616  -66.602  2.352 0.4000000060
23719  38.757  -67.258  2.252 0.4000000060
23730  41.435  -66.827  1.038 0.5000000000
23735  35.444  -67.563  1.208 0.4000000060
23749  35.580  -67.529  0.443 0.3000000119
23759  43.231  -67.500  -0.231 0.4000000060
23772  37.145  -67.603  -1.662 0.2000000030
23773  36.583  -68.081  -1.149 0.2000000030
23791  38.376  -67.562  -2.393 0.2000000030
23802  42.451  -67.412  -3.934 0.2000000030
23812  45.338  -67.823  -5.313 0.1000000015
23836  44.874  -67.559  -6.462 0.1000000015
23851  43.216  -67.435  -7.501 0.1000000015
24609  45.866  -65.101  17.230 0.1000000015
24611  44.019  -66.119  17.390 0.1000000015
24613  41.753  -66.969  17.478 0.1000000015
24621  42.414  -66.170  17.048 0.1000000015
24677  34.429  -66.320  12.375 0.4000000060
24709  35.348  -66.676  9.145 0.5000000000
24734  43.894  -66.519  7.448 0.4000000060
24739  35.807  -67.382  7.873 0.5000000000
24754  39.286  -66.318  5.900 0.5000000000
24756  37.664  -66.913  6.117 0.5000000000
24768  38.116  -67.333  5.610 0.5000000000
24778  35.629  -66.275  4.144 0.4000000060
24779  34.765  -65.975  3.824 0.2000000030
24807  34.888  -66.620  2.567 0.3000000119
24808  34.492  -66.081  2.419 0.3000000119
24818  40.332  -66.615  1.910 0.4000000060
24819  35.032  -66.938  1.305 0.3000000119
24820  34.602  -65.906  1.765 0.3000000119
24826  44.864  -66.124  0.238 0.4000000060
24830  35.243  -66.838  0.603 0.3000000119
24838  36.849  -66.270  -1.055 0.2000000030
24839  36.212  -66.737  -0.758 0.3000000119
24862  38.623  -66.720  -2.254 0.2000000030
24899  45.298  -67.032  -5.141 0.1000000015
24914  45.501  -67.425  -5.566 0.1000000015
24952  42.968  -65.833  -9.414 0.1000000015
24987  43.328  -66.653  -10.657 0.1000000015
25706  44.784  -64.340  16.617 0.1000000015
25715  43.463  -64.356  16.149 0.1000000015
25720  37.708  -65.618  16.286 0.1000000015
25744  35.394  -65.769  15.258 0.3000000119
25782  41.763  -65.145  11.336 0.5000000000
25785  38.761  -65.371  10.994 0.5000000000
25827  37.097  -65.561  10.075 0.5000000000
25842  37.508  -65.595  8.687 0.5000000000
25844  35.847  -66.197  8.934 0.5000000000
25866  40.474  -65.869  6.860 0.5000000000
25867  39.572  -65.801  6.773 0.5000000000
25885  34.785  -65.070  5.092 0.2000000030
25893  37.275  -65.643  4.435 0.4000000060
25894  36.234  -65.828  4.744 0.3000000119
25896  34.422  -65.316  4.269 0.2000000030
25897  34.027  -64.794  3.917 0.2000000030
25913  34.343  -65.504  3.473 0.2000000030
25931  34.398  -65.456  2.460 0.2000000030
25943  44.466  -65.404  0.971 0.5000000000
25945  42.347  -65.492  1.651 0.5000000000
25956  35.400  -66.063  0.161 0.3000000119
25957  34.978  -65.343  1.264 0.3000000119
25975  38.498  -65.331  -1.534 0.2000000030
25976  37.687  -65.773  -1.304 0.2000000030
25985  40.485  -65.294  -2.572 0.2000000030
25986  39.691  -65.570  -2.326 0.2000000030
26029  44.120  -65.341  -4.648 0.2000000030
26050  40.063  -65.415  -5.606 0.1000000015
26077  43.578  -65.108  -8.233 0.1000000015
26089  44.609  -65.317  -8.921 0.1000000015
26746  39.331  -64.856  24.582 0.1000000015
26747  38.561  -64.136  24.488 0.1000000015
26759  37.508  -63.795  24.132 0.1000000015
26786  41.216  -64.978  21.592 0.1000000015
26789  38.826  -63.946  21.538 0.1000000015
26822  46.312  -64.274  18.279 0.1000000015
26836  45.917  -63.959  17.439 0.1000000015
26837  45.266  -63.861  17.281 0.1000000015
26838  44.276  -63.759  17.167 0.1000000015
26861  41.433  -63.618  15.867 0.1000000015
26880  37.486  -64.107  16.107 0.2000000030
26881  36.484  -64.449  15.911 0.2000000030
26932  37.577  -64.697  11.233 0.5000000000
27002  36.981  -64.216  6.280 0.2000000030
27003  35.922  -64.234  6.438 0.2000000030
27025  38.311  -64.455  5.185 0.4000000060
27026  37.440  -64.561  5.493 0.3000000119
27030  33.661  -63.982  4.816 0.2000000030
27038  44.833  -65.311  3.889 0.5000000000
27039  44.336  -64.777  4.142 0.5000000000
27043  39.353  -64.689  4.279 0.4000000060
27063  41.631  -64.735  3.211 0.4000000060
27065  40.041  -64.623  4.059 0.4000000060
27067  33.784  -64.113  4.085 0.2000000030
27083  34.319  -64.670  2.620 0.3000000119
27104  37.070  -63.974  0.037 0.2000000030
27105  36.253  -64.385  0.371 0.3000000119
27106  35.517  -64.781  0.748 0.3000000119
27197  44.138  -64.348  -5.401 0.1000000015
27198  42.620  -63.805  -5.849 0.1000000015
27227  44.933  -65.180  -7.798 0.1000000015
27228  43.870  -64.724  -7.557 0.1000000015
27230  42.259  -64.987  -6.854 0.1000000015
27879  38.003  -63.514  24.625 0.1000000015
27929  39.055  -63.911  18.981 0.1000000015
27930  38.483  -63.810  19.754 0.1000000015
27938  41.015  -63.478  17.639 0.1000000015
27939  39.395  -63.349  18.299 0.1000000015
27953  39.822  -62.732  17.392 0.1000000015
27959  43.265  -63.534  16.407 0.1000000015
27960  42.824  -63.464  16.152 0.1000000015
27961  42.021  -63.424  16.005 0.1000000015
27962  40.935  -62.858  15.988 0.1000000015
27973  40.683  -62.926  15.885 0.1000000015
27974  40.053  -62.882  15.807 0.1000000015
27990  34.963  -62.994  14.912 0.2000000030
27991  34.639  -63.594  14.451 0.2000000030
28006  34.542  -63.251  13.508 0.2000000030
28020  46.382  -64.463  13.017 0.1000000015
28045  35.554  -63.306  11.775 0.2000000030
28109  35.197  -62.978  7.381 0.2000000030
28131  38.948  -63.803  6.174 0.4000000060
28133  36.438  -63.748  7.029 0.2000000030
28134  35.466  -63.618  7.008 0.2000000030
28135  34.526  -63.283  6.782 0.2000000030
28136  33.861  -63.231  6.221 0.2000000030
28150  39.656  -64.035  5.476 0.4000000060
28164  33.585  -63.172  4.987 0.2000000030
28182  33.967  -63.411  3.623 0.2000000030
28218  36.130  -63.102  1.216 0.2000000030
28220  34.691  -64.113  2.092 0.2000000030
28238  38.526  -63.295  -0.445 0.3000000119
28239  37.852  -63.599  -0.224 0.3000000119
28251  40.040  -63.276  -1.398 0.4000000060
28271  41.999  -62.870  -2.924 0.3000000119
28272  41.306  -63.275  -2.299 0.3000000119
28317  43.801  -63.747  -5.600 0.1000000015
28318  43.259  -63.296  -5.511 0.2000000030
28319  41.899  -62.836  -4.959 0.2000000030
28332  43.629  -63.821  -6.045 0.2000000030
29000  37.979  -62.071  25.162 0.1000000015
29002  37.434  -62.551  24.855 0.1000000015
29041  38.311  -62.527  22.707 0.1000000015
29069  37.046  -62.117  18.776 0.2000000030
29091  39.909  -62.393  16.096 0.1000000015
29104  40.327  -62.658  15.939 0.1000000015
29106  39.053  -62.165  15.713 0.1000000015
29215  41.986  -63.005  8.928 0.2000000030
29217  40.330  -62.607  8.248 0.1000000015
29233  37.405  -62.746  8.079 0.2000000030
29235  35.535  -62.286  7.845 0.2000000030
29254  33.610  -62.658  5.787 0.2000000030
29279  33.636  -62.418  5.019 0.1000000015
29293  33.774  -62.658  4.268 0.1000000015
29320  35.622  -62.668  1.818 0.2000000030
29329  38.361  -62.049  0.141 0.2000000030
29330  37.624  -62.399  0.472 0.2000000030
29331  36.893  -62.736  0.817 0.2000000030
29344  39.888  -62.173  -0.886 0.3000000119
29386  42.496  -62.371  -3.534 0.2000000030
29400  43.141  -62.775  -4.478 0.2000000030
29401  42.762  -62.196  -4.026 0.2000000030
29402  40.298  -62.352  -3.805 0.2000000030
29426  42.531  -62.406  -4.645 0.2000000030
30119  37.083  -62.101  24.810 0.1000000015
30120  36.328  -61.503  24.169 0.1000000015
30135  35.733  -62.023  23.311 0.1000000015
30174  36.674  -61.473  18.218 0.2000000030
30224  35.226  -61.565  14.534 0.2000000030
30225  34.743  -61.708  14.021 0.2000000030
30289  46.234  -62.139  10.037 0.1000000015
30335  35.579  -61.414  8.031 0.1000000015
30355  34.214  -61.682  6.940 0.1000000015
30372  33.663  -61.808  5.421 0.1000000015
30387  33.905  -61.130  4.189 0.1000000015
30415  34.528  -61.755  3.133 0.1000000015
30483  41.746  -61.227  -3.078 0.3000000119
30485  38.969  -60.910  -2.529 0.1000000015
30501  41.011  -60.817  -3.302 0.2000000030
30514  42.478  -61.730  -3.977 0.2000000030
30515  41.873  -61.387  -3.925 0.2000000030
31138  39.309  -60.134  24.489 0.1000000015
31139  38.581  -60.550  24.702 0.1000000015
31140  38.150  -60.832  25.027 0.1000000015
31227  36.136  -61.002  18.610 0.1000000015
31302  45.657  -61.050  11.814 0.1000000015
31366  36.806  -60.394  8.436 0.1000000015
31402  34.949  -60.307  6.834 0.1000000015
31403  34.035  -61.085  6.482 0.1000000015
31417  34.254  -59.947  5.243 0.1000000015
31418  33.773  -61.126  5.783 0.1000000015
31435  33.783  -61.143  4.989 0.1000000015
31444  34.107  -60.441  3.789 0.1000000015
31457  34.502  -60.569  2.997 0.1000000015
31471  37.299  -59.783  0.803 0.1000000015
31472  36.554  -60.356  1.267 0.1000000015
31473  35.838  -60.833  1.829 0.1000000015
31495  40.497  -60.322  -1.464 0.3000000119
31510  36.609  -59.726  -1.171 0.1000000015
31518  41.260  -60.609  -2.819 0.2000000030
31519  40.668  -60.205  -2.472 0.2000000030
31533  40.568  -60.354  -2.779 0.2000000030
32120  40.110  -59.865  24.297 0.1000000015
32172  36.921  -59.631  20.866 0.1000000015
32174  35.890  -59.688  19.905 0.1000000015
32181  35.642  -59.075  19.371 0.1000000015
32188  35.488  -59.340  18.540 0.1000000015
32213  36.434  -60.150  15.666 0.2000000030
32278  43.381  -60.009  11.232 0.1000000015
32369  35.925  -59.302  6.648 0.1000000015
32371  34.618  -60.036  6.083 0.1000000015
32435  35.408  -59.221  2.296 0.1000000015
32436  34.794  -59.689  2.757 0.1000000015
32462  38.840  -58.661  0.022 0.2000000030
32463  38.153  -59.158  0.481 0.2000000030
32477  39.847  -59.044  -0.959 0.3000000119
32478  39.252  -58.413  -0.577 0.2000000030
32494  39.973  -58.834  -1.652 0.2000000030
32495  38.457  -58.792  -1.884 0.1000000015
32508  39.815  -58.905  -2.062 0.1000000015
33094  39.250  -59.788  24.444 0.1000000015
33178  35.735  -58.229  19.443 0.1000000015
33191  35.124  -57.807  17.314 0.1000000015
33233  37.865  -58.217  11.365 0.1000000015
33234  36.857  -58.221  11.555 0.1000000015
33268  43.689  -58.643  9.755 0.1000000015
33371  35.277  -58.469  5.702 0.1000000015
33372  34.776  -58.385  5.084 0.1000000015
33385  34.555  -58.400  4.368 0.1000000015
33411  36.491  -57.305  1.798 0.1000000015
33456  38.958  -57.877  -0.732 0.1000000015
33474  39.525  -58.588  -1.661 0.1000000015
33475  38.942  -58.150  -1.396 0.1000000015
33477  37.481  -58.030  -0.997 0.1000000015
34236  37.919  -57.888  20.256 0.1000000015
34237  37.031  -58.059  20.433 0.1000000015
34254  35.732  -57.016  18.764 0.1000000015
34273  35.067  -57.108  17.315 0.1000000015
34282  34.945  -56.784  16.046 0.1000000015
34305  35.653  -57.673  12.610 0.1000000015
34312  38.213  -57.660  11.053 0.1000000015
34319  41.873  -58.025  10.146 0.1000000015
34414  35.303  -57.609  5.338 0.1000000015
34415  34.929  -57.645  4.623 0.1000000015
34464  35.100  -57.792  2.998 0.1000000015
34472  36.976  -56.969  1.179 0.2000000030
34484  38.123  -57.529  -0.394 0.1000000015
34485  38.054  -57.521  0.079 0.1000000015
34486  36.773  -56.941  0.789 0.1000000015
34502  37.498  -57.356  0.025 0.1000000015
34503  36.577  -57.360  0.167 0.1000000015
35346  36.289  -57.221  19.338 0.1000000015
35353  36.925  -56.165  18.594 0.1000000015
35354  36.204  -56.546  18.702 0.1000000015
35356  35.355  -56.977  18.263 0.1000000015
35368  35.199  -56.692  17.680 0.1000000015
35411  35.669  -55.835  13.124 0.1000000015
35450  38.723  -55.340  9.796 0.1000000015
35522  35.803  -56.211  5.743 0.1000000015
35523  35.436  -56.172  5.122 0.1000000015
35564  34.912  -56.061  2.845 0.1000000015
35576  35.914  -56.539  1.627 0.1000000015
35595  34.769  -56.591  1.366 0.1000000015
36461  36.244  -55.319  17.430 0.1000000015
36462  35.641  -55.700  17.493 0.1000000015
36471  38.722  -55.238  16.555 0.1000000015
36472  37.865  -55.015  16.959 0.1000000015
36473  35.242  -54.969  16.124 0.1000000015
36474  34.943  -55.746  16.206 0.1000000015
36484  35.234  -54.792  15.272 0.1000000015
36522  35.515  -55.137  13.276 0.1000000015
36533  37.032  -55.678  11.322 0.1000000015
36534  36.337  -54.629  11.951 0.1000000015
36612  36.664  -55.640  6.407 0.1000000015
36640  34.796  -55.522  4.179 0.1000000015
37546  37.154  -54.535  16.571 0.1000000015
37547  36.327  -54.762  16.783 0.1000000015
37554  38.328  -54.177  15.556 0.1000000015
37557  35.743  -54.314  15.550 0.1000000015
37592  35.417  -54.623  13.812 0.1000000015
37606  36.406  -53.874  12.094 0.1000000015
37619  37.422  -53.932  10.771 0.1000000015
37708  37.740  -54.049  6.111 0.1000000015
37709  36.186  -54.345  6.120 0.1000000015
37711  34.923  -53.703  5.273 0.1000000015
37727  34.337  -54.078  4.669 0.1000000015
38627  37.040  -53.443  15.140 0.1000000015
38629  35.959  -53.886  14.840 0.1000000015
38642  38.107  -53.200  14.370 0.1000000015
38643  37.301  -53.211  14.651 0.1000000015
38644  36.571  -53.410  14.514 0.1000000015
38661  35.822  -53.838  14.087 0.1000000015
38683  37.318  -52.911  12.040 0.1000000015
38698  36.891  -53.448  11.781 0.1000000015
124430  35.559  -59.094  16.640 0.1000000015
125367  35.419  -58.552  18.686 0.1000000015
125607  36.287  -61.138  20.037 0.1000000015
126114  48.803  -72.664  3.809 0.1000000015
126321  43.426  -65.234  11.710 0.1000000015
126341  48.379  -71.531  5.599 0.1000000015
126446  35.741  -69.517  10.841 0.5000000000
126829  35.349  -57.968  14.813 0.1000000015
126924  35.225  -55.605  16.865 0.1000000015
126925  30.909  -74.110  3.682 0.1000000015
127233  43.736  -69.722  -5.542 0.2000000030
127381  36.614  -69.694  10.716 0.4000000060
128045  36.725  -87.267  6.021 0.1000000015
128096  40.198  -63.398  17.945 0.1000000015
128225  46.596  -77.405  10.106 0.1000000015
128478  34.493  -67.509  10.815 0.5000000000
128853  37.961  -66.389  3.384 0.4000000060
128901  43.635  -75.093  -4.058 0.2000000030
129195  46.538  -71.318  7.599 0.1000000015
129242  38.125  -65.216  4.356 0.4000000060
129666  40.088  -66.323  5.601 0.5000000000
129754  37.894  -63.538  11.390 0.3000000119
129770  34.112  -60.537  5.930 0.1000000015
130107  41.007  -64.366  16.008 0.1000000015
130193  36.419  -55.470  11.879 0.1000000015
130908  34.877  -54.891  4.879 0.1000000015
131508  39.158  -60.960  11.375 0.1000000015
131584  41.414  -63.124  16.795 0.1000000015
131626  42.837  -74.868  13.407 0.1000000015
131776  41.280  -67.886  17.590 0.1000000015
131819  40.867  -62.435  8.538 0.2000000030
132042  38.535  -63.258  22.255 0.1000000015
132973  35.185  -56.804  4.056 0.1000000015
133067  39.989  -59.256  11.260 0.1000000015
133505  36.868  -54.870  6.395 0.1000000015
133812  38.369  -66.610  16.484 0.1000000015
134122  46.140  -79.223  8.061 0.1000000015
134221  36.271  -55.045  6.286 0.1000000015
134437  39.282  -59.120  -2.281 0.1000000015
134787  37.654  -67.582  2.396 0.5000000000
135049  48.323  -70.690  1.629 0.3000000119
135153  43.300  -80.603  9.673 0.1000000015
135331  37.449  -62.589  15.559 0.2000000030
135487  36.528  -62.719  15.569 0.2000000030
135636  40.927  -61.585  -3.775 0.2000000030
135786  42.987  -63.639  -3.885 0.1000000015
135995  42.262  -60.164  11.515 0.2000000030
136124  39.166  -59.965  -2.521 0.1000000015
136327  43.865  -75.396  -3.864 0.2000000030
136530  39.147  -60.333  24.449 0.1000000015
136810  38.948  -61.623  -0.209 0.3000000119
136997  39.008  -66.266  16.458 0.1000000015
137069  34.894  -60.370  12.886 0.1000000015
137205  46.766  -64.420  18.010 0.1000000015
137592  38.703  -69.530  -5.688 0.1000000015
137733  34.199  -65.121  3.116 0.2000000030
137773  36.676  -60.577  -1.383 0.1000000015
138215  37.016  -65.933  16.229 0.2000000030
138353  35.439  -59.064  6.122 0.1000000015
138567  45.517  -64.325  16.844 0.1000000015
138614  38.528  -57.571  19.748 0.1000000015
139310  41.546  -61.435  -2.522 0.3000000119
139760  39.987  -83.239  4.844 0.1000000015
139823  47.263  -71.889  -1.741 0.1000000015
139826  37.372  -59.227  20.949 0.1000000015
140014  46.576  -65.751  10.483 0.1000000015
140240  38.948  -69.797  15.865 0.1000000015
140326  33.077  -72.192  2.371 0.1000000015
140776  42.393  -61.783  -4.145 0.2000000030
140908  48.413  -73.338  5.578 0.1000000015
140923  48.362  -70.613  0.814 0.1000000015
141713  35.825  -54.924  6.036 0.1000000015
141770  40.028  -60.758  -0.862 0.3000000119
141901  35.109  -56.948  15.078 0.1000000015
141969  47.115  -72.247  -2.163 0.1000000015
142230  38.955  -70.111  0.338 0.2000000030
142519  36.359  -66.930  15.832 0.2000000030
142561  39.845  -64.462  11.499 0.3000000119
142719  35.195  -55.608  4.802 0.1000000015
142813  43.011  -80.655  8.748 0.1000000015
142954  44.659  -66.352  -0.035 0.4000000060
143334  36.607  -77.271  5.131 0.1000000015
143545  34.472  -65.842  12.922 0.3000000119
143632  37.499  -68.960  6.230 0.5000000000
144095  38.158  -66.225  6.577 0.5000000000
144170  30.898  -76.871  3.858 0.1000000015
144225  33.863  -64.129  5.378 0.2000000030
144421  38.363  -69.999  10.441 0.1000000015
144666  35.226  -56.468  3.225 0.1000000015
144745  36.841  -67.525  2.627 0.4000000060
144783  38.499  -57.662  -0.415 0.1000000015
145143  39.814  -84.290  7.665 0.1000000015
145942  41.000  -72.850  -5.128 0.1000000015
146257  43.514  -72.053  -0.494 0.4000000060
146441  42.931  -80.760  5.326 0.1000000015
146444  42.069  -61.409  -3.727 0.2000000030
147266  41.326  -62.261  -2.136 0.3000000119
147401  35.368  -60.719  7.649 0.1000000015
147439  43.628  -65.727  16.912 0.1000000015
147445  38.830  -72.064  4.000 0.1000000015
147493  39.298  -61.778  8.508 0.1000000015
147614  41.161  -73.454  7.869 0.1000000015
147659  41.588  -65.596  -7.529 0.1000000015
147831  39.676  -72.919  1.266 0.1000000015
147849  38.345  -69.524  5.932 0.4000000060
148006  34.875  -56.242  16.201 0.1000000015
148401  39.466  -75.532  11.606 0.1000000015
148652  41.468  -63.089  16.033 0.1000000015
148681  34.963  -61.097  12.665 0.2000000030
148686  39.422  -64.391  21.224 0.1000000015
148806  34.479  -66.658  10.984 0.5000000000
149420  42.878  -75.488  13.391 0.1000000015
149497  44.385  -65.060  -5.137 0.1000000015
149598  33.858  -64.372  4.396 0.2000000030
149647  34.836  -66.415  1.508 0.3000000119
149654  36.149  -73.425  0.655 0.1000000015
149837  39.414  -77.688  8.713 0.1000000015
149939  35.161  -56.134  14.074 0.1000000015
150262  36.195  -53.719  12.754 0.1000000015
150290  41.983  -66.357  1.015 0.5000000000
