#!ascii label  , from subject sub-v2s18x29525_ses-1 vox2ras=TkReg
4168
19405  9.620  -70.641  5.977 0.0000000000
140853  18.506  -57.123  7.120 0.0000000000
4839  9.325  -87.064  -4.677 0.0000000000
9372  11.815  -81.058  -0.381 0.0000000000
4907  2.073  -88.641  -12.355 0.0000000000
6048  0.413  -85.234  3.149 0.0000000000
25845  9.887  -65.844  7.624 0.0000000000
131166  9.283  -96.264  -7.655 0.0000000000
10088  0.299  -81.170  11.423 0.0000000000
25762  10.835  -65.116  13.966 0.0000000000
143784  16.144  -59.958  9.888 0.0000000000
3731  10.743  -89.077  -16.936 0.0000000000
13131  12.502  -77.506  4.634 0.0000000000
138621  5.580  -81.377  0.135 0.0000000000
144242  4.541  -78.198  6.057 0.0000000000
30357  14.333  -62.043  6.975 0.0000000000
31394  5.600  -59.846  7.533 0.0000000000
34381  11.447  -57.851  7.285 0.0000000000
128736  0.481  -85.718  17.882 0.0000000000
30221  4.524  -60.327  15.227 0.0000000000
28063  13.874  -63.747  9.521 0.0000000000
3675  8.967  -89.906  -9.568 0.0000000000
1260  11.027  -94.130  -11.965 0.0000000000
4290  13.950  -88.061  -9.831 0.0000000000
38774  15.951  -52.966  5.411 0.0000000000
6876  8.363  -84.451  -0.579 0.0000000000
7002  7.922  -84.658  -8.227 0.0000000000
146380  4.140  -81.460  -7.388 0.0000000000
6156  -0.030  -86.241  -5.323 0.0000000000
22550  5.736  -69.114  12.998 0.0000000000
21527  2.543  -69.164  10.067 0.0000000000
28029  3.627  -63.381  13.217 0.0000000000
39800  10.732  -53.050  6.174 0.0000000000
2124  1.898  -93.602  -11.046 0.0000000000
3628  0.084  -89.903  -5.551 0.0000000000
4134  0.088  -88.761  2.575 0.0000000000
4695  4.099  -88.180  7.903 0.0000000000
6739  8.042  -84.982  11.796 0.0000000000
12042  11.261  -77.922  11.023 0.0000000000
130336  -0.094  -70.609  15.198 0.0000000000
17058  5.768  -73.425  16.454 0.0000000000
18245  10.147  -73.445  12.955 0.0000000000
21522  13.816  -69.307  10.340 0.0000000000
24740  18.155  -66.186  7.823 0.0000000000
31368  21.255  -60.565  8.811 0.0000000000
870  12.576  -96.149  -11.591 0.0000000000
2177  12.847  -92.891  -16.942 0.0000000000
5598  9.259  -86.384  -15.170 0.0000000000
16139  11.053  -74.093  5.225 0.0000000000
13119  8.588  -77.396  4.833 0.0000000000
16131  7.129  -74.242  6.275 0.0000000000
131213  16.160  -60.095  7.375 0.0000000000
31391  12.698  -60.342  7.736 0.0000000000
34377  15.519  -57.984  7.043 0.0000000000
4272  8.416  -87.807  -7.791 0.0000000000
3645  12.768  -89.471  -7.773 0.0000000000
5462  12.152  -85.971  -7.495 0.0000000000
8541  9.571  -82.606  -0.286 0.0000000000
8595  7.702  -83.219  -4.425 0.0000000000
11253  8.163  -79.685  -4.558 0.0000000000
7682  3.601  -83.552  1.496 0.0000000000
6904  3.458  -84.516  -2.413 0.0000000000
138004  0.558  -86.064  -1.556 0.0000000000
7768  -0.414  -83.615  -5.060 0.0000000000
7704  -0.763  -84.501  -0.494 0.0000000000
24690  7.797  -67.043  11.198 0.0000000000
24684  4.804  -66.057  13.172 0.0000000000
149188  6.473  -64.708  10.030 0.0000000000
33256  5.342  -57.838  10.960 0.0000000000
32313  2.417  -58.463  11.003 0.0000000000
39817  13.681  -52.670  5.171 0.0000000000
3073  0.659  -90.570  -8.092 0.0000000000
1997  1.486  -91.850  3.549 0.0000000000
126541  1.455  -90.214  7.724 0.0000000000
129823  1.220  -88.432  4.731 0.0000000000
3438  0.778  -88.998  10.509 0.0000000000
127569  1.913  -82.449  15.041 0.0000000000
5262  4.256  -86.449  15.827 0.0000000000
7539  5.038  -83.211  13.847 0.0000000000
8371  10.540  -82.128  12.480 0.0000000000
10084  6.472  -80.494  10.779 0.0000000000
29116  8.100  -62.252  15.137 0.0000000000
24635  5.163  -66.263  16.016 0.0000000000
23594  8.380  -67.902  15.430 0.0000000000
17078  9.214  -73.543  15.981 0.0000000000
145161  11.331  -70.149  14.595 0.0000000000
20426  12.042  -71.229  12.449 0.0000000000
23619  12.891  -67.695  13.495 0.0000000000
29194  15.932  -62.344  9.791 0.0000000000
26946  16.719  -64.971  10.012 0.0000000000
28076  18.792  -62.876  9.901 0.0000000000
28110  19.497  -63.413  7.935 0.0000000000
31327  20.166  -61.160  10.304 0.0000000000
140530  9.599  -98.655  -7.191 0.0000000000
127079  12.529  -96.893  -8.325 0.0000000000
142994  11.052  -99.020  -9.899 0.0000000000
142808  11.270  -91.820  -14.250 0.0000000000
898  9.675  -95.376  -15.014 0.0000000000
2194  9.436  -92.183  -17.923 0.0000000000
2203  13.938  -92.014  -19.943 0.0000000000
3164  11.308  -90.021  -19.270 0.0000000000
5512  5.113  -87.301  -10.068 0.0000000000
5532  8.462  -86.644  -11.741 0.0000000000
4935  5.714  -88.488  -13.958 0.0000000000
22553  0.133  -68.226  12.750 0.0000000000
146091  1.116  -72.678  11.329 0.0000000000
11157  12.721  -78.831  1.625 0.0000000000
11196  8.392  -79.179  -1.053 0.0000000000
12163  8.508  -78.179  2.552 0.0000000000
10209  5.775  -80.276  3.901 0.0000000000
8475  3.765  -83.000  5.935 0.0000000000
27008  11.663  -64.246  6.649 0.0000000000
28118  7.978  -62.862  7.655 0.0000000000
30360  10.554  -61.344  6.286 0.0000000000
33333  9.337  -58.395  7.858 0.0000000000
35453  9.380  -57.214  9.677 0.0000000000
3382  0.303  -88.623  15.463 0.0000000000
8298  4.385  -82.795  17.113 0.0000000000
10987  4.972  -79.259  14.875 0.0000000000
30282  9.759  -61.782  10.955 0.0000000000
26938  11.929  -64.978  10.203 0.0000000000
29153  12.771  -62.110  11.504 0.0000000000
30253  15.380  -61.953  12.462 0.0000000000
2100  9.088  -92.682  -8.784 0.0000000000
128638  11.147  -95.302  -8.803 0.0000000000
1640  11.968  -92.890  -7.890 0.0000000000
126347  12.749  -91.477  -10.593 0.0000000000
3700  12.821  -89.284  -13.596 0.0000000000
7056  0.877  -84.732  -13.316 0.0000000000
6291  4.173  -85.120  -16.219 0.0000000000
132018  19.538  -55.169  7.110 0.0000000000
37693  17.433  -54.986  6.556 0.0000000000
5423  8.651  -86.520  -2.526 0.0000000000
6954  10.900  -84.153  -6.029 0.0000000000
6931  7.770  -84.760  -4.715 0.0000000000
6181  5.824  -84.824  -7.118 0.0000000000
7021  2.653  -84.715  -10.275 0.0000000000
9412  4.615  -81.638  -3.351 0.0000000000
129839  1.836  -84.211  -7.031 0.0000000000
5494  -0.399  -87.417  -9.208 0.0000000000
7821  -0.789  -84.032  -8.463 0.0000000000
21549  7.489  -69.010  8.371 0.0000000000
21559  4.987  -69.545  7.051 0.0000000000
24717  4.092  -66.199  9.460 0.0000000000
24685  1.826  -66.051  12.758 0.0000000000
26913  -0.737  -64.257  14.058 0.0000000000
139344  4.246  -61.461  10.508 0.0000000000
30261  1.011  -60.488  13.906 0.0000000000
36617  13.851  -55.502  5.716 0.0000000000
150230  11.215  -54.679  7.123 0.0000000000
289  6.328  -98.369  -9.155 0.0000000000
1245  6.626  -94.986  -11.373 0.0000000000
2601  6.022  -91.191  -11.547 0.0000000000
3664  5.111  -89.358  -8.538 0.0000000000
140223  4.720  -88.100  -5.182 0.0000000000
1575  0.262  -93.432  0.595 0.0000000000
4183  -0.667  -88.945  -1.949 0.0000000000
4817  4.200  -87.553  -2.380 0.0000000000
5387  4.656  -87.200  0.729 0.0000000000
6060  6.320  -85.836  2.765 0.0000000000
6814  7.973  -85.337  4.411 0.0000000000
4628  1.772  -87.505  12.719 0.0000000000
5297  5.877  -86.681  10.279 0.0000000000
7612  10.003  -84.103  6.328 0.0000000000
132207  12.444  -81.203  7.307 0.0000000000
12079  14.236  -77.999  8.559 0.0000000000
16115  12.856  -73.847  8.695 0.0000000000
12994  -0.055  -76.746  13.716 0.0000000000
19327  2.954  -71.863  14.312 0.0000000000
13963  4.120  -76.763  12.461 0.0000000000
13009  7.484  -77.781  11.927 0.0000000000
15034  10.061  -75.199  10.429 0.0000000000
18266  8.862  -72.110  10.166 0.0000000000
129104  7.490  -71.072  12.369 0.0000000000
22557  10.362  -69.408  10.671 0.0000000000
22593  12.126  -68.266  8.831 0.0000000000
24688  14.939  -66.673  11.564 0.0000000000
22576  16.052  -68.497  8.893 0.0000000000
24759  14.419  -66.648  6.792 0.0000000000
28114  16.284  -63.702  6.934 0.0000000000
124854  18.441  -61.240  7.553 0.0000000000
33324  19.958  -58.770  7.599 0.0000000000
34346  22.153  -57.073  9.469 0.0000000000
133907  21.731  -55.869  8.075 0.0000000000
148167  15.370  -92.120  -12.562 0.0000000000
315  10.759  -97.585  -12.498 0.0000000000
1275  12.058  -94.620  -14.364 0.0000000000
2641  15.365  -92.099  -16.153 0.0000000000
6222  11.394  -84.741  -9.538 0.0000000000
5549  11.454  -86.968  -12.435 0.0000000000
4958  11.775  -87.147  -15.243 0.0000000000
7101  7.402  -84.011  -17.499 0.0000000000
7098  11.248  -84.198  -17.640 0.0000000000
5629  12.270  -86.912  -19.896 0.0000000000
4348  13.370  -88.337  -17.306 0.0000000000
17157  3.586  -73.891  8.652 0.0000000000
12081  2.172  -78.368  8.850 0.0000000000
9279  0.045  -82.047  7.693 0.0000000000
8509  0.135  -82.379  2.697 0.0000000000
18321  10.739  -72.157  5.682 0.0000000000
16141  9.318  -74.128  5.539 0.0000000000
18305  8.518  -72.065  6.252 0.0000000000
33326  17.249  -58.423  7.015 0.0000000000
33328  15.766  -58.783  7.202 0.0000000000
34375  17.131  -57.591  6.819 0.0000000000
4865  8.821  -87.455  -6.382 0.0000000000
4873  10.765  -87.288  -8.068 0.0000000000
5454  10.219  -86.763  -6.065 0.0000000000
9363  10.468  -82.331  -0.167 0.0000000000
9409  10.390  -80.957  -3.396 0.0000000000
10285  10.628  -80.204  -2.943 0.0000000000
136743  2.103  -85.048  2.174 0.0000000000
6869  2.678  -85.155  0.355 0.0000000000
6081  0.483  -86.097  1.003 0.0000000000
6095  -0.960  -85.730  -0.748 0.0000000000
128337  -0.171  -85.509  1.124 0.0000000000
24729  8.677  -66.545  8.963 0.0000000000
25833  7.336  -66.128  10.114 0.0000000000
142068  7.960  -65.384  8.621 0.0000000000
35437  5.712  -56.921  11.390 0.0000000000
34334  4.117  -56.946  11.847 0.0000000000
1938  2.661  -92.431  7.979 0.0000000000
2865  2.583  -90.284  10.026 0.0000000000
3461  1.138  -90.048  9.058 0.0000000000
140064  1.573  -89.263  11.345 0.0000000000
8376  1.044  -82.613  12.659 0.0000000000
6736  1.907  -84.111  13.000 0.0000000000
8375  3.341  -83.211  11.477 0.0000000000
8374  5.575  -81.609  11.753 0.0000000000
9238  4.137  -81.751  10.565 0.0000000000
26899  9.903  -63.889  14.514 0.0000000000
25741  8.051  -65.304  15.121 0.0000000000
25752  9.516  -66.017  14.553 0.0000000000
22530  9.474  -68.610  15.081 0.0000000000
24660  10.943  -66.862  14.142 0.0000000000
130351  11.801  -68.280  14.164 0.0000000000
24672  11.696  -66.223  13.820 0.0000000000
30294  16.549  -61.288  9.960 0.0000000000
29193  16.746  -62.196  9.951 0.0000000000
131565  18.143  -61.498  10.408 0.0000000000
142735  19.010  -62.262  10.067 0.0000000000
31328  18.747  -60.908  10.523 0.0000000000
525  8.915  -97.499  -7.641 0.0000000000
141  11.123  -99.501  -8.327 0.0000000000
523  10.229  -97.399  -8.013 0.0000000000
3153  11.447  -90.675  -15.624 0.0000000000
2178  9.671  -92.626  -16.642 0.0000000000
2646  9.772  -91.573  -17.391 0.0000000000
2655  10.670  -91.438  -18.855 0.0000000000
131514  10.496  -89.972  -18.834 0.0000000000
4905  4.171  -87.671  -11.529 0.0000000000
145928  5.877  -87.459  -12.047 0.0000000000
4937  4.202  -88.430  -13.566 0.0000000000
23639  -0.633  -67.355  11.881 0.0000000000
22574  -0.808  -69.173  11.413 0.0000000000
13143  13.166  -78.329  3.300 0.0000000000
12172  11.180  -77.990  1.306 0.0000000000
133989  10.907  -77.615  3.173 0.0000000000
13121  6.951  -77.752  5.017 0.0000000000
11130  6.986  -79.083  4.615 0.0000000000
10163  5.902  -79.739  5.592 0.0000000000
9320  4.758  -81.535  5.172 0.0000000000
10165  4.554  -80.659  6.265 0.0000000000
28138  13.521  -63.361  6.467 0.0000000000
28141  10.763  -62.984  6.532 0.0000000000
134664  12.687  -61.821  6.633 0.0000000000
126926  12.225  -59.042  7.480 0.0000000000
32353  11.603  -59.210  7.422 0.0000000000
32328  10.631  -58.247  7.696 0.0000000000
33273  9.444  -58.001  9.586 0.0000000000
34360  10.039  -57.652  8.528 0.0000000000
9148  5.871  -81.536  17.736 0.0000000000
9160  5.725  -81.090  16.334 0.0000000000
31285  9.508  -60.106  12.684 0.0000000000
31294  10.771  -60.509  12.180 0.0000000000
30280  10.869  -61.620  10.520 0.0000000000
30239  12.413  -61.279  13.334 0.0000000000
2590  9.201  -91.195  -9.429 0.0000000000
2084  10.717  -93.024  -7.899 0.0000000000
2574  10.780  -91.273  -8.157 0.0000000000
4282  13.789  -88.350  -8.056 0.0000000000
3082  13.406  -90.664  -8.497 0.0000000000
3686  13.934  -89.330  -10.084 0.0000000000
3138  13.084  -89.933  -12.166 0.0000000000
4300  13.456  -88.521  -11.463 0.0000000000
7853  0.315  -82.949  -13.198 0.0000000000
7069  1.131  -83.362  -14.718 0.0000000000
130978  20.724  -53.624  7.777 0.0000000000
147689  19.304  -53.880  7.304 0.0000000000
6101  9.226  -85.191  -1.847 0.0000000000
6910  9.802  -84.935  -3.243 0.0000000000
6903  9.202  -84.618  -2.420 0.0000000000
9459  6.714  -81.876  -7.043 0.0000000000
7789  5.896  -83.591  -5.887 0.0000000000
7816  4.833  -83.068  -8.251 0.0000000000
7824  3.681  -84.217  -9.422 0.0000000000
7818  3.474  -83.235  -8.989 0.0000000000
10260  6.560  -80.564  -0.747 0.0000000000
10286  6.374  -80.431  -2.413 0.0000000000
9389  5.160  -82.056  -1.837 0.0000000000
6914  2.037  -85.399  -3.845 0.0000000000
7745  2.659  -83.933  -4.653 0.0000000000
6936  1.626  -85.511  -5.444 0.0000000000
6986  1.442  -85.097  -7.859 0.0000000000
5455  -0.438  -86.381  -7.169 0.0000000000
7023  -1.274  -86.134  -9.123 0.0000000000
127937  -0.841  -85.655  -6.929 0.0000000000
20453  5.449  -69.887  10.682 0.0000000000
23658  5.328  -67.390  8.724 0.0000000000
23647  4.759  -67.255  10.845 0.0000000000
26923  4.489  -64.587  13.281 0.0000000000
134906  3.942  -65.711  12.839 0.0000000000
25764  2.889  -64.721  13.642 0.0000000000
25766  0.685  -65.401  14.125 0.0000000000
28015  1.093  -63.581  14.160 0.0000000000
30346  6.602  -61.346  7.589 0.0000000000
29208  6.140  -62.763  8.967 0.0000000000
31346  4.921  -60.830  8.709 0.0000000000
32287  1.675  -59.028  12.353 0.0000000000
129265  16.755  -54.355  6.307 0.0000000000
36616  15.339  -55.411  6.224 0.0000000000
37695  15.415  -54.605  5.913 0.0000000000
39798  12.191  -52.985  5.792 0.0000000000
37697  12.092  -54.152  6.147 0.0000000000
37698  10.765  -54.290  7.313 0.0000000000
37652  9.660  -54.890  8.245 0.0000000000
38747  9.251  -53.967  7.028 0.0000000000
1256  3.300  -94.983  -11.571 0.0000000000
872  5.595  -96.145  -11.956 0.0000000000
1704  4.347  -93.710  -12.787 0.0000000000
2133  6.211  -92.564  -11.950 0.0000000000
2613  4.382  -91.904  -12.028 0.0000000000
3639  0.498  -90.119  -6.885 0.0000000000
3666  3.303  -89.722  -8.483 0.0000000000
3637  2.912  -89.401  -7.170 0.0000000000
4276  4.981  -88.536  -6.848 0.0000000000
4245  1.967  -88.749  -5.151 0.0000000000
2480  -0.946  -90.910  2.572 0.0000000000
2503  0.194  -90.844  0.890 0.0000000000
4160  -0.294  -89.161  0.744 0.0000000000
4199  2.533  -88.217  -2.296 0.0000000000
4169  2.057  -88.703  -0.067 0.0000000000
4781  4.406  -87.293  -0.852 0.0000000000
4157  2.772  -88.291  0.729 0.0000000000
4073  2.089  -88.362  6.300 0.0000000000
4739  3.760  -87.747  3.695 0.0000000000
5357  5.287  -87.093  4.588 0.0000000000
6041  6.547  -86.130  4.043 0.0000000000
5331  5.814  -87.162  6.361 0.0000000000
133055  0.067  -87.927  16.449 0.0000000000
4612  0.365  -88.287  14.480 0.0000000000
4586  1.378  -87.056  16.030 0.0000000000
5954  6.187  -85.820  14.057 0.0000000000
133736  4.562  -87.043  13.034 0.0000000000
5963  6.763  -85.954  11.392 0.0000000000
6764  8.085  -85.446  8.578 0.0000000000
7579  9.352  -84.462  8.936 0.0000000000
8442  11.143  -83.089  7.063 0.0000000000
7565  10.500  -83.416  9.945 0.0000000000
10062  11.144  -79.928  12.486 0.0000000000
10095  12.864  -80.605  10.448 0.0000000000
12040  13.089  -78.246  10.622 0.0000000000
139332  14.545  -75.987  8.451 0.0000000000
13999  12.472  -75.981  10.072 0.0000000000
17061  2.066  -73.316  16.368 0.0000000000
14968  1.307  -75.553  15.556 0.0000000000
17083  -0.544  -73.116  14.915 0.0000000000
27969  2.964  -62.951  15.939 0.0000000000
21421  5.315  -69.446  16.633 0.0000000000
147911  3.618  -68.954  15.739 0.0000000000
17079  4.247  -73.287  15.823 0.0000000000
14982  3.701  -75.059  14.149 0.0000000000
14980  5.352  -76.089  14.990 0.0000000000
13011  5.776  -77.824  11.992 0.0000000000
13920  6.694  -77.020  15.011 0.0000000000
17090  10.024  -73.898  14.328 0.0000000000
15015  9.179  -76.080  12.958 0.0000000000
16077  9.200  -74.034  12.253 0.0000000000
17138  10.052  -73.600  10.243 0.0000000000
17118  8.606  -72.550  11.784 0.0000000000
18257  7.415  -71.917  10.968 0.0000000000
19348  8.235  -71.932  12.406 0.0000000000
21507  13.004  -70.141  11.437 0.0000000000
21509  11.071  -70.143  11.179 0.0000000000
21524  12.434  -69.728  10.654 0.0000000000
22581  11.004  -68.652  9.485 0.0000000000
22579  12.660  -68.830  9.304 0.0000000000
26950  12.157  -64.714  9.464 0.0000000000
25771  13.485  -65.138  11.655 0.0000000000
25813  14.188  -64.897  10.326 0.0000000000
25831  18.012  -66.020  9.293 0.0000000000
23651  17.018  -67.151  9.131 0.0000000000
23662  17.338  -67.291  8.343 0.0000000000
136503  15.282  -67.861  7.300 0.0000000000
24758  16.293  -66.513  6.823 0.0000000000
25871  15.101  -65.121  6.687 0.0000000000
25869  17.105  -65.196  7.059 0.0000000000
30324  20.492  -61.842  8.721 0.0000000000
29238  18.894  -62.653  7.529 0.0000000000
31385  19.312  -60.926  7.801 0.0000000000
32346  18.878  -59.953  7.656 0.0000000000
32344  20.622  -59.419  7.906 0.0000000000
34345  22.361  -56.772  8.988 0.0000000000
37668  21.788  -54.544  8.345 0.0000000000
853  12.711  -97.282  -10.182 0.0000000000
852  13.408  -95.304  -9.220 0.0000000000
1242  13.647  -94.678  -10.113 0.0000000000
1689  13.949  -93.539  -11.470 0.0000000000
1243  11.421  -94.590  -10.219 0.0000000000
145130  10.727  -96.784  -10.639 0.0000000000
871  10.556  -96.184  -11.943 0.0000000000
1283  10.624  -94.596  -16.236 0.0000000000
1280  10.771  -95.172  -15.512 0.0000000000
134907  12.259  -93.476  -15.270 0.0000000000
2631  13.899  -91.948  -15.299 0.0000000000
2167  14.466  -92.035  -16.176 0.0000000000
2182  16.764  -92.658  -17.460 0.0000000000
2184  14.901  -92.383  -17.868 0.0000000000
129406  14.840  -90.908  -19.913 0.0000000000
7803  9.885  -83.742  -7.237 0.0000000000
6998  11.226  -84.007  -7.809 0.0000000000
7016  9.655  -84.332  -8.976 0.0000000000
4917  8.993  -87.191  -13.169 0.0000000000
5530  10.184  -86.851  -11.926 0.0000000000
5570  10.150  -86.932  -13.540 0.0000000000
132984  12.070  -86.984  -13.874 0.0000000000
6277  11.101  -86.117  -15.104 0.0000000000
7891  5.069  -82.557  -16.910 0.0000000000
6304  5.540  -84.740  -16.753 0.0000000000
8720  15.229  -81.638  -19.630 0.0000000000
7894  11.222  -81.858  -18.426 0.0000000000
7111  13.104  -83.812  -19.012 0.0000000000
6313  11.769  -85.014  -18.298 0.0000000000
6317  13.832  -86.059  -20.249 0.0000000000
4985  12.857  -87.886  -19.891 0.0000000000
5619  14.143  -86.735  -19.558 0.0000000000
21539  3.331  -69.501  8.690 0.0000000000
149756  4.672  -71.699  8.478 0.0000000000
143285  3.330  -71.230  9.669 0.0000000000
16096  -0.368  -74.540  10.193 0.0000000000
15055  1.515  -75.769  10.180 0.0000000000
13069  -0.166  -77.512  10.042 0.0000000000
10112  0.415  -80.608  9.348 0.0000000000
11085  -0.865  -79.408  8.461 0.0000000000
126582  11.701  -75.933  5.629 0.0000000000
12143  10.213  -77.125  4.434 0.0000000000
132441  9.972  -76.031  5.457 0.0000000000
15101  7.530  -75.564  5.399 0.0000000000
15087  5.468  -75.709  6.118 0.0000000000
30341  15.534  -61.361  7.350 0.0000000000
30343  13.238  -61.163  7.354 0.0000000000
31390  14.566  -60.086  7.767 0.0000000000
33330  13.829  -58.871  7.481 0.0000000000
34379  13.469  -58.164  7.067 0.0000000000
4284  9.499  -88.338  -9.023 0.0000000000
3083  10.765  -89.502  -8.666 0.0000000000
147948  10.729  -87.970  -8.466 0.0000000000
136988  12.338  -87.545  -7.688 0.0000000000
5460  13.274  -86.663  -7.841 0.0000000000
131929  8.464  -83.143  -0.914 0.0000000000
8578  8.495  -83.359  -2.906 0.0000000000
8577  9.174  -82.474  -3.426 0.0000000000
9446  8.777  -81.489  -5.474 0.0000000000
10335  6.199  -80.460  -5.775 0.0000000000
8530  4.712  -82.533  0.647 0.0000000000
7714  4.415  -83.439  -1.533 0.0000000000
6868  3.675  -84.358  0.021 0.0000000000
6123  1.945  -85.579  -2.058 0.0000000000
6139  -0.082  -86.209  -3.569 0.0000000000
134930  -0.510  -84.955  -4.889 0.0000000000
6915  -0.672  -85.005  -2.773 0.0000000000
8573  -0.249  -83.337  -3.030 0.0000000000
132975  0.738  -82.635  -2.648 0.0000000000
23624  6.633  -67.935  12.196 0.0000000000
23626  5.483  -67.265  13.045 0.0000000000
24692  6.593  -66.292  12.665 0.0000000000
133148  5.915  -65.190  12.016 0.0000000000
28049  5.128  -64.014  11.659 0.0000000000
33301  5.543  -58.343  7.956 0.0000000000
31372  3.754  -59.554  8.685 0.0000000000
33279  3.543  -58.319  10.051 0.0000000000
33259  2.291  -57.322  11.671 0.0000000000
38775  15.004  -53.248  4.978 0.0000000000
40760  14.601  -51.724  5.058 0.0000000000
2594  0.864  -91.612  -9.812 0.0000000000
2090  0.400  -92.898  -7.906 0.0000000000
2068  0.165  -93.221  -5.427 0.0000000000
125884  0.252  -91.822  -4.112 0.0000000000
1504  1.684  -93.738  6.737 0.0000000000
2453  1.761  -91.333  5.580 0.0000000000
2922  -0.429  -90.446  5.150 0.0000000000
4125  0.030  -88.799  3.609 0.0000000000
145220  0.271  -89.667  6.307 0.0000000000
4054  1.134  -88.857  7.454 0.0000000000
127947  1.494  -88.784  9.425 0.0000000000
141806  0.732  -82.911  17.004 0.0000000000
5922  2.394  -86.016  16.497 0.0000000000
6703  1.995  -84.335  15.402 0.0000000000
6716  4.360  -84.418  15.281 0.0000000000
6713  7.240  -84.299  14.395 0.0000000000
7561  10.058  -83.550  12.028 0.0000000000
8354  7.859  -82.638  14.016 0.0000000000
9212  8.179  -80.815  13.151 0.0000000000
11029  8.398  -79.225  11.228 0.0000000000
30219  6.678  -61.262  14.935 0.0000000000
27967  4.762  -63.707  15.756 0.0000000000
26889  6.693  -63.839  15.774 0.0000000000
23579  6.537  -67.099  16.376 0.0000000000
137727  7.217  -70.074  16.643 0.0000000000
17056  7.529  -73.761  16.480 0.0000000000
20392  8.959  -71.059  15.912 0.0000000000
19312  10.571  -71.339  15.098 0.0000000000
19325  11.237  -71.968  14.276 0.0000000000
19345  11.566  -72.095  12.661 0.0000000000
20420  12.215  -71.010  13.124 0.0000000000
22541  12.959  -69.545  13.337 0.0000000000
22545  13.797  -69.050  12.468 0.0000000000
29195  15.176  -62.844  9.842 0.0000000000
26948  14.896  -64.661  9.907 0.0000000000
139640  16.561  -64.064  10.112 0.0000000000
26945  17.521  -64.703  9.980 0.0000000000
136375  18.964  -64.963  9.077 0.0000000000
26982  19.086  -64.211  7.911 0.0000000000
26960  19.631  -63.443  9.214 0.0000000000
30323  20.574  -62.171  9.011 0.0000000000
150681  20.928  -61.179  9.559 0.0000000000
517  11.463  -97.629  -6.707 0.0000000000
130  11.476  -99.292  -7.788 0.0000000000
284  12.225  -98.906  -9.269 0.0000000000
547  12.318  -98.062  -10.871 0.0000000000
1711  10.720  -93.324  -13.154 0.0000000000
141728  10.144  -94.331  -13.534 0.0000000000
2163  10.254  -93.456  -14.680 0.0000000000
1728  9.518  -93.417  -16.723 0.0000000000
1734  11.334  -93.188  -18.209 0.0000000000
2190  13.726  -92.947  -18.999 0.0000000000
2192  11.955  -92.855  -18.901 0.0000000000
3171  12.259  -91.278  -19.189 0.0000000000
3162  13.391  -90.787  -18.552 0.0000000000
6226  7.025  -85.449  -9.099 0.0000000000
6242  8.510  -85.673  -10.390 0.0000000000
5534  6.638  -86.690  -11.322 0.0000000000
4919  7.531  -87.568  -13.244 0.0000000000
5586  7.738  -87.008  -15.085 0.0000000000
148390  1.428  -68.912  11.946 0.0000000000
20442  1.869  -71.011  11.287 0.0000000000
20444  0.398  -70.665  11.725 0.0000000000
19369  -0.440  -71.392  10.741 0.0000000000
10228  12.503  -80.533  0.816 0.0000000000
12232  10.984  -78.818  -1.589 0.0000000000
129082  11.410  -78.410  -0.290 0.0000000000
12193  8.626  -78.567  0.772 0.0000000000
11177  6.702  -79.877  0.730 0.0000000000
11136  8.211  -78.150  3.916 0.0000000000
11146  7.235  -78.809  3.244 0.0000000000
10230  5.520  -80.603  1.927 0.0000000000
8507  4.271  -82.082  2.545 0.0000000000
8497  3.751  -82.766  3.962 0.0000000000
7651  2.404  -84.066  4.857 0.0000000000
25860  10.531  -65.339  7.093 0.0000000000
141989  8.948  -64.731  7.540 0.0000000000
28116  9.549  -63.739  6.936 0.0000000000
29244  8.543  -62.395  7.089 0.0000000000
30362  8.139  -60.779  6.543 0.0000000000
31405  11.525  -60.584  6.616 0.0000000000
128057  9.290  -59.537  6.436 0.0000000000
133558  7.095  -59.015  6.938 0.0000000000
33275  7.431  -58.232  9.341 0.0000000000
34330  7.676  -57.505  10.383 0.0000000000
35455  7.228  -56.732  10.766 0.0000000000
5900  0.797  -85.342  19.333 0.0000000000
128168  2.866  -84.852  18.664 0.0000000000
7480  2.127  -83.577  17.721 0.0000000000
8316  3.675  -82.356  16.362 0.0000000000
9186  4.478  -81.262  14.247 0.0000000000
11017  2.738  -80.020  13.051 0.0000000000
30242  7.697  -60.032  13.540 0.0000000000
146674  9.228  -61.720  13.059 0.0000000000
29136  10.087  -62.753  12.026 0.0000000000
28011  11.349  -63.898  12.590 0.0000000000
28048  10.239  -63.126  10.740 0.0000000000
29198  11.834  -62.745  8.967 0.0000000000
29175  13.405  -62.416  10.583 0.0000000000
29152  13.562  -62.542  12.102 0.0000000000
29174  13.999  -62.708  11.197 0.0000000000
30278  14.952  -61.473  10.941 0.0000000000
30295  15.339  -60.976  10.224 0.0000000000
1231  8.844  -94.668  -8.350 0.0000000000
835  10.412  -95.681  -7.882 0.0000000000
1222  10.375  -94.636  -7.796 0.0000000000
1654  11.661  -93.875  -8.631 0.0000000000
1677  11.881  -93.461  -10.105 0.0000000000
3068  12.414  -90.929  -7.831 0.0000000000
2096  12.916  -91.950  -8.744 0.0000000000
2121  11.946  -92.788  -10.886 0.0000000000
2618  12.073  -91.301  -12.453 0.0000000000
142888  11.833  -91.070  -13.833 0.0000000000
3717  12.021  -89.150  -15.306 0.0000000000
5555  0.928  -87.994  -12.543 0.0000000000
5571  3.253  -87.161  -13.910 0.0000000000
6271  1.567  -85.119  -13.782 0.0000000000
7092  3.039  -83.011  -16.201 0.0000000000
36596  19.001  -55.870  6.984 0.0000000000
142460  17.713  -56.313  6.712 0.0000000000
142271  18.773  -55.165  6.831 0.0000000000
134090  17.616  -54.133  6.566 0.0000000000
5440  9.166  -86.972  -3.859 0.0000000000
5448  10.753  -85.908  -5.420 0.0000000000
6148  10.271  -85.332  -3.949 0.0000000000
6930  9.991  -84.146  -4.990 0.0000000000
6981  8.349  -84.397  -6.913 0.0000000000
6921  6.498  -84.252  -4.545 0.0000000000
6958  6.202  -84.983  -5.677 0.0000000000
6179  6.604  -85.120  -7.418 0.0000000000
6205  5.269  -85.744  -8.150 0.0000000000
6229  4.124  -86.644  -9.168 0.0000000000
6256  2.592  -87.416  -10.748 0.0000000000
11226  8.837  -79.290  -2.919 0.0000000000
131188  6.531  -80.019  -3.959 0.0000000000
10337  4.350  -81.045  -5.452 0.0000000000
8580  3.750  -83.055  -3.494 0.0000000000
8598  2.826  -82.902  -4.900 0.0000000000
8635  2.528  -82.401  -6.833 0.0000000000
7004  1.742  -84.247  -9.132 0.0000000000
6231  0.975  -86.450  -9.507 0.0000000000
4893  0.689  -88.455  -11.275 0.0000000000
5539  -0.904  -87.479  -10.830 0.0000000000
130998  -0.606  -84.401  -10.901 0.0000000000
134965  -0.890  -82.779  -10.260 0.0000000000
142257  -0.417  -83.197  -6.859 0.0000000000
21558  8.427  -69.166  7.183 0.0000000000
127453  7.352  -69.662  6.583 0.0000000000
22614  6.450  -68.270  6.806 0.0000000000
23686  4.145  -67.631  7.613 0.0000000000
144678  2.599  -67.179  9.115 0.0000000000
24705  4.112  -66.146  11.104 0.0000000000
25835  2.887  -65.793  10.237 0.0000000000
22562  2.177  -67.776  11.139 0.0000000000
23628  0.973  -67.405  13.182 0.0000000000
24687  -0.134  -66.786  13.113 0.0000000000
28077  7.263  -63.770  8.609 0.0000000000
29200  5.223  -62.891  10.358 0.0000000000
29180  3.816  -62.167  12.104 0.0000000000
31332  3.014  -60.093  10.657 0.0000000000
30285  2.342  -60.931  12.300 0.0000000000
29157  2.369  -62.314  13.153 0.0000000000
29140  -0.058  -62.310  14.326 0.0000000000
35506  16.060  -56.488  6.666 0.0000000000
34399  14.477  -56.832  6.541 0.0000000000
34401  12.864  -57.181  6.462 0.0000000000
37717  13.701  -54.130  5.292 0.0000000000
150190  12.148  -55.742  5.838 0.0000000000
35488  10.982  -56.936  6.938 0.0000000000
36577  9.834  -55.967  8.361 0.0000000000
36562  9.074  -55.986  9.486 0.0000000000
279  7.607  -98.282  -7.637 0.0000000000
129481  7.410  -97.375  -8.761 0.0000000000
304  5.194  -97.713  -10.303 0.0000000000
541  6.535  -97.275  -10.531 0.0000000000
855  7.476  -95.794  -9.717 0.0000000000
1666  7.700  -93.153  -10.454 0.0000000000
1678  7.727  -92.099  -10.608 0.0000000000
3102  7.838  -90.225  -10.266 0.0000000000
3123  3.404  -90.747  -10.585 0.0000000000
3679  5.580  -89.609  -9.534 0.0000000000
3677  7.517  -89.248  -9.337 0.0000000000
4274  6.773  -88.605  -7.746 0.0000000000
4240  7.218  -88.099  -6.237 0.0000000000
141871  6.908  -88.046  -5.413 0.0000000000
2521  0.344  -91.342  -1.888 0.0000000000
1561  1.109  -93.074  2.395 0.0000000000
147704  0.502  -91.109  -0.441 0.0000000000
3607  -0.740  -89.527  -3.190 0.0000000000
127331  2.519  -88.324  -3.748 0.0000000000
4216  4.261  -87.850  -3.840 0.0000000000
4841  7.638  -87.553  -4.091 0.0000000000
4814  6.756  -87.316  -2.563 0.0000000000
5407  6.733  -86.998  -1.147 0.0000000000
142615  7.236  -85.946  0.043 0.0000000000
4752  3.209  -87.905  2.942 0.0000000000
5378  5.429  -86.530  1.596 0.0000000000
6078  7.449  -85.224  0.399 0.0000000000
6854  7.684  -84.630  1.664 0.0000000000
7672  9.184  -84.172  2.007 0.0000000000
8495  10.514  -83.822  3.026 0.0000000000
125418  0.211  -88.928  13.059 0.0000000000
150258  0.898  -87.859  11.734 0.0000000000
4660  2.199  -88.195  10.011 0.0000000000
131066  3.148  -87.552  14.301 0.0000000000
4643  3.278  -88.040  11.825 0.0000000000
133112  4.728  -87.892  9.478 0.0000000000
6005  6.920  -86.436  7.401 0.0000000000
7649  9.340  -84.436  5.059 0.0000000000
8494  11.207  -83.305  3.572 0.0000000000
9318  12.164  -82.038  4.291 0.0000000000
143094  12.604  -80.724  5.042 0.0000000000
11094  13.699  -79.038  5.467 0.0000000000
8411  11.666  -82.320  9.649 0.0000000000
10130  13.406  -79.983  8.098 0.0000000000
138928  14.044  -77.672  6.370 0.0000000000
135637  13.545  -75.608  6.338 0.0000000000
17187  13.528  -73.568  6.420 0.0000000000
18291  11.759  -71.459  6.787 0.0000000000
11989  1.856  -78.356  14.548 0.0000000000
12011  -0.115  -79.469  12.551 0.0000000000
23599  0.830  -67.480  15.071 0.0000000000
24636  3.612  -66.031  15.687 0.0000000000
124959  2.119  -68.123  14.790 0.0000000000
19329  0.570  -70.857  13.819 0.0000000000
16067  0.961  -74.209  13.251 0.0000000000
13965  1.794  -76.846  12.499 0.0000000000
144612  2.830  -78.699  11.253 0.0000000000
12047  5.121  -79.200  10.360 0.0000000000
11056  7.155  -78.654  10.196 0.0000000000
13065  8.518  -77.635  10.158 0.0000000000
13918  8.327  -76.565  14.471 0.0000000000
13978  8.882  -76.810  11.103 0.0000000000
138242  10.130  -76.219  9.832 0.0000000000
132168  11.205  -74.626  9.590 0.0000000000
17154  11.262  -73.035  9.051 0.0000000000
19385  10.033  -70.875  8.551 0.0000000000
20463  8.150  -70.529  9.366 0.0000000000
149221  5.948  -71.227  10.775 0.0000000000
20430  6.072  -70.463  12.856 0.0000000000
19355  10.007  -71.412  11.886 0.0000000000
20440  8.607  -70.228  12.064 0.0000000000
22547  7.652  -68.991  12.011 0.0000000000
22570  8.789  -68.244  10.572 0.0000000000
23656  9.696  -67.725  9.263 0.0000000000
23683  11.149  -66.956  7.826 0.0000000000
25772  13.058  -65.283  12.607 0.0000000000
24679  13.852  -66.764  12.749 0.0000000000
22555  14.570  -68.715  11.334 0.0000000000
134173  15.869  -66.263  10.009 0.0000000000
23642  15.725  -67.976  10.261 0.0000000000
21533  14.730  -69.001  9.651 0.0000000000
22604  14.052  -68.583  8.098 0.0000000000
124463  12.954  -67.511  7.589 0.0000000000
24746  11.694  -66.382  7.335 0.0000000000
25874  12.715  -65.305  6.577 0.0000000000
126205  14.023  -64.082  6.476 0.0000000000
29241  15.662  -62.818  7.080 0.0000000000
28112  18.177  -64.033  7.299 0.0000000000
29240  16.656  -62.805  7.264 0.0000000000
125439  16.060  -62.042  7.302 0.0000000000
137072  17.342  -60.299  7.438 0.0000000000
32347  17.847  -59.649  7.471 0.0000000000
33325  18.986  -58.508  7.462 0.0000000000
139111  17.136  -59.203  10.069 0.0000000000
132435  18.749  -59.402  10.515 0.0000000000
129637  20.296  -59.686  10.484 0.0000000000
32299  21.718  -58.886  9.908 0.0000000000
33249  21.699  -58.038  10.129 0.0000000000
32312  22.019  -59.200  9.154 0.0000000000
33322  21.576  -58.069  8.068 0.0000000000
34373  20.713  -57.660  7.637 0.0000000000
149471  19.902  -56.695  7.355 0.0000000000
128781  20.543  -55.191  7.462 0.0000000000
38743  21.466  -53.879  8.209 0.0000000000
834  12.861  -95.600  -7.712 0.0000000000
1639  14.336  -93.593  -7.693 0.0000000000
854  10.808  -96.623  -8.935 0.0000000000
302  10.750  -98.348  -11.008 0.0000000000
563  11.602  -97.384  -12.648 0.0000000000
890  9.921  -96.346  -13.778 0.0000000000
888  11.738  -96.218  -13.547 0.0000000000
137743  12.516  -95.183  -13.081 0.0000000000
130910  13.576  -93.001  -13.245 0.0000000000
2629  15.356  -91.955  -14.236 0.0000000000
2195  15.922  -91.953  -19.209 0.0000000000
133299  11.676  -84.877  -6.696 0.0000000000
6201  12.416  -85.508  -8.014 0.0000000000
5491  12.869  -86.033  -9.711 0.0000000000
6240  10.307  -85.477  -10.520 0.0000000000
5529  11.545  -86.235  -11.297 0.0000000000
5528  12.665  -87.004  -11.337 0.0000000000
4308  12.806  -88.180  -12.973 0.0000000000
4340  12.358  -88.332  -14.887 0.0000000000
4349  11.379  -88.057  -16.368 0.0000000000
5587  4.581  -87.570  -15.014 0.0000000000
4959  7.000  -86.681  -15.743 0.0000000000
6301  8.230  -85.730  -16.334 0.0000000000
8717  8.876  -81.024  -18.313 0.0000000000
141028  9.188  -83.956  -17.561 0.0000000000
6300  10.207  -84.872  -16.477 0.0000000000
6298  11.350  -85.317  -16.754 0.0000000000
4979  11.077  -86.615  -17.972 0.0000000000
4355  10.527  -88.464  -18.637 0.0000000000
4363  11.828  -88.380  -19.943 0.0000000000
129059  12.283  -89.719  -18.836 0.0000000000
18292  6.297  -72.049  7.598 0.0000000000
16127  5.451  -74.268  7.204 0.0000000000
14030  4.118  -76.263  7.042 0.0000000000
17124  2.325  -73.293  10.401 0.0000000000
15068  3.149  -75.618  8.479 0.0000000000
12093  3.476  -78.443  7.450 0.0000000000
10150  3.237  -80.872  7.790 0.0000000000
8444  1.947  -82.556  7.777 0.0000000000
7635  0.593  -84.015  6.163 0.0000000000
11098  -0.273  -79.997  7.267 0.0000000000
9309  0.377  -82.591  5.170 0.0000000000
7664  -0.180  -83.930  3.958 0.0000000000
7683  0.213  -83.955  1.568 0.0000000000
19418  10.282  -71.373  5.809 0.0000000000
18322  9.906  -72.356  5.738 0.0000000000
18304  9.365  -71.637  5.900 0.0000000000
125290  18.100  -57.864  7.101 0.0000000000
4854  8.536  -87.478  -5.364 0.0000000000
4864  9.598  -87.210  -6.742 0.0000000000
4853  9.434  -87.146  -5.678 0.0000000000
9362  11.343  -81.956  0.132 0.0000000000
10273  11.234  -80.382  -2.186 0.0000000000
9385  11.588  -80.662  -1.295 0.0000000000
6845  1.125  -85.416  2.649 0.0000000000
6071  1.027  -85.832  1.774 0.0000000000
6082  -0.241  -85.963  0.745 0.0000000000
6061  0.361  -85.516  2.294 0.0000000000
24728  9.374  -66.427  8.359 0.0000000000
25846  7.994  -66.167  9.294 0.0000000000
128543  8.689  -65.789  8.356 0.0000000000
2402  2.817  -91.554  10.107 0.0000000000
2858  2.658  -90.276  10.919 0.0000000000
3435  2.071  -89.535  10.699 0.0000000000
3426  2.344  -89.749  11.697 0.0000000000
9216  0.668  -81.657  12.202 0.0000000000
7563  1.160  -83.673  11.851 0.0000000000
9229  1.106  -82.486  10.776 0.0000000000
8399  3.314  -82.331  10.789 0.0000000000
9240  2.254  -81.051  10.792 0.0000000000
26898  10.436  -64.582  14.207 0.0000000000
130024  9.590  -65.067  14.530 0.0000000000
25751  10.190  -65.567  14.234 0.0000000000
24661  10.164  -66.457  14.306 0.0000000000
24673  10.830  -65.932  13.966 0.0000000000
25761  11.547  -65.176  13.675 0.0000000000
31329  17.008  -60.605  10.106 0.0000000000
32302  17.550  -59.939  10.175 0.0000000000
524  9.781  -97.498  -7.692 0.0000000000
836  10.047  -96.362  -7.651 0.0000000000
142238  11.038  -90.204  -16.532 0.0000000000
3154  10.718  -91.307  -16.334 0.0000000000
3724  10.477  -90.098  -17.429 0.0000000000
3160  10.020  -91.045  -17.744 0.0000000000
4906  3.142  -88.195  -11.915 0.0000000000
4922  3.874  -88.192  -12.731 0.0000000000
4923  2.894  -88.527  -12.822 0.0000000000
13138  13.041  -77.915  3.855 0.0000000000
13145  12.126  -77.982  2.804 0.0000000000
13139  11.970  -77.653  3.827 0.0000000000
13123  5.302  -78.221  5.557 0.0000000000
143572  6.577  -79.234  5.296 0.0000000000
11120  5.772  -79.719  5.748 0.0000000000
128542  5.200  -80.149  5.622 0.0000000000
11095  4.741  -79.806  5.949 0.0000000000
29256  13.921  -62.667  6.646 0.0000000000
29257  13.065  -62.622  6.535 0.0000000000
30358  13.541  -61.941  6.806 0.0000000000
33332  11.904  -58.412  7.341 0.0000000000
144858  11.471  -58.539  7.460 0.0000000000
34359  10.761  -57.997  7.699 0.0000000000
140884  10.104  -57.762  8.335 0.0000000000
31293  11.513  -60.855  12.680 0.0000000000
3085  9.512  -90.422  -9.290 0.0000000000
2582  9.958  -91.207  -8.822 0.0000000000
3084  10.320  -90.352  -8.757 0.0000000000
4289  14.138  -88.345  -8.887 0.0000000000
3674  14.092  -89.177  -9.168 0.0000000000
4293  14.091  -88.720  -9.681 0.0000000000
3687  13.732  -89.210  -11.005 0.0000000000
127313  13.543  -87.940  -10.685 0.0000000000
7854  -0.203  -82.532  -12.447 0.0000000000
7863  0.719  -82.014  -14.507 0.0000000000
141835  20.384  -52.735  7.728 0.0000000000
137469  8.905  -84.838  -1.218 0.0000000000
6885  9.082  -84.672  -1.800 0.0000000000
131165  5.354  -81.525  -7.442 0.0000000000
7804  6.034  -82.778  -7.189 0.0000000000
8643  5.361  -82.343  -7.855 0.0000000000
143990  4.181  -82.876  -8.562 0.0000000000
9468  3.819  -81.814  -7.760 0.0000000000
10261  6.007  -81.167  -0.597 0.0000000000
138619  6.228  -80.966  -1.292 0.0000000000
9375  5.546  -81.680  -0.591 0.0000000000
6149  0.535  -86.242  -4.911 0.0000000000
6923  1.642  -85.546  -4.609 0.0000000000
6162  0.671  -86.215  -5.882 0.0000000000
6182  0.513  -86.318  -6.721 0.0000000000
6163  -0.149  -86.271  -6.332 0.0000000000
6184  -0.833  -86.188  -7.374 0.0000000000
6157  -0.375  -85.944  -5.802 0.0000000000
21526  5.058  -69.651  11.701 0.0000000000
22571  5.374  -68.770  10.256 0.0000000000
22561  5.141  -68.907  12.260 0.0000000000
26909  3.728  -64.208  13.476 0.0000000000
25763  3.811  -64.806  13.394 0.0000000000
28013  2.814  -63.819  13.740 0.0000000000
26910  2.209  -64.413  14.031 0.0000000000
31369  5.966  -60.689  7.638 0.0000000000
30326  5.549  -61.165  8.324 0.0000000000
31370  5.213  -60.297  7.936 0.0000000000
38757  16.396  -53.572  5.930 0.0000000000
144616  16.027  -54.236  6.040 0.0000000000
38758  15.626  -53.833  5.602 0.0000000000
39799  11.550  -52.898  5.922 0.0000000000
38759  11.787  -53.588  6.212 0.0000000000
38760  11.159  -53.646  6.602 0.0000000000
38746  10.069  -54.488  7.672 0.0000000000
38761  10.212  -53.650  6.696 0.0000000000
1685  1.681  -94.093  -10.134 0.0000000000
1684  2.345  -94.737  -10.302 0.0000000000
1694  2.649  -94.070  -11.481 0.0000000000
1705  3.873  -94.052  -12.724 0.0000000000
2148  3.795  -93.353  -12.814 0.0000000000
2135  4.718  -92.473  -12.501 0.0000000000
2614  3.494  -91.944  -11.960 0.0000000000
3638  1.156  -89.746  -6.811 0.0000000000
3626  1.504  -89.312  -5.998 0.0000000000
4258  2.536  -88.864  -6.006 0.0000000000
3617  0.683  -89.322  -5.232 0.0000000000
2956  -1.296  -89.985  2.790 0.0000000000
137948  -1.098  -90.130  1.999 0.0000000000
4146  -0.384  -88.978  1.584 0.0000000000
4159  0.834  -88.937  0.394 0.0000000000
129190  1.323  -88.925  1.110 0.0000000000
4168  2.934  -88.137  -0.112 0.0000000000
4145  0.897  -88.888  1.741 0.0000000000
4705  3.273  -88.207  6.626 0.0000000000
4719  4.164  -87.814  6.047 0.0000000000
130914  4.190  -87.925  6.964 0.0000000000
5346  5.429  -87.232  5.585 0.0000000000
4694  5.004  -87.656  7.382 0.0000000000
5249  0.336  -86.509  17.261 0.0000000000
140171  0.393  -87.508  16.056 0.0000000000
5248  1.195  -86.356  16.566 0.0000000000
5952  7.370  -85.300  13.395 0.0000000000
5959  6.427  -85.964  12.267 0.0000000000
5962  7.433  -85.463  11.169 0.0000000000
6754  8.150  -85.215  9.956 0.0000000000
6745  8.563  -84.736  10.450 0.0000000000
7578  9.955  -83.958  9.471 0.0000000000
7567  9.177  -84.340  10.561 0.0000000000
12023  10.877  -78.472  11.477 0.0000000000
12021  12.357  -79.000  11.485 0.0000000000
12041  12.255  -78.217  11.003 0.0000000000
13044  12.626  -77.486  10.582 0.0000000000
13045  11.678  -77.374  10.691 0.0000000000
18201  2.155  -71.992  16.961 0.0000000000
150610  1.526  -71.759  16.330 0.0000000000
17081  0.947  -73.216  15.837 0.0000000000
19318  -0.449  -71.600  15.100 0.0000000000
30222  3.781  -60.783  15.722 0.0000000000
19301  5.819  -71.823  16.567 0.0000000000
19302  4.954  -71.811  16.398 0.0000000000
17059  4.945  -73.314  16.233 0.0000000000
16039  4.806  -74.546  15.689 0.0000000000
14944  5.600  -74.908  16.006 0.0000000000
13899  6.058  -76.482  15.238 0.0000000000
14943  6.489  -75.158  16.255 0.0000000000
17101  9.818  -74.010  13.404 0.0000000000
17102  9.461  -74.273  12.849 0.0000000000
17111  9.406  -73.744  12.650 0.0000000000
16078  8.820  -72.980  12.034 0.0000000000
17112  8.977  -73.131  12.188 0.0000000000
18247  8.264  -72.263  12.191 0.0000000000
18246  9.072  -72.965  12.342 0.0000000000
21506  13.698  -69.608  11.148 0.0000000000
21523  13.209  -69.541  10.595 0.0000000000
21535  12.544  -69.126  9.991 0.0000000000
21534  13.268  -69.119  9.828 0.0000000000
26949  13.262  -64.571  9.870 0.0000000000
133283  14.131  -64.328  9.778 0.0000000000
24711  18.231  -66.228  8.609 0.0000000000
24712  17.724  -66.669  8.814 0.0000000000
24726  17.999  -66.679  8.084 0.0000000000
23678  16.801  -67.558  7.382 0.0000000000
24741  17.671  -66.593  7.502 0.0000000000
25857  17.092  -66.161  7.026 0.0000000000
25856  17.770  -65.796  7.409 0.0000000000
126897  20.447  -61.025  8.429 0.0000000000
31383  20.778  -60.215  8.307 0.0000000000
32327  21.376  -59.769  8.503 0.0000000000
860  12.667  -96.816  -10.939 0.0000000000
129168  13.030  -95.961  -10.130 0.0000000000
859  13.082  -95.478  -10.857 0.0000000000
1252  13.197  -94.938  -11.565 0.0000000000
1254  10.987  -94.948  -11.416 0.0000000000
1726  11.298  -93.861  -16.898 0.0000000000
1722  11.667  -94.078  -16.002 0.0000000000
1725  12.062  -93.472  -16.701 0.0000000000
2168  13.465  -92.360  -16.168 0.0000000000
2176  14.031  -92.419  -17.163 0.0000000000
7001  8.935  -84.269  -8.266 0.0000000000
7000  9.831  -83.816  -8.036 0.0000000000
7017  8.520  -84.706  -8.985 0.0000000000
4944  9.033  -86.989  -14.012 0.0000000000
137222  9.412  -87.083  -13.345 0.0000000000
5584  9.704  -86.673  -14.407 0.0000000000
5583  10.788  -86.477  -14.270 0.0000000000
5597  10.373  -86.074  -14.987 0.0000000000
7881  6.413  -82.463  -16.767 0.0000000000
7890  6.280  -82.333  -17.344 0.0000000000
7899  15.560  -82.821  -19.729 0.0000000000
7900  14.132  -82.727  -19.431 0.0000000000
7120  14.998  -83.632  -19.704 0.0000000000
136176  14.238  -85.216  -19.947 0.0000000000
6316  14.385  -85.898  -20.038 0.0000000000
6311  14.483  -85.974  -19.196 0.0000000000
21540  2.840  -69.000  9.222 0.0000000000
20466  3.409  -70.478  9.291 0.0000000000
19377  2.961  -70.779  10.095 0.0000000000
15038  -0.489  -75.566  10.026 0.0000000000
13990  -0.149  -75.955  10.321 0.0000000000
14006  -0.488  -76.569  9.874 0.0000000000
12065  -0.374  -78.318  9.581 0.0000000000
15097  11.166  -75.043  5.417 0.0000000000
130694  10.780  -75.946  5.489 0.0000000000
15098  10.274  -75.262  5.436 0.0000000000
17206  8.021  -73.940  6.115 0.0000000000
15100  8.314  -75.267  5.443 0.0000000000
16143  6.974  -75.120  5.781 0.0000000000
15102  6.770  -75.889  5.323 0.0000000000
139346  6.499  -74.780  6.194 0.0000000000
31388  15.881  -60.673  7.397 0.0000000000
31389  15.059  -60.747  7.496 0.0000000000
130438  15.495  -60.074  7.480 0.0000000000
33329  14.885  -58.697  7.294 0.0000000000
34378  14.438  -57.845  7.008 0.0000000000
4271  9.221  -87.757  -8.370 0.0000000000
4283  10.356  -88.537  -8.833 0.0000000000
4270  10.069  -87.855  -8.559 0.0000000000
5463  11.314  -86.470  -7.387 0.0000000000
4872  11.756  -86.897  -7.711 0.0000000000
4871  12.849  -86.906  -7.661 0.0000000000
8542  8.718  -82.988  -0.309 0.0000000000
8567  8.999  -82.773  -2.503 0.0000000000
8554  9.500  -82.340  -1.907 0.0000000000
10311  9.450  -80.425  -4.624 0.0000000000
9431  9.430  -81.312  -4.830 0.0000000000
10333  8.484  -80.697  -5.648 0.0000000000
10334  7.722  -80.705  -5.977 0.0000000000
125689  7.089  -80.328  -5.483 0.0000000000
7691  4.213  -82.971  1.154 0.0000000000
7700  4.289  -83.600  -0.117 0.0000000000
131027  1.315  -85.815  -0.461 0.0000000000
6104  2.230  -85.418  -1.087 0.0000000000
145839  1.272  -85.801  -1.167 0.0000000000
6124  0.811  -85.951  -2.361 0.0000000000
6125  -0.186  -86.125  -2.106 0.0000000000
6140  -0.446  -85.791  -3.216 0.0000000000
6126  -0.683  -85.630  -2.388 0.0000000000
6888  -1.133  -85.002  -1.099 0.0000000000
7718  -0.909  -84.393  -1.735 0.0000000000
7717  -0.681  -84.057  -1.365 0.0000000000
8572  0.060  -82.960  -2.929 0.0000000000
7733  0.437  -83.373  -1.927 0.0000000000
23635  7.344  -67.313  11.778 0.0000000000
24681  6.632  -66.960  12.555 0.0000000000
24691  7.098  -66.673  11.863 0.0000000000
26952  6.703  -65.388  10.192 0.0000000000
25815  6.425  -65.613  11.449 0.0000000000
26953  6.162  -64.805  10.811 0.0000000000
26939  5.446  -64.743  12.589 0.0000000000
26954  5.649  -64.573  11.527 0.0000000000
33277  5.536  -58.225  9.215 0.0000000000
134795  3.774  -58.689  8.714 0.0000000000
33278  4.437  -58.266  9.548 0.0000000000
34335  2.892  -56.743  11.373 0.0000000000
40759  15.477  -51.461  5.157 0.0000000000
39818  12.310  -52.177  5.723 0.0000000000
1649  0.637  -94.121  -7.578 0.0000000000
1611  0.082  -93.795  -3.862 0.0000000000
147881  0.151  -92.138  -4.815 0.0000000000
1607  0.114  -93.489  -2.982 0.0000000000
1484  2.269  -93.478  8.229 0.0000000000
2432  2.476  -91.124  7.606 0.0000000000
2442  2.266  -91.502  6.770 0.0000000000
2907  1.700  -90.850  6.204 0.0000000000
2935  -0.160  -90.980  5.048 0.0000000000
2921  -0.135  -90.376  5.751 0.0000000000
2910  -0.134  -90.121  5.660 0.0000000000
2909  0.219  -89.991  6.462 0.0000000000
3462  1.307  -89.615  8.978 0.0000000000
3474  1.157  -89.886  7.846 0.0000000000
4024  1.014  -89.152  9.323 0.0000000000
4686  1.639  -88.858  8.558 0.0000000000
4672  1.228  -88.830  9.905 0.0000000000
8318  0.857  -82.673  16.325 0.0000000000
6688  1.421  -84.271  16.083 0.0000000000
7510  1.152  -83.331  15.118 0.0000000000
138746  3.315  -83.905  12.775 0.0000000000
6717  3.503  -84.166  14.631 0.0000000000
7524  4.485  -83.801  14.464 0.0000000000
6715  6.095  -83.999  15.001 0.0000000000
7522  6.252  -83.509  14.657 0.0000000000
8341  7.153  -82.926  14.374 0.0000000000
8355  6.404  -82.569  14.010 0.0000000000
9226  6.009  -81.003  11.230 0.0000000000
9213  7.289  -80.869  12.939 0.0000000000
10066  7.665  -80.343  12.311 0.0000000000
11016  8.809  -79.731  12.139 0.0000000000
10082  8.003  -79.826  11.666 0.0000000000
29117  7.302  -62.176  15.277 0.0000000000
29118  6.394  -62.275  15.297 0.0000000000
141894  7.634  -62.940  15.309 0.0000000000
24647  8.306  -66.687  15.214 0.0000000000
24633  7.230  -66.290  15.884 0.0000000000
23595  7.708  -67.669  15.902 0.0000000000
22493  6.643  -68.614  16.721 0.0000000000
138751  7.939  -69.065  16.051 0.0000000000
20377  7.525  -70.707  16.474 0.0000000000
21440  8.514  -69.666  15.882 0.0000000000
147056  10.087  -69.202  14.966 0.0000000000
130609  9.691  -70.678  15.525 0.0000000000
20404  10.510  -70.162  15.077 0.0000000000
20403  11.321  -70.963  14.555 0.0000000000
20402  11.838  -71.507  13.690 0.0000000000
139064  11.961  -70.636  14.017 0.0000000000
131415  12.546  -68.464  13.752 0.0000000000
22540  13.331  -68.800  13.179 0.0000000000
22546  13.381  -69.595  12.704 0.0000000000
23618  13.721  -67.930  12.910 0.0000000000
28061  15.972  -63.192  9.888 0.0000000000
129207  17.716  -62.969  10.154 0.0000000000
28060  17.622  -63.835  10.101 0.0000000000
28059  18.666  -63.655  9.798 0.0000000000
26961  18.474  -64.480  9.680 0.0000000000
137843  19.261  -64.249  9.222 0.0000000000
30293  19.514  -61.717  10.235 0.0000000000
29191  20.105  -62.339  9.566 0.0000000000
30292  20.538  -61.739  9.582 0.0000000000
125889  20.841  -60.565  10.076 0.0000000000
136971  10.599  -99.019  -6.727 0.0000000000
120  11.394  -99.052  -6.919 0.0000000000
140318  11.040  -99.374  -7.120 0.0000000000
285  11.003  -99.278  -9.090 0.0000000000
140  11.626  -99.247  -8.754 0.0000000000
145  11.599  -99.259  -9.658 0.0000000000
538  12.352  -98.441  -10.089 0.0000000000
148  11.401  -98.942  -10.584 0.0000000000
149261  11.231  -92.115  -13.611 0.0000000000
1712  10.183  -93.819  -14.064 0.0000000000
2632  10.491  -92.661  -15.108 0.0000000000
144497  9.603  -92.496  -16.920 0.0000000000
2179  9.530  -93.075  -16.639 0.0000000000
1732  9.497  -93.099  -17.241 0.0000000000
1731  9.760  -93.406  -17.384 0.0000000000
1735  10.279  -93.114  -18.066 0.0000000000
131652  10.961  -92.612  -18.560 0.0000000000
2654  11.403  -91.101  -19.160 0.0000000000
3170  13.397  -91.433  -19.373 0.0000000000
126859  12.642  -90.907  -18.863 0.0000000000
5492  5.635  -86.712  -9.726 0.0000000000
6243  7.114  -85.765  -9.958 0.0000000000
137379  5.733  -86.777  -10.831 0.0000000000
129180  5.398  -88.328  -13.153 0.0000000000
5554  7.037  -87.244  -12.332 0.0000000000
4920  6.522  -88.052  -13.271 0.0000000000
144001  7.245  -87.963  -13.861 0.0000000000
4934  6.642  -88.122  -14.185 0.0000000000
21501  0.555  -68.748  12.587 0.0000000000
21515  0.672  -69.715  12.218 0.0000000000
21516  0.009  -69.358  12.265 0.0000000000
21541  -1.023  -70.029  9.631 0.0000000000
21528  -0.958  -70.031  10.759 0.0000000000
19378  -0.017  -72.255  9.592 0.0000000000
20468  -0.147  -70.884  8.908 0.0000000000
11158  12.664  -79.161  0.902 0.0000000000
12189  12.167  -78.783  -0.265 0.0000000000
12170  12.409  -78.670  0.765 0.0000000000
12174  9.034  -78.201  1.556 0.0000000000
12192  9.681  -78.251  0.517 0.0000000000
11159  8.130  -78.476  1.699 0.0000000000
127708  7.830  -79.051  0.966 0.0000000000
11160  7.228  -78.823  1.971 0.0000000000
12129  9.100  -77.268  4.528 0.0000000000
12144  9.395  -77.485  4.160 0.0000000000
147290  8.658  -77.578  4.345 0.0000000000
10207  6.683  -79.435  4.657 0.0000000000
11137  7.193  -79.024  4.146 0.0000000000
10216  6.132  -79.756  3.399 0.0000000000
133915  5.917  -79.792  2.296 0.0000000000
10217  5.519  -80.316  2.903 0.0000000000
9337  5.098  -81.022  2.528 0.0000000000
9327  5.194  -80.854  3.479 0.0000000000
8474  4.238  -82.270  5.526 0.0000000000
8488  4.301  -82.173  4.606 0.0000000000
8489  3.807  -82.926  5.027 0.0000000000
7650  3.179  -83.438  4.388 0.0000000000
7634  3.075  -83.520  5.414 0.0000000000
26986  11.080  -64.797  6.785 0.0000000000
128800  10.229  -64.473  6.904 0.0000000000
27009  10.942  -63.924  6.731 0.0000000000
29259  10.981  -62.053  6.284 0.0000000000
29260  10.091  -62.203  6.432 0.0000000000
29261  9.174  -61.856  6.610 0.0000000000
30344  8.302  -61.541  6.796 0.0000000000
134322  8.864  -60.928  6.359 0.0000000000
144618  13.543  -60.349  7.961 0.0000000000
31404  12.196  -60.989  6.788 0.0000000000
32354  10.659  -59.070  7.428 0.0000000000
32373  10.089  -59.623  6.494 0.0000000000
32355  9.738  -59.000  7.103 0.0000000000
32374  8.683  -59.023  6.709 0.0000000000
33334  8.396  -58.404  7.475 0.0000000000
126949  7.050  -58.182  7.943 0.0000000000
33299  8.035  -58.260  8.494 0.0000000000
34348  9.614  -57.752  9.612 0.0000000000
34350  7.985  -57.951  10.010 0.0000000000
34349  8.861  -57.604  9.949 0.0000000000
35435  7.276  -57.148  10.886 0.0000000000
35454  8.023  -56.905  10.407 0.0000000000
4563  0.251  -87.483  18.330 0.0000000000
5223  0.996  -86.141  19.398 0.0000000000
7478  5.145  -83.185  17.807 0.0000000000
7467  4.728  -83.885  18.361 0.0000000000
7468  3.264  -84.083  18.299 0.0000000000
6659  1.923  -84.403  18.471 0.0000000000
7479  3.777  -83.428  17.690 0.0000000000
8299  2.940  -82.817  17.064 0.0000000000
10026  5.592  -80.347  15.699 0.0000000000
9174  5.448  -80.978  15.378 0.0000000000
10044  5.026  -80.194  14.231 0.0000000000
10053  4.410  -80.208  13.650 0.0000000000
11002  4.633  -79.547  14.136 0.0000000000
31274  7.058  -59.533  13.990 0.0000000000
32257  7.599  -59.384  13.700 0.0000000000
31315  9.817  -61.161  11.423 0.0000000000
30240  9.062  -61.249  12.487 0.0000000000
30258  9.548  -61.512  11.721 0.0000000000
143018  9.546  -61.989  12.253 0.0000000000
29154  9.795  -62.289  11.248 0.0000000000
29177  9.941  -62.381  10.288 0.0000000000
30279  11.836  -61.608  10.758 0.0000000000
30297  11.358  -62.161  9.567 0.0000000000
29176  12.381  -62.127  9.878 0.0000000000
131361  12.721  -62.954  9.248 0.0000000000
29151  14.147  -62.656  12.395 0.0000000000
29150  14.590  -62.408  11.938 0.0000000000
29173  14.592  -62.309  10.476 0.0000000000
149805  15.175  -60.977  10.890 0.0000000000
126073  15.569  -60.361  10.132 0.0000000000
1230  9.173  -93.661  -8.377 0.0000000000
132672  9.653  -94.548  -7.861 0.0000000000
2083  11.430  -93.076  -7.894 0.0000000000
148132  11.175  -93.853  -7.987 0.0000000000
1641  11.581  -93.505  -8.166 0.0000000000
1665  11.838  -93.820  -9.291 0.0000000000
1653  12.139  -93.224  -8.478 0.0000000000
133739  11.610  -89.828  -8.112 0.0000000000
145264  11.891  -90.756  -7.773 0.0000000000
139012  12.324  -90.118  -7.889 0.0000000000
2598  13.246  -91.007  -9.880 0.0000000000
2588  13.333  -91.313  -9.007 0.0000000000
2589  12.859  -91.890  -9.615 0.0000000000
2130  12.477  -92.161  -10.437 0.0000000000
2610  12.247  -91.941  -11.183 0.0000000000
128996  12.030  -91.745  -11.889 0.0000000000
2609  12.521  -91.169  -11.560 0.0000000000
3695  13.061  -89.357  -12.716 0.0000000000
3696  12.748  -90.024  -13.025 0.0000000000
3150  12.357  -90.202  -13.999 0.0000000000
3708  12.017  -90.012  -14.990 0.0000000000
3707  12.487  -89.260  -14.517 0.0000000000
6263  0.987  -86.525  -12.768 0.0000000000
5573  1.663  -86.935  -13.190 0.0000000000
7082  2.363  -82.698  -15.809 0.0000000000
7871  4.199  -82.181  -15.980 0.0000000000
38745  18.754  -53.434  7.158 0.0000000000
136938  18.280  -54.003  6.816 0.0000000000
38755  17.914  -53.338  6.719 0.0000000000
5431  9.306  -86.415  -3.199 0.0000000000
5439  9.878  -86.297  -4.021 0.0000000000
6136  9.813  -85.564  -3.270 0.0000000000
6919  8.401  -84.385  -3.816 0.0000000000
6918  9.760  -84.586  -4.027 0.0000000000
128310  9.014  -84.463  -4.380 0.0000000000
129817  9.093  -84.376  -5.256 0.0000000000
6956  8.067  -84.769  -5.776 0.0000000000
8594  8.237  -83.157  -3.728 0.0000000000
7743  8.080  -83.798  -3.298 0.0000000000
7764  6.805  -83.516  -4.832 0.0000000000
7790  5.654  -83.984  -6.495 0.0000000000
6934  5.718  -84.367  -5.557 0.0000000000
6959  5.736  -84.724  -6.346 0.0000000000
6983  6.703  -85.211  -6.421 0.0000000000
136288  5.882  -85.224  -7.625 0.0000000000
6204  6.105  -85.686  -8.390 0.0000000000
7019  3.881  -85.678  -9.042 0.0000000000
6230  3.314  -86.044  -9.912 0.0000000000
6244  2.923  -86.377  -10.452 0.0000000000
7030  2.616  -85.455  -10.476 0.0000000000
12234  9.173  -78.906  -1.665 0.0000000000
12241  9.207  -79.071  -2.357 0.0000000000
11217  8.388  -79.318  -1.988 0.0000000000
9411  5.198  -81.143  -3.051 0.0000000000
10292  6.414  -80.184  -3.162 0.0000000000
9433  4.938  -80.926  -3.902 0.0000000000
10315  5.426  -80.483  -4.711 0.0000000000
10316  4.656  -80.923  -4.714 0.0000000000
7715  4.072  -83.913  -1.942 0.0000000000
7731  4.444  -83.173  -2.161 0.0000000000
7732  3.983  -83.597  -2.713 0.0000000000
7766  2.446  -83.508  -5.457 0.0000000000
8621  2.621  -82.553  -5.843 0.0000000000
7791  2.216  -83.238  -6.404 0.0000000000
142153  2.376  -82.931  -8.213 0.0000000000
7806  1.873  -83.631  -8.193 0.0000000000
6208  0.095  -86.897  -8.313 0.0000000000
6207  1.152  -85.649  -8.802 0.0000000000
136580  1.174  -87.632  -10.538 0.0000000000
5516  -0.626  -87.884  -10.259 0.0000000000
4895  -0.685  -87.920  -10.986 0.0000000000
5517  -0.993  -87.494  -10.292 0.0000000000
7826  -0.918  -84.615  -9.236 0.0000000000
7032  -0.947  -85.163  -9.995 0.0000000000
7831  -0.763  -83.857  -10.167 0.0000000000
125493  -0.849  -83.353  -9.390 0.0000000000
124522  -0.602  -84.731  -5.700 0.0000000000
7792  -0.396  -83.408  -5.995 0.0000000000
21548  8.334  -69.174  7.944 0.0000000000
22605  7.669  -68.897  6.959 0.0000000000
22595  6.915  -68.554  8.021 0.0000000000
24716  4.693  -66.783  8.915 0.0000000000
23669  5.219  -67.295  7.989 0.0000000000
23670  4.508  -67.136  8.144 0.0000000000
22596  3.392  -67.968  7.927 0.0000000000
24731  3.137  -66.770  8.802 0.0000000000
24683  5.455  -66.439  13.194 0.0000000000
23627  4.907  -66.762  12.876 0.0000000000
24693  4.318  -66.154  12.390 0.0000000000
25796  2.545  -65.796  12.347 0.0000000000
25795  3.107  -65.685  11.817 0.0000000000
25818  2.656  -65.786  11.015 0.0000000000
24706  2.543  -66.228  10.383 0.0000000000
23637  1.931  -67.069  11.691 0.0000000000
23638  1.340  -67.572  12.497 0.0000000000
24695  1.540  -66.777  12.515 0.0000000000
26912  -0.160  -64.778  14.240 0.0000000000
25767  -0.142  -65.714  14.042 0.0000000000
25768  -0.677  -65.171  14.026 0.0000000000
149537  -0.405  -66.197  13.029 0.0000000000
26924  -0.768  -64.488  13.740 0.0000000000
28091  8.011  -63.800  7.929 0.0000000000
26974  7.623  -64.594  8.591 0.0000000000
139962  7.523  -63.180  8.162 0.0000000000
29209  5.380  -62.323  9.567 0.0000000000
30299  4.775  -62.184  10.641 0.0000000000
29178  4.915  -63.081  11.205 0.0000000000
30283  4.099  -61.804  11.272 0.0000000000
32331  3.122  -59.143  9.121 0.0000000000
31348  3.418  -59.906  9.528 0.0000000000
31349  2.700  -59.274  10.001 0.0000000000
31296  1.435  -60.279  13.110 0.0000000000
31317  1.915  -59.932  12.378 0.0000000000
144560  2.814  -61.821  12.450 0.0000000000
30260  1.678  -61.327  13.159 0.0000000000
29138  1.326  -62.084  13.683 0.0000000000
30243  0.843  -61.123  14.070 0.0000000000
36614  17.240  -55.799  6.640 0.0000000000
35505  16.962  -56.635  6.746 0.0000000000
127879  16.568  -55.971  6.647 0.0000000000
35507  15.297  -56.236  6.498 0.0000000000
35508  14.555  -55.928  6.182 0.0000000000
35509  13.540  -56.494  6.091 0.0000000000
137063  14.295  -52.971  4.893 0.0000000000
38776  14.091  -53.470  5.006 0.0000000000
38777  13.249  -53.392  5.370 0.0000000000
36619  12.448  -54.964  5.693 0.0000000000
36620  11.691  -55.079  6.405 0.0000000000
35511  11.604  -56.272  6.317 0.0000000000
36597  10.970  -55.547  7.136 0.0000000000
35489  10.360  -56.452  7.677 0.0000000000
36598  10.323  -55.287  7.843 0.0000000000
37674  9.277  -54.673  8.069 0.0000000000
142682  9.144  -55.047  8.837 0.0000000000
36579  8.453  -55.259  9.279 0.0000000000
36580  7.703  -55.543  9.617 0.0000000000
288  7.011  -98.231  -8.643 0.0000000000
287  7.930  -97.797  -7.931 0.0000000000
1247  3.673  -95.566  -10.739 0.0000000000
552  4.454  -96.821  -10.797 0.0000000000
881  5.883  -95.336  -12.141 0.0000000000
558  6.004  -96.769  -11.538 0.0000000000
150331  6.604  -95.799  -11.239 0.0000000000
550  7.011  -96.436  -10.393 0.0000000000
863  7.068  -95.543  -10.633 0.0000000000
137081  7.640  -94.942  -9.946 0.0000000000
1244  7.370  -94.377  -10.580 0.0000000000
2611  6.207  -91.930  -11.830 0.0000000000
1679  7.197  -92.604  -11.202 0.0000000000
2122  7.289  -91.718  -11.001 0.0000000000
2599  7.854  -91.353  -10.493 0.0000000000
3119  7.441  -90.839  -10.803 0.0000000000
149439  1.226  -90.819  -9.637 0.0000000000
3124  2.199  -91.180  -10.741 0.0000000000
126280  2.502  -90.343  -10.058 0.0000000000
3665  4.137  -89.506  -8.518 0.0000000000
3680  4.467  -89.747  -9.413 0.0000000000
3678  6.684  -89.459  -9.716 0.0000000000
3663  6.751  -89.060  -8.711 0.0000000000
4286  7.582  -88.796  -8.556 0.0000000000
3647  5.912  -88.942  -8.120 0.0000000000
125726  4.845  -88.301  -6.025 0.0000000000
4254  6.476  -88.340  -6.752 0.0000000000
4241  6.323  -88.204  -5.846 0.0000000000
4242  5.513  -88.153  -5.497 0.0000000000
125338  -0.136  -94.463  0.884 0.0000000000
2034  0.440  -92.412  -1.628 0.0000000000
142870  0.343  -93.171  -0.185 0.0000000000
1529  1.497  -93.067  4.258 0.0000000000
1546  1.198  -93.916  3.786 0.0000000000
2010  1.353  -91.965  2.591 0.0000000000
2991  -0.724  -89.941  -0.237 0.0000000000
126798  -0.112  -90.516  0.075 0.0000000000
2992  -0.972  -90.000  -1.053 0.0000000000
3002  -0.659  -90.465  -1.462 0.0000000000
4202  -0.616  -88.948  -2.624 0.0000000000
4219  0.552  -88.851  -3.700 0.0000000000
142703  1.284  -88.691  -3.102 0.0000000000
4198  3.387  -87.851  -2.321 0.0000000000
127763  2.961  -88.097  -3.048 0.0000000000
4830  4.627  -87.629  -3.102 0.0000000000
4843  5.910  -87.681  -4.186 0.0000000000
144621  6.109  -87.412  -3.401 0.0000000000
4829  7.206  -87.416  -3.329 0.0000000000
4815  5.833  -87.254  -2.549 0.0000000000
4770  4.177  -87.379  0.026 0.0000000000
5408  5.957  -87.015  -1.286 0.0000000000
5396  6.016  -86.764  -0.531 0.0000000000
5395  6.995  -86.557  -0.500 0.0000000000
5386  5.759  -86.528  0.232 0.0000000000
139536  0.965  -88.517  4.031 0.0000000000
4123  2.216  -88.139  3.069 0.0000000000
144501  1.938  -88.236  3.940 0.0000000000
5362  5.183  -86.958  3.717 0.0000000000
150055  4.517  -87.242  2.902 0.0000000000
6069  6.004  -86.012  2.036 0.0000000000
6079  6.786  -85.617  0.699 0.0000000000
6068  6.537  -85.469  1.492 0.0000000000
6866  7.817  -84.486  0.765 0.0000000000
6855  7.091  -85.165  1.929 0.0000000000
6040  7.226  -85.737  4.148 0.0000000000
6825  7.645  -85.325  3.519 0.0000000000
6824  8.476  -84.888  4.005 0.0000000000
124385  9.666  -84.254  2.906 0.0000000000
7661  9.137  -84.457  3.651 0.0000000000
3391  0.484  -89.003  14.798 0.0000000000
3400  0.411  -89.116  13.576 0.0000000000
3401  0.188  -88.866  13.493 0.0000000000
4622  0.663  -87.961  13.513 0.0000000000
129461  0.419  -88.042  12.820 0.0000000000
134776  0.830  -87.501  12.553 0.0000000000
4645  1.401  -88.223  10.792 0.0000000000
135407  1.328  -87.547  11.931 0.0000000000
5921  3.330  -86.048  16.318 0.0000000000
4585  2.781  -87.129  15.945 0.0000000000
5263  3.684  -87.088  15.626 0.0000000000
5288  5.154  -87.073  11.223 0.0000000000
4626  4.038  -87.539  12.443 0.0000000000
4658  4.697  -87.613  10.652 0.0000000000
127394  3.996  -88.171  10.225 0.0000000000
5305  5.284  -87.363  9.941 0.0000000000
5314  5.783  -87.131  8.434 0.0000000000
5303  6.322  -86.711  8.614 0.0000000000
6774  9.458  -84.555  6.851 0.0000000000
6782  8.830  -84.905  6.336 0.0000000000
7633  9.853  -84.144  5.587 0.0000000000
7659  10.428  -83.753  4.212 0.0000000000
7647  10.609  -83.496  5.006 0.0000000000
8493  11.766  -82.681  3.947 0.0000000000
8473  11.075  -83.086  5.446 0.0000000000
8441  11.603  -82.523  7.491 0.0000000000
128010  12.183  -81.305  5.545 0.0000000000
9285  12.285  -81.158  6.426 0.0000000000
10187  13.060  -80.096  4.868 0.0000000000
10162  12.887  -80.504  6.737 0.0000000000
8372  9.961  -82.655  12.663 0.0000000000
7560  10.493  -83.426  11.079 0.0000000000
8385  11.607  -82.184  11.353 0.0000000000
11054  13.652  -79.233  9.636 0.0000000000
10131  13.344  -80.023  9.050 0.0000000000
11072  13.770  -79.328  8.655 0.0000000000
11081  14.000  -78.862  6.592 0.0000000000
12110  14.282  -77.901  6.824 0.0000000000
13105  14.104  -77.128  6.821 0.0000000000
13093  14.331  -77.188  7.422 0.0000000000
15066  14.157  -74.884  8.678 0.0000000000
16125  14.124  -74.333  7.467 0.0000000000
17169  13.716  -73.692  7.194 0.0000000000
18290  12.280  -72.350  6.578 0.0000000000
145845  12.519  -72.623  7.468 0.0000000000
13903  -0.015  -75.931  14.961 0.0000000000
12959  1.103  -77.181  15.147 0.0000000000
128574  0.497  -77.864  14.665 0.0000000000
11990  0.715  -78.566  14.416 0.0000000000
12993  0.055  -77.928  13.588 0.0000000000
26870  5.219  -64.464  15.837 0.0000000000
26871  4.398  -64.528  15.783 0.0000000000
147818  4.430  -65.929  15.772 0.0000000000
137079  3.349  -70.503  15.185 0.0000000000
146162  2.854  -68.930  15.230 0.0000000000
20394  2.422  -70.277  14.678 0.0000000000
21467  1.361  -69.666  14.365 0.0000000000
19328  1.940  -71.296  13.885 0.0000000000
18239  1.047  -72.351  13.442 0.0000000000
17092  2.496  -73.164  13.757 0.0000000000
13940  3.619  -76.110  12.860 0.0000000000
13941  2.561  -76.032  12.707 0.0000000000
13964  3.148  -76.668  12.459 0.0000000000
13014  1.691  -77.888  12.189 0.0000000000
13034  3.052  -77.994  11.732 0.0000000000
130823  3.888  -78.602  11.216 0.0000000000
13033  4.377  -78.036  11.617 0.0000000000
13010  6.749  -77.880  12.490 0.0000000000
144588  6.070  -78.302  11.167 0.0000000000
13031  6.813  -78.275  10.686 0.0000000000
12045  7.852  -78.321  10.195 0.0000000000
13049  7.793  -77.826  10.443 0.0000000000
17055  8.467  -73.836  16.350 0.0000000000
14941  8.180  -75.230  16.144 0.0000000000
126706  8.822  -75.102  15.485 0.0000000000
15027  9.335  -76.004  11.933 0.0000000000
15035  9.607  -75.899  10.914 0.0000000000
13988  8.932  -76.828  10.473 0.0000000000
15054  9.833  -76.083  10.110 0.0000000000
15052  10.604  -75.434  9.869 0.0000000000
134830  10.526  -74.986  9.935 0.0000000000
18255  9.511  -72.743  10.393 0.0000000000
17137  10.538  -73.425  9.691 0.0000000000
18265  9.756  -72.329  9.750 0.0000000000
19384  10.882  -71.127  8.114 0.0000000000
19373  9.396  -71.591  9.405 0.0000000000
20462  9.134  -70.658  8.952 0.0000000000
19374  8.422  -71.423  9.788 0.0000000000
132555  7.056  -71.492  11.650 0.0000000000
19365  6.829  -71.794  10.826 0.0000000000
19356  6.108  -71.515  11.676 0.0000000000
19357  5.701  -71.111  11.711 0.0000000000
20429  6.737  -70.418  12.611 0.0000000000
19353  11.462  -71.638  12.139 0.0000000000
19346  10.761  -72.203  12.199 0.0000000000
19354  10.940  -71.433  11.845 0.0000000000
21510  9.964  -69.891  11.238 0.0000000000
20439  9.463  -70.487  11.785 0.0000000000
21511  8.963  -69.676  11.528 0.0000000000
21496  8.136  -69.586  12.060 0.0000000000
22558  9.275  -69.151  10.774 0.0000000000
22559  8.277  -68.824  11.276 0.0000000000
23654  11.244  -68.195  8.915 0.0000000000
23644  10.045  -68.450  9.618 0.0000000000
23666  10.569  -67.524  8.558 0.0000000000
23665  11.602  -67.661  8.314 0.0000000000
26920  11.870  -64.477  11.703 0.0000000000
26906  12.505  -64.829  12.577 0.0000000000
26919  12.635  -64.836  11.496 0.0000000000
24689  14.294  -65.972  12.044 0.0000000000
24678  14.533  -66.916  12.266 0.0000000000
23633  14.794  -67.764  11.756 0.0000000000
26947  15.853  -64.818  9.969 0.0000000000
25811  15.491  -65.509  10.059 0.0000000000
25810  16.370  -65.756  9.860 0.0000000000
23652  16.598  -67.927  8.803 0.0000000000
23641  16.317  -67.609  9.600 0.0000000000
23653  15.964  -68.297  9.494 0.0000000000
22566  15.352  -68.611  10.051 0.0000000000
22577  15.430  -68.780  9.220 0.0000000000
22590  14.612  -68.890  8.724 0.0000000000
22589  15.530  -68.651  8.452 0.0000000000
23680  14.514  -67.540  7.140 0.0000000000
127965  13.839  -67.966  7.551 0.0000000000
24744  13.549  -66.998  7.014 0.0000000000
24745  12.564  -66.669  7.201 0.0000000000
25858  12.189  -65.850  6.890 0.0000000000
126345  13.795  -66.213  6.737 0.0000000000
126319  15.642  -64.439  6.750 0.0000000000
147121  14.589  -63.861  6.563 0.0000000000
28111  18.857  -63.402  7.572 0.0000000000
30339  18.104  -61.955  7.479 0.0000000000
29239  17.829  -62.890  7.380 0.0000000000
127467  17.049  -62.006  7.406 0.0000000000
30340  16.414  -61.278  7.385 0.0000000000
31386  17.425  -61.106  7.440 0.0000000000
32345  19.487  -59.344  7.642 0.0000000000
148161  18.617  -59.241  7.507 0.0000000000
147035  20.929  -59.132  10.387 0.0000000000
33250  20.812  -58.369  10.471 0.0000000000
35431  20.976  -56.636  10.311 0.0000000000
133838  22.167  -57.718  9.602 0.0000000000
33271  22.230  -58.382  9.381 0.0000000000
33294  22.098  -58.451  8.727 0.0000000000
33270  22.440  -57.672  9.044 0.0000000000
35471  22.042  -56.297  8.573 0.0000000000
34372  21.392  -57.292  7.896 0.0000000000
35483  21.586  -56.588  7.982 0.0000000000
35484  20.635  -56.780  7.572 0.0000000000
36595  19.971  -56.055  7.308 0.0000000000
36594  21.039  -55.946  7.650 0.0000000000
38736  21.382  -53.019  8.365 0.0000000000
522  12.276  -97.767  -7.901 0.0000000000
129978  12.378  -96.538  -7.582 0.0000000000
2129  15.722  -92.171  -11.955 0.0000000000
2142  15.773  -92.281  -12.671 0.0000000000
143249  15.605  -92.215  -13.578 0.0000000000
845  10.843  -95.414  -8.303 0.0000000000
846  10.564  -96.528  -8.258 0.0000000000
862  10.544  -97.119  -11.494 0.0000000000
549  10.595  -97.814  -10.990 0.0000000000
311  10.687  -97.881  -11.704 0.0000000000
310  11.357  -97.984  -12.123 0.0000000000
564  10.980  -97.540  -12.965 0.0000000000
138313  9.615  -94.875  -14.249 0.0000000000
1271  9.832  -95.464  -13.514 0.0000000000
132679  9.648  -95.978  -14.300 0.0000000000
889  11.057  -96.461  -14.144 0.0000000000
1270  11.925  -95.429  -13.955 0.0000000000
1710  12.729  -94.131  -13.698 0.0000000000
1699  13.240  -93.999  -12.947 0.0000000000
2636  14.817  -91.832  -15.443 0.0000000000
2630  14.705  -91.770  -14.676 0.0000000000
2635  15.289  -91.963  -15.162 0.0000000000
2161  15.591  -92.347  -14.978 0.0000000000
2166  15.802  -92.657  -15.832 0.0000000000
2197  14.264  -92.269  -19.275 0.0000000000
2196  15.133  -92.188  -19.236 0.0000000000
143273  15.502  -91.678  -19.879 0.0000000000
6155  11.096  -85.007  -5.475 0.0000000000
6161  11.289  -85.495  -5.998 0.0000000000
6160  11.507  -84.955  -6.110 0.0000000000
7014  11.342  -84.291  -8.689 0.0000000000
6202  11.778  -84.675  -7.968 0.0000000000
125516  12.076  -84.880  -8.847 0.0000000000
131055  12.774  -85.555  -8.886 0.0000000000
6221  12.119  -85.348  -9.880 0.0000000000
5509  8.117  -86.242  -10.952 0.0000000000
6241  9.414  -85.578  -10.482 0.0000000000
6255  8.944  -86.233  -11.065 0.0000000000
5550  10.707  -87.023  -12.388 0.0000000000
130838  11.051  -86.782  -11.809 0.0000000000
137585  11.925  -86.602  -11.754 0.0000000000
5508  12.306  -86.152  -10.777 0.0000000000
126037  12.242  -87.108  -12.142 0.0000000000
4903  12.709  -87.497  -11.926 0.0000000000
5548  12.094  -87.014  -12.658 0.0000000000
141867  11.756  -86.950  -14.715 0.0000000000
142336  12.455  -87.780  -14.096 0.0000000000
4943  12.118  -87.464  -14.729 0.0000000000
142819  11.850  -88.459  -15.601 0.0000000000
4341  11.912  -87.744  -15.482 0.0000000000
6278  3.253  -85.959  -15.000 0.0000000000
5588  3.943  -87.412  -14.649 0.0000000000
125244  4.559  -86.417  -15.611 0.0000000000
6303  6.399  -84.734  -17.011 0.0000000000
5600  6.361  -86.015  -16.271 0.0000000000
6302  7.113  -85.028  -17.032 0.0000000000
5611  7.586  -86.100  -16.146 0.0000000000
136567  7.697  -85.296  -16.862 0.0000000000
8709  9.810  -81.023  -17.819 0.0000000000
8715  11.002  -81.357  -18.093 0.0000000000
141100  11.248  -83.206  -18.386 0.0000000000
7113  10.307  -82.636  -18.419 0.0000000000
7099  10.242  -83.842  -17.575 0.0000000000
6299  10.993  -84.955  -16.479 0.0000000000
5626  11.679  -86.080  -18.801 0.0000000000
4980  10.707  -87.570  -18.391 0.0000000000
4986  11.298  -87.151  -19.194 0.0000000000
4987  10.882  -88.033  -19.397 0.0000000000
4993  11.782  -87.870  -19.978 0.0000000000
4978  13.133  -88.156  -18.760 0.0000000000
4353  12.626  -88.835  -19.008 0.0000000000
144222  12.984  -88.854  -17.928 0.0000000000
3730  12.869  -89.489  -17.904 0.0000000000
20505  6.495  -69.876  6.832 0.0000000000
19395  6.615  -71.051  7.166 0.0000000000
145729  5.981  -70.557  7.384 0.0000000000
18278  4.290  -72.801  8.508 0.0000000000
17155  5.046  -73.024  8.091 0.0000000000
17173  4.829  -73.886  7.811 0.0000000000
16128  4.556  -74.658  7.483 0.0000000000
15067  3.864  -75.097  7.924 0.0000000000
19358  1.320  -71.718  11.426 0.0000000000
19368  2.029  -72.052  11.047 0.0000000000
17125  1.420  -73.501  11.024 0.0000000000
14019  1.604  -77.057  9.674 0.0000000000
15069  2.373  -75.738  9.340 0.0000000000
13083  2.313  -77.470  8.817 0.0000000000
14032  3.079  -77.094  8.098 0.0000000000
13095  2.944  -77.943  8.088 0.0000000000
133396  3.460  -79.317  7.526 0.0000000000
11083  2.778  -79.956  8.218 0.0000000000
135031  0.282  -81.346  8.864 0.0000000000
9262  1.738  -81.823  8.380 0.0000000000
8445  0.819  -83.046  8.019 0.0000000000
7615  0.776  -83.896  6.972 0.0000000000
7605  0.520  -83.391  7.084 0.0000000000
9308  0.901  -81.739  5.423 0.0000000000
9322  0.282  -82.564  4.305 0.0000000000
8490  0.008  -83.367  4.645 0.0000000000
8499  -0.058  -83.213  3.026 0.0000000000
7684  0.005  -84.010  2.033 0.0000000000
8510  -0.004  -82.563  2.164 0.0000000000
137810  10.995  -73.378  5.345 0.0000000000
16140  10.221  -73.862  5.366 0.0000000000
17204  9.607  -73.285  5.651 0.0000000000
17205  8.818  -73.609  5.882 0.0000000000
17190  7.571  -73.360  6.609 0.0000000000
126312  17.261  -59.114  7.246 0.0000000000
32349  15.997  -59.501  7.299 0.0000000000
33327  16.561  -58.955  7.176 0.0000000000
34376  16.403  -58.191  6.975 0.0000000000
34397  16.235  -57.332  6.799 0.0000000000
4875  9.014  -87.484  -7.391 0.0000000000
4874  9.856  -87.474  -7.759 0.0000000000
4863  10.436  -86.942  -7.197 0.0000000000
8528  10.041  -82.925  0.428 0.0000000000
9387  10.335  -81.719  -2.131 0.0000000000
9386  11.052  -81.289  -1.821 0.0000000000
11251  9.568  -79.981  -3.993 0.0000000000
140817  2.916  -84.259  1.795 0.0000000000
6856  3.236  -84.333  0.939 0.0000000000
6857  2.348  -85.116  1.338 0.0000000000
6092  1.486  -85.789  0.276 0.0000000000
6105  0.253  -86.185  -0.646 0.0000000000
6106  -0.413  -86.101  -1.081 0.0000000000
6094  -0.571  -85.988  -0.130 0.0000000000
6879  -1.054  -85.405  -0.235 0.0000000000
6870  -0.833  -84.828  0.293 0.0000000000
24714  8.385  -66.974  9.798 0.0000000000
24703  7.412  -66.616  11.039 0.0000000000
24715  7.789  -66.661  10.204 0.0000000000
25847  7.404  -65.364  9.321 0.0000000000
34332  5.987  -57.303  11.190 0.0000000000
33257  4.373  -57.584  11.326 0.0000000000
144435  2.788  -91.835  9.293 0.0000000000
2410  2.714  -90.842  9.244 0.0000000000
127838  2.119  -90.327  8.475 0.0000000000
2875  0.857  -90.070  8.260 0.0000000000
135660  2.169  -90.172  9.301 0.0000000000
135767  1.222  -89.654  10.289 0.0000000000
3436  1.103  -89.276  11.107 0.0000000000
8344  2.496  -82.481  14.215 0.0000000000
8346  1.599  -83.247  14.433 0.0000000000
7558  1.336  -83.751  13.106 0.0000000000
7556  1.900  -84.059  12.301 0.0000000000
7555  3.741  -83.400  12.321 0.0000000000
127514  5.125  -82.268  12.342 0.0000000000
130900  4.273  -82.793  11.689 0.0000000000
9228  4.635  -81.802  10.711 0.0000000000
10085  5.699  -80.838  10.591 0.0000000000
136422  8.742  -62.411  14.788 0.0000000000
27985  8.309  -63.330  15.129 0.0000000000
26900  8.814  -64.432  14.856 0.0000000000
25753  8.866  -65.572  14.808 0.0000000000
23611  8.817  -67.292  15.070 0.0000000000
23593  8.951  -68.055  15.158 0.0000000000
23610  9.536  -67.757  14.843 0.0000000000
22529  10.327  -68.385  14.655 0.0000000000
22528  11.303  -68.744  14.372 0.0000000000
23608  11.036  -67.821  14.279 0.0000000000
23620  11.939  -67.391  14.001 0.0000000000
24671  12.538  -66.639  13.538 0.0000000000
125443  15.920  -61.618  9.788 0.0000000000
29192  17.842  -62.193  10.321 0.0000000000
32301  19.481  -60.301  10.519 0.0000000000
277  9.687  -98.447  -7.586 0.0000000000
131  10.867  -99.434  -7.766 0.0000000000
276  10.289  -98.761  -7.860 0.0000000000
286  10.663  -99.079  -8.325 0.0000000000
530  10.560  -98.012  -8.672 0.0000000000
2637  11.056  -91.625  -15.362 0.0000000000
2638  10.346  -92.235  -16.107 0.0000000000
2642  9.930  -91.822  -16.916 0.0000000000
143858  9.507  -91.938  -17.660 0.0000000000
2650  9.903  -91.774  -18.412 0.0000000000
145545  9.625  -91.488  -18.015 0.0000000000
3172  10.683  -90.494  -18.972 0.0000000000
3745  10.862  -89.365  -19.305 0.0000000000
5535  4.463  -87.468  -10.236 0.0000000000
4904  5.010  -87.328  -11.162 0.0000000000
4921  4.811  -87.853  -12.294 0.0000000000
139378  4.625  -88.392  -13.203 0.0000000000
4936  4.874  -88.651  -13.846 0.0000000000
130370  -0.357  -67.955  12.472 0.0000000000
22564  -0.269  -68.674  12.326 0.0000000000
125379  -0.778  -68.160  11.597 0.0000000000
12158  12.854  -78.490  2.482 0.0000000000
12171  12.102  -78.218  1.272 0.0000000000
145377  12.331  -78.284  1.995 0.0000000000
12161  10.448  -77.819  2.276 0.0000000000
12162  9.406  -77.930  2.413 0.0000000000
13120  7.821  -78.065  4.935 0.0000000000
12131  7.234  -78.665  5.016 0.0000000000
12132  7.120  -78.771  5.070 0.0000000000
10199  6.579  -79.505  4.865 0.0000000000
9305  5.740  -80.071  5.034 0.0000000000
9319  5.307  -80.762  4.887 0.0000000000
9306  5.036  -80.758  5.334 0.0000000000
9287  4.794  -80.849  5.764 0.0000000000
9288  4.285  -81.570  6.479 0.0000000000
148500  12.076  -63.867  6.581 0.0000000000
28140  11.647  -63.385  6.580 0.0000000000
130083  11.449  -62.589  6.439 0.0000000000
132861  11.806  -61.872  6.380 0.0000000000
32352  13.021  -59.599  7.851 0.0000000000
139625  12.374  -59.661  7.559 0.0000000000
32329  10.085  -58.265  7.937 0.0000000000
33298  8.989  -58.273  8.828 0.0000000000
33296  9.959  -57.980  8.775 0.0000000000
34347  9.879  -57.727  9.096 0.0000000000
35452  9.723  -57.494  9.222 0.0000000000
8297  5.467  -82.464  17.316 0.0000000000
8314  5.665  -81.847  16.799 0.0000000000
125778  5.823  -81.489  17.140 0.0000000000
10012  5.626  -80.351  16.378 0.0000000000
10952  5.491  -79.723  16.008 0.0000000000
141199  9.122  -59.783  13.087 0.0000000000
32266  9.805  -59.882  13.270 0.0000000000
31295  9.995  -60.532  12.065 0.0000000000
31314  10.447  -61.026  11.393 0.0000000000
30281  10.145  -61.677  10.619 0.0000000000
30257  11.300  -61.013  11.543 0.0000000000
30256  12.154  -61.374  12.085 0.0000000000
2112  8.730  -91.983  -9.564 0.0000000000
2085  9.847  -92.881  -8.197 0.0000000000
2099  9.532  -91.968  -8.843 0.0000000000
2098  10.397  -92.105  -8.209 0.0000000000
127586  11.405  -92.167  -7.737 0.0000000000
4267  13.274  -88.878  -7.752 0.0000000000
128286  13.453  -90.013  -8.201 0.0000000000
3081  13.858  -89.797  -8.673 0.0000000000
3098  13.886  -89.788  -9.432 0.0000000000
3117  13.596  -90.128  -10.182 0.0000000000
3134  12.943  -90.439  -11.642 0.0000000000
140302  13.400  -89.877  -11.221 0.0000000000
3691  13.368  -89.271  -11.866 0.0000000000
4307  13.165  -88.709  -12.414 0.0000000000
7057  0.254  -84.438  -12.557 0.0000000000
7070  0.696  -83.181  -14.140 0.0000000000
137297  1.061  -82.194  -15.134 0.0000000000
37670  19.965  -54.298  7.412 0.0000000000
38744  19.700  -53.410  7.470 0.0000000000
5405  8.788  -85.915  -1.885 0.0000000000
147091  9.679  -85.184  -2.865 0.0000000000
6902  9.518  -84.995  -2.430 0.0000000000
6911  9.017  -84.397  -3.059 0.0000000000
8632  7.316  -82.328  -6.236 0.0000000000
8620  6.356  -83.310  -5.593 0.0000000000
8633  6.504  -82.661  -6.547 0.0000000000
7805  5.490  -83.506  -7.631 0.0000000000
6985  5.040  -84.186  -8.004 0.0000000000
7003  4.541  -85.093  -8.373 0.0000000000
7817  4.269  -83.710  -8.638 0.0000000000
7825  3.035  -83.946  -9.901 0.0000000000
137227  7.214  -80.025  -1.037 0.0000000000
11218  7.470  -79.784  -1.888 0.0000000000
10274  6.695  -80.381  -1.690 0.0000000000
9401  5.488  -81.404  -2.255 0.0000000000
9402  4.867  -81.855  -2.560 0.0000000000
6913  2.751  -85.145  -3.041 0.0000000000
6922  2.807  -84.497  -3.924 0.0000000000
149446  2.395  -84.846  -4.460 0.0000000000
6935  2.311  -84.633  -5.133 0.0000000000
136621  1.690  -85.301  -6.240 0.0000000000
6960  1.329  -85.682  -6.770 0.0000000000
129528  0.571  -86.356  -7.518 0.0000000000
5479  -0.847  -87.005  -8.402 0.0000000000
128799  -1.230  -86.942  -8.897 0.0000000000
6209  -1.069  -86.446  -8.155 0.0000000000
133242  -1.023  -85.853  -7.576 0.0000000000
6987  -0.858  -84.881  -7.566 0.0000000000
8599  -0.386  -82.654  -4.349 0.0000000000
8622  -0.238  -82.272  -5.316 0.0000000000
9450  -0.158  -81.336  -5.118 0.0000000000
21538  6.033  -69.224  9.562 0.0000000000
22582  5.960  -68.267  8.754 0.0000000000
22583  5.201  -67.730  9.809 0.0000000000
139036  4.904  -67.068  9.589 0.0000000000
25775  4.532  -65.298  13.217 0.0000000000
25776  3.322  -65.301  13.173 0.0000000000
25777  2.261  -65.386  13.253 0.0000000000
142626  1.362  -65.728  13.561 0.0000000000
25765  1.807  -65.050  13.910 0.0000000000
26911  1.164  -64.482  14.201 0.0000000000
26901  0.395  -64.006  14.285 0.0000000000
29223  7.324  -62.534  7.934 0.0000000000
28092  6.904  -63.008  8.510 0.0000000000
29224  6.549  -62.167  8.168 0.0000000000
140405  5.286  -61.550  8.993 0.0000000000
30310  4.690  -61.393  9.653 0.0000000000
32305  1.513  -58.074  12.306 0.0000000000
31333  2.221  -59.138  11.221 0.0000000000
127206  16.663  -55.285  6.494 0.0000000000
37694  16.031  -54.930  6.264 0.0000000000
37696  14.678  -55.076  5.813 0.0000000000
137171  12.847  -52.724  5.563 0.0000000000
38778  12.483  -53.465  5.714 0.0000000000
132056  11.301  -54.175  6.879 0.0000000000
37672  10.800  -54.510  7.474 0.0000000000
1683  2.991  -95.077  -10.469 0.0000000000
867  3.365  -95.421  -10.981 0.0000000000
873  4.615  -96.246  -11.768 0.0000000000
883  4.350  -95.252  -12.368 0.0000000000
1263  4.731  -94.628  -12.629 0.0000000000
1262  5.551  -94.585  -12.437 0.0000000000
1255  6.260  -94.229  -11.951 0.0000000000
1692  5.797  -93.074  -12.307 0.0000000000
2134  5.587  -92.486  -12.256 0.0000000000
2602  5.018  -91.256  -11.431 0.0000000000
3651  0.447  -90.440  -7.436 0.0000000000
3072  1.399  -90.291  -8.328 0.0000000000
135791  1.997  -89.912  -7.495 0.0000000000
137481  2.893  -89.748  -7.821 0.0000000000
132896  4.495  -89.214  -7.907 0.0000000000
133439  5.107  -88.906  -7.635 0.0000000000
3648  4.352  -88.853  -7.254 0.0000000000
4256  4.226  -88.597  -6.478 0.0000000000
4243  4.052  -88.374  -5.662 0.0000000000
1562  0.467  -94.172  2.386 0.0000000000
2461  1.001  -91.154  3.994 0.0000000000
2479  0.646  -91.290  2.324 0.0000000000
2495  -0.480  -90.793  1.820 0.0000000000
2971  -0.775  -90.240  1.356 0.0000000000
3569  -0.625  -89.543  0.280 0.0000000000
4200  1.444  -88.589  -2.301 0.0000000000
4170  0.858  -88.809  -0.544 0.0000000000
136691  1.778  -88.569  -0.876 0.0000000000
4796  3.839  -87.562  -1.584 0.0000000000
4795  4.670  -87.264  -1.711 0.0000000000
4782  3.486  -87.701  -0.655 0.0000000000
4771  3.492  -87.740  0.305 0.0000000000
128888  4.003  -87.440  0.736 0.0000000000
4094  2.423  -88.306  5.517 0.0000000000
4729  2.996  -88.112  4.276 0.0000000000
146291  3.121  -88.159  5.064 0.0000000000
4738  4.577  -87.433  4.174 0.0000000000
5361  5.568  -86.515  3.384 0.0000000000
6042  6.126  -86.197  3.392 0.0000000000
128780  5.845  -86.752  4.958 0.0000000000
5355  6.451  -86.427  4.800 0.0000000000
6030  7.155  -86.215  5.423 0.0000000000
3968  0.146  -88.375  16.041 0.0000000000
3976  0.280  -88.389  15.188 0.0000000000
4599  0.278  -87.919  15.497 0.0000000000
4611  0.932  -87.678  14.713 0.0000000000
4621  1.306  -87.539  13.526 0.0000000000
5270  5.235  -86.295  14.828 0.0000000000
5278  4.755  -86.901  14.040 0.0000000000
5277  5.626  -86.284  14.015 0.0000000000
5282  5.713  -86.422  12.267 0.0000000000
5974  6.312  -86.318  10.744 0.0000000000
5983  6.762  -86.354  9.183 0.0000000000
5982  7.315  -85.779  9.761 0.0000000000
6753  8.536  -85.020  9.158 0.0000000000
6762  9.432  -84.577  7.849 0.0000000000
7611  10.611  -83.604  6.680 0.0000000000
7590  9.942  -84.214  8.266 0.0000000000
134218  11.157  -83.117  7.880 0.0000000000
8427  11.605  -82.564  8.335 0.0000000000
9210  11.324  -80.822  12.381 0.0000000000
9224  12.005  -81.298  11.634 0.0000000000
10081  11.972  -80.263  12.096 0.0000000000
11039  13.272  -79.027  10.462 0.0000000000
12061  14.060  -77.970  9.359 0.0000000000
14016  14.469  -76.649  8.613 0.0000000000
13062  13.878  -77.607  9.729 0.0000000000
13998  13.491  -76.087  9.747 0.0000000000
15050  12.991  -75.249  9.638 0.0000000000
14967  2.375  -75.726  16.029 0.0000000000
16042  1.720  -73.990  15.972 0.0000000000
14969  0.324  -75.174  15.212 0.0000000000
14983  -0.302  -74.929  14.295 0.0000000000
125557  2.714  -63.796  15.996 0.0000000000
138374  5.447  -67.991  16.494 0.0000000000
135546  4.614  -67.795  16.160 0.0000000000
21441  4.342  -69.399  16.154 0.0000000000
139540  3.904  -71.048  15.777 0.0000000000
18217  3.444  -72.405  14.905 0.0000000000
17091  3.190  -73.593  14.167 0.0000000000
16053  3.676  -74.241  14.671 0.0000000000
14981  4.516  -75.609  14.624 0.0000000000
13939  4.480  -76.489  13.231 0.0000000000
13962  5.051  -77.082  12.635 0.0000000000
13938  5.422  -76.880  13.622 0.0000000000
13937  6.395  -77.288  14.070 0.0000000000
12975  7.208  -77.422  14.271 0.0000000000
17077  9.691  -73.793  15.278 0.0000000000
16051  9.204  -75.282  14.464 0.0000000000
16063  9.647  -74.621  13.905 0.0000000000
130805  9.437  -74.983  12.447 0.0000000000
16092  9.578  -74.463  11.344 0.0000000000
16091  9.759  -74.019  10.756 0.0000000000
16084  9.048  -73.837  11.911 0.0000000000
17117  9.013  -73.140  11.442 0.0000000000
18256  8.596  -72.391  10.943 0.0000000000
19364  7.819  -71.839  10.632 0.0000000000
18251  7.461  -71.857  11.297 0.0000000000
18248  7.704  -71.982  11.911 0.0000000000
20436  12.430  -70.672  11.875 0.0000000000
20437  11.625  -70.942  11.756 0.0000000000
21508  12.111  -70.292  11.285 0.0000000000
21525  11.412  -69.615  10.648 0.0000000000
22568  10.636  -69.123  9.996 0.0000000000
22567  11.688  -69.140  10.013 0.0000000000
22580  11.893  -68.670  9.449 0.0000000000
26937  12.627  -64.901  10.388 0.0000000000
25791  14.066  -65.277  11.184 0.0000000000
25790  14.686  -65.694  11.018 0.0000000000
25809  17.373  -65.525  9.742 0.0000000000
25832  17.210  -66.335  9.482 0.0000000000
22588  16.311  -68.305  8.293 0.0000000000
22602  15.751  -68.295  7.744 0.0000000000
22601  16.444  -68.023  7.699 0.0000000000
24743  16.409  -67.227  6.926 0.0000000000
23690  15.415  -67.032  6.811 0.0000000000
145595  14.896  -66.340  6.751 0.0000000000
140805  15.360  -66.000  6.775 0.0000000000
25870  16.133  -65.405  6.864 0.0000000000
27005  16.461  -64.592  6.899 0.0000000000
29222  20.193  -62.466  8.574 0.0000000000
29237  19.662  -62.685  7.892 0.0000000000
30337  19.942  -61.826  8.149 0.0000000000
30338  19.142  -61.878  7.624 0.0000000000
31384  19.947  -60.165  7.900 0.0000000000
35451  22.008  -56.264  9.444 0.0000000000
36560  22.256  -55.852  9.012 0.0000000000
36576  22.030  -55.342  8.562 0.0000000000
529  12.646  -97.496  -9.264 0.0000000000
844  12.950  -96.118  -8.738 0.0000000000
145782  12.950  -96.413  -9.510 0.0000000000
1663  14.522  -93.420  -9.804 0.0000000000
1675  14.994  -92.635  -10.817 0.0000000000
1688  14.990  -92.351  -11.898 0.0000000000
125608  11.026  -95.814  -9.754 0.0000000000
861  10.857  -95.872  -10.905 0.0000000000
557  10.467  -97.219  -12.351 0.0000000000
1281  10.149  -95.115  -15.827 0.0000000000
897  10.010  -95.523  -15.276 0.0000000000
1279  11.783  -94.426  -15.069 0.0000000000
1719  12.492  -93.658  -14.527 0.0000000000
1718  12.992  -92.615  -14.967 0.0000000000
2174  15.769  -92.334  -16.953 0.0000000000
2175  15.073  -92.103  -16.934 0.0000000000
2183  15.827  -92.229  -17.614 0.0000000000
2187  16.380  -92.040  -18.250 0.0000000000
3177  14.307  -91.387  -19.763 0.0000000000
2658  15.082  -91.328  -19.952 0.0000000000
7788  10.365  -83.814  -6.505 0.0000000000
6979  11.058  -84.014  -6.898 0.0000000000
7815  10.550  -83.739  -7.519 0.0000000000
6999  10.605  -83.906  -8.431 0.0000000000
7015  10.660  -84.383  -9.285 0.0000000000
5552  8.795  -87.019  -12.544 0.0000000000
5531  9.295  -86.724  -11.832 0.0000000000
5551  9.495  -87.050  -12.612 0.0000000000
128290  10.140  -87.083  -12.790 0.0000000000
5569  10.854  -87.081  -12.918 0.0000000000
5568  11.669  -86.960  -13.047 0.0000000000
125870  11.231  -86.834  -13.588 0.0000000000
5582  11.450  -86.626  -14.492 0.0000000000
5596  11.490  -86.482  -15.349 0.0000000000
6305  4.621  -84.056  -16.857 0.0000000000
7103  5.672  -83.202  -17.347 0.0000000000
7102  6.569  -83.218  -17.536 0.0000000000
7116  7.078  -82.457  -17.991 0.0000000000
9575  13.821  -81.305  -18.936 0.0000000000
8723  12.010  -81.530  -18.518 0.0000000000
8722  13.091  -81.878  -19.018 0.0000000000
7902  12.397  -82.373  -18.706 0.0000000000
7112  12.114  -83.990  -18.445 0.0000000000
6312  13.016  -84.888  -19.443 0.0000000000
6318  12.734  -85.858  -19.705 0.0000000000
5625  13.273  -86.783  -20.250 0.0000000000
4992  12.702  -87.471  -20.113 0.0000000000
6319  13.817  -86.691  -20.157 0.0000000000
4984  13.558  -87.320  -19.719 0.0000000000
4977  13.560  -87.452  -18.320 0.0000000000
136094  3.805  -69.557  7.933 0.0000000000
20493  5.182  -70.593  7.666 0.0000000000
20480  3.856  -70.308  8.486 0.0000000000
19387  3.811  -71.188  9.052 0.0000000000
18279  3.663  -72.754  9.067 0.0000000000
16095  0.106  -74.336  10.726 0.0000000000
16094  0.885  -74.276  10.936 0.0000000000
15036  0.446  -74.923  10.727 0.0000000000
14004  0.991  -76.570  10.427 0.0000000000
13084  1.392  -77.918  9.618 0.0000000000
12082  1.264  -78.813  9.567 0.0000000000
144954  0.534  -79.065  9.702 0.0000000000
10113  -0.366  -80.179  9.067 0.0000000000
10134  -0.391  -80.883  8.651 0.0000000000
13116  12.004  -76.753  4.967 0.0000000000
13132  11.399  -77.132  4.452 0.0000000000
13117  10.879  -76.726  4.781 0.0000000000
14050  9.623  -76.593  5.117 0.0000000000
14051  8.928  -76.851  5.110 0.0000000000
15099  9.065  -74.930  5.442 0.0000000000
132440  9.081  -75.907  5.346 0.0000000000
14052  8.167  -77.139  5.057 0.0000000000
14053  6.760  -76.760  5.090 0.0000000000
132950  6.265  -77.253  5.158 0.0000000000
14042  5.143  -76.550  5.935 0.0000000000
30342  14.697  -61.424  7.319 0.0000000000
144494  13.991  -61.510  7.214 0.0000000000
143915  14.170  -60.897  7.625 0.0000000000
32350  15.213  -59.400  7.432 0.0000000000
127246  14.477  -59.336  7.602 0.0000000000
32351  13.859  -59.688  7.915 0.0000000000
33331  12.832  -58.685  7.341 0.0000000000
34380  12.604  -57.943  6.959 0.0000000000
130347  8.906  -89.031  -9.367 0.0000000000
3661  9.759  -89.368  -9.180 0.0000000000
3660  11.331  -88.761  -8.246 0.0000000000
4269  11.433  -87.753  -8.021 0.0000000000
4268  12.358  -88.536  -7.706 0.0000000000
127550  13.132  -87.923  -7.653 0.0000000000
144443  13.886  -87.656  -8.371 0.0000000000
4880  13.888  -87.429  -9.148 0.0000000000
7713  8.480  -83.935  -1.194 0.0000000000
7730  8.648  -83.915  -1.901 0.0000000000
8555  8.641  -83.063  -1.655 0.0000000000
9432  8.704  -82.287  -4.845 0.0000000000
9400  10.002  -81.844  -2.952 0.0000000000
8593  9.207  -82.128  -4.268 0.0000000000
8619  8.049  -82.360  -5.492 0.0000000000
9458  7.359  -81.313  -6.524 0.0000000000
10352  6.610  -80.985  -6.710 0.0000000000
135055  5.298  -81.073  -6.936 0.0000000000
9364  5.157  -81.812  0.831 0.0000000000
146491  4.936  -82.671  -0.758 0.0000000000
8543  4.687  -82.892  -0.116 0.0000000000
7701  4.043  -84.037  -0.974 0.0000000000
6886  3.578  -84.500  -1.569 0.0000000000
6878  3.178  -84.915  -0.750 0.0000000000
6887  2.997  -85.101  -1.721 0.0000000000
6905  2.894  -85.150  -2.346 0.0000000000
6137  1.462  -85.725  -3.048 0.0000000000
6138  0.716  -86.072  -3.914 0.0000000000
6150  -0.003  -86.250  -4.405 0.0000000000
6937  -0.254  -85.893  -4.842 0.0000000000
6151  -0.209  -86.029  -3.918 0.0000000000
6924  -0.412  -85.174  -3.850 0.0000000000
7746  -0.347  -83.850  -4.172 0.0000000000
6889  -1.010  -84.976  -1.918 0.0000000000
7735  -0.683  -84.232  -2.400 0.0000000000
126348  -0.333  -82.904  -3.658 0.0000000000
8581  -0.233  -82.257  -3.548 0.0000000000
9414  0.898  -81.263  -3.554 0.0000000000
22549  5.912  -68.568  13.025 0.0000000000
131517  5.558  -68.231  12.919 0.0000000000
23625  6.014  -67.591  13.040 0.0000000000
24682  6.092  -66.710  13.081 0.0000000000
25773  6.052  -65.996  13.164 0.0000000000
25792  6.824  -66.165  11.848 0.0000000000
25793  6.334  -65.752  12.508 0.0000000000
26921  5.837  -65.349  13.041 0.0000000000
26922  5.207  -64.985  13.202 0.0000000000
28027  4.998  -64.215  12.888 0.0000000000
28028  4.384  -63.776  13.053 0.0000000000
33337  5.379  -58.729  7.702 0.0000000000
32358  4.940  -59.289  7.745 0.0000000000
32330  4.081  -59.080  8.191 0.0000000000
33303  3.138  -58.821  9.221 0.0000000000
137029  2.799  -58.327  10.421 0.0000000000
33258  3.327  -57.404  11.296 0.0000000000
39814  16.202  -52.024  5.398 0.0000000000
39815  15.319  -52.338  5.044 0.0000000000
39816  14.450  -52.476  4.925 0.0000000000
129578  13.918  -51.976  5.169 0.0000000000
135859  11.554  -51.968  5.855 0.0000000000
1671  1.465  -94.827  -9.395 0.0000000000
2116  1.063  -93.132  -10.020 0.0000000000
2605  1.895  -92.247  -11.226 0.0000000000
2595  0.698  -92.622  -9.460 0.0000000000
2586  0.501  -91.777  -9.025 0.0000000000
2579  0.284  -91.819  -8.268 0.0000000000
139763  0.131  -92.648  -6.188 0.0000000000
3074  0.223  -90.930  -7.803 0.0000000000
124814  -0.027  -91.476  -6.401 0.0000000000
2552  -0.081  -90.657  -5.202 0.0000000000
3041  -0.153  -90.272  -4.403 0.0000000000
139895  1.687  -92.666  5.092 0.0000000000
1492  2.290  -93.201  7.373 0.0000000000
1973  1.957  -92.265  5.693 0.0000000000
136790  1.730  -91.736  5.126 0.0000000000
130492  -0.420  -91.050  4.179 0.0000000000
2947  -1.038  -90.702  3.587 0.0000000000
3534  -1.004  -89.525  3.659 0.0000000000
3521  -0.695  -89.598  4.210 0.0000000000
4097  0.151  -89.212  5.076 0.0000000000
4096  0.696  -88.631  5.398 0.0000000000
3492  0.616  -89.719  7.032 0.0000000000
139173  0.620  -88.994  6.822 0.0000000000
4074  0.836  -88.486  6.339 0.0000000000
4053  1.334  -88.491  7.000 0.0000000000
4697  1.893  -88.635  7.810 0.0000000000
4685  2.259  -88.525  8.681 0.0000000000
6672  0.609  -84.150  18.038 0.0000000000
5923  1.393  -85.484  16.639 0.0000000000
130689  1.297  -84.780  16.629 0.0000000000
6687  2.105  -84.991  16.306 0.0000000000
6686  2.985  -85.334  16.137 0.0000000000
6719  2.021  -84.091  14.360 0.0000000000
6701  3.458  -84.666  15.596 0.0000000000
140924  4.279  -84.946  15.760 0.0000000000
5935  5.380  -85.452  15.342 0.0000000000
5944  7.101  -85.000  14.197 0.0000000000
6735  8.101  -84.987  12.951 0.0000000000
6738  8.698  -84.477  12.427 0.0000000000
6727  8.440  -84.247  13.412 0.0000000000
7536  9.028  -83.023  13.323 0.0000000000
8352  9.277  -82.363  13.212 0.0000000000
146686  6.950  -81.469  13.312 0.0000000000
9196  7.842  -81.618  13.646 0.0000000000
139260  9.717  -81.563  12.960 0.0000000000
10064  9.873  -80.585  12.753 0.0000000000
11028  9.420  -79.173  11.855 0.0000000000
12024  9.846  -78.403  11.284 0.0000000000
30220  5.424  -61.249  14.990 0.0000000000
125684  4.470  -61.269  15.381 0.0000000000
143282  5.675  -62.477  15.397 0.0000000000
26890  5.831  -63.959  15.847 0.0000000000
26869  5.889  -64.828  15.987 0.0000000000
26888  7.149  -64.537  15.784 0.0000000000
25726  6.747  -65.796  16.025 0.0000000000
129017  5.944  -66.710  16.303 0.0000000000
145886  6.149  -68.108  16.658 0.0000000000
21420  6.248  -69.376  16.811 0.0000000000
19300  6.661  -71.761  16.552 0.0000000000
17057  6.640  -73.599  16.465 0.0000000000
18198  7.249  -72.359  16.483 0.0000000000
18197  8.084  -72.179  16.389 0.0000000000
19314  8.917  -71.990  16.086 0.0000000000
149321  8.972  -70.286  15.790 0.0000000000
19313  9.734  -71.724  15.577 0.0000000000
18214  9.637  -72.841  15.651 0.0000000000
19326  10.536  -72.561  14.880 0.0000000000
18225  10.552  -73.337  14.308 0.0000000000
18236  11.026  -72.999  12.884 0.0000000000
136811  10.104  -72.874  12.492 0.0000000000
19339  11.595  -72.334  13.299 0.0000000000
128416  11.976  -71.753  13.005 0.0000000000
21488  12.449  -70.161  13.541 0.0000000000
20425  12.826  -70.352  12.494 0.0000000000
21495  13.501  -69.744  11.965 0.0000000000
22556  14.076  -69.242  11.658 0.0000000000
28062  14.588  -63.719  9.745 0.0000000000
138855  15.504  -63.860  9.890 0.0000000000
135558  16.745  -63.077  10.013 0.0000000000
26962  18.244  -65.265  9.509 0.0000000000
25830  18.564  -65.626  8.822 0.0000000000
25855  18.389  -65.525  7.760 0.0000000000
149612  19.247  -64.529  8.620 0.0000000000
26970  19.577  -63.887  8.531 0.0000000000
28090  19.878  -63.145  8.446 0.0000000000
150144  19.671  -62.800  9.519 0.0000000000
29207  20.223  -62.817  9.023 0.0000000000
132827  20.965  -61.388  8.960 0.0000000000
31345  21.371  -60.674  9.198 0.0000000000
275  11.891  -98.514  -7.473 0.0000000000
129  12.118  -98.900  -8.287 0.0000000000
126580  12.405  -98.140  -8.603 0.0000000000
1700  11.019  -93.479  -12.389 0.0000000000
1701  10.545  -94.305  -12.804 0.0000000000
1277  9.496  -94.964  -14.727 0.0000000000
2170  9.950  -93.057  -15.939 0.0000000000
2171  9.776  -93.436  -15.844 0.0000000000
1282  9.617  -94.762  -15.266 0.0000000000
1288  9.808  -94.057  -16.836 0.0000000000
144457  10.644  -93.635  -17.382 0.0000000000
1730  12.214  -93.390  -17.450 0.0000000000
1729  13.111  -93.036  -17.821 0.0000000000
1733  12.347  -93.186  -18.308 0.0000000000
2191  12.860  -92.941  -19.003 0.0000000000
2198  13.393  -92.252  -19.250 0.0000000000
2200  11.451  -92.061  -19.132 0.0000000000
2653  12.132  -91.721  -19.339 0.0000000000
2660  13.854  -91.730  -19.809 0.0000000000
3161  14.346  -90.575  -18.524 0.0000000000
7018  7.683  -84.963  -8.903 0.0000000000
6225  7.915  -85.231  -9.680 0.0000000000
142344  7.784  -85.807  -10.354 0.0000000000
5533  7.603  -86.657  -11.588 0.0000000000
5553  7.958  -87.004  -12.496 0.0000000000
4918  8.348  -87.319  -13.261 0.0000000000
4945  8.223  -87.326  -14.356 0.0000000000
5585  8.642  -86.863  -14.728 0.0000000000
131274  14.697  -85.227  -18.462 0.0000000000
21513  2.173  -69.420  11.077 0.0000000000
20454  2.449  -70.254  10.691 0.0000000000
130509  1.677  -70.262  11.437 0.0000000000
20443  1.144  -70.975  11.722 0.0000000000
19359  0.497  -71.484  11.476 0.0000000000
128354  -0.221  -69.991  11.706 0.0000000000
19360  -0.053  -71.267  11.300 0.0000000000
18253  -0.016  -71.981  11.082 0.0000000000
17127  -0.087  -73.443  10.567 0.0000000000
17141  -0.418  -73.707  10.091 0.0000000000
10242  12.344  -80.533  0.034 0.0000000000
10259  12.229  -79.950  -0.730 0.0000000000
11195  12.057  -79.191  -0.995 0.0000000000
12213  10.838  -78.526  -0.898 0.0000000000
12215  9.125  -78.750  -0.798 0.0000000000
131694  10.813  -78.098  0.507 0.0000000000
139214  9.078  -78.554  -0.036 0.0000000000
11175  8.270  -79.008  -0.058 0.0000000000
11176  7.392  -79.473  0.333 0.0000000000
10243  6.180  -80.595  0.245 0.0000000000
12151  10.641  -77.433  4.056 0.0000000000
148101  9.939  -77.594  3.776 0.0000000000
12153  8.804  -77.988  3.317 0.0000000000
11129  7.621  -78.361  4.330 0.0000000000
11145  7.899  -78.411  3.499 0.0000000000
137270  7.784  -78.461  2.619 0.0000000000
11161  6.561  -79.495  1.641 0.0000000000
10229  6.021  -80.169  1.296 0.0000000000
10244  5.633  -81.022  1.026 0.0000000000
9350  5.122  -81.402  1.671 0.0000000000
9351  4.595  -82.187  1.578 0.0000000000
8518  3.909  -82.779  2.003 0.0000000000
9328  4.864  -81.387  4.189 0.0000000000
8508  3.716  -82.684  2.941 0.0000000000
7674  3.283  -83.519  2.434 0.0000000000
7675  2.705  -84.017  3.065 0.0000000000
130086  2.095  -84.493  3.510 0.0000000000
6826  1.597  -84.578  4.283 0.0000000000
26972  9.200  -65.262  7.662 0.0000000000
25861  9.835  -65.121  7.246 0.0000000000
26988  8.816  -64.171  7.441 0.0000000000
28117  8.681  -63.291  7.270 0.0000000000
144452  10.010  -63.092  6.605 0.0000000000
29243  9.347  -62.780  6.762 0.0000000000
29245  7.788  -62.051  7.381 0.0000000000
30345  7.379  -61.100  6.969 0.0000000000
32375  7.145  -60.038  6.857 0.0000000000
135616  10.974  -60.703  6.346 0.0000000000
32372  11.071  -59.940  6.801 0.0000000000
31406  10.315  -60.472  6.249 0.0000000000
31408  8.552  -59.991  6.357 0.0000000000
135085  7.851  -59.470  6.614 0.0000000000
32356  6.284  -59.736  7.167 0.0000000000
33336  6.236  -58.605  7.438 0.0000000000
33300  6.366  -58.218  8.492 0.0000000000
33276  6.636  -58.204  9.750 0.0000000000
33274  8.547  -58.139  9.533 0.0000000000
33255  6.322  -57.934  10.555 0.0000000000
34331  6.851  -57.454  10.819 0.0000000000
35436  6.640  -57.038  11.200 0.0000000000
35456  6.403  -56.567  10.784 0.0000000000
3370  0.090  -88.768  16.511 0.0000000000
5235  0.335  -86.595  18.176 0.0000000000
5910  0.406  -85.573  18.920 0.0000000000
132621  4.254  -84.629  18.779 0.0000000000
5898  2.566  -85.423  18.897 0.0000000000
144445  1.677  -84.945  19.053 0.0000000000
6660  0.921  -84.509  19.175 0.0000000000
7469  0.819  -83.728  18.389 0.0000000000
7481  0.881  -83.229  17.761 0.0000000000
8300  1.476  -82.794  16.888 0.0000000000
8327  3.063  -81.945  15.613 0.0000000000
8315  4.941  -82.252  16.481 0.0000000000
8326  4.347  -81.873  15.665 0.0000000000
8343  2.847  -81.981  14.780 0.0000000000
9187  3.707  -81.544  13.825 0.0000000000
9215  2.623  -80.834  12.656 0.0000000000
10068  1.449  -81.077  12.430 0.0000000000
32259  5.571  -59.313  14.777 0.0000000000
31275  6.224  -59.469  14.353 0.0000000000
30232  7.067  -60.264  14.317 0.0000000000
30231  7.902  -60.743  13.659 0.0000000000
31286  8.393  -59.985  13.136 0.0000000000
30241  8.490  -60.635  13.041 0.0000000000
29131  8.399  -61.631  14.383 0.0000000000
29130  9.172  -62.016  14.102 0.0000000000
28001  10.030  -62.640  13.640 0.0000000000
28012  10.821  -63.308  13.138 0.0000000000
26908  11.266  -64.182  13.697 0.0000000000
28025  10.873  -63.982  11.131 0.0000000000
141179  11.372  -64.410  10.401 0.0000000000
30298  10.512  -62.252  9.687 0.0000000000
28066  11.128  -63.602  9.114 0.0000000000
26951  11.522  -64.372  9.444 0.0000000000
28065  11.768  -63.788  8.690 0.0000000000
28064  12.956  -63.889  9.173 0.0000000000
29197  13.611  -63.048  9.760 0.0000000000
29196  14.373  -62.985  9.778 0.0000000000
30296  15.316  -61.796  9.998 0.0000000000
147748  9.272  -95.262  -7.887 0.0000000000
837  9.970  -95.429  -7.656 0.0000000000
1221  10.838  -94.589  -7.971 0.0000000000
1643  10.111  -93.772  -7.829 0.0000000000
1229  11.268  -94.400  -8.348 0.0000000000
1237  11.480  -94.608  -9.097 0.0000000000
129935  11.470  -93.819  -11.057 0.0000000000
3069  11.157  -90.485  -8.194 0.0000000000
149090  11.515  -91.286  -7.776 0.0000000000
2572  12.378  -91.661  -7.796 0.0000000000
2571  12.875  -90.922  -8.071 0.0000000000
2581  12.932  -91.492  -8.326 0.0000000000
2097  12.442  -92.346  -8.049 0.0000000000
1664  12.285  -93.232  -9.277 0.0000000000
1690  11.427  -93.187  -11.736 0.0000000000
2145  11.286  -92.737  -12.419 0.0000000000
2619  11.643  -91.993  -12.480 0.0000000000
2622  11.583  -91.592  -13.232 0.0000000000
3139  12.607  -90.605  -12.352 0.0000000000
3143  12.187  -90.799  -13.149 0.0000000000
3151  11.722  -90.920  -14.680 0.0000000000
144565  11.611  -89.822  -15.698 0.0000000000
146930  1.576  -88.161  -12.868 0.0000000000
4938  3.026  -88.176  -13.287 0.0000000000
5572  2.366  -87.566  -13.373 0.0000000000
6270  2.460  -85.801  -14.157 0.0000000000
6279  2.651  -84.235  -15.566 0.0000000000
7068  1.876  -83.800  -15.082 0.0000000000
6292  3.411  -84.445  -16.155 0.0000000000
146303  3.984  -82.580  -16.655 0.0000000000
7870  4.724  -82.289  -16.482 0.0000000000
35486  17.808  -57.007  6.855 0.0000000000
35504  18.397  -56.453  6.899 0.0000000000
36613  18.121  -55.623  6.692 0.0000000000
37692  18.199  -54.724  6.718 0.0000000000
37671  18.955  -54.393  7.047 0.0000000000
38756  17.176  -53.428  6.300 0.0000000000
39797  16.842  -52.601  5.875 0.0000000000
5449  10.071  -86.597  -5.016 0.0000000000
5438  10.395  -85.838  -4.572 0.0000000000
6929  10.580  -84.472  -5.136 0.0000000000
6135  10.332  -84.820  -4.175 0.0000000000
7763  10.439  -83.981  -5.672 0.0000000000
6955  9.329  -84.031  -6.439 0.0000000000
148340  8.405  -84.381  -7.686 0.0000000000
7738  8.550  -83.930  -2.655 0.0000000000
6912  8.022  -84.022  -3.432 0.0000000000
6920  7.319  -84.314  -4.236 0.0000000000
7765  5.957  -83.915  -5.007 0.0000000000
6932  6.689  -84.799  -4.885 0.0000000000
6957  7.085  -85.163  -5.592 0.0000000000
126942  7.499  -84.935  -6.419 0.0000000000
6982  7.545  -84.749  -7.329 0.0000000000
145324  7.287  -84.896  -7.840 0.0000000000
6203  7.006  -85.155  -8.257 0.0000000000
6228  5.405  -86.409  -8.788 0.0000000000
6206  4.621  -86.245  -8.658 0.0000000000
5493  4.748  -87.109  -9.320 0.0000000000
5513  3.872  -87.216  -9.895 0.0000000000
5536  3.191  -87.610  -10.993 0.0000000000
5537  2.337  -88.278  -11.612 0.0000000000
11224  10.508  -79.381  -2.598 0.0000000000
11225  9.671  -79.269  -2.874 0.0000000000
11234  8.441  -79.455  -3.709 0.0000000000
11228  6.973  -79.957  -2.589 0.0000000000
11235  7.304  -79.698  -3.640 0.0000000000
11254  7.198  -79.961  -4.631 0.0000000000
10314  6.324  -80.194  -4.720 0.0000000000
10336  5.148  -80.681  -5.573 0.0000000000
10354  4.809  -80.973  -6.268 0.0000000000
8556  4.797  -82.759  -1.512 0.0000000000
136294  4.747  -82.507  -2.199 0.0000000000
8579  4.127  -82.127  -3.798 0.0000000000
7739  3.208  -83.507  -4.112 0.0000000000
8597  3.534  -82.497  -4.368 0.0000000000
9449  3.348  -81.921  -5.364 0.0000000000
8634  3.101  -81.793  -6.411 0.0000000000
9462  3.694  -81.434  -7.029 0.0000000000
8645  3.222  -82.186  -7.957 0.0000000000
7819  2.504  -83.431  -9.019 0.0000000000
7820  2.396  -84.159  -9.750 0.0000000000
7022  1.794  -84.887  -9.879 0.0000000000
7031  1.983  -85.557  -10.267 0.0000000000
6245  2.176  -86.621  -10.389 0.0000000000
5514  1.803  -88.010  -10.978 0.0000000000
143837  1.327  -88.739  -11.859 0.0000000000
4926  0.442  -88.394  -12.177 0.0000000000
5556  0.233  -87.785  -12.138 0.0000000000
6264  0.343  -86.181  -12.033 0.0000000000
6247  -1.136  -86.910  -10.380 0.0000000000
7043  -0.743  -85.718  -10.597 0.0000000000
7042  -0.265  -85.023  -11.440 0.0000000000
7843  -0.235  -83.729  -11.943 0.0000000000
7844  -0.578  -83.074  -11.224 0.0000000000
6961  -0.685  -85.546  -6.174 0.0000000000
124766  -0.661  -84.491  -6.667 0.0000000000
7807  -0.602  -83.574  -7.633 0.0000000000
8637  -0.301  -82.259  -6.464 0.0000000000
8651  -0.741  -82.617  -8.600 0.0000000000
21557  9.148  -69.505  6.876 0.0000000000
20502  8.834  -69.978  6.359 0.0000000000
21566  8.321  -69.318  6.739 0.0000000000
21568  6.640  -68.923  6.643 0.0000000000
21569  5.749  -69.141  6.699 0.0000000000
137464  6.443  -68.060  7.771 0.0000000000
22607  5.365  -67.923  6.845 0.0000000000
21560  4.253  -68.988  7.265 0.0000000000
21551  3.541  -68.790  7.882 0.0000000000
22597  2.958  -68.474  8.498 0.0000000000
22584  2.520  -68.113  9.302 0.0000000000
23636  4.974  -67.703  12.351 0.0000000000
23648  4.584  -66.677  11.726 0.0000000000
24704  4.429  -66.446  10.179 0.0000000000
25794  3.635  -65.819  11.392 0.0000000000
25816  3.783  -65.849  10.211 0.0000000000
145816  3.719  -65.963  9.708 0.0000000000
24719  2.826  -66.353  9.584 0.0000000000
22573  2.424  -67.250  10.045 0.0000000000
146875  2.361  -68.425  10.531 0.0000000000
22563  1.515  -68.218  12.023 0.0000000000
22551  1.011  -68.250  12.797 0.0000000000
22552  0.570  -67.934  12.931 0.0000000000
24686  1.134  -66.536  13.351 0.0000000000
23629  0.432  -67.158  13.195 0.0000000000
23630  0.065  -67.629  12.935 0.0000000000
24696  -0.462  -66.706  12.361 0.0000000000
26973  8.391  -64.857  7.923 0.0000000000
144646  6.878  -64.519  9.355 0.0000000000
28079  5.773  -63.353  9.864 0.0000000000
28068  5.689  -64.088  10.693 0.0000000000
129519  5.329  -63.478  10.728 0.0000000000
28050  4.672  -63.449  12.211 0.0000000000
29155  4.129  -62.972  12.520 0.0000000000
31371  4.456  -59.905  8.233 0.0000000000
31347  4.170  -60.452  9.081 0.0000000000
31331  3.923  -60.739  10.088 0.0000000000
145251  2.323  -59.798  11.576 0.0000000000
31316  2.770  -60.586  11.525 0.0000000000
30300  3.618  -61.042  10.950 0.0000000000
30284  3.245  -61.455  11.678 0.0000000000
29156  3.351  -62.600  12.795 0.0000000000
28030  2.898  -63.013  13.362 0.0000000000
28014  1.887  -63.077  13.672 0.0000000000
29139  0.769  -62.672  14.138 0.0000000000
29133  -0.284  -63.105  14.242 0.0000000000
28016  -0.737  -63.528  13.929 0.0000000000
34398  15.338  -57.115  6.730 0.0000000000
36615  15.987  -55.707  6.511 0.0000000000
34400  13.606  -57.420  6.700 0.0000000000
37716  14.715  -54.206  5.347 0.0000000000
36632  14.060  -54.783  5.480 0.0000000000
37718  12.836  -54.154  5.540 0.0000000000
36633  13.248  -54.884  5.456 0.0000000000
36618  12.876  -55.699  5.633 0.0000000000
35510  12.420  -56.497  5.984 0.0000000000
35487  11.836  -57.171  6.535 0.0000000000
35472  10.477  -57.423  7.650 0.0000000000
35473  9.914  -56.956  8.445 0.0000000000
35474  9.514  -56.562  9.065 0.0000000000
37651  9.873  -55.128  8.242 0.0000000000
36563  8.372  -56.001  9.997 0.0000000000
131228  7.027  -56.010  10.109 0.0000000000
122  9.723  -98.832  -6.615 0.0000000000
128845  7.865  -98.459  -7.023 0.0000000000
278  8.763  -98.245  -7.384 0.0000000000
531  8.250  -96.715  -8.050 0.0000000000
147  4.721  -98.049  -9.392 0.0000000000
146  5.924  -98.335  -9.707 0.0000000000
559  5.433  -96.734  -11.548 0.0000000000
303  6.061  -97.891  -10.461 0.0000000000
296  6.588  -97.934  -9.676 0.0000000000
540  7.175  -96.882  -9.690 0.0000000000
532  7.787  -96.176  -8.816 0.0000000000
847  8.537  -95.617  -8.218 0.0000000000
848  8.085  -95.015  -9.047 0.0000000000
147073  8.440  -94.076  -8.892 0.0000000000
1655  8.392  -93.102  -9.332 0.0000000000
1680  7.013  -93.694  -11.325 0.0000000000
136891  8.124  -92.360  -10.043 0.0000000000
129996  8.158  -91.728  -10.159 0.0000000000
2591  8.467  -91.136  -9.953 0.0000000000
3101  8.416  -90.397  -9.912 0.0000000000
2604  2.888  -91.572  -11.394 0.0000000000
2603  3.972  -91.407  -11.277 0.0000000000
3122  4.561  -90.712  -10.722 0.0000000000
3106  3.491  -90.039  -9.786 0.0000000000
3105  5.093  -90.065  -10.209 0.0000000000
3104  6.130  -89.974  -10.392 0.0000000000
3103  7.111  -90.009  -10.525 0.0000000000
145542  7.531  -89.676  -10.006 0.0000000000
3676  8.235  -89.634  -9.717 0.0000000000
3662  8.174  -89.013  -9.165 0.0000000000
4285  8.525  -88.331  -8.702 0.0000000000
4273  7.699  -88.286  -7.817 0.0000000000
4275  5.793  -88.566  -7.251 0.0000000000
142925  7.192  -88.261  -7.096 0.0000000000
4253  7.796  -87.935  -7.019 0.0000000000
4866  8.057  -87.731  -6.233 0.0000000000
140487  7.634  -87.797  -5.473 0.0000000000
130819  7.914  -87.625  -4.810 0.0000000000
125495  0.101  -93.338  -2.083 0.0000000000
2548  0.279  -91.487  -3.327 0.0000000000
3013  -0.295  -90.476  -3.042 0.0000000000
1547  0.885  -93.985  3.085 0.0000000000
2018  0.728  -92.653  1.026 0.0000000000
148316  1.069  -91.693  2.046 0.0000000000
2023  0.823  -91.827  0.954 0.0000000000
2024  0.692  -92.431  0.327 0.0000000000
2511  0.440  -91.165  -1.099 0.0000000000
129874  -0.674  -90.476  -2.176 0.0000000000
3619  -0.380  -89.793  -4.103 0.0000000000
4232  1.175  -88.838  -4.457 0.0000000000
147239  2.054  -88.552  -4.327 0.0000000000
4230  3.867  -88.125  -4.705 0.0000000000
131807  2.108  -88.448  -3.034 0.0000000000
4217  3.365  -88.032  -3.828 0.0000000000
4229  4.688  -87.928  -4.449 0.0000000000
4856  6.261  -88.011  -4.895 0.0000000000
4855  7.153  -87.805  -4.777 0.0000000000
4828  8.375  -87.179  -3.345 0.0000000000
4813  7.723  -87.138  -2.546 0.0000000000
4794  5.496  -87.127  -1.836 0.0000000000
4792  7.225  -87.148  -1.797 0.0000000000
5406  8.042  -86.609  -1.860 0.0000000000
6103  8.273  -86.065  -1.233 0.0000000000
6091  7.739  -86.108  -0.594 0.0000000000
6090  8.350  -85.324  -0.713 0.0000000000
4133  1.534  -88.496  2.448 0.0000000000
4132  2.621  -88.116  2.291 0.0000000000
4758  4.277  -87.321  1.506 0.0000000000
4751  4.020  -87.533  2.912 0.0000000000
138608  4.404  -87.272  2.404 0.0000000000
146268  4.969  -87.037  1.353 0.0000000000
6080  5.994  -86.066  0.973 0.0000000000
6877  7.995  -84.836  -0.036 0.0000000000
6865  8.224  -84.111  0.140 0.0000000000
7690  8.329  -83.940  0.711 0.0000000000
7680  8.917  -83.677  0.979 0.0000000000
6842  7.688  -84.972  2.560 0.0000000000
7673  8.336  -84.517  2.282 0.0000000000
8517  9.661  -83.321  0.908 0.0000000000
8516  10.334  -83.335  1.287 0.0000000000
8527  10.821  -82.671  0.673 0.0000000000
8515  11.188  -83.022  1.539 0.0000000000
3410  0.848  -89.217  12.985 0.0000000000
3427  1.409  -89.233  12.120 0.0000000000
3412  0.513  -88.829  11.870 0.0000000000
3990  0.292  -88.554  13.500 0.0000000000
3997  0.759  -88.553  12.030 0.0000000000
4015  0.685  -88.655  10.781 0.0000000000
4661  1.336  -88.467  10.619 0.0000000000
4671  1.802  -88.541  9.391 0.0000000000
4684  3.329  -88.392  8.730 0.0000000000
5247  2.245  -86.692  16.252 0.0000000000
4597  1.933  -87.422  15.420 0.0000000000
4620  2.528  -87.558  13.537 0.0000000000
129681  3.752  -87.457  13.503 0.0000000000
4627  2.975  -87.722  12.695 0.0000000000
137544  2.344  -87.826  12.068 0.0000000000
137504  3.635  -88.167  10.923 0.0000000000
4669  3.801  -88.272  9.529 0.0000000000
4683  4.439  -88.102  8.811 0.0000000000
147127  5.598  -87.285  7.747 0.0000000000
5330  6.321  -86.821  6.812 0.0000000000
6010  7.691  -85.839  6.171 0.0000000000
6004  7.546  -85.950  8.007 0.0000000000
130827  8.256  -85.404  6.744 0.0000000000
6813  8.646  -84.882  4.758 0.0000000000
134476  9.641  -84.231  4.353 0.0000000000
8506  11.288  -83.251  2.531 0.0000000000
8514  11.791  -82.481  2.026 0.0000000000
9348  12.199  -81.410  1.584 0.0000000000
9335  12.523  -80.917  2.393 0.0000000000
10206  12.840  -80.507  2.946 0.0000000000
8453  11.484  -82.522  5.899 0.0000000000
9303  12.343  -81.319  4.703 0.0000000000
10205  13.117  -79.838  3.157 0.0000000000
11135  13.411  -79.173  3.373 0.0000000000
12142  13.445  -78.632  4.285 0.0000000000
12128  13.521  -78.540  5.140 0.0000000000
128180  9.747  -84.013  11.187 0.0000000000
8412  11.112  -83.004  9.461 0.0000000000
9261  11.955  -82.027  8.907 0.0000000000
9236  12.528  -81.268  10.816 0.0000000000
9260  12.464  -81.344  8.740 0.0000000000
10149  12.953  -80.598  7.632 0.0000000000
10148  13.418  -79.817  7.149 0.0000000000
12111  13.979  -78.306  5.994 0.0000000000
13114  13.623  -77.788  5.755 0.0000000000
13107  13.171  -77.066  6.013 0.0000000000
15085  12.593  -75.897  5.994 0.0000000000
142937  12.999  -75.044  5.815 0.0000000000
15075  14.494  -75.800  7.676 0.0000000000
15095  13.661  -74.390  6.037 0.0000000000
16137  12.739  -74.268  5.631 0.0000000000
17202  11.640  -72.943  5.553 0.0000000000
18303  11.655  -71.781  6.183 0.0000000000
19404  11.262  -71.002  6.411 0.0000000000
11972  3.708  -78.013  15.586 0.0000000000
13900  2.725  -76.482  15.829 0.0000000000
11973  2.789  -77.859  14.955 0.0000000000
11988  3.714  -78.455  14.790 0.0000000000
128508  2.759  -79.306  13.639 0.0000000000
11004  1.443  -79.686  13.362 0.0000000000
11019  -0.146  -80.188  12.230 0.0000000000
21444  0.275  -69.107  15.341 0.0000000000
29100  3.869  -62.954  15.701 0.0000000000
26872  3.419  -64.575  15.806 0.0000000000
26873  2.439  -64.588  15.983 0.0000000000
23596  3.655  -67.602  15.778 0.0000000000
23582  3.151  -66.786  15.629 0.0000000000
24649  2.061  -66.756  15.448 0.0000000000
23598  1.408  -67.555  14.815 0.0000000000
21469  0.372  -69.378  14.720 0.0000000000
19319  -0.481  -71.319  14.777 0.0000000000
19342  -0.415  -71.948  14.309 0.0000000000
17105  -0.012  -73.251  13.708 0.0000000000
15000  -0.030  -75.089  13.290 0.0000000000
16066  2.130  -74.496  13.416 0.0000000000
15017  0.760  -75.558  12.784 0.0000000000
13966  0.480  -76.402  12.761 0.0000000000
13015  0.497  -77.604  12.637 0.0000000000
12010  0.330  -78.860  12.131 0.0000000000
11031  1.250  -80.318  10.776 0.0000000000
10086  2.740  -80.129  10.744 0.0000000000
11045  4.888  -79.873  10.136 0.0000000000
10097  6.147  -80.155  10.330 0.0000000000
13032  5.353  -78.293  11.354 0.0000000000
12046  6.297  -78.856  10.258 0.0000000000
10096  6.915  -79.820  10.492 0.0000000000
11041  8.099  -79.083  10.564 0.0000000000
12025  8.773  -78.476  10.655 0.0000000000
143257  9.381  -78.260  10.495 0.0000000000
14942  7.397  -75.240  16.304 0.0000000000
13919  7.605  -76.941  14.871 0.0000000000
12989  8.101  -77.452  12.623 0.0000000000
14995  8.996  -76.062  13.989 0.0000000000
13961  8.743  -76.871  12.283 0.0000000000
13029  8.221  -77.424  11.504 0.0000000000
13989  8.359  -77.497  10.360 0.0000000000
13063  9.573  -76.917  10.079 0.0000000000
140464  10.801  -77.286  10.571 0.0000000000
14000  11.265  -75.969  10.126 0.0000000000
15051  11.779  -75.234  9.812 0.0000000000
16104  12.371  -74.504  9.344 0.0000000000
16105  10.448  -74.185  9.878 0.0000000000
17136  10.883  -74.012  9.553 0.0000000000
17153  12.250  -73.129  8.383 0.0000000000
18275  11.841  -72.348  8.122 0.0000000000
19394  11.230  -70.714  7.057 0.0000000000
20490  10.571  -70.232  6.800 0.0000000000
20478  9.718  -69.920  7.987 0.0000000000
20479  8.819  -69.770  8.449 0.0000000000
21536  7.861  -69.644  8.844 0.0000000000
19375  7.366  -71.367  10.145 0.0000000000
20464  7.031  -70.434  9.741 0.0000000000
20465  6.303  -69.934  9.883 0.0000000000
20452  6.090  -70.649  10.393 0.0000000000
20441  5.371  -70.335  11.658 0.0000000000
21499  5.904  -69.819  13.024 0.0000000000
19347  9.422  -72.201  12.158 0.0000000000
20427  8.623  -71.143  12.224 0.0000000000
20438  10.547  -70.713  11.581 0.0000000000
20428  7.746  -70.378  12.370 0.0000000000
21497  7.141  -69.693  12.403 0.0000000000
22548  6.650  -68.884  12.319 0.0000000000
22560  7.555  -68.209  11.773 0.0000000000
23634  8.009  -67.754  11.111 0.0000000000
23646  8.406  -67.480  10.473 0.0000000000
22569  9.610  -68.800  10.149 0.0000000000
23645  9.174  -68.040  9.948 0.0000000000
23657  8.904  -67.527  9.769 0.0000000000
24713  9.113  -67.087  9.141 0.0000000000
23667  9.770  -67.124  8.633 0.0000000000
24727  10.239  -66.696  8.014 0.0000000000
26907  11.985  -64.533  13.124 0.0000000000
25760  12.412  -65.481  13.311 0.0000000000
24680  13.125  -66.158  13.085 0.0000000000
130136  13.612  -65.833  12.567 0.0000000000
24670  13.249  -67.010  13.253 0.0000000000
22544  14.273  -68.464  12.151 0.0000000000
21505  14.221  -69.251  10.845 0.0000000000
25812  14.909  -65.382  10.321 0.0000000000
24701  15.353  -66.299  10.569 0.0000000000
24699  16.455  -66.711  9.697 0.0000000000
24700  15.864  -67.110  10.193 0.0000000000
23632  15.359  -67.446  10.965 0.0000000000
23643  15.162  -68.291  10.886 0.0000000000
21521  14.745  -68.926  10.498 0.0000000000
148498  14.288  -69.156  10.130 0.0000000000
21546  13.985  -69.092  9.467 0.0000000000
22578  13.315  -68.941  9.156 0.0000000000
22592  12.930  -68.530  8.672 0.0000000000
22603  14.788  -68.401  7.800 0.0000000000
23681  13.318  -68.272  8.066 0.0000000000
23664  12.484  -67.924  8.150 0.0000000000
23682  12.077  -67.168  7.725 0.0000000000
24747  10.810  -66.143  7.423 0.0000000000
25859  11.353  -65.599  6.977 0.0000000000
25875  11.880  -65.057  6.660 0.0000000000
25872  14.476  -65.795  6.693 0.0000000000
27007  13.370  -64.716  6.471 0.0000000000
126204  13.182  -63.996  6.418 0.0000000000
134428  14.339  -63.397  6.583 0.0000000000
29255  14.757  -62.757  6.854 0.0000000000
26983  18.565  -64.797  7.672 0.0000000000
26985  17.223  -64.325  7.022 0.0000000000
29242  15.156  -62.067  7.207 0.0000000000
31387  16.643  -60.528  7.389 0.0000000000
125667  18.189  -60.498  7.559 0.0000000000
32348  16.807  -59.733  7.323 0.0000000000
125670  17.996  -58.797  7.286 0.0000000000
125005  19.068  -57.575  7.336 0.0000000000
32300  21.522  -59.835  9.691 0.0000000000
31344  21.674  -59.958  8.956 0.0000000000
34325  20.644  -57.442  10.433 0.0000000000
32326  21.803  -59.291  8.749 0.0000000000
33295  21.519  -58.954  8.246 0.0000000000
33323  20.785  -58.510  7.731 0.0000000000
130029  22.046  -57.339  8.525 0.0000000000
34374  19.891  -58.045  7.485 0.0000000000
126062  19.885  -57.241  7.405 0.0000000000
35485  19.218  -56.714  7.230 0.0000000000
36593  21.498  -55.214  7.867 0.0000000000
37669  21.090  -54.451  7.760 0.0000000000
827  12.402  -95.663  -6.719 0.0000000000
1210  13.066  -94.901  -6.783 0.0000000000
843  13.352  -95.170  -8.312 0.0000000000
1220  13.610  -94.462  -7.412 0.0000000000
539  10.784  -98.341  -9.544 0.0000000000
548  10.768  -97.349  -10.045 0.0000000000
295  10.830  -98.423  -10.436 0.0000000000
309  11.831  -98.354  -11.209 0.0000000000
556  12.111  -97.603  -11.789 0.0000000000
125300  12.176  -96.697  -12.294 0.0000000000
1261  10.526  -95.277  -12.447 0.0000000000
880  10.092  -96.461  -12.905 0.0000000000
565  10.395  -97.127  -13.039 0.0000000000
894  10.442  -95.903  -14.767 0.0000000000
568  10.590  -96.969  -13.598 0.0000000000
879  11.283  -97.010  -13.360 0.0000000000
878  12.003  -96.431  -12.926 0.0000000000
1253  12.604  -95.603  -12.273 0.0000000000
1259  13.268  -94.405  -12.299 0.0000000000
1698  13.871  -93.064  -12.418 0.0000000000
2144  14.588  -92.187  -12.974 0.0000000000
1709  13.280  -92.918  -14.053 0.0000000000
2153  14.686  -91.822  -13.844 0.0000000000
2143  15.347  -92.011  -13.320 0.0000000000
2152  15.785  -92.584  -14.415 0.0000000000
2173  16.837  -93.318  -16.809 0.0000000000
124769  13.939  -92.810  -18.285 0.0000000000
2188  15.498  -92.247  -18.536 0.0000000000
5453  10.995  -86.237  -6.530 0.0000000000
5452  11.650  -85.521  -6.783 0.0000000000
6978  11.528  -84.492  -7.158 0.0000000000
6178  11.876  -85.149  -7.307 0.0000000000
5478  13.135  -86.100  -8.202 0.0000000000
140948  13.264  -86.144  -8.883 0.0000000000
5490  13.452  -86.672  -9.429 0.0000000000
6224  8.975  -85.019  -9.747 0.0000000000
6223  9.952  -84.938  -9.842 0.0000000000
142742  10.713  -84.907  -9.952 0.0000000000
6254  9.821  -86.186  -11.154 0.0000000000
6253  10.800  -86.134  -11.101 0.0000000000
129011  11.174  -85.317  -10.346 0.0000000000
5507  13.040  -86.709  -10.370 0.0000000000
147702  13.198  -87.327  -10.787 0.0000000000
143739  13.129  -87.714  -11.414 0.0000000000
4915  13.039  -88.006  -12.170 0.0000000000
4316  12.963  -88.857  -13.068 0.0000000000
4931  12.454  -87.578  -13.361 0.0000000000
138673  12.645  -88.119  -13.591 0.0000000000
4328  12.659  -88.564  -14.058 0.0000000000
4950  3.829  -88.045  -13.761 0.0000000000
4949  4.419  -88.299  -14.280 0.0000000000
4961  5.359  -87.721  -14.949 0.0000000000
5613  5.682  -86.214  -15.973 0.0000000000
4960  6.096  -87.137  -15.433 0.0000000000
5599  8.336  -86.441  -15.532 0.0000000000
6289  8.875  -85.930  -15.780 0.0000000000
7115  7.857  -82.698  -18.172 0.0000000000
143638  10.343  -81.595  -18.295 0.0000000000
7114  8.829  -81.979  -18.578 0.0000000000
140322  9.146  -85.226  -16.505 0.0000000000
6288  9.862  -85.673  -15.721 0.0000000000
6287  10.801  -85.536  -15.690 0.0000000000
6286  11.223  -85.747  -15.860 0.0000000000
5610  11.448  -86.075  -16.237 0.0000000000
5620  11.458  -85.776  -17.272 0.0000000000
4970  11.645  -86.958  -16.040 0.0000000000
130734  11.111  -87.225  -17.179 0.0000000000
4354  10.647  -88.206  -17.559 0.0000000000
3739  10.498  -89.275  -18.850 0.0000000000
3744  11.502  -89.012  -19.632 0.0000000000
136591  12.259  -88.050  -20.107 0.0000000000
4358  12.138  -88.693  -19.736 0.0000000000
3738  11.769  -89.523  -19.374 0.0000000000
3159  12.829  -90.249  -18.155 0.0000000000
3158  13.662  -90.233  -17.701 0.0000000000
5609  13.921  -86.635  -17.941 0.0000000000
19407  7.878  -71.465  6.406 0.0000000000
19408  7.132  -71.974  7.075 0.0000000000
17191  6.848  -73.501  6.919 0.0000000000
18293  5.546  -72.191  8.049 0.0000000000
129458  5.918  -72.872  7.787 0.0000000000
16126  6.321  -74.198  6.733 0.0000000000
16132  5.834  -74.932  6.504 0.0000000000
15088  4.712  -75.951  6.550 0.0000000000
14043  4.451  -76.747  6.425 0.0000000000
140025  2.833  -71.643  10.257 0.0000000000
18268  2.613  -72.487  10.334 0.0000000000
16107  2.909  -74.290  9.364 0.0000000000
16093  2.015  -74.190  10.379 0.0000000000
16119  2.875  -75.083  9.128 0.0000000000
16118  3.373  -74.679  8.546 0.0000000000
15078  3.666  -75.886  7.659 0.0000000000
14044  3.990  -76.949  6.942 0.0000000000
138206  4.004  -78.237  6.742 0.0000000000
12113  3.870  -78.919  6.941 0.0000000000
10166  3.927  -80.803  7.037 0.0000000000
9277  3.597  -81.621  7.208 0.0000000000
10132  2.303  -80.991  8.419 0.0000000000
9278  2.746  -81.699  7.862 0.0000000000
8456  3.482  -82.776  6.620 0.0000000000
6804  2.026  -84.076  5.880 0.0000000000
6805  1.027  -84.286  5.674 0.0000000000
6816  0.736  -84.611  4.898 0.0000000000
12096  -0.616  -78.657  8.306 0.0000000000
11084  -0.578  -79.506  7.787 0.0000000000
10168  -0.145  -80.905  7.228 0.0000000000
10167  0.809  -80.642  6.267 0.0000000000
9289  0.458  -81.714  6.485 0.0000000000
130427  0.332  -82.757  7.032 0.0000000000
8476  0.179  -83.564  5.721 0.0000000000
7652  0.076  -84.085  4.842 0.0000000000
6828  -0.004  -84.848  3.641 0.0000000000
6846  -0.105  -84.899  3.045 0.0000000000
6858  -0.059  -84.894  1.676 0.0000000000
7703  0.021  -84.003  -0.062 0.0000000000
7694  0.436  -83.689  0.519 0.0000000000
9405  1.518  -82.004  -2.831 0.0000000000
9413  2.008  -80.919  -3.366 0.0000000000
132  10.402  -99.037  -7.294 0.0000000000
133  8.768  -98.478  -7.027 0.0000000000
144  4.632  -98.177  -8.805 0.0000000000
149  5.515  -98.157  -9.862 0.0000000000
294  11.992  -99.019  -10.051 0.0000000000
301  12.017  -98.719  -10.569 0.0000000000
305  4.656  -97.327  -10.361 0.0000000000
312  5.795  -97.290  -11.084 0.0000000000
313  4.930  -97.123  -11.088 0.0000000000
516  12.018  -97.057  -7.147 0.0000000000
551  6.484  -96.544  -11.123 0.0000000000
569  10.116  -96.369  -14.245 0.0000000000
864  6.200  -96.023  -11.680 0.0000000000
874  3.859  -95.526  -11.718 0.0000000000
882  5.108  -95.489  -12.443 0.0000000000
891  9.520  -95.637  -14.284 0.0000000000
895  9.813  -95.823  -14.650 0.0000000000
896  9.619  -95.463  -14.578 0.0000000000
899  9.745  -95.003  -15.608 0.0000000000
1238  7.968  -94.097  -9.709 0.0000000000
1248  2.818  -95.049  -10.906 0.0000000000
1264  4.181  -94.482  -12.624 0.0000000000
1265  3.805  -94.761  -12.316 0.0000000000
1276  11.325  -95.521  -14.742 0.0000000000
1284  9.962  -94.649  -16.266 0.0000000000
1285  9.602  -94.208  -16.218 0.0000000000
1286  9.625  -93.636  -17.049 0.0000000000
1287  10.401  -94.238  -16.718 0.0000000000
1519  1.416  -93.739  5.271 0.0000000000
1569  1.045  -92.234  1.734 0.0000000000
1570  0.473  -93.533  1.532 0.0000000000
1642  10.798  -93.839  -7.853 0.0000000000
1658  1.207  -94.871  -8.843 0.0000000000
1676  14.128  -93.745  -10.615 0.0000000000
1691  6.489  -93.104  -11.840 0.0000000000
1693  3.380  -94.106  -12.171 0.0000000000
1702  5.889  -93.718  -12.233 0.0000000000
1703  5.235  -93.768  -12.543 0.0000000000
1720  9.769  -94.297  -14.817 0.0000000000
1723  9.907  -93.647  -15.389 0.0000000000
1724  9.657  -94.227  -15.368 0.0000000000
1727  9.519  -93.855  -16.035 0.0000000000
1736  9.791  -92.996  -18.002 0.0000000000
1949  2.486  -92.225  7.258 0.0000000000
1961  2.191  -92.636  6.513 0.0000000000
1962  1.699  -93.256  5.895 0.0000000000
1985  1.586  -91.753  4.444 0.0000000000
2028  0.611  -92.113  -0.652 0.0000000000
2047  0.387  -92.246  -2.613 0.0000000000
2055  0.244  -92.613  -3.566 0.0000000000
2076  0.223  -92.803  -7.039 0.0000000000
2106  0.620  -93.122  -8.767 0.0000000000
2111  12.629  -92.612  -8.923 0.0000000000
2120  12.405  -92.698  -9.873 0.0000000000
2125  1.375  -93.023  -10.733 0.0000000000
2131  11.772  -92.387  -11.769 0.0000000000
2132  6.768  -92.198  -11.564 0.0000000000
2136  3.788  -92.618  -12.517 0.0000000000
2137  2.713  -92.640  -11.894 0.0000000000
2146  4.986  -93.021  -12.628 0.0000000000
2147  4.265  -92.964  -12.855 0.0000000000
2151  15.947  -92.695  -13.539 0.0000000000
2154  13.986  -92.186  -13.658 0.0000000000
2155  10.793  -92.779  -13.991 0.0000000000
2160  16.079  -93.387  -15.453 0.0000000000
2162  13.883  -91.966  -14.370 0.0000000000
2165  16.527  -93.623  -16.172 0.0000000000
2169  12.550  -92.920  -15.926 0.0000000000
2180  9.469  -92.781  -17.082 0.0000000000
2185  9.531  -92.315  -17.418 0.0000000000
2186  9.515  -92.586  -17.473 0.0000000000
2189  14.592  -92.617  -18.774 0.0000000000
2193  9.986  -92.449  -18.319 0.0000000000
2199  12.473  -92.281  -19.230 0.0000000000
2201  10.549  -92.049  -18.726 0.0000000000
2202  14.794  -92.004  -19.901 0.0000000000
2394  2.732  -91.494  11.131 0.0000000000
2420  2.739  -91.483  8.556 0.0000000000
2454  1.316  -91.091  4.938 0.0000000000
2494  0.752  -91.443  1.577 0.0000000000
2535  0.233  -91.158  -2.643 0.0000000000
2551  0.054  -91.149  -4.674 0.0000000000
2559  0.039  -91.700  -5.480 0.0000000000
2568  0.106  -91.649  -7.433 0.0000000000
2573  12.009  -91.605  -7.586 0.0000000000
2593  1.284  -91.949  -10.597 0.0000000000
2600  6.814  -91.400  -11.355 0.0000000000
2612  5.371  -91.859  -11.992 0.0000000000
2643  9.722  -91.928  -17.166 0.0000000000
2652  13.108  -91.788  -19.570 0.0000000000
2659  14.386  -91.708  -19.961 0.0000000000
2852  2.687  -90.663  11.650 0.0000000000
2888  1.555  -90.515  7.000 0.0000000000
2889  0.572  -89.945  7.322 0.0000000000
2908  0.497  -90.272  6.487 0.0000000000
2920  1.019  -90.630  5.586 0.0000000000
2936  -0.722  -90.598  4.577 0.0000000000
2937  -0.959  -90.116  4.099 0.0000000000
2946  -0.073  -91.222  3.253 0.0000000000
2948  -1.186  -89.904  3.431 0.0000000000
2980  -0.651  -90.003  0.621 0.0000000000
3003  -1.134  -90.066  -1.808 0.0000000000
3014  -0.992  -90.057  -2.652 0.0000000000
3029  0.046  -90.719  -3.886 0.0000000000
3030  -0.581  -90.067  -3.551 0.0000000000
3051  -0.048  -90.483  -5.870 0.0000000000
3067  12.968  -90.241  -7.969 0.0000000000
3086  2.853  -89.947  -9.277 0.0000000000
3087  1.800  -90.334  -9.337 0.0000000000
3088  0.886  -90.834  -9.015 0.0000000000
3089  0.434  -91.123  -8.451 0.0000000000
3099  13.660  -90.486  -9.228 0.0000000000
3100  8.914  -90.622  -9.645 0.0000000000
3107  1.559  -90.903  -10.124 0.0000000000
3118  8.024  -90.796  -10.310 0.0000000000
3120  6.599  -90.587  -11.048 0.0000000000
3121  5.603  -90.563  -10.949 0.0000000000
3156  10.278  -91.056  -17.151 0.0000000000
3163  11.977  -90.391  -19.021 0.0000000000
3165  10.213  -90.697  -18.337 0.0000000000
3168  15.091  -90.560  -19.534 0.0000000000
3392  0.260  -88.685  14.373 0.0000000000
3409  2.093  -89.725  12.729 0.0000000000
3411  0.430  -88.924  12.413 0.0000000000
3428  0.471  -89.105  11.471 0.0000000000
3429  0.637  -88.905  11.078 0.0000000000
3437  0.798  -89.142  10.483 0.0000000000
3448  2.024  -89.822  9.959 0.0000000000
3449  0.932  -89.335  9.680 0.0000000000
3450  0.875  -89.242  9.874 0.0000000000
3451  0.941  -88.789  10.152 0.0000000000
3504  -0.096  -89.713  5.454 0.0000000000
3505  -0.612  -90.084  4.894 0.0000000000
3543  -1.043  -89.172  2.297 0.0000000000
3544  -1.157  -89.217  3.053 0.0000000000
3558  -0.743  -89.582  1.304 0.0000000000
3577  -0.720  -89.547  -0.605 0.0000000000
3583  -1.004  -89.524  -1.456 0.0000000000
3590  -1.089  -89.463  -2.263 0.0000000000
3606  -0.266  -89.294  -3.936 0.0000000000
3618  -0.057  -89.593  -4.706 0.0000000000
3627  0.623  -89.817  -6.143 0.0000000000
3629  -0.153  -90.082  -4.960 0.0000000000
3636  3.613  -88.928  -6.902 0.0000000000
3644  13.288  -89.583  -7.945 0.0000000000
3646  12.086  -89.360  -7.815 0.0000000000
3649  3.701  -89.353  -7.703 0.0000000000
3650  0.888  -90.141  -7.515 0.0000000000
3659  13.658  -89.272  -8.164 0.0000000000
3667  2.395  -90.019  -8.446 0.0000000000
3681  3.657  -89.735  -9.124 0.0000000000
3723  11.367  -89.106  -16.055 0.0000000000
3732  10.476  -89.164  -17.926 0.0000000000
3996  0.437  -88.698  12.717 0.0000000000
4009  0.700  -88.729  11.430 0.0000000000
4038  1.543  -88.938  8.096 0.0000000000
4039  1.423  -89.439  8.461 0.0000000000
4055  1.042  -89.352  7.510 0.0000000000
4075  0.416  -89.100  5.936 0.0000000000
4095  1.452  -88.339  5.534 0.0000000000
4109  2.210  -88.346  4.832 0.0000000000
4110  0.446  -88.751  4.548 0.0000000000
4111  -0.287  -89.179  4.289 0.0000000000
4124  1.117  -88.407  3.273 0.0000000000
4126  -0.782  -89.083  3.554 0.0000000000
4131  3.582  -87.689  2.108 0.0000000000
4135  -0.860  -88.874  2.983 0.0000000000
4143  2.954  -88.068  1.568 0.0000000000
4144  2.089  -88.641  1.530 0.0000000000
4158  1.921  -88.825  0.744 0.0000000000
4171  -0.236  -89.098  -0.161 0.0000000000
4180  3.001  -87.965  -1.537 0.0000000000
4181  1.072  -88.656  -1.390 0.0000000000
4182  -0.281  -88.937  -1.129 0.0000000000
4201  0.328  -88.757  -2.766 0.0000000000
4218  1.655  -88.617  -3.729 0.0000000000
4220  -0.344  -88.942  -3.274 0.0000000000
4228  5.375  -87.921  -4.671 0.0000000000
4231  2.826  -88.337  -4.526 0.0000000000
4233  0.266  -89.115  -4.457 0.0000000000
4244  3.128  -88.498  -5.376 0.0000000000
4255  5.635  -88.341  -6.374 0.0000000000
4257  3.438  -88.682  -6.174 0.0000000000
4281  13.970  -88.996  -8.538 0.0000000000
4294  13.859  -88.648  -10.483 0.0000000000
4317  12.817  -88.607  -13.481 0.0000000000
4359  10.750  -88.705  -19.293 0.0000000000
4364  11.281  -88.520  -19.641 0.0000000000
4573  0.083  -87.636  17.349 0.0000000000
4587  0.230  -87.084  16.592 0.0000000000
4598  0.876  -87.494  15.579 0.0000000000
4608  3.882  -87.347  14.573 0.0000000000
4609  3.134  -87.498  15.197 0.0000000000
4610  2.191  -87.573  14.531 0.0000000000
4629  0.664  -87.960  12.176 0.0000000000
4630  0.909  -88.023  11.639 0.0000000000
4642  4.361  -87.587  11.529 0.0000000000
4644  2.211  -88.229  11.162 0.0000000000
4646  1.115  -87.963  11.324 0.0000000000
4647  1.092  -88.442  10.995 0.0000000000
4659  2.976  -88.324  10.172 0.0000000000
4662  0.807  -88.832  10.603 0.0000000000
4668  4.556  -87.902  9.979 0.0000000000
4670  2.606  -88.398  9.416 0.0000000000
4687  1.360  -88.765  8.989 0.0000000000
4696  2.887  -88.434  7.967 0.0000000000
4704  5.052  -87.516  6.476 0.0000000000
4706  2.449  -88.394  7.185 0.0000000000
4720  3.191  -88.187  5.834 0.0000000000
4727  4.597  -87.562  5.156 0.0000000000
4728  3.852  -87.833  4.607 0.0000000000
4740  2.845  -88.057  3.578 0.0000000000
4759  3.513  -87.707  1.149 0.0000000000
4769  5.118  -87.059  -0.086 0.0000000000
4780  5.260  -87.052  -1.070 0.0000000000
4793  6.365  -87.183  -1.843 0.0000000000
4816  5.007  -87.347  -2.450 0.0000000000
4831  3.796  -87.822  -3.082 0.0000000000
4840  8.536  -87.373  -4.324 0.0000000000
4842  6.680  -87.615  -4.109 0.0000000000
4844  5.193  -87.723  -3.812 0.0000000000
4870  13.515  -87.369  -7.855 0.0000000000
4892  13.581  -87.314  -10.066 0.0000000000
4894  -0.145  -88.230  -11.177 0.0000000000
4908  0.476  -88.518  -11.895 0.0000000000
4909  -0.099  -88.177  -11.680 0.0000000000
4916  12.512  -87.499  -12.607 0.0000000000
4924  2.114  -88.466  -12.858 0.0000000000
4925  1.164  -88.623  -12.434 0.0000000000
4932  8.656  -87.280  -13.758 0.0000000000
4933  7.942  -87.642  -13.909 0.0000000000
4946  6.841  -87.496  -14.896 0.0000000000
4947  5.922  -87.964  -14.583 0.0000000000
4948  5.072  -88.364  -14.465 0.0000000000
4991  13.340  -87.195  -20.187 0.0000000000
5224  0.556  -86.395  19.108 0.0000000000
5245  3.976  -86.046  16.183 0.0000000000
5246  3.542  -86.648  16.123 0.0000000000
5261  4.864  -86.169  15.482 0.0000000000
5271  4.424  -86.854  15.118 0.0000000000
5276  6.092  -86.026  13.219 0.0000000000
5283  4.957  -86.971  12.134 0.0000000000
5287  5.723  -86.659  10.959 0.0000000000
5298  5.408  -87.052  10.625 0.0000000000
5304  5.987  -86.833  9.366 0.0000000000
5315  5.299  -87.545  9.044 0.0000000000
5323  6.203  -86.836  7.764 0.0000000000
5324  5.709  -87.234  7.098 0.0000000000
5325  5.111  -87.707  8.195 0.0000000000
5345  6.303  -86.743  5.757 0.0000000000
5356  5.823  -86.506  4.114 0.0000000000
5371  5.736  -86.278  2.806 0.0000000000
5372  5.041  -86.856  2.868 0.0000000000
5379  4.927  -86.924  2.033 0.0000000000
5385  6.429  -86.207  0.151 0.0000000000
5394  7.519  -86.678  -1.164 0.0000000000
5461  12.824  -86.262  -7.804 0.0000000000
5464  -0.714  -86.573  -7.756 0.0000000000
5477  13.596  -86.803  -8.441 0.0000000000
5495  -1.018  -87.312  -9.442 0.0000000000
5510  7.285  -86.202  -10.753 0.0000000000
5511  6.444  -86.297  -10.341 0.0000000000
5515  0.365  -87.575  -9.939 0.0000000000
5538  -0.422  -87.631  -11.415 0.0000000000
5567  12.221  -87.180  -13.100 0.0000000000
5601  5.224  -86.908  -15.467 0.0000000000
5602  3.935  -86.297  -15.536 0.0000000000
5612  6.977  -85.835  -16.505 0.0000000000
5899  1.254  -85.332  19.302 0.0000000000
5924  0.794  -84.945  17.371 0.0000000000
5934  6.051  -85.126  15.018 0.0000000000
5936  4.558  -85.579  15.843 0.0000000000
5937  3.806  -85.404  16.066 0.0000000000
5945  6.438  -85.310  14.451 0.0000000000
5946  5.844  -85.723  14.643 0.0000000000
5953  6.710  -85.557  13.773 0.0000000000
5958  7.268  -85.466  12.237 0.0000000000
5960  6.056  -86.332  11.502 0.0000000000
5972  7.575  -85.482  10.428 0.0000000000
5973  7.013  -85.946  10.569 0.0000000000
5991  7.443  -85.916  8.883 0.0000000000
5992  6.880  -86.409  8.318 0.0000000000
6011  7.020  -86.411  6.439 0.0000000000
6029  7.547  -85.722  4.871 0.0000000000
6047  6.766  -85.787  3.422 0.0000000000
6059  6.491  -85.494  2.210 0.0000000000
6070  1.645  -85.687  0.953 0.0000000000
6072  0.136  -85.823  1.504 0.0000000000
6093  0.232  -86.175  0.219 0.0000000000
6102  8.807  -85.450  -1.367 0.0000000000
6107  -0.881  -85.621  -1.501 0.0000000000
6122  9.378  -85.639  -2.550 0.0000000000
6147  10.637  -85.126  -4.726 0.0000000000
6154  11.174  -84.546  -5.795 0.0000000000
6164  -0.607  -86.007  -6.623 0.0000000000
6180  6.128  -85.006  -6.699 0.0000000000
6183  -0.346  -86.745  -7.592 0.0000000000
6227  6.299  -86.087  -9.335 0.0000000000
6232  -1.279  -86.992  -9.637 0.0000000000
6239  11.617  -85.761  -10.731 0.0000000000
6246  1.487  -86.746  -10.038 0.0000000000
6257  -0.527  -86.486  -11.140 0.0000000000
6290  5.007  -85.624  -16.027 0.0000000000
6310  14.914  -85.201  -19.751 0.0000000000
6315  14.836  -84.908  -19.831 0.0000000000
6661  0.727  -84.497  18.938 0.0000000000
6671  0.943  -83.738  18.604 0.0000000000
6689  0.949  -83.959  16.981 0.0000000000
6699  5.734  -84.645  15.205 0.0000000000
6700  4.986  -84.836  15.537 0.0000000000
6702  2.625  -84.652  15.736 0.0000000000
6714  6.520  -84.542  14.773 0.0000000000
6718  2.620  -84.235  14.735 0.0000000000
6720  1.892  -84.011  13.866 0.0000000000
6728  7.765  -84.647  13.826 0.0000000000
6729  2.850  -84.142  13.881 0.0000000000
6730  2.315  -84.111  13.662 0.0000000000
6731  2.043  -84.080  13.542 0.0000000000
6746  8.073  -85.071  10.828 0.0000000000
6763  8.740  -84.968  8.297 0.0000000000
6775  8.826  -84.973  7.309 0.0000000000
6776  8.192  -85.439  7.691 0.0000000000
6781  9.366  -84.477  5.921 0.0000000000
6783  8.288  -85.331  5.872 0.0000000000
6784  1.202  -84.074  6.363 0.0000000000
6802  8.784  -84.856  5.493 0.0000000000
6803  8.190  -85.296  5.142 0.0000000000
6806  0.450  -84.203  5.276 0.0000000000
6815  1.543  -84.377  5.152 0.0000000000
6817  0.211  -84.526  4.441 0.0000000000
6818  -0.039  -84.470  4.116 0.0000000000
6827  0.528  -84.933  4.041 0.0000000000
6829  -0.134  -84.566  3.653 0.0000000000
6841  8.361  -84.761  3.167 0.0000000000
6843  7.001  -85.464  2.753 0.0000000000
6844  2.061  -84.763  2.895 0.0000000000
6847  -0.206  -84.170  3.126 0.0000000000
6859  -0.094  -84.583  2.441 0.0000000000
6867  7.238  -85.078  1.159 0.0000000000
6871  -0.661  -85.515  0.424 0.0000000000
6933  6.083  -84.516  -5.025 0.0000000000
6953  11.361  -84.475  -6.413 0.0000000000
6980  9.150  -84.039  -7.468 0.0000000000
6984  5.596  -84.416  -7.205 0.0000000000
7005  -1.054  -85.393  -8.307 0.0000000000
7020  3.191  -84.741  -10.195 0.0000000000
7029  2.935  -85.249  -10.505 0.0000000000
7090  3.966  -83.567  -16.667 0.0000000000
7091  3.537  -83.070  -16.527 0.0000000000
7100  8.247  -84.636  -17.205 0.0000000000
7104  4.496  -82.645  -16.893 0.0000000000
7105  4.315  -82.232  -16.594 0.0000000000
7110  15.276  -84.542  -18.954 0.0000000000
7482  0.803  -83.298  17.522 0.0000000000
7497  0.927  -83.463  15.893 0.0000000000
7509  5.277  -84.218  15.140 0.0000000000
7521  6.830  -83.692  14.621 0.0000000000
7523  5.551  -83.601  14.647 0.0000000000
7525  3.447  -83.983  13.647 0.0000000000
7526  1.468  -83.903  15.202 0.0000000000
7527  1.664  -83.787  14.460 0.0000000000
7537  8.505  -83.312  13.651 0.0000000000
7538  7.745  -83.669  14.144 0.0000000000
7540  2.615  -84.115  12.967 0.0000000000
7541  1.702  -84.042  13.254 0.0000000000
7542  1.742  -83.695  13.824 0.0000000000
7553  9.565  -83.299  12.783 0.0000000000
7554  9.086  -83.819  13.046 0.0000000000
7557  1.353  -84.025  12.626 0.0000000000
7562  9.388  -84.100  12.018 0.0000000000
7564  0.973  -83.480  12.375 0.0000000000
7566  9.863  -83.901  10.286 0.0000000000
7577  10.534  -83.517  9.098 0.0000000000
7589  10.546  -83.673  8.231 0.0000000000
7602  10.151  -84.084  7.366 0.0000000000
7603  1.430  -83.315  7.339 0.0000000000
7604  0.721  -83.299  7.412 0.0000000000
7613  2.822  -83.396  6.304 0.0000000000
7614  1.753  -83.784  6.744 0.0000000000
7616  0.450  -83.719  6.459 0.0000000000
7632  10.471  -83.657  5.739 0.0000000000
7636  0.281  -83.921  5.727 0.0000000000
7648  10.067  -83.979  4.989 0.0000000000
7660  9.887  -84.145  3.683 0.0000000000
7662  3.229  -83.368  3.403 0.0000000000
7663  2.604  -84.008  3.887 0.0000000000
7671  10.050  -83.881  2.105 0.0000000000
7676  -0.066  -83.536  2.413 0.0000000000
7679  9.633  -83.669  1.449 0.0000000000
7681  8.333  -84.209  1.374 0.0000000000
7689  8.516  -83.460  0.278 0.0000000000
7692  3.928  -83.653  0.664 0.0000000000
7695  -0.396  -84.824  1.003 0.0000000000
7699  8.326  -83.635  -0.422 0.0000000000
7734  -0.485  -83.726  -2.217 0.0000000000
7740  -0.425  -84.034  -3.269 0.0000000000
7744  7.328  -83.903  -3.912 0.0000000000
7767  2.194  -84.384  -5.985 0.0000000000
7882  5.514  -82.450  -16.677 0.0000000000
7883  3.667  -82.402  -16.241 0.0000000000
7895  9.710  -81.656  -18.377 0.0000000000
7901  13.413  -82.980  -19.110 0.0000000000
7904  14.814  -82.415  -19.646 0.0000000000
8296  5.977  -82.024  17.591 0.0000000000
8317  2.400  -82.476  16.252 0.0000000000
8319  0.727  -82.952  16.594 0.0000000000
8328  2.076  -82.369  15.584 0.0000000000
8329  1.171  -82.464  15.695 0.0000000000
8330  0.854  -82.830  15.819 0.0000000000
8342  5.903  -83.075  14.224 0.0000000000
8345  1.944  -82.862  14.369 0.0000000000
8353  8.559  -82.390  13.609 0.0000000000
8356  5.526  -82.605  13.430 0.0000000000
8357  4.621  -82.909  12.842 0.0000000000
8358  2.070  -82.706  13.246 0.0000000000
8359  1.708  -83.262  13.705 0.0000000000
8373  6.135  -81.898  13.109 0.0000000000
8377  1.084  -83.221  12.966 0.0000000000
8386  11.040  -82.650  11.659 0.0000000000
8387  10.509  -82.981  12.066 0.0000000000
8388  4.749  -82.048  11.220 0.0000000000
8389  3.949  -82.460  10.916 0.0000000000
8390  2.811  -82.839  10.967 0.0000000000
8391  1.720  -82.882  10.969 0.0000000000
8392  0.852  -82.795  11.507 0.0000000000
8397  11.972  -81.960  10.609 0.0000000000
8398  11.224  -82.771  10.493 0.0000000000
8400  2.285  -82.428  10.847 0.0000000000
8428  11.100  -83.109  8.677 0.0000000000
8429  1.069  -82.459  8.278 0.0000000000
8430  0.496  -82.449  8.086 0.0000000000
8443  3.104  -82.355  7.221 0.0000000000
8446  0.435  -82.981  7.708 0.0000000000
8454  11.110  -83.130  6.241 0.0000000000
8455  4.070  -82.254  6.244 0.0000000000
8457  2.523  -83.137  7.054 0.0000000000
8472  11.546  -82.499  5.204 0.0000000000
8486  11.739  -82.458  4.635 0.0000000000
8487  11.183  -83.068  4.596 0.0000000000
8496  4.219  -82.034  3.551 0.0000000000
8498  0.020  -82.929  3.710 0.0000000000
8505  11.836  -82.705  3.017 0.0000000000
8519  0.045  -82.876  1.720 0.0000000000
8529  9.265  -83.124  0.350 0.0000000000
8568  8.600  -83.412  -2.284 0.0000000000
8569  4.380  -82.596  -2.885 0.0000000000
8596  4.013  -81.553  -4.717 0.0000000000
8636  2.165  -83.041  -7.406 0.0000000000
8644  4.467  -82.311  -8.180 0.0000000000
8646  2.662  -82.425  -7.739 0.0000000000
8649  3.676  -82.466  -8.333 0.0000000000
8650  2.944  -82.677  -8.434 0.0000000000
8713  6.749  -81.640  -17.846 0.0000000000
8716  10.002  -81.264  -18.111 0.0000000000
8721  14.089  -81.654  -19.217 0.0000000000
9161  5.283  -81.622  15.930 0.0000000000
9175  4.882  -81.442  15.048 0.0000000000
9176  3.921  -81.708  14.821 0.0000000000
9185  5.072  -80.825  14.600 0.0000000000
9188  2.867  -81.933  13.491 0.0000000000
9195  8.760  -81.547  13.340 0.0000000000
9197  7.086  -82.103  13.925 0.0000000000
9198  4.117  -80.939  13.563 0.0000000000
9199  3.258  -81.206  13.114 0.0000000000
9200  2.145  -81.753  12.637 0.0000000000
9211  10.586  -81.202  12.648 0.0000000000
9214  6.447  -81.197  12.381 0.0000000000
9217  0.569  -81.781  11.748 0.0000000000
9225  11.250  -81.742  12.153 0.0000000000
9227  5.234  -81.425  10.835 0.0000000000
9237  5.028  -81.294  10.437 0.0000000000
9239  2.968  -81.804  10.661 0.0000000000
9246  12.374  -81.505  9.746 0.0000000000
9263  0.773  -81.872  8.541 0.0000000000
9264  -0.008  -81.688  8.337 0.0000000000
9275  12.127  -81.847  7.988 0.0000000000
9276  11.978  -81.882  7.021 0.0000000000
9286  11.847  -81.893  6.202 0.0000000000
9290  0.419  -82.678  6.111 0.0000000000
9304  11.985  -81.961  5.013 0.0000000000
9307  4.565  -81.602  5.814 0.0000000000
9317  12.506  -81.357  3.925 0.0000000000
9325  12.530  -81.255  3.149 0.0000000000
9326  12.253  -82.064  3.482 0.0000000000
9330  0.488  -82.120  3.440 0.0000000000
9336  12.247  -81.859  2.597 0.0000000000
9338  4.668  -81.446  3.079 0.0000000000
9347  12.693  -80.292  1.665 0.0000000000
9349  11.582  -82.197  1.064 0.0000000000
9361  12.007  -81.335  0.536 0.0000000000
9373  11.134  -81.637  -0.810 0.0000000000
9374  10.135  -82.076  -1.145 0.0000000000
9376  5.266  -82.180  -1.052 0.0000000000
9388  5.699  -81.516  -1.387 0.0000000000
9399  10.718  -81.040  -2.650 0.0000000000
9406  0.344  -82.015  -3.213 0.0000000000
9410  9.902  -81.425  -4.015 0.0000000000
9445  9.102  -80.731  -5.258 0.0000000000
9447  8.109  -81.520  -6.065 0.0000000000
9448  3.882  -81.253  -6.135 0.0000000000
9460  6.036  -81.358  -7.123 0.0000000000
9461  4.511  -81.179  -7.029 0.0000000000
9463  3.088  -81.889  -7.314 0.0000000000
9466  6.005  -81.936  -7.471 0.0000000000
9467  4.629  -81.665  -7.707 0.0000000000
9567  10.628  -81.104  -17.865 0.0000000000
9576  12.886  -81.422  -18.660 0.0000000000
9577  11.920  -81.252  -18.295 0.0000000000
10043  5.423  -80.297  14.906 0.0000000000
10054  3.571  -80.442  13.156 0.0000000000
10063  10.658  -80.481  12.609 0.0000000000
10065  8.479  -80.248  12.583 0.0000000000
10067  6.828  -80.632  11.721 0.0000000000
10069  0.254  -80.501  12.419 0.0000000000
10070  -0.024  -80.971  12.002 0.0000000000
10080  12.526  -80.487  11.360 0.0000000000
10083  7.233  -80.131  11.145 0.0000000000
10087  0.859  -81.367  10.712 0.0000000000
10098  5.393  -80.480  10.254 0.0000000000
10099  4.603  -80.831  10.275 0.0000000000
10100  3.497  -80.978  10.518 0.0000000000
10111  12.920  -80.722  9.408 0.0000000000
10133  1.205  -81.254  8.928 0.0000000000
10151  -0.697  -80.377  7.910 0.0000000000
10152  -0.786  -80.067  8.549 0.0000000000
10161  13.425  -79.718  6.143 0.0000000000
10164  5.439  -80.041  5.397 0.0000000000
10188  12.812  -80.439  5.727 0.0000000000
10189  6.240  -79.656  5.156 0.0000000000
10191  1.402  -80.900  5.550 0.0000000000
10197  13.241  -79.790  4.008 0.0000000000
10198  12.878  -80.559  3.593 0.0000000000
10200  6.335  -79.712  4.864 0.0000000000
10201  5.848  -80.111  4.696 0.0000000000
10208  6.353  -79.771  4.470 0.0000000000
10215  12.891  -79.986  2.426 0.0000000000
10227  12.721  -79.766  1.053 0.0000000000
10241  12.594  -79.715  0.217 0.0000000000
10258  12.384  -79.262  -0.365 0.0000000000
10272  11.625  -79.763  -1.537 0.0000000000
10275  6.061  -80.933  -1.954 0.0000000000
10284  11.140  -79.645  -2.226 0.0000000000
10287  5.824  -80.717  -2.727 0.0000000000
10291  9.998  -80.509  -3.870 0.0000000000
10293  5.739  -80.463  -3.708 0.0000000000
10295  1.119  -80.471  -3.797 0.0000000000
10312  8.785  -80.122  -5.072 0.0000000000
10313  7.941  -80.141  -5.310 0.0000000000
10353  5.709  -80.806  -6.492 0.0000000000
10967  5.410  -79.716  15.259 0.0000000000
10968  5.061  -79.141  15.610 0.0000000000
10986  5.208  -79.772  14.621 0.0000000000
10988  3.749  -79.037  14.120 0.0000000000
10989  1.425  -79.091  14.165 0.0000000000
10990  0.243  -79.245  13.666 0.0000000000
11003  3.745  -79.683  13.492 0.0000000000
11005  0.318  -79.941  13.086 0.0000000000
11006  -0.129  -79.763  12.896 0.0000000000
11014  10.212  -79.837  12.493 0.0000000000
11015  9.505  -79.900  12.463 0.0000000000
11018  1.421  -80.383  12.779 0.0000000000
11025  12.366  -79.731  11.687 0.0000000000
11026  11.644  -79.250  11.969 0.0000000000
11027  10.527  -79.114  12.043 0.0000000000
11030  7.612  -79.516  10.702 0.0000000000
11032  0.362  -80.492  11.255 0.0000000000
11033  -0.083  -80.564  11.805 0.0000000000
11040  12.826  -79.625  11.013 0.0000000000
11042  7.422  -79.195  10.313 0.0000000000
11043  6.596  -79.336  10.234 0.0000000000
11044  5.702  -79.516  10.202 0.0000000000
11046  3.935  -80.048  10.494 0.0000000000
11055  13.169  -79.874  10.029 0.0000000000
11057  -0.046  -78.841  9.648 0.0000000000
11058  -0.471  -78.960  9.325 0.0000000000
11073  2.005  -79.335  8.922 0.0000000000
11074  1.030  -79.717  9.611 0.0000000000
11075  -0.710  -79.492  9.020 0.0000000000
11082  3.528  -80.130  7.507 0.0000000000
11096  4.066  -79.798  6.811 0.0000000000
11097  0.698  -79.837  6.500 0.0000000000
11116  13.404  -79.359  4.726 0.0000000000
11117  7.205  -78.672  4.762 0.0000000000
11118  6.802  -79.284  5.028 0.0000000000
11119  6.259  -79.558  5.449 0.0000000000
11127  13.531  -79.061  4.075 0.0000000000
11128  8.430  -77.849  4.175 0.0000000000
11138  6.802  -79.394  3.942 0.0000000000
11143  13.169  -79.246  2.660 0.0000000000
11144  12.855  -79.380  1.788 0.0000000000
11147  6.625  -79.283  2.765 0.0000000000
11174  12.521  -79.032  0.202 0.0000000000
11197  7.642  -79.522  -0.554 0.0000000000
11198  6.958  -80.050  -0.163 0.0000000000
11215  11.407  -79.201  -1.584 0.0000000000
11216  10.994  -79.170  -2.090 0.0000000000
11227  7.879  -79.520  -2.792 0.0000000000
11232  10.026  -79.789  -3.360 0.0000000000
11233  9.300  -79.555  -3.581 0.0000000000
11252  9.026  -79.745  -4.366 0.0000000000
11971  4.443  -78.707  15.252 0.0000000000
11991  -0.018  -78.449  14.037 0.0000000000
12000  -0.082  -78.976  13.289 0.0000000000
12009  1.725  -78.684  11.597 0.0000000000
12022  11.734  -78.576  11.446 0.0000000000
12026  5.594  -78.926  10.498 0.0000000000
12027  4.962  -78.778  11.037 0.0000000000
12028  3.337  -79.279  10.879 0.0000000000
12029  -0.055  -79.915  11.873 0.0000000000
12043  8.864  -78.022  10.167 0.0000000000
12044  8.192  -78.388  10.226 0.0000000000
12048  4.369  -79.258  10.677 0.0000000000
12062  13.755  -78.338  10.002 0.0000000000
12063  8.449  -78.118  10.153 0.0000000000
12064  0.330  -78.306  9.995 0.0000000000
12066  -0.874  -78.633  9.033 0.0000000000
12080  14.007  -78.618  9.138 0.0000000000
12091  14.316  -77.842  7.718 0.0000000000
12092  14.194  -78.450  7.468 0.0000000000
12094  2.854  -78.868  8.183 0.0000000000
12112  5.007  -79.034  5.723 0.0000000000
12130  7.953  -77.890  4.618 0.0000000000
12133  6.029  -79.209  5.692 0.0000000000
12150  13.400  -78.684  3.599 0.0000000000
12152  9.753  -77.745  3.190 0.0000000000
12159  12.492  -78.555  1.597 0.0000000000
12160  11.547  -77.994  2.120 0.0000000000
12173  10.059  -77.991  1.427 0.0000000000
12190  11.851  -78.276  0.461 0.0000000000
12191  10.539  -78.282  -0.162 0.0000000000
12212  11.611  -78.800  -1.010 0.0000000000
12214  9.878  -78.452  -0.484 0.0000000000
12233  10.074  -78.653  -1.436 0.0000000000
12239  10.549  -78.908  -2.062 0.0000000000
12240  9.880  -78.877  -2.234 0.0000000000
12958  2.305  -77.087  15.271 0.0000000000
12976  1.439  -77.897  14.943 0.0000000000
12977  0.043  -77.522  14.283 0.0000000000
12978  -0.034  -76.675  14.676 0.0000000000
12990  7.718  -77.469  13.513 0.0000000000
12991  6.943  -77.706  13.464 0.0000000000
12992  6.062  -77.425  13.048 0.0000000000
13012  4.719  -77.502  12.020 0.0000000000
13013  3.757  -77.267  12.050 0.0000000000
13016  0.164  -77.187  13.135 0.0000000000
13030  7.507  -77.857  10.839 0.0000000000
13043  13.422  -77.572  10.210 0.0000000000
13046  10.059  -77.207  10.086 0.0000000000
13047  9.450  -77.627  9.988 0.0000000000
13048  8.112  -77.376  10.787 0.0000000000
13050  6.951  -78.418  10.372 0.0000000000
13051  6.051  -78.594  10.691 0.0000000000
13061  14.266  -77.232  9.141 0.0000000000
13064  9.147  -77.602  9.961 0.0000000000
13066  8.049  -77.897  10.137 0.0000000000
13067  7.466  -77.986  10.249 0.0000000000
13068  0.571  -77.391  10.283 0.0000000000
13082  14.406  -77.254  8.218 0.0000000000
13085  -0.668  -77.747  8.771 0.0000000000
13094  3.611  -77.539  7.305 0.0000000000
13106  13.675  -77.109  6.375 0.0000000000
13108  5.573  -77.301  5.436 0.0000000000
13109  4.813  -77.389  5.918 0.0000000000
13110  4.212  -77.497  6.532 0.0000000000
13115  12.911  -77.332  5.409 0.0000000000
13118  9.910  -76.874  4.763 0.0000000000
13122  6.266  -78.276  5.256 0.0000000000
13130  13.235  -78.076  4.697 0.0000000000
13137  13.268  -78.310  3.866 0.0000000000
13144  12.878  -77.974  3.217 0.0000000000
13897  7.244  -76.488  15.543 0.0000000000
13898  6.569  -76.383  15.563 0.0000000000
13901  1.837  -76.359  15.450 0.0000000000
13902  0.570  -76.430  15.149 0.0000000000
13921  5.785  -76.729  14.556 0.0000000000
13922  4.899  -76.298  14.155 0.0000000000
13923  -0.219  -75.831  14.215 0.0000000000
13935  8.507  -76.907  13.465 0.0000000000
13936  7.918  -77.147  14.165 0.0000000000
13942  0.124  -75.668  12.916 0.0000000000
13943  0.028  -76.311  13.082 0.0000000000
13944  -0.098  -75.806  13.360 0.0000000000
13985  13.059  -76.787  10.222 0.0000000000
13986  12.034  -76.695  10.395 0.0000000000
13987  10.879  -76.657  10.257 0.0000000000
14001  10.032  -76.414  9.962 0.0000000000
14002  9.154  -76.863  10.096 0.0000000000
14003  1.830  -76.344  9.729 0.0000000000
14005  0.132  -76.649  10.364 0.0000000000
14017  3.227  -76.372  8.097 0.0000000000
14018  2.523  -76.526  8.835 0.0000000000
14029  14.503  -76.559  7.918 0.0000000000
14031  3.579  -76.680  7.478 0.0000000000
14039  14.290  -76.474  7.237 0.0000000000
14040  13.825  -76.435  6.709 0.0000000000
14041  13.186  -76.472  6.250 0.0000000000
14048  11.364  -76.279  5.228 0.0000000000
14049  10.403  -76.405  5.111 0.0000000000
14054  5.988  -76.363  5.447 0.0000000000
14962  8.308  -75.674  15.562 0.0000000000
14963  7.686  -75.838  15.884 0.0000000000
14964  6.891  -75.919  16.046 0.0000000000
14965  5.972  -75.838  15.761 0.0000000000
14966  5.048  -75.356  15.404 0.0000000000
14970  -0.200  -75.330  14.746 0.0000000000
14978  8.637  -75.839  14.896 0.0000000000
14979  8.029  -76.291  15.266 0.0000000000
14996  4.078  -75.800  13.707 0.0000000000
14997  3.204  -75.462  13.257 0.0000000000
14998  2.030  -75.366  13.091 0.0000000000
14999  0.377  -74.960  13.055 0.0000000000
15001  -0.193  -75.250  13.717 0.0000000000
15016  1.459  -76.028  12.631 0.0000000000
15037  -0.072  -75.196  10.472 0.0000000000
15049  13.922  -75.376  9.287 0.0000000000
15053  10.205  -75.653  9.889 0.0000000000
15056  0.503  -75.764  10.575 0.0000000000
15065  14.444  -75.285  8.183 0.0000000000
15076  5.059  -75.168  6.866 0.0000000000
15077  4.292  -75.471  7.221 0.0000000000
15084  14.259  -75.671  6.949 0.0000000000
15086  6.240  -75.447  5.839 0.0000000000
15096  12.175  -75.082  5.550 0.0000000000
16014  7.917  -74.571  16.410 0.0000000000
16015  7.016  -74.446  16.428 0.0000000000
16016  6.118  -74.284  16.380 0.0000000000
16017  5.306  -74.065  16.130 0.0000000000
16038  9.473  -74.544  14.883 0.0000000000
16040  4.174  -74.037  15.407 0.0000000000
16041  2.173  -74.810  16.218 0.0000000000
16043  0.405  -74.094  15.363 0.0000000000
16044  -0.233  -74.575  14.904 0.0000000000
16052  4.285  -74.842  15.029 0.0000000000
16054  -0.301  -73.928  14.535 0.0000000000
16064  9.450  -75.147  13.303 0.0000000000
16065  3.165  -74.341  13.847 0.0000000000
16068  0.196  -74.152  13.549 0.0000000000
16069  -0.167  -74.523  13.853 0.0000000000
16103  13.472  -74.587  9.079 0.0000000000
16106  10.294  -74.645  10.131 0.0000000000
16108  2.183  -75.030  9.836 0.0000000000
16109  1.230  -75.009  10.537 0.0000000000
16113  14.291  -74.697  7.994 0.0000000000
16114  13.770  -74.139  8.169 0.0000000000
16116  11.782  -73.819  9.105 0.0000000000
16117  4.045  -74.264  8.055 0.0000000000
16121  -0.636  -75.085  9.556 0.0000000000
16124  14.395  -74.966  7.338 0.0000000000
16130  14.040  -74.283  6.761 0.0000000000
16138  11.855  -74.229  5.366 0.0000000000
16142  7.728  -74.762  5.750 0.0000000000
17080  3.663  -73.280  15.027 0.0000000000
17082  -0.155  -73.131  15.273 0.0000000000
17089  10.490  -73.506  13.616 0.0000000000
17093  -0.435  -73.129  14.480 0.0000000000
17103  1.798  -73.648  13.472 0.0000000000
17104  0.788  -73.262  13.418 0.0000000000
17106  -0.236  -73.596  13.993 0.0000000000
17113  8.326  -72.349  12.080 0.0000000000
17114  7.972  -72.130  11.692 0.0000000000
17123  9.403  -73.165  10.856 0.0000000000
17126  0.528  -73.497  11.036 0.0000000000
17139  3.273  -73.464  9.188 0.0000000000
17140  2.842  -73.669  9.908 0.0000000000
17152  13.134  -73.318  7.774 0.0000000000
17156  4.243  -73.516  8.230 0.0000000000
17170  13.165  -72.968  6.825 0.0000000000
17171  6.134  -73.540  7.317 0.0000000000
17172  5.473  -73.518  7.650 0.0000000000
17188  12.899  -72.975  6.142 0.0000000000
17189  8.327  -73.034  6.353 0.0000000000
17200  13.160  -73.612  5.891 0.0000000000
17201  12.348  -73.381  5.630 0.0000000000
17203  10.412  -72.982  5.533 0.0000000000
18199  5.377  -72.603  16.463 0.0000000000
18200  4.554  -72.562  16.172 0.0000000000
18215  8.734  -72.899  16.242 0.0000000000
18216  3.910  -72.500  15.581 0.0000000000
18218  1.847  -72.518  16.352 0.0000000000
18219  0.376  -72.233  15.596 0.0000000000
18220  -0.551  -72.375  15.057 0.0000000000
18226  10.177  -73.368  14.915 0.0000000000
18227  3.096  -72.748  14.242 0.0000000000
18228  -0.595  -72.514  14.675 0.0000000000
18237  11.074  -72.943  13.826 0.0000000000
18238  2.135  -72.283  13.744 0.0000000000
18240  0.153  -72.528  13.670 0.0000000000
18241  -0.357  -72.809  14.110 0.0000000000
18250  8.203  -72.117  11.325 0.0000000000
18252  0.588  -72.128  11.323 0.0000000000
18258  6.656  -71.731  11.120 0.0000000000
18259  1.887  -72.851  11.012 0.0000000000
18260  0.289  -72.712  11.056 0.0000000000
18261  -0.082  -72.595  10.688 0.0000000000
18264  10.484  -72.628  9.404 0.0000000000
18267  3.128  -72.996  9.820 0.0000000000
18270  -0.256  -72.857  10.282 0.0000000000
18276  11.031  -72.106  8.620 0.0000000000
18277  10.251  -71.818  9.033 0.0000000000
18294  4.826  -72.215  8.377 0.0000000000
18302  12.113  -72.552  5.924 0.0000000000
18306  7.776  -72.458  6.659 0.0000000000
18307  6.610  -72.798  7.347 0.0000000000
18320  11.455  -72.207  5.767 0.0000000000
18323  9.082  -72.672  5.979 0.0000000000
19282  2.012  -71.528  17.119 0.0000000000
19298  8.205  -71.318  16.274 0.0000000000
19299  7.432  -71.565  16.473 0.0000000000
19303  1.731  -71.222  16.768 0.0000000000
19315  4.186  -71.766  15.976 0.0000000000
19316  3.538  -71.585  15.185 0.0000000000
19317  0.701  -71.197  15.783 0.0000000000
19340  1.192  -71.636  13.548 0.0000000000
19341  0.325  -71.697  13.715 0.0000000000
19349  7.547  -71.608  12.222 0.0000000000
19350  6.655  -71.048  12.304 0.0000000000
19351  5.956  -71.047  12.322 0.0000000000
19366  6.012  -71.623  11.112 0.0000000000
19367  5.638  -70.937  11.018 0.0000000000
19376  3.386  -72.051  9.563 0.0000000000
19383  11.571  -71.543  7.664 0.0000000000
19386  4.480  -71.041  8.387 0.0000000000
19396  5.820  -71.338  7.765 0.0000000000
19397  5.102  -71.530  8.168 0.0000000000
19406  8.673  -70.937  5.983 0.0000000000
19417  11.089  -71.407  5.906 0.0000000000
20376  8.335  -70.476  16.146 0.0000000000
20378  6.755  -70.533  16.678 0.0000000000
20379  5.916  -70.247  16.717 0.0000000000
20380  4.540  -71.042  16.241 0.0000000000
20393  4.055  -70.321  15.977 0.0000000000
20395  0.073  -69.837  15.082 0.0000000000
20405  2.777  -70.985  14.482 0.0000000000
20406  1.633  -70.499  14.177 0.0000000000
20407  0.632  -70.134  14.171 0.0000000000
20408  0.069  -70.357  14.595 0.0000000000
20431  5.687  -70.443  12.420 0.0000000000
20445  -0.424  -70.723  11.214 0.0000000000
20451  6.501  -71.275  10.527 0.0000000000
20455  -0.802  -70.731  10.236 0.0000000000
20467  2.975  -69.845  9.700 0.0000000000
20477  10.496  -70.287  7.545 0.0000000000
20489  10.956  -70.591  6.609 0.0000000000
20491  9.915  -69.734  7.119 0.0000000000
20492  5.689  -69.920  7.139 0.0000000000
20494  4.376  -70.036  7.735 0.0000000000
20501  9.860  -69.988  6.517 0.0000000000
20503  7.922  -70.393  6.353 0.0000000000
20504  7.170  -70.382  6.650 0.0000000000
21418  7.808  -69.878  16.349 0.0000000000
21419  7.194  -69.326  16.633 0.0000000000
21439  9.404  -69.605  15.413 0.0000000000
21442  3.511  -69.645  15.565 0.0000000000
21443  2.625  -69.678  14.965 0.0000000000
21465  11.764  -69.693  14.292 0.0000000000
21466  10.865  -69.348  14.677 0.0000000000
21468  0.541  -69.611  14.441 0.0000000000
21498  6.198  -69.827  13.013 0.0000000000
21500  1.089  -68.989  12.412 0.0000000000
21512  5.474  -69.711  12.438 0.0000000000
21514  1.398  -69.523  11.812 0.0000000000
21537  6.916  -69.507  9.170 0.0000000000
21547  9.116  -69.473  7.505 0.0000000000
21550  6.730  -68.858  8.756 0.0000000000
21567  7.520  -69.128  6.705 0.0000000000
21570  5.080  -68.621  6.736 0.0000000000
22492  7.440  -68.458  16.317 0.0000000000
22494  5.766  -68.698  16.716 0.0000000000
22495  4.913  -68.639  16.431 0.0000000000
22510  8.650  -68.741  15.510 0.0000000000
22511  8.032  -68.362  15.810 0.0000000000
22512  4.079  -68.455  15.989 0.0000000000
22513  3.171  -68.254  15.524 0.0000000000
22514  1.255  -68.208  14.480 0.0000000000
22515  0.831  -68.123  14.566 0.0000000000
22516  0.497  -68.226  15.345 0.0000000000
22531  0.798  -68.839  14.352 0.0000000000
22532  0.569  -68.716  14.716 0.0000000000
22542  12.218  -69.163  14.015 0.0000000000
22572  4.915  -68.309  11.237 0.0000000000
22585  -1.118  -69.285  10.095 0.0000000000
22591  13.710  -68.799  8.661 0.0000000000
22594  7.684  -68.852  7.548 0.0000000000
22606  6.892  -68.453  7.214 0.0000000000
22608  4.579  -68.098  7.054 0.0000000000
22609  3.928  -68.280  7.471 0.0000000000
22613  7.036  -68.670  6.786 0.0000000000
22615  5.864  -68.369  6.700 0.0000000000
23580  6.038  -67.478  16.501 0.0000000000
23581  5.249  -67.186  16.250 0.0000000000
23597  2.594  -67.488  15.338 0.0000000000
23609  10.218  -67.362  14.455 0.0000000000
23621  0.668  -66.760  13.456 0.0000000000
23623  14.271  -67.577  12.441 0.0000000000
23649  2.327  -66.867  10.839 0.0000000000
23655  10.476  -68.149  9.150 0.0000000000
23663  16.941  -67.827  8.037 0.0000000000
23668  5.864  -67.634  7.860 0.0000000000
23671  3.638  -67.220  8.225 0.0000000000
23672  2.873  -67.601  8.549 0.0000000000
23677  17.399  -67.235  7.699 0.0000000000
23679  16.055  -67.729  7.193 0.0000000000
23684  6.226  -67.888  7.173 0.0000000000
23685  4.957  -67.543  7.413 0.0000000000
24634  6.605  -66.454  16.191 0.0000000000
24637  1.586  -66.021  15.736 0.0000000000
24648  7.731  -66.859  15.633 0.0000000000
24651  0.731  -66.923  15.670 0.0000000000
24662  9.511  -66.893  14.670 0.0000000000
24663  8.895  -66.433  14.882 0.0000000000
24674  0.579  -66.166  13.819 0.0000000000
24675  0.155  -66.400  13.569 0.0000000000
24676  -0.342  -65.949  13.641 0.0000000000
24694  2.197  -66.280  11.863 0.0000000000
24702  7.960  -67.019  10.628 0.0000000000
24718  3.534  -66.252  9.351 0.0000000000
24725  18.434  -65.947  8.181 0.0000000000
24730  3.959  -66.624  8.759 0.0000000000
24742  17.098  -67.014  7.043 0.0000000000
24760  13.024  -66.124  6.749 0.0000000000
25727  6.013  -65.761  16.114 0.0000000000
25728  5.043  -65.286  15.853 0.0000000000
25729  4.017  -65.284  15.739 0.0000000000
25742  7.296  -65.425  15.723 0.0000000000
25743  6.609  -65.115  16.004 0.0000000000
25774  5.383  -65.719  13.231 0.0000000000
25814  6.809  -66.150  10.883 0.0000000000
25817  3.123  -65.592  10.591 0.0000000000
25834  3.292  -65.832  9.918 0.0000000000
25873  13.593  -65.519  6.602 0.0000000000
26887  7.894  -64.399  15.288 0.0000000000
26936  13.487  -64.909  10.661 0.0000000000
26963  6.257  -64.181  9.948 0.0000000000
26971  18.823  -65.114  8.289 0.0000000000
26984  17.929  -64.952  7.316 0.0000000000
26987  9.421  -64.596  7.249 0.0000000000
27006  14.232  -64.920  6.587 0.0000000000
27968  3.726  -63.800  15.797 0.0000000000
27986  6.947  -63.056  15.452 0.0000000000
27987  6.172  -63.172  15.593 0.0000000000
27988  5.362  -63.128  15.622 0.0000000000
27989  4.606  -62.852  15.607 0.0000000000
28000  10.679  -63.589  14.006 0.0000000000
28002  9.323  -63.027  14.705 0.0000000000
28003  0.247  -63.235  14.287 0.0000000000
28004  -0.269  -63.820  14.251 0.0000000000
28005  -0.590  -63.500  14.100 0.0000000000
28026  10.659  -63.399  11.952 0.0000000000
28047  10.809  -63.836  9.936 0.0000000000
28067  10.473  -63.027  9.581 0.0000000000
28078  6.548  -63.600  9.185 0.0000000000
28113  17.227  -63.522  7.158 0.0000000000
28115  10.298  -63.653  6.720 0.0000000000
28137  15.149  -63.612  6.739 0.0000000000
28139  12.579  -63.453  6.494 0.0000000000
29101  3.177  -62.162  15.890 0.0000000000
29119  4.914  -62.214  15.418 0.0000000000
29120  3.911  -61.906  15.606 0.0000000000
29132  7.593  -61.366  14.708 0.0000000000
29137  8.606  -61.219  13.233 0.0000000000
29179  4.445  -62.596  11.669 0.0000000000
29199  11.089  -62.933  8.973 0.0000000000
29225  5.822  -61.939  8.666 0.0000000000
29246  7.108  -61.867  7.589 0.0000000000
29258  12.189  -62.618  6.490 0.0000000000
30233  6.093  -60.260  14.692 0.0000000000
30244  0.119  -61.292  14.245 0.0000000000
30259  9.216  -60.663  12.393 0.0000000000
30325  6.079  -61.500  8.058 0.0000000000
30359  11.334  -61.260  6.350 0.0000000000
30361  9.740  -61.197  6.296 0.0000000000
31276  5.384  -59.894  14.825 0.0000000000
31277  4.825  -59.608  15.166 0.0000000000
31392  11.979  -60.109  7.271 0.0000000000
31393  6.645  -60.615  7.208 0.0000000000
31407  9.465  -60.265  6.226 0.0000000000
31409  7.778  -60.280  6.602 0.0000000000
32267  8.413  -59.481  13.306 0.0000000000
32357  5.660  -59.225  7.445 0.0000000000
33254  7.179  -58.016  10.305 0.0000000000
33272  9.689  -57.930  9.426 0.0000000000
33297  9.684  -58.094  8.920 0.0000000000
33302  4.680  -58.523  8.145 0.0000000000
33335  7.534  -58.379  7.312 0.0000000000
33353  7.872  -58.810  6.799 0.0000000000
34324  21.626  -57.244  10.086 0.0000000000
36578  9.477  -55.479  8.759 0.0000000000
37673  10.224  -54.662  7.809 0.0000000000
124525  0.679  -91.476  0.188 0.0000000000
124848  -0.007  -93.466  -1.068 0.0000000000
125292  3.059  -65.317  15.776 0.0000000000
125309  1.917  -63.892  14.090 0.0000000000
125370  1.379  -92.941  3.249 0.0000000000
125403  2.620  -66.045  15.693 0.0000000000
125759  12.004  -92.311  -7.674 0.0000000000
125846  4.326  -78.969  6.298 0.0000000000
126046  2.769  -78.625  14.345 0.0000000000
126241  7.774  -85.660  5.485 0.0000000000
126514  7.002  -86.103  4.620 0.0000000000
126545  1.194  -74.941  13.118 0.0000000000
126800  2.948  -74.901  13.446 0.0000000000
126896  13.321  -79.701  5.367 0.0000000000
127043  13.276  -78.752  2.943 0.0000000000
127156  5.997  -89.251  -8.924 0.0000000000
127692  10.643  -82.172  -18.460 0.0000000000
127916  5.521  -86.678  11.574 0.0000000000
128196  2.584  -88.204  -0.811 0.0000000000
128344  7.899  -73.015  16.487 0.0000000000
128421  11.528  -82.505  6.659 0.0000000000
128517  13.589  -94.477  -10.913 0.0000000000
128579  1.440  -88.490  10.044 0.0000000000
128659  5.296  -86.603  13.120 0.0000000000
128734  2.096  -79.405  11.105 0.0000000000
128788  6.855  -67.766  16.500 0.0000000000
129015  0.114  -85.286  2.113 0.0000000000
129019  12.790  -80.629  4.362 0.0000000000
129143  -0.422  -81.243  7.995 0.0000000000
129478  0.683  -79.608  11.338 0.0000000000
129521  7.334  -71.059  6.675 0.0000000000
129548  6.242  -71.088  16.653 0.0000000000
129574  1.261  -85.050  3.464 0.0000000000
129829  3.762  -87.521  -10.865 0.0000000000
129841  4.200  -90.198  -10.133 0.0000000000
129886  11.220  -98.266  -11.292 0.0000000000
129916  7.811  -66.123  15.372 0.0000000000
130191  14.261  -76.225  9.217 0.0000000000
130257  7.608  -85.921  7.084 0.0000000000
130381  12.782  -78.812  10.968 0.0000000000
130450  0.322  -88.928  1.098 0.0000000000
130496  11.641  -93.449  -17.627 0.0000000000
130527  4.274  -66.801  15.861 0.0000000000
130933  1.202  -74.731  15.657 0.0000000000
131114  6.920  -71.127  16.591 0.0000000000
131153  0.275  -88.744  -1.967 0.0000000000
131180  4.209  -71.977  8.832 0.0000000000
131217  16.460  -92.785  -17.151 0.0000000000
131254  4.895  -70.254  16.455 0.0000000000
131266  9.024  -82.631  -1.008 0.0000000000
131307  0.310  -86.134  -3.006 0.0000000000
131331  13.862  -79.212  7.689 0.0000000000
131408  11.769  -82.887  -18.520 0.0000000000
131488  1.682  -72.930  13.507 0.0000000000
131630  8.814  -84.629  9.782 0.0000000000
131825  9.404  -84.263  9.785 0.0000000000
131918  3.850  -82.204  6.810 0.0000000000
131996  7.447  -63.709  15.519 0.0000000000
132005  7.462  -87.678  -14.415 0.0000000000
132035  0.534  -61.826  14.213 0.0000000000
132054  10.133  -72.929  9.960 0.0000000000
132066  8.526  -74.450  5.674 0.0000000000
132273  4.963  -69.181  11.269 0.0000000000
132351  6.509  -86.271  9.995 0.0000000000
132390  13.056  -90.680  -10.845 0.0000000000
132582  8.214  -76.169  5.222 0.0000000000
132596  9.967  -83.920  -5.757 0.0000000000
132637  0.319  -69.792  15.730 0.0000000000
132674  2.400  -71.219  10.802 0.0000000000
133117  3.254  -93.251  -12.329 0.0000000000
133186  6.680  -69.917  16.780 0.0000000000
133233  10.343  -90.037  -18.211 0.0000000000
133460  6.166  -97.240  -11.043 0.0000000000
133461  14.329  -84.038  -19.624 0.0000000000
133686  11.175  -92.357  -13.111 0.0000000000
133869  9.510  -74.991  11.809 0.0000000000
133912  4.391  -78.957  14.622 0.0000000000
134086  0.104  -78.408  12.909 0.0000000000
134124  -0.432  -90.433  -0.687 0.0000000000
134145  3.825  -87.910  5.343 0.0000000000
134150  5.353  -87.466  -3.071 0.0000000000
134289  1.062  -70.323  11.983 0.0000000000
134568  7.124  -73.065  16.471 0.0000000000
134696  0.926  -87.536  11.850 0.0000000000
134773  11.503  -82.612  9.004 0.0000000000
135318  1.380  -82.394  16.110 0.0000000000
135325  4.982  -83.186  -17.206 0.0000000000
135339  5.382  -71.043  16.548 0.0000000000
135341  0.736  -85.759  17.071 0.0000000000
135359  -0.280  -72.078  10.398 0.0000000000
135376  1.825  -68.916  14.709 0.0000000000
135580  8.712  -84.550  11.298 0.0000000000
135584  0.129  -92.957  -4.421 0.0000000000
135801  5.166  -82.188  -0.113 0.0000000000
135807  11.586  -73.598  5.364 0.0000000000
135828  4.470  -81.417  -4.094 0.0000000000
135925  4.729  -81.620  2.249 0.0000000000
135955  2.104  -88.374  -1.543 0.0000000000
135988  0.232  -90.191  -6.293 0.0000000000
136050  8.858  -56.790  9.979 0.0000000000
136125  9.039  -80.804  12.999 0.0000000000
136153  9.797  -74.651  5.420 0.0000000000
136154  10.485  -74.570  5.353 0.0000000000
136575  1.787  -81.155  4.906 0.0000000000
136643  0.092  -90.633  -6.928 0.0000000000
136785  9.119  -74.276  15.774 0.0000000000
136973  6.669  -78.082  11.422 0.0000000000
137168  5.426  -84.947  -7.781 0.0000000000
137169  4.540  -87.302  3.367 0.0000000000
137220  5.946  -69.288  13.048 0.0000000000
137388  6.708  -59.229  14.117 0.0000000000
137460  5.661  -67.691  7.271 0.0000000000
137556  2.863  -83.944  12.100 0.0000000000
137580  2.752  -77.302  12.233 0.0000000000
137613  6.807  -85.716  13.009 0.0000000000
137785  4.094  -83.474  13.343 0.0000000000
138158  1.214  -94.331  4.604 0.0000000000
138222  7.923  -85.460  9.275 0.0000000000
138315  7.429  -76.412  5.136 0.0000000000
138384  -0.132  -71.205  14.214 0.0000000000
138501  2.924  -86.605  16.278 0.0000000000
138612  7.596  -78.592  3.817 0.0000000000
138667  1.669  -80.335  8.982 0.0000000000
138878  9.162  -80.258  12.649 0.0000000000
138888  3.432  -84.108  -3.317 0.0000000000
138949  7.438  -77.723  12.842 0.0000000000
139078  13.793  -76.922  9.755 0.0000000000
139084  5.409  -86.485  2.288 0.0000000000
139086  5.346  -86.804  0.805 0.0000000000
139136  -0.323  -73.769  15.016 0.0000000000
139176  0.888  -82.608  12.260 0.0000000000
139500  10.098  -84.023  8.826 0.0000000000
139563  5.418  -80.690  4.304 0.0000000000
139694  10.580  -70.651  6.215 0.0000000000
139828  11.795  -82.027  5.591 0.0000000000
139881  11.071  -72.731  5.521 0.0000000000
140102  8.190  -67.290  15.418 0.0000000000
140116  0.151  -88.142  -10.629 0.0000000000
140309  7.042  -80.671  -6.216 0.0000000000
140325  10.177  -77.708  10.695 0.0000000000
140361  -1.249  -86.303  -9.926 0.0000000000
140363  -0.408  -82.129  -3.935 0.0000000000
140398  8.876  -59.970  12.882 0.0000000000
140507  -0.285  -86.060  -2.884 0.0000000000
140551  10.200  -91.178  -18.453 0.0000000000
140656  1.328  -82.780  15.114 0.0000000000
140696  2.173  -89.356  -6.663 0.0000000000
140703  4.567  -83.244  -0.864 0.0000000000
140858  4.389  -83.133  0.461 0.0000000000
140885  9.073  -77.779  3.806 0.0000000000
141037  2.667  -84.266  2.455 0.0000000000
141618  1.126  -91.397  3.097 0.0000000000
141625  12.471  -64.387  6.521 0.0000000000
141635  0.512  -84.948  18.337 0.0000000000
141731  10.264  -75.835  9.885 0.0000000000
141791  8.532  -74.638  16.174 0.0000000000
142249  8.024  -69.641  6.524 0.0000000000
142409  7.447  -77.266  5.026 0.0000000000
142563  2.152  -83.400  11.498 0.0000000000
142610  11.412  -86.420  -16.801 0.0000000000
142617  1.206  -83.105  11.144 0.0000000000
142841  14.797  -64.331  6.599 0.0000000000
142868  -0.398  -89.655  4.783 0.0000000000
142987  9.251  -77.016  4.827 0.0000000000
143092  0.708  -81.907  11.117 0.0000000000
143231  14.072  -78.673  8.254 0.0000000000
143299  9.632  -91.679  -17.624 0.0000000000
143320  2.977  -94.614  -11.498 0.0000000000
143333  2.380  -66.268  11.078 0.0000000000
143379  -0.519  -85.524  -5.535 0.0000000000
143643  16.169  -91.500  -19.724 0.0000000000
143762  2.777  -58.862  9.719 0.0000000000
144000  7.810  -79.563  -1.295 0.0000000000
144025  6.557  -83.135  14.462 0.0000000000
144090  3.504  -59.004  8.664 0.0000000000
144366  9.028  -84.537  4.385 0.0000000000
144478  14.356  -75.522  8.833 0.0000000000
144624  13.209  -93.037  -18.486 0.0000000000
144715  1.942  -71.513  11.188 0.0000000000
144724  1.843  -81.858  10.765 0.0000000000
144749  3.399  -88.250  7.344 0.0000000000
144768  4.663  -73.865  15.890 0.0000000000
144775  6.354  -85.246  -7.948 0.0000000000
144900  0.090  -85.159  2.836 0.0000000000
144965  12.399  -76.540  5.773 0.0000000000
144976  2.628  -73.844  13.697 0.0000000000
145021  8.970  -84.488  2.829 0.0000000000
145066  -0.007  -79.595  9.493 0.0000000000
145078  3.556  -88.256  -13.245 0.0000000000
145292  12.964  -80.688  8.478 0.0000000000
145334  3.797  -73.286  8.695 0.0000000000
145338  8.370  -66.045  15.034 0.0000000000
145397  -0.317  -67.323  12.605 0.0000000000
145431  13.023  -78.895  2.324 0.0000000000
145470  6.454  -64.456  15.919 0.0000000000
145523  1.870  -68.730  11.420 0.0000000000
146281  2.129  -91.725  6.125 0.0000000000
146326  4.687  -80.685  14.008 0.0000000000
146679  7.150  -67.021  16.184 0.0000000000
146726  0.275  -77.197  14.885 0.0000000000
146869  6.361  -72.654  16.532 0.0000000000
146877  1.059  -88.396  11.134 0.0000000000
146919  5.213  -98.283  -9.348 0.0000000000
146964  2.281  -85.439  -0.332 0.0000000000
147219  9.287  -65.832  7.963 0.0000000000
147270  12.559  -81.164  8.038 0.0000000000
147284  10.735  -83.523  7.433 0.0000000000
147386  -0.124  -90.973  -5.745 0.0000000000
147544  14.163  -74.921  6.603 0.0000000000
147616  0.891  -84.023  18.925 0.0000000000
147690  12.086  -71.974  7.286 0.0000000000
147725  4.834  -87.534  5.824 0.0000000000
147757  10.732  -83.538  2.075 0.0000000000
147829  0.486  -75.782  15.204 0.0000000000
148009  4.571  -82.310  -16.773 0.0000000000
148154  -0.882  -79.850  8.127 0.0000000000
148241  0.248  -88.919  14.028 0.0000000000
148259  9.597  -75.333  5.427 0.0000000000
148288  -0.685  -71.907  14.875 0.0000000000
148384  3.814  -87.270  15.159 0.0000000000
148439  1.095  -86.029  -7.154 0.0000000000
148464  5.501  -78.685  10.874 0.0000000000
148567  7.758  -85.502  -0.196 0.0000000000
148657  13.202  -92.424  -15.568 0.0000000000
148675  11.623  -90.698  -19.132 0.0000000000
148741  0.813  -88.655  6.888 0.0000000000
148805  9.809  -80.891  -4.432 0.0000000000
148882  19.324  -63.062  7.702 0.0000000000
149007  0.042  -85.504  -11.709 0.0000000000
149249  13.196  -90.466  -8.175 0.0000000000
149308  7.143  -79.368  1.093 0.0000000000
149399  14.201  -78.254  7.998 0.0000000000
149418  5.958  -67.885  6.841 0.0000000000
149441  0.567  -91.767  -1.331 0.0000000000
149541  -0.054  -86.603  -6.985 0.0000000000
149698  2.792  -90.839  10.513 0.0000000000
149738  7.571  -64.915  15.507 0.0000000000
149768  3.869  -81.380  -5.405 0.0000000000
149777  13.677  -89.626  -10.617 0.0000000000
149835  2.958  -89.023  -6.572 0.0000000000
149895  -0.210  -88.805  -2.320 0.0000000000
149918  6.950  -58.459  7.306 0.0000000000
149958  14.576  -81.404  -19.217 0.0000000000
149973  -0.479  -65.507  13.425 0.0000000000
150042  1.156  -87.813  11.496 0.0000000000
150326  0.367  -83.334  6.577 0.0000000000
150391  13.547  -78.938  4.697 0.0000000000
150462  0.584  -94.616  3.026 0.0000000000
150534  7.694  -56.196  10.221 0.0000000000
150578  7.230  -72.825  7.038 0.0000000000
150691  9.243  -84.273  11.257 0.0000000000
150698  8.389  -87.647  -6.968 0.0000000000
