
Wed Mar 11 15:16:50 CET 2026
cd /out/sourcedata/freesurfer/sub-v2s18x29506_ses-1
setenv SUBJECTS_DIR /out/sourcedata/freesurfer
/opt/freesurfer/bin/recon-all -autorecon-hemi lh -noparcstats -noparcstats2 -noparcstats3 -nohyporelabel -nobalabels -lh-only -openmp 16 -subjid sub-v2s18x29506_ses-1 -sd /out/sourcedata/freesurfer

subjid sub-v2s18x29506_ses-1
setenv SUBJECTS_DIR /out/sourcedata/freesurfer
FREESURFER_HOME /opt/freesurfer
Actual FREESURFER_HOME /opt/freesurfer
build-stamp.txt: freesurfer-linux-ubuntu22_x86_64-7.3.2-20220804-6354275
Linux dna044 5.14.0-427.37.1.el9_4.x86_64 #1 SMP PREEMPT_DYNAMIC Fri Sep 13 12:41:50 EDT 2024 x86_64 x86_64 x86_64 GNU/Linux
cputime      unlimited
filesize     unlimited
datasize     unlimited
stacksize    8192 kbytes
coredumpsize 0 kbytes
memoryuse    67108864 kbytes
vmemoryuse   unlimited
descriptors  1024 
memorylocked unlimited
maxproc      2061970 
maxlocks     unlimited
maxsignal    4126352 
maxmessage   819200 
maxnice      0 
maxrtprio    0 
maxrttime    unlimited

               total        used        free      shared  buff/cache   available
Mem:           1.0Ti       164Gi       771Gi       9.9Gi        70Gi       827Gi
Swap:             0B          0B          0B

########################################
program versions used
7.3.2 (freesurfer-linux-ubuntu22_x86_64-7.3.2-20220804-6354275)
7.3.2

ProgramName: lta_convert  ProgramArguments: lta_convert -all-info  ProgramVersion: 7.3.2  TimeStamp: 2026/03/11-14:16:50-GMT  BuildTime: Aug  4 2022 06:17:15  BuildStamp: freesurfer-linux-ubuntu22_x86_64-7.3.2-20220804-6354275  User: oesteban  Machine: dna044  Platform: Linux  PlatformVersion: 5.14.0-427.37.1.el9_4.x86_64  CompilerName: GCC  CompilerVersion: 8.4.0
ProgramName: mri_and  ProgramArguments: mri_and -all-info  ProgramVersion: 7.3.2  TimeStamp: 2026/03/11-14:16:50-GMT  BuildTime: Aug  4 2022 06:17:15  BuildStamp: freesurfer-linux-ubuntu22_x86_64-7.3.2-20220804-6354275  User: oesteban  Machine: dna044  Platform: Linux  PlatformVersion: 5.14.0-427.37.1.el9_4.x86_64  CompilerName: GCC  CompilerVersion: 8.4.0
ProgramName: mri_annotation2label  ProgramArguments: mri_annotation2label -all-info  ProgramVersion: 7.3.2  TimeStamp: 2026/03/11-14:16:50-GMT  BuildTime: Aug  4 2022 06:17:15  BuildStamp: freesurfer-linux-ubuntu22_x86_64-7.3.2-20220804-6354275  User: oesteban  Machine: dna044  Platform: Linux  PlatformVersion: 5.14.0-427.37.1.el9_4.x86_64  CompilerName: GCC  CompilerVersion: 8.4.0
ProgramName: mri_aparc2aseg  ProgramArguments: mri_aparc2aseg -all-info  ProgramVersion: 7.3.2  TimeStamp: 2026/03/11-14:16:50-GMT  BuildTime: Aug  4 2022 06:17:15  BuildStamp: freesurfer-linux-ubuntu22_x86_64-7.3.2-20220804-6354275  User: oesteban  Machine: dna044  Platform: Linux  PlatformVersion: 5.14.0-427.37.1.el9_4.x86_64  CompilerName: GCC  CompilerVersion: 8.4.0
ProgramName: mri_surf2volseg  ProgramArguments: mri_surf2volseg -all-info  ProgramVersion: 7.3.2  TimeStamp: 2026/03/11-14:16:50-GMT  BuildTime: Aug  4 2022 06:17:15  BuildStamp: freesurfer-linux-ubuntu22_x86_64-7.3.2-20220804-6354275  User: oesteban  Machine: dna044  Platform: Linux  PlatformVersion: 5.14.0-427.37.1.el9_4.x86_64  CompilerName: GCC  CompilerVersion: 8.4.0
ProgramName: mri_binarize  ProgramArguments: mri_binarize -all-info  ProgramVersion: 7.3.2  TimeStamp: 2026/03/11-14:16:50-GMT  BuildTime: Aug  4 2022 06:17:15  BuildStamp: freesurfer-linux-ubuntu22_x86_64-7.3.2-20220804-6354275  User: oesteban  Machine: dna044  Platform: Linux  PlatformVersion: 5.14.0-427.37.1.el9_4.x86_64  CompilerName: GCC  CompilerVersion: 8.4.0
ProgramName: mri_ca_label  ProgramArguments: mri_ca_label -all-info  ProgramVersion: 7.3.2  TimeStamp: 2026/03/11-14:16:50-GMT  BuildTime: Aug  4 2022 06:17:15  BuildStamp: freesurfer-linux-ubuntu22_x86_64-7.3.2-20220804-6354275  User: oesteban  Machine: dna044  Platform: Linux  PlatformVersion: 5.14.0-427.37.1.el9_4.x86_64  CompilerName: GCC  CompilerVersion: 8.4.0
ProgramName: mri_ca_normalize  ProgramArguments: mri_ca_normalize -all-info  ProgramVersion: 7.3.2  TimeStamp: 2026/03/11-14:16:50-GMT  BuildTime: Aug  4 2022 06:17:15  BuildStamp: freesurfer-linux-ubuntu22_x86_64-7.3.2-20220804-6354275  User: oesteban  Machine: dna044  Platform: Linux  PlatformVersion: 5.14.0-427.37.1.el9_4.x86_64  CompilerName: GCC  CompilerVersion: 8.4.0
ProgramName: mri_ca_register  ProgramArguments: mri_ca_register -all-info  ProgramVersion: 7.3.2  TimeStamp: 2026/03/11-14:16:50-GMT  BuildTime: Aug  4 2022 06:17:15  BuildStamp: freesurfer-linux-ubuntu22_x86_64-7.3.2-20220804-6354275  User: oesteban  Machine: dna044  Platform: Linux  PlatformVersion: 5.14.0-427.37.1.el9_4.x86_64  CompilerName: GCC  CompilerVersion: 8.4.0
ProgramName: mri_cc  ProgramArguments: mri_cc -all-info  ProgramVersion: 7.3.2  TimeStamp: 2026/03/11-14:16:50-GMT  BuildTime: Aug  4 2022 06:17:15  BuildStamp: freesurfer-linux-ubuntu22_x86_64-7.3.2-20220804-6354275  User: oesteban  Machine: dna044  Platform: Linux  PlatformVersion: 5.14.0-427.37.1.el9_4.x86_64  CompilerName: GCC  CompilerVersion: 8.4.0
ProgramName: mri_compute_overlap  ProgramArguments: mri_compute_overlap -all-info  ProgramVersion: 7.3.2  TimeStamp: 2026/03/11-14:16:50-GMT  BuildTime: Aug  4 2022 06:17:15  BuildStamp: freesurfer-linux-ubuntu22_x86_64-7.3.2-20220804-6354275  User: oesteban  Machine: dna044  Platform: Linux  PlatformVersion: 5.14.0-427.37.1.el9_4.x86_64  CompilerName: GCC  CompilerVersion: 8.4.0
ProgramName: mri_compute_seg_overlap  ProgramArguments: mri_compute_seg_overlap -all-info  ProgramVersion: 7.3.2  TimeStamp: 2026/03/11-14:16:50-GMT  BuildTime: Aug  4 2022 06:17:15  BuildStamp: freesurfer-linux-ubuntu22_x86_64-7.3.2-20220804-6354275  User: oesteban  Machine: dna044  Platform: Linux  PlatformVersion: 5.14.0-427.37.1.el9_4.x86_64  CompilerName: GCC  CompilerVersion: 8.4.0
ProgramName: mri_concat  ProgramArguments: mri_concat -all-info  ProgramVersion: 7.3.2  TimeStamp: 2026/03/11-14:16:50-GMT  BuildTime: Aug  4 2022 06:17:15  BuildStamp: freesurfer-linux-ubuntu22_x86_64-7.3.2-20220804-6354275  User: oesteban  Machine: dna044  Platform: Linux  PlatformVersion: 5.14.0-427.37.1.el9_4.x86_64  CompilerName: GCC  CompilerVersion: 8.4.0
ProgramName: mri_concatenate_lta  ProgramArguments: mri_concatenate_lta -all-info  ProgramVersion: 7.3.2  TimeStamp: 2026/03/11-14:16:50-GMT  BuildTime: Aug  4 2022 06:17:15  BuildStamp: freesurfer-linux-ubuntu22_x86_64-7.3.2-20220804-6354275  User: oesteban  Machine: dna044  Platform: Linux  PlatformVersion: 5.14.0-427.37.1.el9_4.x86_64  CompilerName: GCC  CompilerVersion: 8.4.0
mri_convert -all-info 
ProgramName: mri_convert  ProgramArguments: mri_convert -all-info  ProgramVersion: 7.3.2  TimeStamp: 2026/03/11-14:16:50-GMT  BuildTime: Aug  4 2022 06:17:15  BuildStamp: freesurfer-linux-ubuntu22_x86_64-7.3.2-20220804-6354275  User: oesteban  Machine: dna044  Platform: Linux  PlatformVersion: 5.14.0-427.37.1.el9_4.x86_64  CompilerName: GCC  CompilerVersion: 8.4.0
ProgramName: mri_diff  ProgramArguments: mri_diff -all-info  ProgramVersion: 7.3.2  TimeStamp: 2026/03/11-14:16:50-GMT  BuildTime: Aug  4 2022 06:17:15  BuildStamp: freesurfer-linux-ubuntu22_x86_64-7.3.2-20220804-6354275  User: oesteban  Machine: dna044  Platform: Linux  PlatformVersion: 5.14.0-427.37.1.el9_4.x86_64  CompilerName: GCC  CompilerVersion: 8.4.0
ProgramName: mri_edit_wm_with_aseg  ProgramArguments: mri_edit_wm_with_aseg -all-info  ProgramVersion: 7.3.2  TimeStamp: 2026/03/11-14:16:50-GMT  BuildTime: Aug  4 2022 06:17:15  BuildStamp: freesurfer-linux-ubuntu22_x86_64-7.3.2-20220804-6354275  User: oesteban  Machine: dna044  Platform: Linux  PlatformVersion: 5.14.0-427.37.1.el9_4.x86_64  CompilerName: GCC  CompilerVersion: 8.4.0
ProgramName: mri_em_register  ProgramArguments: mri_em_register -all-info  ProgramVersion: 7.3.2  TimeStamp: 2026/03/11-14:16:50-GMT  BuildTime: Aug  4 2022 06:17:15  BuildStamp: freesurfer-linux-ubuntu22_x86_64-7.3.2-20220804-6354275  User: oesteban  Machine: dna044  Platform: Linux  PlatformVersion: 5.14.0-427.37.1.el9_4.x86_64  CompilerName: GCC  CompilerVersion: 8.4.0
ProgramName: mri_fill  ProgramArguments: mri_fill -all-info  ProgramVersion: 7.3.2  TimeStamp: 2026/03/11-14:16:50-GMT  BuildTime: Aug  4 2022 06:17:15  BuildStamp: freesurfer-linux-ubuntu22_x86_64-7.3.2-20220804-6354275  User: oesteban  Machine: dna044  Platform: Linux  PlatformVersion: 5.14.0-427.37.1.el9_4.x86_64  CompilerName: GCC  CompilerVersion: 8.4.0
ProgramName: mri_fuse_segmentations  ProgramArguments: mri_fuse_segmentations -all-info  ProgramVersion: 7.3.2  TimeStamp: 2026/03/11-14:16:50-GMT  BuildTime: Aug  4 2022 06:17:15  BuildStamp: freesurfer-linux-ubuntu22_x86_64-7.3.2-20220804-6354275  User: oesteban  Machine: dna044  Platform: Linux  PlatformVersion: 5.14.0-427.37.1.el9_4.x86_64  CompilerName: GCC  CompilerVersion: 8.4.0
ProgramName: mri_fwhm  ProgramArguments: mri_fwhm -all-info  ProgramVersion: 7.3.2  TimeStamp: 2026/03/11-14:16:50-GMT  BuildTime: Aug  4 2022 06:17:15  BuildStamp: freesurfer-linux-ubuntu22_x86_64-7.3.2-20220804-6354275  User: oesteban  Machine: dna044  Platform: Linux  PlatformVersion: 5.14.0-427.37.1.el9_4.x86_64  CompilerName: GCC  CompilerVersion: 8.4.0
ProgramName: mri_gcut  ProgramArguments: mri_gcut -all-info  ProgramVersion: 7.3.2  TimeStamp: 2026/03/11-14:16:50-GMT  BuildTime: Aug  4 2022 06:17:15  BuildStamp: freesurfer-linux-ubuntu22_x86_64-7.3.2-20220804-6354275  User: oesteban  Machine: dna044  Platform: Linux  PlatformVersion: 5.14.0-427.37.1.el9_4.x86_64  CompilerName: GCC  CompilerVersion: 8.4.0
ProgramName: mri_info  ProgramArguments: mri_info -all-info  ProgramVersion: 7.3.2  TimeStamp: 2026/03/11-14:16:50-GMT  BuildTime: Aug  4 2022 06:17:15  BuildStamp: freesurfer-linux-ubuntu22_x86_64-7.3.2-20220804-6354275  User: oesteban  Machine: dna044  Platform: Linux  PlatformVersion: 5.14.0-427.37.1.el9_4.x86_64  CompilerName: GCC  CompilerVersion: 8.4.0
ProgramName: mri_label2label  ProgramArguments: mri_label2label -all-info  ProgramVersion: 7.3.2  TimeStamp: 2026/03/11-14:16:50-GMT  BuildTime: Aug  4 2022 06:17:15  BuildStamp: freesurfer-linux-ubuntu22_x86_64-7.3.2-20220804-6354275  User: oesteban  Machine: dna044  Platform: Linux  PlatformVersion: 5.14.0-427.37.1.el9_4.x86_64  CompilerName: GCC  CompilerVersion: 8.4.0
ProgramName: mri_label2vol  ProgramArguments: mri_label2vol -all-info  ProgramVersion: 7.3.2  TimeStamp: 2026/03/11-14:16:50-GMT  BuildTime: Aug  4 2022 06:17:15  BuildStamp: freesurfer-linux-ubuntu22_x86_64-7.3.2-20220804-6354275  User: oesteban  Machine: dna044  Platform: Linux  PlatformVersion: 5.14.0-427.37.1.el9_4.x86_64  CompilerName: GCC  CompilerVersion: 8.4.0
ProgramName: mri_log_likelihood  ProgramArguments: mri_log_likelihood -all-info  ProgramVersion: 7.3.2  TimeStamp: 2026/03/11-14:16:50-GMT  BuildTime: Aug  4 2022 06:17:15  BuildStamp: freesurfer-linux-ubuntu22_x86_64-7.3.2-20220804-6354275  User: oesteban  Machine: dna044  Platform: Linux  PlatformVersion: 5.14.0-427.37.1.el9_4.x86_64  CompilerName: GCC  CompilerVersion: 8.4.0
ProgramName: mri_mask  ProgramArguments: mri_mask -all-info  ProgramVersion: 7.3.2  TimeStamp: 2026/03/11-14:16:50-GMT  BuildTime: Aug  4 2022 06:17:15  BuildStamp: freesurfer-linux-ubuntu22_x86_64-7.3.2-20220804-6354275  User: oesteban  Machine: dna044  Platform: Linux  PlatformVersion: 5.14.0-427.37.1.el9_4.x86_64  CompilerName: GCC  CompilerVersion: 8.4.0
ProgramName: mri_matrix_multiply  ProgramArguments: mri_matrix_multiply -all-info  ProgramVersion: 7.3.2  TimeStamp: 2026/03/11-14:16:50-GMT  BuildTime: Aug  4 2022 06:17:15  BuildStamp: freesurfer-linux-ubuntu22_x86_64-7.3.2-20220804-6354275  User: oesteban  Machine: dna044  Platform: Linux  PlatformVersion: 5.14.0-427.37.1.el9_4.x86_64  CompilerName: GCC  CompilerVersion: 8.4.0
ProgramName: mri_normalize  ProgramArguments: mri_normalize -all-info  ProgramVersion: 7.3.2  TimeStamp: 2026/03/11-14:16:50-GMT  BuildTime: Aug  4 2022 06:17:15  BuildStamp: freesurfer-linux-ubuntu22_x86_64-7.3.2-20220804-6354275  User: oesteban  Machine: dna044  Platform: Linux  PlatformVersion: 5.14.0-427.37.1.el9_4.x86_64  CompilerName: GCC  CompilerVersion: 8.4.0
ProgramName: mri_normalize_tp2  ProgramArguments: mri_normalize_tp2 -all-info  ProgramVersion: 7.3.2  TimeStamp: 2026/03/11-14:16:50-GMT  BuildTime: Aug  4 2022 06:17:15  BuildStamp: freesurfer-linux-ubuntu22_x86_64-7.3.2-20220804-6354275  User: oesteban  Machine: dna044  Platform: Linux  PlatformVersion: 5.14.0-427.37.1.el9_4.x86_64  CompilerName: GCC  CompilerVersion: 8.4.0
ProgramName: mri_or  ProgramArguments: mri_or -all-info  ProgramVersion: 7.3.2  TimeStamp: 2026/03/11-14:16:50-GMT  BuildTime: Aug  4 2022 06:17:15  BuildStamp: freesurfer-linux-ubuntu22_x86_64-7.3.2-20220804-6354275  User: oesteban  Machine: dna044  Platform: Linux  PlatformVersion: 5.14.0-427.37.1.el9_4.x86_64  CompilerName: GCC  CompilerVersion: 8.4.0
ProgramName: mri_relabel_hypointensities  ProgramArguments: mri_relabel_hypointensities -all-info  ProgramVersion: 7.3.2  TimeStamp: 2026/03/11-14:16:50-GMT  BuildTime: Aug  4 2022 06:17:15  BuildStamp: freesurfer-linux-ubuntu22_x86_64-7.3.2-20220804-6354275  User: oesteban  Machine: dna044  Platform: Linux  PlatformVersion: 5.14.0-427.37.1.el9_4.x86_64  CompilerName: GCC  CompilerVersion: 8.4.0
ProgramName: mri_relabel_nonwm_hypos  ProgramArguments: mri_relabel_nonwm_hypos -all-info  ProgramVersion: 7.3.2  TimeStamp: 2026/03/11-14:16:50-GMT  BuildTime: Aug  4 2022 06:17:15  BuildStamp: freesurfer-linux-ubuntu22_x86_64-7.3.2-20220804-6354275  User: oesteban  Machine: dna044  Platform: Linux  PlatformVersion: 5.14.0-427.37.1.el9_4.x86_64  CompilerName: GCC  CompilerVersion: 8.4.0
ProgramName: mri_remove_neck  ProgramArguments: mri_remove_neck -all-info  ProgramVersion: 7.3.2  TimeStamp: 2026/03/11-14:16:50-GMT  BuildTime: Aug  4 2022 06:17:15  BuildStamp: freesurfer-linux-ubuntu22_x86_64-7.3.2-20220804-6354275  User: oesteban  Machine: dna044  Platform: Linux  PlatformVersion: 5.14.0-427.37.1.el9_4.x86_64  CompilerName: GCC  CompilerVersion: 8.4.0
7.3.2

ProgramName: mri_robust_register  ProgramArguments: mri_robust_register -all-info  ProgramVersion: 7.3.2  TimeStamp: 2026/03/11-14:16:50-GMT  BuildTime: Aug  4 2022 06:17:15  BuildStamp: freesurfer-linux-ubuntu22_x86_64-7.3.2-20220804-6354275  User: oesteban  Machine: dna044  Platform: Linux  PlatformVersion: 5.14.0-427.37.1.el9_4.x86_64  CompilerName: GCC  CompilerVersion: 8.4.0
7.3.2

ProgramName: mri_robust_template  ProgramArguments: mri_robust_template -all-info  ProgramVersion: 7.3.2  TimeStamp: 2026/03/11-14:16:50-GMT  BuildTime: Aug  4 2022 06:17:15  BuildStamp: freesurfer-linux-ubuntu22_x86_64-7.3.2-20220804-6354275  User: oesteban  Machine: dna044  Platform: Linux  PlatformVersion: 5.14.0-427.37.1.el9_4.x86_64  CompilerName: GCC  CompilerVersion: 8.4.0
ProgramName: mris_anatomical_stats  ProgramArguments: mris_anatomical_stats -all-info  ProgramVersion: 7.3.2  TimeStamp: 2026/03/11-14:16:50-GMT  BuildTime: Aug  4 2022 06:17:15  BuildStamp: freesurfer-linux-ubuntu22_x86_64-7.3.2-20220804-6354275  User: oesteban  Machine: dna044  Platform: Linux  PlatformVersion: 5.14.0-427.37.1.el9_4.x86_64  CompilerName: GCC  CompilerVersion: 8.4.0
ProgramName: mris_ca_label  ProgramArguments: mris_ca_label -all-info  ProgramVersion: 7.3.2  TimeStamp: 2026/03/11-14:16:50-GMT  BuildTime: Aug  4 2022 06:17:15  BuildStamp: freesurfer-linux-ubuntu22_x86_64-7.3.2-20220804-6354275  User: oesteban  Machine: dna044  Platform: Linux  PlatformVersion: 5.14.0-427.37.1.el9_4.x86_64  CompilerName: GCC  CompilerVersion: 8.4.0
ProgramName: mris_calc  ProgramArguments: mris_calc -all-info  ProgramVersion: 7.3.2  TimeStamp: 2026/03/11-14:16:50-GMT  BuildTime: Aug  4 2022 06:17:15  BuildStamp: freesurfer-linux-ubuntu22_x86_64-7.3.2-20220804-6354275  User: oesteban  Machine: dna044  Platform: Linux  PlatformVersion: 5.14.0-427.37.1.el9_4.x86_64  CompilerName: GCC  CompilerVersion: 8.4.0
ProgramName: mris_convert  ProgramArguments: mris_convert -all-info  ProgramVersion: 7.3.2  TimeStamp: 2026/03/11-14:16:50-GMT  BuildTime: Aug  4 2022 06:17:15  BuildStamp: freesurfer-linux-ubuntu22_x86_64-7.3.2-20220804-6354275  User: oesteban  Machine: dna044  Platform: Linux  PlatformVersion: 5.14.0-427.37.1.el9_4.x86_64  CompilerName: GCC  CompilerVersion: 8.4.0
ProgramName: mris_curvature  ProgramArguments: mris_curvature -all-info  ProgramVersion: 7.3.2  TimeStamp: 2026/03/11-14:16:50-GMT  BuildTime: Aug  4 2022 06:17:15  BuildStamp: freesurfer-linux-ubuntu22_x86_64-7.3.2-20220804-6354275  User: oesteban  Machine: dna044  Platform: Linux  PlatformVersion: 5.14.0-427.37.1.el9_4.x86_64  CompilerName: GCC  CompilerVersion: 8.4.0
ProgramName: mris_curvature_stats  ProgramArguments: mris_curvature_stats -all-info  ProgramVersion: 7.3.2  TimeStamp: 2026/03/11-14:16:50-GMT  BuildTime: Aug  4 2022 06:17:15  BuildStamp: freesurfer-linux-ubuntu22_x86_64-7.3.2-20220804-6354275  User: oesteban  Machine: dna044  Platform: Linux  PlatformVersion: 5.14.0-427.37.1.el9_4.x86_64  CompilerName: GCC  CompilerVersion: 8.4.0
ProgramName: mris_diff  ProgramArguments: mris_diff -all-info  ProgramVersion: 7.3.2  TimeStamp: 2026/03/11-14:16:50-GMT  BuildTime: Aug  4 2022 06:17:15  BuildStamp: freesurfer-linux-ubuntu22_x86_64-7.3.2-20220804-6354275  User: oesteban  Machine: dna044  Platform: Linux  PlatformVersion: 5.14.0-427.37.1.el9_4.x86_64  CompilerName: GCC  CompilerVersion: 8.4.0
ProgramName: mris_divide_parcellation  ProgramArguments: mris_divide_parcellation -all-info  ProgramVersion: 7.3.2  TimeStamp: 2026/03/11-14:16:50-GMT  BuildTime: Aug  4 2022 06:17:15  BuildStamp: freesurfer-linux-ubuntu22_x86_64-7.3.2-20220804-6354275  User: oesteban  Machine: dna044  Platform: Linux  PlatformVersion: 5.14.0-427.37.1.el9_4.x86_64  CompilerName: GCC  CompilerVersion: 8.4.0
ProgramName: mri_segment  ProgramArguments: mri_segment -all-info  ProgramVersion: 7.3.2  TimeStamp: 2026/03/11-14:16:50-GMT  BuildTime: Aug  4 2022 06:17:15  BuildStamp: freesurfer-linux-ubuntu22_x86_64-7.3.2-20220804-6354275  User: oesteban  Machine: dna044  Platform: Linux  PlatformVersion: 5.14.0-427.37.1.el9_4.x86_64  CompilerName: GCC  CompilerVersion: 8.4.0
ProgramName: mri_segstats  ProgramArguments: mri_segstats -all-info  ProgramVersion: 7.3.2  TimeStamp: 2026/03/11-14:16:50-GMT  BuildTime: Aug  4 2022 06:17:15  BuildStamp: freesurfer-linux-ubuntu22_x86_64-7.3.2-20220804-6354275  User: oesteban  Machine: dna044  Platform: Linux  PlatformVersion: 5.14.0-427.37.1.el9_4.x86_64  CompilerName: GCC  CompilerVersion: 8.4.0
ProgramName: mris_euler_number  ProgramArguments: mris_euler_number -all-info  ProgramVersion: 7.3.2  TimeStamp: 2026/03/11-14:16:50-GMT  BuildTime: Aug  4 2022 06:17:15  BuildStamp: freesurfer-linux-ubuntu22_x86_64-7.3.2-20220804-6354275  User: oesteban  Machine: dna044  Platform: Linux  PlatformVersion: 5.14.0-427.37.1.el9_4.x86_64  CompilerName: GCC  CompilerVersion: 8.4.0
ProgramName: mris_fix_topology  ProgramArguments: mris_fix_topology -all-info  ProgramVersion: 7.3.2  TimeStamp: 2026/03/11-14:16:50-GMT  BuildTime: Aug  4 2022 06:17:15  BuildStamp: freesurfer-linux-ubuntu22_x86_64-7.3.2-20220804-6354275  User: oesteban  Machine: dna044  Platform: Linux  PlatformVersion: 5.14.0-427.37.1.el9_4.x86_64  CompilerName: GCC  CompilerVersion: 8.4.0
ProgramName: mris_topo_fixer  ProgramArguments: mris_topo_fixer -all-info  ProgramVersion: 7.3.2  TimeStamp: 2026/03/11-14:16:50-GMT  BuildTime: Aug  4 2022 06:17:15  BuildStamp: freesurfer-linux-ubuntu22_x86_64-7.3.2-20220804-6354275  User: oesteban  Machine: dna044  Platform: Linux  PlatformVersion: 5.14.0-427.37.1.el9_4.x86_64  CompilerName: GCC  CompilerVersion: 8.4.0
ProgramName: mris_jacobian  ProgramArguments: mris_jacobian -all-info  ProgramVersion: 7.3.2  TimeStamp: 2026/03/11-14:16:50-GMT  BuildTime: Aug  4 2022 06:17:15  BuildStamp: freesurfer-linux-ubuntu22_x86_64-7.3.2-20220804-6354275  User: oesteban  Machine: dna044  Platform: Linux  PlatformVersion: 5.14.0-427.37.1.el9_4.x86_64  CompilerName: GCC  CompilerVersion: 8.4.0
ProgramName: mris_label2annot  ProgramArguments: mris_label2annot -all-info  ProgramVersion: 7.3.2  TimeStamp: 2026/03/11-14:16:50-GMT  BuildTime: Aug  4 2022 06:17:15  BuildStamp: freesurfer-linux-ubuntu22_x86_64-7.3.2-20220804-6354275  User: oesteban  Machine: dna044  Platform: Linux  PlatformVersion: 5.14.0-427.37.1.el9_4.x86_64  CompilerName: GCC  CompilerVersion: 8.4.0
ProgramName: mris_left_right_register  ProgramArguments: mris_left_right_register -all-info  ProgramVersion: 7.3.2  TimeStamp: 2026/03/11-14:16:50-GMT  BuildTime: Aug  4 2022 06:17:15  BuildStamp: freesurfer-linux-ubuntu22_x86_64-7.3.2-20220804-6354275  User: oesteban  Machine: dna044  Platform: Linux  PlatformVersion: 5.14.0-427.37.1.el9_4.x86_64  CompilerName: GCC  CompilerVersion: 8.4.0
ProgramName: mris_place_surface  ProgramArguments: mris_place_surface -all-info  ProgramVersion: 7.3.2  TimeStamp: 2026/03/11-14:16:50-GMT  BuildTime: Aug  4 2022 06:17:15  BuildStamp: freesurfer-linux-ubuntu22_x86_64-7.3.2-20220804-6354275  User: oesteban  Machine: dna044  Platform: Linux  PlatformVersion: 5.14.0-427.37.1.el9_4.x86_64  CompilerName: GCC  CompilerVersion: 8.4.0
ProgramName: mrisp_paint  ProgramArguments: mrisp_paint -all-info  ProgramVersion: 7.3.2  TimeStamp: 2026/03/11-14:16:50-GMT  BuildTime: Aug  4 2022 06:17:15  BuildStamp: freesurfer-linux-ubuntu22_x86_64-7.3.2-20220804-6354275  User: oesteban  Machine: dna044  Platform: Linux  PlatformVersion: 5.14.0-427.37.1.el9_4.x86_64  CompilerName: GCC  CompilerVersion: 8.4.0
ProgramName: mris_register  ProgramArguments: mris_register -all-info  ProgramVersion: 7.3.2  TimeStamp: 2026/03/11-14:16:50-GMT  BuildTime: Aug  4 2022 06:17:15  BuildStamp: freesurfer-linux-ubuntu22_x86_64-7.3.2-20220804-6354275  User: oesteban  Machine: dna044  Platform: Linux  PlatformVersion: 5.14.0-427.37.1.el9_4.x86_64  CompilerName: GCC  CompilerVersion: 8.4.0
ProgramName: mris_smooth  ProgramArguments: mris_smooth -all-info  ProgramVersion: 7.3.2  TimeStamp: 2026/03/11-14:16:50-GMT  BuildTime: Aug  4 2022 06:17:15  BuildStamp: freesurfer-linux-ubuntu22_x86_64-7.3.2-20220804-6354275  User: oesteban  Machine: dna044  Platform: Linux  PlatformVersion: 5.14.0-427.37.1.el9_4.x86_64  CompilerName: GCC  CompilerVersion: 8.4.0
ProgramName: mris_sphere  ProgramArguments: mris_sphere -all-info  ProgramVersion: 7.3.2  TimeStamp: 2026/03/11-14:16:50-GMT  BuildTime: Aug  4 2022 06:17:15  BuildStamp: freesurfer-linux-ubuntu22_x86_64-7.3.2-20220804-6354275  User: oesteban  Machine: dna044  Platform: Linux  PlatformVersion: 5.14.0-427.37.1.el9_4.x86_64  CompilerName: GCC  CompilerVersion: 8.4.0
ProgramName: mris_surface_stats  ProgramArguments: mris_surface_stats -all-info  ProgramVersion: 7.3.2  TimeStamp: 2026/03/11-14:16:50-GMT  BuildTime: Aug  4 2022 06:17:15  BuildStamp: freesurfer-linux-ubuntu22_x86_64-7.3.2-20220804-6354275  User: oesteban  Machine: dna044  Platform: Linux  PlatformVersion: 5.14.0-427.37.1.el9_4.x86_64  CompilerName: GCC  CompilerVersion: 8.4.0
ProgramName: mri_stats2seg  ProgramArguments: mri_stats2seg -all-info  ProgramVersion: 7.3.2  TimeStamp: 2026/03/11-14:16:50-GMT  BuildTime: Aug  4 2022 06:17:15  BuildStamp: freesurfer-linux-ubuntu22_x86_64-7.3.2-20220804-6354275  User: oesteban  Machine: dna044  Platform: Linux  PlatformVersion: 5.14.0-427.37.1.el9_4.x86_64  CompilerName: GCC  CompilerVersion: 8.4.0
ProgramName: mris_thickness  ProgramArguments: mris_thickness -all-info  ProgramVersion: 7.3.2  TimeStamp: 2026/03/11-14:16:50-GMT  BuildTime: Aug  4 2022 06:17:15  BuildStamp: freesurfer-linux-ubuntu22_x86_64-7.3.2-20220804-6354275  User: oesteban  Machine: dna044  Platform: Linux  PlatformVersion: 5.14.0-427.37.1.el9_4.x86_64  CompilerName: GCC  CompilerVersion: 8.4.0
ProgramName: mris_thickness_diff  ProgramArguments: mris_thickness_diff -all-info  ProgramVersion: 7.3.2  TimeStamp: 2026/03/11-14:16:50-GMT  BuildTime: Aug  4 2022 06:17:15  BuildStamp: freesurfer-linux-ubuntu22_x86_64-7.3.2-20220804-6354275  User: oesteban  Machine: dna044  Platform: Linux  PlatformVersion: 5.14.0-427.37.1.el9_4.x86_64  CompilerName: GCC  CompilerVersion: 8.4.0
ProgramName: mris_topo_fixer  ProgramArguments: mris_topo_fixer -all-info  ProgramVersion: 7.3.2  TimeStamp: 2026/03/11-14:16:50-GMT  BuildTime: Aug  4 2022 06:17:15  BuildStamp: freesurfer-linux-ubuntu22_x86_64-7.3.2-20220804-6354275  User: oesteban  Machine: dna044  Platform: Linux  PlatformVersion: 5.14.0-427.37.1.el9_4.x86_64  CompilerName: GCC  CompilerVersion: 8.4.0
ProgramName: mri_surf2surf  ProgramArguments: mri_surf2surf -all-info  ProgramVersion: 7.3.2  TimeStamp: 2026/03/11-14:16:50-GMT  BuildTime: Aug  4 2022 06:17:15  BuildStamp: freesurfer-linux-ubuntu22_x86_64-7.3.2-20220804-6354275  User: oesteban  Machine: dna044  Platform: Linux  PlatformVersion: 5.14.0-427.37.1.el9_4.x86_64  CompilerName: GCC  CompilerVersion: 8.4.0
ProgramName: mri_surf2vol  ProgramArguments: mri_surf2vol -all-info  ProgramVersion: 7.3.2  TimeStamp: 2026/03/11-14:16:50-GMT  BuildTime: Aug  4 2022 06:17:15  BuildStamp: freesurfer-linux-ubuntu22_x86_64-7.3.2-20220804-6354275  User: oesteban  Machine: dna044  Platform: Linux  PlatformVersion: 5.14.0-427.37.1.el9_4.x86_64  CompilerName: GCC  CompilerVersion: 8.4.0
ProgramName: mri_surfcluster  ProgramArguments: mri_surfcluster -all-info  ProgramVersion: 7.3.2  TimeStamp: 2026/03/11-14:16:50-GMT  BuildTime: Aug  4 2022 06:17:15  BuildStamp: freesurfer-linux-ubuntu22_x86_64-7.3.2-20220804-6354275  User: oesteban  Machine: dna044  Platform: Linux  PlatformVersion: 5.14.0-427.37.1.el9_4.x86_64  CompilerName: GCC  CompilerVersion: 8.4.0
ProgramName: mris_volmask  ProgramArguments: mris_volmask -all-info  ProgramVersion: 7.3.2  TimeStamp: 2026/03/11-14:16:50-GMT  BuildTime: Aug  4 2022 06:17:15  BuildStamp: freesurfer-linux-ubuntu22_x86_64-7.3.2-20220804-6354275  User: oesteban  Machine: dna044  Platform: Linux  PlatformVersion: 5.14.0-427.37.1.el9_4.x86_64  CompilerName: GCC  CompilerVersion: 8.4.0
ProgramName: mri_tessellate  ProgramArguments: mri_tessellate -all-info  ProgramVersion: 7.3.2  TimeStamp: 2026/03/11-14:16:50-GMT  BuildTime: Aug  4 2022 06:17:15  BuildStamp: freesurfer-linux-ubuntu22_x86_64-7.3.2-20220804-6354275  User: oesteban  Machine: dna044  Platform: Linux  PlatformVersion: 5.14.0-427.37.1.el9_4.x86_64  CompilerName: GCC  CompilerVersion: 8.4.0
ProgramName: mri_vol2surf  ProgramArguments: mri_vol2surf -all-info  ProgramVersion: 7.3.2  TimeStamp: 2026/03/11-14:16:50-GMT  BuildTime: Aug  4 2022 06:17:15  BuildStamp: freesurfer-linux-ubuntu22_x86_64-7.3.2-20220804-6354275  User: oesteban  Machine: dna044  Platform: Linux  PlatformVersion: 5.14.0-427.37.1.el9_4.x86_64  CompilerName: GCC  CompilerVersion: 8.4.0
ProgramName: mri_vol2vol  ProgramArguments: mri_vol2vol -all-info  ProgramVersion: 7.3.2  TimeStamp: 2026/03/11-14:16:50-GMT  BuildTime: Aug  4 2022 06:17:15  BuildStamp: freesurfer-linux-ubuntu22_x86_64-7.3.2-20220804-6354275  User: oesteban  Machine: dna044  Platform: Linux  PlatformVersion: 5.14.0-427.37.1.el9_4.x86_64  CompilerName: GCC  CompilerVersion: 8.4.0
ProgramName: mri_voldiff  ProgramArguments: mri_voldiff -all-info  ProgramVersion: 7.3.2  TimeStamp: 2026/03/11-14:16:50-GMT  BuildTime: Aug  4 2022 06:17:15  BuildStamp: freesurfer-linux-ubuntu22_x86_64-7.3.2-20220804-6354275  User: oesteban  Machine: dna044  Platform: Linux  PlatformVersion: 5.14.0-427.37.1.el9_4.x86_64  CompilerName: GCC  CompilerVersion: 8.4.0
ProgramName: mri_watershed  ProgramArguments: mri_watershed -all-info  ProgramVersion: 7.3.2  TimeStamp: 2026/03/11-14:16:50-GMT  BuildTime: Aug  4 2022 06:17:15  BuildStamp: freesurfer-linux-ubuntu22_x86_64-7.3.2-20220804-6354275  User: oesteban  Machine: dna044  Platform: Linux  PlatformVersion: 5.14.0-427.37.1.el9_4.x86_64  CompilerName: GCC  CompilerVersion: 8.4.0
ProgramName: tkregister2  ProgramArguments: tkregister2_cmdl -all-info  ProgramVersion: 7.3.2  TimeStamp: 2026/03/11-14:16:50-GMT  BuildTime: Aug  4 2022 06:17:15  BuildStamp: freesurfer-linux-ubuntu22_x86_64-7.3.2-20220804-6354275  User: oesteban  Machine: dna044  Platform: Linux  PlatformVersion: 5.14.0-427.37.1.el9_4.x86_64  CompilerName: GCC  CompilerVersion: 8.4.0
mri_motion_correct.fsl 7.3.2
mri_convert -all-info 
ProgramName: mri_convert  ProgramArguments: mri_convert -all-info  ProgramVersion: 7.3.2  TimeStamp: 2026/03/11-14:16:50-GMT  BuildTime: Aug  4 2022 06:17:15  BuildStamp: freesurfer-linux-ubuntu22_x86_64-7.3.2-20220804-6354275  User: oesteban  Machine: dna044  Platform: Linux  PlatformVersion: 5.14.0-427.37.1.el9_4.x86_64  CompilerName: GCC  CompilerVersion: 8.4.0
Program nu_correct, built from:
Package MNI N3, version 1.12.0, compiled by nicks@terrier (x86_64-unknown-linux-gnu) on 2015-06-19 at 01:25:34
#######################################
GCADIR /opt/freesurfer/average
GCA RB_all_2020-01-02.gca
GCASkull RB_all_withskull_2020_01_02.gca
AvgCurvTif folding.atlas.acfb40.noaparc.i12.2016-08-02.tif
GCSDIR /opt/freesurfer/average
GCS DKaparc.atlas.acfb40.noaparc.i12.2016-08-02.gcs
#######################################
#--------------------------------------------
#@# Tessellate lh Wed Mar 11 15:16:50 CET 2026
/out/sourcedata/freesurfer/sub-v2s18x29506_ses-1/scripts

 mri_pretess ../mri/filled.mgz 255 ../mri/norm.mgz ../mri/filled-pretess255.mgz 


Iteration Number : 1
pass   1 (xy+):   3 found -   3 modified     |    TOTAL:   3
pass   2 (xy+):   0 found -   3 modified     |    TOTAL:   3
pass   1 (xy-):   0 found -   0 modified     |    TOTAL:   3
pass   1 (yz+):  18 found -  18 modified     |    TOTAL:  21
pass   2 (yz+):   0 found -  18 modified     |    TOTAL:  21
pass   1 (yz-):  13 found -  13 modified     |    TOTAL:  34
pass   2 (yz-):   0 found -  13 modified     |    TOTAL:  34
pass   1 (xz+):   1 found -   1 modified     |    TOTAL:  35
pass   2 (xz+):   0 found -   1 modified     |    TOTAL:  35
pass   1 (xz-):   0 found -   0 modified     |    TOTAL:  35
Iteration Number : 1
pass   1 (+++):   0 found -   0 modified     |    TOTAL:   0
pass   1 (+++):   0 found -   0 modified     |    TOTAL:   0
pass   1 (+++):   0 found -   0 modified     |    TOTAL:   0
pass   1 (+++):   0 found -   0 modified     |    TOTAL:   0
Iteration Number : 1
pass   1 (++):   0 found -   0 modified     |    TOTAL:   0
pass   1 (+-):   0 found -   0 modified     |    TOTAL:   0
pass   1 (--):   2 found -   2 modified     |    TOTAL:   2
pass   2 (--):   0 found -   2 modified     |    TOTAL:   2
pass   1 (-+):   1 found -   1 modified     |    TOTAL:   3
pass   2 (-+):   0 found -   1 modified     |    TOTAL:   3
Iteration Number : 2
pass   1 (xy+):   0 found -   0 modified     |    TOTAL:   0
pass   1 (xy-):   0 found -   0 modified     |    TOTAL:   0
pass   1 (yz+):   0 found -   0 modified     |    TOTAL:   0
pass   1 (yz-):   0 found -   0 modified     |    TOTAL:   0
pass   1 (xz+):   0 found -   0 modified     |    TOTAL:   0
pass   1 (xz-):   0 found -   0 modified     |    TOTAL:   0
Iteration Number : 2
pass   1 (+++):   0 found -   0 modified     |    TOTAL:   0
pass   1 (+++):   0 found -   0 modified     |    TOTAL:   0
pass   1 (+++):   0 found -   0 modified     |    TOTAL:   0
pass   1 (+++):   0 found -   0 modified     |    TOTAL:   0
Iteration Number : 2
pass   1 (++):   0 found -   0 modified     |    TOTAL:   0
pass   1 (+-):   0 found -   0 modified     |    TOTAL:   0
pass   1 (--):   0 found -   0 modified     |    TOTAL:   0
pass   1 (-+):   0 found -   0 modified     |    TOTAL:   0

Total Number of Modified Voxels = 38 (out of 350353: 0.010846)
Ambiguous edge configurations... 

mri_pretess done


 mri_tessellate ../mri/filled-pretess255.mgz 255 ../surf/lh.orig.nofix 

7.3.2
  7.3.2
slice 30: 1609 vertices, 1762 faces
slice 40: 8282 vertices, 8540 faces
slice 50: 18197 vertices, 18555 faces
slice 60: 30058 vertices, 30461 faces
slice 70: 42017 vertices, 42451 faces
slice 80: 53124 vertices, 53529 faces
slice 90: 64619 vertices, 65035 faces
slice 100: 76780 vertices, 77231 faces
slice 110: 88643 vertices, 89057 faces
slice 120: 100076 vertices, 100503 faces
slice 130: 111828 vertices, 112250 faces
slice 140: 123332 vertices, 123724 faces
slice 150: 133622 vertices, 133982 faces
slice 160: 142629 vertices, 142965 faces
slice 170: 150982 vertices, 151280 faces
slice 180: 157836 vertices, 158067 faces
slice 190: 163565 vertices, 163760 faces
slice 200: 167691 vertices, 167813 faces
slice 210: 168716 vertices, 168730 faces
slice 220: 168716 vertices, 168730 faces
slice 230: 168716 vertices, 168730 faces
slice 240: 168716 vertices, 168730 faces
slice 250: 168716 vertices, 168730 faces
using the conformed surface RAS to save vertex points...
writing ../surf/lh.orig.nofix
using vox2ras matrix:
-1.00000   0.00000   0.00000   128.00000;
 0.00000   0.00000   1.00000  -128.00000;
 0.00000  -1.00000   0.00000   128.00000;
 0.00000   0.00000   0.00000   1.00000;

 rm -f ../mri/filled-pretess255.mgz 


 mris_extract_main_component ../surf/lh.orig.nofix ../surf/lh.orig.nofix 


counting number of connected components...
   168716 voxel in cpt #1: X=-14 [v=168716,e=506190,f=337460] located at (-29.798519, -20.898054, 20.934334)
For the whole surface: X=-14 [v=168716,e=506190,f=337460]
One single component has been found
nothing to do
done

#--------------------------------------------
#@# Smooth1 lh Wed Mar 11 15:16:53 CET 2026
/out/sourcedata/freesurfer/sub-v2s18x29506_ses-1/scripts

 mris_smooth -nw -seed 1234 ../surf/lh.orig.nofix ../surf/lh.smoothwm.nofix 

setting seed for random number generator to 1234
smoothing surface tessellation for 10 iterations...
smoothing complete - recomputing first and second fundamental forms...
#--------------------------------------------
#@# Inflation1 lh Wed Mar 11 15:16:57 CET 2026
/out/sourcedata/freesurfer/sub-v2s18x29506_ses-1/scripts

 mris_inflate -no-save-sulc ../surf/lh.smoothwm.nofix ../surf/lh.inflated.nofix 

Not saving sulc
Reading ../surf/lh.smoothwm.nofix
avg radius = 52.8 mm, total surface area = 91953 mm^2
step 000: RMS=0.146 (target=0.015)   step 005: RMS=0.111 (target=0.015)   step 010: RMS=0.082 (target=0.015)   step 015: RMS=0.066 (target=0.015)   step 020: RMS=0.055 (target=0.015)   step 025: RMS=0.047 (target=0.015)   step 030: RMS=0.041 (target=0.015)   step 035: RMS=0.037 (target=0.015)   step 040: RMS=0.034 (target=0.015)   step 045: RMS=0.032 (target=0.015)   step 050: RMS=0.031 (target=0.015)   step 055: RMS=0.030 (target=0.015)   step 060: RMS=0.030 (target=0.015)   writing inflated surface to ../surf/lh.inflated.nofix
inflation took 0.2 minutes

inflation complete.
Not saving sulc
mris_inflate utimesec    65.274908
mris_inflate stimesec    2.529371
mris_inflate ru_maxrss   265852
mris_inflate ru_ixrss    0
mris_inflate ru_idrss    0
mris_inflate ru_isrss    0
mris_inflate ru_minflt   673567
mris_inflate ru_majflt   39
mris_inflate ru_nswap    0
mris_inflate ru_inblock  1672
mris_inflate ru_oublock  11872
mris_inflate ru_msgsnd   0
mris_inflate ru_msgrcv   0
mris_inflate ru_nsignals 0
mris_inflate ru_nvcsw    16023
mris_inflate ru_nivcsw   584
#--------------------------------------------
#@# QSphere lh Wed Mar 11 15:17:12 CET 2026
/out/sourcedata/freesurfer/sub-v2s18x29506_ses-1/scripts

 mris_sphere -q -p 6 -a 128 -seed 1234 ../surf/lh.inflated.nofix ../surf/lh.qsphere.nofix 

doing quick spherical unfolding.
limitting unfolding to 6 passes
using n_averages = 128
setting seed for random number genererator to 1234
version: 7.3.2
available threads: 16
scaling brain by 0.275...
inflating...
projecting onto sphere...
surface projected - minimizing metric distortion...
vertex spacing 0.89 +- 0.54 (0.00-->6.33) (max @ vno 121809 --> 121833)
face area 0.02 +- 0.03 (-0.16-->0.49)
Entering MRISinflateToSphere()
inflating to sphere (rms error < 2.00)
000: dt: 0.0000, rms radial error=176.915, avgs=0
005/300: dt: 0.9000, rms radial error=176.653, avgs=0
010/300: dt: 0.9000, rms radial error=176.091, avgs=0
015/300: dt: 0.9000, rms radial error=175.353, avgs=0
020/300: dt: 0.9000, rms radial error=174.510, avgs=0
025/300: dt: 0.9000, rms radial error=173.608, avgs=0
030/300: dt: 0.9000, rms radial error=172.673, avgs=0
035/300: dt: 0.9000, rms radial error=171.725, avgs=0
040/300: dt: 0.9000, rms radial error=170.779, avgs=0
045/300: dt: 0.9000, rms radial error=169.831, avgs=0
050/300: dt: 0.9000, rms radial error=168.885, avgs=0
055/300: dt: 0.9000, rms radial error=167.942, avgs=0
060/300: dt: 0.9000, rms radial error=167.002, avgs=0
065/300: dt: 0.9000, rms radial error=166.067, avgs=0
070/300: dt: 0.9000, rms radial error=165.137, avgs=0
075/300: dt: 0.9000, rms radial error=164.212, avgs=0
080/300: dt: 0.9000, rms radial error=163.292, avgs=0
085/300: dt: 0.9000, rms radial error=162.377, avgs=0
090/300: dt: 0.9000, rms radial error=161.467, avgs=0
095/300: dt: 0.9000, rms radial error=160.562, avgs=0
100/300: dt: 0.9000, rms radial error=159.662, avgs=0
105/300: dt: 0.9000, rms radial error=158.767, avgs=0
110/300: dt: 0.9000, rms radial error=157.877, avgs=0
115/300: dt: 0.9000, rms radial error=156.992, avgs=0
120/300: dt: 0.9000, rms radial error=156.112, avgs=0
125/300: dt: 0.9000, rms radial error=155.236, avgs=0
130/300: dt: 0.9000, rms radial error=154.366, avgs=0
135/300: dt: 0.9000, rms radial error=153.500, avgs=0
140/300: dt: 0.9000, rms radial error=152.638, avgs=0
145/300: dt: 0.9000, rms radial error=151.782, avgs=0
150/300: dt: 0.9000, rms radial error=150.930, avgs=0
155/300: dt: 0.9000, rms radial error=150.082, avgs=0
160/300: dt: 0.9000, rms radial error=149.239, avgs=0
165/300: dt: 0.9000, rms radial error=148.401, avgs=0
170/300: dt: 0.9000, rms radial error=147.568, avgs=0
175/300: dt: 0.9000, rms radial error=146.739, avgs=0
180/300: dt: 0.9000, rms radial error=145.914, avgs=0
185/300: dt: 0.9000, rms radial error=145.094, avgs=0
190/300: dt: 0.9000, rms radial error=144.279, avgs=0
195/300: dt: 0.9000, rms radial error=143.468, avgs=0
200/300: dt: 0.9000, rms radial error=142.663, avgs=0
205/300: dt: 0.9000, rms radial error=141.861, avgs=0
210/300: dt: 0.9000, rms radial error=141.064, avgs=0
215/300: dt: 0.9000, rms radial error=140.271, avgs=0
220/300: dt: 0.9000, rms radial error=139.483, avgs=0
225/300: dt: 0.9000, rms radial error=138.699, avgs=0
230/300: dt: 0.9000, rms radial error=137.919, avgs=0
235/300: dt: 0.9000, rms radial error=137.144, avgs=0
240/300: dt: 0.9000, rms radial error=136.373, avgs=0
245/300: dt: 0.9000, rms radial error=135.606, avgs=0
250/300: dt: 0.9000, rms radial error=134.843, avgs=0
255/300: dt: 0.9000, rms radial error=134.085, avgs=0
260/300: dt: 0.9000, rms radial error=133.331, avgs=0
265/300: dt: 0.9000, rms radial error=132.581, avgs=0
270/300: dt: 0.9000, rms radial error=131.835, avgs=0
275/300: dt: 0.9000, rms radial error=131.094, avgs=0
280/300: dt: 0.9000, rms radial error=130.356, avgs=0
285/300: dt: 0.9000, rms radial error=129.623, avgs=0
290/300: dt: 0.9000, rms radial error=128.894, avgs=0
295/300: dt: 0.9000, rms radial error=128.169, avgs=0
300/300: dt: 0.9000, rms radial error=127.447, avgs=0

spherical inflation complete.
epoch 1 (K=10.0), pass 1, starting sse = 20382.31
taking momentum steps...
taking momentum steps...
taking momentum steps...
taking momentum steps...
pass 1 complete, delta sse/iter = 0.00/13 = 0.00021
epoch 2 (K=40.0), pass 1, starting sse = 3606.71
taking momentum steps...
taking momentum steps...
taking momentum steps...
taking momentum steps...
pass 1 complete, delta sse/iter = 0.00/13 = 0.00011
epoch 3 (K=160.0), pass 1, starting sse = 389.28
taking momentum steps...
taking momentum steps...
taking momentum steps...
taking momentum steps...
pass 1 complete, delta sse/iter = 0.10/16 = 0.00614
epoch 4 (K=640.0), pass 1, starting sse = 19.09
taking momentum steps...
taking momentum steps...
taking momentum steps...
taking momentum steps...
pass 1 complete, delta sse/iter = 0.26/29 = 0.00880
final distance error %100000.00
writing spherical brain to ../surf/lh.qsphere.nofix
spherical transformation took 0.0205 hours
FSRUNTIME@ mris_sphere  0.0205 hours 16 threads
#VMPC# mris_sphere VmPeak  2059928
mris_sphere done
#@# Fix Topology lh Wed Mar 11 15:18:25 CET 2026

 mris_fix_topology -mgz -sphere qsphere.nofix -inflated inflated.nofix -orig orig.nofix -out orig.premesh -ga -seed 1234 sub-v2s18x29506_ses-1 lh 

reading spherical homeomorphism from 'qsphere.nofix'
reading inflated coordinates from 'inflated.nofix'
reading original coordinates from 'orig.nofix'
using genetic algorithm with optimized parameters
setting seed for random number genererator to 1234

*************************************************************
Topology Correction Parameters
retessellation mode:           genetic search
number of patches/generation : 10
number of generations :        10
surface mri loglikelihood coefficient :         1.0
volume mri loglikelihood coefficient :          10.0
normal dot loglikelihood coefficient :          1.0
quadratic curvature loglikelihood coefficient : 1.0
volume resolution :                             2
eliminate vertices during search :              1
initial patch selection :                       1
select all defect vertices :                    0
ordering dependant retessellation:              0
use precomputed edge table :                    0
smooth retessellated patch :                    2
match retessellated patch :                     1
verbose mode :                                  0

*************************************************************
INFO: assuming .mgz format
writing corrected surface to 'orig.premesh'
7.3.2
  7.3.2
before topology correction, eno=-14 (nv=168716, nf=337460, ne=506190, g=8)
using quasi-homeomorphic spherical map to tessellate cortical surface...

Correction of the Topology
Finding true center and radius of Spherical Surface...done
Surface centered at (0,0,0) with radius 100.0 in 8 iterations
marking ambiguous vertices...
2454 ambiguous faces found in tessellation
segmenting defects...
16 defects found, arbitrating ambiguous regions...
analyzing neighboring defects...
16 defects to be corrected 
0 vertices coincident
reading input surface /out/sourcedata/freesurfer/sub-v2s18x29506_ses-1/surf/lh.qsphere.nofix...
reading brain volume from brain...
reading wm segmentation from wm...
Reading original properties of orig.nofix
Reading vertex positions of inflated.nofix
Computing Initial Surface Statistics
      -face       loglikelihood: -9.6625  (-4.8312)
      -vertex     loglikelihood: -6.5420  (-3.2710)
      -normal dot loglikelihood: -3.6541  (-3.6541)
      -quad curv  loglikelihood: -6.0738  (-3.0369)
      Total Loglikelihood : -25.9324
CORRECTING DEFECT 0 (vertices=125, convex hull=144, v0=4338)
After retessellation of defect 0 (v0=4338), euler #=-12 (167275,501398,334111) : difference with theory (-13) = -1 
CORRECTING DEFECT 1 (vertices=11, convex hull=34, v0=9608)
After retessellation of defect 1 (v0=9608), euler #=-11 (167276,501411,334124) : difference with theory (-12) = -1 
CORRECTING DEFECT 2 (vertices=277, convex hull=70, v0=10548)
After retessellation of defect 2 (v0=10548), euler #=-10 (167290,501484,334184) : difference with theory (-11) = -1 
CORRECTING DEFECT 3 (vertices=19, convex hull=23, v0=30960)
After retessellation of defect 3 (v0=30960), euler #=-9 (167291,501493,334193) : difference with theory (-10) = -1 
CORRECTING DEFECT 4 (vertices=24, convex hull=77, v0=48600)
After retessellation of defect 4 (v0=48600), euler #=-8 (167308,501576,334260) : difference with theory (-9) = -1 
CORRECTING DEFECT 5 (vertices=231, convex hull=198, v0=64292)
After retessellation of defect 5 (v0=64292), euler #=-7 (167362,501833,334464) : difference with theory (-8) = -1 
CORRECTING DEFECT 6 (vertices=41, convex hull=35, v0=68706)
After retessellation of defect 6 (v0=68706), euler #=-6 (167369,501867,334492) : difference with theory (-7) = -1 
CORRECTING DEFECT 7 (vertices=18, convex hull=39, v0=69175)
After retessellation of defect 7 (v0=69175), euler #=-5 (167374,501894,334515) : difference with theory (-6) = -1 
CORRECTING DEFECT 8 (vertices=59, convex hull=66, v0=110101)
After retessellation of defect 8 (v0=110101), euler #=-4 (167396,501988,334588) : difference with theory (-5) = -1 
CORRECTING DEFECT 9 (vertices=164, convex hull=43, v0=110424)
After retessellation of defect 9 (v0=110424), euler #=-3 (167408,502042,334631) : difference with theory (-4) = -1 
CORRECTING DEFECT 10 (vertices=7, convex hull=13, v0=114812)
After retessellation of defect 10 (v0=114812), euler #=-2 (167409,502047,334636) : difference with theory (-3) = -1 
CORRECTING DEFECT 11 (vertices=89, convex hull=103, v0=115973)
After retessellation of defect 11 (v0=115973), euler #=-1 (167451,502216,334764) : difference with theory (-2) = -1 
CORRECTING DEFECT 12 (vertices=184, convex hull=115, v0=118044)
After retessellation of defect 12 (v0=118044), euler #=-1 (167468,502332,334863) : difference with theory (-1) = 0 
CORRECTING DEFECT 13 (vertices=17, convex hull=23, v0=120653)
After retessellation of defect 13 (v0=120653), euler #=0 (167470,502347,334877) : difference with theory (0) = 0 
CORRECTING DEFECT 14 (vertices=153, convex hull=53, v0=131405)
After retessellation of defect 14 (v0=131405), euler #=1 (167491,502432,334942) : difference with theory (1) = 0 
CORRECTING DEFECT 15 (vertices=52, convex hull=82, v0=135534)
After retessellation of defect 15 (v0=135534), euler #=2 (167519,502551,335034) : difference with theory (2) = 0 
computing original vertex metric properties...
storing new metric properties...
computing tessellation statistics...
vertex spacing 0.89 +- 0.21 (0.08-->7.98) (max @ vno 4339 --> 7951)
face area -nan +- -nan (1000.00-->-1.00)
performing soap bubble on retessellated vertices for 0 iterations...
vertex spacing 0.89 +- 0.21 (0.08-->7.98) (max @ vno 4339 --> 7951)
face area -nan +- -nan (1000.00-->-1.00)
tessellation finished, orienting corrected surface...
65 mutations (35.7%), 117 crossovers (64.3%), 116 vertices were eliminated
building final representation...
1197 vertices and 0 faces have been removed from triangulation
after topology correction, eno=2 (nv=167519, nf=335034, ne=502551, g=0)
writing corrected surface to /out/sourcedata/freesurfer/sub-v2s18x29506_ses-1/surf/lh.orig.premesh...

0.000 % of the vertices (0 vertices) exhibit an orientation change
removing intersecting faces
000: 122 intersecting
001: 2 intersecting
terminating search with 0 intersecting
topology fixing took 1.0 minutes
FSRUNTIME@ mris_fix_topology lh  0.0163 hours 16 threads
#VMPC# mris_fix_topology VmPeak  1884524

 mris_euler_number ../surf/lh.orig.premesh 

euler # = v-e+f = 2g-2: 167519 - 502551 + 335034 = 2 --> 0 holes
      F =2V-4:          335034 = 335038-4 (0)
      2E=3F:            1005102 = 1005102 (0)

total defect index = 0
Wed Mar 11 15:19:25 CET 2026

setenv SUBJECTS_DIR /out/sourcedata/freesurfer
cd /out/sourcedata/freesurfer/sub-v2s18x29506_ses-1/scripts
/opt/freesurfer/bin/defect2seg --s sub-v2s18x29506_ses-1 --lh-only --cortex

freesurfer-linux-ubuntu22_x86_64-7.3.2-20220804-6354275
defect2seg 7.3.2
Linux dna044 5.14.0-427.37.1.el9_4.x86_64 #1 SMP PREEMPT_DYNAMIC Fri Sep 13 12:41:50 EDT 2024 x86_64 x86_64 x86_64 GNU/Linux
pid 2849564
mri_label2label --label-cortex /out/sourcedata/freesurfer/sub-v2s18x29506_ses-1/surf/lh.orig.nofix /out/sourcedata/freesurfer/sub-v2s18x29506_ses-1/mri/aseg.presurf.mgz 0 /out/sourcedata/freesurfer/sub-v2s18x29506_ses-1/label/lh.nofix.cortex.label

 Generating cortex label... RemoveHipAmgy=0
 NucAccIsMedialWall=0
 mris->useRealRAS=0
9 non-cortical segments detected
only using segment with 9452 vertices
erasing segment 1 (vno[0] = 117121)
erasing segment 2 (vno[0] = 118277)
erasing segment 3 (vno[0] = 119358)
erasing segment 4 (vno[0] = 120505)
erasing segment 5 (vno[0] = 121683)
erasing segment 6 (vno[0] = 121737)
erasing segment 7 (vno[0] = 124111)
erasing segment 8 (vno[0] = 125149)
mri_label2vol --defects /out/sourcedata/freesurfer/sub-v2s18x29506_ses-1/surf/lh.orig.nofix /out/sourcedata/freesurfer/sub-v2s18x29506_ses-1/surf/lh.defect_labels /out/sourcedata/freesurfer/sub-v2s18x29506_ses-1/mri/orig.mgz 1000 0 /out/sourcedata/freesurfer/sub-v2s18x29506_ses-1/mri/lh.surface.defects.mgz /out/sourcedata/freesurfer/sub-v2s18x29506_ses-1/label/lh.nofix.cortex.label
mri_label2vol supposed to be reproducible but seed not set
Contraining to label /out/sourcedata/freesurfer/sub-v2s18x29506_ses-1/label/lh.nofix.cortex.label
Changing input type 0 to MRI_INT
Converting defects to volume: offset=1000, merge=0
Writing to /out/sourcedata/freesurfer/sub-v2s18x29506_ses-1/mri/lh.surface.defects.mgz
mris_defects_pointset -s /out/sourcedata/freesurfer/sub-v2s18x29506_ses-1/surf/lh.orig.nofix -d /out/sourcedata/freesurfer/sub-v2s18x29506_ses-1/surf/lh.defect_labels -o /out/sourcedata/freesurfer/sub-v2s18x29506_ses-1/surf/lh.defects.pointset --label /out/sourcedata/freesurfer/sub-v2s18x29506_ses-1/label/lh.nofix.cortex.label
Reading in surface /out/sourcedata/freesurfer/sub-v2s18x29506_ses-1/surf/lh.orig.nofix
Reading in defect segmentation /out/sourcedata/freesurfer/sub-v2s18x29506_ses-1/surf/lh.defect_labels
Reading in label /out/sourcedata/freesurfer/sub-v2s18x29506_ses-1/label/lh.nofix.cortex.label
#VMPC# mris_defects_pointset 1551720
mris_defects_pointset done
 
Started at Wed Mar 11 15:19:25 CET 2026 
Ended   at Wed Mar 11 15:19:45 CET 2026
Defect2seg-Run-Time-Sec 20
Defect2seg-Run-Time-Min 0.40
Defect2seg-Run-Time-Hours 0.01
 
tkmeditfv sub-v2s18x29506_ses-1 brain.finalsurfs.mgz -defect
defect2seg Done

 mris_remesh --remesh --iters 3 --input /out/sourcedata/freesurfer/sub-v2s18x29506_ses-1/surf/lh.orig.premesh --output /out/sourcedata/freesurfer/sub-v2s18x29506_ses-1/surf/lh.orig 

iters = 3
standard remeshing without target
   adjusted l: 0.710785
remeshing to edge length 0.710785 with 3 iterations

avg qual before   : 0.892646  after: 0.971236

Removing intersections
Remeshed surface quality stats nv0 = 167519  nv = 175272  1.04628
Area    350540  0.30267  0.03358 0.068866   0.4635
Corner 1051620 60.00000  8.79062 17.625716 143.6766
Edge    525810  0.84402  0.08229 0.446274   1.2301
Hinge   525810  9.29519  9.87098 0.000004 125.4852
mris_remesh done
/out/sourcedata/freesurfer/sub-v2s18x29506_ses-1/scripts

 mris_remove_intersection ../surf/lh.orig ../surf/lh.orig 

intersection removal took 0.00 hours
writing corrected surface to ../surf/lh.orig

 rm -f ../surf/lh.inflated 

#--------------------------------------------
#@# AutoDetGWStats lh Wed Mar 11 15:20:25 CET 2026
cd /out/sourcedata/freesurfer/sub-v2s18x29506_ses-1/mri
mris_autodet_gwstats --o ../surf/autodet.gw.stats.lh.dat --i brain.finalsurfs.mgz --wm wm.mgz --surf ../surf/lh.orig.premesh
7.3.2

cd /out/sourcedata/freesurfer/sub-v2s18x29506_ses-1/mri
setenv SUBJECTS_DIR /out/sourcedata/freesurfer
mris_autodet_gwstats --o ../surf/autodet.gw.stats.lh.dat --i brain.finalsurfs.mgz --wm wm.mgz --surf ../surf/lh.orig.premesh 

border white:    306667 voxels (1.83%)
border gray      342413 voxels (2.04%)
Reading in intensity volume brain.finalsurfs.mgz
Reading in wm volume wm.mgz
Reading in surf ../surf/lh.orig.premesh
Auto detecting stats
MRIclipBrightWM(): nthresh=25576, wmmin=5, clip=110 
Binarizing thresholding at 5
computing class statistics... low=30, hi=110.000000
CCS WM (98.0): 97.7 +- 9.1 [70.0 --> 110.0]
CCS GM (68.0) : 67.8 +- 10.5 [30.0 --> 110.0]
white_mean = 97.7447 +/- 9.06481, gray_mean = 67.847 +/- 10.4864
using class modes intead of means, discounting robust sigmas....
MRIScomputeClassModes(): min=0 max=211 nbins=212
intensity peaks found at WM=103+-7.0,    GM=62+-7.8
white_mode = 103, gray_mode = 62
std_scale = 1
Applying sanity checks, max_scale_down = 0.2
setting MIN_GRAY_AT_WHITE_BORDER to 51.5 (was 70.000000)
setting MAX_BORDER_WHITE to 112.1 (was 105.000000)
setting MIN_BORDER_WHITE to 62.0 (was 85.000000)
setting MAX_CSF to 41.0 (was 40.000000)
setting MAX_GRAY to 93.9 (was 95.000000)
setting MAX_GRAY_AT_CSF_BORDER to 51.5 (was 75.000000)
setting MIN_GRAY_AT_CSF_BORDER to 30.5 (was 40.000000)
When placing the white surface
  white_border_hi   = 112.065;
  white_border_low  = 62;
  white_outside_low = 51.5136;
  white_inside_hi   = 120;
  white_outside_hi  = 112.065;
When placing the pial surface
  pial_border_hi   = 51.5136;
  pial_border_low  = 30.5408;
  pial_outside_low = 10;
  pial_inside_hi   = 93.9352;
  pial_outside_hi  = 46.2704;
#VMPC# mris_autodet_gwstats VmPeak  1375696
mris_autodet_gwstats done
#--------------------------------------------
#@# WhitePreAparc lh Wed Mar 11 15:20:28 CET 2026
cd /out/sourcedata/freesurfer/sub-v2s18x29506_ses-1/mri
mris_place_surface --adgws-in ../surf/autodet.gw.stats.lh.dat --wm wm.mgz --threads 16 --invol brain.finalsurfs.mgz --lh --i ../surf/lh.orig --o ../surf/lh.white.preaparc --white --seg aseg.presurf.mgz --nsmooth 5
7.3.2
7.3.2

cd /out/sourcedata/freesurfer/sub-v2s18x29506_ses-1/mri
setenv SUBJECTS_DIR /out/sourcedata/freesurfer
mris_place_surface --adgws-in ../surf/autodet.gw.stats.lh.dat --wm wm.mgz --threads 16 --invol brain.finalsurfs.mgz --lh --i ../surf/lh.orig --o ../surf/lh.white.preaparc --white --seg aseg.presurf.mgz --nsmooth 5 

Reading in input surface ../surf/lh.orig
Smoothing surface before ripping with 5 iterations
Area    350540  0.26892  0.06311 0.001909   0.6108
Corner 1051620 60.00000  9.42368 5.207225 133.7132
Edge    525810  0.79176  0.11399 0.032203   1.3066
Hinge   525810  6.26010  6.35776 0.000002 137.6190
Not reading in aparc
Reading in input volume brain.finalsurfs.mgz
Reading in wm volume wm.mgz
MRIclipBrightWM(): nthresh=25576, wmmin=5, clip=110 
MRIfindBrightNonWM(): 55 bright non-wm voxels segmented.
Masking bright non-wm for white surface
MRImask(): AllowDiffGeom = 1
MRImask(): AllowDiffGeom = 1
Reading in seg volume aseg.presurf.mgz
Ripping frozen voxels
INFO: rip surface needed but not specified, so using input surface
Freezing midline and others
Entering: MRISripMidline(): inhibiting deformation at non-cortical midline structures...
  which=1, fix_mtl=0, using annot = 0
#FML0# MRISripMidline(): nripped=0
removing 3 vertices from ripped group in thread:0
removing 4 vertices from ripped group in thread:0
#FML# MRISripMidline(): nmarked=8523, nmarked2=178, nripped=8523
Ripping segs (eg, WMSA, BG, frozen)
Starting MRISripSegs() d = (-2 2 0.5) segnos: 247 
MRISripSegs(): -2 2 0.5 ripped 0
vertex 87636: xyz = (-46.7578,-7.73233,-23.0029) oxyz = (-46.7578,-7.73233,-23.0029) wxzy = (-46.7578,-7.73233,-23.0029) pxyz = (0,0,0) 
CBVO Creating mask 175272
n_averages 4
Iteration 0 =========================================
n_averages=4, current_sigma=2
Freezing midline and others
Ripping frozen voxels
INFO: rip surface needed but not specified, so using input surface
Freezing midline and others
Entering: MRISripMidline(): inhibiting deformation at non-cortical midline structures...
  which=1, fix_mtl=0, using annot = 0
#FML0# MRISripMidline(): nripped=8523
removing 3 vertices from ripped group in thread:0
removing 4 vertices from ripped group in thread:0
#FML# MRISripMidline(): nmarked=8523, nmarked2=178, nripped=8523
Ripping segs (eg, WMSA, BG, frozen)
Starting MRISripSegs() d = (-2 2 0.5) segnos: 247 247 
MRISripSegs(): -2 2 0.5 ripped 0
Computing target border values 
Entering MRIScomputeBorderValues_new(): 
  inside_hi   = 120.0000000;
  border_hi   = 112.0648120;
  border_low  =  62.0000000;
  outside_low =  51.5135960;
  outside_hi  = 112.0648120;
  sigma = 2;
  max_thickness = 10;
  step_size=0.5;
  STEP_SIZE=0.1;
  which = 1
  thresh = 0
  flags = 0
  CBVfindFirstPeakD1=0
  CBVfindFirstPeakD2=0
  nvertices=175272
  Gdiag_no=-1
  vno start=0, stop=175272
Replacing 255s with 0s
#SI# sigma=2 had to be increased for 187 vertices, nripped=8523
mean border=76.6, 40 (40) missing vertices, mean dist 0.3 [0.5 (%37.2)->0.7 (%62.8))]
%79 local maxima, %17 large gradients and % 0 min vals, 0 gradients ignored
nFirstPeakD1 0
MRIScomputeBorderValues_new() finished in 0.0213 min


Finding expansion regions
mean absolute distance = 0.62 +- 0.76
4890 vertices more than 2 sigmas from mean.
Averaging target values for 5 iterations...
Positioning Surface: tspring = 0.3, nspring = 0.3, spring = 0, niters = 100 l_repulse = 5, l_surf_repulse = 0, checktol = 0
Positioning pial surface
Entering MRISpositionSurface()
  max_mm = 0.3
  MAX_REDUCTIONS = 2, REDUCTION_PCT = 0.5
  parms->check_tol = 0, niterations = 100
tol=1.0e-04, sigma=2.0, host=dna04, nav=4, nbrs=2, l_repulse=5.000, l_tspring=0.300, l_nspring=0.300, l_intensity=0.200, l_curv=1.000
mom=0.00, dt=0.50
complete_dist_mat 0
rms 0
smooth_averages 0
remove_neg 0
ico_order 0
which_surface 0
target_radius 0.000000
nfields 0
scale 0.000000
desired_rms_height 0.000000
momentum 0.000000
nbhd_size 0
max_nbrs 0
niterations 100
nsurfaces 0
SURFACES 3
flags 0 (0)
use curv 0
no sulc 0
no rigid align 0
mris->nsize 2
mris->hemisphere 0
randomSeed 0

000: dt: 0.0000, sse=5056262.5, rms=12.077
001: dt: 0.5000, sse=2702775.0, rms=8.686 (28.081%)
002: dt: 0.5000, sse=1701913.9, rms=6.743 (22.371%)
003: dt: 0.5000, sse=1202388.8, rms=5.519 (18.151%)
004: dt: 0.5000, sse=947885.8, rms=4.775 (13.478%)
005: dt: 0.5000, sse=824353.2, rms=4.365 (8.577%)
006: dt: 0.5000, sse=766162.8, rms=4.155 (4.831%)
007: dt: 0.5000, sse=743435.8, rms=4.061 (2.249%)
008: dt: 0.5000, sse=723935.1, rms=3.991 (1.740%)
rms = 3.9648/3.9905, sse=718665.3/723935.1, time step reduction 1 of 3 to 0.250  0 0 1
009: dt: 0.5000, sse=718665.3, rms=3.965 (0.644%)
010: dt: 0.2500, sse=374186.2, rms=2.296 (42.101%)
011: dt: 0.2500, sse=313310.9, rms=1.849 (19.438%)
012: dt: 0.2500, sse=296264.3, rms=1.698 (8.204%)
013: dt: 0.2500, sse=286336.8, rms=1.610 (5.146%)
rms = 1.5685/1.6103, sse=282186.1/286336.8, time step reduction 2 of 3 to 0.125  0 0 1
014: dt: 0.2500, sse=282186.1, rms=1.569 (2.595%)
015: dt: 0.1250, sse=269980.5, rms=1.446 (7.842%)
rms = 1.4259/1.4455, sse=268180.3/269980.5, time step reduction 3 of 3 to 0.062  0 0 1
016: dt: 0.1250, sse=268180.3, rms=1.426 (1.357%)
  maximum number of reductions reached, breaking from loop
positioning took 1.8 minutes
Iteration 1 =========================================
n_averages=2, current_sigma=1
Freezing midline and others
Ripping frozen voxels
INFO: rip surface needed but not specified, so using input surface
Freezing midline and others
Entering: MRISripMidline(): inhibiting deformation at non-cortical midline structures...
  which=1, fix_mtl=0, using annot = 0
#FML0# MRISripMidline(): nripped=8523
removing 3 vertices from ripped group in thread:0
removing 4 vertices from ripped group in thread:0
removing 3 vertices from ripped group in thread:0
removing 3 vertices from ripped group in thread:0
#FML# MRISripMidline(): nmarked=8986, nmarked2=195, nripped=8986
Ripping segs (eg, WMSA, BG, frozen)
Starting MRISripSegs() d = (-2 2 0.5) segnos: 247 247 247 
MRISripSegs(): -2 2 0.5 ripped 0
Computing target border values 
Entering MRIScomputeBorderValues_new(): 
  inside_hi   = 120.0000000;
  border_hi   = 112.0648120;
  border_low  =  62.0000000;
  outside_low =  51.5135960;
  outside_hi  = 112.0648120;
  sigma = 1;
  max_thickness = 10;
  step_size=0.5;
  STEP_SIZE=0.1;
  which = 1
  thresh = 0
  flags = 0
  CBVfindFirstPeakD1=0
  CBVfindFirstPeakD2=0
  nvertices=175272
  Gdiag_no=-1
  vno start=0, stop=175272
Replacing 255s with 0s
#SI# sigma=1 had to be increased for 90 vertices, nripped=8986
mean border=79.9, 55 (4) missing vertices, mean dist -0.2 [0.3 (%75.6)->0.2 (%24.4))]
%84 local maxima, %11 large gradients and % 0 min vals, 0 gradients ignored
nFirstPeakD1 0
MRIScomputeBorderValues_new() finished in 0.0126 min


Finding expansion regions
mean absolute distance = 0.28 +- 0.48
3503 vertices more than 2 sigmas from mean.
Averaging target values for 5 iterations...
Positioning Surface: tspring = 0.3, nspring = 0.3, spring = 0, niters = 100 l_repulse = 5, l_surf_repulse = 0, checktol = 0
Positioning pial surface
Entering MRISpositionSurface()
  max_mm = 0.3
  MAX_REDUCTIONS = 2, REDUCTION_PCT = 0.5
  parms->check_tol = 0, niterations = 100
tol=1.0e-04, sigma=1.0, host=dna04, nav=2, nbrs=2, l_repulse=5.000, l_tspring=0.300, l_nspring=0.300, l_intensity=0.200, l_curv=1.000
mom=0.00, dt=0.50
000: dt: 0.0000, sse=1056772.9, rms=4.897
017: dt: 0.5000, sse=634264.2, rms=3.361 (31.363%)
rms = 3.7072/3.3614, sse=715035.1/634264.2, time step reduction 1 of 3 to 0.250  0 1 1
   RMS increased, rejecting step
018: dt: 0.2500, sse=430247.0, rms=2.271 (32.444%)
019: dt: 0.2500, sse=347874.8, rms=1.635 (28.018%)
020: dt: 0.2500, sse=320438.2, rms=1.361 (16.765%)
021: dt: 0.2500, sse=312071.4, rms=1.259 (7.433%)
022: dt: 0.2500, sse=306567.4, rms=1.192 (5.360%)
rms = 1.1542/1.1919, sse=304109.4/306567.4, time step reduction 2 of 3 to 0.125  0 0 1
023: dt: 0.2500, sse=304109.4, rms=1.154 (3.164%)
024: dt: 0.1250, sse=298276.6, rms=1.073 (7.057%)
rms = 1.0619/1.0727, sse=297561.2/298276.6, time step reduction 3 of 3 to 0.062  0 0 1
025: dt: 0.1250, sse=297561.2, rms=1.062 (1.009%)
  maximum number of reductions reached, breaking from loop
positioning took 1.1 minutes
Iteration 2 =========================================
n_averages=1, current_sigma=0.5
Freezing midline and others
Ripping frozen voxels
INFO: rip surface needed but not specified, so using input surface
Freezing midline and others
Entering: MRISripMidline(): inhibiting deformation at non-cortical midline structures...
  which=1, fix_mtl=0, using annot = 0
#FML0# MRISripMidline(): nripped=8986
removing 4 vertices from ripped group in thread:0
removing 2 vertices from ripped group in thread:0
removing 2 vertices from ripped group in thread:0
removing 4 vertices from ripped group in thread:0
removing 4 vertices from ripped group in thread:0
removing 3 vertices from ripped group in thread:0
removing 3 vertices from ripped group in thread:0
removing 3 vertices from ripped group in thread:0
#FML# MRISripMidline(): nmarked=9046, nmarked2=197, nripped=9046
Ripping segs (eg, WMSA, BG, frozen)
Starting MRISripSegs() d = (-2 2 0.5) segnos: 247 247 247 247 
MRISripSegs(): -2 2 0.5 ripped 0
Computing target border values 
Entering MRIScomputeBorderValues_new(): 
  inside_hi   = 120.0000000;
  border_hi   = 112.0648120;
  border_low  =  62.0000000;
  outside_low =  51.5135960;
  outside_hi  = 112.0648120;
  sigma = 0.5;
  max_thickness = 10;
  step_size=0.5;
  STEP_SIZE=0.1;
  which = 1
  thresh = 0
  flags = 0
  CBVfindFirstPeakD1=0
  CBVfindFirstPeakD2=0
  nvertices=175272
  Gdiag_no=-1
  vno start=0, stop=175272
Replacing 255s with 0s
#SI# sigma=0.5 had to be increased for 103 vertices, nripped=9046
mean border=81.7, 70 (0) missing vertices, mean dist -0.1 [0.2 (%66.6)->0.2 (%33.4))]
%87 local maxima, % 8 large gradients and % 0 min vals, 0 gradients ignored
nFirstPeakD1 0
MRIScomputeBorderValues_new() finished in 0.0074 min


Finding expansion regions
mean absolute distance = 0.21 +- 0.37
3569 vertices more than 2 sigmas from mean.
Averaging target values for 5 iterations...
Positioning Surface: tspring = 0.3, nspring = 0.3, spring = 0, niters = 100 l_repulse = 5, l_surf_repulse = 0, checktol = 0
Positioning pial surface
Entering MRISpositionSurface()
  max_mm = 0.3
  MAX_REDUCTIONS = 2, REDUCTION_PCT = 0.5
  parms->check_tol = 0, niterations = 100
tol=1.0e-04, sigma=0.5, host=dna04, nav=1, nbrs=2, l_repulse=5.000, l_tspring=0.300, l_nspring=0.300, l_intensity=0.200, l_curv=1.000
mom=0.00, dt=0.50
000: dt: 0.0000, sse=492020.6, rms=2.660
rms = 2.9996/2.6597, sse=560873.2/492020.6, time step reduction 1 of 3 to 0.250  0 1 1
   RMS increased, rejecting step
026: dt: 0.2500, sse=360221.1, rms=1.759 (33.868%)
027: dt: 0.2500, sse=301786.6, rms=1.148 (34.722%)
028: dt: 0.2500, sse=293842.5, rms=1.040 (9.413%)
rms = 1.0128/1.0401, sse=292392.4/293842.5, time step reduction 2 of 3 to 0.125  0 0 1
029: dt: 0.2500, sse=292392.4, rms=1.013 (2.628%)
030: dt: 0.1250, sse=288332.4, rms=0.952 (6.035%)
rms = 0.9495/0.9516, sse=288241.6/288332.4, time step reduction 3 of 3 to 0.062  0 0 1
031: dt: 0.1250, sse=288241.6, rms=0.950 (0.225%)
  maximum number of reductions reached, breaking from loop
positioning took 0.7 minutes
Iteration 3 =========================================
n_averages=0, current_sigma=0.25
Freezing midline and others
Ripping frozen voxels
INFO: rip surface needed but not specified, so using input surface
Freezing midline and others
Entering: MRISripMidline(): inhibiting deformation at non-cortical midline structures...
  which=1, fix_mtl=0, using annot = 0
#FML0# MRISripMidline(): nripped=9046
removing 4 vertices from ripped group in thread:0
removing 3 vertices from ripped group in thread:0
removing 3 vertices from ripped group in thread:0
removing 4 vertices from ripped group in thread:0
removing 4 vertices from ripped group in thread:0
removing 2 vertices from ripped group in thread:0
removing 4 vertices from ripped group in thread:0
removing 4 vertices from ripped group in thread:0
removing 4 vertices from ripped group in thread:0
removing 2 vertices from ripped group in thread:0
removing 3 vertices from ripped group in thread:0
removing 4 vertices from ripped group in thread:0
removing 3 vertices from ripped group in thread:0
removing 3 vertices from ripped group in thread:0
removing 3 vertices from ripped group in thread:0
#FML# MRISripMidline(): nmarked=9054, nmarked2=198, nripped=9054
Ripping segs (eg, WMSA, BG, frozen)
Starting MRISripSegs() d = (-2 2 0.5) segnos: 247 247 247 247 247 
MRISripSegs(): -2 2 0.5 ripped 0
Computing target border values 
Entering MRIScomputeBorderValues_new(): 
  inside_hi   = 120.0000000;
  border_hi   = 112.0648120;
  border_low  =  62.0000000;
  outside_low =  51.5135960;
  outside_hi  = 112.0648120;
  sigma = 0.25;
  max_thickness = 10;
  step_size=0.5;
  STEP_SIZE=0.1;
  which = 1
  thresh = 0
  flags = 0
  CBVfindFirstPeakD1=0
  CBVfindFirstPeakD2=0
  nvertices=175272
  Gdiag_no=-1
  vno start=0, stop=175272
Replacing 255s with 0s
#SI# sigma=0.25 had to be increased for 118 vertices, nripped=9054
mean border=82.4, 78 (0) missing vertices, mean dist -0.0 [0.2 (%54.6)->0.2 (%45.4))]
%89 local maxima, % 6 large gradients and % 0 min vals, 0 gradients ignored
nFirstPeakD1 0
MRIScomputeBorderValues_new() finished in 0.0047 min


Finding expansion regions
mean absolute distance = 0.19 +- 0.32
3593 vertices more than 2 sigmas from mean.
Averaging target values for 5 iterations...
Positioning Surface: tspring = 0.3, nspring = 0.3, spring = 0, niters = 100 l_repulse = 5, l_surf_repulse = 0, checktol = 0
Positioning pial surface
Entering MRISpositionSurface()
  max_mm = 0.3
  MAX_REDUCTIONS = 2, REDUCTION_PCT = 0.5
  parms->check_tol = 0, niterations = 100
tol=1.0e-04, sigma=0.2, host=dna04, nav=0, nbrs=2, l_repulse=5.000, l_tspring=0.300, l_nspring=0.300, l_intensity=0.200, l_curv=1.000
mom=0.00, dt=0.50
000: dt: 0.0000, sse=322407.0, rms=1.412
rms = 1.8836/1.4123, sse=377114.1/322407.0, time step reduction 1 of 3 to 0.250  0 1 1
   RMS increased, rejecting step
032: dt: 0.2500, sse=283898.1, rms=0.912 (35.405%)
033: dt: 0.2500, sse=274058.9, rms=0.721 (21.001%)
rms = 0.7161/0.7207, sse=273092.4/274058.9, time step reduction 2 of 3 to 0.125  0 0 1
034: dt: 0.2500, sse=273092.4, rms=0.716 (0.632%)
rms = 0.7085/0.7161, sse=272536.9/273092.4, time step reduction 3 of 3 to 0.062  0 0 1
035: dt: 0.1250, sse=272536.9, rms=0.709 (1.061%)
  maximum number of reductions reached, breaking from loop
positioning took 0.5 minutes


Writing output to ../surf/lh.white.preaparc
#ET# mris_place_surface  4.31 minutes
#VMPC# mris_place_surfaces VmPeak  3523012
mris_place_surface done
#--------------------------------------------
#@# CortexLabel lh Wed Mar 11 15:24:54 CET 2026
cd /out/sourcedata/freesurfer/sub-v2s18x29506_ses-1/mri
mri_label2label --label-cortex ../surf/lh.white.preaparc aseg.presurf.mgz 0 ../label/lh.cortex.label

 Generating cortex label... RemoveHipAmgy=0
 NucAccIsMedialWall=0
 mris->useRealRAS=0
4 non-cortical segments detected
only using segment with 10560 vertices
erasing segment 1 (vno[0] = 101954)
erasing segment 2 (vno[0] = 103909)
erasing segment 3 (vno[0] = 106788)
#--------------------------------------------
#@# CortexLabel+HipAmyg lh Wed Mar 11 15:25:13 CET 2026
cd /out/sourcedata/freesurfer/sub-v2s18x29506_ses-1/mri
mri_label2label --label-cortex ../surf/lh.white.preaparc aseg.presurf.mgz 1 ../label/lh.cortex+hipamyg.label

 Generating cortex label... RemoveHipAmgy=1
 NucAccIsMedialWall=0
 mris->useRealRAS=0
5 non-cortical segments detected
only using segment with 8368 vertices
erasing segment 1 (vno[0] = 66023)
erasing segment 2 (vno[0] = 101954)
erasing segment 3 (vno[0] = 103909)
erasing segment 4 (vno[0] = 106788)
#--------------------------------------------
#@# Smooth2 lh Wed Mar 11 15:25:31 CET 2026
/out/sourcedata/freesurfer/sub-v2s18x29506_ses-1/scripts

 mris_smooth -n 3 -nw -seed 1234 ../surf/lh.white.preaparc ../surf/lh.smoothwm 

smoothing for 3 iterations
setting seed for random number generator to 1234
smoothing surface tessellation for 3 iterations...
smoothing complete - recomputing first and second fundamental forms...
#--------------------------------------------
#@# Inflation2 lh Wed Mar 11 15:25:35 CET 2026
/out/sourcedata/freesurfer/sub-v2s18x29506_ses-1/scripts

 mris_inflate ../surf/lh.smoothwm ../surf/lh.inflated 

Reading ../surf/lh.smoothwm
avg radius = 52.6 mm, total surface area = 108836 mm^2
step 000: RMS=0.168 (target=0.015)   step 005: RMS=0.113 (target=0.015)   step 010: RMS=0.084 (target=0.015)   step 015: RMS=0.070 (target=0.015)   step 020: RMS=0.057 (target=0.015)   step 025: RMS=0.046 (target=0.015)   step 030: RMS=0.038 (target=0.015)   step 035: RMS=0.032 (target=0.015)   step 040: RMS=0.027 (target=0.015)   step 045: RMS=0.024 (target=0.015)   step 050: RMS=0.021 (target=0.015)   step 055: RMS=0.019 (target=0.015)   step 060: RMS=0.018 (target=0.015)   writing inflated surface to ../surf/lh.inflated
writing sulcal depths to ../surf/lh.sulc

inflation complete.
inflation took 0.3 minutes
mris_inflate utimesec    69.003457
mris_inflate stimesec    2.011491
mris_inflate ru_maxrss   269080
mris_inflate ru_ixrss    0
mris_inflate ru_idrss    0
mris_inflate ru_isrss    0
mris_inflate ru_minflt   691103
mris_inflate ru_majflt   14
mris_inflate ru_nswap    0
mris_inflate ru_inblock  130
mris_inflate ru_oublock  13704
mris_inflate ru_msgsnd   0
mris_inflate ru_msgrcv   0
mris_inflate ru_nsignals 0
mris_inflate ru_nvcsw    9274
mris_inflate ru_nivcsw   474
#--------------------------------------------
#@# Curv .H and .K lh Wed Mar 11 15:25:51 CET 2026
/out/sourcedata/freesurfer/sub-v2s18x29506_ses-1/surf

 mris_curvature -w -seed 1234 lh.white.preaparc 

setting seed for random number generator to 1234
total integrated curvature = 24.230*4pi (304.489) --> -23 handles
ICI = 192.0, FI = 1776.3, variation=28417.982
writing Gaussian curvature to ./lh.white.preaparc.K...done.
writing mean curvature to ./lh.white.preaparc.H...done.
rm -f lh.white.H
ln -s lh.white.preaparc.H lh.white.H
rm -f lh.white.K
ln -s lh.white.preaparc.K lh.white.K

 mris_curvature -seed 1234 -thresh .999 -n -a 5 -w -distances 10 10 lh.inflated 

setting seed for random number generator to 1234
normalizing curvature values.
averaging curvature patterns 5 times.
sampling 10 neighbors out to a distance of 10 mm
311 vertices thresholded to be in k1 ~ [-0.20 0.35], k2 ~ [-0.08 0.05]
total integrated curvature = 0.605*4pi (7.605) --> 0 handles
ICI = 1.8, FI = 13.0, variation=213.852
167 vertices thresholded to be in [-0.01 0.01]
writing Gaussian curvature to ./lh.inflated.K...thresholding curvature at 99.90% level
curvature mean = 0.000, std = 0.001
196 vertices thresholded to be in [-0.11 0.17]
done.
writing mean curvature to ./lh.inflated.H...curvature mean = -0.015, std = 0.023
done.
#--------------------------------------------
#@# Sphere lh Wed Mar 11 15:26:55 CET 2026
/out/sourcedata/freesurfer/sub-v2s18x29506_ses-1/scripts

 mris_sphere -seed 1234 ../surf/lh.inflated ../surf/lh.sphere 

setting seed for random number genererator to 1234
version: 7.3.2
available threads: 16
reading original vertex positions...
projecting onto sphere...
surface projected - minimizing metric distortion...
scaling brain by 0.251...
MRISunfold() max_passes = 1 -------
tol=5.0e-01, sigma=0.0, host=dna04, nav=1024, nbrs=2, l_area=1.000, l_dist=1.000
using quadratic fit line minimization
complete_dist_mat 0
rms 0
smooth_averages 0
remove_neg 0
ico_order 0
which_surface 0
target_radius 0.000000
nfields 0
scale 1.000000
desired_rms_height -1.000000
momentum 0.900000
nbhd_size 7
max_nbrs 8
niterations 25
nsurfaces 0
SURFACES 3
flags 0 (0)
use curv 0
no sulc 0
no rigid align 0
mris->nsize 2
mris->hemisphere 0
randomSeed 1234

--------------------
  mrisRemoveNegativeArea()
pass 1: epoch 1 of 3 starting distance error %20.38
pass 1: epoch 2 of 3 starting distance error %20.36
unfolding complete - removing small folds...
starting distance error %20.34
removing remaining folds...
final distance error %20.34
MRISunfold() return, current seed 1234
-01: dt=0.0000, 159 negative triangles  VmPeak 2218816
094: dt=0.9900, 159 negative triangles
095: dt=0.9900,  74 negative triangles
096: dt=0.9900,  43 negative triangles
097: dt=0.9900,  38 negative triangles
098: dt=0.9900,  35 negative triangles
099: dt=0.9900,  29 negative triangles
100: dt=0.9900,  28 negative triangles
101: dt=0.9900,  38 negative triangles
102: dt=0.9900,  38 negative triangles
103: dt=0.9900,  29 negative triangles
104: dt=0.9900,  23 negative triangles
105: dt=0.9900,  23 negative triangles
106: dt=0.9900,  21 negative triangles
107: dt=0.9900,  24 negative triangles
108: dt=0.9900,  20 negative triangles
109: dt=0.9900,  16 negative triangles
110: dt=0.9900,  20 negative triangles
111: dt=0.9900,  18 negative triangles
112: dt=0.9900,  19 negative triangles
113: dt=0.9900,  21 negative triangles
114: dt=0.9900,  17 negative triangles
115: dt=0.9900,  10 negative triangles
116: dt=0.9900,  16 negative triangles
117: dt=0.9900,  14 negative triangles
118: dt=0.9900,  11 negative triangles
119: dt=0.9900,  13 negative triangles
120: dt=0.9900,   8 negative triangles
121: dt=0.9900,  15 negative triangles
122: dt=0.9900,  10 negative triangles
123: dt=0.9900,  10 negative triangles
124: dt=0.9900,   9 negative triangles
125: dt=0.9900,   7 negative triangles
126: dt=0.9900,   7 negative triangles
127: dt=0.9900,  10 negative triangles
128: dt=0.9900,  11 negative triangles
129: dt=0.9900,   5 negative triangles
130: dt=0.9900,   6 negative triangles
131: dt=0.9900,   1 negative triangles
132: dt=0.9900,   3 negative triangles
133: dt=0.9900,   3 negative triangles
134: dt=0.9900,   2 negative triangles
writing spherical brain to ../surf/lh.sphere
spherical transformation took 0.0414 hours
FSRUNTIME@ mris_sphere  0.0414 hours 16 threads
#VMPC# mris_sphere VmPeak  2218816
mris_sphere done
#--------------------------------------------
#@# Surf Reg lh Wed Mar 11 15:29:24 CET 2026
/out/sourcedata/freesurfer/sub-v2s18x29506_ses-1/scripts

 mris_register -curv ../surf/lh.sphere /opt/freesurfer/average/lh.folding.atlas.acfb40.noaparc.i12.2016-08-02.tif ../surf/lh.sphere.reg 

using smoothwm curvature for final alignment

cwd /out/sourcedata/freesurfer/sub-v2s18x29506_ses-1/scripts
cmdline mris_register -curv ../surf/lh.sphere /opt/freesurfer/average/lh.folding.atlas.acfb40.noaparc.i12.2016-08-02.tif ../surf/lh.sphere.reg 

0 inflated.H
1 sulc
2 smoothwm (computed)
7.3.2
  7.3.2
reading surface from ../surf/lh.sphere...
reading template parameterization from /opt/freesurfer/average/lh.folding.atlas.acfb40.noaparc.i12.2016-08-02.tif...
MRISregister() -------
max_passes = 4 
min_degrees = 0.500000 
max_degrees = 64.000000 
nangles = 8 
tol=5.0e-01, sigma=0.0, host=dna04, nav=1024, nbrs=1, l_extern=10000.000, l_parea=0.200, l_nlarea=1.000, l_corr=1.000, l_dist=5.000
using quadratic fit line minimization
complete_dist_mat 0
rms 0
smooth_averages 0
remove_neg 0
ico_order 0
which_surface 0
target_radius 0.000000
nfields 0
scale 0.000000
desired_rms_height -1.000000
momentum 0.950000
nbhd_size -10
max_nbrs 10
niterations 25
nsurfaces 0
SURFACES 3
flags 16 (10)
use curv 16
no sulc 0
no rigid align 0
mris->nsize 1
mris->hemisphere 0
randomSeed 0

tol=5.0e-01, sigma=0.0, host=dna04, nav=1024, nbrs=1, l_extern=10000.000, l_parea=0.200, l_nlarea=1.000, l_corr=1.000, l_dist=5.000
using quadratic fit line minimization
--------------------
1 Reading lh.sulc
tol=1.0e+00, sigma=0.5, host=dna04, nav=1024, nbrs=1, l_extern=10000.000, l_parea=0.200, l_nlarea=1.000, l_corr=0.050, l_spring=0.500, l_dist=5.000
using quadratic fit line minimization
curvature mean = -0.000, std = 5.635
curvature mean = 0.029, std = 0.822
curvature mean = 0.012, std = 0.840
Starting MRISrigidBodyAlignGlobal()
Starting new MRISrigidBodyAlignGlobal_findMinSSE()
  new MRISrigidBodyAlignGlobal_findMinSSE min @ (4.50, -8.00, -4.00) sse = 278999.3, elapsed since starting=0.1429 min
MRISrigidBodyAlignGlobal() done   0.14 min
curvature mean = 0.002, std = 0.810
curvature mean = 0.006, std = 0.934
curvature mean = -0.006, std = 0.812
curvature mean = 0.003, std = 0.971
curvature mean = -0.008, std = 0.811
curvature mean = 0.001, std = 0.987
2 Reading smoothwm
curvature mean = -0.016, std = 0.254
curvature mean = 0.041, std = 0.243
curvature mean = 0.057, std = 0.351
curvature mean = 0.039, std = 0.300
curvature mean = 0.037, std = 0.547
curvature mean = 0.038, std = 0.327
curvature mean = 0.021, std = 0.695
curvature mean = 0.038, std = 0.339
curvature mean = 0.007, std = 0.808
MRISregister() return, current seed 0
-01: dt=0.0000,   1 negative triangles  VmPeak 1652684
136: dt=0.9900,   1 negative triangles
expanding nbhd size to 1
137: dt=0.9900,   3 negative triangles
138: dt=0.9900,   1 negative triangles
139: dt=0.9900,   1 negative triangles
140: dt=0.9405,   1 negative triangles
141: dt=0.9405,   1 negative triangles
142: dt=0.9405,   1 negative triangles
143: dt=0.9405,   1 negative triangles
144: dt=0.9405,   1 negative triangles
145: dt=0.9405,   1 negative triangles
146: dt=0.9405,   1 negative triangles
writing registered surface to ../surf/lh.sphere.reg...
registration took 0.09 hours
#VMPC# mris_register VmPeak  1652684
FSRUNTIME@ mris_register  0.0856 hours 16 threads

 ln -sf lh.sphere.reg lh.fsaverage.sphere.reg 

#--------------------------------------------
#@# Jacobian white lh Wed Mar 11 15:34:32 CET 2026
/out/sourcedata/freesurfer/sub-v2s18x29506_ses-1/scripts

 mris_jacobian ../surf/lh.white.preaparc ../surf/lh.sphere.reg ../surf/lh.jacobian_white 

reading surface from ../surf/lh.white.preaparc...
writing curvature file ../surf/lh.jacobian_white
#--------------------------------------------
#@# AvgCurv lh Wed Mar 11 15:34:34 CET 2026
/out/sourcedata/freesurfer/sub-v2s18x29506_ses-1/scripts

 mrisp_paint -a 5 /opt/freesurfer/average/lh.folding.atlas.acfb40.noaparc.i12.2016-08-02.tif#6 ../surf/lh.sphere.reg ../surf/lh.avg_curv 

averaging curvature patterns 5 times...
reading surface from ../surf/lh.sphere.reg...
reading template parameterization from /opt/freesurfer/average/lh.folding.atlas.acfb40.noaparc.i12.2016-08-02.tif...
writing curvature file to ../surf/lh.avg_curv...
#-----------------------------------------
#@# Cortical Parc lh Wed Mar 11 15:34:35 CET 2026
/out/sourcedata/freesurfer/sub-v2s18x29506_ses-1/scripts

 mris_ca_label -l ../label/lh.cortex.label -aseg ../mri/aseg.presurf.mgz -seed 1234 sub-v2s18x29506_ses-1 lh ../surf/lh.sphere.reg /opt/freesurfer/average/lh.DKaparc.atlas.acfb40.noaparc.i12.2016-08-02.gcs ../label/lh.aparc.annot 

setting seed for random number generator to 1234
using ../mri/aseg.presurf.mgz aseg volume to correct midline
7.3.2
  7.3.2
reading atlas from /opt/freesurfer/average/lh.DKaparc.atlas.acfb40.noaparc.i12.2016-08-02.gcs...
reading color table from GCSA file....
average std = 0.8   using min determinant for regularization = 0.006
0 singular and 342 ill-conditioned covariance matrices regularized
input 0: MEAN CURVATURE, flags 0, avgs 5, name mean_curvature
labeling surface...
1869 labels changed using aseg
relabeling using gibbs priors...
000:   3747 changed, 175272 examined...
001:    824 changed, 15569 examined...
002:    216 changed, 4609 examined...
003:     78 changed, 1274 examined...
004:     35 changed, 464 examined...
005:     23 changed, 207 examined...
006:     10 changed, 127 examined...
007:      3 changed, 59 examined...
008:      0 changed, 20 examined...
278 labels changed using aseg
000: 119 total segments, 64 labels (145 vertices) changed
001: 56 total segments, 1 labels (1 vertices) changed
002: 55 total segments, 0 labels (0 vertices) changed
10 filter iterations complete (10 requested, 7 changed)
rationalizing unknown annotations with cortex label
relabeling unknown label...
relabeling corpuscallosum label...
2286 vertices marked for relabeling...
2286 labels changed in reclassification.
writing output to ../label/lh.aparc.annot...
classification took 0 minutes and 13 seconds.
#--------------------------------------------
#@# WhiteSurfs lh Wed Mar 11 15:34:48 CET 2026
cd /out/sourcedata/freesurfer/sub-v2s18x29506_ses-1/mri
mris_place_surface --adgws-in ../surf/autodet.gw.stats.lh.dat --seg aseg.presurf.mgz --threads 16 --wm wm.mgz --invol brain.finalsurfs.mgz --lh --i ../surf/lh.white.preaparc --o ../surf/lh.white --white --nsmooth 0 --rip-label ../label/lh.cortex.label --rip-bg --rip-surf ../surf/lh.white.preaparc --aparc ../label/lh.aparc.annot
7.3.2
7.3.2

cd /out/sourcedata/freesurfer/sub-v2s18x29506_ses-1/mri
setenv SUBJECTS_DIR /out/sourcedata/freesurfer
mris_place_surface --adgws-in ../surf/autodet.gw.stats.lh.dat --seg aseg.presurf.mgz --threads 16 --wm wm.mgz --invol brain.finalsurfs.mgz --lh --i ../surf/lh.white.preaparc --o ../surf/lh.white --white --nsmooth 0 --rip-label ../label/lh.cortex.label --rip-bg --rip-surf ../surf/lh.white.preaparc --aparc ../label/lh.aparc.annot 

Reading in input surface ../surf/lh.white.preaparc
Not smoothing input surface
Area    350540  0.34036  0.11764 0.001928   2.1546
Corner 1051620 60.00000 13.59539 0.364628 179.1285
Edge    525810  0.89727  0.19572 0.023510   3.7155
Hinge   525810  9.86303 10.79736 0.000013 179.9692
Reading in aparc ../label/lh.aparc.annot
Reading in input volume brain.finalsurfs.mgz
Reading in wm volume wm.mgz
MRIclipBrightWM(): nthresh=25576, wmmin=5, clip=110 
MRIfindBrightNonWM(): 55 bright non-wm voxels segmented.
Masking bright non-wm for white surface
MRImask(): AllowDiffGeom = 1
MRImask(): AllowDiffGeom = 1
Reading in seg volume aseg.presurf.mgz
Ripping frozen voxels
Ripping vertices not in label ../label/lh.cortex.label
MRISripNotLabel() ripped 10950/175272 vertices (164322 unripped)
Reading in ripping surface ../surf/lh.white.preaparc
Reading in aparc ../label/lh.aparc.annot for ripsurf
Ripping BG
MRISripBasalGanglia(): 1 -2 2 0.5 ripped 691
Ripping segs (eg, WMSA, BG, frozen)
Starting MRISripSegs() d = (-2 2 0.5) segnos: 247 
MRISripSegs(): -2 2 0.5 ripped 0
vertex 87636: xyz = (-45.1796,-8.48429,-23.3584) oxyz = (-45.1796,-8.48429,-23.3584) wxzy = (-45.1796,-8.48429,-23.3584) pxyz = (0,0,0) 
CBVO Creating mask 175272
n_averages 4
Iteration 0 =========================================
n_averages=4, current_sigma=2
Computing target border values 
Entering MRIScomputeBorderValues_new(): 
  inside_hi   = 120.0000000;
  border_hi   = 112.0648120;
  border_low  =  62.0000000;
  outside_low =  51.5135960;
  outside_hi  = 112.0648120;
  sigma = 2;
  max_thickness = 10;
  step_size=0.5;
  STEP_SIZE=0.1;
  which = 1
  thresh = 0
  flags = 0
  CBVfindFirstPeakD1=0
  CBVfindFirstPeakD2=0
  nvertices=175272
  Gdiag_no=-1
  vno start=0, stop=175272
Replacing 255s with 0s
#SI# sigma=2 had to be increased for 88 vertices, nripped=11641
mean border=75.9, 45 (45) missing vertices, mean dist 0.3 [0.6 (%13.9)->0.4 (%86.1))]
%73 local maxima, %21 large gradients and % 0 min vals, 0 gradients ignored
nFirstPeakD1 0
MRIScomputeBorderValues_new() finished in 0.0211 min


Finding expansion regions
mean absolute distance = 0.47 +- 0.73
3747 vertices more than 2 sigmas from mean.
Averaging target values for 5 iterations...
Positioning Surface: tspring = 0.3, nspring = 0.3, spring = 0, niters = 100 l_repulse = 5, l_surf_repulse = 0, checktol = 0
Positioning pial surface
Entering MRISpositionSurface()
  max_mm = 0.3
  MAX_REDUCTIONS = 2, REDUCTION_PCT = 0.5
  parms->check_tol = 0, niterations = 100
tol=1.0e-04, sigma=2.0, host=dna04, nav=4, nbrs=2, l_repulse=5.000, l_tspring=0.300, l_nspring=0.300, l_intensity=0.200, l_curv=1.000
mom=0.00, dt=0.50
complete_dist_mat 0
rms 0
smooth_averages 0
remove_neg 0
ico_order 0
which_surface 0
target_radius 0.000000
nfields 0
scale 0.000000
desired_rms_height 0.000000
momentum 0.000000
nbhd_size 0
max_nbrs 0
niterations 100
nsurfaces 0
SURFACES 3
flags 0 (0)
use curv 0
no sulc 0
no rigid align 0
mris->nsize 2
mris->hemisphere 0
randomSeed 0

000: dt: 0.0000, sse=2416937.2, rms=8.138
001: dt: 0.5000, sse=978788.6, rms=4.728 (41.896%)
002: dt: 0.5000, sse=733357.8, rms=3.855 (18.471%)
003: dt: 0.5000, sse=709133.1, rms=3.755 (2.600%)
004: dt: 0.5000, sse=675493.3, rms=3.613 (3.781%)
rms = 3.7034/3.6128, sse=698501.6/675493.3, time step reduction 1 of 3 to 0.250  0 1 1
   RMS increased, rejecting step
005: dt: 0.2500, sse=423787.8, rms=2.300 (36.333%)
006: dt: 0.2500, sse=339085.4, rms=1.635 (28.916%)
007: dt: 0.2500, sse=315578.1, rms=1.388 (15.107%)
008: dt: 0.2500, sse=309741.2, rms=1.325 (4.577%)
rms = 1.2782/1.3245, sse=306459.2/309741.2, time step reduction 2 of 3 to 0.125  0 0 1
009: dt: 0.2500, sse=306459.2, rms=1.278 (3.495%)
010: dt: 0.1250, sse=301384.2, rms=1.212 (5.215%)
rms = 1.1999/1.2116, sse=301009.9/301384.2, time step reduction 3 of 3 to 0.062  0 0 1
011: dt: 0.1250, sse=301009.9, rms=1.200 (0.963%)
  maximum number of reductions reached, breaking from loop
positioning took 1.3 minutes
Iteration 1 =========================================
n_averages=2, current_sigma=1
Computing target border values 
Entering MRIScomputeBorderValues_new(): 
  inside_hi   = 120.0000000;
  border_hi   = 112.0648120;
  border_low  =  62.0000000;
  outside_low =  51.5135960;
  outside_hi  = 112.0648120;
  sigma = 1;
  max_thickness = 10;
  step_size=0.5;
  STEP_SIZE=0.1;
  which = 1
  thresh = 0
  flags = 0
  CBVfindFirstPeakD1=0
  CBVfindFirstPeakD2=0
  nvertices=175272
  Gdiag_no=-1
  vno start=0, stop=175272
Replacing 255s with 0s
#SI# sigma=1 had to be increased for 78 vertices, nripped=11641
mean border=79.5, 28 (3) missing vertices, mean dist -0.2 [0.3 (%77.1)->0.2 (%22.9))]
%82 local maxima, %11 large gradients and % 0 min vals, 0 gradients ignored
nFirstPeakD1 0
MRIScomputeBorderValues_new() finished in 0.0123 min


Finding expansion regions
mean absolute distance = 0.29 +- 0.50
3206 vertices more than 2 sigmas from mean.
Averaging target values for 5 iterations...
Positioning Surface: tspring = 0.3, nspring = 0.3, spring = 0, niters = 100 l_repulse = 5, l_surf_repulse = 0, checktol = 0
Positioning pial surface
Entering MRISpositionSurface()
  max_mm = 0.3
  MAX_REDUCTIONS = 2, REDUCTION_PCT = 0.5
  parms->check_tol = 0, niterations = 100
tol=1.0e-04, sigma=1.0, host=dna04, nav=2, nbrs=2, l_repulse=5.000, l_tspring=0.300, l_nspring=0.300, l_intensity=0.200, l_curv=1.000
mom=0.00, dt=0.50
000: dt: 0.0000, sse=1065470.2, rms=4.935
012: dt: 0.5000, sse=626779.1, rms=3.291 (33.315%)
rms = 3.5934/3.2911, sse=689894.7/626779.1, time step reduction 1 of 3 to 0.250  0 1 1
   RMS increased, rejecting step
013: dt: 0.2500, sse=430812.3, rms=2.225 (32.381%)
014: dt: 0.2500, sse=347533.7, rms=1.556 (30.091%)
015: dt: 0.2500, sse=321219.9, rms=1.261 (18.941%)
016: dt: 0.2500, sse=311383.2, rms=1.153 (8.599%)
017: dt: 0.2500, sse=307045.3, rms=1.094 (5.076%)
rms = 1.0684/1.0942, sse=306036.7/307045.3, time step reduction 2 of 3 to 0.125  0 0 1
018: dt: 0.2500, sse=306036.7, rms=1.068 (2.357%)
019: dt: 0.1250, sse=301611.5, rms=0.998 (6.615%)
rms = 0.9914/0.9977, sse=300714.0/301611.5, time step reduction 3 of 3 to 0.062  0 0 1
020: dt: 0.1250, sse=300714.0, rms=0.991 (0.628%)
  maximum number of reductions reached, breaking from loop
positioning took 1.0 minutes
Iteration 2 =========================================
n_averages=1, current_sigma=0.5
Computing target border values 
Entering MRIScomputeBorderValues_new(): 
  inside_hi   = 120.0000000;
  border_hi   = 112.0648120;
  border_low  =  62.0000000;
  outside_low =  51.5135960;
  outside_hi  = 112.0648120;
  sigma = 0.5;
  max_thickness = 10;
  step_size=0.5;
  STEP_SIZE=0.1;
  which = 1
  thresh = 0
  flags = 0
  CBVfindFirstPeakD1=0
  CBVfindFirstPeakD2=0
  nvertices=175272
  Gdiag_no=-1
  vno start=0, stop=175272
Replacing 255s with 0s
#SI# sigma=0.5 had to be increased for 95 vertices, nripped=11641
mean border=81.5, 42 (1) missing vertices, mean dist -0.1 [0.2 (%67.2)->0.2 (%32.8))]
%86 local maxima, % 7 large gradients and % 0 min vals, 0 gradients ignored
nFirstPeakD1 0
MRIScomputeBorderValues_new() finished in 0.0074 min


Finding expansion regions
mean absolute distance = 0.21 +- 0.38
3098 vertices more than 2 sigmas from mean.
Averaging target values for 5 iterations...
Positioning Surface: tspring = 0.3, nspring = 0.3, spring = 0, niters = 100 l_repulse = 5, l_surf_repulse = 0, checktol = 0
Positioning pial surface
Entering MRISpositionSurface()
  max_mm = 0.3
  MAX_REDUCTIONS = 2, REDUCTION_PCT = 0.5
  parms->check_tol = 0, niterations = 100
tol=1.0e-04, sigma=0.5, host=dna04, nav=1, nbrs=2, l_repulse=5.000, l_tspring=0.300, l_nspring=0.300, l_intensity=0.200, l_curv=1.000
mom=0.00, dt=0.50
000: dt: 0.0000, sse=497186.6, rms=2.685
rms = 3.0034/2.6849, sse=564043.0/497186.6, time step reduction 1 of 3 to 0.250  0 1 1
   RMS increased, rejecting step
021: dt: 0.2500, sse=363380.2, rms=1.760 (34.437%)
022: dt: 0.2500, sse=306072.6, rms=1.111 (36.865%)
023: dt: 0.2500, sse=297414.0, rms=0.993 (10.684%)
rms = 0.9637/0.9926, sse=293213.1/297414.0, time step reduction 2 of 3 to 0.125  0 0 1
024: dt: 0.2500, sse=293213.1, rms=0.964 (2.920%)
025: dt: 0.1250, sse=288918.5, rms=0.903 (6.248%)
rms = 0.9025/0.9034, sse=288743.4/288918.5, time step reduction 3 of 3 to 0.062  0 0 1
026: dt: 0.1250, sse=288743.4, rms=0.902 (0.108%)
  maximum number of reductions reached, breaking from loop
positioning took 0.7 minutes
Iteration 3 =========================================
n_averages=0, current_sigma=0.25
Computing target border values 
Entering MRIScomputeBorderValues_new(): 
  inside_hi   = 120.0000000;
  border_hi   = 112.0648120;
  border_low  =  62.0000000;
  outside_low =  51.5135960;
  outside_hi  = 112.0648120;
  sigma = 0.25;
  max_thickness = 10;
  step_size=0.5;
  STEP_SIZE=0.1;
  which = 1
  thresh = 0
  flags = 0
  CBVfindFirstPeakD1=0
  CBVfindFirstPeakD2=0
  nvertices=175272
  Gdiag_no=-1
  vno start=0, stop=175272
Replacing 255s with 0s
#SI# sigma=0.25 had to be increased for 103 vertices, nripped=11641
mean border=82.2, 62 (1) missing vertices, mean dist -0.0 [0.2 (%54.7)->0.2 (%45.3))]
%87 local maxima, % 6 large gradients and % 0 min vals, 0 gradients ignored
nFirstPeakD1 0
MRIScomputeBorderValues_new() finished in 0.0047 min


Finding expansion regions
mean absolute distance = 0.19 +- 0.32
3518 vertices more than 2 sigmas from mean.
Averaging target values for 5 iterations...
Positioning Surface: tspring = 0.3, nspring = 0.3, spring = 0, niters = 100 l_repulse = 5, l_surf_repulse = 0, checktol = 0
Positioning pial surface
Entering MRISpositionSurface()
  max_mm = 0.3
  MAX_REDUCTIONS = 2, REDUCTION_PCT = 0.5
  parms->check_tol = 0, niterations = 100
tol=1.0e-04, sigma=0.2, host=dna04, nav=0, nbrs=2, l_repulse=5.000, l_tspring=0.300, l_nspring=0.300, l_intensity=0.200, l_curv=1.000
mom=0.00, dt=0.50
000: dt: 0.0000, sse=322963.5, rms=1.398
rms = 1.8758/1.3976, sse=402437.2/322963.5, time step reduction 1 of 3 to 0.250  0 1 1
   RMS increased, rejecting step
027: dt: 0.2500, sse=285668.9, rms=0.886 (36.613%)
028: dt: 0.2500, sse=283345.4, rms=0.687 (22.429%)
rms = 0.6826/0.6872, sse=285233.8/283345.4, time step reduction 2 of 3 to 0.125  0 1 1
029: dt: 0.2500, sse=285233.8, rms=0.683 (0.674%)
rms = 0.6733/0.6826, sse=284157.8/285233.8, time step reduction 3 of 3 to 0.062  0 0 1
030: dt: 0.1250, sse=284157.8, rms=0.673 (1.358%)
  maximum number of reductions reached, breaking from loop
positioning took 0.5 minutes


Writing output to ../surf/lh.white
#ET# mris_place_surface  3.60 minutes
#VMPC# mris_place_surfaces VmPeak  3426228
mris_place_surface done
#--------------------------------------------
#@# T1PialSurf lh Wed Mar 11 15:38:31 CET 2026
cd /out/sourcedata/freesurfer/sub-v2s18x29506_ses-1/mri
mris_place_surface --adgws-in ../surf/autodet.gw.stats.lh.dat --seg aseg.presurf.mgz --threads 16 --wm wm.mgz --invol brain.finalsurfs.mgz --lh --i ../surf/lh.white --o ../surf/lh.pial.T1 --pial --nsmooth 0 --rip-label ../label/lh.cortex+hipamyg.label --pin-medial-wall ../label/lh.cortex.label --aparc ../label/lh.aparc.annot --repulse-surf ../surf/lh.white --white-surf ../surf/lh.white
7.3.2
7.3.2

cd /out/sourcedata/freesurfer/sub-v2s18x29506_ses-1/mri
setenv SUBJECTS_DIR /out/sourcedata/freesurfer
mris_place_surface --adgws-in ../surf/autodet.gw.stats.lh.dat --seg aseg.presurf.mgz --threads 16 --wm wm.mgz --invol brain.finalsurfs.mgz --lh --i ../surf/lh.white --o ../surf/lh.pial.T1 --pial --nsmooth 0 --rip-label ../label/lh.cortex+hipamyg.label --pin-medial-wall ../label/lh.cortex.label --aparc ../label/lh.aparc.annot --repulse-surf ../surf/lh.white --white-surf ../surf/lh.white 

Reading in input surface ../surf/lh.white
Not smoothing input surface
Area    350540  0.34340  0.13083 0.000092   2.1546
Corner 1051620 60.00000 15.06637 0.056767 179.8110
Edge    525810  0.90298  0.21428 0.014255   3.7155
Hinge   525810  9.99655 11.25326 0.000013 179.9791
Reading white surface coordinates from ../surf/lh.white
Reading repulsion surface coordinates from ../surf/lh.white
Reading in aparc ../label/lh.aparc.annot
Reading in input volume brain.finalsurfs.mgz
Reading in wm volume wm.mgz
MRIclipBrightWM(): nthresh=25576, wmmin=5, clip=110 
MRIfindBrightNonWM(): 55 bright non-wm voxels segmented.
Masking bright non-wm for pial surface mid_gray = 62.238
MRImask(): AllowDiffGeom = 1
MRImask(): AllowDiffGeom = 1
MRImask(): AllowDiffGeom = 1
Reading in seg volume aseg.presurf.mgz
Ripping frozen voxels
Ripping vertices not in label ../label/lh.cortex+hipamyg.label
MRISripNotLabel() ripped 8823/175272 vertices (166449 unripped)
INFO: rip surface needed but not specified, so using input surface
Ripping segs (eg, WMSA, BG, frozen)
Starting MRISripSegs() d = (-2 2 0.5) segnos: 247 
MRISripSegs(): -2 2 0.5 ripped 0
vertex 87636: xyz = (-45.1235,-8.46883,-23.3186) oxyz = (-45.1235,-8.46883,-23.3186) wxzy = (-45.1235,-8.46883,-23.3186) pxyz = (-45.1235,-8.46883,-23.3186) 
CBVO Creating mask 175272
n_averages 16
Iteration 0 =========================================
n_averages=16, current_sigma=2
Computing target border values 
Entering MRIScomputeBorderValues_new(): 
  inside_hi   =  93.9351880;
  border_hi   =  51.5135960;
  border_low  =  30.5407870;
  outside_low =  10.0000000;
  outside_hi  =  46.2703930;
  sigma = 2;
  max_thickness = 10;
  step_size=0.5;
  STEP_SIZE=0.1;
  which = 2
  thresh = 0
  flags = 0
  CBVfindFirstPeakD1=0
  CBVfindFirstPeakD2=0
  nvertices=175272
  Gdiag_no=-1
  vno start=0, stop=175272
Replacing 255s with 0s
#SI# sigma=2 had to be increased for 175 vertices, nripped=8823
mean border=50.1, 69 (69) missing vertices, mean dist 1.6 [1.2 (%0.0)->2.9 (%100.0))]
% 9 local maxima, %45 large gradients and %41 min vals, 0 gradients ignored
nFirstPeakD1 0
MRIScomputeBorderValues_new() finished in 0.0167 min


Averaging target values for 5 iterations...
Positioning Surface: tspring = 0.3, nspring = 0.3, spring = 0, niters = 100 l_repulse = 0, l_surf_repulse = 5, checktol = 0
Positioning pial surface
Entering MRISpositionSurface()
  max_mm = 0.3
  MAX_REDUCTIONS = 2, REDUCTION_PCT = 0.5
  parms->check_tol = 0, niterations = 100
tol=1.0e-04, sigma=2.0, host=dna04, nav=16, nbrs=2, l_surf_repulse=5.000, l_tspring=0.300, l_nspring=0.300, l_intensity=0.200, l_curv=1.000
mom=0.00, dt=0.50
complete_dist_mat 0
rms 0
smooth_averages 0
remove_neg 0
ico_order 0
which_surface 0
target_radius 0.000000
nfields 0
scale 0.000000
desired_rms_height 0.000000
momentum 0.000000
nbhd_size 0
max_nbrs 0
niterations 100
nsurfaces 0
SURFACES 3
flags 0 (0)
use curv 0
no sulc 0
no rigid align 0
mris->nsize 2
mris->hemisphere 0
randomSeed 0

000: dt: 0.0000, sse=35601892.0, rms=32.592
001: dt: 0.5000, sse=23195072.0, rms=26.256 (19.441%)
002: dt: 0.5000, sse=14791994.0, rms=20.899 (20.401%)
003: dt: 0.5000, sse=9748830.0, rms=16.886 (19.204%)
004: dt: 0.5000, sse=6898147.0, rms=14.119 (16.384%)
005: dt: 0.5000, sse=5198976.5, rms=12.173 (13.787%)
006: dt: 0.5000, sse=4072100.0, rms=10.685 (12.218%)
007: dt: 0.5000, sse=3229716.8, rms=9.419 (11.851%)
008: dt: 0.5000, sse=2574607.5, rms=8.299 (11.886%)
009: dt: 0.5000, sse=2061540.4, rms=7.302 (12.017%)
010: dt: 0.5000, sse=1671235.9, rms=6.439 (11.824%)
011: dt: 0.5000, sse=1385992.5, rms=5.724 (11.093%)
012: dt: 0.5000, sse=1184260.5, rms=5.158 (9.895%)
013: dt: 0.5000, sse=1040457.6, rms=4.712 (8.653%)
014: dt: 0.5000, sse=943530.4, rms=4.383 (6.969%)
015: dt: 0.5000, sse=877896.1, rms=4.145 (5.436%)
016: dt: 0.5000, sse=832247.4, rms=3.969 (4.246%)
017: dt: 0.5000, sse=799887.6, rms=3.838 (3.297%)
018: dt: 0.5000, sse=779754.7, rms=3.753 (2.228%)
019: dt: 0.5000, sse=766593.2, rms=3.694 (1.551%)
rms = 3.6521/3.6945, sse=757481.0/766593.2, time step reduction 1 of 3 to 0.250  0 0 1
020: dt: 0.5000, sse=757481.1, rms=3.652 (1.147%)
021: dt: 0.2500, sse=664841.2, rms=3.226 (11.670%)
022: dt: 0.2500, sse=641724.4, rms=3.113 (3.510%)
rms = 3.0954/3.1127, sse=638724.6/641724.4, time step reduction 2 of 3 to 0.125  0 0 1
023: dt: 0.2500, sse=638724.6, rms=3.095 (0.555%)
024: dt: 0.1250, sse=626001.2, rms=3.029 (2.137%)
rms = 3.0133/3.0293, sse=623029.2/626001.2, time step reduction 3 of 3 to 0.062  0 0 1
025: dt: 0.1250, sse=623029.1, rms=3.013 (0.525%)
  maximum number of reductions reached, breaking from loop
positioning took 2.3 minutes
Iteration 1 =========================================
n_averages=8, current_sigma=1
Computing target border values 
Entering MRIScomputeBorderValues_new(): 
  inside_hi   =  93.9351880;
  border_hi   =  51.5135960;
  border_low  =  30.5407870;
  outside_low =  10.0000000;
  outside_hi  =  46.2703930;
  sigma = 1;
  max_thickness = 10;
  step_size=0.5;
  STEP_SIZE=0.1;
  which = 2
  thresh = 0
  flags = 0
  CBVfindFirstPeakD1=0
  CBVfindFirstPeakD2=0
  nvertices=175272
  Gdiag_no=-1
  vno start=0, stop=175272
Replacing 255s with 0s
#SI# sigma=1 had to be increased for 13138 vertices, nripped=8823
mean border=49.0, 2082 (11) missing vertices, mean dist 0.1 [0.2 (%52.2)->0.6 (%47.8))]
%19 local maxima, %39 large gradients and %36 min vals, 0 gradients ignored
nFirstPeakD1 0
MRIScomputeBorderValues_new() finished in 0.0071 min


Averaging target values for 5 iterations...
Positioning Surface: tspring = 0.3, nspring = 0.3, spring = 0, niters = 100 l_repulse = 0, l_surf_repulse = 5, checktol = 0
Positioning pial surface
Entering MRISpositionSurface()
  max_mm = 0.3
  MAX_REDUCTIONS = 2, REDUCTION_PCT = 0.5
  parms->check_tol = 0, niterations = 100
tol=1.0e-04, sigma=1.0, host=dna04, nav=8, nbrs=2, l_surf_repulse=5.000, l_tspring=0.300, l_nspring=0.300, l_intensity=0.200, l_curv=1.000
mom=0.00, dt=0.50
000: dt: 0.0000, sse=846060.1, rms=3.694
026: dt: 0.5000, sse=813893.2, rms=3.561 (3.608%)
027: dt: 0.5000, sse=781854.6, rms=3.440 (3.384%)
rms = 3.5302/3.4402, sse=803494.6/781854.6, time step reduction 1 of 3 to 0.250  0 1 1
   RMS increased, rejecting step
028: dt: 0.2500, sse=706884.6, rms=3.081 (10.427%)
029: dt: 0.2500, sse=682496.9, rms=2.952 (4.215%)
rms = 2.9241/2.9516, sse=677390.8/682497.0, time step reduction 2 of 3 to 0.125  0 0 1
030: dt: 0.2500, sse=677390.8, rms=2.924 (0.930%)
031: dt: 0.1250, sse=662572.7, rms=2.843 (2.781%)
rms = 2.8253/2.8428, sse=659384.4/662572.7, time step reduction 3 of 3 to 0.062  0 0 1
032: dt: 0.1250, sse=659384.4, rms=2.825 (0.617%)
  maximum number of reductions reached, breaking from loop
positioning took 0.7 minutes
Iteration 2 =========================================
n_averages=4, current_sigma=0.5
Computing target border values 
Entering MRIScomputeBorderValues_new(): 
  inside_hi   =  93.9351880;
  border_hi   =  51.5135960;
  border_low  =  30.5407870;
  outside_low =  10.0000000;
  outside_hi  =  46.2703930;
  sigma = 0.5;
  max_thickness = 10;
  step_size=0.5;
  STEP_SIZE=0.1;
  which = 2
  thresh = 0
  flags = 0
  CBVfindFirstPeakD1=0
  CBVfindFirstPeakD2=0
  nvertices=175272
  Gdiag_no=-1
  vno start=0, stop=175272
Replacing 255s with 0s
#SI# sigma=0.5 had to be increased for 14653 vertices, nripped=8823
mean border=48.3, 2447 (8) missing vertices, mean dist 0.1 [0.2 (%48.8)->0.5 (%51.2))]
%31 local maxima, %26 large gradients and %37 min vals, 0 gradients ignored
nFirstPeakD1 0
MRIScomputeBorderValues_new() finished in 0.0041 min


Averaging target values for 5 iterations...
Positioning Surface: tspring = 0.3, nspring = 0.3, spring = 0, niters = 100 l_repulse = 0, l_surf_repulse = 5, checktol = 0
Positioning pial surface
Entering MRISpositionSurface()
  max_mm = 0.3
  MAX_REDUCTIONS = 2, REDUCTION_PCT = 0.5
  parms->check_tol = 0, niterations = 100
tol=1.0e-04, sigma=0.5, host=dna04, nav=4, nbrs=2, l_surf_repulse=5.000, l_tspring=0.300, l_nspring=0.300, l_intensity=0.200, l_curv=1.000
mom=0.00, dt=0.50
000: dt: 0.0000, sse=731605.9, rms=3.154
rms = 3.2671/3.1540, sse=754569.4/731605.9, time step reduction 1 of 3 to 0.250  0 1 1
   RMS increased, rejecting step
033: dt: 0.2500, sse=702370.9, rms=3.009 (4.585%)
034: dt: 0.2500, sse=684071.2, rms=2.917 (3.057%)
rms = 2.8982/2.9173, sse=679947.0/684071.2, time step reduction 2 of 3 to 0.125  0 0 1
035: dt: 0.2500, sse=679947.0, rms=2.898 (0.658%)
036: dt: 0.1250, sse=666029.4, rms=2.823 (2.585%)
rms = 2.8015/2.8232, sse=661872.3/666029.4, time step reduction 3 of 3 to 0.062  0 0 1
037: dt: 0.1250, sse=661872.3, rms=2.802 (0.769%)
  maximum number of reductions reached, breaking from loop
positioning took 0.5 minutes
Iteration 3 =========================================
n_averages=2, current_sigma=0.25
Computing target border values 
Entering MRIScomputeBorderValues_new(): 
  inside_hi   =  93.9351880;
  border_hi   =  51.5135960;
  border_low  =  30.5407870;
  outside_low =  10.0000000;
  outside_hi  =  46.2703930;
  sigma = 0.25;
  max_thickness = 10;
  step_size=0.5;
  STEP_SIZE=0.1;
  which = 2
  thresh = 0
  flags = 0
  CBVfindFirstPeakD1=0
  CBVfindFirstPeakD2=0
  nvertices=175272
  Gdiag_no=-1
  vno start=0, stop=175272
Replacing 255s with 0s
#SI# sigma=0.25 had to be increased for 12984 vertices, nripped=8823
mean border=47.7, 5473 (8) missing vertices, mean dist 0.1 [0.2 (%48.8)->0.4 (%51.2))]
%35 local maxima, %21 large gradients and %35 min vals, 0 gradients ignored
nFirstPeakD1 0
MRIScomputeBorderValues_new() finished in 0.0028 min


Averaging target values for 5 iterations...
Positioning Surface: tspring = 0.3, nspring = 0.3, spring = 0, niters = 100 l_repulse = 0, l_surf_repulse = 5, checktol = 0
Positioning pial surface
Entering MRISpositionSurface()
  max_mm = 0.3
  MAX_REDUCTIONS = 2, REDUCTION_PCT = 0.5
  parms->check_tol = 0, niterations = 100
tol=1.0e-04, sigma=0.2, host=dna04, nav=2, nbrs=2, l_surf_repulse=5.000, l_tspring=0.300, l_nspring=0.300, l_intensity=0.200, l_curv=1.000
mom=0.00, dt=0.50
000: dt: 0.0000, sse=689443.7, rms=2.943
rms = 3.0827/2.9428, sse=714708.7/689443.7, time step reduction 1 of 3 to 0.250  0 1 1
   RMS increased, rejecting step
038: dt: 0.2500, sse=672654.0, rms=2.855 (2.970%)
039: dt: 0.2500, sse=661564.2, rms=2.802 (1.879%)
rms = 2.7874/2.8017, sse=658065.7/661564.3, time step reduction 2 of 3 to 0.125  0 0 1
040: dt: 0.2500, sse=658065.7, rms=2.787 (0.509%)
041: dt: 0.1250, sse=643281.3, rms=2.706 (2.933%)
rms = 2.6809/2.7057, sse=638577.4/643281.3, time step reduction 3 of 3 to 0.062  0 0 1
042: dt: 0.1250, sse=638577.4, rms=2.681 (0.914%)
  maximum number of reductions reached, breaking from loop
positioning took 0.5 minutes
Pinning medial wall to white surface
removing intersecting faces
000: 10 intersecting
001: 4 intersecting
step 1 with no progress (num=13, old_num=4)
002: 13 intersecting
terminating search with 0 intersecting


Writing output to ../surf/lh.pial.T1
#ET# mris_place_surface  4.41 minutes
#VMPC# mris_place_surfaces VmPeak  2613400
mris_place_surface done
#@# white curv lh Wed Mar 11 15:43:03 CET 2026
cd /out/sourcedata/freesurfer/sub-v2s18x29506_ses-1/mri
mris_place_surface --curv-map ../surf/lh.white 2 10 ../surf/lh.curv
insurf  ../surf/lh.white, nbrs 2, curvature_avgs 10
writing curvature file ../surf/lh.curv
#@# white area lh Wed Mar 11 15:43:05 CET 2026
cd /out/sourcedata/freesurfer/sub-v2s18x29506_ses-1/mri
mris_place_surface --area-map ../surf/lh.white ../surf/lh.area
writing curvature file ../surf/lh.area
#@# pial curv lh Wed Mar 11 15:43:06 CET 2026
cd /out/sourcedata/freesurfer/sub-v2s18x29506_ses-1/mri
mris_place_surface --curv-map ../surf/lh.pial 2 10 ../surf/lh.curv.pial
insurf  ../surf/lh.pial, nbrs 2, curvature_avgs 10
writing curvature file ../surf/lh.curv.pial
#@# pial area lh Wed Mar 11 15:43:08 CET 2026
cd /out/sourcedata/freesurfer/sub-v2s18x29506_ses-1/mri
mris_place_surface --area-map ../surf/lh.pial ../surf/lh.area.pial
writing curvature file ../surf/lh.area.pial
#@# thickness lh Wed Mar 11 15:43:09 CET 2026
cd /out/sourcedata/freesurfer/sub-v2s18x29506_ses-1/mri
mris_place_surface --thickness ../surf/lh.white ../surf/lh.pial 20 5 ../surf/lh.thickness
0 of 175272 vertices processed
25000 of 175272 vertices processed
50000 of 175272 vertices processed
75000 of 175272 vertices processed
100000 of 175272 vertices processed
125000 of 175272 vertices processed
150000 of 175272 vertices processed
175000 of 175272 vertices processed
0 of 175272 vertices processed
25000 of 175272 vertices processed
50000 of 175272 vertices processed
75000 of 175272 vertices processed
100000 of 175272 vertices processed
125000 of 175272 vertices processed
150000 of 175272 vertices processed
175000 of 175272 vertices processed
thickness calculation complete, 533:1997 truncations.
70837 vertices at 0 distance
139947 vertices at 1 distance
87486 vertices at 2 distance
32033 vertices at 3 distance
11663 vertices at 4 distance
4580 vertices at 5 distance
1996 vertices at 6 distance
896 vertices at 7 distance
430 vertices at 8 distance
234 vertices at 9 distance
130 vertices at 10 distance
76 vertices at 11 distance
50 vertices at 12 distance
44 vertices at 13 distance
28 vertices at 14 distance
31 vertices at 15 distance
29 vertices at 16 distance
21 vertices at 17 distance
10 vertices at 18 distance
14 vertices at 19 distance
9 vertices at 20 distance
writing curvature file ../surf/lh.thickness
#@# area and vertex vol lh Wed Mar 11 15:43:47 CET 2026
cd /out/sourcedata/freesurfer/sub-v2s18x29506_ses-1/mri
mris_place_surface --thickness ../surf/lh.white ../surf/lh.pial 20 5 ../surf/lh.thickness
/out/sourcedata/freesurfer/sub-v2s18x29506_ses-1/surf
mris_calc -o lh.area.mid lh.area add lh.area.pial
Saving result to 'lh.area.mid' (type = MRI_CURV_FILE)                       [ ok ]
mris_calc -o lh.area.mid lh.area.mid div 2
Saving result to 'lh.area.mid' (type = MRI_CURV_FILE)                       [ ok ]
mris_convert --volume sub-v2s18x29506_ses-1 lh /out/sourcedata/freesurfer/sub-v2s18x29506_ses-1/surf/lh.volume
masking with /out/sourcedata/freesurfer/sub-v2s18x29506_ses-1/label/lh.cortex.label
Total face volume 341842
Total vertex volume 341572 (mask=0)
#@# sub-v2s18x29506_ses-1 lh 341572
 
vertexvol Done

#-----------------------------------------
#@# Curvature Stats lh Wed Mar 11 15:43:49 CET 2026
/out/sourcedata/freesurfer/sub-v2s18x29506_ses-1/surf

 mris_curvature_stats -m --writeCurvatureFiles -G -o ../stats/lh.curv.stats -F smoothwm sub-v2s18x29506_ses-1 lh curv sulc 

             Toggling save flag on curvature files                       [ ok ]
                 Outputting results using filestem   [ ../stats/lh.curv.stats ]
             Toggling save flag on curvature files                       [ ok ]
                                   Setting surface [ sub-v2s18x29506_ses-1/lh.smoothwm ]
                                Reading surface...                       [ ok ]
                                   Setting texture                     [ curv ]
                                Reading texture...                       [ ok ]
                                   Setting texture                     [ sulc ]
                                Reading texture...Gb_filter = 0
                       [ ok ]
      Calculating Discrete Principal Curvatures...
      Determining geometric order for vno faces... [####################] [ ok ]
                      Determining KH curvatures... [####################] [ ok ]
                    Determining k1k2 curvatures... [####################] [ ok ]
                                   deltaViolations                      [ 311 ]
Gb_filter = 0

WARN:    S lookup   min:                          -0.083429
WARN:    S explicit min:                          0.000000	vertex = 113
#-----------------------------------------
#@# Cortical Parc 2 lh Wed Mar 11 15:43:52 CET 2026
/out/sourcedata/freesurfer/sub-v2s18x29506_ses-1/scripts

 mris_ca_label -l ../label/lh.cortex.label -aseg ../mri/aseg.presurf.mgz -seed 1234 sub-v2s18x29506_ses-1 lh ../surf/lh.sphere.reg /opt/freesurfer/average/lh.CDaparc.atlas.acfb40.noaparc.i12.2016-08-02.gcs ../label/lh.aparc.a2009s.annot 

setting seed for random number generator to 1234
using ../mri/aseg.presurf.mgz aseg volume to correct midline
7.3.2
  7.3.2
reading atlas from /opt/freesurfer/average/lh.CDaparc.atlas.acfb40.noaparc.i12.2016-08-02.gcs...
reading color table from GCSA file....
average std = 3.0   using min determinant for regularization = 0.088
0 singular and 0 ill-conditioned covariance matrices regularized
input 0: MEAN CURVATURE, flags 0, avgs 5, name mean_curvature
labeling surface...
8 labels changed using aseg
relabeling using gibbs priors...
000:  11447 changed, 175272 examined...
001:   2694 changed, 44065 examined...
002:    812 changed, 14120 examined...
003:    367 changed, 4752 examined...
004:    211 changed, 2204 examined...
005:    115 changed, 1222 examined...
006:     60 changed, 632 examined...
007:     31 changed, 340 examined...
008:     22 changed, 179 examined...
009:      7 changed, 119 examined...
010:      6 changed, 47 examined...
011:      5 changed, 28 examined...
012:      7 changed, 29 examined...
013:      4 changed, 33 examined...
014:      5 changed, 24 examined...
015:      3 changed, 20 examined...
016:      4 changed, 19 examined...
017:      3 changed, 19 examined...
018:      2 changed, 17 examined...
019:      2 changed, 13 examined...
020:      2 changed, 12 examined...
021:      0 changed, 12 examined...
4 labels changed using aseg
000: 284 total segments, 196 labels (3105 vertices) changed
001: 102 total segments, 14 labels (62 vertices) changed
002: 89 total segments, 1 labels (1 vertices) changed
003: 88 total segments, 0 labels (0 vertices) changed
10 filter iterations complete (10 requested, 44 changed)
rationalizing unknown annotations with cortex label
relabeling Medial_wall label...
1451 vertices marked for relabeling...
1451 labels changed in reclassification.
writing output to ../label/lh.aparc.a2009s.annot...
classification took 0 minutes and 16 seconds.
#-----------------------------------------
#@# Cortical Parc 3 lh Wed Mar 11 15:44:08 CET 2026
/out/sourcedata/freesurfer/sub-v2s18x29506_ses-1/scripts

 mris_ca_label -l ../label/lh.cortex.label -aseg ../mri/aseg.presurf.mgz -seed 1234 sub-v2s18x29506_ses-1 lh ../surf/lh.sphere.reg /opt/freesurfer/average/lh.DKTaparc.atlas.acfb40.noaparc.i12.2016-08-02.gcs ../label/lh.aparc.DKTatlas.annot 

setting seed for random number generator to 1234
using ../mri/aseg.presurf.mgz aseg volume to correct midline
7.3.2
  7.3.2
reading atlas from /opt/freesurfer/average/lh.DKTaparc.atlas.acfb40.noaparc.i12.2016-08-02.gcs...
reading color table from GCSA file....
average std = 1.4   using min determinant for regularization = 0.020
0 singular and 383 ill-conditioned covariance matrices regularized
input 0: MEAN CURVATURE, flags 0, avgs 5, name mean_curvature
labeling surface...
2424 labels changed using aseg
relabeling using gibbs priors...
000:   2493 changed, 175272 examined...
001:    588 changed, 11343 examined...
002:    184 changed, 3424 examined...
003:     95 changed, 1099 examined...
004:     44 changed, 524 examined...
005:     28 changed, 249 examined...
006:     21 changed, 150 examined...
007:      9 changed, 108 examined...
008:      6 changed, 52 examined...
009:      4 changed, 34 examined...
010:      4 changed, 27 examined...
011:      4 changed, 23 examined...
012:      6 changed, 25 examined...
013:      5 changed, 27 examined...
014:      8 changed, 24 examined...
015:      7 changed, 34 examined...
016:      6 changed, 39 examined...
017:      6 changed, 29 examined...
018:      5 changed, 31 examined...
019:      4 changed, 29 examined...
020:      6 changed, 30 examined...
021:      7 changed, 38 examined...
022:      6 changed, 31 examined...
023:      7 changed, 30 examined...
024:      4 changed, 35 examined...
025:      6 changed, 24 examined...
026:      3 changed, 32 examined...
027:      1 changed, 17 examined...
028:      2 changed, 7 examined...
029:      2 changed, 11 examined...
030:      2 changed, 14 examined...
031:      0 changed, 12 examined...
411 labels changed using aseg
000: 54 total segments, 21 labels (143 vertices) changed
001: 33 total segments, 0 labels (0 vertices) changed
10 filter iterations complete (10 requested, 2 changed)
rationalizing unknown annotations with cortex label
relabeling unknown label...
relabeling corpuscallosum label...
937 vertices marked for relabeling...
937 labels changed in reclassification.
writing output to ../label/lh.aparc.DKTatlas.annot...
classification took 0 minutes and 12 seconds.
#-----------------------------------------
#@# WM/GM Contrast lh Wed Mar 11 15:44:21 CET 2026
/out/sourcedata/freesurfer/sub-v2s18x29506_ses-1/scripts

 pctsurfcon --s sub-v2s18x29506_ses-1 --lh-only 

Log file is /out/sourcedata/freesurfer/sub-v2s18x29506_ses-1/scripts/pctsurfcon.log
Wed Mar 11 15:44:21 CET 2026
setenv SUBJECTS_DIR /out/sourcedata/freesurfer
cd /out/sourcedata/freesurfer/sub-v2s18x29506_ses-1/scripts
/opt/freesurfer/bin/pctsurfcon
pctsurfcon 7.3.2
Linux dna044 5.14.0-427.37.1.el9_4.x86_64 #1 SMP PREEMPT_DYNAMIC Fri Sep 13 12:41:50 EDT 2024 x86_64 x86_64 x86_64 GNU/Linux
FREESURFER_HOME /opt/freesurfer
mri_vol2surf --mov /out/sourcedata/freesurfer/sub-v2s18x29506_ses-1/mri/rawavg.mgz --hemi lh --noreshape --interp trilinear --projdist -1 --o /out/sourcedata/freesurfer/sub-v2s18x29506_ses-1/surf/tmp.pctsurfcon.2855000/lh.wm.mgh --regheader sub-v2s18x29506_ses-1 --cortex
srcvol = /out/sourcedata/freesurfer/sub-v2s18x29506_ses-1/mri/rawavg.mgz
srcreg unspecified
srcregold = 0
srcwarp unspecified
surf = white
hemi = lh
ProjDist = -1
reshape = 0
interp = trilinear
float2int = round
GetProjMax = 0
INFO: float2int code = 0
Done loading volume
Computing registration from header.
  Using /out/sourcedata/freesurfer/sub-v2s18x29506_ses-1/mri/orig.mgz as target reference.
-------- original matrix -----------
-1.00000   0.00000   0.00000  -0.00002;
 0.00000   0.00000   1.00000   0.00000;
-0.00000  -1.00000   0.00000  -0.00002;
 0.00000   0.00000   0.00000   1.00000;
-------- original matrix -----------
Loading label /out/sourcedata/freesurfer/sub-v2s18x29506_ses-1/label/lh.cortex.label
Reading surface /out/sourcedata/freesurfer/sub-v2s18x29506_ses-1/surf/lh.white
Done reading source surface
Mapping Source Volume onto Source Subject Surface
Projecting -1 -1 1
 1 -1 -1 -1
using old
Done mapping volume to surface
Number of source voxels hit = 144766
Masking with /out/sourcedata/freesurfer/sub-v2s18x29506_ses-1/label/lh.cortex.label
Writing to /out/sourcedata/freesurfer/sub-v2s18x29506_ses-1/surf/tmp.pctsurfcon.2855000/lh.wm.mgh
Dim: 175272 1 1
mri_vol2surf --mov /out/sourcedata/freesurfer/sub-v2s18x29506_ses-1/mri/rawavg.mgz --hemi lh --noreshape --interp trilinear --o /out/sourcedata/freesurfer/sub-v2s18x29506_ses-1/surf/tmp.pctsurfcon.2855000/lh.gm.mgh --projfrac 0.3 --regheader sub-v2s18x29506_ses-1 --cortex
srcvol = /out/sourcedata/freesurfer/sub-v2s18x29506_ses-1/mri/rawavg.mgz
srcreg unspecified
srcregold = 0
srcwarp unspecified
surf = white
hemi = lh
ProjFrac = 0.3
thickness = thickness
reshape = 0
interp = trilinear
float2int = round
GetProjMax = 0
INFO: float2int code = 0
Done loading volume
Computing registration from header.
  Using /out/sourcedata/freesurfer/sub-v2s18x29506_ses-1/mri/orig.mgz as target reference.
-------- original matrix -----------
-1.00000   0.00000   0.00000  -0.00002;
 0.00000   0.00000   1.00000   0.00000;
-0.00000  -1.00000   0.00000  -0.00002;
 0.00000   0.00000   0.00000   1.00000;
-------- original matrix -----------
Loading label /out/sourcedata/freesurfer/sub-v2s18x29506_ses-1/label/lh.cortex.label
Reading surface /out/sourcedata/freesurfer/sub-v2s18x29506_ses-1/surf/lh.white
Done reading source surface
Reading thickness /out/sourcedata/freesurfer/sub-v2s18x29506_ses-1/surf/lh.thickness
Done
Mapping Source Volume onto Source Subject Surface
Projecting 0.3 0.3 1
 1 0.3 0.3 0.3
using old
Done mapping volume to surface
Number of source voxels hit = 161033
Masking with /out/sourcedata/freesurfer/sub-v2s18x29506_ses-1/label/lh.cortex.label
Writing to /out/sourcedata/freesurfer/sub-v2s18x29506_ses-1/surf/tmp.pctsurfcon.2855000/lh.gm.mgh
Dim: 175272 1 1
mri_concat /out/sourcedata/freesurfer/sub-v2s18x29506_ses-1/surf/tmp.pctsurfcon.2855000/lh.wm.mgh /out/sourcedata/freesurfer/sub-v2s18x29506_ses-1/surf/tmp.pctsurfcon.2855000/lh.gm.mgh --paired-diff-norm --mul 100 --o /out/sourcedata/freesurfer/sub-v2s18x29506_ses-1/surf/lh.w-g.pct.mgh
ninputs = 2
Checking inputs
nframestot = 2
Allocing output
Done allocing
Combining pairs
nframes = 1
Multiplying by 100.000000
Writing to /out/sourcedata/freesurfer/sub-v2s18x29506_ses-1/surf/lh.w-g.pct.mgh
mri_segstats --in /out/sourcedata/freesurfer/sub-v2s18x29506_ses-1/surf/lh.w-g.pct.mgh --annot sub-v2s18x29506_ses-1 lh aparc --sum /out/sourcedata/freesurfer/sub-v2s18x29506_ses-1/stats/lh.w-g.pct.stats --snr

7.3.2
cwd 
cmdline mri_segstats --in /out/sourcedata/freesurfer/sub-v2s18x29506_ses-1/surf/lh.w-g.pct.mgh --annot sub-v2s18x29506_ses-1 lh aparc --sum /out/sourcedata/freesurfer/sub-v2s18x29506_ses-1/stats/lh.w-g.pct.stats --snr 
sysname  Linux
hostname dna044
machine  x86_64
user     oesteban
whitesurfname  white
UseRobust  0
Constructing seg from annotation

Reading annotation /out/sourcedata/freesurfer/sub-v2s18x29506_ses-1/label/lh.aparc.annot
Seg base 1000
Loading /out/sourcedata/freesurfer/sub-v2s18x29506_ses-1/surf/lh.w-g.pct.mgh
Vertex Area is 0.686783 mm^3
Generating list of segmentation ids
Found  36 segmentations
Computing statistics for each segmentation

Reporting on  35 segmentations
Using PrintSegStat
mri_segstats done
Cleaning up

Started at Wed Mar 11 15:16:50 CET 2026 
Ended   at Wed Mar 11 15:44:27 CET 2026
#@#%# recon-all-run-time-hours 0.460
recon-all -s sub-v2s18x29506_ses-1 finished without error at Wed Mar 11 15:44:27 CET 2026



#New# invocation of recon-all 




Wed Mar 11 16:19:35 CET 2026
cd /out/sourcedata/freesurfer/sub-v2s18x29506_ses-1
setenv SUBJECTS_DIR /out/sourcedata/freesurfer
/opt/freesurfer/bin/recon-all -autorecon-hemi lh -nohyporelabel -lh-only -openmp 16 -subjid sub-v2s18x29506_ses-1 -sd /out/sourcedata/freesurfer -notessellate -nosmooth1 -noinflate1 -noqsphere -nofix -nowhite -nosmooth2 -noinflate2 -nocurvHK -nocurvstats -nosphere -nosurfreg -nojacobian_white -noavgcurv -nocortparc -nopial -nocortparc2 -nocortparc3 -nopctsurfcon

subjid sub-v2s18x29506_ses-1
setenv SUBJECTS_DIR /out/sourcedata/freesurfer
FREESURFER_HOME /opt/freesurfer
Actual FREESURFER_HOME /opt/freesurfer
build-stamp.txt: freesurfer-linux-ubuntu22_x86_64-7.3.2-20220804-6354275
Linux dna044 5.14.0-427.37.1.el9_4.x86_64 #1 SMP PREEMPT_DYNAMIC Fri Sep 13 12:41:50 EDT 2024 x86_64 x86_64 x86_64 GNU/Linux
cputime      unlimited
filesize     unlimited
datasize     unlimited
stacksize    8192 kbytes
coredumpsize 0 kbytes
memoryuse    67108864 kbytes
vmemoryuse   unlimited
descriptors  1024 
memorylocked unlimited
maxproc      2061970 
maxlocks     unlimited
maxsignal    4126352 
maxmessage   819200 
maxnice      0 
maxrtprio    0 
maxrttime    unlimited

               total        used        free      shared  buff/cache   available
Mem:           1.0Ti       261Gi       674Gi       9.9Gi        71Gi       730Gi
Swap:             0B          0B          0B

########################################
program versions used
7.3.2 (freesurfer-linux-ubuntu22_x86_64-7.3.2-20220804-6354275)
7.3.2

ProgramName: lta_convert  ProgramArguments: lta_convert -all-info  ProgramVersion: 7.3.2  TimeStamp: 2026/03/11-15:19:35-GMT  BuildTime: Aug  4 2022 06:17:15  BuildStamp: freesurfer-linux-ubuntu22_x86_64-7.3.2-20220804-6354275  User: oesteban  Machine: dna044  Platform: Linux  PlatformVersion: 5.14.0-427.37.1.el9_4.x86_64  CompilerName: GCC  CompilerVersion: 8.4.0
ProgramName: mri_and  ProgramArguments: mri_and -all-info  ProgramVersion: 7.3.2  TimeStamp: 2026/03/11-15:19:35-GMT  BuildTime: Aug  4 2022 06:17:15  BuildStamp: freesurfer-linux-ubuntu22_x86_64-7.3.2-20220804-6354275  User: oesteban  Machine: dna044  Platform: Linux  PlatformVersion: 5.14.0-427.37.1.el9_4.x86_64  CompilerName: GCC  CompilerVersion: 8.4.0
ProgramName: mri_annotation2label  ProgramArguments: mri_annotation2label -all-info  ProgramVersion: 7.3.2  TimeStamp: 2026/03/11-15:19:35-GMT  BuildTime: Aug  4 2022 06:17:15  BuildStamp: freesurfer-linux-ubuntu22_x86_64-7.3.2-20220804-6354275  User: oesteban  Machine: dna044  Platform: Linux  PlatformVersion: 5.14.0-427.37.1.el9_4.x86_64  CompilerName: GCC  CompilerVersion: 8.4.0
ProgramName: mri_aparc2aseg  ProgramArguments: mri_aparc2aseg -all-info  ProgramVersion: 7.3.2  TimeStamp: 2026/03/11-15:19:35-GMT  BuildTime: Aug  4 2022 06:17:15  BuildStamp: freesurfer-linux-ubuntu22_x86_64-7.3.2-20220804-6354275  User: oesteban  Machine: dna044  Platform: Linux  PlatformVersion: 5.14.0-427.37.1.el9_4.x86_64  CompilerName: GCC  CompilerVersion: 8.4.0
ProgramName: mri_surf2volseg  ProgramArguments: mri_surf2volseg -all-info  ProgramVersion: 7.3.2  TimeStamp: 2026/03/11-15:19:35-GMT  BuildTime: Aug  4 2022 06:17:15  BuildStamp: freesurfer-linux-ubuntu22_x86_64-7.3.2-20220804-6354275  User: oesteban  Machine: dna044  Platform: Linux  PlatformVersion: 5.14.0-427.37.1.el9_4.x86_64  CompilerName: GCC  CompilerVersion: 8.4.0
ProgramName: mri_binarize  ProgramArguments: mri_binarize -all-info  ProgramVersion: 7.3.2  TimeStamp: 2026/03/11-15:19:35-GMT  BuildTime: Aug  4 2022 06:17:15  BuildStamp: freesurfer-linux-ubuntu22_x86_64-7.3.2-20220804-6354275  User: oesteban  Machine: dna044  Platform: Linux  PlatformVersion: 5.14.0-427.37.1.el9_4.x86_64  CompilerName: GCC  CompilerVersion: 8.4.0
ProgramName: mri_ca_label  ProgramArguments: mri_ca_label -all-info  ProgramVersion: 7.3.2  TimeStamp: 2026/03/11-15:19:35-GMT  BuildTime: Aug  4 2022 06:17:15  BuildStamp: freesurfer-linux-ubuntu22_x86_64-7.3.2-20220804-6354275  User: oesteban  Machine: dna044  Platform: Linux  PlatformVersion: 5.14.0-427.37.1.el9_4.x86_64  CompilerName: GCC  CompilerVersion: 8.4.0
ProgramName: mri_ca_normalize  ProgramArguments: mri_ca_normalize -all-info  ProgramVersion: 7.3.2  TimeStamp: 2026/03/11-15:19:35-GMT  BuildTime: Aug  4 2022 06:17:15  BuildStamp: freesurfer-linux-ubuntu22_x86_64-7.3.2-20220804-6354275  User: oesteban  Machine: dna044  Platform: Linux  PlatformVersion: 5.14.0-427.37.1.el9_4.x86_64  CompilerName: GCC  CompilerVersion: 8.4.0
ProgramName: mri_ca_register  ProgramArguments: mri_ca_register -all-info  ProgramVersion: 7.3.2  TimeStamp: 2026/03/11-15:19:35-GMT  BuildTime: Aug  4 2022 06:17:15  BuildStamp: freesurfer-linux-ubuntu22_x86_64-7.3.2-20220804-6354275  User: oesteban  Machine: dna044  Platform: Linux  PlatformVersion: 5.14.0-427.37.1.el9_4.x86_64  CompilerName: GCC  CompilerVersion: 8.4.0
ProgramName: mri_cc  ProgramArguments: mri_cc -all-info  ProgramVersion: 7.3.2  TimeStamp: 2026/03/11-15:19:35-GMT  BuildTime: Aug  4 2022 06:17:15  BuildStamp: freesurfer-linux-ubuntu22_x86_64-7.3.2-20220804-6354275  User: oesteban  Machine: dna044  Platform: Linux  PlatformVersion: 5.14.0-427.37.1.el9_4.x86_64  CompilerName: GCC  CompilerVersion: 8.4.0
ProgramName: mri_compute_overlap  ProgramArguments: mri_compute_overlap -all-info  ProgramVersion: 7.3.2  TimeStamp: 2026/03/11-15:19:35-GMT  BuildTime: Aug  4 2022 06:17:15  BuildStamp: freesurfer-linux-ubuntu22_x86_64-7.3.2-20220804-6354275  User: oesteban  Machine: dna044  Platform: Linux  PlatformVersion: 5.14.0-427.37.1.el9_4.x86_64  CompilerName: GCC  CompilerVersion: 8.4.0
ProgramName: mri_compute_seg_overlap  ProgramArguments: mri_compute_seg_overlap -all-info  ProgramVersion: 7.3.2  TimeStamp: 2026/03/11-15:19:35-GMT  BuildTime: Aug  4 2022 06:17:15  BuildStamp: freesurfer-linux-ubuntu22_x86_64-7.3.2-20220804-6354275  User: oesteban  Machine: dna044  Platform: Linux  PlatformVersion: 5.14.0-427.37.1.el9_4.x86_64  CompilerName: GCC  CompilerVersion: 8.4.0
ProgramName: mri_concat  ProgramArguments: mri_concat -all-info  ProgramVersion: 7.3.2  TimeStamp: 2026/03/11-15:19:35-GMT  BuildTime: Aug  4 2022 06:17:15  BuildStamp: freesurfer-linux-ubuntu22_x86_64-7.3.2-20220804-6354275  User: oesteban  Machine: dna044  Platform: Linux  PlatformVersion: 5.14.0-427.37.1.el9_4.x86_64  CompilerName: GCC  CompilerVersion: 8.4.0
ProgramName: mri_concatenate_lta  ProgramArguments: mri_concatenate_lta -all-info  ProgramVersion: 7.3.2  TimeStamp: 2026/03/11-15:19:35-GMT  BuildTime: Aug  4 2022 06:17:15  BuildStamp: freesurfer-linux-ubuntu22_x86_64-7.3.2-20220804-6354275  User: oesteban  Machine: dna044  Platform: Linux  PlatformVersion: 5.14.0-427.37.1.el9_4.x86_64  CompilerName: GCC  CompilerVersion: 8.4.0
mri_convert -all-info 
ProgramName: mri_convert  ProgramArguments: mri_convert -all-info  ProgramVersion: 7.3.2  TimeStamp: 2026/03/11-15:19:35-GMT  BuildTime: Aug  4 2022 06:17:15  BuildStamp: freesurfer-linux-ubuntu22_x86_64-7.3.2-20220804-6354275  User: oesteban  Machine: dna044  Platform: Linux  PlatformVersion: 5.14.0-427.37.1.el9_4.x86_64  CompilerName: GCC  CompilerVersion: 8.4.0
ProgramName: mri_diff  ProgramArguments: mri_diff -all-info  ProgramVersion: 7.3.2  TimeStamp: 2026/03/11-15:19:35-GMT  BuildTime: Aug  4 2022 06:17:15  BuildStamp: freesurfer-linux-ubuntu22_x86_64-7.3.2-20220804-6354275  User: oesteban  Machine: dna044  Platform: Linux  PlatformVersion: 5.14.0-427.37.1.el9_4.x86_64  CompilerName: GCC  CompilerVersion: 8.4.0
ProgramName: mri_edit_wm_with_aseg  ProgramArguments: mri_edit_wm_with_aseg -all-info  ProgramVersion: 7.3.2  TimeStamp: 2026/03/11-15:19:35-GMT  BuildTime: Aug  4 2022 06:17:15  BuildStamp: freesurfer-linux-ubuntu22_x86_64-7.3.2-20220804-6354275  User: oesteban  Machine: dna044  Platform: Linux  PlatformVersion: 5.14.0-427.37.1.el9_4.x86_64  CompilerName: GCC  CompilerVersion: 8.4.0
ProgramName: mri_em_register  ProgramArguments: mri_em_register -all-info  ProgramVersion: 7.3.2  TimeStamp: 2026/03/11-15:19:35-GMT  BuildTime: Aug  4 2022 06:17:15  BuildStamp: freesurfer-linux-ubuntu22_x86_64-7.3.2-20220804-6354275  User: oesteban  Machine: dna044  Platform: Linux  PlatformVersion: 5.14.0-427.37.1.el9_4.x86_64  CompilerName: GCC  CompilerVersion: 8.4.0
ProgramName: mri_fill  ProgramArguments: mri_fill -all-info  ProgramVersion: 7.3.2  TimeStamp: 2026/03/11-15:19:35-GMT  BuildTime: Aug  4 2022 06:17:15  BuildStamp: freesurfer-linux-ubuntu22_x86_64-7.3.2-20220804-6354275  User: oesteban  Machine: dna044  Platform: Linux  PlatformVersion: 5.14.0-427.37.1.el9_4.x86_64  CompilerName: GCC  CompilerVersion: 8.4.0
ProgramName: mri_fuse_segmentations  ProgramArguments: mri_fuse_segmentations -all-info  ProgramVersion: 7.3.2  TimeStamp: 2026/03/11-15:19:35-GMT  BuildTime: Aug  4 2022 06:17:15  BuildStamp: freesurfer-linux-ubuntu22_x86_64-7.3.2-20220804-6354275  User: oesteban  Machine: dna044  Platform: Linux  PlatformVersion: 5.14.0-427.37.1.el9_4.x86_64  CompilerName: GCC  CompilerVersion: 8.4.0
ProgramName: mri_fwhm  ProgramArguments: mri_fwhm -all-info  ProgramVersion: 7.3.2  TimeStamp: 2026/03/11-15:19:35-GMT  BuildTime: Aug  4 2022 06:17:15  BuildStamp: freesurfer-linux-ubuntu22_x86_64-7.3.2-20220804-6354275  User: oesteban  Machine: dna044  Platform: Linux  PlatformVersion: 5.14.0-427.37.1.el9_4.x86_64  CompilerName: GCC  CompilerVersion: 8.4.0
ProgramName: mri_gcut  ProgramArguments: mri_gcut -all-info  ProgramVersion: 7.3.2  TimeStamp: 2026/03/11-15:19:35-GMT  BuildTime: Aug  4 2022 06:17:15  BuildStamp: freesurfer-linux-ubuntu22_x86_64-7.3.2-20220804-6354275  User: oesteban  Machine: dna044  Platform: Linux  PlatformVersion: 5.14.0-427.37.1.el9_4.x86_64  CompilerName: GCC  CompilerVersion: 8.4.0
ProgramName: mri_info  ProgramArguments: mri_info -all-info  ProgramVersion: 7.3.2  TimeStamp: 2026/03/11-15:19:35-GMT  BuildTime: Aug  4 2022 06:17:15  BuildStamp: freesurfer-linux-ubuntu22_x86_64-7.3.2-20220804-6354275  User: oesteban  Machine: dna044  Platform: Linux  PlatformVersion: 5.14.0-427.37.1.el9_4.x86_64  CompilerName: GCC  CompilerVersion: 8.4.0
ProgramName: mri_label2label  ProgramArguments: mri_label2label -all-info  ProgramVersion: 7.3.2  TimeStamp: 2026/03/11-15:19:35-GMT  BuildTime: Aug  4 2022 06:17:15  BuildStamp: freesurfer-linux-ubuntu22_x86_64-7.3.2-20220804-6354275  User: oesteban  Machine: dna044  Platform: Linux  PlatformVersion: 5.14.0-427.37.1.el9_4.x86_64  CompilerName: GCC  CompilerVersion: 8.4.0
ProgramName: mri_label2vol  ProgramArguments: mri_label2vol -all-info  ProgramVersion: 7.3.2  TimeStamp: 2026/03/11-15:19:35-GMT  BuildTime: Aug  4 2022 06:17:15  BuildStamp: freesurfer-linux-ubuntu22_x86_64-7.3.2-20220804-6354275  User: oesteban  Machine: dna044  Platform: Linux  PlatformVersion: 5.14.0-427.37.1.el9_4.x86_64  CompilerName: GCC  CompilerVersion: 8.4.0
ProgramName: mri_log_likelihood  ProgramArguments: mri_log_likelihood -all-info  ProgramVersion: 7.3.2  TimeStamp: 2026/03/11-15:19:35-GMT  BuildTime: Aug  4 2022 06:17:15  BuildStamp: freesurfer-linux-ubuntu22_x86_64-7.3.2-20220804-6354275  User: oesteban  Machine: dna044  Platform: Linux  PlatformVersion: 5.14.0-427.37.1.el9_4.x86_64  CompilerName: GCC  CompilerVersion: 8.4.0
ProgramName: mri_mask  ProgramArguments: mri_mask -all-info  ProgramVersion: 7.3.2  TimeStamp: 2026/03/11-15:19:35-GMT  BuildTime: Aug  4 2022 06:17:15  BuildStamp: freesurfer-linux-ubuntu22_x86_64-7.3.2-20220804-6354275  User: oesteban  Machine: dna044  Platform: Linux  PlatformVersion: 5.14.0-427.37.1.el9_4.x86_64  CompilerName: GCC  CompilerVersion: 8.4.0
ProgramName: mri_matrix_multiply  ProgramArguments: mri_matrix_multiply -all-info  ProgramVersion: 7.3.2  TimeStamp: 2026/03/11-15:19:35-GMT  BuildTime: Aug  4 2022 06:17:15  BuildStamp: freesurfer-linux-ubuntu22_x86_64-7.3.2-20220804-6354275  User: oesteban  Machine: dna044  Platform: Linux  PlatformVersion: 5.14.0-427.37.1.el9_4.x86_64  CompilerName: GCC  CompilerVersion: 8.4.0
ProgramName: mri_normalize  ProgramArguments: mri_normalize -all-info  ProgramVersion: 7.3.2  TimeStamp: 2026/03/11-15:19:35-GMT  BuildTime: Aug  4 2022 06:17:15  BuildStamp: freesurfer-linux-ubuntu22_x86_64-7.3.2-20220804-6354275  User: oesteban  Machine: dna044  Platform: Linux  PlatformVersion: 5.14.0-427.37.1.el9_4.x86_64  CompilerName: GCC  CompilerVersion: 8.4.0
ProgramName: mri_normalize_tp2  ProgramArguments: mri_normalize_tp2 -all-info  ProgramVersion: 7.3.2  TimeStamp: 2026/03/11-15:19:35-GMT  BuildTime: Aug  4 2022 06:17:15  BuildStamp: freesurfer-linux-ubuntu22_x86_64-7.3.2-20220804-6354275  User: oesteban  Machine: dna044  Platform: Linux  PlatformVersion: 5.14.0-427.37.1.el9_4.x86_64  CompilerName: GCC  CompilerVersion: 8.4.0
ProgramName: mri_or  ProgramArguments: mri_or -all-info  ProgramVersion: 7.3.2  TimeStamp: 2026/03/11-15:19:35-GMT  BuildTime: Aug  4 2022 06:17:15  BuildStamp: freesurfer-linux-ubuntu22_x86_64-7.3.2-20220804-6354275  User: oesteban  Machine: dna044  Platform: Linux  PlatformVersion: 5.14.0-427.37.1.el9_4.x86_64  CompilerName: GCC  CompilerVersion: 8.4.0
ProgramName: mri_relabel_hypointensities  ProgramArguments: mri_relabel_hypointensities -all-info  ProgramVersion: 7.3.2  TimeStamp: 2026/03/11-15:19:35-GMT  BuildTime: Aug  4 2022 06:17:15  BuildStamp: freesurfer-linux-ubuntu22_x86_64-7.3.2-20220804-6354275  User: oesteban  Machine: dna044  Platform: Linux  PlatformVersion: 5.14.0-427.37.1.el9_4.x86_64  CompilerName: GCC  CompilerVersion: 8.4.0
ProgramName: mri_relabel_nonwm_hypos  ProgramArguments: mri_relabel_nonwm_hypos -all-info  ProgramVersion: 7.3.2  TimeStamp: 2026/03/11-15:19:35-GMT  BuildTime: Aug  4 2022 06:17:15  BuildStamp: freesurfer-linux-ubuntu22_x86_64-7.3.2-20220804-6354275  User: oesteban  Machine: dna044  Platform: Linux  PlatformVersion: 5.14.0-427.37.1.el9_4.x86_64  CompilerName: GCC  CompilerVersion: 8.4.0
ProgramName: mri_remove_neck  ProgramArguments: mri_remove_neck -all-info  ProgramVersion: 7.3.2  TimeStamp: 2026/03/11-15:19:35-GMT  BuildTime: Aug  4 2022 06:17:15  BuildStamp: freesurfer-linux-ubuntu22_x86_64-7.3.2-20220804-6354275  User: oesteban  Machine: dna044  Platform: Linux  PlatformVersion: 5.14.0-427.37.1.el9_4.x86_64  CompilerName: GCC  CompilerVersion: 8.4.0
7.3.2

ProgramName: mri_robust_register  ProgramArguments: mri_robust_register -all-info  ProgramVersion: 7.3.2  TimeStamp: 2026/03/11-15:19:35-GMT  BuildTime: Aug  4 2022 06:17:15  BuildStamp: freesurfer-linux-ubuntu22_x86_64-7.3.2-20220804-6354275  User: oesteban  Machine: dna044  Platform: Linux  PlatformVersion: 5.14.0-427.37.1.el9_4.x86_64  CompilerName: GCC  CompilerVersion: 8.4.0
7.3.2

ProgramName: mri_robust_template  ProgramArguments: mri_robust_template -all-info  ProgramVersion: 7.3.2  TimeStamp: 2026/03/11-15:19:35-GMT  BuildTime: Aug  4 2022 06:17:15  BuildStamp: freesurfer-linux-ubuntu22_x86_64-7.3.2-20220804-6354275  User: oesteban  Machine: dna044  Platform: Linux  PlatformVersion: 5.14.0-427.37.1.el9_4.x86_64  CompilerName: GCC  CompilerVersion: 8.4.0
ProgramName: mris_anatomical_stats  ProgramArguments: mris_anatomical_stats -all-info  ProgramVersion: 7.3.2  TimeStamp: 2026/03/11-15:19:35-GMT  BuildTime: Aug  4 2022 06:17:15  BuildStamp: freesurfer-linux-ubuntu22_x86_64-7.3.2-20220804-6354275  User: oesteban  Machine: dna044  Platform: Linux  PlatformVersion: 5.14.0-427.37.1.el9_4.x86_64  CompilerName: GCC  CompilerVersion: 8.4.0
ProgramName: mris_ca_label  ProgramArguments: mris_ca_label -all-info  ProgramVersion: 7.3.2  TimeStamp: 2026/03/11-15:19:35-GMT  BuildTime: Aug  4 2022 06:17:15  BuildStamp: freesurfer-linux-ubuntu22_x86_64-7.3.2-20220804-6354275  User: oesteban  Machine: dna044  Platform: Linux  PlatformVersion: 5.14.0-427.37.1.el9_4.x86_64  CompilerName: GCC  CompilerVersion: 8.4.0
ProgramName: mris_calc  ProgramArguments: mris_calc -all-info  ProgramVersion: 7.3.2  TimeStamp: 2026/03/11-15:19:35-GMT  BuildTime: Aug  4 2022 06:17:15  BuildStamp: freesurfer-linux-ubuntu22_x86_64-7.3.2-20220804-6354275  User: oesteban  Machine: dna044  Platform: Linux  PlatformVersion: 5.14.0-427.37.1.el9_4.x86_64  CompilerName: GCC  CompilerVersion: 8.4.0
ProgramName: mris_convert  ProgramArguments: mris_convert -all-info  ProgramVersion: 7.3.2  TimeStamp: 2026/03/11-15:19:35-GMT  BuildTime: Aug  4 2022 06:17:15  BuildStamp: freesurfer-linux-ubuntu22_x86_64-7.3.2-20220804-6354275  User: oesteban  Machine: dna044  Platform: Linux  PlatformVersion: 5.14.0-427.37.1.el9_4.x86_64  CompilerName: GCC  CompilerVersion: 8.4.0
ProgramName: mris_curvature  ProgramArguments: mris_curvature -all-info  ProgramVersion: 7.3.2  TimeStamp: 2026/03/11-15:19:35-GMT  BuildTime: Aug  4 2022 06:17:15  BuildStamp: freesurfer-linux-ubuntu22_x86_64-7.3.2-20220804-6354275  User: oesteban  Machine: dna044  Platform: Linux  PlatformVersion: 5.14.0-427.37.1.el9_4.x86_64  CompilerName: GCC  CompilerVersion: 8.4.0
ProgramName: mris_curvature_stats  ProgramArguments: mris_curvature_stats -all-info  ProgramVersion: 7.3.2  TimeStamp: 2026/03/11-15:19:35-GMT  BuildTime: Aug  4 2022 06:17:15  BuildStamp: freesurfer-linux-ubuntu22_x86_64-7.3.2-20220804-6354275  User: oesteban  Machine: dna044  Platform: Linux  PlatformVersion: 5.14.0-427.37.1.el9_4.x86_64  CompilerName: GCC  CompilerVersion: 8.4.0
ProgramName: mris_diff  ProgramArguments: mris_diff -all-info  ProgramVersion: 7.3.2  TimeStamp: 2026/03/11-15:19:35-GMT  BuildTime: Aug  4 2022 06:17:15  BuildStamp: freesurfer-linux-ubuntu22_x86_64-7.3.2-20220804-6354275  User: oesteban  Machine: dna044  Platform: Linux  PlatformVersion: 5.14.0-427.37.1.el9_4.x86_64  CompilerName: GCC  CompilerVersion: 8.4.0
ProgramName: mris_divide_parcellation  ProgramArguments: mris_divide_parcellation -all-info  ProgramVersion: 7.3.2  TimeStamp: 2026/03/11-15:19:35-GMT  BuildTime: Aug  4 2022 06:17:15  BuildStamp: freesurfer-linux-ubuntu22_x86_64-7.3.2-20220804-6354275  User: oesteban  Machine: dna044  Platform: Linux  PlatformVersion: 5.14.0-427.37.1.el9_4.x86_64  CompilerName: GCC  CompilerVersion: 8.4.0
ProgramName: mri_segment  ProgramArguments: mri_segment -all-info  ProgramVersion: 7.3.2  TimeStamp: 2026/03/11-15:19:35-GMT  BuildTime: Aug  4 2022 06:17:15  BuildStamp: freesurfer-linux-ubuntu22_x86_64-7.3.2-20220804-6354275  User: oesteban  Machine: dna044  Platform: Linux  PlatformVersion: 5.14.0-427.37.1.el9_4.x86_64  CompilerName: GCC  CompilerVersion: 8.4.0
ProgramName: mri_segstats  ProgramArguments: mri_segstats -all-info  ProgramVersion: 7.3.2  TimeStamp: 2026/03/11-15:19:35-GMT  BuildTime: Aug  4 2022 06:17:15  BuildStamp: freesurfer-linux-ubuntu22_x86_64-7.3.2-20220804-6354275  User: oesteban  Machine: dna044  Platform: Linux  PlatformVersion: 5.14.0-427.37.1.el9_4.x86_64  CompilerName: GCC  CompilerVersion: 8.4.0
ProgramName: mris_euler_number  ProgramArguments: mris_euler_number -all-info  ProgramVersion: 7.3.2  TimeStamp: 2026/03/11-15:19:35-GMT  BuildTime: Aug  4 2022 06:17:15  BuildStamp: freesurfer-linux-ubuntu22_x86_64-7.3.2-20220804-6354275  User: oesteban  Machine: dna044  Platform: Linux  PlatformVersion: 5.14.0-427.37.1.el9_4.x86_64  CompilerName: GCC  CompilerVersion: 8.4.0
ProgramName: mris_fix_topology  ProgramArguments: mris_fix_topology -all-info  ProgramVersion: 7.3.2  TimeStamp: 2026/03/11-15:19:35-GMT  BuildTime: Aug  4 2022 06:17:15  BuildStamp: freesurfer-linux-ubuntu22_x86_64-7.3.2-20220804-6354275  User: oesteban  Machine: dna044  Platform: Linux  PlatformVersion: 5.14.0-427.37.1.el9_4.x86_64  CompilerName: GCC  CompilerVersion: 8.4.0
ProgramName: mris_topo_fixer  ProgramArguments: mris_topo_fixer -all-info  ProgramVersion: 7.3.2  TimeStamp: 2026/03/11-15:19:35-GMT  BuildTime: Aug  4 2022 06:17:15  BuildStamp: freesurfer-linux-ubuntu22_x86_64-7.3.2-20220804-6354275  User: oesteban  Machine: dna044  Platform: Linux  PlatformVersion: 5.14.0-427.37.1.el9_4.x86_64  CompilerName: GCC  CompilerVersion: 8.4.0
ProgramName: mris_jacobian  ProgramArguments: mris_jacobian -all-info  ProgramVersion: 7.3.2  TimeStamp: 2026/03/11-15:19:35-GMT  BuildTime: Aug  4 2022 06:17:15  BuildStamp: freesurfer-linux-ubuntu22_x86_64-7.3.2-20220804-6354275  User: oesteban  Machine: dna044  Platform: Linux  PlatformVersion: 5.14.0-427.37.1.el9_4.x86_64  CompilerName: GCC  CompilerVersion: 8.4.0
ProgramName: mris_label2annot  ProgramArguments: mris_label2annot -all-info  ProgramVersion: 7.3.2  TimeStamp: 2026/03/11-15:19:35-GMT  BuildTime: Aug  4 2022 06:17:15  BuildStamp: freesurfer-linux-ubuntu22_x86_64-7.3.2-20220804-6354275  User: oesteban  Machine: dna044  Platform: Linux  PlatformVersion: 5.14.0-427.37.1.el9_4.x86_64  CompilerName: GCC  CompilerVersion: 8.4.0
ProgramName: mris_left_right_register  ProgramArguments: mris_left_right_register -all-info  ProgramVersion: 7.3.2  TimeStamp: 2026/03/11-15:19:35-GMT  BuildTime: Aug  4 2022 06:17:15  BuildStamp: freesurfer-linux-ubuntu22_x86_64-7.3.2-20220804-6354275  User: oesteban  Machine: dna044  Platform: Linux  PlatformVersion: 5.14.0-427.37.1.el9_4.x86_64  CompilerName: GCC  CompilerVersion: 8.4.0
ProgramName: mris_place_surface  ProgramArguments: mris_place_surface -all-info  ProgramVersion: 7.3.2  TimeStamp: 2026/03/11-15:19:35-GMT  BuildTime: Aug  4 2022 06:17:15  BuildStamp: freesurfer-linux-ubuntu22_x86_64-7.3.2-20220804-6354275  User: oesteban  Machine: dna044  Platform: Linux  PlatformVersion: 5.14.0-427.37.1.el9_4.x86_64  CompilerName: GCC  CompilerVersion: 8.4.0
ProgramName: mrisp_paint  ProgramArguments: mrisp_paint -all-info  ProgramVersion: 7.3.2  TimeStamp: 2026/03/11-15:19:35-GMT  BuildTime: Aug  4 2022 06:17:15  BuildStamp: freesurfer-linux-ubuntu22_x86_64-7.3.2-20220804-6354275  User: oesteban  Machine: dna044  Platform: Linux  PlatformVersion: 5.14.0-427.37.1.el9_4.x86_64  CompilerName: GCC  CompilerVersion: 8.4.0
ProgramName: mris_register  ProgramArguments: mris_register -all-info  ProgramVersion: 7.3.2  TimeStamp: 2026/03/11-15:19:35-GMT  BuildTime: Aug  4 2022 06:17:15  BuildStamp: freesurfer-linux-ubuntu22_x86_64-7.3.2-20220804-6354275  User: oesteban  Machine: dna044  Platform: Linux  PlatformVersion: 5.14.0-427.37.1.el9_4.x86_64  CompilerName: GCC  CompilerVersion: 8.4.0
ProgramName: mris_smooth  ProgramArguments: mris_smooth -all-info  ProgramVersion: 7.3.2  TimeStamp: 2026/03/11-15:19:35-GMT  BuildTime: Aug  4 2022 06:17:15  BuildStamp: freesurfer-linux-ubuntu22_x86_64-7.3.2-20220804-6354275  User: oesteban  Machine: dna044  Platform: Linux  PlatformVersion: 5.14.0-427.37.1.el9_4.x86_64  CompilerName: GCC  CompilerVersion: 8.4.0
ProgramName: mris_sphere  ProgramArguments: mris_sphere -all-info  ProgramVersion: 7.3.2  TimeStamp: 2026/03/11-15:19:35-GMT  BuildTime: Aug  4 2022 06:17:15  BuildStamp: freesurfer-linux-ubuntu22_x86_64-7.3.2-20220804-6354275  User: oesteban  Machine: dna044  Platform: Linux  PlatformVersion: 5.14.0-427.37.1.el9_4.x86_64  CompilerName: GCC  CompilerVersion: 8.4.0
ProgramName: mris_surface_stats  ProgramArguments: mris_surface_stats -all-info  ProgramVersion: 7.3.2  TimeStamp: 2026/03/11-15:19:35-GMT  BuildTime: Aug  4 2022 06:17:15  BuildStamp: freesurfer-linux-ubuntu22_x86_64-7.3.2-20220804-6354275  User: oesteban  Machine: dna044  Platform: Linux  PlatformVersion: 5.14.0-427.37.1.el9_4.x86_64  CompilerName: GCC  CompilerVersion: 8.4.0
ProgramName: mri_stats2seg  ProgramArguments: mri_stats2seg -all-info  ProgramVersion: 7.3.2  TimeStamp: 2026/03/11-15:19:35-GMT  BuildTime: Aug  4 2022 06:17:15  BuildStamp: freesurfer-linux-ubuntu22_x86_64-7.3.2-20220804-6354275  User: oesteban  Machine: dna044  Platform: Linux  PlatformVersion: 5.14.0-427.37.1.el9_4.x86_64  CompilerName: GCC  CompilerVersion: 8.4.0
ProgramName: mris_thickness  ProgramArguments: mris_thickness -all-info  ProgramVersion: 7.3.2  TimeStamp: 2026/03/11-15:19:35-GMT  BuildTime: Aug  4 2022 06:17:15  BuildStamp: freesurfer-linux-ubuntu22_x86_64-7.3.2-20220804-6354275  User: oesteban  Machine: dna044  Platform: Linux  PlatformVersion: 5.14.0-427.37.1.el9_4.x86_64  CompilerName: GCC  CompilerVersion: 8.4.0
ProgramName: mris_thickness_diff  ProgramArguments: mris_thickness_diff -all-info  ProgramVersion: 7.3.2  TimeStamp: 2026/03/11-15:19:35-GMT  BuildTime: Aug  4 2022 06:17:15  BuildStamp: freesurfer-linux-ubuntu22_x86_64-7.3.2-20220804-6354275  User: oesteban  Machine: dna044  Platform: Linux  PlatformVersion: 5.14.0-427.37.1.el9_4.x86_64  CompilerName: GCC  CompilerVersion: 8.4.0
ProgramName: mris_topo_fixer  ProgramArguments: mris_topo_fixer -all-info  ProgramVersion: 7.3.2  TimeStamp: 2026/03/11-15:19:35-GMT  BuildTime: Aug  4 2022 06:17:15  BuildStamp: freesurfer-linux-ubuntu22_x86_64-7.3.2-20220804-6354275  User: oesteban  Machine: dna044  Platform: Linux  PlatformVersion: 5.14.0-427.37.1.el9_4.x86_64  CompilerName: GCC  CompilerVersion: 8.4.0
ProgramName: mri_surf2surf  ProgramArguments: mri_surf2surf -all-info  ProgramVersion: 7.3.2  TimeStamp: 2026/03/11-15:19:35-GMT  BuildTime: Aug  4 2022 06:17:15  BuildStamp: freesurfer-linux-ubuntu22_x86_64-7.3.2-20220804-6354275  User: oesteban  Machine: dna044  Platform: Linux  PlatformVersion: 5.14.0-427.37.1.el9_4.x86_64  CompilerName: GCC  CompilerVersion: 8.4.0
ProgramName: mri_surf2vol  ProgramArguments: mri_surf2vol -all-info  ProgramVersion: 7.3.2  TimeStamp: 2026/03/11-15:19:35-GMT  BuildTime: Aug  4 2022 06:17:15  BuildStamp: freesurfer-linux-ubuntu22_x86_64-7.3.2-20220804-6354275  User: oesteban  Machine: dna044  Platform: Linux  PlatformVersion: 5.14.0-427.37.1.el9_4.x86_64  CompilerName: GCC  CompilerVersion: 8.4.0
ProgramName: mri_surfcluster  ProgramArguments: mri_surfcluster -all-info  ProgramVersion: 7.3.2  TimeStamp: 2026/03/11-15:19:35-GMT  BuildTime: Aug  4 2022 06:17:15  BuildStamp: freesurfer-linux-ubuntu22_x86_64-7.3.2-20220804-6354275  User: oesteban  Machine: dna044  Platform: Linux  PlatformVersion: 5.14.0-427.37.1.el9_4.x86_64  CompilerName: GCC  CompilerVersion: 8.4.0
ProgramName: mris_volmask  ProgramArguments: mris_volmask -all-info  ProgramVersion: 7.3.2  TimeStamp: 2026/03/11-15:19:35-GMT  BuildTime: Aug  4 2022 06:17:15  BuildStamp: freesurfer-linux-ubuntu22_x86_64-7.3.2-20220804-6354275  User: oesteban  Machine: dna044  Platform: Linux  PlatformVersion: 5.14.0-427.37.1.el9_4.x86_64  CompilerName: GCC  CompilerVersion: 8.4.0
ProgramName: mri_tessellate  ProgramArguments: mri_tessellate -all-info  ProgramVersion: 7.3.2  TimeStamp: 2026/03/11-15:19:35-GMT  BuildTime: Aug  4 2022 06:17:15  BuildStamp: freesurfer-linux-ubuntu22_x86_64-7.3.2-20220804-6354275  User: oesteban  Machine: dna044  Platform: Linux  PlatformVersion: 5.14.0-427.37.1.el9_4.x86_64  CompilerName: GCC  CompilerVersion: 8.4.0
ProgramName: mri_vol2surf  ProgramArguments: mri_vol2surf -all-info  ProgramVersion: 7.3.2  TimeStamp: 2026/03/11-15:19:35-GMT  BuildTime: Aug  4 2022 06:17:15  BuildStamp: freesurfer-linux-ubuntu22_x86_64-7.3.2-20220804-6354275  User: oesteban  Machine: dna044  Platform: Linux  PlatformVersion: 5.14.0-427.37.1.el9_4.x86_64  CompilerName: GCC  CompilerVersion: 8.4.0
ProgramName: mri_vol2vol  ProgramArguments: mri_vol2vol -all-info  ProgramVersion: 7.3.2  TimeStamp: 2026/03/11-15:19:35-GMT  BuildTime: Aug  4 2022 06:17:15  BuildStamp: freesurfer-linux-ubuntu22_x86_64-7.3.2-20220804-6354275  User: oesteban  Machine: dna044  Platform: Linux  PlatformVersion: 5.14.0-427.37.1.el9_4.x86_64  CompilerName: GCC  CompilerVersion: 8.4.0
ProgramName: mri_voldiff  ProgramArguments: mri_voldiff -all-info  ProgramVersion: 7.3.2  TimeStamp: 2026/03/11-15:19:35-GMT  BuildTime: Aug  4 2022 06:17:15  BuildStamp: freesurfer-linux-ubuntu22_x86_64-7.3.2-20220804-6354275  User: oesteban  Machine: dna044  Platform: Linux  PlatformVersion: 5.14.0-427.37.1.el9_4.x86_64  CompilerName: GCC  CompilerVersion: 8.4.0
ProgramName: mri_watershed  ProgramArguments: mri_watershed -all-info  ProgramVersion: 7.3.2  TimeStamp: 2026/03/11-15:19:35-GMT  BuildTime: Aug  4 2022 06:17:15  BuildStamp: freesurfer-linux-ubuntu22_x86_64-7.3.2-20220804-6354275  User: oesteban  Machine: dna044  Platform: Linux  PlatformVersion: 5.14.0-427.37.1.el9_4.x86_64  CompilerName: GCC  CompilerVersion: 8.4.0
ProgramName: tkregister2  ProgramArguments: tkregister2_cmdl -all-info  ProgramVersion: 7.3.2  TimeStamp: 2026/03/11-15:19:35-GMT  BuildTime: Aug  4 2022 06:17:15  BuildStamp: freesurfer-linux-ubuntu22_x86_64-7.3.2-20220804-6354275  User: oesteban  Machine: dna044  Platform: Linux  PlatformVersion: 5.14.0-427.37.1.el9_4.x86_64  CompilerName: GCC  CompilerVersion: 8.4.0
mri_motion_correct.fsl 7.3.2
mri_convert -all-info 
ProgramName: mri_convert  ProgramArguments: mri_convert -all-info  ProgramVersion: 7.3.2  TimeStamp: 2026/03/11-15:19:35-GMT  BuildTime: Aug  4 2022 06:17:15  BuildStamp: freesurfer-linux-ubuntu22_x86_64-7.3.2-20220804-6354275  User: oesteban  Machine: dna044  Platform: Linux  PlatformVersion: 5.14.0-427.37.1.el9_4.x86_64  CompilerName: GCC  CompilerVersion: 8.4.0
Program nu_correct, built from:
Package MNI N3, version 1.12.0, compiled by nicks@terrier (x86_64-unknown-linux-gnu) on 2015-06-19 at 01:25:34
#######################################
GCADIR /opt/freesurfer/average
GCA RB_all_2020-01-02.gca
GCASkull RB_all_withskull_2020_01_02.gca
AvgCurvTif folding.atlas.acfb40.noaparc.i12.2016-08-02.tif
GCSDIR /opt/freesurfer/average
GCS DKaparc.atlas.acfb40.noaparc.i12.2016-08-02.gcs
#######################################
#--------------------------------------------
#@# AutoDetGWStats lh Wed Mar 11 16:19:35 CET 2026
cd /out/sourcedata/freesurfer/sub-v2s18x29506_ses-1/mri
mris_autodet_gwstats --o ../surf/autodet.gw.stats.lh.dat --i brain.finalsurfs.mgz --wm wm.mgz --surf ../surf/lh.orig.premesh
  Update not needed
#--------------------------------------------
#@# WhitePreAparc lh Wed Mar 11 16:19:35 CET 2026
cd /out/sourcedata/freesurfer/sub-v2s18x29506_ses-1/mri
mris_place_surface --adgws-in ../surf/autodet.gw.stats.lh.dat --wm wm.mgz --threads 16 --invol brain.finalsurfs.mgz --lh --i ../surf/lh.orig --o ../surf/lh.white.preaparc --white --seg aseg.presurf.mgz --nsmooth 5
   Update not needed
#--------------------------------------------
#@# CortexLabel lh Wed Mar 11 16:19:35 CET 2026
cd /out/sourcedata/freesurfer/sub-v2s18x29506_ses-1/mri
mri_label2label --label-cortex ../surf/lh.white.preaparc aseg.presurf.mgz 0 ../label/lh.cortex.label
   Update not needed
#--------------------------------------------
#@# CortexLabel+HipAmyg lh Wed Mar 11 16:19:35 CET 2026
cd /out/sourcedata/freesurfer/sub-v2s18x29506_ses-1/mri
mri_label2label --label-cortex ../surf/lh.white.preaparc aseg.presurf.mgz 1 ../label/lh.cortex+hipamyg.label
   Update not needed
#@# white curv lh Wed Mar 11 16:19:35 CET 2026
cd /out/sourcedata/freesurfer/sub-v2s18x29506_ses-1/mri
mris_place_surface --curv-map ../surf/lh.white 2 10 ../surf/lh.curv
   Update not needed
#@# white area lh Wed Mar 11 16:19:35 CET 2026
cd /out/sourcedata/freesurfer/sub-v2s18x29506_ses-1/mri
mris_place_surface --area-map ../surf/lh.white ../surf/lh.area
   Update not needed
#@# pial curv lh Wed Mar 11 16:19:35 CET 2026
cd /out/sourcedata/freesurfer/sub-v2s18x29506_ses-1/mri
mris_place_surface --curv-map ../surf/lh.pial 2 10 ../surf/lh.curv.pial
   Update not needed
#@# pial area lh Wed Mar 11 16:19:35 CET 2026
cd /out/sourcedata/freesurfer/sub-v2s18x29506_ses-1/mri
mris_place_surface --area-map ../surf/lh.pial ../surf/lh.area.pial
   Update not needed
#@# thickness lh Wed Mar 11 16:19:35 CET 2026
cd /out/sourcedata/freesurfer/sub-v2s18x29506_ses-1/mri
mris_place_surface --thickness ../surf/lh.white ../surf/lh.pial 20 5 ../surf/lh.thickness
   Update not needed
#@# area and vertex vol lh Wed Mar 11 16:19:35 CET 2026
cd /out/sourcedata/freesurfer/sub-v2s18x29506_ses-1/mri
mris_place_surface --thickness ../surf/lh.white ../surf/lh.pial 20 5 ../surf/lh.thickness
   Update not needed
#-----------------------------------------
#@# Parcellation Stats lh Wed Mar 11 16:19:35 CET 2026
/out/sourcedata/freesurfer/sub-v2s18x29506_ses-1/scripts

 mris_anatomical_stats -th3 -mgz -noglobal -cortex ../label/lh.cortex.label -f ../stats/lh.aparc.stats -b -a ../label/lh.aparc.annot -c ../label/aparc.annot.ctab sub-v2s18x29506_ses-1 lh white 

computing statistics for each annotation in ../label/lh.aparc.annot.
reading volume /out/sourcedata/freesurfer/sub-v2s18x29506_ses-1/mri/wm.mgz...
reading input surface /out/sourcedata/freesurfer/sub-v2s18x29506_ses-1/surf/lh.white...
reading input pial surface /out/sourcedata/freesurfer/sub-v2s18x29506_ses-1/surf/lh.pial...
reading input white surface /out/sourcedata/freesurfer/sub-v2s18x29506_ses-1/surf/lh.white...
INFO: using TH3 volume calc
INFO: assuming MGZ format for volumes.
INFO: not computing global stats
INFO: using ../label/lh.cortex.label as mask to calc cortex NumVert, SurfArea and MeanThickness.
Using TH3 vertex volume calc
Total face volume 341842
Total vertex volume 341572 (mask=0)
Saving annotation colortable ../label/aparc.annot.ctab

table columns are:
    number of vertices
    total surface area (mm^2)
    total gray matter volume (mm^3)
    average cortical thickness +- standard deviation (mm)
    integrated rectified mean curvature
    integrated rectified Gaussian curvature
    folding index
    intrinsic curvature index
    structure name

 1762   1158   3003  2.777 0.402     0.096     0.017       12     1.2  bankssts
 1370    952   2929  2.639 0.775     0.137     0.024       20     1.5  caudalanteriorcingulate
 4021   2722   8474  2.751 0.568     0.106     0.020       32     3.2  caudalmiddlefrontal
 2812   1975   5293  2.434 0.493     0.135     0.032       31     3.8  cuneus
  874    563   2711  3.280 0.750     0.096     0.022        6     0.7  entorhinal
 6552   4503  13727  2.738 0.552     0.112     0.023       63     6.4  fusiform
 8930   6158  18526  2.635 0.576     0.112     0.023       89     8.8  inferiorparietal
 7020   4917  16044  2.800 0.708     0.115     0.024       74     7.1  inferiortemporal
 2146   1440   3853  2.332 0.838     0.118     0.025       22     2.3  isthmuscingulate
11151   7757  18811  2.228 0.534     0.125     0.026      122    11.9  lateraloccipital
 4982   3483  10538  2.784 0.736     0.119     0.026       52     5.4  lateralorbitofrontal
 5837   4130  10989  2.377 0.647     0.133     0.033       65     7.7  lingual
 3525   2419   7105  2.495 0.781     0.110     0.028       41     3.7  medialorbitofrontal
 6004   4235  16300  3.158 0.631     0.116     0.024       65     6.0  middletemporal
 1279    810   2636  2.805 0.669     0.088     0.018        7     0.9  parahippocampal
 2613   1747   4731  2.571 0.529     0.111     0.024       20     2.3  paracentral
 3928   2690   8634  2.671 0.626     0.105     0.020       39     3.1  parsopercularis
 1326    984   3459  2.791 0.773     0.145     0.034       21     1.8  parsorbitalis
 3125   2135   6365  2.552 0.671     0.108     0.020       28     2.5  parstriangularis
 2700   1931   3315  1.911 0.520     0.139     0.038       33     4.3  pericalcarine
 6813   4588  11558  2.247 0.695     0.105     0.021       55     6.1  postcentral
 2064   1412   3910  2.569 0.774     0.125     0.023       25     2.0  posteriorcingulate
 9287   6009  19121  2.888 0.622     0.103     0.022       69     7.9  precentral
 6718   4675  13424  2.658 0.596     0.122     0.027       70     7.7  precuneus
 1747   1221   4116  2.773 0.819     0.123     0.026       19     2.1  rostralanteriorcingulate
11251   8070  22536  2.347 0.670     0.128     0.031      143    14.3  rostralmiddlefrontal
16122  11155  35778  2.748 0.693     0.118     0.026      150    17.1  superiorfrontal
 8749   5973  16196  2.514 0.554     0.118     0.024       88     8.4  superiorparietal
 7579   5230  18772  3.150 0.634     0.109     0.022       71     6.9  superiortemporal
 5915   4210  13363  2.767 0.552     0.120     0.025       62     5.7  supramarginal
  460    325    920  2.256 0.623     0.140     0.034        8     0.7  frontalpole
  765    609   2754  3.338 0.878     0.135     0.043       11     1.4  temporalpole
  888    607   1806  2.741 0.528     0.109     0.023        9     0.8  transversetemporal
 4007   2805   9877  3.394 0.871     0.118     0.037       47     5.9  insula

 mris_anatomical_stats -th3 -mgz -noglobal -cortex ../label/lh.cortex.label -f ../stats/lh.aparc.pial.stats -b -a ../label/lh.aparc.annot -c ../label/aparc.annot.ctab sub-v2s18x29506_ses-1 lh pial 

computing statistics for each annotation in ../label/lh.aparc.annot.
reading volume /out/sourcedata/freesurfer/sub-v2s18x29506_ses-1/mri/wm.mgz...
reading input surface /out/sourcedata/freesurfer/sub-v2s18x29506_ses-1/surf/lh.pial...
reading input pial surface /out/sourcedata/freesurfer/sub-v2s18x29506_ses-1/surf/lh.pial...
reading input white surface /out/sourcedata/freesurfer/sub-v2s18x29506_ses-1/surf/lh.white...
INFO: using TH3 volume calc
INFO: assuming MGZ format for volumes.
INFO: not computing global stats
INFO: using ../label/lh.cortex.label as mask to calc cortex NumVert, SurfArea and MeanThickness.
Using TH3 vertex volume calc
Total face volume 341842
Total vertex volume 341572 (mask=0)
Saving annotation colortable ../label/aparc.annot.ctab

table columns are:
    number of vertices
    total surface area (mm^2)
    total gray matter volume (mm^3)
    average cortical thickness +- standard deviation (mm)
    integrated rectified mean curvature
    integrated rectified Gaussian curvature
    folding index
    intrinsic curvature index
    structure name

 1762   1041   3003  2.777 0.402     0.120     0.039      114     3.2  bankssts
 1370   1213   2929  2.639 0.775     0.192     0.061       87     3.7  caudalanteriorcingulate
 4021   3288   8474  2.751 0.568     0.137     0.047       62     5.8  caudalmiddlefrontal
 2812   2598   5293  2.434 0.493     0.162     0.044       57     4.9  cuneus
  874   1157   2711  3.280 0.750     0.279     0.074       21     3.4  entorhinal
 6552   5589  13727  2.738 0.552     0.152     0.067      769    10.3  fusiform
 8930   7720  18526  2.635 0.576     0.146     0.035      146    13.4  inferiorparietal
 7020   6462  16044  2.800 0.708     0.153     0.037      129    11.6  inferiortemporal
 2146   1845   3853  2.332 0.838     0.176     0.051       50     4.5  isthmuscingulate
11151   9336  18811  2.228 0.534     0.144     0.032     1061    15.4  lateraloccipital
 4982   4188  10538  2.784 0.736     0.149     0.040       87     8.1  lateralorbitofrontal
 5837   5364  10989  2.377 0.647     0.160     0.044      135     9.9  lingual
 3525   3310   7105  2.495 0.781     0.171     0.042       84     6.5  medialorbitofrontal
 6004   5920  16300  3.158 0.631     0.163     0.046      495     9.8  middletemporal
 1279   1073   2636  2.805 0.669     0.153     0.042       18     2.4  parahippocampal
 2613   1984   4731  2.571 0.529     0.135     0.035      412     3.9  paracentral
 3928   3626   8634  2.671 0.626     0.147     0.033       51     5.7  parsopercularis
 1326   1441   3459  2.791 0.773     0.178     0.045       18     2.4  parsorbitalis
 3125   2754   6365  2.552 0.671     0.152     0.037       49     4.7  parstriangularis
 2700   1713   3315  1.911 0.520     0.133     0.039       81     3.8  pericalcarine
 6813   5661  11558  2.247 0.695     0.131     0.036       81     8.4  postcentral
 2064   1647   3910  2.569 0.774     0.160     0.049       73     3.7  posteriorcingulate
 9287   6962  19121  2.888 0.622     0.115     0.029      127    10.5  precentral
 6718   5438  13424  2.658 0.596     0.151     0.040      130    11.0  precuneus
 1747   1720   4116  2.773 0.819     0.179     0.046       39     3.4  rostralanteriorcingulate
11251  10853  22536  2.347 0.670     0.176     0.045      221    22.2  rostralmiddlefrontal
16122  14446  35778  2.748 0.693     0.157     0.042      323    27.9  superiorfrontal
 8749   6886  16196  2.514 0.554     0.134     0.055      158    11.5  superiorparietal
 7579   6506  18772  3.150 0.634     0.156     0.040      167    12.4  superiortemporal
 5915   5328  13363  2.767 0.552     0.152     0.035       87     8.8  supramarginal
  460    479    920  2.256 0.623     0.154     0.039        4     0.7  frontalpole
  765   1058   2754  3.338 0.878     0.229     0.075       18     2.2  temporalpole
  888    761   1806  2.741 0.528     0.143     0.037       22     1.3  transversetemporal
 4007   2901   9877  3.394 0.871     0.171     0.054      136     8.9  insula
#-----------------------------------------
#@# Parcellation Stats 2 lh Wed Mar 11 16:20:01 CET 2026
/out/sourcedata/freesurfer/sub-v2s18x29506_ses-1/scripts

 mris_anatomical_stats -th3 -mgz -noglobal -cortex ../label/lh.cortex.label -f ../stats/lh.aparc.a2009s.stats -b -a ../label/lh.aparc.a2009s.annot -c ../label/aparc.annot.a2009s.ctab sub-v2s18x29506_ses-1 lh white 

computing statistics for each annotation in ../label/lh.aparc.a2009s.annot.
reading volume /out/sourcedata/freesurfer/sub-v2s18x29506_ses-1/mri/wm.mgz...
reading input surface /out/sourcedata/freesurfer/sub-v2s18x29506_ses-1/surf/lh.white...
reading input pial surface /out/sourcedata/freesurfer/sub-v2s18x29506_ses-1/surf/lh.pial...
reading input white surface /out/sourcedata/freesurfer/sub-v2s18x29506_ses-1/surf/lh.white...
INFO: using TH3 volume calc
INFO: assuming MGZ format for volumes.
INFO: not computing global stats
INFO: using ../label/lh.cortex.label as mask to calc cortex NumVert, SurfArea and MeanThickness.
Using TH3 vertex volume calc
Total face volume 341842
Total vertex volume 341572 (mask=0)
Saving annotation colortable ../label/aparc.annot.a2009s.ctab

table columns are:
    number of vertices
    total surface area (mm^2)
    total gray matter volume (mm^3)
    average cortical thickness +- standard deviation (mm)
    integrated rectified mean curvature
    integrated rectified Gaussian curvature
    folding index
    intrinsic curvature index
    structure name

 1576   1159   2780  2.034 0.593     0.146     0.035       24     2.5  G_and_S_frontomargin
 2607   1876   4864  2.309 0.530     0.131     0.026       31     2.8  G_and_S_occipital_inf
 2076   1377   3815  2.436 0.566     0.121     0.030       22     2.5  G_and_S_paracentral
 2021   1414   5197  3.046 0.620     0.125     0.025       22     2.1  G_and_S_subcentral
  886    658   1835  2.305 0.535     0.148     0.041       14     1.5  G_and_S_transv_frontopol
 3061   2177   6342  2.492 0.763     0.112     0.024       27     3.4  G_and_S_cingul-Ant
 1985   1349   3917  2.623 0.729     0.111     0.020       17     1.7  G_and_S_cingul-Mid-Ant
 1599   1067   3062  2.752 0.551     0.113     0.022       13     1.5  G_and_S_cingul-Mid-Post
  930    662   2576  2.954 0.773     0.152     0.031       17     1.3  G_cingul-Post-dorsal
  461    319    983  2.602 0.940     0.131     0.034        6     0.6  G_cingul-Post-ventral
 2484   1789   4943  2.310 0.529     0.149     0.040       36     4.0  G_cuneus
 2357   1662   6464  2.904 0.670     0.124     0.027       34     2.2  G_front_inf-Opercular
  609    448   1858  3.103 0.642     0.150     0.033       12     0.8  G_front_inf-Orbital
 1925   1309   4319  2.643 0.640     0.116     0.023       19     1.7  G_front_inf-Triangul
 5792   4206  15012  2.657 0.693     0.137     0.033       89     7.5  G_front_middle
10881   7580  27552  2.892 0.694     0.126     0.030      121    12.8  G_front_sup
  738    520   2231  3.801 0.841     0.114     0.032        8     1.0  G_Ins_lg_and_S_cent_ins
  992    745   3525  3.707 0.876     0.148     0.057       19     2.6  G_insular_short
 3101   2173   7421  2.660 0.497     0.125     0.026       45     3.1  G_occipital_middle
 1959   1323   3153  2.177 0.483     0.129     0.026       21     2.3  G_occipital_sup
 2710   1873   7175  2.907 0.592     0.124     0.028       35     3.0  G_oc-temp_lat-fusifor
 3904   2843   8356  2.390 0.702     0.146     0.039       54     6.2  G_oc-temp_med-Lingual
 1530    956   4069  3.086 0.759     0.094     0.022       10     1.2  G_oc-temp_med-Parahip
 3300   2413   8833  2.863 0.781     0.133     0.032       50     4.4  G_orbital
 3265   2344   9300  2.883 0.653     0.124     0.028       44     3.6  G_pariet_inf-Angular
 2753   2021   7485  2.857 0.570     0.130     0.027       38     2.9  G_pariet_inf-Supramar
 3263   2311   7912  2.703 0.616     0.131     0.026       44     3.5  G_parietal_sup
 2573   1744   4542  2.131 0.610     0.112     0.025       26     2.7  G_postcentral
 3315   2086   8943  3.144 0.644     0.108     0.025       30     3.0  G_precentral
 3081   2238   8288  2.864 0.605     0.140     0.034       42     4.3  G_precuneus
 1191    865   2983  2.557 0.676     0.131     0.035       23     1.8  G_rectus
  982    663   2261  3.146 0.844     0.119     0.053       13     1.2  G_subcallosal
  581    404   1482  2.796 0.579     0.110     0.026        8     0.6  G_temp_sup-G_T_transv
 2593   1888   9259  3.354 0.607     0.134     0.031       42     3.2  G_temp_sup-Lateral
 1135    779   3434  3.788 0.597     0.087     0.018        5     0.9  G_temp_sup-Plan_polar
 1503   1066   3222  2.767 0.479     0.115     0.024       15     1.3  G_temp_sup-Plan_tempo
 3489   2493   9410  2.934 0.764     0.126     0.029       50     4.3  G_temporal_inf
 2978   2206  10637  3.413 0.580     0.135     0.031       48     3.5  G_temporal_middle
  370    261    556  2.308 0.536     0.086     0.012        2     0.2  Lat_Fis-ant-Horizont
  326    216    534  2.739 0.745     0.098     0.014        1     0.3  Lat_Fis-ant-Vertical
 1261    832   1751  2.664 0.395     0.103     0.022        7     1.0  Lat_Fis-post
 2947   2034   4083  1.804 0.454     0.134     0.030       36     3.8  Pole_occipital
 1764   1349   5506  3.071 0.751     0.136     0.036       25     2.7  Pole_temporal
 3693   2556   4459  2.036 0.531     0.125     0.031       37     5.1  S_calcarine
 3559   2346   4438  2.216 0.646     0.091     0.017       16     2.6  S_central
 1223    799   1774  2.609 0.447     0.088     0.016        5     0.7  S_cingul-Marginalis
  859    597   1449  2.856 0.623     0.112     0.021        9     0.8  S_circular_insula_ant
 1483    959   2681  3.382 0.731     0.078     0.011        5     0.8  S_circular_insula_inf
 1946   1251   2750  2.771 0.481     0.093     0.016        7     1.4  S_circular_insula_sup
 1552   1032   2684  2.833 0.540     0.097     0.018       10     1.3  S_collat_transv_ant
  700    476    807  2.077 0.357     0.106     0.016        4     0.6  S_collat_transv_post
 3910   2658   6275  2.278 0.531     0.098     0.018       29     2.9  S_front_inf
 1815   1252   2792  2.288 0.694     0.113     0.023       13     2.0  S_front_middle
 4117   2803   6732  2.487 0.543     0.098     0.020       25     3.6  S_front_sup
  324    229    536  2.807 0.429     0.113     0.025        2     0.3  S_interm_prim-Jensen
 3118   2081   4385  2.398 0.487     0.103     0.018       20     2.6  S_intrapariet_and_P_trans
 1709   1142   2223  2.274 0.431     0.103     0.019       10     1.3  S_oc_middle_and_Lunatus
 1673   1130   2708  2.502 0.490     0.123     0.024       16     1.8  S_oc_sup_and_transversal
 1156    791   2064  2.551 0.427     0.097     0.016        8     0.8  S_occipital_ant
 1534   1036   2239  2.509 0.475     0.098     0.018       10     0.9  S_oc-temp_lat
 2939   1993   4563  2.550 0.438     0.103     0.019       17     2.4  S_oc-temp_med_and_Lingual
  434    292    496  1.952 0.546     0.099     0.016        2     0.3  S_orbital_lateral
  844    556   1140  2.452 0.536     0.091     0.013        4     0.4  S_orbital_med-olfact
 1674   1169   3098  2.613 0.794     0.121     0.027       15     1.8  S_orbital-H_Shaped
 2913   1964   4459  2.567 0.480     0.109     0.021       23     2.5  S_parieto_occipital
 1769   1127   2073  2.065 0.816     0.122     0.019       22     1.4  S_pericallosal
 3058   2013   4160  2.428 0.422     0.103     0.020       19     2.4  S_postcentral
 2409   1599   4088  2.664 0.472     0.091     0.016       13     1.7  S_precentral-inf-part
 1447    934   2198  2.754 0.403     0.081     0.012        6     0.7  S_precentral-sup-part
 1013    677   1509  2.202 0.669     0.102     0.021        8     0.8  S_suborbital
 1167    794   1719  2.432 0.546     0.104     0.018        6     0.9  S_subparietal
 2738   1860   4610  2.702 0.559     0.100     0.019       17     2.3  S_temporal_inf
 8090   5375  13765  2.725 0.529     0.099     0.018       50     6.6  S_temporal_sup
  602    411    832  2.557 0.416     0.101     0.015        3     0.4  S_temporal_transverse
#-----------------------------------------
#@# Parcellation Stats 3 lh Wed Mar 11 16:20:15 CET 2026
/out/sourcedata/freesurfer/sub-v2s18x29506_ses-1/scripts

 mris_anatomical_stats -th3 -mgz -noglobal -cortex ../label/lh.cortex.label -f ../stats/lh.aparc.DKTatlas.stats -b -a ../label/lh.aparc.DKTatlas.annot -c ../label/aparc.annot.DKTatlas.ctab sub-v2s18x29506_ses-1 lh white 

computing statistics for each annotation in ../label/lh.aparc.DKTatlas.annot.
reading volume /out/sourcedata/freesurfer/sub-v2s18x29506_ses-1/mri/wm.mgz...
reading input surface /out/sourcedata/freesurfer/sub-v2s18x29506_ses-1/surf/lh.white...
reading input pial surface /out/sourcedata/freesurfer/sub-v2s18x29506_ses-1/surf/lh.pial...
reading input white surface /out/sourcedata/freesurfer/sub-v2s18x29506_ses-1/surf/lh.white...
INFO: using TH3 volume calc
INFO: assuming MGZ format for volumes.
INFO: not computing global stats
INFO: using ../label/lh.cortex.label as mask to calc cortex NumVert, SurfArea and MeanThickness.
Using TH3 vertex volume calc
Total face volume 341842
Total vertex volume 341572 (mask=0)
Saving annotation colortable ../label/aparc.annot.DKTatlas.ctab

table columns are:
    number of vertices
    total surface area (mm^2)
    total gray matter volume (mm^3)
    average cortical thickness +- standard deviation (mm)
    integrated rectified mean curvature
    integrated rectified Gaussian curvature
    folding index
    intrinsic curvature index
    structure name

 2474   1675   4958  2.591 0.749     0.121     0.023       30     2.4  caudalanteriorcingulate
 4332   2933   9230  2.761 0.569     0.106     0.020       35     3.4  caudalmiddlefrontal
 3859   2689   6939  2.381 0.508     0.127     0.029       39     4.7  cuneus
  852    541   2450  3.260 0.730     0.095     0.020        6     0.6  entorhinal
 6095   4160  12647  2.724 0.560     0.111     0.022       56     5.7  fusiform
 8908   6173  19062  2.659 0.580     0.114     0.024       93     8.9  inferiorparietal
 6878   4834  15710  2.793 0.698     0.116     0.025       76     7.2  inferiortemporal
 2135   1432   3839  2.357 0.834     0.118     0.025       22     2.3  isthmuscingulate
11129   7726  18620  2.222 0.532     0.125     0.026      121    11.9  lateraloccipital
 5386   3818  11746  2.757 0.801     0.123     0.030       62     6.6  lateralorbitofrontal
 5925   4203  11076  2.361 0.649     0.134     0.033       66     7.9  lingual
 3018   2072   6358  2.544 0.782     0.117     0.032       43     3.4  medialorbitofrontal
 8092   5672  20238  3.027 0.642     0.112     0.022       79     7.6  middletemporal
 1389    882   2826  2.795 0.675     0.091     0.018        8     1.0  parahippocampal
 3199   2139   5865  2.588 0.532     0.113     0.024       25     3.0  paracentral
 3779   2596   8383  2.694 0.623     0.107     0.021       38     3.1  parsopercularis
 1391    995   3628  2.980 0.666     0.130     0.027       19     1.5  parsorbitalis
 3767   2560   7118  2.468 0.645     0.104     0.019       32     2.9  parstriangularis
 2675   1894   3257  1.915 0.529     0.136     0.036       31     4.2  pericalcarine
 7560   5094  12462  2.242 0.669     0.106     0.021       63     6.7  postcentral
 2317   1580   4343  2.559 0.759     0.125     0.024       27     2.4  posteriorcingulate
 9243   5977  19168  2.907 0.621     0.103     0.022       70     7.8  precentral
 6435   4536  13228  2.676 0.594     0.125     0.028       71     7.6  precuneus
 2366   1642   5188  2.672 0.804     0.116     0.026       23     2.6  rostralanteriorcingulate
 8229   5880  16344  2.359 0.669     0.129     0.030      102    10.4  rostralmiddlefrontal
16824  11808  37596  2.697 0.715     0.122     0.028      170    19.2  superiorfrontal
 6958   4736  13384  2.581 0.536     0.119     0.023       70     6.8  superiorparietal
 9492   6609  23802  3.143 0.649     0.112     0.024       92     9.6  superiortemporal
 5392   3800  11735  2.742 0.544     0.118     0.024       56     5.0  supramarginal
  894    607   1793  2.731 0.524     0.107     0.023        9     0.8  transversetemporal
 3329   2334   8578  3.451 0.866     0.112     0.029       37     4.5  insula
/out/sourcedata/freesurfer/sub-v2s18x29506_ses-1/label
#--------------------------------------------
#@# BA_exvivo Labels lh Wed Mar 11 16:20:29 CET 2026

 mri_label2label --srcsubject fsaverage --srclabel /out/sourcedata/freesurfer/fsaverage/label/lh.BA1_exvivo.label --trgsubject sub-v2s18x29506_ses-1 --trglabel ./lh.BA1_exvivo.label --hemi lh --regmethod surface 


srclabel = /out/sourcedata/freesurfer/fsaverage/label/lh.BA1_exvivo.label
srcsubject = fsaverage
trgsubject = sub-v2s18x29506_ses-1
trglabel = ./lh.BA1_exvivo.label
regmethod = surface

srchemi = lh
trghemi = lh
trgsurface = white
srcsurfreg = sphere.reg
trgsurfreg = sphere.reg
usehash = 1
Use ProjAbs  = 0, 0
Use ProjFrac = 0, 0
DoPaint 0

SUBJECTS_DIR    /out/sourcedata/freesurfer
FREESURFER_HOME /opt/freesurfer
Loading source label.
Found 4129 points in source label.
Starting surface-based mapping
Reading source registration 
 /out/sourcedata/freesurfer/fsaverage/surf/lh.sphere.reg
Rescaling ...  original radius = 100
Reading target surface 
 /out/sourcedata/freesurfer/sub-v2s18x29506_ses-1/surf/lh.white
Reading target registration 
 /out/sourcedata/freesurfer/sub-v2s18x29506_ses-1/surf/lh.sphere.reg
Rescaling ...  original radius = 100
Building target registration hash (res=16).
Building source registration hash (res=16).
INFO: found  4129 nlabel points
Performing mapping from target back to the source label 175272
Number of reverse mapping hits = 379
Checking for and removing duplicates
Writing label file ./lh.BA1_exvivo.label 4508
mri_label2label: Done


 mri_label2label --srcsubject fsaverage --srclabel /out/sourcedata/freesurfer/fsaverage/label/lh.BA2_exvivo.label --trgsubject sub-v2s18x29506_ses-1 --trglabel ./lh.BA2_exvivo.label --hemi lh --regmethod surface 


srclabel = /out/sourcedata/freesurfer/fsaverage/label/lh.BA2_exvivo.label
srcsubject = fsaverage
trgsubject = sub-v2s18x29506_ses-1
trglabel = ./lh.BA2_exvivo.label
regmethod = surface

srchemi = lh
trghemi = lh
trgsurface = white
srcsurfreg = sphere.reg
trgsurfreg = sphere.reg
usehash = 1
Use ProjAbs  = 0, 0
Use ProjFrac = 0, 0
DoPaint 0

SUBJECTS_DIR    /out/sourcedata/freesurfer
FREESURFER_HOME /opt/freesurfer
Loading source label.
Found 7909 points in source label.
Starting surface-based mapping
Reading source registration 
 /out/sourcedata/freesurfer/fsaverage/surf/lh.sphere.reg
Rescaling ...  original radius = 100
Reading target surface 
 /out/sourcedata/freesurfer/sub-v2s18x29506_ses-1/surf/lh.white
Reading target registration 
 /out/sourcedata/freesurfer/sub-v2s18x29506_ses-1/surf/lh.sphere.reg
Rescaling ...  original radius = 100
Building target registration hash (res=16).
Building source registration hash (res=16).
INFO: found  7909 nlabel points
Performing mapping from target back to the source label 175272
Number of reverse mapping hits = 521
Checking for and removing duplicates
Writing label file ./lh.BA2_exvivo.label 8430
mri_label2label: Done


 mri_label2label --srcsubject fsaverage --srclabel /out/sourcedata/freesurfer/fsaverage/label/lh.BA3a_exvivo.label --trgsubject sub-v2s18x29506_ses-1 --trglabel ./lh.BA3a_exvivo.label --hemi lh --regmethod surface 


srclabel = /out/sourcedata/freesurfer/fsaverage/label/lh.BA3a_exvivo.label
srcsubject = fsaverage
trgsubject = sub-v2s18x29506_ses-1
trglabel = ./lh.BA3a_exvivo.label
regmethod = surface

srchemi = lh
trghemi = lh
trgsurface = white
srcsurfreg = sphere.reg
trgsurfreg = sphere.reg
usehash = 1
Use ProjAbs  = 0, 0
Use ProjFrac = 0, 0
DoPaint 0

SUBJECTS_DIR    /out/sourcedata/freesurfer
FREESURFER_HOME /opt/freesurfer
Loading source label.
Found 4077 points in source label.
Starting surface-based mapping
Reading source registration 
 /out/sourcedata/freesurfer/fsaverage/surf/lh.sphere.reg
Rescaling ...  original radius = 100
Reading target surface 
 /out/sourcedata/freesurfer/sub-v2s18x29506_ses-1/surf/lh.white
Reading target registration 
 /out/sourcedata/freesurfer/sub-v2s18x29506_ses-1/surf/lh.sphere.reg
Rescaling ...  original radius = 100
Building target registration hash (res=16).
Building source registration hash (res=16).
INFO: found  4077 nlabel points
Performing mapping from target back to the source label 175272
Number of reverse mapping hits = 201
Checking for and removing duplicates
Writing label file ./lh.BA3a_exvivo.label 4278
mri_label2label: Done


 mri_label2label --srcsubject fsaverage --srclabel /out/sourcedata/freesurfer/fsaverage/label/lh.BA3b_exvivo.label --trgsubject sub-v2s18x29506_ses-1 --trglabel ./lh.BA3b_exvivo.label --hemi lh --regmethod surface 


srclabel = /out/sourcedata/freesurfer/fsaverage/label/lh.BA3b_exvivo.label
srcsubject = fsaverage
trgsubject = sub-v2s18x29506_ses-1
trglabel = ./lh.BA3b_exvivo.label
regmethod = surface

srchemi = lh
trghemi = lh
trgsurface = white
srcsurfreg = sphere.reg
trgsurfreg = sphere.reg
usehash = 1
Use ProjAbs  = 0, 0
Use ProjFrac = 0, 0
DoPaint 0

SUBJECTS_DIR    /out/sourcedata/freesurfer
FREESURFER_HOME /opt/freesurfer
Loading source label.
Found 5983 points in source label.
Starting surface-based mapping
Reading source registration 
 /out/sourcedata/freesurfer/fsaverage/surf/lh.sphere.reg
Rescaling ...  original radius = 100
Reading target surface 
 /out/sourcedata/freesurfer/sub-v2s18x29506_ses-1/surf/lh.white
Reading target registration 
 /out/sourcedata/freesurfer/sub-v2s18x29506_ses-1/surf/lh.sphere.reg
Rescaling ...  original radius = 100
Building target registration hash (res=16).
Building source registration hash (res=16).
INFO: found  5983 nlabel points
Performing mapping from target back to the source label 175272
Number of reverse mapping hits = 351
Checking for and removing duplicates
Writing label file ./lh.BA3b_exvivo.label 6334
mri_label2label: Done


 mri_label2label --srcsubject fsaverage --srclabel /out/sourcedata/freesurfer/fsaverage/label/lh.BA4a_exvivo.label --trgsubject sub-v2s18x29506_ses-1 --trglabel ./lh.BA4a_exvivo.label --hemi lh --regmethod surface 


srclabel = /out/sourcedata/freesurfer/fsaverage/label/lh.BA4a_exvivo.label
srcsubject = fsaverage
trgsubject = sub-v2s18x29506_ses-1
trglabel = ./lh.BA4a_exvivo.label
regmethod = surface

srchemi = lh
trghemi = lh
trgsurface = white
srcsurfreg = sphere.reg
trgsurfreg = sphere.reg
usehash = 1
Use ProjAbs  = 0, 0
Use ProjFrac = 0, 0
DoPaint 0

SUBJECTS_DIR    /out/sourcedata/freesurfer
FREESURFER_HOME /opt/freesurfer
Loading source label.
Found 5784 points in source label.
Starting surface-based mapping
Reading source registration 
 /out/sourcedata/freesurfer/fsaverage/surf/lh.sphere.reg
Rescaling ...  original radius = 100
Reading target surface 
 /out/sourcedata/freesurfer/sub-v2s18x29506_ses-1/surf/lh.white
Reading target registration 
 /out/sourcedata/freesurfer/sub-v2s18x29506_ses-1/surf/lh.sphere.reg
Rescaling ...  original radius = 100
Building target registration hash (res=16).
Building source registration hash (res=16).
INFO: found  5784 nlabel points
Performing mapping from target back to the source label 175272
Number of reverse mapping hits = 737
Checking for and removing duplicates
Writing label file ./lh.BA4a_exvivo.label 6521
mri_label2label: Done


 mri_label2label --srcsubject fsaverage --srclabel /out/sourcedata/freesurfer/fsaverage/label/lh.BA4p_exvivo.label --trgsubject sub-v2s18x29506_ses-1 --trglabel ./lh.BA4p_exvivo.label --hemi lh --regmethod surface 


srclabel = /out/sourcedata/freesurfer/fsaverage/label/lh.BA4p_exvivo.label
srcsubject = fsaverage
trgsubject = sub-v2s18x29506_ses-1
trglabel = ./lh.BA4p_exvivo.label
regmethod = surface

srchemi = lh
trghemi = lh
trgsurface = white
srcsurfreg = sphere.reg
trgsurfreg = sphere.reg
usehash = 1
Use ProjAbs  = 0, 0
Use ProjFrac = 0, 0
DoPaint 0

SUBJECTS_DIR    /out/sourcedata/freesurfer
FREESURFER_HOME /opt/freesurfer
Loading source label.
Found 4070 points in source label.
Starting surface-based mapping
Reading source registration 
 /out/sourcedata/freesurfer/fsaverage/surf/lh.sphere.reg
Rescaling ...  original radius = 100
Reading target surface 
 /out/sourcedata/freesurfer/sub-v2s18x29506_ses-1/surf/lh.white
Reading target registration 
 /out/sourcedata/freesurfer/sub-v2s18x29506_ses-1/surf/lh.sphere.reg
Rescaling ...  original radius = 100
Building target registration hash (res=16).
Building source registration hash (res=16).
INFO: found  4070 nlabel points
Performing mapping from target back to the source label 175272
Number of reverse mapping hits = 405
Checking for and removing duplicates
Writing label file ./lh.BA4p_exvivo.label 4475
mri_label2label: Done


 mri_label2label --srcsubject fsaverage --srclabel /out/sourcedata/freesurfer/fsaverage/label/lh.BA6_exvivo.label --trgsubject sub-v2s18x29506_ses-1 --trglabel ./lh.BA6_exvivo.label --hemi lh --regmethod surface 


srclabel = /out/sourcedata/freesurfer/fsaverage/label/lh.BA6_exvivo.label
srcsubject = fsaverage
trgsubject = sub-v2s18x29506_ses-1
trglabel = ./lh.BA6_exvivo.label
regmethod = surface

srchemi = lh
trghemi = lh
trgsurface = white
srcsurfreg = sphere.reg
trgsurfreg = sphere.reg
usehash = 1
Use ProjAbs  = 0, 0
Use ProjFrac = 0, 0
DoPaint 0

SUBJECTS_DIR    /out/sourcedata/freesurfer
FREESURFER_HOME /opt/freesurfer
Loading source label.
Found 13589 points in source label.
Starting surface-based mapping
Reading source registration 
 /out/sourcedata/freesurfer/fsaverage/surf/lh.sphere.reg
Rescaling ...  original radius = 100
Reading target surface 
 /out/sourcedata/freesurfer/sub-v2s18x29506_ses-1/surf/lh.white
Reading target registration 
 /out/sourcedata/freesurfer/sub-v2s18x29506_ses-1/surf/lh.sphere.reg
Rescaling ...  original radius = 100
Building target registration hash (res=16).
Building source registration hash (res=16).
INFO: found  13589 nlabel points
Performing mapping from target back to the source label 175272
Number of reverse mapping hits = 2596
Checking for and removing duplicates
Writing label file ./lh.BA6_exvivo.label 16185
mri_label2label: Done


 mri_label2label --srcsubject fsaverage --srclabel /out/sourcedata/freesurfer/fsaverage/label/lh.BA44_exvivo.label --trgsubject sub-v2s18x29506_ses-1 --trglabel ./lh.BA44_exvivo.label --hemi lh --regmethod surface 


srclabel = /out/sourcedata/freesurfer/fsaverage/label/lh.BA44_exvivo.label
srcsubject = fsaverage
trgsubject = sub-v2s18x29506_ses-1
trglabel = ./lh.BA44_exvivo.label
regmethod = surface

srchemi = lh
trghemi = lh
trgsurface = white
srcsurfreg = sphere.reg
trgsurfreg = sphere.reg
usehash = 1
Use ProjAbs  = 0, 0
Use ProjFrac = 0, 0
DoPaint 0

SUBJECTS_DIR    /out/sourcedata/freesurfer
FREESURFER_HOME /opt/freesurfer
Loading source label.
Found 4181 points in source label.
Starting surface-based mapping
Reading source registration 
 /out/sourcedata/freesurfer/fsaverage/surf/lh.sphere.reg
Rescaling ...  original radius = 100
Reading target surface 
 /out/sourcedata/freesurfer/sub-v2s18x29506_ses-1/surf/lh.white
Reading target registration 
 /out/sourcedata/freesurfer/sub-v2s18x29506_ses-1/surf/lh.sphere.reg
Rescaling ...  original radius = 100
Building target registration hash (res=16).
Building source registration hash (res=16).
INFO: found  4181 nlabel points
Performing mapping from target back to the source label 175272
Number of reverse mapping hits = 1345
Checking for and removing duplicates
Writing label file ./lh.BA44_exvivo.label 5526
mri_label2label: Done


 mri_label2label --srcsubject fsaverage --srclabel /out/sourcedata/freesurfer/fsaverage/label/lh.BA45_exvivo.label --trgsubject sub-v2s18x29506_ses-1 --trglabel ./lh.BA45_exvivo.label --hemi lh --regmethod surface 


srclabel = /out/sourcedata/freesurfer/fsaverage/label/lh.BA45_exvivo.label
srcsubject = fsaverage
trgsubject = sub-v2s18x29506_ses-1
trglabel = ./lh.BA45_exvivo.label
regmethod = surface

srchemi = lh
trghemi = lh
trgsurface = white
srcsurfreg = sphere.reg
trgsurfreg = sphere.reg
usehash = 1
Use ProjAbs  = 0, 0
Use ProjFrac = 0, 0
DoPaint 0

SUBJECTS_DIR    /out/sourcedata/freesurfer
FREESURFER_HOME /opt/freesurfer
Loading source label.
Found 3422 points in source label.
Starting surface-based mapping
Reading source registration 
 /out/sourcedata/freesurfer/fsaverage/surf/lh.sphere.reg
Rescaling ...  original radius = 100
Reading target surface 
 /out/sourcedata/freesurfer/sub-v2s18x29506_ses-1/surf/lh.white
Reading target registration 
 /out/sourcedata/freesurfer/sub-v2s18x29506_ses-1/surf/lh.sphere.reg
Rescaling ...  original radius = 100
Building target registration hash (res=16).
Building source registration hash (res=16).
INFO: found  3422 nlabel points
Performing mapping from target back to the source label 175272
Number of reverse mapping hits = 2168
Checking for and removing duplicates
Writing label file ./lh.BA45_exvivo.label 5590
mri_label2label: Done


 mri_label2label --srcsubject fsaverage --srclabel /out/sourcedata/freesurfer/fsaverage/label/lh.V1_exvivo.label --trgsubject sub-v2s18x29506_ses-1 --trglabel ./lh.V1_exvivo.label --hemi lh --regmethod surface 


srclabel = /out/sourcedata/freesurfer/fsaverage/label/lh.V1_exvivo.label
srcsubject = fsaverage
trgsubject = sub-v2s18x29506_ses-1
trglabel = ./lh.V1_exvivo.label
regmethod = surface

srchemi = lh
trghemi = lh
trgsurface = white
srcsurfreg = sphere.reg
trgsurfreg = sphere.reg
usehash = 1
Use ProjAbs  = 0, 0
Use ProjFrac = 0, 0
DoPaint 0

SUBJECTS_DIR    /out/sourcedata/freesurfer
FREESURFER_HOME /opt/freesurfer
Loading source label.
Found 4641 points in source label.
Starting surface-based mapping
Reading source registration 
 /out/sourcedata/freesurfer/fsaverage/surf/lh.sphere.reg
Rescaling ...  original radius = 100
Reading target surface 
 /out/sourcedata/freesurfer/sub-v2s18x29506_ses-1/surf/lh.white
Reading target registration 
 /out/sourcedata/freesurfer/sub-v2s18x29506_ses-1/surf/lh.sphere.reg
Rescaling ...  original radius = 100
Building target registration hash (res=16).
Building source registration hash (res=16).
INFO: found  4641 nlabel points
Performing mapping from target back to the source label 175272
Number of reverse mapping hits = 2396
Checking for and removing duplicates
Writing label file ./lh.V1_exvivo.label 7037
mri_label2label: Done


 mri_label2label --srcsubject fsaverage --srclabel /out/sourcedata/freesurfer/fsaverage/label/lh.V2_exvivo.label --trgsubject sub-v2s18x29506_ses-1 --trglabel ./lh.V2_exvivo.label --hemi lh --regmethod surface 


srclabel = /out/sourcedata/freesurfer/fsaverage/label/lh.V2_exvivo.label
srcsubject = fsaverage
trgsubject = sub-v2s18x29506_ses-1
trglabel = ./lh.V2_exvivo.label
regmethod = surface

srchemi = lh
trghemi = lh
trgsurface = white
srcsurfreg = sphere.reg
trgsurfreg = sphere.reg
usehash = 1
Use ProjAbs  = 0, 0
Use ProjFrac = 0, 0
DoPaint 0

SUBJECTS_DIR    /out/sourcedata/freesurfer
FREESURFER_HOME /opt/freesurfer
Loading source label.
Found 8114 points in source label.
Starting surface-based mapping
Reading source registration 
 /out/sourcedata/freesurfer/fsaverage/surf/lh.sphere.reg
Rescaling ...  original radius = 100
Reading target surface 
 /out/sourcedata/freesurfer/sub-v2s18x29506_ses-1/surf/lh.white
Reading target registration 
 /out/sourcedata/freesurfer/sub-v2s18x29506_ses-1/surf/lh.sphere.reg
Rescaling ...  original radius = 100
Building target registration hash (res=16).
Building source registration hash (res=16).
INFO: found  8114 nlabel points
Performing mapping from target back to the source label 175272
Number of reverse mapping hits = 4637
Checking for and removing duplicates
Writing label file ./lh.V2_exvivo.label 12751
mri_label2label: Done


 mri_label2label --srcsubject fsaverage --srclabel /out/sourcedata/freesurfer/fsaverage/label/lh.MT_exvivo.label --trgsubject sub-v2s18x29506_ses-1 --trglabel ./lh.MT_exvivo.label --hemi lh --regmethod surface 


srclabel = /out/sourcedata/freesurfer/fsaverage/label/lh.MT_exvivo.label
srcsubject = fsaverage
trgsubject = sub-v2s18x29506_ses-1
trglabel = ./lh.MT_exvivo.label
regmethod = surface

srchemi = lh
trghemi = lh
trgsurface = white
srcsurfreg = sphere.reg
trgsurfreg = sphere.reg
usehash = 1
Use ProjAbs  = 0, 0
Use ProjFrac = 0, 0
DoPaint 0

SUBJECTS_DIR    /out/sourcedata/freesurfer
FREESURFER_HOME /opt/freesurfer
Loading source label.
Found 2018 points in source label.
Starting surface-based mapping
Reading source registration 
 /out/sourcedata/freesurfer/fsaverage/surf/lh.sphere.reg
Rescaling ...  original radius = 100
Reading target surface 
 /out/sourcedata/freesurfer/sub-v2s18x29506_ses-1/surf/lh.white
Reading target registration 
 /out/sourcedata/freesurfer/sub-v2s18x29506_ses-1/surf/lh.sphere.reg
Rescaling ...  original radius = 100
Building target registration hash (res=16).
Building source registration hash (res=16).
INFO: found  2018 nlabel points
Performing mapping from target back to the source label 175272
Number of reverse mapping hits = 1243
Checking for and removing duplicates
Writing label file ./lh.MT_exvivo.label 3261
mri_label2label: Done


 mri_label2label --srcsubject fsaverage --srclabel /out/sourcedata/freesurfer/fsaverage/label/lh.entorhinal_exvivo.label --trgsubject sub-v2s18x29506_ses-1 --trglabel ./lh.entorhinal_exvivo.label --hemi lh --regmethod surface 


srclabel = /out/sourcedata/freesurfer/fsaverage/label/lh.entorhinal_exvivo.label
srcsubject = fsaverage
trgsubject = sub-v2s18x29506_ses-1
trglabel = ./lh.entorhinal_exvivo.label
regmethod = surface

srchemi = lh
trghemi = lh
trgsurface = white
srcsurfreg = sphere.reg
trgsurfreg = sphere.reg
usehash = 1
Use ProjAbs  = 0, 0
Use ProjFrac = 0, 0
DoPaint 0

SUBJECTS_DIR    /out/sourcedata/freesurfer
FREESURFER_HOME /opt/freesurfer
Loading source label.
Found 1290 points in source label.
Starting surface-based mapping
Reading source registration 
 /out/sourcedata/freesurfer/fsaverage/surf/lh.sphere.reg
Rescaling ...  original radius = 100
Reading target surface 
 /out/sourcedata/freesurfer/sub-v2s18x29506_ses-1/surf/lh.white
Reading target registration 
 /out/sourcedata/freesurfer/sub-v2s18x29506_ses-1/surf/lh.sphere.reg
Rescaling ...  original radius = 100
Building target registration hash (res=16).
Building source registration hash (res=16).
INFO: found  1290 nlabel points
Performing mapping from target back to the source label 175272
Number of reverse mapping hits = 147
Checking for and removing duplicates
Writing label file ./lh.entorhinal_exvivo.label 1437
mri_label2label: Done


 mri_label2label --srcsubject fsaverage --srclabel /out/sourcedata/freesurfer/fsaverage/label/lh.perirhinal_exvivo.label --trgsubject sub-v2s18x29506_ses-1 --trglabel ./lh.perirhinal_exvivo.label --hemi lh --regmethod surface 


srclabel = /out/sourcedata/freesurfer/fsaverage/label/lh.perirhinal_exvivo.label
srcsubject = fsaverage
trgsubject = sub-v2s18x29506_ses-1
trglabel = ./lh.perirhinal_exvivo.label
regmethod = surface

srchemi = lh
trghemi = lh
trgsurface = white
srcsurfreg = sphere.reg
trgsurfreg = sphere.reg
usehash = 1
Use ProjAbs  = 0, 0
Use ProjFrac = 0, 0
DoPaint 0

SUBJECTS_DIR    /out/sourcedata/freesurfer
FREESURFER_HOME /opt/freesurfer
Loading source label.
Found 1199 points in source label.
Starting surface-based mapping
Reading source registration 
 /out/sourcedata/freesurfer/fsaverage/surf/lh.sphere.reg
Rescaling ...  original radius = 100
Reading target surface 
 /out/sourcedata/freesurfer/sub-v2s18x29506_ses-1/surf/lh.white
Reading target registration 
 /out/sourcedata/freesurfer/sub-v2s18x29506_ses-1/surf/lh.sphere.reg
Rescaling ...  original radius = 100
Building target registration hash (res=16).
Building source registration hash (res=16).
INFO: found  1199 nlabel points
Performing mapping from target back to the source label 175272
Number of reverse mapping hits = 157
Checking for and removing duplicates
Writing label file ./lh.perirhinal_exvivo.label 1356
mri_label2label: Done


 mri_label2label --srcsubject fsaverage --srclabel /out/sourcedata/freesurfer/fsaverage/label/lh.FG1.mpm.vpnl.label --trgsubject sub-v2s18x29506_ses-1 --trglabel ./lh.FG1.mpm.vpnl.label --hemi lh --regmethod surface 


srclabel = /out/sourcedata/freesurfer/fsaverage/label/lh.FG1.mpm.vpnl.label
srcsubject = fsaverage
trgsubject = sub-v2s18x29506_ses-1
trglabel = ./lh.FG1.mpm.vpnl.label
regmethod = surface

srchemi = lh
trghemi = lh
trgsurface = white
srcsurfreg = sphere.reg
trgsurfreg = sphere.reg
usehash = 1
Use ProjAbs  = 0, 0
Use ProjFrac = 0, 0
DoPaint 0

SUBJECTS_DIR    /out/sourcedata/freesurfer
FREESURFER_HOME /opt/freesurfer
Loading source label.
Found 414 points in source label.
Starting surface-based mapping
Reading source registration 
 /out/sourcedata/freesurfer/fsaverage/surf/lh.sphere.reg
Rescaling ...  original radius = 100
Reading target surface 
 /out/sourcedata/freesurfer/sub-v2s18x29506_ses-1/surf/lh.white
Reading target registration 
 /out/sourcedata/freesurfer/sub-v2s18x29506_ses-1/surf/lh.sphere.reg
Rescaling ...  original radius = 100
Building target registration hash (res=16).
Building source registration hash (res=16).
INFO: found  414 nlabel points
Performing mapping from target back to the source label 175272
Number of reverse mapping hits = 270
Checking for and removing duplicates
Writing label file ./lh.FG1.mpm.vpnl.label 684
mri_label2label: Done


 mri_label2label --srcsubject fsaverage --srclabel /out/sourcedata/freesurfer/fsaverage/label/lh.FG2.mpm.vpnl.label --trgsubject sub-v2s18x29506_ses-1 --trglabel ./lh.FG2.mpm.vpnl.label --hemi lh --regmethod surface 


srclabel = /out/sourcedata/freesurfer/fsaverage/label/lh.FG2.mpm.vpnl.label
srcsubject = fsaverage
trgsubject = sub-v2s18x29506_ses-1
trglabel = ./lh.FG2.mpm.vpnl.label
regmethod = surface

srchemi = lh
trghemi = lh
trgsurface = white
srcsurfreg = sphere.reg
trgsurfreg = sphere.reg
usehash = 1
Use ProjAbs  = 0, 0
Use ProjFrac = 0, 0
DoPaint 0

SUBJECTS_DIR    /out/sourcedata/freesurfer
FREESURFER_HOME /opt/freesurfer
Loading source label.
Found 703 points in source label.
Starting surface-based mapping
Reading source registration 
 /out/sourcedata/freesurfer/fsaverage/surf/lh.sphere.reg
Rescaling ...  original radius = 100
Reading target surface 
 /out/sourcedata/freesurfer/sub-v2s18x29506_ses-1/surf/lh.white
Reading target registration 
 /out/sourcedata/freesurfer/sub-v2s18x29506_ses-1/surf/lh.sphere.reg
Rescaling ...  original radius = 100
Building target registration hash (res=16).
Building source registration hash (res=16).
INFO: found  703 nlabel points
Performing mapping from target back to the source label 175272
Number of reverse mapping hits = 499
Checking for and removing duplicates
Writing label file ./lh.FG2.mpm.vpnl.label 1202
mri_label2label: Done


 mri_label2label --srcsubject fsaverage --srclabel /out/sourcedata/freesurfer/fsaverage/label/lh.FG3.mpm.vpnl.label --trgsubject sub-v2s18x29506_ses-1 --trglabel ./lh.FG3.mpm.vpnl.label --hemi lh --regmethod surface 


srclabel = /out/sourcedata/freesurfer/fsaverage/label/lh.FG3.mpm.vpnl.label
srcsubject = fsaverage
trgsubject = sub-v2s18x29506_ses-1
trglabel = ./lh.FG3.mpm.vpnl.label
regmethod = surface

srchemi = lh
trghemi = lh
trgsurface = white
srcsurfreg = sphere.reg
trgsurfreg = sphere.reg
usehash = 1
Use ProjAbs  = 0, 0
Use ProjFrac = 0, 0
DoPaint 0

SUBJECTS_DIR    /out/sourcedata/freesurfer
FREESURFER_HOME /opt/freesurfer
Loading source label.
Found 1873 points in source label.
Starting surface-based mapping
Reading source registration 
 /out/sourcedata/freesurfer/fsaverage/surf/lh.sphere.reg
Rescaling ...  original radius = 100
Reading target surface 
 /out/sourcedata/freesurfer/sub-v2s18x29506_ses-1/surf/lh.white
Reading target registration 
 /out/sourcedata/freesurfer/sub-v2s18x29506_ses-1/surf/lh.sphere.reg
Rescaling ...  original radius = 100
Building target registration hash (res=16).
Building source registration hash (res=16).
INFO: found  1873 nlabel points
Performing mapping from target back to the source label 175272
Number of reverse mapping hits = 502
Checking for and removing duplicates
Writing label file ./lh.FG3.mpm.vpnl.label 2375
mri_label2label: Done


 mri_label2label --srcsubject fsaverage --srclabel /out/sourcedata/freesurfer/fsaverage/label/lh.FG4.mpm.vpnl.label --trgsubject sub-v2s18x29506_ses-1 --trglabel ./lh.FG4.mpm.vpnl.label --hemi lh --regmethod surface 


srclabel = /out/sourcedata/freesurfer/fsaverage/label/lh.FG4.mpm.vpnl.label
srcsubject = fsaverage
trgsubject = sub-v2s18x29506_ses-1
trglabel = ./lh.FG4.mpm.vpnl.label
regmethod = surface

srchemi = lh
trghemi = lh
trgsurface = white
srcsurfreg = sphere.reg
trgsurfreg = sphere.reg
usehash = 1
Use ProjAbs  = 0, 0
Use ProjFrac = 0, 0
DoPaint 0

SUBJECTS_DIR    /out/sourcedata/freesurfer
FREESURFER_HOME /opt/freesurfer
Loading source label.
Found 2101 points in source label.
Starting surface-based mapping
Reading source registration 
 /out/sourcedata/freesurfer/fsaverage/surf/lh.sphere.reg
Rescaling ...  original radius = 100
Reading target surface 
 /out/sourcedata/freesurfer/sub-v2s18x29506_ses-1/surf/lh.white
Reading target registration 
 /out/sourcedata/freesurfer/sub-v2s18x29506_ses-1/surf/lh.sphere.reg
Rescaling ...  original radius = 100
Building target registration hash (res=16).
Building source registration hash (res=16).
INFO: found  2101 nlabel points
Performing mapping from target back to the source label 175272
Number of reverse mapping hits = 1317
Checking for and removing duplicates
Writing label file ./lh.FG4.mpm.vpnl.label 3418
mri_label2label: Done


 mri_label2label --srcsubject fsaverage --srclabel /out/sourcedata/freesurfer/fsaverage/label/lh.hOc1.mpm.vpnl.label --trgsubject sub-v2s18x29506_ses-1 --trglabel ./lh.hOc1.mpm.vpnl.label --hemi lh --regmethod surface 


srclabel = /out/sourcedata/freesurfer/fsaverage/label/lh.hOc1.mpm.vpnl.label
srcsubject = fsaverage
trgsubject = sub-v2s18x29506_ses-1
trglabel = ./lh.hOc1.mpm.vpnl.label
regmethod = surface

srchemi = lh
trghemi = lh
trgsurface = white
srcsurfreg = sphere.reg
trgsurfreg = sphere.reg
usehash = 1
Use ProjAbs  = 0, 0
Use ProjFrac = 0, 0
DoPaint 0

SUBJECTS_DIR    /out/sourcedata/freesurfer
FREESURFER_HOME /opt/freesurfer
Loading source label.
Found 3877 points in source label.
Starting surface-based mapping
Reading source registration 
 /out/sourcedata/freesurfer/fsaverage/surf/lh.sphere.reg
Rescaling ...  original radius = 100
Reading target surface 
 /out/sourcedata/freesurfer/sub-v2s18x29506_ses-1/surf/lh.white
Reading target registration 
 /out/sourcedata/freesurfer/sub-v2s18x29506_ses-1/surf/lh.sphere.reg
Rescaling ...  original radius = 100
Building target registration hash (res=16).
Building source registration hash (res=16).
INFO: found  3877 nlabel points
Performing mapping from target back to the source label 175272
Number of reverse mapping hits = 1845
Checking for and removing duplicates
Writing label file ./lh.hOc1.mpm.vpnl.label 5722
mri_label2label: Done


 mri_label2label --srcsubject fsaverage --srclabel /out/sourcedata/freesurfer/fsaverage/label/lh.hOc2.mpm.vpnl.label --trgsubject sub-v2s18x29506_ses-1 --trglabel ./lh.hOc2.mpm.vpnl.label --hemi lh --regmethod surface 


srclabel = /out/sourcedata/freesurfer/fsaverage/label/lh.hOc2.mpm.vpnl.label
srcsubject = fsaverage
trgsubject = sub-v2s18x29506_ses-1
trglabel = ./lh.hOc2.mpm.vpnl.label
regmethod = surface

srchemi = lh
trghemi = lh
trgsurface = white
srcsurfreg = sphere.reg
trgsurfreg = sphere.reg
usehash = 1
Use ProjAbs  = 0, 0
Use ProjFrac = 0, 0
DoPaint 0

SUBJECTS_DIR    /out/sourcedata/freesurfer
FREESURFER_HOME /opt/freesurfer
Loading source label.
Found 2919 points in source label.
Starting surface-based mapping
Reading source registration 
 /out/sourcedata/freesurfer/fsaverage/surf/lh.sphere.reg
Rescaling ...  original radius = 100
Reading target surface 
 /out/sourcedata/freesurfer/sub-v2s18x29506_ses-1/surf/lh.white
Reading target registration 
 /out/sourcedata/freesurfer/sub-v2s18x29506_ses-1/surf/lh.sphere.reg
Rescaling ...  original radius = 100
Building target registration hash (res=16).
Building source registration hash (res=16).
INFO: found  2919 nlabel points
Performing mapping from target back to the source label 175272
Number of reverse mapping hits = 1811
Checking for and removing duplicates
Writing label file ./lh.hOc2.mpm.vpnl.label 4730
mri_label2label: Done


 mri_label2label --srcsubject fsaverage --srclabel /out/sourcedata/freesurfer/fsaverage/label/lh.hOc3v.mpm.vpnl.label --trgsubject sub-v2s18x29506_ses-1 --trglabel ./lh.hOc3v.mpm.vpnl.label --hemi lh --regmethod surface 


srclabel = /out/sourcedata/freesurfer/fsaverage/label/lh.hOc3v.mpm.vpnl.label
srcsubject = fsaverage
trgsubject = sub-v2s18x29506_ses-1
trglabel = ./lh.hOc3v.mpm.vpnl.label
regmethod = surface

srchemi = lh
trghemi = lh
trgsurface = white
srcsurfreg = sphere.reg
trgsurfreg = sphere.reg
usehash = 1
Use ProjAbs  = 0, 0
Use ProjFrac = 0, 0
DoPaint 0

SUBJECTS_DIR    /out/sourcedata/freesurfer
FREESURFER_HOME /opt/freesurfer
Loading source label.
Found 1286 points in source label.
Starting surface-based mapping
Reading source registration 
 /out/sourcedata/freesurfer/fsaverage/surf/lh.sphere.reg
Rescaling ...  original radius = 100
Reading target surface 
 /out/sourcedata/freesurfer/sub-v2s18x29506_ses-1/surf/lh.white
Reading target registration 
 /out/sourcedata/freesurfer/sub-v2s18x29506_ses-1/surf/lh.sphere.reg
Rescaling ...  original radius = 100
Building target registration hash (res=16).
Building source registration hash (res=16).
INFO: found  1286 nlabel points
Performing mapping from target back to the source label 175272
Number of reverse mapping hits = 960
Checking for and removing duplicates
Writing label file ./lh.hOc3v.mpm.vpnl.label 2246
mri_label2label: Done


 mri_label2label --srcsubject fsaverage --srclabel /out/sourcedata/freesurfer/fsaverage/label/lh.hOc4v.mpm.vpnl.label --trgsubject sub-v2s18x29506_ses-1 --trglabel ./lh.hOc4v.mpm.vpnl.label --hemi lh --regmethod surface 


srclabel = /out/sourcedata/freesurfer/fsaverage/label/lh.hOc4v.mpm.vpnl.label
srcsubject = fsaverage
trgsubject = sub-v2s18x29506_ses-1
trglabel = ./lh.hOc4v.mpm.vpnl.label
regmethod = surface

srchemi = lh
trghemi = lh
trgsurface = white
srcsurfreg = sphere.reg
trgsurfreg = sphere.reg
usehash = 1
Use ProjAbs  = 0, 0
Use ProjFrac = 0, 0
DoPaint 0

SUBJECTS_DIR    /out/sourcedata/freesurfer
FREESURFER_HOME /opt/freesurfer
Loading source label.
Found 1006 points in source label.
Starting surface-based mapping
Reading source registration 
 /out/sourcedata/freesurfer/fsaverage/surf/lh.sphere.reg
Rescaling ...  original radius = 100
Reading target surface 
 /out/sourcedata/freesurfer/sub-v2s18x29506_ses-1/surf/lh.white
Reading target registration 
 /out/sourcedata/freesurfer/sub-v2s18x29506_ses-1/surf/lh.sphere.reg
Rescaling ...  original radius = 100
Building target registration hash (res=16).
Building source registration hash (res=16).
INFO: found  1006 nlabel points
Performing mapping from target back to the source label 175272
Number of reverse mapping hits = 739
Checking for and removing duplicates
Writing label file ./lh.hOc4v.mpm.vpnl.label 1745
mri_label2label: Done


 mris_label2annot --s sub-v2s18x29506_ses-1 --ctab /opt/freesurfer/average/colortable_vpnl.txt --hemi lh --a mpm.vpnl --maxstatwinner --noverbose --l lh.FG1.mpm.vpnl.label --l lh.FG2.mpm.vpnl.label --l lh.FG3.mpm.vpnl.label --l lh.FG4.mpm.vpnl.label --l lh.hOc1.mpm.vpnl.label --l lh.hOc2.mpm.vpnl.label --l lh.hOc3v.mpm.vpnl.label --l lh.hOc4v.mpm.vpnl.label 

Reading ctab /opt/freesurfer/average/colortable_vpnl.txt
Number of ctab entries 9

7.3.2
cwd /out/sourcedata/freesurfer/sub-v2s18x29506_ses-1/label
cmdline mris_label2annot --s sub-v2s18x29506_ses-1 --ctab /opt/freesurfer/average/colortable_vpnl.txt --hemi lh --a mpm.vpnl --maxstatwinner --noverbose --l lh.FG1.mpm.vpnl.label --l lh.FG2.mpm.vpnl.label --l lh.FG3.mpm.vpnl.label --l lh.FG4.mpm.vpnl.label --l lh.hOc1.mpm.vpnl.label --l lh.hOc2.mpm.vpnl.label --l lh.hOc3v.mpm.vpnl.label --l lh.hOc4v.mpm.vpnl.label 
sysname  Linux
hostname dna044
machine  x86_64
user     oesteban

subject sub-v2s18x29506_ses-1
hemi    lh
SUBJECTS_DIR /out/sourcedata/freesurfer
ColorTable /opt/freesurfer/average/colortable_vpnl.txt
AnnotName  mpm.vpnl
nlables 8
LabelThresh 0 0.000000
Loading /out/sourcedata/freesurfer/sub-v2s18x29506_ses-1/surf/lh.orig
 1 1376057 FG1
 2 16711935 FG2
 3 16711680 FG3
 4 1705837 FG4
 5 25600 hOc1
 6 255 hOc2
 7 16776960 hOc3v
 8 65535 hOc4v
Mapping unhit to unknown
Found 153498 unhit vertices
Writing annot to /out/sourcedata/freesurfer/sub-v2s18x29506_ses-1/label/lh.mpm.vpnl.annot

 mri_label2label --srcsubject fsaverage --srclabel /out/sourcedata/freesurfer/fsaverage/label/lh.BA1_exvivo.thresh.label --trgsubject sub-v2s18x29506_ses-1 --trglabel ./lh.BA1_exvivo.thresh.label --hemi lh --regmethod surface 


srclabel = /out/sourcedata/freesurfer/fsaverage/label/lh.BA1_exvivo.thresh.label
srcsubject = fsaverage
trgsubject = sub-v2s18x29506_ses-1
trglabel = ./lh.BA1_exvivo.thresh.label
regmethod = surface

srchemi = lh
trghemi = lh
trgsurface = white
srcsurfreg = sphere.reg
trgsurfreg = sphere.reg
usehash = 1
Use ProjAbs  = 0, 0
Use ProjFrac = 0, 0
DoPaint 0

SUBJECTS_DIR    /out/sourcedata/freesurfer
FREESURFER_HOME /opt/freesurfer
Loading source label.
Found 1014 points in source label.
Starting surface-based mapping
Reading source registration 
 /out/sourcedata/freesurfer/fsaverage/surf/lh.sphere.reg
Rescaling ...  original radius = 100
Reading target surface 
 /out/sourcedata/freesurfer/sub-v2s18x29506_ses-1/surf/lh.white
Reading target registration 
 /out/sourcedata/freesurfer/sub-v2s18x29506_ses-1/surf/lh.sphere.reg
Rescaling ...  original radius = 100
Building target registration hash (res=16).
Building source registration hash (res=16).
INFO: found  1014 nlabel points
Performing mapping from target back to the source label 175272
Number of reverse mapping hits = 160
Checking for and removing duplicates
Writing label file ./lh.BA1_exvivo.thresh.label 1174
mri_label2label: Done


 mri_label2label --srcsubject fsaverage --srclabel /out/sourcedata/freesurfer/fsaverage/label/lh.BA2_exvivo.thresh.label --trgsubject sub-v2s18x29506_ses-1 --trglabel ./lh.BA2_exvivo.thresh.label --hemi lh --regmethod surface 


srclabel = /out/sourcedata/freesurfer/fsaverage/label/lh.BA2_exvivo.thresh.label
srcsubject = fsaverage
trgsubject = sub-v2s18x29506_ses-1
trglabel = ./lh.BA2_exvivo.thresh.label
regmethod = surface

srchemi = lh
trghemi = lh
trgsurface = white
srcsurfreg = sphere.reg
trgsurfreg = sphere.reg
usehash = 1
Use ProjAbs  = 0, 0
Use ProjFrac = 0, 0
DoPaint 0

SUBJECTS_DIR    /out/sourcedata/freesurfer
FREESURFER_HOME /opt/freesurfer
Loading source label.
Found 2092 points in source label.
Starting surface-based mapping
Reading source registration 
 /out/sourcedata/freesurfer/fsaverage/surf/lh.sphere.reg
Rescaling ...  original radius = 100
Reading target surface 
 /out/sourcedata/freesurfer/sub-v2s18x29506_ses-1/surf/lh.white
Reading target registration 
 /out/sourcedata/freesurfer/sub-v2s18x29506_ses-1/surf/lh.sphere.reg
Rescaling ...  original radius = 100
Building target registration hash (res=16).
Building source registration hash (res=16).
INFO: found  2092 nlabel points
Performing mapping from target back to the source label 175272
Number of reverse mapping hits = 114
Checking for and removing duplicates
Writing label file ./lh.BA2_exvivo.thresh.label 2206
mri_label2label: Done


 mri_label2label --srcsubject fsaverage --srclabel /out/sourcedata/freesurfer/fsaverage/label/lh.BA3a_exvivo.thresh.label --trgsubject sub-v2s18x29506_ses-1 --trglabel ./lh.BA3a_exvivo.thresh.label --hemi lh --regmethod surface 


srclabel = /out/sourcedata/freesurfer/fsaverage/label/lh.BA3a_exvivo.thresh.label
srcsubject = fsaverage
trgsubject = sub-v2s18x29506_ses-1
trglabel = ./lh.BA3a_exvivo.thresh.label
regmethod = surface

srchemi = lh
trghemi = lh
trgsurface = white
srcsurfreg = sphere.reg
trgsurfreg = sphere.reg
usehash = 1
Use ProjAbs  = 0, 0
Use ProjFrac = 0, 0
DoPaint 0

SUBJECTS_DIR    /out/sourcedata/freesurfer
FREESURFER_HOME /opt/freesurfer
Loading source label.
Found 1504 points in source label.
Starting surface-based mapping
Reading source registration 
 /out/sourcedata/freesurfer/fsaverage/surf/lh.sphere.reg
Rescaling ...  original radius = 100
Reading target surface 
 /out/sourcedata/freesurfer/sub-v2s18x29506_ses-1/surf/lh.white
Reading target registration 
 /out/sourcedata/freesurfer/sub-v2s18x29506_ses-1/surf/lh.sphere.reg
Rescaling ...  original radius = 100
Building target registration hash (res=16).
Building source registration hash (res=16).
INFO: found  1504 nlabel points
Performing mapping from target back to the source label 175272
Number of reverse mapping hits = 35
Checking for and removing duplicates
Writing label file ./lh.BA3a_exvivo.thresh.label 1539
mri_label2label: Done


 mri_label2label --srcsubject fsaverage --srclabel /out/sourcedata/freesurfer/fsaverage/label/lh.BA3b_exvivo.thresh.label --trgsubject sub-v2s18x29506_ses-1 --trglabel ./lh.BA3b_exvivo.thresh.label --hemi lh --regmethod surface 


srclabel = /out/sourcedata/freesurfer/fsaverage/label/lh.BA3b_exvivo.thresh.label
srcsubject = fsaverage
trgsubject = sub-v2s18x29506_ses-1
trglabel = ./lh.BA3b_exvivo.thresh.label
regmethod = surface

srchemi = lh
trghemi = lh
trgsurface = white
srcsurfreg = sphere.reg
trgsurfreg = sphere.reg
usehash = 1
Use ProjAbs  = 0, 0
Use ProjFrac = 0, 0
DoPaint 0

SUBJECTS_DIR    /out/sourcedata/freesurfer
FREESURFER_HOME /opt/freesurfer
Loading source label.
Found 1996 points in source label.
Starting surface-based mapping
Reading source registration 
 /out/sourcedata/freesurfer/fsaverage/surf/lh.sphere.reg
Rescaling ...  original radius = 100
Reading target surface 
 /out/sourcedata/freesurfer/sub-v2s18x29506_ses-1/surf/lh.white
Reading target registration 
 /out/sourcedata/freesurfer/sub-v2s18x29506_ses-1/surf/lh.sphere.reg
Rescaling ...  original radius = 100
Building target registration hash (res=16).
Building source registration hash (res=16).
INFO: found  1996 nlabel points
Performing mapping from target back to the source label 175272
Number of reverse mapping hits = 120
Checking for and removing duplicates
Writing label file ./lh.BA3b_exvivo.thresh.label 2116
mri_label2label: Done


 mri_label2label --srcsubject fsaverage --srclabel /out/sourcedata/freesurfer/fsaverage/label/lh.BA4a_exvivo.thresh.label --trgsubject sub-v2s18x29506_ses-1 --trglabel ./lh.BA4a_exvivo.thresh.label --hemi lh --regmethod surface 


srclabel = /out/sourcedata/freesurfer/fsaverage/label/lh.BA4a_exvivo.thresh.label
srcsubject = fsaverage
trgsubject = sub-v2s18x29506_ses-1
trglabel = ./lh.BA4a_exvivo.thresh.label
regmethod = surface

srchemi = lh
trghemi = lh
trgsurface = white
srcsurfreg = sphere.reg
trgsurfreg = sphere.reg
usehash = 1
Use ProjAbs  = 0, 0
Use ProjFrac = 0, 0
DoPaint 0

SUBJECTS_DIR    /out/sourcedata/freesurfer
FREESURFER_HOME /opt/freesurfer
Loading source label.
Found 2319 points in source label.
Starting surface-based mapping
Reading source registration 
 /out/sourcedata/freesurfer/fsaverage/surf/lh.sphere.reg
Rescaling ...  original radius = 100
Reading target surface 
 /out/sourcedata/freesurfer/sub-v2s18x29506_ses-1/surf/lh.white
Reading target registration 
 /out/sourcedata/freesurfer/sub-v2s18x29506_ses-1/surf/lh.sphere.reg
Rescaling ...  original radius = 100
Building target registration hash (res=16).
Building source registration hash (res=16).
INFO: found  2319 nlabel points
Performing mapping from target back to the source label 175272
Number of reverse mapping hits = 346
Checking for and removing duplicates
Writing label file ./lh.BA4a_exvivo.thresh.label 2665
mri_label2label: Done


 mri_label2label --srcsubject fsaverage --srclabel /out/sourcedata/freesurfer/fsaverage/label/lh.BA4p_exvivo.thresh.label --trgsubject sub-v2s18x29506_ses-1 --trglabel ./lh.BA4p_exvivo.thresh.label --hemi lh --regmethod surface 


srclabel = /out/sourcedata/freesurfer/fsaverage/label/lh.BA4p_exvivo.thresh.label
srcsubject = fsaverage
trgsubject = sub-v2s18x29506_ses-1
trglabel = ./lh.BA4p_exvivo.thresh.label
regmethod = surface

srchemi = lh
trghemi = lh
trgsurface = white
srcsurfreg = sphere.reg
trgsurfreg = sphere.reg
usehash = 1
Use ProjAbs  = 0, 0
Use ProjFrac = 0, 0
DoPaint 0

SUBJECTS_DIR    /out/sourcedata/freesurfer
FREESURFER_HOME /opt/freesurfer
Loading source label.
Found 1549 points in source label.
Starting surface-based mapping
Reading source registration 
 /out/sourcedata/freesurfer/fsaverage/surf/lh.sphere.reg
Rescaling ...  original radius = 100
Reading target surface 
 /out/sourcedata/freesurfer/sub-v2s18x29506_ses-1/surf/lh.white
Reading target registration 
 /out/sourcedata/freesurfer/sub-v2s18x29506_ses-1/surf/lh.sphere.reg
Rescaling ...  original radius = 100
Building target registration hash (res=16).
Building source registration hash (res=16).
INFO: found  1549 nlabel points
Performing mapping from target back to the source label 175272
Number of reverse mapping hits = 103
Checking for and removing duplicates
Writing label file ./lh.BA4p_exvivo.thresh.label 1652
mri_label2label: Done


 mri_label2label --srcsubject fsaverage --srclabel /out/sourcedata/freesurfer/fsaverage/label/lh.BA6_exvivo.thresh.label --trgsubject sub-v2s18x29506_ses-1 --trglabel ./lh.BA6_exvivo.thresh.label --hemi lh --regmethod surface 


srclabel = /out/sourcedata/freesurfer/fsaverage/label/lh.BA6_exvivo.thresh.label
srcsubject = fsaverage
trgsubject = sub-v2s18x29506_ses-1
trglabel = ./lh.BA6_exvivo.thresh.label
regmethod = surface

srchemi = lh
trghemi = lh
trgsurface = white
srcsurfreg = sphere.reg
trgsurfreg = sphere.reg
usehash = 1
Use ProjAbs  = 0, 0
Use ProjFrac = 0, 0
DoPaint 0

SUBJECTS_DIR    /out/sourcedata/freesurfer
FREESURFER_HOME /opt/freesurfer
Loading source label.
Found 7035 points in source label.
Starting surface-based mapping
Reading source registration 
 /out/sourcedata/freesurfer/fsaverage/surf/lh.sphere.reg
Rescaling ...  original radius = 100
Reading target surface 
 /out/sourcedata/freesurfer/sub-v2s18x29506_ses-1/surf/lh.white
Reading target registration 
 /out/sourcedata/freesurfer/sub-v2s18x29506_ses-1/surf/lh.sphere.reg
Rescaling ...  original radius = 100
Building target registration hash (res=16).
Building source registration hash (res=16).
INFO: found  7035 nlabel points
Performing mapping from target back to the source label 175272
Number of reverse mapping hits = 1151
Checking for and removing duplicates
Writing label file ./lh.BA6_exvivo.thresh.label 8186
mri_label2label: Done


 mri_label2label --srcsubject fsaverage --srclabel /out/sourcedata/freesurfer/fsaverage/label/lh.BA44_exvivo.thresh.label --trgsubject sub-v2s18x29506_ses-1 --trglabel ./lh.BA44_exvivo.thresh.label --hemi lh --regmethod surface 


srclabel = /out/sourcedata/freesurfer/fsaverage/label/lh.BA44_exvivo.thresh.label
srcsubject = fsaverage
trgsubject = sub-v2s18x29506_ses-1
trglabel = ./lh.BA44_exvivo.thresh.label
regmethod = surface

srchemi = lh
trghemi = lh
trgsurface = white
srcsurfreg = sphere.reg
trgsurfreg = sphere.reg
usehash = 1
Use ProjAbs  = 0, 0
Use ProjFrac = 0, 0
DoPaint 0

SUBJECTS_DIR    /out/sourcedata/freesurfer
FREESURFER_HOME /opt/freesurfer
Loading source label.
Found 1912 points in source label.
Starting surface-based mapping
Reading source registration 
 /out/sourcedata/freesurfer/fsaverage/surf/lh.sphere.reg
Rescaling ...  original radius = 100
Reading target surface 
 /out/sourcedata/freesurfer/sub-v2s18x29506_ses-1/surf/lh.white
Reading target registration 
 /out/sourcedata/freesurfer/sub-v2s18x29506_ses-1/surf/lh.sphere.reg
Rescaling ...  original radius = 100
Building target registration hash (res=16).
Building source registration hash (res=16).
INFO: found  1912 nlabel points
Performing mapping from target back to the source label 175272
Number of reverse mapping hits = 655
Checking for and removing duplicates
Writing label file ./lh.BA44_exvivo.thresh.label 2567
mri_label2label: Done


 mri_label2label --srcsubject fsaverage --srclabel /out/sourcedata/freesurfer/fsaverage/label/lh.BA45_exvivo.thresh.label --trgsubject sub-v2s18x29506_ses-1 --trglabel ./lh.BA45_exvivo.thresh.label --hemi lh --regmethod surface 


srclabel = /out/sourcedata/freesurfer/fsaverage/label/lh.BA45_exvivo.thresh.label
srcsubject = fsaverage
trgsubject = sub-v2s18x29506_ses-1
trglabel = ./lh.BA45_exvivo.thresh.label
regmethod = surface

srchemi = lh
trghemi = lh
trgsurface = white
srcsurfreg = sphere.reg
trgsurfreg = sphere.reg
usehash = 1
Use ProjAbs  = 0, 0
Use ProjFrac = 0, 0
DoPaint 0

SUBJECTS_DIR    /out/sourcedata/freesurfer
FREESURFER_HOME /opt/freesurfer
Loading source label.
Found 1151 points in source label.
Starting surface-based mapping
Reading source registration 
 /out/sourcedata/freesurfer/fsaverage/surf/lh.sphere.reg
Rescaling ...  original radius = 100
Reading target surface 
 /out/sourcedata/freesurfer/sub-v2s18x29506_ses-1/surf/lh.white
Reading target registration 
 /out/sourcedata/freesurfer/sub-v2s18x29506_ses-1/surf/lh.sphere.reg
Rescaling ...  original radius = 100
Building target registration hash (res=16).
Building source registration hash (res=16).
INFO: found  1151 nlabel points
Performing mapping from target back to the source label 175272
Number of reverse mapping hits = 905
Checking for and removing duplicates
Writing label file ./lh.BA45_exvivo.thresh.label 2056
mri_label2label: Done


 mri_label2label --srcsubject fsaverage --srclabel /out/sourcedata/freesurfer/fsaverage/label/lh.V1_exvivo.thresh.label --trgsubject sub-v2s18x29506_ses-1 --trglabel ./lh.V1_exvivo.thresh.label --hemi lh --regmethod surface 


srclabel = /out/sourcedata/freesurfer/fsaverage/label/lh.V1_exvivo.thresh.label
srcsubject = fsaverage
trgsubject = sub-v2s18x29506_ses-1
trglabel = ./lh.V1_exvivo.thresh.label
regmethod = surface

srchemi = lh
trghemi = lh
trgsurface = white
srcsurfreg = sphere.reg
trgsurfreg = sphere.reg
usehash = 1
Use ProjAbs  = 0, 0
Use ProjFrac = 0, 0
DoPaint 0

SUBJECTS_DIR    /out/sourcedata/freesurfer
FREESURFER_HOME /opt/freesurfer
Loading source label.
Found 3405 points in source label.
Starting surface-based mapping
Reading source registration 
 /out/sourcedata/freesurfer/fsaverage/surf/lh.sphere.reg
Rescaling ...  original radius = 100
Reading target surface 
 /out/sourcedata/freesurfer/sub-v2s18x29506_ses-1/surf/lh.white
Reading target registration 
 /out/sourcedata/freesurfer/sub-v2s18x29506_ses-1/surf/lh.sphere.reg
Rescaling ...  original radius = 100
Building target registration hash (res=16).
Building source registration hash (res=16).
INFO: found  3405 nlabel points
Performing mapping from target back to the source label 175272
Number of reverse mapping hits = 1726
Checking for and removing duplicates
Writing label file ./lh.V1_exvivo.thresh.label 5131
mri_label2label: Done


 mri_label2label --srcsubject fsaverage --srclabel /out/sourcedata/freesurfer/fsaverage/label/lh.V2_exvivo.thresh.label --trgsubject sub-v2s18x29506_ses-1 --trglabel ./lh.V2_exvivo.thresh.label --hemi lh --regmethod surface 


srclabel = /out/sourcedata/freesurfer/fsaverage/label/lh.V2_exvivo.thresh.label
srcsubject = fsaverage
trgsubject = sub-v2s18x29506_ses-1
trglabel = ./lh.V2_exvivo.thresh.label
regmethod = surface

srchemi = lh
trghemi = lh
trgsurface = white
srcsurfreg = sphere.reg
trgsurfreg = sphere.reg
usehash = 1
Use ProjAbs  = 0, 0
Use ProjFrac = 0, 0
DoPaint 0

SUBJECTS_DIR    /out/sourcedata/freesurfer
FREESURFER_HOME /opt/freesurfer
Loading source label.
Found 3334 points in source label.
Starting surface-based mapping
Reading source registration 
 /out/sourcedata/freesurfer/fsaverage/surf/lh.sphere.reg
Rescaling ...  original radius = 100
Reading target surface 
 /out/sourcedata/freesurfer/sub-v2s18x29506_ses-1/surf/lh.white
Reading target registration 
 /out/sourcedata/freesurfer/sub-v2s18x29506_ses-1/surf/lh.sphere.reg
Rescaling ...  original radius = 100
Building target registration hash (res=16).
Building source registration hash (res=16).
INFO: found  3334 nlabel points
Performing mapping from target back to the source label 175272
Number of reverse mapping hits = 1974
Checking for and removing duplicates
Writing label file ./lh.V2_exvivo.thresh.label 5308
mri_label2label: Done


 mri_label2label --srcsubject fsaverage --srclabel /out/sourcedata/freesurfer/fsaverage/label/lh.MT_exvivo.thresh.label --trgsubject sub-v2s18x29506_ses-1 --trglabel ./lh.MT_exvivo.thresh.label --hemi lh --regmethod surface 


srclabel = /out/sourcedata/freesurfer/fsaverage/label/lh.MT_exvivo.thresh.label
srcsubject = fsaverage
trgsubject = sub-v2s18x29506_ses-1
trglabel = ./lh.MT_exvivo.thresh.label
regmethod = surface

srchemi = lh
trghemi = lh
trgsurface = white
srcsurfreg = sphere.reg
trgsurfreg = sphere.reg
usehash = 1
Use ProjAbs  = 0, 0
Use ProjFrac = 0, 0
DoPaint 0

SUBJECTS_DIR    /out/sourcedata/freesurfer
FREESURFER_HOME /opt/freesurfer
Loading source label.
Found 513 points in source label.
Starting surface-based mapping
Reading source registration 
 /out/sourcedata/freesurfer/fsaverage/surf/lh.sphere.reg
Rescaling ...  original radius = 100
Reading target surface 
 /out/sourcedata/freesurfer/sub-v2s18x29506_ses-1/surf/lh.white
Reading target registration 
 /out/sourcedata/freesurfer/sub-v2s18x29506_ses-1/surf/lh.sphere.reg
Rescaling ...  original radius = 100
Building target registration hash (res=16).
Building source registration hash (res=16).
INFO: found  513 nlabel points
Performing mapping from target back to the source label 175272
Number of reverse mapping hits = 321
Checking for and removing duplicates
Writing label file ./lh.MT_exvivo.thresh.label 834
mri_label2label: Done


 mri_label2label --srcsubject fsaverage --srclabel /out/sourcedata/freesurfer/fsaverage/label/lh.entorhinal_exvivo.thresh.label --trgsubject sub-v2s18x29506_ses-1 --trglabel ./lh.entorhinal_exvivo.thresh.label --hemi lh --regmethod surface 


srclabel = /out/sourcedata/freesurfer/fsaverage/label/lh.entorhinal_exvivo.thresh.label
srcsubject = fsaverage
trgsubject = sub-v2s18x29506_ses-1
trglabel = ./lh.entorhinal_exvivo.thresh.label
regmethod = surface

srchemi = lh
trghemi = lh
trgsurface = white
srcsurfreg = sphere.reg
trgsurfreg = sphere.reg
usehash = 1
Use ProjAbs  = 0, 0
Use ProjFrac = 0, 0
DoPaint 0

SUBJECTS_DIR    /out/sourcedata/freesurfer
FREESURFER_HOME /opt/freesurfer
Loading source label.
Found 470 points in source label.
Starting surface-based mapping
Reading source registration 
 /out/sourcedata/freesurfer/fsaverage/surf/lh.sphere.reg
Rescaling ...  original radius = 100
Reading target surface 
 /out/sourcedata/freesurfer/sub-v2s18x29506_ses-1/surf/lh.white
Reading target registration 
 /out/sourcedata/freesurfer/sub-v2s18x29506_ses-1/surf/lh.sphere.reg
Rescaling ...  original radius = 100
Building target registration hash (res=16).
Building source registration hash (res=16).
INFO: found  470 nlabel points
Performing mapping from target back to the source label 175272
Number of reverse mapping hits = 56
Checking for and removing duplicates
Writing label file ./lh.entorhinal_exvivo.thresh.label 526
mri_label2label: Done


 mri_label2label --srcsubject fsaverage --srclabel /out/sourcedata/freesurfer/fsaverage/label/lh.perirhinal_exvivo.thresh.label --trgsubject sub-v2s18x29506_ses-1 --trglabel ./lh.perirhinal_exvivo.thresh.label --hemi lh --regmethod surface 


srclabel = /out/sourcedata/freesurfer/fsaverage/label/lh.perirhinal_exvivo.thresh.label
srcsubject = fsaverage
trgsubject = sub-v2s18x29506_ses-1
trglabel = ./lh.perirhinal_exvivo.thresh.label
regmethod = surface

srchemi = lh
trghemi = lh
trgsurface = white
srcsurfreg = sphere.reg
trgsurfreg = sphere.reg
usehash = 1
Use ProjAbs  = 0, 0
Use ProjFrac = 0, 0
DoPaint 0

SUBJECTS_DIR    /out/sourcedata/freesurfer
FREESURFER_HOME /opt/freesurfer
Loading source label.
Found 450 points in source label.
Starting surface-based mapping
Reading source registration 
 /out/sourcedata/freesurfer/fsaverage/surf/lh.sphere.reg
Rescaling ...  original radius = 100
Reading target surface 
 /out/sourcedata/freesurfer/sub-v2s18x29506_ses-1/surf/lh.white
Reading target registration 
 /out/sourcedata/freesurfer/sub-v2s18x29506_ses-1/surf/lh.sphere.reg
Rescaling ...  original radius = 100
Building target registration hash (res=16).
Building source registration hash (res=16).
INFO: found  450 nlabel points
Performing mapping from target back to the source label 175272
Number of reverse mapping hits = 45
Checking for and removing duplicates
Writing label file ./lh.perirhinal_exvivo.thresh.label 495
mri_label2label: Done


 mris_label2annot --s sub-v2s18x29506_ses-1 --hemi lh --ctab /opt/freesurfer/average/colortable_BA.txt --l lh.BA1_exvivo.label --l lh.BA2_exvivo.label --l lh.BA3a_exvivo.label --l lh.BA3b_exvivo.label --l lh.BA4a_exvivo.label --l lh.BA4p_exvivo.label --l lh.BA6_exvivo.label --l lh.BA44_exvivo.label --l lh.BA45_exvivo.label --l lh.V1_exvivo.label --l lh.V2_exvivo.label --l lh.MT_exvivo.label --l lh.perirhinal_exvivo.label --l lh.entorhinal_exvivo.label --a BA_exvivo --maxstatwinner --noverbose 

Reading ctab /opt/freesurfer/average/colortable_BA.txt
Number of ctab entries 15

7.3.2
cwd /out/sourcedata/freesurfer/sub-v2s18x29506_ses-1/label
cmdline mris_label2annot --s sub-v2s18x29506_ses-1 --hemi lh --ctab /opt/freesurfer/average/colortable_BA.txt --l lh.BA1_exvivo.label --l lh.BA2_exvivo.label --l lh.BA3a_exvivo.label --l lh.BA3b_exvivo.label --l lh.BA4a_exvivo.label --l lh.BA4p_exvivo.label --l lh.BA6_exvivo.label --l lh.BA44_exvivo.label --l lh.BA45_exvivo.label --l lh.V1_exvivo.label --l lh.V2_exvivo.label --l lh.MT_exvivo.label --l lh.perirhinal_exvivo.label --l lh.entorhinal_exvivo.label --a BA_exvivo --maxstatwinner --noverbose 
sysname  Linux
hostname dna044
machine  x86_64
user     oesteban

subject sub-v2s18x29506_ses-1
hemi    lh
SUBJECTS_DIR /out/sourcedata/freesurfer
ColorTable /opt/freesurfer/average/colortable_BA.txt
AnnotName  BA_exvivo
nlables 14
LabelThresh 0 0.000000
Loading /out/sourcedata/freesurfer/sub-v2s18x29506_ses-1/surf/lh.orig
 1 1530880 BA1_exvivo
 2 16749699 BA2_exvivo
 3 16711680 BA3a_exvivo
 4 3368703 BA3b_exvivo
 5 1376196 BA4a_exvivo
 6 13382655 BA4p_exvivo
 7 10036737 BA6_exvivo
 8 2490521 BA44_exvivo
 9 39283 BA45_exvivo
10 3993 V1_exvivo
11 8508928 V2_exvivo
12 10027163 MT_exvivo
13 16422433 perirhinal_exvivo
14 16392598 entorhinal_exvivo
Mapping unhit to unknown
Found 121160 unhit vertices
Writing annot to /out/sourcedata/freesurfer/sub-v2s18x29506_ses-1/label/lh.BA_exvivo.annot

 mris_label2annot --s sub-v2s18x29506_ses-1 --hemi lh --ctab /opt/freesurfer/average/colortable_BA.txt --l lh.BA1_exvivo.thresh.label --l lh.BA2_exvivo.thresh.label --l lh.BA3a_exvivo.thresh.label --l lh.BA3b_exvivo.thresh.label --l lh.BA4a_exvivo.thresh.label --l lh.BA4p_exvivo.thresh.label --l lh.BA6_exvivo.thresh.label --l lh.BA44_exvivo.thresh.label --l lh.BA45_exvivo.thresh.label --l lh.V1_exvivo.thresh.label --l lh.V2_exvivo.thresh.label --l lh.MT_exvivo.thresh.label --l lh.perirhinal_exvivo.thresh.label --l lh.entorhinal_exvivo.thresh.label --a BA_exvivo.thresh --maxstatwinner --noverbose 

Reading ctab /opt/freesurfer/average/colortable_BA.txt
Number of ctab entries 15

7.3.2
cwd /out/sourcedata/freesurfer/sub-v2s18x29506_ses-1/label
cmdline mris_label2annot --s sub-v2s18x29506_ses-1 --hemi lh --ctab /opt/freesurfer/average/colortable_BA.txt --l lh.BA1_exvivo.thresh.label --l lh.BA2_exvivo.thresh.label --l lh.BA3a_exvivo.thresh.label --l lh.BA3b_exvivo.thresh.label --l lh.BA4a_exvivo.thresh.label --l lh.BA4p_exvivo.thresh.label --l lh.BA6_exvivo.thresh.label --l lh.BA44_exvivo.thresh.label --l lh.BA45_exvivo.thresh.label --l lh.V1_exvivo.thresh.label --l lh.V2_exvivo.thresh.label --l lh.MT_exvivo.thresh.label --l lh.perirhinal_exvivo.thresh.label --l lh.entorhinal_exvivo.thresh.label --a BA_exvivo.thresh --maxstatwinner --noverbose 
sysname  Linux
hostname dna044
machine  x86_64
user     oesteban

subject sub-v2s18x29506_ses-1
hemi    lh
SUBJECTS_DIR /out/sourcedata/freesurfer
ColorTable /opt/freesurfer/average/colortable_BA.txt
AnnotName  BA_exvivo.thresh
nlables 14
LabelThresh 0 0.000000
Loading /out/sourcedata/freesurfer/sub-v2s18x29506_ses-1/surf/lh.orig
 1 1530880 BA1_exvivo
 2 16749699 BA2_exvivo
 3 16711680 BA3a_exvivo
 4 3368703 BA3b_exvivo
 5 1376196 BA4a_exvivo
 6 13382655 BA4p_exvivo
 7 10036737 BA6_exvivo
 8 2490521 BA44_exvivo
 9 39283 BA45_exvivo
10 3993 V1_exvivo
11 8508928 V2_exvivo
12 10027163 MT_exvivo
13 16422433 perirhinal_exvivo
14 16392598 entorhinal_exvivo
Mapping unhit to unknown
Found 143736 unhit vertices
Writing annot to /out/sourcedata/freesurfer/sub-v2s18x29506_ses-1/label/lh.BA_exvivo.thresh.annot

 mris_anatomical_stats -th3 -mgz -noglobal -f ../stats/lh.BA_exvivo.stats -b -a ./lh.BA_exvivo.annot -c ./BA_exvivo.ctab sub-v2s18x29506_ses-1 lh white 

computing statistics for each annotation in ./lh.BA_exvivo.annot.
reading volume /out/sourcedata/freesurfer/sub-v2s18x29506_ses-1/mri/wm.mgz...
reading input surface /out/sourcedata/freesurfer/sub-v2s18x29506_ses-1/surf/lh.white...
reading input pial surface /out/sourcedata/freesurfer/sub-v2s18x29506_ses-1/surf/lh.pial...
reading input white surface /out/sourcedata/freesurfer/sub-v2s18x29506_ses-1/surf/lh.white...
INFO: using TH3 volume calc
INFO: assuming MGZ format for volumes.
INFO: not computing global stats
Using TH3 vertex volume calc
Total face volume 341842
Total vertex volume 341572 (mask=0)
Saving annotation colortable ./BA_exvivo.ctab

table columns are:
    number of vertices
    total surface area (mm^2)
    total gray matter volume (mm^3)
    average cortical thickness +- standard deviation (mm)
    integrated rectified mean curvature
    integrated rectified Gaussian curvature
    folding index
    intrinsic curvature index
    structure name

 1354    897   2597  2.196 0.724     0.130     0.033       18     1.9  BA1_exvivo
 4017   2696   6306  2.406 0.478     0.105     0.020       27     3.4  BA2_exvivo
 1141    743   1176  2.140 0.584     0.120     0.025        8     1.1  BA3a_exvivo
 2466   1684   4286  2.143 0.772     0.092     0.017       18     1.7  BA3b_exvivo
 2206   1387   4329  2.803 0.523     0.100     0.026       15     2.1  BA4a_exvivo
 1457    964   2435  2.676 0.536     0.101     0.022        9     1.4  BA4p_exvivo
12578   8375  29326  2.959 0.598     0.108     0.023      103    11.2  BA6_exvivo
 3768   2612   8815  2.834 0.569     0.111     0.021       40     3.0  BA44_exvivo
 4856   3330   9363  2.429 0.671     0.111     0.022       47     4.4  BA45_exvivo
 4752   3429   6838  1.921 0.531     0.143     0.040       60     8.2  V1_exvivo
10738   7544  18004  2.214 0.558     0.136     0.031      128    13.9  V2_exvivo
 3178   2197   5859  2.416 0.476     0.110     0.021       33     2.4  MT_exvivo
  873    574   1909  2.832 0.721     0.087     0.018        5     0.6  perirhinal_exvivo
  728    443   2420  3.295 1.142     0.104     0.025        6     0.7  entorhinal_exvivo

 mris_anatomical_stats -th3 -mgz -f ../stats/lh.BA_exvivo.thresh.stats -noglobal -b -a ./lh.BA_exvivo.thresh.annot -c ./BA_exvivo.thresh.ctab sub-v2s18x29506_ses-1 lh white 

computing statistics for each annotation in ./lh.BA_exvivo.thresh.annot.
reading volume /out/sourcedata/freesurfer/sub-v2s18x29506_ses-1/mri/wm.mgz...
reading input surface /out/sourcedata/freesurfer/sub-v2s18x29506_ses-1/surf/lh.white...
reading input pial surface /out/sourcedata/freesurfer/sub-v2s18x29506_ses-1/surf/lh.pial...
reading input white surface /out/sourcedata/freesurfer/sub-v2s18x29506_ses-1/surf/lh.white...
INFO: using TH3 volume calc
INFO: assuming MGZ format for volumes.
INFO: not computing global stats
Using TH3 vertex volume calc
Total face volume 341842
Total vertex volume 341572 (mask=0)
Saving annotation colortable ./BA_exvivo.thresh.ctab

table columns are:
    number of vertices
    total surface area (mm^2)
    total gray matter volume (mm^3)
    average cortical thickness +- standard deviation (mm)
    integrated rectified mean curvature
    integrated rectified Gaussian curvature
    folding index
    intrinsic curvature index
    structure name

  938    630   1653  2.048 0.620     0.132     0.033       13     1.3  BA1_exvivo
 1594   1062   2468  2.279 0.435     0.099     0.016       11     1.1  BA2_exvivo
  900    583    839  2.035 0.479     0.124     0.027        7     0.9  BA3a_exvivo
 1497   1000   1685  1.646 0.345     0.071     0.010        5     0.7  BA3b_exvivo
 2137   1344   3971  2.735 0.503     0.101     0.026       14     2.2  BA4a_exvivo
 1162    775   1817  2.616 0.498     0.094     0.021        6     1.0  BA4p_exvivo
 6921   4503  15628  2.950 0.603     0.105     0.023       55     6.1  BA6_exvivo
 2457   1702   5628  2.785 0.527     0.112     0.023       27     2.1  BA44_exvivo
 2049   1424   4110  2.411 0.693     0.110     0.021       20     1.8  BA45_exvivo
 5033   3641   7383  1.942 0.534     0.141     0.038       61     8.4  V1_exvivo
 5228   3681   8603  2.147 0.574     0.140     0.033       66     7.2  V2_exvivo
  827    602   1710  2.513 0.374     0.106     0.020        8     0.5  MT_exvivo
  353    234    745  2.914 0.545     0.073     0.011        1     0.2  perirhinal_exvivo
  440    281   1544  3.569 0.697     0.095     0.021        2     0.3  entorhinal_exvivo

Started at Wed Mar 11 16:19:35 CET 2026 
Ended   at Wed Mar 11 16:23:41 CET 2026
#@#%# recon-all-run-time-hours 0.068
recon-all -s sub-v2s18x29506_ses-1 finished without error at Wed Mar 11 16:23:41 CET 2026
