#!ascii label  , from subject sub-v2s18x29502_ses-1 vox2ras=TkReg
4932
84703  36.539  21.206  34.594 0.2000000030
83356  36.976  19.478  35.251 0.3000000119
83368  37.299  19.817  34.403 0.2000000030
84084  37.024  20.622  34.053 0.2000000030
82605  37.515  18.837  35.588 0.2000000030
82616  37.683  19.131  34.756 0.3000000119
82615  38.387  19.008  34.324 0.3000000119
106926  38.711  18.381  36.302 0.3000000119
82603  39.309  18.403  35.495 0.3000000119
82624  39.081  19.012  33.849 0.2000000030
82563  40.485  18.244  37.951 0.4000000060
82588  39.587  18.246  36.583 0.3000000119
82587  40.384  18.149  36.917 0.4000000060
82602  40.264  18.260  35.725 0.3000000119
82614  39.126  18.658  34.569 0.4000000060
109291  39.841  18.469  34.868 0.3000000119
81795  41.464  17.450  38.710 0.5000000000
81816  40.922  17.987  38.324 0.5000000000
122793  40.933  18.160  36.322 0.5000000000
120289  42.229  16.102  38.661 0.4000000060
81067  42.095  16.827  38.971 0.5000000000
81815  41.731  17.847  38.317 0.5000000000
82601  41.650  18.132  36.351 0.5000000000
109284  41.159  18.270  35.477 0.5000000000
80333  43.047  15.574  37.592 0.4000000060
80319  42.638  15.796  38.308 0.4000000060
122075  42.177  17.387  38.779 0.5000000000
81828  42.097  18.075  37.446 0.5000000000
106963  41.991  18.258  35.386 0.4000000060
80347  43.713  15.649  35.610 0.4000000060
80318  43.537  16.006  38.505 0.5000000000
112625  43.000  17.143  39.042 0.5000000000
81814  42.569  17.733  38.431 0.5000000000
81832  42.470  18.108  36.318 0.5000000000
109292  44.161  15.645  34.758 0.5000000000
80346  44.235  15.787  36.734 0.4000000060
81066  43.751  16.696  39.068 0.5000000000
81813  43.523  17.731  38.499 0.5000000000
110137  42.928  18.077  37.453 0.5000000000
78968  45.661  13.272  28.891 0.8000000119
78962  45.769  13.123  30.883 0.8999999762
78960  45.890  12.892  31.842 0.8000000119
79663  45.336  13.861  32.817 0.6000000238
80358  44.733  15.460  34.110 0.6000000238
124643  44.419  15.796  35.630 0.5000000000
80317  44.338  15.951  38.105 0.5000000000
121432  44.294  16.407  38.788 0.5000000000
116854  44.269  17.463  38.874 0.5000000000
78967  46.371  13.581  28.495 0.8000000119
78963  46.291  13.664  29.395 0.8999999762
78959  46.369  13.455  31.367 0.8000000119
79662  46.165  13.755  32.807 0.8000000119
80366  45.336  15.177  33.733 0.6999999881
107343  44.943  15.819  35.064 0.5000000000
81104  45.044  16.014  37.496 0.5000000000
81086  45.171  16.425  38.634 0.5000000000
122285  43.628  18.122  37.351 0.5000000000
78288  46.238  12.678  26.330 0.6999999881
78280  45.945  12.956  27.158 0.8000000119
79671  46.926  13.828  31.804 0.8000000119
79650  46.611  14.379  33.255 0.6999999881
80356  46.598  15.637  34.760 0.6000000238
81112  45.615  16.145  36.792 0.5000000000
81827  44.384  18.082  37.960 0.5000000000
78975  46.528  13.432  27.629 0.8000000119
79676  46.868  14.022  30.865 0.8999999762
79661  46.847  13.898  32.622 0.8000000119
80364  47.196  14.970  33.847 0.6999999881
81111  46.332  16.240  36.767 0.5000000000
81085  46.254  16.686  38.715 0.5000000000
81064  45.729  16.910  39.158 0.5000000000
81812  45.006  17.532  38.855 0.5000000000
78996  47.013  12.948  25.952 0.6999999881
79684  46.941  14.050  29.003 0.8999999762
79680  46.868  14.098  29.914 0.8999999762
79649  47.411  14.313  33.069 0.8999999762
78987  46.746  13.224  26.773 0.8000000119
78966  47.114  13.880  28.138 0.8999999762
79670  47.442  14.370  31.347 0.8000000119
80344  46.666  16.084  35.818 0.6000000238
81102  46.751  16.430  37.956 0.5000000000
124608  45.700  17.625  38.685 0.5000000000
76110  47.794  8.964  21.338 0.6000000238
76837  48.071  10.570  22.203 0.6999999881
77553  47.258  11.469  24.183 0.6999999881
78297  47.337  12.627  25.205 0.6999999881
78986  47.555  13.449  26.431 0.6999999881
79689  47.860  14.226  27.773 0.8999999762
79679  47.485  14.497  29.524 0.8999999762
79669  47.976  14.887  30.937 0.8999999762
79648  48.083  14.519  32.719 0.8999999762
111278  47.379  15.883  35.492 0.5000000000
81084  47.149  16.817  38.781 0.5000000000
76844  47.894  9.828  21.752 0.6999999881
77568  48.200  11.230  22.681 0.6999999881
78313  47.973  11.978  23.768 0.6999999881
78995  47.794  13.184  25.640 0.6999999881
78974  47.328  13.684  27.275 0.8000000119
79683  47.619  14.396  28.646 0.8000000119
79675  47.425  14.503  30.427 0.8999999762
108502  48.004  15.192  34.204 0.6000000238
81110  47.275  16.315  36.773 0.5000000000
76109  48.161  9.694  20.974 0.6999999881
77561  47.761  11.276  23.382 0.6999999881
79007  48.036  12.928  24.869 0.6999999881
78985  48.337  13.686  26.100 0.6999999881
79700  48.119  13.967  26.912 0.8999999762
79674  48.004  14.942  30.037 0.8999999762
79659  48.055  14.647  31.851 0.8999999762
80343  48.113  15.612  35.048 0.5000000000
78304  48.317  12.639  24.115 0.6999999881
79688  48.699  14.636  27.383 0.8999999762
79678  48.114  14.868  29.159 0.8000000119
80363  48.681  14.858  33.179 0.8000000119
80354  48.723  15.300  34.489 0.6000000238
76843  48.304  10.497  21.416 0.6999999881
78320  48.762  11.969  22.549 0.6999999881
79013  48.977  12.982  23.719 0.6999999881
78994  48.495  13.497  25.282 0.6999999881
79699  48.854  14.262  26.506 0.8000000119
79682  48.302  14.747  28.298 0.8000000119
80385  48.741  15.280  28.753 0.8000000119
80381  48.630  15.386  29.626 0.8999999762
80375  48.563  15.232  31.444 0.8999999762
111415  48.557  11.304  21.847 0.6999999881
78312  48.593  12.336  23.365 0.6999999881
79006  48.723  13.261  24.498 0.6999999881
79708  48.996  14.057  25.712 0.6000000238
78319  49.327  12.557  22.077 0.6999999881
78993  49.168  13.895  24.892 0.6000000238
79698  49.344  14.899  26.730 0.8000000119
80388  49.365  15.297  27.455 0.8000000119
80389  48.874  15.149  28.010 0.8000000119
78326  49.362  12.350  21.156 0.6999999881
79012  49.574  13.394  23.293 0.6000000238
79005  49.430  13.578  24.115 0.6000000238
79707  49.737  14.583  25.379 0.6000000238
108686  49.382  14.552  26.107 0.8000000119
106746  49.905  15.476  26.824 0.8000000119
79019  49.667  13.282  22.430 0.6000000238
79716  49.874  14.197  24.502 0.6999999881
79027  49.766  13.146  21.554 0.6000000238
79011  50.131  13.876  22.856 0.6000000238
79732  50.602  14.436  22.328 0.6000000238
85379  36.538  22.030  34.716 0.2000000030
83378  37.718  20.121  33.650 0.2000000030
82623  39.933  18.715  34.056 0.2000000030
82613  40.602  18.456  34.736 0.3000000119
78976  45.762  13.155  28.016 0.8000000119
82585  43.261  18.131  36.307 0.4000000060
78306  47.028  12.078  24.810 0.6999999881
82562  45.314  18.164  37.971 0.5000000000
76100  47.479  9.102  22.078 0.6000000238
75331  47.922  8.092  21.013 0.5000000000
76838  47.662  10.617  22.921 0.6999999881
119088  48.091  8.797  20.531 0.6000000238
124193  47.563  9.917  22.482 0.6999999881
81063  46.749  16.945  39.017 0.5000000000
81101  47.564  16.595  38.118 0.6000000238
81062  47.499  16.985  39.011 0.6000000238
80342  48.996  15.738  35.420 0.5000000000
81109  48.217  16.152  36.241 0.5000000000
76118  48.336  9.564  20.107 0.6999999881
110944  48.607  11.138  20.952 0.6999999881
80374  49.206  15.482  31.949 0.8999999762
77574  48.898  11.703  21.244 0.6999999881
80377  49.150  15.739  31.075 0.8999999762
107726  49.390  15.569  28.234 0.8000000119
77580  48.955  11.753  20.541 0.6999999881
79715  50.415  14.799  24.791 0.6999999881
121651  50.410  15.476  26.303 0.8000000119
79018  50.142  13.832  21.933 0.6000000238
107767  50.990  15.246  24.889 0.6999999881
79723  50.662  14.521  23.381 0.6999999881
79731  51.151  14.988  22.679 0.6999999881
79740  50.690  14.305  21.406 0.6000000238
86006  36.757  23.235  35.199 0.2000000030
107977  36.604  21.926  34.080 0.2000000030
83377  38.406  19.513  33.715 0.2000000030
84082  38.451  20.167  33.212 0.2000000030
82612  41.481  18.464  34.606 0.3000000119
82611  42.347  18.478  34.523 0.3000000119
82584  44.060  18.251  36.474 0.5000000000
82583  44.924  18.361  36.702 0.5000000000
74531  48.538  7.076  19.828 0.6000000238
74520  48.301  7.337  20.807 0.5000000000
81811  46.403  17.349  38.877 0.5000000000
115077  49.085  6.570  19.893 0.6000000238
73705  48.906  6.775  19.182 0.6000000238
108332  49.021  16.270  36.473 0.5000000000
107157  48.251  16.812  38.393 0.6000000238
74540  48.566  7.313  18.849 0.6000000238
75351  48.332  7.757  19.452 0.6000000238
80370  50.078  15.719  33.246 0.6999999881
80362  49.270  15.243  33.780 0.6999999881
118508  48.273  8.611  19.595 0.6000000238
76850  48.436  10.397  20.552 0.6999999881
81130  49.820  15.997  31.638 0.8999999762
117419  48.358  8.780  18.842 0.6000000238
81138  49.940  16.329  29.858 0.8999999762
80380  49.222  15.873  30.154 0.8999999762
76125  48.411  9.487  19.225 0.6000000238
76856  48.513  10.316  19.684 0.6000000238
77581  48.648  11.085  20.113 0.6999999881
80383  49.919  16.010  28.446 0.8000000119
80384  49.423  15.826  29.150 0.8000000119
80397  50.645  15.875  26.845 0.8000000119
80387  50.092  15.868  27.638 0.8000000119
77588  48.910  11.767  19.672 0.5000000000
78332  49.380  12.402  20.126 0.6000000238
79034  49.824  13.062  20.610 0.6000000238
80428  51.334  15.207  23.585 0.6999999881
77594  48.581  11.017  18.289 0.5000000000
78340  49.286  12.408  19.169 0.5000000000
79041  49.801  13.160  19.523 0.5000000000
79026  50.304  13.655  21.041 0.6000000238
114131  51.681  15.464  22.919 0.6999999881
78347  49.122  12.443  18.202 0.5000000000
119225  49.628  13.028  18.558 0.5000000000
79033  50.326  13.668  20.117 0.5000000000
79748  50.782  14.235  20.492 0.6000000238
79739  51.149  14.897  21.748 0.6000000238
79040  50.437  13.933  19.178 0.5000000000
117955  50.804  14.274  19.672 0.5000000000
79747  51.311  14.780  20.765 0.6000000238
80443  51.839  15.341  21.104 0.6999999881
79757  51.407  14.700  18.587 0.5000000000
79756  51.451  14.786  19.677 0.5000000000
86628  36.622  24.003  35.545 0.2000000030
120374  36.603  22.875  34.704 0.2000000030
84713  36.874  21.462  33.739 0.2000000030
86014  36.307  23.387  34.167 0.2000000030
85384  36.524  22.644  34.064 0.2000000030
84083  37.421  20.964  33.369 0.2000000030
85392  36.794  22.362  33.413 0.2000000030
83376  39.122  19.641  33.328 0.2000000030
128460  37.935  20.646  33.091 0.2000000030
84094  38.473  20.836  32.735 0.2000000030
118222  39.692  19.232  33.496 0.2000000030
84093  39.166  20.317  32.863 0.2000000030
82622  40.937  18.711  33.960 0.3000000119
83389  39.927  19.785  32.938 0.2000000030
83375  40.449  19.204  33.432 0.3000000119
82621  41.847  18.752  33.876 0.3000000119
83388  40.854  19.728  32.891 0.3000000119
83373  42.224  19.284  33.326 0.3000000119
82600  42.823  18.227  35.332 0.4000000060
82620  42.732  18.812  33.805 0.3000000119
82599  43.651  18.353  35.402 0.4000000060
82609  44.084  18.703  34.666 0.3000000119
82598  44.527  18.489  35.548 0.5000000000
82582  45.812  18.392  36.831 0.4000000060
82561  46.119  18.114  38.101 0.5000000000
73704  49.680  6.617  19.100 0.5000000000
82558  48.740  17.374  38.432 0.6000000238
82559  47.814  17.350  38.685 0.6000000238
82560  46.963  17.800  38.324 0.6000000238
73712  50.716  6.905  18.733 0.5000000000
81809  48.172  17.016  38.799 0.6000000238
107282  51.962  7.602  17.531 0.5000000000
73713  50.060  6.951  18.119 0.5000000000
81099  49.606  16.709  37.269 0.6000000238
74551  51.072  7.338  17.822 0.5000000000
73714  49.142  6.995  18.387 0.6000000238
75361  48.342  8.073  18.831 0.6999999881
81108  49.618  16.305  36.069 0.6000000238
81117  49.842  15.913  35.151 0.5000000000
80353  49.371  15.500  34.601 0.5000000000
126925  48.746  7.381  18.273 0.6000000238
80352  50.003  15.704  34.251 0.5000000000
81124  50.476  16.175  32.347 0.8999999762
74553  48.510  7.818  18.014 0.5000000000
81129  50.596  16.465  31.371 0.8999999762
81134  49.829  16.239  30.746 0.8000000119
73723  49.660  7.303  17.431 0.5000000000
116316  48.359  8.480  18.266 0.6000000238
81133  50.600  16.562  30.414 0.8999999762
81142  50.229  16.305  29.032 0.8000000119
76132  48.345  9.308  18.237 0.6000000238
76862  48.504  10.238  18.780 0.6000000238
81145  50.981  16.340  27.506 0.8999999762
74564  48.679  7.936  16.865 0.5000000000
75369  48.376  8.580  17.314 0.6000000238
77589  48.634  11.052  19.237 0.6000000238
80396  51.085  15.751  26.161 0.8000000119
75373  48.715  8.637  16.005 0.6000000238
118803  48.426  10.195  17.772 0.6000000238
80418  51.533  15.491  24.435 0.6999999881
76137  48.335  9.460  17.283 0.6000000238
76874  48.452  10.233  16.353 0.6000000238
77593  48.801  11.780  18.728 0.5000000000
80436  51.700  15.403  22.106 0.6999999881
80427  52.137  15.840  23.659 0.6999999881
78348  48.696  11.831  17.535 0.5000000000
81186  53.194  16.322  22.010 0.8000000119
77600  48.607  11.401  16.237 0.5000000000
80451  52.117  15.375  19.896 0.6000000238
81194  53.364  16.418  20.798 0.8000000119
112674  48.770  10.282  14.835 0.5000000000
78361  48.896  12.385  16.185 0.5000000000
115726  49.538  13.059  17.572 0.5000000000
79046  50.683  14.200  18.175 0.5000000000
79763  52.572  15.454  17.407 0.5000000000
80458  53.299  16.037  18.762 0.6000000238
120912  49.086  12.015  14.672 0.5000000000
78353  49.458  13.078  16.354 0.5000000000
79051  50.164  13.705  16.731 0.5000000000
79771  51.856  15.083  16.152 0.5000000000
79058  50.273  13.730  15.367 0.5000000000
79057  51.015  14.399  15.855 0.5000000000
75387  49.112  9.632  13.413 0.4000000060
76154  48.869  10.174  13.295 0.4000000060
87212  36.400  24.966  36.788 0.2000000030
120788  36.912  27.384  38.217 0.1000000015
87742  35.949  26.235  37.576 0.1000000015
86625  36.211  24.637  36.156 0.2000000030
125099  36.334  23.534  34.683 0.2000000030
87743  35.432  26.190  36.945 0.1000000015
87213  35.658  25.407  36.397 0.1000000015
86015  35.923  24.004  34.381 0.2000000030
86635  35.662  24.747  34.797 0.2000000030
86642  35.840  24.435  33.982 0.2000000030
86022  36.478  23.288  33.470 0.2000000030
84712  37.305  21.754  33.089 0.2000000030
84726  37.840  21.277  32.783 0.2000000030
86641  36.302  24.109  33.378 0.2000000030
86034  37.339  23.266  32.489 0.2000000030
85404  37.978  22.621  32.137 0.2000000030
84725  38.450  21.668  32.274 0.2000000030
85413  38.846  22.405  31.812 0.2000000030
126893  39.773  20.491  32.590 0.2000000030
84721  42.316  21.352  32.173 0.2000000030
84091  42.147  20.447  32.507 0.3000000119
121138  40.837  20.841  32.323 0.3000000119
84092  40.459  20.343  32.573 0.3000000119
122253  42.751  20.243  32.568 0.3000000119
112375  41.255  20.323  32.546 0.3000000119
84090  44.327  20.509  32.801 0.3000000119
83385  43.368  20.127  32.691 0.3000000119
83386  42.570  19.810  32.777 0.3000000119
128758  44.938  19.659  33.775 0.3000000119
84081  44.142  19.683  33.352 0.3000000119
83372  43.115  19.385  33.216 0.3000000119
83371  45.631  19.850  33.756 0.4000000060
83365  45.372  19.378  34.288 0.3000000119
83366  44.525  19.211  34.128 0.3000000119
82619  43.633  18.993  33.888 0.3000000119
111571  46.578  19.184  35.006 0.4000000060
82596  46.394  18.681  35.831 0.4000000060
82607  45.849  19.011  34.936 0.4000000060
82597  45.426  18.580  35.689 0.4000000060
82595  47.311  18.640  36.407 0.6000000238
82581  46.693  18.357  37.152 0.5000000000
112187  48.346  17.916  38.122 0.6000000238
82580  47.567  18.158  37.689 0.6000000238
82556  50.642  17.786  38.188 0.6000000238
81808  50.145  17.345  37.982 0.6000000238
81097  51.203  17.060  36.908 0.6000000238
81098  50.424  16.891  37.202 0.6000000238
81116  50.645  16.221  34.893 0.6000000238
81836  52.255  17.145  35.360 0.6999999881
81115  51.441  16.647  34.574 0.6000000238
110290  50.825  16.208  33.137 0.8000000119
81841  52.266  17.095  34.217 0.6999999881
81123  51.391  16.610  32.572 0.8999999762
126092  50.968  16.507  31.981 0.8999999762
81119  52.396  17.087  33.157 0.8000000119
81128  51.552  16.825  31.592 0.8999999762
118868  51.237  16.794  30.834 0.8999999762
81137  50.748  16.583  29.589 0.8999999762
115415  49.413  7.632  16.538 0.5000000000
114423  53.152  17.298  31.106 0.6999999881
81132  51.425  16.823  30.095 0.8999999762
81136  51.546  16.809  29.268 0.8999999762
81140  51.523  16.725  28.325 0.8999999762
81862  53.346  17.272  29.561 0.8999999762
81135  52.450  17.067  28.964 0.8999999762
81139  52.533  17.071  28.107 0.8999999762
81150  51.374  16.243  26.771 0.8000000119
74575  49.471  8.165  15.491 0.5000000000
81875  53.546  17.332  27.892 0.8999999762
81148  52.638  16.689  26.281 0.8999999762
81160  52.202  16.258  25.561 0.8999999762
76141  48.786  9.524  15.290 0.6000000238
81159  52.981  16.634  25.324 0.8999999762
126771  52.936  16.468  24.696 0.8999999762
74583  49.892  8.025  14.502 0.5000000000
75378  49.593  8.802  14.150 0.5000000000
76144  49.317  9.869  13.843 0.6000000238
76879  49.123  10.601  13.633 0.5000000000
126314  53.316  15.833  17.264 0.5000000000
81212  53.880  16.743  18.113 0.8000000119
81233  52.376  16.299  16.461 0.6000000238
77613  49.026  11.422  13.551 0.5000000000
78360  49.663  12.988  14.679 0.5000000000
79770  52.546  15.707  16.447 0.5000000000
80473  53.245  16.124  16.926 0.5000000000
76149  49.077  10.254  13.369 0.5000000000
76884  49.050  10.753  13.180 0.5000000000
76889  49.101  10.735  13.148 0.4000000060
77620  48.954  11.092  13.337 0.5000000000
78367  49.768  13.250  13.923 0.5000000000
79065  50.245  13.783  14.268 0.5000000000
79779  51.655  15.133  15.219 0.5000000000
80483  52.086  15.981  15.405 0.5000000000
80484  51.582  15.950  15.078 0.5000000000
120087  36.113  27.682  37.975 0.1000000015
87215  35.478  25.510  35.552 0.1000000015
121568  36.741  23.706  32.836 0.2000000030
84722  41.516  21.054  32.253 0.2000000030
116839  40.864  21.510  32.051 0.2000000030
86032  38.874  23.861  31.819 0.2000000030
128202  42.456  22.054  31.848 0.3000000119
84731  41.684  21.947  31.839 0.2000000030
85412  40.192  22.654  31.647 0.2000000030
85401  44.309  22.370  32.221 0.3000000119
85402  43.603  22.508  31.965 0.3000000119
84720  43.110  21.736  32.108 0.3000000119
106563  42.903  20.788  32.395 0.3000000119
121190  44.930  22.181  32.405 0.3000000119
121714  44.525  21.484  32.513 0.3000000119
84719  45.418  21.666  32.661 0.3000000119
84079  45.783  20.445  33.346 0.3000000119
84078  46.535  20.673  33.471 0.4000000060
83370  46.259  20.087  33.717 0.4000000060
83364  46.286  19.597  34.297 0.4000000060
83355  47.096  19.043  35.474 0.4000000060
84070  46.944  20.142  33.961 0.4000000060
83363  47.280  19.587  34.729 0.4000000060
83354  47.987  19.123  35.728 0.4000000060
82594  48.197  18.486  37.046 0.6000000238
83343  50.508  18.825  37.146 0.6000000238
82578  50.196  18.191  37.943 0.6000000238
82577  51.094  18.192  37.963 0.6000000238
81826  50.968  17.447  37.848 0.6000000238
81831  52.160  17.326  36.620 0.6000000238
81106  51.345  16.794  35.697 0.6000000238
81845  54.017  17.504  32.471 0.6999999881
81849  53.178  17.300  31.886 0.6999999881
81848  54.366  17.484  31.512 0.6999999881
81856  53.172  17.291  30.314 0.8999999762
81861  54.435  17.409  29.461 0.8999999762
113964  55.359  17.611  29.428 0.8000000119
81874  54.631  17.522  27.521 0.8999999762
81885  54.555  17.467  26.618 0.8999999762
121032  53.862  17.081  25.347 0.8999999762
81158  53.682  16.830  24.620 0.8999999762
81167  53.994  16.913  23.604 0.8999999762
81932  54.869  17.463  22.905 0.8999999762
81185  54.072  16.965  21.315 0.8999999762
81976  54.243  17.756  18.906 0.8000000119
81223  53.989  17.180  18.287 0.8000000119
81990  53.207  17.343  18.190 0.6999999881
85411  41.427  22.777  31.589 0.3000000119
86045  39.430  23.114  31.660 0.2000000030
86033  38.047  23.604  32.089 0.2000000030
123644  45.529  23.186  32.291 0.2000000030
85400  45.546  22.483  32.472 0.3000000119
86030  44.897  22.883  32.188 0.3000000119
86031  43.227  23.272  31.691 0.3000000119
85410  42.177  22.665  31.598 0.3000000119
86043  41.147  23.478  31.591 0.3000000119
112805  39.265  24.736  31.964 0.2000000030
85398  47.331  23.197  32.833 0.3000000119
85399  46.351  22.952  32.556 0.3000000119
123550  42.566  23.189  31.574 0.3000000119
86666  41.584  24.124  31.620 0.3000000119
86656  40.172  24.842  31.791 0.2000000030
87249  38.780  25.510  32.407 0.1000000015
85391  47.052  22.321  33.048 0.3000000119
84718  46.210  21.988  32.800 0.3000000119
84710  46.798  21.459  33.252 0.3000000119
84709  47.636  21.712  33.493 0.3000000119
84077  47.305  20.903  33.710 0.3000000119
83362  48.292  19.827  34.856 0.5000000000
83352  49.929  19.898  35.454 0.5000000000
83353  49.071  19.421  35.687 0.5000000000
83351  51.917  19.810  36.338 0.6000000238
124028  50.744  19.557  36.294 0.6000000238
83344  49.604  18.785  36.882 0.5000000000
112940  54.133  19.468  36.500 0.5000000000
83341  53.645  19.046  37.058 0.6000000238
82576  52.104  18.159  37.675 0.6000000238
82592  54.786  18.652  35.521 0.6000000238
82593  53.792  17.980  36.804 0.6000000238
81830  53.198  17.584  36.226 0.6000000238
81824  52.944  17.889  37.219 0.6000000238
81834  55.047  18.150  34.652 0.6000000238
81835  53.252  17.442  34.945 0.6999999881
82626  55.403  18.336  32.893 0.5000000000
81838  55.121  17.984  33.576 0.6000000238
120503  54.580  17.710  33.207 0.6999999881
81840  53.110  17.374  33.929 0.6999999881
82628  55.510  18.196  31.857 0.5000000000
81844  55.080  17.878  32.401 0.6000000238
110796  53.567  17.448  33.247 0.6999999881
82631  55.624  18.513  30.396 0.6000000238
119722  55.769  18.109  30.920 0.6000000238
81847  55.372  17.826  31.280 0.6000000238
83399  54.517  19.292  30.397 0.6000000238
82637  55.856  18.398  29.582 0.6999999881
83415  55.887  18.824  27.704 0.6999999881
126616  56.249  17.965  27.683 0.6999999881
119840  55.518  17.664  27.077 0.8000000119
81901  54.651  17.428  25.786 0.8999999762
83425  54.036  19.444  27.774 0.6999999881
82671  55.347  19.333  26.399 0.6999999881
81883  56.172  18.190  25.951 0.8000000119
115520  54.690  17.393  24.977 0.8999999762
117680  54.481  19.276  26.009 0.8000000119
83442  56.022  19.157  24.740 0.8000000119
81930  56.052  18.699  23.909 0.8000000119
81931  55.681  18.053  23.390 0.8999999762
81965  54.857  18.369  20.292 0.8999999762
83495  51.394  20.001  19.792 0.8999999762
82697  55.135  19.451  24.637 0.8000000119
83449  56.038  19.092  23.918 0.8000000119
81944  55.781  18.634  23.065 0.8000000119
82739  55.104  19.015  20.870 0.8999999762
83509  53.636  19.773  19.646 0.8999999762
82709  54.640  19.376  23.903 0.8000000119
83455  55.600  19.364  23.912 0.8000000119
83464  55.575  19.118  22.564 0.8000000119
83476  55.181  19.280  21.659 0.8000000119
83465  55.209  19.366  22.419 0.8000000119
113223  44.989  23.774  32.051 0.2000000030
108337  44.118  23.283  31.908 0.2000000030
86640  49.623  24.910  33.459 0.2000000030
122579  45.932  23.799  32.300 0.2000000030
86665  42.539  23.973  31.599 0.2000000030
87248  39.682  25.562  32.163 0.2000000030
86018  51.282  24.259  34.115 0.2000000030
85388  50.330  23.092  33.949 0.2000000030
86021  48.055  23.453  33.057 0.2000000030
85390  48.038  22.633  33.288 0.3000000119
113452  42.902  24.849  31.665 0.2000000030
86654  41.985  24.835  31.702 0.2000000030
87247  40.560  25.616  32.045 0.2000000030
87777  40.007  26.434  32.382 0.2000000030
85389  49.088  22.770  33.631 0.2000000030
84708  48.546  21.907  33.695 0.3000000119
84076  48.104  21.137  33.965 0.3000000119
85383  50.951  22.388  34.462 0.4000000060
84701  49.850  21.414  34.473 0.3000000119
84702  48.941  21.312  34.155 0.3000000119
84068  48.552  20.597  34.414 0.3000000119
84061  50.957  20.452  35.537 0.4000000060
84067  49.958  20.630  34.880 0.4000000060
84059  53.902  21.119  35.525 0.4000000060
127594  51.856  20.520  35.718 0.6000000238
83360  54.568  20.377  34.674 0.5000000000
83350  53.775  20.034  36.323 0.5000000000
84060  52.872  20.591  35.848 0.5000000000
119736  53.074  19.672  36.666 0.5000000000
84058  54.300  20.256  35.711 0.6000000238
83349  54.485  19.300  35.994 0.6000000238
124427  44.023  18.109  27.326 0.6000000238
82668  43.503  18.551  27.682 0.6000000238
124206  54.610  20.210  33.538 0.4000000060
83359  55.137  19.401  34.246 0.6000000238
121212  55.243  18.781  34.747 0.6000000238
107313  46.931  18.424  29.116 0.6999999881
82666  45.186  18.054  28.200 0.6000000238
82667  44.650  18.011  27.766 0.6000000238
81893  44.061  17.992  26.599 0.6000000238
84086  53.637  20.244  32.604 0.4000000060
83369  55.248  19.099  33.298 0.5000000000
82618  55.313  18.556  33.915 0.6000000238
81869  46.931  18.122  28.264 0.6000000238
81870  45.927  18.014  28.229 0.6000000238
81880  45.458  17.817  27.539 0.6000000238
114670  45.334  17.563  26.011 0.6000000238
81908  45.003  17.664  25.276 0.6000000238
83381  54.666  19.652  32.621 0.5000000000
82652  47.702  18.364  28.816 0.6999999881
82665  47.936  18.097  27.947 0.6000000238
81878  47.396  17.775  27.347 0.6000000238
81891  46.883  17.535  26.514 0.6000000238
113726  46.137  17.477  25.993 0.6000000238
83392  52.672  19.570  31.292 0.4000000060
121193  53.681  19.774  31.989 0.5000000000
128206  54.705  19.399  31.927 0.5000000000
82664  48.615  18.113  27.741 0.6000000238
81877  48.245  17.807  27.253 0.6000000238
119946  47.775  17.446  25.976 0.6000000238
83400  53.402  19.451  30.636 0.6000000238
83409  54.220  19.389  29.464 0.6000000238
106616  49.240  18.295  27.917 0.6000000238
81888  49.486  17.828  26.724 0.6000000238
119562  49.319  17.539  25.942 0.6000000238
116622  48.587  17.423  25.554 0.6000000238
118032  53.145  19.356  29.037 0.6999999881
82675  50.114  18.121  26.881 0.6000000238
81903  50.760  17.883  25.656 0.6000000238
81919  50.451  17.711  24.770 0.6000000238
81920  49.656  17.573  24.637 0.6999999881
83417  54.090  19.446  28.626 0.6999999881
107220  52.076  18.517  26.316 0.6999999881
118070  51.275  18.245  26.207 0.6999999881
81933  51.588  18.227  23.929 0.8000000119
120085  50.794  18.096  23.474 0.8000000119
82686  53.248  18.806  25.936 0.6999999881
120562  52.346  18.479  25.495 0.6999999881
82711  52.428  18.607  23.275 0.8000000119
82712  51.532  18.503  22.843 0.8000000119
128236  52.098  19.566  21.315 0.8000000119
115438  50.889  19.698  20.613 0.8999999762
82685  54.236  19.170  25.267 0.8000000119
109676  53.057  18.651  24.871 0.6999999881
82699  52.443  18.499  24.155 0.8000000119
82710  53.385  19.012  22.786 0.8000000119
83477  53.932  20.011  20.661 0.8000000119
110218  53.414  18.809  23.836 0.8000000119
124628  54.204  19.233  23.248 0.8000000119
125652  52.072  25.912  33.878 0.2000000030
86639  50.989  25.068  33.855 0.2000000030
86013  51.760  23.586  34.375 0.3000000119
85382  52.618  23.176  34.608 0.4000000060
84699  52.249  22.146  34.934 0.4000000060
84066  51.987  21.165  35.357 0.4000000060
107586  53.674  22.865  34.776 0.3000000119
84695  53.306  21.761  35.236 0.3000000119
121384  54.024  22.273  34.862 0.3000000119
84706  54.237  22.935  33.948 0.4000000060
84073  54.350  21.372  34.099 0.5000000000
82655  44.604  18.456  28.476 0.6999999881
82656  43.834  18.760  28.314 0.6999999881
124600  54.177  22.088  33.787 0.4000000060
82653  46.216  18.351  28.954 0.6000000238
82645  45.059  18.904  29.172 0.5000000000
84075  53.077  21.959  33.286 0.4000000060
82642  47.432  18.651  29.643 0.5000000000
114176  52.462  20.512  32.751 0.4000000060
82651  48.581  18.315  28.394 0.6999999881
108873  49.388  18.461  28.673 0.5000000000
83382  52.400  19.888  32.154 0.4000000060
114248  53.298  19.398  29.874 0.6000000238
82662  50.607  18.433  27.400 0.6999999881
83401  51.653  19.209  30.487 0.5000000000
128463  52.598  19.364  30.342 0.5000000000
82661  51.451  18.705  27.749 0.6999999881
83426  53.071  19.319  28.256 0.6999999881
82660  52.989  19.163  27.485 0.6999999881
82648  52.220  19.024  28.001 0.6999999881
87760  52.259  26.404  33.282 0.2000000030
87229  52.620  25.736  33.610 0.2000000030
86638  52.419  25.344  34.121 0.2000000030
86637  53.195  25.150  34.070 0.2000000030
124517  52.659  24.625  34.342 0.2000000030
86012  53.431  24.585  34.212 0.3000000119
118640  52.976  24.092  34.486 0.3000000119
85381  53.772  23.879  34.315 0.3000000119
84698  54.105  23.143  34.355 0.3000000119
85386  53.989  23.836  34.037 0.3000000119
85395  52.488  22.858  33.143 0.3000000119
85387  53.793  23.251  33.701 0.3000000119
84715  51.573  21.907  32.861 0.3000000119
112589  47.018  19.707  30.494 0.5000000000
82643  46.505  18.806  29.629 0.5000000000
83413  45.260  19.567  29.511 0.5000000000
83396  48.100  20.027  31.273 0.5000000000
83405  47.655  19.532  30.712 0.5000000000
84087  51.250  20.941  32.665 0.4000000060
122146  49.274  19.142  30.894 0.5000000000
83404  48.488  19.311  30.879 0.5000000000
82633  48.982  18.731  30.297 0.5000000000
82640  49.615  18.585  29.540 0.5000000000
83383  51.316  20.054  32.234 0.4000000060
83394  50.527  19.708  31.719 0.5000000000
83403  49.871  19.385  31.242 0.5000000000
82632  49.986  18.842  30.388 0.5000000000
82650  50.278  18.599  28.799 0.5000000000
83412  50.855  18.853  30.181 0.5000000000
82639  50.546  18.686  29.537 0.5000000000
82638  51.081  18.724  28.885 0.6999999881
83410  52.261  19.164  29.508 0.6000000238
82649  51.606  18.820  28.421 0.6999999881
83418  52.314  19.086  28.677 0.6999999881
87237  52.507  26.230  33.103 0.2000000030
87253  51.779  26.393  32.486 0.2000000030
86662  51.709  25.381  32.356 0.2000000030
86646  52.857  25.488  33.184 0.2000000030
86644  53.485  24.776  34.042 0.2000000030
86026  53.093  24.668  33.311 0.2000000030
86017  53.719  24.415  34.081 0.3000000119
86038  50.771  24.165  32.140 0.2000000030
106591  52.176  23.619  32.810 0.3000000119
86025  53.595  24.540  33.866 0.3000000119
86027  52.011  24.479  32.579 0.2000000030
85394  53.391  23.935  33.510 0.3000000119
85396  50.959  22.460  32.606 0.3000000119
83407  45.801  19.932  29.941 0.5000000000
84716  50.647  21.564  32.546 0.3000000119
84717  49.895  21.758  32.304 0.3000000119
84100  47.348  20.235  30.883 0.5000000000
83406  46.452  19.465  30.115 0.5000000000
84102  45.773  20.784  30.119 0.3000000119
115758  50.055  20.991  32.328 0.3000000119
83395  49.039  19.827  31.479 0.5000000000
83384  50.337  20.300  32.176 0.4000000060
124525  49.798  19.932  31.792 0.5000000000
119365  50.762  25.629  31.771 0.2000000030
87254  50.690  26.375  31.688 0.2000000030
87255  49.532  25.475  31.262 0.2000000030
86663  49.837  24.448  31.615 0.2000000030
86028  50.835  23.375  32.369 0.3000000119
86039  49.843  23.360  31.933 0.2000000030
85407  49.226  22.677  31.847 0.2000000030
85397  49.887  22.553  32.202 0.3000000119
84101  46.527  20.313  30.449 0.5000000000
84737  45.886  21.627  30.165 0.3000000119
115308  49.207  21.207  32.031 0.3000000119
84096  48.641  20.619  31.650 0.4000000060
84729  48.385  21.509  31.601 0.5000000000
84730  47.652  21.453  31.236 0.5000000000
116028  47.050  21.057  30.884 0.3000000119
87257  49.673  26.326  31.144 0.2000000030
87785  49.357  26.806  30.710 0.2000000030
87786  48.674  26.548  29.987 0.2000000030
87261  48.314  25.715  29.681 0.2000000030
108309  48.125  25.198  27.932 0.2000000030
87273  47.888  24.625  27.327 0.2000000030
86685  47.418  24.237  26.624 0.2000000030
112727  48.716  25.092  30.796 0.2000000030
87259  48.228  25.094  30.235 0.2000000030
87262  47.816  25.012  29.386 0.2000000030
87265  47.733  24.822  28.328 0.2000000030
86694  47.604  24.394  25.838 0.2000000030
86708  46.978  24.556  25.560 0.2000000030
86664  48.924  24.660  31.141 0.2000000030
86670  48.275  24.485  30.696 0.2000000030
86677  47.256  24.231  27.727 0.2000000030
86695  46.759  24.054  26.188 0.2000000030
86040  48.592  23.911  31.185 0.2000000030
113400  48.954  23.271  31.568 0.2000000030
86041  48.023  23.020  31.214 0.2000000030
127755  47.495  22.502  30.910 0.2000000030
108522  47.363  23.111  30.602 0.2000000030
85416  46.947  22.488  30.508 0.3000000119
86054  46.243  23.317  29.342 0.3000000119
85423  45.134  22.651  28.764 0.3000000119
86057  45.371  23.103  27.927 0.2000000030
85408  48.558  22.419  31.599 0.2000000030
85409  47.866  22.126  31.281 0.2000000030
85417  46.172  22.523  30.034 0.3000000119
85421  44.830  22.009  29.300 0.3000000119
84728  49.133  21.994  31.980 0.2000000030
112626  48.986  24.870  26.452 0.2000000030
86684  48.289  24.543  26.317 0.2000000030
86693  48.271  24.640  25.449 0.2000000030
86707  47.627  24.722  25.311 0.2000000030
86671  47.568  24.426  30.067 0.2000000030
86674  47.234  24.335  29.009 0.2000000030
86709  46.279  24.426  25.898 0.2000000030
86686  46.694  23.823  27.089 0.2000000030
128711  47.173  24.093  29.699 0.2000000030
119336  44.868  24.294  26.439 0.2000000030
86048  47.794  23.790  30.701 0.2000000030
86050  46.736  23.194  30.086 0.2000000030
107663  45.804  23.236  28.563 0.2000000030
86064  45.281  23.328  27.135 0.2000000030
86075  45.471  23.767  26.500 0.2000000030
86049  47.198  23.755  30.151 0.2000000030
87286  49.019  24.720  25.787 0.2000000030
87301  48.827  24.946  25.171 0.2000000030
87300  49.604  25.105  25.628 0.2000000030
86074  46.071  23.923  26.227 0.2000000030
87288  45.729  24.956  25.990 0.2000000030
86678  46.574  23.747  28.364 0.2000000030
86056  45.971  23.440  27.578 0.2000000030
86696  45.546  24.396  26.182 0.2000000030
86053  46.818  23.777  29.458 0.2000000030
84071  36.698  20.294  34.814 0.3000000119
82604  38.339  18.616  35.229 0.2000000030
82564  39.835  18.307  37.756 0.3000000119
82586  41.185  18.123  37.420 0.5000000000
80307  41.564  16.194  38.608 0.4000000060
80306  42.896  16.456  38.876 0.5000000000
107208  43.371  15.573  36.605 0.5000000000
80332  43.713  15.711  37.551 0.5000000000
81794  43.856  17.125  39.144 0.5000000000
81065  44.609  16.840  39.210 0.5000000000
78964  45.654  13.288  29.841 0.8000000119
78961  46.298  13.629  30.366 0.8999999762
78951  46.381  13.377  32.195 0.8000000119
79651  45.717  14.557  33.286 0.6999999881
80357  45.577  15.563  34.468 0.6000000238
81113  45.004  16.023  36.164 0.6000000238
80365  46.157  15.144  33.821 0.6999999881
80345  45.803  16.055  35.612 0.6000000238
81103  45.869  16.249  37.871 0.5000000000
78298  46.548  12.254  25.495 0.6999999881
79660  47.477  14.205  32.248 0.8000000119
110325  48.022  14.725  33.466 0.8999999762
80355  47.450  15.483  34.630 0.5000000000
78305  47.633  12.319  24.472 0.6999999881
77560  48.294  11.746  23.155 0.6999999881
128547  48.560  15.021  33.820 0.8000000119
80372  48.644  14.989  32.346 0.8999999762
116627  48.025  16.503  37.404 0.5000000000
80378  48.545  15.383  30.545 0.8999999762
80371  49.293  15.286  32.833 0.8000000119
78311  49.182  12.730  22.913 0.6000000238
79724  50.066  13.941  23.730 0.6999999881
80398  49.873  15.075  26.140 0.8000000119
80409  50.573  15.250  25.570 0.8000000119
112411  50.421  14.428  24.136 0.6999999881
75341  48.176  7.897  20.194 0.6000000238
81810  47.127  17.154  38.986 0.6000000238
81125  49.777  15.714  32.408 0.8000000119
80419  50.904  14.956  24.225 0.6999999881
80408  51.509  15.719  25.369 0.8000000119
81100  48.746  16.588  37.476 0.6000000238
81141  50.581  16.345  28.287 0.8000000119
80435  52.340  15.851  22.583 0.6999999881
78354  49.056  12.567  17.253 0.5000000000
122598  50.121  13.626  17.866 0.5000000000
80442  52.488  15.812  21.527 0.6999999881
79764  51.718  14.912  17.289 0.5000000000
80459  52.573  15.474  18.400 0.6000000238
85405  37.287  22.481  32.730 0.2000000030
106946  39.209  21.007  32.423 0.2000000030
83374  41.344  19.229  33.394 0.3000000119
83387  41.733  19.760  32.858 0.3000000119
82610  43.209  18.532  34.523 0.3000000119
82608  44.980  18.844  34.822 0.3000000119
82557  49.744  17.655  38.186 0.6000000238
81082  49.073  17.103  38.306 0.6000000238
81107  50.422  16.531  36.002 0.6000000238
74552  48.921  7.495  17.637 0.5000000000
81121  50.743  16.121  33.924 0.6999999881
81144  51.823  16.638  27.430 0.8999999762
81149  51.784  16.198  26.127 0.8000000119
125465  48.521  10.931  17.327 0.5000000000
80407  52.289  16.106  24.746 0.8999999762
81177  53.082  16.308  23.099 0.8000000119
77606  48.676  10.995  14.890 0.5000000000
80450  52.762  15.875  20.292 0.6999999881
81204  53.694  16.592  19.367 0.6999999881
79050  50.902  14.326  17.051 0.5000000000
80464  53.544  16.158  17.429 0.8000000119
79064  50.894  14.475  14.783 0.5000000000
87209  35.921  25.631  37.143 0.1000000015
86007  36.022  24.050  35.000 0.2000000030
86629  35.797  24.711  35.602 0.2000000030
86035  36.836  23.007  32.899 0.2000000030
108398  37.730  21.947  32.543 0.2000000030
84724  39.368  21.708  31.978 0.2000000030
84732  40.155  21.898  31.827 0.2000000030
84723  40.094  21.098  32.243 0.2000000030
114685  43.682  21.034  32.445 0.3000000119
84080  44.996  20.178  33.342 0.4000000060
82579  49.173  18.195  37.879 0.6000000238
81120  51.477  16.600  33.570 0.8000000119
81850  52.286  17.051  32.197 0.6999999881
81857  52.138  17.137  30.732 0.8999999762
81863  52.336  17.090  29.791 0.8999999762
81868  53.508  17.277  28.790 0.8999999762
81143  52.638  16.925  27.238 0.8999999762
120732  52.026  16.530  26.757 0.8999999762
81886  53.516  17.277  26.938 0.8999999762
81147  53.623  17.138  26.043 0.8999999762
81176  53.995  16.854  22.486 0.8999999762
81193  54.145  17.147  20.021 0.8000000119
80465  53.266  15.983  16.856 0.5000000000
81224  53.652  16.678  17.781 0.6000000238
81203  54.182  17.258  18.788 0.8000000119
81225  52.976  16.722  17.375 0.6000000238
128852  53.796  17.282  18.251 0.6999999881
78368  49.349  12.496  13.826 0.5000000000
79785  51.743  15.655  15.065 0.5000000000
79778  52.160  15.700  15.632 0.5000000000
80474  52.474  15.974  16.151 0.5000000000
79786  51.245  15.094  14.563 0.5000000000
80490  51.270  15.498  14.656 0.5000000000
80485  50.452  15.906  15.377 0.5000000000
116755  40.856  22.272  31.731 0.2000000030
86668  39.787  24.024  31.716 0.2000000030
85403  42.872  22.581  31.747 0.3000000119
117592  40.788  22.922  31.605 0.3000000119
110612  43.843  21.840  32.279 0.3000000119
84089  45.197  20.858  32.872 0.4000000060
84711  46.017  21.154  33.010 0.3000000119
84069  47.741  20.372  34.275 0.5000000000
83345  48.796  18.791  36.557 0.5000000000
126448  49.927  19.326  36.227 0.6000000238
81825  51.781  17.677  37.536 0.6000000238
115868  54.210  17.380  30.137 0.6999999881
81855  54.950  17.508  30.711 0.6000000238
81867  54.806  17.523  28.598 0.8999999762
81873  55.907  17.790  27.903 0.8000000119
81866  55.921  17.838  28.929 0.6999999881
81917  54.610  17.316  24.269 0.8999999762
81916  55.728  17.934  24.418 0.8000000119
81946  54.826  17.562  21.860 0.8999999762
81956  54.759  17.718  20.665 0.8999999762
81966  54.516  17.777  19.549 0.8000000119
81975  54.541  18.393  19.545 0.8999999762
82760  54.130  18.682  19.202 0.8000000119
117295  53.159  18.079  18.835 0.8000000119
86042  41.926  23.378  31.522 0.3000000119
86653  43.493  24.077  31.701 0.2000000030
86029  46.802  23.806  32.543 0.2000000030
86655  41.091  24.862  31.750 0.2000000030
83361  49.165  20.143  34.853 0.5000000000
116104  51.534  18.873  37.234 0.6000000238
83342  52.669  18.945  37.257 0.6000000238
82574  54.166  18.621  36.571 0.6000000238
109010  53.080  18.382  37.344 0.6000000238
81829  54.272  17.923  35.700 0.6999999881
81839  54.307  17.687  34.222 0.6999999881
83380  55.285  18.790  32.348 0.5000000000
83391  55.268  18.819  31.339 0.6000000238
83398  55.186  19.078  29.808 0.6999999881
81860  55.889  17.873  29.768 0.6000000238
81854  55.678  17.851  30.486 0.6000000238
110138  54.091  19.483  31.269 0.6000000238
81859  56.142  17.959  29.246 0.6999999881
82647  55.910  18.509  28.583 0.6999999881
127582  56.193  18.292  27.972 0.6999999881
83416  55.138  19.318  28.193 0.6999999881
83423  56.022  19.009  26.814 0.8000000119
81872  56.176  17.971  26.990 0.8000000119
82670  56.278  18.541  26.367 0.8000000119
81884  55.644  17.726  26.314 0.8000000119
82659  53.980  19.319  26.803 0.6999999881
83432  56.076  19.095  25.835 0.8000000119
81915  56.187  18.625  24.666 0.8000000119
82683  56.320  18.764  25.289 0.8000000119
81899  56.095  18.328  25.171 0.8000000119
81955  55.238  18.396  21.472 0.8999999762
82738  55.486  18.969  21.954 0.8999999762
83478  51.837  19.801  20.617 0.8999999762
83508  54.373  19.259  19.718 0.8999999762
108194  54.629  19.615  20.785 0.8999999762
83494  52.517  20.095  20.009 0.8999999762
82761  53.351  18.965  19.235 0.8000000119
83510  52.515  19.825  19.730 0.8000000119
108355  54.587  19.535  21.512 0.8000000119
86652  44.239  24.138  31.847 0.2000000030
86019  49.734  23.880  33.645 0.2000000030
122491  48.664  23.328  33.378 0.2000000030
84707  49.551  22.110  34.028 0.3000000119
84700  50.909  21.347  34.887 0.4000000060
122199  49.255  20.797  34.514 0.4000000060
84065  54.235  21.413  34.943 0.5000000000
81909  44.511  17.784  25.983 0.6000000238
82676  43.342  18.381  26.827 0.6000000238
82654  45.426  18.368  28.778 0.6000000238
110149  43.437  18.315  25.203 0.6000000238
84074  53.875  21.125  33.267 0.4000000060
81879  46.408  17.771  27.432 0.6000000238
81907  45.875  17.574  25.301 0.6000000238
81876  49.007  17.948  27.276 0.6000000238
81889  48.610  17.601  26.505 0.6000000238
81905  47.853  17.430  25.085 0.6000000238
106916  50.039  18.493  28.067 0.6000000238
81887  50.058  17.766  26.207 0.6000000238
122231  49.242  17.432  25.223 0.6000000238
81921  48.731  17.476  24.613 0.6999999881
82673  51.345  18.488  26.926 0.6000000238
81918  51.218  17.974  24.815 0.6999999881
121935  50.857  17.880  24.183 0.8000000119
82713  49.980  18.088  23.287 0.6999999881
82672  52.830  18.887  26.754 0.6999999881
107698  51.998  18.334  24.807 0.6999999881
82724  52.447  19.121  22.083 0.8000000119
82725  51.375  19.142  21.699 0.8000000119
82740  52.853  19.971  20.816 0.8999999762
83479  50.015  19.749  20.517 0.8000000119
83467  53.619  19.528  21.719 0.8000000119
84705  54.240  22.389  34.349 0.5000000000
82644  45.803  19.186  29.640 0.5000000000
82634  48.000  18.898  30.266 0.5000000000
82641  48.527  18.514  29.406 0.5000000000
83393  51.459  19.571  31.533 0.4000000060
86645  53.246  25.107  33.824 0.2000000030
84097  47.816  20.791  31.329 0.5000000000
83402  50.708  19.199  30.934 0.5000000000
83411  51.356  18.853  29.566 0.6000000238
84736  46.603  21.767  30.526 0.3000000119
84088  49.471  20.466  31.955 0.4000000060
84735  47.271  21.881  30.892 0.3000000119
87258  48.834  25.862  30.612 0.2000000030
88270  48.721  26.782  28.629 0.2000000030
87264  48.129  25.520  28.696 0.2000000030
87799  49.213  25.521  27.047 0.2000000030
87272  48.520  25.020  27.224 0.2000000030
86063  46.073  23.661  26.708 0.2000000030
85419  45.716  22.856  29.303 0.3000000119
107464  45.009  25.178  26.509 0.2000000030
74454  52.291  7.503  27.451 0.3000000119
74455  51.521  7.256  27.757 0.3000000119
74456  50.755  7.017  28.072 0.3000000119
73608  49.476  6.405  27.664 0.3000000119
72764  55.560  5.534  31.693 0.2000000030
72754  55.735  5.490  32.527 0.2000000030
73606  50.970  6.826  27.230 0.3000000119
73607  50.251  6.616  27.491 0.3000000119
73609  48.663  6.249  27.876 0.3000000119
106982  56.639  7.103  30.822 0.2000000030
74466  52.480  7.414  26.640 0.3000000119
73622  49.771  6.223  26.865 0.3000000119
73623  48.917  5.935  27.032 0.3000000119
73567  56.558  7.005  29.731 0.2000000030
74437  57.031  7.738  28.279 0.3000000119
74436  57.460  8.508  27.813 0.3000000119
114719  57.486  9.675  26.698 0.3000000119
127384  52.110  7.168  26.269 0.3000000119
73621  51.028  6.604  26.383 0.3000000119
73635  50.233  6.124  26.056 0.3000000119
72813  49.291  5.743  26.206 0.3000000119
72814  48.391  5.592  26.366 0.3000000119
73633  51.756  6.808  25.848 0.3000000119
120291  50.981  6.338  25.526 0.3000000119
110762  47.941  5.458  25.802 0.3000000119
75308  55.924  9.347  23.180 0.3000000119
72825  49.655  5.694  25.386 0.3000000119
127116  49.246  5.527  24.820 0.3000000119
72826  48.695  5.481  25.460 0.3000000119
75318  55.921  9.422  22.128 0.3000000119
75330  55.372  8.850  20.683 0.3000000119
75350  54.570  8.858  18.424 0.3000000119
75349  55.451  9.174  18.609 0.3000000119
75359  55.114  9.105  17.547 0.3000000119
74429  51.956  7.707  29.197 0.3000000119
74439  51.289  7.448  28.630 0.3000000119
74440  50.429  7.273  28.940 0.3000000119
123834  49.741  6.941  28.927 0.3000000119
73578  49.153  6.757  29.368 0.3000000119
72744  55.774  5.390  33.311 0.2000000030
71887  54.695  4.400  33.306 0.2000000030
75258  52.881  7.942  27.994 0.3000000119
73589  49.264  6.593  28.477 0.3000000119
73590  48.525  6.462  28.737 0.3000000119
107518  47.813  6.360  28.955 0.3000000119
72763  56.208  6.043  32.064 0.2000000030
76053  55.158  9.310  28.176 0.3000000119
75269  54.802  8.972  27.357 0.3000000119
74453  53.048  7.784  27.173 0.3000000119
73610  47.085  6.090  27.917 0.3000000119
75268  55.581  9.441  27.376 0.3000000119
75280  54.479  8.634  26.710 0.3000000119
74465  53.232  7.674  26.351 0.3000000119
72803  47.951  5.810  27.250 0.3000000119
73611  46.438  6.099  27.068 0.2000000030
74428  56.951  7.644  29.173 0.3000000119
75249  57.574  8.953  29.221 0.3000000119
76038  57.447  9.633  28.123 0.3000000119
76051  57.119  9.841  27.358 0.3000000119
75279  55.423  9.270  26.629 0.3000000119
116450  54.878  8.722  26.096 0.3000000119
74476  53.449  7.568  25.523 0.3000000119
74477  52.591  7.254  25.811 0.3000000119
72815  47.608  5.590  26.420 0.3000000119
73624  46.307  6.148  26.160 0.2000000030
75255  57.573  9.142  28.330 0.3000000119
76805  57.279  9.856  28.002 0.3000000119
74486  54.455  8.030  24.461 0.3000000119
74487  53.663  7.497  24.742 0.3000000119
73632  52.274  6.798  25.181 0.3000000119
73634  50.370  5.937  25.240 0.3000000119
126106  46.760  5.836  25.742 0.4000000060
75309  54.975  8.384  22.801 0.3000000119
74497  53.794  7.453  23.929 0.3000000119
73658  53.067  6.885  23.486 0.3000000119
73646  52.422  6.650  24.324 0.3000000119
72824  50.016  5.705  24.542 0.3000000119
72836  48.582  5.489  24.568 0.3000000119
72837  47.799  5.503  25.001 0.4000000060
73636  47.017  5.864  25.109 0.4000000060
75319  55.199  8.537  21.695 0.3000000119
120894  53.956  7.494  22.954 0.3000000119
73659  52.193  6.457  23.260 0.3000000119
116840  50.680  5.953  23.840 0.3000000119
72835  49.272  5.537  24.138 0.3000000119
128109  48.024  5.603  24.223 0.4000000060
73649  47.401  6.007  24.236 0.4000000060
74518  54.479  7.918  21.223 0.3000000119
122222  50.430  5.930  22.982 0.3000000119
72844  49.895  5.691  23.646 0.3000000119
110775  48.574  5.606  23.739 0.3000000119
74529  53.892  7.857  20.337 0.4000000060
74548  53.582  8.416  17.294 0.4000000060
128791  54.284  8.773  17.706 0.4000000060
106677  53.392  8.184  18.532 0.4000000060
74559  53.867  8.355  16.387 0.3000000119
75367  55.013  9.018  16.900 0.3000000119
74573  52.298  7.575  15.564 0.5000000000
74572  53.191  7.800  15.756 0.4000000060
73569  50.134  7.069  30.351 0.3000000119
127659  49.462  6.927  30.071 0.3000000119
73570  48.831  6.672  30.202 0.3000000119
72733  55.764  5.337  34.137 0.2000000030
71886  55.290  4.772  33.728 0.2000000030
75252  52.773  8.010  28.868 0.3000000119
74430  51.102  7.533  29.432 0.3000000119
74432  49.889  7.113  29.557 0.3000000119
73579  48.338  6.520  29.574 0.3000000119
72753  56.270  6.010  32.869 0.2000000030
75256  54.335  8.777  28.826 0.3000000119
73592  47.055  6.210  28.970 0.3000000119
126560  46.471  6.163  28.552 0.3000000119
76041  55.114  9.395  29.218 0.3000000119
75257  53.532  8.355  28.437 0.3000000119
75270  53.569  8.277  27.624 0.3000000119
123641  56.992  7.845  31.279 0.3000000119
76052  56.302  9.737  27.817 0.3000000119
106893  46.186  6.247  27.943 0.2000000030
73593  45.432  6.369  28.100 0.2000000030
74421  57.188  7.958  30.503 0.3000000119
76796  57.342  10.036  28.676 0.3000000119
76039  56.978  10.149  28.316 0.3000000119
73612  45.785  6.405  27.443 0.2000000030
74420  57.328  8.159  29.627 0.3000000119
74467  45.317  7.202  26.151 0.2000000030
74479  45.440  7.610  25.406 0.4000000060
73637  46.436  6.318  25.403 0.4000000060
74509  54.499  7.827  22.146 0.3000000119
74519  53.813  7.338  22.012 0.3000000119
73681  53.082  6.923  21.795 0.3000000119
124237  51.726  6.394  22.382 0.3000000119
73660  51.255  6.186  23.136 0.3000000119
73650  46.690  6.538  24.612 0.4000000060
74490  45.802  7.739  24.694 0.4000000060
116449  53.633  7.403  21.276 0.4000000060
72851  49.614  5.748  22.863 0.3000000119
122442  48.750  5.755  22.914 0.4000000060
72846  47.949  5.845  23.615 0.4000000060
73663  46.988  6.809  23.800 0.4000000060
75300  45.941  8.413  24.212 0.4000000060
73691  52.324  6.928  20.599 0.4000000060
73692  51.549  6.599  20.783 0.4000000060
73684  50.500  6.184  21.702 0.4000000060
73673  49.233  5.899  22.144 0.4000000060
73675  47.724  6.644  22.612 0.4000000060
74499  47.243  7.060  23.036 0.4000000060
75310  46.404  8.386  23.623 0.4000000060
76082  46.288  9.200  23.905 0.5000000000
74560  52.822  7.910  16.593 0.4000000060
74538  52.941  7.486  19.826 0.4000000060
110894  49.760  6.106  21.513 0.4000000060
73674  48.399  6.283  22.195 0.4000000060
121396  47.926  6.882  21.997 0.4000000060
75321  46.839  8.406  23.041 0.4000000060
76092  46.730  9.210  23.351 0.5000000000
74539  52.293  7.484  19.046 0.4000000060
107589  51.197  7.514  15.695 0.5000000000
72710  55.956  5.271  36.699 0.2000000030
116914  50.086  6.712  31.132 0.3000000119
73561  49.371  6.639  30.857 0.3000000119
73520  56.453  6.652  34.884 0.2000000030
72732  56.234  5.949  34.524 0.2000000030
72722  55.776  5.313  34.975 0.2000000030
71866  55.311  4.737  35.453 0.1000000015
74422  53.003  7.769  30.841 0.3000000119
75245  53.621  8.251  30.272 0.3000000119
74424  51.478  7.416  30.617 0.3000000119
73560  50.828  7.071  31.025 0.3000000119
106993  48.621  6.459  30.873 0.3000000119
73571  48.124  6.397  30.378 0.3000000119
73572  47.379  6.028  30.564 0.3000000119
73528  56.489  6.702  34.104 0.3000000119
71877  55.283  4.737  34.562 0.2000000030
75246  52.683  7.912  29.867 0.3000000119
108559  51.720  7.644  29.991 0.3000000119
120077  50.920  7.432  30.184 0.3000000119
73580  47.579  6.287  29.737 0.3000000119
73573  46.804  5.945  29.859 0.3000000119
73548  56.506  6.720  32.422 0.3000000119
75250  54.394  8.809  29.824 0.3000000119
75251  53.546  8.348  29.339 0.3000000119
72786  46.256  5.947  29.233 0.2000000030
74415  56.722  7.378  31.858 0.3000000119
124046  56.458  6.665  31.675 0.3000000119
72793  45.788  6.095  28.670 0.2000000030
72794  45.000  5.996  28.775 0.2000000030
76040  56.042  9.910  28.746 0.3000000119
73594  44.593  6.535  28.272 0.2000000030
76031  57.551  9.668  28.893 0.3000000119
74468  44.878  7.323  26.823 0.3000000119
74457  44.451  7.162  27.618 0.3000000119
74480  44.811  7.825  26.027 0.4000000060
76073  44.755  9.476  25.623 0.6000000238
76072  45.380  9.339  25.050 0.5000000000
112559  46.294  9.825  24.235 0.5000000000
74549  52.597  7.826  17.938 0.4000000060
73701  51.927  6.958  19.950 0.4000000060
111078  51.010  6.584  20.083 0.4000000060
73694  49.425  6.377  20.738 0.4000000060
73695  48.755  6.691  20.675 0.4000000060
75332  47.558  8.199  21.753 0.4000000060
76101  47.142  9.188  22.755 0.5000000000
76091  47.203  9.942  23.175 0.6000000238
76824  46.582  10.596  24.349 0.6000000238
74550  51.663  7.381  18.461 0.4000000060
73702  51.383  6.963  19.310 0.4000000060
73703  49.989  6.443  20.035 0.4000000060
74561  51.667  7.563  16.683 0.4000000060
74562  50.590  7.384  17.066 0.5000000000
73513  56.436  6.983  36.238 0.2000000030
72709  56.191  6.090  36.949 0.2000000030
127615  56.412  6.555  35.562 0.2000000030
125382  56.272  5.953  36.106 0.2000000030
74416  53.191  7.683  31.714 0.3000000119
74417  52.466  7.390  31.461 0.3000000119
73559  51.246  6.774  31.892 0.3000000119
107209  49.651  6.470  31.727 0.3000000119
73562  48.778  6.325  31.668 0.3000000119
73563  48.010  6.190  31.194 0.3000000119
74392  56.573  7.468  34.509 0.3000000119
72721  56.242  5.912  35.323 0.2000000030
75240  54.371  8.792  31.593 0.3000000119
75244  54.285  8.704  30.690 0.3000000119
115153  53.728  8.192  31.182 0.3000000119
74418  51.702  7.216  31.282 0.3000000119
74399  56.612  7.508  33.718 0.3000000119
76026  54.907  9.385  30.974 0.3000000119
72776  46.583  5.612  30.629 0.3000000119
120946  45.876  5.351  30.596 0.3000000119
74406  56.686  7.625  32.821 0.3000000119
111874  56.702  8.214  33.440 0.3000000119
76025  55.628  10.000  30.603 0.3000000119
76034  55.066  9.473  30.101 0.3000000119
72777  46.031  5.599  29.950 0.2000000030
72778  45.164  5.357  30.118 0.3000000119
76792  56.339  10.275  30.247 0.3000000119
76033  55.783  10.033  29.696 0.3000000119
128284  44.741  5.628  29.401 0.2000000030
75239  57.256  8.569  31.050 0.3000000119
76790  57.371  10.056  29.475 0.3000000119
76791  57.020  10.297  30.019 0.3000000119
76032  56.768  10.260  29.309 0.3000000119
74441  43.998  7.023  28.146 0.2000000030
73581  44.118  5.904  29.064 0.2000000030
72779  44.131  5.323  29.931 0.2000000030
75282  44.137  8.411  26.781 0.5000000000
74458  43.718  7.736  27.856 0.3000000119
76063  44.219  9.668  26.337 0.6000000238
113814  44.669  10.336  25.917 0.6000000238
112931  45.337  10.163  25.317 0.6000000238
115949  45.280  10.943  25.632 0.6000000238
76818  45.945  10.787  25.050 0.6000000238
76830  47.219  10.644  23.639 0.6000000238
77554  46.544  11.459  24.874 0.6000000238
74378  56.489  8.027  36.745 0.2000000030
74370  56.423  8.140  37.673 0.2000000030
121336  56.530  7.343  35.298 0.2000000030
73504  56.340  7.072  37.280 0.2000000030
74371  56.219  7.203  38.190 0.2000000030
114209  56.552  8.245  34.934 0.3000000119
75241  53.846  8.223  32.109 0.3000000119
74407  53.310  7.668  32.575 0.3000000119
74408  52.666  7.260  32.239 0.3000000119
74409  52.018  6.914  32.034 0.3000000119
119106  50.788  6.535  32.467 0.3000000119
122228  48.595  6.095  32.426 0.3000000119
72766  48.016  5.962  32.041 0.3000000119
76020  54.968  9.498  31.999 0.3000000119
72767  47.174  5.676  31.503 0.3000000119
72768  46.200  5.275  31.308 0.3000000119
72759  45.614  4.783  31.890 0.3000000119
110093  56.939  8.340  32.033 0.3000000119
113769  56.787  8.504  32.907 0.3000000119
76019  55.579  9.994  31.536 0.3000000119
71918  44.576  4.912  30.695 0.2000000030
71911  44.192  4.537  31.306 0.2000000030
76018  57.156  9.807  31.172 0.3000000119
76785  56.153  10.270  31.123 0.3000000119
71919  43.705  4.817  30.671 0.2000000030
71912  43.345  4.441  31.338 0.2000000030
118066  57.399  9.358  30.674 0.3000000119
76783  57.361  9.988  30.294 0.3000000119
74442  43.425  7.256  28.462 0.2000000030
73582  43.312  6.230  29.227 0.2000000030
72780  43.227  5.290  30.191 0.2000000030
71920  42.851  4.809  30.798 0.2000000030
71913  42.534  4.469  31.494 0.2000000030
75243  57.470  8.738  30.144 0.3000000119
76054  43.616  9.818  27.040 0.5000000000
75259  43.183  8.683  27.999 0.4000000060
127177  42.832  8.529  28.497 0.3000000119
76024  57.538  9.522  29.759 0.3000000119
76806  44.255  11.401  27.122 0.5000000000
77540  44.832  11.770  26.693 0.6000000238
77547  45.307  11.660  26.084 0.6000000238
77546  45.917  11.542  25.489 0.6000000238
75163  55.615  8.965  39.910 0.2000000030
74365  56.233  8.294  38.491 0.2000000030
75175  55.870  8.535  39.195 0.2000000030
74386  56.506  8.074  35.799 0.2000000030
116115  54.463  8.961  32.639 0.3000000119
75230  53.887  8.264  32.997 0.3000000119
74401  52.771  7.209  33.029 0.3000000119
73549  52.262  6.865  32.687 0.3000000119
73550  51.548  6.624  32.799 0.3000000119
73540  50.608  6.379  33.303 0.3000000119
73541  49.634  6.149  33.208 0.3000000119
73542  48.826  6.004  33.073 0.3000000119
72756  48.126  5.780  32.845 0.3000000119
116284  54.282  8.855  33.430 0.3000000119
72757  47.376  5.569  32.527 0.3000000119
72758  46.531  5.254  32.214 0.3000000119
72748  46.791  5.211  33.113 0.3000000119
76010  55.571  10.091  32.458 0.3000000119
76011  55.041  9.679  32.794 0.3000000119
71899  46.043  4.814  32.821 0.3000000119
75229  56.879  9.183  32.584 0.3000000119
71900  44.734  4.428  31.971 0.2000000030
71010  44.452  4.141  32.686 0.2000000030
76776  56.553  10.087  31.584 0.3000000119
71901  43.890  4.208  31.971 0.2000000030
71902  43.050  4.039  31.994 0.2000000030
71903  42.264  4.130  32.192 0.2000000030
120726  41.598  4.260  32.386 0.2000000030
75238  57.131  9.189  31.609 0.3000000119
76009  56.759  9.685  32.091 0.3000000119
74443  42.778  7.415  28.891 0.3000000119
73583  42.512  6.685  29.424 0.2000000030
72789  42.065  6.145  30.117 0.2000000030
72770  42.088  4.971  31.069 0.2000000030
71914  41.787  4.613  31.783 0.2000000030
72760  40.989  4.833  32.300 0.2000000030
78282  44.614  12.275  28.068 0.6000000238
76797  43.114  10.679  28.337 0.5000000000
120719  42.616  9.111  28.664 0.4000000060
75260  42.522  8.274  28.937 0.3000000119
74433  42.164  7.576  29.466 0.3000000119
73574  41.590  6.460  30.666 0.2000000030
73564  41.262  6.090  31.377 0.2000000030
72772  40.852  5.777  32.042 0.2000000030
128937  40.430  4.943  32.605 0.2000000030
78289  44.717  12.090  27.313 0.6000000238
74434  41.701  7.712  30.203 0.3000000119
121579  41.513  7.154  30.664 0.2000000030
73565  40.883  6.678  32.010 0.2000000030
75164  55.138  9.335  40.470 0.2000000030
75190  56.312  9.083  37.982 0.2000000030
75201  56.483  8.855  36.318 0.2000000030
75213  56.592  9.153  34.508 0.3000000119
75206  56.462  9.182  35.503 0.2000000030
75215  53.953  8.584  34.622 0.3000000119
75223  53.886  8.389  33.818 0.3000000119
74393  53.420  7.860  34.268 0.3000000119
73529  52.157  6.815  34.297 0.3000000119
110806  56.645  8.298  34.116 0.3000000119
75991  56.310  9.816  34.927 0.2000000030
75996  55.665  10.148  34.556 0.3000000119
75222  54.376  9.113  34.134 0.3000000119
74400  53.367  7.723  33.422 0.3000000119
74394  52.768  7.290  33.868 0.3000000119
73539  51.439  6.556  33.801 0.3000000119
107808  50.796  6.339  34.155 0.3000000119
72745  49.128  5.790  33.826 0.3000000119
72746  48.330  5.646  33.616 0.3000000119
72747  47.562  5.461  33.378 0.3000000119
75221  56.744  9.129  33.559 0.3000000119
112851  56.592  9.874  34.056 0.3000000119
76762  55.948  10.352  33.848 0.3000000119
76004  54.814  9.561  33.533 0.3000000119
76003  55.461  10.119  33.290 0.3000000119
71888  46.294  4.728  33.648 0.3000000119
71889  45.663  4.504  33.347 0.2000000030
71881  45.623  4.301  34.139 0.3000000119
76777  56.090  10.282  32.041 0.3000000119
71882  45.021  4.176  33.394 0.2000000030
70998  44.869  3.919  34.044 0.2000000030
108300  44.144  3.807  33.446 0.2000000030
70999  43.387  3.508  33.864 0.2000000030
125584  41.867  2.861  34.491 0.2000000030
76769  56.447  10.077  32.422 0.3000000119
71011  43.290  3.671  33.182 0.2000000030
71021  42.760  3.792  32.685 0.2000000030
71890  41.247  3.662  33.253 0.2000000030
71014  40.877  3.335  33.746 0.2000000030
71892  39.700  4.355  33.363 0.2000000030
71905  40.470  4.523  32.888 0.2000000030
78271  45.121  12.767  28.446 0.6999999881
77532  44.047  11.843  28.449 0.5000000000
128511  42.360  8.813  29.181 0.4000000060
73553  40.340  6.348  32.424 0.2000000030
125550  38.806  6.141  32.923 0.2000000030
78269  45.067  12.840  29.345 0.6999999881
77523  43.899  11.940  29.321 0.6000000238
77520  43.357  11.430  29.785 0.5000000000
76794  42.456  10.223  29.817 0.4000000060
76036  41.955  9.011  30.196 0.3000000119
75254  41.733  8.450  30.605 0.3000000119
74410  41.038  7.901  32.165 0.3000000119
122400  40.399  7.388  32.413 0.4000000060
76786  42.887  10.868  30.302 0.5000000000
76027  42.185  9.604  30.446 0.4000000060
76028  41.905  9.076  31.013 0.3000000119
76022  41.932  9.171  31.914 0.3000000119
75958  54.728  10.025  40.458 0.2000000030
127819  54.248  10.029  40.727 0.2000000030
75191  55.874  9.374  38.608 0.2000000030
74339  44.968  8.334  40.101 0.1000000015
74340  44.381  8.219  39.982 0.1000000015
75196  56.431  9.227  37.160 0.2000000030
73481  47.280  7.557  39.495 0.1000000015
74355  45.762  8.299  39.747 0.1000000015
112394  45.032  8.211  39.753 0.1000000015
74356  44.434  8.156  39.855 0.1000000015
74341  43.736  7.900  39.906 0.1000000015
74342  43.017  7.591  39.815 0.1000000015
72645  41.963  6.710  40.224 0.1000000015
73473  41.251  6.898  39.522 0.1000000015
72646  40.443  6.183  39.873 0.1000000015
71805  39.174  4.659  40.411 0.1000000015
71806  38.351  4.457  40.243 0.2000000030
73482  46.336  7.488  39.497 0.1000000015
72655  46.054  6.238  39.338 0.1000000015
73483  45.418  7.553  39.486 0.1000000015
73484  44.035  7.711  39.625 0.1000000015
72657  43.718  6.869  39.233 0.1000000015
73486  42.458  7.282  39.411 0.1000000015
73487  41.252  7.254  38.995 0.1000000015
72660  40.553  7.082  39.019 0.1000000015
72662  38.921  6.150  39.180 0.1000000015
71817  38.036  5.410  39.405 0.1000000015
71818  37.008  5.084  39.337 0.2000000030
75985  56.343  9.763  36.381 0.2000000030
75214  54.555  9.302  34.951 0.3000000119
74387  53.470  8.039  35.084 0.3000000119
74388  52.801  7.393  34.721 0.3000000119
72653  47.970  6.212  39.365 0.1000000015
72654  47.030  6.217  39.344 0.1000000015
72656  44.824  6.572  39.264 0.1000000015
72682  44.219  5.843  38.960 0.1000000015
72659  42.075  7.109  38.899 0.1000000015
73499  41.329  7.132  38.816 0.1000000015
107703  40.051  6.885  38.567 0.1000000015
73488  39.265  6.626  38.504 0.1000000015
72686  38.363  6.366  38.530 0.1000000015
72663  37.464  6.016  38.565 0.2000000030
122195  56.209  10.001  35.733 0.2000000030
75992  55.967  10.193  35.379 0.3000000119
75208  54.051  8.798  35.433 0.3000000119
73521  52.228  6.852  35.228 0.3000000119
73530  51.392  6.440  34.763 0.3000000119
73531  50.594  6.082  34.744 0.3000000119
128954  46.560  4.688  38.523 0.1000000015
71834  45.170  4.494  38.389 0.1000000015
71835  44.225  4.735  38.542 0.1000000015
71836  43.260  4.766  38.439 0.1000000015
71837  42.349  4.853  38.305 0.1000000015
71839  40.700  5.533  37.993 0.1000000015
121845  39.987  6.285  37.836 0.1000000015
72687  37.839  6.452  38.044 0.1000000015
72688  37.010  6.206  38.078 0.1000000015
72735  49.347  5.625  34.627 0.3000000119
72736  48.547  5.492  34.392 0.3000000119
72737  47.765  5.324  34.176 0.3000000119
70963  44.209  3.559  37.390 0.1000000015
70965  42.551  3.671  37.680 0.1000000015
70967  40.661  3.720  37.374 0.1000000015
71848  40.268  4.877  37.674 0.1000000015
71850  38.598  5.527  37.413 0.1000000015
71851  37.679  5.489  37.320 0.1000000015
72703  36.454  5.786  37.678 0.1000000015
72738  47.014  5.074  33.941 0.3000000119
71880  46.482  4.574  34.518 0.3000000119
71871  45.854  4.168  35.148 0.2000000030
70985  45.267  3.727  35.777 0.2000000030
70975  44.619  3.510  36.499 0.1000000015
109743  42.765  3.165  37.014 0.1000000015
70978  41.073  2.832  36.524 0.1000000015
70980  39.344  3.375  36.476 0.1000000015
71872  38.625  3.713  36.298 0.1000000015
71862  37.432  4.658  36.439 0.1000000015
72715  36.724  5.318  36.963 0.1000000015
109317  35.878  5.513  36.830 0.2000000030
70997  45.088  3.877  34.830 0.2000000030
70986  44.500  3.547  35.465 0.2000000030
70987  43.456  3.290  35.021 0.2000000030
70989  41.370  2.621  35.310 0.2000000030
70990  39.745  2.822  35.574 0.2000000030
70991  38.989  3.295  35.487 0.1000000015
71874  37.257  4.371  35.407 0.1000000015
72716  36.189  5.131  35.964 0.2000000030
110675  35.473  5.435  35.871 0.2000000030
71002  40.427  2.859  34.659 0.2000000030
127459  38.567  4.077  33.970 0.2000000030
71005  38.062  4.236  34.164 0.1000000015
71884  36.704  4.963  34.597 0.1000000015
72741  35.701  5.791  34.505 0.2000000030
72751  37.296  5.408  33.721 0.1000000015
73545  36.816  6.103  33.619 0.2000000030
73534  35.378  6.565  34.181 0.2000000030
73535  34.572  6.685  34.748 0.2000000030
118136  39.673  6.705  32.628 0.2000000030
73555  38.977  6.978  32.733 0.3000000119
73543  37.756  6.126  33.319 0.3000000119
73544  37.245  6.852  33.257 0.3000000119
75231  41.393  8.611  32.104 0.3000000119
75232  40.606  8.363  32.407 0.4000000060
74411  39.517  7.394  32.630 0.3000000119
74413  37.659  7.590  32.929 0.4000000060
78270  44.471  12.406  29.822 0.6000000238
77516  44.170  11.684  31.472 0.5000000000
77512  43.707  11.194  31.947 0.4000000060
76787  42.586  10.223  30.927 0.3000000119
76012  42.264  9.834  32.182 0.3000000119
76013  41.686  9.424  32.241 0.3000000119
69932  37.451  2.464  49.953 0.1000000015
69949  36.143  2.126  48.995 0.1000000015
69131  35.710  1.857  48.234 0.1000000015
69948  37.075  2.180  49.062 0.1000000015
69130  36.662  1.861  48.283 0.1000000015
69143  36.189  1.556  47.496 0.1000000015
69144  35.234  1.586  47.482 0.1000000015
69145  34.282  1.609  47.515 0.1000000015
107878  37.949  1.313  46.166 0.1000000015
69159  36.645  1.287  46.775 0.1000000015
69160  35.648  1.182  46.665 0.1000000015
69161  34.664  1.242  46.823 0.1000000015
69146  33.761  1.476  46.815 0.1000000015
128685  33.469  1.513  46.158 0.1000000015
117388  40.164  1.592  45.856 0.1000000015
107879  38.720  1.400  45.977 0.1000000015
69176  37.058  1.183  46.103 0.1000000015
107056  36.500  1.061  45.348 0.1000000015
69177  35.577  0.895  45.740 0.1000000015
69178  34.646  0.945  45.309 0.1000000015
120925  33.701  1.419  45.453 0.1000000015
69186  40.126  1.754  45.160 0.1000000015
69188  38.646  1.556  44.653 0.1000000015
69189  37.792  1.366  44.736 0.1000000015
69190  37.084  1.234  44.820 0.1000000015
109297  36.439  1.160  44.434 0.1000000015
69192  34.834  1.100  44.256 0.1000000015
69193  33.985  1.425  44.566 0.1000000015
74315  51.261  7.374  42.404 0.2000000030
70009  41.337  2.446  44.169 0.1000000015
69187  39.558  1.801  44.561 0.1000000015
107987  38.040  1.607  44.007 0.2000000030
69201  37.447  1.689  43.408 0.2000000030
69202  36.541  1.455  43.555 0.2000000030
69204  35.053  1.374  43.432 0.1000000015
69205  34.253  1.576  43.675 0.1000000015
125757  48.249  8.741  41.354 0.2000000030
74329  47.787  8.051  41.504 0.2000000030
70904  40.863  2.984  42.953 0.1000000015
70018  39.899  2.628  42.848 0.1000000015
70011  39.036  2.247  43.123 0.2000000030
69210  36.943  1.781  42.925 0.2000000030
128215  35.770  1.458  43.291 0.1000000015
124096  55.578  9.363  39.416 0.2000000030
75965  55.275  9.846  39.972 0.2000000030
75947  53.580  10.070  40.961 0.2000000030
75168  48.235  9.318  40.694 0.2000000030
75157  47.663  9.006  40.978 0.2000000030
74330  46.951  8.251  41.205 0.2000000030
74331  46.089  8.139  40.878 0.2000000030
70911  41.282  3.659  42.365 0.1000000015
70913  39.545  3.055  42.089 0.2000000030
70027  38.245  2.592  41.987 0.2000000030
70020  36.790  2.117  42.341 0.2000000030
70021  35.948  2.108  42.208 0.2000000030
70022  35.046  2.167  42.158 0.2000000030
75167  48.878  9.425  40.564 0.2000000030
120826  48.246  9.178  40.149 0.2000000030
75169  47.516  9.073  40.305 0.2000000030
73462  44.772  7.218  40.934 0.1000000015
107634  43.999  6.683  41.006 0.1000000015
123080  43.402  7.119  40.551 0.1000000015
72638  42.533  5.824  41.014 0.1000000015
72639  41.689  5.525  40.945 0.1000000015
71794  41.287  4.489  41.576 0.1000000015
70923  39.192  3.465  41.517 0.2000000030
70924  38.453  3.206  41.420 0.2000000030
70925  37.109  2.967  41.207 0.2000000030
70926  36.224  2.953  41.016 0.2000000030
75181  49.175  9.155  40.001 0.2000000030
74353  47.529  8.753  39.801 0.2000000030
75183  46.167  8.635  39.993 0.1000000015
74338  45.730  8.447  40.232 0.1000000015
73463  42.781  6.925  40.444 0.1000000015
112234  41.245  6.120  40.277 0.1000000015
72640  40.834  5.260  40.800 0.1000000015
70937  36.839  3.539  40.538 0.2000000030
74351  49.241  7.950  39.640 0.2000000030
125680  48.395  7.413  39.543 0.2000000030
71809  35.612  4.072  39.804 0.2000000030
114575  56.200  10.088  36.992 0.2000000030
75986  56.065  10.181  36.355 0.2000000030
75987  55.538  10.122  36.155 0.2000000030
75202  54.788  9.857  36.708 0.2000000030
117424  54.085  9.060  36.257 0.2000000030
74379  53.539  8.330  36.658 0.2000000030
127251  53.074  7.708  36.239 0.2000000030
73514  52.424  6.991  36.267 0.2000000030
72679  47.624  5.307  39.028 0.1000000015
72680  46.755  5.268  39.001 0.1000000015
72664  36.556  5.589  38.663 0.2000000030
71819  36.094  4.824  39.321 0.2000000030
75207  54.692  9.599  35.801 0.3000000119
119164  53.528  8.234  35.858 0.3000000119
74380  52.899  7.531  35.553 0.3000000119
73522  50.958  6.100  35.312 0.3000000119
72734  49.999  5.729  34.845 0.3000000119
71845  47.604  4.542  37.802 0.1000000015
72689  36.083  5.716  38.157 0.2000000030
72665  35.651  5.294  38.802 0.2000000030
72724  50.364  5.757  35.367 0.3000000119
72726  48.745  5.356  35.202 0.3000000119
72727  47.984  5.181  34.947 0.3000000119
125314  47.792  4.585  37.109 0.1000000015
71833  46.825  4.367  37.943 0.1000000015
110025  46.001  4.407  38.169 0.1000000015
116825  34.619  5.689  37.667 0.2000000030
72690  35.149  5.513  38.304 0.2000000030
72714  48.915  5.202  36.073 0.3000000119
71868  48.150  5.015  35.751 0.3000000119
71858  46.557  4.251  36.502 0.2000000030
117779  45.919  4.030  36.727 0.1000000015
70962  45.426  4.062  37.700 0.1000000015
72717  34.984  5.647  36.716 0.2000000030
72729  34.935  5.731  35.560 0.2000000030
72730  34.503  5.772  36.116 0.2000000030
73516  33.938  6.122  36.111 0.2000000030
123418  33.989  6.847  35.181 0.2000000030
73525  33.617  6.648  35.735 0.2000000030
73546  36.252  6.862  33.555 0.3000000119
74395  34.813  7.335  34.300 0.2000000030
74402  36.861  7.560  33.239 0.3000000119
75216  35.059  8.094  34.050 0.3000000119
126196  40.682  9.850  32.510 0.3000000119
111226  39.849  8.977  32.580 0.4000000060
75234  38.833  8.692  32.673 0.3000000119
75235  37.895  8.389  32.790 0.4000000060
75225  36.638  8.263  33.306 0.3000000119
76007  35.858  9.270  33.884 0.3000000119
78266  45.125  12.776  30.349 0.6999999881
78267  44.616  12.244  30.906 0.6000000238
76771  43.205  10.786  32.266 0.4000000060
76772  42.643  10.517  32.365 0.4000000060
120255  41.337  10.712  32.526 0.3000000119
122640  40.559  10.424  32.527 0.4000000060
116490  39.677  10.845  32.599 0.4000000060
69918  35.088  3.015  50.082 0.1000000015
69917  35.967  3.052  50.263 0.1000000015
69934  35.599  2.580  49.557 0.1000000015
69936  33.760  2.628  49.227 0.1000000015
69946  38.819  2.120  49.367 0.1000000015
69950  35.189  2.153  48.884 0.1000000015
69132  34.776  1.898  48.169 0.1000000015
69952  33.456  2.288  48.428 0.1000000015
72602  50.171  5.605  46.023 0.1000000015
69945  40.109  2.035  48.849 0.1000000015
69128  38.663  1.774  48.431 0.1000000015
69141  38.085  1.505  47.433 0.1000000015
69963  33.322  1.894  47.566 0.1000000015
107357  50.126  5.766  44.964 0.1000000015
72616  50.323  6.015  43.959 0.1000000015
69139  40.007  1.541  47.467 0.1000000015
121117  39.466  1.442  46.925 0.1000000015
128874  38.033  1.373  46.768 0.1000000015
69976  32.951  1.837  46.639 0.1000000015
69171  40.976  1.618  46.269 0.1000000015
69156  39.420  1.467  46.248 0.1000000015
69991  32.943  1.869  45.749 0.1000000015
74328  49.019  8.771  41.444 0.2000000030
115457  42.076  2.261  45.147 0.1000000015
70002  41.434  2.145  44.951 0.1000000015
70005  33.192  1.900  44.848 0.1000000015
73446  50.649  6.712  42.785 0.2000000030
73458  48.077  7.111  41.916 0.2000000030
73449  47.825  6.166  42.271 0.2000000030
110303  47.178  5.587  42.427 0.2000000030
70893  43.760  3.239  44.180 0.1000000015
70894  42.990  3.064  44.034 0.1000000015
70902  42.110  2.786  43.914 0.1000000015
70014  33.049  2.478  43.420 0.1000000015
124226  32.748  2.790  43.068 0.1000000015
74326  50.859  8.428  41.764 0.2000000030
73459  47.362  7.114  41.686 0.2000000030
73450  46.930  6.243  41.924 0.2000000030
72625  46.453  5.532  42.249 0.2000000030
71780  46.052  4.881  42.642 0.2000000030
121136  45.806  4.496  42.949 0.2000000030
71774  44.776  3.911  43.075 0.2000000030
118643  42.580  3.373  43.341 0.1000000015
111083  33.736  2.130  43.104 0.1000000015
75952  48.762  9.475  40.902 0.2000000030
117696  48.447  9.285  41.079 0.2000000030
73460  46.519  7.190  41.444 0.2000000030
72626  45.532  5.476  42.000 0.2000000030
72627  44.637  5.093  42.034 0.1000000015
70909  42.993  3.801  42.821 0.1000000015
70910  42.195  3.746  42.673 0.1000000015
71785  41.932  4.196  42.121 0.1000000015
70023  34.062  2.406  42.193 0.2000000030
70024  33.150  2.681  42.580 0.1000000015
75153  52.875  9.672  41.362 0.2000000030
75154  51.387  9.373  41.524 0.2000000030
75165  50.721  9.901  40.783 0.2000000030
73461  45.680  7.215  41.223 0.2000000030
72636  44.732  6.006  41.485 0.2000000030
72637  43.976  5.577  41.567 0.1000000015
70031  34.718  2.623  41.497 0.2000000030
70915  33.466  2.847  41.824 0.1000000015
75978  55.421  10.002  38.177 0.2000000030
75977  55.250  9.812  39.148 0.2000000030
75966  54.634  10.140  39.814 0.2000000030
75180  50.311  9.283  40.201 0.2000000030
120784  49.898  8.465  39.756 0.2000000030
70928  34.414  3.156  40.913 0.2000000030
70032  33.992  2.832  41.490 0.2000000030
75981  56.098  9.872  37.707 0.2000000030
125879  50.955  8.984  39.919 0.2000000030
74350  50.709  8.195  39.675 0.2000000030
73479  50.166  7.143  39.517 0.2000000030
73480  49.327  6.804  39.482 0.2000000030
70939  35.022  3.573  40.333 0.2000000030
75982  55.676  10.223  37.139 0.2000000030
75197  54.809  9.887  37.652 0.2000000030
116234  54.066  9.257  37.142 0.2000000030
74372  53.556  8.273  37.583 0.2000000030
74373  52.985  7.596  36.992 0.2000000030
73478  51.189  7.123  39.397 0.2000000030
72676  50.706  6.302  39.101 0.2000000030
72652  48.883  6.093  39.339 0.2000000030
120486  34.421  4.509  39.537 0.2000000030
73506  52.395  6.898  37.390 0.2000000030
73515  51.744  6.375  36.836 0.3000000119
111735  51.550  6.353  35.820 0.3000000119
72723  50.834  5.815  35.938 0.3000000119
72711  51.199  5.898  36.531 0.3000000119
127994  50.360  5.739  38.615 0.2000000030
72697  50.450  5.516  37.805 0.2000000030
71831  48.834  5.144  38.336 0.2000000030
71832  48.082  4.841  38.403 0.1000000015
124940  34.028  4.973  39.166 0.2000000030
115480  50.187  5.554  35.987 0.3000000119
72713  49.665  5.336  36.435 0.3000000119
125610  49.160  5.120  37.716 0.2000000030
116194  33.829  5.766  37.768 0.2000000030
72691  34.140  5.467  38.492 0.2000000030
71856  48.317  4.836  36.623 0.3000000119
73517  33.343  6.393  36.507 0.2000000030
74381  32.911  7.055  36.087 0.3000000119
74396  34.124  7.349  34.788 0.2000000030
74389  33.398  7.437  35.376 0.2000000030
75218  33.867  8.739  34.778 0.3000000119
119119  33.214  9.092  35.284 0.3000000119
75998  35.210  9.618  34.372 0.3000000119
75999  34.686  8.794  34.390 0.3000000119
112552  39.004  10.392  32.735 0.4000000060
76774  37.648  10.242  33.227 0.3000000119
111066  37.114  9.625  33.364 0.3000000119
125802  35.880  9.952  34.179 0.3000000119
78253  45.284  12.545  32.145 0.6000000238
77504  44.167  11.697  32.171 0.5000000000
78256  42.899  11.923  32.502 0.4000000060
128583  42.524  11.422  32.544 0.3000000119
77507  41.337  11.440  32.532 0.2000000030
77508  40.423  11.396  32.544 0.4000000060
77509  38.931  11.096  32.870 0.3000000119
76763  38.224  10.852  33.153 0.4000000060
70840  34.222  3.022  49.922 0.1000000015
122250  32.801  2.920  48.831 0.1000000015
108024  51.078  5.935  46.657 0.1000000015
72601  50.987  6.073  45.619 0.1000000015
69944  41.893  2.206  48.854 0.1000000015
108845  40.952  2.120  48.825 0.1000000015
69964  32.484  2.358  47.247 0.1000000015
69961  42.164  2.081  48.085 0.2000000030
110374  40.991  1.645  47.241 0.1000000015
69977  32.243  2.451  46.230 0.1000000015
73441  50.233  6.256  43.188 0.1000000015
106964  42.772  2.139  47.597 0.2000000030
69975  42.527  2.018  46.623 0.2000000030
70886  31.872  2.968  45.415 0.1000000015
69989  42.610  2.309  45.640 0.1000000015
69990  41.756  1.908  45.808 0.1000000015
69992  32.463  2.411  45.163 0.1000000015
74318  48.572  7.778  41.719 0.2000000030
73448  48.821  6.628  42.343 0.2000000030
72624  47.757  5.284  42.934 0.2000000030
70900  44.263  3.558  43.616 0.2000000030
70892  44.547  3.346  44.435 0.2000000030
70905  32.480  2.896  43.583 0.1000000015
71772  46.333  4.467  43.298 0.2000000030
71773  45.556  4.149  43.312 0.2000000030
70899  45.106  3.659  43.845 0.2000000030
70906  31.961  3.556  43.601 0.1000000015
70916  32.860  3.202  41.873 0.1000000015
75959  54.052  10.157  40.431 0.2000000030
120329  51.964  9.887  41.306 0.2000000030
70929  33.491  3.331  41.124 0.2000000030
70930  32.713  3.765  41.227 0.2000000030
74349  51.609  8.264  39.615 0.2000000030
73498  51.518  6.565  38.844 0.2000000030
71811  33.164  4.002  40.461 0.2000000030
121152  32.564  4.302  40.744 0.2000000030
75198  54.078  9.227  38.091 0.2000000030
71822  32.684  4.734  40.000 0.2000000030
72649  31.955  5.394  40.181 0.2000000030
74367  53.007  7.484  38.054 0.2000000030
124979  51.056  5.876  38.314 0.2000000030
72698  49.758  5.273  37.343 0.2000000030
72667  33.199  5.195  39.091 0.2000000030
73507  51.717  6.366  37.862 0.2000000030
72696  51.160  5.781  37.373 0.2000000030
72712  50.500  5.517  36.777 0.2000000030
72706  32.549  5.990  38.029 0.2000000030
73509  32.190  6.490  37.614 0.2000000030
73502  31.941  6.262  38.325 0.2000000030
75203  32.240  8.180  36.131 0.3000000119
73518  32.528  6.731  36.850 0.2000000030
75988  32.103  8.867  36.219 0.3000000119
75210  32.666  8.511  35.644 0.3000000119
75209  33.298  8.271  35.213 0.3000000119
76759  34.752  10.348  34.808 0.3000000119
76760  34.020  10.193  35.109 0.3000000119
77502  36.808  11.130  34.196 0.3000000119
76757  36.279  10.522  34.220 0.3000000119
76758  35.535  10.499  34.543 0.3000000119
78952  45.752  13.122  32.391 0.6999999881
78254  44.584  12.281  32.288 0.6000000238
78255  43.818  12.096  32.450 0.5000000000
78257  41.863  11.987  32.500 0.3000000119
78258  40.810  12.202  32.561 0.4000000060
77499  39.355  11.785  32.832 0.3000000119
77500  38.517  11.604  33.317 0.4000000060
113024  37.908  11.435  33.603 0.3000000119
72603  49.397  5.205  46.505 0.1000000015
122799  49.348  5.601  44.159 0.1000000015
107602  42.866  2.398  48.535 0.1000000015
72623  49.413  5.893  43.144 0.2000000030
70849  45.763  3.744  48.296 0.1000000015
69942  44.432  3.001  48.217 0.1000000015
74316  50.340  7.491  42.175 0.2000000030
73447  49.818  6.669  42.601 0.2000000030
72617  48.576  5.472  43.476 0.1000000015
70858  45.002  3.378  47.827 0.1000000015
113613  43.498  2.389  47.067 0.1000000015
74327  49.971  8.558  41.624 0.2000000030
69973  44.246  2.805  46.636 0.2000000030
69974  43.400  2.457  46.181 0.2000000030
74317  49.434  7.588  41.953 0.2000000030
108104  48.507  5.766  42.795 0.2000000030
72609  47.947  5.021  43.877 0.2000000030
71765  47.412  4.531  44.382 0.2000000030
71766  46.791  4.107  44.818 0.2000000030
70884  44.777  3.208  45.336 0.2000000030
69987  44.150  2.843  45.782 0.2000000030
121392  46.760  4.328  43.996 0.2000000030
71767  46.036  3.914  44.157 0.2000000030
70891  45.373  3.507  44.769 0.2000000030
111122  32.441  3.230  42.756 0.1000000015
71786  32.246  3.764  41.978 0.1000000015
75948  52.289  10.273  40.937 0.2000000030
71798  32.162  4.333  41.374 0.1000000015
75176  54.173  9.991  39.449 0.2000000030
75960  53.133  10.136  40.521 0.2000000030
75961  51.535  10.157  40.797 0.2000000030
75178  52.513  9.077  39.672 0.2000000030
71812  32.067  4.845  40.757 0.1000000015
75192  54.724  9.799  38.787 0.2000000030
75177  53.497  9.636  39.565 0.2000000030
75968  53.007  9.928  40.087 0.2000000030
73477  51.971  7.297  39.224 0.2000000030
75193  53.934  9.278  38.924 0.2000000030
74347  53.294  8.674  39.145 0.2000000030
74366  53.469  8.320  38.528 0.2000000030
74348  52.735  7.797  39.020 0.2000000030
112197  31.414  6.029  40.329 0.2000000030
73497  52.290  6.951  38.489 0.2000000030
72692  32.472  5.710  38.669 0.2000000030
128599  31.732  5.866  39.725 0.2000000030
108719  31.050  7.186  39.298 0.2000000030
74375  31.408  7.555  37.752 0.2000000030
74368  31.084  7.651  38.599 0.2000000030
75199  31.389  8.689  37.238 0.2000000030
74383  31.554  7.890  37.162 0.2000000030
113898  31.899  9.637  36.502 0.3000000119
75989  31.633  9.020  36.724 0.3000000119
76749  32.317  10.359  36.314 0.3000000119
77493  33.230  11.217  35.924 0.3000000119
76754  32.911  10.492  35.797 0.3000000119
79664  44.326  14.016  32.732 0.5000000000
79665  43.332  13.967  32.762 0.4000000060
79655  41.757  14.528  33.366 0.4000000060
79656  40.897  14.377  33.559 0.4000000060
77496  35.980  11.288  34.734 0.3000000119
77491  35.362  11.776  35.291 0.3000000119
77492  34.592  11.618  35.447 0.3000000119
78953  45.001  12.994  32.534 0.6000000238
79666  42.368  13.878  32.804 0.4000000060
78957  41.124  12.993  32.605 0.4000000060
78247  40.249  12.939  32.819 0.4000000060
78949  39.061  13.038  33.857 0.4000000060
78245  37.643  12.260  34.571 0.4000000060
77495  36.798  11.908  34.810 0.3000000119
71743  48.727  4.798  47.010 0.1000000015
72608  49.173  5.285  45.253 0.1000000015
71757  48.520  4.742  45.950 0.1000000015
71744  47.966  4.552  47.304 0.1000000015
70856  46.313  3.967  47.653 0.1000000015
70857  45.560  3.616  47.520 0.1000000015
109936  47.184  4.157  46.521 0.1000000015
70867  46.527  3.955  46.950 0.1000000015
116099  44.969  3.285  47.076 0.1000000015
123341  48.622  5.268  44.316 0.1000000015
71764  48.215  4.815  44.860 0.1000000015
71758  47.563  4.347  45.510 0.1000000015
123850  47.992  4.471  46.464 0.1000000015
70882  46.351  3.748  46.157 0.1000000015
70883  45.574  3.461  45.766 0.1000000015
71759  46.819  3.960  45.653 0.1000000015
70890  46.176  3.720  45.225 0.2000000030
74358  30.806  7.772  39.489 0.1000000015
74357  30.831  7.252  39.978 0.1000000015
75971  30.746  8.918  39.327 0.1000000015
75979  30.893  9.452  38.732 0.2000000030
115711  30.902  8.608  38.592 0.2000000030
116208  31.228  10.980  38.162 0.2000000030
75983  31.084  9.101  37.946 0.2000000030
76750  31.703  10.377  36.895 0.3000000119
118476  31.365  9.609  37.247 0.3000000119
77488  32.035  11.798  37.120 0.2000000030
77487  32.775  11.719  36.459 0.2000000030
126594  33.482  11.812  36.042 0.3000000119
79652  44.681  14.860  33.275 0.5000000000
79653  43.605  14.780  33.197 0.4000000060
79654  42.660  14.630  33.289 0.4000000060
78941  40.113  14.092  33.872 0.4000000060
77490  36.047  11.967  35.195 0.3000000119
78235  34.292  12.813  36.115 0.3000000119
78948  39.774  13.408  33.477 0.4000000060
78943  38.733  13.217  34.720 0.4000000060
78944  38.045  12.834  35.109 0.4000000060
78937  36.830  13.138  35.788 0.4000000060
79606  33.023  14.540  42.200 0.2000000030
78218  32.119  12.976  40.803 0.2000000030
117904  31.548  11.401  40.136 0.2000000030
76740  31.070  10.341  38.920 0.2000000030
81048  33.418  16.147  42.743 0.2000000030
79608  32.459  14.536  41.566 0.2000000030
78909  31.922  13.751  40.548 0.2000000030
77482  31.388  11.779  38.475 0.2000000030
113981  31.039  10.002  38.064 0.2000000030
80298  32.325  15.297  41.194 0.2000000030
79612  31.950  14.417  40.265 0.3000000119
78912  31.635  13.539  38.852 0.2000000030
77484  31.530  11.785  37.801 0.2000000030
126046  31.863  13.739  38.520 0.2000000030
78232  32.286  13.199  37.512 0.2000000030
78233  31.850  12.527  37.594 0.2000000030
78932  32.964  13.234  36.974 0.2000000030
80359  43.291  15.556  34.606 0.4000000060
80368  42.093  15.146  33.828 0.3000000119
79645  40.623  14.561  34.432 0.4000000060
79646  39.934  14.074  34.916 0.4000000060
78939  35.094  13.020  35.869 0.3000000119
78931  33.767  13.382  36.602 0.2000000030
79640  40.523  14.538  35.586 0.4000000060
78934  39.180  13.711  35.274 0.4000000060
78926  38.099  13.752  36.250 0.4000000060
78928  36.325  13.773  36.106 0.4000000060
81053  32.583  16.082  41.578 0.3000000119
79615  32.004  14.765  39.654 0.3000000119
128038  32.388  15.852  39.163 0.3000000119
79621  31.908  14.307  38.859 0.2000000030
79628  32.861  14.452  37.670 0.2000000030
78925  33.358  13.936  37.167 0.2000000030
80360  42.430  15.438  34.497 0.3000000119
124231  41.770  15.260  34.420 0.3000000119
78929  35.434  13.714  36.172 0.4000000060
79637  34.082  14.187  36.783 0.3000000119
79635  35.803  14.433  36.467 0.3000000119
118773  32.556  15.708  38.597 0.3000000119
80329  33.027  15.441  37.869 0.2000000030
79627  33.574  14.773  37.302 0.2000000030
80340  35.270  15.107  36.861 0.3000000119
79626  34.361  15.002  36.968 0.3000000119
112584  49.006  9.428  41.084 0.2000000030
75950  50.204  9.768  40.968 0.2000000030
75949  51.200  10.110  41.064 0.2000000030
75155  50.519  9.531  41.292 0.2000000030
75179  51.341  9.649  40.282 0.2000000030
78299  45.857  12.155  25.983 0.6000000238
78281  45.227  12.628  27.605 0.6000000238
77539  45.399  12.337  26.710 0.6000000238
123296  50.570  6.634  19.465 0.4000000060
120479  43.871  15.406  33.833 0.5000000000
74438  52.134  7.630  28.334 0.3000000119
73588  49.997  6.792  28.276 0.3000000119
73620  51.720  7.098  26.796 0.3000000119
124981  50.459  6.490  26.803 0.3000000119
119208  56.969  7.556  29.984 0.3000000119
74427  57.359  8.360  28.719 0.3000000119
120973  57.348  9.597  27.466 0.3000000119
73647  51.647  6.448  24.946 0.3000000119
72827  47.304  5.593  25.727 0.3000000119
75299  55.138  8.560  23.813 0.3000000119
75329  56.009  9.569  21.125 0.3000000119
113104  53.837  8.275  19.326 0.4000000060
74537  54.698  8.703  19.396 0.3000000119
75340  55.586  9.256  19.618 0.3000000119
74528  54.796  8.495  20.247 0.3000000119
72743  56.251  5.975  33.698 0.2000000030
71878  54.742  4.278  34.135 0.2000000030
73591  47.912  6.200  28.197 0.3000000119
107427  54.244  8.680  27.958 0.3000000119
123479  54.144  8.542  27.303 0.3000000119
108970  53.731  8.198  26.865 0.3000000119
72804  47.193  5.785  26.992 0.2000000030
126334  47.467  6.231  28.505 0.2000000030
76062  56.462  9.699  26.960 0.3000000119
75281  54.088  8.161  26.016 0.3000000119
74475  54.119  7.890  25.221 0.3000000119
75289  55.645  9.264  25.786 0.3000000119
75290  54.889  8.513  25.309 0.3000000119
74488  52.946  7.120  24.982 0.3000000119
72816  46.904  5.734  26.344 0.2000000030
73625  45.654  6.611  26.693 0.2000000030
124337  55.254  8.669  24.567 0.3000000119
74496  54.455  7.927  23.599 0.3000000119
74498  53.187  7.100  24.299 0.3000000119
73648  50.870  6.102  24.689 0.3000000119
110257  51.513  6.285  24.037 0.3000000119
73669  53.189  6.915  22.620 0.3000000119
127768  52.734  6.671  22.963 0.3000000119
72845  49.230  5.601  23.460 0.3000000119
73671  50.883  6.182  22.320 0.4000000060
126775  48.319  5.802  23.297 0.4000000060
74530  52.985  7.199  20.908 0.4000000060
75360  54.554  8.850  16.965 0.3000000119
74431  50.475  7.349  29.682 0.3000000119
73537  56.510  6.738  33.269 0.2000000030
73613  45.154  6.719  27.478 0.2000000030
111847  44.448  8.001  26.564 0.3000000119
73638  45.821  6.750  25.782 0.3000000119
74478  46.074  7.033  25.006 0.4000000060
75301  45.502  8.475  24.837 0.4000000060
75291  44.963  8.542  25.447 0.5000000000
73670  52.524  6.621  22.434 0.3000000119
74489  46.349  7.461  24.172 0.4000000060
73682  52.216  6.657  21.513 0.4000000060
73683  51.236  6.391  21.605 0.4000000060
73672  50.077  5.917  22.207 0.4000000060
73661  48.079  6.087  22.975 0.4000000060
73662  47.549  6.382  23.367 0.4000000060
74500  46.778  7.600  23.397 0.4000000060
76083  45.826  9.243  24.438 0.5000000000
73693  50.495  6.342  20.922 0.4000000060
73685  48.946  6.286  21.439 0.4000000060
74511  47.082  7.723  22.830 0.4000000060
73686  48.364  6.800  21.447 0.4000000060
74510  47.482  7.431  22.296 0.4000000060
75320  47.207  8.337  22.440 0.4000000060
114085  55.909  5.240  35.847 0.1000000015
74423  52.205  7.551  30.671 0.3000000119
128926  54.645  9.098  30.384 0.3000000119
72787  45.476  5.742  29.341 0.2000000030
73595  43.770  6.570  28.640 0.2000000030
75271  44.230  7.824  27.164 0.3000000119
75292  44.389  8.690  26.159 0.5000000000
75283  43.871  9.054  26.775 0.5000000000
76825  45.884  10.024  24.704 0.6000000238
76831  46.732  9.933  23.774 0.6000000238
74521  47.906  7.449  21.542 0.4000000060
73505  55.974  6.232  37.833 0.2000000030
72695  55.822  5.377  37.521 0.2000000030
120742  50.434  6.608  31.779 0.3000000119
72769  45.398  5.034  30.982 0.3000000119
76784  56.811  10.248  30.747 0.3000000119
73596  43.144  6.814  28.893 0.2000000030
114079  43.503  5.672  29.610 0.2000000030
119535  43.455  9.183  27.404 0.4000000060
75272  43.739  8.454  27.317 0.3000000119
76819  44.688  11.123  26.297 0.6000000238
73551  50.050  6.373  32.485 0.3000000119
73552  49.237  6.266  32.444 0.3000000119
71910  44.916  4.689  31.351 0.2000000030
119144  43.088  7.986  28.433 0.3000000119
72788  42.784  5.850  29.767 0.2000000030
72781  42.435  5.437  30.439 0.2000000030
72782  41.771  5.682  30.806 0.2000000030
115981  43.497  10.541  27.501 0.5000000000
76812  44.063  10.564  26.726 0.5000000000
76042  43.022  9.778  27.906 0.4000000060
128941  43.702  11.269  27.872 0.5000000000
122975  44.268  11.776  27.780 0.5000000000
73538  52.190  6.790  33.410 0.3000000119
118061  55.344  10.071  33.944 0.3000000119
119947  45.266  4.462  32.687 0.3000000119
71020  43.593  3.883  32.640 0.2000000030
71904  41.114  4.109  32.809 0.2000000030
71022  41.894  3.780  32.880 0.2000000030
75253  42.039  8.473  29.684 0.3000000119
73584  41.776  6.924  29.974 0.2000000030
72771  41.446  5.275  31.533 0.2000000030
78272  44.497  12.374  28.886 0.6000000238
77524  43.433  11.384  28.815 0.5000000000
76793  42.869  10.845  29.274 0.5000000000
72761  40.387  5.473  32.500 0.2000000030
71906  39.957  5.034  32.840 0.2000000030
73554  39.731  5.825  32.726 0.2000000030
74425  41.407  7.834  31.339 0.3000000119
114856  41.263  6.936  31.355 0.2000000030
128522  41.081  7.355  31.962 0.4000000060
76751  56.187  10.145  34.422 0.3000000119
75993  55.282  9.918  35.238 0.3000000119
75997  54.974  9.770  34.404 0.3000000119
73532  50.025  6.018  34.098 0.3000000119
76756  56.386  10.158  33.723 0.3000000119
76002  56.646  9.909  33.133 0.3000000119
76770  56.165  10.357  33.020 0.3000000119
114324  44.266  3.653  34.425 0.2000000030
71012  42.590  3.531  33.351 0.2000000030
71013  41.756  3.304  33.656 0.2000000030
71000  42.574  3.210  34.135 0.2000000030
70988  42.396  2.855  35.194 0.2000000030
71001  41.261  2.881  34.340 0.2000000030
71891  40.569  3.904  33.304 0.2000000030
71015  40.007  3.610  33.827 0.2000000030
71016  39.117  3.895  33.875 0.2000000030
72749  39.164  5.183  33.139 0.3000000119
71893  38.613  4.493  33.646 0.1000000015
72750  38.208  5.327  33.421 0.3000000119
76035  42.290  9.348  29.516 0.4000000060
76043  42.617  10.050  28.858 0.4000000060
77519  43.966  11.873  30.339 0.6000000238
77517  43.519  11.312  30.897 0.5000000000
75247  41.653  8.613  31.449 0.3000000119
75233  39.682  8.092  32.606 0.4000000060
76778  43.175  10.713  31.493 0.4000000060
76021  42.292  9.661  31.487 0.3000000119
126530  41.882  9.847  32.346 0.3000000119
74332  45.277  7.992  40.610 0.1000000015
73470  44.618  8.039  40.338 0.1000000015
75171  44.795  8.305  39.938 0.1000000015
75170  45.354  8.419  39.956 0.1000000015
73471  43.928  7.794  40.277 0.1000000015
109678  43.160  7.723  40.033 0.1000000015
74354  46.597  8.500  39.745 0.1000000015
73485  43.220  7.514  39.588 0.1000000015
73472  42.543  7.386  39.828 0.1000000015
107982  41.911  7.234  39.409 0.1000000015
72661  39.761  6.656  39.131 0.1000000015
72647  39.509  5.651  39.847 0.1000000015
71804  39.958  5.085  40.654 0.1000000015
72648  38.819  5.183  39.791 0.1000000015
71807  37.425  4.345  40.048 0.2000000030
70936  37.832  3.570  40.811 0.2000000030
72658  42.856  6.988  39.093 0.1000000015
72681  45.776  5.164  38.867 0.1000000015
118106  44.875  5.234  38.838 0.1000000015
72683  43.479  5.894  38.839 0.1000000015
72684  42.613  6.044  38.707 0.1000000015
72685  40.767  6.555  38.373 0.1000000015
119411  41.727  6.328  38.570 0.1000000015
121778  40.169  6.802  38.326 0.1000000015
73501  39.591  6.670  38.140 0.1000000015
120599  47.282  4.709  38.482 0.1000000015
70953  44.644  3.934  37.952 0.1000000015
70955  42.974  3.979  38.074 0.1000000015
70954  43.788  3.913  38.082 0.1000000015
71838  41.412  5.301  38.233 0.1000000015
71846  41.920  4.242  37.942 0.1000000015
71849  39.456  5.342  37.499 0.1000000015
71847  41.097  4.459  37.843 0.1000000015
72700  39.098  6.340  37.780 0.1000000015
72701  38.189  6.350  37.821 0.1000000015
72702  37.311  6.198  37.821 0.1000000015
71879  47.261  4.864  34.744 0.3000000119
114251  44.985  3.699  37.237 0.1000000015
70964  43.367  3.534  37.544 0.1000000015
70966  41.713  3.460  37.370 0.1000000015
70968  39.766  4.029  37.321 0.1000000015
71860  38.975  4.382  37.086 0.1000000015
71861  38.210  4.588  36.845 0.1000000015
72704  35.531  5.662  37.590 0.2000000030
71870  46.734  4.435  35.520 0.3000000119
71859  45.959  4.005  36.046 0.2000000030
115368  43.730  3.325  36.826 0.1000000015
121501  43.962  3.353  36.046 0.2000000030
70974  45.392  3.760  36.583 0.1000000015
70976  43.080  3.083  36.081 0.1000000015
70979  40.155  3.043  36.591 0.2000000030
113634  40.528  2.615  35.738 0.2000000030
70977  42.067  2.828  36.279 0.2000000030
71873  37.948  3.998  35.935 0.1000000015
124021  38.370  3.601  35.442 0.1000000015
71863  36.780  4.784  35.953 0.1000000015
71003  39.444  3.383  34.514 0.2000000030
70992  37.797  3.918  34.897 0.1000000015
71004  38.581  3.733  34.497 0.1000000015
71875  36.659  4.771  35.164 0.1000000015
71883  37.295  4.540  34.537 0.1000000015
72728  36.032  5.237  34.970 0.2000000030
71894  37.706  4.760  33.866 0.1000000015
72739  37.075  4.978  34.151 0.2000000030
72740  36.502  5.474  34.188 0.2000000030
73523  35.023  6.051  34.886 0.2000000030
73533  36.086  6.116  33.940 0.3000000119
74404  35.543  7.446  33.779 0.3000000119
74412  38.672  7.720  32.715 0.3000000119
73556  38.168  6.898  32.908 0.4000000060
74403  36.204  7.680  33.464 0.3000000119
76014  40.851  9.257  32.455 0.4000000060
75224  37.236  8.124  33.024 0.4000000060
77505  43.481  11.402  32.324 0.4000000060
76779  42.839  10.189  31.978 0.3000000119
76773  42.002  10.271  32.457 0.3000000119
116776  41.331  9.933  32.451 0.3000000119
69933  36.516  2.547  49.720 0.1000000015
69947  37.984  2.118  49.161 0.1000000015
69129  37.604  1.828  48.321 0.1000000015
69142  37.119  1.544  47.514 0.1000000015
69158  37.482  1.340  46.786 0.1000000015
69157  38.664  1.402  46.716 0.1000000015
122322  36.298  1.093  46.121 0.1000000015
109101  34.902  0.887  46.160 0.1000000015
124241  34.166  1.125  46.134 0.1000000015
69172  40.873  1.796  45.426 0.1000000015
69173  39.288  1.542  45.398 0.1000000015
69174  38.304  1.372  45.388 0.1000000015
69175  37.444  1.243  45.430 0.1000000015
69191  35.588  0.911  44.812 0.1000000015
70003  40.550  2.109  44.544 0.1000000015
109298  37.229  1.396  44.154 0.1000000015
69203  35.680  1.165  43.944 0.1000000015
70013  33.473  1.965  43.965 0.1000000015
70010  40.630  2.510  43.616 0.1000000015
123740  41.333  2.766  43.541 0.1000000015
124390  41.935  2.422  44.580 0.1000000015
69200  38.887  1.845  43.877 0.2000000030
70004  39.764  2.192  43.760 0.1000000015
70903  41.715  3.238  43.144 0.1000000015
70019  39.009  2.600  42.400 0.2000000030
115346  38.248  1.939  43.267 0.2000000030
70012  37.646  2.109  42.615 0.2000000030
69211  36.242  1.721  42.821 0.2000000030
69212  35.420  1.715  42.773 0.2000000030
69213  34.564  1.823  42.859 0.1000000015
75158  46.710  8.740  40.413 0.2000000030
70912  40.343  3.303  42.314 0.1000000015
70921  40.635  3.881  41.861 0.1000000015
70914  38.897  2.923  41.851 0.2000000030
70922  39.931  3.703  41.718 0.2000000030
111604  37.808  2.925  41.432 0.2000000030
70028  37.367  2.502  41.849 0.2000000030
70029  36.524  2.505  41.680 0.2000000030
70030  35.628  2.521  41.552 0.2000000030
75166  49.742  9.540  40.667 0.2000000030
75182  46.847  8.921  39.997 0.2000000030
110310  43.311  6.160  41.067 0.1000000015
71792  43.195  5.038  41.695 0.1000000015
71793  42.232  4.833  41.603 0.1000000015
71795  40.347  4.440  41.347 0.1000000015
71796  39.558  4.202  41.138 0.1000000015
71797  38.767  3.876  40.913 0.2000000030
70927  35.305  2.975  40.895 0.2000000030
74352  48.454  8.700  39.773 0.2000000030
70938  35.914  3.479  40.364 0.2000000030
71808  36.483  4.165  39.872 0.2000000030
71820  35.239  4.676  39.388 0.2000000030
114981  34.869  4.104  39.844 0.2000000030
72678  48.450  5.400  38.993 0.1000000015
72725  49.595  5.501  35.490 0.3000000119
71844  48.437  4.800  37.577 0.1000000015
72666  34.782  5.126  38.976 0.2000000030
71869  47.520  4.795  35.436 0.3000000119
70961  46.194  4.189  37.321 0.1000000015
108650  47.078  4.378  37.170 0.1000000015
72718  34.017  5.857  36.883 0.2000000030
71857  47.454  4.590  36.296 0.1000000015
121153  45.566  3.918  37.130 0.1000000015
73524  34.352  6.246  35.449 0.2000000030
74390  32.668  7.749  35.813 0.2000000030
75217  34.348  8.016  34.474 0.2000000030
75226  35.845  8.359  33.645 0.3000000119
117358  35.333  8.814  34.066 0.3000000119
112294  39.949  9.891  32.579 0.4000000060
76015  38.990  9.577  32.682 0.4000000060
76016  37.954  9.370  32.824 0.4000000060
76005  37.221  8.802  33.116 0.4000000060
76006  36.510  9.031  33.490 0.3000000119
76766  36.433  9.815  33.801 0.3000000119
78262  45.277  12.578  31.435 0.6999999881
78263  44.753  12.081  31.886 0.6000000238
117645  42.907  11.082  32.545 0.4000000060
77506  42.184  10.992  32.594 0.3000000119
69935  34.676  2.577  49.418 0.1000000015
69951  34.277  2.193  48.738 0.1000000015
70841  33.343  3.192  49.771 0.1000000015
69930  39.625  2.235  49.529 0.1000000015
123171  39.378  1.965  48.882 0.1000000015
69953  32.796  2.427  48.009 0.1000000015
69127  39.643  1.708  48.228 0.1000000015
69126  40.537  1.800  48.122 0.1000000015
69140  39.078  1.501  47.533 0.1000000015
69155  40.200  1.513  46.672 0.1000000015
70001  42.641  2.599  44.748 0.1000000015
70006  32.767  2.434  44.239 0.1000000015
71779  46.863  4.989  42.784 0.2000000030
70901  43.430  3.519  43.389 0.1000000015
70000  43.360  2.883  44.647 0.1000000015
72635  46.111  6.261  41.676 0.2000000030
71781  45.257  4.571  42.622 0.2000000030
71782  44.358  4.361  42.516 0.2000000030
123700  43.487  3.801  42.876 0.2000000030
71783  43.525  4.239  42.444 0.1000000015
72628  43.950  4.797  42.023 0.1000000015
71784  42.695  4.285  42.242 0.1000000015
75967  53.758  10.217  39.973 0.2000000030
71810  34.105  3.812  40.229 0.2000000030
72651  49.784  6.004  39.222 0.2000000030
118711  49.140  5.531  38.935 0.2000000030
71821  33.579  4.482  39.711 0.2000000030
72677  49.657  5.409  38.325 0.2000000030
72699  49.061  5.041  36.964 0.2000000030
72705  33.076  6.088  37.408 0.2000000030
120049  33.199  5.657  38.232 0.2000000030
74382  32.178  7.560  36.529 0.3000000119
74397  33.752  7.936  34.842 0.2000000030
128752  33.741  9.516  35.038 0.3000000119
123554  34.358  9.558  34.709 0.3000000119
121214  38.339  10.105  32.833 0.4000000060
76765  36.951  10.403  33.737 0.3000000119
76764  37.465  10.971  33.643 0.3000000119
69125  41.416  1.934  48.081 0.1000000015
69138  41.944  1.813  47.384 0.2000000030
69960  43.639  2.518  47.927 0.1000000015
69154  41.665  1.706  46.666 0.1000000015
69988  43.361  2.645  45.325 0.2000000030
71771  47.194  4.709  43.465 0.2000000030
70885  44.016  2.987  44.954 0.2000000030
72668  32.315  5.453  39.438 0.2000000030
73510  31.520  6.902  37.988 0.2000000030
110711  31.402  6.734  38.798 0.2000000030
75204  31.788  8.351  36.633 0.2000000030
74374  31.829  7.157  37.271 0.2000000030
75994  32.566  9.573  35.801 0.3000000119
114117  33.321  9.945  35.397 0.3000000119
76753  33.616  10.725  35.506 0.3000000119
76752  34.335  10.921  35.261 0.3000000119
77497  35.097  11.088  35.027 0.3000000119
78954  44.081  13.019  32.541 0.6000000238
78955  43.106  13.020  32.515 0.4000000060
78956  42.108  12.977  32.518 0.4000000060
78259  40.039  12.248  32.679 0.4000000060
78248  39.509  12.679  33.144 0.4000000060
78250  38.072  12.016  33.860 0.3000000119
78244  38.373  12.624  34.255 0.4000000060
78249  38.775  12.343  33.516 0.4000000060
77501  37.425  11.628  34.095 0.3000000119
69959  44.328  2.862  47.457 0.1000000015
70869  44.919  3.218  46.244 0.1000000015
71799  31.676  5.035  41.523 0.1000000015
75969  52.229  10.083  40.449 0.2000000030
71813  31.541  5.547  40.908 0.1000000015
73489  31.278  6.526  39.662 0.2000000030
75194  31.206  8.243  37.867 0.2000000030
127881  32.697  10.984  36.236 0.3000000119
113412  32.183  11.059  36.723 0.3000000119
117351  33.880  11.437  35.626 0.3000000119
80367  42.955  15.265  33.797 0.3000000119
78946  41.425  13.812  32.887 0.4000000060
78947  40.537  13.696  33.136 0.4000000060
77486  34.058  12.115  35.820 0.3000000119
78240  36.432  12.512  35.428 0.4000000060
70868  45.744  3.610  46.776 0.1000000015
75970  30.974  9.660  39.550 0.2000000030
76747  31.341  10.414  37.540 0.2000000030
118957  31.313  11.378  39.217 0.2000000030
114589  31.605  11.079  37.356 0.2000000030
78237  32.489  12.524  36.964 0.2000000030
78236  33.399  12.516  36.416 0.3000000119
79644  41.328  14.961  33.996 0.3000000119
78241  35.612  12.444  35.532 0.3000000119
78242  34.819  12.311  35.647 0.3000000119
78942  39.431  13.625  34.320 0.4000000060
78935  38.431  13.422  35.588 0.4000000060
78239  37.255  12.622  35.296 0.4000000060
78936  37.669  13.217  35.763 0.4000000060
78938  35.939  13.117  35.774 0.4000000060
80294  33.242  15.359  42.514 0.2000000030
77474  31.858  12.199  40.445 0.2000000030
78219  31.699  13.008  40.139 0.2000000030
78903  32.786  13.767  41.819 0.2000000030
78905  32.256  13.756  41.237 0.2000000030
76738  31.310  10.518  39.812 0.2000000030
77476  31.484  12.231  39.756 0.2000000030
80295  32.684  15.311  41.896 0.2000000030
79611  32.073  14.500  40.923 0.2000000030
78910  31.731  13.847  39.689 0.2000000030
124654  31.414  12.310  38.983 0.2000000030
80301  32.159  15.204  40.375 0.3000000119
78920  31.743  13.218  38.144 0.2000000030
78222  31.523  12.993  39.369 0.2000000030
78229  31.509  12.455  38.273 0.2000000030
78919  32.256  13.922  38.085 0.2000000030
127732  32.733  13.738  37.471 0.2000000030
79639  41.228  14.988  34.906 0.3000000119
79641  39.664  14.153  35.850 0.4000000060
78930  34.588  13.570  36.349 0.2000000030
79642  38.880  13.913  36.126 0.4000000060
78927  37.245  13.744  36.183 0.4000000060
80305  32.255  15.523  39.668 0.3000000119
79614  32.190  15.200  39.029 0.2000000030
79620  32.439  14.844  38.349 0.2000000030
79636  34.902  14.356  36.557 0.3000000119
80328  33.836  15.597  37.452 0.3000000119
108316  50.475  5.189  16.041 0.2000000030
72035  49.052  4.688  16.476 0.3000000119
128532  48.331  4.943  16.464 0.2000000030
81068  41.193  16.924  38.815 0.4000000060
73742  51.306  6.850  14.761 0.4000000060
73750  51.449  7.232  14.804 0.4000000060
72905  51.689  6.427  15.096 0.4000000060
72907  50.128  5.719  15.382 0.4000000060
72906  50.933  5.995  15.246 0.2000000030
121991  52.364  6.762  15.060 0.3000000119
116485  49.447  5.634  15.438 0.3000000119
72899  47.805  5.495  16.183 0.2000000030
72036  47.545  4.911  16.702 0.2000000030
72900  46.884  5.414  16.350 0.2000000030
125331  46.130  5.163  16.548 0.1000000015
72037  45.605  4.884  16.835 0.1000000015
72890  44.701  5.504  17.252 0.1000000015
73724  44.844  6.400  17.258 0.1000000015
126076  36.251  21.789  35.951 0.2000000030
83357  36.483  20.050  35.473 0.2000000030
84689  35.895  21.384  36.549 0.2000000030
74581  51.063  7.392  14.886 0.4000000060
73752  50.187  6.875  14.712 0.4000000060
72898  48.775  5.303  15.827 0.2000000030
72902  45.156  5.813  16.778 0.1000000015
73733  46.160  5.973  16.168 0.1000000015
73735  45.420  6.657  16.615 0.1000000015
73715  44.468  6.644  18.198 0.1000000015
74566  44.943  7.308  17.615 0.1000000015
75363  45.191  8.123  17.898 0.2000000030
76133  45.736  9.823  18.453 0.2000000030
111979  46.102  10.546  18.394 0.2000000030
74563  50.200  7.481  16.418 0.4000000060
74574  50.337  7.617  15.255 0.4000000060
73751  50.783  7.269  14.795 0.4000000060
74587  50.019  7.654  14.650 0.4000000060
73753  49.356  7.037  14.632 0.3000000119
72908  48.973  6.105  15.202 0.3000000119
73745  48.427  6.660  14.988 0.3000000119
114494  47.525  6.794  15.257 0.3000000119
72909  48.094  6.095  15.605 0.3000000119
73746  46.611  6.816  15.729 0.3000000119
72910  47.114  6.113  15.858 0.2000000030
73734  45.949  6.793  16.181 0.1000000015
74576  45.712  7.514  16.390 0.1000000015
74577  45.280  7.167  16.931 0.1000000015
119446  45.580  11.791  21.847 0.1000000015
75370  45.566  8.649  17.177 0.2000000030
77575  45.814  11.337  21.075 0.1000000015
76864  46.009  10.298  17.616 0.2000000030
111887  46.135  11.912  20.586 0.1000000015
76857  46.366  11.207  18.881 0.2000000030
74582  50.292  7.596  14.761 0.4000000060
75377  49.767  8.123  14.361 0.4000000060
74588  49.490  7.988  13.996 0.4000000060
73754  48.370  7.513  14.475 0.3000000119
128067  48.931  8.279  13.756 0.4000000060
73747  46.213  7.521  15.765 0.2000000030
77570  45.090  11.496  22.489 0.1000000015
75374  45.725  8.357  16.399 0.2000000030
75362  45.511  8.939  18.150 0.2000000030
77583  46.085  11.015  20.044 0.2000000030
75382  49.476  8.877  13.749 0.5000000000
75383  48.663  8.870  13.623 0.4000000060
74589  47.897  8.268  14.319 0.4000000060
74590  47.544  8.867  14.247 0.4000000060
75379  46.405  8.222  15.384 0.2000000030
77582  46.372  11.921  19.684 0.2000000030
77595  46.510  11.790  18.096 0.2000000030
121107  46.526  12.045  18.881 0.2000000030
78333  46.258  12.699  20.292 0.2000000030
79035  46.244  13.482  20.072 0.2000000030
76885  48.486  10.563  13.424 0.3000000119
76880  46.494  10.352  15.154 0.3000000119
76142  46.068  9.761  15.870 0.3000000119
76869  45.975  10.033  16.713 0.2000000030
76868  46.212  10.837  16.954 0.2000000030
77622  47.095  11.003  14.537 0.3000000119
76875  46.205  10.613  16.063 0.3000000119
77615  46.568  11.230  15.358 0.3000000119
78370  46.736  12.024  15.654 0.2000000030
77607  46.381  11.425  16.315 0.2000000030
76863  46.334  11.027  17.848 0.2000000030
78363  46.566  12.167  16.599 0.2000000030
78349  46.607  12.598  18.381 0.2000000030
78341  46.496  12.828  19.389 0.2000000030
112588  48.658  11.753  13.551 0.3000000119
109341  49.093  11.974  13.613 0.4000000060
78375  48.563  12.595  13.817 0.4000000060
77614  47.471  11.826  14.405 0.4000000060
77601  46.403  11.609  17.196 0.2000000030
79028  45.509  13.211  21.491 0.1000000015
79741  45.273  13.957  21.182 0.2000000030
80453  44.730  15.520  20.748 0.2000000030
79072  49.724  13.590  13.829 0.4000000060
79036  45.857  13.392  20.775 0.1000000015
79750  45.710  14.236  20.416 0.1000000015
81970  40.723  18.248  20.666 0.3000000119
79073  48.962  13.474  13.822 0.4000000060
78362  46.900  12.643  16.057 0.2000000030
79749  46.224  14.063  19.817 0.2000000030
78369  47.340  12.706  15.016 0.3000000119
125114  46.669  13.429  18.759 0.2000000030
79060  46.793  12.918  16.822 0.2000000030
78355  46.585  12.372  17.462 0.3000000119
81206  44.388  16.265  20.512 0.2000000030
81967  43.862  17.055  20.126 0.3000000119
79071  50.111  13.823  13.939 0.4000000060
79793  50.138  14.327  13.945 0.4000000060
82755  41.124  18.664  19.986 0.4000000060
79066  47.931  13.529  14.501 0.3000000119
79751  45.007  14.746  20.922 0.2000000030
81969  41.570  17.981  20.472 0.3000000119
79059  47.269  13.457  15.891 0.4000000060
79042  46.460  13.615  19.477 0.2000000030
114541  46.755  13.174  17.765 0.2000000030
81220  44.826  16.774  20.000 0.3000000119
81986  43.643  17.894  19.524 0.3000000119
82756  40.282  18.897  20.169 0.3000000119
79787  49.882  15.003  14.154 0.4000000060
82771  40.811  19.367  19.605 0.3000000119
83518  40.676  19.958  19.453 0.4000000060
79781  47.864  14.308  15.159 0.4000000060
117958  48.810  14.773  14.623 0.4000000060
82770  41.582  19.139  19.291 0.3000000119
81987  42.794  18.149  19.626 0.3000000119
82769  42.436  18.866  19.084 0.3000000119
82768  43.326  18.645  18.930 0.3000000119
80491  50.632  15.566  14.612 0.4000000060
80492  49.502  15.444  14.942 0.4000000060
80486  49.163  15.449  16.167 0.4000000060
79772  48.131  14.859  16.908 0.4000000060
79780  48.405  14.905  15.646 0.4000000060
110270  47.557  14.300  16.352 0.4000000060
79766  46.948  14.065  18.185 0.3000000119
83517  41.333  20.024  18.953 0.4000000060
84169  41.684  21.190  18.883 0.4000000060
84802  41.326  21.460  19.598 0.4000000060
79052  47.083  13.698  17.093 0.3000000119
83516  42.211  19.721  18.646 0.4000000060
83528  42.270  20.699  18.413 0.4000000060
81205  45.187  15.992  20.292 0.3000000119
82779  43.052  19.475  18.397 0.3000000119
83527  43.050  20.390  17.973 0.4000000060
81985  44.557  17.627  19.493 0.3000000119
80475  51.457  16.204  15.827 0.4000000060
80476  50.051  15.785  16.801 0.4000000060
80466  50.970  16.237  17.287 0.4000000060
80477  48.721  15.434  17.463 0.4000000060
79758  46.599  14.285  19.214 0.2000000030
79759  46.057  14.761  19.828 0.3000000119
80452  45.427  15.160  20.333 0.3000000119
84793  41.861  22.418  20.090 0.4000000060
85473  41.776  22.747  20.925 0.4000000060
84801  42.153  22.118  19.290 0.4000000060
85472  42.196  22.860  20.724 0.4000000060
84800  42.908  22.012  19.161 0.5000000000
82767  44.284  18.511  18.809 0.3000000119
119643  45.428  17.255  19.589 0.3000000119
82766  45.398  18.439  18.874 0.3000000119
82777  44.994  19.565  18.027 0.3000000119
86096  39.689  24.079  23.489 0.4000000060
85458  40.579  24.233  22.973 0.4000000060
85463  40.855  23.787  22.644 0.6000000238
85462  41.678  23.520  22.551 0.6000000238
85461  41.957  23.458  22.080 0.6000000238
85467  41.855  23.260  21.762 0.4000000060
80469  47.060  14.911  18.744 0.3000000119
84784  42.254  22.774  21.355 0.5000000000
84776  42.090  23.232  21.870 0.4000000060
116509  46.521  15.094  19.388 0.3000000119
80461  45.959  15.694  19.787 0.3000000119
84792  42.658  22.350  20.126 0.4000000060
126218  43.868  21.297  17.636 0.5000000000
84799  43.932  21.604  18.366 0.5000000000
81219  45.551  16.445  19.883 0.3000000119
83525  45.627  20.628  17.085 0.5000000000
83533  44.131  21.007  17.204 0.5000000000
81218  46.215  16.662  19.577 0.3000000119
81984  46.028  17.682  19.370 0.3000000119
82776  46.065  19.924  17.950 0.3000000119
86721  40.414  25.085  23.692 0.3000000119
86089  39.798  25.072  23.677 0.2000000030
86094  40.738  24.799  23.467 0.4000000060
86095  40.660  24.805  23.379 0.4000000060
85452  41.079  24.009  23.689 0.5000000000
85457  41.302  24.464  22.960 0.6000000238
84770  41.621  23.628  22.638 0.6000000238
80467  49.471  15.843  18.141 0.4000000060
122522  41.663  21.542  22.668 0.6000000238
80468  47.477  15.535  18.713 0.4000000060
81229  47.691  16.311  19.078 0.4000000060
108774  42.180  22.046  21.946 0.6000000238
80460  46.833  15.824  19.251 0.3000000119
126316  42.503  22.424  20.744 0.6000000238
81217  46.948  16.688  19.372 0.3000000119
81983  46.736  17.520  19.420 0.4000000060
117019  44.893  21.543  17.688 0.5000000000
84791  43.451  21.775  19.295 0.5000000000
83532  45.229  21.102  16.793 0.5000000000
84798  45.710  21.479  17.329 0.5000000000
84790  44.355  21.512  18.515 0.5000000000
112705  46.559  18.876  18.996 0.4000000060
83531  45.885  21.162  16.913 0.5000000000
84167  46.430  21.313  17.819 0.6000000238
124125  40.567  24.270  24.343 0.3000000119
81226  51.577  16.640  18.066 0.5000000000
84765  40.606  22.633  24.586 0.5000000000
109349  41.265  23.892  23.367 0.5000000000
81227  50.096  16.440  18.733 0.4000000060
109915  41.458  22.147  23.144 0.6000000238
84771  41.086  22.546  23.744 0.6000000238
81216  48.376  17.122  19.304 0.4000000060
84151  42.722  21.625  21.187 0.6999999881
118080  47.473  17.338  19.351 0.4000000060
84149  44.106  20.580  20.462 0.6000000238
113414  47.365  18.468  19.332 0.5000000000
84168  45.320  21.434  18.156 0.6999999881
82765  47.392  19.654  18.949 0.5000000000
83523  46.997  20.415  18.225 0.5000000000
83524  46.436  20.968  17.343 0.5000000000
84166  47.097  21.114  17.981 0.5000000000
84158  45.861  20.983  18.884 0.6999999881
83500  47.435  20.601  18.847 0.5000000000
83515  47.541  20.421  18.943 0.5000000000
81213  51.838  17.341  18.644 0.5000000000
81215  49.472  16.964  19.385 0.5000000000
81228  48.870  16.288  18.912 0.4000000060
84150  43.387  20.792  20.901 0.6999999881
81981  48.906  18.247  19.338 0.5000000000
81982  48.089  18.313  19.336 0.5000000000
84159  44.428  21.188  19.312 0.6999999881
120921  48.636  19.420  19.340 0.6000000238
83501  46.474  20.327  19.684 0.6999999881
82764  47.956  19.518  19.317 0.6000000238
84157  47.055  21.043  18.433 0.6000000238
83513  48.981  19.905  19.481 0.6000000238
83514  48.319  19.929  19.488 0.6000000238
83499  47.905  20.099  19.330 0.6000000238
81978  52.031  18.174  19.102 0.5000000000
82762  52.228  19.124  19.389 0.6000000238
81214  50.570  17.078  19.190 0.5000000000
81980  49.844  18.253  19.425 0.6000000238
120876  51.061  19.374  19.416 0.6999999881
120922  49.292  19.486  19.333 0.6000000238
125182  51.392  19.794  19.691 0.6999999881
83512  49.571  19.946  19.475 0.6000000238
83497  49.140  20.030  19.618 0.6999999881
83498  48.559  19.988  19.581 0.6999999881
83480  49.254  19.759  20.418 0.6999999881
126801  50.468  20.072  19.793 0.6000000238
83496  49.785  20.087  19.664 0.6999999881
84063  35.923  20.901  36.019 0.2000000030
84062  36.303  20.719  35.404 0.2000000030
116026  46.651  8.886  14.977 0.3000000119
76146  46.051  8.864  15.728 0.2000000030
76143  45.782  9.186  16.477 0.2000000030
76138  45.746  9.493  17.406 0.2000000030
121786  49.273  9.581  13.656 0.5000000000
120440  48.279  9.501  13.636 0.3000000119
78374  49.374  12.860  13.768 0.4000000060
83511  50.415  19.940  19.560 0.6000000238
73740  52.522  7.322  15.192 0.4000000060
74580  51.774  7.356  14.931 0.4000000060
73741  51.890  7.116  14.774 0.4000000060
72034  49.610  5.077  15.921 0.2000000030
73743  50.546  6.540  14.907 0.4000000060
73744  49.779  6.320  15.014 0.3000000119
119662  45.616  6.154  16.416 0.1000000015
74565  45.429  7.851  17.023 0.2000000030
74584  47.042  7.640  15.077 0.3000000119
74585  45.968  8.109  15.924 0.2000000030
122693  46.993  8.358  14.805 0.3000000119
77621  48.188  11.149  13.609 0.3000000119
76886  47.347  10.370  14.214 0.3000000119
76150  47.980  9.991  13.606 0.3000000119
126973  46.728  9.944  14.778 0.3000000119
124262  49.380  14.202  13.954 0.4000000060
84170  41.034  20.585  19.317 0.4000000060
82778  43.954  19.394  18.183 0.3000000119
79773  47.379  14.409  17.468 0.3000000119
126567  47.260  14.582  18.140 0.3000000119
83526  44.612  20.392  17.307 0.4000000060
85477  42.373  22.517  20.119 0.4000000060
85471  42.260  22.801  20.807 0.5000000000
79765  47.679  15.067  17.984 0.4000000060
109801  48.245  15.709  18.414 0.4000000060
84777  42.020  22.958  22.265 0.6000000238
84160  43.211  21.691  20.245 0.6000000238
83487  43.062  20.248  21.547 0.6000000238
81979  50.907  18.261  19.375 0.6000000238
82763  50.091  19.543  19.329 0.6000000238
76151  47.189  9.553  14.397 0.3000000119
76145  46.436  9.548  15.189 0.3000000119
116824  35.172  19.916  38.546 0.2000000030
83329  35.704  19.310  38.319 0.2000000030
107271  34.985  19.174  38.686 0.2000000030
82552  35.529  18.510  38.485 0.2000000030
124320  35.603  17.844  38.422 0.2000000030
127884  35.218  17.332  38.241 0.2000000030
81801  36.431  18.033  38.454 0.2000000030
81090  36.268  16.626  37.711 0.2000000030
81091  35.213  16.614  37.767 0.2000000030
81092  34.192  16.309  37.749 0.2000000030
81073  36.860  17.371  38.274 0.2000000030
80326  35.725  15.853  37.274 0.2000000030
80325  36.718  15.875  37.271 0.3000000119
114745  34.735  18.580  38.719 0.2000000030
81802  34.785  17.846  38.529 0.2000000030
81803  33.864  17.405  38.602 0.2000000030
119628  33.649  16.659  38.249 0.2000000030
127589  33.467  16.083  37.870 0.2000000030
80338  37.211  15.168  36.822 0.3000000119
85369  36.201  21.986  37.049 0.1000000015
119201  35.717  21.557  37.639 0.1000000015
84047  35.555  20.929  37.514 0.1000000015
84044  35.352  21.170  38.377 0.2000000030
128095  35.361  20.566  38.292 0.2000000030
84045  34.817  20.633  38.984 0.2000000030
83347  36.128  19.863  36.875 0.1000000015
83333  35.730  20.145  37.758 0.2000000030
83330  34.515  19.770  39.138 0.2000000030
82546  34.310  18.980  39.183 0.2000000030
83328  36.301  18.731  38.258 0.2000000030
81800  37.375  17.931  38.482 0.2000000030
81804  33.123  16.930  38.750 0.2000000030
81089  37.230  16.596  37.858 0.2000000030
80324  37.666  15.836  37.370 0.3000000119
81755  41.917  17.053  45.956 0.1000000015
81025  40.231  16.104  45.596 0.1000000015
84696  36.260  21.434  35.546 0.1000000015
85364  36.080  22.265  37.848 0.1000000015
77469  32.069  11.379  40.773 0.1000000015
76734  31.688  10.595  40.545 0.1000000015
84056  35.802  20.634  36.744 0.1000000015
82590  36.733  19.147  37.032 0.2000000030
82567  36.755  18.857  37.897 0.2000000030
82551  37.033  18.383  38.283 0.2000000030
81072  37.762  17.328  38.393 0.3000000119
84041  34.243  20.283  39.708 0.2000000030
81790  33.372  17.657  39.194 0.2000000030
80310  32.969  16.253  38.322 0.2000000030
81088  38.130  16.517  38.086 0.3000000119
79633  37.688  14.394  36.545 0.3000000119
81753  44.066  18.055  46.314 0.1000000015
81741  43.566  17.203  46.279 0.1000000015
81740  44.492  17.110  46.405 0.1000000015
82510  43.400  18.619  45.943 0.1000000015
122243  42.412  17.688  45.906 0.1000000015
111558  41.762  17.876  45.714 0.1000000015
81756  41.105  17.337  45.686 0.1000000015
113916  41.128  16.514  45.789 0.1000000015
127074  40.504  16.895  45.651 0.1000000015
81026  39.314  16.270  45.401 0.1000000015
80279  38.601  15.823  45.122 0.1000000015
81027  38.720  16.653  45.299 0.1000000015
109242  37.742  15.787  44.748 0.1000000015
79600  36.262  14.081  43.646 0.1000000015
108047  36.589  22.269  35.437 0.1000000015
78211  33.899  12.714  42.091 0.1000000015
84688  36.557  22.245  36.282 0.1000000015
77473  32.460  12.159  41.032 0.1000000015
84055  36.142  20.302  36.066 0.1000000015
118936  35.543  21.923  38.535 0.1000000015
108221  36.521  19.595  36.066 0.1000000015
84679  35.107  21.496  39.167 0.2000000030
82589  37.421  18.726  36.576 0.2000000030
82566  37.460  18.614  37.768 0.2000000030
83325  33.927  19.496  39.720 0.2000000030
82547  33.619  18.541  39.658 0.2000000030
81791  32.734  17.059  39.419 0.2000000030
82565  38.433  18.316  38.143 0.2000000030
81799  38.186  17.980  38.458 0.2000000030
81076  32.621  16.399  38.946 0.2000000030
108469  38.142  18.449  37.110 0.2000000030
81798  38.911  18.083  38.392 0.2000000030
80323  38.552  15.739  37.571 0.3000000119
81087  38.885  16.429  38.096 0.3000000119
79632  38.539  14.369  36.651 0.3000000119
80336  39.000  14.895  37.284 0.4000000060
80264  45.868  15.417  46.238 0.1000000015
79578  45.952  14.533  46.028 0.1000000015
81739  45.417  16.968  46.464 0.1000000015
80262  47.771  14.982  46.278 0.1000000015
81752  45.075  17.873  46.414 0.1000000015
121795  46.955  16.492  46.480 0.1000000015
110391  47.305  15.779  46.383 0.1000000015
124624  44.100  18.823  46.030 0.1000000015
82509  44.815  18.670  46.141 0.1000000015
82508  45.698  18.544  46.255 0.1000000015
81738  46.278  16.776  46.474 0.1000000015
121374  49.165  17.528  46.119 0.1000000015
82511  42.494  18.434  45.776 0.1000000015
82507  46.607  18.414  46.303 0.1000000015
81022  47.030  17.437  46.475 0.1000000015
81750  48.164  17.517  46.359 0.1000000015
82512  40.983  18.099  45.516 0.1000000015
82513  40.212  18.332  45.347 0.1000000015
81757  40.343  17.565  45.516 0.1000000015
126536  39.180  16.789  45.434 0.1000000015
79597  37.686  14.929  44.524 0.1000000015
113121  39.569  17.784  45.392 0.1000000015
81758  39.021  17.254  45.401 0.1000000015
81028  38.039  16.528  45.019 0.1000000015
78895  37.028  13.725  43.797 0.1000000015
128648  37.458  16.470  44.742 0.1000000015
122596  37.155  15.428  44.472 0.1000000015
80289  36.447  15.616  44.300 0.1000000015
79598  35.920  15.002  43.900 0.1000000015
79601  35.301  14.344  43.476 0.1000000015
78898  35.020  13.580  43.033 0.1000000015
78901  34.446  13.184  42.561 0.1000000015
79604  34.409  14.780  43.343 0.1000000015
121528  34.254  13.981  43.007 0.1000000015
79605  33.687  14.625  42.846 0.1000000015
78212  33.223  13.089  41.808 0.1000000015
86000  37.266  23.317  35.868 0.1000000015
85372  37.378  22.890  36.360 0.1000000015
85368  36.991  22.569  37.036 0.1000000015
122593  39.580  22.337  31.722 0.1000000015
86046  38.586  23.110  31.817 0.1000000015
85363  36.568  22.754  38.152 0.1000000015
85361  35.465  22.227  39.342 0.2000000030
84676  34.609  21.054  39.734 0.2000000030
81059  32.444  16.273  39.715 0.2000000030
81786  32.972  17.782  39.912 0.2000000030
81818  39.350  18.203  38.257 0.2000000030
81071  38.734  17.360  38.423 0.3000000119
81797  39.694  17.794  38.496 0.3000000119
81070  39.546  16.846  38.382 0.3000000119
81817  40.159  18.100  38.319 0.3000000119
81069  40.373  17.039  38.605 0.3000000119
80321  40.428  15.649  37.949 0.3000000119
81796  40.646  17.617  38.595 0.3000000119
80308  40.829  16.299  38.483 0.3000000119
80335  39.976  14.938  37.259 0.4000000060
79630  40.055  14.498  36.417 0.3000000119
80320  41.766  15.599  38.016 0.3000000119
110767  40.908  15.313  37.506 0.3000000119
80334  41.499  15.199  36.995 0.2000000030
80349  41.336  15.016  35.920 0.2000000030
80348  42.072  15.351  36.247 0.2000000030
114208  46.893  13.558  46.535 0.1000000015
79576  47.392  14.200  46.355 0.1000000015
83282  43.703  19.292  45.776 0.1000000015
117561  45.419  19.256  45.884 0.1000000015
115587  46.290  19.165  45.997 0.1000000015
115913  47.126  19.059  46.011 0.1000000015
82505  48.894  18.433  45.957 0.1000000015
82503  50.959  18.284  45.432 0.1000000015
83283  42.916  19.206  45.682 0.1000000015
119761  41.642  18.632  45.575 0.1000000015
125001  42.198  19.121  45.603 0.1000000015
117657  40.870  18.872  45.404 0.1000000015
82514  39.427  18.588  45.176 0.1000000015
82515  38.776  17.984  45.251 0.1000000015
81759  38.317  17.280  45.175 0.1000000015
81765  37.996  18.017  44.922 0.1000000015
81760  37.518  17.210  44.793 0.1000000015
81038  36.240  16.553  44.342 0.1000000015
81766  36.706  17.358  44.420 0.1000000015
80291  35.564  15.892  44.089 0.1000000015
116175  34.731  16.112  43.747 0.1000000015
80292  34.348  15.591  43.495 0.1000000015
85999  37.809  23.492  36.356 0.1000000015
85367  37.923  23.229  36.856 0.1000000015
85992  37.332  22.966  37.671 0.1000000015
123130  35.940  22.546  38.727 0.1000000015
81055  32.407  16.095  40.636 0.2000000030
83322  33.845  19.938  40.245 0.2000000030
81787  32.544  17.023  40.262 0.2000000030
128289  42.708  15.445  36.673 0.2000000030
84140  38.538  20.745  23.248 0.2000000030
84132  38.166  21.130  24.010 0.3000000119
84144  39.395  20.925  21.849 0.3000000119
84780  39.303  21.405  22.677 0.2000000030
84145  38.791  20.319  22.445 0.2000000030
84786  40.133  21.573  21.428 0.3000000119
84154  38.922  19.849  21.662 0.3000000119
84153  39.400  20.340  20.951 0.3000000119
83488  38.993  19.402  21.058 0.3000000119
84161  40.485  20.626  19.868 0.3000000119
83503  40.194  19.654  19.928 0.3000000119
117164  43.976  19.828  45.608 0.1000000015
83281  44.531  19.412  45.775 0.1000000015
83990  43.307  19.860  45.518 0.1000000015
83284  41.549  19.414  45.478 0.1000000015
83285  40.784  19.687  45.325 0.1000000015
83286  40.122  19.125  45.154 0.1000000015
82521  38.564  18.849  44.839 0.1000000015
82522  37.230  18.057  44.511 0.1000000015
81767  35.896  17.410  44.046 0.1000000015
79602  33.786  15.462  43.145 0.1000000015
124543  38.023  23.940  36.392 0.1000000015
81783  32.614  16.929  41.184 0.2000000030
84675  35.028  21.764  39.875 0.2000000030
84039  34.277  20.614  40.456 0.2000000030
116036  33.274  18.377  40.455 0.2000000030
109293  42.280  15.438  37.372 0.3000000119
84773  38.957  21.778  23.403 0.3000000119
84778  41.061  22.945  21.945 0.4000000060
84152  40.180  21.057  20.629 0.3000000119
84794  41.068  21.692  20.402 0.3000000119
84162  39.824  20.189  20.301 0.3000000119
83504  39.524  19.321  20.503 0.3000000119
83502  45.191  20.398  20.085 0.6000000238
83989  44.511  20.161  45.487 0.1000000015
83991  42.366  19.894  45.458 0.1000000015
83992  41.447  20.209  45.304 0.1000000015
83993  40.740  20.339  45.110 0.1000000015
83295  40.087  19.966  45.020 0.1000000015
83296  38.746  19.706  44.579 0.1000000015
121641  37.750  18.676  44.560 0.1000000015
83298  37.071  18.941  44.114 0.1000000015
82523  36.439  18.158  44.034 0.1000000015
81776  35.083  17.525  43.570 0.1000000015
81043  35.300  16.732  43.932 0.1000000015
119385  35.711  18.098  43.648 0.1000000015
81044  34.452  16.872  43.497 0.1000000015
82533  34.929  18.391  43.161 0.1000000015
81777  34.270  17.624  43.042 0.1000000015
81045  33.991  16.207  43.353 0.1000000015
86624  37.252  24.095  36.118 0.1000000015
81779  33.589  17.624  42.369 0.2000000030
81052  33.042  16.798  42.148 0.1000000015
86620  38.499  24.202  36.658 0.1000000015
81780  33.106  17.633  41.596 0.2000000030
85991  37.938  23.295  37.832 0.1000000015
127367  33.389  18.735  40.850 0.2000000030
122466  32.855  17.695  40.763 0.2000000030
83323  33.584  19.163  40.443 0.2000000030
86657  38.374  24.542  32.212 0.1000000015
82677  42.537  18.821  26.665 0.5000000000
120874  42.912  18.524  25.958 0.5000000000
83433  42.083  19.053  25.792 0.5000000000
83434  41.548  19.652  25.916 0.5000000000
84766  38.413  22.080  24.066 0.3000000119
83444  41.515  19.656  25.227 0.5000000000
84130  41.108  20.378  24.596 0.5000000000
85459  39.330  22.946  23.452 0.3000000119
82687  44.219  17.922  25.245 0.5000000000
83443  42.101  19.176  24.896 0.5000000000
84779  40.172  22.246  22.206 0.4000000060
84772  39.934  22.767  22.840 0.4000000060
82701  44.025  18.171  24.389 0.5000000000
82702  43.157  18.540  24.457 0.5000000000
81906  46.880  17.489  25.448 0.5000000000
81924  45.539  17.798  24.488 0.6000000238
81925  44.714  17.862  24.686 0.5000000000
81923  46.476  17.680  24.605 0.6000000238
83484  45.662  19.680  20.859 0.6000000238
83485  44.676  19.737  21.058 0.6000000238
82744  47.912  19.151  21.297 0.6000000238
82745  47.067  19.249  21.214 0.6000000238
82742  49.457  19.065  21.494 0.6000000238
83482  47.922  19.780  20.240 0.6000000238
83483  47.371  20.075  19.940 0.6000000238
83481  48.562  19.730  20.361 0.6000000238
84003  43.037  20.558  45.148 0.1000000015
111818  43.848  20.417  45.331 0.1000000015
84616  44.514  20.842  45.145 0.1000000015
84004  42.134  20.737  45.050 0.1000000015
84005  41.193  20.950  44.783 0.1000000015
84006  40.262  20.726  44.722 0.1000000015
84007  39.382  20.345  44.547 0.1000000015
83297  37.920  19.554  44.385 0.1000000015
83308  36.598  19.483  43.709 0.1000000015
82532  35.714  18.727  43.446 0.1000000015
86621  37.472  24.560  36.784 0.1000000015
83309  35.267  19.134  43.074 0.2000000030
82539  34.088  18.369  42.503 0.2000000030
85998  38.461  23.769  36.667 0.1000000015
82540  33.527  18.349  41.845 0.2000000030
85996  38.775  23.591  37.000 0.1000000015
84036  34.347  20.466  41.383 0.2000000030
83319  34.024  19.695  41.756 0.2000000030
82542  33.261  18.310  41.152 0.2000000030
127654  36.315  22.886  38.815 0.1000000015
84673  34.729  21.297  40.305 0.2000000030
84670  34.745  21.162  41.005 0.2000000030
84037  33.781  19.889  40.927 0.2000000030
86658  37.408  24.273  32.521 0.1000000015
85358  35.513  22.375  40.105 0.2000000030
87251  37.144  25.159  33.019 0.1000000015
107678  37.944  25.240  32.616 0.1000000015
82669  42.925  18.774  27.349 0.5000000000
83427  41.967  19.434  26.546 0.5000000000
83428  41.466  20.137  26.436 0.5000000000
84124  41.053  20.397  25.574 0.5000000000
84117  41.060  20.918  26.259 0.4000000060
84125  40.708  21.418  25.542 0.4000000060
84131  40.735  21.273  24.700 0.4000000060
83459  41.918  19.870  23.624 0.5000000000
83451  41.652  19.750  24.366 0.5000000000
84139  40.937  21.208  23.957 0.4000000060
111263  42.838  18.898  23.832 0.6000000238
84137  41.989  20.461  22.714 0.5000000000
82719  44.398  18.415  23.445 0.6000000238
82733  43.945  18.839  22.761 0.6000000238
81922  47.222  17.596  24.663 0.6000000238
81938  46.285  17.955  23.828 0.6000000238
82732  44.777  18.715  22.573 0.6000000238
81935  49.377  17.745  23.901 0.6000000238
81936  48.512  17.812  23.720 0.6000000238
120923  47.682  18.313  22.826 0.6000000238
82715  48.333  18.245  22.990 0.6000000238
82746  46.069  19.098  21.567 0.6000000238
82730  47.343  18.599  22.174 0.6000000238
82728  48.889  18.583  22.338 0.6000000238
82729  48.118  18.600  22.206 0.6000000238
82741  50.339  19.062  21.599 0.6999999881
84631  42.779  21.280  44.709 0.1000000015
109497  43.753  21.231  44.814 0.1000000015
84630  44.720  21.540  44.683 0.1000000015
84632  41.958  21.436  44.574 0.1000000015
84633  41.294  21.605  44.320 0.1000000015
84635  39.763  21.085  44.322 0.1000000015
84008  38.482  20.327  44.239 0.2000000030
84636  39.031  21.063  43.905 0.2000000030
84009  37.781  20.282  44.029 0.2000000030
83307  37.187  19.872  43.910 0.2000000030
84020  37.298  20.629  43.609 0.2000000030
84021  36.465  20.267  43.463 0.2000000030
127461  35.710  20.286  43.121 0.2000000030
87207  37.877  25.082  37.360 0.1000000015
83316  35.174  19.868  42.887 0.2000000030
83317  34.542  19.236  42.541 0.2000000030
86619  39.224  24.004  36.772 0.1000000015
84035  34.913  20.966  41.870 0.2000000030
87205  39.600  24.535  37.140 0.1000000015
85995  39.405  23.814  37.227 0.1000000015
85351  35.731  22.267  40.909 0.2000000030
84669  35.355  21.607  41.373 0.2000000030
110645  38.682  23.543  38.021 0.1000000015
85988  36.897  23.167  38.720 0.1000000015
85984  36.854  23.295  39.795 0.2000000030
84672  35.169  21.755  40.582 0.2000000030
124286  42.499  19.262  27.276 0.5000000000
124638  41.687  20.823  27.024 0.4000000060
128409  40.824  21.609  26.111 0.3000000119
84760  40.588  22.265  25.653 0.4000000060
121990  40.554  22.939  25.876 0.2000000030
84138  41.397  20.634  23.570 0.5000000000
83458  42.486  19.523  23.296 0.6000000238
83457  43.169  19.090  22.984 0.6000000238
116415  47.846  17.629  24.240 0.6000000238
81937  47.081  17.823  23.977 0.6000000238
83486  43.800  19.879  21.317 0.6000000238
83470  42.733  19.791  22.377 0.6000000238
120914  47.724  17.978  23.477 0.6000000238
82716  46.946  18.209  23.112 0.6000000238
82731  45.631  18.627  22.424 0.6000000238
83468  44.304  19.219  21.921 0.6000000238
82727  49.722  18.533  22.452 0.6999999881
82714  49.137  18.163  23.155 0.6000000238
122408  46.499  18.597  22.282 0.6000000238
82726  50.625  18.496  22.587 0.6999999881
85306  43.208  21.970  44.422 0.1000000015
85304  45.049  22.256  44.291 0.1000000015
85307  42.478  21.865  44.396 0.1000000015
85308  41.818  22.114  44.101 0.1000000015
84648  40.999  22.025  43.890 0.1000000015
84634  40.503  21.462  44.272 0.1000000015
84649  40.328  21.986  43.771 0.2000000030
84650  39.753  21.624  43.874 0.2000000030
84019  38.100  20.892  43.742 0.2000000030
84651  38.466  21.595  43.405 0.2000000030
124055  36.752  20.999  43.221 0.2000000030
87200  39.190  25.419  37.769 0.1000000015
84029  36.017  20.903  42.937 0.2000000030
87206  38.908  24.705  37.061 0.1000000015
85990  39.937  24.009  37.502 0.1000000015
84660  35.648  21.343  42.207 0.2000000030
84030  35.294  20.635  42.588 0.2000000030
86618  39.711  24.081  37.072 0.1000000015
85986  38.534  23.771  39.220 0.1000000015
85350  36.497  22.618  41.226 0.2000000030
84031  34.635  20.205  42.239 0.2000000030
85987  37.715  23.498  39.014 0.1000000015
84668  36.094  21.991  41.716 0.2000000030
85357  36.211  22.813  40.397 0.2000000030
84104  45.024  20.414  29.565 0.4000000060
83414  44.571  19.574  29.154 0.4000000060
120572  43.163  19.806  28.188 0.5000000000
113848  42.063  19.964  27.161 0.5000000000
84754  41.255  21.527  26.584 0.3000000119
85305  44.119  22.086  44.356 0.1000000015
85326  43.496  22.664  43.835 0.1000000015
85327  42.605  22.430  44.059 0.1000000015
85328  41.410  22.543  43.540 0.2000000030
85329  40.637  22.456  43.405 0.2000000030
85331  38.896  22.196  43.037 0.2000000030
84652  37.508  21.434  43.198 0.2000000030
84658  38.050  22.130  42.855 0.2000000030
84659  37.341  22.015  42.609 0.2000000030
85339  37.671  22.561  42.227 0.2000000030
84653  36.600  21.582  42.576 0.2000000030
86610  39.431  23.791  38.202 0.1000000015
86597  39.351  23.991  39.367 0.2000000030
85983  37.754  23.589  40.199 0.2000000030
85340  36.899  22.312  42.006 0.2000000030
85982  38.633  23.828  40.110 0.2000000030
85974  36.975  23.181  40.738 0.2000000030
85349  37.275  22.871  41.523 0.2000000030
85942  42.641  22.968  43.512 0.1000000015
85943  41.903  23.040  43.188 0.2000000030
85953  42.641  23.444  42.750 0.1000000015
85335  41.106  22.954  42.965 0.2000000030
85336  40.249  22.878  42.831 0.2000000030
85337  39.364  22.766  42.641 0.2000000030
85956  38.943  23.175  41.915 0.2000000030
85338  38.485  22.676  42.418 0.2000000030
85972  38.511  23.544  41.032 0.2000000030
85348  38.051  23.091  41.748 0.2000000030
85973  37.655  23.325  41.090 0.2000000030
86596  40.104  24.164  39.559 0.2000000030
85941  43.256  23.211  43.246 0.1000000015
85940  44.033  23.161  43.229 0.1000000015
85954  41.682  23.435  42.479 0.2000000030
85955  40.778  23.396  42.312 0.2000000030
85970  40.438  23.755  41.539 0.2000000030
114962  39.862  23.329  42.167 0.2000000030
85971  39.530  23.642  41.357 0.2000000030
85952  43.580  23.506  42.667 0.1000000015
85951  44.464  23.521  42.586 0.1000000015
112285  41.420  23.867  41.577 0.2000000030
123865  37.972  18.505  36.091 0.2000000030
108972  42.763  15.531  35.561 0.2000000030
86659  36.696  24.415  32.979 0.1000000015
106703  39.019  18.353  37.507 0.2000000030
120500  41.129  15.714  38.158 0.3000000119
78214  32.630  12.994  41.402 0.1000000015
81047  33.708  16.912  42.943 0.1000000015
107332  41.907  15.381  35.178 0.2000000030
80350  40.728  14.836  36.643 0.2000000030
79634  36.747  14.437  36.473 0.3000000119
80327  34.738  15.760  37.311 0.2000000030
84785  41.027  22.144  21.215 0.3000000119
125934  46.511  19.661  20.707 0.6000000238
82743  48.671  19.091  21.395 0.6000000238
80339  36.232  15.155  36.823 0.2000000030
81074  35.940  17.330  38.172 0.2000000030
81075  34.493  16.994  38.225 0.2000000030
83332  36.255  19.391  37.755 0.2000000030
82553  34.060  18.209  38.912 0.2000000030
82550  37.733  18.250  38.274 0.2000000030
128890  36.966  22.742  35.814 0.1000000015
80337  38.124  15.124  36.920 0.2000000030
81751  46.004  17.700  46.436 0.1000000015
80288  36.871  14.687  44.176 0.1000000015
119390  33.266  12.151  41.598 0.1000000015
83346  36.978  19.076  36.029 0.1000000015
80322  39.489  15.773  37.859 0.3000000119
79631  39.338  14.410  36.655 0.4000000060
80263  46.760  15.018  46.165 0.1000000015
81021  47.729  16.605  46.465 0.1000000015
82504  50.121  17.922  45.657 0.1000000015
126725  34.719  14.174  43.258 0.1000000015
107955  35.035  15.299  43.693 0.1000000015
78902  33.587  13.696  42.382 0.1000000015
80309  40.144  16.315  38.302 0.3000000119
116464  39.386  19.424  44.878 0.1000000015
85360  36.086  22.847  39.447 0.2000000030
84141  37.932  20.230  23.858 0.2000000030
83471  38.418  19.347  22.252 0.2000000030
82531  36.323  18.858  43.706 0.1000000015
83320  33.563  19.049  41.306 0.2000000030
111770  43.561  18.590  23.648 0.6000000238
81939  45.607  18.080  23.732 0.6000000238
82747  45.173  19.111  21.735 0.6000000238
84022  35.876  19.532  43.386 0.2000000030
82717  46.038  18.267  23.101 0.6000000238
85440  40.844  22.222  26.259 0.2000000030
124595  42.061  22.640  43.692 0.1000000015
85330  39.762  22.276  43.344 0.2000000030
67750  55.797  -0.501  21.655 0.1000000015
68503  53.697  0.449  23.528 0.1000000015
67751  54.826  -0.439  22.415 0.1000000015
69312  53.968  1.458  23.042 0.1000000015
68509  55.244  0.426  21.756 0.1000000015
68510  54.355  0.475  22.674 0.1000000015
69307  53.394  1.353  23.869 0.1000000015
70127  52.918  2.215  24.760 0.1000000015
70134  53.693  2.167  23.685 0.1000000015
68523  56.366  0.249  21.007 0.1000000015
69318  54.668  1.269  22.287 0.1000000015
70116  53.172  2.930  25.040 0.1000000015
71069  53.857  3.307  24.657 0.1000000015
71060  52.875  3.153  25.833 0.1000000015
70125  54.130  2.939  23.908 0.1000000015
70126  53.487  2.611  24.356 0.1000000015
70133  54.443  2.415  23.085 0.1000000015
118278  56.898  0.931  20.297 0.1000000015
118463  56.107  0.939  21.086 0.1000000015
69317  55.500  1.391  21.554 0.1000000015
68533  57.223  0.702  19.835 0.1000000015
68532  57.314  0.144  19.780 0.1000000015
67784  56.499  0.507  19.258 0.1000000015
71059  53.622  3.550  25.438 0.1000000015
71068  54.574  3.654  24.288 0.1000000015
71076  54.807  3.309  23.492 0.1000000015
71083  55.200  2.962  22.633 0.1000000015
69331  56.474  1.667  20.681 0.1000000015
115275  55.930  2.113  21.297 0.1000000015
70139  55.805  2.755  21.610 0.1000000015
116916  57.034  1.287  19.735 0.1000000015
68534  56.053  1.026  19.165 0.1000000015
117135  46.390  2.556  20.942 0.1000000015
70159  45.820  1.926  21.202 0.1000000015
69336  45.276  1.078  21.308 0.1000000015
70168  45.609  2.174  20.215 0.1000000015
71058  54.404  3.910  25.072 0.1000000015
71075  55.381  3.748  23.074 0.1000000015
71082  55.743  3.503  22.072 0.1000000015
69330  57.085  1.719  19.850 0.1000000015
70153  56.632  2.496  20.418 0.1000000015
69352  56.974  1.914  19.736 0.1000000015
69343  56.375  1.735  19.397 0.1000000015
69344  55.527  1.506  19.649 0.1000000015
112743  50.114  1.206  22.565 0.1000000015
113294  49.073  1.153  22.704 0.1000000015
68514  48.654  0.221  22.616 0.1000000015
68515  47.797  0.153  22.603 0.1000000015
69321  48.569  1.944  22.695 0.1000000015
113293  48.185  1.112  22.714 0.1000000015
113665  47.355  1.060  22.567 0.1000000015
68516  46.923  0.131  22.531 0.1000000015
70147  46.960  1.793  22.349 0.1000000015
69323  46.532  1.015  22.351 0.1000000015
69324  45.836  0.923  22.065 0.1000000015
124330  46.869  3.028  20.550 0.1000000015
69335  46.172  1.573  21.947 0.1000000015
71951  55.735  4.800  25.129 0.1000000015
71952  55.013  4.459  25.497 0.1000000015
71959  55.655  4.654  24.378 0.1000000015
71960  55.081  4.279  24.703 0.1000000015
71067  55.160  4.057  23.913 0.1000000015
71979  56.226  4.015  21.506 0.1000000015
69342  56.933  2.322  19.825 0.1000000015
70163  56.844  2.475  19.857 0.1000000015
70173  56.622  2.294  19.643 0.1000000015
70165  54.807  2.097  20.373 0.1000000015
70166  53.828  1.935  20.948 0.1000000015
70155  53.016  1.986  21.513 0.1000000015
69333  52.432  1.187  21.698 0.1000000015
69319  51.712  1.751  22.239 0.1000000015
69320  50.840  1.864  22.534 0.1000000015
121897  50.147  2.089  22.599 0.1000000015
113211  55.660  3.150  19.946 0.1000000015
113365  55.049  2.858  20.398 0.1000000015
70154  54.187  2.826  20.873 0.1000000015
121896  53.425  2.688  21.348 0.1000000015
70156  52.351  2.126  21.918 0.1000000015
70141  51.832  2.686  22.178 0.1000000015
119171  49.434  1.990  22.686 0.1000000015
71095  54.743  3.659  20.529 0.1000000015
115663  52.660  2.918  21.730 0.1000000015
71097  51.814  3.402  21.867 0.1000000015
120728  50.571  2.610  22.474 0.1000000015
70143  49.795  2.682  22.480 0.1000000015
69322  47.757  1.892  22.587 0.1000000015
71991  53.856  4.314  20.633 0.1000000015
71096  53.471  3.507  21.170 0.1000000015
71981  52.510  3.769  21.397 0.1000000015
71983  50.898  3.714  21.710 0.1000000015
108736  50.087  3.655  21.725 0.1000000015
71086  49.397  3.300  22.123 0.1000000015
71087  48.581  3.108  22.212 0.1000000015
70145  48.176  2.602  22.425 0.1000000015
71980  53.061  4.181  21.026 0.1000000015
71992  52.246  4.477  20.754 0.1000000015
71982  51.612  4.123  21.263 0.1000000015
121756  50.864  4.273  20.985 0.1000000015
71984  50.217  4.112  21.115 0.1000000015
71107  49.027  3.905  20.762 0.1000000015
108423  47.894  3.394  21.305 0.1000000015
70157  47.201  2.962  21.407 0.1000000015
70146  47.413  2.511  22.188 0.1000000015
72864  53.033  4.803  20.373 0.1000000015
72003  52.054  5.069  19.623 0.1000000015
71993  51.226  4.649  20.282 0.1000000015
71994  50.345  4.449  20.333 0.1000000015
70158  46.636  2.276  21.780 0.1000000015
121921  49.074  4.151  18.780 0.1000000015
71108  48.365  3.711  20.593 0.1000000015
71109  47.543  3.396  20.531 0.1000000015
107227  48.088  3.750  19.526 0.1000000015
71942  55.689  5.030  25.885 0.1000000015
71966  55.683  4.496  23.560 0.1000000015
71958  56.130  5.170  24.114 0.1000000015
71973  55.869  4.264  22.598 0.1000000015
71965  56.137  5.057  23.193 0.1000000015
71093  56.458  3.584  20.447 0.1000000015
71105  56.560  3.131  19.981 0.1000000015
71114  56.361  2.958  19.753 0.1000000015
72002  56.244  3.845  19.776 0.1000000015
71106  55.884  3.838  19.730 0.1000000015
71990  54.919  4.692  20.162 0.1000000015
72863  54.016  5.136  20.116 0.1000000015
72872  53.151  5.368  19.508 0.1000000015
107144  50.708  4.715  18.405 0.1000000015
72006  49.735  4.370  19.559 0.1000000015
107342  49.942  4.417  18.536 0.1000000015
72016  48.775  4.219  17.892 0.1000000015
71115  48.108  3.948  18.502 0.1000000015
72834  56.159  5.143  24.789 0.1000000015
72833  56.598  5.787  24.718 0.1000000015
72850  56.429  5.670  22.762 0.1000000015
71978  56.400  4.577  20.926 0.1000000015
71988  56.447  4.107  20.052 0.1000000015
72001  56.189  4.874  19.628 0.1000000015
71989  56.010  4.844  19.451 0.1000000015
72862  55.010  5.385  19.618 0.1000000015
72871  54.140  5.587  19.290 0.1000000015
72877  53.433  5.628  18.573 0.1000000015
72878  52.483  5.378  18.549 0.1000000015
72879  51.539  5.066  18.403 0.1000000015
72015  49.579  4.333  17.910 0.1000000015
121545  49.873  4.491  17.360 0.1000000015
72017  47.928  4.198  17.828 0.1000000015
128779  46.769  4.856  16.771 0.1000000015
72801  55.959  5.907  27.873 0.1000000015
72822  56.870  6.344  25.799 0.1000000015
72811  56.296  5.679  26.211 0.1000000015
112034  56.049  5.799  26.973 0.1000000015
111663  56.993  6.399  25.213 0.1000000015
73645  57.071  6.592  24.614 0.1000000015
72843  56.574  5.986  23.796 0.1000000015
73668  56.821  6.578  22.947 0.1000000015
73657  57.208  6.962  23.877 0.1000000015
72855  56.518  5.902  21.636 0.1000000015
116363  56.477  6.165  20.578 0.1000000015
72860  56.435  5.190  20.287 0.1000000015
72869  56.375  5.994  19.517 0.1000000015
72861  56.099  5.675  19.086 0.1000000015
73700  55.913  6.168  18.526 0.2000000030
73711  55.315  6.431  17.796 0.2000000030
108458  54.342  5.868  18.342 0.2000000030
72876  54.408  6.179  17.301 0.2000000030
121309  53.736  5.811  17.781 0.1000000015
72886  52.800  5.707  16.605 0.1000000015
107145  52.101  5.314  17.475 0.1000000015
72013  51.107  4.940  17.387 0.1000000015
72033  49.798  4.687  16.659 0.1000000015
72785  54.978  5.437  29.372 0.1000000015
71916  54.322  4.949  29.827 0.1000000015
71917  53.738  4.470  30.264 0.1000000015
71922  53.671  4.534  29.417 0.1000000015
73587  56.283  6.427  28.410 0.1000000015
72791  55.689  5.910  28.884 0.1000000015
73605  56.467  6.508  27.655 0.1000000015
73576  56.589  7.043  28.799 0.1000000015
73619  57.331  7.105  26.087 0.2000000030
74464  57.448  7.706  26.652 0.2000000030
72800  56.432  6.307  27.159 0.1000000015
73631  57.320  6.863  25.486 0.2000000030
127646  57.544  7.260  24.532 0.1000000015
74495  57.379  7.465  23.164 0.2000000030
74508  57.080  7.426  22.145 0.1000000015
73680  56.627  6.889  21.217 0.2000000030
73690  56.503  7.169  20.297 0.1000000015
124889  56.510  7.965  19.747 0.1000000015
74536  56.383  8.187  19.051 0.2000000030
73699  56.222  6.457  18.710 0.1000000015
73709  56.281  7.362  18.600 0.2000000030
73710  56.029  7.111  17.995 0.2000000030
73721  55.025  6.791  16.789 0.2000000030
73731  53.914  7.273  15.769 0.2000000030
72885  53.607  5.958  16.884 0.2000000030
72895  53.408  6.402  15.948 0.2000000030
72896  52.640  6.194  15.642 0.1000000015
72897  51.364  5.610  15.744 0.1000000015
72888  51.038  5.155  16.498 0.1000000015
71007  54.060  4.034  32.878 0.1000000015
71018  53.454  3.725  32.346 0.1000000015
71898  54.001  4.225  32.166 0.1000000015
71909  53.624  4.062  31.560 0.1000000015
71908  54.308  4.645  31.547 0.1000000015
126484  53.841  4.406  30.965 0.1000000015
73577  56.159  6.398  29.331 0.1000000015
73586  56.718  7.083  27.901 0.1000000015
74452  57.277  7.734  27.412 0.2000000030
120026  57.759  8.435  25.966 0.2000000030
73644  57.548  7.007  25.040 0.2000000030
74474  58.080  8.810  25.076 0.2000000030
122119  57.801  7.916  24.730 0.2000000030
114711  55.890  9.325  25.016 0.2000000030
120904  56.588  9.949  25.502 0.2000000030
73656  57.777  8.053  23.851 0.2000000030
75298  56.028  9.381  24.177 0.2000000030
74494  57.791  8.468  22.743 0.2000000030
76090  57.198  10.020  23.573 0.2000000030
74507  57.674  8.753  21.787 0.2000000030
75327  57.824  9.603  21.580 0.2000000030
76107  57.391  10.033  21.326 0.2000000030
74527  56.781  8.471  20.469 0.2000000030
75338  57.195  9.253  20.802 0.2000000030
76124  56.409  9.498  20.403 0.2000000030
120544  56.558  8.879  19.825 0.2000000030
75347  56.481  9.299  20.127 0.2000000030
75339  55.912  9.579  20.143 0.2000000030
74546  56.112  8.293  18.341 0.2000000030
75358  55.629  9.002  18.205 0.2000000030
74547  55.729  8.301  17.570 0.2000000030
73720  55.642  7.359  17.152 0.2000000030
73729  55.195  7.721  16.524 0.2000000030
73730  54.628  8.014  16.109 0.2000000030
75368  54.563  8.555  16.497 0.2000000030
74571  53.916  8.076  15.866 0.2000000030
73732  53.067  6.925  15.319 0.2000000030
128963  52.038  6.026  15.478 0.2000000030
125458  55.219  5.129  32.291 0.1000000015
71897  54.635  4.626  32.429 0.1000000015
72755  54.907  5.065  31.831 0.1000000015
72774  55.597  5.716  30.747 0.1000000015
72775  54.943  5.353  30.275 0.1000000015
75278  57.808  9.415  26.353 0.2000000030
120797  57.586  9.281  27.356 0.2000000030
76061  57.355  9.972  26.414 0.2000000030
75288  58.130  9.732  25.494 0.2000000030
76060  57.883  10.047  25.879 0.2000000030
75297  58.312  9.850  24.670 0.2000000030
76069  58.066  10.197  25.155 0.2000000030
76081  57.329  10.233  24.821 0.2000000030
74485  58.223  9.045  24.247 0.2000000030
76080  58.074  10.117  24.268 0.2000000030
75307  58.227  9.282  23.231 0.2000000030
76079  58.249  9.858  23.740 0.2000000030
76089  58.051  10.094  23.362 0.2000000030
75317  58.105  9.535  22.204 0.2000000030
76088  58.132  10.017  22.635 0.2000000030
76098  57.635  10.275  21.944 0.2000000030
76099  56.886  10.165  22.452 0.2000000030
74570  55.089  8.618  16.630 0.2000000030
73739  53.291  7.522  15.532 0.2000000030
73568  56.138  6.337  30.281 0.1000000015
73558  56.157  6.178  31.215 0.1000000015
73476  55.673  6.520  39.396 0.1000000015
74336  55.275  8.025  40.255 0.1000000015
74323  54.277  7.685  41.251 0.1000000015
74324  53.427  8.423  41.595 0.1000000015
74314  52.100  7.558  42.324 0.1000000015
73496  55.835  6.342  38.684 0.1000000015
74346  55.640  7.659  39.620 0.1000000015
118790  54.202  8.771  41.264 0.1000000015
73457  52.950  7.485  42.050 0.1000000015
79022  43.846  13.720  22.908 0.1000000015
79742  44.612  14.390  21.569 0.1000000015
111228  55.953  7.375  38.958 0.1000000015
74337  54.745  8.434  40.830 0.1000000015
119738  51.595  8.277  41.927 0.1000000015
79743  43.914  14.752  21.895 0.1000000015
79734  43.552  14.428  22.584 0.1000000015
79735  42.903  14.818  23.000 0.1000000015
79733  44.259  14.040  22.257 0.1000000015
79726  42.562  14.447  23.705 0.1000000015
80429  42.235  15.186  23.409 0.1000000015
75151  54.444  9.600  40.941 0.1000000015
75152  53.753  9.425  41.279 0.1000000015
74325  52.304  8.750  41.789 0.1000000015
80430  41.435  15.429  23.707 0.1000000015
80445  43.625  15.472  21.598 0.1000000015
80437  43.237  15.126  22.249 0.1000000015
81178  40.961  16.172  23.280 0.1000000015
81179  40.129  16.466  23.532 0.1000000015
81181  38.355  16.961  23.720 0.1000000015
81171  38.008  16.631  24.503 0.1000000015
80444  44.337  15.142  21.312 0.1000000015
80446  42.918  15.849  21.904 0.1000000015
81189  40.358  16.924  22.681 0.1000000015
80438  42.571  15.542  22.673 0.1000000015
81187  42.194  16.270  22.262 0.1000000015
81188  41.322  16.574  22.484 0.1000000015
81190  39.606  16.972  23.043 0.1000000015
81940  38.749  17.307  22.920 0.1000000015
111646  37.959  17.568  23.213 0.1000000015
81172  37.110  16.823  24.710 0.1000000015
81947  40.078  17.487  21.990 0.1000000015
81948  39.463  17.422  22.392 0.1000000015
81207  43.688  16.445  20.690 0.1000000015
81208  42.965  16.933  20.641 0.1000000015
81957  42.029  17.236  20.894 0.1000000015
110908  41.192  17.576  21.147 0.1000000015
81198  40.840  17.244  21.889 0.1000000015
81959  39.388  17.944  21.568 0.1000000015
81968  42.389  17.689  20.245 0.2000000030
81958  40.322  17.807  21.316 0.1000000015
82734  38.302  18.415  22.200 0.1000000015
81949  38.734  17.813  22.145 0.1000000015
82748  39.803  18.415  20.792 0.2000000030
82754  41.958  18.391  19.776 0.2000000030
82749  39.063  18.658  21.083 0.2000000030
81960  38.778  18.319  21.659 0.1000000015
83489  38.645  18.955  21.563 0.2000000030
83460  38.201  19.810  23.036 0.1000000015
84133  37.681  20.602  24.724 0.2000000030
84767  37.783  21.478  24.767 0.2000000030
84761  37.412  21.861  25.485 0.2000000030
85453  38.611  23.109  24.009 0.2000000030
86091  37.997  23.385  24.583 0.1000000015
85454  37.865  22.410  24.686 0.1000000015
86090  38.913  24.126  23.995 0.2000000030
85446  40.444  23.283  25.041 0.2000000030
84107  43.438  20.394  28.472 0.3000000119
84108  42.912  20.332  28.073 0.3000000119
84106  44.143  20.402  29.004 0.3000000119
83420  43.772  19.523  28.586 0.3000000119
84740  44.481  21.313  29.231 0.2000000030
85420  45.445  22.214  29.628 0.2000000030
84739  45.226  21.401  29.712 0.2000000030
85424  44.260  22.115  28.597 0.2000000030
86058  44.736  22.816  27.822 0.2000000030
72784  55.607  5.840  29.826 0.1000000015
125432  54.336  4.842  30.673 0.1000000015
72765  54.912  5.234  31.142 0.1000000015
71896  55.270  4.909  32.931 0.1000000015
74451  57.652  8.552  26.913 0.2000000030
76108  56.827  10.131  21.544 0.2000000030
75366  55.253  8.933  17.198 0.2000000030
76071  56.570  9.897  26.176 0.2000000030
75348  56.115  9.345  19.396 0.2000000030
72026  48.322  4.500  17.143 0.1000000015
80454  44.018  15.836  21.025 0.1000000015
67742  54.200  -0.197  23.136 0.1000000015
127767  54.466  1.828  22.640 0.1000000015
70140  55.086  2.108  22.177 0.1000000015
68522  57.214  0.183  20.267 0.1000000015
68542  56.994  0.652  19.583 0.1000000015
67783  57.031  -0.137  19.390 0.1000000015
68543  56.709  1.218  19.439 0.1000000015
111638  56.295  -0.209  19.265 0.1000000015
71094  56.383  3.243  20.976 0.1000000015
68513  49.585  0.253  22.516 0.1000000015
70152  56.733  2.797  20.070 0.1000000015
70164  55.820  2.387  19.648 0.1000000015
69334  51.214  0.869  22.297 0.1000000015
70142  51.217  2.450  22.419 0.1000000015
70144  48.967  2.659  22.512 0.1000000015
71084  51.122  3.075  22.303 0.1000000015
71085  50.325  3.207  22.234 0.1000000015
71098  49.501  3.822  21.302 0.1000000015
71099  48.647  3.504  21.550 0.1000000015
71088  47.928  3.128  21.981 0.1000000015
71995  49.629  4.200  20.493 0.1000000015
72004  51.156  4.868  19.205 0.1000000015
72005  50.485  4.626  19.387 0.1000000015
72007  48.992  4.073  19.926 0.1000000015
71972  56.252  4.894  22.105 0.1000000015
72870  55.089  5.841  18.826 0.1000000015
72823  56.408  5.554  25.419 0.1000000015
125518  55.862  5.632  19.040 0.1000000015
108110  53.003  5.596  17.665 0.1000000015
72014  50.221  4.537  17.741 0.1000000015
72025  49.293  4.415  17.254 0.1000000015
72810  56.679  6.363  26.505 0.1000000015
73698  56.403  7.108  19.250 0.1000000015
73722  54.222  6.557  16.398 0.2000000030
72887  51.883  5.469  16.357 0.1000000015
72024  50.421  4.744  16.947 0.1000000015
73604  56.952  6.946  27.018 0.2000000030
73630  57.648  7.612  25.378 0.2000000030
74517  56.942  7.977  21.204 0.2000000030
75357  56.266  9.110  19.050 0.2000000030
128366  57.662  10.210  22.740 0.2000000030
75337  57.495  9.766  21.239 0.2000000030
75328  57.422  9.082  21.104 0.2000000030
76117  56.682  9.782  20.899 0.2000000030
74558  55.498  8.288  16.918 0.2000000030
76070  57.550  10.221  25.665 0.2000000030
80439  41.830  15.901  23.021 0.1000000015
81180  39.269  16.708  23.639 0.1000000015
81161  37.686  16.257  25.266 0.1000000015
81926  37.491  17.304  24.002 0.1000000015
81195  43.310  16.188  21.232 0.1000000015
81196  42.517  16.557  21.412 0.1000000015
81197  41.671  16.892  21.647 0.1000000015
84126  37.359  20.979  25.524 0.2000000030
85968  43.230  23.853  42.005 0.1000000015
85969  42.346  23.841  41.867 0.1000000015
111672  42.199  24.193  41.000 0.1000000015
86576  40.968  24.152  40.773 0.1000000015
86574  42.991  24.192  41.180 0.1000000015
113115  41.488  24.358  39.972 0.1000000015
86594  42.120  24.379  40.099 0.1000000015
86595  40.825  24.286  39.781 0.1000000015
86577  40.181  24.048  40.644 0.1000000015
86593  42.780  24.396  40.257 0.1000000015
85981  39.364  23.912  40.414 0.1000000015
83445  37.232  20.121  25.375 0.1000000015
86020  48.645  24.106  33.242 0.1000000015
87238  50.144  26.416  33.430 0.1000000015
87231  50.791  25.889  33.639 0.1000000015
86069  34.483  23.632  27.649 0.1000000015
86689  33.877  24.229  27.952 0.1000000015
86068  35.198  23.973  27.184 0.1000000015
86688  34.627  24.563  27.513 0.1000000015
86679  33.320  24.826  28.219 0.1000000015
86680  32.480  24.671  28.384 0.1000000015
86713  37.086  24.137  25.785 0.1000000015
86648  47.683  24.094  32.761 0.1000000015
87232  49.521  25.633  33.339 0.1000000015
87769  48.517  26.709  32.828 0.1000000015
87768  49.655  26.974  33.240 0.1000000015
88249  49.142  27.585  32.996 0.1000000015
126751  51.234  26.671  33.523 0.1000000015
88248  50.379  27.806  33.263 0.1000000015
87230  52.038  26.415  33.562 0.1000000015
87762  50.867  27.184  33.418 0.1000000015
87761  51.748  26.914  33.286 0.1000000015
84743  42.956  21.082  28.115 0.1000000015
87280  34.073  25.080  27.837 0.1000000015
87268  32.791  25.445  28.406 0.1000000015
87269  31.937  25.362  28.478 0.1000000015
86681  31.610  24.577  28.365 0.1000000015
84742  43.745  21.231  28.663 0.1000000015
86085  36.957  23.217  25.900 0.1000000015
86080  36.417  23.725  26.281 0.1000000015
86687  35.338  24.942  27.006 0.1000000015
87266  34.201  25.721  27.857 0.1000000015
86084  37.519  23.744  25.213 0.1000000015
86703  36.650  24.675  26.159 0.1000000015
121367  47.075  24.333  32.564 0.1000000015
115891  47.368  24.868  32.637 0.1000000015
87240  47.832  25.659  32.717 0.1000000015
86647  48.484  25.025  32.997 0.1000000015
87239  48.876  26.047  33.033 0.1000000015
116522  47.924  27.283  32.585 0.1000000015
117071  49.749  28.412  33.000 0.1000000015
88242  51.213  27.545  33.172 0.1000000015
109509  50.594  28.326  32.937 0.1000000015
87782  51.421  27.150  32.510 0.1000000015
87767  52.046  26.740  33.074 0.1000000015
88291  35.329  27.060  27.648 0.1000000015
88292  34.529  26.852  27.926 0.1000000015
88274  34.235  27.638  28.281 0.1000000015
116291  33.679  26.995  28.340 0.1000000015
87808  35.937  26.585  27.308 0.1000000015
87792  33.950  26.260  28.114 0.1000000015
118523  32.814  27.142  28.505 0.1000000015
87296  36.505  26.130  26.760 0.1000000015
87278  35.612  25.835  27.033 0.1000000015
87810  34.516  26.143  27.739 0.1000000015
85425  43.404  21.864  28.126 0.1000000015
84745  42.793  21.742  27.699 0.1000000015
87295  38.218  26.128  25.831 0.1000000015
86702  37.198  25.613  26.140 0.1000000015
87297  36.144  25.321  26.534 0.1000000015
87279  34.784  25.519  27.477 0.1000000015
87267  33.584  25.598  28.172 0.1000000015
87794  32.296  26.577  28.518 0.1000000015
84746  42.311  21.313  27.483 0.2000000030
87306  39.062  26.161  24.959 0.1000000015
87307  38.101  25.577  25.388 0.1000000015
122452  37.325  24.967  25.727 0.1000000015
84110  42.434  20.547  27.623 0.1000000015
86715  40.217  25.484  24.109 0.1000000015
87312  39.816  25.884  24.350 0.1000000015
86717  39.317  25.078  24.083 0.1000000015
86718  38.293  24.401  24.557 0.1000000015
117176  41.795  26.319  32.159 0.1000000015
87776  40.944  26.371  32.286 0.1000000015
87775  42.576  26.357  32.125 0.1000000015
116516  41.391  27.044  32.435 0.1000000015
116515  40.451  27.169  32.505 0.1000000015
86649  46.456  24.589  32.429 0.1000000015
86651  44.722  24.631  31.967 0.1000000015
87774  43.953  25.915  31.959 0.1000000015
87244  43.159  25.682  31.855 0.1000000015
123682  42.110  26.912  32.339 0.1000000015
88256  41.013  27.795  32.448 0.1000000015
121586  40.251  27.893  32.503 0.1000000015
88752  39.600  28.389  32.441 0.1000000015
87241  46.735  25.582  32.495 0.1000000015
87242  45.838  25.235  32.322 0.1000000015
87773  44.706  26.217  32.156 0.1000000015
116518  44.074  26.764  32.197 0.1000000015
116517  42.764  27.111  32.355 0.1000000015
89283  39.115  29.144  32.205 0.1000000015
89299  38.607  29.817  31.802 0.1000000015
87771  46.365  26.432  32.420 0.1000000015
113323  45.934  25.883  32.357 0.1000000015
116519  44.924  27.116  32.227 0.1000000015
125063  43.461  27.208  32.307 0.1000000015
88749  42.423  28.516  32.194 0.1000000015
88750  41.481  28.463  32.229 0.1000000015
89281  41.016  29.156  31.841 0.1000000015
89282  40.062  29.172  32.037 0.1000000015
89807  38.177  30.561  31.468 0.1000000015
116521  46.824  27.171  32.424 0.1000000015
116520  45.864  27.133  32.320 0.1000000015
122353  44.859  27.890  32.152 0.1000000015
88254  44.081  27.690  32.210 0.1000000015
89280  41.958  29.150  31.859 0.1000000015
89298  39.533  29.864  31.703 0.1000000015
88251  47.304  27.923  32.359 0.1000000015
88745  46.855  28.492  32.133 0.1000000015
88747  44.464  28.492  31.986 0.1000000015
122773  43.718  28.407  32.094 0.1000000015
89295  42.462  29.818  31.544 0.1000000015
89297  40.560  30.025  31.572 0.1000000015
89806  39.062  30.568  31.444 0.1000000015
88743  48.922  28.900  32.522 0.1000000015
89805  39.931  30.661  31.395 0.1000000015
88741  50.204  29.256  32.471 0.1000000015
112583  50.579  28.526  32.504 0.1000000015
88758  50.301  28.688  31.314 0.1000000015
88262  50.861  27.939  32.093 0.1000000015
88264  49.876  27.729  30.985 0.1000000015
87783  50.427  27.104  31.542 0.1000000015
86697  44.226  24.881  26.724 0.1000000015
87290  43.543  25.434  27.068 0.1000000015
87274  43.658  26.209  27.339 0.1000000015
107319  44.400  23.109  27.131 0.1000000015
86076  44.732  23.639  26.686 0.1000000015
121292  44.240  24.137  26.564 0.1000000015
87275  42.908  26.042  27.307 0.1000000015
87802  43.179  26.708  27.503 0.1000000015
88271  36.655  27.736  27.868 0.1000000015
88272  35.626  27.851  27.926 0.1000000015
116749  34.811  28.197  28.170 0.1000000015
88275  33.409  27.830  28.490 0.1000000015
116528  32.498  27.957  28.560 0.1000000015
86698  43.427  24.476  26.741 0.1000000015
87291  42.654  25.254  27.011 0.1000000015
87803  42.365  26.696  27.553 0.1000000015
88285  42.005  27.436  27.877 0.1000000015
87804  41.431  26.755  27.535 0.1000000015
88784  40.979  28.300  28.205 0.1000000015
88785  40.184  28.268  28.202 0.1000000015
88287  39.857  27.570  27.897 0.1000000015
88786  39.309  28.123  28.124 0.1000000015
88787  38.270  28.037  28.041 0.1000000015
122094  37.463  27.641  27.831 0.1000000015
88770  37.305  28.351  28.090 0.1000000015
88290  36.123  27.200  27.640 0.1000000015
85429  43.914  22.546  27.690 0.1000000015
86065  43.532  22.975  27.072 0.1000000015
86078  42.979  23.630  26.771 0.1000000015
87276  41.985  25.981  27.257 0.1000000015
128422  40.848  26.556  27.306 0.1000000015
116160  40.541  27.075  27.589 0.1000000015
87806  39.579  26.910  27.276 0.1000000015
120519  38.645  26.904  27.222 0.1000000015
87807  37.903  26.759  27.138 0.1000000015
88289  38.033  27.277  27.584 0.1000000015
122720  37.014  26.910  27.397 0.1000000015
117993  31.925  27.207  28.547 0.1000000015
88774  32.089  28.751  28.565 0.1000000015
85430  43.066  22.362  27.489 0.1000000015
113382  41.958  23.633  26.781 0.1000000015
86700  41.261  24.341  26.644 0.1000000015
87277  41.095  26.093  27.089 0.1000000015
87805  40.318  26.452  26.910 0.1000000015
87820  39.682  26.503  26.501 0.1000000015
121012  39.090  26.596  26.687 0.1000000015
87821  38.411  26.468  26.574 0.1000000015
88277  30.719  28.039  28.336 0.1000000015
84747  41.764  21.591  27.050 0.2000000030
86067  41.651  22.900  26.767 0.1000000015
124322  41.187  23.558  26.602 0.1000000015
86701  40.605  25.161  26.163 0.1000000015
87292  40.559  25.876  26.402 0.1000000015
87304  40.252  26.036  25.319 0.1000000015
87305  39.896  26.242  24.922 0.1000000015
87294  39.235  26.330  25.803 0.1000000015
85432  41.420  22.227  26.703 0.2000000030
128592  40.581  23.374  26.021 0.1000000015
86083  40.447  23.947  25.394 0.1000000015
86710  40.364  25.225  25.151 0.1000000015
86088  40.492  24.950  24.207 0.1000000015
87245  42.315  25.599  31.852 0.1000000015
88257  39.701  27.565  32.564 0.1000000015
115752  43.867  24.952  31.771 0.1000000015
126338  39.857  27.051  32.546 0.1000000015
121604  38.760  28.558  32.508 0.1000000015
89284  38.150  29.101  32.343 0.1000000015
89300  37.672  29.870  31.835 0.1000000015
127502  37.908  31.211  31.160 0.1000000015
89808  37.176  30.720  31.451 0.1000000015
88252  46.250  27.946  32.231 0.1000000015
88746  45.421  28.455  31.978 0.1000000015
120813  37.293  31.655  31.031 0.1000000015
88744  47.748  28.662  32.216 0.1000000015
127573  46.236  28.674  31.948 0.1000000015
89277  44.901  29.215  31.737 0.1000000015
89278  43.814  29.194  31.777 0.1000000015
120643  43.197  29.722  31.567 0.1000000015
89803  42.107  30.568  31.338 0.1000000015
89804  41.254  30.652  31.353 0.1000000015
90325  39.535  31.257  31.123 0.1000000015
90326  38.688  31.249  31.125 0.1000000015
89275  46.924  29.319  31.863 0.1000000015
120791  46.171  29.833  31.620 0.1000000015
89293  44.495  29.945  31.532 0.1000000015
89294  43.747  29.989  31.485 0.1000000015
89802  43.131  30.515  31.286 0.1000000015
125586  40.298  31.253  31.117 0.1000000015
89273  49.258  29.644  32.410 0.1000000015
88742  49.919  29.105  32.681 0.1000000015
89800  45.004  30.600  31.209 0.1000000015
90322  42.527  31.147  31.054 0.1000000015
90324  40.982  31.224  31.122 0.1000000015
90341  40.022  31.768  30.769 0.1000000015
90342  39.176  31.832  30.730 0.1000000015
125815  50.530  29.562  32.047 0.1000000015
88760  49.967  28.835  30.286 0.1000000015
87819  44.907  26.045  26.944 0.1000000015
87801  44.286  26.608  27.333 0.1000000015
127202  43.694  26.701  27.456 0.1000000015
88283  43.639  27.252  27.551 0.1000000015
115412  43.182  27.848  27.727 0.1000000015
89328  42.287  28.930  28.026 0.1000000015
89329  41.530  29.519  28.006 0.1000000015
110060  40.687  29.094  28.220 0.1000000015
88771  36.322  28.628  28.163 0.1000000015
88772  35.429  28.605  28.203 0.1000000015
88773  33.993  28.488  28.439 0.1000000015
116527  42.521  28.049  27.933 0.1000000015
88783  41.745  28.195  28.124 0.1000000015
113193  41.453  28.821  28.195 0.1000000015
88767  39.701  28.926  28.222 0.1000000015
88769  37.958  28.896  28.211 0.1000000015
89330  39.987  29.837  28.016 0.1000000015
89313  39.128  29.526  28.159 0.1000000015
124053  38.443  29.386  28.190 0.1000000015
89314  37.124  29.178  28.205 0.1000000015
88775  31.187  28.746  28.425 0.1000000015
119795  39.257  26.967  32.622 0.1000000015
88259  38.023  27.623  32.895 0.1000000015
88733  37.264  28.071  33.080 0.1000000015
88753  38.095  28.319  32.696 0.1000000015
89285  37.196  29.301  32.319 0.1000000015
89301  36.742  29.930  31.874 0.1000000015
90327  36.424  31.406  31.311 0.1000000015
122978  36.634  32.089  30.998 0.1000000015
122804  37.252  32.560  30.610 0.1000000015
89274  48.209  29.440  32.125 0.1000000015
89799  46.032  30.435  31.304 0.1000000015
89815  46.370  30.961  30.860 0.1000000015
90829  38.845  32.356  30.367 0.1000000015
90343  38.204  31.938  30.732 0.1000000015
89787  49.511  30.335  32.277 0.1000000015
89272  49.959  29.938  32.463 0.1000000015
89816  45.642  30.918  30.927 0.1000000015
119985  45.089  31.231  30.681 0.1000000015
90338  42.901  31.592  30.613 0.1000000015
90339  42.103  31.636  30.695 0.1000000015
127520  40.674  31.616  30.850 0.1000000015
89796  49.815  30.908  32.139 0.1000000015
89786  50.064  30.588  32.319 0.1000000015
121013  44.524  31.521  30.411 0.1000000015
90337  43.748  31.488  30.582 0.1000000015
88267  49.412  28.020  29.998 0.1000000015
87287  46.355  25.111  25.640 0.1000000015
87818  45.687  25.808  26.308 0.1000000015
88282  44.486  27.460  27.405 0.1000000015
88781  43.850  28.048  27.585 0.1000000015
110117  42.355  29.895  27.669 0.1000000015
115043  40.864  29.901  27.954 0.1000000015
117557  43.977  28.923  27.479 0.1000000015
88782  43.153  28.528  27.755 0.1000000015
120195  41.503  30.472  27.542 0.1000000015
89823  36.946  30.060  27.993 0.1000000015
89832  43.052  30.163  27.349 0.1000000015
89847  42.517  30.782  27.080 0.1000000015
90362  40.950  31.093  27.229 0.1000000015
89833  40.545  30.553  27.616 0.1000000015
89834  39.678  30.682  27.589 0.1000000015
89333  37.789  29.682  28.121 0.1000000015
87778  39.269  26.192  32.473 0.1000000015
87779  38.559  26.393  32.723 0.1000000015
121166  38.526  27.158  32.785 0.1000000015
87763  37.260  26.704  33.360 0.1000000015
88243  37.461  27.360  33.207 0.1000000015
88755  36.543  28.791  32.733 0.1000000015
89788  36.016  29.881  32.051 0.1000000015
89789  35.317  30.173  32.179 0.1000000015
89809  36.028  30.557  31.676 0.1000000015
90344  35.848  32.061  31.223 0.1000000015
90830  36.219  32.714  30.748 0.1000000015
91280  36.627  33.388  30.271 0.1000000015
91281  35.570  33.536  30.423 0.1000000015
89290  47.798  30.152  31.739 0.1000000015
89291  46.766  30.099  31.576 0.1000000015
89798  47.042  30.586  31.270 0.1000000015
91279  37.472  33.285  30.065 0.1000000015
91751  36.587  34.860  29.461 0.1000000015
89289  48.726  30.076  32.146 0.1000000015
90319  48.081  30.807  31.382 0.1000000015
89814  47.311  31.135  30.749 0.1000000015
90336  45.825  31.333  30.433 0.1000000015
90825  42.511  32.064  30.202 0.1000000015
90826  41.671  32.120  30.301 0.1000000015
90828  39.689  32.414  30.283 0.1000000015
90845  38.948  32.862  29.813 0.1000000015
127497  37.941  33.275  29.841 0.1000000015
91289  37.010  34.011  29.699 0.1000000015
92201  36.977  35.748  29.130 0.1000000015
89797  48.892  30.601  31.898 0.1000000015
90352  46.222  31.703  29.716 0.1000000015
90353  45.215  31.746  29.928 0.1000000015
127816  43.618  32.288  29.506 0.1000000015
90842  42.122  32.491  29.671 0.1000000015
90843  41.246  32.581  29.737 0.1000000015
91286  40.039  33.465  29.242 0.1000000015
91749  38.339  34.140  29.137 0.1000000015
91288  37.772  33.776  29.569 0.1000000015
91750  37.509  34.731  29.152 0.1000000015
89795  50.461  31.015  32.057 0.1000000015
88757  50.527  29.555  31.086 0.1000000015
88763  49.736  28.514  29.389 0.1000000015
88268  48.794  27.144  29.400 0.1000000015
114119  49.204  27.540  28.751 0.1000000015
87817  46.459  25.835  25.727 0.1000000015
87800  45.246  26.833  27.001 0.1000000015
88300  45.840  27.473  26.713 0.1000000015
88281  45.179  27.684  27.195 0.1000000015
88780  44.668  28.264  27.364 0.1000000015
89325  44.889  29.072  27.157 0.1000000015
127099  43.788  29.497  27.396 0.1000000015
89327  43.184  29.424  27.604 0.1000000015
89845  44.320  30.387  26.664 0.1000000015
89846  43.431  30.609  26.834 0.1000000015
90378  42.368  31.380  26.421 0.1000000015
125170  41.238  31.804  26.076 0.1000000015
90394  40.626  32.069  25.789 0.1000000015
90377  43.068  31.235  26.351 0.1000000015
90392  42.631  31.700  25.707 0.1000000015
118993  41.882  31.759  25.914 0.1000000015
90393  41.322  32.111  25.400 0.1000000015
88245  35.717  27.600  33.808 0.1000000015
88734  36.219  28.134  33.342 0.1000000015
88735  35.467  28.729  33.108 0.1000000015
89286  35.582  29.430  32.549 0.1000000015
88727  34.141  28.572  34.684 0.1000000015
88736  34.524  28.822  33.743 0.1000000015
121360  34.794  29.294  33.086 0.1000000015
90328  35.465  31.326  31.560 0.1000000015
90820  34.863  32.012  31.496 0.1000000015
90831  35.263  32.702  30.966 0.1000000015
91752  35.890  34.906  29.681 0.1000000015
92202  36.143  35.633  29.576 0.1000000015
90318  49.163  31.125  31.575 0.1000000015
90350  47.994  31.489  30.309 0.1000000015
90351  47.132  31.561  29.918 0.1000000015
92644  36.512  36.452  29.553 0.1000000015
90317  50.196  31.280  31.859 0.1000000015
125764  49.744  31.464  31.328 0.1000000015
90334  48.890  31.460  30.801 0.1000000015
127334  46.311  31.999  29.133 0.1000000015
90841  44.931  32.242  29.171 0.1000000015
90855  43.429  32.664  28.964 0.1000000015
91284  41.753  32.996  29.086 0.1000000015
91285  40.879  33.174  29.148 0.1000000015
91294  39.663  34.139  28.690 0.1000000015
91295  38.929  34.339  28.733 0.1000000015
91757  38.369  35.047  28.614 0.1000000015
117144  37.542  36.159  28.772 0.1000000015
92643  37.215  36.640  29.094 0.1000000015
89813  51.541  31.130  31.277 0.1000000015
90840  45.753  32.083  29.159 0.1000000015
115704  42.265  33.433  28.478 0.1000000015
91292  41.367  33.678  28.522 0.1000000015
91755  40.135  34.688  28.117 0.1000000015
92206  38.948  35.731  28.185 0.1000000015
92207  38.152  35.992  28.489 0.1000000015
93187  37.614  37.151  29.046 0.1000000015
89308  50.294  29.342  29.996 0.1000000015
88766  50.064  28.145  28.361 0.1000000015
87791  48.536  25.903  28.066 0.1000000015
87303  47.153  25.307  25.256 0.1000000015
110574  46.208  26.687  26.271 0.1000000015
88794  45.581  28.343  26.905 0.1000000015
89339  45.644  29.267  26.661 0.1000000015
89338  45.738  30.062  26.282 0.1000000015
113140  45.097  30.432  26.258 0.1000000015
90402  46.041  31.553  24.092 0.1000000015
89855  44.709  30.962  25.869 0.1000000015
90376  43.897  31.105  26.137 0.1000000015
90415  46.274  31.593  23.259 0.1000000015
90391  43.433  31.613  25.522 0.1000000015
90406  42.918  32.067  24.915 0.1000000015
90891  42.328  32.369  24.231 0.1000000015
90427  46.493  31.520  22.384 0.1000000015
88725  33.916  28.828  35.449 0.1000000015
119800  33.742  29.298  34.905 0.1000000015
89258  33.827  29.452  34.239 0.1000000015
89264  33.575  30.260  33.885 0.1000000015
89777  33.845  30.452  33.103 0.1000000015
90329  34.535  31.296  31.955 0.1000000015
90821  34.384  32.750  31.365 0.1000000015
89790  33.783  31.234  32.638 0.1000000015
90330  33.842  32.069  32.017 0.1000000015
90832  34.775  33.296  30.817 0.1000000015
91282  34.719  34.014  30.545 0.1000000015
126116  35.083  35.132  30.158 0.1000000015
92203  35.468  35.382  29.922 0.1000000015
92634  36.298  36.804  29.999 0.1000000015
89306  51.839  30.447  29.303 0.1000000015
89819  52.340  31.301  29.839 0.1000000015
90332  51.393  31.495  31.183 0.1000000015
90838  47.948  31.878  29.360 0.1000000015
93177  37.025  37.112  29.624 0.1000000015
89812  52.016  31.578  30.619 0.1000000015
90348  51.054  31.885  30.509 0.1000000015
120724  48.687  31.715  30.022 0.1000000015
90853  45.515  32.492  28.467 0.1000000015
90854  44.752  32.598  28.509 0.1000000015
91291  43.135  33.204  28.402 0.1000000015
91304  42.725  33.810  27.828 0.1000000015
89307  50.977  29.889  29.707 0.1000000015
91305  41.840  34.106  27.879 0.1000000015
91754  40.991  34.416  27.972 0.1000000015
92212  40.287  36.113  27.496 0.1000000015
92213  39.527  36.308  27.839 0.1000000015
92649  37.880  36.714  28.694 0.1000000015
88280  49.747  27.129  27.706 0.1000000015
87302  48.033  25.051  24.935 0.1000000015
87831  46.942  26.300  25.543 0.1000000015
126828  46.329  27.321  26.384 0.1000000015
127363  46.693  28.288  26.270 0.1000000015
88802  46.898  28.724  26.087 0.1000000015
89853  46.387  30.215  25.729 0.1000000015
124898  46.266  30.769  25.201 0.1000000015
90401  46.857  31.365  23.862 0.1000000015
89862  46.548  31.063  24.600 0.1000000015
114954  34.617  29.972  36.487 0.1000000015
89252  34.015  29.507  36.067 0.1000000015
89772  33.636  30.221  35.243 0.1000000015
89775  33.455  30.714  34.203 0.1000000015
89778  33.419  31.155  33.534 0.1000000015
90302  33.402  31.361  34.227 0.1000000015
90309  33.325  31.973  32.896 0.1000000015
92194  34.368  35.222  30.826 0.1000000015
92193  34.932  35.627  30.380 0.1000000015
93168  35.856  36.873  30.690 0.1000000015
123242  36.590  37.161  30.334 0.1000000015
90347  51.999  32.014  30.414 0.1000000015
90836  50.253  32.227  29.564 0.1000000015
93176  37.956  37.602  29.521 0.1000000015
91302  44.348  33.447  27.572 0.1000000015
91303  43.584  33.577  27.734 0.1000000015
121958  50.635  28.804  28.374 0.1000000015
90860  48.071  32.865  27.899 0.1000000015
90861  47.114  32.813  27.860 0.1000000015
127273  45.450  33.466  27.199 0.1000000015
92210  41.995  35.246  26.898 0.1000000015
125692  41.417  35.516  27.141 0.1000000015
92652  40.741  36.767  27.343 0.1000000015
93191  39.571  37.029  27.932 0.1000000015
93186  38.295  37.267  28.760 0.1000000015
93737  39.546  38.173  29.466 0.1000000015
93729  38.877  38.058  29.976 0.1000000015
88279  50.689  27.453  27.352 0.1000000015
91317  44.925  33.744  27.023 0.1000000015
91769  43.538  34.698  26.543 0.1000000015
92218  42.436  35.723  26.485 0.1000000015
92211  41.072  36.106  27.144 0.1000000015
93189  41.103  37.473  27.308 0.1000000015
93184  39.913  37.617  28.072 0.1000000015
93748  39.634  37.912  28.671 0.1000000015
87816  50.081  25.652  26.454 0.1000000015
92656  41.573  36.886  26.804 0.1000000015
87285  49.635  25.069  26.141 0.1000000015
87830  47.730  25.876  24.999 0.1000000015
121196  47.749  27.659  25.543 0.1000000015
125459  46.753  27.181  26.032 0.1000000015
89345  47.189  29.543  25.640 0.1000000015
89852  46.959  30.450  25.138 0.1000000015
112299  46.600  31.405  21.605 0.1000000015
90445  46.579  30.952  20.097 0.1000000015
90436  46.155  31.344  20.906 0.1000000015
90426  47.425  31.306  21.979 0.1000000015
90297  35.247  31.744  35.966 0.1000000015
90295  35.232  30.966  36.413 0.1000000015
122709  34.394  30.606  36.025 0.1000000015
89771  33.904  30.728  35.446 0.1000000015
116737  33.531  30.744  34.763 0.1000000015
115330  33.271  32.030  33.680 0.1000000015
91270  34.165  33.539  31.195 0.1000000015
90809  33.209  32.861  33.104 0.1000000015
91271  33.522  33.852  31.788 0.1000000015
91736  34.129  34.459  31.013 0.1000000015
92636  34.515  35.810  30.893 0.1000000015
91260  33.371  33.727  33.511 0.1000000015
119989  33.241  33.772  32.693 0.1000000015
93161  37.742  37.610  31.378 0.1000000015
89822  52.490  30.792  28.739 0.1000000015
89818  52.469  31.553  29.282 0.1000000015
90356  52.439  32.006  29.157 0.1000000015
90835  51.383  32.332  29.633 0.1000000015
93167  37.315  37.492  30.390 0.1000000015
89311  52.042  29.866  28.297 0.1000000015
90355  52.620  31.393  28.480 0.1000000015
90834  52.088  32.246  29.530 0.1000000015
119445  50.624  32.671  28.931 0.1000000015
90850  48.528  32.477  28.609 0.1000000015
93166  38.242  37.813  30.610 0.1000000015
88765  51.390  28.965  27.901 0.1000000015
89324  52.399  29.154  27.481 0.1000000015
124318  52.139  32.363  28.859 0.1000000015
90848  51.421  32.646  28.753 0.1000000015
111487  50.161  32.954  28.146 0.1000000015
91300  46.841  33.332  27.289 0.1000000015
91301  45.983  33.325  27.228 0.1000000015
93165  39.173  38.049  31.013 0.1000000015
88779  50.867  28.282  27.784 0.1000000015
88297  51.386  26.661  26.625 0.1000000015
127063  49.330  33.152  27.510 0.1000000015
91299  47.713  33.343  27.330 0.1000000015
91314  47.378  33.692  26.770 0.1000000015
91316  45.742  33.736  26.779 0.1000000015
91768  44.443  34.436  26.448 0.1000000015
92217  43.126  35.483  26.250 0.1000000015
92655  42.309  36.506  26.380 0.1000000015
93753  40.676  37.882  27.744 0.1000000015
93746  40.979  38.485  28.869 0.1000000015
93736  40.805  38.501  29.793 0.1000000015
122887  40.168  38.387  29.904 0.1000000015
87815  51.838  25.919  26.062 0.1000000015
91766  46.180  34.155  26.234 0.1000000015
91767  45.330  34.253  26.360 0.1000000015
91781  44.864  34.848  25.795 0.1000000015
92227  43.344  36.088  25.769 0.1000000015
92660  42.913  36.755  25.909 0.1000000015
93195  41.840  37.764  26.843 0.1000000015
107367  41.151  38.363  27.999 0.1000000015
93735  41.625  38.620  29.704 0.1000000015
87828  50.309  25.584  25.417 0.1000000015
87829  48.589  25.572  24.832 0.1000000015
88305  48.319  26.777  25.077 0.1000000015
88800  48.320  28.092  25.359 0.1000000015
88801  47.570  28.497  25.705 0.1000000015
89354  47.838  30.055  24.932 0.1000000015
89861  47.328  30.799  24.426 0.1000000015
90414  47.150  31.454  23.042 0.1000000015
89869  47.642  31.048  23.675 0.1000000015
89904  46.869  30.300  18.636 0.1000000015
89894  46.931  30.523  19.404 0.1000000015
90462  46.509  30.777  17.601 0.1000000015
89895  46.300  30.872  19.377 0.1000000015
90293  37.038  31.963  36.394 0.1000000015
90294  36.059  31.798  36.243 0.1000000015
90299  33.793  31.520  34.982 0.1000000015
90800  35.845  32.578  35.754 0.1000000015
115196  34.670  32.123  35.487 0.1000000015
90802  33.471  32.019  34.311 0.1000000015
91251  34.932  33.107  35.302 0.1000000015
90801  33.986  32.459  34.786 0.1000000015
90806  33.449  32.845  34.029 0.1000000015
92185  34.050  35.430  31.376 0.1000000015
91734  33.388  34.539  32.254 0.1000000015
92182  33.860  35.798  32.025 0.1000000015
125943  35.362  36.795  31.126 0.1000000015
93163  35.709  37.137  31.672 0.1000000015
88799  53.411  28.108  25.956 0.1000000015
89844  52.819  29.996  27.264 0.1000000015
90360  52.579  31.557  27.735 0.1000000015
128190  52.227  32.149  27.671 0.1000000015
93131  39.062  37.677  32.833 0.1000000015
88792  53.238  27.748  26.378 0.1000000015
88778  52.903  28.392  26.910 0.1000000015
90858  51.899  32.533  28.148 0.1000000015
91297  49.956  33.026  27.237 0.1000000015
93717  40.134  37.923  31.395 0.1000000015
112390  53.191  26.841  26.220 0.1000000015
87814  52.701  26.206  26.021 0.1000000015
91313  48.182  33.617  26.791 0.1000000015
91765  47.012  34.071  26.202 0.1000000015
93726  41.336  38.398  30.616 0.1000000015
93727  40.543  38.325  30.628 0.1000000015
87827  51.392  25.808  25.703 0.1000000015
91329  47.757  33.859  26.185 0.1000000015
91780  45.708  34.643  25.701 0.1000000015
92226  44.539  35.605  25.298 0.1000000015
93193  43.018  38.022  26.166 0.1000000015
112498  42.182  38.293  27.014 0.1000000015
125495  41.917  38.700  28.653 0.1000000015
93734  42.490  38.761  29.647 0.1000000015
87837  49.987  25.918  24.914 0.1000000015
88304  49.111  27.533  24.941 0.1000000015
88808  48.937  28.714  24.977 0.1000000015
89344  48.091  29.087  25.338 0.1000000015
107659  47.977  30.549  24.227 0.1000000015
90413  47.984  31.100  22.855 0.1000000015
89912  47.590  29.598  17.895 0.1000000015
89893  47.584  30.419  19.908 0.1000000015
89885  48.054  30.813  20.972 0.1000000015
90792  37.375  32.725  36.298 0.1000000015
90793  36.651  32.479  36.125 0.1000000015
90805  34.119  33.229  34.683 0.1000000015
91256  33.857  33.814  34.292 0.1000000015
92183  33.523  35.227  32.575 0.1000000015
92626  34.431  36.539  32.276 0.1000000015
119667  52.856  29.667  26.506 0.1000000015
92630  34.956  36.736  31.518 0.1000000015
93148  36.436  37.514  32.355 0.1000000015
93147  37.382  37.612  32.194 0.1000000015
89337  53.063  28.843  26.636 0.1000000015
125794  52.744  30.861  27.752 0.1000000015
120852  52.616  30.722  26.878 0.1000000015
108977  39.054  37.559  32.187 0.1000000015
93130  40.036  37.571  33.056 0.1000000015
90871  51.609  32.449  27.205 0.1000000015
90872  50.662  32.666  26.719 0.1000000015
106766  40.143  37.494  32.027 0.1000000015
93145  39.726  37.497  32.439 0.1000000015
93144  40.500  37.455  32.526 0.1000000015
88295  53.475  27.326  25.711 0.1000000015
88303  53.204  26.630  25.538 0.1000000015
90880  51.329  32.182  26.168 0.1000000015
91312  49.057  33.401  26.788 0.1000000015
93715  41.754  38.069  31.298 0.1000000015
93157  41.698  37.518  31.982 0.1000000015
112442  41.209  37.435  32.447 0.1000000015
88310  51.875  26.806  24.486 0.1000000015
88311  50.764  27.436  24.357 0.1000000015
90882  49.745  32.943  26.265 0.1000000015
127756  49.100  33.314  25.966 0.1000000015
128724  46.564  34.973  24.782 0.1000000015
92225  45.255  35.255  25.175 0.1000000015
92658  44.297  36.722  24.883 0.1000000015
93198  43.246  37.457  25.761 0.1000000015
94314  43.782  38.956  26.675 0.1000000015
94299  43.369  39.141  27.991 0.1000000015
93733  43.350  38.895  29.749 0.1000000015
127707  43.038  38.563  30.362 0.1000000015
120913  42.525  37.790  31.630 0.1000000015
93156  42.756  37.424  32.454 0.1000000015
93143  41.993  37.370  32.745 0.1000000015
87836  50.947  26.248  24.893 0.1000000015
127141  49.470  28.861  24.631 0.1000000015
91788  47.145  34.674  24.799 0.1000000015
92667  45.666  36.333  24.013 0.1000000015
92668  44.956  36.930  24.260 0.1000000015
93197  43.952  37.516  25.236 0.1000000015
93756  43.490  38.475  26.223 0.1000000015
94310  43.382  38.966  27.200 0.1000000015
94289  43.893  39.240  29.060 0.1000000015
93724  43.870  38.482  30.576 0.1000000015
93714  43.276  38.115  31.174 0.1000000015
89352  49.222  29.474  24.472 0.1000000015
89353  48.530  29.500  24.871 0.1000000015
89868  48.491  30.621  23.612 0.1000000015
89860  48.555  30.114  24.399 0.1000000015
118823  48.707  30.771  22.766 0.1000000015
89921  48.928  28.984  16.002 0.1000000015
89903  47.548  29.952  18.833 0.1000000015
90791  38.185  32.898  36.477 0.1000000015
90292  37.965  32.216  36.470 0.1000000015
91726  33.705  34.689  33.981 0.1000000015
92178  33.640  35.348  33.396 0.1000000015
92627  33.799  36.002  32.846 0.1000000015
114375  34.345  36.624  33.246 0.1000000015
93150  34.918  37.133  32.916 0.1000000015
93149  35.623  37.396  32.648 0.1000000015
93132  38.008  37.896  32.855 0.1000000015
119236  53.216  28.921  25.680 0.1000000015
93694  38.565  38.309  33.495 0.1000000015
88798  53.510  27.936  25.158 0.1000000015
89851  52.624  30.122  25.675 0.1000000015
93692  40.443  38.085  33.658 0.1000000015
90387  51.817  31.604  25.610 0.1000000015
93129  41.462  38.083  33.915 0.1000000015
88309  52.876  26.733  24.761 0.1000000015
88805  51.713  27.443  23.992 0.1000000015
90889  51.205  32.022  25.051 0.1000000015
90881  50.443  32.483  25.611 0.1000000015
121253  49.543  32.847  25.143 0.1000000015
91328  48.056  33.801  25.433 0.1000000015
91778  47.389  34.203  25.516 0.1000000015
115315  42.235  37.558  33.492 0.1000000015
106835  41.102  37.528  33.095 0.1000000015
88806  50.942  28.159  23.946 0.1000000015
90890  50.412  32.457  24.395 0.1000000015
123939  49.228  33.181  24.345 0.1000000015
91337  48.481  33.710  24.552 0.1000000015
91787  47.799  34.217  24.677 0.1000000015
92247  46.564  35.992  23.685 0.1000000015
92678  45.574  37.296  23.760 0.1000000015
93203  44.581  37.579  24.636 0.1000000015
93760  44.466  38.358  25.224 0.1000000015
94298  44.270  39.437  28.256 0.1000000015
93732  44.124  38.966  29.977 0.1000000015
93723  45.105  38.585  30.606 0.1000000015
93142  43.068  37.302  33.264 0.1000000015
89351  50.032  28.889  24.239 0.1000000015
92677  46.333  36.862  23.438 0.1000000015
93211  46.300  37.811  23.485 0.1000000015
93774  45.590  38.098  23.894 0.1000000015
93759  45.278  38.874  25.006 0.1000000015
94313  44.698  39.387  26.573 0.1000000015
94297  45.240  39.797  28.096 0.1000000015
94284  46.056  39.431  29.917 0.1000000015
93713  44.569  37.809  31.660 0.1000000015
93155  43.576  37.544  32.123 0.1000000015
89882  50.547  29.556  21.477 0.1000000015
89370  50.158  29.755  23.007 0.1000000015
94308  45.861  40.077  27.252 0.1000000015
94288  46.127  40.059  28.959 0.1000000015
89891  49.706  29.355  20.010 0.1000000015
89883  49.822  29.945  21.267 0.1000000015
89859  49.157  30.170  23.980 0.1000000015
89393  50.280  28.149  17.746 0.1000000015
89884  48.987  30.378  21.066 0.1000000015
89876  49.234  30.527  22.113 0.1000000015
89402  49.318  28.657  16.539 0.1000000015
89892  48.688  29.862  19.899 0.1000000015
90425  48.424  30.943  21.957 0.1000000015
90799  36.696  33.060  35.952 0.1000000015
91250  36.020  33.465  35.664 0.1000000015
91255  34.638  33.857  34.998 0.1000000015
91725  34.375  34.557  34.770 0.1000000015
92624  33.947  36.103  33.679 0.1000000015
93135  35.411  37.640  33.501 0.1000000015
120177  34.217  35.213  34.607 0.1000000015
92176  33.955  35.592  34.145 0.1000000015
93695  37.573  38.451  33.595 0.1000000015
93675  39.870  38.546  34.096 0.1000000015
109755  52.984  29.407  24.914 0.1000000015
93674  40.669  38.605  34.559 0.1000000015
89343  53.361  28.567  24.604 0.1000000015
89858  52.670  30.145  24.579 0.1000000015
90386  52.263  30.957  25.082 0.1000000015
93111  42.513  37.958  34.344 0.1000000015
88811  53.323  27.677  23.646 0.1000000015
88315  53.199  27.435  24.069 0.1000000015
90400  51.822  31.501  24.534 0.1000000015
93128  43.301  37.531  34.126 0.1000000015
88812  53.210  27.698  23.086 0.1000000015
88813  52.206  27.845  23.278 0.1000000015
90899  49.987  32.992  23.670 0.1000000015
91346  49.154  33.748  23.696 0.1000000015
91795  48.560  34.414  23.651 0.1000000015
91796  47.641  34.855  23.965 0.1000000015
93773  46.386  38.608  23.878 0.1000000015
110067  52.884  28.100  22.155 0.1000000015
89360  51.873  28.467  22.513 0.1000000015
92676  47.255  36.463  23.216 0.1000000015
93764  45.776  38.730  24.410 0.1000000015
94317  45.959  39.488  25.638 0.1000000015
93722  46.884  38.634  30.988 0.1000000015
93712  46.118  37.816  31.718 0.1000000015
113866  44.767  37.202  32.867 0.1000000015
93141  43.893  37.222  33.055 0.1000000015
93127  44.355  37.189  34.032 0.1000000015
89379  51.535  28.769  20.942 0.1000000015
89369  51.031  29.314  22.229 0.1000000015
94316  47.068  40.052  25.553 0.1000000015
121703  47.074  40.517  26.854 0.1000000015
94839  46.730  40.434  28.139 0.1000000015
94287  47.338  40.212  29.663 0.1000000015
94283  47.823  39.552  30.647 0.1000000015
93711  47.739  37.851  31.930 0.1000000015
93153  47.084  37.264  32.871 0.1000000015
93140  46.100  36.795  33.865 0.1000000015
111708  44.980  37.038  33.659 0.1000000015
108335  51.892  27.825  19.466 0.1000000015
94882  48.716  41.392  26.386 0.1000000015
94872  48.671  41.663  26.841 0.1000000015
94838  48.064  41.378  28.523 0.1000000015
94816  48.266  40.691  30.404 0.1000000015
93710  48.649  38.051  32.457 0.1000000015
93137  48.579  37.750  32.974 0.1000000015
93124  47.691  37.383  33.982 0.1000000015
94871  49.394  42.343  26.816 0.1000000015
110182  48.915  42.467  27.190 0.1000000015
94855  48.587  42.503  28.165 0.1000000015
94826  48.572  41.887  29.904 0.1000000015
94815  48.513  40.939  30.904 0.1000000015
94788  48.525  39.708  32.150 0.1000000015
94273  48.730  38.695  32.611 0.1000000015
93138  47.981  37.430  33.408 0.1000000015
94880  49.832  42.599  26.337 0.1000000015
95383  49.342  42.443  26.593 0.1000000015
95357  47.902  42.673  27.376 0.1000000015
95349  48.763  42.870  28.679 0.1000000015
95341  48.609  42.707  29.199 0.1000000015
95323  48.301  41.435  30.812 0.1000000015
95369  48.078  42.550  26.607 0.1000000015
95350  47.889  42.968  28.301 0.1000000015
110909  47.608  42.656  29.764 0.1000000015
111989  46.984  42.239  30.256 0.1000000015
95351  46.619  42.542  28.477 0.1000000015
95343  46.337  42.278  29.440 0.1000000015
90798  37.486  33.249  36.441 0.1000000015
91249  36.648  33.676  36.114 0.1000000015
91253  35.962  34.099  35.752 0.1000000015
91724  35.150  34.381  35.401 0.1000000015
92175  34.344  35.928  34.932 0.1000000015
92614  34.191  36.195  34.318 0.1000000015
93136  34.811  37.255  33.758 0.1000000015
93664  41.247  38.883  35.409 0.1000000015
89350  53.127  29.197  24.058 0.1000000015
89867  52.800  29.920  23.600 0.1000000015
90399  52.359  30.854  24.081 0.1000000015
93673  41.825  38.396  34.808 0.1000000015
88817  53.311  27.938  22.871 0.1000000015
89874  52.894  29.575  22.663 0.1000000015
90897  51.320  32.005  23.875 0.1000000015
91345  49.960  33.721  23.121 0.1000000015
92254  48.222  36.064  22.918 0.1000000015
92238  47.439  35.626  23.507 0.1000000015
93107  46.227  37.516  35.100 0.1000000015
93220  49.315  36.941  22.658 0.1000000015
93221  48.291  37.613  22.992 0.1000000015
107317  47.343  38.376  23.455 0.1000000015
94332  47.241  39.144  24.108 0.1000000015
93125  46.873  36.900  34.690 0.1000000015
93770  51.363  38.496  23.743 0.1000000015
93772  48.785  38.540  23.477 0.1000000015
94330  49.620  39.719  24.413 0.1000000015
94324  48.115  40.159  24.932 0.1000000015
94328  51.427  39.521  24.055 0.1000000015
93771  50.478  38.474  23.839 0.1000000015
94323  49.342  40.800  25.277 0.1000000015
94894  48.383  40.788  25.793 0.1000000015
93706  48.521  37.999  33.344 0.1000000015
94259  47.714  37.884  34.052 0.1000000015
124277  50.290  42.201  25.591 0.1000000015
94893  49.451  41.752  26.154 0.1000000015
95324  47.114  41.596  30.950 0.1000000015
94789  47.490  39.775  32.377 0.1000000015
94806  46.500  40.638  31.670 0.1000000015
95344  44.779  41.476  29.379 0.1000000015
95335  45.589  41.544  30.306 0.1000000015
91715  35.523  34.663  35.842 0.1000000015
92174  34.717  35.147  35.331 0.1000000015
93113  34.703  37.420  34.503 0.1000000015
94253  39.660  38.987  34.764 0.1000000015
127328  41.386  39.429  36.563 0.1000000015
94243  41.788  39.154  36.050 0.1000000015
94244  40.283  39.195  35.406 0.1000000015
93663  42.323  38.692  35.560 0.1000000015
93110  43.429  37.877  34.844 0.1000000015
112822  51.693  32.192  22.733 0.1000000015
91344  50.793  33.471  22.666 0.1000000015
91805  49.417  35.114  22.730 0.1000000015
93672  42.938  38.268  35.161 0.1000000015
93671  44.158  38.282  35.524 0.1000000015
93109  44.316  37.679  34.888 0.1000000015
91804  50.443  35.217  22.223 0.1000000015
93108  45.226  37.481  34.832 0.1000000015
123597  50.214  35.675  22.235 0.1000000015
92253  49.297  35.764  22.612 0.1000000015
92686  50.228  36.160  22.262 0.1000000015
123204  50.207  36.493  22.508 0.1000000015
93690  46.893  37.473  34.912 0.1000000015
92694  50.354  36.186  22.045 0.1000000015
108981  50.401  36.727  22.678 0.1000000015
93781  51.305  37.395  23.248 0.1000000015
94275  46.936  38.765  33.383 0.1000000015
94790  45.836  39.771  32.463 0.1000000015
94817  45.677  41.068  31.083 0.1000000015
95336  44.156  41.177  30.071 0.1000000015
92613  34.457  36.728  34.807 0.1000000015
94227  41.582  39.526  37.298 0.1000000015
90907  51.418  33.094  22.308 0.1000000015
90906  51.772  32.715  22.018 0.1000000015
91353  51.238  33.936  22.017 0.1000000015
91354  50.758  34.519  22.232 0.1000000015
93660  44.780  38.708  35.874 0.1000000015
90914  51.814  32.513  21.591 0.1000000015
91352  51.566  33.248  21.889 0.1000000015
109135  50.953  34.573  22.041 0.1000000015
91803  50.763  35.060  21.999 0.1000000015
93691  46.029  37.905  35.374 0.1000000015
90915  51.569  32.932  21.495 0.1000000015
92260  50.607  35.538  22.112 0.1000000015
94261  45.366  38.609  34.784 0.1000000015
91817  50.733  34.432  21.696 0.1000000015
91811  50.743  35.100  21.946 0.1000000015
94260  46.619  38.081  34.832 0.1000000015
92266  50.053  35.598  21.594 0.1000000015
94276  45.472  39.100  33.498 0.1000000015
94807  45.007  40.481  31.629 0.1000000015
95345  43.783  41.150  29.364 0.1000000015
106701  40.854  39.340  36.071 0.1000000015
94242  42.936  38.947  36.121 0.1000000015
90921  51.152  32.671  20.814 0.1000000015
91361  51.240  33.726  21.761 0.1000000015
91367  50.383  33.643  20.988 0.1000000015
93104  34.594  37.511  35.248 0.1000000015
93112  35.149  37.899  34.315 0.1000000015
92165  34.593  35.790  35.649 0.1000000015
86650  45.506  24.513  32.192 0.1000000015
87246  41.445  25.606  31.941 0.1000000015
88265  49.104  27.272  30.205 0.1000000015
87788  48.456  26.319  29.046 0.1000000015
87310  49.424  25.392  25.069 0.1000000015
87284  50.573  25.511  25.973 0.1000000015
87790  49.054  26.598  27.896 0.1000000015
121203  49.676  26.243  27.196 0.1000000015
86716  40.105  25.393  23.870 0.1000000015
86079  40.850  22.998  26.389 0.2000000030
87770  47.461  26.407  32.589 0.1000000015
86704  35.864  24.345  26.594 0.1000000015
87793  33.073  26.279  28.406 0.1000000015
87270  31.075  25.262  28.373 0.1000000015
125304  32.296  25.983  28.494 0.1000000015
86712  37.773  24.728  25.181 0.1000000015
88250  48.442  28.105  32.586 0.1000000015
88261  51.173  27.755  32.924 0.1000000015
113132  51.602  27.160  33.119 0.1000000015
87809  35.109  26.338  27.477 0.1000000015
88273  34.886  27.530  27.900 0.1000000015
87822  37.497  26.319  26.631 0.1000000015
85431  42.218  22.138  27.200 0.1000000015
86711  38.738  25.477  24.642 0.1000000015
87311  40.164  26.001  24.619 0.1000000015
113322  45.279  25.705  32.220 0.1000000015
87243  44.600  25.398  32.007 0.1000000015
121272  43.330  26.503  32.155 0.1000000015
121766  42.031  27.690  32.404 0.1000000015
88751  40.553  28.470  32.286 0.1000000015
88258  38.848  27.816  32.672 0.1000000015
87772  45.498  26.419  32.295 0.1000000015
88255  43.089  27.915  32.362 0.1000000015
88253  45.447  27.707  32.207 0.1000000015
89279  42.834  29.156  31.823 0.1000000015
89296  41.555  29.886  31.560 0.1000000015
128811  40.608  30.804  31.329 0.1000000015
87289  44.283  25.733  27.078 0.1000000015
86077  43.922  23.593  26.730 0.1000000015
88284  42.800  27.340  27.702 0.1000000015
86699  42.310  24.449  26.794 0.1000000015
88286  41.207  27.580  27.963 0.1000000015
123077  40.552  27.739  28.054 0.1000000015
88288  38.957  27.463  27.724 0.1000000015
88768  38.815  28.784  28.214 0.1000000015
86066  42.588  22.896  26.988 0.1000000015
108552  41.457  25.270  26.854 0.1000000015
117454  31.029  27.281  28.475 0.1000000015
88276  31.570  28.000  28.518 0.1000000015
87293  40.020  26.239  25.824 0.1000000015
113863  40.663  23.996  26.122 0.1000000015
89276  45.832  29.228  31.737 0.1000000015
89292  45.398  29.927  31.564 0.1000000015
90323  41.715  31.181  31.108 0.1000000015
89801  44.078  30.539  31.252 0.1000000015
90320  44.357  31.076  30.902 0.1000000015
90340  41.312  31.656  30.766 0.1000000015
90827  40.719  32.150  30.411 0.1000000015
89271  50.277  30.291  32.211 0.1000000015
89331  39.213  30.178  27.929 0.1000000015
89332  38.519  30.033  28.037 0.1000000015
89828  31.891  30.211  28.353 0.1000000015
89320  31.607  29.457  28.432 0.1000000015
90335  46.544  31.343  30.349 0.1000000015
118683  38.159  32.777  30.166 0.1000000015
90824  43.322  31.978  30.080 0.1000000015
120872  39.623  33.020  29.669 0.1000000015
90354  44.217  31.967  29.830 0.1000000015
89303  50.830  30.564  31.777 0.1000000015
89326  44.301  29.639  27.185 0.1000000015
90379  41.630  31.325  26.774 0.1000000015
90380  40.755  31.593  26.570 0.1000000015
90363  40.210  31.257  27.159 0.1000000015
87780  37.951  26.894  33.029 0.1000000015
88244  36.684  27.359  33.510 0.1000000015
122295  34.500  30.613  32.403 0.1000000015
114667  48.256  31.204  31.002 0.1000000015
113696  42.938  32.379  29.581 0.1000000015
90844  40.368  32.773  29.781 0.1000000015
91287  39.121  33.597  29.233 0.1000000015
106716  44.167  32.442  29.036 0.1000000015
90856  42.617  32.836  29.028 0.1000000015
91293  40.509  33.925  28.621 0.1000000015
90316  50.787  31.318  31.722 0.1000000015
118789  51.012  31.229  31.679 0.1000000015
89304  51.046  30.218  30.801 0.1000000015
88762  50.290  29.076  29.060 0.1000000015
88299  46.408  27.888  26.440 0.1000000015
89340  45.030  29.854  26.751 0.1000000015
89831  43.700  29.983  27.254 0.1000000015
90407  42.099  32.095  25.132 0.1000000015
90892  41.512  32.398  24.647 0.1000000015
90883  40.678  32.428  24.929 0.1000000015
122065  35.325  28.234  33.606 0.1000000015
89263  34.097  29.694  33.476 0.1000000015
89287  34.624  29.911  32.764 0.1000000015
90839  46.910  31.924  29.164 0.1000000015
90333  50.596  31.536  31.368 0.1000000015
90349  49.745  31.731  30.401 0.1000000015
90852  46.446  32.350  28.574 0.1000000015
128213  44.074  32.953  28.259 0.1000000015
91756  39.285  34.899  28.328 0.1000000015
89820  51.912  30.870  30.495 0.1000000015
91764  40.719  35.313  27.535 0.1000000015
92648  38.757  36.667  28.301 0.1000000015
119077  47.430  26.946  25.499 0.1000000015
114027  46.284  28.669  26.451 0.1000000015
89346  46.383  29.457  26.187 0.1000000015
89854  45.590  30.752  25.632 0.1000000015
90388  45.791  31.245  24.848 0.1000000015
90390  44.250  31.493  25.346 0.1000000015
90405  43.763  31.934  24.588 0.1000000015
90419  43.098  32.222  24.213 0.1000000015
109541  41.604  32.622  23.887 0.1000000015
90851  47.483  32.363  28.541 0.1000000015
90837  49.092  32.119  29.413 0.1000000015
90862  46.164  32.832  27.801 0.1000000015
124519  45.143  33.062  27.731 0.1000000015
91762  42.300  34.516  27.276 0.1000000015
91761  43.144  34.211  27.177 0.1000000015
89312  51.051  29.537  28.718 0.1000000015
123994  40.073  36.712  27.645 0.1000000015
93185  39.148  37.368  28.438 0.1000000015
87798  50.398  26.490  26.872 0.1000000015
88298  47.112  27.885  26.012 0.1000000015
89768  33.941  30.079  35.817 0.1000000015
90812  33.426  32.592  32.443 0.1000000015
90849  49.619  32.640  28.733 0.1000000015
91760  43.992  33.960  27.055 0.1000000015
92219  41.768  36.003  26.746 0.1000000015
93728  39.746  38.246  30.431 0.1000000015
122731  51.897  27.899  27.074 0.1000000015
91770  42.720  34.948  26.703 0.1000000015
92216  43.941  35.285  25.872 0.1000000015
92228  42.799  36.127  26.136 0.1000000015
93752  41.449  38.088  27.378 0.1000000015
122775  50.905  25.926  26.302 0.1000000015
93194  42.467  37.383  26.327 0.1000000015
90435  47.079  31.145  20.924 0.1000000015
90298  34.510  31.270  35.749 0.1000000015
92631  34.426  36.151  31.420 0.1000000015
93162  36.696  37.352  31.280 0.1000000015
89310  52.590  30.010  27.910 0.1000000015
107288  49.057  33.002  28.014 0.1000000015
93160  38.653  37.705  31.564 0.1000000015
90859  50.995  32.816  27.754 0.1000000015
91298  48.573  33.299  27.373 0.1000000015
91315  46.547  33.714  26.740 0.1000000015
88296  52.503  26.657  26.408 0.1000000015
88793  52.954  27.408  26.639 0.1000000015
114330  43.988  36.106  25.348 0.1000000015
87826  52.228  25.960  25.899 0.1000000015
91779  46.583  34.532  25.498 0.1000000015
92659  43.575  36.789  25.420 0.1000000015
93757  42.467  38.037  26.566 0.1000000015
106722  41.950  38.522  27.680 0.1000000015
93725  42.276  38.404  30.659 0.1000000015
87838  49.259  26.211  24.773 0.1000000015
90375  52.163  31.768  26.742 0.1000000015
87825  52.680  26.279  25.549 0.1000000015
116087  48.477  33.613  26.121 0.1000000015
87835  52.063  26.193  25.226 0.1000000015
92224  45.966  35.022  24.995 0.1000000015
92240  44.902  36.074  24.674 0.1000000015
94290  42.885  39.016  28.841 0.1000000015
88312  50.001  26.883  24.625 0.1000000015
88807  49.786  28.174  24.604 0.1000000015
89408  48.808  28.826  16.487 0.1000000015
122352  48.272  29.326  18.062 0.1000000015
89902  48.465  29.470  18.811 0.1000000015
93133  37.014  37.964  32.990 0.1000000015
93693  39.512  38.141  33.521 0.1000000015
90374  52.239  31.053  26.001 0.1000000015
88804  53.442  27.761  24.255 0.1000000015
127817  53.338  27.555  24.151 0.1000000015
88316  52.718  27.301  24.014 0.1000000015
126747  50.327  28.236  24.305 0.1000000015
91327  48.741  33.364  25.269 0.1000000015
92239  46.184  35.535  24.331 0.1000000015
93761  43.674  38.121  25.714 0.1000000015
94309  44.282  39.409  27.394 0.1000000015
93202  45.111  37.648  24.152 0.1000000015
93755  44.128  38.770  26.006 0.1000000015
94285  44.734  39.181  29.719 0.1000000015
109086  44.961  39.494  28.968 0.1000000015
89362  49.804  29.701  23.779 0.1000000015
107456  49.399  30.336  23.152 0.1000000015
89361  50.791  28.921  23.314 0.1000000015
90898  50.909  32.623  23.239 0.1000000015
93765  45.061  38.231  24.467 0.1000000015
94318  44.966  39.148  25.780 0.1000000015
93210  47.183  37.361  23.151 0.1000000015
94325  46.070  39.292  24.988 0.1000000015
94312  45.831  39.757  26.390 0.1000000015
93154  45.797  37.189  32.769 0.1000000015
89890  50.703  29.065  20.348 0.1000000015
89875  50.007  30.028  22.275 0.1000000015
94828  47.268  40.565  28.891 0.1000000015
107536  50.806  28.080  18.648 0.1000000015
89385  49.561  28.784  18.621 0.1000000015
122365  49.317  28.610  17.500 0.1000000015
89349  53.436  28.179  23.673 0.1000000015
93763  46.872  39.502  24.703 0.1000000015
89368  52.306  28.450  21.516 0.1000000015
94883  47.132  40.387  26.244 0.1000000015
121686  46.553  36.893  33.523 0.1000000015
89378  52.683  27.860  20.196 0.1000000015
94856  48.056  41.340  27.599 0.1000000015
94827  48.108  41.181  29.404 0.1000000015
93721  48.378  38.681  31.621 0.1000000015
94881  49.491  42.147  26.577 0.1000000015
94837  48.639  42.292  28.985 0.1000000015
94804  48.471  40.481  31.406 0.1000000015
95847  48.744  42.555  27.206 0.1000000015
121902  48.592  42.654  28.123 0.1000000015
95333  48.537  42.120  30.027 0.1000000015
94805  47.936  40.720  31.566 0.1000000015
95384  48.378  42.573  26.224 0.1000000015
94892  50.063  42.193  26.010 0.1000000015
95393  48.481  42.459  25.784 0.1000000015
95358  46.619  42.427  27.583 0.1000000015
95342  47.790  43.022  29.077 0.1000000015
95385  46.766  42.139  25.920 0.1000000015
89359  53.261  28.758  23.100 0.1000000015
91794  49.714  34.461  22.880 0.1000000015
92688  48.158  36.839  22.830 0.1000000015
92687  49.244  36.358  22.612 0.1000000015
93782  49.853  37.500  23.134 0.1000000015
94331  48.240  39.419  24.126 0.1000000015
93670  45.283  38.039  35.453 0.1000000015
90920  51.823  32.129  20.962 0.1000000015
75323  43.987  8.111  22.179 0.1000000015
75322  44.505  8.943  22.247 0.1000000015
116723  44.426  8.467  21.638 0.1000000015
115312  44.790  9.001  21.402 0.1000000015
75333  44.615  8.459  20.961 0.1000000015
74554  44.706  7.507  18.556 0.1000000015
76112  44.842  9.508  21.769 0.1000000015
76111  45.148  9.648  21.089 0.1000000015
124983  44.780  8.549  20.311 0.1000000015
76120  45.006  9.082  20.623 0.1000000015
75342  44.767  8.305  19.794 0.1000000015
76127  45.128  9.034  19.762 0.1000000015
75353  45.037  8.411  18.953 0.1000000015
76119  45.357  9.705  20.271 0.1000000015
75352  45.406  9.215  18.966 0.1000000015
76126  45.547  9.748  19.437 0.1000000015
76851  45.699  10.252  19.954 0.1000000015
76858  45.936  10.420  19.196 0.1000000015
76845  45.551  10.426  20.842 0.1000000015
69962  33.978  1.888  48.128 0.1000000015
71775  43.985  3.817  42.933 0.2000000030
72669  31.813  6.038  39.068 0.2000000030
73500  40.662  7.019  38.729 0.1000000015
73508  38.733  6.559  38.074 0.1000000015
75156  49.650  9.435  41.174 0.2000000030
75184  30.776  8.267  39.150 0.1000000015
75951  49.349  9.569  40.902 0.2000000030
76097  57.899  10.035  21.733 0.2000000030
76116  56.974  9.670  20.832 0.2000000030
77625  48.883  10.928  13.205 0.4000000060
78327  49.025  11.958  21.789 0.6999999881
79070  50.513  14.473  14.235 0.4000000060
79792  50.711  15.025  14.212 0.5000000000
80287  38.249  15.203  44.793 0.1000000015
81008  48.236  15.771  46.369 0.1000000015
81009  46.491  15.919  46.393 0.1000000015
81010  45.805  16.203  46.406 0.1000000015
81037  37.003  16.102  44.552 0.1000000015
81049  32.898  15.973  42.232 0.2000000030
81083  47.760  16.903  38.818 0.6000000238
81168  52.990  16.363  24.088 0.8999999762
81807  51.329  17.854  38.054 0.6000000238
81846  53.034  17.301  32.572 0.6999999881
81853  56.049  18.007  30.115 0.6000000238
81865  56.226  17.958  28.245 0.6999999881
81881  44.807  17.759  26.854 0.6000000238
81890  47.795  17.593  26.718 0.6000000238
81892  45.825  17.608  26.715 0.6000000238
81900  55.684  17.800  25.437 0.8000000119
81902  51.587  18.228  25.553 0.6999999881
81904  49.920  17.598  25.408 0.6000000238
81934  50.197  17.770  24.023 0.8000000119
81945  55.465  18.122  22.487 0.8999999762
81954  55.563  18.674  22.369 0.8000000119
81977  53.924  17.863  18.715 0.6999999881
82575  53.624  18.299  37.148 0.6000000238
82635  47.151  19.137  30.199 0.5000000000
82658  56.251  18.274  27.398 0.6999999881
82663  49.762  18.229  27.399 0.6000000238
82674  50.686  18.166  26.552 0.6000000238
82684  55.386  19.355  25.486 0.8000000119
82688  43.744  18.151  25.974 0.5000000000
82689  42.666  18.697  25.153 0.5000000000
82696  56.266  18.958  24.504 0.8000000119
82698  54.054  19.068  24.521 0.8000000119
82700  44.909  18.079  24.005 0.6000000238
82703  42.594  18.885  24.509 0.5000000000
82708  55.889  19.005  23.247 0.8000000119
82718  45.232  18.339  23.219 0.6000000238
82723  55.706  18.944  22.693 0.8000000119
82753  54.765  18.872  20.095 0.8999999762
83318  33.849  18.984  42.030 0.2000000030
83367  37.861  19.468  34.127 0.3000000119
83408  55.172  19.200  29.067 0.6999999881
83419  51.721  18.886  28.969 0.6000000238
83421  43.131  19.141  27.938 0.5000000000
83422  42.675  19.802  27.740 0.5000000000
83424  55.187  19.375  27.306 0.6999999881
83450  42.287  19.326  24.130 0.5000000000
83454  55.651  19.207  23.214 0.8000000119
83456  55.107  19.456  23.191 0.8000000119
83466  54.438  19.395  22.456 0.8000000119
83469  43.497  19.425  22.124 0.6000000238
83492  54.628  19.386  20.257 0.8999999762
83493  54.162  19.984  20.058 0.8999999762
84143  42.478  20.711  21.885 0.6000000238
84174  46.237  21.256  17.308 0.5000000000
84175  43.250  21.163  17.927 0.5000000000
84176  42.637  21.637  18.599 0.4000000060
84180  45.614  21.390  16.955 0.5000000000
84181  45.017  21.391  16.936 0.5000000000
84804  45.226  21.524  17.127 0.5000000000
84805  44.433  21.457  17.492 0.5000000000
84806  43.532  21.565  18.184 0.5000000000
85466  42.103  23.150  21.466 0.4000000060
86023  36.104  23.863  33.839 0.2000000030
86044  40.342  23.396  31.620 0.3000000119
86575  41.622  24.223  40.734 0.1000000015
86667  40.712  24.132  31.669 0.3000000119
88225  36.015  26.991  37.902 0.1000000015
88308  53.399  27.236  24.739 0.1000000015
88748  43.168  28.634  32.072 0.1000000015
88754  37.477  28.698  32.648 0.1000000015
89255  33.756  29.559  35.455 0.1000000015
89323  52.746  29.506  27.305 0.1000000015
89403  48.593  28.972  17.116 0.1000000015
89810  35.149  30.749  31.874 0.1000000015
89830  52.697  30.464  27.929 0.1000000015
90321  43.205  31.175  30.952 0.1000000015
90346  52.295  31.889  29.905 0.1000000015
90361  52.433  32.074  28.402 0.1000000015
90822  33.670  32.955  31.806 0.1000000015
90846  38.380  33.379  29.607 0.1000000015
91254  35.418  33.837  35.408 0.1000000015
91262  33.349  33.192  32.372 0.1000000015
91730  33.343  34.534  33.076 0.1000000015
91737  33.710  34.739  31.547 0.1000000015
91745  36.123  34.195  29.834 0.1000000015
91746  35.339  34.575  30.083 0.1000000015
91747  34.725  34.853  30.438 0.1000000015
91763  41.519  34.848  27.404 0.1000000015
92186  33.580  35.166  31.920 0.1000000015
92205  39.776  35.505  27.840 0.1000000015
92208  37.673  35.552  28.774 0.1000000015
92246  48.366  35.272  23.210 0.1000000015
92623  34.402  36.701  34.060 0.1000000015
92635  35.021  36.376  30.778 0.1000000015
92645  35.677  36.239  30.056 0.1000000015
93123  48.422  37.743  33.256 0.1000000015
93126  45.712  37.024  34.440 0.1000000015
93139  47.195  36.853  33.972 0.1000000015
93146  38.331  37.633  32.197 0.1000000015
93152  48.190  37.594  32.740 0.1000000015
93158  40.791  37.519  31.958 0.1000000015
93159  39.474  37.625  31.803 0.1000000015
93175  38.870  37.751  29.063 0.1000000015
93190  40.321  37.288  27.665 0.1000000015
93709  48.782  38.065  32.856 0.1000000015
93716  41.034  37.989  31.365 0.1000000015
93720  48.779  38.716  32.223 0.1000000015
93747  40.365  38.143  28.317 0.1000000015
93750  42.978  38.505  26.712 0.1000000015
93751  42.708  38.708  27.399 0.1000000015
94274  48.334  38.733  33.086 0.1000000015
94280  48.655  39.679  31.844 0.1000000015
94282  48.561  39.712  31.407 0.1000000015
94300  42.542  38.839  28.081 0.1000000015
94329  50.992  39.947  24.595 0.1000000015
95334  48.062  42.311  30.255 0.1000000015
95368  49.106  42.582  26.817 0.1000000015
95829  48.409  42.804  29.490 0.1000000015
95840  48.630  43.059  28.858 0.1000000015
107043  52.116  18.785  27.260 0.6999999881
107044  50.858  18.640  28.226 0.6999999881
108485  40.203  38.348  29.106 0.1000000015
108832  39.183  21.753  43.519 0.2000000030
109347  45.568  35.630  24.585 0.1000000015
109372  54.860  19.478  35.203 0.6000000238
110702  33.534  30.037  34.669 0.1000000015
112782  43.115  17.538  20.051 0.2000000030
113472  55.018  17.505  23.695 0.8000000119
114396  55.192  17.544  30.048 0.6999999881
114959  44.718  7.832  39.573 0.1000000015
115954  46.349  21.096  30.469 0.5000000000
116358  31.511  12.930  38.710 0.2000000030
117520  50.765  36.824  22.924 0.1000000015
118276  43.717  20.183  17.732 0.4000000060
118350  39.724  16.954  45.532 0.1000000015
118869  50.896  16.582  28.892 0.8999999762
119191  42.461  4.077  38.010 0.1000000015
120259  41.788  7.273  39.084 0.1000000015
120399  44.322  18.974  28.801 0.4000000060
120574  52.121  16.100  15.574 0.5000000000
120999  50.301  41.285  25.285 0.1000000015
121161  45.172  25.080  32.144 0.1000000015
121720  46.911  35.261  24.193 0.1000000015
122113  36.430  29.455  32.298 0.1000000015
122114  53.403  20.189  20.051 0.8999999762
122360  38.433  2.295  42.664 0.2000000030
123105  36.068  18.448  43.706 0.1000000015
123155  48.154  26.170  32.752 0.1000000015
123785  36.984  16.742  44.578 0.1000000015
123935  48.493  14.100  14.348 0.4000000060
124471  50.005  16.578  36.589 0.6000000238
124491  45.769  18.707  29.276 0.6000000238
125089  45.382  6.375  41.467 0.2000000030
125270  48.412  9.215  16.524 0.6000000238
125674  35.095  37.059  32.179 0.1000000015
126257  52.230  7.932  39.373 0.2000000030
126303  32.325  15.780  40.101 0.2000000030
126793  34.958  5.580  36.051 0.2000000030
126887  49.727  32.826  24.370 0.1000000015
126911  31.754  3.377  44.959 0.1000000015
126958  32.959  7.962  35.475 0.3000000119
126997  54.647  7.241  16.250 0.2000000030
127030  53.039  20.097  19.848 0.8999999762
127176  43.804  10.992  27.282 0.5000000000
127563  49.522  33.366  23.721 0.1000000015
127651  35.403  5.602  35.117 0.2000000030
127771  52.417  17.167  31.488 0.6999999881
128013  34.026  34.982  31.143 0.1000000015
128394  53.986  17.368  30.743 0.6999999881
128517  44.406  36.131  25.025 0.1000000015
128667  44.058  18.311  27.981 0.6000000238
128703  43.707  30.989  31.034 0.1000000015
128912  50.085  13.569  18.708 0.5000000000
