#!ascii label  , from subject sub-v2s18x29502_ses-1 vox2ras=TkReg
5139
121580  2.723  -88.095  2.146 0.8000000119
427  3.895  -88.273  1.928 0.8999999762
124984  3.939  -84.141  -0.342 0.6000000238
1589  4.584  -83.659  0.495 0.5000000000
1207  3.920  -84.955  0.653 0.8000000119
635  2.824  -87.724  0.527 0.8999999762
112586  2.482  -87.252  1.427 0.8000000119
613  2.068  -87.631  3.282 0.8000000119
269  2.968  -88.755  2.816 0.8999999762
428  3.218  -88.536  1.916 0.8999999762
2012  2.730  -84.186  -1.088 0.8000000119
1590  3.258  -84.252  -0.841 0.6999999881
1221  3.929  -84.562  -0.094 0.8999999762
111937  3.040  -86.061  -0.028 0.8999999762
878  2.668  -86.845  0.619 0.8999999762
889  2.947  -87.103  -0.440 0.8999999762
444  3.346  -87.703  -0.382 0.8999999762
436  3.022  -88.285  0.992 0.8000000119
123951  1.942  -87.335  4.031 0.8000000119
140  2.606  -89.044  7.206 0.6999999881
252  2.199  -88.987  5.209 0.8000000119
239  3.719  -89.359  6.830 0.6999999881
251  3.121  -88.785  5.963 0.8000000119
398  5.097  -88.235  6.252 0.8000000119
1604  2.297  -85.838  -1.873 0.8000000119
1222  -0.044  -84.900  0.965 0.8000000119
1232  2.537  -85.568  -1.350 0.8999999762
120295  3.752  -85.187  -2.965 0.8999999762
888  3.035  -85.636  -0.700 0.8999999762
434  4.212  -87.903  -0.392 0.8999999762
643  3.864  -87.474  -1.327 0.8999999762
624  4.689  -87.642  2.164 0.8999999762
435  3.581  -88.130  0.379 0.8999999762
108229  3.553  -88.286  1.192 0.8999999762
595  5.977  -86.278  4.874 0.8999999762
585  5.436  -87.007  5.292 0.8999999762
596  5.065  -87.048  4.257 0.8999999762
400  3.014  -88.616  4.801 0.8999999762
421  3.352  -88.548  2.792 0.8999999762
399  4.155  -88.290  5.605 0.8999999762
397  5.764  -87.544  5.996 0.8999999762
388  4.194  -88.829  6.300 0.8999999762
116722  6.477  -87.701  6.060 0.8999999762
117189  7.362  -88.105  5.776 0.8999999762
387  5.960  -88.455  6.446 0.8999999762
109540  7.517  -89.098  2.757 0.8999999762
88  8.274  -90.470  3.381 0.8999999762
157  8.419  -90.110  2.701 0.8999999762
164  7.749  -89.347  2.191 1.0000000000
163  8.712  -89.911  2.081 1.0000000000
1605  2.107  -85.650  -2.207 0.8000000119
1625  2.451  -85.533  -2.803 0.8999999762
1233  2.797  -85.780  -2.464 0.8999999762
906  3.679  -86.520  -2.485 0.8999999762
115034  5.717  -84.597  -1.408 0.8999999762
1243  3.601  -85.943  -2.833 0.8999999762
1230  6.197  -84.919  -0.731 0.8999999762
1231  5.402  -85.488  -1.601 0.8999999762
899  2.794  -86.601  -1.383 0.8999999762
896  5.821  -85.802  -0.869 0.8999999762
1242  4.453  -86.140  -2.297 0.8999999762
4250  -2.933  -76.818  1.972 0.8999999762
642  4.700  -87.351  -1.101 0.8999999762
4725  -3.085  -76.242  2.501 0.8999999762
875  6.592  -85.599  1.274 1.0000000000
887  5.578  -86.559  -0.475 0.8999999762
111930  6.054  -86.334  1.639 0.8999999762
876  5.977  -86.523  0.592 0.8999999762
634  4.533  -87.930  0.926 0.8999999762
866  5.933  -86.170  2.727 0.8999999762
610  5.190  -86.889  3.044 0.8999999762
611  4.317  -87.788  3.050 0.8999999762
583  7.506  -86.720  5.572 0.8999999762
584  6.419  -86.841  5.644 0.8999999762
395  8.006  -87.610  5.518 0.8999999762
594  9.593  -86.866  4.846 0.8999999762
394  8.911  -87.260  5.232 0.8999999762
419  8.992  -87.513  3.803 0.8999999762
420  8.217  -88.371  3.936 0.8999999762
119264  7.909  -88.312  2.859 0.8999999762
152  9.583  -90.578  4.104 0.8999999762
426  7.692  -88.687  2.000 1.0000000000
151  10.239  -90.030  3.827 0.8999999762
156  9.830  -90.181  2.730 1.0000000000
166  8.258  -89.424  1.402 1.0000000000
167  7.870  -88.981  1.403 1.0000000000
115719  10.530  -89.711  2.461 1.0000000000
284  9.322  -89.484  0.835 1.0000000000
285  8.040  -88.955  0.651 1.0000000000
443  8.123  -88.302  0.003 1.0000000000
283  10.955  -88.935  1.154 1.0000000000
110227  9.960  -88.955  0.302 1.0000000000
112843  11.236  -88.582  0.548 1.0000000000
1626  2.121  -85.393  -2.833 0.8000000119
1593  -1.075  -83.820  -0.165 0.8000000119
1639  2.328  -85.000  -3.279 0.8000000119
2023  3.058  -84.218  -2.997 0.8999999762
1608  -0.608  -83.851  -1.291 0.8000000119
1624  3.508  -84.660  -2.934 0.8999999762
119204  3.751  -83.198  -2.435 1.0000000000
117717  4.576  -84.048  -2.203 0.8999999762
1603  5.540  -83.858  -1.484 0.8999999762
3782  -1.919  -78.134  0.897 0.8000000119
3773  -2.799  -77.589  1.592 0.8000000119
3771  -1.507  -77.897  1.667 0.8999999762
3772  -2.383  -77.600  1.523 0.8999999762
886  6.376  -85.511  0.140 1.0000000000
3759  -2.092  -77.212  2.107 0.8999999762
4237  -2.344  -76.121  2.979 1.0000000000
865  6.598  -85.534  2.309 1.0000000000
1161  7.166  -84.989  3.949 1.0000000000
853  6.534  -85.502  3.396 1.0000000000
840  6.584  -85.611  4.413 0.8999999762
1142  8.202  -85.195  5.053 0.8999999762
839  7.372  -85.313  4.792 0.8999999762
829  7.883  -85.919  5.316 0.8999999762
580  9.743  -86.126  5.057 0.8999999762
581  9.274  -86.446  5.244 0.8999999762
852  10.436  -85.797  3.956 0.8999999762
609  9.876  -86.608  3.980 0.8999999762
621  9.948  -86.187  3.116 1.0000000000
622  9.218  -86.952  2.894 0.8999999762
122815  10.222  -85.587  2.001 1.0000000000
128056  9.436  -86.511  2.301 1.0000000000
425  8.150  -87.822  2.325 0.8999999762
257  10.954  -88.874  4.609 1.0000000000
143  10.257  -89.857  4.913 1.0000000000
632  9.288  -86.445  1.439 1.0000000000
633  8.263  -87.509  0.570 1.0000000000
418  11.781  -87.696  3.361 1.0000000000
267  10.763  -89.401  3.384 1.0000000000
433  7.883  -88.329  1.109 1.0000000000
275  11.644  -88.265  2.154 0.8999999762
114352  11.208  -88.804  2.857 1.0000000000
290  8.508  -88.846  0.037 1.0000000000
293  8.538  -88.332  -0.503 1.0000000000
109608  12.323  -87.333  0.718 1.0000000000
122347  11.676  -88.280  1.282 1.0000000000
289  10.359  -88.699  -0.287 1.0000000000
442  11.610  -88.145  -0.110 0.8999999762
291  10.378  -88.340  -1.201 0.8999999762
1630  -0.898  -82.871  -1.739 0.8000000119
2024  2.423  -83.583  -3.109 0.8999999762
2027  0.044  -82.879  -2.600 0.8999999762
2459  4.885  -82.138  -1.486 1.0000000000
2011  5.366  -82.822  -1.403 1.0000000000
2464  0.106  -82.442  -2.433 0.8999999762
2454  -1.115  -81.663  -1.555 0.8000000119
2453  -0.636  -81.762  -1.709 0.8000000119
2442  -2.242  -80.303  -0.199 0.6999999881
2893  -1.433  -80.196  -0.242 0.8000000119
2881  -2.290  -79.453  0.157 0.6999999881
106826  -3.527  -77.098  3.504 0.6000000238
3347  -1.948  -79.413  0.036 0.6999999881
3336  -2.204  -78.712  0.489 0.8000000119
4229  -3.506  -76.140  3.669 0.6999999881
128212  6.153  -83.061  -0.956 1.0000000000
4238  -3.226  -76.035  2.732 0.8000000119
124445  -3.466  -75.494  3.871 0.6999999881
3311  -0.578  -78.707  2.499 1.0000000000
2869  -0.278  -80.003  1.572 0.8999999762
3324  -1.035  -78.745  1.233 0.8999999762
4710  -3.224  -75.359  3.254 0.8000000119
1602  6.411  -83.850  -0.649 1.0000000000
1219  6.796  -84.434  0.156 1.0000000000
5195  -2.993  -74.915  3.464 0.8999999762
1205  7.026  -84.804  0.989 1.0000000000
3758  -1.039  -77.784  2.682 1.0000000000
1191  7.612  -84.276  2.452 1.0000000000
114682  7.176  -84.917  1.897 1.0000000000
4236  -1.296  -76.869  3.717 1.0000000000
1178  7.175  -84.908  2.913 1.0000000000
1160  7.823  -84.689  4.425 1.0000000000
838  10.514  -85.263  4.471 1.0000000000
827  9.459  -85.669  5.165 0.8999999762
851  11.075  -85.044  3.958 1.0000000000
864  10.569  -85.511  3.067 1.0000000000
863  10.973  -85.038  2.610 1.0000000000
247  11.641  -88.100  5.600 0.6999999881
1203  11.370  -84.432  1.340 1.0000000000
884  10.515  -85.120  0.477 1.0000000000
874  9.845  -85.821  0.958 1.0000000000
1229  10.895  -84.729  -0.486 1.0000000000
885  9.462  -86.205  -0.055 1.0000000000
115609  8.783  -86.765  0.279 1.0000000000
424  12.300  -87.195  2.780 0.6999999881
894  10.339  -85.546  -1.427 1.0000000000
895  9.524  -86.612  -1.500 1.0000000000
450  8.379  -87.894  -0.667 1.0000000000
592  13.243  -86.878  3.957 0.6000000238
620  12.779  -86.620  2.296 0.8000000119
653  9.631  -87.167  -1.967 0.8999999762
647  8.862  -87.403  -1.277 1.0000000000
449  8.928  -88.085  -1.110 0.8999999762
631  12.745  -86.611  1.430 0.8999999762
431  12.194  -87.454  1.649 0.8999999762
454  10.019  -87.375  -2.247 0.8999999762
292  9.401  -88.495  -0.729 1.0000000000
872  13.331  -85.790  1.233 0.8999999762
115376  12.795  -86.576  0.634 0.8999999762
640  12.405  -87.158  -0.148 0.8999999762
453  10.513  -87.730  -1.957 0.8999999762
1201  14.608  -84.542  1.101 0.6999999881
882  13.836  -85.000  0.761 0.8000000119
448  11.805  -87.870  -1.059 0.8999999762
2025  1.362  -83.085  -3.293 0.8999999762
2460  4.186  -82.119  -1.797 1.0000000000
2462  2.369  -82.154  -2.328 0.8999999762
127101  0.722  -82.503  -2.858 1.0000000000
2449  3.919  -81.196  -1.446 1.0000000000
2463  1.491  -81.989  -2.065 1.0000000000
2452  0.483  -81.833  -1.646 1.0000000000
2448  4.778  -81.306  -1.208 1.0000000000
2882  -2.513  -79.737  0.354 0.6999999881
107171  -2.756  -79.315  1.785 0.5000000000
2447  5.527  -81.698  -1.027 1.0000000000
2438  1.423  -81.330  -0.867 1.0000000000
3337  -2.583  -78.978  0.813 0.6999999881
3312  -3.092  -78.865  2.560 0.6000000238
110960  -3.489  -77.438  4.831 0.4000000060
2010  6.154  -82.236  -0.751 1.0000000000
3325  -2.871  -78.282  1.544 0.6999999881
3760  -3.118  -77.569  2.069 0.6000000238
117355  0.835  -80.784  1.111 0.8999999762
123392  0.386  -80.441  1.612 0.8999999762
2880  -1.227  -79.422  0.469 0.8999999762
108026  -3.229  -76.758  2.417 0.6999999881
1997  6.707  -82.753  -0.176 1.0000000000
3335  -1.742  -78.753  0.520 0.8000000119
5184  -3.263  -74.733  3.785 0.8000000119
3323  -0.034  -79.566  2.403 1.0000000000
4716  -2.531  -75.267  3.420 0.8999999762
1218  7.223  -84.053  0.853 1.0000000000
5183  -2.383  -74.436  3.806 1.0000000000
5732  -2.583  -73.713  3.989 1.0000000000
1575  7.567  -83.325  1.178 1.0000000000
3745  -0.613  -77.807  3.880 1.0000000000
6331  -1.199  -73.295  4.912 1.0000000000
1204  7.488  -84.179  1.556 1.0000000000
1177  7.746  -84.294  3.507 1.0000000000
4715  -1.505  -76.313  4.304 1.0000000000
4708  -1.824  -75.396  4.268 1.0000000000
1533  8.335  -84.119  4.225 1.0000000000
111834  8.466  -84.634  4.738 1.0000000000
1140  9.684  -84.907  4.954 1.0000000000
1156  11.492  -84.339  4.139 1.0000000000
118046  10.999  -84.491  4.431 1.0000000000
5900  -3.407  -74.705  -7.551 0.8999999762
5923  -4.114  -74.117  -8.185 0.8999999762
6560  -4.518  -72.902  -8.318 0.8000000119
119921  -5.006  -72.395  -6.942 0.8999999762
7131  -4.698  -71.853  -7.630 0.8999999762
5922  -3.295  -75.367  -8.163 0.8999999762
7107  -5.080  -71.560  -6.880 0.8000000119
7086  -4.897  -71.823  -5.395 0.8999999762
1189  12.114  -84.017  3.065 1.0000000000
128772  11.082  -85.041  3.285 1.0000000000
116760  -3.195  -75.553  -9.273 0.8999999762
6583  -3.857  -73.077  -9.093 0.6999999881
7660  -3.798  -70.797  -7.399 0.6999999881
1216  11.867  -83.804  1.152 1.0000000000
5958  -3.655  -74.093  -9.189 0.8999999762
6582  -3.746  -72.531  -8.818 0.6000000238
1217  11.452  -84.268  0.438 1.0000000000
6595  -2.125  -73.113  -10.506 0.6000000238
6596  -3.126  -72.928  -9.590 0.5000000000
125438  11.513  -84.197  -0.936 1.0000000000
905  10.021  -86.494  -2.513 0.8999999762
658  10.000  -87.154  -2.893 0.8999999762
1228  13.828  -84.895  -0.097 0.8000000119
883  13.221  -86.058  -0.070 0.8999999762
646  12.576  -86.982  -1.064 0.8999999762
126553  12.045  -87.639  -2.044 0.8999999762
125939  11.252  -87.915  -1.694 0.8999999762
1214  14.883  -84.124  0.421 0.8000000119
1227  14.476  -84.056  -0.270 0.8000000119
893  13.473  -85.576  -0.777 0.8999999762
2901  5.483  -80.718  -0.556 1.0000000000
2450  3.067  -81.179  -1.553 1.0000000000
2451  2.234  -81.217  -1.352 1.0000000000
2902  4.539  -80.577  -0.709 1.0000000000
2904  2.841  -80.629  -0.714 1.0000000000
2887  5.103  -79.992  -0.041 1.0000000000
2888  4.261  -80.144  -0.011 1.0000000000
2890  2.506  -80.402  0.123 1.0000000000
2905  2.133  -80.779  -0.528 1.0000000000
2889  3.395  -80.251  0.034 1.0000000000
2879  -0.285  -80.657  0.753 0.8999999762
120138  6.575  -81.918  -0.199 1.0000000000
2867  1.394  -80.118  2.586 1.0000000000
2878  1.157  -80.473  1.893 1.0000000000
114937  7.603  -82.422  1.177 1.0000000000
2856  0.763  -79.821  3.028 1.0000000000
2868  0.552  -80.144  2.267 1.0000000000
5717  -0.707  -74.134  5.737 1.0000000000
1996  7.191  -82.813  0.629 1.0000000000
3310  0.242  -79.343  3.306 1.0000000000
5171  -0.895  -75.112  5.894 1.0000000000
5182  -1.498  -75.198  5.050 1.0000000000
3744  0.221  -78.762  4.457 1.0000000000
4707  -1.216  -76.160  5.388 1.0000000000
1548  8.319  -83.620  3.515 1.0000000000
1159  9.118  -84.264  4.690 1.0000000000
1530  10.791  -83.951  4.610 1.0000000000
5345  -2.834  -76.779  -8.448 0.8999999762
5881  -3.752  -74.034  -6.946 0.8999999762
5901  -4.386  -73.663  -7.826 0.8999999762
1529  11.545  -83.681  4.332 1.0000000000
1546  12.386  -83.450  3.595 1.0000000000
5357  -3.022  -77.197  -8.899 0.8999999762
7631  -4.908  -70.973  -5.192 0.8999999762
106452  -4.472  -70.106  -4.758 0.8999999762
121069  -4.400  -69.361  -4.991 0.8000000119
1574  12.253  -83.313  1.685 1.0000000000
121070  -4.446  -70.227  -6.193 0.8000000119
1190  11.512  -84.517  2.341 1.0000000000
4846  -2.173  -78.193  -8.767 0.8999999762
5957  -2.691  -76.110  -9.670 0.8999999762
117463  -3.879  -70.415  -6.848 0.6000000238
106445  -4.014  -69.474  -5.978 0.8000000119
125826  -2.347  -77.511  -9.474 0.8999999762
112990  -2.924  -74.314  -9.860 0.8000000119
1587  11.797  -83.945  -0.299 1.0000000000
5383  -2.050  -76.465  -10.128 0.8000000119
5973  -1.834  -74.752  -10.383 0.6999999881
7177  -1.513  -72.603  -11.081 0.4000000060
1622  11.575  -84.074  -1.745 1.0000000000
6603  -1.232  -73.264  -11.333 0.5000000000
108422  10.728  -85.842  -3.385 1.0000000000
919  10.827  -86.625  -4.338 1.0000000000
657  10.263  -86.963  -3.573 0.8999999762
459  10.474  -87.314  -3.552 0.8999999762
458  11.148  -87.648  -3.808 0.8999999762
457  11.521  -87.507  -4.368 1.0000000000
120109  13.099  -86.255  -1.105 0.8999999762
904  12.754  -86.795  -1.945 0.8999999762
455  11.672  -87.770  -3.086 0.8999999762
123028  16.484  -86.207  -0.367 0.6000000238
1584  16.066  -84.042  -0.103 0.6999999881
1585  15.395  -83.723  -0.245 0.6999999881
111671  13.819  -84.782  -0.956 0.8000000119
1240  13.715  -84.691  -1.841 0.8999999762
656  12.405  -87.331  -2.954 0.8999999762
918  12.649  -86.983  -4.449 1.0000000000
124030  14.956  -83.472  -0.785 0.6999999881
1239  14.326  -83.963  -1.197 0.6999999881
1620  14.185  -83.824  -2.036 0.8999999762
1252  13.652  -84.560  -2.689 0.8999999762
917  13.138  -86.295  -3.492 0.8999999762
113053  12.696  -87.069  -3.593 0.8999999762
3344  4.788  -79.503  0.522 1.0000000000
3332  4.405  -79.155  1.150 1.0000000000
3345  3.924  -79.715  0.626 1.0000000000
5718  -3.420  -73.846  5.373 0.8000000119
3333  3.548  -79.454  1.338 1.0000000000
2877  1.991  -80.343  1.106 1.0000000000
3322  2.386  -79.660  2.559 1.0000000000
2866  1.952  -80.144  1.993 1.0000000000
5704  0.121  -74.826  7.862 1.0000000000
5709  0.398  -73.805  7.562 1.0000000000
5710  -0.053  -74.076  6.699 1.0000000000
111688  7.422  -81.632  1.243 1.0000000000
115777  1.602  -79.709  3.273 1.0000000000
109580  0.441  -79.208  4.028 1.0000000000
108367  -0.414  -75.054  6.904 1.0000000000
4694  -0.559  -76.098  6.964 1.0000000000
1564  7.884  -83.559  2.069 1.0000000000
4701  -0.669  -76.731  6.395 1.0000000000
128748  -0.922  -75.915  6.021 1.0000000000
4227  -0.672  -77.368  4.748 1.0000000000
1532  8.854  -83.544  4.134 1.0000000000
1531  9.518  -83.604  4.453 1.0000000000
5344  -2.468  -76.814  -8.200 0.8999999762
5328  -2.481  -75.621  -7.575 0.8999999762
6518  -4.211  -73.377  -6.403 0.8999999762
6496  -4.528  -72.700  -5.742 0.8999999762
123875  -4.376  -71.647  -4.440 0.8999999762
5342  -0.433  -76.516  -8.219 1.0000000000
5356  -2.593  -77.746  -8.537 0.8999999762
1562  12.517  -83.298  2.714 1.0000000000
5355  -2.044  -78.191  -8.485 0.8999999762
112688  12.157  -83.246  1.027 1.0000000000
4844  -0.927  -78.594  -8.830 0.8999999762
127105  -3.258  -68.744  -6.992 0.5000000000
121088  -3.826  -68.654  -5.584 0.8000000119
1586  12.032  -83.565  0.414 1.0000000000
4855  -1.295  -78.597  -9.032 0.8999999762
1601  12.262  -83.186  -0.277 1.0000000000
4365  -0.137  -78.509  -8.976 0.8999999762
4859  -0.820  -76.801  -10.351 0.8999999762
120819  11.999  -83.575  -0.960 1.0000000000
5382  -1.317  -75.942  -10.576 0.6999999881
5972  -0.875  -74.547  -10.998 0.6999999881
119279  11.711  -83.574  -2.433 1.0000000000
6602  -0.418  -73.550  -11.500 0.5000000000
1253  11.409  -84.510  -2.884 1.0000000000
114804  11.287  -85.174  -3.993 1.0000000000
6612  -0.552  -72.897  -11.692 0.4000000060
645  16.464  -87.064  -1.743 0.5000000000
1212  16.204  -84.801  0.488 0.6999999881
927  12.864  -86.205  -5.128 1.0000000000
928  12.196  -86.816  -5.228 1.0000000000
652  16.388  -86.759  -2.722 0.5000000000
892  16.241  -86.400  -1.948 0.6000000238
1599  16.367  -84.208  -1.052 0.6999999881
1600  16.016  -83.562  -0.920 0.6999999881
2019  15.425  -83.035  -1.781 0.6999999881
1635  14.874  -83.168  -2.248 0.8000000119
118825  13.389  -85.344  -3.287 0.8999999762
108274  13.259  -85.805  -4.146 0.8999999762
3331  5.275  -78.926  1.010 1.0000000000
6957  1.026  -72.689  8.530 1.0000000000
119668  5.792  -80.019  0.048 1.0000000000
2886  6.248  -80.640  -0.013 1.0000000000
3781  3.907  -78.929  2.058 1.0000000000
5703  0.632  -73.964  8.588 1.0000000000
6303  0.757  -73.169  8.047 1.0000000000
2436  6.615  -81.345  0.040 1.0000000000
3308  3.141  -79.160  2.806 1.0000000000
3321  3.171  -79.394  2.080 1.0000000000
5159  0.474  -75.718  9.585 1.0000000000
114245  0.364  -74.835  8.993 1.0000000000
127507  0.366  -74.378  8.288 1.0000000000
6311  0.316  -72.882  7.125 1.0000000000
4685  0.050  -76.550  8.503 1.0000000000
4686  -0.231  -75.837  7.865 1.0000000000
1970  7.988  -82.742  1.865 1.0000000000
4202  -0.304  -76.656  7.849 1.0000000000
110392  -0.713  -77.041  5.606 1.0000000000
1547  8.721  -83.090  3.528 1.0000000000
1528  12.218  -83.169  4.164 1.0000000000
116319  11.120  -83.177  4.494 1.0000000000
5919  0.293  -75.210  -7.593 1.0000000000
5899  -0.321  -74.809  -6.703 1.0000000000
5920  -0.774  -75.418  -7.526 1.0000000000
5327  -2.127  -75.481  -6.900 0.8999999762
5313  -1.977  -75.340  -5.953 0.8999999762
5880  -3.021  -74.537  -5.796 0.8999999762
6495  -3.401  -73.953  -5.174 0.8999999762
7085  -3.454  -73.417  -4.401 0.8999999762
1952  12.699  -82.704  3.579 1.0000000000
5325  1.291  -75.403  -7.328 1.0000000000
5341  0.605  -76.215  -8.041 1.0000000000
7075  -3.919  -72.480  -4.241 0.8999999762
126962  -4.313  -69.532  -4.507 0.8999999762
115500  12.602  -82.794  2.038 1.0000000000
4838  0.020  -77.487  -8.326 1.0000000000
106228  -4.247  -69.017  -4.280 1.0000000000
123925  12.390  -82.857  0.499 1.0000000000
4837  0.786  -78.129  -7.851 1.0000000000
106239  -3.148  -68.006  -6.768 0.6999999881
106234  -3.976  -68.115  -4.528 0.8000000119
4363  1.010  -78.852  -8.984 0.8999999762
4364  0.420  -78.649  -8.626 0.8999999762
128561  1.335  -78.407  -9.951 0.8999999762
125048  12.145  -82.671  -1.451 1.0000000000
4853  1.202  -77.916  -10.393 0.8999999762
4854  -0.333  -77.739  -9.984 0.8999999762
5368  1.129  -75.699  -9.885 0.6000000238
5956  0.361  -75.575  -10.515 0.6000000238
5971  -0.150  -74.483  -11.010 0.6000000238
7188  -0.850  -72.585  -11.558 0.5000000000
1260  11.374  -84.515  -4.429 1.0000000000
1265  11.324  -85.294  -5.609 1.0000000000
6601  0.315  -73.612  -11.329 0.6000000238
110078  11.219  -86.094  -5.089 1.0000000000
929  11.814  -86.441  -5.522 1.0000000000
1645  14.967  -82.898  -3.174 0.8999999762
1646  14.045  -83.645  -3.827 0.8999999762
1264  13.408  -84.768  -4.646 0.8999999762
935  13.006  -85.293  -5.830 0.8999999762
122479  12.557  -85.386  -6.267 0.8999999762
936  12.471  -86.022  -5.743 1.0000000000
937  12.107  -86.124  -5.783 1.0000000000
1238  16.388  -85.164  -2.372 0.6999999881
106970  16.385  -83.799  -1.764 0.6999999881
1618  15.574  -83.261  -1.231 0.6999999881
3330  6.247  -78.843  0.954 1.0000000000
3343  5.650  -79.329  0.542 1.0000000000
3780  4.893  -78.645  1.650 1.0000000000
5696  0.896  -74.251  9.598 1.0000000000
121240  7.067  -80.385  1.322 1.0000000000
3309  2.431  -79.299  3.391 1.0000000000
115889  0.683  -75.056  9.827 1.0000000000
126914  7.241  -81.052  1.317 1.0000000000
3296  1.475  -79.299  4.556 1.0000000000
3297  0.827  -79.301  4.670 1.0000000000
3295  1.785  -79.409  3.886 1.0000000000
4673  0.771  -76.463  10.033 1.0000000000
3734  0.662  -78.908  5.300 1.0000000000
119938  0.363  -77.115  8.905 1.0000000000
1969  8.383  -82.239  2.486 1.0000000000
2417  7.955  -81.922  1.816 1.0000000000
3726  -0.168  -77.865  5.798 1.0000000000
3735  0.012  -78.226  5.032 1.0000000000
4201  0.100  -77.333  8.226 1.0000000000
1953  9.358  -82.064  3.632 1.0000000000
1954  8.778  -82.493  3.220 1.0000000000
2385  10.669  -81.554  4.237 1.0000000000
1939  9.349  -82.863  4.037 1.0000000000
4219  -0.291  -77.556  6.620 1.0000000000
4212  -0.364  -77.129  7.340 1.0000000000
128485  10.660  -82.796  4.442 1.0000000000
112217  0.678  -74.628  -6.623 1.0000000000
5878  0.053  -74.696  -5.724 1.0000000000
5312  -1.597  -75.399  -5.497 1.0000000000
5299  -1.454  -75.522  -4.543 1.0000000000
5849  -2.183  -75.145  -3.701 1.0000000000
1935  12.439  -82.483  4.126 1.0000000000
1936  11.871  -82.697  4.365 1.0000000000
5898  1.493  -74.595  -6.460 1.0000000000
5326  -1.314  -75.263  -6.637 1.0000000000
5314  -2.069  -75.315  -5.159 0.8999999762
6471  -2.690  -74.475  -4.218 0.8999999762
7621  -3.458  -72.109  -3.327 0.8999999762
1951  13.015  -81.988  3.288 1.0000000000
128176  -3.509  -71.322  -3.024 1.0000000000
7622  -4.222  -71.085  -4.013 1.0000000000
7616  -3.812  -70.529  -3.405 1.0000000000
5897  2.229  -75.252  -6.599 1.0000000000
1982  12.777  -82.087  1.843 1.0000000000
1968  12.859  -82.443  2.705 1.0000000000
116288  1.805  -76.784  -7.030 1.0000000000
5323  2.330  -76.968  -6.233 1.0000000000
106429  -3.706  -67.592  -3.478 1.0000000000
2434  12.507  -81.452  0.420 1.0000000000
118759  12.500  -82.147  0.886 1.0000000000
4827  1.963  -77.886  -6.572 1.0000000000
4836  1.336  -78.088  -7.297 1.0000000000
112290  -3.525  -67.562  -5.860 0.8000000119
2444  12.299  -81.572  -0.492 1.0000000000
4356  2.256  -78.416  -7.727 1.0000000000
119195  1.482  -78.726  -8.525 0.8999999762
123215  1.673  -78.398  -9.930 0.8999999762
1637  11.923  -82.862  -2.050 1.0000000000
4370  1.741  -77.666  -10.716 0.8999999762
114889  1.539  -76.990  -10.835 0.6999999881
1638  11.661  -83.155  -2.902 1.0000000000
5955  0.992  -74.695  -9.797 0.6000000238
1647  11.453  -83.510  -3.779 1.0000000000
1655  11.274  -84.029  -4.705 1.0000000000
6594  1.089  -73.671  -10.517 0.5000000000
1668  11.029  -84.793  -5.877 1.0000000000
1270  10.184  -84.943  -6.973 1.0000000000
1278  12.547  -84.989  -6.833 0.8999999762
112049  11.839  -85.619  -6.099 1.0000000000
1653  14.650  -82.940  -4.231 0.8999999762
1666  14.066  -83.147  -5.241 0.8999999762
1667  13.293  -84.139  -6.127 0.8999999762
941  12.849  -84.933  -6.735 0.8999999762
942  12.319  -85.492  -6.255 1.0000000000
116844  11.926  -85.344  -6.450 1.0000000000
1634  16.391  -83.412  -2.441 0.6999999881
2017  16.122  -82.882  -2.272 0.6999999881
2036  16.018  -82.754  -2.988 0.8000000119
3777  6.816  -78.424  1.435 1.0000000000
112607  4.550  -78.430  2.565 1.0000000000
5138  2.159  -74.988  11.274 1.0000000000
6285  1.769  -73.824  10.642 1.0000000000
6956  1.431  -72.611  9.357 1.0000000000
7540  0.755  -71.555  8.054 1.0000000000
3329  6.903  -79.357  1.320 1.0000000000
3756  3.726  -78.690  3.104 1.0000000000
5689  1.106  -74.831  10.395 1.0000000000
6296  1.043  -73.361  8.979 1.0000000000
6967  0.628  -72.293  7.785 1.0000000000
118920  2.081  -78.860  5.085 1.0000000000
3743  2.462  -78.971  4.195 1.0000000000
114092  1.980  -76.603  10.782 1.0000000000
5153  0.895  -75.621  10.308 1.0000000000
2865  7.744  -81.012  1.806 1.0000000000
114138  0.402  -78.424  5.821 1.0000000000
4182  1.303  -77.013  10.278 1.0000000000
2854  8.977  -80.629  2.953 1.0000000000
4193  1.406  -77.615  9.748 1.0000000000
2404  9.280  -81.312  3.324 1.0000000000
2416  8.490  -81.375  2.533 1.0000000000
3725  0.378  -78.242  6.654 1.0000000000
3692  0.914  -77.929  9.101 1.0000000000
3691  1.620  -78.071  9.149 1.0000000000
2403  9.850  -81.625  3.941 1.0000000000
124952  8.829  -81.890  3.010 1.0000000000
4211  0.164  -77.841  7.499 1.0000000000
3702  0.588  -77.997  8.342 1.0000000000
3700  2.066  -78.399  8.384 1.0000000000
2838  11.400  -81.122  4.271 1.0000000000
5877  1.021  -74.251  -5.734 1.0000000000
111763  -1.242  -75.658  -4.406 1.0000000000
124807  -1.081  -75.749  -4.061 1.0000000000
5848  -1.313  -75.588  -3.258 1.0000000000
2384  11.616  -81.812  4.355 1.0000000000
5896  3.018  -75.480  -6.064 1.0000000000
113508  -2.532  -74.441  -3.406 1.0000000000
2415  13.030  -80.851  2.568 1.0000000000
2382  12.662  -81.175  3.892 1.0000000000
7074  -3.035  -73.314  -3.304 1.0000000000
2424  12.976  -81.338  2.065 1.0000000000
121065  -3.257  -71.009  -2.249 1.0000000000
106478  -3.504  -69.992  -2.683 1.0000000000
114431  12.637  -80.848  0.975 1.0000000000
106556  -3.361  -68.347  -2.466 1.0000000000
4337  2.686  -78.095  -5.488 1.0000000000
106241  -2.416  -66.236  -5.811 0.4000000060
106244  -2.972  -66.413  -6.089 0.6000000238
127216  -3.566  -66.701  -4.068 0.8999999762
3876  3.061  -78.549  -5.154 1.0000000000
4347  2.527  -78.043  -6.192 1.0000000000
2466  11.373  -81.798  -1.623 1.0000000000
4361  3.649  -77.468  -8.597 0.8999999762
2030  11.480  -82.393  -2.250 1.0000000000
2031  10.552  -82.278  -2.420 1.0000000000
4369  2.391  -77.296  -10.910 0.8999999762
5367  2.243  -76.974  -10.999 0.6999999881
5353  2.715  -75.618  -9.686 0.5000000000
2038  11.355  -82.820  -3.173 1.0000000000
2039  10.255  -82.754  -3.147 1.0000000000
1657  9.123  -83.856  -5.145 1.0000000000
5939  1.693  -74.695  -9.187 0.5000000000
6579  1.521  -73.988  -9.473 0.6000000238
1648  11.140  -83.190  -4.084 1.0000000000
1669  9.905  -84.575  -5.976 1.0000000000
1656  10.615  -83.775  -4.958 1.0000000000
2045  15.312  -82.568  -4.843 0.8000000119
2057  14.711  -82.594  -5.681 0.8000000119
1677  13.146  -84.127  -7.084 0.6999999881
1279  12.037  -84.940  -7.005 1.0000000000
1280  10.983  -84.697  -7.290 1.0000000000
1269  11.372  -84.993  -6.642 1.0000000000
122037  16.499  -83.459  -2.978 0.6999999881
111523  16.404  -82.861  -3.669 0.6999999881
1288  12.716  -84.500  -7.377 1.0000000000
1289  12.289  -84.528  -7.576 0.8999999762
1290  11.207  -84.407  -7.915 1.0000000000
1291  10.029  -84.470  -8.433 1.0000000000
3778  6.237  -78.228  1.291 1.0000000000
6284  2.340  -73.465  10.983 1.0000000000
6966  1.069  -71.998  8.638 1.0000000000
6947  1.914  -73.018  10.245 1.0000000000
115111  8.327  -78.547  2.330 1.0000000000
124764  3.052  -78.917  3.529 1.0000000000
5137  2.920  -75.455  11.424 1.0000000000
4669  4.355  -76.475  10.526 1.0000000000
5136  3.699  -75.606  11.471 1.0000000000
107444  8.296  -79.507  2.358 1.0000000000
109079  1.779  -78.756  5.970 1.0000000000
4671  2.728  -76.814  10.768 1.0000000000
2875  7.628  -79.955  1.874 1.0000000000
110090  0.912  -78.796  6.184 1.0000000000
3289  1.186  -79.169  5.360 1.0000000000
4678  4.673  -76.532  9.783 1.0000000000
4679  3.948  -77.073  9.786 1.0000000000
4190  4.671  -76.741  8.970 1.0000000000
128973  9.578  -80.615  3.399 1.0000000000
126212  8.837  -79.949  2.763 1.0000000000
3715  0.782  -78.448  7.566 1.0000000000
3714  1.457  -78.635  7.813 1.0000000000
115498  2.169  -77.744  9.731 1.0000000000
108966  10.283  -80.116  3.678 1.0000000000
4198  3.976  -77.286  8.925 1.0000000000
3305  11.864  -79.433  4.155 1.0000000000
2851  11.794  -80.364  4.209 1.0000000000
2853  10.022  -80.970  3.834 1.0000000000
4210  2.790  -78.251  7.824 1.0000000000
4192  2.458  -77.953  9.102 1.0000000000
3304  12.587  -79.674  3.670 1.0000000000
6470  1.880  -73.951  -3.980 1.0000000000
6493  1.567  -73.953  -4.941 1.0000000000
124199  0.870  -74.664  -3.916 1.0000000000
5856  -0.597  -75.423  -4.594 1.0000000000
3318  12.863  -79.073  2.722 1.0000000000
2837  12.473  -80.398  3.969 1.0000000000
5874  4.198  -74.808  -5.447 1.0000000000
5875  3.518  -74.562  -5.629 1.0000000000
5876  2.755  -74.431  -5.848 1.0000000000
6516  2.330  -73.838  -5.282 1.0000000000
124126  0.470  -74.681  -4.822 1.0000000000
5298  -0.992  -75.866  -4.010 1.0000000000
5826  -1.726  -74.789  -2.825 1.0000000000
6424  -2.299  -73.634  -2.093 1.0000000000
110488  -2.613  -73.051  -1.536 1.0000000000
2850  12.746  -80.411  3.503 1.0000000000
112103  1.894  -74.136  -5.856 1.0000000000
5839  -1.870  -75.052  -3.041 1.0000000000
6447  -2.379  -74.067  -2.511 1.0000000000
7066  -2.861  -73.117  -2.173 1.0000000000
110643  -2.914  -71.913  -1.390 1.0000000000
7609  -2.978  -72.546  -0.345 1.0000000000
3775  12.678  -78.434  2.266 1.0000000000
2873  12.874  -79.990  2.374 1.0000000000
5310  3.962  -76.002  -5.379 1.0000000000
5311  3.035  -76.649  -5.643 1.0000000000
7615  -2.975  -72.011  -2.273 1.0000000000
8176  -2.930  -71.053  -1.131 1.0000000000
127938  -3.205  -70.449  -1.905 1.0000000000
3328  12.705  -79.267  1.874 1.0000000000
2874  12.686  -80.102  1.416 1.0000000000
121085  -3.147  -69.859  -1.617 1.0000000000
4809  4.773  -77.593  -4.600 1.0000000000
4822  3.248  -77.612  -4.996 1.0000000000
106468  -1.693  -65.940  -5.255 0.4000000060
10261  -3.159  -67.499  -2.259 1.0000000000
3341  11.463  -79.649  0.152 1.0000000000
2885  12.158  -80.295  0.480 1.0000000000
4327  5.260  -77.986  -4.433 1.0000000000
4336  3.076  -78.486  -4.977 1.0000000000
106477  -3.033  -65.943  -5.778 0.8000000119
11063  -3.340  -65.842  -4.156 0.8999999762
108233  -3.374  -66.663  -3.115 1.0000000000
2899  11.454  -80.326  -0.272 1.0000000000
2898  12.180  -80.886  -0.067 1.0000000000
4318  6.434  -77.995  -4.096 1.0000000000
3860  4.544  -78.446  -4.867 1.0000000000
124494  3.185  -78.607  -5.034 1.0000000000
2467  10.606  -81.762  -1.795 1.0000000000
3875  3.848  -78.540  -5.034 1.0000000000
4346  3.293  -78.515  -5.773 1.0000000000
4355  3.501  -77.944  -6.958 1.0000000000
2908  10.045  -80.613  -1.215 1.0000000000
2458  9.875  -81.286  -1.582 1.0000000000
2032  9.279  -82.260  -2.406 1.0000000000
2040  8.966  -82.886  -3.105 1.0000000000
4354  4.835  -77.637  -6.819 1.0000000000
119740  5.608  -76.509  -8.894 1.0000000000
4852  3.362  -76.544  -11.315 0.8000000119
5352  3.378  -75.375  -9.991 0.6999999881
2915  9.400  -80.729  -1.654 1.0000000000
1649  9.927  -83.130  -4.150 1.0000000000
5378  5.837  -76.073  -11.729 0.8000000119
5969  5.025  -74.712  -12.140 0.6999999881
5937  3.401  -74.807  -8.726 0.4000000060
2469  8.546  -81.701  -2.340 1.0000000000
2033  8.427  -82.400  -2.836 1.0000000000
2046  7.732  -83.076  -4.038 1.0000000000
1671  7.054  -84.116  -5.781 1.0000000000
1670  7.783  -84.434  -5.830 1.0000000000
1273  7.068  -84.563  -6.438 1.0000000000
115360  8.685  -84.656  -6.150 1.0000000000
1293  8.053  -84.073  -8.455 1.0000000000
1283  7.410  -84.533  -7.380 1.0000000000
1271  8.976  -85.036  -6.909 1.0000000000
1665  17.055  -83.958  -5.129 0.6000000238
2043  16.750  -83.180  -4.388 0.6000000238
2044  16.318  -82.652  -4.577 0.6999999881
2058  13.769  -83.107  -6.277 0.8000000119
120412  9.767  -84.729  -7.881 1.0000000000
1684  13.058  -83.676  -7.954 0.6999999881
1685  12.446  -83.960  -8.240 0.8999999762
1299  10.270  -84.116  -8.959 1.0000000000
113267  9.922  -83.792  -9.311 1.0000000000
1292  9.070  -84.421  -8.573 1.0000000000
3769  6.195  -77.748  1.821 1.0000000000
6955  2.002  -72.077  10.027 1.0000000000
125792  5.803  -77.718  2.599 1.0000000000
5675  3.801  -74.826  11.655 1.0000000000
6934  3.006  -73.224  11.312 1.0000000000
6946  2.522  -72.597  10.704 1.0000000000
7533  1.609  -71.639  9.286 1.0000000000
5674  4.781  -74.658  11.724 1.0000000000
6271  2.771  -73.906  11.367 1.0000000000
3768  7.553  -78.065  1.922 1.0000000000
4264  6.828  -77.773  1.726 1.0000000000
3742  3.449  -78.552  4.109 1.0000000000
3755  4.309  -78.247  3.565 1.0000000000
5134  5.176  -75.216  11.452 1.0000000000
5135  4.386  -75.402  11.516 1.0000000000
116435  2.873  -78.617  4.801 1.0000000000
5151  4.782  -75.893  11.077 1.0000000000
3319  9.134  -79.099  2.871 1.0000000000
5158  5.041  -76.081  10.259 1.0000000000
3307  10.065  -79.210  3.398 1.0000000000
3724  1.436  -78.751  6.950 1.0000000000
3723  2.439  -78.492  6.559 1.0000000000
3712  3.018  -78.205  7.104 1.0000000000
4677  5.209  -76.137  9.406 1.0000000000
5162  5.707  -75.593  8.294 1.0000000000
2863  9.461  -79.958  3.196 1.0000000000
116750  5.639  -74.478  7.090 1.0000000000
4691  5.762  -75.705  7.693 1.0000000000
5728  4.925  -74.378  6.050 1.0000000000
4232  12.212  -78.140  3.883 1.0000000000
3306  11.000  -79.255  3.828 1.0000000000
4209  3.543  -77.853  7.740 1.0000000000
112914  5.514  -76.149  7.947 1.0000000000
4207  4.856  -77.174  7.465 1.0000000000
4693  5.058  -76.708  8.127 1.0000000000
3740  12.405  -78.922  3.874 1.0000000000
6491  3.386  -73.407  -4.520 1.0000000000
5847  0.252  -75.242  -3.156 1.0000000000
5279  -0.838  -75.632  -3.171 1.0000000000
6514  4.031  -73.788  -5.076 1.0000000000
6423  -1.722  -73.881  -2.027 1.0000000000
6406  -2.590  -72.790  -1.228 1.0000000000
3766  12.781  -78.261  3.020 1.0000000000
7058  -2.761  -72.645  -0.730 1.0000000000
5309  4.835  -75.202  -5.203 1.0000000000
107407  -2.883  -70.237  -0.493 1.0000000000
3788  12.225  -78.649  1.379 1.0000000000
4821  4.554  -76.707  -4.911 1.0000000000
111260  -2.940  -69.235  -0.898 1.0000000000
3790  11.002  -78.341  0.198 1.0000000000
118516  6.242  -77.405  -4.248 1.0000000000
11883  -1.495  -64.932  -4.887 0.3000000119
9573  -2.980  -68.270  -1.357 1.0000000000
11048  -3.026  -66.586  -2.069 1.0000000000
109639  11.500  -78.888  0.574 1.0000000000
112211  -2.886  -65.661  -1.962 1.0000000000
3350  10.829  -79.815  -0.446 1.0000000000
3359  10.242  -79.965  -0.916 1.0000000000
3844  6.866  -78.658  -3.965 1.0000000000
3859  5.828  -78.730  -4.489 1.0000000000
3874  5.237  -79.008  -5.098 1.0000000000
4344  5.653  -77.939  -6.773 1.0000000000
3360  9.658  -79.990  -1.353 1.0000000000
4834  5.827  -76.926  -7.910 1.0000000000
127785  6.704  -76.787  -9.693 1.0000000000
123018  8.187  -80.952  -2.644 1.0000000000
120144  6.440  -75.676  -12.181 0.6999999881
5982  6.580  -74.913  -12.223 0.6000000238
2470  7.942  -81.775  -2.945 1.0000000000
2047  7.132  -82.714  -4.174 1.0000000000
1672  6.320  -83.647  -5.890 1.0000000000
1681  5.831  -83.933  -7.387 1.0000000000
2076  6.937  -82.823  -8.593 1.0000000000
1294  7.027  -83.949  -8.059 1.0000000000
113355  16.820  -82.874  -5.443 0.6000000238
2056  15.918  -82.299  -5.662 0.6999999881
110013  13.960  -82.595  -7.688 0.6999999881
2075  7.863  -83.343  -8.312 1.0000000000
1678  8.597  -83.464  -8.646 1.0000000000
1679  8.223  -83.686  -8.646 1.0000000000
2055  16.591  -82.444  -6.246 0.6999999881
2069  15.919  -81.970  -6.696 0.6999999881
2083  15.148  -81.941  -7.604 0.6999999881
118817  14.277  -82.190  -8.381 0.6999999881
2084  13.408  -82.776  -8.741 0.6999999881
1695  10.594  -83.392  -9.683 0.8999999762
2086  9.412  -83.312  -9.035 0.8999999762
1301  9.492  -83.809  -9.089 0.8999999762
2054  17.210  -83.022  -6.593 0.6000000238
2092  12.960  -82.636  -9.998 0.6999999881
1698  11.374  -82.712  -10.507 0.8000000119
118358  10.454  -82.769  -9.973 0.6999999881
2068  16.768  -82.207  -7.122 0.6000000238
6269  4.394  -73.977  11.756 1.0000000000
6933  3.871  -73.124  11.543 1.0000000000
4259  6.919  -77.258  2.243 1.0000000000
4260  6.436  -77.360  2.697 1.0000000000
3754  5.130  -77.929  3.054 1.0000000000
4247  5.914  -77.540  3.577 1.0000000000
5149  6.104  -75.103  10.393 1.0000000000
3767  9.080  -78.003  2.860 1.0000000000
3732  3.508  -78.311  5.015 1.0000000000
3741  4.188  -78.087  4.515 1.0000000000
5694  6.091  -75.168  9.356 1.0000000000
3733  2.796  -78.464  5.623 1.0000000000
5702  5.996  -75.102  8.489 1.0000000000
3753  9.789  -78.490  3.264 1.0000000000
4226  4.029  -77.894  6.151 1.0000000000
4218  3.749  -77.868  6.887 1.0000000000
5715  5.427  -74.395  6.619 1.0000000000
116781  4.212  -77.556  7.395 1.0000000000
5729  3.785  -74.271  5.338 1.0000000000
4242  12.148  -77.450  3.665 1.0000000000
3752  10.740  -78.338  3.641 1.0000000000
4256  12.419  -77.315  3.183 1.0000000000
4692  5.468  -76.632  7.451 1.0000000000
6490  4.248  -73.264  -4.268 1.0000000000
127382  2.137  -74.038  -3.179 1.0000000000
120311  1.206  -74.759  -2.892 1.0000000000
5836  0.375  -75.122  -2.526 1.0000000000
124937  12.360  -77.166  1.978 1.0000000000
5873  4.694  -74.280  -5.069 1.0000000000
128981  1.132  -74.912  -2.090 1.0000000000
5272  0.241  -74.920  -2.316 1.0000000000
6405  -1.658  -73.157  -1.300 1.0000000000
7050  -2.874  -72.426  -0.449 1.0000000000
4263  11.939  -77.241  1.262 1.0000000000
3776  12.300  -77.846  1.701 1.0000000000
5296  5.609  -75.460  -4.794 1.0000000000
7049  -2.455  -72.217  -0.570 1.0000000000
7605  -2.603  -71.870  -0.250 1.0000000000
3789  11.655  -78.074  0.902 1.0000000000
8168  -2.692  -71.270  -0.252 1.0000000000
118781  5.658  -76.569  -4.568 1.0000000000
8831  -2.951  -69.516  0.134 1.0000000000
9549  -2.919  -68.611  -0.275 1.0000000000
4798  6.605  -76.532  -4.160 1.0000000000
106689  -2.893  -67.332  -1.272 1.0000000000
3342  10.890  -79.116  -0.089 1.0000000000
107228  -3.197  -65.640  -3.105 1.0000000000
3818  10.068  -78.726  -1.057 1.0000000000
115004  9.983  -79.446  -1.119 1.0000000000
3382  6.555  -79.318  -4.172 1.0000000000
111915  5.462  -79.099  -4.894 1.0000000000
3889  5.754  -78.787  -6.491 1.0000000000
118571  6.374  -77.693  -8.067 1.0000000000
2928  8.493  -80.240  -2.443 1.0000000000
108925  7.948  -80.024  -3.078 1.0000000000
2929  7.529  -80.973  -3.278 1.0000000000
3900  6.512  -78.976  -9.187 1.0000000000
4367  7.074  -77.685  -9.989 1.0000000000
4849  7.026  -77.049  -10.779 0.8000000119
2480  6.420  -82.105  -4.597 1.0000000000
4372  7.500  -78.272  -11.321 0.8999999762
4864  7.241  -76.286  -12.048 0.6999999881
5389  7.269  -75.523  -12.193 0.6000000238
2471  7.270  -81.859  -3.686 1.0000000000
2063  5.781  -82.854  -5.615 1.0000000000
4376  8.346  -76.515  -12.159 0.6000000238
5968  5.847  -74.345  -12.059 0.4000000060
2510  4.957  -82.131  -8.680 1.0000000000
5377  7.552  -75.067  -12.097 0.5000000000
5952  6.243  -73.878  -11.118 0.3000000119
2062  7.322  -81.911  -7.368 1.0000000000
2970  7.073  -81.430  -8.005 1.0000000000
2509  5.896  -81.445  -9.543 1.0000000000
5936  5.405  -73.659  -9.060 0.2000000030
2061  7.826  -82.437  -7.034 1.0000000000
2979  7.960  -80.289  -7.746 0.8000000119
5918  3.363  -74.144  -7.907 0.3000000119
2505  16.558  -81.866  -7.838 0.6000000238
2507  15.017  -81.703  -8.763 0.6999999881
2508  10.937  -82.082  -8.906 0.6000000238
2085  10.214  -82.738  -9.091 0.8999999762
2060  8.582  -82.750  -6.931 0.8000000119
2492  8.205  -81.494  -6.067 0.6999999881
7164  2.689  -72.037  -9.118 0.3000000119
2091  13.910  -82.086  -9.399 0.6999999881
119862  12.523  -82.201  -10.826 0.6000000238
2101  11.484  -82.329  -10.791 0.6999999881
2082  17.182  -82.220  -8.069 0.6000000238
6932  4.941  -73.022  11.672 1.0000000000
7524  3.715  -71.182  10.613 1.0000000000
7531  3.036  -70.711  10.069 1.0000000000
107190  6.189  -74.187  11.610 1.0000000000
6268  5.407  -73.954  11.831 1.0000000000
6945  3.298  -72.271  11.048 1.0000000000
7525  2.775  -71.644  10.392 1.0000000000
5210  9.777  -75.570  3.353 1.0000000000
5226  8.847  -75.857  3.276 1.0000000000
4734  8.248  -76.627  2.747 1.0000000000
4736  6.985  -76.933  2.813 1.0000000000
4246  6.757  -77.072  3.557 1.0000000000
5686  7.252  -74.061  10.362 1.0000000000
5693  6.668  -74.643  9.923 1.0000000000
4733  9.042  -76.489  3.106 1.0000000000
4257  8.574  -77.192  2.671 1.0000000000
110561  10.557  -75.935  3.603 1.0000000000
4235  4.891  -77.673  4.979 1.0000000000
5700  7.195  -74.144  9.399 1.0000000000
5701  6.474  -74.617  8.878 1.0000000000
4722  9.925  -76.442  3.496 1.0000000000
128295  10.193  -77.044  3.589 1.0000000000
123978  8.246  -77.777  2.316 1.0000000000
4225  4.908  -77.501  5.948 1.0000000000
4217  4.516  -77.528  6.767 1.0000000000
5707  6.245  -74.494  8.004 1.0000000000
5223  11.883  -75.620  3.032 1.0000000000
116920  10.767  -76.549  3.707 1.0000000000
4700  5.981  -76.458  6.883 1.0000000000
6317  5.248  -74.032  6.593 1.0000000000
6329  4.020  -74.077  5.567 1.0000000000
114144  12.070  -76.735  3.470 1.0000000000
4244  10.835  -77.359  3.713 1.0000000000
6310  5.783  -74.214  7.285 1.0000000000
6330  3.417  -74.346  5.277 1.0000000000
5232  12.120  -75.972  2.488 1.0000000000
4738  12.343  -76.786  2.576 1.0000000000
4699  6.208  -75.918  6.993 1.0000000000
5730  2.948  -74.753  5.194 1.0000000000
4739  12.154  -76.517  1.800 1.0000000000
6466  5.872  -73.260  -3.649 1.0000000000
6489  4.831  -73.652  -4.582 1.0000000000
6468  4.446  -72.944  -3.448 1.0000000000
6444  3.796  -73.033  -2.741 1.0000000000
5835  1.848  -74.571  -2.206 1.0000000000
4749  11.706  -76.524  0.909 1.0000000000
5824  0.916  -74.639  -1.880 1.0000000000
6421  0.550  -74.178  -1.701 1.0000000000
6404  -0.298  -73.343  -1.275 1.0000000000
119531  6.434  -75.487  -4.331 1.0000000000
6488  5.611  -73.653  -4.250 1.0000000000
7047  -0.005  -72.750  -0.651 1.0000000000
7037  -1.982  -71.909  -0.020 1.0000000000
7602  -2.391  -71.631  0.210 1.0000000000
4272  11.232  -77.390  0.370 1.0000000000
8159  -2.438  -71.363  0.570 1.0000000000
121787  -2.710  -70.508  0.486 1.0000000000
9530  -2.902  -68.849  0.753 1.0000000000
123539  -2.720  -67.194  -0.391 1.0000000000
11022  -2.560  -66.269  0.810 1.0000000000
4282  10.676  -77.853  -0.217 1.0000000000
4308  8.676  -77.726  -2.707 1.0000000000
111262  8.682  -76.930  -2.694 1.0000000000
11034  -2.656  -66.361  -0.145 1.0000000000
124223  -2.526  -63.585  -1.495 0.8999999762
11854  -2.744  -64.861  -1.850 0.8000000119
122431  -2.656  -65.467  0.108 1.0000000000
3800  10.512  -78.552  -0.435 1.0000000000
4297  9.681  -78.069  -1.546 1.0000000000
4307  9.157  -78.299  -2.159 1.0000000000
3842  8.100  -78.162  -3.208 1.0000000000
13565  -2.148  -62.592  -2.534 0.6999999881
12735  -2.449  -63.765  -2.581 0.8000000119
3819  9.498  -79.093  -1.600 1.0000000000
3830  8.975  -79.074  -2.184 1.0000000000
128731  5.927  -80.299  -4.956 1.0000000000
3407  5.658  -80.003  -5.594 1.0000000000
14361  -1.796  -61.780  -2.587 0.5000000000
120092  9.044  -79.930  -1.963 1.0000000000
116921  7.239  -80.255  -3.597 1.0000000000
2958  5.688  -80.972  -5.281 1.0000000000
125935  6.569  -79.262  -9.990 1.0000000000
3905  8.220  -78.681  -11.744 0.8999999762
2945  6.756  -80.987  -4.039 1.0000000000
2064  5.022  -82.712  -6.388 1.0000000000
3430  5.685  -80.479  -9.114 1.0000000000
4375  8.096  -77.844  -12.046 0.8000000119
112950  5.418  -81.512  -9.092 1.0000000000
2986  6.008  -80.458  -10.051 1.0000000000
3429  7.033  -80.560  -9.843 1.0000000000
3442  7.702  -79.871  -10.885 0.8999999762
3428  8.149  -80.116  -8.686 0.8000000119
3903  9.293  -78.885  -11.177 0.8000000119
4861  9.408  -77.189  -11.890 0.6000000238
5376  8.390  -75.504  -11.751 0.5000000000
5951  7.342  -74.003  -10.563 0.3000000119
6577  5.802  -73.568  -10.356 0.2000000030
2969  7.867  -80.657  -6.960 0.6000000238
6592  6.945  -73.458  -9.908 0.2000000030
2506  15.968  -81.646  -8.234 0.5000000000
114955  10.013  -82.649  -7.653 0.8000000119
2073  10.613  -81.931  -6.498 0.6000000238
2478  8.882  -81.258  -5.235 0.6000000238
2479  8.564  -80.614  -5.321 0.5000000000
2090  16.736  -81.772  -9.051 0.6000000238
2512  15.786  -81.389  -9.522 0.5000000000
2513  14.610  -81.473  -10.052 0.5000000000
2103  12.342  -81.809  -11.005 0.4000000060
2522  11.959  -81.859  -11.084 0.6000000238
2529  12.616  -81.416  -10.817 0.4000000060
113937  11.744  -81.334  -8.931 0.6000000238
7514  5.152  -71.888  11.295 1.0000000000
125917  5.981  -73.752  11.763 1.0000000000
6929  7.229  -72.872  11.159 1.0000000000
117185  2.603  -70.294  9.487 1.0000000000
6267  7.002  -73.807  11.182 1.0000000000
4723  8.107  -76.149  3.278 1.0000000000
6301  7.696  -73.612  8.865 1.0000000000
6975  7.539  -72.769  7.453 1.0000000000
119786  9.235  -74.923  3.020 1.0000000000
119780  7.819  -76.207  4.049 1.0000000000
4713  7.807  -75.811  4.850 1.0000000000
4233  6.466  -77.158  4.354 1.0000000000
5756  11.076  -74.898  3.133 1.0000000000
5225  10.289  -74.814  3.039 1.0000000000
5193  8.224  -74.620  4.280 1.0000000000
4223  6.483  -76.829  5.323 1.0000000000
6302  6.878  -74.016  8.458 1.0000000000
6976  6.622  -72.990  7.117 1.0000000000
4224  5.862  -76.893  6.132 1.0000000000
6984  6.187  -72.673  6.393 1.0000000000
7558  5.806  -72.336  5.679 1.0000000000
5224  11.339  -74.864  2.716 1.0000000000
6364  11.129  -74.132  2.212 1.0000000000
5181  6.902  -75.623  6.222 1.0000000000
6994  4.858  -72.891  5.513 1.0000000000
7579  4.352  -72.752  4.984 1.0000000000
7580  3.955  -72.161  4.099 1.0000000000
5233  11.675  -75.243  2.268 1.0000000000
5779  11.382  -74.467  1.919 1.0000000000
5744  4.541  -74.368  5.349 1.0000000000
7010  3.576  -73.864  5.062 1.0000000000
7013  3.091  -73.863  4.406 1.0000000000
7046  4.732  -73.042  -0.924 1.0000000000
115416  2.214  -74.589  -0.694 1.0000000000
5810  2.417  -74.611  0.060 1.0000000000
106772  11.812  -75.705  1.512 1.0000000000
7062  7.547  -72.514  -2.399 1.0000000000
6443  6.265  -72.920  -3.074 1.0000000000
7064  4.683  -72.812  -2.655 1.0000000000
6420  4.089  -73.181  -2.003 1.0000000000
6445  3.301  -73.774  -1.820 1.0000000000
5822  2.980  -74.338  -0.988 1.0000000000
116034  1.884  -74.413  -1.141 1.0000000000
6389  1.900  -74.005  0.213 1.0000000000
5260  11.230  -75.387  -0.016 1.0000000000
6465  7.201  -73.652  -3.616 1.0000000000
7071  5.319  -72.896  -3.231 1.0000000000
5812  1.529  -74.248  -1.269 1.0000000000
6390  1.176  -73.609  -0.816 1.0000000000
126729  8.758  -73.795  -2.802 1.0000000000
6464  8.081  -73.526  -3.193 1.0000000000
110825  6.395  -73.699  -3.935 1.0000000000
123201  0.798  -72.699  -0.168 1.0000000000
110338  10.650  -76.177  -0.554 1.0000000000
5261  10.557  -75.312  -0.785 1.0000000000
5821  9.710  -74.437  -1.864 1.0000000000
5844  7.707  -74.454  -3.609 1.0000000000
5845  6.898  -74.463  -4.011 1.0000000000
7036  -0.623  -72.063  0.125 1.0000000000
122169  -1.579  -71.739  0.706 1.0000000000
7598  -2.296  -71.189  1.122 1.0000000000
118724  10.177  -75.991  -1.093 1.0000000000
5269  9.970  -75.310  -1.436 1.0000000000
5277  8.710  -75.420  -2.735 1.0000000000
8152  -2.549  -70.573  1.291 1.0000000000
126112  -2.796  -69.748  1.008 1.0000000000
9520  -2.677  -68.892  1.580 1.0000000000
4778  10.166  -76.767  -0.995 1.0000000000
4779  9.684  -76.323  -1.653 1.0000000000
5286  8.025  -75.410  -3.337 1.0000000000
5287  7.236  -75.447  -3.834 1.0000000000
109950  -2.789  -67.945  0.205 1.0000000000
128687  -2.486  -67.024  1.275 1.0000000000
4788  9.027  -76.272  -2.375 1.0000000000
4797  7.552  -76.331  -3.541 1.0000000000
11804  -2.577  -65.320  1.302 1.0000000000
4296  10.221  -77.765  -0.879 1.0000000000
109468  9.291  -77.256  -2.111 1.0000000000
14349  -2.219  -61.871  -1.590 0.5000000000
3444  6.340  -79.731  -10.185 1.0000000000
3448  7.536  -79.252  -11.108 0.8999999762
15173  -1.989  -60.861  -1.304 0.4000000060
3907  8.811  -78.095  -12.082 0.6999999881
125093  9.642  -78.065  -8.735 0.3000000119
4360  9.650  -78.067  -9.473 0.3000000119
3427  8.823  -79.512  -7.548 0.3000000119
3898  9.524  -78.694  -8.902 0.4000000060
112397  15.044  -80.616  -11.130 0.4000000060
3406  8.402  -80.177  -5.722 0.2000000030
3419  8.468  -79.825  -6.472 0.4000000060
2501  11.428  -81.512  -6.505 0.3000000119
2489  11.122  -81.398  -5.634 0.4000000060
2519  15.322  -80.898  -10.743 0.4000000060
111532  11.612  -81.453  -7.549 0.6000000238
122948  5.691  -72.572  11.558 1.0000000000
121979  4.602  -71.188  10.924 1.0000000000
118695  4.550  -70.240  10.474 1.0000000000
8092  3.353  -69.832  9.746 1.0000000000
6283  7.649  -73.362  10.531 1.0000000000
6930  6.407  -72.690  11.494 1.0000000000
9463  2.367  -68.336  8.676 1.0000000000
6294  7.830  -73.587  9.751 1.0000000000
6965  8.155  -73.069  8.253 1.0000000000
5770  9.802  -74.251  2.516 1.0000000000
5211  8.550  -75.202  3.622 1.0000000000
110108  6.734  -70.999  5.771 1.0000000000
6983  7.049  -72.223  6.710 1.0000000000
5771  8.860  -74.226  2.530 1.0000000000
6367  8.430  -73.461  2.206 1.0000000000
4705  7.320  -76.081  5.590 1.0000000000
8120  6.244  -70.252  5.575 1.0000000000
7565  6.116  -71.334  5.460 1.0000000000
6365  10.597  -73.738  1.988 1.0000000000
6357  7.491  -73.469  3.675 1.0000000000
5742  7.731  -74.587  4.987 1.0000000000
5180  7.566  -75.353  5.402 1.0000000000
4706  6.639  -76.243  6.281 1.0000000000
8122  4.972  -70.950  4.772 1.0000000000
7567  4.921  -71.971  4.821 1.0000000000
6375  11.140  -73.738  1.440 1.0000000000
5726  7.243  -74.966  5.778 1.0000000000
5743  6.829  -74.456  5.430 1.0000000000
5727  6.262  -74.881  6.359 1.0000000000
8131  3.617  -70.572  4.356 1.0000000000
8130  4.423  -71.386  4.550 1.0000000000
7581  3.230  -70.802  3.954 1.0000000000
112638  3.306  -71.542  3.548 1.0000000000
8137  2.432  -70.619  3.761 1.0000000000
8784  0.217  -69.889  3.954 1.0000000000
8779  -0.884  -68.975  4.013 1.0000000000
5807  11.341  -74.463  0.299 1.0000000000
127226  3.543  -72.530  3.754 1.0000000000
9500  -2.011  -68.669  3.444 1.0000000000
6419  9.181  -72.760  -1.766 1.0000000000
7061  8.345  -72.532  -2.191 1.0000000000
7054  7.708  -72.184  -1.673 1.0000000000
7055  6.189  -72.428  -1.696 1.0000000000
112587  3.847  -73.647  -1.120 1.0000000000
6403  3.191  -74.426  -0.196 1.0000000000
5809  2.607  -74.953  0.025 1.0000000000
7014  2.690  -74.104  3.649 1.0000000000
6441  8.653  -73.106  -2.544 1.0000000000
5796  2.358  -74.716  0.715 1.0000000000
5820  10.435  -74.322  -1.096 1.0000000000
127267  1.500  -73.420  -0.204 1.0000000000
7027  -0.792  -71.655  1.197 1.0000000000
116168  -1.720  -71.474  1.321 1.0000000000
8147  -2.368  -70.436  2.103 1.0000000000
8806  -2.602  -69.714  1.842 1.0000000000
110268  -2.666  -67.955  1.200 1.0000000000
11826  -2.629  -64.552  0.309 0.8999999762
11003  -2.497  -66.362  1.789 1.0000000000
12718  -2.605  -63.914  -0.497 0.8999999762
13553  -2.497  -63.033  -1.002 0.8999999762
15159  -2.125  -60.868  -0.209 0.6000000238
7522  6.457  -70.743  10.728 1.0000000000
7523  5.492  -70.719  10.791 1.0000000000
7513  6.048  -71.780  11.228 1.0000000000
8086  3.727  -70.266  10.208 1.0000000000
6944  8.006  -72.617  10.533 1.0000000000
6982  8.097  -72.004  6.849 1.0000000000
6964  8.804  -72.579  8.475 1.0000000000
7556  7.501  -71.281  6.238 1.0000000000
8116  7.180  -70.286  5.917 1.0000000000
6378  8.841  -73.041  1.460 1.0000000000
6356  8.147  -73.761  3.172 1.0000000000
8762  5.194  -69.299  5.325 1.0000000000
117532  5.577  -69.875  5.309 1.0000000000
127837  10.130  -73.419  1.594 1.0000000000
6347  7.330  -73.928  4.542 1.0000000000
6358  6.682  -73.520  3.999 1.0000000000
123437  4.125  -70.133  4.819 1.0000000000
8774  3.060  -69.759  4.828 1.0000000000
8775  2.254  -69.633  4.667 1.0000000000
6376  10.441  -73.331  1.266 1.0000000000
6359  5.516  -74.045  4.494 1.0000000000
8132  2.679  -70.129  4.294 1.0000000000
9493  1.233  -69.044  4.861 1.0000000000
126630  0.636  -68.855  4.728 1.0000000000
5745  3.189  -74.916  5.100 1.0000000000
6360  2.681  -74.881  4.448 1.0000000000
8776  1.562  -69.578  4.474 1.0000000000
8777  0.798  -69.424  4.396 1.0000000000
5792  11.254  -73.854  0.619 1.0000000000
8138  1.490  -70.577  3.499 1.0000000000
8139  0.535  -70.440  3.469 1.0000000000
8785  -0.667  -69.618  3.751 1.0000000000
6400  9.915  -72.776  -0.832 1.0000000000
7052  8.986  -72.375  -0.833 1.0000000000
7053  8.482  -72.306  -1.494 1.0000000000
7043  7.907  -72.204  -0.658 1.0000000000
7045  5.684  -72.514  -0.743 1.0000000000
6401  4.794  -73.053  0.027 1.0000000000
6388  3.589  -74.219  0.410 1.0000000000
5794  2.828  -74.992  0.793 1.0000000000
7585  2.594  -71.283  3.180 1.0000000000
114893  10.981  -74.626  -0.383 1.0000000000
6417  10.420  -73.450  -0.871 1.0000000000
6382  2.178  -74.378  1.211 1.0000000000
6418  9.920  -73.452  -1.543 1.0000000000
7025  1.942  -72.768  1.141 1.0000000000
7035  1.695  -73.183  0.369 1.0000000000
7026  0.610  -72.020  0.800 1.0000000000
7593  -1.022  -71.382  2.110 1.0000000000
8794  -2.239  -70.086  2.803 1.0000000000
9510  -2.456  -69.033  2.366 1.0000000000
10216  -2.375  -67.409  2.111 1.0000000000
12683  -2.611  -64.240  1.271 1.0000000000
13541  -2.609  -63.024  0.769 1.0000000000
111131  -2.351  -61.768  -0.316 0.6999999881
16001  -1.723  -60.081  -0.130 0.5000000000
8084  6.087  -69.871  10.675 1.0000000000
127054  5.337  -69.830  10.573 1.0000000000
112873  8.824  -71.956  9.870 1.0000000000
7512  6.913  -71.846  11.121 1.0000000000
8085  4.075  -69.506  10.036 1.0000000000
6954  8.804  -72.452  9.360 1.0000000000
7511  7.643  -71.900  10.775 1.0000000000
8735  3.723  -69.087  9.485 1.0000000000
7555  8.578  -71.151  6.567 1.0000000000
6973  9.249  -72.017  7.942 1.0000000000
10140  2.427  -67.340  8.846 0.8999999762
8115  8.141  -70.360  6.198 1.0000000000
8757  6.728  -69.382  5.879 1.0000000000
6368  7.660  -73.116  2.757 1.0000000000
9483  4.181  -68.500  5.400 1.0000000000
7016  7.077  -72.700  2.255 1.0000000000
121350  3.297  -68.248  5.378 1.0000000000
8765  2.564  -69.009  5.162 1.0000000000
5759  3.839  -74.747  4.564 1.0000000000
10171  1.481  -67.571  5.347 1.0000000000
9484  1.724  -68.556  5.153 1.0000000000
9494  0.185  -68.308  4.796 1.0000000000
9495  -0.645  -68.340  4.315 1.0000000000
7030  10.174  -72.731  0.036 1.0000000000
6386  9.264  -72.706  0.678 1.0000000000
10181  -0.366  -67.621  4.805 1.0000000000
10182  -1.297  -67.664  4.225 1.0000000000
10958  -1.577  -66.833  4.268 1.0000000000
6399  10.498  -73.153  -0.294 1.0000000000
7032  7.640  -72.388  0.400 1.0000000000
7033  6.640  -72.421  0.640 1.0000000000
118172  5.849  -72.628  1.091 1.0000000000
10188  -1.989  -68.089  3.897 1.0000000000
7034  5.713  -72.567  0.293 1.0000000000
124611  4.249  -73.710  0.749 1.0000000000
7590  2.893  -72.467  2.662 1.0000000000
7586  1.799  -71.220  2.747 1.0000000000
110039  2.509  -74.797  1.416 1.0000000000
6381  2.424  -74.583  1.901 1.0000000000
8140  -0.366  -70.342  3.397 1.0000000000
9501  -2.361  -68.865  2.941 1.0000000000
10189  -2.119  -68.001  3.353 1.0000000000
119032  -2.293  -68.237  2.705 1.0000000000
10202  -2.202  -67.372  3.013 1.0000000000
107496  -2.651  -63.720  2.034 1.0000000000
115589  -2.626  -64.685  2.244 1.0000000000
10987  -2.401  -66.558  2.699 1.0000000000
14312  -2.544  -62.118  2.465 0.8999999762
15125  -2.376  -61.151  2.181 0.8999999762
15982  -2.159  -60.787  0.983 0.6999999881
8081  8.310  -70.642  10.339 1.0000000000
8082  7.627  -70.174  10.558 1.0000000000
8724  6.356  -69.415  10.881 1.0000000000
8080  9.144  -70.102  9.946 1.0000000000
120095  8.628  -70.102  10.305 1.0000000000
7521  7.236  -70.873  10.624 1.0000000000
118975  4.742  -69.399  10.362 1.0000000000
9440  4.473  -68.658  10.291 1.0000000000
8091  9.314  -70.825  9.592 1.0000000000
6963  9.229  -72.073  8.666 1.0000000000
8734  4.191  -68.969  9.896 1.0000000000
8741  10.125  -69.875  8.387 1.0000000000
8106  9.860  -70.664  7.703 1.0000000000
125439  9.491  -71.397  7.572 1.0000000000
9455  3.755  -68.468  9.473 1.0000000000
121878  2.915  -67.174  9.316 1.0000000000
8755  8.614  -69.551  6.380 1.0000000000
8114  9.007  -70.331  6.535 1.0000000000
10902  2.369  -66.545  9.148 0.8999999762
10916  0.447  -65.957  8.358 0.8999999762
9480  6.274  -68.568  5.857 1.0000000000
112827  -0.774  -65.697  8.117 0.6999999881
7017  6.249  -72.893  2.553 1.0000000000
10166  5.810  -67.987  5.795 1.0000000000
10168  4.033  -67.415  5.636 1.0000000000
6370  6.019  -73.379  3.450 1.0000000000
109365  4.832  -74.253  3.652 1.0000000000
10169  3.051  -67.304  5.588 1.0000000000
10945  1.572  -66.603  5.636 1.0000000000
7021  8.268  -72.608  0.998 1.0000000000
113619  0.908  -66.956  5.386 1.0000000000
10172  0.530  -67.609  5.150 1.0000000000
7022  7.347  -72.537  1.328 1.0000000000
7023  6.442  -72.609  1.642 1.0000000000
10947  -0.933  -66.928  4.775 1.0000000000
7041  9.506  -72.513  -0.111 1.0000000000
7042  8.588  -72.423  0.098 1.0000000000
7024  5.467  -73.117  1.898 1.0000000000
6380  4.388  -73.923  1.668 1.0000000000
5780  3.445  -74.748  2.555 1.0000000000
5773  2.759  -75.014  3.413 1.0000000000
10948  -1.318  -66.217  4.719 1.0000000000
5793  3.256  -74.665  1.404 1.0000000000
5761  2.512  -74.981  3.902 1.0000000000
7018  2.619  -73.769  2.778 1.0000000000
7019  2.274  -73.794  1.879 1.0000000000
7591  2.288  -72.257  1.888 1.0000000000
7587  0.728  -70.880  2.988 1.0000000000
8787  -2.134  -69.451  3.108 1.0000000000
7597  0.972  -71.684  1.680 1.0000000000
7592  0.020  -71.200  2.457 1.0000000000
8141  -1.439  -70.102  3.231 1.0000000000
107132  -0.135  -71.546  1.739 1.0000000000
127833  -1.414  -71.048  2.459 1.0000000000
113126  -2.428  -65.949  3.212 1.0000000000
106997  -2.571  -64.101  3.053 1.0000000000
108202  -2.555  -65.119  3.113 1.0000000000
13522  -2.567  -63.066  2.686 1.0000000000
15938  -2.278  -60.424  2.778 0.8999999762
15937  -1.763  -59.356  2.271 0.6000000238
8722  8.179  -69.761  10.623 1.0000000000
8723  7.410  -69.405  10.779 1.0000000000
119850  5.455  -69.429  10.709 1.0000000000
112695  6.931  -69.163  10.789 1.0000000000
114567  10.208  -68.990  8.628 1.0000000000
8720  9.607  -69.484  9.867 1.0000000000
10123  4.012  -67.986  10.087 1.0000000000
10124  3.504  -67.315  10.032 0.8999999762
116780  10.112  -69.145  7.796 1.0000000000
122884  9.971  -69.855  7.544 1.0000000000
10901  2.879  -66.635  9.797 1.0000000000
10160  8.396  -67.634  6.687 1.0000000000
117390  9.122  -68.971  6.673 1.0000000000
11679  2.230  -65.970  9.589 1.0000000000
10903  1.622  -65.840  8.991 1.0000000000
111051  7.860  -66.846  6.723 1.0000000000
10161  7.536  -67.650  6.368 1.0000000000
11696  -0.478  -65.195  8.655 0.8000000119
11682  -1.467  -64.843  9.136 0.6000000238
10163  5.688  -67.283  5.936 1.0000000000
10941  4.938  -66.920  5.836 1.0000000000
110463  2.821  -66.657  5.826 1.0000000000
114657  1.590  -65.627  5.938 1.0000000000
10946  0.823  -66.229  5.609 1.0000000000
108027  -0.835  -65.475  5.234 1.0000000000
124829  5.497  -73.530  2.833 1.0000000000
6361  2.582  -74.751  3.561 1.0000000000
116798  -0.664  -66.302  5.110 1.0000000000
6371  4.567  -74.205  2.705 1.0000000000
5772  3.582  -74.988  3.616 1.0000000000
5760  2.796  -75.063  4.446 1.0000000000
110410  -1.391  -64.658  5.370 1.0000000000
106988  -1.994  -65.224  4.490 1.0000000000
11754  -1.980  -65.900  4.192 1.0000000000
10959  -1.988  -66.647  3.908 1.0000000000
108130  -2.058  -64.018  3.919 1.0000000000
11770  -2.222  -65.546  3.775 1.0000000000
127557  -2.350  -62.781  4.143 1.0000000000
14302  -2.500  -62.436  3.369 0.8999999762
8706  7.874  -69.295  11.338 1.0000000000
8707  7.174  -69.002  11.154 1.0000000000
9439  5.369  -69.155  10.697 1.0000000000
9425  4.707  -68.456  10.947 1.0000000000
8721  8.942  -69.623  10.540 1.0000000000
8708  6.424  -69.046  11.046 1.0000000000
121453  4.287  -67.981  10.561 1.0000000000
121340  9.535  -69.024  12.816 1.0000000000
9437  10.343  -68.266  10.708 1.0000000000
113692  9.490  -69.198  10.560 1.0000000000
8705  8.583  -69.368  11.294 1.0000000000
10111  3.808  -67.227  10.743 1.0000000000
10885  3.130  -66.440  10.527 1.0000000000
10110  10.503  -67.466  12.262 1.0000000000
116230  10.550  -67.715  10.313 1.0000000000
9452  10.383  -68.259  9.858 1.0000000000
10147  10.226  -67.573  8.611 1.0000000000
9462  10.193  -68.320  8.142 1.0000000000
10886  2.439  -65.652  10.228 1.0000000000
114627  10.445  -66.473  11.091 1.0000000000
10884  10.547  -66.947  10.341 1.0000000000
119813  9.202  -66.985  7.436 1.0000000000
10154  9.765  -67.469  7.779 1.0000000000
10899  10.263  -66.554  9.620 1.0000000000
117804  9.598  -66.216  8.383 1.0000000000
10924  8.861  -66.366  7.512 1.0000000000
10931  7.450  -66.087  6.843 1.0000000000
125417  0.885  -64.840  9.592 0.8999999762
11681  -0.226  -64.705  9.309 0.8000000119
11663  10.233  -66.063  10.449 1.0000000000
11694  9.475  -65.505  8.784 1.0000000000
11695  8.878  -65.161  8.169 1.0000000000
12596  6.779  -64.860  6.774 1.0000000000
112744  6.949  -66.725  6.451 1.0000000000
10934  4.953  -66.054  6.009 1.0000000000
12597  6.106  -64.732  6.593 1.0000000000
11716  6.467  -65.446  6.585 1.0000000000
11728  3.730  -65.940  6.091 1.0000000000
12602  1.990  -64.607  6.242 1.0000000000
12603  1.183  -64.323  6.339 1.0000000000
12628  -0.423  -64.604  5.844 1.0000000000
12605  -2.068  -64.119  5.856 1.0000000000
11732  -1.862  -64.722  5.112 1.0000000000
13499  -2.146  -63.722  5.627 1.0000000000
12651  -1.968  -64.440  4.795 1.0000000000
15907  -2.046  -60.609  5.572 0.8999999762
113660  -1.925  -59.620  3.317 0.8000000119
8681  7.058  -69.580  13.014 1.0000000000
8682  6.201  -69.418  13.085 1.0000000000
8694  6.774  -69.001  11.986 1.0000000000
8695  5.848  -68.983  12.225 1.0000000000
9415  4.739  -68.195  11.919 1.0000000000
113383  8.751  -69.393  12.892 1.0000000000
111086  7.954  -69.544  12.958 1.0000000000
113575  4.320  -67.681  11.324 1.0000000000
10100  3.872  -67.039  11.652 1.0000000000
8680  9.218  -69.269  13.669 1.0000000000
9413  9.741  -68.842  11.897 1.0000000000
8692  8.307  -69.282  12.086 1.0000000000
9403  10.339  -67.635  13.708 1.0000000000
9412  10.273  -68.289  12.720 1.0000000000
10112  3.380  -66.414  11.373 1.0000000000
10873  10.207  -66.466  12.090 1.0000000000
11657  2.309  -65.195  10.822 0.8999999762
11666  0.230  -64.478  10.062 0.8000000119
11654  9.907  -65.784  11.441 1.0000000000
12567  9.071  -64.790  8.854 1.0000000000
12581  8.243  -64.864  7.673 1.0000000000
12582  7.433  -64.604  7.190 1.0000000000
13462  5.136  -63.513  6.884 1.0000000000
11664  9.679  -65.273  10.689 1.0000000000
12555  9.325  -64.824  9.819 1.0000000000
12556  8.831  -64.144  9.362 1.0000000000
12598  5.230  -64.495  6.432 1.0000000000
13477  4.435  -64.064  6.591 1.0000000000
13479  2.646  -63.845  6.576 1.0000000000
13480  1.807  -63.797  6.597 1.0000000000
13465  2.309  -63.226  6.983 1.0000000000
13481  1.047  -63.749  6.724 1.0000000000
128104  -0.365  -64.011  6.356 1.0000000000
12629  -1.277  -64.050  6.079 1.0000000000
125865  -0.790  -63.580  6.717 1.0000000000
14289  -2.198  -62.801  4.980 1.0000000000
8683  5.596  -69.017  13.218 1.0000000000
9414  5.217  -68.586  12.520 1.0000000000
113192  4.666  -68.158  12.778 1.0000000000
108493  8.417  -69.588  13.777 1.0000000000
108230  7.570  -69.756  13.923 1.0000000000
8670  6.578  -69.650  14.041 1.0000000000
8671  5.872  -69.354  14.601 1.0000000000
9395  5.379  -68.902  14.096 1.0000000000
10087  4.412  -67.785  13.420 1.0000000000
10099  4.242  -67.492  12.424 1.0000000000
9394  9.017  -69.097  15.170 1.0000000000
8668  8.883  -69.396  14.392 1.0000000000
107229  8.139  -69.640  14.820 1.0000000000
10851  4.024  -67.039  13.235 1.0000000000
9392  10.188  -67.948  14.523 1.0000000000
9404  9.977  -68.582  13.680 1.0000000000
10864  3.611  -66.538  12.482 1.0000000000
10865  2.970  -65.848  12.019 1.0000000000
10875  2.792  -65.737  11.051 1.0000000000
12546  0.668  -64.468  10.884 0.8000000119
10086  10.296  -66.906  14.348 1.0000000000
10849  10.213  -66.505  13.588 1.0000000000
10874  9.379  -65.541  12.514 1.0000000000
12569  8.007  -63.974  7.870 1.0000000000
13461  7.141  -63.649  7.534 1.0000000000
12584  5.858  -63.992  6.735 1.0000000000
14253  4.711  -62.896  7.293 1.0000000000
13463  4.189  -63.324  6.975 1.0000000000
10863  9.800  -66.019  12.865 1.0000000000
12544  9.078  -64.671  10.982 1.0000000000
13450  7.621  -63.236  8.400 1.0000000000
111354  6.138  -63.315  7.261 1.0000000000
11655  9.047  -65.053  11.859 1.0000000000
12545  8.684  -64.054  10.645 1.0000000000
13442  8.337  -63.497  9.900 1.0000000000
14254  3.932  -62.625  7.534 1.0000000000
13464  3.243  -63.225  7.013 1.0000000000
117139  -1.389  -63.167  7.441 1.0000000000
13468  -0.131  -63.312  7.297 1.0000000000
14262  -2.535  -62.710  6.905 1.0000000000
8647  6.217  -69.282  16.240 1.0000000000
9369  5.548  -68.860  16.043 1.0000000000
9368  8.351  -68.668  16.496 1.0000000000
123184  7.732  -68.839  16.912 1.0000000000
8636  7.160  -69.185  17.002 1.0000000000
8657  6.705  -69.559  15.610 1.0000000000
8658  5.960  -69.309  15.446 1.0000000000
9381  5.308  -68.735  15.090 1.0000000000
9396  4.724  -68.133  14.343 1.0000000000
10839  4.122  -67.126  14.175 1.0000000000
10053  9.032  -67.918  16.675 1.0000000000
8644  8.280  -69.233  15.764 1.0000000000
10852  3.622  -66.401  13.587 1.0000000000
10041  9.348  -67.243  17.160 1.0000000000
9380  9.027  -68.498  15.946 1.0000000000
10827  10.223  -66.777  16.023 1.0000000000
10818  10.044  -66.800  16.890 1.0000000000
10062  9.568  -67.887  16.042 1.0000000000
10853  3.080  -65.898  13.037 1.0000000000
111497  10.198  -67.012  15.490 1.0000000000
107693  10.173  -67.302  15.087 1.0000000000
107850  2.481  -65.400  12.577 0.8999999762
11646  2.400  -65.298  11.605 0.8999999762
11658  1.646  -64.860  11.237 0.8999999762
11609  10.445  -66.530  15.220 1.0000000000
11647  1.733  -64.967  12.200 0.8999999762
118342  10.273  -66.028  13.939 1.0000000000
13449  8.315  -63.652  8.802 1.0000000000
14240  5.905  -62.568  7.970 1.0000000000
14241  4.921  -62.416  7.984 1.0000000000
10850  9.832  -65.485  13.409 1.0000000000
113109  7.934  -63.086  9.290 1.0000000000
14234  7.208  -62.611  9.251 1.0000000000
11645  9.143  -65.125  13.081 1.0000000000
12535  8.560  -64.361  11.705 1.0000000000
13435  8.037  -63.432  10.944 1.0000000000
13443  7.728  -62.932  10.205 1.0000000000
111928  5.654  -62.111  8.878 1.0000000000
107528  4.165  -62.174  8.278 1.0000000000
125487  2.829  -62.716  7.539 1.0000000000
14222  7.012  -62.497  10.486 1.0000000000
122058  1.744  -62.838  7.530 1.0000000000
13467  0.860  -63.252  7.236 1.0000000000
10044  5.473  -68.442  17.525 1.0000000000
10063  5.008  -68.186  15.837 1.0000000000
9358  6.787  -68.879  17.612 1.0000000000
10045  4.752  -67.745  17.442 1.0000000000
121600  4.573  -67.640  16.431 1.0000000000
10075  4.385  -67.567  14.890 1.0000000000
9356  8.215  -68.279  17.163 1.0000000000
9339  7.106  -68.452  18.174 1.0000000000
128531  5.815  -68.486  18.136 1.0000000000
9341  5.281  -68.084  18.330 1.0000000000
110617  4.182  -67.165  16.897 1.0000000000
10819  3.981  -66.781  16.137 1.0000000000
10828  4.026  -66.871  15.143 1.0000000000
10840  3.588  -66.340  14.563 1.0000000000
10806  8.988  -67.057  18.018 1.0000000000
10042  8.638  -67.633  17.502 1.0000000000
10010  6.995  -67.503  19.282 1.0000000000
10028  6.656  -68.140  18.845 1.0000000000
10829  3.530  -66.222  15.510 1.0000000000
11631  3.097  -65.934  13.996 1.0000000000
125408  2.579  -65.619  15.100 1.0000000000
11632  2.537  -65.498  13.511 1.0000000000
10826  10.624  -66.313  15.877 1.0000000000
112759  1.874  -65.068  13.163 0.8999999762
11618  10.433  -66.047  14.279 1.0000000000
12495  10.082  -65.204  13.580 1.0000000000
106600  10.185  -65.602  13.637 1.0000000000
12506  8.774  -64.408  13.043 1.0000000000
11630  8.731  -64.626  12.976 1.0000000000
12522  0.853  -64.705  12.871 0.8999999762
12520  8.444  -64.127  12.675 1.0000000000
13422  7.866  -63.415  11.742 1.0000000000
110604  8.536  -64.502  12.572 1.0000000000
12521  8.033  -64.171  12.042 1.0000000000
13436  7.466  -63.063  10.987 1.0000000000
117526  -1.304  -62.724  8.088 1.0000000000
14255  0.788  -62.802  7.799 1.0000000000
14243  2.334  -62.333  8.228 1.0000000000
108217  -2.329  -61.400  6.489 0.8999999762
14247  -1.830  -62.366  8.542 1.0000000000
14245  0.351  -62.447  8.406 1.0000000000
15067  -2.577  -61.825  7.859 1.0000000000
9328  5.903  -68.232  18.797 1.0000000000
10029  4.527  -67.407  18.609 1.0000000000
113148  3.837  -66.874  18.437 1.0000000000
126604  3.810  -66.610  16.879 1.0000000000
10820  3.499  -66.205  16.378 1.0000000000
120384  8.652  -66.116  19.061 1.0000000000
10772  7.901  -66.319  19.304 1.0000000000
10774  6.508  -66.956  19.657 1.0000000000
10013  4.709  -67.153  19.507 1.0000000000
10793  3.973  -66.824  19.312 1.0000000000
10808  3.478  -66.471  17.463 1.0000000000
121697  9.965  -65.747  18.273 1.0000000000
10790  9.228  -66.372  18.528 1.0000000000
11598  2.944  -65.878  16.812 1.0000000000
126302  3.013  -65.778  15.791 1.0000000000
11597  11.218  -65.792  16.251 1.0000000000
10817  10.581  -66.270  16.612 1.0000000000
12486  1.470  -64.409  15.328 1.0000000000
107112  2.542  -65.594  14.388 1.0000000000
121202  11.794  -65.219  16.252 1.0000000000
11608  10.869  -66.023  15.193 1.0000000000
11633  1.919  -65.184  14.055 0.8999999762
11607  11.731  -65.465  15.573 1.0000000000
106459  10.574  -65.679  14.245 1.0000000000
12505  9.302  -64.658  13.300 1.0000000000
120094  1.274  -64.800  13.835 0.8999999762
11617  12.291  -65.109  14.924 1.0000000000
106275  11.502  -65.546  14.722 1.0000000000
13408  8.022  -63.473  12.000 1.0000000000
12496  0.735  -64.358  14.369 0.8999999762
14235  6.393  -62.159  9.725 1.0000000000
14237  4.736  -61.968  9.027 1.0000000000
14242  3.350  -62.215  8.213 1.0000000000
15053  1.832  -62.030  8.959 1.0000000000
15056  -1.363  -62.037  9.162 1.0000000000
14246  -0.768  -62.435  8.538 1.0000000000
15054  0.892  -62.126  8.988 1.0000000000
15058  -2.440  -61.593  8.451 1.0000000000
15044  -0.686  -61.655  9.735 1.0000000000
120473  1.331  -61.743  9.497 1.0000000000
106880  -2.161  -59.785  8.377 0.8999999762
107732  -2.306  -58.281  9.472 0.8000000119
122419  7.499  -65.629  19.417 1.0000000000
116942  7.040  -66.208  19.583 1.0000000000
10775  5.471  -66.973  19.802 1.0000000000
10777  3.455  -66.291  19.766 1.0000000000
10794  3.157  -66.431  18.862 1.0000000000
11588  2.397  -65.752  17.655 1.0000000000
12449  9.487  -64.685  18.636 1.0000000000
11580  9.081  -65.544  18.901 1.0000000000
11567  6.796  -65.457  19.563 1.0000000000
112576  4.792  -65.592  20.055 1.0000000000
12436  4.239  -64.931  19.891 1.0000000000
11569  3.097  -65.634  19.893 1.0000000000
10795  2.284  -65.725  18.777 1.0000000000
11589  1.708  -65.186  17.793 1.0000000000
11599  2.425  -65.384  16.212 1.0000000000
11610  2.162  -65.314  15.525 1.0000000000
11596  11.506  -65.257  16.755 1.0000000000
114373  11.011  -65.652  17.049 1.0000000000
12438  1.922  -64.602  19.440 1.0000000000
11581  1.573  -65.045  18.765 1.0000000000
13371  12.789  -64.220  15.098 1.0000000000
12485  12.233  -64.826  15.795 1.0000000000
12464  1.138  -64.338  17.151 1.0000000000
12474  1.803  -64.887  15.867 1.0000000000
114061  1.062  -63.277  15.445 1.0000000000
11621  1.396  -64.599  14.631 0.8999999762
12487  0.785  -63.782  15.029 0.8999999762
106269  12.739  -64.685  14.195 1.0000000000
121049  12.114  -65.198  14.102 1.0000000000
106422  11.243  -65.317  14.007 1.0000000000
106277  10.187  -65.025  13.668 1.0000000000
13394  9.635  -64.441  13.363 1.0000000000
13396  8.555  -63.993  12.832 1.0000000000
106272  11.932  -65.013  13.474 1.0000000000
12519  10.587  -64.468  13.236 1.0000000000
13405  10.037  -63.895  12.881 1.0000000000
13395  9.021  -63.988  13.201 1.0000000000
13407  8.253  -63.525  12.256 1.0000000000
13404  11.159  -64.034  12.539 1.0000000000
117569  7.375  -62.713  11.691 1.0000000000
14223  6.314  -62.162  10.886 1.0000000000
14236  5.505  -61.847  10.184 1.0000000000
15039  4.363  -61.731  10.155 1.0000000000
15040  3.568  -61.702  9.736 1.0000000000
15042  2.129  -61.557  9.741 1.0000000000
15026  -2.211  -60.702  9.951 1.0000000000
15878  -2.417  -60.932  8.996 1.0000000000
15045  -1.803  -61.466  9.788 1.0000000000
15043  0.453  -61.695  9.633 1.0000000000
15871  -2.250  -59.564  9.257 0.8999999762
121857  9.395  -63.839  18.446 1.0000000000
12450  7.834  -64.045  18.941 1.0000000000
13331  7.255  -63.360  18.857 1.0000000000
12434  6.088  -64.324  19.334 1.0000000000
12435  5.178  -64.625  19.609 1.0000000000
14163  11.471  -62.607  16.832 1.0000000000
14142  11.220  -63.262  17.282 1.0000000000
13328  10.085  -64.103  18.227 1.0000000000
118005  8.710  -63.961  18.721 1.0000000000
12432  8.487  -64.743  19.002 1.0000000000
110912  7.502  -64.864  19.268 1.0000000000
114162  5.872  -65.300  19.756 1.0000000000
128997  3.495  -65.153  19.962 1.0000000000
12437  2.817  -64.777  19.724 1.0000000000
13361  11.787  -63.546  16.782 1.0000000000
13346  11.328  -64.079  17.328 1.0000000000
12463  10.744  -64.498  17.776 1.0000000000
12439  1.274  -64.516  19.162 1.0000000000
12451  0.910  -64.422  18.447 1.0000000000
13384  13.229  -63.956  14.159 1.0000000000
12465  0.585  -63.612  17.726 1.0000000000
12476  1.023  -63.247  16.313 1.0000000000
13385  0.042  -63.514  14.579 0.8999999762
119763  13.168  -64.400  13.445 1.0000000000
106534  12.568  -64.792  13.461 1.0000000000
122370  11.651  -64.620  12.985 1.0000000000
13406  8.879  -63.142  12.732 1.0000000000
111607  7.663  -62.809  11.855 1.0000000000
127612  12.999  -64.590  12.910 1.0000000000
12518  12.198  -64.338  12.284 1.0000000000
13421  10.656  -63.358  12.070 1.0000000000
14195  9.535  -63.129  12.460 1.0000000000
14197  8.253  -62.677  12.058 1.0000000000
14196  8.953  -62.685  12.261 1.0000000000
108518  7.453  -61.949  12.125 1.0000000000
111598  6.806  -62.454  11.413 1.0000000000
115561  6.676  -62.260  11.890 1.0000000000
14224  5.834  -61.921  11.399 1.0000000000
15019  5.114  -61.621  11.451 1.0000000000
15021  3.455  -61.292  11.306 1.0000000000
15022  2.357  -61.192  10.730 1.0000000000
15848  1.120  -61.101  12.047 1.0000000000
15007  1.611  -61.092  11.411 1.0000000000
15025  -1.875  -61.071  10.686 1.0000000000
15009  -1.021  -61.152  11.191 1.0000000000
15008  0.405  -61.105  11.351 1.0000000000
16794  -2.243  -59.361  10.135 0.8999999762
15859  -2.108  -60.347  11.041 0.8999999762
15850  -1.457  -60.835  11.776 1.0000000000
17745  -2.184  -58.005  10.140 0.8000000119
16776  -2.192  -59.583  11.711 0.8000000119
17732  -2.069  -58.437  11.314 0.6999999881
13348  9.711  -63.265  18.084 1.0000000000
14128  9.071  -62.809  18.050 1.0000000000
13329  8.890  -63.317  18.362 1.0000000000
13315  6.347  -63.484  18.984 1.0000000000
13316  5.430  -63.710  19.154 1.0000000000
14143  10.584  -62.602  17.327 1.0000000000
13332  5.630  -62.784  18.697 1.0000000000
13333  4.718  -63.115  19.005 1.0000000000
13317  4.537  -64.022  19.399 1.0000000000
13334  3.846  -63.492  19.309 1.0000000000
14112  2.921  -63.072  19.222 1.0000000000
111621  12.810  -63.118  15.580 1.0000000000
13360  12.382  -63.901  16.094 1.0000000000
13319  2.168  -63.943  19.528 1.0000000000
12440  0.727  -63.947  19.088 1.0000000000
13362  0.585  -62.415  15.487 1.0000000000
13372  0.393  -62.701  14.970 0.8999999762
13373  -0.402  -62.571  14.675 0.8000000119
106274  13.573  -64.155  12.659 1.0000000000
106503  12.975  -64.423  12.308 1.0000000000
13420  11.720  -63.731  11.691 1.0000000000
14207  9.421  -62.374  11.758 1.0000000000
14989  8.727  -62.139  11.781 1.0000000000
14990  8.009  -61.836  11.810 1.0000000000
125328  7.427  -61.529  11.985 1.0000000000
14991  6.741  -61.649  12.210 1.0000000000
116481  6.395  -60.952  12.487 1.0000000000
15835  4.914  -61.171  13.072 1.0000000000
15836  4.546  -61.068  13.210 1.0000000000
15837  3.956  -60.824  13.388 1.0000000000
15826  3.564  -60.524  13.582 1.0000000000
15828  2.127  -60.146  13.701 1.0000000000
14199  6.290  -62.009  12.213 1.0000000000
14200  5.804  -61.730  12.361 1.0000000000
15003  5.384  -61.524  12.503 1.0000000000
14994  4.957  -61.275  12.851 1.0000000000
15005  3.578  -61.030  12.428 1.0000000000
122534  3.612  -60.792  13.088 1.0000000000
14208  6.195  -62.152  11.838 1.0000000000
15020  4.220  -61.520  11.167 1.0000000000
14996  2.776  -60.850  12.747 1.0000000000
15839  1.953  -60.637  13.103 1.0000000000
123432  1.554  -60.262  13.444 1.0000000000
123186  0.477  -60.869  12.259 1.0000000000
15840  -0.244  -60.372  12.565 0.8999999762
16765  -2.149  -59.549  12.332 0.8000000119
17720  -2.258  -58.729  12.269 0.6999999881
18643  -2.339  -57.834  13.463 0.6999999881
18642  -2.363  -57.148  13.200 0.6999999881
14144  9.617  -62.474  17.639 1.0000000000
14129  8.385  -62.767  18.238 1.0000000000
14130  7.566  -62.715  18.458 1.0000000000
111190  6.669  -62.723  18.625 1.0000000000
14977  12.512  -61.132  15.835 1.0000000000
14959  11.849  -61.707  16.307 1.0000000000
14145  8.739  -62.274  17.815 1.0000000000
122344  6.097  -62.166  18.214 1.0000000000
14133  3.970  -62.578  18.889 1.0000000000
116608  13.706  -61.812  15.124 1.0000000000
14179  13.234  -62.372  15.260 1.0000000000
14180  12.680  -62.073  15.861 1.0000000000
14132  4.753  -62.296  18.518 1.0000000000
121459  3.298  -62.164  18.769 1.0000000000
14113  1.596  -63.119  19.391 1.0000000000
14114  0.789  -63.054  19.293 1.0000000000
14188  13.753  -62.482  14.656 1.0000000000
13370  13.289  -63.258  14.791 1.0000000000
13335  0.310  -62.956  18.114 1.0000000000
13349  0.456  -62.507  16.790 1.0000000000
128040  14.131  -62.543  14.104 1.0000000000
14192  13.713  -63.169  14.068 1.0000000000
14181  0.011  -61.915  14.959 0.8000000119
128436  -0.660  -62.079  14.839 0.8000000119
106487  14.190  -62.994  13.491 1.0000000000
121076  14.192  -63.426  12.785 1.0000000000
121421  14.142  -63.677  12.111 1.0000000000
106273  13.535  -64.089  11.854 1.0000000000
15002  8.479  -61.418  11.457 1.0000000000
12534  12.812  -64.079  11.500 1.0000000000
14205  11.209  -63.001  11.124 1.0000000000
14206  10.274  -62.613  11.572 1.0000000000
15001  9.163  -61.735  11.225 1.0000000000
15833  7.826  -61.147  11.725 1.0000000000
15017  9.945  -62.032  10.942 1.0000000000
15834  7.178  -60.994  12.095 1.0000000000
108374  5.518  -60.897  12.841 1.0000000000
16753  4.729  -60.743  13.342 1.0000000000
15825  4.154  -60.839  13.493 1.0000000000
16738  3.209  -59.729  13.817 1.0000000000
16739  2.472  -59.737  13.933 1.0000000000
16740  1.755  -59.421  14.030 1.0000000000
16755  1.099  -59.792  13.756 1.0000000000
124735  0.948  -59.064  14.036 1.0000000000
16743  -1.661  -59.352  13.086 0.8000000119
16742  -0.878  -59.206  13.398 0.6999999881
16741  0.135  -59.092  13.809 1.0000000000
18628  -1.900  -57.601  14.073 0.8000000119
19527  -1.781  -56.256  12.513 0.6999999881
19519  -2.202  -56.153  13.776 0.8000000119
120429  7.560  -61.717  17.580 1.0000000000
127900  7.010  -62.061  18.052 1.0000000000
14961  10.270  -61.034  16.607 1.0000000000
14942  8.268  -61.714  17.464 1.0000000000
14146  7.928  -62.199  17.970 1.0000000000
14131  5.388  -62.092  18.278 1.0000000000
14928  4.026  -61.737  18.304 1.0000000000
15819  14.469  -60.822  14.980 1.0000000000
14982  13.883  -61.070  15.310 1.0000000000
14976  13.190  -61.486  15.511 1.0000000000
14134  2.268  -62.269  18.968 1.0000000000
14187  14.371  -61.719  14.588 1.0000000000
14115  0.521  -62.456  18.784 1.0000000000
14931  0.023  -61.307  17.820 0.8999999762
14136  0.224  -62.257  18.202 0.8999999762
14137  -0.115  -61.237  17.138 0.8999999762
14166  -0.776  -61.574  15.320 0.8000000119
14965  -1.728  -61.173  15.770 0.6999999881
14191  14.623  -62.301  13.751 1.0000000000
14165  0.056  -61.724  15.639 0.8999999762
106263  14.764  -62.676  12.953 1.0000000000
106248  14.668  -63.053  12.230 1.0000000000
13419  13.983  -63.568  11.398 1.0000000000
128596  13.418  -63.878  11.353 1.0000000000
13433  14.128  -63.161  10.730 1.0000000000
13434  13.314  -63.557  10.824 1.0000000000
14204  12.286  -63.419  10.866 1.0000000000
15846  8.235  -60.738  11.228 1.0000000000
14220  11.929  -62.443  10.359 1.0000000000
14221  10.879  -62.101  10.798 1.0000000000
15845  8.912  -61.055  10.863 1.0000000000
16763  7.250  -59.793  11.322 1.0000000000
16751  6.851  -60.326  11.971 1.0000000000
16764  6.565  -59.489  11.776 1.0000000000
17705  5.918  -59.190  12.287 1.0000000000
17706  5.272  -58.885  12.787 1.0000000000
17707  4.529  -58.545  13.064 1.0000000000
17693  3.254  -58.798  13.802 1.0000000000
17694  2.428  -58.886  14.013 1.0000000000
16752  6.178  -60.138  12.503 1.0000000000
112469  5.413  -59.935  12.951 1.0000000000
16754  4.672  -59.641  13.378 1.0000000000
16737  4.044  -60.238  13.671 1.0000000000
17692  3.921  -59.209  13.615 1.0000000000
17696  0.191  -58.209  14.080 1.0000000000
17697  -0.851  -58.344  13.846 0.8999999762
18629  -2.295  -56.896  14.010 0.8000000119
19503  -1.921  -56.024  14.129 0.8000000119
113645  -1.888  -55.474  13.283 0.6999999881
15808  12.399  -60.248  15.736 1.0000000000
14978  11.786  -60.711  16.042 1.0000000000
15796  10.541  -60.374  16.179 1.0000000000
14962  9.398  -61.102  16.761 1.0000000000
15799  7.983  -60.656  16.567 1.0000000000
15785  6.399  -60.668  16.947 1.0000000000
14945  5.185  -61.080  17.583 0.8999999762
14927  4.876  -61.627  18.076 1.0000000000
15824  14.996  -60.983  14.469 1.0000000000
15820  14.018  -60.124  15.291 1.0000000000
15807  13.197  -60.618  15.556 1.0000000000
15788  3.979  -60.479  17.659 0.8999999762
14929  1.705  -61.502  18.619 0.8999999762
14135  1.122  -62.377  19.084 0.8999999762
14985  15.509  -60.990  13.802 1.0000000000
14986  15.063  -61.653  13.882 1.0000000000
15772  2.141  -60.628  18.148 0.8999999762
14930  0.702  -61.597  18.509 0.8999999762
14149  -0.649  -61.063  15.957 0.8000000119
14948  -1.791  -60.460  15.950 0.6000000238
14949  -2.354  -61.146  16.578 0.5000000000
15832  15.597  -61.632  13.188 1.0000000000
14988  15.099  -62.116  13.350 1.0000000000
14138  -2.194  -62.089  17.781 0.3000000119
110942  15.723  -61.984  12.479 1.0000000000
106264  15.204  -62.480  12.327 1.0000000000
121080  15.573  -62.390  11.944 1.0000000000
106255  14.966  -62.762  11.568 1.0000000000
121204  14.497  -63.092  11.236 1.0000000000
106270  14.727  -62.833  10.767 1.0000000000
14219  13.595  -62.934  10.168 1.0000000000
119041  12.800  -63.065  10.282 1.0000000000
14233  12.944  -62.398  9.794 1.0000000000
15015  12.290  -61.645  9.704 1.0000000000
15016  11.387  -61.556  10.123 1.0000000000
15855  10.272  -60.818  10.030 1.0000000000
15856  9.441  -60.622  10.280 1.0000000000
16762  7.916  -60.100  10.925 1.0000000000
17714  6.331  -58.554  11.577 1.0000000000
17715  5.676  -58.266  12.045 1.0000000000
18649  4.903  -57.255  12.205 1.0000000000
18638  5.062  -57.962  12.453 1.0000000000
17708  3.749  -58.194  13.320 1.0000000000
18624  2.949  -57.963  13.705 1.0000000000
113398  1.937  -57.746  13.858 1.0000000000
16770  9.182  -59.917  9.985 1.0000000000
15857  8.652  -60.370  10.596 1.0000000000
16772  7.628  -59.359  10.659 1.0000000000
17713  6.932  -58.963  11.051 1.0000000000
18647  6.076  -57.627  11.486 1.0000000000
114400  5.111  -56.711  11.853 1.0000000000
17724  8.102  -58.911  10.033 1.0000000000
17725  7.428  -58.516  10.453 1.0000000000
21129  0.266  -53.889  13.200 0.8000000119
20308  0.653  -55.531  13.658 0.8000000119
18625  1.472  -56.567  13.629 1.0000000000
17695  1.334  -58.508  14.052 1.0000000000
21130  -0.786  -53.686  13.225 0.6999999881
20309  -0.643  -55.082  14.097 0.8000000119
18626  0.610  -57.373  14.041 1.0000000000
21112  -0.595  -54.284  13.661 0.8000000119
126767  -0.158  -57.488  14.227 0.8999999762
19502  -1.134  -55.953  14.369 0.8000000119
20327  -1.779  -55.337  13.716 0.6999999881
112772  -1.317  -55.352  12.268 0.5000000000
16719  13.105  -59.667  15.460 1.0000000000
16720  12.181  -59.329  15.511 1.0000000000
118140  10.345  -59.353  15.538 1.0000000000
15811  10.021  -59.831  15.894 1.0000000000
16709  9.133  -59.896  15.884 1.0000000000
110309  8.157  -59.908  16.056 1.0000000000
15784  7.198  -60.718  16.805 1.0000000000
14944  5.984  -61.181  17.404 1.0000000000
15740  -0.412  -60.291  21.175 0.1000000015
15741  -1.038  -59.854  20.888 0.1000000015
16732  14.538  -59.473  14.973 1.0000000000
15800  6.802  -60.096  16.585 0.8999999762
15786  5.565  -60.545  17.125 0.8999999762
15787  4.694  -60.411  17.364 0.8999999762
16654  -1.204  -58.971  20.429 0.2000000030
16655  -1.492  -59.118  20.250 0.2000000030
15823  16.015  -60.369  13.707 1.0000000000
15818  15.406  -60.341  14.346 1.0000000000
15773  1.098  -60.761  18.223 0.8999999762
15774  0.259  -60.693  17.851 0.8999999762
15775  -0.586  -60.218  16.675 0.8000000119
116786  -1.512  -60.035  16.080 0.6999999881
126701  -2.274  -60.445  16.437 0.4000000060
14933  -2.301  -60.492  17.105 0.4000000060
118460  -2.160  -61.310  18.023 0.3000000119
127737  -1.833  -61.415  19.057 0.3000000119
125132  16.056  -61.007  13.251 1.0000000000
14932  -0.800  -60.609  16.333 0.8999999762
121072  16.886  -62.207  11.916 1.0000000000
106480  16.243  -62.135  12.051 1.0000000000
106249  16.899  -64.589  11.885 1.0000000000
127283  15.471  -62.685  11.482 1.0000000000
106492  14.957  -62.752  10.922 1.0000000000
14218  14.364  -62.678  10.137 1.0000000000
14232  13.878  -62.290  9.648 1.0000000000
15036  14.292  -61.634  9.264 1.0000000000
15037  13.296  -61.524  9.344 1.0000000000
15038  11.811  -60.983  9.566 1.0000000000
15869  11.050  -60.885  9.859 1.0000000000
18639  4.327  -57.495  12.733 1.0000000000
18640  3.485  -57.296  13.192 1.0000000000
18641  2.640  -57.054  13.463 1.0000000000
15868  12.622  -60.956  9.275 1.0000000000
114160  11.544  -60.351  9.381 1.0000000000
15870  10.825  -60.222  9.590 1.0000000000
20330  5.188  -56.025  11.346 1.0000000000
20331  4.388  -55.577  11.636 1.0000000000
19523  4.510  -56.707  12.270 1.0000000000
19516  3.835  -56.683  12.718 0.8999999762
19517  2.524  -56.216  13.183 0.8999999762
16786  11.390  -59.636  9.190 1.0000000000
16788  9.817  -59.326  9.538 1.0000000000
17723  8.909  -59.178  9.705 1.0000000000
124527  7.342  -57.778  10.228 1.0000000000
17726  6.780  -57.917  10.867 1.0000000000
19530  5.942  -56.253  10.884 1.0000000000
20340  5.479  -55.525  10.550 1.0000000000
21128  1.630  -54.326  12.593 0.8999999762
20326  1.180  -54.897  13.194 0.8000000119
17738  9.612  -58.532  9.358 1.0000000000
18657  7.910  -58.111  9.821 1.0000000000
17681  13.621  -57.969  14.497 1.0000000000
122006  12.843  -58.554  15.076 1.0000000000
16733  11.965  -58.541  15.192 1.0000000000
118785  10.707  -58.251  15.051 1.0000000000
17670  10.180  -58.786  15.226 1.0000000000
16722  9.614  -59.300  15.478 1.0000000000
16710  7.262  -59.630  16.160 1.0000000000
16653  -0.431  -59.354  20.632 0.1000000015
17680  14.996  -58.974  14.721 1.0000000000
115485  13.778  -59.053  15.114 1.0000000000
16712  5.742  -59.142  16.645 0.8999999762
16701  5.195  -59.787  16.948 0.8999999762
125908  4.158  -60.084  17.396 0.8999999762
15771  3.151  -60.493  17.892 0.8999999762
107440  -1.870  -58.856  18.681 0.2000000030
15756  -1.737  -59.699  19.660 0.3000000119
15822  16.650  -60.475  12.756 1.0000000000
16731  15.730  -59.558  14.308 1.0000000000
116029  0.625  -60.158  17.724 0.8999999762
15791  -0.171  -59.852  16.882 0.6999999881
15792  -1.583  -59.567  16.355 0.6000000238
15793  -2.082  -59.823  16.552 0.5000000000
110990  -2.140  -58.976  17.187 0.3000000119
15776  -2.054  -59.751  17.927 0.3000000119
106250  17.879  -62.064  12.046 1.0000000000
16705  -0.991  -59.004  16.543 0.6999999881
106589  17.199  -65.405  11.003 1.0000000000
106256  15.063  -63.618  10.698 1.0000000000
106495  15.200  -63.260  8.862 1.0000000000
106271  15.014  -62.628  9.953 1.0000000000
15013  15.194  -61.909  9.664 1.0000000000
15867  13.865  -60.827  8.928 1.0000000000
128342  12.214  -60.480  9.193 1.0000000000
21140  4.946  -54.671  10.040 0.8999999762
21141  4.201  -54.279  10.427 0.8000000119
21134  3.941  -54.794  11.255 0.8999999762
20332  3.487  -55.243  12.092 0.8999999762
20324  3.287  -56.033  12.677 0.8999999762
19518  1.720  -55.720  13.284 0.8999999762
18668  7.680  -57.351  9.657 1.0000000000
19537  7.446  -56.591  9.466 1.0000000000
20339  6.180  -55.840  10.195 1.0000000000
22658  1.639  -51.391  11.328 0.6000000238
21923  2.701  -53.510  11.214 0.6999999881
21136  2.193  -53.871  11.944 0.6999999881
20325  2.408  -55.328  12.741 0.8000000119
17737  10.461  -58.682  9.216 1.0000000000
18667  8.497  -57.558  9.344 1.0000000000
17682  12.884  -57.691  14.370 0.8999999762
17683  12.236  -57.863  14.677 1.0000000000
107398  10.827  -57.457  14.547 1.0000000000
17671  9.386  -58.629  15.109 1.0000000000
16723  8.672  -59.143  15.460 1.0000000000
16724  7.756  -59.110  15.718 1.0000000000
16711  6.509  -59.408  16.381 0.8999999762
16675  -1.480  -58.382  19.509 0.2000000030
17689  16.199  -58.958  14.085 1.0000000000
17691  14.554  -57.909  14.368 0.8999999762
17685  9.990  -58.072  14.853 1.0000000000
17673  7.430  -58.483  15.563 0.8999999762
17658  5.534  -58.315  16.446 0.8999999762
16713  4.793  -58.866  16.777 0.8999999762
15789  2.386  -59.792  17.619 0.8999999762
106440  17.500  -60.265  12.187 0.8999999762
16750  17.180  -59.591  12.932 0.8999999762
16736  16.472  -59.684  13.595 1.0000000000
16692  -2.073  -58.159  17.495 0.4000000060
122310  17.834  -60.933  11.919 0.8999999762
16706  -1.997  -58.772  16.839 0.5000000000
106523  18.413  -62.649  11.832 0.8999999762
117277  17.445  -63.454  12.072 1.0000000000
106546  17.943  -64.272  11.310 0.8999999762
122166  17.516  -65.663  9.060 1.0000000000
106483  15.830  -65.148  9.984 1.0000000000
106470  15.556  -61.721  9.507 1.0000000000
15865  15.630  -61.124  9.245 1.0000000000
15866  14.834  -61.073  8.937 1.0000000000
15877  13.871  -60.035  8.735 1.0000000000
16784  13.022  -60.235  8.875 1.0000000000
18665  10.252  -57.893  9.033 1.0000000000
18666  9.382  -57.740  9.163 1.0000000000
19536  8.203  -56.874  9.095 1.0000000000
19564  7.928  -56.193  8.834 1.0000000000
20352  6.518  -55.431  9.441 1.0000000000
21152  5.227  -54.035  9.208 1.0000000000
21939  3.218  -52.271  10.799 0.6999999881
18621  13.846  -57.214  13.731 0.8999999762
18609  12.502  -57.160  13.945 0.8999999762
18610  11.780  -57.289  14.301 1.0000000000
117878  16.146  -57.968  13.957 0.8999999762
113952  15.218  -57.567  14.054 0.8999999762
18620  14.465  -56.828  13.416 0.8000000119
18612  9.191  -57.899  14.776 1.0000000000
114289  8.394  -57.816  14.890 1.0000000000
17672  8.054  -58.479  15.254 1.0000000000
17674  6.853  -58.141  15.817 0.8999999762
18589  6.106  -57.816  16.112 0.8999999762
17646  3.995  -59.033  17.039 0.8999999762
17647  3.337  -58.802  16.897 0.8999999762
17704  16.820  -58.888  13.581 0.8999999762
119687  18.555  -60.262  11.981 0.8999999762
106253  19.287  -61.703  11.699 0.8999999762
106261  17.961  -65.131  9.549 0.8999999762
106475  16.670  -64.709  7.679 0.8999999762
115563  17.941  -64.912  8.035 0.8999999762
106259  16.621  -63.026  8.164 1.0000000000
106268  16.168  -61.601  9.320 1.0000000000
106265  17.139  -61.066  9.291 1.0000000000
15864  16.555  -60.688  9.506 1.0000000000
15875  15.306  -60.529  8.819 1.0000000000
16783  16.039  -60.272  8.887 1.0000000000
16805  14.350  -59.512  8.685 1.0000000000
16806  13.593  -59.427  8.725 1.0000000000
124300  14.063  -58.887  8.671 1.0000000000
17756  12.646  -58.386  8.809 1.0000000000
16808  11.999  -59.023  8.913 1.0000000000
17736  11.232  -58.842  9.044 1.0000000000
18694  9.096  -57.011  8.946 1.0000000000
20351  7.209  -55.835  9.137 1.0000000000
21151  6.050  -54.476  8.834 1.0000000000
21937  4.897  -52.880  9.469 0.8000000119
24256  3.439  -49.821  10.965 0.6000000238
17757  11.854  -58.161  8.851 1.0000000000
18692  10.811  -57.258  8.721 1.0000000000
18693  10.007  -57.152  8.828 1.0000000000
19562  9.669  -56.407  8.597 1.0000000000
20373  8.474  -55.752  8.421 1.0000000000
20374  7.712  -55.402  8.506 1.0000000000
21166  7.482  -54.328  8.024 1.0000000000
24272  2.865  -49.727  10.340 0.6000000238
18691  11.629  -57.312  8.665 1.0000000000
112938  10.486  -56.694  8.578 1.0000000000
126833  9.130  -55.926  8.427 1.0000000000
21165  8.320  -54.972  8.012 1.0000000000
18622  12.697  -56.610  13.124 0.6999999881
123990  12.147  -56.674  13.490 0.6000000238
18623  11.414  -56.655  13.919 0.6000000238
18611  10.523  -56.514  14.168 0.6999999881
19486  9.579  -56.300  14.321 0.8000000119
16749  17.899  -59.383  12.166 0.8999999762
17688  17.058  -58.041  13.420 0.8000000119
19487  8.795  -56.099  14.416 0.6999999881
125280  19.463  -59.970  12.060 0.8999999762
15830  20.135  -60.176  11.880 0.8999999762
15831  19.428  -60.743  11.888 0.8999999762
15844  20.373  -60.828  11.320 0.8999999762
106636  19.876  -61.683  11.295 0.8999999762
106258  20.088  -62.101  9.676 0.8999999762
106535  18.804  -64.006  8.730 0.8999999762
106266  18.787  -61.831  8.243 0.8999999762
16782  17.304  -60.024  9.577 0.8999999762
119645  16.824  -59.962  9.536 1.0000000000
16804  15.207  -59.768  8.709 1.0000000000
110051  14.896  -58.815  8.612 1.0000000000
17755  13.410  -58.654  8.739 1.0000000000
21167  6.511  -53.905  8.302 1.0000000000
21168  5.752  -53.520  8.801 0.8999999762
21952  5.622  -52.712  9.256 0.8999999762
22671  3.990  -51.196  11.265 0.6999999881
18690  12.586  -57.433  8.650 1.0000000000
21950  7.159  -53.172  8.299 1.0000000000
21951  6.274  -53.026  8.663 0.8999999762
19559  12.168  -56.610  8.441 1.0000000000
19560  11.251  -56.530  8.415 1.0000000000
20387  9.045  -55.344  8.079 1.0000000000
21967  7.914  -53.512  8.002 1.0000000000
19561  10.505  -56.101  8.310 1.0000000000
20386  9.741  -54.953  7.823 1.0000000000
120723  14.077  -56.028  12.321 0.6000000238
19496  13.670  -56.448  12.812 0.6999999881
18637  17.791  -57.938  12.840 0.8999999762
18619  15.382  -56.887  13.478 0.8000000119
19498  12.472  -56.051  12.500 0.6000000238
111213  11.806  -56.173  13.115 0.6000000238
19499  11.087  -55.873  13.475 0.6000000238
17701  19.348  -58.561  12.182 0.8999999762
17702  18.291  -58.561  12.275 0.8999999762
16747  19.859  -59.356  12.170 0.8999999762
16746  20.559  -59.290  11.961 0.8999999762
15854  20.749  -60.615  10.462 0.8999999762
107191  20.406  -61.338  9.456 0.8999999762
106783  19.588  -62.409  8.711 0.8999999762
107267  19.349  -60.856  8.398 0.8999999762
16781  18.468  -60.717  8.525 0.8999999762
16802  18.132  -59.231  9.238 0.8999999762
16803  17.083  -59.191  9.048 0.8999999762
106647  16.096  -59.274  8.751 1.0000000000
120251  17.421  -58.480  8.977 0.8999999762
17754  15.645  -58.348  8.568 1.0000000000
125463  14.070  -58.042  8.618 1.0000000000
22679  6.179  -52.288  9.752 0.8999999762
23438  5.737  -50.535  11.385 0.8000000119
24255  4.081  -49.894  11.197 0.6000000238
107567  14.949  -57.811  8.488 1.0000000000
18689  13.543  -57.269  8.551 1.0000000000
21949  8.092  -52.828  8.510 1.0000000000
118846  6.877  -52.061  10.205 0.8999999762
19558  13.047  -56.593  8.429 1.0000000000
19579  11.878  -55.891  8.149 1.0000000000
21191  9.031  -54.516  7.763 1.0000000000
21966  8.625  -53.216  7.965 1.0000000000
22678  7.466  -52.476  9.191 1.0000000000
22668  7.685  -51.848  10.474 1.0000000000
117681  9.027  -53.770  7.693 1.0000000000
22693  9.460  -53.069  7.862 1.0000000000
19513  13.637  -55.554  11.772 0.5000000000
18636  18.699  -57.711  12.371 0.8000000119
19509  17.645  -56.242  13.062 0.6000000238
19493  16.510  -56.158  13.101 0.6000000238
19494  15.525  -56.044  12.908 0.6999999881
20304  11.813  -55.439  12.730 0.6000000238
17700  20.295  -58.626  12.279 0.8999999762
20305  10.708  -54.793  13.239 0.6000000238
111613  21.523  -59.291  11.168 0.8999999762
16768  21.316  -59.830  10.339 0.8999999762
15853  20.756  -60.246  9.382 0.8999999762
106544  20.070  -61.053  8.660 0.8999999762
16800  19.944  -60.033  8.494 0.8999999762
16801  19.218  -59.739  8.570 0.8999999762
24285  5.214  -49.743  9.889 0.6000000238
17751  18.983  -58.677  8.862 0.8999999762
17752  18.169  -58.204  9.073 1.0000000000
17753  16.566  -58.260  8.671 1.0000000000
122952  6.535  -50.268  11.443 0.8999999762
121024  4.555  -49.530  10.511 0.6000000238
23452  4.596  -50.273  9.050 0.5000000000
18687  15.717  -57.506  8.500 1.0000000000
125216  15.077  -57.092  8.438 1.0000000000
22667  9.148  -51.838  10.261 1.0000000000
108093  14.737  -56.476  8.359 1.0000000000
18688  14.377  -57.189  8.474 1.0000000000
19577  13.464  -55.865  8.156 1.0000000000
109638  8.412  -52.297  9.510 1.0000000000
116922  11.159  -55.747  8.056 1.0000000000
109578  10.510  -54.669  7.621 1.0000000000
21190  9.811  -53.994  7.604 1.0000000000
21965  10.383  -53.033  7.692 1.0000000000
22677  9.092  -52.553  8.626 1.0000000000
119463  18.715  -56.778  12.623 0.8000000119
19510  15.687  -55.185  12.233 0.5000000000
113884  14.426  -54.870  10.968 0.3000000119
18634  20.832  -57.971  12.497 0.8999999762
127360  19.237  -57.288  12.299 0.6999999881
17712  21.501  -58.649  11.717 0.8999999762
18633  21.419  -57.972  12.211 0.8000000119
114918  21.817  -58.687  11.060 0.8999999762
18656  22.108  -58.185  10.339 0.8999999762
17722  21.690  -59.045  10.279 0.8999999762
108153  20.560  -59.392  8.696 0.8999999762
17750  19.893  -59.097  8.557 0.8999999762
24284  5.944  -49.867  9.928 0.6000000238
18685  18.245  -57.429  8.803 1.0000000000
107833  17.386  -57.697  8.680 1.0000000000
23435  8.906  -50.777  11.230 1.0000000000
23422  8.452  -49.527  11.397 1.0000000000
23424  6.019  -49.867  11.081 0.8999999762
24270  5.492  -49.564  10.757 0.6000000238
18686  16.537  -57.148  8.449 1.0000000000
117051  15.652  -56.533  8.392 1.0000000000
21188  12.100  -54.592  7.412 1.0000000000
115602  11.756  -53.617  7.286 1.0000000000
120073  11.175  -53.023  7.497 1.0000000000
22666  9.998  -51.852  9.608 1.0000000000
23434  9.920  -50.958  10.919 1.0000000000
23436  7.933  -50.778  11.426 1.0000000000
19575  15.117  -55.739  8.216 1.0000000000
19576  14.287  -55.789  8.159 1.0000000000
117486  12.348  -55.299  7.779 1.0000000000
20385  11.660  -55.241  7.748 1.0000000000
114166  11.318  -54.553  7.467 1.0000000000
21189  10.797  -53.845  7.431 1.0000000000
22691  11.220  -52.128  8.093 1.0000000000
22692  10.195  -52.314  8.427 1.0000000000
124658  9.138  -52.241  9.402 1.0000000000
115740  20.309  -56.365  12.383 0.5000000000
19508  19.369  -56.082  12.412 0.6999999881
20317  17.699  -55.109  12.723 0.4000000060
109301  16.786  -54.265  12.101 0.2000000030
20318  15.843  -54.145  11.575 0.3000000119
117009  20.596  -57.191  12.559 0.6999999881
19507  19.662  -56.913  12.278 0.6999999881
21912  16.570  -52.164  11.107 0.1000000015
111186  21.300  -57.253  12.562 0.8000000119
18646  21.938  -58.046  11.497 0.8000000119
18655  22.504  -57.445  9.858 0.8999999762
18664  21.967  -57.718  9.251 0.8999999762
17749  20.599  -58.405  8.581 0.8999999762
18683  20.019  -57.526  8.784 0.8999999762
107538  18.808  -57.925  9.009 0.8999999762
18684  19.152  -57.311  8.948 0.8999999762
112831  6.835  -49.510  11.077 0.8999999762
24269  6.321  -49.389  10.720 0.6999999881
107214  18.498  -56.675  8.625 1.0000000000
107213  17.472  -56.720  8.394 1.0000000000
22665  10.963  -50.734  10.527 1.0000000000
23421  9.591  -49.494  11.461 1.0000000000
127343  9.148  -48.968  11.362 1.0000000000
24254  7.801  -49.161  11.079 0.8999999762
24282  7.716  -49.315  9.813 0.8000000119
20383  13.842  -55.142  7.829 1.0000000000
116421  13.060  -55.258  7.797 1.0000000000
114167  13.358  -54.511  7.458 1.0000000000
21187  12.713  -53.895  7.240 1.0000000000
114968  12.456  -52.912  7.280 1.0000000000
108408  11.831  -52.501  7.594 1.0000000000
22676  11.282  -51.317  9.437 1.0000000000
24265  11.310  -49.513  10.973 1.0000000000
24253  9.761  -48.558  11.168 1.0000000000
20316  18.851  -54.966  12.510 0.4000000060
21123  17.559  -53.783  12.143 0.3000000119
20314  21.016  -55.773  12.645 0.5000000000
19506  21.126  -56.516  12.712 0.4000000060
22645  16.603  -51.621  10.971 0.1000000015
19492  21.787  -56.521  12.671 0.5000000000
18645  22.550  -57.358  10.979 0.8000000119
115352  22.951  -56.492  10.761 0.6999999881
18681  21.694  -57.098  8.675 0.8000000119
18682  20.961  -57.377  8.503 0.8999999762
107350  19.637  -57.023  8.950 0.8999999762
107236  20.106  -56.774  8.917 0.8999999762
19555  19.369  -56.466  8.864 0.8999999762
24268  7.202  -49.114  10.609 0.8000000119
24283  6.747  -49.627  9.883 0.6000000238
23451  5.651  -51.068  8.665 0.5000000000
126734  18.723  -56.033  8.483 0.8999999762
107143  17.192  -55.807  8.202 1.0000000000
20380  16.996  -55.103  8.136 1.0000000000
114108  16.260  -55.013  8.112 1.0000000000
24266  9.751  -48.268  10.620 1.0000000000
24267  8.344  -48.834  10.566 1.0000000000
23448  8.372  -50.714  8.540 0.8000000119
23466  5.739  -52.068  7.564 0.4000000060
124900  5.169  -51.943  7.930 0.4000000060
20382  14.667  -55.051  7.928 1.0000000000
128454  11.745  -51.355  8.920 1.0000000000
23433  11.771  -49.942  10.317 1.0000000000
21186  14.201  -54.354  7.561 1.0000000000
21964  13.600  -53.531  7.281 1.0000000000
127744  12.983  -53.227  7.203 1.0000000000
116761  13.174  -52.460  7.370 1.0000000000
21121  19.711  -54.412  12.180 0.3000000119
21909  19.045  -53.250  12.373 0.3000000119
21910  17.671  -52.080  11.872 0.1000000015
22644  17.011  -51.312  11.225 0.1000000015
21120  20.878  -54.759  12.125 0.4000000060
112964  18.627  -52.144  12.459 0.1000000015
113097  17.624  -51.257  11.775 0.1000000015
20313  21.689  -55.798  12.939 0.5000000000
23392  17.911  -50.280  13.477 0.1000000015
121879  17.772  -50.329  14.480 0.1000000015
118083  22.784  -55.868  12.389 0.5000000000
117691  17.684  -49.909  15.169 0.1000000015
25031  17.554  -49.267  15.540 0.1000000015
20329  23.261  -55.883  11.251 0.5000000000
120212  17.650  -48.653  15.265 0.1000000015
25834  17.299  -48.696  16.044 0.1000000015
20338  23.374  -55.858  9.999 0.6000000238
19535  22.783  -56.124  9.212 0.8000000119
19553  21.535  -56.361  8.563 0.8000000119
20366  21.091  -55.760  8.653 0.8000000119
20367  20.117  -55.909  9.050 0.8000000119
107235  19.281  -55.473  8.562 0.8999999762
124630  18.419  -55.504  8.261 0.8999999762
21164  17.731  -55.285  8.143 1.0000000000
21182  17.535  -54.593  8.053 1.0000000000
23464  7.874  -51.299  7.555 0.6999999881
116413  7.114  -51.437  7.595 0.5000000000
23465  6.372  -51.807  7.210 0.4000000060
21183  16.771  -54.419  8.055 1.0000000000
21184  15.955  -54.297  7.985 1.0000000000
22690  12.090  -51.260  8.685 1.0000000000
23446  11.965  -50.400  9.681 1.0000000000
25098  11.006  -47.914  10.393 1.0000000000
23447  9.343  -50.603  8.419 0.8999999762
22695  4.920  -52.442  7.080 0.1000000015
21185  15.092  -54.283  7.772 1.0000000000
21963  14.620  -53.493  7.455 1.0000000000
118114  14.112  -52.626  7.306 1.0000000000
112276  12.507  -51.880  7.816 1.0000000000
23460  12.451  -50.459  8.942 1.0000000000
21908  20.520  -53.706  11.864 0.2000000030
117407  20.021  -52.794  12.397 0.1000000015
21119  21.717  -55.148  13.210 0.5000000000
128887  21.696  -54.525  13.326 0.3000000119
21907  21.182  -53.700  11.963 0.4000000060
22628  18.178  -51.185  12.450 0.1000000015
23405  18.347  -50.936  12.876 0.1000000015
115990  22.001  -55.227  13.395 0.4000000060
23391  17.915  -50.741  12.869 0.1000000015
24208  17.944  -49.712  14.021 0.1000000015
20312  23.487  -55.092  11.955 0.4000000060
25034  17.858  -49.081  14.583 0.1000000015
20350  23.098  -55.368  9.312 0.6999999881
19552  22.207  -56.294  8.704 0.8000000119
107511  22.292  -54.671  8.628 0.6999999881
20365  21.922  -55.616  8.527 0.8000000119
106649  21.481  -54.986  8.666 0.8000000119
107517  20.432  -55.208  8.902 0.8000000119
126726  19.278  -54.631  8.329 0.8000000119
21948  18.831  -53.932  8.051 0.8000000119
23473  8.145  -51.212  7.025 0.6999999881
23474  7.219  -51.385  6.947 0.3000000119
23475  6.130  -51.580  6.663 0.3000000119
22694  5.588  -52.225  6.902 0.1000000015
21961  18.044  -53.380  7.760 0.8000000119
21181  18.024  -54.120  7.952 1.0000000000
24278  12.046  -48.906  10.081 1.0000000000
24301  10.457  -50.424  8.142 0.8999999762
23463  8.557  -51.133  7.605 0.8000000119
125295  4.895  -52.300  6.571 0.1000000015
121103  15.663  -53.386  7.656 1.0000000000
22689  15.030  -52.643  7.400 1.0000000000
23459  13.029  -51.221  8.151 1.0000000000
23461  12.123  -49.677  9.489 1.0000000000
24300  11.646  -49.181  8.898 1.0000000000
23479  3.685  -51.622  5.119 0.1000000015
118037  14.519  -51.792  7.343 1.0000000000
117732  13.697  -51.652  7.510 1.0000000000
127339  13.397  -50.684  8.121 1.0000000000
24298  12.593  -49.695  9.105 1.0000000000
113912  12.150  -49.325  9.558 1.0000000000
109428  21.280  -52.586  12.104 0.2000000030
22643  19.677  -52.048  12.797 0.1000000015
21101  22.023  -54.466  13.615 0.3000000119
106290  21.259  -52.853  11.868 0.3000000119
22642  20.714  -52.134  11.420 0.2000000030
24224  18.785  -50.534  13.250 0.1000000015
24225  18.336  -49.931  13.481 0.1000000015
21891  21.813  -53.786  13.575 0.3000000119
25050  18.210  -49.253  13.842 0.1000000015
25846  17.911  -48.262  14.657 0.1000000015
123901  22.672  -54.927  13.196 0.4000000060
21118  23.642  -54.373  12.470 0.4000000060
20337  23.718  -55.009  10.654 0.5000000000
20349  23.576  -54.820  9.701 0.6000000238
21149  23.090  -54.414  9.063 0.6000000238
113086  22.770  -53.526  8.734 0.5000000000
21160  21.925  -53.983  8.672 0.8000000119
21162  19.945  -54.886  8.872 0.8000000119
108672  19.831  -54.034  8.509 0.8000000119
25127  5.884  -49.113  6.044 0.1000000015
24313  4.846  -50.402  5.409 0.1000000015
117006  17.220  -53.273  7.716 0.8000000119
24306  9.699  -50.714  7.082 0.8999999762
21962  16.586  -53.669  7.850 1.0000000000
22688  15.782  -52.517  7.460 1.0000000000
116539  15.381  -51.835  7.334 0.8999999762
24299  11.899  -48.917  9.273 1.0000000000
24304  11.490  -50.045  7.600 1.0000000000
24307  8.635  -50.853  6.875 0.6999999881
115096  14.857  -50.903  7.311 1.0000000000
118730  14.000  -50.785  7.559 1.0000000000
24277  12.792  -48.702  9.252 1.0000000000
106282  21.373  -52.007  12.790 0.2000000030
121046  21.014  -51.346  12.001 0.1000000015
109787  18.968  -49.935  13.424 0.1000000015
21890  22.303  -53.466  13.774 0.3000000119
106278  21.740  -51.179  13.757 0.2000000030
121087  20.455  -50.891  12.842 0.1000000015
25049  18.805  -49.393  13.635 0.1000000015
25856  18.202  -48.625  14.119 0.1000000015
21889  23.131  -53.376  13.741 0.3000000119
113165  23.823  -52.804  13.542 0.3000000119
106298  22.826  -50.953  14.754 0.3000000119
25048  19.783  -49.685  13.642 0.1000000015
122492  18.627  -48.890  13.839 0.1000000015
26603  18.243  -47.859  14.250 0.1000000015
21922  24.168  -53.469  12.277 0.3000000119
21928  24.616  -52.742  11.094 0.3000000119
106516  23.936  -54.107  10.139 0.3000000119
106450  24.500  -52.208  9.952 0.3000000119
121056  23.917  -52.415  9.185 0.5000000000
106292  22.334  -52.729  8.749 0.8000000119
107827  20.608  -53.627  9.222 0.8000000119
22684  19.468  -52.623  7.896 0.8000000119
22685  18.544  -52.548  7.605 0.8000000119
22686  17.579  -52.619  7.564 0.8000000119
22687  16.590  -52.752  7.567 0.8000000119
25121  11.738  -49.919  6.813 0.8999999762
25122  10.995  -50.186  6.508 0.8999999762
24305  10.762  -50.412  7.269 0.8999999762
25123  10.010  -50.145  6.518 0.8000000119
116357  17.108  -51.874  7.396 0.8000000119
116541  16.221  -51.865  7.370 1.0000000000
113309  15.778  -51.031  7.270 0.8999999762
122633  11.888  -49.183  8.760 1.0000000000
25124  8.999  -50.074  6.442 0.8000000119
24297  14.254  -49.707  7.859 1.0000000000
121705  13.368  -49.594  8.638 1.0000000000
25112  13.439  -48.431  8.876 1.0000000000
25113  12.186  -48.994  9.306 1.0000000000
106425  20.708  -49.214  13.352 0.1000000015
106428  24.538  -52.477  12.525 0.3000000119
106280  22.508  -51.321  13.814 0.1000000015
117502  19.592  -48.847  13.793 0.1000000015
25855  18.761  -48.313  13.960 0.1000000015
106288  24.701  -52.109  12.233 0.3000000119
125087  23.559  -51.784  12.772 0.3000000119
106576  24.863  -52.043  10.978 0.3000000119
106481  24.285  -53.001  9.880 0.4000000060
106284  23.203  -52.553  10.084 0.2000000030
106514  23.310  -51.875  8.840 0.4000000060
112720  22.223  -51.350  9.315 0.4000000060
106295  23.297  -52.529  8.812 0.4000000060
106522  20.998  -52.915  9.839 0.5000000000
106287  20.657  -52.867  9.319 0.6000000238
22675  20.158  -52.446  8.513 0.6999999881
107747  18.423  -51.134  7.325 0.8000000119
112128  17.615  -51.100  7.202 0.8000000119
113310  16.676  -51.021  7.213 0.8000000119
25133  11.375  -49.538  5.842 0.8000000119
25935  10.291  -49.500  6.060 0.8000000119
24296  15.253  -49.979  7.410 0.8999999762
25908  13.038  -48.360  9.075 0.8999999762
122412  12.817  -48.606  9.138 1.0000000000
25120  12.390  -48.892  8.373 0.8999999762
25939  6.100  -47.914  5.813 0.1000000015
106285  23.624  -51.732  12.689 0.2000000030
106301  23.449  -51.564  10.826 0.2000000030
121068  20.936  -51.758  10.573 0.3000000119
124361  20.805  -51.855  10.198 0.4000000060
124715  19.842  -51.880  7.939 0.6000000238
23445  19.848  -51.015  7.820 0.6000000238
23458  19.100  -51.680  7.541 0.8000000119
25936  9.112  -48.926  6.050 0.8000000119
126469  8.242  -49.119  6.208 0.6000000238
119848  8.021  -49.969  6.382 0.6000000238
24293  18.264  -50.338  7.101 0.6999999881
24294  17.251  -50.354  7.078 0.8000000119
25923  13.395  -48.122  8.735 0.8999999762
25924  13.014  -48.272  8.772 0.8999999762
25132  12.264  -49.459  6.120 0.8999999762
25949  9.972  -48.397  5.744 0.6999999881
25937  7.749  -47.901  6.161 0.4000000060
25938  6.621  -47.745  6.076 0.4000000060
24295  16.149  -50.275  7.277 0.8000000119
25111  15.659  -49.262  7.417 0.8000000119
25922  14.240  -47.732  8.305 0.8999999762
25934  12.872  -48.711  7.054 0.8999999762
106856  10.879  -48.172  5.386 0.6999999881
26714  9.726  -47.005  5.709 0.5000000000
25951  7.655  -46.855  5.977 0.3000000119
26713  10.770  -47.015  5.247 0.5000000000
106297  23.401  -51.265  10.135 0.1000000015
121081  21.138  -50.798  10.638 0.2000000030
25898  22.816  -48.555  9.186 0.2000000030
25096  20.508  -49.624  8.576 0.2000000030
106427  20.770  -50.042  9.301 0.2000000030
106586  20.425  -50.645  8.701 0.3000000119
25106  20.248  -49.118  7.886 0.4000000060
23444  20.257  -51.610  8.586 0.6000000238
24291  20.044  -50.044  7.781 0.4000000060
128590  19.550  -50.456  7.571 0.4000000060
106787  19.187  -50.049  7.329 0.4000000060
25119  18.222  -48.821  6.844 0.6000000238
25109  17.645  -49.436  6.930 0.6999999881
25933  13.412  -47.861  8.080 0.8999999762
25946  13.282  -48.306  6.393 0.8999999762
25950  8.736  -47.505  5.928 0.6999999881
25110  16.653  -49.649  7.149 0.8000000119
25920  16.117  -48.632  7.224 0.8000000119
25921  15.075  -48.166  7.626 0.8000000119
26675  14.522  -47.468  7.636 0.8000000119
25947  12.721  -48.688  5.640 0.8999999762
25948  11.988  -48.842  5.325 0.6999999881
26715  8.229  -46.252  5.817 0.3000000119
26712  12.427  -48.054  4.932 0.5000000000
123806  11.535  -47.851  5.026 0.5000000000
26716  7.027  -45.987  5.888 0.2000000030
27495  10.870  -45.974  4.957 0.3000000119
27496  10.097  -46.236  5.469 0.4000000060
121225  23.247  -48.992  10.435 0.2000000030
127428  21.515  -47.986  9.497 0.2000000030
26657  20.845  -47.861  8.719 0.2000000030
25916  20.357  -48.298  7.909 0.2000000030
25917  19.773  -48.641  7.459 0.3000000119
25107  19.486  -49.292  7.361 0.4000000060
26673  20.360  -47.449  7.863 0.2000000030
113640  19.672  -47.949  7.350 0.3000000119
25929  18.334  -48.243  6.800 0.5000000000
25931  16.574  -48.056  6.892 0.6000000238
26694  15.202  -47.148  6.756 0.8000000119
26695  14.456  -47.359  7.303 0.6999999881
26696  13.851  -47.447  7.249 0.8000000119
26711  13.391  -47.951  5.392 0.6999999881
27482  15.070  -47.001  6.537 0.8000000119
26710  14.312  -47.240  6.319 0.6000000238
128403  12.544  -46.673  4.330 0.4000000060
26739  11.867  -47.077  4.653 0.3000000119
27497  9.173  -45.855  5.587 0.5000000000
27498  8.119  -45.388  5.455 0.2000000030
27520  11.888  -46.159  4.499 0.3000000119
28259  9.802  -45.418  5.315 0.3000000119
28281  10.320  -44.837  4.938 0.3000000119
111192  20.729  -47.049  8.526 0.2000000030
27462  18.633  -46.934  6.564 0.3000000119
26691  18.031  -47.628  6.614 0.5000000000
26692  17.090  -47.458  6.554 0.5000000000
27480  15.902  -46.602  6.282 0.5000000000
27494  14.736  -46.790  5.441 0.5000000000
26737  13.900  -47.264  4.763 0.4000000060
26738  12.994  -47.437  4.513 0.4000000060
28279  12.649  -45.774  4.185 0.3000000119
112757  12.316  -44.758  4.328 0.3000000119
29021  10.799  -44.042  4.612 0.3000000119
29001  8.873  -44.476  4.946 0.2000000030
28280  11.528  -45.096  4.647 0.3000000119
27435  20.920  -46.157  9.523 0.2000000030
27460  20.414  -46.570  7.933 0.2000000030
27461  19.598  -46.967  7.192 0.2000000030
109947  19.878  -45.980  7.450 0.3000000119
29791  12.522  -43.912  4.211 0.3000000119
122536  11.730  -44.203  4.474 0.3000000119
6332  -1.974  -73.140  4.354 1.0000000000
6312  -0.414  -72.582  6.146 1.0000000000
6319  -1.384  -72.644  5.071 1.0000000000
6320  -2.445  -72.654  4.858 1.0000000000
107119  -0.515  -73.292  5.754 1.0000000000
5733  -3.151  -73.929  4.102 0.8999999762
111362  0.079  -73.318  6.580 1.0000000000
6986  -2.262  -72.019  5.296 1.0000000000
7539  1.184  -71.180  8.666 1.0000000000
8093  1.858  -70.767  9.149 1.0000000000
8100  1.374  -70.288  8.578 1.0000000000
9465  0.848  -68.838  7.918 0.8999999762
120248  -1.520  -69.876  7.092 0.8999999762
10148  1.575  -67.617  8.337 0.8999999762
110331  3.267  -68.733  9.046 1.0000000000
9456  3.276  -67.893  9.115 1.0000000000
17801  -1.633  -57.515  5.087 0.6000000238
14274  -2.471  -62.754  6.051 1.0000000000
117484  -2.487  -61.935  4.237 1.0000000000
15920  -1.884  -59.841  4.460 0.8999999762
14257  -2.063  -62.698  7.893 1.0000000000
119951  -1.670  -58.480  4.481 0.8000000119
15066  -2.368  -61.171  7.301 0.8999999762
24308  7.696  -50.830  6.639 0.5000000000
25134  5.318  -49.425  5.442 0.1000000015
25126  6.916  -49.612  6.343 0.3000000119
25150  5.234  -49.206  5.105 0.1000000015
25940  5.796  -48.536  5.579 0.1000000015
24310  5.510  -50.351  5.977 0.1000000015
25125  7.297  -48.757  6.280 0.3000000119
123566  6.419  -48.517  6.151 0.3000000119
25135  4.861  -49.790  5.049 0.1000000015
25952  5.996  -46.926  5.995 0.1000000015
410  3.840  -88.170  4.071 0.8999999762
412  1.922  -88.193  3.852 0.8999999762
260  2.390  -88.808  4.388 0.8999999762
898  2.376  -86.157  -1.924 0.8999999762
1223  -0.637  -84.494  0.835 0.8000000119
107603  5.109  -87.423  0.012 0.8999999762
120542  5.513  -87.184  0.974 0.8999999762
830  6.866  -85.960  5.219 0.8999999762
123067  5.064  -87.638  5.672 0.8999999762
409  4.587  -87.608  5.028 0.8999999762
396  7.161  -87.543  5.820 0.8999999762
250  6.994  -88.904  5.733 0.8999999762
408  8.239  -88.338  4.918 0.8999999762
162  9.636  -89.967  1.768 1.0000000000
582  8.517  -86.679  5.435 0.8999999762
276  10.701  -89.409  1.804 1.0000000000
120661  8.224  -87.596  -0.228 1.0000000000
1629  -0.131  -83.576  -2.282 0.8000000119
108658  8.635  -87.227  1.733 1.0000000000
873  10.729  -85.031  1.610 1.0000000000
125163  11.666  -87.944  4.825 0.8999999762
2028  -0.618  -82.434  -1.928 0.8000000119
2440  -1.455  -81.006  -1.104 0.8000000119
127028  -1.957  -80.710  -0.721 0.6999999881
2441  -1.958  -81.358  -0.811 0.8000000119
2439  -0.415  -81.253  -0.614 0.8999999762
3746  -3.430  -77.993  3.103 0.6000000238
110029  9.982  -85.787  -0.613 1.0000000000
123876  11.029  -84.695  -1.318 1.0000000000
119764  9.128  -86.658  -0.876 1.0000000000
608  13.039  -86.636  3.169 0.6999999881
1241  10.886  -85.145  -2.220 1.0000000000
862  13.200  -86.100  1.974 0.8000000119
1213  15.430  -84.300  0.710 0.6999999881
2892  0.447  -81.111  0.347 1.0000000000
2891  1.482  -80.863  0.178 1.0000000000
5731  -1.592  -73.974  4.585 1.0000000000
6333  -2.835  -73.282  4.408 1.0000000000
7152  -4.115  -72.277  -8.487 0.6999999881
664  11.512  -87.106  -4.850 1.0000000000
659  12.065  -87.628  -3.996 1.0000000000
910  13.348  -85.532  -2.603 0.8999999762
1636  14.118  -83.687  -2.908 0.8999999762
5163  0.137  -75.701  8.719 1.0000000000
2020  12.320  -82.209  -1.036 1.0000000000
124849  -0.105  -76.512  -10.442 0.6999999881
6978  -0.559  -71.853  6.512 1.0000000000
121254  -3.864  -69.289  -3.314 1.0000000000
4357  0.957  -78.556  -8.086 1.0000000000
5369  0.632  -77.032  -10.457 0.6999999881
5354  1.910  -75.736  -9.602 0.6000000238
119343  11.608  -83.973  -3.400 1.0000000000
125391  13.431  -84.151  -5.291 0.8999999762
6295  1.391  -73.538  9.856 1.0000000000
4348  1.537  -78.203  -7.421 1.0000000000
4843  3.190  -77.444  -10.574 0.8999999762
5152  1.484  -75.324  10.873 1.0000000000
8101  0.608  -70.728  7.944 1.0000000000
4181  2.056  -77.319  10.324 1.0000000000
5280  -1.151  -75.670  -3.276 1.0000000000
106417  -3.478  -69.161  -2.525 1.0000000000
11906  -2.583  -65.439  -5.304 0.5000000000
2457  10.758  -81.173  -1.223 1.0000000000
114484  4.392  -76.785  -10.152 0.8999999762
5366  3.194  -76.391  -11.387 0.6999999881
1650  8.512  -83.201  -4.009 1.0000000000
2070  14.665  -82.414  -6.633 0.8000000119
1694  11.799  -83.417  -9.501 0.8999999762
4191  3.248  -77.614  9.213 1.0000000000
6469  3.556  -73.128  -3.630 1.0000000000
5825  -1.005  -74.682  -2.504 1.0000000000
4808  5.694  -77.263  -4.433 1.0000000000
4329  3.510  -78.439  -4.991 1.0000000000
2445  11.497  -80.966  -0.667 1.0000000000
4345  4.389  -78.509  -5.927 1.0000000000
3890  4.856  -78.669  -5.430 1.0000000000
4835  4.938  -76.935  -7.950 1.0000000000
2041  8.267  -82.855  -3.358 1.0000000000
4842  5.471  -76.220  -10.614 0.8999999762
4841  6.185  -76.498  -9.171 1.0000000000
4851  4.264  -76.192  -11.784 0.8000000119
5380  4.528  -75.525  -12.002 0.6999999881
5954  4.412  -74.853  -11.954 0.6999999881
4858  6.780  -76.403  -11.682 0.8000000119
113741  5.533  -75.599  -12.062 0.6999999881
2042  7.811  -82.499  -3.422 1.0000000000
1274  6.547  -84.222  -6.455 1.0000000000
1284  6.457  -84.308  -7.098 1.0000000000
1281  9.177  -84.885  -7.674 1.0000000000
1680  7.565  -83.391  -8.350 1.0000000000
2093  12.175  -82.818  -10.409 0.8999999762
2095  10.096  -83.322  -9.663 0.8999999762
7532  2.255  -71.160  9.793 1.0000000000
5133  5.911  -74.917  11.267 1.0000000000
5157  5.604  -75.629  9.820 1.0000000000
109034  5.644  -75.592  8.970 1.0000000000
124548  3.561  -78.173  5.685 1.0000000000
5170  5.868  -75.110  7.311 1.0000000000
125857  4.836  -74.105  6.296 1.0000000000
6422  -0.673  -74.070  -1.916 1.0000000000
5854  6.119  -74.434  -4.405 1.0000000000
118512  7.084  -77.215  -3.862 1.0000000000
11841  -2.720  -65.606  -0.926 1.0000000000
3843  7.556  -78.610  -3.513 1.0000000000
3381  7.296  -79.397  -3.648 1.0000000000
3421  5.592  -79.470  -5.905 1.0000000000
4368  6.566  -77.116  -8.868 1.0000000000
1673  5.250  -83.557  -6.595 1.0000000000
2077  6.079  -82.652  -9.009 1.0000000000
1682  5.134  -83.782  -7.439 1.0000000000
2502  6.232  -82.125  -9.098 1.0000000000
2074  9.214  -82.970  -7.754 0.8999999762
2099  13.421  -81.866  -10.466 0.6999999881
2100  11.878  -82.256  -10.990 0.6999999881
2515  11.010  -82.277  -10.269 0.6000000238
4234  5.718  -77.401  4.622 1.0000000000
6446  2.369  -74.430  -1.550 1.0000000000
4316  8.019  -77.204  -3.275 1.0000000000
2930  6.678  -80.024  -4.077 1.0000000000
2971  5.537  -80.478  -6.805 1.0000000000
116647  6.265  -78.816  -7.813 1.0000000000
3420  5.811  -79.814  -7.357 1.0000000000
3899  6.786  -78.275  -9.371 1.0000000000
3372  8.512  -79.462  -2.552 1.0000000000
116820  6.124  -81.285  -4.794 1.0000000000
123161  4.821  -83.219  -7.294 1.0000000000
2503  5.602  -82.141  -9.221 1.0000000000
2981  5.943  -80.988  -9.705 1.0000000000
2504  4.990  -81.494  -7.772 1.0000000000
5966  7.820  -74.704  -11.195 0.2000000030
128237  7.294  -80.629  -8.948 1.0000000000
2980  6.227  -80.848  -9.830 1.0000000000
120161  8.550  -81.940  -6.042 0.6000000238
2059  9.661  -82.393  -6.503 0.6000000238
2521  13.100  -81.520  -10.776 0.4000000060
7515  4.226  -72.092  11.233 1.0000000000
6308  7.273  -73.399  8.058 1.0000000000
6316  5.843  -73.521  6.859 1.0000000000
6995  4.079  -73.777  5.493 1.0000000000
120221  5.348  -73.287  6.158 1.0000000000
4789  8.327  -76.260  -2.967 1.0000000000
122481  -2.670  -64.575  -0.930 0.8999999762
3380  8.005  -79.018  -3.086 1.0000000000
2946  6.192  -80.532  -4.620 1.0000000000
2494  5.163  -81.766  -6.346 1.0000000000
2982  5.334  -80.866  -8.307 1.0000000000
3436  6.813  -80.307  -10.508 1.0000000000
3441  8.844  -79.546  -10.599 0.8000000119
3434  9.047  -79.396  -8.707 0.6999999881
4856  9.615  -77.374  -11.306 0.6999999881
3901  9.464  -78.891  -10.098 0.6999999881
4847  9.558  -77.018  -10.006 0.5000000000
5950  8.260  -74.350  -10.087 0.2000000030
2491  9.235  -81.891  -5.680 0.6000000238
8736  3.017  -69.500  9.222 1.0000000000
8099  2.209  -69.923  8.925 1.0000000000
6974  8.557  -72.422  7.626 1.0000000000
5758  8.001  -74.036  4.151 1.0000000000
7566  5.438  -71.731  5.115 1.0000000000
7056  5.385  -72.659  -1.516 1.0000000000
7063  6.671  -72.591  -2.466 1.0000000000
5834  8.442  -74.504  -3.111 1.0000000000
6300  8.374  -73.123  9.136 1.0000000000
8743  1.671  -69.261  8.474 1.0000000000
7557  6.614  -71.829  5.957 1.0000000000
8761  5.912  -69.314  5.612 1.0000000000
8121  5.587  -70.664  5.117 1.0000000000
8134  1.092  -70.012  3.962 1.0000000000
7044  6.829  -72.195  -1.022 1.0000000000
115803  -2.623  -63.475  1.230 1.0000000000
9481  5.515  -68.619  5.597 1.0000000000
8763  4.426  -69.308  5.215 1.0000000000
8764  3.562  -69.205  5.201 1.0000000000
113213  6.381  -72.341  -0.215 1.0000000000
15146  -2.449  -61.761  1.660 0.8999999762
13533  -2.599  -62.710  1.567 1.0000000000
15961  -2.019  -60.083  1.726 0.6000000238
8083  6.892  -69.777  10.661 1.0000000000
7519  8.320  -71.731  10.351 1.0000000000
7530  8.838  -71.242  9.935 1.0000000000
10915  1.569  -66.695  8.589 0.8999999762
9477  7.184  -68.518  6.109 1.0000000000
10167  5.024  -67.902  5.568 1.0000000000
119080  2.389  -67.953  5.376 1.0000000000
5781  2.917  -74.846  2.371 1.0000000000
6372  2.539  -74.534  2.638 1.0000000000
15107  -2.532  -61.472  3.159 0.8999999762
8098  9.929  -70.684  8.580 1.0000000000
122784  9.724  -71.017  9.072 1.0000000000
8754  9.280  -69.688  6.683 1.0000000000
10139  3.370  -67.541  9.542 0.8999999762
9476  8.233  -68.560  6.394 1.0000000000
11680  1.715  -65.293  9.563 1.0000000000
108716  0.693  -66.961  7.929 0.8999999762
108509  -0.609  -66.430  7.736 0.8999999762
10162  6.538  -67.641  6.074 1.0000000000
10943  3.469  -66.645  5.889 1.0000000000
15921  -2.334  -60.762  3.818 0.8999999762
9461  10.378  -68.244  8.987 1.0000000000
9469  9.632  -68.439  7.282 1.0000000000
10930  8.623  -66.924  7.068 1.0000000000
9475  8.956  -68.221  6.749 1.0000000000
119960  6.208  -66.844  6.175 1.0000000000
10933  5.611  -66.458  6.097 1.0000000000
106839  3.010  -66.051  6.066 1.0000000000
11729  2.519  -65.405  6.136 1.0000000000
11730  0.718  -65.429  5.804 1.0000000000
15095  -2.299  -61.211  4.868 0.8999999762
8693  7.548  -69.153  12.028 1.0000000000
9424  5.351  -68.745  11.446 1.0000000000
9422  10.316  -68.272  11.624 1.0000000000
9438  9.978  -68.843  10.233 1.0000000000
8704  9.265  -69.181  11.213 1.0000000000
10913  10.224  -66.936  8.972 1.0000000000
11706  8.526  -65.644  7.595 1.0000000000
11707  7.857  -65.440  7.154 1.0000000000
124233  6.834  -65.970  6.662 1.0000000000
11665  1.556  -64.841  10.277 0.8000000119
11717  5.642  -65.503  6.283 1.0000000000
11718  4.832  -65.277  6.162 1.0000000000
11719  4.112  -65.278  6.211 1.0000000000
12601  2.972  -64.602  6.338 1.0000000000
13484  -2.241  -63.275  6.444 1.0000000000
13483  -1.873  -63.517  6.646 1.0000000000
15082  -2.403  -61.794  5.812 0.8999999762
15895  -1.829  -60.046  6.440 0.8999999762
9405  5.015  -68.433  13.424 1.0000000000
8669  7.171  -69.751  14.858 1.0000000000
115247  6.460  -69.557  14.934 1.0000000000
9382  4.781  -68.041  15.159 1.0000000000
12536  0.805  -64.586  11.768 0.8999999762
125863  0.376  -63.064  7.568 1.0000000000
14258  -2.407  -62.409  7.537 1.0000000000
127512  -2.575  -62.268  6.561 0.8999999762
8637  6.505  -69.162  16.974 1.0000000000
10052  9.797  -67.332  16.294 1.0000000000
10805  9.749  -66.664  17.777 1.0000000000
15051  3.844  -61.894  9.023 1.0000000000
10026  8.257  -67.425  18.300 1.0000000000
10791  8.520  -66.774  18.753 1.0000000000
10804  10.414  -66.171  17.427 1.0000000000
15055  -0.164  -62.083  9.077 1.0000000000
15879  -2.471  -61.016  8.137 0.8999999762
119052  6.171  -66.196  19.855 1.0000000000
10776  4.433  -66.486  19.988 1.0000000000
12448  10.261  -64.895  18.196 1.0000000000
12473  11.823  -64.580  16.649 1.0000000000
128774  -2.243  -61.246  9.423 1.0000000000
15024  -0.099  -61.312  10.387 1.0000000000
15023  1.210  -61.287  10.321 1.0000000000
16828  -1.821  -58.736  7.669 0.8000000119
127361  11.127  -64.907  13.525 1.0000000000
15041  3.033  -61.470  10.120 1.0000000000
15858  -1.801  -60.828  11.387 1.0000000000
14162  12.242  -62.830  16.307 1.0000000000
13347  10.582  -63.527  17.727 1.0000000000
15006  2.608  -61.111  11.855 1.0000000000
14997  1.874  -61.049  12.346 1.0000000000
128917  1.276  -60.879  12.565 1.0000000000
15842  -2.021  -60.348  11.938 0.8999999762
15841  -1.255  -60.408  12.291 0.8999999762
18653  -2.227  -57.772  12.178 0.6999999881
14940  9.970  -61.771  17.070 1.0000000000
106453  13.689  -63.729  13.417 1.0000000000
14992  5.715  -61.541  12.500 1.0000000000
14993  5.362  -61.453  12.643 1.0000000000
15004  4.474  -61.373  12.229 1.0000000000
16756  -0.003  -59.827  13.269 0.8000000119
17709  -2.274  -58.893  12.928 0.6999999881
14164  10.867  -61.770  16.738 1.0000000000
14963  8.542  -61.147  16.921 1.0000000000
121344  2.964  -61.404  18.378 0.8999999762
118436  -1.626  -56.781  14.337 0.8999999762
14960  11.098  -60.973  16.327 1.0000000000
118895  14.817  -60.251  14.867 1.0000000000
106262  15.305  -62.186  12.866 1.0000000000
15018  9.678  -61.324  10.558 1.0000000000
20310  -1.481  -55.285  14.103 0.8000000119
15809  11.585  -59.903  15.801 1.0000000000
15810  10.804  -59.796  15.800 1.0000000000
15798  8.800  -60.562  16.347 1.0000000000
106254  16.218  -61.362  12.592 1.0000000000
106479  16.493  -63.643  12.048 1.0000000000
19522  5.719  -56.817  11.429 1.0000000000
118139  4.704  -56.178  11.911 1.0000000000
21111  0.133  -54.682  13.609 0.8000000119
21914  0.979  -53.129  12.450 0.6999999881
21915  -0.202  -52.965  12.912 0.6000000238
19501  0.007  -56.175  14.190 0.8000000119
16721  11.140  -59.002  15.410 1.0000000000
127358  14.297  -58.676  14.797 1.0000000000
106855  16.913  -61.159  11.784 1.0000000000
106251  16.147  -64.591  11.879 1.0000000000
121411  14.578  -62.184  9.667 1.0000000000
15035  15.034  -61.738  9.463 1.0000000000
19529  6.346  -56.995  10.934 1.0000000000
20341  4.724  -55.168  10.909 1.0000000000
19524  4.069  -56.057  12.222 0.8999999762
18658  6.969  -57.043  10.217 1.0000000000
20353  5.754  -55.047  9.717 1.0000000000
20333  2.625  -54.664  12.181 0.8999999762
17684  11.436  -58.047  14.922 1.0000000000
17690  15.503  -58.496  14.379 0.8999999762
21153  4.487  -53.585  9.730 0.8999999762
21929  3.733  -53.296  10.247 0.8000000119
21142  3.489  -53.937  10.843 0.8000000119
21135  3.115  -54.385  11.565 0.8000000119
21930  2.355  -52.455  11.239 0.6000000238
21925  1.273  -52.170  11.941 0.5000000000
123334  3.106  -53.159  10.748 0.6999999881
21924  1.890  -53.040  11.703 0.6999999881
18608  13.184  -57.013  13.540 0.6999999881
106489  18.639  -61.398  11.928 0.8999999762
106252  19.131  -62.750  11.333 0.8999999762
21938  4.016  -52.578  10.042 0.8000000119
17703  17.515  -58.751  12.946 0.8999999762
16748  18.905  -59.327  12.085 0.8999999762
115621  19.892  -61.015  11.666 0.8999999762
106257  18.973  -63.666  10.166 0.8999999762
106577  17.890  -62.407  8.128 0.8999999762
106500  18.570  -63.251  8.084 0.8999999762
20375  6.918  -54.933  8.676 1.0000000000
110219  4.536  -51.793  10.516 0.8000000119
23426  4.320  -50.399  11.436 0.6000000238
19497  13.107  -56.194  12.422 0.5000000000
18618  16.323  -57.062  13.423 0.6999999881
19500  10.156  -55.557  13.831 0.6000000238
16761  20.907  -59.911  11.351 0.8999999762
106267  19.378  -61.947  8.378 0.8999999762
22670  5.441  -51.601  10.681 0.8000000119
23439  4.854  -50.769  11.405 0.8000000119
126267  6.764  -52.590  9.027 1.0000000000
19512  14.195  -55.401  11.527 0.5000000000
19495  14.713  -56.047  12.601 0.6999999881
110320  18.013  -57.192  12.860 0.6000000238
18617  17.264  -57.199  13.172 0.8000000119
19514  13.167  -55.501  11.938 0.5000000000
16745  21.156  -59.174  11.753 0.8999999762
22669  6.305  -51.272  11.162 0.8000000119
23425  4.985  -50.126  11.190 0.6000000238
23437  7.076  -51.041  11.427 1.0000000000
112815  16.694  -55.219  12.596 0.5000000000
19511  14.794  -55.259  11.708 0.3000000119
20320  13.873  -54.971  10.950 0.1000000015
19515  12.652  -55.433  12.189 0.4000000060
18635  19.876  -57.786  12.322 0.6999999881
16780  21.318  -59.401  9.410 0.8999999762
107545  19.605  -58.164  8.751 0.8999999762
23423  7.350  -49.922  11.438 1.0000000000
106730  18.435  -55.856  12.817 0.4000000060
20319  14.972  -54.316  10.926 0.2000000030
18632  22.070  -57.257  12.159 0.6999999881
16798  21.144  -58.951  8.840 0.8999999762
20315  20.052  -55.435  12.172 0.3000000119
21124  16.197  -53.054  11.024 0.2000000030
108846  15.320  -53.367  10.775 0.2000000030
21892  16.567  -52.106  11.190 0.1000000015
19528  22.819  -56.711  9.901 0.8999999762
18663  22.391  -56.940  9.147 0.8999999762
17748  21.377  -58.063  8.682 0.8999999762
19556  16.540  -56.230  8.289 1.0000000000
24281  8.940  -49.049  9.803 0.8999999762
24264  11.726  -48.786  10.653 1.0000000000
21122  18.648  -53.967  12.339 0.3000000119
114672  17.943  -53.061  12.085 0.2000000030
21911  16.816  -52.146  11.207 0.2000000030
22630  16.980  -51.591  11.285 0.1000000015
120976  22.308  -56.473  12.490 0.4000000060
23450  6.500  -51.239  8.381 0.5000000000
24280  10.311  -48.727  9.686 1.0000000000
23449  7.435  -50.838  8.538 0.6999999881
22629  17.497  -51.269  11.794 0.1000000015
110620  17.740  -50.816  12.704 0.1000000015
127064  19.981  -55.437  9.061 0.8000000119
21163  18.445  -54.789  8.131 0.8999999762
23462  9.122  -50.909  7.474 0.8000000119
24279  11.349  -48.335  9.640 1.0000000000
21133  24.161  -53.984  11.189 0.5000000000
21161  20.731  -54.379  9.098 0.8000000119
24309  6.567  -50.635  6.409 0.2000000030
23476  5.221  -51.602  6.179 0.1000000015
106461  21.124  -52.041  11.217 0.2000000030
23390  19.951  -51.128  13.252 0.1000000015
23403  20.705  -51.661  11.909 0.1000000015
22627  22.061  -52.814  13.857 0.3000000119
21150  21.076  -53.568  9.408 0.6999999881
21947  19.417  -53.392  8.089 0.8000000119
24223  19.850  -50.442  13.435 0.1000000015
106484  23.006  -52.615  14.189 0.3000000119
106526  21.107  -50.583  12.301 0.1000000015
106281  21.163  -50.647  12.287 0.1000000015
106409  20.602  -49.997  13.217 0.1000000015
106299  23.609  -51.129  14.557 0.3000000119
106286  22.029  -50.640  13.824 0.1000000015
106476  22.180  -51.735  9.062 0.6000000238
21946  20.042  -53.233  8.482 0.6999999881
119211  18.073  -51.823  7.405 0.8000000119
109731  23.826  -51.676  14.161 0.2000000030
106498  23.278  -52.299  11.646 0.2000000030
121079  21.934  -51.863  10.920 0.4000000060
106289  20.834  -52.355  9.871 0.4000000060
121074  20.594  -51.417  9.535 0.6000000238
24292  19.063  -50.763  7.436 0.6999999881
122459  14.504  -48.546  8.143 0.8999999762
121073  23.385  -51.549  10.797 0.2000000030
106456  21.506  -51.473  10.991 0.2000000030
121078  21.522  -51.105  11.000 0.2000000030
106465  20.834  -51.329  10.569 0.3000000119
106460  20.766  -50.726  9.812 0.3000000119
26676  13.891  -47.635  8.234 0.8000000119
26697  6.757  -46.846  6.021 0.2000000030
25889  24.032  -48.833  10.315 0.1000000015
106518  23.284  -49.872  9.482 0.2000000030
121058  21.440  -50.497  9.752 0.2000000030
26644  22.665  -48.484  9.768 0.1000000015
106504  21.260  -49.303  9.304 0.2000000030
25907  20.680  -48.742  8.621 0.3000000119
122029  21.176  -48.412  9.212 0.2000000030
25108  18.632  -49.422  7.004 0.5000000000
25919  16.923  -48.859  7.027 0.6999999881
25932  15.556  -47.760  7.052 0.8000000119
107780  21.226  -47.185  9.464 0.2000000030
25918  19.018  -48.597  6.977 0.3000000119
26674  18.912  -47.746  6.823 0.4000000060
25930  17.541  -48.376  6.823 0.5000000000
26693  16.115  -47.216  6.581 0.6999999881
28260  8.891  -45.044  5.307 0.3000000119
29000  9.415  -44.699  5.069 0.3000000119
27447  20.742  -46.334  8.747 0.2000000030
27479  16.644  -46.653  6.283 0.5000000000
118301  12.278  -43.020  4.296 0.2000000030
6985  -1.359  -71.949  5.709 1.0000000000
7548  -1.486  -71.320  6.361 1.0000000000
8744  0.815  -69.753  8.010 0.8999999762
10149  -0.031  -67.351  7.601 0.8999999762
376  2.816  -88.518  7.760 0.5000000000
229  2.488  -88.765  7.219 0.6000000238
253  2.045  -88.982  5.758 0.6000000238
120  3.417  -89.180  8.359 0.6000000238
67  4.119  -90.017  8.326 0.6000000238
16  5.813  -91.171  9.356 0.5000000000
56  4.578  -90.378  8.792 0.6000000238
76  4.771  -90.300  7.886 0.6000000238
138  4.107  -89.779  7.581 0.6000000238
19  6.229  -90.872  8.242 0.6999999881
66  5.485  -90.673  8.073 0.6000000238
75  5.642  -90.427  7.477 0.6000000238
74  6.534  -90.600  7.109 0.6999999881
136  5.994  -90.337  7.053 0.6999999881
137  5.058  -89.882  7.247 0.6999999881
238  4.970  -89.126  6.670 0.6999999881
72  8.289  -90.814  5.740 0.8000000119
111795  7.170  -90.728  6.658 0.8000000119
135  6.651  -90.392  6.413 0.8000000119
237  5.815  -89.716  6.722 0.8000000119
236  6.504  -89.279  6.280 0.8000000119
83  7.259  -90.341  4.528 0.8000000119
89  7.225  -90.435  3.562 0.8000000119
125199  7.214  -89.941  3.084 0.8000000119
122586  2.999  -87.608  7.871 0.4000000060
383  2.444  -88.114  7.319 0.5000000000
261  1.968  -88.787  4.693 0.6000000238
7  7.934  -91.255  11.527 0.5000000000
6  6.786  -91.050  11.571 0.5000000000
9  6.141  -91.345  11.037 0.5000000000
10  5.179  -91.297  11.065 0.5000000000
8  7.091  -91.287  11.176 0.5000000000
12  6.719  -91.416  10.502 0.6000000238
15  6.586  -91.037  8.892 0.6000000238
54  8.789  -90.654  8.698 0.6000000238
48  7.040  -91.270  9.619 0.6000000238
63  8.078  -90.949  7.056 0.6999999881
18  6.927  -90.836  7.869 0.6999999881
71  8.914  -90.716  6.087 0.8000000119
128499  8.390  -90.861  6.415 0.8000000119
110725  9.604  -90.606  4.942 0.8000000119
81  8.954  -90.897  5.261 0.8000000119
85  8.468  -90.732  4.234 0.8000000119
625  2.660  -86.398  2.459 0.5000000000
119514  2.819  -86.285  1.638 0.6999999881
597  2.856  -86.072  4.548 0.2000000030
856  3.062  -85.685  3.424 0.4000000060
559  3.610  -86.821  7.899 0.4000000060
126629  3.158  -87.022  7.700 0.4000000060
586  2.732  -86.392  5.639 0.2000000030
598  2.112  -86.981  4.895 0.4000000060
612  2.344  -86.710  3.340 0.5000000000
626  2.350  -87.472  2.396 0.6999999881
587  2.067  -87.318  5.649 0.5000000000
39  9.562  -91.121  11.879 0.5000000000
32  9.242  -91.066  12.539 0.5000000000
46  9.098  -90.693  9.681 0.5000000000
40  8.637  -91.119  11.191 0.5000000000
109  9.695  -90.160  9.269 0.6000000238
115651  9.515  -90.078  8.196 0.8000000119
126  9.871  -89.718  7.385 0.8000000119
134  9.424  -90.163  6.576 0.8999999762
62  8.950  -90.583  7.029 0.8000000119
133  10.094  -89.518  6.648 0.8999999762
124278  9.934  -90.128  5.349 0.8999999762
248  10.881  -88.752  5.735 0.8999999762
877  3.312  -85.675  1.222 0.8000000119
867  3.397  -85.402  2.462 0.4000000060
831  3.789  -85.167  5.184 0.2000000030
855  3.704  -84.979  3.394 0.3000000119
832  3.341  -85.688  5.591 0.2000000030
572  3.394  -86.465  7.420 0.3000000119
124745  9.826  -90.391  10.062 0.5000000000
117219  10.793  -88.934  7.499 0.6000000238
234  11.626  -88.265  6.475 0.6000000238
406  12.141  -87.544  4.374 0.6000000238
417  12.591  -87.080  3.797 0.6000000238
1193  4.168  -84.762  1.859 0.4000000060
111327  4.274  -84.568  2.899 0.4000000060
108  10.582  -90.150  9.915 0.5000000000
115  11.739  -89.509  8.927 0.5000000000
107  11.789  -90.130  9.739 0.4000000060
44  12.920  -90.455  9.662 0.3000000119
121791  12.525  -89.493  8.483 0.5000000000
114  12.875  -90.108  9.056 0.4000000060
53  13.592  -90.349  8.839 0.3000000119
227  12.589  -89.076  7.809 0.5000000000
132  13.361  -89.918  7.153 0.5000000000
123  13.925  -90.637  7.124 0.5000000000
228  11.722  -88.546  7.350 0.5000000000
232  13.422  -89.212  6.437 0.5000000000
160  16.060  -89.200  2.118 0.5000000000
385  12.373  -87.992  6.174 0.5000000000
233  12.564  -88.528  6.875 0.5000000000
281  16.247  -88.729  1.560 0.5000000000
274  15.853  -89.073  2.192 0.5000000000
392  13.227  -87.566  5.351 0.5000000000
288  16.601  -88.250  0.755 0.5000000000
117039  16.272  -88.360  1.225 0.5000000000
405  12.904  -87.195  4.703 0.5000000000
441  16.590  -87.851  0.269 0.5000000000
619  13.473  -86.162  2.648 0.6000000238
639  16.570  -87.374  -0.611 0.5000000000
629  16.411  -86.908  0.749 0.5000000000
618  14.550  -86.165  3.022 0.5000000000
881  16.314  -85.540  0.923 0.6000000238
1199  15.804  -84.893  1.338 0.6000000238
909  16.448  -86.430  -3.188 0.5000000000
1251  16.480  -84.965  -2.914 0.6000000238
1257  17.099  -86.193  -3.999 0.4000000060
1258  16.705  -85.686  -3.953 0.6000000238
1644  16.676  -83.645  -3.575 0.6000000238
916  16.771  -86.032  -4.496 0.6000000238
113  14.597  -89.983  8.553 0.2000000030
106  14.219  -90.144  9.266 0.2000000030
129  16.195  -89.658  5.908 0.2000000030
130  15.683  -89.875  6.458 0.2000000030
60  14.429  -90.496  7.145 0.3000000119
115264  14.470  -90.424  7.973 0.2000000030
52  13.898  -90.393  8.857 0.2000000030
61  14.051  -90.600  8.057 0.3000000119
131  13.849  -90.426  6.655 0.5000000000
393  12.506  -87.640  5.392 0.5000000000
120938  13.523  -87.314  4.603 0.5000000000
256  13.905  -88.027  5.031 0.5000000000
109466  15.930  -87.946  1.467 0.5000000000
591  14.005  -87.082  3.913 0.5000000000
423  15.757  -88.632  2.160 0.5000000000
630  16.001  -86.456  2.038 0.5000000000
859  15.407  -85.342  2.058 0.6000000238
860  14.584  -85.584  2.487 0.5000000000
141  16.441  -89.831  5.087 0.2000000030
68  15.958  -90.162  5.515 0.2000000030
70  14.213  -90.535  6.522 0.4000000060
79  14.877  -90.467  5.654 0.4000000060
142  14.546  -90.161  5.497 0.5000000000
119610  13.966  -89.516  5.798 0.5000000000
149  15.448  -89.811  4.420 0.5000000000
150  14.880  -89.757  4.635 0.5000000000
245  13.557  -88.358  5.713 0.5000000000
161  15.833  -89.251  2.794 0.5000000000
155  15.393  -89.289  3.743 0.5000000000
255  14.658  -88.963  4.361 0.5000000000
265  15.510  -88.855  2.950 0.5000000000
266  14.994  -88.736  3.742 0.5000000000
605  15.674  -87.335  2.498 0.5000000000
124363  15.333  -87.783  3.042 0.5000000000
606  14.642  -86.906  3.443 0.5000000000
118693  15.304  -86.145  2.679 0.5000000000
2000  3.021  -82.766  -0.076 0.6000000238
1579  -1.139  -84.509  1.744 0.4000000060
2002  -1.813  -82.601  0.013 0.6999999881
109456  -1.476  -83.725  0.895 0.5000000000
1987  -2.064  -82.584  1.123 0.6000000238
2430  -2.303  -81.378  0.267 0.6000000238
1988  -2.406  -81.308  1.489 0.6000000238
2858  -2.475  -80.455  2.415 0.4000000060
84  15.054  -90.226  5.039 0.4000000060
1986  1.540  -83.213  0.815 0.6000000238
2001  2.079  -82.923  -0.119 0.6000000238
126708  1.579  -83.400  -0.112 0.6000000238
128156  0.633  -84.322  0.784 0.5000000000
1567  0.254  -84.632  2.165 0.6000000238
1606  0.823  -84.807  -1.470 0.6999999881
1577  0.751  -84.252  -0.240 0.6000000238
125570  0.196  -84.678  0.300 0.6000000238
1209  -0.434  -84.910  1.672 0.4000000060
107776  0.996  -84.982  -1.990 0.6999999881
1591  0.427  -84.698  -0.995 0.6999999881
1607  0.298  -84.548  -1.642 0.6999999881
1592  -0.142  -84.620  -0.296 0.6999999881
1642  0.475  -83.608  -3.044 0.6999999881
1609  -1.364  -82.697  -1.012 0.6999999881
110179  -2.266  -82.669  2.958 0.3000000119
2410  -2.311  -81.731  2.704 0.2000000030
2391  -2.154  -81.136  3.454 0.2000000030
2431  -2.518  -80.436  0.503 0.6000000238
109482  0.807  -83.845  1.598 0.4000000060
1627  1.603  -84.998  -2.770 0.6999999881
1195  -0.847  -85.005  2.541 0.3000000119
126137  1.127  -83.722  -3.446 0.6999999881
1568  -1.544  -84.448  2.611 0.3000000119
1628  0.732  -84.454  -2.652 0.6999999881
1552  -1.998  -84.280  3.321 0.2000000030
1569  -2.027  -83.523  2.754 0.3000000119
1929  -2.515  -83.270  5.074 0.2000000030
2373  -2.137  -82.243  5.162 0.2000000030
108953  -2.253  -82.264  3.552 0.2000000030
116883  -2.055  -81.807  4.279 0.1000000015
2870  -2.658  -79.963  1.146 0.5000000000
4220  -3.293  -77.693  6.958 0.2000000030
4687  -3.145  -76.402  8.134 0.2000000030
4228  -3.476  -76.524  5.018 0.5000000000
4702  -3.401  -76.709  6.361 0.3000000119
4709  -3.453  -75.622  5.019 0.5000000000
3704  -2.629  -77.736  8.602 0.1000000015
112342  -3.192  -75.498  7.999 0.3000000119
5172  -3.434  -74.705  5.002 0.6000000238
5164  -3.004  -74.771  8.360 0.3000000119
126442  -3.414  -75.677  6.073 0.3000000119
115518  -3.407  -75.052  6.504 0.4000000060
119098  -2.875  -73.889  8.140 0.3000000119
6305  -3.142  -72.847  7.588 0.3000000119
128756  -3.450  -73.634  6.258 0.5000000000
6321  -3.313  -73.034  5.624 0.6999999881
6304  -2.390  -73.203  8.616 0.3000000119
6969  -3.240  -71.961  7.170 0.4000000060
120770  -2.981  -71.344  6.788 0.6000000238
6979  -3.115  -71.842  6.110 0.6999999881
7559  -2.365  -71.474  5.974 0.8000000119
6297  -1.686  -73.422  9.461 0.2000000030
6958  -1.940  -72.710  9.090 0.2000000030
7542  -2.896  -71.254  7.890 0.3000000119
6948  -1.178  -72.618  9.946 0.3000000119
7541  -2.153  -71.733  9.099 0.3000000119
7535  -2.689  -70.630  8.835 0.3000000119
7547  0.135  -71.532  7.344 0.8999999762
115554  -2.942  -70.443  7.942 0.4000000060
7549  -2.418  -70.921  6.606 0.8000000119
7534  -1.984  -70.819  9.534 0.3000000119
8095  -3.009  -69.886  8.375 0.6000000238
7550  -2.764  -70.648  7.232 0.5000000000
124018  -0.722  -71.209  6.908 0.8999999762
8738  -3.121  -69.218  8.613 0.6000000238
8107  -0.462  -70.636  7.334 0.8000000119
8108  -1.533  -70.684  6.896 0.6999999881
8109  -2.421  -70.228  6.916 0.6000000238
8745  -3.152  -69.191  7.837 0.6000000238
120703  -2.545  -69.525  6.964 0.6000000238
8749  -0.209  -69.930  7.669 0.8000000119
8094  -2.644  -69.831  9.308 0.5000000000
9472  -2.777  -68.232  7.385 0.6000000238
8750  -0.970  -69.106  7.339 0.8000000119
8751  -2.251  -68.944  6.905 0.6999999881
9467  -3.314  -68.375  8.044 0.6000000238
9471  -1.709  -68.179  7.150 0.6999999881
9470  -0.251  -68.313  7.565 0.8000000119
10142  -3.208  -67.420  8.270 0.6000000238
10157  -2.386  -67.387  7.588 0.6000000238
10156  -1.163  -67.310  7.473 0.8000000119
10150  -1.999  -66.486  7.747 0.6999999881
10151  -2.871  -66.843  8.056 0.6000000238
10917  -1.556  -65.882  7.940 0.6000000238
12547  -0.481  -64.373  10.730 0.6999999881
12523  -0.120  -64.417  12.158 0.6999999881
12548  -1.584  -64.762  10.751 0.6000000238
11667  -1.065  -64.565  9.886 0.6000000238
11648  -2.167  -65.571  12.256 0.5000000000
12524  -1.097  -64.472  12.433 0.6000000238
12525  -1.897  -64.933  12.706 0.5000000000
12507  -0.212  -64.543  13.140 0.8000000119
12508  -1.113  -64.547  13.374 0.6000000238
10854  -2.224  -66.471  12.871 0.5000000000
16856  -1.736  -59.179  5.328 0.8000000119
16876  -1.586  -58.632  3.673 0.6000000238
12509  -1.727  -65.110  13.381 0.6000000238
114535  -1.717  -59.047  6.890 0.6999999881
12497  -0.194  -64.360  13.964 0.8000000119
12498  -1.164  -64.728  14.104 0.6000000238
16815  -2.206  -58.155  8.617 0.8000000119
17774  -1.679  -57.653  6.819 0.4000000060
17761  -2.111  -57.435  9.138 0.6000000238
13374  -1.000  -62.746  14.581 0.6999999881
13386  -0.657  -63.522  14.370 0.6999999881
12488  -1.217  -64.084  14.637 0.6000000238
15790  1.372  -59.980  17.754 0.6999999881
16704  0.423  -59.378  16.988 0.6000000238
18591  4.774  -57.862  16.431 0.8000000119
16702  2.532  -58.974  16.947 0.8000000119
16703  1.518  -59.170  17.081 0.6999999881
18590  5.402  -57.580  16.205 0.8000000119
17660  2.675  -57.928  16.416 0.8000000119
109742  -1.693  -56.959  11.832 0.5000000000
18593  2.306  -56.931  15.775 0.6999999881
17648  1.562  -58.131  16.421 0.6999999881
17649  0.540  -58.355  16.536 0.6999999881
18613  8.129  -57.146  14.804 0.8000000119
126677  7.517  -57.654  15.202 0.8000000119
19472  7.027  -56.824  15.206 0.6000000238
18601  5.756  -56.969  15.884 0.8000000119
19463  4.751  -56.856  15.967 0.8000000119
128548  4.122  -57.340  16.240 0.8000000119
18614  7.646  -56.652  14.915 0.6999999881
19474  5.188  -55.861  15.398 0.6999999881
19475  4.109  -55.675  15.490 0.6000000238
19464  3.680  -56.455  15.789 0.6000000238
112630  8.847  -57.050  14.580 0.8000000119
106693  7.699  -55.883  14.663 0.5000000000
19488  6.936  -55.823  14.982 0.6000000238
20299  6.187  -54.543  14.772 0.6000000238
20297  8.225  -55.303  14.287 0.4000000060
21089  7.789  -54.057  13.909 0.4000000060
20296  9.210  -55.304  14.089 0.4000000060
20307  8.754  -54.401  13.626 0.4000000060
22632  8.883  -51.989  13.787 0.2000000030
21897  7.675  -52.618  13.905 0.2000000030
114576  4.361  -54.837  15.041 0.5000000000
120985  7.090  -53.278  14.220 0.4000000060
20300  5.277  -53.893  14.789 0.4000000060
20306  9.714  -54.591  13.488 0.3000000119
21065  4.460  -53.977  14.932 0.4000000060
21108  9.332  -53.711  13.227 0.2000000030
21877  7.155  -52.763  14.423 0.3000000119
21879  5.328  -53.467  14.919 0.4000000060
22657  2.702  -51.301  11.247 0.5000000000
22659  1.051  -50.723  10.922 0.5000000000
125882  3.393  -51.184  11.310 0.6000000238
23428  2.321  -50.623  10.969 0.5000000000
20322  13.066  -55.176  11.935 0.2000000030
23440  1.079  -50.359  9.874 0.3000000119
24258  2.047  -50.171  10.435 0.3000000119
23427  3.479  -50.432  11.303 0.5000000000
24288  2.041  -49.895  9.512 0.3000000119
24287  3.011  -49.653  9.516 0.4000000060
24271  3.658  -49.571  10.436 0.5000000000
24286  3.847  -49.557  9.665 0.5000000000
110919  17.645  -46.835  6.314 0.4000000060
113986  17.165  -46.108  6.035 0.4000000060
116245  16.397  -46.201  6.016 0.4000000060
28249  16.236  -46.224  5.980 0.4000000060
127866  15.401  -46.533  6.007 0.5000000000
28247  17.698  -45.433  5.793 0.4000000060
28248  16.848  -45.641  5.748 0.3000000119
28257  16.628  -45.556  5.606 0.3000000119
28258  15.920  -46.035  5.698 0.4000000060
27518  14.303  -46.522  4.386 0.3000000119
27519  13.390  -46.691  4.216 0.3000000119
82  7.932  -90.636  4.838 0.8000000119
73  7.417  -90.550  5.631 0.8000000119
118137  8.550  -90.721  7.761 0.6999999881
145  7.056  -89.644  4.886 0.8000000119
249  7.517  -88.629  5.359 0.8000000119
112763  10.602  -89.314  8.277 0.6000000238
2014  1.553  -83.869  -0.874 0.6999999881
111399  1.756  -87.944  4.711 0.6999999881
128  2.918  -88.932  7.755 0.6000000238
139  3.111  -89.334  7.171 0.6000000238
268  7.427  -89.445  3.604 0.8000000119
109864  1.545  -85.422  -2.115 0.6999999881
861  13.867  -85.535  2.178 0.6000000238
1200  15.173  -84.729  1.469 0.6000000238
107998  16.602  -84.530  -3.229 0.6000000238
15888  -2.029  -60.038  7.484 0.8000000119
115132  8.203  -56.417  14.614 0.6000000238
27481  15.661  -46.691  6.251 0.4000000060
27493  15.162  -46.297  4.927 0.3000000119
16840  -1.710  -58.406  6.041 0.5000000000
577  2.188  -87.707  6.551 0.5000000000
13  5.944  -91.423  10.210 0.5000000000
114743  6.245  -90.689  7.597 0.6999999881
55  7.651  -90.897  8.232 0.6000000238
65  6.829  -90.748  7.382 0.8000000119
64  7.405  -90.868  7.164 0.8000000119
146  6.930  -90.072  5.277 0.8000000119
87  6.961  -90.236  4.070 0.8000000119
576  2.686  -86.754  6.575 0.4000000060
11  7.715  -91.263  10.497 0.6000000238
822  3.446  -85.843  6.527 0.3000000119
125  11.728  -88.923  8.173 0.5000000000
51  14.180  -90.376  8.659 0.2000000030
148  15.997  -89.872  4.458 0.5000000000
1959  -2.309  -83.271  3.472 0.2000000030
5711  -3.391  -73.366  6.910 0.4000000060
118810  -1.240  -71.669  9.916 0.3000000119
12539  -1.781  -64.834  11.810 0.6000000238
19473  6.266  -56.408  15.383 0.6000000238
20298  7.301  -54.962  14.486 0.4000000060
21090  6.075  -53.614  14.707 0.4000000060
21109  8.444  -53.504  13.349 0.4000000060
28989  18.208  -44.618  5.717 0.2000000030
110  6.617  -89.574  10.694 0.3000000119
117  4.780  -89.345  9.305 0.4000000060
118  4.054  -89.738  9.293 0.5000000000
121765  5.687  -90.474  11.179 0.4000000060
112  4.615  -90.500  10.328 0.4000000060
49  4.590  -90.483  10.006 0.4000000060
214  7.546  -89.101  10.808 0.3000000119
104  6.924  -90.032  11.483 0.4000000060
34  6.552  -90.729  11.638 0.4000000060
124410  5.497  -90.993  11.380 0.4000000060
116042  8.427  -88.595  11.039 0.3000000119
208  8.023  -89.597  11.817 0.3000000119
125876  8.791  -88.996  11.900 0.3000000119
102  7.523  -90.454  12.051 0.4000000060
213  9.244  -88.269  11.341 0.3000000119
100  8.764  -89.865  12.622 0.4000000060
97  9.624  -90.261  13.095 0.4000000060
25  8.742  -90.758  12.729 0.4000000060
24  9.882  -90.839  12.850 0.4000000060
1  8.053  -90.952  12.381 0.4000000060
119206  10.476  -91.065  11.989 0.4000000060
201  10.371  -89.677  13.176 0.4000000060
207  9.624  -89.048  12.448 0.4000000060
206  10.775  -88.575  12.450 0.2000000030
119183  11.372  -89.507  13.498 0.3000000119
23  11.550  -90.718  13.116 0.3000000119
96  10.721  -90.500  13.361 0.4000000060
110661  10.674  -90.971  12.970 0.4000000060
30  11.158  -90.984  12.416 0.4000000060
128643  11.237  -90.405  10.474 0.4000000060
119488  10.335  -90.679  10.885 0.4000000060
93  11.748  -90.306  13.595 0.2000000030
38  11.240  -90.696  11.358 0.4000000060
3896  9.563  -78.630  -7.678 0.1000000015
3418  9.346  -79.039  -6.625 0.1000000015
2944  9.328  -80.413  -4.454 0.1000000015
3405  8.916  -79.410  -5.587 0.1000000015
2943  10.257  -80.652  -4.190 0.1000000015
2476  10.714  -81.136  -4.853 0.3000000119
2985  12.388  -80.914  -9.724 0.4000000060
3888  10.122  -78.372  -6.604 0.1000000015
4353  9.698  -78.029  -8.097 0.1000000015
3379  9.582  -79.402  -4.006 0.1000000015
2942  11.211  -80.692  -4.281 0.2000000030
2488  11.923  -81.195  -5.640 0.2000000030
126413  12.326  -81.041  -5.009 0.2000000030
2978  12.562  -80.576  -8.436 0.4000000060
119432  12.383  -80.844  -7.486 0.3000000119
119548  9.538  -78.910  -4.924 0.1000000015
4343  10.102  -77.958  -7.122 0.1000000015
112159  9.540  -77.311  -8.615 0.2000000030
107314  9.742  -77.295  -7.582 0.1000000015
122161  9.176  -76.314  -11.367 0.3000000119
5953  5.185  -73.968  -11.704 0.4000000060
5938  2.563  -74.640  -8.660 0.4000000060
6559  -3.558  -72.215  -8.542 0.6000000238
8737  -3.019  -68.884  9.075 0.5000000000
9443  -1.781  -68.495  9.947 0.4000000060
112611  -3.098  -67.494  8.845 0.5000000000
10126  -1.319  -67.200  10.133 0.5000000000
10889  -2.095  -65.601  9.656 0.4000000060
10141  -2.868  -66.672  8.589 0.5000000000
107349  -2.414  -66.003  8.900 0.5000000000
11697  -1.535  -65.438  8.502 0.5000000000
10905  -2.067  -65.421  9.037 0.5000000000
10876  -1.310  -66.629  10.819 0.4000000060
115055  -2.031  -65.243  10.407 0.5000000000
11668  -1.881  -64.976  9.754 0.5000000000
10866  -1.026  -67.124  11.849 0.3000000119
10867  -2.031  -66.357  11.758 0.4000000060
10104  -1.786  -67.119  12.775 0.4000000060
10877  -2.143  -65.774  10.660 0.4000000060
116463  -2.107  -65.349  11.260 0.4000000060
10841  -2.272  -66.507  13.652 0.3000000119
11634  -2.223  -65.718  13.103 0.4000000060
17841  -0.953  -57.743  3.138 0.3000000119
18754  -1.115  -56.846  4.556 0.3000000119
107443  -1.321  -63.173  15.019 0.6000000238
13363  -1.651  -63.230  15.908 0.4000000060
17783  -1.717  -57.162  5.924 0.4000000060
13350  -1.900  -63.129  16.841 0.3000000119
14182  -1.397  -62.318  15.207 0.6000000238
111218  -1.437  -56.926  8.831 0.4000000060
18673  -1.718  -57.395  9.607 0.5000000000
18661  -1.555  -57.599  10.854 0.4000000060
17650  -0.558  -58.374  16.503 0.5000000000
17651  -1.594  -58.231  16.672 0.4000000060
17629  -2.042  -57.502  17.674 0.3000000119
17663  -0.526  -57.317  16.179 0.5000000000
19526  -0.069  -56.530  11.499 0.3000000119
17610  -1.732  -57.806  18.448 0.3000000119
18596  -1.118  -56.849  16.572 0.4000000060
18595  -0.223  -56.547  16.083 0.3000000119
109939  -1.568  -54.678  13.164 0.4000000060
20336  -1.212  -54.178  12.270 0.6000000238
19429  -0.594  -56.510  17.114 0.3000000119
18582  -1.510  -56.840  17.049 0.3000000119
19469  -0.528  -56.535  16.587 0.4000000060
17662  0.493  -57.147  15.920 0.3000000119
17661  1.501  -57.066  15.812 0.4000000060
18594  0.659  -56.308  15.812 0.3000000119
19465  2.589  -56.137  15.657 0.5000000000
19476  3.193  -55.461  15.544 0.4000000060
19451  0.127  -56.050  16.603 0.3000000119
123968  1.929  -55.436  15.864 0.4000000060
20289  2.901  -54.804  15.680 0.4000000060
127377  2.395  -54.917  15.876 0.4000000060
20275  2.192  -54.909  16.204 0.5000000000
20276  1.683  -55.505  16.269 0.4000000060
20288  3.670  -54.617  15.391 0.4000000060
122225  3.915  -53.904  16.281 0.4000000060
2490  10.211  -81.703  -5.547 0.3000000119
125640  -2.328  -61.685  16.026 0.5000000000
21131  -1.198  -53.819  12.919 0.6000000238
21113  -1.338  -54.493  13.630 0.6000000238
223  3.576  -88.842  8.587 0.5000000000
57  3.987  -89.982  9.202 0.4000000060
9458  -2.641  -68.310  9.354 0.4000000060
10918  -2.330  -66.056  8.376 0.5000000000
111526  -1.847  -57.100  8.254 0.4000000060
18592  3.255  -57.220  16.025 0.6000000238
111  5.902  -89.467  9.947 0.4000000060
2927  10.150  -80.028  -3.696 0.1000000015
106820  -2.085  -62.337  15.999 0.5000000000
1985  2.724  -82.315  0.964 0.4000000060
2420  3.839  -81.493  2.369 0.2000000030
1984  4.790  -82.468  1.026 0.3000000119
2427  5.085  -81.895  1.693 0.2000000030
2419  4.716  -81.143  2.700 0.2000000030
1983  5.178  -82.518  1.546 0.3000000119
1576  5.060  -83.416  1.322 0.3000000119
1192  5.039  -83.898  2.258 0.3000000119
7165  -1.342  -72.649  -9.492 0.3000000119
6536  -2.321  -72.847  -7.218 0.2000000030
7686  -0.620  -71.911  -9.260 0.2000000030
6580  -1.541  -73.050  -8.458 0.2000000030
127645  -2.634  -71.744  -6.473 0.3000000119
106454  -2.891  -69.945  -7.075 0.4000000060
7629  -1.654  -71.551  -4.742 0.2000000030
7646  -2.135  -71.856  -5.591 0.2000000030
106557  -2.324  -69.921  -5.679 0.3000000119
106235  -3.049  -68.542  -7.028 0.4000000060
106570  -2.047  -66.813  -5.576 0.3000000119
106229  -2.724  -68.177  -6.625 0.4000000060
106231  -2.576  -68.851  -6.470 0.3000000119
12754  -1.016  -62.788  -3.653 0.2000000030
14372  -1.620  -62.278  -3.173 0.3000000119
13580  -1.908  -62.941  -3.631 0.3000000119
12756  -2.266  -63.615  -4.058 0.3000000119
127963  -2.528  -64.156  -4.220 0.6000000238
111600  -1.306  -65.796  -4.378 0.2000000030
12781  -2.061  -64.656  -5.077 0.2000000030
121634  -2.496  -64.765  -5.025 0.4000000060
14371  -1.105  -62.177  -3.228 0.2000000030
13564  -0.842  -62.129  -3.087 0.2000000030
14360  -1.403  -61.582  -2.693 0.2000000030
15172  -1.508  -60.320  -1.601 0.2000000030
18699  -1.359  -56.785  7.840 0.3000000119
18672  -1.245  -57.138  9.857 0.3000000119
17744  -0.653  -57.345  10.184 0.3000000119
20335  -0.483  -55.075  11.283 0.3000000119
21138  -0.918  -53.234  12.091 0.3000000119
21137  -0.799  -53.841  11.144 0.3000000119
21916  -0.840  -53.189  12.763 0.5000000000
21926  -0.455  -52.634  12.337 0.5000000000
21932  -0.605  -52.492  11.758 0.4000000060
22652  -0.180  -51.938  11.863 0.4000000060
22651  0.645  -51.618  11.611 0.4000000060
23454  2.354  -50.328  8.565 0.3000000119
23467  4.329  -51.912  7.758 0.3000000119
1194  -0.189  -84.980  2.166 0.3000000119
1180  -0.324  -84.833  2.850 0.3000000119
18713  -1.524  -56.794  7.195 0.3000000119
2437  4.049  -82.538  0.514 0.4000000060
7106  -3.136  -71.342  -7.472 0.4000000060
7130  -3.916  -71.711  -8.161 0.5000000000
6581  -2.883  -72.685  -9.465 0.3000000119
7178  -2.055  -72.764  -10.412 0.3000000119
106550  -2.267  -68.425  -5.400 0.3000000119
13590  -1.778  -63.443  -4.224 0.2000000030
22646  0.289  -52.344  12.255 0.5000000000
23455  1.234  -50.711  8.610 0.3000000119
6558  -2.251  -73.061  -8.131 0.4000000060
18671  -0.767  -56.978  9.245 0.3000000119
2429  3.658  -82.186  0.843 0.3000000119
2428  4.433  -81.976  1.232 0.2000000030
7129  -2.583  -72.434  -6.968 0.2000000030
116196  -0.829  -72.570  -8.177 0.2000000030
7105  -2.196  -72.323  -6.036 0.2000000030
6535  -1.417  -72.875  -6.401 0.2000000030
7673  -0.349  -71.875  -7.806 0.2000000030
106233  -1.538  -66.840  -4.163 0.2000000030
1926  6.154  -82.188  5.797 0.1000000015
112941  5.886  -83.035  5.163 0.1000000015
1534  5.740  -83.299  4.319 0.1000000015
1549  5.457  -83.494  3.667 0.1000000015
113650  4.335  -84.492  3.818 0.2000000030
110080  4.431  -84.510  4.778 0.1000000015
114039  3.831  -85.222  6.031 0.1000000015
124605  4.424  -84.541  5.970 0.1000000015
1916  6.374  -81.720  6.986 0.1000000015
2357  6.653  -80.767  6.763 0.1000000015
2370  6.475  -81.099  5.778 0.1000000015
1956  5.856  -82.800  3.509 0.1000000015
121171  5.692  -82.523  2.828 0.1000000015
1179  4.976  -83.974  3.322 0.2000000030
381  8.030  -87.087  7.780 0.1000000015
571  4.205  -86.012  7.823 0.1000000015
555  8.816  -86.836  7.973 0.1000000015
806  9.528  -85.456  7.647 0.1000000015
794  10.637  -85.454  8.339 0.1000000015
795  9.941  -85.840  7.986 0.1000000015
793  11.364  -85.094  8.718 0.1000000015
787  11.026  -85.758  9.077 0.1000000015
2345  6.950  -80.615  7.457 0.1000000015
2813  6.705  -79.919  6.422 0.1000000015
1940  6.207  -82.295  4.262 0.1000000015
109549  5.415  -82.871  2.170 0.2000000030
2387  6.379  -81.349  4.711 0.1000000015
569  7.423  -86.509  7.726 0.1000000015
556  5.762  -86.435  8.237 0.2000000030
370  8.446  -87.496  8.406 0.1000000015
125238  7.776  -87.661  8.185 0.2000000030
372  6.246  -87.568  8.238 0.3000000119
373  5.171  -87.241  8.411 0.3000000119
369  9.213  -87.197  8.731 0.1000000015
544  9.946  -86.827  9.088 0.1000000015
360  10.213  -87.040  9.995 0.1000000015
361  9.489  -87.411  9.659 0.1000000015
553  10.336  -86.154  8.650 0.1000000015
543  10.673  -86.435  9.467 0.1000000015
542  11.425  -86.157  9.787 0.1000000015
2418  5.263  -81.470  2.458 0.1000000015
2839  6.241  -80.765  4.258 0.1000000015
110954  6.224  -81.398  3.780 0.1000000015
3278  6.440  -79.426  6.443 0.1000000015
2825  6.488  -80.278  5.644 0.1000000015
371  7.091  -88.070  8.383 0.3000000119
220  7.826  -88.245  8.851 0.2000000030
221  6.064  -88.627  8.787 0.3000000119
114510  5.205  -88.226  8.689 0.3000000119
362  8.734  -87.825  9.258 0.2000000030
114532  3.804  -88.048  8.543 0.3000000119
353  9.780  -87.655  10.600 0.2000000030
535  11.768  -86.531  10.536 0.1000000015
536  11.017  -86.793  10.266 0.1000000015
541  12.195  -85.928  10.110 0.1000000015
2855  5.451  -80.983  3.123 0.1000000015
115941  5.613  -80.317  4.427 0.1000000015
3287  6.131  -79.650  5.640 0.1000000015
3294  6.192  -80.197  4.923 0.1000000015
112750  6.915  -88.718  9.001 0.2000000030
217  8.975  -87.972  10.298 0.2000000030
119089  8.138  -88.385  9.961 0.2000000030
352  10.573  -87.399  10.816 0.1000000015
222  4.161  -88.742  8.853 0.3000000119
786  12.587  -85.244  9.792 0.1000000015
1972  2.897  -81.927  2.012 0.2000000030
2407  4.780  -80.773  3.488 0.1000000015
2826  5.614  -79.870  5.119 0.1000000015
2841  4.938  -80.505  4.121 0.1000000015
218  7.183  -88.889  9.779 0.2000000030
777  13.647  -85.152  11.403 0.1000000015
533  13.199  -85.933  11.557 0.1000000015
534  12.452  -86.246  10.927 0.1000000015
778  12.876  -85.586  10.655 0.1000000015
350  12.076  -86.803  11.226 0.1000000015
2408  3.803  -81.286  3.383 0.1000000015
528  12.720  -86.640  11.769 0.1000000015
351  11.397  -87.202  11.145 0.1000000015
345  10.865  -87.785  11.521 0.1000000015
212  10.160  -88.069  11.508 0.2000000030
45  12.113  -90.473  10.527 0.3000000119
109642  2.986  -81.852  2.952 0.1000000015
115874  2.119  -82.464  1.691 0.2000000030
107684  14.426  -86.318  12.823 0.1000000015
342  13.139  -87.176  12.676 0.1000000015
760  16.512  -86.049  11.575 0.1000000015
526  14.950  -85.968  12.578 0.1000000015
343  12.138  -87.402  12.039 0.1000000015
344  11.377  -87.834  11.925 0.1000000015
1957  2.353  -82.227  3.421 0.1000000015
119223  3.348  -81.429  4.216 0.1000000015
515  15.051  -86.947  13.311 0.1000000015
774  17.117  -85.651  10.644 0.1000000015
525  15.986  -86.440  12.363 0.1000000015
332  15.817  -87.964  13.373 0.1000000015
335  12.708  -88.011  13.152 0.1000000015
336  11.750  -88.339  12.828 0.1000000015
1973  2.029  -82.405  2.610 0.1000000015
524  16.960  -87.212  12.012 0.1000000015
120759  15.676  -86.962  12.944 0.1000000015
516  14.220  -87.070  13.319 0.1000000015
334  13.684  -87.792  13.512 0.1000000015
200  12.365  -88.981  13.716 0.1000000015
153  17.178  -89.397  3.309 0.3000000119
116639  15.880  -89.568  3.654 0.4000000060
190  15.262  -88.583  13.722 0.1000000015
90  13.890  -89.234  13.848 0.1000000015
193  12.184  -89.762  13.854 0.1000000015
107137  4.699  -74.146  -10.926 0.2000000030
262  19.549  -87.647  2.829 0.2000000030
123460  17.655  -88.870  1.886 0.2000000030
280  17.174  -88.772  1.281 0.3000000119
422  19.998  -87.583  2.287 0.2000000030
440  16.986  -87.916  -0.290 0.4000000060
617  20.896  -87.142  2.280 0.2000000030
1551  0.307  -84.045  3.219 0.1000000015
119407  0.892  -72.848  -11.408 0.3000000119
6593  1.862  -73.162  -9.881 0.3000000119
124050  2.759  -73.745  -8.174 0.2000000030
6556  3.957  -73.508  -7.248 0.2000000030
114896  4.210  -74.584  -9.368 0.2000000030
271  19.111  -88.035  2.419 0.2000000030
126676  17.755  -88.558  1.223 0.3000000119
287  17.343  -88.320  0.503 0.3000000119
439  17.829  -87.948  -0.270 0.4000000060
278  19.284  -87.826  1.497 0.3000000119
430  18.790  -87.775  0.517 0.3000000119
447  16.764  -87.447  -1.064 0.4000000060
452  16.696  -87.145  -2.183 0.4000000060
7200  -0.099  -72.490  -11.703 0.2000000030
7707  1.128  -71.463  -11.587 0.1000000015
111064  2.359  -72.795  -9.322 0.2000000030
110619  2.684  -72.980  -8.435 0.2000000030
7671  2.917  -71.498  -8.048 0.1000000015
119983  2.873  -70.636  -7.977 0.1000000015
110876  6.204  -73.088  -8.219 0.1000000015
438  18.718  -87.548  -0.056 0.3000000119
644  18.630  -87.125  -0.481 0.3000000119
650  17.706  -86.934  -1.670 0.3000000119
122999  16.865  -86.988  -2.650 0.4000000060
112878  -0.913  -72.163  -11.249 0.2000000030
109646  -1.357  -72.276  -10.653 0.1000000015
7708  0.543  -71.379  -11.508 0.2000000030
8303  0.429  -70.400  -11.203 0.2000000030
8282  1.810  -69.866  -10.319 0.1000000015
8267  2.419  -70.204  -9.247 0.1000000015
890  18.767  -84.906  -0.293 0.2000000030
891  18.122  -85.600  -1.262 0.2000000030
1237  16.473  -86.219  -3.449 0.3000000119
1250  16.640  -85.886  -3.515 0.5000000000
7709  -0.097  -71.423  -11.198 0.1000000015
8283  -0.145  -70.463  -10.658 0.1000000015
125013  -0.416  -69.981  -9.237 0.1000000015
8985  0.222  -68.921  -10.536 0.1000000015
8971  -0.333  -68.183  -9.900 0.1000000015
10366  -0.411  -67.153  -8.976 0.1000000015
1263  16.840  -84.672  -4.372 0.4000000060
8255  -0.247  -71.000  -8.586 0.1000000015
933  17.965  -86.289  -5.719 0.3000000119
934  17.211  -86.099  -5.686 0.3000000119
1676  17.644  -83.923  -7.643 0.4000000060
2067  17.361  -82.793  -7.519 0.5000000000
939  18.719  -85.870  -6.340 0.3000000119
940  17.844  -85.877  -6.462 0.3000000119
7083  -0.845  -72.423  -4.722 0.1000000015
6494  -1.345  -72.483  -5.366 0.1000000015
7103  -0.296  -72.270  -5.794 0.1000000015
7128  -0.744  -72.664  -6.430 0.1000000015
106237  -1.830  -68.736  -3.868 0.2000000030
106227  -1.798  -70.960  -4.403 0.1000000015
7073  -1.280  -71.721  -3.663 0.1000000015
106623  -2.077  -69.334  -4.704 0.2000000030
106245  -1.895  -67.758  -4.705 0.2000000030
2857  -2.451  -80.026  3.425 0.3000000119
3299  -2.957  -79.201  3.872 0.2000000030
16016  -1.645  -59.983  -1.022 0.2000000030
5691  -2.297  -75.187  10.129 0.1000000015
16952  -1.013  -59.150  -0.280 0.2000000030
16936  -0.472  -58.734  0.563 0.1000000015
16937  -0.879  -58.765  0.771 0.1000000015
15960  -1.450  -59.168  1.378 0.3000000119
17857  -0.569  -57.923  2.236 0.1000000015
16898  -1.374  -58.541  2.692 0.2000000030
7527  -0.968  -71.093  10.178 0.2000000030
119329  -1.152  -69.920  10.044 0.3000000119
8729  -2.166  -69.330  9.817 0.3000000119
8728  -1.047  -69.183  10.137 0.3000000119
18720  -1.159  -56.369  6.301 0.2000000030
18712  -1.000  -56.402  7.112 0.2000000030
17743  0.272  -57.941  9.862 0.2000000030
119914  -0.748  -56.733  8.066 0.2000000030
17731  0.343  -57.910  10.822 0.2000000030
17718  -0.189  -57.335  11.267 0.2000000030
20343  0.815  -55.633  10.586 0.2000000030
107125  0.029  -54.651  10.106 0.2000000030
20354  3.125  -55.984  9.236 0.1000000015
20356  1.245  -55.323  9.916 0.2000000030
19540  3.436  -56.775  9.720 0.2000000030
20377  2.766  -55.429  8.531 0.1000000015
21154  1.045  -54.832  9.168 0.2000000030
108758  -0.524  -53.491  10.034 0.2000000030
23429  0.155  -51.424  11.123 0.3000000119
21169  1.867  -54.881  8.467 0.1000000015
21155  0.036  -54.065  9.017 0.2000000030
118881  -0.229  -51.670  10.496 0.2000000030
21940  -0.340  -52.945  9.001 0.1000000015
110745  -0.560  -52.464  10.199 0.2000000030
21170  0.841  -54.316  8.256 0.1000000015
23441  0.284  -50.958  10.281 0.2000000030
22672  -0.208  -51.775  9.580 0.2000000030
23456  0.362  -50.987  9.168 0.2000000030
21068  2.728  -54.498  16.037 0.3000000119
23469  1.731  -51.371  7.594 0.1000000015
23468  3.115  -51.769  7.638 0.1000000015
22697  2.442  -52.262  6.688 0.1000000015
23453  3.506  -50.323  8.705 0.1000000015
22696  3.807  -52.449  6.906 0.1000000015
21106  11.425  -54.529  13.117 0.2000000030
27499  6.790  -45.813  5.764 0.1000000015
192  12.972  -89.506  13.901 0.1000000015
9457  -2.195  -67.486  9.534 0.3000000119
7176  1.541  -72.751  -10.829 0.4000000060
126104  17.161  -83.732  -5.938 0.5000000000
1268  17.086  -85.135  -5.899 0.3000000119
6554  5.464  -73.521  -7.562 0.1000000015
5916  4.827  -74.169  -8.077 0.1000000015
125816  3.176  -73.224  -7.730 0.1000000015
126289  -0.346  -55.862  11.530 0.2000000030
26717  6.210  -46.216  5.946 0.1000000015
374  4.365  -87.157  8.369 0.3000000119
811  4.627  -85.041  7.707 0.1000000015
165  16.742  -89.153  1.914 0.2000000030
925  16.975  -86.271  -4.882 0.3000000119
5697  -1.923  -74.320  9.823 0.2000000030
121687  12.074  -90.617  11.450 0.3000000119
18652  -0.178  -57.101  11.388 0.2000000030
7697  -0.576  -71.526  -10.606 0.1000000015
8269  -0.454  -70.722  -9.791 0.1000000015
21931  -0.736  -52.888  11.076 0.2000000030
1143  5.217  -83.826  5.291 0.1000000015
1955  6.052  -82.025  3.236 0.1000000015
557  4.967  -86.288  8.307 0.1000000015
2405  6.012  -80.889  3.625 0.1000000015
763  14.103  -85.649  12.231 0.1000000015
761  15.305  -85.270  11.792 0.1000000015
7175  2.161  -72.200  -10.451 0.2000000030
445  17.781  -87.511  -1.065 0.3000000119
7186  1.809  -71.399  -11.176 0.2000000030
118616  1.451  -70.789  -11.394 0.1000000015
120315  2.267  -70.659  -9.980 0.1000000015
125369  2.675  -69.768  -8.177 0.1000000015
124077  18.529  -86.202  -0.628 0.3000000119
900  17.271  -86.048  -2.574 0.3000000119
8301  1.347  -70.090  -11.258 0.1000000015
8302  0.762  -69.689  -11.137 0.1000000015
8300  1.903  -70.680  -10.961 0.1000000015
8984  1.039  -69.192  -10.777 0.1000000015
108811  -0.360  -69.576  -10.032 0.1000000015
8958  -0.598  -68.857  -9.311 0.1000000015
1277  17.478  -85.445  -6.542 0.3000000119
20355  2.159  -55.483  9.387 0.2000000030
123375  9.598  -76.491  -7.099 0.1000000015
5340  9.342  -75.544  -7.286 0.1000000015
4833  9.391  -76.392  -7.872 0.1000000015
5350  9.247  -75.594  -8.160 0.1000000015
110017  8.603  -75.237  -10.604 0.2000000030
4848  9.102  -75.821  -9.848 0.2000000030
2081  17.732  -83.242  -8.434 0.3000000119
2528  13.041  -81.268  -10.792 0.3000000119
2089  17.669  -82.471  -9.255 0.3000000119
4818  11.889  -76.851  -5.378 0.1000000015
4820  10.252  -76.415  -5.888 0.1000000015
4325  12.132  -77.592  -4.597 0.1000000015
4819  11.043  -77.329  -5.694 0.1000000015
116195  9.624  -76.032  -6.332 0.1000000015
5934  8.874  -74.080  -9.101 0.1000000015
1692  18.138  -83.053  -9.402 0.1000000015
2518  16.557  -81.029  -10.564 0.3000000119
2525  16.482  -80.225  -10.956 0.3000000119
2996  15.818  -79.994  -11.552 0.3000000119
2517  17.592  -81.776  -10.225 0.2000000030
4807  12.563  -77.263  -5.046 0.1000000015
4806  12.825  -77.256  -4.425 0.1000000015
125955  10.623  -75.178  -5.163 0.1000000015
5308  9.911  -75.410  -5.719 0.1000000015
5322  9.474  -75.143  -6.529 0.1000000015
3432  15.657  -79.047  -9.445 0.1000000015
3426  14.099  -79.378  -8.874 0.1000000015
2097  18.546  -82.105  -10.286 0.1000000015
2987  18.432  -80.745  -10.344 0.1000000015
2995  16.393  -80.010  -11.036 0.2000000030
3440  15.487  -79.613  -10.714 0.2000000030
3433  14.738  -79.444  -9.844 0.1000000015
2524  17.473  -81.081  -10.710 0.3000000119
4817  12.771  -76.611  -5.379 0.1000000015
10887  -0.519  -67.085  10.547 0.3000000119
10888  -1.899  -66.370  10.166 0.3000000119
10069  -1.673  -67.474  15.166 0.1000000015
10830  -2.086  -67.304  15.785 0.1000000015
11601  -1.468  -65.795  16.456 0.1000000015
10079  -1.079  -67.680  14.455 0.1000000015
128616  -2.296  -66.980  14.139 0.1000000015
116790  -1.562  -65.175  15.470 0.2000000030
11622  -2.182  -66.463  14.441 0.2000000030
113161  -1.889  -65.720  13.965 0.2000000030
12477  -1.467  -64.350  15.900 0.3000000119
112662  -1.706  -65.447  14.698 0.3000000119
27478  18.215  -46.154  6.154 0.2000000030
2984  13.214  -80.074  -8.982 0.2000000030
2991  12.967  -80.736  -10.397 0.3000000119
2990  13.834  -79.974  -10.114 0.3000000119
2997  14.692  -80.251  -11.293 0.3000000119
4840  9.287  -76.218  -8.841 0.2000000030
28246  18.749  -45.362  6.101 0.2000000030
10080  -1.909  -67.318  14.276 0.2000000030
5351  9.152  -75.171  -8.966 0.1000000015
2994  17.183  -80.300  -10.770 0.1000000015
2523  18.302  -81.325  -10.581 0.2000000030
110156  14.922  -79.033  -8.772 0.1000000015
119184  13.733  -79.546  -7.973 0.1000000015
111230  -2.214  -67.071  14.865 0.1000000015
11611  -2.055  -66.435  15.436 0.1000000015
12453  -1.493  -64.008  17.778 0.2000000030
13336  -1.873  -62.784  18.574 0.1000000015
14150  -2.294  -62.192  16.765 0.1000000015
13322  -1.555  -63.086  19.508 0.1000000015
14116  -1.804  -62.107  19.079 0.2000000030
14891  -1.511  -61.431  20.124 0.1000000015
17591  -0.829  -58.441  20.073 0.1000000015
17608  -0.200  -58.051  19.403 0.1000000015
18543  -0.638  -57.521  18.635 0.1000000015
18565  -1.865  -57.218  17.676 0.2000000030
21840  5.208  -53.063  15.479 0.1000000015
21841  4.659  -53.557  15.277 0.1000000015
17606  2.552  -57.961  19.136 0.1000000015
21047  6.620  -53.220  16.251 0.1000000015
21049  4.599  -53.393  16.119 0.1000000015
21036  2.734  -54.557  16.593 0.1000000015
20242  3.442  -55.588  18.111 0.1000000015
18562  0.962  -57.028  18.330 0.1000000015
20258  1.985  -55.025  16.695 0.1000000015
19450  1.004  -55.889  16.909 0.2000000030
19428  0.473  -56.490  17.412 0.1000000015
21048  5.632  -53.187  16.440 0.1000000015
122132  4.999  -54.331  17.559 0.1000000015
22599  6.846  -52.714  14.762 0.1000000015
28998  16.953  -44.729  5.314 0.2000000030
28999  16.243  -45.105  4.856 0.2000000030
28277  14.708  -45.780  4.068 0.2000000030
29765  17.791  -44.012  5.479 0.1000000015
28997  17.381  -44.383  5.364 0.1000000015
29017  16.722  -44.291  4.674 0.1000000015
29019  15.241  -45.058  3.848 0.2000000030
28297  14.202  -45.035  3.587 0.2000000030
29035  14.670  -44.216  3.484 0.1000000015
29036  13.603  -44.131  3.652 0.1000000015
19427  2.460  -56.433  18.296 0.1000000015
20241  4.303  -55.379  18.139 0.1000000015
20256  4.324  -54.602  17.534 0.1000000015
21046  7.076  -54.010  16.593 0.1000000015
21839  5.978  -52.959  15.775 0.1000000015
106812  -1.984  -62.959  17.762 0.1000000015
111911  -1.419  -60.445  20.483 0.1000000015
17609  -1.182  -57.923  19.234 0.2000000030
27477  19.149  -46.135  6.630 0.2000000030
29020  13.196  -44.933  3.857 0.2000000030
29793  10.300  -43.149  4.332 0.1000000015
28245  19.564  -45.302  6.886 0.2000000030
29790  13.015  -43.220  3.917 0.1000000015
915  16.893  -86.265  -4.426 0.3000000119
28990  17.392  -44.835  5.538 0.2000000030
28991  17.054  -45.068  5.527 0.2000000030
28276  15.498  -45.685  4.622 0.2000000030
28278  13.743  -45.846  3.851 0.2000000030
21035  3.567  -54.175  16.755 0.1000000015
18541  1.418  -57.765  18.887 0.1000000015
19413  3.006  -57.059  18.945 0.1000000015
18561  2.011  -57.112  18.637 0.1000000015
21033  5.261  -53.749  17.119 0.1000000015
110015  2.613  -55.119  17.359 0.1000000015
20243  2.738  -55.769  18.031 0.1000000015
19412  3.934  -56.941  19.043 0.1000000015
110835  1.506  -56.461  17.815 0.1000000015
29018  15.909  -44.181  3.795 0.1000000015
29775  17.258  -43.922  5.056 0.1000000015
29034  15.013  -43.392  3.422 0.1000000015
111058  17.173  -85.830  -3.419 0.3000000119
1249  18.353  -84.365  -2.880 0.1000000015
1236  17.589  -84.967  -2.697 0.3000000119
122908  20.402  -84.990  -3.346 0.1000000015
116941  18.821  -85.661  -4.360 0.1000000015
912  20.883  -85.540  -3.848 0.1000000015
121552  23.340  -84.258  -4.169 0.1000000015
1262  22.250  -84.856  -4.483 0.1000000015
920  22.053  -85.259  -4.007 0.1000000015
1651  23.585  -83.934  -4.665 0.1000000015
913  19.779  -85.690  -4.499 0.1000000015
2049  23.897  -83.369  -5.026 0.1000000015
127699  23.702  -83.871  -4.472 0.1000000015
2473  24.078  -82.230  -5.499 0.1000000015
2472  24.488  -81.503  -5.224 0.1000000015
1297  18.608  -84.055  -8.504 0.2000000030
1296  19.277  -84.318  -8.172 0.2000000030
943  19.360  -85.408  -6.852 0.1000000015
914  17.693  -86.071  -4.388 0.2000000030
908  21.715  -85.310  -3.569 0.1000000015
121431  24.111  -82.892  -4.853 0.1000000015
2034  23.888  -83.440  -4.343 0.1000000015
1254  22.364  -85.008  -3.497 0.1000000015
944  18.639  -85.447  -7.116 0.2000000030
1298  18.085  -83.641  -8.683 0.2000000030
110601  21.429  -85.483  -4.038 0.1000000015
945  17.940  -85.258  -7.268 0.2000000030
126444  17.884  -83.933  -8.251 0.2000000030
938  19.628  -85.525  -6.203 0.1000000015
931  20.242  -85.560  -5.370 0.1000000015
1275  20.277  -85.087  -6.119 0.1000000015
921  21.547  -85.327  -4.446 0.1000000015
924  17.485  -86.345  -4.810 0.2000000030
116596  18.539  -86.131  -4.805 0.2000000030
923  19.414  -85.957  -4.996 0.1000000015
8087  -0.227  -70.071  10.536 0.2000000030
9442  -0.706  -68.092  10.185 0.2000000030
9426  1.921  -68.359  11.350 0.2000000030
9441  0.511  -68.075  10.399 0.2000000030
10125  0.609  -67.545  10.678 0.2000000030
111730  -0.080  -67.567  10.362 0.2000000030
109132  1.155  -67.403  11.631 0.2000000030
10115  0.331  -66.997  10.997 0.2000000030
107744  -1.512  -63.983  16.757 0.1000000015
11867  -1.076  -64.226  -4.226 0.1000000015
14359  -0.965  -61.386  -2.646 0.1000000015
16962  -1.324  -59.126  -0.925 0.1000000015
106303  23.414  -50.738  14.141 0.1000000015
106431  22.660  -50.457  13.282 0.1000000015
126229  23.661  -49.866  13.608 0.1000000015
28981  20.062  -44.596  7.295 0.1000000015
28988  19.297  -44.432  6.276 0.1000000015
2977  13.157  -80.139  -7.508 0.2000000030
106283  24.260  -51.016  12.012 0.1000000015
8726  0.903  -68.732  10.601 0.2000000030
37  12.912  -90.536  10.550 0.2000000030
147  16.612  -89.515  4.069 0.2000000030
2914  11.947  -80.089  -2.818 0.1000000015
2924  12.707  -80.471  -3.613 0.1000000015
2940  13.078  -80.787  -4.754 0.1000000015
2955  13.457  -80.563  -5.775 0.1000000015
7127  4.253  -72.600  -6.752 0.1000000015
3817  12.351  -78.318  -1.657 0.1000000015
2913  12.865  -80.043  -2.735 0.1000000015
3369  12.346  -79.622  -2.233 0.1000000015
121918  13.491  -80.176  -3.310 0.1000000015
117470  13.761  -80.416  -4.091 0.1000000015
2956  12.672  -80.936  -5.635 0.1000000015
2966  14.152  -80.105  -6.171 0.1000000015
2968  12.923  -80.644  -6.527 0.1000000015
2500  12.189  -81.107  -6.486 0.1000000015
7657  4.850  -71.555  -6.003 0.1000000015
7126  5.084  -72.422  -6.239 0.1000000015
16827  2.453  -58.863  8.299 0.1000000015
16814  2.027  -59.015  9.042 0.1000000015
17760  1.198  -58.440  9.222 0.1000000015
18698  0.191  -57.527  8.717 0.1000000015
16813  2.867  -59.315  9.004 0.1000000015
17730  1.378  -58.339  10.876 0.1000000015
16793  1.745  -58.925  9.727 0.1000000015
17729  2.154  -58.363  10.809 0.1000000015
17716  1.483  -58.003  11.165 0.1000000015
16792  2.436  -59.170  9.717 0.1000000015
17728  3.076  -58.482  10.455 0.1000000015
19531  3.013  -57.284  10.365 0.1000000015
19532  2.135  -56.933  10.740 0.1000000015
19525  1.241  -56.932  11.250 0.1000000015
20342  1.820  -55.974  10.261 0.1000000015
20334  0.514  -56.129  11.180 0.1000000015
123623  7.352  -45.637  5.646 0.1000000015
110785  19.383  -86.296  0.220 0.1000000015
29022  9.643  -44.074  4.617 0.1000000015
29002  8.635  -44.496  4.923 0.1000000015
29037  8.486  -44.671  4.647 0.1000000015
28261  8.299  -44.954  5.159 0.1000000015
2941  12.135  -80.841  -4.331 0.1000000015
638  19.383  -87.178  0.307 0.2000000030
18711  -0.331  -56.708  7.167 0.1000000015
17717  0.819  -57.823  11.204 0.1000000015
19541  2.686  -56.338  9.989 0.1000000015
2954  14.205  -80.410  -5.120 0.1000000015
18660  2.609  -57.852  10.769 0.1000000015
429  20.217  -87.429  1.714 0.1000000015
637  20.177  -86.924  0.880 0.1000000015
437  19.666  -87.391  0.913 0.1000000015
120749  20.640  -87.118  1.583 0.1000000015
1181  -0.925  -85.112  3.464 0.1000000015
114630  -1.483  -85.255  4.013 0.1000000015
1182  -1.465  -84.952  3.344 0.1000000015
1537  -2.433  -84.229  4.603 0.1000000015
128797  -1.711  -81.362  4.901 0.1000000015
2390  -1.873  -80.766  4.286 0.1000000015
3737  -3.203  -78.475  4.573 0.1000000015
263  18.782  -88.161  3.104 0.1000000015
413  20.344  -87.286  2.790 0.1000000015
1566  0.905  -83.186  2.637 0.1000000015
1165  -1.982  -85.115  4.562 0.1000000015
1147  -2.274  -84.729  5.180 0.1000000015
1519  -2.563  -83.941  5.494 0.1000000015
1918  -2.498  -82.959  5.787 0.1000000015
3291  -2.358  -79.337  4.842 0.1000000015
110204  -2.935  -78.331  5.772 0.1000000015
109988  -3.380  -77.637  6.055 0.1000000015
264  18.013  -88.819  3.474 0.1000000015
109460  17.415  -89.101  4.176 0.1000000015
273  17.513  -89.206  2.637 0.1000000015
414  19.102  -87.676  3.293 0.1000000015
603  19.775  -87.412  3.076 0.1000000015
3281  -1.550  -79.423  6.220 0.1000000015
3736  -2.203  -79.048  5.597 0.1000000015
3727  -2.022  -78.806  6.486 0.1000000015
3728  -2.886  -78.216  6.774 0.1000000015
402  17.274  -88.792  4.816 0.1000000015
122  14.913  -90.236  7.572 0.1000000015
120303  17.823  -88.491  4.272 0.1000000015
415  18.466  -88.114  3.771 0.1000000015
106943  -2.516  -75.912  9.914 0.1000000015
126136  -0.801  -72.338  11.603 0.1000000015
7526  -0.205  -71.327  10.893 0.1000000015
8088  -0.633  -70.602  10.380 0.1000000015
8089  -1.621  -70.273  9.825 0.1000000015
8073  0.390  -70.703  11.456 0.1000000015
8063  1.440  -70.537  12.254 0.1000000015
8072  1.116  -70.135  11.530 0.1000000015
8698  2.082  -69.751  11.761 0.1000000015
8710  1.607  -69.079  11.066 0.1000000015
8709  2.308  -69.048  11.643 0.1000000015
10114  1.315  -67.624  11.094 0.1000000015
8697  2.770  -69.488  12.311 0.1000000015
9417  2.567  -68.549  12.152 0.1000000015
9416  3.123  -68.915  12.754 0.1000000015
10113  1.900  -67.779  11.872 0.1000000015
9397  3.509  -68.840  14.169 0.1000000015
127331  2.764  -68.438  12.801 0.1000000015
10088  2.200  -67.839  13.865 0.1000000015
10102  1.368  -67.465  12.484 0.1000000015
108470  -0.763  -67.425  12.825 0.1000000015
10090  0.514  -67.365  13.082 0.1000000015
10089  1.473  -67.492  13.453 0.1000000015
111853  0.759  -67.347  13.910 0.1000000015
10091  -1.473  -67.459  13.591 0.1000000015
20321  13.444  -55.079  11.303 0.1000000015
20323  12.264  -55.055  12.447 0.1000000015
21125  15.136  -53.619  10.859 0.1000000015
242  16.765  -89.165  5.385 0.1000000015
243  16.264  -88.830  5.994 0.1000000015
226  14.659  -88.876  7.871 0.1000000015
36  13.547  -90.371  10.384 0.1000000015
108452  14.307  -54.229  10.818 0.1000000015
43  13.511  -90.376  9.534 0.1000000015
35  13.817  -90.229  10.468 0.1000000015
230  15.757  -89.294  6.464 0.1000000015
3298  -1.964  -79.931  4.521 0.1000000015
22  12.446  -90.487  13.133 0.1000000015
29  12.272  -90.665  12.297 0.1000000015
8711  0.663  -69.634  10.820 0.1000000015
10103  0.414  -67.213  11.977 0.1000000015
0  8.548  -91.055  12.449 0.5000000000
2  7.499  -91.041  12.041 0.5000000000
3  7.130  -90.788  11.782 0.5000000000
4  8.030  -91.166  12.138 0.5000000000
5  7.470  -91.153  11.775 0.5000000000
14  5.003  -91.256  10.357 0.4000000060
17  5.276  -90.846  9.126 0.5000000000
20  12.062  -90.446  13.405 0.2000000030
26  7.486  -90.798  12.075 0.4000000060
28  13.127  -90.459  11.502 0.1000000015
31  10.154  -91.052  12.550 0.4000000060
33  8.669  -91.231  12.080 0.5000000000
41  5.894  -91.055  11.332 0.4000000060
42  13.912  -90.297  9.522 0.2000000030
47  8.141  -91.008  9.436 0.6000000238
50  4.167  -89.995  9.671 0.4000000060
58  3.709  -89.538  8.662 0.6000000238
59  14.704  -90.480  6.270 0.4000000060
69  15.555  -90.304  6.049 0.2000000030
77  15.703  -90.184  4.958 0.5000000000
78  15.396  -90.319  5.403 0.2000000030
80  14.153  -90.278  6.174 0.5000000000
86  7.231  -90.448  3.886 0.8000000119
91  13.412  -89.771  13.699 0.1000000015
92  12.605  -90.155  13.644 0.2000000030
98  7.997  -90.739  12.429 0.4000000060
101  8.176  -90.344  12.472 0.4000000060
105  4.910  -91.130  11.124 0.5000000000
116  10.580  -89.671  9.151 0.6000000238
119  3.929  -89.552  8.973 0.6000000238
121  15.217  -90.301  6.789 0.2000000030
124  13.475  -90.207  8.052 0.5000000000
127  3.311  -89.403  7.928 0.6000000238
144  9.566  -90.243  5.790 0.8999999762
154  16.315  -89.509  2.962 0.4000000060
158  7.023  -90.411  3.471 0.8000000119
159  16.706  -89.408  2.519 0.2000000030
199  13.369  -88.684  13.806 0.1000000015
224  3.141  -88.855  8.071 0.5000000000
225  15.277  -89.715  7.028 0.1000000015
235  10.856  -88.760  6.663 0.8000000119
240  2.517  -88.936  6.381 0.8000000119
241  2.322  -88.855  6.582 0.6999999881
244  14.259  -89.178  5.173 0.5000000000
246  12.973  -87.962  6.074 0.5000000000
254  16.979  -89.302  4.785 0.2000000030
258  7.226  -89.520  4.358 0.8000000119
259  6.962  -90.049  3.547 0.8000000119
270  2.507  -88.234  2.911 0.8999999762
272  18.328  -88.651  2.615 0.1000000015
277  3.054  -88.506  2.299 0.8999999762
279  18.287  -88.215  0.816 0.3000000119
282  15.972  -88.847  1.717 0.5000000000
286  2.987  -88.314  1.692 0.8000000119
323  14.426  -88.418  13.898 0.1000000015
331  16.488  -87.656  12.679 0.1000000015
333  14.964  -87.755  13.853 0.1000000015
375  3.661  -87.375  8.215 0.4000000060
382  7.261  -87.290  7.968 0.2000000030
386  6.778  -88.244  6.061 0.8999999762
389  2.110  -88.609  6.511 0.6000000238
401  1.819  -88.338  5.616 0.6999999881
404  14.351  -87.942  4.264 0.5000000000
407  8.921  -87.632  4.725 0.8999999762
411  2.909  -88.707  3.653 0.8999999762
416  14.834  -87.907  3.606 0.5000000000
432  11.888  -88.012  0.817 1.0000000000
446  17.140  -87.615  -1.330 0.4000000060
451  17.070  -87.317  -2.157 0.4000000060
456  10.637  -87.626  -2.893 0.8999999762
527  13.613  -86.416  12.405 0.1000000015
532  17.458  -86.832  11.203 0.1000000015
554  9.585  -86.528  8.298 0.1000000015
558  4.326  -86.512  8.115 0.1000000015
567  9.159  -86.102  7.717 0.1000000015
568  8.293  -86.286  7.618 0.1000000015
570  6.677  -86.752  7.948 0.1000000015
573  2.755  -87.245  7.356 0.4000000060
593  10.117  -86.050  4.609 0.8999999762
607  13.815  -86.412  3.289 0.5000000000
623  5.364  -87.027  1.924 0.8999999762
636  2.627  -87.963  1.437 0.8000000119
641  8.561  -87.138  -0.578 1.0000000000
648  4.230  -86.983  -1.984 0.8999999762
649  3.301  -87.095  -1.191 0.8999999762
651  16.561  -86.698  -2.900 0.4000000060
654  3.461  -86.845  -1.932 0.8999999762
655  16.377  -86.744  -2.924 0.5000000000
660  10.838  -87.338  -4.173 0.8999999762
661  18.253  -86.336  -5.167 0.3000000119
662  17.453  -86.348  -5.204 0.2000000030
663  11.999  -87.383  -4.667 1.0000000000
812  3.980  -85.644  7.344 0.1000000015
821  4.136  -85.045  6.844 0.1000000015
826  9.991  -85.468  4.897 1.0000000000
828  8.787  -85.846  5.329 0.8999999762
841  3.672  -85.088  4.200 0.3000000119
850  14.024  -85.852  2.789 0.6000000238
854  5.843  -86.131  3.873 0.8999999762
870  16.085  -85.671  1.586 0.6000000238
871  14.612  -85.066  1.841 0.6000000238
897  5.103  -86.529  -1.535 0.8999999762
901  16.476  -86.686  -3.045 0.3000000119
902  16.230  -86.445  -2.760 0.6999999881
903  13.298  -85.750  -1.689 0.8999999762
907  2.940  -86.337  -2.373 0.8999999762
911  12.962  -86.514  -2.729 0.8999999762
922  20.702  -85.578  -4.531 0.1000000015
926  16.865  -85.628  -5.088 0.3000000119
930  21.074  -85.368  -4.929 0.1000000015
932  19.019  -86.035  -5.584 0.1000000015
1141  8.980  -85.071  5.112 1.0000000000
1155  12.006  -83.910  3.953 1.0000000000
1157  10.333  -84.710  4.680 1.0000000000
1158  10.015  -84.148  4.725 1.0000000000
1162  5.049  -83.957  4.201 0.1000000015
1176  11.532  -84.574  3.391 1.0000000000
1183  -2.115  -84.881  3.902 0.1000000015
1202  11.955  -83.915  2.049 1.0000000000
1206  4.699  -84.192  1.371 0.3000000119
1208  0.048  -84.969  1.677 0.4000000060
1215  14.315  -84.446  0.429 0.8000000119
1220  4.608  -84.113  0.754 0.5000000000
1226  16.389  -84.999  -0.639 0.6999999881
1244  22.907  -84.537  -3.502 0.1000000015
1255  19.709  -85.364  -3.923 0.1000000015
1256  18.249  -85.231  -3.811 0.1000000015
1259  13.590  -84.576  -3.562 0.8999999762
1261  22.703  -84.734  -4.038 0.1000000015
1272  7.949  -84.813  -6.673 1.0000000000
1276  19.882  -85.123  -6.805 0.1000000015
1282  8.389  -84.728  -7.666 1.0000000000
1285  19.543  -84.911  -7.497 0.1000000015
1286  18.660  -84.842  -7.869 0.2000000030
1287  17.990  -84.469  -8.040 0.2000000030
1295  6.291  -83.859  -7.883 1.0000000000
1300  9.659  -84.214  -9.011 1.0000000000
1507  -2.560  -83.631  6.340 0.1000000015
1563  8.297  -83.053  2.751 1.0000000000
1565  5.441  -83.267  2.968 0.2000000030
1578  0.256  -84.753  1.289 0.6000000238
1588  7.030  -83.533  0.340 1.0000000000
1617  16.076  -83.110  -1.679 0.6999999881
1619  14.893  -83.316  -1.476 0.6999999881
1621  12.012  -83.236  -1.599 1.0000000000
1623  4.700  -85.041  -2.288 0.8999999762
1640  1.710  -84.510  -3.386 0.8000000119
1641  1.076  -84.098  -3.332 0.6999999881
1652  22.995  -84.295  -4.536 0.1000000015
1654  13.888  -83.630  -4.610 0.8999999762
1658  7.758  -83.726  -4.910 1.0000000000
1659  7.050  -83.473  -4.861 1.0000000000
1660  23.366  -83.833  -4.941 0.1000000015
1686  11.459  -83.932  -8.561 0.8999999762
1687  8.696  -83.794  -8.959 1.0000000000
1688  6.647  -83.244  -8.554 1.0000000000
1689  5.763  -83.507  -8.251 1.0000000000
1691  18.557  -83.326  -9.134 0.2000000030
1693  12.632  -83.317  -9.154 0.6999999881
1906  6.622  -82.281  7.797 0.1000000015
1937  11.042  -82.399  4.429 1.0000000000
1938  10.260  -83.272  4.486 1.0000000000
1943  -2.416  -82.995  4.307 0.2000000030
1967  13.045  -81.628  2.659 1.0000000000
1971  5.543  -81.997  2.378 0.1000000015
1974  -1.761  -83.661  1.881 0.5000000000
1975  -2.195  -82.612  2.167 0.3000000119
1998  4.955  -82.988  0.884 0.3000000119
1999  4.322  -83.215  0.218 0.4000000060
2009  12.477  -82.316  -0.196 1.0000000000
2013  2.148  -83.814  -1.075 0.6999999881
2015  -1.328  -81.849  -1.494 0.8000000119
2018  15.884  -82.905  -1.802 0.6999999881
2021  11.960  -82.232  -1.635 1.0000000000
2022  4.449  -83.082  -2.095 1.0000000000
2026  0.683  -83.157  -3.229 0.6999999881
2029  15.651  -82.828  -2.318 0.8000000119
2035  16.348  -83.041  -2.933 0.6999999881
2037  15.739  -82.628  -3.882 0.6999999881
2048  6.514  -83.020  -4.935 1.0000000000
2071  13.587  -83.104  -7.115 0.6999999881
2072  10.843  -82.058  -7.615 0.6000000238
2078  4.775  -82.390  -7.585 1.0000000000
2087  5.064  -82.904  -8.459 1.0000000000
2094  10.827  -82.837  -10.233 0.6999999881
2098  18.147  -82.474  -10.108 0.1000000015
2102  18.104  -81.829  -10.552 0.2000000030
2383  12.352  -81.897  4.198 1.0000000000
2386  10.144  -82.339  4.254 1.0000000000
2388  4.083  -80.850  4.292 0.1000000015
2401  12.996  -81.171  3.300 1.0000000000
2402  12.822  -81.911  3.833 1.0000000000
2406  5.808  -81.430  3.099 0.1000000015
2425  12.779  -81.452  1.319 1.0000000000
2426  6.828  -80.993  0.733 1.0000000000
2435  6.985  -81.999  0.515 1.0000000000
2446  6.150  -81.385  -0.460 1.0000000000
2456  11.827  -81.611  -1.159 1.0000000000
2461  3.298  -82.389  -2.285 1.0000000000
2468  9.205  -81.509  -1.929 1.0000000000
2475  11.629  -81.084  -4.944 0.2000000030
2477  9.698  -81.267  -4.796 0.3000000119
2493  5.617  -81.949  -5.452 1.0000000000
2499  16.137  -81.790  -7.412 0.6000000238
2514  11.695  -81.691  -10.593 0.6000000238
2520  14.212  -81.117  -10.751 0.4000000060
2526  15.710  -80.283  -11.213 0.3000000119
2527  14.170  -80.675  -10.822 0.3000000119
2840  6.062  -80.582  4.145 0.1000000015
2852  10.853  -80.694  4.098 1.0000000000
2862  12.910  -80.301  3.010 1.0000000000
2864  8.326  -80.431  2.401 1.0000000000
2876  6.361  -79.862  0.631 1.0000000000
2894  -1.931  -80.372  -0.443 0.6999999881
2900  10.739  -80.474  -0.795 1.0000000000
2903  3.673  -80.592  -0.773 1.0000000000
2916  8.788  -80.877  -2.112 1.0000000000
2947  5.724  -79.977  -5.151 1.0000000000
2957  7.918  -81.030  -6.350 0.6000000238
2959  5.447  -80.861  -6.069 1.0000000000
2967  13.530  -80.208  -6.579 0.1000000015
2988  17.742  -80.316  -10.586 0.1000000015
2989  14.570  -79.986  -10.889 0.3000000119
2992  6.214  -80.136  -10.282 1.0000000000
2993  17.911  -80.676  -10.668 0.1000000015
2998  13.737  -80.712  -10.755 0.3000000119
3269  -1.440  -79.455  7.112 0.1000000015
3286  6.378  -79.856  5.720 0.1000000015
3293  12.307  -79.721  4.042 1.0000000000
3303  12.751  -79.782  3.265 1.0000000000
3317  12.843  -79.615  2.965 1.0000000000
3320  7.568  -78.948  1.844 1.0000000000
3334  2.720  -79.792  1.613 1.0000000000
3340  12.151  -79.464  0.952 1.0000000000
3346  3.049  -79.965  0.787 1.0000000000
3358  11.918  -78.921  -1.896 0.1000000015
3391  8.868  -79.750  -4.837 0.1000000015
3392  6.082  -79.717  -4.634 1.0000000000
3435  8.190  -80.009  -9.882 0.8000000119
3437  5.975  -79.939  -9.723 1.0000000000
3443  6.744  -79.847  -10.605 1.0000000000
3445  16.148  -79.916  -11.408 0.2000000030
3446  15.389  -80.086  -11.612 0.2000000030
3447  8.446  -79.246  -11.336 0.8999999762
3701  1.123  -78.375  8.474 1.0000000000
3713  2.225  -78.546  7.447 1.0000000000
3716  -2.103  -78.696  7.427 0.1000000015
3717  -2.821  -78.063  7.656 0.1000000015
3722  3.268  -78.180  6.323 1.0000000000
3731  4.165  -77.944  5.372 1.0000000000
3750  12.755  -79.032  3.327 1.0000000000
3751  11.757  -78.594  4.029 1.0000000000
3757  -0.232  -78.695  3.547 1.0000000000
3770  5.402  -78.178  2.118 1.0000000000
3779  5.710  -78.355  1.329 1.0000000000
3783  -2.514  -78.121  1.070 0.6999999881
3831  8.589  -78.610  -2.654 1.0000000000
3873  9.735  -78.789  -5.926 0.1000000015
3891  3.392  -78.637  -5.181 1.0000000000
3902  6.850  -79.130  -10.510 1.0000000000
3904  8.936  -78.687  -11.753 0.8000000119
3906  9.470  -78.046  -11.755 0.6999999881
4180  2.920  -77.406  10.085 1.0000000000
4194  0.749  -77.281  9.536 1.0000000000
4199  3.629  -77.623  8.484 1.0000000000
4200  2.968  -77.998  8.473 1.0000000000
4208  4.314  -77.311  8.162 1.0000000000
4213  -3.150  -77.151  7.682 0.2000000030
4216  5.338  -77.080  6.818 1.0000000000
4243  11.608  -77.742  3.829 1.0000000000
4245  10.001  -77.744  3.428 1.0000000000
4248  4.956  -77.752  4.037 1.0000000000
4249  -1.659  -77.004  2.907 1.0000000000
4258  7.675  -77.293  2.234 1.0000000000
4262  12.551  -77.614  2.519 1.0000000000
4317  7.379  -77.945  -3.665 1.0000000000
4328  4.204  -78.128  -4.774 1.0000000000
4334  11.798  -77.644  -5.180 0.1000000015
4362  2.474  -78.169  -9.484 0.8999999762
4366  9.695  -78.135  -10.712 0.6999999881
4371  0.783  -78.589  -9.386 0.8999999762
4373  9.162  -77.462  -12.102 0.6999999881
4374  8.602  -77.278  -12.179 0.6000000238
4655  4.024  -76.113  11.237 1.0000000000
4656  3.269  -76.192  11.243 1.0000000000
4657  2.582  -76.178  11.161 1.0000000000
4658  2.046  -75.787  11.134 1.0000000000
4670  3.557  -76.751  10.667 1.0000000000
4672  1.341  -76.171  10.648 1.0000000000
4680  0.382  -76.515  9.263 1.0000000000
4684  5.347  -76.162  8.638 1.0000000000
4695  -3.333  -76.128  7.200 0.3000000119
4714  7.248  -76.591  4.523 1.0000000000
4717  -3.042  -75.571  2.966 0.8999999762
4720  11.858  -76.054  3.503 1.0000000000
4721  11.274  -75.958  3.648 1.0000000000
4724  7.418  -76.638  3.413 1.0000000000
4732  12.201  -76.331  3.132 1.0000000000
4735  7.529  -76.772  2.677 1.0000000000
4764  11.186  -76.420  0.116 1.0000000000
4765  10.654  -77.080  -0.371 1.0000000000
4796  12.679  -76.973  -3.514 0.1000000015
4810  3.731  -78.030  -4.832 1.0000000000
4845  -1.689  -78.611  -8.881 0.8999999762
4850  6.446  -76.396  -10.460 0.8000000119
4857  7.584  -77.125  -11.709 0.6999999881
4860  -1.722  -77.340  -10.104 0.8999999762
4862  8.959  -76.610  -12.163 0.6000000238
4863  7.945  -76.885  -12.096 0.6000000238
4865  7.680  -76.111  -12.213 0.6000000238
5150  5.487  -75.549  10.792 1.0000000000
5160  -2.805  -75.378  9.157 0.1000000015
5167  -3.326  -74.326  7.112 0.3000000119
5194  8.068  -75.165  4.640 1.0000000000
5208  11.447  -75.460  3.308 1.0000000000
5209  10.851  -75.367  3.469 1.0000000000
5212  8.156  -75.672  4.110 1.0000000000
5246  11.557  -75.090  0.822 1.0000000000
5270  9.366  -75.400  -2.098 1.0000000000
5271  0.833  -74.818  -2.035 1.0000000000
5273  -0.408  -75.285  -2.819 1.0000000000
5278  -0.119  -75.219  -2.683 1.0000000000
5288  -0.432  -75.494  -3.046 1.0000000000
5289  -0.797  -75.874  -3.206 1.0000000000
5290  -1.186  -75.733  -3.341 1.0000000000
5297  -0.362  -75.493  -3.638 1.0000000000
5300  -1.631  -75.546  -4.152 1.0000000000
5307  10.826  -76.153  -5.387 0.1000000015
5324  1.203  -76.834  -7.614 1.0000000000
5343  -1.618  -76.549  -7.999 0.8999999762
5364  8.835  -74.922  -9.673 0.2000000030
5365  3.802  -75.214  -11.469 0.6999999881
5379  4.970  -75.921  -11.926 0.6999999881
5381  -0.492  -75.622  -10.699 0.6000000238
5388  8.209  -75.850  -12.175 0.5000000000
5390  5.078  -75.332  -12.088 0.6999999881
5391  7.102  -75.875  -12.213 0.6000000238
5673  5.483  -74.568  11.659 1.0000000000
5676  2.896  -74.579  11.459 1.0000000000
5677  2.229  -74.222  11.175 1.0000000000
5687  6.627  -74.523  10.913 1.0000000000
5688  1.629  -74.561  10.885 1.0000000000
5695  1.328  -74.201  10.340 1.0000000000
5698  -2.554  -74.624  9.132 0.2000000030
5705  -2.237  -73.902  9.048 0.2000000030
5708  5.863  -74.971  7.739 1.0000000000
5714  6.102  -75.304  6.899 1.0000000000
5716  4.543  -74.125  5.985 1.0000000000
5746  2.796  -74.925  5.022 1.0000000000
5757  8.528  -74.474  3.409 1.0000000000
5769  10.869  -74.351  2.651 1.0000000000
5774  2.623  -74.752  3.111 1.0000000000
5782  2.579  -74.598  2.096 1.0000000000
5783  2.446  -74.741  1.362 1.0000000000
5791  11.463  -74.348  1.098 1.0000000000
5795  2.426  -74.784  0.804 1.0000000000
5808  10.963  -73.818  -0.228 1.0000000000
5811  1.908  -74.366  -0.093 1.0000000000
5823  1.640  -74.614  -1.528 1.0000000000
5833  9.089  -74.527  -2.521 1.0000000000
5837  -1.133  -75.543  -2.848 1.0000000000
5838  -1.604  -75.300  -2.898 1.0000000000
5846  2.711  -73.451  -3.849 1.0000000000
5855  5.349  -74.360  -4.779 1.0000000000
5857  -2.392  -75.014  -4.620 0.8999999762
5879  -0.939  -75.325  -5.554 1.0000000000
5915  9.238  -74.715  -8.178 0.1000000015
5917  4.144  -74.405  -7.895 0.1000000015
5921  -1.799  -75.761  -7.428 1.0000000000
5940  -3.376  -75.710  -8.703 0.8999999762
5941  -3.795  -74.545  -8.532 0.8999999762
5967  6.858  -74.432  -11.709 0.5000000000
5970  0.433  -74.400  -10.755 0.6000000238
5983  5.699  -74.973  -12.254 0.6000000238
6270  3.458  -73.974  11.585 1.0000000000
6293  8.305  -73.012  9.932 1.0000000000
6309  6.432  -73.692  7.618 1.0000000000
6313  -3.340  -72.535  6.510 0.4000000060
6318  4.571  -73.865  6.016 1.0000000000
6348  6.542  -73.975  4.776 1.0000000000
6349  5.831  -74.284  5.261 1.0000000000
6350  2.915  -74.691  5.124 1.0000000000
6366  9.451  -73.650  1.859 1.0000000000
6369  6.848  -73.030  3.131 1.0000000000
6377  9.734  -73.119  1.257 1.0000000000
6379  7.924  -72.811  1.861 1.0000000000
6384  10.709  -73.289  0.509 1.0000000000
6385  10.078  -72.884  0.667 1.0000000000
6387  5.078  -73.028  0.941 1.0000000000
6402  4.045  -73.638  -0.303 1.0000000000
6440  9.293  -73.602  -2.260 1.0000000000
6442  7.260  -72.967  -3.085 1.0000000000
6467  5.056  -73.200  -3.939 1.0000000000
6492  2.514  -73.624  -4.680 1.0000000000
6515  3.092  -73.773  -5.221 1.0000000000
6517  -1.717  -72.711  -6.156 0.2000000030
6537  -4.820  -72.775  -7.638 0.8000000119
6555  4.679  -73.820  -7.448 0.2000000030
6557  -1.281  -73.000  -7.329 0.2000000030
6578  2.160  -73.688  -8.871 0.3000000119
6611  0.122  -72.917  -11.686 0.4000000060
6931  5.847  -73.299  11.717 1.0000000000
6935  -0.569  -71.971  10.772 0.1000000015
6943  8.519  -72.426  10.065 1.0000000000
6953  9.301  -71.642  9.288 1.0000000000
6968  -2.759  -72.270  8.248 0.3000000119
6977  0.113  -72.229  6.905 1.0000000000
6987  -3.062  -72.343  5.550 0.6999999881
7031  9.836  -72.651  0.291 1.0000000000
7038  -2.539  -71.867  -0.252 1.0000000000
7048  -1.287  -72.585  -0.625 1.0000000000
7057  4.735  -72.924  -1.755 1.0000000000
7084  -1.318  -72.147  -4.666 0.2000000030
7104  -0.932  -72.740  -5.586 0.1000000015
7149  3.550  -72.568  -7.254 0.1000000015
7150  2.990  -72.361  -7.929 0.3000000119
7151  -0.620  -72.435  -7.231 0.2000000030
7166  -4.193  -72.730  -8.703 0.6999999881
7187  1.428  -72.110  -11.348 0.2000000030
7199  0.662  -72.286  -11.625 0.3000000119
7520  7.835  -71.048  10.486 1.0000000000
7545  9.630  -71.413  8.397 1.0000000000
7546  8.978  -71.720  7.161 1.0000000000
7554  9.380  -70.953  6.936 1.0000000000
7584  3.258  -72.631  3.355 1.0000000000
7594  -1.901  -71.131  2.052 1.0000000000
7630  -2.327  -70.915  -5.684 0.2000000030
7647  -2.887  -70.749  -7.015 0.3000000119
7648  -4.959  -70.925  -6.362 0.8000000119
7659  -0.189  -72.001  -6.740 0.1000000015
7685  2.700  -71.016  -9.075 0.1000000015
7696  2.351  -71.361  -10.230 0.1000000015
7721  0.425  -71.999  -11.656 0.2000000030
8061  3.058  -70.124  12.772 0.1000000015
8102  -2.842  -69.791  7.395 0.6000000238
8113  9.630  -70.169  6.984 1.0000000000
8133  1.912  -70.017  4.047 1.0000000000
8144  -0.022  -70.849  3.103 1.0000000000
8145  -0.900  -70.912  2.878 1.0000000000
8146  -1.763  -70.639  2.621 1.0000000000
8242  -3.106  -69.564  -7.133 0.5000000000
8645  7.623  -69.234  16.377 1.0000000000
8646  6.956  -69.467  16.373 1.0000000000
8656  7.465  -69.555  15.645 1.0000000000
8691  9.058  -69.230  12.034 1.0000000000
8725  4.666  -69.102  10.325 1.0000000000
8727  0.052  -68.954  10.368 0.2000000030
8733  10.036  -69.497  9.147 1.0000000000
8742  2.535  -69.174  8.851 1.0000000000
8748  9.675  -69.388  7.099 1.0000000000
8752  -2.959  -68.983  7.263 0.6000000238
8756  7.704  -69.429  6.108 1.0000000000
8766  1.864  -69.243  4.925 1.0000000000
8778  -0.038  -69.078  4.323 1.0000000000
8786  -1.470  -69.225  3.579 1.0000000000
8795  -2.436  -69.632  2.572 1.0000000000
8986  0.059  -69.495  -10.665 0.1000000015
9340  6.374  -68.533  18.222 1.0000000000
9357  7.458  -68.673  17.478 1.0000000000
9359  5.788  -68.882  16.857 1.0000000000
9379  9.736  -68.188  15.354 1.0000000000
9393  9.605  -68.822  14.503 1.0000000000
9407  2.922  -68.439  13.449 0.1000000015
9423  9.858  -68.790  11.035 1.0000000000
9427  1.258  -68.146  10.716 0.2000000030
9453  10.152  -68.900  9.453 1.0000000000
9454  4.087  -68.620  9.884 1.0000000000
9459  -3.190  -68.045  8.666 0.6000000238
9464  1.482  -68.405  8.222 0.8999999762
9466  -3.113  -67.589  7.882 0.6000000238
9482  4.853  -68.733  5.392 1.0000000000
9485  0.949  -68.358  5.064 1.0000000000
9496  -1.471  -68.501  3.941 1.0000000000
9666  -0.603  -68.068  -9.568 0.1000000015
10011  6.133  -67.679  19.390 1.0000000000
10012  5.319  -67.701  19.202 1.0000000000
10027  7.491  -67.825  18.623 1.0000000000
10043  7.894  -68.054  17.880 1.0000000000
10054  5.192  -68.325  16.695 1.0000000000
10061  9.958  -67.538  15.712 1.0000000000
10064  4.419  -67.537  15.604 1.0000000000
10092  -2.180  -67.092  13.545 0.2000000030
10098  10.359  -67.363  13.061 1.0000000000
10101  2.280  -67.895  12.856 0.1000000015
10122  10.630  -67.417  11.198 1.0000000000
10127  -2.362  -66.412  9.390 0.3000000119
10138  10.440  -67.491  9.517 1.0000000000
10155  9.142  -67.596  7.105 1.0000000000
10170  2.277  -67.041  5.600 1.0000000000
10173  0.056  -66.807  5.213 1.0000000000
10183  -1.967  -67.453  3.920 1.0000000000
10230  -2.590  -67.128  0.492 1.0000000000
10247  -2.846  -67.878  -0.603 1.0000000000
10377  -0.376  -67.671  -9.487 0.1000000015
10378  -0.521  -67.777  -9.441 0.1000000015
10773  7.274  -66.844  19.440 1.0000000000
10778  2.800  -66.009  19.459 1.0000000000
10792  7.807  -67.164  19.037 1.0000000000
10807  4.053  -67.030  17.620 1.0000000000
10809  2.828  -66.143  17.913 1.0000000000
10838  10.448  -66.461  14.560 1.0000000000
10862  10.225  -66.772  12.862 1.0000000000
10900  9.905  -66.286  8.954 1.0000000000
10904  0.768  -65.181  8.976 0.8999999762
10914  9.923  -66.838  8.386 1.0000000000
10923  9.454  -66.617  7.885 1.0000000000
10925  8.203  -66.193  7.125 1.0000000000
10932  6.271  -66.161  6.401 1.0000000000
10942  4.226  -66.474  5.962 1.0000000000
10944  2.295  -66.235  5.905 1.0000000000
10971  -2.215  -66.661  3.376 1.0000000000
11080  -2.981  -65.402  -5.108 0.8000000119
11566  8.215  -65.516  19.221 1.0000000000
11568  3.853  -65.742  20.109 1.0000000000
11570  2.435  -65.388  19.504 1.0000000000
11571  1.873  -65.099  19.206 1.0000000000
11587  10.670  -65.358  17.694 1.0000000000
11600  1.785  -64.945  16.596 1.0000000000
11619  3.075  -65.947  14.914 1.0000000000
11620  1.922  -65.228  14.844 1.0000000000
11629  9.295  -64.931  13.216 1.0000000000
11656  8.804  -64.964  12.760 1.0000000000
11678  9.907  -65.693  9.678 1.0000000000
11705  9.154  -65.894  8.023 1.0000000000
11715  7.147  -65.401  6.837 1.0000000000
11720  3.341  -65.321  6.209 1.0000000000
11727  4.381  -65.797  6.079 1.0000000000
11731  -1.725  -65.501  4.791 1.0000000000
11753  -1.734  -66.202  4.342 1.0000000000
11788  -2.551  -65.650  2.435 1.0000000000
11905  -2.124  -65.560  -5.381 0.5000000000
12433  6.954  -64.126  19.132 1.0000000000
12452  0.550  -63.692  18.622 1.0000000000
12475  1.423  -64.115  15.985 1.0000000000
12537  -0.009  -64.344  11.398 0.6999999881
12538  -0.941  -64.381  11.528 0.6000000238
12568  8.617  -64.407  8.392 1.0000000000
12583  6.605  -64.165  6.949 1.0000000000
12599  4.516  -64.725  6.331 1.0000000000
12600  3.834  -64.639  6.383 1.0000000000
12604  0.387  -64.199  6.370 1.0000000000
12626  1.213  -64.924  6.066 1.0000000000
12627  0.536  -64.765  6.017 1.0000000000
12663  -2.178  -64.770  3.846 1.0000000000
12700  -2.601  -63.596  0.325 0.8999999762
12755  -1.267  -63.391  -4.139 0.2000000030
12769  -1.641  -64.014  -4.633 0.2000000030
12770  -2.176  -64.053  -4.738 0.3000000119
13318  3.083  -63.961  19.526 1.0000000000
13320  1.078  -63.793  19.402 1.0000000000
13321  0.493  -63.246  18.988 1.0000000000
13330  8.106  -63.338  18.621 1.0000000000
13451  6.795  -62.859  8.087 1.0000000000
13466  1.584  -63.333  6.981 1.0000000000
13469  -2.313  -63.030  7.208 1.0000000000
13478  3.576  -63.914  6.629 1.0000000000
13482  0.209  -63.692  6.792 1.0000000000
13506  -2.044  -63.518  4.507 1.0000000000
13516  -2.362  -63.298  3.580 1.0000000000
13579  -1.431  -62.886  -3.689 0.2000000030
14147  5.633  -61.633  17.887 1.0000000000
14148  0.099  -61.849  17.071 1.0000000000
14167  -1.769  -61.783  15.634 0.6999999881
14198  6.940  -62.267  11.993 1.0000000000
14209  5.865  -62.014  11.911 1.0000000000
14244  1.348  -62.436  8.298 1.0000000000
14248  -2.337  -62.148  8.245 1.0000000000
14252  5.362  -62.897  7.408 1.0000000000
14256  -0.247  -62.839  7.876 1.0000000000
14336  -2.496  -62.665  -0.162 0.8999999762
14910  -1.869  -60.667  18.932 0.3000000119
14941  9.102  -61.728  17.310 1.0000000000
14943  6.874  -61.349  17.337 1.0000000000
14946  4.415  -61.065  17.844 1.0000000000
14947  3.752  -61.046  18.021 0.8999999762
14964  7.731  -61.226  17.096 1.0000000000
14995  4.313  -61.036  13.034 1.0000000000
14999  20.359  -61.517  10.524 0.8999999762
15000  14.976  -62.222  9.751 1.0000000000
15014  14.982  -62.469  10.037 1.0000000000
15052  2.887  -61.827  9.084 1.0000000000
15057  -2.208  -61.760  8.995 1.0000000000
15071  -2.610  -62.081  7.171 0.8999999762
15183  -1.245  -60.842  -2.197 0.2000000030
15184  -1.665  -61.146  -2.105 0.4000000060
15742  -1.325  -59.840  20.654 0.1000000015
15795  11.183  -60.337  16.044 1.0000000000
15797  9.692  -60.450  16.293 1.0000000000
15827  2.875  -60.209  13.650 1.0000000000
15838  3.032  -60.542  13.383 1.0000000000
15847  7.559  -60.501  11.561 1.0000000000
15849  -0.600  -61.015  12.006 1.0000000000
15876  14.562  -60.275  8.757 1.0000000000
15981  -1.501  -59.530  0.491 0.5000000000
16000  -1.447  -59.307  -0.765 0.2000000030
16014  -1.154  -59.361  -1.169 0.1000000015
16015  -1.385  -59.526  -1.151 0.1000000015
16025  -1.204  -60.109  -1.620 0.2000000030
16700  6.032  -59.948  16.753 0.8999999762
16757  -1.107  -59.949  12.980 0.8000000119
16758  -1.827  -59.805  12.605 0.8000000119
16769  10.017  -60.109  9.743 1.0000000000
16771  8.364  -59.676  10.307 1.0000000000
16774  2.801  -58.965  10.310 0.1000000015
16775  1.955  -58.819  10.344 0.1000000015
16785  12.142  -59.847  8.982 1.0000000000
16787  10.651  -59.474  9.394 1.0000000000
16799  20.442  -60.065  8.772 0.8999999762
16807  12.794  -59.258  8.815 1.0000000000
16920  -1.069  -58.476  1.711 0.2000000030
16951  -0.971  -59.128  -0.473 0.1000000015
17652  -2.050  -57.618  17.052 0.3000000119
17656  6.997  -58.928  15.936 0.8999999762
17657  6.297  -58.630  16.242 0.8999999762
17659  3.884  -58.160  16.631 0.8999999762
17664  -1.468  -57.483  16.642 0.4000000060
17698  -1.739  -58.532  13.468 0.6999999881
17699  21.005  -58.638  12.187 0.8999999762
17719  -1.013  -57.155  10.840 0.3000000119
17735  21.636  -58.592  9.338 0.8999999762
17739  8.711  -58.353  9.537 1.0000000000
17742  1.191  -58.558  10.241 0.1000000015
17758  11.047  -58.026  8.907 1.0000000000
17771  2.288  -58.504  7.427 0.1000000015
17773  0.347  -57.275  7.737 0.1000000015
17823  -1.317  -57.555  4.077 0.6000000238
18542  0.396  -57.626  18.771 0.1000000015
18544  -1.418  -57.543  18.346 0.2000000030
18563  -0.140  -56.919  18.041 0.1000000015
18564  -1.180  -57.008  17.764 0.2000000030
18583  -2.010  -57.117  17.232 0.3000000119
18599  8.731  -58.422  15.050 1.0000000000
18600  6.619  -57.317  15.627 0.6000000238
18627  -0.908  -57.518  14.249 0.8999999762
18648  5.449  -57.422  11.901 1.0000000000
18650  1.795  -57.689  11.122 0.1000000015
18651  1.022  -57.454  11.302 0.1000000015
18659  3.312  -57.993  10.483 0.1000000015
18670  3.751  -57.658  10.111 0.1000000015
18721  -1.571  -56.727  6.325 0.3000000119
18735  -0.797  -56.272  5.624 0.2000000030
18736  -1.317  -56.592  5.540 0.2000000030
19426  3.329  -56.324  18.598 0.1000000015
19449  1.973  -55.715  17.354 0.1000000015
19466  1.595  -56.201  15.742 0.4000000060
19467  1.117  -55.850  16.009 0.3000000119
19468  0.284  -56.135  16.180 0.3000000119
19477  2.572  -55.336  15.691 0.4000000060
19521  22.700  -56.645  11.786 0.8000000119
19533  1.383  -56.330  10.828 0.1000000015
19538  6.817  -56.201  9.857 1.0000000000
19554  20.898  -56.517  8.581 0.8999999762
19557  13.902  -56.523  8.364 1.0000000000
19563  8.748  -56.366  8.722 1.0000000000
19578  12.659  -55.921  8.180 1.0000000000
20257  3.460  -54.839  17.453 0.1000000015
20259  1.533  -55.609  16.649 0.4000000060
20260  0.931  -55.858  16.363 0.4000000060
20286  5.957  -55.484  15.107 0.6000000238
20287  5.162  -54.683  14.943 0.4000000060
20303  22.177  -55.814  12.955 0.4000000060
20364  22.543  -55.447  8.784 0.6999999881
20368  17.984  -56.001  8.277 0.8999999762
20369  16.573  -55.558  8.203 1.0000000000
20370  15.919  -55.666  8.235 1.0000000000
20371  10.460  -55.410  7.948 1.0000000000
20372  9.743  -55.702  8.205 1.0000000000
20381  15.487  -55.013  8.043 1.0000000000
20384  12.720  -54.734  7.483 1.0000000000
21034  4.399  -53.879  16.987 0.1000000015
21050  3.153  -54.023  16.096 0.3000000119
21066  3.913  -53.993  15.623 0.4000000060
21067  3.188  -54.286  15.785 0.4000000060
21100  23.349  -53.979  13.216 0.3000000119
21110  7.816  -53.182  13.632 0.4000000060
21192  8.351  -54.077  7.771 1.0000000000
21853  6.668  -52.828  15.424 0.1000000015
21854  5.925  -52.940  15.044 0.1000000015
21878  6.341  -53.118  14.709 0.3000000119
21895  9.107  -52.752  13.257 0.2000000030
21896  8.271  -52.601  13.489 0.2000000030
21906  23.854  -53.247  13.103 0.3000000119
21960  18.874  -53.170  7.824 0.8000000119
22625  23.874  -51.697  14.248 0.3000000119
22626  24.039  -52.127  13.768 0.3000000119
22633  8.196  -52.102  13.899 0.2000000030
22660  -0.447  -52.066  11.153 0.4000000060
23404  19.149  -51.404  13.047 0.1000000015
23420  10.542  -49.952  11.205 1.0000000000
23478  4.486  -51.809  5.717 0.1000000015
24251  11.251  -48.558  11.008 1.0000000000
24252  10.568  -48.883  11.222 1.0000000000
24257  2.884  -50.023  10.934 0.6000000238
25080  8.891  -48.781  11.085 1.0000000000
25088  10.708  -48.138  10.884 1.0000000000
25097  11.338  -48.162  10.692 1.0000000000
28262  7.596  -45.362  5.462 0.1000000015
29792  11.456  -43.262  4.423 0.2000000030
29807  13.975  -43.347  3.543 0.1000000015
106226  -1.812  -70.298  -3.861 0.1000000015
106230  -3.125  -68.973  -1.766 1.0000000000
106236  -3.337  -66.178  -5.144 0.8000000119
106240  -3.045  -67.770  -6.656 0.4000000060
106242  -2.446  -67.609  -6.023 0.4000000060
106243  -3.062  -67.194  -6.361 0.6000000238
106246  -2.706  -65.933  -5.782 0.5000000000
106247  -3.267  -66.571  -5.999 0.8000000119
106260  17.509  -63.883  7.642 1.0000000000
106276  12.451  -64.665  12.884 1.0000000000
106279  24.289  -51.443  13.795 0.3000000119
106291  20.630  -52.185  9.359 0.6000000238
106293  24.666  -52.098  12.580 0.3000000119
106296  20.981  -50.873  11.772 0.1000000015
106300  24.530  -51.921  12.996 0.3000000119
106412  -3.918  -68.559  -3.443 1.0000000000
106441  -3.647  -67.146  -4.815 0.8999999762
106444  14.486  -63.222  11.712 1.0000000000
106457  -2.788  -69.221  -7.016 0.4000000060
106511  24.747  -52.152  11.292 0.3000000119
106515  24.598  -51.588  12.942 0.2000000030
106539  15.721  -62.586  11.655 1.0000000000
106552  23.355  -51.777  14.516 0.3000000119
106579  -4.054  -69.736  -3.810 0.8999999762
106612  -2.758  -66.934  -6.210 0.6000000238
106683  22.439  -50.896  14.400 0.1000000015
106869  0.786  -67.899  7.847 0.8999999762
107484  -2.091  -59.180  10.844 0.8000000119
107541  22.415  -51.906  14.326 0.2000000030
107612  6.889  -54.052  14.413 0.4000000060
107757  0.026  -65.928  5.498 1.0000000000
107949  12.497  -78.188  3.505 1.0000000000
107957  -3.181  -70.284  -7.278 0.4000000060
108215  3.666  -64.388  19.670 1.0000000000
108273  4.632  -81.554  1.926 0.2000000030
108416  0.444  -78.119  -9.971 0.8999999762
108601  0.974  -79.594  3.903 1.0000000000
108683  5.636  -74.507  5.858 1.0000000000
108791  12.124  -81.128  4.239 1.0000000000
108838  8.040  -72.856  -2.755 1.0000000000
109152  12.268  -82.851  -0.949 1.0000000000
109229  0.902  -60.434  13.027 1.0000000000
109320  19.813  -62.421  10.496 0.8999999762
109393  7.986  -83.750  2.855 1.0000000000
109440  6.093  -68.811  17.591 1.0000000000
109631  3.716  -61.585  10.478 1.0000000000
109765  -0.317  -67.503  13.764 0.1000000015
109793  -2.831  -76.235  9.013 0.1000000015
109906  -2.387  -61.790  0.776 0.8999999762
110100  4.759  -80.337  4.816 0.1000000015
110111  0.029  -74.832  -2.243 1.0000000000
110714  8.221  -63.840  11.539 1.0000000000
110787  10.231  -89.504  5.863 0.8999999762
110958  17.389  -84.453  -6.705 0.5000000000
111256  3.736  -81.787  1.532 0.3000000119
111364  2.825  -73.679  -2.745 1.0000000000
111383  -2.573  -74.997  -6.540 0.8999999762
111513  -2.868  -64.780  -4.381 0.8999999762
111531  -4.201  -71.292  -7.636 0.6999999881
111575  2.501  -88.616  3.751 0.8999999762
111769  4.987  -69.987  4.964 1.0000000000
111877  3.980  -75.833  -11.841 0.6999999881
111878  13.790  -47.889  8.681 0.8999999762
112174  1.055  -70.546  -11.494 0.2000000030
112182  -4.549  -72.126  -8.002 0.6999999881
112185  -2.791  -66.483  -1.089 1.0000000000
112195  -1.616  -63.541  18.686 0.1000000015
112578  5.861  -83.961  -6.819 1.0000000000
112709  9.152  -79.381  -9.643 0.6999999881
112751  9.544  -87.686  -1.625 0.8999999762
112753  1.425  -82.896  1.887 0.2000000030
112768  0.152  -71.444  -6.135 0.1000000015
112884  9.831  -57.254  14.523 1.0000000000
113108  12.948  -80.762  1.799 1.0000000000
113376  17.660  -84.833  -7.295 0.2000000030
113447  3.204  -56.629  13.089 1.0000000000
113483  11.570  -74.949  1.535 1.0000000000
113581  10.560  -61.436  10.406 1.0000000000
113633  11.370  -88.280  3.924 1.0000000000
113886  2.337  -65.433  16.908 1.0000000000
113901  10.394  -79.300  -0.656 1.0000000000
114182  11.281  -87.796  -2.353 0.8999999762
114291  9.356  -90.818  10.668 0.5000000000
114353  22.623  -54.042  13.597 0.3000000119
114543  9.784  -81.843  -1.946 1.0000000000
114620  7.081  -72.277  -0.154 1.0000000000
114810  4.417  -71.894  -6.375 0.1000000015
114888  5.564  -77.281  5.408 1.0000000000
115219  6.439  -73.466  11.545 1.0000000000
115510  9.748  -70.212  9.252 1.0000000000
115622  11.575  -76.780  3.689 1.0000000000
115626  3.585  -83.201  -0.268 0.6000000238
115853  13.260  -57.912  8.713 1.0000000000
116009  5.322  -66.171  20.072 1.0000000000
116015  15.230  -80.114  -11.526 0.3000000119
116101  -0.342  -68.679  -10.045 0.1000000015
116202  -2.810  -72.803  -1.329 1.0000000000
116235  -2.013  -66.960  16.270 0.1000000015
116488  -1.992  -57.981  18.427 0.3000000119
116773  5.574  -80.645  3.763 0.1000000015
116932  14.002  -85.078  1.493 0.6999999881
117147  6.371  -80.647  4.957 0.1000000015
117296  -1.845  -78.414  -9.263 0.8999999762
117457  -4.139  -73.460  -8.664 0.8999999762
117503  9.821  -77.233  -1.450 1.0000000000
117667  3.509  -59.680  17.356 0.8999999762
117777  -2.183  -66.158  3.705 1.0000000000
118121  6.622  -73.288  -3.475 1.0000000000
118186  -2.065  -67.248  3.543 1.0000000000
118264  -2.429  -68.335  1.993 1.0000000000
118854  -2.507  -62.453  0.594 1.0000000000
119100  -0.955  -85.245  4.195 0.1000000015
119533  3.225  -88.293  8.204 0.4000000060
119625  -0.591  -56.849  14.403 0.8999999762
119817  -0.207  -72.097  -11.573 0.2000000030
119869  0.559  -77.591  8.857 1.0000000000
119881  5.878  -69.388  13.807 1.0000000000
119885  18.459  -88.401  1.766 0.2000000030
120229  4.688  -91.038  10.884 0.5000000000
120296  6.953  -80.946  -8.766 1.0000000000
120402  11.280  -64.944  17.277 1.0000000000
120470  6.421  -62.375  8.728 1.0000000000
120939  -1.145  -61.290  10.350 1.0000000000
121086  23.609  -53.179  9.140 0.5000000000
121163  -1.705  -81.058  -1.120 0.8000000119
121205  23.744  -53.841  9.552 0.6000000238
121429  -2.473  -62.140  5.225 1.0000000000
121520  11.155  -79.994  4.024 1.0000000000
121530  8.838  -70.566  10.048 1.0000000000
121621  -2.159  -71.643  0.595 1.0000000000
121961  -2.375  -83.979  3.896 0.2000000030
122162  1.076  -71.304  2.334 1.0000000000
122531  -1.850  -64.236  5.421 1.0000000000
122702  0.013  -65.211  5.660 1.0000000000
122891  5.856  -78.659  0.985 1.0000000000
123007  4.390  -59.676  17.142 0.8999999762
123148  9.897  -85.978  2.370 1.0000000000
123254  1.020  -57.864  8.252 0.1000000015
123507  3.365  -81.272  4.816 0.1000000015
123657  11.660  -48.129  10.372 1.0000000000
123667  16.329  -85.421  -1.792 0.6999999881
123864  12.460  -82.735  1.311 1.0000000000
123871  4.493  -87.845  8.610 0.3000000119
123993  -2.920  -74.284  3.841 0.8999999762
124327  17.350  -53.901  7.935 0.8000000119
124474  7.788  -90.869  6.396 0.8000000119
124483  0.099  -69.248  7.734 0.8000000119
124847  8.406  -51.645  10.607 1.0000000000
124862  -1.845  -57.042  16.920 0.3000000119
124880  15.157  -86.762  3.063 0.5000000000
124927  5.828  -76.167  7.396 1.0000000000
125002  3.757  -68.025  9.652 1.0000000000
125067  8.594  -91.029  10.250 0.5000000000
125355  9.444  -77.159  3.218 1.0000000000
125430  9.376  -90.435  3.298 0.8999999762
125544  0.542  -64.595  13.718 0.8999999762
125621  14.477  -90.459  6.026 0.4000000060
125783  15.265  -42.740  3.480 0.1000000015
125800  20.881  -59.602  9.002 0.8999999762
125810  7.470  -60.213  16.424 1.0000000000
125825  19.561  -62.922  9.430 0.8999999762
125838  6.656  -64.789  19.417 1.0000000000
125930  -3.125  -76.399  2.364 0.8999999762
126027  6.313  -61.676  17.764 1.0000000000
126077  21.276  -56.833  8.546 0.8000000119
126156  -2.744  -79.701  2.560 0.3000000119
126181  -4.351  -72.604  -4.922 0.8999999762
126231  16.674  -50.378  7.185 0.8000000119
126258  -1.814  -57.538  7.766 0.8000000119
126326  6.774  -81.394  7.607 0.1000000015
126363  4.200  -73.605  0.202 1.0000000000
126366  9.243  -88.707  -0.305 1.0000000000
126429  6.902  -73.168  7.599 1.0000000000
126496  3.881  -88.180  4.905 0.8999999762
126569  12.629  -90.550  11.425 0.1000000015
126632  11.548  -75.837  0.631 1.0000000000
126650  -1.225  -77.926  -9.785 0.8999999762
126696  -2.136  -79.809  -0.163 0.6999999881
126891  6.459  -56.465  10.456 1.0000000000
126929  3.120  -88.041  0.340 0.8999999762
126938  -2.560  -76.579  2.385 0.8999999762
127057  17.949  -83.207  -9.020 0.3000000119
127058  -2.797  -69.302  1.307 1.0000000000
127061  2.685  -70.445  -8.618 0.1000000015
127167  12.429  -80.885  0.434 1.0000000000
127228  3.619  -75.413  -5.684 1.0000000000
127233  6.984  -72.258  -1.902 1.0000000000
127375  0.842  -78.603  6.867 1.0000000000
127385  3.616  -68.004  9.420 0.8999999762
127482  22.947  -51.220  14.590 0.3000000119
127521  13.188  -60.884  9.092 1.0000000000
127559  2.697  -77.704  9.550 1.0000000000
127693  -0.418  -82.259  -1.936 0.8000000119
127722  -2.776  -64.587  -3.168 1.0000000000
127793  10.133  -62.941  17.723 1.0000000000
127832  11.051  -55.169  7.733 1.0000000000
127860  8.548  -51.088  7.166 0.8000000119
127867  -2.438  -58.044  12.854 0.6999999881
127895  5.640  -72.701  -2.365 1.0000000000
128015  12.280  -81.403  -10.738 0.4000000060
128062  14.375  -87.722  13.752 0.1000000015
128081  0.729  -81.363  -0.404 1.0000000000
128186  -1.658  -72.229  -5.354 0.1000000015
128192  4.930  -90.112  7.553 0.6000000238
128266  15.140  -59.745  14.702 1.0000000000
128943  8.782  -76.017  -12.061 0.5000000000
