#!ascii label  , from subject sub-v2s18x29511_ses-1 vox2ras=TkReg
3438
42103  6.742  -36.426  79.762 0.2222220004
42109  6.465  -36.227  78.855 0.2222220004
41050  7.511  -37.135  79.362 0.2222220004
41044  7.070  -36.686  79.660 0.2222220004
126953  6.171  -35.779  79.027 0.2222220004
129984  8.281  -37.749  78.605 0.1111110002
40035  8.126  -37.787  79.862 0.2222220004
41043  7.546  -37.268  80.122 0.2222220004
40030  8.757  -38.237  80.058 0.2222220004
40025  8.758  -38.140  80.358 0.1111110002
40026  8.079  -37.660  80.417 0.1111110002
40031  8.092  -37.717  80.200 0.2222220004
40014  8.592  -37.859  80.657 0.1111110002
41037  7.557  -37.285  80.321 0.1111110002
41029  8.166  -37.434  81.014 0.2222220004
41030  7.526  -37.248  80.631 0.2222220004
41038  7.224  -36.827  80.221 0.2222220004
41031  7.188  -36.903  80.403 0.2222220004
42098  6.911  -36.585  80.206 0.2222220004
138891  6.856  -36.585  80.472 0.2222220004
42104  6.412  -35.981  79.731 0.2222220004
121573  10.956  -39.337  79.130 0.1111110002
125400  10.170  -39.073  79.124 0.1111110002
40029  9.376  -38.499  80.067 0.1111110002
40024  9.452  -38.374  80.436 0.1111110002
40013  9.178  -38.074  80.770 0.1111110002
42088  9.350  -36.721  81.048 0.3333329856
41028  9.000  -37.427  81.064 0.2222220004
42089  8.629  -36.813  81.347 0.3333329856
41020  7.638  -36.976  81.289 0.3333329856
136266  8.132  -36.271  81.581 0.4444440007
42090  7.118  -36.833  80.828 0.3333329856
42080  7.360  -36.272  81.448 0.4444440007
43185  6.893  -35.513  81.385 0.4444440007
144976  6.575  -36.045  80.575 0.4444440007
43204  6.544  -36.146  80.189 0.2222220004
43215  5.440  -35.190  79.152 0.2222220004
44239  6.573  -35.288  81.025 0.4444440007
43194  6.274  -35.432  80.438 0.3333329856
43205  6.005  -35.368  79.820 0.2222220004
44249  5.661  -34.650  80.280 0.2222220004
44262  5.125  -34.607  79.549 0.2222220004
39083  10.983  -38.875  79.868 0.1111110002
40022  11.120  -38.341  80.364 0.1111110002
40023  10.206  -38.434  80.458 0.1111110002
40011  10.518  -37.982  80.723 0.1111110002
40012  9.878  -38.051  80.813 0.1111110002
41026  10.410  -37.424  80.814 0.1111110002
41027  9.693  -37.440  80.981 0.1111110002
43202  9.506  -36.340  80.868 0.3333329856
132707  9.237  -36.039  80.711 0.4444440007
43192  8.745  -36.116  81.228 0.3333329856
43203  8.516  -35.796  81.157 0.4444440007
43184  7.752  -35.481  81.448 0.4444440007
44227  7.351  -34.850  81.324 0.4444440007
130380  6.154  -34.649  80.897 0.4444440007
144392  6.451  -34.589  81.267 0.4444440007
44250  4.849  -33.696  80.008 0.2222220004
45291  19.075  -32.974  80.204 0.4444440007
126928  18.781  -34.238  80.611 0.3333329856
41036  11.244  -37.576  80.567 0.1111110002
43188  18.156  -35.427  80.886 0.2222220004
42086  10.922  -36.932  80.583 0.2222220004
43201  9.852  -36.280  80.573 0.3333329856
42097  10.498  -36.621  80.539 0.3333329856
43227  8.687  -35.309  79.312 0.6666669846
43214  8.564  -35.593  80.230 0.5555559993
44261  7.565  -34.193  80.224 0.6666669846
44248  7.312  -34.414  81.061 0.6666669846
44238  7.287  -34.671  81.245 0.4444440007
45285  6.951  -33.720  81.282 0.5555559993
139626  7.037  -34.238  81.430 0.4444440007
44229  6.308  -34.013  81.287 0.4444440007
45296  5.662  -33.810  80.798 0.3333329856
46300  5.155  -32.855  80.530 0.4444440007
47303  4.755  -32.177  80.257 0.2222220004
47327  4.032  -32.007  78.918 0.2222220004
44246  16.588  -34.901  80.218 0.3333329856
39082  12.113  -39.074  79.719 0.1111110002
43190  16.776  -35.458  80.520 0.2222220004
41035  12.319  -37.563  80.435 0.1111110002
126871  12.089  -38.281  80.266 0.1111110002
45284  18.300  -34.018  80.117 0.3333329856
135105  16.853  -36.383  80.770 0.2222220004
45292  18.723  -33.483  80.154 0.4444440007
44236  17.448  -35.160  80.587 0.2222220004
42084  17.501  -37.064  80.890 0.2222220004
41023  16.967  -37.798  80.721 0.1111110002
42096  11.820  -37.019  80.369 0.2222220004
122679  18.868  -32.911  79.980 0.4444440007
45293  18.305  -33.754  79.898 0.3333329856
40007  17.864  -38.190  80.417 0.2222220004
145647  11.095  -36.518  80.137 0.2222220004
43212  10.324  -36.260  79.975 0.5555559993
121584  10.015  -35.897  78.914 0.6666669846
43213  9.397  -35.870  79.773 0.5555559993
44260  8.037  -34.853  79.660 0.5555559993
45306  7.505  -33.345  79.917 0.5555559993
46297  6.801  -32.779  80.819 0.5555559993
122444  6.547  -32.263  80.696 0.4444440007
46299  5.460  -32.312  80.629 0.4444440007
47313  5.145  -31.859  80.429 0.3333329856
126429  13.726  -39.280  79.690 0.1111110002
40021  13.048  -38.435  80.232 0.1111110002
134380  16.543  -36.985  80.835 0.2222220004
42085  16.026  -37.274  80.738 0.2222220004
40020  14.091  -38.677  80.099 0.1111110002
41034  13.380  -37.681  80.449 0.1111110002
127204  17.225  -34.807  80.303 0.3333329856
44257  16.585  -34.502  79.904 0.4444440007
142424  15.176  -38.416  80.581 0.1111110002
42094  13.861  -36.952  80.513 0.3333329856
42101  12.436  -36.691  80.189 0.4444440007
46307  19.367  -32.444  80.009 0.4444440007
126585  18.916  -32.703  79.746 0.5555559993
46314  18.431  -33.286  79.463 0.4444440007
121532  17.922  -33.813  79.653 0.4444440007
45303  16.809  -34.065  79.532 0.4444440007
43211  11.895  -36.357  79.696 0.3333329856
47323  19.321  -32.156  79.333 0.5555559993
46332  18.687  -32.594  78.215 0.4444440007
46324  18.177  -33.108  78.626 0.4444440007
46325  17.303  -33.276  78.218 0.4444440007
43224  11.549  -35.883  78.622 0.5555559993
120358  10.931  -36.179  79.297 0.5555559993
47331  19.931  -31.730  78.634 0.5555559993
47338  19.748  -31.473  77.694 0.6666669846
47351  18.713  -31.556  76.510 0.4444440007
47340  18.271  -32.139  76.793 0.5555559993
46339  17.522  -32.411  76.622 0.5555559993
47353  17.150  -32.126  75.826 0.5555559993
43238  11.206  -35.628  77.709 0.5555559993
43225  10.653  -35.789  78.220 0.6666669846
48454  19.793  -30.936  76.930 0.6666669846
47350  19.308  -31.386  76.922 0.6666669846
47364  18.491  -31.194  75.615 0.6666669846
47352  17.980  -31.815  76.089 0.5555559993
47365  17.567  -31.499  75.307 0.5555559993
47374  17.062  -31.265  74.618 0.6666669846
43226  9.154  -35.384  78.588 0.5555559993
48476  17.175  -30.676  74.036 0.6666669846
45305  7.718  -33.891  79.220 0.5555559993
46316  8.051  -31.862  79.280 0.5555559993
46317  7.487  -32.510  79.971 0.6666669846
47302  6.333  -31.800  80.659 0.5555559993
46298  6.010  -32.365  80.811 0.4444440007
48407  5.493  -31.181  80.374 0.5555559993
125372  5.774  -31.838  80.650 0.4444440007
43197  16.100  -35.378  80.338 0.2222220004
43191  16.131  -36.206  80.613 0.3333329856
142783  15.741  -35.339  80.211 0.2222220004
42093  15.365  -36.779  80.612 0.2222220004
127030  14.793  -37.376  80.621 0.2222220004
42100  13.372  -36.546  80.294 0.4444440007
43210  12.951  -36.199  79.732 0.5555559993
44258  16.087  -34.436  79.729 0.3333329856
129285  15.662  -34.902  79.844 0.4444440007
43209  13.931  -35.924  79.897 0.4444440007
43223  12.469  -35.825  78.895 0.5555559993
45315  16.641  -33.700  78.821 0.5555559993
45304  16.057  -34.050  79.180 0.4444440007
48431  20.443  -31.138  78.182 0.5555559993
46334  17.046  -32.960  77.242 0.5555559993
121018  9.776  -35.456  77.807 0.5555559993
130491  20.332  -30.730  77.273 0.6666669846
48455  19.182  -31.055  76.292 0.5555559993
46348  16.280  -32.414  75.610 0.5555559993
47366  16.733  -31.823  75.146 0.5555559993
44274  9.016  -34.875  77.588 0.5555559993
143381  19.162  -30.577  75.156 0.5555559993
48475  18.390  -30.498  74.374 0.5555559993
45316  8.065  -33.409  78.281 0.5555559993
45317  7.648  -32.856  79.110 0.5555559993
46309  7.184  -32.377  80.388 0.5555559993
46308  7.718  -31.685  79.848 0.5555559993
47312  7.223  -31.775  80.275 0.6666669846
137754  15.411  -35.358  80.085 0.2222220004
125987  14.598  -36.467  80.504 0.2222220004
120738  15.505  -34.605  79.350 0.4444440007
44259  14.870  -35.275  79.678 0.4444440007
43222  13.356  -35.626  79.082 0.5555559993
45340  16.246  -33.273  76.928 0.4444440007
145509  16.073  -33.795  78.440 0.5555559993
44271  15.389  -34.230  78.363 0.4444440007
44272  14.679  -34.833  78.778 0.4444440007
48441  20.709  -30.706  77.855 0.5555559993
48452  20.776  -30.496  77.280 0.5555559993
46340  16.680  -32.657  76.382 0.4444440007
45327  15.785  -33.729  77.598 0.4444440007
48453  20.190  -30.586  76.648 0.6666669846
46341  15.837  -32.933  76.119 0.4444440007
45328  14.960  -33.942  77.264 0.4444440007
48474  19.640  -30.401  75.002 0.5555559993
48466  17.919  -30.892  74.636 0.6666669846
43239  10.509  -35.424  77.285 0.5555559993
48484  18.555  -30.226  73.937 0.6666669846
133059  17.199  -30.353  73.544 0.6666669846
45341  15.409  -33.482  76.639 0.5555559993
120648  17.807  -30.309  73.888 0.6666669846
140337  16.381  -31.618  74.580 0.6666669846
47367  15.897  -32.160  74.908 0.6666669846
47376  15.572  -31.717  74.165 0.6666669846
122842  22.877  -30.325  78.383 0.4444440007
48439  21.945  -30.228  78.177 0.5555559993
121703  21.510  -30.290  77.267 0.5555559993
44273  14.131  -35.385  79.163 0.4444440007
127688  20.474  -30.335  75.244 0.7777780294
44285  13.711  -35.027  78.221 0.4444440007
43237  12.050  -35.493  77.733 0.4444440007
48464  20.025  -30.443  75.821 0.7777780294
44284  14.461  -34.463  77.771 0.4444440007
43236  12.909  -35.445  78.223 0.4444440007
48483  19.410  -30.295  74.067 0.5555559993
46349  15.453  -32.673  75.406 0.5555559993
125880  13.698  -34.566  77.114 0.4444440007
44298  14.280  -34.139  76.946 0.5555559993
44286  12.881  -35.126  77.158 0.4444440007
44275  8.380  -34.578  78.516 0.5555559993
49525  18.122  -30.033  73.293 0.6666669846
47375  16.473  -31.161  74.059 0.6666669846
46327  8.294  -32.383  78.434 0.5555559993
46326  8.890  -31.494  78.734 0.5555559993
130396  17.682  -29.936  72.671 0.6666669846
145747  17.154  -30.057  72.696 0.6666669846
47387  15.832  -31.107  73.608 0.6666669846
48427  23.860  -30.423  78.766 0.4444440007
48451  22.592  -30.323  77.260 0.5555559993
125969  21.920  -30.373  76.263 0.5555559993
129766  20.871  -30.333  76.282 0.6666669846
48473  20.141  -30.366  74.484 0.5555559993
45342  14.540  -33.718  76.290 0.5555559993
49524  18.937  -30.119  73.270 0.6666669846
49534  18.532  -29.874  72.423 0.6666669846
144543  14.814  -32.930  75.265 0.5555559993
122039  13.134  -34.617  76.343 0.5555559993
48485  16.500  -30.607  73.435 0.6666669846
46363  14.928  -32.435  74.704 0.6666669846
122845  17.811  -29.756  71.930 0.6666669846
49535  17.173  -29.883  72.110 0.6666669846
48494  16.860  -30.223  73.004 0.6666669846
49536  16.519  -29.997  72.248 0.6666669846
48438  23.693  -30.421  77.769 0.5555559993
121740  22.863  -30.616  76.164 0.6666669846
142904  23.444  -30.813  76.068 0.6666669846
48462  22.417  -30.733  75.248 0.6666669846
128317  21.816  -30.667  74.597 0.6666669846
48472  21.004  -30.479  74.352 0.5555559993
48481  21.130  -30.681  73.342 0.5555559993
48493  19.731  -30.257  73.249 0.6666669846
121239  20.490  -30.468  72.746 0.5555559993
49533  19.598  -30.044  72.425 0.6666669846
129469  20.340  -30.280  71.990 0.6666669846
49544  19.161  -29.806  71.754 0.6666669846
45356  14.408  -33.372  75.484 0.5555559993
47377  14.507  -31.873  74.028 0.6666669846
49546  17.270  -29.622  71.409 0.6666669846
48495  16.046  -30.285  72.674 0.6666669846
47388  14.976  -31.314  73.502 0.6666669846
49545  18.497  -29.674  71.504 0.6666669846
122477  17.889  -29.574  71.247 0.6666669846
49547  16.597  -29.681  71.555 0.5555559993
122049  21.814  -30.822  73.808 0.5555559993
135188  21.289  -30.757  72.602 0.5555559993
48492  21.019  -30.596  71.986 0.6666669846
48500  20.625  -30.434  71.293 0.6666669846
49557  19.237  -29.708  70.895 0.6666669846
49558  18.344  -29.549  70.714 0.6666669846
121733  15.999  -29.661  71.682 0.6666669846
125588  19.656  -29.859  70.023 0.6666669846
49559  17.488  -29.433  70.574 0.5555559993
47372  23.708  -31.693  74.130 0.7777780294
47386  22.514  -31.313  73.467 0.5555559993
48491  21.917  -30.920  72.017 0.5555559993
49556  20.087  -30.053  70.742 0.6666669846
49568  20.306  -30.225  70.115 0.6666669846
122519  18.805  -29.606  69.994 0.5555559993
120750  16.670  -29.345  70.848 0.5555559993
47371  24.507  -31.921  74.457 0.7777780294
47384  24.314  -31.995  73.506 0.6666669846
47383  25.110  -32.420  73.918 0.7777780294
47396  22.620  -31.417  72.624 0.5555559993
48498  22.140  -30.956  71.088 0.6666669846
48503  21.420  -30.751  70.549 0.5555559993
49569  18.219  -29.479  69.262 0.4444440007
121394  19.145  -29.820  69.043 0.4444440007
47394  24.149  -32.032  72.503 0.6666669846
126370  23.407  -31.714  71.077 0.6666669846
47403  23.714  -31.856  71.700 0.6666669846
48502  22.196  -31.088  70.261 0.6666669846
121383  20.873  -30.538  69.902 0.5555559993
48513  20.172  -30.228  69.291 0.5555559993
48522  20.460  -30.405  68.397 0.4444440007
49578  18.402  -29.496  68.369 0.4444440007
46376  25.788  -32.769  73.372 0.6666669846
46389  24.890  -32.579  72.103 0.6666669846
47402  24.357  -32.290  71.696 0.6666669846
47411  23.534  -31.723  70.383 0.7777780294
143767  23.592  -31.693  69.742 0.7777780294
130498  22.905  -31.465  69.871 0.6666669846
47425  22.693  -31.356  69.130 0.6666669846
140134  22.256  -31.160  69.583 0.6666669846
48511  21.926  -30.935  68.916 0.5555559993
49577  19.132  -29.885  68.023 0.3333329856
48521  21.255  -30.655  68.262 0.5555559993
46380  34.127  -32.878  72.335 0.5555559993
46409  34.218  -32.059  71.087 0.7777780294
47400  33.077  -32.003  71.613 0.8888890147
46421  33.656  -32.338  69.731 0.7777780294
47415  33.076  -32.047  70.247 0.8888890147
47406  32.692  -31.875  70.809 0.8888890147
46422  32.642  -32.329  69.477 0.8888890147
47416  32.268  -32.057  69.991 0.8888890147
47407  31.934  -31.932  70.582 0.7777780294
46410  31.530  -32.064  71.410 0.7777780294
47417  31.507  -32.203  69.659 0.7777780294
47408  31.111  -32.264  70.262 0.7777780294
140351  29.982  -32.637  71.486 0.7777780294
46423  30.141  -32.516  69.974 0.7777780294
46399  29.068  -32.843  71.616 0.7777780294
46386  28.064  -33.251  72.426 0.7777780294
46375  26.746  -33.092  73.813 0.7777780294
46412  29.545  -32.633  70.729 0.7777780294
46400  28.000  -33.117  71.421 0.7777780294
46387  27.120  -33.238  71.952 0.7777780294
46388  25.605  -32.805  72.472 0.7777780294
141392  27.211  -33.077  71.067 0.7777780294
123515  26.165  -32.986  71.879 0.6666669846
128513  25.470  -32.802  71.781 0.6666669846
120494  24.163  -32.023  70.929 0.7777780294
47410  24.279  -31.949  69.942 0.7777780294
47439  23.300  -31.449  68.605 0.7777780294
138751  23.282  -31.563  69.306 0.6666669846
137358  22.555  -31.189  68.510 0.7777780294
46418  36.630  -32.808  70.308 0.5555559993
128512  35.987  -32.395  70.781 0.5555559993
46392  35.617  -32.477  72.116 0.6666669846
46420  34.662  -32.490  69.734 0.5555559993
46408  34.405  -32.098  70.426 0.6666669846
46437  34.060  -32.989  68.660 0.7777780294
46451  33.296  -33.068  67.721 0.8888890147
46438  33.016  -32.729  68.749 0.8888890147
46439  32.238  -32.541  68.726 0.8888890147
47432  30.985  -32.358  68.795 0.7777780294
126341  32.436  -32.831  67.890 0.8888890147
46440  31.515  -32.603  68.104 0.7777780294
46453  31.989  -32.873  66.885 0.7777780294
47452  30.509  -32.324  67.884 0.6666669846
47433  30.075  -32.175  68.502 0.6666669846
47419  29.672  -32.277  69.124 0.7777780294
46413  28.582  -32.785  70.627 0.7777780294
46481  32.069  -32.845  65.742 0.7777780294
46466  31.387  -32.740  66.268 0.7777780294
121878  31.034  -32.602  67.040 0.7777780294
46454  30.196  -32.321  66.948 0.7777780294
46424  29.149  -32.529  69.886 0.7777780294
125788  26.163  -32.819  70.622 0.6666669846
46497  31.651  -32.525  64.905 0.7777780294
46467  30.683  -32.538  66.231 0.7777780294
125989  29.563  -31.948  67.619 0.6666669846
142136  29.172  -31.946  68.417 0.6666669846
142905  27.720  -32.574  69.774 0.8888890147
46482  31.161  -32.608  65.573 0.8888890147
46455  29.538  -32.021  66.744 0.7777780294
47420  28.740  -32.191  69.150 0.7777780294
46426  27.152  -32.593  69.633 0.8888890147
46414  26.806  -32.890  70.432 0.7777780294
46415  25.493  -32.650  70.511 0.6666669846
47541  31.177  -31.386  62.881 0.7777780294
136604  31.001  -31.922  63.581 0.7777780294
46498  30.791  -32.404  64.841 0.7777780294
46468  29.936  -32.289  66.147 0.7777780294
47487  29.101  -31.973  65.995 0.7777780294
47470  28.846  -31.801  66.941 0.7777780294
128745  28.634  -31.755  67.738 0.7777780294
47422  25.592  -32.244  68.970 0.7777780294
47409  25.145  -32.387  69.768 0.7777780294
47509  30.357  -32.155  64.050 0.6666669846
46484  29.707  -32.278  65.472 0.7777780294
47488  28.217  -31.845  65.313 0.6666669846
47438  24.201  -31.618  68.449 0.7777780294
47423  24.694  -31.982  69.095 0.7777780294
130944  30.820  -30.626  62.029 0.5555559993
47528  29.730  -31.838  63.411 0.5555559993
127155  29.112  -32.187  64.991 0.6666669846
47542  30.214  -31.283  62.765 0.5555559993
128103  37.030  -33.279  69.374 0.4444440007
46435  36.084  -33.081  69.184 0.5555559993
46419  35.614  -32.637  69.924 0.5555559993
45439  35.609  -33.283  68.141 0.4444440007
46436  35.117  -32.960  68.951 0.5555559993
46450  34.781  -33.255  68.055 0.7777780294
46452  32.776  -33.073  67.078 0.8888890147
46465  32.788  -33.078  66.306 0.8888890147
46496  32.540  -32.641  64.859 0.8888890147
47507  32.129  -32.253  64.161 0.8888890147
47508  31.265  -32.221  64.192 0.8888890147
47540  32.233  -31.402  62.802 0.7777780294
47526  31.727  -31.883  63.492 0.7777780294
48594  31.806  -30.845  62.208 0.8888890147
47511  28.389  -31.971  64.292 0.6666669846
48607  32.362  -30.430  61.824 0.8888890147
48608  31.575  -30.260  61.615 0.8888890147
48595  29.777  -30.825  62.152 0.5555559993
47543  29.272  -31.418  62.737 0.5555559993
47544  28.285  -31.526  62.643 0.5555559993
49657  31.669  -29.725  60.937 0.5555559993
48609  30.893  -30.051  61.331 0.5555559993
48610  30.075  -30.280  61.556 0.5555559993
48618  29.411  -30.127  61.076 0.5555559993
48596  28.884  -30.963  62.074 0.5555559993
49658  30.145  -29.807  60.862 0.4444440007
49672  29.374  -29.629  60.251 0.4444440007
126018  37.476  -33.409  70.113 0.2222220004
45438  37.500  -33.495  68.526 0.4444440007
139224  36.578  -33.346  68.354 0.4444440007
45488  37.909  -33.213  65.930 0.5555559993
127264  37.014  -33.365  65.839 0.5555559993
137374  37.058  -33.434  67.532 0.4444440007
45453  36.086  -33.496  67.287 0.4444440007
46476  37.434  -32.975  65.180 0.5555559993
45471  36.599  -33.464  66.563 0.5555559993
45472  35.748  -33.472  66.382 0.6666669846
45489  36.268  -33.403  65.864 0.6666669846
45490  35.619  -33.305  65.587 0.7777780294
45454  35.055  -33.495  67.048 0.6666669846
46463  34.192  -33.344  66.311 0.7777780294
120745  34.116  -33.299  67.393 0.7777780294
46478  35.584  -33.026  65.014 0.7777780294
45473  34.970  -33.391  66.022 0.7777780294
142822  34.474  -33.291  65.730 0.7777780294
46479  34.851  -33.151  65.268 0.7777780294
125879  33.957  -33.150  65.436 0.8888890147
121613  33.427  -33.235  66.765 0.8888890147
136239  35.132  -32.765  64.561 0.8888890147
46495  33.456  -32.752  64.741 0.8888890147
138497  34.693  -32.401  64.124 0.7777780294
47524  33.725  -31.685  63.449 0.7777780294
47506  33.066  -32.186  64.027 0.7777780294
48592  33.649  -30.585  62.351 0.7777780294
134699  33.175  -31.787  63.421 0.8888890147
47539  33.223  -31.357  62.867 0.8888890147
49655  33.575  -29.525  61.472 0.8888890147
48606  33.185  -30.255  61.800 0.8888890147
50687  33.894  -28.785  61.152 0.8888890147
49668  33.119  -29.201  60.816 0.7777780294
49656  32.557  -29.854  61.298 0.8888890147
50700  33.507  -28.475  60.439 0.6666669846
50718  33.178  -28.011  59.771 0.4444440007
50701  32.572  -28.725  60.117 0.6666669846
49670  31.743  -29.188  60.241 0.5555559993
126838  30.161  -29.424  60.153 0.4444440007
51700  33.060  -27.443  59.160 0.3333329856
50719  32.384  -28.067  59.407 0.5555559993
50702  31.765  -28.651  59.622 0.4444440007
50720  31.075  -28.702  59.268 0.4444440007
49685  29.758  -29.083  59.561 0.4444440007
45408  37.906  -33.753  69.711 0.2222220004
45423  37.785  -33.562  69.448 0.3333329856
44393  38.807  -34.124  68.703 0.3333329856
139311  37.954  -33.497  67.674 0.3333329856
125926  38.362  -33.310  66.882 0.4444440007
45470  37.484  -33.377  66.695 0.4444440007
46492  36.889  -32.516  64.585 0.6666669846
46477  36.398  -33.110  65.198 0.7777780294
46493  35.958  -32.622  64.532 0.7777780294
47504  35.411  -32.133  63.975 0.7777780294
47522  35.769  -31.081  63.363 0.7777780294
47523  34.679  -31.640  63.491 0.8888890147
48580  35.789  -30.235  62.853 0.7777780294
130089  35.152  -30.871  62.933 0.7777780294
48590  35.586  -29.662  62.520 0.8888890147
48591  35.062  -30.257  62.554 0.7777780294
50686  34.723  -28.493  61.341 0.8888890147
49654  34.420  -29.147  61.694 0.7777780294
51667  35.066  -27.930  60.903 0.8888890147
51684  34.660  -27.555  60.311 0.8888890147
50699  34.291  -28.179  60.708 0.8888890147
51697  35.015  -27.117  59.999 0.8888890147
51698  34.306  -27.251  59.737 0.7777780294
51685  33.924  -27.783  60.087 0.6666669846
51709  33.899  -27.073  58.992 0.4444440007
51699  33.678  -27.466  59.548 0.5555559993
45451  39.396  -33.878  67.602 0.2222220004
45469  39.092  -33.347  66.948 0.5555559993
45452  38.711  -33.626  67.665 0.3333329856
133766  38.910  -33.913  68.194 0.3333329856
141428  37.939  -32.318  64.507 0.7777780294
46475  38.391  -32.777  65.251 0.6666669846
48567  38.151  -30.324  64.182 0.6666669846
47503  37.755  -31.311  64.045 0.7777780294
49622  38.129  -29.362  64.609 0.8888890147
48568  37.560  -30.026  64.123 0.7777780294
48569  37.016  -30.903  63.824 0.7777780294
49610  38.143  -29.100  64.927 0.8888890147
121822  37.080  -29.978  63.771 0.7777780294
127357  36.353  -31.742  64.000 0.8888890147
50657  37.758  -29.085  63.842 0.8888890147
49624  37.146  -29.487  63.493 0.8888890147
49632  36.343  -29.472  62.843 0.8888890147
144548  36.520  -30.715  63.568 0.7777780294
50665  37.050  -29.055  63.139 0.8888890147
48579  36.468  -30.101  63.271 0.7777780294
50676  35.913  -28.500  61.994 0.8888890147
51666  35.466  -28.224  61.449 0.8888890147
51654  36.082  -27.913  61.555 0.8888890147
141218  35.664  -27.713  61.081 0.8888890147
51682  36.081  -27.339  60.976 0.8888890147
51683  35.399  -27.405  60.570 0.8888890147
134520  35.396  -27.025  59.525 0.8888890147
52692  34.779  -27.027  59.302 0.5555559993
45484  40.890  -32.741  65.800 0.3333329856
45467  40.433  -33.709  66.806 0.4444440007
45486  39.547  -32.950  66.338 0.5555559993
46473  40.043  -32.551  65.825 0.4444440007
46474  39.275  -32.601  65.496 0.6666669846
47500  40.440  -31.540  64.804 0.6666669846
46491  38.967  -32.254  64.723 0.7777780294
48566  39.191  -30.717  64.245 0.6666669846
47502  38.643  -31.566  64.242 0.6666669846
51620  38.181  -28.763  64.151 0.8888890147
120365  38.067  -28.483  63.596 0.8888890147
50664  37.597  -28.809  63.393 0.8888890147
50675  36.999  -28.709  62.814 0.8888890147
51652  37.342  -27.871  62.211 0.8888890147
51653  36.637  -28.263  62.232 0.8888890147
50666  36.405  -28.828  62.546 0.8888890147
51681  36.775  -27.264  61.018 0.8888890147
51665  36.674  -27.644  61.579 0.8888890147
52676  37.378  -27.040  60.514 0.8888890147
52689  37.918  -26.614  59.790 0.8888890147
52677  36.587  -27.104  60.416 0.7777780294
52678  35.824  -27.099  60.128 0.7777780294
53650  38.168  -25.810  59.223 0.7777780294
52703  37.193  -26.451  58.630 0.7777780294
121386  36.260  -26.972  59.021 0.7777780294
144477  41.602  -33.144  66.050 0.3333329856
46472  41.846  -32.437  65.639 0.3333329856
48565  40.625  -30.488  64.807 0.5555559993
49620  39.716  -30.050  64.578 0.7777780294
51605  38.520  -28.612  64.767 0.8888890147
51637  38.563  -27.966  63.739 0.8888890147
51619  38.559  -28.212  64.331 0.8888890147
120665  38.032  -28.082  62.901 0.8888890147
51651  38.660  -27.729  62.861 0.8888890147
51664  38.166  -27.599  62.156 0.8888890147
51663  39.049  -27.414  62.126 0.8888890147
52658  38.659  -27.155  61.368 0.8888890147
52659  37.571  -27.330  61.352 0.8888890147
52657  39.561  -26.902  61.545 0.8888890147
52675  38.358  -26.763  60.475 0.8888890147
53632  39.038  -25.982  60.068 0.8888890147
47485  41.918  -31.453  65.412 0.3333329856
49607  40.241  -29.472  65.122 0.7777780294
50640  39.869  -28.381  66.567 0.7777780294
49597  39.238  -28.625  65.811 0.8888890147
51618  39.243  -27.682  64.967 1.0000000000
51586  39.214  -27.955  65.786 1.0000000000
50642  38.992  -28.523  65.542 0.8888890147
144688  38.750  -27.935  64.566 0.8888890147
51617  40.223  -27.479  64.336 1.0000000000
136443  39.223  -27.680  64.101 0.8888890147
51650  39.307  -27.515  62.772 0.8888890147
52656  40.347  -26.516  61.890 1.0000000000
53631  39.611  -25.610  60.517 0.8888890147
53630  40.154  -25.203  60.899 0.8888890147
135969  39.300  -25.045  59.973 0.8888890147
53649  38.694  -25.305  59.535 0.8888890147
48552  42.237  -30.513  65.550 0.3333329856
49606  41.638  -29.629  65.634 0.5555559993
50641  39.491  -28.288  66.092 0.7777780294
49596  39.887  -28.870  66.046 0.7777780294
51602  39.888  -27.375  65.386 0.7777780294
51603  39.293  -27.768  65.747 0.7777780294
52623  40.795  -27.051  63.597 1.0000000000
52642  40.602  -26.849  62.726 1.0000000000
52643  39.868  -27.224  62.352 1.0000000000
53614  40.589  -25.634  61.565 1.0000000000
143438  39.773  -24.871  60.415 1.0000000000
54617  40.168  -24.439  60.663 1.0000000000
54618  39.591  -24.358  60.083 0.8888890147
55615  40.827  -24.010  60.986 1.0000000000
49594  42.472  -29.678  66.181 0.3333329856
48540  43.008  -30.601  65.989 0.3333329856
50639  40.227  -28.521  66.969 0.5555559993
51585  39.632  -27.883  66.451 0.6666669846
50634  39.909  -28.155  66.856 0.7777780294
136781  41.054  -27.092  64.295 0.8888890147
52588  40.467  -27.061  65.756 0.6666669846
52622  41.521  -26.628  63.862 1.0000000000
52641  41.271  -26.352  63.087 1.0000000000
129060  41.009  -26.064  62.278 1.0000000000
53600  41.546  -25.534  62.723 1.0000000000
53601  41.158  -25.142  61.983 1.0000000000
54604  40.685  -24.733  61.286 1.0000000000
54603  41.268  -24.329  61.712 1.0000000000
142205  41.519  -23.810  61.495 1.0000000000
55623  40.836  -23.487  60.299 1.0000000000
49585  42.635  -29.125  67.216 0.3333329856
50633  40.151  -28.128  67.689 0.5555559993
50632  40.536  -28.329  67.987 0.4444440007
52571  40.510  -26.966  66.471 0.6666669846
52572  40.021  -27.430  67.040 0.6666669846
52587  41.403  -26.860  65.680 0.6666669846
53588  41.859  -25.901  63.469 1.0000000000
54589  41.720  -24.674  62.415 1.0000000000
55607  41.897  -23.940  62.122 1.0000000000
55614  41.502  -23.454  60.973 1.0000000000
56592  42.151  -23.066  60.930 1.0000000000
55635  40.889  -22.982  59.568 1.0000000000
49584  42.800  -28.706  68.415 0.3333329856
50624  41.075  -27.839  68.748 0.4444440007
50631  41.639  -28.466  68.059 0.3333329856
52538  40.523  -27.696  68.413 0.5555559993
51571  40.268  -27.946  68.334 0.5555559993
132391  40.846  -28.104  68.596 0.3333329856
52586  42.183  -26.454  66.193 0.6666669846
53575  42.641  -25.846  64.691 0.8888890147
52603  42.258  -26.460  65.246 0.7777780294
52604  41.706  -26.806  64.688 0.7777780294
53587  42.383  -25.416  63.900 0.8888890147
54574  42.089  -25.049  63.147 0.8888890147
54588  42.245  -24.183  62.871 1.0000000000
55606  42.508  -23.501  62.515 1.0000000000
55613  42.168  -23.350  61.666 1.0000000000
56591  42.727  -22.773  61.314 1.0000000000
56609  41.566  -22.581  59.285 1.0000000000
56601  42.550  -22.597  60.500 1.0000000000
57677  42.872  -21.847  59.205 1.0000000000
50623  41.823  -28.122  68.919 0.4444440007
50617  42.226  -27.874  69.291 0.4444440007
51533  42.575  -27.646  69.628 0.2222220004
51551  41.583  -27.760  68.969 0.3333329856
51552  40.682  -27.858  68.593 0.4444440007
52552  41.880  -26.551  68.290 0.4444440007
52553  40.955  -26.949  67.904 0.5555559993
53574  43.245  -25.310  64.987 0.8888890147
53564  43.002  -25.870  65.675 0.7777780294
54561  42.944  -24.972  64.315 0.8888890147
54573  42.598  -24.547  63.593 0.8888890147
55592  42.808  -23.752  63.278 0.8888890147
56600  43.204  -22.230  60.896 1.0000000000
57668  43.056  -22.060  60.046 1.0000000000
57676  43.585  -21.536  59.597 1.0000000000
57688  42.656  -21.642  58.385 0.8888890147
53536  43.263  -25.612  67.348 0.5555559993
53537  42.585  -26.008  67.870 0.6666669846
53550  43.545  -25.457  66.498 0.7777780294
53551  42.812  -26.025  66.783 0.6666669846
55591  43.493  -23.455  63.597 0.8888890147
55605  43.114  -23.093  62.920 0.8888890147
56581  42.891  -22.926  62.128 0.8888890147
58682  44.037  -20.948  59.147 1.0000000000
57687  43.403  -21.364  58.738 0.8888890147
57701  43.165  -21.135  57.943 0.8888890147
58713  43.598  -20.514  57.569 1.0000000000
54542  44.066  -24.856  66.483 0.6666669846
54560  43.567  -24.578  64.728 0.8888890147
54559  43.874  -23.822  64.336 0.8888890147
56580  43.574  -22.604  62.460 0.8888890147
57657  43.814  -21.882  61.268 0.8888890147
57667  43.692  -21.702  60.469 1.0000000000
57675  44.283  -21.108  60.096 1.0000000000
58681  44.684  -20.542  59.469 1.0000000000
58699  43.834  -20.779  58.321 1.0000000000
58698  44.211  -20.153  57.957 1.0000000000
58724  43.345  -20.136  56.827 0.8888890147
54541  44.462  -24.337  66.077 0.7777780294
55575  44.598  -23.491  64.692 0.8888890147
56571  43.856  -22.859  63.196 0.8888890147
56579  44.311  -22.346  62.739 0.8888890147
57656  44.449  -21.536  61.551 0.8888890147
57666  44.201  -21.415  60.885 0.8888890147
59699  44.801  -19.736  58.248 1.0000000000
126096  44.463  -20.379  58.677 1.0000000000
59721  44.516  -19.592  57.655 1.0000000000
58712  43.976  -19.808  57.289 1.0000000000
59744  42.992  -19.705  56.081 1.0000000000
60770  41.850  -17.955  54.344 0.7777780294
55574  45.292  -23.118  65.006 0.7777780294
56570  44.667  -22.673  63.451 0.8888890147
57647  44.747  -21.789  62.284 0.8888890147
57655  45.165  -21.195  61.824 0.8888890147
58649  44.860  -20.963  60.933 0.8888890147
138554  44.917  -20.624  60.158 1.0000000000
58680  45.299  -20.153  59.756 1.0000000000
59698  45.457  -19.277  58.498 1.0000000000
131039  44.923  -16.864  57.132 1.0000000000
60724  45.018  -19.016  57.736 1.0000000000
61677  44.607  -17.541  56.661 1.0000000000
60736  44.741  -18.378  57.210 1.0000000000
60749  44.361  -18.537  56.676 1.0000000000
61678  44.243  -17.137  55.825 1.0000000000
60750  44.056  -18.164  56.044 1.0000000000
59742  44.441  -19.133  57.144 1.0000000000
62593  44.228  -16.816  55.338 1.0000000000
60759  43.620  -17.753  55.469 1.0000000000
59764  43.250  -18.634  55.674 1.0000000000
59743  43.822  -19.203  56.496 1.0000000000
62600  44.030  -16.990  54.718 1.0000000000
61685  43.571  -17.336  55.144 1.0000000000
60760  43.043  -17.804  55.107 1.0000000000
62601  43.221  -17.248  54.174 0.8888890147
61692  42.942  -17.446  54.698 0.8888890147
59765  42.507  -19.291  55.415 1.0000000000
63583  43.072  -17.007  53.639 0.7777780294
62608  42.709  -17.144  53.683 0.7777780294
60769  42.459  -17.814  54.753 0.8888890147
57622  46.195  -22.087  64.119 0.8888890147
56569  45.438  -22.396  63.767 0.8888890147
57646  45.523  -21.521  62.565 0.8888890147
58637  45.947  -20.902  62.147 0.8888890147
58648  45.675  -20.605  61.355 0.8888890147
58663  45.496  -20.358  60.524 0.8888890147
59681  45.705  -19.552  59.306 1.0000000000
60723  45.635  -18.323  58.124 1.0000000000
61671  44.948  -17.536  57.408 1.0000000000
62587  44.704  -16.527  56.210 1.0000000000
62579  44.983  -16.366  56.540 1.0000000000
63555  44.487  -16.672  55.307 1.0000000000
63567  43.769  -17.019  54.233 1.0000000000
129335  44.361  -16.617  54.868 1.0000000000
63582  43.771  -16.568  53.767 0.7777780294
58625  46.980  -20.832  63.304 0.7777780294
59643  47.120  -19.969  62.110 0.7777780294
57636  45.897  -21.849  63.316 0.7777780294
57635  46.298  -21.225  62.901 0.7777780294
59651  46.876  -19.752  61.456 0.7777780294
58636  46.688  -20.568  62.512 0.8888890147
58662  46.287  -19.924  60.899 0.8888890147
59664  47.101  -19.235  60.847 0.8888890147
60697  46.948  -18.777  60.039 1.0000000000
60707  46.698  -18.368  59.287 1.0000000000
60708  46.096  -18.825  58.866 1.0000000000
63530  45.534  -15.575  57.831 1.0000000000
62561  45.675  -15.579  58.590 1.0000000000
64548  45.378  -15.635  57.199 1.0000000000
62569  45.628  -16.308  58.391 1.0000000000
61664  45.243  -16.777  57.768 1.0000000000
64536  45.584  -15.146  58.057 1.0000000000
62578  45.156  -16.262  57.243 1.0000000000
64563  45.090  -15.748  56.451 1.0000000000
133044  45.083  -16.089  56.503 1.0000000000
144926  45.094  -15.440  56.001 1.0000000000
64579  44.851  -15.808  55.654 1.0000000000
63544  44.830  -16.277  55.892 1.0000000000
64594  44.659  -15.969  55.050 1.0000000000
63554  44.499  -16.395  54.998 1.0000000000
63566  44.352  -16.340  54.550 1.0000000000
63581  44.422  -16.076  53.918 1.0000000000
63603  44.099  -16.270  53.187 0.7777780294
130587  44.810  -16.059  53.201 1.0000000000
58624  47.555  -20.340  63.785 0.7777780294
59642  47.746  -19.562  62.446 0.7777780294
59650  47.493  -19.389  61.658 0.7777780294
60684  47.733  -18.697  61.256 0.8888890147
60706  47.221  -17.921  59.801 1.0000000000
63515  45.829  -15.021  60.070 0.8888890147
121741  45.744  -15.225  59.350 1.0000000000
62560  45.820  -15.912  59.107 1.0000000000
62559  46.309  -16.402  59.451 1.0000000000
61653  46.723  -17.412  59.191 1.0000000000
61663  45.689  -17.231  58.212 1.0000000000
63522  45.696  -15.095  58.743 1.0000000000
61654  46.073  -16.804  58.773 1.0000000000
122523  45.693  -14.874  58.002 1.0000000000
123511  45.781  -14.960  57.193 1.0000000000
64578  45.343  -15.262  55.698 1.0000000000
64593  45.122  -15.495  55.096 1.0000000000
63565  44.854  -15.808  54.523 1.0000000000
63564  45.936  -15.456  54.344 1.0000000000
63580  45.422  -15.783  53.638 1.0000000000
59635  47.909  -19.661  63.334 0.5555559993
59628  47.898  -19.590  64.421 0.4444440007
59634  48.235  -18.994  63.787 0.5555559993
59641  48.169  -18.995  62.871 0.6666669846
60672  48.002  -18.877  62.025 0.7777780294
142216  47.879  -18.021  60.941 1.0000000000
63505  46.248  -14.856  61.220 0.8888890147
63504  47.109  -15.308  61.512 0.7777780294
62549  47.413  -16.580  60.516 1.0000000000
61642  47.590  -17.545  60.407 1.0000000000
63514  46.028  -15.232  60.485 0.8888890147
62550  46.450  -16.041  60.156 0.8888890147
61643  47.140  -16.968  59.791 1.0000000000
63506  45.995  -14.962  60.706 0.8888890147
64526  45.963  -14.663  59.926 0.8888890147
65528  46.280  -14.174  60.273 0.8888890147
64525  46.263  -14.264  59.615 0.8888890147
127915  45.782  -14.814  58.969 1.0000000000
65540  47.320  -14.099  59.004 0.8888890147
64546  46.548  -14.699  57.505 1.0000000000
64577  46.303  -14.993  55.813 1.0000000000
64592  46.204  -15.202  55.049 1.0000000000
137404  46.405  -15.483  53.564 1.0000000000
63665  43.379  -15.462  48.465 0.5555559993
64668  42.998  -14.884  47.917 0.3333329856
59622  48.008  -19.083  65.231 0.5555559993
60657  48.388  -18.303  64.285 0.5555559993
60671  48.300  -18.279  62.488 0.6666669846
62541  48.246  -16.369  62.045 0.6666669846
135779  48.375  -17.618  62.235 0.5555559993
62531  47.768  -15.482  62.197 0.6666669846
62542  47.787  -16.197  61.344 0.8888890147
61630  47.981  -17.229  61.041 0.8888890147
64502  46.578  -14.222  61.626 0.7777780294
129416  46.753  -13.764  61.931 0.7777780294
65493  46.238  -14.323  60.667 0.8888890147
65510  46.462  -13.884  60.804 0.7777780294
66451  46.810  -13.507  61.306 0.7777780294
65527  47.124  -13.790  59.870 0.7777780294
65508  47.818  -13.346  60.199 0.7777780294
65526  48.062  -13.550  59.392 0.8888890147
64545  47.633  -14.310  57.856 0.8888890147
65539  48.322  -13.748  58.519 0.8888890147
64560  47.469  -14.564  56.813 1.0000000000
64576  47.300  -14.757  55.939 1.0000000000
129331  47.067  -14.963  55.292 1.0000000000
64591  47.147  -14.981  54.626 1.0000000000
63579  47.032  -15.266  53.103 1.0000000000
64626  47.000  -15.215  52.312 1.0000000000
63621  46.392  -15.613  51.972 1.0000000000
63640  45.703  -15.518  50.522 0.7777780294
64646  46.590  -14.698  50.529 0.7777780294
64647  45.907  -14.768  50.023 0.7777780294
63641  45.086  -15.803  50.170 0.5555559993
63664  44.064  -15.135  48.848 0.5555559993
64658  44.790  -14.767  49.145 0.5555559993
64667  44.382  -14.516  48.512 0.5555559993
128087  43.682  -14.728  48.229 0.4444440007
64682  43.325  -14.399  47.701 0.3333329856
65679  41.516  -13.825  46.625 0.1111110002
65680  40.765  -13.510  46.504 0.1111110002
65681  39.928  -13.315  46.460 0.1111110002
66634  38.843  -12.240  46.492 0.1111110002
66633  39.642  -12.397  46.180 0.1111110002
134417  39.156  -11.754  46.298 0.1111110002
60663  48.400  -18.342  63.338 0.5555559993
61597  48.425  -17.515  64.850 0.5555559993
61607  48.549  -16.942  63.293 0.5555559993
62501  48.399  -16.605  65.348 0.5555559993
62516  48.522  -16.110  63.700 0.5555559993
61616  48.459  -16.980  62.457 0.5555559993
63492  47.434  -14.501  62.802 0.7777780294
66415  46.882  -13.479  61.905 0.5555559993
66432  47.241  -13.115  61.823 0.4444440007
66450  47.494  -13.158  60.999 0.5555559993
67447  48.666  -12.039  63.174 0.4444440007
67459  48.915  -12.428  62.101 0.5555559993
67446  49.603  -11.299  63.313 0.3333329856
66430  49.217  -12.586  61.081 0.4444440007
66449  48.477  -12.943  60.586 0.6666669846
66467  48.694  -13.031  59.755 0.6666669846
65538  49.130  -13.243  58.174 0.6666669846
64559  48.327  -14.148  56.955 0.8888890147
65547  49.337  -13.284  57.380 0.6666669846
137703  47.925  -14.470  55.076 1.0000000000
64609  47.809  -14.594  53.987 1.0000000000
126832  47.483  -14.836  53.346 1.0000000000
64625  47.500  -14.746  52.654 1.0000000000
65585  47.954  -14.105  52.229 1.0000000000
125154  47.440  -14.563  51.827 1.0000000000
63639  46.306  -15.388  51.064 1.0000000000
65611  47.588  -13.604  50.641 1.0000000000
64636  47.246  -14.279  50.979 1.0000000000
123823  46.166  -15.131  50.509 0.8888890147
65628  47.444  -13.346  49.950 1.0000000000
65612  46.988  -13.922  50.184 1.0000000000
64656  46.241  -14.094  49.786 0.8888890147
135232  47.457  -13.040  49.254 1.0000000000
65630  46.091  -13.783  48.833 0.7777780294
64657  45.532  -14.405  49.393 0.5555559993
65643  46.918  -13.270  48.647 0.6666669846
65658  46.463  -13.292  47.886 0.6666669846
65659  45.541  -13.718  47.815 0.5555559993
139929  44.739  -14.128  48.105 0.5555559993
64681  44.069  -14.286  47.915 0.4444440007
65674  46.158  -13.179  46.891 0.5555559993
65660  44.650  -13.897  47.458 0.3333329856
65661  43.847  -13.995  47.253 0.3333329856
65662  43.049  -14.052  47.067 0.3333329856
66630  42.116  -13.380  46.327 0.1111110002
65675  45.343  -13.505  46.859 0.3333329856
65676  44.510  -13.589  46.654 0.3333329856
65677  43.635  -13.610  46.552 0.3333329856
61586  48.145  -17.252  66.089 0.4444440007
139286  48.422  -16.880  67.579 0.2222220004
61571  48.146  -17.046  67.310 0.4444440007
131765  48.561  -16.832  64.263 0.5555559993
62461  48.500  -16.207  67.083 0.3333329856
63466  48.343  -15.241  64.135 0.5555559993
63480  47.866  -14.467  63.706 0.4444440007
64488  47.380  -13.931  63.258 0.5555559993
65474  47.511  -13.083  63.264 0.4444440007
67438  47.873  -12.633  63.340 0.4444440007
139769  48.972  -11.432  63.917 0.4444440007
68406  50.297  -10.179  64.832 0.1111110002
69338  51.503  -9.605  64.435 0.1111110002
68440  50.392  -10.356  63.506 0.1111110002
68449  51.004  -10.372  62.454 0.1111110002
67458  49.902  -12.114  61.663 0.2222220004
67470  50.511  -11.655  61.296 0.2222220004
67471  50.132  -12.172  60.584 0.4444440007
67483  49.931  -12.328  59.786 0.4444440007
67482  50.413  -11.837  59.707 0.4444440007
66465  50.042  -12.223  59.121 0.5555559993
66490  49.777  -12.725  57.844 0.5555559993
65556  48.791  -13.759  56.324 0.8888890147
134068  49.884  -12.735  57.006 0.7777780294
65555  49.299  -13.336  55.828 0.8888890147
66516  49.736  -12.819  55.390 0.8888890147
135705  48.649  -13.845  54.820 1.0000000000
66528  49.631  -12.799  54.594 1.0000000000
137136  48.981  -13.408  54.176 1.0000000000
65565  48.401  -14.103  54.323 1.0000000000
65574  48.986  -13.199  53.218 1.0000000000
65584  48.493  -13.685  52.684 1.0000000000
64624  47.988  -14.347  53.069 1.0000000000
66575  48.797  -12.708  51.682 1.0000000000
66558  48.910  -12.953  52.352 1.0000000000
66587  48.510  -12.733  51.004 1.0000000000
65610  48.054  -13.308  51.038 1.0000000000
65597  47.778  -13.840  51.407 1.0000000000
136363  48.589  -11.859  49.467 1.0000000000
66599  47.948  -12.896  49.749 1.0000000000
66616  48.071  -12.133  48.199 1.0000000000
66617  47.544  -12.437  47.517 0.8888890147
66610  47.071  -12.937  47.950 0.6666669846
66618  46.911  -12.880  47.160 0.5555559993
66627  47.327  -12.507  46.611 0.4444440007
66628  46.750  -12.845  46.271 0.3333329856
65687  44.272  -13.212  45.881 0.3333329856
62482  48.316  -16.284  66.471 0.5555559993
126718  48.536  -15.196  66.447 0.3333329856
124088  48.399  -15.640  65.654 0.5555559993
63453  48.320  -14.695  65.569 0.5555559993
63467  48.088  -14.524  64.635 0.4444440007
64463  47.997  -13.907  65.241 0.4444440007
64475  47.677  -13.755  64.175 0.4444440007
65459  47.685  -13.086  64.066 0.4444440007
66397  47.964  -12.626  64.804 0.4444440007
67428  48.539  -11.792  64.732 0.3333329856
67427  49.102  -11.261  64.939 0.3333329856
68386  50.501  -10.533  65.295 0.1111110002
69359  51.490  -9.278  63.911 0.1111110002
69360  50.895  -9.562  63.934 0.1111110002
69336  52.983  -9.803  64.053 0.1111110002
68448  51.282  -10.026  61.461 0.2222220004
131392  50.989  -11.025  61.476 0.2222220004
68458  50.777  -11.322  60.447 0.3333329856
66478  50.197  -12.185  58.342 0.5555559993
66489  50.333  -12.142  57.484 0.5555559993
66503  50.443  -12.104  56.496 0.6666669846
66504  49.849  -12.768  56.168 0.7777780294
67539  50.619  -11.811  55.621 0.7777780294
66527  50.202  -12.274  55.059 0.7777780294
125498  50.476  -10.533  52.768 0.7777780294
68547  50.757  -10.814  53.550 0.7777780294
128531  50.624  -11.659  54.754 0.7777780294
66542  49.530  -12.694  53.736 0.8888890147
69519  50.760  -9.820  52.587 0.8888890147
67562  50.213  -11.244  53.081 0.7777780294
67553  49.921  -11.962  53.394 0.8888890147
126469  50.668  -9.505  51.942 0.8888890147
128005  50.257  -10.143  51.879 0.8888890147
68558  49.938  -10.961  52.277 0.8888890147
138898  49.570  -11.477  51.910 1.0000000000
66574  49.229  -12.196  52.005 1.0000000000
66557  49.428  -12.468  52.866 1.0000000000
68573  49.700  -10.863  51.346 0.8888890147
67575  49.291  -11.691  51.332 1.0000000000
67583  48.907  -12.027  50.742 1.0000000000
67589  48.924  -11.641  50.039 1.0000000000
66598  48.448  -12.397  50.073 1.0000000000
67596  48.537  -11.730  48.760 1.0000000000
63434  48.643  -15.346  66.851 0.3333329856
64454  48.339  -14.092  66.073 0.4444440007
64443  48.349  -13.677  66.224 0.3333329856
65441  48.118  -13.443  65.738 0.4444440007
67416  48.627  -12.031  65.244 0.3333329856
68387  49.743  -10.740  65.095 0.3333329856
126666  50.754  -11.090  65.630 0.2222220004
69383  51.107  -9.662  63.242 0.1111110002
70305  52.143  -8.690  63.334 0.1111110002
69399  51.410  -9.361  62.379 0.1111110002
71314  54.021  -6.332  61.927 0.1111110002
71296  53.768  -6.599  62.427 0.1111110002
70303  53.403  -8.011  63.053 0.1111110002
120740  51.930  -8.377  62.261 0.1111110002
68457  51.148  -10.559  60.740 0.2222220004
68488  50.828  -10.916  58.580 0.5555559993
68499  50.847  -10.739  57.728 0.6666669846
69478  51.816  -9.501  55.088 0.6666669846
68523  51.414  -10.266  54.952 0.7777780294
68509  51.089  -10.306  56.062 0.7777780294
68524  50.905  -11.013  55.348 0.7777780294
68510  50.905  -10.567  56.894 0.6666669846
123476  50.797  -11.198  56.258 0.6666669846
69491  51.684  -9.636  54.273 0.7777780294
68535  51.287  -10.301  53.950 0.7777780294
68536  50.924  -10.940  54.403 0.7777780294
69504  51.381  -9.548  53.283 0.7777780294
69505  50.904  -10.188  53.246 0.7777780294
69533  50.531  -9.519  51.290 0.8888890147
68572  50.044  -10.018  50.919 1.0000000000
68583  49.656  -10.595  50.423 1.0000000000
68582  50.067  -9.922  50.026 1.0000000000
67588  49.299  -11.032  50.002 1.0000000000
68591  49.617  -10.527  49.600 1.0000000000
129339  49.049  -11.180  49.282 1.0000000000
67595  48.996  -11.135  48.323 1.0000000000
127981  48.569  -11.676  47.996 1.0000000000
67603  48.216  -11.912  47.425 0.7777780294
67602  48.872  -11.254  47.360 1.0000000000
67613  47.736  -12.012  46.200 0.6666669846
64430  48.724  -14.584  66.766 0.3333329856
65428  48.473  -13.326  66.233 0.3333329856
66389  48.215  -12.619  65.398 0.4444440007
66379  49.032  -12.763  66.292 0.3333329856
67400  49.618  -11.954  65.964 0.2222220004
71325  53.347  -6.569  60.653 0.1111110002
71326  52.607  -6.861  61.193 0.1111110002
71324  53.973  -6.515  61.227 0.1111110002
129042  52.449  -7.302  62.125 0.1111110002
71313  54.332  -6.681  61.617 0.1111110002
69426  51.477  -9.328  58.885 0.3333329856
127875  51.688  -8.943  59.822 0.3333329856
69411  51.486  -9.710  60.495 0.1111110002
69452  51.481  -9.460  57.101 0.5555559993
69440  51.059  -10.081  58.260 0.5555559993
137836  51.440  -9.819  59.652 0.3333329856
69427  51.088  -10.302  59.116 0.4444440007
145070  53.736  -6.485  54.634 0.3333329856
71415  53.099  -7.165  54.079 0.3333329856
71400  52.845  -7.723  54.802 0.5555559993
70416  52.621  -8.254  55.302 0.5555559993
70417  52.200  -8.858  55.244 0.5555559993
134369  51.844  -9.176  55.833 0.6666669846
69465  51.492  -9.626  56.361 0.5555559993
69466  51.114  -9.972  56.787 0.5555559993
69453  51.045  -9.994  57.439 0.5555559993
73202  54.367  -5.802  53.479 0.2222220004
72327  53.698  -6.484  53.749 0.3333329856
133731  52.712  -7.615  53.334 0.5555559993
70444  52.579  -8.038  53.942 0.5555559993
70428  52.450  -8.529  54.601 0.5555559993
131618  51.541  -9.791  55.657 0.6666669846
73221  54.025  -5.842  52.235 0.4444440007
72344  53.568  -6.393  52.709 0.4444440007
71433  52.562  -7.533  52.576 0.5555559993
70461  52.259  -8.149  53.099 0.5555559993
70462  51.670  -8.697  52.765 0.6666669846
72361  53.351  -6.274  51.726 0.5555559993
72345  52.908  -6.862  52.156 0.5555559993
71450  52.411  -7.461  51.693 0.6666669846
71434  51.958  -8.008  52.222 0.6666669846
69518  51.116  -9.172  52.341 0.6666669846
71467  52.412  -7.551  50.696 0.6666669846
71451  51.880  -8.057  51.337 0.7777780294
123972  51.353  -8.624  51.081 0.8888890147
70494  51.774  -8.262  50.466 0.8888890147
69546  51.130  -8.836  50.350 0.8888890147
69557  50.727  -9.219  49.554 1.0000000000
69547  50.545  -9.428  50.507 0.8888890147
68590  50.109  -9.920  49.120 1.0000000000
68598  49.549  -10.523  48.727 1.0000000000
68597  50.053  -9.874  48.217 1.0000000000
68606  49.475  -10.457  47.791 1.0000000000
133918  49.381  -10.404  46.897 1.0000000000
124571  48.305  -11.670  46.697 0.7777780294
67620  47.711  -11.953  45.383 0.4444440007
68615  48.851  -11.067  46.454 0.6666669846
67612  48.260  -11.470  45.898 0.5555559993
67619  48.359  -11.323  44.963 0.3333329856
67629  47.628  -11.872  44.573 0.3333329856
71339  53.165  -6.715  59.539 0.2222220004
71340  52.429  -7.179  59.399 0.2222220004
70358  51.977  -7.673  60.191 0.1111110002
132044  52.798  -6.967  58.298 0.2222220004
71352  52.255  -7.523  58.637 0.2222220004
70370  51.836  -8.118  59.181 0.2222220004
70347  51.973  -7.942  61.285 0.1111110002
140952  53.557  -6.925  56.652 0.2222220004
71376  52.955  -7.496  56.726 0.4444440007
70392  52.311  -8.102  57.020 0.4444440007
70380  51.788  -8.478  58.302 0.4444440007
69439  51.450  -9.367  57.905 0.5555559993
72314  54.075  -5.981  55.573 0.2222220004
71399  53.456  -6.927  55.154 0.3333329856
71388  53.074  -7.471  55.829 0.3333329856
70404  52.469  -8.408  56.070 0.5555559993
70405  51.845  -8.906  56.620 0.5555559993
70393  51.808  -8.693  57.440 0.5555559993
123631  55.181  -5.274  53.683 0.2222220004
74167  56.238  -4.799  53.219 0.2222220004
73220  54.763  -5.436  52.669 0.4444440007
73244  54.588  -5.510  51.719 0.4444440007
72362  52.868  -6.853  51.257 0.5555559993
73245  53.888  -5.883  51.293 0.4444440007
135891  52.969  -6.898  50.407 0.6666669846
70506  51.487  -8.482  49.604 0.8888890147
69565  51.147  -8.658  48.758 1.0000000000
124819  51.384  -8.286  48.130 1.0000000000
69566  50.578  -9.298  48.574 1.0000000000
122535  52.301  -8.496  46.388 1.0000000000
128716  51.671  -8.525  46.763 1.0000000000
70525  51.347  -8.425  47.397 1.0000000000
69576  50.892  -8.770  47.987 1.0000000000
70548  52.468  -8.859  45.435 0.8888890147
70536  51.758  -8.987  46.076 1.0000000000
69587  50.495  -9.381  46.543 1.0000000000
69578  50.016  -9.678  47.260 1.0000000000
70559  52.822  -8.700  44.536 0.8888890147
69602  52.338  -9.127  44.591 0.8888890147
69594  51.812  -9.363  45.145 0.8888890147
121682  51.087  -9.375  45.857 1.0000000000
69588  49.842  -9.903  46.353 0.7777780294
68614  49.335  -10.477  46.176 0.8888890147
69620  52.404  -8.719  43.757 0.8888890147
69603  51.850  -9.396  44.123 0.7777780294
69604  51.169  -9.520  43.624 0.7777780294
142209  50.245  -10.035  44.879 0.5555559993
68622  49.655  -10.305  45.454 0.5555559993
68623  48.904  -10.915  45.659 0.7777780294
69621  51.697  -8.816  43.313 0.7777780294
67628  48.167  -11.315  44.051 0.3333329856
74181  57.893  -4.703  53.075 0.3333329856
74182  56.860  -4.643  52.673 0.4444440007
74166  57.097  -4.798  53.629 0.3333329856
73243  55.341  -5.329  51.389 0.4444440007
73272  53.860  -5.995  50.533 0.5555559993
72384  53.496  -6.424  49.957 0.6666669846
139844  52.711  -7.362  49.926 0.7777780294
70493  52.220  -7.888  49.751 0.8888890147
71497  53.300  -7.272  47.363 1.0000000000
71498  52.502  -7.515  47.585 1.0000000000
70524  51.835  -7.840  47.836 1.0000000000
70514  51.875  -7.983  48.754 1.0000000000
71509  53.757  -7.627  46.678 1.0000000000
70535  52.895  -7.882  46.723 1.0000000000
121395  52.031  -8.035  47.124 1.0000000000
70547  53.731  -8.067  45.870 1.0000000000
121786  53.216  -8.458  45.182 0.8888890147
70546  53.957  -8.170  44.852 1.0000000000
70558  53.375  -8.278  44.370 0.8888890147
70571  53.310  -7.823  43.735 0.8888890147
138870  52.957  -8.357  43.911 0.7777780294
139291  52.075  -8.120  43.179 0.7777780294
72448  53.709  -6.355  43.613 0.8888890147
71539  53.081  -7.063  43.423 0.8888890147
70572  52.692  -7.902  43.432 0.8888890147
72449  52.813  -5.766  43.523 0.6666669846
71540  52.089  -7.060  43.328 0.6666669846
120366  50.886  -7.154  43.284 0.6666669846
70573  51.463  -8.086  42.984 0.6666669846
73342  51.540  -5.415  43.353 0.5555559993
124476  50.908  -5.555  43.422 0.5555559993
140341  56.684  -4.860  51.853 0.4444440007
120585  56.196  -5.212  51.232 0.4444440007
73268  57.578  -5.217  50.466 0.5555559993
73269  56.575  -5.342  50.409 0.4444440007
73270  55.640  -5.452  50.498 0.4444440007
73289  54.244  -5.959  49.844 0.5555559993
73288  55.124  -5.709  49.764 0.7777780294
72378  53.050  -6.944  49.702 0.8888890147
71477  52.693  -7.277  49.051 0.8888890147
72383  53.875  -6.298  49.159 0.7777780294
145574  53.085  -6.850  48.715 0.8888890147
72409  55.613  -6.727  47.594 1.0000000000
72410  54.669  -6.728  47.721 1.0000000000
72398  54.234  -6.407  48.449 1.0000000000
72399  53.496  -6.631  48.585 1.0000000000
135906  52.322  -7.435  48.230 1.0000000000
71495  55.178  -7.180  46.939 1.0000000000
71496  54.212  -7.192  47.144 1.0000000000
71487  52.935  -6.946  48.149 1.0000000000
71507  55.657  -7.481  46.104 1.0000000000
122836  55.238  -7.647  45.580 1.0000000000
71508  54.662  -7.654  46.243 1.0000000000
121958  55.298  -7.521  44.771 1.0000000000
71518  54.594  -7.885  45.303 1.0000000000
71537  54.319  -7.012  43.810 1.0000000000
71530  53.886  -7.733  44.088 0.8888890147
71538  53.682  -7.238  43.652 0.8888890147
74275  53.006  -4.984  43.437 0.5555559993
73341  52.294  -5.250  43.347 0.6666669846
74276  51.813  -5.003  43.028 0.4444440007
74277  50.940  -5.076  43.045 0.4444440007
74297  51.328  -4.801  42.629 0.3333329856
73267  58.714  -5.099  50.722 0.3333329856
72382  58.988  -5.933  49.251 0.7777780294
73285  58.138  -5.584  49.614 0.6666669846
73286  57.018  -5.546  49.601 0.5555559993
73287  56.060  -5.578  49.645 0.4444440007
73297  57.427  -5.896  48.785 0.7777780294
73298  56.499  -5.860  48.866 0.7777780294
73299  55.573  -5.877  48.949 0.6666669846
72407  57.375  -6.614  47.316 1.0000000000
72408  56.511  -6.676  47.460 1.0000000000
72397  55.132  -6.333  48.338 0.8888890147
73300  54.662  -5.991  49.047 0.7777780294
72420  57.931  -6.628  46.351 1.0000000000
72421  56.980  -6.852  46.567 1.0000000000
72431  57.128  -6.615  44.995 0.8888890147
126848  57.324  -6.808  45.778 1.0000000000
71506  56.575  -7.203  45.745 1.0000000000
72422  56.100  -7.040  46.750 1.0000000000
71517  55.886  -7.404  45.250 1.0000000000
127585  55.982  -6.096  44.251 0.7777780294
137336  55.839  -7.044  44.521 1.0000000000
73334  55.141  -5.341  44.033 0.8888890147
72447  54.459  -5.817  43.846 0.7777780294
73333  55.641  -5.188  43.970 0.6666669846
132696  53.700  -5.234  43.651 0.7777780294
73340  54.585  -4.965  43.817 0.5555559993
74274  53.831  -4.899  43.401 0.5555559993
144485  52.498  -4.900  43.113 0.5555559993
74295  53.034  -4.671  42.945 0.5555559993
74296  52.175  -4.762  42.678 0.4444440007
73282  61.956  -5.127  50.069 0.3333329856
121650  61.603  -5.413  50.678 0.3333329856
73283  60.881  -5.376  49.827 0.3333329856
73284  59.851  -5.742  49.554 0.4444440007
72405  59.533  -6.182  47.799 0.7777780294
72393  59.286  -6.166  48.623 0.6666669846
72394  58.344  -6.052  48.655 0.7777780294
72406  58.666  -6.355  47.836 0.7777780294
122119  57.797  -6.326  47.996 0.7777780294
72419  58.893  -6.356  46.806 1.0000000000
139908  58.125  -6.511  47.257 1.0000000000
72429  58.646  -6.114  45.624 0.7777780294
73324  58.168  -5.240  44.774 0.7777780294
73331  57.348  -5.468  44.444 0.7777780294
137364  57.129  -4.820  44.024 0.7777780294
72439  56.718  -6.087  44.424 0.8888890147
74266  55.883  -5.070  43.826 0.7777780294
73339  55.239  -5.008  43.894 0.5555559993
74319  52.541  -4.692  42.267 0.4444440007
73375  52.089  -5.440  41.331 0.4444440007
139823  62.231  -5.655  50.522 0.2222220004
74226  62.645  -5.203  49.903 0.3333329856
73295  61.235  -5.251  49.058 0.6666669846
73308  60.522  -5.663  47.746 0.7777780294
72418  59.716  -5.958  46.946 0.8888890147
73316  59.421  -5.772  45.996 1.0000000000
74258  57.673  -4.691  44.245 0.7777780294
74265  57.381  -4.755  44.036 0.7777780294
123405  56.760  -4.947  43.897 0.7777780294
74272  56.673  -4.839  43.605 0.6666669846
140380  56.074  -4.953  43.675 0.6666669846
74273  55.249  -4.803  43.613 0.5555559993
125766  54.561  -4.696  43.379 0.5555559993
128596  53.803  -4.933  42.011 0.4444440007
74294  54.009  -4.609  42.893 0.5555559993
74318  53.278  -4.674  42.434 0.5555559993
134804  55.067  -6.413  40.024 0.4444440007
72477  55.145  -6.200  40.900 0.4444440007
72484  54.337  -6.231  40.468 0.3333329856
73386  53.594  -5.907  40.970 0.3333329856
73374  52.978  -5.184  41.629 0.4444440007
72492  55.802  -6.347  39.696 0.4444440007
72493  54.340  -6.288  39.574 0.2222220004
72485  53.435  -6.279  39.945 0.3333329856
73387  52.699  -5.972  40.599 0.3333329856
73397  55.131  -6.200  39.180 0.2222220004
73399  53.733  -6.026  39.120 0.2222220004
74232  63.105  -4.805  49.282 0.3333329856
73307  61.582  -4.836  48.244 0.6666669846
73315  60.221  -5.432  46.429 0.8888890147
73322  59.715  -4.874  45.403 0.6666669846
74257  58.402  -4.649  44.454 0.7777780294
122490  57.859  -4.561  44.098 0.7777780294
74270  58.120  -4.396  43.798 0.7777780294
74271  57.406  -4.684  43.904 0.6666669846
123430  55.760  -4.664  43.331 0.6666669846
74293  54.914  -4.489  43.122 0.6666669846
73352  55.514  -4.726  42.686 0.6666669846
74317  54.630  -4.859  42.438 0.6666669846
72476  55.948  -6.221  41.155 0.5555559993
73372  55.333  -5.589  41.752 0.5555559993
138692  55.664  -6.379  40.437 0.5555559993
73373  54.467  -5.699  41.428 0.4444440007
73411  55.249  -5.715  38.376 0.3333329856
123818  55.964  -5.925  38.836 0.3333329856
73398  54.344  -5.816  38.633 0.2222220004
73412  54.620  -5.390  37.784 0.2222220004
73425  53.801  -5.206  37.997 0.2222220004
73294  62.263  -4.765  49.345 0.2222220004
74236  64.022  -4.355  48.340 0.2222220004
144589  62.072  -3.987  47.062 0.5555559993
74245  61.504  -4.261  46.365 0.5555559993
74246  60.585  -4.689  45.825 0.6666669846
74255  60.961  -4.370  45.342 0.6666669846
122295  59.141  -4.530  44.805 0.6666669846
75196  59.726  -4.497  44.578 0.6666669846
74263  59.022  -4.586  44.520 0.6666669846
75203  59.141  -4.527  44.165 0.6666669846
74264  58.443  -4.494  44.105 0.6666669846
74291  57.433  -4.632  43.376 0.6666669846
74316  57.072  -4.909  42.603 0.6666669846
74292  56.414  -4.646  42.982 0.6666669846
73385  56.853  -6.087  41.108 0.6666669846
73370  57.396  -5.548  41.830 0.6666669846
72483  56.352  -6.360  40.352 0.5555559993
72491  56.604  -6.214  39.510 0.4444440007
141522  55.786  -5.599  38.242 0.2222220004
73306  62.510  -4.392  48.523 0.2222220004
74237  63.355  -4.321  48.477 0.3333329856
74244  62.717  -3.861  47.655 0.3333329856
74238  61.893  -4.311  47.514 0.5555559993
74243  64.308  -3.799  47.589 0.2222220004
75175  63.603  -3.703  47.757 0.2222220004
139600  62.242  -3.665  46.613 0.4444440007
75183  61.693  -3.832  45.557 0.5555559993
75195  60.908  -4.254  44.742 0.6666669846
75202  60.198  -4.456  44.219 0.6666669846
75229  58.841  -4.366  43.559 0.6666669846
74289  59.177  -4.373  43.121 0.5555559993
74290  58.378  -4.424  43.257 0.6666669846
74314  58.777  -4.855  42.464 0.6666669846
74315  57.888  -4.913  42.569 0.6666669846
72482  57.213  -6.269  40.190 0.4444440007
72481  58.063  -6.218  40.064 0.4444440007
73396  56.794  -5.844  38.785 0.4444440007
73410  56.324  -5.502  38.116 0.3333329856
75181  63.882  -3.033  47.065 0.2222220004
75182  63.111  -3.210  46.999 0.2222220004
75193  63.300  -2.639  46.228 0.3333329856
76091  62.619  -2.537  45.255 0.3333329856
75180  64.677  -3.296  46.780 0.2222220004
121217  62.463  -3.145  45.910 0.3333329856
75190  65.521  -3.487  45.134 0.2222220004
75194  61.927  -3.243  44.954 0.6666669846
140026  62.195  -2.687  44.616 0.6666669846
75211  61.529  -3.327  43.838 0.6666669846
75212  60.617  -4.311  43.842 0.6666669846
75228  59.779  -4.427  43.479 0.6666669846
74288  60.141  -4.359  43.014 0.6666669846
74313  59.689  -4.887  42.292 0.5555559993
73368  59.210  -5.478  41.438 0.5555559993
73383  58.626  -5.949  40.704 0.5555559993
120729  58.010  -5.809  38.807 0.4444440007
123798  58.784  -6.046  39.866 0.4444440007
73395  58.239  -6.066  39.433 0.4444440007
72490  57.489  -6.106  39.333 0.4444440007
141366  57.384  -5.740  38.650 0.4444440007
73409  57.619  -5.369  38.094 0.4444440007
73421  56.915  -5.319  37.686 0.4444440007
73422  56.233  -5.315  37.273 0.4444440007
73423  55.516  -5.428  37.636 0.3333329856
75192  64.131  -2.424  46.292 0.2222220004
76090  63.439  -2.152  45.469 0.3333329856
75191  64.937  -2.822  45.866 0.2222220004
76089  64.285  -2.079  45.349 0.3333329856
76098  62.756  -2.200  44.737 0.3333329856
75200  65.059  -2.382  44.942 0.2222220004
75199  65.797  -2.949  44.222 0.2222220004
75227  60.847  -4.062  43.523 0.6666669846
74312  60.722  -4.842  42.041 0.6666669846
73367  60.179  -5.349  41.075 0.5555559993
73382  59.407  -5.729  40.427 0.4444440007
73394  59.405  -5.665  39.513 0.6666669846
133900  58.741  -5.793  39.083 0.5555559993
74342  59.960  -5.303  39.199 0.5555559993
73407  59.374  -5.310  38.605 0.5555559993
73408  58.472  -5.373  38.314 0.4444440007
73420  58.148  -4.994  37.488 0.4444440007
144710  57.428  -5.146  37.389 0.4444440007
74365  56.852  -5.183  36.960 0.4444440007
73429  56.206  -5.232  36.548 0.4444440007
76177  53.925  -3.162  35.711 0.1111110002
76097  63.696  -1.879  44.762 0.3333329856
76095  65.236  -2.021  44.213 0.2222220004
76096  64.551  -1.816  44.564 0.2222220004
76108  62.977  -2.134  44.184 0.4444440007
75210  62.107  -2.672  43.815 0.4444440007
76105  65.841  -2.155  43.436 0.2222220004
75226  61.604  -3.326  43.430 0.6666669846
75208  66.489  -2.704  42.725 0.3333329856
74286  61.995  -3.823  42.519 0.6666669846
75222  66.640  -2.549  41.920 0.3333329856
74311  61.623  -4.579  41.811 0.6666669846
128260  60.596  -5.022  40.310 0.5555559993
74331  61.831  -4.471  40.826 0.5555559993
73381  60.058  -5.401  39.988 0.5555559993
74341  60.549  -4.811  39.446 0.5555559993
74354  60.233  -4.837  38.569 0.5555559993
141536  60.412  -4.446  37.858 0.5555559993
74363  59.690  -4.747  37.704 0.5555559993
74364  58.903  -4.983  37.847 0.5555559993
122856  58.855  -4.726  37.032 0.4444440007
77108  53.469  -1.927  36.547 0.1111110002
143922  58.228  -4.859  36.868 0.4444440007
74374  57.594  -5.040  36.669 0.4444440007
76168  53.305  -2.788  36.349 0.1111110002
74375  56.717  -5.193  36.098 0.4444440007
74389  54.854  -4.389  35.644 0.1111110002
75280  54.179  -3.835  35.778 0.1111110002
74376  55.740  -4.944  35.847 0.1111110002
75290  54.742  -3.512  35.146 0.1111110002
74388  55.617  -4.253  35.078 0.1111110002
76107  64.166  -1.770  44.178 0.3333329856
126339  64.668  -1.705  43.578 0.3333329856
76119  63.758  -2.055  43.576 0.3333329856
145809  62.807  -2.464  43.621 0.4444440007
76116  66.175  -1.939  42.494 0.3333329856
75224  63.355  -2.713  42.863 0.3333329856
75237  62.846  -3.431  42.189 0.5555559993
76124  66.289  -1.870  41.693 0.3333329856
75236  63.712  -2.886  41.957 0.4444440007
75245  62.992  -3.345  41.186 0.5555559993
74310  62.356  -4.079  41.502 0.5555559993
124243  62.660  -3.242  40.222 0.5555559993
75253  61.870  -3.819  39.904 0.5555559993
121253  61.148  -4.510  40.084 0.5555559993
74340  61.185  -4.167  39.155 0.5555559993
142538  60.692  -4.527  38.885 0.5555559993
74353  60.816  -4.237  38.401 0.5555559993
75272  60.970  -3.764  37.568 0.5555559993
135497  59.612  -4.483  36.850 0.5555559993
74362  60.257  -4.270  37.123 0.5555559993
78022  53.683  -0.690  37.534 0.1111110002
77098  53.864  -1.046  36.918 0.1111110002
74372  59.194  -4.541  36.198 0.4444440007
74373  58.331  -4.914  36.133 0.4444440007
141286  58.126  -5.062  35.168 0.4444440007
74386  57.470  -5.129  35.584 0.4444440007
74396  57.462  -4.662  34.636 0.3333329856
74387  56.549  -4.831  35.200 0.4444440007
76106  65.014  -1.681  43.863 0.3333329856
76117  65.423  -1.697  42.980 0.3333329856
76118  64.430  -2.040  42.719 0.3333329856
122578  65.878  -1.646  42.174 0.3333329856
76125  65.312  -1.717  42.128 0.3333329856
77065  66.370  -1.791  40.888 0.3333329856
120293  64.816  -2.002  41.250 0.4444440007
75244  63.839  -2.641  41.239 0.5555559993
77078  66.228  -1.388  39.670 0.3333329856
77072  66.050  -1.427  40.453 0.3333329856
140020  63.305  -2.811  40.563 0.5555559993
144394  67.028  -1.942  39.104 0.2222220004
75252  62.391  -3.112  39.370 0.4444440007
76147  67.226  -2.021  38.500 0.2222220004
75262  61.443  -3.652  38.403 0.4444440007
133640  61.444  -3.367  36.937 0.5555559993
76166  62.122  -3.071  36.748 0.5555559993
75278  61.502  -3.384  36.302 0.5555559993
75279  60.822  -3.745  36.650 0.5555559993
74371  60.057  -4.155  36.232 0.5555559993
75287  61.645  -3.689  35.499 0.5555559993
75288  60.837  -3.786  35.897 0.5555559993
74383  60.306  -4.244  35.487 0.4444440007
74385  58.842  -4.800  35.331 0.4444440007
74384  59.626  -4.487  35.437 0.4444440007
74395  58.432  -4.682  34.560 0.4444440007
75296  60.937  -4.321  34.944 0.4444440007
74394  59.283  -4.611  34.602 0.4444440007
74393  60.150  -4.497  34.686 0.4444440007
75309  60.746  -4.372  33.978 0.4444440007
76132  65.087  -1.655  40.403 0.3333329856
76133  64.026  -2.250  40.510 0.4444440007
121440  66.407  -1.334  38.855 0.3333329856
77086  66.766  -1.370  38.565 0.2222220004
76134  63.251  -2.512  39.735 0.4444440007
76150  62.890  -2.600  38.790 0.4444440007
77085  66.946  -1.203  38.029 0.3333329856
77094  67.121  -1.174  37.274 0.1111110002
75261  62.164  -3.154  38.552 0.4444440007
142157  62.629  -2.789  38.024 0.4444440007
75271  61.928  -3.225  37.629 0.5555559993
76157  62.719  -2.688  37.259 0.5555559993
76165  62.836  -2.663  36.508 0.5555559993
76175  62.233  -3.091  36.057 0.5555559993
75286  62.494  -3.429  35.217 0.5555559993
76183  63.342  -2.996  35.097 0.5555559993
75294  62.944  -3.467  34.356 0.5555559993
75295  62.222  -3.914  34.354 0.5555559993
122774  61.565  -4.185  34.522 0.4444440007
75308  61.571  -3.939  33.562 0.4444440007
75307  62.498  -3.625  33.498 0.5555559993
138188  65.595  -1.393  39.861 0.3333329856
76141  64.145  -1.942  39.807 0.3333329856
77079  65.529  -1.361  39.059 0.3333329856
77087  65.904  -1.226  38.395 0.3333329856
77088  64.997  -1.449  38.128 0.4444440007
123752  63.839  -2.011  38.988 0.4444440007
78011  66.513  -1.178  38.075 0.3333329856
76149  64.200  -1.866  38.284 0.4444440007
121428  63.440  -2.344  37.956 0.4444440007
78018  66.681  -1.007  37.324 0.3333329856
77095  65.756  -1.215  37.664 0.4444440007
77097  64.218  -1.872  37.492 0.4444440007
77103  67.240  -1.181  36.422 0.3333329856
77096  64.970  -1.421  37.154 0.4444440007
77104  65.734  -1.135  36.767 0.4444440007
77115  64.384  -1.791  36.037 0.4444440007
76156  63.496  -2.279  36.974 0.4444440007
76164  63.626  -2.291  36.298 0.4444440007
76174  62.996  -2.744  35.869 0.5555559993
75293  63.589  -3.029  34.333 0.4444440007
75306  63.377  -3.204  33.522 0.4444440007
78025  66.906  -0.937  36.709 0.3333329856
78027  66.270  -1.004  36.835 0.4444440007
78031  66.165  -0.947  36.110 0.3333329856
78033  66.446  -0.991  35.264 0.3333329856
77120  66.852  -1.084  34.531 0.3333329856
77114  65.130  -1.352  35.729 0.4444440007
76173  63.819  -2.372  35.636 0.4444440007
76172  64.615  -1.914  35.272 0.4444440007
76182  64.053  -2.521  34.754 0.4444440007
76190  64.163  -2.636  33.775 0.4444440007
127634  64.043  -2.529  32.722 0.4444440007
75316  62.891  -3.129  32.689 0.4444440007
133958  65.589  -1.113  36.080 0.4444440007
77113  65.876  -1.087  35.467 0.4444440007
77121  66.323  -1.118  34.502 0.3333329856
124138  66.767  -1.064  33.963 0.3333329856
77122  65.472  -1.401  34.891 0.4444440007
76181  64.885  -2.029  34.245 0.4444440007
120704  67.211  -0.880  32.681 0.2222220004
77140  67.146  -0.570  31.967 0.2222220004
76189  65.088  -1.950  33.209 0.4444440007
141619  65.116  -1.650  32.342 0.4444440007
77130  65.908  -1.290  33.885 0.4444440007
77129  66.671  -0.969  33.521 0.4444440007
122756  4.179  -31.285  78.999 0.2222220004
45286  6.489  -33.030  80.956 0.4444440007
47326  4.089  -32.067  79.219 0.2222220004
45295  7.190  -33.330  80.686 0.6666669846
45287  6.002  -33.083  81.008 0.4444440007
43193  6.822  -36.188  80.985 0.4444440007
39084  10.065  -38.747  79.976 0.1111110002
42087  10.142  -36.789  80.834 0.3333329856
134306  8.144  -35.506  81.180 0.4444440007
44228  6.787  -34.536  81.479 0.4444440007
44237  7.983  -35.114  81.211 0.5555559993
44247  7.795  -35.128  80.680 0.6666669846
45278  6.671  -33.744  81.268 0.4444440007
44235  18.020  -34.606  80.458 0.3333329856
41022  18.164  -37.648  80.565 0.2222220004
43189  17.471  -35.940  80.803 0.2222220004
42102  11.451  -36.764  80.264 0.2222220004
47314  4.571  -31.822  79.920 0.2222220004
144125  17.052  -34.555  80.062 0.4444440007
42095  12.829  -37.019  80.453 0.2222220004
45302  18.602  -33.204  79.701 0.4444440007
44245  17.706  -34.328  80.054 0.2222220004
39080  14.606  -39.377  79.822 0.1111110002
43198  15.405  -35.861  80.428 0.2222220004
40019  15.169  -39.085  80.303 0.1111110002
41033  14.418  -38.012  80.462 0.2222220004
137155  16.013  -34.901  80.055 0.3333329856
47322  20.010  -31.900  79.262 0.5555559993
46323  18.855  -32.695  79.059 0.4444440007
46315  17.552  -33.629  79.097 0.4444440007
45294  17.390  -34.236  79.820 0.4444440007
47332  19.278  -32.140  78.422 0.6666669846
46333  17.987  -32.665  77.568 0.4444440007
45326  16.527  -33.473  77.886 0.5555559993
130648  19.594  -30.709  76.170 0.5555559993
43200  14.045  -36.329  80.437 0.3333329856
43199  14.680  -35.860  80.254 0.3333329856
128505  18.688  -30.722  74.978 0.6666669846
128479  18.964  -30.440  74.580 0.5555559993
47311  8.150  -31.146  79.735 0.5555559993
49526  17.468  -30.138  73.232 0.6666669846
45343  13.847  -33.742  75.681 0.5555559993
48486  15.494  -30.717  73.069 0.6666669846
48463  21.393  -30.428  75.337 0.6666669846
48482  20.303  -30.430  73.702 0.5555559993
48450  23.509  -30.635  76.711 0.6666669846
49543  19.869  -29.974  71.515 0.6666669846
48480  21.880  -31.007  72.969 0.5555559993
141018  21.028  -30.619  70.937 0.6666669846
48499  21.361  -30.721  71.310 0.6666669846
138844  18.065  -29.461  70.028 0.5555559993
47385  23.362  -31.695  73.221 0.5555559993
48504  20.715  -30.480  70.593 0.6666669846
47395  23.338  -31.708  72.344 0.6666669846
47404  22.844  -31.451  71.655 0.5555559993
48512  21.615  -30.842  69.727 0.5555559993
121879  17.443  -29.252  69.601 0.4444440007
46377  24.955  -32.468  72.980 0.6666669846
47412  22.826  -31.440  70.717 0.6666669846
128698  21.054  -30.590  69.094 0.5555559993
48514  19.736  -30.148  68.451 0.3333329856
48534  20.711  -30.456  67.688 0.4444440007
46403  24.973  -32.580  71.241 0.6666669846
46394  33.848  -32.331  71.722 0.7777780294
46393  34.804  -32.397  71.800 0.6666669846
47399  33.460  -31.894  70.981 0.8888890147
46395  32.738  -32.278  72.194 0.7777780294
47401  32.368  -31.925  71.497 0.7777780294
47431  31.837  -32.277  69.150 0.8888890147
46411  30.542  -32.414  70.924 0.7777780294
46397  30.809  -32.413  71.919 0.7777780294
47418  30.634  -32.336  69.307 0.7777780294
123589  26.466  -33.035  72.739 0.7777780294
136688  27.656  -32.865  70.386 0.7777780294
138103  24.795  -32.389  70.462 0.6666669846
47424  23.904  -31.712  69.190 0.7777780294
123695  35.208  -32.276  70.572 0.6666669846
46425  28.272  -32.553  69.836 0.8888890147
46427  26.133  -32.625  69.806 0.7777780294
46483  30.378  -32.431  65.502 0.7777780294
47421  27.855  -32.237  69.219 0.7777780294
47527  30.495  -31.746  63.331 0.5555559993
46499  29.947  -32.333  64.819 0.7777780294
47437  25.079  -31.778  68.312 0.7777780294
47510  29.369  -32.143  64.153 0.6666669846
145001  31.095  -30.312  61.660 0.5555559993
47529  28.768  -31.894  63.425 0.5555559993
45424  37.333  -33.203  70.141 0.3333329856
46480  33.039  -32.975  65.513 0.8888890147
47525  32.607  -31.836  63.431 0.8888890147
49671  30.911  -29.479  60.429 0.4444440007
48619  28.780  -29.975  60.678 0.4444440007
139455  29.368  -30.556  61.635 0.5555559993
126833  28.604  -30.527  61.298 0.5555559993
46464  33.468  -33.219  66.032 0.7777780294
46494  34.326  -32.829  64.678 0.7777780294
47505  33.960  -32.288  64.081 0.7777780294
48581  34.279  -30.957  62.820 0.7777780294
122038  34.406  -30.232  62.345 0.7777780294
49669  32.351  -29.383  60.670 0.7777780294
49684  30.566  -29.072  59.705 0.4444440007
45422  38.258  -33.807  69.153 0.3333329856
45437  38.339  -33.721  68.536 0.3333329856
45487  38.765  -32.976  66.141 0.5555559993
49642  34.936  -29.530  62.192 0.7777780294
50677  35.188  -28.787  61.868 0.8888890147
45468  39.791  -33.551  66.898 0.3333329856
132461  37.182  -31.855  64.165 0.8888890147
49621  38.679  -29.584  64.599 0.7777780294
49623  37.850  -29.372  64.226 0.8888890147
50648  38.623  -28.729  65.103 0.8888890147
44421  40.172  -34.137  67.311 0.2222220004
138342  40.489  -32.186  65.317 0.5555559993
47486  41.131  -31.936  65.296 0.4444440007
45485  40.242  -33.115  66.376 0.5555559993
46490  39.829  -32.179  64.996 0.5555559993
47501  39.559  -31.596  64.459 0.6666669846
51638  37.416  -28.430  62.857 0.8888890147
52691  36.767  -26.951  59.574 0.8888890147
47499  41.458  -30.499  65.218 0.6666669846
49609  38.612  -28.926  65.262 0.7777780294
51604  38.799  -28.211  65.199 0.8888890147
48553  41.000  -29.795  65.225 0.6666669846
51635  39.952  -27.530  63.279 1.0000000000
54634  38.844  -24.329  59.477 0.8888890147
49595  41.410  -28.914  66.783 0.3333329856
52589  39.833  -27.330  66.193 0.6666669846
53576  42.104  -26.225  64.197 0.8888890147
49593  43.299  -29.970  66.744 0.3333329856
52570  41.288  -26.722  66.764 0.5555559993
52569  41.977  -26.459  67.282 0.5555559993
53563  43.811  -25.017  65.619 0.8888890147
54572  43.170  -24.134  63.995 0.8888890147
54534  43.843  -24.946  67.441 0.4444440007
55590  44.233  -23.201  63.907 0.8888890147
54533  44.445  -24.343  67.037 0.5555559993
54550  44.199  -24.123  65.171 0.7777780294
56561  45.023  -22.969  64.201 0.8888890147
59680  46.364  -19.164  59.619 1.0000000000
58647  46.391  -20.260  61.765 0.8888890147
64547  45.506  -14.923  57.065 1.0000000000
62551  45.913  -15.571  59.835 0.8888890147
64535  46.301  -14.474  58.564 1.0000000000
61629  48.315  -17.048  61.732 0.7777780294
134672  46.521  -13.938  60.272 0.7777780294
145704  46.596  -15.225  54.484 1.0000000000
64683  42.593  -14.469  47.429 0.2222220004
126430  41.746  -14.533  47.062 0.1111110002
132921  48.522  -17.633  63.807 0.5555559993
62530  48.381  -16.199  62.773 0.5555559993
63479  48.107  -15.306  63.205 0.5555559993
64489  46.954  -13.928  62.423 0.6666669846
65475  47.122  -13.477  62.448 0.6666669846
66431  48.175  -12.844  61.491 0.4444440007
64575  48.103  -14.282  56.100 1.0000000000
64637  46.912  -15.045  51.417 1.0000000000
63652  45.263  -15.148  49.775 0.7777780294
64666  45.134  -14.168  48.693 0.5555559993
65663  42.290  -14.015  46.845 0.1111110002
66413  47.933  -12.735  62.462 0.5555559993
67437  48.324  -11.921  64.124 0.4444440007
68428  49.616  -10.764  64.154 0.3333329856
68427  50.276  -10.141  64.360 0.2222220004
131906  49.518  -11.871  62.537 0.3333329856
67457  50.389  -11.347  62.350 0.3333329856
66448  49.377  -12.659  60.177 0.5555559993
66466  49.463  -12.690  59.396 0.5555559993
65548  48.656  -13.778  57.648 0.8888890147
66479  49.612  -12.704  58.640 0.5555559993
136702  49.389  -13.306  56.616 0.8888890147
65561  48.665  -13.840  55.518 1.0000000000
65629  46.847  -13.604  49.457 0.8888890147
66609  47.496  -12.676  48.478 0.8888890147
65678  42.836  -13.576  46.462 0.2222220004
65686  45.282  -13.217  45.985 0.3333329856
66405  47.875  -12.550  64.066 0.5555559993
69325  50.993  -9.957  65.010 0.1111110002
69339  50.844  -9.732  64.476 0.1111110002
68407  49.679  -10.659  64.711 0.2222220004
68405  51.738  -10.064  64.906 0.1111110002
69337  52.249  -9.568  64.335 0.1111110002
70292  52.126  -9.045  63.752 0.1111110002
67497  50.511  -11.653  58.877 0.4444440007
65560  49.168  -13.338  55.039 1.0000000000
66515  50.221  -12.359  55.744 0.7777780294
64608  48.481  -13.937  53.568 1.0000000000
65596  48.380  -13.344  51.757 1.0000000000
66608  48.085  -12.398  49.143 1.0000000000
67604  47.812  -12.113  46.883 0.7777780294
66629  46.094  -13.033  45.996 0.3333329856
66638  47.222  -12.510  45.771 0.2222220004
65449  47.868  -13.269  64.941 0.4444440007
140662  48.009  -12.999  65.433 0.4444440007
129440  48.244  -12.188  64.954 0.4444440007
67415  49.314  -11.522  65.408 0.3333329856
69382  51.689  -8.980  63.222 0.1111110002
69358  52.805  -8.918  63.619 0.1111110002
69357  53.514  -9.109  63.364 0.1111110002
68474  50.798  -11.117  59.446 0.3333329856
67512  50.597  -11.522  58.033 0.6666669846
67528  50.694  -11.391  57.141 0.6666669846
67544  50.077  -12.167  54.238 0.7777780294
67552  50.500  -11.510  53.893 0.7777780294
67563  49.730  -11.721  52.580 0.8888890147
67582  49.300  -11.303  50.650 1.0000000000
67414  50.053  -11.193  65.595 0.2222220004
70326  52.494  -7.898  62.793 0.1111110002
70304  52.745  -8.076  63.097 0.1111110002
72223  53.532  -6.381  62.220 0.1111110002
72246  53.464  -6.341  61.607 0.1111110002
71295  54.267  -6.734  62.186 0.1111110002
70346  54.707  -7.324  61.860 0.1111110002
70324  53.973  -7.152  62.710 0.1111110002
71284  53.341  -7.086  62.825 0.1111110002
71315  52.959  -6.545  62.186 0.1111110002
69398  51.587  -9.010  61.394 0.1111110002
68473  51.135  -10.514  59.964 0.3333329856
70429  51.980  -9.057  54.600 0.6666669846
69532  50.957  -9.048  51.581 0.8888890147
140248  51.744  -8.689  60.614 0.1111110002
72326  54.321  -5.871  54.724 0.2222220004
72328  53.029  -6.984  53.078 0.5555559993
70445  51.976  -8.811  53.793 0.6666669846
70477  51.454  -8.556  51.880 0.8888890147
72377  53.339  -6.314  50.876 0.6666669846
143123  52.800  -6.842  58.892 0.2222220004
71365  52.241  -7.823  57.853 0.3333329856
140117  55.801  -4.985  53.728 0.2222220004
73219  55.478  -5.074  52.912 0.3333329856
121269  55.194  -5.253  52.148 0.3333329856
74200  55.963  -4.980  52.177 0.4444440007
135362  50.693  -9.010  47.276 1.0000000000
123222  52.937  -8.415  45.943 0.8888890147
69586  51.128  -8.889  46.675 1.0000000000
69577  50.460  -9.312  47.850 1.0000000000
122150  51.046  -9.747  44.754 0.8888890147
69595  50.359  -9.747  45.692 0.8888890147
68631  49.736  -10.493  44.361 0.4444440007
134536  49.110  -10.787  44.931 0.4444440007
68632  48.938  -10.937  44.218 0.4444440007
121391  50.985  -8.851  42.996 0.6666669846
67640  48.587  -10.790  43.487 0.3333329856
74198  58.610  -4.640  52.392 0.3333329856
74199  57.505  -4.675  52.098 0.3333329856
73271  54.631  -5.645  50.703 0.4444440007
72411  53.735  -6.737  47.878 1.0000000000
143292  51.977  -5.841  43.507 0.6666669846
72450  51.285  -6.137  43.527 0.6666669846
73242  57.081  -5.048  51.218 0.5555559993
73241  58.134  -4.794  51.441 0.3333329856
72396  56.053  -6.320  48.234 0.8888890147
71529  54.583  -7.590  44.390 1.0000000000
72440  55.153  -6.724  44.149 1.0000000000
72395  56.938  -6.312  48.128 0.7777780294
72430  57.856  -6.326  45.268 0.8888890147
71528  56.465  -6.883  44.732 1.0000000000
73332  56.466  -5.195  44.045 0.7777780294
74320  51.676  -4.752  42.106 0.4444440007
73296  60.214  -5.888  48.758 0.6666669846
120559  51.822  -5.870  40.379 0.2222220004
73323  58.931  -5.043  45.086 0.7777780294
73314  61.104  -4.955  46.976 0.7777780294
74256  59.859  -4.317  45.027 0.6666669846
75204  58.684  -4.415  43.856 0.6666669846
73371  56.342  -5.250  42.051 0.6666669846
73384  57.772  -6.026  40.911 0.6666669846
75201  61.439  -3.620  44.285 0.6666669846
75213  59.453  -4.490  43.826 0.6666669846
73369  58.309  -5.545  41.662 0.6666669846
76099  62.146  -2.644  44.231 0.4444440007
74287  61.167  -4.178  42.775 0.6666669846
75225  62.356  -2.999  43.190 0.5555559993
75223  66.375  -3.586  42.648 0.2222220004
142836  66.651  -3.095  42.240 0.2222220004
77066  65.803  -1.568  41.337 0.3333329856
137852  62.354  -3.868  40.722 0.5555559993
124887  61.783  -3.558  39.075 0.4444440007
76126  64.466  -2.296  41.825 0.3333329856
142158  61.994  -3.846  34.945 0.5555559993
76148  64.627  -1.622  38.800 0.3333329856
77106  64.280  -1.841  36.672 0.4444440007
77128  67.098  -1.102  33.564 0.2222220004
77142  66.291  -0.862  32.687 0.4444440007
48406  6.264  -31.108  80.556 0.3333329856
48405  6.964  -30.695  80.502 0.1111110002
49492  8.119  -29.471  80.396 0.1111110002
48404  7.698  -30.413  80.210 0.2222220004
126604  8.303  -30.542  79.862 0.2222220004
123586  8.391  -30.046  80.011 0.1111110002
48403  8.880  -30.211  79.615 0.2222220004
128033  9.357  -29.653  79.688 0.1111110002
47300  7.826  -31.014  80.013 0.2222220004
142045  6.632  -31.334  80.578 0.3333329856
47299  8.561  -30.779  79.586 0.2222220004
132538  9.653  -30.095  78.918 0.2222220004
48412  9.196  -30.560  79.226 0.2222220004
49490  9.923  -29.366  79.509 0.1111110002
47325  8.722  -31.125  79.346 0.3333329856
121918  9.675  -31.021  78.938 0.2222220004
47309  9.433  -30.854  79.040 0.2222220004
47310  8.876  -30.913  79.349 0.2222220004
47334  10.078  -30.896  78.515 0.1111110002
47324  9.850  -30.662  78.573 0.1111110002
48433  10.530  -30.058  77.766 0.1111110002
48422  10.211  -29.730  78.239 0.1111110002
48432  10.715  -29.347  77.880 0.1111110002
47335  9.690  -31.334  78.386 0.3333329856
46335  9.649  -32.071  77.537 0.3333329856
128597  10.196  -31.517  77.178 0.2222220004
47341  10.369  -30.636  77.759 0.1111110002
48456  10.846  -30.207  76.772 0.1111110002
48444  10.687  -30.195  77.583 0.1111110002
135124  11.205  -29.603  76.562 0.1111110002
49510  11.131  -29.537  77.397 0.1111110002
49515  11.345  -29.710  75.524 0.1111110002
49512  11.497  -28.848  77.148 0.1111110002
50573  11.560  -28.226  75.854 0.1111110002
50574  11.405  -28.981  76.223 0.1111110002
138568  9.108  -32.089  78.117 0.4444440007
139618  10.061  -32.402  76.590 0.5555559993
47355  10.493  -31.789  76.283 0.4444440007
47354  10.515  -30.884  76.981 0.1111110002
46353  10.587  -32.821  75.818 0.4444440007
121720  10.866  -31.108  76.042 0.3333329856
134288  11.137  -30.410  75.785 0.2222220004
50578  11.465  -28.985  75.120 0.1111110002
50577  11.691  -28.144  74.610 0.1111110002
45329  9.083  -33.595  77.055 0.4444440007
46336  8.695  -32.914  77.550 0.4444440007
45345  9.708  -33.757  76.534 0.5555559993
135727  9.466  -32.976  76.861 0.4444440007
139670  10.050  -33.161  76.310 0.5555559993
45344  10.499  -33.807  76.022 0.5555559993
46367  11.555  -32.191  74.833 0.4444440007
134702  10.969  -32.056  75.445 0.4444440007
132440  11.287  -31.319  75.133 0.3333329856
48467  11.505  -30.562  74.853 0.3333329856
47380  11.902  -31.407  74.416 0.4444440007
49520  11.617  -29.828  74.527 0.2222220004
48477  11.935  -30.536  74.095 0.4444440007
49529  11.953  -29.886  73.842 0.1111110002
49519  11.772  -29.147  74.114 0.1111110002
49528  12.271  -29.445  73.429 0.2222220004
50580  12.109  -28.556  73.624 0.1111110002
136353  12.016  -27.788  73.805 0.1111110002
44303  10.066  -34.469  76.467 0.5555559993
44302  10.765  -34.473  76.144 0.4444440007
44315  11.284  -34.150  75.755 0.5555559993
46352  11.296  -32.871  75.240 0.4444440007
45359  11.849  -33.610  75.286 0.4444440007
45371  12.633  -33.213  74.804 0.4444440007
47391  12.397  -30.995  73.943 0.4444440007
48489  12.476  -30.309  73.528 0.4444440007
49527  12.894  -29.764  72.974 0.3333329856
126789  12.460  -27.970  73.156 0.1111110002
51499  12.585  -27.337  72.728 0.1111110002
132349  13.569  -26.957  71.367 0.1111110002
43251  10.614  -34.984  76.591 0.4444440007
43240  9.742  -35.075  76.941 0.5555559993
44301  11.483  -34.800  76.250 0.4444440007
45357  13.295  -33.647  75.200 0.4444440007
45358  12.644  -33.943  75.406 0.5555559993
46365  13.119  -32.484  74.363 0.4444440007
46351  13.520  -33.100  74.742 0.5555559993
47389  14.051  -31.281  73.552 0.5555559993
47390  13.133  -31.014  73.671 0.4444440007
127288  13.686  -30.720  73.244 0.4444440007
48488  13.150  -30.393  73.208 0.4444440007
49550  13.999  -29.212  71.909 0.3333329856
48496  13.742  -30.123  72.756 0.4444440007
49538  14.753  -29.465  71.985 0.3333329856
50596  13.730  -28.601  71.753 0.3333329856
49560  15.856  -29.210  71.024 0.4444440007
50594  15.012  -28.645  71.014 0.3333329856
50595  14.204  -28.183  71.168 0.2222220004
51509  13.542  -27.702  71.552 0.1111110002
126488  15.407  -28.435  70.264 0.3333329856
50608  14.659  -27.838  70.555 0.2222220004
51508  14.051  -27.332  70.952 0.1111110002
139036  16.013  -28.563  69.666 0.3333329856
51524  15.043  -27.435  69.905 0.2222220004
51525  14.524  -26.922  70.369 0.1111110002
142577  12.040  -35.201  76.802 0.4444440007
43250  11.310  -35.338  76.975 0.4444440007
44313  13.243  -34.154  75.745 0.4444440007
44300  12.394  -34.800  76.301 0.4444440007
143824  13.866  -33.414  75.160 0.5555559993
46364  13.980  -32.478  74.419 0.5555559993
48487  14.455  -30.748  73.060 0.5555559993
49537  15.623  -29.806  72.087 0.5555559993
134430  14.906  -30.138  72.491 0.3333329856
49548  15.322  -29.278  71.556 0.4444440007
130144  16.084  -28.988  70.334 0.3333329856
49570  16.690  -29.104  70.002 0.3333329856
51544  15.967  -27.897  69.025 0.3333329856
144753  15.544  -27.928  69.584 0.2222220004
52519  15.096  -26.418  69.814 0.2222220004
50626  16.706  -28.637  69.096 0.3333329856
52531  16.175  -26.986  68.646 0.2222220004
51563  16.491  -27.848  68.582 0.2222220004
49579  17.567  -29.055  68.641 0.3333329856
49589  17.928  -29.086  67.920 0.2222220004
133917  17.019  -28.249  68.338 0.2222220004
51562  16.783  -27.344  68.156 0.1111110002
48597  27.344  -31.219  62.607 0.3333329856
48598  26.601  -30.821  62.341 0.3333329856
49588  18.583  -29.363  67.475 0.2222220004
50635  17.870  -28.427  67.261 0.2222220004
51579  17.264  -27.758  67.704 0.1111110002
121469  27.951  -31.089  61.822 0.4444440007
140648  27.064  -30.714  61.605 0.3333329856
49659  27.269  -30.060  60.840 0.3333329856
49660  26.509  -29.961  61.073 0.3333329856
49644  26.209  -30.333  61.849 0.3333329856
48620  28.071  -30.014  60.717 0.3333329856
49675  26.749  -29.468  60.299 0.3333329856
49661  25.785  -29.665  61.386 0.2222220004
49673  28.435  -29.578  60.128 0.3333329856
49674  27.583  -29.537  60.178 0.3333329856
49676  26.038  -29.323  60.554 0.2222220004
50703  26.175  -28.826  59.703 0.2222220004
47471  28.195  -31.657  66.305 0.5555559993
47472  27.413  -31.341  66.479 0.5555559993
121985  27.594  -31.402  65.839 0.5555559993
145281  27.887  -31.771  64.714 0.4444440007
47489  27.371  -31.431  65.046 0.4444440007
47490  26.862  -30.995  65.797 0.4444440007
48570  26.952  -31.124  64.374 0.4444440007
48554  26.661  -31.053  65.000 0.4444440007
48571  26.237  -30.851  64.464 0.4444440007
48582  27.133  -31.254  63.597 0.3333329856
47530  27.868  -31.755  63.409 0.4444440007
136044  26.543  -30.980  63.859 0.3333329856
48584  25.841  -30.598  63.689 0.3333329856
49587  19.307  -29.753  67.344 0.2222220004
48599  25.955  -30.507  62.712 0.3333329856
48585  25.077  -30.049  63.957 0.2222220004
49645  25.491  -29.913  62.225 0.3333329856
49633  25.256  -30.062  63.101 0.2222220004
49646  24.803  -29.465  62.602 0.2222220004
49687  27.945  -29.171  59.475 0.3333329856
49688  27.061  -29.023  59.558 0.3333329856
50722  29.332  -28.669  58.739 0.3333329856
49686  28.861  -29.155  59.490 0.3333329856
50724  26.515  -28.509  58.858 0.2222220004
50742  28.687  -28.462  58.202 0.3333329856
50723  27.423  -28.691  58.783 0.2222220004
50744  26.845  -28.114  57.962 0.2222220004
47434  28.297  -31.902  68.483 0.6666669846
129290  27.793  -31.724  67.831 0.6666669846
136372  26.664  -32.180  68.879 0.5555559993
47435  26.940  -31.772  67.979 0.4444440007
47455  26.383  -31.432  67.336 0.4444440007
47456  25.486  -31.390  67.523 0.4444440007
47473  26.681  -31.077  66.600 0.4444440007
48529  24.991  -30.985  66.958 0.4444440007
48555  25.990  -30.777  65.248 0.4444440007
48556  25.324  -30.672  65.720 0.4444440007
48542  25.349  -30.868  66.353 0.4444440007
48543  24.534  -30.730  66.181 0.2222220004
48572  25.522  -30.472  64.549 0.2222220004
48557  24.676  -30.385  65.349 0.2222220004
48573  24.863  -30.126  64.677 0.2222220004
48574  24.108  -30.019  64.834 0.2222220004
49586  19.815  -29.820  66.826 0.2222220004
49601  19.150  -29.376  66.800 0.2222220004
49625  24.334  -29.782  64.110 0.2222220004
49634  24.556  -29.649  63.373 0.2222220004
49647  24.106  -29.083  62.908 0.2222220004
143502  27.295  -32.196  69.082 0.7777780294
47436  26.021  -31.797  68.170 0.6666669846
47457  24.576  -31.337  67.683 0.3333329856
48530  24.070  -30.972  67.024 0.3333329856
48531  23.122  -30.958  67.119 0.3333329856
48544  23.497  -30.663  66.351 0.2222220004
48535  19.930  -30.175  67.626 0.2222220004
48558  23.833  -30.369  65.565 0.2222220004
48559  22.893  -30.288  65.732 0.2222220004
49600  19.643  -29.319  66.245 0.2222220004
50651  19.484  -28.663  65.841 0.2222220004
49611  23.230  -29.970  64.987 0.2222220004
49612  22.299  -29.917  65.139 0.1111110002
49615  20.060  -29.174  65.611 0.2222220004
49635  23.802  -29.397  63.574 0.2222220004
49627  22.633  -29.621  64.416 0.2222220004
50667  23.388  -28.856  63.192 0.2222220004
50668  22.652  -28.558  63.454 0.2222220004
47458  23.676  -31.264  67.796 0.4444440007
47459  22.817  -31.133  67.876 0.4444440007
48545  22.524  -30.621  66.473 0.2222220004
48532  22.223  -30.862  67.226 0.3333329856
47440  22.029  -30.902  68.035 0.3333329856
48546  21.578  -30.533  66.593 0.3333329856
48547  20.638  -30.301  66.846 0.2222220004
48560  21.919  -30.264  65.848 0.1111110002
49613  21.417  -29.847  65.299 0.1111110002
49614  20.695  -29.621  65.441 0.1111110002
50659  20.531  -28.988  64.987 0.2222220004
50658  22.174  -28.965  64.085 0.2222220004
140784  21.244  -28.768  64.451 0.1111110002
50669  21.726  -28.022  63.740 0.2222220004
52704  36.567  -26.418  57.917 0.4444440007
54650  38.115  -23.865  58.864 0.5555559993
54635  38.174  -24.739  59.049 0.7777780294
53666  37.787  -25.524  58.708 0.7777780294
53667  37.365  -25.394  58.086 0.4444440007
54651  37.693  -24.398  58.519 0.5555559993
54652  37.172  -24.234  57.948 0.3333329856
55652  37.565  -23.714  58.237 0.4444440007
55668  37.002  -23.519  57.528 0.3333329856
55669  36.436  -23.649  56.971 0.3333329856
55625  39.456  -23.789  59.637 0.6666669846
55651  38.564  -23.235  58.646 0.5555559993
55666  38.244  -22.841  58.027 0.4444440007
125665  37.961  -23.316  58.380 0.4444440007
56637  37.940  -22.709  57.280 0.4444440007
55667  37.562  -23.065  57.890 0.5555559993
56655  38.434  -22.456  56.511 0.3333329856
56656  37.647  -22.628  56.455 0.3333329856
56657  36.766  -22.795  56.387 0.2222220004
56638  37.145  -22.938  57.151 0.2222220004
56678  37.374  -22.497  55.655 0.3333329856
55679  36.413  -23.150  56.895 0.2222220004
55624  40.130  -23.933  60.251 0.7777780294
55650  39.414  -23.125  58.974 0.5555559993
56621  39.051  -22.735  58.163 0.5555559993
56636  38.743  -22.523  57.340 0.4444440007
129526  38.097  -22.425  55.856 0.3333329856
122692  38.003  -22.162  55.174 0.2222220004
129878  40.140  -23.396  59.629 0.5555559993
56620  39.836  -22.522  58.305 0.5555559993
56635  39.529  -22.341  57.495 0.5555559993
56654  39.231  -22.272  56.608 0.2222220004
56677  38.829  -22.179  55.700 0.2222220004
56610  40.907  -22.571  58.944 0.6666669846
56619  40.589  -22.347  58.383 0.4444440007
56653  40.014  -22.056  56.819 0.5555559993
56676  39.751  -22.006  55.972 0.1111110002
56618  41.331  -22.236  58.552 0.6666669846
57703  41.544  -21.601  57.336 0.6666669846
57704  40.773  -21.803  57.088 0.5555559993
57719  40.534  -21.697  56.269 0.3333329856
56608  42.330  -22.390  59.658 0.7777780294
57689  41.837  -21.854  58.076 0.6666669846
57702  42.361  -21.407  57.606 0.6666669846
57718  41.283  -21.380  56.574 0.5555559993
57717  42.078  -21.137  56.853 0.6666669846
57736  41.036  -21.164  55.813 0.3333329856
58726  41.806  -20.845  56.103 0.5555559993
58740  41.461  -20.486  55.416 0.4444440007
58739  42.240  -20.159  55.699 0.4444440007
58758  40.442  -20.515  54.407 0.3333329856
58714  42.882  -20.831  57.191 0.6666669846
58725  42.595  -20.502  56.442 0.5555559993
59766  41.813  -19.708  55.066 0.3333329856
138623  40.792  -19.859  54.160 0.2222220004
137739  40.172  -20.091  53.660 0.2222220004
63622  45.736  -15.951  51.576 0.7777780294
62621  44.815  -16.290  52.214 0.7777780294
62635  44.248  -16.445  51.354 0.7777780294
121331  43.352  -16.622  50.058 0.7777780294
62656  42.409  -16.882  50.519 0.4444440007
120851  42.058  -17.068  49.695 0.3333329856
62704  41.233  -16.889  48.404 0.2222220004
59782  41.372  -19.143  54.385 0.3333329856
59781  42.082  -18.715  54.880 0.6666669846
59793  40.743  -19.208  53.699 0.3333329856
62602  42.459  -17.127  53.758 0.7777780294
62610  41.324  -16.912  52.550 0.5555559993
61712  40.239  -17.433  51.777 0.2222220004
63602  45.655  -15.975  52.586 0.8888890147
63604  43.263  -16.526  53.136 0.6666669846
63606  41.991  -16.545  52.729 0.5555559993
62625  41.527  -16.687  52.341 0.5555559993
133544  41.030  -16.950  51.848 0.2222220004
62655  43.798  -16.507  50.666 0.6666669846
62622  43.725  -16.398  52.346 0.6666669846
62637  42.394  -16.447  51.643 0.6666669846
62638  41.608  -16.668  51.408 0.5555559993
121489  40.505  -17.049  50.417 0.2222220004
60777  41.188  -18.127  53.823 0.6666669846
133611  42.783  -17.224  54.100 0.7777780294
61699  41.778  -17.327  53.791 0.7777780294
61711  40.720  -17.470  52.443 0.4444440007
68630  50.537  -10.110  43.998 0.5555559993
68645  50.003  -10.261  43.566 0.4444440007
138675  50.390  -8.907  42.728 0.4444440007
69635  49.832  -9.273  42.552 0.4444440007
70583  48.152  -8.826  42.290 0.2222220004
70581  49.907  -8.377  42.707 0.5555559993
71550  48.811  -7.070  42.937 0.3333329856
70584  47.519  -8.108  42.368 0.2222220004
71552  46.561  -7.141  42.581 0.2222220004
120626  47.998  -7.343  42.435 0.2222220004
72454  44.834  -6.895  43.366 0.1111110002
75184  44.713  -3.153  47.196 0.1111110002
133645  50.101  -6.734  43.373 0.5555559993
75197  43.409  -3.673  45.292 0.1111110002
72451  50.500  -6.113  43.513 0.5555559993
71542  49.482  -6.918  43.256 0.4444440007
72462  48.308  -6.239  42.847 0.2222220004
72463  46.655  -6.026  42.606 0.2222220004
74279  43.644  -4.859  43.344 0.1111110002
77038  46.581  -1.649  47.567 0.1111110002
76092  44.588  -2.004  45.883 0.1111110002
76085  45.026  -2.297  46.713 0.1111110002
76086  44.259  -2.830  46.393 0.1111110002
77050  44.386  -1.855  44.914 0.1111110002
76110  43.466  -3.168  43.894 0.1111110002
75214  43.724  -3.319  43.083 0.1111110002
73343  50.297  -5.364  43.297 0.4444440007
72452  49.679  -5.974  43.410 0.3333329856
72453  47.625  -5.665  42.641 0.2222220004
73355  46.345  -5.268  42.513 0.2222220004
74304  44.192  -4.502  42.592 0.1111110002
75230  44.225  -3.640  42.351 0.1111110002
121536  48.834  -4.716  42.304 0.2222220004
73354  47.827  -5.095  42.585 0.2222220004
74302  46.264  -4.721  42.080 0.2222220004
74326  45.372  -4.290  41.800 0.1111110002
75239  44.866  -3.594  41.712 0.1111110002
74327  44.653  -4.183  42.083 0.1111110002
74322  49.525  -4.666  42.018 0.2222220004
74300  47.891  -4.751  42.285 0.2222220004
74325  46.103  -4.182  41.314 0.2222220004
75238  45.557  -3.590  41.175 0.2222220004
74323  48.193  -4.584  41.756 0.2222220004
130952  46.910  -4.565  41.856 0.2222220004
74321  50.806  -4.749  42.138 0.2222220004
47301  6.993  -31.371  80.480 0.3333329856
44287  9.275  -34.370  76.956 0.5555559993
46350  14.249  -32.986  74.929 0.5555559993
48533  21.385  -30.651  67.417 0.3333329856
47453  28.023  -31.610  67.093 0.6666669846
62609  42.020  -16.736  53.055 0.6666669846
61693  42.426  -17.336  54.240 0.7777780294
63605  42.562  -16.588  52.882 0.6666669846
63601  46.386  -15.627  52.858 0.8888890147
69622  50.424  -9.636  43.128 0.4444440007
70574  50.645  -8.213  42.871 0.5555559993
74278  50.192  -4.951  42.992 0.2222220004
74298  50.523  -4.792  42.695 0.2222220004
49491  8.903  -29.382  80.222 0.1111110002
48402  9.487  -29.987  79.176 0.1111110002
48411  10.363  -29.369  78.487 0.1111110002
47333  10.182  -30.207  78.090 0.1111110002
48443  10.844  -29.463  77.755 0.1111110002
129541  10.083  -31.144  77.964 0.3333329856
142125  10.418  -30.849  77.637 0.1111110002
50571  11.537  -28.275  76.800 0.1111110002
121366  11.463  -28.395  77.759 0.1111110002
45360  11.095  -33.486  75.571 0.5555559993
45372  11.879  -32.886  74.847 0.4444440007
46366  12.268  -32.337  74.494 0.4444440007
51493  12.178  -27.159  73.432 0.1111110002
44314  12.053  -34.361  75.720 0.5555559993
47379  12.718  -31.676  74.131 0.4444440007
50584  12.674  -28.861  72.939 0.2222220004
51498  13.039  -27.012  72.027 0.1111110002
50583  13.033  -28.120  72.339 0.1111110002
47378  13.581  -31.790  74.030 0.5555559993
49549  14.501  -28.900  71.527 0.3333329856
126129  14.107  -29.654  72.284 0.4444440007
49539  13.429  -29.213  72.411 0.3333329856
141506  15.537  -27.109  69.289 0.2222220004
50636  17.471  -28.598  67.958 0.2222220004
48583  26.557  -30.945  63.129 0.3333329856
47454  27.218  -31.498  67.182 0.4444440007
47512  27.592  -31.603  64.219 0.4444440007
47474  25.849  -31.031  66.819 0.4444440007
48541  26.039  -30.887  66.084 0.4444440007
127967  25.289  -30.445  65.118 0.2222220004
139691  19.147  -28.890  66.339 0.1111110002
49599  20.298  -29.787  66.140 0.2222220004
49626  23.505  -29.692  64.243 0.2222220004
49636  22.984  -29.287  63.747 0.2222220004
49628  21.764  -29.475  64.667 0.1111110002
49598  21.027  -30.169  65.971 0.1111110002
49629  21.075  -29.396  64.923 0.1111110002
58757  41.141  -20.130  54.724 0.2222220004
59794  40.225  -19.363  53.207 0.2222220004
62634  45.094  -16.222  51.028 0.7777780294
62654  44.525  -16.237  50.376 0.6666669846
123284  43.097  -16.671  50.873 0.4444440007
62636  43.371  -16.504  51.529 0.6666669846
62657  41.479  -17.070  50.455 0.3333329856
62703  42.185  -16.655  48.725 0.2222220004
133086  41.755  -16.952  53.254 0.6666669846
61700  41.216  -17.398  53.194 0.5555559993
62627  40.401  -17.185  51.397 0.3333329856
62623  42.859  -16.404  52.370 0.6666669846
139012  41.198  -16.782  51.779 0.5555559993
63623  41.698  -16.410  52.121 0.5555559993
143776  40.524  -17.047  51.197 0.2222220004
142289  41.004  -16.891  51.143 0.3333329856
122496  39.784  -16.971  50.647 0.2222220004
70582  49.167  -8.612  42.365 0.3333329856
143350  48.072  -8.056  42.299 0.2222220004
122085  49.023  -9.579  42.413 0.3333329856
71541  50.051  -7.539  43.108 0.5555559993
71549  49.350  -7.721  42.798 0.4444440007
128296  48.613  -7.926  42.409 0.3333329856
138224  47.204  -7.488  42.469 0.2222220004
70585  46.656  -8.187  42.500 0.2222220004
71543  49.033  -6.354  43.208 0.4444440007
71551  47.400  -6.622  42.530 0.2222220004
124893  45.869  -5.874  42.776 0.2222220004
72465  45.115  -6.065  43.118 0.2222220004
72464  45.661  -6.745  42.871 0.2222220004
124206  44.355  -6.249  43.515 0.1111110002
73346  43.870  -5.694  43.600 0.1111110002
73357  44.451  -5.391  42.993 0.1111110002
76082  45.469  -2.673  47.440 0.1111110002
74248  43.480  -4.293  46.061 0.1111110002
76093  43.891  -2.693  45.371 0.1111110002
75205  43.219  -3.876  44.450 0.1111110002
124204  48.935  -5.573  43.082 0.4444440007
73345  48.302  -5.413  42.780 0.2222220004
73356  45.437  -5.407  42.659 0.2222220004
75215  43.342  -3.963  43.587 0.1111110002
75231  43.698  -4.059  42.886 0.1111110002
77030  46.614  -2.066  48.206 0.1111110002
77042  45.876  -1.828  47.020 0.1111110002
133773  43.756  -3.427  46.024 0.1111110002
76100  43.879  -2.469  44.358 0.1111110002
74267  43.221  -4.722  44.235 0.1111110002
73344  49.594  -5.157  43.096 0.2222220004
74301  47.104  -4.939  42.380 0.2222220004
141552  45.681  -4.894  42.322 0.2222220004
122145  47.145  -5.308  42.506 0.2222220004
74303  44.916  -4.779  42.389 0.2222220004
73353  48.761  -5.023  42.720 0.2222220004
74299  49.677  -4.820  42.678 0.2222220004
121046  48.797  -4.715  41.397 0.2222220004
122663  50.141  -4.708  42.302 0.2222220004
74324  47.485  -4.445  41.279 0.2222220004
73377  50.202  -4.962  41.559 0.2222220004
44329  30.753  -34.304  74.477 0.4444440007
44343  33.227  -33.571  72.825 0.3333329856
44328  31.418  -33.489  74.090 0.4444440007
43268  30.597  -35.427  74.013 0.3333329856
42127  29.617  -36.094  74.997 0.2222220004
125176  33.285  -33.017  72.655 0.6666669846
46369  32.006  -32.763  73.455 0.6666669846
42139  30.338  -36.521  74.566 0.2222220004
46407  35.695  -32.239  71.464 0.4444440007
46396  32.175  -32.218  72.346 0.7777780294
44319  30.377  -34.131  75.209 0.4444440007
44318  30.996  -33.198  74.703 0.4444440007
43253  29.707  -35.013  75.414 0.3333329856
46370  31.527  -32.539  73.913 0.4444440007
43259  30.118  -35.284  74.771 0.4444440007
45332  30.001  -32.957  76.008 0.3333329856
132950  30.507  -33.138  75.294 0.5555559993
46356  31.167  -32.370  74.105 0.5555559993
45363  30.434  -32.540  75.101 0.5555559993
46383  30.941  -32.507  72.838 0.5555559993
46372  30.607  -32.349  74.377 0.5555559993
46398  30.049  -32.763  72.355 0.5555559993
47328  27.769  -31.200  78.294 0.3333329856
48424  27.278  -30.679  78.195 0.3333329856
47329  25.726  -30.869  78.759 0.3333329856
47317  24.603  -30.890  79.491 0.3333329856
134671  23.140  -31.888  80.520 0.3333329856
46305  21.932  -32.315  80.688 0.3333329856
46306  20.915  -32.329  80.375 0.3333329856
46296  19.917  -32.890  80.318 0.3333329856
47344  29.452  -31.837  76.812 0.4444440007
47345  28.921  -31.332  77.318 0.4444440007
47337  28.197  -30.932  77.946 0.3333329856
48435  27.485  -30.563  77.940 0.3333329856
48437  26.031  -30.538  78.250 0.3333329856
46344  29.921  -32.437  75.735 0.4444440007
128760  29.133  -31.541  76.677 0.4444440007
47359  27.780  -31.396  76.472 0.4444440007
47347  27.163  -30.925  77.131 0.4444440007
46359  29.419  -32.169  75.241 0.5555559993
46345  29.886  -32.276  75.621 0.5555559993
46346  28.579  -31.829  75.952 0.5555559993
120839  29.507  -32.789  73.710 0.6666669846
48415  25.163  -30.661  79.079 0.3333329856
48416  24.723  -30.527  79.078 0.3333329856
48408  23.167  -31.146  79.988 0.3333329856
47305  22.437  -31.666  80.306 0.3333329856
47306  21.573  -31.566  80.038 0.3333329856
48447  26.602  -30.548  77.788 0.4444440007
48426  24.897  -30.447  78.302 0.3333329856
130217  23.060  -30.472  79.069 0.3333329856
47319  22.155  -31.019  79.689 0.3333329856
47307  20.742  -31.620  79.761 0.3333329856
47360  26.641  -31.690  76.095 0.4444440007
48448  25.495  -30.740  77.502 0.4444440007
48428  22.268  -30.392  78.902 0.3333329856
48420  21.317  -30.720  79.086 0.4444440007
47308  20.019  -32.032  79.570 0.3333329856
45436  39.253  -34.199  68.197 0.2222220004
46360  28.196  -32.509  74.822 0.6666669846
47348  26.034  -31.266  76.807 0.5555559993
48449  24.434  -30.734  77.133 0.5555559993
48440  21.239  -30.403  78.053 0.4444440007
47330  20.472  -31.307  78.832 0.3333329856
121106  28.413  -33.217  73.350 0.6666669846
46373  28.852  -32.771  74.240 0.6666669846
46385  29.107  -33.051  72.705 0.6666669846
46347  27.313  -32.146  75.315 0.6666669846
47361  25.617  -31.763  75.756 0.6666669846
47349  25.015  -31.277  76.447 0.6666669846
46374  27.791  -33.216  73.977 0.6666669846
46361  27.308  -32.896  74.474 0.6666669846
47369  26.192  -32.281  75.143 0.6666669846
47370  25.307  -32.181  74.817 0.6666669846
47362  24.701  -31.677  75.404 0.6666669846
48460  24.046  -31.049  76.003 0.5555559993
47363  23.879  -31.527  75.027 0.6666669846
48461  23.314  -30.984  75.497 0.6666669846
122967  27.435  -33.304  73.059 0.6666669846
140053  26.646  -32.689  74.584 0.6666669846
46362  25.928  -32.653  74.276 0.6666669846
48470  23.137  -31.303  74.679 0.5555559993
47373  23.027  -31.461  73.951 0.5555559993
133494  44.066  -33.238  67.024 0.1111110002
45466  41.893  -33.744  66.533 0.2222220004
131782  41.000  -33.464  66.424 0.3333329856
128636  44.616  -33.441  67.150 0.1111110002
45464  43.304  -33.133  66.574 0.1111110002
46462  42.446  -33.068  66.146 0.2222220004
46461  42.781  -32.168  65.878 0.2222220004
47450  45.050  -32.068  67.789 0.1111110002
46449  44.497  -32.675  67.388 0.1111110002
46460  43.613  -32.443  66.669 0.1111110002
47468  43.931  -31.719  66.997 0.2222220004
47469  43.279  -31.513  66.139 0.2222220004
47484  42.671  -31.281  65.700 0.2222220004
48528  44.229  -30.225  68.665 0.2222220004
49583  43.503  -29.568  67.899 0.2222220004
141696  43.547  -30.866  66.558 0.2222220004
141066  42.557  -26.113  68.638 0.3333329856
57611  46.793  -21.693  65.418 0.6666669846
57610  47.101  -21.019  65.111 0.5555559993
57621  46.743  -21.626  64.542 0.7777780294
124907  46.588  -21.474  63.701 0.6666669846
58741  40.736  -20.833  55.111 0.1111110002
62679  44.030  -16.284  49.905 0.5555559993
63654  43.662  -16.099  49.206 0.5555559993
63666  42.659  -15.718  48.161 0.2222220004
142764  45.778  -13.244  46.412 0.2222220004
66639  46.610  -12.833  45.346 0.1111110002
66640  45.809  -13.053  45.171 0.2222220004
136306  44.908  -13.054  45.065 0.2222220004
66651  45.446  -12.779  44.424 0.1111110002
66652  44.417  -12.534  44.280 0.1111110002
68646  49.359  -10.552  43.545 0.3333329856
45283  19.268  -33.523  80.504 0.2222220004
123805  20.095  -32.228  79.898 0.3333329856
48419  21.846  -30.630  79.216 0.4444440007
122865  31.603  -32.294  72.421 0.5555559993
46406  36.517  -32.469  71.333 0.4444440007
57620  47.124  -20.985  64.181 0.6666669846
62702  43.016  -16.218  48.717 0.4444440007
63678  42.258  -15.049  47.631 0.1111110002
63653  44.524  -15.661  49.584 0.5555559993
66649  47.173  -12.464  45.000 0.2222220004
45386  33.714  -33.175  72.592 0.5555559993
46381  32.585  -32.735  72.854 0.6666669846
136687  27.488  -31.956  68.583 0.5555559993
62680  42.822  -16.684  49.427 0.4444440007
125635  31.113  -34.549  73.772 0.4444440007
45374  31.962  -32.925  73.721 0.4444440007
44327  31.726  -34.133  73.297 0.4444440007
126373  30.012  -37.043  75.102 0.2222220004
45387  32.641  -32.979  72.982 0.6666669846
137904  32.445  -33.294  73.204 0.4444440007
142172  31.000  -32.532  74.525 0.5555559993
45375  31.412  -32.557  74.201 0.4444440007
46371  31.530  -32.282  74.227 0.5555559993
46382  31.897  -32.541  73.323 0.4444440007
43254  29.284  -35.666  75.446 0.3333329856
46357  30.887  -32.493  74.564 0.5555559993
122442  30.335  -32.453  75.126 0.5555559993
46358  30.331  -32.312  74.983 0.5555559993
141148  29.866  -32.334  74.575 0.5555559993
46384  30.335  -32.676  73.364 0.5555559993
47318  24.031  -31.153  79.916 0.3333329856
47304  23.839  -31.813  80.428 0.3333329856
45282  20.253  -33.838  80.837 0.3333329856
47358  29.434  -31.935  76.151 0.4444440007
47346  28.130  -30.870  77.406 0.4444440007
47320  21.388  -31.032  79.478 0.3333329856
47321  20.727  -31.272  79.266 0.3333329856
45465  42.924  -33.881  66.643 0.1111110002
136973  46.257  -12.747  44.618 0.1111110002
48414  4.419  -31.234  79.405 0.2222220004
46310  4.391  -32.664  79.923 0.2222220004
53680  36.809  -25.171  57.493 0.2222220004
53681  36.141  -25.865  57.118 0.2222220004
52718  35.560  -26.583  57.675 0.2222220004
52706  34.724  -26.862  58.399 0.2222220004
120816  33.965  -26.767  58.011 0.2222220004
54664  36.665  -24.146  57.342 0.2222220004
137901  36.313  -24.883  57.031 0.2222220004
53682  35.220  -26.168  56.880 0.2222220004
54673  36.057  -24.189  56.777 0.2222220004
54674  35.278  -24.156  56.405 0.2222220004
46338  29.634  -32.373  76.600 0.3333329856
55560  44.956  -23.629  65.649 0.6666669846
131653  45.913  -22.746  65.324 0.6666669846
59807  39.910  -19.098  52.652 0.1111110002
77144  62.311  -1.643  31.867 0.3333329856
75297  59.753  -4.363  33.934 0.3333329856
75298  58.855  -4.279  33.941 0.3333329856
75317  61.943  -3.336  32.827 0.3333329856
76199  62.188  -2.566  32.329 0.3333329856
140916  60.732  -3.680  33.295 0.2222220004
76192  59.513  -2.964  32.914 0.2222220004
76200  61.453  -1.991  32.154 0.2222220004
76201  60.806  -2.462  32.472 0.3333329856
76191  60.328  -3.105  32.826 0.2222220004
75299  58.009  -4.163  33.987 0.3333329856
77159  60.628  -1.449  32.037 0.2222220004
76202  59.979  -2.250  32.507 0.2222220004
52707  33.024  -26.953  58.356 0.3333329856
52705  35.543  -26.921  58.638 0.3333329856
55544  44.963  -23.793  66.708 0.5555559993
56551  46.416  -22.288  65.774 0.6666669846
48413  4.849  -31.274  79.952 0.2222220004
58759  39.745  -20.906  54.003 0.1111110002
60778  40.579  -18.374  53.055 0.2222220004
60787  40.084  -18.183  52.242 0.2222220004
49499  4.634  -30.479  79.394 0.2222220004
53694  35.633  -25.185  56.610 0.2222220004
127315  34.746  -26.619  57.610 0.2222220004
56552  45.975  -22.782  66.142 0.6666669846
59808  39.465  -18.951  52.000 0.1111110002
75318  61.112  -3.272  32.868 0.3333329856
45450  43.039  -34.545  67.058 0.1111110002
44404  42.584  -35.114  66.972 0.1111110002
44419  42.262  -34.557  66.868 0.1111110002
50739  31.642  -28.166  59.009 0.3333329856
51710  32.291  -27.620  58.708 0.3333329856
51723  32.138  -27.257  57.948 0.2222220004
56543  45.907  -22.726  67.096 0.3333329856
140434  45.503  -23.116  65.688 0.5555559993
56542  46.400  -22.244  66.732 0.5555559993
57600  46.762  -21.660  66.363 0.5555559993
57599  47.041  -21.020  66.036 0.4444440007
136220  47.148  -20.377  66.668 0.4444440007
59623  47.668  -19.663  65.550 0.4444440007
58615  47.475  -20.355  64.798 0.4444440007
46379  34.977  -32.751  72.329 0.4444440007
45384  35.413  -32.863  72.430 0.4444440007
44420  41.133  -34.242  67.020 0.2222220004
58609  47.329  -20.360  65.825 0.4444440007
65414  49.021  -13.997  66.853 0.1111110002
55559  45.460  -23.246  66.418 0.5555559993
43330  42.686  -35.324  66.782 0.1111110002
56535  46.374  -22.151  67.817 0.4444440007
40043  6.859  -37.569  75.793 0.1111110002
41065  7.199  -37.374  76.730 0.1111110002
41066  5.979  -37.036  76.327 0.1111110002
140620  5.187  -36.937  76.046 0.1111110002
41075  5.774  -37.119  75.606 0.1111110002
41067  4.992  -36.704  76.103 0.1111110002
41058  6.251  -36.795  77.296 0.1111110002
41057  7.429  -37.176  77.961 0.1111110002
41059  5.318  -36.746  76.615 0.1111110002
42116  5.061  -36.397  76.650 0.1111110002
42117  4.805  -35.746  76.807 0.1111110002
43252  4.713  -35.658  76.448 0.1111110002
142369  4.726  -35.919  76.017 0.1111110002
41051  6.738  -36.591  78.556 0.1111110002
41052  5.806  -36.326  77.619 0.1111110002
42111  5.211  -35.815  77.473 0.1111110002
43229  4.588  -35.046  77.666 0.1111110002
43228  5.307  -35.391  78.326 0.1111110002
44276  4.007  -34.360  78.148 0.1111110002
49504  4.466  -29.895  79.002 0.1111110002
48423  4.286  -30.508  78.974 0.1111110002
44289  3.829  -33.736  78.160 0.1111110002
124122  4.227  -34.235  77.004 0.1111110002
142630  3.807  -33.435  78.602 0.1111110002
48445  4.545  -31.016  78.011 0.1111110002
48446  4.307  -30.633  78.550 0.1111110002
48434  4.312  -30.411  78.712 0.1111110002
45348  4.144  -33.513  77.487 0.1111110002
49507  4.399  -29.862  78.624 0.1111110002
49495  5.910  -30.265  80.260 0.2222220004
49498  5.213  -30.412  79.882 0.1111110002
142150  5.603  -29.662  79.846 0.2222220004
49503  5.064  -29.596  79.349 0.1111110002
50558  5.744  -28.963  79.636 0.1111110002
135246  3.819  -33.114  78.567 0.1111110002
46319  3.846  -32.564  78.931 0.1111110002
50563  4.756  -29.315  78.800 0.1111110002
45347  5.017  -33.674  76.808 0.1111110002
47357  5.277  -31.303  77.216 0.1111110002
47368  6.879  -31.798  75.857 0.1111110002
48468  6.294  -30.860  75.980 0.1111110002
48458  5.024  -30.413  77.233 0.1111110002
50562  5.353  -28.777  79.125 0.1111110002
50561  5.976  -28.239  79.451 0.1111110002
46343  4.832  -32.791  77.355 0.1111110002
51471  5.657  -28.118  79.021 0.1111110002
45346  6.181  -33.466  76.365 0.1111110002
46355  6.614  -32.680  76.241 0.1111110002
47382  6.922  -31.120  75.305 0.1111110002
50557  6.434  -28.519  80.043 0.1111110002
51467  6.666  -27.833  79.825 0.1111110002
53517  15.558  -25.696  69.658 0.1111110002
52532  15.764  -26.234  69.122 0.1111110002
50644  18.587  -28.740  66.689 0.1111110002
50721  30.282  -28.704  59.007 0.2222220004
123033  31.524  -27.827  58.252 0.1111110002
51711  30.748  -27.976  57.777 0.1111110002
50650  19.904  -28.444  65.219 0.1111110002
125994  36.125  -32.636  72.196 0.2222220004
52720  33.313  -26.560  57.489 0.1111110002
51724  31.371  -27.452  57.472 0.1111110002
51738  30.593  -27.553  57.022 0.1111110002
50741  30.097  -28.388  58.169 0.1111110002
50752  29.306  -28.317  57.792 0.2222220004
42155  31.920  -36.136  72.179 0.2222220004
42156  31.461  -36.066  72.745 0.2222220004
43289  33.046  -35.535  71.676 0.2222220004
43276  32.237  -35.422  71.910 0.2222220004
44342  34.270  -33.513  72.661 0.2222220004
120608  32.684  -26.421  56.979 0.1111110002
145299  21.123  -28.152  64.229 0.1111110002
51627  20.505  -28.131  64.582 0.1111110002
51626  21.019  -27.523  64.144 0.1111110002
52612  20.941  -26.371  64.203 0.1111110002
43277  31.709  -35.260  72.446 0.2222220004
126027  32.322  -34.352  72.652 0.3333329856
52719  34.182  -26.399  57.180 0.1111110002
52735  33.534  -26.089  56.600 0.1111110002
54685  34.574  -24.116  55.970 0.1111110002
53709  34.300  -24.840  55.659 0.1111110002
51727  28.338  -27.655  56.862 0.1111110002
50753  28.516  -28.135  57.532 0.1111110002
50679  23.702  -28.308  62.540 0.1111110002
50680  23.106  -28.219  62.978 0.1111110002
50754  27.666  -27.826  57.400 0.1111110002
50704  25.620  -28.792  60.204 0.1111110002
49662  25.096  -29.236  61.775 0.1111110002
50678  24.405  -28.783  62.159 0.1111110002
50725  25.834  -28.317  59.006 0.1111110002
50690  24.087  -28.016  61.734 0.1111110002
51655  23.127  -27.623  62.588 0.1111110002
50745  25.969  -27.974  58.351 0.1111110002
138749  28.697  -23.448  57.581 0.1111110002
55681  34.880  -23.377  56.134 0.1111110002
130164  27.889  -25.365  56.754 0.1111110002
52723  26.999  -26.521  56.865 0.1111110002
51712  26.225  -27.351  57.791 0.1111110002
51701  25.259  -27.677  58.888 0.1111110002
50726  24.728  -27.766  59.669 0.1111110002
50689  24.682  -28.562  61.277 0.1111110002
56658  35.883  -22.901  56.294 0.1111110002
51686  24.132  -27.037  59.730 0.1111110002
53668  28.008  -25.134  58.604 0.1111110002
53683  27.838  -25.166  57.611 0.1111110002
53685  26.529  -26.125  57.436 0.1111110002
52708  25.903  -26.450  57.886 0.1111110002
52694  24.309  -26.285  59.108 0.1111110002
55695  35.084  -22.960  56.110 0.1111110002
56679  36.410  -22.589  55.570 0.1111110002
56680  35.406  -22.656  55.601 0.1111110002
56705  34.853  -22.269  54.726 0.1111110002
53521  43.280  -25.504  68.400 0.3333329856
129183  43.967  -24.647  68.689 0.3333329856
54515  44.369  -24.586  69.640 0.1111110002
54525  44.273  -24.194  67.988 0.3333329856
55516  44.640  -23.786  68.978 0.1111110002
55528  45.364  -23.226  68.478 0.1111110002
55543  45.385  -23.235  67.417 0.1111110002
56522  46.035  -22.695  69.037 0.2222220004
56536  45.877  -22.657  68.181 0.1111110002
56521  46.479  -22.141  68.805 0.2222220004
57589  46.713  -21.553  67.432 0.2222220004
58591  47.371  -20.059  68.482 0.2222220004
58602  47.139  -20.090  67.620 0.3333329856
58603  46.980  -20.908  67.019 0.3333329856
59615  47.384  -19.587  66.835 0.3333329856
59604  47.393  -19.288  68.027 0.3333329856
142876  47.788  -18.129  68.169 0.1111110002
132094  48.624  -16.962  67.770 0.1111110002
61555  48.205  -17.425  68.054 0.1111110002
60630  47.997  -17.927  68.415 0.3333329856
61572  47.878  -17.762  67.889 0.2222220004
60653  47.807  -18.860  66.224 0.3333329856
60652  48.162  -18.284  65.420 0.3333329856
72271  53.330  -6.697  58.693 0.1111110002
72280  53.509  -6.704  58.093 0.1111110002
71364  52.869  -7.244  57.555 0.2222220004
71375  54.232  -6.323  57.085 0.1111110002
71387  53.814  -6.454  56.177 0.1111110002
72302  54.509  -5.898  56.457 0.1111110002
72313  54.768  -5.613  55.746 0.1111110002
73201  55.015  -5.418  54.747 0.1111110002
127018  55.761  -5.184  54.574 0.1111110002
74165  57.956  -5.074  53.838 0.2222220004
74197  59.818  -4.706  52.771 0.2222220004
73238  61.052  -5.494  52.154 0.2222220004
73240  59.388  -4.646  51.850 0.2222220004
73264  61.779  -5.792  51.166 0.1111110002
73265  61.204  -5.356  51.461 0.2222220004
73266  59.973  -5.155  50.985 0.2222220004
134234  59.894  -5.476  50.226 0.2222220004
125537  59.251  -5.528  50.001 0.2222220004
49494  6.662  -30.056  80.415 0.2222220004
49497  6.219  -29.371  80.161 0.2222220004
42110  5.866  -35.873  78.212 0.1111110002
43216  4.525  -34.706  78.548 0.1111110002
44263  4.433  -34.012  79.305 0.1111110002
45307  4.084  -33.276  79.350 0.1111110002
122566  4.297  -32.140  79.728 0.1111110002
141784  4.215  -31.945  78.341 0.1111110002
46328  3.983  -32.491  78.588 0.1111110002
47343  4.166  -31.548  78.687 0.1111110002
45385  34.648  -33.086  72.526 0.2222220004
50740  30.901  -28.335  58.567 0.2222220004
55529  44.769  -23.690  67.771 0.4444440007
60645  47.874  -17.917  66.791 0.3333329856
73200  56.429  -5.007  54.159 0.1111110002
74180  58.879  -4.894  53.133 0.2222220004
74164  58.818  -5.294  53.570 0.2222220004
132619  60.588  -5.325  50.483 0.2222220004
73185  56.349  -5.436  54.898 0.1111110002
50688  25.380  -29.017  60.934 0.1111110002
128623  25.418  -28.333  59.593 0.1111110002
126652  28.355  -28.775  58.799 0.2222220004
50743  27.907  -28.348  58.113 0.1111110002
55680  35.704  -23.412  56.521 0.1111110002
44359  32.853  -34.646  72.248 0.2222220004
42147  31.041  -36.509  73.627 0.2222220004
43267  31.225  -35.317  73.239 0.2222220004
46318  3.983  -32.589  79.335 0.1111110002
53695  34.899  -25.076  56.089 0.1111110002
52734  34.525  -25.885  56.461 0.1111110002
53696  34.115  -25.474  55.942 0.1111110002
139006  32.667  -26.770  57.628 0.1111110002
52721  31.984  -26.883  57.226 0.1111110002
40039  8.304  -38.101  77.240 0.1111110002
41068  5.058  -36.654  75.778 0.1111110002
41076  5.296  -36.929  75.703 0.1111110002
42126  4.891  -36.365  76.172 0.1111110002
43241  4.498  -34.993  76.963 0.1111110002
44305  4.570  -35.014  76.516 0.1111110002
44288  4.079  -34.347  77.557 0.1111110002
44264  3.966  -33.889  78.758 0.1111110002
44306  3.947  -33.901  77.545 0.1111110002
45331  3.925  -33.298  78.084 0.1111110002
46337  4.180  -32.704  77.976 0.1111110002
45362  5.435  -34.075  76.121 0.1111110002
46342  5.845  -32.775  76.831 0.1111110002
47356  6.137  -31.769  76.620 0.1111110002
124418  5.392  -32.077  77.165 0.1111110002
48457  5.711  -30.899  76.670 0.1111110002
47342  4.681  -31.918  77.695 0.1111110002
127215  7.189  -32.680  75.543 0.1111110002
123445  5.385  -30.204  76.315 0.1111110002
48469  5.686  -30.086  75.531 0.1111110002
51725  29.959  -28.028  57.349 0.1111110002
41097  31.794  -36.986  72.936 0.2222220004
51726  29.154  -27.942  57.025 0.1111110002
133705  20.392  -27.014  64.596 0.1111110002
145425  21.393  -27.081  63.691 0.1111110002
53710  33.689  -25.108  55.420 0.1111110002
51741  28.185  -27.090  56.323 0.1111110002
145194  23.567  -27.628  62.110 0.1111110002
50755  26.904  -27.348  57.288 0.1111110002
51728  27.574  -27.247  56.766 0.1111110002
50705  24.983  -28.409  60.345 0.1111110002
52724  26.471  -26.749  57.399 0.1111110002
51713  25.546  -27.135  58.239 0.1111110002
51668  24.189  -27.738  60.641 0.1111110002
127651  23.139  -26.964  62.054 0.1111110002
54666  28.301  -24.673  57.227 0.1111110002
54675  28.492  -24.071  56.695 0.1111110002
133429  28.312  -24.944  56.303 0.1111110002
53699  27.540  -25.983  56.467 0.1111110002
53698  28.148  -25.658  56.126 0.1111110002
53684  27.120  -25.719  57.128 0.1111110002
51702  24.601  -27.142  59.121 0.1111110002
52680  23.664  -26.738  60.530 0.1111110002
52679  23.847  -26.124  59.783 0.1111110002
53669  27.148  -25.478  58.062 0.1111110002
53670  26.230  -25.727  58.041 0.1111110002
52709  25.278  -26.385  58.301 0.1111110002
143304  24.075  -25.721  59.407 0.1111110002
51714  24.902  -26.747  58.607 0.1111110002
56681  34.523  -22.638  55.682 0.1111110002
56706  33.922  -21.980  55.190 0.1111110002
56703  37.083  -22.262  54.697 0.1111110002
55503  45.078  -23.936  69.796 0.1111110002
55515  45.575  -23.347  69.293 0.1111110002
60646  47.621  -18.529  67.571 0.2222220004
74178  60.493  -5.009  52.693 0.2222220004
73218  60.174  -5.021  53.148 0.2222220004
73239  60.487  -4.875  52.166 0.2222220004
73217  60.530  -5.494  52.765 0.2222220004
51742  27.629  -26.688  56.423 0.1111110002
62681  41.288  -17.181  49.463 0.1111110002
68648  46.934  -10.979  43.129 0.1111110002
69623  49.681  -10.057  42.886 0.2222220004
69624  48.885  -10.316  42.859 0.2222220004
68666  47.568  -10.324  42.763 0.2222220004
69636  48.195  -9.853  42.572 0.2222220004
129932  60.035  -3.703  33.369 0.2222220004
75310  59.203  -3.620  33.454 0.2222220004
77119  67.199  -1.344  34.413 0.2222220004
76198  64.363  -1.727  31.780 0.3333329856
76162  67.482  -1.682  35.894 0.1111110002
77111  67.152  -1.242  35.198 0.2222220004
76131  66.725  -2.202  40.509 0.2222220004
77071  66.570  -1.756  40.116 0.2222220004
67641  47.404  -11.614  43.805 0.1111110002
68647  47.833  -10.915  43.346 0.2222220004
76170  67.451  -1.818  34.942 0.2222220004
68665  48.197  -10.445  42.981 0.2222220004
130794  40.494  -16.833  48.191 0.1111110002
133078  36.115  -37.824  71.745 0.1111110002
41107  35.367  -37.894  72.139 0.1111110002
40083  34.995  -39.791  71.916 0.1111110002
40072  34.822  -39.510  72.399 0.1111110002
39123  34.354  -40.137  72.181 0.1111110002
124103  32.351  -39.724  71.994 0.1111110002
41108  34.236  -37.571  72.069 0.1111110002
41095  34.217  -38.632  72.678 0.1111110002
40073  33.972  -39.646  72.710 0.1111110002
39135  31.474  -39.888  72.482 0.1111110002
40096  29.443  -39.041  70.777 0.1111110002
40120  28.627  -38.264  69.181 0.1111110002
40121  27.920  -39.040  68.640 0.1111110002
41096  32.709  -37.790  72.983 0.1111110002
39136  30.482  -39.776  72.270 0.1111110002
38288  28.734  -40.126  71.496 0.1111110002
40110  28.174  -39.258  69.484 0.1111110002
39148  28.224  -40.037  70.640 0.1111110002
42186  39.596  -36.676  68.917 0.1111110002
43298  38.689  -35.561  69.890 0.1111110002
43299  38.104  -35.391  70.524 0.1111110002
43284  37.472  -35.245  71.155 0.1111110002
44391  40.331  -35.437  68.169 0.1111110002
44392  39.559  -34.810  68.512 0.1111110002
140845  38.735  -34.872  69.528 0.1111110002
44407  39.884  -34.531  67.928 0.1111110002
44382  38.449  -34.187  69.317 0.1111110002
44370  37.592  -34.273  70.821 0.1111110002
42119  28.261  -36.493  76.225 0.1111110002
45397  37.136  -33.256  71.243 0.1111110002
41070  28.265  -37.246  75.883 0.1111110002
41071  27.902  -37.667  75.385 0.1111110002
45410  37.146  -32.924  70.855 0.1111110002
45398  36.622  -33.181  71.935 0.1111110002
40055  28.520  -38.816  74.536 0.1111110002
43288  34.066  -35.556  71.562 0.1111110002
41079  30.672  -37.633  74.891 0.1111110002
40064  28.538  -39.035  73.698 0.1111110002
39107  31.088  -39.759  74.314 0.1111110002
125488  29.394  -39.613  73.506 0.1111110002
39127  28.018  -39.524  72.505 0.1111110002
38263  30.868  -40.251  73.118 0.1111110002
38279  29.277  -40.126  72.143 0.1111110002
39138  27.633  -40.017  71.778 0.1111110002
40084  26.816  -39.459  70.791 0.1111110002
38281  27.882  -40.250  71.426 0.1111110002
43332  41.122  -35.843  67.779 0.1111110002
44406  40.700  -34.899  67.628 0.1111110002
143511  27.534  -37.166  75.986 0.1111110002
44358  33.737  -34.429  72.308 0.1111110002
41032  18.472  -37.947  80.275 0.1111110002
41039  18.986  -37.537  80.137 0.1111110002
130173  28.340  -35.687  76.406 0.2222220004
43243  27.764  -35.287  77.198 0.2222220004
43244  27.624  -36.277  76.976 0.2222220004
41021  18.828  -37.303  80.425 0.1111110002
42092  19.316  -36.679  80.256 0.1111110002
44291  28.635  -34.652  76.610 0.2222220004
43242  29.018  -35.182  75.989 0.2222220004
44278  27.580  -34.678  77.708 0.1111110002
48539  44.008  -30.758  67.571 0.1111110002
138957  19.684  -35.421  80.953 0.1111110002
45334  29.226  -33.573  77.009 0.2222220004
43186  20.533  -35.475  80.858 0.1111110002
44277  28.321  -34.152  77.300 0.2222220004
45320  27.866  -33.773  77.858 0.2222220004
44255  22.653  -34.611  80.053 0.1111110002
128289  29.441  -34.801  75.816 0.2222220004
143018  27.010  -34.718  78.351 0.1111110002
44251  25.986  -34.497  79.130 0.1111110002
44252  25.325  -33.751  79.234 0.1111110002
142319  24.284  -33.554  78.943 0.1111110002
45312  22.700  -33.504  78.636 0.1111110002
44307  29.903  -33.951  75.862 0.2222220004
49576  42.987  -28.424  69.644 0.1111110002
49575  43.649  -29.239  69.086 0.1111110002
51532  43.278  -27.377  70.353 0.1111110002
52526  42.792  -27.082  69.805 0.2222220004
44234  18.851  -34.909  80.935 0.1111110002
144377  21.105  -34.052  81.200 0.1111110002
44231  21.558  -34.644  81.007 0.1111110002
44232  20.822  -34.776  81.104 0.1111110002
44290  29.427  -34.121  76.344 0.2222220004
44243  22.386  -34.558  80.224 0.1111110002
44256  21.396  -35.379  80.109 0.1111110002
132815  23.103  -34.447  79.999 0.1111110002
142982  29.744  -33.530  76.269 0.2222220004
45333  29.642  -33.165  76.636 0.2222220004
45319  28.952  -32.926  77.614 0.2222220004
45310  26.467  -33.748  79.110 0.1111110002
45297  25.905  -33.776  79.418 0.2222220004
44240  24.842  -33.559  80.042 0.2222220004
44267  23.998  -33.790  79.418 0.1111110002
45318  29.487  -32.732  77.134 0.2222220004
46330  28.786  -32.019  77.911 0.2222220004
46321  28.062  -32.019  78.271 0.2222220004
46322  27.040  -32.350  78.625 0.2222220004
46312  25.378  -32.340  79.714 0.2222220004
46329  29.313  -31.994  77.382 0.2222220004
50616  43.148  -27.929  70.202 0.1111110002
53509  43.028  -26.525  69.785 0.1111110002
53522  43.013  -25.999  69.305 0.2222220004
136034  20.906  -33.251  80.925 0.1111110002
46294  22.264  -33.011  81.149 0.1111110002
44230  22.262  -34.199  81.096 0.1111110002
46293  22.977  -33.238  80.993 0.1111110002
45279  23.073  -33.888  80.586 0.1111110002
45290  23.720  -33.542  80.644 0.1111110002
44242  23.713  -34.146  80.036 0.1111110002
46301  24.652  -31.824  80.083 0.2222220004
47316  25.223  -31.242  79.406 0.2222220004
54526  43.701  -25.352  69.417 0.1111110002
53508  43.487  -25.955  69.877 0.1111110002
46295  21.599  -32.901  80.996 0.1111110002
46303  23.479  -32.641  80.742 0.2222220004
46304  22.717  -32.464  80.788 0.1111110002
46302  24.237  -32.786  80.546 0.1111110002
66632  40.511  -12.801  46.160 0.1111110002
65689  42.661  -13.082  45.914 0.1111110002
135630  42.027  -12.631  45.582 0.1111110002
67621  40.789  -11.693  45.202 0.1111110002
66642  42.954  -12.734  45.234 0.1111110002
66654  42.490  -12.124  44.669 0.1111110002
66655  41.539  -11.779  44.857 0.1111110002
67633  40.940  -11.121  44.802 0.1111110002
121829  47.265  -8.776  42.363 0.1111110002
73376  51.081  -5.520  41.098 0.1111110002
74335  47.424  -4.169  40.497 0.1111110002
74336  46.805  -4.159  40.883 0.1111110002
73389  50.285  -5.415  40.549 0.1111110002
73378  49.530  -5.056  40.959 0.1111110002
74334  48.101  -4.483  40.549 0.1111110002
73403  49.712  -5.236  40.018 0.1111110002
74333  48.977  -4.831  40.290 0.1111110002
73388  51.013  -5.689  40.078 0.1111110002
144626  49.939  -5.102  39.499 0.1111110002
74345  49.492  -4.674  39.384 0.1111110002
73402  50.351  -5.348  39.688 0.1111110002
73401  51.723  -5.661  39.577 0.1111110002
74343  51.023  -5.260  39.235 0.1111110002
74346  48.587  -4.328  39.626 0.1111110002
73400  52.491  -6.017  39.799 0.1111110002
75254  49.927  -4.065  38.756 0.1111110002
73414  53.026  -5.655  39.028 0.1111110002
74357  51.757  -4.858  38.731 0.1111110002
74358  51.074  -4.509  38.688 0.1111110002
74344  50.341  -4.748  38.994 0.1111110002
73413  53.593  -5.540  38.582 0.1111110002
74356  52.479  -4.901  38.494 0.1111110002
74355  53.119  -5.021  38.244 0.1111110002
75264  51.412  -3.847  38.321 0.1111110002
77141  66.695  -0.427  31.809 0.2222220004
74397  56.477  -4.075  34.546 0.1111110002
75311  58.400  -3.568  33.567 0.1111110002
141073  57.743  -3.513  33.692 0.1111110002
75300  56.483  -3.226  34.080 0.1111110002
75289  55.676  -3.412  34.559 0.1111110002
77157  65.732  -0.548  31.532 0.2222220004
129012  63.181  -2.271  32.076 0.2222220004
76193  58.684  -2.859  33.135 0.1111110002
127136  57.918  -2.896  33.372 0.1111110002
127487  57.210  -3.808  34.050 0.1111110002
78062  65.211  0.004  30.452 0.2222220004
126401  64.465  -0.758  31.097 0.2222220004
77143  63.349  -1.237  31.503 0.2222220004
78074  66.269  -0.078  30.221 0.2222220004
120295  65.707  0.164  30.082 0.2222220004
76184  55.839  -2.617  34.148 0.1111110002
76204  58.130  -2.254  32.914 0.1111110002
76194  57.372  -2.375  33.263 0.1111110002
141246  55.895  -2.078  33.787 0.1111110002
138068  63.619  -0.232  30.744 0.2222220004
77158  62.481  -0.634  31.407 0.2222220004
77147  57.505  -1.769  32.790 0.1111110002
77132  56.247  -1.783  33.333 0.1111110002
78076  64.324  0.315  29.954 0.2222220004
78981  62.141  0.756  30.710 0.1111110002
78064  61.775  -0.011  31.291 0.1111110002
78065  60.855  -0.473  31.570 0.1111110002
78048  59.935  -0.769  31.764 0.1111110002
77146  58.304  -1.491  32.468 0.1111110002
77148  56.736  -1.441  32.774 0.1111110002
78995  63.722  0.915  29.433 0.2222220004
78996  61.699  1.241  30.404 0.1111110002
78982  61.117  0.754  31.093 0.1111110002
123743  60.176  0.276  31.357 0.1111110002
78050  58.450  -0.774  31.958 0.1111110002
78049  59.096  -1.161  32.088 0.1111110002
78051  57.539  -0.925  32.233 0.1111110002
78052  56.409  -0.683  32.301 0.1111110002
78997  60.795  1.320  30.705 0.1111110002
78983  59.615  0.914  31.277 0.1111110002
78984  58.782  0.858  31.396 0.1111110002
79851  59.983  1.342  30.904 0.1111110002
79853  58.428  1.267  31.187 0.1111110002
135303  57.530  0.724  31.499 0.1111110002
78067  58.084  0.042  31.585 0.1111110002
79864  60.410  1.499  30.371 0.1111110002
79866  58.774  1.477  30.840 0.1111110002
127731  58.891  0.551  25.599 0.1111110002
78971  56.037  0.129  31.857 0.1111110002
78985  58.112  0.968  31.408 0.1111110002
78068  57.024  -0.061  31.667 0.1111110002
78972  55.152  0.448  32.360 0.1111110002
79880  59.872  1.570  29.814 0.1111110002
79881  58.722  1.549  30.120 0.1111110002
79867  58.040  1.533  30.830 0.1111110002
79854  57.566  1.318  31.243 0.1111110002
78986  56.747  0.961  31.531 0.1111110002
78987  55.741  1.079  31.671 0.1111110002
79892  60.428  1.316  28.670 0.1111110002
79882  57.449  1.654  30.174 0.1111110002
141006  57.274  1.656  30.922 0.1111110002
79855  56.521  1.650  31.174 0.1111110002
79856  55.399  1.847  31.390 0.1111110002
79893  59.286  1.239  28.975 0.1111110002
79883  56.486  1.801  29.920 0.1111110002
79868  56.585  1.825  30.688 0.1111110002
79869  55.778  2.146  30.977 0.1111110002
121133  56.800  1.279  29.015 0.1111110002
79017  57.625  0.879  28.105 0.1111110002
144291  57.347  0.717  27.226 0.1111110002
79032  56.687  0.792  26.735 0.1111110002
79844  54.875  1.284  32.102 0.1111110002
80655  54.870  2.369  31.187 0.1111110002
134677  54.195  2.741  31.570 0.1111110002
79857  54.583  2.017  31.855 0.1111110002
126219  55.784  1.642  29.229 0.1111110002
79884  55.781  2.029  30.223 0.1111110002
80663  54.953  2.350  30.332 0.1111110002
79895  55.393  1.794  28.674 0.1111110002
80670  54.673  2.703  28.911 0.1111110002
80664  54.548  2.762  29.746 0.1111110002
79905  55.365  1.925  27.851 0.1111110002
80674  54.889  2.839  28.041 0.1111110002
79911  55.565  1.725  26.754 0.1111110002
80647  53.843  3.300  31.703 0.1111110002
81460  54.171  3.438  30.186 0.1111110002
81449  53.990  3.389  31.044 0.1111110002
81468  54.349  3.490  29.270 0.1111110002
82245  54.131  4.167  29.869 0.1111110002
82253  54.499  4.014  28.611 0.1111110002
81479  55.064  3.696  27.304 0.1111110002
80680  55.219  2.620  27.095 0.1111110002
133783  53.954  4.743  31.187 0.1111110002
82238  53.907  4.100  30.683 0.1111110002
83125  54.163  4.811  30.410 0.1111110002
42167  34.634  -36.616  71.618 0.1111110002
137920  35.892  -35.986  71.457 0.1111110002
42165  36.547  -36.469  71.496 0.1111110002
135042  37.215  -36.239  71.321 0.1111110002
42168  33.549  -36.514  71.668 0.1111110002
42169  32.634  -36.296  71.847 0.1111110002
43285  36.855  -35.225  71.516 0.1111110002
130243  31.496  -37.491  73.896 0.1111110002
42138  31.033  -37.330  74.445 0.1111110002
44354  37.069  -34.146  71.500 0.1111110002
44355  36.411  -34.164  71.923 0.1111110002
40063  31.723  -39.215  74.349 0.1111110002
42128  29.376  -36.601  75.331 0.1111110002
41078  31.417  -38.176  74.534 0.1111110002
41069  29.109  -37.379  75.507 0.1111110002
40054  29.127  -38.953  74.804 0.1111110002
44233  19.721  -34.574  80.903 0.1111110002
43187  19.069  -35.852  80.916 0.1111110002
44369  38.161  -34.420  70.036 0.1111110002
44381  39.132  -34.869  69.051 0.1111110002
66631  41.348  -13.064  46.244 0.1111110002
65688  43.369  -13.157  45.878 0.1111110002
120335  66.989  -0.684  32.634 0.2222220004
78047  66.715  -0.414  31.470 0.2222220004
140526  29.763  -37.387  75.315 0.1111110002
46320  28.400  -31.393  78.057 0.2222220004
122780  26.614  -31.279  78.602 0.2222220004
47315  25.799  -31.651  79.131 0.2222220004
47336  28.768  -31.498  77.748 0.2222220004
40044  30.239  -37.993  75.236 0.1111110002
42118  28.842  -36.058  75.711 0.2222220004
77145  61.464  -1.036  31.744 0.1111110002
76203  59.047  -2.054  32.625 0.1111110002
125528  59.717  -1.542  32.224 0.1111110002
144229  60.961  -1.010  31.793 0.1111110002
44341  35.125  -33.439  72.598 0.1111110002
44340  35.924  -33.311  72.381 0.1111110002
128368  32.416  -36.905  72.352 0.1111110002
44357  34.722  -34.331  72.280 0.1111110002
69637  47.432  -9.536  42.438 0.1111110002
42166  35.724  -36.777  71.626 0.1111110002
41094  34.949  -38.621  72.389 0.1111110002
39124  33.399  -40.300  72.478 0.1111110002
39133  33.920  -40.364  71.963 0.1111110002
127365  32.457  -40.157  72.553 0.1111110002
39134  33.290  -40.282  71.972 0.1111110002
39145  31.206  -39.260  71.724 0.1111110002
126658  32.250  -38.900  71.316 0.1111110002
130213  33.445  -38.739  73.017 0.1111110002
41109  33.240  -37.436  72.209 0.1111110002
40074  33.094  -39.700  73.091 0.1111110002
39115  32.424  -40.259  73.093 0.1111110002
39125  31.587  -40.291  72.963 0.1111110002
40109  28.984  -38.605  70.030 0.1111110002
39146  29.972  -39.464  71.572 0.1111110002
39155  28.535  -39.494  70.342 0.1111110002
41087  32.870  -38.826  73.441 0.1111110002
39147  29.002  -39.788  71.181 0.1111110002
38277  30.797  -40.005  72.777 0.1111110002
39137  29.555  -40.003  71.902 0.1111110002
38280  28.494  -40.253  71.829 0.1111110002
38289  28.064  -40.286  71.003 0.1111110002
39156  27.773  -39.860  69.774 0.1111110002
38297  27.573  -40.094  70.081 0.1111110002
42129  28.837  -36.735  75.715 0.1111110002
40046  28.613  -38.157  75.283 0.1111110002
40047  28.125  -38.333  74.911 0.1111110002
44356  35.609  -34.241  72.189 0.1111110002
43287  35.213  -35.568  71.529 0.1111110002
40052  30.855  -38.753  74.787 0.1111110002
40053  29.958  -38.949  75.018 0.1111110002
39110  28.958  -39.291  73.987 0.1111110002
39120  28.565  -39.167  72.979 0.1111110002
39116  31.551  -40.188  73.652 0.1111110002
39117  30.676  -40.134  73.648 0.1111110002
39118  29.946  -39.886  73.541 0.1111110002
38270  29.819  -39.911  72.640 0.1111110002
38271  29.003  -40.055  72.488 0.1111110002
39126  28.598  -39.729  72.648 0.1111110002
39109  29.579  -39.451  74.223 0.1111110002
39139  27.183  -39.688  71.290 0.1111110002
39128  27.370  -39.373  72.028 0.1111110002
38269  30.396  -39.968  72.832 0.1111110002
38272  28.227  -40.182  72.151 0.1111110002
38298  27.065  -40.297  69.649 0.1111110002
42081  19.918  -36.049  80.559 0.1111110002
46331  28.289  -32.753  78.045 0.2222220004
45309  27.311  -33.430  78.457 0.2222220004
120685  21.770  -34.916  80.079 0.1111110002
45300  22.879  -34.187  79.762 0.1111110002
144025  26.510  -34.460  78.836 0.1111110002
44266  24.944  -33.708  79.107 0.1111110002
45299  23.720  -33.610  79.138 0.1111110002
44241  24.179  -33.927  79.803 0.1111110002
43195  21.213  -35.324  80.670 0.1111110002
44244  21.679  -34.917  80.431 0.1111110002
44254  23.500  -34.271  79.966 0.1111110002
46311  26.142  -32.694  79.308 0.2222220004
45298  25.409  -33.364  79.716 0.2222220004
45289  24.320  -33.626  80.263 0.1111110002
45288  24.919  -33.071  80.277 0.2222220004
66643  41.068  -12.345  45.613 0.1111110002
75255  49.226  -3.760  38.984 0.1111110002
73415  52.318  -5.472  39.133 0.1111110002
78061  66.270  -0.232  30.935 0.2222220004
75312  57.196  -3.035  33.657 0.1111110002
144212  66.253  -0.505  30.022 0.2222220004
78077  63.149  0.613  30.273 0.2222220004
78075  64.912  0.423  29.459 0.2222220004
78063  62.601  0.147  30.929 0.2222220004
122884  62.661  1.188  29.934 0.1111110002
79862  62.281  1.470  29.630 0.1111110002
78066  59.160  -0.118  31.568 0.1111110002
79865  59.496  1.501  30.561 0.1111110002
137847  60.340  1.055  31.081 0.1111110002
79852  59.188  1.285  31.113 0.1111110002
131574  57.760  0.569  26.137 0.1111110002
79894  58.100  1.239  29.142 0.1111110002
79879  60.918  1.497  29.527 0.1111110002
79903  61.009  1.081  27.522 0.1111110002
79016  58.782  0.854  27.993 0.1111110002
80656  54.441  2.866  30.673 0.1111110002
122691  55.880  1.378  28.334 0.1111110002
79018  56.621  0.947  27.842 0.1111110002
81450  53.732  3.979  31.575 0.1111110002
80669  55.043  2.109  29.359 0.1111110002
126594  55.064  2.223  28.579 0.1111110002
79904  55.906  1.246  27.318 0.1111110002
81474  54.592  3.325  28.568 0.1111110002
81480  54.747  3.679  28.081 0.1111110002
43286  36.072  -35.302  71.566 0.1111110002
41088  32.253  -38.294  73.932 0.1111110002
40062  32.388  -39.568  73.700 0.1111110002
40045  29.527  -38.193  75.320 0.1111110002
61721  39.636  -17.248  51.229 0.1111110002
62639  39.593  -17.025  50.855 0.1111110002
54497  46.452  -24.686  69.738 0.1111110002
140120  47.833  -24.476  69.063 0.1111110002
123816  47.266  -24.988  69.355 0.1111110002
55502  46.049  -23.603  69.620 0.1111110002
53519  48.074  -25.216  68.242 0.1111110002
72323  60.151  -5.557  53.229 0.1111110002
72324  59.747  -5.962  53.486 0.1111110002
72342  60.332  -5.988  53.013 0.1111110002
55501  46.663  -23.742  69.558 0.1111110002
140131  48.023  -23.282  69.286 0.1111110002
55500  47.350  -23.197  69.459 0.1111110002
128058  46.742  -22.943  69.455 0.1111110002
56501  46.710  -22.290  69.245 0.1111110002
56502  46.306  -22.938  69.356 0.1111110002
72360  60.930  -6.007  52.377 0.1111110002
56500  47.164  -22.350  69.406 0.1111110002
55499  47.766  -22.587  69.405 0.1111110002
57574  46.819  -21.473  68.609 0.1111110002
124581  46.867  -21.762  69.098 0.1111110002
58592  47.015  -20.762  68.103 0.1111110002
74163  59.629  -5.426  53.393 0.1111110002
71447  61.139  -6.462  51.977 0.1111110002
56499  47.524  -21.765  69.297 0.1111110002
139850  47.072  -21.397  69.048 0.1111110002
58580  47.576  -20.340  68.892 0.1111110002
58581  47.274  -20.877  68.798 0.1111110002
73237  61.533  -5.806  51.644 0.1111110002
137548  62.328  -6.575  50.364 0.1111110002
72460  64.304  -7.265  43.558 0.1111110002
71548  63.099  -7.959  42.604 0.1111110002
71547  63.744  -8.059  43.336 0.1111110002
70566  63.608  -8.703  43.518 0.1111110002
135238  62.905  -5.997  50.013 0.1111110002
73281  63.112  -5.345  49.713 0.1111110002
72402  63.767  -6.199  47.640 0.1111110002
72428  62.456  -6.976  46.020 0.1111110002
71514  61.780  -7.387  45.327 0.1111110002
72427  63.441  -6.834  45.901 0.1111110002
71513  62.784  -7.376  45.294 0.1111110002
71512  63.825  -7.404  45.099 0.1111110002
74285  65.828  -4.498  42.915 0.1111110002
72437  65.097  -6.714  44.398 0.1111110002
72461  63.469  -7.090  42.754 0.1111110002
138699  63.088  -6.511  41.985 0.1111110002
73305  63.998  -5.427  48.486 0.1111110002
73313  64.292  -5.716  47.490 0.1111110002
72416  63.171  -6.586  46.764 0.1111110002
73312  64.711  -5.543  46.826 0.1111110002
130580  64.105  -6.272  46.613 0.1111110002
72426  64.378  -6.746  45.567 0.1111110002
72425  65.023  -6.501  45.267 0.1111110002
74269  66.080  -4.177  43.554 0.1111110002
73365  64.032  -5.351  41.743 0.1111110002
139446  64.790  -4.968  41.899 0.1111110002
73304  64.428  -4.836  47.691 0.1111110002
72415  64.790  -6.212  46.068 0.1111110002
74329  65.280  -4.020  40.966 0.1111110002
74330  64.503  -4.664  41.248 0.1111110002
75250  66.435  -3.027  39.626 0.1111110002
75242  66.741  -2.540  40.146 0.1111110002
75249  66.887  -2.322  39.240 0.1111110002
76139  66.870  -2.083  39.770 0.1111110002
76179  67.404  -1.725  34.107 0.1111110002
76188  67.333  -1.504  33.250 0.1111110002
76212  66.644  -1.484  31.151 0.1111110002
76223  65.326  -2.389  29.886 0.1111110002
76244  65.929  -1.241  29.917 0.1111110002
122320  63.619  -1.527  29.190 0.1111110002
76225  62.765  -2.246  29.764 0.1111110002
77175  61.709  -1.271  29.304 0.1111110002
145257  67.175  -1.075  31.715 0.1111110002
77164  66.489  -0.750  30.528 0.1111110002
77171  65.874  -0.476  29.631 0.1111110002
77172  65.184  -0.439  28.956 0.1111110002
78994  64.229  0.823  28.846 0.1111110002
79876  63.313  1.431  28.697 0.1111110002
77173  64.371  -0.794  28.725 0.1111110002
78086  63.513  -0.460  28.542 0.1111110002
78094  63.713  0.536  28.260 0.1111110002
78087  62.340  -0.562  28.627 0.1111110002
78096  61.937  -0.053  27.926 0.1111110002
77185  61.436  -0.736  28.465 0.1111110002
78084  65.597  0.113  29.532 0.1111110002
79877  62.783  1.620  28.880 0.1111110002
79014  63.153  0.971  27.873 0.1111110002
71430  59.103  -7.126  53.219 0.1111110002
72325  58.942  -6.448  53.691 0.1111110002
73197  58.977  -5.811  53.782 0.1111110002
75251  65.392  -3.662  39.999 0.1111110002
139886  66.127  -3.553  40.844 0.1111110002
75243  66.557  -3.122  40.493 0.1111110002
74242  64.928  -4.478  46.912 0.1111110002
124762  65.354  -4.384  41.682 0.1111110002
75235  66.608  -3.303  41.823 0.1111110002
121877  64.670  -5.568  42.455 0.1111110002
129474  66.647  -3.189  41.145 0.1111110002
143081  63.978  -6.729  43.001 0.1111110002
75209  66.308  -3.222  43.441 0.1111110002
128522  66.149  -3.635  43.904 0.1111110002
72459  64.583  -6.383  43.095 0.1111110002
73293  63.460  -5.315  49.254 0.1111110002
74231  63.705  -4.772  48.907 0.1111110002
74254  65.434  -4.039  46.103 0.1111110002
74262  66.011  -4.059  44.376 0.1111110002
74253  65.684  -4.693  45.134 0.1111110002
76123  66.650  -2.340  41.180 0.1111110002
75234  66.741  -2.875  41.318 0.1111110002
73198  58.101  -5.648  54.203 0.1111110002
50554  6.915  -29.013  80.527 0.1111110002
72310  58.381  -6.162  54.186 0.1111110002
79005  63.647  1.237  28.847 0.1111110002
77156  66.910  -0.635  31.329 0.1111110002
62659  38.497  -16.824  50.341 0.1111110002
54514  47.255  -24.114  69.409 0.1111110002
53506  47.285  -25.865  69.178 0.1111110002
72446  64.697  -7.281  44.071 0.1111110002
72445  64.953  -6.626  43.726 0.1111110002
70579  63.591  -8.883  42.973 0.1111110002
128140  66.044  -4.035  42.176 0.1111110002
73338  65.374  -5.852  43.942 0.1111110002
73330  65.415  -5.791  44.826 0.1111110002
72473  63.793  -6.191  42.410 0.1111110002
72390  63.454  -5.986  49.043 0.1111110002
73329  65.705  -4.968  44.212 0.1111110002
73337  65.626  -5.024  43.539 0.1111110002
73364  65.336  -4.822  42.376 0.1111110002
76222  65.915  -1.995  30.458 0.1111110002
76245  65.345  -1.464  29.440 0.1111110002
77174  62.640  -1.303  29.263 0.1111110002
78085  64.893  0.382  28.907 0.1111110002
78093  64.224  0.657  28.611 0.1111110002
77184  64.427  0.048  28.584 0.1111110002
79013  63.707  1.093  28.372 0.1111110002
78095  62.909  0.289  27.986 0.1111110002
77186  60.630  -0.969  28.162 0.1111110002
74309  66.116  -3.729  41.466 0.1111110002
73351  65.256  -5.582  43.137 0.1111110002
130864  65.290  -5.441  45.948 0.1111110002
38264  30.254  -40.020  73.058 0.1111110002
38265  29.612  -39.820  72.996 0.1111110002
38278  30.061  -39.901  72.482 0.1111110002
38282  27.351  -39.988  70.946 0.1111110002
38290  27.474  -40.105  70.494 0.1111110002
39108  30.346  -39.599  74.347 0.1111110002
39119  28.994  -39.486  73.130 0.1111110002
41060  27.543  -36.808  76.522 0.1111110002
42082  18.961  -36.573  80.669 0.1111110002
42083  18.371  -36.574  80.842 0.2222220004
42091  20.047  -36.056  80.271 0.1111110002
44226  7.815  -35.067  81.216 0.4444440007
44253  24.390  -33.625  79.388 0.1111110002
44299  13.782  -34.131  76.338 0.5555559993
45280  22.469  -33.639  81.070 0.1111110002
45281  21.776  -33.696  81.191 0.1111110002
45301  22.012  -35.042  79.771 0.1111110002
45308  3.762  -33.123  78.917 0.1111110002
45330  8.601  -33.967  77.544 0.4444440007
45355  15.076  -33.193  75.847 0.5555559993
45409  37.498  -33.575  70.412 0.2222220004
46313  19.279  -32.221  79.819 0.5555559993
46391  36.626  -32.675  71.634 0.4444440007
46401  26.548  -32.982  71.192 0.6666669846
46402  25.801  -32.836  71.203 0.6666669846
47339  18.912  -32.032  77.409 0.4444440007
48417  23.761  -30.673  79.440 0.3333329856
48418  22.676  -30.670  79.406 0.3333329856
48425  25.514  -30.615  78.685 0.3333329856
48429  21.570  -30.436  78.723 0.4444440007
48430  20.970  -30.730  78.622 0.5555559993
48436  26.827  -30.485  78.204 0.3333329856
48442  20.247  -30.959  77.566 0.5555559993
48465  19.109  -30.786  75.633 0.5555559993
48471  22.476  -30.993  74.267 0.5555559993
48593  32.741  -30.854  62.272 0.8888890147
48611  27.763  -30.565  61.217 0.4444440007
49608  39.160  -29.133  65.332 0.7777780294
49641  35.716  -29.078  62.329 0.8888890147
49643  34.058  -29.874  61.973 0.8888890147
49683  31.210  -29.028  59.844 0.5555559993
50625  40.403  -27.918  68.473 0.5555559993
50649  38.264  -28.898  64.575 0.8888890147
51572  40.002  -27.896  67.513 0.6666669846
51636  39.075  -27.667  63.382 0.8888890147
52525  43.412  -26.755  70.411 0.1111110002
52527  42.099  -27.359  69.229 0.2222220004
52536  42.306  -26.671  69.134 0.3333329856
52537  41.336  -27.370  68.647 0.3333329856
52554  40.251  -27.538  67.883 0.5555559993
52605  40.895  -27.245  64.981 0.8888890147
52674  39.240  -26.498  60.789 0.8888890147
52690  37.581  -26.475  59.213 0.7777780294
53615  40.009  -26.130  61.124 1.0000000000
55636  40.267  -22.796  58.972 0.5555559993
55637  38.851  -23.661  59.143 0.5555559993
56559  46.385  -22.261  64.919 0.6666669846
56560  45.720  -22.616  64.550 0.8888890147
56578  45.118  -22.135  62.995 0.8888890147
56589  44.033  -22.088  62.007 0.8888890147
56590  43.353  -22.388  61.705 1.0000000000
56602  41.695  -22.955  60.189 1.0000000000
56617  42.100  -22.102  58.838 0.7777780294
56633  41.025  -21.940  57.871 0.5555559993
56634  40.277  -22.124  57.677 0.5555559993
57558  47.101  -21.767  69.224 0.1111110002
58635  47.404  -20.211  62.882 0.7777780294
59627  48.202  -18.878  64.611 0.5555559993
59665  45.961  -19.792  60.055 1.0000000000
59682  45.052  -19.939  59.012 1.0000000000
60631  47.793  -18.569  68.332 0.1111110002
60683  48.157  -18.007  61.652 0.6666669846
60696  47.477  -18.414  60.523 1.0000000000
60722  46.286  -17.853  58.623 1.0000000000
60735  45.075  -18.232  57.669 1.0000000000
60797  39.554  -17.992  51.622 0.2222220004
61670  45.293  -17.596  57.823 1.0000000000
62543  46.795  -15.632  60.821 0.7777780294
62570  45.391  -16.224  58.164 1.0000000000
62586  44.771  -16.600  56.514 1.0000000000
62594  43.468  -17.348  54.746 0.8888890147
62624  42.178  -16.353  52.408 0.6666669846
62626  40.802  -17.099  51.997 0.3333329856
63493  46.881  -14.588  61.979 0.7777780294
63545  44.764  -16.499  55.954 1.0000000000
63584  42.466  -16.859  53.245 0.5555559993
64442  48.545  -14.371  66.532 0.4444440007
64476  47.415  -13.538  63.213 0.6666669846
64503  46.223  -14.558  61.051 0.8888890147
64514  46.038  -14.768  60.489 0.8888890147
64561  46.519  -14.885  56.598 1.0000000000
64562  45.467  -15.108  56.425 1.0000000000
64610  46.961  -15.151  53.918 1.0000000000
65440  48.159  -13.086  65.829 0.4444440007
65492  46.536  -13.934  61.383 0.7777780294
65509  46.974  -13.590  60.609 0.7777780294
66380  48.495  -12.716  65.838 0.4444440007
66396  48.136  -12.151  64.563 0.4444440007
66414  47.294  -13.110  62.550 0.4444440007
66480  48.893  -13.136  58.967 0.6666669846
66588  48.068  -13.108  50.382 1.0000000000
67401  48.993  -12.188  65.762 0.3333329856
67436  49.026  -11.303  64.504 0.4444440007
67576  48.947  -12.287  51.348 1.0000000000
70325  52.932  -7.157  62.860 0.1111110002
71297  53.238  -6.692  62.586 0.1111110002
71316  52.857  -6.967  62.628 0.1111110002
72290  53.605  -6.766  57.400 0.1111110002
72385  53.269  -6.706  49.180 0.7777780294
74179  59.577  -5.007  53.248 0.1111110002
74332  61.118  -5.004  41.023 0.5555559993
76101  43.525  -3.148  44.649 0.1111110002
76138  67.066  -1.614  38.596 0.2222220004
76140  64.785  -1.629  39.485 0.3333329856
76146  67.310  -1.600  37.874 0.1111110002
77077  66.759  -1.700  39.249 0.3333329856
77105  64.986  -1.364  36.372 0.4444440007
77112  66.787  -1.009  35.184 0.3333329856
78019  66.267  -1.082  37.356 0.4444440007
78026  66.526  -0.930  36.577 0.3333329856
78030  66.836  -0.917  35.889 0.3333329856
78060  66.581  -0.312  30.950 0.2222220004
83144  54.656  4.780  28.816 0.1111110002
120291  40.764  -29.149  65.831 0.7777780294
120625  28.630  -31.236  76.825 0.4444440007
120691  33.306  -32.615  72.316 0.6666669846
121351  39.686  -16.877  50.150 0.1111110002
123632  45.777  -14.944  59.443 0.8888890147
124351  52.710  -6.905  60.169 0.2222220004
124410  57.008  -5.533  38.264 0.4444440007
124827  48.374  -15.204  64.944 0.5555559993
125004  4.584  -34.505  79.037 0.1111110002
126040  37.222  -26.914  59.901 0.8888890147
126130  39.976  -30.893  64.418 0.6666669846
127460  26.348  -30.680  78.371 0.3333329856
128691  17.665  -37.755  80.667 0.2222220004
128812  42.665  -18.434  55.167 1.0000000000
129477  29.599  -32.210  76.212 0.4444440007
130020  48.543  -13.892  66.509 0.1111110002
134626  26.943  -39.084  71.562 0.1111110002
135170  33.774  -32.001  70.492 0.7777780294
135322  48.473  -17.658  62.915 0.5555559993
136251  48.501  -15.951  64.680 0.5555559993
136277  23.729  -33.769  79.544 0.1111110002
136403  66.741  -2.739  40.815 0.1111110002
136916  38.507  -26.165  59.733 0.8888890147
137532  61.468  -6.079  51.816 0.1111110002
137563  41.148  -31.191  65.046 0.5555559993
137839  37.082  -36.886  71.452 0.1111110002
138006  50.894  -9.063  50.944 0.8888890147
138067  34.893  -32.148  71.071 0.6666669846
138334  36.212  -32.383  71.884 0.4444440007
138534  4.295  -31.769  79.459 0.2222220004
138775  45.273  -15.899  57.034 1.0000000000
139083  67.229  -1.188  35.826 0.3333329856
139108  61.477  -2.742  32.502 0.3333329856
139513  26.690  -25.781  57.606 0.1111110002
140300  58.414  -4.976  53.488 0.2222220004
140332  48.934  -13.687  56.982 0.8888890147
142532  48.202  -17.692  68.316 0.1111110002
142726  12.701  -34.429  75.848 0.5555559993
142824  46.533  -19.393  60.294 1.0000000000
142938  65.198  0.284  29.925 0.2222220004
142989  43.233  -17.205  53.913 0.7777780294
144160  35.118  -25.616  56.451 0.2222220004
144348  8.116  -36.961  81.510 0.3333329856
144441  5.607  -32.114  80.650 0.4444440007
144607  16.961  -37.029  80.909 0.1111110002
144768  40.484  -26.999  67.267 0.6666669846
144840  19.486  -30.581  75.569 0.5555559993
145043  42.208  -26.378  64.694 0.8888890147
145309  33.309  -25.640  55.947 0.1111110002
145331  28.510  -33.035  72.039 0.7777780294
