
Wed Mar 11 16:18:14 CET 2026
cd /out/sourcedata/freesurfer/sub-v2s18x29519_ses-1
setenv SUBJECTS_DIR /out/sourcedata/freesurfer
/opt/freesurfer/bin/recon-all -autorecon-hemi rh -noparcstats -noparcstats2 -noparcstats3 -nohyporelabel -nobalabels -rh-only -openmp 16 -subjid sub-v2s18x29519_ses-1 -sd /out/sourcedata/freesurfer

subjid sub-v2s18x29519_ses-1
setenv SUBJECTS_DIR /out/sourcedata/freesurfer
FREESURFER_HOME /opt/freesurfer
Actual FREESURFER_HOME /opt/freesurfer
build-stamp.txt: freesurfer-linux-ubuntu22_x86_64-7.3.2-20220804-6354275
Linux dna013 5.14.0-427.37.1.el9_4.x86_64 #1 SMP PREEMPT_DYNAMIC Fri Sep 13 12:41:50 EDT 2024 x86_64 x86_64 x86_64 GNU/Linux
cputime      unlimited
filesize     unlimited
datasize     unlimited
stacksize    8192 kbytes
coredumpsize 0 kbytes
memoryuse    67108864 kbytes
vmemoryuse   unlimited
descriptors  1024 
memorylocked unlimited
maxproc      2061970 
maxlocks     unlimited
maxsignal    2061970 
maxmessage   819200 
maxnice      0 
maxrtprio    0 
maxrttime    unlimited

               total        used        free      shared  buff/cache   available
Mem:           503Gi        95Gi       364Gi       7.6Gi        42Gi       396Gi
Swap:             0B          0B          0B

########################################
program versions used
7.3.2 (freesurfer-linux-ubuntu22_x86_64-7.3.2-20220804-6354275)
7.3.2

ProgramName: lta_convert  ProgramArguments: lta_convert -all-info  ProgramVersion: 7.3.2  TimeStamp: 2026/03/11-15:18:14-GMT  BuildTime: Aug  4 2022 06:17:15  BuildStamp: freesurfer-linux-ubuntu22_x86_64-7.3.2-20220804-6354275  User: oesteban  Machine: dna013  Platform: Linux  PlatformVersion: 5.14.0-427.37.1.el9_4.x86_64  CompilerName: GCC  CompilerVersion: 8.4.0
ProgramName: mri_and  ProgramArguments: mri_and -all-info  ProgramVersion: 7.3.2  TimeStamp: 2026/03/11-15:18:14-GMT  BuildTime: Aug  4 2022 06:17:15  BuildStamp: freesurfer-linux-ubuntu22_x86_64-7.3.2-20220804-6354275  User: oesteban  Machine: dna013  Platform: Linux  PlatformVersion: 5.14.0-427.37.1.el9_4.x86_64  CompilerName: GCC  CompilerVersion: 8.4.0
ProgramName: mri_annotation2label  ProgramArguments: mri_annotation2label -all-info  ProgramVersion: 7.3.2  TimeStamp: 2026/03/11-15:18:14-GMT  BuildTime: Aug  4 2022 06:17:15  BuildStamp: freesurfer-linux-ubuntu22_x86_64-7.3.2-20220804-6354275  User: oesteban  Machine: dna013  Platform: Linux  PlatformVersion: 5.14.0-427.37.1.el9_4.x86_64  CompilerName: GCC  CompilerVersion: 8.4.0
ProgramName: mri_aparc2aseg  ProgramArguments: mri_aparc2aseg -all-info  ProgramVersion: 7.3.2  TimeStamp: 2026/03/11-15:18:15-GMT  BuildTime: Aug  4 2022 06:17:15  BuildStamp: freesurfer-linux-ubuntu22_x86_64-7.3.2-20220804-6354275  User: oesteban  Machine: dna013  Platform: Linux  PlatformVersion: 5.14.0-427.37.1.el9_4.x86_64  CompilerName: GCC  CompilerVersion: 8.4.0
ProgramName: mri_surf2volseg  ProgramArguments: mri_surf2volseg -all-info  ProgramVersion: 7.3.2  TimeStamp: 2026/03/11-15:18:15-GMT  BuildTime: Aug  4 2022 06:17:15  BuildStamp: freesurfer-linux-ubuntu22_x86_64-7.3.2-20220804-6354275  User: oesteban  Machine: dna013  Platform: Linux  PlatformVersion: 5.14.0-427.37.1.el9_4.x86_64  CompilerName: GCC  CompilerVersion: 8.4.0
ProgramName: mri_binarize  ProgramArguments: mri_binarize -all-info  ProgramVersion: 7.3.2  TimeStamp: 2026/03/11-15:18:15-GMT  BuildTime: Aug  4 2022 06:17:15  BuildStamp: freesurfer-linux-ubuntu22_x86_64-7.3.2-20220804-6354275  User: oesteban  Machine: dna013  Platform: Linux  PlatformVersion: 5.14.0-427.37.1.el9_4.x86_64  CompilerName: GCC  CompilerVersion: 8.4.0
ProgramName: mri_ca_label  ProgramArguments: mri_ca_label -all-info  ProgramVersion: 7.3.2  TimeStamp: 2026/03/11-15:18:15-GMT  BuildTime: Aug  4 2022 06:17:15  BuildStamp: freesurfer-linux-ubuntu22_x86_64-7.3.2-20220804-6354275  User: oesteban  Machine: dna013  Platform: Linux  PlatformVersion: 5.14.0-427.37.1.el9_4.x86_64  CompilerName: GCC  CompilerVersion: 8.4.0
ProgramName: mri_ca_normalize  ProgramArguments: mri_ca_normalize -all-info  ProgramVersion: 7.3.2  TimeStamp: 2026/03/11-15:18:15-GMT  BuildTime: Aug  4 2022 06:17:15  BuildStamp: freesurfer-linux-ubuntu22_x86_64-7.3.2-20220804-6354275  User: oesteban  Machine: dna013  Platform: Linux  PlatformVersion: 5.14.0-427.37.1.el9_4.x86_64  CompilerName: GCC  CompilerVersion: 8.4.0
ProgramName: mri_ca_register  ProgramArguments: mri_ca_register -all-info  ProgramVersion: 7.3.2  TimeStamp: 2026/03/11-15:18:15-GMT  BuildTime: Aug  4 2022 06:17:15  BuildStamp: freesurfer-linux-ubuntu22_x86_64-7.3.2-20220804-6354275  User: oesteban  Machine: dna013  Platform: Linux  PlatformVersion: 5.14.0-427.37.1.el9_4.x86_64  CompilerName: GCC  CompilerVersion: 8.4.0
ProgramName: mri_cc  ProgramArguments: mri_cc -all-info  ProgramVersion: 7.3.2  TimeStamp: 2026/03/11-15:18:15-GMT  BuildTime: Aug  4 2022 06:17:15  BuildStamp: freesurfer-linux-ubuntu22_x86_64-7.3.2-20220804-6354275  User: oesteban  Machine: dna013  Platform: Linux  PlatformVersion: 5.14.0-427.37.1.el9_4.x86_64  CompilerName: GCC  CompilerVersion: 8.4.0
ProgramName: mri_compute_overlap  ProgramArguments: mri_compute_overlap -all-info  ProgramVersion: 7.3.2  TimeStamp: 2026/03/11-15:18:15-GMT  BuildTime: Aug  4 2022 06:17:15  BuildStamp: freesurfer-linux-ubuntu22_x86_64-7.3.2-20220804-6354275  User: oesteban  Machine: dna013  Platform: Linux  PlatformVersion: 5.14.0-427.37.1.el9_4.x86_64  CompilerName: GCC  CompilerVersion: 8.4.0
ProgramName: mri_compute_seg_overlap  ProgramArguments: mri_compute_seg_overlap -all-info  ProgramVersion: 7.3.2  TimeStamp: 2026/03/11-15:18:15-GMT  BuildTime: Aug  4 2022 06:17:15  BuildStamp: freesurfer-linux-ubuntu22_x86_64-7.3.2-20220804-6354275  User: oesteban  Machine: dna013  Platform: Linux  PlatformVersion: 5.14.0-427.37.1.el9_4.x86_64  CompilerName: GCC  CompilerVersion: 8.4.0
ProgramName: mri_concat  ProgramArguments: mri_concat -all-info  ProgramVersion: 7.3.2  TimeStamp: 2026/03/11-15:18:15-GMT  BuildTime: Aug  4 2022 06:17:15  BuildStamp: freesurfer-linux-ubuntu22_x86_64-7.3.2-20220804-6354275  User: oesteban  Machine: dna013  Platform: Linux  PlatformVersion: 5.14.0-427.37.1.el9_4.x86_64  CompilerName: GCC  CompilerVersion: 8.4.0
ProgramName: mri_concatenate_lta  ProgramArguments: mri_concatenate_lta -all-info  ProgramVersion: 7.3.2  TimeStamp: 2026/03/11-15:18:15-GMT  BuildTime: Aug  4 2022 06:17:15  BuildStamp: freesurfer-linux-ubuntu22_x86_64-7.3.2-20220804-6354275  User: oesteban  Machine: dna013  Platform: Linux  PlatformVersion: 5.14.0-427.37.1.el9_4.x86_64  CompilerName: GCC  CompilerVersion: 8.4.0
mri_convert -all-info 
ProgramName: mri_convert  ProgramArguments: mri_convert -all-info  ProgramVersion: 7.3.2  TimeStamp: 2026/03/11-15:18:15-GMT  BuildTime: Aug  4 2022 06:17:15  BuildStamp: freesurfer-linux-ubuntu22_x86_64-7.3.2-20220804-6354275  User: oesteban  Machine: dna013  Platform: Linux  PlatformVersion: 5.14.0-427.37.1.el9_4.x86_64  CompilerName: GCC  CompilerVersion: 8.4.0
ProgramName: mri_diff  ProgramArguments: mri_diff -all-info  ProgramVersion: 7.3.2  TimeStamp: 2026/03/11-15:18:15-GMT  BuildTime: Aug  4 2022 06:17:15  BuildStamp: freesurfer-linux-ubuntu22_x86_64-7.3.2-20220804-6354275  User: oesteban  Machine: dna013  Platform: Linux  PlatformVersion: 5.14.0-427.37.1.el9_4.x86_64  CompilerName: GCC  CompilerVersion: 8.4.0
ProgramName: mri_edit_wm_with_aseg  ProgramArguments: mri_edit_wm_with_aseg -all-info  ProgramVersion: 7.3.2  TimeStamp: 2026/03/11-15:18:15-GMT  BuildTime: Aug  4 2022 06:17:15  BuildStamp: freesurfer-linux-ubuntu22_x86_64-7.3.2-20220804-6354275  User: oesteban  Machine: dna013  Platform: Linux  PlatformVersion: 5.14.0-427.37.1.el9_4.x86_64  CompilerName: GCC  CompilerVersion: 8.4.0
ProgramName: mri_em_register  ProgramArguments: mri_em_register -all-info  ProgramVersion: 7.3.2  TimeStamp: 2026/03/11-15:18:15-GMT  BuildTime: Aug  4 2022 06:17:15  BuildStamp: freesurfer-linux-ubuntu22_x86_64-7.3.2-20220804-6354275  User: oesteban  Machine: dna013  Platform: Linux  PlatformVersion: 5.14.0-427.37.1.el9_4.x86_64  CompilerName: GCC  CompilerVersion: 8.4.0
ProgramName: mri_fill  ProgramArguments: mri_fill -all-info  ProgramVersion: 7.3.2  TimeStamp: 2026/03/11-15:18:15-GMT  BuildTime: Aug  4 2022 06:17:15  BuildStamp: freesurfer-linux-ubuntu22_x86_64-7.3.2-20220804-6354275  User: oesteban  Machine: dna013  Platform: Linux  PlatformVersion: 5.14.0-427.37.1.el9_4.x86_64  CompilerName: GCC  CompilerVersion: 8.4.0
ProgramName: mri_fuse_segmentations  ProgramArguments: mri_fuse_segmentations -all-info  ProgramVersion: 7.3.2  TimeStamp: 2026/03/11-15:18:15-GMT  BuildTime: Aug  4 2022 06:17:15  BuildStamp: freesurfer-linux-ubuntu22_x86_64-7.3.2-20220804-6354275  User: oesteban  Machine: dna013  Platform: Linux  PlatformVersion: 5.14.0-427.37.1.el9_4.x86_64  CompilerName: GCC  CompilerVersion: 8.4.0
ProgramName: mri_fwhm  ProgramArguments: mri_fwhm -all-info  ProgramVersion: 7.3.2  TimeStamp: 2026/03/11-15:18:15-GMT  BuildTime: Aug  4 2022 06:17:15  BuildStamp: freesurfer-linux-ubuntu22_x86_64-7.3.2-20220804-6354275  User: oesteban  Machine: dna013  Platform: Linux  PlatformVersion: 5.14.0-427.37.1.el9_4.x86_64  CompilerName: GCC  CompilerVersion: 8.4.0
ProgramName: mri_gcut  ProgramArguments: mri_gcut -all-info  ProgramVersion: 7.3.2  TimeStamp: 2026/03/11-15:18:15-GMT  BuildTime: Aug  4 2022 06:17:15  BuildStamp: freesurfer-linux-ubuntu22_x86_64-7.3.2-20220804-6354275  User: oesteban  Machine: dna013  Platform: Linux  PlatformVersion: 5.14.0-427.37.1.el9_4.x86_64  CompilerName: GCC  CompilerVersion: 8.4.0
ProgramName: mri_info  ProgramArguments: mri_info -all-info  ProgramVersion: 7.3.2  TimeStamp: 2026/03/11-15:18:15-GMT  BuildTime: Aug  4 2022 06:17:15  BuildStamp: freesurfer-linux-ubuntu22_x86_64-7.3.2-20220804-6354275  User: oesteban  Machine: dna013  Platform: Linux  PlatformVersion: 5.14.0-427.37.1.el9_4.x86_64  CompilerName: GCC  CompilerVersion: 8.4.0
ProgramName: mri_label2label  ProgramArguments: mri_label2label -all-info  ProgramVersion: 7.3.2  TimeStamp: 2026/03/11-15:18:15-GMT  BuildTime: Aug  4 2022 06:17:15  BuildStamp: freesurfer-linux-ubuntu22_x86_64-7.3.2-20220804-6354275  User: oesteban  Machine: dna013  Platform: Linux  PlatformVersion: 5.14.0-427.37.1.el9_4.x86_64  CompilerName: GCC  CompilerVersion: 8.4.0
ProgramName: mri_label2vol  ProgramArguments: mri_label2vol -all-info  ProgramVersion: 7.3.2  TimeStamp: 2026/03/11-15:18:15-GMT  BuildTime: Aug  4 2022 06:17:15  BuildStamp: freesurfer-linux-ubuntu22_x86_64-7.3.2-20220804-6354275  User: oesteban  Machine: dna013  Platform: Linux  PlatformVersion: 5.14.0-427.37.1.el9_4.x86_64  CompilerName: GCC  CompilerVersion: 8.4.0
ProgramName: mri_log_likelihood  ProgramArguments: mri_log_likelihood -all-info  ProgramVersion: 7.3.2  TimeStamp: 2026/03/11-15:18:15-GMT  BuildTime: Aug  4 2022 06:17:15  BuildStamp: freesurfer-linux-ubuntu22_x86_64-7.3.2-20220804-6354275  User: oesteban  Machine: dna013  Platform: Linux  PlatformVersion: 5.14.0-427.37.1.el9_4.x86_64  CompilerName: GCC  CompilerVersion: 8.4.0
ProgramName: mri_mask  ProgramArguments: mri_mask -all-info  ProgramVersion: 7.3.2  TimeStamp: 2026/03/11-15:18:15-GMT  BuildTime: Aug  4 2022 06:17:15  BuildStamp: freesurfer-linux-ubuntu22_x86_64-7.3.2-20220804-6354275  User: oesteban  Machine: dna013  Platform: Linux  PlatformVersion: 5.14.0-427.37.1.el9_4.x86_64  CompilerName: GCC  CompilerVersion: 8.4.0
ProgramName: mri_matrix_multiply  ProgramArguments: mri_matrix_multiply -all-info  ProgramVersion: 7.3.2  TimeStamp: 2026/03/11-15:18:15-GMT  BuildTime: Aug  4 2022 06:17:15  BuildStamp: freesurfer-linux-ubuntu22_x86_64-7.3.2-20220804-6354275  User: oesteban  Machine: dna013  Platform: Linux  PlatformVersion: 5.14.0-427.37.1.el9_4.x86_64  CompilerName: GCC  CompilerVersion: 8.4.0
ProgramName: mri_normalize  ProgramArguments: mri_normalize -all-info  ProgramVersion: 7.3.2  TimeStamp: 2026/03/11-15:18:15-GMT  BuildTime: Aug  4 2022 06:17:15  BuildStamp: freesurfer-linux-ubuntu22_x86_64-7.3.2-20220804-6354275  User: oesteban  Machine: dna013  Platform: Linux  PlatformVersion: 5.14.0-427.37.1.el9_4.x86_64  CompilerName: GCC  CompilerVersion: 8.4.0
ProgramName: mri_normalize_tp2  ProgramArguments: mri_normalize_tp2 -all-info  ProgramVersion: 7.3.2  TimeStamp: 2026/03/11-15:18:15-GMT  BuildTime: Aug  4 2022 06:17:15  BuildStamp: freesurfer-linux-ubuntu22_x86_64-7.3.2-20220804-6354275  User: oesteban  Machine: dna013  Platform: Linux  PlatformVersion: 5.14.0-427.37.1.el9_4.x86_64  CompilerName: GCC  CompilerVersion: 8.4.0
ProgramName: mri_or  ProgramArguments: mri_or -all-info  ProgramVersion: 7.3.2  TimeStamp: 2026/03/11-15:18:15-GMT  BuildTime: Aug  4 2022 06:17:15  BuildStamp: freesurfer-linux-ubuntu22_x86_64-7.3.2-20220804-6354275  User: oesteban  Machine: dna013  Platform: Linux  PlatformVersion: 5.14.0-427.37.1.el9_4.x86_64  CompilerName: GCC  CompilerVersion: 8.4.0
ProgramName: mri_relabel_hypointensities  ProgramArguments: mri_relabel_hypointensities -all-info  ProgramVersion: 7.3.2  TimeStamp: 2026/03/11-15:18:15-GMT  BuildTime: Aug  4 2022 06:17:15  BuildStamp: freesurfer-linux-ubuntu22_x86_64-7.3.2-20220804-6354275  User: oesteban  Machine: dna013  Platform: Linux  PlatformVersion: 5.14.0-427.37.1.el9_4.x86_64  CompilerName: GCC  CompilerVersion: 8.4.0
ProgramName: mri_relabel_nonwm_hypos  ProgramArguments: mri_relabel_nonwm_hypos -all-info  ProgramVersion: 7.3.2  TimeStamp: 2026/03/11-15:18:15-GMT  BuildTime: Aug  4 2022 06:17:15  BuildStamp: freesurfer-linux-ubuntu22_x86_64-7.3.2-20220804-6354275  User: oesteban  Machine: dna013  Platform: Linux  PlatformVersion: 5.14.0-427.37.1.el9_4.x86_64  CompilerName: GCC  CompilerVersion: 8.4.0
ProgramName: mri_remove_neck  ProgramArguments: mri_remove_neck -all-info  ProgramVersion: 7.3.2  TimeStamp: 2026/03/11-15:18:15-GMT  BuildTime: Aug  4 2022 06:17:15  BuildStamp: freesurfer-linux-ubuntu22_x86_64-7.3.2-20220804-6354275  User: oesteban  Machine: dna013  Platform: Linux  PlatformVersion: 5.14.0-427.37.1.el9_4.x86_64  CompilerName: GCC  CompilerVersion: 8.4.0
7.3.2

ProgramName: mri_robust_register  ProgramArguments: mri_robust_register -all-info  ProgramVersion: 7.3.2  TimeStamp: 2026/03/11-15:18:15-GMT  BuildTime: Aug  4 2022 06:17:15  BuildStamp: freesurfer-linux-ubuntu22_x86_64-7.3.2-20220804-6354275  User: oesteban  Machine: dna013  Platform: Linux  PlatformVersion: 5.14.0-427.37.1.el9_4.x86_64  CompilerName: GCC  CompilerVersion: 8.4.0
7.3.2

ProgramName: mri_robust_template  ProgramArguments: mri_robust_template -all-info  ProgramVersion: 7.3.2  TimeStamp: 2026/03/11-15:18:15-GMT  BuildTime: Aug  4 2022 06:17:15  BuildStamp: freesurfer-linux-ubuntu22_x86_64-7.3.2-20220804-6354275  User: oesteban  Machine: dna013  Platform: Linux  PlatformVersion: 5.14.0-427.37.1.el9_4.x86_64  CompilerName: GCC  CompilerVersion: 8.4.0
ProgramName: mris_anatomical_stats  ProgramArguments: mris_anatomical_stats -all-info  ProgramVersion: 7.3.2  TimeStamp: 2026/03/11-15:18:15-GMT  BuildTime: Aug  4 2022 06:17:15  BuildStamp: freesurfer-linux-ubuntu22_x86_64-7.3.2-20220804-6354275  User: oesteban  Machine: dna013  Platform: Linux  PlatformVersion: 5.14.0-427.37.1.el9_4.x86_64  CompilerName: GCC  CompilerVersion: 8.4.0
ProgramName: mris_ca_label  ProgramArguments: mris_ca_label -all-info  ProgramVersion: 7.3.2  TimeStamp: 2026/03/11-15:18:15-GMT  BuildTime: Aug  4 2022 06:17:15  BuildStamp: freesurfer-linux-ubuntu22_x86_64-7.3.2-20220804-6354275  User: oesteban  Machine: dna013  Platform: Linux  PlatformVersion: 5.14.0-427.37.1.el9_4.x86_64  CompilerName: GCC  CompilerVersion: 8.4.0
ProgramName: mris_calc  ProgramArguments: mris_calc -all-info  ProgramVersion: 7.3.2  TimeStamp: 2026/03/11-15:18:15-GMT  BuildTime: Aug  4 2022 06:17:15  BuildStamp: freesurfer-linux-ubuntu22_x86_64-7.3.2-20220804-6354275  User: oesteban  Machine: dna013  Platform: Linux  PlatformVersion: 5.14.0-427.37.1.el9_4.x86_64  CompilerName: GCC  CompilerVersion: 8.4.0
ProgramName: mris_convert  ProgramArguments: mris_convert -all-info  ProgramVersion: 7.3.2  TimeStamp: 2026/03/11-15:18:15-GMT  BuildTime: Aug  4 2022 06:17:15  BuildStamp: freesurfer-linux-ubuntu22_x86_64-7.3.2-20220804-6354275  User: oesteban  Machine: dna013  Platform: Linux  PlatformVersion: 5.14.0-427.37.1.el9_4.x86_64  CompilerName: GCC  CompilerVersion: 8.4.0
ProgramName: mris_curvature  ProgramArguments: mris_curvature -all-info  ProgramVersion: 7.3.2  TimeStamp: 2026/03/11-15:18:15-GMT  BuildTime: Aug  4 2022 06:17:15  BuildStamp: freesurfer-linux-ubuntu22_x86_64-7.3.2-20220804-6354275  User: oesteban  Machine: dna013  Platform: Linux  PlatformVersion: 5.14.0-427.37.1.el9_4.x86_64  CompilerName: GCC  CompilerVersion: 8.4.0
ProgramName: mris_curvature_stats  ProgramArguments: mris_curvature_stats -all-info  ProgramVersion: 7.3.2  TimeStamp: 2026/03/11-15:18:15-GMT  BuildTime: Aug  4 2022 06:17:15  BuildStamp: freesurfer-linux-ubuntu22_x86_64-7.3.2-20220804-6354275  User: oesteban  Machine: dna013  Platform: Linux  PlatformVersion: 5.14.0-427.37.1.el9_4.x86_64  CompilerName: GCC  CompilerVersion: 8.4.0
ProgramName: mris_diff  ProgramArguments: mris_diff -all-info  ProgramVersion: 7.3.2  TimeStamp: 2026/03/11-15:18:15-GMT  BuildTime: Aug  4 2022 06:17:15  BuildStamp: freesurfer-linux-ubuntu22_x86_64-7.3.2-20220804-6354275  User: oesteban  Machine: dna013  Platform: Linux  PlatformVersion: 5.14.0-427.37.1.el9_4.x86_64  CompilerName: GCC  CompilerVersion: 8.4.0
ProgramName: mris_divide_parcellation  ProgramArguments: mris_divide_parcellation -all-info  ProgramVersion: 7.3.2  TimeStamp: 2026/03/11-15:18:15-GMT  BuildTime: Aug  4 2022 06:17:15  BuildStamp: freesurfer-linux-ubuntu22_x86_64-7.3.2-20220804-6354275  User: oesteban  Machine: dna013  Platform: Linux  PlatformVersion: 5.14.0-427.37.1.el9_4.x86_64  CompilerName: GCC  CompilerVersion: 8.4.0
ProgramName: mri_segment  ProgramArguments: mri_segment -all-info  ProgramVersion: 7.3.2  TimeStamp: 2026/03/11-15:18:15-GMT  BuildTime: Aug  4 2022 06:17:15  BuildStamp: freesurfer-linux-ubuntu22_x86_64-7.3.2-20220804-6354275  User: oesteban  Machine: dna013  Platform: Linux  PlatformVersion: 5.14.0-427.37.1.el9_4.x86_64  CompilerName: GCC  CompilerVersion: 8.4.0
ProgramName: mri_segstats  ProgramArguments: mri_segstats -all-info  ProgramVersion: 7.3.2  TimeStamp: 2026/03/11-15:18:15-GMT  BuildTime: Aug  4 2022 06:17:15  BuildStamp: freesurfer-linux-ubuntu22_x86_64-7.3.2-20220804-6354275  User: oesteban  Machine: dna013  Platform: Linux  PlatformVersion: 5.14.0-427.37.1.el9_4.x86_64  CompilerName: GCC  CompilerVersion: 8.4.0
ProgramName: mris_euler_number  ProgramArguments: mris_euler_number -all-info  ProgramVersion: 7.3.2  TimeStamp: 2026/03/11-15:18:15-GMT  BuildTime: Aug  4 2022 06:17:15  BuildStamp: freesurfer-linux-ubuntu22_x86_64-7.3.2-20220804-6354275  User: oesteban  Machine: dna013  Platform: Linux  PlatformVersion: 5.14.0-427.37.1.el9_4.x86_64  CompilerName: GCC  CompilerVersion: 8.4.0
ProgramName: mris_fix_topology  ProgramArguments: mris_fix_topology -all-info  ProgramVersion: 7.3.2  TimeStamp: 2026/03/11-15:18:15-GMT  BuildTime: Aug  4 2022 06:17:15  BuildStamp: freesurfer-linux-ubuntu22_x86_64-7.3.2-20220804-6354275  User: oesteban  Machine: dna013  Platform: Linux  PlatformVersion: 5.14.0-427.37.1.el9_4.x86_64  CompilerName: GCC  CompilerVersion: 8.4.0
ProgramName: mris_topo_fixer  ProgramArguments: mris_topo_fixer -all-info  ProgramVersion: 7.3.2  TimeStamp: 2026/03/11-15:18:15-GMT  BuildTime: Aug  4 2022 06:17:15  BuildStamp: freesurfer-linux-ubuntu22_x86_64-7.3.2-20220804-6354275  User: oesteban  Machine: dna013  Platform: Linux  PlatformVersion: 5.14.0-427.37.1.el9_4.x86_64  CompilerName: GCC  CompilerVersion: 8.4.0
ProgramName: mris_jacobian  ProgramArguments: mris_jacobian -all-info  ProgramVersion: 7.3.2  TimeStamp: 2026/03/11-15:18:15-GMT  BuildTime: Aug  4 2022 06:17:15  BuildStamp: freesurfer-linux-ubuntu22_x86_64-7.3.2-20220804-6354275  User: oesteban  Machine: dna013  Platform: Linux  PlatformVersion: 5.14.0-427.37.1.el9_4.x86_64  CompilerName: GCC  CompilerVersion: 8.4.0
ProgramName: mris_label2annot  ProgramArguments: mris_label2annot -all-info  ProgramVersion: 7.3.2  TimeStamp: 2026/03/11-15:18:15-GMT  BuildTime: Aug  4 2022 06:17:15  BuildStamp: freesurfer-linux-ubuntu22_x86_64-7.3.2-20220804-6354275  User: oesteban  Machine: dna013  Platform: Linux  PlatformVersion: 5.14.0-427.37.1.el9_4.x86_64  CompilerName: GCC  CompilerVersion: 8.4.0
ProgramName: mris_left_right_register  ProgramArguments: mris_left_right_register -all-info  ProgramVersion: 7.3.2  TimeStamp: 2026/03/11-15:18:15-GMT  BuildTime: Aug  4 2022 06:17:15  BuildStamp: freesurfer-linux-ubuntu22_x86_64-7.3.2-20220804-6354275  User: oesteban  Machine: dna013  Platform: Linux  PlatformVersion: 5.14.0-427.37.1.el9_4.x86_64  CompilerName: GCC  CompilerVersion: 8.4.0
ProgramName: mris_place_surface  ProgramArguments: mris_place_surface -all-info  ProgramVersion: 7.3.2  TimeStamp: 2026/03/11-15:18:15-GMT  BuildTime: Aug  4 2022 06:17:15  BuildStamp: freesurfer-linux-ubuntu22_x86_64-7.3.2-20220804-6354275  User: oesteban  Machine: dna013  Platform: Linux  PlatformVersion: 5.14.0-427.37.1.el9_4.x86_64  CompilerName: GCC  CompilerVersion: 8.4.0
ProgramName: mrisp_paint  ProgramArguments: mrisp_paint -all-info  ProgramVersion: 7.3.2  TimeStamp: 2026/03/11-15:18:15-GMT  BuildTime: Aug  4 2022 06:17:15  BuildStamp: freesurfer-linux-ubuntu22_x86_64-7.3.2-20220804-6354275  User: oesteban  Machine: dna013  Platform: Linux  PlatformVersion: 5.14.0-427.37.1.el9_4.x86_64  CompilerName: GCC  CompilerVersion: 8.4.0
ProgramName: mris_register  ProgramArguments: mris_register -all-info  ProgramVersion: 7.3.2  TimeStamp: 2026/03/11-15:18:15-GMT  BuildTime: Aug  4 2022 06:17:15  BuildStamp: freesurfer-linux-ubuntu22_x86_64-7.3.2-20220804-6354275  User: oesteban  Machine: dna013  Platform: Linux  PlatformVersion: 5.14.0-427.37.1.el9_4.x86_64  CompilerName: GCC  CompilerVersion: 8.4.0
ProgramName: mris_smooth  ProgramArguments: mris_smooth -all-info  ProgramVersion: 7.3.2  TimeStamp: 2026/03/11-15:18:15-GMT  BuildTime: Aug  4 2022 06:17:15  BuildStamp: freesurfer-linux-ubuntu22_x86_64-7.3.2-20220804-6354275  User: oesteban  Machine: dna013  Platform: Linux  PlatformVersion: 5.14.0-427.37.1.el9_4.x86_64  CompilerName: GCC  CompilerVersion: 8.4.0
ProgramName: mris_sphere  ProgramArguments: mris_sphere -all-info  ProgramVersion: 7.3.2  TimeStamp: 2026/03/11-15:18:15-GMT  BuildTime: Aug  4 2022 06:17:15  BuildStamp: freesurfer-linux-ubuntu22_x86_64-7.3.2-20220804-6354275  User: oesteban  Machine: dna013  Platform: Linux  PlatformVersion: 5.14.0-427.37.1.el9_4.x86_64  CompilerName: GCC  CompilerVersion: 8.4.0
ProgramName: mris_surface_stats  ProgramArguments: mris_surface_stats -all-info  ProgramVersion: 7.3.2  TimeStamp: 2026/03/11-15:18:15-GMT  BuildTime: Aug  4 2022 06:17:15  BuildStamp: freesurfer-linux-ubuntu22_x86_64-7.3.2-20220804-6354275  User: oesteban  Machine: dna013  Platform: Linux  PlatformVersion: 5.14.0-427.37.1.el9_4.x86_64  CompilerName: GCC  CompilerVersion: 8.4.0
ProgramName: mri_stats2seg  ProgramArguments: mri_stats2seg -all-info  ProgramVersion: 7.3.2  TimeStamp: 2026/03/11-15:18:15-GMT  BuildTime: Aug  4 2022 06:17:15  BuildStamp: freesurfer-linux-ubuntu22_x86_64-7.3.2-20220804-6354275  User: oesteban  Machine: dna013  Platform: Linux  PlatformVersion: 5.14.0-427.37.1.el9_4.x86_64  CompilerName: GCC  CompilerVersion: 8.4.0
ProgramName: mris_thickness  ProgramArguments: mris_thickness -all-info  ProgramVersion: 7.3.2  TimeStamp: 2026/03/11-15:18:15-GMT  BuildTime: Aug  4 2022 06:17:15  BuildStamp: freesurfer-linux-ubuntu22_x86_64-7.3.2-20220804-6354275  User: oesteban  Machine: dna013  Platform: Linux  PlatformVersion: 5.14.0-427.37.1.el9_4.x86_64  CompilerName: GCC  CompilerVersion: 8.4.0
ProgramName: mris_thickness_diff  ProgramArguments: mris_thickness_diff -all-info  ProgramVersion: 7.3.2  TimeStamp: 2026/03/11-15:18:15-GMT  BuildTime: Aug  4 2022 06:17:15  BuildStamp: freesurfer-linux-ubuntu22_x86_64-7.3.2-20220804-6354275  User: oesteban  Machine: dna013  Platform: Linux  PlatformVersion: 5.14.0-427.37.1.el9_4.x86_64  CompilerName: GCC  CompilerVersion: 8.4.0
ProgramName: mris_topo_fixer  ProgramArguments: mris_topo_fixer -all-info  ProgramVersion: 7.3.2  TimeStamp: 2026/03/11-15:18:15-GMT  BuildTime: Aug  4 2022 06:17:15  BuildStamp: freesurfer-linux-ubuntu22_x86_64-7.3.2-20220804-6354275  User: oesteban  Machine: dna013  Platform: Linux  PlatformVersion: 5.14.0-427.37.1.el9_4.x86_64  CompilerName: GCC  CompilerVersion: 8.4.0
ProgramName: mri_surf2surf  ProgramArguments: mri_surf2surf -all-info  ProgramVersion: 7.3.2  TimeStamp: 2026/03/11-15:18:15-GMT  BuildTime: Aug  4 2022 06:17:15  BuildStamp: freesurfer-linux-ubuntu22_x86_64-7.3.2-20220804-6354275  User: oesteban  Machine: dna013  Platform: Linux  PlatformVersion: 5.14.0-427.37.1.el9_4.x86_64  CompilerName: GCC  CompilerVersion: 8.4.0
ProgramName: mri_surf2vol  ProgramArguments: mri_surf2vol -all-info  ProgramVersion: 7.3.2  TimeStamp: 2026/03/11-15:18:15-GMT  BuildTime: Aug  4 2022 06:17:15  BuildStamp: freesurfer-linux-ubuntu22_x86_64-7.3.2-20220804-6354275  User: oesteban  Machine: dna013  Platform: Linux  PlatformVersion: 5.14.0-427.37.1.el9_4.x86_64  CompilerName: GCC  CompilerVersion: 8.4.0
ProgramName: mri_surfcluster  ProgramArguments: mri_surfcluster -all-info  ProgramVersion: 7.3.2  TimeStamp: 2026/03/11-15:18:15-GMT  BuildTime: Aug  4 2022 06:17:15  BuildStamp: freesurfer-linux-ubuntu22_x86_64-7.3.2-20220804-6354275  User: oesteban  Machine: dna013  Platform: Linux  PlatformVersion: 5.14.0-427.37.1.el9_4.x86_64  CompilerName: GCC  CompilerVersion: 8.4.0
ProgramName: mris_volmask  ProgramArguments: mris_volmask -all-info  ProgramVersion: 7.3.2  TimeStamp: 2026/03/11-15:18:15-GMT  BuildTime: Aug  4 2022 06:17:15  BuildStamp: freesurfer-linux-ubuntu22_x86_64-7.3.2-20220804-6354275  User: oesteban  Machine: dna013  Platform: Linux  PlatformVersion: 5.14.0-427.37.1.el9_4.x86_64  CompilerName: GCC  CompilerVersion: 8.4.0
ProgramName: mri_tessellate  ProgramArguments: mri_tessellate -all-info  ProgramVersion: 7.3.2  TimeStamp: 2026/03/11-15:18:15-GMT  BuildTime: Aug  4 2022 06:17:15  BuildStamp: freesurfer-linux-ubuntu22_x86_64-7.3.2-20220804-6354275  User: oesteban  Machine: dna013  Platform: Linux  PlatformVersion: 5.14.0-427.37.1.el9_4.x86_64  CompilerName: GCC  CompilerVersion: 8.4.0
ProgramName: mri_vol2surf  ProgramArguments: mri_vol2surf -all-info  ProgramVersion: 7.3.2  TimeStamp: 2026/03/11-15:18:15-GMT  BuildTime: Aug  4 2022 06:17:15  BuildStamp: freesurfer-linux-ubuntu22_x86_64-7.3.2-20220804-6354275  User: oesteban  Machine: dna013  Platform: Linux  PlatformVersion: 5.14.0-427.37.1.el9_4.x86_64  CompilerName: GCC  CompilerVersion: 8.4.0
ProgramName: mri_vol2vol  ProgramArguments: mri_vol2vol -all-info  ProgramVersion: 7.3.2  TimeStamp: 2026/03/11-15:18:15-GMT  BuildTime: Aug  4 2022 06:17:15  BuildStamp: freesurfer-linux-ubuntu22_x86_64-7.3.2-20220804-6354275  User: oesteban  Machine: dna013  Platform: Linux  PlatformVersion: 5.14.0-427.37.1.el9_4.x86_64  CompilerName: GCC  CompilerVersion: 8.4.0
ProgramName: mri_voldiff  ProgramArguments: mri_voldiff -all-info  ProgramVersion: 7.3.2  TimeStamp: 2026/03/11-15:18:15-GMT  BuildTime: Aug  4 2022 06:17:15  BuildStamp: freesurfer-linux-ubuntu22_x86_64-7.3.2-20220804-6354275  User: oesteban  Machine: dna013  Platform: Linux  PlatformVersion: 5.14.0-427.37.1.el9_4.x86_64  CompilerName: GCC  CompilerVersion: 8.4.0
ProgramName: mri_watershed  ProgramArguments: mri_watershed -all-info  ProgramVersion: 7.3.2  TimeStamp: 2026/03/11-15:18:15-GMT  BuildTime: Aug  4 2022 06:17:15  BuildStamp: freesurfer-linux-ubuntu22_x86_64-7.3.2-20220804-6354275  User: oesteban  Machine: dna013  Platform: Linux  PlatformVersion: 5.14.0-427.37.1.el9_4.x86_64  CompilerName: GCC  CompilerVersion: 8.4.0
ProgramName: tkregister2  ProgramArguments: tkregister2_cmdl -all-info  ProgramVersion: 7.3.2  TimeStamp: 2026/03/11-15:18:15-GMT  BuildTime: Aug  4 2022 06:17:15  BuildStamp: freesurfer-linux-ubuntu22_x86_64-7.3.2-20220804-6354275  User: oesteban  Machine: dna013  Platform: Linux  PlatformVersion: 5.14.0-427.37.1.el9_4.x86_64  CompilerName: GCC  CompilerVersion: 8.4.0
mri_motion_correct.fsl 7.3.2
mri_convert -all-info 
ProgramName: mri_convert  ProgramArguments: mri_convert -all-info  ProgramVersion: 7.3.2  TimeStamp: 2026/03/11-15:18:15-GMT  BuildTime: Aug  4 2022 06:17:15  BuildStamp: freesurfer-linux-ubuntu22_x86_64-7.3.2-20220804-6354275  User: oesteban  Machine: dna013  Platform: Linux  PlatformVersion: 5.14.0-427.37.1.el9_4.x86_64  CompilerName: GCC  CompilerVersion: 8.4.0
Program nu_correct, built from:
Package MNI N3, version 1.12.0, compiled by nicks@terrier (x86_64-unknown-linux-gnu) on 2015-06-19 at 01:25:34
#######################################
GCADIR /opt/freesurfer/average
GCA RB_all_2020-01-02.gca
GCASkull RB_all_withskull_2020_01_02.gca
AvgCurvTif folding.atlas.acfb40.noaparc.i12.2016-08-02.tif
GCSDIR /opt/freesurfer/average
GCS DKaparc.atlas.acfb40.noaparc.i12.2016-08-02.gcs
#######################################
#--------------------------------------------
#@# Tessellate rh Wed Mar 11 16:18:15 CET 2026
/out/sourcedata/freesurfer/sub-v2s18x29519_ses-1/scripts

 mri_pretess ../mri/filled.mgz 127 ../mri/norm.mgz ../mri/filled-pretess127.mgz 


Iteration Number : 1
pass   1 (xy+):   0 found -   0 modified     |    TOTAL:   0
pass   1 (xy-):   0 found -   0 modified     |    TOTAL:   0
pass   1 (yz+):   5 found -   5 modified     |    TOTAL:   5
pass   2 (yz+):   0 found -   5 modified     |    TOTAL:   5
pass   1 (yz-):   7 found -   7 modified     |    TOTAL:  12
pass   2 (yz-):   0 found -   7 modified     |    TOTAL:  12
pass   1 (xz+):   1 found -   1 modified     |    TOTAL:  13
pass   2 (xz+):   0 found -   1 modified     |    TOTAL:  13
pass   1 (xz-):   0 found -   0 modified     |    TOTAL:  13
Iteration Number : 1
pass   1 (+++):   0 found -   0 modified     |    TOTAL:   0
pass   1 (+++):   0 found -   0 modified     |    TOTAL:   0
pass   1 (+++):   0 found -   0 modified     |    TOTAL:   0
pass   1 (+++):   0 found -   0 modified     |    TOTAL:   0
Iteration Number : 1
pass   1 (++):   0 found -   0 modified     |    TOTAL:   0
pass   1 (+-):   0 found -   0 modified     |    TOTAL:   0
pass   1 (--):   1 found -   1 modified     |    TOTAL:   1
pass   2 (--):   0 found -   1 modified     |    TOTAL:   1
pass   1 (-+):   0 found -   0 modified     |    TOTAL:   1
Iteration Number : 2
pass   1 (xy+):   0 found -   0 modified     |    TOTAL:   0
pass   1 (xy-):   0 found -   0 modified     |    TOTAL:   0
pass   1 (yz+):   0 found -   0 modified     |    TOTAL:   0
pass   1 (yz-):   0 found -   0 modified     |    TOTAL:   0
pass   1 (xz+):   0 found -   0 modified     |    TOTAL:   0
pass   1 (xz-):   0 found -   0 modified     |    TOTAL:   0
Iteration Number : 2
pass   1 (+++):   0 found -   0 modified     |    TOTAL:   0
pass   1 (+++):   0 found -   0 modified     |    TOTAL:   0
pass   1 (+++):   0 found -   0 modified     |    TOTAL:   0
pass   1 (+++):   0 found -   0 modified     |    TOTAL:   0
Iteration Number : 2
pass   1 (++):   0 found -   0 modified     |    TOTAL:   0
pass   1 (+-):   0 found -   0 modified     |    TOTAL:   0
pass   1 (--):   0 found -   0 modified     |    TOTAL:   0
pass   1 (-+):   0 found -   0 modified     |    TOTAL:   0

Total Number of Modified Voxels = 14 (out of 198699: 0.007046)
Ambiguous edge configurations... 

mri_pretess done


 mri_tessellate ../mri/filled-pretess127.mgz 127 ../surf/rh.orig.nofix 

7.3.2
  7.3.2
slice 50: 2464 vertices, 2621 faces
slice 60: 8221 vertices, 8455 faces
slice 70: 16586 vertices, 16892 faces
slice 80: 26182 vertices, 26552 faces
slice 90: 36026 vertices, 36365 faces
slice 100: 47311 vertices, 47667 faces
slice 110: 57569 vertices, 57909 faces
slice 120: 67104 vertices, 67406 faces
slice 130: 76392 vertices, 76735 faces
slice 140: 84498 vertices, 84760 faces
slice 150: 91212 vertices, 91445 faces
slice 160: 97801 vertices, 98041 faces
slice 170: 103060 vertices, 103257 faces
slice 180: 107044 vertices, 107166 faces
slice 190: 108925 vertices, 108953 faces
slice 200: 108956 vertices, 108970 faces
slice 210: 108956 vertices, 108970 faces
slice 220: 108956 vertices, 108970 faces
slice 230: 108956 vertices, 108970 faces
slice 240: 108956 vertices, 108970 faces
slice 250: 108956 vertices, 108970 faces
using the conformed surface RAS to save vertex points...
writing ../surf/rh.orig.nofix
using vox2ras matrix:
-1.00000   0.00000   0.00000   128.00000;
 0.00000   0.00000   1.00000  -128.00000;
 0.00000  -1.00000   0.00000   128.00000;
 0.00000   0.00000   0.00000   1.00000;

 rm -f ../mri/filled-pretess127.mgz 


 mris_extract_main_component ../surf/rh.orig.nofix ../surf/rh.orig.nofix 


counting number of connected components...
   108956 voxel in cpt #1: X=-14 [v=108956,e=326910,f=217940] located at (24.993237, -19.356134, 33.436176)
For the whole surface: X=-14 [v=108956,e=326910,f=217940]
One single component has been found
nothing to do
done

#--------------------------------------------
#@# Smooth1 rh Wed Mar 11 16:18:18 CET 2026
/out/sourcedata/freesurfer/sub-v2s18x29519_ses-1/scripts

 mris_smooth -nw -seed 1234 ../surf/rh.orig.nofix ../surf/rh.smoothwm.nofix 

setting seed for random number generator to 1234
smoothing surface tessellation for 10 iterations...
smoothing complete - recomputing first and second fundamental forms...
#--------------------------------------------
#@# Inflation1 rh Wed Mar 11 16:18:20 CET 2026
/out/sourcedata/freesurfer/sub-v2s18x29519_ses-1/scripts

 mris_inflate -no-save-sulc ../surf/rh.smoothwm.nofix ../surf/rh.inflated.nofix 

Not saving sulc
Reading ../surf/rh.smoothwm.nofix
avg radius = 42.4 mm, total surface area = 58907 mm^2
step 000: RMS=0.148 (target=0.015)   step 005: RMS=0.112 (target=0.015)   step 010: RMS=0.081 (target=0.015)   step 015: RMS=0.066 (target=0.015)   step 020: RMS=0.056 (target=0.015)   step 025: RMS=0.047 (target=0.015)   step 030: RMS=0.041 (target=0.015)   step 035: RMS=0.036 (target=0.015)   step 040: RMS=0.034 (target=0.015)   step 045: RMS=0.032 (target=0.015)   step 050: RMS=0.031 (target=0.015)   step 055: RMS=0.029 (target=0.015)   step 060: RMS=0.029 (target=0.015)   writing inflated surface to ../surf/rh.inflated.nofix
inflation took 0.2 minutes

inflation complete.
Not saving sulc
mris_inflate utimesec    71.338962
mris_inflate stimesec    1.237233
mris_inflate ru_maxrss   175612
mris_inflate ru_ixrss    0
mris_inflate ru_idrss    0
mris_inflate ru_isrss    0
mris_inflate ru_minflt   430644
mris_inflate ru_majflt   5
mris_inflate ru_nswap    0
mris_inflate ru_inblock  0
mris_inflate ru_oublock  7672
mris_inflate ru_msgsnd   0
mris_inflate ru_msgrcv   0
mris_inflate ru_nsignals 0
mris_inflate ru_nvcsw    8493
mris_inflate ru_nivcsw   628
#--------------------------------------------
#@# QSphere rh Wed Mar 11 16:18:32 CET 2026
/out/sourcedata/freesurfer/sub-v2s18x29519_ses-1/scripts

 mris_sphere -q -p 6 -a 128 -seed 1234 ../surf/rh.inflated.nofix ../surf/rh.qsphere.nofix 

doing quick spherical unfolding.
limitting unfolding to 6 passes
using n_averages = 128
setting seed for random number genererator to 1234
version: 7.3.2
available threads: 16
scaling brain by 0.342...
inflating...
projecting onto sphere...
surface projected - minimizing metric distortion...
vertex spacing 1.11 +- 0.61 (0.00-->6.34) (max @ vno 81953 --> 82751)
face area 0.03 +- 0.04 (-0.25-->0.61)
Entering MRISinflateToSphere()
inflating to sphere (rms error < 2.00)
000: dt: 0.0000, rms radial error=176.646, avgs=0
005/300: dt: 0.9000, rms radial error=176.386, avgs=0
010/300: dt: 0.9000, rms radial error=175.829, avgs=0
015/300: dt: 0.9000, rms radial error=175.097, avgs=0
020/300: dt: 0.9000, rms radial error=174.264, avgs=0
025/300: dt: 0.9000, rms radial error=173.373, avgs=0
030/300: dt: 0.9000, rms radial error=172.450, avgs=0
035/300: dt: 0.9000, rms radial error=171.509, avgs=0
040/300: dt: 0.9000, rms radial error=170.561, avgs=0
045/300: dt: 0.9000, rms radial error=169.611, avgs=0
050/300: dt: 0.9000, rms radial error=168.661, avgs=0
055/300: dt: 0.9000, rms radial error=167.714, avgs=0
060/300: dt: 0.9000, rms radial error=166.771, avgs=0
065/300: dt: 0.9000, rms radial error=165.831, avgs=0
070/300: dt: 0.9000, rms radial error=164.897, avgs=0
075/300: dt: 0.9000, rms radial error=163.970, avgs=0
080/300: dt: 0.9000, rms radial error=163.052, avgs=0
085/300: dt: 0.9000, rms radial error=162.139, avgs=0
090/300: dt: 0.9000, rms radial error=161.231, avgs=0
095/300: dt: 0.9000, rms radial error=160.328, avgs=0
100/300: dt: 0.9000, rms radial error=159.429, avgs=0
105/300: dt: 0.9000, rms radial error=158.536, avgs=0
110/300: dt: 0.9000, rms radial error=157.648, avgs=0
115/300: dt: 0.9000, rms radial error=156.765, avgs=0
120/300: dt: 0.9000, rms radial error=155.886, avgs=0
125/300: dt: 0.9000, rms radial error=155.013, avgs=0
130/300: dt: 0.9000, rms radial error=154.144, avgs=0
135/300: dt: 0.9000, rms radial error=153.279, avgs=0
140/300: dt: 0.9000, rms radial error=152.420, avgs=0
145/300: dt: 0.9000, rms radial error=151.565, avgs=0
150/300: dt: 0.9000, rms radial error=150.715, avgs=0
155/300: dt: 0.9000, rms radial error=149.870, avgs=0
160/300: dt: 0.9000, rms radial error=149.030, avgs=0
165/300: dt: 0.9000, rms radial error=148.194, avgs=0
170/300: dt: 0.9000, rms radial error=147.363, avgs=0
175/300: dt: 0.9000, rms radial error=146.537, avgs=0
180/300: dt: 0.9000, rms radial error=145.715, avgs=0
185/300: dt: 0.9000, rms radial error=144.898, avgs=0
190/300: dt: 0.9000, rms radial error=144.085, avgs=0
195/300: dt: 0.9000, rms radial error=143.277, avgs=0
200/300: dt: 0.9000, rms radial error=142.473, avgs=0
205/300: dt: 0.9000, rms radial error=141.674, avgs=0
210/300: dt: 0.9000, rms radial error=140.879, avgs=0
215/300: dt: 0.9000, rms radial error=140.088, avgs=0
220/300: dt: 0.9000, rms radial error=139.302, avgs=0
225/300: dt: 0.9000, rms radial error=138.520, avgs=0
230/300: dt: 0.9000, rms radial error=137.743, avgs=0
235/300: dt: 0.9000, rms radial error=136.969, avgs=0
240/300: dt: 0.9000, rms radial error=136.200, avgs=0
245/300: dt: 0.9000, rms radial error=135.436, avgs=0
250/300: dt: 0.9000, rms radial error=134.675, avgs=0
255/300: dt: 0.9000, rms radial error=133.919, avgs=0
260/300: dt: 0.9000, rms radial error=133.167, avgs=0
265/300: dt: 0.9000, rms radial error=132.419, avgs=0
270/300: dt: 0.9000, rms radial error=131.676, avgs=0
275/300: dt: 0.9000, rms radial error=130.936, avgs=0
280/300: dt: 0.9000, rms radial error=130.201, avgs=0
285/300: dt: 0.9000, rms radial error=129.469, avgs=0
290/300: dt: 0.9000, rms radial error=128.742, avgs=0
295/300: dt: 0.9000, rms radial error=128.019, avgs=0
300/300: dt: 0.9000, rms radial error=127.299, avgs=0

spherical inflation complete.
epoch 1 (K=10.0), pass 1, starting sse = 12246.86
taking momentum steps...
taking momentum steps...
taking momentum steps...
taking momentum steps...
pass 1 complete, delta sse/iter = 0.01/13 = 0.00053
epoch 2 (K=40.0), pass 1, starting sse = 1813.46
taking momentum steps...
taking momentum steps...
taking momentum steps...
taking momentum steps...
pass 1 complete, delta sse/iter = 0.01/13 = 0.00041
epoch 3 (K=160.0), pass 1, starting sse = 141.83
taking momentum steps...
taking momentum steps...
taking momentum steps...
taking momentum steps...
pass 1 complete, delta sse/iter = 0.21/24 = 0.00890
epoch 4 (K=640.0), pass 1, starting sse = 4.67
taking momentum steps...
taking momentum steps...
taking momentum steps...
taking momentum steps...
pass 1 complete, delta sse/iter = 0.26/30 = 0.00859
final distance error %100000.00
writing spherical brain to ../surf/rh.qsphere.nofix
spherical transformation took 0.0209 hours
FSRUNTIME@ mris_sphere  0.0209 hours 16 threads
#VMPC# mris_sphere VmPeak  1775208
mris_sphere done
#@# Fix Topology rh Wed Mar 11 16:19:48 CET 2026

 mris_fix_topology -mgz -sphere qsphere.nofix -inflated inflated.nofix -orig orig.nofix -out orig.premesh -ga -seed 1234 sub-v2s18x29519_ses-1 rh 

reading spherical homeomorphism from 'qsphere.nofix'
reading inflated coordinates from 'inflated.nofix'
reading original coordinates from 'orig.nofix'
using genetic algorithm with optimized parameters
setting seed for random number genererator to 1234

*************************************************************
Topology Correction Parameters
retessellation mode:           genetic search
number of patches/generation : 10
number of generations :        10
surface mri loglikelihood coefficient :         1.0
volume mri loglikelihood coefficient :          10.0
normal dot loglikelihood coefficient :          1.0
quadratic curvature loglikelihood coefficient : 1.0
volume resolution :                             2
eliminate vertices during search :              1
initial patch selection :                       1
select all defect vertices :                    0
ordering dependant retessellation:              0
use precomputed edge table :                    0
smooth retessellated patch :                    2
match retessellated patch :                     1
verbose mode :                                  0

*************************************************************
INFO: assuming .mgz format
writing corrected surface to 'orig.premesh'
7.3.2
  7.3.2
before topology correction, eno=-14 (nv=108956, nf=217940, ne=326910, g=8)
using quasi-homeomorphic spherical map to tessellate cortical surface...

Correction of the Topology
Finding true center and radius of Spherical Surface...done
Surface centered at (0,0,0) with radius 100.0 in 10 iterations
marking ambiguous vertices...
1449 ambiguous faces found in tessellation
segmenting defects...
13 defects found, arbitrating ambiguous regions...
analyzing neighboring defects...
13 defects to be corrected 
0 vertices coincident
reading input surface /out/sourcedata/freesurfer/sub-v2s18x29519_ses-1/surf/rh.qsphere.nofix...
reading brain volume from brain...
reading wm segmentation from wm...
Reading original properties of orig.nofix
Reading vertex positions of inflated.nofix
Computing Initial Surface Statistics
      -face       loglikelihood: -9.5471  (-4.7736)
      -vertex     loglikelihood: -6.3899  (-3.1949)
      -normal dot loglikelihood: -3.6868  (-3.6868)
      -quad curv  loglikelihood: -6.3189  (-3.1595)
      Total Loglikelihood : -25.9427
CORRECTING DEFECT 0 (vertices=368, convex hull=199, v0=37792)
After retessellation of defect 0 (v0=37792), euler #=-10 (108116,324081,215955) : difference with theory (-10) = 0 
CORRECTING DEFECT 1 (vertices=9, convex hull=22, v0=43588)
After retessellation of defect 1 (v0=43588), euler #=-9 (108117,324089,215963) : difference with theory (-9) = 0 
CORRECTING DEFECT 2 (vertices=37, convex hull=24, v0=44556)
After retessellation of defect 2 (v0=44556), euler #=-8 (108121,324109,215980) : difference with theory (-8) = 0 
CORRECTING DEFECT 3 (vertices=14, convex hull=27, v0=52443)
After retessellation of defect 3 (v0=52443), euler #=-7 (108125,324126,215994) : difference with theory (-7) = 0 
CORRECTING DEFECT 4 (vertices=25, convex hull=56, v0=75385)
After retessellation of defect 4 (v0=75385), euler #=-6 (108139,324186,216041) : difference with theory (-6) = 0 
CORRECTING DEFECT 5 (vertices=69, convex hull=34, v0=76125)
After retessellation of defect 5 (v0=76125), euler #=-5 (108148,324224,216071) : difference with theory (-5) = 0 
CORRECTING DEFECT 6 (vertices=15, convex hull=20, v0=79665)
After retessellation of defect 6 (v0=79665), euler #=-4 (108151,324239,216084) : difference with theory (-4) = 0 
CORRECTING DEFECT 7 (vertices=28, convex hull=49, v0=80363)
After retessellation of defect 7 (v0=80363), euler #=-3 (108167,324308,216138) : difference with theory (-3) = 0 
CORRECTING DEFECT 8 (vertices=19, convex hull=47, v0=86337)
After retessellation of defect 8 (v0=86337), euler #=-2 (108178,324357,216177) : difference with theory (-2) = 0 
CORRECTING DEFECT 9 (vertices=42, convex hull=77, v0=87084)
After retessellation of defect 9 (v0=87084), euler #=-1 (108187,324415,216227) : difference with theory (-1) = 0 
CORRECTING DEFECT 10 (vertices=62, convex hull=82, v0=90562)
After retessellation of defect 10 (v0=90562), euler #=0 (108222,324553,216331) : difference with theory (0) = 0 
CORRECTING DEFECT 11 (vertices=167, convex hull=159, v0=92965)
After retessellation of defect 11 (v0=92965), euler #=1 (108237,324674,216438) : difference with theory (1) = 0 
CORRECTING DEFECT 12 (vertices=33, convex hull=77, v0=108365)
After retessellation of defect 12 (v0=108365), euler #=2 (108251,324747,216498) : difference with theory (2) = 0 
computing original vertex metric properties...
storing new metric properties...
computing tessellation statistics...
vertex spacing 0.89 +- 0.23 (0.07-->10.54) (max @ vno 43201 --> 43281)
face area -nan +- -nan (1000.00-->-1.00)
performing soap bubble on retessellated vertices for 0 iterations...
vertex spacing 0.89 +- 0.23 (0.07-->10.54) (max @ vno 43201 --> 43281)
face area -nan +- -nan (1000.00-->-1.00)
tessellation finished, orienting corrected surface...
50 mutations (29.4%), 120 crossovers (70.6%), 149 vertices were eliminated
building final representation...
705 vertices and 0 faces have been removed from triangulation
after topology correction, eno=2 (nv=108251, nf=216498, ne=324747, g=0)
writing corrected surface to /out/sourcedata/freesurfer/sub-v2s18x29519_ses-1/surf/rh.orig.premesh...

0.000 % of the vertices (0 vertices) exhibit an orientation change
removing intersecting faces
000: 73 intersecting
001: 2 intersecting
terminating search with 0 intersecting
topology fixing took 1.0 minutes
FSRUNTIME@ mris_fix_topology rh  0.0164 hours 16 threads
#VMPC# mris_fix_topology VmPeak  1824248

 mris_euler_number ../surf/rh.orig.premesh 

euler # = v-e+f = 2g-2: 108251 - 324747 + 216498 = 2 --> 0 holes
      F =2V-4:          216498 = 216502-4 (0)
      2E=3F:            649494 = 649494 (0)

total defect index = 0
Wed Mar 11 16:20:47 CET 2026

setenv SUBJECTS_DIR /out/sourcedata/freesurfer
cd /out/sourcedata/freesurfer/sub-v2s18x29519_ses-1/scripts
/opt/freesurfer/bin/defect2seg --s sub-v2s18x29519_ses-1 --rh-only --cortex

freesurfer-linux-ubuntu22_x86_64-7.3.2-20220804-6354275
defect2seg 7.3.2
Linux dna013 5.14.0-427.37.1.el9_4.x86_64 #1 SMP PREEMPT_DYNAMIC Fri Sep 13 12:41:50 EDT 2024 x86_64 x86_64 x86_64 GNU/Linux
pid 3786992
mri_label2label --label-cortex /out/sourcedata/freesurfer/sub-v2s18x29519_ses-1/surf/rh.orig.nofix /out/sourcedata/freesurfer/sub-v2s18x29519_ses-1/mri/aseg.presurf.mgz 0 /out/sourcedata/freesurfer/sub-v2s18x29519_ses-1/label/rh.nofix.cortex.label

 Generating cortex label... RemoveHipAmgy=0
 NucAccIsMedialWall=0
 mris->useRealRAS=0
12 non-cortical segments detected
only using segment with 6762 vertices
erasing segment 1 (vno[0] = 45928)
erasing segment 2 (vno[0] = 67604)
erasing segment 3 (vno[0] = 75135)
erasing segment 4 (vno[0] = 77840)
erasing segment 5 (vno[0] = 77865)
erasing segment 6 (vno[0] = 79529)
erasing segment 7 (vno[0] = 80362)
erasing segment 8 (vno[0] = 80378)
erasing segment 9 (vno[0] = 80406)
erasing segment 10 (vno[0] = 91016)
erasing segment 11 (vno[0] = 93503)
mri_label2vol --defects /out/sourcedata/freesurfer/sub-v2s18x29519_ses-1/surf/rh.orig.nofix /out/sourcedata/freesurfer/sub-v2s18x29519_ses-1/surf/rh.defect_labels /out/sourcedata/freesurfer/sub-v2s18x29519_ses-1/mri/orig.mgz 2000 0 /out/sourcedata/freesurfer/sub-v2s18x29519_ses-1/mri/rh.surface.defects.mgz /out/sourcedata/freesurfer/sub-v2s18x29519_ses-1/label/rh.nofix.cortex.label
mri_label2vol supposed to be reproducible but seed not set
Contraining to label /out/sourcedata/freesurfer/sub-v2s18x29519_ses-1/label/rh.nofix.cortex.label
Changing input type 0 to MRI_INT
Converting defects to volume: offset=2000, merge=0
Writing to /out/sourcedata/freesurfer/sub-v2s18x29519_ses-1/mri/rh.surface.defects.mgz
mris_defects_pointset -s /out/sourcedata/freesurfer/sub-v2s18x29519_ses-1/surf/rh.orig.nofix -d /out/sourcedata/freesurfer/sub-v2s18x29519_ses-1/surf/rh.defect_labels -o /out/sourcedata/freesurfer/sub-v2s18x29519_ses-1/surf/rh.defects.pointset --label /out/sourcedata/freesurfer/sub-v2s18x29519_ses-1/label/rh.nofix.cortex.label
Reading in surface /out/sourcedata/freesurfer/sub-v2s18x29519_ses-1/surf/rh.orig.nofix
Reading in defect segmentation /out/sourcedata/freesurfer/sub-v2s18x29519_ses-1/surf/rh.defect_labels
Reading in label /out/sourcedata/freesurfer/sub-v2s18x29519_ses-1/label/rh.nofix.cortex.label
#VMPC# mris_defects_pointset 1344172
mris_defects_pointset done
 
Started at Wed Mar 11 16:20:47 CET 2026 
Ended   at Wed Mar 11 16:21:01 CET 2026
Defect2seg-Run-Time-Sec 14
Defect2seg-Run-Time-Min 0.28
Defect2seg-Run-Time-Hours 0.00
 
tkmeditfv sub-v2s18x29519_ses-1 brain.finalsurfs.mgz -defect
defect2seg Done

 mris_remesh --remesh --iters 3 --input /out/sourcedata/freesurfer/sub-v2s18x29519_ses-1/surf/rh.orig.premesh --output /out/sourcedata/freesurfer/sub-v2s18x29519_ses-1/surf/rh.orig 

iters = 3
standard remeshing without target
   adjusted l: 0.711134
remeshing to edge length 0.711134 with 3 iterations

avg qual before   : 0.892197  after: 0.971261

Removing intersections
Remeshed surface quality stats nv0 = 108251  nv = 113008  1.04394
Area    226012  0.30323  0.03378 0.070900   0.4856
Corner  678036 60.00000  8.79152 15.147043 149.3224
Edge    339018  0.84477  0.08235 0.471561   1.2285
Hinge   339018  9.45767 10.06355 0.000010 121.2451
mris_remesh done
/out/sourcedata/freesurfer/sub-v2s18x29519_ses-1/scripts

 mris_remove_intersection ../surf/rh.orig ../surf/rh.orig 

intersection removal took 0.00 hours
writing corrected surface to ../surf/rh.orig

 rm -f ../surf/rh.inflated 

#--------------------------------------------
#@# AutoDetGWStats rh Wed Mar 11 16:21:26 CET 2026
cd /out/sourcedata/freesurfer/sub-v2s18x29519_ses-1/mri
mris_autodet_gwstats --o ../surf/autodet.gw.stats.rh.dat --i brain.finalsurfs.mgz --wm wm.mgz --surf ../surf/rh.orig.premesh
7.3.2

cd /out/sourcedata/freesurfer/sub-v2s18x29519_ses-1/mri
setenv SUBJECTS_DIR /out/sourcedata/freesurfer
mris_autodet_gwstats --o ../surf/autodet.gw.stats.rh.dat --i brain.finalsurfs.mgz --wm wm.mgz --surf ../surf/rh.orig.premesh 

border white:    194980 voxels (1.16%)
border gray      222328 voxels (1.33%)
Reading in intensity volume brain.finalsurfs.mgz
Reading in wm volume wm.mgz
Reading in surf ../surf/rh.orig.premesh
Auto detecting stats
MRIclipBrightWM(): nthresh=16029, wmmin=5, clip=110 
Binarizing thresholding at 5
computing class statistics... low=30, hi=110.000000
CCS WM (100.0): 99.1 +- 8.7 [70.0 --> 110.0]
CCS GM (71.0) : 71.1 +- 9.7 [30.0 --> 110.0]
white_mean = 99.0941 +/- 8.71257, gray_mean = 71.0733 +/- 9.70742
using class modes intead of means, discounting robust sigmas....
MRIScomputeClassModes(): min=0 max=214 nbins=215
intensity peaks found at WM=104+-5.2,    GM=66+-7.8
white_mode = 104, gray_mode = 66
std_scale = 1
Applying sanity checks, max_scale_down = 0.2
setting MIN_GRAY_AT_WHITE_BORDER to 56.3 (was 70.000000)
setting MAX_BORDER_WHITE to 112.7 (was 105.000000)
setting MIN_BORDER_WHITE to 66.0 (was 85.000000)
setting MAX_CSF to 46.6 (was 40.000000)
setting MAX_GRAY to 95.3 (was 95.000000)
setting MAX_GRAY_AT_CSF_BORDER to 56.3 (was 75.000000)
setting MIN_GRAY_AT_CSF_BORDER to 36.9 (was 40.000000)
When placing the white surface
  white_border_hi   = 112.713;
  white_border_low  = 66;
  white_outside_low = 56.2926;
  white_inside_hi   = 120;
  white_outside_hi  = 112.713;
When placing the pial surface
  pial_border_hi   = 56.2926;
  pial_border_low  = 36.8778;
  pial_outside_low = 10;
  pial_inside_hi   = 95.2874;
  pial_outside_hi  = 51.4389;
#VMPC# mris_autodet_gwstats VmPeak  1311532
mris_autodet_gwstats done
#--------------------------------------------
#@# WhitePreAparc rh Wed Mar 11 16:21:29 CET 2026
cd /out/sourcedata/freesurfer/sub-v2s18x29519_ses-1/mri
mris_place_surface --adgws-in ../surf/autodet.gw.stats.rh.dat --wm wm.mgz --threads 16 --invol brain.finalsurfs.mgz --rh --i ../surf/rh.orig --o ../surf/rh.white.preaparc --white --seg aseg.presurf.mgz --nsmooth 5
7.3.2
7.3.2

cd /out/sourcedata/freesurfer/sub-v2s18x29519_ses-1/mri
setenv SUBJECTS_DIR /out/sourcedata/freesurfer
mris_place_surface --adgws-in ../surf/autodet.gw.stats.rh.dat --wm wm.mgz --threads 16 --invol brain.finalsurfs.mgz --rh --i ../surf/rh.orig --o ../surf/rh.white.preaparc --white --seg aseg.presurf.mgz --nsmooth 5 

Reading in input surface ../surf/rh.orig
Smoothing surface before ripping with 5 iterations
Area    226012  0.26772  0.06303 0.012115   0.5552
Corner  678036 60.00000  9.62603 15.670475 137.6973
Edge    339018  0.79038  0.11427 0.162591   1.3186
Hinge   339018  6.41327  6.48732 0.000012 124.9613
Not reading in aparc
Reading in input volume brain.finalsurfs.mgz
Reading in wm volume wm.mgz
MRIclipBrightWM(): nthresh=16029, wmmin=5, clip=110 
MRIfindBrightNonWM(): 33 bright non-wm voxels segmented.
Masking bright non-wm for white surface
MRImask(): AllowDiffGeom = 1
MRImask(): AllowDiffGeom = 1
Reading in seg volume aseg.presurf.mgz
Ripping frozen voxels
INFO: rip surface needed but not specified, so using input surface
Freezing midline and others
Entering: MRISripMidline(): inhibiting deformation at non-cortical midline structures...
  which=1, fix_mtl=0, using annot = 0
#FML0# MRISripMidline(): nripped=0
removing 2 vertices from ripped group in thread:0
removing 4 vertices from ripped group in thread:0
#FML# MRISripMidline(): nmarked=5849, nmarked2=2, nripped=5849
Ripping segs (eg, WMSA, BG, frozen)
Starting MRISripSegs() d = (-2 2 0.5) segnos: 247 
MRISripSegs(): -2 2 0.5 ripped 0
vertex 56504: xyz = (31.5781,-10.6518,-2.49571) oxyz = (31.5781,-10.6518,-2.49571) wxzy = (31.5781,-10.6518,-2.49571) pxyz = (0,0,0) 
CBVO Creating mask 113008
n_averages 4
Iteration 0 =========================================
n_averages=4, current_sigma=2
Freezing midline and others
Ripping frozen voxels
INFO: rip surface needed but not specified, so using input surface
Freezing midline and others
Entering: MRISripMidline(): inhibiting deformation at non-cortical midline structures...
  which=1, fix_mtl=0, using annot = 0
#FML0# MRISripMidline(): nripped=5849
removing 2 vertices from ripped group in thread:0
removing 4 vertices from ripped group in thread:0
#FML# MRISripMidline(): nmarked=5849, nmarked2=2, nripped=5849
Ripping segs (eg, WMSA, BG, frozen)
Starting MRISripSegs() d = (-2 2 0.5) segnos: 247 247 
MRISripSegs(): -2 2 0.5 ripped 0
Computing target border values 
Entering MRIScomputeBorderValues_new(): 
  inside_hi   = 120.0000000;
  border_hi   = 112.7125700;
  border_low  =  66.0000000;
  outside_low =  56.2925830;
  outside_hi  = 112.7125700;
  sigma = 2;
  max_thickness = 10;
  step_size=0.5;
  STEP_SIZE=0.1;
  which = 1
  thresh = 0
  flags = 0
  CBVfindFirstPeakD1=0
  CBVfindFirstPeakD2=0
  nvertices=113008
  Gdiag_no=-1
  vno start=0, stop=113008
Replacing 255s with 0s
#SI# sigma=2 had to be increased for 29 vertices, nripped=5849
mean border=79.3, 5 (5) missing vertices, mean dist 0.3 [0.5 (%37.2)->0.8 (%62.8))]
%75 local maxima, %19 large gradients and % 0 min vals, 0 gradients ignored
nFirstPeakD1 0
MRIScomputeBorderValues_new() finished in 0.0115 min


Finding expansion regions
mean absolute distance = 0.67 +- 0.79
3804 vertices more than 2 sigmas from mean.
Averaging target values for 5 iterations...
Positioning Surface: tspring = 0.3, nspring = 0.3, spring = 0, niters = 100 l_repulse = 5, l_surf_repulse = 0, checktol = 0
Positioning pial surface
Entering MRISpositionSurface()
  max_mm = 0.3
  MAX_REDUCTIONS = 2, REDUCTION_PCT = 0.5
  parms->check_tol = 0, niterations = 100
tol=1.0e-04, sigma=2.0, host=dna01, nav=4, nbrs=2, l_repulse=5.000, l_tspring=0.300, l_nspring=0.300, l_intensity=0.200, l_curv=1.000
mom=0.00, dt=0.50
complete_dist_mat 0
rms 0
smooth_averages 0
remove_neg 0
ico_order 0
which_surface 0
target_radius 0.000000
nfields 0
scale 0.000000
desired_rms_height 0.000000
momentum 0.000000
nbhd_size 0
max_nbrs 0
niterations 100
nsurfaces 0
SURFACES 3
flags 0 (0)
use curv 0
no sulc 0
no rigid align 0
mris->nsize 2
mris->hemisphere 1
randomSeed 0

000: dt: 0.0000, sse=3031029.5, rms=11.648
001: dt: 0.5000, sse=1633592.9, rms=8.403 (27.856%)
002: dt: 0.5000, sse=1015691.6, rms=6.467 (23.044%)
003: dt: 0.5000, sse=698714.1, rms=5.197 (19.633%)
004: dt: 0.5000, sse=531447.8, rms=4.378 (15.757%)
005: dt: 0.5000, sse=443260.8, rms=3.870 (11.606%)
006: dt: 0.5000, sse=401009.6, rms=3.603 (6.896%)
007: dt: 0.5000, sse=379637.7, rms=3.458 (4.038%)
008: dt: 0.5000, sse=370441.4, rms=3.389 (1.983%)
rms = 3.3516/3.3893, sse=365634.1/370441.4, time step reduction 1 of 3 to 0.250  0 0 1
009: dt: 0.5000, sse=365634.2, rms=3.352 (1.111%)
010: dt: 0.2500, sse=198172.0, rms=1.819 (45.732%)
011: dt: 0.2500, sse=171349.6, rms=1.432 (21.275%)
012: dt: 0.2500, sse=164899.6, rms=1.317 (8.024%)
013: dt: 0.2500, sse=161386.2, rms=1.250 (5.087%)
rms = 1.2166/1.2500, sse=159859.6/161386.2, time step reduction 2 of 3 to 0.125  0 0 1
014: dt: 0.2500, sse=159859.6, rms=1.217 (2.670%)
015: dt: 0.1250, sse=156222.8, rms=1.145 (5.894%)
rms = 1.1318/1.1449, sse=155683.4/156222.8, time step reduction 3 of 3 to 0.062  0 0 1
016: dt: 0.1250, sse=155683.5, rms=1.132 (1.142%)
  maximum number of reductions reached, breaking from loop
positioning took 1.2 minutes
Iteration 1 =========================================
n_averages=2, current_sigma=1
Freezing midline and others
Ripping frozen voxels
INFO: rip surface needed but not specified, so using input surface
Freezing midline and others
Entering: MRISripMidline(): inhibiting deformation at non-cortical midline structures...
  which=1, fix_mtl=0, using annot = 0
#FML0# MRISripMidline(): nripped=5849
removing 3 vertices from ripped group in thread:0
removing 4 vertices from ripped group in thread:0
removing 2 vertices from ripped group in thread:0
removing 3 vertices from ripped group in thread:0
removing 4 vertices from ripped group in thread:0
removing 2 vertices from ripped group in thread:0
removing 4 vertices from ripped group in thread:0
#FML# MRISripMidline(): nmarked=5893, nmarked2=1, nripped=5893
Ripping segs (eg, WMSA, BG, frozen)
Starting MRISripSegs() d = (-2 2 0.5) segnos: 247 247 247 
MRISripSegs(): -2 2 0.5 ripped 0
Computing target border values 
Entering MRIScomputeBorderValues_new(): 
  inside_hi   = 120.0000000;
  border_hi   = 112.7125700;
  border_low  =  66.0000000;
  outside_low =  56.2925830;
  outside_hi  = 112.7125700;
  sigma = 1;
  max_thickness = 10;
  step_size=0.5;
  STEP_SIZE=0.1;
  which = 1
  thresh = 0
  flags = 0
  CBVfindFirstPeakD1=0
  CBVfindFirstPeakD2=0
  nvertices=113008
  Gdiag_no=-1
  vno start=0, stop=113008
Replacing 255s with 0s
#SI# sigma=1 had to be increased for 32 vertices, nripped=5893
mean border=82.9, 26 (0) missing vertices, mean dist -0.2 [0.3 (%79.2)->0.3 (%20.8))]
%84 local maxima, %10 large gradients and % 0 min vals, 0 gradients ignored
nFirstPeakD1 0
MRIScomputeBorderValues_new() finished in 0.0112 min


Finding expansion regions
mean absolute distance = 0.31 +- 0.45
2852 vertices more than 2 sigmas from mean.
Averaging target values for 5 iterations...
Positioning Surface: tspring = 0.3, nspring = 0.3, spring = 0, niters = 100 l_repulse = 5, l_surf_repulse = 0, checktol = 0
Positioning pial surface
Entering MRISpositionSurface()
  max_mm = 0.3
  MAX_REDUCTIONS = 2, REDUCTION_PCT = 0.5
  parms->check_tol = 0, niterations = 100
tol=1.0e-04, sigma=1.0, host=dna01, nav=2, nbrs=2, l_repulse=5.000, l_tspring=0.300, l_nspring=0.300, l_intensity=0.200, l_curv=1.000
mom=0.00, dt=0.50
000: dt: 0.0000, sse=742930.9, rms=5.176
017: dt: 0.5000, sse=396755.9, rms=3.264 (36.950%)
rms = 3.2810/3.2637, sse=398104.1/396755.9, time step reduction 1 of 3 to 0.250  0 1 1
   RMS increased, rejecting step
018: dt: 0.2500, sse=294371.4, rms=2.424 (25.726%)
019: dt: 0.2500, sse=231397.8, rms=1.714 (29.299%)
020: dt: 0.2500, sse=208394.7, rms=1.361 (20.560%)
021: dt: 0.2500, sse=199456.3, rms=1.190 (12.561%)
022: dt: 0.2500, sse=194321.9, rms=1.094 (8.130%)
023: dt: 0.2500, sse=192198.8, rms=1.042 (4.700%)
rms = 1.0166/1.0423, sse=191192.1/192198.8, time step reduction 2 of 3 to 0.125  0 0 1
024: dt: 0.2500, sse=191192.1, rms=1.017 (2.467%)
rms = 0.9680/1.0166, sse=189173.5/191192.1, time step reduction 3 of 3 to 0.062  0 0 1
025: dt: 0.1250, sse=189173.5, rms=0.968 (4.774%)
  maximum number of reductions reached, breaking from loop
positioning took 0.7 minutes
Iteration 2 =========================================
n_averages=1, current_sigma=0.5
Freezing midline and others
Ripping frozen voxels
INFO: rip surface needed but not specified, so using input surface
Freezing midline and others
Entering: MRISripMidline(): inhibiting deformation at non-cortical midline structures...
  which=1, fix_mtl=0, using annot = 0
#FML0# MRISripMidline(): nripped=5893
removing 4 vertices from ripped group in thread:0
removing 2 vertices from ripped group in thread:0
removing 2 vertices from ripped group in thread:0
#FML# MRISripMidline(): nmarked=5962, nmarked2=1, nripped=5962
Ripping segs (eg, WMSA, BG, frozen)
Starting MRISripSegs() d = (-2 2 0.5) segnos: 247 247 247 247 
MRISripSegs(): -2 2 0.5 ripped 0
Computing target border values 
Entering MRIScomputeBorderValues_new(): 
  inside_hi   = 120.0000000;
  border_hi   = 112.7125700;
  border_low  =  66.0000000;
  outside_low =  56.2925830;
  outside_hi  = 112.7125700;
  sigma = 0.5;
  max_thickness = 10;
  step_size=0.5;
  STEP_SIZE=0.1;
  which = 1
  thresh = 0
  flags = 0
  CBVfindFirstPeakD1=0
  CBVfindFirstPeakD2=0
  nvertices=113008
  Gdiag_no=-1
  vno start=0, stop=113008
Replacing 255s with 0s
#SI# sigma=0.5 had to be increased for 34 vertices, nripped=5962
mean border=85.1, 16 (0) missing vertices, mean dist -0.1 [0.2 (%73.8)->0.2 (%26.2))]
%89 local maxima, % 6 large gradients and % 0 min vals, 0 gradients ignored
nFirstPeakD1 0
MRIScomputeBorderValues_new() finished in 0.0069 min


Finding expansion regions
mean absolute distance = 0.21 +- 0.33
2625 vertices more than 2 sigmas from mean.
Averaging target values for 5 iterations...
Positioning Surface: tspring = 0.3, nspring = 0.3, spring = 0, niters = 100 l_repulse = 5, l_surf_repulse = 0, checktol = 0
Positioning pial surface
Entering MRISpositionSurface()
  max_mm = 0.3
  MAX_REDUCTIONS = 2, REDUCTION_PCT = 0.5
  parms->check_tol = 0, niterations = 100
tol=1.0e-04, sigma=0.5, host=dna01, nav=1, nbrs=2, l_repulse=5.000, l_tspring=0.300, l_nspring=0.300, l_intensity=0.200, l_curv=1.000
mom=0.00, dt=0.50
000: dt: 0.0000, sse=365809.5, rms=3.064
026: dt: 0.5000, sse=329021.6, rms=2.752 (10.212%)
rms = 3.0818/2.7515, sse=367516.6/329021.6, time step reduction 1 of 3 to 0.250  0 1 1
   RMS increased, rejecting step
027: dt: 0.2500, sse=229008.8, rms=1.717 (37.582%)
028: dt: 0.2500, sse=194423.9, rms=1.167 (32.046%)
029: dt: 0.2500, sse=185861.8, rms=0.986 (15.476%)
030: dt: 0.2500, sse=183658.3, rms=0.934 (5.274%)
rms = 0.9174/0.9344, sse=182888.6/183658.3, time step reduction 2 of 3 to 0.125  0 0 1
031: dt: 0.2500, sse=182888.6, rms=0.917 (1.822%)
032: dt: 0.1250, sse=180784.1, rms=0.862 (6.065%)
rms = 0.8605/0.8618, sse=180736.4/180784.1, time step reduction 3 of 3 to 0.062  0 0 1
033: dt: 0.1250, sse=180736.4, rms=0.861 (0.146%)
  maximum number of reductions reached, breaking from loop
positioning took 0.6 minutes
Iteration 3 =========================================
n_averages=0, current_sigma=0.25
Freezing midline and others
Ripping frozen voxels
INFO: rip surface needed but not specified, so using input surface
Freezing midline and others
Entering: MRISripMidline(): inhibiting deformation at non-cortical midline structures...
  which=1, fix_mtl=0, using annot = 0
#FML0# MRISripMidline(): nripped=5962
removing 2 vertices from ripped group in thread:0
removing 4 vertices from ripped group in thread:0
removing 2 vertices from ripped group in thread:0
removing 2 vertices from ripped group in thread:0
removing 2 vertices from ripped group in thread:0
removing 2 vertices from ripped group in thread:0
removing 4 vertices from ripped group in thread:0
removing 2 vertices from ripped group in thread:0
#FML# MRISripMidline(): nmarked=5969, nmarked2=1, nripped=5969
Ripping segs (eg, WMSA, BG, frozen)
Starting MRISripSegs() d = (-2 2 0.5) segnos: 247 247 247 247 247 
MRISripSegs(): -2 2 0.5 ripped 0
Computing target border values 
Entering MRIScomputeBorderValues_new(): 
  inside_hi   = 120.0000000;
  border_hi   = 112.7125700;
  border_low  =  66.0000000;
  outside_low =  56.2925830;
  outside_hi  = 112.7125700;
  sigma = 0.25;
  max_thickness = 10;
  step_size=0.5;
  STEP_SIZE=0.1;
  which = 1
  thresh = 0
  flags = 0
  CBVfindFirstPeakD1=0
  CBVfindFirstPeakD2=0
  nvertices=113008
  Gdiag_no=-1
  vno start=0, stop=113008
Replacing 255s with 0s
#SI# sigma=0.25 had to be increased for 34 vertices, nripped=5969
mean border=85.9, 35 (0) missing vertices, mean dist -0.0 [0.2 (%57.6)->0.2 (%42.4))]
%90 local maxima, % 5 large gradients and % 0 min vals, 0 gradients ignored
nFirstPeakD1 0
MRIScomputeBorderValues_new() finished in 0.0030 min


Finding expansion regions
mean absolute distance = 0.17 +- 0.27
2538 vertices more than 2 sigmas from mean.
Averaging target values for 5 iterations...
Positioning Surface: tspring = 0.3, nspring = 0.3, spring = 0, niters = 100 l_repulse = 5, l_surf_repulse = 0, checktol = 0
Positioning pial surface
Entering MRISpositionSurface()
  max_mm = 0.3
  MAX_REDUCTIONS = 2, REDUCTION_PCT = 0.5
  parms->check_tol = 0, niterations = 100
tol=1.0e-04, sigma=0.2, host=dna01, nav=0, nbrs=2, l_repulse=5.000, l_tspring=0.300, l_nspring=0.300, l_intensity=0.200, l_curv=1.000
mom=0.00, dt=0.50
000: dt: 0.0000, sse=198956.1, rms=1.302
rms = 1.5712/1.3024, sse=217920.6/198956.1, time step reduction 1 of 3 to 0.250  0 1 1
   RMS increased, rejecting step
034: dt: 0.2500, sse=178150.1, rms=0.841 (35.417%)
035: dt: 0.2500, sse=172226.6, rms=0.636 (24.335%)
rms = 0.6413/0.6364, sse=172164.8/172226.6, time step reduction 2 of 3 to 0.125  0 0 1
   RMS increased, rejecting step
rms = 0.6331/0.6364, sse=172091.0/172226.6, time step reduction 3 of 3 to 0.062  0 0 1
036: dt: 0.1250, sse=172091.0, rms=0.633 (0.529%)
  maximum number of reductions reached, breaking from loop
positioning took 0.3 minutes


Writing output to ../surf/rh.white.preaparc
#ET# mris_place_surface  2.85 minutes
#VMPC# mris_place_surfaces VmPeak  2973724
mris_place_surface done
#--------------------------------------------
#@# CortexLabel rh Wed Mar 11 16:24:25 CET 2026
cd /out/sourcedata/freesurfer/sub-v2s18x29519_ses-1/mri
mri_label2label --label-cortex ../surf/rh.white.preaparc aseg.presurf.mgz 0 ../label/rh.cortex.label

 Generating cortex label... RemoveHipAmgy=0
 NucAccIsMedialWall=0
 mris->useRealRAS=0
4 non-cortical segments detected
only using segment with 7215 vertices
erasing segment 1 (vno[0] = 57729)
erasing segment 2 (vno[0] = 66615)
erasing segment 3 (vno[0] = 72122)
#--------------------------------------------
#@# CortexLabel+HipAmyg rh Wed Mar 11 16:24:37 CET 2026
cd /out/sourcedata/freesurfer/sub-v2s18x29519_ses-1/mri
mri_label2label --label-cortex ../surf/rh.white.preaparc aseg.presurf.mgz 1 ../label/rh.cortex+hipamyg.label

 Generating cortex label... RemoveHipAmgy=1
 NucAccIsMedialWall=0
 mris->useRealRAS=0
15 non-cortical segments detected
only using segment with 4753 vertices
erasing segment 1 (vno[0] = 35234)
erasing segment 2 (vno[0] = 37180)
erasing segment 3 (vno[0] = 38115)
erasing segment 4 (vno[0] = 40150)
erasing segment 5 (vno[0] = 53038)
erasing segment 6 (vno[0] = 57729)
erasing segment 7 (vno[0] = 59337)
erasing segment 8 (vno[0] = 61714)
erasing segment 9 (vno[0] = 62583)
erasing segment 10 (vno[0] = 63466)
erasing segment 11 (vno[0] = 65836)
erasing segment 12 (vno[0] = 66615)
erasing segment 13 (vno[0] = 72122)
erasing segment 14 (vno[0] = 93036)
#--------------------------------------------
#@# Smooth2 rh Wed Mar 11 16:24:49 CET 2026
/out/sourcedata/freesurfer/sub-v2s18x29519_ses-1/scripts

 mris_smooth -n 3 -nw -seed 1234 ../surf/rh.white.preaparc ../surf/rh.smoothwm 

smoothing for 3 iterations
setting seed for random number generator to 1234
smoothing surface tessellation for 3 iterations...
smoothing complete - recomputing first and second fundamental forms...
#--------------------------------------------
#@# Inflation2 rh Wed Mar 11 16:24:52 CET 2026
/out/sourcedata/freesurfer/sub-v2s18x29519_ses-1/scripts

 mris_inflate ../surf/rh.smoothwm ../surf/rh.inflated 

Reading ../surf/rh.smoothwm
avg radius = 42.4 mm, total surface area = 69963 mm^2
step 000: RMS=0.169 (target=0.015)   step 005: RMS=0.115 (target=0.015)   step 010: RMS=0.083 (target=0.015)   step 015: RMS=0.069 (target=0.015)   step 020: RMS=0.057 (target=0.015)   step 025: RMS=0.047 (target=0.015)   step 030: RMS=0.038 (target=0.015)   step 035: RMS=0.032 (target=0.015)   step 040: RMS=0.027 (target=0.015)   step 045: RMS=0.024 (target=0.015)   step 050: RMS=0.021 (target=0.015)   step 055: RMS=0.019 (target=0.015)   step 060: RMS=0.018 (target=0.015)   writing inflated surface to ../surf/rh.inflated
writing sulcal depths to ../surf/rh.sulc

inflation complete.
inflation took 0.3 minutes
mris_inflate utimesec    110.505138
mris_inflate stimesec    0.970446
mris_inflate ru_maxrss   174704
mris_inflate ru_ixrss    0
mris_inflate ru_idrss    0
mris_inflate ru_isrss    0
mris_inflate ru_minflt   291894
mris_inflate ru_majflt   9
mris_inflate ru_nswap    0
mris_inflate ru_inblock  0
mris_inflate ru_oublock  8840
mris_inflate ru_msgsnd   0
mris_inflate ru_msgrcv   0
mris_inflate ru_nsignals 0
mris_inflate ru_nvcsw    14528
mris_inflate ru_nivcsw   706
#--------------------------------------------
#@# Curv .H and .K rh Wed Mar 11 16:25:07 CET 2026
/out/sourcedata/freesurfer/sub-v2s18x29519_ses-1/surf

 mris_curvature -w -seed 1234 rh.white.preaparc 

setting seed for random number generator to 1234
total integrated curvature = 9.056*4pi (113.806) --> -8 handles
ICI = 106.0, FI = 1164.8, variation=18020.112
writing Gaussian curvature to ./rh.white.preaparc.K...done.
writing mean curvature to ./rh.white.preaparc.H...done.
rm -f rh.white.H
ln -s rh.white.preaparc.H rh.white.H
rm -f rh.white.K
ln -s rh.white.preaparc.K rh.white.K

 mris_curvature -seed 1234 -thresh .999 -n -a 5 -w -distances 10 10 rh.inflated 

setting seed for random number generator to 1234
normalizing curvature values.
averaging curvature patterns 5 times.
sampling 10 neighbors out to a distance of 10 mm
197 vertices thresholded to be in k1 ~ [-0.20 0.32], k2 ~ [-0.13 0.06]
total integrated curvature = 0.685*4pi (8.609) --> 0 handles
ICI = 1.4, FI = 7.1, variation=127.380
113 vertices thresholded to be in [-0.01 0.02]
writing Gaussian curvature to ./rh.inflated.K...thresholding curvature at 99.90% level
curvature mean = 0.000, std = 0.001
145 vertices thresholded to be in [-0.14 0.16]
done.
writing mean curvature to ./rh.inflated.H...curvature mean = -0.017, std = 0.021
done.
#--------------------------------------------
#@# Sphere rh Wed Mar 11 16:25:45 CET 2026
/out/sourcedata/freesurfer/sub-v2s18x29519_ses-1/scripts

 mris_sphere -seed 1234 ../surf/rh.inflated ../surf/rh.sphere 

setting seed for random number genererator to 1234
version: 7.3.2
available threads: 16
reading original vertex positions...
projecting onto sphere...
surface projected - minimizing metric distortion...
scaling brain by 0.313...
MRISunfold() max_passes = 1 -------
tol=5.0e-01, sigma=0.0, host=dna01, nav=1024, nbrs=2, l_area=1.000, l_dist=1.000
using quadratic fit line minimization
complete_dist_mat 0
rms 0
smooth_averages 0
remove_neg 0
ico_order 0
which_surface 0
target_radius 0.000000
nfields 0
scale 1.000000
desired_rms_height -1.000000
momentum 0.900000
nbhd_size 7
max_nbrs 8
niterations 25
nsurfaces 0
SURFACES 3
flags 0 (0)
use curv 0
no sulc 0
no rigid align 0
mris->nsize 2
mris->hemisphere 1
randomSeed 1234

--------------------
  mrisRemoveNegativeArea()
pass 1: epoch 1 of 3 starting distance error %42.07
pass 1: epoch 2 of 3 starting distance error %19.64
unfolding complete - removing small folds...
starting distance error %19.64
removing remaining folds...
final distance error %19.64
MRISunfold() return, current seed 1234
-01: dt=0.0000,  85 negative triangles  VmPeak 1556744
051: dt=0.9900,  85 negative triangles
052: dt=0.9900,  17 negative triangles
053: dt=0.9900,   9 negative triangles
054: dt=0.9900,   9 negative triangles
055: dt=0.9900,   7 negative triangles
056: dt=0.9900,   6 negative triangles
057: dt=0.9900,   5 negative triangles
058: dt=0.9900,   2 negative triangles
059: dt=0.9900,   1 negative triangles
060: dt=0.9900,   1 negative triangles
writing spherical brain to ../surf/rh.sphere
spherical transformation took 0.0203 hours
FSRUNTIME@ mris_sphere  0.0203 hours 16 threads
#VMPC# mris_sphere VmPeak  1556744
mris_sphere done
#--------------------------------------------
#@# Surf Reg rh Wed Mar 11 16:26:58 CET 2026
/out/sourcedata/freesurfer/sub-v2s18x29519_ses-1/scripts

 mris_register -curv ../surf/rh.sphere /opt/freesurfer/average/rh.folding.atlas.acfb40.noaparc.i12.2016-08-02.tif ../surf/rh.sphere.reg 

using smoothwm curvature for final alignment

cwd /out/sourcedata/freesurfer/sub-v2s18x29519_ses-1/scripts
cmdline mris_register -curv ../surf/rh.sphere /opt/freesurfer/average/rh.folding.atlas.acfb40.noaparc.i12.2016-08-02.tif ../surf/rh.sphere.reg 

0 inflated.H
1 sulc
2 smoothwm (computed)
7.3.2
  7.3.2
reading surface from ../surf/rh.sphere...
reading template parameterization from /opt/freesurfer/average/rh.folding.atlas.acfb40.noaparc.i12.2016-08-02.tif...
MRISregister() -------
max_passes = 4 
min_degrees = 0.500000 
max_degrees = 64.000000 
nangles = 8 
tol=5.0e-01, sigma=0.0, host=dna01, nav=1024, nbrs=1, l_extern=10000.000, l_parea=0.200, l_nlarea=1.000, l_corr=1.000, l_dist=5.000
using quadratic fit line minimization
complete_dist_mat 0
rms 0
smooth_averages 0
remove_neg 0
ico_order 0
which_surface 0
target_radius 0.000000
nfields 0
scale 0.000000
desired_rms_height -1.000000
momentum 0.950000
nbhd_size -10
max_nbrs 10
niterations 25
nsurfaces 0
SURFACES 3
flags 16 (10)
use curv 16
no sulc 0
no rigid align 0
mris->nsize 1
mris->hemisphere 1
randomSeed 0

tol=5.0e-01, sigma=0.0, host=dna01, nav=1024, nbrs=1, l_extern=10000.000, l_parea=0.200, l_nlarea=1.000, l_corr=1.000, l_dist=5.000
using quadratic fit line minimization
--------------------
1 Reading rh.sulc
tol=1.0e+00, sigma=0.5, host=dna01, nav=1024, nbrs=1, l_extern=10000.000, l_parea=0.200, l_nlarea=1.000, l_corr=0.050, l_spring=0.500, l_dist=5.000
using quadratic fit line minimization
curvature mean = 0.000, std = 5.566
curvature mean = 0.035, std = 0.810
curvature mean = 0.013, std = 0.876
Starting MRISrigidBodyAlignGlobal()
Starting new MRISrigidBodyAlignGlobal_findMinSSE()
  new MRISrigidBodyAlignGlobal_findMinSSE min @ (9.50, -11.50, 6.50) sse = 213369.4, elapsed since starting=0.0957 min
MRISrigidBodyAlignGlobal() done   0.10 min
curvature mean = 0.021, std = 0.840
curvature mean = 0.005, std = 0.956
curvature mean = 0.021, std = 0.852
curvature mean = 0.002, std = 0.983
curvature mean = 0.020, std = 0.855
curvature mean = 0.000, std = 0.994
2 Reading smoothwm
curvature mean = -0.019, std = 0.266
curvature mean = 0.040, std = 0.244
curvature mean = 0.057, std = 0.408
curvature mean = 0.036, std = 0.303
curvature mean = 0.026, std = 0.612
curvature mean = 0.035, std = 0.330
curvature mean = 0.012, std = 0.745
curvature mean = 0.035, std = 0.342
curvature mean = 0.003, std = 0.841
MRISregister() return, current seed 0
writing registered surface to ../surf/rh.sphere.reg...
-01: dt=0.0000,   0 negative triangles  VmPeak 1893124
registration took 0.05 hours
#VMPC# mris_register VmPeak  1893124
FSRUNTIME@ mris_register  0.0499 hours 16 threads

 ln -sf rh.sphere.reg rh.fsaverage.sphere.reg 

#--------------------------------------------
#@# Jacobian white rh Wed Mar 11 16:29:57 CET 2026
/out/sourcedata/freesurfer/sub-v2s18x29519_ses-1/scripts

 mris_jacobian ../surf/rh.white.preaparc ../surf/rh.sphere.reg ../surf/rh.jacobian_white 

reading surface from ../surf/rh.white.preaparc...
writing curvature file ../surf/rh.jacobian_white
#--------------------------------------------
#@# AvgCurv rh Wed Mar 11 16:29:58 CET 2026
/out/sourcedata/freesurfer/sub-v2s18x29519_ses-1/scripts

 mrisp_paint -a 5 /opt/freesurfer/average/rh.folding.atlas.acfb40.noaparc.i12.2016-08-02.tif#6 ../surf/rh.sphere.reg ../surf/rh.avg_curv 

averaging curvature patterns 5 times...
reading surface from ../surf/rh.sphere.reg...
reading template parameterization from /opt/freesurfer/average/rh.folding.atlas.acfb40.noaparc.i12.2016-08-02.tif...
writing curvature file to ../surf/rh.avg_curv...
#-----------------------------------------
#@# Cortical Parc rh Wed Mar 11 16:29:59 CET 2026
/out/sourcedata/freesurfer/sub-v2s18x29519_ses-1/scripts

 mris_ca_label -l ../label/rh.cortex.label -aseg ../mri/aseg.presurf.mgz -seed 1234 sub-v2s18x29519_ses-1 rh ../surf/rh.sphere.reg /opt/freesurfer/average/rh.DKaparc.atlas.acfb40.noaparc.i12.2016-08-02.gcs ../label/rh.aparc.annot 

setting seed for random number generator to 1234
using ../mri/aseg.presurf.mgz aseg volume to correct midline
7.3.2
  7.3.2
reading atlas from /opt/freesurfer/average/rh.DKaparc.atlas.acfb40.noaparc.i12.2016-08-02.gcs...
reading color table from GCSA file....
average std = 0.7   using min determinant for regularization = 0.004
0 singular and 309 ill-conditioned covariance matrices regularized
input 0: MEAN CURVATURE, flags 0, avgs 5, name mean_curvature
labeling surface...
1057 labels changed using aseg
relabeling using gibbs priors...
000:   2434 changed, 113008 examined...
001:    606 changed, 10657 examined...
002:    139 changed, 3446 examined...
003:     51 changed, 882 examined...
004:     14 changed, 303 examined...
005:      8 changed, 90 examined...
006:      4 changed, 48 examined...
007:      4 changed, 29 examined...
008:      1 changed, 23 examined...
009:      0 changed, 7 examined...
158 labels changed using aseg
000: 82 total segments, 44 labels (99 vertices) changed
001: 39 total segments, 1 labels (1 vertices) changed
002: 38 total segments, 0 labels (0 vertices) changed
10 filter iterations complete (10 requested, 1 changed)
rationalizing unknown annotations with cortex label
relabeling unknown label...
relabeling corpuscallosum label...
1255 vertices marked for relabeling...
1255 labels changed in reclassification.
writing output to ../label/rh.aparc.annot...
classification took 0 minutes and 8 seconds.
#--------------------------------------------
#@# WhiteSurfs rh Wed Mar 11 16:30:07 CET 2026
cd /out/sourcedata/freesurfer/sub-v2s18x29519_ses-1/mri
mris_place_surface --adgws-in ../surf/autodet.gw.stats.rh.dat --seg aseg.presurf.mgz --threads 16 --wm wm.mgz --invol brain.finalsurfs.mgz --rh --i ../surf/rh.white.preaparc --o ../surf/rh.white --white --nsmooth 0 --rip-label ../label/rh.cortex.label --rip-bg --rip-surf ../surf/rh.white.preaparc --aparc ../label/rh.aparc.annot
7.3.2
7.3.2

cd /out/sourcedata/freesurfer/sub-v2s18x29519_ses-1/mri
setenv SUBJECTS_DIR /out/sourcedata/freesurfer
mris_place_surface --adgws-in ../surf/autodet.gw.stats.rh.dat --seg aseg.presurf.mgz --threads 16 --wm wm.mgz --invol brain.finalsurfs.mgz --rh --i ../surf/rh.white.preaparc --o ../surf/rh.white --white --nsmooth 0 --rip-label ../label/rh.cortex.label --rip-bg --rip-surf ../surf/rh.white.preaparc --aparc ../label/rh.aparc.annot 

Reading in input surface ../surf/rh.white.preaparc
Not smoothing input surface
Area    226012  0.33796  0.12029 0.003383   1.8765
Corner  678036 60.00000 13.87891 0.625203 177.7744
Edge    339018  0.89385  0.19970 0.037900   3.6997
Hinge   339018  9.40495 10.17070 0.000011 179.6021
Reading in aparc ../label/rh.aparc.annot
Reading in input volume brain.finalsurfs.mgz
Reading in wm volume wm.mgz
MRIclipBrightWM(): nthresh=16029, wmmin=5, clip=110 
MRIfindBrightNonWM(): 33 bright non-wm voxels segmented.
Masking bright non-wm for white surface
MRImask(): AllowDiffGeom = 1
MRImask(): AllowDiffGeom = 1
Reading in seg volume aseg.presurf.mgz
Ripping frozen voxels
Ripping vertices not in label ../label/rh.cortex.label
MRISripNotLabel() ripped 7521/113008 vertices (105487 unripped)
Reading in ripping surface ../surf/rh.white.preaparc
Reading in aparc ../label/rh.aparc.annot for ripsurf
Ripping BG
MRISripBasalGanglia(): 1 -2 2 0.5 ripped 468
Ripping segs (eg, WMSA, BG, frozen)
Starting MRISripSegs() d = (-2 2 0.5) segnos: 247 
MRISripSegs(): -2 2 0.5 ripped 0
vertex 56504: xyz = (31.8937,-10.7265,-3.01756) oxyz = (31.8937,-10.7265,-3.01756) wxzy = (31.8937,-10.7265,-3.01756) pxyz = (0,0,0) 
CBVO Creating mask 113008
n_averages 4
Iteration 0 =========================================
n_averages=4, current_sigma=2
Computing target border values 
Entering MRIScomputeBorderValues_new(): 
  inside_hi   = 120.0000000;
  border_hi   = 112.7125700;
  border_low  =  66.0000000;
  outside_low =  56.2925830;
  outside_hi  = 112.7125700;
  sigma = 2;
  max_thickness = 10;
  step_size=0.5;
  STEP_SIZE=0.1;
  which = 1
  thresh = 0
  flags = 0
  CBVfindFirstPeakD1=0
  CBVfindFirstPeakD2=0
  nvertices=113008
  Gdiag_no=-1
  vno start=0, stop=113008
Replacing 255s with 0s
#SI# sigma=2 had to be increased for 60 vertices, nripped=7989
mean border=78.6, 12 (12) missing vertices, mean dist 0.4 [0.8 (%11.6)->0.5 (%88.4))]
%70 local maxima, %23 large gradients and % 0 min vals, 0 gradients ignored
nFirstPeakD1 0
MRIScomputeBorderValues_new() finished in 0.0116 min


Finding expansion regions
mean absolute distance = 0.57 +- 0.78
2332 vertices more than 2 sigmas from mean.
Averaging target values for 5 iterations...
Positioning Surface: tspring = 0.3, nspring = 0.3, spring = 0, niters = 100 l_repulse = 5, l_surf_repulse = 0, checktol = 0
Positioning pial surface
Entering MRISpositionSurface()
  max_mm = 0.3
  MAX_REDUCTIONS = 2, REDUCTION_PCT = 0.5
  parms->check_tol = 0, niterations = 100
tol=1.0e-04, sigma=2.0, host=dna01, nav=4, nbrs=2, l_repulse=5.000, l_tspring=0.300, l_nspring=0.300, l_intensity=0.200, l_curv=1.000
mom=0.00, dt=0.50
complete_dist_mat 0
rms 0
smooth_averages 0
remove_neg 0
ico_order 0
which_surface 0
target_radius 0.000000
nfields 0
scale 0.000000
desired_rms_height 0.000000
momentum 0.000000
nbhd_size 0
max_nbrs 0
niterations 100
nsurfaces 0
SURFACES 3
flags 0 (0)
use curv 0
no sulc 0
no rigid align 0
mris->nsize 2
mris->hemisphere 1
randomSeed 0

000: dt: 0.0000, sse=1798607.5, rms=8.835
001: dt: 0.5000, sse=687754.1, rms=5.027 (43.099%)
002: dt: 0.5000, sse=427000.3, rms=3.584 (28.708%)
003: dt: 0.5000, sse=378849.7, rms=3.247 (9.404%)
004: dt: 0.5000, sse=353978.3, rms=3.053 (5.981%)
rms = 3.1114/3.0528, sse=361902.1/353978.3, time step reduction 1 of 3 to 0.250  0 1 1
   RMS increased, rejecting step
005: dt: 0.2500, sse=242506.4, rms=1.991 (34.787%)
006: dt: 0.2500, sse=202222.8, rms=1.422 (28.571%)
007: dt: 0.2500, sse=191029.5, rms=1.217 (14.398%)
008: dt: 0.2500, sse=188141.3, rms=1.154 (5.221%)
rms = 1.1131/1.1537, sse=186399.1/188141.3, time step reduction 2 of 3 to 0.125  0 0 1
009: dt: 0.2500, sse=186399.1, rms=1.113 (3.522%)
rms = 1.0679/1.1131, sse=184477.0/186399.1, time step reduction 3 of 3 to 0.062  0 0 1
010: dt: 0.1250, sse=184477.0, rms=1.068 (4.059%)
  maximum number of reductions reached, breaking from loop
positioning took 0.8 minutes
Iteration 1 =========================================
n_averages=2, current_sigma=1
Computing target border values 
Entering MRIScomputeBorderValues_new(): 
  inside_hi   = 120.0000000;
  border_hi   = 112.7125700;
  border_low  =  66.0000000;
  outside_low =  56.2925830;
  outside_hi  = 112.7125700;
  sigma = 1;
  max_thickness = 10;
  step_size=0.5;
  STEP_SIZE=0.1;
  which = 1
  thresh = 0
  flags = 0
  CBVfindFirstPeakD1=0
  CBVfindFirstPeakD2=0
  nvertices=113008
  Gdiag_no=-1
  vno start=0, stop=113008
Replacing 255s with 0s
#SI# sigma=1 had to be increased for 57 vertices, nripped=7989
mean border=82.5, 40 (0) missing vertices, mean dist -0.2 [0.3 (%80.1)->0.2 (%19.9))]
%82 local maxima, %11 large gradients and % 0 min vals, 0 gradients ignored
nFirstPeakD1 0
MRIScomputeBorderValues_new() finished in 0.0078 min


Finding expansion regions
mean absolute distance = 0.32 +- 0.47
2478 vertices more than 2 sigmas from mean.
Averaging target values for 5 iterations...
Positioning Surface: tspring = 0.3, nspring = 0.3, spring = 0, niters = 100 l_repulse = 5, l_surf_repulse = 0, checktol = 0
Positioning pial surface
Entering MRISpositionSurface()
  max_mm = 0.3
  MAX_REDUCTIONS = 2, REDUCTION_PCT = 0.5
  parms->check_tol = 0, niterations = 100
tol=1.0e-04, sigma=1.0, host=dna01, nav=2, nbrs=2, l_repulse=5.000, l_tspring=0.300, l_nspring=0.300, l_intensity=0.200, l_curv=1.000
mom=0.00, dt=0.50
000: dt: 0.0000, sse=752002.4, rms=5.253
011: dt: 0.5000, sse=389340.5, rms=3.215 (38.798%)
rms = 3.1687/3.2151, sse=382189.1/389340.5, time step reduction 1 of 3 to 0.250  0 0 1
012: dt: 0.5000, sse=382189.1, rms=3.169 (1.442%)
013: dt: 0.2500, sse=225190.4, rms=1.589 (49.848%)
014: dt: 0.2500, sse=203730.4, rms=1.228 (22.699%)
015: dt: 0.2500, sse=196874.7, rms=1.084 (11.782%)
016: dt: 0.2500, sse=193695.2, rms=1.010 (6.798%)
rms = 0.9798/1.0100, sse=192494.0/193695.2, time step reduction 2 of 3 to 0.125  0 0 1
017: dt: 0.2500, sse=192494.0, rms=0.980 (2.996%)
018: dt: 0.1250, sse=189884.0, rms=0.912 (6.935%)
rms = 0.9083/0.9118, sse=189736.5/189884.0, time step reduction 3 of 3 to 0.062  0 0 1
019: dt: 0.1250, sse=189736.5, rms=0.908 (0.391%)
  maximum number of reductions reached, breaking from loop
positioning took 0.6 minutes
Iteration 2 =========================================
n_averages=1, current_sigma=0.5
Computing target border values 
Entering MRIScomputeBorderValues_new(): 
  inside_hi   = 120.0000000;
  border_hi   = 112.7125700;
  border_low  =  66.0000000;
  outside_low =  56.2925830;
  outside_hi  = 112.7125700;
  sigma = 0.5;
  max_thickness = 10;
  step_size=0.5;
  STEP_SIZE=0.1;
  which = 1
  thresh = 0
  flags = 0
  CBVfindFirstPeakD1=0
  CBVfindFirstPeakD2=0
  nvertices=113008
  Gdiag_no=-1
  vno start=0, stop=113008
Replacing 255s with 0s
#SI# sigma=0.5 had to be increased for 60 vertices, nripped=7989
mean border=84.9, 38 (0) missing vertices, mean dist -0.1 [0.2 (%74.6)->0.2 (%25.4))]
%87 local maxima, % 6 large gradients and % 0 min vals, 0 gradients ignored
nFirstPeakD1 0
MRIScomputeBorderValues_new() finished in 0.0048 min


Finding expansion regions
mean absolute distance = 0.22 +- 0.35
2686 vertices more than 2 sigmas from mean.
Averaging target values for 5 iterations...
Positioning Surface: tspring = 0.3, nspring = 0.3, spring = 0, niters = 100 l_repulse = 5, l_surf_repulse = 0, checktol = 0
Positioning pial surface
Entering MRISpositionSurface()
  max_mm = 0.3
  MAX_REDUCTIONS = 2, REDUCTION_PCT = 0.5
  parms->check_tol = 0, niterations = 100
tol=1.0e-04, sigma=0.5, host=dna01, nav=1, nbrs=2, l_repulse=5.000, l_tspring=0.300, l_nspring=0.300, l_intensity=0.200, l_curv=1.000
mom=0.00, dt=0.50
000: dt: 0.0000, sse=371426.4, rms=3.130
020: dt: 0.5000, sse=329538.9, rms=2.753 (12.040%)
rms = 3.0403/2.7530, sse=360670.0/329538.9, time step reduction 1 of 3 to 0.250  0 1 1
   RMS increased, rejecting step
021: dt: 0.2500, sse=230917.7, rms=1.720 (37.526%)
022: dt: 0.2500, sse=195310.3, rms=1.147 (33.338%)
023: dt: 0.2500, sse=186649.2, rms=0.953 (16.857%)
024: dt: 0.2500, sse=184470.7, rms=0.901 (5.473%)
rms = 0.8802/0.9011, sse=183516.7/184470.7, time step reduction 2 of 3 to 0.125  0 0 1
025: dt: 0.2500, sse=183516.7, rms=0.880 (2.321%)
rms = 0.8312/0.8802, sse=181698.2/183516.7, time step reduction 3 of 3 to 0.062  0 0 1
026: dt: 0.1250, sse=181698.2, rms=0.831 (5.566%)
  maximum number of reductions reached, breaking from loop
positioning took 0.5 minutes
Iteration 3 =========================================
n_averages=0, current_sigma=0.25
Computing target border values 
Entering MRIScomputeBorderValues_new(): 
  inside_hi   = 120.0000000;
  border_hi   = 112.7125700;
  border_low  =  66.0000000;
  outside_low =  56.2925830;
  outside_hi  = 112.7125700;
  sigma = 0.25;
  max_thickness = 10;
  step_size=0.5;
  STEP_SIZE=0.1;
  which = 1
  thresh = 0
  flags = 0
  CBVfindFirstPeakD1=0
  CBVfindFirstPeakD2=0
  nvertices=113008
  Gdiag_no=-1
  vno start=0, stop=113008
Replacing 255s with 0s
#SI# sigma=0.25 had to be increased for 35 vertices, nripped=7989
mean border=85.7, 61 (0) missing vertices, mean dist -0.0 [0.2 (%58.1)->0.2 (%41.9))]
%89 local maxima, % 4 large gradients and % 0 min vals, 0 gradients ignored
nFirstPeakD1 0
MRIScomputeBorderValues_new() finished in 0.0041 min


Finding expansion regions
mean absolute distance = 0.18 +- 0.28
2577 vertices more than 2 sigmas from mean.
Averaging target values for 5 iterations...
Positioning Surface: tspring = 0.3, nspring = 0.3, spring = 0, niters = 100 l_repulse = 5, l_surf_repulse = 0, checktol = 0
Positioning pial surface
Entering MRISpositionSurface()
  max_mm = 0.3
  MAX_REDUCTIONS = 2, REDUCTION_PCT = 0.5
  parms->check_tol = 0, niterations = 100
tol=1.0e-04, sigma=0.2, host=dna01, nav=0, nbrs=2, l_repulse=5.000, l_tspring=0.300, l_nspring=0.300, l_intensity=0.200, l_curv=1.000
mom=0.00, dt=0.50
000: dt: 0.0000, sse=201068.8, rms=1.322
rms = 1.5961/1.3219, sse=224197.5/201068.8, time step reduction 1 of 3 to 0.250  0 1 1
   RMS increased, rejecting step
027: dt: 0.2500, sse=180112.8, rms=0.848 (35.858%)
028: dt: 0.2500, sse=174565.5, rms=0.628 (25.918%)
rms = 0.6363/0.6281, sse=174775.1/174565.5, time step reduction 2 of 3 to 0.125  0 1 1
   RMS increased, rejecting step
rms = 0.6246/0.6281, sse=174366.8/174565.5, time step reduction 3 of 3 to 0.062  0 0 1
029: dt: 0.1250, sse=174366.8, rms=0.625 (0.564%)
  maximum number of reductions reached, breaking from loop
positioning took 0.3 minutes


Writing output to ../surf/rh.white
#ET# mris_place_surface  2.40 minutes
#VMPC# mris_place_surfaces VmPeak  2878276
mris_place_surface done
#--------------------------------------------
#@# T1PialSurf rh Wed Mar 11 16:32:37 CET 2026
cd /out/sourcedata/freesurfer/sub-v2s18x29519_ses-1/mri
mris_place_surface --adgws-in ../surf/autodet.gw.stats.rh.dat --seg aseg.presurf.mgz --threads 16 --wm wm.mgz --invol brain.finalsurfs.mgz --rh --i ../surf/rh.white --o ../surf/rh.pial.T1 --pial --nsmooth 0 --rip-label ../label/rh.cortex+hipamyg.label --pin-medial-wall ../label/rh.cortex.label --aparc ../label/rh.aparc.annot --repulse-surf ../surf/rh.white --white-surf ../surf/rh.white
7.3.2
7.3.2

cd /out/sourcedata/freesurfer/sub-v2s18x29519_ses-1/mri
setenv SUBJECTS_DIR /out/sourcedata/freesurfer
mris_place_surface --adgws-in ../surf/autodet.gw.stats.rh.dat --seg aseg.presurf.mgz --threads 16 --wm wm.mgz --invol brain.finalsurfs.mgz --rh --i ../surf/rh.white --o ../surf/rh.pial.T1 --pial --nsmooth 0 --rip-label ../label/rh.cortex+hipamyg.label --pin-medial-wall ../label/rh.cortex.label --aparc ../label/rh.aparc.annot --repulse-surf ../surf/rh.white --white-surf ../surf/rh.white 

Reading in input surface ../surf/rh.white
Not smoothing input surface
Area    226012  0.34056  0.13349 0.001646   2.8733
Corner  678036 60.00000 15.33031 0.444350 178.2683
Edge    339018  0.89881  0.21812 0.019569   3.6997
Hinge   339018  9.54784 10.62304 0.000030 179.9446
Reading white surface coordinates from ../surf/rh.white
Reading repulsion surface coordinates from ../surf/rh.white
Reading in aparc ../label/rh.aparc.annot
Reading in input volume brain.finalsurfs.mgz
Reading in wm volume wm.mgz
MRIclipBrightWM(): nthresh=16029, wmmin=5, clip=110 
MRIfindBrightNonWM(): 33 bright non-wm voxels segmented.
Masking bright non-wm for pial surface mid_gray = 66.0826
MRImask(): AllowDiffGeom = 1
MRImask(): AllowDiffGeom = 1
MRImask(): AllowDiffGeom = 1
Reading in seg volume aseg.presurf.mgz
Ripping frozen voxels
Ripping vertices not in label ../label/rh.cortex+hipamyg.label
MRISripNotLabel() ripped 5023/113008 vertices (107985 unripped)
INFO: rip surface needed but not specified, so using input surface
Ripping segs (eg, WMSA, BG, frozen)
Starting MRISripSegs() d = (-2 2 0.5) segnos: 247 
MRISripSegs(): -2 2 0.5 ripped 0
vertex 56504: xyz = (31.8673,-10.7042,-3.07724) oxyz = (31.8673,-10.7042,-3.07724) wxzy = (31.8673,-10.7042,-3.07724) pxyz = (31.8673,-10.7042,-3.07724) 
CBVO Creating mask 113008
n_averages 16
Iteration 0 =========================================
n_averages=16, current_sigma=2
Computing target border values 
Entering MRIScomputeBorderValues_new(): 
  inside_hi   =  95.2874300;
  border_hi   =  56.2925830;
  border_low  =  36.8777540;
  outside_low =  10.0000000;
  outside_hi  =  51.4388730;
  sigma = 2;
  max_thickness = 10;
  step_size=0.5;
  STEP_SIZE=0.1;
  which = 2
  thresh = 0
  flags = 0
  CBVfindFirstPeakD1=0
  CBVfindFirstPeakD2=0
  nvertices=113008
  Gdiag_no=-1
  vno start=0, stop=113008
Replacing 255s with 0s
#SI# sigma=2 had to be increased for 135 vertices, nripped=5023
mean border=55.0, 33 (33) missing vertices, mean dist 1.6 [0.1 (%0.0)->2.9 (%100.0))]
%12 local maxima, %40 large gradients and %43 min vals, 0 gradients ignored
nFirstPeakD1 0
MRIScomputeBorderValues_new() finished in 0.0097 min


Averaging target values for 5 iterations...
Positioning Surface: tspring = 0.3, nspring = 0.3, spring = 0, niters = 100 l_repulse = 0, l_surf_repulse = 5, checktol = 0
Positioning pial surface
Entering MRISpositionSurface()
  max_mm = 0.3
  MAX_REDUCTIONS = 2, REDUCTION_PCT = 0.5
  parms->check_tol = 0, niterations = 100
tol=1.0e-04, sigma=2.0, host=dna01, nav=16, nbrs=2, l_surf_repulse=5.000, l_tspring=0.300, l_nspring=0.300, l_intensity=0.200, l_curv=1.000
mom=0.00, dt=0.50
complete_dist_mat 0
rms 0
smooth_averages 0
remove_neg 0
ico_order 0
which_surface 0
target_radius 0.000000
nfields 0
scale 0.000000
desired_rms_height 0.000000
momentum 0.000000
nbhd_size 0
max_nbrs 0
niterations 100
nsurfaces 0
SURFACES 3
flags 0 (0)
use curv 0
no sulc 0
no rigid align 0
mris->nsize 2
mris->hemisphere 1
randomSeed 0

000: dt: 0.0000, sse=21298358.0, rms=31.286
001: dt: 0.5000, sse=14288523.0, rms=25.576 (18.251%)
002: dt: 0.5000, sse=9499792.0, rms=20.792 (18.707%)
003: dt: 0.5000, sse=6578439.5, rms=17.231 (17.126%)
004: dt: 0.5000, sse=4877082.0, rms=14.765 (14.311%)
005: dt: 0.5000, sse=3796491.0, rms=12.956 (12.256%)
006: dt: 0.5000, sse=3003429.5, rms=11.445 (11.661%)
007: dt: 0.5000, sse=2348326.5, rms=10.025 (12.405%)
008: dt: 0.5000, sse=1800190.1, rms=8.659 (13.627%)
009: dt: 0.5000, sse=1352678.0, rms=7.357 (15.040%)
010: dt: 0.5000, sse=1013402.9, rms=6.188 (15.888%)
011: dt: 0.5000, sse=781134.6, rms=5.238 (15.356%)
012: dt: 0.5000, sse=643831.8, rms=4.581 (12.532%)
013: dt: 0.5000, sse=566952.8, rms=4.167 (9.036%)
014: dt: 0.5000, sse=525350.8, rms=3.923 (5.869%)
015: dt: 0.5000, sse=498916.3, rms=3.758 (4.208%)
016: dt: 0.5000, sse=480637.8, rms=3.638 (3.176%)
017: dt: 0.5000, sse=467806.7, rms=3.551 (2.403%)
018: dt: 0.5000, sse=457533.8, rms=3.479 (2.027%)
rms = 3.4328/3.4789, sse=451258.7/457533.8, time step reduction 1 of 3 to 0.250  0 0 1
019: dt: 0.5000, sse=451258.7, rms=3.433 (1.324%)
020: dt: 0.2500, sse=379555.8, rms=2.884 (15.982%)
021: dt: 0.2500, sse=364014.1, rms=2.753 (4.544%)
rms = 2.7250/2.7531, sse=360961.5/364014.1, time step reduction 2 of 3 to 0.125  0 0 1
022: dt: 0.2500, sse=360961.5, rms=2.725 (1.021%)
023: dt: 0.1250, sse=354203.8, rms=2.663 (2.282%)
rms = 2.6514/2.6628, sse=353020.3/354203.8, time step reduction 3 of 3 to 0.062  0 0 1
024: dt: 0.1250, sse=353020.3, rms=2.651 (0.430%)
  maximum number of reductions reached, breaking from loop
positioning took 1.5 minutes
Iteration 1 =========================================
n_averages=8, current_sigma=1
Computing target border values 
Entering MRIScomputeBorderValues_new(): 
  inside_hi   =  95.2874300;
  border_hi   =  56.2925830;
  border_low  =  36.8777540;
  outside_low =  10.0000000;
  outside_hi  =  51.4388730;
  sigma = 1;
  max_thickness = 10;
  step_size=0.5;
  STEP_SIZE=0.1;
  which = 2
  thresh = 0
  flags = 0
  CBVfindFirstPeakD1=0
  CBVfindFirstPeakD2=0
  nvertices=113008
  Gdiag_no=-1
  vno start=0, stop=113008
Replacing 255s with 0s
#SI# sigma=1 had to be increased for 10783 vertices, nripped=5023
mean border=53.8, 1655 (7) missing vertices, mean dist 0.1 [0.2 (%46.5)->0.5 (%53.5))]
%21 local maxima, %34 large gradients and %38 min vals, 0 gradients ignored
nFirstPeakD1 0
MRIScomputeBorderValues_new() finished in 0.0041 min


Averaging target values for 5 iterations...
Positioning Surface: tspring = 0.3, nspring = 0.3, spring = 0, niters = 100 l_repulse = 0, l_surf_repulse = 5, checktol = 0
Positioning pial surface
Entering MRISpositionSurface()
  max_mm = 0.3
  MAX_REDUCTIONS = 2, REDUCTION_PCT = 0.5
  parms->check_tol = 0, niterations = 100
tol=1.0e-04, sigma=1.0, host=dna01, nav=8, nbrs=2, l_surf_repulse=5.000, l_tspring=0.300, l_nspring=0.300, l_intensity=0.200, l_curv=1.000
mom=0.00, dt=0.50
000: dt: 0.0000, sse=505823.7, rms=3.475
025: dt: 0.5000, sse=472324.3, rms=3.239 (6.810%)
rms = 3.2217/3.2385, sse=467656.1/472324.3, time step reduction 1 of 3 to 0.250  0 0 1
026: dt: 0.5000, sse=467656.1, rms=3.222 (0.520%)
027: dt: 0.2500, sse=405178.5, rms=2.713 (15.778%)
028: dt: 0.2500, sse=393036.4, rms=2.606 (3.946%)
rms = 2.5973/2.6063, sse=392203.2/393036.4, time step reduction 2 of 3 to 0.125  0 0 1
029: dt: 0.2500, sse=392203.2, rms=2.597 (0.344%)
030: dt: 0.1250, sse=384018.2, rms=2.519 (3.005%)
rms = 2.5044/2.5193, sse=382440.5/384018.1, time step reduction 3 of 3 to 0.062  0 0 1
031: dt: 0.1250, sse=382440.5, rms=2.504 (0.590%)
  maximum number of reductions reached, breaking from loop
positioning took 0.4 minutes
Iteration 2 =========================================
n_averages=4, current_sigma=0.5
Computing target border values 
Entering MRIScomputeBorderValues_new(): 
  inside_hi   =  95.2874300;
  border_hi   =  56.2925830;
  border_low  =  36.8777540;
  outside_low =  10.0000000;
  outside_hi  =  51.4388730;
  sigma = 0.5;
  max_thickness = 10;
  step_size=0.5;
  STEP_SIZE=0.1;
  which = 2
  thresh = 0
  flags = 0
  CBVfindFirstPeakD1=0
  CBVfindFirstPeakD2=0
  nvertices=113008
  Gdiag_no=-1
  vno start=0, stop=113008
Replacing 255s with 0s
#SI# sigma=0.5 had to be increased for 11304 vertices, nripped=5023
mean border=53.1, 1807 (3) missing vertices, mean dist 0.1 [0.2 (%42.2)->0.4 (%57.8))]
%33 local maxima, %23 large gradients and %39 min vals, 0 gradients ignored
nFirstPeakD1 0
MRIScomputeBorderValues_new() finished in 0.0026 min


Averaging target values for 5 iterations...
Positioning Surface: tspring = 0.3, nspring = 0.3, spring = 0, niters = 100 l_repulse = 0, l_surf_repulse = 5, checktol = 0
Positioning pial surface
Entering MRISpositionSurface()
  max_mm = 0.3
  MAX_REDUCTIONS = 2, REDUCTION_PCT = 0.5
  parms->check_tol = 0, niterations = 100
tol=1.0e-04, sigma=0.5, host=dna01, nav=4, nbrs=2, l_surf_repulse=5.000, l_tspring=0.300, l_nspring=0.300, l_intensity=0.200, l_curv=1.000
mom=0.00, dt=0.50
000: dt: 0.0000, sse=425602.4, rms=2.842
rms = 2.9588/2.8417, sse=440221.3/425602.4, time step reduction 1 of 3 to 0.250  0 1 1
   RMS increased, rejecting step
032: dt: 0.2500, sse=403697.8, rms=2.654 (6.611%)
033: dt: 0.2500, sse=391773.1, rms=2.547 (4.038%)
rms = 2.5229/2.5467, sse=389040.7/391773.1, time step reduction 2 of 3 to 0.125  0 0 1
034: dt: 0.2500, sse=389040.7, rms=2.523 (0.935%)
035: dt: 0.1250, sse=382643.1, rms=2.461 (2.460%)
rms = 2.4419/2.4608, sse=380629.2/382643.1, time step reduction 3 of 3 to 0.062  0 0 1
036: dt: 0.1250, sse=380629.2, rms=2.442 (0.767%)
  maximum number of reductions reached, breaking from loop
positioning took 0.3 minutes
Iteration 3 =========================================
n_averages=2, current_sigma=0.25
Computing target border values 
Entering MRIScomputeBorderValues_new(): 
  inside_hi   =  95.2874300;
  border_hi   =  56.2925830;
  border_low  =  36.8777540;
  outside_low =  10.0000000;
  outside_hi  =  51.4388730;
  sigma = 0.25;
  max_thickness = 10;
  step_size=0.5;
  STEP_SIZE=0.1;
  which = 2
  thresh = 0
  flags = 0
  CBVfindFirstPeakD1=0
  CBVfindFirstPeakD2=0
  nvertices=113008
  Gdiag_no=-1
  vno start=0, stop=113008
Replacing 255s with 0s
#SI# sigma=0.25 had to be increased for 9954 vertices, nripped=5023
mean border=52.5, 3864 (2) missing vertices, mean dist 0.1 [0.2 (%43.3)->0.3 (%56.7))]
%37 local maxima, %17 large gradients and %37 min vals, 0 gradients ignored
nFirstPeakD1 0
MRIScomputeBorderValues_new() finished in 0.0019 min


Averaging target values for 5 iterations...
Positioning Surface: tspring = 0.3, nspring = 0.3, spring = 0, niters = 100 l_repulse = 0, l_surf_repulse = 5, checktol = 0
Positioning pial surface
Entering MRISpositionSurface()
  max_mm = 0.3
  MAX_REDUCTIONS = 2, REDUCTION_PCT = 0.5
  parms->check_tol = 0, niterations = 100
tol=1.0e-04, sigma=0.2, host=dna01, nav=2, nbrs=2, l_surf_repulse=5.000, l_tspring=0.300, l_nspring=0.300, l_intensity=0.200, l_curv=1.000
mom=0.00, dt=0.50
000: dt: 0.0000, sse=400483.9, rms=2.625
rms = 2.7671/2.6251, sse=416079.2/400483.9, time step reduction 1 of 3 to 0.250  0 1 1
   RMS increased, rejecting step
037: dt: 0.2500, sse=389555.5, rms=2.525 (3.808%)
038: dt: 0.2500, sse=382361.2, rms=2.462 (2.503%)
rms = 2.4418/2.4619, sse=379942.9/382361.2, time step reduction 2 of 3 to 0.125  0 0 1
039: dt: 0.2500, sse=379942.9, rms=2.442 (0.815%)
040: dt: 0.1250, sse=373405.9, rms=2.378 (2.625%)
rms = 2.3590/2.3777, sse=371347.6/373405.9, time step reduction 3 of 3 to 0.062  0 0 1
041: dt: 0.1250, sse=371347.6, rms=2.359 (0.787%)
  maximum number of reductions reached, breaking from loop
positioning took 0.3 minutes
Pinning medial wall to white surface
removing intersecting faces
000: 13 intersecting
001: 5 intersecting
step 1 with no progress (num=14, old_num=5)
002: 14 intersecting
003: 3 intersecting
step 1 with no progress (num=6, old_num=3)
004: 6 intersecting
terminating search with 0 intersecting


Writing output to ../surf/rh.pial.T1
#ET# mris_place_surface  2.86 minutes
#VMPC# mris_place_surfaces VmPeak  2287512
mris_place_surface done
#@# white curv rh Wed Mar 11 16:35:34 CET 2026
cd /out/sourcedata/freesurfer/sub-v2s18x29519_ses-1/mri
mris_place_surface --curv-map ../surf/rh.white 2 10 ../surf/rh.curv
insurf  ../surf/rh.white, nbrs 2, curvature_avgs 10
writing curvature file ../surf/rh.curv
#@# white area rh Wed Mar 11 16:35:36 CET 2026
cd /out/sourcedata/freesurfer/sub-v2s18x29519_ses-1/mri
mris_place_surface --area-map ../surf/rh.white ../surf/rh.area
writing curvature file ../surf/rh.area
#@# pial curv rh Wed Mar 11 16:35:36 CET 2026
cd /out/sourcedata/freesurfer/sub-v2s18x29519_ses-1/mri
mris_place_surface --curv-map ../surf/rh.pial 2 10 ../surf/rh.curv.pial
insurf  ../surf/rh.pial, nbrs 2, curvature_avgs 10
writing curvature file ../surf/rh.curv.pial
#@# pial area rh Wed Mar 11 16:35:38 CET 2026
cd /out/sourcedata/freesurfer/sub-v2s18x29519_ses-1/mri
mris_place_surface --area-map ../surf/rh.pial ../surf/rh.area.pial
writing curvature file ../surf/rh.area.pial
#@# thickness rh Wed Mar 11 16:35:38 CET 2026
cd /out/sourcedata/freesurfer/sub-v2s18x29519_ses-1/mri
mris_place_surface --thickness ../surf/rh.white ../surf/rh.pial 20 5 ../surf/rh.thickness
0 of 113008 vertices processed
25000 of 113008 vertices processed
50000 of 113008 vertices processed
75000 of 113008 vertices processed
100000 of 113008 vertices processed
0 of 113008 vertices processed
25000 of 113008 vertices processed
50000 of 113008 vertices processed
75000 of 113008 vertices processed
100000 of 113008 vertices processed
thickness calculation complete, 187:786 truncations.
48649 vertices at 0 distance
93799 vertices at 1 distance
54593 vertices at 2 distance
18749 vertices at 3 distance
6366 vertices at 4 distance
2339 vertices at 5 distance
863 vertices at 6 distance
298 vertices at 7 distance
108 vertices at 8 distance
45 vertices at 9 distance
34 vertices at 10 distance
32 vertices at 11 distance
33 vertices at 12 distance
17 vertices at 13 distance
10 vertices at 14 distance
17 vertices at 15 distance
17 vertices at 16 distance
11 vertices at 17 distance
10 vertices at 18 distance
5 vertices at 19 distance
21 vertices at 20 distance
writing curvature file ../surf/rh.thickness
#@# area and vertex vol rh Wed Mar 11 16:36:01 CET 2026
cd /out/sourcedata/freesurfer/sub-v2s18x29519_ses-1/mri
mris_place_surface --thickness ../surf/rh.white ../surf/rh.pial 20 5 ../surf/rh.thickness
/out/sourcedata/freesurfer/sub-v2s18x29519_ses-1/surf
mris_calc -o rh.area.mid rh.area add rh.area.pial
Saving result to 'rh.area.mid' (type = MRI_CURV_FILE)                       [ ok ]
mris_calc -o rh.area.mid rh.area.mid div 2
Saving result to 'rh.area.mid' (type = MRI_CURV_FILE)                       [ ok ]
mris_convert --volume sub-v2s18x29519_ses-1 rh /out/sourcedata/freesurfer/sub-v2s18x29519_ses-1/surf/rh.volume
masking with /out/sourcedata/freesurfer/sub-v2s18x29519_ses-1/label/rh.cortex.label
Total face volume 217189
Total vertex volume 216959 (mask=0)
#@# sub-v2s18x29519_ses-1 rh 216959
 
vertexvol Done

#-----------------------------------------
#@# Curvature Stats rh Wed Mar 11 16:36:02 CET 2026
/out/sourcedata/freesurfer/sub-v2s18x29519_ses-1/surf

 mris_curvature_stats -m --writeCurvatureFiles -G -o ../stats/rh.curv.stats -F smoothwm sub-v2s18x29519_ses-1 rh curv sulc 

             Toggling save flag on curvature files                       [ ok ]
                 Outputting results using filestem   [ ../stats/rh.curv.stats ]
             Toggling save flag on curvature files                       [ ok ]
                                   Setting surface [ sub-v2s18x29519_ses-1/rh.smoothwm ]
                                Reading surface...                       [ ok ]
                                   Setting texture                     [ curv ]
                                Reading texture...                       [ ok ]
                                   Setting texture                     [ sulc ]
                                Reading texture...Gb_filter = 0
                       [ ok ]
      Calculating Discrete Principal Curvatures...
      Determining geometric order for vno faces... [####################] [ ok ]
                      Determining KH curvatures... [####################] [ ok ]
                    Determining k1k2 curvatures... [####################] [ ok ]
                                   deltaViolations                      [ 205 ]
Gb_filter = 0

WARN:    S lookup   min:                          -0.048357
WARN:    S explicit min:                          0.000000	vertex = 455
#-----------------------------------------
#@# Cortical Parc 2 rh Wed Mar 11 16:36:04 CET 2026
/out/sourcedata/freesurfer/sub-v2s18x29519_ses-1/scripts

 mris_ca_label -l ../label/rh.cortex.label -aseg ../mri/aseg.presurf.mgz -seed 1234 sub-v2s18x29519_ses-1 rh ../surf/rh.sphere.reg /opt/freesurfer/average/rh.CDaparc.atlas.acfb40.noaparc.i12.2016-08-02.gcs ../label/rh.aparc.a2009s.annot 

setting seed for random number generator to 1234
using ../mri/aseg.presurf.mgz aseg volume to correct midline
7.3.2
  7.3.2
reading atlas from /opt/freesurfer/average/rh.CDaparc.atlas.acfb40.noaparc.i12.2016-08-02.gcs...
reading color table from GCSA file....
average std = 1.4   using min determinant for regularization = 0.021
0 singular and 0 ill-conditioned covariance matrices regularized
input 0: MEAN CURVATURE, flags 0, avgs 5, name mean_curvature
labeling surface...
16 labels changed using aseg
relabeling using gibbs priors...
000:   7491 changed, 113008 examined...
001:   1629 changed, 29700 examined...
002:    503 changed, 8843 examined...
003:    245 changed, 2888 examined...
004:    112 changed, 1399 examined...
005:     52 changed, 651 examined...
006:     15 changed, 292 examined...
007:     12 changed, 96 examined...
008:      8 changed, 64 examined...
009:      7 changed, 44 examined...
010:      3 changed, 45 examined...
011:      2 changed, 19 examined...
012:      1 changed, 14 examined...
013:      0 changed, 6 examined...
19 labels changed using aseg
000: 198 total segments, 112 labels (1644 vertices) changed
001: 89 total segments, 5 labels (8 vertices) changed
002: 84 total segments, 0 labels (0 vertices) changed
10 filter iterations complete (10 requested, 22 changed)
rationalizing unknown annotations with cortex label
relabeling Medial_wall label...
911 vertices marked for relabeling...
911 labels changed in reclassification.
writing output to ../label/rh.aparc.a2009s.annot...
classification took 0 minutes and 11 seconds.
#-----------------------------------------
#@# Cortical Parc 3 rh Wed Mar 11 16:36:15 CET 2026
/out/sourcedata/freesurfer/sub-v2s18x29519_ses-1/scripts

 mris_ca_label -l ../label/rh.cortex.label -aseg ../mri/aseg.presurf.mgz -seed 1234 sub-v2s18x29519_ses-1 rh ../surf/rh.sphere.reg /opt/freesurfer/average/rh.DKTaparc.atlas.acfb40.noaparc.i12.2016-08-02.gcs ../label/rh.aparc.DKTatlas.annot 

setting seed for random number generator to 1234
using ../mri/aseg.presurf.mgz aseg volume to correct midline
7.3.2
  7.3.2
reading atlas from /opt/freesurfer/average/rh.DKTaparc.atlas.acfb40.noaparc.i12.2016-08-02.gcs...
reading color table from GCSA file....
average std = 0.9   using min determinant for regularization = 0.009
0 singular and 325 ill-conditioned covariance matrices regularized
input 0: MEAN CURVATURE, flags 0, avgs 5, name mean_curvature
labeling surface...
1456 labels changed using aseg
relabeling using gibbs priors...
000:   1791 changed, 113008 examined...
001:    416 changed, 8253 examined...
002:    105 changed, 2359 examined...
003:     41 changed, 624 examined...
004:     25 changed, 241 examined...
005:     10 changed, 124 examined...
006:     10 changed, 61 examined...
007:      8 changed, 51 examined...
008:     11 changed, 40 examined...
009:     10 changed, 41 examined...
010:      6 changed, 42 examined...
011:      2 changed, 29 examined...
012:      2 changed, 13 examined...
013:      4 changed, 11 examined...
014:      3 changed, 15 examined...
015:      5 changed, 16 examined...
016:      6 changed, 24 examined...
017:      4 changed, 24 examined...
018:      3 changed, 20 examined...
019:      4 changed, 13 examined...
020:      3 changed, 17 examined...
021:      2 changed, 17 examined...
022:      4 changed, 12 examined...
023:      3 changed, 17 examined...
024:      3 changed, 15 examined...
025:      4 changed, 16 examined...
026:      3 changed, 15 examined...
027:      6 changed, 17 examined...
028:      2 changed, 24 examined...
029:      2 changed, 14 examined...
030:      1 changed, 14 examined...
031:      1 changed, 6 examined...
032:      1 changed, 7 examined...
033:      1 changed, 8 examined...
034:      2 changed, 7 examined...
035:      1 changed, 9 examined...
036:      0 changed, 7 examined...
245 labels changed using aseg
000: 49 total segments, 16 labels (66 vertices) changed
001: 34 total segments, 1 labels (2 vertices) changed
002: 33 total segments, 0 labels (0 vertices) changed
10 filter iterations complete (10 requested, 4 changed)
rationalizing unknown annotations with cortex label
relabeling unknown label...
relabeling corpuscallosum label...
812 vertices marked for relabeling...
812 labels changed in reclassification.
writing output to ../label/rh.aparc.DKTatlas.annot...
classification took 0 minutes and 9 seconds.
#-----------------------------------------
#@# WM/GM Contrast rh Wed Mar 11 16:36:23 CET 2026
/out/sourcedata/freesurfer/sub-v2s18x29519_ses-1/scripts

 pctsurfcon --s sub-v2s18x29519_ses-1 --rh-only 

Log file is /out/sourcedata/freesurfer/sub-v2s18x29519_ses-1/scripts/pctsurfcon.log
Wed Mar 11 16:36:23 CET 2026
setenv SUBJECTS_DIR /out/sourcedata/freesurfer
cd /out/sourcedata/freesurfer/sub-v2s18x29519_ses-1/scripts
/opt/freesurfer/bin/pctsurfcon
pctsurfcon 7.3.2
Linux dna013 5.14.0-427.37.1.el9_4.x86_64 #1 SMP PREEMPT_DYNAMIC Fri Sep 13 12:41:50 EDT 2024 x86_64 x86_64 x86_64 GNU/Linux
FREESURFER_HOME /opt/freesurfer
mri_vol2surf --mov /out/sourcedata/freesurfer/sub-v2s18x29519_ses-1/mri/rawavg.mgz --hemi rh --noreshape --interp trilinear --projdist -1 --o /out/sourcedata/freesurfer/sub-v2s18x29519_ses-1/surf/tmp.pctsurfcon.4056840/rh.wm.mgh --regheader sub-v2s18x29519_ses-1 --cortex
srcvol = /out/sourcedata/freesurfer/sub-v2s18x29519_ses-1/mri/rawavg.mgz
srcreg unspecified
srcregold = 0
srcwarp unspecified
surf = white
hemi = rh
ProjDist = -1
reshape = 0
interp = trilinear
float2int = round
GetProjMax = 0
INFO: float2int code = 0
Done loading volume
Computing registration from header.
  Using /out/sourcedata/freesurfer/sub-v2s18x29519_ses-1/mri/orig.mgz as target reference.
-------- original matrix -----------
-0.99956  -0.01396  -0.02617   0.00000;
-0.02617  -0.00037   0.99966   0.00005;
 0.01397  -0.99990  -0.00000  -0.00002;
 0.00000   0.00000   0.00000   1.00000;
-------- original matrix -----------
Loading label /out/sourcedata/freesurfer/sub-v2s18x29519_ses-1/label/rh.cortex.label
Reading surface /out/sourcedata/freesurfer/sub-v2s18x29519_ses-1/surf/rh.white
Done reading source surface
Mapping Source Volume onto Source Subject Surface
Projecting -1 -1 1
 1 -1 -1 -1
using old
Done mapping volume to surface
Number of source voxels hit = 91377
Masking with /out/sourcedata/freesurfer/sub-v2s18x29519_ses-1/label/rh.cortex.label
Writing to /out/sourcedata/freesurfer/sub-v2s18x29519_ses-1/surf/tmp.pctsurfcon.4056840/rh.wm.mgh
Dim: 113008 1 1
mri_vol2surf --mov /out/sourcedata/freesurfer/sub-v2s18x29519_ses-1/mri/rawavg.mgz --hemi rh --noreshape --interp trilinear --o /out/sourcedata/freesurfer/sub-v2s18x29519_ses-1/surf/tmp.pctsurfcon.4056840/rh.gm.mgh --projfrac 0.3 --regheader sub-v2s18x29519_ses-1 --cortex
srcvol = /out/sourcedata/freesurfer/sub-v2s18x29519_ses-1/mri/rawavg.mgz
srcreg unspecified
srcregold = 0
srcwarp unspecified
surf = white
hemi = rh
ProjFrac = 0.3
thickness = thickness
reshape = 0
interp = trilinear
float2int = round
GetProjMax = 0
INFO: float2int code = 0
Done loading volume
Computing registration from header.
  Using /out/sourcedata/freesurfer/sub-v2s18x29519_ses-1/mri/orig.mgz as target reference.
-------- original matrix -----------
-0.99956  -0.01396  -0.02617   0.00000;
-0.02617  -0.00037   0.99966   0.00005;
 0.01397  -0.99990  -0.00000  -0.00002;
 0.00000   0.00000   0.00000   1.00000;
-------- original matrix -----------
Loading label /out/sourcedata/freesurfer/sub-v2s18x29519_ses-1/label/rh.cortex.label
Reading surface /out/sourcedata/freesurfer/sub-v2s18x29519_ses-1/surf/rh.white
Done reading source surface
Reading thickness /out/sourcedata/freesurfer/sub-v2s18x29519_ses-1/surf/rh.thickness
Done
Mapping Source Volume onto Source Subject Surface
Projecting 0.3 0.3 1
 1 0.3 0.3 0.3
using old
Done mapping volume to surface
Number of source voxels hit = 103886
Masking with /out/sourcedata/freesurfer/sub-v2s18x29519_ses-1/label/rh.cortex.label
Writing to /out/sourcedata/freesurfer/sub-v2s18x29519_ses-1/surf/tmp.pctsurfcon.4056840/rh.gm.mgh
Dim: 113008 1 1
mri_concat /out/sourcedata/freesurfer/sub-v2s18x29519_ses-1/surf/tmp.pctsurfcon.4056840/rh.wm.mgh /out/sourcedata/freesurfer/sub-v2s18x29519_ses-1/surf/tmp.pctsurfcon.4056840/rh.gm.mgh --paired-diff-norm --mul 100 --o /out/sourcedata/freesurfer/sub-v2s18x29519_ses-1/surf/rh.w-g.pct.mgh
ninputs = 2
Checking inputs
nframestot = 2
Allocing output
Done allocing
Combining pairs
nframes = 1
Multiplying by 100.000000
Writing to /out/sourcedata/freesurfer/sub-v2s18x29519_ses-1/surf/rh.w-g.pct.mgh
mri_segstats --in /out/sourcedata/freesurfer/sub-v2s18x29519_ses-1/surf/rh.w-g.pct.mgh --annot sub-v2s18x29519_ses-1 rh aparc --sum /out/sourcedata/freesurfer/sub-v2s18x29519_ses-1/stats/rh.w-g.pct.stats --snr

7.3.2
cwd 
cmdline mri_segstats --in /out/sourcedata/freesurfer/sub-v2s18x29519_ses-1/surf/rh.w-g.pct.mgh --annot sub-v2s18x29519_ses-1 rh aparc --sum /out/sourcedata/freesurfer/sub-v2s18x29519_ses-1/stats/rh.w-g.pct.stats --snr 
sysname  Linux
hostname dna013
machine  x86_64
user     oesteban
whitesurfname  white
UseRobust  0
Constructing seg from annotation

Reading annotation /out/sourcedata/freesurfer/sub-v2s18x29519_ses-1/label/rh.aparc.annot
Seg base 2000
Loading /out/sourcedata/freesurfer/sub-v2s18x29519_ses-1/surf/rh.w-g.pct.mgh
Vertex Area is 0.681099 mm^3
Generating list of segmentation ids
Found  36 segmentations
Computing statistics for each segmentation

Reporting on  35 segmentations
Using PrintSegStat
mri_segstats done
Cleaning up

Started at Wed Mar 11 16:18:14 CET 2026 
Ended   at Wed Mar 11 16:36:28 CET 2026
#@#%# recon-all-run-time-hours 0.304
recon-all -s sub-v2s18x29519_ses-1 finished without error at Wed Mar 11 16:36:28 CET 2026



#New# invocation of recon-all 




Wed Mar 11 16:42:35 CET 2026
cd /out/sourcedata/freesurfer/sub-v2s18x29519_ses-1
setenv SUBJECTS_DIR /out/sourcedata/freesurfer
/opt/freesurfer/bin/recon-all -autorecon-hemi rh -nohyporelabel -rh-only -openmp 16 -subjid sub-v2s18x29519_ses-1 -sd /out/sourcedata/freesurfer -notessellate -nosmooth1 -noinflate1 -noqsphere -nofix -nowhite -nosmooth2 -noinflate2 -nocurvHK -nocurvstats -nosphere -nosurfreg -nojacobian_white -noavgcurv -nocortparc -nopial -nocortparc2 -nocortparc3 -nopctsurfcon

subjid sub-v2s18x29519_ses-1
setenv SUBJECTS_DIR /out/sourcedata/freesurfer
FREESURFER_HOME /opt/freesurfer
Actual FREESURFER_HOME /opt/freesurfer
build-stamp.txt: freesurfer-linux-ubuntu22_x86_64-7.3.2-20220804-6354275
Linux dna013 5.14.0-427.37.1.el9_4.x86_64 #1 SMP PREEMPT_DYNAMIC Fri Sep 13 12:41:50 EDT 2024 x86_64 x86_64 x86_64 GNU/Linux
cputime      unlimited
filesize     unlimited
datasize     unlimited
stacksize    8192 kbytes
coredumpsize 0 kbytes
memoryuse    67108864 kbytes
vmemoryuse   unlimited
descriptors  1024 
memorylocked unlimited
maxproc      2061970 
maxlocks     unlimited
maxsignal    2061970 
maxmessage   819200 
maxnice      0 
maxrtprio    0 
maxrttime    unlimited

               total        used        free      shared  buff/cache   available
Mem:           503Gi       107Gi       352Gi       7.6Gi        43Gi       385Gi
Swap:             0B          0B          0B

########################################
program versions used
7.3.2 (freesurfer-linux-ubuntu22_x86_64-7.3.2-20220804-6354275)
7.3.2

ProgramName: lta_convert  ProgramArguments: lta_convert -all-info  ProgramVersion: 7.3.2  TimeStamp: 2026/03/11-15:42:35-GMT  BuildTime: Aug  4 2022 06:17:15  BuildStamp: freesurfer-linux-ubuntu22_x86_64-7.3.2-20220804-6354275  User: oesteban  Machine: dna013  Platform: Linux  PlatformVersion: 5.14.0-427.37.1.el9_4.x86_64  CompilerName: GCC  CompilerVersion: 8.4.0
ProgramName: mri_and  ProgramArguments: mri_and -all-info  ProgramVersion: 7.3.2  TimeStamp: 2026/03/11-15:42:35-GMT  BuildTime: Aug  4 2022 06:17:15  BuildStamp: freesurfer-linux-ubuntu22_x86_64-7.3.2-20220804-6354275  User: oesteban  Machine: dna013  Platform: Linux  PlatformVersion: 5.14.0-427.37.1.el9_4.x86_64  CompilerName: GCC  CompilerVersion: 8.4.0
ProgramName: mri_annotation2label  ProgramArguments: mri_annotation2label -all-info  ProgramVersion: 7.3.2  TimeStamp: 2026/03/11-15:42:35-GMT  BuildTime: Aug  4 2022 06:17:15  BuildStamp: freesurfer-linux-ubuntu22_x86_64-7.3.2-20220804-6354275  User: oesteban  Machine: dna013  Platform: Linux  PlatformVersion: 5.14.0-427.37.1.el9_4.x86_64  CompilerName: GCC  CompilerVersion: 8.4.0
ProgramName: mri_aparc2aseg  ProgramArguments: mri_aparc2aseg -all-info  ProgramVersion: 7.3.2  TimeStamp: 2026/03/11-15:42:35-GMT  BuildTime: Aug  4 2022 06:17:15  BuildStamp: freesurfer-linux-ubuntu22_x86_64-7.3.2-20220804-6354275  User: oesteban  Machine: dna013  Platform: Linux  PlatformVersion: 5.14.0-427.37.1.el9_4.x86_64  CompilerName: GCC  CompilerVersion: 8.4.0
ProgramName: mri_surf2volseg  ProgramArguments: mri_surf2volseg -all-info  ProgramVersion: 7.3.2  TimeStamp: 2026/03/11-15:42:35-GMT  BuildTime: Aug  4 2022 06:17:15  BuildStamp: freesurfer-linux-ubuntu22_x86_64-7.3.2-20220804-6354275  User: oesteban  Machine: dna013  Platform: Linux  PlatformVersion: 5.14.0-427.37.1.el9_4.x86_64  CompilerName: GCC  CompilerVersion: 8.4.0
ProgramName: mri_binarize  ProgramArguments: mri_binarize -all-info  ProgramVersion: 7.3.2  TimeStamp: 2026/03/11-15:42:35-GMT  BuildTime: Aug  4 2022 06:17:15  BuildStamp: freesurfer-linux-ubuntu22_x86_64-7.3.2-20220804-6354275  User: oesteban  Machine: dna013  Platform: Linux  PlatformVersion: 5.14.0-427.37.1.el9_4.x86_64  CompilerName: GCC  CompilerVersion: 8.4.0
ProgramName: mri_ca_label  ProgramArguments: mri_ca_label -all-info  ProgramVersion: 7.3.2  TimeStamp: 2026/03/11-15:42:35-GMT  BuildTime: Aug  4 2022 06:17:15  BuildStamp: freesurfer-linux-ubuntu22_x86_64-7.3.2-20220804-6354275  User: oesteban  Machine: dna013  Platform: Linux  PlatformVersion: 5.14.0-427.37.1.el9_4.x86_64  CompilerName: GCC  CompilerVersion: 8.4.0
ProgramName: mri_ca_normalize  ProgramArguments: mri_ca_normalize -all-info  ProgramVersion: 7.3.2  TimeStamp: 2026/03/11-15:42:35-GMT  BuildTime: Aug  4 2022 06:17:15  BuildStamp: freesurfer-linux-ubuntu22_x86_64-7.3.2-20220804-6354275  User: oesteban  Machine: dna013  Platform: Linux  PlatformVersion: 5.14.0-427.37.1.el9_4.x86_64  CompilerName: GCC  CompilerVersion: 8.4.0
ProgramName: mri_ca_register  ProgramArguments: mri_ca_register -all-info  ProgramVersion: 7.3.2  TimeStamp: 2026/03/11-15:42:35-GMT  BuildTime: Aug  4 2022 06:17:15  BuildStamp: freesurfer-linux-ubuntu22_x86_64-7.3.2-20220804-6354275  User: oesteban  Machine: dna013  Platform: Linux  PlatformVersion: 5.14.0-427.37.1.el9_4.x86_64  CompilerName: GCC  CompilerVersion: 8.4.0
ProgramName: mri_cc  ProgramArguments: mri_cc -all-info  ProgramVersion: 7.3.2  TimeStamp: 2026/03/11-15:42:35-GMT  BuildTime: Aug  4 2022 06:17:15  BuildStamp: freesurfer-linux-ubuntu22_x86_64-7.3.2-20220804-6354275  User: oesteban  Machine: dna013  Platform: Linux  PlatformVersion: 5.14.0-427.37.1.el9_4.x86_64  CompilerName: GCC  CompilerVersion: 8.4.0
ProgramName: mri_compute_overlap  ProgramArguments: mri_compute_overlap -all-info  ProgramVersion: 7.3.2  TimeStamp: 2026/03/11-15:42:35-GMT  BuildTime: Aug  4 2022 06:17:15  BuildStamp: freesurfer-linux-ubuntu22_x86_64-7.3.2-20220804-6354275  User: oesteban  Machine: dna013  Platform: Linux  PlatformVersion: 5.14.0-427.37.1.el9_4.x86_64  CompilerName: GCC  CompilerVersion: 8.4.0
ProgramName: mri_compute_seg_overlap  ProgramArguments: mri_compute_seg_overlap -all-info  ProgramVersion: 7.3.2  TimeStamp: 2026/03/11-15:42:35-GMT  BuildTime: Aug  4 2022 06:17:15  BuildStamp: freesurfer-linux-ubuntu22_x86_64-7.3.2-20220804-6354275  User: oesteban  Machine: dna013  Platform: Linux  PlatformVersion: 5.14.0-427.37.1.el9_4.x86_64  CompilerName: GCC  CompilerVersion: 8.4.0
ProgramName: mri_concat  ProgramArguments: mri_concat -all-info  ProgramVersion: 7.3.2  TimeStamp: 2026/03/11-15:42:35-GMT  BuildTime: Aug  4 2022 06:17:15  BuildStamp: freesurfer-linux-ubuntu22_x86_64-7.3.2-20220804-6354275  User: oesteban  Machine: dna013  Platform: Linux  PlatformVersion: 5.14.0-427.37.1.el9_4.x86_64  CompilerName: GCC  CompilerVersion: 8.4.0
ProgramName: mri_concatenate_lta  ProgramArguments: mri_concatenate_lta -all-info  ProgramVersion: 7.3.2  TimeStamp: 2026/03/11-15:42:35-GMT  BuildTime: Aug  4 2022 06:17:15  BuildStamp: freesurfer-linux-ubuntu22_x86_64-7.3.2-20220804-6354275  User: oesteban  Machine: dna013  Platform: Linux  PlatformVersion: 5.14.0-427.37.1.el9_4.x86_64  CompilerName: GCC  CompilerVersion: 8.4.0
mri_convert -all-info 
ProgramName: mri_convert  ProgramArguments: mri_convert -all-info  ProgramVersion: 7.3.2  TimeStamp: 2026/03/11-15:42:35-GMT  BuildTime: Aug  4 2022 06:17:15  BuildStamp: freesurfer-linux-ubuntu22_x86_64-7.3.2-20220804-6354275  User: oesteban  Machine: dna013  Platform: Linux  PlatformVersion: 5.14.0-427.37.1.el9_4.x86_64  CompilerName: GCC  CompilerVersion: 8.4.0
ProgramName: mri_diff  ProgramArguments: mri_diff -all-info  ProgramVersion: 7.3.2  TimeStamp: 2026/03/11-15:42:35-GMT  BuildTime: Aug  4 2022 06:17:15  BuildStamp: freesurfer-linux-ubuntu22_x86_64-7.3.2-20220804-6354275  User: oesteban  Machine: dna013  Platform: Linux  PlatformVersion: 5.14.0-427.37.1.el9_4.x86_64  CompilerName: GCC  CompilerVersion: 8.4.0
ProgramName: mri_edit_wm_with_aseg  ProgramArguments: mri_edit_wm_with_aseg -all-info  ProgramVersion: 7.3.2  TimeStamp: 2026/03/11-15:42:35-GMT  BuildTime: Aug  4 2022 06:17:15  BuildStamp: freesurfer-linux-ubuntu22_x86_64-7.3.2-20220804-6354275  User: oesteban  Machine: dna013  Platform: Linux  PlatformVersion: 5.14.0-427.37.1.el9_4.x86_64  CompilerName: GCC  CompilerVersion: 8.4.0
ProgramName: mri_em_register  ProgramArguments: mri_em_register -all-info  ProgramVersion: 7.3.2  TimeStamp: 2026/03/11-15:42:35-GMT  BuildTime: Aug  4 2022 06:17:15  BuildStamp: freesurfer-linux-ubuntu22_x86_64-7.3.2-20220804-6354275  User: oesteban  Machine: dna013  Platform: Linux  PlatformVersion: 5.14.0-427.37.1.el9_4.x86_64  CompilerName: GCC  CompilerVersion: 8.4.0
ProgramName: mri_fill  ProgramArguments: mri_fill -all-info  ProgramVersion: 7.3.2  TimeStamp: 2026/03/11-15:42:35-GMT  BuildTime: Aug  4 2022 06:17:15  BuildStamp: freesurfer-linux-ubuntu22_x86_64-7.3.2-20220804-6354275  User: oesteban  Machine: dna013  Platform: Linux  PlatformVersion: 5.14.0-427.37.1.el9_4.x86_64  CompilerName: GCC  CompilerVersion: 8.4.0
ProgramName: mri_fuse_segmentations  ProgramArguments: mri_fuse_segmentations -all-info  ProgramVersion: 7.3.2  TimeStamp: 2026/03/11-15:42:35-GMT  BuildTime: Aug  4 2022 06:17:15  BuildStamp: freesurfer-linux-ubuntu22_x86_64-7.3.2-20220804-6354275  User: oesteban  Machine: dna013  Platform: Linux  PlatformVersion: 5.14.0-427.37.1.el9_4.x86_64  CompilerName: GCC  CompilerVersion: 8.4.0
ProgramName: mri_fwhm  ProgramArguments: mri_fwhm -all-info  ProgramVersion: 7.3.2  TimeStamp: 2026/03/11-15:42:35-GMT  BuildTime: Aug  4 2022 06:17:15  BuildStamp: freesurfer-linux-ubuntu22_x86_64-7.3.2-20220804-6354275  User: oesteban  Machine: dna013  Platform: Linux  PlatformVersion: 5.14.0-427.37.1.el9_4.x86_64  CompilerName: GCC  CompilerVersion: 8.4.0
ProgramName: mri_gcut  ProgramArguments: mri_gcut -all-info  ProgramVersion: 7.3.2  TimeStamp: 2026/03/11-15:42:35-GMT  BuildTime: Aug  4 2022 06:17:15  BuildStamp: freesurfer-linux-ubuntu22_x86_64-7.3.2-20220804-6354275  User: oesteban  Machine: dna013  Platform: Linux  PlatformVersion: 5.14.0-427.37.1.el9_4.x86_64  CompilerName: GCC  CompilerVersion: 8.4.0
ProgramName: mri_info  ProgramArguments: mri_info -all-info  ProgramVersion: 7.3.2  TimeStamp: 2026/03/11-15:42:35-GMT  BuildTime: Aug  4 2022 06:17:15  BuildStamp: freesurfer-linux-ubuntu22_x86_64-7.3.2-20220804-6354275  User: oesteban  Machine: dna013  Platform: Linux  PlatformVersion: 5.14.0-427.37.1.el9_4.x86_64  CompilerName: GCC  CompilerVersion: 8.4.0
ProgramName: mri_label2label  ProgramArguments: mri_label2label -all-info  ProgramVersion: 7.3.2  TimeStamp: 2026/03/11-15:42:35-GMT  BuildTime: Aug  4 2022 06:17:15  BuildStamp: freesurfer-linux-ubuntu22_x86_64-7.3.2-20220804-6354275  User: oesteban  Machine: dna013  Platform: Linux  PlatformVersion: 5.14.0-427.37.1.el9_4.x86_64  CompilerName: GCC  CompilerVersion: 8.4.0
ProgramName: mri_label2vol  ProgramArguments: mri_label2vol -all-info  ProgramVersion: 7.3.2  TimeStamp: 2026/03/11-15:42:35-GMT  BuildTime: Aug  4 2022 06:17:15  BuildStamp: freesurfer-linux-ubuntu22_x86_64-7.3.2-20220804-6354275  User: oesteban  Machine: dna013  Platform: Linux  PlatformVersion: 5.14.0-427.37.1.el9_4.x86_64  CompilerName: GCC  CompilerVersion: 8.4.0
ProgramName: mri_log_likelihood  ProgramArguments: mri_log_likelihood -all-info  ProgramVersion: 7.3.2  TimeStamp: 2026/03/11-15:42:35-GMT  BuildTime: Aug  4 2022 06:17:15  BuildStamp: freesurfer-linux-ubuntu22_x86_64-7.3.2-20220804-6354275  User: oesteban  Machine: dna013  Platform: Linux  PlatformVersion: 5.14.0-427.37.1.el9_4.x86_64  CompilerName: GCC  CompilerVersion: 8.4.0
ProgramName: mri_mask  ProgramArguments: mri_mask -all-info  ProgramVersion: 7.3.2  TimeStamp: 2026/03/11-15:42:35-GMT  BuildTime: Aug  4 2022 06:17:15  BuildStamp: freesurfer-linux-ubuntu22_x86_64-7.3.2-20220804-6354275  User: oesteban  Machine: dna013  Platform: Linux  PlatformVersion: 5.14.0-427.37.1.el9_4.x86_64  CompilerName: GCC  CompilerVersion: 8.4.0
ProgramName: mri_matrix_multiply  ProgramArguments: mri_matrix_multiply -all-info  ProgramVersion: 7.3.2  TimeStamp: 2026/03/11-15:42:35-GMT  BuildTime: Aug  4 2022 06:17:15  BuildStamp: freesurfer-linux-ubuntu22_x86_64-7.3.2-20220804-6354275  User: oesteban  Machine: dna013  Platform: Linux  PlatformVersion: 5.14.0-427.37.1.el9_4.x86_64  CompilerName: GCC  CompilerVersion: 8.4.0
ProgramName: mri_normalize  ProgramArguments: mri_normalize -all-info  ProgramVersion: 7.3.2  TimeStamp: 2026/03/11-15:42:35-GMT  BuildTime: Aug  4 2022 06:17:15  BuildStamp: freesurfer-linux-ubuntu22_x86_64-7.3.2-20220804-6354275  User: oesteban  Machine: dna013  Platform: Linux  PlatformVersion: 5.14.0-427.37.1.el9_4.x86_64  CompilerName: GCC  CompilerVersion: 8.4.0
ProgramName: mri_normalize_tp2  ProgramArguments: mri_normalize_tp2 -all-info  ProgramVersion: 7.3.2  TimeStamp: 2026/03/11-15:42:35-GMT  BuildTime: Aug  4 2022 06:17:15  BuildStamp: freesurfer-linux-ubuntu22_x86_64-7.3.2-20220804-6354275  User: oesteban  Machine: dna013  Platform: Linux  PlatformVersion: 5.14.0-427.37.1.el9_4.x86_64  CompilerName: GCC  CompilerVersion: 8.4.0
ProgramName: mri_or  ProgramArguments: mri_or -all-info  ProgramVersion: 7.3.2  TimeStamp: 2026/03/11-15:42:35-GMT  BuildTime: Aug  4 2022 06:17:15  BuildStamp: freesurfer-linux-ubuntu22_x86_64-7.3.2-20220804-6354275  User: oesteban  Machine: dna013  Platform: Linux  PlatformVersion: 5.14.0-427.37.1.el9_4.x86_64  CompilerName: GCC  CompilerVersion: 8.4.0
ProgramName: mri_relabel_hypointensities  ProgramArguments: mri_relabel_hypointensities -all-info  ProgramVersion: 7.3.2  TimeStamp: 2026/03/11-15:42:35-GMT  BuildTime: Aug  4 2022 06:17:15  BuildStamp: freesurfer-linux-ubuntu22_x86_64-7.3.2-20220804-6354275  User: oesteban  Machine: dna013  Platform: Linux  PlatformVersion: 5.14.0-427.37.1.el9_4.x86_64  CompilerName: GCC  CompilerVersion: 8.4.0
ProgramName: mri_relabel_nonwm_hypos  ProgramArguments: mri_relabel_nonwm_hypos -all-info  ProgramVersion: 7.3.2  TimeStamp: 2026/03/11-15:42:35-GMT  BuildTime: Aug  4 2022 06:17:15  BuildStamp: freesurfer-linux-ubuntu22_x86_64-7.3.2-20220804-6354275  User: oesteban  Machine: dna013  Platform: Linux  PlatformVersion: 5.14.0-427.37.1.el9_4.x86_64  CompilerName: GCC  CompilerVersion: 8.4.0
ProgramName: mri_remove_neck  ProgramArguments: mri_remove_neck -all-info  ProgramVersion: 7.3.2  TimeStamp: 2026/03/11-15:42:35-GMT  BuildTime: Aug  4 2022 06:17:15  BuildStamp: freesurfer-linux-ubuntu22_x86_64-7.3.2-20220804-6354275  User: oesteban  Machine: dna013  Platform: Linux  PlatformVersion: 5.14.0-427.37.1.el9_4.x86_64  CompilerName: GCC  CompilerVersion: 8.4.0
7.3.2

ProgramName: mri_robust_register  ProgramArguments: mri_robust_register -all-info  ProgramVersion: 7.3.2  TimeStamp: 2026/03/11-15:42:35-GMT  BuildTime: Aug  4 2022 06:17:15  BuildStamp: freesurfer-linux-ubuntu22_x86_64-7.3.2-20220804-6354275  User: oesteban  Machine: dna013  Platform: Linux  PlatformVersion: 5.14.0-427.37.1.el9_4.x86_64  CompilerName: GCC  CompilerVersion: 8.4.0
7.3.2

ProgramName: mri_robust_template  ProgramArguments: mri_robust_template -all-info  ProgramVersion: 7.3.2  TimeStamp: 2026/03/11-15:42:35-GMT  BuildTime: Aug  4 2022 06:17:15  BuildStamp: freesurfer-linux-ubuntu22_x86_64-7.3.2-20220804-6354275  User: oesteban  Machine: dna013  Platform: Linux  PlatformVersion: 5.14.0-427.37.1.el9_4.x86_64  CompilerName: GCC  CompilerVersion: 8.4.0
ProgramName: mris_anatomical_stats  ProgramArguments: mris_anatomical_stats -all-info  ProgramVersion: 7.3.2  TimeStamp: 2026/03/11-15:42:35-GMT  BuildTime: Aug  4 2022 06:17:15  BuildStamp: freesurfer-linux-ubuntu22_x86_64-7.3.2-20220804-6354275  User: oesteban  Machine: dna013  Platform: Linux  PlatformVersion: 5.14.0-427.37.1.el9_4.x86_64  CompilerName: GCC  CompilerVersion: 8.4.0
ProgramName: mris_ca_label  ProgramArguments: mris_ca_label -all-info  ProgramVersion: 7.3.2  TimeStamp: 2026/03/11-15:42:35-GMT  BuildTime: Aug  4 2022 06:17:15  BuildStamp: freesurfer-linux-ubuntu22_x86_64-7.3.2-20220804-6354275  User: oesteban  Machine: dna013  Platform: Linux  PlatformVersion: 5.14.0-427.37.1.el9_4.x86_64  CompilerName: GCC  CompilerVersion: 8.4.0
ProgramName: mris_calc  ProgramArguments: mris_calc -all-info  ProgramVersion: 7.3.2  TimeStamp: 2026/03/11-15:42:35-GMT  BuildTime: Aug  4 2022 06:17:15  BuildStamp: freesurfer-linux-ubuntu22_x86_64-7.3.2-20220804-6354275  User: oesteban  Machine: dna013  Platform: Linux  PlatformVersion: 5.14.0-427.37.1.el9_4.x86_64  CompilerName: GCC  CompilerVersion: 8.4.0
ProgramName: mris_convert  ProgramArguments: mris_convert -all-info  ProgramVersion: 7.3.2  TimeStamp: 2026/03/11-15:42:35-GMT  BuildTime: Aug  4 2022 06:17:15  BuildStamp: freesurfer-linux-ubuntu22_x86_64-7.3.2-20220804-6354275  User: oesteban  Machine: dna013  Platform: Linux  PlatformVersion: 5.14.0-427.37.1.el9_4.x86_64  CompilerName: GCC  CompilerVersion: 8.4.0
ProgramName: mris_curvature  ProgramArguments: mris_curvature -all-info  ProgramVersion: 7.3.2  TimeStamp: 2026/03/11-15:42:35-GMT  BuildTime: Aug  4 2022 06:17:15  BuildStamp: freesurfer-linux-ubuntu22_x86_64-7.3.2-20220804-6354275  User: oesteban  Machine: dna013  Platform: Linux  PlatformVersion: 5.14.0-427.37.1.el9_4.x86_64  CompilerName: GCC  CompilerVersion: 8.4.0
ProgramName: mris_curvature_stats  ProgramArguments: mris_curvature_stats -all-info  ProgramVersion: 7.3.2  TimeStamp: 2026/03/11-15:42:35-GMT  BuildTime: Aug  4 2022 06:17:15  BuildStamp: freesurfer-linux-ubuntu22_x86_64-7.3.2-20220804-6354275  User: oesteban  Machine: dna013  Platform: Linux  PlatformVersion: 5.14.0-427.37.1.el9_4.x86_64  CompilerName: GCC  CompilerVersion: 8.4.0
ProgramName: mris_diff  ProgramArguments: mris_diff -all-info  ProgramVersion: 7.3.2  TimeStamp: 2026/03/11-15:42:35-GMT  BuildTime: Aug  4 2022 06:17:15  BuildStamp: freesurfer-linux-ubuntu22_x86_64-7.3.2-20220804-6354275  User: oesteban  Machine: dna013  Platform: Linux  PlatformVersion: 5.14.0-427.37.1.el9_4.x86_64  CompilerName: GCC  CompilerVersion: 8.4.0
ProgramName: mris_divide_parcellation  ProgramArguments: mris_divide_parcellation -all-info  ProgramVersion: 7.3.2  TimeStamp: 2026/03/11-15:42:35-GMT  BuildTime: Aug  4 2022 06:17:15  BuildStamp: freesurfer-linux-ubuntu22_x86_64-7.3.2-20220804-6354275  User: oesteban  Machine: dna013  Platform: Linux  PlatformVersion: 5.14.0-427.37.1.el9_4.x86_64  CompilerName: GCC  CompilerVersion: 8.4.0
ProgramName: mri_segment  ProgramArguments: mri_segment -all-info  ProgramVersion: 7.3.2  TimeStamp: 2026/03/11-15:42:35-GMT  BuildTime: Aug  4 2022 06:17:15  BuildStamp: freesurfer-linux-ubuntu22_x86_64-7.3.2-20220804-6354275  User: oesteban  Machine: dna013  Platform: Linux  PlatformVersion: 5.14.0-427.37.1.el9_4.x86_64  CompilerName: GCC  CompilerVersion: 8.4.0
ProgramName: mri_segstats  ProgramArguments: mri_segstats -all-info  ProgramVersion: 7.3.2  TimeStamp: 2026/03/11-15:42:35-GMT  BuildTime: Aug  4 2022 06:17:15  BuildStamp: freesurfer-linux-ubuntu22_x86_64-7.3.2-20220804-6354275  User: oesteban  Machine: dna013  Platform: Linux  PlatformVersion: 5.14.0-427.37.1.el9_4.x86_64  CompilerName: GCC  CompilerVersion: 8.4.0
ProgramName: mris_euler_number  ProgramArguments: mris_euler_number -all-info  ProgramVersion: 7.3.2  TimeStamp: 2026/03/11-15:42:35-GMT  BuildTime: Aug  4 2022 06:17:15  BuildStamp: freesurfer-linux-ubuntu22_x86_64-7.3.2-20220804-6354275  User: oesteban  Machine: dna013  Platform: Linux  PlatformVersion: 5.14.0-427.37.1.el9_4.x86_64  CompilerName: GCC  CompilerVersion: 8.4.0
ProgramName: mris_fix_topology  ProgramArguments: mris_fix_topology -all-info  ProgramVersion: 7.3.2  TimeStamp: 2026/03/11-15:42:35-GMT  BuildTime: Aug  4 2022 06:17:15  BuildStamp: freesurfer-linux-ubuntu22_x86_64-7.3.2-20220804-6354275  User: oesteban  Machine: dna013  Platform: Linux  PlatformVersion: 5.14.0-427.37.1.el9_4.x86_64  CompilerName: GCC  CompilerVersion: 8.4.0
ProgramName: mris_topo_fixer  ProgramArguments: mris_topo_fixer -all-info  ProgramVersion: 7.3.2  TimeStamp: 2026/03/11-15:42:35-GMT  BuildTime: Aug  4 2022 06:17:15  BuildStamp: freesurfer-linux-ubuntu22_x86_64-7.3.2-20220804-6354275  User: oesteban  Machine: dna013  Platform: Linux  PlatformVersion: 5.14.0-427.37.1.el9_4.x86_64  CompilerName: GCC  CompilerVersion: 8.4.0
ProgramName: mris_jacobian  ProgramArguments: mris_jacobian -all-info  ProgramVersion: 7.3.2  TimeStamp: 2026/03/11-15:42:35-GMT  BuildTime: Aug  4 2022 06:17:15  BuildStamp: freesurfer-linux-ubuntu22_x86_64-7.3.2-20220804-6354275  User: oesteban  Machine: dna013  Platform: Linux  PlatformVersion: 5.14.0-427.37.1.el9_4.x86_64  CompilerName: GCC  CompilerVersion: 8.4.0
ProgramName: mris_label2annot  ProgramArguments: mris_label2annot -all-info  ProgramVersion: 7.3.2  TimeStamp: 2026/03/11-15:42:35-GMT  BuildTime: Aug  4 2022 06:17:15  BuildStamp: freesurfer-linux-ubuntu22_x86_64-7.3.2-20220804-6354275  User: oesteban  Machine: dna013  Platform: Linux  PlatformVersion: 5.14.0-427.37.1.el9_4.x86_64  CompilerName: GCC  CompilerVersion: 8.4.0
ProgramName: mris_left_right_register  ProgramArguments: mris_left_right_register -all-info  ProgramVersion: 7.3.2  TimeStamp: 2026/03/11-15:42:35-GMT  BuildTime: Aug  4 2022 06:17:15  BuildStamp: freesurfer-linux-ubuntu22_x86_64-7.3.2-20220804-6354275  User: oesteban  Machine: dna013  Platform: Linux  PlatformVersion: 5.14.0-427.37.1.el9_4.x86_64  CompilerName: GCC  CompilerVersion: 8.4.0
ProgramName: mris_place_surface  ProgramArguments: mris_place_surface -all-info  ProgramVersion: 7.3.2  TimeStamp: 2026/03/11-15:42:35-GMT  BuildTime: Aug  4 2022 06:17:15  BuildStamp: freesurfer-linux-ubuntu22_x86_64-7.3.2-20220804-6354275  User: oesteban  Machine: dna013  Platform: Linux  PlatformVersion: 5.14.0-427.37.1.el9_4.x86_64  CompilerName: GCC  CompilerVersion: 8.4.0
ProgramName: mrisp_paint  ProgramArguments: mrisp_paint -all-info  ProgramVersion: 7.3.2  TimeStamp: 2026/03/11-15:42:35-GMT  BuildTime: Aug  4 2022 06:17:15  BuildStamp: freesurfer-linux-ubuntu22_x86_64-7.3.2-20220804-6354275  User: oesteban  Machine: dna013  Platform: Linux  PlatformVersion: 5.14.0-427.37.1.el9_4.x86_64  CompilerName: GCC  CompilerVersion: 8.4.0
ProgramName: mris_register  ProgramArguments: mris_register -all-info  ProgramVersion: 7.3.2  TimeStamp: 2026/03/11-15:42:35-GMT  BuildTime: Aug  4 2022 06:17:15  BuildStamp: freesurfer-linux-ubuntu22_x86_64-7.3.2-20220804-6354275  User: oesteban  Machine: dna013  Platform: Linux  PlatformVersion: 5.14.0-427.37.1.el9_4.x86_64  CompilerName: GCC  CompilerVersion: 8.4.0
ProgramName: mris_smooth  ProgramArguments: mris_smooth -all-info  ProgramVersion: 7.3.2  TimeStamp: 2026/03/11-15:42:35-GMT  BuildTime: Aug  4 2022 06:17:15  BuildStamp: freesurfer-linux-ubuntu22_x86_64-7.3.2-20220804-6354275  User: oesteban  Machine: dna013  Platform: Linux  PlatformVersion: 5.14.0-427.37.1.el9_4.x86_64  CompilerName: GCC  CompilerVersion: 8.4.0
ProgramName: mris_sphere  ProgramArguments: mris_sphere -all-info  ProgramVersion: 7.3.2  TimeStamp: 2026/03/11-15:42:35-GMT  BuildTime: Aug  4 2022 06:17:15  BuildStamp: freesurfer-linux-ubuntu22_x86_64-7.3.2-20220804-6354275  User: oesteban  Machine: dna013  Platform: Linux  PlatformVersion: 5.14.0-427.37.1.el9_4.x86_64  CompilerName: GCC  CompilerVersion: 8.4.0
ProgramName: mris_surface_stats  ProgramArguments: mris_surface_stats -all-info  ProgramVersion: 7.3.2  TimeStamp: 2026/03/11-15:42:35-GMT  BuildTime: Aug  4 2022 06:17:15  BuildStamp: freesurfer-linux-ubuntu22_x86_64-7.3.2-20220804-6354275  User: oesteban  Machine: dna013  Platform: Linux  PlatformVersion: 5.14.0-427.37.1.el9_4.x86_64  CompilerName: GCC  CompilerVersion: 8.4.0
ProgramName: mri_stats2seg  ProgramArguments: mri_stats2seg -all-info  ProgramVersion: 7.3.2  TimeStamp: 2026/03/11-15:42:35-GMT  BuildTime: Aug  4 2022 06:17:15  BuildStamp: freesurfer-linux-ubuntu22_x86_64-7.3.2-20220804-6354275  User: oesteban  Machine: dna013  Platform: Linux  PlatformVersion: 5.14.0-427.37.1.el9_4.x86_64  CompilerName: GCC  CompilerVersion: 8.4.0
ProgramName: mris_thickness  ProgramArguments: mris_thickness -all-info  ProgramVersion: 7.3.2  TimeStamp: 2026/03/11-15:42:35-GMT  BuildTime: Aug  4 2022 06:17:15  BuildStamp: freesurfer-linux-ubuntu22_x86_64-7.3.2-20220804-6354275  User: oesteban  Machine: dna013  Platform: Linux  PlatformVersion: 5.14.0-427.37.1.el9_4.x86_64  CompilerName: GCC  CompilerVersion: 8.4.0
ProgramName: mris_thickness_diff  ProgramArguments: mris_thickness_diff -all-info  ProgramVersion: 7.3.2  TimeStamp: 2026/03/11-15:42:35-GMT  BuildTime: Aug  4 2022 06:17:15  BuildStamp: freesurfer-linux-ubuntu22_x86_64-7.3.2-20220804-6354275  User: oesteban  Machine: dna013  Platform: Linux  PlatformVersion: 5.14.0-427.37.1.el9_4.x86_64  CompilerName: GCC  CompilerVersion: 8.4.0
ProgramName: mris_topo_fixer  ProgramArguments: mris_topo_fixer -all-info  ProgramVersion: 7.3.2  TimeStamp: 2026/03/11-15:42:35-GMT  BuildTime: Aug  4 2022 06:17:15  BuildStamp: freesurfer-linux-ubuntu22_x86_64-7.3.2-20220804-6354275  User: oesteban  Machine: dna013  Platform: Linux  PlatformVersion: 5.14.0-427.37.1.el9_4.x86_64  CompilerName: GCC  CompilerVersion: 8.4.0
ProgramName: mri_surf2surf  ProgramArguments: mri_surf2surf -all-info  ProgramVersion: 7.3.2  TimeStamp: 2026/03/11-15:42:35-GMT  BuildTime: Aug  4 2022 06:17:15  BuildStamp: freesurfer-linux-ubuntu22_x86_64-7.3.2-20220804-6354275  User: oesteban  Machine: dna013  Platform: Linux  PlatformVersion: 5.14.0-427.37.1.el9_4.x86_64  CompilerName: GCC  CompilerVersion: 8.4.0
ProgramName: mri_surf2vol  ProgramArguments: mri_surf2vol -all-info  ProgramVersion: 7.3.2  TimeStamp: 2026/03/11-15:42:35-GMT  BuildTime: Aug  4 2022 06:17:15  BuildStamp: freesurfer-linux-ubuntu22_x86_64-7.3.2-20220804-6354275  User: oesteban  Machine: dna013  Platform: Linux  PlatformVersion: 5.14.0-427.37.1.el9_4.x86_64  CompilerName: GCC  CompilerVersion: 8.4.0
ProgramName: mri_surfcluster  ProgramArguments: mri_surfcluster -all-info  ProgramVersion: 7.3.2  TimeStamp: 2026/03/11-15:42:35-GMT  BuildTime: Aug  4 2022 06:17:15  BuildStamp: freesurfer-linux-ubuntu22_x86_64-7.3.2-20220804-6354275  User: oesteban  Machine: dna013  Platform: Linux  PlatformVersion: 5.14.0-427.37.1.el9_4.x86_64  CompilerName: GCC  CompilerVersion: 8.4.0
ProgramName: mris_volmask  ProgramArguments: mris_volmask -all-info  ProgramVersion: 7.3.2  TimeStamp: 2026/03/11-15:42:35-GMT  BuildTime: Aug  4 2022 06:17:15  BuildStamp: freesurfer-linux-ubuntu22_x86_64-7.3.2-20220804-6354275  User: oesteban  Machine: dna013  Platform: Linux  PlatformVersion: 5.14.0-427.37.1.el9_4.x86_64  CompilerName: GCC  CompilerVersion: 8.4.0
ProgramName: mri_tessellate  ProgramArguments: mri_tessellate -all-info  ProgramVersion: 7.3.2  TimeStamp: 2026/03/11-15:42:35-GMT  BuildTime: Aug  4 2022 06:17:15  BuildStamp: freesurfer-linux-ubuntu22_x86_64-7.3.2-20220804-6354275  User: oesteban  Machine: dna013  Platform: Linux  PlatformVersion: 5.14.0-427.37.1.el9_4.x86_64  CompilerName: GCC  CompilerVersion: 8.4.0
ProgramName: mri_vol2surf  ProgramArguments: mri_vol2surf -all-info  ProgramVersion: 7.3.2  TimeStamp: 2026/03/11-15:42:35-GMT  BuildTime: Aug  4 2022 06:17:15  BuildStamp: freesurfer-linux-ubuntu22_x86_64-7.3.2-20220804-6354275  User: oesteban  Machine: dna013  Platform: Linux  PlatformVersion: 5.14.0-427.37.1.el9_4.x86_64  CompilerName: GCC  CompilerVersion: 8.4.0
ProgramName: mri_vol2vol  ProgramArguments: mri_vol2vol -all-info  ProgramVersion: 7.3.2  TimeStamp: 2026/03/11-15:42:35-GMT  BuildTime: Aug  4 2022 06:17:15  BuildStamp: freesurfer-linux-ubuntu22_x86_64-7.3.2-20220804-6354275  User: oesteban  Machine: dna013  Platform: Linux  PlatformVersion: 5.14.0-427.37.1.el9_4.x86_64  CompilerName: GCC  CompilerVersion: 8.4.0
ProgramName: mri_voldiff  ProgramArguments: mri_voldiff -all-info  ProgramVersion: 7.3.2  TimeStamp: 2026/03/11-15:42:35-GMT  BuildTime: Aug  4 2022 06:17:15  BuildStamp: freesurfer-linux-ubuntu22_x86_64-7.3.2-20220804-6354275  User: oesteban  Machine: dna013  Platform: Linux  PlatformVersion: 5.14.0-427.37.1.el9_4.x86_64  CompilerName: GCC  CompilerVersion: 8.4.0
ProgramName: mri_watershed  ProgramArguments: mri_watershed -all-info  ProgramVersion: 7.3.2  TimeStamp: 2026/03/11-15:42:35-GMT  BuildTime: Aug  4 2022 06:17:15  BuildStamp: freesurfer-linux-ubuntu22_x86_64-7.3.2-20220804-6354275  User: oesteban  Machine: dna013  Platform: Linux  PlatformVersion: 5.14.0-427.37.1.el9_4.x86_64  CompilerName: GCC  CompilerVersion: 8.4.0
ProgramName: tkregister2  ProgramArguments: tkregister2_cmdl -all-info  ProgramVersion: 7.3.2  TimeStamp: 2026/03/11-15:42:35-GMT  BuildTime: Aug  4 2022 06:17:15  BuildStamp: freesurfer-linux-ubuntu22_x86_64-7.3.2-20220804-6354275  User: oesteban  Machine: dna013  Platform: Linux  PlatformVersion: 5.14.0-427.37.1.el9_4.x86_64  CompilerName: GCC  CompilerVersion: 8.4.0
mri_motion_correct.fsl 7.3.2
mri_convert -all-info 
ProgramName: mri_convert  ProgramArguments: mri_convert -all-info  ProgramVersion: 7.3.2  TimeStamp: 2026/03/11-15:42:35-GMT  BuildTime: Aug  4 2022 06:17:15  BuildStamp: freesurfer-linux-ubuntu22_x86_64-7.3.2-20220804-6354275  User: oesteban  Machine: dna013  Platform: Linux  PlatformVersion: 5.14.0-427.37.1.el9_4.x86_64  CompilerName: GCC  CompilerVersion: 8.4.0
Program nu_correct, built from:
Package MNI N3, version 1.12.0, compiled by nicks@terrier (x86_64-unknown-linux-gnu) on 2015-06-19 at 01:25:34
#######################################
GCADIR /opt/freesurfer/average
GCA RB_all_2020-01-02.gca
GCASkull RB_all_withskull_2020_01_02.gca
AvgCurvTif folding.atlas.acfb40.noaparc.i12.2016-08-02.tif
GCSDIR /opt/freesurfer/average
GCS DKaparc.atlas.acfb40.noaparc.i12.2016-08-02.gcs
#######################################
#--------------------------------------------
#@# AutoDetGWStats rh Wed Mar 11 16:42:35 CET 2026
cd /out/sourcedata/freesurfer/sub-v2s18x29519_ses-1/mri
mris_autodet_gwstats --o ../surf/autodet.gw.stats.rh.dat --i brain.finalsurfs.mgz --wm wm.mgz --surf ../surf/rh.orig.premesh
  Update not needed
#--------------------------------------------
#@# WhitePreAparc rh Wed Mar 11 16:42:35 CET 2026
cd /out/sourcedata/freesurfer/sub-v2s18x29519_ses-1/mri
mris_place_surface --adgws-in ../surf/autodet.gw.stats.rh.dat --wm wm.mgz --threads 16 --invol brain.finalsurfs.mgz --rh --i ../surf/rh.orig --o ../surf/rh.white.preaparc --white --seg aseg.presurf.mgz --nsmooth 5
   Update not needed
#--------------------------------------------
#@# CortexLabel rh Wed Mar 11 16:42:35 CET 2026
cd /out/sourcedata/freesurfer/sub-v2s18x29519_ses-1/mri
mri_label2label --label-cortex ../surf/rh.white.preaparc aseg.presurf.mgz 0 ../label/rh.cortex.label
   Update not needed
#--------------------------------------------
#@# CortexLabel+HipAmyg rh Wed Mar 11 16:42:35 CET 2026
cd /out/sourcedata/freesurfer/sub-v2s18x29519_ses-1/mri
mri_label2label --label-cortex ../surf/rh.white.preaparc aseg.presurf.mgz 1 ../label/rh.cortex+hipamyg.label
   Update not needed
#@# white curv rh Wed Mar 11 16:42:35 CET 2026
cd /out/sourcedata/freesurfer/sub-v2s18x29519_ses-1/mri
mris_place_surface --curv-map ../surf/rh.white 2 10 ../surf/rh.curv
   Update not needed
#@# white area rh Wed Mar 11 16:42:35 CET 2026
cd /out/sourcedata/freesurfer/sub-v2s18x29519_ses-1/mri
mris_place_surface --area-map ../surf/rh.white ../surf/rh.area
   Update not needed
#@# pial curv rh Wed Mar 11 16:42:35 CET 2026
cd /out/sourcedata/freesurfer/sub-v2s18x29519_ses-1/mri
mris_place_surface --curv-map ../surf/rh.pial 2 10 ../surf/rh.curv.pial
   Update not needed
#@# pial area rh Wed Mar 11 16:42:35 CET 2026
cd /out/sourcedata/freesurfer/sub-v2s18x29519_ses-1/mri
mris_place_surface --area-map ../surf/rh.pial ../surf/rh.area.pial
   Update not needed
#@# thickness rh Wed Mar 11 16:42:35 CET 2026
cd /out/sourcedata/freesurfer/sub-v2s18x29519_ses-1/mri
mris_place_surface --thickness ../surf/rh.white ../surf/rh.pial 20 5 ../surf/rh.thickness
   Update not needed
#@# area and vertex vol rh Wed Mar 11 16:42:35 CET 2026
cd /out/sourcedata/freesurfer/sub-v2s18x29519_ses-1/mri
mris_place_surface --thickness ../surf/rh.white ../surf/rh.pial 20 5 ../surf/rh.thickness
   Update not needed
#-----------------------------------------
#@# Parcellation Stats rh Wed Mar 11 16:42:35 CET 2026
/out/sourcedata/freesurfer/sub-v2s18x29519_ses-1/scripts

 mris_anatomical_stats -th3 -mgz -noglobal -cortex ../label/rh.cortex.label -f ../stats/rh.aparc.stats -b -a ../label/rh.aparc.annot -c ../label/aparc.annot.ctab sub-v2s18x29519_ses-1 rh white 

computing statistics for each annotation in ../label/rh.aparc.annot.
reading volume /out/sourcedata/freesurfer/sub-v2s18x29519_ses-1/mri/wm.mgz...
reading input surface /out/sourcedata/freesurfer/sub-v2s18x29519_ses-1/surf/rh.white...
reading input pial surface /out/sourcedata/freesurfer/sub-v2s18x29519_ses-1/surf/rh.pial...
reading input white surface /out/sourcedata/freesurfer/sub-v2s18x29519_ses-1/surf/rh.white...
INFO: using TH3 volume calc
INFO: assuming MGZ format for volumes.
INFO: not computing global stats
INFO: using ../label/rh.cortex.label as mask to calc cortex NumVert, SurfArea and MeanThickness.
Using TH3 vertex volume calc
Total face volume 217189
Total vertex volume 216959 (mask=0)
Saving annotation colortable ../label/aparc.annot.ctab

table columns are:
    number of vertices
    total surface area (mm^2)
    total gray matter volume (mm^3)
    average cortical thickness +- standard deviation (mm)
    integrated rectified mean curvature
    integrated rectified Gaussian curvature
    folding index
    intrinsic curvature index
    structure name

 1362    889   2442  2.819 0.357     0.095     0.014        8     0.9  bankssts
  816    510   1220  2.131 0.635     0.122     0.015       11     0.5  caudalanteriorcingulate
 2660   1741   5265  2.727 0.437     0.094     0.015       19     1.7  caudalmiddlefrontal
 1863   1289   2984  2.091 0.510     0.124     0.027       19     2.1  cuneus
  484    324   2004  3.830 0.696     0.123     0.025        6     0.5  entorhinal
 3607   2454   7908  2.839 0.558     0.115     0.022       39     3.1  fusiform
 7337   5077  15225  2.628 0.517     0.115     0.021       78     6.4  inferiorparietal
 3980   2792  10561  3.159 0.652     0.122     0.024       47     3.7  inferiortemporal
 1348    909   2151  2.078 0.815     0.112     0.022       17     1.0  isthmuscingulate
 5725   3947  10823  2.515 0.558     0.136     0.028       68     6.6  lateraloccipital
 3186   2259   6791  2.761 0.702     0.134     0.030       41     4.0  lateralorbitofrontal
 3299   2318   5720  2.209 0.596     0.131     0.029       37     4.2  lingual
 2321   1671   4697  2.471 0.637     0.120     0.029       34     2.2  medialorbitofrontal
 4931   3474  13456  3.107 0.576     0.110     0.018       49     3.8  middletemporal
  916    567   1856  2.744 0.636     0.088     0.014        7     0.4  parahippocampal
 2008   1225   3452  2.618 0.502     0.092     0.018       11     1.5  paracentral
 1850   1329   4239  2.782 0.408     0.115     0.021       20     1.6  parsopercularis
 1106    766   2721  2.847 0.600     0.128     0.026       15     1.1  parsorbitalis
 1770   1232   3632  2.554 0.527     0.105     0.017       15     1.2  parstriangularis
 1496   1041   1688  1.827 0.427     0.130     0.029       15     1.9  pericalcarine
 4943   3202   8031  2.246 0.713     0.104     0.018       38     3.7  postcentral
 1541   1049   2788  2.431 0.674     0.132     0.025       21     1.6  posteriorcingulate
 6245   4014  11944  2.722 0.636     0.108     0.020       49     5.1  precentral
 4926   3411   9430  2.608 0.491     0.123     0.023       54     4.6  precuneus
  688    464   1408  2.621 0.926     0.131     0.027       12     0.8  rostralanteriorcingulate
 6481   4713  12470  2.256 0.581     0.125     0.026       95     6.5  rostralmiddlefrontal
 8685   6121  19740  2.836 0.586     0.119     0.024       92     8.2  superiorfrontal
 6443   4401  12097  2.441 0.479     0.120     0.022       67     5.8  superiorparietal
 4755   3071  10615  3.009 0.480     0.090     0.014       34     2.7  superiortemporal
 4535   3096   9059  2.698 0.512     0.108     0.018       45     3.3  supramarginal
  387    346   1238  2.512 0.543     0.180     0.048       11     0.7  frontalpole
  558    409   2381  3.808 0.684     0.125     0.035        9     0.6  temporalpole
  414    263    760  2.753 0.400     0.104     0.015        4     0.2  transversetemporal
 2821   1902   6166  3.171 0.689     0.111     0.026       24     2.7  insula

 mris_anatomical_stats -th3 -mgz -noglobal -cortex ../label/rh.cortex.label -f ../stats/rh.aparc.pial.stats -b -a ../label/rh.aparc.annot -c ../label/aparc.annot.ctab sub-v2s18x29519_ses-1 rh pial 

computing statistics for each annotation in ../label/rh.aparc.annot.
reading volume /out/sourcedata/freesurfer/sub-v2s18x29519_ses-1/mri/wm.mgz...
reading input surface /out/sourcedata/freesurfer/sub-v2s18x29519_ses-1/surf/rh.pial...
reading input pial surface /out/sourcedata/freesurfer/sub-v2s18x29519_ses-1/surf/rh.pial...
reading input white surface /out/sourcedata/freesurfer/sub-v2s18x29519_ses-1/surf/rh.white...
INFO: using TH3 volume calc
INFO: assuming MGZ format for volumes.
INFO: not computing global stats
INFO: using ../label/rh.cortex.label as mask to calc cortex NumVert, SurfArea and MeanThickness.
Using TH3 vertex volume calc
Total face volume 217189
Total vertex volume 216959 (mask=0)
Saving annotation colortable ../label/aparc.annot.ctab

table columns are:
    number of vertices
    total surface area (mm^2)
    total gray matter volume (mm^3)
    average cortical thickness +- standard deviation (mm)
    integrated rectified mean curvature
    integrated rectified Gaussian curvature
    folding index
    intrinsic curvature index
    structure name

 1362    856   2442  2.819 0.357     0.111     0.030       16     1.7  bankssts
  816    652   1220  2.131 0.635     0.163     0.054       31     1.9  caudalanteriorcingulate
 2660   2056   5265  2.727 0.437     0.116     0.022       32     2.6  caudalmiddlefrontal
 1863   1644   2984  2.091 0.510     0.146     0.036       31     2.9  cuneus
  484    738   2004  3.830 0.696     0.344     0.110       21     2.5  entorhinal
 3607   3161   7908  2.839 0.558     0.149     0.037       87     5.8  fusiform
 7337   6320  15225  2.628 0.517     0.139     0.032      107     9.7  inferiorparietal
 3980   3789  10561  3.159 0.652     0.158     0.037      174     5.9  inferiortemporal
 1348   1210   2151  2.078 0.815     0.187     0.115      144     3.1  isthmuscingulate
 5725   4766  10823  2.515 0.558     0.143     0.036      197     7.7  lateraloccipital
 3186   2716   6791  2.761 0.702     0.166     0.044       95     5.8  lateralorbitofrontal
 3299   2996   5720  2.209 0.596     0.153     0.043      113     5.3  lingual
 2321   2180   4697  2.471 0.637     0.157     0.037       38     3.8  medialorbitofrontal
 4931   4958  13456  3.107 0.576     0.148     0.030       65     6.3  middletemporal
  916    801   1856  2.744 0.636     0.152     0.038       10     1.8  parahippocampal
 2008   1420   3452  2.618 0.502     0.105     0.023       27     2.0  paracentral
 1850   1734   4239  2.782 0.408     0.155     0.034       24     2.6  parsopercularis
 1106   1117   2721  2.847 0.600     0.174     0.038       19     1.7  parsorbitalis
 1770   1562   3632  2.554 0.527     0.137     0.026       20     1.9  parstriangularis
 1496    903   1688  1.827 0.427     0.115     0.036       28     1.9  pericalcarine
 4943   3921   8031  2.246 0.713     0.120     0.025       54     5.1  postcentral
 1541   1262   2788  2.431 0.674     0.165     0.049       52     3.2  posteriorcingulate
 6245   4601  11944  2.722 0.636     0.111     0.027      102     6.0  precentral
 4926   3839   9430  2.608 0.491     0.140     0.035      109     7.2  precuneus
  688    627   1408  2.621 0.926     0.174     0.049       25     1.6  rostralanteriorcingulate
 6481   6147  12470  2.256 0.581     0.162     0.033      104     9.5  rostralmiddlefrontal
 8685   7602  19740  2.836 0.586     0.148     0.036      208    12.4  superiorfrontal
 6443   5421  12097  2.441 0.479     0.141     0.033     2044     7.9  superiorparietal
 4755   3908  10615  3.009 0.480     0.126     0.026       53     5.2  superiortemporal
 4535   3582   9059  2.698 0.512     0.132     0.030       75     5.7  supramarginal
  387    650   1238  2.512 0.543     0.271     0.047        7     0.9  frontalpole
  558    828   2381  3.808 0.684     0.239     0.050       19     1.3  temporalpole
  414    306    760  2.753 0.400     0.113     0.028        3     0.5  transversetemporal
 2821   1864   6166  3.171 0.689     0.151     0.046      506     4.8  insula
#-----------------------------------------
#@# Parcellation Stats 2 rh Wed Mar 11 16:42:48 CET 2026
/out/sourcedata/freesurfer/sub-v2s18x29519_ses-1/scripts

 mris_anatomical_stats -th3 -mgz -noglobal -cortex ../label/rh.cortex.label -f ../stats/rh.aparc.a2009s.stats -b -a ../label/rh.aparc.a2009s.annot -c ../label/aparc.annot.a2009s.ctab sub-v2s18x29519_ses-1 rh white 

computing statistics for each annotation in ../label/rh.aparc.a2009s.annot.
reading volume /out/sourcedata/freesurfer/sub-v2s18x29519_ses-1/mri/wm.mgz...
reading input surface /out/sourcedata/freesurfer/sub-v2s18x29519_ses-1/surf/rh.white...
reading input pial surface /out/sourcedata/freesurfer/sub-v2s18x29519_ses-1/surf/rh.pial...
reading input white surface /out/sourcedata/freesurfer/sub-v2s18x29519_ses-1/surf/rh.white...
INFO: using TH3 volume calc
INFO: assuming MGZ format for volumes.
INFO: not computing global stats
INFO: using ../label/rh.cortex.label as mask to calc cortex NumVert, SurfArea and MeanThickness.
Using TH3 vertex volume calc
Total face volume 217189
Total vertex volume 216959 (mask=0)
Saving annotation colortable ../label/aparc.annot.a2009s.ctab

table columns are:
    number of vertices
    total surface area (mm^2)
    total gray matter volume (mm^3)
    average cortical thickness +- standard deviation (mm)
    integrated rectified mean curvature
    integrated rectified Gaussian curvature
    folding index
    intrinsic curvature index
    structure name

  761    575   1465  2.018 0.639     0.131     0.028       13     0.8  G_and_S_frontomargin
 1141    767   2790  2.886 0.623     0.127     0.027       12     1.3  G_and_S_occipital_inf
 1176    685   2233  2.564 0.540     0.096     0.021        8     1.0  G_and_S_paracentral
 1024    719   2458  2.988 0.458     0.122     0.021       11     0.8  G_and_S_subcentral
  960    762   2393  2.351 0.596     0.164     0.047       35     1.4  G_and_S_transv_frontopol
 2304   1605   4694  2.681 0.671     0.118     0.021       26     2.2  G_and_S_cingul-Ant
 1216    787   2175  2.765 0.502     0.114     0.021        9     1.1  G_and_S_cingul-Mid-Ant
 1163    784   2324  2.823 0.518     0.117     0.024       11     1.1  G_and_S_cingul-Mid-Post
  530    368   1227  2.789 0.715     0.149     0.032       10     0.6  G_cingul-Post-dorsal
  258    176    628  2.573 1.000     0.134     0.035        5     0.2  G_cingul-Post-ventral
 1715   1170   2977  2.111 0.542     0.129     0.031       20     2.1  G_cuneus
 1232    896   3331  2.966 0.462     0.129     0.026       17     1.2  G_front_inf-Opercular
  308    231    869  2.774 0.422     0.138     0.031        5     0.4  G_front_inf-Orbital
  572    404   1392  2.602 0.507     0.111     0.020        6     0.4  G_front_inf-Triangul
 2887   2109   7620  2.644 0.571     0.133     0.026       47     3.1  G_front_middle
 5551   3940  14539  2.965 0.536     0.130     0.029       72     6.1  G_front_sup
  487    336   1370  3.573 0.831     0.110     0.034        6     0.4  G_Ins_lg_and_S_cent_ins
  530    362   1814  3.531 0.846     0.129     0.032        7     0.8  G_insular_short
 1555   1066   4100  2.905 0.506     0.138     0.032       25     1.7  G_occipital_middle
 1371    957   2579  2.257 0.416     0.130     0.027       18     1.5  G_occipital_sup
 1636   1120   4142  2.877 0.590     0.124     0.027       23     1.6  G_oc-temp_lat-fusifor
 1927   1367   3710  2.245 0.662     0.139     0.035       24     2.8  G_oc-temp_med-Lingual
 1060    669   3414  3.338 0.857     0.108     0.022       12     0.9  G_oc-temp_med-Parahip
 2240   1668   6543  2.879 0.774     0.149     0.035       43     3.3  G_orbital
 2595   1855   7476  2.923 0.543     0.136     0.026       44     2.9  G_pariet_inf-Angular
 2101   1452   5346  2.899 0.533     0.126     0.022       31     1.9  G_pariet_inf-Supramar
 1953   1358   4829  2.712 0.488     0.134     0.028       27     2.1  G_parietal_sup
 1726   1070   3351  2.431 0.655     0.110     0.021       16     1.5  G_postcentral
 2358   1393   5739  3.021 0.564     0.106     0.022       22     2.1  G_precentral
 1982   1407   4677  2.644 0.476     0.136     0.026       30     2.0  G_precuneus
  704    529   1815  2.494 0.703     0.146     0.042       19     1.0  G_rectus
  400    264    577  2.225 0.939     0.116     0.044        5     0.5  G_subcallosal
  310    187    611  2.798 0.406     0.095     0.014        3     0.2  G_temp_sup-G_T_transv
 1639   1023   4558  3.086 0.517     0.107     0.020       19     1.3  G_temp_sup-Lateral
  617    425   1548  3.385 0.588     0.088     0.020        3     0.4  G_temp_sup-Plan_polar
  731    506   1480  2.712 0.463     0.077     0.008        3     0.2  G_temp_sup-Plan_tempo
 2135   1538   7226  3.353 0.600     0.134     0.029       35     2.1  G_temporal_inf
 2778   2013   9534  3.301 0.560     0.125     0.023       38     2.7  G_temporal_middle
  335    218    569  2.675 0.478     0.064     0.009        1     0.1  Lat_Fis-ant-Horizont
  176    121    327  2.598 0.459     0.138     0.017        2     0.2  Lat_Fis-ant-Vertical
 1307    850   1828  2.616 0.410     0.096     0.015        7     0.8  Lat_Fis-post
 2425   1781   4561  2.236 0.528     0.152     0.034       35     3.6  Pole_occipital
 1531   1170   5831  3.445 0.671     0.131     0.031       23     1.9  Pole_temporal
 1730   1209   2156  2.059 0.580     0.126     0.025       16     1.9  S_calcarine
 2479   1685   2605  1.768 0.607     0.107     0.019       15     2.0  S_central
 1201    804   1805  2.354 0.413     0.097     0.016        8     0.9  S_cingul-Marginalis
  531    351    885  3.069 0.561     0.103     0.016        2     0.4  S_circular_insula_ant
 1042    679   1593  2.858 0.445     0.068     0.012        3     0.5  S_circular_insula_inf
 1291    830   1866  2.817 0.429     0.096     0.017        6     1.0  S_circular_insula_sup
  631    440   1224  3.144 0.736     0.110     0.020        4     0.5  S_collat_transv_ant
  482    325    759  2.508 0.527     0.124     0.025        3     0.6  S_collat_transv_post
 1689   1123   2330  2.202 0.447     0.092     0.014       11     0.9  S_front_inf
 1545   1085   2139  2.044 0.471     0.103     0.019       10     1.1  S_front_middle
 2382   1604   3806  2.534 0.414     0.091     0.015       12     1.4  S_front_sup
  407    287    641  2.809 0.395     0.116     0.023        2     0.4  S_interm_prim-Jensen
 3122   2112   4390  2.260 0.397     0.102     0.016       21     2.1  S_intrapariet_and_P_trans
  551    379    717  2.446 0.344     0.124     0.018        4     0.4  S_oc_middle_and_Lunatus
 1043    702   1391  2.309 0.360     0.117     0.021        8     0.9  S_oc_sup_and_transversal
  792    525   1141  2.626 0.268     0.092     0.015        3     0.5  S_occipital_ant
  985    641   1345  2.559 0.371     0.094     0.013        4     0.6  S_oc-temp_lat
 1761   1128   2487  2.475 0.458     0.092     0.013       10     0.9  S_oc-temp_med_and_Lingual
  624    438    978  2.298 0.555     0.108     0.018        5     0.5  S_orbital_lateral
  687    469    983  2.416 0.538     0.113     0.020        5     0.5  S_orbital_med-olfact
 1205    833   2168  2.610 0.539     0.116     0.021        9     1.1  S_orbital-H_Shaped
 2204   1468   3105  2.409 0.475     0.112     0.019       16     1.8  S_parieto_occipital
 1337    852   1077  1.549 0.404     0.113     0.015       17     0.8  S_pericallosal
 2239   1497   3148  2.325 0.302     0.101     0.017       16     1.6  S_postcentral
 1540   1040   2658  2.706 0.349     0.097     0.016        9     1.1  S_precentral-inf-part
 1334    893   1998  2.676 0.369     0.092     0.011        6     0.8  S_precentral-sup-part
  308    244    618  2.523 0.583     0.149     0.020        3     0.3  S_suborbital
  992    680   1798  2.636 0.469     0.109     0.019        8     0.7  S_subparietal
 1258    848   1888  2.852 0.507     0.108     0.016        7     1.0  S_temporal_inf
 6525   4297  10277  2.668 0.425     0.091     0.013       33     3.6  S_temporal_sup
  163    127    310  3.073 0.546     0.136     0.014        1     0.1  S_temporal_transverse
#-----------------------------------------
#@# Parcellation Stats 3 rh Wed Mar 11 16:42:55 CET 2026
/out/sourcedata/freesurfer/sub-v2s18x29519_ses-1/scripts

 mris_anatomical_stats -th3 -mgz -noglobal -cortex ../label/rh.cortex.label -f ../stats/rh.aparc.DKTatlas.stats -b -a ../label/rh.aparc.DKTatlas.annot -c ../label/aparc.annot.DKTatlas.ctab sub-v2s18x29519_ses-1 rh white 

computing statistics for each annotation in ../label/rh.aparc.DKTatlas.annot.
reading volume /out/sourcedata/freesurfer/sub-v2s18x29519_ses-1/mri/wm.mgz...
reading input surface /out/sourcedata/freesurfer/sub-v2s18x29519_ses-1/surf/rh.white...
reading input pial surface /out/sourcedata/freesurfer/sub-v2s18x29519_ses-1/surf/rh.pial...
reading input white surface /out/sourcedata/freesurfer/sub-v2s18x29519_ses-1/surf/rh.white...
INFO: using TH3 volume calc
INFO: assuming MGZ format for volumes.
INFO: not computing global stats
INFO: using ../label/rh.cortex.label as mask to calc cortex NumVert, SurfArea and MeanThickness.
Using TH3 vertex volume calc
Total face volume 217189
Total vertex volume 216959 (mask=0)
Saving annotation colortable ../label/aparc.annot.DKTatlas.ctab

table columns are:
    number of vertices
    total surface area (mm^2)
    total gray matter volume (mm^3)
    average cortical thickness +- standard deviation (mm)
    integrated rectified mean curvature
    integrated rectified Gaussian curvature
    folding index
    intrinsic curvature index
    structure name

  901    568   1319  2.130 0.630     0.124     0.016       13     0.6  caudalanteriorcingulate
 2794   1832   5471  2.727 0.437     0.095     0.015       19     1.7  caudalmiddlefrontal
 2371   1624   4015  2.174 0.526     0.120     0.025       23     2.4  cuneus
  457    306   1910  3.822 0.709     0.124     0.025        6     0.5  entorhinal
 3359   2254   7112  2.795 0.527     0.113     0.022       35     2.8  fusiform
 7188   4981  14893  2.625 0.524     0.116     0.022       77     6.5  inferiorparietal
 4305   3041  11659  3.178 0.648     0.124     0.024       53     4.1  inferiortemporal
 1308    881   2094  2.092 0.815     0.113     0.022       17     1.0  isthmuscingulate
 5665   3922  10538  2.477 0.543     0.136     0.028       67     6.5  lateraloccipital
 3564   2603   8037  2.666 0.766     0.140     0.032       51     4.9  lateralorbitofrontal
 3230   2269   5609  2.207 0.602     0.132     0.030       37     4.3  lingual
 1846   1371   4033  2.519 0.665     0.134     0.036       33     2.2  medialorbitofrontal
 6021   4194  15442  3.056 0.559     0.107     0.017       55     4.5  middletemporal
  952    590   1931  2.757 0.634     0.088     0.014        7     0.5  parahippocampal
 2100   1288   3706  2.640 0.520     0.091     0.018       11     1.5  paracentral
 2015   1452   4607  2.776 0.439     0.118     0.022       23     1.8  parsopercularis
  983    671   2313  2.897 0.541     0.117     0.021       12     0.9  parsorbitalis
 1723   1196   3304  2.466 0.523     0.107     0.017       15     1.1  parstriangularis
 1487   1035   1688  1.834 0.429     0.129     0.029       15     1.9  pericalcarine
 5373   3487   8973  2.278 0.706     0.106     0.018       43     4.2  postcentral
 1628   1106   2926  2.442 0.668     0.129     0.025       21     1.7  posteriorcingulate
 5995   3837  11538  2.731 0.638     0.108     0.020       47     5.0  precentral
 4915   3419   9446  2.604 0.492     0.124     0.024       54     4.7  precuneus
  871    595   1815  2.691 0.805     0.124     0.024       13     0.9  rostralanteriorcingulate
 4569   3277   8748  2.305 0.554     0.121     0.023       54     4.3  rostralmiddlefrontal
10896   7756  24018  2.712 0.628     0.122     0.025      135    10.5  superiorfrontal
 5386   3688  10121  2.439 0.488     0.120     0.023       57     4.8  superiorparietal
 6201   4068  14630  3.061 0.554     0.096     0.017       49     4.2  superiortemporal
 4393   2986   8602  2.691 0.514     0.106     0.017       42     3.1  supramarginal
  397    251    738  2.757 0.394     0.104     0.015        4     0.2  transversetemporal
 2594   1728   5722  3.190 0.683     0.103     0.022       20     2.0  insula
/out/sourcedata/freesurfer/sub-v2s18x29519_ses-1/label
#--------------------------------------------
#@# BA_exvivo Labels rh Wed Mar 11 16:43:02 CET 2026

 mri_label2label --srcsubject fsaverage --srclabel /out/sourcedata/freesurfer/fsaverage/label/rh.BA1_exvivo.label --trgsubject sub-v2s18x29519_ses-1 --trglabel ./rh.BA1_exvivo.label --hemi rh --regmethod surface 


srclabel = /out/sourcedata/freesurfer/fsaverage/label/rh.BA1_exvivo.label
srcsubject = fsaverage
trgsubject = sub-v2s18x29519_ses-1
trglabel = ./rh.BA1_exvivo.label
regmethod = surface

srchemi = rh
trghemi = rh
trgsurface = white
srcsurfreg = sphere.reg
trgsurfreg = sphere.reg
usehash = 1
Use ProjAbs  = 0, 0
Use ProjFrac = 0, 0
DoPaint 0

SUBJECTS_DIR    /out/sourcedata/freesurfer
FREESURFER_HOME /opt/freesurfer
Loading source label.
Found 3962 points in source label.
Starting surface-based mapping
Reading source registration 
 /out/sourcedata/freesurfer/fsaverage/surf/rh.sphere.reg
Rescaling ...  original radius = 100
Reading target surface 
 /out/sourcedata/freesurfer/sub-v2s18x29519_ses-1/surf/rh.white
Reading target registration 
 /out/sourcedata/freesurfer/sub-v2s18x29519_ses-1/surf/rh.sphere.reg
Rescaling ...  original radius = 100
Building target registration hash (res=16).
Building source registration hash (res=16).
INFO: found  3962 nlabel points
Performing mapping from target back to the source label 113008
Number of reverse mapping hits = 26
Checking for and removing duplicates
Writing label file ./rh.BA1_exvivo.label 3988
mri_label2label: Done


 mri_label2label --srcsubject fsaverage --srclabel /out/sourcedata/freesurfer/fsaverage/label/rh.BA2_exvivo.label --trgsubject sub-v2s18x29519_ses-1 --trglabel ./rh.BA2_exvivo.label --hemi rh --regmethod surface 


srclabel = /out/sourcedata/freesurfer/fsaverage/label/rh.BA2_exvivo.label
srcsubject = fsaverage
trgsubject = sub-v2s18x29519_ses-1
trglabel = ./rh.BA2_exvivo.label
regmethod = surface

srchemi = rh
trghemi = rh
trgsurface = white
srcsurfreg = sphere.reg
trgsurfreg = sphere.reg
usehash = 1
Use ProjAbs  = 0, 0
Use ProjFrac = 0, 0
DoPaint 0

SUBJECTS_DIR    /out/sourcedata/freesurfer
FREESURFER_HOME /opt/freesurfer
Loading source label.
Found 6687 points in source label.
Starting surface-based mapping
Reading source registration 
 /out/sourcedata/freesurfer/fsaverage/surf/rh.sphere.reg
Rescaling ...  original radius = 100
Reading target surface 
 /out/sourcedata/freesurfer/sub-v2s18x29519_ses-1/surf/rh.white
Reading target registration 
 /out/sourcedata/freesurfer/sub-v2s18x29519_ses-1/surf/rh.sphere.reg
Rescaling ...  original radius = 100
Building target registration hash (res=16).
Building source registration hash (res=16).
INFO: found  6687 nlabel points
Performing mapping from target back to the source label 113008
Number of reverse mapping hits = 36
Checking for and removing duplicates
Writing label file ./rh.BA2_exvivo.label 6723
mri_label2label: Done


 mri_label2label --srcsubject fsaverage --srclabel /out/sourcedata/freesurfer/fsaverage/label/rh.BA3a_exvivo.label --trgsubject sub-v2s18x29519_ses-1 --trglabel ./rh.BA3a_exvivo.label --hemi rh --regmethod surface 


srclabel = /out/sourcedata/freesurfer/fsaverage/label/rh.BA3a_exvivo.label
srcsubject = fsaverage
trgsubject = sub-v2s18x29519_ses-1
trglabel = ./rh.BA3a_exvivo.label
regmethod = surface

srchemi = rh
trghemi = rh
trgsurface = white
srcsurfreg = sphere.reg
trgsurfreg = sphere.reg
usehash = 1
Use ProjAbs  = 0, 0
Use ProjFrac = 0, 0
DoPaint 0

SUBJECTS_DIR    /out/sourcedata/freesurfer
FREESURFER_HOME /opt/freesurfer
Loading source label.
Found 3980 points in source label.
Starting surface-based mapping
Reading source registration 
 /out/sourcedata/freesurfer/fsaverage/surf/rh.sphere.reg
Rescaling ...  original radius = 100
Reading target surface 
 /out/sourcedata/freesurfer/sub-v2s18x29519_ses-1/surf/rh.white
Reading target registration 
 /out/sourcedata/freesurfer/sub-v2s18x29519_ses-1/surf/rh.sphere.reg
Rescaling ...  original radius = 100
Building target registration hash (res=16).
Building source registration hash (res=16).
INFO: found  3980 nlabel points
Performing mapping from target back to the source label 113008
Number of reverse mapping hits = 4
Checking for and removing duplicates
Writing label file ./rh.BA3a_exvivo.label 3984
mri_label2label: Done


 mri_label2label --srcsubject fsaverage --srclabel /out/sourcedata/freesurfer/fsaverage/label/rh.BA3b_exvivo.label --trgsubject sub-v2s18x29519_ses-1 --trglabel ./rh.BA3b_exvivo.label --hemi rh --regmethod surface 


srclabel = /out/sourcedata/freesurfer/fsaverage/label/rh.BA3b_exvivo.label
srcsubject = fsaverage
trgsubject = sub-v2s18x29519_ses-1
trglabel = ./rh.BA3b_exvivo.label
regmethod = surface

srchemi = rh
trghemi = rh
trgsurface = white
srcsurfreg = sphere.reg
trgsurfreg = sphere.reg
usehash = 1
Use ProjAbs  = 0, 0
Use ProjFrac = 0, 0
DoPaint 0

SUBJECTS_DIR    /out/sourcedata/freesurfer
FREESURFER_HOME /opt/freesurfer
Loading source label.
Found 4522 points in source label.
Starting surface-based mapping
Reading source registration 
 /out/sourcedata/freesurfer/fsaverage/surf/rh.sphere.reg
Rescaling ...  original radius = 100
Reading target surface 
 /out/sourcedata/freesurfer/sub-v2s18x29519_ses-1/surf/rh.white
Reading target registration 
 /out/sourcedata/freesurfer/sub-v2s18x29519_ses-1/surf/rh.sphere.reg
Rescaling ...  original radius = 100
Building target registration hash (res=16).
Building source registration hash (res=16).
INFO: found  4522 nlabel points
Performing mapping from target back to the source label 113008
Number of reverse mapping hits = 16
Checking for and removing duplicates
Writing label file ./rh.BA3b_exvivo.label 4538
mri_label2label: Done


 mri_label2label --srcsubject fsaverage --srclabel /out/sourcedata/freesurfer/fsaverage/label/rh.BA4a_exvivo.label --trgsubject sub-v2s18x29519_ses-1 --trglabel ./rh.BA4a_exvivo.label --hemi rh --regmethod surface 


srclabel = /out/sourcedata/freesurfer/fsaverage/label/rh.BA4a_exvivo.label
srcsubject = fsaverage
trgsubject = sub-v2s18x29519_ses-1
trglabel = ./rh.BA4a_exvivo.label
regmethod = surface

srchemi = rh
trghemi = rh
trgsurface = white
srcsurfreg = sphere.reg
trgsurfreg = sphere.reg
usehash = 1
Use ProjAbs  = 0, 0
Use ProjFrac = 0, 0
DoPaint 0

SUBJECTS_DIR    /out/sourcedata/freesurfer
FREESURFER_HOME /opt/freesurfer
Loading source label.
Found 5747 points in source label.
Starting surface-based mapping
Reading source registration 
 /out/sourcedata/freesurfer/fsaverage/surf/rh.sphere.reg
Rescaling ...  original radius = 100
Reading target surface 
 /out/sourcedata/freesurfer/sub-v2s18x29519_ses-1/surf/rh.white
Reading target registration 
 /out/sourcedata/freesurfer/sub-v2s18x29519_ses-1/surf/rh.sphere.reg
Rescaling ...  original radius = 100
Building target registration hash (res=16).
Building source registration hash (res=16).
INFO: found  5747 nlabel points
Performing mapping from target back to the source label 113008
Number of reverse mapping hits = 46
Checking for and removing duplicates
Writing label file ./rh.BA4a_exvivo.label 5793
mri_label2label: Done


 mri_label2label --srcsubject fsaverage --srclabel /out/sourcedata/freesurfer/fsaverage/label/rh.BA4p_exvivo.label --trgsubject sub-v2s18x29519_ses-1 --trglabel ./rh.BA4p_exvivo.label --hemi rh --regmethod surface 


srclabel = /out/sourcedata/freesurfer/fsaverage/label/rh.BA4p_exvivo.label
srcsubject = fsaverage
trgsubject = sub-v2s18x29519_ses-1
trglabel = ./rh.BA4p_exvivo.label
regmethod = surface

srchemi = rh
trghemi = rh
trgsurface = white
srcsurfreg = sphere.reg
trgsurfreg = sphere.reg
usehash = 1
Use ProjAbs  = 0, 0
Use ProjFrac = 0, 0
DoPaint 0

SUBJECTS_DIR    /out/sourcedata/freesurfer
FREESURFER_HOME /opt/freesurfer
Loading source label.
Found 4473 points in source label.
Starting surface-based mapping
Reading source registration 
 /out/sourcedata/freesurfer/fsaverage/surf/rh.sphere.reg
Rescaling ...  original radius = 100
Reading target surface 
 /out/sourcedata/freesurfer/sub-v2s18x29519_ses-1/surf/rh.white
Reading target registration 
 /out/sourcedata/freesurfer/sub-v2s18x29519_ses-1/surf/rh.sphere.reg
Rescaling ...  original radius = 100
Building target registration hash (res=16).
Building source registration hash (res=16).
INFO: found  4473 nlabel points
Performing mapping from target back to the source label 113008
Number of reverse mapping hits = 13
Checking for and removing duplicates
Writing label file ./rh.BA4p_exvivo.label 4486
mri_label2label: Done


 mri_label2label --srcsubject fsaverage --srclabel /out/sourcedata/freesurfer/fsaverage/label/rh.BA6_exvivo.label --trgsubject sub-v2s18x29519_ses-1 --trglabel ./rh.BA6_exvivo.label --hemi rh --regmethod surface 


srclabel = /out/sourcedata/freesurfer/fsaverage/label/rh.BA6_exvivo.label
srcsubject = fsaverage
trgsubject = sub-v2s18x29519_ses-1
trglabel = ./rh.BA6_exvivo.label
regmethod = surface

srchemi = rh
trghemi = rh
trgsurface = white
srcsurfreg = sphere.reg
trgsurfreg = sphere.reg
usehash = 1
Use ProjAbs  = 0, 0
Use ProjFrac = 0, 0
DoPaint 0

SUBJECTS_DIR    /out/sourcedata/freesurfer
FREESURFER_HOME /opt/freesurfer
Loading source label.
Found 12256 points in source label.
Starting surface-based mapping
Reading source registration 
 /out/sourcedata/freesurfer/fsaverage/surf/rh.sphere.reg
Rescaling ...  original radius = 100
Reading target surface 
 /out/sourcedata/freesurfer/sub-v2s18x29519_ses-1/surf/rh.white
Reading target registration 
 /out/sourcedata/freesurfer/sub-v2s18x29519_ses-1/surf/rh.sphere.reg
Rescaling ...  original radius = 100
Building target registration hash (res=16).
Building source registration hash (res=16).
INFO: found  12256 nlabel points
Performing mapping from target back to the source label 113008
Number of reverse mapping hits = 226
Checking for and removing duplicates
Writing label file ./rh.BA6_exvivo.label 12482
mri_label2label: Done


 mri_label2label --srcsubject fsaverage --srclabel /out/sourcedata/freesurfer/fsaverage/label/rh.BA44_exvivo.label --trgsubject sub-v2s18x29519_ses-1 --trglabel ./rh.BA44_exvivo.label --hemi rh --regmethod surface 


srclabel = /out/sourcedata/freesurfer/fsaverage/label/rh.BA44_exvivo.label
srcsubject = fsaverage
trgsubject = sub-v2s18x29519_ses-1
trglabel = ./rh.BA44_exvivo.label
regmethod = surface

srchemi = rh
trghemi = rh
trgsurface = white
srcsurfreg = sphere.reg
trgsurfreg = sphere.reg
usehash = 1
Use ProjAbs  = 0, 0
Use ProjFrac = 0, 0
DoPaint 0

SUBJECTS_DIR    /out/sourcedata/freesurfer
FREESURFER_HOME /opt/freesurfer
Loading source label.
Found 6912 points in source label.
Starting surface-based mapping
Reading source registration 
 /out/sourcedata/freesurfer/fsaverage/surf/rh.sphere.reg
Rescaling ...  original radius = 100
Reading target surface 
 /out/sourcedata/freesurfer/sub-v2s18x29519_ses-1/surf/rh.white
Reading target registration 
 /out/sourcedata/freesurfer/sub-v2s18x29519_ses-1/surf/rh.sphere.reg
Rescaling ...  original radius = 100
Building target registration hash (res=16).
Building source registration hash (res=16).
INFO: found  6912 nlabel points
Performing mapping from target back to the source label 113008
Number of reverse mapping hits = 162
Checking for and removing duplicates
Writing label file ./rh.BA44_exvivo.label 7074
mri_label2label: Done


 mri_label2label --srcsubject fsaverage --srclabel /out/sourcedata/freesurfer/fsaverage/label/rh.BA45_exvivo.label --trgsubject sub-v2s18x29519_ses-1 --trglabel ./rh.BA45_exvivo.label --hemi rh --regmethod surface 


srclabel = /out/sourcedata/freesurfer/fsaverage/label/rh.BA45_exvivo.label
srcsubject = fsaverage
trgsubject = sub-v2s18x29519_ses-1
trglabel = ./rh.BA45_exvivo.label
regmethod = surface

srchemi = rh
trghemi = rh
trgsurface = white
srcsurfreg = sphere.reg
trgsurfreg = sphere.reg
usehash = 1
Use ProjAbs  = 0, 0
Use ProjFrac = 0, 0
DoPaint 0

SUBJECTS_DIR    /out/sourcedata/freesurfer
FREESURFER_HOME /opt/freesurfer
Loading source label.
Found 5355 points in source label.
Starting surface-based mapping
Reading source registration 
 /out/sourcedata/freesurfer/fsaverage/surf/rh.sphere.reg
Rescaling ...  original radius = 100
Reading target surface 
 /out/sourcedata/freesurfer/sub-v2s18x29519_ses-1/surf/rh.white
Reading target registration 
 /out/sourcedata/freesurfer/sub-v2s18x29519_ses-1/surf/rh.sphere.reg
Rescaling ...  original radius = 100
Building target registration hash (res=16).
Building source registration hash (res=16).
INFO: found  5355 nlabel points
Performing mapping from target back to the source label 113008
Number of reverse mapping hits = 256
Checking for and removing duplicates
Writing label file ./rh.BA45_exvivo.label 5611
mri_label2label: Done


 mri_label2label --srcsubject fsaverage --srclabel /out/sourcedata/freesurfer/fsaverage/label/rh.V1_exvivo.label --trgsubject sub-v2s18x29519_ses-1 --trglabel ./rh.V1_exvivo.label --hemi rh --regmethod surface 


srclabel = /out/sourcedata/freesurfer/fsaverage/label/rh.V1_exvivo.label
srcsubject = fsaverage
trgsubject = sub-v2s18x29519_ses-1
trglabel = ./rh.V1_exvivo.label
regmethod = surface

srchemi = rh
trghemi = rh
trgsurface = white
srcsurfreg = sphere.reg
trgsurfreg = sphere.reg
usehash = 1
Use ProjAbs  = 0, 0
Use ProjFrac = 0, 0
DoPaint 0

SUBJECTS_DIR    /out/sourcedata/freesurfer
FREESURFER_HOME /opt/freesurfer
Loading source label.
Found 4727 points in source label.
Starting surface-based mapping
Reading source registration 
 /out/sourcedata/freesurfer/fsaverage/surf/rh.sphere.reg
Rescaling ...  original radius = 100
Reading target surface 
 /out/sourcedata/freesurfer/sub-v2s18x29519_ses-1/surf/rh.white
Reading target registration 
 /out/sourcedata/freesurfer/sub-v2s18x29519_ses-1/surf/rh.sphere.reg
Rescaling ...  original radius = 100
Building target registration hash (res=16).
Building source registration hash (res=16).
INFO: found  4727 nlabel points
Performing mapping from target back to the source label 113008
Number of reverse mapping hits = 358
Checking for and removing duplicates
Writing label file ./rh.V1_exvivo.label 5085
mri_label2label: Done


 mri_label2label --srcsubject fsaverage --srclabel /out/sourcedata/freesurfer/fsaverage/label/rh.V2_exvivo.label --trgsubject sub-v2s18x29519_ses-1 --trglabel ./rh.V2_exvivo.label --hemi rh --regmethod surface 


srclabel = /out/sourcedata/freesurfer/fsaverage/label/rh.V2_exvivo.label
srcsubject = fsaverage
trgsubject = sub-v2s18x29519_ses-1
trglabel = ./rh.V2_exvivo.label
regmethod = surface

srchemi = rh
trghemi = rh
trgsurface = white
srcsurfreg = sphere.reg
trgsurfreg = sphere.reg
usehash = 1
Use ProjAbs  = 0, 0
Use ProjFrac = 0, 0
DoPaint 0

SUBJECTS_DIR    /out/sourcedata/freesurfer
FREESURFER_HOME /opt/freesurfer
Loading source label.
Found 8016 points in source label.
Starting surface-based mapping
Reading source registration 
 /out/sourcedata/freesurfer/fsaverage/surf/rh.sphere.reg
Rescaling ...  original radius = 100
Reading target surface 
 /out/sourcedata/freesurfer/sub-v2s18x29519_ses-1/surf/rh.white
Reading target registration 
 /out/sourcedata/freesurfer/sub-v2s18x29519_ses-1/surf/rh.sphere.reg
Rescaling ...  original radius = 100
Building target registration hash (res=16).
Building source registration hash (res=16).
INFO: found  8016 nlabel points
Performing mapping from target back to the source label 113008
Number of reverse mapping hits = 743
Checking for and removing duplicates
Writing label file ./rh.V2_exvivo.label 8759
mri_label2label: Done


 mri_label2label --srcsubject fsaverage --srclabel /out/sourcedata/freesurfer/fsaverage/label/rh.MT_exvivo.label --trgsubject sub-v2s18x29519_ses-1 --trglabel ./rh.MT_exvivo.label --hemi rh --regmethod surface 


srclabel = /out/sourcedata/freesurfer/fsaverage/label/rh.MT_exvivo.label
srcsubject = fsaverage
trgsubject = sub-v2s18x29519_ses-1
trglabel = ./rh.MT_exvivo.label
regmethod = surface

srchemi = rh
trghemi = rh
trgsurface = white
srcsurfreg = sphere.reg
trgsurfreg = sphere.reg
usehash = 1
Use ProjAbs  = 0, 0
Use ProjFrac = 0, 0
DoPaint 0

SUBJECTS_DIR    /out/sourcedata/freesurfer
FREESURFER_HOME /opt/freesurfer
Loading source label.
Found 1932 points in source label.
Starting surface-based mapping
Reading source registration 
 /out/sourcedata/freesurfer/fsaverage/surf/rh.sphere.reg
Rescaling ...  original radius = 100
Reading target surface 
 /out/sourcedata/freesurfer/sub-v2s18x29519_ses-1/surf/rh.white
Reading target registration 
 /out/sourcedata/freesurfer/sub-v2s18x29519_ses-1/surf/rh.sphere.reg
Rescaling ...  original radius = 100
Building target registration hash (res=16).
Building source registration hash (res=16).
INFO: found  1932 nlabel points
Performing mapping from target back to the source label 113008
Number of reverse mapping hits = 263
Checking for and removing duplicates
Writing label file ./rh.MT_exvivo.label 2195
mri_label2label: Done


 mri_label2label --srcsubject fsaverage --srclabel /out/sourcedata/freesurfer/fsaverage/label/rh.entorhinal_exvivo.label --trgsubject sub-v2s18x29519_ses-1 --trglabel ./rh.entorhinal_exvivo.label --hemi rh --regmethod surface 


srclabel = /out/sourcedata/freesurfer/fsaverage/label/rh.entorhinal_exvivo.label
srcsubject = fsaverage
trgsubject = sub-v2s18x29519_ses-1
trglabel = ./rh.entorhinal_exvivo.label
regmethod = surface

srchemi = rh
trghemi = rh
trgsurface = white
srcsurfreg = sphere.reg
trgsurfreg = sphere.reg
usehash = 1
Use ProjAbs  = 0, 0
Use ProjFrac = 0, 0
DoPaint 0

SUBJECTS_DIR    /out/sourcedata/freesurfer
FREESURFER_HOME /opt/freesurfer
Loading source label.
Found 1038 points in source label.
Starting surface-based mapping
Reading source registration 
 /out/sourcedata/freesurfer/fsaverage/surf/rh.sphere.reg
Rescaling ...  original radius = 100
Reading target surface 
 /out/sourcedata/freesurfer/sub-v2s18x29519_ses-1/surf/rh.white
Reading target registration 
 /out/sourcedata/freesurfer/sub-v2s18x29519_ses-1/surf/rh.sphere.reg
Rescaling ...  original radius = 100
Building target registration hash (res=16).
Building source registration hash (res=16).
INFO: found  1038 nlabel points
Performing mapping from target back to the source label 113008
Number of reverse mapping hits = 15
Checking for and removing duplicates
Writing label file ./rh.entorhinal_exvivo.label 1053
mri_label2label: Done


 mri_label2label --srcsubject fsaverage --srclabel /out/sourcedata/freesurfer/fsaverage/label/rh.perirhinal_exvivo.label --trgsubject sub-v2s18x29519_ses-1 --trglabel ./rh.perirhinal_exvivo.label --hemi rh --regmethod surface 


srclabel = /out/sourcedata/freesurfer/fsaverage/label/rh.perirhinal_exvivo.label
srcsubject = fsaverage
trgsubject = sub-v2s18x29519_ses-1
trglabel = ./rh.perirhinal_exvivo.label
regmethod = surface

srchemi = rh
trghemi = rh
trgsurface = white
srcsurfreg = sphere.reg
trgsurfreg = sphere.reg
usehash = 1
Use ProjAbs  = 0, 0
Use ProjFrac = 0, 0
DoPaint 0

SUBJECTS_DIR    /out/sourcedata/freesurfer
FREESURFER_HOME /opt/freesurfer
Loading source label.
Found 752 points in source label.
Starting surface-based mapping
Reading source registration 
 /out/sourcedata/freesurfer/fsaverage/surf/rh.sphere.reg
Rescaling ...  original radius = 100
Reading target surface 
 /out/sourcedata/freesurfer/sub-v2s18x29519_ses-1/surf/rh.white
Reading target registration 
 /out/sourcedata/freesurfer/sub-v2s18x29519_ses-1/surf/rh.sphere.reg
Rescaling ...  original radius = 100
Building target registration hash (res=16).
Building source registration hash (res=16).
INFO: found  752 nlabel points
Performing mapping from target back to the source label 113008
Number of reverse mapping hits = 9
Checking for and removing duplicates
Writing label file ./rh.perirhinal_exvivo.label 761
mri_label2label: Done


 mri_label2label --srcsubject fsaverage --srclabel /out/sourcedata/freesurfer/fsaverage/label/rh.FG1.mpm.vpnl.label --trgsubject sub-v2s18x29519_ses-1 --trglabel ./rh.FG1.mpm.vpnl.label --hemi rh --regmethod surface 


srclabel = /out/sourcedata/freesurfer/fsaverage/label/rh.FG1.mpm.vpnl.label
srcsubject = fsaverage
trgsubject = sub-v2s18x29519_ses-1
trglabel = ./rh.FG1.mpm.vpnl.label
regmethod = surface

srchemi = rh
trghemi = rh
trgsurface = white
srcsurfreg = sphere.reg
trgsurfreg = sphere.reg
usehash = 1
Use ProjAbs  = 0, 0
Use ProjFrac = 0, 0
DoPaint 0

SUBJECTS_DIR    /out/sourcedata/freesurfer
FREESURFER_HOME /opt/freesurfer
Loading source label.
Found 541 points in source label.
Starting surface-based mapping
Reading source registration 
 /out/sourcedata/freesurfer/fsaverage/surf/rh.sphere.reg
Rescaling ...  original radius = 100
Reading target surface 
 /out/sourcedata/freesurfer/sub-v2s18x29519_ses-1/surf/rh.white
Reading target registration 
 /out/sourcedata/freesurfer/sub-v2s18x29519_ses-1/surf/rh.sphere.reg
Rescaling ...  original radius = 100
Building target registration hash (res=16).
Building source registration hash (res=16).
INFO: found  541 nlabel points
Performing mapping from target back to the source label 113008
Number of reverse mapping hits = 79
Checking for and removing duplicates
Writing label file ./rh.FG1.mpm.vpnl.label 620
mri_label2label: Done


 mri_label2label --srcsubject fsaverage --srclabel /out/sourcedata/freesurfer/fsaverage/label/rh.FG2.mpm.vpnl.label --trgsubject sub-v2s18x29519_ses-1 --trglabel ./rh.FG2.mpm.vpnl.label --hemi rh --regmethod surface 


srclabel = /out/sourcedata/freesurfer/fsaverage/label/rh.FG2.mpm.vpnl.label
srcsubject = fsaverage
trgsubject = sub-v2s18x29519_ses-1
trglabel = ./rh.FG2.mpm.vpnl.label
regmethod = surface

srchemi = rh
trghemi = rh
trgsurface = white
srcsurfreg = sphere.reg
trgsurfreg = sphere.reg
usehash = 1
Use ProjAbs  = 0, 0
Use ProjFrac = 0, 0
DoPaint 0

SUBJECTS_DIR    /out/sourcedata/freesurfer
FREESURFER_HOME /opt/freesurfer
Loading source label.
Found 721 points in source label.
Starting surface-based mapping
Reading source registration 
 /out/sourcedata/freesurfer/fsaverage/surf/rh.sphere.reg
Rescaling ...  original radius = 100
Reading target surface 
 /out/sourcedata/freesurfer/sub-v2s18x29519_ses-1/surf/rh.white
Reading target registration 
 /out/sourcedata/freesurfer/sub-v2s18x29519_ses-1/surf/rh.sphere.reg
Rescaling ...  original radius = 100
Building target registration hash (res=16).
Building source registration hash (res=16).
INFO: found  721 nlabel points
Performing mapping from target back to the source label 113008
Number of reverse mapping hits = 101
Checking for and removing duplicates
Writing label file ./rh.FG2.mpm.vpnl.label 822
mri_label2label: Done


 mri_label2label --srcsubject fsaverage --srclabel /out/sourcedata/freesurfer/fsaverage/label/rh.FG3.mpm.vpnl.label --trgsubject sub-v2s18x29519_ses-1 --trglabel ./rh.FG3.mpm.vpnl.label --hemi rh --regmethod surface 


srclabel = /out/sourcedata/freesurfer/fsaverage/label/rh.FG3.mpm.vpnl.label
srcsubject = fsaverage
trgsubject = sub-v2s18x29519_ses-1
trglabel = ./rh.FG3.mpm.vpnl.label
regmethod = surface

srchemi = rh
trghemi = rh
trgsurface = white
srcsurfreg = sphere.reg
trgsurfreg = sphere.reg
usehash = 1
Use ProjAbs  = 0, 0
Use ProjFrac = 0, 0
DoPaint 0

SUBJECTS_DIR    /out/sourcedata/freesurfer
FREESURFER_HOME /opt/freesurfer
Loading source label.
Found 1523 points in source label.
Starting surface-based mapping
Reading source registration 
 /out/sourcedata/freesurfer/fsaverage/surf/rh.sphere.reg
Rescaling ...  original radius = 100
Reading target surface 
 /out/sourcedata/freesurfer/sub-v2s18x29519_ses-1/surf/rh.white
Reading target registration 
 /out/sourcedata/freesurfer/sub-v2s18x29519_ses-1/surf/rh.sphere.reg
Rescaling ...  original radius = 100
Building target registration hash (res=16).
Building source registration hash (res=16).
INFO: found  1523 nlabel points
Performing mapping from target back to the source label 113008
Number of reverse mapping hits = 81
Checking for and removing duplicates
Writing label file ./rh.FG3.mpm.vpnl.label 1604
mri_label2label: Done


 mri_label2label --srcsubject fsaverage --srclabel /out/sourcedata/freesurfer/fsaverage/label/rh.FG4.mpm.vpnl.label --trgsubject sub-v2s18x29519_ses-1 --trglabel ./rh.FG4.mpm.vpnl.label --hemi rh --regmethod surface 


srclabel = /out/sourcedata/freesurfer/fsaverage/label/rh.FG4.mpm.vpnl.label
srcsubject = fsaverage
trgsubject = sub-v2s18x29519_ses-1
trglabel = ./rh.FG4.mpm.vpnl.label
regmethod = surface

srchemi = rh
trghemi = rh
trgsurface = white
srcsurfreg = sphere.reg
trgsurfreg = sphere.reg
usehash = 1
Use ProjAbs  = 0, 0
Use ProjFrac = 0, 0
DoPaint 0

SUBJECTS_DIR    /out/sourcedata/freesurfer
FREESURFER_HOME /opt/freesurfer
Loading source label.
Found 1586 points in source label.
Starting surface-based mapping
Reading source registration 
 /out/sourcedata/freesurfer/fsaverage/surf/rh.sphere.reg
Rescaling ...  original radius = 100
Reading target surface 
 /out/sourcedata/freesurfer/sub-v2s18x29519_ses-1/surf/rh.white
Reading target registration 
 /out/sourcedata/freesurfer/sub-v2s18x29519_ses-1/surf/rh.sphere.reg
Rescaling ...  original radius = 100
Building target registration hash (res=16).
Building source registration hash (res=16).
INFO: found  1586 nlabel points
Performing mapping from target back to the source label 113008
Number of reverse mapping hits = 176
Checking for and removing duplicates
Writing label file ./rh.FG4.mpm.vpnl.label 1762
mri_label2label: Done


 mri_label2label --srcsubject fsaverage --srclabel /out/sourcedata/freesurfer/fsaverage/label/rh.hOc1.mpm.vpnl.label --trgsubject sub-v2s18x29519_ses-1 --trglabel ./rh.hOc1.mpm.vpnl.label --hemi rh --regmethod surface 


srclabel = /out/sourcedata/freesurfer/fsaverage/label/rh.hOc1.mpm.vpnl.label
srcsubject = fsaverage
trgsubject = sub-v2s18x29519_ses-1
trglabel = ./rh.hOc1.mpm.vpnl.label
regmethod = surface

srchemi = rh
trghemi = rh
trgsurface = white
srcsurfreg = sphere.reg
trgsurfreg = sphere.reg
usehash = 1
Use ProjAbs  = 0, 0
Use ProjFrac = 0, 0
DoPaint 0

SUBJECTS_DIR    /out/sourcedata/freesurfer
FREESURFER_HOME /opt/freesurfer
Loading source label.
Found 3667 points in source label.
Starting surface-based mapping
Reading source registration 
 /out/sourcedata/freesurfer/fsaverage/surf/rh.sphere.reg
Rescaling ...  original radius = 100
Reading target surface 
 /out/sourcedata/freesurfer/sub-v2s18x29519_ses-1/surf/rh.white
Reading target registration 
 /out/sourcedata/freesurfer/sub-v2s18x29519_ses-1/surf/rh.sphere.reg
Rescaling ...  original radius = 100
Building target registration hash (res=16).
Building source registration hash (res=16).
INFO: found  3667 nlabel points
Performing mapping from target back to the source label 113008
Number of reverse mapping hits = 197
Checking for and removing duplicates
Writing label file ./rh.hOc1.mpm.vpnl.label 3864
mri_label2label: Done


 mri_label2label --srcsubject fsaverage --srclabel /out/sourcedata/freesurfer/fsaverage/label/rh.hOc2.mpm.vpnl.label --trgsubject sub-v2s18x29519_ses-1 --trglabel ./rh.hOc2.mpm.vpnl.label --hemi rh --regmethod surface 


srclabel = /out/sourcedata/freesurfer/fsaverage/label/rh.hOc2.mpm.vpnl.label
srcsubject = fsaverage
trgsubject = sub-v2s18x29519_ses-1
trglabel = ./rh.hOc2.mpm.vpnl.label
regmethod = surface

srchemi = rh
trghemi = rh
trgsurface = white
srcsurfreg = sphere.reg
trgsurfreg = sphere.reg
usehash = 1
Use ProjAbs  = 0, 0
Use ProjFrac = 0, 0
DoPaint 0

SUBJECTS_DIR    /out/sourcedata/freesurfer
FREESURFER_HOME /opt/freesurfer
Loading source label.
Found 2719 points in source label.
Starting surface-based mapping
Reading source registration 
 /out/sourcedata/freesurfer/fsaverage/surf/rh.sphere.reg
Rescaling ...  original radius = 100
Reading target surface 
 /out/sourcedata/freesurfer/sub-v2s18x29519_ses-1/surf/rh.white
Reading target registration 
 /out/sourcedata/freesurfer/sub-v2s18x29519_ses-1/surf/rh.sphere.reg
Rescaling ...  original radius = 100
Building target registration hash (res=16).
Building source registration hash (res=16).
INFO: found  2719 nlabel points
Performing mapping from target back to the source label 113008
Number of reverse mapping hits = 354
Checking for and removing duplicates
Writing label file ./rh.hOc2.mpm.vpnl.label 3073
mri_label2label: Done


 mri_label2label --srcsubject fsaverage --srclabel /out/sourcedata/freesurfer/fsaverage/label/rh.hOc3v.mpm.vpnl.label --trgsubject sub-v2s18x29519_ses-1 --trglabel ./rh.hOc3v.mpm.vpnl.label --hemi rh --regmethod surface 


srclabel = /out/sourcedata/freesurfer/fsaverage/label/rh.hOc3v.mpm.vpnl.label
srcsubject = fsaverage
trgsubject = sub-v2s18x29519_ses-1
trglabel = ./rh.hOc3v.mpm.vpnl.label
regmethod = surface

srchemi = rh
trghemi = rh
trgsurface = white
srcsurfreg = sphere.reg
trgsurfreg = sphere.reg
usehash = 1
Use ProjAbs  = 0, 0
Use ProjFrac = 0, 0
DoPaint 0

SUBJECTS_DIR    /out/sourcedata/freesurfer
FREESURFER_HOME /opt/freesurfer
Loading source label.
Found 1228 points in source label.
Starting surface-based mapping
Reading source registration 
 /out/sourcedata/freesurfer/fsaverage/surf/rh.sphere.reg
Rescaling ...  original radius = 100
Reading target surface 
 /out/sourcedata/freesurfer/sub-v2s18x29519_ses-1/surf/rh.white
Reading target registration 
 /out/sourcedata/freesurfer/sub-v2s18x29519_ses-1/surf/rh.sphere.reg
Rescaling ...  original radius = 100
Building target registration hash (res=16).
Building source registration hash (res=16).
INFO: found  1228 nlabel points
Performing mapping from target back to the source label 113008
Number of reverse mapping hits = 128
Checking for and removing duplicates
Writing label file ./rh.hOc3v.mpm.vpnl.label 1356
mri_label2label: Done


 mri_label2label --srcsubject fsaverage --srclabel /out/sourcedata/freesurfer/fsaverage/label/rh.hOc4v.mpm.vpnl.label --trgsubject sub-v2s18x29519_ses-1 --trglabel ./rh.hOc4v.mpm.vpnl.label --hemi rh --regmethod surface 


srclabel = /out/sourcedata/freesurfer/fsaverage/label/rh.hOc4v.mpm.vpnl.label
srcsubject = fsaverage
trgsubject = sub-v2s18x29519_ses-1
trglabel = ./rh.hOc4v.mpm.vpnl.label
regmethod = surface

srchemi = rh
trghemi = rh
trgsurface = white
srcsurfreg = sphere.reg
trgsurfreg = sphere.reg
usehash = 1
Use ProjAbs  = 0, 0
Use ProjFrac = 0, 0
DoPaint 0

SUBJECTS_DIR    /out/sourcedata/freesurfer
FREESURFER_HOME /opt/freesurfer
Loading source label.
Found 1025 points in source label.
Starting surface-based mapping
Reading source registration 
 /out/sourcedata/freesurfer/fsaverage/surf/rh.sphere.reg
Rescaling ...  original radius = 100
Reading target surface 
 /out/sourcedata/freesurfer/sub-v2s18x29519_ses-1/surf/rh.white
Reading target registration 
 /out/sourcedata/freesurfer/sub-v2s18x29519_ses-1/surf/rh.sphere.reg
Rescaling ...  original radius = 100
Building target registration hash (res=16).
Building source registration hash (res=16).
INFO: found  1025 nlabel points
Performing mapping from target back to the source label 113008
Number of reverse mapping hits = 142
Checking for and removing duplicates
Writing label file ./rh.hOc4v.mpm.vpnl.label 1167
mri_label2label: Done


 mris_label2annot --s sub-v2s18x29519_ses-1 --ctab /opt/freesurfer/average/colortable_vpnl.txt --hemi rh --a mpm.vpnl --maxstatwinner --noverbose --l rh.FG1.mpm.vpnl.label --l rh.FG2.mpm.vpnl.label --l rh.FG3.mpm.vpnl.label --l rh.FG4.mpm.vpnl.label --l rh.hOc1.mpm.vpnl.label --l rh.hOc2.mpm.vpnl.label --l rh.hOc3v.mpm.vpnl.label --l rh.hOc4v.mpm.vpnl.label 

Reading ctab /opt/freesurfer/average/colortable_vpnl.txt
Number of ctab entries 9

7.3.2
cwd /out/sourcedata/freesurfer/sub-v2s18x29519_ses-1/label
cmdline mris_label2annot --s sub-v2s18x29519_ses-1 --ctab /opt/freesurfer/average/colortable_vpnl.txt --hemi rh --a mpm.vpnl --maxstatwinner --noverbose --l rh.FG1.mpm.vpnl.label --l rh.FG2.mpm.vpnl.label --l rh.FG3.mpm.vpnl.label --l rh.FG4.mpm.vpnl.label --l rh.hOc1.mpm.vpnl.label --l rh.hOc2.mpm.vpnl.label --l rh.hOc3v.mpm.vpnl.label --l rh.hOc4v.mpm.vpnl.label 
sysname  Linux
hostname dna013
machine  x86_64
user     oesteban

subject sub-v2s18x29519_ses-1
hemi    rh
SUBJECTS_DIR /out/sourcedata/freesurfer
ColorTable /opt/freesurfer/average/colortable_vpnl.txt
AnnotName  mpm.vpnl
nlables 8
LabelThresh 0 0.000000
Loading /out/sourcedata/freesurfer/sub-v2s18x29519_ses-1/surf/rh.orig
 1 1376057 FG1
 2 16711935 FG2
 3 16711680 FG3
 4 1705837 FG4
 5 25600 hOc1
 6 255 hOc2
 7 16776960 hOc3v
 8 65535 hOc4v
Mapping unhit to unknown
Found 101319 unhit vertices
Writing annot to /out/sourcedata/freesurfer/sub-v2s18x29519_ses-1/label/rh.mpm.vpnl.annot

 mri_label2label --srcsubject fsaverage --srclabel /out/sourcedata/freesurfer/fsaverage/label/rh.BA1_exvivo.thresh.label --trgsubject sub-v2s18x29519_ses-1 --trglabel ./rh.BA1_exvivo.thresh.label --hemi rh --regmethod surface 


srclabel = /out/sourcedata/freesurfer/fsaverage/label/rh.BA1_exvivo.thresh.label
srcsubject = fsaverage
trgsubject = sub-v2s18x29519_ses-1
trglabel = ./rh.BA1_exvivo.thresh.label
regmethod = surface

srchemi = rh
trghemi = rh
trgsurface = white
srcsurfreg = sphere.reg
trgsurfreg = sphere.reg
usehash = 1
Use ProjAbs  = 0, 0
Use ProjFrac = 0, 0
DoPaint 0

SUBJECTS_DIR    /out/sourcedata/freesurfer
FREESURFER_HOME /opt/freesurfer
Loading source label.
Found 876 points in source label.
Starting surface-based mapping
Reading source registration 
 /out/sourcedata/freesurfer/fsaverage/surf/rh.sphere.reg
Rescaling ...  original radius = 100
Reading target surface 
 /out/sourcedata/freesurfer/sub-v2s18x29519_ses-1/surf/rh.white
Reading target registration 
 /out/sourcedata/freesurfer/sub-v2s18x29519_ses-1/surf/rh.sphere.reg
Rescaling ...  original radius = 100
Building target registration hash (res=16).
Building source registration hash (res=16).
INFO: found  876 nlabel points
Performing mapping from target back to the source label 113008
Number of reverse mapping hits = 14
Checking for and removing duplicates
Writing label file ./rh.BA1_exvivo.thresh.label 890
mri_label2label: Done


 mri_label2label --srcsubject fsaverage --srclabel /out/sourcedata/freesurfer/fsaverage/label/rh.BA2_exvivo.thresh.label --trgsubject sub-v2s18x29519_ses-1 --trglabel ./rh.BA2_exvivo.thresh.label --hemi rh --regmethod surface 


srclabel = /out/sourcedata/freesurfer/fsaverage/label/rh.BA2_exvivo.thresh.label
srcsubject = fsaverage
trgsubject = sub-v2s18x29519_ses-1
trglabel = ./rh.BA2_exvivo.thresh.label
regmethod = surface

srchemi = rh
trghemi = rh
trgsurface = white
srcsurfreg = sphere.reg
trgsurfreg = sphere.reg
usehash = 1
Use ProjAbs  = 0, 0
Use ProjFrac = 0, 0
DoPaint 0

SUBJECTS_DIR    /out/sourcedata/freesurfer
FREESURFER_HOME /opt/freesurfer
Loading source label.
Found 2688 points in source label.
Starting surface-based mapping
Reading source registration 
 /out/sourcedata/freesurfer/fsaverage/surf/rh.sphere.reg
Rescaling ...  original radius = 100
Reading target surface 
 /out/sourcedata/freesurfer/sub-v2s18x29519_ses-1/surf/rh.white
Reading target registration 
 /out/sourcedata/freesurfer/sub-v2s18x29519_ses-1/surf/rh.sphere.reg
Rescaling ...  original radius = 100
Building target registration hash (res=16).
Building source registration hash (res=16).
INFO: found  2688 nlabel points
Performing mapping from target back to the source label 113008
Number of reverse mapping hits = 9
Checking for and removing duplicates
Writing label file ./rh.BA2_exvivo.thresh.label 2697
mri_label2label: Done


 mri_label2label --srcsubject fsaverage --srclabel /out/sourcedata/freesurfer/fsaverage/label/rh.BA3a_exvivo.thresh.label --trgsubject sub-v2s18x29519_ses-1 --trglabel ./rh.BA3a_exvivo.thresh.label --hemi rh --regmethod surface 


srclabel = /out/sourcedata/freesurfer/fsaverage/label/rh.BA3a_exvivo.thresh.label
srcsubject = fsaverage
trgsubject = sub-v2s18x29519_ses-1
trglabel = ./rh.BA3a_exvivo.thresh.label
regmethod = surface

srchemi = rh
trghemi = rh
trgsurface = white
srcsurfreg = sphere.reg
trgsurfreg = sphere.reg
usehash = 1
Use ProjAbs  = 0, 0
Use ProjFrac = 0, 0
DoPaint 0

SUBJECTS_DIR    /out/sourcedata/freesurfer
FREESURFER_HOME /opt/freesurfer
Loading source label.
Found 1698 points in source label.
Starting surface-based mapping
Reading source registration 
 /out/sourcedata/freesurfer/fsaverage/surf/rh.sphere.reg
Rescaling ...  original radius = 100
Reading target surface 
 /out/sourcedata/freesurfer/sub-v2s18x29519_ses-1/surf/rh.white
Reading target registration 
 /out/sourcedata/freesurfer/sub-v2s18x29519_ses-1/surf/rh.sphere.reg
Rescaling ...  original radius = 100
Building target registration hash (res=16).
Building source registration hash (res=16).
INFO: found  1698 nlabel points
Performing mapping from target back to the source label 113008
Number of reverse mapping hits = 2
Checking for and removing duplicates
Writing label file ./rh.BA3a_exvivo.thresh.label 1700
mri_label2label: Done


 mri_label2label --srcsubject fsaverage --srclabel /out/sourcedata/freesurfer/fsaverage/label/rh.BA3b_exvivo.thresh.label --trgsubject sub-v2s18x29519_ses-1 --trglabel ./rh.BA3b_exvivo.thresh.label --hemi rh --regmethod surface 


srclabel = /out/sourcedata/freesurfer/fsaverage/label/rh.BA3b_exvivo.thresh.label
srcsubject = fsaverage
trgsubject = sub-v2s18x29519_ses-1
trglabel = ./rh.BA3b_exvivo.thresh.label
regmethod = surface

srchemi = rh
trghemi = rh
trgsurface = white
srcsurfreg = sphere.reg
trgsurfreg = sphere.reg
usehash = 1
Use ProjAbs  = 0, 0
Use ProjFrac = 0, 0
DoPaint 0

SUBJECTS_DIR    /out/sourcedata/freesurfer
FREESURFER_HOME /opt/freesurfer
Loading source label.
Found 2183 points in source label.
Starting surface-based mapping
Reading source registration 
 /out/sourcedata/freesurfer/fsaverage/surf/rh.sphere.reg
Rescaling ...  original radius = 100
Reading target surface 
 /out/sourcedata/freesurfer/sub-v2s18x29519_ses-1/surf/rh.white
Reading target registration 
 /out/sourcedata/freesurfer/sub-v2s18x29519_ses-1/surf/rh.sphere.reg
Rescaling ...  original radius = 100
Building target registration hash (res=16).
Building source registration hash (res=16).
INFO: found  2183 nlabel points
Performing mapping from target back to the source label 113008
Number of reverse mapping hits = 4
Checking for and removing duplicates
Writing label file ./rh.BA3b_exvivo.thresh.label 2187
mri_label2label: Done


 mri_label2label --srcsubject fsaverage --srclabel /out/sourcedata/freesurfer/fsaverage/label/rh.BA4a_exvivo.thresh.label --trgsubject sub-v2s18x29519_ses-1 --trglabel ./rh.BA4a_exvivo.thresh.label --hemi rh --regmethod surface 


srclabel = /out/sourcedata/freesurfer/fsaverage/label/rh.BA4a_exvivo.thresh.label
srcsubject = fsaverage
trgsubject = sub-v2s18x29519_ses-1
trglabel = ./rh.BA4a_exvivo.thresh.label
regmethod = surface

srchemi = rh
trghemi = rh
trgsurface = white
srcsurfreg = sphere.reg
trgsurfreg = sphere.reg
usehash = 1
Use ProjAbs  = 0, 0
Use ProjFrac = 0, 0
DoPaint 0

SUBJECTS_DIR    /out/sourcedata/freesurfer
FREESURFER_HOME /opt/freesurfer
Loading source label.
Found 1388 points in source label.
Starting surface-based mapping
Reading source registration 
 /out/sourcedata/freesurfer/fsaverage/surf/rh.sphere.reg
Rescaling ...  original radius = 100
Reading target surface 
 /out/sourcedata/freesurfer/sub-v2s18x29519_ses-1/surf/rh.white
Reading target registration 
 /out/sourcedata/freesurfer/sub-v2s18x29519_ses-1/surf/rh.sphere.reg
Rescaling ...  original radius = 100
Building target registration hash (res=16).
Building source registration hash (res=16).
INFO: found  1388 nlabel points
Performing mapping from target back to the source label 113008
Number of reverse mapping hits = 10
Checking for and removing duplicates
Writing label file ./rh.BA4a_exvivo.thresh.label 1398
mri_label2label: Done


 mri_label2label --srcsubject fsaverage --srclabel /out/sourcedata/freesurfer/fsaverage/label/rh.BA4p_exvivo.thresh.label --trgsubject sub-v2s18x29519_ses-1 --trglabel ./rh.BA4p_exvivo.thresh.label --hemi rh --regmethod surface 


srclabel = /out/sourcedata/freesurfer/fsaverage/label/rh.BA4p_exvivo.thresh.label
srcsubject = fsaverage
trgsubject = sub-v2s18x29519_ses-1
trglabel = ./rh.BA4p_exvivo.thresh.label
regmethod = surface

srchemi = rh
trghemi = rh
trgsurface = white
srcsurfreg = sphere.reg
trgsurfreg = sphere.reg
usehash = 1
Use ProjAbs  = 0, 0
Use ProjFrac = 0, 0
DoPaint 0

SUBJECTS_DIR    /out/sourcedata/freesurfer
FREESURFER_HOME /opt/freesurfer
Loading source label.
Found 1489 points in source label.
Starting surface-based mapping
Reading source registration 
 /out/sourcedata/freesurfer/fsaverage/surf/rh.sphere.reg
Rescaling ...  original radius = 100
Reading target surface 
 /out/sourcedata/freesurfer/sub-v2s18x29519_ses-1/surf/rh.white
Reading target registration 
 /out/sourcedata/freesurfer/sub-v2s18x29519_ses-1/surf/rh.sphere.reg
Rescaling ...  original radius = 100
Building target registration hash (res=16).
Building source registration hash (res=16).
INFO: found  1489 nlabel points
Performing mapping from target back to the source label 113008
Number of reverse mapping hits = 4
Checking for and removing duplicates
Writing label file ./rh.BA4p_exvivo.thresh.label 1493
mri_label2label: Done


 mri_label2label --srcsubject fsaverage --srclabel /out/sourcedata/freesurfer/fsaverage/label/rh.BA6_exvivo.thresh.label --trgsubject sub-v2s18x29519_ses-1 --trglabel ./rh.BA6_exvivo.thresh.label --hemi rh --regmethod surface 


srclabel = /out/sourcedata/freesurfer/fsaverage/label/rh.BA6_exvivo.thresh.label
srcsubject = fsaverage
trgsubject = sub-v2s18x29519_ses-1
trglabel = ./rh.BA6_exvivo.thresh.label
regmethod = surface

srchemi = rh
trghemi = rh
trgsurface = white
srcsurfreg = sphere.reg
trgsurfreg = sphere.reg
usehash = 1
Use ProjAbs  = 0, 0
Use ProjFrac = 0, 0
DoPaint 0

SUBJECTS_DIR    /out/sourcedata/freesurfer
FREESURFER_HOME /opt/freesurfer
Loading source label.
Found 6959 points in source label.
Starting surface-based mapping
Reading source registration 
 /out/sourcedata/freesurfer/fsaverage/surf/rh.sphere.reg
Rescaling ...  original radius = 100
Reading target surface 
 /out/sourcedata/freesurfer/sub-v2s18x29519_ses-1/surf/rh.white
Reading target registration 
 /out/sourcedata/freesurfer/sub-v2s18x29519_ses-1/surf/rh.sphere.reg
Rescaling ...  original radius = 100
Building target registration hash (res=16).
Building source registration hash (res=16).
INFO: found  6959 nlabel points
Performing mapping from target back to the source label 113008
Number of reverse mapping hits = 86
Checking for and removing duplicates
Writing label file ./rh.BA6_exvivo.thresh.label 7045
mri_label2label: Done


 mri_label2label --srcsubject fsaverage --srclabel /out/sourcedata/freesurfer/fsaverage/label/rh.BA44_exvivo.thresh.label --trgsubject sub-v2s18x29519_ses-1 --trglabel ./rh.BA44_exvivo.thresh.label --hemi rh --regmethod surface 


srclabel = /out/sourcedata/freesurfer/fsaverage/label/rh.BA44_exvivo.thresh.label
srcsubject = fsaverage
trgsubject = sub-v2s18x29519_ses-1
trglabel = ./rh.BA44_exvivo.thresh.label
regmethod = surface

srchemi = rh
trghemi = rh
trgsurface = white
srcsurfreg = sphere.reg
trgsurfreg = sphere.reg
usehash = 1
Use ProjAbs  = 0, 0
Use ProjFrac = 0, 0
DoPaint 0

SUBJECTS_DIR    /out/sourcedata/freesurfer
FREESURFER_HOME /opt/freesurfer
Loading source label.
Found 1012 points in source label.
Starting surface-based mapping
Reading source registration 
 /out/sourcedata/freesurfer/fsaverage/surf/rh.sphere.reg
Rescaling ...  original radius = 100
Reading target surface 
 /out/sourcedata/freesurfer/sub-v2s18x29519_ses-1/surf/rh.white
Reading target registration 
 /out/sourcedata/freesurfer/sub-v2s18x29519_ses-1/surf/rh.sphere.reg
Rescaling ...  original radius = 100
Building target registration hash (res=16).
Building source registration hash (res=16).
INFO: found  1012 nlabel points
Performing mapping from target back to the source label 113008
Number of reverse mapping hits = 67
Checking for and removing duplicates
Writing label file ./rh.BA44_exvivo.thresh.label 1079
mri_label2label: Done


 mri_label2label --srcsubject fsaverage --srclabel /out/sourcedata/freesurfer/fsaverage/label/rh.BA45_exvivo.thresh.label --trgsubject sub-v2s18x29519_ses-1 --trglabel ./rh.BA45_exvivo.thresh.label --hemi rh --regmethod surface 


srclabel = /out/sourcedata/freesurfer/fsaverage/label/rh.BA45_exvivo.thresh.label
srcsubject = fsaverage
trgsubject = sub-v2s18x29519_ses-1
trglabel = ./rh.BA45_exvivo.thresh.label
regmethod = surface

srchemi = rh
trghemi = rh
trgsurface = white
srcsurfreg = sphere.reg
trgsurfreg = sphere.reg
usehash = 1
Use ProjAbs  = 0, 0
Use ProjFrac = 0, 0
DoPaint 0

SUBJECTS_DIR    /out/sourcedata/freesurfer
FREESURFER_HOME /opt/freesurfer
Loading source label.
Found 1178 points in source label.
Starting surface-based mapping
Reading source registration 
 /out/sourcedata/freesurfer/fsaverage/surf/rh.sphere.reg
Rescaling ...  original radius = 100
Reading target surface 
 /out/sourcedata/freesurfer/sub-v2s18x29519_ses-1/surf/rh.white
Reading target registration 
 /out/sourcedata/freesurfer/sub-v2s18x29519_ses-1/surf/rh.sphere.reg
Rescaling ...  original radius = 100
Building target registration hash (res=16).
Building source registration hash (res=16).
INFO: found  1178 nlabel points
Performing mapping from target back to the source label 113008
Number of reverse mapping hits = 18
Checking for and removing duplicates
Writing label file ./rh.BA45_exvivo.thresh.label 1196
mri_label2label: Done


 mri_label2label --srcsubject fsaverage --srclabel /out/sourcedata/freesurfer/fsaverage/label/rh.V1_exvivo.thresh.label --trgsubject sub-v2s18x29519_ses-1 --trglabel ./rh.V1_exvivo.thresh.label --hemi rh --regmethod surface 


srclabel = /out/sourcedata/freesurfer/fsaverage/label/rh.V1_exvivo.thresh.label
srcsubject = fsaverage
trgsubject = sub-v2s18x29519_ses-1
trglabel = ./rh.V1_exvivo.thresh.label
regmethod = surface

srchemi = rh
trghemi = rh
trgsurface = white
srcsurfreg = sphere.reg
trgsurfreg = sphere.reg
usehash = 1
Use ProjAbs  = 0, 0
Use ProjFrac = 0, 0
DoPaint 0

SUBJECTS_DIR    /out/sourcedata/freesurfer
FREESURFER_HOME /opt/freesurfer
Loading source label.
Found 3232 points in source label.
Starting surface-based mapping
Reading source registration 
 /out/sourcedata/freesurfer/fsaverage/surf/rh.sphere.reg
Rescaling ...  original radius = 100
Reading target surface 
 /out/sourcedata/freesurfer/sub-v2s18x29519_ses-1/surf/rh.white
Reading target registration 
 /out/sourcedata/freesurfer/sub-v2s18x29519_ses-1/surf/rh.sphere.reg
Rescaling ...  original radius = 100
Building target registration hash (res=16).
Building source registration hash (res=16).
INFO: found  3232 nlabel points
Performing mapping from target back to the source label 113008
Number of reverse mapping hits = 192
Checking for and removing duplicates
Writing label file ./rh.V1_exvivo.thresh.label 3424
mri_label2label: Done


 mri_label2label --srcsubject fsaverage --srclabel /out/sourcedata/freesurfer/fsaverage/label/rh.V2_exvivo.thresh.label --trgsubject sub-v2s18x29519_ses-1 --trglabel ./rh.V2_exvivo.thresh.label --hemi rh --regmethod surface 


srclabel = /out/sourcedata/freesurfer/fsaverage/label/rh.V2_exvivo.thresh.label
srcsubject = fsaverage
trgsubject = sub-v2s18x29519_ses-1
trglabel = ./rh.V2_exvivo.thresh.label
regmethod = surface

srchemi = rh
trghemi = rh
trgsurface = white
srcsurfreg = sphere.reg
trgsurfreg = sphere.reg
usehash = 1
Use ProjAbs  = 0, 0
Use ProjFrac = 0, 0
DoPaint 0

SUBJECTS_DIR    /out/sourcedata/freesurfer
FREESURFER_HOME /opt/freesurfer
Loading source label.
Found 3437 points in source label.
Starting surface-based mapping
Reading source registration 
 /out/sourcedata/freesurfer/fsaverage/surf/rh.sphere.reg
Rescaling ...  original radius = 100
Reading target surface 
 /out/sourcedata/freesurfer/sub-v2s18x29519_ses-1/surf/rh.white
Reading target registration 
 /out/sourcedata/freesurfer/sub-v2s18x29519_ses-1/surf/rh.sphere.reg
Rescaling ...  original radius = 100
Building target registration hash (res=16).
Building source registration hash (res=16).
INFO: found  3437 nlabel points
Performing mapping from target back to the source label 113008
Number of reverse mapping hits = 370
Checking for and removing duplicates
Writing label file ./rh.V2_exvivo.thresh.label 3807
mri_label2label: Done


 mri_label2label --srcsubject fsaverage --srclabel /out/sourcedata/freesurfer/fsaverage/label/rh.MT_exvivo.thresh.label --trgsubject sub-v2s18x29519_ses-1 --trglabel ./rh.MT_exvivo.thresh.label --hemi rh --regmethod surface 


srclabel = /out/sourcedata/freesurfer/fsaverage/label/rh.MT_exvivo.thresh.label
srcsubject = fsaverage
trgsubject = sub-v2s18x29519_ses-1
trglabel = ./rh.MT_exvivo.thresh.label
regmethod = surface

srchemi = rh
trghemi = rh
trgsurface = white
srcsurfreg = sphere.reg
trgsurfreg = sphere.reg
usehash = 1
Use ProjAbs  = 0, 0
Use ProjFrac = 0, 0
DoPaint 0

SUBJECTS_DIR    /out/sourcedata/freesurfer
FREESURFER_HOME /opt/freesurfer
Loading source label.
Found 268 points in source label.
Starting surface-based mapping
Reading source registration 
 /out/sourcedata/freesurfer/fsaverage/surf/rh.sphere.reg
Rescaling ...  original radius = 100
Reading target surface 
 /out/sourcedata/freesurfer/sub-v2s18x29519_ses-1/surf/rh.white
Reading target registration 
 /out/sourcedata/freesurfer/sub-v2s18x29519_ses-1/surf/rh.sphere.reg
Rescaling ...  original radius = 100
Building target registration hash (res=16).
Building source registration hash (res=16).
INFO: found  268 nlabel points
Performing mapping from target back to the source label 113008
Number of reverse mapping hits = 42
Checking for and removing duplicates
Writing label file ./rh.MT_exvivo.thresh.label 310
mri_label2label: Done


 mri_label2label --srcsubject fsaverage --srclabel /out/sourcedata/freesurfer/fsaverage/label/rh.entorhinal_exvivo.thresh.label --trgsubject sub-v2s18x29519_ses-1 --trglabel ./rh.entorhinal_exvivo.thresh.label --hemi rh --regmethod surface 


srclabel = /out/sourcedata/freesurfer/fsaverage/label/rh.entorhinal_exvivo.thresh.label
srcsubject = fsaverage
trgsubject = sub-v2s18x29519_ses-1
trglabel = ./rh.entorhinal_exvivo.thresh.label
regmethod = surface

srchemi = rh
trghemi = rh
trgsurface = white
srcsurfreg = sphere.reg
trgsurfreg = sphere.reg
usehash = 1
Use ProjAbs  = 0, 0
Use ProjFrac = 0, 0
DoPaint 0

SUBJECTS_DIR    /out/sourcedata/freesurfer
FREESURFER_HOME /opt/freesurfer
Loading source label.
Found 694 points in source label.
Starting surface-based mapping
Reading source registration 
 /out/sourcedata/freesurfer/fsaverage/surf/rh.sphere.reg
Rescaling ...  original radius = 100
Reading target surface 
 /out/sourcedata/freesurfer/sub-v2s18x29519_ses-1/surf/rh.white
Reading target registration 
 /out/sourcedata/freesurfer/sub-v2s18x29519_ses-1/surf/rh.sphere.reg
Rescaling ...  original radius = 100
Building target registration hash (res=16).
Building source registration hash (res=16).
INFO: found  694 nlabel points
Performing mapping from target back to the source label 113008
Number of reverse mapping hits = 9
Checking for and removing duplicates
Writing label file ./rh.entorhinal_exvivo.thresh.label 703
mri_label2label: Done


 mri_label2label --srcsubject fsaverage --srclabel /out/sourcedata/freesurfer/fsaverage/label/rh.perirhinal_exvivo.thresh.label --trgsubject sub-v2s18x29519_ses-1 --trglabel ./rh.perirhinal_exvivo.thresh.label --hemi rh --regmethod surface 


srclabel = /out/sourcedata/freesurfer/fsaverage/label/rh.perirhinal_exvivo.thresh.label
srcsubject = fsaverage
trgsubject = sub-v2s18x29519_ses-1
trglabel = ./rh.perirhinal_exvivo.thresh.label
regmethod = surface

srchemi = rh
trghemi = rh
trgsurface = white
srcsurfreg = sphere.reg
trgsurfreg = sphere.reg
usehash = 1
Use ProjAbs  = 0, 0
Use ProjFrac = 0, 0
DoPaint 0

SUBJECTS_DIR    /out/sourcedata/freesurfer
FREESURFER_HOME /opt/freesurfer
Loading source label.
Found 291 points in source label.
Starting surface-based mapping
Reading source registration 
 /out/sourcedata/freesurfer/fsaverage/surf/rh.sphere.reg
Rescaling ...  original radius = 100
Reading target surface 
 /out/sourcedata/freesurfer/sub-v2s18x29519_ses-1/surf/rh.white
Reading target registration 
 /out/sourcedata/freesurfer/sub-v2s18x29519_ses-1/surf/rh.sphere.reg
Rescaling ...  original radius = 100
Building target registration hash (res=16).
Building source registration hash (res=16).
INFO: found  291 nlabel points
Performing mapping from target back to the source label 113008
Number of reverse mapping hits = 1
Checking for and removing duplicates
Writing label file ./rh.perirhinal_exvivo.thresh.label 292
mri_label2label: Done


 mris_label2annot --s sub-v2s18x29519_ses-1 --hemi rh --ctab /opt/freesurfer/average/colortable_BA.txt --l rh.BA1_exvivo.label --l rh.BA2_exvivo.label --l rh.BA3a_exvivo.label --l rh.BA3b_exvivo.label --l rh.BA4a_exvivo.label --l rh.BA4p_exvivo.label --l rh.BA6_exvivo.label --l rh.BA44_exvivo.label --l rh.BA45_exvivo.label --l rh.V1_exvivo.label --l rh.V2_exvivo.label --l rh.MT_exvivo.label --l rh.perirhinal_exvivo.label --l rh.entorhinal_exvivo.label --a BA_exvivo --maxstatwinner --noverbose 

Reading ctab /opt/freesurfer/average/colortable_BA.txt
Number of ctab entries 15

7.3.2
cwd /out/sourcedata/freesurfer/sub-v2s18x29519_ses-1/label
cmdline mris_label2annot --s sub-v2s18x29519_ses-1 --hemi rh --ctab /opt/freesurfer/average/colortable_BA.txt --l rh.BA1_exvivo.label --l rh.BA2_exvivo.label --l rh.BA3a_exvivo.label --l rh.BA3b_exvivo.label --l rh.BA4a_exvivo.label --l rh.BA4p_exvivo.label --l rh.BA6_exvivo.label --l rh.BA44_exvivo.label --l rh.BA45_exvivo.label --l rh.V1_exvivo.label --l rh.V2_exvivo.label --l rh.MT_exvivo.label --l rh.perirhinal_exvivo.label --l rh.entorhinal_exvivo.label --a BA_exvivo --maxstatwinner --noverbose 
sysname  Linux
hostname dna013
machine  x86_64
user     oesteban

subject sub-v2s18x29519_ses-1
hemi    rh
SUBJECTS_DIR /out/sourcedata/freesurfer
ColorTable /opt/freesurfer/average/colortable_BA.txt
AnnotName  BA_exvivo
nlables 14
LabelThresh 0 0.000000
Loading /out/sourcedata/freesurfer/sub-v2s18x29519_ses-1/surf/rh.orig
 1 1530880 BA1_exvivo
 2 16749699 BA2_exvivo
 3 16711680 BA3a_exvivo
 4 3368703 BA3b_exvivo
 5 1376196 BA4a_exvivo
 6 13382655 BA4p_exvivo
 7 10036737 BA6_exvivo
 8 2490521 BA44_exvivo
 9 39283 BA45_exvivo
10 3993 V1_exvivo
11 8508928 V2_exvivo
12 10027163 MT_exvivo
13 16422433 perirhinal_exvivo
14 16392598 entorhinal_exvivo
Mapping unhit to unknown
Found 79861 unhit vertices
Writing annot to /out/sourcedata/freesurfer/sub-v2s18x29519_ses-1/label/rh.BA_exvivo.annot

 mris_label2annot --s sub-v2s18x29519_ses-1 --hemi rh --ctab /opt/freesurfer/average/colortable_BA.txt --l rh.BA1_exvivo.thresh.label --l rh.BA2_exvivo.thresh.label --l rh.BA3a_exvivo.thresh.label --l rh.BA3b_exvivo.thresh.label --l rh.BA4a_exvivo.thresh.label --l rh.BA4p_exvivo.thresh.label --l rh.BA6_exvivo.thresh.label --l rh.BA44_exvivo.thresh.label --l rh.BA45_exvivo.thresh.label --l rh.V1_exvivo.thresh.label --l rh.V2_exvivo.thresh.label --l rh.MT_exvivo.thresh.label --l rh.perirhinal_exvivo.thresh.label --l rh.entorhinal_exvivo.thresh.label --a BA_exvivo.thresh --maxstatwinner --noverbose 

Reading ctab /opt/freesurfer/average/colortable_BA.txt
Number of ctab entries 15

7.3.2
cwd /out/sourcedata/freesurfer/sub-v2s18x29519_ses-1/label
cmdline mris_label2annot --s sub-v2s18x29519_ses-1 --hemi rh --ctab /opt/freesurfer/average/colortable_BA.txt --l rh.BA1_exvivo.thresh.label --l rh.BA2_exvivo.thresh.label --l rh.BA3a_exvivo.thresh.label --l rh.BA3b_exvivo.thresh.label --l rh.BA4a_exvivo.thresh.label --l rh.BA4p_exvivo.thresh.label --l rh.BA6_exvivo.thresh.label --l rh.BA44_exvivo.thresh.label --l rh.BA45_exvivo.thresh.label --l rh.V1_exvivo.thresh.label --l rh.V2_exvivo.thresh.label --l rh.MT_exvivo.thresh.label --l rh.perirhinal_exvivo.thresh.label --l rh.entorhinal_exvivo.thresh.label --a BA_exvivo.thresh --maxstatwinner --noverbose 
sysname  Linux
hostname dna013
machine  x86_64
user     oesteban

subject sub-v2s18x29519_ses-1
hemi    rh
SUBJECTS_DIR /out/sourcedata/freesurfer
ColorTable /opt/freesurfer/average/colortable_BA.txt
AnnotName  BA_exvivo.thresh
nlables 14
LabelThresh 0 0.000000
Loading /out/sourcedata/freesurfer/sub-v2s18x29519_ses-1/surf/rh.orig
 1 1530880 BA1_exvivo
 2 16749699 BA2_exvivo
 3 16711680 BA3a_exvivo
 4 3368703 BA3b_exvivo
 5 1376196 BA4a_exvivo
 6 13382655 BA4p_exvivo
 7 10036737 BA6_exvivo
 8 2490521 BA44_exvivo
 9 39283 BA45_exvivo
10 3993 V1_exvivo
11 8508928 V2_exvivo
12 10027163 MT_exvivo
13 16422433 perirhinal_exvivo
14 16392598 entorhinal_exvivo
Mapping unhit to unknown
Found 94500 unhit vertices
Writing annot to /out/sourcedata/freesurfer/sub-v2s18x29519_ses-1/label/rh.BA_exvivo.thresh.annot

 mris_anatomical_stats -th3 -mgz -noglobal -f ../stats/rh.BA_exvivo.stats -b -a ./rh.BA_exvivo.annot -c ./BA_exvivo.ctab sub-v2s18x29519_ses-1 rh white 

computing statistics for each annotation in ./rh.BA_exvivo.annot.
reading volume /out/sourcedata/freesurfer/sub-v2s18x29519_ses-1/mri/wm.mgz...
reading input surface /out/sourcedata/freesurfer/sub-v2s18x29519_ses-1/surf/rh.white...
reading input pial surface /out/sourcedata/freesurfer/sub-v2s18x29519_ses-1/surf/rh.pial...
reading input white surface /out/sourcedata/freesurfer/sub-v2s18x29519_ses-1/surf/rh.white...
INFO: using TH3 volume calc
INFO: assuming MGZ format for volumes.
INFO: not computing global stats
Using TH3 vertex volume calc
Total face volume 217189
Total vertex volume 216959 (mask=0)
Saving annotation colortable ./BA_exvivo.ctab

table columns are:
    number of vertices
    total surface area (mm^2)
    total gray matter volume (mm^3)
    average cortical thickness +- standard deviation (mm)
    integrated rectified mean curvature
    integrated rectified Gaussian curvature
    folding index
    intrinsic curvature index
    structure name

  771    446   1808  2.756 0.544     0.123     0.026        9     0.8  BA1_exvivo
 2715   1779   4081  2.359 0.374     0.098     0.015       19     1.8  BA2_exvivo
  896    609    776  1.694 0.465     0.141     0.028        9     1.0  BA3a_exvivo
 1548   1043   2122  1.730 0.661     0.103     0.018       12     1.2  BA3b_exvivo
 1334    743   2594  2.894 0.453     0.091     0.019        8     1.0  BA4a_exvivo
 1062    692   1537  2.244 0.682     0.098     0.020        6     0.9  BA4p_exvivo
 7094   4698  15971  2.947 0.507     0.109     0.020       57     5.8  BA6_exvivo
 3118   2151   6229  2.726 0.464     0.111     0.020       27     2.6  BA44_exvivo
 3343   2376   7187  2.572 0.610     0.116     0.021       39     2.7  BA45_exvivo
 2712   1954   4204  1.975 0.529     0.128     0.027       28     3.3  V1_exvivo
 5924   4168  10052  2.220 0.537     0.142     0.033       73     8.2  V2_exvivo
 1857   1245   3614  2.695 0.366     0.106     0.020       15     1.4  MT_exvivo
  290    199    700  3.337 0.670     0.122     0.021        2     0.2  perirhinal_exvivo
  483    322   1891  3.669 0.689     0.097     0.017        4     0.4  entorhinal_exvivo

 mris_anatomical_stats -th3 -mgz -f ../stats/rh.BA_exvivo.thresh.stats -noglobal -b -a ./rh.BA_exvivo.thresh.annot -c ./BA_exvivo.thresh.ctab sub-v2s18x29519_ses-1 rh white 

computing statistics for each annotation in ./rh.BA_exvivo.thresh.annot.
reading volume /out/sourcedata/freesurfer/sub-v2s18x29519_ses-1/mri/wm.mgz...
reading input surface /out/sourcedata/freesurfer/sub-v2s18x29519_ses-1/surf/rh.white...
reading input pial surface /out/sourcedata/freesurfer/sub-v2s18x29519_ses-1/surf/rh.pial...
reading input white surface /out/sourcedata/freesurfer/sub-v2s18x29519_ses-1/surf/rh.white...
INFO: using TH3 volume calc
INFO: assuming MGZ format for volumes.
INFO: not computing global stats
Using TH3 vertex volume calc
Total face volume 217189
Total vertex volume 216959 (mask=0)
Saving annotation colortable ./BA_exvivo.thresh.ctab

table columns are:
    number of vertices
    total surface area (mm^2)
    total gray matter volume (mm^3)
    average cortical thickness +- standard deviation (mm)
    integrated rectified mean curvature
    integrated rectified Gaussian curvature
    folding index
    intrinsic curvature index
    structure name

  541    307   1275  2.741 0.566     0.114     0.023        6     0.4  BA1_exvivo
 1549    987   2423  2.399 0.374     0.089     0.015       10     0.9  BA2_exvivo
  811    551    648  1.690 0.423     0.151     0.029        9     1.0  BA3a_exvivo
 1225    838   1297  1.444 0.385     0.088     0.014        6     0.8  BA3b_exvivo
  852    434   1669  3.004 0.368     0.090     0.022        6     0.6  BA4a_exvivo
  888    605   1256  2.182 0.707     0.096     0.021        4     0.8  BA4p_exvivo
 4512   2956  10498  2.996 0.489     0.113     0.021       40     3.8  BA6_exvivo
  834    606   2041  2.779 0.356     0.130     0.027       11     0.9  BA44_exvivo
  799    581   2054  2.737 0.505     0.123     0.022       10     0.7  BA45_exvivo
 2578   1831   3804  1.964 0.517     0.127     0.027       27     3.1  V1_exvivo
 3149   2307   5392  2.112 0.547     0.149     0.037       43     4.9  V2_exvivo
  277    182    568  2.670 0.426     0.098     0.022        2     0.2  MT_exvivo
   26     16     64  3.578 0.779     0.115     0.018        0     0.0  perirhinal_exvivo
  467    317   1656  3.650 0.626     0.103     0.016        3     0.4  entorhinal_exvivo

Started at Wed Mar 11 16:42:35 CET 2026 
Ended   at Wed Mar 11 16:45:11 CET 2026
#@#%# recon-all-run-time-hours 0.043
recon-all -s sub-v2s18x29519_ses-1 finished without error at Wed Mar 11 16:45:11 CET 2026
