#!ascii label  , from subject sub-v2s18x29498_ses-1 vox2ras=TkReg
3364
49904  12.423  -23.549  95.810 0.2222220004
49907  12.110  -23.654  95.314 0.2222220004
48870  12.280  -24.102  95.751 0.2222220004
48869  12.825  -24.369  96.127 0.1111110002
48868  13.560  -24.436  96.198 0.2222220004
49903  12.689  -23.755  96.158 0.2222220004
50976  12.292  -22.663  94.963 0.2222220004
49892  14.181  -23.580  96.325 0.2222220004
49891  14.707  -23.097  96.245 0.1111110002
50962  13.949  -22.968  96.319 0.1111110002
48860  13.736  -23.987  96.387 0.2222220004
48861  13.168  -23.939  96.393 0.2222220004
50969  14.440  -22.382  96.086 0.1111110002
49893  13.530  -23.508  96.360 0.1111110002
145519  14.242  -21.671  96.033 0.2222220004
50970  13.634  -22.085  96.064 0.2222220004
50963  13.244  -22.946  96.210 0.2222220004
49895  12.674  -23.075  96.046 0.2222220004
50971  12.971  -22.115  95.926 0.2222220004
149352  12.559  -22.257  95.741 0.2222220004
135473  12.457  -22.897  95.603 0.2222220004
48875  15.311  -24.424  94.997 0.1111110002
48876  14.643  -24.588  95.574 0.1111110002
48867  14.291  -24.232  96.130 0.1111110002
49902  14.896  -23.665  96.100 0.1111110002
50968  15.218  -22.496  96.062 0.1111110002
53183  15.248  -21.307  95.831 0.3333329856
52060  14.908  -21.734  96.003 0.2222220004
52061  13.791  -21.004  95.969 0.4444440007
53185  13.185  -20.365  95.993 0.4444440007
52063  12.217  -21.331  95.842 0.4444440007
50972  12.289  -21.831  95.489 0.2222220004
53186  12.322  -20.548  95.939 0.4444440007
50977  11.761  -21.463  95.159 0.2222220004
50973  11.606  -21.086  95.569 0.2222220004
48866  15.477  -23.966  95.486 0.1111110002
49901  16.616  -23.299  95.996 0.1111110002
131344  15.634  -23.590  95.848 0.1111110002
129212  15.650  -23.183  96.137 0.1111110002
140367  15.936  -22.478  96.107 0.1111110002
52059  15.679  -21.791  96.011 0.1111110002
53182  16.023  -21.410  95.670 0.3333329856
53190  15.552  -20.604  94.811 0.4444440007
152307  14.662  -20.920  95.631 0.3333329856
54385  14.559  -20.511  95.110 0.4444440007
53184  13.999  -20.373  95.946 0.4444440007
53187  11.730  -20.647  95.696 0.4444440007
54383  11.885  -20.208  95.782 0.4444440007
52065  10.980  -20.947  95.086 0.2222220004
48865  16.736  -23.667  95.541 0.1111110002
48878  24.953  -25.159  94.420 0.4444440007
150503  24.798  -25.936  94.532 0.3333329856
49890  17.390  -23.188  96.155 0.1111110002
46730  24.423  -26.774  94.759 0.2222220004
45507  23.475  -27.386  94.666 0.2222220004
50967  16.587  -22.827  96.117 0.2222220004
50966  17.327  -22.582  96.059 0.2222220004
52058  16.611  -21.960  95.989 0.2222220004
53189  16.249  -20.974  95.119 0.3333329856
54406  14.789  -20.400  93.846 0.6666669846
54384  14.779  -20.338  94.515 0.5555559993
54396  13.486  -19.474  94.366 0.6666669846
54386  13.440  -19.599  94.976 0.6666669846
54381  13.343  -19.962  95.568 0.4444440007
136716  12.755  -19.579  95.078 0.5555559993
53192  10.572  -20.117  95.029 0.4444440007
53193  9.892  -20.195  94.689 0.2222220004
52085  9.658  -21.160  93.166 0.2222220004
47811  22.620  -26.104  94.755 0.3333329856
48873  17.407  -24.186  95.164 0.1111110002
46732  22.835  -26.512  94.806 0.2222220004
151666  22.132  -26.458  95.215 0.2222220004
48864  17.832  -24.293  95.788 0.1111110002
49900  17.554  -23.665  95.984 0.1111110002
47809  24.432  -26.391  94.671 0.3333329856
150950  22.455  -27.079  95.020 0.2222220004
50961  17.947  -23.009  96.319 0.1111110002
47821  24.483  -25.862  94.498 0.4444440007
45501  23.313  -27.019  94.924 0.2222220004
44408  21.968  -27.877  94.350 0.2222220004
143118  21.246  -27.351  94.717 0.1111110002
50965  18.164  -22.400  95.512 0.2222220004
47833  24.510  -25.300  94.221 0.4444440007
47822  23.753  -25.920  94.360 0.3333329856
152100  22.094  -28.142  93.282 0.2222220004
53199  16.959  -21.179  94.834 0.2222220004
53212  16.827  -21.120  94.210 0.5555559993
53200  16.256  -20.814  94.562 0.5555559993
53214  15.359  -20.727  93.501 0.6666669846
53201  15.532  -20.569  94.272 0.5555559993
54395  14.136  -20.012  94.118 0.5555559993
55521  12.876  -19.043  93.875 0.5555559993
55515  11.914  -18.980  94.617 0.5555559993
55516  11.091  -18.627  94.515 0.4444440007
54390  9.860  -19.555  94.673 0.4444440007
47805  18.190  -25.001  95.589 0.1111110002
48863  18.457  -24.931  96.039 0.1111110002
48859  18.288  -24.254  96.141 0.1111110002
143944  21.798  -26.833  95.179 0.2222220004
151554  21.199  -25.570  95.969 0.2222220004
47804  18.703  -25.551  95.883 0.1111110002
48858  18.926  -24.764  96.283 0.1111110002
47824  22.064  -25.653  94.851 0.4444440007
47803  19.271  -25.740  96.153 0.1111110002
49898  19.224  -23.508  95.986 0.3333329856
50975  18.408  -22.321  94.955 0.4444440007
48887  24.905  -24.373  94.403 0.4444440007
47843  23.662  -25.164  92.829 0.5555559993
47834  23.621  -25.587  93.604 0.4444440007
47836  21.888  -25.583  93.976 0.4444440007
52069  17.987  -21.964  94.632 0.3333329856
49930  23.708  -23.645  92.185 0.5555559993
47844  22.932  -25.568  92.553 0.4444440007
47845  21.902  -25.492  92.339 0.4444440007
52080  17.251  -21.631  93.749 0.5555559993
132187  16.531  -21.336  93.433 0.5555559993
50995  23.766  -22.614  92.707 0.5555559993
137843  23.036  -24.054  90.822 0.4444440007
48904  22.853  -24.792  91.152 0.5555559993
47864  22.087  -25.063  90.874 0.5555559993
48918  21.656  -24.827  90.203 0.5555559993
151474  16.213  -21.514  92.723 0.5555559993
52081  15.837  -21.106  93.101 0.6666669846
143499  23.377  -22.723  91.790 0.6666669846
153035  23.354  -23.608  91.387 0.6666669846
48917  22.416  -24.473  90.308 0.5555559993
135408  21.921  -24.436  89.566 0.5555559993
54408  13.544  -19.704  93.451 0.5555559993
55531  12.081  -18.882  93.177 0.5555559993
55522  12.087  -18.787  94.062 0.6666669846
140375  9.853  -18.733  94.457 0.5555559993
54389  10.663  -19.454  94.939 0.4444440007
54391  9.389  -19.019  94.254 0.5555559993
47812  21.555  -25.452  95.478 0.2222220004
46724  21.821  -25.861  95.445 0.3333329856
48871  21.084  -24.731  95.843 0.2222220004
136956  20.820  -25.260  96.283 0.2222220004
48856  20.312  -24.497  96.298 0.2222220004
128940  19.744  -23.476  95.548 0.4444440007
50982  18.449  -22.409  94.386 0.5555559993
48889  20.914  -25.045  93.976 0.3333329856
48880  20.648  -24.520  94.687 0.4444440007
49906  19.686  -23.344  95.125 0.4444440007
50974  19.011  -22.883  94.729 0.4444440007
52079  17.918  -21.971  94.060 0.5555559993
47837  21.324  -25.441  93.109 0.5555559993
48890  20.354  -25.045  93.002 0.4444440007
47857  21.410  -25.268  91.565 0.5555559993
51009  23.093  -21.912  91.458 0.6666669846
51022  22.978  -22.824  90.923 0.5555559993
49942  22.760  -23.527  90.160 0.5555559993
147886  22.433  -23.995  89.624 0.6666669846
48905  21.307  -25.065  90.787 0.5555559993
52082  15.166  -20.894  92.695 0.5555559993
52128  22.448  -21.528  89.961 0.5555559993
51035  22.554  -23.034  89.421 0.5555559993
53225  14.524  -20.548  92.287 0.5555559993
54416  14.036  -20.128  92.779 0.5555559993
54409  12.708  -19.371  92.950 0.5555559993
55523  11.217  -18.362  94.107 0.6666669846
48872  20.713  -24.342  95.405 0.2222220004
49896  20.648  -24.280  95.846 0.2222220004
49909  20.201  -23.889  94.900 0.4444440007
50986  18.254  -22.654  93.635 0.5555559993
47846  21.037  -25.328  92.405 0.4444440007
48891  19.620  -24.534  93.129 0.4444440007
131597  20.076  -24.356  93.965 0.4444440007
49915  19.266  -23.881  93.567 0.4444440007
50996  23.416  -21.879  92.237 0.5555559993
53224  23.096  -20.756  91.585 0.5555559993
48898  20.449  -25.067  91.995 0.4444440007
52120  22.685  -21.194  90.535 0.6666669846
48906  20.637  -25.001  91.132 0.4444440007
48899  19.692  -24.682  92.365 0.4444440007
52095  16.889  -21.928  92.813 0.5555559993
52096  15.656  -21.307  92.307 0.5555559993
142531  22.094  -21.183  88.712 0.5555559993
52137  22.260  -21.888  89.158 0.6666669846
52138  21.993  -21.981  88.116 0.6666669846
48933  22.150  -23.875  88.965 0.6666669846
48907  19.871  -24.728  91.478 0.5555559993
51051  22.249  -22.993  88.554 0.6666669846
48934  21.395  -24.357  88.839 0.6666669846
134761  21.295  -24.674  89.607 0.6666669846
48920  19.900  -24.469  90.114 0.6666669846
48935  20.508  -24.502  89.317 0.6666669846
54415  23.918  -19.864  92.806 0.4444440007
50981  18.934  -23.022  93.991 0.5555559993
50987  17.622  -22.261  93.281 0.5555559993
155506  23.431  -20.210  92.318 0.5555559993
54425  23.559  -19.901  91.906 0.5555559993
53231  23.210  -20.378  91.708 0.5555559993
49916  18.607  -23.418  93.176 0.4444440007
141350  22.578  -20.970  90.101 0.7777780294
135735  18.003  -22.910  92.802 0.4444440007
154319  17.423  -22.530  92.546 0.4444440007
143138  22.235  -21.067  89.406 0.5555559993
49920  19.095  -24.077  92.712 0.4444440007
138413  20.116  -24.727  90.768 0.5555559993
49921  18.453  -23.549  92.294 0.4444440007
49932  18.375  -23.509  91.428 0.5555559993
50997  17.713  -23.025  91.915 0.4444440007
51052  21.954  -22.997  87.879 0.6666669846
49968  21.721  -23.726  88.139 0.6666669846
50998  16.967  -22.443  91.947 0.5555559993
154365  12.263  -19.128  92.591 0.5555559993
51065  21.741  -22.601  87.258 0.6666669846
130036  21.612  -23.342  87.493 0.6666669846
48948  20.668  -24.298  88.549 0.6666669846
55553  24.944  -18.886  92.077 0.4444440007
55554  24.345  -19.309  92.488 0.4444440007
145142  23.689  -19.883  90.885 0.5555559993
53245  22.582  -20.679  89.620 0.6666669846
53253  22.322  -20.709  88.716 0.5555559993
49931  19.100  -24.146  91.728 0.5555559993
53254  22.010  -21.003  87.959 0.6666669846
132534  18.906  -23.805  90.942 0.5555559993
52154  21.781  -21.625  86.486 0.6666669846
139929  21.699  -22.063  86.880 0.6666669846
49943  19.086  -23.892  90.161 0.5555559993
49933  17.815  -23.174  91.123 0.5555559993
48947  21.101  -24.129  88.058 0.6666669846
51078  21.554  -22.652  86.472 0.6666669846
48958  20.360  -24.037  88.011 0.6666669846
49990  21.363  -23.295  86.814 0.6666669846
49977  21.209  -23.773  87.399 0.6666669846
49991  20.928  -23.579  86.573 0.6666669846
54424  24.311  -19.426  91.528 0.5555559993
54451  23.928  -19.846  89.997 0.6666669846
54450  24.740  -19.665  89.785 0.6666669846
54470  23.404  -19.968  88.604 0.6666669846
54493  22.682  -20.304  88.395 0.5555559993
54492  23.009  -20.151  87.782 0.5555559993
53266  22.768  -20.475  87.015 0.5555559993
53283  22.257  -20.797  86.902 0.6666669846
53268  21.998  -20.947  87.118 0.6666669846
52145  21.845  -21.596  87.305 0.6666669846
49944  18.310  -23.426  90.551 0.5555559993
53284  22.018  -21.046  86.319 0.6666669846
48949  19.911  -24.116  88.651 0.6666669846
49955  18.908  -23.741  89.439 0.6666669846
132660  21.526  -22.406  85.823 0.6666669846
135627  19.110  -23.788  88.760 0.6666669846
141856  21.810  -21.624  85.608 0.6666669846
50005  21.186  -23.148  85.883 0.5555559993
51089  21.326  -22.534  85.029 0.6666669846
53282  23.356  -20.498  86.376 0.6666669846
132751  22.584  -20.820  86.039 0.6666669846
53299  22.090  -21.207  85.450 0.6666669846
49992  20.212  -23.671  86.502 0.6666669846
53298  22.459  -21.037  85.185 0.6666669846
52166  21.718  -21.740  84.740 0.6666669846
51090  20.721  -23.059  85.088 0.5555559993
51096  21.294  -22.166  84.301 0.5555559993
54490  25.411  -19.894  87.369 0.7777780294
54509  24.748  -20.033  86.752 0.5555559993
53281  24.150  -20.334  86.156 0.5555559993
151277  23.003  -20.849  85.191 0.6666669846
53312  22.141  -21.245  84.578 0.5555559993
52180  21.623  -21.648  83.962 0.4444440007
54489  26.402  -19.738  87.343 0.7777780294
54508  25.630  -19.937  86.564 0.6666669846
54466  27.101  -19.466  88.103 0.7777780294
53296  24.403  -20.479  85.290 0.6666669846
53310  23.716  -20.749  84.650 0.5555559993
53311  22.774  -20.927  84.482 0.5555559993
53330  22.188  -21.053  83.651 0.4444440007
54507  26.362  -19.847  86.351 0.6666669846
54526  25.849  -20.004  85.719 0.6666669846
129225  26.127  -20.045  85.002 0.7777780294
54527  25.013  -20.149  85.893 0.6666669846
149200  24.555  -20.511  84.539 0.6666669846
139608  23.229  -20.746  83.627 0.5555559993
53329  23.911  -20.633  83.095 0.4444440007
136493  27.172  -19.605  86.515 0.6666669846
54525  26.762  -19.829  85.570 0.6666669846
54539  26.012  -20.232  84.153 0.7777780294
53309  25.079  -20.394  83.989 0.6666669846
54557  25.658  -20.338  83.376 0.6666669846
132530  24.780  -20.476  83.079 0.5555559993
142120  22.502  -20.746  82.991 0.3333329856
55604  37.756  -19.686  87.633 0.5555559993
53275  37.446  -20.461  86.703 0.7777780294
53262  35.966  -20.804  87.172 0.8888890147
132324  37.529  -21.043  85.842 0.7777780294
53290  36.520  -21.311  85.721 0.8888890147
53277  35.248  -21.028  86.685 0.8888890147
136619  35.185  -21.478  84.861 0.8888890147
147879  35.726  -21.389  85.555 0.8888890147
139649  34.124  -21.069  86.043 0.7777780294
53279  33.716  -20.826  86.610 0.7777780294
53292  34.114  -21.148  85.159 0.7777780294
53293  33.398  -20.850  85.824 0.7777780294
54502  32.062  -20.156  86.490 0.7777780294
53307  32.320  -20.546  84.674 0.7777780294
54521  30.651  -19.933  85.859 0.7777780294
129138  29.893  -19.545  86.003 0.7777780294
55619  28.010  -19.248  86.966 0.7777780294
53295  31.768  -20.292  85.086 0.7777780294
141054  31.508  -20.165  85.757 0.7777780294
150392  28.835  -19.213  85.614 0.7777780294
149952  27.878  -19.360  86.180 0.7777780294
54522  29.378  -19.335  85.408 0.7777780294
139696  28.183  -19.304  85.448 0.6666669846
129664  27.502  -19.532  85.748 0.6666669846
54538  26.812  -19.906  84.574 0.7777780294
139033  26.354  -20.263  82.869 0.7777780294
152430  26.232  -20.249  83.489 0.6666669846
55615  40.165  -18.453  86.120 0.5555559993
55629  39.143  -18.876  86.121 0.5555559993
55617  38.702  -19.263  86.710 0.6666669846
53289  38.383  -20.473  85.429 0.5555559993
52163  37.883  -21.159  84.884 0.7777780294
52164  37.076  -21.433  85.043 0.8888890147
52165  36.166  -21.533  84.954 0.8888890147
52176  37.384  -21.410  84.359 0.8888890147
52177  36.666  -21.550  84.291 0.8888890147
52178  35.833  -21.596  84.155 0.8888890147
53305  34.442  -21.294  84.208 0.7777780294
52197  35.587  -21.650  83.184 0.8888890147
52179  35.128  -21.538  83.968 0.7777780294
52198  34.631  -21.439  83.410 0.7777780294
131785  33.613  -20.966  84.237 0.7777780294
53306  33.132  -20.779  84.949 0.7777780294
52214  34.723  -21.532  82.594 0.7777780294
53324  33.958  -21.132  83.609 0.6666669846
53325  33.082  -20.955  83.337 0.6666669846
54520  30.961  -20.030  84.986 0.7777780294
131636  35.425  -21.720  81.379 0.7777780294
52226  35.479  -21.708  82.161 0.7777780294
53343  33.970  -21.246  82.917 0.7777780294
53308  31.563  -20.320  84.409 0.7777780294
54523  28.821  -19.282  84.941 0.6666669846
52215  34.068  -21.344  82.236 0.7777780294
53326  32.134  -20.674  83.780 0.6666669846
54534  30.241  -19.764  84.400 0.8888890147
52227  34.598  -21.560  81.669 0.8888890147
53345  32.431  -20.953  82.477 0.7777780294
152762  32.301  -20.861  83.147 0.7777780294
53327  31.255  -20.291  83.671 0.7777780294
54533  30.922  -20.013  84.216 0.7777780294
54535  29.475  -19.450  84.625 0.8888890147
54536  28.836  -19.396  84.145 0.7777780294
132401  28.205  -19.382  84.540 0.6666669846
135059  34.918  -21.408  79.128 0.7777780294
52258  34.467  -21.534  79.833 0.7777780294
52241  33.956  -21.461  80.956 0.7777780294
52228  33.680  -21.301  81.659 0.7777780294
141291  32.112  -20.989  81.626 0.7777780294
53346  31.640  -20.691  82.951 0.7777780294
136794  28.233  -19.543  83.728 0.7777780294
54537  27.567  -19.648  84.087 0.7777780294
137433  34.056  -21.524  79.140 0.6666669846
137146  33.380  -21.507  80.362 0.6666669846
52229  33.192  -21.269  81.040 0.7777780294
54556  26.870  -20.045  83.589 0.7777780294
52277  34.445  -21.484  78.416 0.5555559993
52259  33.658  -21.604  79.764 0.5555559993
52260  32.828  -21.594  79.671 0.5555559993
52242  32.641  -21.357  80.471 0.6666669846
52278  33.583  -21.559  78.503 0.5555559993
55614  40.919  -18.675  85.689 0.4444440007
55626  41.049  -18.624  84.971 0.4444440007
139565  39.880  -18.455  85.026 0.5555559993
54518  39.245  -18.987  85.452 0.5555559993
54531  39.507  -19.108  84.537 0.4444440007
54551  39.063  -19.802  83.979 0.5555559993
53304  38.515  -20.629  84.459 0.5555559993
53322  38.543  -20.537  83.468 0.7777780294
53323  37.974  -21.193  83.969 0.7777780294
52195  37.166  -21.551  83.542 0.7777780294
52196  36.480  -21.685  83.061 0.8888890147
52225  36.296  -21.773  81.643 0.8888890147
52213  36.195  -21.744  82.497 0.8888890147
52238  36.617  -21.693  80.862 0.8888890147
52239  35.854  -21.727  80.739 0.7777780294
52256  36.456  -21.606  79.970 0.8888890147
52240  34.816  -21.609  80.689 0.8888890147
52276  35.350  -21.439  78.346 0.7777780294
52257  35.388  -21.548  79.902 0.7777780294
52291  35.738  -21.325  77.575 0.8888890147
53374  31.838  -21.081  80.761 0.6666669846
52309  35.230  -21.219  76.898 0.8888890147
52292  34.839  -21.426  77.643 0.8888890147
137370  33.946  -21.498  77.728 0.5555559993
137432  33.074  -21.545  77.845 0.5555559993
52279  32.696  -21.593  78.705 0.5555559993
52261  31.476  -21.305  79.355 0.5555559993
131293  34.328  -21.350  76.932 0.5555559993
52293  33.408  -21.503  77.014 0.5555559993
52294  32.514  -21.583  77.151 0.5555559993
143094  32.314  -21.534  77.937 0.5555559993
52311  32.791  -21.410  76.241 0.4444440007
52162  41.637  -21.489  85.435 0.2222220004
55625  41.328  -18.965  84.663 0.4444440007
55634  41.067  -18.891  84.315 0.4444440007
134980  40.077  -18.743  84.221 0.4444440007
55653  40.916  -18.974  82.333 0.5555559993
132040  40.456  -19.114  82.947 0.5555559993
55644  40.164  -18.993  83.504 0.4444440007
54550  39.658  -19.174  83.659 0.5555559993
153859  40.579  -18.944  81.597 0.5555559993
54566  39.797  -19.159  82.879 0.5555559993
132546  39.088  -19.531  82.914 0.6666669846
55654  40.049  -19.043  82.108 0.5555559993
150096  39.450  -19.211  82.245 0.7777780294
53342  37.945  -21.253  82.989 0.7777780294
54583  38.888  -19.545  81.137 0.7777780294
54567  38.959  -19.539  81.977 0.7777780294
53341  38.514  -20.449  82.478 0.7777780294
53357  38.480  -20.392  81.548 0.7777780294
53358  37.913  -21.206  81.993 0.8888890147
146738  37.096  -21.691  82.449 0.8888890147
53372  38.400  -20.303  80.685 0.8888890147
53373  37.861  -21.056  81.062 0.8888890147
153215  37.828  -20.814  79.543 0.7777780294
52237  37.218  -21.477  80.531 0.8888890147
53399  37.504  -21.043  78.965 0.7777780294
152082  37.760  -20.779  78.371 0.7777780294
52274  36.785  -21.405  79.029 0.8888890147
53412  37.612  -20.761  77.675 0.7777780294
53400  37.149  -21.163  78.269 0.8888890147
53429  37.352  -20.590  76.841 0.8888890147
132322  36.701  -21.087  77.421 0.8888890147
52275  36.295  -21.387  78.271 0.7777780294
53445  37.055  -20.295  76.014 0.8888890147
53446  36.254  -20.427  75.750 0.7777780294
53413  35.997  -21.088  76.932 0.8888890147
54663  35.880  -19.948  75.060 0.6666669846
139209  35.718  -20.883  76.278 0.7777780294
54676  35.538  -19.523  74.356 0.4444440007
136404  35.400  -20.506  75.531 0.6666669846
53431  34.736  -20.983  76.114 0.5555559993
52310  33.774  -21.206  76.273 0.4444440007
54692  35.220  -19.231  73.613 0.3333329856
53465  35.084  -20.047  74.838 0.5555559993
151031  33.786  -20.577  75.149 0.4444440007
52323  32.633  -21.074  75.523 0.4444440007
51095  41.605  -21.752  84.513 0.2222220004
53288  41.737  -19.949  84.776 0.3333329856
131296  41.716  -21.846  83.470 0.3333329856
54549  41.522  -19.454  83.237 0.3333329856
55652  41.364  -19.247  82.738 0.6666669846
139138  40.918  -19.141  83.070 0.4444440007
55664  39.869  -19.016  81.130 0.6666669846
54582  39.342  -19.136  81.563 0.7777780294
54596  38.777  -19.494  80.304 0.7777780294
54609  38.677  -19.533  79.466 0.7777780294
53387  38.283  -20.227  79.868 0.8888890147
54619  38.637  -19.559  78.589 0.7777780294
54630  38.560  -19.527  77.697 0.8888890147
53411  38.233  -20.294  78.052 0.7777780294
55718  38.031  -19.118  76.085 0.8888890147
54631  38.057  -20.171  77.229 0.7777780294
55736  37.632  -18.725  75.331 0.8888890147
54645  37.733  -19.913  76.435 0.8888890147
55755  37.343  -18.360  74.585 0.8888890147
54661  37.360  -19.550  75.663 0.8888890147
54662  36.661  -19.815  75.325 0.7777780294
55768  37.130  -18.023  73.831 0.8888890147
55756  36.682  -18.671  74.208 0.7777780294
54675  36.292  -19.335  74.622 0.6666669846
55770  35.669  -18.695  73.142 0.4444440007
54691  35.959  -18.940  73.896 0.5555559993
52194  42.014  -20.853  83.206 0.2222220004
53320  42.803  -20.276  82.647 0.5555559993
53321  41.926  -19.918  83.230 0.3333329856
55651  41.927  -19.455  82.537 0.4444440007
131428  41.947  -19.057  81.449 0.7777780294
138328  41.460  -19.070  82.103 0.6666669846
131306  42.262  -18.631  79.519 0.6666669846
55674  41.684  -18.910  80.487 0.7777780294
55694  41.802  -18.264  78.812 0.8888890147
55684  41.310  -18.703  79.516 0.7777780294
55685  40.352  -18.721  79.478 0.7777780294
55676  39.704  -18.920  80.179 0.8888890147
137377  41.286  -17.707  78.508 0.8888890147
55695  40.894  -18.286  78.803 0.8888890147
55696  40.089  -18.353  78.660 0.7777780294
54608  39.037  -18.996  79.879 0.8888890147
56718  40.540  -17.501  78.249 0.8888890147
55697  39.481  -18.552  78.488 0.8888890147
55687  39.029  -18.981  79.028 0.7777780294
56719  39.843  -17.848  78.053 0.8888890147
55706  39.336  -18.257  77.772 0.8888890147
55698  38.983  -18.893  78.175 0.7777780294
55707  38.853  -18.774  77.351 0.8888890147
55735  38.293  -18.300  75.770 0.8888890147
55717  38.616  -18.589  76.557 0.8888890147
56753  38.635  -17.592  75.478 0.8888890147
55754  37.943  -17.935  75.034 0.8888890147
56770  37.694  -17.582  74.301 0.8888890147
56790  37.549  -17.279  73.449 0.6666669846
56791  36.976  -17.746  73.198 0.5555559993
52212  42.969  -21.000  82.649 0.2222220004
54580  43.683  -19.686  81.815 0.3333329856
53340  43.880  -20.696  82.354 0.4444440007
54548  42.505  -19.721  82.459 0.5555559993
55672  43.492  -18.951  80.533 0.6666669846
55673  42.585  -18.911  80.518 0.6666669846
131767  41.261  -16.925  78.245 0.8888890147
57751  40.633  -16.538  77.882 0.8888890147
57766  39.808  -16.969  77.214 0.8888890147
56730  39.618  -17.558  77.460 0.8888890147
139422  39.767  -16.514  75.986 0.8888890147
56741  39.427  -17.349  76.802 0.8888890147
55716  39.167  -18.066  77.036 0.8888890147
56742  38.916  -17.838  76.274 0.8888890147
57790  39.467  -16.563  75.247 0.8888890147
150410  38.868  -16.572  74.470 0.8888890147
57791  38.941  -17.037  75.133 0.8888890147
57805  39.098  -16.018  73.834 0.8888890147
56789  38.098  -16.866  74.067 0.7777780294
56769  38.344  -17.246  74.739 0.7777780294
58909  38.678  -15.795  72.619 0.7777780294
150348  38.258  -16.302  72.804 0.7777780294
54564  44.843  -20.611  82.312 0.3333329856
54579  44.994  -19.954  81.829 0.3333329856
55671  44.453  -18.913  80.529 0.5555559993
55683  43.206  -18.526  79.624 0.7777780294
56708  42.708  -18.034  78.847 0.8888890147
57764  40.833  -15.743  77.547 0.8888890147
58820  41.291  -16.010  78.046 0.8888890147
57765  40.221  -16.332  77.226 0.8888890147
58860  40.610  -15.565  76.005 0.8888890147
57777  40.171  -16.112  76.428 0.8888890147
135809  40.534  -15.552  75.012 0.8888890147
57789  40.077  -16.072  75.544 0.8888890147
58859  41.178  -15.111  75.459 0.8888890147
58876  39.716  -15.964  74.556 0.8888890147
58875  40.329  -15.395  74.237 0.8888890147
58892  39.771  -15.521  73.726 0.8888890147
58893  39.198  -15.619  73.161 0.8888890147
53338  45.592  -20.828  82.690 0.3333329856
55661  44.743  -19.329  81.239 0.3333329856
55682  44.131  -18.485  79.762 0.7777780294
57733  44.247  -16.871  79.328 0.7777780294
153541  43.585  -16.948  78.927 0.8888890147
58819  41.960  -15.417  78.322 1.0000000000
57735  42.531  -16.072  78.629 1.0000000000
56707  42.904  -17.042  78.605 0.8888890147
148688  41.367  -15.248  77.867 0.8888890147
59948  41.594  -14.819  77.677 1.0000000000
58833  41.095  -15.063  77.304 0.8888890147
58849  41.094  -15.045  76.515 0.8888890147
59979  41.910  -14.654  74.904 1.0000000000
128674  41.095  -14.945  74.360 0.8888890147
133019  41.815  -14.382  74.139 0.8888890147
132996  40.575  -14.550  72.873 0.8888890147
59995  39.872  -15.095  73.018 0.8888890147
55660  45.745  -19.150  81.391 0.3333329856
56697  45.287  -17.823  80.015 0.5555559993
55670  45.377  -18.552  80.604 0.3333329856
57734  43.346  -16.188  79.015 0.7777780294
56705  44.624  -17.756  79.577 0.7777780294
59934  42.484  -14.632  78.470 0.7777780294
58806  42.720  -15.288  78.836 0.7777780294
59947  42.175  -14.385  77.844 1.0000000000
140809  42.595  -14.225  77.103 1.0000000000
59971  41.916  -14.743  75.915 1.0000000000
59978  42.408  -14.047  74.491 1.0000000000
59993  41.277  -14.340  73.457 1.0000000000
60009  40.985  -13.970  72.817 1.0000000000
60010  40.558  -14.020  72.308 0.8888890147
61996  41.245  -12.810  72.788 1.0000000000
56689  45.822  -17.808  80.663 0.3333329856
144832  46.012  -18.454  81.148 0.3333329856
57732  44.973  -17.223  79.744 0.5555559993
58804  44.068  -15.878  79.658 0.6666669846
57720  44.809  -16.441  79.956 0.7777780294
60987  42.993  -14.057  78.361 0.8888890147
60995  43.242  -13.821  77.419 1.0000000000
59961  42.689  -14.352  76.220 1.0000000000
59970  42.623  -14.295  75.311 1.0000000000
61009  43.206  -13.796  75.667 1.0000000000
61031  42.542  -13.357  74.303 1.0000000000
61032  41.999  -13.615  73.777 1.0000000000
61987  42.291  -12.855  73.992 1.0000000000
61988  41.732  -12.663  73.422 1.0000000000
61997  40.704  -12.572  72.245 1.0000000000
55659  46.397  -18.773  81.961 0.3333329856
56688  46.255  -17.848  81.497 0.3333329856
59921  43.465  -14.557  79.711 0.6666669846
58805  43.383  -15.269  79.430 0.6666669846
59933  43.197  -14.219  79.067 0.6666669846
61003  43.263  -13.858  76.477 1.0000000000
61019  43.311  -12.977  75.306 1.0000000000
61979  42.754  -12.652  74.610 1.0000000000
61980  42.057  -12.202  74.173 1.0000000000
63053  41.387  -11.811  73.758 1.0000000000
63054  40.774  -11.407  73.360 1.0000000000
63065  40.475  -11.716  72.583 1.0000000000
57688  46.035  -16.306  82.358 0.3333329856
57703  46.315  -17.135  82.093 0.3333329856
58774  45.427  -15.781  81.850 0.4444440007
57704  45.911  -16.870  81.249 0.3333329856
58791  43.812  -15.054  80.174 0.5555559993
58790  44.476  -15.551  80.472 0.5555559993
57705  45.223  -16.123  80.796 0.3333329856
60986  43.644  -13.524  78.979 0.6666669846
61956  44.142  -12.306  77.554 0.8888890147
61960  43.747  -12.483  76.511 0.8888890147
61965  43.447  -12.478  75.777 0.8888890147
61966  43.064  -12.161  75.309 1.0000000000
63041  41.648  -11.464  74.525 1.0000000000
63042  40.995  -11.086  74.141 1.0000000000
63066  39.835  -11.191  72.298 1.0000000000
63055  40.186  -10.965  73.012 1.0000000000
64124  39.506  -10.338  72.743 1.0000000000
58757  44.834  -14.949  82.403 0.4444440007
59893  44.245  -14.520  81.985 0.3333329856
58775  44.718  -15.262  81.433 0.4444440007
59894  43.810  -14.158  81.520 0.4444440007
59908  43.662  -14.369  80.552 0.5555559993
144640  44.002  -12.826  79.465 0.6666669846
61948  44.311  -11.941  78.343 0.8888890147
61949  44.197  -12.661  78.604 0.7777780294
63021  43.383  -11.815  75.974 0.8888890147
63022  42.686  -11.470  75.599 0.8888890147
64118  40.455  -10.668  73.714 1.0000000000
64119  39.970  -10.311  73.367 1.0000000000
65154  38.819  -9.459  72.862 1.0000000000
64125  38.766  -9.929  72.213 0.8888890147
62992  44.040  -12.233  79.745 0.5555559993
60968  43.588  -13.704  80.969 0.6666669846
61938  44.303  -12.103  79.054 0.7777780294
61930  43.745  -12.858  80.454 0.6666669846
149648  43.669  -11.545  76.812 0.8888890147
64096  42.117  -10.810  75.982 0.8888890147
64097  41.434  -10.417  75.567 0.8888890147
63023  41.874  -11.148  75.270 0.8888890147
64109  41.208  -10.758  74.872 0.8888890147
65151  38.531  -8.820  72.950 1.0000000000
65155  38.377  -9.076  72.386 0.8888890147
65156  38.279  -8.927  71.923 0.8888890147
66195  38.319  -8.844  71.263 1.0000000000
145511  43.974  -11.567  79.553 0.6666669846
64071  43.141  -10.735  77.275 0.8888890147
64110  40.625  -10.328  74.417 0.8888890147
64111  40.031  -9.887  73.930 0.8888890147
138527  39.404  -9.650  73.392 1.0000000000
65150  38.775  -9.002  73.369 1.0000000000
66186  38.497  -8.406  72.621 1.0000000000
66194  38.509  -8.393  71.927 1.0000000000
154458  38.621  -8.483  71.369 1.0000000000
66204  38.443  -8.750  70.737 0.8888890147
64054  43.612  -10.831  79.240 0.7777780294
141700  42.422  -10.120  77.316 0.8888890147
64098  40.786  -10.009  75.137 0.8888890147
65143  40.132  -9.503  74.660 0.8888890147
65144  39.177  -8.824  74.082 0.8888890147
66181  38.649  -8.410  73.381 1.0000000000
67218  39.123  -7.562  72.420 1.0000000000
67219  38.677  -7.863  72.551 1.0000000000
67237  38.786  -7.993  71.829 1.0000000000
135884  38.169  -9.000  69.973 1.0000000000
66254  38.385  -9.149  68.100 0.7777780294
65120  41.872  -9.672  76.977 0.7777780294
65134  40.977  -9.624  75.825 0.8888890147
65135  40.323  -9.173  75.376 0.8888890147
65136  39.640  -8.544  74.945 0.8888890147
66174  39.046  -7.884  74.587 0.8888890147
66175  38.756  -7.990  73.913 1.0000000000
67205  38.996  -7.434  73.183 1.0000000000
67217  39.917  -7.538  72.146 1.0000000000
66216  41.536  -8.674  69.909 1.0000000000
67235  40.319  -7.963  71.405 1.0000000000
66202  40.742  -8.469  70.606 1.0000000000
67253  39.839  -8.127  70.965 1.0000000000
66233  41.337  -8.865  69.050 1.0000000000
66217  40.601  -8.801  69.725 1.0000000000
67254  39.136  -8.291  70.936 1.0000000000
66203  39.762  -8.459  70.315 1.0000000000
128575  38.840  -8.599  70.174 1.0000000000
66251  41.471  -8.736  67.410 1.0000000000
138232  41.013  -8.926  68.191 1.0000000000
66218  39.555  -8.754  69.535 1.0000000000
131875  40.358  -8.979  68.875 0.8888890147
66235  38.322  -8.924  68.836 1.0000000000
66272  40.935  -9.134  66.842 0.7777780294
66234  39.242  -8.994  68.675 0.8888890147
65108  41.519  -8.627  77.344 0.8888890147
65122  40.422  -8.705  76.050 0.8888890147
148998  39.911  -8.368  75.561 0.8888890147
66167  39.539  -7.745  75.270 0.8888890147
67178  39.459  -7.324  74.881 0.8888890147
67190  39.063  -7.490  74.025 0.8888890147
67204  39.663  -7.114  72.971 1.0000000000
129566  40.869  -7.821  71.950 1.0000000000
66193  41.279  -8.223  71.239 1.0000000000
66232  42.154  -8.369  69.232 1.0000000000
129994  41.793  -8.566  68.310 1.0000000000
67292  42.440  -7.815  68.301 1.0000000000
66250  42.051  -8.220  67.641 1.0000000000
131410  42.031  -8.212  66.894 0.7777780294
67167  40.053  -7.116  76.399 0.7777780294
68243  39.997  -6.717  75.313 0.7777780294
66152  40.584  -8.008  76.730 0.7777780294
66153  39.869  -7.792  76.004 0.7777780294
68256  40.333  -6.582  74.578 0.7777780294
67168  39.792  -7.199  75.656 0.8888890147
68277  39.394  -7.129  73.704 0.8888890147
68276  40.009  -6.829  73.776 0.8888890147
67203  40.626  -7.098  73.160 1.0000000000
67216  41.341  -7.692  72.580 1.0000000000
144880  40.459  -7.413  72.552 1.0000000000
67251  43.135  -7.201  70.343 1.0000000000
67232  43.123  -7.445  71.274 1.0000000000
141337  43.585  -6.466  69.932 1.0000000000
67252  42.623  -7.858  70.731 1.0000000000
66192  42.065  -8.253  71.059 1.0000000000
69381  43.952  -6.032  70.349 1.0000000000
67274  42.678  -7.689  69.723 1.0000000000
66215  42.176  -8.296  70.213 1.0000000000
68317  43.492  -6.315  69.105 1.0000000000
148628  43.168  -6.933  69.568 1.0000000000
68333  43.433  -6.341  68.255 1.0000000000
67310  42.925  -6.987  67.824 1.0000000000
67273  42.948  -7.077  68.817 1.0000000000
67311  42.496  -7.631  67.328 1.0000000000
67325  43.016  -7.025  66.905 1.0000000000
67326  42.563  -7.654  66.461 0.7777780294
67338  43.127  -7.113  66.022 1.0000000000
68230  40.391  -6.438  76.607 0.7777780294
130372  40.673  -6.223  75.391 0.7777780294
68275  40.935  -6.762  73.890 0.8888890147
67202  41.712  -7.428  73.289 1.0000000000
69375  44.052  -5.959  71.188 0.8888890147
68305  43.639  -6.908  71.735 1.0000000000
67214  43.023  -7.544  72.222 1.0000000000
67215  42.236  -7.816  72.519 1.0000000000
67234  41.770  -8.078  71.862 1.0000000000
68311  43.608  -6.695  70.800 1.0000000000
67233  42.504  -7.917  71.634 1.0000000000
69389  43.987  -5.647  69.571 1.0000000000
69408  43.931  -5.716  68.648 1.0000000000
68348  43.493  -6.420  67.366 1.0000000000
68362  43.632  -6.551  66.467 1.0000000000
68378  43.764  -6.676  65.577 1.0000000000
69332  40.801  -5.900  76.755 0.5555559993
69303  41.378  -5.821  77.563 0.4444440007
69315  41.301  -5.740  76.892 0.5555559993
69331  40.955  -5.863  76.156 0.6666669846
69330  41.727  -5.895  76.267 0.5555559993
68255  41.220  -6.446  74.692 0.7777780294
68274  42.041  -6.970  74.028 1.0000000000
69358  44.381  -5.621  73.367 0.8888890147
68293  43.997  -6.304  73.038 0.7777780294
67201  42.775  -7.358  73.232 1.0000000000
68304  44.010  -6.189  72.163 0.8888890147
68294  43.576  -6.990  72.672 0.8888890147
145926  44.254  -5.423  71.804 0.8888890147
135082  44.376  -4.986  71.137 0.8888890147
137040  44.813  -4.282  71.119 0.8888890147
70469  44.597  -4.668  70.408 0.8888890147
69380  44.190  -5.299  70.377 1.0000000000
70468  45.264  -4.065  70.341 0.8888890147
70488  44.880  -4.622  69.678 1.0000000000
137082  44.489  -5.088  69.004 1.0000000000
134206  44.398  -5.401  68.241 1.0000000000
69422  44.666  -5.594  67.534 1.0000000000
68347  44.155  -6.039  66.954 1.0000000000
68361  44.351  -6.252  66.035 1.0000000000
67371  41.445  -7.404  62.720 0.5555559993
67398  41.181  -6.968  61.008 0.3333329856
69302  41.907  -5.626  77.696 0.5555559993
69314  42.184  -5.696  76.993 0.5555559993
68254  42.352  -6.632  74.814 0.6666669846
68273  43.965  -6.446  74.015 0.6666669846
68253  43.387  -6.560  74.862 0.5555559993
69345  44.467  -5.667  74.255 0.6666669846
143799  43.513  -6.873  73.436 0.8888890147
132917  43.064  -6.922  74.104 0.8888890147
70437  44.544  -4.903  72.846 0.7777780294
70436  44.969  -4.145  72.804 0.7777780294
70450  44.608  -4.690  71.995 0.8888890147
70449  45.157  -3.952  71.798 0.7777780294
71462  45.778  -3.481  71.501 0.7777780294
71484  45.884  -3.551  70.736 0.7777780294
70467  46.035  -3.811  69.981 0.8888890147
70487  45.568  -4.285  69.486 0.8888890147
70486  46.253  -4.199  69.261 0.8888890147
70508  45.136  -4.709  69.024 1.0000000000
70507  45.748  -4.639  68.747 1.0000000000
69407  45.080  -5.010  68.208 1.0000000000
69437  45.072  -5.883  66.558 1.0000000000
69448  45.133  -6.096  65.566 1.0000000000
68377  44.500  -6.422  65.122 1.0000000000
68393  43.847  -6.738  64.713 1.0000000000
129902  43.809  -6.674  63.893 0.7777780294
68405  44.395  -6.247  63.319 0.7777780294
145372  43.159  -6.846  63.641 0.5555559993
68420  42.383  -6.767  62.315 0.5555559993
129846  43.924  -6.174  62.642 0.5555559993
68419  43.220  -6.409  62.269 0.5555559993
68421  41.856  -6.812  61.695 0.4444440007
68445  41.445  -6.521  60.363 0.3333329856
134156  40.720  -6.725  60.143 0.1111110002
68464  39.245  -6.385  59.504 0.1111110002
68465  38.353  -6.472  59.634 0.1111110002
69515  36.798  -5.259  60.013 0.1111110002
69532  37.615  -5.761  59.566 0.1111110002
134026  37.383  -4.792  59.447 0.1111110002
68229  42.855  -6.087  76.287 0.5555559993
70384  43.284  -4.722  78.357 0.5555559993
151472  43.672  -6.149  75.659 0.5555559993
69312  44.427  -5.090  76.533 0.5555559993
69329  44.273  -5.621  75.965 0.5555559993
68240  44.089  -6.209  74.814 0.5555559993
129412  44.755  -4.736  75.521 0.5555559993
70426  44.662  -4.822  73.588 0.7777780294
71444  45.627  -3.511  72.364 0.5555559993
71443  46.260  -3.125  71.990 0.4444440007
152741  47.416  -2.464  72.506 0.4444440007
72450  46.816  -2.669  72.469 0.5555559993
72449  49.147  -2.225  72.753 0.3333329856
72471  47.544  -2.783  71.944 0.5555559993
71483  46.563  -3.472  70.499 0.6666669846
71482  47.308  -3.625  70.317 0.6666669846
71501  46.762  -3.902  69.799 0.7777780294
70485  47.017  -4.417  69.100 0.6666669846
70506  46.538  -4.732  68.567 0.8888890147
69421  46.079  -5.030  67.867 1.0000000000
69436  45.982  -5.654  66.529 1.0000000000
134508  45.731  -5.877  65.902 1.0000000000
69447  45.907  -5.912  65.123 1.0000000000
69474  46.711  -5.668  63.378 1.0000000000
69461  46.092  -5.905  64.129 1.0000000000
68391  45.191  -6.042  63.758 1.0000000000
68392  44.530  -6.415  64.235 0.8888890147
69475  45.831  -5.811  63.190 1.0000000000
69486  46.402  -5.444  62.567 1.0000000000
69487  45.448  -5.589  62.308 0.7777780294
69488  44.575  -5.901  62.491 0.6666669846
69497  46.164  -5.175  61.748 0.6666669846
69498  45.458  -5.322  61.370 0.6666669846
69499  44.733  -5.639  61.668 0.5555559993
68430  43.346  -6.108  61.311 0.5555559993
68431  42.587  -6.470  61.529 0.4444440007
128621  41.978  -6.507  60.898 0.3333329856
69512  44.888  -5.403  60.798 0.5555559993
69513  43.462  -5.835  60.432 0.3333329856
68443  42.717  -6.164  60.710 0.3333329856
68462  41.215  -6.222  59.698 0.3333329856
68463  40.258  -6.228  59.440 0.1111110002
69526  43.401  -5.536  59.589 0.3333329856
69528  41.776  -5.721  59.282 0.3333329856
70374  43.530  -3.936  78.813 0.4444440007
71374  44.163  -2.755  79.619 0.2222220004
71386  44.222  -3.080  78.691 0.4444440007
70383  44.119  -4.136  77.948 0.5555559993
69313  43.528  -5.710  76.707 0.5555559993
72384  44.722  -1.978  79.013 0.3333329856
72394  44.826  -2.155  78.078 0.5555559993
71418  44.971  -3.664  75.662 0.5555559993
70417  44.969  -3.834  74.748 0.4444440007
71427  45.335  -3.190  74.137 0.5555559993
71435  46.101  -2.953  72.834 0.4444440007
149553  47.853  -1.527  73.500 0.4444440007
73456  50.052  -1.099  74.328 0.1111110002
73476  51.928  -1.343  73.484 0.1111110002
145915  49.876  -1.761  73.181 0.1111110002
72448  50.222  -2.153  72.693 0.1111110002
72470  48.591  -2.785  72.006 0.2222220004
72469  49.634  -2.795  72.056 0.2222220004
71459  48.137  -3.183  71.315 0.4444440007
71458  49.117  -3.283  71.389 0.2222220004
142743  47.861  -3.498  70.735 0.4444440007
71481  48.670  -3.646  70.766 0.4444440007
70465  48.179  -3.960  70.206 0.5555559993
70504  47.886  -4.773  68.918 0.5555559993
70505  47.321  -4.917  68.385 0.8888890147
155440  48.595  -4.883  68.598 0.7777780294
70524  47.498  -5.131  67.591 0.8888890147
70542  48.262  -5.078  67.213 0.8888890147
69420  46.836  -5.244  67.286 1.0000000000
154466  48.126  -5.122  66.580 1.0000000000
69434  47.542  -5.265  66.733 1.0000000000
69435  46.745  -5.471  66.558 1.0000000000
69433  47.996  -5.211  65.943 1.0000000000
145275  47.256  -5.477  66.049 1.0000000000
69458  48.197  -5.289  64.970 1.0000000000
69460  46.762  -5.784  64.786 1.0000000000
69472  48.385  -5.221  63.983 1.0000000000
148087  46.970  -5.761  64.050 1.0000000000
70590  48.219  -5.002  62.969 1.0000000000
69485  47.302  -5.275  62.756 1.0000000000
70599  47.820  -4.838  62.150 1.0000000000
70611  47.502  -4.546  61.397 0.8888890147
70612  46.728  -4.747  61.199 0.6666669846
70613  46.040  -4.959  60.938 0.6666669846
70623  45.827  -4.757  60.227 0.5555559993
69511  45.483  -5.119  60.679 0.6666669846
69525  44.305  -5.423  59.972 0.4444440007
70628  46.192  -4.295  59.767 0.4444440007
70629  45.527  -4.549  59.562 0.3333329856
71395  44.687  -3.374  77.552 0.5555559993
72405  45.015  -2.504  77.031 0.5555559993
71406  45.176  -2.766  76.063 0.5555559993
71417  45.345  -2.899  75.087 0.4444440007
143321  45.571  -2.207  75.756 0.4444440007
72433  45.889  -2.688  73.672 0.4444440007
72423  46.387  -1.929  74.268 0.4444440007
132725  47.803  -0.902  74.210 0.3333329856
73479  48.660  -1.011  73.887 0.3333329856
73494  51.806  -1.306  73.209 0.1111110002
73495  50.755  -1.534  73.294 0.1111110002
72420  53.300  -2.217  73.638 0.1111110002
72468  50.733  -2.651  72.102 0.2222220004
71457  50.153  -3.348  71.446 0.2222220004
71480  49.627  -3.810  70.791 0.3333329856
70484  48.638  -4.548  69.418 0.5555559993
70483  49.666  -4.557  69.459 0.5555559993
70503  49.387  -4.830  68.611 0.6666669846
150397  48.091  -5.045  68.105 0.7777780294
70522  49.561  -4.803  67.682 0.7777780294
129668  48.979  -4.917  67.226 0.7777780294
71553  50.804  -3.924  65.983 0.7777780294
139234  50.205  -4.352  66.430 0.7777780294
148118  49.537  -4.663  66.854 0.7777780294
70541  48.714  -4.910  66.467 0.8888890147
71563  51.327  -3.382  65.565 0.8888890147
130853  50.131  -4.221  65.579 0.7777780294
136595  49.449  -4.572  65.999 0.8888890147
71577  51.166  -3.198  64.779 0.8888890147
71578  50.688  -3.676  64.335 0.8888890147
70558  50.144  -4.149  64.732 0.8888890147
70559  49.514  -4.546  65.143 1.0000000000
70575  48.919  -4.863  64.655 1.0000000000
70560  48.777  -4.873  65.535 1.0000000000
70574  49.610  -4.547  64.284 1.0000000000
129791  49.086  -4.809  63.935 1.0000000000
70589  48.872  -4.840  63.396 1.0000000000
70598  49.038  -4.622  62.704 1.0000000000
155079  48.513  -4.667  62.260 1.0000000000
70622  46.475  -4.515  60.462 0.6666669846
72393  45.271  -1.516  77.598 0.3333329856
72404  45.444  -1.851  76.579 0.5555559993
73445  46.035  -1.285  76.069 0.3333329856
72413  45.922  -2.056  75.105 0.4444440007
73458  47.759  -0.461  75.123 0.3333329856
74499  49.293  -0.767  74.546 0.3333329856
74478  49.822  -0.882  74.896 0.2222220004
73475  52.747  -1.264  73.191 0.1111110002
72447  51.383  -1.738  72.720 0.1111110002
71454  54.147  -2.944  71.787 0.1111110002
71442  54.053  -2.763  72.417 0.1111110002
148818  53.826  -1.706  72.984 0.1111110002
72446  52.716  -1.211  72.554 0.1111110002
71456  51.240  -3.236  71.448 0.2222220004
70463  50.117  -4.273  70.137 0.5555559993
70502  50.809  -4.666  68.742 0.6666669846
70482  50.547  -4.546  69.433 0.6666669846
71537  51.869  -4.021  67.201 0.6666669846
70520  51.358  -4.430  67.705 0.7777780294
133923  50.887  -4.640  68.117 0.7777780294
129570  50.196  -4.751  68.233 0.6666669846
71551  52.293  -3.362  66.804 0.7777780294
71552  51.548  -3.670  66.370 0.7777780294
70540  51.001  -4.156  66.840 0.7777780294
70521  50.382  -4.539  67.394 0.7777780294
151171  51.512  -2.708  64.447 0.8888890147
71591  51.162  -3.107  63.979 1.0000000000
71592  50.709  -3.603  63.497 1.0000000000
70573  50.189  -4.132  63.885 1.0000000000
70588  49.589  -4.502  63.387 1.0000000000
71609  50.589  -3.526  62.701 1.0000000000
70597  49.791  -4.046  62.482 1.0000000000
70609  49.026  -4.262  61.966 1.0000000000
71626  48.824  -3.831  61.253 1.0000000000
70610  48.307  -4.387  61.622 1.0000000000
71627  48.004  -3.922  60.799 0.7777780294
71640  48.692  -3.227  60.575 0.7777780294
71642  46.824  -3.994  60.049 0.6666669846
73433  45.885  -0.998  77.159 0.3333329856
73444  46.656  -0.664  75.988 0.3333329856
73459  47.106  -1.086  74.643 0.4444440007
74481  47.587  -0.185  75.997 0.3333329856
74480  48.275  -0.298  75.635 0.2222220004
145706  53.986  -2.086  70.710 0.1111110002
72488  54.033  -1.711  71.143 0.1111110002
71475  54.157  -2.958  71.052 0.1111110002
72465  54.066  -1.175  71.707 0.1111110002
73492  53.867  -0.942  72.098 0.1111110002
70448  54.554  -4.213  71.756 0.1111110002
71477  52.741  -3.084  70.581 0.3333329856
71455  52.352  -2.677  71.276 0.3333329856
70480  52.466  -4.123  69.043 0.5555559993
71500  52.085  -3.951  69.904 0.5555559993
71478  51.670  -3.660  70.698 0.3333329856
70462  51.092  -4.271  70.065 0.4444440007
74579  54.279  -0.175  67.198 0.3333329856
74567  54.177  -0.890  67.625 0.3333329856
73542  54.012  -1.523  67.963 0.5555559993
72526  52.954  -2.898  67.380 0.5555559993
71536  52.630  -3.688  67.628 0.6666669846
70500  52.222  -4.261  68.090 0.5555559993
70481  51.458  -4.463  69.279 0.5555559993
75620  54.654  0.577  67.135 0.2222220004
137662  53.689  -0.627  66.815 0.3333329856
73563  53.079  -0.771  66.134 0.5555559993
72540  52.591  -2.531  66.553 0.5555559993
70501  51.568  -4.511  68.491 0.6666669846
75632  54.280  1.012  66.402 0.4444440007
75633  53.683  0.546  65.942 0.4444440007
73552  52.821  -1.646  66.361 0.5555559993
72552  52.277  -2.171  65.783 0.6666669846
72541  51.969  -2.986  66.010 0.7777780294
75644  53.469  0.637  65.132 0.5555559993
74591  52.784  -0.678  65.202 0.5555559993
153937  52.121  -1.897  65.141 0.6666669846
72553  51.717  -2.620  65.172 0.6666669846
150360  52.832  -0.700  64.378 0.6666669846
73577  52.418  -1.369  64.606 0.7777780294
72563  51.899  -2.129  64.497 0.8888890147
141748  52.157  -1.794  63.704 0.8888890147
72564  51.682  -2.516  63.762 0.8888890147
73588  51.951  -2.257  62.892 1.0000000000
72574  51.334  -3.003  63.012 1.0000000000
72587  51.009  -2.932  62.167 1.0000000000
71624  50.264  -3.323  61.941 1.0000000000
71625  49.516  -3.649  61.622 1.0000000000
130663  49.825  -2.860  61.198 1.0000000000
71639  49.225  -3.240  61.048 1.0000000000
153323  47.429  -3.765  60.239 0.7777780294
71653  47.188  -3.438  59.673 0.4444440007
71652  47.964  -3.176  59.950 0.6666669846
72632  46.875  -3.041  59.056 0.4444440007
71654  46.526  -3.717  59.380 0.3333329856
72647  46.501  -2.490  58.470 0.3333329856
71476  53.828  -2.309  70.573 0.2222220004
72489  53.481  -2.022  71.177 0.1111110002
71498  54.068  -2.290  69.663 0.2222220004
150772  53.864  -2.533  69.940 0.2222220004
73532  54.591  -1.623  68.978 0.2222220004
72514  54.349  -1.989  69.339 0.4444440007
71515  53.625  -2.752  68.895 0.4444440007
71499  53.092  -3.310  69.890 0.4444440007
74566  54.878  -0.618  68.185 0.2222220004
73541  54.719  -1.190  68.546 0.3333329856
72525  53.706  -2.274  68.287 0.4444440007
71535  53.192  -3.154  68.081 0.5555559993
71516  52.937  -3.673  68.486 0.5555559993
145134  53.391  -3.192  69.342 0.5555559993
147342  54.989  1.398  67.070 0.2222220004
77830  56.212  2.464  67.511 0.2222220004
77841  55.977  2.873  66.855 0.3333329856
76761  53.978  1.248  65.609 0.4444440007
74606  53.094  -0.053  64.722 0.5555559993
76776  53.842  1.341  64.732 0.4444440007
74615  53.095  -0.271  63.760 0.7777780294
130655  52.671  -1.040  63.634 0.8888890147
73587  52.323  -1.411  62.793 0.8888890147
73600  51.947  -1.859  62.100 0.8888890147
72586  51.592  -2.512  62.322 1.0000000000
73611  51.508  -1.338  61.533 1.0000000000
75693  50.669  0.344  60.160 1.0000000000
74643  50.359  -0.292  60.363 1.0000000000
74632  50.801  -0.706  61.050 1.0000000000
147476  50.806  -1.636  61.194 1.0000000000
72601  50.607  -2.634  61.536 1.0000000000
75721  50.721  0.083  58.710 0.8888890147
74658  50.169  -0.115  59.693 1.0000000000
73612  50.124  -1.148  60.516 1.0000000000
142715  49.657  -1.896  60.396 1.0000000000
72616  49.289  -2.588  60.550 1.0000000000
75731  51.403  0.214  58.305 0.8888890147
74667  50.084  -0.151  59.071 0.8888890147
74644  49.915  -0.560  59.899 1.0000000000
73628  49.441  -1.108  59.768 1.0000000000
73629  49.143  -1.882  60.009 0.7777780294
72617  48.645  -2.451  59.971 0.8888890147
74668  49.541  -0.656  58.724 0.7777780294
74660  49.105  -0.870  58.994 0.5555559993
73643  48.670  -1.441  59.358 0.5555559993
72631  47.986  -2.234  59.377 0.7777780294
72646  47.259  -2.098  58.837 0.3333329856
136944  50.456  -0.808  57.506 0.7777780294
130899  50.204  -0.435  58.379 0.7777780294
73656  46.830  -1.702  58.140 0.3333329856
78899  57.743  3.334  66.644 0.3333329856
77853  55.649  2.963  65.900 0.4444440007
77840  56.688  2.967  67.080 0.3333329856
77854  54.902  2.523  65.598 0.4444440007
142477  53.851  1.395  63.948 0.5555559993
76760  54.342  1.958  65.231 0.4444440007
75659  53.492  0.608  64.071 0.6666669846
74616  52.712  -0.387  62.774 0.8888890147
76834  51.980  1.324  60.882 1.0000000000
75692  51.271  0.885  60.676 1.0000000000
74631  51.479  -0.319  61.443 1.0000000000
74623  52.093  -0.899  62.036 1.0000000000
76845  52.389  1.580  59.749 1.0000000000
74642  50.902  0.188  60.865 1.0000000000
76846  51.820  1.143  59.343 1.0000000000
75720  51.204  0.634  59.035 0.8888890147
75719  52.094  0.660  58.386 1.0000000000
75730  51.844  0.065  57.652 0.8888890147
74674  51.086  -0.307  57.786 0.7777780294
75728  53.035  0.972  57.129 0.8888890147
75729  52.477  0.492  57.481 0.8888890147
75737  52.138  0.070  56.847 0.8888890147
76879  52.950  0.993  56.265 0.6666669846
145921  51.756  -0.332  56.284 0.6666669846
74686  51.221  -0.732  55.803 0.6666669846
74679  51.122  -0.742  56.805 0.6666669846
75743  52.246  0.467  54.920 0.5555559993
75744  51.734  -0.141  55.359 0.5555559993
78916  55.998  3.511  65.376 0.4444440007
77868  55.136  3.036  65.083 0.4444440007
78944  56.240  3.915  64.116 0.5555559993
78932  55.501  3.444  64.436 0.4444440007
77885  54.486  2.454  63.738 0.4444440007
76793  54.066  1.842  63.443 0.5555559993
148574  53.560  1.126  63.130 0.5555559993
134691  53.827  1.739  62.745 0.7777780294
75660  53.209  0.314  63.205 0.8888890147
76810  53.272  1.450  62.246 0.7777780294
75673  52.897  0.675  62.452 0.8888890147
77934  53.594  2.250  59.953 1.0000000000
77924  53.465  2.243  60.819 1.0000000000
76823  53.226  1.841  61.526 1.0000000000
76824  52.516  1.229  61.603 1.0000000000
75682  52.111  0.282  61.843 1.0000000000
76844  52.866  1.970  60.229 1.0000000000
76833  52.676  1.758  60.918 1.0000000000
75691  51.800  0.918  61.258 1.0000000000
146663  53.776  2.110  59.233 1.0000000000
131249  53.124  1.848  59.437 1.0000000000
76859  53.535  1.704  58.543 1.0000000000
76860  52.653  1.347  58.906 1.0000000000
76870  52.964  1.025  58.030 0.8888890147
154784  51.627  -0.303  57.063 0.6666669846
76887  53.396  1.576  55.814 0.5555559993
76888  52.849  0.991  55.379 0.6666669846
76900  52.724  1.098  54.479 0.3333329856
79933  57.129  4.151  63.935 0.3333329856
79956  57.764  4.020  62.071 0.7777780294
78967  56.382  3.799  63.165 0.6666669846
78945  55.567  3.480  63.448 0.5555559993
78933  54.903  2.988  63.625 0.4444440007
77886  54.415  2.386  62.822 0.5555559993
129777  55.612  3.182  61.595 0.7777780294
78988  55.156  3.089  62.167 0.7777780294
138230  54.741  2.793  62.270 0.6666669846
77904  53.790  2.016  62.123 0.7777780294
78996  55.821  3.077  60.645 1.0000000000
77922  54.948  2.883  60.923 1.0000000000
134632  54.300  2.478  61.932 0.8888890147
79006  56.109  3.076  59.827 1.0000000000
77932  55.189  2.660  59.950 1.0000000000
77923  54.273  2.522  60.412 1.0000000000
77957  55.302  2.925  57.765 0.8888890147
134203  55.605  2.832  59.119 1.0000000000
130027  54.917  2.540  59.147 1.0000000000
77933  54.343  2.397  59.558 1.0000000000
77948  55.055  2.620  58.394 1.0000000000
77949  54.323  2.264  58.699 1.0000000000
77958  54.717  2.502  57.561 0.7777780294
76868  54.167  2.007  57.929 1.0000000000
76877  54.118  2.006  57.078 0.8888890147
76878  53.527  1.497  56.670 0.8888890147
77967  54.518  2.751  56.544 0.6666669846
77968  53.891  2.163  56.223 0.6666669846
77978  53.817  2.193  55.421 0.5555559993
76899  53.346  1.583  54.928 0.5555559993
79955  60.712  4.676  62.626 0.3333329856
130588  59.925  5.078  62.548 0.3333329856
147432  59.370  4.753  62.963 0.3333329856
79974  58.127  3.999  61.122 0.7777780294
78986  57.230  3.498  61.191 0.6666669846
78966  56.626  3.567  62.087 0.7777780294
79004  57.679  3.621  59.547 0.7777780294
78995  56.700  3.264  60.476 0.7777780294
78987  56.402  3.292  61.182 0.7777780294
131600  57.043  3.533  59.076 1.0000000000
79021  56.614  3.626  58.425 0.7777780294
134289  56.380  3.228  59.064 1.0000000000
132845  56.164  3.679  57.790 0.7777780294
79032  55.652  3.430  57.483 0.7777780294
134158  55.494  3.684  56.846 0.7777780294
79041  55.103  3.469  56.325 0.7777780294
79042  54.598  3.188  55.751 0.5555559993
133943  54.124  2.733  55.838 0.5555559993
77991  53.898  2.166  54.479 0.5555559993
76908  53.265  1.585  54.031 0.4444440007
78002  53.694  1.978  53.630 0.4444440007
130725  53.779  2.077  52.871 0.2222220004
78964  61.412  4.265  62.048 0.2222220004
80929  60.525  5.126  62.143 0.4444440007
79972  59.741  5.124  61.682 0.5555559993
79971  61.172  4.819  61.946 0.3333329856
132896  59.012  4.488  60.920 0.6666669846
135317  58.402  3.822  60.168 0.7777780294
79031  55.970  4.044  57.125 0.7777780294
79040  55.737  4.142  56.217 0.7777780294
79052  55.238  3.682  55.556 0.6666669846
78001  54.439  2.348  53.626 0.4444440007
77990  54.511  2.669  54.509 0.5555559993
79096  55.864  2.955  52.531 0.4444440007
78000  55.346  2.717  53.202 0.3333329856
137653  56.242  3.188  51.856 0.4444440007
149677  55.238  2.722  52.409 0.3333329856
78018  54.547  2.439  52.553 0.3333329856
79104  56.626  3.594  51.230 0.2222220004
140939  55.446  2.978  51.809 0.2222220004
79106  54.695  3.123  51.102 0.2222220004
79980  61.782  4.592  60.817 0.3333329856
80942  61.398  4.973  61.225 0.2222220004
79988  59.114  4.324  59.941 0.6666669846
79989  58.366  4.090  59.313 0.8888890147
136475  57.452  4.740  57.887 0.6666669846
80013  56.733  4.257  57.678 0.7777780294
80024  56.455  4.618  56.679 0.7777780294
80035  56.427  4.711  55.714 0.7777780294
79051  55.902  4.169  55.238 0.6666669846
79068  54.812  3.212  54.999 0.6666669846
79067  55.495  3.550  54.718 0.6666669846
77989  55.050  2.987  54.166 0.6666669846
155609  56.081  3.079  53.184 0.5555559993
79080  55.821  3.218  53.888 0.6666669846
79095  56.671  3.278  52.687 0.5555559993
79105  55.727  3.338  51.070 0.2222220004
79114  56.165  3.857  50.417 0.3333329856
79113  57.047  4.019  50.669 0.3333329856
80943  60.635  5.292  61.388 0.2222220004
79981  59.739  5.061  60.729 0.5555559993
79979  61.781  5.136  59.935 0.2222220004
80966  60.235  5.666  58.892 0.5555559993
80967  59.322  5.119  58.587 0.5555559993
80001  59.052  4.509  59.171 0.6666669846
80979  58.663  5.655  57.607 0.6666669846
80002  58.299  4.767  58.386 0.6666669846
80012  57.125  5.028  57.124 0.6666669846
80989  57.560  5.677  56.687 0.6666669846
80998  57.569  5.715  55.833 0.6666669846
80023  56.982  5.243  56.191 0.6666669846
79065  57.008  4.026  54.179 0.6666669846
79066  56.231  3.833  54.436 0.6666669846
79078  57.291  3.696  53.323 0.6666669846
79079  56.558  3.450  53.631 0.6666669846
79094  57.463  3.668  52.438 0.5555559993
151283  56.928  3.466  51.931 0.5555559993
79103  57.513  3.837  51.506 0.4444440007
80092  55.763  4.268  49.602 0.1111110002
80949  60.459  5.446  60.494 0.2222220004
80947  61.470  5.369  60.374 0.3333329856
138975  61.083  5.391  60.811 0.3333329856
80948  61.011  5.761  60.217 0.3333329856
80956  60.531  5.652  59.822 0.3333329856
80000  59.776  5.110  59.645 0.5555559993
80953  61.916  5.563  59.302 0.2222220004
80954  61.640  5.715  59.595 0.2222220004
80955  60.950  6.152  59.573 0.2222220004
155246  60.802  6.357  58.831 0.4444440007
80978  59.603  5.716  58.043 0.5555559993
81883  59.489  6.181  57.307 0.5555559993
81884  58.626  6.147  56.785 0.6666669846
80988  58.071  6.067  56.349 0.6666669846
80048  58.192  4.860  54.428 0.5555559993
81010  57.742  5.510  55.096 0.6666669846
80049  57.353  4.783  54.655 0.6666669846
80050  56.615  4.546  54.898 0.7777780294
80075  58.154  4.038  52.183 0.4444440007
80090  57.546  4.230  50.100 0.4444440007
80091  56.703  4.262  49.853 0.1111110002
81858  61.571  6.176  59.206 0.2222220004
81859  61.281  6.467  58.982 0.2222220004
81857  61.929  6.047  58.986 0.2222220004
81869  61.003  6.834  58.236 0.3333329856
82775  61.414  7.382  57.611 0.3333329856
80964  62.613  6.243  57.919 0.2222220004
81870  60.306  6.218  58.066 0.3333329856
81882  60.556  6.857  57.304 0.4444440007
81890  63.048  6.610  56.619 0.2222220004
81892  59.519  6.467  56.608 0.6666669846
81891  60.518  7.018  56.585 0.4444440007
81900  58.733  6.264  56.153 0.6666669846
80997  58.210  6.002  55.631 0.6666669846
81009  58.575  5.594  54.899 0.6666669846
81018  58.982  5.023  54.139 0.5555559993
80060  58.484  4.504  53.611 0.5555559993
79077  58.011  4.013  53.034 0.5555559993
80074  58.622  4.416  52.756 0.4444440007
80083  58.351  4.311  51.330 0.4444440007
139458  58.667  4.480  52.052 0.4444440007
151379  57.760  4.114  50.803 0.4444440007
80089  58.269  4.338  50.419 0.4444440007
80100  58.151  4.400  49.593 0.4444440007
82773  62.170  7.159  57.906 0.2222220004
82774  61.839  7.438  57.734 0.3333329856
81881  62.729  6.756  57.416 0.2222220004
82783  62.108  7.985  57.307 0.3333329856
82785  61.300  7.741  57.038 0.3333329856
80986  63.077  5.713  56.231 0.2222220004
82792  62.691  7.617  56.996 0.2222220004
81897  63.337  6.427  55.801 0.2222220004
80996  59.078  6.082  55.473 0.6666669846
81008  59.504  5.595  54.589 0.6666669846
81017  59.666  5.332  53.746 0.6666669846
80059  59.123  4.860  53.257 0.5555559993
80073  59.117  4.873  52.405 0.6666669846
80082  59.034  4.835  51.584 0.5555559993
80088  58.927  4.685  50.769 0.5555559993
128416  58.865  4.515  49.923 0.4444440007
131515  58.055  4.654  48.733 0.4444440007
137970  56.138  5.941  48.157 0.1111110002
83742  62.027  8.555  56.883 0.3333329856
82784  61.837  8.121  57.172 0.3333329856
82799  63.169  7.481  56.121 0.2222220004
83761  62.652  8.198  56.519 0.2222220004
82795  61.275  7.728  56.429 0.4444440007
81898  60.688  6.962  55.826 0.4444440007
81908  63.631  6.599  54.951 0.2222220004
81911  60.228  6.179  55.068 0.6666669846
81907  63.773  6.862  54.185 0.3333329856
81910  60.750  6.232  54.205 0.6666669846
82813  63.789  7.407  53.689 0.3333329856
81007  60.174  5.726  54.207 0.6666669846
81016  60.261  5.913  53.354 0.6666669846
81028  59.646  5.352  52.842 0.5555559993
81027  60.037  6.000  52.319 0.5555559993
81038  59.542  5.399  51.927 0.5555559993
81037  59.981  5.954  51.408 0.5555559993
81045  59.506  5.285  51.068 0.5555559993
81044  60.094  5.687  50.467 0.5555559993
81052  59.498  4.944  50.260 0.5555559993
151336  59.965  5.142  49.782 0.4444440007
82881  55.681  7.404  48.370 0.1111110002
80099  59.487  4.701  49.442 0.4444440007
131796  58.846  4.494  49.119 0.4444440007
81958  56.864  6.293  47.741 0.1111110002
81059  56.892  5.593  48.126 0.1111110002
143686  58.867  4.649  48.499 0.4444440007
80119  58.481  4.897  48.048 0.4444440007
81058  57.675  5.176  48.073 0.1111110002
81071  57.553  5.819  47.587 0.1111110002
136173  58.148  5.377  47.618 0.1111110002
83762  62.271  8.536  56.453 0.3333329856
83775  62.456  8.537  55.750 0.3333329856
82794  61.853  8.410  56.783 0.3333329856
82809  63.330  7.792  55.293 0.2222220004
82800  61.803  8.352  56.090 0.3333329856
151295  61.343  7.548  55.664 0.4444440007
82808  63.590  7.598  54.453 0.3333329856
141289  61.799  7.855  54.975 0.3333329856
81909  61.365  6.968  54.110 0.5555559993
82814  61.870  7.962  53.833 0.5555559993
81916  60.879  6.521  53.499 0.5555559993
82815  61.274  7.235  53.171 0.5555559993
81923  60.655  6.592  52.674 0.5555559993
81933  60.452  6.636  51.781 0.5555559993
81938  60.419  6.570  50.941 0.5555559993
81943  60.705  6.437  50.132 0.5555559993
81051  60.562  5.521  49.578 0.5555559993
82868  55.321  7.954  49.043 0.1111110002
83906  55.820  8.274  48.637 0.1111110002
80098  60.207  4.869  49.104 0.4444440007
81949  56.218  6.776  47.970 0.1111110002
80108  60.390  4.795  48.419 0.4444440007
80109  59.611  4.674  48.608 0.4444440007
80118  59.307  4.773  47.971 0.4444440007
83792  62.733  8.570  54.802 0.3333329856
83791  63.140  8.440  54.639 0.3333329856
83776  62.330  8.464  55.541 0.3333329856
83790  63.429  8.320  53.857 0.3333329856
135872  62.941  8.800  53.935 0.3333329856
83793  62.478  8.477  54.445 0.4444440007
83808  63.739  8.098  52.974 0.3333329856
84821  62.891  9.024  53.218 0.4444440007
83811  62.397  8.650  53.450 0.5555559993
83852  63.838  8.380  51.206 0.3333329856
83831  63.404  8.946  52.462 0.3333329856
82827  61.775  8.145  52.888 0.5555559993
129586  64.447  6.549  51.233 0.2222220004
82828  61.130  7.426  52.156 0.4444440007
153026  64.525  6.397  50.458 0.2222220004
82845  61.296  7.877  51.346 0.4444440007
81937  60.921  7.245  50.681 0.4444440007
130934  61.189  7.281  49.906 0.5555559993
82879  61.655  7.565  49.115 0.5555559993
81050  61.299  6.150  49.173 0.5555559993
81948  61.816  6.530  48.319 0.5555559993
81057  60.916  5.129  48.718 0.4444440007
81955  61.552  5.507  48.051 0.4444440007
80107  60.914  4.912  47.910 0.4444440007
80117  60.154  4.764  47.895 0.4444440007
149151  61.969  5.976  47.781 0.4444440007
81067  61.441  5.276  47.211 0.4444440007
81066  62.038  5.656  47.252 0.4444440007
81962  62.516  6.028  46.643 0.4444440007
84834  62.995  9.278  52.617 0.3333329856
83830  63.795  8.264  52.079 0.3333329856
83832  62.691  9.188  52.616 0.4444440007
83833  62.294  8.894  52.708 0.4444440007
147036  64.269  7.439  50.565 0.2222220004
132653  61.773  8.471  52.070 0.4444440007
129223  61.856  8.938  51.251 0.4444440007
133589  64.530  6.799  49.584 0.3333329856
82855  61.397  8.064  50.565 0.4444440007
82867  61.552  8.110  49.889 0.4444440007
83904  62.061  8.599  48.752 0.5555559993
82878  62.099  7.589  48.226 0.5555559993
129672  62.318  8.523  48.090 0.5555559993
81954  62.301  6.587  47.509 0.5555559993
83919  62.693  9.108  47.579 0.5555559993
83918  63.197  9.862  46.932 0.5555559993
82885  63.016  8.452  46.770 0.5555559993
82892  62.813  7.077  46.757 0.4444440007
84851  63.151  9.386  51.869 0.3333329856
83854  62.717  9.460  51.951 0.3333329856
83853  63.543  9.019  51.797 0.3333329856
83855  62.271  9.241  52.034 0.4444440007
130545  62.782  9.663  50.972 0.4444440007
151572  62.368  9.442  51.406 0.4444440007
83868  64.011  8.848  50.228 0.3333329856
154947  63.156  9.720  50.539 0.4444440007
84852  62.278  9.528  50.692 0.4444440007
83869  61.844  8.932  50.351 0.4444440007
82866  64.325  7.898  49.656 0.3333329856
84865  63.538  9.655  50.092 0.4444440007
84867  62.686  9.831  50.106 0.4444440007
81947  64.697  6.788  48.510 0.3333329856
85910  63.596  10.214  49.361 0.4444440007
84880  62.724  10.044  49.405 0.4444440007
84881  62.261  9.614  49.923 0.4444440007
84879  64.173  10.256  48.790 0.4444440007
85920  63.219  10.364  48.927 0.4444440007
83886  61.887  8.781  49.550 0.4444440007
84894  62.794  10.191  48.636 0.4444440007
83903  62.468  9.473  48.357 0.5555559993
84909  62.929  10.167  47.795 0.5555559993
84921  63.874  10.306  46.477 0.4444440007
83928  63.560  9.351  45.945 0.5555559993
82877  64.540  7.766  48.796 0.3333329856
83884  64.397  8.901  49.198 0.4444440007
128775  64.130  9.780  49.415 0.4444440007
82876  65.030  7.819  47.805 0.3333329856
81946  65.021  6.692  47.679 0.3333329856
85919  63.803  10.489  48.455 0.4444440007
85929  64.040  10.595  47.597 0.4444440007
84908  63.632  10.434  47.302 0.4444440007
84934  64.174  10.024  45.663 0.4444440007
130558  64.505  9.828  48.569 0.4444440007
83902  64.716  8.845  48.246 0.4444440007
84892  64.399  10.358  48.004 0.4444440007
142017  65.453  7.403  47.087 0.3333329856
83917  64.959  9.858  47.676 0.4444440007
85939  64.176  10.552  46.930 0.4444440007
138184  65.454  6.031  46.442 0.2222220004
84907  64.699  10.404  47.060 0.4444440007
149634  65.481  5.535  45.902 0.2222220004
83916  65.281  9.706  46.938 0.4444440007
84919  65.033  10.113  46.227 0.4444440007
84932  65.044  9.815  45.482 0.4444440007
132862  65.510  8.595  47.013 0.4444440007
146704  65.220  9.053  47.481 0.4444440007
82884  65.566  8.019  46.483 0.4444440007
83927  65.418  9.211  46.142 0.4444440007
83934  65.289  9.190  45.076 0.4444440007
52099  8.869  -20.866  92.728 0.2222220004
134572  11.283  -19.072  94.911 0.4444440007
149079  9.680  -20.812  93.871 0.2222220004
55514  12.833  -19.152  94.514 0.6666669846
141073  14.487  -21.071  95.924 0.4444440007
52062  12.947  -21.220  95.980 0.4444440007
152145  14.939  -24.053  95.860 0.1111110002
151390  15.425  -20.954  95.365 0.3333329856
54382  12.528  -20.006  95.888 0.4444440007
132552  13.898  -19.983  95.450 0.5555559993
139940  14.032  -19.901  94.831 0.6666669846
54387  12.002  -19.695  95.118 0.4444440007
53188  11.177  -20.622  95.329 0.3333329856
149497  10.567  -20.550  94.907 0.3333329856
47810  23.758  -26.338  94.605 0.3333329856
44406  23.396  -27.863  94.252 0.2222220004
45508  22.890  -27.278  94.823 0.2222220004
53181  16.872  -21.496  95.425 0.3333329856
52057  17.474  -22.054  95.692 0.2222220004
53215  14.681  -20.501  93.093 0.5555559993
54407  14.246  -20.149  93.454 0.5555559993
53191  11.302  -20.239  95.413 0.4444440007
54388  11.397  -19.880  95.214 0.4444440007
53202  9.458  -20.334  94.141 0.2222220004
54397  9.358  -19.716  94.315 0.4444440007
53216  9.084  -20.617  93.495 0.2222220004
151561  18.455  -23.422  96.171 0.1111110002
49899  18.470  -22.898  96.041 0.2222220004
52064  17.673  -21.755  95.083 0.3333329856
48888  24.484  -24.460  93.898 0.5555559993
52070  17.487  -21.521  94.479 0.5555559993
53213  16.098  -20.882  93.890 0.5555559993
55517  10.563  -18.649  94.548 0.5555559993
47813  18.511  -25.706  95.365 0.1111110002
47801  21.171  -25.116  96.087 0.2222220004
46728  19.027  -26.143  95.667 0.1111110002
47800  18.931  -25.291  96.236 0.2222220004
49888  18.857  -24.072  96.233 0.2222220004
48879  21.328  -24.995  95.044 0.3333329856
47799  19.514  -25.174  96.401 0.2222220004
50964  18.963  -22.994  95.369 0.4444440007
49887  19.692  -24.092  96.248 0.3333329856
49914  24.292  -23.275  93.418 0.5555559993
48897  23.815  -24.482  92.576 0.4444440007
47835  22.724  -25.767  93.397 0.4444440007
47823  22.841  -25.922  94.019 0.4444440007
136106  22.152  -25.648  93.020 0.4444440007
48903  23.387  -24.405  91.598 0.6666669846
47855  23.312  -25.089  91.929 0.4444440007
47856  22.490  -25.290  91.660 0.4444440007
143030  22.779  -21.799  90.692 0.5555559993
49897  20.190  -23.992  95.939 0.3333329856
49910  19.513  -23.550  94.429 0.4444440007
49905  20.223  -23.838  95.509 0.3333329856
147486  22.681  -22.437  90.132 0.6666669846
48919  20.773  -24.832  90.258 0.6666669846
55532  11.532  -18.421  93.553 0.5555559993
53232  22.955  -20.750  90.904 0.5555559993
48936  19.546  -24.137  89.390 0.6666669846
54435  23.146  -20.315  91.026 0.5555559993
54452  23.095  -20.233  90.077 0.6666669846
54471  22.804  -20.272  89.135 0.6666669846
53267  22.365  -20.615  87.723 0.5555559993
153126  20.792  -24.007  87.657 0.6666669846
141404  24.147  -19.798  89.220 0.5555559993
54510  23.743  -20.181  87.071 0.5555559993
135426  23.824  -19.993  87.886 0.5555559993
53297  23.551  -20.647  85.611 0.6666669846
52199  21.356  -21.431  83.286 0.4444440007
51108  21.038  -22.028  83.750 0.4444440007
54540  25.291  -20.267  84.945 0.6666669846
138298  24.224  -20.611  83.832 0.5555559993
55605  37.002  -19.821  88.057 0.6666669846
53261  36.832  -20.509  87.197 0.7777780294
54479  38.120  -19.656  86.987 0.6666669846
53274  38.040  -20.350  86.200 0.6666669846
144567  35.856  -21.177  86.285 0.8888890147
53291  34.949  -21.253  85.907 0.8888890147
53278  34.520  -20.955  86.659 0.7777780294
53294  32.442  -20.480  85.613 0.7777780294
53280  32.897  -20.583  86.520 0.7777780294
141583  32.854  -20.784  84.197 0.7777780294
54505  29.212  -19.250  86.143 0.7777780294
54506  28.510  -19.234  86.202 0.7777780294
130605  30.089  -19.638  85.200 0.7777780294
54524  27.513  -19.557  84.988 0.6666669846
54519  38.631  -19.548  86.068 0.6666669846
53344  33.359  -21.127  82.377 0.6666669846
54552  30.461  -19.914  83.657 0.7777780294
53359  32.898  -21.083  81.704 0.7777780294
131443  35.873  -21.482  79.095 0.7777780294
153786  34.042  -21.555  80.327 0.6666669846
130283  31.683  -20.833  82.184 0.6666669846
53360  32.544  -21.131  81.117 0.6666669846
54555  27.672  -19.838  83.256 0.7777780294
142792  33.341  -21.611  79.167 0.5555559993
52243  32.058  -21.379  79.923 0.5555559993
152894  32.153  -21.511  79.239 0.5555559993
54498  41.684  -19.667  85.427 0.3333329856
52224  37.209  -21.599  81.424 0.8888890147
153127  34.039  -20.852  75.708 0.4444440007
52312  31.872  -21.474  76.521 0.4444440007
52295  31.615  -21.486  77.448 0.5555559993
52324  31.981  -21.273  75.736 0.4444440007
55633  41.263  -19.203  84.118 0.4444440007
55663  41.223  -18.918  81.518 0.6666669846
52255  37.278  -21.310  79.697 0.7777780294
53398  38.160  -20.344  78.981 0.7777780294
53430  36.560  -20.793  76.511 0.8888890147
53447  34.577  -20.527  75.315 0.4444440007
52322  33.336  -20.968  75.660 0.4444440007
132683  41.683  -20.807  84.722 0.3333329856
53303  41.691  -20.339  83.931 0.3333329856
54595  39.178  -19.063  80.724 0.8888890147
54644  38.355  -19.397  76.865 0.8888890147
54674  37.009  -19.117  74.932 0.8888890147
55769  36.433  -18.304  73.362 0.5555559993
55675  40.678  -18.913  80.543 0.8888890147
55686  39.554  -18.813  79.290 0.7777780294
56717  42.023  -17.459  78.520 0.8888890147
51106  43.116  -21.804  82.382 0.2222220004
54565  43.740  -20.177  82.119 0.3333329856
55662  43.644  -19.297  81.355 0.5555559993
54581  42.723  -19.412  82.020 0.6666669846
130117  42.751  -19.140  81.462 0.5555559993
57778  39.749  -16.699  76.658 0.8888890147
56752  39.318  -17.119  75.935 0.8888890147
57824  38.119  -16.616  73.337 0.8888890147
56706  43.687  -17.671  79.119 0.7777780294
57750  41.969  -16.481  78.396 0.8888890147
55681  44.873  -18.353  79.984 0.6666669846
59962  41.766  -14.615  77.057 1.0000000000
60011  39.974  -14.635  72.328 0.8888890147
57719  45.453  -17.074  80.262 0.3333329856
139156  43.858  -13.132  77.221 0.8888890147
61989  41.069  -12.160  73.004 1.0000000000
56681  46.537  -17.786  82.562 0.3333329856
144150  43.604  -13.724  79.895 0.5555559993
63006  43.936  -11.359  77.805 0.8888890147
63011  42.918  -11.127  76.367 0.8888890147
153566  43.621  -13.130  81.326 0.3333329856
134339  43.771  -11.892  80.436 0.4444440007
64081  42.365  -10.426  76.690 0.8888890147
64064  43.512  -10.716  78.311 0.7777780294
64082  41.646  -10.053  76.269 0.8888890147
67236  39.434  -7.833  71.624 1.0000000000
65121  41.194  -9.140  76.539 0.8888890147
68257  39.594  -6.949  74.409 0.8888890147
69388  44.359  -5.011  69.806 1.0000000000
69423  43.962  -5.847  67.823 1.0000000000
138616  45.345  -3.816  71.087 0.7777780294
154674  41.798  -7.034  62.349 0.3333329856
67370  42.074  -7.076  62.967 0.5555559993
67399  40.266  -7.303  60.614 0.1111110002
69328  44.467  -5.648  75.138 0.5555559993
139850  44.751  -4.790  74.497 0.5555559993
70425  44.949  -3.967  73.818 0.6666669846
71436  45.472  -3.407  73.268 0.6666669846
72472  46.809  -2.986  71.714 0.4444440007
138584  45.510  -5.440  67.313 1.0000000000
68376  45.227  -6.112  64.652 1.0000000000
135742  43.542  -6.502  63.142 0.7777780294
68418  43.973  -5.979  61.915 0.5555559993
70409  44.778  -4.314  76.258 0.5555559993
72431  47.354  -2.132  73.043 0.4444440007
132673  48.049  -2.294  72.616 0.4444440007
73497  48.477  -1.778  73.198 0.3333329856
73496  49.283  -1.508  73.449 0.2222220004
71460  47.165  -3.167  71.061 0.5555559993
70466  47.603  -4.212  69.659 0.5555559993
70525  46.855  -5.026  67.930 1.0000000000
128539  46.240  -5.386  67.108 1.0000000000
69446  46.551  -5.717  65.743 1.0000000000
69476  45.096  -5.947  63.016 0.7777780294
69500  44.133  -5.782  60.998 0.5555559993
69524  45.172  -5.059  60.059 0.5555559993
68444  42.099  -6.146  60.038 0.3333329856
69514  42.859  -5.895  60.031 0.2222220004
69527  42.589  -5.635  59.425 0.3333329856
72432  46.564  -2.328  73.338 0.5555559993
73455  50.596  -1.229  74.530 0.1111110002
73477  50.977  -1.292  73.854 0.1111110002
73478  50.097  -1.296  73.729 0.1111110002
151006  49.502  -1.019  74.010 0.2222220004
134341  51.335  -1.364  74.135 0.1111110002
73454  52.062  -1.570  74.063 0.1111110002
70464  49.148  -4.175  70.154 0.4444440007
70523  48.834  -4.975  67.901 0.7777780294
69445  47.407  -5.568  65.308 1.0000000000
69459  47.577  -5.587  64.435 1.0000000000
69473  47.559  -5.499  63.590 1.0000000000
70600  46.966  -4.966  61.991 1.0000000000
71641  47.159  -4.247  60.695 0.7777780294
71655  45.861  -4.048  59.087 0.2222220004
72424  45.739  -2.549  74.414 0.4444440007
72412  46.517  -1.270  75.231 0.4444440007
73480  47.129  -1.609  73.803 0.4444440007
73457  48.477  -0.550  74.753 0.3333329856
131340  52.574  -1.181  72.988 0.1111110002
72421  52.494  -2.307  74.309 0.1111110002
73453  52.860  -1.645  73.604 0.1111110002
72430  53.698  -2.717  73.223 0.1111110002
71434  53.570  -4.111  73.377 0.1111110002
72467  51.930  -2.142  72.013 0.1111110002
71479  50.648  -3.893  70.807 0.3333329856
134394  50.135  -4.740  68.905 0.6666669846
71564  50.693  -3.742  65.159 0.8888890147
74479  49.036  -0.583  75.250 0.2222220004
73493  53.328  -1.127  72.608 0.1111110002
73474  53.494  -1.358  73.029 0.1111110002
72487  54.049  -1.659  71.324 0.1111110002
70435  54.310  -4.220  72.555 0.1111110002
72444  54.049  -1.973  72.701 0.1111110002
72464  54.209  -1.391  72.069 0.1111110002
72445  54.007  -1.141  72.380 0.1111110002
71593  50.199  -3.998  63.172 1.0000000000
155319  54.163  -0.919  71.993 0.1111110002
72466  53.235  -1.403  71.781 0.1111110002
75607  55.142  0.049  67.947 0.2222220004
133609  53.501  -1.243  66.969 0.5555559993
72539  53.264  -2.020  67.208 0.5555559993
75621  54.049  0.375  66.577 0.3333329856
134708  53.604  -0.099  66.360 0.5555559993
73564  52.529  -1.382  65.563 0.5555559993
74590  53.227  -0.047  65.588 0.5555559993
153284  49.728  -2.382  60.770 1.0000000000
145961  47.465  -2.831  59.380 0.3333329856
134817  54.167  -2.426  70.137 0.2222220004
76728  55.823  1.728  67.779 0.2222220004
76744  55.514  2.192  66.986 0.3333329856
77842  55.330  2.504  66.318 0.3333329856
76745  54.673  1.882  66.191 0.3333329856
72600  51.288  -2.212  61.671 1.0000000000
75707  50.626  0.277  59.442 0.8888890147
75706  51.122  0.873  59.839 0.8888890147
72615  50.180  -2.105  61.007 1.0000000000
74659  49.665  -0.497  59.310 0.8888890147
139721  48.510  -1.075  58.710 0.4444440007
73655  47.451  -1.399  58.340 0.4444440007
74680  50.008  -1.242  57.011 0.6666669846
78915  57.470  3.793  66.142 0.3333329856
145586  56.763  3.917  65.692 0.3333329856
78901  56.559  3.436  66.324 0.3333329856
76775  54.265  2.082  64.345 0.4444440007
147827  54.636  2.559  64.926 0.4444440007
75683  51.463  0.466  61.237 1.0000000000
76835  51.761  1.292  60.191 1.0000000000
148119  52.620  0.521  56.725 0.8888890147
75736  52.377  0.287  55.947 0.6666669846
78931  56.407  3.973  64.988 0.5555559993
77869  54.751  2.835  64.385 0.4444440007
79921  56.947  4.167  64.686 0.3333329856
139212  54.232  2.587  61.206 0.8888890147
77918  53.781  2.256  61.504 0.8888890147
76869  53.590  1.482  57.568 1.0000000000
79957  57.393  4.057  63.002 0.4444440007
78968  55.699  3.385  62.529 0.5555559993
78969  55.050  3.053  62.795 0.5555559993
77917  54.810  2.875  61.676 0.7777780294
79022  55.819  3.187  58.297 0.8888890147
155285  54.569  2.328  58.152 1.0000000000
77966  55.153  3.097  57.087 0.7777780294
79973  58.872  4.755  62.073 0.5555559993
133833  58.477  4.452  62.998 0.3333329856
78994  57.572  3.479  60.356 0.7777780294
79005  56.940  3.344  59.726 1.0000000000
77977  54.267  2.742  55.200 0.5555559993
78019  52.976  2.018  52.197 0.2222220004
142840  53.756  2.322  52.122 0.2222220004
79020  57.463  4.051  58.630 0.8888890147
78017  54.826  2.770  51.913 0.3333329856
138265  58.029  5.970  57.011 0.6666669846
80980  57.816  5.379  57.465 0.6666669846
80034  57.066  5.197  55.325 0.6666669846
80061  57.766  4.228  53.914 0.6666669846
133063  61.501  6.892  58.185 0.2222220004
81899  59.651  6.562  56.038 0.5555559993
80101  57.317  4.520  49.323 0.4444440007
154254  63.452  7.035  55.534 0.2222220004
82801  61.125  6.821  54.951 0.5555559993
81005  63.777  6.226  54.088 0.2222220004
151486  63.880  6.659  53.632 0.2222220004
83809  63.171  8.858  53.213 0.3333329856
81932  60.805  7.154  51.357 0.4444440007
148714  62.714  8.962  53.140 0.4444440007
83885  62.327  9.582  49.152 0.4444440007
82886  62.563  7.843  47.512 0.5555559993
85902  63.045  10.152  49.581 0.4444440007
84920  64.446  10.337  46.302 0.4444440007
81953  65.369  6.431  47.043 0.2222220004
54398  8.975  -19.161  93.877 0.2222220004
55524  9.039  -18.384  93.863 0.4444440007
56626  9.460  -18.144  94.010 0.3333329856
56629  9.501  -17.652  93.760 0.1111110002
57614  9.434  -17.240  93.477 0.1111110002
151869  9.432  -18.550  94.122 0.4444440007
56628  10.025  -17.648  93.954 0.2222220004
56632  10.030  -17.396  93.526 0.2222220004
57618  9.284  -16.863  93.018 0.1111110002
56627  10.516  -17.885  93.891 0.2222220004
56625  9.976  -18.082  94.229 0.3333329856
56631  10.806  -17.848  93.318 0.2222220004
56634  10.583  -17.828  92.074 0.2222220004
56635  9.970  -17.207  92.709 0.2222220004
57624  9.337  -16.408  92.275 0.1111110002
56637  10.677  -17.759  91.136 0.1111110002
56638  10.046  -17.151  91.480 0.2222220004
55542  11.863  -18.853  92.258 0.2222220004
55556  11.238  -18.350  91.681 0.2222220004
55543  11.387  -18.335  92.721 0.2222220004
55555  11.875  -18.800  91.356 0.1111110002
55569  11.985  -18.650  90.401 0.1111110002
55585  11.660  -18.055  90.037 0.1111110002
54418  12.454  -19.359  92.032 0.3333329856
54427  12.482  -19.259  90.998 0.3333329856
137037  13.098  -19.765  91.553 0.3333329856
54426  13.119  -19.715  90.673 0.2222220004
54436  13.259  -19.629  89.811 0.1111110002
54437  12.573  -19.150  90.016 0.1111110002
54453  13.490  -19.469  89.060 0.1111110002
54454  12.874  -19.003  89.219 0.1111110002
53256  14.002  -19.866  88.957 0.1111110002
54474  13.287  -18.927  88.678 0.1111110002
54473  13.882  -19.314  88.322 0.1111110002
53235  13.660  -20.104  91.203 0.5555559993
53241  13.877  -20.221  90.451 0.4444440007
53240  14.550  -20.677  90.578 0.4444440007
53247  14.400  -20.518  89.907 0.3333329856
142876  14.331  -20.243  89.287 0.2222220004
53255  14.511  -20.065  88.525 0.1111110002
54472  14.476  -19.499  87.770 0.1111110002
53271  15.063  -20.086  87.580 0.1111110002
54495  14.835  -19.268  87.180 0.1111110002
53226  13.836  -20.151  91.941 0.4444440007
53234  14.368  -20.545  91.345 0.5555559993
53239  15.035  -21.010  91.030 0.5555559993
52130  15.744  -21.449  89.881 0.4444440007
53246  15.052  -20.999  90.126 0.4444440007
137062  14.817  -20.603  89.324 0.3333329856
139082  15.356  -21.012  89.382 0.4444440007
52140  15.922  -21.327  88.877 0.4444440007
134349  15.212  -20.673  88.581 0.3333329856
52148  15.682  -20.855  87.807 0.1111110002
52147  16.384  -21.404  88.006 0.2222220004
54494  15.487  -19.755  86.851 0.1111110002
52109  15.582  -21.400  91.514 0.4444440007
52122  15.602  -21.425  90.711 0.5555559993
52129  16.442  -21.880  89.644 0.4444440007
52139  16.727  -21.857  88.792 0.4444440007
52146  17.106  -21.784  88.059 0.4444440007
149755  16.766  -21.414  87.423 0.3333329856
53286  16.290  -20.330  86.438 0.1111110002
52157  16.813  -21.128  86.706 0.1111110002
52169  17.669  -21.302  85.893 0.1111110002
53233  15.054  -20.958  91.863 0.5555559993
52108  16.037  -21.744  91.178 0.4444440007
49945  17.559  -23.009  90.504 0.4444440007
51011  16.580  -22.203  91.194 0.5555559993
51037  17.090  -22.353  89.424 0.4444440007
154609  17.410  -22.794  89.879 0.5555559993
51053  17.974  -22.904  88.437 0.5555559993
51054  17.376  -22.342  88.651 0.4444440007
51080  18.754  -23.019  86.691 0.3333329856
51081  17.975  -22.260  87.026 0.4444440007
134323  17.328  -21.722  87.273 0.4444440007
52155  18.242  -22.130  86.030 0.3333329856
52156  17.515  -21.547  86.480 0.3333329856
51091  19.806  -23.128  85.305 0.4444440007
52167  18.939  -22.328  85.041 0.3333329856
51098  19.989  -22.655  84.511 0.3333329856
52168  18.068  -21.438  85.354 0.1111110002
52181  20.289  -22.108  83.804 0.3333329856
52182  19.229  -21.814  84.060 0.3333329856
52183  18.471  -21.468  84.697 0.2222220004
53300  18.017  -20.664  84.937 0.1111110002
151217  16.218  -21.856  91.967 0.4444440007
51010  17.213  -22.782  91.192 0.4444440007
132637  18.520  -23.511  89.812 0.5555559993
49956  18.362  -23.367  89.093 0.5555559993
49980  18.899  -23.397  87.453 0.5555559993
49993  19.521  -23.607  86.948 0.5555559993
51079  19.624  -23.416  86.118 0.4444440007
51097  20.823  -22.513  84.371 0.3333329856
52201  19.761  -21.388  83.328 0.3333329856
53313  18.533  -20.846  84.231 0.2222220004
52200  20.618  -21.570  83.228 0.3333329856
53332  19.398  -20.448  83.019 0.2222220004
53331  20.198  -20.962  82.736 0.2222220004
142254  21.659  -20.837  82.738 0.3333329856
53352  20.769  -20.470  82.309 0.2222220004
53353  19.949  -20.246  82.431 0.1111110002
52262  30.832  -21.253  78.761 0.4444440007
53389  29.867  -21.063  79.068 0.3333329856
144365  21.461  -20.359  82.129 0.2222220004
54574  20.221  -19.665  82.006 0.1111110002
148070  31.010  -21.359  77.999 0.4444440007
52281  30.166  -21.183  77.970 0.3333329856
52296  30.746  -21.277  77.285 0.3333329856
53415  29.450  -20.907  77.341 0.3333329856
53416  28.734  -20.532  77.656 0.3333329856
52313  31.164  -21.329  76.736 0.3333329856
53414  30.077  -21.114  77.092 0.3333329856
53433  30.464  -21.155  76.448 0.3333329856
53434  29.636  -20.920  76.475 0.3333329856
53435  28.878  -20.561  76.717 0.2222220004
130351  31.017  -20.577  82.285 0.5555559993
53362  30.359  -20.471  81.638 0.5555559993
53361  31.291  -20.829  81.525 0.5555559993
53376  30.773  -20.872  80.653 0.4444440007
143127  29.812  -20.575  80.878 0.4444440007
53375  31.381  -21.113  80.063 0.4444440007
130479  29.912  -20.942  80.071 0.4444440007
53377  29.340  -20.453  80.350 0.4444440007
150610  28.753  -20.094  80.142 0.4444440007
53388  30.734  -21.064  79.656 0.3333329856
53390  29.241  -20.631  79.663 0.3333329856
53351  22.188  -20.479  82.303 0.2222220004
137759  29.087  -20.730  78.978 0.3333329856
53391  28.604  -20.286  79.355 0.3333329856
54610  28.043  -19.909  79.836 0.2222220004
53401  29.296  -20.875  78.253 0.3333329856
53402  28.607  -20.446  78.534 0.3333329856
54620  27.982  -19.996  78.945 0.2222220004
54632  28.030  -20.125  78.041 0.2222220004
54621  27.326  -19.743  78.457 0.2222220004
53432  31.149  -21.222  75.970 0.3333329856
154237  30.550  -21.098  75.862 0.3333329856
140788  30.007  -20.972  75.782 0.3333329856
53449  32.066  -20.923  74.957 0.3333329856
53450  31.401  -21.083  75.312 0.3333329856
149612  29.066  -20.563  75.599 0.2222220004
140675  31.192  -20.870  74.682 0.3333329856
53452  29.853  -20.791  75.124 0.2222220004
53471  29.368  -20.440  74.577 0.2222220004
53328  30.805  -20.154  82.978 0.6666669846
154943  29.312  -19.728  83.232 0.5555559993
150625  30.367  -20.170  82.411 0.6666669846
54569  29.008  -19.774  82.696 0.4444440007
54570  28.296  -19.775  82.196 0.4444440007
152807  29.570  -20.149  81.517 0.4444440007
54571  27.777  -19.911  82.471 0.4444440007
54597  28.992  -20.027  80.986 0.4444440007
54585  28.286  -19.768  81.451 0.4444440007
136603  27.785  -19.819  81.764 0.4444440007
53378  28.189  -19.822  80.689 0.4444440007
54586  27.347  -19.884  81.262 0.3333329856
148409  27.773  -19.764  81.155 0.2222220004
135399  27.423  -19.797  80.425 0.2222220004
53350  23.154  -20.589  82.552 0.2222220004
54611  27.293  -19.736  79.405 0.2222220004
53365  23.494  -20.413  81.634 0.2222220004
53366  22.565  -20.295  81.638 0.2222220004
54622  26.617  -19.496  78.787 0.2222220004
54553  29.570  -19.635  83.772 0.7777780294
147706  28.828  -19.608  83.436 0.6666669846
54554  28.276  -19.795  82.975 0.5555559993
133448  27.375  -20.042  81.980 0.3333329856
54572  27.220  -20.080  82.725 0.4444440007
149208  26.815  -20.217  82.214 0.3333329856
54587  26.785  -20.131  81.505 0.2222220004
54598  26.767  -19.930  80.661 0.2222220004
54588  26.033  -20.234  80.995 0.2222220004
54602  22.540  -19.426  80.237 0.2222220004
54599  26.020  -20.031  80.107 0.1111110002
53381  22.952  -20.060  80.853 0.2222220004
54612  26.585  -19.732  79.667 0.2222220004
137090  25.265  -20.008  79.732 0.1111110002
54623  25.940  -19.350  78.770 0.2222220004
146431  25.317  -19.218  78.701 0.2222220004
135494  25.551  -20.374  82.704 0.3333329856
54573  25.977  -20.335  81.969 0.2222220004
53348  24.989  -20.473  82.165 0.3333329856
53349  24.117  -20.576  82.347 0.2222220004
53363  25.198  -20.427  81.316 0.2222220004
53364  24.362  -20.454  81.528 0.2222220004
150646  24.592  -20.367  80.812 0.1111110002
53380  23.849  -20.259  80.806 0.1111110002
53379  25.243  -20.296  80.466 0.1111110002
54600  24.389  -20.122  79.991 0.1111110002
54601  23.398  -19.815  80.101 0.2222220004
54613  25.742  -19.621  79.289 0.2222220004
54614  24.761  -19.510  79.116 0.2222220004
57841  37.716  -16.795  72.621 0.4444440007
58923  39.442  -14.728  71.704 0.5555559993
58908  39.291  -15.224  72.434 0.7777780294
58941  38.894  -14.753  71.058 0.5555559993
57840  38.153  -16.163  72.177 0.4444440007
57855  37.565  -16.561  71.770 0.4444440007
58924  38.666  -15.445  71.753 0.5555559993
58925  37.980  -15.952  71.500 0.3333329856
128615  38.141  -15.386  70.832 0.4444440007
58956  37.263  -15.050  69.571 0.3333329856
58957  36.711  -15.656  69.564 0.3333329856
60022  40.048  -14.078  71.738 0.6666669846
60023  39.544  -14.115  71.129 0.5555559993
61059  38.874  -13.466  70.152 0.4444440007
60035  38.456  -14.187  69.953 0.4444440007
60036  37.913  -14.861  70.071 0.5555559993
61070  37.756  -13.551  69.039 0.3333329856
61085  37.245  -13.966  68.652 0.3333329856
60055  36.540  -14.509  68.092 0.2222220004
58971  36.982  -14.713  68.955 0.2222220004
132927  36.191  -13.925  67.370 0.3333329856
58972  36.413  -15.334  68.671 0.2222220004
61047  40.463  -13.367  71.901 0.7777780294
61048  39.947  -13.398  71.328 0.5555559993
61058  39.443  -13.442  70.737 0.5555559993
61069  38.318  -13.509  69.508 0.4444440007
61086  36.782  -13.527  68.052 0.3333329856
61101  36.295  -13.015  67.481 0.2222220004
61998  39.985  -12.032  71.801 0.6666669846
62006  40.216  -12.763  71.612 0.5555559993
62007  39.668  -12.651  71.073 0.5555559993
62016  38.618  -12.626  69.893 0.5555559993
62024  37.925  -12.769  69.150 0.4444440007
62031  37.429  -12.471  68.687 0.2222220004
136735  37.402  -13.155  68.579 0.2222220004
62032  36.850  -12.471  68.153 0.2222220004
135566  39.432  -11.951  71.218 0.6666669846
62008  39.048  -12.234  70.668 0.5555559993
63075  38.845  -11.435  71.036 0.4444440007
63089  37.996  -11.854  69.542 0.5555559993
135235  37.593  -12.033  69.030 0.1111110002
63074  39.365  -11.330  71.654 0.7777780294
64139  38.225  -10.676  70.703 0.6666669846
63082  38.457  -11.620  70.257 0.5555559993
63083  37.788  -10.780  69.886 0.3333329856
64131  39.229  -10.704  72.102 0.7777780294
64132  38.666  -10.496  71.496 0.6666669846
64133  37.978  -9.816  71.019 0.6666669846
64140  37.725  -10.052  70.445 0.5555559993
65162  38.255  -9.461  71.683 0.7777780294
134932  37.856  -9.676  70.444 0.6666669846
64141  37.613  -10.132  69.969 0.3333329856
65168  37.689  -9.656  69.740 0.5555559993
151094  37.298  -10.117  69.292 0.4444440007
65172  37.342  -9.642  69.040 0.4444440007
65178  36.707  -9.647  68.311 0.3333329856
65179  36.156  -9.798  67.780 0.1111110002
65163  38.119  -9.276  71.106 0.6666669846
66205  38.087  -9.286  70.384 0.5555559993
65171  37.806  -9.412  69.559 0.5555559993
66237  37.260  -9.386  68.547 0.3333329856
66256  36.902  -9.314  67.981 0.2222220004
67348  43.195  -7.144  65.161 0.7777780294
67349  42.584  -7.580  64.721 0.7777780294
67350  41.874  -7.955  64.289 0.7777780294
66308  40.660  -8.620  63.714 0.4444440007
66309  39.803  -9.025  63.139 0.3333329856
153939  39.814  -8.562  62.573 0.2222220004
66255  37.430  -9.169  68.038 0.3333329856
66236  37.755  -9.111  68.642 0.6666669846
65186  36.989  -9.319  67.436 0.3333329856
65183  40.028  -9.337  67.163 0.7777780294
65198  38.609  -9.720  66.644 0.5555559993
65217  37.522  -9.982  65.962 0.2222220004
66271  41.546  -8.766  66.512 0.6666669846
65196  40.470  -9.504  66.285 0.5555559993
65215  39.506  -10.036  65.350 0.5555559993
65216  38.592  -10.043  65.818 0.2222220004
66287  41.983  -8.245  65.169 0.6666669846
66288  41.507  -8.804  65.740 0.6666669846
65235  40.200  -9.725  64.930 0.5555559993
65254  39.361  -9.789  63.615 0.2222220004
66252  40.144  -9.122  68.040 0.7777780294
66253  39.364  -9.280  67.861 0.7777780294
65185  37.912  -9.423  67.286 0.4444440007
74669  48.873  -1.011  58.441 0.5555559993
73654  48.016  -1.081  58.218 0.4444440007
73663  49.261  -1.379  57.364 0.4444440007
73677  48.736  -1.625  56.900 0.4444440007
73691  47.207  -1.401  55.599 0.2222220004
73689  49.195  -1.721  55.968 0.3333329856
74691  46.678  -1.017  54.988 0.2222220004
74689  48.874  -1.332  55.155 0.3333329856
74690  48.050  -1.308  55.109 0.2222220004
74707  46.449  -0.445  54.467 0.2222220004
75759  44.336  0.598  54.669 0.1111110002
79024  45.368  3.555  58.735 0.1111110002
141567  50.644  -1.106  56.304 0.5555559993
79045  44.614  3.366  56.790 0.1111110002
74687  50.556  -1.025  55.429 0.4444440007
74704  49.418  -0.719  54.509 0.2222220004
75756  46.985  0.125  53.934 0.2222220004
77994  44.855  2.228  54.732 0.1111110002
79992  47.481  4.483  59.510 0.1111110002
80018  46.632  4.522  57.752 0.1111110002
79008  46.173  3.944  59.001 0.1111110002
133217  45.848  4.110  58.123 0.1111110002
79033  45.985  4.331  57.232 0.1111110002
79056  44.779  3.277  55.928 0.1111110002
77979  45.105  3.007  55.144 0.1111110002
74703  50.280  -0.635  54.668 0.3333329856
75754  49.031  -0.082  53.900 0.2222220004
76901  45.366  1.754  54.096 0.1111110002
77992  46.165  2.977  54.110 0.1111110002
137610  50.758  -0.018  54.188 0.2222220004
75753  49.914  -0.062  54.040 0.2222220004
144951  48.002  0.859  53.283 0.2222220004
76914  46.887  1.684  53.472 0.1111110002
78004  47.256  2.455  53.393 0.1111110002
78005  46.508  2.418  53.662 0.1111110002
75766  51.230  0.530  53.636 0.2222220004
75768  49.564  0.457  53.379 0.2222220004
142599  48.396  1.394  52.973 0.2222220004
75765  51.780  1.048  53.174 0.2222220004
76911  50.043  0.998  52.881 0.2222220004
76912  49.208  1.140  52.896 0.2222220004
76909  52.546  1.266  53.591 0.2222220004
78003  48.083  2.456  52.995 0.1111110002
56624  10.542  -18.184  94.252 0.4444440007
54417  13.259  -19.783  92.460 0.4444440007
49957  17.952  -23.167  89.852 0.5555559993
49978  20.381  -23.863  87.250 0.5555559993
49979  19.497  -23.767  87.891 0.5555559993
138721  18.640  -23.404  88.193 0.4444440007
50006  20.505  -23.436  85.853 0.4444440007
52280  31.720  -21.475  78.497 0.4444440007
66220  38.125  -8.990  69.206 0.5555559993
147839  40.738  -9.048  67.514 0.6666669846
65195  41.109  -9.187  66.173 0.6666669846
66270  42.079  -8.280  66.059 0.6666669846
67339  42.604  -7.681  65.601 0.6666669846
74675  49.497  -0.903  58.011 0.6666669846
154089  50.598  -1.006  56.893 0.5555559993
139182  51.520  0.159  54.492 0.2222220004
75752  51.991  0.783  54.052 0.2222220004
76927  53.121  1.702  53.154 0.2222220004
55570  11.315  -18.225  90.771 0.1111110002
53248  13.885  -20.032  89.592 0.1111110002
55584  12.336  -18.420  89.524 0.1111110002
55599  12.951  -18.426  88.871 0.1111110002
56655  12.585  -18.021  89.063 0.1111110002
53270  15.669  -20.411  87.051 0.1111110002
53269  16.185  -20.982  87.122 0.2222220004
52121  16.226  -21.846  90.496 0.5555559993
51023  16.918  -22.420  90.342 0.5555559993
53285  17.103  -20.834  86.104 0.1111110002
51036  17.666  -22.852  89.218 0.5555559993
51066  18.294  -22.936  87.613 0.4444440007
51067  17.686  -22.306  87.875 0.4444440007
51092  19.057  -22.874  85.796 0.3333329856
140755  19.066  -20.992  83.594 0.2222220004
52216  20.911  -21.135  82.774 0.3333329856
53368  20.933  -19.867  81.692 0.2222220004
53451  30.629  -20.985  75.299 0.3333329856
53347  29.707  -19.974  82.179 0.4444440007
54584  28.972  -19.826  81.838 0.4444440007
54589  22.030  -19.786  80.851 0.1111110002
54615  23.798  -19.481  79.328 0.2222220004
54624  24.713  -18.834  78.467 0.1111110002
60046  37.761  -14.279  69.348 0.4444440007
65187  36.410  -9.511  67.456 0.2222220004
67358  43.182  -7.035  64.325 0.7777780294
67359  42.476  -7.247  63.777 0.6666669846
155060  41.290  -8.068  63.820 0.4444440007
152019  41.642  -8.384  64.724 0.6666669846
66289  40.770  -9.117  64.598 0.4444440007
65253  40.083  -9.446  64.071 0.3333329856
134351  41.363  -8.770  65.024 0.5555559993
133600  40.327  -8.303  62.839 0.2222220004
65197  39.505  -9.767  66.321 0.5555559993
65184  38.971  -9.485  67.249 0.6666669846
142351  37.996  -9.782  66.507 0.4444440007
64170  38.008  -10.367  65.100 0.3333329856
153877  36.967  -9.723  66.398 0.3333329856
135414  40.147  -9.765  65.677 0.5555559993
65214  40.840  -9.343  65.490 0.5555559993
64169  38.835  -10.336  64.868 0.2222220004
65236  39.505  -10.002  64.463 0.3333329856
64182  38.294  -10.436  64.419 0.2222220004
64194  38.825  -10.263  64.040 0.1111110002
73676  49.462  -1.575  56.682 0.4444440007
73690  48.193  -1.770  56.039 0.3333329856
73678  47.234  -1.470  56.736 0.3333329856
73675  49.999  -1.484  56.069 0.5555559993
145963  46.399  -1.234  55.551 0.2222220004
74692  45.854  -0.879  55.089 0.1111110002
74688  49.772  -1.245  55.223 0.4444440007
74705  48.497  -0.744  54.440 0.2222220004
74706  47.425  -0.772  54.525 0.2222220004
75757  46.102  0.351  54.074 0.2222220004
74708  45.565  -0.171  54.526 0.2222220004
75758  45.190  0.711  54.253 0.1111110002
75760  43.932  1.137  54.905 0.1111110002
76902  44.557  1.447  54.607 0.1111110002
143973  45.069  3.633  58.117 0.1111110002
79035  44.523  3.295  57.652 0.1111110002
79034  45.182  3.818  57.436 0.1111110002
79044  45.322  3.874  56.579 0.1111110002
74702  51.065  -0.502  54.924 0.4444440007
75771  46.544  0.959  53.697 0.2222220004
77993  45.488  2.651  54.415 0.1111110002
78997  47.058  4.164  60.436 0.1111110002
76889  44.430  2.439  55.398 0.1111110002
79055  45.538  3.723  55.688 0.1111110002
75755  48.010  0.070  53.790 0.2222220004
75770  47.331  0.870  53.506 0.2222220004
75772  45.839  1.080  53.866 0.2222220004
78006  45.887  2.332  53.893 0.1111110002
76915  46.143  1.704  53.695 0.2222220004
75767  50.421  0.451  53.447 0.2222220004
75769  48.710  0.585  53.327 0.2222220004
76913  47.634  1.624  53.218 0.2222220004
76910  50.961  0.994  52.784 0.2222220004
76931  49.678  1.687  52.503 0.2222220004
55559  34.035  -19.838  89.803 0.4444440007
53228  34.759  -20.908  90.370 0.4444440007
137383  37.803  -20.301  88.436 0.3333329856
154954  35.261  -19.757  89.741 0.4444440007
52101  34.820  -21.586  90.261 0.3333329856
51002  33.943  -22.181  90.631 0.2222220004
54481  36.530  -20.172  87.847 0.6666669846
54460  35.271  -19.849  88.673 0.6666669846
51001  34.529  -22.235  90.347 0.2222220004
55601  39.857  -18.918  86.709 0.4444440007
53263  34.997  -20.763  87.365 0.7777780294
54422  32.997  -20.393  90.449 0.4444440007
55575  33.680  -19.745  89.643 0.4444440007
143464  34.087  -21.014  90.622 0.3333329856
54462  33.645  -19.916  88.618 0.4444440007
52102  34.239  -21.555  90.511 0.4444440007
139377  33.429  -21.615  90.881 0.3333329856
53264  34.122  -20.656  87.322 0.4444440007
51003  33.418  -22.346  90.734 0.2222220004
134106  31.804  -19.592  90.540 0.3333329856
55561  32.312  -19.740  90.033 0.5555559993
54445  33.191  -19.758  89.379 0.5555559993
55577  31.543  -19.488  89.717 0.5555559993
128913  32.970  -20.285  87.963 0.5555559993
54464  31.675  -19.866  88.243 0.5555559993
54486  31.678  -19.932  87.339 0.5555559993
55537  28.187  -18.959  92.647 0.3333329856
55538  27.322  -18.681  92.316 0.3333329856
55527  26.234  -18.776  93.506 0.3333329856
54392  25.582  -19.534  93.759 0.3333329856
50978  24.825  -21.786  93.379 0.3333329856
49919  25.295  -23.085  93.491 0.3333329856
49912  25.139  -23.045  94.041 0.3333329856
131662  29.758  -18.917  90.705 0.4444440007
55564  28.961  -18.837  90.769 0.4444440007
129870  28.189  -18.836  90.986 0.3333329856
55550  27.401  -18.807  91.320 0.3333329856
55539  26.457  -18.508  92.835 0.3333329856
55578  30.819  -19.311  89.840 0.4444440007
129337  29.190  -18.939  89.953 0.4444440007
55580  28.540  -19.127  89.168 0.4444440007
55565  27.528  -18.995  90.379 0.4444440007
54465  30.304  -19.535  88.200 0.5555559993
128647  30.350  -19.259  89.052 0.5555559993
55579  29.481  -19.088  89.169 0.5555559993
130690  30.981  -19.742  87.836 0.6666669846
55593  29.725  -19.312  88.528 0.5555559993
54503  31.205  -19.965  86.542 0.6666669846
55528  25.527  -18.879  93.659 0.3333329856
55529  25.037  -19.107  93.656 0.3333329856
53197  24.502  -20.397  93.576 0.3333329856
50979  24.494  -21.934  93.502 0.3333329856
49908  24.917  -22.560  93.700 0.3333329856
48886  25.158  -23.991  94.192 0.3333329856
55566  26.739  -19.074  90.676 0.4444440007
147596  25.706  -18.715  92.436 0.3333329856
54405  24.261  -19.976  93.497 0.3333329856
52068  24.114  -21.192  93.597 0.3333329856
49913  24.984  -23.396  94.068 0.3333329856
55581  27.668  -19.201  89.494 0.4444440007
55567  25.915  -19.271  90.879 0.4444440007
55568  25.086  -19.243  91.144 0.3333329856
53198  24.044  -20.423  93.533 0.3333329856
133099  23.772  -21.853  93.036 0.4444440007
51107  42.210  -21.816  82.748 0.2222220004
55594  29.025  -19.222  88.450 0.6666669846
55582  26.882  -19.304  89.783 0.5555559993
54433  25.338  -19.503  90.316 0.5555559993
52093  23.507  -21.165  92.618 0.4444440007
54487  30.310  -19.629  87.406 0.6666669846
54504  30.440  -19.736  86.635 0.6666669846
136301  28.332  -19.211  88.378 0.6666669846
55595  27.741  -19.293  88.665 0.5555559993
55606  29.502  -19.420  87.730 0.6666669846
55596  26.994  -19.397  88.933 0.6666669846
54449  25.505  -19.627  89.527 0.6666669846
55607  28.583  -19.248  87.720 0.6666669846
54448  26.244  -19.542  89.228 0.6666669846
128949  29.703  -19.478  86.808 0.6666669846
55618  28.912  -19.269  86.921 0.6666669846
54468  25.531  -19.728  88.668 0.6666669846
141392  24.908  -19.727  89.124 0.6666669846
55608  27.831  -19.247  87.864 0.6666669846
54488  27.309  -19.473  87.368 0.6666669846
54467  26.359  -19.630  88.381 0.6666669846
141427  25.790  -19.805  87.968 0.6666669846
147080  25.187  -19.873  88.011 0.6666669846
54469  24.514  -19.859  88.440 0.5555559993
54491  24.572  -19.964  87.579 0.5555559993
52191  46.882  -21.062  82.996 0.1111110002
51105  45.768  -21.382  82.753 0.2222220004
52193  45.019  -21.259  82.619 0.3333329856
53339  44.926  -20.955  82.597 0.2222220004
53317  47.233  -20.511  83.044 0.1111110002
150259  47.050  -20.098  83.148 0.1111110002
54547  46.321  -20.503  82.805 0.1111110002
54563  45.835  -20.350  82.381 0.2222220004
132692  47.908  -19.088  83.321 0.1111110002
54545  47.287  -19.474  83.268 0.1111110002
53318  46.641  -20.639  82.981 0.1111110002
55641  46.963  -18.995  83.262 0.2222220004
54562  46.589  -19.610  82.697 0.2222220004
54578  46.094  -19.662  81.941 0.2222220004
57687  46.493  -16.847  82.912 0.2222220004
55650  46.773  -18.454  83.128 0.2222220004
133881  43.731  -13.578  81.853 0.3333329856
66125  41.657  -7.872  77.946 0.6666669846
68218  41.292  -6.149  77.953 0.5555559993
66140  41.073  -7.730  77.412 0.7777780294
67153  40.423  -6.965  77.112 0.6666669846
64146  37.248  -10.347  69.257 0.1111110002
64150  36.890  -10.039  68.824 0.1111110002
67360  41.698  -7.584  63.458 0.5555559993
67383  40.540  -7.535  61.497 0.2222220004
69538  42.260  -5.233  58.789 0.2222220004
70630  44.825  -4.806  59.336 0.2222220004
70631  43.996  -5.035  58.944 0.2222220004
70641  43.948  -4.436  58.324 0.1111110002
70653  43.263  -4.111  57.876 0.1111110002
73644  47.913  -1.372  58.812 0.3333329856
135520  44.297  -3.687  57.890 0.1111110002
47820  25.232  -25.898  94.241 0.2222220004
52078  23.867  -21.183  93.371 0.4444440007
53265  33.309  -20.555  87.265 0.5555559993
54485  32.526  -20.268  87.252 0.5555559993
54476  40.915  -19.809  86.506 0.4444440007
67382  41.256  -7.208  61.968 0.2222220004
68406  42.788  -6.777  63.034 0.5555559993
69537  43.095  -5.210  58.876 0.2222220004
55589  37.298  -19.845  88.041 0.5555559993
54482  35.569  -20.357  87.991 0.6666669846
54568  29.912  -19.843  82.976 0.5555559993
67361  41.025  -7.921  63.162 0.4444440007
67372  40.753  -7.723  62.381 0.3333329856
55558  34.878  -19.713  89.821 0.4444440007
53237  35.356  -20.366  90.143 0.4444440007
54421  33.895  -20.078  90.097 0.4444440007
55560  32.955  -19.960  89.673 0.4444440007
52100  35.389  -21.188  90.100 0.3333329856
54441  36.982  -20.263  88.707 0.3333329856
54444  34.100  -19.638  89.318 0.4444440007
54443  34.975  -19.616  89.206 0.5555559993
54430  35.702  -19.864  89.542 0.4444440007
144993  34.940  -22.965  90.214 0.2222220004
49923  34.139  -22.905  90.450 0.2222220004
54459  36.151  -19.907  88.447 0.6666669846
54461  34.512  -19.755  88.837 0.5555559993
54483  34.536  -20.243  88.118 0.6666669846
55573  36.049  -19.762  89.055 0.4444440007
55576  32.754  -19.772  89.785 0.5555559993
54463  32.512  -19.929  88.688 0.5555559993
54484  33.706  -20.338  87.855 0.4444440007
50989  32.885  -21.957  91.164 0.3333329856
55562  31.364  -19.381  90.429 0.5555559993
54447  31.670  -19.711  89.015 0.5555559993
148526  31.075  -19.457  89.239 0.5555559993
55592  31.007  -19.593  88.595 0.5555559993
142441  32.264  -20.065  87.904 0.5555559993
149632  30.932  -19.784  87.159 0.6666669846
54393  24.976  -19.774  93.775 0.3333329856
52066  25.023  -21.057  93.155 0.3333329856
47832  25.364  -25.061  94.048 0.3333329856
129315  30.030  -19.021  89.880 0.4444440007
132395  28.347  -18.959  90.103 0.4444440007
50980  23.974  -21.952  93.534 0.3333329856
50984  24.416  -22.592  93.657 0.3333329856
55583  26.125  -19.494  90.077 0.5555559993
52192  46.290  -21.048  82.969 0.1111110002
67152  40.979  -6.825  77.727 0.6666669846
70639  45.247  -4.322  58.970 0.1111110002
70640  44.630  -4.363  58.611 0.2222220004
151325  43.425  -4.731  58.453 0.1111110002
70654  42.310  -4.190  57.766 0.1111110002
52072  10.204  -20.749  94.526 0.2222220004
56804  37.196  -17.360  72.784 0.4444440007
57868  37.365  -16.169  70.930 0.2222220004
57856  36.893  -16.891  71.355 0.2222220004
56819  36.440  -17.469  71.740 0.2222220004
55795  35.920  -17.978  72.053 0.2222220004
55780  36.003  -18.245  72.707 0.2222220004
58943  36.858  -16.067  70.251 0.2222220004
57869  36.583  -16.619  70.605 0.2222220004
56831  36.199  -17.234  70.985 0.2222220004
56820  35.842  -17.697  71.391 0.2222220004
57884  36.280  -16.354  69.852 0.2222220004
55563  30.575  -19.133  90.636 0.3333329856
64072  42.738  -10.129  77.975 0.6666669846
134416  42.164  -9.474  77.678 0.6666669846
65200  36.475  -9.455  66.802 0.1111110002
83935  64.618  9.588  44.888 0.3333329856
81068  60.688  5.021  47.243 0.3333329856
152118  63.559  8.427  45.354 0.3333329856
83936  63.909  9.143  45.065 0.3333329856
81961  62.860  6.519  46.100 0.2222220004
81972  62.577  5.928  45.881 0.2222220004
82898  63.534  7.525  44.766 0.2222220004
81971  63.024  6.596  45.366 0.2222220004
82904  63.509  7.254  43.804 0.2222220004
81976  63.091  6.627  44.518 0.2222220004
47802  20.080  -25.583  96.301 0.1111110002
54708  34.941  -18.950  72.852 0.3333329856
56805  36.571  -17.743  72.574 0.3333329856
64065  42.983  -10.176  78.852 0.5555559993
66139  42.019  -8.777  78.016 0.6666669846
82891  63.226  7.621  45.843 0.2222220004
53203  8.943  -19.924  93.782 0.2222220004
56818  37.110  -17.186  72.113 0.3333329856
64151  36.364  -10.204  68.223 0.1111110002
65199  37.279  -9.578  66.767 0.2222220004
65218  36.613  -9.818  65.993 0.2222220004
53217  8.713  -20.153  93.067 0.2222220004
57870  35.896  -16.992  70.197 0.2222220004
128897  35.821  -9.557  66.292 0.1111110002
83942  64.070  8.682  44.171 0.3333329856
51104  46.482  -21.551  82.777 0.1111110002
51114  46.880  -22.461  82.362 0.1111110002
51116  45.056  -22.049  82.319 0.1111110002
53466  34.300  -20.165  74.640 0.3333329856
54677  34.770  -19.719  74.119 0.3333329856
65083  42.566  -8.915  79.424 0.3333329856
65095  42.500  -9.370  78.525 0.5555559993
66124  42.294  -8.338  78.692 0.5555559993
67140  42.305  -7.505  79.095 0.5555559993
67141  41.738  -6.827  78.463 0.4444440007
68209  41.997  -6.013  78.767 0.4444440007
69292  42.302  -5.539  78.491 0.4444440007
68219  40.736  -6.235  77.306 0.4444440007
55587  38.686  -19.617  87.442 0.4444440007
54456  39.757  -19.920  87.345 0.4444440007
52211  44.051  -21.155  82.447 0.2222220004
69293  41.897  -5.783  78.262 0.4444440007
74459  46.632  -0.378  76.806 0.1111110002
149996  42.726  -9.652  79.317 0.5555559993
50030  47.388  -23.428  82.128 0.1111110002
51115  45.910  -22.281  82.318 0.1111110002
50031  46.232  -23.273  81.965 0.1111110002
66115  42.542  -8.146  79.530 0.4444440007
46738  11.151  -25.673  94.577 0.1111110002
46737  11.737  -26.088  94.861 0.1111110002
47829  10.952  -25.172  94.447 0.1111110002
48884  10.765  -25.015  94.016 0.1111110002
47830  10.697  -25.577  94.039 0.1111110002
48894  11.410  -24.435  94.073 0.1111110002
48877  11.728  -24.399  95.203 0.1111110002
47808  12.358  -24.974  95.622 0.1111110002
48883  11.282  -24.608  94.603 0.1111110002
154130  11.633  -24.087  94.631 0.1111110002
49918  12.049  -23.576  94.250 0.1111110002
49917  12.357  -22.937  93.544 0.1111110002
49922  12.558  -23.212  92.687 0.1111110002
131451  11.662  -24.074  94.903 0.1111110002
128901  12.081  -23.345  94.821 0.1111110002
49911  12.207  -22.751  94.268 0.1111110002
50988  12.051  -22.249  93.784 0.1111110002
53227  8.660  -20.328  92.257 0.1111110002
52071  11.425  -21.600  93.887 0.1111110002
50999  12.137  -22.372  92.822 0.1111110002
128763  10.452  -21.154  93.878 0.1111110002
52111  9.260  -21.216  91.535 0.1111110002
52112  8.850  -20.935  91.897 0.1111110002
51000  11.277  -21.770  92.635 0.1111110002
137426  8.465  -19.633  91.766 0.1111110002
55533  8.700  -18.576  93.478 0.2222220004
54410  8.659  -19.278  93.322 0.1111110002
54419  8.485  -19.408  92.583 0.1111110002
55544  8.401  -18.306  92.919 0.1111110002
52084  10.771  -21.499  93.213 0.1111110002
51012  11.737  -22.028  91.983 0.1111110002
52110  10.154  -21.521  91.233 0.1111110002
134084  10.642  -22.045  90.128 0.1111110002
51027  9.912  -21.695  90.417 0.1111110002
130102  8.302  -18.677  91.959 0.1111110002
130243  8.244  -17.543  92.358 0.1111110002
51013  10.787  -21.618  91.934 0.1111110002
133369  11.908  -22.191  91.334 0.1111110002
51025  11.477  -22.097  90.710 0.1111110002
51039  11.693  -22.309  89.879 0.1111110002
54541  18.589  -19.206  83.932 0.1111110002
53333  18.774  -20.153  83.757 0.1111110002
53367  21.694  -20.085  81.585 0.1111110002
53467  33.485  -20.319  74.459 0.2222220004
152650  33.808  -19.783  73.415 0.1111110002
53484  33.199  -20.046  73.609 0.1111110002
53260  40.366  -20.247  87.047 0.2222220004
55781  35.428  -18.484  72.383 0.1111110002
54693  34.384  -19.503  73.318 0.1111110002
137280  33.548  -19.619  72.844 0.1111110002
53468  32.610  -20.505  74.301 0.1111110002
53469  31.720  -20.646  74.173 0.2222220004
51030  37.536  -23.069  88.764 0.2222220004
49936  36.235  -23.410  89.579 0.2222220004
52126  37.799  -21.543  88.552 0.2222220004
134438  37.264  -22.225  88.973 0.2222220004
54440  37.701  -19.914  88.226 0.2222220004
55782  34.712  -18.716  72.047 0.1111110002
55688  24.103  -18.999  78.781 0.1111110002
55690  22.940  -18.342  79.388 0.1111110002
56711  23.322  -17.638  79.096 0.1111110002
52113  36.661  -21.514  89.329 0.2222220004
53244  36.803  -20.727  89.167 0.3333329856
55796  35.212  -18.190  71.486 0.1111110002
57885  35.642  -16.749  69.371 0.1111110002
56844  35.225  -17.346  69.712 0.1111110002
53487  30.546  -20.335  73.616 0.1111110002
53470  30.329  -20.675  74.429 0.1111110002
55699  26.117  -19.127  78.089 0.1111110002
55700  25.415  -18.779  78.087 0.1111110002
56861  35.002  -17.145  68.890 0.1111110002
53488  29.709  -20.251  73.801 0.1111110002
54633  27.460  -19.697  77.557 0.1111110002
54634  26.777  -19.385  77.931 0.1111110002
54679  28.939  -19.951  73.951 0.1111110002
53472  28.589  -20.060  74.728 0.1111110002
153579  28.291  -19.954  75.403 0.1111110002
148184  26.419  -18.977  77.515 0.1111110002
54680  28.015  -19.412  74.916 0.1111110002
56821  28.921  -17.584  71.695 0.1111110002
152917  36.825  -15.183  69.217 0.1111110002
57899  36.039  -16.085  69.038 0.1111110002
57900  35.387  -16.491  68.610 0.1111110002
55800  28.888  -18.297  71.859 0.1111110002
54697  28.688  -19.369  73.364 0.1111110002
55757  28.344  -19.392  74.173 0.1111110002
54664  27.729  -19.410  75.714 0.1111110002
55719  27.006  -18.776  76.151 0.1111110002
55709  26.446  -18.564  76.895 0.1111110002
146695  28.263  -16.692  73.599 0.1111110002
56792  28.154  -18.012  72.993 0.1111110002
55771  28.103  -18.578  73.649 0.1111110002
55758  27.888  -18.821  74.440 0.1111110002
55738  26.763  -17.969  75.572 0.1111110002
58988  35.188  -15.616  67.475 0.1111110002
60065  35.960  -14.615  67.379 0.1111110002
59006  34.934  -14.994  66.844 0.1111110002
59007  34.152  -14.892  66.764 0.1111110002
61924  43.604  -12.371  81.283 0.3333329856
144303  43.586  -11.986  82.075 0.3333329856
62976  43.456  -11.107  82.171 0.1111110002
62983  43.438  -11.475  81.343 0.3333329856
64024  43.122  -10.640  81.485 0.1111110002
64025  42.944  -9.800  81.786 0.1111110002
64040  42.843  -10.093  80.783 0.1111110002
64010  43.450  -9.498  82.460 0.2222220004
65066  42.731  -9.186  81.205 0.1111110002
65042  43.630  -8.937  82.476 0.2222220004
66091  42.864  -8.324  81.624 0.2222220004
67130  42.623  -7.401  80.108 0.2222220004
68187  42.799  -5.691  80.744 0.2222220004
68196  42.506  -5.627  79.850 0.3333329856
67131  42.335  -6.577  79.408 0.3333329856
69284  42.471  -5.523  79.079 0.3333329856
69272  42.737  -4.930  80.327 0.3333329856
70353  42.776  -4.093  80.161 0.1111110002
70363  42.643  -5.044  79.398 0.3333329856
72375  44.845  -2.076  79.619 0.1111110002
72366  44.290  -2.815  80.074 0.1111110002
71375  43.419  -3.361  80.020 0.3333329856
149534  42.804  -3.863  80.038 0.2222220004
70385  42.590  -5.172  78.556 0.3333329856
69301  42.896  -5.373  77.679 0.3333329856
71387  43.405  -3.522  79.601 0.3333329856
72502  54.491  -2.273  69.556 0.1111110002
72513  55.130  -1.811  69.275 0.1111110002
73531  55.194  -1.473  69.027 0.1111110002
74555  55.428  -1.049  68.739 0.1111110002
74565  55.566  -0.458  68.534 0.1111110002
144253  55.443  0.830  67.838 0.1111110002
76711  56.220  1.086  68.369 0.1111110002
78886  57.445  2.940  67.088 0.2222220004
79906  58.316  4.024  65.510 0.2222220004
77866  59.478  3.268  64.982 0.2222220004
79920  57.856  4.353  64.811 0.2222220004
78943  60.204  3.634  63.837 0.1111110002
79931  59.306  4.478  63.783 0.2222220004
79932  58.206  4.406  63.939 0.2222220004
78928  60.012  4.039  63.971 0.2222220004
56633  8.628  -17.826  93.365 0.2222220004
148748  12.075  -22.048  94.584 0.1111110002
143694  11.106  -21.232  94.577 0.1111110002
52097  10.254  -21.452  92.530 0.1111110002
52098  9.323  -21.191  92.301 0.1111110002
53252  38.862  -20.502  87.939 0.2222220004
53448  32.992  -20.731  75.016 0.2222220004
64055  42.967  -10.231  79.765 0.4444440007
70362  42.872  -4.355  79.394 0.3333329856
76727  56.579  1.782  67.960 0.1111110002
78898  58.179  3.106  66.452 0.2222220004
154050  57.877  2.886  66.962 0.2222220004
79929  60.289  4.212  63.377 0.2222220004
137995  59.961  4.709  63.225 0.2222220004
79907  57.297  4.157  65.396 0.2222220004
129876  58.088  3.577  66.143 0.2222220004
54646  28.166  -20.105  77.133 0.1111110002
139232  28.281  -20.051  76.203 0.1111110002
132621  31.023  -20.646  74.069 0.1111110002
54616  23.018  -19.093  79.569 0.1111110002
58987  35.950  -15.201  67.755 0.1111110002
63090  37.422  -11.199  69.126 0.1111110002
55689  23.496  -18.658  79.056 0.1111110002
52127  37.235  -21.335  88.978 0.2222220004
53236  36.044  -20.722  89.702 0.3333329856
51015  35.676  -22.738  89.769 0.2222220004
52114  35.887  -21.782  89.657 0.2222220004
56832  35.418  -17.628  70.641 0.1111110002
54709  34.202  -19.133  72.517 0.1111110002
47819  11.486  -25.240  95.045 0.1111110002
47818  12.345  -25.828  95.228 0.1111110002
151706  10.868  -25.041  93.619 0.1111110002
48893  12.273  -23.863  93.445 0.1111110002
52083  11.624  -21.896  93.285 0.1111110002
142651  9.416  -21.326  90.792 0.1111110002
132420  9.884  -21.420  91.925 0.1111110002
144562  12.420  -22.618  91.787 0.1111110002
51026  10.713  -21.802  90.753 0.1111110002
131066  11.189  -21.830  91.320 0.1111110002
51040  10.530  -22.021  89.373 0.1111110002
51041  9.677  -21.818  89.673 0.1111110002
51024  12.283  -22.511  90.824 0.1111110002
53485  32.211  -20.288  73.547 0.1111110002
51014  36.467  -22.479  89.430 0.2222220004
49935  37.002  -23.210  89.294 0.2222220004
51029  38.068  -22.501  88.307 0.2222220004
53486  31.350  -20.346  73.527 0.1111110002
55807  34.681  -18.137  70.649 0.1111110002
56833  34.785  -17.782  70.048 0.1111110002
54695  29.977  -19.863  73.013 0.1111110002
54696  29.280  -19.783  73.356 0.1111110002
54647  27.597  -19.533  76.644 0.1111110002
55708  26.964  -19.132  77.122 0.1111110002
55710  25.383  -17.966  77.537 0.1111110002
131689  25.931  -18.560  77.489 0.1111110002
56806  28.490  -17.851  72.327 0.1111110002
57917  35.123  -16.219  68.001 0.1111110002
58973  35.710  -15.848  68.227 0.1111110002
55783  29.285  -18.966  72.091 0.1111110002
54714  29.225  -19.413  72.748 0.1111110002
55784  28.587  -18.690  72.650 0.1111110002
55720  26.454  -18.107  76.275 0.1111110002
56793  27.850  -17.513  73.655 0.1111110002
57829  28.368  -17.168  72.972 0.1111110002
142408  27.579  -18.107  74.314 0.1111110002
55737  27.393  -18.623  75.107 0.1111110002
56754  27.104  -17.661  74.844 0.1111110002
60066  35.475  -14.299  66.795 0.1111110002
60085  34.635  -14.302  66.500 0.1111110002
60067  33.496  -14.685  66.882 0.1111110002
61118  35.005  -13.587  66.441 0.1111110002
138150  43.771  -10.749  82.635 0.1111110002
64009  43.898  -9.926  82.831 0.1111110002
153013  42.730  -4.424  80.113 0.2222220004
135245  42.654  -4.356  79.889 0.2222220004
79919  58.863  4.318  64.673 0.2222220004
78930  59.235  3.870  64.975 0.2222220004
78914  58.784  3.418  65.713 0.2222220004
148720  59.097  2.978  65.493 0.2222220004
78929  59.901  3.519  64.405 0.2222220004
72657  46.138  -1.984  57.851 0.1111110002
135646  47.920  -1.369  57.379 0.2222220004
73665  47.331  -1.332  57.723 0.2222220004
73666  46.588  -1.493  57.355 0.2222220004
73664  48.617  -1.169  57.859 0.2222220004
81074  62.026  5.495  46.385 0.2222220004
81056  64.616  5.505  48.721 0.1111110002
128928  64.315  6.709  52.065 0.2222220004
82844  64.152  7.439  51.583 0.2222220004
136024  64.026  7.470  52.325 0.2222220004
71671  45.767  -2.784  58.139 0.1111110002
84933  64.764  10.023  45.516 0.3333329856
65268  39.085  -9.461  62.949 0.1111110002
72658  45.459  -2.186  57.578 0.1111110002
73667  45.838  -1.622  57.176 0.1111110002
47891  40.558  -25.270  87.067 0.1111110002
47879  39.867  -24.903  87.483 0.1111110002
46810  40.507  -25.564  86.250 0.1111110002
46796  39.745  -25.312  86.729 0.1111110002
46797  39.169  -25.253  86.845 0.1111110002
141844  38.711  -24.723  85.454 0.1111110002
48940  39.259  -24.691  87.950 0.1111110002
47880  38.925  -25.152  87.876 0.1111110002
47893  38.989  -25.206  87.287 0.1111110002
47917  38.118  -24.680  86.175 0.1111110002
147694  37.045  -24.820  83.376 0.1111110002
48998  37.936  -24.485  81.924 0.1111110002
48999  37.183  -24.549  82.256 0.1111110002
47870  37.793  -24.797  88.638 0.1111110002
47918  37.238  -24.539  85.933 0.1111110002
47920  35.775  -24.734  85.590 0.1111110002
47930  36.464  -25.049  84.270 0.1111110002
129297  36.023  -24.948  85.023 0.1111110002
48975  43.191  -24.430  83.282 0.1111110002
49996  42.376  -23.792  84.823 0.1111110002
152713  42.521  -23.832  85.563 0.1111110002
141288  42.413  -23.815  86.025 0.1111110002
50035  42.537  -22.516  82.516 0.1111110002
50019  42.639  -23.411  82.682 0.1111110002
50008  42.246  -23.709  83.639 0.1111110002
49983  41.907  -23.026  85.844 0.1111110002
50009  41.753  -22.829  84.221 0.1111110002
51060  41.552  -22.618  86.028 0.1111110002
51073  41.650  -22.307  85.705 0.1111110002
49926  32.107  -22.410  90.524 0.1111110002
53258  41.375  -21.146  86.035 0.1111110002
49939  32.702  -22.926  89.968 0.1111110002
49951  32.551  -23.092  89.366 0.1111110002
151263  41.577  -20.984  85.786 0.1111110002
53259  40.955  -20.676  86.498 0.1111110002
48944  33.175  -23.432  88.525 0.1111110002
51045  39.163  -22.535  87.512 0.1111110002
134314  35.163  -24.153  89.215 0.1111110002
48943  33.875  -23.643  88.199 0.1111110002
47873  35.735  -24.484  88.866 0.1111110002
47896  35.180  -24.227  87.587 0.1111110002
48954  33.895  -23.773  87.315 0.1111110002
134131  36.830  -24.641  87.135 0.1111110002
47908  36.061  -24.430  86.388 0.1111110002
136630  34.649  -24.369  86.008 0.1111110002
148020  33.154  -23.952  85.904 0.1111110002
50033  44.256  -22.959  81.982 0.1111110002
51117  44.146  -21.892  82.259 0.1111110002
51005  32.236  -22.151  91.114 0.2222220004
49940  31.845  -22.646  89.758 0.1111110002
53242  38.311  -20.802  88.352 0.1111110002
132195  23.208  -28.129  93.109 0.1111110002
44422  23.240  -28.033  92.358 0.1111110002
137609  31.551  -22.029  91.256 0.2222220004
50992  31.151  -21.686  91.783 0.2222220004
49927  31.280  -22.276  90.580 0.2222220004
44414  23.703  -28.041  93.706 0.1111110002
45517  24.586  -27.714  93.457 0.1111110002
52088  31.405  -21.375  92.125 0.2222220004
53219  31.431  -20.811  92.243 0.2222220004
50991  31.794  -21.771  91.765 0.2222220004
151055  30.523  -21.525  91.777 0.1111110002
52087  31.979  -21.360  92.025 0.2222220004
155573  25.082  -27.339  93.498 0.1111110002
151482  30.922  -20.216  92.315 0.2222220004
46748  25.485  -26.927  93.528 0.1111110002
52073  30.934  -21.072  92.295 0.2222220004
53205  29.748  -20.262  92.613 0.2222220004
48915  25.719  -24.324  90.680 0.1111110002
52086  32.534  -21.401  91.403 0.2222220004
52075  29.381  -20.774  92.429 0.1111110002
52104  28.253  -21.550  91.533 0.1111110002
141178  27.214  -21.515  91.530 0.1111110002
51020  26.259  -22.600  90.283 0.1111110002
134209  25.721  -24.200  89.743 0.1111110002
54411  32.432  -20.425  91.161 0.2222220004
58756  45.562  -15.412  82.691 0.1111110002
59881  44.465  -14.228  82.649 0.1111110002
46729  24.804  -26.467  94.571 0.1111110002
48885  25.728  -24.777  93.560 0.1111110002
47831  25.732  -25.648  93.680 0.1111110002
48895  25.882  -24.733  92.523 0.1111110002
46747  25.838  -26.302  93.156 0.1111110002
53218  32.152  -20.733  91.846 0.2222220004
48902  25.612  -23.914  91.746 0.1111110002
47854  25.863  -26.029  91.320 0.1111110002
54399  31.481  -20.157  92.074 0.2222220004
49928  25.608  -23.480  90.817 0.1111110002
54412  31.882  -20.090  91.508 0.2222220004
55534  31.275  -19.604  91.666 0.2222220004
135049  30.719  -19.673  92.117 0.2222220004
53207  28.163  -20.111  93.044 0.1111110002
52090  27.136  -20.889  92.174 0.2222220004
52091  26.221  -20.961  91.825 0.2222220004
51021  25.712  -22.866  90.607 0.1111110002
55547  30.245  -18.984  91.454 0.2222220004
55536  29.743  -18.893  92.049 0.2222220004
154350  28.579  -19.028  92.983 0.2222220004
54403  27.403  -19.087  93.634 0.2222220004
144448  26.732  -19.857  93.403 0.2222220004
55548  29.442  -18.783  91.474 0.2222220004
59880  45.054  -14.674  82.882 0.1111110002
60952  44.250  -13.536  82.830 0.1111110002
60953  43.903  -13.245  82.546 0.2222220004
48896  25.623  -23.920  93.196 0.1111110002
50994  25.267  -22.449  92.213 0.1111110002
139366  25.362  -23.244  92.333 0.1111110002
148801  25.250  -21.711  92.446 0.1111110002
152766  25.488  -22.308  91.494 0.1111110002
53210  25.436  -20.630  92.880 0.2222220004
55519  26.059  -19.237  93.872 0.2222220004
61918  43.855  -12.480  82.669 0.1111110002
52077  25.106  -21.405  92.997 0.2222220004
50983  25.073  -22.278  93.394 0.1111110002
52092  25.576  -20.998  92.210 0.1111110002
150370  40.266  -5.601  58.926 0.1111110002
69530  39.524  -5.709  59.077 0.1111110002
69539  41.438  -5.227  58.661 0.1111110002
145793  40.645  -5.164  58.555 0.1111110002
70645  39.230  -4.293  58.229 0.1111110002
70643  41.897  -4.713  58.236 0.1111110002
70644  41.074  -4.658  58.134 0.1111110002
70655  41.513  -4.156  57.720 0.1111110002
70657  39.909  -3.787  57.757 0.1111110002
73679  46.378  -1.412  56.375 0.1111110002
144561  40.227  -4.534  58.095 0.1111110002
76930  50.385  1.501  52.461 0.1111110002
76928  52.359  1.496  52.720 0.1111110002
76929  51.643  1.399  52.509 0.1111110002
78020  51.984  1.891  51.980 0.1111110002
78021  51.028  1.800  52.082 0.1111110002
78029  53.258  2.571  51.462 0.1111110002
78030  52.362  2.499  51.414 0.1111110002
78032  50.595  2.563  51.796 0.1111110002
78028  54.135  2.697  51.668 0.1111110002
134866  51.856  3.137  50.949 0.1111110002
79107  53.629  3.059  50.875 0.1111110002
79108  52.654  3.118  50.832 0.1111110002
79115  55.048  3.725  50.160 0.1111110002
79116  54.007  3.552  50.292 0.1111110002
79117  53.046  3.732  50.387 0.1111110002
151492  54.215  4.036  49.776 0.1111110002
80093  53.458  4.216  49.913 0.1111110002
153100  65.589  7.073  45.721 0.2222220004
81069  59.785  4.985  47.317 0.1111110002
81070  58.855  5.204  47.455 0.1111110002
81970  65.597  7.141  45.125 0.2222220004
81075  61.252  5.322  46.519 0.1111110002
137938  60.314  5.357  46.525 0.1111110002
81076  59.224  5.568  46.782 0.1111110002
81956  58.273  5.946  47.057 0.1111110002
82897  65.613  8.197  44.672 0.2222220004
81080  62.153  5.715  45.669 0.1111110002
81082  61.037  5.480  45.997 0.1111110002
81975  65.882  7.280  44.241 0.2222220004
84938  64.951  9.768  44.592 0.2222220004
131376  65.543  5.424  44.242 0.2222220004
83940  65.312  9.293  44.073 0.2222220004
136857  65.731  6.360  43.811 0.2222220004
81081  61.684  5.557  45.845 0.1111110002
81965  58.750  6.426  46.456 0.1111110002
81084  61.974  5.936  45.104 0.1111110002
81963  60.443  5.866  45.796 0.1111110002
81964  59.551  6.069  46.112 0.1111110002
82902  65.957  8.361  43.754 0.2222220004
84945  64.998  9.799  43.575 0.2222220004
81979  61.430  6.333  44.835 0.1111110002
146201  60.606  6.466  45.213 0.1111110002
81981  66.182  7.432  43.364 0.2222220004
83946  65.560  9.395  43.213 0.1111110002
82903  64.078  8.203  43.203 0.1111110002
81977  62.492  6.443  44.477 0.1111110002
81978  62.017  6.346  44.427 0.1111110002
81985  66.235  7.541  42.433 0.2222220004
82914  66.157  8.583  41.986 0.1111110002
83947  64.790  9.601  42.932 0.1111110002
82910  63.384  7.455  43.022 0.1111110002
81982  63.029  6.815  43.777 0.1111110002
81983  62.416  6.734  43.850 0.1111110002
82905  61.524  6.892  44.100 0.1111110002
135184  65.554  9.202  41.659 0.1111110002
83954  64.825  9.436  42.102 0.1111110002
82915  63.164  7.685  42.090 0.1111110002
83965  64.987  9.384  41.165 0.1111110002
151322  63.731  8.539  41.426 0.1111110002
82911  62.845  7.304  42.987 0.1111110002
144617  65.253  9.101  40.740 0.1111110002
80187  64.688  4.849  37.119 0.1111110002
82912  62.024  7.294  43.364 0.1111110002
83944  60.699  7.865  44.377 0.1111110002
140825  61.341  7.719  43.733 0.1111110002
149427  65.691  8.172  39.915 0.1111110002
83979  65.334  8.866  39.750 0.1111110002
83966  63.992  9.237  40.318 0.1111110002
82916  62.870  7.682  42.074 0.1111110002
83956  62.361  7.756  42.628 0.1111110002
83948  61.666  8.250  43.189 0.1111110002
82023  65.769  6.484  38.454 0.1111110002
83980  64.734  9.315  39.539 0.1111110002
82931  63.104  8.393  41.198 0.1111110002
150643  62.146  8.442  42.467 0.1111110002
84003  64.894  8.589  37.359 0.1111110002
83993  64.799  9.438  38.146 0.1111110002
137315  63.097  9.322  40.342 0.1111110002
83955  62.683  8.208  41.718 0.1111110002
82968  64.762  7.353  36.268 0.1111110002
81143  64.462  5.430  37.164 0.1111110002
81131  63.757  5.552  38.212 0.1111110002
83943  61.098  8.612  43.894 0.1111110002
83981  64.183  9.893  38.814 0.1111110002
83982  63.617  9.586  39.835 0.1111110002
84956  62.351  9.162  41.708 0.1111110002
141419  64.391  9.993  38.070 0.1111110002
84005  63.896  9.758  36.585 0.1111110002
84995  63.763  10.379  36.853 0.1111110002
84976  63.742  10.626  38.170 0.1111110002
141341  63.847  7.514  36.865 0.1111110002
84006  63.588  9.610  36.867 0.1111110002
82952  63.365  8.151  37.639 0.1111110002
128727  63.550  10.711  38.686 0.1111110002
151746  62.750  9.831  40.397 0.1111110002
129982  63.275  11.087  37.562 0.1111110002
83995  63.290  10.075  37.209 0.1111110002
82953  62.774  7.455  38.918 0.1111110002
142094  62.826  8.872  38.069 0.1111110002
82024  63.449  6.681  38.390 0.1111110002
82025  62.858  6.443  39.521 0.1111110002
85977  62.458  10.254  41.254 0.1111110002
85986  63.163  10.882  39.600 0.1111110002
49963  39.462  -23.873  87.753 0.1111110002
48938  40.864  -24.068  87.271 0.1111110002
49972  41.472  -23.774  86.835 0.1111110002
48951  42.053  -24.243  86.605 0.1111110002
49948  38.752  -23.139  87.773 0.1111110002
47890  41.315  -25.279  87.032 0.1111110002
49949  38.092  -23.564  88.507 0.1111110002
49971  41.849  -23.444  86.299 0.1111110002
48912  36.012  -24.078  89.586 0.1111110002
137909  35.393  -23.523  89.775 0.1111110002
52143  41.187  -21.930  86.069 0.1111110002
52133  40.831  -22.027  86.468 0.1111110002
48923  38.728  -24.219  88.302 0.1111110002
145064  34.648  -23.359  90.123 0.1111110002
47872  36.493  -24.701  88.935 0.1111110002
49924  33.424  -22.924  90.459 0.1111110002
48927  35.868  -24.343  89.292 0.1111110002
49938  33.389  -23.278  90.008 0.1111110002
48942  34.539  -23.908  88.609 0.1111110002
46740  25.198  -26.692  94.229 0.1111110002
45506  24.191  -27.522  94.319 0.1111110002
53273  41.561  -20.270  86.022 0.1111110002
51085  41.782  -22.468  85.327 0.1111110002
50020  41.934  -22.705  83.032 0.1111110002
69529  40.950  -5.735  59.046 0.1111110002
81960  65.560  7.002  46.345 0.2222220004
136859  65.544  6.321  45.648 0.2222220004
82890  65.562  7.977  45.663 0.2222220004
73692  45.850  -1.248  55.837 0.1111110002
49937  34.174  -23.400  90.176 0.1111110002
55525  27.895  -19.000  93.226 0.2222220004
131840  28.953  -18.731  92.082 0.2222220004
55526  27.181  -18.877  93.261 0.2222220004
53194  26.729  -19.348  93.681 0.2222220004
53209  25.990  -20.133  93.135 0.2222220004
55549  28.769  -18.718  91.455 0.2222220004
145297  34.476  -23.666  89.624 0.1111110002
50990  32.315  -21.822  91.435 0.2222220004
83941  64.796  9.594  43.874 0.1111110002
143444  62.521  6.174  45.170 0.1111110002
53251  39.615  -20.672  87.536 0.1111110002
52134  40.459  -21.779  87.000 0.1111110002
49950  37.515  -23.877  89.148 0.1111110002
48911  36.867  -24.017  89.461 0.1111110002
51028  38.707  -22.349  87.772 0.1111110002
52136  39.172  -21.833  87.568 0.1111110002
48925  37.369  -24.436  89.110 0.1111110002
47878  40.752  -24.811  87.316 0.1111110002
46795  40.505  -25.472  86.671 0.1111110002
46811  39.718  -25.282  86.384 0.1111110002
47905  38.386  -25.087  87.114 0.1111110002
47904  38.971  -24.982  86.334 0.1111110002
47929  37.790  -24.607  85.259 0.1111110002
47928  38.348  -24.673  84.558 0.1111110002
144289  38.163  -25.133  88.248 0.1111110002
48941  38.469  -24.776  88.331 0.1111110002
138269  38.180  -25.284  87.889 0.1111110002
136469  37.583  -25.058  87.582 0.1111110002
47906  37.500  -24.725  86.787 0.1111110002
48984  38.138  -24.601  82.893 0.1111110002
47941  37.405  -24.760  84.377 0.1111110002
129013  36.875  -24.700  85.089 0.1111110002
47881  37.634  -25.071  88.364 0.1111110002
47919  36.435  -24.611  85.738 0.1111110002
47907  36.798  -24.526  86.422 0.1111110002
47921  35.272  -24.638  85.792 0.1111110002
129945  35.276  -25.102  85.109 0.1111110002
47942  35.977  -25.158  83.459 0.1111110002
47931  35.445  -25.282  84.298 0.1111110002
49925  32.809  -22.682  90.470 0.1111110002
141017  33.089  -23.263  89.681 0.1111110002
48929  33.874  -23.560  89.056 0.1111110002
51044  39.924  -22.265  87.372 0.1111110002
49962  40.219  -23.550  87.418 0.1111110002
47874  35.087  -24.213  88.781 0.1111110002
48928  34.630  -23.909  88.958 0.1111110002
48953  34.548  -23.955  87.831 0.1111110002
47883  36.307  -24.699  88.355 0.1111110002
47895  36.031  -24.487  87.485 0.1111110002
47884  35.536  -24.431  88.255 0.1111110002
47909  35.326  -24.261  86.665 0.1111110002
48963  34.629  -24.008  86.937 0.1111110002
148651  34.978  -24.184  88.248 0.1111110002
48964  33.928  -23.983  86.368 0.1111110002
48965  33.139  -23.774  86.818 0.1111110002
47894  36.898  -24.892  87.874 0.1111110002
141835  33.870  -24.481  85.387 0.1111110002
47932  34.784  -25.216  84.673 0.1111110002
45522  25.161  -27.352  92.931 0.1111110002
54400  30.179  -19.871  92.518 0.2222220004
54401  29.257  -19.507  92.832 0.2222220004
53206  28.895  -20.159  92.890 0.2222220004
47862  25.847  -25.308  91.003 0.1111110002
130203  29.011  -21.285  92.056 0.1111110002
52076  28.535  -20.706  92.643 0.1111110002
130327  28.023  -21.151  92.207 0.1111110002
52119  26.790  -22.083  90.821 0.1111110002
52105  26.261  -21.657  91.278 0.1111110002
49941  25.832  -23.349  90.023 0.1111110002
47842  25.979  -25.537  92.878 0.1111110002
49929  25.437  -22.918  91.380 0.1111110002
54402  28.208  -19.447  93.134 0.2222220004
53220  27.625  -20.447  92.814 0.2222220004
53221  26.667  -20.390  92.680 0.2222220004
52106  25.629  -21.663  91.623 0.1111110002
53222  25.925  -20.563  92.390 0.2222220004
69540  39.818  -5.082  58.586 0.1111110002
69541  38.925  -5.050  58.805 0.1111110002
78031  51.347  2.652  51.468 0.1111110002
136858  65.600  6.284  44.709 0.2222220004
81973  61.259  5.817  45.464 0.1111110002
131862  65.551  5.454  43.362 0.2222220004
136856  65.798  6.410  42.890 0.2222220004
84955  65.057  9.713  42.781 0.1111110002
83953  65.695  9.325  42.456 0.1111110002
82908  66.227  8.545  42.869 0.1111110002
81998  66.120  7.570  41.446 0.1111110002
84964  65.210  9.485  42.100 0.1111110002
82909  63.947  8.206  42.313 0.1111110002
83992  65.421  8.442  38.751 0.1111110002
143990  65.725  7.425  39.283 0.1111110002
142660  65.905  7.474  40.428 0.1111110002
82951  65.447  7.507  37.891 0.1111110002
82959  65.025  7.490  36.550 0.1111110002
82960  64.312  8.443  36.549 0.1111110002
84004  64.317  9.547  36.948 0.1111110002
82961  63.896  8.649  36.528 0.1111110002
82969  64.386  7.552  36.410 0.1111110002
82038  64.284  6.458  36.857 0.1111110002
84986  64.118  10.282  37.112 0.1111110002
83994  63.958  10.554  37.395 0.1111110002
51042  41.105  -22.543  86.444 0.1111110002
51043  40.629  -22.426  86.977 0.1111110002
48926  36.650  -24.463  89.266 0.1111110002
47882  36.998  -24.957  88.428 0.1111110002
48914  34.087  -23.604  89.585 0.1111110002
151274  37.494  -25.156  88.070 0.1111110002
62975  45.905  -11.283  82.224 0.1111110002
64037  45.935  -10.990  80.357 0.1111110002
62982  46.183  -11.654  81.420 0.1111110002
64008  44.481  -10.096  82.805 0.1111110002
61937  46.804  -12.140  79.565 0.1111110002
76758  58.738  2.499  65.611 0.1111110002
76759  58.103  1.736  65.802 0.1111110002
76774  58.478  1.964  64.850 0.1111110002
64006  45.517  -10.693  82.273 0.1111110002
65064  45.153  -9.288  80.518 0.1111110002
64023  45.242  -9.962  81.868 0.1111110002
65040  44.644  -9.586  82.590 0.1111110002
66080  44.126  -8.919  82.533 0.1111110002
65041  44.148  -9.314  82.823 0.1111110002
77829  57.009  2.411  67.522 0.1111110002
77867  59.300  2.596  64.799 0.1111110002
66090  44.344  -8.326  81.408 0.1111110002
65065  44.776  -8.646  80.777 0.1111110002
65053  44.672  -9.139  81.792 0.1111110002
67108  43.008  -7.521  81.641 0.1111110002
67099  43.215  -8.045  81.819 0.1111110002
67119  42.893  -6.665  81.203 0.1111110002
77852  58.568  2.807  66.086 0.1111110002
133807  59.972  2.946  64.500 0.1111110002
77884  59.661  2.449  63.793 0.1111110002
67098  43.701  -8.008  81.658 0.1111110002
68174  43.286  -6.172  81.303 0.1111110002
137678  43.039  -6.675  81.437 0.1111110002
77883  60.238  3.067  63.943 0.1111110002
77914  60.859  3.119  62.539 0.1111110002
79075  61.606  3.722  53.549 0.1111110002
76937  62.333  1.469  51.764 0.1111110002
78027  61.670  2.045  51.782 0.1111110002
78014  61.352  2.730  52.344 0.1111110002
78015  60.699  2.177  52.244 0.1111110002
78985  61.376  3.585  61.956 0.1111110002
78984  61.774  4.055  61.416 0.1111110002
155542  61.602  3.694  58.855 0.1111110002
77954  59.981  3.080  56.868 0.1111110002
77963  60.038  3.066  56.047 0.1111110002
79039  60.660  3.538  56.582 0.1111110002
79050  60.748  3.549  55.749 0.1111110002
81015  63.747  5.580  53.757 0.1111110002
79048  62.246  4.453  55.105 0.1111110002
78013  62.343  2.859  52.087 0.1111110002
78026  62.945  2.048  51.967 0.1111110002
79987  61.897  4.525  59.920 0.1111110002
79018  61.849  3.993  58.569 0.1111110002
79030  61.178  3.599  58.146 0.1111110002
79017  62.147  4.404  57.999 0.1111110002
143575  61.329  3.871  57.211 0.1111110002
79029  61.805  4.053  57.807 0.1111110002
79038  61.496  3.987  56.357 0.1111110002
79049  61.510  4.025  55.456 0.1111110002
80032  63.282  5.166  55.195 0.1111110002
78012  63.789  2.600  52.325 0.1111110002
79091  63.869  3.648  52.339 0.1111110002
80071  64.003  4.562  52.559 0.1111110002
79986  62.060  5.102  59.251 0.1111110002
80070  64.402  4.780  52.180 0.1111110002
140058  64.611  4.906  51.003 0.1111110002
81043  64.597  5.670  50.917 0.1111110002
81064  65.006  5.873  47.522 0.1111110002
154046  65.319  5.714  46.976 0.1111110002
149055  65.568  4.666  44.546 0.1111110002
131821  65.719  3.821  44.360 0.1111110002
80129  65.538  4.588  43.859 0.1111110002
78072  66.054  2.702  42.343 0.1111110002
78071  66.479  1.629  42.053 0.1111110002
78076  66.431  1.181  41.176 0.1111110002
81079  65.528  5.330  45.132 0.1111110002
80135  65.502  4.567  42.943 0.1111110002
131861  65.523  5.483  42.383 0.1111110002
81099  65.543  5.549  41.355 0.1111110002
79153  65.636  3.640  42.642 0.1111110002
79164  65.714  3.429  41.563 0.1111110002
130996  65.539  4.824  40.747 0.1111110002
79175  65.851  3.229  40.571 0.1111110002
132769  66.049  2.690  39.851 0.1111110002
77064  66.365  0.547  40.507 0.1111110002
80166  65.618  4.032  40.664 0.1111110002
136854  65.818  6.544  40.884 0.1111110002
80176  65.783  4.610  39.558 0.1111110002
75641  57.254  1.030  65.300 0.1111110002
76742  58.343  2.270  66.322 0.1111110002
80081  64.536  4.248  51.482 0.1111110002
80011  62.453  4.831  57.345 0.1111110002
81036  64.584  5.161  51.646 0.1111110002
79090  64.308  3.778  52.025 0.1111110002
79999  62.315  5.011  58.336 0.1111110002
80977  62.571  5.505  57.680 0.1111110002
81026  64.396  5.563  52.371 0.1111110002
80965  62.280  5.735  58.601 0.1111110002
81931  64.541  5.934  51.798 0.1111110002
80056  64.075  5.295  52.915 0.1111110002
81006  63.572  5.676  54.666 0.1111110002
80072  63.213  4.367  52.820 0.1111110002
79037  62.287  4.405  56.070 0.1111110002
141592  64.341  6.197  52.483 0.1111110002
79093  61.860  3.404  52.684 0.1111110002
80995  63.365  5.658  55.461 0.1111110002
79074  62.393  4.070  53.117 0.1111110002
78965  60.957  3.846  62.641 0.1111110002
78992  61.940  4.014  60.551 0.1111110002
80976  62.820  5.963  57.096 0.1111110002
80987  62.774  5.232  56.724 0.1111110002
80020  63.072  5.120  55.934 0.1111110002
81915  64.038  6.913  52.917 0.1111110002
81014  64.121  6.055  53.206 0.1111110002
64195  38.091  -10.378  63.776 0.1111110002
144202  58.053  1.537  67.545 0.1111110002
57617  8.691  -17.151  93.177 0.1111110002
76743  58.169  1.573  66.880 0.1111110002
136855  65.789  6.477  41.917 0.1111110002
64184  36.634  -10.499  64.342 0.1111110002
64022  45.751  -10.754  81.593 0.1111110002
61923  46.662  -12.500  81.737 0.1111110002
79063  61.487  3.947  54.479 0.1111110002
77997  61.072  3.113  53.122 0.1111110002
79062  62.215  4.349  54.051 0.1111110002
76938  60.748  1.342  51.900 0.1111110002
80057  63.648  4.967  53.346 0.1111110002
80046  63.414  5.130  54.275 0.1111110002
80047  62.923  4.789  54.708 0.1111110002
79092  62.809  3.649  52.477 0.1111110002
79003  61.577  3.609  60.051 0.1111110002
79001  62.045  4.479  58.961 0.1111110002
80022  62.069  4.352  57.021 0.1111110002
80127  65.629  4.317  45.070 0.1111110002
139752  65.651  3.789  43.571 0.1111110002
78077  66.123  2.385  41.137 0.1111110002
78084  66.237  1.626  40.163 0.1111110002
80149  65.474  4.493  41.776 0.1111110002
129176  65.891  3.611  39.614 0.1111110002
75940  66.173  -0.063  40.303 0.1111110002
80058  62.974  4.640  53.658 0.1111110002
80021  62.645  4.770  56.436 0.1111110002
80033  62.879  4.817  55.667 0.1111110002
44405  22.214  -27.395  94.814 0.2222220004
44407  22.780  -27.714  94.482 0.2222220004
44413  23.913  -27.982  92.849 0.1111110002
44415  22.676  -28.128  93.780 0.2222220004
45499  24.691  -26.981  94.640 0.1111110002
45500  24.089  -27.056  94.860 0.2222220004
45505  24.972  -27.247  94.041 0.1111110002
45523  24.596  -27.651  92.470 0.1111110002
46725  21.508  -26.160  95.634 0.2222220004
46731  23.893  -26.755  94.829 0.3333329856
46739  25.592  -26.334  93.806 0.1111110002
47797  20.771  -24.865  96.309 0.2222220004
47798  20.298  -24.960  96.463 0.1111110002
47853  25.987  -25.465  91.899 0.1111110002
47871  37.189  -24.842  88.881 0.1111110002
47892  39.728  -25.196  87.109 0.1111110002
48857  19.630  -24.602  96.364 0.2222220004
48862  20.779  -24.583  96.110 0.2222220004
48913  35.111  -23.955  89.564 0.1111110002
48924  38.029  -24.311  88.733 0.1111110002
48930  32.961  -23.298  89.068 0.1111110002
48939  40.079  -24.360  87.525 0.1111110002
48969  42.867  -24.452  84.436 0.1111110002
48994  46.723  -24.263  82.100 0.1111110002
49889  18.078  -23.572  96.263 0.1111110002
49894  12.992  -23.483  96.320 0.2222220004
49960  41.397  -23.113  86.494 0.1111110002
49961  40.885  -23.181  87.007 0.1111110002
50985  23.993  -22.436  93.392 0.3333329856
50993  29.966  -21.219  92.026 0.1111110002
51004  32.830  -22.356  90.939 0.2222220004
51008  25.828  -22.236  90.959 0.1111110002
52067  24.604  -21.114  93.412 0.3333329856
52074  30.229  -20.879  92.261 0.2222220004
52089  30.747  -21.342  92.107 0.1111110002
52094  23.175  -21.204  91.889 0.5555559993
52107  22.922  -21.220  91.176 0.5555559993
52115  35.175  -22.080  89.964 0.3333329856
52125  38.500  -21.663  88.088 0.1111110002
52135  39.874  -21.478  87.408 0.1111110002
52144  40.887  -21.455  86.462 0.1111110002
52153  41.462  -21.744  85.747 0.1111110002
52175  41.652  -21.108  83.883 0.3333329856
53195  26.098  -19.654  93.636 0.3333329856
53196  25.234  -20.221  93.571 0.3333329856
53204  30.580  -20.530  92.353 0.2222220004
53208  27.438  -19.706  93.354 0.2222220004
53211  23.715  -20.479  92.966 0.3333329856
53223  23.298  -20.591  92.176 0.4444440007
53229  33.707  -20.492  90.386 0.4444440007
53230  33.057  -20.830  91.020 0.2222220004
53238  22.848  -20.620  90.335 0.5555559993
53243  37.505  -20.796  88.707 0.2222220004
53250  40.427  -21.047  87.053 0.2222220004
53276  36.719  -20.962  86.524 0.7777780294
53319  45.830  -20.962  82.865 0.2222220004
54394  24.481  -19.992  93.652 0.3333329856
54404  24.816  -19.576  93.669 0.3333329856
54413  29.905  -19.250  92.345 0.2222220004
54414  29.151  -18.977  92.585 0.2222220004
54420  34.580  -20.230  90.242 0.4444440007
54423  32.410  -20.196  90.970 0.2222220004
54429  36.242  -20.186  89.363 0.4444440007
54431  35.195  -19.846  90.021 0.4444440007
54432  34.617  -19.853  90.020 0.4444440007
54434  24.518  -19.581  90.593 0.6666669846
54439  38.371  -20.112  88.178 0.2222220004
54442  36.319  -19.953  89.066 0.4444440007
54446  32.282  -19.709  89.508 0.5555559993
54457  39.056  -19.981  87.715 0.4444440007
54458  38.420  -19.952  88.093 0.2222220004
54477  40.191  -19.473  86.950 0.4444440007
54478  39.429  -19.454  87.207 0.4444440007
54480  37.461  -19.886  87.451 0.7777780294
54499  41.353  -19.339  85.916 0.4444440007
54500  40.609  -18.986  86.368 0.4444440007
54501  38.068  -19.743  86.787 0.6666669846
54516  41.540  -19.299  84.741 0.4444440007
54517  41.443  -19.011  85.228 0.3333329856
54532  38.928  -19.813  84.886 0.5555559993
54546  46.856  -19.944  83.080 0.1111110002
54678  34.012  -19.925  73.924 0.1111110002
55518  26.583  -19.070  93.744 0.3333329856
55520  25.418  -19.237  93.807 0.3333329856
55530  24.587  -19.421  93.321 0.3333329856
55535  30.513  -19.187  91.832 0.2222220004
55540  25.768  -18.623  93.196 0.3333329856
55541  25.059  -18.845  93.072 0.4444440007
55545  32.896  -20.046  89.947 0.4444440007
55546  32.300  -19.892  90.311 0.4444440007
55551  26.467  -18.802  91.717 0.3333329856
55552  25.606  -18.948  91.606 0.3333329856
55557  35.313  -19.701  89.485 0.5555559993
55572  36.766  -20.041  88.541 0.3333329856
55574  34.547  -19.642  89.642 0.4444440007
55588  38.038  -19.661  87.787 0.5555559993
55590  36.494  -19.931  88.517 0.6666669846
55591  35.786  -19.667  88.939 0.4444440007
55602  39.107  -19.228  86.945 0.6666669846
55603  38.380  -19.545  87.260 0.4444440007
55616  39.507  -18.794  86.396 0.4444440007
55627  40.329  -18.340  85.391 0.5555559993
55628  39.730  -18.459  85.799 0.5555559993
55635  40.525  -18.568  84.620 0.4444440007
55642  41.123  -19.170  83.574 0.4444440007
55643  40.647  -18.946  83.768 0.4444440007
56729  40.060  -17.058  77.724 0.8888890147
56845  34.514  -17.648  69.315 0.1111110002
57615  9.049  -17.224  93.437 0.1111110002
58776  44.072  -14.768  81.056 0.5555559993
58850  40.614  -15.549  76.884 0.8888890147
58894  38.628  -16.106  73.272 0.8888890147
58942  37.375  -15.541  70.217 0.3333329856
59882  43.998  -13.911  82.331 0.3333329856
59922  43.053  -14.743  79.064 0.6666669846
59935  41.818  -14.825  78.056 1.0000000000
59994  40.508  -14.985  73.597 0.8888890147
60034  39.003  -14.131  70.536 0.5555559993
60946  44.103  -12.825  82.984 0.1111110002
60960  43.653  -12.821  82.006 0.3333329856
60994  43.750  -13.361  78.083 0.7777780294
61002  43.634  -13.354  76.699 1.0000000000
61008  43.530  -13.177  76.023 0.8888890147
61020  42.944  -13.570  74.874 1.0000000000
61038  41.420  -13.476  73.077 1.0000000000
61039  40.940  -13.360  72.486 0.7777780294
61102  35.702  -13.421  66.905 0.1111110002
62015  39.186  -12.877  70.467 0.5555559993
62991  46.282  -11.740  80.194 0.1111110002
63003  44.066  -11.403  78.710 0.8888890147
63040  42.389  -11.824  74.881 1.0000000000
64007  45.110  -10.329  82.530 0.1111110002
64039  43.420  -10.962  80.331 0.3333329856
65054  43.002  -8.973  82.087 0.2222220004
66081  43.685  -8.727  82.295 0.1111110002
66082  43.221  -8.444  82.031 0.2222220004
66201  41.619  -8.454  70.603 1.0000000000
66219  38.600  -8.804  69.436 1.0000000000
66221  37.621  -9.276  68.836 0.3333329856
66301  41.272  -8.490  64.378 0.4444440007
67107  43.176  -7.177  81.480 0.1111110002
67206  38.709  -7.848  73.281 1.0000000000
68175  43.007  -5.902  81.215 0.2222220004
68231  40.099  -6.689  76.025 0.7777780294
68241  41.481  -6.139  75.495 0.5555559993
68242  40.501  -6.245  76.050 0.7777780294
69283  42.615  -4.832  79.864 0.3333329856
69300  43.898  -5.045  77.433 0.5555559993
69368  44.291  -5.492  72.531 0.8888890147
70352  43.142  -4.147  80.509 0.1111110002
70375  42.665  -4.952  79.245 0.3333329856
70397  44.558  -4.336  77.048 0.5555559993
71365  43.674  -3.544  80.295 0.3333329856
71366  42.999  -3.828  80.156 0.1111110002
71407  44.902  -3.535  76.582 0.5555559993
71461  46.380  -3.184  71.180 0.4444440007
73443  47.125  -0.589  75.541 0.3333329856
74482  47.063  -0.261  76.268 0.3333329856
76725  58.151  2.369  66.880 0.2222220004
78900  57.227  3.339  66.708 0.3333329856
79918  59.573  4.154  64.274 0.2222220004
79930  59.854  4.381  63.761 0.2222220004
79970  61.588  4.509  61.545 0.2222220004
81852  61.316  6.003  59.715 0.2222220004
81866  62.491  6.791  57.879 0.2222220004
81867  62.253  6.449  58.327 0.2222220004
81868  61.751  6.630  58.476 0.2222220004
82782  62.451  7.296  57.563 0.2222220004
82793  62.243  8.387  56.892 0.3333329856
83763  62.104  8.586  56.415 0.3333329856
83774  62.831  8.339  55.935 0.3333329856
83810  62.836  8.789  53.805 0.4444440007
84850  63.398  9.300  50.974 0.4444440007
84866  63.067  9.946  50.100 0.4444440007
84893  63.415  10.473  48.113 0.4444440007
132094  31.944  -19.577  89.939 0.5555559993
132225  28.170  -18.640  91.875 0.3333329856
133238  35.528  -14.972  67.175 0.1111110002
133660  62.887  8.497  55.302 0.3333329856
133870  39.594  -23.033  87.461 0.1111110002
134332  41.989  -19.261  82.132 0.5555559993
134783  42.698  -9.442  80.146 0.5555559993
135393  36.339  -21.631  83.644 0.8888890147
136711  43.392  -10.268  82.325 0.1111110002
136962  19.481  -24.343  90.863 0.5555559993
138538  25.860  -24.780  91.564 0.1111110002
138744  42.647  -6.473  80.386 0.1111110002
138810  35.728  -20.104  89.857 0.3333329856
140864  42.659  -6.351  75.594 0.5555559993
140884  31.764  -19.721  91.056 0.2222220004
140921  47.495  -20.003  83.160 0.1111110002
142665  42.647  -8.442  80.493 0.4444440007
142791  42.771  -7.561  81.139 0.2222220004
142909  38.540  -16.412  73.805 0.8888890147
142996  34.673  -23.834  89.388 0.1111110002
143386  42.140  -23.320  85.410 0.1111110002
143773  17.912  -22.547  96.000 0.2222220004
144353  42.904  -4.516  80.416 0.2222220004
144359  40.284  -22.875  87.294 0.1111110002
144537  52.308  1.598  60.423 1.0000000000
144914  38.977  -21.128  87.839 0.1111110002
144985  43.966  -8.985  82.782 0.1111110002
145569  37.826  -20.925  80.223 0.7777780294
146367  57.739  2.336  67.375 0.1111110002
146716  41.505  -19.617  84.016 0.3333329856
147154  33.513  -23.428  89.602 0.1111110002
148144  41.717  -20.486  85.474 0.2222220004
148213  23.421  -19.963  89.407 0.6666669846
148789  25.938  -19.035  93.860 0.3333329856
150642  60.692  2.617  52.820 0.1111110002
150760  31.112  -19.344  91.189 0.2222220004
151187  43.923  -9.196  82.813 0.1111110002
151879  42.571  -7.772  69.027 1.0000000000
152411  39.411  -21.289  87.601 0.1111110002
152514  38.777  -19.702  85.464 0.5555559993
152891  41.423  -8.113  77.570 0.7777780294
153364  22.460  -22.121  89.685 0.5555559993
154226  42.009  -7.662  78.556 0.6666669846
154285  42.721  -7.029  80.771 0.2222220004
154555  50.773  -2.182  61.347 1.0000000000
154569  27.156  -20.087  93.148 0.2222220004
155101  38.512  -14.684  70.461 0.5555559993
155266  47.919  -1.944  73.067 0.4444440007
