#!ascii label  , from subject sub-v2s18x29527_ses-1 vox2ras=TkReg
2765
116598  -11.051  -51.698  80.584 0.3333329856
115991  -11.761  -51.229  81.263 0.3333329856
132080  -12.199  -50.961  79.650 0.3333329856
132740  -11.747  -50.734  78.634 0.4444440007
132100  -12.696  -50.985  78.214 0.3333329856
132729  -13.612  -51.133  77.760 0.4444440007
116582  -14.497  -50.839  77.295 0.5555559993
115120  -15.175  -50.524  76.872 0.6666669846
115146  -15.825  -49.593  76.002 0.7777780294
116234  -8.617  -51.744  78.218 0.3333329856
132301  -9.378  -51.374  78.927 0.4444440007
115743  -9.867  -50.866  79.258 0.4444440007
115099  -11.383  -51.315  80.702 0.3333329856
132212  -10.625  -50.935  79.819 0.4444440007
115667  -10.806  -50.558  78.889 0.4444440007
132731  -12.154  -50.573  77.455 0.6666669846
132136  -12.980  -50.727  77.076 0.6666669846
132725  -13.772  -50.693  76.699 0.6666669846
115119  -14.479  -50.448  76.348 0.6666669846
116193  -15.041  -49.966  76.051 0.7777780294
132437  -16.584  -49.315  75.877 0.5555559993
28589  -8.253  -50.937  77.649 0.2222220004
115945  -8.814  -50.778  78.103 0.4444440007
132520  -9.385  -50.518  78.401 0.4444440007
132081  -10.080  -50.399  78.487 0.5555559993
132728  -10.753  -50.179  77.631 0.5555559993
115693  -11.399  -50.470  77.782 0.6666669846
132724  -12.455  -50.146  76.589 0.6666669846
132097  -13.188  -50.274  76.192 0.6666669846
134738  -13.826  -50.262  75.990 0.6666669846
115129  -14.333  -49.816  75.751 0.7777780294
132958  -15.882  -49.171  75.480 0.6666669846
116283  -15.021  -49.319  75.422 0.7777780294
115678  -16.390  -48.879  75.220 0.5555559993
132560  -17.480  -48.563  74.618 0.5555559993
136379  -18.284  -48.137  74.382 0.5555559993
30323  -19.755  -47.821  74.758 0.3333329856
132275  -15.531  -48.769  74.990 0.6666669846
115148  -15.998  -48.612  74.481 0.7777780294
115731  -16.592  -48.535  74.029 0.7777780294
30338  -19.042  -47.807  74.139 0.5555559993
31218  -19.828  -47.672  73.886 0.3333329856
115147  -17.388  -48.533  73.623 0.7777780294
115151  -18.339  -48.109  73.238 0.6666669846
123856  -19.252  -47.742  73.395 0.5555559993
31227  -19.929  -47.458  72.953 0.4444440007
31226  -19.156  -47.611  72.750 0.7777780294
32067  -20.782  -47.249  72.869 0.5555559993
140807  -7.390  -49.526  76.496 0.1111110002
29453  -7.827  -49.859  77.365 0.2222220004
129075  -8.323  -50.088  77.694 0.2222220004
29455  -8.805  -49.608  77.979 0.2222220004
132742  -9.648  -49.794  77.894 0.3333329856
132137  -10.217  -49.700  77.620 0.5555559993
29472  -7.476  -49.462  75.717 0.1111110002
132723  -11.576  -49.951  76.948 0.6666669846
115149  -13.578  -49.603  75.760 0.6666669846
115135  -14.219  -49.116  75.378 0.7777780294
115128  -14.759  -48.635  74.936 0.7777780294
30321  -15.195  -48.361  74.312 0.7777780294
115903  -16.245  -47.874  73.165 0.7777780294
132193  -18.203  -47.970  72.440 0.7777780294
32069  -22.348  -46.456  73.759 0.5555559993
32078  -20.403  -47.001  72.120 0.6666669846
130801  -21.324  -46.826  72.398 0.6666669846
32932  -22.912  -45.986  73.132 0.5555559993
132179  -18.873  -47.283  72.091 0.7777780294
32087  -19.688  -46.622  71.699 0.7777780294
32088  -21.021  -46.431  71.664 0.6666669846
126384  -7.385  -48.858  76.383 0.1111110002
30288  -7.375  -48.255  76.978 0.2222220004
29454  -8.039  -49.219  77.716 0.2222220004
30278  -8.265  -48.470  78.160 0.2222220004
116418  -10.018  -49.075  77.516 0.6666669846
30290  -11.471  -48.882  76.704 0.7777780294
31208  -8.014  -47.737  75.007 0.1111110002
30291  -12.146  -48.575  76.533 0.7777780294
115679  -12.179  -49.316  76.408 0.6666669846
132150  -12.834  -49.532  76.075 0.6666669846
116292  -13.727  -48.871  75.548 0.7777780294
30305  -14.273  -48.458  75.154 0.7777780294
31210  -14.674  -48.116  74.510 0.7777780294
31217  -15.691  -47.694  73.144 0.7777780294
115728  -16.985  -47.693  72.514 0.8888890147
115821  -17.961  -46.824  71.937 0.8888890147
116221  -18.785  -46.680  71.481 0.7777780294
32079  -21.841  -46.201  71.949 0.6666669846
125545  -20.234  -46.360  71.544 0.6666669846
32943  -22.643  -45.801  72.323 0.6666669846
32956  -20.513  -45.790  71.088 0.7777780294
32958  -22.196  -45.378  71.685 0.5555559993
31181  -7.666  -47.294  76.555 0.2222220004
30283  -9.282  -48.685  77.972 0.4444440007
30289  -10.782  -48.730  77.093 0.6666669846
31196  -7.978  -47.105  75.639 0.1111110002
137545  -12.719  -48.760  76.292 0.6666669846
30304  -13.197  -49.023  75.894 0.7777780294
30292  -13.364  -48.357  76.146 0.7777780294
125856  -14.112  -47.702  76.500 0.4444440007
131121  -14.692  -47.171  77.454 0.4444440007
124794  -14.280  -47.728  75.632 0.7777780294
31197  -14.279  -47.989  74.881 0.7777780294
120239  -15.194  -47.400  73.566 0.7777780294
32065  -15.515  -46.827  73.186 0.7777780294
32076  -16.003  -46.969  72.661 0.8888890147
132346  -16.593  -46.998  72.414 0.8888890147
132541  -17.755  -46.192  71.431 0.7777780294
32954  -18.346  -45.720  70.799 0.7777780294
32955  -19.496  -45.959  70.984 0.7777780294
32971  -20.862  -45.098  70.711 0.6666669846
33886  -21.246  -44.372  70.626 0.6666669846
32021  -15.270  -46.624  77.743 0.2222220004
127679  -15.242  -46.394  77.014 0.2222220004
31198  -14.708  -47.243  75.343 0.7777780294
32032  -15.033  -46.460  76.079 0.5555559993
32913  -15.163  -45.648  75.708 0.2222220004
32045  -15.075  -46.559  74.986 0.7777780294
130943  -15.430  -45.766  74.662 0.5555559993
32930  -15.728  -45.917  73.705 0.6666669846
32066  -15.938  -46.116  72.793 0.8888890147
32931  -16.113  -45.208  73.277 0.6666669846
32077  -16.358  -46.267  72.214 0.8888890147
139655  -17.202  -45.885  71.558 0.8888890147
32969  -19.012  -45.137  70.061 0.8888890147
33885  -20.464  -44.582  70.214 0.6666669846
121493  -20.311  -43.912  70.211 0.6666669846
34765  -21.616  -43.742  70.389 0.6666669846
34766  -22.400  -43.571  70.461 0.6666669846
34764  -21.159  -43.286  70.078 0.7777780294
34778  -22.003  -43.183  69.867 0.7777780294
35647  -22.426  -42.577  69.332 0.6666669846
33841  -15.534  -43.997  74.806 0.1111110002
32942  -16.779  -44.946  71.659 0.8888890147
32968  -18.104  -44.802  70.432 0.8888890147
33883  -18.773  -44.288  69.937 0.8888890147
35633  -20.396  -43.099  70.132 0.8888890147
35646  -21.710  -42.595  69.318 0.6666669846
137270  -21.251  -42.128  69.157 0.7777780294
35658  -22.166  -42.304  68.680 0.6666669846
117908  -23.113  -41.830  67.698 0.6666669846
36450  -23.818  -41.587  68.229 0.6666669846
33832  -15.554  -44.104  75.875 0.1111110002
34725  -16.208  -43.049  73.489 0.4444440007
34715  -15.774  -43.050  74.417 0.4444440007
34726  -16.992  -43.102  72.775 0.5555559993
33860  -16.570  -44.605  72.711 0.5555559993
34739  -17.782  -43.032  72.012 0.6666669846
33861  -17.280  -43.992  72.173 0.7777780294
34754  -18.330  -43.193  71.120 0.6666669846
33872  -18.046  -43.972  70.390 0.8888890147
35632  -18.877  -42.520  70.889 0.6666669846
34762  -18.823  -43.447  70.299 0.7777780294
136104  -20.350  -42.409  69.982 0.7777780294
35645  -20.620  -41.926  69.453 0.7777780294
35657  -21.682  -42.066  68.550 0.7777780294
136908  -23.887  -41.725  66.970 0.6666669846
37273  -25.039  -41.114  67.587 0.7777780294
37261  -25.279  -40.411  68.473 0.6666669846
37274  -25.472  -40.596  67.190 0.7777780294
38194  -25.762  -39.697  67.978 0.6666669846
34690  -16.186  -43.575  76.478 0.1111110002
35559  -16.549  -42.903  76.025 0.1111110002
35585  -16.293  -42.447  74.703 0.1111110002
35594  -16.231  -42.394  73.971 0.4444440007
138022  -16.693  -41.904  73.770 0.4444440007
35602  -17.348  -42.343  72.656 0.4444440007
35603  -17.902  -42.237  72.144 0.5555559993
35619  -18.311  -42.413  71.574 0.6666669846
36426  -18.628  -41.740  71.286 0.6666669846
36427  -19.208  -41.609  70.570 0.7777780294
36438  -20.218  -41.198  69.208 0.7777780294
35656  -20.927  -41.558  68.650 0.8888890147
36448  -21.482  -41.584  67.931 0.7777780294
36458  -22.013  -41.424  67.291 0.8888890147
37272  -23.432  -41.420  66.550 0.7777780294
37270  -21.851  -40.466  67.185 0.8888890147
37285  -24.164  -41.261  66.069 0.8888890147
141474  -25.466  -40.585  66.256 0.7777780294
41041  -38.884  -36.391  65.750 0.2222220004
38222  -24.947  -40.621  65.819 0.7777780294
38223  -25.557  -39.901  65.850 0.7777780294
38208  -25.841  -39.911  66.701 0.7777780294
38209  -26.234  -39.142  67.477 0.7777780294
41040  -37.728  -36.501  65.239 0.3333329856
39118  -25.401  -38.765  65.579 0.7777780294
39105  -25.969  -39.048  66.419 0.7777780294
41057  -37.368  -36.365  63.590 0.3333329856
41064  -37.887  -36.731  62.756 0.3333329856
117040  -37.850  -36.003  63.031 0.3333329856
41077  -38.100  -37.227  60.921 0.5555559993
41096  -37.987  -36.812  60.275 0.4444440007
135935  -17.437  -42.452  77.153 0.1111110002
35560  -17.171  -42.374  76.429 0.1111110002
35586  -16.693  -41.912  74.486 0.1111110002
35595  -17.154  -41.739  73.220 0.3333329856
36391  -17.170  -41.249  74.046 0.3333329856
123418  -18.085  -40.925  72.390 0.4444440007
126273  -18.390  -41.174  71.675 0.5555559993
37230  -18.700  -40.963  71.117 0.7777780294
36437  -19.576  -40.956  69.815 0.7777780294
37259  -21.235  -40.781  67.694 0.8888890147
126436  -21.384  -40.119  67.543 0.8888890147
41925  -40.243  -35.333  66.565 0.1111110002
38207  -22.376  -39.974  66.675 0.8888890147
38220  -23.042  -39.486  66.076 0.8888890147
38221  -24.045  -40.207  65.653 0.8888890147
41924  -39.732  -36.084  66.269 0.1111110002
39116  -23.818  -39.007  65.620 0.8888890147
121722  -24.802  -39.596  65.554 0.8888890147
41934  -38.509  -35.914  64.880 0.3333329856
39117  -24.520  -38.585  65.465 0.8888890147
39106  -26.609  -38.576  66.950 0.7777780294
41945  -38.313  -35.595  64.167 0.3333329856
41946  -39.623  -35.531  64.454 0.3333329856
39119  -26.196  -38.350  65.944 0.8888890147
40075  -26.985  -38.018  66.399 0.7777780294
41953  -37.862  -35.697  63.584 0.3333329856
41961  -38.692  -35.416  62.787 0.3333329856
41954  -39.128  -35.359  63.627 0.3333329856
123221  -38.600  -36.131  61.449 0.3333329856
41969  -38.836  -35.370  61.802 0.3333329856
41983  -38.014  -35.953  59.931 0.4444440007
133064  -38.335  -35.159  60.060 0.4444440007
125861  -36.243  -35.825  58.843 0.5555559993
136774  -37.224  -35.606  59.038 0.5555559993
41109  -33.675  -36.475  59.246 0.8888890147
139574  -34.129  -36.058  59.041 0.8888890147
41999  -34.482  -35.709  58.807 0.8888890147
36381  -17.249  -41.387  75.069 0.1111110002
37162  -17.749  -40.696  74.669 0.1111110002
36400  -17.656  -41.071  73.219 0.4444440007
37212  -18.373  -40.462  71.729 0.3333329856
37213  -18.657  -40.084  71.059 0.3333329856
129619  -19.059  -39.830  70.518 0.4444440007
37246  -19.452  -40.098  69.885 0.7777780294
38192  -20.327  -39.906  68.652 0.7777780294
38193  -20.906  -39.834  67.980 0.7777780294
38206  -21.653  -39.515  67.397 0.8888890147
39104  -22.991  -38.371  66.293 0.7777780294
41936  -40.145  -35.599  65.794 0.1111110002
40082  -24.827  -37.671  65.489 0.8888890147
42808  -40.188  -35.239  65.082 0.2222220004
136205  -25.717  -37.935  65.486 0.8888890147
40083  -26.481  -37.697  65.590 0.8888890147
40084  -27.371  -37.443  65.967 0.8888890147
40085  -28.266  -37.195  66.246 0.6666669846
40097  -28.927  -36.921  65.918 0.7777780294
124024  -39.438  -34.908  63.105 0.2222220004
41025  -27.537  -36.787  65.484 0.8888890147
41026  -28.292  -36.773  65.598 0.8888890147
40098  -29.512  -37.124  65.243 0.6666669846
42830  -39.347  -34.529  62.265 0.2222220004
117350  -28.797  -36.320  64.139 0.8888890147
41056  -29.284  -36.522  63.539 0.8888890147
40118  -29.935  -36.924  63.319 0.8888890147
41968  -38.630  -35.507  60.808 0.3333329856
41063  -28.754  -35.841  62.426 0.8888890147
139886  -29.135  -36.189  62.053 0.8888890147
41091  -29.589  -36.049  61.045 0.7777780294
135412  -30.088  -35.826  60.546 0.8888890147
41995  -30.882  -35.110  59.942 0.8888890147
41108  -31.592  -36.253  59.698 0.8888890147
135835  -32.606  -36.516  59.421 0.8888890147
42017  -35.710  -35.319  58.453 0.7777780294
42846  -31.405  -34.767  59.825 0.8888890147
138590  -32.082  -35.750  59.382 0.8888890147
41997  -32.117  -35.084  59.440 0.8888890147
42857  -33.569  -35.163  59.043 0.8888890147
38168  -19.476  -39.222  70.241 0.3333329856
38169  -19.999  -39.432  69.373 0.5555559993
39084  -20.445  -38.649  69.308 0.4444440007
39090  -20.620  -39.147  68.683 0.6666669846
39091  -21.287  -38.778  68.068 0.7777780294
138254  -21.699  -38.786  67.489 0.7777780294
40074  -22.409  -37.825  67.129 0.7777780294
134572  -23.024  -37.529  66.700 0.7777780294
40081  -23.766  -37.813  65.930 0.7777780294
41022  -24.084  -36.764  66.161 0.8888890147
42818  -40.196  -34.608  64.538 0.2222220004
43670  -40.250  -33.544  64.666 0.1111110002
133854  -24.778  -36.672  65.680 0.8888890147
122142  -25.649  -37.034  65.402 0.8888890147
41024  -26.680  -36.939  65.376 0.8888890147
41038  -28.731  -36.623  65.027 0.7777780294
43669  -40.139  -34.179  63.971 0.2222220004
41036  -25.964  -36.180  65.283 0.8888890147
122475  -27.991  -36.482  65.137 0.8888890147
41047  -28.146  -36.097  64.597 0.8888890147
43677  -39.947  -34.189  63.146 0.2222220004
41055  -28.797  -36.076  63.290 0.8888890147
43684  -31.141  -32.984  62.506 0.6666669846
43675  -32.288  -32.992  63.399 0.3333329856
134482  -33.370  -32.699  62.494 0.3333329856
44545  -33.982  -32.433  61.963 0.4444440007
42837  -39.005  -34.600  61.262 0.3333329856
136324  -39.789  -33.563  62.354 0.2222220004
41952  -28.253  -35.481  63.120 0.8888890147
41966  -28.643  -35.178  61.923 0.7777780294
42836  -29.431  -34.496  61.024 0.7777780294
131024  -30.657  -33.383  61.491 0.7777780294
43686  -32.546  -32.961  62.446 0.3333329856
116639  -33.028  -33.312  60.772 0.6666669846
43710  -33.540  -33.364  60.112 0.6666669846
43725  -34.437  -33.807  58.907 0.8888890147
43739  -35.189  -33.780  58.480 0.8888890147
42001  -37.911  -35.084  59.405 0.5555559993
42849  -38.660  -34.598  60.411 0.4444440007
43699  -39.368  -33.738  61.555 0.2222220004
42845  -30.665  -34.494  60.344 0.7777780294
43708  -31.428  -34.167  60.329 0.8888890147
43709  -32.258  -33.803  60.554 0.7777780294
42848  -32.986  -33.995  60.056 0.8888890147
43724  -33.703  -33.937  59.452 0.8888890147
42875  -34.704  -34.524  58.554 0.8888890147
42876  -36.350  -34.319  58.276 0.8888890147
42860  -37.999  -34.300  59.151 0.5555559993
43727  -38.518  -33.859  59.828 0.4444440007
42847  -32.169  -34.461  59.845 0.8888890147
119864  -32.899  -35.574  59.233 0.8888890147
119863  -33.070  -34.735  59.420 0.8888890147
42015  -34.215  -35.141  58.739 0.8888890147
43742  -37.432  -33.984  58.606 0.5555559993
39085  -20.962  -38.278  68.912 0.5555559993
40059  -21.693  -36.928  68.740 0.4444440007
40067  -21.480  -37.799  68.430 0.5555559993
39092  -21.778  -38.171  67.621 0.6666669846
41014  -22.641  -36.998  67.423 0.6666669846
42788  -33.534  -35.114  67.380 0.1111110002
41015  -23.311  -36.840  66.802 0.7777780294
41016  -23.402  -35.730  66.846 0.7777780294
43653  -30.692  -33.249  66.062 0.4444440007
43641  -31.153  -34.090  66.471 0.3333329856
43654  -31.458  -33.875  65.646 0.2222220004
42795  -31.968  -34.489  66.135 0.2222220004
43642  -32.958  -34.400  66.044 0.1111110002
44499  -40.301  -32.631  64.311 0.1111110002
126659  -40.443  -33.203  65.619 0.1111110002
41023  -25.068  -35.986  65.587 0.8888890147
44478  -30.975  -33.022  65.206 0.3333329856
43666  -31.758  -33.512  64.863 0.2222220004
43678  -40.173  -33.386  63.735 0.2222220004
41931  -26.300  -35.565  64.992 0.8888890147
41037  -27.309  -35.972  64.928 0.8888890147
41943  -27.587  -35.438  64.232 0.8888890147
136452  -30.396  -32.410  63.839 0.4444440007
44497  -31.223  -32.796  64.213 0.4444440007
118642  -32.002  -33.189  64.125 0.4444440007
137407  -34.958  -30.886  63.288 0.2222220004
44532  -40.031  -32.720  62.492 0.2222220004
44515  -40.104  -33.300  62.984 0.2222220004
41944  -28.268  -35.762  63.884 0.8888890147
43674  -31.615  -32.910  63.397 0.5555559993
138231  -35.051  -30.938  61.814 0.5555559993
44546  -34.523  -31.790  61.497 0.5555559993
121662  -39.661  -32.892  61.758 0.2222220004
41951  -27.801  -34.752  62.995 0.8888890147
42829  -28.213  -34.347  62.347 0.7777780294
42835  -28.823  -34.400  61.599 0.7777780294
134263  -29.725  -33.434  61.568 0.7777780294
43683  -30.042  -32.951  62.296 0.7777780294
44555  -34.416  -31.919  60.307 0.6666669846
44583  -34.927  -33.026  58.888 0.8888890147
43740  -35.988  -33.751  58.297 0.8888890147
43713  -39.203  -33.049  61.013 0.2222220004
43712  -38.793  -33.215  60.357 0.4444440007
43693  -28.587  -33.610  62.066 0.7777780294
44567  -35.342  -32.276  58.799 0.7777780294
44584  -36.450  -33.039  58.358 0.8888890147
43726  -37.982  -33.475  59.024 0.5555559993
40048  -20.853  -37.048  70.013 0.4444440007
40999  -22.027  -36.280  69.132 0.4444440007
121588  -22.746  -36.107  67.524 0.5555559993
43631  -30.898  -34.181  67.216 0.1111110002
42775  -32.225  -35.061  67.907 0.1111110002
133020  -22.848  -35.214  67.687 0.6666669846
42786  -31.781  -34.700  67.064 0.2222220004
127915  -30.149  -32.592  65.580 0.3333329856
45277  -40.349  -31.760  64.104 0.1111110002
41912  -23.853  -35.054  66.560 0.7777780294
41920  -24.600  -34.914  65.996 0.8888890147
44516  -40.208  -32.462  63.359 0.2222220004
41921  -25.425  -35.246  65.332 0.8888890147
136208  -26.782  -34.978  64.540 0.8888890147
44496  -30.302  -32.445  64.664 0.4444440007
42817  -27.274  -34.372  63.784 0.8888890147
140493  -27.769  -35.221  63.597 0.8888890147
129984  -29.828  -32.446  63.142 0.6666669846
46132  -34.827  -30.604  62.583 0.4444440007
44547  -39.409  -32.192  61.247 0.2222220004
44533  -39.909  -32.060  61.975 0.2222220004
136560  -40.116  -31.994  62.682 0.1111110002
42823  -27.632  -34.050  62.949 0.7777780294
128498  -29.130  -33.156  62.031 0.7777780294
136802  -34.917  -30.726  61.132 0.6666669846
44566  -34.748  -32.221  59.355 0.7777780294
44556  -38.777  -32.373  60.470 0.5555559993
46151  -34.746  -30.782  60.298 0.7777780294
45321  -34.730  -31.410  59.795 0.7777780294
130483  -36.064  -32.272  58.504 0.8888890147
44568  -37.750  -32.601  59.036 0.7777780294
44569  -38.362  -32.931  59.727 0.5555559993
44585  -36.920  -32.259  58.597 0.8888890147
45350  -36.393  -31.603  58.601 0.8888890147
138678  -22.935  -35.426  69.646 0.3333329856
41000  -22.540  -35.825  69.070 0.5555559993
41904  -23.029  -35.174  68.833 0.3333329856
41007  -22.562  -35.700  68.230 0.5555559993
43630  -30.303  -33.787  67.733 0.2222220004
117826  -31.909  -35.025  68.751 0.1111110002
42784  -23.344  -34.560  68.078 0.3333329856
42785  -23.898  -34.093  67.571 0.2222220004
44462  -29.920  -32.846  66.424 0.2222220004
43640  -30.412  -33.524  66.888 0.2222220004
128333  -23.420  -34.752  67.181 0.5555559993
42794  -24.070  -34.337  66.717 0.5555559993
134458  -29.463  -32.375  65.908 0.3333329856
136720  -24.711  -33.892  66.198 0.6666669846
44477  -29.306  -32.138  65.017 0.5555559993
42804  -25.188  -34.235  65.452 0.8888890147
126570  -25.777  -33.662  65.009 0.8888890147
137898  -28.030  -31.986  64.221 0.7777780294
128965  -29.604  -32.133  63.975 0.6666669846
47007  -33.544  -29.268  62.958 0.4444440007
42816  -26.503  -33.965  64.508 0.8888890147
43665  -26.986  -33.234  64.113 0.7777780294
44508  -27.550  -32.515  63.901 0.7777780294
44509  -28.187  -32.362  63.484 0.7777780294
44528  -29.208  -32.638  62.582 0.7777780294
123813  -33.653  -29.545  62.142 0.4444440007
47008  -34.312  -29.925  62.742 0.4444440007
43673  -27.448  -33.347  63.369 0.8888890147
43682  -27.918  -33.454  62.657 0.7777780294
44527  -28.452  -32.818  62.634 0.7777780294
47018  -33.593  -29.706  61.241 0.5555559993
46142  -34.548  -30.280  61.768 0.5555559993
45305  -39.677  -31.221  61.488 0.2222220004
120711  -40.066  -31.273  62.390 0.1111110002
47017  -32.696  -29.101  60.817 0.6666669846
47025  -33.449  -29.676  60.287 0.6666669846
46150  -34.132  -30.143  59.803 0.7777780294
46162  -34.734  -30.643  59.331 0.7777780294
45338  -37.517  -31.732  59.194 0.7777780294
123745  -38.123  -32.069  59.783 0.5555559993
134725  -38.494  -31.622  60.257 0.5555559993
47045  -32.995  -29.089  59.039 0.7777780294
47035  -33.450  -29.565  59.407 0.7777780294
46161  -34.091  -29.945  59.036 0.7777780294
46163  -35.143  -30.813  58.885 0.8888890147
45351  -36.944  -31.327  58.794 0.8888890147
45339  -37.987  -31.205  59.779 0.7777780294
45322  -38.638  -30.936  60.309 0.5555559993
45323  -39.055  -31.504  60.784 0.3333329856
46175  -34.750  -30.215  58.731 0.8888890147
46177  -36.393  -30.711  58.527 0.8888890147
140957  -37.436  -31.062  59.228 0.7777780294
42773  -23.628  -34.571  68.984 0.2222220004
42774  -24.026  -34.066  68.542 0.2222220004
42761  -24.754  -33.583  68.956 0.2222220004
43616  -24.547  -33.588  68.017 0.2222220004
116733  -28.867  -33.009  68.138 0.1111110002
43627  -25.189  -33.157  67.604 0.3333329856
43628  -25.862  -32.514  67.266 0.4444440007
139144  -27.203  -31.991  67.537 0.2222220004
119647  -27.575  -32.209  67.127 0.2222220004
44460  -28.148  -32.346  66.550 0.2222220004
44452  -29.452  -33.207  67.417 0.1111110002
43637  -24.525  -33.677  67.074 0.4444440007
43638  -25.235  -33.209  66.672 0.4444440007
43639  -25.929  -32.663  66.304 0.4444440007
44450  -26.695  -32.074  66.901 0.2222220004
44459  -27.370  -32.063  66.266 0.2222220004
44461  -29.044  -32.616  66.606 0.1111110002
43651  -25.384  -33.390  65.752 0.4444440007
44475  -27.362  -32.036  65.347 0.3333329856
117797  -28.682  -32.124  65.800 0.5555559993
47914  -32.914  -28.068  64.384 0.2222220004
120992  -33.607  -28.240  65.410 0.2222220004
136591  -26.671  -32.522  65.200 0.6666669846
121945  -27.948  -31.981  65.765 0.5555559993
47922  -32.932  -28.342  63.690 0.2222220004
43664  -26.432  -33.101  64.752 0.7777780294
44494  -27.668  -31.985  64.637 0.6666669846
47930  -32.142  -28.090  62.211 0.3333329856
47006  -33.053  -28.707  63.142 0.3333329856
126128  -32.356  -28.650  61.581 0.5555559993
138337  -32.970  -29.211  61.646 0.5555559993
47951  -32.160  -28.511  60.255 0.6666669846
46143  -39.596  -30.348  61.346 0.2222220004
47962  -32.237  -28.407  59.604 0.7777780294
46152  -38.910  -30.098  60.121 0.6666669846
46153  -39.237  -30.646  60.804 0.3333329856
47973  -33.140  -28.494  58.531 0.7777780294
47974  -33.967  -28.802  58.206 0.7777780294
47047  -34.325  -29.542  58.475 0.8888890147
117657  -36.075  -29.771  58.219 0.8888890147
129924  -36.970  -29.815  58.342 0.8888890147
47036  -37.671  -29.717  58.743 0.7777780294
46165  -38.356  -30.486  59.793 0.7777780294
122877  -32.514  -27.990  58.726 0.7777780294
47058  -34.795  -28.908  58.028 0.8888890147
48800  -32.834  -26.933  65.425 0.2222220004
49722  -32.632  -26.483  64.667 0.2222220004
48809  -32.722  -27.334  64.582 0.2222220004
49738  -32.253  -26.505  63.281 0.4444440007
48830  -32.208  -27.399  62.797 0.4444440007
138439  -32.004  -26.820  62.583 0.5555559993
49762  -31.519  -26.437  60.636 0.7777780294
128226  -31.624  -26.638  61.473 0.5555559993
47950  -31.677  -27.950  60.607 0.6666669846
129966  -31.522  -27.270  60.171 0.6666669846
47961  -31.796  -27.927  59.841 0.6666669846
49779  -31.525  -26.520  59.634 0.7777780294
131324  -31.730  -27.280  59.377 0.6666669846
48870  -32.157  -27.327  58.766 0.7777780294
50802  -31.933  -25.740  58.347 0.7777780294
49798  -32.355  -26.617  58.337 0.8888890147
48871  -32.924  -27.437  58.279 0.7777780294
47983  -33.758  -27.919  58.017 0.7777780294
47984  -34.454  -28.226  57.904 1.0000000000
47049  -36.664  -28.839  58.083 0.8888890147
47050  -37.843  -28.595  58.850 0.8888890147
49817  -32.997  -26.562  57.909 0.8888890147
48880  -33.683  -26.969  57.946 0.8888890147
47985  -35.215  -28.026  57.778 1.0000000000
47986  -36.155  -27.774  57.921 1.0000000000
140079  -36.763  -27.999  58.086 0.8888890147
47976  -37.373  -27.189  58.901 1.0000000000
48862  -37.618  -26.509  59.525 0.8888890147
128183  -33.023  -25.827  57.559 1.0000000000
49818  -33.504  -26.270  57.666 1.0000000000
49819  -34.191  -26.381  57.607 1.0000000000
48882  -35.489  -26.896  57.936 1.0000000000
48884  -36.698  -26.359  58.297 1.0000000000
48872  -37.007  -26.282  58.589 0.8888890147
50816  -33.773  -25.610  57.141 1.0000000000
119869  -35.040  -26.306  57.694 1.0000000000
49820  -35.794  -26.292  57.706 0.8888890147
49821  -36.457  -26.342  57.808 1.0000000000
49840  -35.336  -25.832  57.053 1.0000000000
49841  -36.098  -26.143  56.962 1.0000000000
49715  -32.670  -26.002  65.235 0.2222220004
50694  -32.663  -25.022  65.508 0.3333329856
49729  -32.513  -26.180  64.069 0.5555559993
50708  -32.578  -25.486  64.597 0.3333329856
118252  -32.407  -25.506  63.739 0.5555559993
49737  -31.827  -26.177  62.226 0.6666669846
50759  -31.754  -25.394  61.636 0.8888890147
50775  -31.619  -25.519  60.817 0.8888890147
50787  -31.525  -25.704  59.934 0.8888890147
51665  -31.658  -24.985  58.713 0.7777780294
50814  -32.473  -25.344  57.747 1.0000000000
48873  -37.324  -25.977  58.974 0.8888890147
50815  -33.096  -25.032  57.135 1.0000000000
134986  -34.635  -25.809  57.242 1.0000000000
130805  -36.758  -26.362  57.072 1.0000000000
49822  -37.170  -26.156  57.742 1.0000000000
49799  -37.419  -25.928  58.388 0.8888890147
49800  -37.997  -25.849  58.490 0.7777780294
51691  -33.785  -24.839  56.253 1.0000000000
138956  -35.681  -25.882  56.461 1.0000000000
49843  -38.125  -26.496  56.663 1.0000000000
49823  -38.098  -26.170  57.604 0.8888890147
49824  -39.014  -26.230  57.681 0.7777780294
50835  -36.003  -25.952  55.702 1.0000000000
117749  -36.765  -26.325  56.078 1.0000000000
119348  -38.061  -26.626  55.817 1.0000000000
131551  -31.950  -25.296  62.281 0.7777780294
51624  -32.470  -24.742  63.341 0.5555559993
122595  -32.250  -24.740  62.602 0.5555559993
51645  -31.759  -24.701  61.073 0.7777780294
51653  -31.631  -24.851  60.174 0.7777780294
136303  -31.543  -25.091  59.404 0.8888890147
51666  -31.717  -24.209  59.356 1.0000000000
128652  -32.006  -24.949  58.080 1.0000000000
51682  -32.512  -24.428  57.587 1.0000000000
50833  -34.590  -25.142  55.595 1.0000000000
50825  -35.224  -25.632  55.988 1.0000000000
49844  -39.109  -26.668  56.685 1.0000000000
51690  -33.701  -24.053  55.948 1.0000000000
49857  -36.715  -26.295  54.951 1.0000000000
116817  -37.521  -26.562  55.241 1.0000000000
49845  -39.817  -26.707  57.094 0.6666669846
51697  -34.288  -24.380  55.458 1.0000000000
51698  -34.876  -24.708  55.051 1.0000000000
50834  -35.375  -25.366  55.013 1.0000000000
50843  -36.131  -25.815  54.533 1.0000000000
49865  -37.305  -26.413  54.246 1.0000000000
49866  -38.083  -26.725  54.319 1.0000000000
48914  -38.920  -27.079  54.656 1.0000000000
122145  -39.705  -27.291  54.956 1.0000000000
49867  -38.793  -26.804  53.535 1.0000000000
51637  -32.680  -24.126  62.909 0.3333329856
51636  -32.387  -24.099  62.172 0.5555559993
51654  -31.796  -23.972  60.452 0.7777780294
52527  -32.576  -23.574  61.711 0.4444440007
52545  -32.201  -23.306  59.755 0.6666669846
52535  -32.452  -23.286  60.859 0.5555559993
52557  -32.204  -23.430  58.775 0.8888890147
53413  -32.801  -22.677  60.111 0.5555559993
51676  -32.004  -24.246  58.381 1.0000000000
52570  -32.369  -23.687  58.018 0.8888890147
51683  -33.150  -24.120  56.709 1.0000000000
140423  -33.098  -23.437  56.876 0.8888890147
125414  -34.234  -23.417  55.423 0.7777780294
48885  -40.706  -26.994  57.024 0.5555559993
52602  -34.857  -23.952  54.770 1.0000000000
51720  -35.649  -24.286  54.106 1.0000000000
50856  -36.564  -25.471  53.700 1.0000000000
49883  -37.149  -26.009  53.690 1.0000000000
49884  -37.822  -26.319  53.565 1.0000000000
48904  -40.325  -27.261  55.561 0.7777780294
121817  -40.771  -27.201  56.183 0.6666669846
48893  -41.432  -27.233  56.366 0.4444440007
51721  -36.211  -24.556  53.698 0.8888890147
51722  -36.918  -24.707  53.278 1.0000000000
48905  -41.198  -27.365  55.479 0.7777780294
122661  -41.877  -27.395  55.221 0.5555559993
48906  -42.434  -27.180  55.493 0.4444440007
48907  -43.089  -26.904  55.859 0.3333329856
50858  -38.381  -26.021  52.940 1.0000000000
49885  -39.754  -27.064  53.112 1.0000000000
48930  -40.316  -27.406  53.630 0.7777780294
48916  -41.514  -27.445  54.591 0.7777780294
48917  -42.281  -27.216  54.693 0.6666669846
49869  -43.544  -26.545  54.400 0.4444440007
49859  -43.783  -26.609  55.384 0.3333329856
49886  -40.635  -27.064  53.004 0.8888890147
49887  -41.536  -26.879  53.149 0.7777780294
48932  -41.981  -27.218  53.874 0.7777780294
49868  -42.758  -26.858  54.109 0.5555559993
52536  -33.115  -22.715  60.903 0.3333329856
53436  -32.707  -22.556  59.103 0.5555559993
53423  -33.209  -22.206  59.736 0.5555559993
52558  -32.690  -22.983  58.126 0.5555559993
52571  -32.772  -23.554  57.388 0.8888890147
53449  -33.237  -22.825  57.272 0.7777780294
123105  -33.956  -22.367  56.693 0.6666669846
52584  -33.527  -23.297  56.307 0.7777780294
53457  -34.107  -22.639  55.918 0.6666669846
53480  -34.923  -23.025  54.665 0.8888890147
53481  -35.693  -22.739  54.264 0.8888890147
52604  -36.157  -23.274  53.820 0.7777780294
52621  -36.553  -23.910  53.498 0.8888890147
53500  -36.864  -23.283  53.566 0.8888890147
52622  -37.391  -23.887  53.168 1.0000000000
50869  -38.214  -25.134  52.691 1.0000000000
49895  -39.265  -26.373  52.699 1.0000000000
49870  -44.283  -26.219  54.723 0.3333329856
135747  -38.748  -23.763  52.692 1.0000000000
51732  -38.966  -24.502  52.436 1.0000000000
50871  -39.756  -25.757  52.204 1.0000000000
50872  -40.589  -25.767  52.072 1.0000000000
49897  -41.057  -26.436  52.475 0.8888890147
49899  -42.859  -25.989  52.917 0.6666669846
49889  -43.255  -26.364  53.572 0.6666669846
130368  -39.526  -25.011  52.166 1.0000000000
51735  -41.985  -24.863  51.878 1.0000000000
50874  -42.429  -25.486  52.366 0.7777780294
53404  -33.718  -22.352  61.452 0.2222220004
54295  -33.756  -21.732  59.970 0.4444440007
53415  -34.016  -21.706  60.805 0.4444440007
54301  -33.466  -21.948  59.145 0.5555559993
54302  -34.315  -21.588  59.368 0.4444440007
53438  -34.087  -21.806  58.468 0.4444440007
53437  -33.288  -22.314  58.267 0.5555559993
53450  -33.963  -22.084  57.591 0.5555559993
54326  -34.581  -21.635  57.083 0.5555559993
54338  -34.578  -21.896  56.215 0.5555559993
53469  -34.723  -22.320  55.331 0.5555559993
54349  -35.529  -21.662  55.160 0.5555559993
53470  -35.304  -22.332  54.728 0.6666669846
140931  -36.623  -21.810  54.509 0.5555559993
53482  -36.736  -22.461  54.037 0.6666669846
53483  -37.951  -22.295  54.075 0.5555559993
53501  -37.635  -23.008  53.561 0.8888890147
53514  -39.639  -22.671  52.608 1.0000000000
117336  -39.808  -24.293  52.089 1.0000000000
51750  -40.629  -24.164  51.777 1.0000000000
51751  -41.534  -24.113  51.611 1.0000000000
51736  -42.891  -24.767  52.085 1.0000000000
52653  -42.112  -23.382  51.563 1.0000000000
51752  -42.486  -24.119  51.684 1.0000000000
54303  -35.038  -21.100  59.704 0.3333329856
54312  -35.071  -21.465  58.681 0.4444440007
55217  -35.781  -20.647  60.033 0.2222220004
54327  -35.304  -21.147  57.609 0.3333329856
55230  -35.666  -21.118  59.217 0.3333329856
55218  -36.639  -20.571  59.680 0.2222220004
140658  -35.600  -20.819  57.076 0.3333329856
55231  -36.831  -20.943  58.919 0.3333329856
130874  -35.087  -21.519  55.784 0.5555559993
55268  -36.788  -20.601  57.074 0.3333329856
54339  -35.755  -20.985  55.827 0.5555559993
54350  -36.554  -21.209  55.071 0.5555559993
55281  -36.606  -20.662  56.092 0.3333329856
55282  -37.278  -20.778  55.689 0.3333329856
54364  -37.282  -21.684  54.505 0.5555559993
53502  -38.538  -22.734  53.537 0.7777780294
53503  -39.200  -22.380  53.349 1.0000000000
54403  -39.559  -21.947  52.971 1.0000000000
52636  -40.153  -23.389  52.061 1.0000000000
52652  -41.080  -23.178  51.616 1.0000000000
54419  -40.495  -21.520  51.905 1.0000000000
53532  -41.112  -22.155  51.698 1.0000000000
141330  -42.598  -22.850  51.515 1.0000000000
127002  -42.533  -22.155  51.494 1.0000000000
53534  -43.317  -22.618  51.468 1.0000000000
56977  -40.619  -18.466  61.228 0.1111110002
56079  -41.940  -18.705  61.181 0.1111110002
56080  -42.585  -18.978  60.914 0.1111110002
123974  -37.272  -20.608  59.304 0.2222220004
55220  -38.767  -19.915  59.140 0.1111110002
56103  -40.256  -19.114  59.825 0.1111110002
56104  -41.290  -19.343  59.895 0.1111110002
138199  -38.187  -20.401  58.810 0.2222220004
55221  -39.670  -19.632  59.222 0.1111110002
55233  -39.481  -20.131  58.528 0.1111110002
55222  -40.591  -19.889  58.838 0.2222220004
55250  -37.777  -20.715  57.539 0.3333329856
55251  -38.663  -20.678  57.439 0.2222220004
55252  -39.348  -20.589  57.766 0.1111110002
55270  -38.392  -20.727  56.730 0.2222220004
55283  -38.087  -20.804  55.881 0.2222220004
54352  -38.690  -21.202  55.294 0.2222220004
54353  -39.614  -21.135  55.367 0.2222220004
54365  -38.331  -21.648  54.619 0.4444440007
54366  -39.274  -21.503  54.647 0.3333329856
53484  -38.906  -22.065  54.053 0.4444440007
53485  -39.595  -21.555  53.765 0.5555559993
130192  -40.072  -20.903  52.228 0.8888890147
54404  -39.990  -21.785  52.474 1.0000000000
55327  -40.572  -20.553  51.632 1.0000000000
55328  -41.559  -20.574  51.263 0.8888890147
55329  -42.665  -20.631  51.091 0.8888890147
55330  -43.679  -20.635  51.066 1.0000000000
55331  -44.591  -20.537  51.158 0.7777780294
56093  -42.198  -19.270  60.354 0.1111110002
56105  -42.068  -19.845  59.634 0.2222220004
55223  -42.345  -20.356  58.969 0.2222220004
118562  -40.049  -20.469  58.092 0.2222220004
117378  -40.801  -20.701  57.909 0.2222220004
55271  -39.354  -20.856  56.908 0.2222220004
55253  -40.102  -20.848  57.420 0.2222220004
54328  -40.921  -21.082  57.044 0.2222220004
54341  -39.872  -20.994  56.121 0.2222220004
55272  -40.184  -21.016  56.750 0.2222220004
54367  -40.021  -21.102  54.701 0.3333329856
55302  -40.096  -20.702  54.169 0.5555559993
135968  -39.841  -20.818  53.314 0.7777780294
55301  -39.867  -20.425  52.641 0.7777780294
55317  -39.995  -20.061  51.985 0.8888890147
124438  -40.964  -19.791  51.166 0.8888890147
118669  -42.016  -19.706  50.750 0.8888890147
56186  -43.171  -19.885  50.712 0.8888890147
56187  -44.112  -19.882  50.791 0.8888890147
56188  -44.963  -19.763  51.038 0.8888890147
56201  -44.512  -19.166  50.615 0.8888890147
57076  -46.108  -18.784  51.236 0.8888890147
54342  -40.635  -20.984  56.211 0.2222220004
55285  -41.532  -20.319  55.724 0.2222220004
55284  -40.988  -20.639  55.625 0.2222220004
55292  -41.158  -20.089  55.277 0.3333329856
56151  -41.197  -19.396  55.221 0.3333329856
54354  -40.358  -20.938  55.473 0.3333329856
55291  -40.566  -20.539  54.988 0.3333329856
56150  -40.547  -19.897  54.583 0.3333329856
121724  -40.524  -18.987  54.727 0.4444440007
57040  -41.032  -18.478  55.102 0.3333329856
56157  -39.981  -19.946  53.475 0.4444440007
57046  -39.939  -18.907  53.248 0.4444440007
57061  -40.014  -18.695  52.451 0.4444440007
56184  -40.368  -19.743  51.607 0.7777780294
56185  -41.245  -18.984  50.873 0.7777780294
133335  -41.959  -18.852  50.523 0.8888890147
57092  -43.267  -18.430  50.181 0.8888890147
57096  -46.325  -18.012  51.054 0.8888890147
133364  -43.718  -17.845  50.100 0.8888890147
58005  -44.485  -17.640  50.256 0.8888890147
57095  -45.627  -18.294  50.829 0.8888890147
58877  -44.528  -16.677  50.238 0.8888890147
57039  -40.397  -18.223  54.478 0.4444440007
57967  -40.880  -17.533  54.828 0.3333329856
57047  -40.097  -18.149  53.731 0.3333329856
57971  -40.202  -17.342  53.117 0.6666669846
57989  -40.324  -17.575  51.580 0.7777780294
57074  -40.684  -18.250  51.104 0.7777780294
57075  -41.473  -18.184  50.610 0.8888890147
58003  -41.888  -17.415  50.466 0.8888890147
57097  -47.055  -17.612  51.123 0.8888890147
58004  -42.939  -17.455  50.203 0.8888890147
58876  -43.229  -16.483  50.354 0.8888890147
58878  -45.199  -16.987  50.386 0.8888890147
58007  -46.392  -17.257  50.675 0.8888890147
58887  -45.215  -16.129  50.065 0.8888890147
59708  -45.602  -15.441  49.435 0.8888890147
60542  -45.805  -14.197  48.688 0.8888890147
61486  -45.940  -13.449  48.422 0.8888890147
61497  -46.628  -13.330  47.907 0.8888890147
62514  -48.126  -12.461  46.686 0.8888890147
120241  -49.153  -13.048  46.514 0.8888890147
58849  -40.504  -16.465  52.665 0.5555559993
128237  -40.256  -17.138  52.258 0.7777780294
58860  -40.735  -16.656  51.662 0.6666669846
58874  -41.526  -16.666  50.945 0.8888890147
58861  -41.455  -15.979  51.503 0.7777780294
58875  -42.378  -16.651  50.543 0.8888890147
59698  -42.676  -15.852  50.715 0.8888890147
133610  -44.355  -15.918  50.169 0.8888890147
60523  -43.474  -14.504  50.208 0.8888890147
140997  -43.824  -13.860  49.761 0.8888890147
60530  -44.280  -14.539  49.682 0.8888890147
60531  -45.191  -14.564  49.201 0.8888890147
61468  -44.496  -13.726  49.371 0.8888890147
61485  -45.239  -13.583  48.889 0.8888890147
127709  -45.386  -12.798  48.694 0.8888890147
62493  -46.049  -12.432  48.288 0.8888890147
62500  -46.848  -12.445  47.619 0.8888890147
63499  -47.295  -11.559  47.479 0.8888890147
63511  -47.850  -11.869  46.935 0.8888890147
62515  -48.731  -12.522  46.310 0.8888890147
63513  -48.898  -11.999  45.885 0.8888890147
62516  -49.519  -12.543  46.083 0.8888890147
62533  -50.399  -12.195  45.731 0.7777780294
119910  -50.352  -12.905  46.279 0.7777780294
61514  -50.775  -13.644  46.605 0.6666669846
60576  -51.446  -14.255  46.842 0.6666669846
62517  -51.129  -12.897  46.219 0.6666669846
58850  -41.056  -15.856  52.284 0.5555559993
59677  -41.295  -15.201  52.663 0.5555559993
59686  -41.571  -15.232  51.976 0.5555559993
60510  -42.146  -14.647  51.658 0.6666669846
59687  -42.088  -15.440  51.246 0.6666669846
60522  -42.702  -14.845  50.847 0.6666669846
136655  -42.893  -13.979  50.603 0.8888890147
60529  -43.347  -13.572  50.191 0.8888890147
61484  -44.656  -12.712  49.235 0.8888890147
62492  -45.231  -11.997  48.872 0.7777780294
63490  -45.853  -11.447  48.645 0.8888890147
63498  -46.537  -11.614  48.079 0.8888890147
64489  -46.900  -10.857  48.117 0.8888890147
64490  -47.550  -10.572  47.665 0.8888890147
63500  -47.998  -11.129  47.084 0.8888890147
64491  -48.192  -10.280  47.265 0.8888890147
64502  -48.544  -10.758  46.588 0.8888890147
63520  -48.914  -11.272  45.866 0.8888890147
62532  -49.488  -11.730  45.605 0.8888890147
60492  -41.514  -14.907  53.348 0.5555559993
60502  -41.789  -14.605  52.496 0.5555559993
61446  -42.369  -13.967  52.114 0.5555559993
61459  -42.568  -13.955  51.250 0.5555559993
62455  -43.245  -12.687  51.128 0.5555559993
62465  -43.478  -12.820  50.361 0.5555559993
63478  -44.428  -11.613  50.319 0.4444440007
62476  -43.884  -13.139  49.718 0.7777780294
128193  -44.082  -12.322  49.918 0.6666669846
62477  -44.708  -11.755  49.579 0.6666669846
128678  -45.575  -10.554  49.786 0.6666669846
63489  -45.311  -11.192  49.307 0.7777780294
64476  -46.561  -10.398  48.784 0.7777780294
120984  -47.625  -9.409  48.859 0.4444440007
65413  -48.428  -8.953  48.528 0.5555559993
64477  -47.239  -10.113  48.415 0.7777780294
65423  -47.921  -9.697  47.926 0.5555559993
117647  -48.480  -9.275  47.769 0.5555559993
65425  -48.716  -9.239  47.193 0.5555559993
65431  -48.641  -9.901  46.804 0.7777780294
64503  -49.068  -10.261  45.987 0.8888890147
63522  -51.004  -11.593  45.272 0.7777780294
61535  -52.009  -12.968  46.113 0.6666669846
61423  -44.890  -13.455  54.470 0.3333329856
61441  -42.202  -14.056  53.033 0.5555559993
61432  -43.412  -13.372  53.744 0.4444440007
61442  -42.710  -13.408  52.475 0.5555559993
61447  -42.776  -13.286  51.605 0.5555559993
62466  -43.856  -12.170  50.687 0.5555559993
63466  -44.821  -11.044  50.716 0.4444440007
64460  -45.383  -10.568  50.491 0.4444440007
63479  -44.925  -11.010  49.992 0.4444440007
64470  -46.272  -10.144  49.559 0.3333329856
65399  -47.547  -8.945  50.353 0.1111110002
66271  -48.541  -8.449  50.176 0.1111110002
65404  -46.934  -9.768  49.216 0.4444440007
65405  -47.353  -9.261  49.622 0.2222220004
65406  -47.964  -8.772  49.491 0.2222220004
66291  -49.329  -8.395  48.679 0.4444440007
66292  -50.079  -8.003  49.285 0.4444440007
66290  -48.927  -8.800  47.834 0.5555559993
66300  -49.530  -8.311  47.818 0.5555559993
67159  -49.574  -7.974  47.098 0.5555559993
66304  -49.348  -8.393  46.313 0.5555559993
65432  -49.041  -9.289  46.383 0.5555559993
138705  -49.261  -9.647  45.790 0.5555559993
64512  -49.998  -10.585  44.712 0.8888890147
64511  -49.451  -10.897  45.326 0.8888890147
63534  -50.619  -11.015  44.741 0.7777780294
62534  -51.486  -12.293  45.730 0.6666669846
125746  -52.400  -12.374  45.691 0.6666669846
61536  -52.880  -13.043  46.086 0.6666669846
61426  -48.356  -13.224  55.171 0.1111110002
62424  -47.196  -12.852  54.313 0.1111110002
61422  -44.072  -13.479  54.331 0.4444440007
61434  -45.394  -12.946  54.009 0.3333329856
62437  -46.865  -12.394  53.664 0.1111110002
61433  -44.311  -13.020  53.788 0.2222220004
62435  -44.839  -12.320  53.260 0.1111110002
62436  -45.947  -12.386  53.535 0.1111110002
62434  -43.828  -12.620  53.027 0.4444440007
62449  -44.159  -12.173  52.401 0.3333329856
63436  -45.567  -11.775  52.952 0.2222220004
63447  -46.043  -11.258  52.522 0.2222220004
62448  -43.278  -12.710  52.114 0.4444440007
63446  -45.229  -11.360  52.250 0.4444440007
64449  -45.614  -10.860  51.795 0.2222220004
64441  -46.392  -10.650  52.075 0.3333329856
62456  -43.844  -12.140  51.507 0.4444440007
63465  -44.339  -11.576  51.079 0.4444440007
64450  -45.975  -10.291  51.183 0.4444440007
138868  -46.727  -10.140  51.624 0.2222220004
65388  -47.732  -9.185  51.225 0.2222220004
66262  -49.022  -8.623  51.021 0.2222220004
66273  -50.383  -8.253  50.617 0.1111110002
66274  -51.280  -8.156  50.885 0.1111110002
67139  -52.658  -7.287  50.467 0.1111110002
64461  -46.074  -10.055  50.328 0.3333329856
65387  -46.793  -9.579  50.916 0.2222220004
66261  -48.213  -8.722  50.882 0.1111110002
67137  -50.792  -7.726  49.969 0.2222220004
67145  -52.309  -7.010  49.733 0.1111110002
140553  -52.693  -6.656  49.288 0.1111110002
66272  -49.535  -8.341  50.450 0.1111110002
66279  -50.015  -8.039  50.028 0.1111110002
67158  -52.082  -6.853  48.959 0.2222220004
66301  -50.063  -7.960  48.430 0.4444440007
116688  -50.584  -7.465  48.076 0.4444440007
65443  -49.918  -9.780  44.330 0.8888890147
66308  -49.667  -9.021  44.758 0.7777780294
67165  -49.577  -8.035  45.400 0.5555559993
65438  -49.492  -9.938  45.141 0.8888890147
65445  -50.809  -10.363  44.079 0.7777780294
63535  -51.443  -11.133  44.703 0.7777780294
63523  -51.927  -11.724  45.284 0.6666669846
62535  -53.255  -12.389  45.682 0.6666669846
61427  -49.218  -13.109  55.294 0.1111110002
62425  -47.994  -12.692  54.542 0.1111110002
62426  -48.808  -12.612  54.670 0.1111110002
62427  -49.559  -12.441  54.789 0.1111110002
62439  -48.480  -12.159  54.037 0.1111110002
63438  -47.328  -11.719  53.287 0.1111110002
63439  -48.171  -11.619  53.440 0.1111110002
63437  -46.463  -11.775  53.150 0.1111110002
63449  -47.761  -11.086  52.821 0.1111110002
63448  -46.897  -11.180  52.700 0.1111110002
64443  -48.057  -10.436  52.341 0.1111110002
140939  -48.731  -10.263  52.398 0.1111110002
65384  -50.665  -9.528  52.464 0.1111110002
64442  -47.219  -10.535  52.253 0.1111110002
64451  -47.449  -9.894  51.735 0.2222220004
65382  -49.074  -9.666  52.136 0.1111110002
65392  -51.113  -9.103  52.084 0.1111110002
66265  -52.511  -8.377  51.811 0.1111110002
65390  -49.485  -9.016  51.761 0.1111110002
66263  -49.931  -8.609  51.181 0.2222220004
123850  -51.823  -8.457  51.431 0.1111110002
67129  -53.020  -7.649  51.193 0.1111110002
67141  -54.056  -6.835  50.784 0.1111110002
67973  -54.648  -6.637  50.550 0.1111110002
67972  -54.029  -6.665  50.167 0.1111110002
67997  -51.961  -6.340  47.327 0.1111110002
118702  -52.751  -6.311  47.837 0.1111110002
67991  -52.707  -6.500  48.633 0.1111110002
67163  -49.776  -7.035  45.745 0.4444440007
68000  -50.372  -6.677  46.543 0.3333329856
67996  -51.052  -6.778  47.559 0.3333329856
67166  -49.825  -7.116  44.893 0.5555559993
67162  -49.686  -7.507  46.415 0.5555559993
127818  -49.923  -9.052  44.084 0.8888890147
131748  -52.784  -11.788  45.309 0.6666669846
134817  -49.119  -12.082  54.268 0.1111110002
63431  -50.669  -11.470  54.579 0.1111110002
63440  -48.988  -11.589  53.666 0.1111110002
64431  -51.062  -10.895  54.310 0.1111110002
64432  -51.712  -10.653  54.491 0.1111110002
63450  -48.695  -10.917  52.942 0.1111110002
64437  -50.442  -10.831  53.762 0.1111110002
64438  -51.191  -10.288  53.769 0.1111110002
64444  -50.228  -10.240  52.946 0.1111110002
64445  -50.961  -9.906  53.034 0.1111110002
66250  -52.206  -8.951  52.793 0.1111110002
65385  -51.385  -9.339  52.591 0.1111110002
67115  -53.765  -7.737  52.991 0.1111110002
66257  -51.759  -8.913  51.973 0.1111110002
66266  -53.399  -7.793  51.978 0.1111110002
67954  -56.014  -6.599  52.060 0.1111110002
67965  -55.743  -6.387  51.231 0.1111110002
67130  -53.780  -7.216  51.315 0.1111110002
67131  -54.491  -6.800  51.262 0.1111110002
67993  -54.490  -5.976  48.481 0.1111110002
67994  -54.998  -6.156  49.151 0.1111110002
65447  -51.009  -9.488  43.546 0.8888890147
64521  -51.984  -10.719  44.107 0.7777780294
64533  -51.727  -10.003  43.593 0.7777780294
67122  -55.355  -6.965  52.597 0.1111110002
64534  -52.623  -10.226  43.659 0.7777780294
115963  -10.252  -51.385  79.799 0.2222220004
132211  -11.281  -50.846  80.026 0.3333329856
115111  -9.097  -52.280  78.665 0.2222220004
115733  -16.794  -48.716  74.811 0.6666669846
30306  -18.351  -48.311  75.341 0.5555559993
30322  -18.906  -47.818  74.917 0.4444440007
132152  -15.371  -47.938  74.038 0.7777780294
127721  -20.420  -47.701  74.276 0.4444440007
132455  -17.500  -48.172  72.962 0.7777780294
31235  -19.467  -47.177  72.156 0.6666669846
31219  -20.603  -47.450  73.636 0.4444440007
121958  -7.376  -49.132  77.122 0.1111110002
129849  -7.425  -50.174  76.043 0.1111110002
137823  -7.651  -48.962  77.519 0.2222220004
30282  -7.529  -48.413  77.589 0.2222220004
132105  -10.790  -49.398  77.108 0.6666669846
123020  -7.711  -48.614  75.370 0.1111110002
30303  -7.674  -47.953  75.985 0.1111110002
32080  -22.125  -46.425  72.813 0.6666669846
31171  -7.514  -47.504  77.563 0.2222220004
30320  -8.042  -48.472  74.425 0.1111110002
30293  -13.939  -48.273  75.519 0.8888890147
116479  -15.114  -47.961  73.779 0.8888890147
132194  -16.389  -47.838  72.730 0.7777780294
132347  -17.073  -46.544  71.888 0.8888890147
32957  -21.373  -45.638  71.377 0.6666669846
32970  -19.979  -45.234  70.244 0.7777780294
33873  -21.687  -44.844  71.158 0.5555559993
31172  -9.283  -47.977  78.312 0.3333329856
31185  -14.805  -47.100  76.577 0.4444440007
31211  -14.792  -47.550  74.260 0.7777780294
32055  -15.242  -46.711  73.972 0.7777780294
32953  -17.316  -45.342  71.101 0.8888890147
130711  -20.930  -43.954  70.372 0.6666669846
32900  -15.256  -45.672  76.730 0.1111110002
33831  -15.397  -44.852  75.293 0.1111110002
33821  -15.307  -44.861  76.339 0.1111110002
32923  -15.722  -44.978  74.252 0.4444440007
32941  -16.377  -45.488  72.315 0.6666669846
32952  -16.756  -45.693  71.736 0.8888890147
33871  -17.443  -44.476  71.014 0.8888890147
33884  -19.639  -44.548  69.920 0.8888890147
34763  -19.545  -43.707  70.040 0.8888890147
34777  -20.982  -42.598  69.706 0.7777780294
135403  -15.965  -44.051  73.702 0.4444440007
119122  -19.613  -42.639  70.311 0.7777780294
35659  -22.872  -42.006  68.676 0.6666669846
36449  -22.292  -41.987  67.887 0.6666669846
36460  -24.494  -41.474  67.471 0.6666669846
34703  -15.842  -43.360  75.453 0.1111110002
33850  -16.615  -43.786  72.974 0.4444440007
34753  -17.767  -43.745  71.293 0.7777780294
35644  -19.956  -41.760  69.963 0.7777780294
36459  -22.926  -41.674  67.144 0.6666669846
37286  -24.909  -41.299  66.611 0.7777780294
37260  -24.680  -41.123  68.427 0.6666669846
35573  -16.803  -42.204  75.444 0.1111110002
35572  -16.179  -42.759  75.217 0.1111110002
126156  -16.673  -42.377  73.297 0.4444440007
36406  -17.718  -41.660  72.566 0.4444440007
36416  -18.195  -41.695  71.930 0.5555559993
126582  -20.975  -41.188  68.089 0.7777780294
37271  -22.633  -41.016  66.770 0.8888890147
37284  -23.239  -40.603  66.171 0.8888890147
39093  -26.918  -38.793  67.913 0.6666669846
41049  -37.443  -36.098  64.357 0.3333329856
41960  -38.533  -36.131  62.157 0.3333329856
41078  -38.393  -36.996  61.630 0.4444440007
41095  -37.006  -36.600  59.658 0.4444440007
41097  -38.379  -36.513  60.805 0.4444440007
36370  -17.490  -41.640  75.997 0.1111110002
37231  -19.081  -40.611  70.474 0.7777780294
37247  -19.951  -40.398  69.166 0.6666669846
37258  -20.569  -40.689  68.422 0.7777780294
41935  -39.708  -35.921  65.331 0.1111110002
141238  -40.089  -35.203  64.431 0.2222220004
42018  -36.524  -35.039  58.384 0.7777780294
139731  -33.201  -36.065  59.152 0.8888890147
41998  -33.732  -35.712  59.037 0.8888890147
42000  -35.277  -35.824  58.745 0.7777780294
37172  -17.709  -40.616  73.903 0.1111110002
37197  -18.232  -40.000  72.481 0.3333329856
38157  -18.509  -39.608  71.768 0.3333329856
39103  -22.231  -38.833  66.923 0.7777780294
40076  -27.814  -37.695  66.863 0.6666669846
42819  -40.322  -34.195  65.357 0.2222220004
42824  -39.953  -34.977  63.859 0.2222220004
126834  -26.775  -36.310  65.197 0.8888890147
40134  -29.342  -36.389  62.656 0.8888890147
136062  -29.936  -36.695  62.392 0.8888890147
128474  -29.056  -35.927  61.671 0.8888890147
41075  -29.573  -36.394  61.762 0.8888890147
41981  -29.679  -35.265  60.721 0.7777780294
41967  -29.129  -35.247  61.257 0.7777780294
42859  -37.374  -34.761  58.751 0.5555559993
41982  -30.311  -35.188  60.319 0.8888890147
42844  -29.973  -34.620  60.591 0.7777780294
41996  -31.438  -35.443  59.642 0.8888890147
42016  -34.964  -35.197  58.473 0.8888890147
39078  -20.028  -38.519  69.947 0.4444440007
39077  -19.548  -38.359  70.717 0.3333329856
40068  -21.970  -37.291  67.901 0.5555559993
122331  -24.304  -35.854  66.186 0.8888890147
124462  -31.680  -33.151  61.925 0.5555559993
43685  -31.878  -32.988  62.761 0.4444440007
44529  -33.964  -32.419  62.942 0.1111110002
44512  -33.732  -32.723  63.830 0.2222220004
43676  -33.091  -32.873  63.391 0.3333329856
43696  -32.365  -33.249  61.371 0.4444440007
43697  -33.202  -32.862  61.636 0.3333329856
44530  -34.550  -31.969  62.893 0.4444440007
131538  -34.473  -32.067  62.306 0.4444440007
41959  -28.299  -35.144  62.548 0.7777780294
43694  -29.227  -33.792  61.464 0.7777780294
43695  -31.505  -33.564  61.007 0.8888890147
121343  -30.789  -33.858  60.728 0.8888890147
44554  -33.785  -32.553  60.811 0.6666669846
43711  -34.237  -32.973  59.650 0.8888890147
122958  -35.610  -34.577  58.296 0.8888890147
139814  -38.318  -34.604  59.753 0.5555559993
43698  -38.986  -33.851  60.723 0.3333329856
42858  -33.961  -34.589  58.973 0.8888890147
43741  -36.752  -33.777  58.320 0.7777780294
123659  -37.268  -33.181  58.524 0.7777780294
40057  -20.614  -37.903  69.641 0.4444440007
41006  -22.239  -36.414  68.279 0.5555559993
42787  -32.743  -35.138  67.217 0.1111110002
117727  -33.296  -34.899  66.666 0.2222220004
135015  -32.562  -34.831  66.596 0.1111110002
43655  -32.218  -34.069  65.387 0.2222220004
42789  -34.035  -34.737  66.754 0.1111110002
44511  -30.782  -32.718  63.216 0.5555559993
45282  -34.856  -31.304  63.239 0.2222220004
45293  -34.953  -31.089  62.629 0.3333329856
139453  -34.896  -31.275  61.640 0.5555559993
45292  -34.808  -31.500  62.218 0.3333329856
43707  -29.983  -33.925  60.901 0.7777780294
121404  -34.882  -31.180  60.963 0.6666669846
128393  -35.654  -33.028  58.498 0.8888890147
45270  -40.518  -31.999  64.907 0.1111110002
42805  -25.879  -34.576  64.893 0.8888890147
46125  -34.693  -30.287  63.405 0.3333329856
44526  -27.815  -32.838  63.099 0.7777780294
45337  -35.088  -31.500  59.124 0.7777780294
45349  -35.669  -31.389  58.671 0.8888890147
43620  -31.177  -34.477  68.057 0.1111110002
44476  -28.214  -31.782  64.982 0.6666669846
44495  -28.694  -32.029  64.124 0.6666669846
46999  -34.116  -29.565  63.564 0.3333329856
46998  -33.459  -28.939  63.658 0.3333329856
44474  -27.073  -32.504  64.648 0.7777780294
44510  -28.951  -32.243  63.221 0.7777780294
46141  -34.336  -30.254  60.749 0.5555559993
47034  -32.738  -29.037  59.763 0.7777780294
47941  -32.071  -28.464  60.936 0.7777780294
47046  -33.589  -29.316  58.732 0.7777780294
46176  -35.488  -30.445  58.548 0.8888890147
46178  -37.235  -30.546  58.738 0.8888890147
46164  -37.843  -30.475  59.283 0.7777780294
133822  -25.182  -33.219  68.387 0.3333329856
44451  -28.444  -32.593  67.524 0.2222220004
44440  -26.676  -32.177  67.931 0.3333329856
43617  -25.769  -32.690  68.176 0.4444440007
44458  -26.657  -32.318  65.907 0.4444440007
43652  -26.045  -32.886  65.411 0.5555559993
48820  -32.547  -27.557  63.702 0.2222220004
47923  -33.335  -28.566  64.175 0.2222220004
48810  -33.068  -27.852  65.127 0.2222220004
121394  -32.828  -28.847  62.395 0.3333329856
118764  -32.579  -28.178  62.997 0.3333329856
47940  -31.783  -27.990  61.410 0.6666669846
47972  -32.544  -28.550  59.082 0.6666669846
47037  -38.361  -29.644  59.398 0.7777780294
47048  -35.167  -29.663  58.297 0.8888890147
47059  -35.700  -28.883  57.919 0.8888890147
127179  -32.984  -26.833  66.257 0.2222220004
48829  -31.790  -27.221  61.983 0.5555559993
50801  -31.518  -25.766  59.079 0.7777780294
49797  -31.740  -26.549  58.878 0.7777780294
120191  -37.356  -29.081  58.395 0.8888890147
47975  -37.210  -28.180  58.354 0.8888890147
48881  -34.559  -27.234  57.877 1.0000000000
47987  -36.756  -27.040  58.385 1.0000000000
47963  -37.915  -27.748  59.384 0.8888890147
135894  -37.887  -26.996  60.160 0.7777780294
48883  -36.256  -26.655  58.085 0.8888890147
50743  -32.155  -25.492  62.938 0.7777780294
50760  -31.967  -24.686  61.877 0.7777780294
49839  -34.485  -25.488  56.469 1.0000000000
49842  -37.398  -26.456  56.452 1.0000000000
51625  -32.946  -24.066  63.608 0.3333329856
51646  -32.019  -23.994  61.373 0.6666669846
135662  -38.794  -26.845  55.688 1.0000000000
49858  -38.283  -26.801  55.100 1.0000000000
134438  -39.572  -27.043  55.750 1.0000000000
48892  -40.085  -26.993  56.387 0.8888890147
51705  -35.300  -24.589  54.566 1.0000000000
50842  -35.808  -25.074  54.181 1.0000000000
49864  -36.729  -26.085  54.151 1.0000000000
48929  -39.629  -27.372  54.005 1.0000000000
53414  -33.431  -22.205  60.497 0.3333329856
139965  -35.306  -24.088  54.402 1.0000000000
52603  -35.470  -23.575  54.224 1.0000000000
50857  -37.477  -25.547  53.183 1.0000000000
48894  -42.344  -27.104  56.406 0.5555559993
52620  -35.958  -23.895  53.791 0.8888890147
51731  -37.597  -24.728  52.956 1.0000000000
48915  -40.537  -27.466  54.563 0.8888890147
48918  -43.005  -26.926  54.965 0.4444440007
48931  -41.105  -27.411  53.745 0.7777780294
49896  -40.136  -26.542  52.444 1.0000000000
49898  -41.981  -26.220  52.688 0.7777780294
49888  -42.416  -26.652  53.336 0.6666669846
49890  -44.049  -26.001  53.867 0.5555559993
52634  -38.161  -24.237  52.754 1.0000000000
50870  -38.999  -25.494  52.484 1.0000000000
52623  -38.258  -23.460  53.103 0.8888890147
51733  -40.197  -25.011  51.917 1.0000000000
50873  -41.515  -25.636  52.171 0.8888890147
50875  -43.282  -25.313  52.587 0.7777780294
51734  -41.044  -24.935  51.803 1.0000000000
54296  -34.450  -21.308  60.253 0.3333329856
123335  -34.614  -21.625  57.879 0.4444440007
122011  -35.205  -21.121  56.588 0.5555559993
54363  -36.028  -21.993  54.569 0.6666669846
52624  -38.990  -23.100  52.967 1.0000000000
52635  -39.386  -23.601  52.451 1.0000000000
130865  -41.895  -22.586  51.625 1.0000000000
52654  -42.957  -23.414  51.580 1.0000000000
54297  -35.084  -20.781  60.564 0.2222220004
141447  -36.224  -20.957  59.254 0.3333329856
55248  -36.013  -21.002  58.476 0.3333329856
55212  -37.306  -19.876  60.191 0.2222220004
55267  -36.057  -20.716  57.495 0.3333329856
55249  -36.898  -20.852  58.075 0.3333329856
137241  -35.941  -20.645  56.673 0.5555559993
55269  -37.488  -20.651  56.501 0.2222220004
54351  -37.693  -21.151  55.135 0.2222220004
53515  -40.394  -22.444  52.042 1.0000000000
53533  -41.817  -21.915  51.632 1.0000000000
54421  -42.186  -21.377  51.423 0.8888890147
54422  -43.237  -21.586  51.289 1.0000000000
130715  -44.097  -22.734  51.593 1.0000000000
56092  -40.732  -18.737  60.531 0.1111110002
56990  -41.412  -18.727  60.823 0.1111110002
55213  -38.350  -19.598  60.069 0.2222220004
55219  -37.902  -20.280  59.329 0.2222220004
56102  -39.302  -19.258  59.953 0.1111110002
135771  -37.630  -20.711  58.616 0.2222220004
55232  -38.544  -20.488  58.252 0.1111110002
133602  -41.582  -19.962  59.119 0.2222220004
54340  -39.001  -20.899  56.050 0.2222220004
131793  -39.784  -21.246  52.833 1.0000000000
54420  -41.232  -21.347  51.576 1.0000000000
56172  -40.098  -19.259  51.901 0.7777780294
128353  -40.528  -19.077  51.376 0.7777780294
56200  -43.677  -19.217  50.406 0.8888890147
56199  -42.754  -19.093  50.408 0.8888890147
56189  -45.804  -19.592  51.314 0.8888890147
57093  -44.099  -18.498  50.250 0.8888890147
57094  -44.875  -18.425  50.514 0.8888890147
56202  -45.300  -19.013  50.954 0.8888890147
57030  -41.985  -18.911  55.548 0.3333329856
56158  -40.129  -18.989  54.098 0.4444440007
56171  -39.916  -19.552  52.537 0.6666669846
57970  -40.036  -18.181  52.995 0.4444440007
57062  -40.192  -18.439  51.741 0.7777780294
57990  -41.030  -17.425  51.002 0.7777780294
57091  -42.368  -18.249  50.313 0.8888890147
123791  -45.863  -17.716  50.729 0.8888890147
119028  -43.810  -17.078  50.113 0.8888890147
58006  -45.294  -17.725  50.533 0.8888890147
124580  -43.933  -16.330  50.255 0.8888890147
57978  -40.100  -17.874  52.342 0.7777780294
131147  -45.737  -17.250  50.539 0.8888890147
59707  -44.784  -15.325  49.751 0.8888890147
58862  -42.032  -16.114  50.973 0.7777780294
59699  -43.493  -15.606  50.385 0.8888890147
59700  -44.056  -15.212  50.052 0.8888890147
63512  -48.405  -11.725  46.437 0.8888890147
64475  -45.914  -10.720  49.066 0.8888890147
127363  -46.329  -10.980  48.508 0.8888890147
65424  -48.389  -9.674  47.393 0.6666669846
63521  -50.108  -11.329  45.207 0.7777780294
61460  -42.945  -13.321  50.811 0.6666669846
66277  -48.732  -8.531  49.310 0.3333329856
119596  -49.102  -8.622  47.085 0.5555559993
65398  -46.756  -9.531  50.026 0.2222220004
66278  -49.368  -8.262  49.657 0.2222220004
67156  -50.730  -7.594  48.949 0.3333329856
133031  -49.994  -7.836  47.750 0.4444440007
125376  -49.393  -9.062  45.609 0.6666669846
61435  -46.359  -12.955  54.149 0.2222220004
62438  -47.691  -12.272  53.838 0.1111110002
135926  -44.846  -11.794  52.608 0.4444440007
65389  -48.610  -9.096  51.525 0.2222220004
67138  -51.780  -7.524  50.265 0.1111110002
67146  -53.178  -6.699  49.860 0.1111110002
67144  -51.511  -7.303  49.406 0.2222220004
123520  -54.043  -6.387  49.296 0.1111110002
67157  -51.327  -7.116  48.506 0.3333329856
67990  -51.971  -6.644  48.125 0.1111110002
67160  -50.196  -7.357  47.261 0.4444440007
66309  -49.848  -8.133  44.286 0.8888890147
65444  -50.347  -9.511  43.851 0.8888890147
62428  -50.330  -12.221  54.964 0.1111110002
64452  -48.283  -9.759  51.905 0.2222220004
66264  -51.206  -8.706  51.567 0.1111110002
67964  -55.094  -6.586  51.010 0.1111110002
67974  -55.418  -6.381  50.372 0.1111110002
67980  -54.771  -6.466  49.841 0.1111110002
67992  -53.528  -6.202  48.403 0.1111110002
133579  -49.786  -11.621  54.219 0.1111110002
64436  -49.585  -10.943  53.331 0.1111110002
139318  -50.686  -10.326  53.344 0.1111110002
65378  -51.658  -9.589  53.339 0.1111110002
67121  -54.330  -7.122  52.188 0.1111110002
67967  -57.478  -6.227  51.813 0.1111110002
67966  -56.585  -6.248  51.524 0.1111110002
67975  -56.261  -6.050  50.674 0.1111110002
131740  -53.123  -11.274  45.005 0.6666669846
64522  -53.069  -10.736  44.410 0.5555559993
31157  -7.869  -47.585  78.538 0.1111110002
30276  -7.566  -47.925  78.077 0.1111110002
138578  -9.326  -47.554  78.722 0.2222220004
31158  -8.453  -47.438  78.905 0.1111110002
31143  -8.046  -46.872  79.464 0.1111110002
31159  -10.179  -47.498  78.363 0.4444440007
118471  -11.095  -47.643  77.606 0.5555559993
32019  -7.633  -46.477  77.831 0.1111110002
30285  -11.205  -48.188  77.072 0.6666669846
32030  -8.093  -46.252  76.441 0.1111110002
31183  -12.533  -48.099  76.681 0.6666669846
32043  -8.287  -46.645  75.662 0.1111110002
32031  -8.557  -46.349  75.867 0.1111110002
31144  -8.454  -46.879  79.691 0.1111110002
31145  -10.347  -47.116  79.240 0.3333329856
31992  -7.878  -46.409  79.898 0.1111110002
31160  -11.146  -47.243  78.439 0.3333329856
119795  -11.948  -47.455  77.820 0.6666669846
32010  -7.663  -46.064  79.518 0.1111110002
31173  -12.638  -47.610  77.286 0.5555559993
32886  -7.797  -45.612  78.209 0.1111110002
32898  -9.182  -46.004  76.631 0.1111110002
124175  -9.358  -45.997  75.676 0.1111110002
32912  -10.085  -45.626  75.149 0.1111110002
32003  -9.655  -46.919  80.058 0.2222220004
32002  -8.806  -46.679  80.323 0.1111110002
32011  -9.305  -47.195  79.353 0.1111110002
31146  -11.215  -47.174  79.491 0.2222220004
32873  -7.611  -45.378  79.872 0.1111110002
31161  -12.854  -47.396  78.173 0.4444440007
33781  -7.739  -44.662  79.298 0.1111110002
32888  -8.874  -45.399  77.795 0.1111110002
32001  -8.155  -46.477  80.210 0.1111110002
133754  -7.845  -46.074  80.403 0.1111110002
33782  -7.830  -44.381  79.819 0.1111110002
31147  -12.114  -47.279  78.824 0.4444440007
33793  -8.553  -44.385  78.816 0.1111110002
31174  -13.333  -47.439  77.597 0.4444440007
31175  -13.997  -47.426  77.484 0.4444440007
38195  -26.505  -39.371  68.450 0.5555559993
39172  -32.725  -38.367  62.349 0.5555559993
38268  -33.469  -38.763  62.650 0.6666669846
116951  -34.073  -38.796  62.143 0.6666669846
39190  -33.422  -38.450  61.689 0.7777780294
39191  -34.289  -38.624  61.424 0.7777780294
40151  -34.687  -38.082  60.780 0.7777780294
122297  -34.661  -37.546  60.118 0.7777780294
39189  -32.697  -38.098  61.597 0.6666669846
40150  -32.291  -37.706  61.017 0.7777780294
40163  -32.991  -37.848  60.254 0.7777780294
40174  -34.184  -37.160  59.606 0.7777780294
40135  -30.503  -37.097  62.541 0.7777780294
40119  -31.275  -37.623  62.526 0.7777780294
39171  -32.059  -37.908  61.975 0.6666669846
40148  -30.262  -36.782  61.758 0.7777780294
40149  -31.424  -37.444  61.473 0.7777780294
41092  -30.341  -36.376  60.709 0.6666669846
41093  -31.117  -36.672  60.322 0.7777780294
41107  -30.768  -35.879  60.079 0.7777780294
129454  -38.406  -28.721  59.464 0.6666669846
47952  -38.522  -28.139  60.092 0.7777780294
46991  -34.607  -29.903  64.201 0.2222220004
47026  -38.920  -29.205  59.974 0.6666669846
47904  -34.075  -28.360  65.878 0.1111110002
138784  -33.089  -26.608  67.423 0.1111110002
125636  -33.901  -27.270  68.816 0.1111110002
48793  -33.394  -27.205  66.952 0.1111110002
47894  -34.274  -28.148  66.676 0.1111110002
48852  -38.127  -26.605  60.826 0.4444440007
48801  -33.393  -27.714  65.990 0.1111110002
141310  -38.282  -27.389  60.512 0.5555559993
140663  -37.732  -27.905  59.010 0.7777780294
49699  -32.801  -26.019  67.926 0.1111110002
49716  -32.738  -26.027  65.978 0.1111110002
49707  -32.807  -26.160  66.922 0.2222220004
48771  -33.538  -27.052  67.932 0.1111110002
51754  -44.180  -23.989  52.146 0.7777780294
52656  -44.677  -23.246  51.971 0.6666669846
51588  -33.126  -24.180  66.080 0.2222220004
51611  -33.365  -23.937  64.348 0.2222220004
51598  -33.211  -24.069  65.243 0.2222220004
50683  -32.714  -25.140  66.484 0.2222220004
50674  -32.739  -25.156  67.370 0.2222220004
120405  -43.728  -24.637  52.377 0.8888890147
52655  -43.772  -23.358  51.721 0.8888890147
53536  -45.498  -22.743  52.071 0.6666669846
54425  -46.409  -21.653  52.115 0.5555559993
127001  -43.929  -22.129  51.415 0.8888890147
54423  -44.215  -21.404  51.310 0.7777780294
54424  -45.094  -21.248  51.473 0.6666669846
118007  -45.945  -21.034  51.699 0.6666669846
52465  -35.726  -23.804  67.521 0.1111110002
52487  -34.750  -23.606  65.651 0.1111110002
52476  -34.085  -23.738  66.489 0.1111110002
52451  -34.578  -23.700  68.006 0.1111110002
52519  -33.862  -23.438  62.976 0.2222220004
51599  -33.831  -23.767  65.691 0.2222220004
52518  -33.040  -23.520  62.449 0.3333329856
52508  -33.808  -23.684  63.589 0.2222220004
51753  -43.344  -24.055  51.887 0.8888890147
55333  -46.278  -20.193  51.693 0.6666669846
56190  -46.619  -19.340  51.704 0.6666669846
57077  -46.982  -18.414  51.596 0.7777780294
123948  -34.561  -23.564  64.177 0.1111110002
52488  -35.728  -23.398  65.500 0.1111110002
53396  -33.768  -22.961  62.321 0.1111110002
56191  -47.423  -19.134  52.082 0.7777780294
57078  -47.843  -18.350  51.918 0.5555559993
124295  -47.841  -17.370  51.033 0.5555559993
57991  -48.250  -17.671  51.662 0.3333329856
138919  -46.580  -16.735  50.392 0.7777780294
58880  -47.237  -16.880  50.522 0.7777780294
58824  -43.741  -16.150  56.362 0.2222220004
59649  -44.499  -15.498  56.299 0.2222220004
59661  -45.254  -14.935  56.141 0.1111110002
58839  -41.497  -16.828  55.157 0.2222220004
121222  -42.915  -15.846  55.980 0.2222220004
59648  -43.715  -15.274  55.888 0.2222220004
57966  -40.422  -17.365  54.080 0.2222220004
138110  -41.366  -16.279  54.602 0.2222220004
59667  -42.380  -15.436  55.174 0.2222220004
60482  -42.666  -14.508  54.705 0.3333329856
58841  -40.622  -16.510  53.565 0.4444440007
59666  -41.853  -15.094  54.306 0.4444440007
60493  -42.098  -14.435  53.841 0.3333329856
58008  -48.636  -17.100  51.206 0.5555559993
58889  -46.743  -16.257  49.929 0.7777780294
58890  -47.744  -16.323  49.811 0.7777780294
135910  -44.688  -17.117  56.862 0.1111110002
58825  -44.602  -16.338  56.660 0.1111110002
59650  -45.330  -15.698  56.623 0.1111110002
57959  -41.613  -17.898  55.412 0.2222220004
57960  -42.196  -17.427  55.822 0.2222220004
59660  -44.485  -14.767  55.782 0.3333329856
60476  -45.226  -14.382  55.571 0.2222220004
60475  -44.587  -14.240  55.348 0.3333329856
60483  -43.415  -13.817  54.564 0.3333329856
60485  -45.173  -13.919  55.039 0.3333329856
61421  -42.656  -13.862  53.861 0.3333329856
58888  -45.978  -16.019  49.783 0.7777780294
59710  -47.274  -15.763  49.168 0.7777780294
60578  -52.817  -14.404  46.920 0.5555559993
61517  -53.293  -13.778  46.483 0.3333329856
57031  -42.777  -18.875  55.826 0.2222220004
57961  -42.843  -18.148  56.089 0.2222220004
123204  -46.757  -13.484  54.698 0.1111110002
61424  -45.894  -13.594  54.633 0.3333329856
59725  -49.549  -15.475  48.521 0.6666669846
59721  -46.041  -14.961  48.789 0.7777780294
59711  -48.207  -15.824  49.151 0.7777780294
60562  -51.232  -14.725  47.383 0.5555559993
121912  -49.857  -13.321  46.582 0.5555559993
60575  -50.805  -14.304  47.014 0.5555559993
60577  -52.102  -14.196  46.720 0.5555559993
61515  -51.661  -13.634  46.464 0.5555559993
61516  -52.466  -13.698  46.426 0.5555559993
63536  -52.388  -11.212  44.844 0.5555559993
56143  -41.817  -19.741  55.566 0.2222220004
57032  -43.335  -18.719  56.169 0.1111110002
57950  -44.294  -17.829  56.814 0.1111110002
59722  -46.847  -15.202  48.536 0.7777780294
60545  -48.215  -14.854  47.977 0.7777780294
59736  -49.104  -14.981  47.952 0.6666669846
59737  -49.995  -15.082  47.944 0.6666669846
60543  -46.544  -14.291  48.279 0.7777780294
60557  -47.144  -13.987  47.799 0.7777780294
60558  -47.821  -14.179  47.580 0.7777780294
60560  -49.592  -14.495  47.457 0.6666669846
60559  -48.691  -14.331  47.505 0.7777780294
61500  -49.183  -13.708  47.005 0.7777780294
60574  -50.117  -14.044  46.996 0.7777780294
61499  -48.245  -13.624  47.160 0.7777780294
65448  -52.304  -9.591  43.180 0.6666669846
66315  -51.886  -8.967  42.810 0.6666669846
65449  -53.139  -9.760  43.129 0.5555559993
66327  -54.426  -8.513  41.221 0.5555559993
121785  -55.729  -9.243  41.609 0.4444440007
65467  -57.015  -8.972  40.911 0.4444440007
65461  -57.936  -9.764  41.291 0.4444440007
61498  -47.396  -13.313  47.369 0.7777780294
61512  -47.910  -13.019  46.915 0.7777780294
61513  -48.526  -13.078  46.719 0.7777780294
66314  -51.148  -8.818  43.118 0.7777780294
66317  -51.397  -8.254  42.612 0.6666669846
66318  -52.185  -8.477  42.220 0.7777780294
66325  -52.556  -7.853  41.521 0.7777780294
66326  -53.545  -8.291  41.326 0.7777780294
66338  -54.072  -7.867  40.870 0.7777780294
66328  -55.276  -8.647  41.133 0.5555559993
66329  -56.161  -8.753  41.044 0.5555559993
67168  -50.124  -7.207  44.047 0.4444440007
67170  -50.527  -7.256  43.316 0.5555559993
136933  -50.728  -8.083  43.080 0.6666669846
68015  -51.308  -6.879  42.222 0.6666669846
67173  -51.664  -7.652  42.067 0.6666669846
129479  -52.633  -7.071  41.096 0.6666669846
68029  -53.203  -6.770  40.761 0.7777780294
66339  -54.834  -8.058  40.727 0.7777780294
67196  -56.081  -7.463  40.218 0.6666669846
66340  -57.527  -8.574  40.599 0.4444440007
66341  -58.343  -8.574  40.496 0.4444440007
68039  -55.576  -6.734  40.126 0.7777780294
127380  -56.726  -8.191  40.488 0.4444440007
67207  -57.032  -7.371  40.071 0.4444440007
68012  -50.825  -6.303  42.961 0.5555559993
127719  -51.389  -6.115  42.065 0.5555559993
68027  -51.878  -6.854  41.527 0.6666669846
135439  -54.355  -5.946  40.317 0.7777780294
67195  -55.199  -7.470  40.389 0.7777780294
68955  -55.172  -5.861  40.065 0.7777780294
68048  -55.983  -6.111  39.871 0.7777780294
68049  -57.277  -6.636  39.770 0.4444440007
67208  -57.899  -7.187  39.949 0.4444440007
68050  -57.972  -6.443  39.672 0.4444440007
68001  -50.919  -5.936  46.226 0.3333329856
68006  -50.838  -5.653  45.540 0.3333329856
68005  -50.226  -6.256  45.488 0.4444440007
68931  -50.994  -5.159  44.290 0.4444440007
69858  -51.577  -4.582  43.757 0.3333329856
68961  -55.940  -5.394  39.755 0.7777780294
120685  -56.526  -5.022  39.571 0.5555559993
68962  -56.810  -5.857  39.629 0.5555559993
119811  -57.250  -5.032  39.508 0.5555559993
68963  -57.718  -5.750  39.551 0.4444440007
68960  -55.248  -5.018  39.836 0.7777780294
69891  -55.876  -4.483  39.645 0.7777780294
69893  -57.612  -4.237  39.466 0.6666669846
69894  -58.514  -4.235  39.493 0.5555559993
117935  -58.126  -5.019  39.546 0.5555559993
118381  -57.017  -3.392  39.452 0.6666669846
121567  -57.660  -2.596  39.470 0.5555559993
118055  -58.055  -3.444  39.452 0.5555559993
72413  -58.974  -1.727  39.455 0.5555559993
72414  -59.778  -1.508  39.313 0.4444440007
126464  -60.286  -2.080  39.130 0.5555559993
73208  -61.752  -0.520  38.810 0.2222220004
74978  -62.411  1.282  38.598 0.3333329856
70803  -55.486  -3.593  39.629 0.7777780294
70804  -56.090  -3.005  39.478 0.6666669846
121568  -56.750  -2.430  39.482 0.5555559993
127641  -58.127  -1.847  39.482 0.4444440007
135446  -58.423  -1.167  39.451 0.3333329856
135331  -58.683  -2.671  39.433 0.5555559993
73198  -59.164  -0.798  39.437 0.3333329856
73199  -60.098  -0.727  39.297 0.3333329856
74085  -60.108  0.723  39.464 0.3333329856
141062  -60.882  0.683  39.321 0.2222220004
74970  -61.686  1.082  39.113 0.2222220004
134192  -62.149  1.620  38.980 0.2222220004
75859  -62.350  3.027  38.451 0.1111110002
73200  -60.907  -0.627  39.077 0.3333329856
74086  -61.332  0.151  39.098 0.2222220004
74093  -62.209  0.359  38.672 0.2222220004
75870  -62.688  2.655  37.819 0.1111110002
75880  -62.734  3.140  37.030 0.1111110002
74094  -62.742  0.754  38.114 0.3333329856
118615  -62.779  2.347  37.225 0.1111110002
75893  -62.643  3.139  36.188 0.1111110002
75912  -62.508  2.391  35.869 0.1111110002
76854  -61.753  3.572  35.344 0.1111110002
137640  -60.642  2.811  35.344 0.1111110002
72411  -57.292  -1.790  39.472 0.6666669846
72412  -57.690  -1.123  39.452 0.3333329856
129076  -58.938  -0.013  39.539 0.3333329856
125926  -59.690  -0.037  39.467 0.3333329856
75856  -60.176  2.222  39.604 0.2222220004
75857  -61.019  2.533  39.499 0.2222220004
77743  -62.068  4.405  38.337 0.1111110002
78657  -62.121  5.768  38.238 0.1111110002
77754  -62.392  4.145  37.704 0.1111110002
79559  -62.111  6.203  37.952 0.1111110002
76818  -62.567  3.435  37.716 0.1111110002
139864  -62.532  4.500  36.553 0.1111110002
79568  -62.133  5.955  37.097 0.1111110002
79567  -61.838  6.512  36.525 0.1111110002
76855  -62.446  3.759  35.804 0.1111110002
133193  -62.265  5.174  35.959 0.1111110002
79576  -61.730  6.350  35.634 0.1111110002
119528  -62.217  3.009  35.602 0.1111110002
134543  -61.612  6.211  35.014 0.1111110002
80485  -61.376  8.546  33.543 0.1111110002
77800  -61.485  5.540  34.840 0.1111110002
79586  -61.316  6.514  34.322 0.1111110002
77786  -60.252  4.106  34.893 0.1111110002
77742  -61.689  4.568  39.165 0.1111110002
78645  -61.985  5.259  38.573 0.1111110002
80466  -61.710  7.290  36.655 0.1111110002
125756  -61.573  7.833  35.811 0.1111110002
79585  -61.206  7.540  33.645 0.1111110002
78697  -60.833  5.955  34.111 0.1111110002
60563  -52.079  -14.662  47.272 0.4444440007
59739  -51.713  -15.079  47.921 0.4444440007
59738  -50.866  -15.120  47.946 0.4444440007
59726  -50.456  -15.463  48.565 0.6666669846
119764  -11.836  -47.822  77.138 0.6666669846
32029  -7.731  -46.571  76.944 0.1111110002
31184  -13.352  -47.715  76.861 0.5555559993
37262  -26.025  -39.912  68.981 0.3333329856
41110  -34.641  -36.395  59.138 0.7777780294
40161  -30.729  -36.951  61.072 0.7777780294
40171  -31.899  -37.007  59.945 0.7777780294
46118  -35.024  -30.664  64.061 0.2222220004
47915  -33.478  -28.451  64.791 0.2222220004
50709  -32.771  -24.569  64.777 0.2222220004
51610  -32.651  -24.670  64.104 0.2222220004
52528  -33.075  -23.019  61.645 0.1111110002
55332  -45.458  -20.395  51.375 0.5555559993
136477  -47.583  -17.870  51.514 0.6666669846
58879  -45.972  -16.639  50.291 0.7777780294
62501  -47.537  -12.446  47.127 0.7777780294
59669  -40.913  -15.704  53.091 0.4444440007
60484  -44.302  -13.831  54.909 0.3333329856
66313  -50.409  -8.723  43.590 0.6666669846
125504  -51.629  -9.376  43.249 0.7777780294
31156  -7.628  -47.186  78.371 0.1111110002
30284  -10.316  -48.224  77.593 0.4444440007
46990  -34.009  -29.074  64.341 0.2222220004
139150  -42.323  -18.340  55.767 0.3333329856
31142  -7.807  -46.782  79.165 0.1111110002
124040  -7.653  -46.266  78.716 0.1111110002
32020  -7.900  -45.906  77.286 0.1111110002
32897  -8.190  -45.926  76.957 0.1111110002
32911  -9.252  -46.365  74.919 0.1111110002
32879  -7.881  -44.827  78.687 0.1111110002
32867  -7.912  -45.270  80.559 0.1111110002
137267  -34.340  -39.318  62.822 0.6666669846
39201  -33.036  -38.036  61.047 0.7777780294
39202  -33.688  -38.278  60.765 0.7777780294
118290  -33.865  -37.904  60.059 0.7777780294
40162  -31.580  -37.253  60.632 0.7777780294
136412  -32.248  -37.480  60.258 0.7777780294
40172  -32.564  -37.343  59.821 0.7777780294
40173  -33.290  -37.325  59.636 0.7777780294
121075  -30.831  -37.171  61.848 0.7777780294
47905  -34.306  -28.769  65.222 0.2222220004
131173  -33.167  -26.537  68.702 0.1111110002
48784  -34.132  -27.712  67.468 0.1111110002
48757  -33.379  -26.807  69.451 0.1111110002
51737  -44.537  -24.561  52.729 0.5555559993
53535  -44.738  -22.214  51.627 0.6666669846
53537  -46.127  -22.333  52.204 0.5555559993
122987  -45.623  -21.867  51.849 0.6666669846
52464  -34.732  -23.749  67.169 0.1111110002
117706  -35.014  -23.521  64.926 0.1111110002
52477  -35.459  -23.634  66.484 0.1111110002
51612  -34.145  -23.693  64.967 0.1111110002
126392  -42.971  -16.977  56.312 0.2222220004
58835  -42.229  -16.382  55.631 0.2222220004
59659  -43.038  -15.062  55.457 0.2222220004
137200  -40.925  -16.682  54.407 0.3333329856
58840  -41.751  -15.938  54.824 0.2222220004
60474  -43.704  -14.434  55.302 0.3333329856
58842  -41.211  -15.812  53.999 0.3333329856
58881  -48.216  -16.839  50.427 0.6666669846
59709  -46.392  -15.623  49.229 0.7777780294
125165  -43.977  -17.061  56.573 0.1111110002
140949  -52.681  -14.712  47.433 0.3333329856
59741  -53.287  -14.770  47.681 0.3333329856
57949  -43.544  -17.931  56.430 0.1111110002
59713  -50.041  -15.888  49.185 0.5555559993
59723  -47.735  -15.330  48.495 0.7777780294
60561  -50.439  -14.663  47.436 0.5555559993
56144  -42.538  -19.510  55.849 0.1111110002
60544  -47.368  -14.696  48.043 0.7777780294
59724  -48.646  -15.421  48.502 0.7777780294
65452  -52.704  -9.180  42.611 0.7777780294
65458  -54.019  -8.965  41.826 0.6666669846
65460  -56.529  -9.382  41.509 0.4444440007
125825  -55.679  -8.126  40.602 0.6666669846
135813  -56.859  -9.914  41.927 0.3333329856
65468  -57.779  -9.177  40.849 0.4444440007
67183  -53.286  -7.539  40.967 0.6666669846
67193  -53.920  -7.155  40.641 0.7777780294
68008  -50.225  -6.404  44.496 0.4444440007
131655  -50.277  -7.884  43.625 0.6666669846
68011  -50.420  -6.594  43.742 0.5555559993
67171  -51.015  -7.418  42.654 0.6666669846
68937  -51.237  -5.360  42.586 0.5555559993
68028  -52.469  -6.246  40.965 0.6666669846
68036  -53.185  -6.112  40.650 0.6666669846
68038  -54.653  -6.739  40.357 0.7777780294
67197  -57.697  -7.932  40.310 0.4444440007
136579  -56.444  -6.700  39.921 0.5555559993
68934  -50.564  -5.832  43.953 0.4444440007
68930  -50.599  -5.685  44.832 0.4444440007
68935  -50.958  -5.256  43.407 0.5555559993
121438  -51.836  -5.989  41.454 0.5555559993
68945  -52.184  -5.378  41.197 0.5555559993
68037  -53.844  -6.401  40.530 0.7777780294
139459  -57.450  -6.178  39.619 0.5555559993
119738  -51.251  -5.261  45.124 0.3333329856
68927  -52.055  -5.020  45.479 0.2222220004
68926  -51.546  -5.476  45.900 0.2222220004
69892  -56.752  -4.322  39.496 0.6666669846
74971  -62.446  2.131  38.590 0.2222220004
74969  -60.755  1.531  39.445 0.2222220004
125952  -60.505  0.012  39.323 0.3333329856
123099  -61.785  2.025  39.210 0.2222220004
75858  -61.798  2.902  39.109 0.1111110002
76803  -62.289  3.746  38.174 0.1111110002
74979  -62.799  1.689  37.813 0.1111110002
77764  -62.483  4.546  37.129 0.1111110002
76839  -62.661  3.929  36.526 0.1111110002
136236  -62.473  4.530  36.018 0.1111110002
77787  -61.255  4.158  34.981 0.1111110002
125712  -61.450  2.874  35.330 0.1111110002
76853  -60.913  3.445  35.139 0.1111110002
76802  -61.911  3.713  38.783 0.1111110002
121832  -62.213  4.941  37.887 0.1111110002
78666  -62.232  5.417  37.500 0.1111110002
124031  -62.356  5.101  36.625 0.1111110002
78678  -62.079  5.755  36.237 0.1111110002
123067  -61.996  4.281  35.409 0.1111110002
77788  -62.023  4.973  35.472 0.1111110002
80475  -61.634  7.150  35.699 0.1111110002
131003  -61.533  4.754  35.032 0.1111110002
80486  -61.494  7.168  34.653 0.1111110002
77799  -60.811  4.949  34.536 0.1111110002
133183  -61.800  5.474  39.205 0.1111110002
79558  -61.882  6.797  37.541 0.1111110002
81333  -61.624  8.234  36.532 0.1111110002
59728  -52.182  -15.225  48.621 0.3333329856
59740  -52.510  -14.975  47.891 0.3333329856
115143  -15.434  -51.055  78.790 0.1111110002
132741  -13.244  -51.241  79.097 0.2222220004
116143  -13.683  -51.350  80.154 0.1111110002
115121  -14.385  -51.269  78.616 0.1111110002
115101  -11.023  -52.519  80.461 0.1111110002
127475  -11.476  -51.722  81.269 0.2222220004
116059  -15.328  -50.821  77.739 0.3333329856
115100  -10.603  -52.131  80.073 0.1111110002
116975  -16.113  -50.707  78.055 0.1111110002
115142  -17.911  -50.023  78.136 0.1111110002
131072  -16.110  -50.418  77.158 0.3333329856
115139  -16.628  -50.433  77.653 0.3333329856
121447  -18.352  -49.713  77.628 0.1111110002
115127  -15.786  -50.101  76.498 0.6666669846
116287  -16.921  -50.059  77.178 0.2222220004
129345  -16.461  -49.830  76.539 0.3333329856
116636  -9.885  -52.397  79.346 0.3333329856
116376  -18.311  -49.372  77.003 0.1111110002
115138  -17.363  -49.449  76.532 0.2222220004
115907  -18.251  -48.844  76.238 0.2222220004
115881  -17.339  -48.835  75.535 0.4444440007
116176  -19.293  -49.128  76.687 0.1111110002
132460  -18.996  -48.498  76.017 0.2222220004
30294  -19.925  -48.767  76.035 0.2222220004
30307  -19.322  -48.119  75.444 0.3333329856
32047  -23.502  -46.190  75.801 0.1111110002
32916  -24.924  -45.019  75.843 0.1111110002
33843  -25.190  -43.950  75.227 0.1111110002
32068  -21.482  -47.006  73.463 0.4444440007
119298  -24.847  -45.778  76.315 0.1111110002
32915  -24.394  -45.035  75.250 0.1111110002
32048  -24.232  -45.656  75.766 0.1111110002
34716  -25.105  -43.687  74.410 0.2222220004
32914  -23.581  -45.534  75.139 0.1111110002
33851  -24.473  -44.361  73.865 0.2222220004
32057  -22.533  -46.287  74.654 0.2222220004
32070  -22.996  -45.930  74.012 0.2222220004
32934  -23.949  -45.053  73.847 0.2222220004
32925  -24.120  -45.007  74.565 0.2222220004
34727  -24.890  -43.354  73.551 0.1111110002
134059  -23.993  -43.392  72.267 0.2222220004
32944  -23.363  -45.343  72.663 0.3333329856
33875  -23.623  -44.396  72.310 0.2222220004
135132  -23.103  -44.325  71.680 0.3333329856
33888  -23.502  -43.590  71.590 0.2222220004
123568  -22.030  -44.162  70.871 0.5555559993
33887  -22.793  -43.920  71.132 0.3333329856
34767  -23.190  -43.275  70.743 0.2222220004
34768  -23.888  -42.725  71.212 0.2222220004
35634  -23.517  -42.593  70.327 0.2222220004
35620  -24.562  -41.947  71.390 0.2222220004
34779  -22.790  -42.960  70.014 0.4444440007
35649  -23.757  -42.001  69.976 0.3333329856
35635  -24.118  -41.982  70.620 0.3333329856
35648  -23.160  -42.311  69.612 0.5555559993
31129  -10.347  -47.089  80.367 0.1111110002
31131  -12.119  -47.400  79.968 0.1111110002
36428  -24.753  -41.398  70.708 0.2222220004
36440  -24.250  -41.454  70.011 0.3333329856
36429  -25.341  -40.999  70.713 0.2222220004
37232  -25.746  -40.605  70.314 0.2222220004
36441  -24.936  -40.888  69.994 0.2222220004
135089  -24.913  -40.725  69.191 0.2222220004
37218  -29.003  -40.428  71.343 0.1111110002
37249  -25.531  -40.424  69.497 0.2222220004
37234  -27.872  -40.174  70.420 0.1111110002
37235  -28.737  -40.243  70.587 0.1111110002
37248  -24.340  -41.180  69.251 0.4444440007
37250  -26.318  -40.182  69.853 0.2222220004
37251  -27.053  -39.982  70.209 0.2222220004
37220  -31.554  -40.027  72.090 0.1111110002
127966  -30.664  -40.117  71.872 0.1111110002
37219  -29.828  -40.342  71.580 0.1111110002
37236  -29.603  -40.193  70.732 0.1111110002
38170  -28.515  -40.072  69.945 0.1111110002
38180  -26.842  -39.649  69.349 0.2222220004
138050  -27.827  -39.816  69.509 0.2222220004
38196  -27.451  -39.322  68.624 0.2222220004
119927  -33.870  -40.394  73.104 0.1111110002
37205  -32.849  -40.268  72.983 0.1111110002
37204  -32.473  -40.005  72.222 0.1111110002
38159  -30.459  -39.938  70.975 0.1111110002
136261  -28.319  -39.464  68.747 0.3333329856
133883  -33.328  -39.997  72.241 0.1111110002
38160  -31.306  -39.717  71.283 0.1111110002
119400  -30.162  -39.928  70.095 0.1111110002
138582  -35.549  -42.214  70.101 0.1111110002
132107  -35.592  -42.158  68.826 0.1111110002
41039  -37.200  -36.771  64.802 0.2222220004
36451  -34.965  -41.503  68.703 0.1111110002
40109  -37.596  -38.113  64.368 0.2222220004
40108  -37.296  -37.588  64.347 0.2222220004
38181  -28.818  -39.768  69.371 0.2222220004
38171  -29.288  -40.072  69.972 0.1111110002
36452  -35.415  -41.814  68.196 0.1111110002
116247  -36.001  -42.088  68.139 0.1111110002
115990  -35.955  -41.374  66.444 0.2222220004
141163  -36.625  -40.933  65.454 0.2222220004
116062  -37.236  -40.722  64.980 0.2222220004
116417  -38.895  -39.867  64.274 0.3333329856
39145  -38.114  -38.580  64.500 0.2222220004
39156  -39.036  -38.417  63.340 0.3333329856
36462  -35.575  -41.692  67.662 0.1111110002
132537  -36.010  -41.692  67.287 0.2222220004
119322  -35.990  -41.102  65.630 0.2222220004
36482  -36.317  -40.839  64.931 0.2222220004
118310  -37.920  -40.666  64.166 0.2222220004
133559  -39.462  -39.075  63.600 0.3333329856
116172  -36.845  -40.886  64.206 0.2222220004
38253  -36.966  -40.440  62.880 0.3333329856
139202  -32.941  -39.700  71.716 0.1111110002
37222  -33.552  -39.770  71.497 0.1111110002
37221  -32.211  -39.711  71.532 0.1111110002
37238  -33.649  -39.614  70.675 0.1111110002
36430  -34.676  -40.801  71.068 0.1111110002
36431  -35.033  -41.433  70.390 0.1111110002
37237  -32.922  -39.454  71.072 0.1111110002
37239  -34.342  -40.319  70.253 0.1111110002
38173  -31.869  -39.432  70.045 0.1111110002
134834  -32.823  -39.329  70.147 0.1111110002
37253  -34.194  -40.300  69.135 0.1111110002
40121  -37.976  -38.110  63.813 0.2222220004
40120  -37.544  -37.334  63.461 0.2222220004
40991  -21.355  -36.367  70.486 0.1111110002
38182  -29.694  -39.678  69.382 0.2222220004
38183  -30.507  -39.534  69.493 0.1111110002
123338  -34.460  -40.794  68.348 0.1111110002
37276  -34.319  -40.489  67.434 0.1111110002
40058  -21.204  -37.425  69.237 0.4444440007
139386  -28.034  -39.212  68.336 0.3333329856
38197  -29.161  -39.370  68.729 0.3333329856
39095  -29.404  -39.039  68.038 0.3333329856
36461  -34.968  -41.326  67.709 0.1111110002
118434  -35.456  -41.356  66.989 0.2222220004
38254  -38.318  -40.143  63.305 0.3333329856
40136  -38.311  -37.879  62.441 0.2222220004
39094  -28.560  -39.010  68.050 0.4444440007
37300  -35.498  -40.736  65.137 0.2222220004
37309  -35.864  -40.690  64.330 0.2222220004
37320  -37.305  -40.736  63.542 0.2222220004
120878  -27.362  -38.295  67.335 0.5555559993
39107  -28.179  -38.237  67.493 0.5555559993
38185  -32.142  -39.361  69.381 0.1111110002
37263  -33.866  -40.103  68.249 0.1111110002
40998  -21.548  -36.620  69.598 0.2222220004
38184  -31.253  -39.383  69.527 0.2222220004
38186  -33.005  -39.329  69.187 0.1111110002
125061  -33.581  -39.689  68.923 0.1111110002
37275  -33.639  -39.796  67.473 0.1111110002
37287  -34.048  -39.988  66.680 0.1111110002
38199  -30.694  -39.237  68.855 0.2222220004
124389  -33.185  -39.425  68.225 0.1111110002
38212  -33.112  -39.317  67.434 0.1111110002
38226  -33.361  -39.473  66.797 0.1111110002
36471  -34.863  -40.908  66.838 0.2222220004
37299  -34.782  -40.435  65.434 0.2222220004
38272  -38.821  -39.309  62.736 0.3333329856
39177  -38.906  -38.649  62.646 0.3333329856
120377  -32.746  -39.039  66.919 0.2222220004
129556  -33.628  -39.610  66.169 0.2222220004
38244  -34.210  -39.944  64.931 0.2222220004
37308  -34.980  -40.330  64.562 0.2222220004
37319  -36.349  -40.729  63.524 0.2222220004
38270  -36.366  -39.886  62.273 0.4444440007
40155  -38.211  -37.995  61.740 0.4444440007
39108  -28.933  -38.267  67.544 0.4444440007
38224  -32.374  -38.809  66.373 0.2222220004
39143  -32.218  -38.656  64.753 0.4444440007
38239  -33.541  -39.559  65.430 0.2222220004
122715  -34.376  -39.805  63.876 0.4444440007
38252  -35.832  -40.328  62.884 0.4444440007
39174  -35.787  -39.179  61.856 0.4444440007
39176  -38.222  -38.868  62.080 0.4444440007
40154  -37.616  -37.747  60.894 0.4444440007
38238  -32.869  -39.132  65.081 0.3333329856
38243  -33.503  -39.477  64.495 0.4444440007
38269  -35.280  -39.739  62.397 0.5555559993
39193  -36.271  -38.579  61.404 0.4444440007
39194  -37.417  -38.419  61.428 0.4444440007
40166  -37.632  -37.189  60.394 0.4444440007
39173  -34.820  -39.030  62.024 0.5555559993
40152  -35.673  -38.122  61.035 0.5555559993
40165  -36.832  -37.394  60.317 0.4444440007
41094  -36.041  -36.995  59.882 0.5555559993
41111  -35.708  -36.443  59.277 0.5555559993
40992  -22.266  -35.849  70.042 0.2222220004
38200  -31.516  -39.225  68.756 0.1111110002
38201  -32.376  -39.234  68.545 0.1111110002
39096  -30.163  -39.032  68.131 0.2222220004
38210  -31.766  -39.012  67.957 0.2222220004
40077  -28.583  -37.639  67.041 0.5555559993
39122  -31.770  -38.547  66.156 0.2222220004
39134  -32.326  -38.759  65.630 0.3333329856
39142  -31.556  -38.207  64.466 0.4444440007
39155  -32.743  -38.701  63.239 0.4444440007
116742  -32.009  -38.268  62.900 0.4444440007
39097  -30.953  -38.977  68.145 0.2222220004
39111  -31.241  -38.771  67.479 0.2222220004
39109  -29.672  -38.549  67.491 0.2222220004
39110  -30.497  -38.701  67.472 0.2222220004
122063  -31.040  -38.446  66.693 0.3333329856
40086  -29.275  -37.758  67.041 0.4444440007
39121  -30.532  -37.937  66.035 0.3333329856
137937  -31.200  -38.243  65.865 0.4444440007
39133  -31.674  -38.380  65.332 0.4444440007
137499  -30.922  -37.925  65.113 0.4444440007
40106  -30.198  -37.462  64.409 0.5555559993
46133  -39.958  -30.413  62.028 0.1111110002
47009  -39.648  -29.632  61.639 0.1111110002
47027  -39.312  -29.683  60.786 0.1111110002
47931  -39.679  -28.247  62.448 0.1111110002
140826  -39.574  -28.862  61.931 0.1111110002
47942  -39.259  -27.977  61.731 0.1111110002
125096  -39.347  -28.829  61.235 0.3333329856
126918  -39.086  -28.781  60.538 0.4444440007
48832  -39.588  -26.409  62.960 0.1111110002
48821  -39.924  -26.402  63.825 0.1111110002
47932  -39.871  -27.428  63.034 0.1111110002
48831  -39.313  -26.990  62.304 0.1111110002
127076  -38.791  -26.145  61.900 0.2222220004
48843  -38.688  -26.886  61.558 0.1111110002
47953  -38.774  -27.837  60.925 0.2222220004
129044  -37.864  -26.082  60.206 0.5555559993
48842  -38.354  -25.938  61.382 0.4444440007
121397  -38.035  -25.772  59.338 0.5555559993
49730  -40.478  -25.552  64.347 0.1111110002
138729  -40.057  -25.835  64.219 0.1111110002
50726  -39.705  -25.569  63.217 0.1111110002
49739  -39.312  -25.800  62.388 0.1111110002
49780  -38.701  -25.466  60.097 0.4444440007
49763  -38.801  -25.240  60.939 0.3333329856
50844  -44.752  -25.641  54.260 0.3333329856
50846  -46.650  -24.792  54.934 0.2222220004
51707  -47.305  -24.156  54.599 0.2222220004
51708  -48.075  -23.836  54.856 0.2222220004
141259  -46.048  -25.300  54.963 0.2222220004
51706  -46.549  -24.366  54.069 0.2222220004
52605  -47.774  -23.537  54.093 0.2222220004
50859  -43.685  -25.682  53.181 0.4444440007
50860  -44.491  -25.251  53.407 0.3333329856
51724  -45.823  -24.474  53.480 0.2222220004
137708  -46.447  -23.998  53.423 0.3333329856
52596  -48.776  -23.634  55.123 0.2222220004
52597  -49.441  -23.451  55.436 0.2222220004
53471  -49.854  -22.781  55.152 0.1111110002
52606  -48.491  -23.299  54.391 0.2222220004
52628  -48.876  -22.728  53.956 0.1111110002
51738  -45.315  -24.202  52.826 0.3333329856
52625  -46.750  -23.453  53.081 0.2222220004
52626  -47.500  -23.197  53.341 0.2222220004
52627  -48.222  -22.999  53.625 0.2222220004
53506  -49.166  -22.222  53.442 0.1111110002
52637  -44.854  -23.933  52.409 0.3333329856
52639  -46.293  -23.052  52.495 0.3333329856
52640  -47.182  -22.830  52.768 0.2222220004
53517  -47.611  -22.217  52.572 0.3333329856
53516  -46.818  -22.304  52.412 0.3333329856
133760  -49.630  -22.340  54.268 0.1111110002
141371  -49.748  -21.867  53.573 0.1111110002
54384  -50.323  -21.731  54.060 0.1111110002
53518  -48.665  -22.072  52.862 0.1111110002
54383  -49.424  -21.696  53.023 0.1111110002
117542  -48.990  -21.365  52.652 0.1111110002
127541  -49.702  -21.211  52.732 0.1111110002
54405  -47.206  -21.556  52.365 0.4444440007
54406  -48.116  -21.582  52.530 0.3333329856
54426  -46.736  -20.838  52.105 0.4444440007
55318  -47.556  -20.727  52.385 0.1111110002
54385  -51.011  -21.232  53.694 0.1111110002
54407  -50.236  -21.390  53.153 0.1111110002
54408  -50.936  -20.936  52.998 0.1111110002
55321  -50.302  -20.661  52.631 0.1111110002
55320  -49.359  -20.636  52.544 0.1111110002
55319  -48.460  -20.679  52.495 0.1111110002
55334  -47.052  -19.976  52.174 0.4444440007
56173  -48.805  -19.823  52.432 0.1111110002
55322  -51.238  -20.400  52.624 0.1111110002
56174  -49.730  -19.813  52.435 0.1111110002
57063  -50.072  -18.946  52.290 0.1111110002
56192  -48.282  -19.034  52.230 0.2222220004
55335  -47.890  -19.862  52.384 0.3333329856
57079  -48.659  -18.213  52.105 0.2222220004
57080  -49.515  -18.108  52.215 0.2222220004
57992  -49.044  -17.471  51.843 0.2222220004
128368  -49.889  -17.316  52.023 0.2222220004
57994  -50.762  -17.228  52.057 0.2222220004
58009  -49.460  -16.890  51.428 0.3333329856
57993  -50.338  -16.733  51.626 0.2222220004
118244  -51.219  -16.566  51.831 0.2222220004
58883  -49.949  -16.530  50.787 0.3333329856
61413  -46.481  -13.924  55.084 0.1111110002
58863  -50.841  -16.226  51.116 0.2222220004
58882  -49.082  -16.722  50.539 0.3333329856
58891  -48.684  -16.396  49.743 0.4444440007
58892  -49.593  -16.390  49.809 0.3333329856
58893  -50.511  -16.243  50.000 0.3333329856
59712  -49.123  -15.905  49.127 0.5555559993
61538  -54.549  -12.804  45.952 0.4444440007
63525  -54.354  -11.627  45.258 0.4444440007
64523  -54.061  -10.458  44.389 0.4444440007
63538  -54.650  -10.848  44.882 0.4444440007
64535  -53.521  -10.153  43.787 0.4444440007
64524  -54.988  -10.042  44.367 0.4444440007
65450  -54.005  -9.786  43.193 0.4444440007
64536  -54.870  -9.756  43.541 0.4444440007
64542  -55.481  -9.741  42.908 0.4444440007
126516  -53.599  -9.367  42.505 0.4444440007
65454  -54.606  -9.553  42.495 0.4444440007
65453  -53.080  -8.747  41.943 0.5555559993
70757  -52.448  -3.859  43.790 0.3333329856
69861  -51.365  -4.753  42.963 0.4444440007
69859  -51.966  -4.120  42.877 0.3333329856
69871  -51.664  -4.669  42.296 0.4444440007
69872  -52.074  -4.610  41.596 0.4444440007
69882  -52.616  -4.627  40.950 0.5555559993
68952  -52.862  -5.465  40.721 0.5555559993
125570  -53.394  -4.765  40.492 0.5555559993
123371  -53.930  -3.973  40.168 0.5555559993
68954  -54.367  -5.071  40.121 0.6666669846
71588  -53.212  -2.606  41.877 0.2222220004
71597  -53.441  -2.471  41.182 0.3333329856
122234  -53.129  -3.845  40.728 0.4444440007
139645  -53.559  -3.500  40.484 0.4444440007
72398  -54.410  -1.751  40.561 0.3333329856
70802  -54.614  -3.355  39.850 0.5555559993
72409  -55.143  -1.958  39.934 0.4444440007
71609  -55.260  -2.757  39.684 0.5555559993
127304  -56.533  -1.624  39.567 0.4444440007
137366  -22.185  -47.202  75.661 0.2222220004
32056  -21.906  -46.915  74.435 0.2222220004
31212  -20.826  -48.016  74.750 0.2222220004
32046  -22.873  -46.155  75.255 0.1111110002
31188  -22.997  -47.203  76.671 0.1111110002
31201  -22.724  -46.743  75.893 0.1111110002
132698  -12.579  -51.079  80.717 0.1111110002
30309  -21.261  -48.424  75.440 0.1111110002
30308  -20.341  -48.330  75.404 0.2222220004
36439  -23.668  -41.684  69.330 0.4444440007
136994  -28.952  -37.259  66.579 0.5555559993
40087  -29.636  -37.435  66.219 0.4444440007
40105  -29.422  -36.852  64.283 0.5555559993
118264  -30.708  -37.507  63.421 0.4444440007
63524  -53.565  -11.752  45.310 0.4444440007
61537  -53.812  -13.039  46.170 0.4444440007
31220  -21.141  -47.442  74.274 0.2222220004
32959  -23.002  -45.057  71.950 0.3333329856
33874  -22.483  -44.614  71.429 0.4444440007
63537  -53.798  -11.104  44.894 0.4444440007
40175  -35.120  -36.982  59.751 0.6666669846
40164  -35.643  -37.566  60.416 0.6666669846
52638  -45.459  -23.533  52.435 0.3333329856
50876  -43.974  -25.101  52.845 0.3333329856
65459  -54.892  -9.155  41.676 0.4444440007
69890  -54.898  -4.247  39.813 0.6666669846
71610  -55.911  -2.183  39.602 0.3333329856
137244  -27.737  -38.820  67.977 0.5555559993
123924  -35.010  -39.887  63.133 0.3333329856
39154  -31.431  -37.985  63.549 0.4444440007
51723  -45.067  -24.686  53.265 0.3333329856
70791  -52.590  -3.799  41.374 0.4444440007
115102  -10.728  -53.156  79.690 0.1111110002
115110  -11.368  -52.398  81.102 0.1111110002
115094  -12.113  -51.710  82.206 0.2222220004
116482  -17.661  -49.790  77.386 0.1111110002
116346  -17.208  -50.285  77.864 0.1111110002
33842  -24.709  -44.450  74.796 0.1111110002
33863  -24.269  -43.904  72.964 0.2222220004
32924  -23.529  -45.460  74.297 0.3333329856
33862  -23.929  -44.821  73.141 0.2222220004
32933  -23.496  -45.469  73.475 0.3333329856
38172  -31.076  -39.563  70.341 0.1111110002
135972  -34.580  -40.908  68.919 0.1111110002
37289  -35.301  -40.973  66.066 0.2222220004
38245  -39.064  -39.151  64.523 0.2222220004
38271  -37.586  -39.676  62.443 0.4444440007
38161  -32.038  -39.486  70.749 0.1111110002
36420  -35.273  -41.383  71.424 0.1111110002
37252  -33.667  -39.615  69.729 0.1111110002
38198  -29.951  -39.314  68.792 0.2222220004
37298  -34.174  -39.954  65.819 0.2222220004
37318  -35.363  -40.278  63.720 0.2222220004
38211  -32.558  -39.082  67.693 0.2222220004
39175  -36.964  -39.146  61.837 0.4444440007
134335  -31.966  -38.737  67.050 0.2222220004
38225  -32.981  -39.178  66.063 0.2222220004
38251  -33.502  -39.194  63.540 0.4444440007
39192  -35.227  -38.626  61.422 0.5555559993
38242  -32.781  -39.000  64.147 0.3333329856
40153  -36.668  -38.025  60.852 0.4444440007
39141  -30.975  -37.811  64.201 0.4444440007
119001  -32.104  -38.499  63.835 0.4444440007
39120  -30.106  -38.135  66.839 0.3333329856
40099  -30.170  -37.572  65.416 0.4444440007
128858  -38.170  -25.761  60.752 0.4444440007
49748  -38.970  -25.464  61.669 0.2222220004
123042  -39.097  -25.646  59.210 0.4444440007
129918  -47.291  -24.556  55.239 0.2222220004
51700  -48.422  -24.271  55.579 0.2222220004
51725  -47.044  -23.764  53.771 0.2222220004
50861  -45.247  -25.061  53.887 0.3333329856
50845  -45.444  -25.438  54.652 0.1111110002
50862  -45.976  -24.941  54.304 0.3333329856
51739  -46.030  -23.822  52.909 0.3333329856
52607  -49.169  -23.023  54.735 0.1111110002
53505  -48.595  -22.534  53.315 0.1111110002
140719  -48.132  -22.162  52.677 0.1111110002
56193  -49.164  -18.974  52.306 0.1111110002
62537  -54.888  -12.244  45.550 0.4444440007
63526  -55.206  -11.426  45.238 0.4444440007
128077  -54.297  -9.937  43.938 0.4444440007
70765  -53.090  -3.259  43.504 0.2222220004
70769  -52.420  -3.611  42.411 0.3333329856
70778  -53.030  -3.114  41.371 0.3333329856
72389  -54.184  -1.430  41.189 0.2222220004
71598  -53.813  -2.423  40.630 0.3333329856
71608  -54.469  -2.529  40.073 0.4444440007
73181  -54.769  -1.035  40.850 0.3333329856
31199  -21.680  -47.547  75.049 0.1111110002
31200  -22.284  -46.749  75.199 0.2222220004
31187  -22.359  -47.437  76.304 0.1111110002
132296  -9.471  -53.209  78.426 0.1111110002
118722  -8.047  -52.027  77.523 0.1111110002
28588  -7.825  -50.902  77.165 0.1111110002
27677  -7.798  -51.617  76.805 0.1111110002
30295  -20.887  -49.049  76.012 0.1111110002
40078  -37.801  -37.554  67.117 0.1111110002
41027  -37.989  -36.943  66.238 0.1111110002
41017  -38.498  -36.868  67.224 0.1111110002
43667  -32.434  -33.577  64.676 0.2222220004
123011  -32.982  -33.818  65.256 0.1111110002
136673  -32.601  -33.152  64.033 0.1111110002
119770  -33.223  -33.282  64.419 0.1111110002
50788  -39.658  -25.152  60.455 0.3333329856
49801  -39.020  -25.883  58.495 0.4444440007
49781  -39.970  -25.575  59.511 0.3333329856
49764  -40.735  -25.797  60.077 0.3333329856
49802  -40.021  -26.003  58.636 0.2222220004
138507  -40.851  -26.068  59.533 0.3333329856
119538  -39.992  -26.352  57.776 0.4444440007
49803  -41.953  -26.596  58.708 0.2222220004
49782  -41.576  -26.349  59.567 0.2222220004
49825  -41.045  -26.675  58.042 0.3333329856
49783  -42.876  -26.630  59.033 0.2222220004
139685  -42.261  -26.541  59.283 0.2222220004
116551  -42.010  -26.810  57.883 0.2222220004
49804  -42.748  -26.723  58.136 0.2222220004
48886  -41.686  -27.019  57.195 0.2222220004
49827  -43.359  -26.663  57.507 0.2222220004
49871  -44.962  -25.912  55.105 0.2222220004
49784  -43.766  -26.601  59.199 0.2222220004
61539  -55.411  -13.003  45.986 0.3333329856
64537  -55.729  -9.751  43.895 0.3333329856
65456  -56.140  -9.735  42.268 0.3333329856
64544  -58.185  -10.847  42.409 0.2222220004
64547  -58.522  -10.326  41.563 0.3333329856
65469  -58.504  -9.452  40.893 0.3333329856
123714  -59.126  -8.164  40.313 0.2222220004
66343  -60.583  -8.971  40.329 0.2222220004
135996  -59.153  -7.535  40.083 0.2222220004
67210  -59.600  -7.090  39.927 0.2222220004
66355  -60.460  -8.121  40.044 0.2222220004
67211  -60.324  -7.345  39.878 0.2222220004
67198  -58.520  -7.719  40.177 0.3333329856
67209  -58.767  -6.908  39.863 0.2222220004
68051  -59.449  -6.363  39.709 0.2222220004
66356  -61.250  -8.483  39.933 0.2222220004
68052  -60.173  -6.614  39.740 0.2222220004
125762  -60.938  -6.866  39.596 0.2222220004
126039  -60.028  -5.890  39.619 0.2222220004
68966  -60.562  -5.375  39.384 0.3333329856
129472  -60.731  -6.135  39.471 0.2222220004
68053  -61.438  -6.381  39.295 0.2222220004
128964  -61.888  -7.114  39.347 0.3333329856
68967  -61.342  -5.668  39.149 0.3333329856
68964  -59.016  -5.029  39.595 0.3333329856
125094  -59.408  -5.682  39.602 0.2222220004
69895  -59.463  -4.174  39.457 0.3333329856
68965  -59.817  -5.120  39.562 0.4444440007
69896  -60.357  -4.538  39.336 0.3333329856
68971  -62.329  -6.145  38.863 0.3333329856
69897  -61.131  -4.844  39.095 0.4444440007
70815  -61.669  -4.276  38.798 0.4444440007
126587  -61.945  -5.117  38.795 0.4444440007
117875  -58.841  -3.539  39.437 0.4444440007
70805  -59.488  -3.190  39.338 0.4444440007
70806  -60.195  -3.642  39.233 0.3333329856
70807  -60.928  -4.020  39.032 0.4444440007
69903  -62.497  -4.437  38.487 0.3333329856
68972  -62.844  -5.272  38.450 0.3333329856
71622  -63.119  -2.157  38.040 0.4444440007
127672  -59.573  -2.333  39.337 0.4444440007
71611  -60.163  -2.819  39.149 0.4444440007
70814  -60.791  -3.200  38.871 0.4444440007
137323  -62.154  -3.592  38.589 0.4444440007
71621  -62.377  -2.014  38.502 0.4444440007
70816  -62.637  -2.842  38.343 0.4444440007
138377  -61.675  -1.825  38.716 0.3333329856
72426  -62.115  -1.242  38.616 0.3333329856
72427  -62.817  -1.350  38.177 0.3333329856
49846  -43.163  -26.776  56.698 0.2222220004
49826  -42.572  -26.854  57.307 0.2222220004
120333  -57.297  -9.568  41.393 0.3333329856
127514  -58.650  -5.907  39.590 0.3333329856
72415  -60.543  -1.358  39.077 0.4444440007
73209  -62.553  -0.459  38.341 0.3333329856
64546  -57.566  -10.293  41.943 0.2222220004
64543  -57.537  -10.725  42.697 0.2222220004
40100  -37.317  -37.162  65.434 0.1111110002
65455  -55.369  -9.538  42.151 0.3333329856
117831  -56.148  -9.927  43.089 0.3333329856
134320  -40.920  -26.255  58.981 0.2222220004
117455  -43.551  -26.610  58.346 0.2222220004
139392  -61.413  -3.567  38.775 0.4444440007
138796  -60.728  -2.539  38.884 0.4444440007
124353  -61.587  -2.684  38.696 0.4444440007
124325  -63.011  -3.709  38.166 0.3333329856
72416  -61.307  -1.255  38.839 0.3333329856
73210  -63.144  -0.689  37.722 0.3333329856
132539  -12.267  -51.184  81.834 0.1111110002
31162  -13.683  -47.311  78.302 0.1111110002
115230  -36.613  -41.482  66.879 0.1111110002
132278  -37.717  -40.323  66.567 0.1111110002
115783  -37.165  -41.148  66.509 0.1111110002
139201  -38.643  -39.728  64.898 0.1111110002
43605  -26.505  -32.670  69.443 0.1111110002
43575  -27.623  -33.186  72.411 0.1111110002
117039  -27.962  -32.591  70.966 0.1111110002
43584  -27.165  -32.943  71.488 0.1111110002
137350  -27.330  -32.618  70.547 0.1111110002
44425  -28.277  -32.207  70.104 0.1111110002
44431  -27.125  -32.206  68.847 0.1111110002
44433  -28.763  -31.998  69.399 0.1111110002
44432  -28.111  -31.763  69.114 0.1111110002
44441  -27.746  -31.869  68.143 0.1111110002
44426  -29.175  -32.366  70.150 0.1111110002
44442  -28.462  -31.986  68.625 0.1111110002
44513  -34.341  -32.323  63.687 0.1111110002
46983  -35.107  -29.380  65.484 0.1111110002
47895  -34.894  -28.691  66.019 0.1111110002
45276  -35.021  -31.377  63.978 0.2222220004
49749  -39.561  -25.271  61.905 0.1111110002
49750  -41.251  -25.610  61.453 0.1111110002
50762  -40.183  -25.139  61.746 0.1111110002
50761  -39.594  -25.022  61.233 0.2222220004
49751  -42.374  -26.133  61.134 0.1111110002
50776  -40.488  -25.314  60.914 0.1111110002
49765  -41.646  -26.157  60.518 0.1111110002
50763  -42.897  -25.942  61.941 0.1111110002
49752  -43.431  -26.284  61.135 0.1111110002
140128  -42.399  -26.364  60.482 0.1111110002
49753  -44.402  -26.362  61.153 0.1111110002
50764  -43.852  -26.119  61.944 0.1111110002
49766  -42.989  -26.438  60.425 0.1111110002
49754  -45.340  -26.379  61.147 0.1111110002
123761  -43.212  -26.566  59.717 0.1111110002
133160  -42.455  -26.494  59.841 0.1111110002
49755  -46.081  -26.272  61.064 0.1111110002
49768  -44.954  -26.498  60.332 0.1111110002
49767  -43.928  -26.515  60.211 0.1111110002
57081  -50.398  -18.051  52.180 0.1111110002
50777  -46.497  -26.017  60.554 0.1111110002
49769  -45.791  -26.285  60.397 0.1111110002
49785  -44.652  -26.500  59.415 0.1111110002
57995  -52.139  -16.465  52.046 0.1111110002
60511  -53.617  -14.959  51.549 0.1111110002
60524  -53.675  -14.541  50.605 0.1111110002
59688  -52.392  -15.925  51.802 0.1111110002
59689  -52.974  -15.564  51.676 0.1111110002
60512  -54.291  -14.341  51.372 0.1111110002
140747  -54.299  -14.101  50.666 0.1111110002
61469  -54.791  -13.782  50.413 0.1111110002
59701  -52.303  -15.692  51.064 0.1111110002
59702  -52.950  -15.206  50.548 0.1111110002
58864  -51.701  -16.050  51.479 0.1111110002
61462  -55.813  -12.582  50.705 0.1111110002
62478  -56.653  -12.155  50.418 0.1111110002
61470  -55.387  -13.433  50.200 0.1111110002
61472  -57.074  -12.684  49.581 0.1111110002
61471  -56.201  -13.230  49.781 0.1111110002
59715  -52.612  -15.236  49.433 0.1111110002
60532  -53.344  -14.854  49.500 0.1111110002
60535  -55.771  -14.150  49.273 0.1111110002
60534  -55.107  -14.297  49.387 0.1111110002
61473  -58.021  -12.294  49.410 0.1111110002
135751  -51.483  -15.838  50.368 0.1111110002
124768  -52.255  -15.504  50.128 0.1111110002
60549  -57.285  -14.146  48.317 0.1111110002
61489  -58.595  -13.497  48.688 0.1111110002
119519  -50.961  -15.729  49.327 0.2222220004
59729  -52.989  -15.025  48.585 0.1111110002
60547  -54.751  -14.617  48.476 0.1111110002
60548  -55.606  -14.471  48.503 0.1111110002
131404  -56.425  -14.249  48.630 0.1111110002
121242  -59.203  -13.672  47.182 0.1111110002
121866  -56.764  -14.323  47.726 0.1111110002
60550  -58.108  -13.971  48.119 0.1111110002
61502  -59.792  -13.731  47.757 0.1111110002
61503  -60.591  -13.439  47.514 0.1111110002
60564  -54.271  -14.636  47.656 0.2222220004
60566  -56.068  -14.474  47.877 0.1111110002
61522  -58.653  -13.368  46.665 0.1111110002
141290  -59.331  -13.181  46.586 0.1111110002
62520  -59.795  -12.313  46.363 0.1111110002
62521  -60.511  -11.346  46.415 0.1111110002
59727  -51.336  -15.364  48.612 0.2222220004
60581  -56.965  -13.939  46.952 0.1111110002
61524  -60.654  -12.733  46.703 0.1111110002
63514  -60.577  -10.513  46.183 0.1111110002
64507  -63.649  -9.822  46.116 0.1111110002
64515  -63.211  -9.797  45.780 0.1111110002
120594  -53.725  -14.359  47.004 0.2222220004
61518  -54.623  -13.476  46.402 0.2222220004
60580  -56.150  -14.242  47.187 0.1111110002
129178  -57.812  -13.594  46.807 0.1111110002
63517  -63.547  -10.486  46.611 0.1111110002
139981  -54.011  -13.813  46.589 0.2222220004
61540  -56.447  -12.632  45.838 0.1111110002
61541  -57.455  -12.070  45.721 0.1111110002
62541  -59.305  -11.671  45.753 0.1111110002
63515  -61.115  -10.538  46.402 0.1111110002
64493  -64.681  -9.453  47.175 0.1111110002
64514  -62.237  -9.757  45.688 0.1111110002
62540  -58.461  -11.881  45.700 0.1111110002
126564  -59.728  -10.930  45.452 0.1111110002
134714  -60.696  -10.165  45.255 0.1111110002
62538  -55.771  -12.078  45.497 0.2222220004
62539  -56.632  -11.679  45.490 0.1111110002
137346  -57.288  -11.217  45.359 0.1111110002
63530  -58.888  -10.985  45.133 0.1111110002
118592  -59.767  -10.627  44.947 0.1111110002
63545  -60.966  -10.711  44.312 0.1111110002
62547  -61.010  -11.821  42.846 0.1111110002
63552  -56.951  -10.426  44.439 0.1111110002
63541  -57.511  -10.651  44.964 0.1111110002
63554  -58.410  -10.998  43.812 0.1111110002
63555  -59.120  -11.194  43.501 0.1111110002
63556  -60.006  -11.453  43.293 0.1111110002
64539  -57.267  -10.640  43.402 0.1111110002
63567  -58.652  -11.253  42.973 0.1111110002
63568  -59.471  -11.402  42.724 0.1111110002
63569  -60.323  -11.647  42.281 0.1111110002
62556  -61.126  -11.970  42.171 0.1111110002
64548  -60.162  -11.234  41.470 0.1111110002
63527  -56.061  -11.184  45.248 0.2222220004
63540  -56.345  -10.555  44.939 0.2222220004
137834  -55.632  -10.024  44.453 0.2222220004
64525  -56.174  -10.124  44.464 0.2222220004
63566  -57.922  -11.047  43.180 0.1111110002
63571  -58.969  -11.034  42.193 0.2222220004
63572  -59.655  -11.315  42.023 0.1111110002
122133  -59.421  -10.727  41.535 0.1111110002
64551  -60.120  -10.198  40.980 0.1111110002
64550  -59.265  -9.831  41.019 0.1111110002
116949  -59.160  -8.978  40.560 0.1111110002
139577  -60.375  -9.543  40.613 0.1111110002
67213  -62.629  -7.749  39.090 0.1111110002
122694  -56.845  -10.292  42.668 0.1111110002
66342  -59.826  -8.531  40.341 0.1111110002
68920  -53.354  -5.456  46.597 0.1111110002
68002  -51.849  -5.910  46.608 0.1111110002
68919  -52.556  -5.364  46.222 0.1111110002
68928  -53.456  -5.010  46.049 0.1111110002
69856  -54.597  -4.152  45.015 0.1111110002
120352  -55.197  -3.614  44.421 0.1111110002
71575  -55.685  -3.070  44.215 0.1111110002
72370  -57.399  -1.491  45.113 0.1111110002
73157  -57.936  -0.842  45.497 0.1111110002
69848  -53.461  -4.420  45.340 0.1111110002
70759  -54.263  -3.550  44.346 0.1111110002
139638  -56.093  -2.487  44.341 0.1111110002
69855  -52.179  -4.321  44.416 0.1111110002
121060  -58.025  -0.010  45.677 0.1111110002
73164  -56.659  -0.209  45.047 0.1111110002
70758  -53.356  -3.602  44.173 0.1111110002
74966  -57.899  1.065  39.952 0.2222220004
138878  -57.017  -1.154  39.477 0.2222220004
73197  -58.180  -0.385  39.537 0.2222220004
74084  -59.233  0.661  39.587 0.2222220004
71620  -60.985  -1.950  38.838 0.3333329856
72428  -63.373  -1.496  37.560 0.1111110002
72437  -63.732  -1.632  36.882 0.1111110002
71631  -63.634  -2.286  37.361 0.2222220004
74967  -58.693  1.254  39.788 0.2222220004
73216  -63.353  -0.064  37.211 0.1111110002
125554  -63.541  -0.858  37.075 0.1111110002
76800  -60.243  3.014  39.761 0.1111110002
74968  -59.590  1.548  39.638 0.1111110002
74095  -62.976  0.098  37.857 0.1111110002
74101  -63.092  0.823  37.301 0.1111110002
73223  -63.420  -0.287  36.413 0.1111110002
74123  -63.204  0.467  35.989 0.1111110002
76801  -61.240  3.571  39.521 0.1111110002
74110  -63.308  0.423  36.664 0.1111110002
73236  -63.320  -0.950  35.693 0.1111110002
62502  -62.021  -12.474  47.197 0.1111110002
64508  -64.628  -9.344  46.308 0.1111110002
61476  -60.759  -13.061  48.757 0.1111110002
63516  -62.797  -11.150  46.623 0.1111110002
62522  -62.132  -11.678  46.618 0.1111110002
63558  -62.364  -11.867  43.665 0.1111110002
63547  -62.743  -10.755  44.448 0.1111110002
62548  -61.750  -12.186  43.090 0.1111110002
121882  -51.241  -6.344  46.855 0.1111110002
44531  -34.744  -31.514  62.883 0.2222220004
126822  -26.335  -32.558  68.708 0.1111110002
133314  -34.649  -29.476  64.826 0.1111110002
69847  -52.484  -4.505  45.097 0.1111110002
74082  -57.534  0.303  39.782 0.2222220004
46111  -35.168  -30.304  64.920 0.1111110002
60546  -53.833  -14.797  48.525 0.1111110002
132352  -37.112  -40.826  65.777 0.1111110002
115232  -38.224  -40.370  64.940 0.1111110002
136976  -37.801  -40.223  65.978 0.1111110002
73195  -56.471  -0.842  39.735 0.2222220004
115097  -12.562  -51.490  82.456 0.1111110002
71573  -53.860  -3.039  43.798 0.1111110002
61519  -55.399  -13.935  46.716 0.2222220004
61520  -56.260  -13.539  46.466 0.1111110002
64538  -56.529  -10.147  43.695 0.1111110002
49805  -44.380  -26.465  58.506 0.1111110002
115788  -37.772  -39.745  66.097 0.1111110002
132271  -37.654  -40.950  66.923 0.1111110002
117041  -26.716  -32.785  70.116 0.1111110002
43606  -27.347  -32.361  69.713 0.1111110002
43585  -28.234  -32.798  71.684 0.1111110002
43595  -28.813  -32.544  70.932 0.1111110002
43586  -29.247  -32.761  71.711 0.1111110002
46976  -35.604  -29.293  66.298 0.1111110002
60533  -54.194  -14.427  49.622 0.1111110002
61487  -56.973  -13.797  49.013 0.1111110002
61488  -57.683  -13.540  48.842 0.1111110002
59714  -51.819  -15.488  49.392 0.2222220004
60567  -57.566  -14.073  47.540 0.1111110002
61501  -58.393  -13.831  47.380 0.1111110002
60565  -55.288  -14.470  47.576 0.2222220004
60579  -54.573  -14.224  46.962 0.2222220004
62518  -58.096  -12.813  46.197 0.1111110002
61521  -57.180  -13.157  46.272 0.1111110002
63531  -60.349  -10.420  45.720 0.1111110002
64506  -62.613  -10.014  46.103 0.1111110002
64505  -61.570  -9.916  46.083 0.1111110002
63529  -57.967  -11.127  45.277 0.1111110002
64504  -60.879  -9.959  46.028 0.1111110002
140636  -61.376  -10.102  44.892 0.1111110002
64526  -62.069  -9.969  44.974 0.1111110002
63543  -58.954  -10.944  44.446 0.1111110002
63544  -60.163  -10.773  44.359 0.1111110002
137959  -59.517  -10.926  44.141 0.1111110002
63528  -56.813  -10.869  45.178 0.2222220004
63553  -57.712  -10.726  44.103 0.1111110002
63546  -61.821  -10.686  44.286 0.1111110002
130028  -60.666  -11.280  43.616 0.1111110002
65470  -59.906  -9.298  40.671 0.1111110002
139949  -53.712  -3.947  44.739 0.1111110002
71574  -54.798  -2.883  43.915 0.1111110002
71576  -56.841  -2.236  44.624 0.1111110002
72369  -57.149  -0.698  45.261 0.1111110002
75844  -59.479  2.440  39.891 0.2222220004
122535  -44.160  -20.641  58.031 0.1111110002
55235  -42.955  -20.777  58.464 0.1111110002
55257  -44.621  -20.305  57.890 0.1111110002
55238  -45.281  -20.015  58.182 0.1111110002
117973  -42.260  -20.830  58.123 0.1111110002
129228  -42.223  -20.948  57.448 0.1111110002
55256  -43.559  -20.807  57.843 0.1111110002
55276  -44.124  -20.304  57.349 0.1111110002
55254  -41.592  -20.923  57.657 0.1111110002
55273  -41.812  -20.993  56.892 0.1111110002
128205  -43.638  -19.874  56.608 0.1111110002
55286  -42.121  -20.327  56.148 0.1111110002
55227  -45.077  -20.151  59.019 0.1111110002
56107  -45.654  -19.814  59.598 0.1111110002
56108  -46.626  -19.542  59.411 0.1111110002
55237  -44.514  -20.375  58.503 0.1111110002
55226  -44.221  -20.288  59.260 0.1111110002
55234  -41.550  -20.467  58.416 0.1111110002
56106  -44.710  -19.997  59.804 0.1111110002
56094  -42.702  -19.948  59.716 0.1111110002
55214  -43.292  -20.033  59.827 0.1111110002
55225  -43.588  -20.295  59.423 0.1111110002
55215  -43.907  -20.076  59.900 0.1111110002
55224  -43.083  -20.378  59.215 0.1111110002
56095  -43.581  -19.721  60.399 0.1111110002
126037  -41.356  -20.806  56.260 0.1111110002
55275  -43.340  -20.583  57.028 0.1111110002
55274  -42.596  -20.745  56.865 0.1111110002
54292  -34.611  -21.227  61.100 0.1111110002
54293  -35.265  -20.843  61.430 0.1111110002
54290  -36.489  -20.648  62.367 0.1111110002
55201  -37.004  -19.983  61.944 0.1111110002
55206  -35.734  -20.364  60.938 0.1111110002
55192  -38.668  -20.503  63.949 0.1111110002
55203  -38.352  -19.682  62.660 0.1111110002
55208  -37.055  -19.640  61.149 0.1111110002
55207  -36.382  -20.112  61.444 0.1111110002
55211  -36.422  -20.062  60.577 0.1111110002
56077  -38.610  -19.084  61.781 0.1111110002
66369  -63.319  -8.229  38.768 0.1111110002
67219  -63.328  -7.458  38.631 0.2222220004
123826  -63.888  -7.918  38.319 0.2222220004
73173  -54.628  -0.807  41.488 0.2222220004
73183  -55.844  0.331  40.712 0.1111110002
74955  -56.826  1.337  40.883 0.1111110002
74957  -58.274  1.758  40.226 0.1111110002
75843  -58.724  2.524  40.477 0.1111110002
139424  -55.229  -0.793  40.613 0.1111110002
74071  -56.461  0.762  40.596 0.1111110002
74958  -58.906  1.932  39.914 0.1111110002
72410  -55.823  -1.395  39.841 0.1111110002
68062  -63.934  -6.239  37.964 0.2222220004
69904  -63.404  -4.574  38.013 0.2222220004
68973  -63.721  -5.424  37.929 0.2222220004
76782  -59.473  3.313  40.391 0.1111110002
56089  -37.946  -19.312  60.990 0.1111110002
133433  -55.742  -0.580  40.288 0.1111110002
138445  -63.260  -5.938  38.426 0.2222220004
120312  -63.311  -6.651  38.533 0.2222220004
74072  -57.117  0.884  40.247 0.1111110002
75842  -57.957  2.201  40.866 0.1111110002
74956  -57.558  1.539  40.548 0.1111110002
53406  -34.924  -21.523  61.921 0.1111110002
54289  -35.669  -21.174  62.231 0.1111110002
140825  -35.869  -20.550  61.695 0.1111110002
55202  -37.501  -20.345  62.738 0.1111110002
55209  -37.710  -19.561  61.896 0.1111110002
55197  -38.227  -20.402  63.382 0.1111110002
31163  -14.470  -47.176  78.220 0.1111110002
34740  -24.539  -42.942  72.816 0.1111110002
35604  -24.365  -42.578  72.066 0.1111110002
35605  -24.841  -42.219  72.724 0.1111110002
36392  -25.434  -41.383  74.000 0.1111110002
35621  -25.005  -41.824  72.178 0.1111110002
120485  -25.489  -41.244  72.331 0.1111110002
36417  -25.297  -41.299  71.481 0.1111110002
37184  -17.990  -40.320  73.247 0.1111110002
119280  -18.420  -39.604  73.303 0.2222220004
38147  -18.598  -39.270  72.562 0.2222220004
38158  -18.862  -39.107  71.027 0.2222220004
39069  -18.839  -38.834  71.942 0.1111110002
40046  -19.802  -37.600  71.231 0.2222220004
40047  -20.215  -37.624  70.476 0.2222220004
134286  -20.585  -36.826  70.841 0.2222220004
41895  -23.097  -35.199  70.426 0.1111110002
118796  -24.781  -34.250  70.833 0.1111110002
42759  -23.488  -34.869  69.722 0.1111110002
42760  -24.249  -34.248  69.672 0.1111110002
42746  -25.170  -33.652  69.912 0.1111110002
116654  -25.661  -33.069  69.103 0.1111110002
44514  -34.720  -31.794  63.489 0.1111110002
51576  -33.184  -24.309  66.928 0.1111110002
49860  -44.480  -26.279  55.489 0.1111110002
50838  -47.035  -24.942  55.732 0.1111110002
51699  -47.730  -24.661  55.739 0.1111110002
51692  -48.296  -24.761  56.341 0.1111110002
67253  -63.827  -7.966  35.192 0.1111110002
65537  -63.099  -9.262  35.272 0.1111110002
66411  -63.425  -8.601  35.170 0.1111110002
66410  -62.764  -8.595  35.299 0.1111110002
70777  -52.661  -3.346  41.899 0.1111110002
68094  -62.963  -6.963  35.059 0.1111110002
69008  -62.311  -5.889  35.311 0.1111110002
69009  -63.263  -5.993  34.857 0.1111110002
67254  -64.344  -7.383  35.567 0.1111110002
138728  -54.311  -1.757  43.323 0.1111110002
128973  -52.578  -3.461  42.976 0.1111110002
72382  -54.736  -1.210  43.462 0.1111110002
72384  -53.704  -1.934  42.279 0.1111110002
71578  -53.050  -2.999  42.947 0.1111110002
71583  -53.340  -2.542  42.628 0.1111110002
72385  -54.168  -1.347  41.909 0.1111110002
67220  -64.127  -7.160  38.037 0.1111110002
69910  -64.283  -4.823  37.131 0.1111110002
68979  -64.400  -5.760  37.256 0.1111110002
68980  -64.660  -6.138  36.630 0.1111110002
131229  -64.809  -7.390  37.197 0.1111110002
68096  -64.199  -6.637  35.453 0.1111110002
68993  -64.531  -6.169  35.894 0.1111110002
67241  -64.850  -7.713  36.255 0.1111110002
140541  -63.618  -6.527  35.015 0.1111110002
69931  -62.871  -5.152  34.598 0.1111110002
73167  -55.294  -0.431  43.661 0.1111110002
73166  -54.737  -0.721  43.057 0.1111110002
73169  -54.615  -0.716  42.335 0.1111110002
70817  -63.361  -2.965  37.770 0.1111110002
124420  -63.793  -3.811  37.385 0.1111110002
117740  -64.209  -4.181  36.551 0.1111110002
68992  -64.532  -5.558  36.274 0.1111110002
131399  -64.039  -5.744  35.224 0.1111110002
69944  -63.046  -4.560  34.172 0.1111110002
69017  -63.394  -5.132  34.667 0.1111110002
70824  -64.043  -3.451  36.532 0.1111110002
70831  -64.029  -4.074  35.742 0.1111110002
69917  -64.304  -4.858  35.890 0.1111110002
69932  -63.862  -4.749  34.991 0.1111110002
72445  -63.627  -1.693  36.082 0.1111110002
118260  -43.881  -26.544  56.866 0.1111110002
139106  -23.898  -43.049  71.811 0.1111110002
37214  -25.882  -40.818  71.099 0.1111110002
71639  -63.853  -2.510  36.487 0.1111110002
137888  -63.825  -2.994  37.149 0.1111110002
71580  -54.125  -2.357  43.516 0.1111110002
36407  -25.276  -41.449  73.073 0.1111110002
39052  -18.919  -38.951  73.282 0.2222220004
42730  -23.843  -34.649  70.618 0.1111110002
43593  -25.636  -33.612  70.804 0.1111110002
67252  -63.153  -7.898  35.100 0.1111110002
68095  -63.628  -7.238  35.132 0.1111110002
72378  -55.345  -1.289  44.002 0.1111110002
68069  -64.556  -6.552  37.310 0.1111110002
68080  -64.694  -6.825  36.319 0.1111110002
39060  -19.012  -38.711  72.666 0.1111110002
39070  -19.270  -38.245  71.511 0.1111110002
139464  -20.202  -37.230  71.050 0.1111110002
30277  -7.732  -48.427  77.920 0.2222220004
31182  -11.832  -48.225  76.781 0.6666669846
32042  -7.968  -46.609  76.187 0.1111110002
32058  -23.041  -45.812  74.748 0.2222220004
32878  -7.649  -45.386  79.056 0.1111110002
32880  -8.123  -44.725  78.538 0.1111110002
32887  -8.017  -45.354  77.910 0.1111110002
33833  -24.883  -44.555  75.375 0.1111110002
36442  -34.715  -41.058  69.488 0.1111110002
36443  -35.240  -41.919  69.516 0.1111110002
37288  -34.607  -40.470  66.243 0.2222220004
39144  -37.222  -38.099  64.937 0.2222220004
39146  -38.404  -38.338  64.107 0.2222220004
39157  -39.224  -38.557  64.006 0.3333329856
39178  -38.996  -38.350  64.005 0.2222220004
40107  -37.084  -37.349  64.862 0.2222220004
41048  -37.084  -36.856  64.240 0.2222220004
41076  -30.050  -36.516  61.214 0.7777780294
42877  -36.911  -34.396  58.374 0.8888890147
48841  -31.549  -27.289  61.051 0.6666669846
48861  -32.106  -27.940  59.190 0.6666669846
49747  -31.645  -26.033  61.379 0.7777780294
49847  -43.663  -26.685  56.198 0.1111110002
53504  -48.010  -22.594  52.957 0.3333329856
55236  -43.701  -20.569  58.713 0.1111110002
55255  -42.845  -20.905  57.623 0.1111110002
60486  -45.915  -14.108  55.282 0.2222220004
60551  -58.970  -13.895  47.968 0.1111110002
61491  -60.344  -13.497  48.388 0.1111110002
61523  -59.936  -13.329  46.928 0.1111110002
61525  -61.403  -12.145  46.646 0.1111110002
62503  -62.638  -11.964  47.241 0.1111110002
62519  -58.957  -12.630  46.150 0.1111110002
62536  -54.064  -12.295  45.665 0.4444440007
62542  -60.032  -11.068  46.131 0.1111110002
63445  -44.501  -11.646  51.885 0.4444440007
63456  -44.913  -11.147  51.466 0.4444440007
63539  -55.574  -10.552  44.879 0.2222220004
63542  -58.223  -10.755  44.704 0.1111110002
64513  -61.437  -9.848  45.593 0.1111110002
65383  -49.881  -9.602  52.335 0.1111110002
65391  -50.426  -8.961  51.859 0.1111110002
65433  -65.308  -8.706  46.783 0.1111110002
66258  -52.980  -8.291  52.798 0.1111110002
66275  -52.198  -7.934  50.998 0.1111110002
66354  -59.731  -7.796  40.082 0.1111110002
67132  -55.147  -6.660  51.756 0.1111110002
67140  -53.448  -7.027  50.652 0.1111110002
67194  -54.526  -7.478  40.579 0.7777780294
67212  -61.128  -7.657  39.740 0.2222220004
67979  -53.217  -6.436  49.127 0.1111110002
68932  -51.717  -4.783  44.697 0.4444440007
68944  -51.645  -5.330  41.832 0.5555559993
68953  -53.668  -5.632  40.465 0.5555559993
69862  -52.149  -3.981  42.046 0.4444440007
70792  -53.348  -3.085  40.805 0.3333329856
70793  -53.877  -3.101  40.270 0.5555559993
71579  -53.518  -2.689  43.239 0.1111110002
71582  -52.855  -3.095  42.426 0.1111110002
72379  -56.639  -1.099  44.880 0.1111110002
72381  -53.794  -2.035  43.008 0.1111110002
72388  -53.727  -1.934  41.533 0.1111110002
72397  -53.816  -1.935  40.983 0.3333329856
72399  -55.205  -1.261  40.339 0.1111110002
73156  -57.309  -0.037  45.450 0.1111110002
73170  -55.098  -0.113  42.822 0.1111110002
73196  -57.220  -0.499  39.618 0.2222220004
74067  -56.110  1.017  41.186 0.1111110002
74081  -56.583  0.093  40.060 0.1111110002
74083  -58.394  0.495  39.672 0.2222220004
74953  -57.307  1.914  41.242 0.1111110002
75910  -61.051  2.198  35.371 0.1111110002
76830  -62.632  3.845  37.203 0.1111110002
78689  -61.870  5.630  35.549 0.1111110002
115823  -37.539  -40.662  66.189 0.1111110002
116014  -38.043  -39.473  65.239 0.1111110002
116080  -36.575  -41.182  66.074 0.2222220004
117333  -50.666  -8.548  51.224 0.2222220004
117338  -45.936  -19.573  58.177 0.1111110002
117569  -47.762  -24.288  55.207 0.2222220004
118208  -32.534  -26.840  64.067 0.2222220004
122094  -56.246  -3.755  39.534 0.6666669846
122434  -33.281  -23.744  63.119 0.2222220004
122790  -49.388  -10.321  52.663 0.1111110002
129031  -62.086  -10.591  46.340 0.1111110002
129596  -45.280  -10.716  51.116 0.4444440007
130535  -63.129  -0.160  35.705 0.1111110002
131584  -42.741  -13.505  53.186 0.5555559993
132189  -37.658  -40.452  65.543 0.1111110002
132319  -38.042  -39.966  65.478 0.1111110002
132428  -16.718  -50.554  78.241 0.2222220004
133701  -61.837  7.537  37.384 0.1111110002
136661  -43.180  -13.050  52.967 0.5555559993
136926  -41.868  -27.338  55.804 0.5555559993
137246  -54.256  -1.357  42.783 0.1111110002
137944  -32.518  -26.035  57.928 1.0000000000
138362  -52.981  -3.432  41.060 0.4444440007
138810  -34.464  -40.473  66.778 0.2222220004
138928  -62.644  0.192  38.262 0.3333329856
139408  -52.892  -4.020  44.666 0.1111110002
140155  -43.648  -12.991  53.386 0.4444440007
140796  -7.687  -46.033  79.998 0.1111110002
141031  -39.265  -27.099  55.253 1.0000000000
141305  -62.172  2.527  38.878 0.2222220004
