#!ascii label  , from subject sub-v2s18x29527_ses-1 vox2ras=TkReg
5844
49999  22.391  -27.633  75.896 0.0000000000
75284  9.049  0.078  84.270 0.0000000000
58994  19.314  -17.320  84.281 0.0000000000
52780  4.458  -25.046  79.631 0.0000000000
135830  35.637  -23.407  77.569 0.0000000000
64618  7.175  -10.871  72.944 0.0000000000
69259  50.050  -6.192  55.524 0.0000000000
77549  58.965  2.277  43.797 0.0000000000
56356  22.663  -20.279  76.715 0.0000000000
57299  23.804  -18.725  67.472 0.0000000000
44358  16.902  -33.115  79.580 0.0000000000
51858  10.945  -25.049  78.017 0.0000000000
49085  29.157  -28.095  77.505 0.0000000000
58210  29.018  -19.142  63.769 0.0000000000
78127  3.654  3.745  80.062 0.0000000000
85694  7.867  13.023  80.080 0.0000000000
62858  6.527  -13.695  80.705 0.0000000000
57255  1.010  -20.196  73.617 0.0000000000
68988  6.327  -6.132  79.759 0.0000000000
140281  10.338  -2.857  73.977 0.0000000000
63777  43.576  -11.654  70.428 0.0000000000
70125  43.783  -5.413  62.899 0.0000000000
65601  48.053  -10.573  63.630 0.0000000000
49019  5.161  -28.251  87.172 0.0000000000
134694  12.674  -19.816  75.036 0.0000000000
57270  37.245  -19.411  70.713 0.0000000000
140777  35.280  -14.150  66.598 0.0000000000
75591  54.515  0.417  49.641 0.0000000000
54691  22.644  -22.713  73.930 0.0000000000
59116  26.327  -17.165  72.218 0.0000000000
54716  24.068  -22.552  71.975 0.0000000000
46504  18.477  -31.852  74.140 0.0000000000
135724  16.219  -26.822  71.815 0.0000000000
46483  22.269  -31.587  76.381 0.0000000000
41263  20.993  -35.895  78.629 0.0000000000
124881  25.452  -28.723  76.373 0.0000000000
46445  24.796  -31.452  81.422 0.0000000000
120894  24.993  -25.037  69.248 0.0000000000
78089  5.548  3.796  86.027 0.0000000000
81570  6.912  7.169  75.300 0.0000000000
79908  9.489  5.510  79.475 0.0000000000
68930  9.401  -6.575  85.156 0.0000000000
65362  3.652  -10.468  84.457 0.0000000000
70847  5.385  -4.709  87.023 0.0000000000
74347  5.628  -0.061  85.127 0.0000000000
118082  43.390  -15.923  68.197 0.0000000000
63783  48.710  -12.262  68.446 0.0000000000
47311  8.392  -30.756  83.793 0.0000000000
54627  17.477  -23.089  80.786 0.0000000000
55488  13.435  -22.581  80.269 0.0000000000
59012  16.069  -17.891  81.253 0.0000000000
62856  14.121  -13.856  80.805 0.0000000000
135116  36.832  -21.767  74.372 0.0000000000
55578  32.703  -21.668  71.538 0.0000000000
60222  31.873  -16.133  64.764 0.0000000000
58136  34.852  -18.825  73.442 0.0000000000
61086  37.920  -15.559  74.371 0.0000000000
60091  4.554  -16.043  73.882 0.0000000000
55610  2.904  -21.442  68.668 0.0000000000
58184  5.283  -18.167  67.701 0.0000000000
67335  5.946  -8.680  69.194 0.0000000000
79349  60.562  5.540  39.553 0.0000000000
56333  22.980  -20.223  81.381 0.0000000000
61038  17.699  -15.595  79.156 0.0000000000
59066  21.520  -17.815  75.538 0.0000000000
59162  20.506  -18.336  68.982 0.0000000000
61188  21.935  -14.694  64.867 0.0000000000
46399  15.911  -31.617  84.545 0.0000000000
116642  11.059  -29.307  83.150 0.0000000000
48240  12.225  -29.540  77.195 0.0000000000
54675  16.650  -22.893  75.801 0.0000000000
39247  19.507  -38.358  83.289 0.0000000000
51865  31.665  -25.323  77.922 0.0000000000
47356  33.775  -30.768  78.986 0.0000000000
122031  29.781  -31.140  81.130 0.0000000000
63013  23.811  -13.853  61.601 0.0000000000
56498  24.638  -20.714  63.781 0.0000000000
52890  29.330  -24.014  69.854 0.0000000000
83214  2.035  9.868  76.160 0.0000000000
57232  5.753  -19.743  75.473 0.0000000000
140789  2.626  -24.450  76.584 0.0000000000
59032  1.253  -17.976  79.494 0.0000000000
62859  3.105  -13.124  80.440 0.0000000000
67270  2.387  -8.522  77.274 0.0000000000
69053  2.174  -7.088  73.162 0.0000000000
70945  8.864  -4.558  77.638 0.0000000000
76288  5.670  1.421  78.166 0.0000000000
65605  40.919  -10.967  63.030 0.0000000000
70098  42.629  -4.745  65.467 0.0000000000
66514  45.240  -9.463  64.655 0.0000000000
69128  49.324  -5.743  65.478 0.0000000000
69216  55.283  -5.845  59.214 0.0000000000
66563  49.500  -9.724  59.131 0.0000000000
52753  2.478  -23.995  84.360 0.0000000000
50863  7.750  -25.882  83.398 0.0000000000
56317  9.124  -20.379  84.677 0.0000000000
54644  8.227  -22.227  78.257 0.0000000000
61066  9.913  -15.398  76.140 0.0000000000
66283  11.163  -9.272  82.628 0.0000000000
63898  28.637  -12.946  60.819 0.0000000000
65636  32.651  -10.774  61.652 0.0000000000
131254  36.713  -10.751  62.472 0.0000000000
63804  38.641  -12.569  67.776 0.0000000000
61091  41.319  -15.215  72.558 0.0000000000
50970  6.062  -26.475  71.563 0.0000000000
70066  4.735  -6.065  68.962 0.0000000000
77499  59.641  2.157  50.167 0.0000000000
70230  57.448  -5.144  54.126 0.0000000000
52828  22.298  -25.058  74.926 0.0000000000
54689  25.986  -22.314  74.495 0.0000000000
52826  25.115  -24.657  75.566 0.0000000000
49120  20.640  -28.408  74.550 0.0000000000
50028  19.916  -27.690  73.294 0.0000000000
48247  22.068  -29.580  76.141 0.0000000000
46491  20.868  -31.850  75.208 0.0000000000
50905  23.782  -27.771  76.169 0.0000000000
48226  22.570  -28.883  78.767 0.0000000000
131956  24.428  -25.941  73.293 0.0000000000
76228  7.501  1.604  85.931 0.0000000000
79010  8.039  6.099  82.699 0.0000000000
77224  8.527  2.895  82.471 0.0000000000
71798  9.617  -3.337  83.130 0.0000000000
121008  9.202  -4.576  83.284 0.0000000000
72674  8.532  -2.839  87.554 0.0000000000
74331  5.142  -0.423  87.661 0.0000000000
138033  19.187  -13.501  85.818 0.0000000000
45404  10.163  -32.922  82.627 0.0000000000
136475  19.264  -21.130  84.177 0.0000000000
56336  17.120  -19.919  80.947 0.0000000000
138952  16.951  -18.065  84.373 0.0000000000
61010  15.609  -15.391  84.889 0.0000000000
128954  36.487  -22.849  75.684 0.0000000000
51901  36.546  -25.530  73.691 0.0000000000
51871  36.534  -25.869  77.390 0.0000000000
55536  34.010  -22.000  75.355 0.0000000000
57258  33.833  -19.732  72.300 0.0000000000
56372  35.436  -20.704  76.184 0.0000000000
57221  37.180  -19.419  76.182 0.0000000000
49963  3.689  -27.115  80.958 0.0000000000
49978  4.723  -27.578  78.499 0.0000000000
62893  6.982  -13.453  74.686 0.0000000000
60125  5.172  -16.397  71.241 0.0000000000
61104  7.003  -14.916  71.046 0.0000000000
59192  7.403  -17.420  67.520 0.0000000000
62924  8.385  -13.386  70.383 0.0000000000
66400  5.960  -9.582  71.337 0.0000000000
78450  60.083  3.929  41.557 0.0000000000
56348  22.565  -19.999  78.823 0.0000000000
129344  22.445  -18.027  78.996 0.0000000000
59035  25.519  -17.600  77.915 0.0000000000
58167  25.085  -17.839  69.356 0.0000000000
59147  23.307  -16.724  70.694 0.0000000000
60159  23.404  -16.234  67.933 0.0000000000
59202  21.206  -16.786  66.775 0.0000000000
123733  23.424  -16.155  66.067 0.0000000000
45419  16.517  -32.392  81.848 0.0000000000
47340  13.836  -30.665  80.977 0.0000000000
46465  14.655  -31.274  78.594 0.0000000000
54695  18.470  -22.623  73.296 0.0000000000
52843  16.049  -24.094  73.398 0.0000000000
55538  19.630  -21.454  75.756 0.0000000000
55496  19.954  -22.026  79.125 0.0000000000
125998  18.700  -34.586  79.372 0.0000000000
40292  21.228  -37.433  81.280 0.0000000000
43240  18.723  -34.495  82.273 0.0000000000
43222  17.960  -34.274  84.548 0.0000000000
50896  30.413  -26.222  76.961 0.0000000000
49950  30.426  -27.316  81.413 0.0000000000
130781  28.389  -28.350  81.390 0.0000000000
131744  24.625  -33.934  77.049 0.0000000000
115302  24.076  -36.340  76.067 0.0000000000
60224  23.316  -16.572  63.903 0.0000000000
57316  23.350  -19.578  65.245 0.0000000000
50037  27.922  -27.279  73.164 0.0000000000
52892  27.820  -24.629  69.336 0.0000000000
51916  29.424  -25.889  72.757 0.0000000000
51902  31.255  -25.244  74.153 0.0000000000
78144  1.514  3.059  77.775 0.0000000000
81575  1.550  7.695  74.978 0.0000000000
79066  4.122  4.693  75.690 0.0000000000
84021  7.819  10.677  76.148 0.0000000000
84871  5.442  11.504  76.504 0.0000000000
140953  6.142  -16.556  78.445 0.0000000000
120205  3.930  -18.444  77.303 0.0000000000
61034  4.434  -16.128  80.917 0.0000000000
139140  4.635  -7.740  81.932 0.0000000000
63698  1.359  -12.407  83.312 0.0000000000
66298  2.014  -9.165  81.290 0.0000000000
65424  4.611  -10.652  78.877 0.0000000000
68992  1.809  -6.505  79.179 0.0000000000
117302  3.747  -5.926  76.782 0.0000000000
69949  6.800  -5.858  78.552 0.0000000000
77217  4.962  3.050  83.494 0.0000000000
75315  6.954  0.946  81.481 0.0000000000
76283  2.969  1.748  80.010 0.0000000000
76313  2.358  1.507  76.875 0.0000000000
63825  42.060  -12.033  66.055 0.0000000000
65602  43.191  -9.988  63.763 0.0000000000
64656  45.009  -11.589  67.451 0.0000000000
64663  49.519  -11.924  65.703 0.0000000000
67346  49.844  -9.045  67.594 0.0000000000
66511  50.962  -9.159  65.282 0.0000000000
67414  50.817  -8.146  62.861 0.0000000000
67431  51.956  -8.062  60.584 0.0000000000
65640  48.283  -10.103  61.262 0.0000000000
46394  2.494  -30.609  85.656 0.0000000000
49035  0.774  -28.460  85.886 0.0000000000
133315  2.594  -25.920  86.786 0.0000000000
49055  9.620  -28.384  80.230 0.0000000000
49945  9.025  -27.846  83.160 0.0000000000
51846  9.230  -25.340  80.028 0.0000000000
55509  13.295  -21.750  77.385 0.0000000000
55468  11.644  -21.744  81.655 0.0000000000
118407  10.956  -21.146  79.181 0.0000000000
55482  8.698  -21.155  80.500 0.0000000000
55512  10.093  -21.217  77.237 0.0000000000
56398  9.104  -20.078  74.622 0.0000000000
137258  11.167  -17.933  74.665 0.0000000000
65393  13.457  -10.884  80.017 0.0000000000
68927  12.891  -6.718  85.109 0.0000000000
60255  26.181  -16.910  60.869 0.0000000000
63010  26.171  -13.205  61.175 0.0000000000
60253  28.487  -16.641  61.054 0.0000000000
61163  33.964  -15.168  65.702 0.0000000000
62100  32.444  -14.440  62.364 0.0000000000
62982  34.695  -13.556  63.225 0.0000000000
65634  34.452  -10.802  61.854 0.0000000000
62980  36.129  -12.882  63.906 0.0000000000
121509  38.041  -12.496  64.962 0.0000000000
62947  37.346  -13.169  67.373 0.0000000000
58139  38.337  -18.115  73.206 0.0000000000
136412  39.714  -15.777  73.918 0.0000000000
60116  39.001  -16.763  71.547 0.0000000000
53785  0.452  -23.228  74.917 0.0000000000
52831  5.277  -24.719  73.809 0.0000000000
53812  3.813  -23.025  72.781 0.0000000000
52953  2.052  -23.945  65.969 0.0000000000
70003  7.657  -5.971  73.506 0.0000000000
69072  3.293  -6.314  71.457 0.0000000000
70024  7.422  -5.732  71.467 0.0000000000
70113  43.837  -5.097  63.585 0.0000000000
72799  41.464  -2.131  66.802 0.0000000000
71105  39.806  -4.562  63.667 0.0000000000
76543  52.410  1.321  52.214 0.0000000000
78361  54.166  3.095  52.913 0.0000000000
78371  57.140  4.770  52.206 0.0000000000
76579  56.787  1.365  49.664 0.0000000000
67451  52.686  -8.365  56.624 0.0000000000
69239  56.487  -5.912  57.050 0.0000000000
56408  22.048  -20.931  73.984 0.0000000000
58113  27.040  -17.977  76.490 0.0000000000
56405  26.669  -20.120  74.567 0.0000000000
56422  25.514  -20.538  72.343 0.0000000000
56438  23.482  -20.576  69.414 0.0000000000
44379  17.050  -33.135  76.790 0.0000000000
134883  15.340  -30.642  74.844 0.0000000000
48291  17.216  -29.761  72.275 0.0000000000
127741  19.639  -24.333  72.580 0.0000000000
43294  22.538  -34.784  75.574 0.0000000000
132626  20.477  -37.882  77.647 0.0000000000
42256  20.366  -34.729  75.053 0.0000000000
43290  18.826  -33.653  76.348 0.0000000000
48235  27.206  -28.965  76.852 0.0000000000
48198  26.053  -29.347  80.680 0.0000000000
48213  23.788  -28.093  80.321 0.0000000000
46472  23.953  -31.708  78.194 0.0000000000
55618  23.376  -21.696  67.648 0.0000000000
53833  23.455  -23.857  70.371 0.0000000000
50040  25.582  -27.450  72.571 0.0000000000
79873  2.434  5.429  83.853 0.0000000000
79048  5.718  4.537  77.992 0.0000000000
79897  6.713  5.095  80.565 0.0000000000
79933  9.311  5.435  75.367 0.0000000000
82392  9.551  8.918  76.845 0.0000000000
65358  8.332  -9.738  83.833 0.0000000000
63696  5.677  -12.690  82.871 0.0000000000
67209  7.152  -8.510  84.511 0.0000000000
68964  7.522  -7.225  81.737 0.0000000000
70899  6.058  -4.206  82.789 0.0000000000
72697  6.722  -2.718  82.748 0.0000000000
72686  3.046  -2.594  86.648 0.0000000000
137917  3.536  1.109  86.993 0.0000000000
62033  44.816  -13.950  71.085 0.0000000000
64628  46.240  -11.720  70.526 0.0000000000
62051  46.049  -14.494  68.903 0.0000000000
62075  46.752  -15.353  66.002 0.0000000000
48149  6.641  -29.319  85.628 0.0000000000
52786  14.368  -24.104  78.382 0.0000000000
52775  12.480  -23.700  79.343 0.0000000000
54641  15.476  -22.317  79.240 0.0000000000
119333  16.083  -20.747  77.762 0.0000000000
58090  14.562  -18.516  77.997 0.0000000000
125446  13.737  -16.231  77.103 0.0000000000
60028  14.733  -15.866  81.343 0.0000000000
56413  36.972  -20.887  72.219 0.0000000000
54740  36.331  -22.764  69.579 0.0000000000
52867  36.193  -24.223  71.540 0.0000000000
56450  30.444  -20.487  67.584 0.0000000000
59229  30.577  -17.443  64.834 0.0000000000
58172  31.842  -18.931  68.268 0.0000000000
59157  33.575  -17.370  68.940 0.0000000000
60142  34.997  -16.017  70.086 0.0000000000
61110  36.305  -15.017  70.547 0.0000000000
59099  36.240  -17.072  73.475 0.0000000000
58123  37.719  -18.602  75.297 0.0000000000
60103  2.185  -16.657  73.491 0.0000000000
122931  2.822  -21.004  71.170 0.0000000000
58162  3.328  -18.771  70.699 0.0000000000
57302  2.840  -19.491  67.542 0.0000000000
54791  3.843  -22.216  65.276 0.0000000000
67352  4.677  -8.755  67.564 0.0000000000
75374  9.344  0.252  73.961 0.0000000000
72768  10.436  -2.312  71.786 0.0000000000
75400  8.383  0.464  71.385 0.0000000000
73744  53.185  -1.907  49.886 0.0000000000
57186  20.364  -19.882  83.395 0.0000000000
60022  18.822  -16.385  82.114 0.0000000000
58076  19.627  -18.370  79.630 0.0000000000
126807  19.638  -17.620  76.925 0.0000000000
59109  19.037  -17.316  73.824 0.0000000000
117156  24.389  -17.725  73.983 0.0000000000
59121  21.645  -17.734  72.224 0.0000000000
59151  17.567  -17.345  70.851 0.0000000000
60161  18.248  -16.736  68.265 0.0000000000
136858  19.225  -14.771  66.172 0.0000000000
62967  20.403  -12.736  65.080 0.0000000000
46401  11.922  -31.435  85.509 0.0000000000
47308  13.815  -30.246  83.964 0.0000000000
47343  11.812  -30.100  80.587 0.0000000000
49993  10.680  -27.380  76.753 0.0000000000
49133  13.980  -28.583  74.018 0.0000000000
50918  13.154  -26.068  74.720 0.0000000000
52807  13.967  -24.724  76.863 0.0000000000
53746  16.768  -23.346  78.150 0.0000000000
54624  20.516  -22.159  81.713 0.0000000000
38352  23.306  -39.423  79.404 0.0000000000
53732  33.330  -23.684  78.435 0.0000000000
50878  35.118  -26.321  79.163 0.0000000000
50870  32.637  -26.502  80.405 0.0000000000
122600  31.922  -30.986  80.259 0.0000000000
46435  27.173  -31.875  81.943 0.0000000000
64681  22.293  -11.048  63.827 0.0000000000
62094  22.753  -14.608  63.244 0.0000000000
59276  24.037  -17.602  61.789 0.0000000000
57346  26.287  -20.411  62.730 0.0000000000
54778  25.319  -22.401  66.367 0.0000000000
55628  26.880  -21.861  66.251 0.0000000000
56463  28.864  -20.870  66.231 0.0000000000
53830  30.999  -23.010  70.777 0.0000000000
53779  32.973  -23.670  74.505 0.0000000000
82413  5.522  8.487  74.627 0.0000000000
120755  5.986  -23.043  76.456 0.0000000000
52801  3.598  -24.584  77.398 0.0000000000
54664  4.181  -22.219  76.341 0.0000000000
118935  1.902  -20.057  76.489 0.0000000000
58109  0.433  -18.600  76.760 0.0000000000
61957  1.647  -15.060  83.097 0.0000000000
61046  -0.308  -16.245  80.141 0.0000000000
61071  1.174  -15.894  77.035 0.0000000000
61991  4.028  -14.112  77.208 0.0000000000
63740  5.806  -12.473  76.709 0.0000000000
65457  4.736  -9.646  75.196 0.0000000000
65492  3.785  -9.812  72.725 0.0000000000
67283  0.757  -8.228  75.332 0.0000000000
69979  5.696  -6.340  74.940 0.0000000000
71851  9.258  -3.934  75.783 0.0000000000
73557  8.148  -1.062  81.227 0.0000000000
74400  8.701  -0.116  79.014 0.0000000000
76297  9.077  1.216  76.487 0.0000000000
117316  5.914  1.852  75.196 0.0000000000
123219  38.835  -8.088  63.658 0.0000000000
69123  39.518  -6.249  66.500 0.0000000000
68246  41.058  -7.747  63.326 0.0000000000
68244  43.544  -7.444  63.489 0.0000000000
69139  44.863  -6.517  63.761 0.0000000000
66463  47.612  -9.927  67.580 0.0000000000
68210  47.920  -7.728  65.535 0.0000000000
71085  46.548  -4.147  64.360 0.0000000000
134017  48.144  -4.628  63.225 0.0000000000
70188  52.781  -5.316  57.272 0.0000000000
68264  53.828  -6.616  60.644 0.0000000000
67440  52.667  -8.212  58.433 0.0000000000
66577  49.855  -10.779  56.840 0.0000000000
79299  59.028  5.734  46.384 0.0000000000
72715  10.498  -2.352  81.510 0.0000000000
75312  10.104  0.334  81.125 0.0000000000
49042  2.729  -27.923  83.276 0.0000000000
52767  3.214  -25.731  81.596 0.0000000000
47285  11.300  -29.329  86.735 0.0000000000
49935  9.670  -27.531  87.342 0.0000000000
130986  7.684  -26.328  87.288 0.0000000000
53717  9.815  -23.436  80.976 0.0000000000
53698  8.385  -22.836  83.890 0.0000000000
52745  6.080  -23.457  86.076 0.0000000000
54604  5.153  -21.811  84.968 0.0000000000
54623  5.794  -22.979  81.800 0.0000000000
53740  6.135  -23.658  78.996 0.0000000000
55526  7.357  -22.331  75.896 0.0000000000
59074  7.698  -17.615  75.387 0.0000000000
133021  8.163  -14.155  78.321 0.0000000000
62877  12.067  -13.936  77.556 0.0000000000
64600  10.428  -11.787  78.840 0.0000000000
64584  8.533  -10.617  81.052 0.0000000000
67207  10.190  -8.677  85.361 0.0000000000
68960  11.153  -6.264  82.598 0.0000000000
48233  34.672  -28.603  77.207 0.0000000000
65610  24.438  -10.588  63.427 0.0000000000
116506  28.956  -10.389  64.073 0.0000000000
61200  30.808  -15.856  62.102 0.0000000000
64727  30.543  -11.527  61.337 0.0000000000
132309  30.547  -9.452  63.745 0.0000000000
67389  32.597  -8.142  64.537 0.0000000000
68251  34.702  -7.768  64.401 0.0000000000
68249  36.318  -7.824  64.094 0.0000000000
65620  38.271  -10.501  62.573 0.0000000000
63828  39.572  -12.258  65.368 0.0000000000
118253  41.460  -12.273  69.176 0.0000000000
62026  38.193  -13.856  71.439 0.0000000000
63771  40.046  -12.460  71.727 0.0000000000
62900  43.128  -11.996  73.419 0.0000000000
61107  42.447  -15.114  70.599 0.0000000000
61149  39.932  -15.828  67.706 0.0000000000
78119  10.809  3.665  81.077 0.0000000000
80743  11.818  7.046  78.654 0.0000000000
50909  5.348  -26.780  76.140 0.0000000000
53834  5.490  -23.639  70.077 0.0000000000
66424  2.049  -9.964  70.916 0.0000000000
66459  1.163  -9.492  68.710 0.0000000000
68199  0.670  -7.815  67.025 0.0000000000
70045  8.165  -5.550  69.046 0.0000000000
71055  4.674  -5.177  66.962 0.0000000000
71899  40.319  -3.029  69.177 0.0000000000
79276  58.185  6.080  49.625 0.0000000000
76604  59.279  2.480  47.118 0.0000000000
71169  54.345  -4.252  55.884 0.0000000000
72038  56.538  -3.419  54.672 0.0000000000
72893  57.654  -2.709  52.565 0.0000000000
71210  57.456  -4.758  51.685 0.0000000000
128027  58.615  -1.370  50.744 0.0000000000
126912  60.355  -1.283  49.536 0.0000000000
74664  59.924  -0.931  46.964 0.0000000000
51883  22.851  -26.123  75.994 0.0000000000
52816  23.961  -25.155  77.050 0.0000000000
51881  24.115  -25.594  76.783 0.0000000000
50001  20.966  -28.016  75.258 0.0000000000
50927  21.422  -26.438  74.677 0.0000000000
49991  22.134  -28.572  75.798 0.0000000000
126559  21.436  -29.196  75.519 0.0000000000
50906  23.097  -27.707  76.162 0.0000000000
125412  22.687  -28.989  76.324 0.0000000000
131876  24.412  -26.048  76.375 0.0000000000
75279  8.499  0.404  85.737 0.0000000000
77207  8.129  2.279  84.332 0.0000000000
76240  8.506  1.565  83.755 0.0000000000
73513  9.392  -1.899  84.275 0.0000000000
72683  9.483  -2.979  85.862 0.0000000000
73509  9.053  -1.116  86.163 0.0000000000
74335  7.869  -0.261  86.981 0.0000000000
61007  19.259  -15.297  85.356 0.0000000000
62831  20.332  -13.342  84.616 0.0000000000
61011  20.159  -15.265  84.034 0.0000000000
57178  18.907  -19.139  84.404 0.0000000000
57183  18.321  -19.782  83.799 0.0000000000
58995  18.606  -17.225  84.785 0.0000000000
60011  17.573  -16.631  85.314 0.0000000000
53754  35.835  -22.891  77.067 0.0000000000
130044  36.547  -24.063  76.174 0.0000000000
52792  36.480  -24.461  77.621 0.0000000000
54648  34.254  -22.515  77.538 0.0000000000
55535  34.666  -21.297  75.715 0.0000000000
134956  35.527  -21.404  76.852 0.0000000000
123788  36.205  -21.347  76.561 0.0000000000
50877  3.855  -26.468  80.516 0.0000000000
49970  4.422  -27.600  79.405 0.0000000000
51861  4.194  -26.175  78.935 0.0000000000
63749  7.536  -12.497  73.588 0.0000000000
62022  6.823  -14.775  72.702 0.0000000000
62907  7.665  -13.413  72.569 0.0000000000
62030  7.999  -13.916  70.924 0.0000000000
64621  8.068  -11.811  72.213 0.0000000000
64620  8.200  -11.177  71.551 0.0000000000
65488  7.209  -10.448  72.258 0.0000000000
124194  48.226  -6.596  55.023 0.0000000000
70222  49.087  -6.104  53.879 0.0000000000
70220  50.799  -5.858  54.888 0.0000000000
77548  59.278  2.924  43.125 0.0000000000
56350  22.660  -20.161  77.784 0.0000000000
57201  24.493  -18.670  79.243 0.0000000000
58100  25.435  -18.544  78.296 0.0000000000
58174  24.327  -17.433  67.827 0.0000000000
59172  24.505  -16.764  68.420 0.0000000000
59173  24.149  -16.548  67.671 0.0000000000
60194  23.453  -16.111  66.688 0.0000000000
58190  23.659  -17.701  66.442 0.0000000000
45431  16.410  -32.490  80.901 0.0000000000
46456  15.329  -31.675  79.777 0.0000000000
46464  15.328  -31.721  78.865 0.0000000000
56394  20.771  -20.927  74.616 0.0000000000
55555  18.695  -21.855  74.468 0.0000000000
132160  21.041  -20.717  76.157 0.0000000000
56358  20.924  -21.007  77.084 0.0000000000
44357  17.499  -33.604  79.195 0.0000000000
119556  18.557  -34.705  80.315 0.0000000000
44334  17.403  -33.664  81.070 0.0000000000
121172  17.569  -33.485  82.027 0.0000000000
49981  29.694  -27.603  77.907 0.0000000000
49975  29.747  -27.557  79.011 0.0000000000
49059  28.583  -28.673  79.966 0.0000000000
43288  23.112  -34.992  76.299 0.0000000000
42231  24.768  -35.172  76.678 0.0000000000
119427  23.516  -17.816  65.813 0.0000000000
120744  23.421  -18.753  65.883 0.0000000000
50009  28.475  -27.430  74.391 0.0000000000
50948  28.863  -26.422  72.924 0.0000000000
50008  29.257  -27.038  74.919 0.0000000000
50913  29.787  -26.542  75.509 0.0000000000
78135  2.638  3.247  78.950 0.0000000000
79057  3.417  4.166  76.323 0.0000000000
78142  3.784  3.605  78.243 0.0000000000
85726  7.459  12.259  77.939 0.0000000000
85715  6.560  12.650  78.268 0.0000000000
86495  6.037  13.335  79.691 0.0000000000
61041  6.637  -15.236  79.657 0.0000000000
60041  5.172  -16.300  79.692 0.0000000000
61033  5.673  -15.085  80.712 0.0000000000
68075  4.989  -6.855  81.080 0.0000000000
67228  2.744  -8.492  81.772 0.0000000000
68077  2.534  -7.433  80.643 0.0000000000
67233  0.641  -7.679  79.960 0.0000000000
68990  4.277  -6.335  79.429 0.0000000000
69003  3.955  -6.011  78.622 0.0000000000
69940  5.991  -5.918  79.069 0.0000000000
78111  2.836  3.938  81.889 0.0000000000
77238  4.550  2.546  81.661 0.0000000000
77250  2.566  2.474  80.482 0.0000000000
77258  1.761  2.133  79.249 0.0000000000
63800  43.053  -12.343  67.913 0.0000000000
64657  43.933  -11.946  66.398 0.0000000000
63785  44.562  -11.688  68.789 0.0000000000
141372  49.242  -11.688  65.401 0.0000000000
65580  50.413  -10.088  65.514 0.0000000000
65599  49.462  -10.454  64.598 0.0000000000
67396  50.695  -8.074  63.902 0.0000000000
66537  49.245  -9.415  62.850 0.0000000000
66553  49.524  -9.316  61.646 0.0000000000
65632  48.221  -10.211  62.010 0.0000000000
47292  4.343  -29.684  85.221 0.0000000000
47304  3.286  -30.677  85.159 0.0000000000
48152  3.644  -29.592  85.825 0.0000000000
49937  2.085  -27.915  87.207 0.0000000000
49933  4.073  -27.011  87.344 0.0000000000
49977  9.727  -27.054  78.618 0.0000000000
49961  9.109  -27.063  80.230 0.0000000000
51853  9.710  -25.370  79.164 0.0000000000
56360  13.415  -20.907  74.975 0.0000000000
55521  12.332  -21.484  76.829 0.0000000000
55522  11.448  -21.377  76.361 0.0000000000
55502  9.979  -21.048  78.490 0.0000000000
56362  11.406  -20.980  75.365 0.0000000000
56381  10.477  -20.090  74.659 0.0000000000
122277  11.804  -19.560  74.770 0.0000000000
58163  37.263  -18.564  69.683 0.0000000000
56441  36.459  -20.663  68.709 0.0000000000
58241  28.004  -18.340  61.773 0.0000000000
123428  27.704  -16.745  60.978 0.0000000000
59259  28.913  -17.950  61.987 0.0000000000
62070  34.717  -14.691  66.354 0.0000000000
62086  33.784  -14.695  64.213 0.0000000000
62084  35.072  -13.865  65.006 0.0000000000
62981  35.422  -13.232  63.553 0.0000000000
62966  35.822  -13.476  65.510 0.0000000000
62965  36.519  -13.126  65.535 0.0000000000
134874  36.084  -13.618  66.904 0.0000000000
58148  37.635  -18.702  71.264 0.0000000000
59113  38.835  -17.487  72.810 0.0000000000
58154  37.811  -17.986  70.857 0.0000000000
59142  37.996  -17.263  70.208 0.0000000000
55556  0.247  -21.798  74.533 0.0000000000
53797  2.277  -23.233  73.844 0.0000000000
55575  1.839  -21.707  73.055 0.0000000000
138826  8.774  -5.077  73.885 0.0000000000
116518  7.307  -5.833  72.075 0.0000000000
70990  9.321  -4.594  72.429 0.0000000000
120851  43.811  -5.254  63.146 0.0000000000
71089  42.529  -3.880  64.217 0.0000000000
125390  42.404  -5.273  62.701 0.0000000000
132688  53.461  0.934  50.292 0.0000000000
76555  54.184  2.088  50.831 0.0000000000
118095  54.897  2.760  50.683 0.0000000000
117947  55.907  1.165  49.545 0.0000000000
67462  51.871  -8.793  56.037 0.0000000000
67460  53.323  -7.546  55.312 0.0000000000
55561  22.545  -21.308  73.885 0.0000000000
56391  24.314  -20.613  74.820 0.0000000000
55552  24.758  -21.594  75.131 0.0000000000
54703  25.702  -22.481  73.607 0.0000000000
55580  25.792  -21.233  72.921 0.0000000000
55581  24.810  -21.261  72.190 0.0000000000
56430  24.416  -20.137  70.896 0.0000000000
55592  23.416  -21.689  70.685 0.0000000000
45482  17.579  -32.604  75.002 0.0000000000
46516  17.231  -31.447  73.512 0.0000000000
47413  17.724  -31.248  72.736 0.0000000000
52840  21.521  -24.787  73.577 0.0000000000
50954  19.772  -25.918  72.730 0.0000000000
53807  21.390  -23.392  72.975 0.0000000000
55573  20.804  -22.095  73.031 0.0000000000
44377  22.562  -33.179  75.884 0.0000000000
43304  21.632  -34.466  74.473 0.0000000000
44382  21.898  -33.177  75.364 0.0000000000
47401  20.225  -30.799  74.415 0.0000000000
45469  19.759  -32.673  75.247 0.0000000000
45480  19.117  -32.252  74.683 0.0000000000
44378  17.837  -33.430  76.436 0.0000000000
49088  25.954  -29.049  76.823 0.0000000000
48224  25.404  -29.117  78.798 0.0000000000
48238  24.704  -28.596  78.174 0.0000000000
47366  22.874  -30.349  77.835 0.0000000000
47358  22.714  -29.532  78.886 0.0000000000
46473  23.365  -31.522  77.601 0.0000000000
130878  23.282  -33.223  76.466 0.0000000000
128650  23.267  -22.222  69.790 0.0000000000
118800  23.604  -23.187  71.279 0.0000000000
50011  25.045  -27.657  74.873 0.0000000000
50041  24.999  -27.125  73.024 0.0000000000
50025  25.714  -27.971  73.989 0.0000000000
49128  26.615  -28.136  73.911 0.0000000000
78997  3.755  5.246  85.405 0.0000000000
79018  5.564  5.516  81.732 0.0000000000
134630  5.509  6.115  84.010 0.0000000000
79895  8.352  5.021  80.864 0.0000000000
133896  7.621  5.195  81.106 0.0000000000
116584  9.558  5.287  77.325 0.0000000000
81569  9.909  6.408  74.483 0.0000000000
80758  10.709  6.047  75.817 0.0000000000
66252  8.270  -8.606  86.076 0.0000000000
66262  7.368  -9.496  84.950 0.0000000000
68033  7.229  -7.134  86.348 0.0000000000
70858  8.229  -4.751  86.899 0.0000000000
70896  9.315  -5.342  82.195 0.0000000000
118497  7.199  -4.331  83.987 0.0000000000
70897  8.301  -5.211  81.395 0.0000000000
70871  5.135  -4.291  84.896 0.0000000000
71783  4.192  -4.202  85.051 0.0000000000
70849  3.843  -4.850  87.142 0.0000000000
76220  5.624  1.391  87.269 0.0000000000
75274  3.795  0.771  87.369 0.0000000000
77201  3.909  2.663  86.910 0.0000000000
78091  3.042  4.452  85.463 0.0000000000
62043  44.116  -14.584  70.131 0.0000000000
62041  45.989  -14.268  69.946 0.0000000000
45421  7.937  -32.947  81.643 0.0000000000
135716  7.145  -32.142  82.161 0.0000000000
130286  7.541  -30.085  84.377 0.0000000000
53721  16.420  -23.458  79.802 0.0000000000
53723  15.201  -22.860  78.814 0.0000000000
120250  16.341  -23.116  80.391 0.0000000000
57192  16.856  -19.187  81.263 0.0000000000
56347  15.994  -20.346  79.694 0.0000000000
57200  15.560  -19.591  79.231 0.0000000000
57207  15.945  -19.793  76.909 0.0000000000
59028  15.270  -18.018  79.154 0.0000000000
59019  15.137  -17.218  79.276 0.0000000000
119629  15.136  -16.641  81.050 0.0000000000
56402  36.953  -20.904  73.253 0.0000000000
139342  36.624  -22.046  72.183 0.0000000000
53801  36.683  -23.048  72.969 0.0000000000
50020  36.216  -27.194  74.014 0.0000000000
125867  36.527  -26.321  73.008 0.0000000000
56435  31.593  -20.506  69.478 0.0000000000
57296  31.265  -19.301  67.849 0.0000000000
56434  32.179  -20.101  69.892 0.0000000000
57257  34.211  -19.206  72.909 0.0000000000
58157  33.712  -18.509  70.462 0.0000000000
58156  34.172  -18.149  70.970 0.0000000000
60144  34.093  -16.883  69.083 0.0000000000
59129  35.120  -17.311  71.927 0.0000000000
60118  35.541  -16.513  71.636 0.0000000000
59114  35.567  -17.521  72.834 0.0000000000
55533  37.363  -20.489  75.710 0.0000000000
57220  37.523  -19.173  75.747 0.0000000000
56387  37.527  -20.008  75.097 0.0000000000
128791  37.361  -19.604  73.404 0.0000000000
60092  3.779  -15.994  74.257 0.0000000000
59126  2.603  -17.567  72.073 0.0000000000
59125  3.360  -16.770  71.449 0.0000000000
59167  5.281  -17.376  69.157 0.0000000000
58168  4.352  -18.429  69.217 0.0000000000
57301  3.792  -18.983  67.557 0.0000000000
56484  1.665  -20.731  65.937 0.0000000000
56467  3.665  -19.910  66.257 0.0000000000
55660  5.274  -21.247  64.722 0.0000000000
57310  5.517  -19.090  66.544 0.0000000000
60180  8.660  -16.402  67.569 0.0000000000
120581  8.157  -18.431  66.366 0.0000000000
67342  5.507  -8.710  68.227 0.0000000000
76346  7.089  1.519  72.950 0.0000000000
75393  8.475  0.537  72.278 0.0000000000
72088  53.151  -3.254  50.572 0.0000000000
57190  21.377  -19.736  82.447 0.0000000000
128733  19.521  -18.531  81.212 0.0000000000
58069  21.461  -18.862  80.745 0.0000000000
140645  21.675  -17.782  77.042 0.0000000000
59039  20.146  -17.878  77.458 0.0000000000
59052  20.264  -17.751  76.640 0.0000000000
127012  18.997  -17.110  75.972 0.0000000000
59067  20.193  -17.709  74.966 0.0000000000
59083  27.050  -17.356  74.713 0.0000000000
59084  26.426  -17.129  74.957 0.0000000000
137328  25.814  -16.874  73.150 0.0000000000
126646  22.211  -17.440  70.217 0.0000000000
59134  22.442  -17.356  71.387 0.0000000000
117030  20.319  -18.065  70.990 0.0000000000
117150  19.976  -17.902  71.984 0.0000000000
59149  19.372  -18.028  70.292 0.0000000000
59165  17.690  -17.358  69.927 0.0000000000
59178  18.691  -17.649  68.649 0.0000000000
61167  21.049  -15.626  65.824 0.0000000000
61169  19.292  -15.441  66.481 0.0000000000
62080  19.835  -14.499  65.630 0.0000000000
62976  20.680  -13.475  64.941 0.0000000000
45380  14.669  -32.371  85.555 0.0000000000
46391  14.084  -31.013  85.815 0.0000000000
47296  14.706  -30.573  84.487 0.0000000000
47351  12.888  -30.550  79.142 0.0000000000
47333  12.801  -30.404  81.154 0.0000000000
47362  11.668  -29.936  78.728 0.0000000000
48230  10.409  -28.989  78.538 0.0000000000
48241  11.483  -29.052  77.216 0.0000000000
48278  15.297  -29.688  73.292 0.0000000000
48267  14.372  -29.572  74.276 0.0000000000
49142  14.926  -28.418  72.795 0.0000000000
53782  15.352  -23.449  74.738 0.0000000000
51909  14.647  -25.219  73.714 0.0000000000
52817  14.793  -23.981  75.193 0.0000000000
51885  12.723  -25.494  75.384 0.0000000000
52805  14.810  -24.180  76.221 0.0000000000
53748  15.508  -23.781  77.384 0.0000000000
53757  16.965  -22.957  77.328 0.0000000000
132144  21.480  -21.067  80.219 0.0000000000
55475  19.804  -22.125  80.288 0.0000000000
55464  22.981  -21.603  82.144 0.0000000000
55449  22.483  -21.756  83.409 0.0000000000
40314  20.464  -36.968  77.903 0.0000000000
115289  22.431  -37.671  78.525 0.0000000000
116334  22.817  -37.646  79.172 0.0000000000
40279  20.518  -37.683  82.557 0.0000000000
39272  21.639  -39.093  81.723 0.0000000000
38317  20.364  -39.139  82.448 0.0000000000
37438  19.369  -39.983  81.394 0.0000000000
38319  18.767  -39.410  82.342 0.0000000000
125887  18.094  -37.795  83.915 0.0000000000
45385  16.765  -32.603  84.529 0.0000000000
43224  16.253  -34.896  84.762 0.0000000000
44304  15.744  -33.470  85.129 0.0000000000
128535  13.611  -33.993  85.144 0.0000000000
121407  32.578  -24.100  78.003 0.0000000000
52774  33.286  -24.812  79.456 0.0000000000
51845  32.067  -25.839  80.245 0.0000000000
127615  29.829  -29.624  81.935 0.0000000000
48195  31.337  -29.276  81.265 0.0000000000
46433  30.648  -31.346  80.751 0.0000000000
47320  24.646  -29.568  82.803 0.0000000000
47318  26.217  -30.220  82.522 0.0000000000
45418  25.632  -32.002  81.522 0.0000000000
62985  21.791  -13.337  63.873 0.0000000000
61187  22.387  -14.626  64.107 0.0000000000
57349  23.629  -19.140  63.391 0.0000000000
59260  23.597  -17.535  62.535 0.0000000000
57363  24.311  -19.162  62.234 0.0000000000
58243  25.595  -19.055  61.734 0.0000000000
56510  25.452  -20.719  63.234 0.0000000000
53862  24.075  -23.685  68.312 0.0000000000
54779  24.271  -22.331  66.654 0.0000000000
53861  24.847  -24.000  68.136 0.0000000000
52891  28.625  -24.411  69.627 0.0000000000
53877  27.061  -23.193  67.681 0.0000000000
54753  28.550  -22.994  68.064 0.0000000000
55627  27.737  -21.704  66.416 0.0000000000
54752  29.517  -22.637  68.178 0.0000000000
54741  30.161  -22.238  68.685 0.0000000000
139703  30.008  -22.995  69.638 0.0000000000
51879  31.289  -25.128  76.022 0.0000000000
52824  31.843  -24.724  74.551 0.0000000000
52804  31.934  -24.679  76.474 0.0000000000
53756  32.961  -23.535  76.663 0.0000000000
82403  2.259  8.107  75.346 0.0000000000
79935  6.621  5.401  76.388 0.0000000000
80769  5.596  6.222  75.074 0.0000000000
81571  6.479  7.318  74.954 0.0000000000
55527  5.691  -22.268  76.068 0.0000000000
54663  4.904  -22.858  76.492 0.0000000000
56364  4.853  -20.685  75.815 0.0000000000
59047  3.180  -17.777  78.753 0.0000000000
58106  3.173  -18.855  76.887 0.0000000000
58095  1.343  -18.424  77.747 0.0000000000
136251  0.587  -19.198  76.579 0.0000000000
58085  0.682  -18.120  78.522 0.0000000000
64564  4.627  -11.202  84.310 0.0000000000
62845  3.420  -14.077  83.536 0.0000000000
63681  2.928  -11.821  84.641 0.0000000000
63712  2.507  -12.842  81.347 0.0000000000
61964  1.309  -14.299  81.781 0.0000000000
61977  1.819  -14.539  80.434 0.0000000000
61059  0.533  -15.986  77.913 0.0000000000
61982  2.186  -14.704  79.243 0.0000000000
61057  2.561  -14.966  77.270 0.0000000000
62874  3.821  -13.535  78.737 0.0000000000
66325  4.254  -9.591  78.340 0.0000000000
64601  5.108  -11.086  78.114 0.0000000000
123821  4.926  -9.916  76.891 0.0000000000
64608  5.967  -11.085  76.002 0.0000000000
66345  3.202  -9.011  76.014 0.0000000000
66355  1.989  -9.203  75.281 0.0000000000
67282  1.123  -8.610  75.753 0.0000000000
69969  6.532  -5.861  76.687 0.0000000000
69025  4.420  -6.106  76.253 0.0000000000
69977  7.013  -5.762  75.860 0.0000000000
123163  7.378  -5.720  75.292 0.0000000000
71846  9.169  -3.795  76.635 0.0000000000
73514  5.880  -1.634  84.558 0.0000000000
73534  7.492  -1.699  82.625 0.0000000000
74355  6.776  -0.265  83.600 0.0000000000
75338  6.149  1.101  79.914 0.0000000000
74393  7.523  0.213  80.240 0.0000000000
75345  7.263  0.960  79.041 0.0000000000
75343  9.178  1.033  77.554 0.0000000000
76299  7.582  1.530  77.196 0.0000000000
76310  7.552  1.486  76.219 0.0000000000
118382  5.625  1.592  77.129 0.0000000000
77275  0.594  1.966  75.704 0.0000000000
76339  2.504  1.449  74.765 0.0000000000
67416  39.353  -9.205  62.670 0.0000000000
125616  39.760  -7.852  63.702 0.0000000000
66538  41.053  -9.353  62.749 0.0000000000
66515  44.496  -10.053  64.576 0.0000000000
66529  43.397  -9.267  63.654 0.0000000000
66528  43.985  -8.892  63.816 0.0000000000
68243  44.266  -6.971  63.563 0.0000000000
125944  45.403  -7.937  64.259 0.0000000000
63774  47.750  -11.996  69.738 0.0000000000
64635  47.139  -10.822  69.773 0.0000000000
65530  48.557  -10.694  68.680 0.0000000000
68201  49.683  -7.971  66.103 0.0000000000
67371  48.622  -8.236  66.030 0.0000000000
127415  48.248  -7.103  65.402 0.0000000000
70096  47.170  -5.235  65.231 0.0000000000
71074  48.888  -2.946  66.940 0.0000000000
71991  48.444  -3.045  64.897 0.0000000000
71081  50.489  -2.259  65.799 0.0000000000
66562  50.505  -9.134  59.264 0.0000000000
67436  52.033  -8.345  59.664 0.0000000000
66567  50.991  -9.127  58.375 0.0000000000
66566  51.366  -9.091  57.786 0.0000000000
132244  49.660  -10.933  57.563 0.0000000000
137930  47.237  -11.321  56.589 0.0000000000
61037  17.946  -15.859  80.017 0.0000000000
134881  1.265  -26.843  85.532 0.0000000000
49038  2.091  -28.053  84.269 0.0000000000
134538  2.049  -26.309  83.904 0.0000000000
50866  2.757  -26.282  82.313 0.0000000000
52758  2.826  -24.709  83.388 0.0000000000
121430  12.428  -29.269  85.517 0.0000000000
47298  11.222  -30.752  85.496 0.0000000000
48157  11.691  -28.787  85.407 0.0000000000
49946  8.582  -27.258  83.557 0.0000000000
133780  9.440  -27.400  85.318 0.0000000000
49940  9.066  -26.918  85.840 0.0000000000
50848  8.716  -26.752  87.353 0.0000000000
51830  8.023  -25.690  85.659 0.0000000000
53724  13.653  -23.015  80.407 0.0000000000
53727  11.216  -23.465  80.078 0.0000000000
53707  12.382  -22.757  81.078 0.0000000000
55454  10.116  -20.977  83.419 0.0000000000
54610  9.972  -22.293  82.989 0.0000000000
120676  8.475  -21.809  84.907 0.0000000000
53691  7.181  -22.651  86.373 0.0000000000
54594  7.438  -21.800  86.790 0.0000000000
54592  6.217  -21.963  86.879 0.0000000000
56316  7.300  -20.280  86.008 0.0000000000
55493  8.080  -21.876  79.795 0.0000000000
54621  7.201  -21.771  81.363 0.0000000000
54630  7.023  -22.351  80.782 0.0000000000
53718  6.198  -23.128  80.821 0.0000000000
54645  7.491  -22.706  78.383 0.0000000000
54653  6.971  -23.213  77.695 0.0000000000
54661  8.072  -22.597  76.625 0.0000000000
59093  9.607  -17.777  74.547 0.0000000000
58131  8.088  -18.887  74.740 0.0000000000
60079  8.857  -16.617  75.637 0.0000000000
61068  7.999  -15.970  76.989 0.0000000000
61999  8.988  -14.691  77.159 0.0000000000
61040  14.045  -15.083  79.378 0.0000000000
61063  12.764  -15.168  77.156 0.0000000000
118863  13.369  -13.951  79.042 0.0000000000
66306  12.580  -9.827  80.937 0.0000000000
128031  11.793  -11.210  79.494 0.0000000000
122288  11.076  -10.405  80.243 0.0000000000
64594  9.774  -11.326  79.516 0.0000000000
120788  10.020  -10.258  81.590 0.0000000000
66285  9.620  -9.647  83.458 0.0000000000
66269  10.835  -9.201  83.616 0.0000000000
68928  11.938  -6.570  85.104 0.0000000000
69924  11.871  -5.429  81.483 0.0000000000
71807  10.521  -3.365  81.654 0.0000000000
49057  34.609  -28.600  79.029 0.0000000000
49972  35.388  -27.735  78.013 0.0000000000
131502  34.002  -29.983  78.242 0.0000000000
63873  23.200  -12.362  62.600 0.0000000000
65611  23.010  -10.557  63.711 0.0000000000
64720  23.859  -11.659  62.544 0.0000000000
63009  27.037  -12.868  61.261 0.0000000000
63869  26.343  -11.834  62.226 0.0000000000
64717  27.275  -11.489  62.427 0.0000000000
65589  27.335  -10.695  64.141 0.0000000000
64716  28.195  -11.409  62.270 0.0000000000
59228  31.125  -17.044  65.251 0.0000000000
60234  30.653  -16.501  62.589 0.0000000000
61192  31.698  -15.751  63.313 0.0000000000
63004  33.009  -12.918  61.743 0.0000000000
63006  31.438  -13.470  61.451 0.0000000000
64726  31.490  -11.739  61.353 0.0000000000
65627  30.342  -10.132  62.281 0.0000000000
119135  31.136  -9.874  62.182 0.0000000000
67409  31.816  -8.551  64.088 0.0000000000
131218  32.351  -9.580  62.456 0.0000000000
124697  35.247  -10.775  62.093 0.0000000000
67421  34.315  -8.858  63.028 0.0000000000
66544  35.559  -9.536  62.505 0.0000000000
68250  35.445  -7.746  64.283 0.0000000000
67419  36.854  -8.977  62.707 0.0000000000
67418  37.773  -9.018  62.816 0.0000000000
65621  37.456  -10.278  62.517 0.0000000000
63817  38.475  -12.551  66.533 0.0000000000
122634  38.849  -12.229  64.790 0.0000000000
63816  39.755  -12.388  66.983 0.0000000000
63815  40.591  -12.425  66.767 0.0000000000
63789  39.900  -12.427  68.563 0.0000000000
61093  37.179  -15.649  72.864 0.0000000000
62036  37.539  -14.137  70.607 0.0000000000
62019  37.759  -14.970  72.597 0.0000000000
61092  40.685  -15.603  72.955 0.0000000000
63753  40.041  -13.182  73.210 0.0000000000
128267  40.949  -13.416  73.102 0.0000000000
63751  42.005  -12.344  73.156 0.0000000000
62015  42.223  -13.207  73.008 0.0000000000
62024  42.608  -13.933  72.253 0.0000000000
61097  42.244  -15.102  71.422 0.0000000000
77235  10.272  2.266  81.283 0.0000000000
52810  3.143  -24.622  76.853 0.0000000000
51877  4.445  -25.611  76.758 0.0000000000
52809  3.736  -25.037  76.660 0.0000000000
51925  6.393  -25.476  72.985 0.0000000000
50031  6.444  -26.851  73.827 0.0000000000
55593  3.450  -21.133  70.043 0.0000000000
54731  4.670  -22.249  70.207 0.0000000000
53863  4.087  -23.340  68.729 0.0000000000
139746  0.803  -9.166  72.750 0.0000000000
66402  1.813  -10.012  71.788 0.0000000000
68150  0.530  -8.329  72.004 0.0000000000
69083  4.017  -6.253  70.451 0.0000000000
68187  1.596  -7.431  69.873 0.0000000000
68192  1.682  -7.314  69.075 0.0000000000
67356  0.653  -8.591  67.656 0.0000000000
69120  2.702  -6.186  68.181 0.0000000000
71888  10.207  -3.527  70.621 0.0000000000
71053  6.899  -5.496  66.889 0.0000000000
69122  40.397  -5.920  66.294 0.0000000000
71042  40.522  -3.910  68.580 0.0000000000
71061  41.803  -3.965  67.464 0.0000000000
121836  57.553  3.880  50.729 0.0000000000
77500  58.943  3.581  49.772 0.0000000000
78412  59.256  3.942  47.908 0.0000000000
139901  59.824  2.626  48.877 0.0000000000
70186  55.032  -4.802  58.972 0.0000000000
71157  53.491  -4.825  56.229 0.0000000000
124578  55.885  -4.306  58.013 0.0000000000
69270  57.043  -5.628  55.468 0.0000000000
71166  57.630  -3.939  56.597 0.0000000000
71175  58.332  -3.934  55.044 0.0000000000
72060  57.109  -3.014  53.134 0.0000000000
71184  58.348  -3.938  54.382 0.0000000000
71220  57.239  -4.432  50.394 0.0000000000
72073  59.515  -3.784  51.759 0.0000000000
72085  59.811  -3.646  51.084 0.0000000000
73741  60.074  -1.710  50.775 0.0000000000
72106  58.728  -3.373  48.830 0.0000000000
74674  59.338  -0.706  45.117 0.0000000000
52839  22.316  -24.200  74.290 0.0000000000
130960  24.562  -23.159  75.659 0.0000000000
53771  24.765  -23.729  76.102 0.0000000000
52825  25.252  -23.778  75.193 0.0000000000
52851  24.777  -24.274  72.982 0.0000000000
47411  20.141  -29.963  73.781 0.0000000000
128326  19.309  -29.902  73.280 0.0000000000
49130  20.239  -28.477  73.635 0.0000000000
50938  20.927  -26.153  73.971 0.0000000000
128695  22.064  -30.565  76.600 0.0000000000
46490  21.837  -31.767  75.705 0.0000000000
137995  21.471  -30.676  75.317 0.0000000000
47399  21.060  -30.719  74.804 0.0000000000
49988  24.262  -28.366  76.215 0.0000000000
140088  23.459  -28.389  77.959 0.0000000000
49079  23.368  -28.697  77.079 0.0000000000
48239  22.465  -29.489  77.084 0.0000000000
52852  23.995  -24.358  72.093 0.0000000000
51905  24.900  -25.516  74.698 0.0000000000
116995  24.383  -26.951  75.517 0.0000000000
77199  6.727  2.097  86.466 0.0000000000
78995  6.807  5.046  84.697 0.0000000000
78093  7.267  3.942  84.858 0.0000000000
79001  8.240  5.026  83.068 0.0000000000
79017  8.529  4.888  81.332 0.0000000000
69911  10.459  -6.011  82.629 0.0000000000
68946  9.911  -6.167  83.269 0.0000000000
129279  9.412  -4.282  83.447 0.0000000000
71774  9.312  -3.830  87.181 0.0000000000
71769  7.540  -3.713  87.557 0.0000000000
72677  5.298  -3.075  87.557 0.0000000000
73501  6.919  -1.977  87.726 0.0000000000
75278  6.607  0.887  87.090 0.0000000000
60187  42.286  -16.376  66.572 0.0000000000
60167  43.805  -16.459  67.383 0.0000000000
44323  9.059  -33.700  82.109 0.0000000000
46425  9.111  -31.567  83.183 0.0000000000
54608  18.763  -22.357  82.594 0.0000000000
55476  17.369  -21.750  81.250 0.0000000000
56329  18.086  -20.753  82.965 0.0000000000
57187  17.452  -19.514  83.043 0.0000000000
58065  16.758  -18.580  82.964 0.0000000000
59003  15.720  -16.975  82.529 0.0000000000
60016  16.560  -16.777  84.720 0.0000000000
61937  17.241  -14.418  86.180 0.0000000000
129924  36.639  -22.439  74.739 0.0000000000
53786  36.659  -23.236  73.708 0.0000000000
52811  36.497  -24.285  75.206 0.0000000000
51878  36.308  -25.845  75.637 0.0000000000
130227  36.161  -26.974  75.899 0.0000000000
131639  33.478  -22.524  73.607 0.0000000000
55577  33.301  -21.108  71.977 0.0000000000
56404  33.927  -20.858  73.307 0.0000000000
56403  34.379  -20.315  73.925 0.0000000000
57237  35.031  -19.802  74.550 0.0000000000
57236  35.870  -19.216  75.056 0.0000000000
56355  36.204  -20.224  76.465 0.0000000000
55534  36.959  -20.866  76.199 0.0000000000
61080  6.039  -15.027  73.987 0.0000000000
125218  5.032  -16.380  72.118 0.0000000000
61089  6.237  -15.326  73.150 0.0000000000
60137  5.858  -15.943  70.933 0.0000000000
59166  5.909  -17.001  68.810 0.0000000000
59193  6.611  -17.523  67.760 0.0000000000
60151  6.945  -15.884  68.941 0.0000000000
61125  8.062  -14.958  69.074 0.0000000000
64632  8.851  -11.977  70.030 0.0000000000
65502  8.350  -10.491  70.762 0.0000000000
66420  6.171  -9.251  70.689 0.0000000000
71196  52.231  -4.662  52.345 0.0000000000
78449  60.460  4.144  40.815 0.0000000000
56340  23.044  -20.072  80.752 0.0000000000
58074  22.145  -18.808  80.116 0.0000000000
128969  23.542  -19.034  79.642 0.0000000000
59024  23.250  -17.826  78.554 0.0000000000
124964  23.264  -17.588  76.893 0.0000000000
58159  26.002  -17.549  70.645 0.0000000000
60120  25.627  -16.421  70.916 0.0000000000
60145  24.957  -16.385  69.569 0.0000000000
60146  24.279  -16.404  69.228 0.0000000000
59160  22.463  -16.900  68.571 0.0000000000
59176  20.721  -18.138  68.014 0.0000000000
59188  21.915  -16.866  67.256 0.0000000000
60195  22.889  -15.873  66.382 0.0000000000
137380  22.365  -15.282  65.291 0.0000000000
46422  16.153  -31.714  83.031 0.0000000000
46424  15.042  -31.072  82.763 0.0000000000
46439  15.295  -31.374  81.389 0.0000000000
139584  14.217  -31.006  79.293 0.0000000000
47368  13.583  -30.643  77.593 0.0000000000
52857  17.549  -24.523  72.566 0.0000000000
51924  16.003  -25.342  72.588 0.0000000000
52842  16.979  -23.776  73.133 0.0000000000
54684  17.469  -22.401  74.476 0.0000000000
54658  18.138  -22.197  76.050 0.0000000000
116703  17.728  -22.413  77.147 0.0000000000
55504  20.111  -21.473  77.342 0.0000000000
55494  21.477  -20.742  78.660 0.0000000000
42223  20.090  -35.472  79.422 0.0000000000
41242  21.454  -36.804  80.237 0.0000000000
42209  19.836  -35.914  80.541 0.0000000000
42195  19.628  -35.909  81.598 0.0000000000
42191  19.447  -35.952  82.598 0.0000000000
130709  18.787  -35.761  83.996 0.0000000000
43230  18.743  -34.327  83.208 0.0000000000
44313  17.764  -33.141  83.830 0.0000000000
50895  31.100  -25.829  77.457 0.0000000000
123028  31.068  -25.770  79.565 0.0000000000
49967  30.114  -26.664  79.702 0.0000000000
49952  28.647  -27.502  82.108 0.0000000000
47327  29.367  -30.097  81.661 0.0000000000
45444  25.354  -32.564  78.602 0.0000000000
45437  26.128  -33.053  80.058 0.0000000000
121042  26.115  -33.878  78.064 0.0000000000
115293  25.722  -35.645  77.895 0.0000000000
61186  23.038  -15.567  64.275 0.0000000000
131202  23.367  -16.327  65.344 0.0000000000
58211  23.329  -18.143  64.189 0.0000000000
56499  23.886  -20.368  64.548 0.0000000000
50977  26.649  -26.358  70.688 0.0000000000
131897  26.077  -24.511  68.695 0.0000000000
51935  27.973  -26.059  71.018 0.0000000000
51948  28.502  -25.420  70.821 0.0000000000
52870  29.275  -25.197  71.460 0.0000000000
52869  30.279  -24.126  71.282 0.0000000000
51903  30.596  -25.693  73.780 0.0000000000
51880  30.723  -25.596  75.616 0.0000000000
79059  1.514  3.669  76.016 0.0000000000
127835  1.782  6.059  74.559 0.0000000000
79068  2.091  4.505  75.391 0.0000000000
129189  3.280  6.056  75.047 0.0000000000
81583  3.554  7.447  74.954 0.0000000000
82399  7.527  8.712  75.601 0.0000000000
83210  6.652  9.833  75.021 0.0000000000
84870  6.371  11.539  76.511 0.0000000000
59058  5.600  -17.612  76.906 0.0000000000
58105  4.712  -18.563  76.749 0.0000000000
59030  5.025  -17.062  78.419 0.0000000000
60042  4.196  -16.820  79.691 0.0000000000
60036  2.976  -17.201  81.188 0.0000000000
66287  4.152  -9.159  82.651 0.0000000000
64559  2.042  -10.748  84.954 0.0000000000
66276  2.277  -9.597  83.957 0.0000000000
65383  2.024  -10.451  82.784 0.0000000000
64587  3.293  -11.497  80.941 0.0000000000
63710  4.039  -11.762  80.267 0.0000000000
65413  3.427  -10.193  80.300 0.0000000000
67243  1.949  -8.688  79.365 0.0000000000
67254  0.941  -7.609  78.459 0.0000000000
69028  1.459  -6.612  76.800 0.0000000000
121883  2.538  -6.011  77.622 0.0000000000
136582  5.635  -5.964  77.365 0.0000000000
70946  8.346  -5.273  77.835 0.0000000000
77209  5.763  2.071  84.041 0.0000000000
75293  6.666  0.700  83.374 0.0000000000
77225  5.738  2.269  82.719 0.0000000000
76274  4.667  1.554  80.344 0.0000000000
138002  4.877  1.456  79.458 0.0000000000
76301  4.680  1.498  77.729 0.0000000000
76291  2.692  1.575  78.350 0.0000000000
77270  0.685  1.883  76.762 0.0000000000
64679  41.685  -11.601  64.393 0.0000000000
65604  41.628  -10.583  63.321 0.0000000000
64677  43.203  -11.106  64.872 0.0000000000
64676  43.972  -10.924  65.102 0.0000000000
65569  45.490  -10.710  65.808 0.0000000000
62953  48.614  -12.793  66.850 0.0000000000
64633  49.327  -10.461  68.279 0.0000000000
65554  50.233  -10.622  66.864 0.0000000000
67357  51.104  -8.466  66.242 0.0000000000
68207  51.302  -7.998  65.628 0.0000000000
69137  49.952  -6.142  64.149 0.0000000000
68242  51.260  -7.298  63.987 0.0000000000
68241  51.595  -7.037  63.526 0.0000000000
67413  51.635  -7.553  62.438 0.0000000000
68266  52.564  -7.438  61.207 0.0000000000
67427  50.932  -8.184  61.836 0.0000000000
66558  49.696  -9.273  60.675 0.0000000000
66564  49.099  -9.663  60.019 0.0000000000
140116  17.220  -15.401  77.879 0.0000000000
61983  16.766  -14.330  77.501 0.0000000000
48154  1.174  -29.859  86.480 0.0000000000
49938  1.226  -27.704  86.833 0.0000000000
52751  1.908  -24.422  85.526 0.0000000000
48174  10.282  -29.092  82.241 0.0000000000
49040  10.143  -28.643  83.201 0.0000000000
49047  9.198  -28.273  81.608 0.0000000000
50868  8.072  -26.734  81.941 0.0000000000
51843  7.974  -25.711  81.668 0.0000000000
134587  13.379  -21.969  78.503 0.0000000000
55478  12.723  -22.294  80.757 0.0000000000
55490  11.918  -21.548  80.046 0.0000000000
129683  11.095  -20.982  81.064 0.0000000000
56337  9.869  -20.432  81.707 0.0000000000
56332  8.066  -20.267  83.141 0.0000000000
55481  9.477  -20.823  80.277 0.0000000000
138958  9.658  -21.349  77.862 0.0000000000
55513  9.309  -21.759  77.320 0.0000000000
54660  8.802  -22.175  76.723 0.0000000000
56382  9.744  -20.688  74.968 0.0000000000
58129  9.907  -18.543  74.331 0.0000000000
60077  10.740  -16.402  75.316 0.0000000000
64582  13.856  -11.767  80.270 0.0000000000
65375  14.196  -10.774  81.871 0.0000000000
67213  12.521  -8.852  84.183 0.0000000000
67214  11.553  -8.790  84.448 0.0000000000
67195  13.373  -7.481  86.078 0.0000000000
122907  33.805  -31.898  78.332 0.0000000000
61224  24.702  -15.702  60.873 0.0000000000
62112  25.051  -14.269  60.905 0.0000000000
61223  25.640  -15.135  60.663 0.0000000000
61221  27.263  -15.207  60.552 0.0000000000
62123  28.403  -14.369  60.647 0.0000000000
61176  33.135  -15.768  65.543 0.0000000000
61191  32.335  -15.311  63.459 0.0000000000
61184  32.985  -15.182  63.954 0.0000000000
62099  33.234  -14.202  62.612 0.0000000000
63868  33.815  -12.630  61.896 0.0000000000
65635  33.543  -10.780  61.716 0.0000000000
63867  34.634  -12.355  62.213 0.0000000000
63866  35.488  -12.148  62.523 0.0000000000
63865  36.313  -12.013  62.706 0.0000000000
63852  37.562  -11.993  63.064 0.0000000000
63841  36.738  -12.633  64.264 0.0000000000
63830  37.794  -12.847  65.928 0.0000000000
63805  38.002  -12.820  67.613 0.0000000000
59079  38.687  -17.222  74.573 0.0000000000
140206  38.897  -15.507  74.461 0.0000000000
60096  39.648  -16.440  73.746 0.0000000000
132174  39.841  -16.639  72.885 0.0000000000
60127  40.544  -16.367  71.652 0.0000000000
61109  41.383  -16.179  71.424 0.0000000000
60129  38.727  -16.655  70.668 0.0000000000
141333  0.857  -23.847  76.172 0.0000000000
52820  4.062  -24.649  75.585 0.0000000000
53783  2.517  -23.833  74.406 0.0000000000
52846  4.474  -24.058  73.510 0.0000000000
52861  5.765  -24.426  72.293 0.0000000000
54766  2.221  -22.659  67.361 0.0000000000
52924  2.223  -24.480  66.788 0.0000000000
70005  5.334  -6.257  73.182 0.0000000000
69061  3.334  -6.308  72.374 0.0000000000
70017  5.573  -6.000  72.373 0.0000000000
70026  5.786  -5.817  71.547 0.0000000000
70037  6.536  -5.702  70.326 0.0000000000
70097  44.272  -3.790  64.906 0.0000000000
71059  43.649  -1.876  66.133 0.0000000000
71979  43.918  -2.687  64.719 0.0000000000
141131  40.735  -3.363  65.369 0.0000000000
71983  37.641  -3.939  64.969 0.0000000000
78360  56.087  4.291  52.587 0.0000000000
78382  56.986  3.897  51.020 0.0000000000
76565  58.553  2.071  50.469 0.0000000000
68297  54.762  -6.968  57.564 0.0000000000
69227  56.259  -5.551  58.007 0.0000000000
68312  54.778  -7.017  56.550 0.0000000000
68328  55.318  -6.816  55.145 0.0000000000
69272  55.044  -6.794  54.229 0.0000000000
72107  58.029  -4.100  48.022 0.0000000000
56373  22.625  -20.250  75.309 0.0000000000
57209  25.322  -18.688  76.970 0.0000000000
57241  24.563  -19.855  75.182 0.0000000000
57239  26.810  -19.377  75.132 0.0000000000
57259  26.542  -18.899  73.348 0.0000000000
55559  26.493  -21.574  74.519 0.0000000000
56416  26.320  -20.644  73.261 0.0000000000
57266  26.085  -19.071  71.908 0.0000000000
57275  25.000  -19.231  70.521 0.0000000000
57282  24.621  -18.898  69.678 0.0000000000
118594  23.627  -19.752  67.941 0.0000000000
44371  16.940  -33.162  77.670 0.0000000000
45455  15.910  -32.169  77.424 0.0000000000
45472  16.010  -31.883  75.915 0.0000000000
47426  16.451  -30.608  72.658 0.0000000000
49140  16.393  -28.956  72.219 0.0000000000
49137  18.734  -28.356  72.715 0.0000000000
50043  18.406  -27.600  72.437 0.0000000000
50957  17.480  -26.020  72.165 0.0000000000
123596  19.101  -23.947  72.607 0.0000000000
55563  20.588  -21.547  73.493 0.0000000000
42244  22.198  -35.302  74.753 0.0000000000
116239  21.257  -36.928  75.747 0.0000000000
42245  21.242  -35.932  75.278 0.0000000000
42246  20.327  -35.421  75.663 0.0000000000
41271  20.500  -35.174  77.169 0.0000000000
44383  20.405  -33.380  75.251 0.0000000000
43296  19.863  -34.034  75.440 0.0000000000
42233  20.591  -34.824  77.819 0.0000000000
43281  18.925  -34.229  77.703 0.0000000000
44370  17.586  -33.661  77.320 0.0000000000
49076  27.960  -28.767  77.241 0.0000000000
48209  28.119  -29.160  79.085 0.0000000000
48223  26.611  -29.408  78.362 0.0000000000
48199  24.845  -28.882  81.193 0.0000000000
47330  23.340  -29.386  82.018 0.0000000000
49060  22.587  -27.841  79.827 0.0000000000
47349  22.612  -29.288  80.162 0.0000000000
46455  24.234  -31.177  79.735 0.0000000000
45451  24.964  -32.676  77.981 0.0000000000
44376  23.802  -34.127  76.529 0.0000000000
56453  23.431  -20.811  67.293 0.0000000000
55609  23.310  -21.550  68.669 0.0000000000
54755  23.470  -23.208  68.615 0.0000000000
52895  24.293  -24.942  69.715 0.0000000000
51937  23.809  -24.904  71.616 0.0000000000
122522  24.484  -25.925  70.976 0.0000000000
51951  25.079  -25.986  70.311 0.0000000000
50039  26.406  -27.501  72.314 0.0000000000
50010  27.599  -27.923  74.183 0.0000000000
79019  3.418  4.382  81.632 0.0000000000
79044  4.738  4.063  78.583 0.0000000000
79030  4.544  4.769  81.105 0.0000000000
79919  6.376  5.018  78.869 0.0000000000
79926  6.846  5.395  77.406 0.0000000000
117247  6.982  5.343  81.280 0.0000000000
79910  7.569  5.591  79.298 0.0000000000
130754  8.123  5.870  76.030 0.0000000000
82394  7.837  8.003  76.615 0.0000000000
83198  9.131  9.568  76.583 0.0000000000
84846  8.735  11.749  78.177 0.0000000000
64577  7.378  -11.416  81.782 0.0000000000
62842  5.990  -13.020  82.094 0.0000000000
64572  6.523  -11.578  82.729 0.0000000000
65360  6.279  -10.555  83.312 0.0000000000
67216  6.427  -8.886  82.220 0.0000000000
68948  8.142  -6.850  83.424 0.0000000000
68053  7.181  -8.124  83.689 0.0000000000
66286  5.293  -8.619  82.153 0.0000000000
68066  6.359  -7.322  81.652 0.0000000000
68972  7.354  -6.805  80.970 0.0000000000
69931  8.249  -5.598  80.232 0.0000000000
127962  8.483  -5.453  79.981 0.0000000000
72699  5.526  -3.799  83.634 0.0000000000
72684  4.490  -2.583  85.173 0.0000000000
73510  4.086  -1.485  85.716 0.0000000000
72678  3.131  -1.957  87.634 0.0000000000
139150  2.408  -1.030  87.326 0.0000000000
75281  4.445  0.627  85.815 0.0000000000
77204  4.148  2.756  85.703 0.0000000000
78100  2.237  4.841  83.897 0.0000000000
63756  44.509  -11.324  72.323 0.0000000000
64622  45.237  -11.006  70.950 0.0000000000
62918  45.786  -13.197  71.326 0.0000000000
62926  47.035  -13.509  70.100 0.0000000000
62936  47.265  -13.696  69.248 0.0000000000
61142  46.395  -15.554  66.933 0.0000000000
62060  47.373  -13.946  67.237 0.0000000000
62962  47.653  -13.429  66.486 0.0000000000
63834  47.600  -12.254  65.612 0.0000000000
64689  47.564  -11.075  64.174 0.0000000000
64707  47.309  -11.096  62.896 0.0000000000
136283  5.645  -29.679  84.830 0.0000000000
48140  5.851  -28.993  86.080 0.0000000000
52798  12.954  -24.614  77.854 0.0000000000
52789  11.720  -24.378  78.588 0.0000000000
52787  13.632  -24.113  78.626 0.0000000000
53738  14.095  -23.201  79.507 0.0000000000
55498  15.025  -22.579  78.645 0.0000000000
133948  16.348  -22.083  80.153 0.0000000000
55497  15.986  -21.430  78.894 0.0000000000
55507  15.108  -21.583  77.566 0.0000000000
55520  15.308  -20.826  76.188 0.0000000000
126832  15.311  -19.637  74.092 0.0000000000
57213  13.666  -19.234  76.096 0.0000000000
58115  12.816  -18.815  75.699 0.0000000000
59042  14.308  -17.742  77.658 0.0000000000
61048  14.352  -15.828  78.977 0.0000000000
61961  14.314  -14.557  81.170 0.0000000000
61016  15.183  -15.294  83.029 0.0000000000
61953  14.928  -14.374  82.804 0.0000000000
56426  37.095  -20.160  70.997 0.0000000000
55596  36.651  -21.775  69.818 0.0000000000
55587  36.693  -21.579  70.886 0.0000000000
53829  36.143  -23.358  70.284 0.0000000000
129963  36.694  -24.705  73.196 0.0000000000
51932  36.281  -26.272  71.561 0.0000000000
57314  29.458  -19.466  65.571 0.0000000000
120516  29.435  -18.384  63.481 0.0000000000
58189  30.055  -18.977  65.986 0.0000000000
59200  31.107  -17.799  66.144 0.0000000000
59199  31.781  -17.369  66.611 0.0000000000
57273  32.771  -19.662  70.308 0.0000000000
59158  32.804  -17.928  68.657 0.0000000000
60193  32.474  -16.833  66.730 0.0000000000
60171  33.529  -16.567  67.712 0.0000000000
125068  34.490  -15.540  67.782 0.0000000000
61135  34.987  -14.854  68.012 0.0000000000
62054  35.664  -14.481  68.574 0.0000000000
61111  35.714  -15.552  70.509 0.0000000000
60117  36.301  -15.979  72.067 0.0000000000
60098  37.100  -16.690  74.405 0.0000000000
59082  36.520  -17.999  74.647 0.0000000000
59081  37.390  -17.579  75.062 0.0000000000
59080  38.029  -17.625  75.007 0.0000000000
58122  38.233  -18.001  74.507 0.0000000000
57256  37.453  -19.520  72.534 0.0000000000
58138  1.267  -18.372  73.714 0.0000000000
127994  1.479  -20.288  72.819 0.0000000000
58145  2.239  -18.517  72.649 0.0000000000
57268  2.825  -19.636  71.023 0.0000000000
56439  2.974  -20.416  69.446 0.0000000000
59153  4.085  -17.402  70.448 0.0000000000
57285  3.261  -19.725  69.080 0.0000000000
55611  2.149  -20.655  67.912 0.0000000000
55632  0.779  -21.554  66.145 0.0000000000
54792  2.915  -22.772  65.508 0.0000000000
121813  4.721  -8.307  66.268 0.0000000000
74425  10.352  -0.770  74.257 0.0000000000
125018  10.462  -2.444  72.608 0.0000000000
74440  10.061  -0.189  72.538 0.0000000000
70145  44.433  -5.860  62.227 0.0000000000
132150  42.365  -5.636  62.109 0.0000000000
74610  52.700  -0.082  50.087 0.0000000000
73763  54.541  -1.432  49.490 0.0000000000
130307  19.578  -18.383  83.618 0.0000000000
60021  19.411  -16.683  83.149 0.0000000000
59004  19.422  -18.281  82.427 0.0000000000
59011  18.513  -17.287  80.645 0.0000000000
120956  18.336  -17.383  79.721 0.0000000000
58081  20.310  -18.326  78.983 0.0000000000
58082  19.436  -18.207  78.848 0.0000000000
60053  17.852  -16.760  77.868 0.0000000000
60073  18.232  -16.665  76.148 0.0000000000
60074  18.009  -16.431  75.276 0.0000000000
60100  17.802  -16.339  73.652 0.0000000000
59048  26.324  -17.470  77.255 0.0000000000
59064  25.314  -17.225  76.583 0.0000000000
59087  22.874  -17.811  74.939 0.0000000000
59119  23.909  -17.174  72.458 0.0000000000
59105  22.152  -17.825  73.158 0.0000000000
59106  21.296  -17.853  73.516 0.0000000000
59108  19.762  -17.629  72.952 0.0000000000
59124  18.203  -17.214  72.382 0.0000000000
60122  17.132  -16.668  71.963 0.0000000000
61154  17.593  -14.900  67.678 0.0000000000
60176  19.364  -16.665  67.225 0.0000000000
61153  18.287  -15.382  67.305 0.0000000000
62949  18.182  -13.786  66.948 0.0000000000
62959  18.693  -13.515  66.396 0.0000000000
65577  20.777  -11.097  65.673 0.0000000000
45394  11.630  -33.029  84.180 0.0000000000
45383  12.620  -31.884  85.643 0.0000000000
47287  13.753  -30.251  85.728 0.0000000000
48165  12.396  -29.535  84.272 0.0000000000
47322  13.665  -30.537  82.763 0.0000000000
47324  12.366  -30.170  82.435 0.0000000000
119680  11.052  -29.567  82.006 0.0000000000
130086  10.453  -29.390  80.500 0.0000000000
119954  10.037  -28.243  78.144 0.0000000000
50898  10.909  -26.391  76.962 0.0000000000
46485  14.757  -31.003  76.781 0.0000000000
116541  14.227  -30.417  76.156 0.0000000000
48248  12.839  -29.560  76.095 0.0000000000
50942  14.558  -26.778  72.913 0.0000000000
50014  13.552  -27.477  74.197 0.0000000000
49106  12.196  -28.275  75.283 0.0000000000
50003  11.796  -27.285  75.521 0.0000000000
51875  11.566  -25.696  76.521 0.0000000000
51866  12.104  -24.902  77.026 0.0000000000
52796  14.523  -24.571  77.492 0.0000000000
137775  15.613  -23.581  78.048 0.0000000000
53733  17.458  -23.438  79.632 0.0000000000
54639  18.627  -22.579  78.826 0.0000000000
124136  18.736  -22.705  80.372 0.0000000000
54615  18.477  -22.574  81.218 0.0000000000
54601  19.749  -22.748  83.583 0.0000000000
57180  20.626  -20.838  84.058 0.0000000000
115820  21.474  -39.110  77.256 0.0000000000
39286  22.243  -38.594  80.922 0.0000000000
41222  17.558  -36.303  84.349 0.0000000000
53743  34.763  -23.184  78.076 0.0000000000
52782  35.788  -24.514  78.705 0.0000000000
52773  34.291  -24.830  79.396 0.0000000000
49966  34.165  -27.214  79.827 0.0000000000
48208  33.783  -29.029  79.736 0.0000000000
49958  31.426  -27.375  80.965 0.0000000000
48194  32.097  -29.228  80.823 0.0000000000
129550  32.608  -31.240  79.897 0.0000000000
139895  27.572  -29.500  80.747 0.0000000000
48169  27.639  -29.851  81.617 0.0000000000
117927  28.116  -31.661  81.598 0.0000000000
44348  28.710  -33.731  80.866 0.0000000000
65576  21.329  -10.492  65.305 0.0000000000
64682  21.645  -11.762  64.164 0.0000000000
62984  22.286  -13.192  63.180 0.0000000000
124609  23.299  -14.108  62.021 0.0000000000
61194  23.199  -15.854  63.641 0.0000000000
61201  23.298  -15.815  62.558 0.0000000000
60257  24.051  -16.115  61.289 0.0000000000
125595  24.749  -17.654  61.379 0.0000000000
121305  26.591  -19.133  61.855 0.0000000000
58224  27.830  -19.611  62.661 0.0000000000
56465  23.458  -20.741  66.353 0.0000000000
124955  23.920  -21.358  65.833 0.0000000000
55642  24.646  -21.504  65.221 0.0000000000
53878  26.238  -23.394  67.590 0.0000000000
55629  26.095  -22.031  66.058 0.0000000000
55655  25.987  -21.406  64.850 0.0000000000
56477  26.850  -21.135  65.044 0.0000000000
56476  27.696  -20.887  65.253 0.0000000000
57315  28.847  -19.946  65.162 0.0000000000
56451  29.891  -20.846  67.106 0.0000000000
55598  30.725  -21.575  69.045 0.0000000000
54714  32.221  -22.475  71.476 0.0000000000
140830  31.275  -24.163  72.413 0.0000000000
53818  32.219  -23.155  72.125 0.0000000000
134402  32.763  -22.846  72.664 0.0000000000
53778  33.589  -22.992  75.057 0.0000000000
53755  33.556  -22.934  77.208 0.0000000000
79065  5.040  4.742  75.836 0.0000000000
80783  5.009  6.849  74.802 0.0000000000
82401  3.854  8.710  75.140 0.0000000000
84033  5.498  10.633  75.343 0.0000000000
84872  3.396  10.942  76.775 0.0000000000
52779  5.084  -24.398  79.094 0.0000000000
120797  4.461  -24.978  78.709 0.0000000000
53752  4.344  -24.187  77.652 0.0000000000
118475  3.785  -23.126  76.672 0.0000000000
127787  2.810  -23.472  76.655 0.0000000000
57216  3.629  -19.665  76.498 0.0000000000
56366  2.774  -20.441  76.398 0.0000000000
54666  1.484  -22.584  76.514 0.0000000000
54667  0.665  -22.598  76.192 0.0000000000
56386  0.232  -20.864  75.627 0.0000000000
127102  0.296  -19.179  75.476 0.0000000000
61955  4.947  -14.066  82.105 0.0000000000
61019  3.317  -15.713  82.198 0.0000000000
59008  1.796  -17.245  82.371 0.0000000000
61951  1.380  -13.656  83.504 0.0000000000
61028  0.729  -15.913  82.660 0.0000000000
59016  0.158  -17.740  81.130 0.0000000000
59034  -0.367  -17.485  78.916 0.0000000000
60072  0.272  -17.531  77.049 0.0000000000
139443  0.717  -17.963  74.628 0.0000000000
60083  1.743  -16.158  75.524 0.0000000000
60082  2.797  -15.656  75.635 0.0000000000
61076  4.398  -15.153  75.673 0.0000000000
63730  4.602  -12.407  78.575 0.0000000000
62887  4.814  -13.726  76.805 0.0000000000
62004  5.636  -14.346  75.512 0.0000000000
62888  6.727  -13.125  75.440 0.0000000000
125266  6.924  -11.462  74.780 0.0000000000
65466  5.999  -10.357  74.128 0.0000000000
133558  5.319  -9.929  73.098 0.0000000000
66366  4.132  -9.550  74.271 0.0000000000
66369  1.092  -8.799  74.140 0.0000000000
68137  1.430  -7.458  73.803 0.0000000000
69035  2.148  -6.058  75.706 0.0000000000
69034  3.147  -6.007  75.129 0.0000000000
69043  4.054  -6.088  74.402 0.0000000000
69992  6.254  -6.344  74.330 0.0000000000
70968  8.646  -4.794  74.564 0.0000000000
71850  9.860  -3.312  75.240 0.0000000000
71820  7.921  -3.685  80.584 0.0000000000
72728  8.526  -2.830  80.414 0.0000000000
72734  9.079  -2.901  79.550 0.0000000000
75303  7.522  0.299  81.925 0.0000000000
74385  8.169  -0.570  80.601 0.0000000000
136936  9.402  -2.147  78.115 0.0000000000
138232  9.492  -1.812  77.234 0.0000000000
73582  9.676  -1.126  76.817 0.0000000000
74417  10.120  -0.745  75.078 0.0000000000
75366  9.311  0.327  74.974 0.0000000000
75376  7.708  1.237  74.751 0.0000000000
76348  5.258  1.837  73.505 0.0000000000
117373  4.269  1.561  76.079 0.0000000000
76338  3.736  1.712  74.632 0.0000000000
76360  3.841  2.195  73.025 0.0000000000
121682  38.107  -7.062  65.550 0.0000000000
69117  38.590  -6.222  67.504 0.0000000000
68213  38.868  -7.112  65.088 0.0000000000
68212  39.844  -6.598  65.544 0.0000000000
69142  41.025  -6.619  64.844 0.0000000000
136036  41.862  -8.689  63.009 0.0000000000
116655  41.767  -7.983  63.022 0.0000000000
69151  43.030  -6.232  63.934 0.0000000000
69150  43.790  -5.924  63.569 0.0000000000
69149  44.013  -6.216  63.458 0.0000000000
69147  45.148  -5.656  63.834 0.0000000000
64636  46.161  -11.045  69.283 0.0000000000
65544  46.326  -10.482  67.745 0.0000000000
66498  46.669  -9.571  65.631 0.0000000000
66462  48.843  -9.732  67.981 0.0000000000
66497  47.467  -9.132  66.114 0.0000000000
67373  46.764  -8.723  65.218 0.0000000000
129769  46.471  -6.926  64.763 0.0000000000
69138  45.933  -5.915  64.432 0.0000000000
70110  45.106  -5.158  63.497 0.0000000000
71117  46.024  -4.749  63.298 0.0000000000
70109  49.872  -5.338  63.794 0.0000000000
139704  54.481  -4.869  59.686 0.0000000000
69217  54.739  -6.479  59.599 0.0000000000
67430  52.662  -7.772  60.302 0.0000000000
68284  53.323  -7.702  59.123 0.0000000000
68283  54.065  -7.389  58.892 0.0000000000
67446  52.850  -8.268  57.568 0.0000000000
67452  52.005  -8.953  56.880 0.0000000000
134687  49.934  -10.016  56.310 0.0000000000
64722  47.128  -11.025  61.860 0.0000000000
64734  47.093  -10.892  60.783 0.0000000000
65644  47.789  -11.124  58.934 0.0000000000
64745  46.414  -11.513  58.613 0.0000000000
65647  48.519  -11.237  58.188 0.0000000000
65650  48.988  -11.931  57.018 0.0000000000
65666  48.725  -10.636  56.076 0.0000000000
80172  59.555  5.739  43.369 0.0000000000
79314  59.398  4.759  43.575 0.0000000000
78428  58.731  3.753  45.082 0.0000000000
73533  9.617  -1.292  82.636 0.0000000000
75301  9.378  0.489  82.475 0.0000000000
130154  19.094  -15.064  82.586 0.0000000000
49949  3.176  -27.644  82.218 0.0000000000
135437  3.063  -26.359  81.781 0.0000000000
52772  3.742  -25.753  80.817 0.0000000000
45389  11.349  -32.213  84.443 0.0000000000
46403  10.329  -31.003  84.586 0.0000000000
47299  9.672  -30.292  84.977 0.0000000000
49034  10.924  -28.427  85.358 0.0000000000
48136  10.274  -28.880  87.170 0.0000000000
134413  8.537  -29.436  85.941 0.0000000000
49023  7.887  -28.576  86.835 0.0000000000
49017  7.302  -28.032  87.102 0.0000000000
50845  6.328  -26.814  87.496 0.0000000000
52777  10.444  -24.396  79.316 0.0000000000
52769  9.328  -24.334  80.410 0.0000000000
53710  8.459  -24.138  81.987 0.0000000000
128534  11.491  -22.284  81.900 0.0000000000
53703  9.552  -22.999  82.572 0.0000000000
52756  7.653  -24.462  83.538 0.0000000000
125340  7.101  -24.371  85.230 0.0000000000
51832  6.564  -24.612  85.804 0.0000000000
50851  5.880  -26.264  87.066 0.0000000000
141016  4.899  -24.747  86.201 0.0000000000
53689  4.327  -23.383  86.020 0.0000000000
53696  4.193  -22.903  85.241 0.0000000000
131577  6.388  -21.125  83.792 0.0000000000
53700  5.216  -22.145  83.918 0.0000000000
53701  4.105  -23.386  84.001 0.0000000000
53706  4.384  -24.206  82.313 0.0000000000
52765  4.658  -24.461  80.848 0.0000000000
52770  4.839  -24.419  79.997 0.0000000000
53750  6.212  -23.597  78.076 0.0000000000
139217  6.512  -22.541  76.019 0.0000000000
56384  6.511  -20.540  75.291 0.0000000000
56383  8.274  -21.028  75.182 0.0000000000
120451  7.469  -20.228  75.019 0.0000000000
133041  6.275  -18.270  75.856 0.0000000000
60069  6.802  -16.824  76.984 0.0000000000
61056  7.146  -15.950  78.226 0.0000000000
62863  7.391  -13.550  79.643 0.0000000000
59056  12.525  -17.492  75.825 0.0000000000
60066  12.183  -16.177  75.964 0.0000000000
61996  11.230  -14.910  76.587 0.0000000000
63715  12.807  -12.530  79.180 0.0000000000
63725  11.543  -12.701  77.934 0.0000000000
62880  9.938  -13.540  77.466 0.0000000000
62870  9.372  -13.176  78.178 0.0000000000
63717  8.443  -12.400  79.521 0.0000000000
63709  7.424  -12.515  80.744 0.0000000000
65380  8.318  -10.139  81.816 0.0000000000
65351  8.869  -9.991  84.674 0.0000000000
68039  9.686  -7.011  86.410 0.0000000000
67197  11.721  -7.339  86.404 0.0000000000
68917  11.411  -6.605  86.111 0.0000000000
138072  10.593  -6.413  84.507 0.0000000000
133394  10.329  -4.063  82.253 0.0000000000
72707  10.032  -2.737  82.322 0.0000000000
55606  36.166  -22.245  68.208 0.0000000000
50887  36.307  -26.016  78.136 0.0000000000
132051  35.624  -27.819  77.101 0.0000000000
65575  21.938  -9.912  64.997 0.0000000000
66522  23.476  -9.690  64.730 0.0000000000
66505  24.670  -9.266  65.584 0.0000000000
64719  24.744  -11.560  62.424 0.0000000000
65609  25.239  -10.581  63.647 0.0000000000
59258  29.664  -17.458  62.249 0.0000000000
61207  29.548  -15.636  61.172 0.0000000000
63008  29.905  -13.932  60.939 0.0000000000
62101  31.681  -14.692  62.130 0.0000000000
63007  30.672  -13.696  61.228 0.0000000000
63897  29.369  -12.716  60.803 0.0000000000
65628  29.615  -10.754  62.131 0.0000000000
66519  29.773  -9.948  64.227 0.0000000000
66546  33.552  -9.541  62.305 0.0000000000
68248  37.225  -7.907  63.974 0.0000000000
67417  38.591  -9.084  62.766 0.0000000000
65618  39.879  -10.581  62.621 0.0000000000
63851  38.243  -11.976  63.478 0.0000000000
64694  39.608  -11.526  63.287 0.0000000000
64693  40.461  -11.576  63.577 0.0000000000
63826  41.294  -12.147  65.702 0.0000000000
124416  41.407  -12.625  68.017 0.0000000000
118254  42.536  -11.949  69.611 0.0000000000
62939  36.959  -13.699  68.701 0.0000000000
62930  37.779  -13.501  69.047 0.0000000000
62929  38.534  -13.210  69.355 0.0000000000
62895  38.832  -13.710  73.174 0.0000000000
62912  39.272  -12.763  72.005 0.0000000000
62928  39.221  -12.708  69.811 0.0000000000
63770  40.921  -12.212  71.555 0.0000000000
63769  41.639  -12.004  71.351 0.0000000000
117812  43.680  -11.333  72.063 0.0000000000
62910  43.783  -12.407  73.103 0.0000000000
62034  43.777  -14.141  71.110 0.0000000000
61117  42.651  -15.132  69.753 0.0000000000
61146  42.441  -15.473  68.112 0.0000000000
76248  9.203  1.359  82.221 0.0000000000
78109  9.463  3.746  81.392 0.0000000000
137459  10.170  4.749  80.285 0.0000000000
79906  11.478  5.328  79.571 0.0000000000
80744  10.719  6.636  78.429 0.0000000000
119597  4.353  -25.982  78.132 0.0000000000
50900  5.136  -27.077  76.971 0.0000000000
120068  5.795  -25.799  74.941 0.0000000000
55585  3.084  -21.678  71.685 0.0000000000
53823  5.331  -23.163  71.369 0.0000000000
51953  6.008  -24.839  70.769 0.0000000000
65506  4.703  -9.771  71.929 0.0000000000
116459  3.940  -9.653  71.246 0.0000000000
66423  3.152  -9.666  70.282 0.0000000000
68163  0.736  -8.290  71.071 0.0000000000
66444  1.348  -9.336  69.674 0.0000000000
66457  2.575  -9.623  68.746 0.0000000000
67344  2.822  -9.424  68.058 0.0000000000
67353  3.471  -8.898  67.297 0.0000000000
71002  9.532  -4.275  71.721 0.0000000000
70035  8.195  -5.565  70.136 0.0000000000
70047  6.249  -5.820  69.313 0.0000000000
70077  7.356  -5.859  67.518 0.0000000000
116486  4.956  -5.900  68.146 0.0000000000
71914  40.675  -2.624  68.183 0.0000000000
70128  39.826  -5.279  62.364 0.0000000000
119734  58.857  4.286  46.168 0.0000000000
123683  58.663  2.680  45.339 0.0000000000
70211  52.580  -5.316  55.676 0.0000000000
71178  52.870  -4.796  54.222 0.0000000000
71186  53.475  -4.416  53.652 0.0000000000
71154  56.859  -4.199  57.495 0.0000000000
72039  55.250  -3.622  54.605 0.0000000000
71211  53.895  -3.911  52.210 0.0000000000
72074  55.286  -3.181  51.917 0.0000000000
72916  55.258  -2.509  50.570 0.0000000000
72927  55.891  -2.029  50.161 0.0000000000
69296  55.591  -6.402  53.135 0.0000000000
70246  57.200  -5.290  53.221 0.0000000000
72892  59.216  -3.030  52.797 0.0000000000
120949  58.097  -2.102  51.509 0.0000000000
121871  56.403  -1.108  49.291 0.0000000000
75604  57.412  0.103  49.198 0.0000000000
75587  59.047  0.336  50.335 0.0000000000
76576  59.552  1.049  50.325 0.0000000000
125162  60.231  -1.088  47.777 0.0000000000
75613  60.223  0.680  48.365 0.0000000000
75629  59.574  0.746  46.689 0.0000000000
75630  59.244  0.968  45.754 0.0000000000
134985  59.107  0.942  44.144 0.0000000000
50917  22.067  -26.818  75.584 0.0000000000
51882  23.616  -25.799  76.670 0.0000000000
50916  23.040  -26.744  76.151 0.0000000000
50000  21.617  -27.769  75.569 0.0000000000
49103  21.396  -28.508  75.539 0.0000000000
49990  22.639  -28.368  76.057 0.0000000000
50915  23.612  -26.569  76.241 0.0000000000
74345  8.901  -0.090  85.156 0.0000000000
75285  8.668  0.703  84.817 0.0000000000
75291  8.777  0.757  83.934 0.0000000000
74344  9.279  -0.778  84.513 0.0000000000
73508  9.255  -1.448  85.301 0.0000000000
74338  9.081  -0.710  85.455 0.0000000000
74339  8.765  -0.334  86.032 0.0000000000
60009  19.383  -16.183  85.054 0.0000000000
61006  19.900  -15.340  84.650 0.0000000000
60014  19.816  -16.274  84.258 0.0000000000
58058  19.084  -18.295  84.442 0.0000000000
58059  18.475  -18.494  84.569 0.0000000000
60015  19.244  -16.781  84.670 0.0000000000
60010  18.470  -16.742  85.107 0.0000000000
53753  36.332  -23.809  77.051 0.0000000000
138670  36.089  -23.958  77.557 0.0000000000
54647  35.054  -22.511  77.529 0.0000000000
54656  34.811  -21.804  77.149 0.0000000000
54655  35.572  -21.975  77.045 0.0000000000
52781  4.062  -25.777  80.236 0.0000000000
50886  4.063  -26.096  79.953 0.0000000000
51862  4.244  -25.616  79.316 0.0000000000
64615  7.485  -11.754  73.372 0.0000000000
63755  7.775  -12.440  72.878 0.0000000000
63765  8.066  -12.737  72.051 0.0000000000
133254  7.671  -11.571  72.760 0.0000000000
116830  7.732  -11.028  72.243 0.0000000000
69260  49.301  -6.553  55.836 0.0000000000
69273  49.079  -6.397  54.945 0.0000000000
70221  49.924  -5.997  54.431 0.0000000000
77556  59.544  2.486  42.241 0.0000000000
77557  59.333  2.100  42.989 0.0000000000
76639  59.238  1.459  43.299 0.0000000000
57211  23.596  -19.680  77.571 0.0000000000
58182  23.940  -17.549  67.115 0.0000000000
59187  23.854  -16.516  66.960 0.0000000000
45439  16.358  -32.607  79.974 0.0000000000
45440  15.821  -32.179  79.460 0.0000000000
45447  15.875  -32.211  78.718 0.0000000000
132164  21.971  -20.460  75.855 0.0000000000
56375  20.450  -20.985  75.520 0.0000000000
56357  21.832  -20.649  76.912 0.0000000000
44351  17.432  -33.640  80.121 0.0000000000
44352  16.889  -33.100  80.503 0.0000000000
49986  29.330  -27.506  76.844 0.0000000000
49074  29.284  -28.216  78.360 0.0000000000
116582  22.377  -36.290  75.184 0.0000000000
42237  23.402  -35.782  76.314 0.0000000000
57307  23.594  -18.769  66.648 0.0000000000
49987  28.823  -27.813  76.113 0.0000000000
49997  28.671  -27.657  75.336 0.0000000000
49996  29.253  -27.183  75.864 0.0000000000
78128  2.656  3.239  79.869 0.0000000000
78134  3.753  3.613  79.171 0.0000000000
85714  8.140  12.300  78.417 0.0000000000
85702  7.008  13.094  79.213 0.0000000000
86494  6.880  13.307  80.289 0.0000000000
61970  6.464  -14.667  80.290 0.0000000000
61042  6.014  -15.646  80.002 0.0000000000
61962  5.969  -14.160  81.005 0.0000000000
68981  5.692  -6.487  80.378 0.0000000000
68076  3.899  -7.241  80.794 0.0000000000
68982  4.651  -6.687  80.216 0.0000000000
68086  3.470  -6.884  80.023 0.0000000000
68989  5.319  -6.227  79.617 0.0000000000
78122  2.877  3.235  80.692 0.0000000000
77240  3.020  3.398  81.052 0.0000000000
78129  2.077  2.655  79.562 0.0000000000
63786  43.341  -11.859  68.950 0.0000000000
63799  43.861  -11.958  68.058 0.0000000000
140836  44.003  -11.765  68.860 0.0000000000
64688  48.753  -11.095  64.755 0.0000000000
65582  49.406  -11.041  64.949 0.0000000000
65600  48.854  -10.472  64.213 0.0000000000
66512  49.562  -9.591  64.042 0.0000000000
66527  49.088  -9.976  63.780 0.0000000000
65614  48.519  -10.064  62.982 0.0000000000
48151  4.862  -29.261  85.703 0.0000000000
48141  3.943  -28.958  86.240 0.0000000000
49936  3.486  -27.767  87.246 0.0000000000
49932  4.654  -27.653  87.384 0.0000000000
123720  10.422  -25.724  78.184 0.0000000000
51860  9.988  -25.805  78.556 0.0000000000
56378  13.808  -20.305  74.239 0.0000000000
56361  12.287  -21.216  75.597 0.0000000000
56379  12.299  -20.364  75.112 0.0000000000
57229  12.327  -19.091  75.106 0.0000000000
57278  37.025  -19.314  69.947 0.0000000000
57279  36.642  -19.949  69.400 0.0000000000
58223  28.642  -18.848  62.675 0.0000000000
62077  34.561  -14.445  65.419 0.0000000000
62076  35.191  -14.048  65.889 0.0000000000
62069  35.722  -13.739  66.400 0.0000000000
120421  35.635  -13.926  67.097 0.0000000000
58155  37.419  -18.685  70.420 0.0000000000
56411  0.501  -21.005  74.013 0.0000000000
55567  0.654  -21.734  73.800 0.0000000000
56410  0.976  -21.012  73.309 0.0000000000
71856  9.959  -3.561  74.256 0.0000000000
70979  9.079  -4.882  73.245 0.0000000000
71863  9.733  -3.996  73.251 0.0000000000
70126  43.538  -5.227  62.928 0.0000000000
75575  54.123  1.066  50.021 0.0000000000
132299  53.784  1.509  50.580 0.0000000000
119697  55.062  1.382  49.742 0.0000000000
75590  55.397  0.440  49.479 0.0000000000
54690  23.181  -21.980  74.136 0.0000000000
55560  23.651  -21.259  74.478 0.0000000000
54704  24.864  -22.618  72.778 0.0000000000
130074  24.548  -22.003  72.350 0.0000000000
55591  23.991  -20.949  71.308 0.0000000000
55582  23.950  -21.766  71.666 0.0000000000
133224  17.955  -31.630  73.592 0.0000000000
46515  18.563  -31.166  73.640 0.0000000000
127014  21.701  -23.984  73.334 0.0000000000
52853  21.121  -24.154  72.845 0.0000000000
53792  22.123  -23.395  73.683 0.0000000000
54692  21.660  -22.514  73.266 0.0000000000
45459  22.776  -32.444  76.429 0.0000000000
45460  22.197  -32.394  75.781 0.0000000000
46503  19.294  -31.401  74.265 0.0000000000
45481  18.291  -32.528  74.658 0.0000000000
49077  25.161  -28.863  77.150 0.0000000000
46474  22.608  -30.971  77.125 0.0000000000
46482  22.892  -31.803  76.937 0.0000000000
54717  23.567  -22.373  71.215 0.0000000000
49102  25.065  -28.196  75.542 0.0000000000
49119  25.703  -28.313  74.868 0.0000000000
49101  25.590  -28.526  75.663 0.0000000000
137737  26.087  -28.595  75.298 0.0000000000
78993  4.830  4.625  85.707 0.0000000000
79866  4.718  5.738  84.767 0.0000000000
78996  5.471  5.308  85.239 0.0000000000
136502  8.726  5.504  79.373 0.0000000000
79916  9.338  5.791  78.687 0.0000000000
79923  10.322  5.482  76.284 0.0000000000
80751  9.873  6.401  77.952 0.0000000000
67192  8.299  -7.460  86.686 0.0000000000
67193  7.759  -7.672  86.367 0.0000000000
68911  7.972  -7.046  86.628 0.0000000000
70852  7.279  -4.927  86.998 0.0000000000
70859  7.441  -4.650  86.214 0.0000000000
70860  6.399  -4.695  86.578 0.0000000000
70870  6.171  -4.298  85.564 0.0000000000
70861  5.026  -4.703  86.268 0.0000000000
121969  4.114  -5.291  86.400 0.0000000000
70848  4.169  -4.999  87.163 0.0000000000
77200  5.770  2.437  86.754 0.0000000000
76225  4.799  2.197  87.149 0.0000000000
78086  4.772  3.083  86.592 0.0000000000
78090  4.364  3.876  85.956 0.0000000000
61115  44.458  -15.208  69.339 0.0000000000
46426  8.469  -31.992  82.440 0.0000000000
45407  7.838  -32.371  81.988 0.0000000000
46412  8.046  -31.378  83.149 0.0000000000
46413  7.141  -31.179  83.234 0.0000000000
47312  7.572  -30.750  83.676 0.0000000000
53714  16.903  -23.405  80.351 0.0000000000
132283  15.908  -23.223  79.925 0.0000000000
54628  16.884  -23.117  80.780 0.0000000000
58072  16.403  -18.537  80.854 0.0000000000
57197  15.844  -19.479  79.926 0.0000000000
58073  16.016  -18.595  80.170 0.0000000000
58078  15.542  -18.712  79.498 0.0000000000
127975  15.981  -18.021  80.533 0.0000000000
59018  15.608  -17.804  79.877 0.0000000000
59013  15.606  -17.398  80.730 0.0000000000
55557  36.795  -21.646  73.549 0.0000000000
54688  36.667  -22.250  72.860 0.0000000000
54677  36.701  -22.416  73.664 0.0000000000
140262  36.002  -27.636  74.167 0.0000000000
50021  35.936  -27.632  73.604 0.0000000000
56429  31.883  -20.810  70.151 0.0000000000
55588  32.323  -21.212  70.784 0.0000000000
58142  34.609  -18.523  72.633 0.0000000000
58143  34.037  -18.923  72.096 0.0000000000
59115  34.427  -18.121  71.798 0.0000000000
59130  34.570  -17.505  71.118 0.0000000000
119108  34.962  -17.913  72.465 0.0000000000
58141  35.251  -18.179  73.174 0.0000000000
55546  37.022  -21.368  75.373 0.0000000000
55545  37.199  -20.951  74.578 0.0000000000
56401  37.245  -20.167  73.899 0.0000000000
117018  3.715  -16.311  73.698 0.0000000000
60101  4.097  -16.471  73.236 0.0000000000
58185  4.567  -18.453  67.849 0.0000000000
57300  4.805  -18.700  67.236 0.0000000000
119778  4.255  -19.283  66.743 0.0000000000
56466  4.961  -19.894  65.912 0.0000000000
66439  6.521  -8.860  70.012 0.0000000000
67341  6.627  -8.546  68.454 0.0000000000
76347  6.222  1.689  73.221 0.0000000000
72089  52.382  -3.271  50.439 0.0000000000
72077  52.782  -3.757  50.927 0.0000000000
57189  22.849  -20.091  81.990 0.0000000000
57195  22.067  -19.311  81.533 0.0000000000
57194  22.757  -19.430  80.979 0.0000000000
59050  22.047  -17.710  76.453 0.0000000000
59051  21.031  -17.836  76.272 0.0000000000
133035  20.778  -17.802  75.405 0.0000000000
119661  20.215  -17.676  75.801 0.0000000000
59101  26.637  -17.240  73.435 0.0000000000
59102  26.439  -17.063  73.797 0.0000000000
59117  26.151  -16.894  72.770 0.0000000000
117341  21.328  -18.046  69.609 0.0000000000
117149  21.145  -18.036  70.404 0.0000000000
118751  20.345  -18.323  69.956 0.0000000000
59163  19.451  -18.167  69.299 0.0000000000
61178  21.575  -15.105  65.390 0.0000000000
61179  20.653  -14.964  65.495 0.0000000000
62078  21.199  -14.605  65.181 0.0000000000
62079  20.556  -14.201  65.226 0.0000000000
119713  21.217  -14.095  64.815 0.0000000000
46389  15.451  -31.739  85.128 0.0000000000
46390  14.822  -31.266  85.537 0.0000000000
46400  15.417  -31.005  84.847 0.0000000000
47361  12.398  -30.276  78.455 0.0000000000
134025  12.196  -30.308  79.155 0.0000000000
48228  11.956  -29.727  77.896 0.0000000000
48229  11.086  -29.419  78.174 0.0000000000
50046  15.820  -28.170  71.987 0.0000000000
48294  15.145  -29.072  73.073 0.0000000000
129435  15.658  -27.455  71.937 0.0000000000
53781  15.924  -22.978  75.234 0.0000000000
53773  15.297  -23.547  75.720 0.0000000000
52818  14.295  -24.620  75.563 0.0000000000
53772  15.940  -23.289  76.168 0.0000000000
53759  15.393  -23.795  76.594 0.0000000000
53758  16.494  -23.118  76.676 0.0000000000
56341  23.012  -20.705  81.452 0.0000000000
55473  22.256  -21.148  81.080 0.0000000000
56334  23.161  -21.007  82.465 0.0000000000
41254  21.597  -36.907  78.984 0.0000000000
40271  20.068  -37.793  83.138 0.0000000000
39260  20.529  -38.454  82.635 0.0000000000
39261  19.918  -38.754  82.878 0.0000000000
38318  19.591  -39.326  82.414 0.0000000000
39262  19.193  -38.988  82.925 0.0000000000
39248  18.768  -38.316  83.523 0.0000000000
45386  16.026  -32.217  84.677 0.0000000000
45378  16.116  -32.854  84.886 0.0000000000
45379  15.492  -32.665  85.179 0.0000000000
52785  32.199  -24.775  78.388 0.0000000000
51856  32.420  -24.992  79.200 0.0000000000
51857  31.782  -25.323  78.816 0.0000000000
47326  30.327  -30.440  81.381 0.0000000000
45414  30.096  -32.251  80.761 0.0000000000
44346  30.679  -33.062  80.567 0.0000000000
46438  24.456  -30.662  82.221 0.0000000000
46421  24.823  -30.342  82.670 0.0000000000
62095  21.762  -14.034  64.246 0.0000000000
57331  24.038  -20.016  63.601 0.0000000000
58225  23.882  -18.988  62.686 0.0000000000
57348  24.293  -19.779  62.680 0.0000000000
57347  25.234  -20.316  62.466 0.0000000000
56511  24.684  -20.424  63.077 0.0000000000
52911  24.380  -24.423  68.865 0.0000000000
53880  24.447  -23.389  67.662 0.0000000000
52910  25.289  -24.550  68.651 0.0000000000
53844  28.909  -23.847  69.138 0.0000000000
53858  28.359  -23.617  68.571 0.0000000000
53857  29.143  -23.261  68.665 0.0000000000
54742  29.810  -22.820  68.996 0.0000000000
53832  29.900  -23.481  70.065 0.0000000000
51872  31.511  -25.282  76.958 0.0000000000
52794  32.038  -24.720  77.457 0.0000000000
52793  32.459  -24.082  77.032 0.0000000000
130062  1.970  8.934  75.654 0.0000000000
80768  6.685  6.030  75.853 0.0000000000
124295  6.372  6.554  75.246 0.0000000000
56385  5.572  -20.664  75.520 0.0000000000
55528  5.276  -21.431  75.833 0.0000000000
57233  4.956  -19.955  75.735 0.0000000000
116651  2.458  -17.708  79.566 0.0000000000
58084  1.963  -17.963  78.585 0.0000000000
63688  4.111  -12.141  84.312 0.0000000000
64565  3.408  -11.142  84.753 0.0000000000
62860  2.229  -13.679  80.977 0.0000000000
62866  2.721  -13.809  80.141 0.0000000000
61976  2.761  -14.193  79.600 0.0000000000
61981  3.217  -14.255  78.766 0.0000000000
62865  3.448  -13.525  79.540 0.0000000000
66335  3.519  -9.057  77.705 0.0000000000
136252  4.446  -9.557  77.564 0.0000000000
66334  3.982  -9.283  76.815 0.0000000000
133550  3.060  -8.895  76.799 0.0000000000
67281  2.087  -8.770  76.281 0.0000000000
122153  7.446  -5.492  77.265 0.0000000000
69968  7.435  -5.280  76.426 0.0000000000
138112  7.900  -4.842  76.327 0.0000000000
123251  8.795  -4.328  76.968 0.0000000000
130403  5.678  -0.889  85.024 0.0000000000
131742  6.850  -1.072  83.715 0.0000000000
138413  5.778  1.409  78.995 0.0000000000
75346  6.329  1.176  79.412 0.0000000000
75355  6.497  1.302  78.630 0.0000000000
75354  7.507  1.305  78.148 0.0000000000
76300  6.558  1.448  77.657 0.0000000000
76311  6.638  1.680  76.676 0.0000000000
127818  0.911  2.519  74.771 0.0000000000
77282  0.888  1.930  74.685 0.0000000000
66539  40.409  -9.978  62.623 0.0000000000
67415  40.185  -9.154  62.658 0.0000000000
65616  41.074  -10.191  62.818 0.0000000000
135313  44.492  -9.325  64.212 0.0000000000
67386  44.800  -8.544  64.136 0.0000000000
67385  45.743  -8.650  64.617 0.0000000000
63784  48.150  -12.684  68.978 0.0000000000
64626  47.812  -11.027  69.476 0.0000000000
64634  48.671  -11.231  68.778 0.0000000000
118536  49.095  -7.395  65.258 0.0000000000
69129  48.668  -6.016  65.653 0.0000000000
122281  49.095  -4.456  66.507 0.0000000000
71929  49.429  -1.656  67.132 0.0000000000
70094  49.900  -3.873  66.589 0.0000000000
66568  50.078  -9.920  58.131 0.0000000000
65646  49.269  -10.645  58.266 0.0000000000
51835  1.514  -24.929  84.892 0.0000000000
120564  1.611  -26.522  84.728 0.0000000000
51839  2.130  -24.965  83.949 0.0000000000
51842  2.331  -25.900  83.256 0.0000000000
48166  11.744  -29.192  84.306 0.0000000000
50862  8.346  -26.468  83.986 0.0000000000
49943  8.930  -27.022  84.629 0.0000000000
50860  8.576  -26.311  85.179 0.0000000000
51836  8.026  -25.674  84.518 0.0000000000
54635  13.894  -22.964  80.199 0.0000000000
53725  13.026  -22.946  80.827 0.0000000000
54629  13.268  -22.902  80.615 0.0000000000
56323  9.424  -20.509  83.682 0.0000000000
55446  9.518  -20.783  84.284 0.0000000000
55447  9.036  -20.462  85.125 0.0000000000
54593  8.174  -21.239  86.127 0.0000000000
55443  8.435  -20.448  85.829 0.0000000000
55444  7.539  -20.850  86.434 0.0000000000
56319  7.988  -19.938  85.553 0.0000000000
54636  7.900  -22.199  78.949 0.0000000000
125554  7.399  -22.258  80.146 0.0000000000
54637  7.273  -22.570  79.309 0.0000000000
54652  7.757  -22.748  77.489 0.0000000000
59072  9.331  -17.151  75.073 0.0000000000
59073  8.494  -17.335  75.204 0.0000000000
60067  9.123  -15.910  76.090 0.0000000000
136027  8.604  -15.747  76.610 0.0000000000
61067  9.129  -15.276  76.601 0.0000000000
61974  13.780  -14.453  79.768 0.0000000000
130882  13.697  -14.622  78.983 0.0000000000
139082  13.556  -13.898  79.784 0.0000000000
65377  11.647  -9.579  81.599 0.0000000000
65395  11.817  -10.022  80.578 0.0000000000
65378  10.880  -10.034  81.113 0.0000000000
65396  10.284  -10.441  80.635 0.0000000000
66297  10.557  -9.668  82.085 0.0000000000
66284  10.228  -9.403  83.026 0.0000000000
48207  34.320  -29.404  79.079 0.0000000000
124135  34.475  -28.939  78.500 0.0000000000
47355  34.034  -30.085  78.766 0.0000000000
62996  23.341  -13.226  62.127 0.0000000000
63872  23.750  -12.453  62.110 0.0000000000
63891  24.081  -12.977  61.662 0.0000000000
63024  27.802  -13.379  60.814 0.0000000000
64731  27.113  -12.087  61.793 0.0000000000
64730  27.794  -11.785  61.871 0.0000000000
64729  28.503  -11.798  61.599 0.0000000000
60210  31.642  -16.636  65.343 0.0000000000
60223  31.158  -16.674  64.557 0.0000000000
126914  31.583  -16.147  64.067 0.0000000000
64725  32.443  -11.527  61.466 0.0000000000
63882  32.334  -12.357  61.441 0.0000000000
65637  31.780  -10.879  61.541 0.0000000000
65626  31.962  -10.153  62.018 0.0000000000
66548  31.626  -9.501  62.656 0.0000000000
65622  35.900  -10.250  62.369 0.0000000000
123427  36.175  -9.455  62.559 0.0000000000
67420  35.847  -8.856  62.865 0.0000000000
66543  36.745  -9.855  62.500 0.0000000000
121298  38.378  -12.606  67.204 0.0000000000
119000  39.216  -12.340  66.325 0.0000000000
123032  38.942  -12.382  67.127 0.0000000000
63803  39.403  -12.410  67.811 0.0000000000
62011  37.836  -15.218  73.727 0.0000000000
62017  40.633  -14.412  73.295 0.0000000000
62016  41.385  -13.876  72.857 0.0000000000
62025  41.892  -14.597  72.253 0.0000000000
61098  41.818  -15.859  71.845 0.0000000000
127828  3.028  -24.551  76.292 0.0000000000
50961  6.475  -26.024  72.476 0.0000000000
55601  3.381  -21.244  69.485 0.0000000000
55600  4.053  -21.711  69.952 0.0000000000
54744  3.956  -22.174  69.329 0.0000000000
68149  1.123  -7.699  72.779 0.0000000000
124534  0.571  -8.984  72.209 0.0000000000
69100  4.173  -6.207  69.542 0.0000000000
69101  3.381  -6.393  69.630 0.0000000000
117192  2.660  -6.572  68.959 0.0000000000
69114  3.720  -6.183  68.768 0.0000000000
70099  41.403  -5.460  66.016 0.0000000000
70086  41.077  -5.092  66.942 0.0000000000
70085  42.124  -4.504  66.510 0.0000000000
77486  59.069  2.670  50.365 0.0000000000
78379  58.360  3.601  50.132 0.0000000000
136967  59.580  2.758  49.682 0.0000000000
77514  59.383  3.602  48.880 0.0000000000
135528  55.509  -4.951  59.012 0.0000000000
71147  55.698  -4.720  58.657 0.0000000000
70185  55.747  -5.200  58.759 0.0000000000
70217  57.744  -5.018  55.050 0.0000000000
70209  58.254  -4.293  55.477 0.0000000000
70229  58.164  -4.374  54.699 0.0000000000
72047  58.344  -3.798  54.397 0.0000000000
71227  55.997  -4.768  49.671 0.0000000000
72086  58.463  -3.864  50.770 0.0000000000
137586  58.611  -3.633  50.134 0.0000000000
72097  59.200  -3.287  49.993 0.0000000000
72098  58.270  -3.800  49.137 0.0000000000
53780  24.066  -23.712  75.781 0.0000000000
52827  23.383  -24.527  75.797 0.0000000000
135827  24.320  -24.978  76.781 0.0000000000
52814  24.737  -24.314  76.227 0.0000000000
52837  25.449  -23.678  74.036 0.0000000000
52838  25.234  -24.549  74.308 0.0000000000
48266  20.529  -29.270  73.967 0.0000000000
51893  22.190  -25.897  75.263 0.0000000000
51906  21.517  -25.640  74.246 0.0000000000
47375  22.038  -29.903  76.692 0.0000000000
47386  21.746  -31.031  75.899 0.0000000000
138778  21.747  -30.089  75.934 0.0000000000
48254  20.860  -29.208  74.899 0.0000000000
123447  21.324  -30.018  75.024 0.0000000000
47400  20.754  -30.037  74.384 0.0000000000
49989  23.306  -28.384  76.455 0.0000000000
49090  22.418  -29.302  76.249 0.0000000000
49080  22.643  -29.226  77.136 0.0000000000
50914  24.018  -26.700  76.174 0.0000000000
49998  24.462  -27.750  75.702 0.0000000000
77202  7.176  2.508  85.776 0.0000000000
78088  6.766  3.470  85.655 0.0000000000
77208  7.573  2.883  84.967 0.0000000000
77215  8.313  2.570  83.400 0.0000000000
78097  8.254  3.691  83.225 0.0000000000
78104  8.442  4.025  82.282 0.0000000000
79009  8.373  5.319  82.128 0.0000000000
78110  8.766  4.332  81.643 0.0000000000
122959  9.934  -4.256  82.843 0.0000000000
71787  9.291  -3.513  84.153 0.0000000000
72681  9.032  -2.486  87.108 0.0000000000
72680  9.420  -3.165  86.807 0.0000000000
71767  9.151  -3.307  87.360 0.0000000000
70845  8.188  -4.158  87.477 0.0000000000
72675  7.779  -2.816  87.702 0.0000000000
72676  6.716  -2.932  87.633 0.0000000000
73500  7.799  -1.885  87.645 0.0000000000
75277  7.499  0.439  86.778 0.0000000000
75271  7.105  -0.063  87.230 0.0000000000
76223  7.108  1.260  86.617 0.0000000000
60188  41.548  -16.406  66.077 0.0000000000
140618  20.321  -13.799  84.236 0.0000000000
43233  9.399  -34.577  82.555 0.0000000000
125637  9.517  -33.025  82.198 0.0000000000
45405  9.392  -32.405  82.475 0.0000000000
55452  19.062  -22.385  83.442 0.0000000000
55460  18.527  -21.871  83.077 0.0000000000
55453  18.800  -21.575  83.732 0.0000000000
58062  17.512  -18.987  83.890 0.0000000000
58063  16.861  -18.290  83.970 0.0000000000
59000  16.324  -17.570  83.325 0.0000000000
139883  16.607  -17.310  84.419 0.0000000000
61942  18.095  -14.992  85.883 0.0000000000
140349  17.593  -15.591  85.944 0.0000000000
61936  18.154  -13.955  86.047 0.0000000000
54669  36.597  -21.825  75.965 0.0000000000
52822  36.545  -23.563  74.637 0.0000000000
131983  36.611  -24.642  76.883 0.0000000000
52802  36.547  -24.878  75.931 0.0000000000
127440  36.588  -25.409  76.752 0.0000000000
125593  36.370  -26.177  76.602 0.0000000000
54678  33.750  -22.369  74.354 0.0000000000
55558  33.775  -21.747  73.619 0.0000000000
55548  34.178  -21.540  74.636 0.0000000000
55547  34.803  -20.698  74.927 0.0000000000
56371  35.628  -19.985  75.691 0.0000000000
54654  36.202  -22.342  76.583 0.0000000000
49056  3.719  -28.280  81.043 0.0000000000
48205  3.969  -28.826  80.264 0.0000000000
62006  6.535  -14.250  74.355 0.0000000000
62014  6.664  -14.533  73.535 0.0000000000
61095  6.979  -14.915  71.903 0.0000000000
61105  6.438  -15.438  71.473 0.0000000000
61114  6.442  -15.433  70.552 0.0000000000
120064  5.955  -16.022  70.048 0.0000000000
129451  6.263  -16.297  69.280 0.0000000000
60164  6.631  -16.562  68.591 0.0000000000
60152  6.595  -15.580  69.690 0.0000000000
62038  8.073  -14.058  70.097 0.0000000000
62049  7.689  -14.628  69.758 0.0000000000
62048  8.331  -14.326  69.371 0.0000000000
62059  8.709  -14.656  68.746 0.0000000000
62933  8.591  -13.644  69.630 0.0000000000
62932  9.165  -13.204  69.186 0.0000000000
63782  8.783  -12.868  69.864 0.0000000000
65503  7.652  -10.300  71.561 0.0000000000
66399  6.977  -9.574  71.217 0.0000000000
66419  7.885  -9.646  70.712 0.0000000000
128522  60.379  3.347  40.346 0.0000000000
78462  60.229  3.148  41.080 0.0000000000
56345  23.089  -19.859  79.927 0.0000000000
57198  23.092  -19.546  80.052 0.0000000000
57202  23.700  -19.238  79.550 0.0000000000
133469  24.780  -17.927  78.833 0.0000000000
59036  23.659  -17.641  77.996 0.0000000000
59049  24.399  -17.431  77.063 0.0000000000
58166  25.584  -17.235  69.882 0.0000000000
59146  25.393  -16.604  69.850 0.0000000000
59159  25.032  -16.889  69.220 0.0000000000
60158  24.097  -16.419  68.301 0.0000000000
60157  24.585  -16.598  69.010 0.0000000000
60147  23.478  -16.478  68.805 0.0000000000
59148  22.700  -16.904  69.332 0.0000000000
59175  21.674  -17.430  67.931 0.0000000000
59174  22.557  -16.622  67.799 0.0000000000
134726  23.258  -15.957  66.290 0.0000000000
61166  22.196  -15.574  65.781 0.0000000000
60212  23.031  -15.697  65.686 0.0000000000
46423  15.621  -31.433  82.232 0.0000000000
45403  16.173  -31.896  82.237 0.0000000000
140496  14.879  -31.368  79.316 0.0000000000
120633  14.754  -31.264  80.033 0.0000000000
128211  13.541  -30.747  78.923 0.0000000000
46466  13.924  -30.900  78.371 0.0000000000
53810  18.455  -23.524  72.838 0.0000000000
53811  17.820  -23.881  72.824 0.0000000000
53793  17.715  -23.222  73.222 0.0000000000
55539  18.908  -21.758  75.280 0.0000000000
54673  18.095  -22.062  74.946 0.0000000000
54674  17.379  -22.469  75.415 0.0000000000
133116  18.954  -21.808  76.162 0.0000000000
55518  19.441  -21.597  76.741 0.0000000000
56351  21.653  -20.633  77.838 0.0000000000
56352  20.785  -21.183  77.956 0.0000000000
127798  22.110  -20.319  79.393 0.0000000000
43267  19.550  -34.833  78.964 0.0000000000
43268  19.231  -35.191  79.906 0.0000000000
43257  18.550  -34.706  81.280 0.0000000000
42210  19.109  -35.297  80.898 0.0000000000
42196  19.172  -35.175  81.913 0.0000000000
42192  19.074  -35.110  82.882 0.0000000000
44320  17.134  -32.820  82.419 0.0000000000
44319  17.807  -33.215  82.990 0.0000000000
45401  17.262  -32.623  83.362 0.0000000000
45393  16.687  -32.036  83.668 0.0000000000
122076  30.717  -26.414  77.974 0.0000000000
50890  30.646  -26.209  79.124 0.0000000000
49974  30.222  -26.927  78.509 0.0000000000
49058  28.729  -27.623  80.949 0.0000000000
49968  29.490  -27.216  80.311 0.0000000000
49052  28.502  -27.545  81.897 0.0000000000
48181  28.846  -28.936  82.170 0.0000000000
49045  28.289  -28.124  82.079 0.0000000000
44366  25.577  -33.174  78.016 0.0000000000
131600  25.407  -33.879  77.514 0.0000000000
42236  24.303  -35.640  76.374 0.0000000000
139948  25.530  -35.063  77.397 0.0000000000
137166  25.367  -35.418  77.138 0.0000000000
132511  25.492  -36.327  77.662 0.0000000000
58200  23.338  -18.523  65.132 0.0000000000
57332  23.453  -19.321  64.341 0.0000000000
50967  27.313  -26.535  71.195 0.0000000000
140937  27.337  -26.104  70.677 0.0000000000
50966  28.068  -26.460  71.718 0.0000000000
50936  29.351  -26.405  73.514 0.0000000000
51917  28.739  -26.185  72.261 0.0000000000
51933  29.160  -25.687  72.053 0.0000000000
52850  29.653  -25.378  72.211 0.0000000000
51915  30.248  -25.363  72.849 0.0000000000
51904  29.936  -25.953  73.442 0.0000000000
50903  30.205  -26.024  76.077 0.0000000000
51873  30.822  -25.647  76.515 0.0000000000
78150  1.589  3.335  76.834 0.0000000000
79058  2.313  4.030  76.219 0.0000000000
79067  3.077  4.606  75.514 0.0000000000
79945  3.774  5.254  75.182 0.0000000000
80771  2.838  6.898  75.062 0.0000000000
80784  3.995  6.771  74.889 0.0000000000
83208  7.831  9.569  75.790 0.0000000000
83209  7.272  9.618  75.332 0.0000000000
84869  7.334  11.370  76.598 0.0000000000
85716  5.405  12.714  78.354 0.0000000000
59044  6.026  -17.116  77.326 0.0000000000
59045  5.233  -17.447  77.618 0.0000000000
60059  5.776  -16.877  78.108 0.0000000000
135524  5.115  -15.855  80.463 0.0000000000
61043  4.342  -16.458  80.417 0.0000000000
60043  3.525  -16.990  80.490 0.0000000000
60029  3.611  -16.654  81.169 0.0000000000
68061  4.346  -8.300  82.215 0.0000000000
66288  2.898  -9.217  83.621 0.0000000000
67221  3.200  -8.766  82.635 0.0000000000
67229  2.060  -8.881  81.348 0.0000000000
66289  2.207  -9.648  82.700 0.0000000000
65398  2.207  -9.887  81.910 0.0000000000
64578  2.366  -11.174  81.818 0.0000000000
65382  2.791  -10.581  81.211 0.0000000000
64586  3.898  -10.981  80.413 0.0000000000
66307  2.237  -9.579  80.920 0.0000000000
68088  0.925  -7.008  79.723 0.0000000000
67244  0.871  -8.229  79.847 0.0000000000
67245  0.659  -7.667  79.358 0.0000000000
67253  1.185  -8.161  78.941 0.0000000000
68098  0.605  -7.074  78.905 0.0000000000
69018  1.266  -6.732  77.945 0.0000000000
69004  2.806  -6.093  78.465 0.0000000000
69950  5.785  -5.883  78.258 0.0000000000
69014  4.785  -5.872  77.984 0.0000000000
69958  6.646  -5.795  77.707 0.0000000000
69957  7.616  -5.746  78.138 0.0000000000
77216  5.677  2.389  83.557 0.0000000000
77226  4.749  2.824  82.521 0.0000000000
76263  4.062  2.145  80.910 0.0000000000
135371  4.022  1.617  80.022 0.0000000000
76281  4.810  1.469  79.837 0.0000000000
76282  4.075  1.531  79.423 0.0000000000
76290  3.800  1.515  78.503 0.0000000000
130748  2.826  1.613  79.179 0.0000000000
78137  1.020  2.351  78.076 0.0000000000
77265  0.812  1.905  77.698 0.0000000000
78145  0.956  2.480  77.304 0.0000000000
78151  0.890  2.637  76.382 0.0000000000
64668  41.884  -11.801  65.205 0.0000000000
64678  42.424  -11.351  64.649 0.0000000000
64667  42.661  -11.609  65.458 0.0000000000
140528  44.639  -11.697  66.682 0.0000000000
64665  44.521  -11.282  65.888 0.0000000000
65584  44.654  -10.663  65.159 0.0000000000
64655  45.257  -11.157  66.748 0.0000000000
63810  49.055  -12.401  66.422 0.0000000000
63796  49.399  -12.054  66.726 0.0000000000
64653  49.753  -11.624  66.213 0.0000000000
65566  50.622  -9.949  66.249 0.0000000000
66496  51.179  -9.136  65.866 0.0000000000
67370  51.312  -8.388  65.566 0.0000000000
68223  51.058  -7.726  64.695 0.0000000000
68222  51.168  -7.889  64.963 0.0000000000
67395  51.424  -7.462  63.333 0.0000000000
131560  51.990  -6.931  62.835 0.0000000000
66559  48.958  -9.688  60.994 0.0000000000
135240  48.364  -10.126  60.367 0.0000000000
124898  17.082  -15.523  77.334 0.0000000000
61052  17.062  -14.836  77.884 0.0000000000
61994  16.720  -14.952  77.097 0.0000000000
62885  16.151  -13.699  76.489 0.0000000000
46405  2.542  -31.355  85.147 0.0000000000
127270  1.656  -30.417  86.056 0.0000000000
50854  2.897  -26.999  87.129 0.0000000000
49029  1.307  -28.496  87.121 0.0000000000
50855  1.806  -26.839  86.852 0.0000000000
50858  1.638  -25.854  86.199 0.0000000000
51829  2.078  -24.965  86.210 0.0000000000
126999  9.470  -28.483  80.979 0.0000000000
48190  9.749  -28.834  81.528 0.0000000000
50874  8.897  -26.222  80.499 0.0000000000
50875  8.642  -27.000  81.046 0.0000000000
140941  8.395  -26.227  81.170 0.0000000000
51847  8.606  -25.206  80.844 0.0000000000
55500  13.009  -21.966  79.276 0.0000000000
121317  12.525  -21.600  78.098 0.0000000000
55501  11.895  -21.438  78.931 0.0000000000
134649  11.102  -21.067  80.158 0.0000000000
55480  10.306  -20.717  80.181 0.0000000000
56344  9.300  -20.436  81.089 0.0000000000
140613  10.339  -20.905  79.435 0.0000000000
55503  9.098  -21.583  78.253 0.0000000000
125847  9.432  -21.832  76.371 0.0000000000
55524  10.036  -21.406  75.818 0.0000000000
57244  11.096  -19.447  74.441 0.0000000000
57245  10.266  -19.341  74.375 0.0000000000
58128  10.812  -18.617  74.339 0.0000000000
59092  10.456  -17.817  74.512 0.0000000000
59071  11.007  -17.163  74.889 0.0000000000
67205  13.018  -8.293  85.229 0.0000000000
60269  25.421  -16.201  60.741 0.0000000000
60268  26.296  -15.987  60.630 0.0000000000
61209  27.761  -15.994  60.725 0.0000000000
61220  28.126  -15.135  60.625 0.0000000000
61208  28.727  -15.838  60.849 0.0000000000
61185  32.643  -15.701  64.791 0.0000000000
61175  33.433  -15.226  64.849 0.0000000000
62090  34.245  -14.149  63.689 0.0000000000
62091  33.560  -14.567  63.348 0.0000000000
62983  33.989  -13.916  62.873 0.0000000000
62994  33.570  -13.461  62.214 0.0000000000
62993  34.326  -13.163  62.495 0.0000000000
62992  35.097  -12.879  62.825 0.0000000000
63854  35.905  -12.650  63.070 0.0000000000
63853  36.757  -12.375  63.319 0.0000000000
62957  36.419  -13.385  66.281 0.0000000000
62964  37.023  -13.106  65.881 0.0000000000
62956  37.197  -13.168  66.565 0.0000000000
63818  37.863  -12.835  66.884 0.0000000000
59098  38.897  -17.435  73.886 0.0000000000
59078  39.237  -16.874  74.212 0.0000000000
127942  38.711  -17.278  71.958 0.0000000000
60104  39.247  -16.957  72.403 0.0000000000
60114  40.401  -16.340  72.482 0.0000000000
60115  39.748  -16.565  71.958 0.0000000000
60128  39.577  -16.360  71.089 0.0000000000
59155  37.566  -17.730  69.443 0.0000000000
53776  0.786  -23.809  75.619 0.0000000000
133969  1.647  -24.243  75.275 0.0000000000
53784  1.044  -23.686  74.765 0.0000000000
53813  2.902  -22.739  73.107 0.0000000000
53796  3.130  -23.366  73.569 0.0000000000
136954  3.941  -23.546  73.289 0.0000000000
52862  4.842  -23.663  72.465 0.0000000000
53882  1.514  -22.969  66.272 0.0000000000
53881  1.967  -23.607  66.862 0.0000000000
118614  1.907  -23.825  66.302 0.0000000000
70018  4.710  -6.128  72.643 0.0000000000
118432  6.187  -6.236  72.914 0.0000000000
70992  8.093  -5.622  71.857 0.0000000000
141338  6.962  -5.748  71.745 0.0000000000
70025  6.656  -5.711  71.264 0.0000000000
134826  5.939  -5.750  70.819 0.0000000000
70036  7.401  -5.695  70.680 0.0000000000
70104  44.209  -4.191  64.099 0.0000000000
71087  44.282  -3.053  64.754 0.0000000000
71088  44.033  -3.507  64.301 0.0000000000
130189  41.004  -4.461  63.787 0.0000000000
71090  40.588  -3.994  64.488 0.0000000000
71981  39.630  -3.723  65.205 0.0000000000
71091  39.123  -4.221  64.307 0.0000000000
136467  52.209  1.382  53.271 0.0000000000
76580  56.100  2.111  49.816 0.0000000000
77489  55.984  2.968  50.421 0.0000000000
77488  56.985  3.057  50.280 0.0000000000
76566  57.382  2.208  50.139 0.0000000000
67445  53.372  -7.914  57.062 0.0000000000
68313  54.057  -7.461  56.879 0.0000000000
67464  53.418  -7.481  54.420 0.0000000000
127541  53.961  -7.183  55.096 0.0000000000
68341  54.278  -7.078  54.493 0.0000000000
56392  22.580  -20.505  74.581 0.0000000000
57242  23.427  -20.046  75.128 0.0000000000
138722  23.471  -20.357  74.756 0.0000000000
56390  25.724  -20.631  75.143 0.0000000000
57240  26.077  -19.639  75.335 0.0000000000
56389  26.458  -20.454  74.888 0.0000000000
57254  26.947  -19.034  74.352 0.0000000000
54672  25.060  -22.991  75.750 0.0000000000
54680  25.298  -22.250  75.378 0.0000000000
136980  25.875  -19.890  72.429 0.0000000000
57260  26.267  -19.614  72.843 0.0000000000
57274  25.836  -18.607  70.996 0.0000000000
57267  25.378  -19.704  71.509 0.0000000000
56437  24.030  -19.815  70.038 0.0000000000
57283  23.875  -19.573  69.010 0.0000000000
120484  16.437  -32.624  77.122 0.0000000000
45462  16.587  -32.522  76.247 0.0000000000
123662  16.951  -31.251  72.628 0.0000000000
47414  16.356  -30.959  73.542 0.0000000000
48292  16.609  -30.066  72.373 0.0000000000
49139  17.291  -28.580  72.179 0.0000000000
49131  19.538  -28.418  73.143 0.0000000000
48276  19.034  -29.145  73.009 0.0000000000
50042  19.216  -27.626  72.840 0.0000000000
51920  19.857  -25.036  72.607 0.0000000000
122842  18.843  -26.883  72.550 0.0000000000
50956  18.456  -26.119  72.375 0.0000000000
128850  17.961  -26.850  72.235 0.0000000000
52855  19.045  -24.736  72.479 0.0000000000
51922  18.184  -25.206  72.344 0.0000000000
55562  21.527  -21.505  73.502 0.0000000000
56393  21.632  -20.724  74.444 0.0000000000
41298  22.079  -35.618  74.773 0.0000000000
42254  22.042  -34.955  74.483 0.0000000000
43305  20.928  -34.434  74.644 0.0000000000
137904  20.772  -35.294  75.148 0.0000000000
42239  20.209  -35.412  76.427 0.0000000000
131608  21.354  -31.394  75.282 0.0000000000
45467  21.440  -32.346  75.441 0.0000000000
45468  20.574  -32.542  75.341 0.0000000000
44384  19.164  -33.435  75.733 0.0000000000
122075  19.710  -33.377  75.500 0.0000000000
43289  19.585  -33.857  76.217 0.0000000000
42240  20.200  -34.296  77.024 0.0000000000
120170  19.503  -33.950  77.050 0.0000000000
43274  19.901  -34.466  77.914 0.0000000000
45461  17.242  -32.934  76.155 0.0000000000
44363  17.503  -33.686  78.241 0.0000000000
49087  27.742  -28.635  76.368 0.0000000000
48222  27.364  -29.136  77.684 0.0000000000
48225  24.206  -27.645  79.207 0.0000000000
48212  25.110  -28.850  79.930 0.0000000000
48200  23.676  -28.609  81.497 0.0000000000
49046  23.168  -28.577  81.560 0.0000000000
49068  23.090  -27.959  78.834 0.0000000000
48215  22.651  -28.470  78.967 0.0000000000
46463  23.434  -30.823  78.414 0.0000000000
47357  23.373  -30.432  79.395 0.0000000000
47348  23.437  -30.306  80.532 0.0000000000
46462  24.138  -31.387  78.840 0.0000000000
45445  24.594  -32.138  78.392 0.0000000000
44368  24.066  -33.207  76.985 0.0000000000
128870  22.885  -34.051  76.083 0.0000000000
56445  23.467  -20.677  68.345 0.0000000000
54743  23.273  -22.886  69.361 0.0000000000
53845  23.456  -23.549  69.455 0.0000000000
52912  23.766  -23.892  68.912 0.0000000000
52896  23.758  -24.292  69.603 0.0000000000
51919  24.085  -24.942  72.354 0.0000000000
51936  24.136  -25.631  72.173 0.0000000000
50952  25.071  -26.919  72.179 0.0000000000
50969  24.577  -26.323  71.667 0.0000000000
50979  24.973  -26.408  70.957 0.0000000000
50968  25.356  -26.780  71.438 0.0000000000
50951  26.357  -26.881  71.422 0.0000000000
49100  26.696  -28.631  75.386 0.0000000000
49117  27.118  -28.395  74.754 0.0000000000
49099  27.452  -28.524  75.543 0.0000000000
79880  2.529  5.243  83.204 0.0000000000
79011  4.109  5.056  82.329 0.0000000000
79898  5.851  4.965  80.846 0.0000000000
79912  6.209  4.915  79.882 0.0000000000
79911  6.929  5.337  79.557 0.0000000000
79002  7.417  5.738  83.684 0.0000000000
79871  7.399  6.422  82.972 0.0000000000
79878  7.492  6.332  82.403 0.0000000000
117013  8.558  5.202  77.319 0.0000000000
117419  7.989  5.406  78.253 0.0000000000
79925  7.568  5.505  77.512 0.0000000000
116729  8.412  5.365  76.522 0.0000000000
80759  8.274  6.089  75.717 0.0000000000
81562  9.901  7.125  75.494 0.0000000000
126990  8.579  8.024  77.060 0.0000000000
84010  8.990  10.743  77.041 0.0000000000
84019  9.339  10.133  76.799 0.0000000000
65381  7.534  -10.354  81.925 0.0000000000
63694  6.779  -11.908  82.081 0.0000000000
65370  7.240  -10.008  82.351 0.0000000000
66255  7.085  -8.945  84.478 0.0000000000
126400  7.107  -9.568  82.831 0.0000000000
118459  6.288  -9.965  82.749 0.0000000000
67215  7.039  -8.689  83.150 0.0000000000
70895  9.992  -5.254  82.746 0.0000000000
68947  9.078  -6.473  83.748 0.0000000000
68961  9.541  -6.175  82.487 0.0000000000
68970  9.065  -6.190  81.577 0.0000000000
68052  7.533  -7.452  83.017 0.0000000000
68054  6.435  -8.277  82.418 0.0000000000
68059  6.686  -7.879  82.415 0.0000000000
68060  5.459  -7.863  82.058 0.0000000000
70898  6.799  -4.458  82.277 0.0000000000
69925  8.636  -6.024  80.793 0.0000000000
68979  7.970  -6.185  80.395 0.0000000000
70912  7.195  -4.413  81.628 0.0000000000
71799  6.343  -4.134  82.361 0.0000000000
71788  5.827  -3.996  82.884 0.0000000000
71775  3.373  -3.732  86.533 0.0000000000
141256  4.318  -3.527  85.013 0.0000000000
72685  3.702  -3.479  85.628 0.0000000000
129482  3.575  -2.324  85.888 0.0000000000
127231  4.377  -1.959  87.782 0.0000000000
128558  3.929  -3.177  87.662 0.0000000000
125354  4.253  -0.990  87.947 0.0000000000
75275  3.560  0.984  87.095 0.0000000000
118742  3.077  0.021  87.349 0.0000000000
74336  3.174  0.345  87.104 0.0000000000
74341  3.555  0.215  86.539 0.0000000000
75282  3.659  1.248  86.707 0.0000000000
76229  4.185  1.728  85.851 0.0000000000
78998  2.639  4.987  85.245 0.0000000000
78096  2.614  4.568  84.832 0.0000000000
79005  2.232  5.092  83.567 0.0000000000
79012  2.846  4.294  82.508 0.0000000000
62909  44.449  -12.209  72.472 0.0000000000
62908  45.079  -12.043  71.955 0.0000000000
62919  45.198  -13.169  71.821 0.0000000000
62927  46.399  -13.811  70.598 0.0000000000
62040  46.687  -14.030  69.700 0.0000000000
62050  46.678  -14.121  68.635 0.0000000000
62955  47.194  -14.202  66.542 0.0000000000
62954  48.031  -13.373  66.941 0.0000000000
62963  46.948  -14.539  66.071 0.0000000000
137743  46.271  -13.613  65.211 0.0000000000
63823  47.113  -13.424  65.859 0.0000000000
63835  46.521  -12.653  65.077 0.0000000000
64675  46.977  -11.713  64.678 0.0000000000
47301  6.420  -29.833  84.619 0.0000000000
47314  5.718  -30.301  84.205 0.0000000000
48163  5.271  -29.465  85.207 0.0000000000
48150  5.846  -29.296  85.587 0.0000000000
54634  15.439  -22.986  79.687 0.0000000000
53737  14.788  -23.190  78.620 0.0000000000
54642  15.084  -22.743  78.826 0.0000000000
54643  14.351  -22.923  79.453 0.0000000000
56342  16.999  -20.965  80.784 0.0000000000
55477  16.776  -22.275  80.742 0.0000000000
56349  16.042  -20.458  78.558 0.0000000000
55486  16.210  -21.342  79.507 0.0000000000
118427  15.532  -21.535  78.309 0.0000000000
55506  15.741  -21.019  77.192 0.0000000000
57204  14.764  -19.212  77.751 0.0000000000
57212  15.802  -19.797  75.446 0.0000000000
57208  14.731  -19.345  76.483 0.0000000000
125407  14.928  -19.348  74.278 0.0000000000
58091  14.038  -18.678  77.182 0.0000000000
60035  14.739  -16.088  80.476 0.0000000000
60047  14.657  -16.707  78.690 0.0000000000
61039  14.421  -15.564  79.881 0.0000000000
61032  14.355  -15.246  80.742 0.0000000000
60017  15.824  -16.197  84.297 0.0000000000
60023  15.359  -16.167  82.752 0.0000000000
61013  15.421  -15.402  84.038 0.0000000000
62841  14.593  -13.787  82.160 0.0000000000
56418  37.233  -20.220  71.843 0.0000000000
56419  36.917  -20.856  71.335 0.0000000000
54700  36.519  -22.720  72.203 0.0000000000
53817  36.252  -23.183  71.336 0.0000000000
123038  36.022  -23.915  70.803 0.0000000000
52877  35.896  -24.783  70.658 0.0000000000
129584  36.591  -24.540  74.162 0.0000000000
52834  36.671  -24.000  73.664 0.0000000000
50946  36.436  -26.665  72.252 0.0000000000
131122  29.749  -19.756  66.313 0.0000000000
58199  29.760  -18.704  65.202 0.0000000000
57306  30.361  -19.339  66.719 0.0000000000
58181  30.930  -18.894  67.190 0.0000000000
58180  31.575  -18.557  67.607 0.0000000000
58187  31.316  -18.140  66.904 0.0000000000
59186  31.921  -17.834  67.372 0.0000000000
56420  33.478  -20.296  71.728 0.0000000000
57264  33.071  -19.947  71.045 0.0000000000
58164  33.441  -18.084  69.609 0.0000000000
58158  33.013  -18.894  70.027 0.0000000000
59185  32.541  -17.576  67.793 0.0000000000
59171  33.145  -17.167  68.186 0.0000000000
60192  33.180  -16.400  66.935 0.0000000000
60143  34.505  -16.529  69.564 0.0000000000
60155  34.370  -16.310  68.819 0.0000000000
61136  34.675  -15.613  68.475 0.0000000000
61123  34.857  -15.815  69.256 0.0000000000
61122  35.440  -15.375  69.633 0.0000000000
60107  35.900  -16.803  72.487 0.0000000000
61102  35.763  -15.906  71.286 0.0000000000
60106  36.662  -16.351  73.185 0.0000000000
57222  36.497  -19.586  76.169 0.0000000000
58125  36.426  -18.599  75.013 0.0000000000
58111  36.850  -18.932  75.837 0.0000000000
57235  37.634  -19.254  75.347 0.0000000000
58110  37.385  -18.809  75.724 0.0000000000
60087  37.828  -16.912  75.019 0.0000000000
117939  37.808  -18.764  74.827 0.0000000000
56412  37.160  -20.217  72.805 0.0000000000
57262  37.440  -19.480  71.559 0.0000000000
59111  1.723  -17.428  73.419 0.0000000000
133577  1.853  -18.257  73.168 0.0000000000
59127  2.218  -17.684  72.842 0.0000000000
58152  2.861  -17.917  71.266 0.0000000000
120416  2.843  -18.952  71.345 0.0000000000
57277  3.185  -19.604  70.283 0.0000000000
56432  3.082  -20.177  69.917 0.0000000000
60126  4.250  -16.634  71.408 0.0000000000
59139  4.507  -16.802  70.674 0.0000000000
57293  3.384  -19.198  68.297 0.0000000000
57284  3.881  -19.134  69.183 0.0000000000
57294  2.820  -19.614  68.203 0.0000000000
56446  2.687  -20.126  68.539 0.0000000000
56454  2.269  -19.975  67.636 0.0000000000
55619  1.007  -20.943  67.295 0.0000000000
56455  1.266  -20.357  67.169 0.0000000000
55645  2.575  -21.640  65.529 0.0000000000
130885  3.938  -22.963  65.456 0.0000000000
122773  4.864  -22.547  65.237 0.0000000000
58183  6.975  -18.089  67.274 0.0000000000
58194  6.369  -18.580  66.879 0.0000000000
58193  7.264  -18.551  66.624 0.0000000000
128109  4.419  -8.579  66.860 0.0000000000
74433  10.125  -0.226  73.560 0.0000000000
75383  9.486  0.316  72.931 0.0000000000
75392  9.246  0.114  71.961 0.0000000000
69167  43.240  -6.270  61.430 0.0000000000
73765  52.866  -1.026  49.908 0.0000000000
74628  53.377  -0.512  49.748 0.0000000000
73764  53.685  -1.293  49.622 0.0000000000
58064  19.768  -19.102  83.410 0.0000000000
59001  19.502  -17.606  83.394 0.0000000000
58071  19.388  -18.333  80.360 0.0000000000
58077  18.852  -17.962  80.035 0.0000000000
123033  22.745  -18.694  79.560 0.0000000000
58080  21.553  -18.357  79.319 0.0000000000
59026  19.799  -18.077  78.213 0.0000000000
59040  19.281  -17.702  77.550 0.0000000000
59027  18.816  -17.823  78.374 0.0000000000
59041  18.443  -17.324  77.663 0.0000000000
60062  18.005  -16.780  77.127 0.0000000000
59054  18.875  -17.283  76.783 0.0000000000
59091  18.925  -17.152  74.659 0.0000000000
59069  18.671  -16.908  75.370 0.0000000000
60088  18.397  -16.707  74.785 0.0000000000
60089  17.904  -16.319  74.495 0.0000000000
60099  18.430  -16.777  74.118 0.0000000000
58114  26.524  -18.181  77.038 0.0000000000
58112  26.827  -17.585  76.520 0.0000000000
59085  25.192  -17.510  74.660 0.0000000000
121896  25.564  -17.276  75.522 0.0000000000
59086  24.235  -17.672  75.036 0.0000000000
117155  23.157  -17.878  73.927 0.0000000000
60121  24.933  -16.132  70.870 0.0000000000
116407  24.496  -16.513  71.580 0.0000000000
116910  23.453  -16.859  71.583 0.0000000000
59120  22.726  -17.435  72.312 0.0000000000
138076  21.427  -17.819  72.911 0.0000000000
59107  20.468  -17.714  73.622 0.0000000000
59122  20.747  -17.842  72.724 0.0000000000
59137  18.317  -17.540  71.496 0.0000000000
59123  19.058  -17.648  72.185 0.0000000000
138819  17.605  -16.915  72.188 0.0000000000
59138  17.569  -17.142  71.686 0.0000000000
60148  17.953  -17.103  69.054 0.0000000000
60149  17.246  -16.609  69.439 0.0000000000
60162  17.566  -16.253  68.673 0.0000000000
61138  17.246  -15.368  68.383 0.0000000000
61137  17.926  -15.809  67.985 0.0000000000
59189  20.934  -17.469  67.311 0.0000000000
59190  19.921  -17.531  67.529 0.0000000000
60175  20.262  -16.908  66.923 0.0000000000
61170  18.687  -15.031  66.686 0.0000000000
62065  18.124  -14.533  67.095 0.0000000000
62072  18.607  -14.268  66.461 0.0000000000
63832  19.802  -12.464  65.690 0.0000000000
64670  20.520  -11.900  65.323 0.0000000000
131781  14.178  -30.156  85.020 0.0000000000
47297  13.591  -29.779  85.014 0.0000000000
48156  13.011  -29.499  85.020 0.0000000000
47309  13.051  -29.826  84.112 0.0000000000
47321  14.358  -30.755  82.300 0.0000000000
47307  14.460  -30.719  83.331 0.0000000000
47332  13.667  -30.569  81.794 0.0000000000
141300  12.481  -30.282  81.842 0.0000000000
47334  11.866  -30.083  81.669 0.0000000000
48188  11.090  -29.708  81.025 0.0000000000
48202  11.045  -29.729  80.103 0.0000000000
49081  10.612  -28.674  77.670 0.0000000000
49982  10.222  -27.886  77.364 0.0000000000
49976  9.893  -27.451  77.995 0.0000000000
46484  15.422  -31.417  76.395 0.0000000000
46475  15.295  -31.624  77.286 0.0000000000
46494  15.027  -30.800  76.098 0.0000000000
48280  14.204  -29.059  73.994 0.0000000000
48255  14.032  -29.840  75.145 0.0000000000
47388  13.509  -29.857  75.886 0.0000000000
48256  13.101  -29.358  75.300 0.0000000000
52859  15.816  -24.741  73.029 0.0000000000
50941  14.862  -25.918  73.012 0.0000000000
51895  13.788  -25.898  74.475 0.0000000000
50930  13.636  -26.623  74.236 0.0000000000
50015  12.977  -26.998  74.583 0.0000000000
49121  12.984  -28.051  74.675 0.0000000000
50002  12.440  -27.432  74.990 0.0000000000
50919  12.438  -26.516  75.067 0.0000000000
51874  13.228  -24.799  75.974 0.0000000000
130264  12.332  -25.070  76.121 0.0000000000
52808  13.054  -24.715  76.881 0.0000000000
53747  16.215  -23.434  77.574 0.0000000000
53734  17.007  -23.554  79.088 0.0000000000
55505  19.198  -21.844  77.738 0.0000000000
54649  18.279  -22.298  77.991 0.0000000000
122804  19.322  -22.162  78.610 0.0000000000
54625  19.279  -22.382  81.192 0.0000000000
54614  19.567  -22.657  82.370 0.0000000000
54613  20.812  -22.651  82.861 0.0000000000
57185  21.536  -20.467  83.425 0.0000000000
56320  21.216  -21.657  83.914 0.0000000000
57181  19.373  -19.900  83.983 0.0000000000
132374  21.023  -38.421  77.878 0.0000000000
139720  24.034  -38.490  79.158 0.0000000000
115283  23.763  -39.794  78.721 0.0000000000
37451  23.007  -40.293  79.248 0.0000000000
40291  22.004  -37.702  80.686 0.0000000000
40277  21.642  -38.435  81.674 0.0000000000
128803  18.250  -39.684  81.712 0.0000000000
42176  18.458  -35.077  84.271 0.0000000000
41221  18.384  -36.020  84.317 0.0000000000
42177  17.866  -35.298  84.535 0.0000000000
53731  34.251  -23.576  78.649 0.0000000000
52783  34.826  -24.233  79.037 0.0000000000
52784  33.801  -24.136  79.091 0.0000000000
50881  32.934  -25.871  80.213 0.0000000000
51850  33.707  -25.573  79.836 0.0000000000
50880  33.558  -26.441  80.130 0.0000000000
128746  34.090  -28.202  79.754 0.0000000000
49049  33.225  -28.278  80.295 0.0000000000
50872  30.568  -26.488  80.583 0.0000000000
50871  31.487  -26.494  80.569 0.0000000000
139622  30.707  -26.791  80.997 0.0000000000
47337  31.779  -30.089  80.745 0.0000000000
47336  32.595  -30.543  80.047 0.0000000000
45436  32.632  -32.657  79.872 0.0000000000
46443  32.265  -31.819  80.087 0.0000000000
48197  27.092  -29.533  80.252 0.0000000000
48196  27.998  -29.375  80.215 0.0000000000
134831  26.974  -29.532  81.308 0.0000000000
46419  26.658  -31.076  82.288 0.0000000000
47317  27.126  -30.424  82.116 0.0000000000
137256  27.424  -31.131  81.996 0.0000000000
46418  27.925  -30.589  81.664 0.0000000000
64669  21.129  -11.352  64.902 0.0000000000
64683  20.953  -12.223  64.690 0.0000000000
119695  22.246  -13.949  63.505 0.0000000000
62102  22.792  -13.848  62.667 0.0000000000
60236  23.357  -16.657  62.987 0.0000000000
59277  23.632  -16.640  61.942 0.0000000000
61211  23.560  -15.598  61.730 0.0000000000
119813  24.323  -16.919  61.373 0.0000000000
57361  25.966  -19.790  62.085 0.0000000000
57360  26.998  -19.826  62.306 0.0000000000
58242  27.569  -19.072  62.112 0.0000000000
57345  27.340  -20.231  63.227 0.0000000000
55630  23.641  -21.653  66.713 0.0000000000
140545  24.078  -21.833  66.261 0.0000000000
54788  24.595  -21.942  65.914 0.0000000000
52893  26.830  -24.769  69.060 0.0000000000
53860  25.860  -24.010  68.153 0.0000000000
52909  26.621  -24.233  68.500 0.0000000000
54762  26.754  -22.804  67.201 0.0000000000
54777  26.362  -22.385  66.621 0.0000000000
55640  26.445  -21.630  65.570 0.0000000000
56496  26.431  -20.986  64.386 0.0000000000
55626  28.581  -21.526  66.535 0.0000000000
56475  28.494  -20.598  65.564 0.0000000000
56494  28.180  -20.398  64.736 0.0000000000
56474  29.132  -20.168  65.938 0.0000000000
56452  29.327  -21.227  66.713 0.0000000000
54729  30.441  -22.386  69.501 0.0000000000
55607  30.295  -21.709  68.248 0.0000000000
55590  31.009  -21.816  69.756 0.0000000000
54715  31.626  -22.436  70.856 0.0000000000
52849  30.819  -24.659  72.573 0.0000000000
52868  30.806  -24.174  71.923 0.0000000000
121184  31.464  -24.407  72.998 0.0000000000
52823  32.379  -24.219  74.092 0.0000000000
53789  32.122  -24.044  73.335 0.0000000000
53788  32.770  -23.612  73.679 0.0000000000
53802  32.477  -23.426  72.937 0.0000000000
53787  33.365  -23.101  74.059 0.0000000000
53745  33.057  -23.498  77.610 0.0000000000
53768  33.447  -23.072  76.137 0.0000000000
53744  33.775  -23.054  78.045 0.0000000000
79049  4.680  4.119  77.546 0.0000000000
79055  5.407  4.498  76.778 0.0000000000
81572  5.863  7.051  74.831 0.0000000000
81581  5.327  7.651  74.668 0.0000000000
81582  4.476  7.497  74.759 0.0000000000
83226  4.803  9.113  74.830 0.0000000000
84882  5.967  11.146  75.763 0.0000000000
84045  5.935  10.032  74.872 0.0000000000
84883  5.164  11.147  75.853 0.0000000000
84035  3.403  10.271  76.016 0.0000000000
53751  5.375  -23.860  77.714 0.0000000000
52791  4.754  -24.401  78.281 0.0000000000
53761  5.210  -23.592  76.962 0.0000000000
53762  4.076  -23.731  77.118 0.0000000000
135237  3.389  -22.550  76.530 0.0000000000
58093  4.553  -17.914  77.435 0.0000000000
57215  4.490  -19.422  76.339 0.0000000000
128858  4.037  -18.966  76.778 0.0000000000
57217  2.490  -19.477  76.611 0.0000000000
55530  2.180  -21.516  76.498 0.0000000000
136354  1.798  -20.738  76.459 0.0000000000
55531  1.034  -21.457  76.358 0.0000000000
57219  0.585  -19.791  76.304 0.0000000000
131769  0.345  -19.249  76.208 0.0000000000
133455  0.236  -20.102  75.224 0.0000000000
58121  0.266  -18.593  76.060 0.0000000000
62852  5.665  -13.732  81.707 0.0000000000
62843  5.440  -13.381  82.434 0.0000000000
133092  2.355  -14.517  83.556 0.0000000000
61956  3.309  -14.822  82.734 0.0000000000
124915  2.314  -15.411  82.816 0.0000000000
60024  2.343  -16.505  82.459 0.0000000000
61020  1.634  -15.964  82.808 0.0000000000
64566  1.754  -11.084  84.496 0.0000000000
63690  1.753  -12.057  84.054 0.0000000000
136271  1.394  -12.739  83.636 0.0000000000
61971  0.816  -14.967  81.562 0.0000000000
61965  0.825  -15.041  82.543 0.0000000000
61035  0.292  -15.732  82.030 0.0000000000
60032  0.021  -17.122  81.763 0.0000000000
60038  -0.345  -17.127  80.709 0.0000000000
59023  -0.167  -17.696  80.051 0.0000000000
60044  -0.513  -17.005  79.727 0.0000000000
121735  0.374  -16.746  77.400 0.0000000000
59059  0.564  -17.461  76.295 0.0000000000
60071  1.001  -16.624  76.410 0.0000000000
59096  0.903  -17.450  74.805 0.0000000000
60070  1.895  -15.760  76.296 0.0000000000
62002  3.423  -14.729  76.865 0.0000000000
61070  2.725  -15.272  76.511 0.0000000000
61069  3.617  -15.198  76.122 0.0000000000
133262  3.741  -15.530  75.449 0.0000000000
62001  4.389  -14.560  76.411 0.0000000000
64596  4.428  -11.264  79.684 0.0000000000
63719  4.415  -12.111  79.457 0.0000000000
64602  4.725  -11.596  78.778 0.0000000000
64605  5.369  -11.498  77.535 0.0000000000
63735  5.388  -12.187  77.358 0.0000000000
62882  5.171  -12.965  77.113 0.0000000000
62000  5.287  -14.064  76.181 0.0000000000
62886  5.613  -13.288  76.485 0.0000000000
62889  6.045  -13.605  75.843 0.0000000000
63744  6.305  -12.801  76.098 0.0000000000
65456  5.611  -10.337  75.499 0.0000000000
64611  6.408  -11.343  75.500 0.0000000000
65455  6.260  -10.607  74.913 0.0000000000
65467  5.302  -10.025  74.427 0.0000000000
65478  5.504  -10.087  73.675 0.0000000000
66356  0.998  -8.860  74.928 0.0000000000
66368  1.636  -9.197  74.249 0.0000000000
67291  0.796  -8.367  74.444 0.0000000000
68127  0.867  -7.662  74.763 0.0000000000
140972  2.322  -5.967  77.103 0.0000000000
69027  2.092  -5.990  76.597 0.0000000000
69026  3.236  -5.885  76.165 0.0000000000
69032  5.117  -6.319  75.609 0.0000000000
69033  4.126  -6.022  75.379 0.0000000000
69042  4.819  -6.203  74.863 0.0000000000
69993  5.185  -6.291  74.129 0.0000000000
70958  8.523  -4.559  75.356 0.0000000000
70969  8.030  -5.356  75.001 0.0000000000
71857  9.222  -4.058  74.860 0.0000000000
72709  6.593  -3.482  82.239 0.0000000000
140505  7.453  -3.401  81.304 0.0000000000
120299  7.409  -2.654  81.919 0.0000000000
73546  7.892  -1.420  81.914 0.0000000000
73545  8.103  -1.943  81.503 0.0000000000
72716  8.447  -1.864  80.842 0.0000000000
135966  8.849  -2.144  80.160 0.0000000000
75304  7.022  0.976  82.426 0.0000000000
75336  7.872  0.380  79.457 0.0000000000
74392  8.333  -0.362  79.857 0.0000000000
73570  9.034  -0.913  79.370 0.0000000000
73569  9.340  -1.458  78.599 0.0000000000
130994  9.206  -0.610  78.634 0.0000000000
127940  9.421  0.965  76.817 0.0000000000
74405  9.510  0.105  77.297 0.0000000000
74410  9.648  0.069  76.357 0.0000000000
123924  9.827  -0.641  75.858 0.0000000000
74418  9.684  -0.074  75.445 0.0000000000
75360  9.379  0.628  75.971 0.0000000000
76323  6.682  1.792  75.750 0.0000000000
76322  7.310  1.511  75.428 0.0000000000
117306  6.782  1.716  74.863 0.0000000000
76336  6.017  1.750  74.185 0.0000000000
117121  3.392  1.511  76.507 0.0000000000
119517  4.299  1.532  76.897 0.0000000000
76351  1.764  1.601  74.038 0.0000000000
76350  2.942  1.756  73.920 0.0000000000
76349  4.122  1.968  73.703 0.0000000000
77298  2.988  2.358  72.754 0.0000000000
68231  37.919  -7.514  64.695 0.0000000000
120038  38.856  -7.615  64.264 0.0000000000
68230  39.803  -7.240  64.636 0.0000000000
68229  40.650  -7.342  64.151 0.0000000000
65603  42.372  -10.234  63.580 0.0000000000
66531  41.773  -9.698  63.126 0.0000000000
66530  42.618  -9.250  63.381 0.0000000000
67398  43.222  -8.462  63.467 0.0000000000
138291  42.547  -8.559  63.245 0.0000000000
136496  42.606  -7.904  63.254 0.0000000000
68245  42.518  -7.167  63.465 0.0000000000
136125  43.303  -6.996  63.497 0.0000000000
69148  44.407  -5.925  63.480 0.0000000000
134556  45.351  -11.085  70.876 0.0000000000
64637  45.334  -11.310  69.665 0.0000000000
129952  46.051  -11.217  70.203 0.0000000000
65543  47.158  -10.459  68.042 0.0000000000
64646  46.645  -10.719  68.638 0.0000000000
65555  46.573  -10.019  67.254 0.0000000000
65568  46.313  -10.139  66.188 0.0000000000
66482  47.019  -9.583  66.692 0.0000000000
130346  49.580  -9.738  68.138 0.0000000000
65541  49.208  -10.035  68.304 0.0000000000
66461  49.588  -9.581  68.034 0.0000000000
67360  48.398  -8.820  66.550 0.0000000000
67372  47.706  -8.453  65.748 0.0000000000
68211  47.057  -7.757  65.206 0.0000000000
68225  46.168  -7.848  64.666 0.0000000000
69131  46.798  -5.992  64.973 0.0000000000
70102  46.286  -4.804  64.593 0.0000000000
70103  45.459  -4.996  64.129 0.0000000000
71086  45.882  -4.422  64.141 0.0000000000
71102  45.555  -4.633  63.821 0.0000000000
71101  46.139  -4.178  64.028 0.0000000000
71115  48.046  -3.766  63.952 0.0000000000
71116  47.000  -4.376  63.466 0.0000000000
70120  47.750  -5.221  62.580 0.0000000000
69146  50.673  -6.014  63.532 0.0000000000
69176  53.880  -5.808  60.805 0.0000000000
70170  54.240  -5.273  60.338 0.0000000000
69196  54.830  -5.479  59.876 0.0000000000
69197  54.425  -6.049  60.373 0.0000000000
67441  51.885  -8.577  58.613 0.0000000000
67435  52.644  -8.018  59.342 0.0000000000
68299  53.316  -7.850  58.354 0.0000000000
135103  50.350  -10.137  56.976 0.0000000000
66571  51.186  -9.479  57.026 0.0000000000
66576  50.404  -9.878  56.579 0.0000000000
66575  51.153  -9.315  56.314 0.0000000000
64723  46.476  -11.535  61.341 0.0000000000
65641  47.748  -10.690  59.961 0.0000000000
64738  47.036  -11.170  59.683 0.0000000000
64744  47.856  -11.579  58.014 0.0000000000
64750  47.922  -11.936  57.346 0.0000000000
64743  48.468  -11.885  57.358 0.0000000000
64761  48.260  -12.050  56.917 0.0000000000
65655  47.744  -11.468  56.422 0.0000000000
80178  59.755  5.857  42.338 0.0000000000
80166  59.380  6.303  44.801 0.0000000000
79309  59.152  5.028  44.925 0.0000000000
78435  59.044  4.293  44.163 0.0000000000
133596  59.016  4.890  45.656 0.0000000000
73544  9.811  -0.920  81.908 0.0000000000
73543  10.537  -1.390  81.307 0.0000000000
61015  19.259  -15.791  82.814 0.0000000000
127691  0.664  -30.031  85.910 0.0000000000
48164  0.735  -29.407  85.590 0.0000000000
48167  2.050  -28.746  83.917 0.0000000000
118943  2.561  -28.905  83.134 0.0000000000
48177  2.396  -29.495  82.425 0.0000000000
48176  3.065  -28.602  82.432 0.0000000000
51844  2.838  -26.085  82.069 0.0000000000
51848  3.278  -26.237  81.467 0.0000000000
52766  3.890  -25.150  81.215 0.0000000000
45388  12.031  -32.464  85.040 0.0000000000
47290  11.174  -29.981  86.483 0.0000000000
130904  10.522  -30.398  85.507 0.0000000000
47291  10.142  -29.883  86.095 0.0000000000
49037  9.583  -28.204  83.532 0.0000000000
49036  10.143  -28.321  84.328 0.0000000000
49939  9.717  -27.416  86.498 0.0000000000
49934  10.402  -28.041  87.061 0.0000000000
49021  9.968  -28.205  87.415 0.0000000000
48147  9.577  -29.360  86.609 0.0000000000
129459  9.591  -28.758  87.139 0.0000000000
48137  8.503  -29.034  86.578 0.0000000000
49022  9.041  -28.318  87.297 0.0000000000
50849  8.093  -26.282  87.082 0.0000000000
49928  8.686  -27.114  87.673 0.0000000000
49929  7.846  -27.230  87.598 0.0000000000
49930  6.775  -27.435  87.445 0.0000000000
50844  7.351  -26.731  87.524 0.0000000000
52790  10.923  -24.571  78.690 0.0000000000
52776  11.474  -23.928  79.279 0.0000000000
53716  11.080  -23.141  81.018 0.0000000000
52768  10.184  -23.831  80.178 0.0000000000
52763  8.811  -24.016  81.139 0.0000000000
53709  9.537  -23.355  81.983 0.0000000000
55467  12.248  -22.349  81.123 0.0000000000
54618  11.937  -22.431  81.418 0.0000000000
54603  9.256  -22.069  83.885 0.0000000000
53704  9.012  -22.885  83.105 0.0000000000
52755  8.289  -23.665  83.264 0.0000000000
53699  7.730  -23.590  84.043 0.0000000000
52752  7.358  -24.348  84.425 0.0000000000
125442  7.291  -23.405  85.152 0.0000000000
53692  6.677  -22.882  86.197 0.0000000000
52749  6.711  -23.822  85.572 0.0000000000
51825  6.467  -25.588  86.556 0.0000000000
120436  5.778  -24.701  86.011 0.0000000000
51826  5.380  -25.500  86.492 0.0000000000
54596  5.707  -22.072  86.263 0.0000000000
53693  4.763  -22.739  85.863 0.0000000000
53694  3.686  -23.364  85.641 0.0000000000
54599  5.053  -22.230  85.541 0.0000000000
55470  8.505  -20.630  81.355 0.0000000000
139133  7.831  -20.487  82.398 0.0000000000
55462  7.306  -20.761  82.602 0.0000000000
54622  6.565  -22.344  81.515 0.0000000000
119714  6.117  -22.047  82.350 0.0000000000
54612  5.313  -22.693  82.807 0.0000000000
133977  4.770  -22.870  83.603 0.0000000000
123457  4.566  -23.534  82.922 0.0000000000
53705  5.080  -23.692  82.134 0.0000000000
53728  6.166  -23.457  79.885 0.0000000000
53711  5.335  -23.794  81.297 0.0000000000
53719  5.460  -23.859  80.417 0.0000000000
53729  5.553  -23.940  79.596 0.0000000000
132270  5.616  -23.983  79.040 0.0000000000
54662  7.070  -23.059  76.646 0.0000000000
55543  6.331  -21.638  75.598 0.0000000000
55542  7.402  -21.352  75.389 0.0000000000
123406  8.907  -20.715  74.923 0.0000000000
55525  8.454  -22.030  75.832 0.0000000000
56399  8.365  -20.196  74.812 0.0000000000
58118  7.483  -18.397  75.067 0.0000000000
57230  7.364  -19.229  74.955 0.0000000000
57231  6.597  -19.531  75.213 0.0000000000
59075  6.927  -17.942  75.643 0.0000000000
58103  6.319  -17.577  76.454 0.0000000000
59057  7.209  -17.214  76.163 0.0000000000
61055  7.741  -15.616  77.663 0.0000000000
60057  7.315  -16.254  77.437 0.0000000000
61990  7.496  -15.297  78.248 0.0000000000
61975  7.095  -14.477  79.448 0.0000000000
62872  7.729  -13.870  78.915 0.0000000000
59055  13.150  -17.492  76.344 0.0000000000
58102  12.818  -18.054  76.004 0.0000000000
60064  13.496  -16.783  76.680 0.0000000000
62876  12.724  -14.466  77.649 0.0000000000
61995  12.091  -15.417  76.504 0.0000000000
61986  12.019  -14.675  77.097 0.0000000000
61064  11.304  -15.758  75.880 0.0000000000
61987  11.360  -14.168  77.137 0.0000000000
63707  13.576  -12.560  79.847 0.0000000000
64590  13.258  -11.704  79.665 0.0000000000
64592  11.206  -11.543  79.219 0.0000000000
64599  11.330  -12.098  78.582 0.0000000000
63726  10.655  -12.438  78.173 0.0000000000
63733  10.741  -13.092  77.661 0.0000000000
63734  10.103  -12.871  77.928 0.0000000000
63727  9.786  -12.364  78.511 0.0000000000
64583  9.140  -10.969  80.294 0.0000000000
64595  8.864  -11.666  79.837 0.0000000000
63708  8.116  -12.087  80.297 0.0000000000
135760  8.493  -11.395  80.530 0.0000000000
64585  7.886  -11.676  81.134 0.0000000000
66270  9.998  -9.535  83.962 0.0000000000
66271  9.412  -9.788  84.141 0.0000000000
66260  9.542  -9.634  84.914 0.0000000000
67208  9.360  -8.720  85.820 0.0000000000
67198  10.433  -7.377  86.343 0.0000000000
67196  12.557  -7.550  86.159 0.0000000000
67206  11.856  -8.129  85.565 0.0000000000
136554  12.320  -7.055  86.510 0.0000000000
68959  11.871  -6.470  82.552 0.0000000000
68945  11.500  -6.513  83.611 0.0000000000
122904  11.102  -6.415  84.882 0.0000000000
70893  11.065  -5.418  81.906 0.0000000000
73532  9.983  -1.809  82.128 0.0000000000
55605  36.479  -21.551  68.874 0.0000000000
138737  35.491  -25.653  79.054 0.0000000000
51854  36.177  -25.342  78.592 0.0000000000
50888  35.765  -26.199  78.557 0.0000000000
49073  35.182  -28.083  77.475 0.0000000000
49980  35.592  -27.599  77.468 0.0000000000
49083  35.417  -28.185  76.881 0.0000000000
49084  34.964  -28.777  76.514 0.0000000000
46471  33.930  -32.005  77.420 0.0000000000
65595  21.740  -10.738  64.505 0.0000000000
65594  22.418  -10.279  64.293 0.0000000000
64701  23.715  -10.849  63.227 0.0000000000
140516  23.061  -10.010  64.243 0.0000000000
65593  23.774  -10.104  63.927 0.0000000000
66521  24.255  -9.675  64.725 0.0000000000
63011  25.347  -13.449  61.140 0.0000000000
63890  24.855  -12.803  61.487 0.0000000000
63889  25.588  -12.781  61.475 0.0000000000
132711  26.458  -11.338  62.835 0.0000000000
64718  25.614  -11.483  62.600 0.0000000000
117961  28.172  -10.717  63.587 0.0000000000
65587  29.154  -10.307  64.962 0.0000000000
59230  29.923  -17.768  64.038 0.0000000000
139232  29.715  -17.876  63.379 0.0000000000
59243  29.986  -17.423  63.158 0.0000000000
60243  30.098  -16.253  61.833 0.0000000000
61206  30.273  -15.374  61.542 0.0000000000
62110  29.719  -14.792  61.084 0.0000000000
62109  30.464  -14.535  61.363 0.0000000000
61198  32.040  -15.049  62.829 0.0000000000
63884  30.738  -12.321  61.176 0.0000000000
119294  30.910  -13.007  61.173 0.0000000000
63021  30.109  -12.982  60.837 0.0000000000
63885  29.822  -12.089  60.933 0.0000000000
124496  29.211  -11.755  61.321 0.0000000000
64728  29.763  -11.354  61.516 0.0000000000
65606  30.005  -9.826  63.183 0.0000000000
65624  33.962  -10.080  61.956 0.0000000000
137004  34.402  -8.421  63.534 0.0000000000
67407  33.662  -8.472  63.471 0.0000000000
67387  34.159  -8.029  64.033 0.0000000000
68233  35.810  -7.317  65.564 0.0000000000
135605  36.023  -7.423  64.865 0.0000000000
124004  37.405  -7.248  65.338 0.0000000000
66542  38.055  -9.698  62.595 0.0000000000
66541  38.840  -9.852  62.578 0.0000000000
65619  39.106  -10.554  62.611 0.0000000000
63840  37.526  -12.381  64.044 0.0000000000
137446  38.341  -12.244  64.224 0.0000000000
63850  39.019  -11.911  63.908 0.0000000000
63839  39.483  -12.024  64.546 0.0000000000
63849  39.759  -11.789  63.986 0.0000000000
63838  40.267  -11.985  64.569 0.0000000000
63837  41.124  -11.992  64.902 0.0000000000
63827  40.520  -12.231  65.464 0.0000000000
63788  40.714  -12.476  68.531 0.0000000000
63801  41.203  -12.532  67.212 0.0000000000
63787  42.332  -12.398  68.429 0.0000000000
61121  36.023  -14.885  69.879 0.0000000000
62053  36.211  -13.917  68.296 0.0000000000
119377  36.670  -14.450  70.145 0.0000000000
62044  37.173  -13.912  69.604 0.0000000000
62922  38.049  -13.687  69.881 0.0000000000
121692  38.699  -13.223  70.273 0.0000000000
61084  39.314  -15.117  74.172 0.0000000000
62009  39.063  -14.288  73.877 0.0000000000
62904  39.365  -13.140  72.853 0.0000000000
62921  39.298  -12.686  70.916 0.0000000000
117308  40.041  -12.338  70.415 0.0000000000
63750  42.637  -11.947  73.347 0.0000000000
63759  41.987  -11.922  72.717 0.0000000000
63768  42.518  -11.777  71.807 0.0000000000
63758  42.984  -11.608  73.047 0.0000000000
63757  43.832  -11.637  72.772 0.0000000000
62035  42.977  -14.459  71.210 0.0000000000
61106  43.208  -14.756  70.275 0.0000000000
60139  40.447  -16.158  70.744 0.0000000000
118081  41.294  -15.897  70.528 0.0000000000
61134  39.885  -15.976  68.384 0.0000000000
61133  40.737  -15.557  68.276 0.0000000000
61132  41.815  -15.315  68.579 0.0000000000
61147  41.657  -15.499  67.718 0.0000000000
61160  41.587  -15.887  66.911 0.0000000000
61148  40.760  -15.657  67.332 0.0000000000
75313  9.690  0.840  81.619 0.0000000000
78108  10.168  3.246  81.287 0.0000000000
77236  9.489  2.730  81.538 0.0000000000
78120  9.966  4.051  81.105 0.0000000000
79028  10.459  4.264  80.719 0.0000000000
80735  11.897  6.156  79.079 0.0000000000
130444  11.414  6.612  78.663 0.0000000000
80736  11.059  6.007  79.012 0.0000000000
52800  4.186  -24.824  77.882 0.0000000000
126601  4.269  -25.585  78.591 0.0000000000
51869  4.206  -25.346  78.054 0.0000000000
50910  4.885  -26.294  76.853 0.0000000000
140392  5.283  -28.174  76.555 0.0000000000
49994  5.361  -27.573  76.415 0.0000000000
52832  4.262  -24.292  74.542 0.0000000000
51898  5.043  -24.950  74.837 0.0000000000
50032  5.989  -27.631  73.622 0.0000000000
56417  1.974  -20.370  72.105 0.0000000000
55574  2.312  -21.201  72.087 0.0000000000
53835  5.277  -23.005  70.567 0.0000000000
54718  4.816  -22.390  70.970 0.0000000000
52882  5.872  -23.849  70.859 0.0000000000
52897  5.757  -24.259  70.264 0.0000000000
52914  3.513  -24.238  68.092 0.0000000000
51978  3.770  -24.996  68.423 0.0000000000
65490  5.520  -9.896  72.556 0.0000000000
65507  3.740  -9.809  72.041 0.0000000000
66403  1.311  -9.801  71.355 0.0000000000
119619  2.867  -9.858  71.445 0.0000000000
66422  4.429  -9.531  70.507 0.0000000000
68162  1.286  -7.501  71.673 0.0000000000
69073  2.220  -6.779  71.169 0.0000000000
68188  0.996  -8.240  69.259 0.0000000000
68175  1.043  -8.279  70.142 0.0000000000
67336  0.831  -9.010  69.453 0.0000000000
66442  2.567  -9.603  69.419 0.0000000000
66456  3.648  -9.397  68.724 0.0000000000
66476  1.613  -9.731  68.167 0.0000000000
67355  1.036  -9.207  67.412 0.0000000000
67368  1.530  -8.763  66.659 0.0000000000
67367  2.672  -8.721  66.544 0.0000000000
67382  1.205  -8.157  66.036 0.0000000000
71870  10.267  -3.076  72.048 0.0000000000
71878  10.025  -3.671  71.463 0.0000000000
127047  9.405  -4.638  70.003 0.0000000000
71029  8.931  -5.141  69.561 0.0000000000
70046  7.297  -5.718  69.654 0.0000000000
71054  5.767  -5.380  67.031 0.0000000000
70078  6.521  -5.931  67.640 0.0000000000
70079  5.682  -5.894  67.873 0.0000000000
141179  5.092  -5.594  67.511 0.0000000000
70088  39.333  -5.898  67.364 0.0000000000
70069  39.258  -5.502  68.244 0.0000000000
71031  40.732  -3.717  69.445 0.0000000000
124070  40.940  -3.206  69.929 0.0000000000
72806  42.817  -1.737  66.404 0.0000000000
71912  42.681  -2.016  67.009 0.0000000000
72789  41.073  -2.254  67.489 0.0000000000
69169  41.546  -6.062  61.362 0.0000000000
70148  41.329  -5.523  62.073 0.0000000000
70149  40.288  -5.584  61.790 0.0000000000
79248  57.251  5.918  52.819 0.0000000000
79266  57.804  5.884  50.346 0.0000000000
137151  57.149  6.756  51.461 0.0000000000
79288  58.509  6.376  48.979 0.0000000000
122525  59.107  3.465  46.954 0.0000000000
131928  58.711  3.312  45.922 0.0000000000
77536  58.836  2.540  46.282 0.0000000000
70199  51.985  -5.649  56.333 0.0000000000
70198  52.872  -5.238  56.503 0.0000000000
71170  53.188  -4.831  55.206 0.0000000000
71177  53.798  -4.419  54.660 0.0000000000
70196  56.959  -4.957  57.558 0.0000000000
71153  57.471  -4.466  57.074 0.0000000000
72029  57.408  -3.531  55.943 0.0000000000
72050  55.145  -3.531  53.770 0.0000000000
72062  54.925  -3.480  52.666 0.0000000000
72049  56.205  -3.209  53.513 0.0000000000
72894  56.285  -2.823  52.239 0.0000000000
128830  56.523  -2.582  51.759 0.0000000000
72906  57.240  -2.370  51.626 0.0000000000
69297  54.827  -6.635  52.753 0.0000000000
70268  56.223  -5.443  51.320 0.0000000000
70247  56.222  -5.979  52.733 0.0000000000
70264  56.835  -5.429  52.285 0.0000000000
70263  58.007  -4.576  52.902 0.0000000000
71209  58.888  -4.037  52.395 0.0000000000
72904  59.808  -2.627  51.838 0.0000000000
72891  59.682  -3.102  52.315 0.0000000000
72914  59.029  -1.800  51.495 0.0000000000
73743  57.860  -1.750  50.595 0.0000000000
73760  57.862  -1.354  49.862 0.0000000000
74644  57.511  -0.512  49.161 0.0000000000
73759  58.734  -0.887  50.428 0.0000000000
74608  60.007  -0.955  50.477 0.0000000000
74609  59.327  -0.549  50.465 0.0000000000
138883  59.661  -0.218  50.302 0.0000000000
75574  59.861  0.356  50.114 0.0000000000
74643  60.169  -0.372  49.881 0.0000000000
131580  58.265  -3.720  47.781 0.0000000000
73786  59.644  -1.843  47.170 0.0000000000
74655  60.231  -0.187  47.857 0.0000000000
138090  59.964  0.497  47.445 0.0000000000
76615  59.870  1.272  47.665 0.0000000000
127020  59.845  -0.081  46.785 0.0000000000
75650  59.228  0.250  44.957 0.0000000000
76623  59.087  1.136  44.752 0.0000000000
51892  23.149  -25.441  76.208 0.0000000000
51891  24.711  -25.306  76.349 0.0000000000
50013  20.750  -27.630  74.642 0.0000000000
50012  21.218  -27.268  75.025 0.0000000000
49091  21.900  -29.080  75.681 0.0000000000
49104  20.963  -28.627  75.287 0.0000000000
76227  8.188  1.154  85.437 0.0000000000
76234  7.842  1.956  85.159 0.0000000000
76233  8.358  1.455  84.647 0.0000000000
76249  8.607  1.896  82.714 0.0000000000
72696  9.433  -2.771  83.836 0.0000000000
72689  9.364  -2.845  84.774 0.0000000000
126334  9.344  -2.256  85.255 0.0000000000
73506  9.278  -2.152  86.204 0.0000000000
73499  8.443  -1.768  87.359 0.0000000000
74329  7.811  -0.935  87.406 0.0000000000
74334  8.500  -0.813  86.843 0.0000000000
75276  8.232  0.061  86.485 0.0000000000
61941  19.263  -14.325  85.559 0.0000000000
62828  20.090  -13.424  85.252 0.0000000000
61940  19.901  -14.575  85.062 0.0000000000
61945  20.201  -14.282  84.491 0.0000000000
61947  20.080  -14.270  83.814 0.0000000000
57182  19.019  -20.036  84.087 0.0000000000
56322  18.761  -20.652  83.875 0.0000000000
57179  18.395  -19.142  84.386 0.0000000000
58996  17.874  -17.707  84.764 0.0000000000
58993  17.221  -17.002  84.929 0.0000000000
58992  17.888  -17.037  84.941 0.0000000000
117273  18.240  -16.012  85.617 0.0000000000
124231  36.374  -23.255  76.387 0.0000000000
125530  36.748  -25.121  77.657 0.0000000000
54657  33.993  -22.215  76.927 0.0000000000
54670  34.407  -21.759  76.388 0.0000000000
55516  35.126  -21.251  76.662 0.0000000000
55515  35.885  -20.890  76.656 0.0000000000
49962  4.104  -27.911  80.242 0.0000000000
50876  4.107  -27.109  80.161 0.0000000000
50885  4.212  -26.664  79.659 0.0000000000
126129  4.446  -26.935  78.951 0.0000000000
62892  7.384  -12.935  74.130 0.0000000000
62899  7.104  -13.742  73.880 0.0000000000
62013  7.241  -14.025  73.060 0.0000000000
62021  7.399  -14.265  72.245 0.0000000000
62031  7.509  -14.404  71.431 0.0000000000
62039  7.574  -14.472  70.591 0.0000000000
62916  7.832  -13.678  71.735 0.0000000000
62915  8.244  -13.098  71.204 0.0000000000
63764  8.316  -12.123  71.425 0.0000000000
63773  8.522  -12.506  70.609 0.0000000000
65504  6.700  -9.953  71.853 0.0000000000
69262  47.715  -6.765  55.591 0.0000000000
70234  50.665  -5.730  53.960 0.0000000000
70219  51.460  -5.545  54.359 0.0000000000
78442  59.635  3.636  42.406 0.0000000000
117388  59.835  3.094  41.703 0.0000000000
57206  23.785  -19.429  78.829 0.0000000000
57205  24.729  -18.946  78.605 0.0000000000
58088  25.841  -18.149  78.453 0.0000000000
58173  24.665  -17.556  68.603 0.0000000000
60173  23.715  -16.245  67.423 0.0000000000
59201  23.632  -16.773  66.262 0.0000000000
45420  15.904  -31.843  81.357 0.0000000000
45432  15.835  -32.074  80.349 0.0000000000
55553  20.280  -21.307  74.087 0.0000000000
55565  18.955  -21.929  73.753 0.0000000000
55537  19.984  -21.269  74.919 0.0000000000
55517  20.251  -21.214  76.432 0.0000000000
43276  18.103  -34.135  78.816 0.0000000000
43269  18.014  -34.160  79.749 0.0000000000
43258  17.908  -34.250  80.700 0.0000000000
43241  18.053  -34.107  81.653 0.0000000000
44335  16.971  -32.997  81.449 0.0000000000
50897  30.012  -26.865  77.411 0.0000000000
49064  29.176  -28.097  79.507 0.0000000000
43286  24.463  -34.575  76.759 0.0000000000
43287  23.989  -35.034  76.476 0.0000000000
41278  23.121  -36.512  75.768 0.0000000000
120273  23.357  -19.770  66.085 0.0000000000
50023  28.014  -27.479  73.722 0.0000000000
50949  28.150  -26.813  72.591 0.0000000000
50925  28.564  -26.903  73.501 0.0000000000
50924  29.135  -26.813  74.150 0.0000000000
50923  29.970  -26.370  74.377 0.0000000000
50904  29.787  -26.660  76.453 0.0000000000
78143  2.600  3.387  78.014 0.0000000000
78149  2.571  3.622  77.051 0.0000000000
79050  3.623  3.877  77.267 0.0000000000
79056  4.426  4.334  76.522 0.0000000000
84855  7.737  11.692  77.319 0.0000000000
85703  6.039  13.099  78.881 0.0000000000
60049  6.480  -16.190  78.794 0.0000000000
60050  5.637  -16.538  78.846 0.0000000000
61025  4.856  -15.445  81.105 0.0000000000
68068  4.310  -7.511  81.478 0.0000000000
67227  3.736  -8.111  81.933 0.0000000000
68069  3.119  -7.793  81.364 0.0000000000
68070  1.972  -8.125  81.008 0.0000000000
67232  1.286  -8.335  80.498 0.0000000000
68078  1.283  -7.580  80.346 0.0000000000
68087  2.037  -6.922  79.938 0.0000000000
68991  3.074  -6.402  79.290 0.0000000000
69002  5.014  -5.979  78.843 0.0000000000
69948  7.755  -5.869  78.899 0.0000000000
77227  3.612  3.498  82.231 0.0000000000
77239  3.529  3.093  81.370 0.0000000000
77249  2.958  2.423  80.698 0.0000000000
76276  2.668  2.113  80.419 0.0000000000
76292  2.110  1.918  79.696 0.0000000000
77255  2.185  2.238  79.980 0.0000000000
78136  1.658  2.686  78.675 0.0000000000
135657  42.242  -12.460  67.177 0.0000000000
63824  42.950  -11.939  66.307 0.0000000000
63813  43.420  -12.261  67.129 0.0000000000
63812  44.271  -12.003  67.216 0.0000000000
63798  44.600  -11.816  67.957 0.0000000000
64662  49.494  -11.738  65.543 0.0000000000
64673  49.535  -11.533  65.377 0.0000000000
65581  49.704  -11.039  65.248 0.0000000000
133186  50.020  -9.960  64.912 0.0000000000
67384  51.151  -8.272  64.847 0.0000000000
123408  50.305  -8.931  64.452 0.0000000000
66526  49.956  -8.750  63.406 0.0000000000
66536  50.117  -8.806  62.272 0.0000000000
66554  48.825  -9.834  61.932 0.0000000000
61061  16.490  -14.935  76.265 0.0000000000
47315  4.753  -30.647  84.336 0.0000000000
46404  3.812  -31.156  84.529 0.0000000000
47303  4.049  -30.237  84.842 0.0000000000
47293  3.404  -30.148  85.501 0.0000000000
48153  2.425  -30.046  86.252 0.0000000000
131349  1.799  -29.523  86.848 0.0000000000
49027  3.073  -28.598  87.007 0.0000000000
50853  3.557  -26.391  87.057 0.0000000000
49969  9.493  -27.185  79.371 0.0000000000
126383  9.368  -27.711  80.013 0.0000000000
50884  9.312  -26.264  79.679 0.0000000000
130101  13.271  -21.472  75.977 0.0000000000
55510  11.539  -21.259  77.635 0.0000000000
117587  10.771  -21.058  78.130 0.0000000000
55511  10.797  -21.125  77.197 0.0000000000
55523  10.711  -21.439  76.128 0.0000000000
56363  10.612  -20.850  75.170 0.0000000000
56380  11.261  -20.188  74.826 0.0000000000
58117  11.625  -18.628  74.698 0.0000000000
58169  37.133  -18.302  68.915 0.0000000000
57286  36.789  -19.117  69.200 0.0000000000
59273  27.419  -17.864  61.388 0.0000000000
125791  27.176  -17.196  61.074 0.0000000000
59272  28.141  -17.453  61.346 0.0000000000
60245  29.126  -17.194  61.534 0.0000000000
135944  34.201  -15.388  66.534 0.0000000000
136142  34.015  -14.726  64.960 0.0000000000
62085  34.433  -14.269  64.563 0.0000000000
62974  34.925  -13.754  64.076 0.0000000000
62973  35.624  -13.381  64.479 0.0000000000
62972  36.311  -13.001  64.830 0.0000000000
123218  36.661  -13.454  67.095 0.0000000000
58140  37.814  -18.764  72.298 0.0000000000
58147  38.211  -17.951  71.915 0.0000000000
59128  38.390  -17.318  71.184 0.0000000000
59143  37.605  -18.075  70.122 0.0000000000
54687  0.479  -22.497  74.353 0.0000000000
54686  0.861  -23.019  74.359 0.0000000000
54699  1.135  -22.327  73.743 0.0000000000
54698  2.061  -22.494  73.453 0.0000000000
70016  7.042  -6.043  72.795 0.0000000000
70015  7.925  -5.853  72.669 0.0000000000
70991  8.641  -5.317  72.493 0.0000000000
71103  43.741  -4.180  63.852 0.0000000000
70114  43.459  -4.837  63.394 0.0000000000
71104  42.093  -4.633  63.548 0.0000000000
71118  40.560  -4.880  63.047 0.0000000000
76557  52.976  1.156  51.051 0.0000000000
76542  53.104  1.915  52.078 0.0000000000
76556  53.648  1.939  51.312 0.0000000000
137337  54.240  2.583  51.398 0.0000000000
77479  54.949  3.389  51.667 0.0000000000
76581  55.211  2.276  50.016 0.0000000000
67450  53.337  -7.739  56.255 0.0000000000
67461  52.575  -8.110  55.665 0.0000000000
56407  23.013  -20.744  74.295 0.0000000000
55551  25.530  -21.513  75.189 0.0000000000
53804  25.665  -22.967  74.015 0.0000000000
55572  25.451  -21.912  72.964 0.0000000000
56423  24.792  -20.507  71.638 0.0000000000
56431  23.591  -20.702  70.405 0.0000000000
45471  17.064  -32.606  75.577 0.0000000000
45483  16.927  -32.115  74.954 0.0000000000
46505  17.587  -31.983  74.281 0.0000000000
47424  17.870  -30.436  72.417 0.0000000000
50939  20.356  -26.281  73.334 0.0000000000
50940  19.666  -26.819  72.936 0.0000000000
133770  20.328  -25.537  72.904 0.0000000000
52841  20.696  -24.889  72.894 0.0000000000
52854  20.325  -24.270  72.661 0.0000000000
53809  19.849  -23.645  72.625 0.0000000000
54705  20.963  -22.811  72.757 0.0000000000
121516  22.271  -33.916  75.278 0.0000000000
43303  22.112  -34.572  74.576 0.0000000000
44394  21.767  -33.921  74.629 0.0000000000
44395  21.045  -33.941  74.580 0.0000000000
130835  20.059  -31.789  74.947 0.0000000000
45470  18.916  -32.926  75.250 0.0000000000
44385  18.392  -33.266  75.766 0.0000000000
44386  17.692  -32.986  75.691 0.0000000000
48246  26.585  -28.994  76.593 0.0000000000
48236  26.590  -29.210  77.296 0.0000000000
48237  25.733  -29.235  77.733 0.0000000000
47359  22.656  -29.438  77.974 0.0000000000
45452  24.180  -32.438  77.669 0.0000000000
45453  23.455  -32.436  77.011 0.0000000000
55599  23.283  -21.463  69.680 0.0000000000
54730  23.355  -22.828  70.278 0.0000000000
50937  24.629  -26.587  73.935 0.0000000000
50953  24.551  -26.409  72.681 0.0000000000
50026  25.072  -27.354  73.911 0.0000000000
127817  25.512  -27.561  73.280 0.0000000000
118059  26.058  -27.851  73.118 0.0000000000
49129  26.072  -28.282  74.332 0.0000000000
79867  2.856  5.496  84.829 0.0000000000
121418  4.043  5.628  83.204 0.0000000000
134530  4.224  5.802  83.986 0.0000000000
116497  5.473  6.182  82.508 0.0000000000
121654  6.375  5.412  81.350 0.0000000000
79877  8.101  5.844  81.948 0.0000000000
117822  8.042  5.557  79.959 0.0000000000
79909  8.380  5.673  79.033 0.0000000000
79924  9.499  5.131  76.495 0.0000000000
79942  9.655  5.877  74.471 0.0000000000
79932  10.227  5.363  75.245 0.0000000000
80765  10.905  5.982  75.028 0.0000000000
81561  10.516  6.534  75.579 0.0000000000
66261  8.082  -10.003  85.056 0.0000000000
65359  7.600  -9.566  82.979 0.0000000000
66253  7.752  -9.432  85.582 0.0000000000
66254  7.244  -8.991  85.364 0.0000000000
67200  7.260  -8.419  85.272 0.0000000000
135794  8.499  -3.935  85.215 0.0000000000
69913  9.545  -5.922  82.182 0.0000000000
126342  8.304  -4.236  84.149 0.0000000000
70882  7.922  -4.586  82.799 0.0000000000
69914  9.143  -5.988  81.475 0.0000000000
68971  8.334  -6.520  81.077 0.0000000000
122844  6.128  -4.237  84.248 0.0000000000
70883  6.458  -4.401  83.172 0.0000000000
70884  5.675  -4.119  83.583 0.0000000000
71782  4.960  -4.099  84.564 0.0000000000
70872  4.159  -4.716  85.596 0.0000000000
70856  3.695  -4.774  86.642 0.0000000000
71773  3.390  -3.819  87.144 0.0000000000
75273  4.572  0.437  87.545 0.0000000000
74332  3.562  -0.296  87.687 0.0000000000
76221  4.544  1.397  87.392 0.0000000000
77198  3.962  2.083  87.255 0.0000000000
76226  3.783  1.806  87.105 0.0000000000
77205  3.975  3.195  86.246 0.0000000000
139828  3.869  3.890  85.675 0.0000000000
78994  3.555  4.578  85.593 0.0000000000
62032  45.783  -14.001  71.044 0.0000000000
62042  45.114  -14.456  70.043 0.0000000000
62052  45.330  -14.870  69.095 0.0000000000
61128  45.627  -15.526  68.295 0.0000000000
43242  8.029  -34.245  81.586 0.0000000000
44337  7.630  -33.548  81.433 0.0000000000
47313  6.755  -30.462  83.895 0.0000000000
48161  6.999  -29.547  85.144 0.0000000000
53736  15.389  -23.353  78.534 0.0000000000
53722  15.728  -23.264  79.444 0.0000000000
57199  16.364  -20.185  80.329 0.0000000000
119186  16.162  -20.075  77.434 0.0000000000
57203  15.781  -19.742  78.031 0.0000000000
58083  15.059  -18.827  78.691 0.0000000000
59029  14.784  -17.720  78.499 0.0000000000
60034  15.254  -16.888  80.120 0.0000000000
61944  15.822  -14.535  85.739 0.0000000000
61946  15.532  -14.670  85.257 0.0000000000
55576  36.750  -21.514  71.769 0.0000000000
55568  36.753  -21.543  72.618 0.0000000000
119121  36.490  -23.622  72.310 0.0000000000
139130  36.357  -25.910  74.550 0.0000000000
50922  36.387  -26.458  73.829 0.0000000000
50034  35.802  -27.592  72.747 0.0000000000
57290  30.974  -20.047  68.100 0.0000000000
57297  30.664  -19.699  67.411 0.0000000000
56442  31.299  -20.298  68.797 0.0000000000
57289  31.577  -19.623  68.515 0.0000000000
57288  32.178  -19.227  68.875 0.0000000000
57263  33.676  -19.502  71.481 0.0000000000
58149  33.913  -18.746  71.236 0.0000000000
59144  34.124  -17.759  70.356 0.0000000000
59156  34.100  -17.291  69.643 0.0000000000
60131  34.643  -16.883  70.417 0.0000000000
60119  35.004  -16.877  71.206 0.0000000000
60130  35.257  -16.277  70.870 0.0000000000
59100  35.901  -17.746  73.761 0.0000000000
56370  37.172  -20.095  76.284 0.0000000000
56369  37.502  -19.726  75.861 0.0000000000
57250  37.503  -19.376  74.431 0.0000000000
123908  2.872  -16.179  73.993 0.0000000000
59110  2.432  -16.965  72.757 0.0000000000
60102  3.047  -16.523  72.994 0.0000000000
60113  2.919  -16.774  71.990 0.0000000000
59141  2.954  -17.059  71.275 0.0000000000
59152  4.849  -17.213  69.915 0.0000000000
141389  4.769  -17.786  69.331 0.0000000000
58176  4.174  -18.675  68.434 0.0000000000
57303  1.960  -19.891  67.040 0.0000000000
57311  3.001  -19.489  66.971 0.0000000000
56483  3.251  -20.686  65.734 0.0000000000
55644  3.822  -21.470  65.349 0.0000000000
55643  4.648  -21.735  64.959 0.0000000000
117959  4.468  -21.073  65.230 0.0000000000
56482  5.105  -20.654  65.200 0.0000000000
119479  5.675  -20.303  65.348 0.0000000000
116379  8.238  -17.225  67.271 0.0000000000
59206  7.813  -17.960  67.001 0.0000000000
75385  7.832  1.244  73.648 0.0000000000
75384  8.609  0.726  73.309 0.0000000000
75394  7.814  1.098  72.629 0.0000000000
72919  52.733  -2.578  50.118 0.0000000000
72918  53.552  -2.642  50.152 0.0000000000
58067  20.033  -19.129  82.273 0.0000000000
58066  20.597  -19.034  81.395 0.0000000000
58070  20.109  -18.660  80.470 0.0000000000
135010  21.968  -17.777  77.982 0.0000000000
59025  20.986  -18.024  78.305 0.0000000000
59038  20.973  -17.911  77.243 0.0000000000
59053  19.585  -17.478  76.238 0.0000000000
59068  19.449  -17.394  75.353 0.0000000000
59090  19.589  -17.474  74.475 0.0000000000
124177  27.211  -17.716  75.763 0.0000000000
59062  26.925  -17.362  75.701 0.0000000000
119829  25.649  -17.157  73.917 0.0000000000
59103  24.792  -17.293  73.160 0.0000000000
59135  21.428  -17.850  71.185 0.0000000000
117151  20.796  -18.032  71.828 0.0000000000
59136  19.249  -17.812  71.251 0.0000000000
59150  18.434  -17.701  70.567 0.0000000000
59164  18.538  -17.803  69.604 0.0000000000
60197  20.603  -16.221  66.370 0.0000000000
61168  19.987  -15.454  65.998 0.0000000000
62968  19.866  -13.489  65.410 0.0000000000
63843  20.876  -12.903  64.647 0.0000000000
45381  13.654  -32.560  85.626 0.0000000000
124670  13.412  -31.817  85.809 0.0000000000
141133  14.160  -31.764  85.754 0.0000000000
47286  14.540  -30.651  85.363 0.0000000000
47341  13.322  -30.588  80.280 0.0000000000
47342  12.525  -30.393  79.956 0.0000000000
47352  11.659  -30.054  79.607 0.0000000000
48216  10.857  -29.619  79.146 0.0000000000
49094  10.831  -28.262  76.837 0.0000000000
128357  15.533  -30.489  74.097 0.0000000000
47402  14.815  -30.183  74.566 0.0000000000
47416  15.055  -29.950  73.831 0.0000000000
48279  14.738  -29.354  73.655 0.0000000000
49132  14.479  -28.608  73.450 0.0000000000
53795  15.507  -23.765  74.001 0.0000000000
52829  14.997  -23.963  74.381 0.0000000000
51894  14.163  -25.300  74.555 0.0000000000
51884  13.692  -25.259  75.211 0.0000000000
52819  13.982  -24.754  76.049 0.0000000000
52806  14.460  -24.602  76.646 0.0000000000
52795  15.000  -24.425  77.134 0.0000000000
135484  15.909  -23.478  76.863 0.0000000000
54650  17.426  -22.902  78.091 0.0000000000
55485  20.661  -21.546  79.720 0.0000000000
55474  20.919  -21.465  80.760 0.0000000000
127289  21.857  -21.765  81.628 0.0000000000
55465  22.183  -22.232  82.528 0.0000000000
55459  21.887  -22.319  83.102 0.0000000000
55458  23.061  -21.866  82.919 0.0000000000
57184  22.930  -20.673  83.066 0.0000000000
115964  20.882  -37.725  78.145 0.0000000000
134986  23.533  -38.249  79.401 0.0000000000
40278  21.072  -38.092  82.247 0.0000000000
39273  21.091  -38.885  82.268 0.0000000000
38331  20.798  -39.345  82.007 0.0000000000
38332  19.921  -39.525  81.979 0.0000000000
38333  19.104  -39.668  81.870 0.0000000000
39263  18.358  -38.988  82.925 0.0000000000
44309  17.477  -33.336  84.493 0.0000000000
137700  17.258  -34.780  84.645 0.0000000000
44303  16.660  -33.405  84.909 0.0000000000
43216  16.248  -34.055  85.031 0.0000000000
43217  15.247  -34.322  85.075 0.0000000000
44305  14.872  -33.371  85.334 0.0000000000
44306  14.009  -33.292  85.456 0.0000000000
130801  32.875  -24.330  78.831 0.0000000000
51851  32.699  -25.366  79.889 0.0000000000
141204  29.718  -28.027  82.203 0.0000000000
48179  30.558  -28.687  81.778 0.0000000000
120860  30.724  -29.725  81.557 0.0000000000
46432  31.120  -30.678  80.801 0.0000000000
46444  31.463  -31.601  80.392 0.0000000000
45428  31.067  -32.348  80.510 0.0000000000
129246  30.840  -33.945  80.423 0.0000000000
121757  25.830  -29.316  81.935 0.0000000000
48184  26.507  -29.561  82.066 0.0000000000
48171  25.686  -29.604  82.551 0.0000000000
46420  25.745  -30.795  82.489 0.0000000000
46436  26.206  -31.896  82.057 0.0000000000
62975  21.258  -13.435  64.462 0.0000000000
59244  23.383  -17.385  63.527 0.0000000000
58226  23.529  -18.300  63.064 0.0000000000
58245  23.972  -18.421  62.197 0.0000000000
58265  24.462  -18.206  61.684 0.0000000000
57362  24.944  -19.643  61.944 0.0000000000
54765  23.757  -23.064  67.810 0.0000000000
54780  23.683  -22.376  67.331 0.0000000000
119803  24.153  -22.810  67.308 0.0000000000
54764  24.860  -22.934  67.078 0.0000000000
52908  27.504  -24.075  68.645 0.0000000000
54754  27.677  -23.344  68.105 0.0000000000
54776  27.304  -22.235  66.838 0.0000000000
55617  28.204  -22.036  67.011 0.0000000000
54760  28.832  -22.428  67.502 0.0000000000
55616  29.088  -21.845  67.040 0.0000000000
55608  29.741  -22.012  67.638 0.0000000000
124026  30.424  -22.943  70.168 0.0000000000
51889  31.291  -25.201  75.059 0.0000000000
52835  31.706  -24.644  73.729 0.0000000000
52813  31.880  -24.683  75.490 0.0000000000
52812  32.465  -24.218  74.967 0.0000000000
53769  33.016  -23.643  75.407 0.0000000000
52803  32.518  -24.089  75.982 0.0000000000
81574  1.903  7.366  75.159 0.0000000000
128807  6.246  4.865  77.079 0.0000000000
79936  5.927  4.908  76.041 0.0000000000
79943  6.187  5.678  75.525 0.0000000000
81580  6.142  7.853  74.663 0.0000000000
119358  4.922  -22.003  76.180 0.0000000000
55529  4.381  -21.232  76.147 0.0000000000
58094  2.811  -18.307  77.714 0.0000000000
58107  1.992  -18.840  77.016 0.0000000000
57218  1.241  -19.499  76.645 0.0000000000
58108  0.830  -18.840  77.074 0.0000000000
58096  0.450  -18.290  77.628 0.0000000000
63687  5.383  -11.922  83.717 0.0000000000
63697  4.866  -12.788  83.429 0.0000000000
62836  3.792  -13.140  83.781 0.0000000000
62837  2.513  -13.562  84.074 0.0000000000
63704  1.658  -12.570  82.480 0.0000000000
62846  1.211  -13.144  83.190 0.0000000000
62853  1.593  -13.465  82.128 0.0000000000
61045  0.477  -15.425  80.704 0.0000000000
120202  0.330  -15.588  79.582 0.0000000000
61044  1.200  -15.070  79.703 0.0000000000
126900  1.050  -15.253  78.672 0.0000000000
61058  1.624  -15.370  77.641 0.0000000000
134220  2.011  -15.439  76.937 0.0000000000
61993  2.377  -14.850  78.210 0.0000000000
61992  3.288  -14.494  77.722 0.0000000000
62884  3.800  -13.765  77.990 0.0000000000
137843  4.510  -10.035  78.610 0.0000000000
65434  4.843  -10.200  77.967 0.0000000000
65433  5.345  -10.799  77.322 0.0000000000
64609  5.745  -11.530  76.823 0.0000000000
63739  6.228  -11.935  76.155 0.0000000000
65443  5.500  -10.595  76.421 0.0000000000
65444  5.067  -9.966  75.996 0.0000000000
66354  3.601  -9.240  75.137 0.0000000000
116958  4.645  -6.013  77.089 0.0000000000
69959  5.436  -6.245  76.485 0.0000000000
69024  6.141  -6.304  75.785 0.0000000000
69978  6.679  -6.176  75.129 0.0000000000
70959  7.719  -5.008  75.777 0.0000000000
70952  8.518  -4.485  76.242 0.0000000000
123480  6.446  -2.409  83.455 0.0000000000
73522  7.004  -1.749  83.334 0.0000000000
74354  7.309  -0.888  83.103 0.0000000000
74365  7.636  -0.672  82.309 0.0000000000
140221  6.103  1.109  80.179 0.0000000000
75328  6.544  0.846  80.609 0.0000000000
119214  6.683  0.749  80.191 0.0000000000
75337  6.915  0.716  79.777 0.0000000000
74399  9.170  0.134  78.179 0.0000000000
75344  8.389  0.783  78.439 0.0000000000
75353  8.589  1.465  77.551 0.0000000000
76298  8.573  1.585  76.824 0.0000000000
76309  8.340  1.217  76.078 0.0000000000
117820  5.845  1.811  76.149 0.0000000000
140824  1.221  1.333  75.712 0.0000000000
76326  2.019  1.281  75.597 0.0000000000
76352  1.159  1.661  74.577 0.0000000000
77292  1.126  1.923  73.859 0.0000000000
77300  1.307  2.532  73.081 0.0000000000
67401  39.220  -8.504  63.078 0.0000000000
140832  39.701  -8.773  62.776 0.0000000000
67400  40.114  -8.364  62.974 0.0000000000
67399  40.991  -8.515  62.849 0.0000000000
65585  43.754  -10.498  64.339 0.0000000000
66516  43.933  -9.716  63.956 0.0000000000
67397  44.071  -7.992  63.681 0.0000000000
68227  44.808  -7.533  63.859 0.0000000000
63775  47.099  -12.411  70.237 0.0000000000
139142  46.756  -10.933  70.031 0.0000000000
64627  47.028  -11.141  70.098 0.0000000000
65531  47.707  -10.798  68.964 0.0000000000
65542  48.301  -10.402  68.301 0.0000000000
67358  50.303  -8.497  66.764 0.0000000000
67359  49.445  -8.573  66.872 0.0000000000
68209  48.671  -7.734  65.640 0.0000000000
129378  47.368  -6.953  65.229 0.0000000000
69130  47.766  -6.101  65.491 0.0000000000
70095  48.083  -5.069  65.784 0.0000000000
71076  47.213  -4.348  65.098 0.0000000000
71084  47.605  -3.591  64.996 0.0000000000
71978  48.459  -2.550  65.959 0.0000000000
71977  49.205  -1.635  65.668 0.0000000000
71099  49.160  -3.545  64.416 0.0000000000
67437  51.289  -8.581  59.965 0.0000000000
67442  51.374  -8.697  59.157 0.0000000000
66572  50.675  -9.704  57.505 0.0000000000
66573  50.038  -10.590  57.265 0.0000000000
60027  18.361  -16.226  80.992 0.0000000000
61022  18.681  -15.385  81.777 0.0000000000
49941  0.948  -27.617  86.150 0.0000000000
49039  1.193  -28.595  84.868 0.0000000000
49944  1.291  -27.569  85.084 0.0000000000
49947  2.203  -27.272  84.117 0.0000000000
50867  2.563  -26.746  83.216 0.0000000000
51838  2.670  -25.595  82.927 0.0000000000
52762  3.033  -25.326  82.432 0.0000000000
47288  12.918  -30.275  86.081 0.0000000000
47289  12.086  -30.328  86.287 0.0000000000
123584  12.346  -29.732  86.211 0.0000000000
128804  11.730  -29.648  86.481 0.0000000000
49942  9.395  -27.722  84.247 0.0000000000
138283  9.180  -27.120  87.485 0.0000000000
50847  9.257  -26.932  87.050 0.0000000000
50856  8.507  -26.387  86.438 0.0000000000
50857  7.922  -25.830  86.455 0.0000000000
128643  13.188  -23.208  80.249 0.0000000000
53726  12.302  -23.262  80.135 0.0000000000
53715  12.181  -23.001  81.040 0.0000000000
55461  10.643  -21.274  82.653 0.0000000000
54619  10.813  -22.156  82.469 0.0000000000
54609  10.363  -21.599  83.032 0.0000000000
136984  7.845  -22.789  84.635 0.0000000000
53695  7.755  -22.255  85.892 0.0000000000
122086  7.022  -22.226  86.977 0.0000000000
53687  6.492  -22.351  86.817 0.0000000000
54595  6.806  -21.628  87.039 0.0000000000
55445  6.660  -20.950  86.647 0.0000000000
55448  6.426  -20.778  85.872 0.0000000000
55483  7.820  -21.599  80.813 0.0000000000
55471  7.657  -20.917  81.783 0.0000000000
54631  6.752  -22.786  80.033 0.0000000000
54638  6.619  -23.107  79.349 0.0000000000
54646  6.794  -23.149  78.621 0.0000000000
121666  8.942  -18.523  74.500 0.0000000000
57247  8.626  -19.449  74.607 0.0000000000
59094  8.901  -17.753  74.721 0.0000000000
58130  8.236  -18.065  74.820 0.0000000000
60080  8.012  -16.891  75.843 0.0000000000
60068  7.599  -16.548  76.633 0.0000000000
119684  8.357  -16.259  76.286 0.0000000000
61054  8.430  -15.366  77.165 0.0000000000
61989  8.177  -14.831  77.849 0.0000000000
61049  13.794  -15.231  78.391 0.0000000000
61053  13.506  -15.583  77.433 0.0000000000
61979  13.317  -14.464  78.310 0.0000000000
62869  12.779  -13.683  78.148 0.0000000000
65394  12.749  -10.242  80.072 0.0000000000
65408  12.651  -11.092  79.591 0.0000000000
65409  11.920  -10.536  79.831 0.0000000000
138388  11.157  -10.949  79.688 0.0000000000
64593  10.583  -11.280  79.435 0.0000000000
139770  9.796  -11.818  78.931 0.0000000000
65410  10.422  -10.761  79.895 0.0000000000
65411  9.799  -10.722  80.203 0.0000000000
65397  9.431  -10.442  80.866 0.0000000000
123635  9.146  -10.216  81.746 0.0000000000
65379  9.625  -9.856  82.580 0.0000000000
66259  10.511  -9.118  84.545 0.0000000000
68944  12.455  -6.707  83.543 0.0000000000
141011  11.583  -6.046  81.945 0.0000000000
70910  10.796  -4.338  81.679 0.0000000000
70909  11.532  -4.586  81.227 0.0000000000
71806  11.198  -3.717  80.936 0.0000000000
127856  34.764  -27.112  79.266 0.0000000000
49964  35.306  -27.039  78.563 0.0000000000
49063  34.831  -28.348  78.221 0.0000000000
48220  34.496  -28.735  77.897 0.0000000000
48234  34.055  -29.416  77.690 0.0000000000
63855  22.544  -12.407  63.110 0.0000000000
64702  22.976  -11.502  63.195 0.0000000000
64700  24.339  -11.117  62.889 0.0000000000
63025  26.841  -13.706  60.751 0.0000000000
63888  26.270  -12.462  61.669 0.0000000000
137973  26.515  -11.096  63.288 0.0000000000
64697  27.172  -11.054  63.261 0.0000000000
65630  27.899  -11.103  62.847 0.0000000000
65629  28.739  -10.861  62.707 0.0000000000
59242  30.482  -17.077  63.908 0.0000000000
60233  31.040  -16.473  63.474 0.0000000000
61193  31.183  -16.073  62.745 0.0000000000
62995  32.776  -13.725  62.021 0.0000000000
62107  31.992  -13.981  61.803 0.0000000000
63005  32.213  -13.199  61.579 0.0000000000
63883  31.538  -12.671  61.343 0.0000000000
136425  31.047  -10.977  61.463 0.0000000000
65638  30.393  -10.788  61.670 0.0000000000
66549  30.800  -9.557  62.820 0.0000000000
135393  31.009  -8.961  64.174 0.0000000000
66533  31.308  -9.105  63.412 0.0000000000
66532  32.232  -8.923  63.083 0.0000000000
66545  34.232  -9.444  62.432 0.0000000000
65623  34.922  -10.002  62.139 0.0000000000
124325  34.978  -9.225  62.700 0.0000000000
123015  35.016  -8.626  63.259 0.0000000000
67405  35.682  -8.201  63.551 0.0000000000
67404  36.569  -8.315  63.317 0.0000000000
67403  37.475  -8.430  63.291 0.0000000000
123850  37.377  -9.524  62.594 0.0000000000
63829  38.655  -12.430  65.659 0.0000000000
121584  40.071  -12.369  66.165 0.0000000000
63802  40.416  -12.488  67.689 0.0000000000
61100  37.049  -15.302  71.846 0.0000000000
62028  36.871  -14.789  70.999 0.0000000000
62027  37.659  -14.615  71.600 0.0000000000
62018  38.257  -14.160  72.418 0.0000000000
61083  40.072  -15.176  73.650 0.0000000000
62008  39.781  -14.318  73.684 0.0000000000
62903  40.287  -13.586  73.349 0.0000000000
63752  40.921  -12.947  73.078 0.0000000000
63760  41.036  -12.481  72.603 0.0000000000
62902  41.756  -12.845  73.154 0.0000000000
62901  42.576  -12.345  73.376 0.0000000000
62911  43.063  -12.747  73.306 0.0000000000
61108  41.940  -15.831  71.140 0.0000000000
76259  10.335  1.181  80.938 0.0000000000
76272  11.094  1.987  81.023 0.0000000000
77248  10.985  2.876  81.227 0.0000000000
51870  3.827  -25.100  77.422 0.0000000000
51876  5.039  -26.027  76.225 0.0000000000
51910  6.134  -25.367  73.626 0.0000000000
51896  6.270  -25.793  74.167 0.0000000000
50944  6.537  -26.097  73.523 0.0000000000
55584  3.452  -21.397  70.806 0.0000000000
55583  4.197  -21.815  70.512 0.0000000000
137822  4.872  -23.730  69.411 0.0000000000
66388  1.495  -9.670  72.623 0.0000000000
117737  2.717  -9.870  72.452 0.0000000000
66389  0.972  -9.581  72.039 0.0000000000
67317  0.633  -9.162  71.385 0.0000000000
69084  2.916  -6.495  70.464 0.0000000000
69102  2.405  -6.729  69.701 0.0000000000
66477  0.795  -9.363  68.033 0.0000000000
68193  0.836  -7.996  68.403 0.0000000000
69115  1.605  -7.013  68.227 0.0000000000
69116  1.053  -7.132  67.393 0.0000000000
72772  10.436  -2.253  70.978 0.0000000000
71877  10.394  -2.982  71.244 0.0000000000
71028  9.641  -4.668  69.195 0.0000000000
70087  40.114  -5.528  67.175 0.0000000000
70067  40.738  -4.506  67.788 0.0000000000
71041  41.313  -3.324  68.130 0.0000000000
71957  39.101  -3.362  65.976 0.0000000000
71930  40.026  -2.671  66.886 0.0000000000
78381  57.535  4.785  51.399 0.0000000000
78380  57.819  4.540  50.569 0.0000000000
78392  58.177  4.644  49.873 0.0000000000
78405  58.595  4.793  49.218 0.0000000000
122057  58.904  5.034  48.392 0.0000000000
77523  59.571  2.841  47.982 0.0000000000
70187  53.860  -4.754  58.490 0.0000000000
70197  53.702  -4.801  57.269 0.0000000000
71148  54.869  -4.532  58.183 0.0000000000
71156  54.620  -4.349  57.114 0.0000000000
71155  55.716  -3.952  56.996 0.0000000000
69257  56.323  -6.214  55.880 0.0000000000
69238  57.367  -5.221  56.641 0.0000000000
70210  57.992  -4.806  55.976 0.0000000000
137137  58.286  -3.889  55.634 0.0000000000
72037  58.043  -3.653  55.255 0.0000000000
72048  57.708  -3.424  54.160 0.0000000000
72059  58.441  -3.437  53.470 0.0000000000
71221  56.434  -4.907  50.643 0.0000000000
122976  58.331  -4.163  51.481 0.0000000000
72071  60.173  -3.269  51.189 0.0000000000
73742  59.442  -1.314  50.895 0.0000000000
72913  60.170  -2.631  50.593 0.0000000000
72926  59.778  -2.746  49.783 0.0000000000
119933  60.170  -2.161  49.274 0.0000000000
125951  59.595  -1.812  46.224 0.0000000000
74673  59.618  -0.846  46.024 0.0000000000
127211  59.449  -1.723  45.353 0.0000000000
53791  23.013  -23.554  74.708 0.0000000000
54682  23.669  -22.868  74.842 0.0000000000
53770  25.065  -23.366  75.813 0.0000000000
52815  24.361  -24.512  76.504 0.0000000000
53790  25.536  -23.070  74.728 0.0000000000
53805  25.171  -23.255  73.335 0.0000000000
53806  24.244  -23.465  72.293 0.0000000000
46514  19.346  -30.598  73.770 0.0000000000
48275  19.899  -29.212  73.423 0.0000000000
50928  20.691  -26.903  74.209 0.0000000000
124690  20.178  -27.045  73.557 0.0000000000
51907  20.874  -25.540  73.425 0.0000000000
46502  20.818  -31.289  74.860 0.0000000000
117498  25.034  -28.471  76.077 0.0000000000
49089  24.633  -28.621  76.675 0.0000000000
49069  22.798  -28.832  78.006 0.0000000000
48227  22.690  -29.041  78.053 0.0000000000
47367  22.352  -30.036  77.246 0.0000000000
51918  24.668  -25.210  73.244 0.0000000000
50926  24.644  -26.232  75.439 0.0000000000
131171  24.679  -27.020  74.670 0.0000000000
77203  6.193  2.961  86.327 0.0000000000
78094  6.212  4.456  85.486 0.0000000000
78098  7.760  4.487  83.997 0.0000000000
78092  7.967  3.297  84.145 0.0000000000
117683  8.892  5.175  80.050 0.0000000000
137284  10.043  -6.394  84.215 0.0000000000
70881  8.974  -3.887  84.476 0.0000000000
71781  9.224  -3.458  85.348 0.0000000000
70867  8.955  -3.851  85.891 0.0000000000
136020  7.963  -4.694  87.146 0.0000000000
71770  6.182  -3.914  87.303 0.0000000000
71771  4.658  -4.200  87.378 0.0000000000
127232  5.863  -2.231  87.661 0.0000000000
73502  5.623  -1.378  87.730 0.0000000000
74330  6.732  -0.872  87.625 0.0000000000
75272  5.827  0.434  87.440 0.0000000000
61145  44.414  -16.342  68.149 0.0000000000
118352  8.198  -35.332  82.694 0.0000000000
44336  8.332  -33.613  81.730 0.0000000000
54616  18.274  -22.411  81.500 0.0000000000
54617  17.415  -22.588  81.153 0.0000000000
55466  18.106  -21.769  81.957 0.0000000000
56335  17.566  -20.745  81.574 0.0000000000
57191  17.395  -19.844  81.881 0.0000000000
57188  16.912  -19.147  82.207 0.0000000000
58068  16.489  -18.531  81.775 0.0000000000
59006  16.150  -17.787  82.227 0.0000000000
60019  16.221  -17.081  84.102 0.0000000000
60013  16.146  -15.941  85.158 0.0000000000
60012  16.815  -16.369  85.394 0.0000000000
61008  16.470  -15.689  85.742 0.0000000000
61943  16.207  -15.045  85.883 0.0000000000
53767  36.506  -23.595  75.592 0.0000000000
51888  36.457  -25.144  74.849 0.0000000000
50911  36.222  -26.628  74.777 0.0000000000
50006  36.027  -27.420  74.791 0.0000000000
49995  35.845  -27.893  75.576 0.0000000000
55570  33.151  -21.788  72.236 0.0000000000
56421  32.892  -20.758  71.277 0.0000000000
55569  33.582  -21.430  72.714 0.0000000000
56388  34.125  -21.011  74.090 0.0000000000
57253  33.988  -19.971  73.142 0.0000000000
57252  34.592  -19.545  73.651 0.0000000000
58135  35.655  -18.509  74.157 0.0000000000
57251  35.151  -19.158  74.145 0.0000000000
55514  36.581  -20.472  76.418 0.0000000000
56354  36.796  -19.909  76.435 0.0000000000
61081  5.272  -15.406  74.406 0.0000000000
117964  4.881  -16.329  73.025 0.0000000000
61090  5.499  -15.754  73.552 0.0000000000
60111  5.710  -15.945  72.706 0.0000000000
60124  5.825  -15.967  71.836 0.0000000000
61096  6.386  -15.446  72.326 0.0000000000
60138  5.319  -16.504  70.391 0.0000000000
60153  5.584  -16.721  69.593 0.0000000000
140138  5.477  -17.462  68.660 0.0000000000
59181  5.791  -17.570  68.135 0.0000000000
58195  5.614  -18.507  67.148 0.0000000000
59180  6.399  -17.115  68.272 0.0000000000
59179  7.012  -16.902  68.010 0.0000000000
60163  7.368  -16.304  68.346 0.0000000000
61126  7.322  -15.239  69.363 0.0000000000
135417  8.056  -16.165  68.111 0.0000000000
61140  8.602  -15.701  68.116 0.0000000000
64625  8.506  -11.534  70.743 0.0000000000
65529  8.788  -11.022  70.045 0.0000000000
138585  8.383  -9.915  70.386 0.0000000000
132785  7.086  -9.237  70.586 0.0000000000
66440  5.274  -9.148  69.975 0.0000000000
79339  60.547  5.292  40.461 0.0000000000
122491  60.634  4.328  40.023 0.0000000000
134055  60.502  3.582  39.677 0.0000000000
78473  60.120  2.786  39.680 0.0000000000
57193  22.952  -19.261  80.195 0.0000000000
140909  24.078  -18.825  79.518 0.0000000000
58079  23.773  -18.443  79.261 0.0000000000
59037  22.600  -17.683  77.456 0.0000000000
132756  22.509  -17.705  75.761 0.0000000000
59131  26.132  -16.980  71.181 0.0000000000
59132  25.854  -16.732  71.721 0.0000000000
59145  25.780  -16.733  70.402 0.0000000000
60132  25.285  -16.249  70.243 0.0000000000
60133  24.413  -16.272  70.160 0.0000000000
60134  23.423  -16.630  69.725 0.0000000000
135602  22.039  -17.452  69.306 0.0000000000
59161  21.479  -17.879  68.723 0.0000000000
60174  23.099  -16.173  67.156 0.0000000000
135366  22.148  -16.374  66.750 0.0000000000
60196  21.697  -16.032  66.286 0.0000000000
46408  16.067  -31.416  83.974 0.0000000000
46409  15.320  -30.972  83.839 0.0000000000
123688  15.649  -31.337  83.169 0.0000000000
46440  14.922  -31.020  81.832 0.0000000000
46446  15.313  -31.536  80.637 0.0000000000
46447  14.663  -31.061  80.937 0.0000000000
46448  14.077  -30.870  80.194 0.0000000000
47350  13.537  -30.704  79.603 0.0000000000
47360  13.142  -30.592  78.314 0.0000000000
47369  12.758  -30.129  77.579 0.0000000000
51923  16.698  -25.594  72.252 0.0000000000
127466  16.081  -26.048  72.158 0.0000000000
52858  16.618  -24.735  72.668 0.0000000000
54683  18.165  -22.147  74.059 0.0000000000
133412  17.057  -23.026  73.625 0.0000000000
53794  16.225  -23.166  74.060 0.0000000000
54685  16.727  -22.673  74.806 0.0000000000
54659  17.228  -22.688  76.398 0.0000000000
55519  18.565  -21.910  76.989 0.0000000000
118662  20.029  -21.744  78.235 0.0000000000
55495  20.692  -21.429  78.803 0.0000000000
55484  21.419  -20.915  79.471 0.0000000000
56346  22.534  -20.486  80.388 0.0000000000
42222  20.843  -35.640  78.883 0.0000000000
41255  21.336  -36.412  79.288 0.0000000000
41243  20.712  -36.137  79.824 0.0000000000
132933  20.625  -36.613  80.858 0.0000000000
41237  20.120  -36.465  81.430 0.0000000000
41234  20.053  -36.784  82.397 0.0000000000
41230  19.569  -36.812  83.362 0.0000000000
41231  18.959  -36.677  83.990 0.0000000000
42185  19.105  -35.924  83.485 0.0000000000
42186  18.822  -35.054  83.691 0.0000000000
43227  18.479  -34.296  84.022 0.0000000000
43231  18.333  -33.804  82.632 0.0000000000
44312  18.330  -33.676  83.534 0.0000000000
44308  18.094  -33.711  84.213 0.0000000000
45384  17.197  -32.505  84.092 0.0000000000
46398  16.524  -31.972  84.216 0.0000000000
138409  31.439  -25.579  79.177 0.0000000000
50889  31.227  -25.787  78.575 0.0000000000
50883  30.537  -26.165  80.063 0.0000000000
49959  29.913  -26.888  81.198 0.0000000000
50873  29.947  -26.686  80.649 0.0000000000
49951  29.395  -27.333  81.975 0.0000000000
48180  29.700  -28.800  82.160 0.0000000000
46454  24.955  -31.750  80.157 0.0000000000
45430  25.639  -32.418  80.707 0.0000000000
45438  25.577  -32.459  79.536 0.0000000000
44362  26.134  -33.188  78.861 0.0000000000
44361  26.488  -34.143  78.855 0.0000000000
43280  25.129  -34.654  77.148 0.0000000000
43279  25.757  -34.627  77.637 0.0000000000
61177  22.712  -15.274  64.754 0.0000000000
60211  23.220  -15.967  64.674 0.0000000000
59231  23.382  -16.924  64.541 0.0000000000
59216  23.472  -17.187  65.357 0.0000000000
51950  26.073  -25.973  70.170 0.0000000000
52894  25.864  -24.947  69.178 0.0000000000
51964  26.443  -25.411  69.640 0.0000000000
130187  26.942  -25.817  70.195 0.0000000000
51963  27.351  -25.249  69.749 0.0000000000
52880  28.227  -25.059  70.025 0.0000000000
52879  29.065  -24.667  70.517 0.0000000000
140244  29.693  -24.555  71.171 0.0000000000
52878  29.776  -24.069  70.600 0.0000000000
127793  30.102  -24.768  71.935 0.0000000000
50912  30.305  -26.086  75.249 0.0000000000
51890  30.715  -25.730  74.672 0.0000000000
79948  1.885  4.638  74.956 0.0000000000
79947  1.971  5.580  74.862 0.0000000000
129878  2.090  6.362  75.054 0.0000000000
79946  2.599  5.350  75.053 0.0000000000
81573  2.706  7.554  75.172 0.0000000000
134703  2.821  8.733  75.497 0.0000000000
129534  7.369  7.753  75.595 0.0000000000
82400  6.919  8.058  74.934 0.0000000000
126103  6.964  10.259  75.354 0.0000000000
84857  5.675  11.916  77.189 0.0000000000
84856  6.722  12.068  77.324 0.0000000000
85727  5.821  12.356  77.762 0.0000000000
58104  5.583  -18.278  76.375 0.0000000000
57214  5.225  -19.143  76.031 0.0000000000
58092  5.079  -17.901  76.964 0.0000000000
118101  4.581  -17.519  78.075 0.0000000000
60051  4.789  -16.712  79.047 0.0000000000
59031  4.153  -17.275  78.814 0.0000000000
59020  3.334  -17.386  79.766 0.0000000000
136074  2.696  -17.591  80.189 0.0000000000
59021  1.876  -17.874  80.533 0.0000000000
66275  4.014  -9.888  83.491 0.0000000000
65352  2.552  -10.459  84.903 0.0000000000
65363  2.672  -9.770  84.470 0.0000000000
65353  1.931  -10.187  84.629 0.0000000000
136566  1.644  -10.790  83.815 0.0000000000
67222  2.478  -9.105  82.308 0.0000000000
64579  1.735  -11.578  82.882 0.0000000000
63703  2.551  -12.009  81.623 0.0000000000
63711  3.350  -12.291  80.737 0.0000000000
63720  3.839  -12.615  79.947 0.0000000000
65412  4.201  -10.569  79.764 0.0000000000
66308  1.605  -8.747  80.401 0.0000000000
66318  2.644  -9.386  79.875 0.0000000000
66317  4.024  -9.866  79.265 0.0000000000
66326  3.260  -9.162  78.795 0.0000000000
67259  2.425  -8.558  78.308 0.0000000000
67260  1.568  -8.014  77.850 0.0000000000
67261  1.214  -7.577  77.335 0.0000000000
129215  1.187  -6.979  77.359 0.0000000000
69017  1.806  -6.353  77.362 0.0000000000
69015  3.654  -5.872  77.658 0.0000000000
75287  5.415  0.986  85.090 0.0000000000
75286  6.203  0.314  84.302 0.0000000000
76235  6.010  1.282  84.147 0.0000000000
76241  6.294  1.640  83.153 0.0000000000
76250  6.450  1.631  82.073 0.0000000000
76251  5.600  2.064  81.833 0.0000000000
76261  6.129  1.357  81.218 0.0000000000
75329  5.480  1.301  80.041 0.0000000000
75347  5.488  1.371  79.571 0.0000000000
76289  4.937  1.436  78.854 0.0000000000
76302  3.336  1.536  77.507 0.0000000000
129290  1.645  1.797  78.808 0.0000000000
76303  1.869  1.574  77.707 0.0000000000
140436  1.601  1.531  77.011 0.0000000000
78155  1.025  2.971  75.523 0.0000000000
64692  41.344  -11.320  63.664 0.0000000000
64691  42.094  -11.019  63.891 0.0000000000
65586  42.930  -10.827  64.015 0.0000000000
64666  43.544  -11.519  65.629 0.0000000000
139802  44.224  -10.530  64.783 0.0000000000
65583  45.193  -10.269  65.014 0.0000000000
66499  45.969  -10.069  65.212 0.0000000000
63797  48.885  -12.541  67.347 0.0000000000
64645  49.234  -11.676  67.910 0.0000000000
64644  49.746  -11.124  67.400 0.0000000000
65553  50.405  -9.599  67.277 0.0000000000
65567  50.003  -10.986  65.772 0.0000000000
66479  50.382  -8.938  67.160 0.0000000000
68200  50.807  -7.996  66.165 0.0000000000
68208  50.266  -7.654  65.316 0.0000000000
68224  49.925  -7.275  64.591 0.0000000000
69136  51.033  -6.800  63.911 0.0000000000
67383  51.113  -7.461  64.172 0.0000000000
68260  52.318  -7.109  62.031 0.0000000000
68259  52.813  -6.715  61.589 0.0000000000
67426  51.793  -7.748  61.501 0.0000000000
67432  51.111  -8.355  60.881 0.0000000000
66552  50.300  -8.814  61.241 0.0000000000
66557  50.458  -8.879  60.302 0.0000000000
129407  49.818  -9.277  59.859 0.0000000000
65643  48.564  -10.427  59.239 0.0000000000
61047  17.407  -15.310  78.409 0.0000000000
132858  16.451  -14.313  76.832 0.0000000000
61984  16.562  -13.599  77.363 0.0000000000
48155  0.765  -29.242  86.380 0.0000000000
48143  1.131  -29.111  87.033 0.0000000000
49032  0.892  -28.463  86.725 0.0000000000
50859  1.333  -26.793  86.181 0.0000000000
51833  1.533  -25.128  85.624 0.0000000000
52754  1.983  -24.298  84.821 0.0000000000
48158  10.981  -28.724  84.242 0.0000000000
48175  9.570  -28.582  82.287 0.0000000000
49041  8.976  -28.055  82.360 0.0000000000
49953  9.121  -27.808  80.823 0.0000000000
49954  8.698  -27.575  81.726 0.0000000000
49948  8.444  -27.415  82.599 0.0000000000
50865  7.919  -26.721  82.969 0.0000000000
51840  7.619  -25.967  82.511 0.0000000000
141025  13.082  -22.480  80.555 0.0000000000
55489  12.787  -21.961  80.123 0.0000000000
55479  11.901  -21.649  80.965 0.0000000000
55469  10.810  -20.913  81.963 0.0000000000
56330  9.894  -20.531  82.594 0.0000000000
56324  8.738  -20.188  84.033 0.0000000000
56338  9.144  -20.164  81.914 0.0000000000
55491  9.504  -21.129  79.341 0.0000000000
127672  8.881  -21.400  79.796 0.0000000000
55492  8.579  -21.709  79.052 0.0000000000
54651  8.543  -22.222  77.435 0.0000000000
55541  9.200  -21.425  75.433 0.0000000000
56397  9.790  -19.920  74.568 0.0000000000
57246  9.413  -19.307  74.442 0.0000000000
60090  10.178  -17.072  74.899 0.0000000000
60078  9.821  -16.291  75.487 0.0000000000
63700  14.399  -12.430  81.590 0.0000000000
63706  14.101  -12.757  80.698 0.0000000000
64581  14.182  -11.920  81.024 0.0000000000
65392  13.870  -11.066  81.010 0.0000000000
65376  13.626  -10.326  81.516 0.0000000000
66295  13.104  -9.914  81.354 0.0000000000
66282  12.218  -9.395  82.387 0.0000000000
66268  11.855  -9.138  83.353 0.0000000000
137758  12.315  -8.374  85.058 0.0000000000
68036  12.949  -7.012  86.382 0.0000000000
68035  13.550  -7.031  86.137 0.0000000000
125111  13.312  -6.840  83.979 0.0000000000
46452  33.569  -31.595  79.047 0.0000000000
46460  33.790  -31.182  78.551 0.0000000000
121469  24.264  -14.465  61.220 0.0000000000
63012  24.551  -13.626  61.288 0.0000000000
62126  24.709  -14.974  60.890 0.0000000000
135920  25.923  -14.040  60.731 0.0000000000
60254  27.013  -16.445  60.765 0.0000000000
61222  26.552  -15.348  60.574 0.0000000000
62125  26.617  -14.610  60.572 0.0000000000
62124  27.575  -14.309  60.583 0.0000000000
63023  28.549  -13.684  60.692 0.0000000000
60209  32.330  -16.204  65.465 0.0000000000
62092  32.801  -14.839  63.064 0.0000000000
63881  33.160  -12.098  61.560 0.0000000000
64724  33.171  -11.388  61.576 0.0000000000
63880  33.996  -11.685  61.746 0.0000000000
64714  34.958  -11.511  62.099 0.0000000000
64713  35.904  -11.292  62.401 0.0000000000
64712  36.703  -11.452  62.575 0.0000000000
63864  36.992  -11.847  62.769 0.0000000000
63831  37.089  -12.723  65.098 0.0000000000
61077  38.498  -15.920  74.637 0.0000000000
60085  38.833  -16.609  74.571 0.0000000000
60084  39.228  -16.050  74.389 0.0000000000
59097  39.354  -17.005  73.373 0.0000000000
60095  40.158  -16.056  73.332 0.0000000000
61099  41.192  -16.163  72.193 0.0000000000
60140  39.372  -16.218  70.017 0.0000000000
53775  1.368  -24.152  76.281 0.0000000000
52821  2.235  -24.376  76.136 0.0000000000
52833  2.949  -24.365  75.221 0.0000000000
117404  1.722  -23.716  74.483 0.0000000000
52847  3.562  -23.798  74.125 0.0000000000
51926  5.965  -24.879  73.001 0.0000000000
52860  6.248  -25.123  72.313 0.0000000000
51938  6.218  -25.440  71.614 0.0000000000
54756  2.166  -21.630  67.724 0.0000000000
122312  3.162  -22.458  68.231 0.0000000000
53864  3.001  -23.456  67.726 0.0000000000
52923  2.498  -24.410  67.339 0.0000000000
69052  3.031  -6.425  73.184 0.0000000000
69062  2.393  -6.825  72.268 0.0000000000
69071  4.062  -6.171  72.096 0.0000000000
70027  4.903  -5.978  71.819 0.0000000000
117879  6.508  -5.859  72.093 0.0000000000
122731  4.268  -6.139  71.339 0.0000000000
70039  5.057  -5.970  70.848 0.0000000000
70038  5.661  -5.814  70.091 0.0000000000
70048  5.417  -5.940  69.403 0.0000000000
71078  43.059  -3.869  65.831 0.0000000000
71077  44.081  -2.749  65.510 0.0000000000
71953  43.930  -2.181  65.496 0.0000000000
71954  43.455  -1.969  65.594 0.0000000000
71980  42.061  -3.199  65.098 0.0000000000
71956  40.343  -2.905  66.080 0.0000000000
71982  38.512  -3.881  65.029 0.0000000000
77468  52.766  1.926  53.170 0.0000000000
78359  56.788  5.262  53.332 0.0000000000
77478  56.011  3.743  51.343 0.0000000000
77487  58.004  3.127  50.415 0.0000000000
76564  59.321  1.792  50.465 0.0000000000
68282  54.766  -6.822  58.595 0.0000000000
69228  55.530  -6.178  58.339 0.0000000000
69240  55.595  -6.451  57.300 0.0000000000
69258  55.535  -6.671  56.221 0.0000000000
68330  54.061  -7.330  55.926 0.0000000000
68329  54.670  -7.040  55.534 0.0000000000
69271  56.063  -6.476  54.795 0.0000000000
69285  56.721  -5.812  54.449 0.0000000000
71225  57.517  -4.385  48.425 0.0000000000
140898  22.627  -20.254  75.956 0.0000000000
57226  23.355  -19.908  76.147 0.0000000000
57225  24.366  -19.512  75.925 0.0000000000
57224  25.538  -19.017  75.956 0.0000000000
58127  27.138  -18.399  75.584 0.0000000000
58126  27.251  -18.124  74.998 0.0000000000
58137  27.079  -17.856  73.995 0.0000000000
58144  26.543  -17.916  72.796 0.0000000000
54681  24.458  -22.286  75.177 0.0000000000
55550  26.226  -21.293  74.918 0.0000000000
55549  26.646  -21.034  74.539 0.0000000000
55571  26.359  -21.641  73.755 0.0000000000
56406  26.863  -21.021  74.100 0.0000000000
56415  26.608  -20.047  73.805 0.0000000000
57265  26.355  -18.720  72.395 0.0000000000
58150  26.343  -17.951  71.624 0.0000000000
58160  25.449  -18.223  70.134 0.0000000000
57291  24.470  -18.540  68.969 0.0000000000
57292  24.100  -18.664  68.297 0.0000000000
44364  16.920  -33.109  78.644 0.0000000000
45454  16.315  -32.520  78.102 0.0000000000
45463  15.917  -32.083  76.704 0.0000000000
46493  15.570  -31.095  75.514 0.0000000000
46506  16.734  -31.466  74.380 0.0000000000
46507  15.961  -31.042  74.590 0.0000000000
47415  15.725  -30.274  73.263 0.0000000000
50045  16.526  -27.782  71.839 0.0000000000
47412  18.555  -30.579  73.046 0.0000000000
48277  18.586  -29.886  72.815 0.0000000000
48290  18.106  -29.185  72.544 0.0000000000
49138  18.023  -28.256  72.350 0.0000000000
50044  17.538  -27.648  72.085 0.0000000000
50958  17.055  -26.891  71.918 0.0000000000
136451  17.304  -25.209  72.309 0.0000000000
52856  18.369  -24.320  72.574 0.0000000000
54707  19.233  -23.105  72.807 0.0000000000
54706  20.161  -22.728  72.751 0.0000000000
54693  20.128  -21.991  73.122 0.0000000000
55564  19.779  -21.698  73.598 0.0000000000
141115  21.974  -20.443  74.983 0.0000000000
115949  22.121  -36.705  75.073 0.0000000000
40331  20.328  -37.159  77.005 0.0000000000
42255  21.420  -35.056  74.666 0.0000000000
41287  20.439  -36.224  76.293 0.0000000000
41279  20.181  -36.226  77.126 0.0000000000
41270  20.753  -35.527  77.852 0.0000000000
131775  21.169  -33.260  75.168 0.0000000000
43295  20.304  -34.042  74.874 0.0000000000
42247  19.911  -34.731  75.808 0.0000000000
42232  20.746  -35.298  78.296 0.0000000000
42228  20.440  -35.015  78.504 0.0000000000
43275  18.845  -34.448  78.452 0.0000000000
44369  18.443  -33.872  77.112 0.0000000000
43282  18.133  -34.155  77.893 0.0000000000
49086  28.596  -28.281  76.781 0.0000000000
49075  28.679  -28.543  77.767 0.0000000000
49066  28.105  -28.950  78.133 0.0000000000
135029  27.553  -29.250  78.466 0.0000000000
48211  26.281  -29.412  79.512 0.0000000000
48185  24.679  -29.112  82.357 0.0000000000
47329  23.974  -29.854  82.598 0.0000000000
47338  23.740  -30.319  81.723 0.0000000000
133241  23.728  -27.713  78.764 0.0000000000
49067  23.236  -27.394  79.603 0.0000000000
48214  22.411  -28.560  79.631 0.0000000000
48201  22.461  -28.421  80.624 0.0000000000
47339  22.818  -29.317  81.269 0.0000000000
130967  24.219  -31.069  80.763 0.0000000000
46461  24.890  -31.893  79.145 0.0000000000
44367  24.817  -33.212  77.515 0.0000000000
42238  22.703  -35.689  75.842 0.0000000000
120753  23.523  -19.839  66.971 0.0000000000
125611  23.252  -22.320  68.994 0.0000000000
118092  23.350  -22.490  68.058 0.0000000000
53821  23.653  -24.111  71.365 0.0000000000
52881  23.764  -24.750  70.594 0.0000000000
51952  24.011  -25.399  71.232 0.0000000000
51966  24.334  -25.455  70.402 0.0000000000
137740  24.803  -25.452  69.810 0.0000000000
51965  25.524  -25.517  69.681 0.0000000000
50978  25.745  -26.487  70.761 0.0000000000
50038  27.318  -27.383  72.717 0.0000000000
50024  26.707  -27.760  73.082 0.0000000000
49127  27.367  -27.704  73.443 0.0000000000
49116  27.933  -28.095  74.984 0.0000000000
49098  28.226  -28.230  75.825 0.0000000000
78121  3.548  4.068  80.876 0.0000000000
118528  4.357  4.292  80.314 0.0000000000
79037  4.592  4.164  79.536 0.0000000000
79043  5.546  4.555  79.158 0.0000000000
79036  5.248  4.636  80.136 0.0000000000
79927  6.480  5.080  77.998 0.0000000000
79934  7.132  5.882  76.603 0.0000000000
79003  6.173  5.833  84.422 0.0000000000
79879  6.571  6.534  82.702 0.0000000000
79886  6.623  6.281  81.944 0.0000000000
79885  7.470  6.083  81.846 0.0000000000
79896  7.285  5.348  80.231 0.0000000000
79918  7.042  5.449  78.482 0.0000000000
80767  7.074  6.486  75.851 0.0000000000
81564  7.429  6.980  75.838 0.0000000000
82398  8.050  8.955  76.180 0.0000000000
81563  8.411  6.980  75.989 0.0000000000
82393  8.654  8.829  76.500 0.0000000000
83199  8.423  9.603  76.194 0.0000000000
84868  8.215  11.064  76.773 0.0000000000
84854  8.510  11.365  77.498 0.0000000000
119402  8.011  12.697  79.132 0.0000000000
62850  6.766  -12.934  81.089 0.0000000000
62851  6.223  -13.343  81.393 0.0000000000
63702  6.507  -12.639  81.764 0.0000000000
63695  6.253  -12.319  82.419 0.0000000000
63686  6.044  -12.001  83.064 0.0000000000
64562  6.781  -10.520  82.792 0.0000000000
64563  6.168  -11.343  83.410 0.0000000000
137406  5.625  -11.145  83.893 0.0000000000
65361  5.186  -10.546  83.716 0.0000000000
66274  5.506  -9.614  82.613 0.0000000000
68931  8.525  -6.532  85.174 0.0000000000
140939  7.591  -6.973  85.243 0.0000000000
68047  7.583  -7.277  84.615 0.0000000000
68962  8.867  -6.493  82.508 0.0000000000
68067  5.252  -7.228  81.652 0.0000000000
68973  6.035  -6.755  81.114 0.0000000000
68980  6.816  -6.389  80.406 0.0000000000
69932  7.364  -6.032  79.835 0.0000000000
137621  8.023  -5.830  79.910 0.0000000000
71808  6.845  -3.847  81.707 0.0000000000
72698  5.967  -3.319  83.110 0.0000000000
72691  4.925  -3.465  84.494 0.0000000000
72690  5.788  -2.689  83.953 0.0000000000
122166  5.304  -2.360  84.651 0.0000000000
73515  5.124  -1.550  85.107 0.0000000000
74340  4.676  -0.534  85.636 0.0000000000
133785  3.320  -2.958  87.347 0.0000000000
139105  3.027  -2.797  87.133 0.0000000000
73503  3.089  -1.139  87.958 0.0000000000
73505  2.509  -1.196  87.493 0.0000000000
73512  2.556  -1.678  87.319 0.0000000000
125270  3.540  -0.674  86.321 0.0000000000
76236  5.125  2.004  84.891 0.0000000000
77210  4.931  2.892  84.487 0.0000000000
77211  3.749  3.802  85.369 0.0000000000
78095  3.899  3.595  84.406 0.0000000000
78099  3.349  3.816  83.479 0.0000000000
78101  2.677  4.506  82.992 0.0000000000
118817  44.628  -10.951  71.541 0.0000000000
63776  44.402  -11.530  69.878 0.0000000000
63767  44.941  -10.958  71.768 0.0000000000
63766  45.578  -11.962  71.195 0.0000000000
62917  46.421  -12.894  70.713 0.0000000000
62925  47.630  -13.112  69.546 0.0000000000
62935  47.843  -13.349  68.699 0.0000000000
61144  45.280  -16.297  67.781 0.0000000000
61127  46.172  -14.975  67.927 0.0000000000
62061  46.710  -14.408  67.556 0.0000000000
62946  47.321  -13.750  68.226 0.0000000000
62945  47.974  -13.446  67.784 0.0000000000
62944  48.420  -13.062  67.381 0.0000000000
63811  48.521  -12.723  66.497 0.0000000000
63821  49.160  -12.307  66.057 0.0000000000
63822  48.278  -12.677  66.188 0.0000000000
64664  48.866  -12.133  65.732 0.0000000000
64674  48.158  -11.524  65.195 0.0000000000
64690  46.695  -11.556  63.445 0.0000000000
118045  5.376  -31.125  83.646 0.0000000000
47302  4.928  -29.878  84.744 0.0000000000
49025  5.046  -28.790  86.500 0.0000000000
52799  11.917  -24.734  77.881 0.0000000000
52788  12.721  -24.220  78.625 0.0000000000
53739  13.379  -23.518  79.495 0.0000000000
55499  14.001  -22.629  79.453 0.0000000000
55487  15.897  -22.460  79.855 0.0000000000
117265  16.466  -21.223  80.156 0.0000000000
55508  14.212  -22.109  78.122 0.0000000000
117785  14.301  -21.555  76.752 0.0000000000
56353  15.950  -20.215  76.573 0.0000000000
56359  15.674  -19.743  75.495 0.0000000000
131790  14.117  -21.080  75.215 0.0000000000
55540  14.358  -20.468  73.870 0.0000000000
131348  14.585  -19.790  73.470 0.0000000000
57228  13.524  -19.685  74.908 0.0000000000
58101  13.358  -18.324  76.421 0.0000000000
60056  14.084  -16.887  77.311 0.0000000000
60055  14.462  -17.026  77.976 0.0000000000
60048  14.148  -16.185  77.949 0.0000000000
61973  14.110  -14.957  80.086 0.0000000000
61967  14.083  -14.536  80.471 0.0000000000
59007  15.612  -17.191  81.614 0.0000000000
131745  15.241  -16.406  81.902 0.0000000000
61023  14.944  -15.623  82.150 0.0000000000
61949  15.283  -14.648  83.769 0.0000000000
61017  14.774  -14.978  82.302 0.0000000000
61954  14.558  -14.482  81.918 0.0000000000
62849  14.379  -14.023  81.499 0.0000000000
123361  14.380  -13.322  81.492 0.0000000000
57271  36.876  -20.086  70.201 0.0000000000
56427  36.793  -20.862  70.470 0.0000000000
54713  36.526  -22.221  71.494 0.0000000000
54727  36.446  -22.442  70.555 0.0000000000
52888  35.895  -24.114  70.128 0.0000000000
128064  36.729  -23.892  73.029 0.0000000000
52848  36.552  -24.589  72.390 0.0000000000
51914  36.558  -25.675  72.495 0.0000000000
51945  36.256  -25.262  71.572 0.0000000000
51946  35.905  -25.784  70.805 0.0000000000
57328  29.219  -19.274  64.721 0.0000000000
58209  29.563  -18.544  64.351 0.0000000000
58208  30.010  -18.062  64.836 0.0000000000
58188  30.704  -18.549  66.419 0.0000000000
58198  30.463  -18.145  65.567 0.0000000000
59215  30.946  -17.507  65.530 0.0000000000
59214  31.436  -17.162  65.830 0.0000000000
123426  32.024  -16.699  66.062 0.0000000000
56428  32.536  -20.420  70.556 0.0000000000
57280  32.481  -19.432  69.565 0.0000000000
57272  33.396  -19.229  70.736 0.0000000000
58165  32.721  -18.709  69.218 0.0000000000
58171  32.373  -18.640  68.594 0.0000000000
58179  32.178  -18.250  68.045 0.0000000000
59198  32.307  -17.304  67.178 0.0000000000
61165  32.785  -16.307  66.174 0.0000000000
61164  33.562  -15.845  66.336 0.0000000000
60156  33.819  -16.758  68.471 0.0000000000
61151  34.026  -15.934  67.184 0.0000000000
61150  34.622  -15.172  67.160 0.0000000000
62064  35.147  -14.474  67.183 0.0000000000
62063  35.594  -14.170  67.806 0.0000000000
136455  35.730  -14.799  69.231 0.0000000000
61101  36.300  -15.418  71.215 0.0000000000
60105  37.354  -15.841  74.021 0.0000000000
58124  37.144  -18.357  75.411 0.0000000000
123617  36.593  -17.390  74.302 0.0000000000
60097  37.797  -16.199  74.693 0.0000000000
60086  38.309  -16.745  74.826 0.0000000000
58134  37.682  -18.806  73.603 0.0000000000
57249  0.947  -19.332  74.034 0.0000000000
58146  1.619  -19.222  73.218 0.0000000000
57261  2.083  -19.476  72.404 0.0000000000
56425  2.525  -20.368  71.454 0.0000000000
58153  2.589  -18.702  71.957 0.0000000000
57269  2.470  -19.601  71.706 0.0000000000
122375  3.090  -20.837  70.453 0.0000000000
60112  3.945  -16.612  72.308 0.0000000000
59140  3.578  -16.917  70.917 0.0000000000
58161  3.873  -18.193  70.314 0.0000000000
59168  4.359  -18.019  69.851 0.0000000000
57276  3.874  -18.894  69.902 0.0000000000
127307  3.451  -19.504  69.689 0.0000000000
122229  2.795  -20.690  68.877 0.0000000000
54767  1.216  -21.840  67.106 0.0000000000
54781  1.013  -22.398  65.926 0.0000000000
137278  0.900  -20.898  66.161 0.0000000000
54794  0.905  -21.989  65.792 0.0000000000
53905  2.226  -23.490  65.744 0.0000000000
52952  2.671  -24.247  65.831 0.0000000000
57320  6.025  -19.718  65.778 0.0000000000
57308  7.535  -19.028  65.944 0.0000000000
72756  10.539  -2.141  73.985 0.0000000000
72762  10.441  -2.631  73.373 0.0000000000
73597  10.570  -1.827  73.207 0.0000000000
74432  10.476  -0.870  73.034 0.0000000000
73603  10.487  -1.601  72.356 0.0000000000
70146  43.770  -5.828  62.207 0.0000000000
70147  43.162  -5.740  62.188 0.0000000000
69168  42.424  -6.190  61.399 0.0000000000
127542  53.004  0.579  50.299 0.0000000000
75576  53.578  0.296  49.853 0.0000000000
74627  54.196  -0.524  49.503 0.0000000000
58998  19.447  -17.894  84.043 0.0000000000
60018  19.685  -16.963  83.856 0.0000000000
59002  19.001  -17.311  82.327 0.0000000000
59005  18.878  -17.759  81.450 0.0000000000
128824  18.605  -16.976  81.516 0.0000000000
60033  18.131  -16.678  80.145 0.0000000000
60039  17.940  -16.634  79.285 0.0000000000
58075  20.817  -18.537  79.860 0.0000000000
59017  18.808  -18.009  79.231 0.0000000000
125736  18.306  -17.477  78.995 0.0000000000
60046  17.681  -16.246  78.481 0.0000000000
60063  17.460  -16.174  76.773 0.0000000000
57210  24.425  -19.179  77.167 0.0000000000
58099  26.166  -18.124  78.213 0.0000000000
59063  26.405  -17.192  76.202 0.0000000000
59065  23.717  -17.542  76.028 0.0000000000
59088  21.957  -17.880  74.956 0.0000000000
59118  25.271  -16.771  72.267 0.0000000000
59104  23.793  -17.697  73.303 0.0000000000
117152  23.087  -17.729  73.024 0.0000000000
117154  22.043  -17.941  74.156 0.0000000000
117153  21.042  -17.849  74.538 0.0000000000
59089  20.200  -17.671  74.269 0.0000000000
139168  19.366  -17.482  73.392 0.0000000000
116524  18.947  -17.433  73.016 0.0000000000
60108  18.381  -16.902  73.283 0.0000000000
60109  17.602  -16.554  72.719 0.0000000000
121060  16.990  -16.821  70.273 0.0000000000
59177  19.623  -18.014  68.330 0.0000000000
60160  19.012  -17.164  67.890 0.0000000000
60177  18.605  -16.264  67.590 0.0000000000
60198  19.706  -16.119  66.632 0.0000000000
61152  18.968  -15.808  66.973 0.0000000000
62950  17.489  -13.943  67.552 0.0000000000
63808  17.967  -13.174  67.430 0.0000000000
46392  13.271  -30.979  85.990 0.0000000000
48144  13.102  -29.715  85.772 0.0000000000
118404  11.837  -29.566  83.495 0.0000000000
128500  12.973  -30.379  82.165 0.0000000000
47323  12.996  -30.246  83.099 0.0000000000
48172  12.375  -29.880  83.303 0.0000000000
48173  11.729  -29.806  82.659 0.0000000000
48189  10.362  -29.322  81.337 0.0000000000
48203  10.078  -28.997  80.026 0.0000000000
48217  10.256  -29.067  79.329 0.0000000000
49070  10.008  -28.455  78.967 0.0000000000
49061  9.640  -28.035  79.468 0.0000000000
49071  9.775  -27.742  78.749 0.0000000000
50891  10.053  -26.513  78.176 0.0000000000
51868  10.659  -26.031  77.692 0.0000000000
124761  15.625  -31.959  78.078 0.0000000000
118626  15.094  -31.503  78.096 0.0000000000
46476  14.459  -31.106  77.654 0.0000000000
47387  14.835  -30.484  75.398 0.0000000000
47376  14.046  -30.713  76.983 0.0000000000
47377  13.370  -30.166  76.734 0.0000000000
47378  12.680  -29.695  76.813 0.0000000000
50959  15.382  -26.577  72.337 0.0000000000
50029  14.511  -27.730  72.942 0.0000000000
50030  14.036  -27.947  73.764 0.0000000000
50929  14.196  -26.130  73.753 0.0000000000
50943  14.060  -27.117  73.622 0.0000000000
141163  13.604  -28.228  74.234 0.0000000000
49105  12.757  -28.828  75.020 0.0000000000
48257  12.380  -29.054  75.559 0.0000000000
48249  12.087  -29.203  76.372 0.0000000000
49093  11.499  -28.558  76.349 0.0000000000
49992  11.254  -27.752  76.205 0.0000000000
50907  11.908  -26.027  75.682 0.0000000000
50908  11.292  -26.753  76.225 0.0000000000
51867  11.297  -25.417  77.321 0.0000000000
52797  13.872  -24.618  77.733 0.0000000000
53749  15.019  -24.035  77.962 0.0000000000
53735  16.119  -23.530  78.701 0.0000000000
53720  17.018  -23.631  79.924 0.0000000000
53713  17.409  -23.430  80.215 0.0000000000
54640  17.855  -23.026  78.882 0.0000000000
54632  19.117  -22.523  79.455 0.0000000000
54633  18.159  -23.079  79.730 0.0000000000
54626  17.933  -23.125  80.483 0.0000000000
134981  18.966  -22.524  82.205 0.0000000000
54607  19.373  -22.727  83.013 0.0000000000
136398  19.440  -22.087  84.051 0.0000000000
55450  21.296  -22.215  83.582 0.0000000000
56321  20.015  -21.543  84.306 0.0000000000
122819  19.563  -20.764  84.216 0.0000000000
58061  19.309  -18.783  84.186 0.0000000000
132559  22.933  -38.350  77.686 0.0000000000
40303  22.050  -37.209  79.658 0.0000000000
40290  22.720  -37.961  79.981 0.0000000000
39285  22.829  -38.685  80.016 0.0000000000
38344  22.215  -39.261  80.822 0.0000000000
38353  22.504  -39.753  80.009 0.0000000000
40248  18.257  -36.990  84.284 0.0000000000
42178  16.857  -35.618  84.407 0.0000000000
53742  35.816  -24.021  78.067 0.0000000000
53730  35.143  -23.843  78.612 0.0000000000
51855  35.311  -24.963  79.157 0.0000000000
51849  34.743  -25.582  79.452 0.0000000000
49965  34.545  -27.828  79.354 0.0000000000
138262  34.286  -28.862  79.392 0.0000000000
47346  33.453  -30.005  79.591 0.0000000000
51852  31.769  -25.512  79.637 0.0000000000
49957  32.419  -27.384  80.580 0.0000000000
49051  31.260  -28.287  81.298 0.0000000000
49050  32.276  -28.325  80.729 0.0000000000
48193  33.013  -29.177  80.360 0.0000000000
47347  33.226  -31.007  79.532 0.0000000000
46453  32.998  -31.816  79.663 0.0000000000
49065  28.727  -28.696  78.749 0.0000000000
123705  28.020  -29.390  81.219 0.0000000000
48183  27.373  -29.586  81.607 0.0000000000
48182  28.290  -29.233  81.331 0.0000000000
47328  28.431  -29.846  81.584 0.0000000000
46434  28.815  -30.868  81.423 0.0000000000
134433  29.074  -31.965  81.004 0.0000000000
44331  28.152  -33.178  81.218 0.0000000000
44330  28.900  -32.918  80.944 0.0000000000
138299  29.457  -32.643  80.815 0.0000000000
44347  29.755  -33.462  80.698 0.0000000000
124464  29.626  -35.332  80.467 0.0000000000
118192  21.000  -10.413  66.028 0.0000000000
63842  21.382  -12.717  64.228 0.0000000000
63856  21.966  -12.552  63.679 0.0000000000
64703  22.283  -11.848  63.591 0.0000000000
62997  22.763  -13.006  62.656 0.0000000000
61195  22.878  -15.195  63.885 0.0000000000
62093  23.084  -15.250  63.122 0.0000000000
117574  23.203  -14.833  62.350 0.0000000000
62113  23.606  -14.719  61.625 0.0000000000
61210  24.063  -15.287  61.216 0.0000000000
60256  25.148  -16.977  61.031 0.0000000000
59275  25.655  -17.689  61.223 0.0000000000
58264  25.161  -18.360  61.461 0.0000000000
58263  26.124  -18.440  61.485 0.0000000000
59274  26.611  -17.761  61.257 0.0000000000
58262  27.085  -18.479  61.588 0.0000000000
57344  28.280  -19.694  63.368 0.0000000000
56479  23.594  -20.492  65.523 0.0000000000
56478  24.110  -20.977  65.112 0.0000000000
55657  24.638  -21.069  64.536 0.0000000000
53879  25.293  -23.508  67.561 0.0000000000
54763  25.767  -22.898  67.079 0.0000000000
55641  25.470  -21.805  65.496 0.0000000000
55656  25.252  -21.433  64.790 0.0000000000
56497  25.538  -20.995  64.154 0.0000000000
56509  26.410  -20.740  63.622 0.0000000000
55639  27.302  -21.413  65.757 0.0000000000
56495  27.278  -20.687  64.297 0.0000000000
57330  27.967  -20.204  63.941 0.0000000000
57329  28.628  -19.819  64.255 0.0000000000
56462  29.534  -20.524  66.536 0.0000000000
57298  30.067  -20.090  66.983 0.0000000000
138095  29.737  -21.497  67.148 0.0000000000
56444  30.194  -21.255  67.657 0.0000000000
56443  30.723  -20.893  68.357 0.0000000000
56436  31.107  -20.871  69.086 0.0000000000
55589  31.625  -21.671  70.332 0.0000000000
55579  32.157  -21.924  70.957 0.0000000000
53820  30.931  -23.623  71.338 0.0000000000
53819  31.454  -23.687  71.963 0.0000000000
53803  31.830  -23.816  72.629 0.0000000000
127953  31.617  -23.101  71.393 0.0000000000
54702  32.754  -22.386  72.135 0.0000000000
54701  33.272  -22.269  72.865 0.0000000000
132224  32.967  -23.605  76.020 0.0000000000
54671  33.864  -22.376  75.989 0.0000000000
132020  4.636  5.131  75.296 0.0000000000
79944  5.390  5.331  75.308 0.0000000000
80770  4.567  5.939  75.079 0.0000000000
82415  3.992  8.000  74.842 0.0000000000
83213  2.755  9.554  75.885 0.0000000000
83224  6.348  9.400  74.750 0.0000000000
83225  5.669  9.329  74.704 0.0000000000
83211  5.057  9.971  75.074 0.0000000000
129855  4.525  11.331  76.533 0.0000000000
84034  4.426  10.670  75.734 0.0000000000
83212  3.961  9.673  75.440 0.0000000000
83200  2.550  10.369  76.468 0.0000000000
53763  3.211  -24.212  76.848 0.0000000000
53774  2.366  -24.308  76.540 0.0000000000
118842  4.317  -20.240  76.142 0.0000000000
56365  3.729  -20.595  76.332 0.0000000000
119061  3.355  -21.549  76.404 0.0000000000
54665  2.528  -22.532  76.598 0.0000000000
53764  1.770  -23.657  76.614 0.0000000000
53765  0.998  -23.542  76.408 0.0000000000
53766  0.555  -23.387  76.004 0.0000000000
54668  0.253  -22.605  75.678 0.0000000000
56368  0.489  -20.664  76.106 0.0000000000
55532  0.370  -21.687  75.912 0.0000000000
55544  0.129  -21.802  75.339 0.0000000000
56400  0.210  -20.963  74.860 0.0000000000
118377  0.457  -19.457  74.739 0.0000000000
61963  5.270  -14.564  81.384 0.0000000000
61018  4.293  -14.940  81.862 0.0000000000
131091  4.153  -14.301  82.618 0.0000000000
61026  4.036  -15.973  81.493 0.0000000000
60030  2.735  -17.092  81.853 0.0000000000
60037  2.129  -17.594  81.542 0.0000000000
59015  1.026  -17.939  81.405 0.0000000000
64558  2.525  -11.055  84.970 0.0000000000
63689  2.280  -12.449  84.277 0.0000000000
61950  1.760  -14.136  83.668 0.0000000000
62854  1.146  -14.118  82.942 0.0000000000
61958  1.333  -14.817  83.033 0.0000000000
61021  1.136  -15.945  82.841 0.0000000000
60026  0.703  -16.717  82.720 0.0000000000
59010  0.596  -17.463  82.010 0.0000000000
59022  0.548  -18.079  80.418 0.0000000000
59033  0.153  -17.942  79.326 0.0000000000
58086  0.047  -17.886  78.302 0.0000000000
58097  0.188  -18.063  77.447 0.0000000000
60052  -0.152  -16.279  78.957 0.0000000000
60061  -0.149  -17.597  77.938 0.0000000000
59060  0.226  -18.146  76.627 0.0000000000
58133  0.437  -18.256  75.220 0.0000000000
58132  0.677  -18.579  74.532 0.0000000000
59112  1.034  -17.709  74.110 0.0000000000
59095  1.452  -16.954  74.014 0.0000000000
136039  1.987  -16.368  74.105 0.0000000000
60093  2.360  -16.036  74.752 0.0000000000
60081  3.325  -15.825  74.821 0.0000000000
61082  4.350  -15.623  74.843 0.0000000000
62864  4.166  -12.920  79.123 0.0000000000
62873  4.313  -13.134  78.286 0.0000000000
62883  4.485  -13.400  77.517 0.0000000000
63729  5.017  -11.905  78.019 0.0000000000
63736  4.813  -12.672  77.791 0.0000000000
62005  4.973  -14.640  75.805 0.0000000000
61075  5.110  -15.015  75.195 0.0000000000
62007  5.849  -14.675  74.778 0.0000000000
62003  6.384  -13.937  75.155 0.0000000000
63743  6.709  -12.220  75.522 0.0000000000
63747  7.169  -12.548  74.862 0.0000000000
63746  7.356  -12.051  74.137 0.0000000000
64616  7.062  -11.113  73.843 0.0000000000
65477  6.238  -10.338  73.374 0.0000000000
65479  4.601  -9.802  73.409 0.0000000000
66379  3.379  -9.723  73.359 0.0000000000
66367  2.816  -9.440  74.275 0.0000000000
135390  2.189  -9.550  73.380 0.0000000000
66380  1.206  -9.203  73.438 0.0000000000
68138  0.779  -8.083  73.705 0.0000000000
118021  2.360  -6.788  73.729 0.0000000000
68110  1.038  -7.320  76.603 0.0000000000
69036  1.347  -6.618  76.132 0.0000000000
69045  1.371  -6.786  75.333 0.0000000000
120321  2.293  -6.272  74.951 0.0000000000
68126  1.830  -6.804  74.437 0.0000000000
69044  2.961  -6.222  74.209 0.0000000000
69051  3.696  -6.191  73.647 0.0000000000
70006  4.471  -6.203  73.493 0.0000000000
133987  5.926  -6.396  73.630 0.0000000000
70004  6.732  -6.258  73.601 0.0000000000
118383  7.322  -6.018  74.471 0.0000000000
69991  8.279  -5.645  74.162 0.0000000000
70967  9.301  -4.430  74.044 0.0000000000
118663  10.278  -2.649  74.638 0.0000000000
69938  7.930  -5.884  79.506 0.0000000000
70930  8.552  -5.501  79.454 0.0000000000
72717  7.917  -2.706  81.090 0.0000000000
71819  8.620  -3.765  79.869 0.0000000000
70929  8.914  -4.783  79.379 0.0000000000
71826  9.170  -3.953  79.114 0.0000000000
71832  9.251  -3.926  78.246 0.0000000000
75292  7.250  0.067  82.775 0.0000000000
74374  7.823  -0.444  81.546 0.0000000000
75327  7.159  0.449  80.550 0.0000000000
74386  7.731  -0.131  80.888 0.0000000000
139922  8.340  -1.174  80.755 0.0000000000
73563  8.643  -1.263  80.199 0.0000000000
72733  9.367  -2.433  78.770 0.0000000000
71831  9.350  -2.977  77.981 0.0000000000
71838  9.337  -3.001  77.096 0.0000000000
72743  9.522  -2.219  76.862 0.0000000000
131713  9.416  -0.748  77.896 0.0000000000
138893  9.768  -2.025  76.232 0.0000000000
122813  10.032  -2.347  75.472 0.0000000000
72752  10.389  -1.602  74.727 0.0000000000
74426  9.879  -0.218  74.540 0.0000000000
75375  8.571  0.731  74.357 0.0000000000
76321  7.908  1.214  75.577 0.0000000000
76335  6.974  1.606  73.922 0.0000000000
76359  5.593  1.921  72.678 0.0000000000
138398  4.910  1.568  77.068 0.0000000000
76312  5.009  1.631  76.503 0.0000000000
76324  5.070  1.733  75.639 0.0000000000
76325  3.306  1.529  75.559 0.0000000000
117120  4.304  1.671  75.300 0.0000000000
76337  4.935  1.805  74.589 0.0000000000
123164  4.660  2.063  72.919 0.0000000000
139710  38.222  -6.800  66.216 0.0000000000
69134  38.866  -6.741  65.925 0.0000000000
69133  40.820  -6.135  65.585 0.0000000000
69132  41.871  -5.674  65.159 0.0000000000
68228  41.765  -6.866  63.986 0.0000000000
69141  42.644  -5.956  64.443 0.0000000000
70105  43.480  -4.844  64.507 0.0000000000
69140  43.755  -5.262  63.875 0.0000000000
70112  44.139  -5.436  63.201 0.0000000000
70111  44.566  -5.422  63.257 0.0000000000
64647  45.270  -11.434  68.503 0.0000000000
125169  45.789  -10.940  67.897 0.0000000000
65556  45.930  -10.495  66.984 0.0000000000
66513  46.142  -9.371  64.940 0.0000000000
66480  49.177  -9.162  67.524 0.0000000000
66481  48.090  -9.398  67.095 0.0000000000
68226  45.549  -6.987  64.215 0.0000000000
134921  45.337  -6.011  64.041 0.0000000000
70124  44.167  -5.505  62.883 0.0000000000
70123  44.764  -5.364  62.902 0.0000000000
70122  45.372  -5.096  63.060 0.0000000000
70143  45.962  -5.588  62.447 0.0000000000
71100  47.138  -3.842  64.340 0.0000000000
70101  50.150  -4.347  65.222 0.0000000000
71098  49.984  -3.802  64.573 0.0000000000
118628  49.217  -4.559  63.709 0.0000000000
124815  49.970  -5.299  63.123 0.0000000000
70119  48.869  -5.220  62.800 0.0000000000
70213  51.008  -5.926  55.835 0.0000000000
137710  52.573  -5.445  58.050 0.0000000000
70177  55.250  -5.125  59.347 0.0000000000
68265  53.207  -7.084  60.919 0.0000000000
68270  53.329  -7.443  60.048 0.0000000000
68269  54.049  -7.040  59.842 0.0000000000
68298  53.887  -7.598  57.846 0.0000000000
67447  52.011  -8.749  57.687 0.0000000000
66586  50.546  -9.433  55.868 0.0000000000
66587  50.135  -9.285  55.436 0.0000000000
65615  47.798  -10.575  62.443 0.0000000000
65633  47.686  -10.515  61.513 0.0000000000
140982  47.800  -10.438  60.771 0.0000000000
118788  47.142  -11.425  58.729 0.0000000000
128897  49.123  -11.433  57.505 0.0000000000
65649  49.522  -11.330  57.133 0.0000000000
65653  49.315  -11.445  56.900 0.0000000000
65654  48.657  -11.513  56.575 0.0000000000
65665  49.357  -10.817  56.496 0.0000000000
121034  49.289  -9.745  55.753 0.0000000000
80199  60.370  6.357  40.172 0.0000000000
80188  60.362  6.132  40.827 0.0000000000
132869  59.862  4.649  42.089 0.0000000000
80165  59.464  6.585  44.054 0.0000000000
79320  59.604  4.718  42.848 0.0000000000
78434  59.272  3.898  43.340 0.0000000000
122988  58.846  3.300  43.987 0.0000000000
74353  9.322  -0.399  83.689 0.0000000000
75290  9.210  0.251  83.399 0.0000000000
74364  9.495  -0.435  82.756 0.0000000000
74373  9.714  -0.042  81.790 0.0000000000
61014  19.853  -16.035  83.674 0.0000000000
61012  19.631  -15.158  83.347 0.0000000000
48168  1.118  -29.447  84.495 0.0000000000
49048  3.421  -28.246  81.782 0.0000000000
49955  3.475  -27.576  81.565 0.0000000000
126616  2.846  -26.910  82.444 0.0000000000
120989  3.081  -26.888  81.925 0.0000000000
50869  3.395  -26.409  81.295 0.0000000000
126173  3.683  -26.189  80.822 0.0000000000
45395  10.876  -32.810  83.423 0.0000000000
46410  10.589  -31.896  83.982 0.0000000000
46402  11.098  -31.438  84.741 0.0000000000
45396  10.049  -32.200  83.145 0.0000000000
46411  9.872  -31.510  83.760 0.0000000000
47310  9.341  -30.837  84.076 0.0000000000
47300  8.684  -30.125  84.562 0.0000000000
48134  11.308  -28.826  86.647 0.0000000000
49031  10.221  -27.860  85.634 0.0000000000
49020  10.829  -28.608  86.874 0.0000000000
48146  10.635  -29.412  86.830 0.0000000000
48159  9.099  -29.712  85.477 0.0000000000
48160  8.058  -29.607  85.147 0.0000000000
48148  7.608  -29.352  85.781 0.0000000000
48138  7.263  -29.117  86.164 0.0000000000
49016  8.409  -27.772  87.418 0.0000000000
48139  6.445  -29.179  85.907 0.0000000000
49024  6.786  -28.789  86.441 0.0000000000
49018  6.080  -28.348  86.944 0.0000000000
49931  5.696  -27.575  87.457 0.0000000000
52778  9.687  -24.610  79.728 0.0000000000
52764  8.276  -24.810  81.540 0.0000000000
52759  7.819  -25.056  82.203 0.0000000000
51841  7.548  -25.232  83.015 0.0000000000
138460  12.765  -22.797  80.871 0.0000000000
53708  11.768  -22.680  81.426 0.0000000000
116560  10.845  -22.816  81.841 0.0000000000
54620  10.251  -22.754  82.379 0.0000000000
135096  8.785  -23.538  82.540 0.0000000000
52760  8.059  -24.376  82.740 0.0000000000
51837  7.500  -25.129  83.922 0.0000000000
51834  7.473  -25.040  84.966 0.0000000000
51831  7.278  -25.122  85.811 0.0000000000
51824  7.401  -25.765  86.689 0.0000000000
50850  6.945  -26.223  87.217 0.0000000000
50846  5.219  -26.931  87.505 0.0000000000
50852  4.611  -26.209  86.904 0.0000000000
123328  3.654  -25.752  86.773 0.0000000000
52746  5.055  -23.802  86.113 0.0000000000
52747  3.894  -24.243  86.212 0.0000000000
51828  3.175  -25.012  86.474 0.0000000000
52748  2.675  -24.163  86.090 0.0000000000
52750  2.630  -23.804  85.402 0.0000000000
53697  3.298  -23.480  84.823 0.0000000000
56325  8.053  -20.045  84.524 0.0000000000
55456  6.755  -20.710  84.802 0.0000000000
55457  5.854  -21.331  84.621 0.0000000000
55463  6.540  -21.242  82.896 0.0000000000
54611  5.828  -21.715  83.316 0.0000000000
54605  4.662  -22.512  84.565 0.0000000000
53702  3.164  -23.851  83.879 0.0000000000
52757  3.765  -24.343  82.963 0.0000000000
52761  3.745  -24.870  81.995 0.0000000000
53712  4.524  -24.375  81.646 0.0000000000
52771  4.234  -25.151  80.496 0.0000000000
53741  5.528  -23.956  78.532 0.0000000000
53760  6.195  -23.472  77.167 0.0000000000
57248  7.974  -19.608  74.815 0.0000000000
58120  5.981  -18.910  75.629 0.0000000000
60058  6.547  -16.543  77.933 0.0000000000
61050  7.006  -15.402  78.936 0.0000000000
61969  6.902  -13.940  80.113 0.0000000000
58116  12.295  -18.240  75.428 0.0000000000
59070  11.781  -17.549  75.229 0.0000000000
61062  13.009  -15.959  76.610 0.0000000000
60076  11.545  -16.615  75.449 0.0000000000
61074  10.496  -15.791  75.732 0.0000000000
61065  10.674  -15.316  76.169 0.0000000000
63714  13.343  -13.298  79.471 0.0000000000
63723  12.948  -13.273  78.830 0.0000000000
63724  12.463  -12.915  78.312 0.0000000000
64591  12.070  -11.868  79.169 0.0000000000
140884  12.083  -12.761  78.048 0.0000000000
63732  12.119  -13.150  77.826 0.0000000000
135813  10.765  -14.317  76.844 0.0000000000
61998  9.708  -14.686  76.677 0.0000000000
61988  9.570  -14.172  77.144 0.0000000000
62881  8.927  -13.954  77.736 0.0000000000
62871  8.504  -13.504  78.534 0.0000000000
63716  9.252  -12.013  79.136 0.0000000000
63728  8.889  -12.773  78.846 0.0000000000
62862  8.053  -13.121  79.204 0.0000000000
63718  7.673  -12.780  79.920 0.0000000000
62857  7.068  -13.225  80.370 0.0000000000
63701  7.121  -12.231  81.471 0.0000000000
64576  7.913  -10.821  81.548 0.0000000000
65369  8.165  -9.775  82.651 0.0000000000
117701  8.913  -9.986  82.479 0.0000000000
65368  9.055  -9.855  83.469 0.0000000000
129744  8.568  -9.766  85.507 0.0000000000
127422  9.128  -7.582  86.354 0.0000000000
68918  9.558  -6.834  86.232 0.0000000000
121970  11.036  -8.279  85.439 0.0000000000
68037  11.643  -6.962  86.467 0.0000000000
68038  10.582  -6.891  86.351 0.0000000000
68929  10.459  -6.592  85.593 0.0000000000
131960  10.659  -6.245  83.486 0.0000000000
70894  10.339  -4.946  82.402 0.0000000000
71797  10.092  -3.525  82.460 0.0000000000
72708  9.564  -2.139  83.065 0.0000000000
73521  9.474  -1.142  83.476 0.0000000000
56433  36.649  -20.814  69.586 0.0000000000
51864  36.553  -24.844  78.223 0.0000000000
51863  36.649  -25.527  78.030 0.0000000000
49971  35.866  -26.901  77.912 0.0000000000
50894  36.280  -26.335  77.645 0.0000000000
50902  36.219  -26.756  76.987 0.0000000000
49985  35.903  -27.707  76.642 0.0000000000
49096  35.513  -28.375  76.177 0.0000000000
130378  33.891  -31.167  77.997 0.0000000000
47365  33.906  -30.367  77.847 0.0000000000
47373  33.808  -30.051  77.098 0.0000000000
47374  33.704  -30.697  76.502 0.0000000000
48244  34.208  -29.220  76.838 0.0000000000
122718  34.515  -29.267  76.185 0.0000000000
63871  24.413  -12.217  61.954 0.0000000000
63870  25.375  -12.132  61.943 0.0000000000
64699  25.018  -11.035  63.006 0.0000000000
66520  25.109  -9.695  64.866 0.0000000000
66504  25.471  -9.514  65.539 0.0000000000
58222  29.445  -18.010  62.799 0.0000000000
60235  30.143  -16.938  62.465 0.0000000000
60244  29.753  -16.882  61.832 0.0000000000
60252  29.347  -16.438  61.292 0.0000000000
62111  28.954  -15.004  60.804 0.0000000000
62122  29.147  -14.207  60.771 0.0000000000
63022  29.291  -13.413  60.750 0.0000000000
61199  31.445  -15.445  62.453 0.0000000000
61205  30.995  -15.055  61.824 0.0000000000
62108  31.221  -14.263  61.601 0.0000000000
63886  28.923  -12.255  61.021 0.0000000000
64715  29.005  -11.346  61.962 0.0000000000
128215  28.932  -10.466  63.327 0.0000000000
122990  29.491  -10.330  62.821 0.0000000000
65625  33.001  -9.997  61.992 0.0000000000
66547  32.951  -9.236  62.555 0.0000000000
67423  33.028  -8.725  63.068 0.0000000000
67422  33.618  -9.005  62.783 0.0000000000
68247  38.097  -7.967  63.847 0.0000000000
67402  38.328  -8.515  63.269 0.0000000000
66540  39.641  -9.922  62.560 0.0000000000
130741  37.559  -11.223  62.628 0.0000000000
64696  38.149  -11.571  62.904 0.0000000000
64711  38.550  -11.098  62.714 0.0000000000
64695  38.831  -11.550  63.067 0.0000000000
64709  40.147  -11.114  62.890 0.0000000000
64680  41.000  -11.771  64.180 0.0000000000
121346  40.773  -12.344  66.109 0.0000000000
63814  41.367  -12.342  66.489 0.0000000000
62062  36.132  -13.727  67.534 0.0000000000
62948  36.795  -13.510  67.879 0.0000000000
62938  37.608  -13.200  68.205 0.0000000000
62937  38.262  -13.114  68.667 0.0000000000
63790  38.960  -12.617  68.683 0.0000000000
62010  38.389  -14.497  73.461 0.0000000000
62913  38.709  -13.340  72.250 0.0000000000
62894  39.549  -13.633  73.449 0.0000000000
137390  38.693  -13.177  71.266 0.0000000000
129230  39.688  -12.455  69.352 0.0000000000
118541  40.445  -12.343  69.356 0.0000000000
117335  41.033  -12.138  70.311 0.0000000000
63779  41.960  -11.973  70.417 0.0000000000
63778  42.856  -11.820  70.787 0.0000000000
62920  44.344  -13.236  72.132 0.0000000000
62023  43.479  -13.498  72.351 0.0000000000
61116  43.525  -15.183  69.527 0.0000000000
61131  42.808  -15.340  68.888 0.0000000000
61159  42.633  -15.925  67.324 0.0000000000
75302  8.876  1.015  83.055 0.0000000000
76260  9.630  1.750  81.556 0.0000000000
77223  8.943  2.275  81.966 0.0000000000
77237  8.818  3.277  81.815 0.0000000000
79016  9.254  4.380  81.189 0.0000000000
79029  9.405  4.671  80.717 0.0000000000
79894  9.645  5.034  80.032 0.0000000000
79893  11.037  4.663  80.143 0.0000000000
79907  10.401  5.339  79.642 0.0000000000
80737  10.078  6.101  78.874 0.0000000000
80750  10.279  6.717  77.347 0.0000000000
84009  9.730  10.410  77.420 0.0000000000
85713  8.904  12.268  78.966 0.0000000000
50893  4.613  -26.746  78.302 0.0000000000
124644  4.402  -25.778  77.502 0.0000000000
50901  4.750  -26.530  77.578 0.0000000000
49984  4.933  -27.363  77.712 0.0000000000
51887  4.845  -25.404  75.797 0.0000000000
51886  5.449  -26.151  75.668 0.0000000000
50931  6.313  -26.428  74.363 0.0000000000
50920  5.874  -26.795  75.238 0.0000000000
50004  5.571  -27.403  75.783 0.0000000000
132831  1.519  -21.035  72.699 0.0000000000
54710  2.617  -22.039  72.612 0.0000000000
54709  3.499  -22.340  72.230 0.0000000000
54719  4.058  -21.964  71.329 0.0000000000
54708  4.529  -22.650  71.849 0.0000000000
53822  5.706  -23.912  71.669 0.0000000000
52871  6.074  -24.580  71.542 0.0000000000
117288  5.945  -25.777  70.966 0.0000000000
52913  4.459  -24.289  68.884 0.0000000000
65489  6.466  -10.193  72.516 0.0000000000
65505  5.701  -9.831  71.943 0.0000000000
66401  4.955  -9.592  71.302 0.0000000000
66421  5.316  -9.404  70.765 0.0000000000
66441  4.079  -9.524  69.592 0.0000000000
68174  1.464  -7.457  70.727 0.0000000000
67325  0.802  -9.044  70.389 0.0000000000
66425  1.339  -9.568  70.619 0.0000000000
66443  2.079  -9.531  69.981 0.0000000000
124060  3.194  -9.556  69.320 0.0000000000
66455  4.796  -9.103  68.996 0.0000000000
127269  4.458  -9.003  68.330 0.0000000000
67343  3.788  -9.088  68.044 0.0000000000
67354  2.089  -9.337  67.319 0.0000000000
67366  3.831  -8.441  66.391 0.0000000000
71862  10.234  -3.239  72.861 0.0000000000
71003  8.808  -4.854  71.552 0.0000000000
71016  9.566  -4.298  70.826 0.0000000000
71017  8.790  -4.930  70.533 0.0000000000
71018  8.163  -5.508  71.064 0.0000000000
71039  9.078  -5.164  68.476 0.0000000000
70062  8.134  -5.650  67.949 0.0000000000
70063  7.157  -5.910  68.509 0.0000000000
70065  5.548  -5.975  68.705 0.0000000000
68206  0.854  -7.582  66.354 0.0000000000
137287  1.742  -7.907  65.448 0.0000000000
70050  40.036  -4.559  68.939 0.0000000000
71060  42.810  -3.091  66.657 0.0000000000
71913  41.637  -2.405  67.708 0.0000000000
118992  39.674  -2.735  68.322 0.0000000000
132121  40.676  -5.289  62.432 0.0000000000
71119  39.346  -4.955  62.952 0.0000000000
71106  38.719  -4.691  63.526 0.0000000000
71092  37.938  -4.411  64.175 0.0000000000
78417  59.028  5.082  47.278 0.0000000000
140611  58.711  2.792  44.561 0.0000000000
70212  51.690  -5.643  55.281 0.0000000000
70218  52.299  -5.251  54.744 0.0000000000
70232  52.035  -5.149  53.847 0.0000000000
71187  52.576  -4.725  53.276 0.0000000000
71195  53.187  -4.326  52.582 0.0000000000
71146  56.415  -4.727  58.276 0.0000000000
71167  56.685  -3.689  56.601 0.0000000000
71176  54.763  -3.913  55.101 0.0000000000
71185  54.368  -4.012  54.120 0.0000000000
72051  54.138  -4.000  53.138 0.0000000000
140721  53.315  -4.100  51.918 0.0000000000
72076  53.461  -3.748  51.371 0.0000000000
72087  53.937  -3.143  50.836 0.0000000000
72908  54.787  -2.979  51.099 0.0000000000
72061  55.897  -3.058  52.681 0.0000000000
72917  54.383  -2.612  50.286 0.0000000000
72928  54.912  -2.077  49.839 0.0000000000
73762  55.577  -1.435  49.507 0.0000000000
128390  54.167  -7.109  53.659 0.0000000000
69286  55.795  -6.473  53.913 0.0000000000
70231  56.472  -5.911  53.565 0.0000000000
69303  55.472  -6.353  52.465 0.0000000000
70245  58.098  -4.409  53.869 0.0000000000
71194  58.619  -3.703  53.370 0.0000000000
71193  59.439  -3.436  52.286 0.0000000000
130190  58.439  -2.467  52.326 0.0000000000
72915  56.943  -2.018  50.744 0.0000000000
73761  56.794  -1.578  49.806 0.0000000000
74625  55.753  -0.528  49.272 0.0000000000
74645  56.756  -0.498  49.135 0.0000000000
75589  56.433  0.410  49.346 0.0000000000
133602  57.300  0.787  49.574 0.0000000000
74624  58.764  -0.329  50.210 0.0000000000
75588  58.116  0.623  49.906 0.0000000000
76578  57.850  1.400  50.116 0.0000000000
76577  58.800  1.244  50.429 0.0000000000
124849  59.958  1.605  50.011 0.0000000000
72937  59.168  -2.819  48.401 0.0000000000
72939  59.106  -2.698  47.398 0.0000000000
73779  60.040  -1.841  48.306 0.0000000000
122098  60.389  -0.733  48.750 0.0000000000
122321  60.249  0.154  49.133 0.0000000000
134170  60.158  0.968  49.497 0.0000000000
137875  60.179  1.566  49.250 0.0000000000
77522  59.976  1.949  48.468 0.0000000000
136924  59.616  2.030  47.572 0.0000000000
76616  59.274  1.682  46.674 0.0000000000
75649  59.487  0.070  45.850 0.0000000000
127340  58.879  1.815  45.607 0.0000000000
131506  58.806  2.007  44.666 0.0000000000
76631  59.008  1.433  44.035 0.0000000000
38343  22.867  -39.128  79.917 0.0000000000
40259  19.348  -37.581  83.629 0.0000000000
40260  18.738  -37.497  83.951 0.0000000000
43223  17.088  -34.061  84.865 0.0000000000
45402  16.644  -32.253  82.772 0.0000000000
45406  8.690  -32.776  81.930 0.0000000000
45446  16.384  -32.600  79.081 0.0000000000
46393  12.591  -30.961  86.001 0.0000000000
46427  7.563  -31.768  82.558 0.0000000000
46437  25.224  -31.279  82.166 0.0000000000
46470  33.890  -30.584  78.409 0.0000000000
46492  16.273  -31.633  75.156 0.0000000000
47319  25.403  -29.989  82.833 0.0000000000
47331  14.314  -30.777  81.547 0.0000000000
47382  33.892  -29.775  76.330 0.0000000000
47425  17.116  -30.814  72.270 0.0000000000
48135  10.869  -28.973  86.993 0.0000000000
48142  2.812  -29.346  86.612 0.0000000000
48145  11.888  -29.077  86.363 0.0000000000
48162  6.090  -29.461  85.214 0.0000000000
48170  26.735  -29.794  82.142 0.0000000000
48186  23.674  -29.040  82.287 0.0000000000
48187  22.950  -28.678  81.499 0.0000000000
48204  9.888  -28.962  80.755 0.0000000000
48210  27.337  -29.432  79.266 0.0000000000
48221  34.202  -29.440  78.356 0.0000000000
48245  26.985  -28.839  76.091 0.0000000000
48268  13.516  -29.021  74.504 0.0000000000
48293  15.846  -29.688  72.663 0.0000000000
49015  9.250  -27.585  87.516 0.0000000000
49026  4.243  -28.366  86.889 0.0000000000
49028  1.863  -28.886  87.217 0.0000000000
49030  10.965  -28.368  86.389 0.0000000000
49033  11.492  -28.622  86.133 0.0000000000
49043  30.289  -27.838  81.845 0.0000000000
49044  28.901  -27.971  82.336 0.0000000000
49053  22.842  -28.011  80.738 0.0000000000
49054  9.916  -28.596  79.598 0.0000000000
49078  24.181  -28.554  77.470 0.0000000000
49092  11.878  -28.711  75.798 0.0000000000
49107  11.656  -28.155  75.773 0.0000000000
49118  26.366  -28.440  74.733 0.0000000000
49141  15.542  -28.706  72.462 0.0000000000
49956  33.397  -27.345  80.244 0.0000000000
49960  29.090  -27.152  81.490 0.0000000000
49973  34.920  -27.845  78.707 0.0000000000
49979  35.873  -27.214  77.255 0.0000000000
49983  5.165  -27.861  77.089 0.0000000000
50007  35.597  -28.051  74.425 0.0000000000
50027  20.399  -27.688  73.954 0.0000000000
50047  15.219  -27.966  72.350 0.0000000000
50055  25.716  -27.203  71.917 0.0000000000
50843  8.158  -26.691  87.535 0.0000000000
50861  1.378  -25.866  85.356 0.0000000000
50864  1.737  -25.644  84.329 0.0000000000
50879  34.374  -26.358  79.699 0.0000000000
50882  31.141  -25.895  80.196 0.0000000000
50892  9.660  -26.344  78.884 0.0000000000
50899  10.288  -26.997  77.421 0.0000000000
50935  36.355  -27.077  73.048 0.0000000000
50950  27.282  -26.946  71.976 0.0000000000
50955  19.187  -26.258  72.582 0.0000000000
50960  15.005  -27.309  72.420 0.0000000000
51827  4.304  -25.273  86.468 0.0000000000
51859  10.355  -25.127  78.587 0.0000000000
51897  5.741  -25.324  74.270 0.0000000000
51908  15.313  -25.221  73.084 0.0000000000
51921  19.082  -25.538  72.484 0.0000000000
51934  28.637  -25.843  71.547 0.0000000000
51949  27.738  -25.635  70.401 0.0000000000
51967  5.552  -24.813  70.007 0.0000000000
52830  14.594  -24.551  74.496 0.0000000000
52836  31.009  -25.002  73.346 0.0000000000
52844  15.201  -24.454  73.676 0.0000000000
52845  5.261  -24.387  72.984 0.0000000000
52898  5.242  -24.303  69.645 0.0000000000
52907  28.273  -24.141  69.024 0.0000000000
53688  5.596  -22.704  86.268 0.0000000000
53690  3.312  -23.672  85.971 0.0000000000
53777  0.325  -23.185  75.467 0.0000000000
53798  1.474  -23.112  74.111 0.0000000000
53808  20.662  -23.491  72.665 0.0000000000
53831  30.370  -23.536  70.715 0.0000000000
53843  29.533  -23.409  69.375 0.0000000000
53846  4.806  -23.006  69.726 0.0000000000
53859  26.828  -23.722  68.090 0.0000000000
53894  1.631  -23.220  65.973 0.0000000000
53903  4.585  -23.558  65.749 0.0000000000
54597  9.273  -21.138  84.638 0.0000000000
54598  5.839  -21.479  85.950 0.0000000000
54600  20.610  -22.679  83.408 0.0000000000
54602  9.816  -21.458  83.705 0.0000000000
54606  19.980  -22.911  83.167 0.0000000000
54676  0.092  -22.603  75.039 0.0000000000
54679  25.420  -22.688  75.312 0.0000000000
54694  19.426  -22.257  73.127 0.0000000000
54696  17.599  -22.624  73.760 0.0000000000
54697  16.976  -22.701  74.077 0.0000000000
54728  31.010  -22.365  70.233 0.0000000000
54761  27.775  -22.693  67.491 0.0000000000
54768  0.960  -22.136  66.451 0.0000000000
54793  1.545  -22.467  65.737 0.0000000000
55442  6.279  -21.548  86.783 0.0000000000
55451  20.335  -22.350  84.010 0.0000000000
55455  7.211  -20.617  83.755 0.0000000000
55472  6.848  -21.472  82.034 0.0000000000
55554  19.425  -21.583  74.427 0.0000000000
55566  1.187  -21.531  73.346 0.0000000000
55597  31.300  -21.181  69.657 0.0000000000
55620  0.732  -21.383  66.783 0.0000000000
55631  1.258  -20.411  66.596 0.0000000000
55646  1.137  -21.496  65.778 0.0000000000
56315  8.039  -20.090  85.956 0.0000000000
56318  8.632  -19.972  85.304 0.0000000000
56326  7.496  -20.183  85.008 0.0000000000
56327  23.095  -21.315  83.201 0.0000000000
56328  22.357  -21.148  83.633 0.0000000000
56331  8.930  -20.186  82.857 0.0000000000
56339  8.381  -20.313  82.214 0.0000000000
56343  10.176  -20.566  81.018 0.0000000000
56367  1.053  -20.376  76.437 0.0000000000
56374  21.258  -20.617  75.217 0.0000000000
56376  15.284  -20.090  73.253 0.0000000000
56377  14.617  -19.491  74.668 0.0000000000
56395  15.121  -20.206  73.050 0.0000000000
56396  14.988  -20.388  73.202 0.0000000000
56409  21.144  -21.081  73.912 0.0000000000
56414  33.713  -20.583  72.500 0.0000000000
56424  2.886  -20.310  70.696 0.0000000000
56456  0.740  -20.820  66.722 0.0000000000
56464  28.109  -21.156  65.985 0.0000000000
56468  2.322  -20.094  66.466 0.0000000000
57196  16.501  -19.256  80.550 0.0000000000
57223  26.695  -18.634  75.886 0.0000000000
57227  15.132  -19.816  73.064 0.0000000000
57234  0.287  -19.972  75.894 0.0000000000
57238  27.080  -19.041  75.018 0.0000000000
57243  14.793  -20.204  73.081 0.0000000000
57281  31.858  -19.850  69.209 0.0000000000
57287  36.450  -19.764  68.574 0.0000000000
58060  17.547  -18.382  84.438 0.0000000000
58087  26.214  -17.892  78.010 0.0000000000
58089  25.375  -18.256  78.711 0.0000000000
58098  26.508  -17.847  77.360 0.0000000000
58119  6.735  -18.694  75.324 0.0000000000
58151  3.319  -17.519  70.817 0.0000000000
58175  4.943  -17.951  68.525 0.0000000000
58244  24.681  -18.847  61.815 0.0000000000
58997  17.010  -17.620  84.615 0.0000000000
58999  16.632  -17.698  84.179 0.0000000000
59009  1.295  -17.547  82.093 0.0000000000
59014  2.807  -17.474  80.666 0.0000000000
59043  13.759  -17.634  76.936 0.0000000000
59046  3.887  -17.825  77.992 0.0000000000
59061  37.610  -18.293  75.360 0.0000000000
59076  1.106  -17.052  75.602 0.0000000000
59077  0.443  -17.850  75.773 0.0000000000
59133  24.108  -16.344  70.987 0.0000000000
60020  15.787  -16.669  83.418 0.0000000000
60025  1.324  -16.732  82.779 0.0000000000
60031  0.924  -17.243  82.631 0.0000000000
60040  14.807  -16.350  79.561 0.0000000000
60045  18.067  -17.129  78.429 0.0000000000
60054  17.438  -16.061  77.712 0.0000000000
60060  -0.156  -16.848  78.183 0.0000000000
60065  12.767  -16.772  76.171 0.0000000000
60075  12.188  -16.878  75.678 0.0000000000
60094  1.545  -16.583  74.741 0.0000000000
60110  16.932  -16.169  72.359 0.0000000000
60170  34.159  -16.138  68.072 0.0000000000
60172  32.831  -16.943  67.433 0.0000000000
60181  7.776  -16.717  67.789 0.0000000000
60267  26.978  -15.807  60.610 0.0000000000
60270  24.703  -16.395  61.004 0.0000000000
61005  16.920  -15.263  86.126 0.0000000000
61009  15.873  -15.225  85.513 0.0000000000
61024  14.547  -15.129  81.612 0.0000000000
61027  3.267  -16.498  81.854 0.0000000000
61029  0.239  -16.589  82.330 0.0000000000
61036  -0.136  -16.373  81.338 0.0000000000
61051  6.021  -16.131  79.390 0.0000000000
61085  38.523  -15.063  74.250 0.0000000000
61113  6.999  -14.926  70.130 0.0000000000
61130  43.955  -15.904  68.913 0.0000000000
61141  7.837  -15.644  68.652 0.0000000000
61939  15.869  -14.053  85.913 0.0000000000
61968  13.726  -13.458  80.147 0.0000000000
61980  7.569  -14.657  78.602 0.0000000000
61985  13.256  -14.967  77.753 0.0000000000
61997  10.402  -14.765  76.525 0.0000000000
62045  36.336  -14.274  69.199 0.0000000000
62833  20.228  -13.360  84.054 0.0000000000
62838  1.706  -13.174  83.926 0.0000000000
62844  4.612  -13.579  82.959 0.0000000000
62878  11.437  -13.452  77.531 0.0000000000
62879  10.742  -13.756  77.214 0.0000000000
62898  7.504  -13.193  73.375 0.0000000000
62934  48.399  -12.990  68.119 0.0000000000
63682  2.128  -11.404  84.630 0.0000000000
63741  15.800  -13.179  75.991 0.0000000000
63761  40.074  -12.776  72.685 0.0000000000
63791  38.294  -12.837  68.163 0.0000000000
63887  27.968  -12.437  61.329 0.0000000000
64571  7.081  -11.106  82.379 0.0000000000
64573  1.550  -11.805  83.768 0.0000000000
64598  12.071  -12.460  78.477 0.0000000000
64613  6.544  -10.744  74.226 0.0000000000
64654  49.406  -12.082  65.892 0.0000000000
64698  25.892  -11.037  63.296 0.0000000000
64710  39.366  -11.089  62.785 0.0000000000
65491  4.600  -9.813  72.584 0.0000000000
65540  50.037  -10.030  68.005 0.0000000000
65592  24.699  -10.099  64.124 0.0000000000
65607  29.416  -10.181  63.524 0.0000000000
65617  40.508  -10.592  62.719 0.0000000000
66272  7.660  -9.550  83.848 0.0000000000
66273  6.836  -9.225  82.763 0.0000000000
66296  12.558  -9.639  81.658 0.0000000000
66344  4.304  -9.465  75.992 0.0000000000
66458  1.804  -9.696  68.967 0.0000000000
66460  49.830  -9.466  67.870 0.0000000000
66478  50.831  -9.118  66.542 0.0000000000
66518  30.472  -9.410  64.691 0.0000000000
67199  7.474  -8.302  85.843 0.0000000000
67271  1.378  -8.230  76.701 0.0000000000
67272  0.893  -7.994  76.208 0.0000000000
67301  0.874  -8.649  73.533 0.0000000000
67308  0.654  -8.518  72.804 0.0000000000
67345  0.642  -8.909  68.551 0.0000000000
67365  5.274  -8.430  66.701 0.0000000000
67369  0.811  -8.376  66.862 0.0000000000
67406  34.892  -8.108  63.829 0.0000000000
67408  32.770  -8.412  63.705 0.0000000000
68030  8.625  -6.927  86.486 0.0000000000
68031  7.703  -6.900  86.646 0.0000000000
68032  7.173  -7.197  86.507 0.0000000000
68040  7.514  -7.926  85.825 0.0000000000
68048  7.332  -7.961  85.114 0.0000000000
68089  0.601  -7.179  79.470 0.0000000000
68103  0.946  -7.112  78.128 0.0000000000
68117  0.859  -7.541  75.780 0.0000000000
68235  34.014  -7.679  64.827 0.0000000000
68910  8.606  -6.640  86.123 0.0000000000
68912  7.420  -7.040  86.556 0.0000000000
68916  12.380  -6.822  86.241 0.0000000000
68919  8.115  -7.341  85.830 0.0000000000
68932  7.987  -6.762  84.770 0.0000000000
68933  7.438  -7.323  85.753 0.0000000000
68963  8.294  -6.790  82.073 0.0000000000
68993  0.828  -6.708  79.075 0.0000000000
69005  1.710  -6.437  78.307 0.0000000000
69006  0.901  -6.764  78.536 0.0000000000
69016  2.967  -5.888  76.935 0.0000000000
69060  3.896  -6.235  72.906 0.0000000000
69085  2.089  -6.844  70.396 0.0000000000
69124  38.743  -6.479  66.718 0.0000000000
69261  48.580  -6.703  55.733 0.0000000000
69912  10.087  -5.756  82.912 0.0000000000
69939  7.014  -5.922  79.258 0.0000000000
70002  8.495  -5.637  73.336 0.0000000000
70049  4.857  -6.058  69.887 0.0000000000
70064  6.225  -5.985  68.427 0.0000000000
70068  39.928  -4.959  68.056 0.0000000000
70083  50.163  -3.124  67.039 0.0000000000
70084  49.658  -3.230  67.138 0.0000000000
70093  50.397  -3.133  66.191 0.0000000000
70127  41.703  -5.059  62.839 0.0000000000
70846  7.050  -4.619  87.179 0.0000000000
70850  8.995  -4.260  86.769 0.0000000000
70851  8.723  -4.336  87.262 0.0000000000
70853  5.925  -4.751  86.908 0.0000000000
70854  4.579  -5.048  86.793 0.0000000000
70855  3.983  -5.383  86.799 0.0000000000
70862  3.952  -5.254  86.226 0.0000000000
70868  7.828  -4.129  85.121 0.0000000000
70869  6.952  -4.140  85.026 0.0000000000
70911  8.011  -4.991  80.802 0.0000000000
70922  8.492  -4.642  80.028 0.0000000000
70923  8.035  -4.694  80.440 0.0000000000
70936  9.001  -4.769  78.501 0.0000000000
70937  8.500  -5.505  78.684 0.0000000000
71030  40.854  -3.013  68.549 0.0000000000
71040  42.129  -2.869  67.588 0.0000000000
71056  50.170  -2.636  67.101 0.0000000000
71057  49.863  -2.596  67.287 0.0000000000
71058  49.353  -2.420  67.194 0.0000000000
71073  50.381  -2.433  66.585 0.0000000000
71075  48.278  -3.792  65.858 0.0000000000
71082  50.460  -2.842  65.274 0.0000000000
71083  49.800  -2.511  64.902 0.0000000000
71165  58.171  -4.111  56.095 0.0000000000
71168  55.438  -3.807  56.025 0.0000000000
71768  8.852  -3.695  87.535 0.0000000000
71772  3.764  -4.228  87.430 0.0000000000
71776  9.365  -3.641  86.427 0.0000000000
71777  3.789  -4.573  85.819 0.0000000000
71825  9.359  -3.263  78.772 0.0000000000
71839  9.149  -3.777  77.412 0.0000000000
71845  9.629  -3.000  76.211 0.0000000000
71871  9.872  -3.814  72.301 0.0000000000
71928  50.111  -1.543  67.044 0.0000000000
71950  50.257  -1.259  66.285 0.0000000000
71951  49.819  -0.882  66.410 0.0000000000
71952  49.027  -1.527  66.764 0.0000000000
71955  41.811  -2.464  65.976 0.0000000000
71976  50.191  -1.612  65.520 0.0000000000
72028  58.054  -3.763  55.973 0.0000000000
72030  55.962  -3.613  55.484 0.0000000000
72072  59.938  -3.538  51.782 0.0000000000
72075  54.384  -3.497  51.669 0.0000000000
72096  60.013  -3.243  50.646 0.0000000000
72109  58.455  -3.389  47.442 0.0000000000
72679  2.694  -1.886  87.357 0.0000000000
72682  2.918  -2.710  87.081 0.0000000000
72710  6.163  -3.648  82.618 0.0000000000
72738  9.416  -2.293  77.500 0.0000000000
72757  10.192  -3.287  73.558 0.0000000000
72788  42.269  -1.850  67.050 0.0000000000
72795  50.061  -0.871  66.673 0.0000000000
72796  49.720  -0.960  66.818 0.0000000000
72797  43.614  -1.771  66.051 0.0000000000
72798  43.127  -1.771  66.404 0.0000000000
72903  59.924  -2.149  51.244 0.0000000000
72905  59.219  -2.476  52.248 0.0000000000
72907  55.656  -2.750  51.419 0.0000000000
72929  54.029  -2.060  49.752 0.0000000000
73504  2.629  -1.249  87.629 0.0000000000
73507  8.886  -1.636  86.797 0.0000000000
73511  2.903  -1.429  86.635 0.0000000000
73523  6.477  -1.709  83.959 0.0000000000
73562  9.159  -1.855  79.491 0.0000000000
73576  9.449  -1.594  77.713 0.0000000000
73587  9.986  -1.400  75.687 0.0000000000
73592  10.546  -1.310  73.840 0.0000000000
73745  52.336  -1.678  50.036 0.0000000000
73758  60.286  -1.913  50.148 0.0000000000
73780  58.052  -0.804  49.477 0.0000000000
73781  57.225  -1.078  49.301 0.0000000000
74333  2.659  -0.857  87.667 0.0000000000
74337  2.594  -0.692  87.315 0.0000000000
74342  2.624  -0.428  86.983 0.0000000000
74346  6.307  -0.754  84.387 0.0000000000
74439  10.308  -0.828  72.025 0.0000000000
74626  54.968  -0.874  49.299 0.0000000000
75280  7.878  0.809  86.196 0.0000000000
75314  7.314  0.298  81.063 0.0000000000
75352  9.233  1.559  77.088 0.0000000000
75367  8.654  0.858  75.470 0.0000000000
75603  58.148  -0.139  49.453 0.0000000000
76222  3.852  1.561  87.254 0.0000000000
76224  6.158  1.737  86.969 0.0000000000
76230  3.843  2.332  86.600 0.0000000000
76262  5.112  1.642  81.032 0.0000000000
76273  5.670  1.269  80.452 0.0000000000
76275  3.456  1.898  80.428 0.0000000000
76284  2.384  2.088  80.220 0.0000000000
76304  1.063  1.756  78.022 0.0000000000
76314  1.042  1.663  77.120 0.0000000000
76327  0.819  1.577  76.172 0.0000000000
76340  1.510  1.368  75.002 0.0000000000
76341  0.932  1.610  75.355 0.0000000000
76361  3.266  2.084  73.330 0.0000000000
76567  54.503  1.855  50.244 0.0000000000
76648  59.321  1.481  42.424 0.0000000000
77259  1.160  2.039  78.471 0.0000000000
77291  1.526  1.979  73.360 0.0000000000
77480  53.712  2.563  52.072 0.0000000000
77513  60.007  2.107  49.454 0.0000000000
78087  4.029  3.301  86.322 0.0000000000
78123  2.361  2.711  80.197 0.0000000000
79004  2.248  5.141  84.393 0.0000000000
79020  3.064  3.732  81.528 0.0000000000
79308  59.384  5.396  44.158 0.0000000000
79872  6.498  6.311  83.524 0.0000000000
79917  8.972  5.193  77.771 0.0000000000
79931  10.618  5.650  75.183 0.0000000000
79940  10.489  5.789  74.533 0.0000000000
79941  10.034  5.702  74.258 0.0000000000
79957  10.174  5.739  74.033 0.0000000000
79958  9.858  5.746  73.796 0.0000000000
80766  10.141  5.843  74.122 0.0000000000
80782  10.429  5.940  74.271 0.0000000000
81555  9.868  7.910  77.260 0.0000000000
81568  10.439  6.194  74.456 0.0000000000
82402  3.205  8.074  75.164 0.0000000000
82411  6.945  9.036  74.872 0.0000000000
82412  6.320  8.685  74.649 0.0000000000
82414  4.693  8.250  74.722 0.0000000000
84020  8.624  10.296  76.417 0.0000000000
84030  8.099  10.134  75.944 0.0000000000
84031  7.527  10.223  75.655 0.0000000000
84032  6.335  10.523  75.273 0.0000000000
84847  8.124  11.883  77.861 0.0000000000
84853  9.247  11.132  77.785 0.0000000000
84881  6.934  10.892  75.808 0.0000000000
116252  24.143  -38.929  78.791 0.0000000000
116392  23.848  -38.052  78.597 0.0000000000
116639  26.193  -28.779  76.016 0.0000000000
116726  3.137  -12.664  84.305 0.0000000000
116856  7.437  -4.190  81.092 0.0000000000
117557  54.938  -0.223  49.410 0.0000000000
117943  10.488  -28.588  87.100 0.0000000000
117980  31.086  -10.359  61.717 0.0000000000
119248  4.346  -20.468  65.670 0.0000000000
119459  6.457  -15.764  79.392 0.0000000000
120110  6.123  -18.079  67.485 0.0000000000
120286  7.195  -9.230  83.689 0.0000000000
120874  5.443  6.334  83.239 0.0000000000
121003  30.439  -16.890  63.144 0.0000000000
121685  23.664  -38.800  79.369 0.0000000000
122154  32.154  -15.677  64.093 0.0000000000
122519  56.175  -2.343  51.040 0.0000000000
122777  35.216  -15.128  68.867 0.0000000000
123424  10.184  -14.135  76.886 0.0000000000
123644  8.150  -4.866  76.950 0.0000000000
123681  22.303  -21.949  73.589 0.0000000000
125216  25.917  -21.973  75.083 0.0000000000
125304  33.013  -22.958  73.293 0.0000000000
125732  17.165  -16.103  85.978 0.0000000000
125842  15.444  -15.973  83.520 0.0000000000
126427  18.147  -32.914  75.250 0.0000000000
126667  59.138  0.749  43.601 0.0000000000
128017  7.450  12.641  78.570 0.0000000000
128141  14.345  -33.967  85.239 0.0000000000
128179  13.338  -10.252  80.704 0.0000000000
128223  1.555  -22.651  66.721 0.0000000000
130091  11.173  -21.659  82.151 0.0000000000
130504  16.712  -26.279  71.991 0.0000000000
131021  18.721  -17.841  84.615 0.0000000000
131618  8.435  -4.374  86.114 0.0000000000
131759  57.884  -4.465  56.554 0.0000000000
131941  44.442  -11.080  72.204 0.0000000000
132236  48.274  -11.816  69.179 0.0000000000
132706  19.738  -17.544  73.759 0.0000000000
132863  32.611  -29.848  80.340 0.0000000000
132922  60.195  1.284  48.656 0.0000000000
133075  15.523  -25.809  72.613 0.0000000000
133283  0.426  -17.105  82.488 0.0000000000
133472  0.496  -20.176  74.403 0.0000000000
133668  2.517  1.424  76.180 0.0000000000
133688  22.970  -19.727  80.697 0.0000000000
133745  1.896  -10.002  83.738 0.0000000000
133798  8.304  -3.472  87.649 0.0000000000
135455  28.072  -13.909  60.630 0.0000000000
135459  5.253  -13.152  82.920 0.0000000000
135668  8.482  -15.229  68.576 0.0000000000
135884  13.794  -14.091  80.231 0.0000000000
136211  1.501  1.379  76.379 0.0000000000
136435  15.399  -14.856  84.588 0.0000000000
136729  38.245  -13.653  70.656 0.0000000000
136736  59.365  -2.569  45.618 0.0000000000
136793  25.295  -16.405  71.427 0.0000000000
136894  28.393  -32.488  81.273 0.0000000000
136917  0.974  -6.904  66.731 0.0000000000
137024  1.216  3.365  74.831 0.0000000000
137161  18.925  -18.038  80.712 0.0000000000
137343  20.584  -37.181  81.814 0.0000000000
137877  2.237  -9.407  81.831 0.0000000000
138059  2.229  -10.510  81.952 0.0000000000
138458  25.334  -23.127  75.394 0.0000000000
138590  24.245  -25.822  71.494 0.0000000000
138637  8.769  -20.862  85.424 0.0000000000
138690  10.420  -0.761  73.686 0.0000000000
138905  9.423  -28.286  82.880 0.0000000000
138914  23.869  -39.173  79.109 0.0000000000
139077  16.542  -32.185  75.558 0.0000000000
139341  2.594  -9.235  83.229 0.0000000000
139433  18.841  -22.164  78.276 0.0000000000
139489  13.072  -30.559  79.754 0.0000000000
139497  29.970  -22.178  68.184 0.0000000000
139643  12.703  -11.833  79.412 0.0000000000
139665  19.471  -21.495  75.115 0.0000000000
139705  8.572  1.104  84.304 0.0000000000
140110  2.657  -25.990  82.557 0.0000000000
140150  24.340  -17.580  77.822 0.0000000000
140333  3.334  -5.858  76.614 0.0000000000
140462  3.350  9.169  75.509 0.0000000000
140761  54.317  3.029  52.070 0.0000000000
140886  1.541  -9.720  68.550 0.0000000000
140913  6.110  -10.794  75.495 0.0000000000
141223  0.791  -7.748  67.689 0.0000000000
141261  10.507  -29.394  79.806 0.0000000000
