global_signal	global_signal_derivative1	global_signal_derivative1_power2	global_signal_power2	csf	csf_derivative1	csf_power2	csf_derivative1_power2	white_matter	white_matter_derivative1	white_matter_derivative1_power2	white_matter_power2	csf_wm	tcompcor	std_dvars	dvars	framewise_displacement	rmsd	t_comp_cor_00	t_comp_cor_01	t_comp_cor_02	t_comp_cor_03	t_comp_cor_04	t_comp_cor_05	c_comp_cor_00	c_comp_cor_01	c_comp_cor_02	c_comp_cor_03	c_comp_cor_04	c_comp_cor_05	c_comp_cor_06	c_comp_cor_07	c_comp_cor_08	c_comp_cor_09	c_comp_cor_10	c_comp_cor_11	w_comp_cor_00	w_comp_cor_01	w_comp_cor_02	w_comp_cor_03	w_comp_cor_04	w_comp_cor_05	w_comp_cor_06	w_comp_cor_07	w_comp_cor_08	w_comp_cor_09	w_comp_cor_10	w_comp_cor_11	w_comp_cor_12	w_comp_cor_13	w_comp_cor_14	w_comp_cor_15	w_comp_cor_16	w_comp_cor_17	w_comp_cor_18	w_comp_cor_19	w_comp_cor_20	w_comp_cor_21	w_comp_cor_22	w_comp_cor_23	w_comp_cor_24	w_comp_cor_25	w_comp_cor_26	w_comp_cor_27	w_comp_cor_28	w_comp_cor_29	w_comp_cor_30	w_comp_cor_31	w_comp_cor_32	w_comp_cor_33	w_comp_cor_34	w_comp_cor_35	w_comp_cor_36	w_comp_cor_37	w_comp_cor_38	w_comp_cor_39	w_comp_cor_40	w_comp_cor_41	w_comp_cor_42	w_comp_cor_43	w_comp_cor_44	w_comp_cor_45	w_comp_cor_46	w_comp_cor_47	w_comp_cor_48	w_comp_cor_49	w_comp_cor_50	w_comp_cor_51	w_comp_cor_52	w_comp_cor_53	w_comp_cor_54	w_comp_cor_55	w_comp_cor_56	w_comp_cor_57	w_comp_cor_58	w_comp_cor_59	w_comp_cor_60	w_comp_cor_61	w_comp_cor_62	a_comp_cor_00	a_comp_cor_01	a_comp_cor_02	a_comp_cor_03	a_comp_cor_04	a_comp_cor_05	a_comp_cor_06	a_comp_cor_07	a_comp_cor_08	a_comp_cor_09	a_comp_cor_10	a_comp_cor_11	a_comp_cor_12	a_comp_cor_13	a_comp_cor_14	a_comp_cor_15	a_comp_cor_16	a_comp_cor_17	a_comp_cor_18	a_comp_cor_19	a_comp_cor_20	a_comp_cor_21	a_comp_cor_22	a_comp_cor_23	a_comp_cor_24	a_comp_cor_25	a_comp_cor_26	a_comp_cor_27	a_comp_cor_28	a_comp_cor_29	a_comp_cor_30	a_comp_cor_31	a_comp_cor_32	a_comp_cor_33	a_comp_cor_34	a_comp_cor_35	a_comp_cor_36	a_comp_cor_37	a_comp_cor_38	a_comp_cor_39	a_comp_cor_40	a_comp_cor_41	a_comp_cor_42	a_comp_cor_43	a_comp_cor_44	a_comp_cor_45	a_comp_cor_46	a_comp_cor_47	a_comp_cor_48	a_comp_cor_49	a_comp_cor_50	a_comp_cor_51	a_comp_cor_52	a_comp_cor_53	a_comp_cor_54	a_comp_cor_55	a_comp_cor_56	a_comp_cor_57	a_comp_cor_58	a_comp_cor_59	a_comp_cor_60	edge_comp_00	edge_comp_01	edge_comp_02	edge_comp_03	edge_comp_04	edge_comp_05	edge_comp_06	edge_comp_07	edge_comp_08	edge_comp_09	edge_comp_10	edge_comp_11	edge_comp_12	edge_comp_13	edge_comp_14	edge_comp_15	edge_comp_16	edge_comp_17	edge_comp_18	edge_comp_19	edge_comp_20	edge_comp_21	edge_comp_22	edge_comp_23	cosine00	cosine01	cosine02	cosine03	cosine04	cosine05	trans_x	trans_x_derivative1	trans_x_derivative1_power2	trans_x_power2	trans_y	trans_y_derivative1	trans_y_power2	trans_y_derivative1_power2	trans_z	trans_z_derivative1	trans_z_derivative1_power2	trans_z_power2	rot_x	rot_x_derivative1	rot_x_derivative1_power2	rot_x_power2	rot_y	rot_y_derivative1	rot_y_derivative1_power2	rot_y_power2	rot_z	rot_z_derivative1	rot_z_power2	rot_z_derivative1_power2	motion_outlier00	motion_outlier01	motion_outlier02	motion_outlier03	motion_outlier04	motion_outlier05	motion_outlier06	motion_outlier07	motion_outlier08	motion_outlier09	motion_outlier10	motion_outlier11	motion_outlier12	motion_outlier13	motion_outlier14	motion_outlier15	motion_outlier16	motion_outlier17	motion_outlier18	motion_outlier19	motion_outlier20	motion_outlier21	motion_outlier22	motion_outlier23	motion_outlier24	motion_outlier25	motion_outlier26	motion_outlier27	motion_outlier28	motion_outlier29	motion_outlier30	motion_outlier31	motion_outlier32	motion_outlier33	motion_outlier34	motion_outlier35	motion_outlier36	motion_outlier37
807.9977784137261	n/a	n/a	652860.4099215168	935.172140667334	n/a	874546.932680324	n/a	773.6301052635745	n/a	n/a	598503.5397701294	776.4842088685418	665.808875733562	n/a	n/a	n/a	n/a	0.0877616507	-0.0564121092	0.0110353382	-0.0053091913	0.138430087	0.0655308511	0.0445863298	-0.0386250274	0.0237385664	-0.0151952155	0.0553136297	-0.0202256164	0.0668678241	-0.0248410205	0.0060086199	-0.0471271346	0.0563947225	-0.0360072428	-0.0253156009	0.0496914792	-0.0932960676	0.0017040364	-0.0441095808	0.0279762017	-0.0686524143	0.1019322336	-0.0111834756	0.0128952489	-0.0909880377	-0.0613030305	0.0251787045	-0.0547409433	0.0653075381	-0.1124628384	0.0473999981	-0.1069314458	0.0211990515	-0.0204781152	0.033123276	0.001870058	-0.0047965121	0.0053959169	-0.0293748835	0.0904362217	-0.0283088324	0.0984133888	-0.0016208723	0.0607414221	-0.0837110118	0.0284884854	-0.0525454014	0.1331294049	-0.040935297	0.0827523771	-0.1515857709	0.0400201838	-0.0877466974	0.0059356384	-0.0005253019	-0.0914227091	0.0637782512	-0.0390992322	0.0145204288	0.0944449128	-0.082891285	0.0022304207	0.0566328637	-0.0908653188	0.0888663024	0.0506877459	-0.1202324293	-0.0266716053	0.0692189256	0.0004377783	0.0403833687	-0.1186222208	0.0117612858	0.0242242735	0.0589487152	-0.0523980011	-0.1189411584	0.0003188878	-0.0609650009	0.0969534998	0.0398136911	-0.0177962649	0.0330484111	-0.0890378268	0.0267496079	-0.0388686823	0.0997500362	-0.0025209248	0.0031423319	-0.0814128483	-0.0111915907	0.1488879636	-0.037687882	0.0861304867	-0.0073329291	0.0842291049	-0.035127324	0.0308668821	-0.0882981486	0.0348043488	-0.0905017892	0.0732749631	-0.0349451	-0.0001462881	0.0406466093	-0.0549951429	0.0774029693	-0.0627342572	0.0392468594	-0.010700882	0.0749563412	-0.1240611791	0.061732712	-0.0724411505	0.1439796966	-0.1187234232	0.0253488656	-0.0342383277	0.1070315207	-0.0850380595	0.0979885561	-0.1425908542	0.0124833624	-0.0097043919	-0.0034391929	0.0785726073	0.0844184112	-0.0197480163	-0.0072838175	0.0254188875	0.0027214045	-0.0468543619	0.0438287885	0.0234251262	-0.0306425182	-0.0224596588	0.0856781618	0.0033850281	0.0682611724	-0.0068083774	0.0146468724	-0.1331330136	0.0407244688	0.1276683309	-0.0515509163	0.0350881934	-0.1902509806	0.0309040279	-0.178994569	0.0132829452	-0.2430710335	0.0060173548	-0.1466337291	0.1523517328	-0.04904088	0.0628405936	-0.1109904076	0.0707958145	-0.0086141988	0.050360289	-0.2223242845	0.1134012875	0.0912851377	0.0912792721	0.0912694965	0.0912558111	0.0912382167	0.0912167139	-0.0201588036316024	n/a	n/a	0.0004063773638575	-0.3782483284523721	n/a	0.1430717979770135	n/a	-0.1847982856860994	n/a	n/a	0.0341504063925212	-0.0057130309326241	n/a	n/a	3.26387224371198e-05	3.8024739290598575e-06	n/a	n/a	1.4458807981179909e-11	-0.0006309948727074	n/a	3.9815452938302805e-07	n/a	0.0	0.0	0.0	0.0	0.0	0.0	0.0	0.0	0.0	0.0	0.0	0.0	0.0	0.0	0.0	0.0	0.0	0.0	0.0	0.0	0.0	0.0	0.0	0.0	0.0	0.0	0.0	0.0	0.0	0.0	0.0	0.0	0.0	0.0	0.0	0.0	0.0	0.0
805.2003021225989	-2.797476291127168	7.825873599418617	648347.5265383247	931.9978196372086	-3.174321030125384	868619.9358085109	10.07631400229628	771.5977280348019	-2.0323772287725888	4.130557200033348	595363.0539084681	773.5686580314543	644.6500631881087	1.077933	37.415253	0.2905386289167694	0.1391592708627387	0.0954669623	-0.0565318048	0.0825721341	0.0261122847	-0.0362823692	0.0481753176	0.0678198704	-0.0137388375	-0.0247736565	-0.0431448213	-0.0016496806	-0.0410507972	0.0423330602	-0.0034680396	0.0307680133	-0.1365582557	0.0222329108	-0.084777822	0.0095911315	0.0621680717	-0.0906547814	0.0172750594	-0.0349162559	-0.030492752	-0.0314114272	0.0330842569	-0.0492913323	-0.0347124472	-0.0627788564	-0.0624435894	0.0753191757	-0.1004492347	0.1168259596	-0.1370067602	0.0101844312	-0.1166024215	0.0337847439	-0.1039480996	-0.058156495	-0.0287053096	-0.0092251071	0.0722243097	0.059861081	0.0970320793	8.39557e-05	0.0059103311	0.09987827	0.0556121236	-0.0305371176	0.0755204694	-0.0523159176	-0.0252159195	-0.1242597543	-0.0773861493	-0.0312307361	0.0032594266	-0.1276638588	-0.0640187309	-0.0570219571	-0.1029139089	0.0381241118	-0.0711780769	-0.1054265556	0.0226184831	-0.0461586822	0.0743974902	-0.0044788608	-0.0224252816	0.0905868512	-0.0115360448	-0.0944365079	0.1986684323	-0.0845141108	0.0397854623	-0.0015167803	0.0116480557	0.060234806	0.0131071645	0.0130559956	0.0337273901	0.033879112	-0.0243194555	-0.0764026907	0.0866734153	0.0298853706	-0.0082697096	0.0576966829	0.0002096201	0.0286213164	-0.0224198686	0.0059358678	0.0029748036	-0.0136160566	-0.0770213625	-0.0106212278	0.119360623	-0.0990333543	0.1235145164	-0.0347120784	0.1582999835	-0.0467094586	-0.013357912	-0.0311424619	-0.0013879794	-0.0299251842	0.1299045438	-0.0347232962	0.0130488045	0.0304234742	-0.1070685024	0.0642163883	-0.0764497931	0.0496586311	-0.0142564524	-0.0278624783	-0.0888572536	0.1205251797	-0.1023241385	-0.0592392931	-0.1022839024	0.0101295509	-0.0991092206	0.0287694949	-0.0844839389	0.0232991237	-0.0987070864	0.0008548789	-0.1030161869	0.0239542126	0.005245151	-0.0996202213	0.0587743665	-0.0162936944	-0.0511228969	0.1160310598	-0.0298806252	0.0894429149	0.0408363186	-0.0243109953	-0.0865595243	-0.11964102	-0.1410234111	0.0715980423	-0.0113720884	0.0326168939	-0.108789342	0.0374745014	0.0745076682	-0.0596576482	0.0131851988	-0.1552708221	-0.0328294745	-0.1641725574	-0.0005593519	-0.1602027516	0.1632664577	-0.1383833259	0.0711104059	-0.0682157759	0.0338693069	-0.0950595973	0.1195139925	0.0633607184	-0.0018376027	-0.2068559504	0.0484330665	0.0912694965	0.0912167139	0.0911287655	0.0910056853	0.0908475206	0.0906543325	-0.0783340983574447	-0.0581752947258423	0.0033843649164386	0.0061362309654738	-0.2703131734483861	0.1079351550039859	0.0730692117397372	0.0116499976857344	-0.1327597010011914	0.052038584684908	0.0027080142960083	0.0176251382099257	-0.0047626323933821	0.000950398539242	9.032573833933288e-07	2.2682667314492507e-05	-0.0002639527984105	-0.0002677552723395	7.169288586563187e-08	6.967107978873406e-08	-0.0008606329511665	-0.0002296380784591	7.406890766335592e-07	5.2733647078387775e-08	0.0	0.0	0.0	0.0	0.0	0.0	0.0	0.0	0.0	0.0	0.0	0.0	0.0	0.0	0.0	0.0	0.0	0.0	0.0	0.0	0.0	0.0	0.0	0.0	0.0	0.0	0.0	0.0	0.0	0.0	0.0	0.0	0.0	0.0	0.0	0.0	0.0	0.0
808.9471681539477	3.746866031348759	14.0390050568752	654395.5208642913	922.407868921556	-9.589950715652662	850836.2766484064	91.96715472864702	769.46830972115	-2.129418313651854	4.534422354515906	592081.4796651236	770.9617183193383	644.0227819848922	1.436602	49.864712	0.6786416106977261	0.4477138609739857	-0.075362868	-0.0547876026	0.0570623221	0.0049202236	-0.0606205338	0.0608218849	0.0558266129	0.1129041265	-0.0618212888	0.0424415663	-0.0127310196	0.0522663407	0.0326343324	0.1204443683	0.0784300255	0.0943360281	0.0638515942	-0.001291603	0.074392801	-0.0488608946	0.05570205	0.0912075942	-0.0333712335	-0.0261904851	-0.0171651334	0.0250189168	0.0435679825	0.0042470806	-0.0222546056	0.0084818379	0.079304652	-0.1150988571	0.0720407952	0.064044979	-0.0565690929	-0.0701978975	-0.0102514507	-0.0189374843	-0.0393654286	0.0497462913	0.0575845593	-0.1275874179	0.0642116265	-0.018173609	0.0184843319	-0.03678713	0.0133655965	-0.038203433	0.1094544714	-0.1742227419	0.0843748531	-0.0806509122	0.051644437	-0.0199278203	-0.0438327836	0.0561310633	-0.0294052672	0.0474917936	0.0074131506	0.0692766151	0.1244733861	-0.034015196	-0.0726723843	0.0233598159	0.0068208854	-0.0805593587	0.1197242277	0.0927521737	-0.045040769	-0.057794552	0.0943982947	0.0160561431	-0.1344950279	-0.0328839348	-0.0603062636	0.0945189218	-0.030222066	-0.0514292917	-0.1043638803	0.0012668334	0.135390227	-0.0788737389	0.0529105665	-0.0457968096	0.0425091796	0.0275438364	0.0302696165	0.0317309448	-0.028209158	0.0171262474	0.065191893	-0.0432432392	-0.1106281842	-0.058437166	0.026791875	0.030361627	-0.0209689032	0.0231625816	-0.022382242	0.0341501133	0.0334560845	-0.0303236211	0.091817643	0.1062086412	-0.0018705653	0.0359803163	-0.0311357164	0.0700248726	0.142543867	-0.0036511927	-0.0593149068	-0.0424571303	-0.0274277446	-0.0554139962	-0.1216817414	0.0699471729	0.0696874904	0.1472842551	-0.0730084528	0.1094502149	-0.0440835341	0.0555482722	-0.0431894192	0.0539139819	-0.0091446098	-0.0570622449	-0.1172932678	0.0007988907	0.0926920239	0.0482008724	-0.0880724931	-0.0258351884	0.0543718003	-0.0791378038	-0.0954622123	0.0439352936	0.1219676979	-0.0589886	0.0483897738	0.1627155969	0.0198278781	0.0516501502	0.0292600479	0.094989541	0.0141506783	-0.0420737158	0.0414099194	0.0115395595	0.0675290864	0.065617219	-0.0447595656	-0.024858327	-0.0738212882	0.0173006452	-0.0554968412	0.0098737016	-0.0576690888	-0.0266588018	0.1055110414	0.0655506514	0.0878734944	-0.1227672749	0.1174211485	-0.0578629573	-0.0202723948	-0.1432443632	0.0912382167	0.0910916402	0.0908475206	0.0905061192	0.0900678015	0.089533037	-0.0622279490485198	0.0161061493089249	0.0002594080455613	0.0038723176427851	-0.1805879834784605	0.0897251899699256	0.0326120197768167	0.0080506097151392	-0.3100004301753927	-0.1772407291742013	0.0314142760782025	0.0961002667089285	0.0023130053416359	0.007075637735018	5.006464935721065e-05	5.349993710436207e-06	-8.330990615146305e-07	0.0002631196993489	6.923197618550045e-08	6.940540462965582e-13	-0.00028799954064	0.0005726334105265	8.294373540885102e-08	3.279090228512112e-07	1.0	0.0	0.0	0.0	0.0	0.0	0.0	0.0	0.0	0.0	0.0	0.0	0.0	0.0	0.0	0.0	0.0	0.0	0.0	0.0	0.0	0.0	0.0	0.0	0.0	0.0	0.0	0.0	0.0	0.0	0.0	0.0	0.0	0.0	0.0	0.0	0.0	0.0
816.6406389051199	7.693470751172185	59.18949219914191	666901.9331113624	945.7226965804696	23.3148276589136	894391.4188274349	543.5811887648426	773.9897827186489	4.521472997498904	20.443718067111725	599060.1837528613	776.0857169863662	662.9473253395014	1.251383	43.435738	0.4030448890088564	0.2422059745799715	-0.0581343197	-0.0562636207	-0.0445392068	0.0382522903	-0.0677700118	0.0844383246	-0.0774801675	0.1384434759	0.0764300793	0.0988390935	0.064132425	-0.0480173866	-0.0155857419	-0.0912297012	-0.1062807579	0.0352115941	-0.1494892678	0.0476609255	-0.0012696221	-0.0663771818	-0.0052142313	-0.0086047528	-0.0363506854	0.0303243698	-0.094882485	-0.0037668075	-0.0359864883	-0.0476619659	-0.0224561014	-0.0968540045	-0.0660717578	0.012089489	0.0604285238	-0.0744382375	0.0243844543	-0.0149033813	-0.001387086	0.0741143815	-0.0092049581	0.1327629732	0.0711984519	-0.1326920684	-0.0679083366	0.0776533468	0.0608846427	0.0627372928	-0.0526622664	0.0997870544	-0.0636077903	0.034370344	0.0391334788	-0.16815775	0.1486544754	0.0467941914	0.09410812	-0.030349622	0.2029487342	-0.0913255513	0.1506426826	0.0015275018	-0.1499445003	0.015814784	-0.0547752728	-0.1102525521	0.0164685123	0.0033987519	0.0029362579	-0.0944943448	-0.1072998952	0.0460995651	-0.0567321943	-0.0218631276	0.0501779011	-0.0437947513	-0.0395406335	0.0652479556	0.1216611211	-0.031643741	0.1165189768	0.0401024518	-0.0694134108	-0.0081258313	0.0674112177	0.0135549804	-0.0031739212	0.031750163	0.105053664	-0.0762445965	-0.0538426125	-0.0021316022	0.0135453879	0.1030870853	0.0390290277	-0.0523984811	-0.0359569938	0.0135366196	0.0749071346	0.0191438692	-0.0507711937	0.0108669438	0.1265573668	0.0932782243	-0.0861469764	0.1516287893	-0.0940092994	-0.1244280335	-0.076807853	0.0005806148	-0.0827018996	-0.1094384509	-0.0821657887	0.0003889246	0.1126960779	0.1206309125	-0.0324180564	0.1299193678	-0.143678442	0.0262203853	0.0388880276	-0.0755352437	-0.0625749729	-0.1196255908	-0.0748792697	0.0722021167	-0.0776192766	0.0196231464	-0.0935970128	-0.0676168488	-0.0460876874	-0.116084735	0.0342219886	0.0632473703	-0.0769877991	0.0096319799	-0.112759772	-0.0139446369	-0.1601059057	0.0310677111	0.0191728145	-0.0732283885	-0.1055201103	-0.0310608695	0.015709342	0.0492889581	0.0227253015	-0.0090098924	-0.0069976566	-0.0466575716	0.0347079113	-0.0904920054	0.0353021856	-0.0716023125	-0.0138376971	-0.0292942995	-0.0010499073	0.0523260456	-0.0460388534	-0.0304342685	0.1205005435	-0.0568949951	0.0377698948	-0.0344293329	-0.0403174066	0.0247586322	-0.0376101676	-0.0089224224	0.0911913037	0.090904137	0.0904261954	0.0897584821	0.0889023983	0.0878597406	-0.0600793247239579	0.0021486243245619	4.616586488099081e-06	0.0036095252592867	-0.0375590479249154	0.1430289355535451	0.001410682081026	0.0204572764055801	-0.1844753604072906	0.1255250697681021	0.0157565431402868	0.0340311585973997	0.0001000000517117	-0.0022130052899242	4.897392413232493e-06	1.0000010342342674e-08	7.2484880320189404e-09	8.403475495466495e-07	7.061840040290585e-13	5.2540578750321806e-17	0.0001450000091392	0.0004329995497792	2.1025002650368085e-08	1.874886101089899e-07	0.0	0.0	0.0	0.0	0.0	0.0	0.0	0.0	0.0	0.0	0.0	0.0	0.0	0.0	0.0	0.0	0.0	0.0	0.0	0.0	0.0	0.0	0.0	0.0	0.0	0.0	0.0	0.0	0.0	0.0	0.0	0.0	0.0	0.0	0.0	0.0	0.0	0.0
816.7340361362127	0.0933972310928084	0.0087230427758034	667054.4857833483	936.356086088752	-9.366610491717552	876762.7199554464	87.73339210355331	774.1962537313638	0.2064710127148146	0.0426302790914811	599379.8392916782	774.3507976151441	668.8982988264908	1.132748	39.317871	0.0643479262912634	0.045336672518072	-0.0097299808	-0.0431267533	-0.0975526854	-0.0392636709	-0.0628358599	-0.0037278736	0.0411571279	0.0657302173	0.1068641788	-0.1594473675	-0.1084706052	0.0033021632	-0.0464430218	-0.0065129426	-0.0379619381	0.0371073172	0.0336236891	-0.0125221362	-0.0154795789	-0.0447663442	-0.050248115	0.0009391009	-0.0498321792	-0.0150162268	-0.0835588627	-0.0537277093	-0.0376648166	-0.0377267421	0.0787400519	-0.0323558566	0.0010252747	-0.1080651563	0.0016962188	0.052721472	0.0334421692	0.1092638523	-0.0692789161	-0.0420098614	-0.0867491518	0.0489720732	-0.0292313426	0.0716349669	0.0260262624	-0.0171321248	0.0836927692	0.0877293947	0.0052824772	-0.0550632724	-0.0707664072	0.0753781809	-0.0827791088	-0.0620197895	0.0543061275	0.0126394932	0.1009629358	0.0180609522	0.0651627301	0.0034724685	-0.1299534744	0.0285600689	0.02392938	0.0497507844	-0.0558027534	0.0283243977	0.0288237944	0.0421887091	-0.0148863333	0.0487667506	0.0890792171	-0.0635707557	0.0627857056	0.0051021211	0.0517138904	-0.0390420053	0.0274665238	0.0098049375	0.0103212344	-0.0821706496	-0.039486832	-0.0788787966	-0.016829122	0.0073983215	0.0385888733	0.0541486946	-0.0213339391	-0.0142606135	0.0925360627	0.0520283787	-0.0929255679	0.0855757834	-0.0632441952	-0.0801613253	-0.0362895754	0.007711557	-0.0363899178	0.0584388232	-0.0419249493	-0.0190648676	-0.0858202026	-0.1003066381	-0.0651926715	-0.0879386179	0.0663810348	-0.0063561021	0.1115259573	0.004081734	0.0996201672	0.0010707878	-0.1062668644	-0.0459432464	-0.0277875273	-0.0899363722	-0.0055353374	0.0037261579	0.07064635	-0.0425086889	-0.0618664504	-0.0660017019	0.0652927546	-0.040049938	0.0714364288	-0.030290645	-0.1841460118	0.0755091206	-0.0509723846	-0.0237686913	0.0775700603	-0.0030801832	0.0153001678	-0.0016528323	-0.1021641491	-0.0443512389	-0.0067644292	0.0075484553	0.0370470646	0.0474294961	-0.091605033	-0.0611288337	-0.1557811998	0.0353889714	0.0031714534	0.0327128724	0.0085793827	0.0275297656	0.0093233977	0.002671938	-0.0136942995	-0.043469965	0.0568061693	-0.0194768026	0.1125189645	-0.0826006529	-0.0162326828	-0.0462498331	-0.0682925366	-0.003650913	0.0410455994	-0.0386442867	-0.0043734807	0.0268960356	-0.0305924887	-0.0016448448	0.0307656828	-0.0263182739	-0.0102984942	-0.0139312767	0.0911287655	0.0906543325	0.0898654396	0.0887648233	0.0873563013	0.0856447597	-0.0623934172601536	-0.0023140925361957	5.355024266076659e-06	0.0038929385173996	-0.081606830863663	-0.0440477829387475	0.0066596748436104	0.001940207181819	-0.1859610689003261	-0.0014857084930355	2.207329726277827e-06	0.0345815191465518	-7.300000275542421e-05	-0.0001730000544671	2.992901884562794e-08	5.329000402291942e-09	4.3687631290367774e-10	-6.8116117191152625e-09	4.6398054211988376e-17	1.9086091277631216e-19	-1.1999971247649765e-05	-0.0001569999803868	1.4399930994442106e-10	2.4648993841471212e-08	0.0	0.0	0.0	0.0	0.0	0.0	0.0	0.0	0.0	0.0	0.0	0.0	0.0	0.0	0.0	0.0	0.0	0.0	0.0	0.0	0.0	0.0	0.0	0.0	0.0	0.0	0.0	0.0	0.0	0.0	0.0	0.0	0.0	0.0	0.0	0.0	0.0	0.0
815.5824168590135	-1.1516192771991882	1.3262269596167806	665174.6786895897	936.9059935290404	0.5499074402883934	877792.8407106383	0.302398192884533	775.1047537558691	0.9085000245053152	0.8253722945261583	600787.3792949464	777.1847975088152	679.0810663596185	1.026095	35.615932	0.2140631145888606	0.1176674971268531	-0.0339734478	-0.0725412143	-0.0836127928	-0.075916854	0.0726749954	0.0325642263	0.0810384052	-0.0465458797	0.1355347688	0.0389407544	0.0259629444	-0.0336297998	-0.0280987393	-0.0202838474	-0.0178800305	0.0737912581	-0.0032841432	0.0270273004	-0.0297007663	-0.0268908474	-0.061395158	0.0360074064	-0.0631918166	0.0698446133	0.0033321701	-0.0131934436	-0.0132695305	0.0054350251	-0.0066852564	-0.0296086383	-0.0240281009	-0.0783010248	0.0231950151	-0.063334894	-0.0146725019	0.0416230991	0.0293448401	0.0713129943	-0.1182482973	-0.0435146225	-0.0065202921	0.0351283294	-0.0135025204	0.0425987673	0.0078214764	0.0497584565	-0.0653787118	-0.0329549585	0.0060146878	-0.037901515	-0.0850484296	0.0311461489	-0.0210289283	-0.0242285211	0.0196990329	0.0047413791	0.0704875557	0.1210390012	-0.0114868887	0.0249730361	0.0597434841	0.0224196654	-0.0179479938	-0.0048669555	0.0881106173	-0.0138959451	-0.0383526172	-0.0063749235	0.0615214997	-0.0095120968	-0.0463925747	-0.0382417963	0.0030822249	-0.0041304577	0.0714351353	-0.0321593347	-0.0040124513	0.0296772231	0.0372604662	-0.005757706	-0.1363209327	0.0116405634	0.0273504493	0.0761193507	0.07433483	-0.0358857128	-0.020112632	-0.0432522373	-0.0211951486	-0.0102254257	-0.0020603816	-0.0506766493	0.023909254	0.0076609138	-0.0201619917	0.0466099766	0.0354405284	0.0078138023	-0.0421392968	0.0673895124	0.0322740251	0.0649640101	0.0094378062	0.1142725468	0.0192665663	-0.0190279592	0.1266539549	0.0009050712	-0.0408485911	0.0020308618	-0.0452632062	-0.0413574541	-0.0561434096	-0.0306695884	0.1069299889	-0.0601729501	-0.0525861437	-0.0902100038	0.0520736245	0.0023513476	0.0371315364	0.0069012553	-0.0128642856	0.0136535248	-0.025872657	0.00606916	-0.0422653522	0.1075054676	-0.0482223342	0.0342502635	-0.0368018684	-0.0205177633	-0.0923159376	-0.0894990898	0.0488104001	0.1133734031	-0.0318823298	0.1211543297	0.1255135576	-0.0495229249	0.0532331533	0.0325461951	0.0183221935	0.0234772624	0.0394365459	-0.0021170324	-0.0344625372	-0.0805380173	0.0317948829	-0.0459927965	0.1046102278	-0.0485390702	0.0683398886	0.0187950601	-0.0958998033	-0.0167250503	0.0092236157	-0.0834613255	-0.0018287258	0.0390814579	-0.0151030594	-0.0483604656	-0.0497738201	0.0549630609	-0.0836264155	0.0130794861	0.0910506129	0.0903423981	0.0891661178	0.0875278662	0.0854361313	0.0829017503	-0.0625241193033332	-0.0001307020431795	1.7083024091320772e-08	0.0039092654946574	0.0113606741555258	0.0929675050191888	0.000129064917268	0.0086429569894928	-0.2186865788307415	-0.0327255099304154	0.0010709590002057	0.0478238197606941	-0.0012449690467236	-0.0011719690439681	1.37351144001968e-06	1.5499479272998697e-06	-0.0004365902928458	-0.0004365907297221	1.9061146527928704e-07	1.9061108380718145e-07	0.0001442282069836	0.0001562281782312	2.0801775689704165e-08	2.4407243673455147e-08	0.0	0.0	0.0	0.0	0.0	0.0	0.0	0.0	0.0	0.0	0.0	0.0	0.0	0.0	0.0	0.0	0.0	0.0	0.0	0.0	0.0	0.0	0.0	0.0	0.0	0.0	0.0	0.0	0.0	0.0	0.0	0.0	0.0	0.0	0.0	0.0	0.0	0.0
812.5363384210464	-3.0460784379671395	9.27859385024833	660215.3012546812	941.35130674831	4.445313219269565	886142.2827167507	19.760809617412743	774.1082495216123	-0.996504234256804	0.9930206888917392	599243.5819774147	776.5277815992815	673.3052703743408	1.00588	34.914284	0.313279676251908	0.1621404946086612	-0.0123244589	-0.0283009623	-0.0165280368	-0.1022314487	0.0601575265	-0.0363647145	0.043331487	-0.0857615751	0.0706931051	0.0027268666	0.0036261992	-0.026697435	0.0272159072	0.0582520919	-0.0978157876	-0.0262361878	-0.1119140619	-0.0169287308	-0.0122719663	-0.0392044254	-0.0351690957	0.0353158428	-0.0306632621	0.0601428696	0.0077497271	-0.0461153143	-0.028553252	0.0393988114	0.0205015335	-0.0299787416	0.0131486558	0.0204216811	0.0386425323	0.0495944144	0.0088311042	-0.1023832855	-0.1368656298	0.0082484445	-0.0044201325	-0.0257569979	-0.0587467791	0.005158261	0.0230553225	0.0290907966	0.039138292	0.0459222448	-0.0127597787	-0.0625359203	-0.0355602655	0.0093450101	-0.0067678505	0.0535700099	-0.0455515185	-0.0401471993	0.0470149771	-0.0420444497	-0.0232864965	-0.054589969	-0.0766971036	-0.0161233776	-0.0077542884	0.0726117619	0.0545517439	-0.0061712381	0.0636671982	-0.0108475501	-0.1608167045	-0.0457865383	-0.0606743823	0.0872041099	-0.0405584325	0.0005185791	0.031429724	0.0110005674	0.0023626814	-0.0455467131	-0.0103598311	0.0408741023	-0.0054154198	-0.0639883244	0.1012587643	0.0135483536	0.033674589	0.0472064077	0.0489880683	-0.0423603792	-0.0537866766	0.0065125979	-0.0328345072	0.0143526163	0.0468939186	0.0262918944	0.0483335403	0.0346490257	-0.0803110233	0.0068704345	-0.098462163	0.0114119803	0.0253010656	0.0678732944	0.041575585	-0.0622826838	-0.0389883112	-0.0254095147	0.0058311714	0.0345778895	-0.0054364701	0.0360805717	-0.0484440359	0.088466749	-0.0157429857	-0.0405833907	-0.0489383136	0.0632651332	0.0007180505	-0.0041545488	-0.0308720713	-0.0118264522	-0.039444648	0.0821631922	-0.0167174067	0.0516695662	0.0320767511	-0.0428713291	0.0641475229	0.0242922713	0.0615219404	0.0052642027	-0.028382841	-0.0376873989	-0.0165900937	-0.0306714506	-0.0528591721	-0.0106223081	-0.0085377115	-0.0199984197	-0.0635821524	-0.083768318	-0.0143225418	-0.0442438346	-0.0057370447	0.0663963289	0.0057889084	0.0196033716	0.0023560696	0.0015465228	0.018457098	-0.0583878427	0.0140852421	-0.002545685	0.0615936117	0.0209847912	0.0516114177	-0.013291542	-0.0411822663	-0.1075431137	0.0595913498	0.062822616	-0.0522197285	-0.0306467072	-0.1058383174	-0.0505910794	-0.0397766522	-0.0193555872	-0.0529185175	-0.0168476574	0.0909568593	0.0899685475	0.0883293083	0.0860510014	0.0831501106	0.0796476241	-0.0624282720702069	9.584723312629218e-05	9.1866920979658e-09	0.0038972891536717	-0.1012329941450644	-0.1125936683005902	0.0102481191035746	0.0126773341413833	-0.1363361553725326	0.0823504234582089	0.0067815922437463	0.0185875472617633	0.0004820002672212	0.0017269693139448	2.982423011306974e-06	2.323242576013082e-07	4.299657424300385e-05	0.0004795868670888	2.3000356308405402e-07	1.848705396634142e-09	-1.401035718244856e-05	-0.000158238564166	1.96290108379788e-10	2.5039443189332668e-08	0.0	0.0	0.0	0.0	0.0	0.0	0.0	0.0	0.0	0.0	0.0	0.0	0.0	0.0	0.0	0.0	0.0	0.0	0.0	0.0	0.0	0.0	0.0	0.0	0.0	0.0	0.0	0.0	0.0	0.0	0.0	0.0	0.0	0.0	0.0	0.0	0.0	0.0
806.1973411830587	-6.338997237987655	40.18288598321512	649954.1529306332	931.412468084984	-9.93883866332601	867529.1857041613	98.78051397562396	771.1643749627092	-2.943874558903076	8.66639741855678	594694.493211626	773.3749148032381	662.9738295283146	0.985103	34.193111	0.1777733924974341	0.1080899507048528	-0.0119870016	-0.0279648908	0.0142553001	-0.0409187811	0.025124417	0.0279194183	0.0408599108	-0.050850416	0.0058363813	0.0768293978	0.0397128515	-0.0056502527	0.0033008385	0.016759093	-0.0131208789	0.0012586174	0.0426543858	-0.0737731429	0.0274898197	0.0001909571	-0.0161626322	0.0001268683	-0.028793155	0.0327480215	0.0367920347	0.0646953352	0.0001858069	0.0372848956	0.0169926053	-0.0073598427	0.0316053984	0.0017287412	0.0162505009	-0.0394708555	-0.0522535549	-0.0148338427	-0.1526211158	0.0935176062	0.0023116842	-0.0310865469	-0.0439637918	-0.0557480586	-0.014846577	-0.0471904096	-0.0591668634	0.0443184895	-0.016684751	0.0817464389	0.0357274563	-0.0327120137	-0.0198052009	0.0433190485	0.0219072357	0.0510782287	-0.0312628039	0.0276143004	0.0639349983	0.0251895395	-0.0287992428	0.0361573663	0.1254284109	-0.0253039892	0.0591780483	0.0414585797	0.0758927382	-0.079289324	-0.0858036706	-0.0624464198	-0.0346161883	-0.1102961885	0.0421422129	-0.0514338692	0.0002113148	0.1232985693	0.0766096532	-0.0669390972	-0.1677073613	-0.0236976393	-0.01956846	0.0286342764	0.0628925819	-0.0336212104	-0.0086474355	0.0168787934	0.0119145655	-0.0345053835	-0.0399495749	-0.0505514531	0.0169928063	-0.0731111753	0.0216585656	-0.0560275888	0.0210280674	-0.0184158733	-0.0701366315	0.023775153	-0.0390529219	-0.014236061	0.0477292866	0.1318328756	0.0765574091	-0.0169866425	0.0410648134	0.0291459981	-0.0468575541	-0.0542785904	0.054185179	0.0263874172	0.0252765315	0.0479231383	0.0076203182	0.0285012499	-0.0696157204	0.0484551433	-0.0211532995	0.001245431	-0.0100633923	-0.0091240611	0.0788024298	-0.0089975212	0.0382685908	-0.0153836491	0.0506874374	-0.0122477363	0.0268902749	0.0627618607	0.0544999557	0.081737352	-0.0559432793	0.0133786416	-0.0646258517	0.0156479474	0.00996087	-0.0477209924	-0.058169972	-0.0296886037	-0.0107257055	-0.085325029	0.1341093166	0.0882969392	0.1209275552	-0.0237304935	0.0063305455	0.0117492895	0.0212249183	0.0055454476	0.0052962533	-0.0646674499	-0.0093836081	-0.0129282924	0.0541756484	-0.0057175347	0.0887216596	-0.0370297358	0.0229134964	-0.0261214985	0.0067788724	0.0139309853	-0.1412743493	0.0325038416	0.0102984725	-0.0237136577	-0.0773354201	-0.0020715154	-0.0494623828	0.0188681113	0.0908475206	0.089533037	0.0873563013	0.0843382767	0.0805080284	0.0759024438	-0.0558762696903443	0.0065520023798626	4.2928735185725184e-05	0.003122157514508	-0.0088336381817697	0.0923993559632947	7.803316352641949e-05	0.0085376409824316	-0.1363543119237817	-1.815655124909332e-05	3.296603532609523e-10	0.0185924983802079	-0.0003520595641036	-0.0008340598313248	6.956558022295538e-07	1.2394593667681686e-07	-0.0004459531033855	-0.0004889496776285	2.390717872530179e-07	1.988741704191585e-07	-0.0002670784002897	-0.0002530680431072	7.133087190130523e-08	6.404343444213367e-08	0.0	0.0	0.0	0.0	0.0	0.0	0.0	0.0	0.0	0.0	0.0	0.0	0.0	0.0	0.0	0.0	0.0	0.0	0.0	0.0	0.0	0.0	0.0	0.0	0.0	0.0	0.0	0.0	0.0	0.0	0.0	0.0	0.0	0.0	0.0	0.0	0.0	0.0
804.1524143121541	-2.0449268709046464	4.181725907347868	646661.1054440663	930.0899528220848	-1.3225152628991736	865067.3203405879	1.7490466206012705	770.4469258220415	-0.717449140667668	0.5147332694447753	593588.4655086343	772.8773945829294	637.8193200706396	0.964388	33.474075	0.1819085627329739	0.1020608495830985	0.0001671307	0.0220502247	0.0957281779	-0.0433917133	0.0024166857	-0.0161481965	0.0585774268	-0.0576703452	-0.0808862412	0.0290063213	-0.0311092586	0.0368267123	0.0398036075	0.0283374294	-0.0007512955	-0.0874083181	0.0315367172	-0.0070376764	0.0156754316	0.0361298241	0.0133241469	0.0249496192	-0.0193090052	0.0245683408	0.0922032263	0.0304500881	0.0510770551	-0.0168440493	-0.0634004466	0.0399582623	0.0891151457	-0.018974443	0.0631308735	-0.0184409497	0.0438141159	0.0658807971	0.0092393664	0.0074535168	-0.018292738	0.1147314756	-0.1548363544	-0.0706989915	-0.0055655499	0.0183082493	0.0120530554	0.0699163828	0.0188904562	-0.0288834842	-0.0123604552	0.1019300065	-0.1532914748	-0.0820132795	-0.0629818016	0.0861787214	-0.0138402573	-0.1551090582	-0.0316774457	0.0170748918	0.0670578187	0.0257333916	-0.0430330109	0.0396790307	0.0781050858	-0.0381184661	-0.00749055	-0.0273938844	-0.0027628258	-0.0315841011	-0.0467217144	-0.2335848864	-0.0797789898	0.0266406809	0.023480547	-0.0184594099	-0.1959646357	0.1099981588	-0.0037348602	0.02819147	-0.0905610615	0.0659544381	-0.0455110872	-0.0252930319	-0.0329600116	-0.0131537187	0.0536441418	-0.0491365232	-0.0608396179	0.0027332142	0.0865776842	0.0013011088	-0.0230895223	-0.0034429755	-0.0632918714	-0.0466016347	0.0185247246	0.0600488515	-0.0742248169	0.0824391008	-0.0432963078	-0.0151457232	0.0278113593	-0.0211108657	-0.0780546518	0.0222793077	0.006026065	-0.0243646406	0.1442721911	0.0449187504	-0.09574706	0.0559723847	0.0123276119	0.1115584127	0.014738607	0.0299538537	0.0920980035	0.0524143486	-0.0314986389	-0.0231205109	-0.0561714519	0.048225144	0.1545213517	-0.0776546573	0.040382234	-0.1283288599	-0.01175959	-0.0677750638	-0.0703367913	-0.0314082571	-0.0385008933	-0.0735604611	-0.0160167854	0.0131075878	-0.0753554839	0.099807908	-0.0795398506	-0.0043843944	-0.0348581755	-0.1580355635	-0.0527817878	0.028262949	-0.0907300807	-0.0218265771	0.0011459046	0.0010889378	0.0064751154	-0.0017466519	0.0271587065	-0.0600514431	-0.0105219119	0.0107794798	0.0058653936	0.0435337471	0.0857677889	-0.0039843839	0.0539843173	0.0235673149	0.0498980921	-0.10165804	-0.014761105	-0.0042269609	-0.0009531746	0.0093069742	-0.0223006895	0.0422450071	-0.053357543	-0.0137343691	0.0907226157	0.089036165	0.0862485974	0.0823943867	0.0775211985	0.0716892996	-0.0526602206544311	0.0032160490359132	1.0342971401398234e-05	0.0027730988393733	-0.0902624193610535	-0.0814287811792838	0.0081473043489106	0.0066306464043436	-0.0795944997535542	0.0567598121702274	0.0032216762775995	0.0063352843910185	5.799380951724839e-05	0.0004100533736208	1.6814376921783904e-07	3.36328194232289e-09	-4.60076942938592e-05	0.0003999454090916	1.5995633025347994e-07	2.116707934237204e-09	-0.0002669987760512	7.962423850002651e-08	7.128834641283885e-08	6.3400193567091036e-15	0.0	0.0	0.0	0.0	0.0	0.0	0.0	0.0	0.0	0.0	0.0	0.0	0.0	0.0	0.0	0.0	0.0	0.0	0.0	0.0	0.0	0.0	0.0	0.0	0.0	0.0	0.0	0.0	0.0	0.0	0.0	0.0	0.0	0.0	0.0	0.0	0.0	0.0
800.6354238317625	-3.516990480391541	12.369222039164724	641017.081894266	923.8281714442604	-6.261781377824377	853458.4903540459	39.20990602366816	768.6081809141392	-1.83874490790231	3.380982836336674	590758.5357681422	771.0834419640312	634.6888397853371	0.930145	32.285503	0.0918217964944355	0.0480794915445967	-0.0194593137	0.0248446846	0.1237464861	-0.0286282368	0.052635621	-0.0372655539	0.0194091844	-0.058618582	-0.1016250847	0.0549841234	0.0275807232	0.0234186496	0.0103640766	0.0027636722	0.0108235471	0.000326373	-0.0368023755	0.1265083384	0.0427787988	0.0613638892	0.0307395071	-0.0051358525	0.0035047116	0.0448862795	0.091148127	0.0500693146	0.0809715364	-0.0221197401	-0.0977408661	0.0528946833	-0.0579369042	0.058748614	-0.0191019469	0.0766291105	0.0157050215	-0.0073455225	-0.030570233	-0.0119635565	-0.0098478767	0.065189118	-0.125149922	-0.0177944108	0.0848243899	-0.0714614942	-0.0131807642	-0.1515825489	-0.0239138477	0.0278851968	0.0185961202	0.0841731495	-0.0123517756	0.0781277451	0.0310672008	0.0275227071	0.079269486	-0.1019493643	-0.000180309	0.0684194953	-0.0479554712	-0.0238080794	-0.0372717057	-0.0092192438	-0.1223969238	0.0399321478	-0.1215983254	0.0315109516	0.086838884	-0.0981789024	-0.0747729478	-0.0050000004	0.0167601027	-0.0233950813	-0.0364030318	-0.1156108586	0.0812826634	-0.0613012349	0.0118042697	0.034291293	-0.0495793012	-0.0731939383	-0.0724816992	-0.0346419027	-0.0549923409	-0.0334690269	0.0469793505	-0.0394217236	-0.0817009439	-0.0047697823	0.0627530422	-0.033007986	-0.0054360995	0.0928149956	-0.0337712448	-0.0534879871	0.0453122734	-0.0599610635	-0.0237344283	-0.0832087822	0.0069473296	-0.0317293766	0.0113576728	-0.0537042151	0.0533183482	0.0360216638	-0.0571148461	0.0433776088	0.0859790666	0.0287517189	0.0173347891	0.0648303124	0.0964470667	0.0766126862	0.04641182	-0.0001003599	0.0874061842	-0.0230842054	-0.0850331858	0.0771348212	-0.0780834525	0.0235471024	-0.0819414981	-0.1171844208	0.0433244353	0.1310612043	-0.0457813923	0.0309223968	-0.0718261149	-0.0195938683	0.0001643352	-0.0591983861	0.0644774625	-0.0385066596	0.0258456238	0.0793845533	0.003224409	-0.0711892924	0.0815852738	0.0862102914	-0.0314850089	0.1001138743	-0.0241729011	0.0388918018	-0.001816531	-0.0009273952	0.0019394535	0.0014194838	0.0496168783	-0.0392234791	-0.0315712927	0.0088846767	-0.0473897426	0.0621076106	0.1173188639	0.0202687018	0.0760737245	-0.0654272133	0.0474419785	-0.0169313857	-0.0075643143	0.0205968989	-0.004960525	-0.0259309529	-0.0471635047	0.0128328078	0.0305790019	-0.0070964147	0.090582166	0.0884782721	0.0850079043	0.0802246594	0.0742024108	0.0670341672	-0.0624111632378543	-0.0097509425834231	9.508088126521584e-05	0.003895153296702	-0.0486019429009729	0.0416604764600806	0.0023621488537494	0.0017355952988809	-0.0592858931224071	0.0203086066311471	0.0004124395032986	0.0035148171233214	0.000277969059554	0.0002199752500367	4.8389110628731394e-08	7.72667980693352e-08	-0.000228037244969	-0.0001820295506751	3.313475731899365e-08	5.200098509305171e-08	-0.0002669681603674	3.061568379998832e-08	7.12719986499538e-08	9.37320094540867e-16	0.0	0.0	0.0	0.0	0.0	0.0	0.0	0.0	0.0	0.0	0.0	0.0	0.0	0.0	0.0	0.0	0.0	0.0	0.0	0.0	0.0	0.0	0.0	0.0	0.0	0.0	0.0	0.0	0.0	0.0	0.0	0.0	0.0	0.0	0.0	0.0	0.0	0.0
801.1364137850642	0.5009899533016551	0.2509909333091945	641819.5534923936	926.5033634583958	2.675192014135405	858408.4824997203	7.156652312493844	770.4688832004766	1.860702286337414	3.46221299838128	593622.2999801897	773.0506701392849	631.7016142611188	0.986388	34.237705	0.0928432562687859	0.0526982228337315	0.0274689495	0.0531475496	0.1437107679	0.0028842751	0.0072238787	-0.0586954089	-0.028487754	-0.0287699718	-0.1444623523	0.0405749509	0.0260438193	-0.0251590322	-0.0012616836	0.0006873968	0.0038172041	-0.1028390345	-0.0317546495	0.0282518205	0.0109453089	0.0222215342	0.0329471583	-0.0162596358	0.0508966218	-0.0269845032	0.02250393	-0.0160467155	0.043743694	-0.1034355871	-0.0385242479	-0.0193438841	-0.0545222967	0.0995442711	-0.0307270775	0.0236303594	0.0326528779	-0.054802963	0.0284095589	0.0586229417	0.0992172852	-0.0352460236	0.019305898	0.0622023595	-0.0345315452	0.065882038	-0.0380537105	0.0950194512	0.0213249929	-0.0768288888	0.1016968428	-0.0175578029	0.0624220291	0.0648698676	0.0224900265	-0.0660183676	-0.0415080666	-0.046720087	-0.0129679871	0.0038707808	0.0659742907	0.0193515942	0.029869655	0.0760109439	0.1116796487	-0.0896573419	-0.0235203442	-0.0447247918	0.1248381988	0.1992910936	0.0018265951	0.0090632823	0.0258578529	0.0466727051	0.0984627642	0.0710296589	0.1544240218	-0.0608584142	0.114278292	0.0611349378	0.0044132923	-0.0048162936	0.0680441619	0.003558938	-0.0165997389	-0.044036017	-0.0272036651	0.0144509328	-0.0110782195	0.0416780962	0.074077224	0.0151275483	-4.41167e-05	0.1369663885	0.0369127504	0.0115844337	-0.0329918718	-0.041394357	-0.0178629354	-0.0917844475	0.0828605587	0.0610909811	-0.0241352576	0.0096926954	-0.0553955729	-0.0615535983	-0.066395322	-0.0209979543	-0.0244084506	-0.0526541142	-0.0533998511	0.0922222443	-0.057333024	-0.0011729783	-0.0832002179	-0.0502293538	0.0040422445	0.0490618442	0.0697529816	0.0085971429	0.0039761106	0.1063016014	0.0147688297	0.0605372652	-0.0878832989	-0.0425224056	-0.0343023643	-0.0622160555	0.0023465043	-0.0136746566	-0.0433952463	0.0679623312	0.1001909453	-0.0478196722	0.0420983833	0.1424769147	-0.0388764495	0.0237435913	-0.0507735639	0.0719242731	-0.0245754841	0.0327252825	0.1013374492	-0.1784863457	0.0057245886	-0.0148681733	0.0028847886	0.0009474596	0.0400239578	-0.0073713042	-0.0444461147	0.0387166942	-0.0950696011	0.0341178151	0.0198346486	-0.0184265784	0.0873605142	-0.0445693171	-0.0210931081	0.0245766202	-0.0318758526	-0.076309073	0.0177193048	0.005078938	0.0060695757	-0.0362463958	0.0260201854	-0.010404179	0.0904261954	0.0878597406	0.0836361352	0.0778350419	0.0705658771	0.0619657467	-0.0399227820861369	0.0224883811517173	0.0005057272868249	0.0015938285294971	-0.0572047839042682	-0.0086028410032952	0.003272387301534	7.40088733279788e-05	-0.0151324448066816	0.0441534483157255	0.0019495269981694	0.0002289908858272	0.0002679871815621	-9.981877991899992e-06	9.963788824517743e-11	7.181712948159795e-08	-0.0003720090543042	-0.0001439718093352	2.0727881883251183e-08	1.3839073648430526e-07	-6.895013173354518e-05	0.0001980180286338	4.754120666073235e-09	3.9211139664038144e-08	0.0	0.0	0.0	0.0	0.0	0.0	0.0	0.0	0.0	0.0	0.0	0.0	0.0	0.0	0.0	0.0	0.0	0.0	0.0	0.0	0.0	0.0	0.0	0.0	0.0	0.0	0.0	0.0	0.0	0.0	0.0	0.0	0.0	0.0	0.0	0.0	0.0	0.0
801.848112066463	0.711698281398867	0.5065144437461009	642960.3948245511	923.0780869814683	-3.425276476927479	852073.1546653672	11.732518943392725	769.0549192166983	-1.4139639837783309	1.9992941474222876	591445.4687714024	770.9829764187481	629.0668068407184	1.052813	36.54332	0.2330133815262324	0.1104565507788116	-0.0079916747	0.0317829682	0.1255638696	0.0529399814	-0.0239697818	0.0024146684	-0.0325785488	0.0127673275	-0.111130979	0.0267473704	0.0253021721	0.0323367745	-0.0263102803	0.0137844022	0.0612570134	-0.0356264268	0.0474862375	-0.0447859138	0.0266069562	0.0258946654	0.0624359131	-0.0472977396	-0.0004777478	-0.0741876958	-0.0070781919	-0.0099754827	0.0092367883	-0.0348734152	-0.0608712482	0.0092377228	0.0412413475	0.056844761	-0.025104376	0.0724766492	0.0347481087	0.0248576299	0.0102979794	-0.0603805681	0.0376680168	0.0671663056	0.0159175546	0.0121360201	-0.066716685	0.0760305361	0.0327219172	0.0018118226	-0.0535477771	0.0034323091	-0.0087574484	-0.0323050626	0.1142231081	-0.0460374886	0.0546749339	-0.0483818859	-0.0421909834	-0.1078806904	-0.0681320342	-0.0249946621	-0.158166845	-0.1034911452	0.0855870325	0.0429280146	0.0451286736	-0.0510916288	0.0657722688	0.0267633907	-0.0275587535	0.1252531815	-0.120928514	0.1591362101	0.1068128975	-0.0056704182	-0.03577156	0.0075212946	-0.1038267974	-0.0573944837	-0.0206517409	0.0607274909	-0.1265840695	-0.0366542679	0.0334183705	-0.021373054	-0.0230918843	-0.0661195342	-0.0477067187	-0.0144914061	0.0320789019	0.0170631716	0.0436701911	-0.0263551485	-0.0070397128	0.0280865475	-0.0465832756	-0.0313465764	0.0296394595	0.0468136768	-0.0285097502	-0.0055698354	0.100278234	-0.0346908242	-0.0085925968	-0.0569306001	-0.0213306094	-0.0204245987	-0.0514788262	0.0324715397	-0.0602197373	0.0558034349	-0.0910234561	-0.1037411968	-0.0547148859	0.0189066828	-0.07886183	-0.0153528525	-0.0040276521	-0.0697130257	-0.0537340089	0.0042822596	-0.0612722314	0.1063177723	-0.1060725122	0.0620516691	-0.0929226275	-0.027509624	-0.1059495964	0.0156200442	0.1380656039	-0.0447150096	0.15967968	0.0564148449	0.1091397456	0.034294328	0.049373993	-0.031718318	-0.0222360923	-0.073896683	0.0408987706	-0.0356611537	-0.0519987103	-0.0274697792	-0.0505240576	0.1162482962	0.0021698082	0.0066992201	-0.0130328718	-0.0279614068	0.0544539846	0.042658375	-0.0459309126	0.0217719047	-0.1465024546	0.0086334568	-0.0498223305	-0.0119565774	0.1332828019	-0.0465706029	-0.0253701523	0.0086907834	-0.1011016979	-0.0472771034	0.1490285355	-0.0448371562	0.0478987003	-0.082449914	0.1262722161	0.0302086314	0.0902547308	0.0871809944	0.0821354052	0.075232084	0.0666271694	0.0565152869	-0.0042163986201018	0.0357063834660351	0.0012749458202235	1.7778017323596366e-05	-0.048120864462632	0.0090839194416361	0.0023156175966309	8.251759242213606e-05	-0.0467272995548455	-0.0315948547481639	0.0009982348465575	0.0021834405236882	0.0014540641329426	0.0011860769513804	1.4067785345960606e-06	2.114302502710115e-06	-0.001499455340248	-0.0011274462859438	1.2711351276884686e-06	2.2483663173982453e-06	0.0007500911083501	0.0008190412400836	5.626366708258814e-07	6.708285529577553e-07	0.0	0.0	0.0	0.0	0.0	0.0	0.0	0.0	0.0	0.0	0.0	0.0	0.0	0.0	0.0	0.0	0.0	0.0	0.0	0.0	0.0	0.0	0.0	0.0	0.0	0.0	0.0	0.0	0.0	0.0	0.0	0.0	0.0	0.0	0.0	0.0	0.0	0.0
801.4728723104191	-0.3752397560439249	0.1408048745159042	642358.7650495134	922.4459773105405	-0.6321096709278891	850906.5810563981	0.3995626360805642	769.666220477097	0.6113012603987045	0.3736892309650447	592386.0909434992	771.7005822100489	620.2638423843669	0.929466	32.261925	0.154210195171709	0.0829203023415694	-0.0050152302	0.0438005891	0.123932756	0.0606426854	-0.1086933285	0.0035967537	-0.0389084079	0.0120138309	-0.1427554336	0.0097559327	-0.0403424993	0.0162602209	-0.0457699654	-0.0132922159	0.0084430285	-0.0510974257	0.0445765764	-0.0477863783	0.0210471107	0.0186498825	0.0538032795	-0.0272990688	0.0112006762	-0.0408300112	0.0591368714	0.0016034119	0.0109480307	0.001165844	0.0385377788	0.0251405005	0.033110489	0.0526110668	0.0392180206	0.0944441984	-0.0768334401	0.0740626416	0.0139567596	0.0568748901	0.048482259	-0.0775379854	-0.0076211678	0.1160229015	0.0056484424	0.0424533535	-0.1136660073	-0.035107438	-0.2140481981	0.113701514	-0.0310427781	-0.1334548991	0.0242429505	-0.1039443865	0.0546083381	-0.0120718647	0.0594693476	0.1131428205	0.0604245491	0.0322714412	-0.0684627387	0.0076054508	-0.0566854583	-0.0306883182	0.0623527117	0.1714764797	-0.1353006372	-0.0247111176	-0.0190584558	-0.0355856839	-0.0006738316	0.0758860412	0.0679525621	0.1419608235	0.03431671	0.0263160474	-0.0297427643	0.0253942973	0.0676217553	-0.0985991341	0.1856047569	0.0574917179	-0.064754119	-0.0145558943	-0.0177917229	-0.0672865604	-0.0329760992	-0.0012996303	0.0125943458	0.0104750098	0.075495086	-0.0271908463	-0.0094256437	0.0081662212	-0.0027027223	0.013245659	-0.0350747715	-0.0343551031	-0.0764123178	0.0162153427	0.0562227888	-0.0461843844	0.0110464521	-0.0006861878	0.0162664737	0.0041637388	0.0933740777	-0.0986699078	-0.06590191	-0.0572963482	0.141231636	-0.1944520421	0.0400105457	0.0055911987	-0.1034702964	-0.0317514532	0.0389591844	-0.0427933885	-0.0529456867	0.1117453111	-0.0324651794	-0.052372479	-0.0334432423	0.0178717973	-0.0309124379	0.0092616027	-0.0233242377	0.1064212847	0.0048309544	0.1194891935	0.0270370305	-0.0114702644	-0.1172204239	0.0368446917	0.1081919554	0.0424984291	-0.0337688684	-0.0660922086	0.116600754	0.1436191439	0.078505419	0.0067901824	-0.0474434696	-0.1486971232	-0.0030719235	-0.003834845	-0.0092036331	-0.0179545139	0.030916121	0.0141325284	-0.043139149	0.0313319444	-0.1176320065	0.0167207958	-0.0552996459	0.0199567992	0.1164749549	0.0421974485	-0.0292175938	-0.0764327075	-0.08919725	-0.056021967	0.1329000547	-0.0106951401	0.0170118071	-0.049504021	0.0919232531	0.015432195	0.0900678015	0.0864424987	0.0805080284	0.0724229201	0.062403154	0.0507163915	-0.0243722169952604	-0.0201558183751586	0.0004062570143723	0.000594004961264	-0.0483344068914703	-0.0002135424288382	0.0023362148895502	4.5600368914158425e-08	-0.0400351296896133	0.0066921698652322	4.478513750512201e-05	0.0016028116092641	0.0002990554874153	-0.0011550086455273	1.334044971242808e-06	8.943418455320268e-08	-0.0007039765711387	0.0007954787691093	6.327864721036469e-07	4.95583012712201e-07	0.0001576052329371	-0.0005924858754129	2.4839409449157557e-08	3.510395125639089e-07	0.0	0.0	0.0	0.0	0.0	0.0	0.0	0.0	0.0	0.0	0.0	0.0	0.0	0.0	0.0	0.0	0.0	0.0	0.0	0.0	0.0	0.0	0.0	0.0	0.0	0.0	0.0	0.0	0.0	0.0	0.0	0.0	0.0	0.0	0.0	0.0	0.0	0.0
802.9806722463117	1.5077999358925354	2.273460646677534	644777.9600011386	925.150068135374	2.7040908248335427	855902.6485708872	7.312107188948949	769.5768048293572	-0.08941564773977	0.0079951580607226	592248.4585313626	771.3848738695873	629.1961262609118	0.9429050000000002	32.728413	0.0595663187232217	0.0350298511189314	0.0124528655	0.0437021128	0.0905413985	0.0546317905	-0.0391068962	-0.0032255986	-0.0485872692	0.0704666576	-0.1156451606	-0.0091086544	-0.0196804441	0.0584162977	-0.0236338708	-0.0379904062	0.0609142224	-0.010670446	0.0904330434	0.0077157688	0.0228002493	0.0123446124	0.0389706357	-0.0435149657	0.0380734701	-0.022365061	0.054776135	0.0232121324	0.0557980109	-0.0309445289	0.0049027227	0.0172201977	-0.0227612759	-0.0456069343	-0.0785559594	-0.0482374838	-0.0629609297	-0.0793845059	-0.0354864427	-0.1240354422	0.0314192705	-0.0082194092	0.1690868571	0.0920548327	-0.049685621	0.0347874631	-0.0804448988	-0.073052633	-0.0641176433	-0.0253499292	-0.0045761397	-0.0082894447	-0.0273529795	0.0796415498	-0.0094018081	0.016481813	0.0397930536	0.0705533879	0.0074870563	-0.0600889302	0.0015581199	0.0728484573	0.0463857229	-0.0028147238	0.051234593	0.0553356428	-0.073948097	0.0732043102	0.0514838591	0.1223226015	0.12635632	-0.0007943953	0.0291975054	-0.0170837469	-0.0198341288	-0.0655380259	-0.10644712	0.0526474475	0.0607794024	0.0329673512	-0.0043123485	0.0127991469	0.0306748723	-0.0202595118	-0.0154509222	-0.0564212974	-0.057567959	0.0274897678	0.019058568	-0.0240910475	0.0689630355	0.001574941	-0.0643715221	-0.0200836639	-0.0370306496	-0.0258975155	0.0107210954	0.0141396813	0.0719090994	-0.002974904	-0.0227992486	-0.0187929131	0.0490732481	-0.0302174145	0.1002099414	-0.0794216154	-0.0100326019	0.072013292	-0.1164638974	-0.0836153309	0.140953981	0.0293682294	-0.0612397985	-0.0709237663	0.0258574487	-0.1972462973	0.0834734784	-0.031108801	0.0448595669	0.0603463862	-0.0147206473	-0.0044281069	-0.0356559417	0.0384793563	-0.0624149436	-0.019371198	0.0573536127	-0.0433975635	0.0813602019	0.0308162481	0.0058730485	-0.0128399889	0.013958069	0.005465989	0.0524054695	0.0611767511	0.0228740671	0.0944869527	0.012700315	-0.0957813781	-0.055352755	0.0282573325	-0.0470231772	-0.0167150579	0.0001524435	-0.0064841208	-0.0029161966	0.0065561617	0.025607494	0.0079169501	-0.0258995472	0.0118948049	-0.110857582	0.0248493481	-0.0258801738	-0.0009077217	0.0577944751	0.0345100528	-0.0102411265	-0.0815718978	0.0364462451	0.015937339	0.0976650439	0.0177930306	0.0258383458	0.0188254693	0.064232897	-0.0100878481	0.0898654396	0.0856447597	0.0787565141	0.06941525	0.0579119187	0.0446048127	-0.0242810178614831	9.119913377730188e-05	8.317282001730204e-09	0.0005895678283896	-0.0717913768671394	-0.0234569699756691	0.0051540017924796	0.0005502294404394	-0.0403968062614836	-0.0003616765718702	1.3080994263985186e-07	0.0016319019561278	-0.0001844627317284	-0.0004835182191437	2.337898682438951e-07	3.4026499396703666e-08	-0.0004750142501135	0.0002289623210251	5.2423744449246725e-08	2.2563853781089078e-07	0.0001569563122679	-6.489206692000143e-07	2.4635283960738534e-08	4.210980349149944e-13	0.0	0.0	0.0	0.0	0.0	0.0	0.0	0.0	0.0	0.0	0.0	0.0	0.0	0.0	0.0	0.0	0.0	0.0	0.0	0.0	0.0	0.0	0.0	0.0	0.0	0.0	0.0	0.0	0.0	0.0	0.0	0.0	0.0	0.0	0.0	0.0	0.0	0.0
805.5174603851437	2.536788138832094	6.435294061319199	648858.3789853316	931.882621020179	6.732552884805045	868405.2193594386	45.32726834669674	772.4566556402573	2.879850810900052	8.293540693041688	596689.284842931	773.9905004348198	634.2544607516392	0.880048	30.546637	0.0282690906268871	0.0152156763842979	0.009378799	0.0380918774	0.0550172386	0.02271176	-0.0007709284	-0.0257628953	-0.0452553602	0.0262191067	-0.0322070485	-0.002043464	-0.0115712769	0.0468096172	0.0142868621	-0.011245678	0.0545039824	0.0402041762	-0.0192645341	0.0875963645	-0.0188531439	0.0230008074	-0.0209001472	-0.0227096161	-0.0305019173	0.0187224061	0.0350540577	-0.0182096482	0.0263198455	0.0102655132	-0.0164936348	0.0428948342	-0.0405577718	0.0368164084	-0.007319683	-0.012724961	0.0591620512	-0.0368686808	0.0137318098	-0.0651514788	0.0309259903	0.0374077184	-0.0845999734	0.0399827535	0.0648800236	-0.0110382019	-0.0678546662	-0.0163227121	0.0163030739	0.0362092831	-0.109308287	-0.0875142002	0.0036665174	0.0344347537	0.0362419466	0.0967216731	0.0983785538	0.0893188242	-0.0931652214	-0.0391125221	0.0237508551	0.0399275079	-0.0486952235	-0.0069619605	0.0193908884	-0.0339221016	0.0960497685	0.130149827	-0.0416944824	0.0139687568	-0.0433178319	0.0372141652	-0.0872003722	-0.0033406494	-0.0965622724	0.044872859	-0.0361223677	-0.0653538544	-0.0075401337	-0.1500882584	-0.0391828957	-0.0574570012	0.1422888757	0.0195660647	-0.0258860355	0.0103105244	0.0058440234	-0.0198889931	0.0098535342	0.0062389332	0.0409331735	0.036221366	-0.0177255392	0.0490051626	-0.0204243734	-0.0223743658	0.0353821032	-0.0445923603	0.0925130238	0.0565110904	-0.0247471337	-0.1079616116	0.0216450929	-0.0874524558	-0.0032169013	-0.0203025224	0.0277367433	0.0466864665	-0.0133879222	-0.0816833651	0.1085197563	-0.0200447737	-0.0218528316	0.0515161475	0.0066205149	0.097926203	0.0570188077	0.0912080164	0.0485907186	0.065316785	0.0341997341	0.0003943254	-0.0266089566	0.0134047815	-0.0318115865	0.0939137799	0.0642022375	-0.05286249	0.1011772565	-0.0699177243	-0.0327140687	-0.1402620802	0.0010534106	0.029223444	0.1147524857	-0.0330211762	0.0057531154	0.0223151484	-0.0585806079	0.0052062542	0.048797903	-0.1265167385	0.0160558987	-0.0314838708	-0.0021586287	-0.0167460959	-0.0008678271	0.0026356919	0.0132419203	0.0113971575	-0.0318611324	0.0200108069	-0.0766474752	0.0176845834	-0.0216696871	0.0224253119	0.0353144726	-0.0294827521	0.0379943803	-0.0513038783	0.0733174052	-0.0207419093	0.0419084181	-0.0184148043	0.022560071	-0.0013464554	0.0931046925	0.0048332401	0.0896476797	0.084788324	0.0768835629	0.0662173176	0.0531726956	0.0382182304	-0.0332563238358858	-0.0089753059744027	8.055611733414887e-05	0.0011059830750773	-0.0708107456519684	0.000980631215171	0.0050141616997877	9.616375801677557e-07	-0.0471825692700633	-0.0067857630085797	4.604657960860862e-05	0.0022261948429243	-1.796773775382507e-05	0.0001664949939745	2.7720583018593743e-08	3.2283959999023076e-10	-0.0004110013062028	6.401294391069999e-05	4.097656988114423e-09	1.6892207370040777e-07	0.0001569961829573	3.98706894000182e-08	2.4647801463162022e-08	1.5896718732327237e-15	0.0	0.0	0.0	0.0	0.0	0.0	0.0	0.0	0.0	0.0	0.0	0.0	0.0	0.0	0.0	0.0	0.0	0.0	0.0	0.0	0.0	0.0	0.0	0.0	0.0	0.0	0.0	0.0	0.0	0.0	0.0	0.0	0.0	0.0	0.0	0.0	0.0	0.0
807.6453719026383	2.1279115174945678	4.528007426286032	652291.046755751	936.2489171911168	4.366296170937744	876562.0349415387	19.064542252345607	773.0949407182727	0.6382850780154286	0.4074078408171617	597675.7873641896	775.1498909980421	642.9701445782615	0.851812	29.566538	0.051361437630059	0.0239314872615709	-0.0038911856	0.0154462622	0.0248321019	0.0170782269	0.0304988936	-0.0143983694	-0.0570537447	0.0223215843	0.0018702262	0.013955469	0.0091316005	0.0505102038	-0.0108355695	-0.0030675595	0.0186462359	0.0163572318	-0.1050237063	0.0771501958	-0.0206367508	-0.007691968	-0.0390897313	0.0562207062	-0.0125405091	0.0409071954	0.053680977	0.0443300446	-0.0139157922	-0.0648015545	-0.0162552686	-0.0510792314	-0.030222676	0.0786385108	-0.0682919877	-0.032357725	0.0591062507	0.0046562713	0.0468429174	-0.0326670926	-0.0085032674	-0.0612047546	0.0552640901	-0.145817001	0.1022145955	-0.0640949664	-0.022541966	-0.0695473694	-0.0138749391	-0.0717182852	0.0420948909	0.0401102347	0.1078440518	0.035590654	0.0673283373	-0.0373999263	0.1118381652	-0.0182027405	-0.0468507708	-0.0598365688	0.0185142428	0.0764329507	-0.0036387708	0.052095585	0.0372009001	0.0310582842	0.031273051	0.0290714915	-0.0748929964	0.0055293491	0.0748038287	-0.0136320241	0.0115439314	-0.0162803379	0.0894216659	0.1128411313	-0.0699728019	0.0079798742	0.015977339	-0.0234982352	0.1054118047	0.1500753347	0.1568033362	0.0243292158	0.0072725562	0.0390710562	0.0301755099	0.017401101	0.0108674823	0.001983339	-0.0191390088	0.0136329381	-0.0654985846	0.0829633117	-0.0229945857	-0.064638961	-0.0211626136	-0.124602907	0.1023972108	0.0070114318	0.046956567	-0.0873125936	0.0463057171	0.0648731542	-0.0281466646	-0.0356459215	0.0430002938	0.0190348014	0.0159316269	0.0284077861	0.0720483428	0.0682723298	0.0130007959	-0.0035306585	-0.0080889009	0.006612195	0.0079535303	0.1207314901	0.0502719973	0.1124467858	0.0041131705	-0.0324111338	-0.062727461	0.0416133369	0.0841119072	-0.0537039167	0.0368192353	0.0401505948	0.1038082583	-0.0866497861	0.0494329868	0.0655692814	0.0127571582	0.1102403957	-0.1526522952	-0.1347019313	-0.0219764609	-0.0049252488	0.0200374485	0.0069655816	-0.1152316161	-0.0090212975	0.0675664724	-0.0374424457	0.0016610842	-0.0111757317	-0.0017784298	0.0170563337	0.006369379	-0.0200275314	-0.0207304996	-0.0248112588	-0.0474943442	0.0248383361	-0.0013896536	0.0132779276	0.0012231313	-0.0373308574	0.0288517651	-0.0368482393	0.0879675686	-0.0111929846	0.0105874495	-0.0329641775	-0.0130241896	0.0172893282	0.0558702784	0.0023169922	0.0894145591	0.0838737786	0.0748920628	0.0628378881	0.0482057789	0.0315960199	-0.0244781136020435	0.0087782102338423	7.70569749095337e-05	0.0005991780455145	-0.0658309195965074	0.004979826055461	0.0043337099749218	2.4798667542648297e-05	-0.0613840517745103	-0.014201482504447	0.0002016821053241	0.0037680018122557	-0.0001539417878695	-0.0001359740501156	1.848894230486008e-08	2.3698074052458132e-08	-0.0007430120982243	-0.0003320107920215	1.1023116601874375e-07	5.520669781076769e-07	0.0001569426483683	-5.353458900001482e-08	2.4630994876855858e-08	2.8659522194005087e-15	0.0	0.0	0.0	0.0	0.0	0.0	0.0	0.0	0.0	0.0	0.0	0.0	0.0	0.0	0.0	0.0	0.0	0.0	0.0	0.0	0.0	0.0	0.0	0.0	0.0	0.0	0.0	0.0	0.0	0.0	0.0	0.0	0.0	0.0	0.0	0.0	0.0	0.0
808.1433402448021	0.4979683421637446	0.2479724697973082	653095.6583820259	939.2589409311212	3.010023740004385	882207.3581190513	9.060242915389988	770.6684659544072	-2.4264747638654853	5.887779779676063	593929.8844165193	773.3949297160128	652.3398503295215	0.8593389999999999	29.827814	0.058306282349854	0.0332628701836943	0.0065068802	0.0101899899	0.0021223768	-0.0109967286	0.0087889702	0.0045245622	-0.035925145	-0.0112528863	0.0145980479	-0.0286640788	-0.004037238	0.0061862251	0.0417641483	-0.0068048052	-0.0355595182	-0.0059135447	-0.0536272784	-0.0070997798	-0.0051973419	0.0323628864	0.0408893319	-0.026174135	-0.0255683666	0.0057283671	-0.0452002689	0.0231404591	-0.0608258562	0.0147049914	0.0215265983	0.0050663774	-0.0500482557	0.0386168886	0.0028154541	-0.0127201048	-0.0633866737	-0.0291970505	0.1087738077	-0.0142644387	0.0207660469	0.0185960646	-0.0140341355	0.0052973077	-0.0118040377	-0.0967862677	0.0290196745	-0.0270463759	0.0816079606	0.0043946718	0.1142645592	0.016939033	0.0310754935	0.0165844805	-0.0306930834	-0.079305489	0.0175407723	0.1062754347	0.1890959265	0.0182024027	0.0632281135	-0.035377571	-0.0158778477	0.0690017896	0.046871067	-0.0904353523	-0.0027916248	0.0842536424	-0.0164529391	-0.0191896757	-0.0019277319	0.0725251294	0.0986673506	0.0566687687	0.0378614192	-0.0678956703	0.0844433489	0.015702997	-0.0330591197	0.00884323	-0.1251572753	0.1296873682	-0.0657892331	0.0129351128	-0.0282185932	-0.0358197667	-0.0079158889	-0.022280165	0.0198351838	-0.0037774669	-0.0489875383	0.0048454519	0.055355275	0.0246083049	0.062112652	0.0133833253	-0.0156852637	-0.0377556023	0.0172482148	0.0255634101	0.0252193826	-0.0261998087	-0.0568659806	0.0892870619	0.0091983487	-0.0036959798	-0.0208280073	0.0867072817	0.0346473485	-0.0560766278	-0.0235918586	0.0841020977	-0.0097817866	0.0174745041	-0.0448566474	0.0457053643	-0.1655068741	0.0138011658	0.0411544893	-0.0402339084	-0.06714778	-0.0790120817	-0.04267753	0.0135006667	-0.0173170235	0.0554624162	-0.0542964217	0.0160848643	0.0245109374	0.1397845732	0.0417411522	-0.0545197232	0.1075412972	0.06723296	-0.009870941	0.0334384758	0.0919495676	0.0436015597	-0.0931039907	0.106732047	-0.0247573496	0.0437289959	0.0125198874	0.0190968274	0.0024202358	-0.0117400151	0.0114638712	0.0148607779	-0.0049392126	-0.0257464356	-0.01078947	-0.0039615961	-0.0132804165	-0.0151255431	0.0023164367	-0.0231363034	0.0150456352	-0.0772564272	0.0446789057	0.0016818779	0.0466796125	-0.0337171022	-0.0147694785	-0.0735826706	0.0156381675	-0.0499220014	0.0407135652	0.0342668385	0.0891661178	0.0829017503	0.0727850846	0.0592862243	0.0430324377	0.0247790096	-0.0243249517103407	0.0001531618917028	2.3458565069980468e-08	0.0005917032757104	-0.0483723701780149	0.0174585494184925	0.0023398861966389	0.0003048009477979	-0.088877348742244	-0.0274932969677337	0.0007558813781559	0.0078991831194504	-0.0002709527579452	-0.0001170109700757	1.3691567118056366e-08	7.341539703811015e-08	-0.0005960211880366	0.0001469909101877	2.1606327677808493e-08	3.552412565885602e-07	0.0001569190471932	-2.360117509999965e-08	2.4623587372021728e-08	5.570154661008435e-16	0.0	0.0	0.0	0.0	0.0	0.0	0.0	0.0	0.0	0.0	0.0	0.0	0.0	0.0	0.0	0.0	0.0	0.0	0.0	0.0	0.0	0.0	0.0	0.0	0.0	0.0	0.0	0.0	0.0	0.0	0.0	0.0	0.0	0.0	0.0	0.0	0.0	0.0
809.5288765716753	1.3855363268731935	1.919710913085261	655337.0020033986	935.2383073492082	-4.020633581912989	874670.691533412	16.165494400006473	770.3993930578827	-0.2690728965245625	0.0724002236441179	593515.2248239539	771.9649550686207	651.6049637277872	0.914644	31.747463	0.0655903024860428	0.0403377703154771	0.0007279826	-0.0127964123	-0.0297744531	0.0620817337	-0.0827631306	0.0547929342	-0.0501237513	0.0726540985	0.0210923622	0.0020509272	0.0171522038	-0.0084814583	-0.0031124063	0.0118625545	0.0460571075	0.0192554101	-0.0464955381	-0.0103477067	0.0189995641	0.0227628979	0.015946242	-0.0131785292	0.0199036282	-0.0717014106	-0.0480481376	0.0161598427	-0.0418363329	-0.0334262721	0.0268505067	-0.0413155936	-0.0205393752	0.0613799461	-0.0620245135	-0.0511079614	0.0161415654	-0.0223579317	-0.0075549564	0.0114484184	0.0895293967	-0.0720356768	-0.0426085396	-0.0245290578	0.0395809583	0.0165344445	0.0228607579	0.0816725523	0.0129653307	0.0087796265	0.1004333633	0.1067415357	0.0440772486	0.0674613389	-0.1049034448	-0.0168954116	-0.0594301611	-0.0376901157	0.0425436215	-0.0049249965	0.0833763452	0.1136806698	0.0828595106	-0.1019943126	-0.0786615981	-0.1170673313	-0.0046951057	0.0067582971	-0.0002218055	-0.0438355338	0.0532711515	0.1205365483	-0.0114194487	-0.0876872057	0.0355865987	-0.0844918565	0.0011812272	-0.0028645564	0.0328497916	-0.0180662993	0.0520163061	0.1239446079	-0.0396733567	-0.0122840478	-0.0174364993	-0.0262243889	-0.0405450907	0.0303558993	0.0769321966	0.0249786619	-0.0321635514	-0.028621199	-0.031748384	0.0128282821	0.0519766565	0.0065359913	0.0001418513	-0.0562144678	0.0138179642	-0.0337498242	0.0447932185	0.0585687023	0.0100723013	0.0153684912	-0.0508084149	-0.1061596421	-0.0437616582	0.0121843587	0.018542758	0.0473528826	-0.029822947	0.0970920823	0.0085854362	0.0266058498	-0.0333703022	0.017012359	-0.0306968581	0.0088034651	0.0338740938	-0.0081358523	0.0285581103	0.0589990723	-0.070504365	-0.0165142284	0.0269721657	-0.1155553505	-0.1202611205	-0.0430696465	-0.0365655298	-0.0491952801	-0.1153096407	0.0130145542	0.0803468616	0.0464093215	0.0637466278	-0.0847688362	0.0206168101	0.081928378	0.0247406894	-0.0095164143	0.1144436955	-0.0056639672	-0.0434192826	0.0595995872	-0.0016515114	-0.0056334967	0.0025694657	0.0168720678	-0.0169094123	-0.0103552295	-0.0020668544	-0.0505882446	0.0254370721	-0.0643541348	-0.037659674	-0.0950643236	0.0417011113	-0.0058614263	-0.0103469888	0.0411343127	0.0308947051	-0.0406774242	0.0237097866	-0.0069067352	0.0043029087	0.0215095852	0.0915528401	0.0110528884	0.0889023983	0.0818729053	0.0705658771	0.0555720611	0.037674825	0.0178092284	-0.0001010498997118	0.0242239018106289	0.0005867974189309	1.0211082231764838e-08	-0.048331719725013	4.0650453001896125e-05	0.0023359551315772	1.6524593292593654e-09	-0.0635044819449319	0.0253728667973121	0.0006437823695141	0.0040328192270941	-0.0005579560393878	-0.0002870032814425	8.237088355882025e-08	3.113149418893202e-07	-0.0005640435698124	3.1977618224200005e-05	1.0225680672926883e-09	3.181451486467158e-07	0.000156842278358	-7.676883519998997e-08	2.459950028052836e-08	5.8934540579632176e-15	0.0	0.0	0.0	0.0	0.0	0.0	0.0	0.0	0.0	0.0	0.0	0.0	0.0	0.0	0.0	0.0	0.0	0.0	0.0	0.0	0.0	0.0	0.0	0.0	0.0	0.0	0.0	0.0	0.0	0.0	0.0	0.0	0.0	0.0	0.0	0.0	0.0	0.0
810.9860706195964	1.4571940479211207	2.1234144932967416	657698.4067390129	932.7629738753092	-2.4753334738990134	870046.7654327106	6.127275807004957	768.5352960905232	-1.864096967359501	3.4748575037188885	590646.5013369481	769.7964841225431	656.2316737857881	0.940978	32.66151	0.0333487231472383	0.0201679816344525	0.0025684094	-0.004629356	-0.0741633356	0.0064808934	-0.0738043585	2.65845e-05	-0.0180639967	0.0796796742	0.0313608118	-0.0843735333	-0.0490411569	0.0268103323	0.0111580138	-0.0410364649	-0.0251181042	0.0216600586	-0.0027683719	0.0232733181	0.0300969195	0.0379731146	0.0365139062	-0.0314351129	0.0504517105	-0.0785563073	-0.022209944	0.0711993906	-0.0620490165	-0.0376440041	0.023736406	0.0695636717	0.0520714045	-0.0360991506	-0.0109212433	0.0309233313	0.028670924	0.1157952583	0.0664211177	-0.0209982053	-0.0226666829	-0.0488943485	0.1400954703	-0.043217527	0.0154766258	0.0708866964	0.0514736994	-0.0389303774	0.0493790096	-0.0754272668	0.150545688	-0.0954164993	0.0227097099	-0.0396096007	-0.0122465514	-0.1127511839	-0.0157462194	-0.0360228689	-0.072308674	0.0643634298	-0.0530140858	0.0481003488	-0.1036761916	-0.0868638217	0.0601646316	-0.0555245531	0.0487039333	0.028430063	0.0336470694	-0.1132690219	-0.0339333488	-0.0725429093	0.0275729517	0.0829511276	-0.0495906388	-0.0881037429	0.0108367926	0.0259513244	0.0176969974	0.0791222773	-0.0127687161	0.0373364028	-0.0669200636	-0.0195524896	-0.0321601267	-0.0511262138	-0.0702236551	0.0448812129	0.0577597732	0.0527700334	-0.0488090513	0.0145292548	-0.0744518486	-0.0578081628	-0.0159108878	-0.0563304085	0.1179300193	-0.0557152994	-0.0190636275	-0.0394492341	-0.0277879699	-0.0416465238	-0.0889874984	0.0476773019	0.0021827548	-0.0024435117	0.0521449702	-0.0870534541	-0.0475530388	0.0844350829	-0.052858854	0.0273300908	-0.0558184466	-0.0732235366	-0.0692977503	-0.0349952201	-0.059389881	0.0171366423	0.0341022146	-0.0449607076	-0.1510795014	-0.0051491957	0.02361424	0.084771756	0.1073845097	0.0587780403	0.0030363596	0.0538276475	0.0010079636	-0.0580214434	0.0384680542	0.0783731481	-0.0679886294	0.0741004502	-0.0346496067	0.0582579257	-0.018848322	0.1253037414	-0.0451904072	-0.0292967496	0.0575953318	0.0537042754	-0.0887059609	0.0147586017	-0.0018933152	-0.0065551165	0.000166672	0.0194471379	-0.0280217583	-0.0082497095	0.0074177117	-0.029358052	0.0437903551	-0.0574258145	-0.0641763936	-0.0537481854	-0.0069767672	0.0321520379	0.0734332993	-0.0861118544	0.0272014579	-0.0134686911	0.0599501024	-0.002724419	0.0660780033	0.0352259075	0.0676546341	0.0001137308	0.0886234459	0.0807879487	0.0682378621	0.0517055788	0.0321558829	0.0107296473	4.98138809490456e-05	0.0001508637806608	2.275988031528373e-08	2.4814227352056877e-09	-0.06423952417164	-0.0159078044466269	0.0041267164657987	0.0002530582423121	-0.0655157714542724	-0.0020112895093404	4.045285490383148e-06	0.0042923163092484	-0.0004054672563059	0.0001524887830818	2.3252828965798734e-08	1.644036959362344e-07	-0.0004110317131718	0.0001530118566406	2.341262827260353e-08	1.6894706923294488e-07	0.0001569169468477	7.466848969998279e-08	2.4622928208003904e-08	5.5753833540764345e-15	0.0	0.0	0.0	0.0	0.0	0.0	0.0	0.0	0.0	0.0	0.0	0.0	0.0	0.0	0.0	0.0	0.0	0.0	0.0	0.0	0.0	0.0	0.0	0.0	0.0	0.0	0.0	0.0	0.0	0.0	0.0	0.0	0.0	0.0	0.0	0.0	0.0	0.0
813.333558155222	2.347487535625646	5.510697729917769	661511.4768214339	934.218291568435	1.455317693125835	872763.8163010455	2.117949587925102	771.440504611579	2.9052085210557834	8.440236550815133	595120.4521553676	772.6611396288349	666.0301096858004	0.93515	32.459229	0.0708008137096741	0.06146318956794	-0.0127000174	-0.0095937691	-0.1041274605	-0.0039261059	0.0191143071	-0.0317295491	-0.0112617085	0.0135074999	0.0707888525	-0.0479004521	-0.0028715708	0.0328560971	-0.0205452187	-0.0004911092	0.016855437	0.0476319807	-0.0182746442	0.0900513859	0.007745239	-0.0251741307	0.0198220973	0.0083313423	0.037553264	0.0235362996	-0.054336838	-0.0246285537	0.0358662861	0.0552167259	-0.0534496654	0.0600708928	0.0396488472	-0.0030591749	-0.0046469116	0.0077343606	-0.0418688997	0.0231680616	-0.0159541689	0.0172982327	0.004394894	0.0468197521	0.1424576631	-0.0154249685	-0.0175356193	-0.0842266268	0.009087133	-0.0184880138	-0.0372773604	-0.1201646853	-0.013144089	0.0371037087	-0.096312503	0.0431325199	0.0857597179	0.1148635662	-0.0397347046	0.0451929916	-0.0629522686	0.0102446722	0.0769767255	-0.1094877581	-0.0526522776	0.0958060835	0.1141915232	0.0419249069	0.0203403671	-0.0318292655	-0.0926130915	0.0627703661	-0.0008208863	-0.0574768666	-0.040216941	0.0401968638	-0.1269781281	0.0573962528	0.0650425084	-0.0036283577	-0.0002495467	0.0096696554	0.0739871862	-0.0382680359	-0.0767625102	0.0029334441	0.0239237668	-0.0151023242	-0.0132932105	0.026223971	-0.0349460766	0.0121813937	-0.0742165413	0.0393818256	0.0059305896	0.0154442317	-0.0875491911	0.0064794842	0.0953568719	-0.0247513934	0.0297574015	-0.0050914572	-0.0213068544	-0.0786291198	-0.0180356661	-0.0203172235	0.0930849745	-0.0121537979	-0.0063145255	-0.0386887174	-0.0977948754	-0.071529059	0.0342344882	0.0837521977	-0.0425580926	0.0161665193	0.0452114738	-0.0119043172	0.037866743	0.0176596998	-0.0584719097	0.0458537176	0.0324997067	-0.0890333393	0.1974899103	0.0739549866	-0.0158526482	-0.0335147053	0.1169847497	-0.0112927347	0.004380397	0.0308972873	0.0064694141	0.0654502968	-0.0163445048	-0.0635502924	-0.1108956969	0.0629672424	0.0264729814	-0.1074865289	-0.0359367563	-0.0723168054	0.0610070653	-0.0294889927	-0.0302431682	0.0266523678	-0.0071762396	0.0005884629	-0.0022594765	0.0311289728	-0.0201423576	-0.0014371824	0.0353387598	-0.0512801743	0.0301725366	-0.0167648806	-0.007095709	0.0012727745	-0.0512476024	-0.0845921349	0.0734295036	-0.0371037567	0.1177897451	0.0235661688	0.0151109589	-0.0366418347	0.0450753709	0.0090396702	0.0753124695	0.0003762859	0.0883293083	0.0796476241	0.0658046293	0.047697375	0.0264992443	0.0035839144	-0.0015210334612021	-0.0015708473421511	2.467561372343318e-06	2.31354279009644e-06	-0.0562756042223213	0.0079639199493187	0.0031669436305873	6.342402095915636e-05	-0.0681151827489117	-0.0025994112946393	6.756939078698408e-06	0.0046396781209176	0.0007670324507657	0.0011724997070716	1.374755563082988e-06	5.88338780527636e-07	-0.0004109393291888	9.238398300000359e-08	8.53480031494495e-15	1.6887113227414092e-07	0.0001576575582644	7.406114167000076e-07	2.485590567789268e-08	5.485052705463923e-13	0.0	0.0	0.0	0.0	0.0	0.0	0.0	0.0	0.0	0.0	0.0	0.0	0.0	0.0	0.0	0.0	0.0	0.0	0.0	0.0	0.0	0.0	0.0	0.0	0.0	0.0	0.0	0.0	0.0	0.0	0.0	0.0	0.0	0.0	0.0	0.0	0.0	0.0
812.4829661957035	-0.8505919595185105	0.7235066815975394	660128.5703581687	936.6473096853956	2.4290181169606058	877308.1827408894	5.900129012522847	771.6613171927055	0.2208125811265517	0.04875819598377	595461.1884515813	773.2994960515748	673.6709670307924	0.961959	33.389767	0.1585403895880868	0.0827971606037548	-0.0002098186	0.0025491899	-0.116359733	0.0012067893	0.0044285552	-0.0445930583	-0.0334763241	0.0180257398	0.0937431024	-0.0253625679	0.0418890063	-0.0466722509	-0.0204123834	0.0233227014	-0.0130188215	0.0227564005	-0.0667397318	0.0116009557	-0.006876103	-0.0108833445	-0.0171118546	-0.0075470636	0.0327197201	-0.034367689	-0.0777829681	-0.0285243909	-0.0715375667	0.0032364116	0.0917407564	0.0081280712	-0.0331097922	0.0566212095	-0.0522276176	0.0222357953	0.0035685666	-0.0457762772	0.059943947	-0.0497003586	-0.0419917934	0.0294224769	-0.0220017183	0.0619847278	-0.0382155333	-0.036612115	-0.0860738844	-0.0950301727	0.0763301215	-0.0934756813	0.0760523512	-0.0627443928	-0.0058066386	0.0188659809	0.1038888756	0.0684758473	0.0126386089	-0.0426024791	-0.0124573599	0.0117146848	-0.0036936481	-0.0303425606	-0.0955082463	-0.0484552079	0.0054285535	0.0722938539	-0.0795855905	-0.0574460946	0.0573644104	-0.0294297065	-0.0760174951	-0.0286447671	-0.0869158386	-0.0187911631	0.0462695129	-0.0009630417	-0.0423030155	0.0557518147	-0.0004136233	0.0325958619	-0.0489282634	-0.0200310977	-0.0161366349	0.0227276765	0.01181019	0.0193416565	-0.0492154876	0.0363074607	0.0383992602	0.0453301714	-0.1050653433	0.0091573078	-0.0044947234	-0.0080971264	0.0617677649	0.0524756532	0.0069370179	-0.0924413722	0.0139041718	-0.0757559852	0.0242207059	-0.0052231099	-0.0453048724	0.0315642982	0.000188129	-0.0114387143	-2.98375e-05	0.0779304599	-0.0384174134	-0.0524065158	-0.0517902124	0.0663422091	-0.0005976144	0.0823498117	0.0001833696	-0.0611998566	0.0318102947	0.0751543627	-0.0151775548	-0.0092553202	-0.1087463114	0.0423087839	0.0280187646	-0.0124074364	0.0554414037	0.1395974191	0.0844403703	0.0179772623	-0.0157593645	-0.0428200413	0.0106738178	-0.0322485539	-0.034348853	0.0278450886	0.0097262702	0.0319951205	-0.1118200993	-0.0662692166	0.0105671277	0.0197274145	0.0349438111	-0.0113034476	-0.0126466738	-0.0138688749	-0.021797674	-0.0259476705	-0.0080625172	0.0377315712	-0.0322994955	0.0234074278	0.0149676607	-0.0307635979	0.0789510222	-0.018071463	0.0061871699	-0.0134178175	-0.0129562125	-0.0972448965	0.0498600162	0.0503820055	-0.0094048714	-0.0319523075	-0.0150778411	0.0027435654	0.0116396324	0.0042863928	0.0918456493	0.0028021366	0.0880200359	0.0784527129	0.0632699305	0.0435584361	0.0207291319	-0.0035839144	0.0078166067177818	0.0093376401789839	8.719152411217448e-05	6.109934058047156e-05	-0.0138193941854325	0.0424562100368888	0.0001909756556523	0.0018025297706964	-0.0179500700801185	0.0501651126687932	0.0025165385290727	0.0003222050158811	7.498783850428145e-05	-0.0006920446122614	4.789257453600572e-07	5.6231759235441956e-09	-0.0002330042486691	0.0001779350805197	3.1660892879552124e-08	5.429097989785178e-08	-0.0001039912830229	-0.0002616488412873	1.0814186944748891e-08	6.84601161469867e-08	0.0	0.0	0.0	0.0	0.0	0.0	0.0	0.0	0.0	0.0	0.0	0.0	0.0	0.0	0.0	0.0	0.0	0.0	0.0	0.0	0.0	0.0	0.0	0.0	0.0	0.0	0.0	0.0	0.0	0.0	0.0	0.0	0.0	0.0	0.0	0.0	0.0	0.0
812.2679838187478	-0.2149823769557315	0.0462174224015362	659779.2775369735	934.004917080555	-2.6423926048406656	872365.1851306544	6.982238678116638	770.6936120392378	-0.9677051534677048	0.936453264047954	593968.6436380872	772.3990036864641	669.9975669452292	0.955103	33.151806	0.057564441077	0.0340531999040598	-0.0006082585	-0.0198565886	-0.1223437805	0.0196320963	-0.0364622902	0.0141247917	-0.000913963	0.0116511134	0.0670927042	-0.0113982405	0.0066038221	0.0018339583	-0.070055892	-0.0299886112	0.0255731401	-0.011648373	0.1046062573	-0.0924895198	0.0064720455	0.0148785897	0.0107222319	0.001132245	0.012789215	-0.0471994041	-0.037311739	-0.0051237755	-0.0431683269	-0.0131200698	0.0835671579	0.0324447183	-0.0113532455	0.0078394033	-0.0813676518	0.0108443814	0.0074142784	0.0029923236	-0.0254962633	-0.0030646519	-0.0078839035	-0.0464598755	0.0607862495	0.024836466	-0.0843946578	-0.0754278544	-0.0537872799	-0.0947725348	0.0450570988	0.025218136	-0.1014476652	0.0542988836	0.0731991883	0.0055888588	-0.0675168464	-0.0103974701	-0.114221332	0.1316620525	0.0263780905	0.0437743202	-0.000328498	0.0828662941	-0.0804132721	0.0062517192	-0.007013763	0.0071600453	-0.0292743366	-0.0400882363	-0.079403545	-0.0929756219	0.1239349159	-0.0361803398	0.0729752431	-0.0677755312	-0.0408504335	-0.0335105914	-0.032896262	0.0191685031	-0.0355509329	0.1151931858	0.031085529	-0.0375036829	0.1198033093	-0.0036183879	-0.007202289	-0.0116953263	-0.0232400802	0.0300006625	0.0279907667	-0.0026536315	-0.0346527846	-0.0300157593	-0.053257159	-0.0950045838	0.0368903701	0.0459068854	0.0156872401	0.0042090238	0.0379541886	-0.0690987549	0.0638113594	0.0013514216	-0.0524464845	-0.0005304425	0.0109189736	-0.0185110425	0.049477477	-0.0185423834	-0.0738806794	-0.0217893624	-0.0500401182	-0.0299869535	0.0654685944	0.0578480843	0.1070475193	-0.0465754943	-0.0397258796	-0.0104092568	-0.0235445125	0.050623686	0.1139343512	-0.0464916971	-0.0386236289	0.0685823821	0.0936491817	-0.0503620061	0.0299938677	0.1212475611	-0.0516559973	0.1008386048	-0.0163392505	-0.0360594519	-0.0351573957	0.0554720776	0.0084240058	-0.0512110078	0.0896253345	0.042656875	0.0614078154	-0.0278227844	0.0999233737	-0.0422073289	-0.0268568952	0.0084805162	-0.0073394054	-0.0149117982	1.3411e-05	0.036078872	-0.0458270656	-0.0029714323	0.0180537967	-0.0656599732	0.0799646779	-0.0575286643	-0.0187152362	-0.0440917348	-0.0005624203	0.012590398	0.0414830521	-0.0265244832	-0.0292268152	0.0373900432	0.0322821687	0.046569415	-0.0113954718	0.0270977708	0.0446034512	0.0468073268	0.0876956817	0.0772040342	0.060637674	0.0393001065	0.0148702542	-0.0107296473	0.0059111509780223	-0.0019054557397594	3.630761576182422e-06	3.494170588497399e-05	-0.0168621890779547	-0.0030427948925222	0.0002843334205006	9.258600757959198e-06	-0.0265090962196978	-0.0085590261395793	7.325692845800174e-05	0.0007027321823851	-0.0005690208581391	-0.0006440086966433	4.1474720135230683e-07	3.237847369973577e-07	-0.000159923552816	7.308069585309999e-05	5.3407881063733074e-09	2.5575542745291945e-08	-0.0002680451766292	-0.0001640538936063	7.184821671417903e-08	2.6913680007387202e-08	0.0	0.0	0.0	0.0	0.0	0.0	0.0	0.0	0.0	0.0	0.0	0.0	0.0	0.0	0.0	0.0	0.0	0.0	0.0	0.0	0.0	0.0	0.0	0.0	0.0	0.0	0.0	0.0	0.0	0.0	0.0	0.0	0.0	0.0	0.0	0.0	0.0	0.0
814.0077619132038	1.7397780944560282	3.0268278179490484	662608.6364549431	945.4566057507036	11.451688670148656	893888.1933576413	131.1411733980111	773.7820921253385	3.0884800861007307	9.538709242240778	598738.7260938658	775.7831321252233	667.6444449323794	0.968699	33.623711	0.0936587538824859	0.0463183660403097	0.0190657458	0.0049383637	-0.099460089	-0.0220631051	0.0475888269	-0.0449559824	-0.0079091608	-0.0715918527	0.1015776298	-0.0497054806	-0.0246065791	-0.0212680427	0.0032233571	0.0310486057	-0.0062104088	0.002366404	-0.0488311667	0.0513044575	-0.0456373603	-0.0191737103	-0.0221985251	0.0009906316	0.0113254351	0.0206788497	-0.0576280795	-0.0444885206	-0.0087980318	0.0271089219	0.0446953873	0.0003056323	-0.0170172478	0.0039303886	-0.0066129589	0.118428249	-0.0225742241	0.1316135456	0.1148493528	-0.0145237733	-0.0436355327	-0.0097226071	-0.0151602039	0.0439048162	0.0332940249	-0.0299139006	0.0169804565	0.0996180604	0.129465713	0.059318851	-0.0113899277	0.0104375338	0.079294538	-0.0114769622	-0.0912909503	0.0804090623	-0.053916347	0.0229494574	-0.0314743008	0.0844885404	0.0525205396	-0.015292374	-0.0334317321	0.0180892476	-0.0555023425	-0.058785754	0.0800619954	0.0701009887	0.0259760066	0.0730790894	-0.033147796	-0.0410167095	0.1052174915	0.0525656453	-0.029286273	0.0489148982	0.0767605204	-0.1251674018	-0.0762846736	0.0329044776	0.1081869745	0.0068351341	-0.1160354308	0.0552533338	0.0117297551	0.0390435144	0.0124159095	-0.0085706143	-0.0559431891	0.0246845318	-0.0918055471	0.0506084237	0.0412182976	0.000682435	0.0068565247	0.0916423445	0.0184326988	-0.0435877268	-0.0202246943	-0.0446032568	0.0061683127	-0.1160583462	-0.173132754	0.0692429411	0.0651710102	0.0294402884	0.0682237634	0.0212024138	-0.0061938048	0.041319807	-0.0964449656	-0.0968547507	-0.0136078023	-0.0790607064	0.0430681946	0.076781248	-0.0340847185	-0.0382199247	0.1044813605	-0.0041706956	0.0485368174	0.0528079743	0.0820124152	0.0394703192	-0.013618765	-0.0100647785	-0.1277989267	0.0116980789	0.033633859	0.0012592094	-0.029077891	-0.0101421374	0.0450423438	0.0557539156	-0.0369551296	0.0272331241	0.0789202911	0.0138987099	0.0393060045	0.0208611701	0.0725585019	0.0124484565	-0.0372505269	-0.0573378702	-0.0124082519	-0.0238998985	0.0024781416	0.0194510485	-0.0481926736	0.0173521318	-0.0027410499	-0.0171912986	0.0665416576	-0.0249408986	-0.0077697981	0.0427436448	-0.0626971458	-0.0620402883	0.0744141164	-0.0203035059	0.049855119	-0.0265625732	-0.0534141852	-0.0200741647	0.0363805183	0.0016927932	0.0833021806	0.0045224927	0.0873563013	0.0759024438	0.0579119187	0.034934058	0.0089476998	-0.0178092284	0.0193516727209157	0.0134405217428934	0.0001806476247211	0.0003744872370974	-0.0476798021935991	-0.0308176131156444	0.0022733635372207	0.0009497252781455	-0.0309362399898702	-0.0044271437701723	1.9599601961776286e-05	0.0009570509447108	-0.0003150046976551	0.000254016160484	6.452420978703323e-08	9.922795954478097e-08	6.047526563901506e-05	0.000220398818455	4.85756391763667e-08	3.657257754109436e-09	0.0001570093495073	0.0004250545261365	2.4651935832705488e-08	1.8067135018912453e-07	0.0	0.0	0.0	0.0	0.0	0.0	0.0	0.0	0.0	0.0	0.0	0.0	0.0	0.0	0.0	0.0	0.0	0.0	0.0	0.0	0.0	0.0	0.0	0.0	0.0	0.0	0.0	0.0	0.0	0.0	0.0	0.0	0.0	0.0	0.0	0.0	0.0	0.0
813.5622874202356	-0.4454744929681737	0.1984475238852515	661883.5955124461	937.6192354658236	-7.837370284879967	879129.8307155157	61.42437298231949	774.0272855116542	0.245193386315691	0.0601197966929556	599118.2387165398	776.1882091067423	678.1629187558983	1.085714	37.685326	0.1878891404646655	0.1146541562742519	-0.0633868791	-0.0584264146	-0.0890033082	-0.0087145163	-0.0001287207	0.0755989054	0.0284184818	-0.0083348403	0.1024943063	0.0114327359	-0.0044801808	-0.0153697836	-0.0223530508	0.0008542282	-0.0356636084	0.0555600902	-0.0153890506	-0.0845627592	-0.0447046971	-0.0425719185	0.0003955106	-0.012488177	-0.0588974129	0.0025314807	-0.0604905195	0.004267059	-0.0256913027	-0.0013358379	0.0521574208	-0.0071449482	0.0122671304	0.0101393875	-0.0954816382	-0.0205840151	-0.0710167514	-0.1558411035	0.012074865	0.0536282219	0.0633233061	-0.0143531667	-0.0504298527	-0.008334254	-0.160861939	-0.0938038808	0.0438983451	0.0514050127	0.0054118694	0.0542731424	-0.0809467992	-0.04244592	0.0855456915	-0.0584977405	-0.0492922785	-0.0174418764	0.0184656427	0.0337626353	0.0673544576	0.1216062474	-0.1152796399	0.0536888919	-0.0653280068	-0.1742151571	-0.0512379067	-0.0637450425	0.0015900434	-0.0240173678	-6.8057e-05	-0.0088825732	0.116484859	-0.0145121287	-0.0243997199	-0.0118461956	-0.0039657775	0.0778241985	0.0057558288	0.0500438576	0.0229068887	0.0984092958	-0.076881753	-0.0237473771	0.0714836687	0.0346063509	0.0533912518	0.0087876092	0.0019599729	-0.0316470118	0.0312535208	-0.0615998704	-0.0466446784	-0.0621024742	-0.0027709285	-0.0627953476	0.0490901093	0.0692671644	-0.0208082085	0.0685328189	0.0096944131	-0.0403730157	0.0718163028	0.0205353344	0.0016330081	0.0786414764	-0.0635710958	-0.0333596631	-0.0933112829	0.0732630607	-0.0017345899	-0.0191459845	0.032827126	-0.0036833672	-0.0545042891	0.102354503	0.1052575568	0.010937274	-0.0996654823	-0.0454547995	-0.0526151989	-0.0081311017	0.0589305428	0.0253407381	-0.0516417305	0.1666061025	0.0391930179	0.0901647499	-0.0491340427	0.0099132344	-0.0244962434	0.0852000332	-0.1668245904	0.0603389514	-0.0692612727	0.0695961136	-0.020956373	-0.1035194608	0.0627573649	0.0368223507	0.0410984259	-0.0955684956	-0.0826120429	-0.0191039637	-0.0067858477	-0.0356353033	-0.0093198512	0.0356292519	-0.0018336429	0.0290027588	-0.028493232	-0.0475317408	0.0355720939	-0.0558368856	0.0862881523	-0.0313594911	-0.0429133318	-0.0558828234	-0.030888663	-0.0339483584	-0.0343354787	0.0494504893	-0.028252068	0.009671165	0.0454944671	-0.0567594849	-0.043794465	-0.05570201	0.0207322708	0.0369471904	0.0870019529	0.0745488335	0.0550968674	0.0304722578	0.00298683	-0.0247790096	-0.0077283167624671	-0.0270799894833827	0.0007333258304201	5.972687998102996e-05	-0.0525792988820228	-0.0048994966884236	0.002764582670925	2.4005067799874765e-05	-0.1124398573760885	-0.0815036173862183	0.006642839647039	0.0126427215267551	0.000749008629145	0.0010640133268001	1.1321243596082163e-06	5.610139265336722e-07	6.0399955208900735e-05	-7.531043011432814e-08	5.671660884005103e-15	3.648154589237215e-09	-0.0002670227513953	-0.0004240321009026	7.13011497627162e-08	1.7980322259587277e-07	0.0	0.0	0.0	0.0	0.0	0.0	0.0	0.0	0.0	0.0	0.0	0.0	0.0	0.0	0.0	0.0	0.0	0.0	0.0	0.0	0.0	0.0	0.0	0.0	0.0	0.0	0.0	0.0	0.0	0.0	0.0	0.0	0.0	0.0	0.0	0.0	0.0	0.0
812.8512490482251	-0.7110383720105347	0.5055755664713915	660727.1530792597	939.1982199928976	1.5789845270739988	882093.2964378273	2.4931921367391	774.1386291618062	0.11134365015198	0.0123974084291665	599290.6171605205	775.91425375834	664.831673580564	1.14777	39.839302	0.1266937587652891	0.078454305436422	-0.026062999	0.0004893807	-0.0441434696	-0.0824002781	-0.0046606604	-0.0895307965	0.0371575981	-0.0947132235	0.0657630779	0.0191561525	-0.0381512071	-0.0469175567	0.0403547623	0.0293577772	0.0111147089	0.0112044931	0.0092466473	-0.0116261092	-0.0414730813	-0.043980491	-0.0395616658	0.0436147604	-0.0145405881	0.0258594386	0.0435983637	-0.0344080286	-0.0137791841	0.0691111179	0.0033157384	0.0395075365	0.0781093949	-0.0428585835	0.0359917296	-0.001697687	-0.0119291432	-0.0158962343	-0.0649809755	0.1534934493	-0.1352207401	-0.0242169221	0.0826796774	0.0838613316	0.1282817691	0.0056498442	-0.0259985058	-0.161212013	0.0276589505	-0.0561532886	0.0027721022	0.0555310601	0.0611196099	-0.0236261381	-0.0284788828	-0.0442330378	0.0008212055	-0.1466644951	0.1025031203	0.0223721575	0.0858122085	-0.0841219313	-0.0350117712	-0.055352421	-0.0152498973	-0.0578207384	0.0032491829	-0.0528210945	-0.0191273688	0.1160989856	0.0740833999	-0.0292055061	-0.0203934779	-0.080319872	-0.0478007714	0.0061564772	0.0883000183	-0.0668056905	-0.0099228677	-0.0514246764	-0.0259195126	-0.0680177599	-0.0456190437	0.0393924546	0.0344368149	0.0536315949	0.0552457193	-0.0225776423	-0.0798003265	0.0569970227	0.0016976202	0.0397332639	0.0318669892	-0.0560553219	0.0219096302	0.0582485281	0.0218677954	-0.0207772741	-0.030398848	0.0024147852	-0.0127393291	0.0768709249	0.0312006187	-0.0200322972	-0.0204632294	0.0810341952	0.0834335541	-0.0354977045	0.0192305668	-0.1221506368	0.0011245821	0.0478890988	0.0482991365	-0.1658735625	0.1504698715	-0.026590867	0.0120911497	0.1762058832	-0.016178775	-0.0749449721	-0.1408944468	0.0452653547	0.0491659587	-0.0386174652	-0.077427024	-0.0087595179	-0.0526335397	0.1420151179	-0.0431897669	0.0219498627	0.001331006	0.1297540615	0.0940641119	-0.0618372389	-0.0198799439	-0.0625761422	0.0678396415	-0.0694770919	0.0180736055	-0.0173423707	0.0107317513	0.0744037876	0.0874502355	0.0074884322	-0.0131376334	0.0024424357	7.19852e-05	0.0236220462	-0.0115743465	-0.0247543534	0.0243456031	0.0269100899	0.0856026654	-0.0125043348	-0.0035673191	0.0826243341	-0.0684685261	0.0391124472	0.0626094266	-0.0821827198	-0.0466094119	-0.0757048615	0.0133522643	-0.0114405934	0.0233866427	-0.0057900669	0.0103351077	-0.1368074766	0.0866326972	0.0731441312	0.0521968607	0.0259269352	-0.00298683	-0.0315960199	-0.0129833751798997	-0.0052550584174326	2.761563897062922e-05	0.000168568031062	-0.0171175039336759	0.0354617949483469	0.0002930089409194	0.0012575389009586	-0.0493132897158687	0.0631265676602197	0.0039849635445603	0.0024318005426012	0.0004120115813715	-0.0003369970477735	1.1356701020805465e-07	1.6975354318424418e-07	6.042020539109849e-05	2.025018219775632e-08	4.1006987904232685e-16	3.650601219502527e-09	-0.0003870122082254	-0.00011998945683	1.4977844931550036e-07	1.4397469750382429e-08	0.0	0.0	0.0	0.0	0.0	0.0	0.0	0.0	0.0	0.0	0.0	0.0	0.0	0.0	0.0	0.0	0.0	0.0	0.0	0.0	0.0	0.0	0.0	0.0	0.0	0.0	0.0	0.0	0.0	0.0	0.0	0.0	0.0	0.0	0.0	0.0	0.0	0.0
811.5126967407489	-1.3385523074762204	1.7917222798499142	658552.8569714427	929.842898179385	-9.35532181351266	864607.815294638	87.5220462343858	772.2099602525668	-1.9286689092393767	3.719763761466609	596308.2227132708	774.7135427210453	673.5154186548065	1.2497	43.377293	0.4638428932780997	0.2744090337636047	-0.047345499	-0.0487811258	-0.0144791603	-0.0626288976	0.0389253597	0.1168867394	0.0626540465	0.021957842	-0.0060542565	0.0690205917	-0.0400977643	-0.0299919863	-0.0417237553	-0.0375198923	-0.0103621932	-0.0293597471	0.0568318376	-0.1054667609	0.0044546949	-0.060984614	0.0046787452	0.0507053261	-0.0162674378	0.069723902	0.0381939886	0.0766268907	0.0799058099	0.005807551	0.0701909531	-0.0460247814	-0.0453409468	-0.0031631779	0.0720021343	0.1239546925	-0.095374135	0.0475653336	-0.0631103136	0.0780160653	-0.0248389686	-0.0896537757	-0.0371460304	-0.1924286785	0.0059236166	-0.0401026963	0.0748793159	-0.0029044517	-0.0559362948	0.0070058201	-0.1568525247	-0.0191411761	0.0900575249	0.0179047936	-0.0880778904	-0.1232580186	0.0212573648	-0.1223944327	-0.083997139	0.0487481631	0.0686113236	-0.1125083487	0.0127398281	0.065308205	-0.0298985608	0.142041751	0.0285129496	-0.0055871086	0.1569986908	-0.0063434289	-0.0687079902	0.0837742582	-0.0035599421	-0.0145768707	-0.0163225072	0.0360610636	0.0630251394	0.1154029796	-0.0370006866	-0.0602046436	-0.052790913	-0.0292890139	-0.0327522319	-0.0327231529	0.0721958577	0.0101439975	0.0882420914	0.0175561278	0.0067482224	-0.126480888	0.0602653007	-0.0297633998	0.0161458318	-0.0287468731	-0.0332499759	-0.0073283526	-0.0749659615	0.0004551359	-0.081788231	0.0426428195	-0.0027846356	-0.0491561431	0.1109217078	0.065485591	0.001508596	0.0626443594	0.1275947157	-0.0850805509	0.0789110932	0.1512686972	0.0786896209	-0.0144377988	0.0780569237	-0.0121886162	0.0892131179	0.102279661	0.0005950855	-0.0528324392	0.0114953316	0.0630286421	0.0697945043	0.1553182053	-0.084744144	0.1089849949	-0.0150318437	0.0030471871	0.0277585566	0.0838357408	-0.0862939494	-0.0482460547	0.0515011638	0.1452122546	0.0372554631	-0.1397836959	0.0046225424	0.051299803	0.0080177823	-0.0820855068	0.0054892749	0.0866562731	-0.1243146389	0.0038653985	-0.044129439	0.1192271344	0.0211105305	0.0768684719	0.0584284767	-0.0471982819	-0.0171283269	-0.0327980307	0.0541305314	0.1409726939	0.1015314944	-0.1206907675	-0.0057326837	0.1523311456	-0.0877122676	0.0611564637	-0.0502838242	0.1308687383	0.0808663105	0.0094489673	0.0065272718	-0.1801871481	-0.0505472581	-0.1102172767	-0.0648655302	-0.2100971698	0.0862485974	0.0716892996	0.0492163702	0.0213105486	-0.0089476998	-0.0382182304	-0.0454821551381883	-0.0324987799582886	0.0010561706987772	0.0020686264360142	-0.0701729109343745	-0.0530554070006986	0.0049242374290036	0.0028148762120097	-0.2871818161972612	-0.2378685264813924	0.0565814358904289	0.0824733955543575	0.0007333133112632	0.0003213017298917	1.0323480163139894e-07	5.377484124757989e-07	0.0021947287062218	0.0021343085008307	4.555272776718197e-06	4.816834093914017e-06	-0.0007398055742574	-0.000352793366032	5.473122877023214e-07	1.244631591161888e-07	0.0	0.0	0.0	0.0	0.0	0.0	0.0	0.0	0.0	0.0	0.0	0.0	0.0	0.0	0.0	0.0	0.0	0.0	0.0	0.0	0.0	0.0	0.0	0.0	0.0	0.0	0.0	0.0	0.0	0.0	0.0	0.0	0.0	0.0	0.0	0.0	0.0	0.0
813.1646036050013	1.6519068642523962	2.7287962881641845	661236.6725560789	939.4250428684632	9.582144689078175	882519.4111684138	91.81749684242912	771.9432374568948	-0.2667227956719671	0.0711410497310699	595896.3618554319	773.7092053786971	666.3818659895236	1.27717	44.330795	0.4687491058412303	0.3218214407199389	-0.0149376824	-0.0147485525	-0.0647638597	-0.0119053676	-0.0180456132	0.0343725268	0.0436635963	-0.0225860955	0.0465081512	-0.1051680128	-0.1192512619	-0.0852749846	-0.0034032199	-0.0853665069	-0.1708655936	-0.0596586196	0.0508617255	-0.0365543699	-0.0138460156	-0.0154282027	-0.0072987764	0.0361562757	0.0314030505	-0.009710549	0.0221406008	-0.0320353472	-0.0498214435	-0.0115040074	-0.0042642385	0.014433438	0.0807036842	0.0317583957	-0.0442641354	-0.033544465	-0.0437551526	0.0094352866	0.0107909238	-0.0170682389	0.1388927959	-0.0116211481	-0.0947611983	-0.0535442745	0.0758004538	0.0791571311	0.0270586698	0.0550794663	0.0439170618	0.049547282	0.1180950255	0.0075225657	-0.0040983846	-0.0151005008	0.0316242825	-0.117105394	-0.019899706	0.1429590927	-0.0661082784	-0.056795588	-0.0114270326	-0.021136028	-0.0917724853	-0.0373577295	-0.0970313081	-0.069993803	0.1003973485	-0.0511396765	-0.00548646	-0.003667728	-0.0534374883	0.0675879689	0.0203833142	-0.0843005146	0.0121970034	-0.0449153604	-0.031770864	-0.0022518572	0.0254132686	-0.0482051168	-0.0121715195	-0.0208954595	0.0352246513	0.0029419867	0.0188384956	0.0092420735	0.0315479179	0.0289245546	-0.0413536672	0.0035506854	-0.0022255223	-0.0160813599	-0.0746190003	-0.04240794	0.0308010848	0.0425773656	0.0091005233	0.0833183563	-0.0198662478	0.0663791585	0.0010277212	-0.0313840615	-0.0990898379	-0.04340341	-0.078114332	-0.0764685706	-0.1141185968	-0.0199690606	-0.0260379375	0.069418045	0.0134666878	0.0720158267	-0.0266977197	0.0625375955	-0.137131946	0.1272073182	-0.0952190026	0.0213642026	0.1279851642	-0.0682003429	-0.0161628003	-0.1645167479	-0.0323997926	0.0198700149	0.0420332195	0.0380797635	-0.0805123766	0.0039687931	-0.0142426488	-0.0481005491	0.0165415053	-0.020463308	-0.0502736802	-0.0815268265	0.0735800023	-0.0888634999	0.0625070446	-0.0480215089	-0.0459788851	0.0906800559	-0.0588135925	0.0105377973	0.0452223454	0.036504767	-0.0166107575	-0.0006456489	-0.0109743631	0.013405317	-0.0456159714	-0.0439024715	0.0261867391	-0.0577669685	0.093679949	-0.0044001999	0.045839429	0.0254109777	0.0273422147	0.1115784258	-0.0460744354	-0.0372388818	0.0101286078	0.0055236597	-0.0082048792	0.1022441957	-0.0625475562	0.0126751447	-0.0603289713	0.0669513331	0.0858497193	0.0701853358	0.0461599916	0.0166357513	-0.0148702542	-0.0446048127	0.0035460017000445	0.0490281568382328	0.0024037601629543	1.2574128056718484e-05	-0.0345060587224281	0.0356668522119464	0.0011906680885556	0.0012721243467088	0.00847548655031	0.2956573027475712	0.0874132406679689	7.18338722644857e-05	-0.0003929262526045	-0.0011262395638677	1.268415555220907e-06	1.5439103998581538e-07	0.0015551430212545	-0.0006395856849673	4.090698484150905e-07	2.4184698165565743e-06	-0.0007376949422228	2.1106320346000497e-06	5.441938277811002e-07	4.454767585479945e-12	0.0	0.0	0.0	0.0	0.0	0.0	0.0	0.0	0.0	0.0	0.0	0.0	0.0	0.0	0.0	0.0	0.0	0.0	0.0	0.0	0.0	0.0	0.0	0.0	0.0	0.0	0.0	0.0	0.0	0.0	0.0	0.0	0.0	0.0	0.0	0.0	0.0	0.0
808.597267078677	-4.567336526324311	20.860562944696227	653829.5403271052	934.6785980121856	-4.746444856277549	873624.0815820248	22.5287387736836	771.3505205644336	-0.592716892461226	0.3513133146088926	594981.6255750228	772.6223804334654	664.0040631466458	1.137376	39.478516	0.1470637399947429	0.0745634773487984	0.0302435876	0.0441981322	-0.0386860836	-0.0233998856	0.090801852	-0.0684689854	0.0125407411	-0.085875928	-0.0108405652	-0.0469766147	-0.0014480384	-0.0295977576	0.041699065	0.0696858347	0.0203167443	0.0377754964	0.0416675831	0.1076467532	-0.0181953037	0.005013003	0.0158829523	-0.010429242	0.0249631582	0.0219473923	0.0060540849	-0.0011793871	-0.0110751502	0.0423027878	0.0100479322	0.0483017206	0.0079726142	-0.000990733	0.0272174637	-0.035201124	0.0381132391	0.181669568	-0.0492951544	-0.0142984048	-0.0192909382	-0.0187945757	-0.0029849897	-0.084761868	0.0206517745	-0.087075444	0.010010058	-0.0639255663	0.0702712745	-0.0729924631	-0.0532122634	-0.0080145948	0.0566436289	0.1060592154	-0.049323881	-0.0274100416	0.0489773926	0.0369870962	-0.0034554235	-0.0155928216	0.0949138891	0.0344930572	0.0415816381	0.0430483458	0.0429532443	-0.1200051639	-0.0408148781	0.1244308921	-0.0379369994	0.037422598	0.1238468513	-0.011688178	-0.1112814196	0.024929138	0.1354287682	-0.0518116067	-0.0196825213	0.0806913786	-0.0316427753	-0.0279066495	0.0795416253	-0.1452482491	-0.044306534	0.0355905725	0.002825246	-0.0040568577	-0.0022702004	-0.0117963018	-0.09786332	0.0778126557	-0.0607603149	0.0239593898	0.025478166	-0.009000618	-0.0205123864	-0.0101353149	0.0789818242	-0.0803959584	0.0286595182	-0.0182976761	-0.0337905666	0.0397469789	-0.15380952	-0.0890249825	0.0849543874	-0.0063196653	-0.0238148227	-0.1011419907	0.1431294001	0.0929548238	0.0550075704	0.088883025	-0.0178743112	-0.0247771402	0.0944429005	-0.0154448514	0.0153579541	0.0778258136	-0.0091469336	-0.066437867	0.0221218429	-0.0199040206	0.0051823538	0.0594194577	-0.0745964055	0.0250951398	0.0893758534	0.0831823569	-0.0335783698	0.0395371154	0.0191245548	-0.0994662274	0.1555766685	-0.0357530646	0.0386166414	0.1379234795	0.0801085295	0.1331881583	-0.0799842828	0.0672751917	-0.0664594735	-0.1112363196	0.0893754417	-0.0828470912	-0.0304003307	-0.0460615072	-0.0216861833	0.0214783669	-0.0245966113	0.0506768014	0.0009953307	0.0421889559	0.0448998256	0.0500491288	0.093088979	0.0710987649	-0.0052990888	-0.0701548615	0.0487465118	0.0458894464	-0.0598375646	0.0289538902	-0.1104807633	0.0393108046	0.0089205798	-0.0501594808	0.0310201554	-0.0032172737	0.0854361313	0.0686332704	0.0430324377	0.0119153566	-0.0207291319	-0.0507163915	0.0166743615584579	0.0131283598584134	0.000172353832572	0.0002780343333821	-0.0114473323099275	0.0230587264125006	0.0001310414170139	0.0005317048637665	0.0730476820438639	0.0645721954935539	0.0041695684308577	0.0053359638519814	-0.0001937197384682	0.0001992065141363	3.9683235274335904e-08	3.7527337072187815e-08	0.0010140536835394	-0.0005410893377151	2.927776713889656e-07	1.0283048730998255e-06	-0.0005519016294687	0.0001857933127541	3.045954086102062e-07	3.4519155064142827e-08	0.0	0.0	0.0	0.0	0.0	0.0	0.0	0.0	0.0	0.0	0.0	0.0	0.0	0.0	0.0	0.0	0.0	0.0	0.0	0.0	0.0	0.0	0.0	0.0	0.0	0.0	0.0	0.0	0.0	0.0	0.0	0.0	0.0	0.0	0.0	0.0	0.0	0.0
807.2257664359652	-1.3715006427117942	1.8810140129588644	651613.4379981314	926.8842363453874	-7.794361666798181	859114.387585572	60.752073792852926	770.6948768634749	-0.6556437009587626	0.4298686626069032	593970.5932236067	773.0123213496521	660.3389769348677	1.030762	35.777931	0.0458886264607548	0.021197774785782	-0.0062097949	0.0253378406	0.0030429831	0.0236699106	0.012004065	0.0191963702	-0.0028195029	-0.0175339115	-0.0221738908	0.1137411664	0.1189407546	-0.0291860704	-0.0298598379	0.0143106194	0.0484357582	0.0210119398	0.0124809628	-0.0212483683	-0.0096378407	0.0125836874	0.0278585298	0.000971389	0.0252496494	-0.0362228441	0.0151218018	0.0046231869	0.0395882982	0.0492839301	0.022505918	0.0436239922	-0.0613012108	0.011608951	-0.0257349787	-0.02268332	-0.0901666986	0.006065344	0.0650220307	0.0851669006	0.0824215554	-0.0925973673	-0.0603755719	0.0070135521	0.0255395895	-0.0187696757	-0.0267537253	-0.0407217355	-0.0802903813	0.1132128539	-0.0174573642	-0.0337953949	-0.0094986436	-0.0834008365	-0.0376230086	0.1648300807	-0.0447287129	0.0768045549	-0.031600699	-0.007909839	0.0350417899	0.030512317	0.0403920181	0.1126487953	-0.0203432338	-0.0009589482	-0.108709217	-0.0145120391	-0.0448356945	0.0327912748	-0.1131784464	0.0529780312	0.0975930692	-0.0790624379	0.0291709657	-0.035990949	0.0409539102	-0.0296938676	-0.086938642	-0.0844191294	-0.0165403574	0.0401709175	0.1058825301	0.0103367835	4.08967e-05	-0.028418076	0.0045916077	0.0235383139	0.0005931546	-0.0094023661	0.0411024181	-0.0837461547	0.0486135441	-0.0010324686	0.0635088644	0.0732741495	-0.0076786865	-0.0537474235	0.0025997862	-0.0842837343	0.0191168076	0.0693499958	0.0158257941	0.079511683	0.0342151708	-0.0434490946	-0.0128228578	-0.0641890469	0.0162086009	-0.0562848443	0.0625279785	-0.1170793072	0.1115965511	0.0782712451	-0.0936881506	0.0043208831	-0.0614614589	-0.0322526572	0.0281496549	0.1519776349	0.1013736489	0.0281327121	0.0834715843	-0.0547519306	-0.0339352681	0.0037244719	0.0246475232	-0.0495425047	-0.0764838479	0.0341013763	0.0224303197	-0.0595245844	0.0955370496	-0.0502945236	0.0060190335	-0.0548773491	0.0457386237	-0.0353963701	0.0134939352	0.0265951874	0.0182811155	0.0017727279	0.0291872628	0.1542510305	-0.0289483527	-0.0190516607	-0.0178487937	0.0168246097	-0.0187931307	-0.001384475	-0.0130363737	0.0068772221	0.0500024756	0.0300536147	0.0676197689	-0.028302171	0.0809947443	0.0174357987	-0.0478911392	0.0757312078	-0.0915890749	-0.0043744605	-0.0069261214	0.0416197488	-0.061351531	0.0071036954	-0.0082360791	0.0224499794	0.0850079043	0.0670341672	0.0398385309	0.0071623028	-0.0264992443	-0.0565152869	0.0226291938569431	0.0059548322984851	3.546002770308251e-05	0.0005120804146151	-0.0260120196919046	-0.0145646873819771	0.000676625168452	0.0002121301185347	0.0622851350681514	-0.0107625469757125	0.0001158324174044	0.0038794380504578	-0.000284811764346	-9.10920258778e-05	8.297757178521787e-09	8.111774110988144e-08	0.0009810554649791	-3.299821856030008e-05	1.0888824281533327e-09	9.62469825365358e-07	-0.0003838606778152	0.0001680409516534	1.4734901997274478e-07	2.823776143261392e-08	0.0	0.0	0.0	0.0	0.0	0.0	0.0	0.0	0.0	0.0	0.0	0.0	0.0	0.0	0.0	0.0	0.0	0.0	0.0	0.0	0.0	0.0	0.0	0.0	0.0	0.0	0.0	0.0	0.0	0.0	0.0	0.0	0.0	0.0	0.0	0.0	0.0	0.0
804.4932727542088	-2.7324936817564094	7.466521720838697	647209.4259067777	930.0567906954471	3.172554350059727	865005.6339187148	10.065101104082895	768.8001842165826	-1.894692646892281	3.589860226187678	591053.7232514513	771.1510144310276	649.6993961571757	0.96501	33.495674	0.1041163429190718	0.0498521025911476	0.0272962858	0.0543480737	0.0214977782	0.0021963674	0.0207097721	-0.0498056831	0.0046490233	-0.0593105688	-0.0486515906	0.0090293686	-0.0361023975	0.0252760286	-0.0491114587	-0.0288080953	-0.0303954212	-0.0682683772	0.0719858266	-0.0469696151	0.0194908337	0.054602647	0.055931748	-0.0886913415	0.014983465	-0.0094907406	0.0618170618	-0.0420462155	0.0209927925	0.0011994882	0.0252548136	0.0426428637	0.0278316526	-0.0476766086	-0.0075615606	-0.0591112713	-0.0092977188	0.0196418105	0.0276330498	-0.0382886375	0.050868289	0.0096435197	0.0313267328	0.0855326525	-0.0967185814	0.035122118	0.1054836212	-0.0183087021	0.0744214959	0.1336243041	-0.0045007744	-0.0376084143	0.0362439048	0.0158496125	-0.0478616199	-0.0121259991	0.0378932271	-0.0446950796	0.0096460508	-0.0820574013	-0.0607140513	-0.0291983765	-0.151183715	0.0116273568	0.0169739177	0.0841294453	-0.105403264	-0.0763922925	0.0287861815	0.01979075	-0.0677287217	-0.0529438109	0.0166575641	-0.0163835103	0.1094325802	0.0263720914	0.085545985	0.0021904455	0.0220838354	-0.0893838541	-0.0679265333	-0.1401489036	-0.1152806967	-0.0084306147	-0.0477258011	-0.0697812197	-0.0474446428	-0.0517543092	-0.0530581076	-0.0078613957	0.0630023884	-0.0100604816	-0.0675887302	-0.0659630808	0.0154979906	0.0251648942	0.023959454	0.0344871968	0.0005358653	-0.0150411849	-0.0714763733	0.0451859872	-0.070389608	-0.0156845863	-0.0355303735	-0.0421713108	-0.0307639292	-0.0284501263	-0.0627804963	-0.045678864	-0.067887821	-0.1248510087	-0.0538212691	-0.0373880888	0.0281213774	-0.0593376771	-0.1155717666	-0.0462983592	-0.0278960456	-0.0525888113	0.009475253	0.0652150474	-0.0082418712	-0.0873469645	0.1049207718	0.0381704856	0.0267832738	0.0859390142	-0.040036058	-0.0290675873	0.0416293046	-0.0691768379	-0.0081911723	-0.0481501679	0.0677025751	0.0918638931	-0.0152780829	-0.0870341506	0.0230413983	0.0149945028	-0.0890814451	0.0927749423	0.022576054	-0.0079266114	-0.0264729842	-0.0369150004	-0.0307528919	0.0170893494	-0.0036352674	0.0300575345	-0.0102619801	0.0250007377	0.0142546468	0.0444651589	0.0741342024	0.0173115998	0.0816127706	0.0595739496	0.0256416815	-0.034981879	-0.0923420599	0.0361669435	0.0136439088	0.0757242775	-0.0027952101	0.053526261	0.0002913728	0.0333072786	0.0845651116	0.0653891221	0.036583196	0.0023896175	-0.0321558829	-0.0619657467	0.0256036174169764	0.0029744235600333	8.847195514481178e-06	0.0006555452248348	-0.0559216321618407	-0.0299096124699361	0.0031272289436442	0.0008945849181017	0.0966557449707039	0.0343706099025524	0.0011813388250734	0.0093423330358417	0.0001036963804956	0.0003885081448416	1.5093857860826164e-07	1.0752939327888253e-08	0.0012579859460108	0.0002769304810317	7.669049132444877e-08	1.5825286403606874e-06	-0.0003120653639575	7.179531385770002e-05	9.738479138192692e-08	5.1545670919256525e-09	0.0	0.0	0.0	0.0	0.0	0.0	0.0	0.0	0.0	0.0	0.0	0.0	0.0	0.0	0.0	0.0	0.0	0.0	0.0	0.0	0.0	0.0	0.0	0.0	0.0	0.0	0.0	0.0	0.0	0.0	0.0	0.0	0.0	0.0	0.0	0.0	0.0	0.0
804.6239233055687	0.1306505513599631	0.0170695665706623	647419.6579556457	929.4009507818254	-0.6558399136217758	863786.127314161	0.4301259922994184	770.8265918912435	2.026407674660959	4.106328063924835	594173.6347666697	772.8813727682815	638.3680533412681	0.912337	31.667383	0.0599909256219889	0.0295142763427797	0.0173381197	0.0608855799	0.0559918287	0.0404602815	0.0419974035	-0.001690031	-0.0117307217	-0.0505495757	-0.0782340854	0.038827757	0.025704599	0.0360285933	0.0312923485	0.0397890266	0.043742205	-0.0110385064	0.0337010367	0.1069057329	0.0021713242	0.0078692277	0.0026332513	0.0242870885	0.043535128	0.0196395521	0.0740904114	-0.0292672786	0.0029704186	0.0298621393	-0.0778632233	0.0151794951	-0.0850605682	-0.0056839428	0.099357008	0.015148294	-0.0230352083	0.14937672	0.0323110463	0.0121503793	-0.0523509744	-0.0299045415	0.0650288485	-0.0227844794	0.0060031372	-0.0174916902	0.0066310858	-0.1159701793	0.0107685841	-0.0258127814	-0.0243947941	-0.0036004661	-0.0157239476	-0.038458118	-0.0086487283	-0.0673525229	-0.0304289623	-0.0199294065	0.0916197465	-0.1066649495	0.0465781763	-0.0264877953	0.081298231	0.0798629504	-0.0186210123	0.0533656743	0.0249750418	-0.0041797068	-0.0365111522	0.0024513485	0.1009918071	0.109124018	0.0499534027	-0.0810966838	0.0534783047	0.1570278454	0.0624011754	0.0657910251	-0.0899231622	0.0889047632	-0.0653587086	0.0186463559	0.1515181448	0.0095097525	-0.0100611363	-0.005954872	0.0173817924	-0.0025261049	-0.0784906775	0.0539555316	0.0544175402	0.0518754153	0.0477400435	0.0708941583	-0.0063464907	-0.0428107748	0.0226551018	-0.0368035579	0.0565968074	0.018477802	-0.0020517015	-0.0158194578	0.0238384206	0.0285802998	0.1360227164	0.0258589166	0.0663581491	-0.110942194	-0.0061671983	-0.0164572761	-0.0159772739	-0.05288827	0.0950159441	-0.0036182012	-0.0294340101	-0.0151098984	-0.0925946595	-0.0016201399	-0.0302125592	-0.023931642	-0.0444520411	-0.0468138236	-0.0998184645	-0.0847159414	0.039887425	-0.0040517525	0.1750267957	0.0841935581	0.0264211593	0.1297389243	-0.0289405694	-0.0186561575	0.0729121674	-0.0512443411	-0.0649791727	-0.0278571184	0.0506471591	0.0268658896	-0.022772833	0.0488822287	-0.0669624006	-0.150673177	0.2096059937	0.0079553622	-0.0234017783	-0.0343714141	-0.0115605546	0.0194441269	-0.0163370511	0.0048837674	-0.0178942927	0.0352350347	-0.020231255	0.0673518862	0.1044413521	0.035982902	0.0901150303	0.0010716387	0.0159850142	-0.013791867	0.0652879756	0.0165643607	-0.0505058732	0.0338248909	-0.0169891503	0.0104910568	0.0047272234	0.0266472457	0.0841078291	0.0636992625	0.0332714524	-0.0023896175	-0.037674825	-0.0670341672	0.0277873458566517	0.0021837284396752	4.768669898246716e-06	0.0007721365897571	-0.0333047508504051	0.0226168813114355	0.0011092064292075	0.0005115233202555	0.0865991103231778	-0.010056634647526	0.0001011359004338	0.0074994059087659	2.006368541206133e-05	-8.363269508353867e-05	6.994427686936154e-09	4.0255147231416257e-10	0.0010269996908622	-0.0002309862551486	5.335465006757416e-08	1.0547283650310545e-06	-0.0001240106897226	0.0001880546742348	1.537865116547497e-08	3.5364560501594354e-08	0.0	0.0	0.0	0.0	0.0	0.0	0.0	0.0	0.0	0.0	0.0	0.0	0.0	0.0	0.0	0.0	0.0	0.0	0.0	0.0	0.0	0.0	0.0	0.0	0.0	0.0	0.0	0.0	0.0	0.0	0.0	0.0	0.0	0.0	0.0	0.0	0.0	0.0
807.0351797326296	2.4112564270608345	5.814157557042182	651305.7813260776	933.2724064271458	3.871455645320452	870997.3845983157	14.9881688136836	771.7080388818298	0.8814469905862552	0.7769487972135659	595533.2972748397	774.0698768634286	649.7194733079314	0.9285540000000002	32.230263	0.0771441590925723	0.0398581938217816	0.0256281436	0.0539628554	0.0228172832	0.0690034305	0.0038021939	-0.0420961749	-0.0845219188	0.0565669642	-0.044133176	0.0482033228	0.0695345356	-0.0230713907	0.0050683329	-0.0023763156	0.0060865285	0.0533882669	-0.0512299072	0.0191437411	-0.0179053053	-0.0044802066	0.0167825943	-0.0232622449	0.0461765312	-0.0129843609	-0.0471271103	0.0220608487	-0.041956504	0.0489761701	-0.0244187478	-0.0281535082	-0.0973402565	0.0695091382	0.0198008691	-0.0071103748	0.012868237	-0.0252053951	0.0713393477	0.0886798297	0.0401369483	-0.050508113	0.1065927672	0.1099920842	0.0285017018	0.127296993	0.0029751337	0.0049825586	-0.0081570956	0.0387497755	-0.0090369733	-0.0302700616	-0.1689344505	0.0011862787	0.0688313521	0.0159554569	-0.0500143572	0.0560928141	-0.1650486935	-0.0788350067	0.0315116327	-0.0094858814	0.0273328502	0.0334310082	-0.0306714596	-0.0522259285	0.1371628408	-0.0351612513	0.0113457152	-0.0909487343	-0.0512145339	-0.0002875059	-0.0494646685	-0.0569218841	0.041984606	0.0560126339	-0.1251832079	-0.0333603034	0.0050082382	0.0210952892	-0.0166286066	-0.0261043786	-0.0345220533	0.026519236	0.0132231174	-0.0252711882	-0.0480819254	0.0518349026	0.0383850595	-0.0126599785	-0.0049263849	-0.0411299863	0.0529912072	0.0791821332	0.0835360945	0.0143987433	-0.0048288043	-0.037449523	0.0312022193	-0.0028293481	-0.0352751098	0.0473556912	0.03821907	0.0382296876	-0.0064170209	-0.0063917131	0.0126954197	-0.069779591	-0.143671281	-0.1016374982	-0.0008978341	-0.0151760118	0.0021151262	-0.0029079513	-0.0618833573	0.0636382841	0.0846633992	-0.0445429303	0.0710106688	-0.1214853066	-0.0570488979	-0.0104279814	0.0158001963	-0.0105949701	0.0176970892	-0.0676749635	0.0092183341	-0.0748208086	0.0219687577	-0.0294993372	0.0712912434	-0.0459936394	-0.0294883712	-0.1512068451	-0.0023761886	-0.0497419917	-0.059769865	0.1016742902	-0.0815584426	-0.0583748179	0.0268528409	0.0521831718	0.0373262042	0.0535880662	-0.0268639645	-0.0351381916	-0.0279753798	0.0168428452	0.0077707299	0.0494099761	-0.0083980827	0.017484387	-0.0094840933	0.0415836978	0.0678279913	-0.0196028702	0.1117883387	-0.0249653803	-0.0145065632	0.1287620859	0.0077740855	-0.0261737504	-0.0680124893	0.0231593574	-0.0305622605	0.0253622571	-0.0011936357	-0.0116524205	0.0836361352	0.0619657467	0.0299084066	-0.0071623028	-0.0430324377	-0.0716892996	0.0340229454727989	0.0062355996161472	3.888270257289516e-05	0.001157560818645	-0.0628175874060303	-0.0295128365556252	0.0039460492875142	0.000871007521559	0.1085406305960958	0.021941520272918	0.0004814303118868	0.0117810684901981	0.0001031004723543	8.303678694223868e-05	6.895107985690739e-09	1.0629707399679781e-08	0.0013029902301799	0.0002759905393177	7.617077779287498e-08	1.697783539944269e-06	-0.0001540674164203	-3.0056726697699996e-05	2.3736768802426126e-08	9.034068197802315e-10	0.0	0.0	0.0	0.0	0.0	0.0	0.0	0.0	0.0	0.0	0.0	0.0	0.0	0.0	0.0	0.0	0.0	0.0	0.0	0.0	0.0	0.0	0.0	0.0	0.0	0.0	0.0	0.0	0.0	0.0	0.0	0.0	0.0	0.0	0.0	0.0	0.0	0.0
807.950829588705	0.9156498560754472	0.8384146589309871	652784.5430330767	929.1497074217106	-4.1226990054352655	863319.1788018503	16.99664708941693	772.2713579858033	0.5633191039735266	0.3173284129015368	596403.0503652368	773.9459217080814	649.0290073713063	0.9156510000000002	31.782425	0.0762413699048072	0.0506387143585057	0.027634149	0.0333387306	-0.0039540652	0.0607439531	-0.0744253312	0.0251589802	-0.0386199064	0.0144111661	-0.0301663081	-0.0905780178	-0.0368930134	0.0330191895	-0.0445602248	-0.0106092607	-0.005714078	-0.0213458976	0.0561281318	-0.0778897813	-0.020437993	-0.0284046941	-0.016289532	-0.0094782377	0.0467775044	-0.0143263829	0.0081019459	-0.0474302359	-0.0114528218	0.0195485387	0.0332024969	-0.0209233191	0.0724566798	0.0954137433	0.0247469683	0.0324772532	-0.0200772363	0.017600752	0.0081830807	-0.0699201293	0.0104224316	-0.0006265748	-0.0855725034	0.105691644	-0.0347798983	-0.0183831945	0.1063915037	0.0865863569	0.0505880205	0.04797291	0.0639281607	0.036330769	-0.1038253952	-0.112123736	-0.0431712052	0.0047842328	-0.0570086758	0.0559087275	-0.0586299811	-0.1082101095	-0.073921835	0.0019538739	0.0682134484	0.0481449267	-0.0406751378	0.0897316511	-0.0561208841	-0.1014270392	0.0303696701	-0.1371700897	0.1368150268	-0.0342200013	-0.0314830949	-0.1171716121	-0.1156012281	-0.1059888793	0.0103339023	-0.0543698669	-0.1286274706	-0.0374985717	-0.0216977945	-0.0968784326	-0.0485019274	0.0221261218	0.0187427752	0.0103215225	-0.0560057152	0.026085302	0.0017333332	0.0164870171	-0.0034646223	0.0223630481	-0.0171332202	-0.0300450432	-0.0139688192	0.0449802678	-0.048065741	0.0153085188	-0.0638050072	0.0616956344	0.061590743	-0.0479562296	0.0266754663	-0.0369145585	0.0048995741	-0.0847491874	0.051794663	0.0432078023	0.066984045	-0.0707023238	-0.0766317853	-0.0706369973	-0.0755175687	0.0534310766	-0.0592251068	0.0749301476	-0.0704237958	-0.0717092734	0.0640337923	-0.0627202171	0.0319623926	-0.0556111827	0.0592395236	-0.1068867594	-0.0015700877	-0.1023224494	0.065391157	0.0263610111	-0.0451506011	-0.0482985793	0.0273598158	-0.0550638818	-0.0666949354	-0.1375292757	0.0333405204	-0.0402308936	0.0014485552	0.0344891431	0.1165782866	-0.0420742701	-0.0123351365	0.0092274805	-0.0053641864	0.104597844	-0.0190040869	-0.0296948269	-0.0155686696	0.0327028619	-0.0059998169	0.0087388781	0.0111132511	0.0077159212	0.0345304727	-0.0054338479	0.0444111534	-0.056413913	0.1159667462	0.0657886431	-0.054843708	0.0597527326	-0.0694677691	-0.0073845125	-0.0236920094	0.0799930262	-0.0123744619	-0.0284529814	-0.0089248022	0.0422526297	0.0831501106	0.0601897627	0.0264992443	-0.0119153566	-0.0482057789	-0.0759024438	-0.0001934624867629	-0.0342164079595618	0.0011707625736551	3.7427733784485255e-08	-0.0628208361764564	-3.248770426095282e-06	0.0039464574579091	1.055450928147132e-11	0.1129910986395401	0.0044504680434443	1.980666580571896e-05	0.0127669883717702	0.0001040427749038	9.423025494999986e-07	8.879340947941974e-13	1.0824899009682794e-08	0.0014689638630718	0.0001659736328918	2.754724681533517e-08	2.1578548310108258e-06	-0.0007385763836064	-0.0005845089671861	5.454950744211082e-07	3.416507327209614e-07	0.0	0.0	0.0	0.0	0.0	0.0	0.0	0.0	0.0	0.0	0.0	0.0	0.0	0.0	0.0	0.0	0.0	0.0	0.0	0.0	0.0	0.0	0.0	0.0	0.0	0.0	0.0	0.0	0.0	0.0	0.0	0.0	0.0	0.0	0.0	0.0	0.0	0.0
808.3111426288866	0.3603130401816088	0.1298254869249136	653366.9032980163	934.3151728569056	5.165465435195074	872944.8422306294	26.682033162195037	771.140519063669	-1.1308389221343305	1.2787966678139344	594657.7001417849	772.7103345439382	656.6669153234878	0.908683	31.540556	0.1191224705689998	0.0513797281879654	0.0095356121	0.0325931998	-0.0187757292	0.0193611706	-0.0044074542	-0.0139225744	-0.0157305557	0.0240605797	0.0006399018	-0.0254607207	-0.0183762524	0.0306533085	0.026938386	0.002720395	0.0968965519	0.0566379769	0.0845370645	0.0233377857	-0.0012874723	-0.012803181	0.0067040494	-0.0334131766	0.0136471467	-0.0254699831	0.0925777365	-0.076473308	0.0566899284	0.0095678964	0.0804295927	0.0524225121	-0.0050837341	-0.0276968155	-0.0979606205	-0.0992136058	0.0634907516	-0.0547036208	0.0121260699	0.0079593599	0.0040192995	0.0501494516	0.0110192544	0.1006650472	-0.063401693	-0.152535198	0.0293069858	-0.0305922289	0.0057896682	0.0087321404	0.1039484564	0.0811405894	-0.0867930492	-0.0877936477	0.0303925105	0.0256688183	0.0742234223	-0.0406867506	0.0232823641	-0.0462176984	-0.0567219501	0.0520178553	0.052147241	0.0385301056	-0.0043338305	0.1154369902	0.1511898482	-0.0205422725	0.0106082949	0.0090481387	-0.0457224687	-0.0074575707	-0.0277500657	0.0147926657	-0.0671018739	0.0277379241	-0.0165654537	0.004616075	0.121038596	0.0713839015	-0.1056930561	0.0895587962	0.0058272886	-0.0003750801	0.0012249678	-0.0172061427	-0.0334051545	-0.0043810501	-0.0154955805	0.0159245398	0.0651010553	0.0597973732	-0.0404336523	-0.1025594529	-0.0237552503	0.0601885115	-0.0103309928	-0.0457901951	0.1566424099	-0.0357233906	-0.0076948261	0.0188410547	0.0905659324	-0.0137689831	0.0152998991	-0.0575911818	-0.0020413836	0.0408341502	0.0664352542	-0.1112714717	0.0351039394	0.0539645372	-0.0686482792	0.0864295779	-0.0061580887	-0.0007124948	-0.0687038251	-0.0475998074	-0.033387028	0.0066084673	-0.050770589	-0.0118442401	0.0063303401	-0.1134686993	-0.0036029562	0.0154160663	-0.0523583343	-0.0615522486	0.1554267933	-0.0104765509	-0.0150094765	-0.0367050076	-0.1118900963	-0.0788616557	-0.0989868083	0.0478582985	-0.056359452	0.0138065824	0.0120170465	-0.0331096166	-0.0255585279	-0.0293525761	0.0170546794	-0.0869409119	-0.0261759947	-0.0283689334	-0.0103006554	0.0429945123	-0.0041590517	0.0031661569	0.0129188387	0.0253048229	0.0255828787	0.0330893816	0.0736614306	0.0153532222	0.0439751316	0.0460278072	0.0192431126	-0.0110570823	-0.004380444	0.0547928676	-0.0030503163	0.0480180489	-0.0009545083	0.089360431	-0.0105675113	-0.0028924344	0.0826498387	0.0583725276	0.0230492221	-0.0166357513	-0.0531726956	-0.0796476241	0.0167155844498552	0.0169090469366181	0.0002859158683047	0.0002794107635002	-0.0417028950029561	0.0211179411735003	0.0017391314516275	0.0004459674394074	0.0775155035975387	-0.0354755950420014	0.001258517843584	0.00600865329798	-0.0001237705104031	-0.0002278132853069	5.1898892962323024e-08	1.5319139245443888e-08	0.0011090241478473	-0.0003599397152244	1.295565985958941e-07	1.22993456050843e-06	-0.0004139316358002	0.0003246447478062	1.7133939911622945e-07	1.053942122781512e-07	0.0	0.0	0.0	0.0	0.0	0.0	0.0	0.0	0.0	0.0	0.0	0.0	0.0	0.0	0.0	0.0	0.0	0.0	0.0	0.0	0.0	0.0	0.0	0.0	0.0	0.0	0.0	0.0	0.0	0.0	0.0	0.0	0.0	0.0	0.0	0.0	0.0	0.0
807.2823774987598	-1.0287651301267715	1.0583576929647531	651704.8370200502	931.6637451480134	-2.6514277088922427	867997.3340232224	7.030068895481567	770.5490274786057	-0.5914915850632951	0.3498622952006893	593745.803748225	773.0559313994545	659.3850448342367	0.890439	30.907303	0.0569163008925963	0.035306022778274	0.015413884	0.0429351318	-0.0170079639	-0.0314652583	0.0886149299	-0.0556689479	0.027863015	-0.0862471488	-0.0040194169	-0.0180754508	-0.0119232235	0.0369104512	-0.0397789392	-0.0590668296	0.0282772238	0.0541495719	0.0283702437	0.0063972129	-0.0112740693	0.0307964963	0.0105117534	0.0026919697	0.0132841017	0.0290311982	0.0721423924	-0.0537688459	0.0356830643	0.0628663593	-0.0273177613	0.0426276187	-0.0136017861	-0.0268455032	-0.0339835372	-0.0093903668	0.0266606573	-0.0039761533	-0.0031846831	-0.0053312162	-0.0763109108	0.0061277882	-0.0272797377	-0.0479615407	-0.0227328314	-0.0955965744	-0.0453242195	-4.72066e-05	0.0075433589	0.0272696713	-0.0479323518	-0.0949318801	0.0806881116	0.1238105554	-0.0546303915	0.0533481542	-0.1259063957	-0.0295516783	0.0418319885	-0.0016108375	0.0153246032	0.0300116912	-0.0627366238	-0.0261687674	0.0299170873	-0.0250246497	-0.0570857754	0.0693205909	-0.0690178661	0.026985995	-0.013126658	0.0491335659	0.0930415864	0.0263916128	-0.0196886141	-0.1316980782	0.0312919481	0.0496874031	-0.0730722848	0.0134102375	0.1568503442	-0.0516550549	0.0210965372	0.0144060426	-0.0285170773	-0.0181523239	0.0291989625	-0.0224801665	-0.0944497889	0.0103059265	0.0432301347	-0.0049782553	-0.0249143889	-0.026310727	-0.0084422799	0.0414123763	0.0160158077	0.0185510545	0.0515693221	0.0234573949	-0.0376753158	-0.0287100941	-0.0016623731	-0.0529622711	0.0300404593	0.0079993243	0.0510384572	0.0507399975	0.0188268483	-0.0447237455	0.0204946523	-0.0127479563	0.0675712323	0.0105027967	0.0829439986	-0.0189765137	-0.0211489712	-0.0297500962	-0.0040219983	-0.0198066722	0.1263437388	0.0454761472	0.0536587115	0.0479652738	0.0626232815	0.0093646169	0.0040999937	-0.0146337008	-0.0288555848	0.0018141216	0.0084770882	0.0548799537	0.1238163832	0.1283117823	0.0808697973	0.0963633985	0.0034809414	0.0236769661	0.0244579505	0.0677281869	0.0711807821	-0.0682933962	-0.0471225345	0.1360017577	-0.0240845898	-0.0333590657	-0.0143004939	0.0359769185	-0.0042832642	-0.000443913	-0.0008669003	0.0090235708	0.0327033581	0.0580442516	0.0882244295	0.0452138849	0.0538390907	0.0037990981	0.029098992	-0.0130307815	0.0141022377	0.0131967055	-0.0602207589	0.0712734054	-0.043922623	0.0432510343	-0.0402312978	0.0147035867	0.0821354052	0.0565152869	0.0195636596	-0.0213105486	-0.0579119187	-0.0829017503	0.0166912031724422	-2.4381277412999225e-05	5.944466882896261e-10	0.0002785962633437	-0.0416990397040848	3.8552988712997616e-06	0.0017388099122428	1.4863329387045215e-11	0.1085804370846972	0.0310649334871584	0.0009650300925615	0.0117897113175038	-2.7239980313327992e-05	9.653053008977202e-05	9.31814323941238e-09	7.420165274704965e-10	0.0014690046511647	0.0003599805033173	1.2958596276864857e-07	2.157974665143522e-06	-0.0003539800526243	5.995158317590002e-05	1.2530187765590218e-07	3.594192325296858e-09	0.0	0.0	0.0	0.0	0.0	0.0	0.0	0.0	0.0	0.0	0.0	0.0	0.0	0.0	0.0	0.0	0.0	0.0	0.0	0.0	0.0	0.0	0.0	0.0	0.0	0.0	0.0	0.0	0.0	0.0	0.0	0.0	0.0	0.0	0.0	0.0	0.0	0.0
804.9475124736805	-2.334865025079353	5.451594685338805	647940.497837566	934.3535799482456	2.6898348002322336	873016.6123621026	7.23521125254038	772.1011512356803	1.5521237570745825	2.4090881572753178	596140.1877394628	773.9653645387821	651.873046081657	0.873581	30.322145	0.0832714451590879	0.0553869165320359	0.0109385122	0.0512812276	0.0325298306	-0.0117042747	0.0697130682	-0.0607844075	-0.0203593533	-0.1002984894	-0.0297393825	0.0220069488	0.0313933206	-0.0194924498	0.0217323912	0.0284147444	-0.007489756	-0.0032433117	-0.055643711	0.0504537646	-0.0236900542	-0.0138276385	-0.0039246932	-0.0115038218	0.0374109316	0.0675955344	0.0399113113	-0.0748206626	0.1243196828	0.0433933168	-0.0075329311	0.0248701509	-0.0178976211	0.0488551786	-0.0673897432	0.1713751784	0.1600502158	-0.0286398262	0.0113332561	-0.0237565349	0.0602296585	-0.0551598337	0.0275788726	-0.029763938	-0.0040208261	-0.0636996786	-0.0418490629	0.0181120708	0.1080323002	0.0890391933	0.0617757335	0.0011974873	-0.0177306236	-0.023605451	-0.0016713639	-0.0387620849	0.0136021098	-0.0448506662	-0.0666793015	0.0394013408	0.0033306789	0.069896747	-0.0335904609	-0.0218453175	0.0640064029	-0.0108926168	0.0139442873	-0.0097431704	0.0465537191	-0.0145788683	-0.0064107163	0.0126928614	-0.1077207208	-0.0904560119	-0.04369949	0.103622099	0.0376803819	-0.0193904568	-0.0095268092	0.0120080525	0.1028504664	0.1563879518	-0.1747848203	0.0367039904	0.0044763533	0.0072801404	0.0039921399	-0.0177066355	-0.1277692941	0.0195143654	0.0275620625	0.0362822611	0.0427205946	0.0845454203	-0.0539757716	0.069282564	0.0018602068	-0.0931538179	0.0089978181	-0.1349184215	-0.035783648	-0.0670585212	0.0208144598	-0.0424181951	-0.0844573887	-0.0744812155	0.0540710292	0.0089797591	0.0154313674	0.0397405733	-0.0128182145	0.0165505663	-0.0128189511	0.0412437019	0.0121038103	-0.0444368762	-0.0186612804	-0.0115835314	0.1165361942	-0.0101426546	0.0475843096	-0.0088327539	0.0004368436	-0.0008269797	0.1405189142	-0.0021740712	-0.0641197671	-0.0159881325	-0.029037829	-0.0392175369	-0.0293151914	0.0207776658	-0.0555290304	-0.0087996692	-0.0660308253	-0.0255777121	-0.1477407075	-0.0169044407	-0.011725202	-0.0707559019	-0.0080033404	-0.0024631606	-0.0383373889	0.0341866375	-0.0242283158	-0.0311108672	-0.0236198572	0.0249499575	0.0173559545	0.0039962667	-0.0067953	0.0349371955	0.0108482466	0.0845290255	0.1072203222	0.0624281313	0.0506191689	-0.0127490288	0.0283877212	0.0166181516	-0.0030013336	0.0102708455	-0.0664225852	0.019846547	-0.0507847641	0.0224255865	-0.045522785	-0.0206579831	0.0816068982	0.0546193134	0.0160479313	-0.0259269352	-0.062403154	-0.0856447597	0.0165227957694611	-0.0001684074029811	2.836105337883936e-08	0.0002730027800393	-0.052969273960528	-0.0112702342564432	0.0028057439839054	0.0001270181801951	0.0987935616921049	-0.0097868753925922	9.578292995012854e-05	0.0097601678318117	0.0009268213863164	0.0009540613666297	9.102330912953842e-07	8.589978821334535e-07	0.0013162775203146	-0.00015272713085	2.3325576497703544e-08	1.7325865104855522e-06	-0.0004881101172859	-0.0001341300646616	2.382514865968551e-07	1.7990874246125002e-08	0.0	0.0	0.0	0.0	0.0	0.0	0.0	0.0	0.0	0.0	0.0	0.0	0.0	0.0	0.0	0.0	0.0	0.0	0.0	0.0	0.0	0.0	0.0	0.0	0.0	0.0	0.0	0.0	0.0	0.0	0.0	0.0	0.0	0.0	0.0	0.0	0.0	0.0
805.4193634669278	0.471850993247358	0.2226433598285183	648700.3510474713	933.4720484672572	-0.8815314809884285	871370.0652696574	0.777097751973652	770.0983951977661	-2.002756037914196	4.011031747401768	593051.5382861748	772.9079621772116	647.6160105447543	0.879754	30.536419	0.0864886529101968	0.0496711750725722	0.0323254214	0.0515208482	0.0423485333	0.0369471678	-0.0017483545	-0.0282456556	-0.0581368742	0.0155714667	-0.0651992127	0.0073350075	0.0368809976	-0.0543772313	0.0200904171	-0.0111908505	-0.0164038151	-0.0549772958	-0.0603295113	-0.0768372801	0.0114342629	0.0003216951	0.0118734128	-0.0299618509	0.0323392483	-0.0167503223	0.0102998565	-0.0405910976	0.0087268591	-0.0199929559	0.0306756011	-0.0176055397	-0.0703794991	0.096884872	0.0442576059	0.1233517726	0.0860930267	0.0674992172	0.0011596093	0.0435812454	0.0309966782	0.0385629046	0.0101905609	0.0472895383	-0.0222679592	0.0156074239	-0.0220429599	-0.0268718795	-0.0358470877	-0.0401777727	-0.0033931271	0.0014908268	-0.0352073765	-0.0422160195	0.1137644233	-0.0062901241	-0.0497875327	-0.1092008142	0.1020264477	-0.0838639904	-0.0185254169	-0.0343379652	0.0611887952	-0.0570059568	0.1103957838	0.0945586548	-0.0397523706	-0.0236979106	-0.0708972383	-0.0325501582	-0.0056607033	-0.1064210521	0.0714305768	0.1243388543	-0.0652238089	-0.1152021716	0.0290819034	0.1203072183	-0.0448964646	0.0054237822	0.0083168959	-0.093844394	0.0244067958	0.0008984392	-0.0085730399	-0.0262758552	-0.0426219055	0.0178586455	-0.0055274297	0.0028440365	0.0473020766	0.0011781594	0.0369278959	0.0972748128	0.0635998058	0.0562504986	-0.067103273	-0.0432102171	-0.0190446005	-0.0570560297	0.0522251158	-0.0849378878	-0.0184205576	-0.048893954	-0.0309273127	0.0483627524	0.0874497488	-0.0860567059	-0.023470658	-0.0388399836	-0.0213396347	-0.0216840143	-0.0503181855	-0.0071525294	0.0277441908	-0.0456004774	-0.0048285851	0.0564256304	-0.1264128382	-0.0659699207	-0.0108193238	-0.086056047	-0.006777131	-0.1026967233	-0.0035833084	-0.0541929862	0.0385976036	0.0149291793	0.0167786462	-0.006955561	0.0197839835	0.0802120551	-0.10282926	0.026665105	0.0290000607	0.1911981263	-0.0308811961	-0.0577035088	0.0324339068	-0.024083187	-0.0389650832	0.0541030366	-0.0644495698	0.1511073435	-0.0158871728	-0.0332851375	-0.0050769272	0.0316952615	-0.0037683076	-0.0036075469	-0.0116616152	0.0166014036	0.0023217807	0.0386362641	0.0797180468	0.0009961569	0.1080018495	0.0108978036	-0.0093837096	0.0562578075	0.0469717068	-0.0537290042	-0.0827144967	0.0403165277	-0.0164781844	-0.015969918	-0.0565416481	0.0138330155	0.0810644083	0.0526859066	0.0125074584	-0.0304722578	-0.0666271694	-0.0878597406	0.0164637681723434	-5.902759711769873e-05	3.484257221489355e-09	0.0002710556624326	-0.0418024770875717	0.0111667968729563	0.0017474470906569	0.0001246973524018	0.1085273941323237	0.0097338324402188	9.474749397425596e-05	0.0117781952771527	0.0002399801591695	-0.0006868412271468	4.717508713086594e-07	5.759047679501856e-08	0.0012140031877516	-0.000102274332563	1.046003910120712e-08	1.4738037398710466e-06	3.3354243002281904e-05	0.0005214643602881	1.1125055262552711e-09	2.719250790507628e-07	0.0	0.0	0.0	0.0	0.0	0.0	0.0	0.0	0.0	0.0	0.0	0.0	0.0	0.0	0.0	0.0	0.0	0.0	0.0	0.0	0.0	0.0	0.0	0.0	0.0	0.0	0.0	0.0	0.0	0.0	0.0	0.0	0.0	0.0	0.0	0.0	0.0	0.0
809.1815125818529	3.7621491149250232	14.153765962931136	654774.7203042554	933.4888791170988	0.0168306498416086	871401.4874352975	0.0002832707740908	769.0423213169164	-1.0560738808496808	1.1152920418129058	591426.0919765113	770.9928013562576	641.440387153388	0.935258	32.462986	0.0298362734534329	0.0203585526911837	0.0283501619	0.0384388513	0.0039713104	0.0873006406	-0.1125986291	0.0169801584	-0.0648174167	0.0799866799	-0.0625297652	-0.0409664801	-0.0231246778	0.0255233575	0.0685977878	0.0103835368	-0.0114024909	0.0521010065	0.013001693	-0.0095813676	0.0191380128	0.0464955085	0.0384693838	-0.0420691703	0.0335880152	-0.0340290657	-0.0568082292	0.0029836378	0.0221024296	-0.0073422834	0.0137299032	-0.0808506479	-0.0860684629	-0.0095489888	0.056053361	-0.0459629286	0.075911417	0.0916845931	-0.0579808145	-0.0675447082	0.0002331144	0.01138333	0.0346128973	0.1715989379	-0.0165542038	-0.1318295975	0.0565423234	0.0588390326	-0.1190992749	-0.0367828459	0.0140320831	-0.0454841558	-0.0079832289	0.0413584599	0.0402427945	-0.0789385648	0.057461864	-0.0827750015	0.037045748	-0.065889358	0.0092529895	-0.058650833	0.015934734	-0.0237395663	-0.1098726345	0.0373537372	0.042456018	-0.1170603011	-0.0214965733	0.0820351834	-0.0942724254	-0.0204980814	-0.0483427286	0.0166117381	0.0103200981	-0.0023101985	-0.0506224489	0.0539728011	-0.0269972253	0.0437155502	-0.0356293702	-0.0268769304	-0.0795992693	-0.0097742114	-0.040828123	-0.0651695209	-0.0621268189	0.0298242697	0.0839578211	0.0177640452	0.0076175927	0.0461794926	0.0301325493	0.0355202083	-0.009184162	0.0016365862	-0.0540507729	-0.0441900751	0.0898214153	0.0451131821	-0.0623359341	-0.0003347853	-0.0209368677	-0.0427247894	0.0670362201	-0.075974065	0.023250488	0.0062784842	0.028990843	-0.0141610661	0.0310960474	0.0337559326	-0.0229302254	-0.0102080837	-0.0467904574	3.535e-07	0.0117737232	-0.0380116389	-0.2208554421	-0.133084671	0.0268002049	0.0228859123	-0.0784506658	0.0207132056	0.0178754688	0.0223033679	-0.0643435728	0.0422713512	0.0111014333	-0.0591491777	0.0377786181	-0.0872011728	-0.0561938548	-0.0753789729	-0.1041455157	0.0696271702	0.0567757005	-0.0817324705	0.0879276904	0.0365180631	0.0129344036	0.0387223068	-0.0825328674	0.0155370104	-0.0199650136	-0.0225350385	-0.0081182458	0.0350672131	-0.0180873459	0.0178344949	0.0137211025	0.0139935091	0.0390902316	-0.0496370331	0.038840093	-0.0652888409	0.1074246612	0.057581998	-0.0214473131	0.0243031173	0.0216196639	0.0327910911	-0.0186310207	0.0552866769	0.0433423105	0.0227758002	0.0266159484	0.0163147708	0.0805080284	0.0507163915	0.0089476998	-0.034934058	-0.0705658771	-0.089533037	0.0344375089288035	0.01797374075646	0.0003230553567804	0.0011859420212214	-0.0418557383387394	-5.326125116770358e-05	0.001751902831881	2.836760875949206e-09	0.1085811561360543	5.376200373059803e-05	2.8903530451288366e-09	0.0117898674678422	5.698083470009145e-05	-0.0001829993244694	3.348875275625987e-08	3.2468155231191447e-09	0.0011620051451026	-5.199804264899993e-05	2.703796439327216e-09	1.3502559572449147e-06	3.346706472536478e-05	1.128217230828764e-07	1.1200444213317554e-09	1.272874119938924e-14	0.0	0.0	0.0	0.0	0.0	0.0	0.0	0.0	0.0	0.0	0.0	0.0	0.0	0.0	0.0	0.0	0.0	0.0	0.0	0.0	0.0	0.0	0.0	0.0	0.0	0.0	0.0	0.0	0.0	0.0	0.0	0.0	0.0	0.0	0.0	0.0	0.0	0.0
810.8271038215966	1.6455912397436805	2.7079705283211437	657440.5922917181	927.394141508674	-6.0947376084247935	860059.8937046105	37.14582651554757	768.9606005319039	-0.0817207850125214	0.0066782867030627	591300.4051703863	770.0296202276745	657.997321412691	0.8860909999999999	30.756371	0.059691460101446	0.0373995232113462	0.0108169264	0.0167660886	-0.0540689037	0.0501374069	-0.0614529594	0.0025207567	-0.0306717358	0.1028652892	0.0144677182	0.0035435437	0.0037183919	0.0302489384	-0.0431985503	0.0146459045	0.0391751244	0.0864258746	-0.0012513908	-0.0051524458	0.0176841467	0.0172748085	0.0392667388	-0.0323374992	0.0552709545	-0.0402365335	0.037539682	-0.0458359417	-0.0263171432	-0.0185307083	0.1287981005	0.0108073761	-0.0907583853	0.0289021351	-0.0821709969	-0.0279215711	0.0120792316	0.0448346551	-0.0565366788	0.0654441185	-0.0292092067	0.0436272169	0.0861324159	-0.0207378752	0.0561901004	0.0359721611	0.0971322521	0.0945775661	-0.0393012522	-0.1232814785	-0.0242106657	0.0260694835	-0.0385489133	-0.0606657931	0.0389175148	-0.0070497948	0.0147569359	0.0666436098	-0.1194024662	0.0729737795	-0.0262875566	-0.0706590784	0.0986522122	-0.0014248406	0.067248391	0.0040008661	-0.1557825274	-0.0016753936	-0.0011792432	-0.1153763362	-0.0961298325	-0.0468619932	0.0115337382	-0.0678426818	0.0771010693	0.008663517	-0.0103451893	0.0223928304	-0.0722377972	-0.1169041138	0.0050691702	0.0302055978	0.0449266128	-0.0174783731	-0.0130134857	-0.0460803413	-0.0685170196	0.0498988311	0.047233994	-0.0094145198	-0.0256953934	0.0105885202	-0.0961024835	-0.0750221096	0.0418487019	0.0211549487	-0.0199996752	-0.1055888262	0.0711580757	-0.0399535344	-0.0213560464	-0.0139928086	0.1142368951	0.0219655135	0.0132581795	-0.004508203	-0.0347244317	-0.0943625434	0.014624991	0.0521094268	-0.1339028216	0.0193542695	0.0377346796	-0.0913128089	-0.0696078281	0.0384875373	0.0564559303	-0.094091063	-0.0424234	0.0966007261	-0.0367865309	-0.0170006445	0.047605898	0.055830606	-0.0489085558	-0.0344998625	0.0264197348	-0.1147419229	-0.0653844085	-0.0475477139	0.0552267963	-0.0340326408	-0.0419712847	-0.0268624067	0.0474076106	0.0105037458	-0.0583968752	-0.0864064731	-0.0373959887	-0.0631441557	-0.0066565035	-0.1099742545	0.0599628701	0.0828433808	-0.0230216117	-0.0247108161	-0.0086798082	0.0352763166	-0.0289856361	0.0139828486	0.0280418434	-0.0099824736	0.0880219175	-0.0321771183	0.0391221443	-0.0410085205	0.0756005193	0.0788056167	-0.0026444862	0.0036837433	-0.0150723503	0.0205509111	0.0034928258	0.0692902315	-0.0020899481	0.066007224	0.0014968474	-0.0014934261	0.0799378539	0.0487121179	0.0053741445	-0.0393001065	-0.0742024108	-0.0906543325	0.0444272379537551	0.0099897290249515	9.979468599196042e-05	0.0019737794721995	-0.0104115451075017	0.0314441932312377	0.0001084002715255	0.0009887372879634	0.1084072575839627	-0.0001738985520916	3.024070641955503e-08	0.0117521334968756	-0.0002380206700689	-0.0002950015047689	8.70258878159693e-08	5.6653839380048156e-08	0.001227997303647	6.599215854440001e-05	4.354964989349227e-09	1.5079773777643026e-06	3.414618727527548e-05	6.791225499107014e-07	1.165962105438185e-09	4.612074377972129e-13	0.0	0.0	0.0	0.0	0.0	0.0	0.0	0.0	0.0	0.0	0.0	0.0	0.0	0.0	0.0	0.0	0.0	0.0	0.0	0.0	0.0	0.0	0.0	0.0	0.0	0.0	0.0	0.0	0.0	0.0	0.0	0.0	0.0	0.0	0.0	0.0	0.0	0.0
809.9914344761278	-0.8356693454687729	0.6983432549562073	656086.1239246952	927.8946301495588	0.5004886408847824	860988.4446603865	0.2504888796546967	770.5969535085626	1.6363529766587137	2.677651064219832	593819.6647566778	771.9773911673367	657.6727949026067	0.879926	30.542387	0.0642746311175516	0.0337309900660143	0.0192493457	0.0180568371	-0.0374882647	-0.0041177995	0.0039055327	-0.0300186299	0.0222920244	-0.0148621987	0.0038966525	-0.055560485	-0.035820215	0.0436961644	-0.0544311083	-0.0552799941	0.0098196642	0.025942219	0.0327178356	0.0316487713	-0.0037781988	0.0173584758	-0.0080523745	-0.0069771227	0.0440837006	0.0091638679	0.0469092388	-0.1130408589	0.0325475414	-0.0432651213	0.0716834197	0.0235626512	0.0632449567	-0.0687721706	-0.0566994891	0.0666204575	-0.039235976	0.0251508232	0.0618774045	-0.057680436	0.0051388878	0.1033913975	-0.1411972472	-0.0379920757	-0.0405193906	-0.0661821777	0.035625353	0.043148817	-0.0432474446	-0.0305209065	0.0084859079	0.1454181301	-0.0014376281	0.0736898616	-0.090550837	0.0611696807	-0.0621661534	-0.0308909697	-0.0222034197	0.0071886921	0.037136366	-0.0482097431	-0.0074206331	-0.0804331944	0.0018768312	0.0205166629	0.0903492728	-0.0477628293	-0.0661853854	0.0539963742	-0.0370619973	-0.0443497704	0.0470978261	0.0126375551	0.1095588793	-0.0475849371	-0.1476791955	-0.0779059311	-0.0014377903	-0.0228278173	0.0550137791	0.065051734	0.0144795011	0.0026090567	-0.0217146482	-0.0039249907	-0.019452269	0.0034527656	-0.0169653564	0.0194391359	0.0095378276	0.0895871756	-0.1039848408	-0.089828562	-0.0404455249	0.0643074916	-0.0174870649	0.0344427604	0.0134024879	0.0058462387	-0.0574441927	-0.1496448821	-0.0043996515	0.0579384394	-0.0223958154	-0.0306884025	0.0194045469	0.0478690796	0.07989587	0.0326558	-0.0289284918	0.026200779	-0.0334499744	0.1279857016	0.0055890675	-0.0321969525	0.0100318827	-0.0769578658	-0.0607170234	0.0757158605	0.0033351337	0.0247321992	0.0410254086	-0.0533041621	0.0388129172	-0.1172566858	-0.0321533484	-0.0607622766	0.1055231975	-0.0389725976	0.0261224419	0.0391751012	0.0271538498	-0.009798049	0.0583036234	-0.0022481535	0.0119480953	-0.0798402976	-0.0344159948	0.0459702963	0.1247780191	0.0273573158	-0.032499362	-0.0593632273	-0.0156404493	-0.0217864581	-0.0103563249	0.0278931539	-0.0253227978	0.0148359587	0.0175278534	0.0087991196	0.0770687755	-0.0019785835	0.0561347151	0.0140325351	0.0234478594	0.0672764723	0.0360289294	-0.0525990941	0.0547718082	0.044233034	-0.0585554591	0.0799822103	0.0262285881	0.0550926268	0.0189778735	-0.0145088068	0.0793539824	0.0466744595	0.0017923027	-0.0435584361	-0.0775211985	-0.0912167139	0.0423129072488421	-0.0021143307049129	4.470394329737876e-06	0.0017903821198491	-0.034207667073872	-0.0237961219663703	0.0011701644866368	0.0005662554206383	0.116184104176142	0.0077768465921792	6.047934291829072e-05	0.0134987460632126	0.000131975731267	0.0003699964013359	1.3689733700151636e-07	1.7417593643459398e-08	0.001469004490803	0.0002410071871559	5.808446426084711e-08	2.157974193999381e-06	3.3403138685394113e-05	-7.430485898813686e-07	1.1157696740356727e-09	5.521212069246904e-13	0.0	0.0	0.0	0.0	0.0	0.0	0.0	0.0	0.0	0.0	0.0	0.0	0.0	0.0	0.0	0.0	0.0	0.0	0.0	0.0	0.0	0.0	0.0	0.0	0.0	0.0	0.0	0.0	0.0	0.0	0.0	0.0	0.0	0.0	0.0	0.0	0.0	0.0
812.6612655716756	2.6698310955478064	7.1279980787540005	660418.3325605574	938.7687867546724	10.874156605113626	881286.8349848397	118.2472818725363	772.6741380001839	2.077184491621324	4.314695412232139	597025.3235343272	774.2589036036582	660.6391892534116	0.8876279999999999	30.809727	0.0691453839730377	0.0344816941828355	0.0178249586	0.0257783477	-0.0460945181	0.0188924824	-0.008570247	-0.0033335076	-0.0382347555	0.0275636895	0.0117315501	-0.0341687223	0.0073315564	0.0051275988	0.0373334465	-0.0051068668	0.0263060841	0.0165407754	-0.0357458259	0.0203587919	-0.0304699785	-0.0117962282	-0.0117005596	-0.0059261815	0.0145448229	0.0036295491	-0.0564973597	-0.0586619204	-0.0051657509	0.0462128099	0.0170573056	-0.0208316709	-0.0732252848	-0.0219796215	-0.0538152631	-0.0386374188	-0.039977071	0.0320137277	-0.058686453	-0.0034490362	-0.0820341167	-0.0692644332	-0.0565207278	-0.1450388069	0.0025354057	-0.066215803	-0.0480395446	-0.0064447349	0.0093375752	-0.0419504419	0.0227794216	-0.0874152364	-0.0992656641	0.0559486075	-0.0641814503	0.0593737654	-0.0209521073	0.0137749289	0.0040920806	-0.0080870878	-0.0283317701	0.1472253993	-0.1103279434	0.0549132652	0.0690030052	-0.0735191295	-0.0645381357	-0.0650053209	0.0595852458	0.0105261059	-0.0182585199	0.1447053055	-0.0289297205	-0.1157637141	-0.0764773553	0.0094923929	0.0099586648	-0.0499246756	0.1105383083	0.1150087925	-0.0546720457	0.0875187652	-0.0105452278	0.028601156	0.0047258733	0.0142924506	-0.0236365352	0.0281803497	0.0264858229	-0.0142294558	-0.049965942	0.0182060268	0.0218127939	0.0187753417	0.0184780971	0.0713974198	-0.0185767647	0.0263651319	0.0548071032	0.0409291523	-0.0559071703	-0.0051811358	0.0613538925	-0.0166280887	0.0590402191	-0.0194826094	0.0392670152	0.0347574484	0.0491939947	0.1460265053	0.0386451864	0.1065923249	0.0866833126	0.1007802596	-0.0632068927	-0.0095137099	-0.0236797139	0.0517900553	0.0894300029	-0.0160866975	0.0359676711	0.0534405476	0.0778661069	0.1025792565	0.0199531289	0.0077188074	0.041931223	0.0527843741	-0.0544743542	0.0447414451	-0.1390486421	-0.0965880228	0.0563586214	0.0830065305	0.0196974615	-0.0525151273	-0.0967524137	-0.0294521853	0.0403957579	0.0067436852	0.0305439605	0.0101056073	0.0374399232	0.002668285	-0.019225689	-0.0240733833	0.0037100846	0.0312066266	-0.039358335	0.014534266	0.0161431767	0.0084175528	0.0660849837	-0.0275009744	0.0529563997	-0.0099669197	0.0505284273	-0.0045909743	0.008954934	0.0698078848	0.0865747326	0.0309643323	-0.058801935	0.0126150138	0.0052250686	0.0303934584	-0.0194745658	0.0191232932	0.0787565141	0.0446048127	-0.0017923027	-0.047697375	-0.0805080284	-0.0912167139	0.0544575471343335	0.0121446398854913	0.0001474922779482	0.0029656244398881	-0.0051418193023806	0.0290658477714914	2.643830573833372e-05	0.0008448235066755	0.1084171460526448	-0.0077669581234972	6.032563849215919e-05	0.0117542775582005	-1.7988621133396613e-05	-0.0001499643524003	2.248930699087034e-08	3.2359049028088327e-10	0.0012670018028493	-0.0002020026879536	4.080508594051983e-08	1.6052935684233766e-06	-1.798858481166399e-05	-5.13917234970581e-05	3.2358918352642836e-10	2.6411092439980742e-09	0.0	0.0	0.0	0.0	0.0	0.0	0.0	0.0	0.0	0.0	0.0	0.0	0.0	0.0	0.0	0.0	0.0	0.0	0.0	0.0	0.0	0.0	0.0	0.0	0.0	0.0	0.0	0.0	0.0	0.0	0.0	0.0	0.0	0.0	0.0	0.0	0.0	0.0
814.8916655319115	2.2303999602359	4.974683982620304	664048.4265533726	937.3643430973144	-1.4044436573580017	878651.9117102597	1.9724619866931197	770.5481090783478	-2.126028921836109	4.51999897648361	593744.3884042174	772.0944186839454	670.8343261015667	0.907438	31.49733	0.0641003270495291	0.0338720161921171	0.0123256411	-0.0146746762	-0.117104225	0.0399947723	-0.0778241938	0.0333823622	-0.0206325327	0.1096926697	0.0472630544	-0.0011214442	0.0148666377	0.0314000607	0.0497514163	-0.0012253702	-0.0108129214	0.0704367244	-0.0151574067	-0.0353563283	0.0085519057	-0.0024836973	-0.0158264603	-0.0289314667	0.0402825969	-0.0427506792	-0.0505057893	-0.0653989194	-0.0587673434	0.003677757	0.1098600186	-0.0587682146	-0.0508803359	0.020522786	-0.1157098472	-0.046442059	-0.0378487925	-0.0512622355	-0.0749730364	-0.0420751303	-0.0279183194	-0.056007764	-0.0883896735	-0.022893249	-0.0497110202	-0.0396125275	0.0297847727	-0.0397539802	0.0143693777	-0.1392780906	-0.0412826435	0.0687472683	0.0422667821	0.0192320805	-0.0084338966	-0.1044126008	0.0537166425	-0.0203254619	-0.1596928435	-0.0625097933	0.0028639483	-0.064715495	-0.068032357	0.0304089466	0.0021903433	0.0209203112	0.0180172254	0.0402618692	0.0911735838	-0.0962174906	0.0543427381	0.030342899	0.093811273	0.0214224661	0.0004171614	0.0268544727	-0.0566540367	0.0695195922	-0.0118504447	0.0567601351	0.0610164712	-0.0927724908	-0.0334791177	-0.007017933	-5.7723e-05	0.0023386485	-0.0667946872	0.0370649295	0.0590405299	0.0010837289	-0.0624720708	0.0235489666	-0.0233740237	-0.0541440714	0.0755514043	0.0697565079	-0.0354343019	0.0059303324	0.0637640552	-0.0408607364	0.001596366	0.0296524941	0.0728584627	0.0266478627	-0.0396727349	-0.1248849297	0.0101389579	0.0227569945	0.0079478954	0.0487983121	-0.0960376425	0.1234657522	0.064887002	-0.0110113299	0.082404009	0.0783582027	0.0581100147	-0.081598484	0.037797886	0.05917006	-0.1005709444	-0.0306777788	-0.0462342619	0.0492116756	-0.0623099276	0.0139659273	0.1170971602	0.1287250355	-0.1061461687	-0.0931578412	-0.0109065747	0.0059079485	0.0161101229	-0.0090919401	0.027293157	-0.001643353	-0.0183251339	0.0238166754	0.0268467244	0.0744691258	-0.0431400933	-0.0642545312	-0.0713156462	-0.0140915617	-0.0155523312	-0.0121418744	-0.0112168462	0.0297956673	-0.0424573249	0.0175984734	0.0322811852	-0.0151670047	0.1150074679	-0.0610750957	0.006197338	-0.0398455995	0.0199748219	0.0704997451	-0.0032403336	0.058322582	0.0140967706	0.0220815085	-0.0422287527	0.0826941829	0.0118457353	0.0518602033	0.0028692222	0.0137590545	0.0781455512	0.042504596	-0.0053741445	-0.0517055788	-0.0831501106	-0.0906543325	0.052134238302159	-0.0023233088321744	5.3977639296600345e-06	0.0027179788033463	-0.030975197529969	-0.0258333782275883	0.0009594628620205	0.0006673634306496	0.0943823551463935	-0.0140347909062513	0.0001969753557821	0.0089080289629799	-1.7813414441533772e-05	1.752066918628414e-07	3.069738487352065e-14	3.1731773406584393e-10	0.0014690052242014	0.0002020034213521	4.080538223795405e-08	2.1579763487310056e-06	-0.000253986938438	-0.0002359983536263	6.450936489710839e-08	5.569522291434113e-08	0.0	0.0	0.0	0.0	0.0	0.0	0.0	0.0	0.0	0.0	0.0	0.0	0.0	0.0	0.0	0.0	0.0	0.0	0.0	0.0	0.0	0.0	0.0	0.0	0.0	0.0	0.0	0.0	0.0	0.0	0.0	0.0	0.0	0.0	0.0	0.0	0.0	0.0
813.8805436945604	-1.0111218373510835	1.0223673699682314	662401.5394045532	931.6585868039116	-5.705756293402828	867987.7223654616	32.55565487970598	771.3026159196125	0.7545068412647424	0.5692805735152993	594907.7253244374	772.4462148847371	679.4160945270011	0.945778	32.828133	0.0315850239972696	0.0183919329167304	0.0073947653	-0.0188195906	-0.1264127771	-0.0561867764	0.0638048523	-0.0267395037	0.0450705632	-0.0232584798	0.1094130849	-0.0682965872	-0.027710032	0.0550559739	-0.0763794867	-0.0463961606	0.026306515	0.0402174637	0.0548677838	0.0247653983	-0.0094820171	-0.0060604416	-0.0270288001	-0.0370620322	0.0227290009	0.0166072685	0.0652616195	-0.0127225169	0.031201697	0.0274473259	0.0709216834	0.030778195	0.1038407578	-0.0179515405	-0.0577763312	-0.0789466646	-0.0601793291	0.1342944426	0.0391639357	-0.0568626194	0.0213725516	-0.0646256107	0.0086980883	0.0378424043	0.073870551	0.0104752838	-0.1243677765	0.0495243235	0.0462227245	-0.1645112709	-0.0869117365	0.0337868882	-0.0663078048	-0.0027791743	0.1119448665	0.0832049119	-0.0510200728	-0.0326661393	-0.05479117	0.0627037384	-0.0278540075	0.127983425	0.0650499101	-0.0564388488	-0.0084076216	-0.0057083607	0.0801364394	0.003508633	-0.0445664319	0.0340765446	-0.0087010675	0.0397512222	-0.0739938655	0.0177882888	-0.1141713361	0.0816385951	0.0584312945	0.0579368515	0.1032100918	-0.058849146	0.0159117247	0.0837811203	0.0064451632	0.0073787043	0.0056296187	0.028837174	-0.0198048904	-0.0242004278	-0.0597098559	-0.0126807665	-0.0029861315	0.0002199829	-0.0831902006	-0.1137582696	-0.059278372	0.0284168537	0.0462339187	-0.0292044793	0.04798629	0.0465146804	-0.0111372467	-0.0237693416	-0.0851950707	0.0405022033	0.0821087036	-0.1047355389	-0.0169044503	-0.0104619932	0.0065050614	0.0196824394	0.0075796902	0.0080414202	0.0956324634	-0.012570644	-0.0754290684	-0.0127323667	0.125346737	0.129107715	-0.0104730041	-0.0800855991	0.096541731	0.0003643458	0.0813689358	-0.0445720489	-0.0845399184	-0.1104871315	0.0746837192	-0.0779238287	-0.0118694277	0.0037478045	-0.0162806727	0.0818895104	-0.1346698205	0.0616506292	0.0294935927	-0.0918934457	-0.0500036885	0.0288114965	0.0892250134	0.010176711	0.0477142984	-0.1025419999	-0.0012267578	-0.0415615643	-0.0146969741	-0.0102812571	-0.0097490879	0.0308522304	-0.0431980637	0.0084338381	0.0488212293	-0.0128105405	0.1131680385	0.0024020668	0.0294229192	0.0639044108	-0.0512678174	0.0577879695	0.0377049081	-0.0574966362	0.00991714	0.0668932612	-0.031209426	0.0812780943	0.0039163309	0.0516500551	0.0135331206	0.0092405782	0.0775211985	0.0403752488	-0.0089476998	-0.0555720611	-0.0854361313	-0.089533037	0.060396172089284	0.008261933787125	6.82595499028377e-05	0.0036476976030384	-0.0355780327109442	-0.0046028351809752	0.001265796411581	2.1186091703223032e-05	0.0796153385414299	-0.0147670166049636	0.0002180647794112	0.0063386021310664	-1.787149081045023e-05	-5.807636891645848e-08	3.3728646265205847e-15	3.19390183788007e-10	0.001468998586249	-6.637952399985575e-09	4.4062412064474256e-17	2.157956846401561e-06	-0.0001749868842752	7.90000541628e-05	3.0620409668342235e-08	6.241008557725334e-09	0.0	0.0	0.0	0.0	0.0	0.0	0.0	0.0	0.0	0.0	0.0	0.0	0.0	0.0	0.0	0.0	0.0	0.0	0.0	0.0	0.0	0.0	0.0	0.0	0.0	0.0	0.0	0.0	0.0	0.0	0.0	0.0	0.0	0.0	0.0	0.0	0.0	0.0
811.7538092211745	-2.126734473385909	4.52299952028804	658944.2467850869	937.4681800816596	5.809593277748036	878846.588665619	33.75137405285516	771.4468650722741	0.1442491526615867	0.0208078180435857	595130.2656298395	774.1871224136538	677.0146456251703	0.922004	32.00293	0.1252534456375686	0.0642589640070161	0.0228736146	-0.0156073426	-0.0744527255	-0.0597978239	0.1195042891	-0.0137341308	0.0593766617	-0.1019167402	0.0365583026	0.007217224	0.0348564551	-0.0144822323	0.0414772485	-0.0419570705	-0.0247599761	0.0332304712	-0.0484794743	0.0221313703	-0.0141905702	0.0045802705	0.0079750694	0.0216770444	0.0049480006	0.0203898721	0.0859204934	-0.0650431327	0.0753641614	0.0423626511	-0.0281178615	0.0562530092	-0.0559485307	-0.0182150598	-0.0371188597	0.0453125911	-0.0174279009	0.0396901798	-0.0025010206	-0.1946847034	-0.0272019788	0.0088181605	-0.0083237699	-0.0525488226	-0.0432532265	0.0265500412	0.0815622431	0.0210458986	0.0077233178	-0.1177702292	-0.0727489712	0.0233461565	0.0628538712	0.0041259762	-0.0487620154	0.0846158457	-0.0404070086	-0.041102464	0.0011414854	-0.0332449517	0.1546544819	0.052872314	0.046207014	-0.0864364822	-0.1319831786	-0.0992155996	0.0667535852	-0.0194348545	0.0595339819	-0.0621422559	-0.050219269	-0.0455374699	0.0009945938	0.0496233557	0.0314950397	-0.0634869835	-0.016986411	-0.0192640674	-0.0850159487	-0.0113915898	-0.0614556951	0.0143678063	-0.0113771566	0.0159171618	-0.0054903611	-0.0039154836	0.0496823508	-0.0255574354	-0.1014795876	0.0130730253	0.0476346552	-0.0053949427	-0.0015147187	0.0010206482	0.0020914922	0.0601498477	0.0212113014	0.0166866584	0.0844462659	-0.0023650572	-0.0618964043	-0.0678892782	-0.0040251231	0.0219456058	0.0403595148	-0.0112057004	-0.0074065594	0.0906953423	-0.044276904	0.180807482	-0.1100351409	0.0571467686	0.0216891614	0.0053695811	0.0765641614	-0.0137019562	-0.0062435134	0.0256963204	-0.1029296717	-0.0264682549	0.036643014	0.1045090345	-0.0303124344	-0.0013662784	-0.015825256	-0.0782089119	0.0343136809	-0.0843733815	-0.0819021587	-0.1131022474	-0.0804982301	-0.0246199452	0.004171146	-0.0006377643	0.0460850768	-0.0704337943	0.0687600534	0.1091022876	-0.0819039783	0.0988449664	-0.0210566237	0.0998712698	-0.0202753477	-0.0611413412	0.001094162	-0.0170835218	-0.0091782582	-0.0022626436	-0.0310860332	0.059492263	0.0014811766	0.0278197806	-0.0155064857	0.0663268574	-0.0527171614	0.1253268071	-0.1316136266	0.0358596245	-0.0509502478	-0.0191139238	-0.032008258	0.0127920561	-0.0203738071	0.0508102829	-0.0067919991	0.0654399141	0.0328437915	0.0407267575	0.0768835629	0.0382182304	-0.0125074584	-0.0592862243	-0.0873563013	-0.0878597406	0.0803586144547949	0.0199624423655109	0.0003984991051963	0.0064575069170943	-0.0425944975253429	-0.0070164648143987	0.0018142912194364	4.9230778491695e-05	0.1263015439781014	0.0466862054366715	0.002179601778075	0.0159520800112522	-0.0003978677631405	-0.00037999627233	1.4439716698473333e-07	1.58298756946425e-07	0.0009270567124712	-0.0005419418737778	2.9370099455379305e-07	8.594341481379091e-07	-0.0002848153985871	-0.0001098285143119	8.111981127232865e-08	1.2062302555959231e-08	0.0	0.0	0.0	0.0	0.0	0.0	0.0	0.0	0.0	0.0	0.0	0.0	0.0	0.0	0.0	0.0	0.0	0.0	0.0	0.0	0.0	0.0	0.0	0.0	0.0	0.0	0.0	0.0	0.0	0.0	0.0	0.0	0.0	0.0	0.0	0.0	0.0	0.0
810.4562278167602	-1.2975814044142453	1.6837175010816452	656839.2972069724	936.4195445667614	-1.0486355148982511	876881.5634466208	1.0996364431059202	775.1637236293117	3.71685855703754	13.815037533023183	600878.7984308599	776.3150336569533	663.3605945249868	0.942938	32.729534	0.2925688819275498	0.1553189472337443	0.060114106	-0.0162587857	-0.0063016503	-0.0138233871	0.1535819039	-0.0270517923	0.0386666163	-0.1058731928	0.0361797351	-0.0009363053	0.0714509505	-0.004832902	0.0410063924	-0.0214085356	-0.042949787	-0.0856716828	-0.0877395363	0.0170852816	-0.0443802668	-0.0238155988	-0.0709417884	0.0227123758	0.027104679	0.0866754426	0.0705271722	-0.08317703	0.1045100546	0.1059594195	-0.0816161598	-0.0099463812	0.037496354	0.0006674668	0.0042433364	0.0250095095	-0.0483635954	0.0107333844	0.0634502551	-0.1592378884	0.0740300371	0.1158663978	0.0387496548	-0.0567233825	-0.1310343425	0.1626077436	-0.1033482479	0.008885673	-0.0348112661	0.0379126089	0.0115105631	0.0982141624	-0.0921539342	0.0532100426	0.0506708747	-0.0463669075	-0.1125042194	0.0635739907	0.090685719	0.073243447	0.0318505791	-0.0786995861	0.0941290316	-0.0372541401	-0.0630325067	-0.0990218477	-0.2162503852	-0.1175879664	-0.0065296598	0.0460592405	0.0319379667	0.0041530688	-0.1099392643	-0.0465178414	0.007386735	-0.0795484539	-0.0430815818	-0.0107196504	0.0799702126	0.1002684021	0.1033947713	-0.0217424799	0.034905022	0.0390979638	0.0085786966	0.0876790788	0.0350768819	-0.0184487527	-0.1374475769	-0.0273857872	0.0244918774	0.0391360659	0.0494191988	0.0139333709	-0.0730996261	0.0397609439	-0.0134562733	0.0471401271	-0.0184937888	0.0670580384	-0.0616710745	-0.1030474964	0.0479749084	0.0308454048	-0.0710077894	-0.0441290854	-0.1254080913	0.051360001	-0.099423832	0.0533645243	-0.105360735	-0.0805001466	-0.0190381618	0.07316155	0.0210125123	-0.2618995254	0.11363545	0.010403771	-0.0236344056	-0.0265867681	0.0047930782	-0.0823680975	-0.0282543586	-0.006457502	-0.0642698654	-0.0354507275	-0.0535604591	-0.129813253	-0.1397367689	0.0642491339	0.1001304582	0.102461321	0.0861636051	0.0109171865	0.0768702642	-0.0406034367	0.0474881165	-0.0768387431	-0.077957329	-0.1735046891	0.0837517089	0.022459378	0.0410086512	-0.011135032	0.0285171205	-0.0294768536	-0.0038992097	-0.0466266298	-0.0127469229	0.1188147431	-0.0389943598	0.0413635058	-0.153028978	0.0890417903	-0.1603207323	0.1698786323	-0.2098654642	0.0494894462	-0.1174454554	0.0224204158	-0.0037079306	0.0027282441	-0.0243513319	0.0697875678	0.0055007408	0.0623404107	-0.0270832555	0.0274844855	0.0762327537	0.0360350191	-0.0160479313	-0.0628378881	-0.0889023983	-0.0856447597	0.0986594954019182	0.0183008809471233	0.0003349222434407	0.0097336960329611	-0.1774371773075245	-0.1348426797821816	0.0314839518908618	0.0181825482908399	0.1602718531191413	0.0339703091410399	0.0011539819031378	0.0256870669022436	-0.0015159135561459	-0.0011180457930053	1.2500263952570737e-06	2.297993909706909e-06	0.0002789757084047	-0.0006480810040665	4.200089878318428e-07	7.782744587990423e-08	-0.0006277888426593	-0.0003429734440721	3.941188309675033e-07	1.1763078333874648e-07	0.0	0.0	0.0	0.0	0.0	0.0	0.0	0.0	0.0	0.0	0.0	0.0	0.0	0.0	0.0	0.0	0.0	0.0	0.0	0.0	0.0	0.0	0.0	0.0	0.0	0.0	0.0	0.0	0.0	0.0	0.0	0.0	0.0	0.0	0.0	0.0	0.0	0.0
808.1863634994497	-2.269864317310521	5.152284018999558	653165.1981464647	938.3551944000552	1.9356498332938368	880510.4708575654	3.74674027713046	773.2874357456578	-1.8762878836538448	3.520456222346224	597973.4582820949	775.1178625547683	653.7432602280252	0.961596	33.377182	0.2019597058515498	0.1197373259270153	0.015605688	0.0229054495	0.0451117051	-0.0008997705	0.066527441	-0.0564727315	-0.0345346026	-0.0649499449	-0.0020892452	0.0379947081	0.0455910367	-0.0206413247	0.0442294901	0.0435131821	0.0053439663	-0.0110090312	-0.0767897795	-0.0540830188	-0.0258056178	-0.0372172491	-0.0203816408	0.0559608648	0.0189808059	0.0327713721	-0.0389688013	-0.0162254377	0.0481951636	0.0153222723	-0.0463857661	-0.075984115	-0.0267207751	0.0288747955	-0.0042358456	0.0042340493	0.0425863876	-0.0196813433	0.0575474698	-0.022935122	0.0012395107	-0.0506887356	0.0676680294	0.0280908192	-0.0362644608	0.1191752939	0.0192775185	-0.1589853051	0.0136944875	0.0845394114	-0.0685222715	-0.0217228689	-0.0581965779	-0.0247683233	-0.0397326893	0.0755262704	0.0261946701	0.0145304911	0.0145035678	0.0340831782	0.0263011712	-0.0507728551	0.1525300248	-0.0496139986	-0.0205199875	0.0159831523	-0.0069238197	0.1506630868	-0.0184445856	0.031937635	-0.0992612006	0.0483945173	-0.0248302474	0.0487883659	0.0878433058	-0.0123250236	-0.0795468856	-0.0252718701	0.0758071888	-0.0473792676	-0.1487115381	-0.0612987129	0.06679067	0.0255849922	0.0275720915	0.0306480914	0.0326735986	0.0397659637	-0.0440910041	-0.0281257674	-0.0024554848	-0.0329203842	0.0555178221	0.0829714128	-0.0126815748	0.0163367886	-0.046769552	0.0260592083	0.0062124489	0.0119169998	0.0161885696	0.0266098255	-0.0158754944	-0.0369557746	-0.0230352334	0.0401028749	0.0032338104	-0.0312963439	-0.0888774377	0.0523683084	0.0421383861	-0.1062294919	0.0043043703	0.0285014791	0.0592328335	-0.1233496884	0.0220331191	-0.0338720138	0.0493897374	0.0407118475	-0.0505097393	0.1074769754	-0.0589335364	-0.1177597812	-0.0488305024	0.0225584106	-0.0067667825	-0.1294637962	0.102427289	0.0255823167	0.0530728085	-0.0193396167	-0.069296035	0.0096628091	0.048271555	-0.0999714093	0.0914370629	0.0630677066	-0.0931746143	-0.0108797506	-0.0724352858	-0.0265127196	0.0773833981	-0.0512244615	0.0055101367	-0.0165634247	-0.026978709	-0.0128651678	0.0248206185	0.0801370611	-0.0243743423	0.0375747045	-0.1251956734	0.1058398402	-0.0941174362	0.1300674856	-0.1017383091	0.0348096367	-0.0904102996	0.027771401	-0.0135726087	-0.0248072954	-0.0001590973	0.0262888114	-0.0111622451	-0.0193095728	0.0037380556	-0.0065268185	0.0755688824	0.0338271112	-0.0195636596	-0.0662173176	-0.0900678015	-0.0829017503	0.0847447977913731	-0.0139146976105451	0.0001936188095929	0.0071816807527007	-0.1048228239216939	0.0726143533858306	0.0109878244149184	0.0052728443176422	0.1627447424763204	0.002472889357179	6.115181772849651e-06	0.0264858512036838	0.0003946265256748	0.0019105400818207	3.650163404243447e-06	1.557300947661636e-07	0.0005029011495505	0.0002239254411457	5.014260319234112e-08	2.529095662192143e-07	-0.0005030990556659	0.0001246897869934	2.531086598119204e-07	1.5547542980459467e-08	0.0	0.0	0.0	0.0	0.0	0.0	0.0	0.0	0.0	0.0	0.0	0.0	0.0	0.0	0.0	0.0	0.0	0.0	0.0	0.0	0.0	0.0	0.0	0.0	0.0	0.0	0.0	0.0	0.0	0.0	0.0	0.0	0.0	0.0	0.0	0.0	0.0	0.0
807.3104202000561	-0.8759432993936116	0.7672766637525663	651750.1145635912	936.1255427402278	-2.2296516598273683	876331.0317706862	4.971346524170939	770.6124945852227	-2.6749411604350826	7.155310211789786	593843.61681086	773.042810548657	650.6726185761828	0.8521069999999998	29.576775	0.0210146235595156	0.0137021033726276	0.0266640231	0.0213107902	0.0568893215	0.0239485017	0.0633336984	-0.0197971035	-0.0292815427	-0.0247783613	-0.0030977122	0.0370846681	0.0464706617	-0.0312924434	0.0276324918	0.0019880357	-0.0094992514	-0.0366069613	-0.0602653219	-0.0256469216	0.0011698819	-0.0113858811	0.0215160603	-0.0291284064	0.0389695404	-0.0023863858	-0.0456805419	0.0458041576	0.0382298585	0.0131134422	-0.128867178	0.0247670272	-0.0212212176	-0.0511515538	0.047184968	0.0867267876	-0.0071154847	-0.0136154619	0.0443871126	0.0365944698	0.1253256238	-0.0035118418	0.0040000281	0.0315584549	-0.113112764	0.1313306265	0.0383618487	-0.0748547504	0.0324916641	-0.0325116231	0.0115845823	0.048899908	0.1046050213	0.0390485272	0.0225582728	0.081454913	0.0573513047	0.1219411387	-0.0232991146	0.1450949597	-0.0473618984	-0.0436722146	-0.0458370608	0.1474474403	-0.0643655882	-0.056236327	-0.0298055198	-0.0387421796	-0.0128836988	-0.0488397917	-0.0312011008	-0.0089649437	0.0228177488	0.1099809395	-0.0861227703	-0.0538833206	-0.0466616447	-0.0631951876	0.0662701013	-0.0280295251	0.1044534876	0.0879666847	-0.0331704152	0.0021525447	0.0085668965	-0.0106518436	-0.0206912499	0.0148968165	-0.0198578094	-0.0314893174	0.020278842	-0.0250960188	0.0811996067	0.0819861027	-0.0134271245	-0.0198265397	0.0626731974	0.0638689073	-0.0812811044	-0.0311900619	-0.0310259219	-0.0668013851	-0.0925561693	0.0673149133	-0.0576816502	-0.0118720105	-0.0139503701	-0.0695519244	-0.1448897301	-0.0067912202	-0.0906226839	-0.0166178504	-0.0624801774	0.0219175615	0.0079097249	-0.0964355937	0.0599339171	-0.04970678	0.0117598462	0.142205972	-0.0023762007	-0.0449354357	0.0339157386	0.095485743	-0.029824002	0.033910136	-0.0134471093	-0.0963049033	0.0838757455	0.00029427	0.043476217	-0.0341535429	0.0565238982	0.0081975288	-0.0695553941	-0.1029578104	0.0098774579	-0.0674548469	0.079205398	0.0787673221	0.0465632232	-0.0026065047	-0.1281276755	-0.0507477255	0.0048652197	-0.0162398153	-0.0174428906	-0.0268654314	0.0162163482	0.0737393829	-0.0467000328	0.039600908	-0.1253798323	0.0998184904	-0.0962784634	0.1140194512	-0.0731089876	0.0097545819	-0.0703429711	0.0364100802	0.0150909404	-0.0585954016	-0.0336824774	0.0231262049	-0.0055137405	-0.0227326538	-0.0125342353	-0.0016459161	0.0748920628	0.0315960199	-0.0230492221	-0.06941525	-0.0908475206	-0.0796476241	0.0889268589064187	0.0041820611150455	1.7489635169976438e-05	0.007907986234962	-0.1003438796258535	0.0044789442958403	0.0100688941783677	2.006094200524119e-05	0.1629672545884801	0.0002225121121597	4.9511640057773693e-08	0.0265583260681064	0.000637126144748	0.0002424996190731	5.880606525064708e-08	4.059297243214494e-07	0.0005028395254695	-6.162408099997034e-08	3.797527359090904e-15	2.52847588374392e-07	-0.0005031599332411	-6.087757520008634e-08	2.5316991841918824e-07	3.706079162242166e-15	0.0	0.0	0.0	0.0	0.0	0.0	0.0	0.0	0.0	0.0	0.0	0.0	0.0	0.0	0.0	0.0	0.0	0.0	0.0	0.0	0.0	0.0	0.0	0.0	0.0	0.0	0.0	0.0	0.0	0.0	0.0	0.0	0.0	0.0	0.0	0.0	0.0	0.0
807.2439982137707	-0.0664219862853769	0.0044118802620948	651642.8726521543	935.1210482818911	-1.0044944583366942	874451.3749398229	1.0090091168291286	771.0829852287311	0.4704906435083558	0.2213614456289067	594568.9701092516	773.5108631885835	651.7351261889504	0.92727	32.185692	0.1051167682454802	0.0600013343307574	0.0125708815	0.0126194207	0.054602892	0.0218347703	0.0063754998	-0.0063668358	-0.0172209907	-0.0184592705	-0.0370703589	0.0119825076	0.0111842565	-0.0374899968	0.0361796848	0.050721993	-0.0186458341	-0.0267246295	-0.0119237051	-0.0790780027	-0.010951488	-0.0057886703	0.010764756	-0.0021166473	0.0035591351	-0.0732284065	-0.0842590118	0.0729281368	-0.0819573546	-0.0293375101	-0.1140131137	0.0107116991	-0.0113868714	0.0056206709	-0.0570681097	0.017783389	-0.0527725223	-0.0694851788	0.0085032834	0.0610101224	0.0173962581	0.0455313118	-0.0037792202	0.0456466932	0.0741078287	-0.057128345	0.0670539104	0.0059282967	-0.1165689055	0.0210189492	0.0041392336	-0.0227679427	-0.0371162063	-0.0377959151	-0.0704296682	-0.0308173136	-0.0539477973	0.0522003652	0.0719253315	-0.0728721991	-0.2304617244	-0.0309031917	-0.0299919656	-0.0844990485	-0.08376186	-0.0010654321	0.0549098937	0.0253233219	0.0922055298	0.1055119881	-0.0327113574	0.0372400078	-0.1010408445	0.0438333812	-0.0221737591	0.0480273251	-0.0633865754	-0.0230734617	-0.1171252746	-0.0730965036	-0.0384856148	0.1014063499	-0.013001606	0.0076121549	0.0083569241	-0.0081630182	-0.0248322035	0.0138757045	0.0540425687	0.0113650255	0.0222216849	-0.0566488049	0.0724317245	0.0338330011	0.0735583881	-0.0457497777	0.0524359962	0.084220727	-0.0551868369	-0.0173289824	0.0379617756	0.00487528	-0.012697131	-0.0240371283	-0.0306742172	0.0623742075	-0.101363561	0.0521033857	0.0127554058	-0.0648634938	0.1076541982	0.0372270308	0.0780052724	-0.0766907354	-0.0091651094	0.0833122612	-0.0773558302	-0.1596508221	-0.0628279408	-0.0623821641	-0.0813467407	0.0369560856	0.0166764662	-0.0001109446	0.0430808317	0.0194817067	-0.0848913728	0.044377261	0.1019558598	0.0301807387	0.0783805909	-0.0981501425	-0.0615564623	-0.06429956	0.151138873	-0.0533496887	-0.0112638752	0.0752260727	0.0788299309	-0.0741531447	-0.0532907515	-0.0578374107	0.0657702376	-0.0914497479	0.007396681	-0.0012778727	-0.0166288649	-0.0350196503	-0.0140142961	0.0422998102	-0.043030665	-0.0377861117	-0.1017484528	0.063645313	-0.0513315631	-0.0883365905	0.0013711329	-0.1337677426	0.0209233785	0.0871662215	-0.0028664855	-0.0494553492	-0.0138251978	-0.0239912202	-0.0456168195	-0.0668648344	-0.1074251871	-0.0495639803	0.0742024108	0.0293432743	-0.0264992443	-0.0724229201	-0.0912382167	-0.0759024438	0.1015415377698332	0.0126146788634144	0.000159130122827	0.0103106838926624	-0.1251318967082113	-0.0247880170823577	0.0156579915737944	0.0006144457908752	0.1503808817592471	-0.012586372829233	0.0001584167809964	0.0226144095986886	0.0008168946597519	0.0001797685150039	3.231671898670744e-08	6.673168851311725e-07	0.0005036705784651	8.310529956000613e-07	6.906490814958356e-13	2.536840516113685e-07	0.0004187944881689	0.00092195442141	1.7538882332065094e-07	8.499999551574478e-07	0.0	0.0	0.0	0.0	0.0	0.0	0.0	0.0	0.0	0.0	0.0	0.0	0.0	0.0	0.0	0.0	0.0	0.0	0.0	0.0	0.0	0.0	0.0	0.0	0.0	0.0	0.0	0.0	0.0	0.0	0.0	0.0	0.0	0.0	0.0	0.0	0.0	0.0
808.2448503690143	1.0008521552435925	1.0017050366557438	653259.7381480304	932.29121922965	-2.829829052241166	869166.9174527073	8.007932464908137	771.1898966572826	0.1069114285514842	0.0114300535549191	594733.8567062702	772.6751130264171	647.534646527111	0.8758909999999999	30.40234	0.0979938491423368	0.0524696920142371	-0.0228574198	0.0225159602	0.0549378019	0.0307673622	-0.0783114353	0.0139670132	-0.0527392968	0.0704334396	-0.0485798549	0.0077995198	-0.0210300612	0.0119644484	-0.012765756	-0.0054282941	0.0220019173	-0.0117704392	-0.01388098	-0.0157765502	-0.0061540402	0.0138646084	0.0030927056	-0.0097765344	-0.0563025311	-0.039748447	-0.0465621683	0.0838038216	-0.0564620848	-0.0303009969	-0.0625132015	0.0056329284	-0.0222035783	-0.0083194344	0.0685594839	-0.0369597718	0.0819636453	-0.0001343966	-0.1597886005	0.0099013307	-0.0381256089	-0.0044122179	0.0275826569	0.0026169351	0.0253885687	-0.0263241434	-0.057282601	-0.0311894876	-0.1648029996	0.0663456267	0.1030272705	0.0055512283	0.096939221	-0.026152043	0.1102696197	-0.1192794491	-0.0211466119	0.0603574958	0.0960093375	0.0026930817	0.0767386072	0.0086284131	-0.0948351233	-0.1698556582	-0.0709941464	-0.0114345675	0.0391520219	0.0771547086	-0.0122756039	0.0768994138	-0.0475403697	-0.0797722346	-0.0426099947	-0.1119963875	0.0783045919	0.105303653	0.0234715726	-0.0663495292	0.0741997026	0.0220674403	-0.0591986264	-0.0122726589	-0.0798120604	0.0036481005	-0.0024603051	-0.0116758382	-0.0156563156	-0.0020645029	0.1045147872	0.0003642509	0.0082707891	-0.0421495147	0.024752942	0.0384702169	0.0274992666	-0.0915611941	0.0220665026	0.0152096218	-0.0101133626	0.0370276915	0.0313029807	0.0579510128	0.0348423158	-0.1317570914	0.0183933947	0.0444261772	0.0374608412	0.0132557168	-0.0119235821	-0.000821675	0.0612432667	0.054102751	-0.0093524455	-0.061646454	0.0073737896	0.0016219605	0.0018793133	0.0342142317	-0.1360115656	0.0099637301	-0.0049275879	-0.1548561929	-0.0942215449	0.0235683366	0.0446528337	0.0629510656	-0.1817472073	0.1068559734	-0.0384014751	-0.0549706518	-0.0338907667	0.0880714576	-0.0480237006	0.0547450467	0.0116925185	-0.0505639303	0.0260627671	0.0040687117	-0.0874131913	-0.024028469	0.0688779465	0.089705697	0.1172067549	-0.0544458515	-0.0029389683	0.017265814	-0.0208978819	-0.0205873788	0.0014062347	0.0120858238	-0.0166641569	-0.0292837428	-0.0849442059	0.0157818603	-0.0783324689	-0.1285426138	0.0278848176	-0.0658678153	-0.0151214632	0.0398263192	0.0158343005	-0.0395920857	0.0404337985	-0.0340128398	0.0139416178	-0.0805233548	-0.0381048746	-0.0365799591	0.0735000446	0.0270704183	-0.0299084066	-0.075232084	-0.0912382167	-0.0716892996	0.097983039131293	-0.0035584986385402	1.2662912560492458e-05	0.0096006759574044	-0.1047646855316486	0.0203672111765626	0.0109756393345452	0.0004148232911107	0.1330304819484382	-0.0173503998108089	0.0003010363735949	0.0176971091274337	0.0015979316975849	0.0007810370378329	6.100188544669469e-07	2.55338571014656e-06	0.0006531719026674	0.0001495013242023	2.235064593824121e-08	4.266335344341515e-07	0.0002149780598757	-0.0002038164282932	4.621556622792005e-08	4.154113644219714e-08	0.0	0.0	0.0	0.0	0.0	0.0	0.0	0.0	0.0	0.0	0.0	0.0	0.0	0.0	0.0	0.0	0.0	0.0	0.0	0.0	0.0	0.0	0.0	0.0	0.0	0.0	0.0	0.0	0.0	0.0	0.0	0.0	0.0	0.0	0.0	0.0	0.0	0.0
809.7914477789284	1.5465974099140567	2.3919635483528685	655762.1888958929	929.2505820945456	-3.0406371351043617	863506.6443230519	9.24547418737566	771.5839304174866	0.3940337602040245	0.1552626041805226	595341.7616784968	772.6409309628526	647.9862221899543	0.8914499999999999	30.942375	0.0847957309999472	0.0460589217576317	-0.0324229163	-0.0019767954	0.0213185163	0.0306832305	-0.1520936376	-0.0015639003	-0.0243791406	0.0467224204	-0.0117225949	-0.0427354315	-0.0255797668	0.0076675762	-0.0344958796	0.0409764972	0.0008134823	0.0115521838	0.0412721244	0.0096104341	-0.0038086264	-0.0372946585	0.0088188696	-0.0216629153	0.0042515054	-0.0210976463	-0.0522828875	0.0151693206	-0.0264396263	-0.0355085364	0.0025074575	-0.0067262387	0.0288353061	-0.0451765912	0.0392564153	-0.0089674643	0.0267144595	-0.0412993734	0.0374101902	0.031761999	0.0255287686	0.0450672617	-0.0806552021	-0.0094525774	-0.0157875054	0.1444410874	-0.1086382729	0.0425210555	0.0567302426	0.0632374069	-0.0540893037	0.0267015215	-0.0708956883	0.0718115999	-0.050197877	-0.0120552288	-0.0148570424	0.0047994383	0.1636678106	-0.0112085716	0.0575509624	0.0736888166	-0.015243319	-0.0734841407	0.0408969045	0.037429594	-0.00532984	0.114914715	0.1074196958	0.0700442562	0.009109646	-0.0609599135	0.0443254463	-0.044364233	-0.0997817124	0.0493262809	-0.0497867716	0.0059483429	-0.1140776525	-0.0119975391	0.0219761405	-0.0644060353	0.0996592849	0.0047975873	0.0375359974	-0.002200919	-0.0428868708	0.0041164923	0.0399545633	0.0059889562	-0.0213723198	0.0206364583	0.0188629095	-0.0193111819	-0.0229172403	-0.0244487592	0.0280785842	0.0606120764	-0.0288801106	0.0144784309	0.0147497583	0.042605132	-0.0198129306	0.0094944289	-0.0401777093	0.05651096	-0.0273129539	-0.0006308573	0.019648462	-0.0193061526	0.0033512026	-0.0607915942	-9.97284e-05	-0.0164231673	0.0247519923	0.0201206988	0.1579902782	-0.0016009637	0.1139513309	0.0339239164	0.0601746875	0.0282895593	-0.0659477442	-0.1404903227	-0.0676721004	0.0484254424	-0.0065850571	0.0110173654	0.0106654075	0.1399008326	-0.1171908914	0.0180103422	0.0528914697	0.0233643595	0.1656650185	0.1156813189	-0.0606939092	0.0712160929	0.0159813288	-0.0989276772	0.0393531553	-0.0045741625	-0.0209964972	-0.0635147663	-0.0075874616	0.0234306939	-0.0267243041	-0.0087313363	0.0164728419	0.020585657	-0.0036307796	-0.0164773807	-0.051110986	-0.0018736086	-0.109486806	-0.0973207706	-6.66801e-05	0.0374785547	-0.0186890847	0.0001906505	-0.0416958374	-0.024478564	0.0711429614	-0.0053470269	0.0256865094	-0.0658440419	0.0349267385	-0.0135799775	0.0727850846	0.0247790096	-0.0332714524	-0.0778350419	-0.0908475206	-0.0670341672	0.093335202007907	-0.0046478371233859	2.1602389925525026e-05	0.0087114599338568	-0.0642284252017475	0.0405362603299011	0.0041252906038964	0.0016431884015335	0.1237200454642675	-0.0093104364841706	8.668422752577677e-05	0.0153066496496804	0.001699996754795	0.0001020650572101	1.0417275903301002e-08	2.8899889663135312e-06	0.0003640004902305	-0.0002891714124369	8.362010577075178e-08	1.3249635688804434e-07	1.9058827291178453e-07	-0.0002147874716027	3.632388977149686e-14	4.6133657957518556e-08	0.0	0.0	0.0	0.0	0.0	0.0	0.0	0.0	0.0	0.0	0.0	0.0	0.0	0.0	0.0	0.0	0.0	0.0	0.0	0.0	0.0	0.0	0.0	0.0	0.0	0.0	0.0	0.0	0.0	0.0	0.0	0.0	0.0	0.0	0.0	0.0	0.0	0.0
810.8283040590933	1.0368562801648975	1.0750709457173888	657442.5386633454	932.3102834682272	3.059701373681605	869202.4646606062	9.361772496109102	771.5160568313408	-0.0678735861457653	0.0046068236962866	595237.0259485807	772.7453981125732	657.7977358151788	0.8501689999999998	29.509501	0.0817544056591103	0.0496909037723638	-0.0360179402	-0.0083984521	-0.0047088068	-0.0115827619	-0.0702074438	-0.0078546552	-0.0039306592	0.0087713289	0.0199795513	0.0032193454	-0.0429512715	0.0298732693	-0.0350435819	0.0189955269	0.0105235528	-0.013599144	0.0173886708	0.0006004374	-0.0028982513	-0.0393183922	0.0083056835	-0.0046126545	-0.0240235463	-0.0538063119	-0.0117022304	0.0175953472	-0.07621842	-0.0279763293	0.07871971	0.0133173764	0.0722717412	-0.0667549857	0.0574247624	-0.0413882342	0.017997744	-0.0045210594	-0.0626895052	0.0309802277	0.0105337354	-0.0380919689	-0.0207828703	-0.0270206808	-0.0704592104	0.0711852558	-0.0138682458	-0.0059323697	0.0350543456	0.0361092614	-0.0095040741	-0.0499208867	-0.054261496	-0.0372900031	-0.0125355788	0.0195611168	0.0614941995	-0.1063738058	-0.0180026606	-0.0322478067	0.1517346264	-0.0478755387	-0.0410305566	-0.1076325442	0.0572362023	-0.0420090183	0.030833936	0.0615272638	-0.0074149877	0.0382423701	0.0907054007	-0.0356245121	0.0338205642	-0.0426554584	-0.0764237214	-0.000819281	-0.0167275139	0.0091506898	0.058881707	0.0609675797	0.0513001358	0.0380451319	0.1698054757	-0.0058432322	0.0436280577	-0.0075745431	-0.0119988803	-0.0129584161	0.0434563447	0.012227797	0.0058312825	-0.0010280169	-0.0194665427	-0.0805583219	0.0131626267	-0.0180667433	0.0091810504	0.0376340331	-0.0569126622	0.0282661425	0.0385635245	0.0488580268	-0.0100611312	-0.0488174044	-0.0313368787	0.0140183929	0.0944397511	-0.053987333	-0.0626358341	-0.0279877396	0.0572851567	-0.0314752158	-0.0380384715	0.0232292465	0.0102954391	0.0252620166	-0.0238398735	0.0242818389	0.0710649104	-0.0632937265	0.0624515516	0.0020060675	0.0150526396	-0.0911507211	-0.0782295596	0.0445350028	0.0707126006	0.06853375	-0.0452637785	-0.0212561601	-0.1541069202	0.0975991548	0.0591761229	0.1102409555	0.0073734241	-0.025949849	0.0701613158	-0.0708920913	-0.1086552913	-0.0708111473	-0.0828905411	-0.0465384047	-0.0222995563	-0.0289444063	-0.0063844732	0.0288551822	-0.0287224667	-0.004604016	0.0148487969	0.0075815339	0.01363198	-0.0067335752	-0.0318422529	0.0179188564	-0.0923732409	-0.0349559375	-0.0404460595	0.0213620731	-0.000258727	-0.0711897207	-0.039134037	0.0262990575	0.1003973232	-0.019652144	0.0489791752	-0.0662088272	0.0054092927	0.0026034234	0.0720576532	0.0224706185	-0.036583196	-0.0802246594	-0.0900678015	-0.0619657467	0.0867984114995863	-0.0065367905083207	4.272963014967167e-05	0.0075339642388515	-0.0551459273918339	0.0090824978099135	0.0030410733079054	8.249176646708527e-05	0.107798844097374	-0.0159212013668934	0.0002534846529651	0.0116205907887299	0.0025140164133756	0.0008140196585805	6.626280045556762e-07	6.320278526721915e-06	0.0005029363826598	0.0001389358924292	1.930318220512601e-08	2.529450050029248e-07	-5.113218019683853e-05	-5.132276846975031e-05	2.614499851681966e-09	2.6340265633995968e-09	0.0	0.0	0.0	0.0	0.0	0.0	0.0	0.0	0.0	0.0	0.0	0.0	0.0	0.0	0.0	0.0	0.0	0.0	0.0	0.0	0.0	0.0	0.0	0.0	0.0	0.0	0.0	0.0	0.0	0.0	0.0	0.0	0.0	0.0	0.0	0.0	0.0	0.0
811.1968985800459	0.3685945209525698	0.1358619208762544	658040.4082658852	933.8057624482948	1.49547898006756	871993.2019816411	2.236457379823909	770.9114227865699	-0.6046340447709326	0.3655823280960582	594304.4217828135	772.7461329699142	666.9596694623251	0.844653	29.318054	0.1081007936495164	0.047531396710694	-0.0330550641	-0.0194659936	-0.0268930063	-0.0078284694	-0.0097786917	0.0050427306	0.004906214	0.0178218597	0.0060606926	0.0269830223	-0.0398112798	-0.0237599403	-0.0164883685	-0.0132991874	0.0188812534	-0.0160315534	0.0589782853	0.0221102623	0.0125762578	-0.0310253177	0.0205439088	-0.0088586159	-0.0058407496	-0.0050207129	-0.0277588973	-0.0340037339	0.0011004328	-0.0067525957	0.0173088291	-0.0206213337	0.0666315407	-0.0266093495	0.0266141256	-0.0072620308	-0.0470310324	-0.0623144566	0.0552761165	-0.0092052713	0.0592580843	-0.0340530546	0.0420547251	0.0610219339	0.0373161414	0.0792255278	-0.1360411634	-0.0535800348	-0.0843467935	0.0462968022	-0.0675834966	-0.0352230047	0.045062413	0.055392417	0.0627372298	-0.1280903094	0.0367437517	0.0909194824	0.0051150311	0.0022413753	0.1324604225	0.005825367	-0.0528461627	0.0120396076	0.0378454215	0.0602336989	0.0058092665	0.0699601607	0.0705588602	0.0064035226	-0.0493583677	0.0321350584	0.0060967664	0.0684051622	0.0447615874	-0.0168843423	0.0545255673	-0.0154240946	0.0053302498	0.0128274224	0.0007449075	-0.0124759211	0.0339191141	-0.018119407	0.0282814033	-0.0200535772	-0.0042231766	-0.0017696676	0.0243628627	-0.0151201845	0.0149378639	0.0265397763	-0.0080489366	-0.0327570014	-0.0174729444	0.0399150577	-0.0054576296	0.0588364355	-0.0034059999	0.0283858614	0.0393090751	0.0319331486	-0.0320500691	0.040281225	-0.0067787342	-0.0099157986	-0.000208442	-0.010966292	-0.1187519126	-0.0785429173	0.1783529637	-0.0645221412	-0.0037709977	0.0041792403	-0.0106539177	-0.0045743574	0.1019434762	0.0727376245	0.0503046363	0.05176319	-0.013809924	-0.0932897633	-0.184069628	0.0416508442	0.0259154865	-9.33192e-05	0.0236198924	0.0053313427	-0.0664843873	0.0709272387	0.0021112986	0.0193130096	0.0069202191	-0.0267255417	-0.0298798515	0.0022182119	0.0195809952	0.0213119686	-0.0371159878	0.0957239609	-0.0322700286	0.0401807313	-0.0333036171	-0.0149986667	0.0005730093	0.0299842802	-0.0100109728	-0.0093915572	0.0107836197	0.0154934805	0.0086745229	0.0067447134	-0.0824755444	0.0403491076	-0.1381737912	-0.0068873349	-0.1021787032	0.0150590115	-0.0296123652	-0.0357143938	-0.0140734581	0.0494488825	0.1091043342	-0.0064365041	0.0379432169	-0.0460550777	0.0281487122	-0.0184800136	0.0713178751	0.0201468273	-0.0398385309	-0.0823943867	-0.0889023983	-0.0565152869	0.0792806163416344	-0.0075177951579518	5.651724403692496e-05	0.0062854161275094	-0.0730106159695083	-0.0178646885776743	0.005330550044247	0.0003191470979772	0.0919678895054119	-0.0158309545919621	0.0002506191232927	0.0084580927000796	0.0017940344879601	-0.0007199819254154	5.183739729250104e-07	3.218559743990258e-06	0.0001741952825495	-0.0003287411001102	1.0807071090173025e-07	3.034399646250014e-08	-0.0003401562611096	-0.0002890240809127	1.1570628197206241e-07	8.35349193474665e-08	0.0	0.0	0.0	0.0	0.0	0.0	0.0	0.0	0.0	0.0	0.0	0.0	0.0	0.0	0.0	0.0	0.0	0.0	0.0	0.0	0.0	0.0	0.0	0.0	0.0	0.0	0.0	0.0	0.0	0.0	0.0	0.0	0.0	0.0	0.0	0.0	0.0	0.0
810.5907252485447	-0.6061733315011679	0.3674461078232248	657057.3238589617	934.3796478168732	0.5738853685784306	873065.326254384	0.3293444162684011	770.6668295348969	-0.2445932516729954	0.0598258587639692	593927.3621453699	772.7456863291942	663.8995915480598	0.861797	29.913128	0.1851372703048896	0.084473853604759	-0.0539275165	-0.0169160064	-0.0126495836	-0.0300818877	-0.0130822509	-0.0123820876	-0.0023428849	0.0154552114	0.0143386739	0.0521410478	-0.0141708544	-0.0181124474	-0.0062065126	0.0615342952	0.016207934	-0.0034213568	0.0624239536	0.0162403247	0.0056305308	0.0092287991	-0.0047578608	0.0177177971	-0.0386486038	-0.0001370694	0.0581709078	0.0753795816	-0.007145553	0.0415006675	-0.1139533139	0.0346214104	0.0892628732	-0.0712031284	0.0083679933	-0.0786893221	0.0311378102	-0.0983003139	0.0918591759	0.0728012941	-0.0746061725	-0.0248318548	0.063708512	0.0644073094	-0.0430316454	0.021089602	0.0195185938	0.0312067391	0.0795298854	0.1426595176	-0.0992579693	-0.0835329059	-0.0279662364	0.0003677056	-0.0613090747	0.0997193973	0.045838154	-0.132814226	0.0049113607	0.0450596147	-0.1013836069	-0.0895942504	-0.0151849481	-0.0663533306	-0.0720978102	-0.0532346564	0.0208027926	-0.0067680892	0.0616707834	-0.0872475824	-0.0185978144	0.1068495292	0.0289002905	-0.0155357986	0.0580809146	0.1268531411	-0.0466369625	0.0839964123	-0.0226571921	-0.0923468934	0.0523390839	0.0171104053	0.0341244759	-0.0117264359	0.0086941888	0.0046729915	0.0280227519	-0.0212807881	-0.0146855861	-0.0145551148	0.0390554808	-0.080084234	-0.0177405887	-0.0442836359	-0.0456080092	-0.1082956119	0.0975275349	0.0559974704	0.0246967702	0.040970751	-0.01490563	0.100860166	0.0652784192	0.0504591653	-0.0688067369	0.0528125835	-0.0004314657	0.0605715927	-0.0759168408	-0.1168524046	0.0379435797	-0.1148804963	0.0150375721	-0.049330983	0.068369653	0.0392730351	0.0073355744	0.0115233401	0.0258630896	-0.0922618524	0.0179258085	0.1285153812	0.0099056442	-0.0666475734	0.123741957	0.1272986463	-0.07415404	-0.0872139686	0.0254018092	0.0159495843	-0.0119066869	0.0149099818	0.013118073	-0.0106034356	0.0359141754	-0.1007730836	-0.0527648994	0.0019375869	0.0195943098	-0.015137098	-0.120481753	-0.0144036917	-0.0269339763	0.0544082251	0.0003993089	0.0511713467	-0.033759064	-0.0212640237	0.0312810978	0.0107787519	0.0071691809	-0.0333182937	-0.0693323761	0.0435025116	-0.1387899368	-0.015832923	-0.0806818917	0.0099737817	0.0158330194	-0.0751893413	0.025164304	0.0189182187	0.1026577201	-0.0443081307	0.0081850726	-0.0280788822	0.0397465807	-0.0064446464	0.0705658771	0.0178092284	-0.0430324377	-0.0843382767	-0.0873563013	-0.0507163915	0.1169976669653038	0.0377170506236693	0.0014225759077484	0.0136884540753241	-0.1156679137914267	-0.0426572978219184	0.0133790662808609	0.0018196450574678	0.1016070125145205	0.0096391230091086	9.291269238472688e-05	0.0103239849921259	0.0026900020902755	0.0008959676023154	8.02757944398807e-07	7.23611124568656e-06	-0.0004899977886843	-0.0006641930712338	4.4115243587498773e-07	2.400978329155039e-07	2.159042345065013e-06	0.0003423153034546	4.661463847783831e-12	1.171797669792594e-07	0.0	0.0	0.0	0.0	0.0	0.0	0.0	0.0	0.0	0.0	0.0	0.0	0.0	0.0	0.0	0.0	0.0	0.0	0.0	0.0	0.0	0.0	0.0	0.0	0.0	0.0	0.0	0.0	0.0	0.0	0.0	0.0	0.0	0.0	0.0	0.0	0.0	0.0
810.535995940258	-0.0547293082867099	0.0029952971855417	656968.6007148658	935.910398438322	1.5307506214487605	875928.2739049786	2.343197465065766	770.4003204574014	-0.2665090774954706	0.0710270883874867	593516.6537608668	772.1818131421314	656.7306972612924	0.850569	29.523397	0.1320062842079535	0.0707167162701152	-0.0390359944	-0.0014190854	-0.0014447608	-0.0151083591	-0.0108968954	-0.0380544259	-0.0032050062	-0.0011852113	-0.0013390775	-0.0075283566	-0.0243643369	0.018875463	-0.0040773166	-0.0127317772	-0.0628615345	0.0128030479	0.0173944319	0.0053335542	0.0055554948	0.0080721901	0.0206364994	0.0081641033	-0.0509328764	0.0257720103	0.0368362911	0.0746258088	-0.0477910143	0.0019648737	-0.0951067961	0.0151449475	0.0242138038	0.0128093931	-0.0167469372	-0.0339899947	0.0933089717	-0.0872391334	-0.0620889976	0.1034217	-0.0476646899	0.0099486994	-0.0340012305	-0.0406723798	0.0203152778	-0.0867522594	-0.0536444311	0.0482213065	0.0600986973	-0.1196311013	0.0128631602	-0.0413240564	-0.0884925531	-0.0257803161	0.0235318613	0.0017139488	-0.0239393635	0.069686795	0.0110911762	0.0258984224	-0.0051875244	0.0901563133	-0.0572930109	-0.0096259827	-0.0151715611	0.050852843	0.0609600558	-0.0301588066	-0.0488953748	-0.0691085859	0.0246065076	-0.0453130157	0.0352055377	0.0560247168	-0.0741123363	0.1251973508	-0.0497636837	-0.0989094634	-0.0482788882	-0.097834823	0.0760366222	-0.1386897763	-0.026794989	-0.0017664839	-0.0071349018	-0.0183440591	0.0084401214	-0.0299311355	-0.0035898014	0.0155022363	-0.0378319115	-0.0031186834	-0.0246549593	-0.000637072	-0.0205858849	-0.1174456388	0.0301655727	0.0173246246	0.019078498	0.0261287003	-0.0191222423	-0.0228573427	0.0504291212	-0.0590118832	-0.1032491187	0.0971467844	0.0668920826	0.0392384495	0.0355933142	-0.0595887646	-0.0010581733	0.1346105736	0.0643038664	0.013845895	0.0269155446	0.0786223093	-0.0313716914	0.0175956084	0.0517277634	0.0256076516	0.1036910433	-0.0847869715	0.0836112979	0.0408108579	-0.0508501768	0.034828174	-2.7626e-05	0.0655934405	0.0304959482	0.0336214112	-0.066018775	0.0247255781	-0.0782844124	0.0359932635	-0.0191514193	-0.0406388474	-0.0385369249	0.0454130657	0.1004587836	-0.0842566218	0.0699487449	-0.0025081721	-0.0091532	-0.0574959655	-0.0040940924	0.0339928405	-0.0309757123	-0.0112778404	0.0266519728	0.0026074705	0.0018400089	-0.0333487493	-0.0332933086	0.0232344534	-0.0517853208	-0.026103169	-0.047247196	-0.0263757862	0.0388030867	-0.0628213669	0.0684227125	0.0022167268	0.0210909843	-0.0404903464	0.0080265072	-0.0087250928	0.0288450587	-0.0249050632	0.0698017879	0.0154594239	-0.0461599916	-0.0860510014	-0.0854361313	-0.0446048127	0.100578130859148	-0.0164195361061557	0.0002696011659413	0.0101159604071199	-0.0643499707571493	0.0513179430342774	0.0041409187364459	0.0026335312772693	0.1411231159200241	0.0395161034055036	0.0015615224283544	0.0199157338469765	0.0026080046170859	-8.199747318960024e-05	6.723585609479209e-09	6.801688082741371e-06	-7.799855959222946e-05	0.000411999229092	1.6974336477246041e-07	6.0837752984625694e-09	1.1017113864017058e-06	-1.0573309586633071e-06	1.2137679789271686e-12	1.1179487561478682e-12	0.0	0.0	0.0	0.0	0.0	0.0	0.0	0.0	0.0	0.0	0.0	0.0	0.0	0.0	0.0	0.0	0.0	0.0	0.0	0.0	0.0	0.0	0.0	0.0	0.0	0.0	0.0	0.0	0.0	0.0	0.0	0.0	0.0	0.0	0.0	0.0	0.0	0.0
812.4999403582268	1.9639444179688328	3.857077676870937	660156.1530821221	939.9023775042908	3.9919790659688488	883416.4792382184	15.935896863133522	772.371930433925	1.971609976523496	3.88724589952698	596558.3989222278	774.0793128391832	660.244966335938	0.868164	30.134129	0.0443167991738103	0.0316736698356793	-0.0484606553	-0.0097487651	-0.0092237507	-0.0160396659	0.002681452	-0.0373095644	-0.0252419361	0.0349134991	0.0240503271	-0.0457738789	-0.01745213	-0.0311045736	0.0070340391	0.0125928081	-0.0647178972	0.0135349239	-0.0734701802	0.0654099436	-0.0248966098	-0.0175916578	-0.0276806244	0.0318795465	-0.0272208373	0.0054900822	-0.1004078981	0.0823041245	-0.0613858107	0.019996822	-0.0018228524	0.0081897959	-0.0345013465	0.0429122174	0.0406232933	0.0497456122	0.0690052915	-0.0133578577	0.041798384	0.0607359028	-0.0585086281	0.1046196993	-0.0136822142	0.0013826045	0.0775855376	0.014781605	0.0536877933	-0.0730042945	0.0769270224	-0.1188729434	-0.043505074	-0.0376056839	-0.0096108645	0.0672419508	0.077180313	0.1130714869	-0.0107798607	0.0052482729	-0.0662923215	-0.0270410418	-0.1113912356	-0.0085006379	0.0185885831	-0.1360676449	0.0040688685	0.0799303758	-0.0782600053	0.0004410504	-0.0297852846	0.0999107756	0.0727027001	0.0944906259	0.0712778329	0.0541305319	0.0529364972	-0.00877545	-0.0284308494	0.0317890631	-0.0093293039	-0.0544325472	0.0106673992	0.0620262126	-0.0207666255	0.0249029788	0.0221523953	0.0407517551	0.0173966622	0.0350780813	0.0522964084	0.0127544778	-0.0806674918	-0.0039282683	0.0544379953	0.0624317579	0.0173166518	-0.0608944891	0.0398361694	-0.0618255676	-0.0472970359	0.0223177058	-0.0386448781	-0.0886168253	-0.028186893	0.001992376	-0.0240977064	0.1119631015	-0.0048904628	0.0007373356	0.0130620627	-0.0505418765	0.0001902994	0.0669631074	0.0494359957	-0.0398058822	0.0543333951	0.0523207897	-0.0099299197	0.0589063662	-0.0411496277	-0.0108107361	-0.1265857468	0.0476383133	0.0185300278	0.0301980222	0.0316674131	0.051879951	0.1393505569	-0.1645982828	0.1491020101	0.0290389163	-0.0071972517	0.0277178367	-0.0747107671	0.0824901705	0.1026403418	-0.0110578102	0.0005788227	-0.0673737437	0.1311795588	0.0398715892	-0.0279685847	-0.0006793196	0.0776596579	0.0120503205	-0.0051567817	0.0266346086	-0.0234830035	-0.0165910102	0.0254066671	0.0149884782	0.0158383406	-0.0454278068	0.0078054711	0.0280367064	-0.0200435533	-0.018306774	-0.0459605835	-0.0737087442	0.065184403	-0.0359633729	0.0961623751	-0.0064800452	-0.0010779826	-0.071651262	-0.0069602606	-0.0281573266	0.0118885783	-0.0176870966	0.0690257386	0.0130990243	-0.0492163702	-0.0875278662	-0.0831501106	-0.0382182304	0.1215462568911647	0.0209681260320167	0.0004396623092945	0.014773492564253	-0.0642218611706511	0.0001281095864981	0.0041244474522223	1.64120661527394e-08	0.1400533754926556	-0.0010697404273685	1.1443445819465735e-06	0.0196149479868867	0.0026780209723816	7.001635529569998e-05	4.902290008893695e-09	7.17179632851569e-06	-7.700041097868926e-05	9.981486135401951e-07	9.963006547122138e-13	5.9290632908870505e-09	0.0003731036700357	0.0003720019586492	1.392063485941085e-07	1.3838545723891424e-07	0.0	0.0	0.0	0.0	0.0	0.0	0.0	0.0	0.0	0.0	0.0	0.0	0.0	0.0	0.0	0.0	0.0	0.0	0.0	0.0	0.0	0.0	0.0	0.0	0.0	0.0	0.0	0.0	0.0	0.0	0.0	0.0	0.0	0.0	0.0	0.0	0.0	0.0
811.3898888434902	-1.1100515147365968	1.232214365369013	658353.5517174514	935.453156031342	-4.449221472948807	875072.6071289983	19.79557171534875	772.5149436246725	0.1430131907475242	0.0204527727277877	596779.3381234308	774.0222234350051	671.78789889857	0.865311	30.035089	0.0480657336412285	0.0233652591239941	-0.0385645717	-0.032828298	-0.0250531327	-0.0378490285	0.0219992597	-0.0381447939	0.0119629576	-0.0036722198	0.0591191211	-0.0094939703	0.0058028205	-0.0273343853	0.0029327956	0.0217724042	-0.0287299677	0.0355049485	-0.0218547898	-0.0549197051	-0.0064800688	-0.031103838	0.0027000749	0.0141443396	-0.0386464539	-0.004798934	-0.0720884012	0.0193313061	-0.0255483409	0.0696637447	-0.0390783317	-0.0375573667	0.0093728464	-0.0194293312	0.1000521833	0.0225965078	0.0391233577	-0.0679663282	0.016739261	-0.013836521	-0.0173630172	0.0407897482	-0.0305588888	-0.0781693574	-0.0039995577	-0.0382479865	-0.0881630305	0.0736895728	0.0085081851	-0.0005333506	0.1525462806	0.0635079847	-0.0555902817	0.0231298263	0.0723620873	0.0090131145	0.0333027882	-0.0077596834	-0.0564389086	0.0584894522	0.0586359651	0.0015849626	0.0631861536	0.0455834236	-0.0932216587	-0.1058368747	-0.0529215634	0.0930916936	-0.0450152313	0.0835246346	-0.0229108616	-0.1179403104	-0.1545985139	0.0513502434	-0.0061163801	0.0250121455	0.1068408505	0.0344296092	-0.0048250649	0.0031720511	-0.0321040827	0.0022731158	0.0264562014	0.0031297077	0.0344630098	0.0144462137	0.009091888	-0.0132572746	0.0225610229	0.0070862042	-0.0680277477	-0.01532339	0.1007523874	-0.0026244921	0.0183944105	-0.0118735029	0.0014181676	0.0021064551	-0.078284899	0.0259427999	-0.0040661522	0.0386058099	-0.0015041929	-0.0175045332	-0.0058437065	0.0890943271	-0.0512307752	0.0665406132	0.0529141654	0.0106361534	0.0121546029	0.0768660776	0.0049120828	0.0136792012	-0.0462452456	-0.1161322273	0.0411681954	-0.0011525868	0.0536169499	-0.0111918959	0.0283351732	-0.1065130828	0.0198451157	-0.0379160699	-0.0448345964	0.0883221191	-0.1131685311	-0.0831617044	-0.0971982443	-0.1208100149	0.0416824273	-0.0515759122	0.0705363474	0.0037146032	-0.0802099652	0.1325203896	-0.0395281877	0.0227202512	-0.027062747	-0.1013933251	-0.0212013958	-0.0467157375	0.0462977002	-0.0610268305	-0.0050123065	0.0337765306	-0.0261587176	-0.0227199438	0.0242701454	-0.0050736092	0.0006969575	-0.037376216	0.0037701234	0.0365200279	0.007149309	-0.0379134457	-0.0412278794	-0.1221757709	0.0400230375	0.0605106114	-0.0067629713	-0.0037306837	-0.0426686304	-0.0997503172	-0.0524586168	-0.0330599634	0.0129528525	0.020947859	0.0682378621	0.0107296473	-0.0521968607	-0.0887648233	-0.0805080284	-0.0315960199	0.1313187251932817	0.0097724683021169	9.550113671588134e-05	0.0172446075863886	-0.0504917029219456	0.0137301582487054	0.002549412063958	0.0001885172455344	0.1365406088487901	-0.0035127666438654	1.2339529494254011e-05	0.0186433378647983	0.0024130364067197	-0.0002649845656618	7.021682003902575e-08	5.822744700154721e-06	-0.0001479471523575	-7.094674137881073e-05	5.033440112271854e-09	2.1888359890693316e-08	0.0004581791719258	8.50755018901e-05	2.099281535866118e-07	7.237841021852409e-09	0.0	0.0	0.0	0.0	0.0	0.0	0.0	0.0	0.0	0.0	0.0	0.0	0.0	0.0	0.0	0.0	0.0	0.0	0.0	0.0	0.0	0.0	0.0	0.0	0.0	0.0	0.0	0.0	0.0	0.0	0.0	0.0	0.0	0.0	0.0	0.0	0.0	0.0
810.1106915671933	-1.2791972762969408	1.6363456716855118	656279.3325914762	933.7147346779152	-1.7384213534268156	871823.2057546496	3.022108802050321	772.1973667097211	-0.3175769149513598	0.1008550969100232	596288.7731534275	774.2081126711954	667.0645896370057	0.843851	29.290216	0.0352033980890155	0.0240456300572771	-0.029973913	-0.0135040129	0.0155349708	-0.036955505	-0.0028045186	-0.0361466144	0.0183064311	-0.0428907019	0.0222302551	0.0304683535	0.0165372958	-0.0321834714	-0.0616036133	0.0048276671	-0.0177735992	-0.0243387032	-0.0144109446	-0.0602203813	-0.0138815452	-0.0116291184	-0.0114084773	0.0146150774	-0.0639586649	0.017686181	-0.031026031	0.0187077371	-0.0538256791	0.0755352971	-0.0293890768	-0.0144984447	0.0547582038	0.0271594272	-0.0563449465	-0.0434908516	0.0143344318	0.0001374092	-0.0873704766	-0.0821649752	-0.040530298	-0.0400599565	-0.1133429891	0.1276539238	0.0608195638	0.0055113022	0.0571885036	0.0108736718	-0.114606467	0.1310052982	0.0304023713	0.0103837688	0.072994155	-0.1090113297	-0.0540494132	-0.0544233094	-0.0033696356	-0.1322748261	0.0005713786	0.1601679936	-0.0712280815	-0.0177576115	-0.0381333762	0.0663541681	0.0320953352	0.0570859949	-0.0154966102	-0.0461426995	0.0171287743	0.0579444292	0.0277655977	-0.0634301341	0.0652677956	0.0313813087	-0.0110869553	-0.1092364446	0.072995883	0.0355408396	-0.0822266315	-0.0710675934	0.0922823166	0.0727999296	0.0767971125	0.0111043658	0.0179718457	0.0279263121	0.02521663	-0.0343834107	0.0038567545	-0.0119057903	-0.0570071145	-0.0663127568	0.0369380543	0.0115967288	0.0450250387	-0.0019716762	-0.0158695183	0.0221068939	-0.0517180886	0.0121378697	0.0446983478	0.0275731409	0.0259675153	-0.0592797121	-0.0635696543	-0.1407162691	0.0256838692	0.0516724006	0.1418926424	-0.0511348455	-0.0219957707	-0.1589285197	0.0064903082	-0.050605404	-0.0554560607	0.0105558539	0.0300602516	-0.0028038364	-0.101875662	0.0584629937	-0.1272047341	0.0934679147	0.0712173179	0.0178710513	0.1102609246	0.077665921	-0.0863460207	0.097806641	-0.0141492894	-0.0156715899	-0.0057224138	0.0733292078	-0.0321459726	0.0245621021	-0.0998113068	0.0595830629	-0.0259303141	-0.0463804497	0.0377926648	0.0588165823	0.0631236274	-0.0233435908	0.0274620184	0.0620475558	-0.001755756	0.0307346144	-0.0219479139	-0.0263090551	0.0224164621	-0.0079894126	-0.0175423327	-0.0368203966	0.015937053	0.0036538536	-0.0135770115	-0.0909637223	-0.0002357359	-0.0707344979	0.0214249279	0.0447433222	-0.0302847282	-0.0677510309	-0.0413934383	-0.0638891414	-0.0177317806	-0.0276371304	-0.003674874	-0.002085451	0.0674382934	0.0083529168	-0.0550968674	-0.0897584821	-0.0775211985	-0.0247790096	0.1322547888319576	0.0009360636386759	8.762151356511747e-07	0.0174913291689856	-0.0514319483643674	-0.0009402454424217	0.0026452453125549	8.840614919949662e-07	0.1608162278359657	0.0242756189871755	0.0005893056772105	0.0258618591353892	0.002485013525004	7.197711828429987e-05	5.180705556512094e-09	6.175292219452805e-06	-7.697800742545446e-05	7.096914493204552e-05	5.036619532385683e-09	5.925613627193321e-09	0.0004200960347273	-3.808313719850002e-05	1.7648067839360086e-07	1.4503253388797756e-09	0.0	0.0	0.0	0.0	0.0	0.0	0.0	0.0	0.0	0.0	0.0	0.0	0.0	0.0	0.0	0.0	0.0	0.0	0.0	0.0	0.0	0.0	0.0	0.0	0.0	0.0	0.0	0.0	0.0	0.0	0.0	0.0	0.0	0.0	0.0	0.0	0.0	0.0
809.314349930037	-0.7963416371562744	0.6341600030687353	654989.7170026784	934.4602782894866	0.7455436115714065	873216.0117008648	0.5558352767549362	770.8244904211334	-1.3728762885876904	1.8847893037663117	594170.395033	772.337802992772	657.4863679821732	0.874343	30.348616	0.0504960749438816	0.0240847133665848	-0.0359382195	-0.0185319655	0.0184388361	0.0143011959	-0.0916644055	0.0260448509	0.0050468611	-0.0108945247	-0.0227696608	0.0120629803	-0.007574063	-0.0515856516	0.0068810905	0.053244804	-0.0118232444	-0.0249258169	0.0086492143	0.0095188954	0.0112672064	-0.0112307672	0.0096358896	-0.0148086806	-0.0654567453	-0.0080017765	-0.0752160595	0.0254629058	-0.0147370573	-7.83522e-05	0.0371599829	0.0105930841	0.0551671214	-0.0036983642	0.0145960149	0.0557881003	0.0732644976	-0.0524546735	-0.0301521992	0.0550159026	-0.014810036	-0.0139530114	0.0050806218	-0.0289149545	0.0431991955	0.0106421675	-0.0451058154	0.0798318513	-0.0479555327	0.0194255414	0.0744830254	-0.0011430254	0.0012635692	0.0246086718	-0.0430322811	-0.0262802916	0.0564183798	0.0032364213	0.0104666331	-0.0610536325	-0.0807019927	-0.062189661	0.0837358068	0.0350219074	0.0247584382	-0.000563306	0.0373156876	-0.0551941926	0.1251821645	0.0709077869	0.0050269767	-0.1400675214	0.0250155781	0.0311704033	0.0501481194	-0.082609125	0.0677164953	-0.0157485762	-0.0415208239	-0.0534646243	0.0423665292	-0.00884437	0.0042293782	-0.0110659823	0.012867751	-0.0045526306	-0.004500113	-0.0177940372	0.0398384253	0.0085326576	-0.0374275802	-0.0117081444	0.0638050899	-0.0123347502	-0.0096896488	-0.0076250159	0.0062380844	-0.038966826	-0.0496541105	-0.0466831965	0.0512855509	0.0194284913	0.0122562733	-0.0303759424	-0.0603480635	0.045124186	-0.0100812375	0.0324449609	0.1053613374	0.0069164802	0.0648174835	0.0064902351	-0.0372609614	-0.1124547351	-0.0814567492	-0.067296993	-0.0076497436	-0.0551481884	0.0023921344	-0.0410659146	0.0409214509	-0.0075376863	0.0151885355	0.0140995726	-0.0248323375	0.0748202496	-0.0390803456	-0.0198356403	0.1122759739	-0.0649978831	-0.0050121427	0.0518015996	-0.0089637525	-0.1229946342	-0.022551484	0.030176531	-0.0676134826	-0.042898253	-0.040281344	0.04495936	0.0016389083	0.0920081223	0.0384844017	0.0064658371	0.0028668576	0.0407224946	-0.0179932826	-0.0146335651	0.0188330395	-0.0109468435	0.0003441901	-0.0201653581	0.0152196556	-0.0468437284	-0.0328452262	-0.1283577982	0.0366276051	-0.0148872883	0.0210436427	0.0298693222	-0.0383233783	0.0065078057	0.0021441856	-0.063617042	0.0232567789	-0.0407657617	0.0499488525	0.0093206151	0.0666271694	0.0059704615	-0.0579119187	-0.0905061192	-0.0742024108	-0.0178092284	0.1361532647302112	0.0038984758982535	1.5198114329264174e-05	0.0185377114966949	-0.0632330127383937	-0.0118010643740262	0.0039984138999738	0.0001392651203599	0.1406285304374108	-0.0201876973985548	0.0004075431262556	0.0197763835729857	0.0023070123582616	-0.0001780011667423	3.168441536165567e-08	5.322306021171748e-06	-7.714691200089163e-05	-1.6890457543716766e-07	2.852875560360985e-14	5.951646031273317e-09	0.0003060893605842	-0.0001140066741431	9.36906966628444e-08	1.2997521749170989e-08	0.0	0.0	0.0	0.0	0.0	0.0	0.0	0.0	0.0	0.0	0.0	0.0	0.0	0.0	0.0	0.0	0.0	0.0	0.0	0.0	0.0	0.0	0.0	0.0	0.0	0.0	0.0	0.0	0.0	0.0	0.0	0.0	0.0	0.0	0.0	0.0	0.0	0.0
810.0746666711897	0.7603167411526783	0.5780815468770288	656220.9655824391	935.1864131323816	0.7261348428950214	874573.6273074095	0.5272718100661774	770.7497289947738	-0.0747614263596005	0.0055892708713219	594055.1447455173	772.1613153239526	655.7063057401854	0.836642	29.040005	0.0847329241173826	0.0393599587632967	-0.0371682763	-0.0261020542	0.0087361625	0.0153612243	-0.0894073992	0.0405388633	0.0045388068	0.0482921198	0.016121748	0.0188508083	-0.020395234	0.0178681461	-0.0077580558	-8.59318e-05	0.0175142391	0.0167643388	0.0029044724	-0.0062005799	0.0135899657	-0.0179200576	0.0270257145	0.010883349	-0.0026420151	-0.0366303114	-0.009263208	0.0454017448	0.0061049877	0.0284659529	0.0512114651	0.0153416198	0.0003919338	-0.0023488049	-0.070385413	-0.0886261351	0.0090466992	-0.0528771961	-0.0896843692	0.0430390623	-0.070541192	0.0361373803	-0.0590101156	-0.1301859686	0.0420973508	-0.0610330053	0.0202644341	-0.0358399761	-0.0020465167	0.1780271479	0.0427286548	0.0031274075	-0.0310201032	0.0666583182	0.1126096379	-0.0524174606	0.0572920076	-0.0125286492	0.0237170061	0.0193450694	-0.030622307	-0.0957571145	0.04671965	0.066151321	0.0161484483	0.0133860755	0.0396133237	-0.0362045389	-0.0475800538	0.0012218958	0.0930173709	0.0087540118	0.0386501895	0.0380903306	0.0418235657	0.0742509988	-0.0293129062	-0.0397484039	0.0445178955	0.0821204907	-0.0005753755	0.0229783513	0.0071014251	-0.0206882966	0.0172594757	-0.0265544847	0.0055417115	0.0256157553	0.0475373846	-0.0123748282	0.0143390525	-0.0277095503	-0.0065648533	-0.0630644475	-0.0150448924	-0.0039621654	-0.0106039378	-0.0141331841	0.0245950658	-0.0058440757	9.62819e-05	0.0313221379	0.0542674817	-0.0713236384	0.0145719739	0.0373190888	-0.0559375876	0.0318251189	0.0874148551	-0.0162072974	0.0666270783	-0.0284951834	0.0120240973	0.068514763	-0.0143821752	0.0755206254	-0.033756053	-0.0233732929	0.0402706131	-0.0243428708	-0.0095465562	-0.0342892586	-0.0407932096	0.0024509742	0.0799571426	0.0846051428	0.01865401	0.0020624237	0.0410832782	0.0236824051	0.0431588372	0.0897176487	0.0483790244	0.0116676819	-0.2013574932	-0.0310405823	-0.0120632599	-0.0709610583	-0.0395252028	-0.0758681595	0.0121403031	-0.0080505803	-0.0479807207	-0.0596299799	0.0034845509	0.0404648815	-0.0031108698	-0.0134585287	0.0050826277	-0.0277220924	0.0055701544	-0.0202086522	0.0282463262	-0.0435234876	-0.0193574242	-0.098083503	0.008196138	0.001380599	0.0141268247	-0.0094007815	-0.0261383496	0.0459121118	0.0547645366	-0.0676744385	0.0183851453	-0.0041688355	0.0044512293	0.0147816908	0.0658046293	0.0035839144	-0.060637674	-0.0910056853	-0.0705658771	-0.0107296473	0.1270537627566454	-0.0090995019735657	8.280093616692777e-05	0.0161426586306219	-0.04771394904688	0.0155190636915137	0.0022766209336482	0.0002408413378612	0.1205103744768081	-0.0201181559606027	0.0004047401992551	0.0145227503565405	0.0021975858607435	-0.000109426497518	1.1974158359078696e-08	4.82938361533975e-06	-0.0001870265943559	-0.000109879682355	1.2073544594437536e-08	3.4978946996366366e-08	0.0008867072305451	0.0005806178699609	7.862497127009611e-07	3.371171109179326e-07	0.0	0.0	0.0	0.0	0.0	0.0	0.0	0.0	0.0	0.0	0.0	0.0	0.0	0.0	0.0	0.0	0.0	0.0	0.0	0.0	0.0	0.0	0.0	0.0	0.0	0.0	0.0	0.0	0.0	0.0	0.0	0.0	0.0	0.0	0.0	0.0	0.0	0.0
810.1144456639516	0.0397789927619669	0.0015823682651566	656285.4150734117	933.0954996744792	-2.0909134579023885	870667.2115127661	4.371919088437323	768.8296726065087	-1.920056388265152	3.686616534117821	591099.0654802313	770.4096063989792	666.7469947406394	0.845855	29.359766	0.0493235690615727	0.0209956006048785	-0.0362338269	-0.0335874863	-0.0118044093	-0.01708607	-0.0166909193	0.0189455405	0.0356798885	0.0117445939	0.0004283411	0.012663251	-0.0275320197	0.0260831437	-0.0018586695	0.007734338	0.0195874924	0.0020184804	0.045980201	0.0169860145	0.0232225553	0.0065857522	0.0409717098	-0.0072305894	0.0006286322	-0.0287063915	-0.0027202144	0.0657110359	-0.0212193269	-0.0788061899	0.0154188859	0.038746125	0.0221500087	-0.0646572403	-0.0191499557	-0.0565888814	-0.013033619	-0.0131998198	0.0378973798	0.0137556211	-0.1281589306	0.014251229	0.0049034968	-0.0469321125	0.0771782405	-0.0342894988	-0.021951882	0.0745879482	-0.0357077043	-0.0843052994	0.0130058122	-0.0756199066	0.0926135345	-0.0748539396	-0.0337916877	0.0276366396	0.0566270131	0.073837075	-0.0305231268	-0.0202663035	0.0312613024	0.0386111412	0.0369202636	0.0170625273	0.0102114648	-0.0113007546	-0.1484062387	-0.0215942602	-0.0996601487	-0.093215697	-0.1006755095	-0.0066216826	-0.0022166113	-0.0031809385	0.0438578374	-0.0470974501	-0.0271703108	-0.085846009	0.0871117535	0.0320201224	-0.0023149391	0.0677012459	0.0421227985	-0.0279262034	-0.0015421549	-0.0377225867	-0.0015724643	0.0031990768	0.017099311	-0.0069079785	0.0041999199	-0.0005384254	-0.0699343883	-0.0705516477	-0.035341929	-0.0558503802	0.05412179	0.0023722552	0.0154632082	-0.0593989135	0.02865274	0.0732469009	-0.0020404584	0.0266927427	0.0392148147	0.0829875359	-0.0072099729	0.030085091	0.0613729829	0.0336409092	0.0036259085	-0.0114763059	0.0914726055	-0.0424435821	-0.0728776984	0.0061061881	-0.0378205101	-0.0122295682	0.0211821333	0.0990516946	-0.0206778941	0.0294255457	0.0217874287	0.0748052245	-0.0473483854	-0.0307647213	0.0322319587	-0.0342537722	-0.0444737121	-0.0526567086	-0.0187820699	-0.1458628997	-0.022286369	0.1358264847	-0.069643682	0.0011786568	0.0362875911	-0.046263932	-0.0405474406	0.0435223655	-0.0051009941	-0.052910127	0.0119472168	-0.0443464028	0.0002184199	0.0445856148	-0.0033751944	-0.0131415461	0.00565487	-0.0264107014	0.009462171	-0.0270072139	0.0163422893	-0.0180236731	-0.0042515742	-0.0656075191	-0.0231455906	-0.0009423585	0.0428018234	-0.0409166761	0.0080153815	0.0295426383	0.0537003013	-0.0681729021	-0.0136890613	0.0460351336	-0.0016407155	-0.0045299169	0.0649708138	0.0011949111	-0.0632699305	-0.0912558111	-0.0666271694	-0.0035839144	0.1360311510204752	0.0089773882638297	8.059350003954893e-05	0.0185044740479553	-0.0387803581823789	0.0089335908645011	0.0015039161807536	7.980904573429753e-05	0.1131721822239768	-0.0073381922528312	5.384906553951318e-05	0.012807942829337	0.0024260308288887	0.0002284449681451	5.2187103470861366e-08	5.885625582718392e-06	-7.609742358138938e-05	0.0001109291707745	1.2305280928720542e-08	5.7908178757253975e-09	0.0007445934158566	-0.0001421138146884	5.544193549369996e-07	2.0196336325317306e-08	0.0	0.0	0.0	0.0	0.0	0.0	0.0	0.0	0.0	0.0	0.0	0.0	0.0	0.0	0.0	0.0	0.0	0.0	0.0	0.0	0.0	0.0	0.0	0.0	0.0	0.0	0.0	0.0	0.0	0.0	0.0	0.0	0.0	0.0	0.0	0.0	0.0	0.0
811.3425524831783	1.2281068192266955	1.508246359431112	658276.737469919	935.6569568364308	2.56145716195158	875453.9408764106	6.5610627925130425	770.6433368977763	1.813664291267628	3.2893781614193074	593891.1527049395	772.5997166988624	655.2970853285356	0.8616439999999999	29.907803	0.0540059432756532	0.0295792824190741	-0.0299757642	-0.0177356255	0.0161343671	-0.0149443737	-0.0020005715	-0.0005145435	0.0020600224	0.0182699718	-0.0010734307	0.0128140773	-0.0280439224	-0.0031789058	0.0241151976	0.02509803	-0.0078861269	0.0190581549	-0.0321470542	0.0429965527	0.0136172177	0.0027967419	0.0174776992	0.0369111656	-0.008581845	0.0027097187	-0.0268137416	0.0651477328	-0.0303421019	-0.0204880077	-0.0934159186	0.0173955477	-0.0348628639	-0.0311524504	0.0049907769	-0.0663990261	0.0204953227	-0.0031080916	-0.0177679863	0.058262201	0.0744968048	-0.0232844644	0.0772411765	-0.1124102562	0.0545168316	-0.0118731356	-0.0150629735	0.0097300882	0.0227984699	-0.0454854183	-0.0229333989	-0.0274028761	0.0829644067	-0.0178345223	-0.1185685667	0.0357247665	0.0490615344	0.0170484306	0.0986203743	-0.0671465527	0.0124808709	-0.0441177991	-0.0591627445	0.1708432959	-0.0336169751	0.0042036493	0.0377863484	-0.1032657441	-0.0149277412	-0.120647304	0.0844033424	-0.0346452963	-0.0102968036	0.0912587864	-0.0943856253	-0.0555395637	-0.0504284404	-0.1232791753	-0.0738203543	0.0147159385	-0.0033294617	0.050026515	-0.0469902261	-0.0113505105	0.0073712937	-0.0153260617	0.0344268469	0.012624779	0.0271814883	0.0061441353	-0.0183730389	-0.002320223	0.0331629592	0.05276492	-0.0103892253	-0.1005004895	0.0478273762	0.0172700935	-0.0088044581	-0.0167467572	-0.0327274265	0.0264198653	0.0124622871	0.0465355582	-0.0308198017	0.0397914605	-0.0778146956	-0.0340062144	-0.0170306084	0.0404731104	0.0250212842	-0.0035314931	0.0572232558	-0.0880944358	0.0565421544	0.0087831819	-0.0932799992	0.0247248329	0.0326035255	0.0497845154	0.0640141345	0.0011130928	0.0556712123	0.0305429582	-0.0398273688	-0.0299778621	0.046147249	0.122046853	0.0563688155	0.005069904	0.0334854931	-0.0224788723	0.122979701	-0.0223314572	-0.1064807665	0.0131127769	0.0440011208	0.0059965672	0.013393693	-0.0209238627	0.0779833066	0.0628968841	-0.1975514558	-0.0855167965	0.0038357205	0.0327676862	-0.0016998651	-0.0238071415	4.42721e-05	-0.0186295727	0.0130769095	-0.0424717385	0.0203591772	-0.0179660514	0.0020478812	-0.0293239776	-0.0178059494	-0.0330537712	0.0508244503	-0.0355320842	0.115871158	-0.0203053742	0.0039138673	-0.0577539249	-0.0068210307	0.0280948132	-0.0277009302	-0.0217832079	0.064125866	-0.0011949111	-0.0658046293	-0.0912558111	-0.062403154	0.0035839144	0.1361928211047995	0.0001616700843243	2.613721616542633e-08	0.0185484845204839	-0.0466048091600299	-0.007824450977651	0.0021720082368428	6.122203310166378e-05	0.1273528651382633	0.0141806829142864	0.0002010917679155	0.0162187522589246	0.0020310045456651	-0.0003950262832236	1.5604576443745192e-07	4.124979464512299e-06	-1.0923138281659917e-05	6.517428529972946e-05	4.247687464330532e-09	1.1931494992026436e-10	0.0005680111983921	-0.0001765822174644	3.226367214988297e-07	3.1181279524679954e-08	0.0	0.0	0.0	0.0	0.0	0.0	0.0	0.0	0.0	0.0	0.0	0.0	0.0	0.0	0.0	0.0	0.0	0.0	0.0	0.0	0.0	0.0	0.0	0.0	0.0	0.0	0.0	0.0	0.0	0.0	0.0	0.0	0.0	0.0	0.0	0.0	0.0	0.0
814.8944289662858	3.551876483107435	12.61582655125164	664052.9303602889	940.375303839995	4.71834700356419	884305.7120721629	22.26279844604317	772.6495509730313	2.006214075255002	4.024894915751283	596987.3286188269	773.9540456358824	670.6067678503795	0.9168980000000002	31.825676	0.1112270009669178	0.0719129727803239	-0.0387625496	-0.0521958152	-0.0374259019	0.0208267716	-0.1167583845	0.0479536803	-0.0261711486	0.1175766726	0.0220588085	-0.0502074081	0.0046572948	-0.0642655872	0.0209689367	0.0194918255	-0.1080542784	0.0313601309	-0.1004014523	0.0264948638	-0.0059883181	-0.0546664346	-0.0098815696	-0.0056524779	-0.0101711805	-0.0437249851	-0.1129426716	0.0674313959	-0.0667931008	-0.0761782206	0.0119993929	-0.0664420206	0.0262146703	0.042010781	0.0001135213	0.019235316	0.0095866502	0.0565210079	0.0204023259	0.0980321714	-0.027404153	0.1063107014	0.0722106313	-0.0138077647	0.1143983008	-0.0605938462	-0.116122793	0.1096508086	0.0815996474	0.0072359999	-0.0677542207	0.0628116258	-0.0716377493	-0.0649965069	-0.1091057425	-0.088076476	-0.0260948847	0.0242271985	0.0559341887	0.0294627002	-0.0756948752	0.0161364428	0.0380704407	0.0330715663	0.1190317616	0.0412218473	0.0167740438	0.080224004	-0.0253615138	-0.0231427756	-0.013549481	-0.0486334092	0.0438930254	-0.0922217855	0.0057888119	-0.1525255063	0.0666376194	-0.0103448107	0.0396856633	0.1315049178	0.0100254967	-0.071627254	0.0201133472	0.0056234763	0.0509564784	0.0187845663	-0.0360297177	0.0422985691	0.1115464104	0.0184567426	-0.0660977874	0.0307190717	0.0181329386	0.0443336038	0.007415328	-0.0707421237	0.0208793523	-0.0272714338	-0.0569112778	-0.0183390346	0.0315320534	0.0105055586	-0.0134117501	0.0323003182	-0.0267111552	0.0873226612	-0.0596835636	-0.0605930291	0.1302384026	-0.0277505273	-0.0325382595	0.00525739	0.0768562503	-0.0723892913	0.0422890875	0.0050870418	0.0527802086	-0.0078109395	0.0651767005	-0.0953300124	0.0478975246	-0.0215303253	0.0600326677	0.0007781634	-0.0229358983	-0.1021544291	-0.0822902535	0.107728245	-0.0268472941	0.1354531361	0.0020606727	-0.0354444727	-0.114161168	0.0641748412	0.038219065	0.0823688891	-0.0023160957	0.0125216864	-0.1108997369	0.0429704528	0.0082887014	0.0205613752	-0.0332233825	0.1047978938	0.0086489241	0.0600734927	-0.0186199508	-0.0301039336	0.010705005	-0.0151787438	0.0085008125	-0.0582182875	0.0471026541	-0.0751435473	-0.0601492021	-0.1419880159	0.0023894745	-0.0034676586	-0.0068875794	0.045151101	0.0444289339	-0.0564913059	-0.0378333337	-0.0670862889	-0.0046052267	-0.0054569619	0.0270001636	-0.0270894897	0.0632699305	-0.0035839144	-0.0682378621	-0.0910056853	-0.0579119187	0.0107296473	0.1359034932533944	-0.000289327851405	8.371060559868655e-08	0.0184697594784754	-0.0698951569837049	-0.0232903478236749	0.0048853329697767	0.0005424403017477	0.1225851703837435	-0.0047676947545197	2.2730913272275585e-05	0.0150271239980114	0.0032359500758892	0.0012049455302241	1.4518937308070377e-06	1.0471372893647318e-05	0.0001239332265454	0.000134856364827	1.8186239134369083e-08	1.5359444641953438e-08	0.0008858019140873	0.0003177907156951	7.846450310007244e-07	1.0099093898206738e-07	0.0	0.0	0.0	0.0	0.0	0.0	0.0	0.0	0.0	0.0	0.0	0.0	0.0	0.0	0.0	0.0	0.0	0.0	0.0	0.0	0.0	0.0	0.0	0.0	0.0	0.0	0.0	0.0	0.0	0.0	0.0	0.0	0.0	0.0	0.0	0.0	0.0	0.0
815.7371990518272	0.8427700855414741	0.7102614170835837	665427.1779169204	933.9882081413912	-6.387095698603844	872333.9729471667	40.79499146312372	771.8355150103866	-0.8140359626446525	0.6626545484788061	595730.0622313488	772.9563199008468	673.5230833127223	1.074746	37.304615	0.3387837026052681	0.212053332629561	0.0006733394	-0.052229245	-0.0592580262	-0.0740408347	-0.0032995112	-0.0146966414	0.0673689595	0.0537087256	0.0728123227	-0.0431262557	-0.04821942	0.0515342605	-0.050563067	-0.0914576816	0.0330927251	0.0109597268	0.0430983942	0.01238611	0.0074045792	0.0072656454	-0.0210339686	0.0385660987	-0.0332356502	0.0527950653	0.0241886036	-0.0030947902	-0.0695285567	0.0005272309	0.0655540416	-0.0510224389	0.030089926	0.0434889374	-0.0478508664	-0.0293732546	-0.071747695	0.006503952	0.063685614	0.0207358347	-0.164473582	0.1278643019	0.0128283844	0.0598336329	0.0460153057	0.0062183965	-0.0039433538	0.0671801605	0.0527443733	0.0320618428	-0.0205228171	0.0491470071	0.0865724872	0.0979219314	-0.0778725011	0.0533025011	0.0749833355	0.006433673	0.026357003	-0.0281107144	-0.0524129976	0.1078629232	0.0299985408	0.0770244423	0.016318495	0.0431678863	0.0544886647	-0.0496883363	-0.040834897	-0.0607627511	0.0396163722	0.0139817036	-0.0242848962	-0.0213836355	0.0794035521	0.0216113601	0.017634329	-0.0241644402	0.082048884	0.0238901969	-0.0961913647	-0.0191055408	-0.053124067	-0.0229078872	-0.0055825396	0.0189125938	0.0509958446	0.0019242632	0.0365080229	-0.0234094034	-0.0591724244	0.0207600233	-0.1250018384	-0.0824109106	0.0226351844	0.0013718964	-0.0580018107	-0.0258149263	-0.0045546884	0.0592767395	-0.0288137471	-0.0641127978	-0.0028006052	0.0068604885	0.0454701282	0.0624919279	-0.0349316243	0.0409125708	0.0935599517	-0.0975720366	-0.0726035878	-0.0539515511	-0.0152931971	-0.0693169276	0.0393012571	-0.0312727184	0.0156642344	0.0189013202	0.0655159721	-0.0299126787	-0.0108921502	0.054839136	-0.0431116038	0.0454438262	0.1145842807	-0.0948039694	0.022008277	-0.0257082583	0.0766484731	-0.0285282464	-0.0116529017	-0.1168415922	0.0525420499	0.0016858283	-0.0626354001	0.0466168176	-0.0384622139	0.0288497912	0.022412514	0.031521939	0.0286885832	0.0439893151	0.0327429238	-0.0010321796	0.0186496926	0.015202133	0.0490569102	0.0014178073	-0.0446701456	-0.0491599078	0.0371662926	-0.0071341872	0.0834029198	-0.0703896551	0.0195818055	0.0169966834	-0.044499839	0.0420533414	0.047198467	-0.0683941684	-0.0129048719	0.0217165568	0.0537100778	0.0003702332	0.0760582496	0.0407586111	-0.0866666004	-0.0164202187	0.062403154	-0.0059704615	-0.0705658771	-0.0905061192	-0.0531726956	0.0178092284	0.0903986011059032	-0.0455048921474912	0.0020706952093548	0.0081719070819042	0.0806987838402477	0.1505939408239526	0.006512293713295	0.0226785350128881	0.1151847509058541	-0.0074004194778894	5.476620844872482e-05	0.0132675268412436	0.0007009438388973	-0.0025350062369919	6.426256621587832e-06	4.913222652880841e-07	0.0001527607581062	2.88275315608e-05	8.310265758889203e-10	2.3335849217180945e-08	0.0007439466795213	-0.0001418552345659	5.534566619707678e-07	2.0122907573774872e-08	0.0	0.0	0.0	0.0	0.0	0.0	0.0	0.0	0.0	0.0	0.0	0.0	0.0	0.0	0.0	0.0	0.0	0.0	0.0	0.0	0.0	0.0	0.0	0.0	0.0	0.0	0.0	0.0	0.0	0.0	0.0	0.0	0.0	0.0	0.0	0.0	0.0	0.0
814.6393293696067	-1.097869682220562	1.2053178391390778	663637.2369557625	940.7782232624916	6.790015121100396	885063.6653649304	46.10430534477202	774.8345860507422	2.9990710403556022	8.994427105099634	600368.6357404251	776.9192113871702	669.9180174147058	0.985052	34.191322	0.1360604003017678	0.0809927952427612	0.0161396786	-0.0315474285	-0.0128636369	-0.0767201302	0.1245012929	0.0110579057	0.0515613954	-0.0795553284	0.0661632293	0.0482674626	0.0450648329	-0.0001801847	0.0373991032	0.0129595484	0.0603334108	0.0492893739	-0.0559738615	0.0848639134	-0.0322380296	-0.0197744559	-0.0471272127	0.0836020773	-0.0572753288	0.1109449693	0.0564577774	-0.1107365786	0.0130921349	0.0471294976	0.0413816779	-0.0213354495	-0.0296202221	0.0298806525	0.1023692661	0.0358536292	-0.1513468498	0.0673484199	0.1205935258	-0.0159211836	-0.0023060446	-0.0139682824	-0.0261932922	-0.0416232648	0.0442707964	0.0517807769	0.1329200711	-0.0310187404	0.0254599673	-0.0137818094	-0.069645764	-0.0588961545	0.1133373424	0.0169991201	0.0800186169	-0.0328265336	0.0860412124	-0.0033760246	-0.0183911601	-0.0717398532	0.0269429932	0.0661620604	-0.0465549885	0.0126381631	0.0331959494	-0.0987485592	-0.0943353938	-0.0013412435	-0.0268211304	0.0383437629	-0.0231706047	-0.1119158988	0.0202165306	0.0309718891	-0.1218213904	0.051981124	0.1156422227	-0.0562660879	0.1230512064	-0.087094861	-0.0741053707	-0.0449320004	0.1122234858	0.0306213092	0.0135407167	0.0737053829	0.1292855831	-0.0454016237	-0.0998631425	-0.0048273447	-0.0544446319	0.0183548123	0.0189822706	0.0333903989	0.0175711108	0.0747901985	-0.0643865453	-0.0371992242	-0.0055277424	0.0581434492	-0.0356729397	-0.0298461433	-0.0806365596	0.0998948549	0.1034622787	0.029029196	-0.0126033885	-0.0361356343	-0.0063233142	0.0435498469	0.0110013156	-0.0852665648	-0.1244076408	-0.0058305571	0.0027764022	0.0913098125	-0.0922417622	0.0822859013	-0.0256427765	0.0212602603	-0.0462495622	0.027530398	-0.1293923053	0.0583538228	-0.1052805774	-0.0080442978	0.0345207059	-0.0280819547	-0.1012251391	-0.073683962	0.0034278261	-0.0583130317	0.0585757793	0.0491057859	0.0323256291	0.0590659419	-0.0233888452	-0.0260788306	0.0353483293	-0.009361029	0.0540428573	0.0857682744	0.0605808783	-0.0512892335	0.0188638654	-0.0078789197	0.0809396106	0.0191085386	-0.047753929	-0.0501261878	0.0231964693	0.0140879931	0.0695869	-0.0468221283	0.1096559604	0.1038571892	-0.0442316445	-0.1186631679	0.0241277634	-0.0022332539	0.0414491162	0.0363009103	-0.0573134367	-0.0252361729	0.0464596546	-0.0641542897	-0.0843735014	0.0104807867	0.0615256851	-0.0083529168	-0.0727850846	-0.0897584821	-0.0482057789	0.0247790096	0.081247243758554	-0.0091513573473492	8.374734129888226e-05	0.0066011146183618	0.1576396155997912	0.0769408317595435	0.0248502484064499	0.0059198915918503	0.133525074024206	0.0183403231183518	0.0003363674520855	0.0178289453931696	0.000912996525224	0.0002120526863267	4.4966341778369836e-08	8.335626550710981e-07	1.620997169693439e-05	-0.0001365507864092	1.864611726898888e-08	2.6276318241541395e-10	0.0004599923907268	-0.0002839542887945	2.1159299952655706e-07	8.063003812479034e-08	0.0	0.0	0.0	0.0	0.0	0.0	0.0	0.0	0.0	0.0	0.0	0.0	0.0	0.0	0.0	0.0	0.0	0.0	0.0	0.0	0.0	0.0	0.0	0.0	0.0	0.0	0.0	0.0	0.0	0.0	0.0	0.0	0.0	0.0	0.0	0.0	0.0	0.0
813.5537414619195	-1.085587907687227	1.1785011053167314	661869.6902466877	936.6336197259049	-4.144603536586715	877282.5376008509	17.177738475487104	773.7806879172005	-1.053898133541793	1.110701275882875	598736.552993616	775.4895170708353	672.3107228380063	1.04327	36.212078	0.1905950396257647	0.1027343425178095	-0.0243300883	-0.0406254456	-0.0208704246	0.00805822	-0.0363061986	0.0521690927	0.0039274476	0.0036889776	0.0497439327	0.075048241	0.0752748644	-0.0476267313	-0.0046288651	0.0604763748	0.0109997564	0.0098458445	-0.0089989985	-0.0301200191	-0.0156344541	-0.036577134	-0.0384071842	0.0298531783	-0.0158983033	0.0180694385	-0.0149668789	-0.014571032	0.0253620933	-0.0229976676	0.0447984529	-0.005994634	-0.0632213646	-0.0130468382	-0.097260926	-0.0320916387	-0.0151863522	-0.0766134911	0.0273019105	-0.0125704986	0.0430033388	-0.054817957	0.0878827206	-0.0566062192	-0.0991451566	-0.0197732082	-0.0427026509	-0.078774992	-0.0473161566	-0.0947364398	0.0047242206	-0.0253926285	0.0145897704	-0.1196676004	-0.0147150972	-0.0348016236	0.0347683963	-0.0708075768	0.037439404	0.035916032	-0.0544771095	-0.0113663533	0.1596204283	0.0715941023	0.0871748342	-0.0706921697	0.0217400243	0.1168748331	0.0512606931	-0.028616458	-0.0232351958	-0.0180082914	0.0735269187	0.021846845	0.0796244813	-0.0025964381	0.0864762942	-0.0333582929	0.0949559829	-0.0202110323	-0.0590365682	0.0517506717	-0.0897281572	0.0088962769	0.0382245749	0.0528467972	0.0230790529	-0.0009248842	0.0020365814	-0.0247949913	-0.0101039639	-0.0342718663	0.0227588551	0.0067834072	0.0171959109	0.033047438	-0.0494234527	-0.0237953324	0.0934168157	-0.1045949246	0.0217271891	0.0952493707	0.0619562655	0.0460567821	-0.0161721523	-0.0219858492	-0.0554489287	0.0099809406	-0.068096756	0.042027015	0.0134951777	0.0461899117	-0.0149786223	0.0180200611	-0.0038552657	-0.1239551781	0.0018911065	-0.06755874	-0.0146769963	0.0122910987	-0.0256655092	0.0355679794	-0.0025199312	-0.004572177	-0.1678068265	-0.0491603805	-0.0124955	0.025460492	0.0530264888	0.0168048223	0.080531344	0.034679604	-0.0117188333	0.0775560889	-0.0766115206	0.0493182344	-0.0647743075	0.1113644504	-0.06896642	0.0782067164	-0.1490787434	0.101267128	-0.027880271	0.0574947396	0.0032589815	0.014985649	0.0131518956	-0.007200699	0.0123525098	-0.0147046174	0.008523307	-0.014311006	0.0441870198	-0.0422807045	0.0260294317	-0.0371506584	-0.0081176511	-0.0297916012	-0.050302651	0.0587191013	-0.1055071098	0.0029229798	-0.0143151387	-0.0335758744	-0.0150421794	-0.0424673542	0.0217910258	-0.0059518668	0.060637674	-0.0107296473	-0.0748920628	-0.0887648233	-0.0430324377	0.0315960199	0.095772060467155	0.014524816708601	0.0002109703004184	0.0091722875661243	0.0768523592764012	-0.08078725632339	0.005906285126349	0.0065265807842611	0.189930398701918	0.056405324677712	0.0031815606519981	0.0360735563510695	0.0014950416282185	0.0005820451029944	3.38776501919878e-07	2.235149470106223e-06	-0.000179156008095	-0.0001953659797919	3.8167866060062516e-08	3.20968752365357e-08	0.0004601341462616	1.41755534800031e-07	2.117234325558915e-07	2.0094631646442802e-14	0.0	0.0	0.0	0.0	0.0	0.0	0.0	0.0	0.0	0.0	0.0	0.0	0.0	0.0	0.0	0.0	0.0	0.0	0.0	0.0	0.0	0.0	0.0	0.0	0.0	0.0	0.0	0.0	0.0	0.0	0.0	0.0	0.0	0.0	0.0	0.0	0.0	0.0
809.5434288626578	-4.010312599261624	16.082607143796526	655360.5632147092	935.055868437796	-1.577751288108857	874329.4770999609	2.4892991271291574	770.8186570355423	-2.962030881658165	8.77362694389665	594161.402034077	773.3337163400766	667.1369224396323	0.8970939999999998	31.138281	0.0779233139910462	0.0401465937083817	0.0038865051	-0.0288909509	-0.0082356947	-0.0193245646	0.019821763	0.0200028309	0.0581661931	-0.0573906966	0.0095382627	0.0301771141	0.0252128838	-0.009465749	0.0216583802	0.001203156	-0.0512180628	-0.0385526287	0.0718114683	-0.033998336	0.0205125406	0.0131760239	-0.0153187748	-0.006863414	-0.0458366918	0.0238059664	0.0199343719	-0.0096246108	-0.0520039187	-0.0449842896	0.0085501754	0.0459681624	0.0531497473	-0.046252912	0.0358589095	-0.0500060049	-0.0504666624	-0.05406242	-0.0331234245	0.0312499173	0.0943405631	-0.0355774001	-0.0401915976	0.0376088319	-0.0056695844	-0.0375149143	0.0375798071	-0.0199373838	0.0444265203	0.0036695596	-0.032430768	-0.0139881213	0.0011428985	0.0470592867	0.157666849	0.0724236093	-0.0553302686	-0.0107156838	-0.0125887822	-0.0056371396	-0.0839289353	-0.0773256309	-0.0264375892	0.0738470282	0.1116366136	-0.1029888421	-0.0360218931	0.1036528663	-0.0110370141	0.0323404374	-0.0175174785	0.0734242155	-0.0348839923	0.0012426003	0.0577565127	0.0857950352	-0.0572015554	0.1043339477	-0.0997053386	0.1639240612	-0.1005749324	0.1082333396	-0.0644424082	-0.0228727336	-0.0203495805	0.0165155529	0.0327900672	-0.0597380022	-0.0337415656	-0.020279275	0.0102641477	-0.0083994493	-0.0204600523	-0.0316209097	0.0481923275	-0.0001394345	-0.012623603	0.0457393136	-0.045197208	-0.0223897109	0.0365974257	0.0963538277	-0.0303122624	0.0275945785	0.0065458819	-0.0252559312	-0.0535683986	-0.0078438156	-0.0424068386	-0.0072743631	0.0022415731	0.0849793852	-0.0359002501	0.027983839	-0.0238128943	0.1110979442	0.0254586242	0.0193597895	-0.0473057572	-0.0126390175	-0.0415937503	-0.0474887013	0.0612972739	0.0004970102	0.007119815	0.0195239407	0.0727656724	-0.0429654537	0.0949311266	0.0995733481	0.0832331624	-0.0708700631	0.0910200562	0.0782394863	-0.0520345308	-0.0249823754	-0.0903758755	0.0327575723	-0.0544624098	-0.0028646871	-0.0954143067	-0.0037695265	-0.0260514556	0.0035687135	0.0128896888	0.0015255452	0.0202322444	-0.0120247727	0.0016859849	-0.0054940987	0.0003402209	0.0188446848	0.0023687905	-0.0119216639	0.0253879361	0.0274769304	-0.0055169511	0.0142644024	-0.0404051343	-0.0466767558	-0.1563114476	0.0601090779	0.0488231372	0.0118781882	0.0113064095	-0.0297259098	0.0193837288	0.0539826017	0.059739273	-0.0130990243	-0.0768835629	-0.0875278662	-0.037674825	0.0382182304	0.1271101294569661	0.031338068989811	0.0009820745680101	0.0161569850105666	0.0613732728677121	-0.0154790864086891	0.0037666786224946	0.0002396021160476	0.194478502484344	0.004548103782426	2.0685248015717785e-05	0.037821887928553	0.0018440848101409	0.0003490431819224	1.2183114284651373e-07	3.4006487869923997e-06	-0.0003605755898963	-0.0001814195818013	3.2913064660958595e-08	1.3001475602906472e-07	0.0004608324787403	6.983324786999931e-07	2.1236657346192905e-07	4.876682508072765e-13	0.0	0.0	0.0	0.0	0.0	0.0	0.0	0.0	0.0	0.0	0.0	0.0	0.0	0.0	0.0	0.0	0.0	0.0	0.0	0.0	0.0	0.0	0.0	0.0	0.0	0.0	0.0	0.0	0.0	0.0	0.0	0.0	0.0	0.0	0.0	0.0	0.0	0.0
806.538693118482	-3.004735744175832	9.028436892327893	650504.6634972689	933.4481408218744	-1.60772761592159	871325.4316038139	2.584788086996919	768.6299365987802	-2.1887204367620825	4.790497150300001	590791.9794358449	771.0435785966488	664.3448762430497	0.8713229999999998	30.243769	0.0689527640760018	0.034015837930223	-0.0083493328	-0.0145796353	0.0380103439	-0.0237569717	0.0613020692	-0.0074231662	0.037878574	-0.0676570317	-0.0420949896	0.0570928716	0.0245972708	-0.0238257097	0.0104172061	0.0102522088	-0.0123522452	-0.0337346305	0.0904294868	-0.0416751215	0.0399755227	0.019218439	0.0297742837	-0.0140509075	0.0292970515	-0.0091235148	0.0761156215	0.0533958332	0.0077221003	-0.033176285	-0.013301037	0.043247088	0.067747811	-0.0521050997	-0.0227693239	0.0867086247	-0.0641999957	-0.0008588097	-0.0336433362	0.0393909912	0.1346278351	-0.0204168437	0.0447310144	0.0008203746	-0.0928378222	0.0916993505	-0.0616529456	-0.1113330371	-0.048580267	0.1419090498	-0.0317122358	0.0750899498	-0.0153455409	0.0169609325	-0.0538036806	-0.017155532	0.0442408521	0.0369540706	0.0549335177	0.0359420308	-0.0217780273	0.0149861909	0.0164959489	-0.0471630845	0.0207263505	-0.0573605972	0.0354958924	-0.0505816628	-0.0471654661	-0.0489958793	0.1101777097	0.042466252	-0.0493035252	0.1227659677	0.1509671557	-0.0009740998	-0.025606642	0.0505918216	-0.0565064056	-0.0502469146	-0.1071003985	-0.0360377145	-0.022253494	-0.0334012472	-0.0255500832	-0.0397863964	0.0044448361	-0.0108153532	-0.0762282435	-0.0070587417	0.0795400238	-0.0505053352	-0.0039583084	-0.0349275313	-0.0088114876	-0.0455936877	0.0065808769	0.0456846245	-0.0616600573	-0.0785022088	0.0413664149	0.0338698298	0.0039520665	0.0212369753	-0.0353921271	-0.0371500353	-0.0659277336	-0.1070549079	-0.0885812745	0.0407491152	0.0477067777	-0.0409245041	-0.0282568528	0.0780462377	0.0249856877	-0.059321081	0.0078434828	0.0158656405	-0.0070630408	-0.0459955579	-0.0577834293	-0.0214713584	-0.03692262	-0.0082276772	0.0267797194	-0.0101010073	-0.0258827909	-0.0014478491	0.0321197957	0.1014644537	-0.0216203117	0.0308597252	0.0138937324	-0.1245768618	0.0165099865	-0.0884314333	0.1078862028	0.057197912	-0.0744719987	0.0008608617	-0.0224869542	0.0160979651	-0.0291927525	-0.0531452679	0.0119188819	0.0077123803	0.0062518663	-0.0274583598	0.0252896336	0.0042960364	-0.0167677585	0.0153311754	-0.0406865338	0.0329726723	0.0197648156	0.0361668952	-0.0048315752	0.0237034996	-0.0129886943	-0.0806478068	-0.101587112	-0.0025247889	0.0629430895	-0.0125925538	-0.0214080052	0.0243864096	0.0098996008	0.0003400904	0.058830636	-0.0154594239	-0.0787565141	-0.0860510014	-0.0321558829	0.0446048127	0.1396931606400073	0.0125830311830412	0.0001583326737533	0.0195141791295948	0.0421393690736806	-0.0192339037940315	0.0017757264259278	0.000369943055158	0.2142545453983331	0.0197760429139891	0.0003910918733359	0.0459050102238463	0.0017856504381471	-5.843437199380013e-05	3.414575830309813e-09	3.18854748725493e-06	-0.0006490891478299	-0.0002885135579335	8.324007311150472e-08	4.213167218305457e-07	0.0004610802725117	2.4779377139999515e-07	2.1259501769946357e-07	6.140175314463305e-14	0.0	0.0	0.0	0.0	0.0	0.0	0.0	0.0	0.0	0.0	0.0	0.0	0.0	0.0	0.0	0.0	0.0	0.0	0.0	0.0	0.0	0.0	0.0	0.0	0.0	0.0	0.0	0.0	0.0	0.0	0.0	0.0	0.0	0.0	0.0	0.0	0.0	0.0
804.1892705676142	-2.3494225508677573	5.51978632252596	646720.3828960714	931.1819001785432	-2.26624064333123	867099.7312201223	5.135846653486347	766.9117044463122	-1.7182321524679764	2.9523217297747357	588153.5624167478	769.3873792810741	647.4284116476589	0.86161	29.906645	0.1149940055414547	0.0577320924123878	0.0173574751	0.0116501201	0.0889862288	-0.0115207047	0.0650459799	-0.0192018494	0.0400432917	-0.0217832046	-0.0686464046	0.0432151765	-0.0139588268	-0.0130718524	0.000460611	0.0167282094	-0.0102092606	-0.0847670307	0.0751155611	-0.0021998743	0.0605661117	0.067561937	0.0517812432	-0.0047684296	0.0193657454	0.0025364381	0.0686361697	0.0553703058	0.0095676826	-0.0650579462	-0.0537540121	0.0894296337	0.1042446701	-0.0781458936	-0.0210626379	0.0344029946	0.0336483399	-0.0023146984	0.0082172388	-0.1297108985	0.0808092999	-0.0965215504	0.0537558363	0.0709179688	-0.0139163592	-0.0165777571	-0.0588257354	0.0292439812	0.0251660648	-0.0513924976	0.0189903467	-0.0899308712	0.1076218542	0.0808651198	0.0468790387	0.072211727	0.0111166799	-0.0339755572	-0.0363438293	-0.0551014525	0.0835644467	0.0909141098	0.070149622	0.0421820718	0.0140082523	0.0112605738	-0.0237744356	-0.0471551209	0.0433714912	0.0664392978	0.0157292451	0.0102727425	-0.0924659509	0.0424471096	0.0336292173	0.0367312912	-0.0392339539	-0.0483533763	0.0653794687	0.0879254462	-0.0608719794	-0.1359192191	-0.0660262096	-0.0533010803	-0.062751139	-0.0659184056	0.0098736235	-0.0122942318	-0.047288311	-0.0056135376	0.062745952	-0.0123354858	-0.0657292146	-0.0209061596	-0.0278830521	-0.0819960316	0.0713530826	0.0649979561	-0.0271291697	-0.0261821338	0.0251641457	0.0114746093	-0.088556136	-0.0150646519	-0.0283664995	-0.0967036991	0.0521569522	0.0584161728	-0.0900187769	0.0452827304	0.0692235897	0.0116090915	-0.0504200572	-0.0319055952	-0.0611908569	-0.0786312707	-0.0631787888	0.1562605577	-0.0284589369	-0.0215369863	0.0734714051	0.0384793376	-0.0160127345	0.0707124682	-0.0045827077	-0.0796604617	0.0501195657	-0.0460151486	-0.0219336272	-0.0304539834	-0.0602137354	-0.0350774655	0.0347839988	-0.0372103414	-0.0674161446	0.0200797855	-0.0231924794	0.0064116712	0.0674551818	-0.0363359811	-0.0638576785	0.0139729469	0.0161247946	-0.0326157835	0.016581663	0.0019873361	0.0124505808	-0.0344656561	0.0351167636	0.0223017579	-0.0213622387	0.0279028032	-0.0832071208	0.0280830633	0.0550564062	0.0484577997	0.0297712344	0.0004296152	0.000672779	-0.092291928	-0.0312658793	0.0060092819	0.0237885058	0.0022229346	0.017655429	-0.0080139048	0.0194246272	0.0050800457	0.0579119187	-0.0178092284	-0.0805080284	-0.0843382767	-0.0264992443	0.0507163915	0.1370289664846211	-0.0026641941553862	7.097930497594054e-06	0.0187769376558434	-0.0044999003719681	-0.0466392694456486	2.0249103357638643e-05	0.0021752214544238	0.2380670927606729	0.0238125473623397	0.0005670374118836	0.0566759406555188	0.0021671179867819	0.0003814675486348	1.455174906614437e-07	4.696400368633636e-06	-0.0003658134616688	0.000283275686161	8.024511437004199e-08	1.338194887381106e-07	0.0006338969292774	0.0001728166567657	4.018253169473171e-07	2.9865596855673776e-08	0.0	0.0	0.0	0.0	0.0	0.0	0.0	0.0	0.0	0.0	0.0	0.0	0.0	0.0	0.0	0.0	0.0	0.0	0.0	0.0	0.0	0.0	0.0	0.0	0.0	0.0	0.0	0.0	0.0	0.0	0.0	0.0	0.0	0.0	0.0	0.0	0.0	0.0
803.7248865528375	-0.4643840147767832	0.2156525131802036	645973.6932643715	925.6380816116076	-5.543818566935556	856805.8581296172	30.733924303099403	768.032103160373	1.1203987140607978	1.2552932784690891	589873.3114849458	769.9257315457012	640.000505202734	0.848699	29.458502	0.077744321763195	0.0495313812303502	0.0137567823	0.0266564207	0.124027514	0.0118808136	0.0554557638	-0.0109194353	0.0210663809	-0.0063336668	-0.1041946688	0.0400207335	0.0030540413	0.0056539093	-0.0264926214	0.0176931252	0.0211446286	-0.0126111311	0.0303901088	0.0671538116	0.044613563	0.0435191737	0.0231013697	0.0304025632	0.0142519161	0.0136754871	0.0851541258	0.0948105969	0.0910772257	0.0106705826	-0.0928105768	-0.0105743267	-0.000955454	0.0509339914	0.083337989	0.0362869334	0.0709407448	0.0847668308	-0.0139866569	-0.0336874003	-0.0135975058	0.0578748514	0.0620879361	-0.0123486525	-0.0177668744	0.0134808625	0.0569138504	0.0269290975	0.0269653578	-0.0075604136	0.0106705801	-0.02562203	-0.1735358855	-0.0423423086	-0.0311902753	0.0238775507	0.1359803705	0.0185165148	0.0490408321	-0.0015015608	0.020054329	0.0273773011	-0.0210348575	0.0187792812	0.0644817442	0.1262403321	0.0049771546	-0.0715927442	0.0488700836	0.0156565311	0.098983196	0.0778329347	-0.0225698065	-0.023955874	0.000934747	-0.1383061203	0.073642987	-0.0367187121	-0.0890574644	0.0288276776	-0.0443875303	-0.0117546728	-0.007404746	-0.0358913946	-0.0390752894	-0.030910159	0.0300939082	0.0029898301	-0.0436388984	0.0228207775	0.0733283572	-0.0169945516	0.0013442403	0.0832714514	-0.1071357464	-0.1240901239	0.0287260691	-0.055717384	-0.0134467228	0.0377162024	-0.030978782	-0.0725465549	0.0635629663	-0.0402680701	0.019368923	-0.0063343871	0.0428598539	-0.0070444449	0.0488963195	0.000779517	-0.0385474199	-0.0544225116	-0.0642928415	-0.0102749576	-0.0402904992	-0.0534847698	-0.0140230289	0.0474972988	-0.0194742147	-0.0588532301	0.0484109823	-0.0123153195	-0.0024002538	-0.0131204345	-0.0072476324	0.0344953202	0.068806416	0.0052092555	-0.0060707606	0.1112793911	-0.0075736471	0.0071019342	-0.0255774261	-0.117859927	-0.0071265243	0.0329402559	0.0966648826	0.0114764622	0.0545033117	-0.0528752718	-0.0568853224	0.0333420003	-0.0790714426	0.1233970427	0.0164285083	0.0034787249	0.0085286939	-0.0382766266	0.0520808077	0.0038605695	-0.0251672344	0.0366246516	-0.0875791084	0.0317556738	0.0719954481	0.0468574992	0.0476113247	-0.0034475854	0.0058935105	-0.0772388483	0.0443470699	0.0242498326	0.0223060595	-0.0366304501	0.0124871343	0.0285681552	0.0163291568	-0.0001446198	0.0569832784	-0.0201468273	-0.0821354052	-0.0823943867	-0.0207291319	0.0565152869	0.1234944754387044	-0.0135344910459166	0.0001831824478719	0.0152508854638807	0.0013759745414603	0.0058758749134284	1.893305938746883e-06	3.452590599825721e-05	0.2298734205209029	-0.0081936722397699	6.713626477277744e-05	0.0528417894619798	0.0030340925464562	0.0008669745596742	7.516448871224463e-07	9.20571758046107e-06	-0.0002639879834678	0.000101825478201	1.0368428010862329e-08	6.968965541539547e-08	0.0006679025626837	3.40056334063e-05	4.4609383323945386e-07	1.1563831033636663e-09	0.0	0.0	0.0	0.0	0.0	0.0	0.0	0.0	0.0	0.0	0.0	0.0	0.0	0.0	0.0	0.0	0.0	0.0	0.0	0.0	0.0	0.0	0.0	0.0	0.0	0.0	0.0	0.0	0.0	0.0	0.0	0.0	0.0	0.0	0.0	0.0	0.0	0.0
806.2055135823088	2.480627029471293	6.153510459343572	649967.3301305142	933.4422492852516	7.804167673643974	871314.4327507098	60.9050330783496	771.5488096127783	3.516706452405288	12.367224272388984	595287.5656148952	773.4965245601904	636.1582925874893	0.901964	31.307335	0.1333219441900889	0.0642776228536321	0.021213246	0.0117250096	0.1096123012	0.0792783131	0.0095791782	0.0347767324	-0.049877328	0.0743735856	-0.1160135009	0.012036967	0.0160655621	-0.0289771271	0.0464449224	-0.0406381054	-0.0653252878	-0.0454433353	-0.062724368	0.0056637287	0.0121506966	0.0196744328	-0.0207647659	-0.0072148547	-0.0109524984	-0.0183090757	-0.0164471551	-0.0118403487	0.0183603297	-0.0371283065	-0.0759709667	-0.0562119469	-0.0646071969	0.0275276723	0.0500070449	-0.019930715	0.0546180359	0.0036865334	-0.0554131914	-0.0464514117	0.0265165815	0.0423059857	0.0241515416	-0.1480664886	0.074088469	0.0362272364	0.1487429075	0.0519224317	-0.1188283956	0.055036165	0.0244122538	-0.0150186603	-0.0340012676	0.0634356386	-0.0525985667	0.0860947812	-0.1033314711	-0.0187538084	-0.0811684255	0.0397421225	0.0410151259	-0.1044553752	0.0543468906	-0.0520232348	0.064379621	0.0387106498	0.1182257563	0.1061859507	-0.0373979556	-0.0254199451	0.0722031674	-0.0174496079	0.1268031899	-0.0510972348	-0.0538422483	-0.0059811548	-0.0253660846	0.0129631942	0.0830169168	0.0694093765	0.0264713785	0.0282514602	0.0445767093	-0.0138667326	-0.0194991633	0.006416571	-0.0138262901	0.0077839552	0.0591500169	0.0152847156	0.0244871127	-0.0022794979	0.0422222637	0.1579146526	0.024526758	-0.0413544841	-0.0133937527	-0.0131523283	0.0139284004	0.1050193804	-0.0264359087	-0.0087381642	0.0329588505	-0.0468124246	0.0179100432	0.0632570912	-0.0539556645	-0.0191862226	0.0266422571	0.143592172	0.0754940832	0.0127394105	-0.102030886	-0.0018700506	-0.0227110345	0.0678245277	0.0048332253	-0.1251106179	-0.0423122347	0.0888650944	-0.0400365532	0.0346433579	0.0900091353	-0.0032640106	0.0694355642	-0.1047198012	-0.0074187009	-0.0480981764	0.0274899092	-0.0142076671	-0.0603375362	0.1342040786	0.0175813796	0.0802179419	-0.0300718702	-0.0339404757	0.027393419	-0.0722934446	-0.1166314882	0.0368475524	0.0687306662	-0.0290820099	0.0041799254	0.0505586183	0.0195009523	-0.0019267088	0.0367981898	-0.0121107343	0.0377380232	-0.0176447887	-0.0249628828	0.0204808964	-0.0867825419	-0.0075632152	0.0489405857	0.0111753651	0.0747852027	-0.043391613	-0.0152208743	0.0303194585	0.1080227322	-0.0241261616	-0.0197641691	-0.0345901378	-0.0146368388	0.01916191	-0.0197218085	-0.0125653053	0.0560448744	-0.0224706185	-0.0836361352	-0.0802246594	-0.0148702542	0.0619657467	0.0952396519124363	-0.028254823526268	0.0007983350525005	0.009070591296402	0.0098424944235091	0.0084665198820487	9.687469647680773e-05	7.16819589131276e-05	0.2091710322260809	-0.0207023882948219	0.0004285888811095	0.0437525207225241	0.0020777818389025	-0.0009563107075537	9.145301693818588e-07	4.317177370073054e-06	-0.0007672460369574	-0.0005032580534896	2.532686684021412e-07	5.88666481226836e-07	0.0007262980513794	5.839548869569994e-05	5.275088594375136e-07	3.410033100009619e-09	0.0	0.0	0.0	0.0	0.0	0.0	0.0	0.0	0.0	0.0	0.0	0.0	0.0	0.0	0.0	0.0	0.0	0.0	0.0	0.0	0.0	0.0	0.0	0.0	0.0	0.0	0.0	0.0	0.0	0.0	0.0	0.0	0.0	0.0	0.0	0.0	0.0	0.0
811.8836803028829	5.678166720574154	32.24157730663585	659155.1103421538	931.2750047369036	-2.1672445483479805	867273.1344477198	4.696948932344042	772.4261772365047	0.8773676237263999	0.7697739471633096	596642.1992802002	773.8129418440399	658.7250004928109	0.904478	31.3946	0.0569724807356138	0.0403409717054981	0.0143848198	-0.0170950797	0.0270969581	0.0450145997	-0.0278954044	0.0378700104	-0.0007121681	0.0911943561	-0.0311064201	-0.0400828598	-0.0209881553	0.0334530725	0.0413060463	0.0251307459	0.0130755666	-0.0245640168	-0.0027553325	-0.0081286731	0.006162398	-0.0048637667	-0.0372007837	0.0138221176	-0.0280227316	-0.0041443137	-0.0290464341	-0.0181355798	-0.0253066655	-0.0064298394	-0.0432224468	-0.0948017853	0.0058637996	0.0459236765	0.0785651352	-0.0351512608	-0.0542479732	-0.031111628	-0.1192485449	-0.055920125	0.0085316502	-0.0352300237	-0.0515486402	0.0349267625	0.0692448161	-0.0629503742	0.0045098749	-0.0107768133	-0.0259730292	0.0076701196	-0.0524011284	-0.0090980098	-0.048879875	-0.0235890791	-0.0495632451	-0.0776548389	-0.0887803071	0.0556639913	-0.0262120419	0.01353832	-0.043987877	0.0825864862	-0.0604006897	0.1064840187	-0.0416646648	-0.0674464559	-0.1288629495	-0.0459898993	0.0481323491	-0.0561261947	-0.0184672833	0.0524781371	-0.0300590096	-0.0456381415	-0.0598431124	-0.0112365344	-0.0656293987	0.0528924304	-0.0014306444	-0.0862225034	-0.0159138155	0.059401242	-0.028143306	-0.0113345977	0.0038976474	0.0349887685	-0.0096050208	-0.0096266562	0.0775215724	0.0184900776	-0.0269571715	0.0233695033	0.0239970478	0.0573046739	-0.0085317004	-0.0198409112	-0.0986936882	0.0250538032	-0.0742179189	0.0862541592	0.0221692963	0.0301089418	0.0669192145	-0.0270929648	0.0432597246	-0.1011187316	-0.0113385354	0.0419947325	0.0252533502	0.0388984887	-0.0258711736	0.0285303062	0.1042593359	0.0018151833	0.0264323941	0.0521478219	0.0183117872	-0.0960982764	0.0014782223	-0.0071644741	0.0046457105	-0.0399280858	0.0044097016	0.009949136	0.0302913897	-0.0191776773	0.0219844818	0.0673189596	-0.1369731293	0.0267001018	0.0748324751	-0.1387511117	0.0313731908	-0.0339732683	-0.0195463748	-0.0827726606	-0.0750469712	0.0640376452	0.1249412255	0.0387971663	-0.0004048553	0.0172498097	0.0331525023	0.0177439278	0.0207649446	0.0001134629	0.0375370208	-0.009609555	0.0195938881	-0.0246454904	-0.0100671832	-0.0072463919	-0.0216363116	-0.0640051609	0.0124567316	-0.0448864373	0.0517512664	-0.0083886679	-0.0502955019	0.0773819068	0.0395769834	-0.0775979148	-0.0424170409	-0.0105677598	-0.0267093139	-0.0037449672	0.0112957308	0.0087881854	0.0550968674	-0.0247790096	-0.0850079043	-0.0778350419	-0.0089476998	0.0670341672	0.0973102995615704	0.0020706476491341	4.287581686864585e-06	0.0094692944007625	0.0288799735959344	0.0190374791724253	0.0008340528749018	0.0003624256132405	0.2076046047246365	-0.0015664275014444	2.4536951172814177e-06	0.0430996719028725	0.0014192910885269	-0.0006584907503755	4.336100683302205e-07	2.0143871939718726e-06	-0.0007679664129225	-7.203759651000421e-07	5.18941531093817e-13	5.897724113770519e-07	0.0007530454532909	2.674740191149999e-05	5.67077454722097e-07	7.154235090153134e-10	0.0	0.0	0.0	0.0	0.0	0.0	0.0	0.0	0.0	0.0	0.0	0.0	0.0	0.0	0.0	0.0	0.0	0.0	0.0	0.0	0.0	0.0	0.0	0.0	0.0	0.0	0.0	0.0	0.0	0.0	0.0	0.0	0.0	0.0	0.0	0.0	0.0	0.0
812.0916764889927	0.2079961861097672	0.0432624134362089	659492.8910227028	931.4187760272812	0.1437712903775718	867540.9363361585	0.020670183936832	773.1834475928708	0.7572703563661207	0.5734583926308715	597812.6436315976	774.0675017642279	660.5826799599349	0.879024	30.511084	0.0255453666485644	0.0177126490471183	0.0179299047	-0.0297773123	-0.0063019467	0.0252247101	-0.0787296833	0.0449136223	0.0081208672	0.0582670176	0.0349673866	-0.0605550622	-0.0220056068	0.0284920668	-0.0522010364	0.0109323533	0.0406372249	-0.0365669143	0.004167222	0.012431083	-0.0109561135	-0.0102300516	-0.0259905964	0.0081245489	-0.0290476597	-0.0127704261	-0.0587782768	-0.0314845634	-0.0221363122	-0.0214411148	0.0128960417	0.0258524192	0.0100886025	0.0124071258	0.0652420154	0.0212494298	0.0781402852	0.0408290637	-0.1177006549	0.0467101687	0.0691647451	-0.0172210945	0.011725834	0.0812510656	-0.0212865267	-0.0171672169	-0.0149998025	0.0200524239	0.0291801577	-0.0373717392	-0.0362828726	0.1609847755	0.0526075176	-0.0448907028	0.0472416497	0.0405208565	-0.0401281237	-0.0133941866	-0.0339476064	-0.0004159298	-0.1318316014	-0.0555462027	-0.0287113461	0.094109747	-0.1103164786	-0.0209851517	-0.0321629877	0.017942344	-0.055776109	0.0271442695	-0.0282528065	0.0669906685	0.0572273245	-0.055897785	-0.0739928691	-0.0987072349	-0.0061883604	0.0320865864	0.0423338141	0.0543616739	0.087510884	-0.0358206055	-0.0698597168	0.0066118897	0.0093036307	0.0383976398	0.0016680402	-0.0213128484	0.0531939131	0.0182231692	-0.0690752087	0.0575209241	0.0114800088	-0.0125813108	-0.0093844847	0.0148676009	-0.0075754035	-0.0111200692	-0.0943274377	-0.0377653645	0.080897392	0.0092915382	0.0394655125	-0.0470658712	0.0016830408	-0.1051353021	0.0455905378	-0.0737004667	0.005219787	-0.0386648328	-0.1041964825	0.0054067088	0.0307623232	-0.0428695685	0.0227635998	0.0402334947	0.0626813747	-0.0261432111	-0.064488035	0.0427297655	0.0605597823	-0.0649245346	0.0532480541	-0.0232384043	-0.0411887234	0.0062284572	-0.0506852669	-0.0415328436	0.0889595389	-0.05986956	0.0956653169	-0.0157184952	0.0322980707	0.0130347799	-0.0267734046	-0.0742347492	0.0102112232	-0.0255530058	0.0996554066	-0.027457232	0.0329194779	-0.028095098	-0.075544155	0.0642761198	0.0193273545	-0.000970346	0.0324629926	-0.0048592754	-0.0028724071	-0.0034047567	0.0040465525	0.0018100035	0.0164681844	-0.0811287708	-0.0148794671	-0.0601773132	0.0197257316	0.0420207766	-0.0344307006	0.0290414806	-0.0540650399	-0.0141750371	-0.0106972319	0.0296949282	0.0347454246	-0.0215009902	0.0365128464	-0.0008844648	0.0541394198	-0.0270704183	-0.0862485974	-0.075232084	-0.00298683	0.0716892996	0.0972993769829173	-1.0922578653108084e-05	1.1930272443333238e-10	0.0094671687612638	0.0337731376164498	0.0048931640205154	0.0011406248244596	2.3943054131666476e-05	0.1913642130470805	-0.0162403916775559	0.0002637503218404	0.0366202620351284	0.0014692807727797	4.9989684252799886e-05	2.4989685316946288e-09	2.1587859892601123e-06	-0.000741938439577	2.602797334550009e-05	6.774553964740633e-10	5.504726481219536e-07	0.0007650455631294	1.2000109838500024e-05	5.852947136639808e-07	1.4400263613606507e-10	0.0	0.0	0.0	0.0	0.0	0.0	0.0	0.0	0.0	0.0	0.0	0.0	0.0	0.0	0.0	0.0	0.0	0.0	0.0	0.0	0.0	0.0	0.0	0.0	0.0	0.0	0.0	0.0	0.0	0.0	0.0	0.0	0.0	0.0	0.0	0.0	0.0	0.0
811.6707336931777	-0.4209427958149945	0.1771928373485441	658809.3799340214	936.0028127548268	4.584036727545595	876101.2654849474	21.013392719486923	770.939636401702	-2.2438111911687884	5.034688661614297	594347.9229751886	772.384417412751	663.6410098663748	0.843535	29.279255	0.0658007629807895	0.0426960854168004	0.0086170883	-0.0396302112	-0.006771575	0.0037899701	-0.0479728431	0.0467247538	0.0298557005	0.0010905249	0.0460592637	-0.048508858	-0.0391124089	0.0330778712	-0.0228148414	-0.0030980853	0.0185996095	-0.014063496	0.0419217052	-0.0043210353	0.0054220739	0.0003083738	-0.0059130329	-0.0128930122	-0.0303655835	-0.0161319907	0.0207087788	0.0264407904	0.0417304317	-0.050312466	0.0135497963	-0.0068359239	0.0537697523	-0.0393588544	-0.0234321255	0.0857212442	0.0118222132	-0.1201939426	-0.0356276521	0.0404952874	0.0128289487	-0.0083833161	-0.0771609605	-0.0374777395	-0.0544974196	-0.1032444316	-0.0273637722	-0.0577197945	-0.0088948809	-0.0825925449	0.0500144713	0.0206091508	-0.0926576762	-0.0540714082	0.0525464022	-0.0552902188	-0.0136019325	0.0979963719	0.0192391141	-0.0389866334	-0.0158909216	0.024384241	0.0007202066	0.0704510299	0.0345012852	0.1323213998	-0.0088717319	0.0062935376	0.0314335534	-0.055406004	-0.0827344422	-0.0610249451	-0.0026149743	0.0085772673	0.0235611198	0.1115361776	-0.0083216213	-0.0360102227	0.0343051394	-0.1013073383	-0.0105863836	-0.0979003258	-0.0643809169	-0.0130972791	0.0002806943	0.0065862804	-0.0032331381	-0.0307109133	0.0187209104	0.0079276051	0.0007968752	-0.0005123067	-0.0329440505	-0.0619842151	-0.0517335413	-0.017355185	-0.018612047	0.0103080646	-0.0093223767	-0.067344536	0.0345533761	-0.0001789137	0.025757954	-0.0214629826	-0.0244359537	0.0631913359	0.0577539696	0.0396633936	0.0093728242	-0.0052186095	0.0583067597	0.1810797212	-0.0073627975	0.0952096144	-0.0123805942	-0.0102778726	-0.0239087516	-0.0075778188	0.0097148347	0.1008612196	0.023768107	-0.1121324675	-0.0012372362	-0.0416261378	-0.0575125672	-0.013348162	0.0261094787	0.0328406446	0.0360317	0.0453021449	0.0648664513	-0.0443500384	-0.1345662383	-0.0811342879	-0.010128916	0.0925425315	-0.0472472007	-0.0288766008	-0.0019865379	0.0640405168	-0.0143502719	0.0266473281	0.0995522209	-0.1033507009	0.0175352474	0.0086173499	0.0328224438	-0.004876642	0.0011543568	-0.0378393465	0.0014330684	0.0169701819	0.0296689211	-0.0537718933	0.0063574498	-0.0193598127	0.0028795208	0.047348881	-0.0224612961	-0.0272232214	-0.100625803	0.0232733598	0.0107461182	-0.0042567517	0.0214237657	0.0059980906	-0.0137529099	0.0389929442	0.0531726956	-0.0293432743	-0.0873563013	-0.0724229201	0.00298683	0.0759024438	0.0971591036333592	-0.0001402733495581	1.9676612596249196e-08	0.0094398914188378	0.0404061506042552	0.0066330129878054	0.0016326570066537	4.399686129639513e-05	0.1664925797268495	-0.024871633320231	0.000618598144016	0.0277197791041013	0.0020312661417936	0.0005619853690139	3.158275549856897e-07	4.126042138797058e-06	-0.0007758127426058	-3.3874303028800005e-05	1.1474684056869692e-09	6.018854115895332e-07	0.0006777883687082	-8.725719442120004e-05	4.593970727561228e-07	7.613817978259104e-09	0.0	0.0	0.0	0.0	0.0	0.0	0.0	0.0	0.0	0.0	0.0	0.0	0.0	0.0	0.0	0.0	0.0	0.0	0.0	0.0	0.0	0.0	0.0	0.0	0.0	0.0	0.0	0.0	0.0	0.0	0.0	0.0	0.0	0.0	0.0	0.0	0.0	0.0
809.6746558045992	-1.9960778885784976	3.9843269372719927	655573.0482522962	934.209378020932	-1.7934347338947418	872747.1619822567	3.2164081447401034	769.6567537493243	-1.2828826523777934	1.6457878997718824	592371.518591948	771.8151176508326	664.0511883299794	0.857634	29.768614	0.0850426237125366	0.0388861527991909	0.0154461353	-0.0214104939	0.0074544197	0.006896249	0.0332201436	0.0516248568	0.0268118752	-0.02981505	-0.0113944309	0.0539519337	0.0336607453	-0.0250599126	0.0017036286	-0.0055456686	0.0469842358	-0.0153924044	0.0675309459	-0.0177271814	0.0272728794	0.0264727192	0.0181940207	-0.013851787	-0.0070723079	0.0036321962	-0.0330538958	-0.000737449	0.0689054195	-0.0713786793	0.0854854623	0.0255206389	0.01777604	-0.0918705576	-0.0167617584	-0.0086407053	-0.0556206748	0.010905289	0.0600709354	-0.0346748102	0.0230521842	-0.0206123796	-0.13480023	-0.0304706754	-0.0119887402	0.0458348424	0.0875740856	-0.0345427087	0.0495534118	-0.0192626804	0.0377809014	-0.010098565	0.0915481245	-0.0621345692	0.1040067896	-0.0802210271	0.0956985182	0.0546491089	0.0019400473	-0.0250207619	0.0628771691	-0.0577759126	-0.001424472	0.0385184121	0.0341358813	0.1163312249	-0.0205022867	0.0943756577	0.0115782536	-0.0455658071	0.1596415001	0.0790494266	-0.0685772275	0.0435152148	-0.0573756986	-0.0436132525	0.0825417209	0.002099995	-0.0688000832	0.0306934138	-0.0855291123	0.0404969333	0.0067107982	-0.0284525913	-0.0260454313	-0.0188473635	0.00685471	-0.0079368549	-0.0013901292	-0.0380207438	0.0280174454	-0.0020581645	-0.0079486808	-0.0314367568	-0.0361703866	0.0458703598	0.00427719	0.0538267261	-0.0059385638	-0.0842323736	-0.019118618	0.0296733938	-0.0766674946	0.0417598362	-0.0157938838	0.0002921778	0.0128548787	0.0003402238	0.0672268669	0.0415910094	-0.0050943514	-0.0525946947	-0.1036223692	0.0365736457	-0.0557954139	0.083680713	-0.0932346704	0.0749280734	0.0240015514	0.0894270144	-0.0852516856	-0.0467213704	-0.0486726079	-0.0010683264	-0.0638343382	0.0565615267	0.1046372458	0.0263286301	-0.0713383933	0.0688987751	0.0301710567	0.046803809	-0.0083094942	0.0197730155	0.0339226304	0.0056316001	0.0827873237	0.0538075353	0.0194564526	0.064414897	-0.074214692	-0.0100911849	-0.061846455	-0.0237044434	0.0186999036	0.0074752696	0.0306781073	-0.0051351751	-0.0005054408	-0.0249832298	0.0064344777	0.0215718258	0.0124768792	-0.0475017391	0.0099449217	0.011315048	-0.0086883927	-0.0040631166	0.0048570991	-0.0144032668	-0.0483078883	0.0695544514	0.0507421131	-0.0129950264	0.0471162954	0.0236775879	-0.0033084817	0.0209046156	0.0521968607	-0.0315960199	-0.0883293083	-0.06941525	0.0089476998	0.0796476241	0.1094120672284475	0.0122529635950883	0.0001501351168625	0.0119710004552023	0.0257836247223224	-0.0146225258819328	0.0006647953038215	0.0002138182631677	0.1478336307547039	-0.0186589489721455	0.0003481563767451	0.0218547823821181	0.0022267481417875	0.0001954819999938	3.8213212321615e-08	4.958407286954084e-06	-0.0004963949603267	0.000279417782279	7.807429705377049e-08	2.4640795663774613e-07	0.0009930522917026	0.0003152639229943	9.861528540557856e-07	9.939134114181896e-08	0.0	0.0	0.0	0.0	0.0	0.0	0.0	0.0	0.0	0.0	0.0	0.0	0.0	0.0	0.0	0.0	0.0	0.0	0.0	0.0	0.0	0.0	0.0	0.0	0.0	0.0	0.0	0.0	0.0	0.0	0.0	0.0	0.0	0.0	0.0	0.0	0.0	0.0
811.0771957717625	1.4025399671633068	1.9671183594904496	657846.217500986	934.199494178849	-0.0098838420830134	872728.6949240174	9.769033432194678e-05	769.2691098258382	-0.3876439234860527	0.1502678114156606	591774.9633322376	770.73979400115	660.362017331058	0.889641	30.879595	0.0703497453101551	0.0391699399574786	0.0041800081	-0.0227733532	0.0201784825	0.0092227992	0.0173095999	0.0346163682	0.0423134918	0.0112313015	-0.0176987987	-0.0041158963	-0.0251548716	-0.0017004386	0.0068844517	-0.0187061647	0.0205764631	-0.0321318912	-0.0011837568	0.0166308609	0.0393863203	0.0157944216	0.0213495584	0.0214910918	0.0054809806	-0.0181350089	-0.0068774983	0.0987905692	0.0093029407	-0.0577617207	-0.0165931948	-0.0184170611	0.0685912367	-0.0012898205	0.0218520377	0.0408268852	0.0157201063	0.0597224479	0.0582256417	-0.0177181294	-0.1263400246	0.0147720539	0.0185513231	0.0171483532	-0.0475414914	0.0588553868	0.0160812187	-0.1450380661	0.0443920765	-0.0202413998	0.0061352921	0.0247633041	-0.0299102761	-0.0886413891	0.0606180569	-0.0817843857	-0.0575150359	-0.0067445108	0.0683863666	0.0547852647	-0.0086017	0.0099966601	0.0388441243	-0.0384404549	0.0068850891	-0.0434610081	0.0723044528	-0.0863148931	-0.0132331679	-0.0967927725	-0.0064455546	-0.0484845323	0.0584741901	-0.0640372361	-0.0200890178	0.0237693333	-0.0393421804	0.2518153382	0.1390412016	-0.1006350598	0.1194739853	0.0585165034	0.0015898346	-0.0419947982	-0.0186916204	-0.0271238767	0.024506156	0.0264775566	0.0150981855	0.0054980294	0.0230174441	0.0104158644	-0.029965223	-0.0251942402	-0.0702667094	-0.0842606644	0.027104409	0.0093201677	-0.0256078141	-0.0408232365	0.0109598385	0.0124420232	-0.0578862277	0.0350863138	0.0130829738	0.0606597229	0.0805063418	-0.0060120784	-0.0015560503	0.0170262817	-0.0718167213	-0.0086839867	0.0010581343	0.0484869133	0.0717106433	-0.0333203204	0.0296689178	-0.0046720547	0.0329096142	-0.0607618141	-0.1243288375	0.0074948586	-0.0613068788	-0.0517135276	-0.0504315414	0.0189365372	-0.043986144	0.0173341104	-0.083998039	0.0262468769	-0.0491268896	0.0455729405	-0.0413957622	-0.0275397568	-0.0807742158	-0.0855093193	-0.1747489252	0.0415306776	-0.0551575944	0.0583301213	0.1502269809	-0.0339264643	0.0009766278	0.0845418272	0.0243480921	0.0085284982	0.0494812625	-0.0074628	-0.0043948622	-0.0506442333	0.0011775526	-0.0238315664	0.01180392	-0.0361750466	0.0117443868	0.0293586319	-0.0061925823	0.0579526408	-0.0147331369	-0.0782122965	0.0480115006	-0.0488771311	0.0169732559	0.0107580241	-0.0250845252	0.0791811534	-0.0244322197	-0.0179633512	0.051212082	-0.0338271112	-0.0891661178	-0.0662173176	0.0148702542	0.0829017503	0.0970410574212508	-0.0123710098071967	0.0001530418836497	0.0094169668254344	0.0269875288959724	0.0012039041736499	0.0007283267159109	1.4493852593318877e-06	0.1374556450799104	-0.0103779856747935	0.0001077025866662	0.0188940543643342	0.0015196655250018	-0.0007070826167856	4.99965826960513e-07	2.309383307878996e-06	-0.0003658142360765	0.0001305807242502	1.7051325545706786e-08	1.338200553162333e-07	0.0009027787196482	-9.027357205439992e-05	8.150094166496432e-07	8.149317811460934e-09	0.0	0.0	0.0	0.0	0.0	0.0	0.0	0.0	0.0	0.0	0.0	0.0	0.0	0.0	0.0	0.0	0.0	0.0	0.0	0.0	0.0	0.0	0.0	0.0	0.0	0.0	0.0	0.0	0.0	0.0	0.0	0.0	0.0	0.0	0.0	0.0	0.0	0.0
813.1711063698333	2.0939105980708064	4.384461592713242	661247.2482347387	936.99961102932	2.8001168504709995	877968.271069097	7.84065437629163	772.5361958834299	3.267086057591655	10.673851307709782	596812.1739500411	774.2910760661401	657.8695884647583	0.952886	33.074852	0.1699909832304761	0.0841286777210354	-0.0080771482	-0.0388486036	0.0489947838	-0.0332128815	0.0140326507	0.0173054881	0.0296803144	0.0131233783	-0.0075064115	-0.0278975994	-0.0620011241	0.0349353729	0.0561648437	-0.071477021	0.0001620336	0.0244757776	-0.0762502751	0.0639139032	0.0016473825	0.0041007656	-0.0068797463	0.0399360693	-0.0296924979	0.0271654345	-0.0256886616	-0.0647754568	-0.0055555867	-0.0326379342	-0.0670144176	-0.0289054942	-0.0539663302	0.0571117411	0.1290593547	-0.0465871393	-0.0121094936	0.0355300377	0.1027478945	-0.0078543025	0.0471839308	0.0150521657	0.0631704584	0.019035091	0.1070759432	-0.0642134767	0.0796185618	-0.0124875993	0.0907394426	0.0829109497	-0.0057626626	-0.0744897673	0.0902639993	-0.0788144239	0.0182020973	-0.0596499371	0.0206262894	-0.113097425	-0.0148658592	-0.0096027115	0.0350601556	-0.0295299299	0.0086128511	-0.0089872361	0.0315766449	-0.0094158329	0.0166781418	0.0032995599	-0.1006840891	0.0610382704	-0.1018477991	-0.056428671	-0.1123630112	-0.0217274857	0.0968346764	-0.0394381691	0.0900966617	0.0115838236	-0.012841214	0.0105088104	0.0842902476	0.0159955233	0.0433734566	-0.0089852746	-0.0083740082	0.0078265925	0.0741197299	-0.0025337066	0.0302124775	0.0316095138	-0.0021726165	0.0951751805	0.0149516204	0.1197106068	-0.007054025	0.0211271391	-0.0059778423	-0.0172353576	-0.0117291234	0.1068990052	-0.0395215212	-0.0073844337	-0.1111016315	0.046427293	0.0361330151	0.0214141436	-0.0218972891	-0.0542611434	-0.0433717323	-0.0579774003	0.0062024735	-0.0730293885	-0.0151143917	0.0200256575	0.061421288	0.080631501	-0.1173578133	0.0840494589	0.0190572059	-0.01424776	-0.0040080655	0.0792115244	-0.056843836	-0.0045439781	0.0061135719	-0.0353528397	-0.1035721682	0.0809904835	0.0583223049	-0.1094419202	0.103498571	-0.0337164143	-0.03366523	0.0504547591	-0.0443423815	0.0863774147	0.0009158912	-0.067654028	-0.1084547672	-0.0132864645	0.0408376694	-0.1241053014	0.0284653245	-0.0047171985	0.0346361641	0.023438025	0.0808052821	0.0206228895	-0.0162483636	-0.1068127777	0.0079826122	0.023706339	-0.0015545675	-0.0535435914	0.0229017303	0.0381419274	-0.0346257581	-0.0030485323	0.0024144156	-0.0574374827	0.1338958869	-0.1046554874	-0.0701518799	-0.0550231762	0.0326593939	-0.0128208784	-0.0643043174	-0.0062733801	0.0502185284	-0.0360350191	-0.0898654396	-0.0628378881	0.0207291319	0.0856447597	0.0532810594931021	-0.0437599979281487	0.0019149374186715	0.0028388713007074	0.0179081979813702	-0.0090793309146022	0.0003207035549399	8.243424985685121e-05	0.0858939468033952	-0.0515616982765152	0.0026586087291583	0.0073777700974644	0.0019765658157404	0.0004569002907386	2.0875787567701739e-07	3.906812423953514e-06	-0.0010539456512572	-0.0006881314151807	4.735248445585929e-07	1.1108014358039637e-06	0.0010695461359531	0.0001667674163048	1.1439289369322069e-06	2.7811371141011798e-08	0.0	0.0	0.0	0.0	0.0	0.0	0.0	0.0	0.0	0.0	0.0	0.0	0.0	0.0	0.0	0.0	0.0	0.0	0.0	0.0	0.0	0.0	0.0	0.0	0.0	0.0	0.0	0.0	0.0	0.0	0.0	0.0	0.0	0.0	0.0	0.0	0.0	0.0
815.1281869592895	1.9570805894561545	3.830164433626049	664433.9611755384	937.5424094665732	0.5427984372531682	878985.7695483876	0.2946301434844816	772.5857811449769	0.0495852615470084	0.0024586981626852	596888.789227394	774.158488980407	666.3348640688923	0.997186	34.612511	0.107841628121684	0.0551789896338969	-0.0041461892	-0.0423462029	-0.0242223379	0.0334819777	-0.070050891	0.1145954988	-0.0156855123	0.1064758754	0.0344110218	0.0111573146	0.0013406918	-0.0099946709	0.0106926458	-0.0442608012	0.0210090147	0.0366857803	-0.0741981313	-0.0474307024	0.0144784803	-0.0132779442	-0.02121744	-0.0083911347	-0.0310537289	-0.0165787859	-0.0661233973	0.014335195	-0.0079494805	-0.0201535596	0.0671371099	-0.0412317532	-0.0319659002	-0.007861093	0.0218828569	-0.1116472172	-0.0451138277	-0.0562323027	0.1172975854	-0.0046456057	0.0891670965	0.0673424906	0.0245917101	-0.0632241043	0.0948570777	0.0206388536	0.0013023704	0.0844907651	-0.0837012488	-0.0228212904	-0.0378308628	-0.0718054624	0.0532307043	-0.0688479796	-0.0390261726	0.0652310775	-0.0791738346	-0.0603547659	-0.1477536546	0.0381946161	0.0414592259	0.1122582212	-0.0739324033	-0.0005411213	-0.0811684317	-0.0086593906	-0.1163266811	-0.0692806511	-0.1671137093	0.0462328088	-0.0043141989	0.0183462768	0.0329689936	-0.0248695999	-0.032740827	0.0061520603	0.1159192514	-0.0317440959	-0.038300171	0.069176186	-0.0164251133	-0.0595656857	-0.0863483517	-0.0212491406	0.0113625698	0.0108465289	-0.0186170851	0.0238508122	0.1127676055	-0.0372517386	-0.0185842441	-0.0081520255	-0.0221939976	0.0153562382	0.0285579462	0.0230094802	-0.0424919765	-0.0169509338	0.0348208856	0.0427971613	-0.0656344971	0.0244873881	-0.0401215393	0.0495563321	-0.0177394046	0.0277747481	-0.1313693636	0.0177418995	-0.0552486039	0.0052829413	0.0521611218	-0.0778823126	0.0464779645	0.0152473777	-0.0754699422	0.0805669982	-0.0011904703	0.0751352162	-0.0282335437	0.0454880795	0.0089523185	0.0615281667	0.1343685791	0.1006969408	-0.044916696	-0.0923691283	-0.0083753831	-0.0208850005	-0.0964557064	-0.1290772755	-0.0466468527	0.0106937283	-0.0509066688	0.0912281525	0.0249452088	0.1258364658	0.1369464414	-0.0127369263	0.0647200053	-0.1231943531	0.0222776523	0.1034248046	0.0440926475	0.1072585905	0.0233342079	0.0180058354	0.0518861748	0.0137257652	-0.0133182239	-0.060656326	0.0240007712	0.0164765906	0.0272796406	-0.099905663	-0.0016307588	-0.0186303696	-0.0034456663	-0.0351192101	-0.0425808868	0.0557116359	-0.0075923313	0.0272457657	0.0125028254	-0.0432915231	0.0259993507	-0.0085880331	0.0160928002	0.0126322422	0.0492163702	-0.0382182304	-0.0904261954	-0.0592862243	0.0264992443	0.0878597406	0.0870779022273495	0.0337968427342474	0.0011422265788034	0.0075825610563158	0.0537101970871987	0.0358019991058285	0.0028847852711457	0.0012817831399737	0.1043593883395033	0.0184654415361081	0.0003409725311234	0.0108908819345952	0.0018657223983102	-0.0001108434174302	1.2286263187605616e-08	3.4809200675563643e-06	-0.0013059775901103	-0.0002520319388531	6.352009820205277e-08	1.705577465870307e-06	0.0011022176745798	3.267153862670006e-05	1.2148838021561015e-06	1.067429436235954e-09	0.0	0.0	0.0	0.0	0.0	0.0	0.0	0.0	0.0	0.0	0.0	0.0	0.0	0.0	0.0	0.0	0.0	0.0	0.0	0.0	0.0	0.0	0.0	0.0	0.0	0.0	0.0	0.0	0.0	0.0	0.0	0.0	0.0	0.0	0.0	0.0	0.0	0.0
813.9368785839911	-1.1913083752983766	1.4192156450560578	662493.2423190506	933.895004940354	-3.647404526219134	872159.880252544	13.303559777883825	773.0926479615475	0.506866816570664	0.2569139697404791	597672.2423321973	774.9444212530651	675.515351408297	0.945557	32.820442	0.151499080204241	0.0666222903200987	-0.0028718033	-0.0455443659	-0.0241982936	-0.0493671431	0.012289686	0.0391634062	0.0577420851	0.004791269	0.0490849509	0.0106611255	0.008664276	0.0199757114	-0.0386043088	-0.0658955195	-0.0030056211	0.0465659925	0.0412551871	-0.0181691994	-0.003433468	-0.0141800593	-0.0323947848	0.0312109286	0.0079966151	-0.009186812	0.0100584177	-0.051866069	0.0168529278	0.0235420254	0.0687806484	-0.0237735048	-0.072044175	-0.0313598749	0.0355370775	0.0213731703	-0.131447125	-0.0732952108	-0.0304681315	-0.0071437334	-0.0249173963	0.008968894	0.0020024356	0.054422178	-0.0671213531	0.0538235231	0.0576825468	0.0237674874	-0.0545444079	0.0190383323	0.0652722736	0.0008134333	0.0018807829	0.0366301611	-0.0432003249	0.1258718426	0.003513739	-0.0526632754	-0.0309835839	-0.0197386418	0.0405001774	-0.0101092754	-0.1017545031	0.0103916816	0.047594618	-0.0869750268	0.06186566	0.0831097657	-0.0361585423	-0.0745569627	-0.0674694854	-0.009837426	0.0758849995	0.0315625474	-0.0795556765	-0.0468139204	0.1200204258	0.0864820921	0.0689136022	-0.0422347656	0.0282729478	-0.1149296686	-0.054214589	-0.012027419	0.012195976	0.033214725	0.0495069558	0.005705429	0.0034174068	-0.014183438	0.0117732233	-0.0053338903	-0.0375668459	-0.0524800245	0.040004956	0.0930721174	-0.0757608976	0.0323583006	-0.0176278473	-0.0024130324	-0.0593156985	0.0451680265	0.0267861907	0.0086574678	0.1157776162	0.0295821535	0.0031459953	0.0055574642	-0.0793212401	-0.0488036141	-0.0289317714	0.0019798228	-0.1314828249	-0.0192423742	-0.0049564983	0.0766073917	0.0382294063	-0.0730625114	-0.0104741841	0.0744593297	-0.0242798129	0.053385101	0.0887860368	-0.0870403593	-0.0085607596	0.0654235808	-0.0075802703	0.0460280499	0.0081563578	-0.0876084698	-0.1300429275	-0.0413163144	0.1023158445	0.0071638568	0.0519310386	0.0856620684	0.0053555974	0.0654606965	-0.0448395225	0.0326099045	0.0458102272	0.0210343322	-0.0389797431	0.0539943868	0.0249003543	0.0170764259	0.0399117475	0.0047512044	-0.0124377396	-0.0706157929	0.0155354527	-0.0095691915	0.0603770478	-0.0516552628	0.0024554379	0.0366872252	-0.0143067753	0.0467790846	-0.0120989495	-0.03926781	-0.0868639675	0.0114392405	0.0467376272	0.0199526019	-0.0223144479	0.0499976045	-0.063547128	0.0395751306	0.0482057789	-0.0403752488	-0.0908475206	-0.0555720611	0.0321558829	0.089533037	0.1070981274530424	0.0200202252256928	0.0004008094180874	0.0114700089039481	0.0345269037440374	-0.0191832933431613	0.00119210708215	0.0003679987434897	0.1253857337094501	0.0210263453699468	0.0004421071996162	0.0157215822178571	0.0028343065221119	0.0009685841238017	9.381552048807072e-07	8.033293461286055e-06	-0.0007373477610568	0.0005686298290535	3.233398824894127e-07	5.436817207354758e-07	0.0008140473021262	-0.0002881703724536	6.626730100989447e-07	8.304216356004654e-08	0.0	0.0	0.0	0.0	0.0	0.0	0.0	0.0	0.0	0.0	0.0	0.0	0.0	0.0	0.0	0.0	0.0	0.0	0.0	0.0	0.0	0.0	0.0	0.0	0.0	0.0	0.0	0.0	0.0	0.0	0.0	0.0	0.0	0.0	0.0	0.0	0.0	0.0
811.5062164613864	-2.4306621226046445	5.908118354264916	658542.3393554746	941.1132587471394	7.218253806785356	885694.1657896602	52.10318801917128	771.5384189862563	-1.5542289752912666	2.4156277076349406	595271.5319718119	774.1887763327346	668.1355573528285	0.909426	31.566349	0.1122107709475357	0.0622279931676435	-0.005221507	-0.0143562501	0.0199222886	-0.0651778716	0.0736881493	-0.0065465733	0.0610592253	-0.1069978218	0.0211208295	0.0249443865	-0.0218292633	0.0158550365	0.0189842272	-0.0410904104	-0.0019212483	-0.0073591641	0.0070054726	-0.0166699049	-0.0071845057	0.0174177384	-0.0028848348	0.0012211027	-0.0438751235	0.0508199102	0.0914048156	-0.052385206	0.0004823128	0.0097387705	0.0735681661	-0.0032026802	0.0148167351	-0.0730392038	0.0279716815	-0.0648173832	-0.1157674003	0.025374829	-0.0515991154	0.0622564845	0.0300566178	-0.0472541466	-0.0006844437	0.0325173692	-0.0128513282	0.1092451176	0.019415405	0.0896408384	-0.0118870933	-0.0855994995	0.030843556	-0.000516513	-0.033300335	0.0127059506	0.1138942786	0.1646281827	-0.0184642513	0.0045742566	-0.0059298686	0.0172880405	0.0211662143	-0.025355496	-0.0512704319	-0.2217065211	-0.1410967124	0.0718888363	0.1113616536	-0.028457036	0.0902547062	-0.0070069335	0.0212742024	0.1231580961	-0.0189486991	0.0877319866	-0.0147014355	-0.0124116538	0.0323531642	0.0832905701	-0.063938554	0.1008492923	0.0586341724	-0.0777694239	0.0670652851	-0.0071020495	-0.0189879098	0.0067076888	0.0530118738	-0.0592144352	-0.0809593833	-0.0338073384	0.0522648668	-0.0080117637	-0.0497850959	-0.0706707303	0.0225931724	0.0405383833	-0.0588626235	0.0387803974	0.0098493522	0.0546694914	-0.0109657912	0.0633423253	-0.0029373449	0.0420860252	0.0543270588	0.0163244072	-0.0123124574	-0.0916983168	-0.0710995497	0.0388019818	-0.0036379513	0.0472084903	-0.0266052029	-0.0748525829	-0.0590165264	0.0928466907	-0.025188558	0.1165509037	-0.1087817095	-0.0143443595	0.0356300311	-0.0176568455	0.0275383495	-0.0448446583	-0.0301805591	0.1322221862	-0.0057919189	-0.0885233606	0.0021826035	-0.0565497001	-0.1376713415	0.0883998817	-0.1174924111	-0.0483895968	0.1689576117	-0.036283433	0.0532683787	-0.0209329416	0.039389354	0.0149882302	0.0584597478	-0.1579837612	-0.092244874	-0.049498588	0.0170803685	0.0088016666	0.0149347716	-0.0131782016	0.0282283357	-0.042789109	0.0039993118	0.0046912737	0.0044916301	-0.0036749541	0.0463733581	0.0676862507	-0.033342805	-0.0225585324	0.0281469095	-0.0607160487	-0.0106012123	0.0187275618	-0.0041885875	0.0105061966	-0.017890998	0.0256197621	0.0123989615	0.0115285778	0.0471869279	-0.042504596	-0.0911287655	-0.0517055788	0.037674825	0.0906543325	0.1108010310113343	0.0037029035582919	1.371149476201086e-05	0.0122768684731746	0.0133995596921039	-0.0211273440519335	0.0001795481999422	0.0004463646666887	0.1832502379105705	0.0578645042011203	0.0033483008464414	0.0335806496942806	0.0030759517404802	0.0002416452183682	5.8392411560263385e-08	9.461479109763173e-06	-0.0009710739471151	-0.0002337261860583	5.462793004935909e-08	9.429846107657e-07	0.0009289962804234	0.0001149489782972	8.630340890405123e-07	1.3213267611570156e-08	0.0	0.0	0.0	0.0	0.0	0.0	0.0	0.0	0.0	0.0	0.0	0.0	0.0	0.0	0.0	0.0	0.0	0.0	0.0	0.0	0.0	0.0	0.0	0.0	0.0	0.0	0.0	0.0	0.0	0.0	0.0	0.0	0.0	0.0	0.0	0.0	0.0	0.0
808.6045841465145	-2.901632314871904	8.419470090708883	653841.3735027576	931.4264081447616	-9.686850602377833	867555.1537894519	93.83507459278776	771.3932587202647	-0.1451602659915352	0.0210715028227332	595047.5595990693	773.4340439102656	658.3835537199066	0.87756	30.460266	0.0737950891617707	0.0459692819649446	0.0095607714	0.0076227967	0.0738029068	-0.0557612352	0.0932805498	-0.0251119838	0.0328843872	-0.0862963577	-0.061183597	0.0420794994	0.0364724801	0.0173260684	0.0045497261	-0.0028380507	-0.0280895346	-0.0392893453	-0.0500962456	0.0662617297	0.0186190212	0.0126256019	-0.0362154269	0.0619599746	-0.0025930913	0.0515608769	0.0974841078	0.00367467	0.0653450982	-0.0035607715	-0.0955632209	0.0661112038	-0.0735749634	0.0641361903	-0.0084713255	-0.0474746829	-0.0189032382	0.0085069106	-0.0523032016	0.0087408117	-0.0581776968	0.0288588207	-0.0117330463	0.0168833118	0.0414697726	0.0925121358	0.0008456854	-0.0075236453	0.0243853222	-0.1146761327	0.1472640439	-0.0416669822	0.1081760459	0.0388295236	-0.0072683181	-0.1124540361	0.0319110219	-0.018564917	-0.019013953	-0.0289326059	2.72544e-05	-0.003334053	-0.0444331234	-0.0893931407	0.0457698646	0.0235238792	-0.0051915776	-0.1594905257	0.0324760987	0.0258184648	0.0311020728	0.0229775251	0.020008912	-0.0514093308	0.0001970329	-0.0186938074	-0.0292013601	-0.0582522333	-0.0987036131	0.0245379017	-0.0126508111	0.0355469928	-0.1811857912	-0.0129112774	-0.0210594085	0.0322053803	0.0713038664	-0.0110104084	-0.0892937692	0.0185829022	0.0525032577	0.0065728229	-0.0126744452	0.0797965865	-0.0174863875	-0.0027046466	0.0130233059	-0.0159397804	0.0602474454	0.0276111972	0.0119029891	-0.032120492	0.0610302434	-0.0064664325	0.0443278181	0.0140725013	-0.0134667487	0.0502978341	0.0648463283	-0.0319435716	-0.109100614	0.1140491837	-0.0316510758	-0.0922223174	-0.1215901014	-0.0609607118	-0.0702423781	0.0795618433	0.0245753195	-0.0134445254	-0.0710993608	0.0038524434	-0.0840189846	0.0735577149	0.0536555753	0.0575028403	0.1225579178	0.0744112671	0.047731013	-0.0247867856	0.0537391231	0.1005172726	0.0078582571	-0.0704173989	-0.0070958152	-0.0518812768	0.0963684522	0.0070861742	0.0667587018	0.0100650983	0.0931016377	0.1198914387	0.0340344043	0.0613126933	0.0176471763	-0.0056496461	0.0225883689	-0.0075277768	0.0223145867	-0.0358597692	-0.0190934179	0.017343124	-0.0289257246	0.023841688	0.0746948344	0.084845629	-0.0006724801	-0.040577959	0.011103397	-0.0422235273	-0.0139616544	-0.0059906639	-0.0133619307	-0.0183524211	-0.032388194	0.0291778684	-0.0162460545	0.01603606	0.0461599916	-0.0446048127	-0.0912694965	-0.047697375	0.0430324377	0.0912167139	0.1131500953201793	0.002349064308845	5.518103127089452e-06	0.0128029440709656	0.0300631554187873	0.0166635957266834	0.0009037933137341	0.0002776754225423	0.2078542659042028	0.0246040279936323	0.0006053581935114	0.043203395854575	0.0025209355879244	-0.0005550161525558	3.080429295978433e-07	6.35511623846374e-06	-0.0009313422294394	3.97317176757e-05	1.5786093894615314e-09	8.67398348337152e-07	0.0009201761280027	-8.820152420699963e-06	8.467241065460413e-07	7.779508872437942e-11	0.0	0.0	0.0	0.0	0.0	0.0	0.0	0.0	0.0	0.0	0.0	0.0	0.0	0.0	0.0	0.0	0.0	0.0	0.0	0.0	0.0	0.0	0.0	0.0	0.0	0.0	0.0	0.0	0.0	0.0	0.0	0.0	0.0	0.0	0.0	0.0	0.0	0.0
808.0996307741527	-0.5049533723617969	0.2549779082595516	653025.013257322	933.6545950635916	2.2281869188300334	871710.9028833592	4.9648169452452775	771.1416710832173	-0.2515876370474643	0.0632963391151266	594659.4768810169	773.725057782918	656.862685154859	0.903505	31.360823	0.0684329407399953	0.0340099833176391	0.0148003594	0.0075271858	0.0794925731	-0.013109752	0.0596452983	-0.0039057882	-0.023839249	-0.0335517292	-0.062849036	0.0165539109	0.0315960439	-0.0184403421	-0.0092083611	0.0141345004	-0.0301674956	-0.0774720196	-0.0930498232	-0.033100527	0.0136478746	6.30032e-05	0.0127142968	-0.0145264716	0.0125402783	0.0238942328	-0.0489930395	0.0086601244	0.0345323018	-0.0169387714	-0.0155077888	-0.0422483167	-0.1257790287	0.0807009792	0.0828188291	0.0286079804	0.1030140129	0.0023814849	0.0553221051	0.0203458557	0.0007979614	0.0937754892	-0.1059797417	0.0265469218	-0.1074928253	-0.0147674457	-0.0179006493	-0.0438656145	-0.0585807045	0.0185454007	-0.0382294496	0.0996544075	0.0967484405	0.1371090093	-0.0923574344	-0.0898940244	-0.0276328133	-0.0321820168	-0.0574376926	-0.0350952927	0.0120337301	0.038800654	0.0478810008	0.0355141469	0.0145728623	0.0542465022	0.0270440653	0.0734042459	-0.0184172372	0.0106240368	-0.0592089976	0.0438821064	-0.0183442752	0.0436069016	-0.0810384527	-0.0286045877	-0.0587785713	0.0117716118	0.0405582392	0.080758867	0.0142504869	0.1231701637	-0.0162033034	-0.0060753009	-0.0098069818	-0.0076576879	-0.0150683743	-0.0092192829	-0.0005091218	-0.0255442852	0.0018117334	0.0183749438	0.0845906847	0.1171284235	0.0554181445	0.0224566945	-0.0369694315	-0.0168980262	-0.0277928425	-0.0172635399	0.043615958	0.0174563364	-0.0715744568	-0.0143576452	-0.0067042877	0.0694091066	0.0182552193	-0.0008282262	0.0444608568	-0.0247829439	-0.067328262	0.0529039316	-0.0186294507	0.1344821506	0.0328271867	-0.0655733189	0.0838950666	-0.0840568931	-0.0173990679	0.0662670243	-0.0455182546	-0.0064018112	-0.1285743891	0.0537349514	0.084616591	-0.1758720705	-0.0105728888	-0.0118770621	0.0863698186	0.0064312981	-0.0342725587	-0.0188153241	0.064918808	0.0786086821	-0.0203215544	0.082549383	0.0627094492	-0.0377921388	0.0422027708	0.0244805489	-0.0484792173	-0.0022112055	-0.1309534172	0.0323674182	0.0146615554	-0.0104121677	0.0196397789	-0.0236816897	0.0413158908	-0.0218290061	-0.0421092507	0.0229942449	-0.0350199199	0.0239656393	0.0666367324	0.0461609674	0.0337893576	-0.0643981873	-0.0039530756	0.049218223	-0.0089659206	-0.0614366907	-0.0765163453	-0.0303317789	-0.0518631611	-0.003215471	0.0017058576	-0.0040733705	0.0451251461	-0.0466744595	-0.0912694965	-0.0435584361	0.0482057789	0.0912167139	0.1072731982143295	-0.0058768971058498	3.4537919592745835e-05	0.0115075390551308	0.0565821865975522	0.0265190311787649	0.0032015438401602	0.0007032590146603	0.2132523097098584	0.0053980438056555	2.9138876927776675e-05	0.0454765475965893	0.0029110358185641	0.0003901002306397	1.5217818994514718e-07	8.474129536963159e-06	-0.0009303407612826	1.001468156800042e-06	1.0029384690844733e-12	8.655339321038877e-07	0.0011418538022007	0.0002216776741979	1.3038301056001952e-06	4.9140991237834606e-08	0.0	0.0	0.0	0.0	0.0	0.0	0.0	0.0	0.0	0.0	0.0	0.0	0.0	0.0	0.0	0.0	0.0	0.0	0.0	0.0	0.0	0.0	0.0	0.0	0.0	0.0	0.0	0.0	0.0	0.0	0.0	0.0	0.0	0.0	0.0	0.0	0.0	0.0
807.4819052022763	-0.6177255718764627	0.3815848821501029	652027.0272290979	927.6875059082852	-5.967089155306439	860604.1086183346	35.606152987375715	769.9814234326902	-1.160247650527026	1.346174610553484	592871.3924314318	772.048748081328	649.8692794778427	0.926864	32.171612	0.1600192028009701	0.0777846984193362	0.0168278005	0.0111616563	0.1013110538	0.000865101	-0.0223161275	0.0347902006	-0.0049531124	0.0118752755	-0.0935761385	-0.0093398868	-0.0171831542	0.0312793819	0.0087631513	-0.0116501259	0.0466115265	-0.0343534246	0.0216983203	-0.0561067397	0.0258733363	0.0411878422	0.0243642749	-0.0002738213	0.0067856281	-0.008595003	-0.0156179958	-0.0115101875	0.0219218404	-0.0502183763	0.0631731764	-0.0799183894	0.0054233255	0.0312187245	0.0747382422	0.0149988621	0.1043685178	0.0697836615	-0.1366301172	-0.043664114	-0.0459349896	-0.1068059084	-0.0503042868	0.0257703706	0.0220724887	-0.0519909793	-0.0034630096	-0.0388121284	0.0615498978	0.0902228501	0.0394329048	0.0440817933	0.035208175	0.0239200484	-0.0072514639	0.1628768236	0.0061888112	0.1182085606	-0.0136005466	-0.0202745812	-0.0235832537	0.0316642542	-0.0748620954	0.0319663905	-0.0041361553	0.0028541341	0.051295535	-0.147077411	-0.0126684207	0.072600167	-0.0289304985	-0.0389084693	0.0324653693	0.0785176078	-0.0215829519	0.0565178526	0.0774509185	-0.0034273741	0.0315010423	-0.0275017461	0.0328121667	0.0736310878	0.0381912585	-0.0274933676	-0.0412864295	-0.035919144	-0.0069473808	0.0136417446	0.0468566456	0.0073071884	0.0227169953	0.0136479635	-0.0058083542	0.028408348	-0.0019562239	0.0145754551	-0.0848828913	-0.0026733398	-0.0292622701	0.014947541	0.0386889448	0.0614905202	-0.0582225523	-0.1114013121	0.0371635403	-0.0769566515	0.1011421179	-0.019124879	0.0360134416	0.0551070001	-0.025978121	-0.0633179724	-0.0122208458	0.0019271393	0.0775779793	0.00127122	-0.0295486874	0.0542656091	0.0081003048	0.0255433131	0.0788118768	-0.0276978918	0.0444876129	-0.0064741223	0.1371517633	-0.0045942962	-0.0074105249	-0.0252423724	0.0531989033	-0.0762558179	-0.0346390751	-0.0513851455	-0.0372976297	-0.1023423558	0.023166412	-0.0643555116	-0.0229425634	-0.0415953168	0.0532234734	0.0102339404	0.0348405116	0.1036010885	-0.0713605437	-0.1000826335	0.0164819785	-0.0077886834	0.0443391783	0.0030274207	0.0325880052	-0.0586092973	-0.0239828816	0.0551969441	-0.027400433	-0.0327257601	0.0233807643	-0.0104546346	0.0823941049	0.0092847163	-0.0538615184	0.1043745762	-0.0603788036	-0.0833203824	-0.0294153591	0.0408760261	-0.0125023364	-0.0471532871	-0.0498812572	0.0064599322	0.0440825686	-0.0487121179	-0.0911287655	-0.0393001065	0.0531726956	0.0906543325	0.056104761780702	-0.0511684364336275	0.0026182088870621	0.0031477442944693	0.0559087042217925	-0.0006734823757597	0.0031257832077598	4.535785104589353e-07	0.1903318157339555	-0.0229204939759029	0.0005253490440994	0.0362262000805843	0.0023701105639895	-0.0005409252545745	2.9260013103659575e-07	5.617424085534626e-06	-0.0004469539828171	0.0004833867784655	2.3366277759525442e-07	1.997678627560685e-07	0.0004610300349272	-0.0006808237672734	2.1254869310497526e-07	4.635210020844808e-07	0.0	0.0	0.0	0.0	0.0	0.0	0.0	0.0	0.0	0.0	0.0	0.0	0.0	0.0	0.0	0.0	0.0	0.0	0.0	0.0	0.0	0.0	0.0	0.0	0.0	0.0	0.0	0.0	0.0	0.0	0.0	0.0	0.0	0.0	0.0	0.0	0.0	0.0
807.8109566100874	0.3290514078111073	0.1082748289824716	652558.5416193045	928.0886022908118	0.4010963825265889	861348.4537021125	0.1608783080759157	771.1970721884559	1.215648755765642	1.4778018973945533	594744.9241520464	773.207773621645	645.1604593212845	0.8910099999999999	30.927111	0.0792790589590617	0.0396664056875998	0.0057005384	0.0144158177	0.0958050022	0.029014549	-0.0536499092	0.0577093753	-0.0180660337	0.0132426482	-0.0633520154	0.0171230201	-0.0183373274	0.0418030783	-0.0452411616	-0.0346965253	0.0231095259	-0.0430407381	0.0234782249	-0.0144337233	0.0159402397	0.0249776978	-0.0268525354	-0.0182073335	-0.0002376793	-0.0122272072	0.0637064383	0.0300682712	-0.0060551051	-0.0557060242	0.0680687236	-0.0473303296	-0.0679805547	0.0407858173	0.0240434956	-0.0607752318	-0.0615935985	-0.0121350686	-0.0518008576	0.0427763439	-0.0176495109	-0.0291748185	0.0356155029	0.1083429087	-0.0594496108	0.0232835433	-0.0036071418	0.0014512875	-0.0342428764	0.0995112469	0.1942370663	-0.0379320585	0.0155599174	0.0634772188	0.0487439485	-0.0483193053	-0.0050276752	-0.1135209436	0.0548675394	-0.0443906527	0.1005796001	-0.0619426758	0.0178585748	-0.003458585	-0.102997002	-0.0474413646	0.0175396699	0.1228975463	-0.0260374774	0.0342404318	0.0655683344	-0.0611813542	-0.0182255874	-0.0862828234	0.0465829887	0.0075279494	-0.0436746313	-0.0263823758	-0.0384726651	0.0385851125	0.0182301964	0.005339708	-0.0013667718	-0.0160636215	-0.0226778116	0.0089816441	-0.0040355608	0.0009542037	0.0300196559	-0.0080387143	0.0796443765	-0.0183528635	-0.0604019551	0.0068034851	0.0273007461	-0.0038422869	-0.0658215804	-0.0544978759	0.0326249618	0.0126354491	0.0446112492	0.0778765515	-0.0180480577	-0.0408100115	0.1003519214	-0.0163463344	0.0459233959	-0.0025554178	-0.0355780559	-0.1322048672	-0.0041230254	0.0336589742	-0.1006561834	0.0384234298	-0.0546204958	-0.0085285218	0.0112248244	-0.0296729722	0.012841221	-0.0668594888	0.0104399459	0.0175024707	-0.0072153714	-0.1233226612	-0.0206531503	0.0675210754	-0.0898469101	0.0808483532	-0.0304587011	-0.0581095665	-0.0182089457	0.1024127459	0.0793935038	0.0626990027	-0.037410129	-0.0488897697	0.1254347084	0.0301656366	-0.0531988891	-0.0135354807	-0.028142726	-0.0419000117	0.037820799	-0.0273742815	0.0095921109	-0.0061377249	0.0367124104	0.0151980133	0.0407568973	-0.0682784845	0.0027248338	0.058718177	-0.0173771134	-0.0330724484	0.0418001193	0.0273578208	0.0768531381	0.0519975373	-0.0366356753	0.0241179565	-0.0613892891	0.0337809688	0.0465894393	0.0752094881	-0.0030437859	-0.0071782476	-0.0420066036	-0.0010900175	0.0430324377	-0.0507163915	-0.0908475206	-0.034934058	0.0579119187	0.089533037	0.0384031340121424	-0.0177016277685596	0.0003133476256566	0.0014748007019545	0.029192557141215	-0.0267161470805775	0.0008522053924431	0.000713752514831	0.1754217397059108	-0.0149100760280447	0.000222310367162	0.0307727867614483	0.0025150726066654	0.0001449620426758	2.1013993816769433e-08	6.3255902167986895e-06	-0.0005231443433098	-7.61903604927e-05	5.8049710320075805e-09	2.7368000393704186e-07	0.0002831582764582	-0.0001778717584689	8.017860952677845e-08	3.1638362460854266e-08	0.0	0.0	0.0	0.0	0.0	0.0	0.0	0.0	0.0	0.0	0.0	0.0	0.0	0.0	0.0	0.0	0.0	0.0	0.0	0.0	0.0	0.0	0.0	0.0	0.0	0.0	0.0	0.0	0.0	0.0	0.0	0.0	0.0	0.0	0.0	0.0	0.0	0.0
807.0670542284885	-0.7439023815989003	0.553390753348516	651357.23002105	931.8363722470472	3.747769956235402	868319.0246425375	14.045779644860708	770.5889283748636	-0.6081438135922781	0.3698388980105594	593807.2965339207	773.2704949817519	654.3550260556888	0.872413	30.281601	0.122706778817834	0.0626952888201172	0.0216711926	0.0200277855	0.0666843228	0.0070245198	0.0142849948	0.0186224554	0.0009526888	-0.0257895997	-0.0698316906	0.04530002	0.0075838749	0.0014349286	-0.0010751245	-0.0243235189	0.0380251458	0.0047715377	0.1247325452	0.002771833	0.0216451084	0.0421499766	0.0019690776	-0.0065229148	0.0293380889	-0.0367424535	0.0847301529	-0.0790504283	0.0808314363	-0.0150148828	-0.0299544743	-0.0507004447	-0.0081860061	0.0228901886	-0.0959187355	0.0024154684	-0.0159690114	0.0408986832	0.0080434818	0.0507441738	0.0423996383	-0.0629744593	-0.04417303	-0.0423368796	-0.052827092	0.0062818478	0.0965970167	-0.014116775	-0.0282773821	0.1028012904	0.0170404067	0.0663736868	-0.0133888565	-0.1113071618	-0.0415653214	-0.0297106046	-0.1155650789	-0.0001746659	-0.0336222146	-0.0392650428	-0.0538351576	0.0786035553	-0.0153583937	0.0592099669	-0.0784893701	0.0587114909	0.0326803558	0.019605657	-0.0908288686	-0.0475343377	0.0187378626	0.0939488888	-0.0130583851	-0.0193284745	0.0246410142	0.017034598	0.0185519597	0.0498321254	0.0885850672	-0.0680377695	-0.0871895098	-0.0932896947	0.0117464492	-0.0220793439	-0.0445678964	-0.0109618361	0.0020465151	-0.0051177477	-0.0489201597	0.0080429267	0.0823328847	-0.0325276679	-0.0556174397	0.0030370898	-0.0282195922	0.071712884	-0.0415722982	0.0495959081	0.0860914334	-0.0270239969	0.0341886292	0.0028708946	0.0294717284	-0.0056627176	-0.0082356892	-0.050778706	-0.0312395704	-0.0631209764	-0.0015551638	0.0554081924	-0.0091162861	-0.0840019041	-0.0077361822	0.0813065436	0.0276757169	0.0868429034	-0.0459268774	-0.0714344424	0.0010188932	0.0556601207	-0.0027287182	-0.0319476812	0.0160561361	-0.0311807136	0.036389045	-0.0704704653	-0.099794106	-0.0305350008	-0.0217720635	-0.021554706	0.0077684736	-0.0132717534	0.0153426581	-0.1162188619	-0.0052332986	0.0634615938	0.0141709041	0.1110851972	0.0948734528	0.0066142511	0.0095112859	-0.1141469206	0.0625818813	0.1062337509	0.0093261254	-0.0256910529	0.032710827	0.0056450274	0.0193328622	-0.0451675721	-0.0126484983	0.0233888176	-0.0205100305	-0.0197604466	0.0408158085	0.0234997024	0.0591738219	0.0762905456	-0.038489725	-0.0110867618	-0.0370264378	-0.0344381882	0.0217921124	0.0698322302	-0.0256748593	0.0367584791	-0.0462476186	0.0123782998	0.0419749335	-0.0526859066	-0.0904261954	-0.0304722578	0.062403154	0.0878597406	0.0560944381882393	0.0176913041760969	0.0003129822434511	0.0031465859956541	0.0557630641415869	0.0265705070003719	0.0031095193224587	0.0007059918422568	0.219673697243806	0.0442519575378952	0.0019582357459356	0.0482565332607633	0.0021830824917412	-0.0003319901149241	1.102174364073834e-07	4.765849165746967e-06	-0.0003489971961581	0.0001741471471517	3.032722886107585e-08	1.2179904292621532e-07	0.0004608812164517	0.0001777229399934	2.1241149567799877e-07	3.15854433999332e-08	0.0	0.0	0.0	0.0	0.0	0.0	0.0	0.0	0.0	0.0	0.0	0.0	0.0	0.0	0.0	0.0	0.0	0.0	0.0	0.0	0.0	0.0	0.0	0.0	0.0	0.0	0.0	0.0	0.0	0.0	0.0	0.0	0.0	0.0	0.0	0.0	0.0	0.0
808.1066122529195	1.0395580244310167	1.0806808861589183	653036.2967668903	934.9801105024036	3.143738255356425	874187.8070350868	9.883090218191455	771.9058420461906	1.316913671327029	1.7342616177280343	595838.6289850386	774.4382904721002	646.103757718135	0.885403	30.732481	0.1528707742702751	0.1165253613094908	0.0273306863	0.0420128699	0.0797430844	0.0159012529	0.029096826	-0.0205527085	-0.0299807054	-0.0489691491	-0.0497612336	-0.0205180514	0.0005387634	0.0455821776	0.0030633931	-0.0314022438	-0.0164155738	-0.0049222446	-0.0002776367	0.0382988327	-0.0013638201	0.020935861	-0.0152886736	0.0156824808	0.0129582406	0.0636373738	0.0908324826	-0.0068191209	0.076498867	-0.0285312326	-0.0892750236	-0.0220982864	0.0080133595	0.0974277762	-0.0054906708	0.0821720823	-0.0024747313	0.0413344979	-0.0126417599	-0.0818643499	0.0257546482	-0.053897534	-0.0162404987	0.0241517104	0.0613456164	-0.050662488	0.0631579507	0.0850947893	0.0860067551	0.0048467495	-0.0338532595	-0.1596216882	0.0066773085	0.0459006705	0.0900534502	-0.0021954002	0.0123479671	0.0009246176	0.1650191233	0.0383266266	-0.0012384087	-0.0187587276	0.0060599997	0.0119453172	-0.0549787126	-0.0326125722	0.0236891826	0.0550980406	0.017555384	-0.0141973956	0.0569457311	-0.0346476077	0.0228147566	0.0044146458	0.045204374	0.0183108801	-0.0781711316	-0.1197437468	-0.0238647241	-0.0645983605	-0.0316549916	-0.1563280795	0.0539996456	0.0197176435	-0.0294235415	0.0101217314	0.0168786238	-0.0181294226	-0.0874726372	0.0187397472	0.0340111629	0.0058185886	-0.0175278401	0.108286784	-0.0502565625	-0.0264632026	-0.0351625131	-0.0235191748	-0.0016508583	0.0189893285	0.0154420152	-0.1132932329	-0.0260125143	-0.0257103164	0.023342834	-0.055719987	0.0773731994	0.0591666245	-0.0121370056	-0.0116347476	-0.0002737439	-0.0056234669	-0.1005279137	-0.0789159254	-0.017709742	0.0976973234	-0.0441116659	0.0538883066	0.0167193035	-0.0241021014	0.1160019678	0.0764737968	-0.0121223979	-0.0186993868	0.0018444199	0.0995197132	0.0037067653	-0.0082912076	-0.0241977239	0.0853275017	0.1468924704	0.0209271563	0.0091204358	0.0210387064	0.0427206361	-0.0225416262	-0.0517411245	0.086386847	0.0160491915	-0.0447664969	-0.0282257536	0.0471856988	0.0746286602	-0.0869822585	0.0059602396	-0.0212409368	0.0139324303	-0.0111334599	0.051188301	-0.0060502239	-0.0006091816	0.033652185	-0.0382489339	0.0082969404	0.0713104304	0.0706808149	0.0444166918	-0.0069933212	0.026570886	-0.0215044997	0.0868284328	0.0088571559	-0.0226620708	0.0545173272	0.0054560585	-0.0037218531	-0.0433046124	-0.0149036789	0.0409102371	-0.0546193134	-0.0898654396	-0.0259269352	0.0666271694	0.0856447597	0.0560626598536941	-3.177833454520024e-05	1.0098625464666666e-09	0.003143021829871	0.0106402745213927	-0.0451227896201942	0.0001132154418905	0.0020360661431083	0.2197321557512168	5.845850741079128e-05	3.4173970886975395e-09	0.0482822202710769	0.0041730660690862	0.001989983577345	3.9600346381028025e-06	1.7414480416958547e-05	-0.0002526788713859	9.63183247722e-05	9.277219686922994e-09	6.384661204485219e-08	0.0003940281624064	-6.685305404529999e-05	1.5525819276936437e-07	4.469330835183802e-09	0.0	0.0	0.0	0.0	0.0	0.0	0.0	0.0	0.0	0.0	0.0	0.0	0.0	0.0	0.0	0.0	0.0	0.0	0.0	0.0	0.0	0.0	0.0	0.0	0.0	0.0	0.0	0.0	0.0	0.0	0.0	0.0	0.0	0.0	0.0	0.0	0.0	0.0
808.9361589288084	0.8295466758888779	0.688147687478287	654377.7092224943	935.2539903017808	0.273879799377255	874700.0263754036	0.0750101445069254	771.759057442149	-0.1467846040416134	0.0215457199836532	595612.0427439943	774.1628381733767	657.5728428841825	0.885734	30.744001	0.0877384322642946	0.045146674000115	0.0265672563	0.027314329	0.0547455969	0.0196877705	0.0240329438	0.0098907143	-0.0537432978	0.0476640043	-0.0400065342	-0.0244023379	0.0139972703	-0.0039571772	0.007598176	-0.0187318815	-0.0377919929	-0.0057769015	-0.0496390212	-0.0005510369	0.0125358865	0.0040800973	-0.0188811643	-0.0338372877	0.0082085507	0.0034608272	-0.0021563462	-0.0417163445	0.0732133922	-0.0287660046	0.0316396091	-0.0710232454	-0.1283662258	0.0226263775	0.0676991777	0.0031015605	-0.0051456139	-0.047048753	-0.1068340179	-0.1205452077	-0.0170931617	-0.1220910072	-0.0129442514	-0.1068784117	-0.0309539519	0.0782461251	-0.1534944138	0.0032425409	-0.0488346939	-0.0086769166	0.0225270509	-0.0185329706	-0.0809511818	0.0259363443	-0.1051274382	0.0324180466	0.0488497434	0.0337573753	-0.0424308241	0.0432164185	0.0043920604	0.0154294663	0.0144316433	-0.0860389	-0.0100664723	0.0896570955	-0.0562410155	0.032333851	0.0201046871	-0.0271489449	-0.0237668071	0.0315734127	0.0796959817	-0.1594730538	0.0430959253	0.019027696	0.0365057892	-0.0256355177	0.0955348234	-0.0059067518	-0.0795363478	0.061030145	0.0773161269	-0.0059351368	-0.013566817	0.0044957867	-0.032046166	0.0023477821	0.0376283675	-0.0238064301	0.049142545	0.0213403825	0.0471052013	0.0964017903	0.0257193505	0.0355054243	-0.0985561697	-0.0159327365	0.0222041888	0.0163103934	-0.0079028464	0.0262485508	0.1159312221	-0.011133187	0.029881756	-0.0292505717	0.0601740968	0.0516984751	-0.002999218	0.143395298	0.0334178843	0.0133543715	0.0273237267	0.0067566289	-0.008992126	-0.1354143202	0.0927391548	0.0194811623	0.1089739544	0.088216846	0.0645221821	0.0177222894	0.0086847354	-0.039659935	0.0585401639	0.0602936189	0.0900107073	0.0216594042	-0.0167238147	0.0001984094	-0.0368363852	-0.0205091646	-0.0743151661	0.044347627	0.120910542	-0.0413476259	0.0355564003	-0.0355061289	-0.0903398281	0.0475944695	-0.0110216226	0.0036052345	0.0980881642	0.0505891303	0.010173168	-0.0170293222	0.0255847563	0.0006811656	0.0287996765	-0.0352570745	-0.007022124	0.0270364812	-0.0324531873	-0.0108083438	0.0418453683	0.023106174	0.0578955694	-0.0367627276	-0.0199640177	0.104606294	0.0464777363	-0.019499889	-0.0104293076	-0.0301164117	-0.026762518	-0.0198889793	-0.0610442115	0.0017634943	0.0398385309	-0.0565152869	-0.0891661178	-0.0213105486	0.0705658771	0.0829017503	0.0560943774277404	3.171757404629716e-05	1.0060045033823432e-09	0.0031465791790057	0.0254455063733161	0.0148052318519234	0.0006474737945944	0.0002191948901892	0.1823848085112018	-0.0373473472400149	0.0013948243458662	0.0332642183756677	0.0036330881853194	-0.0005399778837667	2.915761149572716e-07	1.3199329762307411e-05	-0.0003566630959528	-0.0001039842245669	1.0812718958779493e-08	1.2720856401463624e-07	0.0004611487660389	6.712060363249999e-05	2.1265818441920013e-07	4.5051754319911714e-09	0.0	0.0	0.0	0.0	0.0	0.0	0.0	0.0	0.0	0.0	0.0	0.0	0.0	0.0	0.0	0.0	0.0	0.0	0.0	0.0	0.0	0.0	0.0	0.0	0.0	0.0	0.0	0.0	0.0	0.0	0.0	0.0	0.0	0.0	0.0	0.0	0.0	0.0
811.3013909243438	2.365231995535396	5.594322392704352	658209.9469157748	935.3965053365688	0.142515034787948	874966.6221958656	0.02031053514061	770.2954225992027	-1.4636348429463624	2.142226953486623	593355.0380772842	772.2905238390549	657.4272438609883	0.908201	31.523834	0.0416486620973676	0.0268835326332563	0.015187563	0.00891713	0.0208730689	0.0364018328	-0.0870252571	0.0537102525	-0.0317914374	0.0493735845	-0.0342308868	-0.0266481696	-0.0384533683	0.0422175617	0.0320926645	-0.0030658179	0.0126223519	-0.0065968234	0.0124621791	-0.02074574	0.017550483	0.0266146782	0.0118617505	-0.0316950085	0.0230583768	-0.0623107996	-0.0396909889	-0.0004787007	0.0381445386	-0.0594828328	0.0689876415	-0.0477559336	-0.0224659369	0.0034621808	0.0042806456	0.0020804549	-0.1289313188	0.0449656644	-0.0598800571	-0.0731430154	0.0423686415	-0.0709216026	-0.0082492351	0.0792421183	0.0269062772	-0.0601938754	0.0163199052	0.0201418643	0.0570324193	-0.0299234816	-0.0313043109	0.0252521392	-0.0639423103	-0.0646128363	0.0099329481	-0.0884540811	0.0059262158	-0.0253871034	-0.0524129982	0.0729674039	0.0845397393	-0.1030667274	-0.1433480909	-0.0181397775	0.1280539948	-0.0604108054	0.000765863	-0.0425858461	0.0225745383	-0.0681505394	-0.0322042619	0.020512322	-0.0131688503	1.53834e-05	-0.039998785	0.0713862612	-0.1650745538	-0.0337719435	-0.05846301	0.0641333084	-0.0845584863	-0.1223070222	-0.043157197	-0.0149142504	-0.0322181585	-0.0307698092	-0.0427347958	0.0184624263	0.0748253687	-0.0037598052	0.0277152111	0.0237132552	-0.0200960366	-0.0193587458	-0.0008303647	0.01977082	-0.0735373261	0.0200734763	-0.0237449446	-0.0242838688	0.0239194452	0.0101742204	0.0044633134	0.071924446	0.1002358374	-0.1651458743	0.0303455197	-0.0044372026	-0.0260992127	0.0449263317	-0.0651485908	0.0473475881	-0.0219664939	-0.0168000528	0.0461383928	0.0992298941	-7.16385e-05	-0.0137948568	0.0245726218	-0.0494623801	-0.0613965935	0.0069369888	0.0367022209	-0.0010463429	-0.0198720917	0.0089041017	-0.0039509566	0.052220196	-0.1249597901	0.0937579428	0.0170009044	-0.0034746095	0.0163292729	-0.0768616291	0.0023401148	-0.0386093017	-0.0339992196	-0.0470781773	-0.0755212347	-0.0131745907	0.0180320292	-0.0337821956	-0.0543060968	-0.0483742762	0.0059654437	-0.0152018441	0.0231502859	0.0129683424	0.0102332503	-0.0448174946	0.0026406701	0.0084164591	0.0030912584	-0.0493914791	-0.0058176654	-0.031332563	0.0583144235	0.0605694227	-0.0353069198	0.0376876944	-0.0112795071	-0.0318716002	-0.0150175223	0.0751094122	-0.0196043357	-0.0342705504	0.0066256031	-0.0220045388	0.0387599986	-0.0583725276	-0.0883293083	-0.0166357513	0.0742024108	0.0796476241	0.0562353853353272	0.0001410079075868	1.9883230002008342e-08	0.0031624185638127	0.02872503103805	0.0032795246647338	0.0008251274081369	1.075528202659799e-05	0.1842680002881138	0.0018831917769119	3.5464112686289214e-06	0.0339546959301803	0.0031881200877502	-0.0004449680975692	1.9799660785435322e-07	1.0164109693916342e-05	-0.0005763651083108	-0.000219702012358	4.8268974234154786e-08	3.3219673807812026e-07	0.0003989201210034	-6.22286450355e-05	1.591372629413673e-07	3.872404262954259e-09	0.0	0.0	0.0	0.0	0.0	0.0	0.0	0.0	0.0	0.0	0.0	0.0	0.0	0.0	0.0	0.0	0.0	0.0	0.0	0.0	0.0	0.0	0.0	0.0	0.0	0.0	0.0	0.0	0.0	0.0	0.0	0.0	0.0	0.0	0.0	0.0	0.0	0.0
811.5176028933927	0.2162119690489135	0.0467476155600083	658560.8198058382	930.6352106987024	-4.761294637866399	866081.8953922183	22.669926628575325	769.6576948094546	-0.6377277897480553	0.4066967338169399	592372.9671794035	770.9520717945702	663.5860538031363	0.872882	30.297886	0.0597353411579658	0.03432764630493	0.0258008308	0.0091486774	-0.0142419671	-0.007557569	-0.000378787	0.0089734147	0.0015382096	0.0306957182	0.0118316996	-0.0786446823	-0.0436088246	0.0567925026	-0.0614780562	-0.0284264525	0.038272384	-0.0029724631	0.0051591059	0.0516112227	0.0094691112	0.0409116122	0.016151031	-0.0276978401	0.0229788922	-0.004749402	0.0665505949	-0.0517172373	-0.0398499631	-0.0722525576	0.0937270461	0.0508693732	0.0531133507	-0.023846428	-0.0396378971	-0.0242916508	-0.0437018619	0.0317685533	0.020281779	-0.0337239347	-0.0185816824	0.0564503419	0.0569805706	0.053963704	-0.0297208316	-0.0110611493	-0.087461154	0.0186338788	0.0477158779	-0.0428767025	0.0059082366	0.0362499981	-0.0561089971	0.0231139338	-0.0331998832	0.0114985247	-0.0204986751	0.0380648999	-0.0454903135	-0.1352881111	-0.0025149996	-0.0416756021	0.0187954448	0.0711573518	0.0373631815	-0.0239728772	-0.0332102094	0.0233773801	0.0687334292	0.0249828889	-0.0456324717	0.0426689992	-0.060670802	0.0334402187	-0.00867735	-0.0112953794	-0.0717216028	-0.073191875	-0.0304704928	-0.1198287961	0.1290315494	0.0807133608	0.1120469033	-0.0084653898	-0.0334858588	-0.0217825163	-0.0348553098	-0.0034264046	0.0135504951	0.0143493796	0.0035248742	0.0639145271	-0.1247141161	-0.0761557546	-0.0077892917	-0.0064591649	0.0210663827	-0.0518498187	0.0259957263	0.0082588907	0.0115021889	-0.0182413905	0.007790425	-0.0132631849	0.0163711069	-0.0063745351	0.0035807087	-0.0105066358	-0.0395870303	-0.0517292488	-0.0079861129	0.0235688468	0.0086833799	-0.0024220252	-0.0465427582	-0.0833035306	0.0433241487	-0.002701779	0.0918555304	-0.0406662977	0.0226480943	-0.0171867565	0.0374026366	-0.0285244986	-0.0647662422	-0.0716526115	0.0501244053	-0.0256057924	0.0274265645	-0.0407046254	0.0941635733	-0.1239872104	0.0504295689	0.001946266	0.0655287397	-0.025507724	-0.0566002943	-0.0879686349	0.0024659092	-0.0016418041	-0.0431625045	-0.036661301	-0.0351916099	-0.0516073772	0.0032611097	-0.0288137451	0.0146453892	0.0142758641	-0.0062082625	-0.0170430725	0.0075890178	0.0178618987	0.0070359548	-0.0182507135	0.0072150024	0.0275063269	-0.0079347627	0.0563568796	0.0172893899	-0.0385163223	0.0012806127	0.0444031858	0.0231407116	0.064269903	0.0124727196	0.0236140676	0.0017410345	-0.0195376274	0.037674825	-0.0601897627	-0.0873563013	-0.0119153566	0.0775211985	0.0759024438	0.0816595851135844	0.0254241997782571	0.0006463899343647	0.0066682878409227	0.0408025783141567	0.0120775472761067	0.0016648503970828	0.0001458671482065	0.1844092687513807	0.0001412684632668	1.995677871379063e-08	0.0340067784014189	0.0028651236358076	-0.0003229964519425	1.043267079675083e-07	8.208933448463361e-06	-0.0005198397157184	5.652539259239997e-05	3.195120007724946e-09	2.7023333003818696e-07	0.0004612447892751	6.232466827170002e-05	2.127467556334314e-07	3.884364275177451e-09	0.0	0.0	0.0	0.0	0.0	0.0	0.0	0.0	0.0	0.0	0.0	0.0	0.0	0.0	0.0	0.0	0.0	0.0	0.0	0.0	0.0	0.0	0.0	0.0	0.0	0.0	0.0	0.0	0.0	0.0	0.0	0.0	0.0	0.0	0.0	0.0	0.0	0.0
811.2545158048237	-0.2630870885690228	0.0692148161717248	658133.8894137188	937.7605244029652	7.125313704262794	879394.8011285242	50.770095384155184	770.3324626056929	0.6747677962382568	0.4553115788402336	593412.1029441511	772.8014231141176	666.00501330555	0.834997	28.982904	0.0391740187682222	0.0237208319721499	0.0091846311	0.017483182	-0.0120434304	-0.0353426549	0.0628925551	0.0043253099	0.017949942	-0.0375622205	0.0299208495	0.0081889281	-0.0053964702	0.0184473438	0.0082218852	0.0003759442	0.0545163759	0.0344197348	0.0248384717	0.0160092805	-0.0024520802	0.027332155	-0.0113083646	-0.0203246731	0.0416828528	0.0048842593	0.1059124772	0.032840913	0.0117139278	-0.018816643	0.0082690952	0.0170930298	0.0358003541	-0.0326965372	-0.0570443613	0.1138148945	-0.0634115777	-0.0390676732	0.029846674	-0.0179706457	0.0231535517	0.0764371165	-0.0413836156	0.0480068147	0.0045536335	-0.0873684964	0.0952763981	0.0182913487	0.0406377501	-0.0059584218	-0.032305359	0.0323130627	-0.1042528597	-0.0007344979	0.0041975825	-0.0698594035	-0.0876559788	-0.0341625291	0.0148697984	0.075503122	0.0872551643	0.0345314958	0.0414724017	0.0110223564	0.1299656092	-0.0230808176	0.0295232298	-0.0305806678	-0.0049833527	-0.0316806062	-0.1313432939	0.1517947276	-0.0845220925	0.098613475	0.0981724666	0.1319955338	0.0869481458	-0.0150229787	-0.0498019919	-0.0098571817	0.1091091809	-0.0332076331	0.0375426434	0.0013753779	-0.0282133194	0.0081350756	-0.0168633459	-0.009859769	-0.0471406844	-0.0148370496	0.0464103125	-0.0081644404	-0.0812890178	-0.0553010703	-0.0185656665	-0.0321744868	0.0203578615	-0.0164132596	-0.0015476529	-0.018010054	-0.0523858593	-0.0460901322	0.0095363547	0.0301615763	0.011672316	-0.029257677	-0.0131326784	0.0895429292	-0.0397196193	0.0119177134	-0.0059965479	0.0469003555	-0.0162420468	0.0615503552	0.0249171295	0.0469320234	-0.0678648229	-0.0050290524	-0.053904377	-0.0148366836	-0.0261219571	0.0665063955	-0.0329913879	0.0032550599	0.0121695852	-0.1329594458	-0.0607133132	-0.0768325628	-0.0531712331	0.1533154993	-0.0433224351	0.0473578694	-0.0180971727	-0.0769632195	-0.015884495	0.0915120093	-0.0658178096	-0.0744817259	-0.0209358076	0.0295377612	-0.0432529543	-0.1367207403	0.0303961688	0.0071480179	-0.0033048143	-0.02192874	0.0087945475	0.0129560073	0.0033721112	-0.0232980883	0.0009607604	0.0150706891	0.0075196512	0.0204218938	0.0301540069	0.0634253404	-0.0158353979	0.0015864991	0.02883841	-0.0235892205	0.0204833484	0.0490662702	0.0166234248	0.0147883185	0.0028407504	0.0246457889	-0.0286244962	-0.0320227498	0.036583196	-0.0619657467	-0.0862485974	-0.0071623028	0.0805080284	0.0716892996	0.0815479256766735	-0.0001116594369108	1.2467829851258457e-08	0.0066500641821682	0.0564097716943194	0.0156071933801626	0.0031820623426052	0.0002435844852057	0.167452170521642	-0.0169570982297387	0.000287543180373	0.028040229412409	0.0028721142767709	6.990640963299918e-06	4.8869061077766806e-11	8.249040418831229e-06	-0.0004467661354601	7.307358025830006e-05	5.339748131766221e-09	1.995999797939524e-07	0.0005111419224817	4.9897133206599966e-05	2.612660649182882e-07	2.489723902237181e-09	0.0	0.0	0.0	0.0	0.0	0.0	0.0	0.0	0.0	0.0	0.0	0.0	0.0	0.0	0.0	0.0	0.0	0.0	0.0	0.0	0.0	0.0	0.0	0.0	0.0	0.0	0.0	0.0	0.0	0.0	0.0	0.0	0.0	0.0	0.0	0.0	0.0	0.0
808.6619680682686	-2.592547736555048	6.7213037663167015	653934.1786000455	934.32203751381	-3.4384868891552287	872957.6697839573	11.8231920868924	771.2531999507153	0.9207373450224168	0.8477572585189289	594831.498434218	773.8131874103036	660.8866243991876	0.8651489999999998	30.029469	0.1390969986357994	0.0668914421032048	0.0287571551	0.0255173226	0.0217693368	-0.0338682862	0.0872503466	-0.0264981768	0.0166532621	-0.0731395465	-0.0082432977	0.0269421396	0.0176291408	0.0020775489	-0.0065790526	-0.0350703425	0.0178928978	-0.0085470135	-0.0551859806	0.0295311341	-0.0045428828	0.0443532069	-0.0046532278	0.0049150541	-0.0128837407	0.0998247469	0.1099159835	-0.0029478638	0.0419751542	0.097140148	-0.029448971	0.0303740358	-0.0492034365	-0.0374556023	-0.0450971444	-0.064604474	0.0060868946	-0.0405027573	0.0153482181	0.0223376903	-0.0473914717	0.0371779445	-0.0071673645	0.0337229918	-0.0169076733	-0.0521305268	0.0404269892	0.0637248832	0.0303507846	-0.0505733817	0.01098423	0.0050129589	0.020529428	-0.0539126491	-0.0249920324	-0.1899148172	-0.0367253265	0.0833890234	-0.0748482177	0.0084812135	0.086145773	-0.085072603	-0.0297568192	-0.0377544775	-0.0405775127	-0.0690214887	0.1103571915	0.0241332386	0.001398676	0.0433909457	-0.0152949517	-0.056527822	-0.0293031767	0.0377968192	-0.1591206651	-0.0463634833	0.0062066279	-0.0112088307	-0.0983292719	-0.0149417277	0.174323422	0.090593132	0.0793959045	0.0088381462	-0.0438553745	0.0021048146	0.0450492798	-0.0340866542	-0.0962223259	-0.0248619281	0.0437509067	-0.000634281	0.0150564915	0.008428903	-0.0029302728	-0.0201799389	-0.0299366094	0.0129463102	0.0769012314	0.0302326883	-0.0932215851	-0.0041607826	0.057504651	-0.0132766979	-0.0385053182	-0.0051977614	0.0316819048	0.0457210411	0.0378924803	-0.1235081021	-0.0635445977	0.0378746682	0.0183625472	-0.0196383404	0.0173674013	0.0405019817	-0.0566672727	-0.0621540875	0.0592415939	-0.0523988386	-0.0066420088	-0.0432485345	-0.0317557185	0.0862862427	-0.0244893569	0.0062930848	-0.009160959	0.0966658257	-0.0965939745	-0.0551393276	0.0737114117	0.0257769787	-0.0294857987	0.0383695829	0.033951437	-0.0270884282	0.0411784855	-0.0073304875	-0.0212166136	0.0245233903	0.1177950722	-0.0939595617	-0.0602718515	-0.0330213765	0.0020116854	-0.0314496273	0.0036349994	0.0052170799	0.0045758752	-0.0205540006	-0.0122114888	0.0051297383	-0.0288339978	0.0467893524	0.0245822644	0.0685412369	-0.0021931427	0.0060949966	-0.0007426295	-0.0550658049	0.0159570282	-0.0140145082	0.0009962026	0.0242207836	-0.0324206774	0.0426422473	-0.0215227077	0.0107036996	0.0354852986	-0.0636992625	-0.0850079043	-0.0023896175	0.0831501106	0.0670341672	0.0947747727679626	0.0132268470912891	0.0001749494839763	0.0089822575532189	0.01105809970025	-0.0453516719940694	0.0001222815689806	0.0020567741526576	0.1924595966895879	0.0250074261679459	0.0006253713635452	0.0370406963579188	0.0036031928148622	0.0007310785380913	5.344758288577128e-07	1.2982998461074586e-05	-0.0007776686029166	-0.0003309024674565	1.0949644296880009e-07	6.047684559622565e-07	0.0004629018603796	-4.824006210209995e-05	2.1427813234289475e-07	2.3271035916144597e-09	0.0	0.0	0.0	0.0	0.0	0.0	0.0	0.0	0.0	0.0	0.0	0.0	0.0	0.0	0.0	0.0	0.0	0.0	0.0	0.0	0.0	0.0	0.0	0.0	0.0	0.0	0.0	0.0	0.0	0.0	0.0	0.0	0.0	0.0	0.0	0.0	0.0	0.0
808.7035793659265	0.041611297657937	0.0017315000927774	654001.4792792614	938.4924186423972	4.170381128587223	880768.0198492565	17.392078757676444	773.5215039146215	2.268303963906192	5.145202872672542	598335.5170183377	776.1251909761824	648.8435017168893	0.895532	31.084068	0.0608169222581083	0.0342321809742803	0.0386434252	0.0392783404	0.049927132	0.0075963923	0.0261223795	-0.0121963689	-0.0514865296	-0.0491028946	-0.0418114793	-0.0302673152	0.018798546	-0.0519332167	-0.0025885453	-0.0220450945	-0.0435668048	-0.0335103156	-0.0984589717	-0.0387397275	-0.0374900924	0.0196258437	-0.0242247394	0.008387582	-0.0142316101	0.0235895393	0.0170959042	-0.0792059667	0.0746414964	-0.0080291438	-0.0472342616	-0.0552076454	-0.0264687875	0.0275012626	0.0117323996	0.1202634781	0.0694859391	0.0495694886	-0.0130552974	0.0638172406	0.0213773829	-0.0380079249	-0.0203738996	-0.0697940053	-0.0100047094	0.0208558374	-0.0469871221	0.0384184957	-0.0855103701	-0.0480994996	0.0502655973	-0.0623736114	-0.0036830059	-0.0257004845	-0.1435720495	0.0056559093	-0.0724948607	0.0565194855	-0.0408672799	0.0296783668	-0.0297582795	0.1161008156	0.0290950392	-0.0624613399	-0.0641916002	0.0519857921	0.0635310553	-0.0160920648	0.0833652911	-0.0072513567	0.1008750379	-0.0657513894	0.0221630834	-0.0554880641	0.0066465486	0.0768407685	-0.0642806021	0.0099442891	-0.0407282553	-0.0303892069	0.027742138	-0.0258057907	0.0094266434	0.0415962776	-0.0297412022	0.0265605053	0.005914791	-0.0174525608	-0.0322470065	0.0134546805	0.0209622346	0.0116526744	0.054657251	0.1073284309	-0.0047741325	0.059132523	-0.0817046679	0.0298064049	-0.0102879191	0.0051190605	0.0304930871	-0.0791121579	-0.0135168436	-0.0282993724	-0.0396917051	0.0864057817	0.0886418813	-0.0723861546	-0.0009522308	0.0602675189	0.0713017152	0.0293862922	0.0435509421	0.0119619949	-0.03206025	-0.0742494697	0.005052813	-0.0468661174	0.0576717671	0.0953940289	0.0291678694	0.0246693915	0.0415327876	0.0599718142	0.0140556493	-0.0486944002	-0.089722152	0.0576639672	-0.0230953264	-0.030751552	-0.0923405946	0.0677053053	-0.1150631691	-0.0241598539	0.0583741448	-0.0411011825	-0.0380435398	0.1049661384	0.04071238	-0.0802627701	-0.0235086336	-0.0021075346	0.0518705009	-0.0511971655	-0.0006606841	-0.0430589644	0.0011316918	0.0014534203	0.0077159278	0.0037987255	-0.0335785213	0.0120363191	-0.031202786	0.0231069041	0.0093170541	0.045894868	0.0242865598	-0.0378318389	0.0333804869	0.0181821029	0.0722322089	-0.0532157453	-0.0622530667	0.0183146488	-0.027398283	-0.016584021	0.0190630528	-0.0114709778	0.034381321	-0.0653891221	-0.0836361352	0.0023896175	0.0854361313	0.0619657467	0.094853695415253	7.8922647290397e-05	6.228784255324408e-09	0.0089972235339295	0.0269206909992192	0.0158625912989692	0.0007247236038754	0.0002516218027181	0.2041790705483066	0.0117194738587187	0.0001373460675251	0.0416890928499703	0.0032252986341971	-0.0003778941806651	1.428040117805474e-07	1.0402551279753678e-05	-0.000776796647248	8.719556685999729e-07	7.603066880036258e-13	6.034130311757338e-07	0.0007472544131085	0.0002843525527289	5.583891579101288e-07	8.085637424344186e-08	0.0	0.0	0.0	0.0	0.0	0.0	0.0	0.0	0.0	0.0	0.0	0.0	0.0	0.0	0.0	0.0	0.0	0.0	0.0	0.0	0.0	0.0	0.0	0.0	0.0	0.0	0.0	0.0	0.0	0.0	0.0	0.0	0.0	0.0	0.0	0.0	0.0	0.0
811.2830620260972	2.5794826601706973	6.653730794121297	658180.2067304404	935.3385816375012	-3.1538370048959905	874858.2622996524	9.946687853451312	771.2956983418833	-2.2258055727381816	4.954210447632344	594897.0542806934	773.3292497695218	649.1795845269266	0.939738	32.618477	0.0931423602283154	0.0470199877396847	0.0487526313	0.0283598979	-0.0035044077	0.0845796162	-0.0954214099	0.0571394593	-0.0545402358	0.0749989424	-0.0301368735	-0.0380806169	0.0253935455	0.0080023202	0.0834555845	0.039013443	0.0325235368	0.0058159059	0.0030148459	-0.0510858231	-0.0072196605	0.0152621407	-0.0028207806	-0.0194553269	0.0369844195	-0.0199260601	-0.0967733324	0.0139436691	0.0014643553	0.0783971868	0.0352038296	0.0302094984	-0.0620947312	-0.050618992	0.0144489206	-0.049854399	0.0438188199	-0.0173554153	0.0660870164	-0.0491859586	-0.100278038	0.014371584	-0.0687582864	0.0180851458	0.0994156442	0.0151557056	-0.0339241899	0.0305713242	-0.1468554496	0.0467155602	-0.2072859479	0.030574499	-0.0956623065	-0.0179909902	0.0586225264	-0.0972671459	0.0437149021	-0.0115405031	-0.069372142	-0.1182112499	-0.0567060197	0.1904765216	0.0001983623	0.0522943089	0.0413368331	0.0435323286	0.0318729093	0.0795673881	0.0229801198	0.0586328919	-0.0126840306	0.0601313425	0.0104645072	0.0762876456	0.0717885476	-0.0533490258	-0.0986721928	0.0763339763	-0.0600609423	0.0340864707	0.0135736845	-0.0333488671	-0.0279999517	0.0082920239	-0.0100965279	-0.0009415344	-0.0473758714	0.0454989231	0.0705842198	-0.015761247	-0.0352305638	0.0137201309	0.0863833974	0.0089389073	0.0081379277	0.0065386383	0.0276087775	-0.0255843337	0.0308557053	0.0354098763	-0.1112973222	-0.0020682557	0.0331563979	-0.0345144231	0.0141065802	0.0047268395	0.0225525354	0.0617334855	0.0908683792	0.0071792937	0.0815833791	-0.0913434644	0.10237357	0.0446770514	-0.0466272268	0.1036038572	0.1826965093	0.0012374535	-0.0508407141	-0.0524085504	-0.0212446628	0.0159888638	-0.0716933625	0.0425387666	-0.0234944203	-0.0913193271	0.0612814985	-0.006846956	0.0067895784	0.0271912303	0.0631324819	-0.0995657524	-0.1243411314	-0.0609183084	0.0415991592	0.0895173527	0.0181532271	0.1281073764	-0.0346918162	-0.0060357731	-0.1699385437	0.027930897	-0.0283424787	0.0347531364	-0.0006422926	-0.0392345552	0.0063588249	0.0113189136	-0.0330746124	0.0205406877	-0.007327222	0.0058240459	-0.0291939938	-0.0520170221	-0.0381555349	-0.0573278934	0.0522656027	0.0003340844	-0.0342091851	0.0897064762	0.0186883178	0.0148325819	-0.0068378268	-0.0262278486	0.0409235101	-0.0436228095	0.0691571571	-0.001420038	0.0332714524	-0.0670341672	-0.0821354052	0.0071623028	0.0873563013	0.0565152869	0.1083442377042445	0.0134905422889915	0.000181994731251	0.0117384738437138	0.0255776657517543	-0.0013430252474649	0.0006542169853084	1.803716815328157e-06	0.1799304476897276	-0.024248622858579	0.0005879957105376	0.0323749660058258	0.0024279002983614	-0.0007973983358356	6.358441059935436e-07	5.894699858783376e-06	-0.0010490813477215	-0.0002722847004734	7.413895811194355e-08	1.1005716741371586e-06	0.0007587747734649	1.1520360356399991e-05	5.757391568467103e-07	1.3271870274131254e-10	0.0	0.0	0.0	0.0	0.0	0.0	0.0	0.0	0.0	0.0	0.0	0.0	0.0	0.0	0.0	0.0	0.0	0.0	0.0	0.0	0.0	0.0	0.0	0.0	0.0	0.0	0.0	0.0	0.0	0.0	0.0	0.0	0.0	0.0	0.0	0.0	0.0	0.0
814.1625346584652	2.8794726323679924	8.291362640556256	662860.6328414966	930.23202406758	-5.106557569921165	865331.6186008668	26.07693021491915	771.2411172728883	-0.0545810689949348	0.0029790930926298	594812.8609723331	772.4700071460139	666.5200097356014	0.8942529999999999	31.039669	0.0622238589092178	0.0276331172758691	0.0295161576	0.0112848149	-0.0705146611	0.031795391	-0.0464285386	0.0306724079	-0.0251626137	0.0585601076	0.0370209705	-0.0111571339	0.0192593045	0.0086761539	-0.0273670101	0.0170925224	0.0586715518	0.0473239779	0.0362546685	0.0227153977	-0.0033942552	0.0077589897	-0.0022044006	-0.0487213145	0.0096319009	-0.0348523453	-0.0662704567	-0.0057223241	0.0010142881	-0.0300922493	0.0892406717	0.0411588248	0.0082539494	-0.0072510313	-0.0773609256	0.0562771827	-0.0582119872	-0.0265079964	0.1207538553	-0.0294073205	-0.1234869231	0.0042205157	0.1505583894	0.0955396665	-0.065297432	-0.0811602824	0.0133841544	0.064685211	-0.0090711657	0.0763497402	0.0523251515	0.0089679281	-0.0293199731	0.0907722913	0.0439857043	-0.0360474931	-0.0300396494	-0.0727645765	-0.0945812381	0.0645989926	0.075855461	-0.091089139	0.049000954	-0.0045396748	-0.0463141436	0.0087202416	-0.1320022355	-0.0417521949	-0.0846233968	0.1516581551	0.068879795	0.0422462962	0.0684306167	-0.1000223838	-0.0010840868	0.0691996106	-0.0669646903	-0.0800245899	0.0111260713	-0.092653403	-0.0342687224	-0.0204786638	-0.0193984047	0.0048124746	-0.0076367136	-0.0103601383	-0.0637812081	0.0151037028	0.0637398846	-0.0095570014	-0.0369610773	-0.0033377432	-0.0461148367	-0.0617270958	-0.001913275	0.0455942613	0.0513492388	-0.0361768043	0.0455979672	-0.0906459971	0.0286422931	-0.0010766966	0.0044772853	0.0414220303	0.0510891658	0.0124858948	0.0392988716	0.0963372308	-0.0650620263	-0.0823435256	-0.0022577012	-0.0367599594	-0.1027022308	-0.0196855064	0.0092057953	-0.0213649663	0.0604815539	-0.0449753039	0.0491198763	-0.1014500833	-0.017407336	0.0732896457	0.0621450808	0.0476204902	0.0067560377	-0.0375781218	-0.0801442029	-0.0538298377	-0.0512370246	-0.0047706379	0.1056234022	-0.0049430923	0.0818077688	0.0019126184	0.0203806206	0.0222373532	0.1493463101	-0.1475568178	0.0585438477	-0.029744404	0.0299115995	0.0202236233	0.2322124226	-0.0605824054	-0.0040887696	-0.0407453629	-0.0115735941	0.0156893432	-0.040753412	0.0235253425	0.0028260459	-0.0168825266	0.0195245496	-0.0328177748	-0.0708055642	-0.0208864043	-0.0116526539	0.0495906571	-0.0074760387	-0.0005942951	-0.0132459138	0.0390873336	0.0644791894	0.0334872729	0.0206439968	0.0144293544	0.0527555422	0.0096004145	0.0321558829	-0.0686332704	-0.0805080284	0.0119153566	0.0889023983	0.0507163915	0.1233288750085108	0.0149846373042662	0.0002245393551404	0.0152100114108648	0.0422657030682529	0.0166880373164985	0.0017863896558537	0.0002784905894768	0.1699707602089546	-0.009959687480773	9.919537471466642e-05	0.0288900593260099	0.0023137451154644	-0.0001141551828969	1.3031405782247513e-08	5.35341645933537e-06	-0.00104796815957	1.1131881514998745e-06	1.2391878606397074e-12	1.098237263472533e-06	0.0004622132083598	-0.0002965615651051	2.136410499822599e-07	8.794876189758649e-08	0.0	0.0	0.0	0.0	0.0	0.0	0.0	0.0	0.0	0.0	0.0	0.0	0.0	0.0	0.0	0.0	0.0	0.0	0.0	0.0	0.0	0.0	0.0	0.0	0.0	0.0	0.0	0.0	0.0	0.0	0.0	0.0	0.0	0.0	0.0	0.0	0.0	0.0
812.8384135184966	-1.3241211399686108	1.7532967933117731	660706.2864912666	933.2987472071792	3.066723139599162	871046.5515384901	9.404790814952944	771.5004724897351	0.2593552168467568	0.0672651285056282	595212.9790518845	772.976420916258	671.8582411085534	0.847541	29.418293	0.110968917088065	0.0556000183408111	0.029200365	0.0155416407	-0.083130656	-0.0173871958	0.0178748276	-0.0217030711	0.0071363456	-0.0193980949	0.0414322526	-0.0471645593	-0.0257815238	0.0399316811	-0.0352813397	-0.0086761546	0.007672495	-0.0081927923	0.0739606331	0.0092841658	-0.0153297848	0.0284929267	-0.015925076	-0.0310181753	0.0302289086	-0.0383006319	-0.0127025995	-0.0101960059	-0.0430217755	-0.0166399132	-0.0309751331	0.0294927389	0.0271763353	-0.000881227	0.0190851027	0.0563185035	-0.0915913901	0.0520246424	0.035768243	-0.0121234279	-0.0743871861	0.0086932839	0.1130911972	0.0992413177	-0.0260359163	0.0310805351	-0.0072917583	0.0180136337	0.0894912562	0.0165538442	0.002612197	0.0495667902	0.032972889	0.0965163397	-0.0541506789	0.050154881	-0.0004235437	0.102872831	-0.0208891327	-0.0245206923	0.042683252	0.0987009003	0.0444142066	-0.0120700769	-0.0025973942	0.0104443255	0.1626334534	0.071005138	0.0105285276	-0.1127132385	-0.0080015015	0.0197049324	0.0504827349	-0.0036360329	-0.0481048997	-0.0463274185	0.1382317425	0.0194126029	0.0328120598	-0.0490964153	-0.033204682	0.0179932524	-0.0837985209	0.0160138982	-0.0290956895	0.010422841	-0.0379187842	-0.000924227	-0.0012322379	0.0197748361	-0.0148761876	0.0130519721	-0.0605369366	-0.0806316564	-0.0177344851	-0.0011656625	0.0956323033	0.0211839729	-0.021046711	0.0001724454	-0.0014839259	-0.0215741547	-0.0696693927	0.0366693603	0.1274876526	0.0170992633	0.0253306173	-0.0178040123	-0.0620234698	-0.0342349513	-0.0506775147	-0.0049834005	-0.0564711178	-0.0493523461	0.0512889417	-0.0309516356	0.0211034752	-0.0680400982	0.0651444208	-0.0444092885	0.0430677695	-0.0253539547	0.0020146984	0.0152012969	0.0096076846	-0.0352620691	0.0054999743	-0.033923046	0.0433974948	-0.0108946024	-0.0918443993	-0.0669772722	-0.0377735964	-0.0240443282	0.0742645573	0.0211429275	-0.0131971709	0.1079811249	-0.0417588833	0.1541910866	0.0812164104	0.0829379984	-0.0138846623	0.0220848355	-0.0065828386	-0.0388946268	-0.0176928075	0.0079497938	-0.032800879	0.0252338187	-0.0080866184	-0.026010801	0.0210845383	0.0055206677	-0.0488474181	-0.0090912268	-0.0489080452	0.0244441425	0.0400184836	-0.0428657338	-0.0133936021	0.0080238633	0.0047476257	0.0290012746	0.0271430423	0.0221964378	0.0409785061	-0.0116592349	0.0310348036	-0.0701853358	-0.0787565141	0.0166357513	0.0900678015	0.0446048127	0.1180482861575313	-0.0052805888509794	2.7884618613088973e-05	0.0139353978647303	0.0155430734620125	-0.0267226296062403	0.0002415871326455	0.0007140989330723	0.1823361778276648	0.0123654176187102	0.0001529035528851	0.0332464817448018	0.003163855657626	0.0008501105421615	7.226879338942891e-07	1.0009982622292048e-05	-0.0008867644398624	0.0001612037197076	2.5986639247566466e-08	7.863511718044761e-07	0.0007829045667333	0.0003206913583735	6.129395606118562e-07	1.0284294733544061e-07	0.0	0.0	0.0	0.0	0.0	0.0	0.0	0.0	0.0	0.0	0.0	0.0	0.0	0.0	0.0	0.0	0.0	0.0	0.0	0.0	0.0	0.0	0.0	0.0	0.0	0.0	0.0	0.0	0.0	0.0	0.0	0.0	0.0	0.0	0.0	0.0	0.0	0.0
812.3443078908225	-0.4941056276741165	0.2441403712992326	659903.2745626194	937.3485672048448	4.049819997665622	878622.3364409754	16.401042013492383	772.9265884627725	1.4261159730374402	2.033806768552525	597415.5111527002	774.9024940954798	666.7454962439436	0.858522	29.799463	0.0491798975037306	0.0304288227250859	0.0161373749	0.0388884392	-0.0394961776	-0.0283964376	0.0719024527	-0.0259649054	-0.0116994416	-0.0696794762	0.0347162783	0.0199309228	0.0392412644	-0.0093478419	0.0207577804	0.0291089396	0.0243053317	0.0197888124	-0.0121565311	0.0706428865	-0.0477950428	0.0114161936	-0.0348024707	0.0173147773	0.0168230154	-0.0155497645	0.0369341097	0.054820008	-0.0345461581	0.0098491845	-0.0349290671	0.1113826819	0.0246922106	0.0487312258	-0.0766241816	-0.023229297	0.0807694962	-0.0441752452	0.0051533204	-0.0503074512	-0.0263024054	0.0907945421	0.0030491806	0.0198623019	0.0044697601	0.0312109851	-0.0315076198	-0.0048847793	-0.0004479168	-0.0883433053	0.125125607	-0.0352105562	0.0651322783	-0.0701759787	0.0208797909	0.0549286394	0.0086673772	0.0873117234	0.0483713779	-0.0050896194	-0.0613108993	0.1513890973	0.0514963391	-0.032305406	-0.0118610984	0.0104081138	-0.0522739058	0.0041974065	-0.0726979738	0.0821363347	0.0191644822	0.0474545719	-0.0380228592	0.0402958934	-0.0288457117	-0.0374103396	-0.0234378947	0.0494484696	-0.0461063007	0.0489762206	-0.0011609638	0.0336017925	-0.0260855432	0.047368764	-0.0163252039	0.0431549208	0.0210019809	-0.0009629204	-0.0530775108	0.0210115779	0.0156295648	-0.0145241407	0.0166754791	-0.0187600191	0.0084741989	-0.0391245472	0.0897438265	-0.0609408108	0.0396067602	-0.0346203251	0.052912515	-0.0381938498	0.0022635331	-0.0661696468	-0.0493111228	0.0379469423	-0.0485672467	0.0700046569	-0.020008512	-0.0273383213	-0.0461180934	0.0325009048	0.0116563858	-0.0125460596	-0.0834097388	-0.0834624407	-0.0785720663	0.0283731961	-0.0006601801	0.0297792453	-0.0707954861	-0.0472586304	0.0205879561	0.013358827	-0.0422053154	0.0279336208	0.0158908891	-0.0221683349	0.0158030224	0.0067329738	-0.0684690989	-0.0314075306	-0.1243226996	0.0719023959	0.0100989817	5.69066e-05	0.0300166088	0.0576328131	0.1102426617	0.0081781417	0.0188492175	0.0148567086	-0.0325721345	0.0527120304	-0.0148834664	-0.0478898232	-0.0242428144	0.0066108622	-0.0269850944	0.0212826264	-0.0062405101	-0.0003051922	-0.0002638982	0.033120477	-0.012312769	0.0599809486	-0.0461336541	-0.0415432872	0.0433621925	-0.0269989093	0.0551209987	0.0356874637	0.0061371099	-0.0137423378	0.0076476354	0.003217139	0.044037448	-0.0200933662	0.0299084066	-0.0716892996	-0.0768835629	0.0213105486	0.0908475206	0.0382182304	0.1199274814536437	0.0018791952961123	3.531374960930966e-06	0.014382600807814	0.009076049091675	-0.0064670243703375	8.23746671144946e-05	4.182240420653914e-05	0.1910777360952806	0.0087415582676157	7.641484094612168e-05	0.0365107012312976	0.0026559155745565	-0.0005079400830694	2.580031279886503e-07	7.053887539171784e-06	-0.0009268384344718	-4.00739946094e-05	1.6059250439542202e-09	8.590294836141372e-07	0.0008767328804477	9.382831371439995e-05	7.68660543658121e-07	8.803752454487854e-09	0.0	0.0	0.0	0.0	0.0	0.0	0.0	0.0	0.0	0.0	0.0	0.0	0.0	0.0	0.0	0.0	0.0	0.0	0.0	0.0	0.0	0.0	0.0	0.0	0.0	0.0	0.0	0.0	0.0	0.0	0.0	0.0	0.0	0.0	0.0	0.0	0.0	0.0
812.0745168628528	-0.2697910279697453	0.0727871987729718	659465.0209380357	935.64285211531	-1.705715089534806	875427.5467144719	2.909463966666731	772.7255171017159	-0.2010713610566199	0.0404296922371616	597104.7247801143	774.423924266509	666.1790992005231	0.89632	31.111412	0.0656331987140623	0.0301229142891593	0.025825783	0.0340641427	-0.0317748418	0.0145380911	-0.0075154308	-0.0089255384	-0.0470431771	0.0235796997	0.0207291064	-0.034328556	0.0540843386	-0.0524666432	-0.0085038147	0.0188704563	-0.0453260286	-0.0523469441	-0.1141335412	-0.0286086484	-0.0281966161	0.0150369058	-0.0140079578	-0.0157325572	0.0278623533	0.0197241694	-0.0696393585	-0.0255696517	-0.0360694897	0.07201583	0.0110807086	0.0008272923	-0.0431952722	0.071219227	-0.0925489302	0.0892525754	0.0132919013	0.0142791821	0.0417426897	-0.059915771	0.0052121766	-0.0031331628	0.0398520413	0.0687573907	-0.0123832376	0.025988606	0.0235215228	0.0022715808	-0.0620595939	-0.0030752598	-0.0046387304	0.0467464469	-0.0731746479	0.0132232574	-0.1113279452	0.0583658701	0.0386237752	-0.0750606214	0.0354065556	0.114370265	-0.0426877383	0.0197785334	-0.0467106773	-0.0306577823	-0.0735065494	-0.0336536947	0.0350405508	-0.0469098645	0.0039434511	0.0221570219	-0.0318640676	0.0116836127	-0.0838517763	-0.0083614217	0.0638509523	-0.0122799999	-0.0377240673	0.0520624053	0.0039599759	-0.117191642	-0.0816375018	-0.0311450928	0.045495822	0.0351965042	-0.0131534734	0.0163996564	-0.042107033	0.0219665348	0.0026090187	0.0049681782	-0.0772062468	-0.0264140456	0.0490086749	0.0349191637	0.0583449246	0.0438434493	0.0160907534	-0.0446156351	-0.0083963939	-0.0312857777	-0.0118837935	-0.0759575789	-0.0167185673	-0.0096186073	-0.0422937266	-0.0216447144	-0.046397783	0.0433350294	-0.0161662599	-0.0125508607	-0.0156861248	-0.0162464891	-0.003122259	-0.0221965325	-0.0143931314	-0.1021461646	0.0673233157	-0.0176335912	-0.0668574153	-0.0476395784	-0.0019447223	0.1448074907	0.0502735469	-0.0453079953	0.0581366359	0.0036672089	-0.0754474706	0.0324407187	-0.0366142975	0.0392737572	-0.0565716317	0.0010663657	-0.0269683151	-0.1193087188	0.0814700364	-0.0935646446	0.0385392036	0.0619913735	-0.034948265	-0.0111115984	-0.0460894739	-0.0888258666	0.0034510042	0.0317138486	-0.0138169899	-0.0506170741	-0.0257506713	0.0078957938	-0.0260326066	0.0347193248	-0.0320357965	-0.0251713264	-0.0035649894	0.0006725808	-0.0387995697	-0.0271105502	-0.0009262723	-0.0227678421	0.0096131394	0.082988059	0.0068513815	-0.0302374366	-0.0268951609	-0.0190793602	-0.0295170001	0.0112111135	0.0732915695	0.0104190425	0.0287768851	-0.0731441312	-0.0748920628	0.0259269352	0.0912382167	0.0315960199	0.123331230781801	0.0034037493281573	1.15855094889313e-05	0.0152105924861538	0.0337959577680493	0.0247199086763743	0.0011421667614597	0.0006110738849682	0.2031426163250813	0.0120648802298007	0.0001455613349594	0.0412669225673991	0.0028958445917503	0.0002399290171938	5.75659332915828e-08	8.385915899569463e-06	-0.0009990180964196	-7.217966194779987e-05	5.2099035988986684e-09	9.98037156973841e-07	0.0006799483499947	-0.0001967845304529	4.623297586605151e-07	3.872415142560768e-08	0.0	0.0	0.0	0.0	0.0	0.0	0.0	0.0	0.0	0.0	0.0	0.0	0.0	0.0	0.0	0.0	0.0	0.0	0.0	0.0	0.0	0.0	0.0	0.0	0.0	0.0	0.0	0.0	0.0	0.0	0.0	0.0	0.0	0.0	0.0	0.0	0.0	0.0
813.7735926654564	1.699075802603602	2.886858582993074	662227.4601196441	938.1404343422012	2.4975822268911543	880107.4745477738	6.237916980082577	773.6638187398935	0.9383016381775632	0.8804099642066989	598555.7044271948	775.4414382229177	668.4542764542557	0.9000679999999999	31.241526	0.0649497611772664	0.0306828389164327	0.0367615893	0.0379561865	-0.0734990845	0.020370362	-0.0614538979	0.0043401565	-0.0553623283	-0.0045573877	0.0443817861	-0.0558947993	-0.0011754959	0.0079758558	-0.0219301827	0.0424085031	0.0243888624	0.0215116657	0.0227514364	-0.125928539	-0.0495256842	-0.0120453955	-0.0165155755	-0.0547123416	0.0336297123	-0.0112920009	-0.0477753779	0.0018356491	-0.0052806114	0.0087446224	0.0135724782	-0.031811272	0.0569531951	0.002484698	0.0037805075	-0.0232710788	0.0358331982	0.0070106551	0.0865285558	0.0207331715	0.0183800111	0.007588036	0.0279066822	-0.0960631692	-0.0491897108	0.0790006503	-0.0531179791	-0.05376708	0.052619932	0.0041345258	-0.0585114952	0.0648993504	0.0950736319	0.0290518762	-0.0520750221	0.0213292629	-0.0158266338	0.055171746	-0.0200880947	0.0085390181	-0.0501768472	-0.1297976421	-0.1060639347	0.0006580387	0.0703185579	-0.0164828814	-0.0368077753	-0.0249013022	-0.1064044515	0.1194750879	0.0383515836	-0.1985503412	-0.0247627153	0.0109978942	0.0231964539	0.0262182072	-0.0496671706	-0.0220472616	0.0658610928	-0.0164447957	-0.0999818475	0.0624515299	0.0898639952	0.0483226972	0.0021369297	0.0110857503	-0.0668546691	0.0109679953	0.0096796518	-0.0379659792	-0.0111629251	-0.0086230165	0.0166977257	-0.0445677	-0.0065109599	0.028359263	0.0113040026	0.0357815656	-0.0187436728	0.0046357353	0.0268808466	-0.0247123625	-0.0689094674	0.0528069688	-0.0900731664	0.0004474402	-0.0559313261	-0.0588001865	-0.0184308811	0.0173749971	-0.0174571804	-0.0822639035	0.025783252	-0.0133750554	0.1041343751	-0.0515608497	0.0665982879	0.0097523843	0.0608452886	0.0307685962	-0.0821195858	-0.0492931061	0.0424456698	0.1098387943	0.0411691929	-0.0040575624	0.0285829942	0.0253260998	0.0679495318	-0.0778070358	0.0155261384	-0.0103559592	0.0816338377	0.0407066715	-0.0372036443	0.0306697184	0.0182435148	-0.0226736818	-0.060317122	-0.1509936159	0.0398187097	-0.017092436	0.0537599995	-0.1219752031	-0.0182260473	-0.0575868675	-0.0423185237	0.0089700796	-0.0227390845	0.0492232105	-0.0043967542	-0.0252180517	0.0217488149	-0.0001265195	-0.0641063463	-0.0396998066	-0.0019730656	0.0384168381	0.0099374286	-0.0100331647	-0.0969747771	0.0167199532	0.0263014562	0.0645412742	0.0109364296	-0.0228568675	0.0392048114	0.0056641086	0.0276404327	-0.0745488335	-0.0727850846	0.0304722578	0.0912382167	0.0247790096	0.1169044940660057	-0.0064267367157953	4.1302944814151366e-05	0.0136666607328287	0.0286652704131284	-0.0051306873549209	0.0008216977278577	2.6323952733945225e-05	0.2205088526293366	0.0173662363042552	0.0003015861633752	0.0486241540879064	0.0033552288417007	0.0004593842499503	2.1103388910249157e-07	1.125756058018022e-05	-0.0009547256684327	4.4292427986899856e-05	1.9618191769747096e-09	9.11501101964266e-07	0.0004631030118861	-0.0002168453381086	2.144643996179773e-07	4.702190065943305e-08	0.0	0.0	0.0	0.0	0.0	0.0	0.0	0.0	0.0	0.0	0.0	0.0	0.0	0.0	0.0	0.0	0.0	0.0	0.0	0.0	0.0	0.0	0.0	0.0	0.0	0.0	0.0	0.0	0.0	0.0	0.0	0.0	0.0	0.0	0.0	0.0	0.0	0.0
810.584900398719	-3.1886922667373483	10.167758371950567	657047.8807544012	937.262575143114	-0.8778591990871973	878461.1347639014	0.7706367734220155	771.3964959047084	-2.267322835185041	5.140752838951533	595052.5538940629	773.6191640440856	665.3826623586463	0.912659	31.678556	0.0703382832827984	0.0357950230467559	0.0330184679	0.0516267658	-0.0523302053	-0.0119229346	0.0584651135	-0.0542126266	-0.0107405738	-0.0825680828	0.0286401347	-0.0303529496	0.0261223055	0.0361690861	-0.0093190923	-0.011484467	-0.0048024795	0.0313372625	0.0329650416	-0.0201171068	-0.0186694431	0.0310543209	-0.0012133019	-0.0388321413	0.0277039371	0.0095038617	0.0191929853	-0.0072125789	-0.071868711	0.0595772735	-0.0440961687	0.0810450388	0.0138485458	-0.0286512899	-0.0214624408	0.0315054612	0.0030001444	-0.0725519013	-0.0061562453	0.0627441619	0.0114716258	0.0307953121	0.0052543584	-0.055138054	0.0233875952	-0.0031258674	-0.0811861927	-0.0295507926	-0.0099286441	0.0165926431	0.0005892368	-0.0244350114	0.0509751361	0.0848216754	-0.0208880015	-0.0689277078	-0.140720855	-0.0786694157	0.0398487713	0.0440947026	-0.0400544668	0.0678304174	-0.0083175494	-0.0870471603	0.0804493573	-0.0750435166	0.0069285028	-0.0919399233	0.0654866129	-0.0808898642	0.0588769903	-0.0180076141	-0.0443995263	0.0126981375	0.0071401754	0.028405549	-0.0799896435	-0.0457086024	0.0368554659	0.0346682895	-0.0984028397	-0.0012057143	-0.0650201074	0.0271625262	-0.0377243945	-0.0044614239	-0.0334178632	-0.0199226993	-0.0775872159	-0.010346607	-0.0035147414	-0.0109628316	0.0096114564	-0.0482451549	0.023560678	-0.0228199118	0.075795344	0.0336815905	-0.0250649507	-0.0272626237	-0.0170420751	-0.0075539325	0.0388339005	-0.0132675683	-0.0152679596	0.0307359164	-0.0515173069	-0.0020870333	-0.0319866066	-0.0154252131	0.0431056256	0.0354081818	0.0800445573	0.0466660314	0.0048410105	0.0018612011	-0.0140764505	-0.0129960145	0.040307406	-0.041662327	-0.0440378242	-0.0057264441	-0.0738463412	0.0653941473	0.1319182742	-0.0784007818	0.0140745857	5.4007e-06	0.0125331562	0.0204182231	-0.0628748667	0.1401671879	0.0472145666	0.0416600031	-0.0007660993	-0.0154659612	-0.0859573392	0.0566370001	0.0034710472	-0.0526033717	-0.0048532332	0.0572047431	-0.0072486121	-0.0380602733	-0.0199136802	-0.0634391087	-0.0436388062	0.0106730278	-0.0195138434	0.0602333976	-0.0173731866	-0.026038658	-0.0177195376	0.0526603638	-0.0295660579	0.0296219954	-0.0396359326	-0.0137561364	0.0451205557	-0.0618351543	0.0148346762	0.0368798173	-0.0032945569	0.0081455096	0.0125112947	0.0315846711	0.0687122438	-0.0258402756	0.0264992443	-0.0759024438	-0.0705658771	0.034934058	0.0908475206	0.0178092284	0.116628562341944	-0.0002759317240616	7.61383163436581e-08	0.0136022215539487	0.0040202504494573	-0.0246450199636711	1.616241367636162e-05	0.0006073770090097	0.2285193087513022	0.0080104561219656	6.416740728193621e-05	0.0522210744721729	0.002929240683765	-0.0004259881579357	1.8146591070145097e-07	8.580450983424044e-06	-0.0007771124894104	0.0001776131790223	3.154644136240762e-08	6.039038211976289e-07	0.0006076391843901	0.0001445361725039	3.692253784062659e-07	2.0890705162106042e-08	0.0	0.0	0.0	0.0	0.0	0.0	0.0	0.0	0.0	0.0	0.0	0.0	0.0	0.0	0.0	0.0	0.0	0.0	0.0	0.0	0.0	0.0	0.0	0.0	0.0	0.0	0.0	0.0	0.0	0.0	0.0	0.0	0.0	0.0	0.0	0.0	0.0	0.0
811.6565291807863	1.0716287820672503	1.1483882465549389	658786.3213618005	935.09862967854	-2.163945464573999	874409.4472266833	4.68265997365038	772.7710649295341	1.3745690248256324	1.8894400040100896	597175.1187923262	774.7536763509114	662.1161769781434	0.8674699999999999	30.110046	0.068091678268368	0.0421441233962091	0.0331995989	0.0720459321	-0.0471289355	0.0198465015	0.036681309	-0.0359736288	-0.0556763171	-0.0333966015	0.0034671853	0.0005174606	0.0408566705	-0.0301964392	0.0024632696	0.0361337153	0.0489154709	-0.0012458715	-0.0288102135	0.0352536123	-0.0470463462	0.0384370417	-0.0228771149	-0.035606599	0.0057050222	-0.0084718474	-0.0043500234	-0.0339375199	-0.0138514278	0.0661711278	-0.0110364894	0.0390800638	0.0352570865	0.0103638886	-0.0057204931	-0.0244613589	0.0517526132	0.0791812327	0.0228901861	0.0610806664	0.0555688355	-0.0229361215	0.0069729436	-0.0859574138	0.0204655585	0.0625738945	0.0453415248	0.0242111042	-0.0028021628	0.0433287168	-0.0455887848	0.0351407295	0.0518384139	-0.0804900299	0.0656743049	0.0841214824	0.0089209698	0.1290856307	0.0467847027	-0.0031142265	0.0156133812	-0.1168372778	0.0463295908	0.063797099	-0.0434900649	-0.0470622043	0.055337035	-0.0033135431	0.0167761225	0.0930951456	-0.0482875763	-0.1038233747	-0.0076296921	-0.1276705686	0.0317659574	0.0477399236	-0.0591475114	0.0119194138	0.0400510558	-0.0786420227	-0.0033824014	-0.0646054569	-0.0508905329	0.053463433	-0.0331146361	0.0156410726	-0.0334717369	-0.0126683388	-0.0342141112	0.0198509355	-0.0078472697	-0.0408969238	0.0149631329	0.0124494691	0.0075508048	0.0253568507	0.0769929666	-0.0294010525	0.0376014718	0.0312088289	0.011464154	-0.0493782355	-0.0108954359	0.0136954662	-0.0745470164	0.0050580389	-0.01566606	-0.0827220923	0.0265972198	0.0533262803	0.0036846009	-0.1155415427	0.0029567878	-0.0317774175	0.018274303	0.019594816	-0.0148455697	0.0131084492	-0.0064249534	0.0923546324	0.0865364307	-0.1048309109	0.0221646684	0.0152629943	-0.0815683274	0.0792737118	-0.0787900858	-0.0781201173	0.073248691	-0.0014513183	0.0155616939	-0.0460537152	0.0865127799	-0.0767575575	-0.0785737741	-0.0754391706	-0.0815605076	0.0093641514	-0.0948396135	-0.0445693969	0.0224986031	0.0786360193	0.114530805	0.0071343094	-0.0242415875	-0.0751526242	-0.041311116	0.0075717034	-0.0330194822	0.0613588445	-0.0239128828	-0.0247343737	0.0004680932	0.0425750563	-0.017824516	0.0107308929	-0.0091143978	-0.0271276403	0.0377199454	0.0213965036	0.0285161234	-0.0058984116	-0.0107894317	0.0161930205	-0.0367369328	0.0070854506	0.0378403739	-0.0114638298	0.0253535154	-0.0772040342	-0.0682378621	0.0393001065	0.0900678015	0.0107296473	0.1229930250344892	0.0063644626925451	4.050638536479956e-05	0.0151272842071344	0.0397852418183362	0.0357649913688789	0.0015828654665434	0.0012791346076159	0.2303326521055311	0.0018133433542289	3.288214120326187e-06	0.0530531306259676	0.0025926830227687	-0.0003365576609963	1.132710591753005e-07	6.722005256553043e-06	-0.0007779023905638	-7.899011534000114e-07	6.239438321426684e-13	6.051321292448748e-07	0.0004620091294855	-0.0001456300549045	2.134524357279495e-07	2.12081128915168e-08	0.0	0.0	0.0	0.0	0.0	0.0	0.0	0.0	0.0	0.0	0.0	0.0	0.0	0.0	0.0	0.0	0.0	0.0	0.0	0.0	0.0	0.0	0.0	0.0	0.0	0.0	0.0	0.0	0.0	0.0	0.0	0.0	0.0	0.0	0.0	0.0	0.0	0.0
813.7754869080749	2.1189577272886027	4.48998185003608	662230.5430924743	937.4648184214376	2.3661887428976343	878840.285777939	5.598849167015486	770.9502031131278	-1.82086181640625	3.315537754446268	594364.215680173	773.2753018047398	661.8440561781488	0.930923	32.312508	0.077198869146167	0.0493897871326841	0.0327543632	0.0461730039	-0.0717446694	0.0558528915	-0.1025054374	-0.0076840508	-0.0887416674	0.0910966729	-0.0041637655	-0.0462324935	0.0530600226	-0.0044338911	0.0915902907	0.018207397	-0.0588442858	0.0171065878	-0.0659411978	-0.006297701	-0.0245117255	0.0252073029	0.0178386599	-0.0508355775	0.0538298161	-0.0779379773	-0.1307929925	0.0276330784	-0.1071693883	-0.0015787627	0.045728805	-0.0132738055	0.0936173059	-0.025387032	-2.84299e-05	-0.0292173945	0.0570048062	0.11145464	0.0191953423	0.1320813668	0.0058978095	0.0374091678	-0.0850319741	-0.0531205144	0.0004358931	0.022818318	0.0228768484	-0.0277692727	0.0019167051	-0.0337186297	-0.0439397088	-0.0571518718	-0.0565373991	-0.037574799	-0.0395771486	-0.0193256629	-0.0153536093	-0.0153255642	0.0524259421	0.0493512883	0.0113209223	-0.0350487025	0.1493776255	-0.0048145761	-0.0307574456	0.0020390535	-0.0444275116	0.0379630273	0.0273144313	0.0361899517	-0.0531374772	-0.0794871526	0.0298789595	0.0306723076	-0.0006950562	0.0417009395	0.0596425891	0.0458893229	-0.0379280321	-0.0251163438	-0.0312282442	0.0411948333	0.0312848332	0.0364193107	-0.0302780675	-0.0321153956	-0.0926204215	0.0517020477	0.0937274283	0.0191697415	-0.066856052	0.0211738282	0.046581529	-0.033095135	0.0544778818	-0.0065501292	0.0708810675	0.0168123954	-0.0345955453	0.0421980477	0.033438696	0.022587104	-0.0434154359	0.0457240185	-0.1021960701	0.0393164622	0.0057017147	-0.1500853492	0.1337406402	0.0549599119	0.0458168601	0.03187302	0.0500994915	0.0226098939	0.0206299658	0.0109254575	-0.0239582846	-0.014423761	-0.0483451043	-0.0809761433	-0.099829723	0.0656587124	0.0062457224	-0.0319619926	-0.0656190617	0.0276149628	-0.0190982609	-0.1290937193	0.0008326664	0.0884509082	-0.0383390583	0.0125487183	-0.0505129306	0.0221219343	-0.0768443666	0.0022056731	-0.03967738	0.0177679	-0.0534599026	0.0161340431	-0.0381011381	0.0580675904	0.1099713981	-0.0108026503	-0.0201945825	-0.0601884441	-0.041609298	0.0171915915	-0.0436496039	0.0471941271	-0.0189238542	-0.0450980271	0.028477292	-0.019860233	-0.0867061604	-0.0780581612	0.0211401586	0.0304417049	0.0288967997	0.0185969388	0.0244917416	-0.0403492957	-0.0374448678	0.044293026	0.0400766483	-0.0514325523	0.063454115	-0.0080921602	0.0242034423	-0.0784527129	-0.0658046293	0.0435584361	0.0889023983	0.0035839144	0.1229907405774213	-2.284457067888712e-06	5.218744095026693e-12	0.0151267222677825	0.0097565419489029	-0.0300286998694333	9.5190110800702e-05	0.0009017228158485	0.1996000297900053	-0.0307326223155258	0.0009444940743887	0.039840171892171	0.0029211846683851	0.0003285016456164	1.0791333117268306e-07	8.533319866808167e-06	-0.0007778265178945	7.587266929998377e-08	5.756661946704698e-15	6.050140919398829e-07	0.0004621368612826	1.2773179710001649e-07	2.135704785561331e-07	1.631541199039978e-14	0.0	0.0	0.0	0.0	0.0	0.0	0.0	0.0	0.0	0.0	0.0	0.0	0.0	0.0	0.0	0.0	0.0	0.0	0.0	0.0	0.0	0.0	0.0	0.0	0.0	0.0	0.0	0.0	0.0	0.0	0.0	0.0	0.0	0.0	0.0	0.0	0.0	0.0
817.4706585792853	3.69517167121046	13.654293679716304	668258.2776380505	938.2889419709792	0.8241235495415822	880386.1386250196	0.6791796249090166	772.7278552733158	1.7776521601879267	3.1600472026208024	597108.3383152984	774.0601343159548	672.167489219276	0.985171	34.19545	0.0671527014559612	0.0347690895388301	0.023206326	0.0537819116	-0.1381817387	-0.002347223	0.0142315272	-0.0377868609	-0.021638427	0.0301325069	0.1194477849	-0.0517458332	-0.0064642853	0.0198698963	-0.0329597527	-0.0080317854	0.060137787	0.1127686758	0.036337438	0.0610150998	-0.0436962469	-0.0165028315	-0.0061672829	-0.044466314	0.0515089228	-0.0069986623	-0.0183306303	-0.0178913554	-0.0424817171	0.0362842136	0.0292572269	0.0639190904	0.0307423242	-0.0086078704	-0.0701450409	0.0015015554	0.0039286434	0.0542969968	0.03534374	0.0249584318	-0.1414020912	0.1112218595	0.1196290931	-0.0651501991	-0.0127232519	0.0218634514	0.0376793106	-0.0193221368	-0.1017352351	-0.0084977836	-0.0759439772	0.0498154921	-0.0460264534	0.0378464666	0.1517666514	-0.0012255696	0.09340557	0.0010215042	0.0218780243	-0.0417153836	0.0276197157	-0.0004042103	-0.0367313834	-0.1039521865	-0.0565015256	0.0047173697	-0.098520731	-0.0094403856	0.1555138257	-0.1017715341	0.022913506	0.0417787379	0.0532468256	-0.0988445023	-0.0691518542	0.0678392887	-0.016981682	-0.0149919226	-0.0080414472	0.0031313345	0.0724185876	0.0613981657	-0.011728362	0.0527888038	0.0212034873	0.0144905542	-0.0650868382	0.0276236523	-0.003998935	0.0143968867	-0.0731120725	0.0236308346	-0.0699040294	-0.0694054602	-0.041595027	-0.0173422576	0.1259547147	-0.052457735	0.1063217668	0.0050827747	-0.0743463347	-0.0893757795	0.1076990243	0.0661159855	0.043826474	0.1065016198	-0.0152409096	-0.0540063694	-0.0030452603	-0.0209887846	-0.0330925233	-0.0270169055	0.0059389684	-0.0469307921	-0.0174621114	0.0162829211	0.0860270399	-0.0641051834	-0.0484223518	-0.0449689427	-0.0043613587	-0.0465871087	-0.093374367	-0.0353484926	0.0268421392	0.0085447242	0.0614968685	0.0164264316	-0.0901557361	0.0024167797	-0.0289282927	0.031241904	0.0146908122	0.0488224648	0.0478033907	-0.1737961899	-0.1228193175	-0.0938068956	0.0591900076	0.0487131987	-0.0129954786	0.0898476615	0.0140172556	-0.0061281148	-0.0361175328	-0.0635917563	-0.0649225556	0.006738557	-0.046939558	0.0868243724	0.0136698962	-0.0477805346	0.0418626149	0.0112177228	-0.0499219465	0.0042456841	-0.0600281428	-0.018194025	0.093120487	-0.0476342633	0.0759533632	0.1089180338	0.0299146164	0.0051033556	-0.0001019899	0.0167039617	0.0750185994	-0.0034851147	0.0230492221	-0.0796476241	-0.0632699305	0.047697375	0.0873563013	-0.0035839144	0.1336763907026892	0.0106856501252678	0.0001141831185996	0.017869377431298	0.0242293235310313	0.0144727815821284	0.0005870601187713	0.0002094614067239	0.1876358031323803	-0.011964226657625	0.000143142719515	0.0352071946171333	0.0034021593775235	0.0004809747091383	2.313366708307683e-07	1.1574688430071087e-05	-0.0006582156562653	0.0001196108616291	1.4306758219679624e-08	4.332478501527596e-07	0.0004621215702314	-1.5291051200033105e-08	2.1355634567313477e-07	2.3381624680203387e-16	0.0	0.0	0.0	0.0	0.0	0.0	0.0	0.0	0.0	0.0	0.0	0.0	0.0	0.0	0.0	0.0	0.0	0.0	0.0	0.0	0.0	0.0	0.0	0.0	0.0	0.0	0.0	0.0	0.0	0.0	0.0	0.0	0.0	0.0	0.0	0.0	0.0	0.0
815.2765469340859	-2.194111645199428	4.814125911599739	664675.8479807668	935.4273026077836	-2.861639363195536	875024.238464074	8.188979844990154	774.229414371481	1.5015590981652167	2.254679725282739	599431.1860780064	776.0263227847951	686.0095602251673	0.954664	33.136551	0.0882739263774448	0.0404317760450835	0.006097761	0.0389977196	-0.1261882672	-0.0648583045	0.0673182721	-0.0700517952	-0.024874482	-0.0606250241	0.1057517849	-0.0592759991	0.0566169545	-0.0079760458	-0.0598360367	-0.0038189138	0.0313705444	0.0481292292	-0.0616391771	-0.0035486603	-0.0568062372	-0.0170640628	-0.0226905936	-0.0282907925	0.0160129513	0.0133163523	-0.0502875033	-0.0103269411	-0.0577480501	0.0653025468	-0.0834197603	-0.0206313414	0.0143644523	0.1063877205	0.0044949755	-0.0115861879	0.003235773	0.0343942677	-0.0178088116	-0.0569256588	0.063483463	-0.0837990647	-0.0419211218	-0.0136090247	-0.013126325	-0.0988409446	-0.0668688355	0.0115078769	0.0687031321	-0.0281365667	-0.0951936893	0.00940274	0.0990747761	0.0545836214	-0.0362919914	-0.0208702951	-0.0479648229	-0.171909359	0.1507073871	0.0135667467	-0.0350784881	-0.0571423347	0.0412307278	0.0942231937	0.0627605311	0.0562738152	-0.0649605518	-0.0466174444	0.0722345215	-0.0018881648	-0.0534351173	-0.0605777686	-0.0387455865	0.0144880496	-0.0538418485	-0.0335194432	-0.1275406271	0.0413171348	0.1047894468	-0.1348363539	0.1157485041	-0.0713456258	0.0943966119	0.067807418	0.0179672442	0.0360753476	-0.0255357304	-0.0060703742	-0.0361033302	8.57791e-05	-0.0748213894	-0.0178289633	0.0589660358	0.0369900789	0.0274421368	0.0369826818	0.0515238442	-0.0044429779	-0.0265049436	0.0284266647	0.0744484836	-0.013171214	-0.0683984657	-0.0046091871	0.0046355907	-0.1012671981	0.0066473351	0.0650594121	0.0430595307	-0.0288182417	0.0115101082	0.0011187401	0.0584732644	-0.0176388104	0.1106219006	-0.0365296578	0.0246993057	0.012535808	-0.0059548617	0.0078006466	0.1867900599	0.0936602451	-0.075126841	-0.0307882431	-0.0765162314	-0.0332980796	-0.0296394007	0.1211727121	0.0243361161	0.0052155147	0.067188134	0.074215529	0.093202681	0.0235144606	-0.0693752832	0.030361458	-0.1398974975	-0.139652439	0.066029767	0.0335535586	0.0099067505	-0.1503185238	-0.032013779	0.0091563225	-0.0350829198	-0.0527843932	-0.0624280581	0.0059151295	-0.0405259338	0.0515001712	-0.0123412005	-0.0574023812	0.0568824269	0.0450125379	-0.0326629172	-0.0124354599	-0.056056776	-0.0718043979	0.0557397648	0.0727325391	0.0121213337	-0.0288007437	-0.0772690884	-0.0161090156	-0.0432971398	-0.034262836	-0.0021561029	0.0236691898	0.0218910524	-0.0807879487	-0.060637674	0.0517055788	0.0854361313	-0.0107296473	0.1114961125552724	-0.0221802781474167	0.0004919647386967	0.0124313831149379	0.0509132345148941	0.0266839109838628	0.0025921574487686	0.0007120311053947	0.1916091593769806	0.0039733562446002	1.5787559846504164e-05	0.0367140699571531	0.0036870696167358	0.0002849102392122	8.117384440800997e-08	1.3594482358656278e-05	-0.0003528684261591	0.0003053472301062	9.323693093352868e-08	1.245161261800002e-07	0.0003436514195186	-0.0001184701507128	1.180962981371488e-07	1.4035176609913551e-08	0.0	0.0	0.0	0.0	0.0	0.0	0.0	0.0	0.0	0.0	0.0	0.0	0.0	0.0	0.0	0.0	0.0	0.0	0.0	0.0	0.0	0.0	0.0	0.0	0.0	0.0	0.0	0.0	0.0	0.0	0.0	0.0	0.0	0.0	0.0	0.0	0.0	0.0
814.1574510475629	-1.1190958865230414	1.252375603232792	662852.3550962647	944.0670330420086	8.63973043422493	891262.5628767409	74.6449419760725	773.0219459438562	-1.2074684276248036	1.4579800037107156	597562.9289108261	775.4614336074123	679.3403630951422	0.956087	33.185955	0.1195296218112727	0.0584591782305674	0.0255024968	0.0573067713	-0.119029842	-0.0051533271	-0.0701996344	-0.0297897215	-0.063647175	-0.0584227472	0.0786799462	-0.0137895706	0.046478121	-0.0546691575	-0.0195408265	0.0459052714	0.0222665601	-0.0206138055	0.0520994492	-0.0710596868	-0.0684879117	0.0154666821	-0.0074402136	-0.0470857569	0.0394741707	-0.0532386155	-0.0698379265	0.0009896721	-0.0780902259	0.0493261417	0.0052078644	0.0297590807	0.0036782271	-0.0360664197	-0.0399550523	0.04906267	-0.0445556966	-0.007939754	-0.1049065905	0.0405763039	0.0184459096	0.002586852	0.0558645702	0.0230820391	-0.0680966167	0.0512716763	-0.0027046575	-0.0529592075	-0.0285725391	-0.03368239	-0.0359564313	-0.028467919	0.0950599526	0.0705439766	0.0601057018	0.0932533606	0.0610519871	-0.0055152367	0.0632550832	0.0315765457	-0.1425139126	-0.0752622942	0.0550889906	0.0310354786	0.0131882854	0.0137754285	0.0785972099	0.068114018	-0.0365478589	0.0065421829	-0.0785648039	-0.0783717841	-0.013451041	-0.074571765	-0.127903023	-0.0218763274	-0.0036473323	-0.0371278303	-0.0398989255	0.1165973654	-0.045578377	0.1394729555	0.0334070136	0.0719074223	-0.0120871967	0.0172971367	-0.0740420196	0.0127512036	-0.0089322226	0.0064509501	-0.0532597737	-0.0632141195	0.0244989281	-0.086341005	0.0754729364	0.058274211	0.0450805182	0.046342133	-0.0828229084	-0.0622547718	0.056627673	0.0288745629	-0.0193615457	-0.0057032691	0.0197216075	0.0356257896	-0.0442038104	-0.0534274835	-0.0714026862	-0.0104091637	-0.0263596739	0.0426394268	-0.0200885172	-0.0716847465	0.0130626629	-0.0573123045	0.0409751668	-0.0401313963	-0.1113401226	0.0387611144	-0.0322564186	0.0064957638	0.0120575371	0.0446311985	0.0243120191	0.0995997253	0.0549783995	0.0289960873	0.1450437413	0.0538836982	-0.0053547826	-0.0246825648	-0.0126315114	0.1279799155	-0.0594968856	-0.0363211481	-0.0412248355	-0.1241868228	-0.0343059693	-0.051656386	-0.0337702605	-0.0049218745	-0.0339594662	0.0688503362	-0.038276602	-0.0699458134	-0.0785812503	0.0038302994	-0.0335284058	0.0735461853	-0.0138258177	-0.0466834509	0.0476713943	0.0198801129	-0.0636142737	-0.0702340635	-0.0268001695	-0.0081885253	0.0277511253	0.0279446328	-0.1356278699	0.0409236839	-0.0012072022	0.0238163294	-0.0261116697	-0.0558458396	0.0704134196	0.0125187234	0.0207291319	-0.0818729053	-0.0579119187	0.0555720611	0.0831501106	-0.0178092284	0.1198785729689575	0.008382460413685	7.026564258699768e-05	0.0143708722570736	0.0182222423537439	-0.0326909921611502	0.0003320501163985	0.0010687009684803	0.225490372436198	0.0338812130592174	0.001147936598364	0.0508459080614152	0.0032651191140767	-0.0004219505026591	1.780422266942672e-07	1.0661002829109012e-05	-0.0007710250222463	-0.0004181565960872	1.7485493885123378e-07	5.944795849299074e-07	0.0002922593947205	-5.139202479809997e-05	8.541555380239302e-08	2.6411402128485227e-09	0.0	0.0	0.0	0.0	0.0	0.0	0.0	0.0	0.0	0.0	0.0	0.0	0.0	0.0	0.0	0.0	0.0	0.0	0.0	0.0	0.0	0.0	0.0	0.0	0.0	0.0	0.0	0.0	0.0	0.0	0.0	0.0	0.0	0.0	0.0	0.0	0.0	0.0
809.3286398165751	-4.828811230987753	23.317417904513466	655012.8472273475	931.0138286757548	-13.053204366253794	866786.7491854876	170.38614422718712	770.8755894230488	-2.1463565208073305	4.606846314412149	594249.174368333	773.0300254357702	666.9042041298758	0.944745	32.792255	0.0575954202504921	0.0308915085011386	0.0175569699	0.0609810266	-0.0652325301	-0.0336464172	0.0180899449	-0.0829133831	-0.0034400923	-0.0879610289	-0.0031145629	-0.0184615873	0.0575695372	0.0425719953	-0.0232200004	-0.003863665	0.0142887415	-0.0107232066	0.0828216586	-0.0157304958	-0.032679639	0.0391857624	0.0024976037	-0.0532922485	0.0334055717	-0.0136045832	0.0509296105	-0.0044895594	-0.0525664257	0.0800743451	-0.0225979836	0.0755534524	0.0575256875	0.0379314839	-0.070638131	-0.077635342	0.0141723321	0.0265680838	0.0403117512	-0.0014812561	-0.0564144949	-0.0883938889	0.052977256	-0.0046950387	-0.0139602909	0.0125369338	0.0053586682	-0.0939202764	0.0396096251	-0.0691164573	-0.0324333149	-0.0621822834	-0.0123764444	0.0201344081	-0.0316337043	0.0362572202	0.0207456502	-0.0050176839	-0.0421139279	-0.0092518335	-0.0818944015	-0.0325911544	-0.0613599318	0.0299283501	0.0604221173	0.0274595686	0.0497746091	-0.0689478802	0.1085879436	-0.0457976045	-0.0310813766	-0.0146524479	-0.0746238444	-0.0038082781	0.1284454758	-0.1628627254	0.0420880673	-0.0327657061	-0.015286817	0.102257978	-0.0385365996	0.0019702537	0.1019386195	0.0368785613	-0.0360988829	-0.0007468464	-0.0423040861	-0.0112885237	-0.0676621997	0.0023558784	-0.0125668548	-0.0561837338	-0.0362316951	-0.0752829653	-0.0004934653	0.0063164538	0.0999205367	-0.0204689032	0.0474377059	0.0468934036	0.0290469071	0.004399595	-0.0075451288	0.0283878837	-0.031205582	-0.0380598766	0.0174837341	-0.0094206222	-0.0200180098	-0.026825471	-0.0345438617	-0.0181382426	0.125800402	-0.0233782223	-0.0323873262	-0.1036999716	-0.0617216491	0.0098300499	0.0071281196	-0.0664674989	0.015615213	0.0284315235	0.010303959	0.0328499123	0.07575609	0.0731489537	0.1486951588	0.0879339442	0.0239741365	-0.0340439706	0.0597499432	0.0516947852	-0.0136777436	-0.0945815281	-0.0147875842	0.0011219996	-0.0499514823	0.0045772127	-0.0806095329	0.0131357981	-0.1026789181	-0.0821087441	-0.0963477262	0.0173114092	-0.0350790802	-0.0675871541	-0.0793641624	-0.0001062527	-0.0325967107	0.0662919338	-0.0266266167	-0.0375494492	0.0017015734	0.0684574442	-0.0340861116	-0.0293240475	-0.0365781343	0.0092991001	0.075411496	-0.069293185	-0.0536843413	0.0159681612	0.0130636722	-0.0014965293	-0.0080658148	0.0359733152	0.0452770854	0.0117708051	0.0195636596	-0.0829017503	-0.0550968674	0.0592862243	0.0805080284	-0.0247790096	0.1206549148819959	0.0007763419130383	6.027067659401144e-07	0.0145576084851816	0.0164841943931719	-0.001738047960572	0.0002717286647918	3.0208107132484883e-06	0.2536994141547097	0.0282090417185117	0.0007957500346767	0.0643633927424429	0.0035791937117727	0.000314074597696	9.864285291790427e-08	1.2810627626393236e-05	-0.0008236748054415	-5.264978319519998e-05	2.771999670501562e-09	6.784401851190928e-07	0.0004629747869967	0.0001707153922762	2.143456533946398e-07	2.9143745160016853e-08	0.0	0.0	0.0	0.0	0.0	0.0	0.0	0.0	0.0	0.0	0.0	0.0	0.0	0.0	0.0	0.0	0.0	0.0	0.0	0.0	0.0	0.0	0.0	0.0	0.0	0.0	0.0	0.0	0.0	0.0	0.0	0.0	0.0	0.0	0.0	0.0	0.0	0.0
810.9972208396588	1.668581023083675	2.784162630594964	657716.4922096502	938.7927670976528	7.778938421898033	881331.8595548678	60.51188297168146	772.276159196126	1.400569773077109	1.9615956892572644	596410.46606272	774.917851342714	664.5567408522514	0.929071	32.248222	0.105985906291813	0.0629856241332698	0.0361910188	0.110760576	-0.0605385804	-0.0056246204	0.0530484516	-0.0754823299	-0.0799703273	-0.0780101325	-0.0094692401	0.0006213221	0.0619567829	-0.0204882459	0.0097098214	0.0599804158	0.0379127387	0.0278726513	-0.0465208896	0.0143862546	-0.0652019154	0.0253953965	-0.0220701018	-0.0545283329	0.0621149416	0.0045115207	0.0560915256	0.0215727993	-0.0418065234	0.0561012278	-0.0442749469	0.1068490274	-0.0026779496	0.0733388436	-0.0617593232	0.031535509	0.1572098234	0.0356087761	0.1085420959	0.0147930439	-0.0505887104	-0.1073042372	0.0382354918	-0.1306086461	-0.0100245112	-0.0642497055	-0.0715835991	0.0342889538	-0.0587708382	0.0402339155	-0.0967151881	0.041329826	0.057086144	-0.0657432584	0.1222714687	-0.1057516894	-0.0351744748	0.0148465565	-0.0216330899	-0.0497518626	0.0214459071	0.0214051291	0.0359069907	-0.0458022294	-0.1138957967	-0.0371029981	-0.0344047257	0.0377840794	0.0635833883	0.0040712754	-0.0126623179	-0.048332868	-0.071669826	-0.0029516177	0.0214051526	-0.1190689757	0.0436694079	-0.0584139758	-0.0904750925	0.0169134012	-0.0353719984	-0.0429098374	-0.0690780711	0.0766285704	-0.020774063	0.0187172252	-0.0477551504	0.0136620358	-0.0902831033	-0.0025390078	0.0135652517	-0.0851306872	0.017299835	0.0161944594	0.035390013	-0.0013172054	0.13005924	-0.1061041025	0.0588514519	-0.0467589945	0.0413707729	-0.0456505211	0.04059144	0.006789993	-0.1184785804	0.0437884373	0.0552459595	0.0235976272	0.0320577077	0.0780720711	0.0796374353	-0.065515223	0.0743939929	0.0142100059	0.0145600373	-0.0015556236	0.022471532	0.0502865094	-0.079543905	-0.083861298	0.0781532514	-0.1324455232	-0.1283324672	0.0844360004	-0.0074845512	-0.0050035045	-0.099964563	0.0093860561	-0.051625196	-0.1045385924	0.1055889705	-0.0111900147	0.0195717101	0.0619233081	0.0415704768	0.0363969048	0.0453998535	0.0967816397	-0.0043197342	0.0038499073	-0.0787479918	0.0184789577	0.0031551838	0.0122005882	-0.0462591922	-0.0788384212	-0.0887359162	0.0021586575	-0.0069795086	0.0965716144	-0.0212711879	-0.0311709149	-0.0253327364	0.0780982878	0.0012132981	0.0122678046	-0.0204045999	-0.0941320881	0.0966313753	0.0038649477	0.015252675	0.0995010032	0.0245654939	-0.0359387373	-0.009389793	-0.0520229046	0.0523279745	0.015773738	0.0183948351	-0.0838737786	-0.0521968607	0.0628378881	0.0775211985	-0.0315960199	0.1247500877295237	0.0040951728475278	1.6770440651129e-05	0.0155625843885238	0.0426988603811651	0.0262146659879932	0.0018231926778502	0.000687208712862	0.2370844321279577	-0.0166149820267519	0.0002760576277492	0.0562090279574361	0.0045866643529869	0.0010074706412142	1.0149970929085515e-06	2.103748988696074e-05	-0.0006499420469971	0.0001737327584443	3.0183071356700224e-08	4.224246644547806e-07	0.0004629930959289	1.8308932199983738e-08	2.143626068778276e-07	3.3521699830360136e-16	0.0	0.0	0.0	0.0	0.0	0.0	0.0	0.0	0.0	0.0	0.0	0.0	0.0	0.0	0.0	0.0	0.0	0.0	0.0	0.0	0.0	0.0	0.0	0.0	0.0	0.0	0.0	0.0	0.0	0.0	0.0	0.0	0.0	0.0	0.0	0.0	0.0	0.0
807.8227755539215	-3.174445285737306	10.077102872139807	652577.6367036414	929.2564784091732	-9.536288688479658	863517.6026654181	90.94080195002508	771.3188496539717	-0.9573095421542348	0.9164415594995506	594932.7678315262	773.5895494298634	663.2218592989341	0.989903	34.359711	0.1117633998666036	0.0613053776192009	0.0141489048	0.073527349	-0.0394369462	-0.0017287906	-0.0133037926	-0.0723259743	-0.0625431338	-0.0320497682	-0.0314717532	-0.042182277	0.081039747	0.0090674974	0.0001214498	0.0309234707	-0.0741093037	-0.0152101589	-0.1059346899	-0.0215114323	-0.027144632	0.0321207512	-0.0066208464	-0.0423523795	0.0237343805	-0.0601453477	-0.035646209	-0.0281971686	-0.095077317	0.0446485838	-0.0275032097	0.0020806561	-0.0596038207	0.0391909192	-0.0474650294	0.0184693125	0.1423110245	0.0133622132	0.0394390357	0.0531761709	0.0713638747	0.0007771556	-0.0517336343	0.0351281397	-0.0443588004	0.0156745881	-0.1101916847	0.0343171305	-0.0379880582	-0.063800962	0.0555521037	-0.0662253079	-0.0053907935	-0.065342129	-0.0675266317	0.1202742328	0.0523474652	-0.0397998944	0.0136798511	0.0230670503	0.0068207549	-0.0519352474	-0.0280715526	-0.0076494835	0.0619507362	0.0596423424	-0.1570359819	0.0296640642	-0.0414843165	0.0101501017	0.0346851325	-0.0112656861	-0.0149814706	-0.047417895	0.0398556137	0.0156211576	0.0916816405	-0.0346906343	-0.0102590413	-0.0158771046	0.0338966177	0.0498657377	-0.0118438797	0.0413236966	-0.032670545	-0.0015001317	-0.0854214046	0.0123066767	0.0041863743	0.0551482995	-0.0221449136	-0.019042415	0.0944249909	0.0355387425	0.0810511707	-0.0096051227	-0.0003192365	-0.0458851914	0.024893517	-0.0483228405	0.0703723598	-0.0140838848	0.0266905808	-0.008311666	-0.1419946304	-0.0031889271	0.0059445023	-0.0343465982	0.0291400132	-0.059616198	-0.0223489516	-0.0355849833	0.0620955928	-0.0138732413	-0.1026138632	-0.1015222492	-0.0069840002	0.0114580016	-0.0048184864	0.0504502719	0.0543995738	0.019449978	0.0794829813	-0.0906540698	-0.002117479	0.0662317739	0.0624921804	-0.028016615	-0.0074077301	-0.0121055647	-0.068600428	-0.0081199859	0.0828953206	0.046830023	0.0099659019	0.0617614924	0.000295854	-0.0624592607	0.040295487	0.0725069795	0.040218625	-0.0581300835	0.0436934142	-0.0052204453	-0.0389633984	-0.0681439016	-0.0821964937	-0.0070893426	-0.0272791174	0.0774223219	-0.0656224302	-0.0713230831	-0.011274467	0.0654591875	-0.0470099275	-0.0786473847	0.0225063989	-0.0374086867	0.0408711049	0.0568465859	-0.032712659	-0.1217184011	-0.0494553432	-0.0462635548	-0.0775157531	0.0085022039	0.042551812	0.0176304798	0.0172228587	-0.084788324	-0.0492163702	0.0662173176	0.0742024108	-0.0382182304	0.1338889562349123	0.0091388685053885	8.351891755878341e-05	0.0179262526016742	0.0250442814213016	-0.0176545789598635	0.0006272160319093	0.00031168415825	0.2561345532598693	0.0190501211319115	0.0003629071151405	0.0656049093736328	0.0036192750407838	-0.0009673893122031	9.358420813647872e-07	1.3099151820840575e-05	-0.000852897001452	-0.0002029549544548	4.119071353779052e-08	7.274332950858129e-07	0.0006110454546597	0.0001480523587308	3.7337654766027954e-07	2.19195009257535e-08	0.0	0.0	0.0	0.0	0.0	0.0	0.0	0.0	0.0	0.0	0.0	0.0	0.0	0.0	0.0	0.0	0.0	0.0	0.0	0.0	0.0	0.0	0.0	0.0	0.0	0.0	0.0	0.0	0.0	0.0	0.0	0.0	0.0	0.0	0.0	0.0	0.0	0.0
811.7048273086815	3.882051754760028	15.07032582663541	658864.7266762165	937.662952461628	8.406474052454882	879211.8124190574	70.66880599459721	772.307328183752	0.9884785297803091	0.9770898038366416	596458.6091663257	774.0540842617805	659.1650694328108	1.083087	37.594128	0.0820570798502913	0.0415802876321481	0.0549491385	0.1230936723	-0.0871311216	0.0456007051	-0.1049926757	-0.0341652245	-0.1198203734	0.0125787919	0.0017114915	-0.0462290693	-0.0038044245	0.0003880008	-0.0204850264	0.0263809656	0.0596446224	0.01386044	0.0566298768	-0.071936687	-0.0566072993	0.0104504593	-0.0067668667	-0.0857384164	0.0649979636	-0.1268589558	-0.0497186618	0.0873152307	-0.048269337	-0.0175111201	-0.0870650852	0.0305034615	0.0281943066	0.0447624067	-0.0923019671	-0.0523209662	-0.0013110816	0.1301348924	-0.0045091112	0.0169461761	-0.028721382	-0.0092626969	-0.1401852185	-0.0614232523	-0.0368086585	-0.0471974117	0.0435984835	-0.0071490407	0.0274204239	0.0086199491	-0.0161273039	-0.0999406685	-0.0205287177	-0.0005477539	-0.0365146111	0.0475543671	0.0107436094	0.0323388084	0.0019745181	-0.0690291114	0.0081314108	-0.1134016394	-0.0727713064	-0.0612951285	-0.1082133691	-0.0727669063	-0.0234614414	0.0354877073	-0.0342470448	0.0311942121	0.0475880134	0.0781419867	0.0051575831	0.0800647577	0.0032182333	0.0250233116	0.032839641	-0.0307367509	-0.0574343773	0.0213563216	0.0042846196	0.0575534193	-0.0427250557	0.0628380287	-0.0136411855	-0.0143143717	-0.1355102728	0.0464928798	0.069079852	0.0176287123	0.0232540172	-0.0860892639	-0.020391679	-0.0351258404	0.0172846961	-0.024650107	0.1254567334	0.0661389714	0.0057284846	0.02495338	0.0643384684	-0.1100335825	-0.0488052189	-0.0118789074	-0.0206531317	-0.0225175174	-0.0104737239	-0.0285722653	0.1187964813	0.055850069	0.012011366	0.0049913408	0.0983490688	0.0816552188	0.0076810175	0.0570609769	-0.0736785034	-0.0320142329	-0.0421772799	-0.0682247058	-0.0055749829	0.011679197	0.1002426638	-0.0127499592	0.0024860962	0.0937243405	0.032509375	-0.0377334752	0.017723162	-0.0611266583	0.0315365766	0.0109682704	0.0946860881	0.0523031857	0.0493289088	-0.0417435505	0.1220414367	0.0566533261	0.032736656	-0.0382968967	0.0521770324	0.0260650861	-0.0828548351	-0.0080658029	-0.0535947329	-0.0946214644	-0.0931460975	0.0129866016	-0.0435761851	0.1098403784	-0.0183192694	-0.0194234231	0.0014012076	0.0129426431	-0.0590168541	-0.085706266	0.0327228548	0.0041147465	0.0681430722	-0.0178674456	-0.0653598825	0.134491009	0.0456230129	0.0197760907	0.0447638714	-0.1187947368	0.0948203099	0.0214264472	0.0160479313	-0.0856447597	-0.0461599916	0.06941525	0.0705658771	-0.0446048127	0.1234470717111548	-0.0104418845237574	0.0001090329524074	0.0152391795140589	0.0581193022674568	0.0330750208461552	0.003377853296056	0.0010939570039736	0.2363913132831356	-0.0197432399767336	0.0003897955247788	0.0558808529957255	0.0034431923653072	-0.0001760826754765	3.1005108602997534e-08	1.1855573664509792e-05	-0.0008012057832309	5.169121822110002e-05	2.6719820411813828e-09	6.419307070826399e-07	0.0004628806582845	-0.0001481647963752	2.1425850381389205e-07	2.195280688490449e-08	0.0	0.0	0.0	0.0	0.0	0.0	0.0	0.0	0.0	0.0	0.0	0.0	0.0	0.0	0.0	0.0	0.0	0.0	0.0	0.0	0.0	0.0	0.0	0.0	0.0	0.0	0.0	0.0	0.0	0.0	0.0	0.0	0.0	0.0	0.0	0.0	0.0	0.0
808.6895056820113	-3.015321626670243	9.09216451226528	653978.7166002158	923.950026386916	-13.712926074712072	853683.6512603827	188.04434153051824	768.7787526194888	-3.5285755642631784	12.450845512715208	591020.7704791772	770.4801243246037	655.7531693364733	1.40994	48.939274	0.3269716052343372	0.2523520960831467	-0.0333478866	0.0216471869	-0.0329748701	0.0250546674	-0.051394227	-0.0389969707	0.0228311503	0.0146591419	-0.0317368628	-0.063047117	-0.0482564632	0.0817148911	0.0580278449	0.0205781117	0.0135786895	0.0536179442	0.0011062059	0.1217099401	0.0316436566	0.0196599005	0.0403087538	0.0508789153	0.0217441083	-0.0454521241	-0.0683419941	-0.0618779468	-0.0413839709	0.1120463566	0.00538501	0.0947860506	0.0130836504	0.0264337273	0.169602109	0.0366231991	0.0131054231	-0.0197213717	-0.0438348593	-0.1190743284	0.1048660163	-0.0300266236	0.0941502874	-0.0308611853	0.1806050394	-0.0391490421	0.0648831646	0.0527453443	0.0101021789	0.0670086339	-0.0357120891	0.0547882783	-0.015138843	-0.0666706653	0.1089109156	0.1489982677	0.0644491413	0.0792661497	0.0936195684	-0.03138701	0.1005346922	0.0706776982	0.0381324031	-0.0122494849	-0.0291335254	0.1302320185	-0.0642853972	-0.0605012816	0.0137626123	-0.0930972495	0.0304786796	0.0794458814	0.1246030009	0.0058949395	0.0804079939	0.0731391392	0.0623144889	0.1608559801	-0.0416453746	0.1204998438	0.0298204362	0.0125899025	0.0500470096	-0.0141421423	-0.0108243885	-0.0457214257	0.0089766548	0.0298453646	0.0150719906	0.1013126765	-0.0750894753	0.0938250244	0.0817398113	-0.0041737208	-0.0040014379	0.0414039609	0.097122278	-0.1121754153	-0.1014006989	0.079567503	-0.0515236715	-0.0772073023	0.060685788	0.0194061251	0.0497874808	-0.037554162	-0.0295039629	0.0562286025	-0.0968492441	0.0547609504	0.0316798384	-0.1130349383	0.0742578847	-0.0927741476	-0.0468703514	0.0796453108	-0.1106432826	0.085637345	-0.0679705135	0.0833119173	0.1638822091	-0.173970617	-0.03386992	-0.0696862554	0.056011148	0.0121574749	0.1053946396	-0.0690077447	0.0135710469	0.1267474059	-0.1385435846	0.0128056497	-0.0322552395	-0.0769059919	-0.098481767	0.0015881667	0.0243849818	-0.1064302996	0.0037042137	0.0294735496	-0.0210943132	-0.0112493802	0.0149626723	0.0692180417	-0.0222866651	-0.0013915979	-0.0162029408	0.0303992814	-0.0892702688	0.0193025631	-0.0198831533	-0.0140553866	-0.0057330666	0.0306214853	-0.1037953847	-0.0815703722	-0.0244414312	-0.0330125577	0.0493546498	-0.0405108229	0.1217424171	-0.1411502776	0.043022033	-0.1097953493	0.0203329647	0.1878533244	-0.0914564103	-0.0895588223	0.0148702542	-0.0864424987	-0.0430324377	0.0724229201	0.0666271694	-0.0507163915	0.0635860087562179	-0.0598610629549369	0.0035833468580949	0.0040431805095458	0.0579594256965094	-0.0001598765709473	0.0033592950270691	2.556051793789799e-08	-0.0097566115835974	-0.2461479248667329	0.0605888009161988	9.519146959318696e-05	0.0033091245892683	-0.0001340677760389	1.7974168572016682e-08	1.0950305547300096e-05	-0.0005202373302566	0.0002809684529743	7.894327156677146e-08	2.7064687979251464e-07	0.0004618620704633	-1.018587821199955e-06	2.1331657213264638e-07	1.0375211494968721e-12	0.0	0.0	0.0	0.0	0.0	0.0	0.0	0.0	0.0	0.0	0.0	0.0	0.0	0.0	0.0	0.0	0.0	0.0	0.0	0.0	0.0	0.0	0.0	0.0	0.0	0.0	0.0	0.0	0.0	0.0	0.0	0.0	0.0	0.0	0.0	0.0	0.0	0.0
815.4922586729878	6.802752990976501	46.27744825623973	665027.6239555712	931.6386278454302	7.688601458514199	867950.5328937159	59.11459238786667	767.9455544336181	-0.8331981858707422	0.6942192169382959	589740.3745743571	770.1038376411383	685.0237023851198	1.795627	62.326538	1.7220469062648278	1.3149031220401164	0.0201723888	-0.2434586425	-0.0928284376	0.1918734218	-0.0069960087	-0.0193294174	0.1690045718	0.1185158715	0.0779540688	0.1077177291	-0.0128770549	0.0749866542	0.3196170003	0.0790457038	-0.1973450085	0.0470923028	0.1206437904	-0.0784083312	0.1688509487	-0.1074727122	0.0653564657	0.1851689238	-0.0380021721	0.0425613638	-0.1045213121	0.153430729	0.1329593888	0.1941971604	0.0538409451	0.0594887825	0.0275680786	-0.082990645	0.0808793096	-0.0337189562	0.0533125768	-0.009581178	0.1112988928	-0.129693047	0.0006366222	0.0791512114	0.0170763041	-0.0100599417	-0.1386890863	-0.1156644379	-0.0158848768	0.0328013619	0.0252973452	-0.0633374689	-0.0151293182	0.0783967275	-0.0518436234	-0.0217736307	-0.0415187503	0.0477360833	-0.0333756544	-0.0514824504	0.1244123449	-0.0375137297	-0.1696897599	0.0234165829	-0.1090110907	0.025191751	-0.0248946272	-0.0437283671	0.0464199053	0.075605912	0.0668298709	0.0527336262	-0.0160151556	0.155244832	0.0233467271	-0.0491005997	0.1509250533	0.0229436049	0.045638086	-0.0562829057	0.0655914731	0.0123217959	0.0105346667	0.0220725071	0.0699812772	-0.209220032	0.1117975036	-0.0433447342	0.145718002	0.0782771169	0.0379754932	-0.0718206445	-0.0005266498	0.0691333832	0.2716351686	-0.1611035935	-0.1788273888	-0.0413635117	0.0070982291	-0.0443904226	0.0374906117	0.0365854146	-0.0810468751	-0.0205982348	0.0512260723	0.1071893466	-0.0731939961	-0.0401741882	-0.0249742273	0.1464616836	-0.1114691354	0.0668318346	-0.160345941	-0.0072123263	0.1218257195	0.0823931614	-0.0285233945	-0.0042022355	-0.042293086	0.0056077973	-0.1562293351	-0.0899000586	0.0314298034	0.0108285324	0.0763648151	-0.0171848272	0.0539832925	0.0881268854	-0.0961330638	0.0277692713	0.1536942017	0.1009003835	-0.0645476455	-0.0829005596	0.1148414331	0.0115736649	0.0339090662	0.0621635652	-0.0320384554	0.0974033349	0.1070483728	0.0454596763	-0.1035598468	-0.0057237351	0.0554334549	-0.0048547199	0.1237777413	0.2151316002	0.0732079447	0.0354096761	-0.0874517659	0.2666329121	0.098169984	0.1736144925	0.0329909089	-0.0788740791	0.0765326387	-0.2135641038	-0.0168707696	-0.1226363707	-0.0064824238	-0.0415883283	0.0468563454	-0.0295671517	-0.0450269599	0.0423252365	-0.0294664815	0.1831764063	-0.1226886024	0.100362451	0.0136900291	-0.0871809944	-0.0398385309	0.075232084	0.062403154	-0.0565152869	0.0255713201112399	-0.0380146886449779	0.0014451165527746	0.0006538924122315	0.0579810826993991	2.165700288969674e-05	0.0033618059509945	4.69025774164333e-10	-0.6979096727832825	-0.6881530611996851	0.4735546356384976	0.4870779113644685	0.0217034596929883	0.01839433510372	0.0003383515639079	0.0004710401626451	0.0005123913503781	0.0010326286806347	1.066321992069361e-06	2.625448959422928e-07	0.0009520482744541	0.0004901862039908	9.063959168910292e-07	2.402825145829102e-07	0.0	1.0	0.0	0.0	0.0	0.0	0.0	0.0	0.0	0.0	0.0	0.0	0.0	0.0	0.0	0.0	0.0	0.0	0.0	0.0	0.0	0.0	0.0	0.0	0.0	0.0	0.0	0.0	0.0	0.0	0.0	0.0	0.0	0.0	0.0	0.0	0.0	0.0
818.2198897530158	2.7276310800280044	7.439971308734737	669483.7879874372	924.8087022569443	-6.829925588485821	855271.1357701735	46.64788354425339	774.6035851647432	6.658030731125109	44.32937321660636	600010.7141500736	775.203560324713	683.0540654745375	1.950055	67.686752	1.0790587130135334	0.6968179658018497	-0.1050541285	-0.2207678082	-0.059513121	0.1288824715	0.0519299506	-0.0831352183	0.0156224066	0.1779971924	0.1680952435	0.1778284843	0.067099147	0.0672977195	-0.3651777104	-0.0553636951	-0.0750236496	-0.0568890458	-0.1627855723	-0.0401489861	0.0136920251	-0.1406006618	0.011865318	-0.0023381014	-0.2094426265	0.208060659	-0.103751695	-0.073787604	-0.1020384623	-0.0837143585	-0.0800910339	-0.0591772257	0.0954198453	0.0804694487	-0.2211675014	0.0361972308	-0.0083550569	-0.0511686337	-0.0598878738	-0.0125078376	-0.0449022742	-0.0270981069	-0.0476166521	0.0751841207	-0.0865498641	0.0590618332	-0.0779763749	-0.1321130248	0.0509278573	-0.0795634448	0.0096465139	-0.0438820078	-0.0683844767	-0.0051033717	0.0037285792	0.0034440918	0.0827241615	0.1003614255	0.0221211762	0.0747927604	0.064071928	0.0613322242	-0.056558044	0.0934957724	-0.0426159036	-0.0398101696	-0.0490622347	-0.0472190965	-0.0295623389	-0.0485187874	-0.0777272324	-0.0085577101	0.0420534028	-0.0157133045	-0.0036236252	0.0012903418	0.0558738342	0.0220838378	-0.0025884988	0.0751037842	0.0642265302	-0.0285672787	0.0803847708	-0.0206497326	0.1899606555	0.0237083812	0.0537372142	-0.1199289659	0.0532331616	-0.1590244468	-0.2870532301	-0.0822843034	-0.268257455	0.1234686593	0.0166434791	-0.017509694	-0.030481935	0.1072852709	0.0976704292	0.0057293514	0.0746699472	-0.0705588015	0.0264062559	-0.061904791	-0.0799636764	-0.0529386072	0.082135318	0.0374643706	-0.0973520657	-0.0379906762	-0.0684690429	0.051486806	0.0737658494	0.0854960542	0.0222054403	-0.1442920935	0.0427247083	0.0591340153	0.0214547701	0.0519707015	-0.0003999948	0.0431496079	-0.0158204536	-0.0154197467	-0.0474546071	0.1174995535	0.024537026	-0.0003704762	-0.091550363	0.0687353897	-0.0419664646	-0.1437268426	-0.0426957374	0.0013315616	-0.0316101919	0.0344005299	-0.0557434191	-0.001995737	0.0325200084	-0.0447298852	0.0613925379	0.0539217633	-0.0074583354	-0.0392593499	0.0163277374	0.1936356103	0.0124615484	0.0421302193	0.0313932465	0.013247544	0.0529118881	-0.312897652	0.0415971639	-0.0515314417	0.0693306242	0.2234749497	0.0137969326	0.0768649498	-0.133618838	0.1535898142	0.1186902074	0.1639047698	-0.0846185888	0.1497751213	0.1068722092	-0.2024025581	0.0824581667	0.0834373684	0.0125074584	-0.0878597406	-0.036583196	0.0778350419	0.0579119187	-0.0619657467	0.0067307831434817	-0.0188405369677582	0.0003549658332334	4.53034417245774e-05	0.1488137119881685	0.0908326292887694	0.0221455208756975	0.008250566543511	-0.2090779021332167	0.4888317706500658	0.2389564999968785	0.0437135691604269	0.0148397156212541	-0.0068637440717342	4.711098268226637e-05	0.0002202171597196	0.0011570270794267	0.0006446357290486	4.1555522316602e-07	1.338711662526679e-06	-0.0011506474469019	-0.002102695721356	1.3239895470618603e-06	4.421329296608829e-06	0.0	0.0	1.0	0.0	0.0	0.0	0.0	0.0	0.0	0.0	0.0	0.0	0.0	0.0	0.0	0.0	0.0	0.0	0.0	0.0	0.0	0.0	0.0	0.0	0.0	0.0	0.0	0.0	0.0	0.0	0.0	0.0	0.0	0.0	0.0	0.0	0.0	0.0
814.2561865544558	-3.9637031985599833	15.710943046274645	663013.1373422047	918.827008436826	-5.98169382011838	844243.0714329671	35.78066095764242	772.8458287531598	-1.7577564115833866	3.089707602462504	597290.6750211584	773.3037440835994	687.4935606865033	1.957185	67.934235	0.5461101210241286	0.4184194080330821	-0.1116802847	-0.0657479093	-0.0758567709	-0.1692343823	-0.0555479607	-0.0251615541	0.2293439826	-0.0551781597	-0.0081034287	-0.2221159041	-0.231260011	-0.1549757968	-0.0119526317	0.082696357	-0.0163820679	0.1216359972	0.009746437	-0.0227361236	-0.0054833213	-0.0951809806	0.0467926031	0.1410407097	0.0007277035	-0.0056809424	-0.0181994446	-0.1943954655	-0.0131938385	0.0873696851	0.06564877	-0.0425989238	0.0429221482	-0.1979569308	0.0953229335	0.0657434521	0.0677737294	-0.0170081083	-0.0525062746	0.0545498332	0.0747821547	0.0786782687	-0.1028042549	-0.043539599	0.0130340146	0.0195050316	-0.0021007932	-0.0226511629	-0.0073330656	0.0285562655	0.0775524441	0.1035067885	-0.0387841021	0.1426243657	-0.0283172125	-0.0503427187	0.141747842	-0.1189521847	0.0332790938	0.0225268819	0.0257765668	0.0065671936	0.0560498306	0.0858409354	0.0021592356	-0.0437388977	-0.0628738409	0.0003978977	0.0557849576	-0.0645043845	0.0812966651	0.0502586257	-0.0049365211	0.1233330666	-0.0969142464	-0.0643554698	-0.0727633156	0.007244271	-0.0736658591	-0.0161917764	-0.0136713474	0.0290386556	-0.0625855345	-0.0011312845	0.1041435491	-0.0130923903	0.1078363978	-0.0126285695	-0.0574293379	0.2025865536	-0.1004583954	0.1591954087	0.0426871588	-0.1367086358	-0.0071795586	0.1211777383	-0.0652851482	0.0596396942	-0.162815971	-0.0411683054	-0.1685239031	0.092908325	0.0370787995	-0.1077208185	-0.0368892183	-0.0092731575	-0.057714548	-0.04489197	0.158849499	0.044581328	0.0714344103	0.0479414238	-0.1397610241	0.0490884089	-0.0213202384	-0.0517110427	0.0890622981	0.0143605168	0.0144473731	0.0102949915	-0.0344876783	-0.0098249795	-0.1223033568	-0.0705432542	0.0504039191	-0.0052566757	0.0023396653	-0.0506516466	-0.0166058776	0.0405238581	-0.0335217	0.0410118353	0.1588403984	0.010578164	-0.0298148888	-0.0185590558	0.1073123877	-0.0236619789	0.0702562462	0.0974060649	-0.0289420405	-0.0742106075	-0.1701171763	-0.0951726153	-0.0397149309	0.1037583406	-0.0280764009	0.0141574865	-0.0258902135	-0.0418504888	0.0505186807	0.0804081077	0.1688985386	-0.0266181589	-0.0757983154	0.1079374587	-0.0957937859	0.0524911527	-0.0573621345	0.0598717216	-0.0547213674	-0.0942763206	-0.0063659916	-0.0534736023	0.0240622548	0.0706557235	-0.022884352	-0.1292998311	0.0113227445	-0.0884782721	-0.0332714524	0.0802246594	0.0531726956	-0.0670341672	0.0268999082639993	0.0201691251205176	0.000406793608127	0.0007236050646115	0.1367653457763538	-0.0120483662118147	0.0187047598053256	0.0001451631283739	-0.0862428936688104	0.1228350084644063	0.0150884393044507	0.0074378367083697	0.0077789404742392	-0.0070607751470149	4.985454567670329e-05	6.051191490175679e-05	0.001316386909492	0.0001593598300653	2.5395555438441328e-08	1.7328744954818992e-06	-0.0005496299994343	0.0006010174474675	3.0209313627814865e-07	3.612219721604692e-07	0.0	0.0	0.0	1.0	0.0	0.0	0.0	0.0	0.0	0.0	0.0	0.0	0.0	0.0	0.0	0.0	0.0	0.0	0.0	0.0	0.0	0.0	0.0	0.0	0.0	0.0	0.0	0.0	0.0	0.0	0.0	0.0	0.0	0.0	0.0	0.0	0.0	0.0
819.395725841121	5.13953928666524	26.414864079175445	671409.3555266976	954.3613493948272	35.53434095800128	910805.5852187156	1262.6893873194874	780.0853517870058	7.239523033846012	52.41069375758697	608533.1560726566	782.355622273466	696.6013960737369	1.552335	53.881821	0.3158961530102931	0.2317753133832247	-0.0672859854	0.0414697188	-0.0989014448	-0.0924377951	0.0908842305	-0.0068263785	-0.0453482642	-0.0739766553	0.1071083882	0.143220031	0.074893019	-0.2169446468	0.093442278	0.0299223196	0.0813987036	0.1000843051	-0.0393025162	-0.0016357829	-0.1566407578	-0.1242419365	-0.0380928709	-0.0168652492	-0.057805228	0.0683279912	0.0300477667	-0.0221797643	-0.0006878755	-0.0294469567	0.0158831433	0.0613008406	-0.0568828253	0.0375206621	-0.0635386678	-0.0924322134	-0.1260939716	-0.0285439802	0.0499022507	0.015794625	0.0042064574	-0.0095863167	-0.0138251087	-0.0516676052	0.052536	0.0001631523	0.1207707771	-0.0475441884	0.0718763099	0.0635646749	0.0506986542	-0.0034341206	-0.1639655249	0.1273149964	0.0395220821	-0.0322153037	-0.0207098303	-0.1353860826	0.1203312605	-0.0385006138	0.0092356911	0.0302792557	0.053927109	-0.0215591829	-0.0948923993	0.0989657899	-0.0334189039	-0.0621375961	-0.1134763376	-0.0086872712	-0.1084793847	-0.0047140861	0.017919264	0.0646221248	-0.1754880916	0.0365508084	-0.0098538024	-0.0080076776	0.0181714982	-0.0279505013	-0.0781736188	-0.0360440914	-0.1022018598	0.137366258	0.1233242013	0.0781553095	0.0530426777	-0.0459174179	-0.0809323943	-0.0780016134	0.0046427156	-0.0661644165	-0.010824055	0.0077735048	0.1031829545	0.0864426954	0.0377731139	-0.0298177062	0.1068985378	-0.0393566416	-0.0418962506	0.0472445216	0.0332471518	0.0832759751	0.0887752652	0.0830513522	-0.0940223399	-0.0102065561	0.0878874776	0.0639810766	0.0804859799	0.0663823326	-0.1598587946	0.011979958	0.0486692156	0.0950873269	-0.0602035548	0.0559134565	-0.0148188351	-0.0878466136	-0.0778058396	0.0542889309	-0.0576045638	-0.2683169562	0.0319322068	-0.0796336129	0.0148519769	-0.0507069066	0.0080528649	0.0991368795	0.0913112098	-0.0246897475	-0.0688824127	0.0192778778	-0.0803208521	0.0029003545	0.0501255107	-0.0584843965	0.1602121955	-0.1348164558	0.0727423793	0.0666485436	-0.0377172411	0.0353921071	-0.0702871196	0.0074841305	-0.0747643536	0.0377235462	-0.0436038256	-0.0534498524	0.0183315228	-0.064836718	0.0540783481	0.0894632547	0.0603809715	0.1319859742	-0.0671212821	0.0336118619	-0.0768388533	-0.0325658439	-0.0118886616	0.0403166303	-0.0440352158	-0.080640089	-0.1036594227	-0.1023241592	0.0338206908	0.0356868138	0.0101360905	-0.089036165	-0.0299084066	0.0823943867	0.0482057789	-0.0716892996	0.0256006611663508	-0.0012992470976484	1.6880430207480427e-06	0.0006553938521543	0.1326709763740439	-0.0040943694023098	0.0176015879720421	1.676386080257148e-05	0.0807657748125194	0.1670086684813297	0.0278918953479067	0.0065231103810665	0.0053872603860296	-0.0023916800882095	5.720133644338278e-06	2.90225744668838e-05	0.0008440419564277	-0.0004723449530643	2.2310975468531585e-07	7.124068242102994e-07	-0.0005437776801281	5.852319306200063e-06	2.9569416540549817e-07	3.4249641261721986e-11	0.0	0.0	0.0	0.0	1.0	0.0	0.0	0.0	0.0	0.0	0.0	0.0	0.0	0.0	0.0	0.0	0.0	0.0	0.0	0.0	0.0	0.0	0.0	0.0	0.0	0.0	0.0	0.0	0.0	0.0	0.0	0.0	0.0	0.0	0.0	0.0	0.0	0.0
804.2684137846555	-15.127312056465485	228.835570053686	646847.6814116859	921.9700851697312	-32.39126422509605	850028.8379478814	1049.1939980999873	767.884307157369	-12.20104462963684	148.86549005438997	589646.3091785526	769.5856933296742	658.4861757021912	1.64841	57.216602	0.1733216706620311	0.1125136614674318	-0.074819504	0.0520326033	0.0400634415	-0.1088936981	-0.0754118617	-0.1166142975	0.0614696049	-0.0743662841	-0.0614095339	-0.0117752006	-0.0718300725	-0.0139155156	-0.0376515543	0.1429123081	-0.0155667791	0.0314952033	-0.0598151346	-0.0118047171	0.0483557466	-0.0054881718	0.0732744917	0.048062161	0.0686366481	-0.1138545858	0.0495738807	-0.0673534486	-0.0148170063	0.1085864407	0.0279388944	-0.0998886671	0.0844744562	-0.1657918527	0.1219564419	0.1380569939	0.0399807536	-0.0571148083	0.0622344303	0.0508073693	0.1907692613	-0.0198317927	-0.0512723227	0.1160870986	0.1273041142	-0.0723121644	-0.0521447399	-0.0338812717	-0.0729595099	-0.0915753476	0.0527239078	0.0039081514	0.0215330237	-0.0720774651	-0.0134623555	-0.0151533023	0.0113103935	-0.0431218848	-0.0355263225	-0.0560100576	-0.0209372255	0.0149032272	0.06499021	-0.0850773691	-0.0835478661	-0.100473569	-0.1309408715	-0.0414527905	-0.1146460039	-0.1927023283	-0.0558719054	-0.0207555254	0.0610701788	-0.0321014079	0.0039260506	0.0149599622	-0.0706951872	0.0077816231	-0.038722909	0.0922572076	-0.053629137	0.0473506755	0.0428979361	-0.0258471208	0.0217447765	-0.0663264984	-0.0320469807	0.0129596839	-0.0638950766	0.2104084581	-0.0381401568	0.0551093604	0.0977618342	-0.090252477	-0.0272755607	0.0046765838	-0.1264437791	-0.0269246281	-0.2033822194	-0.0991314666	-0.0794091805	0.0639884052	-0.0146000945	0.061056525	-0.0773425846	-0.0843040432	0.0554874315	-0.0654076022	-0.1160296136	-0.0722688411	0.0827972458	0.0993798561	0.1458293354	0.0144718728	-0.1313572178	-0.0189171037	-0.0486745002	-0.0104927496	-0.1129330023	0.0600289885	-0.0926840947	-0.0259453078	-0.0994696398	-0.0736251568	-0.0559146722	-0.093815764	-0.0189700358	-0.1082545018	-0.0964341751	-0.100555126	-0.0070606026	-0.0913365059	-0.0497187826	0.0741489046	0.0073191297	-0.0819256072	0.0264403322	-0.0273928819	-0.0170846858	-0.0669943272	-0.0576838792	0.065257491	-0.0107749687	0.0744223766	-0.065308435	0.0277784669	-0.0892800579	-0.0033279445	0.0717003895	0.0105153422	0.0107941754	0.1582602821	0.0599152914	0.0456002214	-0.0416776984	-0.0151730542	-0.0251571685	-0.0309890951	0.0520486742	0.1287811382	-0.1026694376	-0.1595343217	-0.0358956945	0.0003606806	0.0053012085	0.1406023787	-0.1629146713	-0.1603044027	0.0089476998	-0.089533037	-0.0264992443	0.0843382767	0.0430324377	-0.0759024438	0.0041784402975508	-0.0214222208688	0.0004589115469516	1.745936332019642e-05	0.1026791241251032	-0.0299918522489407	0.0105430025310983	0.0008995112013222	0.079241702209984	-0.0015240726025353	2.322797297799021e-06	0.0062792473691357	0.0073229313403966	0.001935670954367	3.746822043580052e-06	5.362532341616275e-05	0.0013110111140062	0.0004669691575785	2.1806019412957407e-07	1.7187501410477776e-06	-0.0005488080670177	-5.030386889600053e-06	3.011902944237043e-07	2.530479225906009e-11	0.0	0.0	0.0	0.0	0.0	1.0	0.0	0.0	0.0	0.0	0.0	0.0	0.0	0.0	0.0	0.0	0.0	0.0	0.0	0.0	0.0	0.0	0.0	0.0	0.0	0.0	0.0	0.0	0.0	0.0	0.0	0.0	0.0	0.0	0.0	0.0	0.0	0.0
800.6413617123063	-3.627052072349216	13.155506735532738	641026.5900845361	917.4890399765889	-4.481045193142336	841786.1384771627	20.079766022984035	758.5982287970564	-9.286078360312558	86.23125131386517	575471.2727340312	762.2485139795754	664.9422725235688	2.108855	73.198738	1.9492957225708087	1.4162473847904598	0.0590242813	-0.1969580267	0.0214636734	0.1494909802	-0.000338531	-0.0620259482	0.2155386001	0.108581157	-0.0112961055	0.1202221121	0.1427564498	-0.0548018055	0.0828714083	-0.1603949028	-0.1574114827	0.0032091001	0.2933149093	0.0311572366	0.3343974063	-0.0782309624	0.1135496166	0.0680323661	0.0447867885	0.1019480266	0.010276909	0.2085128339	0.1610930617	0.2235862497	0.1449390674	0.0218917085	0.0200568858	0.0941931779	-0.0327311924	0.0123943737	-0.0490926269	0.0103564071	0.0061207724	0.085545569	-0.0174816636	-0.008984967	0.0084801402	0.05239448	-0.0163354514	-0.111494075	-0.0149409401	0.009347887	-0.0320696554	0.0017789177	0.1101712954	-0.0339880624	0.053792091	0.0328866658	-0.1094010349	-0.0377547038	-0.0232774043	0.0521371901	-0.0620673759	-0.1192189957	0.0825936454	-0.1548829136	-0.0988496931	-0.0719564969	-0.052119466	0.08987331	-0.0772468865	0.1193500107	-0.03366561	-0.0831900155	-0.0079124277	-0.0198485103	-0.0066193605	-0.0636477882	-0.0775015692	0.0880388524	-0.077159445	-0.0006064249	0.0873354448	0.0205453726	0.0430112032	-0.0236941804	-0.0118607847	-0.3619493501	0.0627541246	-0.1072468166	0.044143895	0.1569638252	-0.0795028284	-0.2202959236	0.0519304943	-0.1270812597	0.1990049442	-0.1573099579	-0.0683900814	0.043163539	-0.0746661036	-0.1165118982	0.0106329374	0.0267084206	0.0493773196	-0.0743713508	-0.0180963769	-0.0098055366	0.0494142098	-0.0086344642	0.1620529751	-0.0682952444	0.0225318232	-0.1796737786	0.0349425938	0.1342360182	-0.0030480348	-0.0637954219	0.0594292119	-0.0112496534	-0.0964834756	-0.1078959402	0.102448497	0.1137672038	-0.0113181477	0.0023090712	0.0105019803	-0.0940446755	0.0881719898	-0.0804495924	-0.0303000131	0.0174591819	-0.1025151192	-0.095480553	0.0918595943	-0.0091035986	0.0012723748	0.1030162277	0.1068418576	-0.0309609962	0.0030340574	-0.0792347666	-0.0696732203	-0.057750804	0.017971547	0.0109524624	-0.0265739898	-0.0605802087	0.1449371019	0.1933471978	0.0492074339	0.0417668525	-0.0400049359	0.2847845647	0.0753681217	0.285256645	-0.0017913145	-0.0557173305	0.1700912824	-0.0133815835	0.0079289908	0.1159519543	0.0299001982	0.0574670521	0.0668918247	0.0634638479	0.067342615	0.0921521534	-0.1727858373	-0.0404659862	-0.0907335528	0.0968710803	0.0077577759	-0.0899685475	-0.0230492221	0.0860510014	0.037674825	-0.0796476241	-0.0727234061067179	-0.0769018464042687	0.0059138939803857	0.0052886937957626	0.0995522334111314	-0.0031268907139718	0.0099106471771443	9.777445537123108e-06	-0.8102047098631147	-0.8894464120730987	0.7911149199497085	0.6564316718843738	0.0242243695080936	0.016901438167697	0.0002856586121364	0.0005868200780646	0.002859901767223	0.0015488906532168	2.399062255622366e-06	8.17903811816524e-06	-0.0016948907136933	-0.0011460826466756	2.872654531363784e-06	1.3135054330109484e-06	0.0	0.0	0.0	0.0	0.0	0.0	1.0	0.0	0.0	0.0	0.0	0.0	0.0	0.0	0.0	0.0	0.0	0.0	0.0	0.0	0.0	0.0	0.0	0.0	0.0	0.0	0.0	0.0	0.0	0.0	0.0	0.0	0.0	0.0	0.0	0.0	0.0	0.0
818.8575443204445	18.216182608138183	331.82930881303605	670527.6778905088	934.1533286868522	16.66428871026335	872642.4414967261	277.6985182190105	772.7021617936969	14.103932996640424	198.9209259737225	597068.6308406525	774.0727113895463	680.6184113598702	2.003006	69.524704	1.2618175952459731	0.8618397315304634	-0.122073669	-0.2011996454	0.0350309024	0.1219891114	-0.0023973465	-0.0012227235	0.0435908414	0.1935528317	0.0511884205	0.1226114447	-0.0502309419	-0.1426112527	-0.0467170772	-0.0082300804	-0.0756851372	-0.1923023225	-0.0059025131	0.1241098429	0.0480070022	-0.1702442835	0.0367836119	0.050785606	-0.0881582988	0.0033662695	-0.0603395727	-0.0529055951	0.1004147724	-0.1893230851	-0.050655551	0.0077944544	0.0065307555	0.0240359278	-0.0956915602	-0.0497478184	0.1022315052	-0.0001616385	-0.1272323813	0.1276670539	-0.0628373542	0.0286947968	0.0678747917	-0.0232998631	-0.0772796549	0.0057717066	0.1141638783	-0.0122804805	0.0662976421	0.0246632634	0.1159011267	-0.0026085875	-0.0860710494	0.0445539119	0.0807821137	-0.105290201	-0.1097412975	0.1400607951	-0.0285470987	0.0689744514	0.0570589957	-0.0024499021	0.0565004681	-0.0463291808	0.0582209683	-0.0470709824	-0.0967615967	-0.0585623995	0.1290550474	0.0312227691	-0.0355718741	0.0241915536	0.0063378155	0.1336930041	0.0287540237	-0.0102035024	-0.048824164	0.0662571305	-0.0206996042	0.0228030906	-0.0563613092	-0.0234543563	0.0567354862	-0.0682959769	0.1880155097	-0.0093537871	0.0922482271	0.0297611679	0.1095829105	-0.0687299877	0.0111993062	4.26454e-05	-0.1431876829	0.1417287441	-0.087680876	0.0044633042	0.0625265464	0.0506093481	0.1199333464	-0.0537702039	0.0428243221	0.0849763102	-0.0019321774	-0.1528236897	-0.042445305	0.0759181692	-0.0599706587	-0.1065543435	0.0603185135	0.0229483869	-0.0247965442	0.1008345879	-0.1007253994	-0.0220816977	0.0379991737	-0.0745157945	-0.1226558045	-0.1132727247	0.0567118295	-0.0630586201	0.0001602928	-0.170688184	-0.0525489844	0.1358956701	0.029397829	0.0479426902	-0.0103740411	-0.1865022268	-0.1203108848	0.0623703166	0.0348785445	0.1077920017	0.0047626582	-0.1343742451	0.0318889683	0.0207723476	-0.0732133239	-0.0607800178	0.0442871756	0.0037978567	-0.0372433192	-0.1080341831	-0.0973559949	0.0254127527	0.0361382912	0.213289283	0.0785178637	0.104970198	-0.0312543871	-0.0408555027	0.0769928448	-0.151176042	-0.0732511759	0.0326406318	0.0777215125	0.0437614771	0.0690280622	0.0741081766	-0.215272089	-0.0382367627	0.1103328662	0.0195786925	-0.0688938964	-0.0070973617	0.0974035036	-0.1225464658	-0.0084538054	0.0528939567	0.0065665228	-0.0903423981	-0.0195636596	0.0875278662	0.0321558829	-0.0829017503	-0.0990609716659776	-0.0263375655592597	0.0006936673595883	0.0098130761074076	0.1551478686005651	0.0555956351894336	0.0240708611312982	0.0030908746521165	-0.3901950021869851	0.4200097076761295	0.1764081545421878	0.1522521397317013	0.012286469744966	-0.0119378997631276	0.0001425134507544	0.0001509573387939	0.0003341082950936	-0.0025257934721294	6.3796326638514895e-06	1.116283528503521e-07	-0.0009610902125273	0.000733800501166	9.236943966157706e-07	5.38463175511473e-07	0.0	0.0	0.0	0.0	0.0	0.0	0.0	1.0	0.0	0.0	0.0	0.0	0.0	0.0	0.0	0.0	0.0	0.0	0.0	0.0	0.0	0.0	0.0	0.0	0.0	0.0	0.0	0.0	0.0	0.0	0.0	0.0	0.0	0.0	0.0	0.0	0.0	0.0
813.9132571590702	-4.944287161374291	24.445975534130643	662454.7901792867	919.8902714276554	-14.263057259196785	846198.1114672456	203.4348023791261	773.0922243303789	0.3900625366820804	0.1521487825228593	597671.587320093	773.4078637635911	673.1664499137945	1.350719	46.883713	0.3643275863967485	0.2283050007469692	-0.1454989365	-0.1009681551	0.0138684237	0.0046145688	0.0066365988	-0.0208954567	0.0985625328	0.0632285085	-0.0335931002	-0.0021326661	-0.1900898865	0.0357910776	-0.1312246135	0.1172150227	0.010844615	0.0309393215	0.0183466241	0.0428239034	0.0066462034	-0.1576286262	0.047251689	0.0103908972	-0.0727707787	-0.0362217153	0.0024315076	0.0347689957	0.077793566	-0.0368485343	0.0497521709	-0.0474801993	0.0173974323	-0.0436440793	0.096281854	0.0242101163	-0.0251270271	0.0078257597	-0.0211939464	0.1151622866	0.0270789171	0.0489604861	0.0473043022	-0.0167334073	-0.0244423102	-0.0836795805	0.011248343	-0.0741920792	0.1088076935	0.1052643198	-0.0184338079	-0.0451116181	-0.0338530114	0.0531710318	0.0714882698	0.0846088054	0.0612832578	0.1083385588	-0.2061084364	0.005822979	-0.0151629157	0.0664486163	0.0435320924	0.001690271	0.0642371302	0.0372943184	0.0745827679	0.0585183136	-0.0062139019	0.0364407567	-0.0559938067	-0.1299220938	-0.1184906866	-0.0748469955	0.1011321399	-0.0963051691	0.0036437336	-0.0646921631	-0.048536275	0.0575956195	0.0374376568	-0.0415339653	-0.0774647657	-0.0134834424	0.1747047475	-0.0212209699	0.0374184666	-0.0760033003	0.0501851313	0.0921515629	0.002521325	0.0723808716	-0.0093450266	-0.0074332104	-0.1268350048	-0.0272889458	-0.026829551	-0.0798644994	-0.1219546407	-0.0814701126	-0.0733291484	0.0444972683	-0.0829974196	-0.0368722547	0.1174314209	0.0517213487	-0.0425375433	-0.1217824215	0.0451740994	-0.1184786055	0.0370437017	-0.0379408305	-0.0138825809	0.1386835637	0.112396178	0.029170176	0.0492830616	-0.0552926907	0.110158073	0.0308106754	0.0864513303	-0.0332777017	0.0623759788	0.0509325672	0.0602478835	0.0977247605	0.1116790011	-0.0034154341	0.0238869088	-0.1035280555	0.0446288071	0.0102537036	-0.0876896457	-0.0537341381	-0.0567512044	0.0338180994	0.0043790376	0.1039288744	-0.0926627323	-0.0575319925	0.0536774777	-0.0205568084	0.0602525675	0.0854740018	-0.0299689118	0.1728558748	0.0066142932	0.0655573787	0.016801768	-0.0449136316	0.0842092499	0.0669591774	0.0433509841	0.0281409459	-0.009378793	0.0092600765	-0.0136466884	-0.0538344309	-0.1016001516	-0.0053471368	0.0337112118	-0.0717960186	-0.0432870126	-0.0169122478	0.1038179838	0.0390952132	-0.042202622	-0.0603001961	0.0053741445	-0.0906543325	-0.0160479313	0.0887648233	0.0264992443	-0.0856447597	-0.053455547582061	0.0456054240839166	0.0020798547058738	0.0028574955672979	0.2134100317804552	0.0582621631798901	0.0455438416645349	0.0033944796584001	-0.2077716330335732	0.1824233691534119	0.0332782856132819	0.0431690514934378	0.0108578598114054	-0.0014286099335605	2.04092634226802e-06	0.0001178931196841	0.0003369947985172	2.8865034235999658e-06	8.331902014454323e-12	1.1356549422764821e-07	-0.0008318540499209	0.0001292361626063	6.919811603698032e-07	1.6701985725227844e-08	0.0	0.0	0.0	0.0	0.0	0.0	0.0	0.0	0.0	0.0	0.0	0.0	0.0	0.0	0.0	0.0	0.0	0.0	0.0	0.0	0.0	0.0	0.0	0.0	0.0	0.0	0.0	0.0	0.0	0.0	0.0	0.0	0.0	0.0	0.0	0.0	0.0	0.0
816.2685218325682	2.355264673498027	5.547271682227769	666294.299734726	935.41914578319	15.528874355534526	875008.9782977528	241.14593874997783	774.69352568058	1.6013013502010836	2.564166014155813	600150.0587314075	776.6738604097761	679.5906109507027	1.025176	35.584038	0.1731974591731936	0.106217560374101	-0.1534082579	-0.119898389	0.0178395748	-0.0158966873	-0.0401199989	-0.0322106101	0.0205471577	0.0255955348	0.0591078319	0.098525639	-0.1015825725	-0.0330384424	0.0308262495	0.0437569075	-0.054400807	0.0043898327	-0.0281963829	-0.008553052	-0.0077444803	-0.156745604	0.0348789038	0.0264185113	-0.1080847878	0.0341209407	-0.0043254472	-0.0754813677	0.0389223938	0.0332127245	0.0683980771	0.0084542623	-0.0724211508	-0.0546056769	-0.0147711147	-0.0494722647	-0.0030618103	-0.0609950413	0.0167896778	-0.1089784699	-0.0352655519	-0.0122362606	0.0436496166	-0.0131777251	0.0481543199	-0.0185661991	-0.0147499569	0.0470025622	0.0135224783	0.0947015626	0.1505121698	0.0097420928	-0.0007884818	-0.0384574552	0.0006035279	0.0777205589	-0.0105853933	-0.0538386228	0.0495291247	-0.02005088	0.0534276914	-0.0486469534	-0.0187641706	0.0592844016	0.1554663551	0.0783771849	0.0013402137	-0.0094968227	-0.045725341	0.048912405	-0.0443603404	-0.0211281407	-0.0142622772	-0.025399286	-0.0454644337	-0.1053366888	-0.0061189283	-0.000119676	-0.0492704931	-0.0213029788	0.0453574798	0.0511896116	-0.0412885803	-0.0025100793	0.1606671269	-0.0137363569	0.0602349686	-0.0462387831	0.0376960965	-0.0191145394	0.0019141809	0.0439781428	0.0290703491	-0.0003681741	0.0323429632	0.0591114378	-0.0901530009	0.0188665017	0.0920862875	-0.0013404121	-0.072395424	0.0541643366	-0.0052256414	-0.0493268252	0.0251343831	-0.0175763728	-0.0126045839	0.1441278717	-0.0037272587	-0.0125718678	-0.0077648272	-0.0584271181	-0.0476161738	-0.0462526693	-0.0579327763	-0.064906179	-0.0637178467	0.0991279687	0.0467129906	0.0404262334	0.0052654213	-0.0177640171	0.1158042101	-0.0140200618	0.0491627498	-0.0489958213	-0.0113505441	0.07206724	0.0030400642	0.0305270034	0.0293573222	0.0228042336	-0.0087018434	0.0027511883	-0.0082235322	0.1120122766	-0.0287007977	-0.0963038506	-0.0844058065	0.0234936503	0.0091013673	0.0720936189	-0.0440431258	0.1401936423	-0.0223379249	0.1715366309	-0.0202249483	0.0544967108	0.0521041688	-0.0495035737	0.0691617298	-0.0064272261	0.0266865035	0.0392183631	0.0141453246	-0.0310703285	-0.0086146637	-0.0045348099	-0.1083511801	0.0038549057	-0.0882005611	-0.022206092	-0.049154185	-0.0069587595	0.0965375449	-0.008526645	-0.000971712	-0.0172355594	0.0041808454	-0.090904137	-0.0125074584	0.0897584821	0.0207291319	-0.0878597406	-0.0564994709740744	-0.0030439233920133	9.26546961644635e-06	0.0031921902203502	0.1195404624914715	-0.0938695692889837	0.0142899221726749	0.0088114960384993	-0.1644248589847166	0.0433467740488566	0.0018789428204426	0.0270355342521439	0.0110713003719227	0.0002134405605172	4.5556872873939096e-08	0.0001225736919253	0.0003413472048952	4.352406378000046e-06	1.894344127925548e-11	1.1651791428976567e-07	-0.0003909031679494	0.0004409508819715	1.5280528671287685e-07	1.9443768031144373e-07	0.0	0.0	0.0	0.0	0.0	0.0	0.0	0.0	0.0	0.0	0.0	0.0	0.0	0.0	0.0	0.0	0.0	0.0	0.0	0.0	0.0	0.0	0.0	0.0	0.0	0.0	0.0	0.0	0.0	0.0	0.0	0.0	0.0	0.0	0.0	0.0	0.0	0.0
810.2072394899133	-6.061282342654977	36.739143637381005	656435.7709218657	940.0897060612637	4.670560278073708	883768.6554423531	21.814133311119956	773.8705788324598	-0.822946848120182	0.677241514830942	598875.6727824864	776.61335089839	671.7563324639688	1.05263	36.536976	0.3338427381733368	0.2041365916286283	-0.1491991999	0.0105010651	0.0222607855	-0.0755211088	0.0143066379	-0.0475321723	-0.0445537718	-0.1008767834	-0.0044465593	0.1294443056	-0.0593498368	0.0544924805	0.0120138767	0.061734714	-0.1669577402	0.0410870067	-0.0033546924	-0.0320883113	-0.0334443148	-0.1276966206	0.0533221001	0.0294594284	-0.0302288288	0.0323424528	0.1246627693	-0.0146679379	0.0554493348	-0.0090860121	-0.002144782	-0.0443850987	-0.0758678334	-0.0598492214	0.0052882934	0.041867426	-0.0176015272	-0.167622231	-0.0655137986	-0.0481985859	0.0357744246	0.037377167	-0.0132956258	-0.0380213212	0.0478253905	0.0538537899	0.0329264998	-0.1023543055	0.0167094526	0.0528438248	-0.0109177515	0.029545948	0.02914927	-0.2145188872	-0.0532787224	-0.0008033037	0.0842535363	0.02394175	-0.1814775331	0.0037147631	-0.0842346764	-0.0324067429	-0.0059626349	0.0231166538	-0.0334339079	-0.0431491752	0.0089668936	-0.068773852	0.0180772603	0.0009479981	0.1004722982	-0.0193335417	0.0055781023	0.0464809252	0.0331307431	-0.0392184845	0.0536509139	0.0036405035	0.0417507926	0.0051060422	-0.0165079777	0.0324718274	0.0042619109	0.0395074994	0.1341126047	-0.0374594105	0.0356000839	-0.0764957151	-0.0774933243	0.0164928124	0.0600816577	0.0201672036	0.0026135365	0.037363573	-0.0026741083	-0.0398233942	-0.1344364179	0.0216533018	-0.0298938498	-0.0861318413	-0.0688504206	0.0358240627	0.1108157399	-0.034900955	-0.0606824511	-0.0439885719	-0.0794816956	0.0504366071	-0.0756516531	0.0895558697	-0.0267199672	-0.0508040201	0.0560314998	0.0901278404	0.0394312434	0.1096176676	-0.0134369629	-0.0342662448	0.0711581568	0.047229872	-0.182882449	0.0201629582	0.1283212002	0.0814557792	-0.0621259711	0.053389162	0.0213800945	0.0416380948	0.0345347638	-0.1036762235	0.0029522064	-0.0564630702	-0.0959789112	-0.0827452571	-0.0668396951	-0.0548090073	0.1250467524	0.0044848106	0.0080589661	0.0747554775	0.0123681551	0.0273799968	0.028187768	-0.0108648945	-0.0740875831	0.1064592649	-0.0764934269	0.0252762609	0.0625887947	-0.0550652666	0.0474023774	0.0448086225	0.0228191	0.0743452626	0.0326208527	0.0359561775	-0.0140728467	-0.0040226659	-0.0387558318	-0.0207401211	-0.0709794423	0.0224892648	0.0307580785	-0.0382789391	0.0188717075	0.0140561811	-0.0688360957	-0.0299880767	0.00298683	-0.0910916402	-0.0089476998	0.0905061192	0.0148702542	-0.089533037	-0.0303994213402916	0.0261000496337828	0.0006812125908859	0.0009241248178245	0.1560341241134608	0.0364936616219892	0.0243466478878548	0.0013317873385802	-0.0216124668348669	0.1428123921498497	0.0203953793515624	0.0004670987226882	0.0091033114346255	-0.0019679889372972	3.872980457324164e-06	8.287027907578338e-05	0.0009372192729284	0.0005958720680332	3.550635214621626e-07	8.783799655484388e-07	-0.0003957748579733	-4.8716900238999854e-06	1.5663773820378578e-07	2.373336368896664e-11	0.0	0.0	0.0	0.0	0.0	0.0	0.0	0.0	0.0	0.0	0.0	0.0	0.0	0.0	0.0	0.0	0.0	0.0	0.0	0.0	0.0	0.0	0.0	0.0	0.0	0.0	0.0	0.0	0.0	0.0	0.0	0.0	0.0	0.0	0.0	0.0	0.0	0.0
811.3863801915378	1.179140701624533	1.390372794227596	658347.8579603267	934.0420274317064	-6.047678629557254	872434.5090087326	36.57441680640351	772.0673170208634	-1.803261811596485	3.251753161162237	596087.9420117943	774.5882847546951	657.5645443428201	0.965001	33.495361	0.1882156769418272	0.1168614539153491	-0.1532048038	-0.0110759637	0.0701026371	-0.0067465373	-0.1242673733	-0.0426591942	-0.047626406	0.0435893281	-0.0382343178	0.0279861103	-0.1327575381	-0.0769283573	-0.069616176	0.0326290705	-0.1103951392	-0.0480987837	0.052956032	-0.0621071742	-0.010219241	-0.1120439092	0.0782864924	-0.0749822755	-0.076315546	0.0021053398	0.0868973078	-0.0121002773	-0.0198527496	-0.0233101706	-0.0206038606	-0.1032987284	0.05983017	0.011425157	-0.0681750735	-0.0569534254	0.0278745081	-0.0037262542	0.0017704175	-0.0212678067	0.084913627	-0.0739395897	-0.0731146473	0.0337723926	0.0934713948	0.0268861689	-0.0068048508	-0.0284129571	0.0492941957	-0.0873852832	-0.047209318	0.0530852732	-0.0191660143	-0.0570124677	0.0522574257	0.0537986245	0.0315782798	-0.0651823546	0.0296180549	0.1329144744	0.0667409441	0.0407774276	0.0310602769	-0.0164909847	-0.0158933595	0.0246016293	0.0120764045	0.0209742903	-0.0810354665	0.0116614373	0.0672987878	-0.0314100066	0.0976805311	0.0836795431	0.1558097049	-0.001972698	-0.0460393863	0.0198118057	-0.016978243	0.0281537923	0.017924237	-0.0216428778	-0.0504344595	0.0196010075	0.1218547961	-0.0807545324	-0.0516941791	-0.0713302865	0.0031811216	-0.006983143	0.0264688539	-0.0437608955	-0.0608756494	0.0298254087	0.0378132404	-0.0296154543	-0.1212272756	0.0488176107	0.0108319465	0.0342179447	0.0137588967	-0.0054643909	-0.0774860232	-0.0131152075	-0.0654369464	-0.0957208358	-0.0007416119	0.0035650091	0.042793067	-0.0331773204	0.0502212491	0.0307018548	0.0130701338	-0.0519066025	0.0217673329	0.0211937599	0.0184462524	0.1412909765	-0.0193172746	0.0516896744	0.0250190174	0.0438357268	0.0405398707	-0.0937188553	-0.0599650646	-0.0364851783	0.0046595972	-0.0759598691	-0.0109455415	0.0404778217	-0.0177127599	0.1224872136	-0.0773207558	-0.0207016319	-0.0338178394	-0.0151043682	0.0694680097	0.0430476428	-0.0352303061	0.0062017967	-0.0905866358	-0.0123727818	-0.0519624067	-0.077797785	-0.0622229151	0.1101097477	-0.1023796356	0.0105404414	0.1064699808	-0.0403088982	0.027537763	-0.0398003623	-0.0185748288	0.0289725981	0.0150963945	-0.0663827487	0.0593074021	0.040613665	-0.0879040817	0.0317625688	-0.0290317858	-0.0337596719	-0.0303794327	0.0063374863	0.0196810774	-0.0043057804	-0.0275075933	-0.0445410093	0.0017923027	-0.0912167139	-0.0053741445	0.0910056853	0.0089476998	-0.0906543325	-0.0143566671928851	0.0160427541474065	0.0002573699606341	0.0002061138928872	0.0618060225988728	-0.0942281015145879	0.0038199844294923	0.0088789351150435	0.0447966971687208	0.0664091640035877	0.0044101770636554	0.002006744077226	0.0091662847049015	6.297327027600039e-05	3.965632769254194e-09	8.402077529131118e-05	0.0007712102780152	-0.0001660089949132	2.755898639209088e-08	5.94765292916282e-07	-0.0003940439776376	1.7308803356999795e-06	1.552706563124614e-07	2.9959467365128743e-12	0.0	0.0	0.0	0.0	0.0	0.0	0.0	0.0	0.0	0.0	0.0	0.0	0.0	0.0	0.0	0.0	0.0	0.0	0.0	0.0	0.0	0.0	0.0	0.0	0.0	0.0	0.0	0.0	0.0	0.0	0.0	0.0	0.0	0.0	0.0	0.0	0.0	0.0
807.543884811952	-3.842495379585785	14.764770742138102	652127.1258971792	929.9246315490516	-4.117395882654819	864759.8203616394	16.952948854502853	769.6481745237127	-2.419142497150688	5.8522504215204645	592358.3125476833	771.7592271196871	663.9106828444922	0.981851	34.080227	0.1860787332645758	0.1226471870330299	-0.1311729384	0.0494278219	0.0298627551	-0.0762084283	-0.0154574644	-0.0604818522	-0.0276278637	-0.0599949151	-0.0308310459	0.0444827571	-0.1158006456	0.0562646677	-0.0642025338	0.0468159091	-0.0337318958	0.0662979171	0.0519025856	0.0149921225	0.0198135743	-0.0716480714	0.0863695372	-0.0404642345	0.0221617364	-0.0725029907	0.0636986871	-0.0115715491	-0.0136657595	-0.0298395067	-0.0417185384	-0.0194993198	-0.0154980185	-0.0092054246	-0.0059104074	-0.0001111905	0.0050950281	-0.0174187638	-0.035746133	-0.006754734	0.0368860273	-0.0143664435	-0.0144581087	-0.0116045663	-0.0608815439	-0.0310579874	0.076181301	-0.0426111536	0.04104897	-0.0168725823	-0.0482930197	0.0639409299	-0.013250992	-0.0695720152	-0.0405603952	-0.013584424	-0.0292387623	-0.0379404583	0.0148515875	-0.0686368847	-0.1086834031	-0.0232685544	0.0557477992	-0.055285007	-0.0377264944	-0.014527294	0.015355024	0.0658546364	-0.0751361884	-0.0503445236	0.0825215752	-0.087002823	0.0392184139	-0.0860428985	-0.0235446934	0.0029652027	0.1098954959	-0.164294003	0.0945678202	-0.0256832581	0.0296408452	0.0171083779	0.0504901635	0.0002931533	0.0761097447	-0.0925877285	-0.0498783749	-0.0352062458	-0.0525681244	0.0745719891	0.0484425152	0.0063957744	-0.0190080864	-0.0076846909	0.0130584753	-0.0446674739	-0.0022482385	0.0274872549	-0.0238880136	-0.0670281775	0.0069214099	0.0275004188	0.022783905	-0.0145601414	-0.0015284848	-0.0304046821	-0.0184933959	0.015852446	0.0091833297	0.020163963	-0.0818206584	-0.0110927279	0.0279821505	0.0524023767	0.0886255464	0.0445951737	-0.0325626045	-0.1415552233	0.0041988254	-0.0401334535	-0.0144830924	0.0226176438	-0.0063481018	-0.094443094	-0.09494613	0.0181787619	0.0346890118	0.044150356	0.086485475	-0.0863002956	0.0252761219	0.0642550444	-0.0016562384	0.0417033358	-0.0167624995	-0.0128214518	0.0044980782	0.0726017483	-0.087651101	-0.009531376	0.062318376	0.0340173415	0.1149723494	-0.0791539759	-0.0858450359	0.0737343141	-0.104369183	0.0113830923	0.0584832979	-0.0316848181	0.0180724932	0.0342715662	-0.0004120153	0.0589262963	0.033691207	0.0134974867	0.017084668	0.0123976015	0.0007394399	-0.0448897777	-0.0285768969	0.0379201861	0.0601295497	-0.0605439518	-0.0066174643	-0.0027666796	-0.0528461992	-0.013013793	0.0005974684	-0.0912792721	-0.0017923027	0.0912558111	0.00298683	-0.0912167139	0.0012284396105997	0.0155851068034848	0.000242895554076	1.5090638768903425e-06	0.1659474119854564	0.1041413893865836	0.0275385435446708	0.010845428983368	0.0408822042557233	-0.0039144929129974	1.5323254765907618e-05	0.0016713546248066	0.0081303179306351	-0.0010359667742664	1.0732271573839307e-06	6.610206965320661e-05	0.0008142223596532	4.3012081638e-05	1.8500391668339767e-09	6.629580509592249e-07	-0.0005638200049634	-0.0001697760273257	3.178929979969284e-07	2.8823899454530772e-08	0.0	0.0	0.0	0.0	0.0	0.0	0.0	0.0	0.0	0.0	0.0	0.0	0.0	0.0	0.0	0.0	0.0	0.0	0.0	0.0	0.0	0.0	0.0	0.0	0.0	0.0	0.0	0.0	0.0	0.0	0.0	0.0	0.0	0.0	0.0	0.0	0.0	0.0
812.2866852077852	4.742800395833228	22.494155594715828	659809.6589658516	931.6460393526738	1.7214078036222418	867964.3426415238	2.9632448263715503	772.9433935455551	3.2952190218424	10.85846840191198	597441.4896257188	776.0175240992339	651.9366370233178	0.980299	34.026344	0.0998598414162828	0.0650081943936109	-0.1451308643	0.014151265	0.0655175776	0.0121505649	-0.1188944432	-0.047918111	-0.0570373674	0.0107490276	-0.0824841528	0.0627893293	-0.110548028	-0.0490561393	-0.0529109485	-0.0121609213	-0.1290612539	-0.0445663631	0.0520841725	-0.1012328665	-0.016872851	-0.1274422479	0.0869654559	-0.0526823276	-0.0476302245	-0.0349175718	0.0522210083	-0.0040535883	-0.0091322947	-0.02562879	-0.0496262009	-0.0614585122	-0.0739104104	-0.02564656	-0.0009224121	-0.097807236	-0.036416709	0.0122085851	-0.1118716329	0.1112686521	0.0220989629	0.0245895412	-0.0054546551	-0.0286752942	-0.0362724155	0.0371664136	0.0459950471	-0.0589941134	0.0302199952	-0.0696859781	-0.1547882365	-0.0180129691	0.0560092709	0.0282026186	-0.0915765033	0.0526405133	-0.0690211611	0.0585389446	-0.0265747432	-0.1162591683	0.0333899529	0.0332094706	0.0454408523	-0.0072210064	-0.0113020783	-0.0152228233	0.0208061735	-0.0799271602	0.0054939244	0.1011344903	0.0408502297	0.0366957637	-0.0154748934	0.0450841337	0.0014106335	-0.0272510746	0.0021582925	-0.0290442453	0.0310936021	-0.0240564176	-0.0966795073	-0.0141774677	-0.0940770455	0.0193936787	0.1271995014	-0.0870952985	-0.0266312967	-0.0263368019	0.0154114923	-0.0245774601	0.1148654932	-0.0317578808	-0.0090033627	0.0487291352	0.0844225051	-0.0054275962	-0.0856738392	0.1238509177	0.0160380396	0.0753201812	-0.0206264714	-0.0099913963	0.0015203393	-0.0395958323	-0.0109060318	0.070999584	-0.0554106352	-0.0954165269	0.0483447528	0.0096741499	-0.0025315994	0.0146963047	0.0485089797	-0.0647853938	0.1339002097	-0.0354165746	-0.0740024141	0.0159195988	-0.0304505618	-0.0096034128	0.0460579364	0.0270379457	0.0253435491	0.109427064	-0.0222055302	-0.0961977837	0.1187002126	0.0115584675	0.1204866268	-0.0284130974	0.0088232351	-0.0250768739	0.0616921769	-0.0281021018	0.0164925052	-0.0034028385	0.0418188643	0.0238604657	0.0835272852	-0.0148923399	0.0028762666	0.085216577	0.0831072385	-0.0446915097	-0.0701207479	0.1078937299	-0.1031009888	0.0109992846	0.0682264677	-0.0323572495	0.0202236327	-0.0116006564	-0.0194581759	0.0467259873	-0.0025861779	-0.0517389781	0.0752418311	0.0414917174	-0.0551192388	-0.0109884555	-9.43223e-05	-0.0217292454	0.004786354	-0.0174796407	0.0597282927	-0.0395849358	-0.0526693291	-0.0193816282	-0.0005974684	-0.0912792721	0.0017923027	0.0912558111	-0.00298683	-0.0912167139	-0.0048001867726128	-0.0060286263832124	3.634433606836582e-05	2.304179305196689e-05	0.1117546339601176	-0.0541927780253388	0.0124890982115598	0.0029368571901036	0.0292201552494617	-0.0116620490062616	0.0001360033870244	0.0008538174728026	0.0086378475589104	0.0005075296282752	2.575863235772637e-07	7.461241045097435e-05	0.0008581177493649	4.389538971170004e-05	1.926805237942022e-09	7.363660717750814e-07	-0.000555717262921	8.102742042399923e-06	3.0882167630840785e-07	6.565442860567525e-11	0.0	0.0	0.0	0.0	0.0	0.0	0.0	0.0	0.0	0.0	0.0	0.0	0.0	0.0	0.0	0.0	0.0	0.0	0.0	0.0	0.0	0.0	0.0	0.0	0.0	0.0	0.0	0.0	0.0	0.0	0.0	0.0	0.0	0.0	0.0	0.0	0.0	0.0
807.6453387928016	-4.641346414983673	21.54209654388179	652290.9932737392	930.8232371012368	-0.8228022514369968	866431.8987276254	0.6770035449697909	769.5136263840217	-3.429767161533391	11.763302782332817	592151.2211906877	772.0190558886006	663.026541399926	1.04904	36.412373	0.2108572279260949	0.1092629836798283	-0.1579744236	0.0469965163	0.0331097669	-0.0732723129	-0.0303584204	-0.0733087511	-0.0669918959	-0.0255914864	-0.0754856483	0.0092787541	-0.0905113621	0.0785032982	-0.0700258402	0.069109388	-0.0668517234	0.1167883336	0.0745975767	0.0048060495	0.0139231243	-0.0933142375	0.12804582	-0.0451468748	0.0337046456	-0.0906176566	0.1126869482	0.0585590072	-0.0179015013	-0.0587609069	-0.0280184478	-0.0980000875	0.0317831368	-0.1259793941	-0.0201169489	0.0017580413	-0.0191394185	-0.1067069159	0.0279395487	-0.0950158006	-0.117465787	-0.0084165744	0.0564374267	-0.0196551734	0.0324341974	-0.0060245584	-0.0296104584	0.0676004233	-0.0455274693	0.0374709578	-0.1557035533	-0.1437769429	-0.0024501996	0.1150911398	0.058824357	-0.0811124926	-0.0670642216	-0.0754413351	-0.0499764067	0.0796622751	0.0935602498	-0.0099025202	-0.0829988363	0.1039377479	0.0299347493	-0.0485465573	0.0766360441	-0.045271883	0.0350625435	0.0129636254	-0.004639161	0.0230543184	0.045954888	-0.0225507791	-0.0283002294	-0.074311904	0.0632772051	0.0305399121	-0.0672901446	-0.0124775024	-0.0288676334	0.097016797	0.0471891126	0.0077538882	0.1030382509	-0.1321211325	-0.0763947794	0.0043038668	-0.0612405518	0.0642682552	0.063866929	-0.027460547	-0.0547154661	-0.0393915595	-0.0698081243	-0.1104536245	-0.0477376377	0.0836104366	0.0638315885	0.0289844095	-0.0128706835	0.0197757306	-0.019943953	-0.0217413448	0.0581873897	0.0578528875	0.0522985768	0.1365126528	-0.1106582637	0.0270530818	0.125940755	-0.0111048495	-0.0464879763	-0.0210839523	0.0241678604	0.1139759691	0.1383457617	0.0063084489	0.021247329	-0.0641737358	0.0276059474	0.1129240456	0.0022555669	0.1279912425	0.0342101048	0.000762975	0.0229676484	0.0108371291	-0.064935711	-0.0045595039	0.0680996888	-0.0114658357	0.0350883325	0.1101848202	-0.0320172098	0.0543235339	-0.0008382621	-0.0337460476	-0.0705222389	0.0381751689	-0.0040496867	0.0079177135	-0.0405892516	0.0339716349	-0.0801568697	0.0933814817	-0.1458156902	-0.013254099	0.1444532506	-0.0109411583	0.0262248174	0.0036984112	-0.0518813115	0.051053591	0.0212552165	-0.0342685187	-0.0167518976	0.007597215	0.0337929802	-0.0668994917	-0.0268878401	0.0630743955	0.0397231687	-0.0303457276	-0.0199319074	0.0581643502	-0.0192844916	-0.0046136879	-0.0017923027	-0.0912167139	0.0053741445	0.0910056853	-0.0089476998	-0.0906543325	-0.0104085884581479	-0.0056084016855351	3.145416946631295e-05	0.000108338713691	0.0425573480261363	-0.0691972859339813	0.0018111278710176	0.0047882643806291	0.1019810312469502	0.0727608759974885	0.0052941450759218	0.0104001307341914	0.0096524510929687	0.0010146035340583	1.0294203313235926e-06	9.316981210215264e-05	0.0010954116534864	0.0002372939041215	5.6308396933223676e-08	1.199926690593809e-06	-0.000541801414919	1.3915848001999978e-05	2.935487732082304e-07	1.9365082561476679e-10	0.0	0.0	0.0	0.0	0.0	0.0	0.0	0.0	0.0	0.0	0.0	0.0	0.0	0.0	0.0	0.0	0.0	0.0	0.0	0.0	0.0	0.0	0.0	0.0	0.0	0.0	0.0	0.0	0.0	0.0	0.0	0.0	0.0	0.0	0.0	0.0	0.0	0.0
810.6095548516374	2.9642160588358597	8.786576843460395	657087.8504167697	934.7882549658368	3.965017864599986	873829.0816220744	15.721366666597032	772.7570712691233	3.243444885101667	10.519934722692163	597153.491196433	776.0226904801789	653.4024739330762	1.095363	38.02026	0.2489526827169502	0.1568825123794956	-0.1289441561	0.0543337362	0.0778294318	-0.059763152	-0.0578905964	-0.1422236638	-0.0525420024	-0.0714099108	-0.0631709238	0.1352677941	-0.026400495	-0.0447079438	0.0055505165	0.0194787406	0.0103481222	0.0619978592	0.0456240538	-0.0012290314	-0.0353683953	-0.0987545078	0.0759671716	-0.0884816982	-0.0403351832	-0.0217186398	0.1211312928	0.0013449415	-0.017664287	0.0503036402	-0.0205507127	-0.1045504003	0.0795412669	0.0461442282	0.0780989943	-0.0799503188	0.0129590682	0.1453563504	-0.1288006156	-0.0340948092	0.0146119551	0.1299480743	-0.0458837652	0.1068001544	0.0492142485	0.0214192173	-0.04000578	-0.0885576732	-0.094392052	-0.0084687749	-0.0999516403	-0.0514821462	0.0658462981	-0.1314881168	-0.0402850621	0.0207080884	-0.0721451775	0.0293828269	-0.0323995048	-0.0475286126	0.0585386092	0.0282303047	0.0224669113	-0.0858673635	0.0070674795	-0.0301588116	0.0862029675	0.068972104	-0.0014984602	0.107882978	0.0896170732	0.0401280035	-0.1027500897	0.0674976363	-0.0035781587	0.0220613109	0.0717862904	-0.0069238582	0.1016536015	-0.052476213	0.1020678732	-0.0354636586	-0.0664311606	0.0394054016	0.0960141518	-0.0742918502	-0.0454259841	-0.0679792387	-0.051372953	-0.0105320887	0.1103900651	-0.0316682067	0.0099020009	0.0021957117	0.0254025826	-0.0432896846	-0.0973308348	0.0270956694	-0.0127497644	0.1881584734	0.0478825191	-0.0972135621	-0.0142446937	-0.1552958597	-0.0351414719	-0.0248608257	-0.0286428292	-0.0895217215	0.060570775	-0.0271353605	0.0528332917	-0.111817101	0.0730019205	-0.0747712549	0.1447331703	-0.0644380544	-0.0409019253	0.0632503632	-0.1195148503	-0.0327706718	-0.072785211	-0.0959691387	0.0633310142	-0.002220574	-0.1359202841	-0.072219545	-0.0491030168	0.0184626963	-0.0003858283	-0.0440399746	-0.0643784603	-0.0330800786	-0.0244082	0.0341484849	-0.0195426192	-0.0527113647	-0.0572129134	0.0746213482	0.0393278774	0.1640251847	0.0846129664	-0.0407299057	0.0600648457	0.0161881526	-0.0790284	0.0762078543	-0.1223386104	-0.009716869	0.088653378	-0.0101960534	0.0123152255	-0.0116298272	-0.019888799	0.0756863504	0.0222544663	-0.0124998473	0.0809233564	0.0175717618	0.0312146617	0.0131850593	0.0042059846	0.0026640568	0.0569699769	-0.0267531735	0.0415740807	-0.0526937029	-0.1185363565	-0.0008494651	-0.00298683	-0.0910916402	0.0089476998	0.0905061192	-0.0148702542	-0.089533037	0.0086993306766487	0.0191079191347966	0.0003651125736619	7.567835422168114e-05	0.1749510618346619	0.1323937138085255	0.0306078740370756	0.0175280954560137	0.0851801034665271	-0.016800927780423	0.0002822711742829	0.0072556500265682	0.0082898213775527	-0.0013626297154159	1.856759741334688e-06	6.872113847172975e-05	0.0008472596146387	-0.0002481520388477	6.157943438427047e-08	7.178488545977184e-07	-0.0005440221005194	-2.2206856003999546e-06	2.959600458535402e-07	4.931444535823707e-12	0.0	0.0	0.0	0.0	0.0	0.0	0.0	0.0	0.0	0.0	0.0	0.0	0.0	0.0	0.0	0.0	0.0	0.0	0.0	0.0	0.0	0.0	0.0	0.0	0.0	0.0	0.0	0.0	0.0	0.0	0.0	0.0	0.0	0.0	0.0	0.0	0.0	0.0
805.2531439726102	-5.35641087902718	28.69113750496073	648432.6258777734	929.2194920292608	-5.568762936576036	863448.8643671174	31.011120643782952	770.2026344736912	-2.5544367954321388	6.525147341857615	593212.0981502144	772.6944722641994	650.1801164467931	1.380563	47.919598	0.1878820759839909	0.1063637711597307	-0.1264410127	0.0601370442	0.0593067771	-0.0158594438	-0.0288612215	0.0451703749	-0.0648457018	0.0308896852	-0.0978720135	0.0545433334	-0.0468996261	0.0318721451	-0.0026904539	0.0811750586	-0.0604302561	0.1789171915	-0.0081452593	0.1192747899	0.029384879	-0.0923497127	0.1034237316	0.0089593276	0.0552729979	-0.0854240713	0.0408472612	-0.0444839808	-0.0436967165	-0.0756380447	-0.0883899086	-0.0732721949	0.038946853	-0.0420772525	-0.0764019334	0.0506878666	0.0408070548	-0.0114708609	0.048510067	-0.0147897056	0.0183481224	-0.1677659124	0.0056724841	-0.0426800984	-0.0170566931	0.0682952881	-0.0922793818	0.1350905794	-0.0248152387	0.0558173816	-0.0080555861	0.0036777786	-0.0458390728	0.0853717157	0.0150751627	-0.1099370884	0.1279948516	-0.0546434255	0.0209441022	-0.1511237002	-0.0571567554	-0.0281120067	-0.0019961199	-0.0903333368	0.1369149193	-0.1454490307	0.04627184	-0.0230475299	-0.0049615985	0.0658669739	0.0280512978	0.0729844081	0.0078773391	-0.0177960556	-0.1108402533	-0.0238989424	0.0560798172	0.0592820515	-0.0262316353	-0.0874110774	0.0298594755	-0.13955395	-0.0428115654	-0.0084827299	0.0913168569	-0.1131899241	-0.0617912776	0.0342711652	-0.038123272	0.1034170584	0.0126370643	0.0279887807	-0.0066071252	0.0356448142	-0.0298437118	-0.0647586628	0.0003889367	0.0956133214	0.1140209461	-0.0214410806	0.0940648727	0.0089201306	0.0675641889	0.1319819544	-0.0582925265	-0.0714122433	0.031726788	0.0237044645	-0.0431074973	0.1026053669	0.143133805	0.032342538	-0.1229460714	-0.0379906911	-0.1085013108	0.0791378232	0.115627987	-0.0205397002	0.0811439763	-0.172747377	0.0142808274	-0.0027366778	-0.1248874497	0.0321984948	-0.1012707344	0.0082225211	-0.0750454833	0.0892978582	0.0808292259	-0.061401406	-0.1700194542	-0.0027833996	0.0964902126	-0.025927711	0.0916068479	0.0790690843	-0.0571733502	-0.0515902493	-0.0003541158	-0.0892546219	0.0849109871	-0.0400297965	-0.072690641	0.1000554809	-0.0763772269	0.082331616	-0.1259096559	0.0049436562	0.0523068894	-0.0347402554	0.0085702955	-0.0251780379	-0.0311037957	0.0403017024	-0.0213212456	0.0258985858	0.0443898462	0.068965738	-0.0163301374	-0.1101630275	0.0521860085	-0.0340529251	0.0305876504	-0.0758003328	-0.1080899617	0.0479017874	-0.003546648	0.1534323369	-0.0041808454	-0.090904137	0.0125074584	0.0897584821	-0.0207291319	-0.0878597406	0.0030092586352026	-0.0056900720414461	3.23769198368466e-05	9.055637533541417e-06	0.0842518127739992	-0.0906992490606626	0.007098367955705	0.0082263537801681	0.0266800115742	-0.0585000918923271	0.0034222607514107	0.0007118230175994	0.0078978896342782	-0.0003919317432745	1.5361049138618926e-07	6.237666067523903e-05	0.0011043317865089	0.0002570721718701	6.608610155006163e-08	1.219548694693939e-06	-0.0005548714451658	-1.084934464640002e-05	3.0788232066038344e-07	1.1770827925636875e-10	0.0	0.0	0.0	0.0	0.0	0.0	0.0	0.0	0.0	0.0	0.0	0.0	0.0	0.0	0.0	0.0	0.0	0.0	0.0	0.0	0.0	0.0	0.0	0.0	0.0	0.0	0.0	0.0	0.0	0.0	0.0	0.0	0.0	0.0	0.0	0.0	0.0	0.0
796.2336880433342	-9.019455929276091	81.35058526015364	633988.0859750896	925.3447680746264	-3.874723954634419	856262.939803084	15.01348572461779	764.3023390924544	-5.900295381236788	34.81348558584417	584158.0655421972	767.5118625316017	641.8185189818386	2.361659	81.97358699999998	3.0841776412229462	1.818226441786676	0.1119320838	-0.1291344859	0.1398700611	-0.0728627265	0.110661349	0.1884039911	0.1473396764	-0.0260307035	-0.07685348	-0.2360988317	0.1106366996	-0.2149540369	0.0730533158	-0.3581009331	0.0962643339	0.0296504547	-0.0680719953	0.169425471	0.1479648445	0.2874690495	-0.1316519089	0.3947149037	0.1399233621	-0.0116031116	-0.0482608098	0.0086792425	-0.0624847662	-0.1891980652	0.0452646365	-0.1626730499	-0.019600925	-0.2184550573	-0.1474771022	0.0424724919	-0.0694018554	-0.0567399148	0.0680120017	-0.003858763	0.0870933838	-0.0477222587	-0.0357066204	0.0250075081	-0.0367974445	-0.0900472263	-0.0075614326	0.0750889151	0.0243876904	0.0009890148	-0.0912114834	-0.0523275493	0.0405660347	0.0188255753	-0.033231872	0.0213182689	0.1107339266	0.0333004034	0.0349085334	-0.0288735933	-0.0097128863	-0.0128654509	0.1217661983	-0.0426051784	-0.0010285151	0.006051514	0.0136624881	-0.0400821998	0.0191307061	0.1130363172	-0.1131718898	-0.1216367006	-0.0931829362	-0.1081904734	-0.0318942639	-0.0535463234	0.0634013692	0.0715446861	0.0545778007	-0.055000677	0.045357817	-0.0291713224	-0.0229246597	-0.1509644035	-0.3102679497	0.1049064953	0.2368352713	0.3117810274	0.0037465497	0.1355161435	-0.0670963499	0.0280543218	-0.1163669515	-0.0125557236	0.0815471672	-0.0770076995	-0.1656458644	0.1930544913	0.0232649445	-0.1813413224	-0.0410068636	-0.039369423	-0.1103451582	0.1578283714	-0.108757253	-0.0523281463	-0.0390222223	0.0343709589	0.0874068097	0.0059761675	0.1981490385	0.0185670177	-0.0761520857	-0.0843786133	0.0810907504	-0.0664644643	-0.0568829519	-0.0314003519	-0.0460334641	-0.0294030844	0.1115629554	0.096105609	-0.0338229163	0.0347764321	-0.0990207295	0.0648795639	-0.0155069806	0.0099082288	0.0075619198	-0.0599345864	0.0061494014	-0.1404161054	-0.0822386126	-0.0250489499	-0.0133035216	0.0120595574	-0.0841665962	-0.0717592485	-0.0411338319	-0.005136991	0.0269365968	-0.0529810032	0.0938529968	0.0748689867	0.1491712151	-0.0686788178	0.2666550407	-0.3234095465	0.1026166471	-0.0601522062	0.0911295339	0.0228643397	0.1650085119	0.2546415172	-0.0716012982	-0.0997388706	0.013942915	0.0941002854	0.0998810871	0.0201401661	0.0713547982	-0.1431329268	0.0185139016	-0.0759550866	-0.1405483427	0.076419379	0.1225952559	0.2395036079	-0.0053741445	-0.0906543325	0.0160479313	0.0887648233	-0.0264992443	-0.0856447597	-0.2563617318062228	-0.2593709904414254	0.0672733106825659	0.0657213375346857	0.963878235652018	0.8796264228780188	0.9290612531636472	0.7737426438251792	0.3671420403158976	0.3404620287416975	0.1159143930149124	0.1347932777673201	-0.0195045754838779	-0.027402465118156	0.0007508950945517	0.0003804284648062	-0.002469722205141	-0.0035740539916499	1.2773861935228584e-05	6.099527770566523e-06	0.0005629734282643	0.0011178448734301	3.16939080931659e-07	1.2495771610539563e-06	0.0	0.0	0.0	0.0	0.0	0.0	0.0	0.0	1.0	0.0	0.0	0.0	0.0	0.0	0.0	0.0	0.0	0.0	0.0	0.0	0.0	0.0	0.0	0.0	0.0	0.0	0.0	0.0	0.0	0.0	0.0	0.0	0.0	0.0	0.0	0.0	0.0	0.0
812.5747515993814	16.34106355604729	267.03035814277683	660277.7269367964	933.2311561147774	7.886388040151019	870920.390743324	62.19511631983703	773.9271116946403	9.624772602185883	92.63624764378804	598963.1742160083	775.0600298433699	652.8641219738857	1.716494	59.579803	0.4778486972741352	0.301874483960906	0.0786218821	-0.1027801822	0.1191467997	-0.0656153857	0.0273202636	0.1988732093	0.0430696509	0.1068427883	0.0208298102	-0.0760452504	0.0761312371	0.0151060804	0.1732278491	-0.0777353699	0.2393538967	-0.2373079875	0.0831423218	0.1042049605	-0.0266451319	0.2039275505	-0.256549114	0.1217481466	-0.0396729794	0.1453460831	0.0143553902	0.0971580066	-0.0057147805	-0.0840253964	0.0164130298	-0.1661707337	-0.1039424813	-0.0355759834	0.1513381643	-0.0406122371	-0.0378091336	-0.0723122414	0.0180711593	-0.0662104344	-0.0921189576	-0.0089481577	-0.043086978	0.0374949803	-0.0945097342	-0.0826304528	0.0099372481	-0.2166382203	-0.0811056471	-0.0798912146	-0.0226760426	0.095318064	-0.0043960928	-0.0573180205	0.0333362509	0.0209891818	-0.0545174869	0.0922685016	0.0195603005	-0.0667295053	-0.0133571906	-0.0469994389	-0.0540113606	-0.0744501385	0.2040825945	-0.0211230526	-0.0140557216	-0.0361190444	-0.0222841942	0.0252103118	0.0838627048	-0.004351562	0.0042321621	0.0736419699	0.1145047892	-0.0380284108	-0.0990238638	-0.0191435897	-0.0575856654	0.0311688477	0.091795112	0.0108081408	-0.082754423	-0.0138375302	-0.2401075387	0.2404675854	0.1307851556	0.0581981663	0.1209020772	-0.0742006874	0.0027829204	0.0653620653	-0.0243279242	0.0353998251	0.0024105424	-0.1594066502	-0.1914502616	0.0006710954	0.0243307385	0.0373664716	-0.0892798288	0.0500602238	0.0404249319	0.0862013471	0.0481593296	-0.0095416379	0.1331893417	0.1216132372	0.0071000304	-0.0575045477	-0.009100487	0.0017022811	0.051808006	0.0808268741	0.1745607971	-0.0944246012	-0.0109777809	-0.0177948848	-0.1291340383	0.0181149253	-0.1714858169	-0.1887934003	0.0658863009	0.0488704178	-0.0097158278	-0.0230138837	0.1214085865	0.0249405966	0.0966423633	0.0050336493	0.0129991001	0.1220519827	0.1128547822	-0.0573633658	0.0649312276	0.0177095937	-0.0622302429	0.0655946472	-0.0049472887	-0.0607505201	0.0525846531	-0.0350541428	-0.0502216607	-0.0082283258	0.1536564066	-0.0377902156	0.2723774503	-0.3331776042	0.164084802	-0.0706785161	0.1230826442	-0.080107937	0.0982141795	0.2397968702	-0.02994523	-0.1648485307	0.0022377716	0.1378188135	0.0465042237	-0.0113475979	0.0589660352	0.1815094438	0.0335469006	-0.0173800696	0.0083598352	-0.1072420741	0.0601281918	-0.1947927093	-0.0065665228	-0.0903423981	0.0195636596	0.0875278662	-0.0321558829	-0.0829017503	-0.2943770498683449	-0.0380153180621221	0.0014451644073643	0.08665784748919	1.0596694015728332	0.0957911659208151	1.1228992406297265	0.0091759474684691	0.360528644143173	-0.0066133961727246	4.373700893740847e-05	0.1299809032477146	-0.024984686619937	-0.0054801111360591	3.003161806355897e-05	0.0006242345654964	-0.0031572702107507	-0.0006875480056097	4.727222600178764e-07	9.96835518369377e-06	-1.7943772436366037e-05	-0.0005809172007006	3.2197896924808954e-10	3.37464794069898e-07	0.0	0.0	0.0	0.0	0.0	0.0	0.0	0.0	0.0	1.0	0.0	0.0	0.0	0.0	0.0	0.0	0.0	0.0	0.0	0.0	0.0	0.0	0.0	0.0	0.0	0.0	0.0	0.0	0.0	0.0	0.0	0.0	0.0	0.0	0.0	0.0	0.0	0.0
804.6485815253591	-7.926170074022366	62.82417204232772	647459.3397507725	925.3026406130808	-7.928515501696552	856184.9767255402	62.86135806064252	773.1512175486272	-0.7758941460131155	0.6020117258174217	597762.8051969246	775.041078234299	650.7113234175098	1.498928	52.028061	1.05923814598657	0.6634125728942357	0.1453207654	-0.0944092916	0.1283493579	-0.0366929444	0.2142397996	0.2205534739	0.0870710567	-0.0604944822	0.0049689222	-0.0452885221	0.1183883572	0.1415904952	-0.0419096875	-0.1936344203	0.0881033659	-0.1057552702	-0.07171911	0.0522838912	-0.0077144977	0.1980313061	-0.1771446263	0.1422673329	-0.047318	0.1374798552	-0.007495116	0.0284115516	0.0734785333	0.0126438205	-0.0172697091	-0.1241020106	-0.1455752287	-0.1275737463	-0.0678585199	-0.1222772195	0.0278345193	0.1265696746	-0.0269269383	0.1453432716	0.1038334669	-0.0189599044	-0.0434125961	0.0998788982	0.0932030963	0.0981973258	-0.0261504633	-0.0096877757	0.0160416497	-0.0261340665	0.0659422157	-0.0108409883	-0.0199273865	0.0511747379	0.1090018799	0.0045613229	-0.0095216329	-0.0548039352	-0.0092510898	0.0808628652	-0.0545748803	0.0937225476	-0.0659654884	-0.0026159925	-0.0777985268	-0.0165672301	0.0157384464	0.0654616258	0.0534752111	-0.0554301263	-0.0166151066	-0.0481422656	0.1759175362	-0.0038001705	0.0328698425	0.0413431493	0.0095250612	0.0107838278	-0.0313497707	0.0165126642	-0.0028537801	-0.0295750654	0.0374252276	-0.0148601223	-0.2139456208	0.1633399884	0.1668686401	-0.0113798418	0.0029884155	-0.0553242634	-0.0399781833	-0.0022661791	-0.035217942	0.0847396745	-0.0327247173	-0.0208310752	-0.1097540664	0.0400071933	0.1260000467	-0.0006604127	-0.1220166377	0.0716718002	-0.1551933941	-0.0273918594	0.1084676039	-0.0716903397	-0.0242627425	-0.1772638134	-0.043269777	-0.0567663245	-0.0535338242	0.0543317208	0.170011335	-0.0143535202	-0.1764756626	0.0716677788	0.1435304139	-0.0328516667	0.0120164304	0.0620482566	0.0336471629	0.0198835754	-0.0526163671	-0.0494064123	0.0213715283	0.1390157011	-0.0965746032	-0.0431241581	0.0344239282	0.0164258065	-0.1379122756	0.1705599128	-0.0085576957	0.0512369909	-0.0997305888	0.022452057	0.0453675622	0.0530686671	0.0402950021	-0.051168974	-0.0320509907	0.0741770835	-0.006649752	0.0255950984	0.1404658114	-0.0986815755	0.2641114526	-0.2304212112	0.0612307464	-0.0811882051	0.0055157465	-0.0113934798	0.0508392174	0.100871716	-0.0045455028	0.0076661171	0.0196156716	-0.0755505789	-0.0134990808	0.0653514776	0.0095142523	0.0309617466	-0.0239432306	0.0855042326	0.0224410196	-0.0008701253	-0.0219375784	0.0357290909	-0.0077577759	-0.0899685475	0.0230492221	0.0860510014	-0.037674825	-0.0796476241	-0.289495646190943	0.0048814036774019	2.3828101861752976e-05	0.0838077291635116	0.7123757510678104	-0.3472936505050228	0.5074792107094269	0.1206128796811049	0.2058234291069709	-0.154705215036202	0.0239337035593975	0.0423632839693522	-0.0148526127574047	0.0101320738625323	0.0001026589207558	0.0002206001057214	-0.0026112569442293	0.0005460132665214	2.981304872173696e-07	6.8186628287857415e-06	0.0003511266338688	0.0003690704063051	1.2328991301203434e-07	1.3621296481026034e-07	0.0	0.0	0.0	0.0	0.0	0.0	0.0	0.0	0.0	0.0	1.0	0.0	0.0	0.0	0.0	0.0	0.0	0.0	0.0	0.0	0.0	0.0	0.0	0.0	0.0	0.0	0.0	0.0	0.0	0.0	0.0	0.0	0.0	0.0	0.0	0.0	0.0	0.0
808.4895144902591	3.840932964900048	14.752766040855876	653655.2950406949	939.9286096746272	14.625969061546355	883465.7912848777	213.9189709893112	774.8431896485592	1.6919720999320589	2.862769586948501	600381.9685447532	778.0460753949019	635.6314566364027	1.375759	47.752834	0.8569902472536584	0.5107522929340222	0.1650746822	0.0286279339	0.0847996586	0.0704289391	0.03302002	0.1711336867	-0.0238061533	-0.0585256615	0.0085427168	-0.0298205538	0.0143445857	0.0003582667	0.1016650295	-0.0196680105	0.1441148914	-0.0975117714	-0.0121192891	-0.1245662162	-0.0533839984	0.1157523465	-0.1214503136	-0.0161771885	-0.0300737819	0.0652815142	0.0377996809	-0.0462021742	0.0509268239	0.0345149981	0.0464451326	0.0526635894	-0.075779373	0.0700918436	-0.0051164143	-0.09725518	-0.0242208188	0.0043209435	-0.1288271337	-0.0106650301	0.0787554067	-0.0043585617	0.0135196404	0.1291202891	0.0145861072	0.0335233835	-0.1375089256	0.090395675	0.0803900851	0.0480804948	-0.1043714829	-0.0217248695	0.0027594069	-0.0075520347	0.1133330179	-0.1026972346	-0.0777612687	-0.0451804493	-0.0296367762	0.000451658	0.0265210336	-0.0598332286	0.0171205084	0.1466298457	-0.1255289964	0.0214124507	-0.0338286277	-0.1143892656	0.0534395175	-0.0175780258	0.0239008921	-0.0666586475	0.0074999148	-0.0057482641	-0.0774182808	0.1546989712	0.0102890354	0.0104190445	0.0525887285	0.0800166662	-0.1133184691	0.1228517944	0.0552369986	0.0407770181	-0.1352780829	0.1080697561	0.0524542568	-0.0621143897	0.007184715	-0.0813557301	0.0937783842	-0.0046600614	0.0218762608	0.0412287687	0.0797130649	0.0951328682	-0.0426316317	0.000204447	0.0335222017	0.0204804871	0.0439357701	0.0830846557	0.0434000204	-0.1088408619	0.0558298299	-0.1550200672	-0.0686557638	-0.0071395797	-0.0673640588	-0.07007484	-0.0523064033	-0.0545719636	0.0587841945	-0.0085186814	-0.0500496797	0.0954846397	0.1182896984	0.0634534641	0.0580139243	-0.0792315773	0.0438855403	0.011560593	-0.0478292744	0.0746311015	-0.0155798953	-0.0173800523	-0.0262929029	-0.0222770545	-0.0723506746	0.0286498689	0.0366644031	-0.0507744099	-0.0306062045	-0.0053278027	-0.1403171133	-0.0040434457	-0.0680303926	-0.1036541537	0.0712899548	-0.0453424473	-0.0499252674	0.1292044743	0.0111127938	-0.1090410835	0.064022337	-0.1379190971	0.1554175988	-0.0379835943	-0.0434859387	-0.0555256172	-0.0373919445	0.0278676048	-0.0268088184	-0.0699799017	0.0430923666	0.0091254017	0.0699062136	-0.0610446395	-0.0739863648	0.0210345315	-0.1313796767	0.056103676	0.0467205268	0.1369074231	0.0864446516	0.0157847002	-0.0308038373	-0.0478480218	-0.0089476998	-0.089533037	0.0264992443	0.0843382767	-0.0430324377	-0.0759024438	-0.2075975700219459	0.081898076168997	0.0067072948801828	0.0430967510790167	0.4769613262674568	-0.2354144248003535	0.2274921067548113	0.0554199514040813	0.1722830084101332	-0.0335404206968377	0.0011249598205208	0.029681434986846	-0.0065912496453426	0.0082613631120621	6.825012046934039e-05	4.344457188722895e-05	-0.001387074687468	0.0012241822567613	1.4986221977691894e-06	1.9239761886144497e-06	-0.0002860745090572	-0.000637201142926	8.183862473231801e-08	4.060252965462007e-07	0.0	0.0	0.0	0.0	0.0	0.0	0.0	0.0	0.0	0.0	0.0	1.0	0.0	0.0	0.0	0.0	0.0	0.0	0.0	0.0	0.0	0.0	0.0	0.0	0.0	0.0	0.0	0.0	0.0	0.0	0.0	0.0	0.0	0.0	0.0	0.0	0.0	0.0
802.3313910802708	-6.15812340998832	37.92248393264618	643735.6611128025	925.579064160485	-14.349545514142164	856696.6040121992	205.9094564624375	769.4108368262389	-5.432352822320354	29.51045718617192	591993.0358256532	772.5967962928642	631.3025339723079	1.195563	41.498203	0.425952853012365	0.2472992677036335	0.1030568667	0.0773819548	0.0912704301	0.0213331387	0.0380489887	0.1016158502	-0.0063582597	-0.0174923103	-0.0991816857	0.0454667119	0.0263491824	0.0909620646	-0.0183159589	-0.0884461657	0.1065067088	-0.0543599866	0.0491906047	-0.0414025044	-0.0045259246	0.1404588275	0.0035123627	-0.0330090835	0.0091474757	-0.0120277489	0.0566667917	-0.0058200172	0.0524517196	-0.0956469366	-0.0208461766	0.2110437317	-0.0707184115	0.0201987638	0.030427108	-0.0413761718	-0.0377201133	-0.0393642665	-0.0513989161	0.0465359974	0.0535632408	0.0316535303	-0.0207427084	-0.0022281257	0.1113507743	0.0384211362	-0.0138758329	0.0809012332	-0.0716697919	0.0765450107	-0.0152214967	-0.0969315394	-0.0836548055	0.0360219365	-0.0909869396	0.0826147655	0.0087476486	0.0252697405	0.083753048	-0.0444247431	0.0552441023	-0.160523495	-0.0231077593	0.0214865379	0.0683833026	0.016553457	0.1057524166	-0.010594976	0.0394011437	-0.0455075294	-0.0580471669	0.0420134714	0.0097087087	-0.0421682302	0.0484740177	-0.0535557656	-0.0466355612	0.0779288245	0.0315402409	0.0573248901	0.0430139812	-0.0346970756	0.0813772411	-0.0067826917	-0.1372601816	-0.0271674199	0.0400075421	-0.0376733813	0.02012925	-0.0675283202	0.1674052323	0.0066573421	-0.05290125	0.036232722	0.0301587837	0.0302866561	0.1058792424	-0.0047506201	-0.0107021961	0.026053412	0.0311864726	0.0220488036	0.064467429	-0.0350797704	0.050641108	0.0700450563	-0.044481516	-0.0235552883	-0.0242967074	-0.031381525	0.0441641815	-0.0134338529	0.0292632841	-0.0114324826	-0.1064234112	0.0530429927	-0.0146761091	-0.0135392082	0.0005615073	0.0611547242	0.0755586468	0.10188497	0.0665185455	-0.0461276347	-0.0211078428	0.0195466317	0.0204752239	0.0346110072	0.040231669	0.0915642422	0.0163702925	-0.0360393886	0.0251144962	-0.1001668546	0.0877405445	-0.01956182	-0.0523992799	-0.0794492299	-0.2243770518	-0.0074196373	0.0530951965	-0.0063613513	-0.1375260425	0.0144742811	0.0191925165	-0.117062804	0.0908174685	0.043588292	-0.0743566566	-0.1059102908	-0.1145605952	0.0771426993	-0.1291861105	-0.0596802346	0.0370528433	0.0356017996	0.0136060246	0.05386978	-0.0264629834	-0.0589714187	0.0272332126	-0.0223551454	0.0193774368	0.0059642737	-0.048908938	0.0329274991	-0.0218295644	0.0388019293	-0.0101360905	-0.089036165	0.0299084066	0.0823943867	-0.0482057789	-0.0716892996	-0.1789699446647148	0.028627625357231	0.0008195409335939	0.032030241093291	0.3632382458065422	-0.1137230804609146	0.1319420232166139	0.0129329390295196	0.1023323501658239	-0.0699506582443093	0.0048930945888121	0.0104719098904607	-0.0030270928614713	0.0035641567838713	1.2703213580015809e-05	9.163291191970503e-06	-0.0007376598107675	0.0006494148767004	4.217396820799256e-07	5.441419964215439e-07	-0.0002266163906308	5.945811842640003e-05	5.1354988502531335e-08	3.535267846807811e-09	0.0	0.0	0.0	0.0	0.0	0.0	0.0	0.0	0.0	0.0	0.0	0.0	0.0	0.0	0.0	0.0	0.0	0.0	0.0	0.0	0.0	0.0	0.0	0.0	0.0	0.0	0.0	0.0	0.0	0.0	0.0	0.0	0.0	0.0	0.0	0.0	0.0	0.0
805.2948215712639	2.963430490993119	8.781920274947717	648499.7496494938	932.922943063858	7.343878903373024	870345.2176949305	53.932557347407375	770.8031339764298	1.3922971501908703	1.9384913544296196	594137.4713478859	773.2603810702507	625.600187850325	0.955636	33.1703	0.0859771027137271	0.0545051504699163	0.1334542751	0.086845481	0.0984664588	0.0275881845	0.0515943171	0.04681696	-0.0346373769	-0.0175929887	-0.0786324877	-0.0330382825	-0.0316801447	0.0372855573	0.0452328	-0.0934042355	0.0706718343	-0.0649352697	-0.094213545	-0.0108268405	-0.018245703	0.0975009962	-0.0322229721	0.0188956706	0.0263615654	-0.0041125304	0.0622555443	-0.0024786766	0.0624625283	-0.0651291736	-0.0228137912	0.148608251	-0.0830369558	0.026457862	0.0184825024	0.0400978896	0.0043541328	0.0466297704	-0.0059348171	0.0580944577	0.0031526397	0.100010912	-0.0710144813	0.0167811082	0.0464962918	0.0139049756	0.023923063	0.0617063244	-0.1084438204	-0.0057595654	0.0322161173	0.0445391272	0.0971834125	-0.1302824245	-0.0008250313	0.0323483145	-0.01948124	0.1278498303	-0.0207912927	0.0882175676	-0.0376328114	0.0901786061	-0.0291539175	0.0759287176	0.1307126265	-0.0912272914	0.0251132328	0.1681293817	0.0820727225	0.0725056763	0.066853771	0.1592550538	-0.0801526301	-0.0326226869	-0.0982604284	0.0948315747	0.0218840199	0.0280001372	-0.0662677612	-0.0406555057	-0.1048685409	0.0181444555	-0.0751809526	0.014338846	-0.1150635645	0.0125840829	0.0361733345	0.0115458826	0.0140503413	-0.0071985198	0.1236525181	0.0516101584	-0.0230903995	0.068587982	-0.0034465685	-0.0004632652	0.0724114783	-0.0364723793	-0.0060332613	-0.0277546961	-0.0402866096	-0.0888699725	0.0637251898	-0.0673282666	-0.000920775	0.0185093178	0.019238397	-0.0447053841	0.0734499907	-0.0437058443	-0.0190632387	-0.0537456642	-0.0900722972	0.0166098724	-0.0744068869	0.0968967235	0.0461198132	-0.0054079519	0.0292945094	0.2051301866	-0.0783439465	-0.0626369151	0.0853634203	0.1490904495	-0.0971316969	-0.0593950571	-0.113364598	0.0413047138	0.0795490797	0.1057243737	-0.0377889285	-0.0693423445	0.0549831058	0.0657149911	0.1306131378	-0.042727441	-0.0623407008	0.0888101143	0.0726739058	0.0061722346	-0.1145612775	-0.0271472889	-0.020701307	-0.0261926308	0.0250834307	-0.1215664008	0.0862105491	0.0238434898	-0.0513783283	-0.0609479103	-0.0773810748	0.0664871163	-0.1239695038	-0.0501033588	0.0407470921	0.0457639364	0.0237225711	-0.0190610747	-0.0018932677	-0.0507899144	0.0605493878	0.0229993383	0.0159381524	0.0438953296	0.0523464269	0.0037355283	-0.0092912158	-0.0521589387	-0.0113227445	-0.0884782721	0.0332714524	0.0802246594	-0.0531726956	-0.0670341672	-0.1826701821485699	-0.003700237483855	1.3691757436926248e-05	0.0333683954461917	0.3463088837983861	-0.016929362008156	0.119929842997684	0.0002866032980031	0.1488569008749749	0.046524550709151	0.0021645338186883	0.0221583769381021	-0.0033250659199462	-0.0002979730584748	8.878794357688607e-08	1.1056063371987668e-05	-0.0007377558253649	-9.601459739999685e-08	9.218802913883476e-15	5.442836578598448e-07	-0.0001482264134518	7.838997717899999e-05	2.197106964478396e-08	6.144988522124138e-09	0.0	0.0	0.0	0.0	0.0	0.0	0.0	0.0	0.0	0.0	0.0	0.0	0.0	0.0	0.0	0.0	0.0	0.0	0.0	0.0	0.0	0.0	0.0	0.0	0.0	0.0	0.0	0.0	0.0	0.0	0.0	0.0	0.0	0.0	0.0	0.0	0.0	0.0
805.052618464812	-0.2422031064519387	0.0586623447749691	648109.7184970501	933.4576553190598	0.5347122552017254	871343.1942737566	0.2859171958629151	769.4508168703303	-1.3523171060994628	1.8287615554492256	592054.5595824185	772.8939759043301	631.2901610551705	0.90314	31.348148	0.0325758744903061	0.0199143723184645	0.1077441799	0.0711592994	0.0819663248	0.0400005326	0.0373750756	0.06693328	-0.049360765	0.0192437221	-0.089372369	-0.0381939137	0.0116961513	0.0319413808	0.0295856348	-0.1392272666	-0.0177476255	-0.0399228856	-0.1276071141	0.0185266041	0.0032057377	0.1180742495	0.0059441096	-0.0693049361	0.0390522764	-0.0099423396	-0.0417933754	0.0500362773	-0.0210394885	-0.1422917268	-0.061929984	0.0537944753	-0.04501373	0.099595363	0.1015436167	0.0177900459	0.0654251315	-0.0626174663	0.0758873457	-0.0031720942	0.1029091134	0.0051761325	-0.0089997343	-0.0920818658	0.0050952043	0.0572859041	0.0179992494	-0.0686831184	-0.0871336792	0.0224146279	-0.0252681624	-0.0115355701	-0.0039739496	0.0382691609	-0.0005335439	-0.0345338393	0.0592096673	-0.0974748888	-0.0398238492	-0.0074167577	0.0563370547	0.0394761346	0.1006257056	-0.0327077783	-0.0209998051	-0.0066561235	0.1317141595	0.0521676489	-0.0165200462	-0.0948066619	-0.0610055733	-0.0540544591	-0.021419907	0.0950598393	-0.0086848604	-0.0161451118	0.0115188178	-0.0098156687	0.0280993095	0.0219184092	0.1136045948	0.0564845081	-0.0121897562	0.0026166121	-0.1253221944	-0.0273371008	-0.0205554894	-0.0021762817	0.0627026442	-0.0433379884	0.0638763641	0.0457787555	0.0008439746	0.1535648634	0.0358536834	-0.0373420344	0.0981054762	-0.0423552516	-0.0613663686	0.0481790107	0.0289875544	0.0014521034	-0.0446690601	0.0225538333	-0.0668416011	0.1026060099	-0.0403428102	0.0135695852	-0.0097724949	0.0445858166	0.0754928514	0.0392407234	-0.0758142812	0.0991990257	0.0023874555	0.0204142662	0.062672009	-0.0176835882	-0.018840052	0.0457267193	0.0228182806	0.0725332094	-0.1001818107	-0.1061760919	0.00958167	-0.0896472232	0.021502608	0.0576431163	0.0765784242	-0.0677247433	0.013223184	0.0622638117	-0.0651536057	0.0287583878	-0.0534143395	-0.07195114	-0.019980723	0.0598931792	-0.0674785412	0.1002199908	-0.0117338051	-0.0561087345	-0.1052949742	0.0168325401	0.0191547237	-0.1120941352	0.0762395353	0.0389467923	-0.0679547942	-0.0825400986	-0.1124852206	0.0510153901	-0.1087650624	-0.0665077264	0.0240414985	0.0091559696	0.0177208892	-0.0106682779	-0.0209317541	0.0155130508	0.0849732152	-0.0737520534	-0.0374831848	-0.011773544	-0.0482037385	-0.0009876125	-0.0002464863	0.010000316	-0.0125074584	-0.0878597406	0.036583196	0.0778350419	-0.0579119187	-0.0619657467	-0.182667157364861	3.024783708893697e-06	9.149316485588708e-12	0.0333672903797588	0.356379404896046	0.0100705210976599	0.1270062802340599	0.0001014153951784	0.1343100134246526	-0.0145468874503223	0.0002116119344923	0.0180391797061303	-0.0031890529789079	0.0001360129410382	1.8499520129888025e-08	1.017005890228135e-05	-0.0007378017699966	-4.594463169995972e-08	2.110909182044944e-15	5.443514518101158e-07	-0.0001251764759495	2.30499375023e-05	1.5669150131135753e-08	5.312996188599357e-10	0.0	0.0	0.0	0.0	0.0	0.0	0.0	0.0	0.0	0.0	0.0	0.0	0.0	0.0	0.0	0.0	0.0	0.0	0.0	0.0	0.0	0.0	0.0	0.0	0.0	0.0	0.0	0.0	0.0	0.0	0.0	0.0	0.0	0.0	0.0	0.0	0.0	0.0
811.2985906243105	6.245972159498479	39.01216821723008	658205.4031489925	936.9576941596138	3.500038840553998	877889.7206449003	12.250271885386574	770.9314284288972	1.4806115585669204	2.192210587361965	594335.2673394199	773.2575786061531	637.0570686394964	1.007662	34.976128	0.0911165758750668	0.0522686134681182	0.1108635903	0.0531017967	0.0267938975	0.0703888302	-0.1050157291	0.0972887227	-0.063046243	0.0966491328	-0.0416669976	-0.0643081482	0.0070386744	0.0412283668	0.1408184503	0.0089069566	0.0196283021	-0.0198007	-0.0662567835	-0.0456103875	-0.0161707339	0.0810613318	-0.0118749029	-0.0536249644	0.0576516471	-0.0719318816	-0.1263727319	0.0618397855	0.0175378633	-0.1074826022	0.0268998666	0.0466312881	-5.92759e-05	0.1069653104	0.0871167763	-0.0710750627	-0.01345862	0.0732332493	-0.0099584103	0.0296519761	0.0200783203	0.1483950467	0.0191409577	-0.039019718	-0.0235353119	0.0099942318	-0.0722756257	-0.0105080006	0.0940499267	0.0886607825	0.04821841	0.098082378	-0.1346312786	-0.0342277361	-0.1308931438	-0.0872160577	0.0195170191	-0.0410577641	-0.0755251518	0.2073261115	0.0486865153	0.0380335586	-0.0433712191	0.0199373744	0.0038397845	0.0668814212	0.0034589937	-0.0178044944	-0.0052372093	0.0733532065	-0.044868559	0.076120874	0.1031648448	0.0337051374	-0.0535049275	0.1137072544	0.0108287356	0.0618087653	-0.0336769442	0.0673077917	0.0640647483	-0.108492379	0.0248916172	0.0136927552	-0.0907954963	-0.0029310688	-0.066117332	0.0594500631	0.1520744804	-0.0071366058	0.0408019263	0.0840414022	0.0425955187	0.0498033435	-0.014198805	-0.0100503835	0.1083198629	-0.0587122498	-0.0407638462	0.0835270917	0.0355833202	0.0605492628	-0.0129763199	0.0096266889	0.0152253669	-0.0042657459	-0.0467662854	-0.0710865279	0.0459545691	0.0188134572	-0.1327994299	0.049945069	-0.0075359967	0.0909792179	0.0579404321	-0.0158898296	0.0734576292	-0.0121514473	0.1890225761	-0.0195384877	-0.0678512951	0.0067339268	0.0763651152	-0.0523856523	0.0187948633	-0.0161950202	-0.1130399955	0.0956698413	-0.0832702171	0.1374002759	-0.0683852672	0.0049411182	-0.1132324517	0.003421364	0.0504283694	0.108744507	0.1254819203	-0.1313772752	0.0664745035	0.0164785779	-0.0715601354	-0.0503731389	0.0283611157	-0.03853986	0.0182753388	-0.0973203474	0.0643735654	0.0384994317	-0.0758924339	-0.0589166489	-0.0562854661	0.0334126452	-0.0620262716	-0.1407059543	-0.0341941207	-0.0764634942	0.0222669185	0.0337613511	-0.038703797	0.0273345993	0.0028140858	0.0166703647	0.0073558924	0.0198273491	0.0804572041	-0.0557394005	0.0048694052	-0.0248842383	-0.0136900291	-0.0871809944	0.0398385309	0.075232084	-0.062403154	-0.0565152869	-0.159246039535958	0.0234211178289029	0.0005485487603553	0.0253593011078879	0.3152411226147222	-0.0411382822813238	0.0993769653873903	0.0016923582690578	0.1203583870037476	-0.013951626420905	0.0001946478797884	0.0144861413221438	-0.0029370509707413	0.0002520020081666	6.350501211999917e-08	8.626268404732412e-06	-0.0007378177870112	-1.601701460005045e-08	2.565447566982293e-16	5.443750868301045e-07	-0.000125083514252	9.296169750002141e-08	1.5645885537630284e-08	8.641877202085488e-15	0.0	0.0	0.0	0.0	0.0	0.0	0.0	0.0	0.0	0.0	0.0	0.0	0.0	0.0	0.0	0.0	0.0	0.0	0.0	0.0	0.0	0.0	0.0	0.0	0.0	0.0	0.0	0.0	0.0	0.0	0.0	0.0	0.0	0.0	0.0	0.0	0.0	0.0
812.117390450616	0.8187998263055078	0.6704331555579298	659534.6558723182	931.58390957097	-5.37378458864373	867848.5805715333	28.87756080514486	771.3233825988009	0.3919541699036699	0.1536280713048749	594939.7605436562	772.7426892357151	650.5933624139313	0.936892	32.519695	0.0632783199744183	0.0326987154573876	0.0829845869	0.037043734	-0.038976112	0.0370531147	-0.0021520257	0.0880216257	-0.0052421896	0.066012911	0.0341470861	-0.0174642522	0.0211551052	0.0696616957	-0.020452909	-0.0613686613	0.0672260991	0.0097814289	0.0064228976	0.0428203356	-0.0136808854	0.0745173704	-0.0075487379	0.0007055234	0.0337755096	-0.0294009016	-0.0976145954	0.0246081356	0.0024540404	-0.0493675902	0.0135269948	0.0671422377	0.0247823713	-0.0263805977	0.0524551866	-0.0133136054	-0.0450932346	0.0214785779	0.0606347965	-0.0325112145	-0.0667022815	-0.0671400438	0.1322999969	-0.1112648978	0.0463785174	-0.0468723373	-0.0010586315	0.0904189246	-0.0091341947	0.0448644352	0.0388780917	0.0276474958	-0.0449761624	0.0786893247	0.0039335197	-0.0439610825	-0.0212665915	-0.0009405074	-0.0178177466	0.0399405476	0.0128658837	0.1182457373	-0.012813359	0.0840885081	-0.0199405898	-0.0586456542	-0.0312698067	-0.0711746889	-0.0385725369	0.0611819649	0.0599853914	-0.0494658839	0.046294479	-0.0010642581	0.0277558384	0.0342850658	-0.0138125983	-0.0797758905	-0.0748773779	0.0521359386	0.0371749072	-0.1206952997	0.0403151772	0.006240424	-0.0744881591	-7.19112e-05	-0.0086750219	0.0511613372	0.1024591604	-0.0110522801	-0.022993777	0.0300599664	-0.0704745566	-0.0121577412	-0.0531279064	0.0127422904	0.1321972193	-0.0413174287	0.0008196622	0.0162530631	-0.0413217968	0.0417080147	0.0144088199	0.0754396133	0.1142006111	0.0397476445	0.0328933546	0.0228850048	-0.0229315574	0.0833938396	0.0167062932	0.0261202139	-0.0320689515	0.0171162164	-0.0821048312	-0.003076789	0.0123245406	0.028678052	0.0864441964	-0.0263833328	0.0949798857	-0.0490653314	0.0102662434	0.053935138	0.0550022971	-0.0616013424	-0.0425871412	0.0338232603	-0.032362415	0.0044236379	0.0353122024	0.0164799042	0.0138926336	0.0104892785	-0.0602428033	0.021429161	0.0973380178	-0.0124145776	0.025006671	-0.0723561304	-0.0866439091	0.0759885533	0.1170484171	-0.0316140924	0.0096895381	-0.0880428336	0.0538358553	0.0523106271	-0.0926537385	-0.0552768671	-0.0506995024	0.0161813593	-0.0438919675	-0.1094612237	-0.0254408459	0.0046898254	-0.0514201307	0.0269144002	0.0157206	-0.0425591772	0.0640810293	0.0366856541	0.0181530465	0.0042326856	0.0011447157	0.0572872826	0.0112360625	0.0208567661	-0.0148702542	-0.0864424987	0.0430324377	0.0724229201	-0.0666271694	-0.0507163915	-0.1419597408284403	0.0172862987075177	0.0002988161230055	0.0201525680160779	0.3419566367318509	0.0267155141171286	0.116934341404959	0.0007137186945425	0.1141490523469457	-0.0062093346568019	3.855583688016119e-05	0.0130300061517057	-0.0030391092955538	-0.0001020583248125	1.0415901663533788e-08	9.236185310321517e-06	-0.0007375697511264	2.48035884800016e-07	6.15218001485268e-14	5.440091377766597e-07	-0.0002841206034141	-0.0001590370891621	8.07245172843923e-08	2.5292795729153752e-08	0.0	0.0	0.0	0.0	0.0	0.0	0.0	0.0	0.0	0.0	0.0	0.0	0.0	0.0	0.0	0.0	0.0	0.0	0.0	0.0	0.0	0.0	0.0	0.0	0.0	0.0	0.0	0.0	0.0	0.0	0.0	0.0	0.0	0.0	0.0	0.0	0.0	0.0
815.1262537150759	3.008863264459933	9.053258144216484	664430.8094955743	939.219836302478	7.635926731507993	882133.9009040536	58.30737704895834	774.1733013543108	2.849918755509861	8.122036913006879	599344.3005298325	775.8837067021651	656.7723886492391	0.88244	30.629644	0.073281126838586	0.0489135896700944	0.0922513742	0.0303632871	-0.060487195	0.0190647607	0.0259371276	0.0163876418	-0.0131947853	0.0291400655	0.0776346432	-0.0436094247	0.0173373458	-0.0030595092	0.0235101002	0.0121006191	0.0978327232	7.29606e-05	-0.0797902375	0.0153464171	-0.0558930836	0.0470629039	-0.0716864953	-0.0065579148	0.0234355822	0.0504315555	-0.0083508449	0.0065818703	-0.0262275433	0.0120127446	0.0324532174	0.0899285411	0.0183346573	0.0699113434	0.0855133147	-0.0028617585	-0.0681224076	-0.0492831972	0.0417554023	-0.0899143959	-0.0679828709	-0.0009886333	0.0279564245	0.0448076932	0.0442054421	0.083045484	0.0032827012	0.0473491621	0.1045603598	0.0063826766	0.1087572041	-0.0118744377	-0.005501686	-0.1686715135	-0.0500051459	0.0231711773	-0.099638636	-0.0437151702	-0.0525577263	0.0277334356	0.0243086423	-0.0937093717	0.0406110356	0.0042873405	0.1187108223	-0.0579528145	0.0263803648	0.0517072976	-0.022168532	-0.0501188976	0.1848299939	-0.0196216052	0.1671040226	-0.0761337894	0.0806234404	-0.0418243019	0.031328701	-0.1027109833	-0.0124754661	-0.1252536732	-0.053003055	-0.0197783714	-0.0171594834	0.0565289408	-0.0565173551	0.0701258197	-0.0046382539	0.0105321234	0.0242225899	-0.0237210467	-0.0029175603	0.0639219867	-0.0009422267	0.0083083603	-0.0159018141	-0.0031737666	0.0577520295	-0.065878474	-0.0509518599	0.0678197049	0.0004350411	0.010526578	0.0909736586	0.0343515232	0.0211743961	-0.0337265281	0.063425211	0.1438847609	-0.0492243047	-0.0364043058	-0.0898231138	-0.0955569101	-0.0390105653	-0.058310651	-0.0470390039	0.0266604466	-0.0845245578	0.0257089981	0.1631498171	-0.063866448	-0.1010726859	-0.0288810438	0.1280414125	-0.0229912797	-0.1329850405	-0.0445947916	0.0283680631	0.0232160801	-0.0257751956	-0.0373048164	-0.0083055974	0.1152596365	0.0957455762	0.0246743118	0.0116687939	-0.0060047207	0.0019634398	0.0970350847	-0.0200581703	0.0526159837	0.0930268985	0.0442279917	0.063338484	0.0438995812	0.0108739545	-0.0877941045	0.0488261726	0.0413711439	-0.0822570838	-0.021197972	-0.0262225859	-0.0108500388	-0.019897797	-0.1018264997	-0.0145210602	0.017972369	-0.0720697841	0.0020087701	0.0345615201	-0.0653051525	0.0809208306	0.0085836597	-0.01222364	0.0524363553	0.0359762474	0.0301387933	0.0470212018	-0.0485406214	-0.0160479313	-0.0856447597	0.0461599916	0.06941525	-0.0705658771	-0.0446048127	-0.1417514511985587	0.0002082896298815	4.338456991621047e-08	0.0200934739168973	0.3453912813825042	0.0034346446506532	0.1192951372550481	1.17967838762613e-05	0.1599224603077118	0.045773407960766	0.0020952048763427	0.0255751933108716	-0.0030260347590888	1.30745364650001e-05	1.7094350377461728e-10	9.156886363213612e-06	-0.0004333127822735	0.0003042569688529	9.257230309555457e-08	1.877599672816016e-07	-0.0001241564167863	0.0001599641866278	1.5414815829213435e-08	2.558854100349363e-08	0.0	0.0	0.0	0.0	0.0	0.0	0.0	0.0	0.0	0.0	0.0	0.0	0.0	0.0	0.0	0.0	0.0	0.0	0.0	0.0	0.0	0.0	0.0	0.0	0.0	0.0	0.0	0.0	0.0	0.0	0.0	0.0	0.0	0.0	0.0	0.0	0.0	0.0
814.8100741905071	-0.3161795245688381	0.0999694917565765	663915.4570023397	941.4533919003676	2.2335555978895627	886334.4891207071	4.988770608863802	775.1691716068107	0.9958702524999126	0.9917575598142396	600887.2446095891	777.2330038474424	664.2601845813718	0.887953	30.821016	0.1234842183778392	0.0701148864255093	0.0712663438	0.0159573726	-0.0669403131	-0.0113875123	0.0554207508	0.0277297727	-0.0035326535	-0.0036414347	0.0828520266	-0.0954035488	0.0068634519	-0.0256895193	-0.0309914556	-0.0743575898	-0.01285167	-0.0148127314	-0.1233419826	-0.0003227434	-0.0545365356	0.0281184327	-0.0588524505	-0.0059664669	-0.0161659177	0.0438524445	-0.0770995537	-0.0631706916	-0.0269017428	0.0142654781	0.0007836717	0.0582071678	-0.0166113546	0.0983045032	0.0858923445	-0.0037347679	-0.0402774263	0.0107352776	-0.0272024495	-0.0467827078	-0.0957512572	0.0005029879	-0.0211068381	0.0183466025	-0.0351131667	0.0058623313	-0.0376988548	-0.0308487341	-0.051392805	-0.0461191999	0.1386945223	0.0098825542	0.0152105714	0.029442131	-0.1625584956	0.0346541046	0.1380708451	-0.0287843381	0.0015493186	-0.0964601217	-0.0337253518	-0.0724533636	-0.0224668245	-0.0581060932	-0.0307984005	-0.0885541639	0.0456443003	-0.1313075488	0.0878752553	0.0739424442	-0.1073077407	0.090292197	0.0636561214	-0.0563943861	0.097338271	0.04741142	0.1371469847	-0.0343963051	-0.0288962816	-0.077692821	0.0269653431	0.0327644766	0.0228370169	0.0458608073	-0.0263931913	0.0702722688	0.0121314774	0.0040778999	0.0360544892	-0.0308697376	-0.0663424178	0.0456617088	0.0233953498	0.0369375948	0.0204214896	0.075734525	0.0490821807	-0.0381669491	-0.0407091048	0.1108068551	0.0163336147	-0.0191223051	0.0057099456	-0.0075593256	0.042992921	0.0758427149	0.052092793	0.0817326679	0.0270352149	0.010637656	-0.0531939555	0.0245362161	-0.0213672927	0.0102460605	-0.0577902654	-0.1359169874	-0.0833813964	-0.0074254824	0.0163322383	-0.0574125693	-0.0162155498	0.0652257246	-0.0004134382	-0.0460398942	-0.0061685547	0.0741558934	-0.0010359547	0.0998273474	0.0416615611	-0.1520408246	-0.0857615185	-0.0707937139	0.0434198772	-0.0946308356	0.1321869397	-0.1099367464	0.0640764251	-0.1014921927	-0.0518338619	0.0964652086	-0.0204070889	0.1091192418	0.0273908854	-0.0529313034	0.0056699809	-0.0754049617	0.0409118159	0.042489059	-0.0925994473	-0.0348627017	-0.0530754871	0.0077900651	-0.0138607965	-0.0896030145	-0.019177214	0.0311883735	-0.0996887771	-0.0674664057	0.0165570089	0.0389024557	0.1100815912	0.0080564832	-0.0783488806	-0.0509266487	-0.0024337759	-0.0189158903	-0.002305308	-0.0078689419	-0.0172228587	-0.084788324	0.0492163702	0.0662173176	-0.0742024108	-0.0382182304	-0.1320336025619042	0.0097178486366545	9.443658212492788e-05	0.0174328722054748	0.3354606441598804	-0.0099306372226237	0.1125338437801619	9.86175556473608e-05	0.1081383908428392	-0.0517840694648725	0.0026815898503427	0.0116939115740786	-0.0024140113599497	0.0006120233991391	3.745726410937781e-07	5.8274508459662e-06	-8.6251244490132e-05	0.0003470615377833	1.2045171100855618e-07	7.4392771760965254e-09	-0.0002061047409376	-8.19483241513e-05	4.24791642369552e-08	6.715527831206538e-09	0.0	0.0	0.0	0.0	0.0	0.0	0.0	0.0	0.0	0.0	0.0	0.0	0.0	0.0	0.0	0.0	0.0	0.0	0.0	0.0	0.0	0.0	0.0	0.0	0.0	0.0	0.0	0.0	0.0	0.0	0.0	0.0	0.0	0.0	0.0	0.0	0.0	0.0
816.5146951826464	1.7046209921393256	2.905732726842059	666696.2474492099	943.1420246984824	1.6886327981147815	889516.8787523528	2.8514807268689566	774.0904001250232	-1.0787714817874985	1.1637479099179953	599215.9475657184	776.5503077746017	676.6648803495084	0.937825	32.552059	0.0783309917503203	0.0413079003194673	0.0625053706	-0.002708729	-0.1101237883	0.0069875515	-0.0327687352	0.0827935691	0.0006165195	-0.0115834229	0.1171612493	-0.0348838504	0.0276364889	-0.0397741203	0.0135654894	-0.0059219742	0.0765746818	0.0624945532	0.0178656512	-0.1217054697	-0.0468726541	0.0215446174	-0.0448156698	-0.0223574534	0.0022197388	-0.0242667014	-0.0766569719	-0.0255671835	0.009757665	0.043067081	0.1044240447	0.0984742173	-0.0695974295	-0.0525480756	0.0427623916	0.005874721	-0.1219343663	-0.0972989399	0.0062588706	-0.0011195096	-0.0460862682	-0.0198330355	-0.0066291398	-0.0038429808	-0.0415446257	0.0347615064	0.0444419218	-0.0107736981	-0.0487818475	-0.0247234181	0.0161516432	-0.0463928535	0.0578750653	0.0380956443	-0.0340640172	-0.0483697828	-0.0591178651	-0.0209424126	0.1660410014	0.0258072274	-0.020692704	0.0692450525	0.1419713966	0.0162113549	-0.0192662391	0.0725040887	-0.0792661051	0.1149251274	-0.0729737307	-0.039734554	-0.0252982398	0.052504289	-0.0385238743	0.0375005995	-0.036356421	0.038033445	-0.0762229367	-0.0360477423	0.0207203296	0.0545549272	0.0354932822	-0.0685939327	-0.0646894557	0.0376578286	-0.017222733	0.0478091843	-0.0145833539	0.0138633081	0.0403892016	-0.0327410989	-0.0207078641	-0.0268541988	0.0448109903	-0.0930609096	0.0764052441	0.1348009092	0.0361668992	0.0023891271	-0.0208989601	-0.017553136	-0.0352525766	0.0909405049	0.0094665682	0.0210073169	0.0687886605	0.0773336118	0.0179985107	0.0893330102	-0.0031244916	0.0208669508	0.0292055927	0.0169482222	-0.0677682016	-0.0318931434	-0.0120028258	-0.0460128882	-0.0409018241	-0.0706904818	-0.064852392	0.0940284353	0.0082060442	0.0468919908	-0.1153586964	-0.0135763713	-0.0894832132	-0.0564108645	0.0128510457	-0.0284112862	-0.0014549405	0.1311223142	0.0316985985	0.0055355004	-0.0186470155	0.1015922458	-0.0331894332	0.0261791861	0.0383704522	0.0386640735	0.1179326424	-0.0013381531	-0.0014398367	-0.0224050269	0.02937891	0.0439568043	0.0015270112	-0.0625356236	0.0237739784	0.0340838461	-0.0906565477	-0.0341999967	-0.0335229009	-0.0023634536	0.0395696361	-0.1211401981	-0.0377362211	-0.05014291	-0.0664544201	-0.0294634328	-0.0323253718	0.0657096826	-0.084356415	0.0352910594	-0.0231108793	-0.0205472513	0.0148856318	-0.0376794497	0.0005538423	-0.0031611069	-0.0183948351	-0.0838737786	0.0521968607	0.0628378881	-0.0775211985	-0.0315960199	-0.101629734583426	0.0304038679784781	0.0009243951880527	0.0103286029514976	0.3299852764300226	-0.0054753677298577	0.1088902826605984	2.997965177716809e-05	0.1226466411610402	0.0145082503182009	0.0002104893272955	0.0150421985880849	-0.0028340219619157	-0.0004200106019659	1.764089057638415e-07	8.031680480620513e-06	-0.0001150516497976	-2.8800405307468003e-05	8.29463345874431e-10	1.3236882121149592e-08	-0.0003161638481398	-0.0001100591072022	9.995957887056653e-08	1.2113007078145352e-08	0.0	0.0	0.0	0.0	0.0	0.0	0.0	0.0	0.0	0.0	0.0	0.0	0.0	0.0	0.0	0.0	0.0	0.0	0.0	0.0	0.0	0.0	0.0	0.0	0.0	0.0	0.0	0.0	0.0	0.0	0.0	0.0	0.0	0.0	0.0	0.0	0.0	0.0
812.1166022890931	-4.398092893553326	19.343221100324264	659533.375713581	937.2801919545389	-5.861832743943523	878494.1582303372	34.361083117968455	771.6014960995338	-2.488904025489319	6.194643248096936	595368.8687830389	774.4138168000827	664.211697058838	0.9621360000000002	33.395912	0.0565860597358453	0.0285373182805583	0.0463264354	0.010056357	-0.0514085308	-0.0450250787	0.0289990398	0.0155813359	0.0432716441	-0.0860876344	0.0653327882	0.0252738074	0.0429502163	0.007155586	-0.0539747933	-0.053219255	-0.0110505042	-0.0475644225	0.0212530724	-0.0423102731	-0.0141150001	0.0520307068	-0.011462444	-0.0359729243	0.0197698368	0.0034015171	0.0070999932	-0.0317370059	0.0094268993	-0.0240064152	0.0510421288	0.1299303694	0.0518939925	0.0186750616	0.0084907412	0.0407159244	-0.0254128491	-0.0499657787	0.0300703045	-0.0108978129	-0.0535896062	-0.0067431897	-0.0143247772	-0.0287392079	-0.0423755533	-0.0100837511	0.0282067468	-0.0309869006	0.0516574838	-0.1294965472	-0.0567713117	0.0320959267	-0.0095808876	-0.0304208897	0.0199757087	-0.0696174302	0.0173141855	0.0349298945	0.0729817831	0.0124857491	-0.015170256	0.0202116237	0.0008151907	0.0775338935	-0.0951547212	0.0364953729	0.0615423375	0.069309346	0.0724445409	-0.0766047209	-0.043416193	-0.0378386122	0.0107529128	-0.0521992654	0.0585680993	0.0410774268	-0.044851227	-0.0064387465	0.1514082364	-0.0500030319	-0.008902361	0.0045057567	-0.0373856077	0.0113298081	-0.0505298858	0.009098495	0.0063890756	-0.0342970413	-0.0398721381	-0.0360071539	0.0215083083	-0.0149884598	-0.0585495226	-0.0766575664	0.0264054711	0.0719409597	0.0927205198	-0.0139209454	-0.0435830349	-0.0446127985	0.0237221065	0.0339774025	-0.0146708381	0.0423373796	-0.0192835684	0.0798826442	0.0312177905	0.0251767732	-0.0148622989	0.0251164871	-0.115737176	0.0463658847	-0.0087962506	0.0064397172	0.0224075502	-0.0182712228	0.0060183221	-0.0284096923	0.0044051737	0.0362639199	0.0427312878	0.0239582146	-0.0552227488	-0.0546781885	-0.0739894873	0.0015529315	-0.0073916572	0.0114818894	-0.0378797495	0.034076174	0.1335649174	-0.0172359729	-0.0887234077	-0.0366887494	-0.0283781799	-0.0478954518	-0.0647901495	0.0840192216	-0.0719614136	0.1272614975	-0.0768357207	0.0843751113	-0.0113483091	-0.061473226	0.0023501126	-0.0640958884	0.0153696552	0.0400620315	-0.0806159989	-0.0549279573	-0.0474161709	-0.012362983	0.0016404738	-0.0696156658	-0.0172224468	0.0385209025	-0.1018766878	0.070295555	0.0184508038	-0.069848126	-0.0386600715	0.0141338814	-0.0174036728	8.12721e-05	-0.0231236809	0.0197983452	-0.0018056267	0.043255429	-0.0195636596	-0.0829017503	0.0550968674	0.0592862243	-0.0805080284	-0.0247790096	-0.12041228937926	-0.018782554795834	0.0003527843646585	0.0144991194335546	0.3243020395641025	-0.0056832368659201	0.1051718128654366	3.229918127415388e-05	0.1375215533394964	0.0148749121784561	0.0002212630123167	0.0189121776329079	-0.0027940642121175	3.995774979819984e-05	1.5966217689355394e-09	7.806794821435786e-06	-0.0002473177736297	-0.0001322661238321	1.7494327513568414e-08	6.116608115315153e-08	-0.0004888470924222	-0.0001726832442824	2.38971479769639e-07	2.9819502855895054e-08	0.0	0.0	0.0	0.0	0.0	0.0	0.0	0.0	0.0	0.0	0.0	0.0	0.0	0.0	0.0	0.0	0.0	0.0	0.0	0.0	0.0	0.0	0.0	0.0	0.0	0.0	0.0	0.0	0.0	0.0	0.0	0.0	0.0	0.0	0.0	0.0	0.0	0.0
814.7511514704795	2.634549181386433	6.940849389143923	663819.4388224722	947.6419746578744	10.361782703335509	898025.3121334754	107.36654079114288	772.2794856692193	0.677989569685451	0.459669856602263	596415.6039855139	774.9933014287276	665.7043363694681	0.979829	34.010029	0.0605127605007912	0.0297394975375655	0.07904944	0.0322210398	-0.0415618761	-0.0064867439	0.0471426842	0.0169504106	-0.0268748207	-0.0410505444	0.0422739251	-0.0244346678	0.0154453665	-0.0107280177	0.0840780869	0.0376078323	0.0365779157	-0.0529964309	-0.0109173247	-0.0319646916	-0.0218426101	0.0295022983	-0.0085863611	-0.0385506328	0.0380465671	-0.0184552852	-0.0625617752	0.0111794677	-0.0107754887	0.0214939017	-0.0573325315	0.0291120128	0.0107142208	0.0527754409	0.0668229063	-0.0687484029	-0.0249371469	0.0056751214	-0.007377618	-0.0407479025	0.0144786223	0.0190943336	-0.0594907636	0.0362700734	0.0111302843	-0.0591008024	0.0323528902	0.0272634102	0.0241263709	-0.0006235322	0.1066114477	-0.0105215103	0.0649456027	0.02631413	0.0234064265	-0.0271785941	-0.0498031765	0.0697970331	-0.018049482	-0.0324713145	-0.0685242251	-0.0519226647	-0.0676242929	-0.1152826954	-0.000738986	-0.0374683543	-0.0517643745	-0.100383846	-0.0808436032	-0.0329374654	-0.0684390788	-0.0332659609	-0.0843248483	0.1253215866	-0.0015093248	0.0506199114	-0.025631059	-0.0258475576	-0.0220407523	0.0269742522	-0.0309720035	0.0452259069	0.1773747488	0.0255663763	-0.0342371139	0.0216432414	-0.0124920119	-0.0057212758	-0.0106941431	-0.0090243351	-0.0088851421	0.0044745177	0.058977178	0.0521796062	6.95176e-05	0.0092513879	0.0709510172	0.004860531	-0.0581527432	0.0592280461	0.0413907481	0.0726463968	-0.083361888	-0.043510812	0.0614298342	-0.0131011102	-0.0622479535	0.0369856979	-0.0012187085	-0.0162135131	-0.0711721416	0.0778601143	0.0241329759	0.0261791619	-0.0547591446	0.0187381235	-0.1366452538	0.0509179681	-0.0704583882	-0.0130675399	-0.0775740219	-0.0341488367	-0.0539139761	-0.0085824382	0.0580079808	0.0284120972	-0.027859909	-0.0140492911	-0.0236320906	-0.0725907183	0.0383831176	-0.0980252903	-0.0755785741	0.0434390942	0.1051783551	-0.0271159898	0.0157709459	-0.1149435529	-0.0650854631	-0.0953218923	0.0282721654	-0.0746130532	-0.0293407747	-0.1614225712	0.0088597618	-0.0649557022	0.0321435162	0.0246996484	-0.07162802	-0.0140306621	-0.0349143857	0.0101716952	-0.0217081575	-0.0987402026	-0.0040175231	-0.0089113982	-0.0448815118	-0.077284987	0.0161179455	0.053033753	0.025622934	0.0399537356	-0.0457966191	-0.0214751146	0.0413461401	-0.0421919808	0.0027897535	-0.0064753654	-0.0207291319	-0.0818729053	0.0579119187	0.0555720611	-0.0831501106	-0.0178092284	-0.1017522556853691	0.0186600336938909	0.0003481968574571	0.0103535215370607	0.3258489902454329	0.0015469506813304	0.1061775644439682	2.3930564104686757e-06	0.144291149564367	0.0067695962248706	4.582743304778243e-05	0.0208199358426065	-0.0023940127875834	0.000400051424534	1.600411422717627e-07	5.731297227112842e-06	-3.684278834681365e-05	0.0002104749852828	4.4299719429831236e-08	1.3573910531681075e-09	-0.0005490442806192	-6.019718819699998e-05	3.0144962208065484e-07	3.6237014668250342e-09	0.0	0.0	0.0	0.0	0.0	0.0	0.0	0.0	0.0	0.0	0.0	0.0	0.0	0.0	0.0	0.0	0.0	0.0	0.0	0.0	0.0	0.0	0.0	0.0	0.0	0.0	0.0	0.0	0.0	0.0	0.0	0.0	0.0	0.0	0.0	0.0	0.0	0.0
814.5733242772017	-0.1778271932778352	0.0316225106690725	663529.7006240111	934.705970738472	-12.93600391940231	873675.2517341494	167.34019740279194	771.6628425388859	-0.6166431303333866	0.380248750187358	595463.5425551934	774.1702161951366	665.5949122691956	0.938675	32.581562	0.0553881115539837	0.0270533463228521	0.0295663572	0.0096222526	-0.0683598022	0.003852063	-0.0140052432	0.0730296768	0.0041963446	0.0318328256	0.0351886279	0.0635820002	0.0293663138	0.0316916136	0.0043311671	0.0243433049	0.1189833792	0.0507419789	0.0105225668	0.0157810657	0.0019114551	0.0157774084	-0.0081459356	-0.0186836202	-0.0057899983	-0.0403497174	-0.015915112	0.0319546216	0.0266855303	0.0039436363	-0.0024336287	0.027981145	0.0360765725	0.0623961673	0.0222505171	0.0077162869	-0.0230213761	0.0299916802	0.0434078607	-0.0559192979	-0.0410766875	0.0434029062	-0.0574885065	-0.1158011389	-0.0001790188	0.0555300553	-0.003985149	0.074672269	0.0982540386	0.0854701405	0.0329152016	0.0368227573	0.0985618562	0.064306879	0.0962503393	0.0652248894	0.0051315033	-0.0173572553	-0.0196564778	0.0682256658	-0.1550767227	0.1197431088	-0.0513266218	-0.1250086492	-0.003058957	0.1021903082	-0.0523101069	0.0679157688	0.0574670968	-0.0222103948	-0.124646695	0.0442487658	0.0021697969	0.0571372979	-0.0037288285	-0.0116373872	0.0705864728	0.0764931413	0.0020537001	-0.0321034594	-0.0682945017	-0.0636168436	-0.0392420007	-0.0068143211	-0.015455261	0.0118907821	-0.008222211	-0.006151024	0.0522411789	-0.0076250324	0.0073053432	-0.0224990321	0.0114868532	-0.0554622007	-0.0404646107	0.0076621874	0.0808553602	-0.0290125515	-0.0202997621	0.0045015322	0.0653495127	0.0120462896	-0.0088667861	0.0885541807	0.0504986623	0.0018198414	-0.0758186624	0.0095069038	0.0668920122	0.0814396751	-0.0665604141	-0.0868499683	-0.0118089509	0.0008131023	0.0044296538	0.0631551712	0.044614216	0.0520934876	0.0603942692	0.0846244574	0.0115795594	0.0030854233	-0.0854175644	-0.0089568324	0.1588601097	0.1171413096	-0.0403336246	-0.1226030684	0.0183811097	-0.0239586461	-0.0540919406	0.0382246178	-0.0407103939	0.0421664587	0.107332289	0.1319654899	-0.1026199381	0.0230614591	0.0565770738	0.0467902028	0.008326594	-0.0229215752	0.0562858063	0.1371925742	0.0010374243	-0.0462265993	0.0164659623	0.0330281718	-0.0796479115	-0.0439249967	-0.0420892907	0.0126578297	0.0029845042	-0.1140398777	-0.0347566949	-0.016775154	-0.0793195053	0.007448865	0.0050556037	0.0021654003	0.0015512259	0.0309588831	-0.011647086	-0.0237931754	-0.0415545789	0.0172873615	0.0011286047	0.0458642721	-0.0218910524	-0.0807879487	0.060637674	0.0517055788	-0.0854361313	-0.0107296473	-0.1017024602723211	4.979541304798996e-05	2.4795831606199283e-09	0.010343390425443	0.335528657549375	0.009679667303942	0.1125794800368857	9.369595911500564e-05	0.1264204850093477	-0.0178706645550193	0.000319360651638	0.0159821390299987	-0.0027390719921246	-0.0003450592045411	1.1906585463860567e-07	7.502515378041424e-06	-0.000247247604217	-0.0002104048158701	4.427018654136701e-08	6.113137779104626e-08	-0.0005493399458473	-2.9566522810001855e-07	3.0177437610351455e-07	8.7417927107436e-14	0.0	0.0	0.0	0.0	0.0	0.0	0.0	0.0	0.0	0.0	0.0	0.0	0.0	0.0	0.0	0.0	0.0	0.0	0.0	0.0	0.0	0.0	0.0	0.0	0.0	0.0	0.0	0.0	0.0	0.0	0.0	0.0	0.0	0.0	0.0	0.0	0.0	0.0
816.1991865109765	1.6258622337747966	2.643428003215172	666181.1120611797	940.0006481645886	5.29467742611655	883601.2185498467	28.03360904662817	773.5210124179906	1.8581698791047077	3.452795299612003	598334.7566521532	776.2885751691758	672.0341010063999	0.918537	31.882568	0.0908451254824239	0.054973324759515	0.0439928227	0.0122474796	-0.0581480888	-0.0487703654	0.057902517	0.0019412301	0.0074249081	-0.0548042522	0.0568139045	0.0267191131	0.0225909245	-0.0229520626	0.0317191939	-0.0091294021	0.0383775785	0.0182954531	0.0098081381	0.0462923909	-0.0242475019	0.01201413	-0.0061859404	0.0036419766	-0.0172911204	0.0098406836	-0.0781259852	0.0003575242	-0.0104228238	-0.013282062	-0.0085917592	0.0240395717	0.0677130509	-0.0131057522	0.0319997507	-0.079159591	-0.0998186526	-0.012906681	0.0532162272	-0.1479241215	-0.0528540476	-0.0508816251	0.0421696171	-0.0967959563	0.1442796017	-0.0303922064	0.0337167149	-0.0643047569	-0.03295348	-0.0245991097	-0.0328777132	-0.0592837025	0.0848607876	0.0182701947	0.0435693161	-0.0022948305	-0.1097924104	-0.0328200655	0.0060662634	0.0458787579	-0.0662418154	0.0681931974	-0.0166731188	0.0542301512	-0.0716645562	0.0705659062	0.0403513469	-0.0098779271	0.0726104269	-0.0319208909	0.0194439582	-0.0287181359	-0.1530166116	-0.0435635094	-0.0287712509	0.0648893372	-0.0258531206	-0.0277433793	0.0297295005	-0.1199363386	0.0765369944	0.0198839709	-0.0572694422	0.0229008358	-0.0101168132	0.0226699818	0.0509216361	-0.013498126	-0.0130165924	-0.0218765907	-0.0453861345	-0.0240075005	0.0301204247	0.010325687	-0.0112523983	0.0337497558	0.1002825135	0.0087505064	-0.0346942496	0.0858748662	0.0089833137	0.0403024918	-0.1459499201	0.0271353893	0.1009450817	0.0372518281	-0.0856450402	0.1204914464	-0.0002390127	0.1194165137	0.0768330692	-0.0420131073	0.0216495447	-0.0655500723	0.0595705079	0.0339631693	0.0628325456	0.0332325363	-0.0153665687	0.068890398	0.0104319885	0.0543782458	0.0475504332	0.0083943311	-0.0166647842	-0.0338828852	-0.0133837833	0.0962884984	-0.092301475	-0.0758486243	0.1583694293	0.0465395189	-0.0799221943	-0.0011597058	-0.0556220543	-0.0799842904	-0.1211196124	0.0422546186	0.0737761844	-0.0277432997	0.0492796519	-0.0910202753	0.0233357111	-0.03446062	0.0098660248	-0.0383810177	0.0298036437	0.027522455	-0.0567063465	-0.043708526	-0.023555333	0.0156139036	-0.0146677132	-0.0987490237	-0.0026340722	0.0104458419	-0.0867215283	-0.0624019026	0.0508591513	0.0161084838	-0.0004180667	0.0471924225	0.0061573443	-0.0509557916	-0.011197312	-0.0500492003	-0.0304734431	0.0211348924	-0.0230492221	-0.0796476241	0.0632699305	0.047697375	-0.0873563013	-0.0035839144	-0.1226929295447547	-0.0209904692724336	0.0004405998002769	0.0150535549602741	0.3279225029870076	-0.0076061545623674	0.107533167965264	5.785358722662252e-05	0.1008867432224747	-0.0255337417868729	0.0006519719696387	0.0101781349580375	-0.0020050692561318	0.0007340027359927	5.387600164449157e-07	4.02030272188493e-06	-0.0002474488464512	-2.012422342000044e-07	4.049843682580941e-14	6.123093161002954e-08	-0.0005492487268593	9.1218988000066e-08	3.016741639565619e-07	8.320903771756184e-15	0.0	0.0	0.0	0.0	0.0	0.0	0.0	0.0	0.0	0.0	0.0	0.0	0.0	0.0	0.0	0.0	0.0	0.0	0.0	0.0	0.0	0.0	0.0	0.0	0.0	0.0	0.0	0.0	0.0	0.0	0.0	0.0	0.0	0.0	0.0	0.0	0.0	0.0
813.5242701629905	-2.674916347985913	7.155177468722297	661821.7381442265	941.4156111900252	1.4149630254365777	886263.3529922887	2.0021203633526325	772.8881189626945	-0.6328934552960845	0.400554125756617	597356.0444336922	776.2059252513876	668.0671052226094	1.027695	35.671486	0.0660759150428694	0.0380036898487246	-0.0037204218	0.0119877414	-0.0339093611	-0.0382544539	-0.040854344	0.0385953466	-3.31176e-05	-0.0345902976	0.027682877	0.0601448157	0.0315252889	-0.0062083555	-0.0276174098	0.0091081589	-0.0139456223	0.0270431086	-0.0596475278	0.0202564614	-0.005995858	0.0172677492	-0.0103398948	-0.041540389	-0.0575878315	-0.0166602259	-0.0174841937	-0.038656291	-0.0522991354	-0.001165321	0.0088858738	0.0505253229	-0.0505334238	0.1463516512	0.0805444469	0.012699487	0.0054617958	-0.1328686824	0.0875576292	0.0162157403	-0.0159710517	-0.0155087247	-0.0154608703	-0.0185588149	-0.0046698818	0.1103340895	0.1059553691	0.0809208627	-0.0154294017	-0.0370818668	-0.0393752671	0.0299778382	-0.0091864938	0.0147624031	0.0145378504	0.0359801765	0.0712653069	0.0674887653	0.0030071094	0.1250482813	-0.0312616161	-0.0969818687	-0.0756133513	0.0559261788	0.0311236676	0.0323730622	0.0006058322	-0.0027623489	-0.0648412085	-0.0711841301	0.0768180725	0.0040613804	-0.1245717256	-0.0250789167	-0.0347530934	-0.1114879676	-0.0340363553	-0.0357016189	0.1347470037	0.0501455887	-0.0558751756	-0.0303713907	0.0525565489	0.0076015896	-0.0091951707	0.011649122	0.0124878209	-0.0635862368	0.0096615779	-0.02245538	-0.0002745257	-0.045049885	0.0177095473	0.035860324	0.1100707454	0.0488674371	0.0227705015	-0.043532163	-0.0664701726	0.0100589814	0.0628093608	0.0414884903	0.0232037207	0.0865782801	-0.0730755599	0.0850866654	-0.0579006345	0.0654757993	-0.0495375113	-0.0127698056	-0.0957629056	-0.0565795136	-0.0929048317	-0.0144294085	-0.0252240373	0.0884015014	0.0569757674	-0.0138598411	-0.0215704151	0.052021717	0.0061498962	0.0012253369	0.0312061181	0.0784957155	0.0277455499	0.0312735637	0.0683416335	-0.0530921453	-0.0709529794	0.0400542451	0.0376520391	-0.043388378	-0.0040805445	-0.0882246629	0.0004530653	0.0271250746	0.049231615	0.0107477537	-0.0900698617	-0.0018145815	0.1052127375	-0.0909013847	-0.0637395873	-0.0485015356	-0.0049963643	-0.0262614398	-0.012854081	0.0380712619	-0.0473872044	-0.0639798931	-0.0781044623	-0.0050071116	-0.0031767626	-0.0815642322	-0.054604871	0.0034638891	-0.0605714536	0.0468471212	0.0121716975	-0.0259668179	-0.0562696415	-0.0817875602	-0.0424033304	-0.0537317947	-0.1281859614	-0.0273470484	0.0228084643	0.1111923664	-0.0242034423	-0.0784527129	0.0658046293	0.0435584361	-0.0889023983	0.0035839144	-0.1226285673988201	6.436214593460998e-05	4.1424858293080325e-09	0.0150377655422869	0.3271653745822505	-0.0007571284047571	0.1070371823255442	5.7324342129005e-07	0.1304631731560874	0.0295764299336127	0.0008747652076179	0.0170206395499552	-0.0014230968073424	0.0005819724487894	3.386919311499311e-07	2.025204523068132e-06	-0.0003130620260867	-6.561317963550001e-05	4.3050893418803925e-09	9.800783217750962e-08	-0.0006152229896057	-6.597426274640005e-05	3.784993269393753e-07	4.35260334493103e-09	0.0	0.0	0.0	0.0	0.0	0.0	0.0	0.0	0.0	0.0	0.0	0.0	0.0	0.0	0.0	0.0	0.0	0.0	0.0	0.0	0.0	0.0	0.0	0.0	0.0	0.0	0.0	0.0	0.0	0.0	0.0	0.0	0.0	0.0	0.0	0.0	0.0	0.0
813.5742685071768	0.0499983441862923	0.0024998344213709	661903.0903769878	949.862577907164	8.446966717138821	902238.9169084432	71.35124672045099	773.4322071027875	0.5440881400929811	0.2960319041898394	598197.3789838892	776.5130576920335	663.2016945217792	1.420588	49.308865	0.8224086666415913	0.4878228365333785	0.0665943656	-0.0530574606	-0.0065043481	0.0262139819	0.0929284217	-0.0859386277	-0.0303567748	-0.1171916447	0.0557131738	-0.0563320115	0.0965196323	-0.0390685739	0.0417553204	0.0434867192	-0.0944099071	0.0383941583	0.0293446728	-0.0184244596	-0.0103244995	0.0616487625	-0.084871785	0.0005250037	0.0035782519	0.0850134439	0.0202130208	-0.0519453513	0.021330882	0.040082613	0.0037632094	-0.0961330589	0.17607674	-0.0169814085	0.0710035731	0.1666418623	0.0734555294	0.1931203924	-0.0226500132	0.0053489494	-0.0472213296	0.0468164828	0.0598648494	0.0739602312	-0.079361212	-0.0241246847	0.0567447963	-0.001234771	-0.0844772245	0.0106537375	0.0233319421	0.0378352095	-0.0327011953	0.0396851676	-0.0368743239	0.0088954721	-0.070835398	0.0809004216	-0.0229798563	-0.0275281086	-0.0323728221	0.0328957745	-0.1612161936	0.0441821424	0.0290824649	-0.0348779237	0.0516477303	-0.0925069139	0.1297258754	-0.006204835	0.0550633933	-0.0666028313	-0.0068253986	0.0070010659	-0.0428911454	-0.0072522523	0.048601741	0.0180493589	0.0450253119	0.0395385346	-0.0627949788	0.1172001727	0.0307094593	0.0251405971	-0.0789986953	0.0843488307	-0.01754334	-0.0366076846	-0.1427858545	0.0100645912	-0.0991159923	-0.0263814355	0.0385654646	-0.019413855	-0.0739864439	0.01581114	-0.068096628	0.0373335549	-0.0405791894	0.014075125	0.0179154089	-0.0579221081	-0.1220367217	-0.0628509456	-0.0020022571	0.0285882149	0.1250000821	-0.1338377663	-0.049762069	0.0637052043	0.0040859778	-0.0038684001	-0.1429518663	0.0008642694	0.0711077129	-0.0090065893	0.0652869749	-0.0018306155	-0.08373434	-0.1015534612	-0.1058777798	-0.078937015	0.1236835624	0.0821149453	0.1504534853	-0.0621807881	-0.0646078081	-0.002226378	-0.1046413085	0.0537466584	-0.0403534832	-0.0863256901	-0.0084839445	-0.0984659692	0.0055130773	-0.0004662728	-0.0920748097	-0.0038125403	-0.0082684713	0.070597693	-0.0893020918	0.1470752185	-0.0725501553	-0.0352537161	0.0577050089	-0.0444544264	0.067397912	-0.0731077225	0.052950846	0.1020283427	0.0708209229	-0.0893240677	0.0370668222	-0.0325680592	0.1200944646	0.0809578745	0.0514205158	-0.1455454259	0.048061515	-0.0628908327	-0.1703703971	-0.0759461182	0.0115203143	0.1238218101	0.0975464011	0.006768927	0.0574783459	-0.1407988515	-0.0253535154	-0.0772040342	0.0682378621	0.0393001065	-0.0900678015	0.0107296473	-0.1562894722252963	-0.0336609048264762	0.001133056513737	0.0244263991284616	0.5504767040220457	0.2233113294397952	0.3030246016709749	0.0498679498561687	0.4812472547076822	0.3507840815515948	0.1230494718699959	0.2315989201636807	-0.0049031999683072	-0.0034801031609647	1.211111801095719e-05	2.4041369929207725e-05	-0.0009120214359761	-0.0005989594098894	3.587523746950583e-07	8.317830996799074e-07	-0.0004012385439854	0.0002139844456203	1.609923691795238e-07	4.578934296742714e-08	0.0	0.0	0.0	0.0	0.0	0.0	0.0	0.0	0.0	0.0	0.0	0.0	1.0	0.0	0.0	0.0	0.0	0.0	0.0	0.0	0.0	0.0	0.0	0.0	0.0	0.0	0.0	0.0	0.0	0.0	0.0	0.0	0.0	0.0	0.0	0.0	0.0	0.0
809.6225077241209	-3.951760783055988	15.616413286499276	655488.6050134941	929.9026575056392	-19.959920401524755	864718.9524360502	398.39842243520417	769.2322334232473	-4.199973679540221	17.639778908830625	591718.2289373173	771.4639795902002	664.6432238563357	1.224769	42.51194	0.3134537445936208	0.1995962896289304	0.0341854631	-0.0225511119	0.0052688379	0.0891905168	0.0583249383	0.0621066532	-0.0009509244	0.0194659482	0.010218592	0.0401354663	0.1314341557	-0.0057712564	-0.0688959912	0.1027344087	0.0422777925	-0.0207051679	0.0403761307	-0.0567595069	0.0424453973	0.0826275425	-0.0231894807	-0.0620304701	-0.0385782601	0.0356740112	0.0325363117	0.1214319712	0.0303181899	-0.0568296799	0.056171113	-0.0724601048	0.0236844872	0.0320902264	0.0021822328	0.0200951012	-0.100085102	-0.0353714711	-0.0411687568	0.0440587826	-0.0831841452	-0.0993755267	0.0601439561	0.014357856	-0.0197418067	0.0335111827	-0.1016091817	-0.0661012001	-0.0290841358	0.1024117597	0.0118973087	0.0644227541	0.0322466824	-0.0001589669	0.0929294093	-0.055268794	0.0529659631	0.0017857693	-0.0731308473	0.0197103588	-0.0370077953	-0.0083590252	0.0650741426	0.1208821759	-0.042875653	-0.0328688003	0.0014684397	-0.0459804833	-0.0674201558	-0.0098400153	-0.0399246163	0.0240925169	0.0587222256	0.0205726672	-0.1761970671	-0.0964324395	-0.0542947781	-0.0172285665	-0.0685328322	-0.0358030305	0.0111022026	-0.0542906736	-0.0246076277	-0.0292126543	-0.0656301652	0.0141338043	-0.0578119181	-0.0485741854	-0.0223279357	-0.0410320539	-0.0469172189	-0.1675153246	-0.0609695658	0.0002728436	-0.0688007647	-0.0456226564	-0.068957385	-0.0994498642	-0.0496339463	-0.1664149119	0.0886541408	0.1180412746	-0.0008945001	0.0360215054	0.0953455999	0.014774945	0.0240520844	-0.0207456915	0.0022768982	-0.0337130241	0.0340153901	-0.0410146566	-0.0565549981	0.0236894212	0.013942255	-0.0108332091	0.144578138	0.0110608371	0.0413474554	-0.0344425064	-0.02149441	-0.0738439726	-0.0262122985	0.0245315655	-0.0571651989	0.0575512548	0.0360101688	0.0611650023	0.0381511276	-0.0027743792	0.1080637241	-0.0768308609	0.0259756918	-0.0205799821	-0.0350861998	-0.0089823466	0.1364686263	-0.0783528169	0.0364669234	0.0200818902	0.049328665	0.0501168329	-0.0331285522	0.0890055655	0.0393038181	-0.0310614543	0.0539847343	-0.0337400549	0.0316241365	0.0325678676	0.0287357555	0.0004258355	0.000315478	-0.0598917411	0.0813341048	0.0102832453	0.0551964384	-0.1872475484	-0.0390207942	0.0688931575	-0.2086836166	0.0751026716	0.1311932037	-0.0047329512	-0.0222692406	0.1040999482	0.0402913586	-0.0810460147	-0.0264992443	-0.0759024438	0.0705658771	0.034934058	-0.0908475206	0.0178092284	-0.1618407122706173	-0.005551240045321	3.081626604077561e-05	0.0261924161482607	0.5052747039693344	-0.0452020000527113	0.2553025264712985	0.0020432208087653	0.3166194403088838	-0.1646278143987984	0.0271023172737252	0.1002478699815108	-0.0034986965582705	0.0014045034100366	1.972629828804717e-06	1.2240877606853843e-05	-0.0005963786937888	0.0003156427421873	9.963034069551833e-08	3.556675464052353e-07	-0.0006425461936972	-0.0002413076497118	4.128656110347597e-07	5.8229381809432775e-08	0.0	0.0	0.0	0.0	0.0	0.0	0.0	0.0	0.0	0.0	0.0	0.0	0.0	0.0	0.0	0.0	0.0	0.0	0.0	0.0	0.0	0.0	0.0	0.0	0.0	0.0	0.0	0.0	0.0	0.0	0.0	0.0	0.0	0.0	0.0	0.0	0.0	0.0
805.5683289155158	-4.054178808605002	16.436365812141872	648940.3325517367	932.4684975363992	2.5658400307600004	869497.4988977897	6.58353506345048	770.1700107260535	0.9377773028062392	0.879426269658545	593161.8454217694	773.2830936626797	651.0364375948758	1.41774	49.209999	0.515880631710611	0.2831518291342743	-0.0164870052	0.0467099935	0.0694990224	-0.0823315361	2.13894e-05	-0.0621246027	0.05068822	-0.1034964152	-0.0533750869	0.0153595597	-0.0741023695	0.1328518516	-0.0562890248	-0.0666621334	-0.0162346414	-0.105653707	0.1247827918	-0.0051123141	0.0055063017	0.0433645651	0.0590828387	-0.0689983676	0.0109530535	0.0071972522	0.1233997441	0.0162702813	-0.0003531355	-0.0291135205	-0.0544318394	0.1000330307	0.099637887	-0.0636209412	0.0265298243	-0.0657118072	-0.0427699188	0.0026977694	0.0113882561	0.0940193827	-0.074164523	0.0624160988	-0.0704400119	-0.0130132714	-0.038944031	0.0395874667	-0.0198675362	0.0566154181	-0.064710971	-0.1478446943	0.0200163864	-0.0700902536	-0.0712792733	0.0544023865	-0.0449850131	0.0026508952	0.1249700915	0.0271573911	0.0160553132	0.0134876146	7.62053e-05	0.0536819074	-0.0993905123	0.0622301404	-0.0520744594	0.0714548854	-0.0271901924	0.0090947	-0.1978718929	0.0182090415	0.0125307497	-0.0665870356	-0.0723869561	-0.0194174699	0.0384785845	-0.0443018271	0.1009711478	0.0967618981	0.0929129425	0.0229067542	0.0288140265	4.42269e-05	0.0178056108	-0.0165525561	-0.0476292067	-0.0657454439	-0.0143075424	-0.077603014	-0.0666497644	-0.0258400195	0.1160356999	0.0325784383	-0.0877969713	-0.1080653716	0.0053272714	-0.0469252069	0.0700719262	0.070809705	-0.0542102067	0.0923348205	0.0129719902	-0.0048422945	0.0331350395	0.0693102898	-0.0585856867	0.1143452316	-0.0279187478	-0.0533809058	0.0866081733	-0.0637103123	-0.0235824534	0.056975029	0.0355476027	-0.0156222814	-0.1465059741	-0.1090155149	0.0054557116	0.0548607157	-0.1288394252	0.0642806139	0.0057061676	0.0927349884	0.0419041059	0.0436809641	0.0579030656	0.0298902464	0.0646175293	-0.0091068404	-0.0927767591	-0.0079382472	-0.0243634693	-0.0899244067	-0.0382943921	0.0181365759	-0.0843656401	0.0477765623	0.0242805654	0.1153595319	0.0040583084	-0.1315937078	0.1510414058	-0.0496666415	-0.0446157968	-0.0134159196	-0.0144083997	-0.0123909229	-0.0321870858	0.0336319973	0.0090726371	-0.0771572506	-0.0722905933	0.0208519439	-0.0781918643	0.0224226447	0.0350344532	0.0182542822	-0.0213282231	0.0856885089	0.0493131264	-0.1384087255	-0.0896294962	-0.0629920915	0.0307169045	-0.0241890756	-0.086220766	-0.0015078939	-0.030657003	0.012959591	-0.0276404327	-0.0745488335	0.0727850846	0.0304722578	-0.0912382167	0.0247790096	-0.1317495146470122	0.030091197623605	0.0009054801744228	0.0173579346097232	0.3315215382115468	-0.1737531657577876	0.10990653029815	0.0301901626108532	0.2052225517420254	-0.1113968885668583	0.012409266782377	0.0421162957435082	-0.0004959434179013	0.0030027531403692	9.016526421997092e-06	2.459598737596235e-07	0.0001212317824053	0.0007176104761941	5.14964795543523e-07	1.4697145065166009e-08	-0.0009349701723811	-0.0002924239786838	8.741692232423438e-07	8.551178330932199e-08	0.0	0.0	0.0	0.0	0.0	0.0	0.0	0.0	0.0	0.0	0.0	0.0	0.0	1.0	0.0	0.0	0.0	0.0	0.0	0.0	0.0	0.0	0.0	0.0	0.0	0.0	0.0	0.0	0.0	0.0	0.0	0.0	0.0	0.0	0.0	0.0	0.0	0.0
801.9584242226662	-3.609904692849682	13.031411891458156	643137.3141817017	928.9693524909742	-3.499145045425053	862984.0578674999	12.244016048922694	771.2392120361328	1.0692013100792792	1.1431914414752469	594809.922182115	773.8511753351439	632.8748778180494	1.098132	38.11636	0.0864816648185243	0.0453911254310561	0.0201923445	0.0653055713	0.1369863718	0.0094841799	0.0559175387	-0.0517435089	0.0090611234	-0.0662363955	-0.129637571	0.0601859167	0.0525835254	-0.0230667711	-0.0071549835	0.120356728	0.0497462792	-0.0224585971	-0.0551323331	0.0955505195	0.0202366571	0.0050203539	0.0182740308	0.0066423056	0.0382190148	0.0501629802	0.0521077534	0.0965539345	0.066468304	0.0216001316	-0.0739898666	-0.0224109101	9.99281e-05	0.0444238076	0.0169406108	0.0506188091	0.0020417985	0.186536017	-0.0206835568	0.0293516701	-0.0158408966	-0.0812147278	0.0321973946	0.0698589266	0.0313668652	-0.0987154968	-0.02832833	0.0849872581	-0.0209922032	0.0485102524	0.011975654	0.0776698355	0.0281242338	0.017321062	0.0475408321	-0.0848851401	-0.0710746427	0.0475084901	0.0032191064	0.0817745829	-0.0401102958	0.0371357087	0.0972542063	0.010049953	-0.0513281054	-0.0405283786	-0.0880344486	0.0253107247	-0.1511954747	0.0430986006	0.0604228502	0.0545008288	-0.0198007956	0.0150500491	-0.0210767032	-0.1012853217	-0.0898020781	0.0482324366	0.0738222127	-1.22207e-05	-0.1354006412	0.0331457977	0.0265084123	-0.0013586631	0.002046848	-0.0139698143	0.014385795	-0.0124541668	-0.1079838782	0.0180076629	0.0207111428	-0.0465235505	0.0464328547	0.1042414865	-0.0748511129	-0.0866438202	0.0052407587	-0.1102850596	-0.0838926612	-0.0905667951	0.0365909886	-0.0187616181	-0.0181812122	-0.0148315894	0.104859508	-0.1248981768	0.0589133977	-0.0736541503	0.0783237229	-0.0133803585	0.0055263312	-0.0131311266	0.0076181379	-0.0350187493	-0.055929195	-0.039833554	0.0004458543	0.0302687325	-0.0461661193	-0.0688998533	-0.0013054088	-0.0574300152	-0.0134188248	0.0952767411	-0.0042635198	-0.0680094818	-0.1404696616	-0.0843038194	-0.0378154511	0.0354310837	0.0429928442	-0.074658233	0.0063837902	0.0651465599	0.0027558445	-0.0019892971	0.0613674684	0.0721499461	0.0327056796	-0.0528132384	0.0848682602	-0.0574725592	0.0799832405	-0.0248335427	0.0017903255	-0.0199243092	-0.0158515366	0.0082399357	0.0513809527	0.0031113066	-0.0595665433	0.045883005	-0.1305475247	0.0154830845	0.0891882523	0.0432359282	0.0566333846	-0.1056902164	0.0133084569	0.0388113443	-0.0185998613	0.014249972	0.0132585343	-0.0762530045	-0.0419774534	-0.0250598191	-0.0048606424	-0.0363526601	-0.0287768851	-0.0731441312	0.0748920628	0.0259269352	-0.0912382167	0.0315960199	-0.1115510158150385	0.0201984988319737	0.0004079793550652	0.0124436291293669	0.3480689129626597	0.0165473747511128	0.1211519681710075	0.0002738156111537	0.2384379242692631	0.0332153725272377	0.0011032609721231	0.0568526437298348	-0.0004409531442221	5.499027367920006e-05	3.023930199313322e-09	1.944396753993561e-07	0.0001386489139978	1.74171315925e-05	3.0335647291046147e-10	1.922352135276934e-08	-0.0006769692034888	0.0002580009688923	4.582873024722602e-07	6.656449994936559e-08	0.0	0.0	0.0	0.0	0.0	0.0	0.0	0.0	0.0	0.0	0.0	0.0	0.0	0.0	0.0	0.0	0.0	0.0	0.0	0.0	0.0	0.0	0.0	0.0	0.0	0.0	0.0	0.0	0.0	0.0	0.0	0.0	0.0	0.0	0.0	0.0	0.0	0.0
804.9701482914785	3.0117240688123275	9.07048186666348	647976.9396404049	930.9951118957314	2.025759404757196	866751.8983737454	4.103701165962227	769.9514831390761	-1.2877288970566951	1.6582457123148526	592825.286388063	773.087991191929	627.0366503096756	0.987694	34.283039	0.0984158293605661	0.0555670053016684	0.0208267123	0.0576846366	0.1033332382	0.0945370357	-0.1090782799	0.0144577112	-0.0647594494	0.0814557492	-0.1483625758	0.0440023683	0.0240222113	0.0243911799	0.0392162169	0.0256680117	-0.0290345695	-0.0297158586	0.0116600631	-0.0447219088	0.0313305245	0.0176848039	0.0426859738	-0.0617024626	0.0738359269	-0.0379751278	-0.0276859716	0.0278495744	0.0156016951	-0.0114087901	-0.0278510052	0.0307904091	-0.023278049	0.0133718947	0.0718381792	-0.0165028508	0.036753949	-0.0797619533	-0.0607165117	0.0318691702	0.013426882	-0.037796146	0.0688418375	0.013954739	0.0041437045	0.0126485109	-0.0698493022	0.0346922136	-0.0228608747	-0.0372782706	0.0475267397	0.010915679	0.0507614219	-0.0113488787	0.0199463698	0.0207393626	-0.0035892125	-0.1035801442	-0.0202855434	-0.0209827603	0.0279419768	0.0079116818	-0.0127861912	-0.0385843517	-0.0050591442	0.1040900066	-0.0153757661	-0.0452215984	0.0380379164	0.0243550677	0.0309511172	0.0098548598	0.0578077712	0.0909239362	0.0068173256	0.0037848507	-0.0210779585	-0.0326985574	0.157950631	-0.1499085871	-0.087219232	0.0147944403	-0.0448285804	-0.0243049106	-0.0246728196	-0.0702513389	-0.075898626	0.0328784272	0.0436566786	-0.0156376602	0.0933992176	0.0206329668	0.0461685402	0.0631391862	0.017495269	-0.0279603543	0.0298421765	-0.0243043693	-0.0297451595	-0.0033042162	0.0329166062	0.0870838841	0.089232709	-0.0356551084	0.0056933274	-0.0257717203	-0.010123713	-0.0298073639	-0.0406337684	-0.0393508233	0.054312394	0.0295246128	-0.0350992441	-0.0692260494	0.0030519293	-0.0139757265	0.0094914089	0.0769751815	-0.0013716953	0.0064562568	-0.0038579842	0.039051812	-0.0040704272	-0.0015208922	0.0556750104	-0.009461163	-0.0128605349	-0.0939025005	0.0248064764	-0.0768383663	-0.0323107615	0.0847281328	-0.0270798671	-0.0176343526	-0.0116804581	0.069008671	-0.0107079807	0.0257191812	0.0553424244	0.0626624301	0.0432764987	0.0963153553	-0.0077055059	-0.0103828774	-0.0056693737	-0.0140712935	-0.022598928	0.0140218777	0.0278247952	-0.0059604155	-0.0558507403	0.0209688118	-0.1118342198	-0.0406492955	0.0253897961	-0.0704144078	0.0946728308	0.047981846	-0.0322496741	-0.0251252203	-0.0010001818	-0.0193086656	0.032921154	-0.0286146179	-0.0327993464	0.0051883969	0.0429331392	-0.0480783603	-0.0299084066	-0.0716892996	0.0768835629	0.0213105486	-0.0908475206	0.0382182304	-0.1031380092719445	0.008413006543094	7.077867909414247e-05	0.0106374489565797	0.3407917747179425	-0.0072771382447172	0.1161390337154048	5.295674103272584e-05	0.272675753604588	0.0342378293353249	0.0011722289575948	0.07435206660383	-0.0011119170715421	-0.00067096392732	4.501925917646782e-07	1.2363595739867594e-06	0.0003053028555781	0.0001666539415802	2.7773536244250042e-08	9.320983362414217e-08	-0.0005448299676405	0.0001321392358482	2.9683969363914825e-07	1.746077765057264e-08	0.0	0.0	0.0	0.0	0.0	0.0	0.0	0.0	0.0	0.0	0.0	0.0	0.0	0.0	0.0	0.0	0.0	0.0	0.0	0.0	0.0	0.0	0.0	0.0	0.0	0.0	0.0	0.0	0.0	0.0	0.0	0.0	0.0	0.0	0.0	0.0	0.0	0.0
808.9489235682877	3.978775276809188	15.83065270334803	654398.3609422913	926.0829885977286	-4.912123298002825	857629.7017701006	24.128955294782152	771.3653331766104	1.4138500375343028	1.9989719286357492	595004.4772266631	773.1986699979091	639.9641054754388	0.939911	32.624485	0.0540005507205545	0.0220694955590673	0.006219258	0.0304786744	0.0536224475	0.0725462286	-0.0127841718	-0.0184262511	-0.0261957591	0.1044223054	-0.1086925579	-0.0039305565	0.0149930692	0.0301089532	-0.0125177291	0.013876954	-0.068254454	0.0167357837	0.00428702	0.0645604379	0.0094308098	0.0174903829	0.0250470261	0.0009048918	0.0244720937	-0.040843152	-0.0553094408	0.0672736448	0.0162760355	-0.0681399322	-0.0642522141	0.0106758503	-0.0249796221	-0.0363827564	-0.04703614	0.0499132317	0.0522676948	0.0217436524	-0.0753623548	-0.0530888851	-0.0674605689	-0.054105973	0.0594254197	-0.0349915194	-0.0918579021	-0.1076089337	0.0460358547	-0.038651496	0.0757562708	0.0402827088	0.0672039295	0.0270066646	-0.015039899	0.0233113716	0.097530279	0.127242288	0.0483121534	-0.1797782108	-0.0303954325	-0.0600314531	0.0190543196	-4.25009e-05	-0.0858878437	0.000759694	-0.078436041	-0.0249229616	0.064457081	0.0326675175	-0.141505016	-0.0977810939	0.0626150588	0.0552355938	0.0300400286	0.1269395849	0.0176795264	0.0677314689	0.0066035895	-0.0604029608	-0.0678296974	-0.0869747303	-0.0326960031	0.0396457813	0.08303426	-0.0078823214	-0.0081925082	-0.0386921756	-0.0317402688	0.0469465478	0.0619499232	0.0234959456	-0.0014632028	0.001294918	-0.036988024	0.0381606158	-0.0599152517	-0.0783535267	0.0565280051	-0.0224051842	0.0449046309	-0.1052681842	-0.0130670274	-0.007897674	0.1114540427	0.0089361285	0.0533664781	-0.0374192045	0.0860042361	-0.0097978038	-0.0489498455	0.0477329498	-0.0402087644	0.101397635	-0.058951089	0.0463012183	0.0548422433	0.0610693846	-0.0366530449	0.0860027587	-0.0681648248	-0.0550403752	0.0244272851	0.0609698796	0.0493620045	-0.1245061018	0.1847156989	0.0350930882	-0.0135971946	-0.0726146505	0.083165324	-0.0740145161	0.0004125098	0.0187186075	0.0743528878	0.0669697323	-0.0781584386	-0.0403514385	0.0537041637	0.0191273907	0.037931873	0.0078379159	7.297e-06	-0.0320889005	0.0137128554	-0.102151509	0.0032831171	-0.0134286468	-0.0104396365	0.0118311088	0.0333574222	0.025661206	-0.0237533275	0.0021432805	-0.0803296469	-0.0292142199	0.0136573718	0.0133054056	0.0659161359	-0.0021676967	-0.0008686279	-0.0378884973	0.0966582499	0.0125131914	0.0460201158	0.0196065868	-0.0042863466	0.0773335146	0.0437843829	-0.0899601451	-0.0310348036	-0.0701853358	0.0787565141	0.0166357513	-0.0900678015	0.0446048127	-0.0954962238610193	0.0076417854109251	5.8396884266629146e-05	0.0091195287717139	0.3270199953913248	-0.0137717793266176	0.1069420773857421	0.000189661905821	0.2633582770801013	-0.0093174765244867	8.681536878436118e-05	0.0693575821065994	-0.0012968436039156	-0.0001849265323735	3.419782237568717e-08	1.6818033330168018e-06	0.0004914152385688	0.0001861123829906	3.4637819102476985e-08	2.4148893669763056e-07	-0.0006391812414468	-9.43512738063e-05	4.085526594174725e-07	8.902162868871395e-09	0.0	0.0	0.0	0.0	0.0	0.0	0.0	0.0	0.0	0.0	0.0	0.0	0.0	0.0	0.0	0.0	0.0	0.0	0.0	0.0	0.0	0.0	0.0	0.0	0.0	0.0	0.0	0.0	0.0	0.0	0.0	0.0	0.0	0.0	0.0	0.0	0.0	0.0
813.0933360819247	4.144412513637008	17.17615508319102	661120.7731808338	937.3745327830716	11.291544185343014	878671.0147102817	127.49897008955362	774.6277288688983	3.262395692287896	10.64322565305862	600048.1183325874	776.4036966514124	662.8130308848389	0.972945	33.771099	0.082750334227462	0.0487019930582542	-0.0034383897	0.0198137981	-0.0129150157	0.0044204571	-0.0362729616	-0.0664851427	-0.0199153667	0.0475228576	-0.0040379314	-0.0681707658	-0.0007290243	-0.0156087515	-0.0472949845	-0.0346360715	-0.0970447985	-0.0701255743	0.0007028368	-0.0102852294	-0.0155736281	-0.0450424832	-0.0253500629	0.015987647	-0.0395663419	0.0263088032	-0.0238620856	-0.0512482462	-0.0239001474	0.019876112	-0.035702632	-0.0590961469	-0.0193425897	0.0519902002	0.0385531429	0.0878969562	0.1433408229	-0.1225825589	0.0257123017	-0.1353700045	0.0159659649	0.022898199	0.0263026213	-0.126515686	-0.1677576651	0.0830159969	0.1961480377	0.0367041188	-0.0011101384	-0.091539975	0.0788741288	-0.0569805541	0.0300526866	0.0224975213	-0.0002056584	-0.1163143023	0.0045830634	0.0686240476	-0.0361626726	0.0622939351	-0.0062172333	-0.038468139	-0.0617823133	0.0255298575	-0.0129157217	0.044693029	0.0539984674	0.1164937569	-0.0725108253	0.0132996939	0.0187375613	-0.0463072696	-0.0155500259	-0.0966515948	0.0432238629	0.0983153274	-0.0522652917	0.1404999804	-0.1558718959	0.0102855927	-0.0078629913	-0.027223745	0.0714866719	0.0130798453	0.0419083857	0.0294650111	-0.0118912196	-0.0055091923	0.0422921585	0.0198204948	-0.0753388333	0.044689727	0.0436643623	0.0595475866	-0.0027462267	0.0029504142	-0.0652270611	-0.0199202245	-0.005872486	0.0685361502	-0.0119653501	-0.0721886572	0.0396872647	-0.0233258611	-0.1385196631	0.061035027	0.0397974035	0.0662560868	-0.1060818048	0.0647785739	-0.1299358724	0.0591214159	-0.1926257566	0.0067272188	-0.0152866482	-0.0311977501	-0.0691512997	-0.1158684876	0.0192914464	0.0859047833	0.01026027	-0.0444345985	-0.0570180772	0.0048793648	0.1074309934	0.0586531436	0.1096615093	0.0654370589	-0.0512145017	0.0283237298	0.0567097592	0.0505350415	-0.0303953053	0.0207657865	0.0113516678	0.0227173485	0.052785318	0.1200276219	-0.0785496373	-0.1183432175	-0.1313174131	-0.1476228449	0.040271105	0.0861667944	0.000434608	0.0038936166	-0.0280162617	0.0065447585	0.0367833688	0.0501215531	0.0022529575	-0.0159230587	-0.0141559851	-0.0191819265	-0.0316136904	0.0195527379	0.0591091708	-0.0381470447	0.013048217	0.0450290399	0.0393669403	-0.1033294233	-0.0002595767	-0.0439742802	0.0635966827	-0.0342196412	-0.0206850881	0.0177269715	-0.0321558829	-0.0686332704	0.0805080284	0.0119153566	-0.0889023983	0.0507163915	-0.08532532006042	0.0101709038005993	0.000103447284121	0.0072804102434131	0.3294486157075624	0.0024286203162375	0.1085363903916291	5.898196640441943e-06	0.2491623085231111	-0.0141959685569901	0.000201525523271	0.062081855988566	-0.0005082541705423	0.0007885894333733	6.218732944280224e-07	2.5832230187364136e-07	0.0005267378650186	3.5322626449800086e-05	1.2476879393121166e-09	2.774527784443529e-07	-0.0009343660126964	-0.0002951847712496	8.730398456821691e-07	8.713404917767868e-08	0.0	0.0	0.0	0.0	0.0	0.0	0.0	0.0	0.0	0.0	0.0	0.0	0.0	0.0	0.0	0.0	0.0	0.0	0.0	0.0	0.0	0.0	0.0	0.0	0.0	0.0	0.0	0.0	0.0	0.0	0.0	0.0	0.0	0.0	0.0	0.0	0.0	0.0
812.6353420570285	-0.457994024896152	0.2097585268405771	660376.1991601437	936.0166273020736	-1.3579054809979425	876127.126585949	1.8439072953242537	772.8847929462233	-1.742935922674974	3.0378256305508624	597350.9031675265	774.8850082508839	664.5769791228983	0.993421	34.481819	0.040971791908433	0.024054873166768	-0.0049635494	-0.0023952964	-0.0459005569	0.0554816647	-0.0584233709	-0.0052119171	-0.0084539748	0.0322041295	0.0091579726	-0.0649718261	-0.0061186889	0.0173477878	-0.0267137466	0.0491272177	0.0388964112	-0.0182517826	0.057159853	-0.0855037423	0.0107663827	-0.0307403619	-0.0170764208	-0.0656041145	0.0043278441	0.0025882241	-0.048340504	0.0182670052	-0.0427125996	0.0874675566	0.0210727437	-0.0437806157	0.1071294824	0.0625222698	-0.1202408991	0.0282027557	-0.0227055121	-0.084539435	-0.1378866464	8.13472e-05	0.0883430312	0.0296555225	-0.0332589536	0.0787294895	0.0344645228	-0.0241840419	0.1137597446	0.0780742351	-0.009460035	-0.0336986636	-0.0699635525	0.0418096269	0.0476195252	-0.0029229552	0.0184580921	-0.1163467002	-0.0938944289	-0.0550523683	-0.0848979358	-0.0850789068	0.0614929356	0.0353006291	0.0595245886	0.0029872119	0.1290916483	0.0169770136	-0.0243976547	0.0989139386	-0.0450533456	0.0110370556	-0.0230679202	0.0090873472	-0.0611450979	-0.0486779985	-6.05373e-05	0.0329705243	0.0442615203	0.0447625439	0.1101604339	-0.0440728301	0.0872850995	-0.0774485691	-0.07472167	-0.0081235759	0.0210789481	0.0159400399	-0.0774261089	-0.0199734026	0.0240090532	-0.0327868766	-0.0548384816	-0.0275799137	-0.0065290549	-0.0450230109	-0.0218854966	0.0167049655	-0.0168095102	0.0401871776	-0.0284231099	-0.0004414467	0.058910275	-0.0430699016	0.0334542745	-0.1557439246	-0.0336782677	-0.134605774	-0.0457166548	0.0324272539	-0.0022753918	-0.0577594389	-0.0111554104	0.0608298331	-0.059852259	-0.0509969364	0.0516441294	0.1648131874	-0.0139640353	-0.0686248562	0.0068891525	0.0091789014	0.0331637384	-0.0011046562	-0.0618820721	0.0119178639	-0.0870983198	-0.2126762242	-0.0010170093	0.0555543391	-0.0019936352	-0.0068448978	-0.0279836267	0.0628536437	0.0298000015	0.0104019909	-0.0563272214	0.072736886	-0.0640048139	0.0751556053	0.0189180083	0.0069804626	0.0175657479	-0.0645023142	0.1175302579	0.0371554679	0.0103084379	0.0097677566	-0.0244989631	0.0038647452	0.0387504784	0.0614561247	0.0427954579	-0.0260865152	0.015123163	-0.0525586298	-0.0321864057	0.0217520869	0.0842771654	-0.0499132915	0.0091390302	0.0132333378	-0.0711730217	-0.0123186113	0.0788264018	0.0346138942	0.0768450166	-0.0496563607	0.0155760395	0.0303821327	-0.0332714524	-0.0670341672	0.0821354052	0.0071623028	-0.0873563013	0.0565152869	-0.0863619180280608	-0.0010365979676408	1.0745353465170392e-06	0.0074583808854854	0.3469077532723332	0.0174591375647708	0.120344989280458	0.0003048214845055	0.2500074675081976	0.0008451589850864	7.14293710072391e-07	0.0625037338098624	-0.0003876082780381	0.0001206458925042	1.4555431378134982e-08	1.5024017720366106e-07	0.0008386812284133	0.0003119433633946	9.730866196599781e-08	7.033862028928418e-07	-0.0009343373207766	2.8691919800000014e-08	8.729862289959951e-07	8.23226261809633e-16	0.0	0.0	0.0	0.0	0.0	0.0	0.0	0.0	0.0	0.0	0.0	0.0	0.0	0.0	0.0	0.0	0.0	0.0	0.0	0.0	0.0	0.0	0.0	0.0	0.0	0.0	0.0	0.0	0.0	0.0	0.0	0.0	0.0	0.0	0.0	0.0	0.0	0.0
813.8385516315521	1.203209574523612	1.4477132802252914	662333.1881217426	936.3226088706894	0.3059815686157208	876700.0278824139	0.093624720332537	772.5373320924374	-0.3474608537859467	0.120729044913659	596813.929476501	774.6111293672066	663.6187210486805	1.06403	36.932686	0.045495237760599	0.0263626820515205	-0.0215910791	0.0005808202	-0.0282042718	-0.0009009351	0.0108067816	-0.0555762785	0.0085648848	-0.0049822475	0.0139311745	-0.0132005359	-0.0328723155	0.0344331122	-0.058431127	0.0054668883	0.0056879183	0.0068447099	0.0390671675	0.0344540678	0.009443321	-0.0326750087	0.0246526947	-0.001090425	-0.0327950817	0.0364829798	0.0487186668	0.0158100666	0.0602201565	0.056724616	0.0031935366	-0.0414571827	-0.0688679924	-0.1585073731	-0.2245369347	0.0307610884	0.1031834853	0.034910753	0.1280273738	-0.028810724	-0.0640370188	0.0842635339	-0.0385161975	0.0835572677	0.1300102392	0.2306342949	0.0205167418	0.0069080883	0.0508453675	0.0464810435	0.0399405455	-0.1044834618	0.0948909383	-0.0496182538	0.0025812549	-0.063876009	-0.0581031745	-0.0233761356	0.0904009545	-0.1004918261	0.0047660476	0.0255628157	-0.0183560453	0.1210385413	-0.1044271562	0.0087725258	0.0129315427	0.0442258204	0.0120679181	-0.0217387551	0.0507406708	-0.0318085138	0.0435930817	0.0596555151	0.0301290859	0.0105109431	-0.0111794135	-0.0124121554	0.0032869255	0.1097899738	0.0414142072	-0.0041911497	-0.0846613431	-0.0090193177	0.0319703731	-0.0208856798	-0.0044481493	-0.0314966782	-0.0317580561	-0.0111944631	-0.0032191437	-0.0087270007	-0.0335885206	-0.0516904552	-0.0722546882	-0.039603205	-0.0452866943	0.0866367828	0.1307088084	-0.1113275251	-0.1114059758	-0.1371456293	-0.0502553053	-0.0716565138	-0.0848636875	0.0593418898	0.0138476904	0.0086105917	-0.0228078472	-0.0768741541	-0.063496129	-0.1662260327	0.1329792523	-0.1413143981	-0.1630783887	0.0289741805	-0.0439232524	-0.0111337127	0.1393125754	0.0211616303	-0.0952406931	0.0364942968	-0.1209166636	-0.0613517752	-0.0170414746	0.0119399386	-0.0258700426	-0.029600218	-0.0227761678	-0.044018013	0.0491010476	0.0849965085	0.0583343259	0.0391467194	-0.1656565824	0.0291230043	0.0199827783	0.1369300261	0.0542490628	0.0001283895	-0.0043379314	0.008388326	-0.1188995838	-0.0143779203	0.0143155131	0.0168057656	-0.0195508256	-0.0078920116	0.0573643807	0.0577218794	0.0486717912	-0.0459110116	0.0534312111	0.0016368536	-0.0770314048	0.1576048935	0.0901981583	-0.0255289272	0.0537413823	-0.0909198237	0.0709558905	-0.106845262	0.0812705811	0.0957621953	0.1318690089	0.0232917087	-0.0383670519	-0.0342129899	-0.034381321	-0.0653891221	0.0836361352	0.0023896175	-0.0854361313	0.0619657467	-0.0961164172052804	-0.0097544991772196	9.515025419837784e-05	0.0092383656563795	0.3430506933032831	-0.0038570599690501	0.1176837781758631	1.4876911604848868e-05	0.2499783181038282	-2.9149404369377407e-05	8.496877750894786e-10	0.0624891595220187	-0.0006322918076686	-0.0002446835296305	5.987002967243977e-08	3.997929300448258e-07	0.0004462961599625	-0.0003923850684507	1.5396604194313898e-07	1.991802623972734e-07	-0.0009343593068945	-2.1986117900016023e-08	8.730273143803704e-07	4.833893803134048e-16	0.0	0.0	0.0	0.0	0.0	0.0	0.0	0.0	0.0	0.0	0.0	0.0	0.0	0.0	0.0	0.0	0.0	0.0	0.0	0.0	0.0	0.0	0.0	0.0	0.0	0.0	0.0	0.0	0.0	0.0	0.0	0.0	0.0	0.0	0.0	0.0	0.0	0.0
813.4797096567056	-0.3588419748465412	0.1287675629117657	661749.238023158	942.0515077635896	5.728898892900247	887461.0432796525	32.82028252507368	774.3508795645469	1.8135474721094624	3.288954433594621	599619.2846823874	776.9396888899977	667.5438279832434	0.992967	34.466053	0.0462024736663421	0.0282512889633507	-0.0168122106	-0.0039016981	-0.0159102678	-0.007759031	0.0561501822	-0.0559886738	-0.0110081891	-0.0281284571	0.0155669188	-0.0636450267	0.009553774	-0.0131759415	-0.0647927386	-0.0029936879	-0.0755011077	-0.0126977194	-0.0388704194	0.004682554	-0.0153995431	-0.0641065213	-0.0118494599	-0.00349469	-0.0267564551	0.0345604625	-0.0503490529	0.0077856773	0.0497155155	0.0824322727	-0.049961709	-0.0644761247	-0.0715599411	-0.0209349459	-0.0395834944	0.1669552754	0.0371467343	-0.0096719929	0.0766391137	0.0858421313	-0.1224777237	0.051297305	-0.0202075075	0.0578013626	0.0234637361	0.0842456685	-0.0038403521	-0.0322160575	0.0449698195	0.0791418635	-0.0017642857	-0.0889996352	0.0529828554	0.0409004553	-0.0890800868	0.0689055144	-0.005518145	0.0223133806	-0.039984872	-0.0375519318	0.1569252897	0.0642439884	-0.0002628382	-0.0171868847	0.0466708911	0.1223019205	0.0070475633	-0.0492052474	-0.0694737176	0.0280749364	-0.1037181647	0.0520318493	-0.0154262265	-0.0284702006	0.0067920158	0.0155318552	-0.1128094691	0.0889899884	-0.003883582	0.0858969842	-0.0111193282	0.0971449631	-0.0061964459	0.0196514898	0.0554787559	0.0235636193	-0.0151599857	-0.0138069847	-0.0411595777	-0.0184227767	-0.0692512825	-0.0329814262	0.063466842	0.0657176457	-0.0342453865	0.0271189084	-0.0720541455	0.0696739421	-0.0186485958	-0.0562828753	-0.0647391006	-0.1373101414	-0.0630500011	-0.0142832631	0.0099920572	0.1478221869	0.1055096219	-0.0155043427	-0.049200503	-0.0580163964	0.0011881958	-0.0457161659	0.0230315896	0.0390213046	-0.0089848341	0.0261202664	-0.0424659435	0.0022405734	0.1011428288	0.0241667839	-0.0170762404	0.0873524075	-0.0563667406	0.0584813239	0.1150147631	-0.0815744884	0.0251750842	-0.011961485	0.0846342005	0.0575058155	-0.1736140332	-0.1040724258	-0.0543902991	0.0329035503	-0.0757996176	0.0135194746	0.0533337904	-0.1230746586	-0.0070148686	0.0427605158	0.0229336036	-0.0908255713	0.0136107858	0.0251494384	0.0120680885	0.0118100803	-0.0187419284	-0.0017376908	0.0602154688	0.057806805	0.0383488822	-0.0264601416	0.0129477252	0.0134153835	-0.000658709	0.1211898061	0.0418134576	-0.1489923615	0.0307331175	0.0425552081	0.022668367	-0.0689980169	0.0065896454	-0.0326548183	0.0383495423	-0.0051402816	-0.0158709819	0.0215625557	-0.0354852986	-0.0636992625	0.0850079043	-0.0023896175	-0.0831501106	0.0670341672	-0.0862911250752773	0.0098252921300031	9.653636543990095e-05	0.0074461582667571	0.3297200109851133	-0.0133306823181698	0.1087152856440232	0.0001777070910679	0.2509027720717824	0.0009244539679542	8.546151388662808e-07	0.0629522010333047	-0.0006390888246289	-6.797016960300036e-06	4.6199439558606337e-11	4.084345257655489e-07	0.0008817994667156	0.0004355033067531	1.8966313019288477e-07	7.775702994999166e-07	-0.0009342187256036	1.405812908999993e-07	8.727646272684145e-07	1.9763099351110216e-14	0.0	0.0	0.0	0.0	0.0	0.0	0.0	0.0	0.0	0.0	0.0	0.0	0.0	0.0	0.0	0.0	0.0	0.0	0.0	0.0	0.0	0.0	0.0	0.0	0.0	0.0	0.0	0.0	0.0	0.0	0.0	0.0	0.0	0.0	0.0	0.0	0.0	0.0
814.2664234624752	0.7867138057696366	0.6189186121885455	663029.8083783711	938.2757762562144	-3.775731507375213	880361.4323092017	14.256148415785894	772.3360449774307	-2.014834587116184	4.0595584134396425	596502.9663713798	774.9964361705919	667.622481449455	0.976909	33.90868	0.1128803518705809	0.0651434646905276	-0.0150156193	-0.0259161253	-0.0171461126	0.0229667897	-0.0585284135	0.0093340045	-0.0191788114	0.0177947312	0.0119695003	-0.035049132	-0.0090962824	-0.0021662684	0.0095536363	0.0525241931	0.0335351987	-0.036857445	0.0282301456	-0.0699908677	0.0176046084	-0.0379101335	0.031102338	-0.0388996224	0.0176531638	0.0007717714	-0.0694311965	-0.0616787306	-0.0182571285	-0.0060615079	0.0587352741	-0.0067384772	0.0146732022	-0.0376956836	-0.0165432404	0.0045957707	-0.0080886771	-0.0120734268	0.0137315136	0.0377300908	0.0017463092	0.0041602721	-0.0169083715	0.1292121883	-0.056279465	-0.0388586086	0.0392544752	0.0301753001	0.0458119986	-0.0103104245	0.0370813772	0.0693676211	-0.0036045795	-0.0221554622	0.1128199855	0.0600889403	-0.0426737319	0.1309580794	0.0257561848	-0.0189747077	0.0632105817	-0.0466831844	0.0577434124	-0.0663816625	0.0359935555	0.0063965696	0.0389226485	-0.0032162211	0.072660744	0.0014430802	-0.0784584073	0.0143008281	-0.039110502	-0.0110775058	0.0438296635	-0.1303211183	0.1337588817	-0.0033767054	-0.0364078179	-0.0650614895	-0.0056116097	-0.0052970934	-0.032619864	-0.0124962453	0.0300741341	-0.0292228258	-0.05660518	0.0077015989	0.0214711732	-0.011125202	-0.0443738373	0.0318824276	0.0133947502	-0.0367281714	0.0280490558	0.0839847344	-0.0420690965	0.0428329333	0.0081235577	-0.0539658407	0.0427756132	0.0331447366	-0.0387145104	-0.0153736837	0.0125764035	-0.0351225061	0.0118469643	0.0068423419	-0.0030811067	-0.0723390844	-0.0443812475	-0.0345545528	-0.0332432843	-0.002911315	0.0289223871	0.0406337921	-0.0655015912	0.0313190651	-0.1004632545	0.0089868958	0.0192911658	-0.104535899	0.0060315452	0.0015280162	-0.0201423352	0.0308511058	-0.0234099789	-0.1047763972	0.0055499749	0.0346528938	-0.0121266743	0.0348697784	0.0076916394	-0.0864523603	0.0983910502	-0.0112230129	-0.0360290336	0.0730804299	-0.0032706915	0.0510105931	0.066413144	0.0657573665	-0.0196566929	0.062996225	0.0050750904	0.0140087346	-0.0170623458	0.0119582218	0.0210698508	0.0069777492	0.0098915787	-0.0231189995	0.0002639377	-0.0512672421	-0.0010159417	-0.0510530766	-0.0115735477	0.010175322	-0.0379665109	0.0281528902	-0.0511783181	-0.0175447985	-0.0025836942	-0.0147830197	-0.0344527217	0.0243438263	0.0195042466	-0.0399724054	-0.036583196	-0.0619657467	0.0862485974	-0.0071623028	-0.0805080284	0.0716892996	-0.0698965989901694	0.0163945260851079	0.0002687804855552	0.0048855345503925	0.3648445443591583	0.035124533374045	0.1331115415486418	0.0012337328447444	0.2538190608825204	0.0029162888107379	8.504740427635459e-06	0.0644241156672845	-0.0015667017522667	-0.0009276129276378	8.604657435207706e-07	2.4545543805555484e-06	0.0006407318436318	-0.0002410676230838	5.8113598899273073e-08	4.105372954438054e-07	-0.0009339992043114	2.1952129220003186e-07	8.723545136543283e-07	4.818959772917176e-14	0.0	0.0	0.0	0.0	0.0	0.0	0.0	0.0	0.0	0.0	0.0	0.0	0.0	0.0	0.0	0.0	0.0	0.0	0.0	0.0	0.0	0.0	0.0	0.0	0.0	0.0	0.0	0.0	0.0	0.0	0.0	0.0	0.0	0.0	0.0	0.0	0.0	0.0
815.0587867491005	0.7923632866252319	0.6278395779915394	664320.8258569157	939.6905613651982	1.4147851089837786	883018.3511188412	2.0016169046022423	772.6512626590871	0.3152176816564633	0.0993621868288754	596989.9736886816	775.0670010234898	660.2358288319589	0.912451	31.671326	0.1744142369147854	0.102759483287932	-0.0213170448	-0.0126996737	-0.0152854369	0.014717039	-0.0204710544	-0.0458117797	-0.016775247	0.0301112502	0.0015529313	-0.0013472998	-0.0088070718	0.0606822516	0.0262758156	0.0203998196	-0.0715308312	0.0714944344	-0.0278745804	0.0061799072	0.0148409539	-0.0443529493	0.0173025988	0.0007585715	0.0248415593	-0.0001643515	-0.0025332821	-0.0463459783	0.0484414744	-0.0338628508	0.0134396845	-0.0418263787	-0.0274479821	0.0137667102	-0.0532476331	0.0677260483	0.0082926283	-0.0244900459	0.0029160732	0.0258426534	-0.0003855799	0.036721317	0.0230642339	0.0987733862	-0.061596724	-0.0374327643	0.1099464495	0.0881852478	-0.0294678667	-0.0235655404	-0.1503229081	-0.0499776513	-0.0599274464	-0.0770802373	-0.0034682388	0.0165749564	0.0841026686	0.0278726152	0.0342514206	0.0252576731	0.1145632956	0.0567083268	0.1611007774	-0.0353804028	-0.0244096056	0.1072786485	0.0021800278	-0.0009301287	0.0110099209	0.0681356494	0.1074008092	-0.0240986585	-0.0366819996	-0.0975896825	-0.0077527345	0.0639794343	-0.0613786191	-0.0918975352	-0.1246901949	0.0103783569	0.0206065644	0.1953162904	0.0243261328	-0.0083130138	0.0348126934	-0.0199424887	-0.0279066791	0.0202084567	-0.00765577	0.0135854547	-0.0022811885	0.0567787714	-0.011395889	0.0294392591	-0.0565293015	0.0152282799	-0.0467551461	0.0331491171	0.019415886	0.0026977531	-0.0237069748	-0.1035326784	0.1057916216	0.0383489782	-0.0311977193	-0.0043981957	0.0796064088	-0.0023812144	0.0412727949	-0.0775541627	0.0192583436	-0.0154975751	-0.0671052811	-0.0064649186	0.0513366914	0.0487469868	0.0078845667	-0.0682377107	-0.0555587	-0.0240199787	0.0730232304	0.1246610635	-0.0153100641	0.0333804079	-0.1112319898	-0.0667460893	0.0585268195	-0.0853521614	0.0217637248	0.0707054331	-0.0190056743	-0.0035853142	-0.1216776986	-0.0126578512	-0.0223387562	-0.0586856581	0.0453925831	0.0153282119	-0.0030815228	-0.0055072417	-0.0260638294	0.0059508431	0.0804785765	-0.0720556864	0.0018620893	0.0227677097	-0.0319526895	0.0118273246	0.0240437099	0.0449438807	0.0314324044	-0.0390040258	-0.0018649737	-0.0358668341	-0.0014655136	0.0157532832	-0.0223421153	0.0093502378	0.0256242992	-0.0396810702	0.0902033047	0.0331562495	0.0085038958	-0.0044390552	0.0250307284	0.0571895656	0.0210612843	-0.0445375928	-0.037674825	-0.0601897627	0.0873563013	-0.0119153566	-0.0775211985	0.0759024438	-0.0608878902186376	0.0090087087715317	8.115683373027389e-05	0.0037073351752768	0.2810473895357006	-0.0837971548234577	0.0789876351648318	0.0070219631565065	0.2470564348697195	-0.0067626260128008	4.573311058901093e-05	0.0610368820105359	-0.0007949251765665	0.0007717765757002	5.956390827995267e-07	6.319060363392812e-07	0.0013098505946771	0.0006691187510453	4.4771990300042236e-07	1.7157085803759528e-06	-0.000877979584917	5.601961939439995e-05	7.708481515310277e-07	3.1381977570934314e-09	0.0	0.0	0.0	0.0	0.0	0.0	0.0	0.0	0.0	0.0	0.0	0.0	0.0	0.0	0.0	0.0	0.0	0.0	0.0	0.0	0.0	0.0	0.0	0.0	0.0	0.0	0.0	0.0	0.0	0.0	0.0	0.0	0.0	0.0	0.0	0.0	0.0	0.0
817.0085209665059	1.949734217405421	3.8014635185215297	667502.9233318776	944.1031492599332	4.4125878947349975	891330.7564425237	19.47093192876184	773.8838277992762	1.232565140189081	1.5192168248093287	598896.1789292598	776.020737800691	676.1012906374997	0.907496	31.49935	0.1288795665175458	0.0760492080211319	-0.021702455	-0.0229118098	-0.0663934506	-0.0100696587	-0.0501831391	-0.0395817882	-0.0133764654	0.0608202487	0.0425618503	-0.1043512876	-0.033933791	-0.0344639209	-0.0215478272	0.0519468578	-0.1166328094	-0.014672878	-0.0355211961	-0.0330022047	0.0164433051	-0.0897522827	0.0199852829	-0.0078745368	0.0103432587	-0.0062494839	-0.100833739	-0.0371348097	0.0163496156	0.0417801181	0.0270216059	-0.0421323344	-0.047280757	0.0001565241	0.0608140336	0.0623861651	-0.0042518287	0.0848601076	0.0395874961	-0.0834989143	-0.0205850465	-0.1760727688	-0.0794262099	-0.047573655	0.0383845618	0.0324921146	-0.0663991974	-0.0147858587	-0.0952880402	-0.002772153	-0.0404396056	0.0470339871	-0.0094506353	0.0166467278	0.0592733542	0.0861187469	-0.0103294468	0.0439495771	0.0789169631	0.1146682791	0.0451126385	-0.0212316911	-0.0153229872	-0.0772401683	0.0471315182	-0.0099790613	0.0475234986	0.0397989952	0.0954448151	0.0019565389	0.0704748024	0.0067074555	0.0164000628	-0.0171060556	-0.0410639116	-0.0030252053	-0.0316515192	-0.0755997336	-0.1232046828	0.0523436534	-0.0335069878	-0.1172676516	-0.0475111554	-0.0071452606	0.0881804995	-0.0062901098	-0.0614032138	0.0354790031	0.0267177586	0.0160585239	-0.0780466305	0.0204992205	0.0651269322	0.0425870759	-0.0068355087	0.0743959906	-0.0534029542	-0.0026325692	-0.0321591895	-0.0040260323	-0.0217770329	-0.0141664954	-0.0661562457	0.030520414	0.0520781633	0.0048808491	0.1212846396	0.0494548948	0.0297794347	0.1080418381	0.0357937872	-0.0811418233	0.0261607187	0.0082907455	-0.0744463311	0.011912983	0.0877281322	0.0709691134	-0.0355591711	0.0162246977	0.091396723	-0.0176690421	0.0133561989	-0.0200324241	-0.0100989507	0.0706258335	0.0619885908	0.0225124281	0.0243895512	0.0721810901	0.017638851	0.123949273	0.0559217349	-0.0714147794	0.1577381687	-0.044986368	0.0444715559	0.0511234422	-0.0460990332	-0.0474782854	0.0180478503	0.0390636762	-0.0250943145	-0.0936284947	-0.0064241229	0.0231316136	-0.0375022598	0.0159598392	0.031653792	0.0290625666	0.0291931722	-0.0431280108	0.010826041	-0.0570362632	0.0065839217	-0.0524725116	-0.040540502	0.0007026029	-0.0118035061	0.062200647	0.0373390111	-0.0098510678	-0.0242385538	-0.0226581159	-0.0256489648	0.01060279	0.0325578327	-0.0531528455	-0.0387599986	-0.0583725276	0.0883293083	-0.0166357513	-0.0742024108	0.0796476241	-0.0582189218457642	0.0026689683728733	7.123392175398482e-06	0.0033894428608832	0.338112326087284	0.0570649365515834	0.1143199450521538	0.0032564069836362	0.2388531124889255	-0.008203322380794	6.729449808323607e-05	0.0570508093456472	0.0001787001958272	0.0009736253723937	9.479463657687708e-07	3.193375998867963e-08	0.0014979166795985	0.0001880660849213	3.536885229766322e-08	2.243754379019396e-06	-0.0009351349118478	-5.715532693079996e-05	8.744773033565926e-07	3.266731396566626e-09	0.0	0.0	0.0	0.0	0.0	0.0	0.0	0.0	0.0	0.0	0.0	0.0	0.0	0.0	0.0	0.0	0.0	0.0	0.0	0.0	0.0	0.0	0.0	0.0	0.0	0.0	0.0	0.0	0.0	0.0	0.0	0.0	0.0	0.0	0.0	0.0	0.0	0.0
815.788622901844	-1.2198980646619475	1.488151288165965	665511.077256087	938.6950814603556	-5.408067799577566	881148.4559578636	29.24719732482773	772.4632606220958	-1.4205671771803736	2.018011104882215	596699.4890109199	774.895050152781	671.8704112849823	1.092354	37.915817	0.2002331750877739	0.1096962302795259	-0.0324701914	-0.0366637999	-0.0431439417	-0.0531197845	-0.0185976947	-0.0208634375	0.0451510952	0.0046449284	0.0483952904	0.0004416906	-0.0069408272	0.0364935777	-0.0537788933	0.0310214584	0.0223686908	0.0513922895	0.0669000516	-0.0448549668	0.0190404286	0.045836952	-0.0519566909	0.0114434925	-0.123165	-0.0512210759	0.1535201874	0.0250001822	-0.1100397266	-0.0331295804	0.1043887288	-0.0876381845	0.0984812722	-0.0271596595	-0.1639589197	-0.0068773707	0.0453827695	0.0924469945	-0.0782005485	-0.0617096431	0.1151612005	-0.0546384382	0.0837994703	-0.0522607099	-0.0042700497	0.0206097328	-0.0376788527	0.0255458655	-0.0237318159	0.0113561724	0.0649871961	0.0863366245	-0.0398994227	0.0262301113	-0.0440516495	0.0445572166	-0.0391830032	-0.0181068454	0.040454035	-0.0112065025	-0.0099899977	-0.0146092608	-0.146057503	0.0348327654	-0.0946749275	0.0551357623	0.0167923192	0.1665084791	-0.0107457987	-0.0310501083	-0.0622158765	0.0137800884	-0.0733581103	-0.0402910387	0.0501872485	-0.0026618282	0.0090452578	-0.0968851098	-0.1229351779	0.0232200192	-0.0135340716	0.0398330597	0.0123846071	-0.0226957781	-0.0276848334	0.0343805224	0.0127474684	-0.0848408136	0.0255836096	0.0606990384	-0.0373885053	-0.0895897795	-0.1314627082	-0.1604836997	0.0220319833	-0.0776636546	-0.1011670344	-0.0413239952	0.0900817247	0.0281053886	0.0574190907	-0.0631658116	0.0108712519	-0.038198554	-0.0552472248	-0.091652245	-0.0634995086	-0.1009301089	-0.0440492375	0.1288718882	0.0330614605	0.0375341933	-0.0059020993	-0.0673773897	-0.0130292111	0.0073906699	0.0417473619	-0.0151850133	0.0092002508	0.0442867587	0.062821993	-0.0299978549	0.0403134247	-0.1658917682	0.1327771307	0.0114302655	-0.0448506195	0.110193307	0.054941838	0.0166243731	0.03024882	-0.0341714478	0.0627447093	0.0316356498	0.0208664837	-0.0019696041	0.0602469574	0.0997604874	-0.0024186434	0.0264302766	-0.0300496084	-0.0606525331	0.0088635188	-0.0487926642	0.0239471933	0.0477177608	-0.0404775243	-0.0079756571	0.0581904562	0.021877762	0.0278524657	-0.0321510932	0.1098212168	-0.0593068128	-0.1138502017	0.139843892	0.0638109063	0.0015529549	0.111724946	-0.0344012251	-0.1077620128	0.0047810858	0.0807245681	0.0655139526	0.0339858591	-0.050553056	-0.0579884265	0.1649892171	-0.0398385309	-0.0565152869	0.0891661178	-0.0213105486	-0.0705658771	0.0829017503	-0.0808232023285455	-0.0226042804827812	0.0005109534961442	0.006532390034641	0.4222065910975487	0.0840942650102647	0.1782584055662127	0.0070718454076166	0.2307469674159676	-0.0081061450729578	6.570958794383961e-05	0.0532441629716656	0.0014690074108555	0.0012903072150283	1.6648927091540874e-06	2.15798277314838e-06	0.0010808134706967	-0.0004171032089018	1.739750868761786e-07	1.1681577584394466e-06	-0.0009362941783531	-1.1592665053000674e-06	8.766467884179067e-07	1.3438988303106309e-12	0.0	0.0	0.0	0.0	0.0	0.0	0.0	0.0	0.0	0.0	0.0	0.0	0.0	0.0	0.0	0.0	0.0	0.0	0.0	0.0	0.0	0.0	0.0	0.0	0.0	0.0	0.0	0.0	0.0	0.0	0.0	0.0	0.0	0.0	0.0	0.0	0.0	0.0
812.9914587546301	-2.7971641472138344	7.824127266458498	660955.1120079814	938.2976884938248	-0.3973929665307878	880402.5522328547	0.1579211698481398	773.221811822525	0.7585512004291104	0.5753999236724444	597871.9702781081	775.543478297027	662.5735915767152	0.971732	33.728996	0.108381738661668	0.0486743579141575	-0.0248814332	-0.019734278	0.018377259	-0.0780660458	0.0798850054	-0.0504418033	0.0431811997	-0.1019324958	0.0409741695	0.0070011298	0.0249260225	0.034089349	-0.0335558503	0.0940554192	0.0016167139	0.0190911566	-0.0321384516	0.0554872133	0.0134571376	0.0874383995	-0.1152853645	0.0926386864	-0.1846024171	-0.0416701811	0.2174631818	0.0328569067	-0.1512849544	0.0610872988	0.0857721328	-0.1415775634	0.0731288937	0.1346195614	-0.2035662059	-0.0129107434	0.0536679927	0.0869583079	0.028583257	0.0319831777	0.1538805455	0.0990251989	0.1693357938	-0.1640809794	0.0294681051	-0.0492699817	0.062319515	-0.144304605	-0.0629359137	0.0049252624	0.0205338372	-0.0964664042	-0.0406861892	0.0341814821	-0.1315484453	0.0675160347	-0.0015924902	-0.0141313451	0.0422311627	0.0270970995	0.0378139841	-0.0711425309	-0.0418405474	-0.0594215671	0.0366880887	0.0423849007	-0.0565999877	0.002935721	-0.0076739303	0.0227259651	-0.027524536	0.0661605807	0.0196767678	0.0423561162	-0.055218046	-0.0757676194	-0.0158759971	0.0716462842	0.0129126156	-0.0568390393	-0.1104104821	-0.0698160378	-0.0305796174	-0.0083789865	-0.0604110219	0.1030335533	0.0733476243	-0.1204277955	-0.0398646306	0.1411460399	-0.0891413545	-0.1551480157	-0.0587952712	-0.0958196703	0.0359550885	-0.140206047	-0.1355839156	-0.1909544315	0.1595376129	0.0598206472	0.0886703969	-0.1438786417	-0.0470908984	-0.0601859673	-0.1031683863	0.0003455043	-0.213807464	-0.1460665169	-0.0600858315	0.0974485833	0.096917526	0.0207901875	0.0271789255	-0.0125613672	0.0466745589	-0.0679598727	-0.1370515739	-0.0763726533	0.0224659283	0.0004472856	-0.0630855408	0.0865889792	0.06968322	-0.0400038466	0.0476843465	-0.02272612	0.0242064305	0.0800191905	-0.043347727	0.108384342	-0.0101130664	-0.0169195814	0.0469736285	-0.0106742768	0.1008202791	0.0264205974	0.0782627383	-0.051935821	-0.0025974923	0.0139425607	-0.0143306103	0.0295246358	0.0093306344	0.0612713852	0.0308339433	0.0454866239	-0.0453616761	-0.0283335218	0.0743439727	0.0488973195	0.0140878505	-0.0118591794	0.1001141438	0.006912362	-0.1091655815	0.2450215631	0.0793102326	-0.0999027902	0.1437690766	-0.0244845993	-0.0370369376	-0.127353709	-0.0554524152	0.0658605694	-0.0301818047	-0.1344535747	-0.0393538305	0.2185761809	-0.0409102371	-0.0546193134	0.0898654396	-0.0259269352	-0.0666271694	0.0856447597	-0.0626172282720602	0.0182059740564852	0.0003314574913454	0.0039209172764752	0.4265793509602247	0.0043727598626759	0.1819699426656465	1.912102881663014e-05	0.2594311711460193	0.0286842037300517	0.0008227835436271	0.0673045325621951	0.0012075512671455	-0.00026145614371	6.83593150837042e-08	1.4581800627847027e-06	0.0014701393480984	0.0003893258774016	1.515746388146035e-07	2.1613097028271884e-06	-0.0014278881774905	-0.0004915939991373	2.038864647417141e-06	2.416646599879019e-07	0.0	0.0	0.0	0.0	0.0	0.0	0.0	0.0	0.0	0.0	0.0	0.0	0.0	0.0	0.0	0.0	0.0	0.0	0.0	0.0	0.0	0.0	0.0	0.0	0.0	0.0	0.0	0.0	0.0	0.0	0.0	0.0	0.0	0.0	0.0	0.0	0.0	0.0
813.191251362668	0.1997926080379102	0.03991708622659	661280.0112927819	935.897671580716	-2.400016913108857	875904.4516702057	5.760081183208566	772.9310726631907	-0.2907391593342936	0.0845292587704117	597422.4430882705	775.9216943745486	670.0768661974079	1.190872	41.335365	0.2549494184380635	0.1235804446233716	-0.0372426163	-0.0241896419	0.0142090884	-0.0134539575	-0.0189402178	-0.0100124131	0.0112333899	0.000116229	-0.014506585	0.0671785081	0.0598217435	-0.0953345513	-0.0486702241	0.0782208296	0.0179142222	-0.0245858258	-0.0162621083	-0.0944308264	0.0214528278	-0.0267153267	0.0203331786	-0.0152891535	-0.0303794502	-0.0119100142	-0.0594253624	0.0068371143	-0.0810396721	0.0519313861	0.0271582876	-0.0461245524	0.045115064	0.1059056058	0.0199779948	0.0262819241	-0.0744154585	0.0195126297	0.0075216899	-0.040390877	0.0499745992	-0.0608617823	-0.0174103527	0.0329831321	-0.0904737777	-0.0381349209	0.0950744207	0.0345209203	0.0148548566	0.0107860485	-0.0163019999	-0.0790193021	0.0234669518	-0.040208062	0.0329764486	-0.0041342063	-0.0334045187	-0.076244655	0.1235204561	-0.0977850682	0.0441447602	0.0063443023	0.0264146097	0.0011031526	0.0550363768	-0.0385226515	-0.0382112939	-0.0398138768	-0.0064691174	-0.083790197	0.0800131147	0.0162968708	-0.0865938603	-0.0152742348	0.0181580247	0.0215999793	-0.0468128401	0.0567751091	-0.0251677392	0.0797929369	0.0057716184	0.091374414	-0.0610301101	-0.0164298959	0.0377975704	-0.0125816275	-0.0172115186	7.19613e-05	0.0231396439	-0.0119484659	-0.0531380036	-0.0662288897	0.0469154435	-0.0052260755	0.0692503586	0.03291286	-0.0534619257	-0.0120927193	-0.0719144591	0.0094665744	0.0843463964	-0.0164538799	0.0191912468	0.0659991739	0.0059516434	-0.0645278001	0.0240524357	-0.0024338192	-0.019636263	-0.0437536646	-0.0297445311	-0.0446831007	-0.050316419	0.0268427653	0.0044650425	0.0096085989	-0.1314913307	0.0243369085	-0.1153212987	-0.087670898	0.0248476997	0.0495002575	-0.0071431032	-0.0417091763	0.0235480338	-0.0685685324	0.1017718829	0.0050700473	-0.0381558247	0.0263773494	0.0524121024	0.0655040333	0.0588515083	0.0545356256	-0.0111917521	-0.0497738634	-0.0930154906	0.070376015	-0.0187474798	-0.0883046173	-0.0648480061	0.0325021278	-0.0537636101	0.0329760012	-0.0010145796	0.0362690327	-0.0254535798	0.0038860134	0.0366522907	-0.0100630774	-0.001536351	-0.0232341384	-0.0028520981	-0.0218679223	-0.0018189949	-0.0256513044	-0.0145286506	0.0065365157	-0.0302691891	0.0673731427	-0.0850209052	-0.0291917969	0.0203259891	-0.0447601632	-0.0497454864	-0.0065295494	0.0051291127	0.0411272827	-0.0419749335	-0.0526859066	0.0904261954	-0.0304722578	-0.062403154	0.0878597406	-0.0363315544368987	0.0262856738351615	0.0006909366489684	0.0013199818478013	0.3320939083674261	-0.0944854425927986	0.1102863639747523	0.008927498861957	0.2311519138356459	-0.0282792573103734	0.0007997163940263	0.0534312072698818	-0.0002978584804482	-0.0015054097475937	2.266258508150128e-06	8.871967437491077e-08	0.0012896469071022	-0.0001804924409962	3.2577521256766754e-08	1.6631891449982705e-06	-0.0009958094720858	0.0004320787054046	9.916365046957997e-07	1.866920076642015e-07	0.0	0.0	0.0	0.0	0.0	0.0	0.0	0.0	0.0	0.0	0.0	0.0	0.0	0.0	0.0	0.0	0.0	0.0	0.0	0.0	0.0	0.0	0.0	0.0	0.0	0.0	0.0	0.0	0.0	0.0	0.0	0.0	0.0	0.0	0.0	0.0	0.0	0.0
815.764627759209	2.573376396540993	6.622266078274309	665471.9279031209	942.8266050807556	6.928933500039648	888922.007248103	48.01011944797168	773.8254386350104	0.8943659718197523	0.79989049154909	598805.8094786663	776.1094659438678	660.9611830254123	1.108844	38.488167	0.3735572037626516	0.235810902268962	0.015097723	-0.0483270958	-0.0112843497	0.0566506608	-0.0346382802	-0.0659272952	-0.0366003393	0.0273853361	0.0044627952	-0.0941231085	0.009108828	0.0406524027	0.0607187269	0.1240691813	-0.0822723907	-0.0105506638	0.0648172999	-0.0041505552	-0.0055952113	0.0026118421	-0.0311493937	0.0002821288	-0.0232066027	0.0193179815	-0.0035086557	-0.0434816751	-0.0384261886	0.0654224363	-0.0663701775	-0.0612581803	0.1311144936	0.0052744697	0.0252247185	-0.0157846205	-0.0022546247	-0.0126418762	0.0283620403	0.0449977811	-0.0313201919	0.0849687344	-0.0465454526	-0.0031218281	-0.0475826898	-0.0860011765	-0.0394033342	0.0580742547	-0.1251240452	-0.0221087835	0.0151641384	-0.0543661532	-0.0086988557	-0.1159546172	-0.0263982341	0.0302428011	-0.0345070308	0.0251110815	-0.0232780163	0.0181307217	0.0363662822	-0.0063695303	-0.0032233101	-0.0175344535	0.0751553696	-0.1018618155	0.0033898259	0.0096841594	0.0687677213	0.0431102704	-0.0846156739	0.1168137667	0.0401608476	0.0882113248	-0.1168421884	-0.0383374966	-0.0299555213	-0.0225527577	0.0677171554	0.0343726086	-0.0998545762	-0.0441776311	0.0490982309	0.0132470131	-0.0065214681	0.033840519	-0.0406388946	-0.0171061742	-0.0193896051	0.0451178378	-0.0872496672	0.0317694534	0.053668758	-0.033349715	-0.0788946253	-0.0710946518	-0.0065374545	0.0547151593	0.050994292	0.1146183412	0.0937258474	-0.0105130915	0.0225430812	-0.013994392	-0.0071993278	-0.0119859972	-0.0062854585	0.0346241925	0.0273546765	-0.058182413	0.0431381046	0.0210897159	0.0022754576	0.0550290275	-0.0563832108	0.0013255943	-0.0619683021	0.002772674	-0.0717854073	-0.016702389	-0.0776514781	0.0091571807	0.0773329604	0.1314082948	-0.0680554108	-0.0109738771	-0.0926043382	-0.0438492419	-0.0394895192	0.0277829144	-0.0607721899	0.0153247554	0.0241719248	-0.0108061207	0.1029163175	0.0169857279	-0.0084301831	-0.0643962208	-0.0277816444	-0.0187134481	-0.1226252426	0.0404109685	-0.1685467433	0.0064008496	0.0183209046	0.0180287806	-0.0390374864	-0.0557742039	0.052852929	0.1303678176	0.0560746274	-0.0924811817	0.0333202256	-0.028268068	0.0368419711	-0.007457253	0.0098977358	0.0277505905	-0.0386285005	-0.0967895501	-0.0085584891	-0.0957359603	-0.0826858425	0.0398479926	-0.0548050202	-0.0004758547	0.048478794	-0.0015246426	-0.0430324377	-0.0507163915	0.0908475206	-0.034934058	-0.0579119187	0.089533037	0.0071220234050173	0.043453577841916	0.0018882134272634	5.072321738161422e-05	0.3530603543613893	0.0209664459939631	0.1246516138217897	0.0004395918576177	0.4376665696750734	0.2065146558394275	0.0426483030764771	0.1915520262111458	-0.0015338831154834	-0.0012360246350351	1.527756898413899e-06	2.352797411965061e-06	0.0019588802614936	0.0006692333543913	4.47873282629965e-07	3.837211878869234e-06	-0.0011430019644061	-0.0001471924923202	1.3064534906362034e-06	2.166562979546156e-08	0.0	0.0	0.0	0.0	0.0	0.0	0.0	0.0	0.0	0.0	0.0	0.0	0.0	0.0	0.0	0.0	0.0	0.0	0.0	0.0	0.0	0.0	0.0	0.0	0.0	0.0	0.0	0.0	0.0	0.0	0.0	0.0	0.0	0.0	0.0	0.0	0.0	0.0
817.3511852094784	1.5865574502694244	2.5171645430054173	668062.9599633391	935.9706973708438	-6.855907709911776	876041.1463368637	47.003470526827726	774.2576475452604	0.4322089102499831	0.1868045420994779	599474.9047823207	775.4944955496312	678.9093062185855	1.159599	40.249882	0.4470170587535818	0.322465203721187	-0.0490787684	-0.0544781404	-0.0487199596	-0.0365619748	-0.1114094077	-0.0132816767	0.02748201	0.1185968315	0.0299279432	0.0378714544	0.0267976171	0.0311600361	0.1303050311	0.1245386459	0.0378126949	0.1363394967	3.45978e-05	0.1098561303	-0.0059887047	-0.0712581361	0.0016035687	0.0085018648	0.0027020149	-0.0243520026	-0.0469593387	-0.0554805402	-0.0439541027	-0.0022682189	-0.0085626187	-0.0509197537	0.0342675491	-0.0060829166	0.0308976694	-0.0190443869	0.04770242	0.0576748239	0.0286982623	0.0153106709	-0.0200426115	-0.0260815049	0.0341651678	-0.002262893	0.0341148521	-0.0843170191	-0.1411648089	0.0286737233	0.0333510503	0.1195889348	0.0062088974	0.0323506777	0.1509386115	0.0053088022	-0.0497170935	-0.0822049664	0.0079955142	0.0412118915	-0.0468531901	-0.02478608	-0.0170117222	0.0449975328	-0.0444815626	0.0663098395	-0.0026406388	0.0290241645	-0.0021697299	-0.03659088	0.0553038103	-0.1181176157	-0.0755605823	-0.0125395687	0.0214367516	0.1073333523	0.0697351438	-0.0691189189	-0.0073631766	-0.0721016882	0.0079936255	-0.0529687864	-0.0216533176	-0.0211532216	0.0214201463	-0.0096186069	0.0715362621	0.0055268852	-0.0254927801	0.0323147465	0.0684586594	0.0299078591	-0.0486474881	0.0910260194	0.0422394157	-0.027076252	-0.012153288	-0.0264260238	-0.0112467522	-0.0262518319	0.0390908946	-0.0221678182	0.0636681293	0.0630823486	0.0721020668	0.079000482	-0.0175463227	-0.0273286762	-0.0270334117	-0.0322894268	0.0524374887	0.0277094698	0.0306988279	-0.10796236	0.1233161576	-0.0085710423	0.021102746	-0.0552653141	-0.0642238596	0.0863882817	0.0405734679	0.0009573189	0.0065856413	-0.0410645958	-0.0759335218	0.0832978834	0.1280800735	0.0041086054	-0.0943395175	0.0169419068	0.0025961558	-0.0621037387	0.0154056443	-0.1087374257	0.0851496788	-0.0721488777	-0.0294706297	0.0700224297	-0.0525520733	0.0388460472	0.0103086812	0.1287567791	0.0521834699	0.0443984872	-0.0211310091	-0.0686444915	-0.0094840997	0.0671048681	-0.0432235394	-0.0075537066	-0.0101069809	-0.0012305723	-0.0095844669	-0.0202280024	0.0386157114	-0.0487692538	-0.0567033389	-0.1038254419	-0.0556231681	0.0661688034	0.0010349628	0.0681219078	-0.0298639301	-0.0274671174	-0.0500471475	-0.0585342548	-0.0169017843	-0.0583401963	0.0373125675	-0.001272349	-0.0440825686	-0.0487121179	0.0911287655	-0.0393001065	-0.0531726956	0.0906543325	0.0193506353711825	0.0122286119661652	0.000149538950619	0.0003744470892684	0.3172320275835432	-0.035828326777846	0.1006361593247659	0.0012836689997001	0.1456246744372293	-0.2920418952378441	0.0852884685741118	0.021206545804949	9.607129016328618e-06	0.0015434902444997	2.382362134865832e-06	9.229692793638328e-11	0.0018509985512349	-0.0001078817102586	1.1638463408342084e-08	3.4261956366736984e-06	-0.00065600942373	0.000486992540676	4.3034836402256674e-07	2.3716173467416287e-07	0.0	0.0	0.0	0.0	0.0	0.0	0.0	0.0	0.0	0.0	0.0	0.0	0.0	0.0	0.0	0.0	0.0	0.0	0.0	0.0	0.0	0.0	0.0	0.0	0.0	0.0	0.0	0.0	0.0	0.0	0.0	0.0	0.0	0.0	0.0	0.0	0.0	0.0
815.5589272879776	-1.792257921500891	3.2121884571826937	665136.3638791166	935.6346667768177	-0.3360305940261696	875412.2296745667	0.1129165601215804	772.4869145419532	-1.770733003307214	3.1354953690013856	596736.0331385469	774.5763221610781	678.5430042984179	0.995527	34.554905	0.0435578854179096	0.0238197112664207	-0.0612343664	-0.0330646954	-0.0502594585	-0.0899219618	0.0127192123	0.0008648947	0.0720595921	-0.0285858273	0.0850196899	0.0692694794	-0.0461778993	0.0158979547	-0.1118198165	-0.033365119	0.0412737288	0.0191018092	0.0587924494	0.0047701166	0.0082793594	-0.051974915	0.0395776167	-0.0042061006	-0.0136255025	-0.0364140645	0.0317055055	-0.0062879125	-0.1046324894	0.0496678929	0.0224747859	0.0118771945	0.004525892	-0.0110622746	0.0187337732	-0.0279834938	-0.0331732802	-0.0152754896	0.0042335077	-0.017823435	0.065448873	0.0366091943	0.0608882674	-0.025243845	0.0708410086	0.0270555187	-0.0509159749	0.0535127491	0.0555681307	-0.079980552	0.0186792318	0.0700207996	0.0014051435	0.0835701562	-0.0546603657	-0.0275052253	-0.0540717488	0.0795192454	-0.0171635992	-0.1284312527	-0.1209484288	0.0743587406	0.1000098723	-0.068281495	0.0132514618	0.0572092696	0.0663818725	-0.0671756575	-0.0636138408	-0.022678495	-0.0678233449	-0.0287767719	0.1265116493	-0.0247107986	0.0486150497	0.0060885551	-0.0631708762	0.0075408339	0.0018200609	0.0691160677	0.051763599	-0.0880548447	-0.0112739859	-0.017289481	0.0627514256	-0.0319842207	0.0136971209	-0.0122315977	-0.0136904935	0.0008271186	-0.0145151614	-0.0319070948	-0.0694110907	-0.1109637004	0.0579774671	-0.0158405317	0.0165308092	-0.0016838203	-0.0494894189	0.0436986079	-0.0233113154	-0.006295482	-0.0421421926	0.0299044417	0.0506973361	0.0237279217	-0.0872135853	0.0215675961	-0.0463448136	0.0161301651	-0.0473500742	0.0551698526	0.0895232	-0.0458161524	-0.0734879988	-0.0531998084	-0.0315083023	-0.0450499952	0.0444120509	-0.0289423628	0.0846057665	-0.1095802474	-0.0934383036	0.0239016811	-0.0140756924	-0.1290688967	-0.0124867741	-0.0064468294	0.1723420723	-0.0496361928	-0.0759005235	0.0341093402	-0.1332366267	-0.0120934954	-0.0279161291	0.0267759257	0.0027332906	-0.0379149488	-0.029067452	-0.0046589115	0.0380709433	0.0503452317	0.0307844475	0.1774321413	-0.0151402994	0.0539430423	-0.0411161848	0.0001170141	-0.0162969038	-0.0327129411	0.003987311	0.0300726215	0.0515499314	0.0118391685	0.0036607614	-0.0015742124	-0.0913321026	0.0381873256	0.0399004847	-0.0342273769	-0.0692984542	0.1167724049	0.0552238817	-0.0617849476	-0.0104857673	0.0310522555	-0.0278949821	0.037448565	-0.0451251461	-0.0466744595	0.0912694965	-0.0435584361	-0.0482057789	0.0912167139	0.0229487127862881	0.0035980774151056	1.2946161085093004e-05	0.0005266434185475	0.33725619203733	0.0200241644537867	0.1137417390675204	0.0004009671620722	0.1567314264113548	0.0111067519741255	0.0001233599394147	0.0245647400249379	8.014196751426374e-05	7.053483849793512e-05	4.97516344192979e-09	6.4227349570573045e-09	0.0019569721831158	0.0001059736318808	1.1230410654028483e-08	3.82974012548902e-06	-0.000656078784849	-6.936111899993968e-08	4.304393719289404e-07	4.810964828923791e-15	0.0	0.0	0.0	0.0	0.0	0.0	0.0	0.0	0.0	0.0	0.0	0.0	0.0	0.0	0.0	0.0	0.0	0.0	0.0	0.0	0.0	0.0	0.0	0.0	0.0	0.0	0.0	0.0	0.0	0.0	0.0	0.0	0.0	0.0	0.0	0.0	0.0	0.0
811.7119611515798	-3.846966136397782	14.79914845459128	658876.3078765437	942.8070336544152	7.172366877597597	888885.1027082377	51.4428466268591	771.7599819877796	-0.7269325541735725	0.5284309383173139	595613.469797778	774.576385171338	674.8233853502855	0.937177	32.529564	0.1627239489289861	0.07431234699607	-0.0442277224	-0.0135867719	0.0068347681	-0.0807485127	0.0777272982	-0.0590252821	0.0557210705	-0.077331541	-0.0027114504	0.05896469	0.0068175249	-0.046914317	0.0591210939	0.0344954321	-0.065708883	0.0126722267	-0.0253590627	0.0202633989	0.0229951225	-0.0419938847	0.0409162017	-0.0015095655	-0.0104159624	0.0180121873	0.0994930349	0.0204094338	0.0575698916	-0.0367709257	-0.0187801582	0.025912948	-0.071659322	-0.0470878365	-0.0240246062	0.0072996115	-0.0103195168	0.0203521462	0.0281647992	-0.0247180377	-0.084025214	0.0204563055	-0.1318528353	-0.0605224674	0.0975427996	0.0120630823	-0.0417745468	0.0418768741	0.0391273064	-0.0169782777	0.0106623557	0.0897768739	0.0061457257	-0.0211248017	0.057259809	0.0608335852	0.069785744	-0.0686206184	-0.0871175482	0.0014778675	0.0199626103	-0.0423546546	-0.0019691965	0.0442876906	0.0289823583	0.0960064709	-0.0565878686	-0.0910369171	0.0695155115	0.0859891259	0.0003345825	0.0188427275	-0.0297904982	-0.0316422608	0.0329169934	0.0115547321	-0.0319012757	-0.0120896279	0.0732886636	-0.0117164776	-0.0374649082	0.0265448218	0.0057644658	-0.0227320897	0.0454884934	-0.0295974306	0.0244970572	-0.0351415129	-0.0954282555	0.0046584436	0.0541715209	-0.0055399809	-0.0169240473	0.0060861391	-0.004701014	-0.0418466328	-0.0065193557	0.0210868456	0.0335538555	-0.0435022173	-0.0825001187	0.0056859344	0.0539555186	0.0495564966	-0.0078756422	0.0491233299	-0.0264394788	0.0724951067	0.1623376305	0.0666339316	-0.0575263995	-0.0079457737	0.0438979698	0.0305576128	-0.0469287337	0.0463578403	0.0757252539	0.100548313	0.0378732938	0.0371850031	-0.0553610044	0.0553527353	0.0196669252	-0.0193950518	-0.0285096608	0.0497507913	0.0007870284	-0.0471604782	-0.0302371904	-0.039142943	0.0147032088	-0.0104132617	0.0141233975	-0.1135197459	0.0133371136	-0.0226716088	-0.0387574316	-0.0949384655	0.0096727093	0.0649714048	-0.0141364155	0.0095607623	-0.006855301	-0.0330864288	-0.0122983989	0.0538209729	-0.0525394371	-0.0237289393	0.0214409414	0.000442002	-0.0156819942	-0.0042675377	-0.0001707773	0.068834226	0.060736716	0.0272921077	-0.0566584228	0.0085561368	0.0254969195	-0.0210962165	-0.0096304161	0.0459919412	-0.0236407189	-0.0369716935	-0.0586810285	0.0135350049	0.0040118244	-6.78793e-05	-0.0461599916	-0.0446048127	0.0912694965	-0.047697375	-0.0430324377	0.0912167139	0.0402666880580255	0.0173179752717374	0.0002999122675125	0.0016214061671623	0.3399172257172438	0.0026610336799138	0.1155437203393076	7.0811002456357226e-06	0.2152441699056879	0.0585127434943331	0.0034237411512336	0.0463300526783886	0.0010472209315701	0.0009670789640558	9.352417227193096e-07	1.0966716795185484e-06	0.0022519369346181	0.0002949647515023	8.700420462881362e-08	5.071219957497164e-06	-0.0010786789989509	-0.0004226002141019	1.163548382777716e-06	1.7859094095897185e-07	0.0	0.0	0.0	0.0	0.0	0.0	0.0	0.0	0.0	0.0	0.0	0.0	0.0	0.0	0.0	0.0	0.0	0.0	0.0	0.0	0.0	0.0	0.0	0.0	0.0	0.0	0.0	0.0	0.0	0.0	0.0	0.0	0.0	0.0	0.0	0.0	0.0	0.0
807.9203692955579	-3.7915918560219097	14.37616880265167	652735.3231226706	935.2448552192662	-7.562178435149008	874682.9392141063	57.1865426850327	771.8216726441038	0.0616906563242309	0.0038057370777143	595708.6943631422	774.6869377043415	656.5627779242111	0.88773	30.813259	0.1275438853693881	0.0584860437355197	-0.0436917956	0.0172715927	0.078098957	-0.0769393891	0.0533714992	-0.0666228975	0.0373004535	-0.114698824	-0.0622626343	0.0906451705	-0.0146913758	0.0036230929	-0.047137047	-5.6885e-05	-0.0405874083	-0.0154807016	-0.0725573358	0.0979114894	0.0207644827	-0.007461526	0.025077036	0.0137397507	-0.0167565268	0.0174365481	0.1257071152	0.0272815731	-0.0407695349	0.0405656495	-0.0726145827	0.0324390989	0.0043490114	-0.0187545747	0.0968956672	0.0554701532	0.0450652704	-0.0511784509	-0.0918097308	-0.042511157	-0.0480803406	0.0129956155	0.0518573262	-0.007947916	0.0580933289	-0.0302235365	-0.0119545193	0.009618156	0.0168793545	0.0296857661	-0.0287149638	-0.0582401072	-0.0580196972	-0.0268526024	0.0250999491	-0.0500954776	0.0201469394	0.007534696	0.0131806937	-0.0737044277	-0.1114798406	-0.054411796	-0.0279532799	-0.0792554506	-0.0079197592	-0.0990440658	-0.0882115443	0.0304545151	-0.069265982	0.0736562057	-0.0179855432	-0.0969857384	0.0126764879	-0.165384812	-0.0124702171	-0.0214154682	-0.0209883896	0.1144234625	-0.0717864637	-0.0860501513	-0.0276485025	-0.0091060339	0.0326694351	-0.0119167361	0.0184171132	-0.0221738906	0.0513303301	-0.0439453105	-0.1094032139	0.0322547738	0.0473962955	-0.0374175177	0.0033025443	0.0490173562	0.0205016302	-0.0769864619	0.0152533903	-0.048178382	-0.0887333327	0.0567533633	-0.0290334106	-0.0001571092	0.0394644022	-0.0712451679	-0.0010881086	-0.0017805962	0.0536590369	0.0625651422	-0.0606499228	0.0411573813	0.0308437034	0.0415865682	0.0088163211	-0.0421935046	0.0294483737	0.0097009617	-0.0001295962	-0.0380372935	-0.0106692087	-0.0784712421	0.0117040739	-0.0640732988	-0.0233752484	0.0255338555	-0.0501529569	0.1100331895	-0.0579954265	0.0486189026	-0.0169237248	-0.0846590443	-0.0018709666	-0.0892047268	-0.0272257222	0.0923792895	0.0541585725	-0.0223328521	-0.0461932599	-0.0866859731	-0.0501889838	-0.1439955151	-0.0154977343	-0.0291002728	0.0905780853	0.1091533672	-0.0151273779	0.0408769746	-0.0568968814	-0.023499929	0.0422859568	-0.0036479191	-0.0340851677	0.0426360306	-0.0550370031	0.0990506579	0.0754446539	0.0203629657	-0.0268614211	-0.0281307562	0.0294457749	-0.0097896892	-0.0021792538	0.0339339768	-0.0379370846	-0.0633178923	-0.0559432075	-0.0210691853	-0.0324837551	-0.002380578	-0.0471869279	-0.042504596	0.0911287655	-0.0517055788	-0.037674825	0.0906543325	0.0306642317183474	-0.0096024563396781	9.22071677554242e-05	0.0009402951068765	0.3076329124068735	-0.0322843133103702	0.0946380087959351	0.0010422768859221	0.2509164908634176	0.0356723209577297	0.0012725144825112	0.0629590853872115	0.0007641434808036	-0.0002830774507665	8.013284313246033e-08	5.839152592546417e-07	0.0019567493151497	-0.0002951876194683	8.713573068742087e-08	3.82886788233882e-06	-0.0006572481739536	0.0004214308249973	4.319751621653417e-07	1.7760394025790496e-07	0.0	0.0	0.0	0.0	0.0	0.0	0.0	0.0	0.0	0.0	0.0	0.0	0.0	0.0	0.0	0.0	0.0	0.0	0.0	0.0	0.0	0.0	0.0	0.0	0.0	0.0	0.0	0.0	0.0	0.0	0.0	0.0	0.0	0.0	0.0	0.0	0.0	0.0
808.4641535956705	0.5437843001126339	0.2957013650489871	653614.2876491639	932.105214179967	-3.1396410392992493	868820.1303014822	9.85734585565207	769.7082733192349	-2.113399324868965	4.466456706356596	592450.826016078	772.531750146722	648.8650563098722	0.995839	34.565739	0.1329261102193493	0.0664309959288581	-0.0184293912	-0.002057078	0.0800710815	0.060999826	-0.1035442185	0.0218175578	-0.0374752255	0.0633678863	-0.1269548498	0.0685376522	0.0180798728	-0.0403393777	0.026240249	0.07838247	-0.0402765638	-0.0817477161	-0.0232825294	-0.0049359039	0.0625195628	-0.0211341757	0.0487186455	-0.0317925371	0.0321777107	-0.0700899509	-0.0405378345	0.0754481523	0.0516123367	0.0039218018	-0.0875179308	-0.0078526298	0.0185119974	-0.0823482188	0.0085495327	-0.0674169508	-0.0803082388	0.0444439555	-0.0894464764	-0.0390705717	0.0191209043	-0.0864172308	-0.1204291024	-0.0308584009	0.0319678223	0.0163803783	-0.0624799626	-0.1267977772	0.0767645319	0.0233961991	-0.0246941388	-0.059728486	-0.0779495102	0.0403454694	-0.0732585767	0.0614817643	-0.0841307219	0.0258998645	0.0324171747	0.0234009655	0.0428058756	-0.1058880873	0.0742826892	0.0222389887	0.0494709697	-0.0216694929	-0.0677478921	-0.0655682408	-0.0594862431	-0.0095090111	0.0029427777	0.0651014729	-0.1307906981	-0.0408688521	-0.026876789	0.0291815593	0.1296105946	0.0790122102	-0.0204062158	0.0265675985	-0.0186269773	0.0832786211	-0.0753511765	-0.0508216319	0.0235485957	-0.0613138393	-0.0546025712	0.0219083161	0.0203827233	0.0002938335	0.0674471042	-0.0715011985	0.0641952066	0.0615574466	-0.022068103	-0.0418944923	-0.0012834952	0.1026827637	-0.0423875133	-0.0426005129	0.0102857262	0.1120890556	-0.0398691617	-0.0482764315	0.0811848102	-0.0727464225	-0.002839983	-0.0091049341	0.0512828264	0.0680461161	0.0737264395	0.0176477607	0.1277172209	0.0558312388	0.0345608796	-0.0551398279	-0.029222092	0.0664856117	0.0374165996	-0.0293060452	-0.0405665013	0.0546256674	0.0719734425	-0.0609274835	-0.0124195451	0.0033906507	0.1434197268	-0.0803544587	-0.0487910784	0.0934428135	0.0269033232	-0.0385043107	0.0964756038	-0.0550247903	-2.7376e-05	0.0195741982	-0.0142723836	-0.0795682081	-0.0885629918	-0.0663501698	0.106207885	-0.0274803956	0.0528915755	0.0424327456	0.000860199	0.042935174	-0.029841571	-0.0205684034	0.0156076999	0.0159322229	-0.0203204719	-0.0022411278	-0.043946426	0.0259809081	0.0235421763	-0.0713829839	0.0580501193	0.0640480842	-0.0623404835	0.0339777015	-0.001755943	-0.0182555894	-0.0119941431	-0.0134224575	-0.0122229847	-0.0165954418	0.016653404	-0.013811547	-0.0482057789	-0.0403752488	0.0908475206	-0.0555720611	-0.0321558829	0.089533037	0.0403841689503536	0.0097199372320062	9.447717979414036e-05	0.0016308811018107	0.3294204501682429	0.0217875377613693	0.1085178329890478	0.000474696801703	0.2442809198446838	-0.0066355710187337	4.403080274465991e-05	0.0596731678001648	-0.0002811733361216	-0.0010453168169252	1.092687247746632e-06	7.905844494575027e-08	0.0023201642898575	0.0003634149747078	1.320704438418709e-07	5.383162331929957e-06	-0.0011441776664654	-0.0004869294925117	1.309142532438208e-06	2.3710033067779897e-07	0.0	0.0	0.0	0.0	0.0	0.0	0.0	0.0	0.0	0.0	0.0	0.0	0.0	0.0	0.0	0.0	0.0	0.0	0.0	0.0	0.0	0.0	0.0	0.0	0.0	0.0	0.0	0.0	0.0	0.0	0.0	0.0	0.0	0.0	0.0	0.0	0.0	0.0
812.7493341281518	4.285180532481263	18.362772195956403	660561.480125754	933.9097930702698	1.804578890302764	872187.501592554	3.256504971326356	771.2544974044076	1.546224085172753	2.3908089215683166	594833.4997665255	773.3549436100498	652.8488424314212	0.95254	33.062824	0.0284361325359736	0.0132690800413696	-0.025274996	-0.0083118615	0.0427356355	0.0109581577	-0.047122838	0.0098459138	-0.011361417	0.1065711576	-0.0525419197	0.0414711676	-0.0516243478	0.0553518617	0.02679564	-0.0699696924	-0.0052017248	0.0349590851	0.0471154975	0.0463920838	0.0182299833	-0.0099172489	0.0493625502	0.0081796068	0.033519983	0.0060534215	0.0231586437	0.0357721067	0.0232717097	-0.0001190238	-0.092277234	0.0028864015	-0.0219811006	0.0613218158	-0.0201493774	-0.0079043349	-0.0485313459	-0.0320390107	-0.0753805948	0.0043531369	0.1472471801	0.0678671524	0.0070843707	-0.0258510417	-0.0062352837	-0.0376985162	-0.0192031306	4.86588e-05	0.0567856122	-0.0573107426	0.0696169204	0.0413200104	-0.0535289849	-0.1024814164	0.0428482671	-0.0185705468	0.0799070465	-0.0894107704	-0.0153608668	0.0964725984	0.0416489638	0.0905647475	0.065950654	0.0480819926	-0.0015226977	0.0249681007	-0.0053064211	-0.0473402982	0.1135500018	0.0209165914	-0.0240882893	0.0317249825	-0.0535166558	0.021936294	0.1564813213	-0.0156330359	-0.0606400899	-0.1603756709	0.0293843269	0.0444213927	0.1449387988	0.0030796415	0.0735309455	-0.0290197853	0.0134501832	-0.0551049902	0.0005165	0.0391287985	0.0467769193	-0.0157587216	0.0407867986	0.0390337425	-0.0394911384	0.0306649595	-0.0149208147	-0.0618628141	0.0280951889	-0.0127577331	-0.03970484	0.0445906816	-0.0627942734	-0.0852920381	0.1364828468	0.022839902	-0.0141603547	-0.1208386015	-0.0783684461	-0.010606273	0.0170013365	-0.064453527	-0.073066176	0.0923884698	-0.0145924326	0.0649189848	0.0209397308	-0.1122573124	0.0097032705	0.085798711	0.0376313579	0.0965153218	0.0962287182	0.0282956434	0.0048442449	-0.0389862563	-0.0199440619	0.018682465	-0.0643438442	0.0011862837	0.0026434333	0.0251552763	0.0803283314	0.1057126105	-0.065869308	-0.0438885458	-0.0992764867	-0.0438628321	0.0160558002	-0.0335095962	0.0250198068	0.0937514376	-0.1025365902	-0.0341846823	0.1262521383	-0.0472649198	-0.001269373	0.0448286907	-0.0207635927	-0.0130204236	-0.0103261067	-0.0157481373	-0.0205466095	0.0063585535	-0.0239053967	0.0293113605	0.0031506535	-0.0371816556	0.0078807847	0.1337520388	-0.0185880914	-0.1007140038	0.1232938261	0.0114074023	-0.0017170113	0.012488486	-0.0063116136	0.076226794	-0.0056398054	-0.042696685	-0.0492163702	-0.0382182304	0.0904261954	-0.0592862243	-0.0264992443	0.0878597406	0.0405300322617705	0.0001458633114169	2.12761056175042e-08	0.0016426835151401	0.3215203836682718	-0.0079000664999711	0.1033753571141927	6.241105070396568e-05	0.2358282866982932	-0.0084526331463906	7.144700710746121e-05	0.0556149808070523	-0.0004421297636115	-0.0001609564274899	2.5906971550311435e-08	1.954787278711609e-07	0.0023977549165734	7.759062671589987e-05	6.020305354166115e-09	5.749228639951912e-06	-0.0011439733291073	2.0433735809996525e-07	1.308674977708839e-06	4.1753755915273434e-14	0.0	0.0	0.0	0.0	0.0	0.0	0.0	0.0	0.0	0.0	0.0	0.0	0.0	0.0	0.0	0.0	0.0	0.0	0.0	0.0	0.0	0.0	0.0	0.0	0.0	0.0	0.0	0.0	0.0	0.0	0.0	0.0	0.0	0.0	0.0	0.0	0.0	0.0
815.5626200561396	2.813285927987863	7.914577712614531	665142.3872328352	939.0853987157544	5.175605645484666	881881.3860811274	26.786893797572745	774.252656456241	2.9981590518333405	8.988957700090195	599467.176029546	776.2735357799669	669.930219329606	0.992876	34.462898	0.0622876538631895	0.0335421157987936	-0.0395872175	-0.0187777752	-0.0114864941	0.0047285256	-0.0347975536	-0.0297138337	-0.0250597168	0.080457169	0.0015160644	-0.0464727745	0.0154199922	-0.0873334065	-0.0187291822	-0.060715085	-0.0809937939	-0.0030303698	-0.0560926237	0.0485483076	0.0042875074	-0.0655010965	0.0180869847	0.0379639603	-0.0063417377	-0.0166025998	-0.0769486471	-0.018275538	0.0078636142	0.0428132445	-0.0475738801	-0.0310920272	-0.0912464443	0.0330358236	0.0424527953	-0.0784203014	0.0934236081	-0.0131639708	0.0085456177	0.0490247894	0.083204459	-0.0337935727	0.1056091291	0.0540831793	-0.0633230303	-0.07898939	-0.0403505208	-0.0360596604	0.065562075	0.0023886584	0.0074643429	0.0195448995	-0.0635046867	-0.0134466907	0.0082154174	0.0661847364	0.159321532	-0.0531733307	-0.0555605321	-0.0740500771	-0.0201337115	0.0175738835	-0.0652180892	0.0634912302	-0.1410576236	-0.0855521704	0.034237581	-0.0457321977	0.0643684875	0.0576415097	0.0868204502	0.0527857028	0.0110880995	0.0080252188	-0.0546041279	0.0228965657	-0.0255031877	0.0022945111	-0.0073921993	-0.0014469058	0.0847583355	-0.0915167306	0.054040157	-0.0016679718	0.0761229112	0.0011016778	0.0088939489	0.0621166069	0.053588245	0.0240073825	-0.0554610283	0.0078959585	0.0740399996	0.0867696932	0.0079533004	-0.0016391501	0.0214925567	-0.0395905047	0.0677885249	0.0375943815	-0.0769280022	0.0476942836	0.010665395	-0.0330947619	-0.0180692523	0.0103271973	-0.0210138065	-0.0586822441	-0.0629974229	-0.0775313462	0.0241855596	0.0604874546	-0.0551105433	0.0684810611	0.0284068077	-0.0753497075	0.012705292	0.0259874566	0.0226074754	-0.0811927466	0.1749128904	0.005850383	0.0457971039	-0.0529762316	-0.0527077774	0.0585643594	-0.0340644398	0.0402693257	0.0112899631	-0.126687549	-0.0158244751	-0.0791058053	-0.0013110125	-0.0430957272	-0.0465965138	-0.1390759146	0.0747190336	-0.0407917865	0.1341230844	0.0056883136	-0.0525713319	-0.0798549397	-0.0895260921	-0.0354435687	-0.0103056372	0.046964513	-0.0315149878	-0.006961942	0.0052544641	0.0203358572	0.00076856	0.0166972161	-0.019555373	0.0052144766	0.0051923629	-0.0833502884	-0.0146886856	-0.0364680138	-0.0332874025	0.142025891	0.0798781943	0.0374292413	-0.0428933825	-0.0587300052	0.0121084676	-0.0162222765	0.0174207915	-0.0285342654	-0.0502185284	-0.0360350191	0.0898654396	-0.0628378881	-0.0207291319	0.0856447597	0.0379539808994451	-0.0025760513623254	6.636040621338558e-06	0.0014405046661154	0.3046513877853414	-0.0168689958829303	0.0928124680795344	0.0002845630220983	0.222439766713407	-0.0133885199848861	0.0001792524673856	0.0494794498155149	-3.279580030664817e-05	0.0004093339633048	1.675542935148578e-07	1.0755645177535442e-09	0.002327019549984	-7.073536658940005e-05	5.003492086536813e-09	5.415019986007737e-06	-0.0010349609263406	0.0001090124027666	1.071144119051793e-06	1.1883703956969198e-08	0.0	0.0	0.0	0.0	0.0	0.0	0.0	0.0	0.0	0.0	0.0	0.0	0.0	0.0	0.0	0.0	0.0	0.0	0.0	0.0	0.0	0.0	0.0	0.0	0.0	0.0	0.0	0.0	0.0	0.0	0.0	0.0	0.0	0.0	0.0	0.0	0.0	0.0
815.058333868983	-0.5042861871565947	0.254304558556936	664320.0876092826	941.4825308957084	2.397132179953928	886389.3559817885	5.746242688170672	772.7433073847668	-1.509349071474162	2.278134619559915	597132.2191079482	775.2001596269816	675.4224946460273	1.005982	34.917805	0.0767844247048358	0.0453879034585602	-0.0372452008	-0.0280283377	-0.0572950079	-0.0133330298	-0.0428064028	0.0315963672	0.023276685	0.0017831442	0.0552191867	-0.0075471413	-0.0748405933	0.0115013918	-0.0132152411	-0.0537355112	0.0324608011	0.0370546055	0.1025103274	-0.0700714366	0.0078052937	-0.0478977455	0.0203934619	-0.0218429361	0.018875316	-0.0293160832	0.003568428	0.0270225108	0.0319414965	-0.0127215572	0.0519046861	-0.0414201221	-7.08808e-05	-0.0688820577	0.0390962868	0.0703938036	0.0109907004	0.067200167	0.0046452678	0.1763978119	-0.063281506	-0.0225021728	-0.1272081327	-0.0071201306	-0.0974664243	-0.0126116858	-0.0349742661	-0.032074596	0.1113833496	-0.0107608007	0.0078510142	-0.0111579987	0.1863192731	0.0715760415	0.0131418606	0.0420647266	0.0169900171	0.0395261159	0.030000931	0.0530239661	-0.0249045111	-0.0650402715	0.0487159276	0.079057935	-0.0996472295	0.0258333333	-0.0082266783	-0.020223113	0.0105262614	0.0252704964	-0.0021283129	0.0630649403	-0.1190392016	-0.0269824898	0.0213611369	0.0095036212	-0.0743855466	-0.0393630194	-0.0519336144	0.0168003183	0.0832648914	-0.1291674247	0.103211819	-0.0176920647	0.0404272622	-0.0208117064	-0.0231343716	0.0104059653	0.0121463883	-0.0321869287	0.0380888514	-0.0024456302	-0.0219815288	-0.1038668052	0.0181467235	0.0282153573	-0.0277659992	0.1005647655	-0.0523270637	-0.0246561089	0.0130430544	0.0193384024	-0.0587346816	-0.0061718064	0.0030746373	0.0438902779	0.1227689488	-0.0830142224	0.0880914532	-0.0092544393	-0.0517756116	0.0075591954	0.0012954073	0.0722139079	0.0705847375	-0.0168714033	0.0352193709	0.0592347434	0.0358156737	0.0739272275	0.0595967173	0.0115954292	-0.0983459669	0.1182913792	-0.0228284682	0.1163392607	-0.0981028031	-0.0340817204	0.0863657632	0.0126188516	0.0588193249	-0.0117656401	0.1381547404	-0.0737768948	-0.0448262872	-0.0248028936	0.0013618262	-0.0471001442	0.1403653395	-0.0805446111	-0.0094191816	-0.1005106516	0.0254686413	0.0553404418	-0.0077408112	0.0458457849	-0.0297511085	-0.0048657669	-0.0313508899	-0.0116259823	0.0079381356	0.0168667966	0.0341943676	0.0204034502	-0.0054792403	-0.0527325995	-0.0367307447	0.0860029753	-0.0193353959	-0.0298201278	-0.0525734454	0.0997076656	0.0375430868	0.0091121284	-0.0063056558	0.0233019069	-0.0085178268	0.0354604514	-0.051212082	-0.0338271112	0.0891661178	-0.0662173176	-0.0148702542	0.0829017503	0.0435190871081374	0.0055651062086923	3.097040711402558e-05	0.0018939109427256	0.3461081519810989	0.0414567641957575	0.1197908528677714	0.0017186632975826	0.2059913031130236	-0.0164484636003834	0.0002705519548131	0.0424324169582015	-0.0001451427258513	-0.0001123469255446	1.2621831679335544e-08	2.1066410867545633e-08	0.0023710876921723	4.406814218830017e-05	1.942001155928241e-09	5.622056843970963e-06	-0.0011448276726077	-0.000109866746267	1.310630399968363e-06	1.2070701935319309e-08	0.0	0.0	0.0	0.0	0.0	0.0	0.0	0.0	0.0	0.0	0.0	0.0	0.0	0.0	0.0	0.0	0.0	0.0	0.0	0.0	0.0	0.0	0.0	0.0	0.0	0.0	0.0	0.0	0.0	0.0	0.0	0.0	0.0	0.0	0.0	0.0	0.0	0.0
812.5293547411792	-2.5289791278038365	6.395735428867454	660203.952316117	937.0273470894656	-4.455183806242758	878020.2491935218	19.848662747407708	773.7340760076432	0.9907686228764304	0.9816224640764586	598664.4203754014	776.0123431500438	670.4900112270864	0.97682	33.905609	0.0604711671884766	0.0342783871647309	-0.0364226484	-0.0260449684	0.0052686701	-0.031379376	0.0569736988	-0.022232843	0.0384782676	-0.0456162827	0.0064224737	0.0401885926	0.0065007998	-0.0168585275	-0.0530481221	0.0333847598	-0.0149172101	-0.040325772	-0.0450494692	0.0654711533	0.0022468387	-0.0457485047	-0.0098262337	0.0323240703	-0.0131633534	0.0429386818	0.0203999214	-0.0285111956	0.0321536667	0.0160237442	-0.0169599063	0.0176651409	-0.0798102674	0.0429971182	0.0573466576	0.0499686846	0.0481481633	-0.0884497888	0.0622057371	0.0843458606	-0.03425943	-0.0983846151	0.1280605123	0.0667469072	-0.1012895579	-0.0437947258	-0.0704111823	0.0398777693	-0.0200055968	-0.0160383385	-0.1065533828	0.0323643201	-0.0108127632	-0.0001620647	-0.0285990616	-0.0048916346	0.0301177835	-0.0676961554	0.0204905144	-0.0052409829	-0.0679091502	0.1122730003	-0.0629228355	0.0112266598	0.0828699905	0.0697079066	-0.0320112486	0.0501499416	-0.0392391756	-0.0286255093	0.056387401	-0.0831320812	0.016090458	0.0115159934	-0.0249585674	0.0806034538	0.0645873223	0.0787034214	-0.0589212765	0.019102932	-0.062713248	0.0622684901	-0.011554399	-0.002836666	0.0454764104	0.0258495008	0.0375876972	-0.0256026966	-0.0665486925	0.0124183627	0.0048248125	0.0138609128	0.0340269827	0.0481901352	-0.0023123513	0.0275101044	-0.0120141675	-0.0730650692	-0.0164558198	-0.1227455575	0.0377357713	0.0775249627	0.1015095533	0.1207362167	-0.0263681069	0.06250934	0.080780667	-0.0069720907	-0.0584659484	-0.1140781818	-0.0122713758	-0.0344716073	-0.0041359956	-0.0542150781	0.0346928475	-0.0277492567	0.0534693952	-0.0374513814	-0.0393881894	-0.0411752072	0.0797167604	0.0013291136	-0.0047857153	0.0111927288	0.0789853741	-0.029242134	0.0574310722	0.0522546585	-0.0027353401	0.0081909091	-0.0491493008	-0.0373705958	-0.0854658637	0.0594689531	-0.0113720633	0.1251903319	-0.0163957471	0.0507618808	0.028515273	0.0041940994	-0.0166751589	-0.0494749846	0.0102750263	-0.0746420068	-0.004936444	0.0345700058	-0.0233979044	-0.0154080543	-0.013403341	-0.0013805845	-0.0176374077	-0.0034804555	0.0049146091	0.0661716434	0.0431529356	0.0047067757	-0.05409671	0.0206058397	-0.0035541541	-0.0113044887	0.0522940012	-0.0142035822	-0.0509063706	-0.0043314138	-0.0625302579	0.0579980214	0.0391973446	-0.0210425625	-0.0521968607	-0.0315960199	0.0883293083	-0.06941525	-0.0089476998	0.0796476241	0.053671998095595	0.0101529109874576	0.0001030816015192	0.0028806833795735	0.34614361254566	3.5460564561107244e-05	0.1198154005061599	1.257451638992455e-09	0.2289520606329915	0.0229607575199679	0.0005271963858907	0.052419046068093	-0.0004460047245501	-0.0003008619986988	9.051794226103675e-08	1.9892021432101058e-07	0.0026157604012071	0.0002446727090348	5.986473454642794e-08	6.842202476523129e-06	-0.0011439216180115	9.060545961999104e-07	1.3085566681540482e-06	8.209349312949829e-13	0.0	0.0	0.0	0.0	0.0	0.0	0.0	0.0	0.0	0.0	0.0	0.0	0.0	0.0	0.0	0.0	0.0	0.0	0.0	0.0	0.0	0.0	0.0	0.0	0.0	0.0	0.0	0.0	0.0	0.0	0.0	0.0	0.0	0.0	0.0	0.0	0.0	0.0
814.2335319922514	1.704177251072224	2.904220103072082	662976.2446205767	943.5297374275798	6.502390338114196	890248.3654101577	42.28108010920085	773.1437136871261	-0.5903623205171016	0.3485276694863369	597751.2020139209	775.6343265282846	665.6128269589852	0.939024	32.593693	0.0663743369476791	0.0312730474126458	-0.0125208866	-0.0226819372	-0.0030752933	-0.0060913553	-0.0639308232	0.0100662518	0.0021010929	0.0001604504	-0.0141662192	-0.0488877929	-0.0763874931	-0.0156002232	-0.0217779739	-0.0790710238	-0.0895676252	-0.0646012879	-0.0172541832	-0.1310826553	-0.0041540768	-0.0299569022	0.0126415898	-0.0188921474	0.0133687079	-0.0273991146	0.0052040546	-0.0425911544	-0.0513774232	-0.0056286206	-0.0106041898	-0.019763104	0.0143600641	-0.0211982821	0.0472794514	-0.0865021047	-0.0456766885	0.0815461704	0.0142903529	0.0104114238	0.0319906629	0.0960912422	-0.1028994449	0.0429101249	-0.0077177694	0.0025132063	-0.0300573564	0.0421294547	0.0382460789	0.0007793588	0.0521936424	-0.0536908935	0.0724998283	0.0815370297	-0.0030856682	-0.0836579705	0.0778965607	0.0260410092	0.0504698356	-0.0394867373	0.0223042717	-0.0250110219	0.0388962235	0.0090951632	0.0398390197	-0.0398980774	-0.0254655282	-0.0427671842	-0.010424382	-0.0468668867	0.0938104882	0.0247574684	0.1592739205	-0.0902326847	0.0700873149	-0.0643472022	-0.0867683219	0.0150132433	0.0281358331	0.0019694959	0.1154542157	0.0236577924	-0.0047935449	0.0005506649	0.0233017233	-0.0200047488	-0.0215054166	0.0015059261	0.0275892749	0.0098199949	0.0317574365	0.0506182007	-0.0330300814	-0.0245431351	0.0582289825	0.0185192241	-0.021649708	0.0973230787	-0.0201156658	0.114746325	-0.0438990843	-0.045244962	-0.0719501646	-0.0227247168	-0.0327327932	-0.014284954	-0.0306485258	-0.0361788414	0.0834889926	-0.0972309799	-0.0107840734	0.0243604002	-0.0333025163	0.0335211808	-0.0351537135	-0.0378266275	-0.0420727108	0.017228243	0.0450694307	-0.0443916475	-0.0091737431	-0.0477405264	-0.049831563	0.0310361369	-0.0404272652	0.0001484472	0.0462581262	-0.0046263449	0.0430021861	0.0298838949	0.036002892	0.006813318	0.0905671434	0.13109523	0.0100084183	-0.0761794173	0.0353245245	-0.0806295048	-0.0606493261	0.0744633194	-0.0382368568	0.0328892637	0.0203390941	0.0365011192	-0.0052091656	0.0313091234	-0.0200911252	-0.0036303349	-0.0214233179	-0.0125268023	-0.0037339961	0.0099291877	0.015673116	0.0085648287	0.0055585614	-0.0817688883	-0.0145794222	0.0875125602	-0.0424866957	-0.0217979796	0.0134558416	0.0156071214	-0.0292979806	-0.0089095955	0.0238110416	1.35342e-05	0.0294942669	-0.0186191975	-0.0531726956	-0.0293432743	0.0873563013	-0.0724229201	-0.00298683	0.0759024438	0.0560101506376895	0.0023381525420944	5.46695731010296e-06	0.0031371369744566	0.3313845254527479	-0.0147590870929121	0.1098157037095429	0.0002178306518161	0.249930824258044	0.0209787636250524	0.0004401085232358	0.0624654169143052	-0.0002779582238817	0.0001680465006684	2.8239626386894564e-08	7.726077422346925e-08	0.0025421135248668	-7.364687634029993e-05	5.42386239468343e-09	6.462341173310707e-06	-0.0008196483212678	0.0003242732967437	6.718233705571226e-07	1.0515317098102777e-07	0.0	0.0	0.0	0.0	0.0	0.0	0.0	0.0	0.0	0.0	0.0	0.0	0.0	0.0	0.0	0.0	0.0	0.0	0.0	0.0	0.0	0.0	0.0	0.0	0.0	0.0	0.0	0.0	0.0	0.0	0.0	0.0	0.0	0.0	0.0	0.0	0.0	0.0
814.7182293328757	0.4846973406242796	0.2349315120082489	663765.7932072963	936.5365897541496	-6.993147673430144	877100.7839483324	48.90411438240144	772.3300101263565	-0.8137035607696816	0.662113484809259	596493.6445417779	774.6706260514085	670.679223261319	0.942995	32.731537	0.0996653636597401	0.0694105122242348	-0.017784383	-0.0084369042	-0.0285277839	0.0085966126	0.0477146255	-0.0105789673	0.0136219681	0.0080733011	0.0105574554	0.0029251861	0.0043535878	-0.001686275	0.0109485408	0.0482721439	0.0464597875	0.0951294626	0.0100575705	0.0819916918	0.0069969948	-0.031645826	0.028688299	0.0129970751	0.0203589002	0.0251139691	0.0224900009	0.0781538002	-0.0021116857	-0.0001357275	-0.0217421795	0.0192611112	0.00807462	0.0127370962	-0.0500570918	0.0007021948	-0.0370703282	-0.0501206231	0.022583181	0.0261939975	-0.0017093872	-0.0625260282	0.0625874532	-0.026752244	-0.0520010581	-0.024098042	0.0179708502	0.025311673	-0.1023000443	-0.0346439685	-0.0828105107	-0.0341396286	-0.0136391976	-0.0990136025	-0.0680963134	0.0783960806	0.0154309715	-0.0630322253	0.0391574729	0.0634485379	-0.0309053063	-0.0697636602	0.1354551194	0.0072677762	-0.0200634834	-0.143035663	0.0180253586	-0.0310753346	0.023580901	-0.0252867268	0.0378452617	-0.0171228607	0.0759707101	0.0199004384	-0.0800577082	0.0440199598	0.0265959497	0.02056241	-0.0189904487	0.0769723167	0.1305505964	0.0141169862	-0.1626059588	0.0026837203	0.0409969695	-0.0177844453	0.0123842796	0.0139921995	-0.0362643113	-0.0073983588	-0.0255129203	-0.0322751983	0.0208151987	0.0051407163	-0.0253343257	-0.0571843999	0.0405378401	-0.0744710037	0.0463987125	-0.0753454447	0.0240246977	0.0240447756	0.0268748694	0.0645301712	0.0088130494	-0.0058886215	-0.0177342167	0.0449832828	-0.0217108863	0.0358303989	0.0763241397	-0.0214622347	0.0274146744	0.0145603584	0.0214620983	0.0049656456	0.013070634	-0.1109844134	-0.0684192453	-0.0425868435	0.0016916775	0.0322399701	0.0939862703	0.0412462837	-0.1414169346	-0.041976231	0.0267384396	0.0238990534	0.0214328645	0.0651229791	-0.0761320813	0.1018496441	-0.0028490744	0.0466299428	-0.0702953722	-0.0617630667	0.0269065497	-0.0554989005	0.0223094082	0.0535854269	-0.0362050623	0.0379517901	-0.090508904	-0.0211440526	-0.0056459263	0.0273951664	-0.0346815599	-0.008585114	0.0075973584	0.0403103075	0.0151337176	0.0115049667	0.0094837069	0.0516534804	0.0226423094	0.0188112266	-0.0222880654	-0.029274067	0.0091370007	0.048903392	0.0800046193	0.0814529613	-0.0245320376	-0.0169645414	0.0208123176	0.0267641533	0.0056035551	0.0048174119	-0.0541394198	-0.0270704183	0.0862485974	-0.075232084	0.00298683	0.0716892996	0.0666830832758051	0.0106729326381156	0.0001139114910977	0.0044466335951679	0.3457433150475282	0.0143587895947803	0.1195384399000543	0.0002061748386271	0.2517760933490933	0.0018452690910492	3.405018018381872e-06	0.0633912011821313	0.0010356378687106	0.0013135960925923	1.725534694473758e-06	1.072545795107434e-06	0.0026450611547115	0.0001029476298446	1.059821449064132e-08	6.996348512163733e-06	-0.0008588720455467	-3.92237242789e-05	7.376611906215727e-07	1.538500546307169e-09	0.0	0.0	0.0	0.0	0.0	0.0	0.0	0.0	0.0	0.0	0.0	0.0	0.0	0.0	0.0	0.0	0.0	0.0	0.0	0.0	0.0	0.0	0.0	0.0	0.0	0.0	0.0	0.0	0.0	0.0	0.0	0.0	0.0	0.0	0.0	0.0	0.0	0.0
814.0889516190834	-0.6292777137922485	0.395990441075599	662740.8211482584	936.9594469680528	0.4228572139031712	877893.0052626794	0.1788082233499523	772.0736971543614	-0.2563129719950439	0.0656963396129321	596097.7938376046	774.3496060188089	674.2410639457655	0.905083	31.415609	0.095918282509924	0.0583598360700729	-0.0306841764	-0.0248815774	-0.0321153544	-0.0203433779	-0.0239410226	0.0422047173	0.0101538296	0.0015821996	0.0014901549	-0.0237872865	-0.0276962603	-0.0012449033	-0.0515703583	-0.0578766137	-0.0563657058	-0.0086644455	-0.0226091469	-0.0507109846	0.0061320658	0.0236780888	0.0146732128	-0.0239382666	-0.0204083906	-0.0230215379	-0.0232688034	-0.0121758441	0.027715735	-0.0715474444	0.045892771	0.0185668964	0.0221905809	-0.0507141827	0.04680259	-0.0368228812	-0.0192650478	0.0671370881	0.0433550178	0.0528936831	0.0061140294	-0.0215212067	-0.0380696131	-0.1436118035	-0.0192285024	0.0452210001	0.0564435943	0.0178922991	-0.1694034258	-0.0883413959	-0.0503594089	0.08126058	-0.0072328644	0.0793503426	0.1222018724	0.0441459416	-0.054881458	0.0328548733	-0.0031991419	-0.0884511649	-0.0099812532	-0.0272352244	-0.0049405135	-0.0162870991	-0.0543119843	-0.0573099198	-0.1148164982	-0.0441092833	0.0315364162	-0.0095049054	0.0136339456	-0.0445491251	0.0163864486	-0.0555661404	-0.0235558801	-0.022517068	0.0322780573	-0.0867446616	0.0134308747	-0.0053249087	-0.0076119779	0.0223277325	0.0962980298	-0.0089721455	-0.0130917569	-0.0203061333	-0.0100676674	-0.0098412542	0.0402665937	-0.0067756212	-0.000264734	-0.0212244379	-0.0433305688	-0.0243937413	-0.0050253585	0.0432130311	0.016999912	-0.0040302506	-0.0105590274	-0.0132062435	-0.0469695712	-0.0116046158	-0.0404117134	0.0601215077	-0.0438177204	0.0807543475	-0.0046456947	-0.0670383667	0.0377266641	0.0960939997	0.012085459	-0.008725193	0.0154774254	0.000578981	-0.0424036361	0.0156870525	0.0884677046	-0.0317714732	-0.1516665909	0.0454336815	0.0442897184	-0.1379377877	0.0130345753	-0.0188286774	-0.0511745186	0.0143195548	0.1280955657	-0.0013340977	-0.0551685447	-0.105158619	0.0434651027	0.0345131296	0.0990748398	0.0421515247	0.0934068294	-0.0292125468	-0.0043059837	-0.0578059795	0.0314116026	-0.071097946	-0.0602315687	0.0226324213	0.1086836151	-0.0537310693	-0.0083454904	0.0278439804	-0.0276758783	-0.0032094399	-0.0063139878	-0.0042627588	0.0012229719	0.0027761219	0.0592992452	0.0372186461	-0.0334211563	-0.0262588034	0.0068672818	0.0626795143	-0.0367278538	0.0068849427	-0.0183079671	-0.0143104067	-0.015331921	0.020634865	-0.0265962297	0.0224678496	0.0150309623	0.0636265729	-0.0550968674	-0.0247790096	0.0850079043	-0.0778350419	0.0089476998	0.0670341672	0.0693784625213425	0.0026953792455373	7.26506927727373e-06	0.0048133710618253	0.3387101031769077	-0.0070332118706205	0.1147245339941114	4.946606921703717e-05	0.2705635620595643	0.0187874687104709	0.0003529689805469	0.0732046411143596	9.094735468109632e-05	-0.0009446905140295	8.92440167297328e-07	8.271421323489134e-09	0.0025279517130805	-0.0001171094416309	1.3714621319124549e-08	6.390539863666635e-06	-0.0011451165435521	-0.0002862444980054	1.3112918983167089e-06	8.193591263836352e-08	0.0	0.0	0.0	0.0	0.0	0.0	0.0	0.0	0.0	0.0	0.0	0.0	0.0	0.0	0.0	0.0	0.0	0.0	0.0	0.0	0.0	0.0	0.0	0.0	0.0	0.0	0.0	0.0	0.0	0.0	0.0	0.0	0.0	0.0	0.0	0.0	0.0	0.0
812.6266750742137	-1.4622765448697237	2.138252693676137	660362.1130421717	935.580203380649	-1.379243587403835	875310.3169577766	1.9023128733945995	771.3080081701873	-0.7656889841740622	0.5862796204855072	594916.0434674618	773.5375977008013	672.418319693835	0.901478	31.290466	0.0787524322624088	0.0439496249199334	-0.0114351788	-0.019209159	-0.0196037094	-0.0097796995	0.0237982421	-0.0319327103	0.0209984958	-0.0169797298	-0.0181376661	0.0148498949	-0.0077213694	-0.0295123783	-0.0071906972	-0.0228742195	-0.0084238015	-0.0062497399	0.0444756352	0.0415783286	0.0315215118	0.0006369275	0.0376800691	-0.0098262981	0.0260521468	-0.0085531352	0.0398603689	-0.0345724719	-0.040510023	-0.00161018	-0.0156087977	0.0400470836	0.0035697333	-0.0045592618	-0.0233740821	-0.0681027914	-0.083590147	-0.0030101558	0.0125377015	0.0938418408	0.0063304114	0.0331707533	0.0056212737	-0.0038899554	-0.1442283953	-0.029447602	0.0229044137	0.0345035295	-0.011227683	-0.0242497329	-0.0207542196	-0.014328551	-0.0588477891	-0.030955947	0.0365089235	0.0213434137	-0.0967522864	0.0240400071	-0.065346329	0.0155190216	0.0673748865	-0.0340502071	0.0468362557	0.0847610283	-0.0553601006	0.0078024839	-0.0060518359	0.0423931532	0.2175508831	0.0392775496	0.0478125054	-0.0262082962	0.0692055806	0.1137118216	0.0714932337	-0.0415751552	0.0668959066	0.0601844441	0.0002990019	-0.0948438385	-0.0258159842	0.045151766	0.0994773439	-0.0298703612	-0.003447274	-0.030978918	-0.0027048744	0.0077021554	-0.0455373586	0.0148458699	0.0060857501	0.007773981	-0.0022546662	-0.0185891618	0.0379852629	-0.0043193465	0.0409144592	0.0446499171	0.0228794578	0.0359514869	0.0059691604	0.0237657586	0.0410382093	0.0364547337	0.0004291649	0.0007596932	-0.0418219118	-0.0862893089	-0.0019184175	-0.0610299334	-0.0226004634	0.0003986001	-0.0246669718	0.077068151	0.0131402082	-0.0248437062	-0.0425364828	-0.0821247744	0.0014879751	-0.0218563632	0.0450646468	-0.0142495233	0.1179538086	0.0214383833	-0.0867007037	0.041201332	0.0198666356	-0.0412927988	-0.104798744	-0.0313936005	0.0105397422	0.0465540022	0.0070333808	-0.0336569135	0.0116104689	0.0626908471	-0.1008450922	0.0088324002	0.0740191697	0.1682395065	-0.0338704648	0.0104350304	0.013667125	-0.0408405099	-0.0057471858	0.0095110976	-0.0121616001	0.005087639	-0.0118091033	0.0076605336	0.0044620784	-0.0061765415	-0.0003602317	0.0622835688	0.0216034082	-0.0390619527	-0.0356379538	0.0319673153	-0.0198648807	-0.0074453676	-0.0146780567	0.0382097106	-0.0477609299	0.0127239347	-0.0049142246	0.0600430792	0.0177690388	-0.0086214378	-0.0560448744	-0.0224706185	0.0836361352	-0.0802246594	0.0148702542	0.0619657467	0.0549955355203479	-0.0143829270009945	0.0002068685891159	0.0030245089271698	0.304649024259561	-0.0340610789173467	0.0928110279823025	0.0011601570970137	0.274929565155162	0.0043660030955977	1.906198303076873e-05	0.0755862657964064	-0.0003850787056644	-0.0004760260603454	2.266008101280541e-07	1.4828560955616958e-07	0.0024862212874767	-4.173042560380027e-05	1.7414284210743091e-09	6.181296290302299e-06	-0.001144024564532	1.0919790201001714e-06	1.308792204252632e-06	1.1924181803389305e-12	0.0	0.0	0.0	0.0	0.0	0.0	0.0	0.0	0.0	0.0	0.0	0.0	0.0	0.0	0.0	0.0	0.0	0.0	0.0	0.0	0.0	0.0	0.0	0.0	0.0	0.0	0.0	0.0	0.0	0.0	0.0	0.0	0.0	0.0	0.0	0.0	0.0	0.0
813.2432485168077	0.6165734425940173	0.3801628101122379	661364.5812581703	938.6780304057831	3.097827025134165	881116.4447664804	9.596532277651594	772.1292431990702	0.8212350288828247	0.674426972664174	596183.5682031688	774.8492819384646	666.1534862328289	0.915964	31.793259	0.1019996974419049	0.0654527142064017	-0.0059701818	0.0020250187	0.0166057831	-0.012783504	-0.0006204729	-0.0019445974	0.0020247579	-0.0369002824	-0.0195881582	-0.0411771931	-0.0676105037	-0.005654615	-0.0218005502	-0.0706816968	-0.0999164253	-0.0567488912	-0.0491828687	-0.050640439	0.0097635736	-0.0022876228	0.0292287896	-0.0239252909	-0.0158949263	-0.0171041611	-0.0389983694	-0.0017896342	0.0082985371	-0.0499217073	-0.0251570224	0.0569395478	-0.023782137	-0.0815519992	-0.0227375903	0.0310227739	0.05379738	0.0391735393	0.0341177284	-0.0167927165	0.0252487376	0.0583749935	-0.1613904623	0.0764919881	-0.0369447875	0.1383366997	0.0185974354	-0.04823551	-0.0003652751	-0.0208341559	0.0720639603	-0.1964709042	-0.1121764014	0.006972299	-0.0089775057	0.035947975	-0.0499786972	-0.1139498432	0.0105945715	-0.0638529809	-0.1022917912	0.0163405669	-0.0123538144	0.0459235608	0.0549820821	-0.0156272239	-0.0457411236	0.0127093956	0.0712218612	-0.0368379076	-0.1087618565	-0.0893331403	0.0086108115	-0.0176150732	-0.0433507146	0.0616387797	-0.0010591611	-0.0926752984	-0.0531140478	0.066260224	0.0298244539	-0.057421011	0.0246150725	-0.0074024624	0.0010873551	-0.0354239055	-0.007349907	-0.0178304566	0.0210198304	0.0029431817	0.0458639014	0.0293182871	0.0090033176	0.0383798152	0.0212416258	0.022072901	0.0132050474	0.1128375546	-0.0199358021	-0.0320012623	-0.0326677958	-0.0507210016	-0.1412698854	-0.0798318544	-0.0609000587	0.0591080237	0.0439601153	-0.00422752	0.0113085974	-0.0232853453	-0.0417477199	-0.0221722216	-0.0128023093	0.0416833011	-0.1679079854	-0.0480319857	-0.0031101949	-0.068573839	0.0151863905	-0.013016455	-0.0498867695	0.0957761026	0.0313553334	-0.1448211759	-0.0234063574	0.0886715259	0.1326150279	0.062346363	-0.0065696856	-0.0278743314	-0.0110774163	-0.0130253447	0.0198004565	0.0415134716	-0.0136767906	0.0495097286	-0.1499972439	-0.026228693	0.0498848431	-0.0360538683	-0.0560234784	-0.0160790222	0.0402069825	-0.0135894377	-0.0007058656	0.0089957108	-0.003389791	0.0024411047	0.0033278631	0.008698536	0.0327668913	0.013602357	0.026175319	0.0635009057	-0.0092024131	0.0186556432	0.0364276498	0.0203190087	-0.0172537321	-0.0089759993	0.0468987752	-0.0223429661	0.0203745152	0.0080887916	0.082471855	0.0227362336	-0.0467675495	0.0095357935	-0.0569832784	-0.0201468273	0.0821354052	-0.0823943867	0.0207291319	0.0565152869	0.0483799267436495	-0.0066156087766984	4.376627948632893e-05	0.0023406173117208	0.3451219914408767	0.0404729671813157	0.1191091889761165	0.0016380610724598	0.2748061939536512	-0.0001233712015107	1.522045336221627e-08	0.0755184442352917	0.000651959439163	0.0010370381448274	1.0754481138270553e-06	4.2505111031373366e-07	0.0025421335341169	5.591224664019999e-05	3.1261793243545554e-09	6.462442905281679e-06	-0.001146829178712	-2.804614180000175e-06	1.3152171651452406e-06	7.865860698658054e-12	0.0	0.0	0.0	0.0	0.0	0.0	0.0	0.0	0.0	0.0	0.0	0.0	0.0	0.0	0.0	0.0	0.0	0.0	0.0	0.0	0.0	0.0	0.0	0.0	0.0	0.0	0.0	0.0	0.0	0.0	0.0	0.0	0.0	0.0	0.0	0.0	0.0	0.0
815.6861984741822	2.4429499573744806	5.968004494235976	665343.974381263	942.0904476281368	3.4124172223536107	887534.4115121831	11.64459129941553	773.9030513620734	1.7738081630031957	3.146395399136772	598925.932907528	775.8858338590376	668.5086526229402	1.00999	35.056938	0.0472200943925337	0.0230772023502802	0.0012220665	-0.0028614301	-0.0022147364	0.0428944851	-0.0016700117	-2.71316e-05	-0.0295627874	0.0669456708	0.006378295	-0.0162391021	-0.0172621583	0.0349271059	0.0802510086	0.0971397012	0.1020159219	0.0474029029	0.047135406	0.0468253532	-0.0019665258	-0.0523890568	0.0045750649	-0.0015898812	0.007628177	0.0113520137	-0.0307178316	-0.0839971302	0.0140062242	0.0126760548	0.00071438	-0.000639501	-0.0276758283	-0.0476977344	-0.1159819336	-0.0245778013	0.0742206475	0.1083525934	0.0135901161	-0.1451126783	-0.0588026105	0.0933883516	0.0986497407	0.0926626688	0.0669344845	0.073546673	0.0333471502	-0.1213465144	-0.0865591967	0.0420070607	-0.0271117887	0.1153638904	0.0107960699	0.077477418	-0.0056243443	-0.0607204878	0.1308980267	0.0721520319	-0.0788994905	-0.0481962999	-0.1059039058	-0.036431465	0.1062801914	-0.1189318587	0.0898467181	-0.1057206535	-0.0842204645	0.0143546118	-0.0325202144	-0.092861599	0.0104192957	0.0356434538	-0.0249440271	0.079359243	-0.0517119268	0.2054055989	0.1243069102	-0.1493167697	-0.0752675349	0.0362908534	-0.0094395003	-0.0363855919	0.0842952093	0.0036876242	0.0408623063	-0.0007498899	-0.0265584293	0.0076374066	0.0180263319	0.0267813131	-0.0355731112	0.0863151083	0.0249550505	-0.0058091947	-0.0348673818	0.0056704542	0.0238872044	-0.0174334042	0.1649165206	-0.0450943738	0.0064572986	-0.0090933565	0.0128755137	-0.0766855705	0.0771971447	-0.0753289353	-0.058079887	0.018176682	0.0473816236	0.0233645233	0.0207973698	-0.0997256905	-0.0175616351	-0.1163750553	0.0070433704	-0.0461014772	0.082690622	-0.1093718432	-0.0468693357	0.0137554849	-0.2280788196	-0.0817527561	-0.1597520542	-0.0250304302	0.0266928056	-0.0798903214	0.0619468261	-0.0564573446	0.0235933949	-0.0125917774	-0.1325151484	-0.0990102645	0.0329419857	-0.0382539401	0.0299250047	-0.0712389289	0.0168214766	-0.0483308715	0.0221646015	-0.0997483322	0.03222347	-0.0817260003	0.0576539888	-0.0663986242	0.0005239608	0.0060554122	0.0009484234	0.009815413	0.0103885538	0.0368891954	0.0306503662	-0.012510294	0.0099102935	0.0380871432	-0.0130635577	-0.0086495952	0.0464121263	-0.0317770364	-0.0331897883	0.048772228	0.0561134023	-0.0011310982	-0.0289653766	0.0304232285	0.0611135775	-0.0067703922	-0.0092499545	0.0013862428	-0.0579119187	-0.0178092284	0.0805080284	-0.0843382767	0.0264992443	0.0507163915	0.0543881628073279	0.0060082360636784	3.609890059688575e-05	0.0029580722535564	0.3331942577753466	-0.01192773366553	0.1110184134144641	0.0001422708303958	0.2838997686562265	0.0090935747025753	8.26931008713179e-05	0.0805990786430589	0.0003678478011956	-0.0002841116379674	8.071942282851898e-08	1.353120048444377e-07	0.0024853052312581	-5.682830285879976e-05	3.2294560058114683e-09	6.176742092518878e-06	-0.0010839581203232	6.287105838880002e-05	1.1749652066146052e-06	3.952769982927901e-09	0.0	0.0	0.0	0.0	0.0	0.0	0.0	0.0	0.0	0.0	0.0	0.0	0.0	0.0	0.0	0.0	0.0	0.0	0.0	0.0	0.0	0.0	0.0	0.0	0.0	0.0	0.0	0.0	0.0	0.0	0.0	0.0	0.0	0.0	0.0	0.0	0.0	0.0
815.6025790471789	-0.0836194270033274	0.0069922085723648	665207.5669484097	940.0136862603904	-2.0767613677463714	883625.7303568476	4.31293777856378	773.5577150378144	-0.3453363242589375	0.119257176852674	598391.5384945245	776.4967262880646	667.9086774324866	0.921222	31.975773	0.0585319801410941	0.031259545733381	0.0028752481	-8.25948e-05	-0.0246798122	0.0134424846	-0.0385780939	0.0151992476	-0.0120633277	0.0353173935	0.0249236994	0.0367156272	0.019611536	0.0440519739	0.0209082298	-0.0236405465	0.0101297469	0.0855625668	-0.0103282107	-0.051959985	-0.0175797458	-0.0078738295	-0.019778123	0.0263147399	-0.0136077662	-0.0132629911	0.0103392535	0.0027001102	-0.03491442	-0.0398019751	0.0326464498	0.0005613312	0.0136792621	-0.0103728145	0.0109569894	0.0080433058	-0.0681971808	0.0395228617	0.1310094119	0.0161859572	-0.0594430649	0.0218197891	0.002007344	0.0050321743	0.0827093875	0.0021072273	-0.037091908	-0.0691966139	0.1697086471	0.034114944	-0.0768498578	-0.0528597849	-0.1640059423	-0.0617040796	0.0665482612	-0.0610832487	0.0323906923	-0.0021987516	-0.0270969763	0.057139408	-0.0300035696	-0.1102988136	0.0335745507	-0.0397803229	-0.0539460133	-0.0582297683	-0.0765086749	-0.0268851707	-0.0228733089	0.0094346168	-0.06718373	0.0614324383	-0.0012863162	-0.0626155715	0.1313867943	-0.0488943075	-0.0601111204	-0.0168279653	0.0165423515	-0.0185676561	0.0181242322	0.0263975862	-0.0114371032	0.0070330551	0.0107246007	0.0122745749	0.0228942094	0.006418636	0.0494162329	-0.003525569	0.023202803	0.0177196416	-0.0475241737	-0.0416478623	0.02054348	-0.0003886165	0.0285938256	0.0017974013	0.0217521421	0.0312019043	-0.0158885961	-0.0476419767	-0.0242153503	0.1091554398	-0.0195607664	0.0124994105	0.0598334222	-0.0066744276	-0.0362458281	-0.014007792	0.0068038213	-0.0663561463	0.1135920301	0.0195993964	0.0904507475	0.0359944401	0.0270098613	0.0245710629	0.1032100863	-0.1194032873	-0.1210986461	-0.0092147766	0.0282986978	-0.0578608357	-0.0614301986	0.0830977895	-0.0479521572	-0.1195081896	-0.0629042837	0.074316408	0.0951303899	-0.0305430002	-0.0283149517	0.0339062298	-0.0259770793	-0.0257146272	-0.0158136942	-0.0935047118	-0.0053128297	0.0296433423	-0.0518988254	-0.096544404	0.0483285707	0.1359135644	-0.0056404127	-0.0033631556	-0.0068421629	0.0316505699	-0.0106969114	-0.0164109392	0.0130672776	0.0086990171	0.021940972	0.0259510038	-0.0249436276	-0.0413569414	-0.0069553495	0.0248142464	-0.0040091229	0.0148544074	-0.0011382349	0.0431577559	-0.0223841239	0.0719514768	-0.0033565522	-0.0215401602	0.0308936527	0.0128636908	-0.058830636	-0.0154594239	0.0787565141	-0.0860510014	0.0321558829	0.0446048127	0.0376344052912571	-0.0167537575160708	0.0002806883909072	0.0014163484616266	0.3274020333153373	-0.0057922244600093	0.1071920914190172	3.354986419513027e-05	0.2583295484282075	-0.025570220228019	0.0006538361625093	0.0667341555911216	0.0002209236668392	-0.0001469241343564	2.1586701256377485e-08	4.8807266569677846e-08	0.0024853807047893	7.54735311999169e-08	5.6962539117848304e-15	6.177117247738958e-06	-0.0011452740711755	-6.131595085229983e-05	1.311652698106904e-06	3.759645828921648e-09	0.0	0.0	0.0	0.0	0.0	0.0	0.0	0.0	0.0	0.0	0.0	0.0	0.0	0.0	0.0	0.0	0.0	0.0	0.0	0.0	0.0	0.0	0.0	0.0	0.0	0.0	0.0	0.0	0.0	0.0	0.0	0.0	0.0	0.0	0.0	0.0	0.0	0.0
814.8916657191197	-0.7109133280591777	0.5053977600121761	664048.4268584816	939.4528626721316	-0.5608235882588133	882571.681182863	0.3145230971474909	774.4472119528754	0.8894969150609313	0.7912047619029137	599768.4841015819	776.341641213076	670.4858493591156	0.897336	31.146709	0.0590243780580223	0.0428853216489088	0.0060565146	-0.0093113	-0.0195610292	0.0149549595	0.030046437	-0.045938396	0.006291947	-0.0321493768	0.0258376928	-0.0246727045	-0.0239276156	-0.0298858269	-0.0224755961	0.0470964888	0.046016108	0.0047401856	0.0171060125	0.0278371813	-0.0213751362	-0.0523383872	-0.0126698387	0.0375790712	0.0191236239	0.031726825	0.0253674881	-0.1194135645	0.0424914653	-0.0452173322	0.0122320106	0.0318638868	-0.0255305816	0.0533744887	-0.0461076053	-0.1056834195	-0.052577118	-0.1340550296	-0.002066148	-0.0050859759	-0.030472567	0.0562650397	0.0308376491	-0.0909254162	-0.0553687183	-0.1185286352	0.0200787891	0.1117829919	-0.0444547327	0.0949504294	-0.1002240046	0.0409709476	0.0368158657	-0.0129672162	0.0118972244	-0.032470131	0.0307522359	0.1355215271	-0.0077725513	-0.0111962511	-0.013435087	-0.0064265962	-0.0273290432	-0.1523417016	-0.0261713263	-0.0355404704	-0.0507922984	-0.0905463034	0.0195717434	-0.0295213724	-0.0822038059	-0.1008611701	0.1160173009	0.125709073	-0.0056910983	0.0001812888	0.0236720023	0.0286871735	-0.0691396302	0.029420286	0.0555880494	0.0602692299	-0.1095424818	0.0221463397	0.0389811675	0.0322230192	0.02090885	0.0205432272	-0.0580065074	0.018405282	0.0058193861	0.0568167503	-0.0212311083	-0.0066686061	-0.0107282998	0.0748803635	-0.0042674832	-0.0032657551	0.0649416654	-0.0308523921	0.0536566286	0.0397998889	0.0950324135	0.0791298334	0.0154974179	0.0141187703	-0.1133809168	0.0914774169	0.073267656	-0.0654528468	0.0191021162	-0.0552122515	-0.0107325288	0.0050508599	0.0863100135	0.0483563393	-0.0598647237	-0.1419687662	-0.0280446012	0.0160916183	0.0619451382	-0.1188229906	-0.0134276586	0.0923156109	0.0278774503	0.0103703436	0.0537249705	-0.005237295	-0.0649494963	-0.0598756447	-0.0226911666	0.0051571952	-0.1473962282	0.0692098389	0.0586136743	-0.0095719598	0.0494582215	-0.0907386572	-0.047138511	-0.0394031501	-0.0416155122	0.1431021902	-0.0845932458	-0.1250938839	-0.0071198573	-0.0096774765	0.000528938	0.0278187912	-0.0052141785	0.0050344821	0.0162844882	-0.0072179008	0.0015312307	0.0618710272	0.0328767452	-0.0360396296	-0.0553539838	0.0225841625	-0.0202668656	-0.0285766422	0.027379118	0.0252099629	-0.0708310198	0.0174406107	-0.000762749	0.0664719066	0.034838174	-0.0785842003	-0.059739273	-0.0130990243	0.0768835629	-0.0875278662	0.037674825	0.0382182304	0.0415157468417675	0.0038813415505104	1.5064812231718512e-05	0.0017235572358297	0.3215379125223876	-0.0058641207929496	0.1033866291892545	3.4387912674304765e-05	0.2988248751731248	0.0404953267449172	0.0016398714881776	0.0892963060222336	0.0001029562079434	-0.0001179674588958	1.3916321358332262e-08	1.059998075408462e-08	0.0025429442094715	5.756350468220017e-05	3.3135570712976812e-09	6.466565252484633e-06	-0.0011451332553606	1.408158148998289e-07	1.3113301725327651e-06	1.982909372590288e-14	0.0	0.0	0.0	0.0	0.0	0.0	0.0	0.0	0.0	0.0	0.0	0.0	0.0	0.0	0.0	0.0	0.0	0.0	0.0	0.0	0.0	0.0	0.0	0.0	0.0	0.0	0.0	0.0	0.0	0.0	0.0	0.0	0.0	0.0	0.0	0.0	0.0	0.0
815.0721923092946	0.1805265901748498	0.0325898497601581	664342.6786758796	945.3044214730312	5.851558800899625	893600.4492564622	34.24074040038585	773.3444883769885	-1.1027235758868985	1.215999284816788	598061.697703066	776.0611164176551	673.8420672909557	0.892444	30.976896	0.0789819065859732	0.0525458211829289	0.0101763655	0.0103053886	-0.0037400835	-0.0096749899	-0.0080604792	-0.0116130534	-0.0022447559	-0.0347834929	0.0380140346	4.60074e-05	-0.0313858167	-0.0074875134	-0.0256880497	-0.0507952573	-0.0160841646	-0.0466445147	-0.0419050573	-0.0680265059	-0.0207813605	-0.0061857121	-0.0063414132	-0.0099137448	0.0457105388	-0.0023396118	-0.0112441366	-0.0229510077	0.021098865	0.0006760593	0.0379448618	0.0167952651	-0.0184565679	-0.0421114796	0.0287874656	-0.0454247812	-0.0243950255	-0.0107483894	0.0244216242	0.027029855	-0.0653044612	0.0342928323	-0.0906019153	0.0728378365	0.0407606566	-0.035145627	0.0063985519	0.0122139615	0.0140237113	0.0548253511	0.0285287853	-0.0108804591	-0.0756934359	-0.0277149825	-0.054389547	0.0046267506	0.0621327788	0.0304875887	-0.0034596921	0.0544612528	0.0320032716	-0.0306981617	-0.0329942413	-0.0540573355	0.0059122382	-0.0982290627	0.0084590561	0.0914437351	0.0266161186	0.0058220721	-0.0277067585	0.0361263543	-0.0282515574	-0.0483576876	-0.1609661968	-0.0046845168	-0.0628974272	-0.0466079086	0.0951811738	-0.0502147493	-0.0512055874	0.0917888905	-0.0713002967	0.016076327	0.00329628	0.0074236511	-0.0120129295	0.0165593952	-0.0027948662	-0.0139400242	0.0234156933	0.0240485049	-0.0004803864	0.0015897653	0.0213825924	0.0746799104	-0.0172625769	0.0266547397	-0.025992657	0.0216831356	-0.0771865175	-0.0017877985	-0.0399734435	0.0001882415	-0.0099271753	0.0418955582	0.0496033549	0.056114006	0.09572803	-0.0492461245	0.0374579548	-0.012538524	0.0061041007	0.0391792269	-0.0288684552	0.0193071182	-0.0021103744	-0.0967247713	0.0694683173	-0.0335187509	0.0067432582	0.0033458451	0.0837105358	-0.0256941471	-0.0347113424	0.0236643006	-0.0580254883	-0.0086675315	-0.012922158	0.0608509362	-0.0247446334	-0.0794293089	0.0256955237	0.0911432003	0.0163235893	-0.1622419837	-0.0074015913	-0.001440148	-0.0113374858	0.0388462554	0.0473228321	0.1064567188	-0.0560504829	0.0380840457	-0.0117954137	-0.0115559151	0.0076270087	0.0393718757	-0.02120668	-0.0278756839	0.0195650722	0.0239095433	0.0206291791	0.0502656865	-0.0020900136	-0.0429591517	-0.0175428844	0.0075448064	-0.0296232315	0.0285118358	-0.0032134269	0.0266246997	-0.0435263739	-0.0079495978	0.0492684525	-0.046267375	-0.0097396138	-0.0230203545	-0.060637674	-0.0107296473	0.0748920628	-0.0887648233	0.0430324377	0.0315960199	0.0410500777629465	-0.000465669078821	2.168476909699989e-07	0.0016851088843439	0.3297653042400696	0.0082273917176819	0.1087451558805456	6.768997447618233e-05	0.2481816431865411	-0.0506432319865836	0.0025647369460469	0.0615941280147716	3.309266231756871e-05	-6.986354562583129e-05	4.88091500741261e-09	1.095124299264632e-09	0.0024859866741218	-5.6957535349700175e-05	3.244160833112345e-09	6.180129743911168e-06	-0.0008790420602784	0.0002660911950822	7.727149437384943e-07	7.080452410027344e-08	0.0	0.0	0.0	0.0	0.0	0.0	0.0	0.0	0.0	0.0	0.0	0.0	0.0	0.0	0.0	0.0	0.0	0.0	0.0	0.0	0.0	0.0	0.0	0.0	0.0	0.0	0.0	0.0	0.0	0.0	0.0	0.0	0.0	0.0	0.0	0.0	0.0	0.0
815.2019598595508	0.1297675502562469	0.0168396170995075	664554.2353588527	936.1875697177668	-9.116851755264406	876447.1656940584	83.11698592746768	772.6066625694979	-0.7378258074905943	0.5443869221991476	596921.0550467779	775.0671530322147	668.3440126725478	1.008845	35.017197	0.1760056481412951	0.1047815421139874	-0.0331748917	0.0020787137	0.0048620794	-0.0129784059	-0.0406836234	0.0202963542	-0.0005931315	0.0326138636	-0.0158042012	0.0429337494	-0.0449678993	-0.0047915547	0.0449513308	-0.0189460227	0.1157955059	0.0704464101	0.045745621	0.0167154642	0.0021290863	-0.0439634122	0.0537281331	-0.0122034094	0.022999496	-0.0184752652	0.009440661	-0.057870534	0.0362475671	-0.0225938125	0.0242992477	0.0276883897	-0.0709112517	-0.0629416711	0.0328693143	-0.1008094552	0.0218633809	-0.0768600071	-0.1789884148	-0.1410073852	-0.0778759759	0.044752289	-0.0222182297	-0.0148543063	0.1613276625	0.0402600969	-0.1165952305	-0.0922849658	-0.0023931713	0.0024401964	0.0569631492	0.0458814629	-0.0074334194	-0.0193243452	-0.1147269122	-0.0343570413	0.038155014	0.111892071	0.1722960624	0.045287951	-0.039199099	0.00968111	0.0538913701	0.0300511491	-0.0010483781	-0.0600540303	0.0614146066	-0.003679151	0.0141982631	0.0154038005	-0.043985219	-0.0551439646	0.0074315528	-0.0568794734	0.077467795	0.0555674151	0.0464838863	0.0788371112	0.0529825001	-0.059821647	-0.0915197238	-0.0093991888	-0.0728213883	-0.0056128148	0.0411290176	-0.0512217298	0.0054647848	0.0161969048	0.0223686416	-0.0097194549	0.0696638998	0.0618995291	-0.0054220607	-0.0078149023	0.0259764107	0.0429550744	-0.0004466347	0.0335271077	0.029479983	0.0332467136	-0.0241133815	0.0841169877	0.040176417	-0.1271720256	0.0930720782	-0.0113841144	-0.0667796378	0.1729821989	0.0842550109	0.0635485413	0.02451006	0.0285236859	0.0885181148	-0.1483094252	0.0467797118	-0.1497717914	0.0122203378	0.0686368716	0.0380141725	0.0879050532	-0.0902914116	-0.081685495	-0.0529399661	-0.0409910266	-0.0166757273	0.0156097816	-0.0708908359	0.0509792555	0.0449978316	0.0810445112	-0.078858491	-0.0904030821	0.009792095	-0.0264677799	-0.0695121779	0.0058940016	-0.037715262	0.0654820492	-0.1398473358	-0.0461915876	-0.0032740441	0.0354482448	-0.0177480488	0.0585581108	-0.0193985709	0.0148433881	0.0102146527	0.0542813488	-0.0266418071	-0.0892153977	0.0082887873	0.0209973853	-0.0093635022	0.0347072049	-0.001710315	-0.0569070532	-0.0210827842	0.0513688821	-0.0219947535	0.0313041136	0.0252119321	0.0450368573	0.0328159042	-0.030716949	-0.0412849308	0.0221847439	-0.0513739202	-0.0340921488	-0.0615256851	-0.0083529168	0.0727850846	-0.0897584821	0.0482057789	0.0247790096	0.0264158235167002	-0.0146342542462463	0.0002141613973437	0.0006977957320654	0.3415298541983276	0.0117645499582579	0.1166426413087309	0.0001384046357203	0.1744824781900718	-0.0736991649964693	0.0054315669211768	0.0304441351953488	0.0011283410781132	0.0010952484157956	1.1995690923028406e-06	1.2731535885576589e-06	0.002331857367823	-0.0001541293062987	2.3755843060149293e-08	5.43755878387041e-06	-0.0011478179169904	-0.000268775856712	1.317485970564181e-06	7.224046115126957e-08	0.0	0.0	0.0	0.0	0.0	0.0	0.0	0.0	0.0	0.0	0.0	0.0	0.0	0.0	0.0	0.0	0.0	0.0	0.0	0.0	0.0	0.0	0.0	0.0	0.0	0.0	0.0	0.0	0.0	0.0	0.0	0.0	0.0	0.0	0.0	0.0	0.0	0.0
816.3559357145969	1.153975855046042	1.3316602740292436	666437.013776455	941.6162741304648	5.428704412698039	886641.2077073387	29.470831600447163	772.9034686766361	0.2968061071381953	0.0880938652345298	597379.7718923758	775.3838652599177	669.9914822560615	0.935853	32.483639	0.1809654287822828	0.0866739945465276	-0.0132342896	0.0351906112	-0.0258011572	-0.0237142909	-0.0298387513	-0.0069350209	-0.0189504427	0.0518909813	0.0029670609	0.04601664	-0.0013480991	0.0497594348	0.0159807135	-0.0699732363	-0.0029114011	0.1252508566	-0.0555402935	0.0147625573	-0.0003029294	-0.027564307	0.0220472422	-0.0236510516	0.031957391	0.0075721114	-0.0018772356	-0.0101057658	0.0589025581	-0.0061912597	0.021175506	0.0042761943	-0.026895235	-0.0992614309	0.0199089421	0.0490984328	-0.0360333742	-0.0966429598	-0.0159411407	0.0735902353	0.0280838687	-0.1165837816	0.0625413349	-0.0240008512	0.006544593	0.0163852971	0.0467829699	0.0090203039	0.0631145604	-0.0404163538	-0.0381626137	0.1060455966	0.017822094	-0.0362223373	-0.0144443003	-0.0157443273	-0.0355878238	-0.0859573673	-0.0116243844	-0.0388456689	0.0321234664	0.0452994643	-0.138959842	-0.163918013	-0.0670690919	0.0045963714	0.016115603	0.0352327142	0.0356654206	-0.0788174265	0.0149764933	0.0149241842	-0.056965214	-0.0297994208	0.0301321577	-0.0766555873	0.0981078512	-0.0091288317	0.1111515461	0.0261424921	-0.0352140188	-0.0099154043	0.0797755944	0.0007587236	0.0256864719	-0.0298780895	-0.0142431934	0.0092511517	0.0201741242	-0.0190844522	0.0356001465	0.0368256443	-0.0513580178	0.0220269757	-0.0188500401	0.0475522462	0.0167653643	0.0011743062	-0.0091634793	-0.0643625426	-0.1242005004	0.0386053396	0.0719484925	0.1013909124	-0.0627332017	0.0015613736	0.0566575634	-0.0524497642	-0.1400681445	0.0411070616	-0.0105986872	0.069268616	0.081019262	-0.0618830322	0.1063433024	0.0894306694	-0.0452605349	0.0130339542	0.0011024816	-0.0250596651	0.0041500237	0.0008511262	-0.0240900507	-0.0169688988	0.0343857498	0.0275201368	-0.0646813924	-0.0135671988	-0.0440171189	-0.1200653962	-0.0767137975	0.0572768205	-0.0004196298	0.021341359	0.1075896813	0.0373442361	-0.0241345521	0.0501249145	-0.019122604	0.0112886735	-0.0007933685	0.0316963701	0.0250916535	-0.0214299752	-0.0260951613	-0.0059985799	-0.0100707702	0.0471835594	-0.0118091348	-0.0478054727	0.0275774847	0.0247580521	0.0201708917	0.0728070026	-0.0126354457	-0.0442873999	-0.0213165219	0.0224508764	0.0344934462	0.0032707084	0.0532031665	0.0594267942	0.0160714838	0.0246035376	0.0214975555	-0.0210767466	-0.0756964106	0.0217673187	-0.062403154	-0.0059704615	0.0705658771	-0.0905061192	0.0531726956	0.0178092284	0.0495244592118382	0.0231086356951379	0.0005340090436906	0.002452672060225	0.2864976109800921	-0.0550322432182355	0.0820808810973001	0.003028547793631	0.2307605575894911	0.0562780793994193	0.0031672222208873	0.0532504349390128	0.0015661272515512	0.000437786173438	1.916567336534866e-07	2.452754568051316e-06	0.0028236053352572	0.0004917479674341	2.418160634756669e-07	7.972747089292925e-06	-0.001149213185508	-1.3952685176000371e-06	1.320690945745445e-06	1.946774236205806e-12	0.0	0.0	0.0	0.0	0.0	0.0	0.0	0.0	0.0	0.0	0.0	0.0	0.0	0.0	0.0	0.0	0.0	0.0	0.0	0.0	0.0	0.0	0.0	0.0	0.0	0.0	0.0	0.0	0.0	0.0	0.0	0.0	0.0	0.0	0.0	0.0	0.0	0.0
814.4721154231346	-1.883820291462257	3.548778890524943	663364.8268018359	940.548831515842	-1.0674426146227916	884632.1044658158	1.1394337355127415	771.4053786318201	-1.4980900448159673	2.2442737823767067	595066.2581821018	773.975117852798	671.1399160031216	0.953696	33.102947	0.112497810648702	0.0603819088315795	-0.0017078607	0.0246704116	-0.0031886038	-0.0338297433	0.0719656362	-0.0208518407	-0.0161178347	-0.0700591251	0.0164532875	-0.0470564796	-0.0402318552	0.0070733036	-0.0264629587	-0.0068518358	0.045860374	0.0022131047	-0.0137219901	0.0216968358	0.0065884055	0.0247186694	0.0119931317	0.004579836	0.0154398858	-0.0306550556	0.0011058728	0.0163300717	-0.0181922986	-0.024075633	0.0344458568	0.0091692168	-0.0079596002	0.0280766717	-0.0332081542	-0.0250723694	0.0772865202	-0.013542752	0.0270375096	-0.0768366755	0.0048716956	-0.0340737483	0.0224844648	0.0415789503	0.1593566069	-0.0841333237	0.0397790912	-0.1449904962	-0.0085704187	-0.034806003	0.0261926702	0.0251617076	-0.0870487181	0.0312386118	-0.0166140755	-0.022078516	-0.120589445	-0.0039496525	-0.0515247422	0.0742628952	0.0424351061	-0.0315390068	0.0337530222	-0.0383192909	0.0036491343	0.0064369662	0.0705974566	0.0184815779	0.0617298512	-0.0586535334	-0.0050716343	-0.0537835204	0.0528869831	0.0173502282	0.0006990743	-0.0610005857	0.094320779	0.0473121448	0.0163696935	0.0503966312	0.0597933023	-0.0591834337	0.108740393	0.0073197161	-0.0140320677	-0.0167108632	0.0055121391	0.0033222625	-0.0181247687	0.0334897821	-0.0093067716	-0.018748074	-0.0567242505	0.0186007917	-0.0034138699	0.0002124906	0.0479553633	-0.0769109969	0.0275982283	0.0270367593	-0.01434398	-0.0155856979	-0.1762211552	-0.0833924801	0.0402628064	-0.0225856088	0.0053123545	0.105362075	-0.0450989517	0.0298607895	0.0596501141	0.0790784083	0.1051507044	-0.0207879905	0.0283868246	-0.0135679513	0.012529025	-0.0537374877	0.0155412762	0.0206361367	-0.0259047013	-0.0637695271	0.0031997287	-0.0543483874	-0.0080951067	-0.040124471	-0.0517597644	-0.0011276989	-0.061225565	-0.0230856255	-0.0250025703	0.1437170345	-0.0737890028	-0.0281283105	-0.0028017259	0.0166941822	0.0204297263	-0.0944152757	-0.0490680004	0.0957549742	-0.0278224414	-0.1052867707	-0.0407794456	0.0806799003	-0.0190574535	-0.0141468367	-0.0009338306	0.0376063028	0.0138342416	-0.0157176287	0.0101893996	0.0192228108	0.0124346592	0.0813404239	0.0026123403	0.018088376	-0.0064794608	-0.0661881996	0.0378226232	0.0720076582	0.0367745119	0.0254063843	-0.0344874253	0.0350629473	-0.0222828492	-0.0610188721	-0.0261711317	0.0583047776	-0.0632699305	-0.0035839144	0.0682378621	-0.0910056853	0.0579119187	0.0107296473	0.047739527767078	-0.0017849314447601	3.1859802624937256e-06	0.0022790625114236	0.3376403203173765	0.0511427093372844	0.1140009859040206	0.0026155767183579	0.2597399146244186	0.0289793570349274	0.0008398031341578	0.0674648232491002	0.0020660661191724	0.0004999388676211	2.499388713583676e-07	4.268629208792101e-06	0.0027128206056088	-0.0001107847296483	1.2273256323269061e-08	7.359395638215696e-06	-0.001150305844873	-1.0926593649999462e-06	1.3232035367489863e-06	1.1939044879220856e-12	0.0	0.0	0.0	0.0	0.0	0.0	0.0	0.0	0.0	0.0	0.0	0.0	0.0	0.0	0.0	0.0	0.0	0.0	0.0	0.0	0.0	0.0	0.0	0.0	0.0	0.0	0.0	0.0	0.0	0.0	0.0	0.0	0.0	0.0	0.0	0.0	0.0	0.0
813.7586135860428	-0.713501837091826	0.5090848715334106	662203.0811854785	936.3215603812376	-4.227271134604393	876698.0644347557	17.869821245459516	770.9384646142213	-0.4669140175988104	0.2180086998302622	594346.1162217329	773.7569609481923	669.5976648960137	0.931104	32.318779	0.0974442423249442	0.0523647499159573	0.0062268469	0.026675349	0.0070974158	-0.0188120682	-0.0240723096	0.045464374	0.0039309939	-0.0320082948	-0.0143797994	0.0481683761	0.0059379899	-0.0136378666	0.0037600492	-0.0426715418	0.0695439414	0.037437224	-0.0414285593	-0.0415696846	-0.0007159107	0.0583313529	0.0142759907	-0.0269084922	-0.0006728327	-0.0736924184	0.0499554527	0.0122428745	-0.0107749828	-0.0075308952	0.131704396	0.0323993496	0.0434386642	0.0538234192	0.0307954784	0.0010810729	0.0490590376	-0.0767481202	0.0079572099	-0.0123856754	0.0306240311	-0.0612465649	-0.0759845293	-0.0573003095	-0.0318271646	0.0615431847	-0.0064229861	-0.1631844459	0.0954838951	-0.009919726	0.0152353906	0.0692904464	-0.0097393617	0.0091782883	-0.0162981864	0.0508149173	-0.133954629	-0.0375339617	0.0111709963	-0.117609791	0.0525760105	0.0806540927	0.040399348	-0.0509270571	0.0542447588	-0.0085002818	-0.078294282	-0.0213112364	-0.0338856979	0.07066821	-0.0377047131	-0.1027546545	0.0520179971	-0.0037242359	-0.1154138681	0.0644061038	0.0554941987	0.0593954967	-0.009634198	-0.0169793742	0.0065661713	0.0374280828	-0.0565395268	0.003813628	-0.0527101797	-0.0335769381	-0.0065111293	-0.0118873699	0.0070258095	0.0330865665	0.0592937919	-0.0397420956	-0.0215073318	-0.0499418139	0.0432233198	0.0605587934	4.33054e-05	-0.1018925954	-0.0124922801	-0.024036052	0.03125095	0.0650850249	-0.0867592195	-0.0157694288	-0.0795988437	0.0024534333	0.0097291894	0.02647574	-0.0411232385	0.081811093	0.0006030944	0.0049195311	0.0167805176	0.0730923924	0.1249680363	-0.0259667833	-0.0087363888	0.0260392129	0.0687762025	0.0227059786	-0.0573066908	-0.0468762485	-0.0064162017	-0.0861962657	-0.0704132866	-0.0493009514	0.1000469356	-0.0183703878	0.0357995505	-0.0880975221	-0.1046615901	0.0554435136	0.0541223754	0.0122798565	-0.0164655061	0.0822566128	-0.1128808645	0.0216958987	0.0820048178	-0.0621769335	0.1380014948	0.0760483149	0.0397963182	0.0546019314	-0.0150108392	-0.0216406954	0.0149578457	0.0486561419	-0.0133668166	-0.0483832379	0.0115639694	0.0339219043	0.0523329665	0.055339537	-0.0440102685	-0.0184184086	0.0581275833	0.0176691732	0.002066036	0.0620198018	-0.0551545093	-0.0373477558	0.0038199509	0.0945998449	0.0307075811	-0.0873575023	-0.0553246189	0.0575689292	-0.064125866	-0.0011949111	0.0658046293	-0.0912558111	0.062403154	0.0035839144	0.036750298691615	-0.010989229075463	0.000120763155673	0.0013505844539229	0.3449902226583674	0.0073499023409908	0.1190182537298698	5.402106442210301e-05	0.2388346133308232	-0.0209053012935953	0.000437031622176	0.0570419725248838	0.0011329329445995	-0.0009331331745728	8.707375214884979e-07	1.2835370569588938e-06	0.0024843520374928	-0.0002284685681159	5.2197886616975284e-08	6.172005046194627e-06	-0.001147911395264	2.394449608999951e-06	1.3177005713769434e-06	5.7333889300400186e-12	0.0	0.0	0.0	0.0	0.0	0.0	0.0	0.0	0.0	0.0	0.0	0.0	0.0	0.0	0.0	0.0	0.0	0.0	0.0	0.0	0.0	0.0	0.0	0.0	0.0	0.0	0.0	0.0	0.0	0.0	0.0	0.0	0.0	0.0	0.0	0.0	0.0	0.0
812.4774436356776	-1.2811699503652108	1.6413964417187965	660119.5964167656	932.6359122433646	-3.685648137873045	869809.7448060128	13.584002196207043	773.008816688138	2.070352073916752	4.286357709971394	597542.6306775954	775.4009483170336	658.6101949223843	0.955551	33.167347	0.0933356854848929	0.0560962727946132	0.0138386225	0.0374489279	0.021068408	0.023147674	0.0077081602	0.0030883341	-0.0283369418	-0.0275810876	-0.0565736488	-0.000767926	-0.0313411402	0.0059420152	0.0121702	0.0144835126	0.0226038144	-0.0597198587	-0.0241891997	0.034542135	-0.0212427869	0.0273089551	0.0101717814	0.0005910793	0.0667925273	0.0139672735	0.0213057666	-0.0285686838	0.0185929686	0.0070326436	-0.0208111205	0.0811316688	-0.0508216893	0.049290186	-0.0053132596	0.0635729852	-0.0046674664	0.019122128	0.00020367	0.0879205558	-0.0469233041	-0.0444765162	0.1129722532	0.0496044017	0.0268589316	-0.0165997093	-0.0201009696	-3.3798e-05	-0.0325576501	0.0230000447	-0.0888841468	0.0896598907	-0.0388081016	-0.0450956221	-0.0613310209	0.0459155244	-0.0176686666	-0.0748384934	0.0791849599	-0.1289361103	-0.0334907311	0.0014298546	-0.0649576128	0.0402240796	0.0352017977	-0.0633306231	-0.0212282428	0.0071391945	0.1317609627	0.0280157275	-0.0393525288	-0.0865211273	0.0224777079	0.055754998	-0.0515627775	0.0371379465	0.0547962114	0.0279886332	0.0776993091	0.2095695131	0.0411611265	-0.0453339746	0.0404165284	0.0298047658	-0.0221958486	-0.0096269494	0.004400152	0.0145902526	-0.0442716762	0.0106477092	0.0298556209	0.0132162444	-0.0247610199	0.0581111815	0.0179615179	0.0480878528	0.0685465917	-0.0566596773	-0.0023630485	-0.0671543849	0.0202219698	0.0146015879	0.0401714822	0.006127424	0.0819543017	0.0135443369	0.0572423833	-0.0374000272	-0.0843368997	-0.043689233	-0.025533667	-0.0543933353	0.122503819	-0.0566179634	0.0205019387	0.016573102	-0.0136661156	-0.0424696933	-0.0374813512	-0.0888695335	0.0150569719	0.003483738	-0.0043226968	-0.0230758752	-0.0403161933	-0.0607496612	-0.0240086539	0.1029039187	0.0023495051	0.0245408196	-0.1537596622	0.0041286627	0.0306920354	-0.0657286282	-0.013014421	0.0517145378	-0.075112012	-0.0876505325	0.0122701347	-0.0665897872	-0.1241451288	0.0756011814	-0.1061306579	-0.117143505	-0.0215532973	-0.0382118103	0.0139348771	0.0631249034	-0.0107683316	-0.0322889478	0.0232266428	0.0094739922	-0.0198926022	0.0803678273	0.0020349212	-0.0148995818	-0.022432975	0.0412286114	0.0008864801	-0.0245455073	0.0634229014	0.0459269101	-0.003333119	0.022863329	-0.0241637472	0.0514044648	0.0122631794	-0.0007463518	-0.0649708138	0.0011949111	0.0632699305	-0.0912558111	0.0666271694	-0.0035839144	0.0455600120324248	0.0088097133408098	7.761104914724218e-05	0.0020757146963946	0.2945700433867699	-0.0504201792715974	0.0867715104608835	0.00254219447778	0.2576289545782089	0.0187943412473856	0.0003532272629231	0.0663726782370608	0.0009459950122774	-0.0001869379323221	3.4945790540862095e-08	8.949065632537181e-07	0.0026029628282788	0.0001186107907859	1.4068519690880252e-08	6.77541548540117e-06	-0.0011472310858701	6.803093939001213e-07	1.3161391643866887e-06	4.628208714287504e-13	0.0	0.0	0.0	0.0	0.0	0.0	0.0	0.0	0.0	0.0	0.0	0.0	0.0	0.0	0.0	0.0	0.0	0.0	0.0	0.0	0.0	0.0	0.0	0.0	0.0	0.0	0.0	0.0	0.0	0.0	0.0	0.0	0.0	0.0	0.0	0.0	0.0	0.0
816.0893288745581	3.611885238880518	13.045714978842977	666001.7927029266	940.9568080195676	8.320895776202974	885399.7145583733	69.23730651843249	774.9701760879478	1.961359399809794	3.8469306952222353	600578.7738257849	777.3866549081176	668.7676835446102	0.958992	33.286793	0.0710124152858853	0.0506605943856506	0.0241645128	0.0498271574	-0.0230869782	0.0290900684	-0.0310278052	-0.0209315973	-0.0664013611	0.0841238897	-0.0118685397	-0.015248668	0.0501441231	-0.0325969438	0.0416329844	-0.0461190012	-0.0301088983	0.075017907	-0.0899245875	-0.0180051486	-0.0322107996	-0.0107937443	-0.0344449635	-0.0025377375	0.011154858	0.0100016671	-0.1124886313	-0.0885163113	0.06887787	0.0293865738	0.0429491979	-0.0192321788	-0.0600780015	0.0322998787	0.0154873553	-0.0015363556	0.1266898353	-0.0543688902	0.0560750183	0.0230752487	0.0673172059	-0.0708967909	0.0032053598	0.0480680898	0.0101333657	-0.0953653916	-0.0422424494	-0.0422454249	0.003548956	0.0352473075	0.0119993708	-0.0276511084	-0.0852599171	-0.0530113218	0.0526119311	-0.0065181592	-0.0440064003	-0.0043555163	0.0191097917	0.1076712223	0.054218217	-0.0077398024	-0.0325129037	-0.0565108957	-0.0503046942	-0.0133052858	0.0555499194	-0.0480263119	-0.0973821458	0.1164302843	0.018641678	0.0170758188	-0.0824062234	0.0704152391	0.01279066	-0.0465091578	-0.0193525752	0.0579690595	-0.0172351411	-0.0733816762	-0.0869032709	-0.042187825	-0.0737044796	0.0361916226	0.0018746876	0.0210684313	-0.0234149771	0.0329281157	0.0617399264	-0.0036965723	-0.0201473048	0.0473071481	0.0768838473	0.0861407112	0.021322879	0.1256409954	-0.0449690925	-0.0526642559	0.0657107299	-0.0236613551	-0.0322798617	0.0021444499	0.0338984099	-0.0153710224	-0.0846439764	-0.0275757074	0.0377739616	0.0139548407	-0.0450241339	-0.0172202268	0.0770466249	-0.0159982719	0.0176523032	0.1082308432	0.0297167386	0.0257194061	0.0088690348	0.0873804471	-0.0574267209	-0.0571546184	0.0087433812	0.0146116276	0.0736770557	0.0158872675	0.0484836882	0.0675816993	-0.1162293755	-0.0641483947	0.0244775867	0.0362842071	0.0482673096	0.0240557113	-0.0401770323	-0.0762448685	-0.0525438979	0.0165917109	0.0690065089	0.1146382899	0.0190993697	-0.1020871649	0.1156658396	-0.0147710072	0.0019877443	0.0745212363	-0.0230944438	-0.0517702163	0.0098138997	0.0601540506	-0.0039425136	-0.0067061154	0.0176812178	0.0117776663	0.003496337	0.0560220441	-0.0184718205	-0.0776525697	0.0192770507	-0.0357731238	-0.0185272618	0.0918076346	0.0741714426	-0.0318391356	-0.050784006	0.0089282474	0.017595513	-0.0379638174	-0.0366545899	0.0014227873	-0.0658046293	0.0035839144	0.060637674	-0.0910056853	0.0705658771	-0.0107296473	0.0485223812336954	0.0029623692012705	8.775631284636593e-06	0.002354421480588	0.3065193995327888	0.0119493561460188	0.0939541422899414	0.0001427871123043	0.3049716034562948	0.0473426488780859	0.0022413264027937	0.0930076789147035	0.000828027180725	-0.0001179678315523	1.3916409281175404e-08	6.856290120193918e-07	0.0026600296719687	5.7066843689899775e-05	3.256624648727454e-09	7.075757855753909e-06	-0.0011471049399022	1.261459678999089e-07	1.31584974314803e-06	1.5912805217404848e-14	0.0	0.0	0.0	0.0	0.0	0.0	0.0	0.0	0.0	0.0	0.0	0.0	0.0	0.0	0.0	0.0	0.0	0.0	0.0	0.0	0.0	0.0	0.0	0.0	0.0	0.0	0.0	0.0	0.0	0.0	0.0	0.0	0.0	0.0	0.0	0.0	0.0	0.0
815.5310927118985	-0.5582361626595684	0.3116276133008801	665090.9631798632	933.6372505984324	-7.319557421135187	871678.515705	53.57592084129519	774.5961639328193	-0.3740121551285256	0.1398850921838842	599999.217179439	776.5477538022972	671.8527710179463	0.968774	33.626312	0.0883066872233764	0.0443924241162183	0.0315658263	0.0191798108	-0.0636187456	0.0311690273	-0.0500141276	0.0008473374	0.0001466709	-0.0275332928	0.0386209651	-0.069148029	-0.0358030956	-0.0134597713	-0.050691341	-0.0836382994	0.0594446505	-0.0146041331	0.0888796006	-0.0717961613	-0.0501334269	-0.0196119854	-0.0014375269	-0.0248387469	0.0394155114	-7.38915e-05	-0.0291008014	-0.0872727038	0.0134738822	-0.0413029007	0.147157953	0.0491060331	-0.037290301	-0.0105093074	-0.0257330163	0.004403997	0.0171298527	0.0431066072	-0.0002073173	-0.0205328034	0.0271801627	-0.0064169231	-0.097464281	-0.0045948157	-0.0008795738	-0.0448732527	-0.0862540802	-0.0248011458	-0.066122223	0.0801761683	0.0883029618	-0.100403447	0.0512304157	0.0519836061	0.0665574132	0.1371401128	0.0179290574	0.0004823011	-0.0193911195	-0.0236346741	0.0585988271	0.0327610228	0.0073659744	-0.0969420345	0.1224956182	-0.0247140378	0.1657368454	-0.0240990346	-0.0739423026	-0.0675060257	0.0252289948	-0.0263230911	-0.0379955022	0.0196059925	0.0024740106	0.0337757231	-0.1104353552	-0.0526318793	0.0450916906	-0.0772315481	0.0726250699	-0.0121837098	0.0135138745	0.0416007719	0.0049115442	0.003216813	-0.0183002589	0.0239433034	0.0161880434	-0.0366569813	0.0087158379	0.0707836114	-0.0513016988	-0.0911489263	0.0573555768	0.1380659928	-0.0304870441	0.0009819864	0.0377172499	-0.0194919817	0.0298334174	-0.0157672471	-0.0800887888	-0.0520655205	0.0519952557	-0.0102600347	0.0576157709	-0.0023512899	0.0288547678	-0.0114731573	0.1140157896	-0.0044691987	-0.0711420029	0.0964680483	-0.0306249521	0.0015301731	0.0265373926	0.0985365306	-0.0136673968	0.0641193879	0.0099197123	-0.0248916557	0.0290126399	0.0038108993	0.0801470739	-0.0311008417	-0.0117656756	0.0072686404	0.1210446418	-0.0241855522	-0.0322573272	0.0345992159	-0.0346913034	0.0390115437	0.045919583	-0.0588639127	-0.0981505464	0.01369492	-0.0763000257	-0.0260769887	0.0433966854	-0.007009235	-0.0352368132	0.0220537826	-0.0199743248	-0.0555638759	0.0157525676	0.0804801318	-0.0300549848	-0.0202350237	0.0306352928	-0.00101485	0.0210427436	0.0446262592	-0.0137708778	-0.072149271	-0.0078725247	0.0551697621	-0.0141103905	-0.0057617226	-0.0923632355	0.0930706536	0.0091024654	0.0607707013	0.019959011	-0.0027471604	0.027891453	0.0161859087	-0.0666271694	0.0059704615	0.0579119187	-0.0905061192	0.0742024108	-0.0178092284	0.045069268626122	-0.0034531126075734	1.1923986680582384e-05	0.0020312389744935	0.3267350274798986	0.0202156279471097	0.10675577818229	0.0004086716132959	0.2717082222722666	-0.0332633811840282	0.0011064525277939	0.0738253580503554	0.0010266526435316	0.0001986254628066	3.9452074475136056e-08	1.0540156504704226e-06	0.0024320185180557	-0.0002280111539129	5.198908630873765e-08	5.914714072165844e-06	-0.0009462502469285	0.0002008546929737	8.953895298122473e-07	4.0342607689559295e-08	0.0	0.0	0.0	0.0	0.0	0.0	0.0	0.0	0.0	0.0	0.0	0.0	0.0	0.0	0.0	0.0	0.0	0.0	0.0	0.0	0.0	0.0	0.0	0.0	0.0	0.0	0.0	0.0	0.0	0.0	0.0	0.0	0.0	0.0	0.0	0.0	0.0	0.0
813.7676915228849	-1.7634011890136208	3.1095837534146518	662217.8557664851	946.019374295116	12.382123696683609	894952.6565417228	153.3169872399737	774.0331090988958	-0.563054833923502	0.3170307460046224	599127.2539813032	777.1959062636623	674.1897093866712	0.967907	33.596214	0.0683582792108653	0.0370572321229807	0.0277536077	0.0611782657	-0.0378844556	-0.0378057959	0.105815016	-0.0305487857	0.0104800255	-0.1258859536	0.0236448361	0.0029395334	0.0174778839	-0.0160995553	0.0291266172	-0.0853749934	0.0243596661	0.0365812535	0.0024419551	0.0194384941	-0.03780958	0.021198718	-0.0250304362	0.03049977	0.0417208681	0.0058054299	0.0853991056	-0.1076897988	0.0855257731	0.0631337283	-0.0228846496	0.1181259367	-0.0025423926	-0.0172902487	-0.0567835308	-0.0672552675	0.0016159755	-0.0285289125	-0.048401651	-0.0028747026	-0.0194333846	0.034989851	0.0500136074	0.014077619	0.0587124564	-0.0673836002	-0.0599629324	-0.0191441223	0.013777715	-0.0163858211	-0.078147803	0.0349276135	0.0269468103	0.0739972175	0.026923815	0.025939989	0.0895576142	-0.0239494556	-0.07099652	0.1086849565	-0.0863206451	-0.0635300239	0.0496896787	0.0143945085	-0.0893870754	-0.0595016485	0.0915892267	0.0402856546	-0.111634637	0.0346368071	0.0081854133	0.0450554109	0.083251838	-0.0484281577	-0.0025159541	-0.1626036186	-0.1599085082	0.0513282985	-0.0481050563	0.0056657308	-0.0076573234	0.0322548829	-0.0358784379	0.0360604361	-0.0286324095	0.0227170225	0.0442498604	-0.0125095242	-0.1239856965	0.0316368933	0.0731771493	0.0113508592	-0.0065699429	-0.0245253514	-0.0161651581	0.1155199883	0.0403364165	-0.0215917094	0.0399281193	-0.0008458394	-0.0625504267	-0.0049601925	0.0837697194	-0.0235475671	-0.0301835083	-0.0271347302	-0.0606856401	0.026940806	0.0118120411	-0.0494392579	0.0388239369	0.0675953638	0.0123765025	-0.0249819208	0.0156530476	0.0319956055	0.1134845455	-0.0185597142	-0.0164378012	-0.0416583975	0.0046981121	0.0599700654	0.0767176628	0.0754427238	0.0191282417	0.0593310524	-0.0385686267	-0.019043312	0.1051941311	-0.00675212	0.127898985	-0.0866224099	-0.0202122901	0.0955212041	-0.033525831	-0.1352599392	0.1459739722	-0.0055810817	-0.0348224867	0.0757329638	0.025438503	-0.0322318931	-0.0318092224	0.1370447268	-0.0261945223	-0.0702729663	0.018112034	0.0663950815	-0.0294563962	-0.0260717074	0.0218415979	0.0284238253	-0.0034454496	0.1216666099	0.024412039	0.0094101708	-0.0389288261	-0.0349814405	0.0160762631	-0.0337912315	0.0526744179	0.0573626096	-0.0111942644	0.0246032332	0.0208641641	0.0041119824	-0.026357192	0.014952975	-0.0674382934	0.0083529168	0.0550968674	-0.0897584821	0.0775211985	-0.0247790096	0.0494144129690852	0.0043451443429632	1.8880279361185117e-05	0.0024417842090792	0.3205177973030402	-0.0062172301768583	0.1027316583879927	3.865395107203848e-05	0.3034766122175654	0.0317683899452987	0.0010092305997165	0.0920980541630505	0.0008990068440207	-0.0001276457995109	1.6293450132776905e-08	8.082133055960591e-07	0.0026239899097442	0.0001919713916884	3.68530152268194e-08	6.885323046439375e-06	-0.001147183350644	-0.0002009331037154	1.3160296399947945e-06	4.0374112168743837e-08	0.0	0.0	0.0	0.0	0.0	0.0	0.0	0.0	0.0	0.0	0.0	0.0	0.0	0.0	0.0	0.0	0.0	0.0	0.0	0.0	0.0	0.0	0.0	0.0	0.0	0.0	0.0	0.0	0.0	0.0	0.0	0.0	0.0	0.0	0.0	0.0	0.0	0.0
811.512422881085	-2.255268641799944	5.086236646686164	658552.4124903289	938.521138303609	-7.498235991507045	880821.9270427019	56.22354298433164	774.1090352350934	0.0759261361976086	0.0057647781578978	599244.7984326071	776.5903988283626	664.728578797907	0.948863	32.935219	0.0618415091094804	0.0322351176959428	0.0500271156	0.0518574894	0.001509125	0.0154965709	0.0519522419	-0.0360516124	-0.0129178804	-0.0888622415	-0.0021622351	0.0061915048	0.0627165657	-0.0664562526	0.018090731	-0.0361710443	0.0403497347	-0.0849785835	-0.0479164329	0.0008679951	-0.050404928	0.0407330188	-0.0367477186	-0.021712784	0.034561807	0.0172220746	-0.0103441707	-0.0443818766	0.0097640206	0.0153268955	0.0114614675	0.0576214297	0.0252116852	0.0804997255	-0.0004367455	0.0776463518	0.0435203628	-0.008165911	0.013938935	-0.1274414738	0.0453852305	-0.0355847597	-0.0255315782	-0.0023713779	-0.0067519873	-0.0491806083	0.0352410062	-0.1226792159	0.1312229952	0.1534343644	-0.0967344529	-0.0295351096	0.0778791645	-0.0106371563	0.0267103783	0.007927346	-0.0880841162	0.0668108943	0.0078417757	0.0157389725	-0.0020816883	-0.0074192221	0.0011995866	0.026507807	0.021418575	0.0075908572	0.0879221155	-0.0108596066	0.0172205804	-0.0108245339	-0.0628308694	-0.1037944566	-0.0138833863	-0.1075830606	-0.017996078	-0.048728646	-0.0166410149	0.0209333925	-0.0193856737	0.0505307527	-0.0379826709	0.0637774871	-0.0484179013	0.0529034107	-0.0524781256	0.0338156089	0.0091619208	-0.0037880282	-0.0617883165	-0.0271617794	0.0332325077	-0.0043685335	-0.0018794644	0.0262756011	0.0472009226	0.0966209349	0.0451563817	-0.0163459906	-0.0419474638	-0.007086108	0.0627211483	-0.0061771412	-0.0988833818	-0.0418193192	0.0054262507	-0.071614817	0.0282228629	0.0614929399	-0.0368205626	0.0678298206	0.0049781767	-0.0551214144	0.0323673625	0.1138545989	0.1751272978	0.0003707589	-0.0305062331	0.0238785915	0.048053177	0.0013803212	0.0114227864	-0.0129320105	-0.0624234327	0.025467512	0.1193978017	-0.0344841746	-0.0252540684	-0.0599940427	0.0590064295	0.0406539504	0.0668889224	-0.024678264	-0.055930428	-0.0038329466	-0.0269873565	-0.0524124133	-0.09301555	0.0462060083	-0.1605908774	0.0239762905	-0.0209877218	0.0674753251	-0.000748948	0.0695083048	-0.024293599	-0.0843641765	0.0243737726	0.0636917061	-0.0327261759	-0.0068172848	0.0002596014	0.0075612404	-0.0218733037	0.0907222183	0.0254580631	-0.0439061348	0.0033624588	-0.0030169037	-0.0170447998	0.0519924965	-0.0288250027	0.0139659252	-0.0353518076	0.0281578412	-0.0532184359	0.0015426372	0.0075291884	-0.001317889	-0.0682378621	0.0107296473	0.0521968607	-0.0887648233	0.0805080284	-0.0315960199	0.0619058239451391	0.0124914109760538	0.0001560353481726	0.0038323310383265	0.3393720281852381	0.0188542308821978	0.115173373514562	0.0003554820221592	0.323289903149714	0.0198132909321486	0.0003925664975619	0.1045163614785514	0.0007745578331838	-0.0001244490108368	1.548755629828284e-08	5.999398369463833e-07	0.0027130615947932	8.90716850490002e-05	7.933765077468285e-09	7.360703217141822e-06	-0.0011470525201483	1.3083049569986678e-07	1.3157294839785662e-06	1.7116618605072852e-14	0.0	0.0	0.0	0.0	0.0	0.0	0.0	0.0	0.0	0.0	0.0	0.0	0.0	0.0	0.0	0.0	0.0	0.0	0.0	0.0	0.0	0.0	0.0	0.0	0.0	0.0	0.0	0.0	0.0	0.0	0.0	0.0	0.0	0.0	0.0	0.0	0.0	0.0
814.7770570163326	3.264634135247661	10.657836037024245	663861.6526401961	938.6460564610132	0.124918157404295	881056.4193098117	0.0156045460492842	770.7184792611367	-3.39055597395668	11.495869812533329	594006.9742745992	773.6649241797826	664.1347100363573	1.116786	38.76384	0.1297282578862169	0.0744592277396488	0.059573904	0.069238232	-0.0425490487	0.0686002362	-0.0528705268	-0.0038719426	-0.0689319775	0.0623461034	-0.0254605555	-0.0217605385	0.0164667423	-0.0170785953	0.0667029486	-0.0600412238	-0.001599296	-0.0243086201	0.0158221165	-0.0549090037	0.0164148429	0.0248136487	0.0313427003	-0.0076124862	0.128789189	0.0005193834	-0.0521416941	-0.0298642504	0.0673988383	-0.0199224303	-0.1359702048	0.0186668213	-0.0201769173	-0.0740011203	-0.0890821653	-0.0166252632	-0.0450305765	0.0415176319	0.0878907879	0.0369653744	0.1587226022	0.0954621674	-0.0699610255	-0.0326731494	0.0353884255	-0.1232625582	0.0428313611	-0.1143984415	-0.0142499798	0.0023642349	0.0191721573	-0.0241277328	-0.046200772	0.0591652449	0.0747662641	-0.0992015857	-0.0245207632	0.0066215342	0.0166342433	0.1118845398	-0.0244255076	-0.0850996506	-0.1178474489	-0.0624908373	0.0303392536	0.1957098811	0.0517383718	0.0266079962	-0.0171935486	0.0389990174	0.1405978517	0.0702312543	0.1206482676	-0.0979816366	-0.038405431	-0.1170942314	0.0849977666	-0.069046288	0.1049897695	-0.0331062712	0.0591413636	0.050981847	0.0010926294	-0.0012078462	-0.0390646984	-0.052542	-0.055902134	0.094990243	-0.0017907081	-0.0033687538	0.0534261706	0.0575082249	0.0040125046	0.090817885	-0.050418876	0.0312188024	0.0422442744	0.1212879644	0.0473210475	-0.0151078223	-0.1168414009	-0.1049051693	-0.0236694572	0.0481154595	-0.0682722015	-0.0811931395	-0.0538094557	-0.0644799999	-0.0055131086	-0.0854368397	0.0539024956	0.0824423524	0.0848843376	0.1212518603	0.0174554049	0.0877309991	-0.0548205451	-0.0408683297	-0.0336137754	0.0322947432	-0.0576250711	0.0027878397	0.0224578745	-0.0603388691	0.0371531947	0.0619697915	-0.0189256418	0.0788057846	-0.0376553789	0.1437618643	0.1634767017	0.1277893559	-0.005170143	0.0639351353	0.0802068656	0.0581303811	0.0261564253	-0.0250373395	0.0251815198	0.0458982747	0.1491821174	0.0933765403	0.0281436121	0.0008959967	-0.0176613374	-0.0902568858	0.0237988132	0.0635629428	-0.0357372915	0.0267530949	0.0587309758	0.0024832255	-0.0073225252	0.0744141744	-0.0175756078	-0.0750698576	0.0551313355	-0.0147633765	-0.0280679699	-0.0249808585	0.099990406	0.0357058352	0.0418101397	0.0396761148	0.1588129533	-0.0170149032	-0.0694900431	-0.0016599952	-0.0690257386	0.0130990243	0.0492163702	-0.0875278662	0.0831501106	-0.0382182304	0.070730757314422	0.0088249333692828	7.787944897228276e-05	0.0050028400302716	0.2774532107955991	-0.061918817389639	0.0769802841807871	0.0038339399469314	0.3616186128347891	0.038328709685075	0.0014690899861227	0.130768021148557	0.0009594267465879	0.0001848689134041	3.4176515143212635e-08	9.204996820682424e-07	0.0024849558997765	-0.0002281056950167	5.2032208099051833e-08	6.175005823834034e-06	-0.0011471938605719	-1.4134042359984294e-07	1.3160537537338596e-06	1.9977115343383032e-14	0.0	0.0	0.0	0.0	0.0	0.0	0.0	0.0	0.0	0.0	0.0	0.0	0.0	0.0	0.0	0.0	0.0	0.0	0.0	0.0	0.0	0.0	0.0	0.0	0.0	0.0	0.0	0.0	0.0	0.0	0.0	0.0	0.0	0.0	0.0	0.0	0.0	0.0
819.7786038214145	5.001546805081944	25.0154704434254	672036.9592833878	944.8086148143216	6.162558353308327	892663.318627357	37.97712545793024	772.4621846872078	1.7437054260710738	3.040508612909705	596697.8267717339	774.3238902442357	686.9549806673233	1.27177	44.143364	0.4034986065703425	0.2990603080848723	0.0899892046	-0.0219015403	-0.1167309124	0.1712895123	0.0299591578	-0.0481103551	-0.073987618	0.0521740623	0.062544754	-0.177809124	0.1137598572	-0.0525549059	0.0037838184	0.0327759337	-0.1315395924	-0.0272747969	0.1051750146	-0.1046068421	0.0127034406	0.0097094927	-0.0410677302	-0.0502328713	0.1505667453	0.0608192831	-0.2060863991	0.0457393272	0.0917971996	0.0270572289	-0.1438127632	-0.1038077771	0.0666120955	-0.0778247313	-0.0895776422	-0.0521749215	-0.0165230354	-0.0109366196	-0.1281703913	0.0171041725	0.0244310485	0.0036323683	0.117329171	-0.0545132378	0.0311959229	0.1098325085	0.0662205491	-0.0732207744	0.0121601383	-0.0364987206	-0.0068706742	0.0029972843	0.0035877421	-0.0593660957	0.0201009655	0.0108527017	-0.0722361819	-0.0367068136	-0.0399238191	-0.1221449573	0.0294690751	0.0510400828	-0.1126958505	0.0537472267	-0.0312416306	0.1304919549	-0.0406082277	0.0915710112	-0.0354026645	0.13217771	-0.0978296395	-0.0105686282	0.0008159818	-0.1447278832	-0.012536014	0.0050471593	0.0035785108	-0.054531291	-0.0877049501	-0.0215921689	0.0012709763	-0.0285693541	-0.0432791068	0.0062672815	-0.0290302141	0.0446186389	-0.1440732082	0.1272235588	-0.0336521571	-0.0768672332	-0.1416816405	-0.0591888765	0.0469985327	0.0763126409	-0.1848414948	0.0072379516	0.0386905916	0.1648048878	0.0166188884	-0.0568837368	-0.0876737668	0.0685919452	-0.0155741931	-0.1016332745	0.0229316031	0.0044040478	-0.0936768458	-0.0948047023	-0.0982868007	0.0930385515	-0.0485964944	0.0581605693	-0.0044379796	-0.0759031017	0.0683521382	0.1114415195	0.049428265	0.0316846507	-0.019220253	0.0644084396	-0.0126240252	0.0256337106	0.0133431776	-0.124141324	-0.0239968253	0.0057385763	0.0310030273	0.1606757444	0.0559801405	-0.055610839	0.0655987572	-0.0643210722	-0.034783361	-0.0083980645	0.0418880997	0.1031388132	0.0876844006	0.018256439	0.0654071319	-0.0557469001	-0.0114158301	0.0838505386	0.0962765516	0.0252042315	0.0285678024	-0.1058886952	0.0572635712	-0.0040892694	0.0633255721	0.2383758065	0.1747467903	-0.092669853	0.0317355927	-0.0666902857	0.0032739149	0.0856727202	0.0229539172	-0.0715922904	-0.1671115619	0.0281977595	-0.028566384	-0.0329312168	0.0808184452	-0.0294252544	0.0400147917	0.1769428967	0.0744313794	-0.2094648451	-0.0698017879	0.0154594239	0.0461599916	-0.0860510014	0.0854361313	-0.0446048127	0.0439599645535508	-0.0267707927608711	0.0007166753450455	0.0019324784835494	0.2586257391322846	-0.0188274716633145	0.0668872729417205	0.0003544736892329	0.629897567238686	0.2682789544038969	0.0719735973760481	0.3967709452132149	-0.0006709909598449	-0.0016304177064328	2.658261897449592e-06	4.502288681935802e-07	0.0026428872841506	0.0001579313843741	2.4942322170319813e-08	6.984853196724936e-06	-0.0011431151965336	4.078664038299849e-06	1.306712352546051e-06	1.663550033732043e-11	0.0	0.0	0.0	0.0	0.0	0.0	0.0	0.0	0.0	0.0	0.0	0.0	0.0	0.0	0.0	0.0	0.0	0.0	0.0	0.0	0.0	0.0	0.0	0.0	0.0	0.0	0.0	0.0	0.0	0.0	0.0	0.0	0.0	0.0	0.0	0.0	0.0	0.0
817.7341614360782	-2.0444423853363105	4.179744666959623	668689.1587795661	930.6761915418836	-14.132423272438018	866158.1735029047	199.7253875513477	774.4033947038531	1.9412100166453	3.7682963287240474	599700.6177288517	775.6060589198648	683.3822088324712	1.195981	41.512718	0.2406172565937724	0.1510543393413372	0.0777185939	0.018227349	-0.1152850202	0.0514443627	0.0494934162	-0.1175919363	-0.0012856376	0.0226057449	0.0599922879	-0.1294576062	0.0621066108	0.0992196023	0.0510976877	0.1058782691	0.0241054896	0.0134993978	0.0223003102	0.0372385023	-0.0541705851	0.0251775788	-0.0712280568	-0.0146719093	0.0693567646	0.0312327525	-0.1315354641	-0.0389421878	0.0591803506	0.0925055099	0.1027925542	-0.0329140555	0.131311708	-0.0410590303	-0.0220813062	0.0348654746	0.0179450564	-0.0516629697	-0.0578070332	-0.0457932938	0.0071369464	-0.0177559246	0.1500348737	-0.0685443933	0.0911976227	0.0923544041	0.0114208355	0.0669961316	-0.0651656627	-0.2084400441	-0.0030973263	-0.0432056677	0.0872602945	-0.0490682333	-0.086955636	-0.0162340757	0.0180360288	-0.0604910029	-0.0368980534	0.1111276602	-0.015045635	-0.1497940252	0.0015768768	0.0125513739	-0.0096363515	0.0925540707	0.0577549615	-0.0557593092	-0.0585806948	0.0461553865	-0.0483546674	0.0656933065	-0.0308303162	0.1736940904	0.0653971279	0.0682422365	-0.0334551249	-0.0067269522	-0.0239744474	0.0216332161	0.0212461425	0.0171227899	-0.068780417	0.0512293578	-0.0475969896	0.0741564309	-0.0617907963	0.0398830523	0.0020324041	-0.0003640884	-0.0954609945	0.1089581464	0.0911238715	-0.0863944986	-0.1339128164	0.0551598492	0.0033032492	-0.052510186	-0.0424599521	-0.0033231134	0.0454425959	0.0150160642	0.0721725912	0.0239509787	-0.0583346207	-0.0200732737	-0.0563319271	-0.028148505	-0.0618046852	0.067162899	0.0427245292	0.0515042091	0.0116316508	-0.2625242972	0.0090678811	-0.0298005042	0.0322264407	0.0301344223	-0.0493174002	0.0691752836	-0.0779807422	0.1441791462	0.0636820336	0.0680456349	-0.0091296268	-0.0119773244	0.0376908505	-0.0334626551	0.0287933316	-0.0656098344	0.0971388524	0.1215183595	-0.0955310697	-0.1012700932	-0.0362289791	0.1046951512	0.0571224627	0.0030909818	-0.0417516544	0.0788184697	0.0858156755	-0.1740285918	-0.0913612398	-0.0979747733	0.003971577	-0.1036749902	0.0353761366	-0.0009484779	0.0205596652	0.1581303302	0.1036586528	-0.0340323556	0.10869075	-0.0531688393	-0.0734130006	0.1993368434	-0.0315017521	0.0842739906	-0.0630181948	-0.006265204	-0.0599992211	-0.2646762323	-0.0121884567	0.0433231501	-0.0892328852	0.0364119171	0.1545070072	-0.2868982807	-0.0705658771	0.0178092284	0.0430324377	-0.0843382767	0.0873563013	-0.0507163915	0.0708793865134538	0.0269194219599029	0.0007246552786553	0.0050238874325235	0.2836213446728379	0.0249956055405533	0.0804410671540287	0.0006247802963389	0.4945075775946748	-0.1353899896440111	0.0183304492958054	0.2445377442985533	-0.000118144713808	0.0005528462460368	3.0563897175709245e-07	1.3958173400774224e-08	0.0031030789169306	0.0004601916327799	2.117763388807222e-07	9.629098764699183e-06	-0.0011963221067028	-5.320691016919986e-05	1.4311865829858254e-06	2.8309752897533037e-09	0.0	0.0	0.0	0.0	0.0	0.0	0.0	0.0	0.0	0.0	0.0	0.0	0.0	0.0	0.0	0.0	0.0	0.0	0.0	0.0	0.0	0.0	0.0	0.0	0.0	0.0	0.0	0.0	0.0	0.0	0.0	0.0	0.0	0.0	0.0	0.0	0.0	0.0
817.71401846636	-0.020142969718222	0.0004057392290692	668656.2159964025	941.2079687664404	10.53177722455689	885872.4404694487	110.91833150769524	776.4924012562283	2.0890065523751677	4.363948375866382	602940.4492086634	779.2499487215586	687.2973160322101	1.308217	45.40844	0.4715947999531729	0.3308952536020121	0.0369598596	0.0452106311	-0.0604044924	-0.0115156242	0.0262922634	0.0181325024	-0.001872667	-0.0763117333	0.1108695251	-0.0178821058	-0.0153914552	0.0327860598	-0.036762244	-0.1070074999	0.0734399827	0.0061361613	-0.0470435752	-0.048099237	-0.073733719	-0.0231953602	-0.0271615421	0.0011890554	0.0167367764	0.0633882642	-0.0448741396	-0.1038309658	0.0400764481	-0.0087418884	0.0085554639	0.0480303605	-0.0331372364	0.020684388	-0.0304120034	-0.0365697391	0.0067193864	0.0418104497	0.0463848272	0.0484566321	0.0034481733	-0.0388841566	-0.1501984497	0.0375926674	-0.0394248647	-0.0321462255	0.0301694663	0.0494757804	-0.1222259082	-0.0373550372	0.0297776183	-0.0319992575	-0.0298810662	0.0436740757	-0.0870144292	-0.0500647415	-0.0511406923	-0.0566507489	0.0346391387	-0.0784535271	-0.00132635	-0.0039003165	-0.0092497091	0.0315567012	-0.0594816967	0.0638287981	-0.0054097779	0.0216454556	-0.0684223878	0.0360721023	0.1599187346	-0.1108776824	-0.0903569069	0.0927155712	0.0907784926	0.0232924988	0.0828560459	0.0633511621	0.0397365862	-0.0231780114	-0.0859797555	-0.0346804872	0.0654028368	0.0626044468	0.0056657343	0.035952348	0.0402485794	-0.0054664296	-0.0171978927	-0.0835907828	0.0456038576	0.0638131536	-0.0025563167	0.0367528378	0.0697528523	0.1652843603	-0.0136961996	0.0686849716	0.004239329	0.0527260671	0.0099424215	-0.0497446914	-0.042286657	0.0165868113	-0.0565833243	0.029219951	0.0363198219	0.0142130261	0.080346105	-0.0636445417	0.0754891761	-0.0069277144	0.0576556427	-0.0053542203	-0.126231349	-0.0758073001	-0.0737953807	-0.08564479	-0.0936831514	-0.064966732	0.0560194134	0.0455380231	0.0049055109	-0.0322659589	0.0093455859	-0.0437176674	0.0085401902	0.0414860747	-0.0348372406	-0.065143487	0.0241429663	0.0737023711	0.0542443826	-0.0133172271	-0.0547444112	0.0970333606	-0.0033244463	0.0860972276	0.0104956211	-0.0573821533	-0.0346560935	0.0094873231	0.0566981563	-0.1227571307	-0.0400098222	-0.0752476594	0.0376331963	0.0725903377	-0.1060585123	-0.0378700548	0.0022814713	0.0190856844	0.0398126761	0.0926550021	0.0154053539	-0.0330925767	-0.0578845396	0.011510102	-0.0588115007	0.1097793807	-0.0507404638	0.0691735512	-0.0395653897	-0.0540492393	0.0179522282	-0.0587516113	0.0659479498	0.0132866991	-0.0713178751	0.0201468273	0.0398385309	-0.0823943867	0.0889023983	-0.0565152869	0.1030901894070126	0.0322108028935588	0.0010375358230476	0.0106275871519737	0.3111840646784145	0.0275627200055765	0.0968355221097796	0.0007597035341058	0.1899615567288322	-0.3045460208658426	0.0927482788252182	0.0360853930348413	0.0012921619409313	0.0014103066547393	1.988964860401955e-06	1.669682481591344e-06	0.0027089500624168	-0.0003941288545138	1.5533755396036024e-07	7.338410440667984e-06	-0.000855252492192	0.0003410696145107	7.31456825400627e-07	1.1632848194254568e-07	0.0	0.0	0.0	0.0	0.0	0.0	0.0	0.0	0.0	0.0	0.0	0.0	0.0	0.0	0.0	0.0	0.0	0.0	0.0	0.0	0.0	0.0	0.0	0.0	0.0	0.0	0.0	0.0	0.0	0.0	0.0	0.0	0.0	0.0	0.0	0.0	0.0	0.0
810.2545894284511	-7.459429037908876	55.64308157159814	656512.499689868	938.3016255696616	-2.9063431967788347	880409.9405466694	8.446830777462615	772.9615138712667	-3.530887384961602	12.46716572528098	597469.5019261604	775.61839733263	665.1482605346262	1.104785	38.347282	0.2285163291021721	0.154901460758452	0.0611836013	0.1029509748	-0.0207948244	-0.0146369782	0.0406418596	-0.0030551483	0.0240372467	-0.1009940329	0.0068607365	0.005693715	0.0267753685	-0.0725135073	0.0457077149	-0.0296382243	0.0600666203	-0.0601675391	0.0397826444	-0.0730225115	-0.0520955929	0.0584240327	-0.0065899709	-0.021447229	0.0473233087	0.0302556187	0.0124076633	-0.0064503371	-0.004160739	0.1179411507	0.0178253669	0.1075985549	0.0067342071	-0.0582174447	0.0324421627	-0.0182682372	-0.0189250342	-0.0999196841	-0.1047545301	0.1430957631	0.0025679034	-0.05786812	0.0214829169	0.0179221215	-0.0492498157	-0.0332544646	-0.0282388623	0.0643378948	0.0450089777	-0.0699829456	0.0561818785	-0.0591962645	0.0360107622	0.0359647099	0.0839353655	-0.0367948468	-0.0306630778	0.0076052748	-0.0028750183	0.0281244072	-0.0103585753	0.0589935	-0.0724970992	-0.0046634897	0.063607587	-0.0705410684	-0.0224216193	0.0747974353	-0.0680078834	-0.026424632	1.87499e-05	0.0517648969	-0.0349464899	0.0168430669	0.1557587579	-0.0847696034	0.0258894612	0.0860087313	-0.1473096912	-0.1656231976	0.0030901027	0.0855104402	-0.0325379922	0.0482127595	-0.0546829348	0.0049392318	0.023458815	0.0056579804	-0.0793717897	-0.0392816913	0.0342035408	-0.0413435292	0.0098051629	-0.0722133935	0.0624322475	0.082783809	0.0676188105	0.0008027213	-0.0860296729	-0.0101816168	-0.0858805402	0.1207542115	0.0815363905	-0.0697932384	-0.0423378021	-0.0066333315	-0.0159711339	-0.0163176123	-0.054888106	-0.060460552	0.0091554615	0.1477724112	-0.0358893808	-0.0260789222	-0.0185337519	0.0307138953	-0.0384105608	0.1091037077	-0.0125393831	-0.0354045372	0.0363468602	-0.0670777287	0.0502991098	0.1443964379	0.050635018	0.0678584392	0.005822441	-0.005617831	0.024024718	0.0307184458	-0.0185904223	-0.0369256725	0.0451787541	0.0415752798	0.0380573724	0.0171655972	-0.0428132283	0.1222033302	0.0164945397	0.1053437654	-0.0161570013	-0.0921801855	0.0712849496	0.0835019955	-0.0446296456	-0.1071040301	0.004806448	0.0417568487	-0.0716428196	0.0027932302	0.0082962647	0.0816713802	0.0268290064	0.1031589449	0.0049200953	-0.0168616532	0.0083864209	0.0406238329	-0.0144873464	-0.0418709163	-0.0894714952	0.0109529642	0.0403534385	0.0014640331	0.0534136933	0.0024290847	-0.0812426233	-0.0102872225	-0.0720576532	0.0224706185	0.036583196	-0.0802246594	0.0900678015	-0.0619657467	0.1216318611187432	0.0185416717117306	0.0003437935898655	0.0147943096392092	0.3112568831273137	7.281844889922562e-05	0.0968808472941302	5.302526500089133e-09	0.3368239473109895	0.1468623905821573	0.0215685617675061	0.1134503714821562	0.0011300228469281	-0.0001621390940031	2.62890858041785e-08	1.276951634579488e-06	0.0035138611096019	0.0008049110471851	6.478817938806145e-07	1.2347219897572696e-05	-0.0011489913181914	-0.0002937388259993	1.3201810492792107e-06	8.628249789950577e-08	0.0	0.0	0.0	0.0	0.0	0.0	0.0	0.0	0.0	0.0	0.0	0.0	0.0	0.0	0.0	0.0	0.0	0.0	0.0	0.0	0.0	0.0	0.0	0.0	0.0	0.0	0.0	0.0	0.0	0.0	0.0	0.0	0.0	0.0	0.0	0.0	0.0	0.0
811.170938841046	0.9163494125948546	0.839696245962935	657998.292020264	941.7819109059344	3.4802853362728	886953.1677096334	12.112386021875478	773.2750646348607	0.3135507635939802	0.0983140813503681	597954.325586048	776.3359288273647	661.1838673013233	1.122522	38.962921	0.1348991385177946	0.0748040321393237	0.0914765938	0.1001110023	0.0089475461	0.0898652685	0.0859877218	-0.0544369366	-0.0812289481	-0.0862544645	-0.0371691768	0.012606135	0.0847969192	-0.0188469067	0.039599559	0.0071176251	0.0376296238	-0.0393480863	-0.053203897	0.0488876646	-0.0595479042	0.0499041229	-0.0061278885	-0.0286709921	0.069436276	0.0662537243	-0.0359307496	0.007442976	0.0823383103	-0.068485526	-0.1882915488	0.0472862345	-0.0037811303	0.0564390091	-0.0848884614	-0.0479029894	0.0093996792	-0.0442954287	0.078045977	-0.0253844781	0.0157271832	-0.0330146925	-0.0848019092	-0.0226040936	-0.0070214545	-0.0664267808	-0.0481603301	-0.020950954	-0.0683842192	-0.040572133	-0.0151376501	0.0223920119	-0.0365729658	-0.002826007	-0.1212006588	-0.0267477404	0.1690274146	0.102359713	-0.0629844905	-0.0188799712	0.059765918	0.0110771317	-0.0155366659	0.0630112851	-0.062953818	-0.0722020731	-0.0376345245	0.043622508	-0.0834700678	-0.0049652658	-0.020601272	0.0158130529	0.0119899316	-0.0120550496	-0.0885048833	0.0355812264	0.0413136492	0.17820961	-0.0190016063	0.0393669604	0.0151606709	-0.1523468355	0.0171501099	0.0726476498	-0.056989675	0.0116904264	-0.0192756584	0.0276765911	-0.0820751493	-0.0584124131	0.0232657336	-0.0067567294	0.016263966	0.1402226933	-0.0590288719	0.001803099	0.1288289524	0.0498278259	0.0823882707	-0.0454783078	0.0630061804	-0.0473324663	-0.0272414078	0.0494326472	-0.0257606369	-0.0315677323	-0.0009737487	0.0737278623	0.0972592213	-0.0199575769	0.049637314	0.045646305	0.0299271316	0.0513532869	0.0178458317	-0.001494997	0.0462838624	-0.0607944297	0.018435252	0.0663608254	-0.0023204735	-0.0286236926	-0.0050083998	-0.0032281884	-0.0519036818	0.0420812279	0.0439223967	0.0537625218	-0.1137092852	-0.0396716718	-0.0616841277	-0.1157142442	0.0268586984	-0.0746143912	-0.0323361429	0.0364874343	0.1382889462	0.0591743988	0.0193420991	-0.1274645953	0.0112407406	-0.026620488	-0.1499001255	0.0488747566	-0.0376704771	-0.1267681695	0.0140081019	0.052009205	-0.0360672953	0.0609467767	0.0111790531	-0.0525652704	-0.0787975566	0.136050146	0.1078458814	-0.0117077019	0.006503989	0.0021003928	-0.0706192337	-0.0046758153	0.0714556332	0.0358535672	-0.092714049	-0.015570922	-0.0515580334	-0.0299158701	0.0703666907	0.018688297	-0.0727850846	0.0247790096	0.0332714524	-0.0778350419	0.0908475206	-0.0670341672	0.1183033295810531	-0.0033285315376901	1.107912219739769e-05	0.0139956777899632	0.2697735736542768	-0.0414833094730369	0.0727777810421995	0.0017208649648357	0.3974930034129471	0.0606690561019575	0.0036807343683024	0.1580006877622451	0.0015799481598578	0.0004499253129297	2.024327872148885e-07	2.4962361878380485e-06	0.0033766002390569	-0.0001372608705449	1.884054658277124e-08	1.1401429174399117e-05	-0.0011501699628189	-1.1786446275001503e-06	1.32289094337083e-06	1.3892031579349681e-12	0.0	0.0	0.0	0.0	0.0	0.0	0.0	0.0	0.0	0.0	0.0	0.0	0.0	0.0	0.0	0.0	0.0	0.0	0.0	0.0	0.0	0.0	0.0	0.0	0.0	0.0	0.0	0.0	0.0	0.0	0.0	0.0	0.0	0.0	0.0	0.0	0.0	0.0
807.6467192731593	-3.524219567886689	12.420123562675442	652293.2231526974	922.6174462828972	-19.164464623037247	851222.9521855747	367.27670428764617	768.1082714204479	-5.166793214412792	26.695752120502068	589990.3166245084	769.7569606511843	633.007957521441	1.620209	56.237728	0.6062427203420265	0.3083753666146088	0.0318966989	0.1143307605	0.0831166006	0.0222488569	-0.1043965125	0.061590249	-0.0037873856	0.0717290256	-0.1195647914	-0.0777130341	-0.0815502768	-0.0028271564	0.0626347956	-0.0288271178	0.1019966376	-0.0168534439	-0.0546272346	0.0191050882	0.0149157684	0.1713652495	0.0147675795	0.1132362897	0.0737683422	-0.1664294429	0.0897391743	-0.011256754	-0.0420556364	0.083772424	0.2242482405	-0.0106364321	0.0660902995	0.0926977027	0.1434187833	-0.0826156859	0.1486350216	-0.0386759472	-0.0802994653	0.1037720792	0.0831448576	0.136536702	0.0640989334	-0.0275471778	-0.0716792831	0.1379322281	0.1162505709	0.0005226274	0.14191455	0.0854038125	-0.1012276864	-0.0873575026	-0.0024083029	0.1207972383	-0.027440183	-0.0895202214	0.1161032984	-0.0408352179	-0.0313646865	0.0677426294	0.0187627041	0.1998544329	-0.0461068906	0.0677508018	0.0178136891	-0.047187222	-0.0181732477	-0.0666640119	0.0068978764	0.0552535215	0.0731639218	0.0398619674	-0.0071853926	0.0267845495	-0.0366110228	0.022864258	0.0164463421	-0.0399725111	-0.0080317308	-0.0537359592	-0.0290047018	0.0502304018	-0.0495324799	-0.0144829339	-0.1521903312	-0.0550823877	0.0410241463	0.1028407879	0.1037532463	0.1747889487	0.068857305	0.0408058674	-0.0048638644	-0.0980065717	0.0197618412	0.0074533996	-0.0457228981	-0.2304131707	-0.0977511035	0.1761490281	-0.0948758337	0.0452265091	0.0547287317	-0.1310039594	-0.1898038755	-0.0097738294	-0.0896494849	-0.1504701169	-0.0184604845	-0.0304293778	-0.074436421	-0.0689066586	-0.1216057647	0.039866685	0.0709310942	0.0040503566	0.0354614471	0.0068722645	0.1471552423	-0.0931662591	0.044020494	0.1716369365	-0.1167419315	0.126737621	-0.0132317205	0.0398348553	0.1245272608	-0.007878598	-0.0706595468	0.0565037668	-0.0454739911	-0.0266175989	-0.009936592	0.0314491339	-0.0719924616	-0.0025510173	-0.0083767173	0.05642838	0.0851193397	-0.0783509286	0.0321921875	0.1244864718	-0.0384284618	-0.0518745508	-0.0314423382	-0.0530237032	0.0320785743	0.0366198325	-0.0464073564	-0.044847401	-0.0010535863	0.2102564111	0.0780383192	0.0128163831	-0.2111235775	-0.0031854367	0.1683359793	-0.0089980635	0.1171948836	0.0061681744	0.0472818794	-0.19511427	0.0199012582	0.041271885	0.2606652595	-0.1226098467	-0.1580362091	0.0511133159	-0.0735000446	0.0270704183	0.0299084066	-0.075232084	0.0912382167	-0.0716892996	0.0652223046181745	-0.0530810249628785	0.0028175952111097	0.0042539490197059	0.3675589624808424	0.0977853888265656	0.1350995908999933	0.0095619822679626	0.1764211906619408	-0.2210718127510062	0.0488727463930159	0.0311244365145768	0.004231026083949	0.0026510779240912	7.028214159603708e-06	1.7901581723056814e-05	0.0024859987937337	-0.0008906014453232	7.931709344117731e-07	6.180190002445411e-06	-5.759456201780925e-06	0.0011444105066171	3.317133574023276e-11	1.3096754076556511e-06	0.0	0.0	0.0	0.0	0.0	0.0	0.0	0.0	0.0	0.0	0.0	0.0	0.0	0.0	1.0	0.0	0.0	0.0	0.0	0.0	0.0	0.0	0.0	0.0	0.0	0.0	0.0	0.0	0.0	0.0	0.0	0.0	0.0	0.0	0.0	0.0	0.0	0.0
810.8405699487263	3.1938506755669778	10.20068213781964	657462.4298747752	921.5388229832504	-1.0786232996467788	849233.8022653544	1.163428222540905	762.9002304267408	-5.208040993707073	27.12369099213335	582016.7615851742	766.0368274549498	672.5629281154456	2.289756	79.477852	2.26176301334076	1.6790288872226735	0.0395061268	-0.2310861131	0.0345918307	0.1254876804	-0.0487697076	-0.1002714508	0.1931577555	0.13503705	-0.011974933	0.1571384385	0.0931433079	-0.0617484884	0.0769281	-0.2329542457	-0.1981164218	0.0883286764	0.1981913084	0.0751198604	0.330901054	-0.0801522865	0.0626275245	0.1174395098	-0.0819999883	0.0107218699	-0.0667502675	0.172782579	0.0549821599	0.1548330089	0.2423647588	0.0434998323	-0.0411521253	0.2312764269	0.0087522977	-0.0886990755	-0.0413199798	0.0616800849	0.0804656398	-0.019709177	0.0532262632	0.0192568338	-0.0527980952	-0.019589912	0.0284288213	0.1329981903	-0.0328034497	-0.0421558547	-0.077071401	-0.0599101849	-0.0303375148	-0.0642765131	-0.0904255724	0.0334560912	-0.0054646657	-0.0458111678	-0.0295451334	0.0609388426	0.0572522143	0.042166123	-0.0427299894	0.006574201	0.052755833	0.0744052431	-0.0645534348	-0.107695583	0.143607816	-0.0088643657	-0.0021171741	0.03468851	0.000331504	-0.0813472981	-0.0204255718	0.0654783127	-0.0154520392	-0.0123567053	-0.0188854237	-0.0858400744	-0.0189746527	-0.0413073956	-0.0088530611	-0.013821654	0.0098461	-0.3607061385	0.0889996944	-0.0631895265	0.1281477219	0.1192202962	0.0438241716	-0.1452832412	-0.0234193746	-0.1898068205	0.10921607	-0.0674196276	0.040540881	0.0929907253	-0.0255905195	-0.2419444853	0.0762167771	0.1556895252	0.031696247	-0.0832550777	-0.1504209154	-0.0292720491	0.0147108975	0.0735778868	-0.089899309	0.006522988	-0.0288714654	0.0703564916	-0.0166335277	0.0239982626	-0.0099525668	0.0743643516	-0.0905044198	0.0160572035	0.1327966774	0.0228444748	0.0174212008	-0.0872914544	-0.0565844016	-0.0025128264	-0.0257523706	0.0394374933	-0.1670890248	0.0073498359	-0.0260581768	0.0259905613	0.0853091185	0.0497208403	-0.0117922662	0.0024769176	-0.030377916	-0.0651511539	-0.0834710491	-0.0256381286	-0.013232237	0.049696373	-0.0327113706	0.0006299079	0.0745912028	-0.034864947	-0.0426727157	-0.1113204488	0.172096133	0.2110138666	0.0692227706	0.0978002799	0.0225769744	0.2331885638	-0.0684819101	0.1646439273	-0.022210436	-0.1560430947	-0.0682194262	0.0281448618	0.0341216415	0.0595931366	0.2295390115	0.0916492295	0.1381091783	0.0908366652	0.1514034233	0.1167032479	-0.2717828909	-0.0084075831	0.1528558083	0.050455721	-0.0742024108	0.0293432743	0.0264992443	-0.0724229201	0.0912382167	-0.0759024438	0.0766647805796338	0.0114424759614592	0.0001309302561285	0.0058774885813233	0.431825938415173	0.0642669759343306	0.1864736410881448	0.0041302441957438	-0.7193503137990831	-0.8957715044610239	0.8024065882043663	0.5174648739628394	0.0272654068097752	0.0230343807258262	0.0005305826954223	0.0007434024085025	0.0027791675631636	0.0002931687694298	8.594792736904182e-08	7.723772344140702e-06	-0.0024838511006246	-0.0024780916444228	6.169516290074036e-06	6.140938198158191e-06	0.0	0.0	0.0	0.0	0.0	0.0	0.0	0.0	0.0	0.0	0.0	0.0	0.0	0.0	0.0	1.0	0.0	0.0	0.0	0.0	0.0	0.0	0.0	0.0	0.0	0.0	0.0	0.0	0.0	0.0	0.0	0.0	0.0	0.0	0.0	0.0	0.0	0.0
830.4423861097576	19.601816161031365	384.2311968108704	689634.5566476678	946.6281311857178	25.089308202467464	896104.8187521646	629.4733860784012	778.8477829626373	15.947552535896534	254.32443188518	606603.8690258154	780.0865056467172	724.7731212417631	2.411383	83.699539	1.840487436478032	1.1195440308590012	-0.1428381543	-0.2082585093	-0.097279323	0.0126827912	-0.0174016112	0.1492830151	0.0701202213	0.1823048309	0.114722508	0.1127896213	-0.1590946943	-0.1798608242	0.0059580359	0.0019280209	0.1501643731	-0.004976946	-0.1617256362	-0.0726593317	-0.0784247967	-0.1632902776	-0.0335089161	0.2819679066	-0.0507896872	-0.0704717985	-0.1467135707	0.072654849	-0.1952780333	-0.146636576	-0.1502679622	0.1922153494	0.0949572179	0.087063626	-0.0105692584	0.1157979654	-0.2930396775	0.0598821494	-0.0116327814	0.0113481863	0.0595136453	0.0474968292	-0.0330381518	0.1339642761	0.0031693809	0.0429825796	0.02464596	-0.0458465002	-0.0607096329	-0.0291749285	-0.0061651804	0.0503832787	0.06157621	0.013157895	-0.0577260387	0.0056584804	-0.0041603212	-0.0431236994	-0.072481668	-0.0843276782	0.1277912629	0.0660018456	-0.052805199	0.0261100512	-0.0644807324	0.0782909887	0.0649692471	-0.0695871336	0.0169049933	0.0508289268	0.0876451514	-0.0343686023	0.0040290146	-0.0583912544	0.0570794851	0.0221373661	-0.0823662783	0.0495552063	-0.0321131352	0.0136607104	-0.0762502289	0.0443600838	-0.0092393904	0.0264893416	0.189426009	0.0830341227	0.248129102	0.1348043663	0.1605314353	-0.0107352011	-0.0312195817	-0.0280037521	-0.1226801126	0.0303575454	0.1020523662	-0.0593109627	0.2082603384	0.1938260324	-0.1869927361	0.0715330051	0.2032893669	-0.1716270025	0.0196240333	0.0977765143	0.1400572838	-0.1043687331	-0.0009144704	-0.0446712692	-0.1099321694	-0.1107055813	0.0394892165	0.0613143425	0.0248247217	0.0181191271	-0.0441198899	0.0169705571	-0.0083441125	0.0309421332	-0.0295655064	0.038367665	-0.1109176865	0.1122901793	-0.0352701484	0.0215683193	0.0229231313	-0.0625301265	0.0108877836	-0.021449048	-0.0049493464	-0.0430166455	-0.0687752178	-0.0296882994	0.0503687149	-0.1627523785	-0.0185078348	0.0316477239	0.0766385374	0.0716819238	0.0220799338	0.0104232575	0.0073416517	0.0347199294	0.0213263995	0.0130057152	0.0112851663	0.2035476162	0.0381702769	-0.1240731209	-0.2911330088	-0.0683747425	-0.1479558685	-0.4201383772	-0.0729296936	-0.016714425	-0.0806458975	-0.0544611974	0.1038029818	-0.1206743812	-0.0354898916	-0.0841035465	0.0276942795	-0.0446204187	0.1456682172	0.2746834844	-0.2893823474	-0.0437112201	-0.2365591467	-0.1622700172	-0.0748920628	0.0315960199	0.0230492221	-0.06941525	0.0908475206	-0.0796476241	0.3502818531767389	0.2736170725971051	0.0748663024166094	0.1226973766649304	0.3686060558713393	-0.0632198825438337	0.1358704244250249	0.0039967535488561	-0.1995130540638001	0.5198372597352829	0.270230776609088	0.0398054587418648	0.0118833121618019	-0.0153820946479733	0.0002366088357592	0.0001412131079348	0.0067718285767559	0.0039926610135923	1.5941341969459893e-05	4.585766227296784e-05	-0.002182342330154	0.0003015087704705	4.76261804598199e-06	9.090753867069289e-08	0.0	0.0	0.0	0.0	0.0	0.0	0.0	0.0	0.0	0.0	0.0	0.0	0.0	0.0	0.0	0.0	1.0	0.0	0.0	0.0	0.0	0.0	0.0	0.0	0.0	0.0	0.0	0.0	0.0	0.0	0.0	0.0	0.0	0.0	0.0	0.0	0.0	0.0
819.6889854054729	-10.753400704284786	115.63562670691252	671890.0327950536	923.5472890937368	-23.080842091981022	852939.5951923903	532.7252716749631	777.918563709592	-0.9292192530452894	0.8634484202300455	605157.2917639946	777.852131225883	689.9384033391959	1.727451	59.960133	0.4134945541319017	0.1958583679652316	-0.1256591804	-0.1011122666	-0.0059059674	-0.0820272311	0.1197245277	0.1036900439	0.1323712902	-0.0421956398	0.0890703842	-0.0159620404	-0.1029673306	-0.0154922539	-0.0774984301	0.1150305344	0.0457319389	0.1073173714	-0.0680039425	0.2009011626	-0.1165932127	-0.0317016998	-0.0613822401	0.1767045307	-0.1999745232	0.0072377774	0.1396086505	0.1256264525	-0.234484549	0.0293475463	-0.0622710533	0.0714506267	0.0916347549	0.0355122051	0.0724169108	0.0542971814	0.0881123691	-0.1183243888	0.0505293429	-0.0165550039	0.0029815667	0.1124717332	0.0025775934	0.0861755684	0.0410953086	-0.1613962898	-0.0702263857	0.0099226992	-0.0959584791	0.0399943488	0.0256672329	0.0672132911	0.0439034007	0.023023789	0.050051032	0.0096264563	0.043328275	-0.025635783	-0.0521542809	0.0462649156	0.1476105383	-0.0212831279	0.034838924	-0.024607853	0.0066823142	0.071999414	-0.0367378907	0.1085419017	0.0715150827	-0.0221216633	-0.0379426093	0.0662174567	-0.0181726039	-0.0514405556	-0.0886894136	-0.003370919	0.0417029274	-0.114464657	0.0374746052	0.0614739953	-0.0662145122	-0.0895652749	0.0408791557	0.0951437367	0.0726751464	0.1084733232	0.2206413186	-0.1192544772	-0.005714481	0.1628210315	-0.114796472	0.0145494519	0.0255585734	-0.1133510103	0.0661151358	-0.2795023749	0.1068632075	-0.1306028405	-0.0706229641	0.0254684623	0.0654180327	0.0004155625	0.0478747227	-0.0736718076	0.0012144601	-0.0016480034	0.0239106531	0.0806631667	0.0387972535	-0.2112171222	0.0778451329	-0.0014412821	-0.0570093421	0.0849606839	0.0495391272	0.0528599532	0.0907512336	0.0183557784	-0.0402947434	0.1822652441	0.0496204423	0.0322378677	-0.0309073292	-0.094143779	-0.0050357556	-0.0680179303	-0.0867833707	-0.0017634063	-0.0859333353	-0.0026683981	0.0435153924	0.0149138919	0.0242796509	-0.0130685711	0.1258715188	0.0515524127	0.0606727081	0.0317551235	-0.069139403	-0.0385402954	-0.0147794487	0.0855899745	-0.0269934959	0.0309761509	-0.0284818395	0.1442184317	-0.0108621128	-0.2353945025	-0.1665393116	-0.0125412451	-0.0938154218	-0.0104225449	0.0449912009	-0.0130905926	-0.0335606027	0.0043441616	-0.070162699	-0.308683562	0.1977110904	-0.1068170075	-0.0605432511	-0.0158477871	-0.0312748549	0.1053475131	0.0524685074	-0.0633900089	-0.1451724509	0.0216979066	-0.0755688824	0.0338271112	0.0195636596	-0.0662173176	0.0900678015	-0.0829017503	0.3229353795195209	-0.0273464736572179	0.0007478296214849	0.104287259345417	0.3741443147157071	0.0055382588443677	0.139983968234086	3.067231102721772e-05	-0.0708835209402991	0.128629533123501	0.0165455567915698	0.0050244735408938	0.0134714429609488	0.0015881307991468	2.5221594351989707e-06	0.00018147977545	0.0095529034604753	0.0027810748837194	7.734377508854876e-06	9.125796452516096e-05	-0.001511942242884	0.0006704000872699	2.285969345817101e-06	4.494362770116234e-07	0.0	0.0	0.0	0.0	0.0	0.0	0.0	0.0	0.0	0.0	0.0	0.0	0.0	0.0	0.0	0.0	0.0	1.0	0.0	0.0	0.0	0.0	0.0	0.0	0.0	0.0	0.0	0.0	0.0	0.0	0.0	0.0	0.0	0.0	0.0	0.0	0.0	0.0
818.1376364088345	-1.5513489966383531	2.406683709370825	669349.1921086343	945.2209209609111	21.67363186717432	893442.589422193	469.7463183137943	777.620160832964	-0.2984028766280744	0.0890442767799098	604693.1145338847	779.9304428508972	689.5244228189641	1.360684	47.229576	0.5399748150348891	0.3441529415833886	-0.0887530521	0.0130359255	0.0055688796	-0.095368106	0.0819844438	0.1483900793	-0.0588173519	-0.0532126987	0.1144368177	0.171404757	0.020898862	-0.0520824264	0.0341043814	-0.0154567583	0.0346353376	-0.0135287502	-0.0912586581	-0.0307086071	-0.1249986179	0.0034709222	-0.0872034588	0.0665231609	-0.1758413152	0.0318093124	0.0598205447	0.0846314717	-0.1001385075	0.0254391326	0.0858046461	0.178323501	-0.0685364046	-0.1015039362	-0.0283832912	0.1529957098	0.1374895185	-0.0002268052	-0.0233422107	0.012203684	0.0299708827	-0.2909930936	-0.0316267328	-0.0605069153	0.0356643787	0.0867535148	0.0767649541	0.1498311082	0.0478887058	0.063235146	-0.0195064306	-0.0322198433	-0.1163831836	-0.0210733928	-0.0381522374	-0.1092564304	0.0222934061	0.1469144504	0.0340782616	-0.0934029606	-0.0038630024	-0.1014440045	0.0039494895	0.0188491585	0.0140678678	0.1471108096	-0.0518663084	-0.0661078261	-0.028216236	0.0966242231	0.0187042896	0.0818864396	0.022975348	0.1211896781	-0.011502847	-0.0182650699	0.0016143996	-0.1005904676	0.1317540386	-0.0053812609	0.0667978213	0.0964719727	0.0031907013	0.0966448177	0.021884386	0.1029464983	0.1490200376	-0.0935625716	0.0726367723	-0.0467441484	0.0085569491	-0.0919514376	0.0146762198	-0.0575088108	0.1809746472	-0.0545159311	0.0246956576	-0.0408350461	0.0102004137	-0.1218443992	-0.0634192864	0.0112108725	0.0966213562	-0.0618219988	-0.1905428095	-0.0485756665	0.250907937	-0.0215578588	-0.0211421087	0.1944031413	0.0677709208	-0.0235545149	-0.0155919584	-0.1047941256	-0.1235669981	0.0579806706	-0.0803378819	-0.0627089488	0.1388873254	-0.0323397289	0.0369623725	-0.0481757814	-0.0035562896	0.0006139218	-0.0012495062	-0.0159217042	0.0562963904	-0.0823421071	0.0693261718	0.0994516243	0.1248501051	-0.0613836045	-0.0425387006	-0.067240013	0.043858575	0.1413015835	0.0280390095	-0.1273097868	-0.0252137204	0.0271625441	0.1024575963	-0.0001921074	-0.015686345	-0.1629853252	-0.0597264336	0.0631189141	0.0023647695	-0.1488789765	-0.1402926997	-0.0727592437	-0.0829600992	0.0971099466	0.1253253308	-0.0331233763	-0.0039669898	0.209400374	-0.0138150943	0.0956202045	-0.0310742299	0.1286155705	-0.1224124473	-0.041303211	0.0804977775	-0.1335483398	-0.1044345178	-0.128769798	0.1192617744	-0.0315977055	-0.0762327537	0.0360350191	0.0160479313	-0.0628378881	0.0889023983	-0.0856447597	0.281300056038674	-0.0416353234808469	0.0017335001613547	0.0791297215273611	0.4072478046821715	0.0331034899664643	0.1658507744184481	0.0010958410479598	0.0407037781955637	0.1115872991358628	0.0124517253284365	0.0016567975593936	0.0081132981293703	-0.0053581448315784	2.8709716036171384e-05	6.582560653604361e-05	0.007975032645328	-0.0015778708151473	2.489676309293607e-06	6.360114569404731e-05	-0.0016489006451925	-0.0001369584023084	2.7188733377162427e-06	1.875760396289689e-08	0.0	0.0	0.0	0.0	0.0	0.0	0.0	0.0	0.0	0.0	0.0	0.0	0.0	0.0	0.0	0.0	0.0	0.0	1.0	0.0	0.0	0.0	0.0	0.0	0.0	0.0	0.0	0.0	0.0	0.0	0.0	0.0	0.0	0.0	0.0	0.0	0.0	0.0
811.0521238377585	-7.085512571076038	50.20448839487656	657805.5475817387	929.7162263915194	-15.504694569391743	864372.2616156869	240.3955536901259	772.7366537536469	-4.883507079317042	23.848641393739666	597121.9360543836	776.2351668086366	691.7010097289887	1.448393	50.273968	0.5138644457387678	0.267867980171724	-0.0624776725	-0.0216539593	0.0397240062	-0.0674331446	0.1223065062	0.0462159818	0.0858942766	-0.1165670286	0.0017478458	0.1337703119	-0.0706724191	-0.0061375265	0.0611127112	-0.0434628651	0.0092622979	0.0013243409	0.0107963781	0.0235399743	-0.0043851639	-0.0298824175	0.0573227847	0.0559920169	-0.0704513522	0.1035214925	0.0683026937	-0.010117071	-0.0570947513	0.0255013758	-0.0484451733	0.0781064753	-0.1708054704	-0.0891198068	0.0401352034	-0.0610516108	-0.1488206297	0.1902939706	-0.0088178406	0.0944363776	0.028245652	0.0647195268	0.0562174224	-0.0926368182	-0.1020184778	0.1162169159	-0.1717069517	-0.0129273639	0.0470178134	0.0416882466	0.0080827696	0.157957023	0.1003785118	-0.159685017	-0.019418163	-0.0597182344	-0.0458235276	-0.1101853587	-0.1016668425	0.0286981971	-0.0695484631	-0.0160414017	-0.0132445411	-0.0804635721	0.0868621381	0.069958435	-0.0701022145	0.0523222676	0.0252180832	-0.0958862546	-0.0567090829	-0.0641228185	-0.1182914042	-0.0050075267	0.0389222937	0.0846667406	-0.0241780828	-0.0417828955	-0.1433050638	-0.0478431826	0.0227859291	-0.0021528252	-0.0096447285	-0.0084116915	0.0339386129	-0.030786643	0.1492126775	-0.0698264383	-0.0915015703	-0.0604393502	0.0620295732	0.0461991923	0.067017042	-0.0336794593	0.130864098	-0.0575551078	0.0379219473	0.1337673194	0.0269499045	-0.0428031011	-0.0289230011	-0.0077374974	0.0979351456	0.1589978007	0.1256376625	-0.0047650032	-0.0319602078	-0.2611029374	0.0532324623	0.0114622041	-0.1278994937	-0.056640743	0.0290054112	0.0062251818	0.0100626956	-0.0961038107	0.0957397887	0.0882322702	0.0898069883	0.0275106059	-0.0768606519	-0.0791797888	-0.0298747689	-0.007034693	0.0594650241	-0.0902105242	-0.0477400404	0.1176989718	0.0307444076	-0.1079928251	0.0311168908	0.0337727261	-0.0861536176	0.0715229142	0.0741528438	-0.0417805635	0.0005918597	-0.0231415086	0.0003801029	-0.0256787616	-0.1337420633	-0.037626351	0.0219856818	0.0078443776	-0.0407540797	0.1097210707	0.0160183346	-0.1706637408	-0.2017637139	-0.0315530723	-0.1115831601	0.0283405221	-0.0583348977	0.0383729716	0.1165238809	0.0805179297	-0.0112036766	-0.0093805337	-0.0295256408	-0.0729101825	-0.1057388844	-0.0052475491	-0.0188031201	-0.116898132	0.0868140222	0.0496150833	-0.0069482754	-0.0439973572	-0.0768835629	0.0382182304	0.0125074584	-0.0592862243	0.0873563013	-0.0878597406	0.3347432072531546	0.0534431512144806	0.0028561704117338	0.1120530148021284	0.3730097111422026	-0.0342380935399688	0.1391362446063894	0.0011722470492516	-0.1091482573391715	-0.1498520355347352	0.0224556325539035	0.011913342080178	0.0109358791936752	0.0028225810643048	7.966963864572578e-06	0.0001195934537386	0.0090159688509146	0.0010409362055866	1.08354818410103e-06	8.128769432066233e-05	1.420539390766147e-05	0.0016631060391001	2.017932160718256e-10	2.7659216972914275e-06	0.0	0.0	0.0	0.0	0.0	0.0	0.0	0.0	0.0	0.0	0.0	0.0	0.0	0.0	0.0	0.0	0.0	0.0	0.0	1.0	0.0	0.0	0.0	0.0	0.0	0.0	0.0	0.0	0.0	0.0	0.0	0.0	0.0	0.0	0.0	0.0	0.0	0.0
813.0724535410284	2.0203297032699084	4.081732109914676	661086.8147072277	940.8462483312948	11.13002193977536	885191.6629990723	123.87738837988088	772.5072507406411	-0.2294030130058217	0.0526257423761492	596767.4524468638	775.8942646704161	683.0662782913721	1.230853	42.723118	0.452620680495029	0.3113006226261161	-0.1236285227	-0.1076116492	0.1148178145	0.0326777392	0.053240089	0.0846755186	0.0174203992	-0.0390696978	-0.0165108014	0.1152563584	-0.1372941624	-0.0970386868	0.0547769654	0.0209800961	-0.1054497941	-0.0381065088	0.0189082258	-0.049732326	-0.0016994416	-0.0554553249	0.0596361297	0.0789649865	-0.1393234167	-0.0247577088	0.0559204788	0.1386608822	-0.0830498432	-0.0210473392	-0.0665169196	-0.0251913222	-0.0945685928	-0.0552677324	0.0388552976	0.1085858593	0.0079294602	0.1295054806	-0.0589061989	-0.0591200506	-0.0699240535	-0.1426742359	0.0069717217	0.0351985168	-0.0716950604	0.0983042294	-0.0180294442	0.1829549693	0.0194366724	-0.1014148627	-0.0112198597	0.071372089	-0.0286408938	0.0314597627	0.067639671	0.0215885321	-0.0924313678	0.000164567	-0.0346379344	0.1315609176	-0.0167302891	0.0103156833	-0.0590192851	0.0062752305	0.0619760741	-0.0496335662	0.0613151735	-0.0176173549	-0.1271566238	-0.0069553478	-0.0952020534	0.0709570803	0.0271778139	-0.0177029748	-0.0372488563	0.0098457565	-0.0315796393	0.1129542279	0.1098837352	-0.0276177166	-0.0067203436	0.049622664	0.0104394752	-0.0075175237	0.0779980638	-0.0455403772	0.1192193722	-0.0711502035	0.0326544391	0.0197500166	0.0525531239	-0.0754774901	0.0802789045	0.0037208501	0.1122050164	-0.1618558427	-0.0446968336	0.0920441088	-0.0317983681	-0.0609904383	0.0132244547	-0.028832794	-0.0236175988	0.0173911673	0.0371119297	-0.0221518438	0.1694542058	-0.0258084845	-0.0267203349	0.1288295612	-0.1438586728	0.0427130419	-0.0887053316	-0.0834488843	-0.0875000838	0.0401630691	0.121305314	0.0482952173	-0.0327771937	-0.0687432765	0.0361973296	-0.0094648845	0.0866905023	0.0711929642	0.0752481892	-0.0886009032	-0.0437474471	0.002232225	0.0117832964	0.0473082218	0.0433165689	-0.0089461377	-0.0330847437	0.100161898	0.0287037269	-0.044738242	-0.0092301446	-0.0290986245	0.0181567807	-0.0101430221	0.0181268863	-0.0613189883	4.43886e-05	-0.008549481	-0.0220163328	0.1586585447	0.0113025864	-0.1981303125	-0.0573693895	0.0008890499	-0.1512670909	0.0110664274	-0.1245634722	-0.0927168151	0.112265691	0.0426427798	0.0242032269	0.0063144681	-0.0483215058	0.0036056289	-0.0826302493	-0.0365504602	-0.0798340496	-0.027502322	0.0601230404	0.1494900511	0.222860188	0.0429529577	-0.0775211985	0.0403752488	0.0089476998	-0.0555720611	0.0854361313	-0.089533037	0.2918446858150361	-0.0428985214381185	0.0018402831415767	0.0851733206384771	0.3585540113414964	-0.0144556998007062	0.1285609790490779	0.0002089672567281	-0.0290007580893103	0.0801474992498612	0.0064236216360065	0.0008410439697546	0.0169737431313598	0.0060378639376846	3.64558009299922e-05	0.0002881079558893	0.0091392087340913	0.0001232398831766	1.5188068805406448e-08	8.35251362852907e-05	-0.0001270699853579	-0.0001412753792655	1.614678117885692e-08	1.9958732786628243e-08	0.0	0.0	0.0	0.0	0.0	0.0	0.0	0.0	0.0	0.0	0.0	0.0	0.0	0.0	0.0	0.0	0.0	0.0	0.0	0.0	0.0	0.0	0.0	0.0	0.0	0.0	0.0	0.0	0.0	0.0	0.0	0.0	0.0	0.0	0.0	0.0	0.0	0.0
810.7671959570913	-2.305257583937077	5.314212528299412	657343.4460401245	932.9792311954176	-7.867017135877177	870450.2458419924	61.88995861618514	772.1058877198179	-0.4013630208231689	0.1610922744842995	596147.501851608	773.6754080296723	654.2168880144359	1.259187	43.706604	0.4242035486776864	0.2889615027208576	-0.0725939421	0.0550777557	0.1072149338	0.0019372967	0.0055911084	0.1169934248	-0.0714708837	-0.0221992529	-0.0582366602	0.0879494518	-0.0723894507	-0.0731524228	0.0326522557	0.0974115226	0.0503976035	0.0215676916	0.0759192191	0.1019926692	-0.0323355865	-0.0080375652	0.0312828846	0.0620153715	0.0193057745	-0.0763991807	0.0761610366	0.1661044558	-0.0562269656	-0.0138839644	-0.0389106041	0.0026960215	-0.1051160674	-0.0760683018	0.043483655	-0.0862975477	0.0492182555	0.0567575392	-0.0521073966	-0.1372747999	-0.0449595225	-0.0639427093	-0.0923603675	-0.0227007422	-0.1271131615	-0.0759824014	0.1207248946	0.0662511375	0.1147927939	-0.0029861338	0.0527792803	-0.0563119778	0.0372285074	-0.088373095	0.0603454536	0.0604717266	-0.0287193564	-0.0286461919	-0.0527659182	-0.0579500844	-0.076169907	0.0633337353	0.0710102735	0.0092400535	0.0830367049	-0.0585291513	-0.0528727691	0.0547828361	0.1159715561	0.0724050035	0.018119505	0.0001827047	0.1018893185	-0.0351732127	-0.0161466623	-0.0130766068	-0.0800043893	-0.0199642337	0.1285695627	0.0898994796	0.03241852	-0.0675583947	-0.0381351191	0.0433356278	0.022037405	-0.0272114868	0.0413329895	0.0444692445	0.0190427838	0.0900908886	0.07223712	-0.0361553903	0.0579389694	0.005992521	0.0383562489	-0.2314558833	0.0560643511	-0.0094318341	0.0389532443	-0.0216082055	-0.0503036383	0.0983545939	-0.0579385778	-0.025691421	0.1039039908	-0.123721907	0.0823176604	0.0665486079	0.0553647248	0.1031415535	-0.1202919654	-0.0465015225	-0.0895986874	0.0877972406	0.0058149512	0.0056969882	-0.1144644181	-0.0439844815	0.0206840248	0.0115058181	0.0404294912	-0.0015426023	0.0497034982	0.0352789057	-0.1355180687	0.0434617892	0.0295146021	-0.0573574172	0.0580272505	-0.053202411	-0.0314817902	0.0636462284	-0.0208395894	0.1385870401	0.0095732179	0.0362542483	-0.1139063822	-0.0323609531	0.0455783207	0.0137919998	-0.0963291238	0.0286143748	-0.0439634791	-0.0086064785	-0.0568205686	0.0660494793	-0.0357237657	-0.2299896689	-0.0360688981	0.0042202453	-0.0890296632	0.1153300106	-0.0368316557	-0.1163397222	0.0773205269	0.032659049	0.0682501591	0.0136138425	0.0219125799	-0.0421026125	0.0665861196	0.0747292206	0.0007331975	-0.0278680499	0.1724966479	-0.0083632588	0.0899693424	0.0337621812	-0.0781455512	0.042504596	0.0053741445	-0.0517055788	0.0831501106	-0.0906543325	0.2986665996660633	0.0068219138510272	4.6538508590836845e-05	0.0892017377560885	0.3716371290492901	0.0130831177077936	0.1381141556879987	0.0001711679689559	0.1613866334777753	0.1903873915670856	0.0362473588677187	0.0260456454652897	0.0136955602055473	-0.0032781829258125	1.0746483295088606e-05	0.0001875683693437	0.0087792684908383	-0.0003599402432529	1.2955697871302802e-07	7.707555523422621e-05	-0.000767169327328	-0.0006400993419701	5.885487767928961e-07	4.09727167590555e-07	0.0	0.0	0.0	0.0	0.0	0.0	0.0	0.0	0.0	0.0	0.0	0.0	0.0	0.0	0.0	0.0	0.0	0.0	0.0	0.0	0.0	0.0	0.0	0.0	0.0	0.0	0.0	0.0	0.0	0.0	0.0	0.0	0.0	0.0	0.0	0.0	0.0	0.0
815.3163437816814	4.549147824590136	20.69474592997317	664740.7404375289	940.9696039270472	7.990372731629577	885423.795514624	63.84605639036951	771.3175512489832	-0.788336470834679	0.6214743912480766	594930.7648647279	774.2760512154758	665.8942970701054	1.048481	36.392967	0.1716676020607548	0.1037859684106997	-0.1186997242	0.0083299147	0.0713834468	0.0334975622	-0.0567609553	0.1534318865	-0.1326689661	0.0622619729	-0.0326969115	0.0571206558	-0.0307455395	-0.0644561002	-0.0003158044	-0.0417142271	-0.1036778126	0.1299227328	0.0301503971	0.0695037785	-0.0115433759	-0.0191316616	0.0739014935	-0.0271630511	-0.0088416892	-0.0535297418	-0.0191944576	0.1364103093	-0.1082558652	-0.015974523	-0.0698841283	-0.1027918411	-0.1000776284	-0.0737241219	0.0010936972	-0.1205449788	0.0442393121	0.1445295697	0.0243686791	-0.2021963188	0.0505408594	0.0323967012	0.0453685747	0.0164407643	-0.1507966545	-0.0374783695	0.09057553	0.0306872725	-0.1695821124	0.0207419825	0.0472275262	-0.0279406281	-0.0390971155	0.0929216179	0.0354997716	0.0328340226	0.0791075299	0.0285964743	-0.0483177113	0.0344770737	0.0551657352	0.0115229932	0.0191447739	0.0973897129	-0.0081067521	0.0286364424	-0.108478939	-0.0721430286	-0.0440486695	-0.1123464492	-0.0228897058	-0.0834266471	0.0292825329	0.027535364	-0.0096303496	0.0308117067	0.0576142985	0.0050045633	-0.0345311568	-0.1164387063	-0.049176003	0.0384432818	-0.131055462	0.0268280121	0.0346706304	-0.0865991151	-0.0503451683	0.0500596453	0.0833824897	0.0065704512	-0.0062796062	-0.0728937728	0.0737438194	0.0254308503	0.0892741507	-0.1855930485	0.0063816054	0.0372904661	0.1396793734	0.036127459	-0.07623288	-0.0035654103	-0.1189436875	0.0226556637	0.0584560052	-0.0716735498	-0.0300668491	-0.0125902934	0.0390653735	0.0459202441	-0.0130054814	-0.0727111274	-0.1911292855	-0.0090035736	-0.0892392849	-0.0550898839	0.0550148777	-0.1055802316	-0.1433842838	0.0391497051	0.0748064896	-0.0616173964	0.0502220251	-0.0379247231	0.1242240924	-0.0290378826	0.1090601238	-0.0159868709	-0.1480291938	-0.0217901346	0.0171857291	-0.0466105846	0.0046256759	0.0288691063	-0.1175617798	-0.0350724256	0.0585934536	0.0048958209	0.0010407435	0.1115214481	0.010911841	0.1047998997	0.0541234349	0.0356420887	-0.062735698	0.0790654729	-0.0488089462	-0.2300202358	-0.0246775187	-0.0127168618	-0.1319323981	0.0143319287	-0.0573265631	-0.1780617564	0.0612582167	-0.0038560478	0.0626634483	0.0580665184	-0.0395188237	0.0120492559	0.0579288366	-0.016538616	-0.0611532692	-0.0048265428	0.0749507765	0.0009561618	0.1841109481	0.0391117261	-0.0787565141	0.0446048127	0.0017923027	-0.047697375	0.0805080284	-0.0912167139	0.2952864018487133	-0.0033801978173499	1.1425737284417668e-05	0.0871940591167597	0.2934211515645444	-0.0782159774847456	0.0860959721854633	0.0061177391338942	0.2246918435980944	0.0633052101203191	0.0040075496283777	0.0504864245795105	0.0133641418930433	-0.000331418312504	1.0983809786299908e-07	0.0001786002885373	0.0087822218209752	2.9533301369004394e-06	8.722158897524369e-12	7.712742011281297e-05	-0.0005662166372021	0.0002009526901259	3.206012802444546e-07	4.038198366883599e-08	0.0	0.0	0.0	0.0	0.0	0.0	0.0	0.0	0.0	0.0	0.0	0.0	0.0	0.0	0.0	0.0	0.0	0.0	0.0	0.0	0.0	0.0	0.0	0.0	0.0	0.0	0.0	0.0	0.0	0.0	0.0	0.0	0.0	0.0	0.0	0.0	0.0	0.0
814.0525548956322	-1.2637888860492694	1.5971623485016533	662681.5621321063	927.3080414023864	-13.66156252466078	859900.20364953	186.63829061521585	774.3297588510109	3.0122076020276154	9.073394637712957	599586.5754422647	775.5856688265093	671.4319503969451	1.278306	44.370239	0.4589606079599277	0.2236192785253783	-0.0356618039	0.1186168307	-0.0192035261	-0.0487515504	-0.0455541026	0.0165502262	-0.071127882	-0.0599285601	-0.0122126124	-0.0303668418	0.0221262682	-0.0618550782	-0.0909003093	-0.0242239422	0.0144029775	0.0484099387	0.1557322159	0.1048210589	-0.0482431534	-0.0399055594	0.0043975426	0.0327838441	0.1112814377	-0.0490030939	0.0314718247	0.0265653466	0.0220930825	0.1075918389	-0.0725597771	-0.0055981208	-0.071995067	-0.1249949216	-0.0268578723	-0.03256922	-0.0468554354	-0.021604026	-0.0303123251	-0.0647262934	0.0052470466	0.032061405	0.0826945456	0.0358375428	-0.0327377623	0.0476538582	0.1432856706	0.0283771966	-0.0694804667	0.1607068417	0.1127761541	0.0589749124	0.1098730018	0.0120895281	-0.0454001724	0.0002155653	-0.0473257036	0.1172447077	0.0517099749	0.0716323455	0.0210456081	0.0970600618	0.0173146898	0.0236215889	0.039366918	0.0773074123	0.0564427102	-0.0637021954	0.0090154778	-0.0368267502	-0.0465497124	-0.0525935409	-0.044390235	0.0616558256	0.0318053489	-0.0010246075	-0.0681765363	0.0318128055	0.0580762404	0.0061347276	0.0297689884	-0.158392627	0.1220716276	0.0635611216	0.0334873157	0.0013933072	-0.0328880282	0.1360153207	-0.0442841597	0.0484380457	0.0283843232	-0.040979945	0.0373644206	-0.0323534267	-0.0165426734	-0.052122514	0.0202160896	0.0664706836	0.0446110456	-0.0122383407	-0.1601185146	0.0529304084	-0.0253468001	-0.0612121623	0.0909925952	-0.0205568092	-0.0670781709	0.0529429199	-0.0345326442	-0.0183009182	-0.0980511326	-0.1627816589	-0.1204897436	-0.0307597397	-0.032160132	-0.0534778083	-0.1135716413	-0.1108966791	-0.0117320679	0.1597413232	0.0697243086	-0.0005894266	-0.0492104362	0.0218346475	0.0352900548	0.0288127112	-0.0934396717	0.0990339026	-0.0085816739	0.0292772162	-0.0954943344	0.0163086102	-0.0137951181	-0.1146642602	-0.0189400536	0.0002354677	-0.0243629982	0.0165523399	-0.0301542885	-0.0093736672	0.0722243828	-0.0748607353	0.0737143807	-0.0670958159	-0.0719681151	-0.0199803122	-0.0398690275	-0.1454655983	0.0074431206	0.0454752024	-0.0128117431	0.1336826365	0.0182045046	-0.0974014989	0.0507142244	0.0111054006	0.0413427578	0.0211422779	0.0249876142	-0.0014293951	0.0199139739	0.1205297167	0.1531374823	-0.1545616726	0.1850091035	-0.0088704079	-0.0979546379	0.015137721	-0.0793539824	0.0466744595	-0.0017923027	-0.0435584361	0.0775211985	-0.0912167139	0.1966096893145845	-0.0986767125341288	0.009737093596543	0.0386553699323774	0.3654569532750855	0.072035801710541	0.133558784697108	0.0051891567280803	0.2844726084290272	0.0597807648309328	0.0035737398437712	0.0809246649464146	0.0110233115001834	-0.0023408303928598	5.479486928136631e-06	0.00012151339643	0.0068392145494626	-0.0019430072715126	3.775277257150841e-06	4.677485565358092e-05	-0.0002807077238881	0.000285508913314	7.87968262504378e-08	8.151533958174118e-08	0.0	0.0	0.0	0.0	0.0	0.0	0.0	0.0	0.0	0.0	0.0	0.0	0.0	0.0	0.0	0.0	0.0	0.0	0.0	0.0	0.0	0.0	0.0	0.0	0.0	0.0	0.0	0.0	0.0	0.0	0.0	0.0	0.0	0.0	0.0	0.0	0.0	0.0
815.458858131914	1.4063032362818149	1.977688792376706	664973.149305805	951.2018673058712	23.893825903484867	904784.9923661764	570.9149163060445	771.6582944494234	-2.6714644015875137	7.136722048949333	595456.5233925929	775.723664102299	671.9417321762141	1.433014	49.740181	0.6942677234163942	0.4012037818432587	0.0277484022	0.1139188634	-0.0555355371	0.0196544549	-0.1000970766	-0.0377922462	-0.1993313805	-0.0342721871	0.0419477472	-0.0576295302	0.1644218131	0.0302551318	0.0278125369	-0.0279253342	-0.1859075842	-0.0975580157	0.0317869853	-0.0189954516	-0.0504497619	0.0772612568	0.0193314642	-0.1335160789	0.0247213425	0.0638940927	-0.0437824725	0.0930994219	-0.0207011048	0.1030527045	-0.052534052	-0.1143436431	0.038481898	-0.0466658645	-0.0295975315	0.0263512242	0.1291478092	-0.0585481324	-0.0154428974	0.0293984073	-0.0412959899	0.0419212228	-0.0483386179	0.1273475658	0.0546333265	0.0816798114	0.0075821232	0.0540087126	0.0673322902	-0.0758445757	0.0070222159	0.0498866785	0.0783856254	0.0415312542	0.081480922	-0.0113847976	0.0301359553	0.0333013827	0.1253193287	0.0552731808	0.115609646	-0.065981075	0.0266202049	-0.008350272	0.0347779863	-0.0244476669	-0.0329947695	0.0402220986	0.0876904972	-0.1428249137	-0.0200016302	0.0354493736	0.0614435123	-0.0895207161	-0.044465069	0.0368221407	0.0052963921	0.0304046009	0.0190548095	-0.101068164	-0.0503343334	-0.0084302242	0.0454171192	0.0775015454	-0.0973944894	-0.0158239249	-0.1453360656	-0.0052155634	-0.0430032579	-0.1067571323	-0.0829215098	-0.0693839872	0.11589458	0.0049090723	-0.0323646224	-0.086394799	-0.0511735691	0.0908122114	0.0689103661	0.0221066205	0.0009421407	0.0270176655	-0.0550141038	-0.0900387487	-0.1074471886	0.043057524	0.0747706918	0.0381959128	-0.0041542387	-0.116844496	-0.0950936951	0.1361714055	-0.0663999786	-0.1551847771	-0.0180906088	0.0798926288	0.0527284665	0.0945512688	0.0095329705	0.0594562891	-0.0342228673	0.0009803823	-0.1418721696	-0.0476187404	-0.0270981585	-0.0130357404	-0.05090382	-0.108172905	-0.074363876	0.0571199681	-0.0094703445	-0.0077043197	0.0568385346	0.0020597007	0.0170770388	-0.0507034717	-0.0776724244	-0.0536183773	-0.0288432948	0.1125720158	0.069051741	0.015831713	0.0141122078	0.0446019783	-0.0343095256	-0.1278054534	-0.033892291	-0.0561526708	0.1004641833	0.0908326356	0.0479426007	-0.0856312428	-0.0036425389	-0.1566251566	0.0551534607	-0.0180176895	0.0057138333	0.1604676219	-0.0743487829	-0.1857989615	0.0425170139	-0.2901121124	-0.0627509976	-0.1347497776	-0.1007801927	-0.1097473176	-0.0266348822	0.0856571291	-0.0799378539	0.0487121179	-0.0053741445	-0.0393001065	0.0742024108	-0.0906543325	0.1097892066404711	-0.0868204826741134	0.007537796211766	0.012053669894744	0.3192049710019802	-0.0462519822731052	0.101891813512375	0.0021392458641916	0.6227273655587027	0.3382547571296754	0.1144162807208557	0.3877893718156821	0.0093222346619973	-0.0017010768381861	2.893662409413224e-06	8.69040590933439e-05	0.0047639948963167	-0.0020752196531459	4.306536608802989e-06	2.2695647372131567e-05	0.0004018058115699	0.000682513535458	1.61447910211346e-07	4.6582472608337866e-07	0.0	0.0	0.0	0.0	0.0	0.0	0.0	0.0	0.0	0.0	0.0	0.0	0.0	0.0	0.0	0.0	0.0	0.0	0.0	0.0	1.0	0.0	0.0	0.0	0.0	0.0	0.0	0.0	0.0	0.0	0.0	0.0	0.0	0.0	0.0	0.0	0.0	0.0
815.6731720887911	0.214313956877163	0.0459304721123465	665322.7236653907	936.8126865990636	-14.38918070680768	877618.0097729553	207.04852141316636	777.4651399835981	5.806845534174727	33.71945505776497	604452.0438897158	777.386055828011	677.030459346985	1.630875	56.607967	0.7822079040582698	0.5199367017025293	0.2278092143	0.038368417	-0.1064510794	0.1340839363	0.0222291116	-0.1092937611	-0.0578344091	0.0171929206	0.1237218384	-0.1901925313	0.3232659798	0.1133051776	0.0153967413	0.2229859764	-0.0290818522	-0.113714524	0.2564331379	0.0404422121	-0.1023559859	0.0543207705	-0.1725495054	-0.0031391194	0.1312950615	0.1146650897	-0.0758612575	0.0239562762	0.0846069746	0.1569697164	-0.033535936	-0.1247761194	0.3227848438	-0.0190847992	-0.0019455218	-0.0450693052	0.0167509628	0.0080396625	-0.0760019963	-0.0071486741	-0.1212824181	0.0437024933	-0.0360730525	-0.1272640055	-0.1711682823	-0.0011461536	-0.0973535376	0.0251233389	0.0184759651	0.09857008	0.0554982798	-0.1229667452	0.0030937124	-0.0989960601	0.0156765314	0.0167443396	0.0213100065	-0.0275945965	-0.0726266298	-0.092437208	0.0581431928	0.0245943715	0.1673866921	0.0619139769	0.0213260876	0.037103023	0.0645403138	-0.0365454924	-0.0444166611	-0.1319311646	0.0108179141	0.1247051615	0.0635619176	-0.016677598	0.0402533046	-0.007317411	0.0482678335	-0.0216869823	0.0325368534	0.0270430143	-0.0591220598	-0.0258202933	0.019507969	0.074866186	-0.1012363721	0.2119757929	-0.1160796201	0.1043360215	-0.1132342805	-0.1444497241	-0.1557867462	-0.0167318004	0.1213072311	-0.1683121263	-0.3502456561	-0.0917641356	-0.0278447639	0.1402137302	0.028514319	0.067274379	0.2075919346	0.1018479053	0.1341869752	-0.1146708723	0.0138262576	0.0612361849	0.0274925758	-0.0902148242	0.0088869113	0.0385032641	0.0067887851	-0.0737762117	-0.0824409804	0.194643047	-0.0874478248	-0.0018408705	-0.0912156624	0.0953060618	0.0586369429	-0.0005490996	0.0318890156	0.0927372506	-0.0035646482	-0.011352684	-0.0296901912	-0.0940645139	0.0530530059	0.0026250056	0.0188230451	-0.0564003109	-0.0038300014	-0.0499227354	-0.0406833862	0.0222850003	-0.0327338906	-0.0226045663	0.0153521222	-0.005310941	-0.0718334457	0.0539628092	-0.010993245	-0.0117099275	0.0345291946	0.0401854613	0.0579017164	-0.1941335703	0.0558169148	-0.0475601404	0.1058133338	0.2873110784	0.1751397576	-0.1300756085	-0.0419067295	-0.2122486508	0.1472576503	-0.0961632374	-0.0699688873	-0.042063807	-0.1034178893	-0.2931607577	-0.0945794343	0.0343293523	-0.1460052525	-0.2039779585	0.028488632	-0.1907714527	-0.2376156805	0.1347600364	-0.0805080284	0.0507163915	-0.0089476998	-0.034934058	0.0705658771	-0.089533037	0.0109781571713369	-0.0988110494691341	0.0097636234971916	0.0001205199348785	0.3192344392849406	2.946828296040982e-05	0.1019106272255704	8.683797006347796e-10	1.063429422414913	0.4407020568562103	0.1942183029172944	1.1308821364577155	0.0062158634956906	-0.0031063711663066	9.649541822861644e-06	3.863695899705896e-05	0.003588019042136	-0.0011759758541807	1.3829192096160276e-06	1.287388064673054e-05	-0.000169153756942	-0.0005709595685119	2.8612993487593213e-08	3.25994828875295e-07	0.0	0.0	0.0	0.0	0.0	0.0	0.0	0.0	0.0	0.0	0.0	0.0	0.0	0.0	0.0	0.0	0.0	0.0	0.0	0.0	0.0	1.0	0.0	0.0	0.0	0.0	0.0	0.0	0.0	0.0	0.0	0.0	0.0	0.0	0.0	0.0	0.0	0.0
805.9631659069029	-9.710006181888277	94.28422005230853	649576.6247986779	926.564891365642	-10.247795233421584	858522.4979114239	105.01730714613814	763.6062980328414	-13.85884195075664	192.0675002160521	583094.5783954207	767.1293484950007	667.1528643350375	2.182697	75.761818	1.0085748387441094	0.7999564262095543	0.0111542403	-0.0035863454	-0.0508561779	0.1957140583	0.1555866703	0.0745792606	0.0106348229	0.0702829728	0.0671052307	0.0925195998	0.1646259262	0.0870973378	0.0124820833	0.0725634898	0.0553294193	0.1123828436	-0.018014976	-0.1911207085	0.0615591489	0.2487131316	0.1363579577	-0.3215323703	-0.1643720706	0.2584350485	-0.130213621	0.2096626247	-0.013252354	0.0661602631	0.0002452786	-0.1077016382	-0.0325248051	0.0076910003	-0.1011692799	0.205255344	-0.2331931385	-0.060042458	-0.0035365727	-0.0090936798	0.0464583178	0.0646376504	-0.0398145701	-0.0612020369	0.0562792287	-0.0080716864	-0.0150841376	0.0587599893	0.0397377819	0.0771750469	0.0132113595	0.0584817034	-0.0228953879	-0.0543314215	0.0484566414	0.0263848257	0.1531303808	-0.0632941651	-0.0534194971	-0.1044857458	-0.0259600843	0.1009687657	0.0463569997	-0.1006218271	0.0419876245	-0.0891843596	0.0429920434	-0.0597974092	-0.0192060804	0.101176729	0.1110034897	-0.0630864586	0.0389100292	0.0842782536	0.0026676849	-0.087551986	0.0010605132	0.0066519073	-0.0150150284	0.0133271035	-0.0547186717	0.02206377	0.0522903092	-0.0533477239	-0.2041186119	-0.162396673	-0.1118569944	-0.261970807	0.0572209888	-0.3260334465	-0.1831802948	-0.1642359908	0.0249221095	0.0406789146	0.0076118173	-0.0820720201	-0.0758620079	-0.0372778927	-0.2629959456	-0.1997469409	-0.1774282095	-0.2201616151	0.1158241773	0.1003332216	0.088099966	-0.0748112809	-0.1628083342	0.0719508644	0.1478138892	-0.06028726	0.1170269947	-0.0546940846	-0.1124479678	0.0293505546	0.0226580399	-0.045029082	-0.0627876188	0.0833783019	0.0800442838	-0.1287992292	-0.0202761352	-0.0577987683	-0.0133743612	0.0111022162	-0.0450892534	0.0281561365	0.0368830127	-0.0097007874	0.0435753882	-0.0930484964	-0.1325887382	0.0408438085	-0.0114825745	-0.011354192	0.0163813007	0.0246294809	0.0424537644	0.0357903598	-0.0181431817	0.056590233	-0.0330216459	-0.0466643532	-0.0136795724	-0.0118802073	-0.0378614775	-0.0817410127	0.0843974992	0.0570694976	-0.0347446455	0.0143538373	0.1072921432	-0.1448804269	0.0033422437	-0.0144504834	-0.0102548439	0.089987088	0.0954345327	-0.1325363787	-0.1571364576	0.160375138	-0.0012874137	0.0634946111	0.3393571168	-0.303560893	-0.1784958036	0.2637969524	-0.1005911069	0.2041049177	-0.0810644083	0.0526859066	-0.0125074584	-0.0304722578	0.0666271694	-0.0878597406	0.0079497364095857	-0.0030284207617512	9.171332310205724e-06	6.319830898189252e-05	0.3651929163624317	0.045958477077491	0.133365866161298	0.0021121816152822	0.2474201217818858	-0.8160093006330272	0.6658711787196022	0.0612167166625631	0.0039159673688388	-0.0022998961268518	5.289522194307911e-06	1.5334800433810273e-05	0.0035016425228102	-8.63765193257998e-05	7.460903090840265e-09	1.2261500357552585e-05	0.0003161464023172	0.0004853001592592	9.994854769810889e-08	2.355162445770049e-07	0.0	0.0	0.0	0.0	0.0	0.0	0.0	0.0	0.0	0.0	0.0	0.0	0.0	0.0	0.0	0.0	0.0	0.0	0.0	0.0	0.0	0.0	1.0	0.0	0.0	0.0	0.0	0.0	0.0	0.0	0.0	0.0	0.0	0.0	0.0	0.0	0.0	0.0
818.8102844291275	12.847118522224603	165.04845432408652	670450.2818869087	947.497511019209	20.93261965356703	897751.5333875961	438.1745655609007	771.8014765523021	8.195178519460683	67.16095096582978	595677.5192083138	774.413462009105	695.7585823942686	2.231845	77.467751	1.2059220528257166	0.7804472479036538	-0.1371530986	-0.0925516349	0.0154370401	-0.0299854405	0.0180154453	0.0189410593	-0.0283755212	-0.0200074707	0.1181020407	0.0534722158	-0.2420283246	0.4305896506	0.1309004379	0.0818660545	-0.1423392331	-0.1916276123	-0.0918850555	0.1277645992	-0.0083367448	0.0599994703	0.1259177007	-0.2146379989	-0.2954806467	0.115206739	0.0043308261	-0.0862085995	0.0153601845	-0.1699733094	0.0939841729	-0.0543790162	0.027059643	-0.1557663042	0.1075566303	0.0399918769	0.0345943795	0.0598296235	0.11857267	-0.0978672111	0.1647345246	0.133341283	0.0807007312	-0.0218378889	-0.0246161072	-0.120994013	-0.0597482429	-0.0008200989	-0.0208544127	-0.0015559136	-0.0284851939	-0.1027348901	0.0534835789	0.0540069096	-0.0809436057	-0.0618283672	-0.0216033797	-0.0053152864	0.0338905761	0.0884803905	-0.1300979435	-0.0355465526	0.0007541491	-0.0029564864	-0.0232912499	0.0272477603	0.0486467924	-0.0929010095	0.0463796804	-0.0297828025	0.0608664102	0.0880136491	-0.0498474341	-0.1686386438	-0.0375311325	0.1573212026	0.0128001457	0.0476787715	0.0267103833	-0.030892512	0.071021373	0.0033570622	-0.012535795	0.0122594449	-0.0526372881	-0.131825052	-0.0296071804	-0.4185176712	0.1351908693	-0.0405174968	-0.0241238935	0.3734901164	0.0700746518	-0.0655549243	-0.0871072722	-0.1310096719	-0.1082416606	-0.038031542	0.0637467067	-0.0352811471	0.0371576756	0.0088885537	-0.1227244372	0.1035045042	0.0050975828	-0.0212435007	-0.1028474296	0.0073246982	-0.0868996215	0.031585553	0.0398919548	0.0025052203	0.0067969705	0.0626293946	-0.0161649305	-0.0263559147	0.0064868331	-0.0589666763	-0.0515731796	-0.0260580365	-0.006082739	0.119696979	-0.0422828083	0.0760168449	0.0340592345	0.043100193	-0.0539823277	0.0754047348	-0.04036634	0.0754059093	0.0463982492	0.0155681525	-0.0321875408	-0.0418671339	0.0370294271	-0.0942823755	-0.096662243	-0.0735870121	0.0196215743	-0.0652094312	0.0831681523	-0.0123924258	0.0988091151	-0.0220681945	-0.0288837074	0.1434750902	0.0947897463	0.0887254213	0.0187236994	-0.1686275343	0.0608963315	0.1248341947	-0.0325177465	0.0297183488	-0.0346251634	-0.1468826037	-0.1367864979	-0.0446605672	0.0352003721	-0.1613024727	-0.1038115814	-0.1719254627	-0.1410126825	0.04402919	0.036978624	0.1010054646	0.1178096926	0.0456231905	-0.0816068982	0.0546193134	-0.0160479313	-0.0259269352	0.062403154	-0.0856447597	-0.0531053138799961	-0.0610550502895817	0.0037277191658633	0.0028201743622929	0.1537989099710301	-0.2113940063914015	0.023654104708277	0.0446874259382079	-0.1468214781662169	-0.3942415999481027	0.1554264391296398	0.0215565464509129	0.0141461717899888	0.01023020442115	0.0001046570824985	0.0002001141763118	0.0036530760597062	0.0001514335368959	2.2932116096832115e-08	1.3344964697998576e-05	-8.684356356941387e-05	-0.0004029899658866	7.541804533434828e-09	1.6240091260529424e-07	0.0	0.0	0.0	0.0	0.0	0.0	0.0	0.0	0.0	0.0	0.0	0.0	0.0	0.0	0.0	0.0	0.0	0.0	0.0	0.0	0.0	0.0	0.0	1.0	0.0	0.0	0.0	0.0	0.0	0.0	0.0	0.0	0.0	0.0	0.0	0.0	0.0	0.0
813.0076579657944	-5.802626463333127	33.67047387297391	660981.451911026	907.7674666382248	-39.73004438098417	824041.7734867807	1578.4764265149718	775.5115161049098	3.710039552607668	13.764393481913306	601418.1116113358	773.6676731824294	669.797720084897	1.765424	61.278164	0.73779553207053	0.3380052707602397	-0.0588283766	0.0134151699	0.067432791	0.0228308333	0.0375746365	0.0166758666	0.0285010174	0.1166849077	-0.0815344676	-0.0104606375	-0.0296879359	-0.0761237809	-0.3401105715	0.1567190641	0.0965582718	-0.2389661982	0.0099779363	0.1180733724	-0.0444276501	-0.0681288099	-0.02125612	0.0536819074	0.0304570353	-0.0377820948	0.0085912565	0.0051578399	0.0557876742	-0.136515236	-0.0258752055	-0.1951139939	0.0040256966	0.0987168771	0.0446983081	-0.001088964	-0.0046880364	-0.0041379235	0.0057973226	0.0400306145	0.0064625604	-0.0209791855	-0.0287058662	0.0021459439	0.0833189459	-0.0036191302	0.0314217515	-0.0177099928	0.0049869795	-0.0279181713	-0.007387989	0.0454961981	0.0095885743	0.0097745472	0.0802477846	-0.0355358396	-0.1227398216	-0.0568341425	0.1087627898	-0.0373924931	-0.1085054644	0.0394998754	0.036334863	0.0131431164	-0.0042186438	0.0481004764	0.1031679525	0.0161244657	-0.05117128	-0.0594682871	-0.1312277546	0.1278054484	-0.0551077769	0.0573893692	-0.028795619	-0.0766759309	0.1145609136	-0.1465479465	-0.0366014653	0.0428187509	0.0182552425	0.1279975966	0.0799336217	0.0500014228	0.0886471271	0.0531866463	-0.0174738522	0.0736517587	0.0559766949	0.0872306928	-0.0713526612	-0.0710173658	-0.2324344982	0.1437525352	-0.1637398946	-0.0542022574	-0.1809449315	-0.0902107913	-0.1559065126	-0.0596450815	-0.0078398713	0.1133143524	0.0178445438	-0.0079217047	0.0663558696	0.0785755609	-0.0817985551	0.0276288695	0.0178211112	0.0335252324	-0.1723533477	-0.0325527616	0.1763712407	0.084436878	-0.1421937076	-0.0247454443	-0.0931239845	0.051410181	-0.0940652344	-0.0473777384	0.1171031806	0.0371662225	-0.1221219221	-0.0471962937	-0.0109357257	-0.095713481	-0.0015138009	-0.0014085004	0.1134691018	0.0443299039	0.1608332024	0.0268378788	0.0117906174	0.0519152287	0.1240467176	-0.0135001312	-0.020173734	0.0327635464	-0.0315917216	0.0575599295	0.132951481	0.0047825355	-0.1016358996	-0.0693642008	-0.0309537751	0.0199847792	0.0445387023	0.0328225884	0.2594427598	-0.1031119065	0.0567400281	0.0161969231	-0.0395398324	-0.1283388418	-0.018105889	0.0682886585	-0.0903133977	-0.1387329199	0.0318806727	0.073783537	0.0323720706	0.0896779778	-0.0180289978	0.0903982509	0.0219514121	0.056515571	0.0309017173	-0.0729525572	-0.0821354052	0.0565152869	-0.0195636596	-0.0213105486	0.0579119187	-0.0829017503	-0.1220805384655534	-0.0689752245855573	0.004757581606628	0.0149036578720394	0.292419759257541	0.1386208492865109	0.0855093156042382	0.0192157398569135	0.1508622376431105	0.2976837158093274	0.0886155946580484	0.0227594147466863	0.0164992175540263	0.0023530457640374	5.536824367654821e-06	0.000272224179895	0.0027028600679144	-0.0009502159917918	9.029104310568742e-07	7.305452546726234e-06	-0.0014338966555228	-0.0013470530919533	2.056059618719471e-06	1.8145520325411776e-06	0.0	0.0	0.0	0.0	0.0	0.0	0.0	0.0	0.0	0.0	0.0	0.0	0.0	0.0	0.0	0.0	0.0	0.0	0.0	0.0	0.0	0.0	0.0	0.0	1.0	0.0	0.0	0.0	0.0	0.0	0.0	0.0	0.0	0.0	0.0	0.0	0.0	0.0
815.7314649898273	2.723807024032908	7.419124704171007	665417.8229744497	935.1234602494674	27.355993611242525	874455.8859089372	748.3503864583419	771.1565901073732	-4.354925997536611	18.965380444020248	594682.4864660312	773.1913933301494	679.8520021806767	1.136168	39.436607	0.3233948032151348	0.1738201782157572	-0.0968289794	0.0220128426	0.0480128972	-0.0407382096	-0.0409254973	0.0386164063	-0.0946515631	0.035868307	-0.00672023	-0.0528317708	-0.0813088807	0.0636464981	-0.1508126967	-0.0738405251	-0.0808473045	-0.0132656213	0.0239668334	-0.002149745	-0.0020131666	-0.0102507692	0.0767877942	-0.0673735045	0.029084457	-0.0357511931	0.0555193827	0.0420537549	0.0447914905	-0.1454594461	0.0714688936	-0.1937277509	-0.0555929363	0.065952434	0.0346149085	-0.0184571718	0.0264110409	-0.105849776	0.1181679176	0.023901194	-0.0467966108	0.0038222453	0.0263006183	0.0245096181	0.0709026783	0.0231301969	0.0130806322	0.015426743	0.0764102751	-0.0581337735	-0.0602090103	0.0662673832	0.0177717944	0.0038715517	-0.0483788448	0.0710788283	-0.0549975676	0.073279474	0.0470864251	-0.0645105938	0.0510259085	0.0006454142	-0.0944063543	0.0375222995	-0.055088704	-0.028659775	-0.0770706695	0.0075990009	0.0487657948	0.0124117856	0.0186380016	0.0544310962	-0.0531319208	-0.0508816126	0.0399410043	-0.0361244204	-0.0132861943	0.0251720606	-0.1125478941	-0.0551928075	-0.0462462483	0.0523559494	0.0039042309	0.0212000631	0.0053652982	-0.0907332653	-0.0964462338	0.0167914396	0.0469158885	0.0138509692	0.0276902378	0.0013998267	-0.1243918881	0.0310156579	-0.01492389	-0.0262783078	-0.1796059756	-0.0581903396	-0.0072308137	0.0372499836	-0.0236439392	0.0343923454	-0.1424503464	0.082301046	-0.0297144681	0.1099561992	-0.0146722379	0.0702930163	-0.0196099451	-0.0625382919	-0.0659527277	0.0352276381	0.0547888689	-0.0654088739	0.0821471012	0.0465940774	0.0343539909	0.0615145637	0.0673890491	0.071155979	0.0722433729	0.0163771722	-0.0088348041	-0.0055447791	0.0660401951	-0.0306772676	0.0256762105	-0.0657035321	-0.028129078	-0.0062482723	0.0519933656	-0.0665348822	0.0395616228	-0.0493401786	0.1354741167	-0.0603132404	0.0467162974	0.0978206374	0.0074071596	-0.0390648802	-0.1354166864	0.0001355694	-0.0437767927	0.02341518	-0.0471591202	0.0054764992	0.008295184	0.0271474027	0.226752529	-0.1568818304	0.0182075106	-0.0160690625	-0.0286466933	-0.1398215291	-0.0444349903	-0.031036125	-0.0628209109	0.0023566702	-0.0012164316	0.0354539886	-0.037543225	-0.0811425556	-0.0386969519	0.1233356328	-0.0588672438	0.0683870899	0.0419036789	0.0178683677	-0.0826498387	0.0583725276	-0.0230492221	-0.0166357513	0.0531726956	-0.0796476241	-0.1249784610658792	-0.0028979226003258	8.397955397479047e-06	0.0156196157303954	0.1947320274365154	-0.0976877318210255	0.0379205625095357	0.0095428929483366	0.2414829141500689	0.0906206765069584	0.0082121070105788	0.0583139978264095	0.0147213185324667	-0.0017778990215596	3.160924930862586e-06	0.0002167172193343	0.0020229283703052	-0.0006799316976091	4.623071134137285e-07	4.092239191385652e-06	-0.0012479579289551	0.0001859387265676	1.5573989924419024e-06	3.457321003761789e-08	0.0	0.0	0.0	0.0	0.0	0.0	0.0	0.0	0.0	0.0	0.0	0.0	0.0	0.0	0.0	0.0	0.0	0.0	0.0	0.0	0.0	0.0	0.0	0.0	0.0	0.0	0.0	0.0	0.0	0.0	0.0	0.0	0.0	0.0	0.0	0.0	0.0	0.0
811.2699024191911	-4.461562570636147	19.905540571701422	658158.8545712439	929.9266352798	-5.196824969667318	864763.5470028103	27.006989765357723	772.0679184492686	0.9113283418954552	0.8305193467419196	596088.8706985866	773.9956191162703	678.0198463449442	1.013756	35.187664	0.1127317531370973	0.051791146875854	-0.0533172637	0.0697753693	0.0307006593	-0.0769181461	0.046560191	0.0247460559	-0.0241885484	-0.1089502935	-0.0600852567	-0.0519573997	0.0071395563	-0.0029758613	-0.1200120936	-0.0269498491	-0.0320086558	0.0127764281	0.0670325514	0.00605886	-0.0337994957	-0.0019562727	0.0362316566	-0.0220887597	0.0717571479	-0.0799889421	0.1278243177	0.0474460585	0.1086671931	-0.072503702	0.0062231819	-0.1355314043	0.0346731802	0.0368401544	-0.0097784438	0.0550982624	0.0141633761	-0.1208693496	0.0132027897	0.0973534807	-0.0916794079	0.0867691781	-0.0144386443	0.0779951204	0.1120575202	-0.0321435672	0.0167634058	0.0875514471	-0.043735262	-0.0279723047	0.0161356756	0.0592217999	0.0955457013	0.1035748835	-0.0419261373	0.1088471817	-0.1134421274	0.0098421416	0.0172019472	0.0296296369	-0.0568298946	-0.0832576153	-0.0424080455	0.0677345134	-0.0588669447	-0.0215884792	-0.0671851422	-0.0128462451	0.040716563	0.0672724921	0.0228237228	-0.0671194165	0.107542932	0.0487445104	0.11329856	0.1186313209	0.0158141597	0.0839271264	0.0013847992	0.0813646029	0.0001645854	-0.0224027697	-0.0022118406	0.0521729915	-0.0069118231	-0.0429770842	-0.0578944568	0.0446161342	-0.0804303743	0.0460067441	0.0756410287	-0.0805319429	-0.1331696991	0.0026508169	-0.1048895682	-0.0028502703	-0.1440728399	-0.0392975383	-0.0488451944	-0.0121546723	0.0488998237	0.0387364646	-0.0914031156	0.0077783576	0.0051302848	0.1764888162	-0.0636355636	0.0939135849	-0.013669844	-0.0785076802	-0.0705432664	0.1062788269	0.0862867286	-0.071664196	-0.0096400761	0.0705000686	0.0188791479	-0.0536814647	-0.0390390231	0.0632915323	0.0104532073	0.0067953767	0.0798350724	0.0802238146	0.0822415649	0.0071311184	-0.1049547534	-0.090186954	0.0212879073	0.0141353646	-0.1127462737	0.0154317963	0.0559805944	-0.0903541506	-0.0619211619	0.0863904729	0.0613867594	-0.1000597689	-0.0114444983	0.0548290964	-0.1440136158	0.0292481644	0.0890976558	-0.0255745897	-0.0515419712	-0.0297203692	0.0071800795	0.0259471737	0.2464168935	-0.1373555929	0.0380827324	-0.0073191417	-0.0509857868	-0.0917972522	0.0066480069	0.0166136096	-0.1067699972	-0.0756361977	0.0612001396	-0.0093372821	-0.069374691	0.0905445052	0.0280640821	0.0744448862	-0.0610344283	0.0075372418	-0.0165675531	0.0416143466	-0.0831501106	0.0601897627	-0.0264992443	-0.0119153566	0.0482057789	-0.0759024438	-0.1124049352248306	0.0125735258410486	0.0001580935520755	0.0126348694628983	0.2369184498518279	0.0421864224153124	0.056130351880193	0.0017796942362031	0.2614951822229301	0.0200122680728612	0.00040049087342	0.0683797303258034	0.0150432005411292	0.0003218820086625	1.0360802750060592e-07	0.0002262978825206	0.0022210447969746	0.0001981164266694	3.9250118516251846e-08	4.933039990167943e-06	-0.0010087656281295	0.0002391923008255	1.0176080924955049e-06	5.72129567742443e-08	0.0	0.0	0.0	0.0	0.0	0.0	0.0	0.0	0.0	0.0	0.0	0.0	0.0	0.0	0.0	0.0	0.0	0.0	0.0	0.0	0.0	0.0	0.0	0.0	0.0	0.0	0.0	0.0	0.0	0.0	0.0	0.0	0.0	0.0	0.0	0.0	0.0	0.0
807.6302586428554	-3.6396437763356735	13.247006818619008	652266.6346755256	932.4083039768616	2.4816686970615365	869385.2453250075	6.158679521975104	771.2515391589994	-0.8163792902691966	0.6664751455804372	594828.9366551257	774.3365368028627	660.0668437264183	1.025361	35.590458	0.2634084968463811	0.13522026255913	-0.0593269185	0.1088435969	0.1025546566	-0.0739043452	0.0168151692	0.0066274591	-0.0959587677	-0.1295582395	-0.1354605144	0.0364836509	0.0302988175	0.0099845126	0.0042330417	0.0242793184	-0.0186600766	0.0016789975	0.0383588307	0.0678047101	-0.0147462988	0.0449358913	0.0363203249	-0.0466864334	0.0661429829	-0.0068231063	0.1590019343	-0.0075930898	-0.0077620265	-0.0118458591	-0.012302768	-0.1001583744	-0.0051589341	0.0721716239	0.1428864868	-0.0890123776	-0.1039671037	-0.0650019525	0.1057700358	0.0188238123	-0.0228446075	0.0180442233	0.0565474774	0.0380617243	-0.039178632	-0.0057884663	0.0197572575	-0.01798708	0.0901305429	-0.0893419207	0.065794412	-0.0307935502	0.0452702786	-0.0693037134	0.1018898818	0.0278253219	0.0267792177	0.0788256936	0.1067986227	0.0500297586	-0.0490763835	-0.0282689631	0.0537780776	0.0238084999	-0.020854403	0.0915872279	0.0334644612	0.0134895844	-0.0289840481	0.0144892081	0.0680890676	-0.0006647044	-0.0607375403	0.0185218131	-0.1193747203	0.0212850268	0.0761965174	-0.0067118891	-0.0536739476	0.1100053751	0.0215315394	-0.0905585	0.0274092028	0.0409763436	-0.0512886815	-0.052254899	-0.06065422	-6.4932e-06	-0.1213339277	0.0474008944	0.0621732483	-0.0282822318	0.0003593474	0.0304655377	0.0046077156	-0.0415132487	-0.1092077022	-0.0580689623	0.0186814802	0.0959646996	0.1017653911	0.0935312554	-0.0773960026	0.1430236819	0.0679617487	0.0581305577	-0.0244464631	0.0128052285	-0.0347794431	-0.0787144742	-0.0481234732	-0.0369253766	-0.0786540595	-0.0195560527	0.0584997764	0.0115894698	-0.0964733372	0.0771045839	-0.0189436406	0.0538072519	-0.0268122143	-0.1225173644	-0.0044959896	0.0116003864	-0.1208923407	0.0891623836	0.0637100615	0.0007295136	-0.0178049546	0.0727428052	-0.0170070696	0.0077676373	-0.0701359589	-0.0214250613	-0.0605107719	0.0278826574	0.0080232752	0.0228245975	0.12519253	-0.0689412873	-0.0300698718	-0.0980725309	-0.0080457313	0.0243192156	-0.0618609808	-0.0482503264	-0.0331057629	-0.0248913241	0.199193587	-0.0956910875	-0.0185699794	-0.0028388924	-0.0471524028	-0.0759876966	0.0286320749	-0.0113216399	-0.0485279403	0.0072413156	0.0726823793	-0.0388941227	-0.0083566599	-0.029340449	-0.0681025184	0.0961210926	-0.0857583009	0.0053226004	-0.035700714	0.0602815238	-0.0836361352	0.0619657467	-0.0299084066	-0.0071623028	0.0430324377	-0.0716892996	-0.0512684783746095	0.061136456850221	0.0037376663561989	0.0026284568748478	0.2649906101925694	0.0280721603407415	0.0702200234902302	0.0007880461861963	0.3447090353485436	0.0832138531256134	0.0069245453520111	0.1188243190509234	0.0138497076084842	-0.001193492932645	1.424425380273563e-06	0.0001918144008405	0.0024221938126074	0.0002011490156328	4.046092649004443e-08	5.867022865833574e-06	-0.0014338442104478	-0.0004250785823182	2.0559092198346745e-06	1.8069180114573565e-07	0.0	0.0	0.0	0.0	0.0	0.0	0.0	0.0	0.0	0.0	0.0	0.0	0.0	0.0	0.0	0.0	0.0	0.0	0.0	0.0	0.0	0.0	0.0	0.0	0.0	0.0	0.0	0.0	0.0	0.0	0.0	0.0	0.0	0.0	0.0	0.0	0.0	0.0
811.161879508692	3.531620865836544	12.47234594001206	657983.5947680738	929.6864233562842	-2.7218806205773944	864316.845773	7.408634112674782	774.4885946830312	3.237055524031802	10.478528465664809	599832.5832940966	776.5960260767137	649.8760586292628	1.027833	35.676277	0.1773131699936625	0.0863248881058087	-0.0313171337	0.1587065393	0.086537175	0.0036698057	-0.0621882196	0.056519808	-0.1143541265	0.0504183325	-0.1442388546	-0.0187989501	0.0376787768	-0.046286017	-0.0438513503	-0.0133776341	0.0031202214	-0.0107013769	0.0032019428	0.0805088074	-0.0838749179	-0.0046098907	0.001209955	0.017305345	0.1234839582	-0.0330728868	0.0789638092	0.0191391657	0.0497996868	-0.0738788927	0.053620662	-0.1409569671	-0.014389018	0.1001774758	0.0636895674	0.087467395	-0.0077313795	0.0160224699	-0.0105394522	0.0344867642	-0.1401195531	-0.0400979712	0.0848233022	0.0238425934	0.0362762825	-0.0103519628	-0.0206272789	0.0424240301	-0.0363188925	-0.0232295666	0.0591610853	-0.0605439174	-0.0604555097	-0.0399868299	-0.1090869394	0.009386053	0.0636118442	0.0261450986	0.0648731628	-0.0133330042	0.0290319382	-0.0135296446	-0.0119439684	-0.0830970374	-0.0422005959	-0.0385764098	-0.0398247695	-0.0336593241	-0.0172343441	-0.0409907709	-0.02864825	0.0260517016	-0.1163207125	0.0474331026	-0.0113055035	-0.0542829556	-0.1233082189	-0.0975966579	0.0430956885	-0.020917541	0.0376497664	-0.0300578803	0.0149315719	0.0883958787	-0.0111065977	-0.0091191644	-0.0546314109	0.1305966002	0.0011763364	0.0134917596	0.0995269265	-0.0059834389	-0.0451777012	0.0585327842	-0.0412193091	-0.0280069992	-0.1557918722	-0.1072598444	-0.0344179771	0.0461997522	0.0640590838	-0.0268935359	0.0821595301	0.0599356771	0.0319662645	0.1079410455	0.0967201644	0.0109978548	0.0393296028	0.031094329	0.045474875	-0.0079357128	-0.0124958335	-0.082060056	0.0003645227	-0.1097830519	-0.0266642211	-0.0518853741	0.0061102463	-0.1068034155	0.0177239271	0.0101187751	0.0022189623	-0.0146839564	0.0026914976	0.0087072768	-0.0666892425	-0.051834985	-0.0677153716	0.0174698756	-0.0590781037	-0.0701954616	0.0485122841	-0.0272296095	-0.0444977275	-0.0901683384	0.0269432003	-0.0274433466	0.0252334446	-0.0083095975	0.102811512	-0.0945248836	-0.0391619088	0.0147866589	-0.0766910116	-0.0638511973	-0.0187804779	-0.0060476002	0.1859201694	-0.0717125949	0.0276390934	0.0313548016	-0.0668850621	-0.1102511284	-0.0214299257	0.0008235315	-0.0016919479	-0.0198260639	0.0618284326	0.0375424511	0.1303245949	0.0398175848	0.0371538248	0.0496813753	-0.0345231492	-0.0519701667	-0.0315620232	0.0172918992	-0.0841078291	0.0636992625	-0.0332714524	-0.0023896175	0.037674825	-0.0670341672	-0.0517535997660445	-0.000485121391435	2.3534276442783106e-07	0.0026784350887439	0.1973104180486302	-0.0676801921439392	0.0389314010705252	0.0045806084086405	0.3159142983965353	-0.0287947369520082	0.0008291368761353	0.0998018439313751	0.012862576150991	-0.0009871314574932	9.744285143726494e-07	0.00016544586524	0.0030368781248639	0.0006146843122564	3.77836803734246e-07	9.222628745276876e-06	-0.0014390908308237	-5.246620375900157e-06	2.0709824193608475e-06	2.7527025368810702e-11	0.0	0.0	0.0	0.0	0.0	0.0	0.0	0.0	0.0	0.0	0.0	0.0	0.0	0.0	0.0	0.0	0.0	0.0	0.0	0.0	0.0	0.0	0.0	0.0	0.0	0.0	0.0	0.0	0.0	0.0	0.0	0.0	0.0	0.0	0.0	0.0	0.0	0.0
815.6553056321516	4.493426123459585	20.19087832698904	665293.5776058786	938.9304321494568	9.244008793172611	881590.3564163657	85.45169856825255	775.4034740990237	0.9148794159924593	0.8370043458067031	601250.5476448353	777.697761866066	667.4023472202819	1.042549	36.187065	0.0960288751081265	0.052763400050551	-0.0595261888	0.1076108547	0.026782524	-0.0185751286	-0.0807082337	0.0144963757	-0.1341555552	0.0148070441	-0.0452716253	-0.1148456214	0.0156831574	-0.0174619807	-0.0278595863	-0.033673031	-0.0813275911	0.0631152924	0.0390408772	0.0303497442	-0.0767401686	-0.0233512931	0.0161941731	-0.0136539368	0.0372409011	0.0017264251	0.0722388197	-0.0578347332	-0.0954537205	0.0185614192	0.0786280158	-0.1297903983	-0.0167904752	0.1600334263	-0.0179996015	-0.0944636737	-0.023839431	0.0268361206	0.1584282602	0.0245961829	-0.0811293737	-0.0811798617	-0.0715205975	-0.0717490063	0.0196705663	0.0414728509	-0.0428916465	0.0329315124	-0.1040077207	-0.0269365459	0.1646294102	0.0030509944	0.0300064769	-0.0200107933	0.0600649406	0.0274814925	0.0345641075	-0.0235120732	-0.0546151569	-0.0795052616	-0.0961950395	-0.071514767	0.025632326	0.1282758122	0.0563192414	0.002284604	0.0573668632	-0.0237270126	0.1073185251	-0.0237086138	0.0063875364	0.0476654167	-0.0829696452	-0.0581480866	-0.0007377869	0.0432901918	-0.0315425774	0.1490668644	-0.0313553322	0.0547991821	-0.0281301126	-0.0484921189	-0.0047858001	0.0879700398	0.0086499571	-0.0153864683	-0.0708801305	0.0550081748	-0.0208066388	0.0191351709	-0.0461769949	-0.0215414924	-0.0151959218	0.0043288917	0.0894035044	0.0098663532	-0.1417900567	-0.0843802226	0.1052769365	0.147413088	0.1088077836	0.0369107922	0.0018691483	0.1466349192	0.0299012327	0.0712167599	0.0269737732	0.0002601598	0.0967610521	-0.0097693982	0.0248109425	-0.0157949921	-0.0249673482	0.0253950254	-0.1763641204	0.0437959416	0.003841294	0.0725617615	0.0474873473	0.0211412274	-0.1061000914	-0.0213086003	0.0589969861	0.0238857589	0.0641681878	-0.0213870429	0.0073544306	0.0334453779	0.0552363227	-0.1012289785	0.0474822304	0.026203707	0.0795991126	-0.1271841699	-0.0081028878	-0.0554886337	-0.1233893588	0.0319870896	0.0179107852	-0.0890421954	-0.1499280517	-0.0271428664	-0.0265685828	0.0278372985	-0.0788604415	-0.0630039127	-0.0503360558	-0.0297975679	0.1724338088	-0.0433044406	0.0008745104	-0.0321819408	-0.0206757468	-0.1374151907	-0.0310317456	-0.0789874678	-0.0184027825	0.0386541273	0.043717094	0.0556198948	0.0597580323	-0.0312132329	-0.0238572715	0.0828162669	-0.0960664127	0.0790318793	-0.0117943867	0.005466746	-0.0845651116	0.0653891221	-0.036583196	0.0023896175	0.0321558829	-0.0619657467	-0.0148488896486185	0.036904710117426	0.0013619576288512	0.0002204895237968	0.2166669849992644	0.0193565669506342	0.0469445823886714	0.0003746766841143	0.3383250622865716	0.0224107638900363	0.0005022423381349	0.1144638477712125	0.0125345561973287	-0.0003280199536622	1.0759709000061681e-07	0.0001571150990639	0.0030551104540765	1.8232329212600294e-05	3.32417828516638e-10	9.333699886607518e-06	-0.001438206430698	8.844001256999752e-07	2.068437737301081e-06	7.82163582338132e-13	0.0	0.0	0.0	0.0	0.0	0.0	0.0	0.0	0.0	0.0	0.0	0.0	0.0	0.0	0.0	0.0	0.0	0.0	0.0	0.0	0.0	0.0	0.0	0.0	0.0	0.0	0.0	0.0	0.0	0.0	0.0	0.0	0.0	0.0	0.0	0.0	0.0	0.0
813.4174497414607	-2.2378558906908665	5.007998987499811	661647.9475439017	935.0769434970638	-3.8534886523930254	874368.890259811	14.849374794121816	772.039349810441	-3.3641242885827296	11.317332229032257	596044.7576557285	774.3440295142849	669.9582537702131	1.362121	47.279465	0.6396890870583529	0.3336696486593441	-0.0322848798	0.1240464122	-0.0015610982	-0.0385630691	0.0173430875	0.0495920816	-0.0488583309	0.0129043474	0.0329083594	0.0029349472	-0.0308727443	0.136578505	-0.0909963839	-0.1121330346	0.188027051	0.0049462961	-0.0226199222	-0.124932408	-0.0835229909	0.082038822	0.0457615671	-0.0798569456	0.0286998377	-0.0512588992	0.0319083805	-0.004639792	0.0103515648	-0.1199528688	0.1210281371	0.0047648856	0.1183654934	-0.0322364892	0.0539292313	0.1945382515	-0.1074026833	-0.0157557821	-0.1626686224	-0.0433549603	-0.0717077826	-0.0284810752	0.0290785802	-0.0548655189	0.05667672	0.0354239156	0.0856417505	-0.0974836503	-0.0449865204	0.0097147184	0.0778998497	0.0075941365	-0.0983322094	-0.079676514	-0.0813831948	0.0165582715	0.0558699707	-0.0363070694	0.0570933159	0.0259799436	0.0292299032	0.0968603976	-0.0628121967	0.0913461117	-0.1235325433	-0.0497144517	-0.1291612159	0.1860044545	0.0361356492	0.0548362031	-0.0357995078	-0.0152245185	-0.0506926947	0.0107522557	0.0012573728	-0.0132199685	-0.10641151	-0.1019182635	-0.0320499234	0.0970933881	0.0785386521	0.0085765586	-0.0227716213	0.0689194235	-0.0836895659	-0.0596033001	-0.0335961196	-0.0065371985	0.0872350132	-0.1072597781	0.0542618259	-0.006654391	-0.1932074616	-0.0833686527	-0.0267936059	0.0851881631	-0.0406446429	-0.0384374377	-0.2264301252	0.0519948112	0.0104548263	-0.0811051823	0.1215076634	-0.039026841	0.0535355303	0.0644185367	0.0914795422	0.0373856357	-0.0772774677	0.2245080932	0.0565725758	0.0106370359	0.0089748271	-0.0667986305	0.0568262653	-0.053641557	-0.0635554689	-0.0682299184	-0.0264933803	0.0940681358	-0.04711759	-0.0053832392	0.0240044231	-0.1330734387	-0.0402086085	0.0610837034	-0.1551832683	0.0551458174	-0.0776335013	0.071758454	-0.040557578	-0.052245274	0.059096625	0.0695855287	-0.1660116484	-0.0423865866	0.0332903315	0.0273169261	0.1105595045	-0.0767890279	-0.0840066888	0.0012644754	-0.0264370829	0.0146566215	-0.0942763703	-0.0739384992	0.0484730998	0.0895296016	0.0649640823	-0.1372999702	0.0728112562	0.0085686179	0.006409744	-0.0272520065	-0.1100259306	0.1029424796	-0.0268537596	0.0092907087	0.0451177195	0.0701887209	0.0383341419	0.0552242301	0.2444790072	-0.0091063237	-0.0919971189	-0.0684861733	-0.0660574987	0.0163113119	-0.0850079043	0.0670341672	-0.0398385309	0.0071623028	0.0264992443	-0.0565152869	-0.0949828075394947	-0.0801339178908762	0.0064214447965416	0.0090217337280846	0.2431730851753002	0.0265061001760358	0.0591331493536738	0.000702573346542	0.0303235710018157	-0.3080014912847559	0.0948649186336335	0.0009195189583021	0.0091820074425912	-0.0033525487547375	1.1239583152891964e-05	8.43092606758002e-05	0.0019270329640919	-0.0011280774899846	1.2725588234099556e-06	3.713456044696814e-06	-0.0014178811212864	2.0325309411600148e-05	2.0103868741003788e-06	4.131182026772815e-10	0.0	0.0	0.0	0.0	0.0	0.0	0.0	0.0	0.0	0.0	0.0	0.0	0.0	0.0	0.0	0.0	0.0	0.0	0.0	0.0	0.0	0.0	0.0	0.0	0.0	1.0	0.0	0.0	0.0	0.0	0.0	0.0	0.0	0.0	0.0	0.0	0.0	0.0
815.1606166249899	1.7431668835291705	3.0386307838328	664486.8308964337	943.9239600595802	8.847016562516387	890992.4423745599	78.26970205743928	772.0327098589586	-0.0066399514823842	4.408895568841715e-05	596034.505092167	775.6410063583486	686.732606500647	1.856454	64.437843	1.3028687548930182	0.8047427307999354	0.045665348	-0.1456657405	0.0569615131	0.0496251337	0.0949732725	-0.1106541722	0.0670457025	-0.0628533326	0.0974094499	0.0450299202	-0.1056833066	0.3376079668	0.1675765165	-0.0342653397	0.0637640152	-0.1166180484	-0.117079399	-0.0922042529	0.0415269388	0.040441299	0.0271941374	-0.026775099	-0.1870983752	0.1737086239	-0.0737610728	-0.1082754491	0.0844142111	-0.1705871449	0.0196453653	0.0777605697	0.0217517574	0.0801392852	0.0675886211	-0.0128077378	0.0362389278	0.0750983289	-0.1745245017	-0.021857973	0.0208331315	0.0854497784	0.0573484538	0.0252216708	-0.0294386884	-0.020338528	-0.0590237443	0.1098403277	0.0882733899	-0.0275239983	-0.0878930083	-0.0871911789	0.0337061125	0.1179695683	-0.0340972796	-0.0071667647	-0.023260509	0.0394639598	-0.0233807785	-0.1528522882	-0.0121864945	-0.1070832403	0.0535916469	-0.0277430818	-0.0477680915	0.0389327112	-0.0407419201	0.1547984812	-0.0147014877	-0.0815633387	-0.0674372751	0.0206785691	0.0769999372	0.0401102175	0.0619206931	-0.0935634539	-0.0418990491	0.0382292254	0.005127635	0.0168807721	-0.0943976497	-0.0065421269	-0.0805257808	-0.0686997548	-0.0692240488	-0.024493173	0.0999891934	-0.2239660901	0.0510946848	-0.1468771779	0.0400387683	0.2834623996	0.0745540429	0.0197942358	-0.0684954121	0.0602304104	-0.0208301478	0.0350734659	0.0673490028	0.0294139515	0.2984163656	-0.0426694235	0.0099138284	-0.0586122937	0.0621167771	0.0136158887	-0.0084699248	-0.0775545814	0.0189019843	0.0160146105	-0.0359401545	0.0773650563	0.0406432932	-0.1686728784	0.0095464706	0.0692631077	-0.0232288379	-0.1624977694	0.0096671747	-0.0530301527	0.1190967873	0.0036274369	-0.059644649	-0.0441327657	-0.0089480615	0.0846647277	0.1010729507	-0.0990099653	0.0478024934	-0.034419602	0.0248936401	-0.0541364866	0.0712339533	0.0770788193	-0.0053406946	0.0360898902	0.0760782463	0.0509548883	-0.0021836212	0.0080222229	0.0034346717	0.0779515516	-0.0373887888	0.0883823686	0.0680068737	0.0965866139	0.2104907425	0.209201572	-0.0848364129	-0.0348024776	0.0052959031	-0.0531564036	-0.0879248343	0.0771581288	0.0133969587	0.0634616026	-0.0402497723	0.0575722255	0.0420785725	-0.0323386245	-0.0947386916	-0.0572463514	-0.062320441	-0.2259872586	0.0174593643	-0.1232433846	0.0981423986	0.0475012135	-0.0854361313	0.0686332704	-0.0430324377	0.0119153566	0.0207291319	-0.0507163915	-0.099371498857991	-0.0043886913184962	1.9260611489044786e-05	0.0098746947852837	0.4667168312087284	0.2235437460334282	0.2178246005335167	0.0499718063906578	-0.5341587260777629	-0.5644822970795786	0.3186402637162376	0.2853255446450186	0.0172705061923594	0.0080884987497682	6.542381202500174e-05	0.0002982703841403	0.0003363580225721	-0.0015906749415198	2.5302467695790195e-06	1.1313671934861333e-07	-0.0008879744033441	0.0005299067179422	7.884985409943104e-07	2.808011297203802e-07	0.0	0.0	0.0	0.0	0.0	0.0	0.0	0.0	0.0	0.0	0.0	0.0	0.0	0.0	0.0	0.0	0.0	0.0	0.0	0.0	0.0	0.0	0.0	0.0	0.0	0.0	1.0	0.0	0.0	0.0	0.0	0.0	0.0	0.0	0.0	0.0	0.0	0.0
800.779121650641	-14.381494974348923	206.8273976972234	641247.201671572	884.440940266105	-59.48301979347514	782235.776818792	3538.229643750955	764.3553103401774	-7.677399518781158	58.94246337098115	584239.0404452289	765.3854998586241	662.8917764720703	1.900983	65.983467	1.274440056742976	0.922043079561052	0.1880790236	-0.1191123744	0.1311152784	-0.0860846369	-0.1570655623	-0.3375515646	0.2868870516	0.0837567829	-0.2101888287	-0.0202972546	0.1799574669	0.0466871317	-0.1922778346	0.1014861749	0.0554655973	0.1213582554	-0.0699059867	0.0340756325	0.2430711371	0.0606395616	0.0416577098	0.0905437474	-0.0035861742	0.1132379445	-0.0332620112	-0.212026995	-0.0614750404	-0.0301281062	-0.0506009672	-0.0080721232	0.0244885842	0.091436158	-0.0917266508	-0.0276665757	0.058690699	0.0339099702	-0.0724081322	0.1085042308	-0.1108488871	-0.0533808393	-0.0452005023	-0.011562055	-0.012208447	0.0548941559	0.1044709976	0.0350146209	-0.0426909749	0.0989298998	-0.0782699391	-0.0642730857	0.0124829624	-0.0856916948	0.0579033413	0.0052402432	-0.0158970686	-0.0415924494	-0.0296959978	0.1274735075	-0.0208994832	0.087770054	-0.0031629118	-0.1132802865	0.0451686231	-0.0778214607	-0.0907445279	-0.0594363436	-0.0858292823	0.0237109913	0.0125255952	0.0244046679	0.001949551	-0.0474619735	0.0647153073	-3.57422e-05	-0.006875531	-0.1299305023	0.1163079347	0.1432843707	0.0023083976	-0.0479867183	-0.0353290644	-0.2258440578	-0.0379735224	-0.0415103108	0.0591514174	0.0150514747	-0.089943253	0.0493906296	-0.223165924	-0.0149041049	-0.1732269792	0.1288063679	-0.0016711099	0.1117438713	0.042471408	-0.0087760283	0.0175835498	-0.0442197444	0.0785661444	0.102540101	0.1156612339	-0.135349152	-0.0168400751	-0.0251456052	0.0088582912	-0.0562217454	0.0837525013	-0.0269444647	-0.0701167733	-0.1996347153	0.0838388058	0.0468132783	-0.0295432051	0.0261454205	-0.0292983029	-0.0375181727	-0.0507645687	-0.0399901161	-0.0211529342	0.0380693815	-0.0038687171	0.1268748569	-0.0219007422	0.0175331499	-0.0019091588	-0.0640080729	-0.0475070537	0.0310453763	-0.0717191886	0.1440938858	-0.0123335681	0.1367110193	0.0295141253	-0.0257703146	0.0610625469	-0.0402200836	-0.1208030728	-0.0379278252	-0.0466763009	0.0055647674	0.0961217104	-0.0270161506	0.215969309	0.0196639055	0.0316574388	0.1393912018	0.0971166567	0.0993582895	-0.1645337881	-0.0079022019	0.022944186	0.0142453221	0.1202768209	-0.0421621705	-0.0934281793	0.1506280341	0.2150438611	0.0467848458	-0.031997273	-0.0331229024	0.0958151761	-0.0321979582	-0.0277045636	-0.2314671348	-0.0668555637	-0.1497639539	-0.0858497193	0.0701853358	-0.0461599916	0.0166357513	0.0148702542	-0.0446048127	-0.1821925798556236	-0.0828210809976325	0.0068593314576164	0.0331941361544477	0.570506598774486	0.1037897675657575	0.3254777792452323	0.0107723158513539	-0.5829137672414788	-0.0487550411637158	0.0023770540388756	0.3397884600396529	0.0339925768172647	0.0167220706249052	0.0002796276459843	0.0011554952786776	-0.0005491814667504	-0.0008855394893224	7.841801871495539e-07	3.016002834221207e-07	-0.0040618476294337	-0.0031738732260896	1.649860616473617e-05	1.0073471255288404e-05	0.0	0.0	0.0	0.0	0.0	0.0	0.0	0.0	0.0	0.0	0.0	0.0	0.0	0.0	0.0	0.0	0.0	0.0	0.0	0.0	0.0	0.0	0.0	0.0	0.0	0.0	0.0	1.0	0.0	0.0	0.0	0.0	0.0	0.0	0.0	0.0	0.0	0.0
794.4964153951569	-6.282706255484072	39.47239789269869	631224.5540757537	913.5897744946208	29.14883422851574	834646.2760611321	849.6545368814907	759.1824487129649	-5.172861627212569	26.758497414288268	576357.9904338135	763.3273843064505	654.6773782877964	1.424324	49.438526	0.618397087962639	0.4010935000341493	0.1303631329	-0.1450967022	0.1812724005	-0.1758886041	-0.0497528664	-0.2585844989	0.2442179281	-0.1222381935	-0.251489301	-0.1402735801	-0.0288241806	0.0015270721	0.004790587	0.0465714015	-0.0148150956	0.254097575	-0.1520599147	-0.2649046572	0.3271385875	0.1376305615	0.0966034744	0.0896848259	0.0026566445	-0.0224278562	-0.0007729244	-0.2055799177	-0.0998580965	0.1049402732	-0.2077735615	-0.0228377749	0.0831216996	0.1566838156	-0.0221597021	0.055416223	-0.0897743841	-0.1063085753	-0.0824073546	-0.1026937026	-0.0848809936	-0.027213548	-0.0382112958	-0.0403191778	0.0851092321	0.062714558	0.0255392101	0.0097409504	0.0384332062	0.0230109066	-0.0124465444	0.0446841387	-0.0742111074	0.1353989456	0.0813294697	0.0341265471	-0.0133914744	0.0216595094	0.0411166687	-0.0008521463	-0.0771527795	-0.0320382366	-0.0192890151	0.0321032465	0.0053325586	0.0350550308	-0.0157410056	0.0713757551	0.0708267752	0.0132702889	0.0542380353	-0.0443540814	-0.0720823163	0.0636280904	-0.0019518047	0.0407034609	0.042637092	0.0101266288	-0.0289085727	-0.0401733172	0.1010310264	0.0828444142	-0.0755235224	-0.2739517886	-0.1111354575	-0.1234905043	0.0419266772	-0.0519994592	-0.1949335352	0.2338826502	-0.1942518282	-0.0982014537	-0.0192159675	0.1266508176	0.0175202893	0.1126695171	0.0606778729	0.0942238271	-0.1036228841	0.1221477795	0.0657073192	-0.0706071303	0.1021426143	-0.0285098064	0.0564782068	-0.0216432062	-0.0881218757	0.1283238626	-0.0030620645	0.0443144961	-0.0055108662	-0.0115228233	-0.0219248605	-0.0703866596	0.0381326655	0.1013408101	0.1158093171	-0.0592209237	0.0385746304	-0.0007469809	-0.0005865992	-0.0626253096	0.016960571	-0.0798895631	0.0874586109	0.0554860241	0.0624057021	0.00023254	0.0246930031	0.0304007545	0.066198379	0.0236584154	0.0075757161	-0.0289825077	-0.0052697062	0.0086186296	-0.1065350651	0.0404548539	0.0782076471	-0.027148476	0.0327292385	0.0057299481	-0.0268581113	-0.0607946624	0.206520649	0.014656048	-0.0087359926	0.1057041264	0.1326589055	0.0026617908	-0.2801759412	-0.1691436242	0.0481368938	0.0626152551	0.039588218	0.0762192619	0.0005974992	0.1178470565	0.1204316312	0.0466038043	-0.0716308813	0.0231276484	-0.074783495	-0.1126456782	0.0365658813	0.0010253467	-0.0809468903	-0.1326336611	-0.0862485974	0.0716892996	-0.0492163702	0.0213105486	0.0089476998	-0.0382182304	-0.1107767460538582	0.0714158338017653	0.0051002213176013	0.0122714874662809	0.7271046898587059	0.1565980910842199	0.5286812300145249	0.0245229621312216	-0.2294080439756101	0.3535057232658687	0.1249662963817249	0.0526280506407154	0.0335944004310007	-0.000398176386264	1.5854443457825818e-07	0.0011285837403184	-0.0002789557967419	0.0002702256700085	7.302191273154273e-08	7.781633653590823e-08	-0.0041309943693769	-6.914673994320043e-05	1.7065114479823655e-05	4.7812716447725904e-09	0.0	0.0	0.0	0.0	0.0	0.0	0.0	0.0	0.0	0.0	0.0	0.0	0.0	0.0	0.0	0.0	0.0	0.0	0.0	0.0	0.0	0.0	0.0	0.0	0.0	0.0	0.0	0.0	1.0	0.0	0.0	0.0	0.0	0.0	0.0	0.0	0.0	0.0
823.3538184618063	28.857403066649454	832.7497117510693	677911.5103756371	940.563400576813	26.97362608219225	884659.5105046184	727.5765040219222	777.3620689563323	18.17962024336748	330.4985921930567	604291.7862520696	779.119297133397	681.7645264099425	2.648038	91.913887	0.8349018016474082	0.6152983044741783	0.2033785927	-0.0921127911	0.0486792925	-0.1855427751	-0.1988969289	0.2094732341	0.0883333119	0.096562357	0.0118792968	-0.0524640262	-0.073441737	-0.1875169095	0.0926939743	0.2573516006	0.1579829037	-0.1020675371	-0.0185596232	-0.2150984304	0.0170160083	0.0390772376	-0.3319177436	-0.0781773662	-0.3540900638	-0.5735245261	-0.051688356	-0.0719080562	0.2666904095	0.182568985	-0.123287723	-0.0492032919	-0.1320699867	0.0132014889	-0.0881354081	0.1262799986	-0.1599028573	0.0197955153	-0.0220312729	0.0243076908	-0.0163049735	0.0842528455	0.0293982926	-0.0320785087	-0.0184141309	-0.0487339877	-0.1011101491	0.0364048567	0.0413274509	-0.0431402898	0.0235471058	-0.0598975362	-0.0060674007	-0.0128671002	0.0554165234	-0.0335256885	0.0421114326	-0.0032203996	-0.0243520503	-0.0567690504	0.0048022367	0.0019917949	0.020584831	0.0084970406	-0.003304521	-0.0568217506	0.0040197437	0.0025561972	0.0202351781	-0.0596846642	0.0633623264	-0.055167137	-0.0575038206	0.004747556	0.0334299221	-0.0275055718	0.0452119323	0.0432207192	0.0409178435	-0.0090364439	0.0645395651	-0.0135739187	0.0158058651	-0.0441993932	-0.0219035629	0.2770018198	-0.0717764847	-0.2459782239	0.3152252574	0.3852958646	0.2105457176	-0.3325471339	0.208401894	-0.0255730456	-0.1166595954	0.2063407678	-0.0361438829	0.1425774777	0.0644677	-0.1053518653	-0.0008994712	-0.1937737284	0.0878880576	0.0060375332	0.1855385955	0.0868941096	-0.0718251414	-0.0198167143	-0.0293361697	-0.0500827438	-0.0189614106	0.0778831132	0.0195744368	0.01680399	-0.0012083419	-0.0656615479	-0.0378314044	0.0505136191	0.0408604566	-0.037913564	0.0388972425	0.0029285359	-0.021112878	0.0562821167	-0.0422966371	0.0138038779	-0.0130072891	-0.0107824898	-0.0877445885	-0.0687281393	0.0072370882	0.0139335658	-0.0128137178	0.0132684555	-0.0198943326	-0.0019261212	-0.0944158904	0.013222929	-0.0299768239	0.0206374808	-0.025829339	-0.0518496342	-0.0454877191	-0.0223654727	0.2931655608	-0.0545885326	-0.1886973374	0.0054485372	0.0761037293	-0.063898083	-0.2132097065	0.1363381339	0.2667363642	-0.0157561602	-0.3190529268	0.0539095232	0.2612202947	-0.1816616852	-0.3195794906	-0.1980488289	0.0525219815	0.2418489008	-0.2350770851	-0.1003988096	-0.121558314	0.1169470876	0.0177912636	0.011900804	-0.0866326972	0.0731441312	-0.0521968607	0.0259269352	0.00298683	-0.0315960199	-0.0882860522719966	0.0224906937818616	0.0005058313067894	0.0077944270257737	0.8136780882413035	0.0865733983825975	0.6620720312840225	0.0074949533075119	-0.2395232365225439	-0.0101151925469337	0.0001023171202615	0.0573713808342345	0.0448069671083875	0.0112125666773868	0.0001257216514948	0.0020076643014521	-0.0012777720009948	-0.0009988162042529	9.976338098781713e-07	1.6327012865262557e-06	-0.0062340618264575	-0.0021030674570805	3.886352685609462e-05	4.422892729031458e-06	0.0	0.0	0.0	0.0	0.0	0.0	0.0	0.0	0.0	0.0	0.0	0.0	0.0	0.0	0.0	0.0	0.0	0.0	0.0	0.0	0.0	0.0	0.0	0.0	0.0	0.0	0.0	0.0	0.0	1.0	0.0	0.0	0.0	0.0	0.0	0.0	0.0	0.0
808.5761669693508	-14.77765149245556	218.37898363247407	653795.4177908474	917.3762046223136	-23.18719595449943	841579.1008072409	537.6460562323547	766.8964646260935	-10.465604330238875	109.5288739971147	588130.1874560011	769.942011389071	659.1187351542719	1.856955	64.455223	0.4674674190901572	0.2643962087753354	0.1747957636	-0.1031271953	0.1048688994	-0.194529173	-0.1974535228	-0.0378943081	0.1201226249	0.0546562476	-0.1329154554	-0.038601762	0.0549923549	0.132373385	0.0190851379	-0.0411975866	-0.0450721375	0.0568959948	-0.0456048088	-0.1280148225	0.1888839504	0.0526462068	-0.0792622985	-0.0777190068	-0.103581947	-0.2016174053	0.0941075307	-0.0731669852	0.0206199049	-0.0064773385	-0.0405875594	0.0175463195	0.1018252217	-0.0308620948	0.0226562604	-0.1026467854	0.0393818251	-0.0241415514	0.0830528001	-0.0762424477	-0.1721025805	-0.0549792446	-0.126991448	0.0191902121	-0.1208397296	0.0509885731	-0.0299327323	-0.0383423187	-0.0282653943	0.0081906075	-0.1538467732	0.118253404	0.0472685509	-0.1004835598	0.0105832214	-0.056521875	0.029886734	-0.0267311243	0.0886078006	0.0279523758	0.1097115556	-0.0006796834	-0.1230413114	-0.0176750695	0.050099265	0.1112948012	0.0526065624	-0.0477674987	-0.0923114253	0.1207551759	-0.1089026224	-0.0107588288	0.166964208	0.0289525056	0.0088220708	0.0488739738	-0.0761844566	-0.1594621572	-0.0964232576	0.018705826	-0.0473056296	-0.0016127236	-0.0025980971	-0.1844049557	-0.0591873214	0.0120379017	-0.0973774572	-0.1069880954	0.0802233966	0.1535227322	0.0869954175	-0.0887351061	-0.0689172348	-0.0631706661	-0.0300651564	0.0532071666	0.0277608027	0.1160419393	0.1428108262	0.1617486777	0.0250361162	0.0105621287	0.0558223508	0.1016720239	-0.1262312148	-0.0042100804	0.2109423553	0.1152090419	0.0406609916	0.0151530511	-0.0692032333	-0.0657325494	-0.0008855028	0.0787708786	0.0997762555	0.0549712838	0.0628741222	0.1293101866	-0.0741112877	0.0438255965	-0.084973428	-0.035772706	-0.0856154317	0.0021886227	0.0171001335	-0.0084251373	0.0019884519	0.0250216229	0.1193230029	0.0652860821	-0.0125975572	-0.0181064914	-0.0642344767	0.0231552091	-0.039152552	0.1167948162	0.1791115009	-0.0853484918	-0.0478698055	0.0054494737	0.0473514165	0.0805665314	0.058006448	-0.0576447993	0.2685035287	-0.0357565327	-0.1456793069	0.0660320292	0.079807916	-0.0153401087	-0.231244786	-0.0010692911	0.1392328399	0.0239144846	-0.0225837203	-0.0094395143	0.0635796829	0.0477359826	-0.049096605	-0.0713863665	0.0170229579	0.0318942633	0.0389297332	-0.0114792791	0.0656623588	-0.0334414867	-0.056577847	-0.0542292281	-0.0870019529	0.0745488335	-0.0550968674	0.0304722578	-0.00298683	-0.0247790096	-0.0853525365213698	0.0029335157506267	8.605514659175486e-06	0.0072850554906317	0.565368720575691	-0.2483093676656125	0.3196417902053937	0.0616575420704963	-0.2424638955201317	-0.0029406589975878	8.6474753400941e-06	0.0587887406307973	0.0425050796136974	-0.0023018874946901	5.298686038210683e-06	0.0018066817929667	-0.0008320739813927	0.0004456980196021	1.9864672467723402e-07	6.923471105106993e-07	-0.0047159698072231	0.0015180920192343	2.2240371222639888e-05	2.304603378863176e-06	0.0	0.0	0.0	0.0	0.0	0.0	0.0	0.0	0.0	0.0	0.0	0.0	0.0	0.0	0.0	0.0	0.0	0.0	0.0	0.0	0.0	0.0	0.0	0.0	0.0	0.0	0.0	0.0	0.0	0.0	1.0	0.0	0.0	0.0	0.0	0.0	0.0	0.0
820.1028619597538	11.52669499040303	132.8646974017823	672568.704194579	937.83933851454	20.46313389222644	879542.62486539	418.7398486911863	776.5238023600971	9.627337734003618	92.68563184456993	602989.2156317831	778.6537004828162	688.3349549612993	2.084387	72.349449	1.8903566623894767	1.383515925891455	-0.049957855	-0.0487110161	0.0048549963	0.0916063442	0.0196970607	-0.0393629739	-0.017801932	0.0128931203	-0.0832523967	-0.089296604	-0.1563976332	-0.1766345564	0.0084257369	-0.0461704551	0.0023896712	-0.0562078357	-0.0151236985	-0.0160933209	-0.0388511385	-0.1325013023	0.0141646056	0.2047776426	0.1295730003	-0.0099678093	-0.0212541311	-0.1008594228	0.1664734495	-0.1897122757	-0.0456729647	-0.0420508934	0.1358712826	0.1086542803	-0.007846547	0.0261751793	-0.0751073438	0.0748677843	0.0240705467	-0.0251322843	0.0114350668	0.0563523856	0.0393283568	-0.0225931123	0.0379424206	0.027279761	-0.1160094545	0.1090917877	0.0153567686	0.0341401136	0.0051729473	-0.1295576278	-0.0067625927	0.0098778686	0.0596690192	0.0075529807	0.050789369	-0.0670122256	-0.0137602518	-0.0078646037	-0.1096250572	-0.0362356746	-0.0670857318	-0.0576442417	0.0666754628	0.032077264	-0.0510126626	0.1421862633	-0.057480075	-0.0885952699	0.1150386291	-0.0493798841	0.0187704065	0.035391082	-0.0167624456	0.0569695811	0.0049039296	0.0094044927	0.0291856063	-0.0575776667	-0.0122594361	0.0882180754	0.0141254029	0.0386186734	0.117783097	-0.0009256356	0.1031022606	0.1776709593	-0.0185908831	0.0671683231	0.0898836641	0.1065718735	-0.0910914111	0.1263458678	-0.1922624241	0.0994286912	-0.0717160712	0.0406268986	-0.0816427656	-0.0341777743	0.1556759822	-0.116202212	0.0554920373	0.0967563451	-0.0252904406	-0.0111800354	-0.117463457	-0.0064877263	0.0492194937	0.0047567555	0.1108065528	-0.0314288795	-0.1061336171	-0.0820618435	-0.0350390248	-0.0212775813	0.0566599216	0.0292719568	0.0466305279	-0.1260612415	-0.0937603714	-0.0931664215	0.0917728392	-0.0716763878	0.0830404219	0.0444181605	0.0426829634	0.0370732041	0.0042683289	0.0499152575	-0.0136174811	-0.0136926464	-0.0179750559	0.2211742206	0.0031958506	0.0392437672	-0.1012013899	-0.009890123	0.0237309054	0.0896601409	-0.0355578342	-0.0305111631	0.0642711506	-0.0244223642	-0.030522548	0.0590066425	0.0690253184	0.1134485574	0.0930710339	-0.0290037833	0.0268021864	-0.0387976707	-0.1231483657	0.0251679819	0.0058864249	-0.0598043667	-0.0348360124	-0.1561126935	-0.0236587252	-0.1118551761	-0.008253962	0.1111492277	-0.0226359159	0.0785071986	-0.0016933865	-0.015506506	0.0357182736	-0.1598754798	-0.0873563013	0.0759024438	-0.0579119187	0.034934058	-0.0089476998	-0.0178092284	-0.078731487861873	0.0066210486594967	4.38382853514243e-05	0.0061986471809442	0.2795432670042856	-0.2858254535714054	0.0781444381274293	0.0816961899092996	-0.0695406598008219	0.1729232357193098	0.0299024454516359	0.0048359033655336	0.0176837763861619	-0.0248213032275355	0.0006160970939132	0.0003127159472757	0.0003072788240223	0.001139352805415	1.298124815207031e-06	9.442027569252765e-08	-0.0021768873513883	0.0025390824558348	4.738838540634368e-06	6.44693971752808e-06	0.0	0.0	0.0	0.0	0.0	0.0	0.0	0.0	0.0	0.0	0.0	0.0	0.0	0.0	0.0	0.0	0.0	0.0	0.0	0.0	0.0	0.0	0.0	0.0	0.0	0.0	0.0	0.0	0.0	0.0	0.0	1.0	0.0	0.0	0.0	0.0	0.0	0.0
799.4394024591605	-20.663459500593262	426.978558532658	639103.3582042597	914.792253796099	-23.047084718441056	836844.8676053464	531.1681140189993	760.9398133617981	-15.583988998298992	242.860713099104	579029.399559088	764.2386025384685	655.1067674572708	2.281055	79.175827	1.333701531057084	0.822001410886476	0.0945698968	-0.1267997643	0.1241606681	0.0015358069	-0.0383831185	-0.2000264112	0.0846507984	0.0520841986	-0.1412464741	-0.0264925966	0.1611981223	0.1668595055	0.0242751714	-0.0573757656	-0.069803779	0.1906821676	-0.1014036708	-0.1232103636	0.2465196325	0.1647134146	0.1267315249	-0.0826634179	-0.0738971881	-0.002465344	-0.0596033302	-0.3253260212	-0.2585952652	0.0603538279	-0.1398720801	-0.0008098204	-0.1116535646	-0.1616130419	0.078643489	-0.0094751342	0.0040346602	0.0484845456	0.0739481816	0.1251921487	-0.1104302828	-0.0674916342	0.0931051254	-0.0317445366	0.0133361334	-0.0843434907	0.0348241927	-0.0700601387	0.026096564	-0.0088767056	0.1262896296	-0.0021358509	-0.0221250849	-0.0545605068	-0.0877322419	-0.0092544993	-0.0759244156	-0.006416352	-0.073937858	0.0077882473	0.0693115375	0.0083704184	0.0925730563	0.0579611422	-0.0257871659	0.0715624492	0.0227059712	0.0431394287	-0.0291142089	0.0148569621	0.0103467101	0.0839151935	-0.0532268091	0.023954415	-0.0186588796	-0.0052682564	-0.0540311202	-0.0038267373	0.0485030016	-0.0299951165	-0.0502845203	-0.006344934	0.0424549555	-0.1971304418	-0.1416977091	-0.1682417191	-0.0753831736	-0.1403041311	-0.0245854876	0.1530692828	-0.268789638	0.0883273745	-0.0188314191	0.1151721287	0.1868696931	0.0427964706	0.0946429179	0.1372293988	0.1024948067	0.0828698563	-0.1247573173	0.1473089986	0.1152404281	0.0095996538	0.0898800783	0.1430258653	0.1470115671	-0.0991485325	-0.0610864594	0.0025235922	0.076231182	0.0159248862	0.0134011769	0.0371506446	-0.0062544045	-0.1195326602	-0.133818868	0.0137354503	0.0563762572	0.0140301695	-0.0171215542	0.0254987904	0.0838731	-0.0007168404	-0.0206097904	-0.1460028465	-0.1061571584	-0.05551615	0.0141415374	-0.0089521636	0.1005763776	-0.0025124936	0.0396896798	-0.0406798837	-0.0118831118	-0.007385085	0.0353960213	0.0415636604	0.0442255216	0.0228626782	-0.0261578328	-0.0854075944	-0.0120415116	0.0746514009	0.1170894784	0.0236095125	0.0112106135	0.0529613212	0.0252802975	0.038389572	-0.131798571	-0.3117384351	-0.0512213067	0.0053125768	0.0106776799	0.0585659276	0.0337584187	0.1831217237	0.2462680612	0.2294965185	-0.0391005113	-0.0169027531	-0.0492111007	-0.1245618008	0.344166976	0.366115847	-0.0966365044	0.1750722967	-0.0876956817	0.0772040342	-0.060637674	0.0393001065	-0.0148702542	-0.0107296473	-0.0361478744791696	0.0425836133827034	0.0018133641287275	0.0013066688293618	0.4917262773255118	0.2121830103212261	0.2417947318124061	0.0450216298689775	-0.4034794171245863	-0.3339387573237644	0.11151509364294	0.1627956400431959	0.0299418369348223	0.0122580605486604	0.0001502600484146	0.0008965135990314	0.0023581034291886	0.0020508246051663	4.20588156115551e-06	5.560651782751034e-06	-0.0027679251981494	-0.0005910378467611	7.661409902550396e-06	3.493257363039976e-07	0.0	0.0	0.0	0.0	0.0	0.0	0.0	0.0	0.0	0.0	0.0	0.0	0.0	0.0	0.0	0.0	0.0	0.0	0.0	0.0	0.0	0.0	0.0	0.0	0.0	0.0	0.0	0.0	0.0	0.0	0.0	0.0	1.0	0.0	0.0	0.0	0.0	0.0
821.5830662376596	22.143663778499104	490.3418455352132	674998.7347284746	936.2414154155488	21.4491616194498	876547.9879393101	460.06653417727824	769.4446597396584	8.504846377860304	72.33241191100353	592045.0844018786	771.799463959854	701.2450344722862	2.572544	89.29344899999998	3.4568300520212865	2.6661347238388773	0.1646436894	-0.0529262971	-0.1527521824	-0.0968759445	-0.1439652751	0.0723447914	0.1286939445	0.0659593491	0.0291734984	-0.2363581217	-0.0532287812	-0.1205087562	0.212649493	0.0759826554	-0.0888647167	-0.1064247599	-0.0574947218	0.2209004088	0.2893745547	-0.1706063819	-0.2914626915	-0.0709867782	0.2606349852	0.0222590276	0.044834679	0.0599748254	-0.251926098	-0.1608432371	0.1023437458	0.1064688703	-0.1859648147	-0.0543960396	-0.0422217087	0.2237583674	0.0992932967	-0.0561772517	-0.0945038054	-0.0924541861	0.0115160289	0.2095774595	-0.0493308186	-0.0764592923	-0.0036785353	0.0333487265	-0.1829119076	0.0101692888	0.0281795652	0.0270033758	-0.0447828419	-0.0450610966	0.0387713694	-0.0838093709	0.0632716751	0.0451338169	-0.0782805698	-0.0150935222	-0.0118622127	0.0091279319	0.0452772633	-0.096309841	-0.0205466469	0.0764078319	-0.1220602036	-0.0459835863	0.0402093214	-0.0956622422	-0.0745868525	-0.0410116918	0.0965715335	0.0736408784	-0.0409045229	0.0354738353	-0.0156699247	0.0276917311	0.1191164286	0.0467822711	-0.0044745843	-0.0278744386	-0.0455925898	-0.07902615	-0.0062671282	-0.2856990603	0.0324116864	0.2599103244	-0.2373501489	0.1530657873	-0.1014026067	-0.0032637374	0.1274649016	0.3156217934	0.0231206874	-0.0744212468	0.3602948373	-0.1770917839	-0.0354445553	0.0313812659	-0.0455490868	-0.2707057912	0.1589045247	-0.1698432009	0.006376058	-0.1851788221	0.0456726792	0.1807536684	-0.1046438505	0.0991296069	-0.0891847097	0.0671896249	-0.0346012354	-0.0475873915	0.0336620931	0.0654814051	-0.0070491665	0.068725251	0.0302439108	0.1360691171	0.0122378691	-0.0311242417	0.0373319214	-0.0223641807	0.0377503942	-0.0152219568	-0.0028905346	0.0220574702	0.0146228886	-0.0089941842	-0.1089069936	-0.0093513447	0.0119690132	0.0468593992	0.0174933498	-0.0385671492	-0.0638069267	-0.0488074197	0.0810935	0.0130627125	0.0310868823	0.0104743405	0.0055110248	0.0080088195	-0.0042365387	-0.002599532	0.2670930756	-0.0302250481	-0.2305596352	-0.0869199581	-0.2113705689	-0.1568108765	0.4628255454	0.0092833898	-0.2848463674	-0.0718116316	-0.1434175189	0.0812778134	0.2244582475	0.1123770502	0.2567570656	0.0574231445	-0.1074549678	0.1314217668	-0.2548972748	-0.1101346956	-0.1253681936	-0.0001327266	-0.0212601683	-0.1783124957	-0.0880200359	0.0784527129	-0.0632699305	0.0435584361	-0.0207291319	-0.0035839144	-0.0548697121895713	-0.0187218377104016	0.0003505072072546	0.0030106853157663	0.7081424935820735	0.2164162162565617	0.501465791216637	0.0468359786588068	-1.4925784628699148	-1.0890990457453285	1.186136731443385	2.2277904678231177	0.0684999485376705	0.0385581116028481	0.0014867279703776	0.0046922429496635	0.0011779364744504	-0.0011801669547381	1.3927940410560362e-06	1.387534337840638e-06	-0.0056815056867429	-0.0029135804885935	3.2279506868491915e-05	8.488951263512738e-06	0.0	0.0	0.0	0.0	0.0	0.0	0.0	0.0	0.0	0.0	0.0	0.0	0.0	0.0	0.0	0.0	0.0	0.0	0.0	0.0	0.0	0.0	0.0	0.0	0.0	0.0	0.0	0.0	0.0	0.0	0.0	0.0	0.0	1.0	0.0	0.0	0.0	0.0
827.8515283081474	6.268462070487772	39.29361672914384	685338.1529221354	921.1334496700402	-15.107965745508524	848486.8321010285	228.25062896745888	778.7830190301834	9.338359290524975	87.20495423893415	606502.9907297669	779.2283326234841	723.7821729880935	1.816312	63.044529	1.1826892496916814	0.8911519521811158	0.1386848028	-0.104044681	-0.1909031264	-0.1441459458	0.0253078948	0.0928827001	0.1775127995	0.0902619751	0.1243902393	0.0092555587	0.1788590331	0.0326349751	-0.1664306576	0.0734895797	-0.0717382871	-0.077450155	-0.0234761165	0.1320650364	0.1054558027	-0.218382957	-0.3534706128	-0.2440372203	0.0821358135	0.1435869944	0.0562499041	0.0460437427	-0.076682022	0.0038618084	0.0658584669	0.0323693378	-0.0737776266	-0.0665467723	0.0484480049	-0.0451120524	-0.0283029248	0.0276468038	-0.0402239822	0.0123919158	0.0076378423	0.0290055175	0.0415576966	0.0054362874	0.0393248057	-0.0607946228	0.1482005829	-0.039577845	-0.031617349	0.0482183807	0.0143768672	-0.0847871733	-0.0318359057	0.1028346167	-0.0043283831	-0.0078533668	-0.0297114185	-0.0753108282	0.0158680111	0.0015357583	-0.0939427871	0.1483038244	-0.0028530428	-0.03432118	0.0132562177	0.0016121257	-0.0782012418	-0.0072328462	0.0812438016	0.0896448738	-0.0083875002	0.0131035256	-0.0493882986	0.0128561975	-0.0253250165	-0.1191011106	-0.0431374301	0.0328647873	0.0134590938	-0.0449310493	0.0884790431	0.040564466	0.1356391076	-0.1419047678	0.1691358613	0.3529645852	-0.2208398119	-0.0604124645	-0.0666436597	-0.1709191312	0.0615202524	0.0283147673	-0.1450050045	0.0198228106	0.0822725335	-0.0373447516	0.0493489574	-0.1149727932	-0.0294266959	0.1048244676	-0.2591157556	0.0525777809	-0.0163171261	-0.0923268972	0.0797797837	-0.0507552733	-0.0219533863	-0.0611557069	0.019828152	0.0114264553	0.1234770914	-0.0221008911	-0.0343025671	0.0009675212	0.0304521175	-0.0349013854	-0.0453132348	-0.0406750168	-0.063387568	-0.071441204	-0.0062670137	0.1144508531	-0.0714534469	0.0631102392	0.0448239825	0.0514783053	-0.0329465726	-0.0232310261	0.0445739254	-0.0062815151	0.0279450292	-0.01714272	0.0117305123	0.0534681695	0.1263131649	0.1036834116	-0.1066986727	-0.0203532689	0.1153695906	0.000772531	-0.0395820956	-0.0617331604	-0.0197069631	-0.0017986083	0.2589949849	-0.0497619175	-0.2388995639	-0.0580850171	-0.1686609334	-0.1402780038	0.321699671	0.0248412882	-0.1313372539	0.033733898	0.0959719094	0.0040804179	-0.0777307523	-0.0278462599	-0.0187507818	0.0437443428	0.0052369833	-0.1168003804	0.1006383121	0.1346199553	0.0735497058	0.0258208828	0.0626899328	0.1739694811	-0.0883293083	0.0796476241	-0.0658046293	0.047697375	-0.0264992443	0.0035839144	-0.0462147936427896	0.0086549185467816	7.490761505142574e-05	0.0021358071514456	0.6127711529385209	-0.0953713406435525	0.3754884858736041	0.0090956926161485	-0.8951158423905525	0.5974626204793623	0.3569615828700664	0.8012323712985485	0.0598508111018199	-0.0086491374358506	7.480757838423229e-05	0.0035821195895457	0.00064798456243	-0.0005299519120204	2.808490290540778e-07	4.198839931475986e-07	-0.0052365876341742	0.0004449180525687	2.7421850050386147e-05	1.979520735015246e-07	0.0	0.0	0.0	0.0	0.0	0.0	0.0	0.0	0.0	0.0	0.0	0.0	0.0	0.0	0.0	0.0	0.0	0.0	0.0	0.0	0.0	0.0	0.0	0.0	0.0	0.0	0.0	0.0	0.0	0.0	0.0	0.0	0.0	0.0	1.0	0.0	0.0	0.0
819.4949039471513	-8.35662436099608	69.83317071079313	671571.8975953507	919.9652760309804	-1.1681736390598871	846336.1091027579	1.3646296509944196	774.6783701832455	-4.104648846937835	16.848142156668096	600126.5772297696	776.143162072546	701.1472842975393	1.437212	49.885899	0.8874291150678093	0.698253997536993	0.1034005645	-0.0862236847	-0.057987863	-0.2566140245	-0.0357993503	0.0821526503	0.1565728459	-0.0081531714	-0.0348943452	-0.0267331897	0.138922007	0.0697101868	-0.0263837586	0.1250108814	-0.0836036484	-0.1162759127	-0.0970187042	-0.0154665876	0.1563737357	-0.1701301318	-0.2708507832	-0.1237982946	0.0379801186	0.0624246805	0.0767114954	-0.0184366132	0.0060928526	-0.0069728104	-0.119062573	0.0518824881	0.1235254253	-0.0265768063	0.0725981543	-0.0581745512	0.0153633531	0.0286571963	0.0836991078	0.0607954228	0.1660018207	-0.1547860538	0.0534400388	0.0765229985	0.0508323314	0.0320540843	0.0641326723	-0.0438832974	0.0416858636	-0.0060194552	0.0613849937	-0.0057360442	0.0036191794	-0.008128971	-0.0857242184	0.0229499813	0.1427016274	0.0659547023	-0.0325061397	-0.0514313238	-0.0218291839	0.031595705	0.0042826983	0.0097090676	0.0644990113	-0.0316257388	-0.0060997074	0.0880982856	0.0247401167	0.0480176499	-0.0667576257	-0.0250704308	0.1147472851	-0.0373250982	-0.0336838849	0.0451010554	-0.0878303632	0.0534859357	-0.019535857	0.0117226056	0.031890475	0.0568121788	-0.1010539393	-0.1637693441	0.131312977	0.2595097759	-0.1416553723	-0.1086934444	-0.0964533175	0.0386240467	0.0409524004	0.0302599263	-0.0386210542	0.1126680184	-0.0604943491	-0.0317984391	0.1059529416	-0.0581498805	-0.0595108862	0.0758549043	-0.0674461952	0.0827273217	-0.0395071537	0.1583205686	-0.1321316715	-0.181589437	0.0578816777	-0.0948790454	-0.0506549576	-0.0133412118	0.0668612308	0.0056701678	-0.0250524815	-0.0543761252	-0.0378811108	-0.0064580914	-0.0298324892	-0.1087088159	0.0815845534	0.0959879425	-0.0479372006	-0.0289099343	0.0543005515	-0.0448150549	-0.0637738475	0.0436645824	0.0063543161	0.0595392901	0.1086741347	0.0097884346	-0.0786623603	-0.107160436	0.0019411562	6.51647e-05	-0.0773389219	-0.0573025452	-0.0181756728	0.0301480807	0.003240906	0.019710831	0.0498931244	0.0678564782	-0.0520939425	0.0848930531	0.260366932	-0.0505398116	-0.238432073	-0.0145182437	-0.0500976368	-0.0948699499	0.0324798308	0.0129678139	0.0587161058	0.0657060727	0.1821165519	-0.0366146956	-0.2053952063	-0.1177683736	-0.1701729253	0.0406035775	0.0824062734	-0.1376815311	0.2192665287	0.1026001708	0.0856152812	-0.0303397685	0.1005019556	0.0290698727	-0.0886234459	0.0807879487	-0.0682378621	0.0517055788	-0.0321558829	0.0107296473	-0.0887927722248775	-0.0425779785820878	0.0018128842601367	0.0078841563993789	0.6294420129025582	0.0166708599640372	0.3961972476068242	0.0002779175719405	-0.5721333206760733	0.3229825217144793	0.104317709333044	0.3273365366278304	0.0506173973032047	-0.0092334137986151	8.525593037645754e-05	0.0025621209097504	0.0013560159835295	0.0007080314210994	5.013084932641774e-07	1.838779347587477e-06	-0.0050740777577448	0.0001625098764294	2.5746265091640497e-05	2.640945993709896e-08	0.0	0.0	0.0	0.0	0.0	0.0	0.0	0.0	0.0	0.0	0.0	0.0	0.0	0.0	0.0	0.0	0.0	0.0	0.0	0.0	0.0	0.0	0.0	0.0	0.0	0.0	0.0	0.0	0.0	0.0	0.0	0.0	0.0	0.0	0.0	1.0	0.0	0.0
816.299021226245	-3.195882720906297	10.21366636578744	666344.0920549256	923.5786986688172	3.613422637836834	852997.6126347858	13.056823159631705	773.8522251918727	-0.8261449913728711	0.6825155467704813	598847.2664344128	775.6819077540488	696.6396602473847	1.077614	37.404186	0.4104090513340437	0.281144359947474	0.137708423	-0.0823523099	-0.0087219168	-0.2578872215	-0.0761482605	0.0143488451	0.1618548447	0.0149756263	-0.0121382351	-0.0241556453	0.1121745443	0.0055770827	-0.0721763801	0.0525510634	-0.0592976522	-0.1096953739	-0.0846705073	-0.0561718667	0.1261246586	-0.1386483866	-0.1904117836	-0.1599633177	0.0177338863	0.0156147689	0.0428406831	0.0762598695	0.0657760129	-0.0431992633	-0.0411286823	0.0386764516	0.1330882094	-0.0081464333	0.0833250907	-0.0610888164	-0.0044202518	0.0255839302	0.1180850983	0.0373126832	0.0801368143	-0.1441016333	-0.0419408881	0.0222039278	0.030069612	-0.0854101954	0.0903075862	0.0736916835	-0.0578794011	-0.0474183028	0.0108971991	0.1163670232	0.0027692909	0.1068364665	-0.0522409325	-0.0258941963	0.1152558901	0.0005223628	-0.0063172214	0.113798345	0.0532989793	0.0226917106	0.0516028045	-0.0244655771	-0.0091835669	-0.0309364895	0.0023250989	-0.0042339518	0.0541866659	-0.0682862564	-0.0622273149	-0.0902847732	0.0504598299	-0.0145079408	0.0996757003	0.0607977546	0.0421908662	-0.0320413	0.0015875297	0.0318674912	-0.1101347093	0.0471501671	-0.0330610294	-0.1313662521	0.1115364838	0.181006319	-0.1364464191	-0.0834676498	-0.0365849384	-0.0140766987	0.0695228234	-0.0155504623	-0.0285999445	0.0585417391	-0.0794764794	-0.0082460996	0.0887893751	-0.0701207031	-0.1000074412	0.0560765942	-0.0301221647	0.0721287795	-0.1256511703	0.2410096164	-0.1168032238	-0.1285230506	0.0660203499	0.020720731	0.1288815104	-0.0277175217	0.0168474832	0.1057055111	-0.0339827657	-0.0616422838	-0.0477480485	0.0005639477	0.0200479619	-0.0776744195	-0.0550746658	0.0808860366	0.0379306848	0.0019790449	-0.040771797	0.0118323361	0.050593111	-0.0310428508	-0.0149083735	-0.0238956075	-0.0975517159	-0.0040399309	-0.0533438868	0.0155338216	0.051877469	-0.0402198988	-0.0821526843	-0.0329534174	0.0320020185	-0.0006382211	-0.1106951585	0.000238932	-0.0180908642	0.0376047192	0.0985200511	-0.026458539	0.2482186138	-0.0513006202	-0.184964243	0.0084757552	0.0075807927	-0.051094757	-0.0982185623	0.0255027677	0.0760628948	0.0559066112	0.1872446575	-0.1009063974	-0.1669370078	-0.0563668354	-0.1011466469	0.0451721488	0.053857137	-0.1447021825	0.164288129	0.0534857139	0.0331611328	-0.0699175851	0.0407384229	0.0090737887	-0.0889023983	0.0818729053	-0.0705658771	0.0555720611	-0.037674825	0.0178092284	-0.0894124100873199	-0.0006196378624424	3.839510805721885e-07	0.007994579077623	0.5969686353966068	-0.0324733775059513	0.3563715516472869	0.001054520246644	-0.4926632444057333	0.0794700762703399	0.0063154930224136	0.2427170723883832	0.0462323362583	-0.0043850610449047	1.9228760367540703e-05	0.0021374289159005	0.0005492243361002	-0.0008067916474292	6.509127623616837e-07	3.016473713647055e-07	-0.0043090112561726	0.0007650665015721	1.856757800582217e-05	5.853267518279245e-07	0.0	0.0	0.0	0.0	0.0	0.0	0.0	0.0	0.0	0.0	0.0	0.0	0.0	0.0	0.0	0.0	0.0	0.0	0.0	0.0	0.0	0.0	0.0	0.0	0.0	0.0	0.0	0.0	0.0	0.0	0.0	0.0	0.0	0.0	0.0	0.0	0.0	0.0
813.4063371049409	-2.8926841213041143	8.367621425644955	661629.8692424768	927.2362464365332	3.6575477677159824	859767.0567057113	13.377655673124169	769.7740755342783	-4.078149657594395	16.63130462973728	592552.1273646527	772.3447466847961	691.6646583576131	1.745335	60.580894	1.5983303576982957	1.253663338426301	0.0746826862	-0.1197026412	0.007350076	0.1242010903	-0.0456085632	-0.1120243449	0.1147033789	0.0623537545	-0.0018934467	0.067667242	-0.0026009202	-0.0341468196	0.1072591094	-0.0332723482	0.0381927267	-0.1363498962	0.0324172978	0.0191226687	0.0969862954	0.0300477733	-0.0027672351	0.0248939565	-0.0589225372	-0.0008836667	-0.1188415797	0.0527799671	0.1552321714	-0.1024990077	0.0189760757	0.0975705032	0.0438997121	-0.019192773	-0.1136844776	-0.1404286523	0.1386738618	0.0291323585	0.0127245476	-0.010024892	0.0293284515	-0.0182461935	0.0428295792	-0.0234713379	0.0297322633	0.0187012279	-0.0177774335	0.0920896929	0.0924635071	-0.0572548539	-0.0089971161	0.1104313984	0.1320609163	-0.1402597943	-0.079105708	0.0462360585	0.0678069677	-0.0352324488	0.1156196094	-0.0396776488	0.0595801465	-0.0244398981	0.0678439167	-0.1324079564	0.075734207	0.0920704947	0.0045377252	-0.1146075	0.0370755119	-0.0246159512	0.017591958	0.0544004095	-0.1531222435	-0.0321745394	-0.1834061585	-0.0924853443	-0.031194909	0.069121361	-0.0952138608	0.0047098132	-0.0621964827	-0.0227362485	0.0525114592	-0.1178268349	-0.0254160242	-0.0042266363	0.0804642744	-0.0061032909	0.0902358439	-0.028691548	0.0693333069	0.0424106845	0.0358435155	0.0202508429	-0.0972903427	0.0660785724	0.1135022784	0.0182664145	0.0775161026	-0.167584768	0.00934689	0.059414999	-0.093579614	0.0226732809	-0.1852459012	-0.0407784861	-0.0586501777	0.0154480263	0.1979129581	0.0091681528	-0.0857139476	-0.0262708269	-0.0483251517	-0.1768503794	0.0896383016	-0.0672695873	-0.0815895661	0.1911835338	-0.0042521984	-0.0061814431	0.0941166246	0.0247663504	0.0097586013	-0.0393916298	-0.0250778322	-0.1205096138	0.0084624913	0.0892016018	0.0182437973	0.0250743048	-0.013206953	-0.0329186835	-0.1088720005	-0.0200555607	0.1157782823	-0.1181002485	0.0413404971	-0.03087459	0.0155579399	-0.098500375	-0.027432842	0.0489808489	-0.0774621255	0.1177309567	0.0929834988	0.0683063666	0.1365685723	0.1550010629	-0.0355188372	0.1349610678	-0.039203225	0.0493131952	-0.0218050904	0.0660191948	-0.0135337742	-0.0845037204	0.0292880586	-0.0446593998	0.0522343891	-0.0791180443	-0.1647656313	-0.0004904262	-0.0188340728	-0.0530626028	-0.0099854326	0.012796358	-0.0234309599	-0.0785424727	-0.0891661178	0.0829017503	-0.0727850846	0.0592862243	-0.0430324377	0.0247790096	-0.1593328574018642	-0.0699204473145443	0.0048888689526659	0.0253869594478427	0.4554603530054066	-0.1415082823912002	0.2074441331598095	0.0200245939853076	-0.5508783273377418	-0.0582150829320085	0.0033889958807806	0.3034669315304282	0.0224728407422304	-0.0237594955160696	0.0005645136271781	0.0005050285710256	-7.987134627085446e-05	-0.000629095682371	3.957613775779027e-07	6.379431955118737e-09	-0.0021238715534024	0.0021851397027702	4.510830375351924e-06	4.774835520622638e-06	0.0	0.0	0.0	0.0	0.0	0.0	0.0	0.0	0.0	0.0	0.0	0.0	0.0	0.0	0.0	0.0	0.0	0.0	0.0	0.0	0.0	0.0	0.0	0.0	0.0	0.0	0.0	0.0	0.0	0.0	0.0	0.0	0.0	0.0	0.0	0.0	1.0	0.0
817.2483937377765	3.842056632835579	14.761399169915869	667894.9370669757	938.2736108953304	11.037364458797242	880357.368902562	121.82341419632054	773.7366645032926	3.9625889690142913	15.702111337353744	598668.4259966807	775.7993408797141	675.3387279782171	1.370565	47.572563	0.6155729213980902	0.4412881432707989	-0.0014415714	-0.0567162235	0.042629068	0.1887217016	0.0969105881	0.0223607436	0.0171792023	0.0913050717	0.0180533965	0.1466740959	-0.027409813	0.0124350076	0.0401862057	-0.1015200154	0.1495976143	-0.0756521659	0.0008497165	0.0233543181	-0.0349084735	0.0610639771	0.0274867496	0.0678935952	-0.0728298986	-0.0038302321	-0.0737155222	0.0718251897	0.1698697257	-0.0272955886	0.0093028604	0.1697250318	0.0326255153	-0.0638714399	0.0078765485	0.0430114558	0.1032690157	-0.0417526603	0.0158855494	0.0618546135	0.0311723852	0.060611303	0.0009627275	0.0580614111	0.044635313	0.0669358882	0.1109013012	-0.0855239158	-0.1305680898	-0.0750285478	-0.0626003123	0.0557211451	-0.0639761556	0.0667296313	0.032711729	-0.0695486579	-0.1005698433	-0.0258053956	0.0054408468	-0.0960226544	0.0572173335	0.040169917	-0.034374812	0.0692049057	0.1304237879	-0.1374341365	-0.0155807172	-0.1060583497	-0.1118189064	-0.1072711423	-0.0134073733	0.0524887044	-0.0026807399	-0.0849690534	0.0065560651	-0.0539820772	0.0825803459	-0.082564815	-0.0301113138	-0.1445352088	-0.0503059101	-0.0300153196	0.1109723142	0.009647864	-0.0303156107	-0.0259261389	0.1513104682	0.0047304468	0.1361439678	-0.0715554787	0.0796808238	-0.0135243557	-0.0492066887	0.0282093677	-0.1374676802	0.0509493939	0.1152106587	-0.0479820339	-0.0438708528	-0.1057193124	-0.1636340444	-0.0230965564	0.0030756873	-0.1437376344	-0.1269512504	0.0801434193	0.0137146199	0.0044408459	-0.1236451604	-0.0543207552	-0.0018908948	0.0100965024	0.0047719557	0.0320217555	-0.0760542246	0.081305019	0.0139008925	0.0187883631	-0.1380634534	-0.0540340076	-0.0601925007	-0.043070286	-0.0594890315	0.002479986	-0.0198102971	-0.1845052287	0.1249212884	0.0597144998	-0.0767402525	0.0134559498	-0.0312423458	-0.0956171095	0.1591476992	-0.0310188746	0.0191121172	-0.0761967476	-0.034562708	-0.0077327924	-0.0323466149	-0.0140755492	0.0727440692	-0.0709340185	0.0850487036	0.0511615494	-0.0006904892	0.0588086802	0.1847803614	0.1367837025	-0.0682480961	0.0086517954	0.0732784309	0.0161707817	-0.0291661982	0.1074076813	-0.1146097023	0.107880582	0.1279967055	-0.0426063442	-0.0727893121	-0.13116232	0.066360452	-0.0923123911	0.0484937764	-0.0314332709	0.0197637827	-0.0877323477	0.0014918842	0.0906146373	-0.0894145591	0.0838737786	-0.0748920628	0.0628378881	-0.0482057789	0.0315960199	-0.1613327063143401	-0.0019998489124758	3.999395672731036e-06	0.0260282421267091	0.5127662092842797	0.0573058562788731	0.2629291853837697	0.0032839611638548	-0.3690689094072183	0.1818094179305234	0.0330546644482357	0.1362118598910335	0.0159228918162302	-0.0065499489260002	4.2901830933211176e-05	0.0002535384837913	0.0007152853106795	0.0007951566569503	6.322741090924637e-07	5.116330756738688e-07	-0.0019798211708286	0.0001440503825738	3.919691868461129e-06	2.075051271965816e-08	0.0	0.0	0.0	0.0	0.0	0.0	0.0	0.0	0.0	0.0	0.0	0.0	0.0	0.0	0.0	0.0	0.0	0.0	0.0	0.0	0.0	0.0	0.0	0.0	0.0	0.0	0.0	0.0	0.0	0.0	0.0	0.0	0.0	0.0	0.0	0.0	0.0	1.0
816.4247578606705	-0.8236358771059713	0.6783760580561227	666549.3852478545	938.101381963351	-0.1722289319794754	880034.2028415488	0.0296628050107907	774.4514876862714	0.7148231829788756	0.5109721829240511	599775.1067794791	777.0967102347789	680.6819082785069	1.140125	39.573944	0.3320890612383124	0.1601605728424028	-0.0356248594	-0.074554722	0.0489099306	0.1233383984	0.0412586876	-0.0457741044	-0.0301693195	0.0436701696	0.0111844104	0.0622864127	-0.020143563	0.020807999	0.0095490529	-0.0667373174	-0.0279104142	0.0090047591	-0.083628182	-0.0225069714	-0.0274842847	0.0191847667	0.0401705722	0.034063752	-0.0700745083	-0.0157932598	-0.0936206502	-0.0067800281	0.034713371	-0.1016926766	0.0159731979	0.0300170675	0.0059234073	0.0554685504	-0.0391703825	-0.0956927932	0.0874716249	-0.0313823293	-0.0288407028	0.0337878992	-0.021357574	-0.0184675564	0.021141575	0.0978085572	0.0223500172	0.0043150542	0.0101528277	-0.1107951003	-0.0291215688	-0.0099486937	-0.0232707128	-0.0267212623	0.0732144722	-0.0034864001	0.0381825964	0.0635139788	-0.0283218671	-0.0546269394	-0.0246733718	0.0283990283	0.0507968617	0.0665081582	0.000429652	0.0246320225	-0.0125962056	-0.0327588482	0.0431794177	-0.0719644542	0.0852760484	-0.1059020862	0.1119164715	0.0203684437	0.0122284131	-0.0421225007	-0.0218799698	-0.0298349684	-0.1152378288	-0.0108618552	0.0452757141	-0.1289605978	0.0229326514	-0.001203255	-0.0039730521	0.0232864105	0.0027750076	-0.0381321287	0.0636252612	-0.0163859251	0.0971386047	-0.0113569142	-0.0340217466	-0.0031809868	-0.006371419	0.0630164952	-0.0087991444	0.0385400497	0.0416930673	-0.0262244042	0.0722754354	-0.0549393771	0.0481188074	0.0979583689	-0.0820953155	-0.0808985758	-0.056576543	0.0073936585	-0.0043535812	0.0090453202	-0.0422008499	-0.0578996372	0.0366694775	0.021573682	-0.0451828673	0.010847834	0.0548286182	0.0298866125	0.0704600615	0.0315234952	-0.0259977047	0.0099627789	0.0008047323	0.0350495494	0.0423153129	0.0009203759	0.0175898926	-0.0408799244	0.0661546633	0.0612686535	-0.0346212052	-0.0223328347	-0.0490378215	0.0040140979	-0.034164509	-0.0167775688	-0.0121618428	-0.1808161706	-0.0527470173	0.0050471555	0.1091449695	0.1877424188	-0.0416746134	0.0186272201	0.0522302189	-0.0246325557	-0.0261602588	0.068185957	0.1185263532	0.0878986023	-0.0157143643	0.0358830163	-0.014019419	-0.0052627918	-0.0295149793	0.0474427699	-0.0348148439	-0.0382701311	0.0188700908	-0.047867204	-0.0297798301	0.0832856096	-0.0380591996	-0.0527318823	-0.052084674	-0.0123474788	-0.0025566731	0.0359981788	0.0609260792	-0.0286507407	-0.0896476797	0.084788324	-0.0768835629	0.0662173176	-0.0531726956	0.0382182304	-0.1042654254379726	0.0570672808763675	0.0032566745466222	0.0108712789417614	0.4197667868780996	-0.0929994224061801	0.1762041553659639	0.0086488925678831	-0.2622334831163186	0.1068354262908997	0.0114138083107582	0.0687663996673165	0.0160357694182956	0.0001128776020654	1.2741353048035203e-08	0.0002571459008367	0.0017438371267599	0.0010285518160803	1.0579188383622887e-06	3.040967924666223e-06	-0.0023421303859801	-0.0003623092151514	5.485574744931292e-06	1.3126796738369578e-07	0.0	0.0	0.0	0.0	0.0	0.0	0.0	0.0	0.0	0.0	0.0	0.0	0.0	0.0	0.0	0.0	0.0	0.0	0.0	0.0	0.0	0.0	0.0	0.0	0.0	0.0	0.0	0.0	0.0	0.0	0.0	0.0	0.0	0.0	0.0	0.0	0.0	0.0
818.0951027651666	1.670344904496119	2.790052099976149	669279.5971683486	936.8048375190708	-1.29654444428013	877603.3035991327	1.681027495993671	774.6854699912511	0.2339823049796905	0.0547477190436089	600137.5774155656	776.731721440893	680.7488783013034	1.009705	35.047047	0.0989371580910315	0.0581202453059638	-0.0381822597	-0.0384762193	-0.0154814723	0.1182344909	0.0058217868	0.0123763222	0.0054029555	0.0171199971	0.0365197792	0.0477882092	-0.0839923749	-0.039992601	0.012104873	-0.0381432085	0.0370570842	-0.0320797778	0.078820624	-0.0437922321	-0.0388276807	-0.0069892962	0.0421347329	0.0203407494	-0.0205136102	-0.00052093	-0.0453043701	0.0081034295	0.0708867035	-0.0624911966	0.0717924124	0.0976415687	0.0899277562	-0.1148469473	0.0150713881	-0.0156959703	-0.0012469894	-0.0099822371	-0.0096424107	0.0428935778	0.0177712223	-0.0126790659	0.0531241518	-0.0162474038	0.0357587092	-0.0383185066	0.0795202207	-0.0302668015	-0.1122584521	0.0717743159	0.0190320519	-0.0406578255	0.0106015349	-0.0576947584	0.045886779	0.0304458097	-0.0089462922	0.0055911737	0.0412903065	0.0304759135	-0.1256886271	-0.072007843	-0.0527819723	0.0821152977	0.0699555339	-0.0892518076	0.0672268786	-0.05257191	-0.0455769554	0.0010295364	0.0119244547	0.0053566466	-0.104614283	-0.04246975	0.0228979186	-0.0001967821	0.0112875754	0.0133913432	0.0115200813	0.109868294	0.0748122256	-0.1322614875	-0.0086724292	0.0277207084	0.0186178335	-0.0416407488	0.0641206987	-0.0024197677	0.0473337105	-0.0402327705	0.0365258722	0.0281973653	-0.0611045642	-0.0573933479	-0.0700818613	0.0587191296	0.0562011691	0.0114238431	-0.0398435799	-0.0664109237	-0.0472304158	0.0573433179	-0.0805995819	-0.0846904959	-0.0020430253	0.0258801072	-0.0117228306	-0.0052027666	-0.0460223575	0.0208202192	0.0799673327	-0.0692171671	-0.0241615817	0.02988144	-0.0567935546	0.0346848435	-0.0479369396	0.0032842578	-0.0997657543	-0.0171001942	-0.0385561725	-0.046205885	0.1291469362	0.0886699105	-0.0144823968	0.0180220282	-0.0482123905	0.1240183308	0.0543098464	0.0378379861	0.0645647637	0.0209341668	0.0208057053	-0.0110691947	-0.0298941236	-0.0361250155	-0.0264026056	-0.0452566229	-0.0886208462	-0.0713067502	-0.0595855821	-0.0204009691	-0.0242120724	-0.0311187815	-0.0508312741	0.0615334583	0.1020565764	0.0827242587	-0.0139789514	0.0113709581	0.0488845274	0.0340068651	-0.0095544356	0.0414426866	-0.0706352573	-0.0293074781	0.023586089	-0.0017879043	-0.0368254707	-0.0611121319	-0.0672926338	0.021912731	0.0200693625	0.0600285007	0.0360413985	0.0058487687	0.0457540688	0.049399502	-0.0898654396	0.0856447597	-0.0787565141	0.06941525	-0.0579119187	0.0446048127	-0.0773404275869751	0.0269249978509975	0.0007249555092762	0.0059815417393361	0.3981019076346541	-0.0216648792434455	0.1584851288623506	0.000469366992633	-0.21508411523277	0.0471493678835486	0.0022230628918182	0.0462611766254634	0.0160897620181828	5.399259988719818e-05	2.9152008425790727e-09	0.0002588804418017	0.0017438533494495	1.6222689600085133e-08	2.631756578607103e-16	3.04102450438624e-06	-0.0023321809462961	9.949439683999696e-06	5.439067966266573e-06	9.899135002554794e-11	0.0	0.0	0.0	0.0	0.0	0.0	0.0	0.0	0.0	0.0	0.0	0.0	0.0	0.0	0.0	0.0	0.0	0.0	0.0	0.0	0.0	0.0	0.0	0.0	0.0	0.0	0.0	0.0	0.0	0.0	0.0	0.0	0.0	0.0	0.0	0.0	0.0	0.0
815.7236789956744	-2.371423769492253	5.623650694512847	665405.1204742381	943.327940147734	6.523102628663196	889867.6026633668	42.550867904072696	774.4222605983515	-0.2632093928996255	0.0692791845105894	599729.837710261	777.5307413588475	678.8078423912172	0.967354	33.577019	0.0833152582121393	0.0365739700220859	-0.0409013794	-0.0334687183	0.0202271072	0.1133212835	0.1057130116	-0.0542121721	-0.0184106099	-0.0550047257	0.0231368108	0.0962916391	0.0054288171	-0.0009386542	0.0583417847	0.03434973	-0.0117981745	0.0132063327	-0.0084185856	0.1045926509	-0.0373888957	0.0135080817	0.059070306	0.0519945284	-0.0783934018	0.0812376038	-0.0019586489	-0.0002866969	0.0437139952	-0.048749715	-0.0064856293	0.0598693694	-0.0347312639	-0.0291078313	-0.0339965532	-0.0129864934	0.062286185	-0.0354883455	0.0793577527	-0.0395840736	-0.0245928398	0.0296570335	0.0446258918	0.0171882939	-0.0240529514	-0.0787957403	-0.0490343471	0.0295132409	0.032743614	0.053999054	0.0108599754	-0.1317871221	-0.0606962169	-0.0947378034	-0.0750409015	0.063779756	-0.1838624	0.0041737198	0.0146217109	-0.0628922719	0.0258657195	0.0281884951	-0.009727979	0.0631812209	-0.1092763045	-0.0527932535	-0.0530428493	0.1188286621	-0.0082810209	-0.0745880946	-0.0013952243	-0.1062368844	0.0624528315	0.1645771513	0.013805192	0.04901738	-0.006534384	0.0014797549	0.0128669139	-0.0224019133	0.0251141523	0.0200929254	-0.0010950552	0.0386506602	0.0041050429	-0.043950148	0.1099143634	-0.0488890627	-0.0489623045	-0.023035149	-0.0271952604	0.0269888004	0.0583684899	0.0378310407	-0.0189089012	-0.0161092265	0.028771685	-0.0533214116	0.1092825502	-0.0706427729	0.0369171689	0.0267019815	-0.0746982674	-0.0137046269	0.0393036844	0.0747302719	0.0263739473	0.0422524468	-0.055740057	0.0088742596	0.0565943723	-0.0353648555	0.0593452979	0.0346235616	0.0163536467	0.0030986815	-0.0866763603	-0.0468166103	0.0346642852	0.0125347589	0.0091680472	0.0044484348	0.1323754938	-0.0917324743	0.0045558778	-0.0411869394	-0.0493957681	-0.1392641366	-0.0583407107	-0.0018140691	-0.0106656475	-0.0839099521	-0.0287425095	0.1067492237	-0.0665345689	0.0865529817	-0.042907951	0.118886619	-0.0196319719	0.0367724411	-0.0276913526	-0.0097728502	-0.0195232236	-0.116886545	-0.0538389331	0.0540007568	0.0811285675	0.0469150759	0.0081773857	0.0444202331	0.002675103	0.0118980429	-0.026872486	0.0526769826	-0.0070855811	0.0016377974	-0.0274065139	-0.0797495052	0.0117753991	0.0217510145	0.0379298341	0.0328697034	-0.0624388328	-0.0050313874	0.0092037323	0.0202568291	0.0822232176	-0.0081382301	-0.0900678015	0.0864424987	-0.0805080284	0.0724229201	-0.062403154	0.0507163915	-0.0709006263675888	0.0064398012193862	4.147103974520922e-05	0.0050268988193164	0.3887800916200206	-0.0093218160146335	0.1511499596400716	8.689625381067758e-05	-0.1879625608901705	0.0271215543425994	0.0007355787099585	0.035329924296391	0.0163749773885903	0.0002852153704075	8.134780751668837e-08	0.0002681398844768	0.0020681788309604	0.0003243254815108	1.0518701795727703e-07	4.277363676832726e-06	-0.0021330800655041	0.000199100880792	4.550030565850975e-06	3.9641160732150334e-08	0.0	0.0	0.0	0.0	0.0	0.0	0.0	0.0	0.0	0.0	0.0	0.0	0.0	0.0	0.0	0.0	0.0	0.0	0.0	0.0	0.0	0.0	0.0	0.0	0.0	0.0	0.0	0.0	0.0	0.0	0.0	0.0	0.0	0.0	0.0	0.0	0.0	0.0
820.3870896980005	4.663410702326132	21.74739937856991	673034.9769431552	944.1487197105332	0.8207795627992027	891416.804931039	0.6736790907088503	775.8580698027575	1.435809204406041	2.0615480714571093	601955.7444780606	777.8045292838067	685.3950209837328	0.944727	32.79163	0.1052268973325232	0.0585657787715694	-0.0545566862	-0.0315039662	-0.0266789103	0.1362215177	-0.0110855553	0.0400045787	-0.0771711979	0.0779164557	0.0685275559	0.0958544758	-0.0102677417	-0.0353747097	0.0455688972	0.0094816341	0.0443067601	0.0177434398	-0.0182607571	-0.0682590362	-0.0755382018	-0.0101472376	0.0500352048	0.0639942967	-0.0409133653	-0.0196143655	-0.0869810713	0.0262789222	0.0348375765	-0.0069775852	0.084515891	0.0273367702	0.0140398067	0.018595327	0.0055164749	-0.0151193583	0.0467385927	-0.0296318066	-0.0089059104	0.0221486503	-0.0533983697	-0.1339185091	-0.0502649615	0.0322514231	0.0007990255	0.0025430443	0.0060744035	-0.1002771923	-0.035557573	0.0030322716	0.0339846371	-0.013894532	0.0497395797	0.0709652781	-0.0219643617	0.0996190331	-0.0179700158	-0.0261841939	-0.1103796786	0.1310436588	-0.0530572345	-0.0324925508	0.055263838	-0.0451380166	0.0232160145	-0.0010530314	-0.1116714423	0.0773377376	0.1072223799	0.0077448796	0.0916124861	-0.0246401095	-0.0023016521	0.0417880302	-0.0400248895	-0.0626365718	0.0094159779	0.0174898432	-0.0143838575	-0.0380688486	-0.0061908029	-0.0293305243	0.0041903588	0.0614807311	0.0295011162	-0.0463220317	0.0591401714	0.0481352353	0.1077873039	-0.0358397431	-0.0147661289	-0.0426845275	0.0318142946	-0.027492947	0.0006870278	0.0626014038	0.0046130637	-0.0604513622	0.0176692855	-0.0647234071	0.0498140123	0.1038270908	-0.0280113381	-0.0386613886	-0.0236983134	-0.0488361513	0.0787100485	0.0104819112	0.0469481386	0.0061723391	0.0755616171	-0.0388694251	0.0037526034	-0.03977796	0.0603228623	-0.0449998348	0.0629095707	-0.0376635344	-0.016017917	0.0620076945	-0.1141781215	0.0350109171	0.0938547371	0.0331185729	0.0602879043	0.0843328262	0.0619993659	-0.1080661701	-0.0156408769	-0.0212826631	0.031220788	0.1004911453	0.0639362475	0.0310449746	0.0985683101	-0.0389639512	0.0321130544	0.0744148888	0.0867204808	0.0121853766	-0.0164566911	0.0195030086	3.57433e-05	0.0346506243	-0.0637381946	0.0577118784	0.0702258038	0.0542747359	-0.0073003667	0.0069677293	0.0282116415	-0.0159006573	-0.0002584682	-0.0103650344	-0.0792570001	-0.0499759134	0.0304073172	-0.0100250323	-0.0653445996	0.0142635964	-0.0174806293	-0.0114566015	-0.0197206361	0.0538481011	-0.0060456877	0.0036492873	0.0765426347	0.0143195963	-0.0902547308	0.0871809944	-0.0821354052	0.075232084	-0.0666271694	0.0565152869	-0.0558234226508886	0.0150772037167002	0.0002273220719148	0.0031162545164597	0.3860182224607626	-0.0027618691592579	0.1490100680717668	7.627921252860315e-06	-0.1658652539423855	0.022097306947785	0.0004882909743446	0.027511282465372	0.0155523822812543	-0.000822595107336	6.766627106131284e-07	0.0002418765946222	0.0017508094398182	-0.0003173693911421	1.0072333043397065e-07	3.065333694556519e-06	-0.0019672342138067	0.0001658458516973	3.8700104519716655e-06	2.7504846525235877e-08	0.0	0.0	0.0	0.0	0.0	0.0	0.0	0.0	0.0	0.0	0.0	0.0	0.0	0.0	0.0	0.0	0.0	0.0	0.0	0.0	0.0	0.0	0.0	0.0	0.0	0.0	0.0	0.0	0.0	0.0	0.0	0.0	0.0	0.0	0.0	0.0	0.0	0.0
818.6869653150412	-1.7001243829593022	2.890422917532748	670248.3471767515	942.0496768630312	-2.0990428475020053	887457.5936777415	4.405980875649327	774.465248145962	-1.3928216567954903	1.9399521676385352	599796.4205857866	777.1966732275747	689.2132013259018	0.930897	32.311588	0.0884712892352772	0.0426762081561027	-0.053779445	-0.0226127883	-0.0303211357	0.0497239798	0.0950718121	-0.0339113488	0.0172447633	-0.044672393	0.0699454892	0.0142494808	-0.0483354272	0.0074331931	-0.0037669834	-0.0622315215	-0.033074436	0.0065161982	0.0085225892	0.0464194782	-0.0450163154	0.0422009904	0.0469847809	0.0280809889	-0.0822285256	0.0147014442	0.0450410761	0.0022205415	0.0205434699	0.0165438007	0.0343053786	0.0634472419	0.0841753478	0.0367087002	-0.0079419029	0.0453389967	0.0674473699	-0.0171843061	0.0221050706	0.0441991619	-0.0345590396	-0.0006346156	-0.0473979493	-0.0373755271	-0.0253290999	-0.0008691318	-0.0073278123	-0.0806593759	-0.1143268176	0.082943607	-0.0057220819	0.0571630273	0.0424933924	0.0626766389	0.0896232232	0.0698446139	-0.0290660943	-0.0290776325	-0.1097160781	-0.0881998617	0.0359385832	-0.0547534034	0.1198123591	0.0014978187	-0.1337233893	-0.0134892157	0.0591572185	-0.077244754	0.0249102852	0.0266871106	-0.0023696891	-0.0110860122	0.0323832266	-0.0822937223	0.0647967462	-0.0156133535	0.0878492293	0.0574907535	0.0181299952	0.0914995515	0.0427902909	0.0471632334	-0.0709536698	0.0372842632	-0.0214734935	-0.0375664337	0.0836286858	-0.0515068566	-0.030144212	-0.0019572793	-0.0124164441	-0.0211395021	-0.0339231948	-0.084471247	-0.0450223376	0.0069615338	0.0573428573	-0.0424658625	0.0252539271	-0.0102377622	0.014027416	-0.0532038348	-0.0093298227	-0.0457465146	-0.0785127806	0.1040926258	0.0340985193	0.0056851738	-0.0145260837	-0.0273612859	0.0450727737	-0.0567175336	0.0068290411	0.1184414458	0.0295822929	0.0079628843	0.0678226209	-0.0462632381	-0.0661718336	-0.0354056711	0.0236811102	-0.015238177	0.0063157388	-0.0445105306	-0.0208122546	0.0195870531	0.0126327916	7.434e-06	0.0477863336	-0.2198816937	-0.0477361846	0.0760673108	0.0449544315	-0.1448161429	-0.0372883473	0.0183155827	-0.003043318	-0.0784766862	-0.0130052861	0.0526785819	0.0306010121	0.0496587552	0.0543758123	0.0505339146	-0.0612786548	0.0473101448	0.0536089019	0.024679128	-0.0038212843	0.0415433185	0.0152372996	0.0156004741	0.0329831612	0.0417522668	-0.0518290047	0.0328765458	-0.0345607558	-0.0172660321	0.0232360382	-0.0292270777	-0.0042454451	0.0138155462	-0.0502808093	0.0481416171	-0.0013467299	0.0769490258	0.0558877406	0.0341737835	-0.0904261954	0.0878597406	-0.0836361352	0.0778350419	-0.0705658771	0.0619657467	-0.0538748804233648	0.0019485422275237	3.796816812443397e-06	0.0029025027406318	0.384304892269725	-0.0017133301910376	0.1476902502224449	2.9355003435210864e-06	-0.1479788810346747	0.0178863729077108	0.0003199223357936	0.0218977492322744	0.0159074805245366	0.0003550982432823	1.2609476238217584e-07	0.0002530479366385	0.0023887631461183	0.0006379537063001	4.069849313820344e-07	5.706189368253e-06	-0.0023126431424044	-0.0003454089285976	5.348318304110098e-06	1.193073279550109e-07	0.0	0.0	0.0	0.0	0.0	0.0	0.0	0.0	0.0	0.0	0.0	0.0	0.0	0.0	0.0	0.0	0.0	0.0	0.0	0.0	0.0	0.0	0.0	0.0	0.0	0.0	0.0	0.0	0.0	0.0	0.0	0.0	0.0	0.0	0.0	0.0	0.0	0.0
819.5482011947441	0.8612358797029174	0.7417272404876579	671659.2540815409	944.6664580785064	2.6167812154751573	892394.7170185904	6.847543929663642	776.5960931183394	2.130844972377304	4.540500296305632	603101.4918466684	779.7557976567252	693.0607543199475	0.910245	31.594772	0.1412518577911256	0.0704372752358984	-0.0478457069	-0.0253864121	-0.0309664793	0.0609314912	0.0704253136	0.0015299373	-0.0010155285	-0.0427864755	0.064621933	0.0189294749	-0.0751903252	-0.0178793229	0.0310341242	-0.0261812693	-0.0376407068	-0.0644878566	-0.0155326589	-0.0370193367	-0.0789619382	-0.0147335659	0.037962253	0.069048918	-0.0318006497	0.0489836591	-0.0266309927	-0.06130762	0.040802102	0.0121630415	0.0643710374	-0.0153957366	0.0677759154	0.0081408975	0.0756745786	-0.0316932771	-0.0077426858	-0.030944845	0.0759043623	-0.0894330016	0.10470021	-0.0421730526	-0.0072529849	-0.0403327983	-0.0694136613	0.0394086924	-0.1466725762	-0.0212297362	0.0019579829	-0.0541672234	0.0682880909	-0.0004077718	-0.0718459062	-0.0592397238	0.0460361976	-0.0927130182	-0.0882011718	-0.0340794281	0.0033779065	-0.0852033808	0.0240499851	0.048559002	-0.0624620377	0.0089197446	-0.0819440183	-0.0306239782	-0.0027162403	-0.0356956996	-0.0489419511	0.1391419224	-0.0343783867	0.1299004696	0.0973071289	-0.0064731077	0.0152283781	-0.0746769876	0.0279512685	0.0400003274	-0.097795481	-0.0006588306	0.0264433916	-0.000557116	-0.0400480575	0.0674159367	0.0257887272	-0.0187092902	0.0970981552	-0.0162212973	-0.0008813011	-0.0448399751	0.0020415546	0.051275532	0.0256988241	-0.0322546412	-0.0361353926	0.0804632935	-0.0522399242	0.0209238576	-0.011761834	0.047552082	0.0383825455	0.0356482883	-0.0211301139	0.0132153053	-0.0805721783	-0.0586949208	-0.0303998835	0.0396831327	-0.1255079233	0.065025025	0.0500426056	0.0220440961	0.0099546616	0.125686624	-0.0965475369	-0.0554740308	0.0145444007	0.1091486274	0.0389438032	-0.0859062749	0.0070329074	-0.1199513952	-0.01283751	-0.0313521018	-0.0491780354	-0.0171985833	-0.0269521605	0.0456071787	-0.0259462835	-0.0295181389	0.0193298519	-0.0084748933	-0.0166169308	0.0298304624	0.0549221262	0.1352123345	0.1034099427	-0.025911465	0.0961605402	0.0910144636	-0.0130462424	-0.0557828708	0.0076571706	0.0723341872	-0.0710662355	0.0504454646	0.070630878	0.0371870853	-0.0399963891	0.0211261477	0.0302404409	0.0081946925	0.00617914	0.0356016446	-0.0271029604	-0.0083922314	-0.0135655558	-0.0164789561	-0.0403989001	0.0014068397	-0.0437368959	0.0393535307	-0.0086665901	0.00274902	0.0056858652	-0.0268112085	0.0634837558	0.0542477298	-0.090582166	0.0884782721	-0.0850079043	0.0802246594	-0.0742024108	0.0670341672	-0.0247954200978881	0.0290794603254767	0.0008456150128209	0.0006148128578307	0.4363703439421726	0.0520654516724476	0.19041907707221	0.0027108112578559	-0.181192756081046	-0.0332138750463713	0.0011031614955959	0.0328308148562454	0.0156601072018613	-0.0002473733226752	6.119356077141726e-08	0.0002452389575737	0.0022779429466219	-0.0001108201994964	1.2281116616421908e-08	5.1890240680644646e-06	-0.0021329752496395	0.0001796678927648	4.549583415574687e-06	3.2280551690579565e-08	0.0	0.0	0.0	0.0	0.0	0.0	0.0	0.0	0.0	0.0	0.0	0.0	0.0	0.0	0.0	0.0	0.0	0.0	0.0	0.0	0.0	0.0	0.0	0.0	0.0	0.0	0.0	0.0	0.0	0.0	0.0	0.0	0.0	0.0	0.0	0.0	0.0	0.0
818.2043282161382	-1.3438729786059866	1.8059945826273267	669458.3227116219	943.0316933782816	-1.634764700224764	889308.7747159094	2.672455625100963	774.6952006656333	-1.9008924527061024	3.613392116755023	600152.6539343657	777.3812081070132	684.0857692602117	0.985868	34.219654	0.2581646344114244	0.149304247112469	-0.0681560964	0.0086258235	0.001882264	0.0618853054	0.0738707809	-0.0001769949	-0.0427052918	-0.0074468954	0.0326442519	0.0850475539	-0.015113285	-0.0821101864	0.0201599228	0.0214639469	0.0530118961	0.0576658496	0.0224678837	0.0457968555	-0.0606914136	0.0143664337	0.047570364	0.0440449035	-0.0181906629	-0.0152842308	0.0109410991	0.0503993901	-0.0017854903	0.0361890107	0.0362213272	0.0355076816	-0.0078026534	0.0631872924	-0.1336773165	-0.0398613042	-0.0133825522	0.0235436447	-0.0429554771	-0.011390532	0.0164074518	0.0031544449	0.0099623827	0.0108141003	0.0458722227	0.0317753509	0.1115896243	0.0291537244	0.0605654768	0.0906502259	0.0373974788	0.2115640902	0.1008071814	-0.0059393691	-0.0682081373	0.0745021697	0.0470047541	-0.0228150275	0.0323995734	0.0144661207	0.0169762448	0.0190111151	0.074351825	0.0313944986	0.0509837656	-0.0378333392	-0.1046212772	0.0322531563	-0.0370022259	0.0500456799	-0.0361475668	0.0688935274	-0.0299957254	-0.0291628018	-0.0179785442	0.139855452	0.0201473078	0.1117920259	-0.0326786097	-0.0716579685	0.1481453402	-0.0081212147	0.0804633317	0.0574707362	0.0069580245	-0.0359706085	0.0536740503	0.0174076441	-0.0048193991	-0.0033183808	-0.0171579288	-0.0725338135	0.0160510959	-0.0365432637	0.0228505864	-0.0028821526	0.0517699136	-0.0727995613	0.0717039153	-0.0752944094	0.0229013319	0.0041442814	0.0227892359	-0.0162106854	0.0288164188	-0.0887386833	-0.0780061632	-0.0118483021	0.0595911568	-0.0143224649	-0.092030159	-0.0559702413	-0.0386966773	-0.0635603127	0.0951975841	0.0404855277	-0.0225565722	0.0556505108	0.0371381146	0.1275066151	-0.0285304454	0.0533636167	0.0315488832	-0.0719840069	-0.0193334801	-0.0964908665	-0.0588786366	-0.0441543677	0.0675397056	0.0014611918	-0.059027129	-0.005336407	0.0726980348	-0.0407240045	0.0664481698	-0.0404108234	-0.0147193927	-0.0761731822	0.0054834982	-0.0894164411	-0.0435693509	-0.0927962342	0.0406358086	-0.04687649	-0.0804946783	0.0302461973	0.0245820183	-0.0348941614	-0.0043870041	0.0514513549	-0.0193830719	-0.0163700409	0.0235981113	0.0180343297	-0.029583389	0.0287844497	0.0118017567	0.0061311096	0.0150445159	-0.0108897654	0.0273968546	-0.012706523	-0.0507047058	0.0738673036	-0.0019648626	0.0595734482	0.0317636563	-0.0094994765	-0.0907226157	0.089036165	-0.0862485974	0.0823943867	-0.0775211985	0.0716892996	0.0055336110092696	0.0303290311071577	0.0009198501278989	3.062085080190972e-05	0.3872526030893937	-0.0491177408527789	0.1499645785995114	0.0024125524664807	-0.0490419247229283	0.1321508313581177	0.0174638422286416	0.0024051103805293	0.01549295260778	-0.0001671545940813	2.7940658322484417e-08	0.0002400315805069	0.0029610303061571	0.0006830873595352	4.666083407567716e-07	8.76770047398081e-06	-0.0022140739178904	-8.109866825089986e-05	4.902123313882546e-06	6.576993992069513e-09	0.0	0.0	0.0	0.0	0.0	0.0	0.0	0.0	0.0	0.0	0.0	0.0	0.0	0.0	0.0	0.0	0.0	0.0	0.0	0.0	0.0	0.0	0.0	0.0	0.0	0.0	0.0	0.0	0.0	0.0	0.0	0.0	0.0	0.0	0.0	0.0	0.0	0.0
819.3312917373934	1.1269635212552205	1.2700467782399654	671303.7656200656	944.0515416206334	1.0198482423518271	891233.3132362945	1.0400904374281112	774.1298928201347	-0.5653078454985234	0.3195729601821824	599277.0909577133	777.0347903212202	683.2561726091362	0.914441	31.740402	0.159789838276035	0.0833047690517644	-0.0492069123	0.0542230619	-0.0318186517	0.0529220277	0.0086445213	0.0575137254	-0.0725513035	-0.0240106332	0.0689960664	-0.025055821	-0.0532813975	-0.0404679126	-0.037567396	0.0027765251	-0.0191078974	0.0006627108	0.0602726103	-0.0083737064	-0.0827679005	0.0114762093	0.0672789798	0.0298169002	0.0299039399	-0.042387289	-0.0220614008	0.094013543	-0.0283152777	0.0605711796	0.0538021722	0.0084112958	0.0084607818	-0.0532414816	-0.0632398266	0.0256918759	0.0595076154	0.035767544	0.0800083366	0.0137631706	-0.073089117	-0.0205117793	-0.0771344177	0.0323256366	0.05227531	0.0590058103	-0.0154283999	-0.0500110795	0.0404935435	0.0720963713	0.0326921038	0.0124225134	-0.0734735944	0.027307845	0.0272151892	-0.1308535476	0.0351887251	0.0489714245	-0.0921056938	-0.0130138672	-0.0293501119	-0.0143136223	-0.0693435087	-0.0562544743	-0.0565444452	0.0881332074	0.0529868081	0.0034192174	-0.0283215174	0.0114225088	0.0355536637	-0.0515623175	-0.0797918683	-0.0408903697	0.0690834245	0.0012415929	0.0358159074	0.141783932	0.0724146533	0.0936600733	0.043006687	0.0284613929	-0.0387140677	0.0879252258	0.0114847293	-0.0521564089	0.0098872043	0.0567418215	0.0214937179	0.0153296565	-0.0187284585	-0.0433395177	0.0189484597	-0.0869841618	0.0100151943	-0.0382528906	0.0221147041	0.0226233473	-0.0243827402	-0.0515803911	-0.0569895816	-0.0529658227	-0.1028416367	-0.0275170664	-0.0501137015	0.001600654	0.0776674374	0.0207835427	0.0751109195	-0.0420356638	-0.0009464622	-0.0310261267	0.0676940319	0.008787515	-0.061150556	0.0100486854	0.0087019275	-0.0568157672	0.0945689603	-0.0691781944	-0.0532365868	-0.0450902557	-0.0722175958	-0.0249071766	0.0863053511	0.0473112286	0.003180663	0.0712823865	-0.0430830481	-0.0378793754	0.0273436393	0.0596758627	-0.1035645312	-0.0496752458	-0.0256740417	0.0025385486	0.0268166333	0.0499955823	-0.0005853812	-0.0631168658	0.032764746	-0.0757534361	0.009088329	-0.0093896589	-0.1035102415	0.0141922794	0.001712005	-0.0740017122	-0.0233434292	0.0552133826	-0.0063818751	0.0252711778	0.0513221798	-0.0223809469	-0.0275585495	-0.0001971647	0.0297177591	-0.003286561	-0.0193909012	0.0256817375	-0.0117118871	0.0388484289	-0.0311500809	0.0548107072	0.034647118	-0.0793611353	0.0447901035	0.0490546607	-0.0908475206	0.089533037	-0.0873563013	0.0843382767	-0.0805080284	0.0759024438	0.0436643775910283	0.0381307665817587	0.0014539553601125	0.0019065778704118	0.402959425221141	0.0157068221317472	0.1623762983745523	0.0002467042614783	-0.0080293642972293	0.041012560425699	0.0016820301126716	6.447069101762059e-05	0.0152746567736295	-0.0002182958341505	4.7653071207462916e-08	0.0002333151395521	0.004025719409008	0.0010646891028508	1.133562885729454e-06	1.620641676006372e-05	-0.0022298827636256	-1.5808845735200156e-05	4.972377139514544e-06	2.499196034793562e-10	0.0	0.0	0.0	0.0	0.0	0.0	0.0	0.0	0.0	0.0	0.0	0.0	0.0	0.0	0.0	0.0	0.0	0.0	0.0	0.0	0.0	0.0	0.0	0.0	0.0	0.0	0.0	0.0	0.0	0.0	0.0	0.0	0.0	0.0	0.0	0.0	0.0	0.0
816.2688614764534	-3.0624302609400047	9.378479103121066	666294.8542160654	944.2713160659328	0.219774445299322	891648.3183448886	0.0483008068066246	773.770853779857	-0.3590390402777075	0.1289090324435372	598721.3341592089	777.346628022948	689.4408304171723	0.967128	33.569199	0.1569009942209313	0.1169668752465186	-0.0708949807	0.057483711	-0.0264087104	-0.0297552986	0.0860526486	-0.0239238201	-0.0411302416	-0.094338967	0.0256846712	0.0283167718	-0.0030269997	-0.0362713028	-0.0072561281	-0.0593228786	-0.0580298752	0.0454237508	0.083931402	-0.0155060936	-0.0466163853	0.0009419534	0.0728045094	0.0311338462	0.0787301599	0.009958287	0.0858156717	0.0305470721	-0.0213553985	-0.01303536	-0.0372519205	-0.0097379854	-0.0331922107	0.0204497806	-0.0128930811	0.0106380113	-0.085888563	-0.0200136666	-0.0289520557	0.0281106644	-0.0286940703	0.0201187229	0.0874920113	-0.0197177337	-0.1922919337	0.0728295068	-0.0795595785	-0.0046302445	-0.016164844	-0.0160389589	0.0523702338	0.0869048948	-0.0690073069	0.091578303	-0.026561942	-0.017432466	-0.029521958	0.0007581699	0.0674822274	0.0274237579	-0.0596489278	0.001372474	0.0577697213	-0.0237486961	-0.0411166445	0.0903958768	0.0997611998	0.0126146942	-0.081800295	0.0516681617	-0.044067632	-0.0154736853	-0.0032736767	-0.0138872237	-0.0265903025	-0.0659415622	0.0250701332	-0.0439865791	0.0042668466	-0.0666456548	0.0154858215	0.0443683121	-0.0238076742	0.0585808646	0.0001267069	-0.0600927982	0.0278177076	0.0570528718	-0.100663348	-0.0177071644	0.04168883	-0.0594334817	-0.0276663721	-0.0242466317	0.0490121237	-0.0335781292	0.0077158991	0.0419866766	0.0015131431	0.0427495055	0.0106170283	0.043570173	0.045548991	0.049342665	0.0214637985	0.0853366568	-0.0480329128	-0.0156347626	-0.0391192772	0.031764245	-0.0763835718	0.0706947747	-0.07015899	0.0488562212	0.0294832266	-0.155887224	0.1039607223	-0.0833455667	-0.0144386644	-0.0892902589	0.0389096216	0.0193844384	0.0213334103	0.0118914036	0.0024181491	0.0060997871	-0.0674299466	0.0607747576	0.1010146934	0.0505723261	0.046181225	0.0222288224	-0.0464126426	-0.0318212273	0.0560992925	0.0765354355	-0.0096738941	0.0429082659	0.0294587287	0.0189717626	0.1116294052	0.064086171	0.0032183759	0.0113696007	-0.1122885532	-0.0062915919	-0.0192603367	-0.0729835632	-0.0231628517	0.0292282198	-0.0221491596	0.0039343478	0.020585534	0.0460791507	0.0598621468	0.0147800654	-0.0415438351	0.0457225416	0.0197070666	-0.0423602525	-0.0056674873	0.0547766033	-0.0169733531	0.0101445217	-0.0425024479	0.0671839867	-0.0183445202	-0.0428871629	-0.0909568593	0.0899685475	-0.0883293083	0.0860510014	-0.0831501106	0.0796476241	0.0444382707142381	0.0007738931232098	5.989105661514206e-07	0.0019747599040719	0.4029991443756842	3.971915454320518e-05	0.1624083103675335	1.5776112376270166e-09	0.035526731777864	0.0435560960750933	0.0018971335053027	0.0012621486708162	0.0134195689551053	-0.0018550878185241	3.4413508144368745e-06	0.0001800848309408	0.0038129997413696	-0.0002127196676383	4.524965700019134e-08	1.4538967027684636e-05	-0.0024127009948247	-0.000182818231199	5.821126090428097e-06	3.342250565876749e-08	0.0	0.0	0.0	0.0	0.0	0.0	0.0	0.0	0.0	0.0	0.0	0.0	0.0	0.0	0.0	0.0	0.0	0.0	0.0	0.0	0.0	0.0	0.0	0.0	0.0	0.0	0.0	0.0	0.0	0.0	0.0	0.0	0.0	0.0	0.0	0.0	0.0	0.0
814.0048569102963	-2.264004566157041	5.125716675579932	662603.907073552	941.8333338470972	-2.4379822188356	887050.0287455375	5.943757299358556	774.380847483799	0.6099937039419956	0.3720923188488749	599665.6969497268	777.7377789499695	680.2197641738474	0.922318	32.013832	0.1138796067752436	0.0521647368566193	-0.0690855452	0.0832755489	0.0168837777	-0.023166125	0.0739089985	-0.0074831938	-0.0874575389	-0.1383074167	-0.0090008837	0.0266389478	-0.0085436023	-0.0598960305	-0.0195576208	0.025589981	-0.0893370548	-0.0495329768	-0.0040631839	0.0444889477	-0.0678799849	-0.0128418229	0.0798092708	0.0130518843	0.0193194425	-0.004261016	0.0362881127	0.0370127195	-0.0299482374	0.0879979785	-0.0574456371	-0.0068357891	-0.1283571251	0.0509564268	0.0573816356	0.0532292181	-0.0006667156	-0.0769746965	-0.0089778609	-0.0203499379	0.0094012735	0.0061316984	-0.0857196607	0.0754429348	-0.0648136641	0.0394422102	0.0493934526	-0.0469053004	0.0469691509	-0.1245948384	-0.0952041302	-0.1458244645	0.0278803094	0.026552581	-0.0821015146	-0.0243905081	0.0562983843	-0.0123252374	-0.0584962836	0.0692154881	-0.0342007955	0.0474134903	0.0310139517	-0.0816951956	0.00664644	0.01052699	0.0135702197	-0.105864013	-0.0165788899	-0.0180619364	-0.0774729726	-0.0133909384	0.0432636896	-0.1084285072	0.0092250928	-0.0167338813	0.0483077637	-0.06298776	-0.0687883441	0.0139392622	0.0373088838	-0.072865922	-0.0192893843	0.0834643477	0.0163246134	-0.0625258583	0.0281907205	0.0061535936	-0.092360752	0.0062734858	0.0085723097	-0.0519686956	0.0995188521	0.050021062	0.0926472781	-0.0105317628	-0.0299558542	0.0134497459	-0.0571179299	0.0207225501	-0.005359341	0.0085862687	-0.0671914023	-0.036659007	0.0033667211	-0.0146665422	0.0415706138	0.0665777809	-0.032340316	0.01998466	-0.1162438239	0.0341880717	0.0660639884	0.0627257277	0.0147285952	0.0026026162	0.0194360515	-0.0689518547	0.0029364392	0.0071002957	-0.0145560907	0.1358756864	-0.1033785408	0.0915566089	-0.0919036036	0.0730991439	0.1115599289	0.0587154501	0.0097298816	-0.015178098	-0.0995299944	-0.010140071	-0.1094846891	-0.0200281816	-0.0054286762	-0.0051272686	0.0309584196	-0.0543947494	0.0327654763	-0.0079016066	-0.0166761991	-0.0185838908	0.0528393289	0.0395063358	-0.118061894	-0.0123381607	-0.0204829804	-0.0818814402	0.0036445553	0.020356898	-0.0314105902	0.0414012097	-0.0035148468	0.0194209085	0.0418152011	-0.0154844441	-0.0201306776	-0.0202429928	-0.0009121476	0.0598255041	-0.0190300602	0.0358661732	-0.0498204047	-0.0060738278	-0.0486894943	-0.0684705556	0.0058488451	0.0499059476	-0.0910506129	0.0903423981	-0.0891661178	0.0875278662	-0.0854361313	0.0829017503	0.0322452593721607	-0.0121930113420773	0.000148669525588	0.0010397567519779	0.3770134867435644	-0.0259856576321197	0.1421391691865398	0.0006752544025737	0.0765573977692355	0.0410306659913714	0.0016835155516954	0.0058610351531969	0.0137755695938172	0.0003560006387118	1.267364547632806e-07	0.0001897663176341	0.003669403649926	-0.0001435960914435	2.0619837477878684e-08	1.3464523146090252e-05	-0.0022188922887867	0.0001938087060379	4.92348298923708e-06	3.756181453612388e-08	0.0	0.0	0.0	0.0	0.0	0.0	0.0	0.0	0.0	0.0	0.0	0.0	0.0	0.0	0.0	0.0	0.0	0.0	0.0	0.0	0.0	0.0	0.0	0.0	0.0	0.0	0.0	0.0	0.0	0.0	0.0	0.0	0.0	0.0	0.0	0.0	0.0	0.0
814.3408763040851	0.3360193937887743	0.1129090330021753	663151.0628197052	935.8078081535572	-6.025525693539976	875736.2538011649	36.3069598835104	773.8766001941557	-0.504247289643331	0.2542653291126453	598884.9923280651	776.5567959750656	670.0834486563209	1.123816	39.007851	0.3049003324465436	0.2279171181242505	-0.0389244159	0.1344810194	-0.0131190641	0.0328454299	-0.0725004631	0.0258320669	-0.1021216678	0.0527989482	-0.065687345	0.0388206636	-0.0224639178	-0.0510370245	0.0128805592	-0.0726968319	0.1074197839	-0.0047370541	0.1021114479	-0.0095185091	-0.0638257726	0.0208983775	0.0760347644	0.0064647073	0.0809462057	0.0030290487	-0.0112915958	0.002729364	-0.0663388269	0.0904127389	0.0496478348	0.0125489121	-0.0320302911	0.0002292201	-0.0257052492	-0.1250801226	-0.0253416924	0.0298868949	-0.1395787536	-0.1279586076	0.0573713156	0.0184815989	-0.0058251426	0.115168755	-0.0700312991	0.0012877555	-0.0688235014	0.0833246419	-0.0745826849	0.021194105	-0.0700081478	-0.0836331869	0.0183215918	-0.0576173464	-0.016723746	-0.0510978252	0.0481688003	-0.0401810622	-0.0570903848	0.1131450238	0.0545000755	0.0157475205	-0.0629741249	0.0139129475	-0.0221163286	0.0613495256	-0.0014235216	0.0776493254	0.041491985	-0.0143577737	-0.060113495	-0.1090277493	-0.0663783711	-0.0259462217	0.0153454793	-0.1283768263	0.0534810618	-0.0075006738	-0.0477615445	0.0680812827	-0.0432390608	0.0819573374	0.1166201213	0.0593601006	-0.0178559702	-0.0752808109	-0.0090531455	0.1070465853	0.0388910224	-0.0733672017	0.0325829339	-0.0126053889	0.006696134	-0.0589566576	0.0966298586	-0.0015228594	-0.0253621658	0.0442459732	-0.0105173421	0.0943592333	-0.0116559991	-0.0055848021	0.1031591605	-0.0738284511	0.0197211673	-0.1944387	-0.0379489293	-0.0163683628	0.0116113831	-0.0631261684	-0.0215295045	-0.0629458054	0.0127519923	-0.0245432945	-0.0228822815	-0.1062253547	0.0610426158	0.0413431444	-0.0845586038	0.0432695767	0.0255119663	0.0507845065	0.0016521074	0.0221370184	0.0739988088	0.0861355901	0.036764525	-0.0072022098	-0.1043858055	-0.0444645768	0.0454505819	-0.0685467779	-0.0806467206	0.1188061061	-0.0233149838	0.0876616469	-0.0040406384	0.0405209044	-0.1503699339	0.0567758314	0.0053008748	-0.0463537646	-0.0400737637	-0.0120239446	-0.1246044303	-0.0685501156	-0.0063089847	-0.055661098	-0.0948599642	0.0326027008	-0.0198840746	0.0296114906	0.0148400522	0.0326329926	0.0380551493	-0.0376150602	0.0620916808	0.1165745778	-0.0368165759	0.0191529571	0.0102303519	-0.0514211523	0.0962366107	0.0299971977	-0.0434427661	0.0638196132	-0.1594346283	-0.1770091409	-0.0911287655	0.0906543325	-0.0898654396	0.0887648233	-0.0873563013	0.0856447597	0.0278548648998793	-0.0043903944722814	1.9275563622239105e-05	0.0007758934985905	0.4568397714540566	0.0798262847104921	0.2087025767821946	0.0063722357306805	0.0581464361276005	-0.0184109616416349	0.0003389635085697	0.0033810080343411	0.0097898761567748	-0.0039856934370424	1.5885752174082867e-05	9.584167516498773e-05	0.0036779870081598	8.58335823379977e-06	7.367403856973831e-11	1.3527588432192276e-05	-0.0022700693259532	-5.117703716650025e-05	5.153214744633616e-06	2.619089133141348e-09	0.0	0.0	0.0	0.0	0.0	0.0	0.0	0.0	0.0	0.0	0.0	0.0	0.0	0.0	0.0	0.0	0.0	0.0	0.0	0.0	0.0	0.0	0.0	0.0	0.0	0.0	0.0	0.0	0.0	0.0	0.0	0.0	0.0	0.0	0.0	0.0	0.0	0.0
817.7379191916209	3.397042887535804	11.539900379757592	668695.3044838419	940.9548039805608	5.146995827003593	885395.9431340955	26.491566043192403	776.3090251437446	2.432424949588949	5.916691135382801	602655.7025196311	779.1215424697765	666.2657903265092	1.022865	35.503838	0.1351619319479254	0.0720421897215961	-0.0344450739	0.143827792	-0.0132453925	0.004885151	0.0045428555	0.0263797531	-0.0836208783	-0.0155386119	-0.008654124	-0.0272950429	-0.0338363411	0.0634960497	0.0125618406	-0.0636834877	0.0393271929	0.1316006937	-0.0143739146	0.0793010899	-0.1170715928	0.0467756692	0.0420255876	0.0483790929	0.0469790708	0.002091458	-0.0326848165	-0.0050279245	-0.0106232253	0.0666261009	0.0460963225	0.0165660426	-0.0366753944	0.0096793971	0.0682542324	0.0471195242	-0.0264528439	0.097568887	-0.106562068	-0.0405824633	0.0735969921	0.050503434	-0.0133307677	-0.038710766	-0.0215973475	-0.0586506305	0.0592166225	-0.0364022046	0.1233159715	-0.0931958647	-0.0540232997	-0.0402216567	0.0045677979	-0.0258544791	-0.0033505318	-0.081349609	0.0970266278	0.1027701307	0.0204962419	-0.0080789566	0.0423301464	-0.0620820899	0.0219501239	-0.0955667739	-0.0834130549	0.002963416	-0.0274860969	0.0008292857	-0.0093816273	0.0769069826	-0.0764237655	0.017183612	0.0838443663	0.0877887035	-0.0253595401	0.0725676961	0.0195354538	-0.0648900307	0.1252125892	0.0123428482	0.0070572057	-0.0064173257	-0.045886101	0.1103828567	-0.0451982291	-0.0348561827	0.0456488749	0.0627078895	0.0176783139	-0.0270235863	0.0003705642	0.0429887176	0.0388268243	-0.0303994108	0.0221156438	0.0061030636	0.0218272048	-0.0272934312	-0.0213455598	0.1096173377	-0.0059288994	-0.1176842264	0.0169257264	-0.0261931653	0.082117486	-0.074322708	0.0384788378	-0.1258930288	-0.0148399695	0.0798181579	-0.025014961	0.1022534043	0.0197897425	0.0023295409	0.1078879973	0.0386414293	-0.0731912475	-0.039115983	0.0164231182	0.015455756	0.0171259967	-0.0068092858	-0.1305741475	0.0099156691	-0.1069654386	0.1157340544	-0.0237030921	-0.1923989009	0.027735256	-0.0316078673	0.0286626349	-0.0203453464	-0.0536205694	-0.0041185057	-0.0449357536	0.0960041416	0.0549987996	-0.0433253061	-0.0576917028	-0.020685337	0.0575394434	0.08238678	-0.0328583748	0.0032307345	-0.1322390261	-0.0584496699	0.0027329364	-0.046343701	-0.0803552087	0.0126713861	-0.0072684173	0.0526179074	0.0354598952	0.0463484266	0.0225726983	0.0153629847	0.0343941648	0.0557784704	0.0067741649	0.0060562497	0.0948709043	-0.0484350291	0.0192974243	-0.0142374897	-0.0364332234	-0.1085775669	-0.0791234263	-0.0114922152	-0.0911913037	0.090904137	-0.0904261954	0.0897584821	-0.0889023983	0.0878597406	0.0153681882563887	-0.0124866766434906	0.000155917093599	0.0002361812102838	0.4143954276493531	-0.0424443438047034	0.1717235704566902	0.0018015223210118	0.0570168488071942	-0.0011295873204063	1.2759675144226852e-06	0.0032509210479024	0.0107003498094175	0.0009104736526427	8.289622721565409e-07	0.0001144974860439	0.0035106656586072	-0.0001673213495525	2.799643401610328e-08	1.2324773366523928e-05	-0.001765837844562	0.0005042314813912	3.11818329328737e-06	2.542493868259644e-07	0.0	0.0	0.0	0.0	0.0	0.0	0.0	0.0	0.0	0.0	0.0	0.0	0.0	0.0	0.0	0.0	0.0	0.0	0.0	0.0	0.0	0.0	0.0	0.0	0.0	0.0	0.0	0.0	0.0	0.0	0.0	0.0	0.0	0.0	0.0	0.0	0.0	0.0
819.9037630320973	2.165843840476441	4.69087954132974	672242.1806341936	943.55364938858	2.5988454080192014	890293.4892745073	6.753997454782489	775.970081243729	-0.3389439000155789	0.1148829673577707	602129.5669853995	778.1499884909377	677.7261220184091	0.977183	33.918179	0.1673586871782053	0.0712038088452103	-0.0728877365	0.1102828657	-0.0558595192	0.0360229317	-0.020689375	0.0412604088	-0.1076252769	-0.0009703037	0.0031225164	-0.0334102789	0.0001291982	-0.0316914086	0.000654796	0.0260375832	0.0312292327	0.0635995025	0.0256656193	0.0154716188	-0.0874394358	-0.0149431024	0.0365490208	0.0581678126	0.0795372517	0.0022779642	-0.0130857066	0.0699052918	-0.0199748878	0.0981676126	-0.0239777841	-0.0522333265	-0.1137386842	-0.0567969408	-0.0739631927	0.0130707782	-0.0559487449	0.0827164079	-0.0419578686	-0.0062889086	-0.0110076225	-0.01371075	0.0297378938	-0.0231345892	0.0889461179	-0.0854855496	-0.0213047369	-0.0257042283	0.0812125102	0.0221167669	-0.0865822207	-0.0523935482	-0.0794693993	0.051887773	-0.0601450715	-0.0363426756	0.0298532001	0.0573484367	0.0468485125	0.0049781042	0.0411313454	-0.0817360836	0.0071419301	-0.0419452754	0.1008136104	-0.0816155483	0.0180107739	-0.024588281	0.0276340306	-0.0385364479	-0.0210227683	-0.0196306941	-0.0282920404	0.1087793325	0.0318342344	0.0616891763	0.0176058565	0.0113754262	-0.0186853179	0.0889764165	-0.1095338219	0.0421791567	0.0085653404	0.0959656059	0.0225496849	-0.0241875516	-0.0179250547	0.0963821467	-0.0144627225	0.0177337378	-0.0332471557	-0.0037317004	0.0828596328	-0.0252763731	0.0105243809	-0.0713745781	-0.0320992962	0.0047197316	0.0707310907	-0.0429379549	-0.0845293906	-0.0445881476	0.0218903056	0.0169585117	0.1577068395	-0.0883406145	0.0040163519	-0.0554863668	0.0073101323	-0.0123592779	0.0333848854	0.0583661089	0.119227312	-0.0371801544	0.0522176114	0.0335176212	-0.0311972683	-0.0131688706	0.0493861045	-0.0841461418	-0.0281984299	0.057975713	-0.0323749448	0.0215010967	0.0384541123	0.0152205931	0.0497299934	-0.0478626635	0.0076029508	0.1267032832	-0.0383906085	0.0234826144	0.0364366569	-0.0136716431	0.0036799691	-0.0480428319	-0.0034410298	0.0159104048	-0.1327186483	-0.0692159364	-0.0118848297	0.0562226117	-0.1217837916	-0.0216653482	-0.1264785419	-0.0379673609	-0.021954714	-0.0805504737	-0.0247967634	0.0597823367	0.0133292771	0.0179421472	0.0483792645	-0.0150209131	0.0194740254	-0.0221428814	0.0220166257	0.0148599732	0.0007380737	0.0510417041	0.0868322459	0.0616868402	0.0063368044	0.0019449827	0.02572845	-0.0415371582	-0.0076109161	-0.0085285919	-0.0912382167	0.0910916402	-0.0908475206	0.0905061192	-0.0900678015	0.089533037	0.0391698483746552	0.0238016601182665	0.0005665190243854	0.0015342770216934	0.3943345802895805	-0.0200608473597725	0.1554997612121596	0.000402437596792	0.0971703001421104	0.0401534513349161	0.0016122996541054	0.0094420672297078	0.0116542567796614	0.0009539069702439	9.099385078798968e-07	0.0001358217010862	0.0040438140833582	0.000533148424751	2.842472428144729e-07	1.6352432340766122e-05	-0.0019456370168721	-0.0001797991723101	3.785503401422964e-06	3.2327742363397034e-08	0.0	0.0	0.0	0.0	0.0	0.0	0.0	0.0	0.0	0.0	0.0	0.0	0.0	0.0	0.0	0.0	0.0	0.0	0.0	0.0	0.0	0.0	0.0	0.0	0.0	0.0	0.0	0.0	0.0	0.0	0.0	0.0	0.0	0.0	0.0	0.0	0.0	0.0
821.607648457929	1.703885425831686	2.903225544361626	675039.1280045679	949.2108547840054	5.657205395425422	901001.2468397822	32.0039728860305	777.1464851931146	1.1764039493855307	1.3839262521298743	603956.6594480119	779.6811717383763	692.4434501011375	0.928499	32.228352	0.0948384369527113	0.0434314332113551	-0.0610370458	0.1120274784	-0.0963878822	-0.0176158033	-0.0143728724	-0.0060864168	-0.1189834374	-0.0176088973	0.0786662792	-0.0664718366	0.0055165518	-0.0099172057	-0.0469777775	-0.0965599257	-0.0280624126	0.1419615525	0.0154618236	-0.0293060042	-0.0991528904	-0.0300680154	0.0488558902	0.0034581557	0.0703970308	0.0485359462	-0.0212171316	-0.0172114374	-0.0558288065	0.1504036786	-0.0312210403	-0.1210372342	-0.0380398762	-0.0631246372	-0.0607831738	0.0136216888	-0.0288416241	-0.0541055344	0.030930209	0.0384856946	0.1355916519	0.1060849362	0.0402995705	-0.0808412842	0.1238936955	-0.0111088059	-0.0324272458	0.057891594	0.0199928603	-0.0166646089	0.0051376502	0.076368383	-0.0352534362	0.0209151505	0.0715811238	0.0945596352	-0.0417143769	0.0334964703	0.051850338	-0.014964554	0.0380555306	-0.0455655126	-0.1297286229	0.065921923	0.1006796047	0.0190384656	0.0311627315	-0.0124216067	0.046417022	0.065787021	0.0723989163	-0.0602320452	0.0811634172	-4.09339e-05	-0.0288067697	0.0179837084	-0.1004517609	-0.0748665064	0.0731313919	-0.0366479468	-0.1001455759	-0.0042531543	-0.0401464215	0.1094832759	0.0243739898	-0.0353478986	-0.0382242814	0.0816639567	-0.0408916779	-0.0340625947	-0.0912453213	-0.0019663406	0.0509496325	-0.0201110897	0.0477032686	-0.003820574	-0.0954612487	0.0506127893	0.0094358336	0.0520153942	-0.1579808642	-0.1318550457	0.041744617	0.0267949968	-0.05883907	0.0183024551	-0.1222121102	-0.0065406106	-0.0569719439	-0.0708546056	0.026585442	0.0689915448	0.0226564321	-0.0700896209	-0.0086865768	0.0353017562	0.0295458538	0.0580755577	0.093329703	0.089464292	0.0862290899	-0.0831111186	0.0821753317	0.0020775179	-0.0021916158	-0.0366996834	-0.0527811404	0.0490253973	0.0302016958	0.0715890756	0.062004986	0.0237583586	0.0754474666	0.0002301302	0.0001613622	-0.0031537086	-0.0651269981	-0.088336856	-0.0096597737	-0.0322052364	-0.0231688356	0.1497390657	-0.0316208498	-0.0265329114	-0.1282788693	-0.0521930987	-0.0354032576	-0.1018795635	-0.0297790329	0.0696446784	0.0171738737	-0.0183425771	0.0749774052	-0.0051313935	0.0159906347	0.0007804217	0.0014585229	0.0552651592	-0.0269505749	0.0475420429	0.07576854	-0.0166287858	0.0177146266	-0.0065825474	-0.0148840599	-0.0228353733	-0.1138161745	-0.0338539094	-0.0912694965	0.0912167139	-0.0911287655	0.0910056853	-0.0908475206	0.0906543325	0.0468375980481141	0.0076677496734588	5.879438505482898e-05	0.0021937605909167	0.3974437980613032	0.0031092177717226	0.1579615726173939	9.667235151996168e-06	0.1345973279441352	0.0374270278020248	0.0014007824100935	0.018116440689701	0.0121813396202318	0.0005270828405703	2.778163208237613e-07	0.0001483850349434	0.004288848664905	0.0002450345815467	6.004194615381503e-08	1.83942228704574e-05	-0.002106208428865	-0.0001605714119929	4.436113945821972e-06	2.5783178349393653e-08	0.0	0.0	0.0	0.0	0.0	0.0	0.0	0.0	0.0	0.0	0.0	0.0	0.0	0.0	0.0	0.0	0.0	0.0	0.0	0.0	0.0	0.0	0.0	0.0	0.0	0.0	0.0	0.0	0.0	0.0	0.0	0.0	0.0	0.0	0.0	0.0	0.0	0.0
819.8287070749836	-1.7789413829453906	3.164632443955659	672119.1089442393	944.4954339743464	-4.715420809659008	892071.6247983889	22.235193412165216	775.7910305032706	-1.3554546898440094	1.83725741622012	601851.7230093265	778.2655445405167	683.9327125929361	0.930559	32.299862	0.0649853467508016	0.0275205495619731	-0.0522384149	0.1054878103	-0.0884297158	-0.0092330764	0.0096251283	0.0478622233	-0.0628271168	-0.0683330388	0.0767593286	-0.0666409196	-0.006647146	-0.0289070867	0.005885065	0.040779661	0.0228236106	0.0576602869	0.0887294928	0.0369944273	-0.0879634222	-0.0143114324	0.0545029119	0.0056613279	0.0909392682	0.013982525	0.0323683338	-0.0208273522	-0.1115656047	0.0662162795	-0.0107531048	-0.0225775696	-0.0440932277	-0.0071998996	0.0014820023	-0.0171764059	-0.0339858851	-0.0169855805	0.0627973205	0.0673260273	0.0388964478	-0.0194509454	-0.0882184482	-0.086558986	-0.0619599043	-0.0825785068	-0.0532285375	-0.0128706043	-0.0200020667	0.0005603721	-0.037321905	0.0468720566	-0.0775196416	-0.0141710234	0.0611079208	-0.0574843309	-0.0283426931	0.0409724459	0.0059908686	-0.0590533326	-0.0386288441	0.0333225974	-0.0122770169	-0.0225688802	0.0185187165	0.0020480387	0.0372493615	0.0270798258	0.0251212632	-0.0168098771	0.0087734018	-0.0037916107	0.0504362248	-0.0166335072	-0.0071750511	0.0732395535	-0.0807081124	-0.0422264466	-0.0203748415	-0.0740297782	-0.0013592445	-0.0402679272	-0.040637337	0.0996029711	0.0038972359	-0.0331523603	-0.0339908538	0.0693115269	-0.0764413677	0.0119359967	-0.0541439242	0.0370759233	0.0697625972	-0.080827773	0.0569380461	-0.0468060435	-0.0060774788	0.0214351497	0.0342516084	0.020473338	0.028747792	0.0191163415	0.0650632064	0.1051141878	0.0204866487	0.0060951503	-0.0061639333	-0.0148508306	0.0619546519	-0.0101286533	0.0302561747	0.0466332127	0.0448683178	0.1197762924	-0.0319647596	0.0795849665	0.018904346	-0.0826036764	0.0075258776	0.0097897292	0.0498372982	-0.0588386458	-0.0850380033	-0.000831681	-0.0514084674	-0.0249429582	-0.0105265959	0.0579614052	0.022637024	0.000884735	0.0275133035	0.0393694486	-0.0088681166	-0.0375482341	0.033506025	-0.0077606867	-0.055844625	0.0250289297	0.0560613398	-0.0361104546	0.0834579683	-0.0406571764	-0.011399806	-0.0619473887	-0.1242395804	-0.0454551668	-0.0442458638	-0.0990910085	-0.0427877398	0.0453958963	-0.0029433959	0.013344391	0.0705834742	-0.0210140155	0.049013058	-0.0289860524	-0.0466414238	0.0427365496	-0.0074110928	-0.0186377975	0.0265832349	0.055258739	-0.0290614459	-0.0064446506	-0.0236756101	0.0039331105	-0.0051629567	0.0044558598	-0.0912851377	0.0912792721	-0.0912694965	0.0912558111	-0.0912382167	0.0912167139	0.0569210267007633	0.0100834286526492	0.000101675533393	0.003240003280669	0.4051084226235133	0.0076646245622101	0.164112834080511	5.874646967963468e-05	0.1433247010045875	0.0087273730604522	7.616704053630842e-05	0.0205419699180544	0.0123892120957256	0.0002078724754938	4.321096606792055e-08	0.0001534925763528	0.0046951932727263	0.0004063446078213	1.6511594030544657e-07	2.2044839868254307e-05	-0.0022621897550597	-0.0001559813261947	5.1175024878970654e-06	2.4330174121457427e-08	0.0	0.0	0.0	0.0	0.0	0.0	0.0	0.0	0.0	0.0	0.0	0.0	0.0	0.0	0.0	0.0	0.0	0.0	0.0	0.0	0.0	0.0	0.0	0.0	0.0	0.0	0.0	0.0	0.0	0.0	0.0	0.0	0.0	0.0	0.0	0.0	0.0	0.0
