#!ascii label  , from subject sub-v2s18x29499_ses-1 vox2ras=TkReg
10401
60760  23.148  -23.817  78.158 0.5000000000
130619  26.573  -23.447  75.161 0.3750000000
60788  28.168  -23.363  76.264 0.3750000000
129866  30.660  -23.484  76.828 0.5000000000
142562  31.550  -23.163  77.520 0.6250000000
62829  32.161  -22.115  78.007 0.7500000000
61858  31.916  -22.419  77.878 0.6250000000
63770  33.045  -21.540  77.598 1.0000000000
64747  34.635  -20.080  77.792 1.0000000000
64748  34.024  -20.210  77.160 0.8750000000
64754  33.277  -20.310  76.671 1.0000000000
66775  34.893  -17.625  78.121 1.0000000000
65765  35.113  -18.485  78.220 1.0000000000
64752  34.495  -19.293  77.446 1.0000000000
65781  34.414  -18.430  77.067 1.0000000000
65782  33.935  -18.436  76.124 1.0000000000
145675  34.969  -17.056  78.357 1.0000000000
143199  34.592  -16.833  78.039 1.0000000000
67798  34.326  -16.890  77.488 1.0000000000
66794  33.810  -17.116  75.970 1.0000000000
66803  33.505  -17.447  75.012 1.0000000000
67815  33.092  -16.651  74.373 1.0000000000
68874  18.315  -15.332  74.405 1.0000000000
60744  23.238  -23.395  79.359 0.7500000000
60759  23.804  -23.490  77.851 0.6250000000
145881  23.287  -23.709  77.285 0.5000000000
156135  24.531  -23.146  76.464 0.5000000000
60777  23.753  -23.484  76.910 0.3750000000
60791  25.762  -23.243  75.473 0.5000000000
132524  25.018  -23.075  75.756 0.5000000000
130620  27.925  -23.552  75.421 0.3750000000
60789  27.283  -23.482  75.767 0.3750000000
60787  29.246  -23.366  76.233 0.3750000000
146013  31.090  -22.949  77.651 0.6250000000
60752  30.638  -23.206  77.342 0.6250000000
60772  29.842  -23.369  76.950 0.6250000000
62830  31.390  -22.072  77.893 0.6250000000
63784  32.622  -20.943  77.177 1.0000000000
148855  17.477  -19.441  72.596 1.0000000000
145712  33.009  -19.857  75.921 1.0000000000
65831  17.055  -18.274  72.400 1.0000000000
64767  33.433  -19.076  75.561 1.0000000000
153986  33.285  -18.168  74.542 1.0000000000
66804  33.120  -17.666  73.994 1.0000000000
134209  17.477  -18.037  71.848 1.0000000000
68838  34.638  -15.555  78.227 0.8750000000
156348  34.480  -16.142  78.030 1.0000000000
67789  33.981  -15.785  77.124 1.0000000000
68872  33.106  -15.741  75.147 1.0000000000
66814  32.745  -17.110  73.408 1.0000000000
143908  31.895  -17.042  72.239 1.0000000000
68897  17.568  -16.415  72.500 1.0000000000
68887  17.506  -16.149  73.180 1.0000000000
154538  34.878  -14.799  78.483 0.8750000000
67778  34.787  -16.321  78.331 1.0000000000
69888  33.329  -14.736  76.426 1.0000000000
68861  33.105  -15.066  75.685 1.0000000000
68883  32.579  -15.715  74.280 1.0000000000
154934  32.496  -16.290  73.704 1.0000000000
67826  32.080  -16.436  72.961 1.0000000000
67834  31.537  -16.213  72.243 1.0000000000
68873  18.966  -14.872  74.784 1.0000000000
146898  31.852  -14.967  73.326 1.0000000000
146090  31.531  -14.818  72.601 1.0000000000
68894  31.668  -15.580  72.829 1.0000000000
68864  18.449  -15.297  75.311 1.0000000000
61844  22.800  -22.681  80.026 1.0000000000
61843  24.011  -22.228  79.687 0.8750000000
60742  24.327  -22.873  78.638 0.7500000000
60743  23.826  -23.208  78.952 0.6250000000
60776  25.706  -23.071  76.379 0.5000000000
60758  24.439  -23.157  77.505 0.5000000000
60790  26.527  -23.326  76.047 0.3750000000
60753  29.544  -22.970  77.265 0.6250000000
60773  28.867  -23.095  76.935 0.5000000000
150508  31.003  -22.464  77.755 0.6250000000
63771  32.024  -21.588  77.768 0.8750000000
63785  31.623  -20.960  77.114 0.8750000000
63803  32.311  -20.463  76.431 1.0000000000
63846  18.758  -20.118  72.795 1.0000000000
64853  18.120  -19.566  72.292 1.0000000000
65809  33.103  -18.830  74.758 1.0000000000
65810  32.845  -18.483  74.015 1.0000000000
64875  18.258  -19.038  71.656 1.0000000000
65820  32.550  -18.033  73.191 1.0000000000
66820  32.323  -17.304  72.783 1.0000000000
69842  34.181  -13.945  78.125 1.0000000000
69859  33.981  -14.604  77.658 1.0000000000
66830  17.708  -17.270  71.602 1.0000000000
68854  19.504  -15.402  76.766 1.0000000000
144353  34.679  -13.998  78.481 1.0000000000
139399  33.545  -14.452  77.117 1.0000000000
69889  32.892  -14.350  75.597 1.0000000000
144341  32.526  -14.371  74.533 1.0000000000
68907  31.311  -15.412  72.096 1.0000000000
145698  31.137  -16.037  71.594 1.0000000000
67835  17.900  -16.340  71.800 1.0000000000
68896  17.925  -15.806  72.574 1.0000000000
68886  18.112  -15.502  73.471 1.0000000000
71020  31.998  -13.727  73.427 1.0000000000
146234  32.136  -14.355  73.730 1.0000000000
71044  31.403  -13.672  71.960 1.0000000000
69930  31.223  -14.559  71.811 1.0000000000
69931  30.940  -14.701  70.946 1.0000000000
68908  30.998  -15.335  71.371 1.0000000000
71052  31.227  -13.297  70.387 1.0000000000
132750  30.980  -14.136  70.308 1.0000000000
69942  30.787  -14.804  70.252 1.0000000000
73025  15.513  -12.201  77.581 1.0000000000
146050  15.132  -11.759  78.261 1.0000000000
73011  14.402  -11.525  78.901 1.0000000000
72006  16.978  -12.659  77.140 1.0000000000
72007  16.023  -12.761  77.102 1.0000000000
73023  17.310  -11.898  77.515 1.0000000000
152186  23.572  -22.488  79.787 0.8750000000
72005  17.927  -12.562  77.369 1.0000000000
71992  12.285  -12.731  78.192 1.0000000000
61864  24.558  -22.243  79.257 0.8750000000
150614  24.216  -22.511  79.415 0.7500000000
146257  23.982  -22.585  79.616 0.7500000000
60741  24.884  -22.546  78.257 0.6250000000
60756  26.211  -22.786  77.243 0.5000000000
60757  25.229  -22.878  77.258 0.5000000000
69846  20.518  -13.849  78.800 1.0000000000
60775  26.611  -23.079  76.726 0.5000000000
70954  21.545  -13.699  79.126 1.0000000000
60774  27.280  -23.206  76.620 0.3750000000
69832  22.325  -14.427  80.299 0.8750000000
68791  23.253  -15.845  81.449 0.8750000000
149051  23.206  -15.410  81.401 0.8750000000
60738  30.214  -22.750  77.486 0.7500000000
62849  31.653  -21.912  77.939 0.7500000000
62850  30.729  -21.723  77.675 0.7500000000
68808  23.090  -16.214  80.229 0.8750000000
64768  32.049  -20.113  75.617 1.0000000000
63835  19.296  -20.469  73.538 1.0000000000
68824  22.389  -16.033  79.353 0.8750000000
64788  32.708  -19.519  75.125 1.0000000000
64850  22.131  -19.665  72.320 1.0000000000
132008  21.870  -19.943  73.111 1.0000000000
68825  21.434  -15.886  78.830 1.0000000000
65828  31.955  -17.837  72.455 1.0000000000
64871  23.070  -19.442  71.317 1.0000000000
64872  21.632  -19.506  71.588 1.0000000000
133409  21.241  -19.755  72.279 1.0000000000
64852  19.103  -19.637  72.020 1.0000000000
68853  20.519  -15.111  77.013 1.0000000000
68843  20.794  -15.641  78.037 1.0000000000
147473  22.389  -19.510  71.723 1.0000000000
64873  20.616  -19.387  71.412 1.0000000000
132147  19.720  -19.376  71.541 1.0000000000
65842  17.861  -18.473  71.584 1.0000000000
70991  33.642  -13.882  77.535 1.0000000000
70992  32.980  -13.043  76.266 1.0000000000
67845  31.421  -16.829  71.645 1.0000000000
64895  22.674  -19.353  70.530 1.0000000000
131165  22.152  -19.388  71.013 1.0000000000
64896  21.297  -19.212  70.818 1.0000000000
64897  20.413  -18.948  70.560 1.0000000000
65840  18.997  -18.587  70.784 1.0000000000
65841  18.371  -18.403  71.138 1.0000000000
66829  18.184  -17.628  70.936 1.0000000000
68862  20.000  -14.812  76.210 1.0000000000
67791  19.340  -15.959  77.586 1.0000000000
146253  32.748  -12.995  75.370 1.0000000000
144414  32.535  -12.954  74.519 1.0000000000
64916  21.908  -19.102  70.146 1.0000000000
151070  21.053  -18.897  70.167 1.0000000000
65854  19.509  -18.457  70.215 1.0000000000
66840  18.595  -17.264  70.302 1.0000000000
68910  18.530  -15.781  71.086 1.0000000000
145395  18.327  -15.600  71.979 1.0000000000
68895  18.697  -15.131  72.812 1.0000000000
69900  19.470  -14.589  74.327 1.0000000000
68863  19.288  -14.915  75.688 1.0000000000
70960  34.911  -13.369  78.536 1.0000000000
147545  31.829  -12.739  72.710 1.0000000000
139700  31.608  -13.019  72.181 1.0000000000
72077  31.495  -12.940  71.329 1.0000000000
65866  21.251  -18.722  69.455 1.0000000000
65867  19.815  -18.101  69.456 1.0000000000
66839  19.133  -17.757  69.863 1.0000000000
66853  19.048  -16.940  69.655 1.0000000000
68909  18.879  -15.077  71.804 1.0000000000
69924  19.469  -14.581  72.504 1.0000000000
141346  31.439  -12.302  70.392 1.0000000000
71061  30.806  -13.591  69.550 1.0000000000
65865  22.133  -18.906  69.211 1.0000000000
65882  21.499  -18.594  68.575 1.0000000000
66851  20.005  -17.605  68.887 1.0000000000
67855  18.694  -16.337  70.216 1.0000000000
72101  31.113  -12.111  69.383 1.0000000000
73009  16.688  -11.468  78.174 1.0000000000
73010  15.838  -11.639  78.218 1.0000000000
72991  15.237  -11.389  79.128 1.0000000000
73024  16.404  -12.062  77.493 1.0000000000
73022  18.246  -11.786  77.687 1.0000000000
71990  13.797  -12.110  78.216 1.0000000000
71991  12.943  -12.019  78.642 1.0000000000
145635  23.025  -22.280  79.589 1.0000000000
62822  22.285  -22.387  79.533 1.0000000000
73012  13.525  -11.385  79.254 1.0000000000
62821  24.043  -21.989  79.715 1.0000000000
72004  18.850  -12.414  77.521 1.0000000000
71976  12.087  -11.817  79.283 1.0000000000
61842  24.519  -22.003  79.423 0.8750000000
70981  19.418  -12.971  77.585 1.0000000000
71993  11.452  -12.750  78.607 1.0000000000
61863  25.148  -22.026  78.792 0.8750000000
70980  20.125  -12.800  77.745 1.0000000000
71977  11.140  -12.007  79.635 1.0000000000
61877  25.740  -22.441  78.015 0.6250000000
151680  10.691  -12.979  79.019 1.0000000000
71979  9.527  -12.375  80.465 0.8750000000
70955  9.991  -13.321  79.494 1.0000000000
70943  8.694  -12.499  80.953 0.8750000000
60755  27.172  -22.769  77.321 0.3750000000
60739  29.093  -22.471  77.371 0.6250000000
60754  28.520  -22.670  77.297 0.5000000000
133457  27.949  -22.919  77.091 0.5000000000
63812  21.035  -20.820  75.302 1.0000000000
61859  29.752  -22.212  77.535 0.6250000000
63822  21.550  -20.487  74.631 1.0000000000
63823  20.661  -20.598  74.518 1.0000000000
62831  30.355  -21.917  77.660 0.7500000000
64821  23.429  -19.828  73.686 1.0000000000
64822  22.750  -19.844  73.471 1.0000000000
64799  22.136  -20.170  73.992 1.0000000000
63833  21.229  -20.324  73.814 1.0000000000
63834  20.277  -20.445  73.672 1.0000000000
63824  19.729  -20.700  74.365 1.0000000000
63772  31.070  -21.496  77.598 0.8750000000
64847  24.415  -19.514  72.855 1.0000000000
132009  24.133  -19.725  73.573 1.0000000000
64848  23.458  -19.591  72.981 1.0000000000
63804  31.309  -20.487  76.313 0.8750000000
64849  22.938  -19.521  72.238 1.0000000000
64823  20.807  -20.096  72.985 1.0000000000
64824  19.779  -20.197  72.827 1.0000000000
68842  21.782  -15.569  78.336 1.0000000000
64813  32.108  -18.957  73.597 1.0000000000
130601  24.770  -19.425  72.239 1.0000000000
130600  23.905  -19.397  72.076 1.0000000000
64851  20.245  -19.780  72.173 1.0000000000
68852  21.321  -15.204  77.568 1.0000000000
64870  24.676  -19.397  71.532 1.0000000000
131294  23.941  -19.366  71.230 1.0000000000
70977  33.914  -13.179  77.995 1.0000000000
72019  33.168  -12.262  76.673 1.0000000000
72020  32.822  -12.274  75.774 1.0000000000
64894  23.515  -19.425  70.406 1.0000000000
69891  20.125  -14.521  75.382 1.0000000000
143787  19.947  -14.421  74.689 1.0000000000
72042  32.542  -12.145  74.305 1.0000000000
142541  32.364  -11.916  73.649 1.0000000000
68932  30.561  -15.242  69.732 1.0000000000
64893  24.494  -19.463  70.586 1.0000000000
64915  22.790  -19.240  69.783 1.0000000000
69899  20.052  -14.221  74.058 1.0000000000
69912  20.157  -14.135  73.170 1.0000000000
133374  35.104  -12.879  78.450 1.0000000000
138561  31.893  -10.724  71.325 1.0000000000
73076  31.664  -11.388  70.853 1.0000000000
69952  30.683  -14.482  69.608 1.0000000000
64930  22.888  -19.080  69.016 1.0000000000
131177  20.596  -18.285  68.897 1.0000000000
132317  19.063  -15.061  71.007 1.0000000000
69936  19.586  -14.603  71.576 1.0000000000
73087  31.375  -11.330  70.011 1.0000000000
74103  31.129  -10.827  68.847 1.0000000000
65881  22.418  -18.907  68.229 1.0000000000
65883  20.496  -17.748  68.385 1.0000000000
68951  19.709  -16.054  68.944 1.0000000000
68934  19.737  -15.405  69.306 1.0000000000
68922  19.076  -15.365  70.135 1.0000000000
69947  19.713  -14.666  70.627 1.0000000000
73098  30.886  -11.558  68.569 1.0000000000
131417  30.755  -12.874  69.208 1.0000000000
71069  30.352  -13.385  68.660 1.0000000000
130918  21.730  -18.514  67.737 1.0000000000
137875  21.037  -18.170  68.111 1.0000000000
65897  20.766  -17.426  67.842 1.0000000000
149683  20.071  -16.405  68.547 1.0000000000
148905  20.648  -16.399  67.846 1.0000000000
68950  20.220  -15.780  68.570 1.0000000000
68877  6.377  -14.454  74.539 0.8750000000
72990  16.047  -11.299  79.172 1.0000000000
72992  14.702  -10.846  79.859 1.0000000000
73008  17.597  -11.286  78.264 1.0000000000
150683  13.895  -10.760  79.677 1.0000000000
74036  13.506  -10.104  79.985 1.0000000000
72993  13.140  -10.551  79.919 1.0000000000
145056  23.529  -21.876  79.365 1.0000000000
74037  12.556  -9.962  80.259 1.0000000000
72994  12.393  -10.747  80.178 0.8750000000
73013  12.842  -11.306  79.544 1.0000000000
62820  24.258  -22.082  79.626 1.0000000000
72003  19.703  -12.249  77.640 1.0000000000
74024  11.729  -9.808  80.354 0.8750000000
72977  11.805  -10.308  80.472 0.8750000000
75054  12.134  -9.588  80.049 0.8750000000
75049  11.131  -9.810  80.368 0.8750000000
72995  11.599  -11.132  80.279 0.8750000000
72996  10.741  -11.304  80.498 0.8750000000
71978  10.321  -12.185  80.030 1.0000000000
61876  26.713  -22.427  77.897 0.7500000000
62836  25.355  -21.893  78.712 0.8750000000
62854  22.324  -21.498  77.736 1.0000000000
75064  10.573  -9.670  80.039 0.8750000000
74025  10.574  -10.146  80.516 0.8750000000
72978  11.055  -10.608  80.573 0.8750000000
61875  27.331  -22.402  77.784 0.6250000000
62867  22.298  -21.084  76.769 1.0000000000
74038  9.402  -10.139  80.212 0.8750000000
74026  9.785  -10.423  80.711 0.8750000000
71967  9.914  -11.340  80.876 0.8750000000
143980  27.796  -22.521  77.518 0.6250000000
63795  22.254  -20.800  76.042 1.0000000000
63796  21.505  -21.104  76.164 1.0000000000
70952  23.451  -13.628  79.708 0.8750000000
69831  23.388  -14.496  80.391 0.8750000000
74039  8.706  -10.464  80.194 0.8750000000
151996  8.279  -10.808  81.029 0.8750000000
63811  21.892  -20.675  75.398 1.0000000000
138662  23.985  -15.155  80.786 0.8750000000
142627  23.806  -20.054  74.242 1.0000000000
63820  23.288  -20.378  74.899 1.0000000000
63821  22.419  -20.414  74.752 1.0000000000
132633  23.868  -15.417  80.842 0.8750000000
64820  24.960  -19.644  73.456 1.0000000000
64798  22.975  -20.104  74.157 1.0000000000
68807  23.693  -15.749  80.651 0.8750000000
64846  25.283  -19.480  72.752 1.0000000000
68823  23.315  -15.865  79.690 0.8750000000
130606  25.820  -19.583  73.370 1.0000000000
138242  31.798  -19.777  74.872 1.0000000000
64845  26.200  -19.479  72.637 1.0000000000
130602  25.591  -19.419  71.895 1.0000000000
70996  4.678  -12.947  75.781 0.8750000000
72001  33.724  -12.191  77.657 1.0000000000
73018  33.771  -11.222  77.720 1.0000000000
73032  32.911  -11.481  76.142 1.0000000000
74071  32.607  -10.509  74.787 1.0000000000
131754  25.376  -19.434  70.995 1.0000000000
71013  5.235  -13.054  75.194 0.8750000000
71984  34.320  -12.515  78.241 1.0000000000
73001  34.323  -11.502  78.206 1.0000000000
74075  32.491  -10.447  73.878 1.0000000000
74079  32.393  -10.480  72.963 1.0000000000
155050  24.076  -19.524  69.983 1.0000000000
69893  5.693  -13.997  74.820 0.8750000000
74095  31.609  -10.414  70.603 1.0000000000
64914  23.665  -19.360  69.391 1.0000000000
140024  31.722  -9.531  70.828 1.0000000000
149591  31.319  -9.625  69.403 1.0000000000
143018  31.077  -10.001  68.671 1.0000000000
72124  30.448  -12.031  67.852 0.8750000000
64929  23.398  -19.170  68.392 1.0000000000
69957  19.674  -14.892  69.868 1.0000000000
75125  30.830  -9.208  68.040 1.0000000000
147740  30.670  -10.057  67.744 1.0000000000
73114  30.576  -11.348  67.847 0.8750000000
152478  22.361  -18.706  67.349 1.0000000000
69968  20.521  -15.092  68.813 1.0000000000
69956  20.268  -14.792  69.493 1.0000000000
74116  30.823  -10.768  68.199 0.8750000000
65896  21.351  -17.904  67.396 1.0000000000
66873  21.164  -17.050  67.236 1.0000000000
68949  20.902  -15.418  68.073 1.0000000000
68876  7.084  -15.123  74.656 0.8750000000
65911  21.731  -17.550  66.752 1.0000000000
149057  21.186  -16.419  67.266 1.0000000000
67885  21.314  -15.792  67.350 1.0000000000
68866  7.941  -15.761  74.699 0.8750000000
65843  10.438  -18.339  71.814 0.5000000000
64931  11.339  -18.961  68.087 0.2500000000
65884  11.424  -18.201  69.171 0.2500000000
64899  10.619  -19.011  70.323 0.2500000000
65868  11.067  -18.682  69.617 0.2500000000
154004  11.141  -18.272  70.257 0.3750000000
74035  15.517  -11.054  80.016 1.0000000000
153458  15.180  -10.493  80.311 1.0000000000
74023  14.655  -10.073  80.210 1.0000000000
73007  18.536  -11.140  78.342 1.0000000000
62839  22.615  -21.945  78.784 1.0000000000
144104  19.162  -11.681  77.799 1.0000000000
73021  19.993  -11.596  77.921 1.0000000000
62838  24.134  -21.680  79.321 1.0000000000
62853  23.294  -21.528  78.463 1.0000000000
71989  20.523  -12.222  77.842 1.0000000000
155041  11.698  -9.465  79.432 0.8750000000
62837  24.657  -21.914  79.289 0.8750000000
63762  24.603  -21.486  78.780 1.0000000000
70966  20.910  -13.051  78.116 1.0000000000
71988  21.380  -12.255  78.265 0.8750000000
75063  11.071  -9.521  79.188 0.8750000000
75055  11.333  -9.520  80.005 0.8750000000
136559  26.146  -22.028  78.358 0.8750000000
63778  24.001  -21.106  78.204 1.0000000000
63779  23.124  -21.024  77.407 1.0000000000
137568  10.029  -10.106  78.879 0.8750000000
133807  9.908  -9.893  79.670 0.8750000000
156405  25.867  -21.744  78.477 0.8750000000
63777  24.753  -20.849  77.755 1.0000000000
63793  23.866  -20.605  76.922 1.0000000000
63794  22.939  -20.692  76.415 1.0000000000
70953  22.610  -13.651  79.473 0.8750000000
74057  9.700  -10.678  78.534 0.8750000000
74049  9.324  -10.392  79.352 0.8750000000
63791  25.908  -20.380  77.104 0.8750000000
139881  25.249  -20.490  77.140 1.0000000000
63809  23.535  -20.484  75.805 1.0000000000
63810  22.705  -20.570  75.540 1.0000000000
73014  9.208  -11.117  78.544 0.8750000000
73015  8.520  -11.122  79.187 0.8750000000
72997  8.053  -10.794  80.128 0.8750000000
63808  24.232  -20.402  76.043 1.0000000000
73029  8.788  -11.799  77.991 0.8750000000
64773  27.497  -19.768  75.693 1.0000000000
64774  26.584  -19.840  75.623 1.0000000000
63807  25.401  -20.247  76.402 1.0000000000
131852  25.022  -20.156  74.992 1.0000000000
150154  24.231  -20.333  75.092 1.0000000000
72011  9.091  -12.244  77.071 0.8750000000
71994  7.996  -12.259  78.310 0.8750000000
133456  26.192  -19.808  74.916 1.0000000000
64796  25.560  -19.920  74.585 1.0000000000
64797  24.744  -19.981  74.228 1.0000000000
68840  23.473  -15.527  79.000 0.8750000000
72013  7.215  -12.725  77.337 0.8750000000
63786  30.660  -20.859  76.995 0.8750000000
64795  26.955  -19.667  74.878 1.0000000000
64818  26.307  -19.665  74.150 1.0000000000
64819  25.468  -19.780  73.929 1.0000000000
68841  22.710  -15.591  78.663 1.0000000000
69863  22.194  -14.996  77.650 1.0000000000
64769  31.076  -20.148  75.469 1.0000000000
69881  21.414  -14.647  76.820 1.0000000000
64790  31.513  -19.540  74.145 1.0000000000
130607  26.775  -19.529  73.354 1.0000000000
69882  20.727  -14.525  76.111 1.0000000000
153604  20.856  -14.246  75.357 1.0000000000
72015  4.862  -12.776  77.080 0.8750000000
71997  4.510  -12.990  77.856 0.8750000000
70972  4.403  -13.345  78.700 0.8750000000
70956  5.069  -13.542  79.883 0.8750000000
131460  20.535  -14.185  74.692 1.0000000000
72027  5.008  -12.642  76.340 0.8750000000
70958  3.594  -13.921  79.080 0.8750000000
74059  33.499  -10.592  77.253 1.0000000000
74060  33.114  -10.813  76.503 1.0000000000
132214  6.372  -12.589  74.775 0.8750000000
144656  33.765  -9.757  77.471 1.0000000000
74066  33.291  -9.965  76.407 1.0000000000
75090  32.697  -9.645  74.381 1.0000000000
132863  32.555  -9.588  73.481 1.0000000000
67846  30.973  -16.638  71.072 1.0000000000
147855  25.260  -19.516  70.254 1.0000000000
139064  32.909  -8.725  73.970 1.0000000000
74086  32.368  -9.639  72.546 1.0000000000
68921  30.726  -15.475  70.578 1.0000000000
64913  24.689  -19.488  69.583 1.0000000000
64928  24.352  -19.304  68.602 1.0000000000
69935  20.414  -14.227  71.346 1.0000000000
71012  5.806  -13.106  74.506 0.8750000000
75102  31.921  -8.846  71.339 1.0000000000
76130  31.710  -8.213  70.173 1.0000000000
73115  30.144  -11.518  67.271 0.8750000000
69963  30.462  -14.152  68.979 1.0000000000
68947  30.328  -14.980  68.872 1.0000000000
69946  20.668  -14.305  70.587 1.0000000000
69902  6.086  -13.801  74.201 0.8750000000
75124  31.219  -8.948  68.897 1.0000000000
74130  30.399  -10.793  67.469 0.8750000000
72111  30.106  -12.843  67.953 1.0000000000
71070  29.830  -13.637  67.890 1.0000000000
69964  30.017  -14.259  68.358 1.0000000000
72058  6.712  -13.068  73.310 0.8750000000
77181  30.930  -7.624  67.817 1.0000000000
76179  30.735  -8.490  67.454 1.0000000000
75141  30.570  -9.364  67.164 1.0000000000
75151  29.728  -9.779  65.747 0.8750000000
74131  29.921  -10.900  66.812 0.8750000000
73127  29.738  -11.644  66.568 0.8750000000
65895  21.976  -18.313  66.941 1.0000000000
132604  30.682  -7.722  66.974 1.0000000000
136163  30.482  -7.809  66.274 1.0000000000
76213  30.228  -8.142  65.785 0.8750000000
76193  30.026  -8.957  65.757 0.8750000000
75166  29.580  -9.277  64.969 0.8750000000
130441  29.599  -11.009  66.107 0.8750000000
67895  21.784  -16.475  66.714 1.0000000000
78143  30.040  -6.890  65.061 0.8750000000
77209  29.740  -7.640  64.661 0.8750000000
76214  29.835  -8.352  65.139 0.8750000000
69901  6.711  -14.630  73.867 0.8750000000
142728  7.444  -15.325  74.147 0.8750000000
153517  29.681  -6.929  64.335 0.8750000000
68888  8.189  -15.788  74.001 0.8750000000
67819  8.602  -16.476  74.556 0.8750000000
67829  8.930  -16.312  73.713 0.7500000000
66823  9.997  -17.376  72.983 0.7500000000
150023  9.773  -16.764  72.718 0.7500000000
67818  9.268  -16.985  74.095 0.7500000000
66816  9.631  -17.516  73.628 0.7500000000
67837  10.172  -17.117  72.231 0.6250000000
66831  10.587  -17.579  71.672 0.7500000000
65857  10.997  -18.142  71.040 0.5000000000
133695  11.565  -18.344  68.433 0.2500000000
149214  11.338  -18.020  69.798 0.3750000000
74034  16.252  -11.020  80.130 1.0000000000
72989  16.904  -11.060  79.156 1.0000000000
75048  15.327  -9.961  80.548 0.8750000000
75051  15.119  -9.358  80.000 0.8750000000
76035  15.581  -8.601  79.593 0.8750000000
77022  15.971  -7.971  79.301 0.8750000000
154201  14.151  -10.321  79.863 1.0000000000
76042  15.497  -8.132  78.647 0.8750000000
75053  13.130  -9.721  79.633 1.0000000000
132770  14.043  -9.880  79.717 1.0000000000
75052  14.588  -9.503  79.693 1.0000000000
76036  14.973  -8.905  79.185 0.8750000000
73006  19.428  -11.085  78.362 1.0000000000
61862  27.052  -22.132  78.129 0.8750000000
61861  27.738  -22.169  77.831 0.7500000000
62835  26.537  -21.815  78.352 0.8750000000
151865  26.338  -21.273  78.236 0.8750000000
70965  21.963  -12.910  78.588 0.8750000000
74055  10.736  -9.900  78.397 0.8750000000
74056  10.216  -10.622  78.066 0.8750000000
60740  28.253  -22.356  77.528 0.6250000000
70964  22.916  -12.877  79.036 0.8750000000
143831  26.347  -20.659  77.714 0.8750000000
73028  9.621  -11.408  77.766 0.8750000000
61860  28.580  -22.056  77.611 0.7500000000
68790  24.598  -15.224  80.740 0.8750000000
62832  29.289  -21.744  77.526 0.7500000000
64758  26.206  -20.086  76.373 0.8750000000
72012  8.232  -12.548  77.234 0.8750000000
64757  27.117  -20.020  76.492 1.0000000000
69862  23.127  -15.056  78.158 1.0000000000
72024  8.389  -12.500  76.332 0.8750000000
64794  27.755  -19.612  74.946 1.0000000000
72025  7.358  -12.515  76.229 0.8750000000
131115  27.458  -19.476  74.126 1.0000000000
130608  27.764  -19.482  73.287 1.0000000000
64844  27.169  -19.478  72.561 1.0000000000
72014  5.883  -12.668  77.249 0.8750000000
71996  5.676  -12.791  78.112 0.8750000000
148634  7.853  -12.450  75.816 0.8750000000
140531  6.653  -12.951  79.264 0.8750000000
69898  20.953  -13.818  73.845 1.0000000000
72038  6.240  -12.520  75.448 0.8750000000
72039  5.097  -12.766  75.594 0.8750000000
130603  26.625  -19.426  71.863 1.0000000000
145081  34.194  -9.652  78.082 1.0000000000
75072  33.733  -9.143  76.720 1.0000000000
64892  25.982  -19.459  70.378 1.0000000000
69923  20.244  -14.137  72.211 1.0000000000
76059  34.610  -8.283  77.281 1.0000000000
75084  33.336  -8.855  75.247 1.0000000000
76097  32.980  -7.933  73.313 1.0000000000
64927  25.323  -19.302  68.760 1.0000000000
76108  32.646  -7.905  72.572 1.0000000000
76119  32.276  -7.993  71.827 1.0000000000
67854  30.658  -16.367  70.498 1.0000000000
67864  30.447  -16.020  69.839 1.0000000000
69955  21.070  -14.606  69.205 1.0000000000
151252  20.894  -14.420  69.899 1.0000000000
139814  6.906  -12.738  73.807 0.8750000000
145380  31.759  -7.621  69.769 1.0000000000
69974  29.616  -14.408  67.665 0.8750000000
65880  23.074  -19.031  67.442 1.0000000000
131960  22.791  -18.603  66.588 1.0000000000
132929  31.563  -7.425  69.030 1.0000000000
77180  31.373  -7.018  68.229 1.0000000000
72138  29.590  -12.340  66.258 0.8750000000
140374  29.766  -13.175  67.319 0.8750000000
141983  29.520  -13.160  66.439 0.8750000000
140582  22.904  -18.194  65.956 1.0000000000
66887  22.242  -17.236  66.326 1.0000000000
69977  21.741  -15.007  67.690 1.0000000000
69967  21.374  -14.801  68.484 1.0000000000
78106  30.971  -6.727  67.337 1.0000000000
130719  30.525  -6.575  65.747 1.0000000000
74153  29.424  -10.145  65.175 0.8750000000
73152  29.309  -11.007  65.298 0.8750000000
73137  29.481  -11.786  65.734 0.8750000000
68964  22.153  -15.432  66.958 1.0000000000
145409  6.459  -14.121  72.744 0.8750000000
76230  29.536  -8.472  64.342 0.8750000000
75182  29.163  -9.348  64.064 0.8750000000
132806  29.242  -9.858  64.634 0.8750000000
74166  29.081  -10.498  64.694 0.8750000000
75183  28.872  -10.054  64.254 0.8750000000
69995  23.008  -15.124  66.794 1.0000000000
68889  7.437  -15.284  73.497 0.8750000000
78142  29.915  -6.090  64.431 0.8750000000
77215  29.469  -7.626  63.793 0.8750000000
76241  29.193  -8.536  63.569 0.8750000000
75200  28.794  -9.171  63.339 0.8750000000
68899  7.517  -15.370  72.794 0.8750000000
78151  29.604  -6.647  63.652 0.8750000000
78158  29.560  -6.428  62.794 0.8750000000
77222  29.316  -7.237  62.975 0.8750000000
77216  29.157  -7.970  63.106 0.8750000000
76242  28.763  -8.594  62.892 0.8750000000
133844  8.336  -15.747  73.235 0.8750000000
67838  9.158  -16.173  72.827 0.8750000000
67849  9.645  -16.374  71.982 0.8750000000
78159  29.082  -6.980  62.174 0.8750000000
67848  10.417  -16.758  71.473 0.7500000000
66841  10.998  -17.200  70.948 0.7500000000
66875  11.956  -17.609  68.037 0.1250000000
156204  11.649  -17.692  68.782 0.2500000000
76030  15.752  -9.215  80.386 0.8750000000
75060  14.158  -9.304  78.985 1.0000000000
77993  15.715  -6.652  78.474 0.8750000000
155791  15.403  -6.822  77.543 0.8750000000
79011  15.131  -5.638  77.614 0.8750000000
75061  13.223  -9.363  78.584 1.0000000000
76043  14.783  -8.607  78.247 0.8750000000
76055  15.209  -7.998  77.702 0.8750000000
77038  15.254  -7.267  77.300 0.8750000000
77996  15.167  -6.412  77.094 0.8750000000
75062  12.366  -9.453  79.116 0.8750000000
76044  14.009  -8.945  77.917 1.0000000000
132420  14.579  -8.386  77.246 0.8750000000
77050  14.831  -7.129  76.566 0.8750000000
79012  14.777  -5.523  76.806 0.8750000000
80093  14.323  -4.737  76.584 0.8750000000
80094  13.703  -4.183  76.375 0.8750000000
75068  13.258  -9.185  77.558 1.0000000000
76056  13.857  -8.785  77.121 1.0000000000
76069  14.056  -8.415  76.396 0.8750000000
135753  14.472  -6.716  75.892 0.8750000000
78004  14.744  -6.172  76.271 0.8750000000
79020  14.414  -5.352  76.013 0.8750000000
75070  11.621  -9.565  78.465 0.8750000000
75076  11.975  -9.741  77.486 0.8750000000
75075  12.721  -9.451  77.069 0.8750000000
75082  12.974  -9.522  75.996 1.0000000000
75081  13.522  -8.812  75.768 1.0000000000
77061  14.245  -7.559  75.908 0.8750000000
78017  14.336  -6.015  75.535 0.8750000000
79029  13.868  -5.202  75.276 0.8750000000
80102  13.475  -4.344  75.601 0.8750000000
62834  27.438  -21.867  78.117 0.8750000000
74062  12.307  -9.951  76.607 0.8750000000
149652  11.927  -10.520  76.124 0.8750000000
156055  12.491  -10.134  75.830 1.0000000000
73034  11.273  -10.965  76.458 0.8750000000
62833  27.984  -21.880  77.857 0.7500000000
63760  27.262  -21.427  78.130 0.8750000000
69830  24.362  -14.346  80.429 0.8750000000
69821  24.737  -15.160  80.849 0.8750000000
136461  11.316  -9.955  77.733 0.8750000000
74063  11.603  -10.268  76.978 0.8750000000
73040  11.559  -11.176  75.481 1.0000000000
69820  25.104  -15.086  80.838 0.8750000000
69829  25.161  -15.149  80.319 0.8750000000
74064  10.866  -10.620  77.383 0.8750000000
73035  10.616  -11.457  76.685 0.8750000000
145873  28.497  -21.640  77.664 0.7500000000
63759  27.935  -21.545  77.909 0.8750000000
63775  27.077  -20.807  77.909 1.0000000000
69844  24.806  -15.173  79.467 0.8750000000
69845  23.978  -15.068  78.780 0.8750000000
73027  10.283  -11.255  77.370 0.8750000000
72023  9.252  -12.400  76.175 0.8750000000
139391  10.936  -11.564  75.986 0.8750000000
62851  29.754  -21.486  77.488 0.7500000000
62852  28.501  -21.210  77.654 0.7500000000
63788  28.504  -20.653  77.397 0.8750000000
63790  26.718  -20.346  77.181 1.0000000000
64756  28.046  -20.071  76.644 1.0000000000
63789  27.626  -20.456  77.359 1.0000000000
69880  22.320  -14.364  76.673 1.0000000000
63773  30.126  -21.262  77.416 0.8750000000
156673  21.631  -14.149  75.819 1.0000000000
72036  8.318  -12.450  75.490 0.8750000000
72037  7.304  -12.413  75.293 0.8750000000
63805  30.411  -20.390  76.199 1.0000000000
64793  28.354  -19.549  74.515 1.0000000000
64817  28.270  -19.439  73.838 1.0000000000
72048  7.255  -12.477  74.514 0.8750000000
69911  20.969  -13.745  72.775 1.0000000000
77045  34.337  -7.982  76.349 1.0000000000
78015  33.761  -7.407  75.009 1.0000000000
65821  31.755  -18.671  72.828 1.0000000000
131755  26.237  -19.448  71.130 1.0000000000
136909  33.792  -7.931  75.478 1.0000000000
77083  33.301  -7.327  73.447 1.0000000000
66827  31.479  -17.594  71.855 1.0000000000
65879  24.996  -19.130  67.889 1.0000000000
77031  35.195  -8.116  77.493 0.8750000000
77097  33.039  -7.271  72.756 1.0000000000
77112  32.739  -7.170  72.044 1.0000000000
66837  30.670  -17.272  70.548 1.0000000000
65894  23.721  -18.880  66.772 1.0000000000
69945  21.582  -14.124  70.404 1.0000000000
76058  36.646  -8.201  77.141 0.8750000000
76057  37.305  -7.644  76.916 0.8750000000
78092  32.297  -6.232  69.741 1.0000000000
68948  29.711  -15.073  68.094 1.0000000000
64939  24.037  -19.119  67.674 1.0000000000
71038  6.534  -13.560  73.042 0.8750000000
72072  6.871  -13.107  72.616 0.8750000000
76071  36.938  -8.294  76.584 0.8750000000
78098  31.944  -6.467  68.896 1.0000000000
79154  31.365  -5.697  67.119 1.0000000000
71105  29.308  -12.699  65.490 0.8750000000
145529  22.595  -16.644  66.111 1.0000000000
69976  22.850  -14.810  67.551 1.0000000000
69914  6.807  -14.730  72.949 0.8750000000
69925  6.420  -14.649  72.131 1.0000000000
71048  6.134  -14.132  71.701 1.0000000000
79172  31.081  -5.315  66.284 1.0000000000
139485  30.303  -6.122  65.171 1.0000000000
67894  22.633  -15.872  66.380 1.0000000000
137334  7.548  -15.474  72.166 0.8750000000
79173  30.703  -5.750  65.685 1.0000000000
79189  30.496  -5.441  64.940 0.8750000000
79204  29.907  -5.846  63.485 0.8750000000
68898  8.340  -15.699  72.486 0.8750000000
79219  30.468  -5.166  63.178 0.8750000000
79220  29.950  -5.719  62.553 0.7500000000
76251  28.430  -8.708  62.248 0.8750000000
68911  8.928  -15.904  72.102 0.8750000000
132299  9.056  -15.870  71.443 1.0000000000
79234  29.926  -5.565  61.584 0.7500000000
78165  29.464  -6.254  61.880 0.7500000000
78166  28.808  -6.696  61.324 0.7500000000
77223  28.742  -7.855  62.409 0.8750000000
66865  11.742  -16.967  68.722 0.2500000000
65856  11.242  -17.611  70.323 0.6250000000
67857  10.661  -16.374  70.667 0.7500000000
66864  11.983  -16.712  67.975 0.2500000000
67867  11.403  -16.436  69.332 0.3750000000
67856  11.208  -16.794  70.151 0.5000000000
74021  16.529  -10.495  80.868 1.0000000000
74022  15.759  -10.541  80.576 0.8750000000
76029  16.433  -8.910  80.785 0.8750000000
76034  16.217  -8.310  79.989 0.8750000000
139494  16.390  -7.277  79.646 0.8750000000
74047  17.838  -10.729  79.287 1.0000000000
74033  17.009  -10.817  80.182 1.0000000000
75047  16.042  -9.904  80.979 0.8750000000
74046  18.867  -10.651  79.158 1.0000000000
74020  17.350  -10.574  80.927 0.8750000000
77029  15.859  -7.342  78.857 0.8750000000
136159  15.458  -6.397  77.857 0.8750000000
80084  14.981  -4.969  78.136 0.8750000000
135595  20.119  -11.081  78.420 0.8750000000
150588  14.509  -4.411  77.892 0.8750000000
80086  14.055  -4.103  77.260 0.8750000000
73005  20.806  -11.489  78.344 0.8750000000
80085  14.662  -4.867  77.372 0.8750000000
73003  22.633  -11.781  79.086 0.8750000000
75069  12.486  -9.459  78.058 1.0000000000
135184  13.280  -9.274  75.014 1.0000000000
81191  13.283  -3.697  76.914 0.8750000000
71986  23.206  -12.305  79.215 0.8750000000
77062  13.806  -7.592  75.148 0.8750000000
136082  14.078  -6.804  75.301 0.8750000000
81199  13.113  -3.758  76.050 0.8750000000
70963  23.888  -13.100  79.583 0.8750000000
78018  13.844  -6.081  74.831 0.8750000000
80114  13.221  -4.648  74.855 0.8750000000
133565  12.776  -9.956  75.080 1.0000000000
73045  12.023  -11.122  74.599 1.0000000000
73041  10.860  -11.764  75.247 1.0000000000
131360  22.902  -14.576  77.316 1.0000000000
69879  23.304  -14.121  76.602 1.0000000000
72035  9.305  -12.432  75.262 0.8750000000
130123  29.214  -21.010  77.436 0.7500000000
154879  28.733  -20.199  76.781 1.0000000000
155613  7.779  -12.390  74.979 0.8750000000
64772  28.533  -19.804  75.663 1.0000000000
65908  24.408  -18.578  66.229 1.0000000000
65923  24.922  -18.262  65.830 1.0000000000
130604  27.523  -19.458  71.752 1.0000000000
133521  27.243  -19.214  69.753 1.0000000000
64926  26.221  -19.182  68.935 1.0000000000
65907  25.327  -18.486  66.429 1.0000000000
66901  24.109  -17.373  65.102 1.0000000000
70015  23.681  -14.560  65.761 1.0000000000
144404  23.532  -13.547  66.386 1.0000000000
143800  23.317  -12.844  66.436 1.0000000000
131620  7.764  -12.544  73.875 0.7500000000
146064  30.976  -19.849  74.753 1.0000000000
64891  26.764  -19.415  70.435 1.0000000000
65892  25.569  -18.777  67.287 1.0000000000
65924  24.238  -18.112  65.619 1.0000000000
69000  23.434  -15.976  65.329 1.0000000000
68982  23.285  -15.352  65.958 1.0000000000
151707  23.617  -14.136  66.265 1.0000000000
78014  34.297  -6.969  75.310 1.0000000000
78029  33.806  -6.971  74.492 1.0000000000
77068  33.518  -7.376  74.225 1.0000000000
65829  31.352  -18.384  72.154 1.0000000000
65838  31.048  -18.119  71.570 1.0000000000
64912  25.676  -19.428  69.593 1.0000000000
66902  23.423  -17.228  65.397 1.0000000000
78001  35.373  -7.152  76.696 0.8750000000
78013  35.051  -6.824  76.039 1.0000000000
147867  33.630  -6.416  72.775 1.0000000000
79089  33.223  -5.990  71.396 1.0000000000
66828  31.050  -17.454  71.236 1.0000000000
66848  30.339  -16.909  69.811 1.0000000000
65893  24.687  -18.887  67.028 1.0000000000
65925  23.472  -17.860  65.613 1.0000000000
156220  22.995  -16.105  65.857 1.0000000000
149215  21.884  -14.509  69.034 1.0000000000
142990  21.768  -14.315  69.680 1.0000000000
148413  7.615  -12.612  72.580 1.0000000000
77043  35.745  -7.595  77.157 0.8750000000
149025  37.042  -6.999  76.996 0.8750000000
79114  32.923  -5.536  69.718 1.0000000000
67865  30.020  -16.404  69.177 1.0000000000
69994  23.425  -14.622  66.530 1.0000000000
69966  22.525  -14.549  68.449 1.0000000000
134629  6.449  -13.771  72.309 1.0000000000
72081  6.697  -13.270  71.686 0.8750000000
134212  6.113  -13.689  71.023 0.8750000000
79127  32.276  -5.838  68.346 1.0000000000
132264  32.017  -5.692  67.659 1.0000000000
69992  29.313  -14.587  66.969 1.0000000000
69937  5.976  -14.886  71.548 0.8750000000
71049  5.692  -14.601  71.201 0.8750000000
68915  5.659  -15.174  71.071 0.8750000000
76081  37.195  -7.979  74.921 0.7500000000
79153  31.616  -4.949  66.647 1.0000000000
137874  28.540  -11.916  64.520 0.8750000000
151465  28.314  -11.362  64.257 0.8750000000
68914  6.219  -15.243  71.496 0.8750000000
80200  32.010  -4.474  66.205 1.0000000000
80217  31.621  -4.466  65.399 1.0000000000
74167  28.496  -10.689  64.136 0.8750000000
68912  8.212  -15.671  71.758 0.8750000000
68913  7.084  -15.531  71.451 0.8750000000
153830  7.057  -15.577  70.665 0.8750000000
80233  31.585  -4.221  64.431 0.8750000000
80251  30.965  -4.552  63.820 0.8750000000
75212  28.329  -9.417  62.660 0.8750000000
79233  30.507  -5.131  62.232 0.7500000000
76259  28.231  -8.359  61.676 0.8750000000
67858  9.909  -16.070  71.123 1.0000000000
134617  8.190  -15.679  70.897 1.0000000000
78171  29.312  -6.022  60.852 0.7500000000
77232  28.179  -7.193  60.800 0.7500000000
67877  11.609  -16.180  68.532 0.2500000000
74031  19.335  -10.483  79.926 0.8750000000
74018  18.922  -10.472  81.059 0.8750000000
74032  18.271  -10.513  80.218 0.8750000000
76023  16.810  -9.427  81.381 0.8750000000
77989  15.928  -6.447  79.121 0.8750000000
74030  20.359  -10.499  79.718 0.8750000000
75044  16.786  -10.061  81.419 0.8750000000
79005  15.499  -5.730  78.494 0.8750000000
74043  21.261  -10.864  79.167 0.8750000000
80077  14.646  -4.360  78.571 0.8750000000
81183  14.134  -3.891  78.156 0.8750000000
72987  22.176  -11.194  79.385 0.8750000000
135001  13.452  -3.656  77.797 0.8750000000
70951  25.075  -13.652  80.397 0.8750000000
130404  13.571  -8.415  74.896 1.0000000000
77075  13.732  -6.938  74.597 0.8750000000
70942  25.148  -14.725  80.735 0.8750000000
75087  13.365  -8.968  74.308 1.0000000000
135433  13.629  -7.687  74.485 0.8750000000
80103  12.844  -3.998  75.283 0.8750000000
80104  11.980  -3.844  75.040 0.8750000000
141701  25.654  -14.642  80.056 0.8750000000
69843  25.379  -14.750  79.421 1.0000000000
76092  13.452  -8.242  73.912 0.8750000000
138080  13.492  -7.275  73.886 0.8750000000
78031  13.386  -6.283  74.005 0.8750000000
80115  12.463  -4.416  74.592 0.8750000000
80105  10.994  -3.820  74.904 0.8750000000
69861  24.663  -14.042  77.646 1.0000000000
137693  23.759  -14.430  77.690 1.0000000000
143543  11.666  -11.594  74.052 0.8750000000
150070  29.001  -21.395  77.508 0.7500000000
72045  10.331  -12.260  73.985 0.7500000000
73046  10.951  -11.943  74.415 0.7500000000
69890  22.678  -13.973  75.839 1.0000000000
72046  9.423  -12.424  74.369 0.7500000000
72047  8.358  -12.458  74.627 0.7500000000
141884  29.087  -20.532  77.159 0.8750000000
64755  29.230  -20.170  76.422 1.0000000000
134890  21.355  -13.922  74.816 1.0000000000
133448  8.708  -12.479  73.787 0.7500000000
63787  29.745  -20.622  76.941 0.8750000000
150381  22.976  -9.924  67.302 0.8750000000
75126  23.667  -9.030  67.973 0.8750000000
76162  24.256  -8.221  68.659 0.8750000000
71024  21.879  -13.583  73.176 1.0000000000
142319  29.008  -19.709  74.791 1.0000000000
73129  22.751  -11.441  66.472 0.8750000000
74117  22.967  -10.711  67.783 0.8750000000
137646  23.345  -10.096  68.239 0.8750000000
75115  23.779  -9.378  68.871 0.8750000000
71037  21.733  -13.663  72.402 1.0000000000
72056  8.115  -12.501  73.173 0.7500000000
64843  28.216  -19.520  72.407 1.0000000000
65906  26.022  -18.441  66.809 1.0000000000
68999  23.852  -15.191  65.216 1.0000000000
73128  23.028  -12.208  66.963 1.0000000000
135267  23.190  -11.028  68.476 0.8750000000
69922  21.089  -13.797  71.924 1.0000000000
64814  31.220  -19.314  73.391 1.0000000000
67919  24.362  -16.580  64.701 1.0000000000
72139  23.526  -13.276  67.265 1.0000000000
73116  23.010  -11.559  67.724 1.0000000000
73099  23.334  -11.936  68.651 1.0000000000
69934  21.338  -13.941  71.146 1.0000000000
72057  7.293  -12.746  73.239 0.8750000000
64840  30.958  -19.116  72.633 1.0000000000
65830  30.637  -18.890  71.838 1.0000000000
71084  23.577  -14.070  66.977 1.0000000000
143435  23.571  -14.016  67.790 1.0000000000
72126  23.421  -12.556  67.945 1.0000000000
154006  7.248  -12.794  72.053 1.0000000000
132026  35.639  -5.785  73.989 1.0000000000
79100  34.149  -5.441  71.061 1.0000000000
79113  33.398  -5.405  70.064 1.0000000000
65850  30.504  -18.275  70.934 1.0000000000
66838  30.068  -17.804  70.057 1.0000000000
66849  29.610  -17.305  69.226 1.0000000000
67875  28.800  -16.936  67.972 1.0000000000
72080  7.314  -12.666  71.433 0.8750000000
72093  6.945  -12.839  70.683 0.8750000000
78012  36.355  -6.170  76.032 0.8750000000
80150  34.672  -5.155  70.436 1.0000000000
68933  29.800  -15.781  68.592 1.0000000000
67883  29.126  -15.927  67.682 1.0000000000
69965  23.277  -14.345  68.133 1.0000000000
147917  5.388  -14.885  70.725 0.8750000000
77040  38.181  -6.845  76.569 0.8750000000
143764  32.967  -4.702  67.862 1.0000000000
155851  32.549  -4.663  67.390 1.0000000000
71095  29.210  -14.112  66.229 0.8750000000
71106  28.872  -13.421  65.010 0.8750000000
69975  23.320  -14.516  67.361 1.0000000000
77067  38.203  -7.490  75.692 0.8750000000
156341  32.467  -4.153  65.753 1.0000000000
80216  32.946  -4.038  65.421 1.0000000000
72160  28.798  -12.661  64.747 0.8750000000
72161  28.049  -12.565  64.235 0.8750000000
73167  27.871  -11.173  63.810 0.8750000000
68925  6.032  -15.499  70.854 0.8750000000
137941  5.839  -15.375  70.081 0.8750000000
76094  37.425  -8.014  73.753 0.7500000000
152309  32.354  -4.175  64.969 1.0000000000
74186  28.054  -10.609  63.526 0.8750000000
75213  27.515  -9.815  62.258 0.8750000000
80250  31.708  -4.176  63.569 0.7500000000
150537  31.721  -4.502  62.165 0.7500000000
76252  27.959  -9.151  61.860 0.8750000000
68938  7.738  -15.481  70.072 0.8750000000
80283  31.135  -4.727  61.823 0.7500000000
129845  31.134  -4.560  60.966 0.6250000000
77227  28.489  -7.482  61.576 0.7500000000
77228  27.886  -7.997  61.027 0.7500000000
130046  8.899  -15.499  70.186 0.8750000000
79245  30.501  -5.004  61.284 0.7500000000
79246  29.910  -5.299  60.630 0.7500000000
150829  29.302  -5.560  60.069 0.7500000000
79247  28.645  -5.831  59.806 0.7500000000
78172  28.504  -6.418  60.423 0.7500000000
132082  28.991  -5.164  59.408 0.7500000000
68923  10.025  -15.662  70.258 0.7500000000
68966  11.467  -15.387  67.296 0.2500000000
68935  11.170  -15.708  69.032 0.5000000000
67868  10.930  -15.990  69.851 0.7500000000
76028  17.138  -8.390  81.216 0.8750000000
77017  16.863  -7.829  80.457 0.8750000000
77987  16.821  -6.795  80.509 0.8750000000
78993  16.263  -6.144  79.927 0.8750000000
133736  19.797  -10.441  80.576 0.8750000000
75043  17.461  -10.046  81.925 0.8750000000
77010  17.537  -8.054  81.889 0.8750000000
77986  17.251  -7.425  81.205 0.8750000000
72988  21.894  -10.630  79.969 0.8750000000
74019  17.996  -10.529  81.251 0.8750000000
132763  17.630  -8.883  82.491 0.8750000000
78994  15.808  -5.314  80.322 0.8750000000
80069  15.311  -4.781  79.799 0.8750000000
81172  14.160  -3.802  78.980 0.8750000000
74029  22.730  -10.857  80.161 0.8750000000
77978  17.368  -7.225  82.183 0.8750000000
77982  16.878  -6.496  81.526 0.8750000000
71975  24.336  -12.411  79.730 0.8750000000
81175  12.024  -2.960  78.556 0.8750000000
81184  12.585  -3.340  77.591 0.8750000000
70950  25.653  -14.037  80.365 0.8750000000
142391  12.061  -3.080  77.037 0.8750000000
69819  25.409  -14.716  80.462 0.8750000000
81193  11.827  -3.230  76.392 0.8750000000
75088  12.981  -9.702  74.179 1.0000000000
75093  12.909  -9.737  73.381 0.8750000000
76102  13.249  -7.728  73.337 0.8750000000
77091  13.020  -6.871  73.234 0.8750000000
79058  12.281  -5.619  73.341 0.8750000000
147950  12.855  -4.943  74.293 0.8750000000
81194  10.844  -3.100  76.347 0.8750000000
77088  20.535  -8.170  73.416 0.7500000000
76089  20.404  -8.368  74.200 0.7500000000
74077  12.669  -10.399  73.548 1.0000000000
75099  12.939  -9.315  72.871 0.8750000000
77104  12.750  -7.735  72.668 0.8750000000
78045  12.395  -6.266  72.948 0.8750000000
80124  12.120  -4.900  73.842 0.8750000000
81202  10.280  -3.529  75.564 0.8750000000
76110  19.762  -8.083  72.729 0.7500000000
76099  21.119  -8.185  73.991 0.8750000000
69878  24.106  -13.929  76.945 1.0000000000
73044  12.320  -11.108  73.761 0.8750000000
74083  12.709  -10.169  72.690 0.8750000000
134117  12.093  -7.337  72.162 0.8750000000
78061  11.724  -6.499  72.438 0.8750000000
80125  11.075  -4.763  73.729 0.8750000000
129908  10.208  -4.030  74.867 0.8750000000
137516  20.290  -7.617  71.058 0.7500000000
77101  20.860  -7.829  72.498 0.7500000000
151372  23.445  -13.839  75.798 1.0000000000
73052  11.129  -12.015  73.593 0.8750000000
77122  11.734  -7.907  71.647 0.8750000000
77105  11.262  -7.153  71.952 0.8750000000
78062  10.686  -6.478  72.349 0.8750000000
79045  10.145  -4.903  73.843 0.8750000000
77137  20.692  -7.587  70.327 0.7500000000
77117  21.177  -7.556  71.038 0.7500000000
130992  21.968  -7.769  72.663 0.7500000000
72054  10.458  -12.251  73.157 0.8750000000
78047  10.154  -5.932  72.818 0.8750000000
77136  21.604  -7.559  70.293 0.7500000000
77116  22.241  -7.523  71.039 0.8750000000
71004  22.289  -13.773  75.023 1.0000000000
72068  10.360  -12.030  72.315 0.8750000000
78063  9.727  -6.540  72.338 0.8750000000
133928  22.496  -7.373  68.871 0.7500000000
77153  23.945  -7.464  69.570 0.7500000000
77134  24.004  -7.500  70.331 0.8750000000
155079  9.799  -12.290  72.843 0.7500000000
72069  9.359  -12.112  72.261 0.7500000000
64771  29.407  -19.938  75.426 1.0000000000
76181  24.126  -7.962  67.684 0.8750000000
77170  24.000  -7.266  68.273 0.8750000000
77169  24.228  -7.574  68.992 0.8750000000
76143  24.441  -8.102  69.565 0.8750000000
64816  29.032  -19.518  73.983 1.0000000000
130609  28.680  -19.528  73.238 1.0000000000
74142  22.913  -9.494  66.533 0.8750000000
74105  23.528  -10.413  69.074 0.8750000000
72079  9.828  -11.828  71.616 0.8750000000
130605  28.418  -19.464  71.439 1.0000000000
65891  26.388  -18.581  67.491 1.0000000000
66885  26.070  -18.131  66.187 1.0000000000
145525  23.753  -13.807  65.669 1.0000000000
73140  22.704  -11.256  65.554 1.0000000000
72070  8.448  -12.297  72.384 1.0000000000
129994  8.846  -12.006  71.460 0.8750000000
73091  8.643  -11.455  69.678 0.8750000000
73100  8.246  -11.205  69.194 0.8750000000
74118  8.136  -10.620  68.861 0.8750000000
64770  30.216  -20.049  75.197 1.0000000000
64791  30.484  -19.636  74.147 1.0000000000
66915  25.590  -17.184  64.776 1.0000000000
148517  24.397  -13.742  64.535 1.0000000000
145559  22.994  -11.822  64.917 1.0000000000
72071  7.869  -12.385  71.819 0.8750000000
72092  7.622  -12.353  69.935 0.8750000000
72103  7.958  -11.819  69.445 0.8750000000
73101  7.467  -11.474  68.889 0.8750000000
72113  6.370  -12.234  68.910 0.8750000000
64815  30.295  -19.384  73.320 1.0000000000
64841  30.104  -19.308  72.636 1.0000000000
65839  29.968  -19.112  71.196 1.0000000000
72112  23.655  -12.837  68.829 1.0000000000
155642  7.975  -12.211  70.787 0.8750000000
134169  6.914  -12.728  69.876 0.8750000000
138414  36.086  -5.502  73.073 1.0000000000
149095  34.994  -5.441  71.875 1.0000000000
65851  29.710  -18.701  70.379 1.0000000000
67884  28.483  -16.712  67.186 1.0000000000
71071  23.615  -13.379  68.213 1.0000000000
148883  23.501  -13.969  68.467 1.0000000000
69953  23.238  -14.085  69.030 1.0000000000
69954  22.640  -14.293  69.394 1.0000000000
71056  5.491  -14.270  70.633 0.8750000000
132285  5.261  -13.968  70.043 0.8750000000
79039  37.568  -5.574  74.904 1.0000000000
79055  36.813  -5.519  73.950 1.0000000000
80164  34.414  -4.841  69.684 1.0000000000
67905  28.275  -16.033  65.825 1.0000000000
152721  27.940  -13.914  64.190 0.8750000000
79038  38.694  -5.580  75.029 1.0000000000
78011  38.691  -6.534  76.164 0.8750000000
132473  33.648  -3.957  67.234 0.8750000000
80198  33.312  -3.783  66.577 0.8750000000
68980  28.968  -15.266  66.922 0.8750000000
70039  28.436  -14.731  64.979 0.8750000000
141854  27.618  -13.296  63.956 0.8750000000
73168  27.189  -11.614  63.600 0.8750000000
77051  39.483  -6.833  75.557 0.8750000000
77052  38.791  -6.939  76.068 0.8750000000
80197  34.094  -3.921  66.547 0.8750000000
80215  33.665  -4.008  65.665 0.8750000000
73154  27.819  -11.825  64.082 0.8750000000
144650  26.444  -10.834  62.640 0.8750000000
77066  39.047  -7.310  75.297 0.7500000000
77081  38.276  -7.694  74.587 0.7500000000
148287  33.135  -4.113  64.637 1.0000000000
74203  27.136  -10.403  62.609 0.8750000000
75225  27.132  -9.466  61.594 0.8750000000
151962  6.662  -15.505  70.031 0.8750000000
76105  37.638  -8.056  72.714 0.7500000000
80248  33.066  -4.052  63.567 1.0000000000
80265  32.724  -4.134  62.778 0.8750000000
151933  32.011  -4.247  62.801 0.7500000000
76268  27.104  -8.393  60.704 0.7500000000
76261  26.710  -9.051  61.043 0.8750000000
150651  8.398  -15.268  69.554 0.8750000000
80281  32.435  -4.342  61.942 0.6250000000
80282  31.752  -4.423  61.432 0.6250000000
78173  27.676  -6.887  60.156 0.7500000000
77233  27.420  -7.623  60.453 0.7500000000
80297  32.351  -4.159  60.964 0.6250000000
148437  31.696  -4.232  60.728 0.6250000000
80298  30.519  -4.699  60.396 0.6250000000
79255  28.105  -5.474  59.134 0.7500000000
80319  29.353  -4.480  59.085 0.6250000000
68937  9.404  -15.254  69.510 0.7500000000
133299  21.174  -10.463  80.049 0.8750000000
74000  17.962  -10.135  82.484 0.8750000000
75041  17.902  -9.652  82.827 0.8750000000
77005  17.652  -7.983  82.905 0.8750000000
78990  15.726  -5.163  81.251 0.8750000000
80061  14.680  -4.346  80.289 0.8750000000
81153  14.039  -3.916  79.969 0.8750000000
81163  13.317  -3.483  79.523 0.8750000000
74015  22.379  -10.604  80.739 0.8750000000
77979  16.848  -6.425  82.661 0.8750000000
78985  16.180  -5.663  82.059 0.8750000000
81173  13.633  -3.625  78.554 0.8750000000
81164  12.371  -3.157  79.459 0.8750000000
77034  23.133  -8.251  77.844 1.0000000000
72986  23.567  -11.817  79.511 0.8750000000
76067  18.683  -7.798  76.006 0.7500000000
130983  21.280  -8.518  76.194 1.0000000000
76064  21.814  -8.454  76.821 1.0000000000
76053  21.588  -8.357  77.567 1.0000000000
71974  25.766  -12.713  80.279 0.8750000000
81185  11.651  -2.815  77.736 0.8750000000
82167  11.280  -2.834  77.039 0.8750000000
77074  18.093  -7.730  73.813 0.6250000000
76079  18.667  -8.033  75.253 0.6250000000
155173  20.058  -8.509  75.549 0.8750000000
76065  20.374  -8.474  76.185 1.0000000000
76052  22.407  -8.335  77.325 1.0000000000
71973  26.323  -13.206  80.060 0.8750000000
81186  10.459  -2.818  77.126 0.8750000000
78059  17.002  -6.859  72.279 0.6250000000
77103  17.530  -7.433  72.528 0.6250000000
76091  18.978  -8.374  74.448 0.6250000000
131624  20.283  -8.504  74.929 0.8750000000
76077  20.839  -8.508  75.503 0.8750000000
76076  21.757  -8.381  75.419 1.0000000000
134305  22.055  -8.418  76.154 1.0000000000
70949  26.020  -14.151  80.144 0.8750000000
81195  9.217  -3.409  76.759 0.8750000000
137605  9.928  -3.196  76.491 0.8750000000
148682  16.686  -6.242  71.744 0.6250000000
78075  17.109  -6.958  71.550 0.6250000000
76101  18.622  -8.145  73.727 0.6250000000
76100  19.481  -8.363  73.699 0.7500000000
130241  21.176  -8.353  74.717 1.0000000000
154449  21.797  -8.267  74.801 1.0000000000
76075  22.730  -8.216  75.707 1.0000000000
69860  25.383  -14.193  78.457 1.0000000000
80095  9.283  -3.658  75.968 0.8750000000
80106  9.469  -4.144  75.191 0.8750000000
78086  16.930  -6.394  70.768 0.6250000000
130727  18.207  -7.821  72.247 0.6250000000
77102  19.054  -7.924  72.034 0.7500000000
76088  21.873  -8.110  74.220 1.0000000000
77073  22.772  -7.919  74.239 1.0000000000
73058  12.480  -11.028  72.933 0.8750000000
150037  12.676  -9.555  72.244 0.8750000000
76112  12.656  -8.760  72.303 0.8750000000
80119  8.918  -4.831  74.794 0.8750000000
77118  19.361  -7.745  71.162 0.7500000000
77086  22.395  -7.857  73.496 1.0000000000
77099  24.085  -7.676  72.875 1.0000000000
73066  12.355  -10.799  72.118 0.8750000000
75104  12.387  -9.386  71.662 0.8750000000
79046  9.304  -5.202  74.108 0.8750000000
150538  20.310  -7.544  69.680 0.7500000000
130900  23.024  -7.696  72.764 1.0000000000
148638  24.512  -7.745  72.261 0.8750000000
71003  23.179  -13.697  75.158 1.0000000000
73059  11.906  -11.448  72.429 0.8750000000
73067  11.690  -11.175  71.675 0.8750000000
74090  11.904  -10.464  71.309 0.8750000000
75105  11.886  -9.286  71.108 0.8750000000
77106  10.436  -6.964  71.907 0.8750000000
145161  8.835  -6.442  72.688 0.8750000000
78049  8.058  -6.430  73.107 0.8750000000
77172  21.596  -7.388  68.834 0.7500000000
77115  23.183  -7.499  71.332 0.8750000000
76121  24.659  -7.990  71.397 0.8750000000
71010  22.957  -13.482  74.351 1.0000000000
73079  11.348  -10.929  71.118 0.8750000000
144786  11.621  -9.878  70.800 0.8750000000
76123  11.434  -8.562  71.098 0.8750000000
142590  10.789  -7.706  71.355 0.8750000000
77123  9.083  -6.806  71.918 0.8750000000
78064  8.275  -6.600  72.274 0.8750000000
132645  23.586  -6.988  67.759 0.7500000000
76131  24.514  -8.072  70.459 0.8750000000
74096  23.941  -10.601  70.520 0.8750000000
71011  22.030  -13.610  74.117 1.0000000000
152502  10.548  -11.702  71.656 0.8750000000
133780  10.964  -9.880  70.260 0.8750000000
75111  10.640  -9.305  70.131 0.8750000000
76132  10.566  -8.519  70.552 0.8750000000
76133  9.573  -8.120  70.228 0.8750000000
144181  9.312  -7.340  71.033 0.8750000000
76194  23.856  -7.716  66.820 0.8750000000
77192  23.782  -7.107  66.475 0.8750000000
74104  23.914  -9.753  69.805 0.8750000000
73078  23.827  -11.671  70.173 0.8750000000
73069  10.304  -11.509  71.068 0.8750000000
75116  10.227  -9.814  69.697 0.8750000000
76144  10.066  -8.968  69.802 0.8750000000
134601  9.368  -8.716  69.631 0.8750000000
76134  8.749  -8.252  69.746 0.8750000000
63806  29.786  -20.227  76.058 1.0000000000
75152  23.277  -8.642  66.191 0.8750000000
75167  23.002  -8.842  65.242 0.8750000000
74097  23.671  -10.774  69.782 0.8750000000
150177  23.845  -12.602  70.134 1.0000000000
73081  9.920  -11.183  70.370 0.8750000000
74107  9.778  -10.575  69.729 0.8750000000
75117  9.484  -9.397  69.429 0.8750000000
76145  8.789  -8.944  69.268 0.8750000000
152459  8.198  -9.193  68.913 0.8750000000
64792  29.637  -19.719  74.539 1.0000000000
133450  29.759  -19.514  73.842 1.0000000000
156580  28.799  -19.545  71.984 1.0000000000
64889  28.336  -19.340  70.538 1.0000000000
65864  27.633  -18.778  69.034 1.0000000000
66872  26.717  -18.108  66.795 1.0000000000
74154  22.643  -10.471  65.389 0.8750000000
75185  22.741  -9.906  64.836 0.8750000000
75184  23.082  -9.136  64.195 0.8750000000
73089  23.480  -11.359  69.287 1.0000000000
72102  23.745  -13.110  69.621 1.0000000000
73070  9.587  -11.694  70.945 0.8750000000
73082  8.957  -11.695  70.414 0.8750000000
74108  8.926  -10.693  69.352 0.8750000000
75118  8.756  -9.814  69.003 0.8750000000
75127  7.851  -9.841  68.657 0.8750000000
130610  29.499  -19.471  73.282 1.0000000000
65852  28.934  -19.111  69.957 1.0000000000
65876  27.562  -18.424  68.308 1.0000000000
66898  26.944  -17.210  65.396 1.0000000000
154000  24.881  -15.350  64.184 1.0000000000
149818  23.497  -12.215  64.514 1.0000000000
74168  23.007  -10.198  63.959 0.8750000000
142677  23.586  -13.550  69.003 1.0000000000
69943  23.211  -14.019  70.007 1.0000000000
69944  22.541  -14.115  70.199 1.0000000000
64868  29.291  -19.437  71.625 1.0000000000
65875  28.180  -18.258  68.622 1.0000000000
154683  27.144  -17.726  66.510 1.0000000000
67918  26.014  -16.488  64.411 1.0000000000
72175  24.976  -12.854  63.842 1.0000000000
73171  23.977  -11.507  63.393 1.0000000000
75203  23.306  -9.651  63.386 0.8750000000
73102  6.533  -11.397  68.596 0.8750000000
71062  5.655  -13.207  69.382 0.8750000000
138415  37.136  -5.400  73.099 1.0000000000
79071  36.431  -5.432  72.324 1.0000000000
66850  28.831  -17.856  68.972 1.0000000000
66870  28.253  -17.429  67.525 1.0000000000
67906  27.677  -16.633  65.566 1.0000000000
71119  26.384  -14.165  63.672 1.0000000000
73170  24.888  -11.972  63.310 1.0000000000
74188  23.876  -10.755  62.989 0.8750000000
130925  23.453  -9.171  62.748 0.8750000000
71063  4.811  -13.880  69.359 0.8750000000
79053  38.884  -5.385  74.002 1.0000000000
79070  37.402  -5.414  72.366 1.0000000000
79098  35.984  -5.257  70.971 1.0000000000
151969  35.089  -4.856  69.921 1.0000000000
68998  27.849  -15.901  65.094 1.0000000000
144366  27.294  -14.072  63.840 1.0000000000
73188  25.513  -11.316  62.727 0.8750000000
75228  24.354  -9.724  61.834 0.8750000000
75215  23.738  -9.951  62.639 0.8750000000
69958  5.085  -14.589  69.979 0.8750000000
78009  40.054  -6.090  75.473 0.8750000000
80162  35.778  -4.904  69.720 0.8750000000
80163  35.059  -4.647  69.313 0.8750000000
72172  27.179  -12.462  63.747 0.8750000000
74216  25.073  -10.212  61.833 0.8750000000
77079  39.943  -7.434  74.113 0.8750000000
79124  36.414  -5.173  69.018 0.8750000000
80184  34.995  -4.609  67.654 0.8750000000
75214  26.582  -10.148  62.016 0.8750000000
75226  26.258  -9.600  61.464 0.8750000000
68940  5.388  -15.175  69.516 0.8750000000
77096  39.323  -7.601  73.346 0.7500000000
76104  38.642  -7.771  72.547 0.7500000000
79152  35.948  -5.272  66.721 0.8750000000
80214  34.535  -4.258  65.897 0.8750000000
76269  26.372  -8.610  60.665 0.7500000000
68939  6.247  -15.360  69.291 0.8750000000
76116  37.893  -8.115  71.663 0.5000000000
79171  35.287  -4.836  65.400 0.8750000000
153742  34.281  -4.480  63.908 0.8750000000
141562  33.667  -4.219  64.019 1.0000000000
77241  26.981  -7.303  59.960 0.7500000000
80246  34.849  -4.805  63.234 0.8750000000
80264  33.467  -4.206  62.719 1.0000000000
130160  33.093  -4.227  62.161 0.6250000000
78179  27.916  -6.239  59.673 0.7500000000
130866  7.397  -15.276  69.178 0.8750000000
80280  33.726  -4.288  61.908 0.7500000000
81305  33.166  -4.135  61.293 0.6250000000
81326  32.859  -3.625  60.397 0.5000000000
81327  31.951  -3.736  60.162 0.5000000000
80317  31.231  -3.804  59.711 0.5000000000
80318  30.602  -4.241  59.684 0.5000000000
79271  28.615  -4.684  58.834 0.5000000000
68968  9.909  -14.858  67.857 0.7500000000
129965  7.661  -14.874  68.186 0.7500000000
68955  8.562  -14.976  68.865 0.7500000000
81325  33.627  -3.663  60.457 0.5000000000
81349  32.507  -3.111  59.767 0.5000000000
81352  29.981  -4.133  59.177 0.5000000000
136641  29.562  -4.053  58.871 0.5000000000
68969  8.802  -14.773  67.979 0.7500000000
68954  9.694  -15.005  68.715 0.7500000000
82302  31.104  -2.822  59.018 0.5000000000
81351  30.683  -3.519  59.185 0.5000000000
68953  10.638  -15.235  68.512 0.7500000000
68936  10.436  -15.423  69.362 0.7500000000
74006  20.319  -10.481  82.211 0.8750000000
73998  19.493  -10.478  83.044 0.8750000000
74017  20.629  -10.439  80.922 0.8750000000
74007  19.178  -10.448  82.108 0.8750000000
73999  18.548  -10.317  82.833 0.8750000000
75038  18.226  -9.326  83.863 0.8750000000
133885  12.594  -3.286  80.521 0.8750000000
76018  17.877  -8.866  83.545 0.8750000000
80060  15.257  -4.729  80.675 0.8750000000
80062  13.997  -3.958  81.021 0.8750000000
77035  20.788  -8.172  77.908 1.0000000000
155564  21.409  -8.193  78.222 1.0000000000
77973  17.390  -7.175  83.371 0.8750000000
145004  15.474  -5.068  82.055 0.8750000000
80054  14.352  -4.369  81.802 0.8750000000
82145  11.512  -2.780  79.413 0.8750000000
77048  18.961  -7.778  76.634 0.7500000000
131931  20.852  -8.402  77.024 1.0000000000
76040  22.155  -8.288  78.055 1.0000000000
72976  23.780  -11.259  80.316 0.7500000000
134692  24.701  -11.806  79.989 0.8750000000
78979  16.182  -5.915  83.254 0.8750000000
78986  15.480  -5.369  82.901 0.8750000000
80047  14.736  -4.831  82.578 0.8750000000
82154  11.042  -2.587  78.481 0.8750000000
77060  17.728  -7.136  75.164 0.6250000000
82156  9.393  -2.729  78.312 0.8750000000
78043  17.137  -6.824  73.120 0.6250000000
141299  17.770  -7.376  74.363 0.6250000000
79103  16.580  -5.526  71.096 0.6250000000
77090  17.616  -7.398  73.475 0.6250000000
76062  23.421  -8.003  76.408 1.0000000000
70962  26.047  -14.064  79.407 0.8750000000
70978  25.817  -13.504  78.270 1.0000000000
80096  8.557  -3.917  76.558 0.8750000000
70979  25.236  -13.693  77.652 1.0000000000
80107  8.552  -4.478  75.660 0.8750000000
79116  16.700  -5.586  70.182 0.6250000000
78094  17.014  -6.223  69.760 0.6250000000
78085  17.383  -6.894  70.174 0.7500000000
77140  17.911  -7.409  70.572 0.6250000000
77119  18.439  -7.718  71.343 0.6250000000
144585  23.554  -7.802  74.282 1.0000000000
70995  24.105  -13.752  76.144 1.0000000000
79030  8.139  -5.270  75.123 0.8750000000
143449  18.376  -7.372  69.774 0.7500000000
139155  19.046  -7.534  69.778 0.7500000000
77098  24.728  -7.925  72.890 1.0000000000
151274  8.613  -6.195  73.287 0.8750000000
77173  20.465  -7.426  68.845 0.6250000000
75097  24.857  -8.417  72.063 0.8750000000
71009  23.752  -13.462  74.608 1.0000000000
78108  20.834  -7.047  67.238 0.6250000000
150667  24.651  -9.296  71.984 0.8750000000
78118  22.730  -6.697  66.770 0.7500000000
74088  24.256  -10.186  71.425 0.8750000000
71023  22.850  -13.433  73.435 1.0000000000
141682  7.943  -7.106  71.034 0.8750000000
78117  23.348  -6.742  66.066 0.7500000000
73077  24.307  -11.484  71.041 1.0000000000
150640  8.093  -7.867  69.875 0.8750000000
148257  23.559  -6.881  64.947 0.7500000000
76231  23.392  -8.109  64.776 0.8750000000
72090  24.128  -12.462  70.771 1.0000000000
69921  22.033  -13.743  71.733 1.0000000000
133960  7.961  -8.480  69.330 0.8750000000
136068  23.478  -7.087  64.256 0.8750000000
131390  23.344  -8.034  63.971 0.8750000000
69933  22.295  -13.905  70.966 1.0000000000
76163  7.439  -9.067  68.763 0.8750000000
77217  23.403  -7.419  63.333 0.7500000000
143387  23.490  -13.635  69.802 1.0000000000
74119  7.287  -10.630  68.580 0.8750000000
135193  23.373  -8.321  62.963 0.8750000000
79068  39.814  -5.312  73.031 1.0000000000
140029  39.015  -5.314  73.154 1.0000000000
78167  23.604  -6.894  61.413 0.6250000000
141638  23.838  -7.761  61.532 0.8750000000
138416  38.126  -5.372  73.134 1.0000000000
79085  36.774  -5.393  71.552 1.0000000000
75229  23.781  -9.310  62.068 0.8750000000
145783  40.802  -5.232  73.642 1.0000000000
79051  40.764  -5.603  74.580 1.0000000000
79037  40.170  -5.779  75.074 1.0000000000
129929  36.756  -5.293  70.696 0.8750000000
77236  24.849  -7.377  60.120 0.7500000000
77229  24.563  -7.948  60.905 0.7500000000
71132  6.602  -13.955  63.476 0.5000000000
68941  4.869  -14.764  69.535 0.8750000000
79050  41.787  -5.131  73.577 1.0000000000
79035  41.185  -5.872  74.676 1.0000000000
77064  40.414  -7.071  74.737 0.8750000000
79112  36.627  -5.192  69.935 0.8750000000
76271  25.146  -8.018  60.511 0.7500000000
131656  6.720  -14.356  64.108 0.7500000000
70020  6.273  -14.614  65.060 0.7500000000
78040  42.441  -5.997  74.018 1.0000000000
78041  41.590  -6.442  74.217 1.0000000000
77095  40.078  -7.545  73.181 0.7500000000
155379  36.081  -5.346  67.678 0.8750000000
79170  36.261  -5.442  65.127 0.8750000000
77243  25.506  -7.012  59.626 0.7500000000
70001  6.537  -14.695  65.998 0.7500000000
68958  4.916  -14.957  68.834 0.8750000000
77092  42.177  -7.030  72.482 1.0000000000
76113  40.339  -7.768  71.420 0.6250000000
76103  39.506  -7.657  72.445 0.6250000000
76115  38.927  -7.855  71.719 0.6250000000
79188  35.691  -5.261  64.559 0.8750000000
79218  35.736  -5.411  62.725 0.8750000000
79257  26.693  -5.996  58.881 0.6250000000
77242  26.285  -7.228  59.730 0.7500000000
145886  7.008  -14.547  65.453 0.7500000000
68957  5.678  -15.207  68.588 0.8750000000
76124  41.004  -7.735  70.150 0.5000000000
76125  40.281  -7.904  70.429 0.5000000000
76126  39.476  -8.136  70.326 0.5000000000
76128  37.712  -8.339  70.587 0.5000000000
79272  27.780  -4.794  58.582 0.5000000000
79256  27.257  -5.431  58.717 0.7500000000
70000  7.439  -14.530  66.180 0.7500000000
69981  7.875  -14.628  67.137 0.7500000000
68956  6.582  -15.168  68.387 0.7500000000
76136  40.486  -7.870  69.396 0.3750000000
148440  40.042  -7.997  68.807 0.3750000000
76155  39.381  -8.190  68.814 0.3750000000
80263  34.273  -4.452  62.494 0.8750000000
80279  34.462  -4.496  61.580 0.6250000000
83275  30.414  -1.827  58.721 0.5000000000
82314  29.701  -2.241  58.626 0.5000000000
80337  29.098  -3.981  58.665 0.5000000000
69980  9.117  -14.682  67.065 0.7500000000
76154  40.548  -7.939  68.414 0.3750000000
136043  39.843  -8.158  67.996 0.3750000000
81347  34.154  -3.149  59.884 0.5000000000
82300  32.948  -2.442  59.558 0.5000000000
83258  32.364  -1.851  59.263 0.5000000000
82301  31.682  -2.397  59.175 0.5000000000
81367  29.775  -3.582  58.775 0.5000000000
76176  39.100  -8.393  67.370 0.3750000000
81366  30.345  -2.767  58.733 0.5000000000
74005  21.416  -10.453  81.874 0.8750000000
75037  18.567  -9.621  84.124 0.8750000000
133731  22.385  -10.516  81.667 0.8750000000
77001  17.753  -7.985  84.132 0.8750000000
81154  13.096  -3.633  81.350 0.8750000000
133300  23.315  -10.670  81.244 0.7500000000
74014  24.532  -10.799  81.311 0.7500000000
76013  18.131  -8.632  84.478 0.8750000000
142830  13.927  -4.512  82.626 0.8750000000
80055  13.512  -4.112  82.053 0.8750000000
82139  11.001  -2.828  80.326 0.8750000000
76054  19.823  -8.145  76.820 0.8750000000
155782  20.125  -8.085  77.523 0.8750000000
72975  25.101  -11.254  80.645 0.7500000000
74013  25.653  -10.660  81.405 0.8750000000
77968  17.118  -7.386  84.799 0.8750000000
78987  14.754  -5.307  83.567 0.8750000000
81130  12.597  -4.009  82.418 0.8750000000
82140  10.023  -2.699  80.167 0.8750000000
151815  18.160  -7.427  75.765 0.6250000000
72984  26.387  -11.988  80.190 0.8750000000
72973  26.456  -10.836  80.407 0.8750000000
78980  15.347  -5.843  84.123 0.8750000000
80043  13.807  -5.014  83.749 0.8750000000
81188  7.995  -3.576  78.022 0.8750000000
81177  8.612  -3.106  78.367 0.8750000000
78044  16.708  -5.998  72.731 0.6250000000
71972  26.646  -12.775  79.719 0.8750000000
80087  7.851  -4.161  77.214 0.8750000000
137074  16.419  -3.646  69.111 0.2500000000
80152  16.507  -4.811  70.485 0.6250000000
79090  16.502  -5.358  72.005 0.6250000000
79021  7.091  -5.396  76.230 0.8750000000
80097  7.844  -4.629  76.363 0.8750000000
156492  16.570  -2.731  67.856 0.1250000000
80177  16.509  -4.627  68.876 0.3750000000
80167  16.559  -4.967  69.725 0.5000000000
77071  24.681  -8.164  74.738 1.0000000000
70994  24.865  -13.543  76.762 1.0000000000
78019  6.832  -6.245  75.004 0.8750000000
80108  7.787  -5.081  75.751 0.8750000000
82213  17.237  -2.474  66.699 0.1250000000
82206  16.762  -2.645  67.373 0.1250000000
81246  16.445  -3.843  68.140 0.3750000000
139811  16.745  -5.418  68.343 0.3750000000
78093  17.480  -6.689  69.342 0.6250000000
77084  24.327  -7.846  73.839 1.0000000000
71001  24.802  -13.278  75.688 1.0000000000
78033  7.218  -6.313  74.352 0.8750000000
78032  8.017  -6.154  73.890 0.8750000000
79047  8.482  -5.528  74.375 0.8750000000
81255  16.513  -3.966  67.190 0.2500000000
79142  16.908  -5.370  67.419 0.3750000000
78099  18.124  -6.796  68.263 0.5000000000
77187  18.688  -7.145  68.367 0.5000000000
76109  25.017  -8.316  72.796 1.0000000000
71002  23.973  -13.607  75.352 1.0000000000
78034  6.387  -6.502  74.513 0.8750000000
78050  7.096  -6.503  73.645 0.8750000000
78121  19.045  -6.765  66.876 0.6250000000
74082  24.701  -10.196  72.325 1.0000000000
78065  7.420  -6.559  72.636 0.8750000000
153067  19.678  -6.814  66.639 0.6250000000
78076  7.699  -6.746  71.749 0.8750000000
78133  21.392  -6.496  65.691 0.6250000000
71036  22.759  -13.666  72.441 1.0000000000
77124  7.218  -6.962  71.131 0.8750000000
130274  21.782  -6.198  64.828 0.6250000000
71046  23.565  -13.663  71.414 1.0000000000
148429  23.505  -13.719  72.043 1.0000000000
77159  7.351  -7.802  69.749 0.8750000000
78153  22.701  -6.310  63.866 0.7500000000
78154  21.981  -5.943  64.100 0.6250000000
71053  23.811  -13.153  70.411 1.0000000000
69932  23.110  -13.921  70.825 1.0000000000
78152  23.249  -6.744  63.617 0.7500000000
71054  23.517  -13.580  70.662 1.0000000000
75128  6.938  -9.781  68.521 0.8750000000
78160  23.374  -6.941  62.761 0.6250000000
74120  6.292  -10.575  68.483 0.8750000000
152596  23.232  -6.362  61.411 0.6250000000
140027  23.213  -6.655  62.063 0.6250000000
147896  5.754  -11.975  68.582 0.8750000000
79082  39.772  -5.484  72.098 1.0000000000
138429  39.021  -5.426  72.285 1.0000000000
73157  8.195  -11.658  64.130 0.5000000000
72114  5.110  -12.824  68.721 0.8750000000
71072  4.304  -13.660  68.770 0.8750000000
79067  40.410  -5.307  72.687 1.0000000000
131468  39.870  -5.480  71.357 1.0000000000
79096  39.051  -5.496  71.287 0.8750000000
79069  38.251  -5.402  72.398 1.0000000000
79097  37.511  -5.439  71.140 0.8750000000
77237  24.138  -7.174  60.739 0.5000000000
133808  6.894  -12.046  64.383 0.6250000000
79066  41.224  -5.121  72.675 1.0000000000
79081  40.472  -5.394  71.884 1.0000000000
79095  39.650  -5.501  70.578 0.8750000000
79110  38.698  -5.647  70.189 0.8750000000
79111  37.565  -5.511  70.242 0.8750000000
77244  24.910  -6.732  59.598 0.7500000000
78174  24.332  -6.622  59.983 0.6250000000
70073  6.578  -14.190  63.732 0.6250000000
69959  4.431  -14.262  69.030 0.8750000000
80138  43.498  -4.424  71.970 1.0000000000
143780  42.637  -4.596  71.576 1.0000000000
80147  41.867  -4.933  71.080 0.8750000000
79108  40.363  -5.446  69.960 0.8750000000
130586  38.999  -5.779  69.166 0.8750000000
79123  37.387  -5.464  68.629 0.8750000000
79137  36.694  -5.356  67.956 0.8750000000
79258  25.073  -5.633  58.745 0.7500000000
79077  45.492  -4.431  71.514 1.0000000000
80136  45.015  -4.368  71.890 1.0000000000
79064  44.407  -4.801  72.354 1.0000000000
78039  43.112  -5.548  73.476 1.0000000000
133189  40.430  -5.606  68.251 0.8750000000
133445  39.812  -5.835  67.479 0.8750000000
79135  38.214  -5.849  67.155 0.8750000000
133733  37.214  -5.547  67.148 0.8750000000
136111  36.026  -5.244  65.991 0.8750000000
151976  25.815  -4.269  58.253 0.5000000000
78195  25.883  -5.842  58.718 0.7500000000
70021  5.546  -14.576  65.301 0.7500000000
68959  4.472  -14.583  68.228 0.8750000000
78081  44.579  -5.756  70.607 0.8750000000
78072  43.795  -6.099  71.929 1.0000000000
78073  43.012  -6.605  72.221 1.0000000000
79148  40.182  -5.813  66.754 0.8750000000
151941  39.199  -6.079  66.713 0.8750000000
79149  38.366  -6.132  66.311 0.8750000000
130584  37.941  -6.159  65.519 0.8750000000
79169  37.141  -5.905  64.834 0.8750000000
79187  36.444  -5.617  64.240 0.8750000000
80339  27.334  -4.126  58.273 0.5000000000
80340  26.439  -4.533  58.286 0.5000000000
78181  26.111  -6.528  59.233 0.7500000000
68985  6.946  -14.697  66.719 0.7500000000
68971  5.919  -15.121  67.652 0.7500000000
78090  43.850  -6.323  69.845 0.7500000000
77149  43.107  -6.761  70.173 0.7500000000
77128  42.338  -7.317  70.377 0.7500000000
79168  40.410  -5.828  65.359 0.8750000000
133444  39.821  -6.061  65.983 0.8750000000
79185  39.043  -6.126  64.210 0.8750000000
130582  38.038  -6.132  64.517 0.8750000000
79201  36.535  -5.694  63.303 0.8750000000
79232  35.883  -5.312  61.722 0.8750000000
84239  30.231  -0.264  59.167 0.5000000000
84254  29.019  -1.093  58.975 0.5000000000
82316  28.080  -2.713  58.451 0.5000000000
141736  27.058  -4.847  58.428 0.5000000000
68970  6.806  -14.868  67.491 0.7500000000
77165  43.100  -6.780  69.204 0.7500000000
148574  42.565  -7.133  69.574 0.7500000000
77150  41.958  -7.474  69.365 0.5000000000
133443  39.512  -6.135  65.136 0.8750000000
133088  38.956  -6.089  63.176 0.8750000000
79216  38.056  -5.968  62.129 0.8750000000
133601  37.350  -5.803  62.004 0.8750000000
79217  36.603  -5.665  62.306 0.8750000000
80294  35.573  -4.341  60.483 0.6250000000
85222  31.459  0.341  59.490 0.5000000000
146577  30.735  0.240  59.430 0.5000000000
83276  29.746  -1.443  58.733 0.5000000000
82315  28.960  -2.503  58.544 0.5000000000
80338  28.263  -4.092  58.443 0.5000000000
77167  41.707  -7.610  68.440 0.6250000000
76153  41.087  -7.895  68.005 0.3750000000
76174  40.558  -8.212  67.420 0.3750000000
76175  39.936  -8.354  67.216 0.3750000000
79230  37.807  -5.577  61.389 0.6250000000
79243  37.537  -5.138  60.782 0.8750000000
80277  36.113  -4.959  60.930 0.7500000000
81324  34.974  -3.607  59.966 0.6250000000
83257  34.345  -1.701  59.495 0.5000000000
141888  33.355  -1.586  59.434 0.5000000000
84237  32.483  -0.372  59.397 0.5000000000
82313  31.065  -2.161  58.858 0.5000000000
76189  38.774  -8.444  66.599 0.3750000000
80316  36.535  -4.393  60.303 0.5000000000
134599  36.264  -3.033  59.573 0.5000000000
81346  35.559  -3.076  59.607 0.6250000000
83256  35.287  -1.608  59.505 0.6250000000
130830  21.247  -10.571  82.793 0.8750000000
130774  22.312  -10.521  82.865 0.8750000000
73997  20.566  -10.527  83.303 0.8750000000
135397  19.833  -10.348  83.888 0.8750000000
74004  23.352  -10.467  82.520 0.7500000000
74003  24.366  -10.487  82.291 0.7500000000
75036  19.193  -9.915  84.381 0.8750000000
81140  12.147  -3.579  81.631 0.8750000000
73994  24.214  -10.191  83.345 0.7500000000
76012  18.407  -8.993  84.596 0.8750000000
142898  11.657  -3.202  80.939 0.8750000000
143770  10.299  -2.950  80.895 0.8750000000
131018  19.934  -7.789  78.226 1.0000000000
76998  17.846  -8.065  85.138 0.8750000000
80049  12.253  -4.349  83.557 0.8750000000
80050  11.544  -3.871  82.859 0.8750000000
151450  18.431  -7.488  76.414 0.6250000000
77037  18.488  -7.351  77.065 0.7500000000
77969  16.214  -7.061  85.703 0.8750000000
77975  15.485  -6.565  85.251 0.8750000000
78981  14.301  -5.712  84.686 0.8750000000
80044  12.820  -4.767  84.359 0.8750000000
81165  8.276  -3.147  79.849 0.8750000000
79057  17.024  -6.107  73.685 0.6250000000
131685  17.353  -6.821  73.966 0.5000000000
77049  17.743  -6.818  75.923 0.6250000000
140411  26.736  -10.916  79.898 0.8750000000
78975  14.696  -6.241  85.311 0.8750000000
78982  13.398  -5.467  85.233 0.8750000000
81178  7.351  -3.732  78.520 0.8750000000
81229  16.397  -3.484  69.907 0.5000000000
130310  16.438  -3.847  70.721 0.5000000000
143843  17.131  -5.446  74.276 0.5000000000
79028  17.294  -5.704  75.109 0.6250000000
130871  17.484  -5.994  76.025 0.6250000000
76051  23.135  -8.146  77.066 1.0000000000
77047  24.246  -7.830  76.295 1.0000000000
73019  26.471  -12.174  78.279 1.0000000000
79013  6.648  -5.370  77.002 0.8750000000
139179  16.458  -2.911  68.462 0.2500000000
79043  16.869  -5.241  73.452 0.5000000000
77057  24.507  -7.934  75.534 1.0000000000
71000  25.375  -12.983  76.373 1.0000000000
70993  25.497  -13.197  77.284 1.0000000000
78021  4.873  -6.616  75.545 0.8750000000
78005  5.526  -6.468  76.030 0.8750000000
83174  17.659  -1.752  66.879 0.1250000000
83189  17.828  -2.182  66.153 0.1250000000
79157  16.754  -4.679  66.870 0.3750000000
137742  25.356  -8.904  74.689 1.0000000000
78036  4.257  -6.746  75.100 0.8750000000
78035  5.348  -6.613  74.800 0.8750000000
83173  18.844  -1.341  66.356 0.1250000000
81263  16.795  -3.300  66.656 0.1250000000
80202  16.753  -4.064  66.505 0.2500000000
80201  17.092  -4.597  66.124 0.3750000000
79156  17.263  -5.354  66.545 0.3750000000
76086  24.984  -8.387  73.856 1.0000000000
72033  24.993  -12.868  75.070 1.0000000000
78051  5.957  -6.633  73.947 0.8750000000
78066  6.471  -6.604  72.943 0.8750000000
83188  18.490  -1.864  65.815 0.1250000000
82223  18.068  -2.473  65.362 0.1250000000
82224  17.417  -2.978  65.795 0.1250000000
79155  17.895  -5.815  66.182 0.5000000000
78136  18.627  -6.312  66.090 0.5000000000
74081  25.116  -10.189  73.112 1.0000000000
78067  5.428  -6.520  73.205 0.8750000000
83201  18.678  -2.041  64.986 0.1250000000
82234  18.390  -2.720  64.639 0.1250000000
80236  17.795  -4.089  64.850 0.2500000000
79175  18.401  -5.611  65.396 0.5000000000
78135  19.220  -6.176  65.411 0.6250000000
73065  24.588  -11.272  71.902 1.0000000000
71035  23.773  -13.570  72.776 1.0000000000
78078  5.878  -6.731  72.210 0.8750000000
78077  6.839  -6.684  71.977 0.8750000000
80235  18.306  -4.292  64.424 0.2500000000
79192  18.632  -5.066  64.626 0.5000000000
78146  19.890  -5.966  64.708 0.6250000000
72078  24.448  -12.337  71.545 1.0000000000
77144  6.813  -7.286  70.420 0.8750000000
80253  19.307  -4.153  63.315 0.2500000000
79191  19.353  -5.311  64.272 0.5000000000
79190  20.927  -5.828  64.207 0.6250000000
133412  24.029  -13.515  72.025 1.0000000000
77160  6.400  -7.712  69.698 0.8750000000
81294  19.785  -3.729  62.752 0.3750000000
80252  20.024  -4.537  62.936 0.5000000000
79206  21.395  -5.630  63.589 0.7500000000
71045  24.054  -13.178  71.272 1.0000000000
76146  6.954  -8.381  69.204 0.8750000000
152562  21.494  -5.049  62.378 0.6250000000
79205  22.104  -5.824  63.303 0.6250000000
75129  5.887  -9.747  68.552 0.8750000000
76164  6.476  -8.999  68.716 0.8750000000
79237  21.830  -4.897  61.800 0.6250000000
78161  22.807  -6.315  62.849 0.6250000000
74121  5.249  -10.508  68.456 0.8750000000
79236  22.400  -5.375  61.506 0.6250000000
78168  22.746  -6.068  61.865 0.6250000000
73103  4.853  -12.056  68.412 0.8750000000
79235  22.941  -5.807  61.035 0.5000000000
79260  23.544  -5.012  59.369 0.5000000000
79248  23.221  -5.449  60.170 0.5000000000
74172  7.539  -11.269  64.672 0.5000000000
74173  6.569  -11.364  64.953 0.6250000000
71073  3.857  -13.615  68.373 0.8750000000
68942  4.498  -14.484  68.887 0.8750000000
78184  23.901  -5.843  59.713 0.5000000000
73141  5.823  -11.508  65.194 0.6250000000
71123  5.207  -13.641  64.748 0.6250000000
72152  4.622  -12.862  65.126 0.7500000000
81236  45.024  -3.148  70.085 1.0000000000
81227  44.978  -3.437  70.937 1.0000000000
80145  43.958  -4.018  71.466 1.0000000000
148331  43.190  -4.337  71.172 0.8750000000
80161  41.938  -5.147  69.456 0.8750000000
79120  41.385  -5.350  68.715 0.8750000000
80341  25.113  -4.311  58.382 0.3750000000
79275  24.733  -4.890  58.540 0.6250000000
70051  5.370  -14.217  64.845 0.7500000000
71108  4.395  -13.428  65.407 0.7500000000
81220  45.465  -3.822  71.429 1.0000000000
81221  44.797  -3.873  71.624 1.0000000000
80137  44.369  -4.372  72.116 1.0000000000
80182  42.567  -4.732  67.379 0.8750000000
133509  42.004  -5.142  68.064 0.8750000000
79132  41.199  -5.384  67.746 0.8750000000
79133  40.543  -5.593  67.398 0.8750000000
83278  26.843  -2.014  58.824 0.3750000000
81371  25.478  -3.647  58.393 0.5000000000
79274  25.628  -5.014  58.343 0.6250000000
68972  5.171  -14.968  67.908 0.8750000000
81226  45.867  -3.319  70.708 1.0000000000
146834  46.118  -3.936  71.121 1.0000000000
80194  42.653  -4.595  66.301 0.8750000000
80195  42.103  -4.978  65.785 0.8750000000
79167  41.309  -5.408  65.761 0.8750000000
86211  30.587  1.775  61.486 0.2500000000
85207  30.008  0.999  60.576 0.3750000000
151817  28.489  0.544  60.713 0.3750000000
84242  27.693  -0.582  59.703 0.3750000000
145708  27.310  -2.539  58.529 0.5000000000
81370  26.404  -3.686  58.257 0.5000000000
70002  5.769  -14.817  65.966 0.7500000000
68986  6.175  -14.902  66.772 0.7500000000
78089  44.630  -5.927  69.554 0.7500000000
80228  42.264  -4.736  64.425 0.8750000000
80213  41.849  -5.054  65.045 0.8750000000
79183  41.041  -5.435  64.675 0.8750000000
79199  39.793  -5.875  63.506 0.8750000000
135285  31.280  1.745  61.280 0.2500000000
85206  30.907  0.823  60.082 0.5000000000
85223  29.971  0.403  59.797 0.5000000000
83260  28.115  -1.184  59.160 0.5000000000
83277  27.695  -1.916  58.788 0.5000000000
78097  43.873  -6.445  68.681 0.6250000000
77166  42.418  -7.252  68.769 0.6250000000
79212  41.120  -5.149  63.172 0.7500000000
79213  40.371  -5.475  62.821 0.7500000000
79229  38.625  -5.644  61.495 0.7500000000
86220  33.230  1.287  60.483 0.6250000000
85205  31.883  0.892  59.961 0.5000000000
76173  41.203  -8.140  67.187 0.5000000000
138418  39.601  -8.454  66.685 0.3750000000
155894  40.397  -4.451  60.673 0.6250000000
80291  39.816  -4.689  60.664 0.6250000000
79242  38.387  -5.237  60.824 0.5000000000
80315  37.380  -4.192  59.996 0.5000000000
84234  35.309  -0.727  59.754 0.6250000000
143398  34.716  -1.069  59.584 0.6250000000
85220  33.006  0.172  59.689 0.5000000000
85221  32.219  0.354  59.578 0.5000000000
76187  40.813  -8.451  66.636 0.1250000000
81345  36.768  -3.658  59.799 0.5000000000
146938  36.558  -2.325  59.571 0.5000000000
139707  51.240  -3.894  59.446 0.5000000000
81362  49.293  -2.653  58.913 0.2500000000
73996  21.626  -10.465  83.557 0.7500000000
73991  20.911  -10.345  84.098 0.8750000000
73995  23.351  -10.307  83.441 0.7500000000
73987  21.193  -9.903  84.590 0.7500000000
131243  25.192  -10.073  82.888 0.7500000000
76007  19.825  -9.084  85.262 0.7500000000
75032  18.792  -9.300  84.765 0.8750000000
81142  10.714  -3.485  82.280 0.8750000000
81155  10.863  -3.196  81.302 0.8750000000
74012  26.317  -10.362  81.297 0.8750000000
76004  18.669  -8.587  85.569 0.7500000000
152138  17.778  -8.036  85.572 0.8750000000
148801  11.561  -4.367  83.960 0.8750000000
81124  10.909  -4.244  83.904 0.8750000000
81157  8.448  -3.246  81.034 0.8750000000
77036  19.237  -7.652  77.519 0.7500000000
77961  17.026  -7.109  86.341 0.7500000000
77962  16.159  -6.989  86.105 0.8750000000
77970  14.670  -6.465  86.028 0.8750000000
81166  7.400  -3.479  79.447 0.8750000000
80140  16.476  -4.643  71.391 0.6250000000
77994  18.109  -6.829  77.286 0.6250000000
77028  18.557  -7.084  77.848 0.7500000000
74053  26.479  -10.720  78.409 1.0000000000
149470  26.622  -11.552  78.596 1.0000000000
77964  14.364  -6.239  86.443 0.8750000000
78976  14.014  -6.150  85.956 0.8750000000
80039  11.911  -4.635  85.304 0.8750000000
80078  6.787  -4.390  78.144 0.8750000000
81167  6.507  -4.012  79.064 0.8750000000
140294  16.623  -5.075  72.739 0.5000000000
77032  24.661  -7.977  76.865 1.0000000000
73020  26.223  -11.294  77.717 1.0000000000
72002  26.039  -12.769  77.865 1.0000000000
79023  5.183  -6.406  76.762 0.8750000000
79014  5.763  -5.924  77.276 0.8750000000
131346  16.671  -2.122  68.143 0.1250000000
81215  16.709  -3.620  72.551 0.3750000000
80123  16.821  -4.289  73.191 0.3750000000
80113  17.101  -4.568  74.050 0.5000000000
77046  24.914  -7.969  76.247 1.0000000000
78006  4.518  -6.579  76.240 0.8750000000
84111  22.944  -0.996  69.274 0.1250000000
83144  22.314  -1.203  68.587 0.1250000000
84137  19.965  -0.921  66.952 0.1250000000
132764  16.511  -3.794  71.724 0.3750000000
77070  25.091  -8.454  74.878 1.0000000000
71008  24.440  -13.232  74.872 1.0000000000
145528  25.338  -12.585  75.610 1.0000000000
78053  3.766  -6.636  74.549 0.8750000000
83125  25.092  -0.821  70.603 0.1250000000
83134  23.340  -1.200  69.308 0.1250000000
83155  22.006  -1.391  68.168 0.1250000000
83186  20.094  -1.395  66.005 0.1250000000
83172  19.601  -1.204  66.439 0.1250000000
75091  25.336  -9.560  73.557 1.0000000000
78037  3.146  -6.404  74.701 0.8750000000
78052  4.826  -6.582  74.235 0.8750000000
83117  26.990  -1.133  72.000 0.1250000000
83119  25.599  -0.574  71.203 0.1250000000
83142  23.913  -1.375  69.185 0.1250000000
83170  21.207  -1.372  67.280 0.1250000000
83199  19.968  -1.343  64.686 0.1250000000
76098  25.211  -8.873  73.335 1.0000000000
73056  25.145  -10.906  73.397 1.0000000000
135215  24.295  -13.227  73.383 1.0000000000
71022  23.687  -13.372  73.755 1.0000000000
131627  3.229  -6.361  73.877 0.8750000000
78068  4.250  -6.493  73.388 0.8750000000
84079  28.347  -1.177  72.661 0.1250000000
83131  25.927  -1.156  70.014 0.1250000000
83141  24.901  -1.077  69.123 0.1250000000
83154  22.858  -1.465  68.329 0.1250000000
83184  21.749  -1.325  66.465 0.1250000000
83185  20.950  -1.327  66.371 0.1250000000
82233  19.009  -2.264  64.224 0.1250000000
82245  18.756  -3.000  63.914 0.1250000000
73057  24.829  -11.079  72.749 1.0000000000
72066  24.643  -12.217  72.475 1.0000000000
71034  24.384  -13.174  72.634 1.0000000000
78069  3.304  -6.412  73.009 0.8750000000
131426  4.087  -6.540  72.403 0.8750000000
150511  4.935  -6.554  72.414 0.8750000000
77126  5.147  -6.829  71.383 0.8750000000
77125  6.301  -6.906  71.257 0.8750000000
85068  29.700  -0.381  73.282 0.1250000000
84078  29.019  -0.922  72.932 0.1250000000
84088  27.540  -0.868  71.155 0.1250000000
84103  26.741  -1.168  69.347 0.1250000000
83151  25.715  -0.958  68.326 0.1250000000
83167  23.722  -1.349  67.280 0.1250000000
83183  22.602  -1.259  66.407 0.1250000000
84153  21.593  -1.020  65.483 0.1250000000
84169  20.763  -0.940  64.062 0.2500000000
83208  19.622  -1.694  63.961 0.1250000000
135203  24.373  -13.033  71.984 1.0000000000
154373  4.592  -6.670  71.927 0.8750000000
77145  5.833  -7.220  70.440 0.8750000000
86044  32.851  1.441  74.598 0.1250000000
86045  31.981  1.250  74.372 0.1250000000
85074  31.055  1.000  73.075 0.1250000000
85075  30.325  0.461  72.685 0.1250000000
84094  28.769  -0.345  71.118 0.1250000000
84101  28.071  -0.621  69.834 0.1250000000
84168  21.624  -0.758  64.390 0.1250000000
83207  20.120  -1.743  63.290 0.2500000000
82244  19.509  -2.445  63.450 0.1250000000
86043  33.750  1.578  74.775 0.1250000000
86059  31.757  1.455  73.511 0.1250000000
85083  30.222  0.643  71.764 0.1250000000
85091  29.348  0.372  70.586 0.1250000000
85098  28.555  0.045  69.328 0.1250000000
84180  21.394  -0.799  63.551 0.2500000000
83215  21.259  -1.416  62.373 0.2500000000
82257  19.834  -2.926  62.777 0.2500000000
81293  20.330  -3.307  62.277 0.3750000000
86057  33.297  1.939  74.023 0.1250000000
86071  32.182  2.013  73.199 0.1250000000
86072  31.619  1.816  72.566 0.1250000000
86083  30.708  1.325  71.245 0.1250000000
86094  29.867  1.064  70.076 0.1250000000
82255  21.002  -2.100  62.012 0.2500000000
82269  20.848  -2.856  61.796 0.2500000000
81307  20.910  -3.669  61.803 0.5000000000
76147  5.916  -8.350  69.209 0.8750000000
87057  34.189  2.082  74.185 0.1250000000
87070  32.863  2.248  73.304 0.1250000000
87087  31.997  2.395  71.810 0.1250000000
86092  31.197  1.912  70.708 0.1250000000
86105  30.437  1.608  69.547 0.1250000000
81306  21.336  -3.177  61.231 0.3750000000
80285  21.599  -4.058  61.285 0.5000000000
75130  4.808  -9.691  68.605 0.8750000000
87069  33.739  2.395  73.386 0.1250000000
87103  33.738  3.017  71.906 0.1250000000
87104  32.843  2.671  71.840 0.1250000000
87122  31.681  2.516  70.199 0.1250000000
86116  30.235  1.822  68.680 0.1250000000
86130  29.410  1.552  67.453 0.1250000000
81328  22.302  -3.180  60.249 0.3750000000
80301  22.280  -4.087  60.469 0.5000000000
88113  34.255  3.340  71.198 0.1250000000
87120  33.222  3.091  71.030 0.1250000000
87158  31.442  2.706  68.462 0.1250000000
87159  30.747  2.347  68.151 0.1250000000
86142  29.342  1.597  66.605 0.1250000000
86159  28.602  1.196  65.347 0.1250000000
81354  22.788  -3.685  59.680 0.3750000000
75153  7.083  -9.332  66.182 0.6250000000
75173  6.651  -10.098  65.952 0.6250000000
141311  4.543  -11.274  68.406 0.8750000000
73104  3.742  -11.992  68.370 0.8750000000
88125  33.908  3.437  70.316 0.1250000000
88137  32.867  3.410  69.165 0.2500000000
87173  31.282  2.787  67.591 0.2500000000
87186  30.484  2.427  66.490 0.2500000000
86170  29.192  1.673  64.847 0.2500000000
86171  28.532  1.233  64.476 0.3750000000
81353  23.413  -3.346  59.242 0.3750000000
82306  22.853  -2.862  59.736 0.3750000000
80300  22.892  -4.573  59.819 0.5000000000
74155  7.958  -10.410  65.245 0.6250000000
74157  6.167  -10.829  65.529 0.6250000000
133842  3.362  -12.849  67.990 0.8750000000
88153  33.817  3.569  68.087 0.2500000000
88170  32.607  3.373  67.218 0.2500000000
87185  31.121  2.817  66.755 0.2500000000
87203  29.928  2.163  65.256 0.2500000000
146664  28.510  1.185  63.687 0.3750000000
85167  28.059  0.781  63.057 0.3750000000
82320  24.193  -2.965  58.910 0.3750000000
80321  23.355  -4.164  59.181 0.3750000000
74158  5.132  -11.255  65.751 0.7500000000
81244  44.991  -3.192  69.029 1.0000000000
80170  43.493  -4.193  69.281 1.0000000000
80159  43.452  -4.121  70.430 0.8750000000
88168  34.324  3.550  67.264 0.2500000000
88186  33.177  3.439  66.540 0.2500000000
149448  32.180  3.305  65.672 0.2500000000
87218  30.389  2.394  64.662 0.2500000000
86180  29.101  1.605  63.935 0.2500000000
84204  26.962  -0.212  60.847 0.3750000000
83262  26.362  -1.477  59.432 0.3750000000
83263  25.478  -1.691  59.614 0.3750000000
82304  24.905  -2.342  59.160 0.3750000000
81373  23.951  -3.788  58.781 0.3750000000
69983  3.625  -13.686  67.745 0.8750000000
81253  44.972  -3.382  67.911 1.0000000000
156754  44.129  -3.763  67.226 1.0000000000
152799  43.569  -4.183  68.086 0.8750000000
80171  42.725  -4.652  68.506 0.8750000000
87201  32.451  3.249  64.984 0.2500000000
87217  31.066  2.617  64.556 0.2500000000
87232  29.671  2.009  63.388 0.2500000000
86194  29.226  1.434  61.940 0.3750000000
85209  27.708  0.208  60.806 0.3750000000
84243  26.813  -0.708  60.019 0.3750000000
82319  25.115  -2.951  58.654 0.3750000000
70022  4.758  -14.203  65.512 0.7500000000
68988  4.571  -14.607  67.218 0.7500000000
131906  45.803  -2.857  69.824 1.0000000000
131134  44.441  -3.271  65.515 1.0000000000
137990  44.174  -3.558  66.189 0.8750000000
80211  43.385  -4.072  65.949 0.8750000000
141029  32.801  2.787  64.211 0.2500000000
87239  32.216  2.363  62.669 0.5000000000
133917  30.889  2.390  63.039 0.2500000000
85185  29.544  1.285  61.219 0.3750000000
84224  27.449  -0.221  60.258 0.3750000000
135562  4.275  -14.195  66.444 0.7500000000
80158  46.529  -4.404  70.319 0.8750000000
80227  43.025  -4.258  64.380 0.8750000000
80243  42.962  -4.212  63.581 0.8750000000
80245  41.860  -4.874  63.613 0.7500000000
134009  41.669  -4.782  62.539 0.7500000000
87236  34.765  2.408  62.393 0.5000000000
87237  34.017  2.382  62.243 0.5000000000
87251  32.569  2.124  61.791 0.5000000000
87253  31.057  2.149  61.790 0.2500000000
79119  44.721  -5.980  68.504 0.5000000000
77177  42.989  -6.938  68.280 0.5000000000
132601  43.828  -3.349  63.070 0.8750000000
80259  43.189  -3.913  62.960 0.8750000000
80273  42.137  -4.426  62.042 0.7500000000
80274  41.457  -4.514  61.488 0.7500000000
80261  40.907  -5.081  62.141 0.7500000000
86191  34.646  2.089  61.755 0.5000000000
155596  34.042  2.050  61.537 0.5000000000
87250  33.388  2.106  61.668 0.6250000000
86210  32.069  1.727  61.181 0.3750000000
78103  44.774  -5.962  67.417 0.5000000000
78096  44.184  -6.321  67.854 0.3750000000
148873  42.917  -7.119  67.556 0.5000000000
77179  41.581  -7.805  67.686 0.5000000000
81319  41.061  -3.498  60.193 0.6250000000
81320  40.274  -3.942  60.250 0.6250000000
81321  39.412  -4.155  60.129 0.6250000000
146921  38.327  -3.257  59.679 0.5000000000
81344  37.567  -3.480  59.707 0.5000000000
84221  36.110  -0.380  60.124 0.3750000000
84222  35.275  0.021  60.204 0.3750000000
86218  34.657  1.029  60.833 0.5000000000
86219  34.015  1.134  60.614 0.5000000000
77189  43.270  -6.941  66.940 0.2500000000
145947  42.940  -7.368  66.285 0.1250000000
76186  41.489  -8.278  66.373 0.1250000000
145269  40.929  -8.591  66.011 0.1250000000
76210  39.810  -8.572  65.427 0.1250000000
83254  37.717  -1.764  60.122 0.3750000000
145326  37.174  -1.225  60.140 0.5000000000
83255  36.538  -1.086  59.860 0.5000000000
76208  41.374  -8.437  65.502 0.1250000000
76209  40.627  -8.603  65.244 0.1250000000
76223  41.949  -8.184  64.901 0.1250000000
136836  40.071  -8.619  64.522 0.1250000000
81335  52.030  -3.905  60.000 0.3750000000
81336  50.318  -2.910  59.271 0.3750000000
132297  52.015  -4.379  59.315 0.5000000000
82290  49.366  -2.526  59.347 0.3750000000
81315  48.545  -2.782  59.965 0.1250000000
80331  51.827  -4.604  58.751 0.5000000000
80328  55.325  -4.507  58.567 1.0000000000
81388  57.814  -3.731  56.975 0.8750000000
81380  57.660  -3.724  57.151 0.8750000000
80327  56.478  -4.143  58.162 1.0000000000
82337  57.781  -3.367  56.853 0.8750000000
80351  57.572  -3.957  57.143 0.7500000000
80366  57.597  -3.971  56.665 0.8750000000
82354  59.109  -1.997  54.098 0.8750000000
75033  24.327  -9.308  83.622 0.7500000000
76011  23.499  -8.869  84.325 0.7500000000
76994  22.729  -8.128  84.665 0.7500000000
153174  24.795  -9.563  83.334 0.7500000000
133771  23.918  -9.630  84.014 0.7500000000
76006  21.850  -8.664  85.254 0.7500000000
132019  8.609  -3.795  83.950 0.8750000000
81133  8.063  -3.823  83.155 0.8750000000
81145  7.109  -3.825  82.711 0.8750000000
134609  6.615  -3.717  83.157 0.8750000000
130054  19.760  -7.424  79.037 0.8750000000
77026  20.743  -7.869  78.782 1.0000000000
76014  25.666  -9.328  82.476 0.7500000000
151852  20.617  -8.675  85.457 0.7500000000
77959  19.377  -6.919  86.172 0.7500000000
81125  9.011  -4.035  84.547 0.8750000000
81132  8.919  -3.662  83.240 0.8750000000
81144  8.016  -3.601  82.123 0.8750000000
77027  19.115  -7.291  78.421 0.8750000000
75045  26.615  -9.656  80.771 0.8750000000
74001  26.383  -9.875  81.699 0.8750000000
136656  18.486  -7.730  86.242 0.7500000000
76990  19.306  -7.977  86.128 0.7500000000
80041  10.444  -4.328  84.574 0.8750000000
81131  10.109  -4.063  83.893 0.8750000000
81143  8.977  -3.333  82.167 0.8750000000
132064  6.526  -4.002  81.934 0.8750000000
76031  26.492  -9.055  79.909 0.8750000000
74028  26.731  -10.278  80.301 0.8750000000
77956  16.200  -6.607  86.316 0.7500000000
77957  15.494  -6.512  86.294 0.8750000000
80040  11.346  -4.355  85.294 0.8750000000
81159  6.188  -4.264  81.035 0.8750000000
142771  17.599  -5.906  76.851 0.6250000000
77033  24.015  -7.905  77.166 1.0000000000
74042  26.771  -11.283  79.285 0.8750000000
156216  14.535  -5.297  86.590 0.7500000000
132428  13.430  -4.829  86.162 0.8750000000
80032  12.569  -4.700  85.781 0.8750000000
79007  4.317  -6.097  78.323 0.8750000000
80080  5.065  -5.391  78.847 0.8750000000
80072  4.907  -4.964  79.770 0.8750000000
139180  16.407  -2.836  69.493 0.2500000000
138451  16.391  -2.917  70.398 0.3750000000
80112  17.270  -4.831  74.860 0.5000000000
74054  25.939  -10.202  77.203 1.0000000000
80031  14.036  -5.558  86.447 0.8750000000
81108  12.832  -3.940  85.946 0.8750000000
79015  4.637  -6.339  77.494 0.8750000000
84139  18.448  -0.882  66.853 0.1250000000
84140  17.544  -1.169  67.456 0.1250000000
81206  17.119  -3.811  73.888 0.3750000000
76074  25.387  -8.673  75.579 1.0000000000
73039  25.522  -11.671  75.530 1.0000000000
72021  25.608  -12.190  76.371 1.0000000000
132071  3.473  -6.633  75.309 0.8750000000
78022  3.190  -6.494  75.936 0.8750000000
83143  22.771  -1.223  68.980 0.1250000000
83156  21.403  -1.241  67.905 0.1250000000
84124  20.703  -1.055  67.458 0.1250000000
82192  16.446  -2.101  70.034 0.3750000000
82185  16.438  -2.240  70.957 0.3750000000
81222  16.461  -3.058  71.288 0.3750000000
82176  17.285  -2.587  73.472 0.3750000000
146223  25.529  -9.710  74.511 1.0000000000
73043  25.394  -11.508  74.691 1.0000000000
72032  25.233  -12.259  74.883 1.0000000000
83118  26.219  -0.766  71.653 0.1250000000
85100  24.152  -0.313  70.040 0.1250000000
135331  16.487  -2.064  69.081 0.1250000000
83135  16.532  -1.220  69.675 0.2500000000
83120  16.554  -1.592  71.542 0.3750000000
82181  16.583  -2.429  71.826 0.3750000000
149651  16.890  -2.726  72.661 0.3750000000
74076  25.455  -10.377  73.844 1.0000000000
73049  25.345  -11.213  73.972 1.0000000000
143725  24.599  -12.766  73.850 1.0000000000
79063  2.522  -5.713  73.543 0.8750000000
78038  2.759  -6.028  74.574 0.8750000000
83116  27.592  -1.289  72.582 0.1250000000
83111  26.432  -0.940  72.416 0.1250000000
84099  16.606  -0.616  70.387 0.2500000000
84092  16.606  -0.769  71.259 0.2500000000
72043  25.015  -12.099  74.050 1.0000000000
72052  24.652  -12.586  73.264 1.0000000000
84071  28.965  -1.336  73.931 0.1250000000
84072  28.458  -1.391  73.389 0.1250000000
73050  24.907  -11.690  73.323 1.0000000000
78080  2.380  -5.924  72.360 0.8750000000
78079  3.106  -6.421  72.195 0.8750000000
85063  31.460  0.514  74.935 0.1250000000
85064  30.560  -0.032  74.623 0.1250000000
147114  30.433  0.233  73.637 0.1250000000
83166  24.680  -1.120  67.289 0.1250000000
84136  23.522  -1.159  66.360 0.1250000000
84152  22.340  -0.902  65.530 0.1250000000
77127  4.111  -6.754  71.558 0.8750000000
86028  33.293  1.061  75.396 0.1250000000
85062  32.334  0.917  75.227 0.1250000000
85067  31.241  0.746  73.988 0.1250000000
84109  27.364  -0.794  68.712 0.1250000000
84110  26.601  -0.916  68.484 0.1250000000
84121  25.576  -0.860  67.418 0.1250000000
84135  24.527  -0.983  66.228 0.1250000000
84150  24.031  -0.844  65.622 0.2500000000
84167  22.624  -0.622  64.489 0.2500000000
84179  22.179  -0.611  63.516 0.2500000000
78088  2.426  -6.035  71.631 0.8750000000
78087  3.169  -6.687  71.282 0.8750000000
77146  3.908  -7.210  70.702 0.8750000000
150133  4.517  -6.969  70.980 0.8750000000
84108  28.017  -0.510  68.968 0.1250000000
84119  27.187  -0.526  67.830 0.1250000000
136488  24.638  -0.724  65.161 0.2500000000
84166  23.512  -0.575  64.453 0.2500000000
84192  22.551  -0.666  62.653 0.2500000000
84193  21.663  -0.851  62.843 0.2500000000
139084  4.864  -7.247  70.460 0.8750000000
85105  29.039  0.771  68.824 0.1250000000
85106  28.435  0.219  68.447 0.1250000000
85113  28.282  0.395  67.572 0.1250000000
84162  26.806  -0.247  65.172 0.2500000000
131608  23.290  -0.481  63.490 0.2500000000
83214  21.995  -1.069  62.060 0.2500000000
83226  21.612  -1.671  61.608 0.3750000000
77161  5.395  -7.711  69.746 0.8750000000
87068  34.665  2.520  73.492 0.1250000000
85123  28.154  0.504  66.713 0.1250000000
85134  27.479  0.102  65.508 0.2500000000
84164  25.316  -0.660  64.519 0.2500000000
84178  24.318  -0.503  63.033 0.2500000000
84191  23.518  -0.630  62.461 0.2500000000
83225  22.294  -1.383  61.292 0.2500000000
76148  4.799  -8.409  69.308 0.8750000000
87066  36.603  2.435  73.574 0.1250000000
151335  36.047  2.874  72.758 0.1250000000
87101  35.652  3.233  71.900 0.1250000000
86117  29.529  1.444  68.327 0.1250000000
86131  28.733  1.104  67.076 0.1250000000
85133  28.101  0.538  65.852 0.1250000000
85143  26.677  -0.131  64.253 0.2500000000
84176  25.958  -0.472  63.939 0.2500000000
84190  24.382  -0.658  62.159 0.2500000000
84207  23.729  -0.916  61.717 0.2500000000
84208  22.844  -0.917  61.849 0.2500000000
83242  22.641  -1.730  60.619 0.3750000000
153230  38.417  2.352  72.363 0.1250000000
130222  37.120  2.924  71.858 0.1250000000
87100  36.470  3.227  71.410 0.1250000000
88124  34.925  3.491  70.492 0.1250000000
86143  28.689  1.116  66.213 0.1250000000
85142  27.366  0.271  64.594 0.2500000000
85155  26.564  -0.015  63.343 0.2500000000
84189  25.124  -0.515  62.578 0.2500000000
154306  24.418  -0.873  61.548 0.2500000000
83224  23.132  -1.235  61.141 0.2500000000
76219  7.764  -9.250  66.008 0.6250000000
76198  6.713  -8.608  66.465 0.6250000000
141165  3.387  -11.282  68.402 0.8750000000
87080  39.113  1.955  72.809 0.1250000000
131469  37.993  2.637  71.551 0.1250000000
87118  37.880  2.754  70.704 0.1250000000
88135  34.457  3.531  69.637 0.1250000000
135746  34.161  3.578  68.846 0.1250000000
85141  27.991  0.712  64.968 0.3750000000
85153  27.938  0.801  64.067 0.3750000000
130052  25.803  -0.370  62.110 0.3750000000
84226  24.772  -1.032  61.035 0.3750000000
83241  23.502  -1.634  60.550 0.3750000000
82282  23.061  -2.176  60.032 0.3750000000
132482  5.707  -10.303  66.112 0.6250000000
73105  2.755  -11.918  68.167 0.8750000000
72127  3.159  -12.674  67.712 0.8750000000
130713  39.545  2.071  71.417 0.1250000000
87117  38.699  2.388  70.788 0.1250000000
88123  35.844  3.430  70.135 0.1250000000
88152  34.664  3.583  68.160 0.1250000000
85168  27.235  0.327  62.738 0.2500000000
85169  26.505  -0.066  62.422 0.3750000000
138087  25.821  -0.520  61.413 0.3750000000
83240  25.142  -1.333  60.383 0.3750000000
144590  24.236  -2.390  59.457 0.3750000000
74159  3.961  -11.322  66.029 0.8750000000
73144  3.439  -12.044  66.071 0.8750000000
71085  3.098  -12.784  67.329 0.8750000000
88167  35.270  3.544  67.465 0.1250000000
88198  33.843  3.387  65.925 0.2500000000
156081  27.832  0.562  62.224 0.3750000000
84205  26.427  -0.264  61.560 0.3750000000
83239  25.928  -1.084  60.188 0.3750000000
83264  24.686  -1.879  59.874 0.3750000000
148888  3.637  -13.126  65.958 0.7500000000
81252  45.616  -2.909  67.580 1.0000000000
81261  44.916  -3.279  66.896 1.0000000000
87198  35.500  3.157  65.989 0.2500000000
71096  3.304  -13.115  66.692 0.8750000000
70003  3.665  -13.683  66.737 0.8750000000
82204  46.913  -1.989  67.995 1.0000000000
142455  44.918  -2.972  65.999 1.0000000000
81276  44.367  -3.271  64.851 0.8750000000
81270  43.892  -3.646  65.366 0.8750000000
132300  35.699  2.863  65.261 0.3750000000
87214  35.031  2.963  64.808 0.3750000000
82195  47.910  -2.285  69.210 0.8750000000
82189  47.864  -2.880  69.553 0.8750000000
82191  46.497  -2.640  69.339 1.0000000000
82231  45.481  -2.403  64.218 0.8750000000
82232  44.890  -2.815  64.475 0.8750000000
143165  43.740  -3.703  64.584 0.8750000000
86179  36.009  2.061  62.774 0.3750000000
139013  34.920  2.766  63.886 0.3750000000
154280  34.327  2.965  64.561 0.3750000000
80180  47.699  -3.951  68.320 0.7500000000
141342  47.130  -4.414  68.542 0.7500000000
80169  46.906  -4.503  69.318 0.7500000000
82253  44.639  -2.452  62.314 0.8750000000
82254  44.036  -2.962  62.264 0.7500000000
154318  42.963  -3.111  60.768 0.6250000000
81304  42.220  -4.014  61.378 0.7500000000
82281  41.785  -3.100  60.106 0.6250000000
85166  37.001  0.839  62.135 0.3750000000
85183  36.497  0.697  61.295 0.3750000000
86190  35.367  2.076  62.153 0.3750000000
79144  46.229  -4.954  66.964 0.6250000000
79131  45.559  -5.435  67.278 0.5000000000
78104  43.983  -6.453  67.050 0.5000000000
83249  42.594  -1.378  59.668 0.5000000000
82291  41.881  -2.192  59.650 0.5000000000
81340  41.234  -2.838  59.799 0.6250000000
83251  40.411  -1.927  59.651 0.5000000000
83253  38.596  -2.169  60.008 0.5000000000
83237  37.732  -0.997  60.613 0.3750000000
85199  36.776  0.121  60.721 0.3750000000
86189  36.102  1.386  61.942 0.3750000000
79145  45.626  -5.459  66.352 0.5000000000
141805  45.101  -5.794  66.650 0.2500000000
78114  44.524  -6.225  66.404 0.2500000000
77190  42.264  -7.850  66.381 0.1250000000
83238  36.988  -0.612  60.385 0.3750000000
78129  44.472  -6.414  65.482 0.1250000000
77201  43.204  -7.342  65.497 0.1250000000
76207  42.064  -8.101  65.705 0.1250000000
77207  43.277  -7.420  64.666 0.1250000000
77202  42.618  -7.772  65.152 0.1250000000
81314  51.174  -3.102  59.905 0.3750000000
82289  49.855  -2.565  59.378 0.3750000000
80308  53.827  -4.567  59.603 0.8750000000
80306  56.114  -4.058  58.966 1.0000000000
80307  54.965  -4.456  59.347 0.8750000000
80330  52.831  -4.650  59.006 0.5000000000
146950  47.208  -3.409  59.600 0.1250000000
81361  56.798  -3.579  58.314 1.0000000000
82326  57.640  -3.430  57.219 0.8750000000
81360  57.288  -3.357  57.605 0.8750000000
82338  57.186  -2.922  57.237 0.8750000000
82339  55.485  -2.585  56.843 0.8750000000
81395  57.722  -3.539  56.447 0.8750000000
82347  55.220  -2.449  55.987 0.8750000000
82348  54.127  -2.306  56.121 0.8750000000
82346  57.804  -3.129  56.092 0.8750000000
144215  55.765  -2.302  55.647 0.8750000000
83300  54.597  -1.994  55.362 0.7500000000
82351  58.025  -2.512  55.249 0.8750000000
83299  55.764  -1.884  55.128 0.7500000000
83308  53.840  -1.365  54.761 0.6250000000
82355  58.654  -2.402  54.247 0.8750000000
84283  55.399  -0.765  54.205 0.6250000000
84284  54.303  -0.731  54.199 0.6250000000
82358  58.791  -2.119  53.679 0.8750000000
82349  58.992  -2.054  54.317 0.8750000000
84281  58.249  -1.284  54.304 0.8750000000
84282  56.914  -1.121  54.278 0.6250000000
84296  53.828  -0.057  53.735 0.6250000000
84297  52.949  -0.048  53.749 0.5000000000
83315  58.638  -1.713  52.923 0.8750000000
77000  22.572  -7.045  84.186 0.7500000000
77003  22.998  -7.603  82.812 0.7500000000
76999  23.201  -7.708  83.944 0.7500000000
77002  23.578  -7.878  82.360 0.7500000000
76017  23.789  -8.319  83.472 0.7500000000
76002  21.325  -7.974  85.434 0.7500000000
81134  7.228  -3.625  83.501 0.8750000000
81128  6.631  -3.338  83.543 0.8750000000
76016  24.409  -8.558  82.831 0.7500000000
81121  8.481  -3.605  84.788 0.8750000000
81126  7.877  -3.538  84.051 0.8750000000
76041  21.750  -8.056  78.754 1.0000000000
151212  25.480  -8.507  81.257 0.8750000000
138687  17.828  -6.370  86.202 0.7500000000
82102  10.839  -3.480  85.503 0.8750000000
81120  9.221  -3.912  85.251 0.8750000000
154778  8.810  -3.418  85.310 0.8750000000
77025  22.634  -8.141  78.631 1.0000000000
76024  26.374  -8.951  80.571 0.8750000000
80029  15.911  -4.657  86.078 0.7500000000
81106  15.067  -4.578  86.240 0.7500000000
82100  12.263  -3.500  85.587 0.8750000000
82101  11.621  -3.470  85.525 0.8750000000
81111  10.737  -4.049  85.356 0.8750000000
80063  5.279  -4.562  80.806 0.8750000000
77995  17.799  -6.223  77.420 0.6250000000
79010  17.607  -5.404  77.463 0.3750000000
139110  26.712  -10.295  79.371 1.0000000000
81107  14.269  -4.662  86.260 0.7500000000
82107  12.871  -2.962  85.264 0.8750000000
80033  11.910  -4.354  85.515 0.8750000000
79000  4.058  -5.799  79.161 0.8750000000
150140  17.384  -5.078  75.675 0.5000000000
79019  17.497  -5.209  76.532 0.5000000000
77998  3.740  -6.441  77.128 0.8750000000
79016  3.822  -6.338  77.826 0.8750000000
84138  19.018  -0.571  66.667 0.1250000000
154362  17.981  -1.166  67.036 0.1250000000
81198  17.491  -3.569  75.561 0.3750000000
144105  25.647  -9.047  76.412 1.0000000000
138928  25.562  -10.829  75.612 1.0000000000
74061  25.621  -10.382  76.239 1.0000000000
79033  2.797  -6.171  75.497 0.8750000000
79024  2.887  -6.194  76.226 0.8750000000
85108  23.158  -0.449  69.090 0.1250000000
85117  22.046  -0.463  68.191 0.1250000000
84125  17.918  -0.389  67.253 0.1250000000
82175  17.567  -2.362  74.091 0.3750000000
74068  25.576  -10.078  75.466 1.0000000000
154042  25.509  -11.156  75.120 1.0000000000
80122  2.688  -5.369  73.871 0.8750000000
84082  25.761  -0.229  72.340 0.1250000000
84098  24.603  -0.490  70.514 0.1250000000
83145  16.690  -1.301  68.761 0.1250000000
83113  16.836  -1.843  72.370 0.3750000000
83112  17.222  -1.297  73.000 0.3750000000
74072  25.536  -10.685  74.714 1.0000000000
145665  16.690  -0.467  69.694 0.2500000000
85088  16.873  -0.020  70.943 0.2500000000
84091  16.992  -0.193  71.802 0.2500000000
84083  17.308  -0.424  72.637 0.2500000000
80135  2.317  -5.143  72.245 0.8750000000
79076  2.270  -5.565  72.730 0.8750000000
83103  28.484  -1.521  74.630 0.1250000000
85102  16.932  0.068  69.150 0.1250000000
85095  16.877  0.085  70.083 0.2500000000
85094  17.279  0.702  70.604 0.2500000000
79091  2.306  -5.439  71.945 0.8750000000
84063  29.766  -0.912  75.360 0.1250000000
85110  17.422  0.802  68.821 0.1250000000
86111  17.784  1.466  69.313 0.1250000000
86099  17.725  1.468  70.236 0.2500000000
80143  2.304  -5.140  71.566 0.8750000000
84120  26.434  -0.689  67.587 0.1250000000
84134  25.447  -0.787  66.469 0.1250000000
79104  2.233  -5.455  71.039 0.8750000000
77147  2.954  -7.153  70.562 0.8750000000
86042  34.650  1.617  74.973 0.1250000000
84133  26.288  -0.586  66.685 0.1250000000
84149  25.388  -0.694  65.491 0.2500000000
84165  24.344  -0.584  64.134 0.2500000000
149759  2.471  -6.333  70.806 0.8750000000
77162  4.297  -7.807  69.894 0.8750000000
87055  36.257  1.857  74.541 0.1250000000
84118  27.851  -0.257  68.117 0.1250000000
85114  27.671  -0.054  67.244 0.1250000000
84147  26.944  -0.351  66.052 0.1250000000
84163  26.082  -0.540  64.848 0.2500000000
133330  2.194  -6.018  70.096 0.8750000000
146378  3.444  -7.641  70.128 0.8750000000
76149  3.400  -8.225  69.586 0.8750000000
76167  2.982  -8.907  68.967 0.8750000000
86056  37.291  1.810  74.327 0.1250000000
85124  27.577  0.004  66.370 0.1250000000
76166  3.886  -8.738  69.172 0.8750000000
75131  3.628  -9.561  68.720 0.8750000000
87064  38.367  2.109  73.186 0.1250000000
77195  7.258  -7.779  66.521 0.6250000000
74122  2.877  -10.542  68.497 0.8750000000
87098  39.807  1.820  72.324 0.1250000000
88111  35.760  3.415  70.994 0.1250000000
133129  6.691  -7.225  66.615 0.6250000000
76199  5.797  -8.672  66.568 0.6250000000
76200  4.753  -8.692  66.531 0.7500000000
142792  4.104  -10.459  68.497 0.8750000000
73106  2.337  -11.359  68.231 0.8750000000
87079  41.450  1.598  72.930 0.1250000000
88122  36.583  3.315  70.604 0.1250000000
88133  36.711  3.339  69.758 0.1250000000
75155  5.237  -9.553  66.400 0.6250000000
75156  4.147  -9.617  66.384 0.7500000000
74144  3.558  -10.507  66.328 0.8750000000
72116  2.735  -12.159  67.870 0.8750000000
87114  41.385  1.837  71.162 0.1250000000
87116  39.573  2.025  70.522 0.1250000000
87137  38.100  2.574  69.994 0.1250000000
148091  36.798  3.323  69.008 0.1250000000
88150  36.374  3.344  68.366 0.1250000000
87115  40.411  1.809  70.367 0.1250000000
86103  39.810  1.656  69.063 0.1250000000
87154  38.624  2.080  68.780 0.1250000000
87156  37.150  2.926  68.409 0.1250000000
87171  36.644  2.947  67.597 0.1250000000
73130  2.740  -11.923  66.671 0.8750000000
72141  2.765  -12.444  67.009 0.8750000000
86115  38.331  1.952  67.912 0.2500000000
87170  37.483  2.305  67.569 0.2500000000
87184  36.815  2.460  66.783 0.3750000000
83165  47.039  -1.514  66.717 1.0000000000
82220  46.333  -2.095  66.511 1.0000000000
82221  45.685  -2.427  65.671 1.0000000000
86140  38.670  1.364  66.505 0.3750000000
140789  38.031  1.360  65.247 0.3750000000
136468  36.415  2.297  65.003 0.3750000000
87213  35.701  2.631  64.443 0.3750000000
83149  48.251  -1.349  68.031 0.8750000000
83150  47.408  -1.507  67.640 1.0000000000
83181  46.604  -1.711  65.717 1.0000000000
135042  44.936  -2.410  63.009 0.8750000000
86168  37.784  1.279  64.466 0.3750000000
86178  36.509  1.895  63.536 0.3750000000
83138  48.498  -1.979  68.614 0.7500000000
155510  45.762  -1.582  62.306 0.8750000000
83213  44.836  -2.006  61.559 0.7500000000
83232  43.511  -1.488  60.045 0.5000000000
136478  38.329  0.504  63.007 0.3750000000
85165  37.522  0.869  62.944 0.3750000000
86188  36.741  1.411  62.821 0.3750000000
81250  48.873  -2.825  67.684 0.7500000000
80191  47.655  -4.008  67.293 0.7500000000
132850  44.680  -0.457  60.076 0.6250000000
83231  44.399  -1.163  60.390 0.6250000000
83248  43.142  -0.671  59.607 0.5000000000
84230  42.350  -0.536  59.572 0.5000000000
147937  41.953  -1.342  59.545 0.5000000000
84232  40.647  -1.082  59.909 0.3750000000
83234  39.908  -1.552  60.029 0.3750000000
84202  38.832  -0.364  61.707 0.3750000000
85181  37.823  0.393  62.294 0.3750000000
81259  48.282  -3.454  66.993 0.7500000000
80209  47.555  -3.998  66.304 0.7500000000
79165  45.635  -5.531  65.457 0.3750000000
79146  45.075  -5.932  65.866 0.2500000000
80225  46.779  -4.399  64.859 0.2500000000
79181  45.589  -5.510  64.588 0.2500000000
78130  43.877  -6.936  65.069 0.1250000000
79195  45.469  -5.414  63.715 0.1250000000
78140  44.474  -6.507  64.594 0.1250000000
79196  44.903  -5.924  63.263 0.1250000000
78149  44.426  -6.500  63.722 0.1250000000
78141  43.885  -6.997  64.193 0.1250000000
145724  53.408  -3.643  60.965 0.8750000000
81312  52.794  -3.887  60.616 0.6250000000
82275  50.443  -2.603  59.844 0.5000000000
82277  49.143  -2.578  60.651 0.2500000000
81316  47.738  -3.196  60.473 0.1250000000
80257  46.209  -4.150  62.026 0.1250000000
80258  45.750  -4.690  62.389 0.1250000000
81334  54.637  -4.100  60.060 0.8750000000
80271  46.228  -3.950  61.066 0.1250000000
79225  45.221  -5.135  61.805 0.1250000000
81333  55.659  -3.770  59.642 1.0000000000
80288  46.363  -3.936  59.760 0.1250000000
82311  56.808  -2.911  58.594 1.0000000000
82328  55.116  -2.410  57.715 0.8750000000
138667  56.452  -2.677  57.703 0.8750000000
83312  59.173  -1.580  54.115 0.8750000000
84292  58.956  -0.962  54.148 0.8750000000
84293  57.705  -0.478  53.913 0.8750000000
84294  56.088  -0.021  53.778 0.6250000000
84295  54.789  -0.033  53.749 0.5000000000
85268  54.246  0.694  53.441 0.5000000000
150654  52.712  0.590  53.407 0.5000000000
83314  59.178  -1.449  53.584 0.8750000000
85265  58.657  0.142  53.610 0.8750000000
85266  57.201  0.579  53.607 0.5000000000
85267  56.030  0.919  53.486 0.5000000000
86287  53.008  1.122  53.070 0.5000000000
83318  58.984  -1.113  52.601 0.8750000000
140399  22.516  -7.036  83.284 0.7500000000
77966  21.414  -5.828  85.118 0.7500000000
151977  21.333  -7.731  79.504 1.0000000000
78966  19.139  -5.901  85.720 0.7500000000
81127  7.186  -3.180  84.074 0.8750000000
81146  6.073  -4.023  82.646 0.8750000000
77021  20.437  -7.485  79.665 1.0000000000
76021  24.173  -7.978  81.761 0.7500000000
76020  25.178  -8.597  82.136 0.7500000000
82110  10.206  -2.797  85.532 0.8750000000
82111  9.194  -3.071  85.529 0.8750000000
82121  7.794  -3.082  84.653 0.8750000000
81136  5.535  -3.901  82.681 0.8750000000
80056  5.645  -4.344  81.818 0.8750000000
148506  19.071  -6.931  79.125 0.8750000000
76026  25.260  -8.245  80.484 1.0000000000
82108  12.067  -2.696  85.083 0.7500000000
82109  11.143  -2.710  85.383 0.8750000000
83037  10.042  -1.312  84.714 0.8750000000
83028  8.750  -2.191  85.161 0.8750000000
80057  4.677  -4.532  81.416 0.8750000000
77991  18.179  -6.472  78.009 0.7500000000
143968  25.605  -8.458  78.363 1.0000000000
76032  26.058  -8.538  79.900 1.0000000000
82105  15.598  -2.959  84.767 0.7500000000
132583  13.661  -2.437  84.704 0.7500000000
82120  12.882  -2.212  84.486 0.7500000000
83025  11.496  -2.092  84.836 0.7500000000
133500  10.666  -1.132  84.315 0.8750000000
79008  3.576  -6.083  78.496 0.8750000000
80073  3.813  -5.443  80.041 0.8750000000
76050  24.947  -8.164  77.810 1.0000000000
75058  26.317  -9.753  78.281 1.0000000000
82118  15.333  -2.341  84.035 0.7500000000
82119  14.421  -2.169  84.045 0.7500000000
83035  12.810  -1.643  83.716 0.6250000000
79017  3.093  -6.122  76.812 0.8750000000
79009  3.168  -5.723  78.704 0.8750000000
79002  2.822  -5.678  79.625 0.8750000000
80100  17.490  -4.324  76.107 0.6250000000
147650  25.063  -8.212  76.952 1.0000000000
75073  25.620  -9.734  76.283 1.0000000000
82127  14.197  -1.908  83.287 0.6250000000
83034  13.593  -1.933  83.864 0.6250000000
80111  2.845  -5.757  75.722 0.8750000000
80099  2.919  -5.868  76.563 0.8750000000
140483  3.196  -5.798  77.541 0.8750000000
84126  17.388  -0.432  67.811 0.1250000000
81210  17.359  -3.062  74.188 0.3750000000
79049  2.860  -5.592  74.814 0.8750000000
80110  3.426  -5.168  75.972 0.8750000000
83106  17.487  -1.910  73.608 0.3750000000
80128  2.679  -4.867  73.327 0.8750000000
139450  2.972  -4.971  74.177 0.8750000000
80121  3.269  -5.137  75.048 0.8750000000
80133  3.427  -4.502  72.727 0.8750000000
86089  17.765  1.395  71.142 0.2500000000
80142  2.555  -4.869  71.521 0.8750000000
85053  31.713  0.269  75.968 0.1250000000
80154  2.812  -4.562  70.418 0.8750000000
85051  33.867  0.656  76.135 0.1250000000
85052  32.802  0.475  76.268 0.1250000000
80155  2.348  -4.975  70.749 0.8750000000
86041  35.590  1.524  75.218 0.1250000000
77148  2.283  -6.933  70.084 0.8750000000
77163  2.716  -7.656  69.875 0.8750000000
86054  39.199  1.659  73.880 0.1250000000
75132  2.471  -9.818  68.577 0.8750000000
86069  40.800  1.637  73.581 0.1250000000
78125  6.518  -6.478  66.622 0.7500000000
131719  5.951  -7.141  66.685 0.7500000000
74123  2.003  -10.757  68.278 0.8750000000
77196  6.321  -7.879  66.637 0.7500000000
131718  4.990  -7.004  66.682 0.7500000000
148425  3.457  -8.718  66.466 0.8750000000
146853  3.150  -9.751  66.426 0.8750000000
74146  1.876  -10.499  66.921 0.8750000000
74132  1.614  -10.505  67.409 0.8750000000
74145  2.512  -10.495  66.576 0.8750000000
73131  2.158  -11.243  66.923 0.8750000000
154325  1.983  -11.400  67.469 0.8750000000
145543  42.201  2.252  70.495 0.1250000000
86112  40.356  1.632  68.667 0.2500000000
86114  38.980  1.631  68.216 0.2500000000
87153  40.972  1.788  68.141 0.2500000000
86138  40.075  1.503  67.068 0.2500000000
86139  39.378  1.377  66.838 0.2500000000
83164  47.778  -1.048  67.175 1.0000000000
156045  47.043  -1.330  65.434 1.0000000000
83197  46.726  -1.471  64.732 0.8750000000
154330  40.824  1.865  65.660 0.2500000000
130001  39.424  1.203  65.051 0.3750000000
84131  48.182  -0.635  66.694 0.8750000000
146753  46.622  -1.120  62.952 0.7500000000
83212  46.236  -1.174  62.142 0.7500000000
87225  41.481  2.304  63.526 0.3750000000
86174  40.794  1.620  64.005 0.3750000000
86176  39.711  1.021  64.320 0.3750000000
85151  38.790  0.654  63.678 0.3750000000
84130  48.808  -0.588  67.017 0.8750000000
83221  45.482  -1.463  61.606 0.7500000000
85215  45.140  0.967  59.354 0.5000000000
85216  44.185  0.671  59.410 0.5000000000
149089  42.671  2.276  60.295 0.3750000000
87248  42.366  2.552  61.141 0.3750000000
87235  41.657  2.241  62.570 0.3750000000
152566  40.300  0.565  62.217 0.3750000000
132912  39.223  0.364  62.966 0.3750000000
82203  49.135  -2.049  68.159 0.8750000000
83230  45.156  -0.944  60.736 0.6250000000
84228  44.904  0.246  59.718 0.5000000000
84229  43.593  0.001  59.487 0.5000000000
85196  42.394  0.534  59.673 0.3750000000
86217  41.789  1.173  60.320 0.3750000000
85198  40.779  0.159  60.579 0.3750000000
85180  39.884  0.073  61.856 0.3750000000
84187  39.295  0.016  62.178 0.3750000000
81258  48.786  -2.958  66.643 0.7500000000
81269  48.113  -3.429  66.008 0.7500000000
81268  48.630  -3.028  65.639 0.7500000000
81275  47.917  -3.411  65.101 0.6250000000
80240  46.857  -4.113  64.146 0.2500000000
80226  46.149  -4.832  64.173 0.2500000000
82273  55.114  -2.831  60.677 1.0000000000
81311  54.314  -3.455  60.745 1.0000000000
81288  47.361  -3.382  62.596 0.3750000000
81289  46.966  -3.812  63.347 0.2500000000
80241  46.416  -4.405  63.556 0.1250000000
81313  51.969  -3.447  60.838 0.7500000000
82276  49.873  -2.411  60.073 0.5000000000
81302  46.738  -3.599  61.776 0.1250000000
139648  46.321  -4.326  62.856 0.1250000000
79210  45.325  -5.289  62.814 0.1250000000
81310  55.361  -3.323  60.254 1.0000000000
81317  46.879  -3.499  60.752 0.1250000000
147907  56.092  -3.076  59.790 0.8750000000
82288  56.320  -2.602  59.370 1.0000000000
82312  55.170  -1.822  58.553 0.8750000000
84301  59.407  -0.558  52.936 0.8750000000
154083  58.813  0.808  53.360 0.8750000000
149017  55.433  1.596  53.151 0.5000000000
86286  53.856  1.301  53.048 0.5000000000
86304  53.353  1.577  52.549 0.5000000000
140646  52.477  1.369  52.476 0.5000000000
77976  21.268  -6.242  83.127 0.7500000000
77980  20.370  -6.217  82.432 0.7500000000
77971  22.082  -6.415  83.745 0.7500000000
77965  22.014  -6.428  84.568 0.7500000000
81135  6.072  -3.651  83.078 0.8750000000
151549  21.835  -6.698  82.873 0.7500000000
78977  21.085  -5.241  84.595 0.7500000000
78973  20.284  -5.083  85.208 0.7500000000
83041  7.032  -2.254  83.878 0.8750000000
82123  6.745  -2.892  83.855 0.8750000000
77008  21.946  -7.241  82.125 0.7500000000
151636  20.043  -4.310  84.850 0.7500000000
80036  17.960  -4.198  84.960 0.7500000000
82122  7.290  -2.616  84.338 0.8750000000
82128  6.074  -3.157  83.334 0.8750000000
82129  5.437  -3.484  82.805 0.8750000000
77013  22.664  -7.605  80.815 1.0000000000
77006  23.306  -7.681  81.441 0.8750000000
81115  17.940  -3.430  84.678 0.6250000000
144950  17.500  -3.123  84.589 0.7500000000
83038  9.245  -1.099  84.651 0.8750000000
83039  8.319  -1.391  84.606 0.8750000000
81137  4.623  -3.890  82.355 0.8750000000
81148  3.685  -4.045  81.883 0.8750000000
131595  22.258  -7.868  79.335 1.0000000000
77019  22.900  -7.724  79.927 1.0000000000
76039  25.497  -8.279  79.084 1.0000000000
82116  17.521  -2.489  84.104 0.6250000000
82104  16.607  -3.097  84.629 0.7500000000
83036  11.441  -1.365  84.174 0.7500000000
83985  11.023  -0.749  83.591 0.7500000000
149292  3.623  -5.072  80.954 0.8750000000
80059  2.268  -4.486  81.117 0.8750000000
79003  18.160  -5.981  78.790 0.6250000000
77992  17.834  -5.932  78.035 0.5000000000
140201  24.069  -8.192  78.039 1.0000000000
77023  24.569  -8.127  78.794 1.0000000000
82117  16.344  -2.438  84.005 0.7500000000
83051  11.753  -1.009  83.238 0.7500000000
80082  2.560  -5.302  79.373 0.8750000000
80074  2.126  -5.072  79.885 0.8750000000
81160  1.676  -3.989  80.628 0.7500000000
81182  17.620  -3.565  77.523 0.5000000000
81190  17.585  -3.369  76.516 0.6250000000
76049  25.499  -8.560  77.445 1.0000000000
153288  25.741  -9.509  76.816 1.0000000000
82126  15.056  -1.988  83.131 0.6250000000
83048  14.398  -1.690  82.504 0.6250000000
80081  2.919  -5.280  78.449 0.8750000000
81181  2.159  -4.721  79.536 0.8750000000
82170  17.709  -2.711  75.687 0.5000000000
83061  13.807  -1.402  81.794 0.6250000000
80109  4.697  -4.462  76.153 0.8750000000
80091  3.591  -4.756  77.651 0.8750000000
83101  17.767  -1.710  74.424 0.3750000000
149271  3.903  -4.613  74.416 0.8750000000
145995  4.213  -4.619  75.270 0.8750000000
84076  17.652  -0.621  73.440 0.2500000000
80132  4.550  -4.253  72.965 0.8750000000
80126  4.756  -4.320  73.795 0.8750000000
85079  18.192  0.973  72.814 0.2500000000
86063  18.764  1.553  73.349 0.2500000000
87074  19.210  2.434  73.148 0.2500000000
80141  3.345  -4.488  71.848 0.8750000000
86088  18.466  2.038  71.688 0.1250000000
87090  19.208  2.822  72.231 0.1250000000
80153  3.294  -4.437  71.038 0.8750000000
139708  35.060  1.154  75.769 0.1250000000
86098  18.379  2.227  70.789 0.1250000000
88116  19.361  3.625  70.909 0.1250000000
80168  2.538  -4.657  69.614 0.8750000000
144044  36.441  1.413  75.485 0.1250000000
86027  36.004  1.196  76.145 0.1250000000
85038  35.220  0.873  76.536 0.1250000000
88129  19.314  4.098  70.387 0.1250000000
86039  37.963  1.438  74.964 0.1250000000
78095  1.975  -6.676  69.316 0.8750000000
76151  2.089  -7.534  69.405 0.8750000000
76150  2.479  -8.269  69.256 0.8750000000
86053  40.087  1.670  74.124 0.1250000000
76168  2.154  -9.056  68.657 0.8750000000
78126  5.600  -6.312  66.663 0.7500000000
130587  4.642  -6.114  66.681 0.7500000000
131732  3.831  -6.794  66.645 0.7500000000
77197  4.312  -7.784  66.603 0.8750000000
153337  2.998  -6.981  66.601 0.8750000000
76201  2.527  -8.224  66.581 0.8750000000
75143  1.534  -9.727  67.255 0.8750000000
143813  1.563  -8.394  67.970 0.8750000000
87182  40.620  1.764  66.377 0.2500000000
84160  47.988  -0.483  64.727 1.0000000000
84161  47.278  -0.884  64.247 1.0000000000
84175  47.140  -0.735  63.374 0.8750000000
152464  41.203  2.175  65.998 0.2500000000
84145  48.734  -0.308  66.288 1.0000000000
84146  48.060  -0.544  65.712 1.0000000000
84186  46.910  -0.664  62.509 0.7500000000
84213  46.290  -0.160  60.666 0.7500000000
87224  42.154  2.819  63.062 0.3750000000
87212  41.351  2.334  64.472 0.2500000000
84129  49.330  -0.573  66.717 0.8750000000
149113  45.863  1.163  59.278 0.7500000000
87266  44.994  2.217  59.189 0.5000000000
88247  43.953  3.011  59.827 0.3750000000
88237  42.897  2.981  60.727 0.3750000000
88228  42.715  3.149  61.597 0.3750000000
83179  49.895  -1.654  66.700 0.7500000000
86232  43.675  1.344  59.416 0.3750000000
87258  43.317  2.675  60.000 0.3750000000
82219  49.326  -2.557  66.246 0.7500000000
155175  47.318  -3.847  64.738 0.6250000000
82251  48.790  -2.825  63.036 0.7500000000
81279  48.305  -3.125  63.755 0.6250000000
81280  47.643  -3.511  64.164 0.3750000000
82266  48.923  -2.602  61.870 0.5000000000
146816  48.028  -3.090  63.047 0.5000000000
144561  47.662  -3.367  63.403 0.3750000000
82264  50.829  -2.625  61.473 0.6250000000
82249  50.459  -2.475  62.320 0.6250000000
81300  48.295  -2.844  61.187 0.2500000000
82272  55.829  -2.457  60.105 0.8750000000
83246  55.794  -1.707  59.649 1.0000000000
83271  55.545  -1.313  59.312 1.0000000000
85302  59.323  0.242  52.148 0.8750000000
147623  59.376  0.778  52.383 0.7500000000
86303  54.484  1.849  52.739 0.5000000000
85301  59.404  1.079  51.676 0.8750000000
85284  59.425  0.146  52.881 0.8750000000
86284  58.080  1.273  53.389 0.8750000000
86285  56.652  1.485  53.313 0.5000000000
155906  53.883  1.719  52.641 0.5000000000
84313  58.791  -0.171  51.333 0.8750000000
84304  59.051  -0.454  52.195 0.8750000000
155324  52.345  1.583  51.896 0.5000000000
85315  59.181  0.564  51.047 0.8750000000
85316  58.479  0.112  50.410 0.8750000000
78983  20.769  -5.597  83.410 0.7500000000
78984  20.497  -4.979  83.687 0.7500000000
78978  20.534  -4.677  84.725 0.7500000000
83053  6.529  -2.195  82.979 0.8750000000
81113  19.549  -2.595  84.482 0.6250000000
83989  8.023  -0.779  83.983 0.8750000000
133985  6.737  -1.186  82.337 0.7500000000
83054  5.512  -2.599  82.619 0.7500000000
84013  4.112  -0.896  81.444 0.7500000000
77988  18.658  -6.386  79.628 0.7500000000
77016  19.550  -6.933  79.892 0.8750000000
77020  21.964  -7.628  80.151 1.0000000000
77014  21.775  -7.496  81.083 0.8750000000
83032  17.108  -1.925  83.455 0.6250000000
83987  9.310  0.038  84.087 0.7500000000
83988  8.719  -0.365  84.260 0.8750000000
83052  7.375  -1.316  83.075 0.8750000000
82133  3.692  -3.251  81.937 0.8750000000
82134  2.777  -2.512  81.652 0.7500000000
83033  16.057  -1.926  83.330 0.6250000000
83047  15.850  -1.586  82.617 0.6250000000
83996  10.678  -0.096  83.123 0.7500000000
84974  9.893  0.365  83.425 0.7500000000
82135  1.870  -2.735  81.388 0.7500000000
78998  17.958  -5.258  79.027 0.6250000000
81171  17.710  -3.736  78.396 0.6250000000
77024  23.543  -8.148  78.650 1.0000000000
77018  23.894  -7.990  79.575 1.0000000000
149549  15.140  -1.679  82.347 0.6250000000
83060  14.709  -1.458  81.669 0.6250000000
83994  12.049  -0.853  82.366 0.6250000000
83995  11.371  -0.492  82.723 0.7500000000
80066  1.797  -4.480  79.946 0.8750000000
83089  18.858  -1.642  76.570 0.3750000000
84009  11.624  -0.395  81.793 0.6250000000
135715  3.371  -4.405  78.357 0.8750000000
81180  2.648  -4.420  78.952 0.8750000000
81169  1.657  -3.561  79.922 0.7500000000
84061  18.789  -0.662  75.554 0.3750000000
130920  3.588  -3.510  78.650 0.8750000000
82149  2.769  -3.292  79.121 0.8750000000
85065  18.684  0.618  74.465 0.3750000000
80120  4.979  -4.348  74.634 0.8750000000
81189  5.229  -3.574  77.318 0.8750000000
81179  4.356  -3.732  78.033 0.8750000000
81209  5.686  -3.931  74.112 0.8750000000
81219  4.382  -4.142  72.118 0.8750000000
131996  19.419  4.046  71.570 0.1250000000
137418  19.363  3.474  71.668 0.1250000000
137284  4.301  -4.017  71.112 0.8750000000
89069  19.185  4.377  71.059 0.1250000000
89070  18.453  4.816  71.524 0.1250000000
81232  3.658  -4.022  70.237 0.8750000000
81233  3.108  -4.055  69.399 0.8750000000
89078  18.916  4.441  70.228 0.1250000000
81240  4.034  -3.618  69.295 0.7500000000
135569  2.245  -4.879  68.761 0.8750000000
79117  2.229  -5.179  69.923 0.8750000000
89087  18.616  4.633  69.465 0.1250000000
152247  2.133  -5.699  69.030 0.8750000000
77175  1.863  -8.213  68.721 0.8750000000
141605  6.444  -3.546  66.369 0.7500000000
79160  6.117  -5.430  66.611 0.7500000000
79161  5.230  -5.584  66.663 0.7500000000
131314  4.368  -5.116  66.738 0.8750000000
80205  5.923  -4.234  66.509 0.7500000000
80206  5.160  -3.868  66.644 0.7500000000
155657  4.592  -4.309  66.740 0.8750000000
130350  3.590  -5.764  66.719 0.8750000000
77199  2.394  -7.197  66.748 0.8750000000
77200  1.887  -8.264  66.850 0.8750000000
84185  47.585  -0.294  62.936 0.8750000000
85163  48.133  0.017  62.408 0.8750000000
85176  47.873  0.163  61.454 0.8750000000
85194  46.776  0.447  60.239 0.7500000000
84159  48.790  0.011  65.286 1.0000000000
85162  48.981  0.311  62.768 1.0000000000
85192  48.436  0.608  60.937 0.8750000000
86239  47.661  2.136  58.792 0.7500000000
85214  46.530  1.025  59.504 0.6250000000
87265  45.402  2.715  59.121 0.5000000000
88234  45.052  3.784  59.778 0.3750000000
84158  49.617  0.238  65.273 1.0000000000
85148  50.020  0.526  63.994 1.0000000000
88244  46.248  3.625  59.072 0.5000000000
89167  45.746  4.085  59.575 0.5000000000
84157  51.041  -0.335  65.326 0.8750000000
85136  50.768  0.186  64.940 1.0000000000
140231  50.554  0.699  63.575 1.0000000000
82228  50.554  -2.220  64.683 0.8750000000
145111  49.731  -2.429  65.649 0.7500000000
135687  51.676  -2.189  63.476 0.8750000000
151838  49.491  -2.583  63.373 0.7500000000
82240  49.115  -2.797  64.135 0.7500000000
82261  53.236  -2.604  62.020 1.0000000000
82248  51.383  -2.505  62.436 0.8750000000
82250  49.601  -2.507  62.524 0.7500000000
82260  54.360  -2.677  61.184 1.0000000000
81298  53.637  -3.150  61.407 1.0000000000
81299  52.792  -3.213  61.459 1.0000000000
83228  55.684  -1.647  60.109 1.0000000000
83229  55.225  -2.121  60.601 1.0000000000
84211  55.559  -0.687  59.921 1.0000000000
83247  55.563  -0.830  59.737 1.0000000000
135318  54.492  -1.130  58.731 0.8750000000
85283  59.365  1.509  52.250 0.7500000000
132787  59.304  1.007  52.831 0.8750000000
86301  57.326  2.148  53.102 0.7500000000
87324  56.202  2.253  52.927 0.5000000000
86302  55.265  2.410  52.640 0.5000000000
87326  53.850  2.173  52.209 0.5000000000
87325  54.583  2.509  52.304 0.5000000000
86317  52.939  1.863  51.851 0.5000000000
85328  58.118  0.382  49.532 0.8750000000
85345  57.349  0.907  47.881 0.7500000000
132514  19.866  -4.814  82.849 0.6250000000
154208  20.178  -3.857  83.403 0.6250000000
77981  19.530  -6.092  81.547 0.7500000000
77977  19.903  -5.520  82.578 0.7500000000
81123  20.273  -2.996  84.308 0.7500000000
84011  6.171  -0.424  81.792 0.7500000000
77983  19.907  -6.825  80.893 0.8750000000
81122  20.428  -2.148  84.022 0.7500000000
82114  20.006  -1.965  84.308 0.6250000000
83044  18.942  -1.175  83.317 0.6250000000
83999  7.017  -0.305  82.462 0.7500000000
83063  5.853  -1.500  82.072 0.7500000000
84012  5.155  -0.655  81.480 0.7500000000
77985  18.620  -5.938  80.372 0.7500000000
77984  19.076  -6.331  80.566 0.8750000000
77015  20.349  -7.246  80.417 0.8750000000
77009  20.874  -7.230  81.253 0.8750000000
83031  18.354  -1.827  83.725 0.6250000000
83045  17.794  -1.411  83.021 0.6250000000
131812  9.018  1.371  83.310 0.7500000000
83998  7.731  -0.200  83.223 0.7500000000
78997  18.324  -5.528  79.764 0.7500000000
130898  21.070  -7.498  80.353 1.0000000000
83046  16.758  -1.494  82.803 0.6250000000
83058  16.451  -1.171  82.117 0.6250000000
83071  15.162  -1.065  80.822 0.6250000000
85971  9.545  1.314  82.896 0.7500000000
83066  2.768  -1.580  81.564 0.7500000000
83059  15.596  -1.325  81.843 0.6250000000
84010  11.029  0.121  82.238 0.6250000000
82136  1.511  -2.442  80.925 0.7500000000
82160  18.285  -2.200  77.711 0.6250000000
83088  19.417  -1.147  77.051 0.6250000000
83072  14.153  -1.198  80.867 0.6250000000
84008  12.336  -0.727  81.438 0.6250000000
84025  11.824  -0.369  80.802 0.6250000000
84981  11.215  0.170  81.302 0.6250000000
144135  1.929  -2.177  79.581 0.7500000000
84054  19.164  -0.977  76.301 0.3750000000
84060  19.449  -0.128  76.110 0.6250000000
82158  4.401  -2.722  78.451 0.8750000000
82159  3.528  -2.519  78.844 0.8750000000
85058  18.955  0.192  75.265 0.3750000000
143884  6.511  -3.519  75.396 0.7500000000
81197  5.531  -3.824  76.563 0.8750000000
82157  5.176  -2.838  77.903 0.7500000000
153782  18.870  1.297  74.008 0.2500000000
81218  5.333  -3.806  72.438 0.8750000000
81214  5.512  -3.865  73.254 0.8750000000
81208  6.517  -3.584  74.536 0.8750000000
87060  19.318  2.107  74.005 0.2500000000
81225  5.260  -3.710  71.626 0.7500000000
134035  4.686  -3.681  70.108 0.7500000000
80178  2.726  -4.296  68.483 0.8750000000
153353  1.839  -5.235  68.002 0.8750000000
81239  5.091  -3.353  69.245 0.7500000000
132830  4.469  -3.254  68.353 0.8750000000
80179  2.149  -4.784  67.876 0.8750000000
77164  1.799  -7.287  68.801 0.8750000000
81248  5.498  -2.898  68.251 0.7500000000
134893  4.046  -3.463  67.706 0.8750000000
80190  2.765  -4.442  67.667 0.8750000000
79129  1.870  -5.516  67.545 0.8750000000
78102  1.774  -6.319  68.144 0.8750000000
82209  5.539  -2.665  67.014 0.7500000000
81257  3.658  -3.922  67.345 0.7500000000
79163  2.233  -4.934  67.346 0.8750000000
136895  1.863  -6.966  67.494 0.8750000000
77176  1.706  -7.528  68.070 0.8750000000
81265  5.744  -3.242  66.524 0.7500000000
81267  4.435  -3.705  66.899 0.7500000000
132036  3.362  -4.953  66.836 0.8750000000
147700  2.775  -6.340  66.693 0.8750000000
78127  2.125  -6.144  66.962 0.8750000000
82225  9.162  -2.491  65.181 0.5000000000
82236  9.875  -2.424  64.516 0.5000000000
82246  10.361  -2.299  63.740 0.6250000000
88253  49.356  3.927  58.549 0.8750000000
88254  48.272  3.528  58.495 0.8750000000
86202  49.906  1.150  61.468 1.0000000000
87263  49.123  2.492  59.124 1.0000000000
87274  47.644  2.792  58.559 0.6250000000
150841  47.281  2.412  58.655 0.6250000000
89166  46.457  4.391  59.345 0.5000000000
89157  45.341  4.440  60.214 0.5000000000
137814  44.765  4.120  60.327 0.3750000000
86185  50.362  1.028  62.431 1.0000000000
84156  51.574  -0.670  64.948 1.0000000000
84172  51.907  -0.331  64.382 1.0000000000
83211  52.903  -1.434  63.105 1.0000000000
82237  52.500  -1.930  63.458 1.0000000000
83203  52.027  -1.635  64.228 0.8750000000
83220  53.707  -1.306  61.596 1.0000000000
83210  53.332  -1.865  62.371 1.0000000000
84212  55.281  -0.076  60.201 1.0000000000
83219  54.426  -1.735  61.048 1.0000000000
84249  53.918  -0.502  58.720 0.8750000000
87332  59.218  2.351  52.147 0.7500000000
86316  59.301  1.988  51.315 0.7500000000
87322  58.652  2.732  52.542 0.7500000000
87323  57.694  2.818  52.760 0.7500000000
130865  55.966  3.015  52.587 0.3750000000
88303  55.110  3.166  52.164 0.5000000000
85314  59.354  1.321  50.666 0.7500000000
87333  54.313  2.833  51.784 0.5000000000
131991  58.978  0.755  50.030 0.8750000000
85327  58.641  1.018  49.121 0.8750000000
85360  56.434  0.730  47.634 0.6250000000
81139  19.105  -3.927  81.536 0.7500000000
78988  19.130  -5.265  81.714 0.7500000000
80051  19.386  -4.416  82.128 0.7500000000
82125  20.544  -2.337  82.925 0.6250000000
81129  20.445  -2.851  83.489 0.6250000000
82124  20.625  -1.715  83.341 0.6250000000
80052  18.752  -4.635  81.221 0.7500000000
83029  20.279  -1.472  83.704 0.6250000000
83992  19.245  -0.607  82.827 0.6250000000
84983  6.443  0.624  82.053 0.7500000000
78991  18.886  -5.820  80.987 0.7500000000
84004  18.286  -0.575  82.093 0.6250000000
84029  16.376  -0.089  80.003 0.6250000000
85964  8.623  2.173  83.255 0.7500000000
85965  7.814  1.755  83.178 0.7500000000
136531  6.840  1.644  82.491 0.7500000000
84984  5.228  0.530  81.554 0.7500000000
80067  18.415  -4.679  80.270 0.7500000000
81161  18.278  -3.871  79.700 0.6250000000
84020  16.717  -0.454  80.854 0.6250000000
85001  14.645  -0.345  79.118 0.6250000000
85979  10.863  1.132  79.921 0.6250000000
85980  10.205  1.628  80.704 0.6250000000
143648  9.454  2.050  82.123 0.7500000000
86982  8.581  3.351  83.313 0.7500000000
131223  3.155  0.003  81.371 0.7500000000
82144  18.588  -2.452  79.281 0.6250000000
83076  19.045  -1.822  79.035 0.6250000000
83075  19.882  -1.373  79.579 0.6250000000
84022  14.426  -0.807  79.991 0.6250000000
84031  13.018  -0.121  78.994 0.6250000000
85003  11.520  0.459  79.350 0.6250000000
84982  10.641  0.596  81.732 0.6250000000
84987  2.240  0.325  81.284 0.7500000000
81162  17.863  -3.965  79.070 0.6250000000
81170  18.002  -3.121  79.017 0.6250000000
83081  18.958  -1.729  78.180 0.6250000000
83080  19.693  -1.270  78.682 0.6250000000
84023  13.579  -0.744  80.239 0.6250000000
84024  12.695  -0.581  80.501 0.6250000000
83073  1.459  -1.596  80.619 0.7500000000
83078  2.223  -1.341  79.252 0.7500000000
131496  6.348  -3.385  76.169 0.7500000000
82163  6.366  -2.311  77.107 0.8750000000
83083  4.096  -1.682  78.509 0.7500000000
81213  6.405  -3.540  73.632 0.7500000000
81207  7.194  -3.174  74.970 0.7500000000
82169  6.746  -2.649  76.439 0.7500000000
155729  5.768  -2.071  77.674 0.7500000000
84040  4.628  -0.756  78.134 0.7500000000
81216  7.148  -3.186  73.178 0.7500000000
82174  7.707  -2.664  74.494 0.7500000000
133964  5.937  -3.457  71.992 0.7500000000
82183  7.555  -2.825  71.899 0.7500000000
152108  7.994  -2.574  71.305 0.7500000000
131811  6.140  -3.338  71.264 0.7500000000
82184  7.121  -2.967  70.992 0.7500000000
150448  5.546  -3.422  69.978 0.7500000000
82188  6.976  -2.917  69.869 0.7500000000
81238  6.047  -3.164  69.414 0.7500000000
81247  6.620  -2.806  68.745 0.7500000000
81273  7.513  -2.681  66.152 0.7500000000
82208  6.942  -2.229  67.113 0.7500000000
82200  6.157  -2.550  67.519 0.7500000000
138889  8.570  -2.717  65.565 0.6250000000
82214  7.972  -2.309  66.190 0.7500000000
83162  7.938  -2.117  66.475 0.7500000000
83192  9.125  -1.777  65.530 0.5000000000
133292  9.258  -1.329  65.971 0.5000000000
83176  8.568  -1.801  66.117 0.7500000000
81286  10.399  -3.111  64.106 0.5000000000
133653  9.638  -1.829  64.879 0.5000000000
81297  10.718  -2.776  63.359 0.5000000000
131214  10.150  -1.789  64.164 0.5000000000
83190  10.202  -1.224  64.666 0.5000000000
84155  10.294  -0.407  65.771 0.5000000000
83191  9.807  -1.151  65.444 0.5000000000
83209  10.509  -1.663  63.388 0.5000000000
130671  10.531  -1.103  63.886 0.5000000000
156294  10.395  -0.686  65.137 0.5000000000
90075  48.342  5.912  58.958 0.5000000000
91018  48.244  7.028  60.358 0.5000000000
91019  47.485  6.452  60.699 0.5000000000
84181  10.880  -0.943  63.056 0.5000000000
84170  11.079  -0.358  63.812 0.3750000000
89176  48.573  4.527  58.503 0.7500000000
90085  47.989  5.103  58.691 0.6250000000
90076  47.462  5.655  59.520 0.5000000000
132115  46.291  5.663  61.114 0.5000000000
83217  11.133  -1.249  62.289 0.3750000000
153682  50.358  1.703  60.483 1.0000000000
88243  49.857  3.074  59.040 1.0000000000
88255  47.388  3.371  58.572 0.6250000000
89165  47.188  4.751  58.993 0.5000000000
90077  46.676  5.141  59.746 0.5000000000
84183  52.721  -0.406  63.124 1.0000000000
85158  52.435  0.598  62.859 1.0000000000
84195  54.455  -0.686  60.892 1.0000000000
88300  58.441  3.994  52.130 0.6250000000
87331  59.126  2.764  51.479 0.6250000000
88301  56.861  3.677  52.507 0.3750000000
88302  55.855  3.652  52.276 0.3750000000
86328  59.385  2.090  50.221 0.7500000000
87340  59.277  2.911  50.547 0.6250000000
88309  54.710  3.496  51.497 0.3750000000
88314  54.026  3.136  51.148 0.3750000000
86339  59.268  1.481  49.685 0.7500000000
86338  59.446  2.085  49.406 0.7500000000
86353  59.082  1.761  48.721 0.7500000000
132012  58.648  1.914  47.809 0.6250000000
86363  57.872  1.492  47.418 0.6250000000
82131  20.197  -2.314  82.013 0.6250000000
83042  20.796  -0.838  83.095 0.6250000000
81152  19.331  -3.053  81.363 0.7500000000
83056  20.561  -1.469  81.634 0.6250000000
83991  20.440  -0.186  82.833 0.6250000000
84003  19.352  -0.055  82.296 0.6250000000
84980  18.549  -0.025  81.638 0.6250000000
78992  18.618  -5.360  80.751 0.7500000000
82137  19.694  -2.188  81.010 0.7500000000
83055  21.118  -0.671  82.264 0.6250000000
84991  18.235  0.427  80.943 0.6250000000
84992  17.223  0.115  80.509 0.6250000000
132233  7.524  3.660  83.691 0.7500000000
85966  5.778  1.567  82.099 0.7500000000
85972  4.505  1.696  81.904 0.7500000000
145862  18.699  -3.757  80.670 0.7500000000
82138  18.583  -3.015  79.860 0.6250000000
135355  19.017  -2.800  80.576 0.6250000000
83070  20.209  -1.457  80.572 0.5000000000
84000  21.466  0.408  81.208 0.6250000000
130309  21.294  0.857  81.126 0.6250000000
85013  16.426  1.146  78.780 0.6250000000
148526  15.233  0.157  78.858 0.6250000000
85015  14.569  0.441  78.242 0.6250000000
85985  10.372  2.119  80.013 0.6250000000
86996  9.681  2.289  81.350 0.6250000000
88011  9.390  4.219  82.117 0.6250000000
88005  8.167  3.954  83.928 0.6250000000
82143  19.210  -2.109  79.985 0.6250000000
84018  21.473  -0.074  80.822 0.5000000000
84996  21.333  1.068  80.453 0.5000000000
86992  20.367  3.648  80.403 0.6250000000
88971  20.295  4.693  80.146 0.5000000000
85031  14.145  1.008  77.568 0.6250000000
85017  12.262  0.877  78.169 0.6250000000
85984  10.858  1.829  79.238 0.6250000000
86995  10.146  3.169  80.357 0.6250000000
141512  9.688  4.716  81.415 0.6250000000
84995  1.883  0.475  80.859 0.7500000000
88962  20.013  4.835  80.708 0.6250000000
89883  19.931  5.299  80.466 0.5000000000
90823  18.560  6.467  79.503 0.3750000000
134982  11.427  1.696  78.457 0.6250000000
87003  11.024  2.406  78.871 0.6250000000
155813  1.417  -0.151  79.932 0.7500000000
89884  19.418  5.917  80.408 0.3750000000
150192  2.799  -0.792  78.783 0.7500000000
89900  17.627  6.463  78.262 0.3750000000
131368  3.604  -0.741  78.493 0.7500000000
82171  8.056  -1.998  74.868 0.7500000000
82172  7.554  -2.502  75.292 0.7500000000
84046  6.239  -0.336  77.119 0.7500000000
153755  5.494  -1.254  77.826 0.7500000000
82179  8.386  -2.230  73.120 0.7500000000
82180  7.776  -2.747  72.721 0.7500000000
83122  9.120  -1.672  71.698 0.7500000000
82186  8.661  -2.164  71.133 0.7500000000
82187  7.967  -2.495  70.387 0.7500000000
82193  8.429  -2.100  69.655 0.7500000000
150816  8.722  -2.014  70.409 0.7500000000
83129  9.140  -1.597  69.971 0.7500000000
82194  7.598  -2.541  69.266 0.7500000000
82207  7.840  -2.139  67.699 0.7500000000
82199  7.239  -2.455  68.146 0.7500000000
83160  8.923  -1.506  67.538 0.7500000000
83175  9.198  -1.266  66.726 0.6250000000
139363  9.866  -0.615  67.077 0.5000000000
85131  10.547  0.685  66.816 0.5000000000
86151  10.542  1.621  66.652 0.3750000000
87192  10.187  2.573  67.018 0.3750000000
93116  49.918  8.919  61.883 0.5000000000
84171  10.728  -0.541  64.543 0.5000000000
132684  10.631  0.327  65.983 0.5000000000
129933  10.794  0.981  66.142 0.5000000000
87210  10.429  2.357  66.107 0.3750000000
92126  48.929  7.509  59.990 0.6250000000
92113  48.801  7.928  60.986 0.5000000000
135700  10.836  -0.072  65.255 0.3750000000
86165  10.781  1.591  65.792 0.5000000000
151722  10.672  2.210  65.433 0.3750000000
88192  10.014  3.084  66.255 0.3750000000
91051  49.274  6.326  58.759 0.6250000000
92125  49.728  7.853  59.607 0.6250000000
85170  11.755  0.471  62.179 0.2500000000
85156  11.441  0.490  63.641 0.2500000000
86172  11.383  1.071  64.463 0.3750000000
88207  9.692  3.530  65.394 0.3750000000
88208  8.849  3.947  65.549 0.3750000000
88252  50.207  4.494  58.638 1.0000000000
88206  10.340  2.887  65.454 0.3750000000
84182  53.230  -0.901  62.406 1.0000000000
137536  58.694  4.016  51.743 0.6250000000
89234  57.723  4.335  52.334 0.3750000000
89241  56.458  5.082  51.853 0.3750000000
89245  59.115  4.088  50.413 0.6250000000
89243  55.069  4.127  51.139 0.3750000000
87346  59.468  2.689  49.583 0.6250000000
88318  59.414  3.464  49.621 0.6250000000
132112  55.409  3.911  51.801 0.3750000000
88313  54.465  3.662  50.768 0.2500000000
87358  59.183  2.345  48.146 0.7500000000
86374  58.352  2.116  46.955 0.6250000000
87398  58.077  2.495  45.088 0.5000000000
87381  58.173  2.333  46.066 0.6250000000
87399  57.163  2.246  44.955 0.3750000000
86392  57.363  2.077  45.763 0.6250000000
87412  58.161  2.580  44.245 0.3750000000
87416  58.882  2.792  43.705 0.2500000000
87413  57.071  2.377  44.050 0.1250000000
87417  57.913  2.637  43.410 0.1250000000
134489  59.515  3.027  42.461 0.1250000000
131634  59.428  3.128  43.205 0.1250000000
134830  58.667  2.790  42.713 0.1250000000
83990  21.214  -0.078  82.531 0.6250000000
84002  20.247  0.373  82.408 0.6250000000
88952  6.974  4.768  83.506 0.7500000000
84972  20.911  0.297  82.453 0.6250000000
84990  19.060  1.097  81.079 0.6250000000
85978  18.326  1.283  80.424 0.6250000000
88006  6.763  4.098  83.688 0.7500000000
86984  4.743  3.312  82.790 0.7500000000
84977  21.235  0.438  81.894 0.6250000000
84989  19.963  1.308  81.512 0.6250000000
85983  18.435  2.126  79.973 0.6250000000
85995  16.914  1.965  78.694 0.6250000000
85996  15.798  1.519  78.130 0.6250000000
88950  8.368  5.011  83.424 0.6250000000
84985  3.817  0.894  81.503 0.7500000000
85969  20.801  1.171  81.442 0.6250000000
137789  20.024  2.671  80.820 0.6250000000
88026  18.620  3.563  80.257 0.6250000000
85030  14.939  1.196  77.810 0.6250000000
135012  13.128  1.581  77.312 0.6250000000
88029  10.299  4.008  79.933 0.6250000000
84986  2.819  1.066  81.408 0.7500000000
88963  19.299  4.955  80.892 0.6250000000
88964  18.873  5.613  81.107 0.6250000000
85997  12.045  1.530  77.916 0.6250000000
89872  19.110  6.248  81.092 0.5000000000
91872  18.474  7.361  81.098 0.5000000000
84033  1.661  0.127  79.306 0.7500000000
85021  2.183  0.501  78.523 0.7500000000
91879  17.978  7.761  80.082 0.3750000000
84042  2.884  -0.093  78.464 0.7500000000
85037  2.455  1.011  77.643 0.7500000000
136235  7.755  -1.842  75.500 0.7500000000
83091  7.567  -1.399  76.012 0.7500000000
85034  5.687  0.226  77.132 0.7500000000
85019  3.765  0.626  77.321 0.7500000000
137845  8.720  -0.915  73.940 0.7500000000
83102  8.436  -1.444  74.391 0.7500000000
84055  7.654  -0.598  75.775 0.7500000000
85046  6.316  0.289  76.595 0.7500000000
85035  4.893  0.447  77.281 0.7500000000
85049  3.471  1.108  76.644 0.7500000000
86009  2.752  1.486  76.968 0.7500000000
84077  8.896  -0.297  73.495 0.7500000000
83109  9.016  -0.986  73.101 0.7500000000
83115  8.889  -1.640  72.622 0.7500000000
82182  8.433  -2.318  72.082 0.7500000000
83114  9.339  -0.922  72.197 0.7500000000
83121  9.551  -1.045  71.275 0.7500000000
83136  9.623  -1.120  69.352 0.6250000000
84107  10.048  -0.271  69.247 0.6250000000
84115  9.859  -0.810  68.489 0.6250000000
84128  9.561  -1.050  67.692 0.6250000000
84114  10.232  -0.119  68.357 0.5000000000
84127  10.356  0.057  67.490 0.5000000000
85122  10.488  0.820  67.547 0.3750000000
140726  10.496  1.290  67.266 0.3750000000
86137  10.362  1.498  67.957 0.3750000000
138699  10.367  1.879  67.360 0.3750000000
87179  9.750  3.041  67.693 0.3750000000
87193  9.760  3.233  66.976 0.3750000000
88176  9.225  3.553  67.291 0.3750000000
88194  7.780  4.184  66.618 0.3750000000
89114  6.839  4.433  66.120 0.3750000000
131022  9.382  3.542  66.360 0.3750000000
88193  8.603  3.923  66.528 0.3750000000
89113  7.832  4.338  65.623 0.3750000000
91122  58.383  6.541  51.857 0.5000000000
153689  58.202  6.149  52.132 0.5000000000
155900  57.498  6.228  52.052 0.5000000000
90153  56.860  5.869  51.753 0.3750000000
139989  58.512  5.592  51.852 0.6250000000
90148  57.199  5.571  52.128 0.3750000000
90154  56.137  5.344  51.305 0.3750000000
89246  58.824  4.655  51.349 0.6250000000
153123  59.025  4.853  50.743 0.6250000000
89242  55.725  4.610  51.517 0.3750000000
89252  59.392  4.335  49.487 0.5000000000
87357  59.503  2.993  47.981 0.6250000000
150904  59.519  3.802  48.979 0.5000000000
87379  59.333  3.152  46.947 0.6250000000
87380  58.839  2.726  46.463 0.6250000000
87396  59.305  3.361  45.905 0.5000000000
87397  58.803  2.864  45.495 0.6250000000
151288  59.293  3.323  45.042 0.5000000000
87410  59.535  3.505  44.443 0.5000000000
88362  59.589  3.737  45.082 0.5000000000
87415  59.496  3.253  43.897 0.2500000000
151618  59.707  3.685  43.967 0.2500000000
147644  59.798  3.432  42.825 0.1250000000
87420  60.033  3.328  42.199 0.1250000000
88959  6.411  5.049  82.875 0.6250000000
133034  5.936  4.285  83.358 0.7500000000
88967  7.094  5.282  81.498 0.6250000000
89867  7.818  5.526  82.442 0.6250000000
86983  5.790  3.535  83.123 0.7500000000
85968  4.046  2.649  82.416 0.7500000000
88028  17.243  3.653  79.383 0.6250000000
87029  15.963  3.276  78.027 0.6250000000
132122  15.401  2.902  77.550 0.6250000000
89890  9.332  6.145  80.411 0.6250000000
89865  9.228  5.550  81.584 0.6250000000
89861  8.171  5.408  83.122 0.6250000000
86990  3.039  2.854  82.727 0.7500000000
143222  18.047  4.004  80.081 0.6250000000
88027  17.846  3.178  79.545 0.6250000000
87043  14.015  3.018  76.621 0.6250000000
87045  12.468  2.891  76.894 0.6250000000
88966  9.658  5.504  81.255 0.6250000000
150100  2.523  2.176  81.621 0.7500000000
89885  17.965  5.394  80.855 0.6250000000
88061  11.633  4.164  77.746 0.6250000000
87018  10.943  3.307  79.058 0.6250000000
88975  10.302  5.315  80.019 0.6250000000
85988  1.963  1.273  79.472 0.7500000000
87022  2.221  1.930  78.778 0.7500000000
89873  18.398  6.209  81.291 0.5000000000
91873  18.029  8.032  81.257 0.5000000000
85004  1.800  0.725  79.164 0.7500000000
86000  2.099  1.145  78.516 0.7500000000
87037  2.385  1.655  77.787 0.7500000000
87036  2.705  2.260  77.197 0.6250000000
84069  8.550  -0.333  74.335 0.7500000000
85059  8.170  0.240  74.701 0.7500000000
85060  7.588  0.234  75.428 0.7500000000
86019  5.677  1.152  76.069 0.7500000000
86021  3.801  1.447  76.155 0.7500000000
85081  9.149  0.032  72.900 0.6250000000
85073  8.785  0.433  73.301 0.6250000000
153822  8.080  0.790  74.318 0.6250000000
84093  9.585  -0.335  71.571 0.6250000000
130252  9.702  0.249  70.984 0.6250000000
83128  9.662  -0.990  70.354 0.6250000000
84100  9.859  -0.076  70.187 0.6250000000
154571  9.804  -0.632  69.789 0.6250000000
85103  10.069  0.652  69.566 0.6250000000
86123  10.215  1.312  68.877 0.6250000000
147946  10.266  0.447  68.867 0.6250000000
85111  10.398  0.656  68.192 0.5000000000
87164  10.132  2.023  68.487 0.3750000000
88177  8.278  3.863  67.517 0.3750000000
89104  7.022  4.138  67.098 0.3750000000
87178  10.137  2.323  67.856 0.3750000000
130085  6.934  4.701  65.506 0.3750000000
88216  9.642  3.887  64.593 0.3750000000
135432  9.164  4.558  64.273 0.3750000000
89125  9.138  4.008  64.902 0.3750000000
89126  8.435  4.377  64.880 0.3750000000
89127  7.537  4.798  64.967 0.3750000000
91123  57.967  6.768  52.167 0.3750000000
91124  57.404  6.632  51.752 0.3750000000
90166  56.437  6.258  50.492 0.2500000000
90164  59.200  5.042  50.180 0.5000000000
90158  58.867  5.704  51.102 0.5000000000
90177  59.414  5.345  49.286 0.5000000000
90192  59.402  5.241  48.204 0.5000000000
89269  59.484  4.407  47.733 0.5000000000
88328  59.526  3.728  48.284 0.5000000000
132483  59.609  4.649  46.050 0.3750000000
156808  59.474  3.695  46.581 0.5000000000
89305  59.690  4.228  45.189 0.5000000000
88346  59.607  3.980  45.908 0.5000000000
133475  59.682  4.508  44.567 0.2500000000
89316  59.844  4.246  43.848 0.2500000000
88373  59.762  3.924  44.379 0.2500000000
90237  59.933  4.754  43.184 0.2500000000
137802  59.855  3.900  43.767 0.2500000000
89318  60.108  4.066  43.205 0.1250000000
152908  59.814  3.641  43.399 0.1250000000
89321  60.228  4.421  42.715 0.2500000000
89320  60.316  4.100  42.430 0.1250000000
88012  6.337  5.038  81.677 0.6250000000
89010  8.589  4.770  78.259 0.6250000000
88976  7.914  4.849  79.230 0.6250000000
88020  6.765  3.814  80.713 0.6250000000
88953  5.001  4.454  82.918 0.7500000000
88042  16.553  3.389  78.596 0.6250000000
89005  15.625  4.470  78.140 0.6250000000
148061  9.287  6.304  78.817 0.6250000000
89891  8.323  5.768  80.300 0.6250000000
88009  3.181  3.671  82.740 0.7500000000
88974  17.505  4.511  80.080 0.6250000000
88988  16.093  4.937  79.047 0.6250000000
89024  14.277  4.451  76.894 0.6250000000
89026  12.788  4.151  76.689 0.6250000000
88990  10.871  5.329  79.155 0.6250000000
89888  10.084  6.040  80.396 0.6250000000
86987  2.542  3.190  82.279 0.7500000000
89886  16.960  5.098  80.101 0.6250000000
90812  15.995  6.547  79.994 0.6250000000
88045  10.867  4.354  79.212 0.6250000000
86999  2.467  2.472  81.009 0.7500000000
87008  2.357  2.151  79.880 0.7500000000
90811  16.858  6.559  81.079 0.6250000000
91868  17.303  7.959  81.690 0.5000000000
88035  2.519  3.097  80.263 0.7500000000
88049  2.466  2.822  79.150 0.7500000000
92925  17.343  8.976  81.315 0.5000000000
153497  2.901  2.984  77.618 0.6250000000
85066  7.489  0.866  74.797 0.6250000000
86034  4.966  1.544  75.367 0.7500000000
86035  4.025  1.670  75.449 0.6250000000
86036  3.484  1.867  75.720 0.6250000000
86064  8.294  0.971  73.715 0.6250000000
86049  6.541  1.319  74.669 0.7500000000
138807  4.185  1.799  74.691 0.7500000000
86052  3.702  1.987  74.960 0.6250000000
88079  3.410  2.750  75.897 0.6250000000
131646  8.552  1.018  73.073 0.6250000000
148254  6.778  1.690  73.458 0.6250000000
85082  9.066  0.638  72.534 0.6250000000
86079  8.473  1.413  72.476 0.6250000000
86090  9.046  1.250  71.784 0.6250000000
150213  8.292  2.031  71.723 0.6250000000
85089  9.469  0.453  71.726 0.6250000000
131531  9.491  1.040  71.065 0.6250000000
86091  9.008  1.765  71.050 0.6250000000
85096  9.809  0.851  70.346 0.6250000000
86100  9.489  1.599  70.396 0.6250000000
85104  9.869  1.470  69.698 0.5000000000
86124  9.863  2.095  69.096 0.5000000000
87166  9.311  2.670  69.075 0.3750000000
88142  8.502  3.085  69.045 0.3750000000
151716  8.188  3.527  68.390 0.3750000000
87165  9.753  2.623  68.443 0.3750000000
88158  9.104  3.308  68.264 0.3750000000
89105  5.644  4.373  66.529 0.5000000000
89115  6.014  4.805  65.790 0.5000000000
90053  7.955  5.483  64.570 0.3750000000
89128  6.566  5.069  65.348 0.3750000000
89136  9.967  4.124  63.994 0.3750000000
89137  8.351  4.837  64.527 0.3750000000
90042  7.125  5.535  64.992 0.5000000000
89142  9.764  4.821  63.698 0.3750000000
153088  9.325  5.074  63.882 0.2500000000
154108  58.012  7.880  51.644 0.2500000000
92208  57.111  7.849  50.483 0.2500000000
91127  58.767  7.048  51.191 0.5000000000
92199  58.180  7.435  51.809 0.3750000000
151433  57.852  7.463  51.778 0.2500000000
91128  57.154  7.057  51.030 0.2500000000
90165  59.189  6.053  50.268 0.5000000000
91144  59.313  6.140  48.796 0.5000000000
143958  59.238  6.121  46.787 0.3750000000
131001  59.422  5.158  47.061 0.3750000000
89289  59.527  4.256  46.782 0.3750000000
134401  59.409  5.385  44.693 0.3750000000
91195  59.307  5.815  45.417 0.3750000000
91204  59.155  5.960  44.037 0.2500000000
90224  59.593  4.951  45.343 0.3750000000
90235  59.566  4.997  43.948 0.2500000000
91218  59.010  6.422  42.539 0.3750000000
91207  59.347  5.678  43.281 0.2500000000
151685  59.361  6.307  41.756 0.2500000000
91217  59.686  5.557  42.526 0.2500000000
91240  59.781  6.245  40.975 0.2500000000
90251  60.146  5.414  41.723 0.2500000000
88013  5.883  4.774  81.561 0.6250000000
130420  5.968  4.623  83.118 0.7500000000
88046  8.463  3.280  78.474 0.6250000000
88031  7.361  2.864  80.206 0.6250000000
88021  6.460  3.511  80.716 0.6250000000
88968  5.599  4.702  81.298 0.7500000000
88954  4.209  5.051  82.673 0.7500000000
90828  11.104  6.949  78.630 0.6250000000
90829  10.523  6.629  79.021 0.6250000000
88955  3.386  5.074  82.657 0.7500000000
90827  14.594  6.819  78.072 0.6250000000
90859  13.133  5.990  76.933 0.6250000000
89921  11.554  6.116  78.018 0.6250000000
88961  2.604  4.631  82.247 0.7500000000
91875  15.745  8.007  80.813 0.6250000000
88970  2.428  4.390  81.616 0.7500000000
92922  16.465  9.142  81.474 0.5000000000
88034  2.995  3.801  79.567 0.6250000000
150445  2.991  3.344  78.488 0.7500000000
88065  3.123  2.884  76.804 0.6250000000
134574  6.046  1.545  73.893 0.6250000000
86051  4.166  1.916  74.106 0.6250000000
151661  3.822  2.033  74.422 0.6250000000
131143  3.717  3.193  75.672 0.6250000000
131453  7.777  1.509  73.174 0.6250000000
86066  5.836  2.008  73.238 0.6250000000
86067  4.863  1.867  73.691 0.6250000000
87076  3.742  2.872  73.815 0.6250000000
88098  3.651  2.793  74.447 0.6250000000
87091  7.739  1.909  72.441 0.6250000000
87075  4.657  2.424  72.962 0.6250000000
86068  4.065  2.332  73.618 0.6250000000
87093  5.823  2.362  72.467 0.6250000000
87092  7.071  2.371  71.924 0.6250000000
87128  8.428  2.322  70.892 0.6250000000
153819  7.748  2.457  71.249 0.6250000000
86101  8.996  2.195  70.365 0.6250000000
87129  7.730  2.638  70.568 0.6250000000
87146  8.802  2.594  69.716 0.5000000000
131051  8.398  2.536  70.255 0.6250000000
87145  9.465  2.144  69.756 0.5000000000
139027  6.788  3.141  69.552 0.6250000000
88144  6.084  3.259  68.992 0.6250000000
88160  6.353  3.572  68.360 0.6250000000
88179  4.128  3.986  67.482 0.6250000000
89106  4.252  4.613  66.687 0.6250000000
89117  3.937  5.233  66.615 0.6250000000
88159  7.241  3.765  68.005 0.5000000000
88178  6.049  3.893  67.581 0.6250000000
89116  4.809  4.864  65.983 0.5000000000
89129  5.515  5.364  65.700 0.5000000000
90052  8.909  5.508  64.108 0.3750000000
90989  8.440  6.365  64.449 0.3750000000
90990  7.608  6.317  64.823 0.3750000000
90043  6.393  5.677  65.352 0.5000000000
90057  9.611  5.477  63.620 0.1250000000
147534  7.351  6.901  65.253 0.3750000000
139193  58.905  8.381  50.047 0.5000000000
92206  58.903  7.825  50.681 0.3750000000
93199  58.061  8.999  51.014 0.3750000000
92222  57.215  8.592  50.063 0.2500000000
139725  59.035  6.945  48.528 0.5000000000
152047  58.939  7.571  49.165 0.5000000000
91145  59.087  7.112  49.566 0.5000000000
150351  58.547  8.722  50.878 0.3750000000
93215  57.545  9.551  49.873 0.3750000000
92235  56.713  8.388  48.534 0.2500000000
91131  59.111  6.865  50.290 0.5000000000
91164  58.842  7.066  47.457 0.3750000000
90178  59.278  6.276  49.608 0.5000000000
91183  58.829  6.849  46.346 0.3750000000
91163  59.215  6.081  47.782 0.3750000000
91196  58.921  6.651  45.522 0.3750000000
91182  59.233  6.181  46.035 0.3750000000
137090  58.781  6.995  44.121 0.3750000000
91208  58.837  6.663  43.351 0.3750000000
92294  58.718  7.481  42.615 0.3750000000
93292  58.756  8.997  43.555 0.3750000000
91232  58.891  7.224  41.790 0.3750000000
93319  58.934  8.291  41.990 0.3750000000
93310  59.326  9.303  42.287 0.3750000000
93318  59.595  9.319  41.596 0.3750000000
93326  59.934  9.267  40.732 0.3750000000
85986  7.627  2.342  78.993 0.6250000000
87007  6.691  2.204  79.915 0.6250000000
134853  12.198  8.397  77.767 0.5000000000
91900  11.216  7.659  78.257 0.6250000000
91901  10.710  7.603  78.068 0.6250000000
89922  9.123  5.725  76.604 0.6250000000
87032  9.085  2.816  76.743 0.6250000000
87034  7.994  2.288  77.662 0.6250000000
88032  6.188  2.663  79.918 0.6250000000
137826  5.581  4.835  80.700 0.6250000000
89869  4.031  5.663  82.341 0.6250000000
91897  13.592  7.748  77.703 0.6250000000
90839  13.381  6.892  77.370 0.6250000000
90841  11.628  7.122  78.192 0.6250000000
90795  3.096  6.275  82.519 0.7500000000
90796  2.891  6.591  82.444 0.6250000000
92933  14.814  9.004  79.229 0.5000000000
137896  2.492  5.308  81.992 0.7500000000
90799  2.609  6.842  82.092 0.6250000000
93987  15.544  9.403  80.841 0.5000000000
88969  2.501  5.189  81.043 0.7500000000
89880  2.506  6.104  81.717 0.7500000000
88993  3.391  4.826  79.180 0.6250000000
88992  3.803  4.521  78.372 0.6250000000
89028  5.079  4.606  76.355 0.6250000000
89029  4.473  4.203  76.985 0.6250000000
89038  4.381  3.774  76.017 0.6250000000
88078  3.760  3.423  76.508 0.6250000000
88103  4.484  3.589  73.746 0.6250000000
88088  4.573  3.664  74.594 0.6250000000
133045  3.920  2.849  72.965 0.6250000000
154420  3.841  2.755  73.575 0.6250000000
89065  3.916  3.576  72.058 0.6250000000
87110  5.592  2.521  71.460 0.6250000000
87111  4.133  2.781  71.409 0.6250000000
88117  3.591  3.556  71.323 0.6250000000
87131  4.826  2.572  70.689 0.6250000000
87132  4.099  2.741  70.427 0.6250000000
88118  3.454  3.477  70.518 0.6250000000
87109  6.856  2.582  70.998 0.6250000000
87130  5.770  2.651  70.470 0.6250000000
87149  3.983  2.921  69.700 0.6250000000
135269  6.809  2.847  70.186 0.6250000000
142619  4.808  2.697  69.843 0.6250000000
88146  3.856  3.385  69.095 0.6250000000
88162  3.885  3.639  68.293 0.6250000000
87148  5.876  2.924  69.708 0.6250000000
88145  5.146  3.029  69.141 0.6250000000
88180  3.789  4.209  67.652 0.6250000000
90024  3.949  5.604  66.903 0.6250000000
88161  4.988  3.427  68.203 0.6250000000
155131  3.990  4.369  67.167 0.6250000000
90034  4.404  5.312  66.102 0.6250000000
90966  5.621  6.714  66.290 0.6250000000
90976  8.171  7.200  64.933 0.3750000000
92032  6.266  7.433  66.603 0.6250000000
92069  8.902  7.106  64.507 0.2500000000
93214  58.707  9.381  49.740 0.5000000000
94231  58.132  10.200  49.960 0.3750000000
92221  58.747  8.012  48.679 0.3750000000
92234  58.528  8.052  47.592 0.3750000000
92256  58.489  7.751  46.678 0.3750000000
93244  58.462  8.754  47.147 0.3750000000
92270  58.591  7.559  45.735 0.3750000000
93260  58.468  8.618  46.061 0.3750000000
132980  58.546  8.447  45.084 0.3750000000
137830  58.697  7.336  44.896 0.3750000000
92277  58.583  8.160  44.213 0.3750000000
93275  58.714  9.428  44.397 0.3750000000
96055  59.064  12.900  43.176 0.3750000000
93311  58.816  8.590  42.769 0.3750000000
94299  59.392  9.854  42.904 0.3750000000
94298  59.747  10.603  42.130 0.3750000000
96060  59.020  12.703  42.637 0.3750000000
94305  60.018  10.520  41.166 0.2500000000
92950  12.283  9.018  77.421 0.5000000000
92951  11.558  8.350  77.656 0.6250000000
138675  10.574  7.739  77.093 0.6250000000
90860  9.522  6.890  76.429 0.6250000000
88085  10.022  4.155  75.016 0.6250000000
88077  8.494  3.573  76.069 0.6250000000
88064  6.914  3.726  77.855 0.6250000000
89892  6.167  4.977  79.242 0.6250000000
89879  4.266  6.126  81.635 0.6250000000
134511  3.589  6.795  82.047 0.6250000000
94016  12.496  9.721  77.079 0.5000000000
153271  11.077  8.246  76.733 0.5000000000
89943  10.151  5.352  75.006 0.6250000000
88086  9.319  4.030  75.236 0.6250000000
88991  6.482  4.493  78.445 0.6250000000
90797  3.488  6.239  82.356 0.6250000000
94960  13.566  10.549  78.211 0.5000000000
94967  13.219  10.817  77.678 0.5000000000
143115  9.820  5.449  74.773 0.6250000000
89045  10.201  4.876  73.713 0.6250000000
90798  3.078  7.012  82.407 0.6250000000
143467  14.724  10.599  79.862 0.5000000000
95784  13.635  11.428  78.303 0.5000000000
89895  2.553  6.218  80.794 0.6250000000
90806  2.454  6.930  81.492 0.6250000000
90818  2.822  6.610  79.845 0.5000000000
144895  4.020  6.286  78.305 0.5000000000
89907  3.920  5.358  78.405 0.5000000000
89946  5.403  5.576  76.547 0.6250000000
89013  4.864  5.137  77.124 0.6250000000
89014  4.322  4.732  77.775 0.6250000000
143364  5.707  5.102  75.836 0.6250000000
89967  5.888  4.829  75.023 0.6250000000
89037  5.097  4.171  75.373 0.6250000000
151473  5.429  4.300  73.857 0.6250000000
89057  4.274  3.632  72.797 0.6250000000
89064  4.576  4.178  72.213 0.6250000000
89073  3.803  4.056  71.302 0.6250000000
153571  3.600  4.069  70.752 0.6250000000
89081  3.585  4.098  70.101 0.6250000000
89090  3.661  4.274  68.985 0.6250000000
89082  3.442  3.827  70.144 0.6250000000
89091  3.513  3.903  69.392 0.6250000000
89097  3.578  4.113  68.489 0.6250000000
90009  3.974  4.783  68.521 0.6250000000
90016  4.105  5.411  67.632 0.6250000000
90956  4.588  6.249  67.036 0.6250000000
90955  5.547  6.874  66.887 0.6250000000
93202  58.450  9.309  50.554 0.3750000000
131816  58.375  9.783  50.250 0.3750000000
93223  58.616  8.976  48.369 0.3750000000
94239  58.598  10.046  49.147 0.5000000000
94254  58.576  9.813  47.877 0.2500000000
132075  58.558  10.661  48.607 0.2500000000
131440  58.593  9.771  46.635 0.3750000000
133069  58.681  9.893  45.414 0.3750000000
133761  59.079  11.499  45.286 0.3750000000
94278  59.167  11.014  44.582 0.3750000000
94292  59.354  10.654  43.663 0.3750000000
95224  59.112  12.858  43.969 0.3750000000
94291  59.676  11.105  42.872 0.3750000000
95236  59.464  12.218  43.239 0.3750000000
95242  59.626  11.892  42.479 0.3750000000
96059  59.262  12.562  42.746 0.3750000000
95251  60.021  11.274  40.551 0.2500000000
95247  59.760  11.616  41.583 0.3750000000
96064  59.241  12.270  42.131 0.3750000000
90815  6.115  6.055  79.132 0.6250000000
90816  5.394  6.774  79.559 0.5000000000
90804  4.799  6.378  80.575 0.6250000000
94031  12.471  9.855  76.379 0.5000000000
94017  11.867  9.058  76.788 0.5000000000
92976  10.840  8.092  75.231 0.5000000000
91914  10.432  7.686  75.873 0.5000000000
90861  8.322  6.171  76.206 0.5000000000
89924  7.476  5.282  76.620 0.5000000000
89906  6.562  5.540  78.498 0.6250000000
90805  4.035  6.999  81.266 0.5000000000
149207  12.732  10.253  76.946 0.5000000000
94032  11.959  9.161  75.555 0.5000000000
156424  11.342  8.665  74.628 0.5000000000
91925  9.512  7.313  75.346 0.5000000000
90874  9.092  7.132  75.446 0.5000000000
91870  2.951  7.925  82.164 0.6250000000
95795  13.415  11.388  77.583 0.5000000000
95816  13.179  10.941  75.413 0.3750000000
94042  11.899  9.289  74.595 0.3750000000
92984  10.484  8.339  74.368 0.3750000000
91926  8.739  7.526  74.959 0.3750000000
91927  8.528  6.999  75.695 0.3750000000
91871  2.546  7.674  81.791 0.6250000000
138577  14.248  12.521  78.534 0.5000000000
91883  2.847  7.613  79.464 0.5000000000
91877  2.409  7.591  81.168 0.6250000000
91895  4.017  7.169  78.091 0.5000000000
89908  3.453  5.913  79.090 0.5000000000
90863  4.909  6.826  77.020 0.5000000000
90845  4.553  6.620  77.621 0.5000000000
155727  5.727  6.565  75.990 0.5000000000
150893  6.377  6.141  74.858 0.5000000000
140225  5.921  6.005  76.045 0.5000000000
90875  6.360  6.905  74.682 0.5000000000
89966  6.272  5.459  74.592 0.6250000000
156491  6.577  6.123  74.060 0.5000000000
89055  5.955  4.752  73.511 0.6250000000
137569  6.501  5.491  73.132 0.5000000000
89063  5.800  4.697  72.687 0.6250000000
132789  6.314  5.247  72.288 0.5000000000
89071  5.667  4.781  71.827 0.6250000000
89999  5.587  5.001  70.870 0.6250000000
89080  4.292  4.433  70.597 0.6250000000
133639  5.100  4.954  69.977 0.6250000000
130652  6.266  5.713  70.848 0.6250000000
89998  5.971  5.605  69.966 0.6250000000
90008  5.041  5.310  68.948 0.6250000000
90947  5.378  6.111  68.088 0.6250000000
90817  4.600  7.346  80.371 0.5000000000
89925  7.136  5.934  77.828 0.5000000000
91893  6.196  7.141  78.151 0.5000000000
91882  5.033  7.847  79.554 0.5000000000
135030  7.669  6.816  76.361 0.5000000000
90844  6.717  6.727  77.600 0.5000000000
92926  3.855  9.047  81.046 0.5000000000
96611  13.787  12.045  76.363 0.3750000000
95815  13.475  11.487  75.922 0.3750000000
95832  12.916  11.095  74.333 0.2500000000
94052  10.592  9.434  73.448 0.2500000000
152093  9.441  9.004  73.709 0.2500000000
92977  8.458  7.863  74.763 0.3750000000
91916  7.435  7.567  76.115 0.5000000000
93982  3.122  9.415  81.606 0.5000000000
96590  14.203  12.484  77.810 0.3750000000
96610  14.202  12.829  75.707 0.3750000000
95831  13.367  11.615  74.909 0.2500000000
95843  12.506  11.288  73.285 0.2500000000
95019  10.276  10.157  72.996 0.2500000000
94054  9.021  9.619  73.637 0.2500000000
92927  2.406  8.824  81.151 0.5000000000
97381  15.250  13.714  78.070 0.3750000000
97390  15.186  13.807  77.038 0.2500000000
92955  3.780  8.122  77.930 0.5000000000
92944  3.145  8.334  78.818 0.5000000000
92945  2.654  8.543  79.652 0.5000000000
91905  4.508  7.535  77.297 0.5000000000
91918  5.019  7.373  76.508 0.5000000000
91928  5.829  7.518  75.199 0.5000000000
90876  6.071  6.573  75.479 0.5000000000
91935  6.514  7.041  73.930 0.5000000000
91942  6.412  7.602  73.401 0.5000000000
90910  6.757  6.803  72.249 0.5000000000
89991  6.307  5.461  71.581 0.5000000000
91894  5.622  7.465  78.752 0.5000000000
92943  5.341  8.390  78.781 0.5000000000
93990  4.085  9.900  80.490 0.5000000000
92954  5.877  7.939  77.976 0.5000000000
154952  7.513  9.129  75.191 0.3750000000
92964  6.738  7.764  76.725 0.5000000000
94948  2.744  10.314  81.191 0.5000000000
140471  13.542  12.172  74.396 0.2500000000
96646  13.430  12.557  73.383 0.2500000000
95854  11.300  11.487  72.460 0.2500000000
95020  9.399  10.416  73.235 0.2500000000
94043  8.282  9.661  74.206 0.2500000000
135048  2.407  10.089  79.927 0.5000000000
97414  14.593  13.424  74.790 0.3750000000
96645  13.893  13.236  73.364 0.2500000000
150489  4.154  8.368  77.134 0.5000000000
143099  3.327  8.909  78.267 0.5000000000
91917  5.543  7.119  75.926 0.5000000000
143804  4.554  8.765  75.942 0.5000000000
94020  4.106  8.962  76.507 0.5000000000
92988  5.382  8.372  74.843 0.5000000000
92979  4.693  8.949  75.217 0.5000000000
138672  5.452  8.532  74.077 0.5000000000
92989  4.777  9.030  74.340 0.5000000000
91936  6.082  7.823  74.275 0.5000000000
94008  5.621  8.861  77.971 0.5000000000
93998  5.164  9.397  78.893 0.5000000000
92934  4.663  8.960  79.815 0.5000000000
94007  5.950  9.422  77.353 0.5000000000
137897  5.451  9.864  78.146 0.5000000000
94953  5.010  10.517  79.119 0.5000000000
94033  7.280  9.805  75.297 0.3750000000
94034  6.660  9.930  76.089 0.5000000000
94946  3.493  10.685  80.905 0.5000000000
96660  13.363  13.330  72.732 0.2500000000
96661  12.349  12.508  72.511 0.2500000000
95855  10.523  11.528  72.478 0.2500000000
95833  8.181  11.181  73.888 0.2500000000
94955  2.515  10.572  80.433 0.5000000000
95779  2.469  11.466  79.489 0.5000000000
154038  14.535  14.258  73.556 0.2500000000
97441  13.106  14.102  72.462 0.1250000000
137836  11.041  12.897  72.305 0.1250000000
142381  2.563  10.390  78.968 0.5000000000
94962  2.424  10.803  79.629 0.5000000000
92967  3.580  9.056  77.350 0.5000000000
94021  3.562  9.651  76.449 0.5000000000
94980  3.004  10.479  76.506 0.5000000000
94035  4.055  9.481  75.665 0.5000000000
135744  3.470  10.020  75.785 0.5000000000
94045  4.090  9.515  74.709 0.5000000000
94036  3.465  9.916  75.040 0.5000000000
92997  5.858  8.302  73.460 0.5000000000
93002  5.638  8.541  72.643 0.5000000000
94979  6.289  10.888  76.571 0.5000000000
94969  5.772  10.988  77.401 0.5000000000
95796  5.499  11.668  78.029 0.5000000000
95786  4.250  11.641  79.574 0.5000000000
144799  7.632  12.664  74.527 0.1250000000
95817  7.083  11.459  75.383 0.3750000000
95778  2.893  11.622  80.174 0.5000000000
97431  9.221  14.066  73.319 0.1250000000
95845  8.663  11.892  73.460 0.1250000000
96630  7.891  11.988  74.162 0.2500000000
98228  13.596  14.812  72.819 0.1250000000
98245  11.158  14.432  72.527 0.1250000000
96648  9.655  12.923  72.705 0.2500000000
94972  2.333  11.167  78.764 0.5000000000
94981  2.483  11.408  77.045 0.5000000000
95806  2.304  12.059  76.579 0.5000000000
96616  2.440  12.371  76.325 0.5000000000
94996  3.013  10.485  75.462 0.5000000000
95011  2.628  11.067  75.052 0.5000000000
95819  2.423  11.876  75.614 0.5000000000
95010  2.944  10.347  74.587 0.5000000000
92998  4.983  8.972  73.347 0.5000000000
94055  4.149  9.548  73.795 0.5000000000
95021  2.897  10.361  73.732 0.5000000000
142341  2.580  10.908  74.196 0.5000000000
95031  2.831  10.513  72.802 0.5000000000
93003  4.932  9.180  72.283 0.5000000000
94063  3.374  10.083  72.335 0.5000000000
94070  4.131  9.698  71.863 0.5000000000
97403  7.230  13.919  75.224 0.2500000000
95818  6.517  11.629  76.214 0.2500000000
95804  6.011  11.830  77.183 0.5000000000
95805  5.599  12.253  77.786 0.5000000000
96592  5.001  12.668  78.200 0.5000000000
97416  7.681  13.411  74.581 0.1250000000
96612  6.727  12.378  75.824 0.2500000000
96583  3.364  12.702  78.745 0.5000000000
133843  9.996  15.102  73.318 0.1250000000
98229  9.272  14.834  73.640 0.1250000000
97377  2.563  13.178  78.195 0.5000000000
97386  2.481  13.551  77.668 0.5000000000
99893  14.282  16.411  73.681 0.1250000000
99078  12.511  15.696  72.880 0.1250000000
96593  2.250  12.649  77.959 0.5000000000
140318  2.282  13.135  77.609 0.5000000000
99880  15.131  16.362  74.197 0.1250000000
100755  13.918  17.120  73.811 0.1250000000
95787  2.336  11.931  78.545 0.5000000000
96603  2.219  12.713  77.137 0.3750000000
148730  14.948  17.930  74.550 0.1250000000
96602  2.670  13.167  76.614 0.3750000000
96615  3.390  12.849  76.079 0.5000000000
146484  2.434  11.670  74.663 0.5000000000
96635  2.579  12.264  75.293 0.5000000000
95022  2.532  10.953  73.336 0.5000000000
151821  2.594  12.236  74.073 0.5000000000
95032  2.178  10.993  72.277 0.5000000000
96669  2.548  12.192  72.946 0.5000000000
96654  2.924  12.799  73.741 0.5000000000
95856  2.057  11.473  71.761 0.5000000000
149602  2.905  12.583  72.792 0.5000000000
94071  3.209  10.146  71.422 0.5000000000
95039  2.434  10.559  71.805 0.5000000000
96679  1.794  11.994  71.065 0.5000000000
144309  2.440  12.195  71.971 0.5000000000
96668  3.184  12.885  72.026 0.5000000000
97393  5.878  13.150  77.127 0.2500000000
96591  5.475  12.864  77.690 0.5000000000
155935  6.647  13.012  75.859 0.2500000000
152219  5.321  12.429  78.003 0.5000000000
97384  4.784  13.407  77.987 0.5000000000
98203  6.797  14.318  75.652 0.2500000000
98204  6.279  14.317  76.181 0.2500000000
97376  3.225  13.385  78.379 0.5000000000
99062  9.015  16.027  74.638 0.2500000000
98211  7.852  14.324  74.648 0.1250000000
98177  2.822  13.962  78.026 0.5000000000
142981  2.628  14.019  77.341 0.3750000000
99883  10.620  16.538  74.176 0.1250000000
100744  11.813  17.524  74.502 0.1250000000
97395  2.351  13.438  77.206 0.3750000000
100757  12.329  16.982  73.769 0.1250000000
100742  13.515  17.693  74.190 0.1250000000
97394  2.670  13.866  76.859 0.3750000000
101603  14.625  18.562  74.826 0.1250000000
100741  14.236  17.809  74.299 0.1250000000
101604  13.892  18.429  74.688 0.1250000000
97406  4.025  13.508  75.987 0.3750000000
156562  15.189  18.674  75.025 0.1250000000
96614  4.659  12.904  75.404 0.3750000000
100726  16.506  18.710  76.014 0.1250000000
102429  16.248  21.073  76.861 0.1250000000
96633  4.710  12.517  74.618 0.5000000000
103187  17.575  21.684  76.987 0.1250000000
103189  15.952  22.191  77.155 0.1250000000
96653  4.709  12.350  73.566 0.5000000000
103197  17.153  21.691  75.834 0.1250000000
96667  4.973  12.294  73.027 0.3750000000
97447  3.886  13.473  72.537 0.5000000000
97454  3.916  13.635  71.735 0.3750000000
98192  5.055  14.715  77.104 0.3750000000
98191  5.708  14.276  76.702 0.2500000000
98183  4.287  14.330  77.774 0.3750000000
98212  7.250  14.744  75.262 0.2500000000
99044  4.953  15.698  76.804 0.2500000000
98193  4.116  15.303  77.421 0.2500000000
135882  3.399  15.043  77.665 0.2500000000
100715  9.533  17.557  76.358 0.1250000000
100729  9.833  17.166  75.717 0.2500000000
99871  7.602  16.418  75.615 0.2500000000
99054  6.436  15.650  75.901 0.2500000000
138622  5.820  16.216  76.299 0.2500000000
98185  2.824  14.737  77.589 0.2500000000
100728  10.610  17.468  75.597 0.1250000000
100727  11.251  17.652  75.185 0.1250000000
148862  12.396  17.993  74.748 0.1250000000
99037  2.639  15.431  77.256 0.2500000000
98195  2.516  14.644  76.969 0.2500000000
141769  11.651  18.465  76.535 0.1250000000
101607  11.886  18.119  75.393 0.1250000000
142847  13.086  18.201  74.677 0.1250000000
98206  2.742  14.740  76.117 0.3750000000
98194  3.333  14.065  76.464 0.3750000000
101593  12.575  18.728  76.120 0.1250000000
101605  13.520  18.883  75.569 0.1250000000
98216  2.866  14.931  75.146 0.2500000000
97405  4.838  13.381  75.297 0.3750000000
102441  14.517  19.265  75.440 0.1250000000
102440  15.212  19.523  75.563 0.1250000000
98215  3.782  14.606  74.728 0.3750000000
153712  4.844  13.768  75.155 0.3750000000
102430  15.254  20.650  76.426 0.1250000000
130408  4.821  14.172  74.263 0.3750000000
103188  16.656  22.115  76.895 0.1250000000
97417  4.693  13.009  72.868 0.3750000000
151222  16.344  21.921  75.475 0.1250000000
98247  4.806  13.921  72.564 0.3750000000
102450  16.003  20.632  73.409 0.1250000000
154326  4.646  14.204  71.978 0.3750000000
100718  6.714  17.712  76.471 0.1250000000
101585  6.092  18.267  77.061 0.1250000000
100731  8.061  17.098  75.809 0.1250000000
100719  5.763  17.567  76.789 0.1250000000
99862  4.837  16.589  76.858 0.2500000000
99851  3.631  17.038  77.592 0.2500000000
101581  10.189  18.072  77.030 0.1250000000
101582  9.193  18.098  76.938 0.1250000000
99859  7.195  17.073  76.010 0.2500000000
99860  6.311  16.987  76.273 0.2500000000
99852  2.900  17.066  77.832 0.2500000000
99035  3.208  16.063  77.648 0.2500000000
134451  11.034  18.494  77.223 0.1250000000
100708  2.751  17.749  77.748 0.2500000000
99853  2.651  16.975  77.434 0.2500000000
156806  2.488  16.688  76.056 0.2500000000
102404  13.358  21.029  78.409 0.1250000000
99067  2.787  15.689  75.034 0.2500000000
102431  14.417  20.198  76.464 0.1250000000
103171  13.833  21.633  78.110 0.1250000000
99066  3.240  15.252  74.578 0.3750000000
102420  14.989  21.926  77.322 0.1250000000
98234  3.896  14.912  73.907 0.3750000000
103913  16.181  22.396  76.639 0.1250000000
103914  15.498  22.437  76.631 0.1250000000
103946  14.641  21.403  73.388 0.1250000000
98233  4.838  14.367  73.148 0.3750000000
102458  15.473  20.292  72.533 0.1250000000
99097  5.458  15.581  72.041 0.3750000000
103231  14.675  20.076  71.003 0.1250000000
100717  7.658  17.752  76.283 0.1250000000
101584  7.160  18.462  76.852 0.1250000000
100720  4.790  17.370  77.129 0.2500000000
100706  3.821  17.985  77.779 0.2500000000
101569  8.832  18.583  77.556 0.1250000000
155954  7.162  19.058  77.462 0.1250000000
100707  2.975  17.861  78.054 0.2500000000
101567  10.688  18.760  78.008 0.1250000000
100721  2.455  17.620  77.083 0.2500000000
151340  11.240  18.896  77.805 0.1250000000
102422  11.727  19.065  77.566 0.1250000000
101587  2.552  18.110  76.695 0.2500000000
100733  2.544  17.386  76.335 0.2500000000
101580  12.491  19.288  77.176 0.1250000000
103163  12.674  20.961  78.885 0.1250000000
101597  2.992  18.469  76.229 0.2500000000
99873  2.719  16.972  75.687 0.2500000000
100746  4.003  17.641  74.597 0.2500000000
103901  14.315  22.105  77.499 0.1250000000
99065  3.849  15.645  74.154 0.2500000000
130472  14.883  21.834  74.720 0.1250000000
103915  14.529  22.214  76.600 0.1250000000
153883  14.550  20.403  71.411 0.1250000000
103239  14.307  20.314  70.172 0.1250000000
102411  5.490  19.480  78.024 0.1250000000
139611  5.454  18.779  77.659 0.1250000000
156564  3.996  18.552  77.971 0.2500000000
102408  9.361  18.957  78.435 0.1250000000
101570  7.930  18.809  77.428 0.1250000000
102393  11.117  19.980  80.052 0.1250000000
101574  2.566  18.201  77.360 0.2500000000
101586  2.764  18.757  77.182 0.2500000000
103172  13.285  21.465  78.285 0.1250000000
101610  3.446  18.096  75.366 0.2500000000
103891  13.143  21.796  78.110 0.1250000000
135521  13.552  22.049  77.236 0.1250000000
130537  13.270  21.559  74.341 0.1250000000
103927  13.333  21.711  75.644 0.1250000000
103936  13.463  21.484  73.220 0.1250000000
130536  12.158  21.420  74.553 0.1250000000
103955  13.325  21.040  71.747 0.1250000000
102410  6.635  19.525  77.923 0.1250000000
102412  4.238  19.203  78.099 0.2500000000
102413  3.502  19.462  77.925 0.2500000000
103157  8.370  21.329  81.054 0.1250000000
103166  8.412  20.292  79.950 0.1250000000
102400  6.920  20.049  78.603 0.1250000000
102402  4.959  20.295  78.406 0.2500000000
101572  3.269  18.708  78.041 0.2500000000
103159  10.142  20.652  80.805 0.1250000000
102394  10.475  20.147  80.358 0.1250000000
102423  3.246  19.517  77.072 0.2500000000
103158  10.884  20.603  80.394 0.1250000000
102397  11.696  20.101  79.553 0.1250000000
102433  3.727  19.521  75.999 0.2500000000
103893  11.892  21.351  78.762 0.1250000000
148595  12.541  21.272  78.803 0.1250000000
102443  4.382  19.270  75.068 0.2500000000
103903  11.465  21.482  77.183 0.1250000000
103902  12.426  21.681  77.276 0.1250000000
103928  11.249  21.384  75.058 0.1250000000
103916  12.308  21.521  75.970 0.1250000000
103938  11.508  21.388  73.330 0.1250000000
103937  12.528  21.450  73.610 0.1250000000
103168  6.056  20.736  78.988 0.1250000000
102401  6.020  20.004  78.346 0.1250000000
103878  9.047  21.504  81.131 0.1250000000
103161  6.820  21.194  80.077 0.1250000000
103170  4.194  20.724  78.230 0.2500000000
103173  3.769  20.204  77.820 0.2500000000
103182  3.618  20.132  77.311 0.2500000000
103882  10.385  21.202  80.691 0.1250000000
103877  9.620  21.632  80.945 0.1250000000
103191  3.930  20.141  76.412 0.2500000000
103887  10.508  21.671  79.994 0.1250000000
103894  10.063  21.633  77.680 0.1250000000
103198  5.238  20.568  74.750 0.2500000000
103199  4.560  20.019  75.384 0.2500000000
103917  11.318  21.429  76.178 0.1250000000
103209  5.734  20.328  73.888 0.2500000000
102442  5.176  19.752  74.516 0.2500000000
103929  10.417  21.512  74.388 0.1250000000
104625  7.012  23.230  81.191 0.1250000000
103883  7.531  21.566  80.893 0.1250000000
103169  4.909  21.082  78.794 0.2500000000
103896  4.025  21.022  78.013 0.2500000000
103880  7.409  22.448  81.158 0.1250000000
103879  8.289  21.994  81.258 0.1250000000
103888  4.891  21.786  79.118 0.1250000000
103889  4.423  21.277  78.441 0.2500000000
103907  3.898  20.662  77.575 0.2500000000
148170  8.203  22.720  81.318 0.1250000000
104623  8.831  22.286  81.118 0.1250000000
103895  4.491  21.838  78.266 0.2500000000
103906  4.487  21.512  77.224 0.2500000000
103921  4.190  20.766  76.776 0.2500000000
105362  8.435  23.370  79.563 0.1250000000
104627  9.653  22.282  79.843 0.1250000000
104622  9.466  22.187  80.701 0.1250000000
103920  4.793  21.527  76.026 0.2500000000
103190  4.711  20.739  75.715 0.2500000000
154912  9.070  22.241  78.516 0.1250000000
104632  9.084  22.042  77.612 0.1250000000
103931  5.231  21.416  74.981 0.2500000000
104636  8.377  22.393  76.704 0.1250000000
104642  8.723  22.171  75.733 0.1250000000
148934  5.811  21.813  73.315 0.2500000000
137996  5.678  21.194  74.065 0.2500000000
131275  9.601  21.687  74.631 0.1250000000
104628  6.230  22.619  80.524 0.1250000000
103885  5.720  22.019  79.829 0.1250000000
104624  7.785  23.327  81.331 0.1250000000
149734  5.635  23.147  80.144 0.1250000000
105356  8.330  23.169  81.191 0.1250000000
104631  4.796  22.532  78.844 0.2500000000
104637  4.775  22.482  77.305 0.2500000000
104630  8.749  22.786  79.027 0.1250000000
104635  4.736  22.685  78.066 0.2500000000
104634  7.958  22.897  77.246 0.1250000000
104644  4.860  22.392  76.298 0.2500000000
105371  8.064  23.202  75.442 0.1250000000
104650  5.107  22.404  75.143 0.2500000000
104648  8.906  21.970  74.848 0.1250000000
104657  5.482  22.721  73.365 0.2500000000
103942  5.525  22.062  74.200 0.2500000000
104663  5.819  22.372  72.551 0.2500000000
104626  6.321  23.588  80.910 0.1250000000
105364  5.089  23.360  79.300 0.2500000000
105357  7.887  23.919  81.202 0.1250000000
131451  7.465  24.700  81.060 0.1250000000
130298  4.854  23.340  78.328 0.2500000000
106093  7.694  24.773  79.573 0.1250000000
147472  4.793  23.319  77.448 0.2500000000
105369  4.804  23.242  76.562 0.2500000000
106096  7.629  24.222  78.200 0.1250000000
105372  4.827  23.242  75.606 0.2500000000
105368  7.818  23.190  76.428 0.1250000000
105378  4.899  23.320  74.664 0.2500000000
105383  4.957  23.403  73.780 0.2500000000
105377  8.327  23.299  74.501 0.1250000000
147984  5.513  23.022  72.524 0.2500000000
105384  4.473  24.076  73.331 0.2500000000
105389  5.043  23.495  72.918 0.2500000000
105390  4.456  24.142  72.444 0.2500000000
105361  5.583  23.929  80.237 0.1250000000
106091  7.513  25.182  80.493 0.1250000000
106830  6.989  25.724  80.777 0.1250000000
106092  5.579  24.845  80.258 0.2500000000
106837  7.807  25.945  78.379 0.1250000000
105370  4.618  24.026  76.047 0.2500000000
155285  7.625  24.980  77.824 0.1250000000
106099  7.589  24.292  76.942 0.1250000000
105373  4.584  24.023  75.111 0.2500000000
139268  3.724  25.388  75.221 0.2500000000
106102  7.773  24.020  75.840 0.1250000000
136642  8.021  23.883  75.083 0.1250000000
106849  4.143  24.695  74.670 0.2500000000
106850  3.542  25.364  74.141 0.2500000000
106847  9.025  25.781  74.374 0.1250000000
105382  8.620  23.053  73.520 0.1250000000
155335  3.635  25.044  73.476 0.2500000000
106861  9.433  25.205  72.620 0.1250000000
106111  3.804  24.763  72.914 0.2500000000
106855  3.411  25.482  73.267 0.2500000000
134891  3.947  24.844  71.955 0.2500000000
155250  3.782  25.414  71.970 0.2500000000
106095  5.052  25.228  79.429 0.2500000000
106097  4.879  23.988  78.629 0.2500000000
106835  7.658  26.416  79.668 0.1250000000
106832  7.390  25.921  80.343 0.1250000000
106836  4.584  25.704  78.730 0.2500000000
106098  4.699  24.783  78.587 0.2500000000
106100  4.342  24.769  76.750 0.2500000000
107596  9.655  26.917  76.192 0.1250000000
106844  7.860  25.026  76.215 0.1250000000
106845  3.740  25.440  76.232 0.2500000000
107602  8.855  26.131  75.335 0.1250000000
107607  9.734  26.258  74.030 0.1250000000
107603  3.112  26.108  74.924 0.2500000000
106860  9.947  25.712  72.181 0.1250000000
107608  2.953  26.235  73.958 0.2500000000
107617  3.241  26.131  72.944 0.2500000000
108406  3.407  27.098  73.118 0.2500000000
106862  3.696  25.899  72.099 0.2500000000
107580  6.896  26.692  80.269 0.2500000000
153270  6.121  25.932  80.439 0.1250000000
106834  5.138  26.084  79.477 0.2500000000
107587  8.847  27.742  78.545 0.1250000000
107588  8.174  27.219  79.076 0.1250000000
108365  6.395  27.117  79.712 0.2500000000
131540  4.196  25.400  77.821 0.2500000000
107597  8.857  26.476  76.399 0.1250000000
106842  3.712  25.603  77.081 0.2500000000
107595  10.535  27.348  76.005 0.1250000000
107601  9.703  26.561  75.090 0.1250000000
106839  3.270  26.198  76.793 0.2500000000
106846  3.243  26.070  75.870 0.2500000000
107606  10.470  26.745  73.750 0.1250000000
107600  10.474  27.046  74.851 0.1250000000
107615  9.818  25.964  73.064 0.1250000000
106838  3.543  26.332  77.568 0.2500000000
94220  58.116  9.545  50.515 0.3750000000
63769  34.070  -21.143  77.489 0.8750000000
64753  33.871  -19.374  76.526 1.0000000000
66766  35.322  -17.819  78.344 1.0000000000
66786  34.558  -17.557  77.677 1.0000000000
65771  34.799  -18.369  77.905 1.0000000000
150642  33.834  -17.754  75.777 1.0000000000
66787  34.182  -17.505  76.713 1.0000000000
65794  33.559  -18.301  75.242 1.0000000000
67788  34.282  -16.271  77.621 1.0000000000
67799  33.979  -16.496  76.722 1.0000000000
67806  33.518  -16.493  75.553 1.0000000000
68885  18.851  -14.975  73.897 1.0000000000
67777  35.474  -16.419  78.432 0.8750000000
68839  34.245  -15.480  77.722 1.0000000000
68860  33.562  -15.608  76.263 1.0000000000
68884  32.089  -15.648  73.544 1.0000000000
70999  32.856  -13.617  75.805 1.0000000000
69909  32.287  -15.030  74.042 1.0000000000
69892  19.556  -14.631  74.974 1.0000000000
69920  31.509  -14.154  72.436 1.0000000000
64789  32.404  -19.230  74.372 1.0000000000
67847  18.220  -16.755  70.964 1.0000000000
69877  33.158  -13.903  76.640 1.0000000000
71007  32.658  -13.669  74.964 1.0000000000
69913  19.438  -14.569  73.485 1.0000000000
71019  32.354  -13.665  74.092 1.0000000000
71033  31.725  -13.486  72.754 1.0000000000
72089  31.098  -12.841  69.769 1.0000000000
60725  24.206  -22.142  79.616 0.7500000000
68822  24.223  -15.499  79.901 0.8750000000
153146  22.634  -19.674  72.852 1.0000000000
64898  19.694  -18.961  70.961 1.0000000000
64874  18.976  -19.024  71.297 1.0000000000
65853  20.376  -18.569  69.753 1.0000000000
65855  18.719  -18.060  70.476 1.0000000000
72051  32.160  -12.843  73.534 1.0000000000
66852  19.512  -17.449  69.365 1.0000000000
72065  31.816  -12.245  72.079 1.0000000000
144624  31.695  -12.073  71.238 1.0000000000
67866  19.221  -16.093  69.491 1.0000000000
73088  31.204  -11.273  69.270 1.0000000000
72110  30.605  -12.472  68.617 0.8750000000
73038  32.656  -11.513  75.136 1.0000000000
73048  32.502  -11.285  74.182 1.0000000000
73055  32.183  -11.360  72.485 1.0000000000
73054  32.369  -11.261  73.350 1.0000000000
146203  34.723  -12.067  78.378 1.0000000000
73064  31.939  -11.413  71.651 1.0000000000
74080  32.221  -10.586  72.048 1.0000000000
74102  31.310  -10.457  69.568 1.0000000000
155735  10.837  -9.559  79.624 0.8750000000
72979  10.232  -10.747  80.790 0.8750000000
74067  32.832  -10.642  75.722 1.0000000000
74052  34.032  -10.462  78.057 1.0000000000
74087  32.027  -9.792  71.539 1.0000000000
75114  31.459  -8.957  69.758 1.0000000000
75108  31.673  -8.907  70.544 1.0000000000
72125  29.879  -12.386  67.108 0.8750000000
74140  30.292  -10.166  66.975 0.8750000000
66822  10.268  -17.869  72.442 0.6250000000
66854  11.469  -17.363  69.491 0.3750000000
74044  20.483  -10.824  78.841 0.8750000000
63761  25.318  -21.523  78.538 0.8750000000
73004  21.774  -11.640  78.690 0.8750000000
63776  25.657  -20.791  77.827 1.0000000000
63792  24.698  -20.422  76.663 1.0000000000
140727  24.866  -20.249  75.767 1.0000000000
64775  25.670  -20.017  75.499 1.0000000000
75079  32.959  -9.679  75.306 1.0000000000
75085  33.053  -9.045  74.715 1.0000000000
75095  32.625  -8.710  73.031 1.0000000000
76085  33.253  -8.437  74.678 1.0000000000
75101  32.305  -8.779  72.170 1.0000000000
76120  31.892  -8.113  71.021 1.0000000000
76160  31.273  -8.135  68.799 1.0000000000
148827  30.274  -15.697  69.231 1.0000000000
74141  29.838  -10.313  66.316 0.8750000000
75150  30.180  -9.539  66.409 0.8750000000
76192  30.468  -8.600  66.521 0.8750000000
77203  30.356  -7.378  65.749 0.8750000000
67828  9.561  -16.827  73.383 0.8750000000
74045  19.773  -10.657  79.012 0.8750000000
64869  27.069  -19.446  71.119 1.0000000000
76060  34.128  -8.554  76.824 1.0000000000
76073  33.747  -8.550  75.933 1.0000000000
138275  26.486  -19.313  69.726 1.0000000000
77044  34.931  -7.651  76.981 0.8750000000
152414  33.463  -7.878  74.789 1.0000000000
147504  32.347  -7.444  71.396 1.0000000000
77132  32.113  -7.335  70.573 1.0000000000
77151  32.000  -6.892  69.743 1.0000000000
71083  29.550  -13.850  67.099 0.8750000000
67908  23.136  -16.683  65.573 1.0000000000
78116  30.830  -6.130  66.487 1.0000000000
73153  28.860  -11.221  64.669 0.8750000000
75201  28.527  -9.952  63.542 0.8750000000
79203  30.417  -5.270  64.108 0.8750000000
156571  17.635  -10.613  80.135 0.8750000000
130028  15.570  -7.288  78.030 0.8750000000
77039  14.946  -7.805  77.081 0.8750000000
76068  14.585  -7.912  76.613 0.8750000000
75074  13.402  -9.005  76.650 1.0000000000
63774  27.872  -21.015  77.812 0.8750000000
72022  10.216  -12.114  75.918 0.8750000000
77054  34.711  -7.344  76.230 1.0000000000
78058  33.354  -6.795  72.805 1.0000000000
65878  25.910  -18.979  68.111 1.0000000000
77030  35.968  -8.185  77.336 0.8750000000
78074  33.000  -6.452  71.755 1.0000000000
133098  32.868  -6.172  71.003 1.0000000000
78084  32.444  -6.487  70.454 1.0000000000
77042  36.759  -7.564  77.071 0.8750000000
77999  37.565  -6.777  76.727 0.8750000000
78091  32.650  -5.925  70.191 1.0000000000
76083  36.314  -8.829  75.806 0.7500000000
76082  36.840  -8.323  75.667 0.7500000000
150067  29.185  -13.506  65.677 0.8750000000
147816  30.942  -4.985  65.522 1.0000000000
80218  30.914  -4.706  64.712 1.0000000000
74010  17.054  -10.264  81.394 0.8750000000
74009  17.613  -10.304  81.702 0.8750000000
79044  13.390  -5.419  74.489 0.8750000000
72034  10.176  -12.199  74.885 0.8750000000
66916  24.833  -17.125  64.763 1.0000000000
66886  25.499  -18.102  65.808 1.0000000000
131562  27.762  -19.430  71.056 1.0000000000
64911  26.902  -19.026  69.165 1.0000000000
64910  28.077  -19.149  69.787 1.0000000000
65877  26.842  -18.746  68.379 1.0000000000
67907  23.686  -16.632  65.060 1.0000000000
70044  24.164  -14.293  65.032 1.0000000000
72151  23.428  -13.051  65.700 1.0000000000
73139  22.949  -12.189  65.849 1.0000000000
78028  34.193  -6.459  74.288 1.0000000000
78042  34.005  -6.217  73.217 1.0000000000
150429  35.491  -6.449  75.849 1.0000000000
142177  36.274  -7.108  76.914 0.8750000000
78027  34.847  -6.460  75.224 1.0000000000
78057  33.386  -6.269  72.154 1.0000000000
79074  33.918  -5.893  72.391 1.0000000000
79088  33.664  -5.764  71.652 1.0000000000
79018  37.252  -6.342  76.429 0.8750000000
80166  33.309  -5.108  69.223 1.0000000000
79126  32.840  -5.297  68.681 1.0000000000
76070  37.502  -7.875  76.087 0.8750000000
79139  32.505  -5.265  67.827 1.0000000000
80188  32.295  -4.486  66.869 1.0000000000
76096  36.135  -8.567  74.712 0.7500000000
80266  31.191  -4.596  62.807 0.7500000000
75202  27.881  -10.229  62.920 0.8750000000
74008  18.242  -10.435  81.984 0.8750000000
152087  17.356  -8.878  81.779 0.8750000000
80076  15.235  -4.869  78.940 0.8750000000
73117  22.741  -10.932  67.123 0.8750000000
75142  23.536  -8.745  67.076 0.8750000000
76180  24.167  -7.571  68.202 0.8750000000
156598  22.818  -11.527  67.071 0.8750000000
151662  22.669  -10.451  66.314 0.8750000000
67920  24.010  -15.903  64.762 1.0000000000
69015  24.463  -15.098  64.514 1.0000000000
130141  24.675  -15.839  64.408 1.0000000000
64867  29.924  -19.350  71.952 1.0000000000
79041  35.574  -6.052  75.116 1.0000000000
139002  35.088  -5.640  72.993 1.0000000000
79056  34.609  -5.934  73.625 1.0000000000
138764  34.399  -5.829  72.866 1.0000000000
80151  33.964  -5.265  70.295 1.0000000000
79087  34.319  -5.536  71.778 1.0000000000
80165  33.786  -4.990  69.554 1.0000000000
67874  29.410  -16.618  68.525 1.0000000000
66861  28.499  -17.636  68.282 1.0000000000
79040  36.527  -5.743  74.982 1.0000000000
79099  35.029  -5.334  71.179 1.0000000000
79027  38.087  -6.333  76.312 0.8750000000
80187  32.929  -4.016  67.236 1.0000000000
80186  33.441  -4.391  67.904 0.8750000000
134633  33.023  -3.853  66.013 0.8750000000
144268  28.824  -14.097  65.361 0.8750000000
69993  28.995  -14.805  66.407 0.8750000000
71118  28.432  -14.062  64.656 0.8750000000
80232  32.327  -3.991  64.091 1.0000000000
74187  27.280  -10.890  63.231 0.8750000000
76106  36.527  -8.449  72.989 0.7500000000
80249  32.352  -4.063  63.378 0.8750000000
76260  27.532  -8.760  61.282 0.7500000000
76022  17.386  -9.645  81.943 0.8750000000
131008  19.762  -10.460  81.356 0.8750000000
78989  16.356  -5.866  80.891 0.8750000000
74016  21.638  -10.487  80.851 0.8750000000
80070  14.713  -4.326  79.401 0.8750000000
79059  11.479  -5.357  73.267 0.8750000000
77087  21.467  -7.990  73.391 0.7500000000
76111  18.821  -8.108  72.918 0.7500000000
76090  19.673  -8.458  74.474 0.7500000000
154882  20.776  -7.644  71.652 0.7500000000
130150  20.016  -7.753  71.857 0.7500000000
79060  10.584  -5.364  73.274 0.8750000000
77138  19.723  -7.612  70.259 0.7500000000
131694  21.574  -7.620  71.804 0.7500000000
79061  9.711  -5.522  73.431 0.8750000000
77100  22.593  -7.579  71.925 0.8750000000
79062  8.886  -5.766  73.670 0.8750000000
77135  22.568  -7.523  70.166 0.7500000000
77155  22.037  -7.500  69.530 0.7500000000
77156  21.092  -7.522  69.594 0.7500000000
141181  23.259  -7.485  70.673 0.8750000000
150859  9.899  -7.143  71.597 0.8750000000
77171  23.408  -7.232  68.507 0.7500000000
138021  23.892  -7.365  68.907 0.7500000000
77183  22.477  -7.096  68.110 0.7500000000
77152  24.274  -7.731  69.900 0.8750000000
77133  24.351  -7.754  70.776 0.8750000000
77182  24.013  -7.248  67.463 0.8750000000
75109  24.390  -8.748  70.159 0.8750000000
64842  29.224  -19.521  72.451 1.0000000000
137824  26.752  -17.736  66.047 1.0000000000
65890  27.180  -18.305  67.632 1.0000000000
66899  26.058  -17.666  65.428 1.0000000000
71107  23.873  -13.304  64.978 1.0000000000
132123  23.351  -12.553  65.061 1.0000000000
69014  25.434  -15.669  64.111 1.0000000000
70043  24.593  -14.338  64.338 1.0000000000
73155  23.379  -11.647  64.132 1.0000000000
73156  22.784  -10.945  64.577 1.0000000000
64888  29.168  -19.278  70.796 1.0000000000
65862  29.302  -18.265  69.625 1.0000000000
67893  28.550  -15.971  66.718 1.0000000000
66883  28.148  -16.704  66.345 1.0000000000
79054  37.892  -5.411  73.977 1.0000000000
145721  38.162  -5.806  75.699 0.8750000000
130890  37.336  -5.867  75.816 0.8750000000
80176  33.740  -4.670  68.773 1.0000000000
80175  34.397  -4.573  68.941 0.8750000000
68981  28.653  -15.356  66.167 0.8750000000
69011  28.040  -15.267  64.800 1.0000000000
70040  27.816  -14.651  64.371 1.0000000000
79026  38.869  -6.054  75.902 0.8750000000
80185  34.207  -4.383  68.023 0.8750000000
73187  26.475  -11.457  63.155 0.8750000000
79025  39.575  -5.900  75.501 1.0000000000
77065  39.798  -7.205  75.001 0.8750000000
80196  35.114  -4.634  66.586 0.8750000000
80231  34.014  -4.297  64.636 0.8750000000
74215  25.830  -10.081  61.735 0.8750000000
77080  39.189  -7.535  74.322 0.7500000000
76093  38.443  -7.752  73.523 0.7500000000
77234  26.492  -7.922  60.271 0.7500000000
150810  27.400  -5.970  59.154 0.7500000000
80299  29.824  -4.821  59.734 0.6250000000
75040  18.303  -9.902  83.331 0.8750000000
80053  15.076  -4.700  81.554 0.8750000000
138919  14.676  -4.415  81.054 0.8750000000
143978  13.419  -3.586  80.501 0.8750000000
151159  11.834  -3.024  80.133 0.8750000000
82146  10.593  -2.593  79.400 0.8750000000
76078  19.442  -8.424  75.104 0.6250000000
72974  26.062  -11.022  80.703 0.8750000000
82155  10.270  -2.606  77.925 0.8750000000
141956  18.359  -7.897  74.432 0.6250000000
77089  18.120  -7.825  73.104 0.6250000000
138115  26.606  -12.506  79.990 0.8750000000
81187  9.641  -2.963  77.345 0.8750000000
155071  17.299  -7.245  71.987 0.6250000000
76087  22.356  -8.179  74.884 1.0000000000
81176  8.739  -3.384  77.499 0.8750000000
77120  17.654  -7.458  71.595 0.6250000000
77058  23.178  -8.023  74.910 1.0000000000
131315  23.694  -7.933  75.594 1.0000000000
77085  23.378  -7.732  73.597 1.0000000000
77139  18.783  -7.606  70.474 0.7500000000
77157  19.622  -7.495  69.358 0.6250000000
133233  23.775  -7.548  71.953 0.8750000000
132506  24.800  -7.930  72.157 0.8750000000
77184  21.215  -7.209  68.050 0.6250000000
77113  24.459  -7.747  71.593 0.8750000000
75103  24.464  -8.796  71.194 0.8750000000
148379  22.959  -6.813  67.403 0.7500000000
78107  21.971  -6.883  67.375 0.6250000000
141901  24.137  -9.625  70.651 0.8750000000
77142  8.579  -7.551  70.470 0.8750000000
151896  23.561  -6.934  67.001 0.8750000000
75168  22.744  -9.648  65.756 0.8750000000
76215  23.605  -7.612  65.732 0.8750000000
77210  23.591  -7.298  64.906 0.7500000000
66871  27.553  -17.751  67.040 1.0000000000
65863  28.480  -18.612  69.312 1.0000000000
66862  27.888  -18.001  67.894 1.0000000000
67917  27.006  -16.423  64.762 1.0000000000
71120  24.935  -13.811  63.946 1.0000000000
72162  23.830  -12.692  64.585 1.0000000000
66884  27.511  -17.314  66.212 1.0000000000
69024  25.947  -14.941  63.744 1.0000000000
69013  26.451  -15.676  64.162 1.0000000000
70066  25.584  -14.234  63.730 1.0000000000
72176  24.130  -12.301  63.978 1.0000000000
71121  24.401  -13.087  64.357 1.0000000000
73172  23.335  -10.936  63.679 0.8750000000
76243  23.274  -8.915  63.445 0.8750000000
71131  25.744  -13.396  63.670 1.0000000000
70041  26.906  -14.870  63.931 1.0000000000
73189  24.575  -11.157  62.787 0.8750000000
72174  25.519  -12.576  63.569 1.0000000000
74206  24.414  -10.444  62.372 0.8750000000
76253  23.608  -8.585  62.096 0.7500000000
79084  37.637  -5.429  71.813 1.0000000000
80148  36.128  -5.095  70.343 0.8750000000
80149  35.451  -5.071  70.434 1.0000000000
71130  26.756  -13.343  63.653 0.8750000000
136071  25.817  -11.994  63.290 0.8750000000
74205  25.039  -10.781  62.313 0.8750000000
147608  39.510  -5.556  74.797 1.0000000000
78026  40.112  -6.536  75.330 0.8750000000
79125  35.738  -5.107  68.177 0.8750000000
74204  25.731  -10.595  62.158 0.8750000000
136308  24.903  -9.292  61.358 0.8750000000
75227  25.462  -9.666  61.497 0.8750000000
79138  35.692  -5.151  67.348 0.8750000000
131912  34.471  -4.433  65.198 0.8750000000
76262  25.775  -9.087  61.008 0.7500000000
79151  36.681  -5.532  66.508 0.8750000000
76270  25.734  -8.375  60.529 0.7500000000
77235  25.645  -7.704  60.082 0.7500000000
80230  34.896  -4.810  64.375 0.8750000000
80247  33.961  -4.296  63.319 1.0000000000
78180  27.013  -6.622  59.502 0.7500000000
80262  35.052  -4.943  62.128 0.8750000000
80296  33.964  -4.141  61.076 0.6250000000
81348  33.338  -3.068  59.867 0.5000000000
81350  31.637  -3.154  59.472 0.5000000000
73992  18.874  -10.180  83.657 0.8750000000
77974  16.724  -6.601  83.804 0.8750000000
154197  16.053  -6.308  84.187 0.8750000000
82147  9.690  -2.602  79.304 0.8750000000
151644  17.485  -6.854  74.651 0.6250000000
78016  17.474  -6.494  75.238 0.6250000000
82148  8.849  -2.785  79.141 0.8750000000
71985  26.584  -13.097  78.964 1.0000000000
73002  26.816  -12.188  79.177 0.8750000000
78101  17.073  -6.095  68.863 0.6250000000
130427  16.730  -5.507  69.283 0.3750000000
79048  7.652  -5.846  74.674 0.8750000000
77158  18.836  -7.386  69.110 0.5000000000
144753  18.087  -7.071  69.004 0.5000000000
77174  19.470  -7.364  68.529 0.6250000000
77185  20.149  -7.295  67.894 0.6250000000
75096  25.074  -9.172  72.737 1.0000000000
78109  19.868  -7.063  67.116 0.6250000000
78119  21.612  -6.736  66.610 0.6250000000
136183  22.413  -6.586  66.110 0.7500000000
78132  22.610  -6.445  65.416 0.6250000000
77205  23.645  -6.949  65.570 0.7500000000
78131  23.321  -6.663  65.208 0.7500000000
78145  22.674  -6.341  64.665 0.7500000000
78144  23.250  -6.668  64.478 0.7500000000
77224  23.485  -7.697  62.421 0.6250000000
79052  39.893  -5.349  74.094 1.0000000000
131107  23.478  -7.172  62.037 0.6250000000
76264  24.210  -8.811  61.478 0.8750000000
79036  40.655  -6.050  75.139 1.0000000000
135479  37.201  -5.391  69.450 0.8750000000
76263  25.011  -8.620  60.927 0.7500000000
72163  6.415  -12.820  64.215 0.6250000000
72164  5.522  -12.863  64.629 0.6250000000
78024  41.791  -5.903  74.431 1.0000000000
79034  42.416  -5.503  73.829 1.0000000000
155778  41.880  -4.964  72.962 1.0000000000
78025  41.139  -6.269  74.718 1.0000000000
77078  40.585  -7.319  73.908 0.8750000000
70050  6.070  -14.369  64.524 0.7500000000
77076  41.925  -6.694  73.404 1.0000000000
77094  40.714  -7.454  72.958 0.8750000000
77111  40.233  -7.632  72.279 0.7500000000
79202  35.662  -5.364  63.731 0.8750000000
78182  25.353  -6.327  59.179 0.7500000000
77110  40.869  -7.648  72.051 0.7500000000
77093  41.370  -7.313  72.704 1.0000000000
77130  40.939  -7.696  71.128 0.7500000000
78056  42.858  -6.280  73.270 1.0000000000
77108  42.327  -7.272  71.483 0.8750000000
76114  39.702  -7.791  71.634 0.6250000000
151527  39.821  -7.973  70.962 0.5000000000
142622  39.206  -8.081  71.007 0.5000000000
80278  35.263  -4.824  61.202 0.7500000000
79273  26.481  -5.303  58.499 0.6250000000
76137  39.793  -8.077  69.558 0.3750000000
77129  41.608  -7.587  70.833 0.6250000000
145074  41.599  -7.582  69.961 0.6250000000
76138  38.996  -8.279  69.607 0.3750000000
81369  27.952  -3.534  58.329 0.5000000000
131710  38.998  -8.319  68.174 0.3750000000
141616  34.264  -3.748  60.446 0.5000000000
80295  34.725  -4.258  60.758 0.6250000000
84252  30.412  -0.985  58.819 0.5000000000
142939  29.183  -1.815  58.691 0.5000000000
81368  28.738  -3.350  58.469 0.5000000000
82299  33.831  -2.422  59.596 0.5000000000
137196  32.676  -1.099  59.321 0.5000000000
142808  31.901  -0.997  59.135 0.5000000000
83259  31.636  -1.754  59.023 0.5000000000
76010  18.282  -8.480  84.996 0.8750000000
137368  25.254  -10.438  82.121 0.7500000000
74002  25.957  -10.170  82.137 0.8750000000
152431  16.326  -6.811  84.802 0.8750000000
80048  13.137  -4.424  83.114 0.8750000000
81156  9.480  -2.997  80.999 0.8750000000
82141  9.120  -2.755  80.085 0.8750000000
130374  8.092  -3.283  78.874 0.8750000000
150101  7.433  -4.097  77.845 0.8750000000
153440  7.311  -4.860  76.845 0.8750000000
79022  6.155  -6.034  76.527 0.8750000000
79031  7.328  -5.654  75.411 0.8750000000
79032  6.476  -6.096  75.744 0.8750000000
83158  17.156  -1.927  67.462 0.1250000000
80189  16.560  -4.663  67.777 0.3750000000
78100  17.601  -6.535  68.528 0.3750000000
79141  17.428  -5.931  67.179 0.3750000000
79128  17.180  -6.018  67.984 0.3750000000
78110  18.489  -6.774  67.645 0.5000000000
78111  17.774  -6.434  67.733 0.5000000000
77186  19.271  -7.141  67.724 0.6250000000
153059  17.634  -5.883  66.665 0.3750000000
147748  19.474  -6.590  66.135 0.6250000000
78120  20.403  -6.767  66.423 0.6250000000
78134  20.152  -6.437  65.529 0.6250000000
147488  20.793  -6.261  64.959 0.6250000000
78175  23.614  -6.322  60.627 0.5000000000
79094  40.442  -5.392  70.960 0.8750000000
147898  38.199  -5.530  70.903 0.8750000000
79080  41.179  -5.182  71.550 0.8750000000
79093  41.151  -5.277  70.551 0.8750000000
79109  39.526  -5.608  69.797 0.8750000000
130897  38.037  -5.679  69.338 0.8750000000
78183  24.621  -6.118  59.330 0.6250000000
131291  43.798  -4.769  72.647 1.0000000000
80129  43.223  -5.015  73.314 1.0000000000
80146  42.524  -4.643  70.525 0.8750000000
80130  42.501  -4.942  73.276 1.0000000000
80139  42.015  -4.819  72.258 1.0000000000
79107  41.227  -5.344  69.652 0.8750000000
79121  39.914  -5.705  69.097 0.8750000000
79134  39.443  -5.796  68.290 0.8750000000
79122  38.406  -5.721  68.264 0.8750000000
79136  37.596  -5.549  67.805 0.8750000000
79259  24.283  -5.369  59.018 0.5000000000
79092  45.250  -5.112  71.321 1.0000000000
78071  44.530  -5.538  71.625 1.0000000000
79079  44.231  -5.320  72.352 1.0000000000
78055  43.539  -5.829  72.798 1.0000000000
148956  39.025  -5.924  67.563 0.8750000000
131614  36.925  -5.768  65.724 0.8750000000
79150  37.553  -5.869  66.386 0.8750000000
78082  43.821  -6.207  70.894 0.8750000000
78083  43.080  -6.767  71.185 0.8750000000
130585  38.926  -6.227  65.784 0.8750000000
130583  38.694  -6.206  65.029 0.8750000000
79186  37.300  -5.913  63.898 0.8750000000
141817  27.296  -3.255  58.308 0.5000000000
79106  45.336  -5.403  70.338 1.0000000000
79184  40.100  -5.906  64.448 0.8750000000
79200  37.466  -5.947  62.875 0.8750000000
130581  38.171  -6.082  63.597 0.8750000000
84238  31.113  -0.404  59.033 0.5000000000
84253  29.756  -0.789  58.942 0.5000000000
85224  29.020  0.317  60.022 0.3750000000
84241  28.534  -0.414  59.517 0.3750000000
139771  28.514  -1.864  58.737 0.5000000000
130829  38.288  -6.073  62.826 0.8750000000
79215  38.820  -5.953  62.303 0.7500000000
79231  36.850  -5.399  61.367 0.7500000000
81323  35.935  -3.718  59.891 0.6250000000
136279  31.834  -0.176  59.266 0.5000000000
143840  40.258  -8.466  66.706 0.2500000000
80292  38.066  -4.648  60.288 0.6250000000
80293  37.268  -4.672  60.419 0.6250000000
82298  34.847  -2.582  59.537 0.6250000000
130867  34.021  -0.917  59.564 0.5000000000
84236  33.240  -0.643  59.498 0.5000000000
82297  35.775  -2.392  59.494 0.6250000000
73988  20.217  -9.982  84.537 0.8750000000
81141  11.390  -3.476  81.774 0.8750000000
75034  24.506  -9.826  83.486 0.7500000000
76997  18.173  -8.341  85.358 0.8750000000
76993  17.108  -7.546  85.832 0.8750000000
150004  10.629  -3.784  83.201 0.8750000000
80045  11.990  -4.613  84.655 0.8750000000
80046  11.258  -4.474  84.708 0.8750000000
141713  7.560  -3.458  80.502 0.8750000000
78971  13.483  -5.518  86.001 0.8750000000
80038  12.576  -5.030  85.415 0.8750000000
80088  7.071  -4.680  77.440 0.8750000000
80089  6.327  -5.200  77.731 0.8750000000
73033  25.741  -11.200  76.572 1.0000000000
141931  25.939  -12.006  77.306 1.0000000000
78020  5.927  -6.523  75.289 0.8750000000
134121  3.875  -6.675  75.791 0.8750000000
83187  19.219  -1.554  65.557 0.1250000000
134175  18.227  -1.540  66.525 0.1250000000
81262  17.126  -3.830  65.916 0.1250000000
79176  17.607  -5.149  65.734 0.5000000000
72044  24.808  -12.766  74.450 1.0000000000
82235  17.868  -3.055  65.060 0.1250000000
81277  18.176  -3.497  64.539 0.1250000000
81271  17.607  -3.625  65.223 0.1250000000
80220  17.474  -4.366  65.451 0.3750000000
83200  19.281  -1.743  64.655 0.1250000000
80219  17.986  -4.775  65.062 0.3750000000
79174  19.074  -5.672  64.859 0.5000000000
80234  18.923  -4.588  63.950 0.3750000000
81284  18.696  -3.788  63.824 0.1250000000
130735  20.056  -5.499  64.009 0.5000000000
79208  19.661  -4.923  63.599 0.5000000000
81283  19.274  -3.344  63.300 0.1250000000
80268  20.435  -4.108  62.347 0.5000000000
79223  20.825  -4.826  62.658 0.5000000000
79207  20.580  -5.273  63.393 0.5000000000
79222  21.416  -5.358  62.951 0.7500000000
79221  22.140  -5.569  62.393 0.6250000000
80267  21.155  -4.446  62.021 0.5000000000
80284  22.166  -4.675  61.171 0.6250000000
79249  22.628  -5.009  60.680 0.5000000000
75172  7.497  -9.907  65.751 0.6250000000
74156  7.093  -10.650  65.387 0.6250000000
73142  5.207  -12.130  65.156 0.7500000000
72153  3.850  -12.727  65.667 0.7500000000
73143  4.243  -12.127  65.520 0.7500000000
81237  44.227  -3.620  70.147 1.0000000000
81245  44.272  -3.633  69.160 1.0000000000
80160  42.628  -4.644  69.536 0.8750000000
80172  42.162  -5.040  68.831 0.8750000000
81372  24.684  -3.628  58.581 0.3750000000
152226  24.470  -4.245  58.587 0.3750000000
80320  24.011  -4.579  58.837 0.5000000000
156113  41.774  -5.200  67.308 0.8750000000
79147  41.069  -5.435  66.813 0.8750000000
82318  25.862  -3.060  58.468 0.3750000000
80144  46.657  -3.500  70.551 1.0000000000
80212  42.663  -4.547  65.286 0.8750000000
86223  30.735  1.376  60.854 0.3750000000
134342  29.928  1.713  61.724 0.2500000000
87241  30.211  2.254  62.950 0.2500000000
85208  29.233  0.830  60.685 0.3750000000
84223  28.110  0.073  60.100 0.3750000000
85186  28.828  1.004  61.334 0.3750000000
83261  27.257  -1.293  59.307 0.3750000000
154781  45.943  -5.112  70.073 0.8750000000
138572  45.384  -5.541  69.327 0.6250000000
80229  41.657  -5.070  64.353 0.8750000000
79198  40.614  -5.480  63.781 0.8750000000
79197  41.259  -5.192  63.945 0.8750000000
79214  39.584  -5.782  62.565 0.8750000000
79227  40.125  -5.383  61.883 0.6250000000
132918  38.955  -4.756  60.453 0.6250000000
79228  39.383  -5.579  61.684 0.6250000000
85203  33.550  0.654  60.114 0.6250000000
86221  32.399  1.336  60.492 0.5000000000
86209  32.894  1.740  61.080 0.5000000000
155179  39.921  -8.558  66.199 0.2500000000
81342  39.714  -3.416  59.818 0.5000000000
80290  40.919  -4.232  60.690 0.7500000000
81322  38.713  -4.275  60.056 0.5000000000
80314  38.159  -3.972  59.832 0.5000000000
145524  37.035  -2.912  59.590 0.5000000000
84233  35.886  -1.072  59.681 0.3750000000
85202  34.456  0.422  60.301 0.5000000000
130426  22.726  -10.232  83.820 0.7500000000
73990  21.960  -10.063  84.285 0.7500000000
75035  23.039  -9.627  84.361 0.7500000000
75029  22.004  -9.504  84.836 0.7500000000
75031  19.561  -9.448  84.885 0.7500000000
76008  19.034  -9.026  85.253 0.7500000000
75039  25.184  -9.694  82.995 0.7500000000
76003  19.596  -8.624  85.630 0.7500000000
131131  9.806  -3.564  82.922 0.8750000000
135480  10.026  -3.216  81.747 0.8750000000
75042  26.120  -9.462  82.007 0.8750000000
76991  18.181  -8.270  85.795 0.7500000000
152655  10.752  -4.377  85.065 0.8750000000
135527  15.377  -6.697  86.011 0.8750000000
78970  14.009  -6.053  86.432 0.8750000000
137194  6.719  -3.778  80.136 0.8750000000
149275  6.904  -3.733  81.044 0.8750000000
78969  14.999  -6.041  86.619 0.8750000000
131594  5.729  -4.655  79.210 0.8750000000
80079  6.000  -4.896  78.503 0.8750000000
80071  5.905  -4.340  79.945 0.8750000000
77997  4.264  -6.529  76.831 0.8750000000
83159  17.062  -1.252  68.044 0.1250000000
148966  16.597  -3.129  72.031 0.3750000000
81211  17.045  -3.344  73.323 0.3750000000
81205  17.322  -3.877  74.693 0.3750000000
145284  23.273  -1.430  68.916 0.1250000000
85109  22.462  -0.879  68.799 0.1250000000
83171  20.526  -1.224  67.033 0.1250000000
85093  24.916  0.012  71.161 0.1250000000
83132  24.977  -1.117  69.917 0.1250000000
83133  23.888  -1.125  69.714 0.1250000000
83169  21.871  -1.483  67.379 0.1250000000
78023  3.035  -6.403  75.297 0.8750000000
84087  28.082  -0.930  71.737 0.1250000000
84096  27.518  -0.895  70.383 0.1250000000
83130  26.818  -1.135  70.152 0.1250000000
83153  23.852  -1.401  68.232 0.1250000000
83152  24.786  -1.098  68.267 0.1250000000
83168  22.749  -1.472  67.348 0.1250000000
83157  21.013  -1.175  67.633 0.1250000000
83140  25.837  -1.144  69.188 0.1250000000
83126  24.356  -0.964  70.145 0.1250000000
84154  20.794  -1.149  65.163 0.1250000000
85076  29.631  -0.092  72.337 0.1250000000
85084  29.497  0.161  71.456 0.1250000000
85092  28.643  -0.155  70.219 0.1250000000
84102  27.470  -0.954  69.546 0.1250000000
84151  23.263  -0.799  65.397 0.2500000000
155056  22.065  -0.748  64.953 0.1250000000
140186  20.234  -1.276  63.805 0.2500000000
86058  32.471  1.760  73.844 0.1250000000
86073  30.825  1.268  72.163 0.1250000000
83206  20.823  -1.176  63.188 0.2500000000
82243  20.078  -2.279  62.886 0.2500000000
83216  20.585  -1.835  62.655 0.2500000000
85090  30.118  0.792  70.914 0.1250000000
85097  29.191  0.577  69.710 0.1250000000
82256  20.428  -2.538  62.385 0.2500000000
86082  31.318  1.900  71.586 0.1250000000
86093  30.596  1.426  70.391 0.1250000000
86106  29.674  1.289  69.215 0.1250000000
82268  21.393  -2.372  61.336 0.2500000000
87083  35.137  2.947  72.741 0.1250000000
152942  32.426  2.693  71.236 0.1250000000
87123  31.102  1.981  69.859 0.1250000000
87105  31.783  2.452  71.025 0.1250000000
87141  30.940  2.162  69.015 0.1250000000
81329  21.821  -3.432  60.752 0.3750000000
82284  21.813  -2.676  60.737 0.3750000000
87102  34.668  3.204  71.976 0.1250000000
87121  32.381  2.863  70.536 0.1250000000
87140  31.576  2.612  69.341 0.1250000000
86129  30.090  1.952  67.808 0.1250000000
85112  28.875  0.961  67.944 0.1250000000
86141  29.967  2.033  66.971 0.2500000000
82283  22.418  -2.379  60.343 0.3750000000
83243  21.921  -1.950  60.861 0.3750000000
88112  35.057  3.401  71.329 0.1250000000
88126  33.031  3.275  70.040 0.1250000000
87157  32.129  3.160  68.792 0.1250000000
88155  31.985  3.208  67.875 0.2500000000
87174  30.598  2.436  67.303 0.1250000000
87187  29.916  2.032  66.156 0.2500000000
86158  29.291  1.628  65.732 0.2500000000
76197  7.547  -8.641  66.298 0.6250000000
88136  33.640  3.499  69.461 0.1250000000
88154  32.882  3.444  68.181 0.2500000000
87139  32.246  3.027  69.687 0.1250000000
88171  31.818  3.170  66.999 0.2500000000
130410  30.720  2.562  65.262 0.2500000000
82305  23.564  -2.647  59.504 0.3750000000
88169  33.437  3.496  67.334 0.2500000000
88199  32.927  3.380  65.712 0.3750000000
134801  31.541  2.996  65.266 0.2500000000
87219  29.759  2.092  64.323 0.2500000000
150267  28.968  1.413  62.930 0.3750000000
85154  27.296  0.368  63.667 0.2500000000
74143  4.664  -10.463  66.232 0.8750000000
81254  44.368  -3.647  68.268 1.0000000000
88197  34.697  3.318  65.947 0.2500000000
87200  33.497  3.194  64.910 0.2500000000
87216  31.892  2.816  64.406 0.2500000000
87231  30.474  2.361  63.836 0.2500000000
87230  31.369  2.509  63.811 0.2500000000
149035  28.101  0.588  61.476 0.3750000000
130955  28.490  0.998  62.135 0.3750000000
84225  26.236  -0.578  60.810 0.3750000000
85187  27.236  0.183  61.721 0.3750000000
81243  45.670  -2.901  68.664 1.0000000000
153204  43.727  -3.902  66.538 0.8750000000
80193  43.329  -4.231  66.902 0.8750000000
86193  29.725  1.884  62.491 0.2500000000
82197  46.309  -2.535  68.265 1.0000000000
82222  44.929  -2.860  65.232 0.8750000000
135544  43.341  -4.047  65.121 0.8750000000
87228  32.955  2.525  63.379 0.5000000000
150013  33.652  2.520  63.046 0.5000000000
87215  33.795  2.733  63.896 0.3750000000
87252  31.739  2.140  61.823 0.3750000000
135921  31.613  2.439  63.162 0.2500000000
80260  42.457  -4.449  62.914 0.7500000000
86206  35.175  1.404  61.369 0.3750000000
87227  34.412  2.568  63.062 0.3750000000
87238  33.127  2.355  62.467 0.5000000000
143814  45.470  -5.516  68.298 0.6250000000
79118  46.135  -5.086  69.250 0.7500000000
145171  43.531  -6.682  67.709 0.5000000000
81291  43.418  -3.524  62.200 0.7500000000
81292  42.745  -4.049  62.111 0.7500000000
81318  42.348  -3.430  60.699 0.7500000000
131915  41.647  -3.834  60.711 0.7500000000
85201  35.214  0.698  60.743 0.5000000000
76172  41.882  -7.873  67.074 0.3750000000
139965  42.588  -7.467  67.013 0.2500000000
81341  40.542  -3.111  59.800 0.6250000000
82293  40.040  -2.650  59.689 0.5000000000
81343  38.902  -3.683  59.805 0.5000000000
85200  35.978  0.433  60.611 0.3750000000
78115  43.736  -6.772  66.086 0.1250000000
80287  53.624  -4.129  60.352 0.7500000000
80354  54.251  -4.554  57.865 0.8750000000
80367  56.601  -4.285  56.843 0.7500000000
82327  57.176  -2.994  57.825 0.8750000000
80326  57.188  -3.844  57.550 0.8750000000
80353  55.685  -4.461  57.566 0.8750000000
80352  56.862  -4.129  57.508 0.8750000000
76005  22.749  -9.014  84.871 0.7500000000
76995  22.104  -7.463  84.977 0.7500000000
147944  9.316  -3.941  83.885 0.8750000000
76019  25.948  -8.935  81.754 0.8750000000
76989  20.501  -7.930  85.797 0.7500000000
77958  20.520  -6.863  85.838 0.7500000000
130809  9.651  -4.206  84.606 0.8750000000
81158  7.445  -3.618  81.568 0.8750000000
81119  10.075  -4.217  85.163 0.8750000000
76038  26.096  -8.621  79.106 1.0000000000
78968  15.870  -5.545  86.463 0.7500000000
149018  15.827  -6.152  86.471 0.7500000000
78967  16.785  -6.057  86.364 0.7500000000
80030  15.038  -5.368  86.618 0.7500000000
81110  11.441  -4.003  85.512 0.8750000000
79006  5.375  -5.713  78.041 0.8750000000
140102  4.434  -4.913  80.622 0.8750000000
81118  13.887  -3.820  85.815 0.7500000000
75080  25.543  -9.326  75.488 1.0000000000
78007  3.690  -6.544  76.448 0.8750000000
85119  20.866  -0.848  67.590 0.1250000000
83127  16.466  -1.403  70.642 0.3750000000
142266  2.337  -5.176  73.025 0.8750000000
84132  27.037  -0.371  66.941 0.1250000000
156333  4.114  -8.310  69.516 0.8750000000
87056  35.145  2.090  74.356 0.1250000000
84148  26.171  -0.537  65.775 0.2500000000
87067  35.630  2.517  73.587 0.1250000000
84177  25.200  -0.582  63.552 0.2500000000
87065  37.509  2.276  73.416 0.1250000000
87082  36.887  2.733  72.693 0.1250000000
87081  37.703  2.534  72.494 0.1250000000
153994  36.431  3.057  72.104 0.1250000000
84188  25.839  -0.323  63.020 0.2500000000
84206  25.120  -0.642  61.665 0.2500000000
152559  24.014  -1.247  61.133 0.3750000000
87099  38.929  2.279  71.852 0.1250000000
88121  37.374  3.088  70.234 0.1250000000
86070  39.974  1.615  73.302 0.1250000000
148322  34.979  3.518  68.976 0.1250000000
146047  25.500  -0.816  60.907 0.3750000000
83223  24.360  -1.527  60.527 0.3750000000
129874  40.376  1.831  71.344 0.1250000000
87136  38.870  2.144  69.710 0.1250000000
88134  35.926  3.434  69.191 0.1250000000
88151  35.540  3.519  68.298 0.1250000000
87199  34.412  3.203  65.259 0.3750000000
81260  45.593  -2.656  66.630 1.0000000000
142344  35.076  3.133  65.451 0.3750000000
87172  36.026  3.310  66.823 0.2500000000
82196  47.148  -2.273  68.914 1.0000000000
82205  46.233  -2.346  67.326 1.0000000000
150806  45.395  -2.531  64.884 1.0000000000
81281  44.280  -3.236  63.940 0.8750000000
154163  36.283  2.244  64.157 0.3750000000
147617  35.803  2.412  63.593 0.3750000000
81242  48.201  -3.317  69.030 0.7500000000
80156  47.535  -3.924  69.205 0.7500000000
82190  47.291  -2.719  69.622 1.0000000000
80157  47.188  -3.806  69.995 0.8750000000
82241  45.464  -2.189  63.410 0.8750000000
81290  44.427  -2.806  63.078 0.8750000000
80181  46.990  -4.503  67.615 0.7500000000
79130  46.334  -4.945  68.153 0.7500000000
82267  44.193  -2.542  61.434 0.6250000000
150944  43.534  -3.097  61.373 0.6250000000
82279  43.423  -2.465  60.562 0.5000000000
82280  42.513  -2.723  60.214 0.5000000000
84220  37.575  -0.299  60.998 0.3750000000
80192  46.920  -4.544  66.603 0.7500000000
79164  46.247  -5.047  65.985 0.6250000000
130771  42.947  -0.011  59.434 0.5000000000
83250  41.261  -1.645  59.563 0.5000000000
83252  39.535  -2.161  59.826 0.5000000000
131530  39.783  -0.909  60.665 0.3750000000
83236  38.459  -1.355  60.619 0.3750000000
83235  39.185  -1.540  60.425 0.3750000000
84219  38.335  -0.702  61.170 0.3750000000
77213  43.252  -7.495  63.799 0.1250000000
82274  51.089  -2.827  60.652 0.5000000000
80329  54.062  -4.772  58.874 0.8750000000
81332  56.478  -3.308  59.185 1.0000000000
131820  56.890  -2.716  56.363 0.8750000000
141673  53.411  -1.754  55.491 0.7500000000
82352  57.003  -2.374  55.604 0.8750000000
146121  55.904  -1.383  54.622 0.7500000000
83307  54.872  -1.394  54.667 0.6250000000
83305  58.211  -1.883  54.792 0.8750000000
85269  53.421  0.662  53.420 0.5000000000
83319  58.108  -1.505  52.072 0.8750000000
76996  21.408  -6.999  85.304 0.7500000000
76027  24.729  -8.113  81.079 0.8750000000
80027  18.170  -5.257  85.514 0.7500000000
83026  10.647  -1.874  85.044 0.8750000000
81112  9.985  -3.649  85.453 0.8750000000
82112  8.426  -3.005  85.210 0.8750000000
137624  23.030  -7.961  79.197 1.0000000000
81116  15.839  -3.778  85.423 0.7500000000
81117  14.879  -3.688  85.615 0.7500000000
83024  12.176  -1.835  84.363 0.7500000000
80092  17.534  -4.406  77.007 0.5000000000
80083  17.587  -4.527  77.915 0.5000000000
82106  14.510  -2.758  85.013 0.7500000000
138515  13.551  -3.143  85.428 0.7500000000
151695  3.435  -6.154  77.525 0.8750000000
138580  17.451  -3.097  74.997 0.3750000000
85129  19.494  -0.030  66.744 0.1250000000
84084  16.796  -0.986  72.128 0.2500000000
85101  17.297  0.757  69.707 0.2500000000
85087  17.378  0.567  71.465 0.2500000000
85080  17.586  0.378  72.306 0.2500000000
85072  17.887  0.157  73.109 0.2500000000
86040  37.155  1.431  75.216 0.1250000000
86055  38.213  1.681  74.120 0.1250000000
138397  5.389  -7.866  66.671 0.7500000000
73107  1.932  -11.343  68.028 0.8750000000
87096  41.947  1.786  72.262 0.1250000000
75157  2.175  -9.398  66.629 0.8750000000
133257  41.189  1.844  70.017 0.1250000000
86104  39.225  1.774  68.997 0.1250000000
153427  38.236  2.455  69.272 0.1250000000
87138  37.519  2.978  69.314 0.1250000000
86113  39.640  1.549  68.431 0.1250000000
87155  37.918  2.472  68.548 0.1250000000
86127  38.785  1.503  67.381 0.2500000000
86128  38.059  1.633  67.040 0.2500000000
87196  37.089  2.031  66.065 0.3750000000
86156  37.865  1.510  66.081 0.3750000000
86157  37.268  1.718  65.262 0.3750000000
83180  47.414  -1.059  66.108 1.0000000000
83198  46.094  -1.911  63.983 1.0000000000
86155  38.657  1.264  65.618 0.3750000000
86154  39.372  1.323  66.001 0.2500000000
86169  36.898  1.745  64.353 0.3750000000
83148  49.019  -1.430  68.063 0.8750000000
83205  46.035  -1.646  62.989 0.8750000000
82252  45.313  -1.982  62.468 0.8750000000
85139  39.121  0.898  64.317 0.3750000000
85152  38.017  0.860  63.687 0.3750000000
86177  37.250  1.342  63.636 0.3750000000
84199  45.913  -0.804  61.159 0.7500000000
83222  44.881  -1.543  60.971 0.7500000000
84215  43.921  -0.640  59.804 0.5000000000
84203  38.113  -0.135  61.715 0.3750000000
82211  49.348  -2.391  67.295 0.7500000000
149153  44.242  -0.028  59.618 0.5000000000
85218  41.808  -0.136  59.762 0.3750000000
84216  41.141  -0.308  60.017 0.3750000000
84200  40.115  -0.206  61.075 0.3750000000
84218  39.014  -0.943  61.112 0.3750000000
80210  46.855  -4.520  65.679 0.5000000000
134958  47.432  -3.919  65.426 0.6250000000
79166  45.062  -6.027  65.004 0.1250000000
79182  44.993  -6.004  64.148 0.1250000000
82265  49.897  -2.522  61.354 0.5000000000
149827  46.681  -3.841  62.531 0.2500000000
81301  47.471  -3.185  61.550 0.2500000000
83270  56.230  -2.139  59.116 1.0000000000
131375  56.399  -2.541  58.452 0.8750000000
84291  59.288  -0.635  53.582 0.8750000000
145385  55.143  0.776  53.479 0.5000000000
148372  54.602  1.282  53.206 0.5000000000
77972  21.644  -5.785  84.228 0.7500000000
78972  20.911  -5.238  85.115 0.7500000000
77967  20.457  -5.839  85.574 0.7500000000
77007  22.653  -7.556  81.753 0.7500000000
78974  19.453  -4.948  85.178 0.7500000000
80028  16.913  -4.927  85.772 0.7500000000
80037  16.945  -3.853  85.186 0.7500000000
83027  9.637  -2.041  85.295 0.8750000000
82113  7.935  -2.361  84.815 0.8750000000
81147  5.153  -4.202  82.226 0.8750000000
82132  4.589  -2.939  82.327 0.8750000000
139932  24.977  -8.070  79.670 1.0000000000
77012  23.716  -7.733  80.659 1.0000000000
83986  10.121  -0.529  84.049 0.7500000000
145379  4.149  -4.362  81.732 0.8750000000
79004  17.734  -5.325  78.352 0.6250000000
75059  26.024  -8.922  78.269 1.0000000000
78995  2.987  -5.650  80.190 0.8750000000
83050  12.499  -1.269  82.992 0.6250000000
132775  12.147  -1.389  83.707 0.7500000000
83049  13.454  -1.577  82.882 0.6250000000
83062  12.871  -1.140  82.088 0.6250000000
80098  3.550  -5.100  76.854 0.8750000000
82173  17.641  -2.476  74.797 0.3750000000
151516  17.595  -1.270  73.741 0.3750000000
80127  3.639  -4.553  73.576 0.8750000000
86078  17.989  1.184  71.998 0.2500000000
87063  40.756  1.991  74.175 0.1250000000
75134  1.510  -9.939  67.839 0.8750000000
77198  3.218  -7.612  66.538 0.8750000000
76202  1.633  -9.148  66.933 0.8750000000
87133  42.564  2.605  69.678 0.1250000000
86125  40.241  1.526  67.875 0.2500000000
87169  40.806  1.797  67.277 0.2500000000
87168  41.539  2.216  67.562 0.2500000000
130104  39.916  1.469  66.376 0.2500000000
86152  40.774  1.771  64.970 0.3750000000
86166  40.183  1.305  64.655 0.3750000000
84198  46.635  -0.551  61.585 0.7500000000
86186  41.064  1.704  63.032 0.3750000000
132133  41.281  1.624  62.119 0.3750000000
135806  40.530  1.213  63.339 0.3750000000
85150  39.538  0.739  63.718 0.3750000000
84214  45.461  -0.268  60.354 0.7500000000
86230  45.558  1.699  59.080 0.5000000000
86231  44.601  1.505  59.299 0.5000000000
87267  44.030  2.239  59.489 0.3750000000
86203  42.066  1.895  60.693 0.3750000000
129927  42.972  1.184  59.506 0.3750000000
87249  41.818  2.127  61.609 0.3750000000
87234  42.245  2.691  62.094 0.3750000000
86204  41.453  1.506  61.165 0.3750000000
150293  39.754  0.326  62.486 0.3750000000
85179  40.496  0.411  61.364 0.3750000000
86187  40.692  1.129  62.597 0.3750000000
85178  41.130  0.823  60.840 0.3750000000
86205  40.900  1.009  61.718 0.3750000000
139669  49.698  -2.104  66.915 0.7500000000
81287  48.086  -2.882  62.270 0.3750000000
82263  51.759  -2.847  61.618 0.7500000000
85264  59.194  0.434  53.226 0.8750000000
86283  58.926  1.288  53.194 0.8750000000
77004  21.070  -6.788  82.221 0.7500000000
83040  7.524  -1.759  84.268 0.8750000000
81114  18.891  -3.374  84.643 0.6250000000
80042  20.266  -3.844  84.501 0.7500000000
80034  19.883  -3.307  84.651 0.6250000000
80035  19.105  -4.244  84.872 0.7500000000
156020  18.402  -2.279  84.118 0.6250000000
81149  2.721  -3.686  81.582 0.8750000000
80058  3.171  -4.581  81.394 0.8750000000
80064  2.692  -5.224  80.743 0.8750000000
80065  2.072  -4.919  80.408 0.8750000000
82153  17.807  -2.870  78.091 0.6250000000
82165  18.410  -2.183  76.871 0.5000000000
83090  18.255  -2.095  76.122 0.5000000000
81168  2.084  -3.952  79.485 0.8750000000
83094  18.531  -1.431  75.830 0.2500000000
83100  18.130  -1.120  75.078 0.3750000000
84007  13.250  -0.919  81.138 0.6250000000
80090  4.621  -4.330  77.025 0.8750000000
84067  18.425  -0.311  74.735 0.3750000000
84068  17.924  -0.837  74.228 0.3750000000
154862  5.169  -4.312  75.371 0.8750000000
84075  18.166  -0.049  73.912 0.2500000000
85071  18.406  0.753  73.605 0.2500000000
86077  18.633  1.824  72.546 0.2500000000
88108  19.396  3.833  72.218 0.1250000000
153132  19.000  2.879  70.854 0.1250000000
87127  18.966  2.921  70.307 0.1250000000
80204  6.828  -4.588  66.440 0.7500000000
132655  5.259  -4.789  66.658 0.7500000000
77188  1.719  -7.994  67.271 0.8750000000
84184  48.343  0.035  63.337 0.8750000000
84197  47.369  -0.283  61.981 0.8750000000
85177  47.112  -0.063  61.055 0.7500000000
88218  42.717  3.545  63.571 0.3750000000
87211  41.976  2.934  64.024 0.3750000000
132290  50.027  -0.585  66.354 0.8750000000
86241  46.255  2.169  58.801 0.6250000000
88235  44.365  3.584  60.071 0.3750000000
88236  43.615  3.421  60.525 0.3750000000
82218  49.993  -2.105  66.269 0.7500000000
149600  50.248  -1.196  66.441 0.8750000000
82230  49.144  -2.742  65.198 0.7500000000
81274  48.468  -3.104  64.658 0.6250000000
149462  50.911  -2.368  63.058 0.8750000000
86299  59.114  1.858  52.797 0.7500000000
86300  58.451  2.070  53.095 0.8750000000
140192  20.416  -4.378  83.887 0.6250000000
154787  20.308  -6.722  81.674 0.8750000000
83030  19.602  -1.519  83.897 0.6250000000
83997  8.311  0.006  83.726 0.7500000000
83064  4.830  -1.779  81.846 0.7500000000
83065  3.722  -2.009  81.717 0.7500000000
134304  4.323  -0.003  81.309 0.7500000000
84014  3.195  -1.023  81.506 0.7500000000
155147  9.309  0.701  83.471 0.7500000000
84971  8.799  0.545  83.671 0.7500000000
83067  2.087  -1.679  81.487 0.7500000000
84006  16.125  -0.859  81.315 0.6250000000
84973  10.338  0.580  82.578 0.7500000000
83068  1.659  -1.689  81.145 0.7500000000
80075  17.746  -4.570  78.716 0.6250000000
80068  18.067  -4.676  79.432 0.6250000000
83079  1.565  -1.635  79.873 0.7500000000
153137  4.511  -4.091  77.490 0.8750000000
83084  3.177  -1.539  78.840 0.8750000000
146529  5.845  -3.999  74.974 0.8750000000
81204  5.775  -3.976  75.798 0.8750000000
82164  5.805  -2.840  77.399 0.7500000000
81196  6.092  -3.169  76.869 0.8750000000
81264  6.519  -2.806  66.451 0.7500000000
81266  5.107  -3.187  66.797 0.7500000000
80208  2.948  -4.605  67.150 0.8750000000
84173  48.551  0.042  64.242 0.8750000000
85175  48.713  0.331  61.830 0.8750000000
85213  47.347  0.956  59.799 0.7500000000
85212  48.193  0.953  60.108 0.8750000000
86228  47.104  1.537  59.116 0.7500000000
85149  49.172  0.360  63.687 1.0000000000
85191  49.153  0.761  61.378 0.8750000000
85161  49.903  0.657  63.122 1.0000000000
131775  48.624  1.424  59.756 0.8750000000
87264  48.491  1.995  59.235 0.8750000000
87275  46.909  2.673  58.653 0.6250000000
85137  50.188  0.370  64.793 1.0000000000
89178  46.959  3.913  58.806 0.6250000000
89156  46.013  4.772  60.009 0.5000000000
85146  51.503  0.395  63.968 1.0000000000
85147  50.837  0.484  64.218 1.0000000000
83177  51.179  -1.093  65.479 0.8750000000
83178  50.516  -1.530  65.982 0.8750000000
82227  51.307  -1.952  64.437 0.8750000000
83193  52.035  -1.005  64.586 1.0000000000
82229  49.804  -2.505  64.876 0.7500000000
82239  49.957  -2.420  63.994 0.7500000000
83202  52.505  -0.969  63.986 1.0000000000
82238  50.770  -2.239  63.818 0.8750000000
82262  52.395  -2.443  62.487 1.0000000000
135862  53.751  -2.227  61.628 1.0000000000
141666  56.782  2.793  52.796 0.5000000000
87334  53.536  2.544  51.472 0.5000000000
81138  19.824  -3.354  82.396 0.6250000000
154488  20.095  -2.515  84.397 0.6250000000
83993  18.326  -0.982  82.689 0.6250000000
83057  17.439  -1.050  82.302 0.6250000000
139662  8.481  1.312  83.339 0.7500000000
153959  9.155  1.879  83.094 0.7500000000
84975  8.087  0.709  83.393 0.7500000000
84976  7.334  0.717  82.778 0.7500000000
84005  16.982  -0.776  81.642 0.6250000000
129841  15.130  -0.740  79.877 0.6250000000
84021  15.856  -0.607  80.387 0.6250000000
84015  2.315  -0.685  81.449 0.7500000000
83085  19.589  -1.211  77.847 0.6250000000
84993  11.341  0.256  80.313 0.6250000000
84994  10.683  0.815  80.920 0.6250000000
83082  4.990  -1.882  78.164 0.7500000000
81203  7.031  -2.951  75.749 0.7500000000
81217  6.302  -3.428  72.685 0.7500000000
81212  7.189  -3.233  74.089 0.7500000000
150301  3.299  -3.925  67.896 0.8750000000
81256  4.612  -3.339  67.167 0.7500000000
153203  5.488  -2.720  67.457 0.7500000000
82210  5.175  -2.930  66.950 0.7500000000
133861  6.252  -2.518  66.798 0.7500000000
82226  8.553  -2.213  65.745 0.5000000000
81285  11.082  -3.502  63.440 0.6250000000
152693  49.871  2.255  59.610 1.0000000000
89175  49.471  4.843  58.501 0.7500000000
86226  49.305  1.760  59.729 0.8750000000
88307  58.878  3.231  51.964 0.7500000000
148611  58.006  3.489  52.439 0.6250000000
156076  58.564  3.344  52.264 0.7500000000
85344  58.246  1.266  48.244 0.6250000000
86364  57.007  1.236  47.133 0.6250000000
82130  20.719  -1.509  82.613 0.6250000000
154075  17.574  -0.720  81.831 0.6250000000
84019  17.657  -0.345  81.324 0.6250000000
84999  16.851  0.571  79.684 0.6250000000
137477  9.072  2.554  82.822 0.7500000000
135420  7.238  2.650  83.011 0.7500000000
141493  8.054  2.960  83.422 0.7500000000
145477  6.295  2.517  82.650 0.7500000000
84030  15.530  -0.280  79.510 0.6250000000
84039  13.810  0.057  78.569 0.6250000000
133237  13.775  -0.481  79.373 0.6250000000
85970  10.009  1.291  81.696 0.6250000000
149673  9.986  2.515  80.686 0.6250000000
86988  9.395  3.095  82.125 0.7500000000
86981  9.025  3.790  82.878 0.6250000000
137552  20.808  -0.268  78.994 0.6250000000
85016  13.048  0.458  78.113 0.6250000000
156206  13.069  -0.444  79.746 0.6250000000
85002  12.186  0.201  78.708 0.6250000000
84032  12.146  -0.244  79.704 0.6250000000
85018  11.710  0.885  78.663 0.6250000000
134192  11.259  1.165  79.115 0.6250000000
133701  2.400  1.031  81.149 0.7500000000
84026  1.504  -0.860  80.946 0.7500000000
84038  20.232  -0.670  78.430 0.6250000000
85005  1.518  -0.155  80.587 0.7500000000
151107  1.675  -0.664  79.555 0.7500000000
84043  2.135  -0.342  78.941 0.7500000000
83092  7.010  -1.764  76.654 0.7500000000
141778  6.299  -1.250  77.306 0.7500000000
82168  7.379  -2.210  76.010 0.7500000000
82178  7.779  -2.745  73.618 0.7500000000
81224  6.718  -3.187  71.869 0.7500000000
82177  8.274  -2.140  74.034 0.7500000000
81230  6.247  -3.244  70.377 0.7500000000
82215  7.205  -2.394  66.573 0.7500000000
143505  7.685  -2.016  66.882 0.7500000000
83161  8.412  -1.755  66.786 0.7500000000
152343  8.297  -1.839  67.389 0.7500000000
84142  9.768  -0.795  66.249 0.5000000000
130728  47.981  6.358  59.722 0.5000000000
90084  48.854  5.392  58.588 0.6250000000
90067  46.844  5.745  60.522 0.5000000000
130458  11.291  -0.207  63.146 0.2500000000
137512  11.504  0.272  62.836 0.2500000000
89240  58.539  4.788  51.967 0.5000000000
90147  57.734  5.201  52.290 0.5000000000
88312  58.958  3.578  51.245 0.6250000000
89235  56.975  4.730  52.267 0.3750000000
88308  56.159  4.310  52.095 0.3750000000
86352  59.456  2.495  48.786 0.7500000000
86376  56.713  1.581  46.361 0.6250000000
86375  57.584  1.759  46.607 0.6250000000
84979  19.375  0.549  81.701 0.6250000000
83069  21.033  -0.682  81.257 0.5000000000
84001  21.473  -0.007  81.798 0.6250000000
130182  17.591  0.744  80.226 0.6250000000
85000  15.977  0.348  79.175 0.6250000000
88948  7.665  4.472  83.935 0.7500000000
85967  5.213  2.533  82.428 0.7500000000
83074  20.718  -0.751  80.186 0.5000000000
153561  21.444  0.703  80.843 0.5000000000
85975  20.906  1.643  80.698 0.6250000000
153387  16.342  1.742  78.378 0.6250000000
85014  15.510  0.743  78.426 0.6250000000
134191  13.822  0.538  77.900 0.6250000000
88949  8.712  5.214  82.481 0.6250000000
88957  9.289  5.093  81.946 0.6250000000
88951  7.888  5.107  83.751 0.6250000000
84027  21.135  -0.170  79.787 0.5000000000
84017  21.442  0.464  80.313 0.5000000000
130170  20.447  2.652  80.577 0.6250000000
86993  20.106  3.463  80.667 0.6250000000
88016  20.150  4.169  80.623 0.6250000000
88015  20.244  4.318  80.435 0.6250000000
89898  19.878  5.262  79.738 0.3750000000
86007  13.735  1.583  77.173 0.6250000000
86006  14.418  1.708  77.262 0.6250000000
85033  12.740  1.216  77.674 0.6250000000
149242  9.918  4.127  80.749 0.6250000000
149628  1.575  0.532  80.008 0.7500000000
89871  19.488  5.521  80.825 0.5000000000
90810  18.487  7.157  80.242 0.3750000000
87031  11.735  2.180  77.818 0.6250000000
141014  11.341  3.649  78.359 0.6250000000
90809  18.914  6.723  80.808 0.3750000000
84041  3.792  0.042  78.135 0.7500000000
83096  8.118  -1.212  75.208 0.7500000000
84047  5.462  -0.359  77.575 0.7500000000
84056  7.020  -0.709  76.615 0.7500000000
84048  4.559  0.053  77.737 0.7500000000
140740  8.658  -1.564  73.539 0.7500000000
146108  9.236  -1.623  70.831 0.7500000000
82198  8.135  -2.176  68.690 0.7500000000
83137  8.895  -1.698  69.076 0.7500000000
83147  8.596  -1.807  68.160 0.7500000000
83146  9.301  -1.365  68.414 0.7500000000
84141  10.300  -0.148  66.579 0.5000000000
156642  11.074  0.790  65.352 0.5000000000
85144  11.203  0.217  64.549 0.3750000000
86173  11.038  1.670  65.035 0.3750000000
90083  49.732  5.642  58.563 0.8750000000
89247  55.462  4.783  50.683 0.3750000000
132002  59.548  3.167  48.876 0.6250000000
87367  59.004  2.553  47.396 0.6250000000
153063  57.647  2.422  44.583 0.3750000000
87411  58.976  2.926  44.544 0.5000000000
87421  57.562  2.523  42.521 0.1250000000
87425  58.125  2.480  41.803 0.1250000000
143248  57.379  1.960  41.885 0.1250000000
89862  7.440  5.312  83.235 0.7500000000
84998  17.467  1.427  79.537 0.6250000000
88007  4.868  3.998  83.087 0.7500000000
85977  19.437  1.927  80.789 0.6250000000
85976  20.288  1.898  81.053 0.6250000000
87001  18.375  2.827  79.826 0.6250000000
87015  17.099  2.807  78.839 0.6250000000
87002  17.668  2.387  79.340 0.6250000000
86005  15.276  2.037  77.583 0.6250000000
87016  16.199  2.444  78.150 0.6250000000
85973  3.107  1.965  82.133 0.7500000000
86994  19.279  2.975  80.447 0.6250000000
88017  19.556  4.089  80.700 0.6250000000
88972  18.795  4.315  80.620 0.6250000000
87030  14.621  2.540  77.080 0.6250000000
152415  11.762  3.034  77.479 0.6250000000
86018  13.179  2.176  76.951 0.6250000000
88965  9.958  5.756  80.802 0.6250000000
85974  2.580  1.717  81.618 0.7500000000
88973  18.434  4.836  80.702 0.6250000000
85982  2.237  1.457  80.719 0.7500000000
90800  18.553  6.868  81.258 0.3750000000
85020  2.853  0.590  77.789 0.7500000000
85045  7.171  -0.010  76.148 0.7500000000
85047  5.244  0.811  76.687 0.7500000000
85036  2.858  1.005  76.956 0.7500000000
139167  8.461  -0.863  74.613 0.7500000000
84062  8.182  -0.431  75.041 0.7500000000
85061  6.664  0.662  75.845 0.7500000000
85048  4.249  0.988  76.687 0.7500000000
86022  3.188  1.498  76.399 0.6250000000
139358  59.499  4.453  48.660 0.5000000000
88333  59.483  3.694  47.388 0.5000000000
88376  60.104  3.756  42.689 0.1250000000
88377  60.381  3.716  41.841 0.1250000000
88977  7.294  4.766  80.294 0.6250000000
89877  8.104  5.587  81.378 0.6250000000
86985  3.907  3.513  82.771 0.7500000000
88043  16.075  4.008  78.428 0.6250000000
88058  15.490  3.755  77.726 0.6250000000
88059  14.709  3.535  77.075 0.6250000000
89889  9.849  6.185  80.323 0.6250000000
89905  8.659  5.896  79.218 0.6250000000
89876  9.061  5.923  81.215 0.6250000000
86986  2.796  3.156  82.573 0.7500000000
88073  13.411  3.583  76.609 0.6250000000
88072  14.014  3.763  76.646 0.6250000000
88060  12.130  3.869  76.995 0.6250000000
136676  2.366  2.881  81.900 0.7500000000
139220  17.438  5.955  80.985 0.6250000000
88044  11.259  4.519  78.525 0.6250000000
89904  10.459  6.055  79.650 0.6250000000
90801  17.928  7.557  81.505 0.5000000000
89874  17.877  6.804  81.549 0.5000000000
91867  17.511  8.313  81.502 0.5000000000
146068  17.682  8.535  81.231 0.5000000000
87021  2.526  2.526  78.131 0.7500000000
87048  3.123  2.134  76.278 0.6250000000
86033  6.028  1.298  75.326 0.7500000000
86020  4.659  1.368  76.106 0.7500000000
86065  7.373  1.334  74.053 0.6250000000
132314  59.468  5.480  46.113 0.3750000000
90240  60.203  4.939  42.497 0.2500000000
148871  9.073  3.503  77.513 0.6250000000
88030  7.761  3.500  79.510 0.6250000000
87006  7.244  2.266  79.910 0.6250000000
88960  5.300  4.777  82.552 0.7500000000
88008  3.933  4.345  82.798 0.7500000000
139074  16.679  4.247  79.281 0.6250000000
89917  15.368  5.205  78.145 0.6250000000
89006  15.022  4.462  77.509 0.6250000000
90830  9.901  6.662  79.023 0.6250000000
90813  10.097  6.351  79.766 0.6250000000
89923  8.807  5.794  77.943 0.6250000000
90842  9.528  6.694  77.860 0.6250000000
145755  3.196  4.426  82.691 0.7500000000
89901  15.648  5.836  79.054 0.6250000000
89941  13.707  5.240  76.789 0.6250000000
89918  14.522  5.392  77.380 0.6250000000
89025  13.528  4.364  76.631 0.6250000000
89008  11.871  4.921  77.426 0.6250000000
89942  12.933  5.040  76.658 0.6250000000
89903  11.001  6.172  78.907 0.6250000000
88014  2.402  3.715  82.048 0.7500000000
89887  16.468  5.791  80.052 0.6250000000
90803  16.263  7.267  80.972 0.6250000000
91881  15.595  7.342  79.807 0.6250000000
88023  2.445  3.412  81.327 0.7500000000
90802  17.238  7.392  81.614 0.6250000000
92920  17.041  8.969  81.527 0.3750000000
91874  16.554  7.966  81.557 0.6250000000
88981  2.585  4.064  80.712 0.7500000000
88048  3.439  4.003  78.695 0.6250000000
152240  3.705  3.743  77.711 0.6250000000
86050  5.210  1.583  74.486 0.7500000000
87053  3.487  2.300  75.364 0.6250000000
88090  3.547  2.768  75.111 0.6250000000
86080  6.849  2.017  72.819 0.6250000000
90977  6.824  6.311  65.265 0.3750000000
92207  57.643  8.738  50.904 0.2500000000
92202  58.297  8.155  51.361 0.3750000000
91205  59.029  6.327  44.773 0.3750000000
88022  5.835  3.761  80.452 0.6250000000
87019  8.272  2.460  78.244 0.6250000000
89868  4.884  5.316  81.727 0.7500000000
91891  10.837  7.218  78.547 0.6250000000
91892  10.349  7.116  78.444 0.6250000000
89009  9.411  4.281  77.078 0.6250000000
88956  2.907  4.932  82.573 0.7500000000
89863  3.429  5.652  82.533 0.6250000000
91889  14.943  7.478  78.734 0.6250000000
90826  15.310  6.669  78.905 0.6250000000
92941  14.600  8.315  78.545 0.6250000000
89902  14.971  6.025  78.148 0.6250000000
137013  14.371  6.258  77.540 0.6250000000
91890  14.259  7.638  77.984 0.6250000000
90840  12.449  6.877  77.599 0.6250000000
89919  13.865  6.117  77.134 0.6250000000
154749  11.975  6.468  77.760 0.6250000000
145583  2.779  5.379  82.400 0.7500000000
92940  15.247  8.169  79.509 0.6250000000
93988  15.006  9.657  80.009 0.5000000000
145109  16.000  8.747  81.376 0.6250000000
93980  15.925  9.621  81.348 0.6250000000
89894  2.940  5.550  79.999 0.6250000000
88980  2.954  4.651  80.137 0.7500000000
87061  3.749  2.417  74.075 0.6250000000
88089  4.004  3.325  75.045 0.6250000000
88097  3.912  3.185  74.294 0.6250000000
87094  4.818  2.594  72.154 0.6250000000
87147  7.804  2.897  69.752 0.5000000000
88143  7.342  3.389  68.919 0.5000000000
90967  4.246  5.837  66.562 0.6250000000
90979  4.940  6.036  66.126 0.5000000000
90978  5.938  6.255  65.675 0.5000000000
92051  6.620  7.059  65.799 0.5000000000
92279  58.642  7.826  43.414 0.3750000000
87020  6.997  2.119  79.331 0.6250000000
88047  6.662  2.415  79.293 0.6250000000
134782  5.806  4.331  79.943 0.6250000000
91898  12.741  7.806  77.680 0.6250000000
134998  12.969  8.743  77.727 0.5000000000
91899  11.908  7.808  78.076 0.6250000000
92952  10.958  8.036  77.729 0.6250000000
91902  10.168  7.338  77.403 0.6250000000
89027  9.884  4.170  75.628 0.6250000000
88062  9.409  3.290  76.690 0.6250000000
88076  9.207  3.259  76.212 0.6250000000
87046  8.622  2.635  76.926 0.6250000000
88063  7.651  3.499  76.840 0.6250000000
139065  7.495  2.803  77.672 0.6250000000
88978  6.230  3.504  79.185 0.6250000000
89878  5.005  5.592  80.855 0.6250000000
92942  13.922  8.565  77.974 0.5000000000
93997  13.524  9.583  78.010 0.5000000000
90838  14.024  6.901  77.523 0.6250000000
89870  2.735  6.028  82.303 0.7500000000
134524  14.305  9.106  78.412 0.5000000000
91866  2.794  7.410  82.220 0.6250000000
94945  15.232  11.141  80.745 0.5000000000
89047  5.324  4.208  74.499 0.6250000000
87095  4.126  2.846  72.324 0.6250000000
88104  3.842  3.111  72.930 0.6250000000
90025  3.739  5.071  67.243 0.6250000000
146945  4.858  6.327  66.603 0.6250000000
94230  58.399  10.093  49.858 0.3750000000
91915  10.105  7.404  76.255 0.6250000000
89011  7.938  4.314  75.989 0.6250000000
89945  8.419  5.070  75.226 0.6250000000
89012  6.931  4.889  77.694 0.6250000000
89893  5.600  5.564  80.021 0.6250000000
91869  3.350  7.586  82.027 0.6250000000
94006  12.856  9.607  77.534 0.5000000000
94968  12.916  10.251  77.305 0.5000000000
143873  9.486  7.120  75.755 0.6250000000
89955  9.186  4.778  74.406 0.6250000000
156124  7.306  4.330  76.962 0.6250000000
94005  13.162  10.188  77.701 0.5000000000
93996  14.370  9.966  78.827 0.5000000000
94978  13.054  10.805  77.111 0.5000000000
155860  14.019  11.637  78.898 0.5000000000
95794  13.742  12.009  78.113 0.3750000000
95783  14.124  12.170  78.929 0.5000000000
90819  2.498  6.932  80.723 0.6250000000
89927  4.501  5.715  77.755 0.5000000000
90833  3.419  6.849  78.860 0.5000000000
89926  5.007  6.077  77.135 0.5000000000
90862  5.398  6.520  76.485 0.5000000000
89046  5.956  4.777  74.253 0.6250000000
89056  5.091  4.186  73.169 0.6250000000
89072  4.747  4.471  71.389 0.6250000000
94264  58.864  11.179  46.154 0.3750000000
95237  59.384  12.006  44.037 0.3750000000
90832  5.974  6.770  78.786 0.5000000000
90831  6.488  6.358  78.372 0.6250000000
145418  12.824  10.390  75.852 0.3750000000
92975  11.446  8.555  75.721 0.5000000000
90843  7.471  6.316  77.051 0.5000000000
91876  3.891  7.964  81.182 0.6250000000
95803  13.171  10.891  76.368 0.3750000000
94041  12.383  9.810  75.223 0.3750000000
92993  11.406  9.371  73.800 0.3750000000
91924  10.023  7.762  74.809 0.5000000000
92923  3.213  8.509  81.811 0.5000000000
92919  2.716  8.126  81.947 0.5000000000
95802  13.407  11.398  76.856 0.3750000000
96599  13.770  11.915  77.301 0.3750000000
95007  12.132  9.885  74.209 0.3750000000
92994  10.121  8.824  73.725 0.3750000000
92986  8.624  8.284  74.412 0.2500000000
92985  9.511  8.317  74.138 0.3750000000
140779  2.474  8.239  81.436 0.5000000000
130929  2.637  8.715  81.567 0.5000000000
97382  14.702  13.076  78.397 0.3750000000
91884  2.553  7.378  80.342 0.5000000000
92936  2.453  8.214  80.542 0.5000000000
150072  3.451  7.595  78.595 0.5000000000
90897  6.734  6.651  73.112 0.5000000000
91904  6.417  7.507  77.378 0.5000000000
92935  4.425  8.224  80.362 0.5000000000
91903  7.045  7.137  76.895 0.5000000000
94947  3.049  10.223  81.439 0.5000000000
96598  14.264  12.542  76.856 0.3750000000
96628  13.704  12.184  75.319 0.3750000000
95842  13.134  11.769  73.841 0.2500000000
95017  11.694  10.123  73.480 0.2500000000
95029  10.803  10.774  72.637 0.2500000000
92987  7.869  8.481  74.969 0.3750000000
154395  8.273  8.914  74.466 0.3750000000
92963  6.925  8.333  76.318 0.5000000000
93978  2.825  9.515  81.544 0.5000000000
97391  14.716  13.113  77.442 0.3750000000
96627  14.036  12.789  74.379 0.3750000000
97402  14.686  13.275  76.453 0.3750000000
96647  12.777  12.063  72.949 0.2500000000
95028  11.706  10.787  72.877 0.2500000000
95030  10.021  10.932  72.696 0.2500000000
139977  8.799  11.037  73.434 0.2500000000
137713  2.442  9.952  80.677 0.5000000000
93991  2.430  9.256  80.424 0.5000000000
93999  2.781  9.339  79.175 0.5000000000
92966  4.595  8.176  76.532 0.5000000000
91950  6.589  7.479  72.613 0.5000000000
93989  4.685  9.904  79.688 0.5000000000
92953  6.274  8.406  77.150 0.5000000000
94954  4.320  10.624  80.044 0.5000000000
94018  7.178  8.991  75.728 0.3750000000
94044  7.768  9.302  74.759 0.3750000000
94019  6.490  9.172  76.550 0.5000000000
95772  3.127  11.260  80.709 0.5000000000
149490  12.956  12.731  72.684 0.2500000000
155644  9.902  11.634  72.626 0.2500000000
95009  7.897  10.521  74.295 0.3750000000
98210  14.919  14.063  74.218 0.2500000000
94009  3.079  9.719  78.140 0.5000000000
92965  5.113  8.063  75.758 0.5000000000
92996  6.234  8.065  72.872 0.5000000000
151294  5.693  10.274  77.577 0.5000000000
94970  5.402  10.852  78.217 0.5000000000
137918  6.104  10.098  76.879 0.5000000000
94961  4.525  11.154  79.602 0.5000000000
95785  4.987  11.449  78.887 0.5000000000
95834  7.599  11.303  74.567 0.2500000000
94995  6.838  10.718  75.724 0.3750000000
95777  3.389  11.747  80.067 0.5000000000
97442  12.305  13.826  72.334 0.1250000000
97444  10.700  13.737  72.448 0.1250000000
95844  9.451  12.137  72.838 0.2500000000
149866  2.578  11.146  80.171 0.5000000000
96574  2.678  11.981  79.405 0.5000000000
98226  14.893  14.807  73.853 0.1250000000
98227  14.265  14.852  73.285 0.1250000000
155300  12.522  14.464  72.435 0.1250000000
99077  12.970  15.034  72.581 0.1250000000
97443  11.526  13.713  72.338 0.1250000000
135232  3.203  9.906  77.215 0.5000000000
94971  2.684  10.677  77.810 0.5000000000
142580  2.323  11.526  77.957 0.5000000000
94997  2.637  11.287  76.010 0.5000000000
94062  4.225  9.664  72.833 0.5000000000
96600  6.298  12.970  76.508 0.2500000000
96581  5.168  12.092  78.400 0.5000000000
137411  4.652  11.913  78.994 0.5000000000
96572  3.856  12.128  79.313 0.5000000000
96582  4.488  12.411  78.683 0.5000000000
96629  8.205  12.834  73.892 0.1250000000
139796  7.357  12.124  74.959 0.2500000000
145549  7.155  13.026  75.293 0.1250000000
96573  3.014  12.173  79.577 0.5000000000
153651  9.276  13.399  73.085 0.2500000000
97445  9.848  13.757  72.728 0.1250000000
97432  8.723  13.513  73.581 0.1250000000
99081  9.502  15.587  73.973 0.1250000000
141942  13.191  15.752  72.966 0.1250000000
99080  10.883  15.243  72.977 0.1250000000
99096  11.579  14.950  72.626 0.1250000000
95797  2.209  12.123  77.529 0.5000000000
94046  3.416  9.884  74.192 0.5000000000
96634  3.004  12.677  74.891 0.5000000000
94056  3.503  10.033  73.290 0.5000000000
95835  2.448  11.485  73.875 0.5000000000
95846  2.414  11.577  73.045 0.5000000000
95040  1.720  10.994  71.239 0.5000000000
96601  5.960  12.575  77.209 0.3750000000
97375  4.197  13.047  78.414 0.5000000000
98230  8.599  14.363  74.004 0.1250000000
99898  10.309  15.842  73.682 0.1250000000
99082  8.690  15.261  74.337 0.1250000000
99881  14.634  17.156  74.132 0.1250000000
99894  13.542  16.401  73.431 0.1250000000
99896  12.000  16.286  73.342 0.1250000000
99897  11.158  16.067  73.493 0.1250000000
99895  12.806  16.381  73.312 0.1250000000
97385  3.784  13.795  78.216 0.5000000000
137424  6.622  14.965  75.772 0.2500000000
99043  5.852  15.131  76.358 0.2500000000
98184  3.362  14.400  77.977 0.5000000000
99884  9.815  16.272  74.406 0.1250000000
99869  9.386  16.600  75.176 0.2500000000
99870  8.483  16.393  75.343 0.2500000000
99052  7.909  15.884  75.282 0.2500000000
99053  7.194  15.600  75.493 0.2500000000
100745  10.950  17.176  74.695 0.1250000000
99868  10.186  16.868  74.972 0.1250000000
99882  11.454  16.809  73.950 0.1250000000
98205  4.269  13.998  75.865 0.3750000000
101592  15.873  19.344  75.821 0.1250000000
100740  15.678  18.186  75.121 0.2500000000
96613  5.051  12.714  74.852 0.3750000000
101591  17.019  20.105  76.921 0.1250000000
97418  5.475  12.808  74.031 0.3750000000
103912  16.808  22.174  76.643 0.1250000000
102419  17.707  21.380  77.225 0.1250000000
103180  15.834  22.209  77.102 0.1250000000
103207  16.021  21.249  74.095 0.1250000000
103206  16.633  21.125  74.468 0.1250000000
99045  4.119  16.137  77.238 0.2500000000
155116  2.918  15.531  77.655 0.2500000000
100730  9.006  17.008  75.838 0.2500000000
100714  10.208  17.616  76.262 0.1250000000
101568  9.742  18.496  77.771 0.1250000000
99872  6.750  16.335  75.874 0.2500000000
99861  5.534  16.946  76.595 0.2500000000
145935  2.491  16.150  76.981 0.2500000000
101594  11.215  17.910  75.855 0.1250000000
99046  2.437  15.398  76.518 0.2500000000
99055  2.499  15.456  75.710 0.2500000000
102432  13.420  19.635  76.827 0.1250000000
103181  14.283  21.946  77.756 0.1250000000
103935  15.523  21.567  74.374 0.1250000000
103925  15.626  22.256  75.734 0.1250000000
99098  4.977  14.894  72.566 0.3750000000
103217  15.366  20.993  73.078 0.1250000000
103218  14.684  21.017  72.451 0.1250000000
101571  6.352  18.922  77.431 0.1250000000
100705  4.919  18.207  77.530 0.1250000000
100716  8.623  17.615  76.310 0.1250000000
101583  8.226  18.276  76.784 0.1250000000
99036  2.837  16.238  77.544 0.2500000000
100732  2.807  17.766  75.911 0.2500000000
140079  13.157  20.243  77.751 0.1250000000
100747  3.298  17.263  75.192 0.2500000000
140344  3.255  15.913  74.628 0.2500000000
99885  3.813  16.623  74.463 0.2500000000
103900  14.975  22.105  77.178 0.1250000000
133120  15.033  22.291  75.837 0.1250000000
99084  4.541  15.282  73.370 0.3750000000
152796  14.117  21.626  74.094 0.1250000000
99083  5.201  15.835  72.893 0.3750000000
102467  15.170  19.826  71.661 0.1250000000
102481  14.645  19.659  69.955 0.1250000000
129844  14.214  20.492  70.931 0.1250000000
102409  8.528  19.056  78.096 0.1250000000
146578  7.690  19.432  78.176 0.1250000000
155042  10.166  18.914  78.600 0.1250000000
102406  11.573  19.479  78.490 0.1250000000
102405  12.496  20.067  78.282 0.1250000000
102396  12.149  20.364  79.046 0.1250000000
147857  3.229  19.039  76.468 0.2500000000
101596  3.620  18.832  75.633 0.2500000000
101609  4.164  18.480  74.792 0.2500000000
100759  4.677  17.183  73.870 0.2500000000
103219  13.978  21.221  72.437 0.1250000000
103963  13.535  20.850  71.035 0.1250000000
153524  4.635  19.781  78.195 0.2500000000
102398  10.099  19.491  79.491 0.1250000000
102395  9.595  20.108  80.302 0.1250000000
140367  7.815  19.981  79.019 0.1250000000
101573  2.844  18.414  77.853 0.2500000000
103886  11.851  21.084  79.457 0.1250000000
103892  12.225  21.574  78.124 0.1250000000
131043  11.143  21.402  74.145 0.1250000000
103956  12.345  21.225  71.908 0.1250000000
102403  4.046  20.023  78.115 0.2500000000
103160  7.885  20.920  80.549 0.1250000000
103167  7.297  20.556  79.522 0.1250000000
102414  3.063  19.107  77.774 0.2500000000
103881  11.172  21.114  80.089 0.1250000000
141936  11.037  21.509  79.056 0.1250000000
141808  11.162  21.454  77.905 0.1250000000
103919  9.501  21.791  75.576 0.1250000000
103904  10.414  21.566  76.564 0.1250000000
103918  10.385  21.535  75.357 0.1250000000
103939  10.506  21.469  73.500 0.1250000000
103162  5.776  21.481  79.535 0.1250000000
103884  6.557  21.833  80.405 0.1250000000
151974  8.909  22.871  80.495 0.1250000000
104629  9.872  21.840  78.751 0.1250000000
103905  9.320  21.925  76.581 0.1250000000
105358  7.205  24.099  81.266 0.1250000000
105363  7.966  23.967  79.405 0.1250000000
105359  8.277  23.641  80.655 0.1250000000
104633  8.373  22.503  77.803 0.1250000000
105365  7.986  23.252  78.233 0.1250000000
104643  8.214  22.616  75.848 0.1250000000
143452  8.404  22.501  75.092 0.1250000000
131824  5.330  22.527  79.620 0.1250000000
105360  7.836  24.408  80.600 0.1250000000
105366  7.695  23.497  77.339 0.1250000000
136053  5.234  22.787  74.230 0.2500000000
106109  8.568  23.982  73.718 0.1250000000
106090  6.385  24.528  81.001 0.1250000000
106094  5.114  24.320  79.377 0.2500000000
106829  7.175  25.988  80.505 0.1250000000
138996  7.591  25.573  79.881 0.1250000000
141247  7.634  25.289  78.855 0.1250000000
154490  4.696  23.950  76.864 0.2500000000
105379  4.516  24.022  74.207 0.2500000000
106110  4.023  24.655  73.775 0.2500000000
106104  8.255  24.340  74.510 0.1250000000
105367  4.693  24.237  77.736 0.2500000000
106103  4.241  24.714  75.641 0.2500000000
106841  7.832  25.428  77.241 0.1250000000
106101  7.991  24.714  75.295 0.1250000000
106843  8.288  25.651  75.698 0.1250000000
106848  8.386  25.322  74.781 0.1250000000
106854  8.642  24.919  73.933 0.1250000000
106108  9.018  24.612  73.146 0.1250000000
107614  10.512  26.426  72.744 0.1250000000
106863  3.612  25.405  72.500 0.2500000000
106840  8.246  25.998  76.736 0.1250000000
107616  3.860  26.674  72.397 0.2500000000
137589  14.976  -17.972  86.379 0.7500000000
66715  15.887  -17.090  85.556 0.7500000000
66716  15.213  -17.232  86.160 0.7500000000
66711  14.589  -17.478  86.501 0.7500000000
58400  15.943  -25.566  84.555 0.5000000000
64714  4.379  -19.138  83.300 0.7500000000
64724  3.870  -19.693  82.869 0.6250000000
135158  2.945  -19.911  82.836 0.6250000000
64723  4.807  -19.622  82.655 0.6250000000
64725  3.188  -19.686  82.985 0.6250000000
145863  2.685  -19.849  82.772 0.6250000000
65746  8.554  -18.749  82.728 0.7500000000
65748  6.526  -18.802  82.831 0.6250000000
136587  1.939  -20.604  81.643 0.5000000000
64734  1.697  -19.767  81.889 0.7500000000
66717  11.303  -17.308  85.642 0.7500000000
65724  9.717  -18.067  84.137 0.7500000000
64739  1.239  -20.157  79.709 0.6250000000
149768  1.630  -19.021  81.952 0.7500000000
65716  15.472  -17.854  85.574 0.7500000000
67736  14.287  -16.710  86.164 0.7500000000
67737  13.123  -16.634  86.189 0.7500000000
63765  0.806  -20.734  78.100 0.5000000000
65721  15.720  -18.231  84.640 0.8750000000
62863  0.281  -21.038  77.492 0.5000000000
66722  16.219  -17.490  85.017 0.7500000000
62895  0.372  -22.043  74.940 0.3750000000
62889  -0.018  -21.927  76.084 0.3750000000
61915  0.660  -22.628  73.783 0.2500000000
62828  32.908  -22.192  77.935 0.6250000000
62848  32.476  -21.988  78.017 0.6250000000
58399  16.500  -25.333  84.478 0.5000000000
61856  33.205  -22.446  77.903 0.6250000000
58410  17.005  -25.522  83.872 0.5000000000
58392  16.187  -25.046  85.096 0.6250000000
58393  15.655  -25.232  85.267 0.5000000000
59553  15.005  -24.099  86.198 0.6250000000
65737  4.966  -18.451  83.831 0.7500000000
65738  3.930  -18.593  83.697 0.7500000000
65739  3.228  -18.471  83.611 0.7500000000
65736  6.067  -18.339  83.488 0.7500000000
64726  2.744  -19.341  83.108 0.7500000000
153004  9.678  -16.806  84.729 0.7500000000
65734  8.099  -18.058  83.531 0.7500000000
65750  2.303  -18.653  83.062 0.7500000000
64708  14.452  -19.172  85.225 0.7500000000
67743  11.628  -16.638  85.372 0.7500000000
67747  11.203  -16.570  84.943 0.7500000000
143803  1.439  -19.061  81.064 0.7500000000
65731  15.052  -18.711  84.046 0.8750000000
65722  14.989  -18.625  84.933 0.8750000000
67746  14.357  -16.243  85.386 0.7500000000
67741  13.389  -16.196  85.647 0.7500000000
64740  0.748  -19.355  79.257 0.6250000000
67740  15.201  -16.654  85.668 0.7500000000
144819  0.507  -20.263  77.927 0.5000000000
65720  16.476  -17.912  84.302 0.8750000000
63829  0.409  -21.094  75.253 0.3750000000
151841  0.197  -20.437  76.600 0.5000000000
134352  1.485  -19.710  73.802 0.3750000000
132825  0.457  -21.261  74.257 0.3750000000
143514  1.034  -20.596  72.757 0.2500000000
62903  0.754  -21.908  72.627 0.2500000000
58398  17.284  -25.112  84.167 0.5000000000
62847  33.442  -21.923  77.847 0.7500000000
59563  16.679  -24.920  84.614 0.7500000000
62846  34.279  -21.636  77.801 0.7500000000
57295  16.737  -25.775  83.414 0.5000000000
137844  34.750  -21.418  78.034 0.7500000000
60685  15.553  -24.000  85.784 0.7500000000
59559  15.165  -24.770  85.843 0.6250000000
135405  14.704  -23.435  86.298 0.7500000000
60686  14.907  -23.203  85.632 0.8750000000
156266  14.177  -22.078  85.971 0.7500000000
66728  5.689  -17.095  84.369 0.7500000000
66729  4.657  -17.373  84.321 0.7500000000
62798  13.824  -21.364  84.724 0.8750000000
67749  9.088  -16.478  84.509 0.7500000000
66727  6.640  -17.165  84.396 0.7500000000
66738  3.230  -17.734  83.950 0.7500000000
155742  3.606  -18.126  83.943 0.7500000000
63733  13.708  -20.493  84.202 0.8750000000
66735  7.358  -17.621  84.050 0.7500000000
154226  2.608  -17.460  83.523 0.7500000000
64717  14.409  -19.173  83.502 0.8750000000
64710  14.446  -19.228  84.338 0.8750000000
68732  11.884  -16.321  85.042 0.7500000000
144990  10.000  -16.562  84.597 0.7500000000
66750  1.618  -17.661  81.910 0.7500000000
65751  1.798  -18.514  82.397 0.7500000000
65744  15.026  -18.734  83.177 0.8750000000
68731  12.697  -16.071  85.105 0.7500000000
66757  0.811  -17.755  80.019 0.7500000000
67745  15.980  -16.552  85.097 0.7500000000
65791  0.833  -18.816  76.722 0.5000000000
65768  0.529  -18.628  78.087 0.5000000000
65743  15.782  -18.464  82.793 0.8750000000
66721  16.915  -17.315  84.703 0.8750000000
146325  16.705  -16.906  85.087 0.7500000000
65802  2.425  -18.893  75.844 0.5000000000
64782  1.166  -19.633  75.367 0.5000000000
65729  16.618  -18.063  83.420 0.8750000000
66733  17.250  -17.557  84.089 0.8750000000
156431  2.086  -19.513  73.619 0.3750000000
64808  1.544  -19.557  74.639 0.5000000000
64834  2.729  -19.469  72.763 0.2500000000
64861  2.308  -19.739  72.195 0.2500000000
59569  17.345  -24.753  84.149 0.7500000000
150817  17.348  -25.659  83.457 0.5000000000
63768  34.793  -20.801  78.004 0.7500000000
60690  16.004  -24.149  85.090 0.7500000000
59558  15.645  -24.598  85.548 0.6250000000
149609  35.251  -21.174  78.310 0.7500000000
60691  15.448  -23.612  84.993 0.8750000000
62825  35.877  -21.208  78.338 0.7500000000
61813  14.696  -22.952  84.562 0.8750000000
62797  14.119  -22.174  84.180 0.8750000000
67753  5.143  -16.491  84.295 0.7500000000
67754  4.203  -16.769  84.263 0.7500000000
63736  13.639  -20.475  83.114 0.8750000000
67751  7.027  -16.315  84.649 0.7500000000
67752  6.134  -16.136  84.464 0.7500000000
143188  3.220  -16.394  83.885 0.7500000000
68739  9.365  -16.275  84.375 0.7500000000
67760  2.360  -16.799  83.085 0.7500000000
151551  14.418  -19.114  82.762 0.8750000000
68738  10.825  -16.360  84.456 0.7500000000
66756  1.106  -17.403  80.835 0.7500000000
137679  12.978  -15.957  84.564 0.7500000000
68737  11.410  -16.283  84.530 0.7500000000
67772  1.155  -16.948  80.035 0.7500000000
65742  16.600  -18.054  82.413 0.8750000000
153256  15.097  -16.289  85.077 0.7500000000
68752  13.737  -15.868  84.022 0.7500000000
65777  1.937  -17.896  77.589 0.6250000000
66783  1.384  -17.628  78.150 0.6250000000
64780  2.788  -19.149  75.069 0.5000000000
65728  17.570  -17.678  83.235 0.8750000000
64805  4.029  -19.556  74.287 0.3750000000
64806  3.089  -19.298  74.285 0.5000000000
67744  17.543  -16.917  84.552 0.8750000000
133449  3.362  -19.408  73.466 0.3750000000
148959  4.484  -19.472  72.387 0.2500000000
58409  17.799  -25.307  83.708 0.5000000000
64743  35.146  -19.580  78.272 0.7500000000
57294  17.907  -25.735  83.231 0.5000000000
58408  18.429  -25.347  83.277 0.5000000000
59576  17.945  -24.513  83.462 0.7500000000
57302  18.532  -25.800  82.821 0.5000000000
135826  15.921  -23.840  84.481 0.8750000000
60689  16.511  -24.395  84.481 0.8750000000
63758  35.204  -20.501  78.300 0.7500000000
60696  15.230  -23.311  83.832 0.8750000000
65764  35.505  -18.751  78.361 0.7500000000
64742  35.598  -19.660  78.358 0.7500000000
61816  14.559  -22.712  83.662 0.8750000000
134742  36.086  -18.992  78.262 0.7500000000
63756  36.304  -20.642  78.055 0.7500000000
61817  14.115  -22.152  83.206 0.8750000000
68743  5.498  -15.537  84.313 0.7500000000
156640  5.665  -14.844  84.233 0.7500000000
65769  37.180  -18.651  76.968 0.7500000000
62802  13.597  -20.876  82.103 0.8750000000
136971  6.730  -15.689  84.521 0.7500000000
69803  6.055  -14.691  84.112 0.7500000000
68760  4.166  -15.079  83.939 0.7500000000
68772  3.205  -15.112  82.714 0.7500000000
139855  13.740  -20.128  82.290 0.8750000000
64718  13.917  -19.630  82.901 0.8750000000
141818  9.181  -15.717  82.998 0.7500000000
68773  2.590  -15.712  82.369 0.7500000000
69814  2.973  -14.792  81.675 0.7500000000
64728  14.148  -19.465  81.981 0.8750000000
68755  10.860  -15.955  83.868 0.7500000000
142774  10.025  -15.866  83.327 0.7500000000
68789  1.768  -15.826  80.929 0.7500000000
69818  2.869  -14.625  80.695 0.7500000000
137883  14.894  -18.802  82.287 0.8750000000
68753  12.751  -15.989  83.857 0.7500000000
68754  11.751  -16.065  83.758 0.7500000000
68819  2.086  -15.699  79.419 0.7500000000
68805  2.334  -15.110  80.302 0.7500000000
65753  15.654  -18.465  81.796 0.8750000000
68751  14.789  -15.797  83.847 0.7500000000
66782  2.156  -17.296  78.231 0.6250000000
68835  2.164  -15.978  79.023 0.6250000000
68733  16.163  -16.167  84.509 0.8750000000
151914  3.124  -18.844  75.710 0.6250000000
146380  2.768  -18.140  77.268 0.6250000000
67758  16.988  -16.523  84.635 0.8750000000
65800  4.791  -18.947  75.965 0.6250000000
65801  3.754  -18.668  76.184 0.6250000000
65741  17.432  -17.755  82.123 0.8750000000
149245  18.488  -17.374  83.681 0.8750000000
64804  5.751  -19.596  74.706 0.3750000000
64833  4.453  -19.606  73.408 0.2500000000
133996  22.461  -24.334  77.988 0.6250000000
130670  18.341  -24.995  83.598 0.7500000000
60694  17.031  -24.164  83.651 0.8750000000
57316  18.534  -26.219  82.117 0.5000000000
60695  16.116  -23.737  83.700 0.8750000000
137307  15.610  -23.256  82.889 0.8750000000
60701  14.763  -22.752  82.789 0.8750000000
65763  35.994  -18.168  78.408 0.7500000000
155826  13.766  -21.581  81.947 0.8750000000
61822  14.132  -22.132  82.309 0.8750000000
140715  13.718  -21.443  82.743 0.8750000000
68758  7.566  -15.421  83.870 0.7500000000
69810  7.199  -14.313  82.507 0.7500000000
70932  4.997  -13.426  83.083 0.7500000000
69812  4.311  -13.647  82.750 0.7500000000
64751  37.421  -19.052  76.120 0.7500000000
63744  13.775  -20.331  81.487 0.8750000000
151149  10.461  -15.977  82.422 0.8750000000
70936  4.228  -13.406  81.929 0.7500000000
69817  3.338  -14.189  81.132 0.7500000000
64787  37.090  -19.492  74.840 0.5000000000
64729  14.164  -19.739  80.958 0.8750000000
68769  11.704  -16.055  82.832 0.8750000000
131737  11.205  -16.131  82.186 0.8750000000
154393  4.247  -13.442  81.420 0.7500000000
69827  3.431  -14.056  80.335 0.7500000000
131717  13.133  -16.145  82.127 0.8750000000
68768  12.484  -16.043  82.937 0.7500000000
69828  2.886  -14.554  79.788 0.7500000000
65754  14.780  -19.038  81.335 0.8750000000
68750  15.704  -15.828  83.847 0.7500000000
68767  14.271  -15.775  83.073 0.8750000000
136784  2.630  -15.726  78.796 0.6250000000
68834  2.653  -15.118  78.994 0.7500000000
150971  16.597  -16.003  83.989 0.8750000000
66781  3.684  -17.046  78.172 0.6250000000
147696  3.384  -16.119  78.401 0.6250000000
65752  16.518  -18.042  81.327 0.8750000000
67757  17.943  -16.750  84.249 0.8750000000
65789  3.600  -18.281  77.063 0.6250000000
66720  18.304  -16.925  84.293 0.8750000000
145030  4.786  -19.413  74.979 0.5000000000
64777  6.401  -19.233  75.425 0.5000000000
64778  5.543  -19.263  75.446 0.5000000000
60726  23.078  -23.040  80.082 0.7500000000
59590  22.155  -24.161  79.932 0.7500000000
59591  21.829  -24.674  79.192 0.7500000000
58418  19.043  -25.350  82.822 0.6250000000
59575  18.608  -24.704  83.147 0.7500000000
142528  17.389  -23.876  83.001 0.8750000000
58461  21.204  -25.223  77.857 0.3750000000
133453  18.956  -26.449  80.548 0.5000000000
131576  19.137  -26.247  81.493 0.6250000000
58407  18.906  -25.026  83.154 0.6250000000
58474  21.026  -25.048  77.077 0.3750000000
57348  19.619  -26.366  78.260 0.2500000000
61821  15.246  -22.907  82.070 0.8750000000
145877  35.490  -17.173  78.408 0.8750000000
141915  20.235  -25.378  75.937 0.2500000000
58475  20.223  -25.660  76.667 0.2500000000
57362  19.545  -26.331  77.362 0.2500000000
66764  36.109  -16.915  78.273 0.7500000000
66773  37.102  -17.645  77.160 0.7500000000
58476  19.631  -25.931  75.902 0.2500000000
138192  14.418  -22.343  81.034 0.8750000000
61828  13.979  -22.037  81.455 0.8750000000
68804  8.794  -14.826  80.577 0.7500000000
69815  8.090  -14.406  81.121 0.7500000000
67787  36.758  -16.708  77.549 0.7500000000
62807  13.642  -21.279  81.162 0.8750000000
68803  9.633  -15.144  80.147 0.8750000000
68787  8.444  -15.087  81.250 0.7500000000
70933  6.714  -13.156  82.499 0.7500000000
154007  6.122  -12.521  82.527 0.7500000000
65780  37.469  -18.131  76.334 0.7500000000
66793  37.544  -17.536  75.654 0.7500000000
62818  13.789  -21.243  80.181 0.8750000000
68784  11.440  -16.106  81.345 0.8750000000
130593  10.471  -15.570  80.296 0.8750000000
131979  8.587  -15.459  82.152 0.7500000000
71966  5.262  -12.503  81.802 0.7500000000
65818  37.066  -18.807  74.632 0.5000000000
63750  14.012  -19.919  80.172 0.8750000000
63751  13.786  -20.525  80.591 0.8750000000
68783  12.928  -16.098  81.145 0.8750000000
130595  12.060  -16.013  80.787 0.8750000000
131738  12.142  -16.189  81.913 0.8750000000
70939  4.722  -13.135  81.280 0.7500000000
64735  14.586  -19.224  80.253 0.8750000000
68782  13.929  -15.848  81.414 0.8750000000
130693  14.652  -15.744  82.182 0.8750000000
70947  3.726  -13.840  79.817 0.7500000000
65757  15.271  -18.616  80.043 0.8750000000
135748  15.467  -18.576  80.832 0.8750000000
136667  15.577  -15.626  82.155 0.8750000000
68766  15.175  -15.693  83.021 0.8750000000
69857  3.191  -14.579  78.832 0.7500000000
69839  2.982  -14.572  79.142 0.7500000000
68764  16.951  -15.826  83.266 0.8750000000
67783  3.032  -15.654  78.587 0.7500000000
65756  16.071  -18.147  80.396 0.8750000000
68749  17.477  -16.256  84.059 0.8750000000
65774  5.158  -17.786  77.532 0.6250000000
66780  4.778  -17.043  78.025 0.6250000000
66761  16.550  -17.801  79.880 0.8750000000
66731  18.856  -17.038  84.147 0.8750000000
65787  5.491  -18.368  76.816 0.6250000000
66754  17.944  -17.631  80.825 0.8750000000
66749  17.387  -17.755  81.316 0.8750000000
66748  18.199  -17.657  81.856 0.8750000000
66742  18.384  -17.603  82.891 0.8750000000
65798  6.917  -18.642  76.041 0.6250000000
64803  6.743  -19.569  74.735 0.5000000000
60717  23.035  -22.793  80.021 0.7500000000
60718  22.375  -23.361  80.283 0.7500000000
135000  21.366  -24.887  79.960 0.7500000000
58438  20.958  -24.657  80.968 0.7500000000
58452  21.271  -25.242  78.790 0.5000000000
58427  19.729  -25.166  82.237 0.6250000000
60700  19.139  -24.507  82.523 0.7500000000
130487  17.280  -23.561  82.265 0.8750000000
58453  20.646  -25.735  78.275 0.3750000000
58445  20.620  -25.714  79.315 0.5000000000
57336  20.123  -25.971  80.095 0.5000000000
145766  19.618  -26.099  80.768 0.6250000000
57301  19.199  -25.821  82.298 0.6250000000
151456  16.557  -23.534  82.814 0.8750000000
58462  20.507  -25.682  77.481 0.3750000000
57361  20.115  -26.119  77.827 0.3750000000
57337  19.468  -26.350  79.863 0.5000000000
155260  15.913  -23.223  82.221 0.8750000000
57375  19.966  -26.066  77.178 0.3750000000
61826  14.992  -22.704  81.311 0.8750000000
137195  36.339  -16.076  78.114 0.7500000000
147734  9.201  -14.435  80.073 0.8750000000
69825  9.249  -13.587  80.048 0.7500000000
70938  7.240  -12.587  81.956 0.7500000000
62817  14.056  -21.774  79.928 0.8750000000
61840  13.928  -21.895  80.637 0.8750000000
139231  11.071  -15.299  79.083 0.8750000000
68817  10.471  -15.178  79.512 0.8750000000
71961  6.575  -12.144  82.197 0.7500000000
67805  37.423  -16.559  75.473 0.7500000000
68815  12.543  -15.608  79.236 0.8750000000
68802  11.880  -15.759  79.867 0.8750000000
131653  11.101  -15.555  79.665 0.8750000000
71965  6.434  -11.743  81.792 0.7500000000
71971  5.844  -12.044  81.704 0.7500000000
66812  37.051  -17.930  74.298 0.6250000000
63753  13.895  -20.527  79.714 0.8750000000
68801  12.740  -15.852  80.137 0.8750000000
70944  5.973  -13.132  80.376 0.7500000000
70946  4.411  -13.551  80.409 0.7500000000
64738  14.135  -19.723  79.417 0.8750000000
68780  16.040  -15.501  81.365 0.8750000000
68781  15.047  -15.621  81.184 0.8750000000
138297  16.477  -15.565  82.300 0.8750000000
70973  4.199  -13.364  78.147 0.7500000000
70974  3.858  -13.823  78.509 0.7500000000
65761  14.740  -18.857  79.191 0.8750000000
141242  17.381  -15.649  82.564 0.8750000000
69874  3.800  -14.390  78.355 0.7500000000
70989  3.977  -13.880  78.208 0.7500000000
65760  15.677  -18.207  79.532 0.8750000000
68748  18.348  -16.374  83.945 0.8750000000
67795  5.977  -16.423  77.444 0.7500000000
68846  5.087  -15.043  77.565 0.7500000000
67756  18.801  -16.807  84.133 0.8750000000
66791  6.611  -17.260  77.166 0.6250000000
139057  17.104  -17.509  79.361 0.8750000000
66755  16.942  -17.792  80.650 0.8750000000
66741  19.165  -17.328  83.612 0.8750000000
65785  7.235  -17.823  76.463 0.6250000000
65797  7.628  -18.296  75.682 0.5000000000
65814  7.990  -18.662  74.923 0.5000000000
61835  22.218  -23.046  80.340 0.7500000000
140669  21.692  -23.550  80.563 0.7500000000
60719  21.150  -23.909  81.052 0.7500000000
133510  20.426  -25.029  81.577 0.7500000000
155713  21.978  -21.808  78.197 0.8750000000
156152  17.846  -23.915  82.634 0.8750000000
135041  20.701  -25.388  80.432 0.5000000000
147849  20.633  -25.178  81.064 0.6250000000
57327  20.244  -25.582  80.966 0.6250000000
149394  16.264  -23.238  80.974 0.8750000000
60709  16.505  -23.296  81.871 0.8750000000
60710  15.712  -23.070  81.513 0.8750000000
133074  36.379  -15.100  78.014 0.7500000000
61839  14.530  -22.325  80.305 0.8750000000
71969  8.520  -11.432  81.269 0.7500000000
68849  37.013  -15.719  76.645 0.7500000000
68832  10.785  -14.802  78.884 0.8750000000
70970  10.607  -13.939  78.831 0.8750000000
72971  7.701  -11.410  81.394 0.7500000000
68859  37.173  -15.765  75.816 0.7500000000
135985  37.441  -17.268  74.809 0.7500000000
62823  14.088  -21.262  79.270 0.8750000000
68816  11.689  -15.486  79.108 0.8750000000
72982  6.887  -11.485  80.940 0.7500000000
67814  37.272  -16.483  74.643 0.7500000000
143537  37.150  -17.087  74.246 0.6250000000
63763  14.099  -20.439  78.817 0.8750000000
68799  14.305  -15.642  80.381 0.8750000000
66819  35.993  -18.164  73.301 0.3750000000
64744  14.337  -19.600  78.491 0.8750000000
137203  15.446  -18.256  78.618 0.8750000000
68779  16.945  -15.431  81.558 0.8750000000
70988  4.261  -13.382  77.683 0.7500000000
68747  19.420  -16.391  83.675 0.8750000000
68763  18.418  -15.869  83.079 0.8750000000
69872  4.520  -13.731  76.999 0.7500000000
68845  5.855  -15.469  77.109 0.7500000000
68858  5.209  -14.256  76.451 0.7500000000
66762  16.263  -17.753  79.013 0.8750000000
66730  19.622  -16.887  83.897 0.8750000000
67804  6.667  -16.231  76.886 0.7500000000
68857  6.332  -15.171  76.379 0.7500000000
149670  17.301  -17.609  80.109 0.8750000000
66747  19.278  -17.539  82.686 0.8750000000
149646  7.809  -16.597  75.785 0.7500000000
66760  18.017  -17.379  79.814 0.8750000000
149322  18.855  -17.543  81.577 0.8750000000
65813  8.745  -18.222  74.426 0.5000000000
150168  21.729  -22.084  78.651 0.8750000000
61845  21.867  -22.758  80.163 0.8750000000
61846  20.959  -22.790  80.058 0.8750000000
153143  20.692  -24.363  81.462 0.7500000000
59581  20.242  -24.483  81.905 0.7500000000
60706  19.830  -24.023  81.872 0.7500000000
60707  18.960  -23.926  81.893 0.8750000000
62855  21.381  -21.711  77.770 0.8750000000
62840  20.887  -22.112  78.427 0.8750000000
59582  19.704  -24.617  82.270 0.7500000000
130791  18.434  -24.198  82.580 0.8750000000
62868  20.892  -21.500  76.847 0.8750000000
60708  18.044  -23.619  81.828 0.8750000000
132653  17.156  -23.364  81.379 0.8750000000
62859  15.963  -21.696  76.694 0.8750000000
139933  16.759  -22.361  77.931 0.8750000000
60723  16.046  -23.026  80.103 0.8750000000
149063  35.514  -14.888  78.403 0.7500000000
62873  15.387  -21.186  76.308 0.8750000000
62860  15.208  -21.405  77.112 0.8750000000
61880  15.842  -22.046  77.632 0.8750000000
148659  14.799  -22.547  80.823 0.8750000000
138508  14.851  -20.086  76.382 0.8750000000
62874  14.857  -20.745  76.787 0.8750000000
62842  14.949  -21.631  77.918 0.8750000000
151814  15.094  -22.290  79.076 0.8750000000
69871  12.049  -14.122  77.830 0.8750000000
70969  11.769  -13.481  78.027 0.8750000000
72980  9.350  -10.914  81.105 0.7500000000
69875  36.889  -15.108  76.157 0.7500000000
141937  15.040  -19.399  76.155 0.8750000000
64760  14.761  -19.519  76.859 0.8750000000
140380  14.620  -20.164  77.117 0.8750000000
62861  14.643  -21.031  77.507 0.8750000000
62843  14.390  -21.109  78.314 0.8750000000
61851  14.510  -22.048  79.458 0.8750000000
68828  14.190  -15.325  78.575 0.8750000000
68829  13.193  -15.329  78.527 0.8750000000
68830  12.303  -15.242  78.553 0.8750000000
68871  37.266  -15.805  75.052 0.7500000000
65784  14.970  -18.957  76.658 0.8750000000
65773  14.848  -18.898  77.299 0.8750000000
153171  14.614  -20.598  77.311 0.8750000000
68813  14.669  -15.500  79.492 0.8750000000
71995  7.108  -12.794  78.583 0.7500000000
71980  7.151  -11.789  79.834 0.7500000000
143783  36.650  -17.341  73.666 0.5000000000
65766  15.344  -18.306  77.717 0.8750000000
68797  16.521  -15.412  80.495 0.8750000000
133734  15.083  -15.520  80.268 0.8750000000
67833  36.144  -17.190  72.785 0.3750000000
68778  17.884  -15.547  81.916 0.8750000000
67843  35.614  -17.046  71.850 0.2500000000
71005  4.561  -12.853  75.986 0.7500000000
69894  5.125  -13.396  75.447 0.7500000000
66769  16.890  -17.477  78.497 0.8750000000
68856  7.172  -15.929  76.144 0.7500000000
69883  5.726  -14.305  75.672 0.7500000000
68867  7.564  -15.753  75.361 0.7500000000
67810  8.357  -17.032  75.284 0.5000000000
153826  8.148  -16.327  75.183 0.7500000000
66808  8.803  -17.376  74.656 0.6250000000
154855  20.798  -23.597  80.963 0.8750000000
60720  20.186  -23.569  81.055 0.8750000000
135128  19.454  -23.695  81.354 0.8750000000
62841  20.020  -22.214  78.205 0.8750000000
61866  20.451  -22.548  79.132 0.8750000000
60721  18.671  -23.546  81.114 0.8750000000
62883  20.517  -21.272  75.961 0.8750000000
61869  17.518  -22.536  78.372 0.8750000000
60722  17.779  -23.352  80.818 0.8750000000
61888  16.689  -22.132  77.141 0.8750000000
61879  17.311  -22.337  77.607 0.8750000000
155892  16.909  -22.512  78.448 0.8750000000
61849  16.666  -23.020  79.713 0.8750000000
60731  16.891  -23.255  80.456 0.8750000000
61870  16.291  -22.450  78.431 0.8750000000
144240  15.931  -22.642  79.197 0.8750000000
72009  14.079  -12.775  77.433 0.8750000000
70975  35.864  -13.556  77.819 0.7500000000
61871  15.403  -22.192  78.454 0.8750000000
61850  15.207  -22.574  79.770 0.8750000000
146671  14.946  -13.645  77.136 0.8750000000
70986  13.553  -13.497  77.402 0.8750000000
69876  36.686  -14.400  76.567 0.7500000000
61872  14.677  -21.777  78.716 0.8750000000
69868  14.490  -14.192  77.353 0.8750000000
69852  13.794  -14.778  77.778 0.8750000000
69887  36.851  -14.483  75.659 0.7500000000
150359  37.079  -15.264  74.761 0.7500000000
69836  16.926  -15.072  78.969 0.8750000000
68826  16.094  -15.204  78.798 0.8750000000
73016  7.719  -11.519  79.536 0.7500000000
69896  36.919  -14.602  74.798 0.7500000000
69895  36.873  -15.107  74.197 0.7500000000
65772  15.292  -18.396  76.913 0.8750000000
64749  14.567  -19.563  77.619 0.8750000000
63780  14.428  -20.379  77.869 0.8750000000
68810  17.258  -15.268  79.890 0.8750000000
68812  15.681  -15.422  79.683 0.8750000000
69908  36.633  -14.956  73.410 0.5000000000
66778  15.878  -17.852  77.262 0.8750000000
65767  14.766  -18.851  78.141 0.8750000000
68796  17.533  -15.340  80.899 0.8750000000
68893  36.474  -15.591  72.789 0.3750000000
143094  36.175  -16.284  72.212 0.3750000000
66777  16.662  -17.464  77.648 0.8750000000
66770  16.091  -17.805  78.131 0.8750000000
155548  18.703  -15.623  82.337 0.8750000000
66776  17.406  -17.051  78.040 0.8750000000
68746  20.407  -16.508  83.596 0.8750000000
67844  35.185  -16.955  70.895 0.2500000000
66740  20.268  -16.983  83.509 0.8750000000
66768  17.663  -17.153  78.889 0.8750000000
136369  19.794  -17.217  83.460 0.8750000000
67782  18.312  -16.699  78.395 0.8750000000
66767  18.369  -17.002  79.192 0.8750000000
66752  19.942  -17.420  81.963 0.8750000000
66753  19.000  -17.349  80.690 0.8750000000
139092  20.047  -23.044  80.011 0.8750000000
62869  19.884  -21.615  76.729 0.8750000000
62856  20.451  -21.818  77.571 0.8750000000
60728  19.319  -23.397  80.572 0.8750000000
62870  18.881  -21.646  76.390 0.8750000000
61878  19.072  -22.230  77.860 0.8750000000
61868  18.535  -22.631  78.607 0.8750000000
61847  18.983  -23.085  79.569 0.8750000000
60729  18.375  -23.288  80.197 0.8750000000
62872  16.845  -21.828  76.202 0.8750000000
61886  18.419  -22.034  77.022 0.8750000000
61848  17.984  -22.930  79.272 0.8750000000
62884  19.545  -21.325  75.764 0.8750000000
63813  20.135  -20.898  75.159 0.8750000000
133155  16.992  -22.704  79.057 0.8750000000
60730  17.446  -23.183  79.885 0.8750000000
63814  19.217  -21.029  74.961 0.8750000000
62888  15.595  -21.006  75.680 0.8750000000
73026  14.647  -12.192  77.789 0.8750000000
70976  35.403  -12.824  78.150 0.8750000000
64759  15.222  -19.955  75.632 0.8750000000
70985  14.327  -13.495  77.208 0.8750000000
71999  35.752  -12.938  77.433 0.7500000000
65783  15.276  -18.639  76.153 0.8750000000
69866  16.132  -14.169  77.382 0.8750000000
70984  15.657  -13.508  77.086 0.8750000000
70998  36.593  -13.807  76.062 0.7500000000
146112  36.704  -14.031  74.477 0.7500000000
66789  15.711  -17.942  76.412 0.8750000000
69849  17.347  -14.547  78.299 0.8750000000
69850  15.667  -14.809  77.962 0.8750000000
66788  16.402  -17.480  76.750 0.8750000000
68809  18.293  -15.108  80.285 0.8750000000
67794  17.172  -17.089  77.134 0.8750000000
68795  19.119  -15.187  81.107 0.8750000000
68905  36.100  -15.440  71.815 0.2500000000
155891  19.331  -15.852  83.096 0.8750000000
135965  18.468  -15.386  81.429 0.8750000000
66745  21.118  -16.795  83.250 0.8750000000
68906  35.540  -16.105  71.137 0.2500000000
67853  35.049  -16.253  70.198 0.2500000000
67793  17.850  -16.586  77.522 0.8750000000
67792  18.646  -16.327  77.648 0.8750000000
66746  20.317  -17.288  83.078 0.8750000000
66759  18.810  -17.145  79.756 0.8750000000
153243  20.036  -17.272  81.011 0.8750000000
62858  19.172  -21.851  77.100 0.8750000000
62857  19.724  -21.928  77.488 0.8750000000
62871  17.899  -21.804  76.214 0.8750000000
62885  18.471  -21.376  75.470 0.8750000000
140425  18.543  -21.076  74.847 0.8750000000
142248  16.033  -21.408  75.884 0.8750000000
63825  18.592  -20.740  74.216 0.8750000000
72008  15.003  -12.881  77.143 0.8750000000
72000  35.463  -12.077  77.987 0.8750000000
69864  17.585  -13.417  77.367 0.8750000000
70983  16.570  -13.445  77.156 0.8750000000
72017  36.093  -13.094  76.523 0.7500000000
72029  36.343  -13.220  75.595 0.7500000000
66796  15.671  -18.187  75.561 0.8750000000
66795  16.197  -17.533  75.861 0.8750000000
141880  17.699  -14.084  77.751 0.8750000000
67803  16.881  -17.052  76.233 0.8750000000
131847  18.862  -14.205  78.481 0.8750000000
140800  17.758  -14.865  79.212 0.8750000000
71017  36.531  -13.831  73.813 0.6250000000
151462  36.228  -14.106  72.488 0.5000000000
69824  19.396  -14.804  80.233 0.8750000000
71031  36.497  -14.283  73.215 0.6250000000
131987  18.207  -16.207  77.127 0.8750000000
68776  20.946  -15.632  83.001 0.8750000000
68777  19.566  -15.520  82.303 0.8750000000
71042  35.950  -14.247  71.770 0.3750000000
69929  35.636  -14.451  70.940 0.2500000000
135458  21.305  -16.059  83.429 0.8750000000
150585  20.322  -15.982  83.366 0.8750000000
68919  35.603  -15.188  70.954 0.2500000000
130596  19.240  -16.423  78.265 0.8750000000
66751  20.942  -17.234  82.690 0.8750000000
136292  34.934  -15.785  69.542 0.1250000000
67775  19.162  -16.774  79.142 0.8750000000
66758  19.582  -17.042  80.110 0.8750000000
62886  17.400  -21.519  75.421 0.8750000000
62893  17.890  -21.125  74.776 0.8750000000
62887  16.092  -21.090  75.172 0.8750000000
65795  15.412  -19.107  75.346 0.8750000000
73000  34.938  -11.362  78.453 0.8750000000
143319  17.932  -20.456  73.635 0.8750000000
63836  18.476  -20.391  73.413 0.8750000000
63837  17.243  -20.295  73.549 0.8750000000
64825  17.846  -20.018  73.012 0.8750000000
70982  18.562  -13.158  77.488 0.8750000000
72030  35.849  -12.363  76.159 0.7500000000
72040  36.402  -13.324  74.562 0.7500000000
69848  18.335  -13.807  77.792 0.8750000000
67802  17.618  -16.482  76.614 0.8750000000
69834  20.056  -14.396  79.536 0.8750000000
152407  19.300  -14.459  79.198 0.8750000000
72050  36.112  -13.167  73.567 0.6250000000
140780  35.763  -13.146  72.756 0.6250000000
69823  20.609  -14.794  80.710 0.8750000000
71032  35.793  -13.583  72.077 0.5000000000
68794  20.131  -15.205  81.519 0.8750000000
71043  35.639  -13.772  71.127 0.3750000000
67761  22.030  -16.350  83.115 0.8750000000
71051  35.538  -13.932  70.105 0.1250000000
67781  19.941  -16.410  78.914 0.8750000000
68930  35.164  -15.155  69.418 0.1250000000
145874  19.989  -16.705  79.639 0.8750000000
67770  20.933  -17.255  81.841 0.8750000000
63827  16.215  -20.480  74.500 0.8750000000
148180  16.620  -21.449  75.433 0.8750000000
62894  16.874  -21.169  74.666 0.8750000000
63828  15.635  -19.833  74.864 0.8750000000
74051  34.561  -10.023  78.360 0.8750000000
139172  16.847  -20.622  74.047 0.8750000000
136674  16.156  -17.702  74.996 0.8750000000
67809  16.674  -17.036  75.333 0.8750000000
140082  17.265  -16.582  75.775 0.8750000000
73017  35.277  -11.259  78.226 0.8750000000
64826  17.059  -19.695  73.098 0.8750000000
65832  16.660  -18.528  72.882 0.8750000000
73037  35.610  -11.334  76.816 0.7500000000
73042  35.618  -11.486  75.743 0.7500000000
67801  18.167  -15.926  76.615 0.8750000000
70967  19.956  -13.373  78.039 0.8750000000
73047  35.587  -11.564  74.764 0.7500000000
67836  17.480  -16.876  72.191 0.8750000000
67800  18.755  -15.877  77.032 0.8750000000
69833  21.113  -14.343  79.913 0.8750000000
141037  35.785  -12.433  74.162 0.6250000000
68844  19.993  -15.594  77.542 0.8750000000
68793  21.399  -15.403  81.967 0.8750000000
72063  35.398  -12.662  72.028 0.6250000000
139392  35.500  -13.181  71.359 0.3750000000
67790  19.953  -15.981  78.219 0.8750000000
68775  21.963  -15.870  83.101 0.8750000000
67780  20.716  -16.091  78.845 0.8750000000
145562  21.836  -16.945  81.742 0.8750000000
67765  21.749  -17.020  82.717 0.8750000000
65812  15.739  -19.175  74.585 0.8750000000
63838  16.616  -20.051  73.717 0.8750000000
66806  15.830  -18.482  74.756 0.8750000000
64827  16.482  -19.193  73.348 0.8750000000
67807  17.809  -15.864  75.788 0.8750000000
75056  35.325  -9.728  78.201 0.7500000000
66815  16.744  -17.798  72.841 0.8750000000
67827  17.131  -16.945  72.870 0.8750000000
68855  18.632  -15.480  76.225 0.8750000000
74058  35.629  -10.366  77.429 0.7500000000
73053  35.398  -11.422  73.801 0.6250000000
153978  35.158  -11.805  72.311 0.6250000000
68792  22.557  -15.747  82.338 0.8750000000
72076  35.186  -12.561  71.079 0.5000000000
72099  35.305  -13.211  69.773 0.1250000000
67763  22.887  -16.239  82.083 0.8750000000
72100  34.928  -12.566  69.587 0.1250000000
67764  22.457  -16.596  82.506 0.8750000000
67771  20.702  -16.939  80.606 0.8750000000
67774  21.913  -16.662  80.572 0.8750000000
65811  16.041  -18.785  74.021 0.8750000000
132923  16.638  -17.427  73.551 0.8750000000
67817  16.606  -17.150  74.421 0.8750000000
67808  17.212  -16.360  74.851 0.8750000000
76047  34.820  -8.651  77.965 0.7500000000
67816  17.054  -16.610  73.792 0.8750000000
75065  35.653  -9.637  77.757 0.7500000000
75077  35.830  -9.473  76.009 0.7500000000
155987  35.471  -10.742  75.254 0.7500000000
143046  35.388  -10.595  74.448 0.7500000000
155671  35.183  -11.145  72.887 0.6250000000
73062  34.960  -11.803  71.573 0.5000000000
155207  22.918  -15.961  82.161 0.8750000000
72087  35.061  -12.549  70.264 0.2500000000
148415  34.989  -13.110  68.968 0.1250000000
130597  20.779  -16.512  79.621 0.8750000000
67769  22.584  -16.589  81.704 0.8750000000
66805  16.246  -17.947  74.181 0.8750000000
68865  17.807  -15.680  74.882 0.8750000000
68875  17.592  -15.863  74.077 0.8750000000
76046  35.402  -8.676  77.794 0.7500000000
76072  36.347  -8.862  76.827 0.7500000000
74070  35.452  -9.955  75.179 0.7500000000
146994  35.614  -9.004  74.176 0.6250000000
142791  35.426  -9.675  74.257 0.6250000000
74084  34.986  -9.971  71.624 0.5000000000
73063  34.777  -10.898  71.218 0.5000000000
67768  23.049  -16.307  81.058 0.7500000000
72088  34.650  -11.711  69.850 0.1250000000
67779  21.625  -16.291  79.510 0.8750000000
67773  22.538  -16.413  80.122 0.7500000000
142516  34.592  -12.142  69.069 0.2500000000
85159  51.778  0.800  63.214 0.8750000000
85160  51.184  0.818  63.365 0.8750000000
149870  50.652  0.916  63.068 0.8750000000
85145  52.157  0.063  63.667 0.8750000000
80368  55.393  -4.486  56.697 0.7500000000
80374  55.136  -4.225  55.505 0.5000000000
75089  35.475  -9.337  73.329 0.6250000000
74078  35.164  -10.109  72.604 0.6250000000
147044  35.743  -8.855  72.885 0.6250000000
75094  35.428  -9.338  72.334 0.5000000000
74085  34.846  -10.186  70.866 0.5000000000
74094  34.683  -10.834  70.433 0.5000000000
74101  34.649  -10.563  69.627 0.3750000000
74100  34.729  -10.267  68.752 0.3750000000
73097  34.510  -11.705  68.528 0.1250000000
74115  34.575  -10.946  68.243 0.3750000000
86201  50.824  1.492  61.801 0.8750000000
156082  52.225  1.698  62.224 0.8750000000
86183  51.704  1.299  62.741 0.8750000000
86184  51.110  1.268  62.674 0.8750000000
86182  52.299  1.374  62.544 0.8750000000
85157  53.105  0.160  62.315 0.8750000000
151059  53.636  0.582  61.642 0.8750000000
84196  53.673  -0.276  61.575 0.8750000000
133082  55.653  -4.394  56.185 0.5000000000
80373  56.515  -4.149  55.936 0.6250000000
76118  35.931  -8.768  72.147 0.5000000000
75100  35.156  -9.590  70.839 0.5000000000
144686  36.190  -8.702  71.294 0.5000000000
76129  35.673  -9.019  70.665 0.5000000000
75123  35.339  -9.515  68.415 0.3750000000
87256  51.926  2.527  60.833 0.8750000000
87257  51.155  2.279  60.507 0.8750000000
87262  50.647  2.530  59.833 0.8750000000
87247  52.377  2.168  61.522 0.8750000000
156078  53.306  2.557  61.386 0.8750000000
86199  53.109  1.930  61.796 0.8750000000
87245  54.098  2.650  61.243 0.8750000000
85173  53.176  1.218  62.040 0.8750000000
86198  54.149  1.945  61.368 0.8750000000
87244  54.953  2.459  60.526 0.8750000000
86214  55.330  1.759  60.060 0.8750000000
86225  55.265  1.865  59.901 0.8750000000
86213  55.395  1.060  59.967 0.8750000000
156330  54.689  0.747  59.377 0.8750000000
86235  55.194  0.961  59.764 0.8750000000
84248  55.121  -0.559  59.321 0.8750000000
80379  55.712  -3.954  55.149 0.6250000000
80380  54.724  -3.943  54.717 0.5000000000
144739  53.727  -4.022  54.218 0.5000000000
131559  52.239  -4.486  53.815 0.3750000000
80386  52.929  -4.234  53.647 0.2500000000
134678  36.976  -8.394  71.172 0.5000000000
153168  36.508  -8.569  70.387 0.3750000000
76141  35.724  -8.914  69.826 0.3750000000
153017  37.211  -8.395  69.785 0.3750000000
76159  35.783  -8.927  68.939 0.3750000000
87261  51.421  2.983  60.220 0.8750000000
145627  50.828  3.386  59.450 0.8750000000
88242  50.230  3.816  58.792 0.8750000000
88233  52.320  3.397  60.568 0.8750000000
87246  52.876  2.921  61.059 0.8750000000
88232  53.418  3.852  60.849 0.8750000000
79158  8.181  -5.762  66.291 0.6250000000
89155  53.936  4.831  60.561 0.8750000000
91032  54.681  6.690  58.948 0.7500000000
80224  7.341  -3.566  66.145 0.6250000000
80203  7.766  -4.822  66.225 0.6250000000
89161  54.464  5.620  59.937 0.8750000000
91031  55.006  6.276  58.944 0.8750000000
91046  54.589  6.825  58.588 0.8750000000
80223  8.318  -4.068  65.806 0.6250000000
88231  54.391  4.204  60.631 0.8750000000
89153  54.929  4.664  59.836 0.8750000000
90087  54.478  6.246  58.252 0.8750000000
90088  53.346  6.026  57.618 0.7500000000
90089  52.305  5.890  57.175 0.7500000000
88230  54.892  3.902  60.148 0.8750000000
88239  54.994  4.034  59.510 0.8750000000
87269  54.903  3.728  59.306 0.8750000000
88250  54.131  3.323  58.836 0.7500000000
88251  53.512  3.883  58.427 0.7500000000
86238  52.550  1.629  58.510 0.8750000000
139751  53.039  3.068  58.394 0.7500000000
83272  53.758  -1.505  58.226 0.7500000000
156610  53.674  -1.088  58.429 0.7500000000
85228  52.777  -0.001  58.331 0.7500000000
86237  53.165  0.971  58.707 0.7500000000
82330  53.022  -1.827  57.166 0.7500000000
142530  53.157  -1.542  57.719 0.7500000000
83283  52.450  -1.282  57.464 0.7500000000
81396  57.415  -3.835  56.000 0.7500000000
82340  53.920  -2.354  56.991 0.7500000000
81400  55.675  -3.738  54.439 0.6250000000
83290  52.238  -1.486  56.806 0.7500000000
80384  54.547  -3.756  53.953 0.3750000000
81406  54.397  -3.646  53.352 0.3750000000
80385  53.704  -3.858  53.494 0.3750000000
88240  52.845  4.342  60.319 0.8750000000
89173  51.179  5.232  58.858 0.7500000000
89174  50.221  5.154  58.585 0.7500000000
89162  53.465  5.391  60.040 0.7500000000
90073  54.317  6.311  59.523 0.7500000000
150621  45.771  5.564  61.526 0.3750000000
91047  54.440  7.538  58.419 0.7500000000
92141  54.475  7.957  57.899 0.7500000000
90064  45.190  5.191  61.617 0.2500000000
90060  44.948  5.248  62.465 0.2500000000
89143  44.307  4.771  62.798 0.2500000000
89138  44.193  4.745  63.728 0.2500000000
79178  9.642  -5.857  65.661 0.6250000000
91090  52.777  7.401  56.758 0.5000000000
92171  51.718  7.717  56.212 0.2500000000
89149  44.383  4.636  61.740 0.2500000000
89150  43.666  3.968  61.411 0.2500000000
89139  43.493  4.197  63.656 0.2500000000
81272  8.106  -3.097  65.755 0.6250000000
80222  9.136  -4.542  65.505 0.5000000000
91067  54.245  7.023  57.823 0.7500000000
91068  53.092  6.718  57.239 0.6250000000
91069  52.246  6.514  56.801 0.5000000000
91092  50.813  6.902  55.984 0.5000000000
89158  44.249  4.093  60.792 0.2500000000
88221  43.144  3.720  61.973 0.2500000000
144333  9.017  -3.453  65.346 0.5000000000
90101  51.545  5.900  56.721 0.5000000000
90119  50.180  6.310  55.907 0.2500000000
91103  48.710  6.923  55.234 0.2500000000
155055  9.593  -3.617  64.981 0.5000000000
87278  52.235  2.437  58.245 0.7500000000
151185  51.325  3.597  57.326 0.7500000000
90103  49.939  5.455  56.055 0.2500000000
130373  48.100  6.208  55.054 0.2500000000
91104  47.169  6.636  55.469 0.1250000000
91106  45.361  6.674  56.082 0.1250000000
81278  9.655  -3.132  64.799 0.5000000000
83273  53.024  -0.974  58.107 0.7500000000
85229  52.051  0.777  58.290 0.7500000000
88259  51.346  2.620  57.631 0.6250000000
89193  50.077  4.534  56.377 0.3750000000
141135  49.331  5.391  55.221 0.2500000000
132382  44.028  6.225  56.475 0.1250000000
84251  51.815  0.083  57.904 0.7500000000
137153  50.621  1.873  57.339 0.7500000000
88267  50.429  2.940  57.010 0.7500000000
89201  49.430  4.495  55.698 0.3750000000
89202  49.030  4.671  54.922 0.2500000000
149200  47.235  5.739  55.237 0.2500000000
91105  46.322  6.300  55.672 0.2500000000
90123  44.697  6.020  56.242 0.1250000000
90104  44.102  5.582  56.346 0.1250000000
83289  52.963  -1.895  56.343 0.7500000000
84259  51.199  -0.241  57.373 0.7500000000
85236  50.565  0.403  57.216 0.7500000000
87288  50.002  2.051  56.804 0.7500000000
139304  49.548  2.712  56.397 0.7500000000
150005  49.047  4.038  55.021 0.3750000000
89219  48.345  4.784  54.715 0.3750000000
89203  47.477  4.889  54.933 0.3750000000
90122  45.503  5.646  55.885 0.1250000000
89195  42.787  4.993  56.391 0.1250000000
90106  42.351  5.833  56.578 0.1250000000
85242  50.054  0.261  56.608 0.7500000000
86255  50.022  1.120  56.942 0.7500000000
88273  48.625  4.070  54.673 0.3750000000
133748  47.938  4.209  54.477 0.3750000000
136699  45.533  4.802  55.740 0.2500000000
143344  44.184  4.084  56.023 0.1250000000
81405  55.204  -3.578  53.629 0.5000000000
87289  48.869  2.426  55.705 0.6250000000
87296  48.691  3.293  54.822 0.3750000000
140165  46.951  4.092  54.949 0.3750000000
145134  45.985  4.132  55.487 0.2500000000
132413  45.093  4.128  55.763 0.2500000000
138178  43.132  4.023  56.166 0.1250000000
80390  52.987  -4.039  52.961 0.3750000000
88275  45.533  3.399  55.440 0.1250000000
80396  52.410  -4.191  52.352 0.2500000000
88274  46.261  3.521  55.156 0.2500000000
86016  19.953  1.432  76.273 0.3750000000
152250  19.123  0.906  75.083 0.2500000000
86031  19.470  1.523  75.400 0.2500000000
87059  19.520  2.320  74.900 0.2500000000
88083  19.601  3.009  75.440 0.2500000000
155290  19.508  2.686  74.349 0.1250000000
88095  19.506  3.152  74.660 0.1250000000
88096  19.245  3.840  74.320 0.1250000000
89163  52.127  4.806  59.591 0.7500000000
90081  51.974  6.380  58.874 0.7500000000
90082  50.669  5.865  58.639 0.7500000000
91050  50.097  7.252  58.820 0.5000000000
91009  46.822  6.204  61.378 0.3750000000
91001  46.795  6.539  63.060 0.3750000000
90074  52.832  6.000  59.455 0.7500000000
144211  53.858  8.026  58.611 0.7500000000
90063  46.186  6.008  61.844 0.3750000000
90059  45.533  5.687  63.050 0.2500000000
90054  45.444  5.713  63.936 0.2500000000
90080  53.880  7.133  59.136 0.7500000000
93172  53.371  8.953  57.260 0.5000000000
94198  51.430  9.339  56.746 0.3750000000
94192  50.284  9.710  57.249 0.1250000000
135138  45.598  5.675  62.196 0.2500000000
90045  44.782  5.296  64.229 0.2500000000
89131  43.784  4.455  64.277 0.2500000000
150044  43.214  4.000  64.356 0.2500000000
93173  52.231  8.769  56.604 0.3750000000
94199  50.318  9.345  56.627 0.1250000000
93161  48.354  9.090  56.799 0.1250000000
93177  47.214  8.647  56.679 0.1250000000
93164  45.893  8.398  57.577 0.1250000000
88209  42.500  3.461  64.562 0.2500000000
87194  41.830  2.948  64.955 0.2500000000
93181  49.957  8.263  55.656 0.1250000000
93183  48.151  8.401  55.848 0.1250000000
93178  46.208  8.351  56.861 0.1250000000
93165  45.226  8.174  57.762 0.1250000000
92182  49.244  7.609  55.415 0.1250000000
92185  47.011  7.560  55.757 0.1250000000
92158  45.287  8.135  56.971 0.1250000000
92159  44.497  7.864  57.551 0.1250000000
148065  45.232  7.526  56.422 0.1250000000
92175  44.611  7.690  56.800 0.1250000000
91070  43.110  7.077  56.988 0.1250000000
91093  44.433  6.993  56.467 0.1250000000
135278  43.558  6.725  56.674 0.1250000000
90105  43.328  5.828  56.513 0.1250000000
91094  41.956  6.520  56.870 0.1250000000
83284  51.659  -0.992  57.147 0.7500000000
84260  50.548  -0.167  56.914 0.7500000000
90107  41.519  5.791  56.675 0.1250000000
81399  56.690  -3.817  55.253 0.7500000000
142268  56.752  -3.634  54.655 0.7500000000
84267  51.001  -0.652  56.728 0.7500000000
86256  49.401  1.708  56.301 0.7500000000
89196  41.905  5.056  56.413 0.1250000000
89197  41.055  5.079  56.456 0.1250000000
84268  50.382  -0.332  56.313 0.7500000000
140992  49.473  0.798  56.131 0.7500000000
86262  48.923  1.406  55.531 0.7500000000
86263  48.581  2.199  54.783 0.3750000000
88287  48.250  3.531  54.329 0.3750000000
88288  47.659  3.546  54.277 0.3750000000
89205  42.307  4.385  56.253 0.1250000000
154428  40.348  5.201  56.528 0.1250000000
81412  53.793  -3.653  52.773 0.3750000000
81413  53.036  -3.830  52.352 0.5000000000
89206  41.471  4.200  56.149 0.1250000000
89207  40.379  4.431  56.168 0.1250000000
89208  39.410  4.337  55.984 0.1250000000
81418  53.463  -3.465  51.933 0.3750000000
81419  52.607  -3.730  51.617 0.3750000000
81420  51.839  -4.190  51.801 0.2500000000
87306  48.367  2.957  54.170 0.3750000000
88295  48.063  3.031  53.857 0.3750000000
88289  46.821  3.284  54.564 0.3750000000
87307  47.417  2.905  53.886 0.3750000000
82370  53.660  -2.553  50.742 0.3750000000
82371  52.860  -2.764  50.315 0.3750000000
82372  53.548  -2.129  49.966 0.3750000000
83329  55.172  -1.160  49.837 0.5000000000
83330  54.278  -1.488  49.669 0.3750000000
84326  54.772  -0.783  49.126 0.3750000000
134377  55.302  -0.244  48.625 0.3750000000
84349  54.996  0.092  47.891 0.3750000000
135536  53.464  -0.505  47.176 0.1250000000
84355  53.272  -0.269  46.253 0.1250000000
84358  53.242  -0.182  45.331 0.1250000000
84359  52.621  -0.602  45.694 0.1250000000
83362  51.808  -1.745  44.738 0.1250000000
82411  52.758  -2.444  43.767 0.1250000000
81474  53.166  -3.121  43.612 0.1250000000
131768  54.048  -3.088  43.178 0.1250000000
131135  21.179  0.291  79.271 0.3750000000
85012  21.035  0.772  78.585 0.5000000000
140953  20.799  1.340  77.780 0.5000000000
84053  19.601  -0.533  76.796 0.5000000000
155369  19.821  0.615  76.404 0.3750000000
143214  20.221  2.274  76.679 0.3750000000
88070  19.879  3.033  76.857 0.2500000000
87052  19.759  2.254  75.791 0.3750000000
88071  19.299  3.483  76.124 0.3750000000
89022  18.710  4.120  75.758 0.2500000000
88084  19.191  3.688  75.172 0.2500000000
89032  18.619  4.338  74.841 0.2500000000
89043  18.791  4.328  73.880 0.1250000000
89044  17.985  4.710  74.254 0.1250000000
89963  17.042  5.083  74.673 0.1250000000
87073  19.482  3.092  73.835 0.1250000000
93134  50.554  8.877  60.227 0.5000000000
92112  49.603  8.438  60.601 0.5000000000
92097  48.904  8.107  62.089 0.3750000000
92071  48.126  7.531  63.236 0.3750000000
90991  47.433  7.017  63.491 0.3750000000
91049  51.255  6.746  58.663 0.6250000000
92124  50.599  8.187  59.370 0.5000000000
92085  48.126  7.433  62.374 0.3750000000
91000  47.419  6.938  62.688 0.3750000000
90992  46.896  6.646  63.737 0.3750000000
90981  46.714  6.598  64.347 0.3750000000
90982  46.003  6.212  64.564 0.2500000000
91048  52.571  7.275  58.822 0.7500000000
93147  53.278  9.749  58.509 0.5000000000
90993  46.195  6.215  63.614 0.3750000000
90044  45.317  5.732  64.822 0.1250000000
146744  44.353  5.004  65.363 0.1250000000
92143  53.572  8.818  58.398 0.6250000000
93146  53.756  9.272  57.968 0.7500000000
94190  53.098  10.288  57.950 0.5000000000
94180  50.345  10.108  58.095 0.2500000000
94193  49.340  9.527  57.386 0.1250000000
89119  43.677  4.423  65.034 0.2500000000
153761  42.996  3.857  65.060 0.2500000000
94200  49.387  9.283  56.613 0.1250000000
94194  48.548  9.281  57.656 0.1250000000
141161  47.091  8.651  57.995 0.1250000000
88196  42.466  3.410  65.461 0.1250000000
139331  41.826  2.758  65.957 0.1250000000
93149  47.421  8.822  58.506 0.2500000000
93152  44.914  8.029  58.474 0.1250000000
132624  43.733  7.596  57.796 0.1250000000
92146  43.203  7.567  58.391 0.1250000000
92160  43.088  7.364  57.532 0.1250000000
91071  42.442  7.070  57.200 0.1250000000
92148  41.479  7.034  58.096 0.1250000000
82259  10.668  -2.225  62.951 0.3750000000
81296  11.219  -2.965  62.630 0.3750000000
131170  42.774  6.546  56.782 0.1250000000
91072  41.697  6.888  57.463 0.1250000000
130444  40.848  6.625  57.815 0.1250000000
83218  10.768  -1.635  62.745 0.3750000000
82258  11.083  -2.093  62.170 0.3750000000
91095  41.183  6.317  57.129 0.1250000000
91073  40.348  6.140  57.302 0.1250000000
131546  39.918  6.378  57.898 0.1250000000
81398  57.579  -3.421  55.335 0.7500000000
81394  57.894  -2.923  55.358 0.7500000000
83291  51.563  -1.169  56.466 0.7500000000
83292  50.954  -0.825  56.057 0.7500000000
90108  39.949  5.634  56.848 0.1250000000
90090  39.505  6.014  57.315 0.1250000000
81404  56.215  -3.543  53.972 0.7500000000
155653  52.125  -1.512  56.215 0.6250000000
84269  49.751  0.080  55.833 0.7500000000
85250  49.202  0.646  55.316 0.5000000000
90091  38.678  5.962  57.268 0.1250000000
81410  55.678  -3.350  53.257 0.6250000000
81411  54.765  -3.475  52.959 0.5000000000
83302  51.649  -1.231  55.798 0.5000000000
147628  50.339  -0.393  55.568 0.6250000000
90109  39.165  5.561  56.757 0.1250000000
84289  49.638  0.102  54.935 0.5000000000
85251  48.766  1.279  54.742 0.5000000000
82365  53.909  -2.909  51.510 0.3750000000
81424  53.162  -3.154  51.152 0.3750000000
85256  49.365  0.615  54.160 0.5000000000
156382  49.094  0.711  54.701 0.5000000000
87317  47.855  2.316  53.329 0.2500000000
85273  49.173  1.179  53.431 0.5000000000
84325  55.630  -0.574  49.370 0.5000000000
84340  55.840  0.288  48.158 0.5000000000
84350  54.241  -0.224  47.550 0.1250000000
85362  54.736  0.354  47.102 0.2500000000
85388  53.810  0.253  45.786 0.1250000000
84364  52.764  -0.676  44.839 0.1250000000
83360  53.081  -0.944  44.087 0.1250000000
83365  52.869  -1.723  43.822 0.1250000000
131521  21.136  1.858  79.914 0.3750000000
87014  20.864  2.432  79.206 0.3750000000
88040  20.613  3.323  79.444 0.3750000000
87027  20.778  2.111  78.188 0.2500000000
88055  20.454  2.861  78.492 0.2500000000
88041  20.190  3.685  78.770 0.2500000000
88056  19.887  3.248  77.837 0.2500000000
88057  19.360  3.698  77.142 0.2500000000
89002  19.543  4.032  78.158 0.2500000000
89914  18.479  5.217  77.999 0.2500000000
150124  18.841  4.034  76.567 0.2500000000
89003  18.783  4.430  77.449 0.2500000000
154860  17.851  4.815  76.057 0.2500000000
89939  17.674  5.138  76.524 0.2500000000
89004  18.136  4.982  77.160 0.2500000000
140782  17.856  4.753  74.997 0.2500000000
89951  17.409  5.084  75.666 0.2500000000
135933  17.229  5.027  73.727 0.1250000000
89952  16.469  5.542  75.395 0.2500000000
88102  19.361  3.389  72.984 0.1250000000
146260  19.281  3.905  73.594 0.1250000000
89053  18.172  4.715  73.341 0.1250000000
93086  49.414  9.113  64.468 0.2500000000
146043  48.776  8.415  64.773 0.2500000000
92033  48.218  7.850  66.075 0.1250000000
90957  47.556  7.340  66.436 0.1250000000
92018  47.540  7.558  67.186 0.1250000000
93123  50.574  9.521  61.250 0.3750000000
139197  50.719  9.853  62.144 0.3750000000
93101  49.662  8.963  63.687 0.3750000000
92070  48.848  8.291  63.879 0.3750000000
90959  46.486  6.303  67.103 0.1250000000
90018  45.922  5.770  67.368 0.1250000000
93133  51.742  9.364  59.742 0.5000000000
93108  49.874  8.916  62.921 0.3750000000
92084  48.945  8.192  63.040 0.3750000000
143638  48.104  7.606  64.100 0.3750000000
90980  47.394  7.051  64.256 0.3750000000
90035  45.985  6.189  65.579 0.1250000000
90027  45.197  5.419  66.739 0.1250000000
89098  44.641  4.736  68.063 0.1250000000
90036  45.109  5.547  65.717 0.1250000000
89109  43.803  4.539  66.567 0.1250000000
88182  43.188  3.973  66.944 0.1250000000
94166  52.089  10.668  60.120 0.3750000000
93132  52.662  10.208  59.308 0.5000000000
94179  52.869  10.456  58.705 0.5000000000
148672  43.886  4.644  65.789 0.1250000000
87180  42.088  2.724  66.968 0.1250000000
95138  51.512  10.726  58.812 0.5000000000
94167  50.373  10.554  59.267 0.2500000000
94181  49.274  9.714  58.338 0.2500000000
88195  43.197  4.038  65.892 0.1250000000
88183  42.571  3.377  66.424 0.1250000000
87181  41.362  2.227  66.674 0.1250000000
93135  47.086  8.736  59.269 0.2500000000
93137  45.352  8.144  59.240 0.1250000000
92127  45.001  7.919  59.989 0.1250000000
93138  44.708  7.918  59.213 0.1250000000
92128  44.201  7.758  59.626 0.1250000000
92145  44.108  7.737  58.650 0.1250000000
92129  43.466  7.662  59.315 0.1250000000
92147  42.266  7.367  58.023 0.1250000000
91053  40.298  6.676  58.544 0.1250000000
81403  57.331  -3.365  54.408 0.7500000000
83301  52.453  -1.510  55.617 0.5000000000
91074  39.056  6.300  57.942 0.1250000000
81409  56.732  -3.247  53.642 0.7500000000
82360  55.176  -3.105  52.506 0.5000000000
81417  54.304  -3.272  52.251 0.5000000000
84286  52.428  -0.627  54.315 0.5000000000
83310  51.980  -1.041  55.058 0.5000000000
84288  50.549  -0.314  54.724 0.5000000000
141316  54.708  -2.755  51.719 0.5000000000
84287  51.494  -0.506  54.478 0.5000000000
156493  54.303  -2.464  51.097 0.3750000000
84299  50.955  -0.005  53.897 0.5000000000
85255  50.070  0.192  54.112 0.5000000000
82369  54.265  -2.052  50.460 0.5000000000
83327  54.839  -1.642  50.315 0.5000000000
149720  55.999  -0.920  50.112 0.5000000000
84354  53.998  0.032  46.715 0.1250000000
85374  54.505  0.602  46.250 0.1250000000
84363  53.387  -0.285  44.494 0.1250000000
88024  20.534  3.896  80.105 0.5000000000
89899  18.984  5.640  79.111 0.2500000000
130765  18.227  5.897  78.427 0.2500000000
89915  17.642  5.696  77.429 0.2500000000
89940  16.807  5.758  76.421 0.2500000000
155412  16.195  5.517  74.674 0.1250000000
149263  15.695  5.912  75.027 0.2500000000
90940  46.817  7.348  68.395 0.1250000000
89052  19.012  4.273  72.913 0.1250000000
89964  16.356  5.414  73.982 0.1250000000
89965  15.684  5.842  74.232 0.1250000000
92017  48.132  8.133  66.818 0.1250000000
89972  17.442  5.096  72.821 0.1250000000
93100  49.656  9.586  64.012 0.1250000000
90949  46.513  6.369  67.962 0.1250000000
93107  50.125  9.736  63.411 0.3750000000
90010  45.943  5.772  68.323 0.1250000000
93122  51.478  10.175  60.782 0.5000000000
94150  51.053  10.571  61.634 0.3750000000
90019  45.285  5.270  67.692 0.1250000000
89099  43.869  4.408  67.492 0.1250000000
94156  51.599  11.006  60.841 0.3750000000
88164  43.327  3.848  67.900 0.1250000000
145301  51.113  11.116  61.437 0.3750000000
152986  49.409  10.671  61.014 0.2500000000
87167  42.216  2.732  67.920 0.1250000000
95127  51.605  11.125  59.891 0.3750000000
95116  49.813  10.626  60.221 0.2500000000
94157  48.543  9.899  60.227 0.2500000000
93126  45.783  8.095  60.654 0.1250000000
92099  45.037  7.798  61.894 0.1250000000
94169  47.910  9.285  59.289 0.2500000000
133986  46.821  8.732  59.918 0.2500000000
93125  46.343  8.455  60.265 0.2500000000
92114  45.151  7.599  60.956 0.1250000000
92100  44.376  7.509  61.272 0.1250000000
81402  58.159  -2.881  54.659 0.7500000000
83309  52.867  -1.254  54.872 0.5000000000
84285  53.348  -0.722  54.227 0.5000000000
82368  55.017  -2.122  51.063 0.5000000000
83326  55.548  -1.499  50.583 0.5000000000
84324  56.519  -0.391  49.633 0.6250000000
84339  56.161  -0.039  48.893 0.6250000000
85361  55.545  0.582  47.400 0.5000000000
134466  55.254  0.919  46.631 0.1250000000
85387  54.379  0.735  45.342 0.1250000000
85393  53.782  0.304  44.889 0.1250000000
90857  16.113  6.552  76.609 0.2500000000
89916  16.850  6.441  77.323 0.2500000000
90858  15.579  6.765  76.063 0.2500000000
90873  15.362  6.606  75.358 0.2500000000
89973  16.544  5.431  73.166 0.1250000000
89974  15.801  5.801  73.450 0.1250000000
90885  15.256  6.460  74.540 0.2500000000
94125  49.308  9.816  64.615 0.1250000000
93072  48.614  9.309  65.758 0.1250000000
92005  47.228  8.010  67.832 0.1250000000
138768  15.091  6.864  73.239 0.1250000000
90896  15.330  6.344  73.731 0.1250000000
94142  50.457  10.297  62.772 0.3750000000
95097  49.930  10.313  63.343 0.1250000000
94137  49.338  10.162  64.150 0.1250000000
94105  48.145  9.380  66.399 0.1250000000
90011  45.268  5.237  68.658 0.1250000000
95104  50.290  10.729  62.454 0.3750000000
94126  48.807  10.016  64.974 0.1250000000
94115  48.398  9.699  65.646 0.1250000000
89093  44.048  4.222  68.438 0.1250000000
94149  50.709  10.736  62.054 0.3750000000
94138  48.532  10.177  64.155 0.1250000000
94139  47.315  9.583  63.829 0.1250000000
95109  49.966  11.157  61.696 0.2500000000
138272  48.434  10.193  62.488 0.2500000000
94144  47.917  9.875  63.154 0.2500000000
87152  41.667  2.236  68.483 0.1250000000
94151  48.983  10.532  61.731 0.2500000000
94145  46.955  9.258  62.803 0.2500000000
132560  46.292  8.664  62.474 0.1250000000
154413  44.924  7.911  62.549 0.1250000000
93124  47.036  8.945  60.632 0.2500000000
134964  46.497  8.587  61.113 0.1250000000
82350  58.532  -2.343  54.663 0.7500000000
82356  57.875  -3.024  54.053 0.7500000000
83306  57.086  -1.811  55.037 0.6250000000
135643  56.101  -2.941  52.831 0.7500000000
82363  56.553  -2.380  52.274 0.6250000000
82364  55.575  -2.576  51.935 0.5000000000
83321  55.987  -1.930  51.394 0.5000000000
85346  56.748  0.430  48.393 0.6250000000
85329  57.087  0.154  49.181 0.6250000000
85373  56.095  1.122  46.906 0.2500000000
85386  55.030  1.192  45.789 0.1250000000
138331  17.677  8.415  80.381 0.3750000000
149010  16.806  7.793  78.329 0.2500000000
91880  17.271  8.120  79.158 0.2500000000
142980  16.227  7.753  77.550 0.2500000000
90000  45.725  5.989  69.255 0.1250000000
91923  15.278  7.334  75.741 0.2500000000
90941  46.385  6.609  68.903 0.1250000000
91940  14.873  7.541  73.442 0.1250000000
93058  47.679  9.223  67.057 0.1250000000
130763  47.941  9.842  65.427 0.1250000000
94106  47.387  9.494  66.570 0.1250000000
88148  43.577  3.623  68.850 0.1250000000
93102  46.485  9.127  64.198 0.1250000000
88149  42.837  3.271  68.358 0.1250000000
93109  46.363  8.871  63.267 0.1250000000
93103  45.657  8.558  63.703 0.1250000000
144702  44.793  8.000  63.260 0.1250000000
131413  58.133  -2.571  53.663 0.7500000000
82359  57.159  -2.768  53.219 0.7500000000
83316  57.747  -2.147  52.764 0.7500000000
83320  57.009  -1.756  51.717 0.6250000000
83325  56.444  -1.314  50.880 0.5000000000
83324  57.460  -1.138  51.191 0.6250000000
84315  56.915  -0.718  50.411 0.6250000000
86377  55.814  1.455  46.120 0.1250000000
85392  54.411  0.686  44.457 0.1250000000
84362  53.946  0.150  44.073 0.1250000000
91992  46.226  7.752  69.062 0.1250000000
89992  44.580  5.819  70.289 0.1250000000
89092  44.698  4.684  69.014 0.1250000000
143091  46.381  9.155  67.620 0.1250000000
89084  44.211  4.080  69.382 0.1250000000
94107  46.568  9.392  66.768 0.1250000000
129998  45.869  9.169  66.440 0.1250000000
93087  46.719  9.396  65.199 0.1250000000
93088  45.809  8.818  64.639 0.1250000000
88131  43.740  3.440  69.771 0.1250000000
93089  45.040  8.318  64.256 0.1250000000
87151  42.348  2.719  68.854 0.1250000000
83304  58.872  -1.776  54.402 0.7500000000
84305  58.422  -0.846  51.651 0.7500000000
84314  57.956  -0.541  50.756 0.7500000000
84323  57.501  -0.187  49.954 0.7500000000
133714  57.730  0.624  48.674 0.6250000000
86393  55.682  1.580  45.268 0.1250000000
86394  54.978  1.198  44.892 0.1250000000
86403  55.060  1.044  44.031 0.1250000000
93979  17.012  9.604  81.299 0.2500000000
89083  44.580  4.824  69.955 0.1250000000
91991  46.404  8.567  68.215 0.1250000000
144229  56.496  1.836  45.546 0.2500000000
86401  56.354  2.003  44.721 0.2500000000
86402  55.617  1.570  44.426 0.1250000000
146674  56.156  1.982  44.030 0.1250000000
137186  15.728  11.533  81.308 0.1250000000
95771  15.218  12.225  80.876 0.1250000000
139033  44.148  4.103  70.299 0.1250000000
95776  14.564  11.632  79.707 0.3750000000
151863  9.220  -5.306  65.671 0.6250000000
66821  17.256  -17.507  72.295 0.8750000000
68820  35.790  -15.618  78.356 0.7500000000
156140  23.608  -22.517  79.749 0.7500000000
60727  22.690  -23.564  79.800 0.7500000000
72010  13.206  -12.779  77.833 0.8750000000
69822  21.960  -14.974  81.199 0.8750000000
69840  35.818  -14.189  78.218 0.7500000000
70968  19.126  -13.580  77.915 0.8750000000
154450  8.183  -13.009  81.068 0.7500000000
70959  35.327  -13.444  78.380 0.7500000000
68868  6.600  -14.924  75.402 0.7500000000
149342  21.668  -21.393  77.027 0.8750000000
74027  9.093  -10.469  80.810 0.7500000000
72981  7.374  -11.184  80.990 0.7500000000
72016  4.325  -12.995  76.967 0.7500000000
70971  5.777  -13.449  79.282 0.7500000000
70997  4.454  -12.939  76.237 0.7500000000
69856  3.602  -14.279  78.593 0.7500000000
75066  34.622  -9.312  78.230 0.8750000000
75071  35.867  -9.562  77.041 0.7500000000
76095  36.529  -8.319  73.985 0.6250000000
76117  36.825  -8.418  71.979 0.5000000000
76139  38.086  -8.366  69.687 0.3750000000
82329  53.859  -2.060  57.732 0.7500000000
79159  7.264  -5.790  66.507 0.6250000000
88222  42.674  3.328  62.524 0.2500000000
86048  19.178  1.455  74.638 0.2500000000
85189  55.425  0.350  59.921 0.8750000000
145584  55.437  -0.122  59.840 0.8750000000
85211  55.399  0.523  59.901 0.8750000000
84045  20.010  -0.447  77.581 0.5000000000
85057  19.446  0.750  75.728 0.3750000000
85190  55.336  0.932  60.108 0.8750000000
85227  54.009  0.456  58.939 0.8750000000
84028  20.452  -0.753  79.231 0.3750000000
92098  48.097  7.280  61.408 0.3750000000
91008  47.410  6.810  61.804 0.3750000000
85171  54.501  0.516  60.855 0.8750000000
87000  20.780  2.896  80.069 0.5000000000
88986  20.050  4.507  79.204 0.2500000000
90825  16.934  7.167  78.046 0.2500000000
91888  17.327  7.584  78.857 0.2500000000
153189  11.149  -13.493  78.486 0.8750000000
71968  9.231  -11.496  81.124 0.7500000000
75083  35.650  -9.192  74.978 0.6250000000
130578  54.612  -4.407  56.059 0.5000000000
84037  20.672  0.009  78.406 0.5000000000
85028  20.522  0.444  77.683 0.5000000000
84997  21.313  1.008  79.589 0.3750000000
65749  5.430  -19.000  83.128 0.7500000000
64715  3.519  -19.131  83.329 0.6250000000
63741  3.079  -20.315  82.569 0.6250000000
63742  2.827  -20.349  82.513 0.6250000000
62805  2.919  -20.929  82.167 0.5000000000
64727  2.111  -19.386  82.657 0.7500000000
139912  9.082  -18.320  83.383 0.7500000000
65725  8.887  -17.590  84.247 0.7500000000
134883  5.909  -19.373  82.208 0.6250000000
65735  7.056  -18.250  83.424 0.7500000000
63752  1.716  -21.013  80.508 0.5000000000
64736  1.545  -19.970  80.787 0.5000000000
133253  11.036  -16.890  85.256 0.7500000000
66724  9.705  -17.289  84.669 0.7500000000
66723  10.387  -17.285  84.924 0.7500000000
63754  1.452  -20.959  79.263 0.5000000000
64737  1.078  -19.170  80.124 0.6250000000
67742  12.431  -16.377  85.547 0.7500000000
63755  0.874  -20.295  78.699 0.6250000000
148127  -0.093  -21.105  77.123 0.5000000000
61909  0.594  -22.362  74.463 0.3750000000
138167  0.468  -22.314  73.978 0.3750000000
63816  0.280  -21.004  76.028 0.3750000000
61916  0.714  -22.317  73.186 0.2500000000
59564  16.088  -24.572  85.177 0.7500000000
65726  5.835  -17.802  84.087 0.7500000000
65727  5.053  -17.819  84.275 0.7500000000
65740  2.779  -18.587  83.388 0.7500000000
66736  6.608  -17.836  83.860 0.7500000000
66725  8.753  -16.905  84.593 0.7500000000
66719  10.328  -17.027  85.042 0.7500000000
66734  8.125  -17.375  84.270 0.7500000000
66743  2.384  -17.857  83.244 0.7500000000
66739  2.846  -17.919  83.651 0.7500000000
64709  14.019  -19.772  84.699 0.8750000000
65758  0.970  -18.264  80.489 0.7500000000
68735  14.488  -15.990  84.641 0.7500000000
68736  13.582  -15.969  84.947 0.7500000000
65759  0.741  -18.473  79.698 0.7500000000
65730  15.839  -18.429  83.745 0.8750000000
65762  0.606  -18.594  78.885 0.5000000000
64750  0.401  -19.418  77.648 0.5000000000
64745  0.529  -19.428  78.414 0.5000000000
64761  0.664  -19.547  76.187 0.5000000000
64783  0.507  -20.197  75.625 0.3750000000
64762  0.353  -19.438  76.940 0.5000000000
63841  0.812  -20.410  73.564 0.3750000000
64807  2.262  -19.357  74.273 0.5000000000
62899  0.586  -21.464  73.211 0.2500000000
64809  0.800  -20.153  74.601 0.3750000000
62909  1.355  -21.343  71.752 0.2500000000
64862  1.683  -20.069  72.467 0.2500000000
137695  14.264  -22.284  85.288 0.8750000000
153441  6.390  -16.645  84.508 0.7500000000
63731  13.876  -20.480  85.187 0.8750000000
62799  13.707  -21.355  83.708 0.8750000000
67750  8.069  -16.343  84.506 0.7500000000
66726  7.674  -16.884  84.485 0.7500000000
68744  4.653  -15.811  84.145 0.7500000000
64711  13.894  -19.754  83.782 0.8750000000
146558  10.002  -16.129  84.239 0.7500000000
66744  1.980  -18.000  82.751 0.7500000000
68761  3.498  -15.545  83.551 0.7500000000
145575  12.215  -16.129  84.556 0.7500000000
67762  1.898  -17.197  82.489 0.7500000000
67767  1.522  -16.729  81.468 0.7500000000
138337  0.733  -18.017  79.330 0.6250000000
139944  1.397  -16.430  80.537 0.7500000000
65778  1.092  -18.276  77.402 0.6250000000
66784  0.786  -18.188  77.868 0.5000000000
66763  1.098  -17.416  79.391 0.5000000000
66772  0.859  -17.897  78.590 0.6250000000
147083  2.934  -18.525  76.434 0.6250000000
65803  1.524  -19.130  76.007 0.5000000000
65790  1.891  -18.497  76.732 0.5000000000
134343  2.571  -19.423  73.531 0.3750000000
130779  3.562  -19.353  72.611 0.2500000000
68742  6.174  -15.283  84.379 0.7500000000
68741  7.402  -15.771  84.457 0.7500000000
68740  8.451  -15.982  84.284 0.7500000000
68756  9.231  -15.896  83.893 0.7500000000
67766  1.985  -16.227  81.970 0.7500000000
143356  1.575  -16.209  79.868 0.7500000000
68734  15.384  -16.059  84.533 0.7500000000
66771  1.520  -17.135  78.842 0.6250000000
66732  18.062  -17.216  84.067 0.8750000000
64779  3.727  -19.213  75.223 0.5000000000
64746  36.648  -19.231  77.563 0.7500000000
63767  36.646  -20.112  77.318 0.7500000000
69807  5.433  -14.198  83.744 0.7500000000
66774  36.434  -17.548  78.022 0.7500000000
68759  6.733  -15.097  84.132 0.7500000000
68757  8.433  -15.624  83.416 0.7500000000
69805  6.997  -14.682  83.323 0.7500000000
69808  4.574  -14.213  83.562 0.7500000000
69809  3.838  -14.532  83.193 0.7500000000
69813  3.610  -14.089  82.083 0.7500000000
68770  10.975  -15.893  83.195 0.7500000000
138300  13.381  -15.898  83.059 0.8750000000
67797  2.779  -16.583  78.441 0.6250000000
67784  2.087  -16.704  78.713 0.6250000000
137549  2.755  -17.489  77.898 0.6250000000
65776  3.407  -17.800  77.614 0.6250000000
65788  4.494  -18.366  76.912 0.6250000000
133447  4.905  -19.651  74.241 0.3750000000
59594  22.511  -24.139  78.965 0.7500000000
61827  14.582  -22.479  81.808 0.8750000000
68771  7.719  -15.134  82.804 0.7500000000
69806  6.199  -14.171  83.511 0.7500000000
155084  6.556  -13.967  82.902 0.7500000000
138074  7.852  -14.818  81.858 0.7500000000
70934  5.536  -12.795  82.629 0.7500000000
69811  6.088  -13.227  82.935 0.7500000000
65793  37.514  -18.501  75.557 0.6250000000
131736  9.641  -15.855  81.988 0.8750000000
68785  10.606  -15.954  81.374 0.8750000000
71963  5.227  -12.588  82.161 0.7500000000
70940  4.650  -13.056  81.737 0.7500000000
66802  37.474  -18.132  74.937 0.7500000000
136940  4.122  -13.573  80.888 0.7500000000
152530  13.884  -15.885  82.360 0.8750000000
68765  16.077  -15.698  83.099 0.8750000000
145829  4.209  -16.037  78.230 0.6250000000
68848  3.599  -15.265  78.434 0.6250000000
65799  5.951  -18.845  76.099 0.6250000000
59595  21.854  -24.734  78.313 0.5000000000
59574  19.382  -24.976  82.686 0.7500000000
58428  19.758  -25.666  81.619 0.6250000000
144840  19.939  -26.239  79.181 0.3750000000
57376  19.422  -26.264  76.534 0.2500000000
57389  19.018  -26.435  75.646 0.2500000000
69816  7.441  -13.851  81.827 0.7500000000
69826  8.504  -13.866  80.588 0.7500000000
68837  36.771  -15.814  77.458 0.7500000000
67786  37.244  -16.842  76.789 0.7500000000
68786  9.863  -15.638  80.901 0.8750000000
149085  9.098  -15.452  81.041 0.8750000000
70937  7.859  -13.369  81.306 0.7500000000
71962  5.829  -12.124  82.180 0.7500000000
146477  37.267  -16.324  76.319 0.7500000000
130594  11.248  -15.854  80.511 0.8750000000
68800  13.499  -15.821  80.490 0.8750000000
70945  5.309  -12.768  81.097 0.7500000000
146790  17.725  -15.973  83.467 0.8750000000
68847  4.282  -14.712  78.032 0.7500000000
67796  5.187  -16.192  77.908 0.6250000000
66779  5.675  -17.127  77.663 0.6250000000
65786  6.451  -18.164  76.740 0.6250000000
64802  7.514  -19.370  74.514 0.5000000000
59588  21.688  -24.086  80.629 0.7500000000
57347  20.216  -26.103  78.546 0.3750000000
69837  9.966  -14.403  79.475 0.8750000000
145108  7.881  -12.154  81.510 0.7500000000
68831  11.534  -15.065  78.646 0.8750000000
71964  7.146  -11.786  81.773 0.7500000000
68814  13.578  -15.635  79.500 0.8750000000
72972  6.956  -11.424  81.402 0.7500000000
71970  6.271  -11.892  81.185 0.7500000000
68798  15.682  -15.491  80.600 0.8750000000
69873  4.210  -13.738  77.711 0.7500000000
151207  5.539  -15.799  77.534 0.7500000000
66790  7.369  -16.926  76.562 0.7500000000
66797  7.812  -17.462  75.866 0.7500000000
61836  21.342  -23.287  80.589 0.8750000000
61838  15.353  -22.809  80.676 0.8750000000
69858  36.392  -14.320  77.514 0.7500000000
69855  11.395  -14.279  78.329 0.8750000000
72999  7.154  -11.410  80.548 0.7500000000
68881  37.034  -15.792  74.408 0.6250000000
71981  6.687  -12.116  80.328 0.7500000000
67825  36.530  -16.437  73.203 0.5000000000
61865  21.353  -22.431  79.355 0.8750000000
60705  20.529  -23.930  81.456 0.8750000000
69854  12.128  -14.697  78.152 0.8750000000
69869  13.208  -14.264  77.523 0.8750000000
70987  12.632  -13.617  77.672 0.8750000000
69851  14.765  -14.838  77.865 0.8750000000
68827  15.181  -15.277  78.682 0.8750000000
69853  12.854  -14.861  77.953 0.8750000000
68882  36.741  -15.716  73.693 0.6250000000
68811  16.501  -15.323  79.556 0.8750000000
61837  20.692  -23.251  80.576 0.8750000000
141926  18.059  -22.355  77.713 0.8750000000
61887  17.520  -22.161  76.946 0.8750000000
146680  13.878  -14.090  77.334 0.8750000000
69867  15.274  -14.216  77.357 0.8750000000
141950  16.539  -14.690  78.109 0.8750000000
142209  36.718  -14.452  74.003 0.6250000000
69919  36.338  -14.744  72.421 0.5000000000
61867  19.525  -22.662  78.873 0.8750000000
69865  17.003  -14.092  77.514 0.8750000000
133078  18.116  -14.403  78.426 0.8750000000
69835  18.612  -14.656  79.301 0.8750000000
69928  35.946  -14.802  71.582 0.5000000000
68920  35.276  -15.559  70.169 0.1250000000
72018  35.677  -12.207  77.158 0.7500000000
69940  35.442  -14.792  70.107 0.1250000000
63826  17.545  -20.754  74.120 0.8750000000
74050  35.473  -10.414  78.065 0.7500000000
72041  35.963  -12.458  75.168 0.7500000000
143071  35.480  -12.311  73.078 0.6250000000
68774  22.550  -16.119  82.666 0.8750000000
133305  35.418  -13.212  70.587 0.2500000000
75057  34.960  -9.703  78.429 0.7500000000
74065  35.578  -10.377  76.217 0.7500000000
65822  16.406  -18.267  73.436 0.8750000000
74074  35.292  -10.344  73.532 0.6250000000
137553  34.920  -10.936  72.035 0.5000000000
75107  34.859  -9.948  70.235 0.5000000000
75113  35.131  -9.569  69.422 0.3750000000
87255  55.202  3.163  60.024 0.8750000000
87260  55.141  2.970  59.820 0.8750000000
87270  54.625  2.517  59.302 0.8750000000
150103  53.663  1.783  58.883 0.8750000000
76140  36.455  -8.599  69.398 0.3750000000
88241  51.756  3.813  59.872 0.8750000000
89164  51.035  4.210  59.095 0.8750000000
79179  8.577  -5.074  65.908 0.6250000000
90071  55.208  5.838  58.995 0.8750000000
89172  54.190  4.835  58.419 0.8750000000
153448  55.064  4.593  59.142 0.8750000000
89181  53.687  5.370  57.991 0.7500000000
89182  52.405  5.055  57.500 0.7500000000
153345  52.038  4.153  57.501 0.6250000000
138676  50.859  7.172  58.693 0.6250000000
93145  54.023  8.797  57.792 0.7500000000
92157  53.770  8.283  57.302 0.6250000000
90055  44.849  5.263  63.369 0.2500000000
89144  43.700  4.274  62.294 0.2500000000
140636  51.046  8.466  56.062 0.3750000000
92172  50.587  7.609  55.725 0.2500000000
90102  50.756  6.051  56.343 0.5000000000
89191  51.666  5.262  57.023 0.6250000000
150679  49.866  7.426  55.500 0.2500000000
90120  49.639  6.172  55.483 0.2500000000
137942  47.843  7.151  55.411 0.1250000000
132772  49.065  6.152  55.014 0.2500000000
89192  50.832  5.071  56.641 0.5000000000
142374  50.660  4.026  56.789 0.5000000000
146111  48.692  5.433  54.861 0.2500000000
155525  46.624  6.958  55.708 0.1250000000
86245  51.454  1.556  57.971 0.7500000000
90121  47.965  5.423  54.866 0.2500000000
85235  51.260  0.593  57.721 0.7500000000
88268  49.824  3.698  56.407 0.6250000000
88272  49.121  3.471  55.767 0.3750000000
136782  46.438  5.060  55.465 0.2500000000
89204  44.691  5.023  56.046 0.1250000000
89194  43.708  4.907  56.278 0.1250000000
88277  43.751  3.235  55.830 0.1250000000
86015  20.463  1.601  77.005 0.3750000000
90058  46.146  6.117  62.661 0.3750000000
94197  52.786  9.646  57.307 0.5000000000
94189  53.522  9.561  57.800 0.5000000000
150644  52.159  10.141  57.528 0.5000000000
93174  49.577  8.977  56.029 0.1250000000
93176  47.929  8.727  56.292 0.1250000000
93162  47.638  8.897  57.589 0.1250000000
93175  48.692  8.944  56.127 0.1250000000
92174  46.570  8.133  56.251 0.1250000000
93150  46.573  8.542  58.378 0.1250000000
153592  45.850  7.951  56.490 0.1250000000
92176  43.811  7.441  56.975 0.1250000000
149871  40.723  5.720  56.812 0.1250000000
83353  52.151  -1.089  45.163 0.1250000000
83361  52.457  -1.341  44.465 0.1250000000
82405  52.254  -2.112  44.195 0.1250000000
82410  53.452  -2.316  43.412 0.1250000000
85044  20.351  0.920  76.971 0.3750000000
87042  20.615  1.976  77.399 0.2500000000
93148  52.601  9.001  58.988 0.5000000000
92144  51.281  8.022  58.937 0.5000000000
90968  47.444  7.186  65.613 0.1250000000
84278  51.138  -0.747  55.309 0.5000000000
86271  48.367  2.234  53.764 0.5000000000
85257  48.855  1.250  54.070 0.5000000000
88987  19.305  4.852  78.607 0.2500000000
89023  18.277  4.565  76.440 0.2500000000
92053  48.064  7.608  65.083 0.2500000000
90969  46.839  6.716  65.985 0.1250000000
145264  46.422  6.359  66.388 0.1250000000
89108  44.525  4.940  67.101 0.1250000000
88165  42.686  3.354  67.408 0.1250000000
94168  48.989  9.824  59.286 0.2500000000
93136  46.220  8.408  59.362 0.2500000000
137004  45.723  8.180  59.922 0.1250000000
145526  50.924  11.235  60.336 0.3750000000
138661  47.491  9.241  60.035 0.2500000000
94158  47.951  9.626  60.949 0.2500000000
93118  45.867  8.242  61.680 0.1250000000
141533  16.256  7.025  77.247 0.2500000000
94143  49.101  10.407  63.476 0.2500000000
94127  47.274  9.594  64.666 0.1250000000
94152  47.983  9.766  61.752 0.2500000000
152160  47.224  9.212  61.440 0.2500000000
93110  45.551  8.293  62.682 0.1250000000
92939  16.669  8.414  78.311 0.2500000000
93073  46.595  9.436  66.082 0.1250000000
130400  45.242  8.572  65.029 0.1250000000
59571  8.145  -24.829  83.128 0.3750000000
59572  7.475  -24.888  82.930 0.3750000000
59577  7.199  -24.679  82.656 0.3750000000
59578  6.461  -24.945  82.448 0.3750000000
59580  4.973  -25.609  81.972 0.3750000000
58434  4.135  -25.696  81.686 0.3750000000
58435  3.267  -25.617  81.303 0.2500000000
58436  2.454  -25.433  80.931 0.2500000000
59579  5.730  -25.295  82.198 0.3750000000
57325  2.350  -26.372  80.743 0.2500000000
146694  3.389  -24.906  81.165 0.3750000000
60713  5.376  -23.799  80.993 0.3750000000
60699  7.926  -24.439  82.837 0.3750000000
60703  7.602  -24.001  82.298 0.3750000000
60704  6.837  -24.274  81.993 0.3750000000
59584  5.191  -24.731  81.448 0.3750000000
58437  2.053  -25.399  80.461 0.2500000000
60698  8.678  -24.215  83.196 0.3750000000
61820  9.134  -23.381  83.225 0.3750000000
60702  8.355  -23.707  82.646 0.3750000000
59583  6.022  -24.495  81.718 0.3750000000
60697  9.310  -23.975  83.739 0.3750000000
58444  1.760  -25.667  79.918 0.2500000000
154869  3.627  -24.210  80.915 0.3750000000
61824  8.746  -22.878  82.332 0.3750000000
60711  7.141  -23.446  81.499 0.3750000000
60712  6.259  -23.628  81.231 0.3750000000
60714  4.419  -23.971  80.875 0.3750000000
141652  3.387  -23.167  81.007 0.3750000000
59586  2.577  -24.729  80.942 0.3750000000
61823  9.484  -22.494  82.833 0.6250000000
62804  9.163  -22.012  81.901 0.3750000000
60716  2.122  -23.698  80.577 0.3750000000
60715  2.369  -24.003  80.664 0.2500000000
152293  9.579  -23.380  83.955 0.6250000000
62801  10.078  -22.023  83.424 0.6250000000
59593  1.708  -24.222  79.838 0.2500000000
59587  2.178  -24.532  80.590 0.2500000000
61818  10.288  -22.405  84.294 0.6250000000
59599  1.603  -24.451  78.994 0.2500000000
58451  1.683  -25.069  79.523 0.2500000000
62812  4.182  -21.719  81.432 0.3750000000
147036  3.513  -22.091  81.320 0.3750000000
62813  3.461  -21.359  81.777 0.3750000000
153244  2.901  -22.360  81.263 0.3750000000
143110  5.148  -22.117  81.086 0.3750000000
62810  6.761  -21.643  80.813 0.3750000000
61832  4.504  -22.786  80.934 0.3750000000
139624  2.426  -23.128  80.987 0.3750000000
61830  7.425  -22.526  81.135 0.3750000000
61831  6.312  -22.577  80.846 0.3750000000
154022  1.993  -23.120  80.761 0.3750000000
59562  10.878  -23.899  85.069 0.5000000000
60688  11.024  -23.374  85.389 0.6250000000
61814  10.646  -22.753  85.060 0.6250000000
62803  9.776  -21.560  82.506 0.6250000000
60745  1.583  -23.545  79.297 0.2500000000
134474  13.706  -24.221  86.489 0.6250000000
141620  10.752  -22.013  84.746 0.6250000000
62800  10.279  -21.056  83.148 0.6250000000
59627  2.658  -24.349  76.980 0.2500000000
59608  2.169  -24.033  77.615 0.2500000000
153238  14.426  -24.066  86.462 0.6250000000
60779  2.445  -23.367  76.967 0.2500000000
63748  3.968  -20.911  81.960 0.3750000000
62814  2.995  -21.550  81.677 0.3750000000
153330  4.728  -21.361  81.462 0.3750000000
63746  6.046  -20.725  81.209 0.5000000000
61841  1.788  -22.651  80.547 0.3750000000
138862  8.167  -20.394  81.424 0.5000000000
144434  1.554  -22.034  79.531 0.2500000000
60732  1.621  -23.435  80.038 0.2500000000
63734  10.587  -20.519  83.863 0.6250000000
63737  9.737  -20.447  82.349 0.6250000000
60761  1.944  -23.107  77.712 0.2500000000
60762  1.733  -23.746  78.395 0.2500000000
60681  14.093  -23.435  86.658 0.6250000000
60682  13.236  -23.556  86.924 0.6250000000
60683  12.514  -23.369  86.746 0.6250000000
61810  12.064  -22.190  86.909 0.6250000000
62795  11.144  -22.009  85.473 0.6250000000
63729  11.522  -21.094  85.830 0.6250000000
63735  10.234  -20.200  83.095 0.6250000000
61889  1.877  -22.485  76.964 0.2500000000
61805  13.430  -22.267  87.277 0.6250000000
61807  12.493  -21.996  87.342 0.6250000000
63727  11.939  -21.055  86.867 0.6250000000
63726  12.351  -20.367  87.080 0.6250000000
63732  11.432  -20.217  85.267 0.6250000000
135407  13.677  -21.983  87.048 0.6250000000
62791  13.237  -21.681  87.516 0.6250000000
137357  13.188  -21.011  87.648 0.6250000000
147481  12.374  -21.028  87.448 0.6250000000
64703  12.783  -19.707  87.342 0.6250000000
64706  11.899  -20.069  86.094 0.6250000000
63724  13.234  -20.412  87.495 0.6250000000
63739  4.301  -20.212  82.281 0.3750000000
63749  3.228  -20.865  82.201 0.3750000000
62806  2.537  -20.877  82.038 0.3750000000
63747  4.934  -20.750  81.634 0.3750000000
62815  2.599  -21.581  81.470 0.3750000000
62816  1.967  -21.866  80.853 0.3750000000
139649  2.186  -21.271  81.367 0.3750000000
64733  5.361  -20.026  81.818 0.5000000000
64732  6.519  -19.918  81.514 0.3750000000
62819  1.588  -21.864  79.962 0.3750000000
64731  7.594  -19.894  81.609 0.5000000000
63745  7.342  -20.757  81.047 0.5000000000
139496  1.531  -21.801  78.852 0.2500000000
62844  1.175  -21.146  78.134 0.2500000000
64721  8.050  -19.319  82.171 0.5000000000
65745  9.276  -18.912  82.799 0.6250000000
64719  9.791  -19.510  82.806 0.6250000000
155696  1.642  -22.299  77.676 0.2500000000
61890  1.005  -21.718  77.088 0.2500000000
64713  10.353  -19.544  83.573 0.6250000000
61899  1.175  -22.142  76.188 0.2500000000
143088  13.978  -22.021  86.437 0.6250000000
62794  13.753  -21.082  86.751 0.6250000000
65714  12.707  -18.788  86.985 0.6250000000
64704  12.300  -19.416  86.564 0.6250000000
64707  11.398  -19.037  85.313 0.6250000000
136125  13.504  -20.614  87.275 0.6250000000
64700  13.141  -19.919  87.512 0.6250000000
65733  9.811  -18.783  83.357 0.6250000000
62862  0.471  -21.269  77.480 0.2500000000
65732  10.409  -18.706  84.119 0.6250000000
62875  -0.015  -21.516  76.919 0.2500000000
65718  11.340  -18.000  85.747 0.6250000000
144820  11.835  -18.998  85.924 0.6250000000
61900  0.350  -21.974  75.424 0.2500000000
156171  13.944  -21.366  85.811 0.7500000000
63728  14.007  -20.292  86.113 0.6250000000
63723  13.580  -19.731  87.221 0.6250000000
65711  13.251  -19.190  87.358 0.6250000000
64705  14.289  -19.265  86.135 0.6250000000
65713  13.304  -18.212  87.017 0.6250000000
66718  10.888  -17.319  85.264 0.6250000000
65719  10.848  -17.901  85.219 0.6250000000
67738  12.149  -16.790  85.912 0.6250000000
66714  11.840  -17.279  86.041 0.6250000000
142759  12.374  -17.933  86.492 0.6250000000
64701  14.115  -19.053  86.824 0.6250000000
65712  14.216  -18.183  86.795 0.6250000000
66713  12.748  -17.317  86.441 0.6250000000
65717  14.795  -18.518  85.811 0.6250000000
131297  6.278  -19.783  74.127 0.2500000000
63839  7.194  -20.114  73.346 0.2500000000
63840  6.329  -20.092  73.327 0.2500000000
132880  7.181  -20.337  71.031 0.2500000000
63879  7.407  -20.537  69.525 0.2500000000
63867  7.732  -20.446  70.391 0.2500000000
64831  6.992  -19.901  74.025 0.2500000000
63866  8.592  -20.340  70.518 0.2500000000
63854  8.367  -20.044  71.966 0.2500000000
63865  9.152  -20.333  69.687 0.2500000000
135792  8.239  -20.483  69.804 0.2500000000
60751  32.033  -23.025  77.693 0.5000000000
60771  31.208  -23.428  77.185 0.5000000000
59601  32.637  -23.388  77.406 0.5000000000
64830  7.731  -19.691  73.737 0.2500000000
64857  7.900  -20.054  72.834 0.2500000000
64879  8.868  -20.085  71.300 0.2500000000
137044  9.320  -20.268  68.645 0.1250000000
64901  9.422  -20.032  70.638 0.1250000000
64900  10.026  -19.878  70.015 0.1250000000
60736  32.252  -22.724  77.803 0.5000000000
60735  32.763  -22.732  77.865 0.5000000000
60748  33.878  -23.173  77.702 0.5000000000
60768  35.151  -23.430  76.567 0.3750000000
64801  8.263  -19.046  74.175 0.3750000000
64828  9.395  -18.855  73.131 0.3750000000
64855  9.570  -19.254  72.285 0.3750000000
150996  10.842  -19.448  68.149 0.1250000000
64917  10.530  -19.468  69.300 0.1250000000
145968  10.047  -19.550  70.752 0.2500000000
61855  34.108  -22.346  77.951 0.5000000000
61874  35.389  -22.542  77.939 0.5000000000
60767  35.926  -23.013  76.177 0.3750000000
65824  8.887  -18.748  73.812 0.3750000000
65823  9.392  -18.177  73.762 0.3750000000
65844  10.104  -18.966  71.899 0.3750000000
65833  10.030  -18.559  72.492 0.3750000000
154957  35.337  -21.646  78.296 0.5000000000
61873  36.170  -22.172  77.678 0.5000000000
141752  9.936  -18.085  73.160 0.3750000000
61896  36.796  -21.793  74.970 0.3750000000
63782  36.682  -20.806  76.901 0.5000000000
62845  36.405  -21.342  77.802 0.5000000000
63802  36.861  -20.281  75.482 0.5000000000
62882  36.632  -21.657  75.788 0.5000000000
62881  36.841  -20.778  75.011 0.5000000000
63766  37.042  -19.451  76.685 0.6250000000
155958  37.158  -19.547  76.136 0.5000000000
131658  36.950  -20.082  75.037 0.5000000000
68952  11.302  -15.582  68.175 0.5000000000
68967  10.776  -15.071  67.682 0.6250000000
70018  8.687  -14.420  65.343 0.6250000000
86289  48.543  1.805  53.168 0.2500000000
85272  49.766  0.708  53.503 0.3750000000
86307  48.995  1.468  51.776 0.2500000000
153483  49.552  1.156  52.959 0.3750000000
86288  48.916  1.529  52.579 0.2500000000
85288  50.061  0.915  52.838 0.3750000000
151299  49.592  1.254  52.317 0.2500000000
86308  48.232  1.556  51.938 0.2500000000
85287  50.769  0.876  52.714 0.3750000000
86306  50.245  1.152  52.150 0.2500000000
145310  49.699  1.369  51.625 0.2500000000
85271  50.468  0.519  53.399 0.3750000000
86305  51.004  1.197  51.995 0.3750000000
86320  50.403  1.375  51.433 0.3750000000
84298  51.990  0.045  53.685 0.3750000000
85270  51.323  0.571  53.253 0.3750000000
85285  52.196  0.862  53.132 0.3750000000
85286  51.601  1.065  52.623 0.3750000000
131262  51.805  1.403  51.924 0.3750000000
86318  52.195  1.760  51.340 0.3750000000
64877  10.371  -18.945  71.244 0.3750000000
64932  11.110  -18.984  68.789 0.1250000000
154655  10.677  -19.467  68.671 0.1250000000
66807  9.224  -17.644  74.147 0.3750000000
69979  10.168  -14.747  67.058 0.6250000000
70049  7.180  -14.473  64.711 0.6250000000
69999  8.423  -14.475  66.235 0.6250000000
153882  14.526  -18.561  86.423 0.6250000000
66712  13.751  -17.365  86.621 0.6250000000
65747  7.580  -18.713  82.756 0.6250000000
64722  7.047  -19.319  82.167 0.5000000000
65723  10.332  -17.890  84.691 0.6250000000
63764  1.242  -20.883  78.529 0.3750000000
61891  0.056  -21.879  76.320 0.2500000000
60734  33.502  -22.757  77.951 0.5000000000
63730  14.135  -19.756  85.489 0.6250000000
62826  34.720  -21.830  78.119 0.5000000000
61811  14.397  -22.665  86.163 0.6250000000
61853  35.831  -21.851  78.206 0.6250000000
63740  3.506  -20.263  82.514 0.3750000000
62824  1.492  -21.378  78.979 0.2500000000
61908  1.018  -22.766  74.338 0.2500000000
135172  4.312  -24.918  81.303 0.3750000000
57324  3.120  -26.383  81.363 0.2500000000
152403  5.555  -22.980  80.823 0.3750000000
61825  7.981  -23.201  81.880 0.3750000000
61819  9.706  -22.823  83.795 0.5000000000
59589  1.894  -24.776  80.187 0.2500000000
61829  8.322  -22.323  81.480 0.3750000000
59585  2.892  -24.001  80.837 0.3750000000
61815  10.008  -23.089  84.461 0.6250000000
137712  10.545  -21.548  84.040 0.6250000000
133227  1.955  -23.997  80.315 0.2500000000
60724  1.817  -23.320  80.434 0.2500000000
59609  1.700  -24.684  78.127 0.2500000000
61833  2.641  -22.159  81.230 0.3750000000
62811  5.613  -21.511  81.102 0.3750000000
154114  7.724  -21.737  80.982 0.3750000000
62809  8.524  -21.287  81.313 0.3750000000
61834  2.205  -22.466  81.001 0.3750000000
60692  10.437  -23.495  84.852 0.6250000000
61812  11.283  -22.731  85.786 0.6250000000
145959  11.640  -21.941  86.417 0.6250000000
62808  9.353  -21.155  81.797 0.5000000000
61852  1.558  -22.700  80.077 0.2500000000
135121  1.534  -22.683  79.511 0.2500000000
59556  12.704  -24.095  86.484 0.6250000000
58391  13.885  -24.811  85.954 0.6250000000
62796  11.021  -21.064  84.818 0.6250000000
58480  2.448  -25.426  76.938 0.2500000000
130844  1.638  -22.668  78.546 0.2500000000
59626  3.007  -23.648  76.306 0.2500000000
59646  3.191  -24.762  76.326 0.2500000000
63738  8.933  -20.402  81.692 0.5000000000
64730  8.366  -19.864  81.774 0.5000000000
64712  10.940  -19.669  84.496 0.6250000000
60678  13.791  -22.643  86.969 0.6250000000
60684  11.879  -22.867  86.417 0.6250000000
61809  12.474  -22.619  87.043 0.6250000000
62792  12.781  -21.413  87.617 0.6250000000
62793  12.176  -21.570  87.181 0.6250000000
155859  13.429  -21.274  87.340 0.6250000000
143730  13.921  -19.994  86.804 0.6250000000
141488  10.808  -18.597  84.805 0.6250000000
63855  7.523  -20.263  71.891 0.2500000000
130198  8.057  -20.315  71.198 0.2500000000
63892  8.232  -20.520  68.840 0.2500000000
64878  9.664  -19.560  71.453 0.2500000000
150059  9.066  -19.756  71.934 0.2500000000
64856  8.826  -19.621  72.615 0.2500000000
64829  8.520  -19.387  73.411 0.2500000000
64918  9.902  -20.052  69.229 0.1250000000
64933  10.216  -19.888  68.472 0.1250000000
60733  34.466  -22.686  78.014 0.5000000000
61885  36.346  -22.275  76.584 0.5000000000
151745  36.789  -21.267  75.147 0.5000000000
62865  36.747  -20.902  75.833 0.5000000000
148740  30.075  -23.467  76.318 0.3750000000
59604  21.878  -24.495  77.404 0.2500000000
133066  29.825  -23.499  75.387 0.3750000000
59671  29.962  -23.645  74.303 0.3750000000
60786  30.741  -23.479  75.958 0.3750000000
59657  30.878  -23.584  74.834 0.3750000000
59620  21.684  -24.387  76.609 0.2500000000
59617  31.746  -23.496  77.128 0.3750000000
59616  32.337  -23.616  76.935 0.2500000000
59602  32.100  -23.272  77.496 0.3750000000
59638  31.538  -23.591  75.646 0.2500000000
59615  33.039  -23.738  76.585 0.2500000000
59637  32.765  -23.830  76.004 0.2500000000
59656  31.829  -23.776  74.665 0.2500000000
59636  33.512  -23.998  75.603 0.2500000000
59655  32.627  -24.115  74.400 0.2500000000
58501  33.316  -24.452  74.131 0.2500000000
59653  34.401  -24.642  74.654 0.2500000000
59654  33.804  -24.374  74.779 0.2500000000
58517  33.326  -24.844  73.113 0.2500000000
58500  33.888  -24.712  73.973 0.2500000000
58499  34.486  -24.856  73.869 0.2500000000
57312  5.095  -26.670  82.487 0.2500000000
58424  5.385  -25.973  82.446 0.2500000000
58417  6.144  -25.587  82.471 0.2500000000
134690  6.314  -26.524  82.398 0.1250000000
60749  33.009  -23.101  77.762 0.3750000000
59614  33.797  -23.836  76.204 0.2500000000
59635  34.204  -24.284  75.359 0.2500000000
58529  34.715  -25.218  72.089 0.2500000000
58515  34.595  -25.040  72.987 0.2500000000
59678  36.239  -24.161  72.249 0.2500000000
57300  6.654  -25.850  82.663 0.1250000000
57309  7.888  -26.242  82.294 0.1250000000
57308  8.641  -25.713  82.571 0.1250000000
57339  18.219  -26.487  80.247 0.3750000000
133452  19.345  -26.443  79.036 0.2500000000
154106  18.108  -26.491  79.556 0.2500000000
135475  17.034  -26.536  78.267 0.2500000000
60769  34.248  -23.545  76.872 0.2500000000
60785  35.368  -23.867  75.703 0.2500000000
59634  34.875  -24.521  75.224 0.2500000000
59633  35.558  -24.196  74.951 0.2500000000
59669  35.168  -24.778  73.655 0.2500000000
59651  35.734  -24.204  74.072 0.2500000000
59668  35.983  -24.205  73.162 0.2500000000
60814  36.441  -23.386  73.499 0.2500000000
60831  36.661  -23.389  72.613 0.2500000000
60848  36.885  -23.426  71.750 0.2500000000
57299  7.364  -25.923  82.731 0.1250000000
58423  9.356  -25.599  82.306 0.1250000000
57321  8.837  -26.028  81.750 0.1250000000
58433  9.746  -25.464  81.666 0.1250000000
57328  18.375  -26.451  81.202 0.3750000000
57329  17.440  -26.433  80.781 0.2500000000
57340  15.879  -26.081  79.516 0.2500000000
130901  17.008  -26.458  79.078 0.2500000000
130622  16.698  -26.189  79.956 0.2500000000
57351  16.345  -26.348  78.604 0.2500000000
61897  36.460  -22.383  75.610 0.2500000000
60784  36.108  -23.299  75.309 0.2500000000
61906  36.600  -22.524  74.728 0.2500000000
60799  36.741  -22.570  73.845 0.2500000000
60813  36.897  -22.622  72.976 0.2500000000
146688  37.019  -22.396  72.036 0.2500000000
58416  7.496  -25.336  82.915 0.2500000000
58415  7.940  -25.708  82.793 0.1250000000
140772  8.403  -25.289  83.086 0.1250000000
131136  10.023  -25.379  82.361 0.1250000000
57317  17.682  -26.342  81.816 0.3750000000
130837  16.234  -26.199  82.114 0.2500000000
58441  11.372  -24.670  80.809 0.1250000000
58442  10.299  -25.000  81.054 0.1250000000
130623  16.003  -26.120  81.311 0.2500000000
57330  15.331  -25.791  80.880 0.2500000000
129980  12.070  -24.739  80.246 0.1250000000
57341  15.321  -25.785  80.161 0.2500000000
132104  13.165  -24.973  79.228 0.1250000000
57352  15.549  -26.076  78.729 0.2500000000
57343  14.429  -25.626  79.588 0.2500000000
58455  14.072  -25.369  78.760 0.2500000000
151492  13.330  -24.845  78.412 0.2500000000
59596  12.391  -24.634  78.643 0.1250000000
62892  36.876  -21.319  74.478 0.3750000000
61914  36.953  -22.047  73.423 0.2500000000
62898  36.898  -21.241  73.919 0.3750000000
62902  36.896  -21.669  73.178 0.2500000000
61920  36.959  -22.214  72.668 0.2500000000
62907  36.941  -21.962  72.329 0.2500000000
69978  10.904  -14.870  67.039 0.5000000000
130480  11.007  -14.403  65.058 0.3750000000
69997  10.627  -14.613  66.417 0.3750000000
70068  11.141  -13.914  63.356 0.1250000000
59573  6.870  -25.183  82.753 0.2500000000
58414  9.386  -25.283  83.012 0.2500000000
130073  17.236  -25.937  83.030 0.3750000000
57304  16.504  -26.030  82.833 0.3750000000
57303  17.849  -26.106  82.628 0.3750000000
130477  17.042  -26.212  82.371 0.3750000000
57305  15.838  -25.994  82.610 0.2500000000
57320  13.927  -25.494  81.596 0.2500000000
58440  12.420  -24.906  80.898 0.1250000000
58431  11.004  -24.915  81.683 0.1250000000
148849  14.858  -25.660  81.091 0.2500000000
133589  14.268  -25.564  80.940 0.2500000000
58439  13.426  -25.344  80.892 0.1250000000
57331  14.712  -25.653  80.363 0.2500000000
57332  13.929  -25.516  80.280 0.2500000000
131457  13.025  -25.160  80.127 0.2500000000
58447  12.276  -24.759  79.533 0.1250000000
58446  13.744  -25.384  79.653 0.2500000000
63819  36.870  -20.797  74.487 0.3750000000
63844  36.843  -21.076  73.425 0.3750000000
63845  36.679  -20.596  73.086 0.3750000000
64812  36.482  -19.804  73.683 0.3750000000
70046  11.650  -14.356  64.743 0.2500000000
70016  10.339  -14.429  65.559 0.3750000000
130592  12.040  -14.145  64.066 0.1250000000
70047  10.855  -14.229  64.139 0.2500000000
131071  12.113  -13.855  63.159 0.1250000000
136835  12.095  -13.738  62.453 0.1250000000
57296  16.117  -25.884  83.351 0.3750000000
57297  15.496  -25.764  83.202 0.2500000000
149612  10.302  -25.269  83.064 0.1250000000
57306  15.156  -25.783  82.336 0.2500000000
58429  12.909  -25.164  81.666 0.1250000000
58421  11.388  -25.009  82.417 0.1250000000
58420  12.373  -24.933  82.510 0.2500000000
65827  35.970  -19.063  73.667 0.3750000000
130591  9.976  -14.321  64.506 0.3750000000
70088  10.399  -13.869  62.655 0.2500000000
71155  12.027  -13.524  61.204 0.1250000000
70102  11.613  -13.635  61.872 0.1250000000
59567  9.747  -24.320  83.950 0.2500000000
59570  9.094  -24.729  83.446 0.2500000000
57292  16.327  -25.701  83.949 0.3750000000
57293  15.737  -25.733  83.965 0.3750000000
58406  10.039  -24.834  83.734 0.2500000000
58411  14.997  -25.599  83.908 0.3750000000
57298  14.675  -25.578  82.965 0.2500000000
135375  13.979  -25.335  83.703 0.2500000000
133730  10.913  -25.253  82.967 0.1250000000
66813  36.440  -18.271  73.837 0.5000000000
65836  35.530  -19.070  73.001 0.2500000000
70048  8.771  -14.450  64.318 0.3750000000
70017  9.472  -14.390  65.169 0.3750000000
69998  9.572  -14.493  66.148 0.5000000000
154815  10.084  -14.228  63.886 0.3750000000
70103  10.672  -13.661  61.870 0.1250000000
70087  11.332  -13.731  62.575 0.1250000000
71156  11.043  -13.463  61.153 0.1250000000
71192  10.733  -12.787  59.863 0.1250000000
71175  11.431  -13.247  60.484 0.1250000000
71191  11.900  -12.893  59.869 0.1250000000
71174  12.465  -13.323  60.524 0.1250000000
152062  13.235  -12.620  59.087 0.1250000000
72220  12.409  -12.528  59.227 0.1250000000
73227  11.985  -11.671  58.234 0.1250000000
58402  14.352  -25.359  84.687 0.3750000000
59566  10.383  -24.230  84.481 0.2500000000
148993  13.269  -25.121  84.551 0.3750000000
133508  11.657  -24.993  83.397 0.2500000000
59565  11.087  -24.409  84.871 0.2500000000
58419  13.605  -25.338  82.585 0.2500000000
132048  8.013  -14.454  64.726 0.5000000000
70070  9.348  -14.319  63.556 0.2500000000
70089  9.490  -14.085  62.770 0.2500000000
144474  10.566  -13.231  60.492 0.1250000000
71157  9.977  -13.492  61.018 0.1250000000
71176  9.964  -13.064  60.270 0.1250000000
72222  10.559  -12.085  59.358 0.1250000000
72235  11.245  -11.843  58.792 0.1250000000
73228  11.279  -11.168  58.330 0.1250000000
73243  11.943  -11.124  57.554 0.1250000000
150550  11.969  -10.576  57.044 0.1250000000
60693  9.883  -23.730  84.283 0.2500000000
58401  15.272  -25.514  84.691 0.3750000000
58394  14.667  -25.162  85.517 0.3750000000
58396  12.617  -24.868  85.313 0.3750000000
59561  11.445  -24.061  85.576 0.5000000000
58403  12.179  -24.979  84.483 0.3750000000
58397  11.750  -24.696  85.178 0.3750000000
70071  8.279  -14.418  63.335 0.2500000000
156244  8.712  -14.254  62.883 0.2500000000
70104  9.671  -13.782  61.944 0.1250000000
72211  10.068  -12.495  59.895 0.1250000000
72236  10.852  -11.545  58.950 0.1250000000
74257  11.319  -10.468  58.260 0.1250000000
131849  11.548  -10.501  57.636 0.1250000000
141729  11.557  -9.718  57.614 0.1250000000
58395  13.626  -25.029  85.365 0.3750000000
59560  12.176  -24.441  85.890 0.5000000000
59554  14.525  -24.546  86.156 0.5000000000
59557  11.965  -23.785  86.239 0.5000000000
60687  11.485  -23.374  85.903 0.5000000000
70090  7.921  -14.172  62.682 0.3750000000
152297  8.374  -13.380  61.731 0.2500000000
71158  9.053  -13.459  61.425 0.2500000000
71139  8.694  -13.836  62.236 0.3750000000
71178  8.612  -13.103  61.223 0.2500000000
72212  9.554  -12.575  60.323 0.1250000000
71177  9.317  -13.149  60.762 0.1250000000
72223  9.911  -12.033  59.843 0.1250000000
74242  10.791  -10.946  59.535 0.1250000000
73216  10.530  -11.559  59.433 0.1250000000
74241  11.349  -10.308  58.993 0.1250000000
75256  11.606  -9.560  58.421 0.1250000000
148810  6.865  -14.101  63.113 0.3750000000
70072  6.998  -14.282  63.299 0.3750000000
71140  7.807  -13.591  62.235 0.3750000000
71159  8.033  -13.098  61.719 0.3750000000
143874  8.454  -12.704  61.401 0.3750000000
73210  9.385  -12.016  60.585 0.1250000000
73201  9.904  -11.430  60.905 0.1250000000
74227  10.755  -10.889  60.476 0.1250000000
74226  11.521  -10.094  60.022 0.1250000000
70092  7.045  -13.790  62.832 0.3750000000
72192  7.439  -13.206  62.495 0.3750000000
72179  6.879  -13.378  63.395 0.3750000000
72177  7.792  -12.646  62.484 0.3750000000
73203  8.543  -12.270  61.620 0.3750000000
72205  7.940  -12.770  61.927 0.3750000000
72178  7.440  -12.763  63.152 0.3750000000
73158  7.654  -12.208  64.013 0.3750000000
73202  9.131  -11.836  61.275 0.3750000000
74209  9.676  -11.176  62.691 0.2500000000
74219  9.774  -11.279  61.781 0.2500000000
74207  11.412  -10.276  62.035 0.2500000000
133464  53.266  -4.436  57.112 0.5000000000
73191  8.304  -12.225  62.262 0.3750000000
74192  8.808  -11.386  63.867 0.3750000000
74129  34.672  -10.849  67.432 0.1250000000
74191  9.509  -10.980  63.587 0.2500000000
73173  8.939  -11.664  62.969 0.3750000000
74171  8.411  -10.836  64.575 0.3750000000
74189  11.207  -10.188  62.934 0.2500000000
75205  10.823  -9.864  63.784 0.2500000000
74169  10.018  -10.236  64.165 0.2500000000
75188  9.665  -9.783  64.978 0.5000000000
75189  8.799  -10.096  65.124 0.3750000000
145417  11.793  -9.586  62.525 0.2500000000
75204  11.553  -9.457  63.369 0.2500000000
76254  12.079  -8.939  62.999 0.2500000000
80369  54.379  -4.480  56.890 0.5000000000
80370  52.469  -4.628  56.333 0.3750000000
80375  53.841  -4.224  55.172 0.5000000000
80376  52.676  -4.527  55.323 0.1250000000
80382  51.794  -4.601  54.532 0.1250000000
146826  50.931  -5.130  54.103 0.1250000000
75171  8.274  -9.623  65.638 0.5000000000
75187  10.481  -9.449  64.589 0.2500000000
75170  9.135  -9.300  65.582 0.5000000000
145192  11.821  -8.838  63.669 0.2500000000
75186  11.313  -9.145  64.137 0.2500000000
76216  10.574  -8.135  65.250 0.3750000000
75169  10.064  -8.884  65.386 0.5000000000
76217  9.278  -8.449  65.869 0.5000000000
76196  8.697  -7.915  66.232 0.5000000000
155113  12.075  -7.873  63.942 0.3750000000
76232  11.690  -8.318  64.201 0.3750000000
77206  9.721  -7.210  65.847 0.5000000000
77211  11.790  -7.420  64.248 0.5000000000
78148  10.991  -6.372  64.965 0.5000000000
77212  10.586  -7.299  65.317 0.5000000000
80381  52.856  -4.383  54.409 0.1250000000
79308  50.794  -5.117  53.364 0.1250000000
80392  50.628  -4.855  52.677 0.1250000000
74114  34.888  -10.131  67.863 0.2500000000
74128  35.171  -10.162  66.976 0.2500000000
74139  34.728  -10.907  66.563 0.1250000000
77193  8.973  -7.192  66.226 0.5000000000
77194  8.122  -7.246  66.454 0.5000000000
145455  8.023  -8.069  66.375 0.5000000000
74138  35.344  -10.215  66.132 0.1250000000
78138  9.329  -6.516  65.984 0.5000000000
79193  11.723  -5.844  64.248 0.3750000000
79194  10.809  -5.444  64.771 0.3750000000
79177  10.359  -5.850  65.300 0.5000000000
78147  11.612  -6.673  64.422 0.5000000000
80391  52.177  -4.461  53.080 0.1250000000
140913  51.357  -4.732  52.903 0.1250000000
80397  51.799  -4.443  52.463 0.1250000000
139554  51.179  -4.465  52.216 0.1250000000
80398  50.421  -4.489  51.937 0.1250000000
75140  35.607  -9.499  67.503 0.2500000000
76190  37.872  -8.550  66.522 0.2500000000
148307  36.916  -8.870  66.494 0.2500000000
75139  36.448  -8.975  67.242 0.2500000000
75149  35.947  -9.470  66.507 0.2500000000
78123  8.577  -6.501  66.298 0.5000000000
133661  37.440  -8.653  65.841 0.2500000000
75148  36.574  -9.134  65.721 0.2500000000
75165  35.866  -9.706  65.586 0.1250000000
78139  8.920  -5.840  66.024 0.5000000000
75122  36.024  -8.914  68.065 0.2500000000
76156  38.485  -8.331  68.839 0.2500000000
76178  36.946  -8.609  67.939 0.2500000000
76177  38.087  -8.447  67.911 0.2500000000
76191  37.419  -8.630  67.178 0.2500000000
92050  7.591  7.504  65.622 0.3750000000
90939  6.176  6.882  68.877 0.5000000000
90946  5.824  6.955  67.678 0.5000000000
92015  6.253  7.675  67.338 0.5000000000
93071  6.841  8.155  67.000 0.5000000000
93085  7.896  8.095  66.074 0.3750000000
59603  22.711  -23.991  77.304 0.3750000000
139861  38.272  -8.500  67.105 0.2500000000
73174  8.195  -12.155  63.298 0.3750000000
155451  7.083  -12.721  63.877 0.3750000000
76218  8.410  -8.762  66.050 0.5000000000
78124  7.313  -6.834  66.565 0.5000000000
92031  7.139  7.813  66.300 0.3750000000
135936  53.073  -4.550  58.117 0.5000000000
137719  36.874  -20.265  74.446 0.3750000000
57338  18.711  -26.500  79.490 0.3750000000
57349  18.849  -26.508  78.406 0.2500000000
136638  36.770  -19.650  74.309 0.3750000000
65819  36.448  -18.938  74.208 0.3750000000
73113  34.499  -11.655  67.855 0.1250000000
76157  37.354  -8.420  68.872 0.2500000000
76158  36.477  -8.645  68.612 0.2500000000
145925  7.905  -6.437  66.458 0.5000000000
78137  10.151  -6.505  65.554 0.5000000000
80221  9.917  -5.118  65.246 0.5000000000
59555  13.052  -24.650  85.976 0.3750000000
59613  34.606  -24.000  75.956 0.2500000000
59618  31.326  -23.539  76.596 0.2500000000
137819  32.015  -23.671  76.354 0.2500000000
131099  32.369  -23.785  75.342 0.2500000000
132209  33.164  -24.027  75.015 0.2500000000
57311  5.818  -26.240  82.455 0.2500000000
59679  35.370  -24.752  72.720 0.2500000000
151504  17.575  -26.431  79.729 0.2500000000
60830  37.015  -22.732  72.190 0.2500000000
58432  10.398  -25.217  81.792 0.1250000000
150781  16.570  -26.256  80.841 0.2500000000
130624  16.811  -26.328  81.571 0.2500000000
130621  15.935  -25.980  80.458 0.2500000000
155167  16.472  -26.303  79.280 0.2500000000
58422  10.695  -25.263  82.356 0.1250000000
58430  11.895  -24.796  81.640 0.1250000000
57342  15.089  -25.823  79.525 0.2500000000
58454  14.898  -25.760  78.769 0.2500000000
57318  15.430  -25.919  81.710 0.2500000000
57319  14.713  -25.670  81.582 0.2500000000
57307  14.472  -25.617  82.143 0.2500000000
70069  10.200  -14.093  63.402 0.2500000000
58405  10.715  -24.693  84.247 0.2500000000
58413  10.768  -25.054  83.635 0.2500000000
72221  11.396  -12.385  59.278 0.1250000000
136342  11.943  -12.126  58.780 0.1250000000
58412  12.860  -25.057  83.540 0.3750000000
58404  11.314  -24.844  84.357 0.3750000000
73209  10.149  -11.573  60.074 0.1250000000
74258  10.900  -11.031  58.864 0.1250000000
72213  8.964  -12.635  60.845 0.2500000000
74218  10.686  -10.810  61.444 0.2500000000
74217  11.455  -10.231  61.074 0.1250000000
73190  9.012  -11.736  62.062 0.2500000000
74190  10.318  -10.573  63.295 0.2500000000
74208  10.524  -10.736  62.388 0.2500000000
133463  53.499  -4.450  56.107 0.3750000000
74170  9.205  -10.542  64.413 0.3750000000
80387  51.536  -4.756  53.610 0.1250000000
76233  10.901  -8.650  64.768 0.3750000000
139783  9.951  -7.979  65.692 0.5000000000
76195  9.325  -7.754  66.020 0.5000000000
153332  11.251  -7.110  64.756 0.3750000000
140549  11.176  -7.822  64.793 0.5000000000
80237  11.281  -4.883  64.184 0.3750000000
60778  23.023  -23.662  76.616 0.2500000000
142959  23.640  -23.296  76.181 0.2500000000
60794  23.005  -23.454  75.871 0.2500000000
60793  23.522  -23.119  75.589 0.2500000000
60806  23.847  -22.912  74.948 0.2500000000
133494  23.328  -23.062  74.223 0.2500000000
60821  23.737  -23.180  73.224 0.2500000000
154231  23.341  -23.344  72.647 0.2500000000
60836  24.104  -23.510  72.172 0.2500000000
60792  24.219  -22.985  75.654 0.2500000000
60805  24.271  -23.064  73.985 0.2500000000
130616  23.752  -23.574  71.435 0.1250000000
131756  24.163  -23.424  70.717 0.1250000000
60852  24.762  -23.548  71.256 0.1250000000
60804  25.879  -23.289  74.484 0.2500000000
130618  24.888  -23.094  74.888 0.2500000000
60834  25.521  -23.341  72.601 0.2500000000
130617  25.222  -23.186  73.668 0.2500000000
60835  25.063  -23.471  71.916 0.2500000000
60820  24.662  -23.237  72.907 0.2500000000
60865  25.010  -23.354  70.461 0.1250000000
60877  25.147  -23.118  69.575 0.1250000000
60818  26.762  -23.377  74.149 0.2500000000
60819  26.121  -23.303  73.334 0.1250000000
60851  25.463  -23.536  71.396 0.1250000000
60803  27.382  -23.549  74.870 0.2500000000
140597  30.925  -23.787  73.081 0.1250000000
130124  30.010  -23.632  73.255 0.1250000000
59681  30.629  -23.664  72.219 0.1250000000
130339  27.039  -23.400  73.095 0.1250000000
58518  32.100  -24.511  73.020 0.1250000000
147615  31.473  -24.028  73.399 0.1250000000
59694  30.745  -23.808  71.136 0.1250000000
129957  29.683  -23.472  71.547 0.1250000000
60833  26.382  -23.510  72.203 0.1250000000
147562  25.715  -23.515  71.799 0.1250000000
58532  32.710  -24.871  72.621 0.1250000000
58533  32.197  -24.696  72.135 0.1250000000
58551  30.815  -24.000  70.380 0.1250000000
58565  30.272  -23.960  69.867 0.1250000000
130390  32.768  -25.118  71.763 0.1250000000
138642  32.337  -24.774  71.068 0.1250000000
58563  32.046  -24.690  70.245 0.1250000000
58575  29.993  -24.086  69.117 0.1250000000
60864  25.590  -23.503  70.913 0.1250000000
57439  33.368  -25.657  70.817 0.1250000000
132061  32.646  -25.337  69.706 0.1250000000
57455  31.899  -24.899  69.665 0.1250000000
57479  30.426  -24.597  68.773 0.1250000000
57452  33.623  -25.657  70.053 0.1250000000
57477  31.707  -25.274  68.863 0.1250000000
60801  29.102  -23.473  74.574 0.2500000000
60817  27.647  -23.432  73.925 0.2500000000
144360  32.029  -24.150  73.826 0.1250000000
59670  30.773  -23.765  73.832 0.1250000000
130248  27.998  -23.408  72.989 0.1250000000
58502  32.712  -24.532  73.508 0.1250000000
59697  27.682  -23.595  71.477 0.1250000000
60850  26.172  -23.555  71.387 0.1250000000
59710  28.495  -23.529  70.150 0.1250000000
131098  27.907  -23.686  70.922 0.1250000000
59712  26.421  -23.530  70.750 0.1250000000
58531  33.514  -25.229  72.263 0.1250000000
58576  29.032  -23.658  68.967 0.1250000000
133459  26.835  -23.430  69.976 0.1250000000
59725  25.855  -23.325  70.082 0.1250000000
58548  33.642  -25.586  71.454 0.1250000000
137062  35.647  -24.724  71.206 0.1250000000
58547  34.133  -25.644  71.334 0.1250000000
59692  36.384  -24.265  71.294 0.1250000000
58545  35.809  -24.827  70.637 0.1250000000
59708  36.855  -24.517  70.330 0.1250000000
60847  37.204  -22.831  71.386 0.1250000000
59707  37.588  -24.083  69.984 0.1250000000
60863  37.536  -23.187  70.435 0.1250000000
150900  36.845  -21.798  71.856 0.1250000000
61926  37.025  -22.230  71.597 0.1250000000
61933  37.223  -22.436  70.746 0.1250000000
137642  36.773  -21.355  72.552 0.1250000000
63852  36.486  -20.686  72.332 0.1250000000
62908  36.554  -21.409  71.581 0.1250000000
63863  36.184  -21.280  70.902 0.1250000000
63864  35.620  -20.692  70.630 0.1250000000
63876  36.256  -21.250  70.019 0.1250000000
64839  36.313  -19.894  72.955 0.1250000000
64865  35.937  -19.900  72.252 0.1250000000
65837  35.286  -18.941  72.101 0.1250000000
64866  35.438  -19.840  71.437 0.1250000000
64887  34.883  -19.644  70.550 0.1250000000
66835  34.828  -17.709  70.768 0.1250000000
131354  11.224  -14.570  65.896 0.2500000000
69996  11.340  -14.920  66.582 0.2500000000
80311  50.499  -4.216  59.094 0.2500000000
80332  50.272  -5.094  58.350 0.2500000000
77219  12.237  -7.447  63.600 0.2500000000
80310  51.195  -4.553  58.959 0.2500000000
144391  51.087  -4.918  58.365 0.2500000000
80356  51.338  -4.992  57.630 0.1250000000
80355  52.254  -4.657  57.368 0.1250000000
78155  12.131  -6.674  63.872 0.2500000000
80377  51.682  -4.710  55.620 0.1250000000
80239  9.681  -4.178  65.072 0.3750000000
87318  46.930  2.249  53.538 0.1250000000
80238  10.436  -4.584  64.654 0.3750000000
86290  47.255  1.791  52.919 0.1250000000
136396  48.067  1.818  52.595 0.1250000000
86309  47.467  1.438  52.234 0.1250000000
80256  10.829  -4.028  64.103 0.3750000000
86323  47.651  1.216  51.498 0.1250000000
86324  46.903  0.923  51.826 0.1250000000
81426  51.802  -3.612  50.982 0.1250000000
81427  50.857  -3.524  50.669 0.1250000000
86322  48.397  1.371  51.234 0.1250000000
86321  49.162  1.446  51.050 0.1250000000
86333  48.667  1.178  50.487 0.1250000000
86332  49.580  1.377  50.283 0.1250000000
81433  51.506  -3.078  50.199 0.1250000000
81425  52.521  -3.314  50.872 0.1250000000
86319  51.263  1.525  51.180 0.2500000000
86331  50.431  1.519  50.656 0.1250000000
86341  50.432  1.459  49.793 0.1250000000
141826  49.836  1.482  51.002 0.1250000000
82373  52.158  -2.732  49.743 0.1250000000
83331  53.435  -1.672  49.223 0.1250000000
86181  11.620  1.456  63.658 0.2500000000
86329  51.894  1.863  50.658 0.2500000000
86330  51.184  1.649  50.254 0.1250000000
87349  51.881  2.020  49.921 0.1250000000
86340  51.246  1.604  49.290 0.1250000000
83332  52.810  -2.286  49.456 0.1250000000
87222  11.364  1.962  64.317 0.2500000000
87335  52.798  2.315  51.112 0.2500000000
155559  52.364  2.105  50.878 0.2500000000
87342  52.540  2.354  50.410 0.2500000000
146561  53.005  2.699  49.944 0.1250000000
87348  52.484  2.403  49.546 0.1250000000
142698  51.971  2.006  49.155 0.1250000000
87360  52.435  2.405  48.500 0.1250000000
88215  10.323  3.367  64.585 0.2500000000
88214  11.051  2.839  64.088 0.2500000000
87223  10.793  2.505  64.812 0.2500000000
87341  53.349  2.780  50.663 0.2500000000
83336  53.966  -1.044  48.827 0.1250000000
94943  16.557  10.197  81.296 0.2500000000
150312  55.205  4.568  49.971 0.2500000000
91188  51.551  7.006  46.658 0.1250000000
91964  6.586  7.421  71.787 0.3750000000
91977  6.475  7.311  70.903 0.3750000000
90930  6.429  6.366  70.451 0.3750000000
132298  6.415  7.165  69.942 0.3750000000
90007  5.888  6.023  69.112 0.3750000000
141416  55.653  5.513  48.964 0.2500000000
90213  54.799  6.026  46.763 0.1250000000
90212  55.404  6.308  47.366 0.1250000000
91185  54.318  6.691  46.381 0.1250000000
92257  54.749  7.666  46.683 0.1250000000
134162  53.440  6.884  46.171 0.1250000000
92260  51.969  7.854  47.171 0.1250000000
142225  5.626  8.698  70.903 0.3750000000
93017  6.230  8.091  71.314 0.3750000000
131369  6.264  8.136  70.368 0.3750000000
93028  6.244  8.562  69.706 0.3750000000
91990  6.389  7.854  69.413 0.3750000000
91132  56.499  6.748  49.910 0.1250000000
90167  56.010  5.861  49.731 0.2500000000
91146  56.522  7.310  48.964 0.1250000000
91133  56.037  6.219  48.881 0.1250000000
144821  55.962  8.418  47.500 0.1250000000
91147  55.921  6.502  48.096 0.1250000000
93245  55.180  8.564  46.977 0.1250000000
93247  53.446  8.716  47.100 0.1250000000
92259  53.021  7.777  46.680 0.1250000000
93226  52.734  9.708  48.128 0.1250000000
93248  52.374  8.756  47.651 0.1250000000
92237  51.417  8.697  48.034 0.1250000000
96571  14.710  12.476  79.848 0.2500000000
96580  14.694  12.992  79.338 0.2500000000
93007  6.252  8.097  72.168 0.3750000000
93008  5.597  8.656  71.740 0.3750000000
94077  4.887  9.290  71.313 0.3750000000
147894  5.224  9.218  70.672 0.3750000000
93018  5.778  8.873  70.265 0.3750000000
150043  6.507  8.419  69.109 0.3750000000
92003  6.408  7.868  68.369 0.3750000000
93056  6.823  8.428  67.803 0.3750000000
90988  9.149  6.532  64.104 0.1250000000
92049  9.178  7.854  64.963 0.1250000000
94240  56.523  10.463  48.424 0.1250000000
93224  56.684  9.424  48.283 0.1250000000
93225  55.757  9.478  47.546 0.1250000000
94256  53.864  9.714  47.593 0.1250000000
94243  53.113  10.589  48.330 0.1250000000
93227  51.919  9.505  48.208 0.1250000000
91231  60.328  5.601  40.769 0.1250000000
90239  60.391  4.612  42.095 0.1250000000
95055  4.606  10.211  70.278 0.3750000000
94087  5.384  9.586  70.196 0.3750000000
94085  7.115  9.631  69.000 0.3750000000
93043  6.823  8.741  68.626 0.3750000000
93055  7.430  9.191  68.105 0.2500000000
92068  9.539  7.361  64.289 0.1250000000
94232  57.481  10.449  49.349 0.1250000000
95191  54.569  11.662  48.118 0.1250000000
94242  54.099  10.810  48.246 0.1250000000
95192  53.582  11.202  48.227 0.1250000000
95193  53.015  10.818  48.315 0.1250000000
96012  53.441  11.286  48.134 0.1250000000
95194  52.620  10.591  48.203 0.1250000000
155102  59.251  6.976  41.163 0.2500000000
147973  60.134  6.307  40.325 0.1250000000
92308  59.732  7.197  40.401 0.1250000000
95045  3.485  10.294  70.756 0.3750000000
95870  1.667  11.276  70.201 0.3750000000
135049  4.994  10.868  69.837 0.3750000000
144185  5.415  10.224  69.899 0.3750000000
93029  6.007  9.125  69.789 0.3750000000
94086  6.205  9.788  69.612 0.3750000000
94094  6.503  9.042  69.312 0.3750000000
94093  7.744  9.868  68.499 0.2500000000
135629  7.292  8.731  67.365 0.3750000000
93070  7.704  8.582  66.719 0.2500000000
94104  7.936  9.239  67.389 0.2500000000
93069  8.582  8.666  66.160 0.2500000000
135801  9.088  8.469  65.565 0.1250000000
94123  10.079  9.556  65.765 0.1250000000
130132  58.248  10.923  49.458 0.1250000000
95190  56.406  11.446  48.632 0.1250000000
95181  57.832  11.613  49.251 0.1250000000
96010  55.811  12.103  48.420 0.1250000000
95998  57.027  12.066  48.969 0.1250000000
136147  55.033  12.176  48.034 0.1250000000
95999  56.520  12.346  48.492 0.1250000000
96011  54.179  11.925  47.985 0.1250000000
96855  55.009  12.318  47.837 0.1250000000
96031  53.479  11.515  47.535 0.1250000000
96030  54.674  12.219  47.332 0.1250000000
96039  54.421  11.677  46.388 0.1250000000
144062  59.880  8.285  40.303 0.2500000000
96678  2.437  12.504  71.329 0.3750000000
95869  2.404  11.053  70.275 0.3750000000
95047  1.579  11.249  70.524 0.3750000000
95056  3.781  10.892  70.154 0.3750000000
95878  2.736  11.541  69.644 0.3750000000
95871  1.312  11.588  70.032 0.3750000000
95877  4.341  11.580  69.604 0.3750000000
95054  5.988  10.710  69.637 0.3750000000
95053  6.867  10.495  69.329 0.3750000000
95063  7.563  10.419  68.823 0.2500000000
95069  8.653  10.432  67.880 0.2500000000
94103  8.642  9.797  67.431 0.2500000000
95068  9.173  10.417  67.363 0.1250000000
144914  9.604  11.803  67.370 0.1250000000
139764  7.935  10.934  68.623 0.2500000000
94092  8.165  9.796  68.009 0.2500000000
94102  9.137  9.793  66.912 0.2500000000
95902  9.688  10.992  67.135 0.1250000000
94113  8.494  9.244  66.826 0.2500000000
94112  9.057  9.311  66.438 0.1250000000
133281  9.688  9.785  66.384 0.1250000000
95076  10.178  10.570  66.476 0.1250000000
153547  10.202  10.000  66.136 0.1250000000
95180  58.114  11.729  49.107 0.1250000000
96838  57.124  12.352  48.682 0.1250000000
96853  56.836  12.628  48.160 0.1250000000
144901  56.660  12.412  46.263 0.1250000000
94294  56.685  10.043  43.820 0.1250000000
95239  57.479  11.150  44.027 0.1250000000
92301  59.380  8.045  41.124 0.2500000000
94300  57.868  10.909  42.430 0.1250000000
97463  1.633  12.465  69.385 0.3750000000
97462  2.453  13.248  70.096 0.2500000000
97455  2.957  13.114  71.067 0.3750000000
96696  1.801  12.032  69.078 0.3750000000
96697  1.358  11.948  69.476 0.3750000000
95876  5.750  11.633  69.503 0.3750000000
134499  6.582  11.207  69.440 0.3750000000
146766  6.762  11.949  69.367 0.2500000000
95887  7.357  11.253  69.100 0.2500000000
95893  9.066  11.223  67.726 0.1250000000
96714  9.341  12.575  67.555 0.1250000000
95886  8.030  11.585  68.602 0.2500000000
95894  8.466  11.044  68.264 0.2500000000
144915  8.639  11.795  68.185 0.1250000000
145600  9.094  11.998  67.783 0.1250000000
96723  9.964  12.449  67.081 0.1250000000
96715  8.750  12.592  68.065 0.1250000000
97480  8.219  13.194  68.388 0.1250000000
95901  10.285  11.618  66.737 0.1250000000
95189  58.419  11.443  48.600 0.1250000000
95205  58.617  10.903  47.430 0.1250000000
95996  58.127  12.126  48.399 0.1250000000
96027  58.248  12.551  46.497 0.1250000000
96851  57.944  12.414  47.888 0.1250000000
95213  58.986  12.473  45.589 0.2500000000
96037  57.705  12.569  46.466 0.1250000000
96028  56.644  12.644  47.330 0.1250000000
133243  58.670  12.557  45.680 0.1250000000
129799  57.939  12.525  45.751 0.1250000000
96048  58.660  12.657  45.032 0.1250000000
95226  58.162  12.102  44.544 0.2500000000
135255  59.121  12.874  43.992 0.2500000000
95238  58.385  12.032  43.641 0.2500000000
97473  2.174  13.333  69.199 0.2500000000
98255  3.588  13.812  70.714 0.3750000000
97474  2.044  13.162  68.716 0.2500000000
98254  4.443  14.286  71.206 0.2500000000
99108  5.104  14.842  71.678 0.2500000000
96694  5.078  12.418  69.305 0.3750000000
97471  5.710  13.163  69.112 0.2500000000
96693  6.235  12.581  69.343 0.2500000000
96705  7.475  12.140  69.013 0.2500000000
97469  7.534  12.931  68.903 0.1250000000
96704  8.155  12.372  68.530 0.1250000000
97492  9.663  13.207  67.227 0.1250000000
97493  8.894  13.453  67.760 0.1250000000
152249  10.198  13.017  66.824 0.1250000000
95225  59.196  12.419  44.717 0.2500000000
96047  59.014  12.819  44.780 0.2500000000
99900  4.619  16.225  73.678 0.2500000000
99899  5.267  16.786  73.101 0.1250000000
99909  5.638  16.442  72.253 0.2500000000
98263  3.027  13.986  69.772 0.2500000000
98262  4.126  14.496  70.361 0.2500000000
96707  2.255  12.773  68.661 0.3750000000
98271  3.500  14.763  69.498 0.2500000000
99107  5.464  15.486  71.195 0.2500000000
97483  5.109  13.641  68.554 0.1250000000
97472  4.519  12.991  68.903 0.2500000000
96706  3.311  12.952  68.573 0.2500000000
97485  2.690  13.370  68.189 0.2500000000
97486  2.222  13.355  68.440 0.2500000000
97482  6.113  13.796  68.714 0.2500000000
97470  6.739  13.311  69.125 0.2500000000
97481  7.473  13.662  68.591 0.1250000000
98298  8.654  14.386  67.538 0.1250000000
98297  9.416  14.061  67.238 0.1250000000
98282  8.119  14.032  68.115 0.1250000000
98303  2.779  14.467  67.606 0.1250000000
149991  2.469  13.803  67.966 0.1250000000
98287  2.335  14.726  68.099 0.1250000000
99127  4.012  15.599  69.233 0.2500000000
98302  3.872  14.553  67.469 0.1250000000
97494  3.273  13.900  67.779 0.1250000000
99128  2.793  15.099  68.579 0.1250000000
99117  5.141  15.791  69.914 0.2500000000
97484  3.933  13.479  68.322 0.1250000000
98285  5.584  14.290  68.193 0.1250000000
98301  5.032  14.742  67.620 0.1250000000
98284  6.427  14.313  68.344 0.1250000000
149623  6.838  13.949  68.666 0.2500000000
98300  6.249  14.851  67.780 0.1250000000
98283  7.212  14.429  68.176 0.1250000000
98318  9.101  14.861  67.074 0.1250000000
131556  7.882  14.709  67.612 0.1250000000
154477  8.397  14.983  67.225 0.1250000000
98317  9.764  14.522  66.634 0.1250000000
100767  5.764  17.361  72.436 0.1250000000
98304  2.367  14.922  67.789 0.1250000000
99139  2.436  15.607  68.052 0.1250000000
99939  4.787  16.235  69.370 0.2500000000
99938  5.710  16.526  69.893 0.2500000000
99921  6.089  16.836  70.647 0.2500000000
100780  6.016  17.018  71.572 0.1250000000
99157  2.464  15.599  67.470 0.1250000000
150314  2.483  16.106  67.564 0.1250000000
99947  2.703  16.315  68.037 0.2500000000
99930  5.684  16.006  70.574 0.2500000000
99922  5.801  16.186  71.371 0.2500000000
99155  3.296  15.110  67.139 0.1250000000
99173  2.821  15.675  66.907 0.1250000000
99154  4.385  15.250  67.159 0.1250000000
99153  5.554  15.445  67.312 0.1250000000
99170  6.033  16.092  66.890 0.1250000000
98299  7.160  15.013  67.578 0.1250000000
99152  6.655  15.523  67.247 0.1250000000
99151  7.678  15.391  67.066 0.1250000000
99169  7.128  16.098  66.645 0.1250000000
99168  7.952  15.862  66.496 0.1250000000
99961  7.163  16.682  66.235 0.1250000000
149837  8.524  15.405  66.708 0.1250000000
99184  8.596  15.931  65.963 0.1250000000
99167  9.299  15.242  66.347 0.1250000000
99960  7.812  16.416  66.149 0.1250000000
99981  8.282  16.720  65.547 0.1250000000
99183  9.435  15.600  65.468 0.1250000000
101618  4.778  18.097  74.000 0.1250000000
100758  5.356  17.714  73.254 0.1250000000
100766  6.225  17.992  71.785 0.1250000000
100803  3.256  17.017  68.080 0.2500000000
100795  4.957  16.883  69.106 0.2500000000
100794  5.851  17.364  69.589 0.2500000000
100787  6.519  18.012  70.534 0.1250000000
101637  7.151  18.593  71.029 0.1250000000
99966  2.429  16.284  66.990 0.1250000000
100817  2.642  16.884  67.497 0.2500000000
99172  3.687  15.750  66.738 0.1250000000
99965  3.031  16.369  66.583 0.1250000000
99963  5.406  16.604  66.512 0.1250000000
99962  6.432  16.651  66.438 0.1250000000
101720  6.748  18.305  65.455 0.1250000000
100833  6.782  17.162  66.044 0.1250000000
100856  7.191  17.646  65.645 0.1250000000
100855  8.052  17.590  65.314 0.1250000000
131081  7.560  17.026  65.816 0.1250000000
100877  8.075  18.398  64.951 0.1250000000
101608  5.041  18.921  74.279 0.1250000000
101617  5.567  18.595  73.474 0.1250000000
102452  5.722  19.471  73.696 0.1250000000
101625  5.979  18.288  72.639 0.1250000000
101616  6.267  19.180  72.869 0.1250000000
101624  6.870  18.929  72.038 0.1250000000
100793  6.222  17.260  70.100 0.2500000000
132102  2.628  17.262  66.596 0.1250000000
154351  2.495  17.459  67.138 0.1250000000
101680  3.053  17.707  67.601 0.2500000000
100801  4.977  17.736  68.753 0.2500000000
101661  6.158  18.263  69.393 0.2500000000
139095  6.692  18.118  70.112 0.1250000000
100835  4.792  17.204  66.200 0.1250000000
100836  3.507  17.177  66.236 0.1250000000
148297  6.729  18.985  65.162 0.1250000000
100858  5.398  17.775  65.880 0.1250000000
102542  7.180  19.464  64.768 0.1250000000
148377  7.533  18.141  65.315 0.1250000000
100857  6.341  17.699  65.805 0.1250000000
101733  7.402  18.752  65.085 0.1250000000
102550  8.400  19.377  63.921 0.1250000000
101732  7.933  19.118  64.559 0.1250000000
149812  8.543  18.659  64.246 0.1250000000
103941  6.129  21.579  72.476 0.1250000000
103208  6.065  20.936  73.200 0.1250000000
103958  6.425  21.520  71.594 0.1250000000
103220  6.687  20.571  72.298 0.1250000000
102451  6.330  20.039  73.084 0.1250000000
131317  6.932  20.669  71.440 0.1250000000
102459  7.029  19.600  72.218 0.1250000000
102468  8.296  19.384  70.674 0.1250000000
103233  7.505  19.861  71.490 0.1250000000
102482  8.703  19.174  69.987 0.1250000000
101636  8.652  18.883  70.231 0.1250000000
102469  7.748  19.306  71.228 0.1250000000
101677  6.657  18.872  69.024 0.2500000000
101646  8.260  18.361  70.130 0.1250000000
100837  2.454  18.104  66.171 0.1250000000
101699  2.536  18.160  67.081 0.1250000000
101698  3.087  18.516  67.444 0.2500000000
102506  5.492  19.553  68.581 0.2500000000
101660  7.949  18.547  69.644 0.2500000000
101722  5.133  18.435  65.573 0.1250000000
100859  4.134  17.955  65.846 0.1250000000
101721  6.000  18.783  65.365 0.1250000000
103296  8.267  20.099  63.712 0.1250000000
102541  7.732  19.835  64.214 0.1250000000
104662  6.085  22.167  71.932 0.1250000000
103967  6.629  21.123  70.816 0.1250000000
103972  6.284  21.705  70.042 0.1250000000
147577  6.652  20.743  70.235 0.1250000000
102505  6.371  19.920  69.276 0.1250000000
137708  5.556  20.317  68.469 0.1250000000
101723  3.232  18.461  65.664 0.1250000000
102534  2.497  19.308  65.833 0.1250000000
102523  2.427  19.195  66.247 0.1250000000
103267  3.269  19.906  67.181 0.2500000000
103259  4.979  20.110  67.912 0.1250000000
102532  4.034  19.579  65.219 0.1250000000
102533  3.020  19.185  65.492 0.1250000000
103278  2.654  20.211  65.660 0.1250000000
148881  2.466  19.815  65.974 0.1250000000
102522  2.663  19.956  66.457 0.1250000000
102531  5.094  19.174  65.234 0.1250000000
104670  5.711  22.854  71.785 0.1250000000
104669  6.113  22.323  71.267 0.1250000000
104674  6.366  21.885  70.813 0.1250000000
103250  6.274  20.883  69.587 0.1250000000
103251  5.849  20.930  68.732 0.1250000000
154462  2.681  21.078  65.715 0.1250000000
132094  2.816  20.771  66.221 0.1250000000
143690  4.196  19.849  67.594 0.1250000000
103266  4.203  20.702  67.359 0.1250000000
103286  4.040  20.367  64.951 0.1250000000
103287  3.201  20.771  64.996 0.1250000000
103288  2.767  20.917  65.287 0.1250000000
103272  2.621  20.489  65.857 0.1250000000
104013  3.906  21.139  64.684 0.1250000000
105394  5.103  23.522  72.061 0.1250000000
135606  5.156  23.486  71.150 0.1250000000
148477  5.716  22.845  71.016 0.1250000000
105401  5.474  23.090  70.338 0.1250000000
104680  5.723  22.535  69.495 0.1250000000
104675  6.023  22.420  70.474 0.1250000000
103973  5.920  21.724  69.091 0.1250000000
103984  4.880  21.434  67.687 0.1250000000
105458  2.620  23.168  64.345 0.1250000000
104712  2.592  22.245  64.903 0.1250000000
103992  3.022  21.583  66.113 0.1250000000
134779  2.716  22.181  64.689 0.1250000000
103986  3.485  21.078  66.689 0.1250000000
108367  6.775  27.646  79.424 0.1250000000
107581  5.992  26.411  80.086 0.1250000000
108366  7.604  27.995  79.272 0.1250000000
108368  5.782  27.465  79.017 0.1250000000
141783  4.145  26.348  78.242 0.1250000000
140035  4.656  24.161  70.883 0.1250000000
105408  5.134  23.449  69.550 0.1250000000
106156  4.292  24.403  67.207 0.1250000000
105417  5.107  23.100  68.581 0.1250000000
105434  3.205  23.206  65.878 0.1250000000
104702  3.563  22.508  66.453 0.1250000000
104686  4.609  23.115  67.709 0.1250000000
104685  5.534  22.269  68.654 0.1250000000
105444  2.586  23.078  64.991 0.1250000000
132922  4.275  22.619  67.207 0.1250000000
104693  4.952  22.269  67.846 0.1250000000
104703  2.810  22.343  65.521 0.1250000000
103985  4.107  21.744  67.039 0.1250000000
109185  4.073  27.785  77.510 0.1250000000
107590  2.992  27.023  77.184 0.1250000000
107594  2.567  27.393  76.326 0.1250000000
107589  3.663  26.989  77.853 0.1250000000
106871  4.081  25.559  71.424 0.1250000000
106881  4.480  25.405  70.578 0.1250000000
106123  4.342  24.798  71.099 0.1250000000
106880  4.922  25.825  70.170 0.1250000000
106892  4.673  25.270  69.790 0.1250000000
106891  5.079  25.586  69.400 0.1250000000
106904  4.689  25.134  68.937 0.1250000000
106186  3.407  24.584  65.137 0.1250000000
106172  3.689  23.870  66.269 0.1250000000
108396  2.655  27.167  74.379 0.1250000000
107604  2.614  26.867  74.917 0.1250000000
139999  2.978  26.773  73.648 0.1250000000
107627  4.236  26.353  71.658 0.1250000000
107639  4.570  26.100  70.886 0.1250000000
107652  5.588  26.182  69.790 0.1250000000
107668  5.761  25.947  68.953 0.1250000000
106946  6.235  25.914  65.208 0.1250000000
106934  6.177  25.772  66.192 0.1250000000
106935  5.248  25.304  66.573 0.1250000000
106919  5.130  25.325  67.558 0.1250000000
106903  5.080  25.424  68.521 0.1250000000
106962  5.254  25.558  64.534 0.1250000000
106920  4.522  25.029  67.993 0.1250000000
135244  4.108  25.124  64.922 0.1250000000
106936  4.487  24.832  66.931 0.1250000000
108395  2.857  27.618  73.874 0.1250000000
109229  3.514  28.069  73.296 0.1250000000
108405  4.102  27.537  72.604 0.1250000000
108417  4.607  27.129  72.000 0.1250000000
108416  5.373  27.640  71.610 0.1250000000
107626  5.003  26.794  71.315 0.1250000000
108430  6.599  27.739  70.355 0.1250000000
107638  5.318  26.482  70.546 0.1250000000
107691  6.908  26.218  66.732 0.1250000000
107681  6.786  26.226  67.601 0.1250000000
107651  6.382  26.595  69.371 0.1250000000
107702  6.964  26.380  65.848 0.1250000000
106918  6.123  25.670  67.124 0.1250000000
106902  5.977  25.755  68.027 0.1250000000
106972  4.969  25.742  63.526 0.1250000000
109222  2.494  28.218  74.681 0.1250000000
109228  4.302  28.424  72.715 0.1250000000
108404  4.898  27.967  72.204 0.1250000000
109237  6.147  28.239  71.206 0.1250000000
109246  7.025  28.326  70.015 0.1250000000
107666  7.366  26.781  68.059 0.1250000000
107650  7.173  27.102  68.973 0.1250000000
109255  7.396  28.491  69.459 0.1250000000
150702  7.937  27.163  66.904 0.1250000000
108464  7.849  27.280  67.618 0.1250000000
108454  8.119  28.010  68.078 0.1250000000
109265  7.810  28.666  68.729 0.1250000000
107713  7.007  26.601  64.950 0.1250000000
107701  7.672  26.991  65.580 0.1250000000
108486  7.946  27.710  65.385 0.1250000000
108463  8.183  27.758  67.144 0.1250000000
109271  8.265  28.511  67.419 0.1250000000
106961  6.177  26.216  64.131 0.1250000000
107712  7.479  27.331  64.816 0.1250000000
109286  7.596  27.986  64.676 0.1250000000
110042  2.258  29.948  74.740 0.1250000000
109220  3.624  29.029  73.346 0.1250000000
110780  5.168  29.936  71.997 0.1250000000
110056  4.535  29.363  72.575 0.1250000000
110055  5.424  29.151  71.991 0.1250000000
110066  5.845  29.570  71.479 0.1250000000
109238  5.523  28.444  71.820 0.1250000000
109247  6.740  28.646  70.565 0.1250000000
110071  7.124  29.008  69.976 0.1250000000
110088  7.845  29.493  68.314 0.1250000000
108485  8.234  28.141  65.893 0.1250000000
110100  8.232  29.046  66.963 0.1250000000
110095  7.873  29.707  67.416 0.1250000000
109281  7.821  28.508  65.278 0.1250000000
109278  8.100  28.827  66.149 0.1250000000
108497  7.159  28.216  64.070 0.1250000000
152889  7.388  28.524  64.572 0.1250000000
110101  7.748  29.615  66.541 0.1250000000
109287  6.916  28.863  64.114 0.1250000000
110108  7.525  29.372  65.670 0.1250000000
110840  7.059  30.161  66.066 0.1250000000
110117  5.512  29.925  63.964 0.1250000000
110116  6.407  29.575  64.414 0.1250000000
110109  6.700  29.871  65.241 0.1250000000
110127  4.722  29.863  63.063 0.1250000000
110763  1.979  30.843  74.995 0.1250000000
110771  1.972  31.038  74.929 0.1250000000
110027  2.132  30.336  75.042 0.1250000000
138055  1.978  30.638  74.985 0.1250000000
110770  2.430  30.514  74.243 0.1250000000
110041  2.810  29.612  73.943 0.1250000000
110057  3.521  29.946  73.304 0.1250000000
110781  4.246  30.361  72.553 0.1250000000
110794  4.857  30.801  71.842 0.1250000000
110793  5.656  30.396  71.355 0.1250000000
110792  6.354  29.976  70.928 0.1250000000
110800  6.814  30.340  70.169 0.1250000000
110803  7.219  30.103  69.570 0.1250000000
110078  7.461  29.396  69.291 0.1250000000
110809  7.383  30.184  68.898 0.1250000000
110818  7.401  30.324  68.008 0.1250000000
110828  7.193  30.457  66.997 0.1250000000
110853  5.605  30.349  64.767 0.1250000000
110854  4.534  30.532  63.938 0.1250000000
111455  2.123  31.662  74.785 0.1250000000
112149  2.327  32.166  73.967 0.1250000000
111454  2.353  31.378  74.122 0.1250000000
110782  3.242  30.867  73.248 0.1250000000
111463  3.955  31.261  72.414 0.1250000000
111475  4.496  31.686  71.635 0.1250000000
111474  5.354  31.260  71.158 0.1250000000
111485  5.641  31.623  70.377 0.1250000000
110801  6.093  30.822  70.664 0.1250000000
110819  6.660  30.970  67.766 0.1250000000
110829  6.294  31.136  66.949 0.1250000000
152997  6.508  30.716  66.375 0.1250000000
110841  6.167  30.565  65.664 0.1250000000
111545  4.083  31.326  62.835 0.1250000000
112143  2.156  32.013  74.841 0.1250000000
112150  2.257  32.395  74.583 0.1250000000
112160  2.388  32.956  73.713 0.1250000000
112158  3.714  32.163  72.226 0.1250000000
111464  3.091  31.769  73.154 0.1250000000
145866  2.907  32.629  72.960 0.1250000000
111486  4.854  32.065  70.878 0.1250000000
111493  5.750  31.789  69.572 0.1250000000
111501  5.327  31.944  68.221 0.1250000000
152285  5.742  31.768  68.882 0.1250000000
111512  4.947  31.989  67.362 0.1250000000
111500  6.159  31.414  68.392 0.1250000000
112190  4.674  32.124  66.559 0.1250000000
111522  5.455  31.542  66.895 0.1250000000
111511  5.779  31.506  67.613 0.1250000000
112191  4.433  32.456  65.682 0.1250000000
111523  4.811  31.752  66.336 0.1250000000
111524  4.277  31.842  65.542 0.1250000000
111531  4.582  31.369  65.474 0.1250000000
110843  4.374  30.917  64.750 0.1250000000
110855  3.768  31.050  64.049 0.1250000000
110864  4.191  30.709  63.159 0.1250000000
111541  3.810  31.360  63.359 0.1250000000
112199  3.782  31.980  63.143 0.1250000000
131678  5.632  31.572  62.354 0.1250000000
143697  2.366  32.743  74.937 0.1250000000
112797  2.484  33.829  73.305 0.1250000000
112807  2.718  34.141  72.132 0.1250000000
112159  2.823  33.441  72.620 0.1250000000
112171  3.544  33.019  71.977 0.1250000000
112806  3.153  33.689  71.557 0.1250000000
112809  3.491  33.659  70.080 0.1250000000
112178  3.725  33.229  70.910 0.1250000000
156195  4.318  32.655  70.623 0.1250000000
113402  4.259  34.711  68.879 0.1250000000
112812  3.647  34.126  69.493 0.1250000000
112177  3.997  32.994  69.991 0.1250000000
113407  4.831  34.072  68.164 0.1250000000
112814  4.225  33.586  68.826 0.1250000000
112185  4.537  32.875  68.652 0.1250000000
112180  5.087  32.353  68.979 0.1250000000
113409  5.478  34.603  67.283 0.1250000000
112817  4.617  33.135  68.155 0.1250000000
112184  4.872  32.482  68.154 0.1250000000
112816  4.970  33.432  67.530 0.1250000000
112819  4.824  32.780  66.737 0.1250000000
112193  3.685  32.193  64.726 0.1250000000
111532  3.882  31.445  64.779 0.1250000000
111537  3.530  31.710  64.102 0.1250000000
112195  3.377  32.471  63.994 0.1250000000
111538  3.550  32.031  63.632 0.1250000000
112198  4.038  32.711  63.114 0.1250000000
112203  6.209  32.384  62.575 0.1250000000
112204  4.692  31.929  62.767 0.1250000000
112202  7.403  32.380  62.278 0.1250000000
113994  3.141  35.434  70.403 0.1250000000
113397  2.841  34.324  71.147 0.1250000000
113400  3.169  34.469  70.320 0.1250000000
151419  3.207  33.855  70.746 0.1250000000
113403  3.562  35.000  69.718 0.1250000000
113405  4.981  34.974  68.139 0.1250000000
149917  3.446  32.930  64.237 0.1250000000
112830  4.486  33.551  63.132 0.1250000000
112836  6.338  33.291  62.802 0.1250000000
150535  5.581  33.617  63.000 0.1250000000
112829  5.294  34.234  62.954 0.1250000000
140738  7.098  32.994  62.576 0.1250000000
113420  3.853  34.435  62.939 0.1250000000
112835  7.254  33.828  62.567 0.1250000000
113426  5.975  34.665  62.678 0.1250000000
95244  58.745  12.250  42.396 0.2500000000
113991  2.739  35.054  70.908 0.1250000000
114660  2.620  36.213  71.721 0.1250000000
130899  28.742  -23.479  75.433 0.2500000000
144743  10.111  -3.774  64.619 0.3750000000
90160  55.986  5.567  50.550 0.2500000000
93084  8.424  7.966  65.546 0.2500000000
136254  58.323  11.806  42.955 0.1250000000
97401  15.170  13.881  76.057 0.2500000000
94078  4.061  9.790  71.168 0.3750000000
95046  2.124  10.740  70.862 0.3750000000
95863  1.532  11.466  70.610 0.3750000000
105395  4.561  24.149  71.591 0.1250000000
107585  5.394  26.810  79.289 0.1250000000
150048  2.862  26.657  76.422 0.1250000000
107598  2.698  26.705  75.672 0.1250000000
140407  57.963  10.962  49.568 0.1250000000
60802  28.212  -23.540  74.681 0.2500000000
145463  58.657  11.929  46.620 0.1250000000
66825  35.520  -18.052  72.506 0.1250000000
66826  35.189  -17.864  71.566 0.1250000000
65848  35.035  -18.724  71.190 0.1250000000
81432  52.176  -3.126  50.399 0.1250000000
154084  29.312  -23.502  73.806 0.2500000000
154951  31.392  -23.834  74.078 0.1250000000
152389  33.107  -25.146  72.252 0.1250000000
58516  33.934  -24.930  73.071 0.1250000000
58530  34.018  -25.349  72.216 0.1250000000
141985  52.026  -4.681  58.261 0.2500000000
59682  29.552  -23.457  72.396 0.1250000000
60832  27.371  -23.511  72.162 0.1250000000
59680  31.518  -24.174  72.603 0.1250000000
58534  31.576  -24.208  71.625 0.1250000000
59696  28.744  -23.487  71.080 0.1250000000
59695  29.915  -23.627  70.674 0.1250000000
58564  31.338  -24.386  69.941 0.1250000000
58566  29.447  -23.660  69.651 0.1250000000
57440  32.907  -25.388  70.957 0.1250000000
58574  30.921  -24.509  69.375 0.1250000000
134395  29.607  -24.223  68.484 0.1250000000
57453  33.090  -25.517  70.237 0.1250000000
57438  33.815  -25.759  70.642 0.1250000000
57466  32.034  -25.184  69.244 0.1250000000
57478  31.170  -25.006  68.871 0.1250000000
57465  33.360  -25.547  69.520 0.1250000000
60816  28.539  -23.434  73.825 0.1250000000
60815  28.977  -23.412  73.036 0.1250000000
60849  26.877  -23.629  71.644 0.1250000000
59683  28.536  -23.394  72.045 0.1250000000
59698  27.028  -23.663  71.158 0.1250000000
59722  27.899  -23.508  69.549 0.1250000000
59711  27.392  -23.581  70.549 0.1250000000
59739  25.880  -23.150  69.064 0.1250000000
58546  34.961  -25.260  71.117 0.1250000000
58562  34.324  -25.640  70.370 0.1250000000
59721  37.240  -25.007  69.363 0.1250000000
62914  36.876  -21.926  71.073 0.1250000000
62915  36.601  -21.625  70.529 0.1250000000
150376  50.585  -4.748  58.698 0.2500000000
86334  47.870  0.980  50.727 0.1250000000
81421  51.059  -4.076  51.453 0.1250000000
91187  52.509  6.948  46.296 0.1250000000
90179  55.470  5.674  48.082 0.1250000000
90214  54.102  5.679  46.361 0.1250000000
91184  55.159  6.909  46.848 0.1250000000
92258  53.946  7.692  46.508 0.1250000000
91165  55.947  7.290  47.631 0.1250000000
93246  54.407  8.627  46.855 0.1250000000
94255  54.894  9.608  47.317 0.1250000000
95044  4.601  9.684  70.726 0.3750000000
94241  55.451  10.870  48.082 0.1250000000
94124  9.380  9.100  65.907 0.1250000000
96029  55.603  12.515  47.300 0.1250000000
97456  1.912  12.473  70.455 0.3750000000
96685  1.244  11.863  70.043 0.3750000000
95077  9.590  10.314  66.872 0.1250000000
94293  57.568  10.929  43.317 0.1250000000
96695  3.434  12.303  69.155 0.2500000000
96026  58.241  12.283  47.188 0.1250000000
96049  57.393  12.109  45.294 0.1250000000
95227  56.733  11.056  44.595 0.1250000000
98272  2.401  14.112  68.735 0.2500000000
98253  4.958  14.919  70.820 0.2500000000
99118  4.615  15.158  70.055 0.2500000000
98273  2.289  13.845  68.300 0.2500000000
98286  4.489  14.097  67.954 0.1250000000
99946  3.854  16.417  68.660 0.2500000000
99138  3.027  15.805  68.449 0.2500000000
100779  6.309  17.671  71.101 0.1250000000
99171  4.875  15.946  66.845 0.1250000000
101679  4.092  18.401  68.015 0.2500000000
101678  5.302  18.708  68.647 0.2500000000
100818  2.468  17.746  66.741 0.1250000000
99964  4.199  16.480  66.461 0.1250000000
100834  5.892  17.199  66.181 0.1250000000
143254  5.948  18.186  65.626 0.1250000000
102507  4.663  19.310  67.997 0.2500000000
102495  8.242  19.057  69.551 0.1250000000
103242  7.607  20.133  70.641 0.1250000000
132465  7.595  20.095  69.753 0.1250000000
101710  2.342  18.680  66.018 0.1250000000
102515  2.675  19.090  67.013 0.2500000000
138124  4.075  18.778  65.446 0.1250000000
154821  3.198  20.471  66.777 0.2500000000
103277  3.074  20.105  65.315 0.1250000000
103979  5.497  21.603  68.302 0.1250000000
130213  2.656  21.568  65.327 0.1250000000
104014  2.879  21.416  64.865 0.1250000000
103999  2.592  21.545  65.058 0.1250000000
105402  4.904  23.803  70.315 0.1250000000
105409  4.752  24.170  69.694 0.1250000000
108369  4.616  27.092  78.520 0.1250000000
106130  4.592  24.650  70.250 0.1250000000
138912  4.738  24.080  68.945 0.1250000000
106138  4.596  24.777  69.350 0.1250000000
105418  4.497  23.944  67.982 0.1250000000
105425  4.012  23.434  66.921 0.1250000000
106171  3.897  24.357  66.112 0.1250000000
106147  4.525  24.739  68.419 0.1250000000
106187  3.044  23.877  65.289 0.1250000000
108375  3.400  27.494  77.372 0.1250000000
108379  2.812  27.794  76.847 0.1250000000
106948  4.379  24.900  65.910 0.1250000000
107637  6.157  26.869  70.162 0.1250000000
107667  6.615  26.379  68.500 0.1250000000
106947  5.284  25.407  65.590 0.1250000000
109221  2.735  28.792  74.154 0.1250000000
109227  5.018  28.675  72.278 0.1250000000
108431  5.785  27.260  70.900 0.1250000000
108429  7.151  27.770  69.610 0.1250000000
107680  7.490  26.696  67.218 0.1250000000
134954  2.304  29.308  74.847 0.1250000000
137878  7.654  27.404  68.341 0.1250000000
108455  7.616  27.877  68.907 0.1250000000
110842  5.227  30.879  65.397 0.1250000000
111445  2.015  31.283  75.012 0.1250000000
111484  6.406  31.200  69.933 0.1250000000
111492  6.391  31.335  69.162 0.1250000000
110830  5.588  31.189  66.157 0.1250000000
112786  2.369  33.360  74.421 0.1250000000
112170  4.142  32.502  71.377 0.1250000000
112176  4.903  32.396  69.978 0.1250000000
112181  4.322  32.890  69.267 0.1250000000
112188  4.806  32.574  67.492 0.1250000000
112811  3.870  33.448  69.487 0.1250000000
57314  3.655  -27.174  81.954 0.1250000000
144866  2.307  -27.272  80.851 0.1250000000
142895  1.897  -26.136  80.241 0.1250000000
57346  1.439  -26.731  79.088 0.1250000000
142122  1.648  -25.918  79.180 0.1250000000
58425  4.681  -26.301  82.313 0.1250000000
57315  2.900  -27.193  81.354 0.1250000000
58459  1.627  -25.490  78.551 0.1250000000
58468  2.034  -24.996  77.484 0.1250000000
58511  4.006  -25.622  75.277 0.1250000000
59645  3.766  -24.709  75.546 0.1250000000
58426  3.929  -26.428  81.933 0.1250000000
60795  2.926  -23.190  75.425 0.1250000000
156794  3.474  -23.929  75.768 0.1250000000
59663  4.219  -24.650  74.714 0.1250000000
59675  3.873  -23.790  73.862 0.1250000000
60839  4.040  -23.606  72.020 0.1250000000
59687  4.100  -23.726  72.956 0.1250000000
59702  4.988  -23.982  71.776 0.1250000000
58539  5.531  -25.016  72.330 0.1250000000
60892  4.130  -23.434  68.155 0.1250000000
61898  2.240  -22.746  76.045 0.1250000000
135489  3.008  -23.285  73.827 0.1250000000
60809  2.296  -22.983  74.315 0.1250000000
60824  3.006  -23.223  72.939 0.1250000000
60841  2.447  -22.807  72.015 0.1250000000
60840  3.277  -23.286  72.211 0.1250000000
60856  2.955  -22.790  71.329 0.1250000000
154640  2.567  -22.945  70.988 0.1250000000
60884  2.664  -22.504  69.818 0.1250000000
60883  3.208  -22.833  69.621 0.1250000000
61940  2.638  -22.287  69.274 0.1250000000
147108  3.607  -23.059  68.906 0.1250000000
60882  4.097  -23.352  69.428 0.1250000000
61941  2.559  -22.083  69.263 0.1250000000
60894  3.003  -22.524  69.019 0.1250000000
60893  3.440  -22.521  68.245 0.1250000000
61947  2.691  -22.089  68.809 0.1250000000
63926  3.362  -21.149  66.946 0.1250000000
62949  3.478  -21.737  66.055 0.1250000000
63911  3.506  -20.764  67.369 0.1250000000
61907  1.982  -22.732  75.060 0.1250000000
60842  1.344  -22.742  72.802 0.1250000000
60825  2.105  -22.978  73.305 0.1250000000
135785  1.753  -22.585  72.251 0.1250000000
61927  1.875  -22.322  71.610 0.1250000000
60871  3.052  -22.756  70.496 0.1250000000
60885  2.593  -22.415  70.115 0.1250000000
60872  2.485  -22.471  70.603 0.1250000000
63884  2.523  -20.739  69.705 0.1250000000
155342  2.318  -21.193  70.200 0.1250000000
63898  2.555  -20.981  69.036 0.1250000000
62930  2.609  -21.530  68.796 0.1250000000
61954  2.936  -21.797  68.277 0.1250000000
60910  3.456  -22.492  67.188 0.1250000000
64920  2.900  -19.946  69.976 0.1250000000
64921  2.775  -20.354  69.275 0.1250000000
62939  2.735  -21.445  68.448 0.1250000000
133192  3.023  -21.442  68.018 0.1250000000
63897  2.693  -20.910  68.535 0.1250000000
63912  2.822  -21.098  68.088 0.1250000000
63927  3.097  -21.198  67.696 0.1250000000
150587  3.525  -20.076  68.852 0.1250000000
137827  3.024  -20.701  68.016 0.1250000000
134668  3.700  -20.424  68.097 0.1250000000
63925  3.874  -20.781  66.467 0.1250000000
150249  4.775  -20.669  66.343 0.1250000000
60859  1.182  -22.381  72.355 0.1250000000
61921  0.929  -22.265  72.539 0.1250000000
61934  2.138  -22.017  70.781 0.1250000000
144394  0.995  -21.902  72.122 0.1250000000
62916  1.928  -21.293  70.983 0.1250000000
64905  2.527  -20.146  71.040 0.1250000000
130483  2.804  -19.849  70.739 0.1250000000
63883  3.118  -19.971  69.326 0.1250000000
63882  3.955  -19.945  69.560 0.1250000000
63895  4.405  -20.243  68.801 0.1250000000
131668  4.893  -20.595  68.062 0.1250000000
138398  5.376  -20.463  68.828 0.1250000000
63894  6.012  -20.489  68.280 0.1250000000
131720  5.668  -20.524  67.146 0.1250000000
63909  6.654  -20.524  67.749 0.1250000000
63924  5.564  -20.668  66.229 0.1250000000
64883  2.131  -20.118  71.799 0.1250000000
64882  2.610  -19.772  71.491 0.1250000000
64881  3.049  -19.522  71.271 0.1250000000
64903  3.143  -19.655  70.557 0.1250000000
64880  3.826  -19.563  71.170 0.1250000000
63858  4.772  -19.960  71.088 0.1250000000
63870  4.677  -20.133  70.277 0.1250000000
63881  5.183  -20.356  69.648 0.1250000000
63868  6.315  -20.344  70.840 0.1250000000
63880  6.285  -20.525  69.312 0.1250000000
63893  7.052  -20.571  68.577 0.1250000000
156526  4.443  -19.482  71.714 0.1250000000
63869  5.465  -20.290  70.573 0.1250000000
139037  6.833  -20.460  70.203 0.1250000000
64832  5.357  -19.879  72.895 0.1250000000
144387  5.507  -19.792  73.781 0.1250000000
63857  5.747  -20.179  71.425 0.1250000000
63848  6.026  -20.203  72.346 0.1250000000
63856  6.611  -20.292  71.691 0.1250000000
63847  6.932  -20.270  72.598 0.1250000000
81337  48.607  -2.728  58.775 0.1250000000
80336  46.302  -3.932  57.948 0.1250000000
81363  48.202  -2.894  58.500 0.1250000000
140066  49.112  -3.592  58.606 0.1250000000
80334  48.222  -3.921  58.231 0.1250000000
81364  47.272  -3.265  57.930 0.1250000000
78191  47.923  -6.205  58.094 0.1250000000
79267  48.355  -5.405  58.294 0.1250000000
79268  47.293  -5.470  58.281 0.1250000000
79269  46.298  -5.405  58.482 0.1250000000
79288  48.680  -6.020  57.958 0.1250000000
148501  49.832  -3.442  58.881 0.1250000000
80333  49.891  -4.607  58.719 0.1250000000
130106  49.160  -4.894  58.529 0.1250000000
148703  49.682  -5.182  58.399 0.1250000000
63908  7.638  -20.537  67.727 0.1250000000
79265  49.849  -5.421  58.012 0.1250000000
60808  3.573  -23.656  74.826 0.1250000000
59662  4.615  -24.672  73.731 0.1250000000
60858  1.711  -22.345  71.821 0.1250000000
60870  3.959  -23.201  70.200 0.1250000000
80335  47.137  -3.937  57.843 0.1250000000
68984  11.867  -15.408  66.679 0.1250000000
141494  11.848  -14.626  65.403 0.1250000000
69003  11.910  -15.048  66.082 0.1250000000
68965  12.153  -15.910  67.080 0.1250000000
67887  11.839  -16.016  67.766 0.1250000000
67886  12.210  -16.465  67.380 0.1250000000
78162  12.472  -6.821  62.995 0.2500000000
78169  12.611  -6.167  61.765 0.1250000000
79209  12.349  -5.930  63.386 0.2500000000
147117  12.463  -5.229  62.789 0.2500000000
80269  12.362  -4.485  62.198 0.2500000000
80270  11.696  -3.906  62.803 0.2500000000
80255  11.513  -4.339  63.532 0.2500000000
80254  12.001  -5.124  63.572 0.2500000000
84194  11.390  -0.398  62.383 0.1250000000
86195  12.137  1.336  62.174 0.1250000000
86196  12.020  1.887  62.901 0.1250000000
88220  10.728  3.655  63.748 0.1250000000
152622  53.930  3.275  50.488 0.1250000000
88319  54.285  3.659  49.778 0.1250000000
88329  54.367  3.844  48.730 0.1250000000
89253  55.505  5.039  49.665 0.1250000000
138722  60.280  6.779  39.663 0.1250000000
93325  60.351  9.085  39.839 0.1250000000
93332  60.503  8.416  38.908 0.1250000000
134588  60.480  9.304  39.069 0.1250000000
93339  60.570  9.007  38.195 0.1250000000
94311  60.202  10.149  40.416 0.1250000000
94310  60.337  10.303  39.625 0.1250000000
95256  60.362  10.833  38.960 0.1250000000
95266  60.456  10.759  38.065 0.1250000000
96065  59.420  12.025  41.008 0.1250000000
95243  58.993  12.270  41.694 0.1250000000
96072  59.738  11.616  39.438 0.1250000000
95252  58.970  11.930  40.641 0.1250000000
96088  60.247  11.300  37.713 0.1250000000
96071  60.154  11.341  38.726 0.1250000000
138573  58.476  11.069  39.131 0.1250000000
96068  59.353  11.871  40.122 0.1250000000
96073  59.329  11.602  39.087 0.1250000000
95267  58.691  11.310  38.210 0.1250000000
96089  59.983  11.490  37.304 0.1250000000
96082  59.486  11.644  37.857 0.1250000000
94324  57.808  10.561  38.388 0.1250000000
95275  58.892  11.544  37.144 0.1250000000
95290  58.236  11.353  36.352 0.1250000000
95289  59.322  11.546  35.950 0.1250000000
96099  58.765  11.796  35.275 0.1250000000
97373  16.002  14.280  79.752 0.1250000000
99023  17.526  15.440  79.493 0.1250000000
98175  16.607  15.122  79.286 0.1250000000
99028  18.066  15.937  79.136 0.1250000000
148762  18.197  15.406  79.374 0.1250000000
137389  19.133  15.592  78.167 0.1250000000
98182  15.820  14.407  77.643 0.1250000000
99029  17.203  15.813  78.925 0.1250000000
99032  18.696  16.281  78.578 0.1250000000
134296  19.086  17.057  78.277 0.1250000000
149661  19.252  16.353  78.091 0.1250000000
98190  15.647  14.478  76.591 0.1250000000
98189  16.343  15.191  77.195 0.1250000000
99034  17.183  16.058  78.096 0.1250000000
101602  18.502  19.152  75.217 0.1250000000
99042  16.742  15.973  76.743 0.1250000000
99857  17.834  17.553  77.752 0.1250000000
99858  16.867  16.743  76.606 0.1250000000
101589  19.088  19.361  77.433 0.1250000000
101578  18.468  19.231  77.709 0.1250000000
100713  18.596  18.401  77.938 0.1250000000
99033  18.284  16.860  78.375 0.1250000000
101601  19.097  19.352  76.519 0.1250000000
100712  19.174  18.472  77.574 0.1250000000
99849  19.158  17.737  77.896 0.1250000000
148774  16.498  16.807  75.633 0.1250000000
99050  16.342  16.020  75.509 0.1250000000
101579  18.178  20.323  77.563 0.1250000000
100725  17.717  18.374  77.406 0.1250000000
102418  18.354  20.875  77.291 0.1250000000
99061  15.266  15.451  74.265 0.1250000000
99879  15.980  16.608  74.885 0.1250000000
99060  15.718  15.931  74.689 0.1250000000
89248  54.892  4.179  50.312 0.1250000000
97374  15.196  13.727  79.108 0.1250000000
98176  15.877  14.374  78.706 0.1250000000
135707  15.465  17.272  74.598 0.1250000000
101590  17.496  19.187  77.044 0.1250000000
89254  54.894  4.361  49.357 0.1250000000
99051  15.701  15.283  75.078 0.1250000000
67896  12.628  -16.557  66.675 0.1250000000
79224  12.578  -6.030  62.507 0.1250000000
154439  12.108  -4.608  63.022 0.2500000000
130184  11.716  1.000  62.899 0.1250000000
94315  60.430  9.966  38.567 0.1250000000
138598  59.663  11.728  40.200 0.1250000000
95258  58.941  11.666  39.850 0.1250000000
95259  58.305  10.866  40.020 0.1250000000
94316  57.654  10.164  39.191 0.1250000000
96090  59.596  11.542  36.889 0.1250000000
95276  58.018  10.861  37.480 0.1250000000
98170  17.129  14.845  79.982 0.1250000000
98181  16.477  15.207  78.382 0.1250000000
99027  18.623  15.552  78.885 0.1250000000
99850  18.882  17.741  78.212 0.1250000000
98201  16.067  15.195  76.063 0.1250000000
99041  17.415  16.655  77.625 0.1250000000
100724  19.312  18.470  76.643 0.1250000000
99867  16.931  17.521  76.544 0.1250000000
100704  18.991  18.309  77.981 0.1250000000
102427  18.812  20.349  77.243 0.1250000000
99856  19.436  17.610  76.863 0.1250000000
60807  23.052  -23.168  75.139 0.1250000000
59658  22.504  -23.487  74.512 0.1250000000
144912  21.522  -24.084  74.833 0.1250000000
60823  21.798  -23.761  73.839 0.1250000000
59673  20.239  -24.603  73.623 0.1250000000
60822  22.772  -23.349  73.408 0.1250000000
59672  21.006  -24.046  73.230 0.1250000000
58519  19.573  -25.290  73.078 0.1250000000
60837  22.730  -23.454  72.428 0.1250000000
60838  21.934  -23.728  72.871 0.1250000000
59685  20.179  -24.522  72.671 0.1250000000
58535  19.510  -25.305  72.106 0.1250000000
58536  19.105  -25.950  72.533 0.1250000000
149213  23.386  -23.515  72.048 0.1250000000
60854  21.939  -23.513  71.959 0.1250000000
59684  20.992  -23.903  72.287 0.1250000000
57426  18.805  -26.589  72.482 0.1250000000
59619  22.380  -23.845  76.196 0.1250000000
59639  22.382  -23.680  75.419 0.1250000000
147092  20.731  -24.773  75.469 0.1250000000
59659  20.439  -24.673  74.563 0.1250000000
58503  19.658  -25.394  74.088 0.1250000000
58520  19.023  -26.125  73.435 0.1250000000
57415  18.519  -26.741  73.294 0.1250000000
56355  18.164  -27.065  73.240 0.1250000000
56356  17.862  -27.203  73.200 0.1250000000
56371  18.521  -27.004  72.450 0.1250000000
56372  18.257  -27.192  72.410 0.1250000000
57442  18.991  -26.809  71.793 0.1250000000
136129  22.369  -24.033  76.801 0.1250000000
59621  20.902  -24.904  76.297 0.1250000000
58465  13.088  -24.708  76.853 0.1250000000
59622  13.248  -24.820  75.983 0.1250000000
58486  19.843  -25.494  75.130 0.1250000000
58487  19.283  -26.126  75.223 0.1250000000
58477  14.144  -25.336  75.796 0.1250000000
58504  19.212  -26.082  74.484 0.1250000000
139753  18.744  -26.506  74.055 0.1250000000
57404  18.285  -26.902  74.219 0.1250000000
58489  14.517  -25.463  74.885 0.1250000000
56344  15.817  -26.250  73.838 0.1250000000
57406  15.244  -25.834  74.267 0.1250000000
55366  17.146  -27.125  72.766 0.1250000000
56357  16.263  -26.674  73.467 0.1250000000
56343  16.347  -26.709  74.263 0.1250000000
56311  18.295  -26.493  77.444 0.1250000000
58463  14.757  -25.544  77.885 0.1250000000
58464  13.888  -25.069  77.597 0.1250000000
57363  18.899  -26.498  76.876 0.1250000000
56316  18.209  -26.644  76.462 0.1250000000
57365  16.608  -26.456  77.538 0.1250000000
147987  15.948  -26.200  78.001 0.1250000000
57367  15.336  -25.834  77.160 0.1250000000
152840  14.666  -25.497  76.974 0.1250000000
57377  18.672  -26.622  76.053 0.1250000000
56317  17.592  -26.854  76.134 0.1250000000
56312  17.124  -26.652  76.731 0.1250000000
57379  15.866  -26.224  76.450 0.1250000000
57380  15.182  -25.865  76.380 0.1250000000
152244  13.983  -25.164  76.563 0.1250000000
57403  18.778  -26.521  74.830 0.1250000000
56328  18.053  -26.964  75.667 0.1250000000
56329  17.464  -27.139  75.383 0.1250000000
56318  16.995  -26.909  75.958 0.1250000000
56319  16.450  -26.575  75.786 0.1250000000
57391  15.755  -26.166  75.596 0.1250000000
58488  14.897  -25.781  75.716 0.1250000000
155348  14.597  -25.579  76.287 0.1250000000
56341  17.345  -27.336  74.565 0.1250000000
56342  16.807  -27.212  74.531 0.1250000000
56331  16.418  -26.626  75.021 0.1250000000
57392  15.278  -25.895  75.069 0.1250000000
55340  17.081  -27.404  74.086 0.1250000000
55341  16.734  -27.173  73.873 0.1250000000
57405  15.904  -26.178  74.698 0.1250000000
130741  17.822  -27.213  73.989 0.1250000000
55349  17.470  -27.307  73.770 0.1250000000
154454  17.714  -26.573  76.818 0.1250000000
75231  11.963  -9.519  61.577 0.1250000000
76265  12.402  -8.272  61.895 0.1250000000
75216  12.244  -8.952  62.205 0.1250000000
76244  12.337  -8.326  62.627 0.1250000000
77225  12.479  -7.305  62.376 0.1250000000
147668  12.534  -6.757  62.103 0.1250000000
76245  12.170  -8.224  63.459 0.1250000000
77218  12.410  -7.661  62.899 0.1250000000
92931  17.276  8.773  79.455 0.1250000000
91913  15.697  7.333  76.627 0.1250000000
92930  17.488  9.015  80.610 0.1250000000
93986  17.341  9.498  79.851 0.1250000000
135020  19.084  -26.484  77.630 0.1250000000
57390  18.419  -26.796  75.212 0.1250000000
57350  17.878  -26.491  78.677 0.1250000000
57364  17.417  -26.533  77.543 0.1250000000
57353  15.428  -25.887  77.975 0.1250000000
141954  20.961  -24.150  74.039 0.1250000000
59700  20.125  -24.443  71.682 0.1250000000
59640  21.616  -24.256  75.814 0.1250000000
56358  15.608  -26.352  72.948 0.1250000000
57416  15.095  -25.922  73.276 0.1250000000
55350  17.130  -27.231  73.486 0.1250000000
57378  16.504  -26.499  76.591 0.1250000000
57366  15.931  -26.210  77.268 0.1250000000
56340  17.893  -27.146  74.843 0.1250000000
56330  16.893  -27.134  75.221 0.1250000000
149272  12.448  -7.810  62.277 0.1250000000
55365  17.547  -27.200  73.072 0.1250000000
57310  7.003  -26.441  82.438 0.1250000000
57454  32.553  -25.148  70.276 0.1250000000
57467  31.345  -24.840  69.179 0.1250000000
58549  33.213  -25.410  71.563 0.1250000000
58550  31.581  -24.264  70.664 0.1250000000
59568  17.885  -24.971  83.975 0.5000000000
59652  35.026  -24.756  74.524 0.2500000000
59686  4.916  -24.317  72.724 0.1250000000
59691  37.167  -23.663  70.877 0.1250000000
59693  35.541  -24.727  71.802 0.1250000000
59709  29.237  -23.512  70.346 0.1250000000
59724  26.443  -23.324  69.384 0.1250000000
60679  13.415  -22.859  87.135 0.6250000000
60680  12.954  -22.969  87.171 0.6250000000
60737  31.724  -22.803  77.744 0.6250000000
60746  35.738  -22.800  77.166 0.5000000000
60747  34.857  -23.124  77.522 0.2500000000
60750  32.428  -23.015  77.743 0.5000000000
60770  33.354  -23.512  77.203 0.3750000000
60800  36.248  -23.391  74.417 0.2500000000
60826  1.129  -22.868  73.572 0.1250000000
60843  0.932  -22.501  73.023 0.2500000000
60857  2.330  -22.548  71.277 0.1250000000
60873  2.291  -22.398  71.140 0.1250000000
61806  12.984  -22.253  87.491 0.6250000000
61808  14.118  -22.742  86.653 0.6250000000
61854  35.071  -22.168  78.232 0.5000000000
61857  32.510  -22.426  77.885 0.6250000000
61881  1.393  -21.708  77.977 0.2500000000
61905  36.901  -21.901  74.197 0.2500000000
61928  1.292  -22.244  72.047 0.1250000000
61935  1.605  -21.742  71.513 0.1250000000
61948  2.664  -21.883  68.774 0.1250000000
62827  33.895  -22.084  77.884 0.7500000000
62866  36.577  -21.557  76.784 0.5000000000
62923  2.462  -21.532  69.521 0.1250000000
63725  12.840  -20.583  87.642 0.6250000000
63743  2.268  -20.201  82.388 0.6250000000
63757  35.735  -20.486  78.357 0.7500000000
63781  36.848  -20.093  76.208 0.5000000000
63783  33.447  -20.833  77.199 1.0000000000
63797  15.198  -20.605  75.983 0.8750000000
63815  15.623  -20.521  75.287 0.8750000000
63832  36.899  -20.825  74.020 0.3750000000
63849  0.903  -21.331  72.382 0.1250000000
63853  36.047  -20.726  71.569 0.1250000000
63859  1.426  -20.642  72.073 0.2500000000
63871  2.345  -20.656  70.543 0.1250000000
63896  3.032  -20.313  68.642 0.1250000000
63910  4.335  -20.588  67.177 0.1250000000
64702  13.732  -18.853  87.135 0.6250000000
64716  3.058  -19.076  83.336 0.7500000000
64720  9.013  -19.523  82.215 0.6250000000
64741  36.192  -19.846  78.119 0.7500000000
64766  37.301  -19.275  75.386 0.6250000000
64776  7.259  -19.050  75.290 0.5000000000
64781  2.005  -19.244  75.172 0.5000000000
64800  16.078  -19.618  74.129 0.8750000000
64835  2.002  -19.686  73.013 0.2500000000
64838  36.784  -20.440  73.810 0.3750000000
64854  16.941  -19.036  72.648 0.8750000000
64858  5.198  -19.755  71.971 0.1250000000
64859  3.717  -19.315  71.845 0.1250000000
64860  2.915  -19.450  71.980 0.1250000000
64876  17.556  -18.863  72.094 1.0000000000
64890  27.543  -19.379  70.436 1.0000000000
64902  3.909  -19.805  70.431 0.1250000000
64904  2.692  -20.176  70.170 0.1250000000
64908  35.088  -20.416  69.977 0.1250000000
64919  3.276  -19.810  69.942 0.1250000000
65715  12.020  -18.451  86.278 0.6250000000
65755  1.432  -18.295  81.437 0.7500000000
65770  36.591  -18.361  77.794 0.7500000000
65775  4.201  -17.772  77.637 0.6250000000
65779  0.565  -18.701  77.406 0.5000000000
65796  8.282  -17.846  75.188 0.5000000000
65808  37.378  -18.831  75.056 0.7500000000
65909  23.513  -18.466  66.018 1.0000000000
65910  22.357  -17.990  66.319 1.0000000000
65926  22.828  -17.477  65.821 1.0000000000
66737  4.275  -18.057  84.163 0.7500000000
66765  35.866  -17.535  78.395 0.8750000000
66785  37.421  -17.385  76.434 0.7500000000
66792  5.966  -17.750  77.308 0.6250000000
66860  29.052  -17.276  68.583 1.0000000000
66863  20.212  -17.061  68.370 1.0000000000
66900  25.044  -17.742  65.288 1.0000000000
66914  26.346  -17.087  64.859 1.0000000000
67739  11.487  -16.938  85.642 0.7500000000
67748  10.669  -16.723  84.848 0.7500000000
67755  3.429  -16.987  84.163 0.7500000000
67759  2.841  -17.077  83.840 0.7500000000
67776  1.634  -16.535  79.336 0.6250000000
67785  1.854  -16.553  78.954 0.6250000000
67824  36.930  -16.469  73.979 0.6250000000
67876  19.667  -16.771  69.036 1.0000000000
68745  3.848  -16.111  84.020 0.7500000000
68762  2.852  -16.099  83.372 0.7500000000
68788  2.401  -15.346  81.290 0.7500000000
68806  1.859  -15.640  80.078 0.7500000000
68818  2.483  -15.062  79.524 0.7500000000
68821  35.092  -15.625  78.512 0.8750000000
68833  3.189  -14.908  78.676 0.7500000000
68836  37.092  -16.257  76.987 0.7500000000
68850  36.748  -15.070  77.096 0.7500000000
68851  33.797  -15.106  77.072 1.0000000000
68900  6.839  -15.220  72.162 0.8750000000
68924  9.259  -15.763  70.779 1.0000000000
68926  5.338  -15.114  70.383 0.8750000000
68963  29.371  -15.061  67.461 0.8750000000
68987  5.447  -14.929  66.906 0.7500000000
68997  28.358  -15.351  65.394 1.0000000000
69012  27.376  -15.492  64.486 1.0000000000
69804  4.958  -14.850  84.147 0.7500000000
69838  3.439  -14.234  78.876 0.7500000000
69841  34.444  -14.732  78.132 0.8750000000
69847  19.631  -14.017  78.591 0.8750000000
69870  12.570  -14.358  77.753 0.8750000000
69884  4.514  -13.171  76.132 0.7500000000
69885  4.404  -13.128  76.820 0.7500000000
69886  37.072  -15.149  75.344 0.7500000000
69897  32.722  -15.046  74.878 1.0000000000
69903  5.563  -13.410  74.810 0.8750000000
69910  31.776  -14.255  73.045 1.0000000000
69915  6.381  -14.011  73.405 0.8750000000
69941  31.203  -13.890  71.131 1.0000000000
69969  3.961  -14.050  68.363 0.8750000000
69982  3.997  -14.249  67.800 0.8750000000
70014  28.756  -14.738  65.749 0.8750000000
70019  7.802  -14.452  65.451 0.7500000000
70023  3.953  -13.633  66.084 0.7500000000
70042  25.080  -14.795  63.946 1.0000000000
70052  4.873  -13.953  65.039 0.7500000000
70074  5.999  -14.077  64.235 0.6250000000
70091  7.227  -14.044  62.732 0.3750000000
70931  5.627  -13.505  83.152 0.7500000000
70935  4.809  -13.033  82.401 0.7500000000
70941  3.839  -13.728  81.231 0.7500000000
70948  26.392  -13.517  79.741 0.8750000000
70957  3.991  -13.605  79.142 0.8750000000
70961  34.477  -13.290  78.360 1.0000000000
70990  36.327  -13.685  76.988 0.7500000000
71006  36.720  -13.911  75.181 0.7500000000
71018  36.229  -13.711  72.994 0.6250000000
71021  24.245  -13.162  74.151 1.0000000000
71025  6.374  -13.292  73.785 0.8750000000
71047  22.972  -13.881  71.584 1.0000000000
71055  6.135  -13.350  70.150 0.8750000000
71074  3.555  -13.330  67.961 0.8750000000
71122  6.130  -13.558  64.163 0.6250000000
71141  7.399  -13.571  62.455 0.3750000000
71160  7.656  -13.210  62.119 0.3750000000
71982  35.152  -12.163  78.345 0.8750000000
71983  34.794  -12.718  78.443 1.0000000000
71987  22.283  -12.249  78.710 0.8750000000
71998  4.256  -13.107  77.595 0.7500000000
72026  6.101  -12.554  76.312 0.8750000000
72028  4.473  -12.885  76.385 0.7500000000
72031  32.672  -12.377  74.994 1.0000000000
72049  5.564  -12.815  74.983 0.8750000000
72053  11.210  -11.930  72.769 0.8750000000
72055  9.649  -12.379  73.519 0.7500000000
72064  32.082  -12.071  72.967 1.0000000000
72067  11.180  -11.690  71.986 0.8750000000
72091  8.300  -11.991  69.989 0.8750000000
72104  7.186  -12.246  69.323 0.8750000000
72115  3.954  -12.845  68.412 0.8750000000
72128  2.681  -12.194  67.543 0.8750000000
72140  3.243  -12.590  66.354 0.8750000000
72173  26.243  -12.632  63.539 0.8750000000
72983  26.699  -11.844  79.858 0.8750000000
72985  25.770  -11.681  80.403 0.8750000000
72998  7.567  -11.126  80.402 0.7500000000
73030  35.528  -11.233  77.790 0.7500000000
73031  33.333  -11.429  77.001 1.0000000000
73036  9.902  -11.918  76.857 0.8750000000
73051  11.897  -11.603  73.247 0.8750000000
73068  11.014  -11.391  71.330 0.8750000000
73075  34.779  -11.764  70.750 0.5000000000
73080  10.769  -11.047  70.732 0.8750000000
73090  9.289  -11.164  69.845 0.8750000000
73118  2.191  -11.659  67.784 0.8750000000
73119  1.808  -11.191  67.733 0.8750000000
73132  1.815  -11.027  67.271 0.8750000000
73138  29.201  -11.916  64.992 0.8750000000
73159  6.019  -12.063  64.678 0.6250000000
73169  26.563  -11.993  63.502 0.8750000000
73989  23.759  -10.034  83.890 0.7500000000
73993  25.805  -9.792  82.402 0.8750000000
74011  26.591  -10.172  80.985 0.8750000000
74040  35.110  -10.447  78.409 0.8750000000
74041  34.601  -10.741  78.370 1.0000000000
74048  10.466  -9.698  79.267 0.8750000000
74069  12.254  -10.588  75.241 1.0000000000
74073  12.538  -10.496  74.382 1.0000000000
74089  12.488  -10.079  71.804 0.8750000000
74098  11.227  -10.460  70.676 0.8750000000
74106  10.523  -10.505  70.174 0.8750000000
74124  1.686  -10.778  68.003 0.8750000000
75030  20.747  -9.368  85.038 0.7500000000
75046  26.329  -9.254  81.350 0.8750000000
75050  26.476  -9.350  79.142 1.0000000000
75067  25.843  -9.229  77.333 1.0000000000
75078  33.417  -9.219  75.885 1.0000000000
75086  25.313  -9.084  73.962 1.0000000000
75092  13.201  -9.089  73.609 0.8750000000
75098  13.136  -8.492  73.093 0.8750000000
75106  35.292  -9.389  70.195 0.5000000000
75110  11.227  -9.252  70.599 0.8750000000
75133  1.824  -9.998  68.272 0.8750000000
75154  6.219  -9.448  66.357 0.6250000000
75158  1.699  -9.895  66.969 0.8750000000
76009  18.514  -8.724  85.091 0.8750000000
76015  25.042  -9.240  83.045 0.7500000000
76025  25.969  -8.627  80.778 0.8750000000
76033  25.625  -8.306  79.967 1.0000000000
76037  35.136  -9.148  78.251 0.7500000000
76045  35.923  -8.851  77.441 0.7500000000
76048  34.230  -8.978  77.654 0.8750000000
76061  25.345  -8.462  76.454 1.0000000000
76063  22.605  -8.296  76.585 1.0000000000
76066  19.369  -8.233  75.942 0.8750000000
76080  13.821  -8.180  75.628 0.8750000000
76084  33.482  -8.300  75.206 1.0000000000
76107  35.860  -8.691  73.676 0.6250000000
76122  12.154  -8.660  71.567 0.8750000000
76127  38.677  -8.275  70.377 0.3750000000
76135  41.169  -7.718  69.089 0.5000000000
76142  31.482  -8.233  69.392 1.0000000000
76161  30.979  -8.338  68.261 1.0000000000
76165  5.407  -8.991  68.771 0.8750000000
76169  1.625  -9.159  68.243 0.8750000000
76182  1.448  -9.000  67.439 0.8750000000
76188  40.414  -8.592  66.067 0.1250000000
76224  41.259  -8.541  64.646 0.1250000000
76992  17.665  -7.869  86.135 0.8750000000
77011  24.527  -7.970  80.261 1.0000000000
77041  37.538  -7.151  76.840 0.8750000000
77053  37.969  -7.237  76.538 0.8750000000
77055  34.193  -7.549  75.673 1.0000000000
77056  25.067  -8.193  75.586 1.0000000000
77059  18.093  -7.579  75.000 0.6250000000
77063  40.954  -6.866  74.467 1.0000000000
77069  33.295  -7.955  74.054 1.0000000000
77072  24.027  -7.902  74.800 1.0000000000
77077  41.201  -7.106  73.662 0.8750000000
77082  33.631  -6.775  73.588 1.0000000000
77107  8.489  -6.992  71.425 0.8750000000
77109  41.537  -7.525  71.782 1.0000000000
77114  23.998  -7.474  71.089 0.8750000000
77121  12.294  -8.073  72.056 0.8750000000
77131  32.610  -6.782  71.262 1.0000000000
77141  10.063  -7.731  70.903 0.8750000000
77143  7.691  -7.425  70.405 0.8750000000
77154  23.118  -7.443  69.370 0.7500000000
77168  31.206  -7.694  68.426 1.0000000000
77178  42.291  -7.476  67.826 0.5000000000
77191  30.616  -7.064  66.427 1.0000000000
77204  30.027  -7.676  65.281 0.8750000000
77960  18.189  -7.116  86.390 0.7500000000
77963  14.873  -6.423  86.329 0.8750000000
77990  18.607  -6.694  78.640 0.6250000000
78000  36.743  -6.656  76.682 0.8750000000
78002  18.060  -7.112  76.549 0.6250000000
78003  17.765  -6.521  76.701 0.6250000000
78008  3.263  -6.355  76.644 0.8750000000
78010  39.418  -6.388  75.779 1.0000000000
78030  17.259  -6.257  74.496 0.6250000000
78046  11.794  -5.859  72.880 0.8750000000
78048  9.304  -6.086  73.046 0.8750000000
78054  2.860  -6.084  74.005 0.8750000000
78060  12.444  -6.907  72.640 0.8750000000
78070  2.593  -6.143  73.129 0.8750000000
78105  31.694  -6.280  67.900 1.0000000000
78112  2.009  -5.457  67.238 0.8750000000
78113  1.908  -6.094  67.275 0.8750000000
78122  18.080  -6.335  66.874 0.3750000000
78128  2.010  -7.035  67.044 0.8750000000
78996  2.469  -5.462  80.074 0.8750000000
78999  15.692  -5.494  79.418 0.8750000000
79001  3.266  -5.827  79.385 0.8750000000
79042  34.879  -6.093  74.464 1.0000000000
79065  43.736  -5.163  72.877 1.0000000000
79072  35.471  -5.482  72.357 1.0000000000
79073  34.640  -5.595  72.350 1.0000000000
79075  11.065  -5.868  72.777 0.8750000000
79078  44.972  -4.847  72.035 1.0000000000
79083  38.262  -5.461  71.647 1.0000000000
79086  35.765  -5.391  71.697 1.0000000000
79101  33.526  -5.622  70.885 1.0000000000
79102  33.064  -5.770  70.600 1.0000000000
79105  45.825  -4.689  70.860 1.0000000000
79115  32.467  -5.835  69.296 1.0000000000
79140  32.013  -5.104  67.255 1.0000000000
79143  1.952  -5.139  67.538 0.8750000000
79162  2.531  -5.373  66.914 0.8750000000
79180  46.223  -5.046  65.096 0.2500000000
79241  39.194  -5.258  60.974 0.6250000000
79244  36.841  -4.947  60.740 0.7500000000
80101  14.009  -4.716  75.926 0.8750000000
80116  11.535  -4.328  74.393 0.8750000000
80117  10.598  -4.381  74.364 0.8750000000
80118  9.747  -4.564  74.508 0.8750000000
80131  16.554  -4.465  72.277 0.3750000000
80134  2.561  -4.867  72.496 0.8750000000
80173  35.590  -4.767  69.008 0.8750000000
80174  34.983  -4.575  68.557 0.8750000000
80183  41.944  -5.119  66.565 0.8750000000
80199  32.693  -3.998  66.477 0.8750000000
80207  3.809  -4.325  66.925 0.8750000000
80242  45.867  -4.808  63.266 0.1250000000
80244  42.517  -4.522  63.797 0.8750000000
80275  40.514  -4.832  61.202 0.6250000000
80276  39.822  -5.176  61.232 0.6250000000
80309  52.858  -4.387  59.842 0.5000000000
80358  46.873  -3.601  57.807 0.1250000000
81109  12.092  -4.069  85.684 0.8750000000
81150  1.903  -3.668  81.231 0.8750000000
81151  1.588  -3.216  81.038 0.7500000000
81174  12.894  -3.418  78.552 0.8750000000
81192  12.585  -3.449  76.613 0.8750000000
81200  12.369  -3.587  75.811 0.8750000000
81201  11.445  -3.471  75.650 0.8750000000
81223  7.135  -3.106  72.453 0.7500000000
81228  44.281  -3.700  70.957 1.0000000000
81231  5.402  -3.552  70.744 0.7500000000
81234  47.232  -3.117  70.049 1.0000000000
81235  46.609  -2.951  70.194 1.0000000000
81241  48.615  -2.664  68.509 0.7500000000
81249  3.540  -3.690  68.484 0.8750000000
81251  48.367  -3.399  68.051 0.7500000000
81282  43.523  -3.782  63.777 0.8750000000
81303  42.889  -3.580  61.381 0.7500000000
82103  18.454  -2.728  84.424 0.6250000000
82115  19.153  -2.099  84.235 0.6250000000
82142  1.465  -3.038  80.448 0.7500000000
82150  1.975  -3.016  79.521 0.7500000000
82151  1.605  -2.633  79.902 0.7500000000
82152  18.357  -2.316  78.556 0.6250000000
82161  17.835  -2.752  77.213 0.5000000000
82162  10.923  -2.644  77.664 0.8750000000
82166  17.917  -2.604  76.475 0.5000000000
82201  4.934  -2.970  67.424 0.7500000000
82202  49.431  -1.629  67.470 0.8750000000
82212  46.771  -1.857  67.210 1.0000000000
82216  5.672  -2.823  66.752 0.7500000000
82217  50.349  -2.147  65.518 0.7500000000
82242  44.916  -2.644  63.704 0.8750000000
82247  52.939  -2.153  62.787 1.0000000000
82278  44.261  -1.930  60.740 0.6250000000
82292  40.914  -2.384  59.629 0.6250000000
82294  39.078  -2.891  59.680 0.5000000000
82295  37.842  -2.634  59.710 0.5000000000
82296  37.225  -2.255  59.706 0.5000000000
82303  25.860  -2.297  58.861 0.3750000000
82317  26.589  -2.808  58.467 0.5000000000
83043  20.028  -0.860  83.444 0.6250000000
83077  2.634  -2.306  79.220 0.8750000000
83086  19.003  -1.738  77.321 0.6250000000
83095  17.991  -1.928  75.337 0.3750000000
83107  17.185  -2.089  73.017 0.3750000000
83108  9.187  -0.469  72.785 0.6250000000
83110  27.737  -1.442  73.319 0.1250000000
83123  26.865  -0.874  71.010 0.1250000000
83124  26.062  -0.845  70.770 0.1250000000
83139  47.751  -1.765  68.552 1.0000000000
83163  49.755  -1.111  66.944 0.8750000000
83182  46.029  -2.130  64.857 1.0000000000
83194  51.571  -1.314  64.857 1.0000000000
83195  50.992  -1.712  65.238 0.8750000000
83196  47.412  -0.982  65.148 1.0000000000
83204  46.659  -1.307  63.713 0.7500000000
83233  42.767  -2.054  59.929 0.5000000000
83265  23.913  -2.061  60.015 0.3750000000
83274  31.104  -1.339  58.864 0.5000000000
84016  1.763  -0.978  81.269 0.7500000000
84034  1.408  -0.812  80.261 0.7500000000
84081  26.159  -0.711  72.786 0.1250000000
84085  9.417  -0.112  72.313 0.7500000000
84086  28.940  -0.610  72.015 0.1250000000
84089  26.034  -0.676  72.231 0.1250000000
84090  25.682  -0.413  71.770 0.1250000000
84095  28.107  -0.662  70.728 0.1250000000
84097  25.150  -0.317  71.164 0.1250000000
84105  23.572  -0.792  69.614 0.1250000000
84106  16.700  -0.681  69.163 0.2500000000
84116  49.221  -0.983  67.437 0.8750000000
84117  48.581  -0.913  67.510 0.8750000000
84122  21.767  -1.080  68.284 0.1250000000
84143  50.678  -0.814  65.958 0.8750000000
84144  49.469  -0.077  65.984 0.8750000000
84174  47.795  -0.344  63.815 0.8750000000
84201  39.440  -0.400  61.477 0.3750000000
84217  40.483  -0.461  60.423 0.3750000000
84231  41.553  -0.842  59.657 0.5000000000
84235  34.606  -0.391  59.830 0.6250000000
84240  29.400  -0.268  59.360 0.3750000000
84250  52.083  -0.609  57.720 0.7500000000
84978  20.537  0.754  82.004 0.6250000000
84988  1.745  -0.259  81.144 0.7500000000
85029  19.959  0.132  76.924 0.5000000000
85032  13.470  1.028  77.570 0.6250000000
85050  34.589  0.807  76.113 0.1250000000
85132  50.294  -0.058  65.566 1.0000000000
85135  51.303  0.061  64.680 1.0000000000
85138  49.360  0.338  64.558 1.0000000000
85140  38.479  0.943  64.208 0.3750000000
85164  40.067  0.682  63.072 0.3750000000
85172  54.065  1.261  61.336 0.8750000000
85174  49.541  0.635  62.184 1.0000000000
85182  37.326  0.306  61.480 0.3750000000
85184  35.790  0.943  61.166 0.3750000000
85193  47.616  0.478  60.564 0.7500000000
85195  45.838  0.482  59.822 0.7500000000
85197  41.502  0.408  60.137 0.3750000000
85204  32.718  0.862  59.960 0.5000000000
85217  43.269  0.627  59.413 0.5000000000
85219  33.825  -0.107  59.806 0.6250000000
85226  54.898  0.216  59.462 0.8750000000
85981  7.005  2.150  80.137 0.6250000000
85987  7.105  2.148  79.613 0.6250000000
85994  21.075  1.585  78.872 0.5000000000
85998  7.974  2.243  78.108 0.6250000000
85999  7.512  2.350  78.741 0.6250000000
86008  12.373  2.053  77.344 0.6250000000
86017  13.913  2.242  76.750 0.6250000000
86026  36.946  1.293  75.951 0.1250000000
86032  6.914  0.938  75.265 0.7500000000
86038  38.754  1.578  74.724 0.1250000000
86081  40.573  1.534  72.913 0.1250000000
86126  39.480  1.453  67.656 0.2500000000
86153  40.168  1.490  65.593 0.2500000000
86167  38.598  1.161  64.819 0.3750000000
86175  40.149  1.031  63.877 0.3750000000
86192  30.494  2.178  62.219 0.2500000000
86197  54.877  1.584  60.658 0.8750000000
86200  51.639  1.692  62.136 0.8750000000
86207  34.382  1.568  61.171 0.5000000000
86208  33.675  1.683  61.052 0.6250000000
86215  51.418  1.897  61.144 0.8750000000
86216  42.494  1.498  59.922 0.3750000000
86222  31.538  1.334  60.620 0.2500000000
86227  47.908  1.474  59.416 0.7500000000
86229  46.347  1.625  58.983 0.6250000000
86233  43.158  1.874  59.670 0.3750000000
86236  54.494  1.337  59.288 0.8750000000
86240  46.911  2.079  58.725 0.6250000000
86246  50.726  1.086  57.477 0.7500000000
86989  6.156  3.293  80.659 0.6250000000
86991  2.650  2.530  82.264 0.7500000000
86997  7.013  2.514  80.416 0.6250000000
86998  6.688  2.526  80.318 0.6250000000
87004  10.618  2.786  79.572 0.6250000000
87005  7.839  2.658  79.254 0.6250000000
87017  11.371  2.677  78.294 0.6250000000
87028  20.357  2.560  77.543 0.2500000000
87033  8.416  2.522  77.394 0.6250000000
87035  7.293  2.405  78.558 0.6250000000
87044  13.312  2.861  76.661 0.6250000000
87047  8.190  2.736  76.924 0.6250000000
87078  42.127  1.951  72.990 0.1250000000
87084  34.200  2.815  72.683 0.1250000000
87085  33.292  2.609  72.619 0.1250000000
87086  32.423  2.356  72.577 0.1250000000
87097  41.211  1.691  72.016 0.1250000000
87108  19.057  2.835  71.367 0.1250000000
87112  3.651  2.979  70.225 0.6250000000
87119  37.250  3.052  71.047 0.1250000000
87135  39.664  1.825  69.689 0.1250000000
87150  3.571  3.419  69.695 0.6250000000
87183  37.453  1.909  66.710 0.3750000000
87195  41.297  2.316  65.334 0.2500000000
87197  36.326  2.647  65.927 0.3750000000
87202  30.981  2.736  65.959 0.2500000000
87226  35.246  2.472  62.940 0.3750000000
87229  32.160  2.549  63.653 0.5000000000
87240  31.319  2.335  62.412 0.2500000000
87271  53.399  2.448  58.673 0.7500000000
87272  48.952  3.180  58.663 0.8750000000
87273  48.336  2.702  58.660 0.8750000000
87276  46.102  2.826  58.853 0.5000000000
88002  8.135  4.653  83.905 0.6250000000
88003  8.899  4.664  82.770 0.6250000000
88004  8.501  4.302  83.550 0.6250000000
88010  2.758  3.946  82.482 0.7500000000
88018  10.008  5.059  80.800 0.6250000000
88019  9.730  3.492  81.264 0.6250000000
88025  20.426  4.074  79.584 0.3750000000
88033  6.137  2.781  80.234 0.6250000000
88074  12.764  3.453  76.704 0.6250000000
88075  9.489  3.483  76.093 0.6250000000
88087  8.840  4.428  74.947 0.6250000000
88109  3.831  3.181  72.148 0.6250000000
88147  3.618  3.727  68.825 0.6250000000
88163  3.609  3.985  68.158 0.6250000000
88166  36.018  3.463  67.678 0.1250000000
88181  3.703  4.463  67.744 0.6250000000
88184  35.027  3.441  66.631 0.2500000000
88185  33.823  3.487  66.710 0.2500000000
88187  32.384  3.349  66.380 0.3750000000
88188  31.647  3.122  66.166 0.2500000000
88217  43.221  3.927  62.846 0.2500000000
88225  54.614  3.335  60.657 0.8750000000
88226  53.933  3.320  61.185 0.8750000000
88227  43.168  3.468  61.227 0.2500000000
88245  45.535  3.340  59.282 0.5000000000
88246  44.725  3.002  59.466 0.5000000000
88256  46.728  3.248  58.725 0.6250000000
88258  52.282  3.418  57.893 0.6250000000
88320  53.567  3.082  49.863 0.1250000000
88958  7.017  5.327  82.470 0.6250000000
88979  5.844  3.490  80.315 0.6250000000
88989  11.387  5.202  78.247 0.6250000000
89007  12.374  4.703  76.934 0.6250000000
89033  18.134  4.609  75.599 0.2500000000
89034  10.284  4.939  73.618 0.6250000000
89035  10.546  4.734  73.752 0.6250000000
89036  9.836  4.572  74.092 0.6250000000
89054  10.347  4.917  73.643 0.6250000000
89074  3.484  3.980  70.755 0.6250000000
89089  4.235  4.571  69.515 0.6250000000
89107  3.798  4.712  67.153 0.6250000000
89118  44.451  5.069  66.195 0.1250000000
89130  44.262  4.875  64.592 0.1250000000
89148  44.918  4.616  60.913 0.3750000000
89154  54.515  5.012  60.158 0.8750000000
89160  54.985  5.462  59.462 0.8750000000
89170  55.146  5.077  59.144 0.8750000000
89171  55.147  5.313  58.901 0.8750000000
89177  47.719  4.213  58.569 0.6250000000
89180  54.735  5.664  58.516 0.8750000000
89183  51.458  4.511  57.119 0.6250000000
89198  39.680  5.054  56.401 0.1250000000
89233  58.248  4.801  52.214 0.5000000000
89864  2.989  5.759  82.593 0.7500000000
89866  8.595  5.498  82.077 0.6250000000
89875  9.704  5.952  80.913 0.6250000000
89920  12.318  5.706  77.251 0.6250000000
89944  9.115  5.736  74.811 0.6250000000
89953  10.440  4.867  73.867 0.6250000000
89954  9.860  4.607  74.215 0.6250000000
89956  6.153  5.668  75.350 0.6250000000
89975  6.345  5.298  73.921 0.5000000000
89984  6.687  5.999  72.295 0.5000000000
90001  45.063  5.435  69.559 0.1250000000
90017  3.713  4.685  68.103 0.6250000000
90026  45.853  5.912  66.475 0.1250000000
90068  46.309  5.311  60.458 0.5000000000
90069  45.671  5.109  60.825 0.3750000000
90072  54.989  6.135  59.187 0.8750000000
90079  55.072  6.093  58.841 0.8750000000
90152  57.844  6.001  52.239 0.5000000000
90159  56.644  6.133  51.199 0.3750000000
90814  9.543  6.302  79.669 0.6250000000
90824  17.762  7.083  79.121 0.2500000000
90872  15.933  6.139  75.832 0.2500000000
90909  15.457  6.293  72.950 0.1250000000
90921  6.603  6.439  71.442 0.3750000000
90948  47.052  6.965  67.602 0.1250000000
90958  47.013  6.814  66.806 0.1250000000
91033  49.275  7.081  59.213 0.6250000000
91034  48.629  6.681  59.428 0.5000000000
91091  51.636  6.736  56.412 0.5000000000
91101  50.082  6.875  55.595 0.2500000000
91102  49.430  6.836  55.340 0.2500000000
91934  9.058  7.713  74.559 0.3750000000
92004  47.748  8.525  67.315 0.1250000000
92016  48.409  8.703  66.338 0.1250000000
92052  48.627  8.526  65.590 0.1250000000
92142  54.299  8.449  57.985 0.7500000000
92170  52.853  8.245  56.720 0.6250000000
92173  47.356  8.371  56.022 0.1250000000
92183  48.430  7.731  55.505 0.1250000000
92184  47.725  7.871  55.682 0.1250000000
92186  46.098  7.350  55.998 0.1250000000
92203  57.809  8.184  51.343 0.2500000000
92236  55.401  7.717  47.036 0.1250000000
92921  16.863  8.487  81.635 0.3750000000
92924  2.905  8.702  81.809 0.5000000000
92932  15.385  8.825  80.336 0.6250000000
92978  8.075  7.731  75.272 0.3750000000
92995  8.818  8.912  73.992 0.2500000000
93044  47.084  8.936  67.549 0.1250000000
93057  48.168  8.891  66.894 0.1250000000
93115  50.506  9.701  62.727 0.3750000000
93117  46.710  8.880  61.961 0.1250000000
93151  45.663  8.313  58.450 0.1250000000
93163  46.729  8.592  57.461 0.1250000000
93182  48.993  8.428  55.653 0.1250000000
93203  57.770  9.192  50.704 0.3750000000
93976  16.689  9.500  81.392 0.2500000000
93977  16.278  9.774  81.391 0.5000000000
93981  3.465  9.935  81.242 0.5000000000
93983  2.505  9.458  81.172 0.5000000000
93985  17.288  9.653  80.834 0.1250000000
94053  9.795  9.547  73.396 0.2500000000
94095  46.891  9.328  67.194 0.1250000000
94114  48.861  9.686  65.228 0.1250000000
94116  47.366  9.620  65.922 0.1250000000
94165  52.298  10.712  59.496 0.3750000000
94178  53.402  10.001  58.125 0.5000000000
94182  48.260  9.273  58.437 0.2500000000
94191  51.350  10.280  57.823 0.5000000000
94944  15.914  10.555  81.346 0.6250000000
94952  15.403  10.166  80.740 0.5000000000
94993  12.858  10.449  76.623 0.5000000000
94994  7.372  10.622  74.958 0.3750000000
95006  12.681  10.432  74.794 0.2500000000
95008  8.561  10.399  73.735 0.2500000000
95016  12.312  10.560  73.726 0.2500000000
95018  11.071  10.069  73.109 0.2500000000
95062  8.142  10.392  68.372 0.2500000000
95085  49.684  10.000  63.911 0.1250000000
95105  49.518  10.652  62.674 0.2500000000
95108  50.477  11.099  61.843 0.2500000000
95114  51.436  11.200  60.712 0.3750000000
95115  50.600  11.218  61.155 0.3750000000
95126  51.933  10.998  60.136 0.3750000000
95137  52.253  10.850  59.329 0.3750000000
95143  52.394  10.568  58.386 0.5000000000
95182  57.300  11.291  49.150 0.1250000000
95257  60.084  11.310  39.620 0.1250000000
95274  60.002  11.287  36.232 0.1250000000
95773  2.865  11.056  80.810 0.5000000000
95853  12.077  11.685  72.626 0.2500000000
95879  1.585  11.606  69.746 0.3750000000
95997  57.684  12.112  48.960 0.1250000000
96036  58.618  12.462  46.165 0.1250000000
96056  59.027  12.918  43.037 0.3750000000
96081  59.894  11.590  38.388 0.1250000000
96584  2.653  12.414  78.696 0.5000000000
96631  5.111  12.309  72.982 0.3750000000
96632  5.067  12.270  73.801 0.5000000000
96649  8.981  12.771  73.229 0.2500000000
96650  5.951  12.571  72.016 0.3750000000
96651  5.736  12.381  72.378 0.3750000000
96652  5.075  12.371  72.879 0.5000000000
96662  11.598  12.288  72.370 0.2500000000
96663  10.935  12.097  72.315 0.2500000000
96664  10.243  12.328  72.473 0.2500000000
96665  5.668  12.483  72.304 0.3750000000
96666  5.855  12.245  72.290 0.3750000000
96677  6.074  12.512  71.883 0.3750000000
96692  6.973  12.663  69.308 0.2500000000
96708  1.798  12.513  68.945 0.3750000000
96852  57.590  12.436  48.340 0.1250000000
96854  55.826  12.524  48.057 0.1250000000
96871  57.602  12.578  47.412 0.1250000000
97383  5.384  13.762  77.344 0.3750000000
97392  6.040  13.658  76.654 0.2500000000
97404  6.605  13.609  75.894 0.2500000000
97413  15.141  13.927  75.110 0.3750000000
97415  8.227  13.672  74.136 0.1250000000
97429  14.421  13.590  73.793 0.2500000000
97430  13.979  14.012  72.947 0.2500000000
97433  5.698  12.571  72.248 0.3750000000
97434  3.469  12.920  73.013 0.5000000000
97446  5.421  13.194  71.939 0.3750000000
97495  2.262  14.141  68.010 0.1250000000
98202  15.502  14.530  75.587 0.2500000000
98213  5.477  13.674  73.574 0.3750000000
98214  5.328  13.377  74.763 0.3750000000
98231  4.914  13.020  72.534 0.3750000000
98232  5.436  13.705  72.754 0.3750000000
98244  11.899  14.395  72.413 0.1250000000
98246  10.360  14.478  72.770 0.1250000000
99063  8.370  15.780  74.923 0.2500000000
99064  7.895  15.215  74.911 0.2500000000
99076  13.840  15.606  73.218 0.1250000000
99079  11.727  15.572  72.929 0.1250000000
99095  12.216  15.031  72.569 0.1250000000
99140  2.388  15.411  67.872 0.1250000000
99156  2.732  15.128  67.380 0.1250000000
99863  2.472  16.828  76.652 0.2500000000
99874  2.428  16.068  76.194 0.2500000000
99886  3.023  16.446  75.069 0.2500000000
99887  2.589  16.215  75.595 0.2500000000
100743  12.718  17.586  74.220 0.1250000000
100756  13.168  17.046  73.725 0.1250000000
100802  4.202  17.137  68.552 0.2500000000
100860  2.868  17.903  65.963 0.1250000000
100861  2.583  18.568  65.841 0.1250000000
101566  18.940  18.979  77.813 0.1250000000
101595  10.802  17.983  76.434 0.1250000000
101606  12.653  18.379  75.228 0.1250000000
101700  2.447  18.481  66.498 0.1250000000
102399  8.784  19.576  79.062 0.1250000000
102407  10.912  19.425  79.063 0.1250000000
102421  14.034  21.088  77.829 0.1250000000
102428  18.388  20.803  76.614 0.1250000000
102449  16.686  20.070  73.655 0.1250000000
102514  3.627  19.195  67.562 0.2500000000
102543  5.074  19.963  64.928 0.1250000000
103156  9.103  20.800  80.928 0.1250000000
103164  12.098  20.782  79.353 0.1250000000
103165  11.534  20.609  79.906 0.1250000000
103174  3.425  19.623  77.640 0.2500000000
103230  14.882  20.494  71.974 0.1250000000
103232  14.225  20.767  71.699 0.1250000000
103258  5.280  20.846  67.970 0.1250000000
103890  13.900  21.959  77.997 0.1250000000
103926  14.199  21.843  75.173 0.1250000000
104000  2.694  21.001  65.423 0.1250000000
104649  8.626  22.371  74.225 0.1250000000
106088  7.217  25.443  80.802 0.1250000000
106089  6.991  25.033  81.143 0.1250000000
106831  6.368  25.431  80.731 0.1250000000
106833  5.639  25.685  80.141 0.1250000000
106853  9.224  25.458  73.472 0.1250000000
107577  7.075  26.236  80.483 0.2500000000
107578  6.625  26.093  80.504 0.2500000000
107586  4.726  26.426  78.842 0.1250000000
107690  7.623  26.782  66.409 0.1250000000
107720  6.957  27.066  64.176 0.1250000000
108443  6.735  27.214  69.714 0.1250000000
108475  8.273  28.300  66.606 0.1250000000
108476  8.128  27.520  66.240 0.1250000000
108492  7.243  27.695  64.244 0.1250000000
110065  6.406  29.134  71.112 0.1250000000
110072  6.810  29.476  70.470 0.1250000000
110087  8.185  28.777  68.055 0.1250000000
110094  8.194  29.114  67.652 0.1250000000
110115  7.235  29.139  64.824 0.1250000000
110799  7.146  29.698  69.924 0.1250000000
110804  6.918  30.698  69.417 0.1250000000
110810  6.893  30.854  68.621 0.1250000000
112837  5.244  32.886  62.968 0.1250000000
113398  2.608  34.847  71.693 0.1250000000
129974  34.510  -11.229  69.028 0.1250000000
130090  5.046  -14.742  66.129 0.7500000000
131072  7.597  -14.443  63.862 0.3750000000
131561  1.925  -20.664  71.370 0.1250000000
131836  9.716  -0.467  70.892 0.6250000000
132203  33.115  -6.744  72.322 1.0000000000
132398  17.363  -7.103  70.928 0.6250000000
132639  3.828  -14.035  67.200 0.8750000000
132733  14.420  -5.851  86.623 0.7500000000
132982  1.072  -22.405  75.151 0.1250000000
133426  34.195  1.156  75.522 0.1250000000
133792  50.213  6.462  58.623 0.7500000000
134125  37.103  -19.693  75.688 0.5000000000
134129  22.944  -11.405  79.614 0.8750000000
134381  46.751  6.469  62.227 0.3750000000
134656  55.319  2.445  60.031 0.8750000000
134894  31.477  -9.662  70.127 1.0000000000
135102  47.919  9.686  66.045 0.1250000000
135230  16.451  -4.231  69.807 0.5000000000
135289  40.668  -5.512  69.126 0.8750000000
135514  35.839  -6.699  76.439 0.8750000000
135900  35.211  3.499  69.690 0.1250000000
136124  34.048  -4.725  69.253 1.0000000000
136143  16.523  -3.242  67.565 0.1250000000
136576  10.200  4.630  74.364 0.6250000000
136976  31.208  -4.231  60.224 0.6250000000
136989  8.554  0.307  74.027 0.7500000000
137014  7.496  -14.339  63.063 0.3750000000
137040  49.145  1.180  60.523 0.8750000000
137051  1.447  -2.269  80.333 0.7500000000
137317  32.234  -2.596  59.460 0.5000000000
137333  6.299  12.305  76.612 0.2500000000
137485  49.079  9.275  65.172 0.1250000000
137707  24.685  -14.651  78.544 0.8750000000
137906  52.205  7.791  58.751 0.7500000000
138042  36.374  -5.403  67.206 0.8750000000
138234  58.447  11.739  47.640 0.1250000000
138259  50.166  -2.382  63.170 0.7500000000
138510  29.563  -10.455  65.737 0.8750000000
138566  11.925  13.083  72.314 0.1250000000
139209  36.164  -1.673  59.579 0.3750000000
139271  41.834  -5.108  70.184 0.8750000000
140002  14.078  11.008  78.957 0.5000000000
140773  9.363  11.329  73.008 0.2500000000
140904  4.359  3.147  69.031 0.6250000000
140966  45.672  2.280  58.952 0.5000000000
141260  8.723  18.764  69.889 0.1250000000
141273  3.318  -14.191  79.411 0.7500000000
141413  3.415  -13.400  67.245 0.8750000000
141511  2.330  -11.809  67.299 0.8750000000
141776  35.529  -9.180  77.958 0.7500000000
141824  34.918  -19.118  78.092 0.7500000000
141969  3.828  11.269  80.219 0.5000000000
142273  3.624  2.373  74.671 0.6250000000
142917  35.497  -9.202  71.477 0.5000000000
142991  25.140  -16.501  64.465 1.0000000000
143181  2.451  16.942  67.075 0.1250000000
143194  52.898  4.430  57.998 0.7500000000
143384  36.895  -1.705  59.783 0.5000000000
143433  5.593  -11.310  68.455 0.8750000000
143512  3.891  17.620  68.212 0.2500000000
143574  3.146  -12.438  68.115 0.8750000000
143584  17.837  -17.962  71.364 1.0000000000
143907  6.273  34.073  62.839 0.1250000000
143922  44.742  5.325  64.938 0.1250000000
144048  0.226  -20.320  77.304 0.5000000000
144216  6.265  6.351  69.668 0.3750000000
144444  50.421  8.914  56.175 0.2500000000
144510  42.983  -4.664  72.617 1.0000000000
144667  12.677  13.271  72.440 0.2500000000
144701  6.022  -20.464  70.120 0.1250000000
144763  37.441  -16.901  76.148 0.7500000000
144776  2.399  -21.848  70.046 0.1250000000
144805  38.616  0.106  62.346 0.3750000000
144879  19.761  2.837  76.143 0.3750000000
144885  53.825  7.588  57.408 0.7500000000
144924  6.463  -12.738  69.498 0.8750000000
145231  55.281  -1.183  60.396 1.0000000000
145237  14.737  13.455  75.633 0.3750000000
145302  54.776  4.311  58.841 0.8750000000
145383  33.374  -13.105  77.208 1.0000000000
145387  46.673  6.638  65.145 0.1250000000
145747  2.970  -11.295  66.434 0.8750000000
146156  24.269  -1.177  69.742 0.1250000000
146239  20.579  -2.222  83.475 0.6250000000
146254  28.317  -13.344  64.439 0.8750000000
146299  49.951  11.102  62.132 0.2500000000
146300  17.883  16.292  78.725 0.1250000000
146528  18.705  19.891  77.562 0.1250000000
146857  6.474  -12.808  74.238 0.8750000000
146865  11.662  -17.719  86.044 0.6250000000
146896  47.943  -2.974  59.396 0.1250000000
146911  30.399  2.386  65.824 0.2500000000
146964  53.991  11.929  47.255 0.1250000000
146993  4.482  -9.039  68.871 0.8750000000
147123  47.234  7.005  64.877 0.1250000000
147440  26.699  -9.733  79.941 0.8750000000
147441  9.739  21.123  81.056 0.1250000000
147491  4.908  4.029  67.265 0.6250000000
147573  29.484  -3.015  58.559 0.5000000000
147788  36.774  2.150  65.578 0.3750000000
148070  23.403  -7.494  70.030 0.7500000000
148213  7.468  8.175  75.658 0.5000000000
148277  11.281  -10.033  80.515 0.8750000000
148304  48.053  9.967  64.680 0.1250000000
148466  23.632  -12.290  69.493 1.0000000000
149041  9.722  14.464  73.101 0.1250000000
149160  8.839  -12.277  61.148 0.2500000000
149173  12.146  -9.845  71.271 0.8750000000
149220  25.636  -12.611  77.024 1.0000000000
149351  10.284  13.119  72.466 0.1250000000
149529  34.370  -4.200  67.197 0.8750000000
149821  10.823  8.824  73.892 0.3750000000
150055  42.617  -7.704  65.806 0.1250000000
150120  -0.054  -21.403  76.709 0.3750000000
150153  50.707  10.268  62.308 0.3750000000
150208  11.413  -11.521  74.746 1.0000000000
150216  23.448  -10.327  63.330 0.8750000000
150218  38.502  -8.181  71.057 0.6250000000
150252  10.017  -0.540  67.822 0.5000000000
150315  1.327  -20.010  73.082 0.2500000000
150424  24.912  -9.739  61.603 0.8750000000
150458  9.505  -10.056  69.348 0.8750000000
150471  41.520  -5.498  74.249 1.0000000000
150534  8.917  2.803  77.427 0.6250000000
150596  35.675  -22.220  78.119 0.5000000000
150677  3.380  -13.124  67.616 0.8750000000
150726  30.827  -15.939  71.069 1.0000000000
150847  5.939  28.909  71.555 0.1250000000
150989  8.128  -2.571  65.882 0.6250000000
151370  6.730  3.326  83.252 0.7500000000
151557  2.215  -21.801  70.500 0.1250000000
151678  3.008  10.799  81.177 0.5000000000
151726  9.004  -12.349  72.987 0.7500000000
151738  47.617  -3.397  69.590 0.8750000000
151758  58.254  5.481  52.177 0.5000000000
151789  6.826  2.875  78.462 0.6250000000
151791  23.990  -0.665  64.958 0.2500000000
151903  12.870  -5.504  73.867 0.8750000000
151918  7.664  9.977  74.658 0.3750000000
151926  10.020  21.838  80.526 0.1250000000
152078  17.815  -7.134  69.768 0.7500000000
152230  10.205  -2.549  78.685 0.8750000000
152337  40.635  -6.546  74.931 0.8750000000
152428  40.581  1.675  72.222 0.1250000000
152538  10.010  -9.947  80.306 0.8750000000
152752  4.205  4.995  66.198 0.6250000000
152878  2.051  -22.830  72.604 0.1250000000
152880  24.239  -8.760  69.423 0.8750000000
152947  47.474  9.534  62.253 0.2500000000
152963  48.314  -2.608  69.101 0.8750000000
153147  43.783  4.400  63.080 0.2500000000
153259  48.639  10.210  60.947 0.2500000000
153398  36.535  -20.738  77.567 0.7500000000
153419  51.092  9.767  57.193 0.1250000000
153478  40.573  -5.732  66.138 0.8750000000
153522  28.055  -17.243  66.819 1.0000000000
153628  40.037  1.820  71.812 0.1250000000
153650  31.389  -4.813  66.034 1.0000000000
153757  1.613  -8.625  67.005 0.8750000000
153834  35.142  -14.056  78.569 0.7500000000
153923  29.274  -3.496  58.599 0.5000000000
154097  28.552  -23.529  70.672 0.1250000000
154262  33.268  -4.829  68.467 0.8750000000
154475  33.468  3.531  68.749 0.1250000000
154495  1.651  -26.182  79.539 0.1250000000
154512  4.700  -15.508  78.012 0.7500000000
154659  3.824  -17.561  84.207 0.7500000000
154734  38.451  -2.738  59.707 0.5000000000
154894  25.609  -8.828  76.912 1.0000000000
154910  12.851  -6.087  73.454 0.8750000000
154993  8.239  14.807  74.488 0.1250000000
155001  2.245  -11.731  67.991 0.8750000000
155027  33.321  -25.573  69.140 0.1250000000
155064  2.731  19.705  65.599 0.1250000000
155132  28.954  -5.980  60.278 0.7500000000
155192  29.564  0.636  60.274 0.3750000000
155248  16.902  18.244  76.459 0.1250000000
155287  20.177  -14.582  70.073 1.0000000000
155322  36.910  -21.608  73.839 0.2500000000
155388  5.246  15.465  70.514 0.2500000000
155407  20.852  2.259  80.301 0.5000000000
155426  16.080  -25.341  84.885 0.5000000000
155488  8.686  2.927  76.602 0.6250000000
155506  30.149  1.453  61.159 0.2500000000
155624  11.857  1.247  78.283 0.6250000000
155652  17.408  -4.328  75.372 0.3750000000
155766  3.101  -20.851  67.801 0.1250000000
155849  9.948  -17.082  84.793 0.7500000000
155926  42.237  -4.908  69.904 0.8750000000
156067  2.595  8.191  81.708 0.6250000000
156144  50.419  -2.575  60.612 0.6250000000
156317  3.636  2.983  70.791 0.6250000000
156614  34.339  3.448  66.486 0.2500000000
156630  53.715  -2.739  61.575 1.0000000000
156695  13.390  15.305  72.850 0.1250000000
