global_signal	global_signal_derivative1	global_signal_power2	global_signal_derivative1_power2	csf	csf_derivative1	csf_power2	csf_derivative1_power2	white_matter	white_matter_derivative1	white_matter_derivative1_power2	white_matter_power2	csf_wm	tcompcor	std_dvars	dvars	framewise_displacement	rmsd	t_comp_cor_00	t_comp_cor_01	t_comp_cor_02	t_comp_cor_03	t_comp_cor_04	t_comp_cor_05	t_comp_cor_06	t_comp_cor_07	c_comp_cor_00	c_comp_cor_01	c_comp_cor_02	c_comp_cor_03	c_comp_cor_04	c_comp_cor_05	c_comp_cor_06	c_comp_cor_07	c_comp_cor_08	c_comp_cor_09	c_comp_cor_10	c_comp_cor_11	c_comp_cor_12	c_comp_cor_13	c_comp_cor_14	c_comp_cor_15	c_comp_cor_16	c_comp_cor_17	c_comp_cor_18	c_comp_cor_19	c_comp_cor_20	c_comp_cor_21	w_comp_cor_00	w_comp_cor_01	w_comp_cor_02	w_comp_cor_03	w_comp_cor_04	w_comp_cor_05	w_comp_cor_06	w_comp_cor_07	w_comp_cor_08	w_comp_cor_09	w_comp_cor_10	w_comp_cor_11	w_comp_cor_12	w_comp_cor_13	w_comp_cor_14	w_comp_cor_15	w_comp_cor_16	w_comp_cor_17	w_comp_cor_18	w_comp_cor_19	w_comp_cor_20	w_comp_cor_21	w_comp_cor_22	w_comp_cor_23	w_comp_cor_24	w_comp_cor_25	w_comp_cor_26	w_comp_cor_27	w_comp_cor_28	w_comp_cor_29	w_comp_cor_30	w_comp_cor_31	w_comp_cor_32	w_comp_cor_33	w_comp_cor_34	w_comp_cor_35	w_comp_cor_36	w_comp_cor_37	w_comp_cor_38	w_comp_cor_39	w_comp_cor_40	w_comp_cor_41	w_comp_cor_42	w_comp_cor_43	w_comp_cor_44	w_comp_cor_45	w_comp_cor_46	w_comp_cor_47	w_comp_cor_48	w_comp_cor_49	w_comp_cor_50	w_comp_cor_51	w_comp_cor_52	w_comp_cor_53	w_comp_cor_54	w_comp_cor_55	w_comp_cor_56	w_comp_cor_57	w_comp_cor_58	w_comp_cor_59	w_comp_cor_60	w_comp_cor_61	w_comp_cor_62	w_comp_cor_63	w_comp_cor_64	w_comp_cor_65	w_comp_cor_66	w_comp_cor_67	w_comp_cor_68	w_comp_cor_69	w_comp_cor_70	w_comp_cor_71	w_comp_cor_72	w_comp_cor_73	w_comp_cor_74	a_comp_cor_00	a_comp_cor_01	a_comp_cor_02	a_comp_cor_03	a_comp_cor_04	a_comp_cor_05	a_comp_cor_06	a_comp_cor_07	a_comp_cor_08	a_comp_cor_09	a_comp_cor_10	a_comp_cor_11	a_comp_cor_12	a_comp_cor_13	a_comp_cor_14	a_comp_cor_15	a_comp_cor_16	a_comp_cor_17	a_comp_cor_18	a_comp_cor_19	a_comp_cor_20	a_comp_cor_21	a_comp_cor_22	a_comp_cor_23	a_comp_cor_24	a_comp_cor_25	a_comp_cor_26	a_comp_cor_27	a_comp_cor_28	a_comp_cor_29	a_comp_cor_30	a_comp_cor_31	a_comp_cor_32	a_comp_cor_33	a_comp_cor_34	a_comp_cor_35	a_comp_cor_36	a_comp_cor_37	a_comp_cor_38	a_comp_cor_39	a_comp_cor_40	a_comp_cor_41	a_comp_cor_42	a_comp_cor_43	a_comp_cor_44	a_comp_cor_45	a_comp_cor_46	a_comp_cor_47	a_comp_cor_48	a_comp_cor_49	a_comp_cor_50	a_comp_cor_51	a_comp_cor_52	a_comp_cor_53	a_comp_cor_54	a_comp_cor_55	a_comp_cor_56	a_comp_cor_57	a_comp_cor_58	a_comp_cor_59	a_comp_cor_60	a_comp_cor_61	a_comp_cor_62	a_comp_cor_63	a_comp_cor_64	a_comp_cor_65	a_comp_cor_66	a_comp_cor_67	a_comp_cor_68	a_comp_cor_69	a_comp_cor_70	a_comp_cor_71	a_comp_cor_72	a_comp_cor_73	a_comp_cor_74	a_comp_cor_75	edge_comp_00	edge_comp_01	edge_comp_02	edge_comp_03	edge_comp_04	edge_comp_05	edge_comp_06	edge_comp_07	edge_comp_08	edge_comp_09	edge_comp_10	edge_comp_11	edge_comp_12	edge_comp_13	edge_comp_14	edge_comp_15	edge_comp_16	edge_comp_17	edge_comp_18	edge_comp_19	edge_comp_20	edge_comp_21	edge_comp_22	edge_comp_23	cosine00	cosine01	cosine02	cosine03	cosine04	cosine05	non_steady_state_outlier00	trans_x	trans_x_derivative1	trans_x_derivative1_power2	trans_x_power2	trans_y	trans_y_derivative1	trans_y_derivative1_power2	trans_y_power2	trans_z	trans_z_derivative1	trans_z_power2	trans_z_derivative1_power2	rot_x	rot_x_derivative1	rot_x_derivative1_power2	rot_x_power2	rot_y	rot_y_derivative1	rot_y_derivative1_power2	rot_y_power2	rot_z	rot_z_derivative1	rot_z_derivative1_power2	rot_z_power2
804.9971757893708	n/a	648020.4530288631	n/a	970.1438921997878	n/a	941179.1715725536	n/a	789.172555835676	n/a	n/a	622793.3228842132	796.1121092984268	675.3814467168581	n/a	n/a	n/a	n/a	0.0	0.0	0.0	0.0	0.0	0.0	0.0	0.0	0.0	0.0	0.0	0.0	0.0	0.0	0.0	0.0	0.0	0.0	0.0	0.0	0.0	0.0	0.0	0.0	0.0	0.0	0.0	0.0	0.0	0.0	0.0	0.0	0.0	0.0	0.0	0.0	0.0	0.0	0.0	0.0	0.0	0.0	0.0	0.0	0.0	0.0	0.0	0.0	0.0	0.0	0.0	0.0	0.0	0.0	0.0	0.0	0.0	0.0	0.0	0.0	0.0	0.0	0.0	0.0	0.0	0.0	0.0	0.0	0.0	0.0	0.0	0.0	0.0	0.0	0.0	0.0	0.0	0.0	0.0	0.0	0.0	0.0	0.0	0.0	0.0	0.0	0.0	0.0	0.0	0.0	0.0	0.0	0.0	0.0	0.0	0.0	0.0	0.0	0.0	0.0	0.0	0.0	0.0	0.0	0.0	0.0	0.0	0.0	0.0	0.0	0.0	0.0	0.0	0.0	0.0	0.0	0.0	0.0	0.0	0.0	0.0	0.0	0.0	0.0	0.0	0.0	0.0	0.0	0.0	0.0	0.0	0.0	0.0	0.0	0.0	0.0	0.0	0.0	0.0	0.0	0.0	0.0	0.0	0.0	0.0	0.0	0.0	0.0	0.0	0.0	0.0	0.0	0.0	0.0	0.0	0.0	0.0	0.0	0.0	0.0	0.0	0.0	0.0	0.0	0.0	0.0	0.0	0.0	0.0	0.0	0.0	0.0	0.0	0.0	0.0	0.0	0.0	0.0	0.0	0.0	0.0	0.0	0.0	0.0	0.0	0.0	0.0	0.0	0.0	0.0	0.0	0.0	0.0	0.0	0.0	0.0	0.0	0.0	0.0	0.0	0.0	0.0	0.0	0.0	0.0	0.0	0.0	0.0	0.0	0.0	0.0	1.0	0.0313530192784554	n/a	n/a	0.0009830118178751	0.0267459420207671	n/a	n/a	0.0007153454145782	-0.0780282460568031	n/a	0.006088407182701	n/a	0.0012331340422392	n/a	n/a	1.5206195661291894e-06	-0.0004586452334793	n/a	n/a	2.1035545019328161e-07	0.0005767831147945	n/a	n/a	3.3267876151204533e-07
801.157302161776	-3.839873627594784	641853.0228071352	14.744629475897923	961.4289188511324	-8.714973348655462	924345.5660032572	75.950760467775	788.9512334421921	-0.2213223934838879	0.0489836018574369	622444.0487499563	795.9787520923604	651.9369600142799	1.089574	33.895493	0.0893453097958354	0.0409049010671723	-0.0200768165	0.0504439407	-0.048962481	0.0371171791	-0.0051577878	0.0650648251	-0.0374930245	-0.0309702781	0.037751707	-0.0426089181	0.0910790206	-0.0658073995	0.0358938567	-0.1417405551	0.003663696	-0.0257628312	0.1371771687	-0.0862114792	0.0448092156	-0.0352162061	0.0161962565	-0.0592098719	0.0141607524	-0.0322110177	0.0528309298	-0.0053213302	0.0488147597	-0.0763152299	0.1823501144	-0.0687572521	-0.0098150618	0.0648815275	-0.0965020482	0.0841541547	-0.0463759143	0.103578083	-0.0652649999	0.001403222	-0.044676696	0.0191603677	-0.0427759191	0.0348177025	-0.0690127403	0.0001481508	0.0094043835	-0.0157833292	0.0268168095	-0.0817755187	0.0791030337	-0.0197209966	0.0122449188	-0.0190929017	0.0165576351	-0.0478340705	0.0231546297	-0.0517365154	0.0107882921	-0.0441631663	0.0078808492	-0.0548998379	0.0156167838	-0.0009086754	0.0288550057	-0.0261264477	0.02127115	-0.1500457242	0.0382732522	-0.0233108913	-0.0497202381	0.0708557859	-0.0008663095	-0.0120323137	-0.0832958259	0.0215828329	-0.0804507162	0.0335179567	0.0122559771	-0.0581065872	-0.0306828861	0.0256562472	0.0382031963	-0.0964617319	-0.0011220311	0.0673225365	0.0235565148	-0.1068034231	-0.0318474992	-0.0201881983	0.039600389	0.0808323047	-0.0690235786	0.088049046	0.069585406	-0.0433254197	-0.0115016412	-0.0147695088	0.036602856	0.0406996802	-0.0135223178	-0.0368754637	-0.1361896144	0.0553938776	0.0991290495	-0.1046792974	-0.0405706744	0.0484905221	-0.0475642263	-0.0697996858	0.1447666848	-0.0057666156	0.0498616013	-0.0359281088	0.0614647793	-0.0321087988	0.0290687593	-0.0070401971	0.0333517202	-0.03065465	0.0323952703	-0.0359198382	0.0589659857	-0.0079431836	0.0451221891	-0.0577517761	0.0422740766	-0.0661881224	0.0577376168	-0.0757546492	0.0955356241	-0.0097553543	0.0273269741	-0.0201809117	0.0384365618	-0.0326855377	0.1020526374	-0.0364195317	0.0332695276	-0.0015431043	0.082708467	-0.0773385842	-0.0155625367	0.032573254	-0.0434654442	0.1429407469	0.0142087954	0.0418972256	-0.0896518092	0.0191595084	-0.07998877	0.0609880394	0.0394320513	-0.0559088516	0.0307792856	0.0684000156	-0.0448969631	-0.0358616468	-0.0308728008	0.0505994966	-0.0151538835	-0.048196293	0.0183196522	0.0509511725	-0.0641428298	-0.0068987763	0.010885867	0.0295230104	-0.0128376143	-0.0396916268	-0.0418466018	0.0126151448	0.0439855679	-0.0609360667	-0.1159227961	-0.0404556192	0.0238383287	0.0585056993	0.0166749196	-0.0190932357	-0.0363530616	-0.1020086729	0.1691582545	0.0607165582	-0.0458548445	0.0125439758	-0.0309523821	0.0369738143	-0.0523552232	0.0633310088	-0.0289345005	0.0285107768	-0.1940542675	0.0226250389	-0.0094392543	0.0753949863	-0.0492909169	0.0184571467	-0.0864015858	0.0176349388	-0.0754416662	0.0203257392	-0.0476307094	0.0930894184	-0.0885204162	0.1197437475	-0.0796978562	0.091475895	0.0914699679	0.0914600897	0.0914462607	0.0914284817	0.0914067533	0.0	0.0224535418037277	-0.0088994774747277	7.920069932318573e-05	0.0005041615395317	0.0060262825340515	-0.0207196594867156	0.0004293042892454	3.631608118021417e-05	-0.0634636358476683	0.0145646102091347	0.0040276330750054	0.000212127870544	0.0016349992005462	0.0004018651583069	1.6149560546111005e-07	2.673222385786713e-06	9.373752174468564e-07	0.0004595826086967	2.1121617421650718e-07	8.786722982835413e-13	0.0005349996292931	-4.178348550139992e-05	1.7458596606456975e-09	2.8622460334375445e-07
799.2943382220188	-1.862963939757151	638871.439113775	3.4706346408354856	953.9058772207096	-7.523041630422767	909936.4225962115	56.59615537307405	786.953730584521	-1.9975028576710656	3.9900176664040736	619296.1740808949	793.3116137937794	639.0205801649437	1.006929	31.324482	0.1112637785512499	0.0532487776524363	-0.0307839125	-0.0216710453	-0.0074081711	-0.0395246066	-0.003215014	0.0191044169	-0.078943354	0.0588160251	0.0252419199	-0.0222246645	0.0260224098	0.0386796726	0.1142468136	-0.0271856189	-0.0393874615	0.1361674196	0.052227447	0.0393718465	-0.024937922	-0.1114137953	0.1479456803	-0.0248314875	-0.0036936503	-0.0705862261	0.103244551	0.0629124673	0.1216696565	0.0900795876	-0.0254762249	0.0517075886	0.0173001786	-0.0402221557	0.0142583283	0.0078020764	-0.039074641	-0.0771620641	-0.0130946213	-0.0072758249	0.041237464	0.0650122963	-0.1140050532	-0.0484221896	-0.0081163931	0.0640244087	-0.0534198212	0.0625697068	-0.1202596347	0.0453994638	0.1078569782	-0.0173738051	0.0074137429	-0.0245705551	-0.0410268707	0.0204268214	0.0942776003	-0.090820282	-0.0277564547	-0.0618184974	-0.0752757868	0.0001754663	0.0484589422	-0.0256296185	0.0064837639	0.0269622006	0.045302216	0.0068264234	0.0193714891	0.0394983533	-0.1385531762	0.1095288052	0.0230318107	0.0243957497	-0.0123072873	-0.062653703	0.0869946711	-0.048578179	-0.0639244825	0.0062954241	-0.0507182689	0.0171000726	0.0842236603	-0.0123183406	0.064600419	-0.0351474491	0.0849213839	0.0300178272	0.012072323	-0.0451552501	0.0151806378	0.055059545	-0.0158286595	0.0616199631	0.1767729249	-0.0274784228	-0.0672020338	0.0880594662	0.0313084926	-0.0292270008	0.0980120933	-0.0070040566	-0.1008958458	0.1323383022	0.0664591652	0.0915980289	-0.0204159417	0.0097627197	0.0124621086	-0.0040551521	-0.0696575401	-0.0427036834	0.0790625036	-0.0370702847	-0.0535899617	-0.0232172727	-0.0005086058	0.086363229	0.0275694348	0.0197954105	0.0760766987	-0.0196366605	-0.0019956622	-0.1092639154	-0.0121581461	0.0562560648	0.1047518727	-0.0335615526	-0.0659155082	0.00632432	0.0750008413	0.1484677763	0.056231668	-0.0136187701	0.0621981477	0.0284349617	0.0301574313	0.1158298058	0.1808103221	0.0700308794	-0.0275888345	-0.0188489386	-0.0173277575	0.0557957488	0.138512752	0.0334637593	-0.0399200719	0.0462787752	0.0235304776	-0.0569739154	-0.0036612456	0.0783508774	0.0511047193	-0.0330707159	-0.0830151777	-0.076996878	-0.0118354122	-0.0577161974	-0.0420222463	0.0750631241	-0.0116987319	0.0519019287	-0.0021714738	0.0777163712	-0.0538184406	-0.0478155675	0.0335763065	0.0738408294	-0.054738205	-0.0642853585	0.0715001898	-0.089514144	-0.0078936314	-0.0181225363	-0.0171336986	0.0010983805	0.0924503243	0.0805351707	0.0644086284	0.0238813239	0.023161616	-0.0978326257	0.0217999031	-0.0560227213	0.0051173578	-0.0283399685	0.027705156	0.1104580247	-0.0051342385	-0.023891821	-0.0753520142	-0.0238919094	-0.2071602191	0.0100694542	-0.0387708949	-0.0348404876	-0.04562833	0.1009414156	0.0825456483	0.0129030563	-0.1454240257	0.0328805441	-0.1024539305	-0.0167858092	-0.0561088657	-0.0955978851	-0.0436855013	0.0914600897	0.0914067533	0.0913178824	0.0911935115	0.091033689	0.0908384769	0.0	0.0017386779535257	-0.020714863850202	0.0004291055843324	3.023001026076316e-06	-0.0168326196095307	-0.0228589021435822	0.0005225294072098	0.0002833370829191	-0.1005686110498658	-0.0371049752021974	0.0101140455284991	0.0013767791847556	0.0011560028015305	-0.0004789963990157	2.294375502700077e-07	1.3363424771463644e-06	2.329076160823007e-07	-7.044676013645557e-07	4.962746013723305e-13	5.424595762914039e-14	0.0004029997488048	-0.0001319998804883	1.7423968448925497e-08	1.624087975367319e-07
800.9156397574628	1.6213015354439904	641465.862008106	2.628618668833041	954.320506973772	0.4146297530623997	910727.6300306772	0.1719178321245865	786.9144000448442	-0.0393305396768255	0.0015468913512703	619234.2729979372	793.0490252050628	652.5168233432928	1.002721	31.193573	0.1431878242259593	0.0677666360495735	-0.0448423167	-0.0102312579	-0.0584460399	-0.0173242441	-0.0017309676	0.0649443428	0.0095618785	0.0035076293	-0.0137020738	-0.0326539453	-0.0352039438	0.0304878552	0.0756542241	0.01052762	0.0292467636	-0.024675009	0.0428347901	0.1208618221	-0.0427577512	0.0093822434	-0.1426682009	0.0123216942	0.0424665725	-0.1235445576	0.0193375884	0.0846053946	0.0171945282	-0.089988207	-0.0292787819	0.0610737993	-0.00790956	0.0304156912	0.0299226816	0.0515150258	0.0214098953	0.0374191135	-0.0152197015	0.0455615344	0.0061849982	0.0461424804	0.0306478172	-0.0001556357	-0.0787375386	0.0657305041	-0.0848668455	-0.0145645588	-0.030560455	0.0633411514	0.1059661136	0.0197367356	-0.005355714	0.0002200689	-0.1204660001	0.0193178433	0.0907563626	0.0912202423	-0.0810637612	0.1949653884	-0.0256861303	0.0144937417	0.0244051466	0.1129678776	-0.0890176433	0.0357413204	-0.0120554709	0.0356623888	0.0624333034	-0.081958421	0.0014276594	-0.0081137231	-0.0588080736	-0.020956912	-0.1212230082	-0.0294864859	0.0420593647	-0.0454515882	0.0239324608	0.0361432829	-0.0411635507	0.0168615507	-0.1064239614	-0.0246758331	-0.0383610668	-0.0025958935	0.0271030201	0.0934230273	0.0489284497	0.0381740197	-0.1092236202	0.0214356332	-0.0136307471	-0.1131434603	0.0628801262	0.0163118834	0.0048200797	0.0955690688	-0.0749582146	0.0722892186	0.008035059	0.0947236601	0.0933786632	-0.0686768649	0.1138798102	0.119469731	0.1023009256	-0.025997233	-0.0018201069	-0.025106266	-0.0160317289	-0.0243340076	-0.0189924339	-0.058473771	-0.072275358	0.015562082	0.0624395902	-0.0668370277	0.0124385349	0.0699158709	0.0167101028	0.0337484276	0.0432870031	-0.0285365717	0.086267344	0.0627274352	-0.0134100916	0.0387203221	-0.0381538719	0.0197102262	0.0843949072	0.1136013728	-0.0008985593	-0.0657469151	-0.0385243444	0.1603938739	-0.1018003582	-0.022046092	0.1015880053	-0.0309385282	0.0098768664	0.0751864464	-0.0418874128	-0.0619861266	-0.0454268632	0.0521749689	0.0996877746	-0.0445391459	0.0332952691	0.0468514428	0.0389289537	-0.0263284112	-0.0916241598	0.0215717988	-0.0550609705	-0.0581089174	-0.0564680912	0.056581905	0.0229484711	0.0073088587	-0.005227824	-0.0101309026	-0.0321864027	0.1769115265	-0.0074926871	0.0806829363	-0.0755161482	0.064458293	-0.113179036	0.0458113632	0.0959180206	0.0602989312	-0.0478348019	0.0357117665	0.0811291729	-0.0526184891	0.0084360804	0.0640645631	-0.058542261	-0.0409929585	0.0498948639	-0.017671711	-0.1501774485	-0.0242752625	0.0498448009	-0.0354857938	0.0099880529	0.0770102297	-0.0325370451	-0.0244478513	0.0207320303	-0.0404424122	-0.1265479377	0.0844924897	0.0609098832	0.0047513248	-0.0170651879	0.0773917205	0.0033042041	-0.1164457886	-0.0194165758	-0.1284482626	0.0368473406	0.0114785108	0.1083215831	-0.1210360402	-0.0944805771	0.0914284817	0.0912803678	0.091033689	0.0906887116	0.0902458083	0.0897054572	0.0	-0.0187562314611966	-0.0204949094147223	0.0004200413119176	0.0003517962186259	0.0233875415969748	0.0402201612065055	0.0016176613674772	0.0005469771019502	-0.0659624376857834	0.0346061733640823	0.0043510431854508	0.0011975872349049	0.0008260735105496	-0.0003299292909808	1.0885333704715933e-07	6.8239744483174e-07	-0.0005118811759148	-0.0005121140835308	2.622608345506755e-07	2.620223382559185e-07	0.0002877115185036	-0.0001152882303012	1.3291376045982529e-08	8.277791787964736e-08
800.557214503863	-0.3584252535998757	640891.853694184	0.1284686624181352	953.2602400116572	-1.060266962114838	908705.0851870824	1.1241660309522272	787.4414214662262	0.52702142138196	0.2777515785954614	620063.9922407508	793.3047886881851	670.4291666406014	1.06767	33.214066	0.0813197727019194	0.0394611580272606	-0.104876226	-0.0425017157	0.0641683308	0.0021992685	-0.0175120696	0.0303998312	-0.0850276036	0.0748751069	0.0092718554	0.026988422	0.0273194409	-0.1281266038	0.0022333665	0.0321257909	0.0669750511	0.0745080895	0.0585379561	-0.0455115063	-0.0549822097	0.0502135024	-0.0802866341	-0.0071598968	0.015382058	-0.0197283935	-0.0323400782	0.0779624498	0.0915544358	-0.0093067816	0.002018472	-0.0476051404	-0.0620424783	0.1208830532	-0.0017074369	0.0054692276	-0.0006678668	0.1414984032	-0.0043937078	-0.0049572028	-0.0335071383	0.0256687101	0.093277117	0.0168130855	-0.0485923871	0.0373996293	0.0134713386	-0.0075319671	0.0597587786	-0.1083295297	-0.0813583395	-0.0979757032	0.001709411	0.1034721556	0.0303861891	-0.0145245213	0.0365037837	-0.0077215182	0.0176517264	-0.0677237706	-0.0197282903	0.0002782316	0.0317842018	-0.0038409887	-0.0099300046	0.0178431549	0.053161145	0.0082370682	0.0174458291	0.0637324408	-0.0055299172	-0.0161120272	0.0711772844	-0.0201891115	-0.0588994157	-0.0165711388	-0.0749155745	-0.0292853078	-0.0465965449	-0.0804259675	-0.0544132397	0.0030829517	-0.0503937232	-0.1561750634	0.0332456144	-0.0088403647	-0.0565922154	-0.0088775247	-0.0196379104	-0.08171543	-0.0595486749	0.043538255	0.074234574	0.0191728524	0.0173355359	-0.03568379	-0.0682270133	0.0591510322	0.1147371842	-0.0111666969	-0.0193614821	0.0034684647	0.0497888264	0.0737277575	-0.0034085613	0.0306393239	-0.0619750755	0.0176601264	-0.0810727579	0.0316106357	0.0725671597	-0.0016293886	-0.086904324	-0.0302123542	0.0155497694	-0.0039574269	0.0500616835	-0.1380891549	0.0048670952	0.0747977751	-0.0007785798	-0.0062652867	0.0203255587	-0.004542766	0.0299822162	-0.0100664765	-0.0359506279	0.0035491715	0.1151928216	-0.0704075394	0.0027108596	-0.1292091779	-0.0140286603	-0.0421029619	0.0292836622	-0.0692616305	0.0072569303	-0.0038492312	-0.0010316656	0.0303849845	0.0285244487	-0.0826503511	-0.0403630646	-0.0238276962	0.0518136326	0.00540456	0.0257175494	-0.035973522	0.0112629703	0.0276981806	-0.0489955114	-0.0521701634	0.0162253886	-0.0881649492	-0.0467934217	-0.0374686087	0.0460473475	0.0327244062	-0.1227389372	-0.0106237704	-0.0249749712	-0.050065168	0.1009031616	0.0485227772	0.0296388181	-0.0131590751	-0.1011889052	-0.1074850769	-0.0115556779	0.0534526878	-0.0809812878	0.0197846064	0.0025366593	-0.0668047549	-0.0452173615	0.0628939401	0.0276951112	0.0480327051	-0.0213294871	0.1194109047	-0.0715051824	-0.0206103871	0.0888984184	0.0488706922	0.0444392496	-0.0415509738	-0.0021673249	0.0252351252	0.0223774466	-0.0247215483	-0.088289945	0.0020802673	-0.1176076768	-0.0411077683	0.037484427	0.0869464757	0.046407946	0.0116498732	-0.0082679777	-0.0821723668	0.0931017116	-0.0537215295	0.1060420578	0.0360478708	0.0400789616	0.1380344267	-0.0511473526	0.0913810765	0.0910908987	0.0906079513	0.0899332563	0.0890682417	0.088014738	0.0	-0.0157416783712989	0.0030145530898977	9.087530331811772e-06	0.0002478004379454	0.0051888085963014	-0.0181987330006734	0.0003311938828297	2.692373464905131e-05	-0.0394732665138377	0.0264891711719457	0.0015581387692724	0.0007016761893766	0.0009770177383451	0.0001509442277955	2.2784159904779824e-08	9.545636610409743e-07	-8.981110916694846e-05	0.0004220700667478	1.781431412445359e-07	8.066035329797533e-09	0.0003870435327483	9.933201424470004e-05	9.866849053909291e-09	1.498026962422844e-07
797.8924775589219	-2.664736944941069	636632.4057451147	7.100822985733862	953.2107365589268	-0.0495034527303914	908610.7082912116	0.0024505918322301	785.2134672029248	-2.227954263301399	4.963780199362879	616560.1890768387	792.0463201799009	646.6458037843995	1.18062	36.727829	0.1554699095635124	0.0890392287581045	-0.0060219594	0.0702490186	-0.1442210248	-0.0214412949	0.0208848628	0.0354458572	-0.0310770186	0.0506805647	0.0270191112	-0.0576885329	0.1463745377	0.106877275	0.0198473392	-0.0415533815	-0.0957180089	0.0418670399	0.0795549096	-0.0610815178	0.0741758142	-0.0770316004	0.09352743	0.1472460643	-0.0733815776	0.0580990942	-0.0464092906	0.0445035859	0.0175867289	0.0164530909	0.0022883715	-0.0279086565	-0.0495937377	-0.0981919603	-0.0534607846	0.0283954127	0.0307493796	-0.1205752338	0.1032228291	0.0324316136	0.0248709656	-0.0306982015	-0.0485265942	0.0578749178	-0.0390338803	-0.0304113911	0.0062970633	0.0512385548	-0.0095078944	0.0260956755	-0.1196789299	-0.0542251688	-0.0339802517	-0.0299437833	-0.0144963776	0.1354503906	0.0296569821	0.0558990348	-0.0754015931	-0.1148688209	-0.0121580053	-0.0426517335	-0.0182332242	0.0058690782	0.0986991022	-0.0026085824	0.0042383013	0.0748846946	-0.1555279478	-0.029317547	-0.0261670489	0.0001050541	-0.0929416287	-0.0601897552	0.0810227552	0.0335478121	-0.0602177245	0.0341633449	0.0459728959	-0.0665401755	-0.110012384	0.0205315006	0.0212553258	0.0606016184	0.0307325496	-0.0102658077	0.0537165953	0.0194200976	-0.0216734585	0.081928284	0.0208237536	0.0277566313	-0.0017181902	-0.0416521289	-0.0666907636	-0.0182384128	-0.0225458511	0.0585645749	0.0807139253	0.06744009	-0.1396280065	-0.0711789124	-0.0242036516	0.0634147844	-0.0927313736	0.0255573467	0.0404775359	0.0969193065	6.97078e-05	-0.1185712903	-0.0896102864	-0.0390716041	0.0627131803	-0.0279634107	-0.0434970507	0.0794567899	0.0033503016	0.1530990718	0.0088200131	0.017182974	-0.0143964567	-0.0692606709	0.0110674499	-0.0107315683	-0.0073843698	0.0315373999	-0.0213497776	-0.0011218479	0.0186248239	0.0076609328	0.0040051947	0.0592487365	-0.0331485249	-0.0269036587	-0.0248049689	-0.0304752429	0.0607955957	0.1152374922	-0.119246203	0.042842139	-0.0574288082	0.0103927119	0.0498371561	0.0985631843	0.1415057059	-0.1747423388	0.0340712642	-0.0794352296	0.0950869597	-0.0565597498	0.0347735407	0.0262659202	-0.0284771925	0.0803122226	0.0290827603	0.0434073918	-0.0962496477	0.0869455026	-0.0295279054	-0.1092250585	-0.035645148	0.1250759608	0.1563026275	-0.0199957152	0.0138169309	0.0185211796	0.0073194271	-0.0726982204	0.0530175091	-0.1391500279	-0.0191325076	0.0244607332	0.0015550514	0.0338801833	-0.1109546335	0.0161136058	0.00314579	-0.037441478	0.0463759653	0.0244489632	0.0018828268	0.1308913109	0.0614785505	0.0357876714	-0.0726620267	-0.0197597497	0.028723773	0.1336062717	0.0065646244	0.0510612387	0.0531272098	0.0877671362	-0.128968739	0.0104395009	0.0143788257	0.0578876081	-0.0320601545	0.0640501572	0.0212782051	0.0278789975	-0.0345328878	0.0285632695	0.0654635267	-0.0264212795	0.0077552571	-0.0060841199	0.0296965514	0.0913178824	0.0908384769	0.0900413312	0.0889292336	0.0875060741	0.0857768306	0.0	0.0120340419292688	0.0277757203005677	0.0007714906382153	0.0001448181651553	0.0309877491296504	0.025798940533349	0.0006655853326432	0.0009602405961221	-0.1173984141590125	-0.0779251476451748	0.013782387647051	0.0060723286355222	0.0005650067703418	-0.0004120109680033	1.697530377550164e-07	3.192326505320715e-07	-3.538691161852903e-05	5.442419754841943e-05	2.9619932787893833e-09	1.2522335138975843e-09	0.000400010388885	1.2966856136699995e-05	1.6813935806987438e-10	1.6000831121592898e-07
797.6471547404598	-0.2453228184621139	636240.9834655509	0.0601832852581952	950.1031426436064	-3.1075939153204217	902695.981661257	9.657139942536508	786.5156082940733	1.3021410911485418	1.695571421257515	618606.8020901962	792.5283495698122	642.5602726394781	1.041338	32.394936	0.0854221857268475	0.0429892116461072	0.0552409964	0.0300176304	-0.0247541425	-0.0313026816	-0.0978831805	-0.0101379148	-0.031106283	-0.0144876414	0.0125526063	-0.0563790355	-0.0283346592	0.0076070889	-0.0301259199	-0.0083222422	-0.0144044767	0.0829574988	-0.0236678995	0.0020636888	0.1159235769	-0.0976375516	0.1045543677	-0.0800343216	-0.0075140693	-0.0882346485	0.0679555256	0.059965536	-0.0173561153	-0.1094366001	0.0562269815	-0.0626436738	0.0122026513	-0.057885264	-0.0454341452	-0.0161788655	0.0237278223	-0.0420577545	0.0061196429	-0.0400017547	0.0267011658	0.1402653884	-0.0837787898	0.0027204896	-0.115198054	-0.0861317136	0.1173097222	0.0400351001	0.0908318101	0.0738919012	-0.0181065077	-0.0114038846	0.0129467397	-0.0196651677	0.0437185858	-0.1145014624	-0.0333348103	-0.0344257842	-0.0087079877	0.0056830718	-0.0053835084	-0.0104522279	0.1049239172	-0.0167982479	-0.0165649082	0.0297504859	-0.0308965933	-0.0348800646	0.0514741295	0.0434069928	-0.0353298859	0.0532078046	0.0587395366	-0.0082563438	0.0247564234	-0.0200835586	-0.0921571267	-0.0244464828	0.0082312856	-0.0457760159	0.0400709998	-0.1259503142	-0.146772114	0.0279849638	-0.1513194498	-0.0489642348	0.0734540272	0.0708918867	0.0194811296	-0.0352140606	-0.1056366247	-0.0570342198	0.0091895163	0.0526878554	0.0958854786	-0.0007583932	0.0555736827	-0.0745690422	-0.0320865265	0.0124592791	-0.0174251836	-0.0433632355	-0.0022099013	-0.0197770352	-0.1865014801	-0.0292544419	-0.0439647317	0.0083768632	0.0670823197	-0.0204437399	0.0192812174	0.0236471969	-0.0190781697	0.1837474216	-0.005862479	-0.0431199119	0.070819901	0.1575244039	-0.0374964317	-0.0324324466	-0.0867326748	-0.0882954805	-0.0181310631	0.0230654029	-0.0417449945	-0.0362030912	0.0728536645	-0.1223481975	0.0404949526	-0.0425516866	0.022024528	0.0297109159	0.0280446906	0.045824826	0.0536766229	-0.067237714	-0.0402877167	-0.0163211424	0.0688576112	-0.0415459214	0.0081055667	-0.0471077391	-0.0459038334	0.0071295704	-0.0096150162	0.0976032301	0.0206254783	-0.0316919731	-0.004249524	-0.0349264079	0.0940440637	-0.0269879024	0.1006807918	-0.0126382257	-0.0045277269	0.042017567	0.0827055178	0.0155767227	0.0383979954	0.0404088452	0.04037672	-0.0207404647	0.0300979913	0.1653738916	-0.012287577	0.04054106	-0.0411399591	0.0678048074	0.0343938542	-0.0043361142	0.1039428997	0.0306900435	-0.0211079602	-0.0529355494	0.0931524693	0.0700345581	0.0292544832	-0.1487283427	-0.0350321343	-0.0307342309	0.0044426428	-0.0517270118	0.0208405213	-0.0164713699	-0.0839441651	-0.0055503939	0.0307099197	0.105950585	-0.0614134373	-0.1114520486	-0.0342779709	0.0081635409	-0.052003195	0.0376491627	0.0162346285	-0.0026252239	-0.1448941989	-0.0011127738	-0.0884767449	0.08695516	0.0250316449	-0.0998665162	-0.1754935763	0.0885364368	0.0039786768	0.0124182852	-0.0746816558	0.0912389102	0.090523277	0.0893347099	0.0876794186	0.0855660509	0.0830056482	0.0	0.0304621509589679	0.0184281090296991	0.0003395952024104	0.0009279426410469	0.006882876123015	-0.0241048730066354	0.000581044902666	4.737398372476999e-05	-0.0953121095575966	0.0220863046014159	0.0090843982283192	0.0004878048509465	0.0009540069689245	0.0003890001985827	1.5132115449738006e-07	9.10129296756512e-07	-3.532203876188689e-05	6.487285664213971e-08	4.2084875289116105e-15	1.2476464222962394e-09	0.0003730174785424	-2.699291034260001e-05	7.286172087636425e-10	1.3914203929812984e-07
798.3478273601393	0.7006726196794943	637359.2534506547	0.4909421199685253	952.0807122742104	1.97756963060408	906457.682684568	3.910781643887557	786.3895444138445	-0.1260638802287985	0.0158921018983408	618408.515563414	792.3538458944302	627.4884732317727	1.055546	32.836926	0.0910299796989053	0.0516774002324015	0.0624676119	0.0094458469	0.0307352922	0.0509986186	0.1177180505	-0.0410033176	-0.0621684761	0.0035759255	-0.0418829611	0.0176804968	-0.0470093528	0.0409407518	-0.0394939275	0.0406642863	-0.1377251328	0.0144417796	-0.0111548157	-0.0862265449	0.0355118991	0.0313736091	-0.1011538172	-0.0618418654	-0.0665302709	-0.0928159078	0.0330577325	-0.0183449378	-0.0105334054	-0.0985501091	0.0733278921	0.0419356951	0.0416850219	-0.069469125	0.01578093	-0.0156310511	0.0477257473	-0.1140052817	0.0121271002	-0.0586782096	0.0190660782	-0.0568370516	-0.0989840429	-0.0536568888	-0.0118939784	-0.0419923678	-0.0278585765	-0.0228733975	-0.076812252	-0.0124746959	0.0246859937	0.0580970636	0.0810836117	-0.1428005241	0.0835090096	-0.0785252203	0.0421806363	0.0586114695	0.0270353351	-0.039409994	-0.1197401879	-0.0028549567	-0.0835674189	0.1210959187	0.0369637331	0.0041440105	-0.0185059029	-0.0388535364	0.0642794012	-0.0093201139	-0.0124309725	0.0023149646	0.0703740623	0.0340051291	-0.0114509514	0.0485900355	0.0356384419	0.0328297704	-0.0126548599	-0.014302163	-0.0531156576	-0.0831470397	0.0629361396	0.0747969094	0.0026413544	0.0667798224	0.0847135523	0.059395082	0.0495025615	0.0163257333	0.054572531	-0.0112447476	-0.0232799903	0.0833847825	-0.1206183817	0.0127857607	0.0127305878	0.1041706697	-0.0511275092	-0.0167980918	-0.1226851124	0.0272989966	0.1093516559	0.0222463545	0.0117120283	-0.0898393323	-0.1048530001	-0.0243638076	0.0726658196	0.0111430489	-0.0956859555	-0.0364128866	0.0650097051	0.0359243707	0.0648861399	0.082093337	-0.0146072493	0.0718169015	-0.0086029444	-0.0433571051	0.0554003418	-0.0253810853	-0.0061845295	-0.0421851282	-0.0116024178	-0.0921327399	0.0438734458	0.0861892808	-0.0362042601	0.0514090971	-0.0092174148	0.0362063546	0.0277866677	-0.0727471192	-0.0839461074	-0.0507736663	0.120213928	0.0372294052	0.0773905524	-0.0572538969	0.0074553156	0.1196455666	-0.0385684298	-0.0223548084	-0.0873902864	0.103180103	0.0538025123	-0.0102612231	-0.0526519177	0.0439840363	0.0402168992	0.0136337794	-0.0058654235	0.0463263377	0.0626833152	-0.035265688	0.0327353147	0.0517160935	-0.0277327069	-0.0649408955	-0.0073112376	-0.0340998693	0.1188376528	-0.112883133	-0.0150081915	-0.0465933244	0.0640481999	-0.0822449199	0.0530293187	-0.0968955931	0.0084684549	0.0206650026	-0.0979390591	0.086273181	0.0881074641	-0.0236157454	0.0112992906	-0.012055757	0.0517331774	-0.0490971857	0.0232555532	-0.077663913	-0.0042571884	-0.0927103495	-0.0137401187	0.0240459868	0.0134801208	0.0802889442	0.0683553619	0.0307803439	0.0879892315	0.01421932	-0.0518186863	0.0165294184	0.0096935781	-0.1089800358	-0.0441577647	-0.0981405914	-0.0303191433	-0.0255119845	-0.0207353517	-0.0188354723	-0.016491797	0.0625781969	0.0498258627	-0.0557640671	-0.0738450077	0.0911441736	0.0901455167	0.088489186	0.0861872655	0.0832565493	0.0797184191	0.0	0.0329320485223973	0.0024698975634293	6.100393973834483e-06	0.0010845198198815	0.0331459927031403	0.0262631165801253	0.0006897512925012	0.0010986568322766	-0.0555680823534316	0.039744027204165	0.0030878117764377	0.0015795876984054	0.0007040422280549	-0.0002499647408695	6.248237167800625e-08	4.956754588845079e-07	-0.0002103593110842	-0.0001750372723223	3.0638046702035605e-08	4.425103975981923e-08	0.0003990742323742	2.6056753831799984e-05	6.78954420251023e-10	1.5926024294505696e-07
799.942035606741	1.5942082466017382	639907.2603306565	2.5414999335329886	956.037425262249	3.956712988038589	914007.5585020704	15.65557766971326	788.3452305281678	1.9556861143232709	3.824708177756854	621488.20249651	794.4080505211566	658.0638962214673	1.085244	33.760799	0.0727820847462589	0.0401172980816141	-0.0356975816	-0.026653081	0.0792642329	0.0729526814	-0.0388617183	0.0882688452	0.051132013	0.0319118302	-0.0841875944	0.051371923	-0.0595333081	-0.0364899415	-0.064214842	-0.0301797942	-0.0453133547	-0.0650202601	0.0731410766	0.1288199424	0.0644000624	0.001881549	-0.0561669603	0.0145264782	0.0026408632	0.0189100182	-0.1651002979	0.1319751739	-0.0258077418	-0.0019595928	0.0066157852	0.0549856671	0.0594302783	0.038076539	-0.001575478	0.0616591548	-0.0546494128	0.0262034061	-0.1042755534	0.0676889959	0.084216529	0.012418405	-0.0526178192	0.0571121424	-0.0763904696	0.0816927371	0.02522018	-0.0979760489	0.0470485078	-0.0818373992	0.0228147963	-0.0049366677	-0.0131011352	-0.1243384522	0.0231495991	-0.0439228893	-0.0515079218	0.0021908586	0.0960559208	0.0480629551	-0.1234254547	-0.0525390198	-0.0109525774	0.0241565899	0.0433846684	-0.1868131163	-0.0885207922	0.0334250425	-0.0058683723	0.0368632181	-0.0068654946	-0.1130803911	0.0518483754	0.0285092629	0.0225230814	-0.0195427302	-0.0087544864	0.0169807853	-0.0483099166	0.0023598138	-0.0689769295	0.0917610633	0.0677328494	0.0236612234	0.0264066382	0.0379753305	-0.0743642928	0.0216545796	-0.0725056986	0.0679371802	-0.070281663	-0.0433691163	0.0463963579	0.0098152092	-0.0432915604	-0.0910050767	0.0109745332	0.0492623337	0.0829245825	0.0521676068	-0.0498729314	-0.0013429305	-0.0245648424	-0.0717795072	-0.0525332008	0.0928080963	0.0532882941	-0.0936678413	0.0197613339	0.0045550789	0.0504279413	-0.0039071676	0.0195920425	-0.0046174726	-0.0539965422	-0.0736643448	0.0664987168	-0.0492078814	-0.0329555913	-0.013042127	0.1285088616	-0.0169134757	0.0590229853	0.0413226039	0.0575645163	-0.1013650742	-0.0525147346	-0.1031627	0.0815750895	0.0396665861	0.0223001934	0.1142920906	-0.0320067225	-0.0716880411	-0.1634913737	-0.1261862078	-0.0545046569	-0.0159792525	0.0289798443	-0.0971434239	-0.0524313979	0.0030664432	0.0130335946	-0.0402762594	0.0840024379	-0.0032389887	-0.0536858881	-0.0141410113	0.0060895519	0.1127972989	0.0379468853	-0.0272046043	0.071550837	-0.0092235964	0.00403147	-0.0033729219	-0.0022877011	-0.028799031	0.0301876454	-0.0070011606	-0.053315441	-0.0722071416	-0.0009563108	-0.0621015769	0.0816476425	0.0139165142	-0.0527460848	-0.0037963762	-0.0571509577	-0.0455669352	-0.0367175251	-0.0218727335	-0.0452580389	0.08999104	-0.0240682346	-0.0350147246	-0.0434117512	0.0173678004	0.0417123395	-0.0416647981	0.0108683083	-0.0464908125	0.0374854461	-0.0400015283	0.0486468365	0.0014559506	0.0141891616	0.053816458	-0.0884270213	-0.0340973007	-0.0279096545	-0.0061323265	-0.0707764431	-0.0152327354	0.0199801231	-0.0249505136	-0.0286601099	-0.0446628373	0.0250009586	0.0400314881	0.0110488945	0.0188101642	0.0341890552	0.0204706032	-0.0347453593	-0.1299778802	-0.0120116556	0.091033689	0.0897054572	0.0875060741	0.0844568986	0.0805875418	0.07593558	0.0	0.0233070693644208	-0.0096249791579764	9.2640223791482e-05	0.0005432194823579	-0.0009823614060451	-0.0341283541091854	0.0011647445542019	9.65033932086906e-07	-0.0703952931451397	-0.0148272107917081	0.0049554972969901	0.0002198461798617	0.0007870067680703	8.296454001539995e-05	6.8831148999669e-09	6.19379652988459e-07	-3.53532201691209e-05	0.000175006090915	3.062713185737693e-08	1.249850176326337e-09	0.0003730140495569	-2.6060182817299982e-05	6.791331284710975e-10	1.3913948116683744e-07
799.5329229909497	-0.4091126157912867	639252.8949464519	0.167373132399589	948.5120615169702	-7.52536374527881	899675.1308431727	56.63109949875672	787.593721738254	-0.751508789913828	0.5647654613177461	620303.8705215142	793.1288684260702	652.9675320073178	1.06208	33.040195	0.0879823343778441	0.0504096362898509	-0.0762870987	-0.0230951825	-0.021257279	-0.1330121421	0.0113740227	-0.034252729	0.0035671257	0.0778536523	-0.0298715416	0.0783422359	0.0133751702	-0.0395055494	0.0109589907	0.1452801989	0.0660925557	0.0103124901	0.0532175232	-0.0145046134	0.0250587688	0.1399672749	0.0185534904	0.0193938276	-0.0109113666	0.0826165785	-0.0631843501	0.0371925605	0.1884271025	0.0320601375	0.0516733625	-0.0189035268	-0.0701125277	0.1046189545	0.0289949181	-0.0830033462	0.0105007799	0.0948459237	-0.0594512859	-0.0319945767	0.0598503089	-0.0512805716	-0.015073697	0.0404484343	-0.1058646023	0.102413714	0.0031338157	-0.0170345126	-0.0683110938	-0.0237966617	-0.061127452	0.0084309802	-0.0107351929	-0.1085365325	-0.0685112729	0.1342024411	-0.0967909185	-0.019077838	-0.1876560473	-0.0629085651	0.0517822033	0.068558678	0.0463571568	-0.0175015184	-0.0120874229	-0.0255162602	0.0290780037	0.0142982215	-0.0924436971	-0.0610590037	0.0463541574	-0.0775858058	-0.049682507	-0.1031653552	0.0363406835	0.0019028792	0.1110736423	0.0818836285	-0.0197528509	0.0641376703	0.0450768657	0.0093695856	-0.0257101232	0.0690215384	0.0348587101	-0.0604387348	-0.0291225095	0.0431533895	-0.0257475149	0.047997631	-0.0136405781	-0.0345426665	-0.0337528025	0.0484056707	0.013928831	0.03619054	0.1666343793	-0.1512442946	-0.0654953194	-0.070185516	0.0003730168	0.0250679475	0.02049607	-0.0151568691	-0.0347283594	-0.0909189015	0.0127713243	-0.0321450571	-0.0888798809	0.0627555975	-0.0277717404	-0.0491170851	-0.0981204163	0.0315222779	0.0139681707	-0.0723933402	-0.0019106047	-0.1541927168	0.000527497	0.0430697794	0.0691055704	-0.0301866921	0.0567189798	-0.0872974652	0.0390576595	-0.0622155259	0.0138405411	0.0840803896	0.089143831	0.095285509	0.1251864112	0.032981052	0.0523961855	-0.0092762518	0.0925402384	-0.0039887591	0.0270090637	0.0149840127	-0.0775265597	-0.1201088473	-0.0938779256	-0.0126399009	0.0447458098	-0.0352960096	0.0566937923	-0.0473000799	-0.1091502132	0.0014523615	0.057645795	-0.0665077162	-0.0898346117	-0.0598600876	-0.0275940006	0.0960687471	-0.0217206992	0.0242963452	0.0153323415	0.1475806618	0.129612628	0.0088940182	-0.0936475489	0.0261681214	-0.0594317165	-0.0044357792	0.0407899696	-0.0232423513	-0.0256776231	-0.0216737597	0.0901562693	0.0693595734	0.0178084871	0.0102669586	-0.0078059699	-0.0089838664	0.0156439584	-0.0175524366	-0.0037977948	0.1185983099	0.0342402353	-0.0812910518	0.0210070002	0.0569057242	-0.0583101459	0.0663516244	0.0777239458	-0.0243606961	0.0142270001	0.0579267755	0.0615907869	0.0148914246	-0.0188134086	0.0153673313	-0.0364446338	-0.0418826661	0.0389835668	0.0681862619	0.0117868808	-0.1302264685	-0.0600798355	0.0762725024	0.0468868123	0.0094743989	0.158502028	0.0004696955	0.0864126466	-0.0390966657	0.0586691132	0.0909074754	0.0892034024	0.0863869029	0.0824931004	0.0775705533	0.071680649	0.0	0.0262555494983018	0.002948480133881	8.693535099890919e-06	0.0006893538794577	0.0151516058817833	0.0161339672878284	0.0002603049004447	0.0002295711607968	-0.0341172757434407	0.036278017401699	0.0011639885041539	0.0013160945465979	0.0002339881099996	-0.0005530186580707	3.058296361743178e-07	5.475043562118491e-08	6.404359023859385e-05	9.939681040771477e-05	9.879725919227191e-09	4.101581450648913e-09	0.0003729921269466	-2.1922610300012524e-08	4.806008423662152e-16	1.3912312676414858e-07
799.3830948627577	-0.1498281281919844	639013.3323523607	0.0224484679975137	953.6159324898624	5.103870972892196	909383.34669851	26.04949890793153	788.8672668371905	1.2735450989365518	1.6219171190253114	622311.5646871792	795.3574675636272	646.2695558606092	1.060125	32.979374	0.048850374767094	0.0282539633228519	-0.0558177889	0.0617314152	-0.0401387439	0.0671912613	-0.0373110858	0.013178924	0.0375497987	-0.0525071609	0.0591427037	-0.0003209519	0.0690251578	-0.0477989216	-0.0944191697	-0.0321382035	0.0841218551	-0.0831430686	0.0581112037	0.0356877384	0.060622344	0.0871422559	-0.0885616589	-0.0345973474	-0.0495282355	0.0925567741	0.0988014197	-0.0087254034	-0.0068427221	0.0550156616	-0.0340824662	-0.0678544468	-0.0084843912	0.0696048717	-0.1139293571	0.0880606222	-0.0373138211	0.0286137373	0.0405545726	-0.0353999864	-0.0876181853	-0.0657887743	-0.0969896223	0.0809473533	-0.0017104924	0.0987076774	-0.1266116856	-0.0393549011	0.0576403458	0.0307442443	-0.0384056123	-0.0136984162	0.074735467	0.0621088418	0.1017661361	0.1010927227	0.1085828392	-0.1375134016	-0.0015505452	-0.0106230478	0.1329219073	0.0615041694	-0.0121906192	-0.0758782523	-0.0213451401	-0.040805252	-0.0445823164	0.0840585409	0.0572660597	0.0134442183	0.0507325526	-0.0932341544	0.0639470973	-0.0719726203	0.0161918093	-0.0047140092	0.0619759789	0.0275751786	0.0506783595	0.1102289051	-0.0512478324	0.0268626039	-0.0068891634	-0.0202912251	0.0283174465	0.0554953269	-0.0651317599	-0.0057131864	0.0996928007	0.1857172263	0.0063194203	0.0168016512	0.0647246006	-0.0096750005	-0.1587550211	0.0511380183	0.0038267164	-0.0619256445	-0.0554126328	-0.0203336825	-0.0268855475	0.1376400571	-0.0842781873	0.059703077	0.0771749342	0.0820824092	0.022554158	0.0717201433	-0.0609564926	-0.0238981189	0.1530972555	0.0049464239	0.1136149671	-0.0697126604	0.0661987815	-0.017101319	0.0137113939	0.0198453529	-0.0027278558	0.0921203797	0.0583588774	0.0583077854	0.0521327941	0.0086550638	-0.0780376308	-0.0039392113	0.1087449218	-0.0052779101	0.0488403109	0.0366630747	-0.0353194642	-0.112358138	0.0735127273	0.0746461161	-0.0642892107	0.0274022099	0.0048295933	-0.0034288569	-0.0645346937	0.0360925352	0.0020916509	-0.0923906868	-0.1073033365	0.0036941901	-0.073317557	-0.0632373911	-0.0918952967	0.032348161	0.0140562121	0.035138545	-0.0156292541	0.0012048881	-0.0922141111	0.0286094848	-0.0822597176	0.0425334524	-0.1284900327	0.0077740475	0.154887253	-0.1129010979	0.0008619617	-0.0789021539	-0.0619645498	-0.0288088351	0.0803510577	-0.1027837703	-0.0544474606	-0.0157128546	-0.1079383678	0.0725076355	-0.018412045	-0.0567691954	0.0329567766	-0.046792536	0.0356704539	0.1333076756	-0.0439462817	0.1214415255	0.133847418	-0.0190553967	0.0492055669	-0.0617505704	-0.0424916168	0.0956565752	0.0282783594	0.0285063553	-0.0493455218	-0.0006226409	-0.0805124105	0.0761899994	0.0005395187	0.04545405	-0.0937589212	-0.0360494582	0.0224243595	-0.0005865726	0.133413239	-0.10627178	-0.0589878863	-0.0479755175	-0.0762674816	0.1203755765	0.1183458216	-0.1651581475	0.0944014691	0.1261983136	0.0158586641	0.0907655546	0.0886396995	0.0851334125	0.0803012987	0.0742186113	0.0669800789	0.0	0.0254638046729525	-0.0007917448253492	6.268598684673932e-07	0.0006484053484222	0.0083357142200526	-0.0068158916617306	4.645637914445007e-05	6.948413155838714e-05	-0.009175242958662	0.0249420327847787	8.418508335047662e-05	0.0006221049994369	0.0003279444498765	9.395633987689996e-05	8.827793803063545e-09	1.0754756220480021e-07	0.0002960608799813	0.0002320172897427	5.3832022739550874e-08	8.765204465530174e-08	0.0003729516466615	-4.0480285099973e-08	1.6386534817750959e-15	1.3909293074752436e-07
798.8747472201903	-0.5083476425674007	638200.861746123	0.2584173257038338	952.4323043317984	-1.1836281580640389	907127.2943347794	1.4009756165620697	786.8499567305859	-2.0173101066046684	4.069540066209338	619132.8544069248	793.0070845448902	654.5289417911434	1.093894	34.029892	0.0960908920135514	0.0497544108947307	0.0439770158	0.0598334774	0.0462958627	-0.0650106908	-0.0717544615	-0.0315878935	-0.0725329915	-0.0895629712	0.0833414336	-0.0408484521	-0.0756773385	-0.0897974997	0.0006833343	-0.0020618757	0.0257707866	0.0388039169	0.1631726301	0.0162953596	-0.0055350469	0.0142042124	0.0510196822	-0.0039308834	-0.035716827	0.0354330706	0.0751915022	-0.0327848159	-0.0468640032	0.037258064	0.0265017336	0.0116878844	0.0217116999	-0.0792584018	-0.028776479	-0.1027764393	-0.0488449889	-0.1590651816	0.0393558883	-0.0370195985	-0.0539089369	-0.0641912414	0.0777504283	0.053713089	-0.0277741933	-0.1288592964	0.0038289781	0.0526816854	0.0424009349	-0.0065361731	-0.0638418376	-0.0006842419	-0.0256277118	0.0444429621	0.0345942333	0.0518915127	0.0752565992	0.0516274634	-0.0165476571	0.0623215008	0.1025513353	-0.0617607095	-0.1200827129	-0.0385629457	-0.0609583666	-0.1278320813	0.0712980197	0.0228338604	-0.1182924466	0.1257716281	-0.0581558138	0.0625887828	0.1268366294	0.1567606032	0.0298564398	0.025542419	0.053935793	-0.0029538111	0.0092871894	-0.0314360009	0.1267235989	0.0715217496	0.0104410838	0.0274856934	0.0493236552	0.042162115	-0.1469613734	0.0076380865	0.0038778613	-0.1142355562	0.0229160413	0.0116707107	0.018432989	-0.0422735658	0.0250066983	-0.0272690913	-0.0735742612	-0.0946470597	-0.0285134733	0.0632721972	0.0528502194	0.0915240547	0.1317054468	0.0363413708	-0.0362161395	0.0514093978	0.0069766597	0.071711727	0.0685348856	0.0726261616	0.032166915	-0.012015252	0.0625649972	0.0356907395	-0.0351334445	0.0660301209	-0.1302465188	0.1091926932	-0.0576357858	0.0148373429	-0.1319429502	-0.0921632464	-0.0483917294	0.0847722128	-0.0146547056	0.0152362201	-0.1573018334	0.0292591764	-0.0489564751	0.0316114065	-0.0129915613	-0.0601445796	-0.0187508278	-0.0620220687	-0.1038849481	0.1045848104	-0.0473171787	-0.0161096205	-0.0634964558	0.0318457242	0.0731494944	-0.1107521903	0.0135565332	0.0630176921	0.0559870568	0.0499819822	-0.0098769384	-0.0267198206	0.079306343	-0.1053340495	-0.0754283788	-0.0333149926	0.0860660266	-0.1142304452	-0.0184849806	0.0264915594	0.0460456787	-0.044065751	0.1114226998	0.106857905	0.0257285668	-0.0278366066	-0.0843607071	-0.1657875285	-0.0175695283	-0.0871883023	0.0078785141	0.0480143056	-0.0367100228	0.0720140252	-0.1172503528	0.0443006853	-0.0883733347	0.0829958316	-0.0343379819	0.0555988695	-0.0942893681	0.0507899976	-0.0609421976	0.0439553081	0.0349743392	-0.0149665378	-0.1004699949	0.0019596798	-0.1142250886	0.0280253753	-0.0734649719	-0.0066851093	0.0440695228	-0.0144706568	-0.1156739123	-0.0063926096	0.0102820401	0.0342738254	0.0111368885	-0.0048609736	-0.0376850237	0.0609237619	0.0160288538	0.0225927091	0.0006505502	0.0123748548	-0.0277256313	-0.0586923645	-0.0478472899	0.0212552057	0.0029159503	0.0906079513	0.088014738	0.0837475519	0.0778875515	0.0705461896	0.0618630933	0.0	-0.005834597287091	-0.0312984019600435	0.0009795899652524	3.404252550252965e-05	0.0098176987356453	0.0014819845155926	2.1962781044565277e-06	9.638720846389132e-05	-0.0345837554286703	-0.0254085124700083	0.00119603613955	0.0006455925059385	0.0003390033599312	1.1058910054700043e-05	1.2229949159794568e-10	1.1492327804464274e-07	-0.0001319907926748	-0.0004280516726561	1.83228234463685e-07	1.7421569350922038e-08	5.402236801416055e-05	-0.0003189292786473	1.017158847785123e-07	2.918416245857397e-09
797.634418029865	-1.240329190325383	636220.6648258413	1.5384165003732202	950.7667074645592	-1.6655968672391737	903957.3320229988	2.774212924156949	787.5696381551618	0.7196814245759242	0.5179413528796317	620265.9349438525	793.0328868939748	633.6369306294872	1.051839	32.721596	0.043169211869709	0.028615886897407	0.0934440839	0.0325234743	0.0213259963	0.007348601	0.0975917084	-0.0029722189	-0.0106315909	0.0140852286	-0.0091793837	-0.0900440919	-0.0545234307	0.0479049067	-0.0341476056	0.020942633	0.0075424482	-0.0078712477	0.0542591838	-0.0741919972	0.0345653036	-0.0102137613	0.0228472498	-0.1402288946	0.1119331752	-0.0118961474	-0.0045556788	-0.0560749658	-0.0385575607	0.1100118367	-0.0448864744	-0.066873088	0.074693505	-0.0585080528	-0.0476135587	0.0074760256	-0.0571470763	-0.0457640953	0.0009000291	0.0172661259	0.0653635581	-0.016578344	0.0606016745	0.0057251531	0.0082001216	0.0996636411	-0.0603145626	0.0259973342	-0.1038239903	0.0148871467	0.0271922008	-0.0043049762	0.0165506222	-0.0509543422	0.0637880337	-0.0387843813	-0.0338371906	0.020182917	-0.0760768816	0.0922161206	-0.0791829389	-0.0451351547	0.1309326092	0.0058467735	-0.0111200572	0.0816224621	-0.0269073907	0.009880646	0.0276688475	-0.0898300649	0.0366950531	-0.0367183272	0.0919478389	0.1102873332	0.0754022287	0.1807548153	-0.0451342323	-0.0146113142	0.0341569645	0.0206380282	0.1096552411	-0.0113483835	0.0112761814	0.0254633089	0.0399465103	-0.0960224726	-0.0689451257	-0.135282819	0.1032779143	0.0160787399	0.0769821432	-0.0709654914	-0.0902846199	-0.0419881178	-0.0599650598	-0.0083333494	-0.0256380375	-0.0528784353	-0.0062915343	0.0368743675	-0.0721261298	-0.0553439951	-0.0458230807	0.005737467	0.0194483976	0.1225089783	-0.0105765326	-0.0435772646	0.0911357778	-0.0075658006	-0.0094833584	-0.003713231	0.0710101576	0.0103514936	0.0292964617	0.0954130044	-0.0431168222	-0.0541898557	0.029173769	-0.101058798	0.0444810827	0.0139632909	0.0325494347	-0.0466213463	-0.0357189578	0.012750858	-0.0196913116	-0.0385541051	0.0063726227	0.0717570949	0.1013227038	0.0868802826	-0.0482439169	0.0305864888	0.0545774894	-0.0319650286	-0.0327225552	-0.0076299481	0.0815926942	0.0396794322	0.0344031368	0.1169796722	-0.0667746251	0.0143754733	-0.0546486289	-0.0709888992	-0.0498365614	-0.0841606145	-0.0325901026	-0.0857845104	0.0141714303	-0.0620695388	-0.0033546436	-0.0928358742	0.0257058853	0.1729773258	0.045875366	-0.0321295011	0.0825765951	-0.0695550914	0.1500450529	0.094413675	0.0266090629	0.0025354512	-0.0542109728	0.0981610303	0.0099853788	0.0401908382	-0.0105192735	0.0841263179	-0.0995409041	-0.0036474966	0.002343765	0.035378929	-0.0052319716	-0.0340006874	-0.0846934188	0.0633582516	0.1028443827	0.0479251561	-0.0024981414	0.0404032676	0.0390389364	-0.0832642877	-0.0447922539	0.0085498984	-0.0310163448	0.0144856286	0.0462504003	0.0491455597	0.0510258749	0.0471063525	0.0299680806	-0.0364389419	-0.0672224605	-0.0991493662	-0.017434965	0.0408401263	0.008407375	-0.0035064161	0.0513485102	0.0107862309	0.022640183	0.1254834455	-0.0301934157	0.0112670334	-0.0420758137	0.0904346925	0.0873289498	0.0822314759	0.0752585301	0.0665691461	0.0563615044	0.0	-0.0057599299306474	7.466735644359995e-05	5.575214118275606e-09	3.317679280596776e-05	0.0346613698784636	0.0248436711428182	0.0006172079958525	0.0012014105618516	-0.0332317379072719	0.0013520175213984	0.0011043484043376	1.8279513781682749e-06	0.0001180022724314	-0.0002210010874998	4.884148067609426e-08	1.3924536298974346e-08	-4.499508253852369e-05	8.699571013627631e-05	7.568253582115009e-09	2.0245574526485594e-09	8.400268735905997e-05	2.9980319344899416e-05	8.9881954802215e-10	7.056451483543973e-09
797.6030040200412	-0.0314140098237203	636170.5520217939	0.0009868400132047	950.87123193804	0.1045244734807511	904156.0997273658	0.0109253655564282	786.869331859977	-0.7003062951847596	0.4904289070754036	619163.3454217666	792.6670112191103	653.5687969133794	1.013437	31.526955	0.0814290960486867	0.0404392666610102	0.1416448094	0.0001573879	0.0163188727	-0.0254229443	-0.0691651198	0.0721520721	0.0898869192	0.0347731285	-0.0538913442	-0.1208091246	-0.1255273421	0.0087675742	-0.0646290203	-0.0091279596	0.0483995341	-0.1083959019	-0.0058090753	-0.0021372371	0.0132910096	-0.103207978	-0.0557810275	-0.004480529	0.1856039001	-0.0493801276	0.0412789976	-0.1265272948	0.0206870478	0.0149102005	-0.0019555171	0.0345864687	0.113714423	-0.0639276884	0.0094313568	0.0328244324	-0.0450764893	-0.0193517799	0.1938677233	0.1335599491	0.0090905248	-0.0461513251	-0.0151600744	0.0110792012	-0.0276156061	-0.0942048243	0.007915893	-0.0285366926	-0.0313978042	-0.0188681972	-0.0380657161	-0.07206749	0.0828204104	0.110396618	-0.1123013756	-0.1751710958	-0.0553938768	-0.1057174725	0.0305758253	0.0027186753	0.021199999	-0.0370792253	0.116906756	0.0443632279	-0.0273746737	0.1249865734	0.0079088716	0.0522426834	0.0450819865	0.0624333682	0.0506861915	0.0157581983	-0.0734495083	-0.0594450904	0.0384765393	-0.0254773553	-0.0546995947	-0.0308616077	0.1390750951	0.0871857076	0.0668941885	0.0582633626	0.0610633988	-0.0262280541	0.0681543656	-0.0219750421	0.0534608969	-0.0322791941	0.0541689969	0.0578126071	-0.0481676141	0.0313435308	0.0246232408	-0.0902081061	0.1769590428	0.0344163133	-0.0250365711	-0.0324349842	0.0262958205	-0.0496519732	-0.0121913579	0.0024684259	-0.0053675145	-0.0552459991	0.0157542135	-0.0652343607	0.0066644242	-0.0632580525	0.1350542014	0.0143554424	0.0679936912	0.0803239645	-0.0139031379	-0.0109951334	-0.1415196589	0.12316803	-0.0398816196	0.1265631884	0.0331482932	-0.0698370763	0.0306099447	-0.0059070316	0.0673608434	-0.0473148985	-0.0201674146	-0.0443943076	0.0175667724	0.0504366935	0.0479418923	-0.1483829513	-0.0296144494	-0.0542815934	0.0299422684	0.1452946567	0.1352457321	-0.0010607596	-0.05246478	0.0512689369	-0.0080162696	-0.0276504199	0.1341339205	0.0495427909	-0.0457358549	0.0189538216	-0.099918585	-0.1125490387	0.0277669809	-0.0358405486	0.0182498935	0.0339107445	-0.0339273717	-0.0147225612	-0.0484050771	0.1202314105	-0.0218698803	0.0179570582	0.0551004903	-0.0686829716	-0.0603542597	-0.0586108993	0.0402159179	0.0171458725	-0.1440071953	0.0416045176	0.0138085796	-0.0745119129	0.0131686627	0.0706136886	-0.0080704898	0.0250335249	0.0608046902	0.1048338594	0.0168462344	-0.118806888	-0.0847456319	0.0101548215	0.0349155172	0.0107582413	0.0333948848	0.0252057996	-0.0308631907	0.0877769495	0.0548472488	-0.1010610024	-0.0240988006	0.044011269	-0.0544393223	-0.0304334908	-0.1027760179	-0.0103554099	0.0173925526	0.022219175	0.0519662002	-0.0427189302	-0.0947020295	-0.1027385982	0.0697006749	-0.0179796166	0.0291824386	-0.0826088553	0.0323900162	-0.014770745	0.1096795501	0.0420854005	0.025195324	0.0241683498	-0.001477483	0.0902458083	0.0865828087	0.0805875418	0.072421501	0.0623046536	0.0505095157	0.0	0.004726284008214	0.0104862139388614	0.0001099606827715	2.233776052629939e-05	0.0108362168796531	-0.0238251529988105	0.0005676379154167	0.0001174235962628	-0.0042647026765791	0.0289670352306928	1.8187688919620936e-05	0.0008390891300561	-4.2002131771500506e-05	-0.0001600044042029	2.5601409364325163e-08	1.764179073350492e-09	-0.0001319990858792	-8.700400334067632e-05	7.569696597304417e-09	1.7423758672944423e-08	-3.200278270380401e-05	-0.0001160054700628	1.3457269084506033e-08	1.024178100786897e-09
797.1389417574939	-0.4640622625473725	635430.4924662572	0.2153537835205864	950.4102766024356	-0.4609553356043534	903279.693871518	0.2124798214221221	785.6204762053123	-1.2488556546646803	1.5596404461879478	617199.5326330618	792.5315242753376	644.6623563370216	1.037256	32.267933	0.1079357112425706	0.0653347525704855	0.0257737929	-0.0836063937	0.0350426233	-0.0718680304	-0.0350866687	-0.0328244462	0.018066729	-0.0462842083	-0.1197365858	0.0127224301	-0.019711407	-0.0184513855	0.0234027013	0.0523780246	0.0020402216	0.0198300282	-0.0462644321	0.0560218734	0.0157545196	-0.1285450723	-0.0320597219	0.102134549	0.0320114279	0.0455564977	0.0435888152	-0.0715682442	-0.0273825651	0.0391925976	-0.015811687	0.0108769666	0.0457335002	-0.0072863508	0.0830675569	-0.0476180654	0.0728438226	-0.1251434941	-0.0276082331	-0.0180495935	-0.0355747149	0.0745780399	0.027282284	0.024763835	0.0267111674	-0.0762839324	0.0998981979	0.1256318857	0.1665995532	-0.0501996103	0.0916627587	0.1495929361	-0.0924180514	-0.0010234678	0.098799661	-0.0546658124	-0.1100807573	0.057270653	-0.0351929664	0.0512093171	0.0360737796	0.0714275666	0.0653295015	0.050409043	0.0323052013	-0.0226243042	-0.0245151252	-0.0115224039	-0.0318224889	0.0341353979	0.0841085404	0.0435895646	-0.0016685879	-0.0129618914	-0.0674181814	-0.0208223878	-0.0556987107	-0.1233194608	-0.1017998263	0.0615777625	-0.1076747891	0.0169030053	-0.0086147368	0.0405417252	0.0266264628	0.0688786763	0.0195182518	-0.1637315048	-0.0310825042	0.0485628168	0.0890507758	0.0830788844	-0.0469359013	0.0431860906	0.0688833558	-0.0436239134	0.0767853637	0.0160044019	-0.0135357083	-0.0795936327	0.0306073417	0.0244075469	0.1276888773	-0.1085519216	-0.0195149742	0.079096808	0.0055703031	-0.1278510152	-0.0014414108	-0.0349501729	-0.0712734512	-0.0311401987	0.0129332829	0.1076509015	0.0174979822	-0.0492128369	0.0038558991	0.0807755073	-0.0547073755	-0.0075947966	-0.1219310449	-0.0922236359	-0.0003867944	0.0783738057	-0.1041556989	-0.0597898403	-0.0577102118	-0.1070221122	-0.133587223	0.0581230086	-0.0441570331	-0.0326873644	-0.1109165588	-0.0212895405	0.0187643281	0.0359170557	-0.0134258065	-0.0679333489	-0.0938874273	-0.1077714277	-0.063111441	-0.0393894168	-0.0130086383	-0.0721437993	0.0544686584	-0.0372221943	0.0062815164	0.0194448121	-0.085023543	0.0547669753	0.0068238276	0.0510721557	-0.0161650334	-0.113084732	-0.0810977525	-0.0035906206	-0.0671530476	-0.0055102763	-0.1364906502	-0.1369610899	0.0969476247	-0.1342397413	-0.0222302629	-0.0120411039	-0.1703382702	0.0414804153	0.0431660554	-0.0644904062	-0.0349320918	0.0220584516	0.0903294535	-0.014106603	-0.0431217457	-0.0722350096	0.0059017518	-0.0503243634	-0.071966954	-0.0281661174	-0.0474021493	-0.1119161885	0.0950298786	-0.0742072865	-0.0541093647	-0.0828830166	0.0298600848	-0.0118809343	0.016109885	0.0248065781	0.023623415	-0.0446001782	-0.0527477238	0.0594331484	0.0046711192	-0.0658599264	-0.024215917	-0.1591716139	-0.0533069374	0.0017961034	0.1250971284	0.0053031706	-0.0851707503	0.0152338674	-0.0730875864	-0.1043132562	-0.0723370016	0.0165473174	0.0256353476	0.0900413312	0.0857768306	0.0788183057	0.0693843053	0.0577711266	0.0443435089	0.0	0.0220343811823653	0.0173080971741513	0.0002995702277898	0.0004855139540897	0.0109633271435143	0.0001271102638611	1.615701917886388e-08	0.0001201945420557	-0.0582656488099075	-0.0540009461333284	0.0033948858312394	0.0029161021832946	0.0005040002196029	0.0005460023513744	2.9811856770637425e-07	2.540162213597714e-07	3.599596779424452e-05	0.0001679950536734	2.8222338058743513e-08	1.2957096974442888e-09	-1.600903432705421e-05	1.59937483767498e-05	2.557999871387868e-10	2.562891800848e-10
798.1749293705826	1.0359876130887642	637083.2178757346	1.073270334473355	949.9604671048802	-0.4498094975554068	902424.8890621222	0.2023285840910475	785.0337309684381	-0.5867452368742079	0.3442699729945703	616277.9587582261	791.076678789042	645.5426265790522	1.024265	31.86381	0.1050017655086344	0.0527353823858992	-0.018501438	-0.0645505686	-0.0813039045	-0.1258015803	0.0825845983	-0.0447482024	0.1048028859	-0.052206059	-0.0665532532	0.0998889956	0.0454402636	0.0639257138	0.0230026743	0.0942138748	-0.018197189	-0.0197490469	-0.0667457159	0.0368038405	-0.0496161109	0.0961984297	0.0854002159	0.090207924	0.0503334738	-0.0292063882	-0.1596245226	-0.0443176981	0.0275148902	-0.0283574142	-0.0328715202	-0.0347063393	0.0162058886	0.0474129312	0.0987139894	-0.113190209	0.0954019328	0.0714014508	-0.0340452614	0.0201005366	-0.0397256022	0.0840090508	-0.0801930349	0.0158385105	0.0186334171	-0.0072883624	0.0907508239	0.0134729564	0.0009605628	0.084568966	0.1244796736	-0.0290165483	0.0149944351	-0.0350267961	-0.0073380778	0.0274853993	0.0198317481	-0.0682789228	0.0244485828	-0.135788332	0.0207199116	0.0667816232	0.0088831815	-0.0293403249	0.0722043286	0.0829591511	-0.0854929654	0.0526519613	0.1045347279	0.0444765027	-0.0022439018	-0.0253847005	-0.0622578972	0.0042151426	0.0546884244	-0.0272390793	-0.0157391492	-0.0621654507	-0.1284615686	-0.0695558511	0.0585293373	-0.0463467019	0.1364270649	-0.0179322348	-0.1464673501	-0.0250047302	0.001771166	0.0442126223	0.0107746997	-0.0292658514	0.1875500202	0.0112930923	0.0535123383	-0.0274866999	0.072793204	0.0308387139	-0.0234544788	-0.0109753058	-0.0045653769	0.0277343624	0.022810651	-0.0756936316	-0.0498230567	-0.0221650444	0.0510097572	-0.0153497358	0.0542320981	-0.0584339342	-0.0653096514	0.0261531719	-0.114584082	-0.0634592976	-0.1456974713	-0.029607682	0.0517630341	-0.1262672577	0.1233829337	0.0338034576	0.0649563741	0.0453721192	-0.0178983583	0.0319335808	0.0423341191	0.0303671719	-0.0662751949	0.0228665454	0.0804327958	0.0109990186	-0.0426845169	-0.110925757	-0.0163710407	-0.0126114157	-0.0016222435	0.054211636	-0.0115885806	-0.0945299139	0.0780017485	0.0035997222	0.0853248677	-0.070191547	-0.0490848505	-0.1039570521	-0.0116192049	-0.034775043	-0.0132283958	-0.090433391	-0.0050085247	0.0316804149	0.0463677733	0.037673566	0.0052962245	0.0261724224	-0.0220687651	0.008723948	-0.013139761	-0.0131612735	0.0411335421	-0.1234567146	-0.0234019413	0.109732529	0.0423173577	0.0937069055	0.0729370068	0.0168514965	-0.1318906006	0.0493553056	0.1547385917	0.0602355998	-0.0083183949	-0.0013854928	-0.0222407449	-0.1926629463	-0.0049243086	-0.0085016151	-0.0485609279	0.0169570269	-0.0012778463	0.0636176447	0.0342138171	0.0225912039	-0.0284123619	0.0897147247	-0.0116891382	-0.0184199051	0.117809804	-0.0232522172	0.0267714446	0.0196146005	0.0652742081	0.0321402517	0.0858280825	-0.0025369888	0.0271682246	-0.029110212	0.0284093964	-0.0555977078	-0.03164567	-0.069716235	0.0736173328	0.0909765376	-0.0209106438	0.046142351	0.0151716573	-0.1333716639	0.0361072544	-0.1868721895	-0.0033890805	0.0898212967	0.0849115724	0.0769265184	0.0661553376	0.052988141	0.0379018183	0.0	0.0176505971937217	-0.0043837839886436	1.9217562059087988e-05	0.000311543581295	-0.0052123919700761	-0.0161757191135904	0.0002616538888417	2.7169030049713813e-05	-0.0327703005900446	0.0254953482198629	0.0010738926007618	0.000650012780852	-0.0002839876142302	-0.0007879878338331	6.209248262689811e-07	8.064896503616088e-08	0.0003780091167024	0.0003420131489081	1.1697299402607213e-07	1.4289089231012866e-07	-6.49463353165493e-05	-4.89373009894951e-05	2.3948594281364372e-09	4.218026471049661e-09
797.7480479426692	-0.4268814279133721	636401.9479963393	0.1822277534973595	947.5499052843512	-2.410561820528983	897850.8230043829	5.810808290592004	787.1519830722357	2.118252103797545	4.4869919752427245	619608.2444545532	792.4324336513074	643.8290345569727	1.022808	31.818464	0.0740128820515318	0.0393671680139763	-0.0440635744	0.0070097812	0.0113512684	0.0512222559	-0.0293780054	0.0151903759	0.0803259528	0.0111280039	0.0473238028	0.0349547586	0.0091165225	0.0647385461	-0.0552376116	0.0029558674	0.1160679162	-0.0044240791	-0.1017394643	0.1019779403	0.0412735267	0.0763041674	-0.0607754614	0.0533190446	-0.0204910214	0.0115937378	0.0412579292	0.0608750821	-0.0209006851	-0.0815014859	-0.0217456699	0.0098245619	-0.0055723555	0.0313696456	0.0831765019	0.0578801033	-0.0219237901	0.0157722511	-0.0376544624	-0.0189713925	-0.0558382095	0.0453364811	0.0585312992	-0.0269452274	-0.058623925	-0.0569758748	0.0411047634	-0.0159119033	0.0879434501	0.0234927071	-0.0875710887	-0.0678360936	-0.0482567822	0.0068605575	-0.0515594986	0.113851143	-0.0375657749	0.0395142499	0.0164073399	-0.0291963273	-0.0889516189	0.0485745794	-0.0952636926	0.0060467458	0.0093556918	0.0190237619	-0.0228700775	0.0279620413	-0.0106424395	0.0223914715	0.0943076078	-0.0161039769	-0.0741777546	-0.0204821118	-0.0587405027	0.025414666	0.1641478149	0.0303748885	0.0998825546	-0.0466659229	0.0941104892	0.0957493581	0.0430969425	0.0091688278	-0.0665158407	-0.0280866762	0.054676659	-0.0344068157	0.0071312177	0.006152147	0.0677209527	-0.0060116966	-0.0758263929	-0.0159426619	-0.0974819893	0.0400784639	0.0597254149	0.0090858581	0.0322477941	0.0216908382	0.1173049259	-0.0713838535	0.0705069434	-0.0980239282	-0.0065347968	-0.0124795765	-0.0384519531	0.0353808287	-0.0305562714	-0.0014273133	0.0107141293	0.0353303608	0.0010705761	-0.0571491807	-0.0550197282	-0.086569607	0.0722862213	-0.0454726292	0.0165986386	0.070066016	-0.1584923117	-0.0320189316	-0.0902479007	0.024067655	0.0713368656	-0.0107502581	0.0252219482	0.1132103919	0.0440116459	0.0216690517	-0.0122708418	-0.0559969964	0.0023339921	0.0705852613	-0.0423888893	-0.0293857368	0.0381071137	-0.0010094627	0.0132780507	0.0176207232	-0.0574433172	0.1044563285	-0.002737213	-0.0138568742	0.0139954857	-0.0216107881	0.1388748757	0.0575262139	0.0198188623	0.0252581178	-0.0786409455	-0.05724714	-0.0572449541	0.1342072502	0.0127762042	-0.050326839	0.0323721553	0.0918475422	-0.0033286849	0.0740335159	-0.1373628759	0.0415302774	-0.0736787465	-0.0959143756	-0.0504582257	0.0690058449	0.0008181321	-0.0846786318	0.0724037617	0.0510353809	-0.0110675549	0.026597996	-0.0207416515	0.0825331809	0.004787216	-0.1816326423	-0.0166575243	-0.0863207484	-0.0220397084	-0.0084394771	-0.0863690452	0.0175388048	-0.0592680169	-0.0087403402	0.0597234276	-0.0106175057	0.0077610713	0.0104680591	-0.102326923	0.0129746305	0.0167485206	-0.0123848639	0.0425276229	-0.0156815529	0.0408762311	0.011417154	0.0079596089	-0.0695032201	0.055002954	-0.0119057765	0.0677931321	-0.0265531359	0.0380032546	-0.0512280296	-0.0480788541	-0.1237495691	-0.018545881	0.0895857427	0.0839876321	0.0749151215	0.0627435226	0.04797635	0.0312244919	0.0	0.0169057400179468	-0.0007448571757748	5.548122123033598e-07	0.0002858040455544	0.019287256792964	0.0244996487630401	0.0006002327895123	0.0003719982745977	-0.0583364981759757	-0.0255661975859311	0.0034031470194356	0.0006536304590028	-0.0001639986588423	0.0001199889553879	1.4397349415079457e-08	2.6895560102073105e-08	3.400536081676897e-05	-0.0003440037558856	1.1833858406342081e-07	1.1563645642786463e-09	-6.499719457873286e-05	-5.085926218355589e-08	2.5866645498556788e-15	4.2246353031056605e-09
798.9004543497459	1.1524064070766826	638241.9359602305	1.3280405270713886	950.4643529929862	2.9144477086349525	903382.486310376	8.494005446367526	787.6438378157144	0.4918547434787115	0.241921088682509	620382.8152490674	793.7228906913633	658.3707900060512	0.993587	30.909447	0.0980715835106048	0.0493570313927574	-0.0956029632	-0.0577042588	0.1022295065	-0.0047406733	0.0111344596	-0.0305024541	-0.0248862108	0.0727653224	0.0015088973	0.0669569048	0.0256993401	-0.035617201	0.0135591235	0.0409142382	0.0612910138	0.0617964745	-0.0430571836	0.0525174122	-0.1022582942	0.0155771077	-0.0526525695	0.0665660209	-0.0436555749	0.0038574416	-0.0080316059	-0.0094036238	-0.0971481325	-0.005267274	0.0223179602	-0.0007951596	-0.0275404882	0.0925078894	0.014431052	-0.1154668404	-0.022534406	0.0388076998	-0.0739970421	-0.0582529552	-0.0423190009	-0.073903223	-0.0390068874	0.0858378633	0.0536850106	0.0432492649	0.0895063461	-0.0179043556	0.0313657552	0.0811098388	0.0065337413	0.0576291616	-0.0697626933	0.1036805948	-0.0236127961	0.0858833272	-0.0902354385	-0.0133839514	0.0135423112	-0.0191607265	-0.0712806837	-0.0165194613	-0.0374901758	-0.1194419713	0.0892410358	0.0023381566	0.0442625278	-0.0430523313	0.0298317846	-0.0027891533	0.0308141531	-0.0901319731	-0.0224074327	0.1192497584	0.0326826663	-0.11686319	0.0692140514	0.0894554817	-0.0095402718	0.0551436878	0.1081496336	0.0879144339	-0.0403203812	0.0192347131	-0.0730441907	-0.0594765402	0.0204756748	0.0517795909	-0.0264753089	-0.1512050776	-0.0601156763	-0.0060710157	-0.0560870408	0.0303542369	0.0112038568	-0.0660770394	0.0283529562	-0.0220026217	-0.1176088343	-0.0855391502	0.0932818182	0.1103749841	-0.0466721807	0.1558105028	-0.0739882974	-0.002309645	-0.1078102999	0.0059058934	-0.0753740179	0.0658071773	0.0154443533	-0.0414922787	-0.1114506325	-0.0245658869	0.0413668901	-0.1561875908	-0.0371511058	-0.0052280728	0.015860988	0.0719679425	-0.0213777749	0.0296482336	0.0200921585	-0.0023448906	-0.0648609374	0.0313831777	-0.0540536754	0.0087454825	0.0201048629	0.0764610354	-0.003801645	0.0100873519	-0.0343654906	0.0082579478	-0.0676149762	0.0334035553	0.0502376549	-0.0626859026	-0.0206004313	0.0064253355	-0.0033765942	-0.0025388788	0.138412058	0.0887425628	-0.0063046904	0.0303386801	-0.1073683632	0.0650145278	0.1032450213	0.03433779	0.0414928761	-0.0180062639	0.0775756481	0.0669346832	0.0962911327	0.0398497581	0.0937602847	0.007021615	-0.0273636808	0.0096941988	-0.1439919814	-0.0415869511	0.0117440102	-0.0427711856	0.076102959	0.025622307	-0.0374219183	0.0167939192	-0.0433959842	0.1383566178	0.1335783184	0.0422987412	0.0131159703	0.0146167598	-0.0579727729	0.0724128241	-0.0231546985	-0.0171315161	-0.1001070772	0.0375564384	0.0150446063	-0.0228061996	-0.0169059548	0.0359496366	0.0761098596	-0.0371737686	0.0081247295	-0.016381319	0.0558668835	-0.0668423927	-0.0447121685	-0.0514641807	0.0845891869	-0.0026975895	0.0229306641	0.0849541638	-0.0026683272	0.0284959297	-0.0732781756	-0.0569543359	0.0711560043	-0.0935941444	-0.0614963698	0.0099239761	-0.0161357025	-0.0242912315	-0.0414222914	0.0893347099	0.0830056482	0.0727872424	0.0591582902	0.0427573947	0.0243530426	0.0	0.0006765117515499	-0.0162292282663969	0.0002633878501228	4.576681499851136e-07	-0.0052100115650972	-0.0244972683580611	0.0006001161570068	2.714422050844657e-05	-0.0229917870916835	0.0353447110842922	0.0005286222736693	0.001249248601632	0.0001099954787818	0.0002739941376241	7.507278745237426e-08	1.2099005352437416e-08	-0.0001320035645313	-0.000166008925348	2.755896329522073e-08	1.7424941048969082e-08	-6.499274151381125e-05	4.453064921607118e-09	1.982978719604781e-17	4.224056449481085e-09
798.0938327891757	-0.8066215605701927	636953.7659361168	0.6506383419766931	952.4958632008128	2.0315102078266136	907248.3694146614	4.127033724503731	788.6315092249063	0.9876714091918756	0.9754948125350656	621939.6573423534	793.9330847301972	649.8081591175534	1.03884	32.317223	0.1107930457768073	0.0684578573853156	-0.0460902889	0.0015197862	-0.0876728511	-0.009996736	0.0619439407	-0.0127747293	0.0790812582	-0.0585655551	0.0416663767	0.0550030323	0.0964619666	-0.0092698812	-0.0964802526	-0.0226269996	0.069483388	0.0040521674	-0.0295314111	-0.1104551084	-0.0900531833	0.0511060305	0.0519314654	-0.00688853	0.0151245794	-0.0594493646	0.012877015	-0.0113490106	-0.0957556477	-0.0860520166	0.1195673834	-0.0785963886	-0.0268858732	0.0721867912	-0.063976176	-0.0258772374	-0.0675215517	0.064347613	-0.020229877	-0.0155547613	0.0153726119	-0.0040711387	0.0889333547	-0.1291490536	0.0715919845	0.0189618802	0.0901931176	0.1569523047	-0.0402669962	0.0010335134	-0.0519992169	0.0760465209	-0.0051016786	-0.0860209886	-0.0053215767	-0.0035416639	-0.0474811495	-0.024312602	-0.0481943464	0.0022794743	0.0278494198	-0.042304476	0.1018208542	-0.0247245581	0.099747257	0.0218463212	0.0543411469	-0.0953674035	0.0665994238	0.0012098393	0.0847110413	-0.0479219291	0.0108697942	-0.1032164099	-0.0094798305	0.0733312664	0.0176798783	0.0508907351	0.0220602309	-0.0285644292	0.0307322437	0.000308327	-0.011472815	0.0043938	-0.0120130449	0.0840961761	-0.0591227761	-0.0061682742	-0.0808596824	0.0130648107	-0.0356956749	-0.0712321777	-0.0322300361	-0.1525165324	-0.0478838019	0.1164642408	0.0143071451	0.042404626	-0.1030192904	-0.0167953198	0.0973362523	-0.0547351818	-0.0396927624	0.1242769989	0.0169714234	-0.0504955623	0.1641906429	0.0290190757	-0.0914282959	0.0295643471	0.0842667812	0.0339808306	-0.0597433296	-0.0059145925	0.1144328799	-0.050938166	0.0270647265	-0.0831908601	0.0499351917	-0.1046604811	-0.0844447838	-0.0101525809	-0.0514845975	-0.1340235346	-0.0662807796	0.0706834011	-0.0610048446	-0.0758064508	-0.0786088603	0.0456251467	0.0824573398	0.0117181042	0.0785960922	0.017624477	0.0576819372	-0.0162254673	0.077083697	0.0277834808	-0.0104088334	-0.0381279598	-0.0155141202	-0.0235044922	0.1451015643	0.0307865105	-0.0709192466	-0.0017793326	0.0204873222	-0.0479073374	-0.0825096961	-0.0111962249	-0.0772102	-0.0281831823	0.0567089973	0.0120280374	0.0231417986	-0.0278421042	0.0583550419	-0.0068782747	0.0313421256	-0.091554603	-0.0589014995	-0.059548251	0.009883313	0.0236636874	0.0013464941	-0.0013656655	0.0614121777	-0.0204899104	-0.008320639	-0.054771523	-0.0467746395	0.1308094659	0.1290380074	0.1566982534	0.0831036846	-0.0496535394	-0.0264781202	-0.0114979043	0.0312488092	0.0441368187	-0.1316085934	0.1443115128	-0.0743813074	0.0660645383	0.0603171722	-0.0195125357	-0.0506451095	-0.0457935999	0.0181183577	0.0438413541	0.0787258415	-0.013434763	0.0927943209	-0.0224631632	-0.0018700791	0.0338097682	0.0260988277	0.1128408308	-0.0949081143	0.0232355447	0.0630847013	0.0593529923	-0.0525587923	-0.0465759823	0.0184457797	-0.0188304487	-0.0526934574	0.0890682417	0.0819662993	0.0705461896	0.0554095495	0.0373538109	0.0173301903	0.0	-0.00407444413797	-0.0047509558895199	2.2571581864163823e-05	1.6601095033438095e-05	-0.0124237629787558	-0.0072137514136586	5.2038209458061456e-05	0.0001543498865523	0.03278538092475	0.0557771680164335	0.0010748812023809	0.0031110924719334	-0.0006119993532325	-0.0007219948320143	5.212765374553573e-07	3.745432083569983e-07	7.0199263302317405e-06	0.0001390234908615	1.93275310113264e-08	4.927936568188087e-11	-6.499782778188564e-05	-5.0862680743871905e-09	2.587012292453038e-17	4.224717616363665e-09
797.9059764883751	-0.187856300800604	636653.9473158674	0.035289989750487	955.232577544964	2.73671434415121	912469.2772031956	7.489605401482986	787.7445686372254	-0.8869405876808969	0.7866636060757347	620541.5054174482	793.6904928603225	643.0640154281151	1.021953	31.791876	0.0988297557566397	0.0611907271527928	-0.0509275486	-0.0057568579	0.0551056027	0.1183159869	-0.0657369478	-0.0308701538	-0.0034679052	-0.0375470993	0.0687608028	0.0812763578	0.0696720205	-0.0290199811	-0.002543761	-0.0806187372	-0.0458639018	0.0161023065	-0.0286344258	0.113599208	-0.0801655183	-0.0128051449	0.0400570457	-0.0173217241	0.019840507	0.0496108779	-0.0425016027	0.0675907258	-0.006978311	-0.0148139698	0.030522239	0.0060022589	-0.0780137207	0.0859524624	-0.0678582967	0.0792355677	0.0017980648	0.0481180482	0.0796872364	-0.019664807	0.0716486639	0.056378039	0.0892295363	-0.0421677111	0.0367667468	-0.0516627666	0.0778485592	0.0950662245	-0.0189563427	-0.0837861279	-0.0301195372	0.019804676	-0.0491545592	0.0221724093	0.0290438104	0.0590447579	0.0339410876	-0.1032162258	-0.0157591555	-0.0219196418	0.0797262198	-0.0444881339	-0.0403226646	0.0696242863	0.0070331992	-0.0334791824	-0.0439293005	-0.0260056272	-0.0302224795	-0.0524990865	-0.0909795634	0.1140427188	-0.0469785895	-0.0068880603	0.093115411	-0.0227487432	-0.0532979595	0.0244558489	-0.0058160728	0.0080804563	0.0142874976	-0.0493123097	-0.0002431979	-0.0192495069	0.0155309754	0.1465416615	-0.0904797135	0.073132358	-0.0197499097	-0.1098061405	0.0196455252	-0.1135454204	0.0250112795	-0.0031815082	-0.067915557	0.041735934	0.0679873048	-0.0043596803	0.04464526	-0.0270036746	0.0760344279	0.0647789661	0.0537419442	-0.0806715437	0.0797549003	-0.033085249	0.0494520516	0.0749683033	-0.0824426512	0.0169629896	0.0698126989	0.0078335934	0.0389893631	0.0128006613	0.0595864933	0.0694753125	0.0574924104	-0.0810946128	-0.1194337654	-0.0137460264	-0.1003464455	0.02016527	-0.095649292	-0.0390046898	-0.0087303318	0.0433777511	-0.046214922	0.0176775714	-0.0846284964	-0.1311379566	-0.063230395	0.0204135587	0.1078113975	0.0453192935	0.0156934123	0.0758131388	-0.0088188881	0.0745100658	-0.1222366407	-0.0042827911	0.0177396941	-0.1012578369	0.0724144689	-0.0497711221	0.0653937516	0.0792571	-0.0468134328	0.0052163004	-0.0907437228	-0.0191593781	-0.0388988099	0.0465653853	-0.007720503	0.0441483797	0.0537905248	-0.0310352771	0.026759829	-0.0374648041	-0.0802837917	-0.0074748163	0.0389246519	0.0957711371	0.0755282195	-0.0443067111	0.0954376989	0.0416875567	0.0167709148	0.0227499743	0.0529155641	-0.0615700284	-0.0499332963	-0.0452816819	0.1111001283	0.098639714	0.0222508184	0.027099456	0.0713932228	0.0266762459	-0.0357543497	-0.0718287004	0.0209104006	-0.0555955301	-0.037818264	0.0618980739	0.0190601536	-0.0125466953	-0.0167573929	-0.0477664242	-0.0707120212	-0.0513211165	-0.0180260966	-0.0365368132	0.060920019	0.015306806	0.0719122598	0.0406632539	0.0242462441	-0.0460909864	-0.026869879	-0.0104070424	0.0629096159	0.0869173311	-0.0216634672	0.0221207413	0.0824113255	0.0377848557	0.0539225688	0.0887863842	0.0808703038	0.0681954477	0.0515076619	0.0317889315	0.010199596	0.0	-0.009649123517434	-0.0055746793794639	3.107705018382112e-05	9.310558465469788e-05	-0.0052219437825726	0.0072018191961832	5.186619973451283e-05	2.7268696868348637e-05	-0.0141667988165181	-0.0469521797412681	0.0002006981887076	0.0022045071824563	0.0001089979212159	0.0007209972744484	5.198370697620214e-07	1.1880546829387544e-08	-5.4003568726201934e-05	-6.102349505643368e-05	3.723866948902585e-09	2.9163854351656153e-09	-6.499704849223081e-05	7.792896548333357e-10	6.072923661302597e-19	4.224616312701403e-09
797.7454785260736	-0.1604979623015197	636397.8485087942	0.02575959590294	953.544886709049	-1.6876908359149638	909247.8509689732	2.848300357631349	785.8619602474707	-1.8826083897546368	3.544214349174547	617579.0205639973	792.2404932639266	656.722415459123	1.064679	33.12104	0.059209231412058	0.0294558056839381	0.008956462	0.0438044178	0.0042162006	-0.0196859146	-0.0103709896	-0.0628095508	-0.0911225806	-0.0454639797	0.1288706633	-0.0184194752	-0.0184218775	-0.0466089105	0.1230265808	0.0028380471	-0.0653763838	0.0202125204	-0.0049631632	-0.1103936364	0.0024499896	-0.0136262422	-0.1053785726	0.0038136715	0.0698157891	-0.0300394441	-0.0537240988	0.0088052131	-0.0549752021	-0.0586921067	-0.0077580812	-0.0040467206	0.0027274327	-0.0708969844	0.0239733041	-0.0458894005	-0.0234814737	0.0150429611	-0.0274686412	0.012247285	-0.0576808823	-0.1319867537	0.0556445185	0.0624907052	-0.0655825791	-0.0399436062	-0.0931923681	-0.0591612015	-0.0115476847	-0.0189489167	0.024731404	-0.0355000869	0.0030658272	-0.0098979029	-0.023064329	-0.0866185728	0.0297290041	0.0600323539	0.0062376606	-0.0890002451	0.0438961879	0.0817584634	-0.1415409513	0.0127021301	-0.0464912206	0.0426485516	0.050199361	0.0076198363	0.0153825235	-0.1169696456	-0.0828825686	0.0464600209	-0.0440997005	-0.0548418907	-0.0291163259	0.1151895481	0.0546051661	-0.0048119343	0.067322987	0.0671859856	0.0781595166	0.0188500285	-0.0234658702	-0.0323050907	-0.0598122489	-0.0670202622	0.0663674477	-0.0007713778	-0.0219401656	0.0311511056	0.0241511065	0.019590027	0.0756118822	0.0321583124	-0.0602126526	0.0567913963	-0.0012825885	0.1116614942	0.0470163177	0.0378161361	0.0310563105	-0.1410969107	-0.0111586686	-0.1363578341	-0.0740791766	-0.004931141	0.1131995598	0.1280182585	0.0543211306	0.0320907042	-0.0311186277	-0.0122762131	0.0004822272	-0.1011146727	-0.0598145914	0.0741032257	-0.0930261211	0.0015536979	-0.0248901306	0.0551374999	0.0066557754	-0.0378693736	0.080852211	0.0720877515	0.0856681626	-0.0384451179	-0.0550148341	0.1237287459	0.048023457	0.0255115197	-0.0626826851	-0.0410841322	-0.031352994	-0.1252205133	0.0495078334	-0.0394209346	-0.0041577713	-0.0666306481	-0.0093177173	0.0433196584	-0.0498242368	0.0539838743	-0.0620593276	-0.0045950293	-0.1095822725	0.0722892628	-0.011715653	0.0575090367	-0.0920491013	-0.0478386066	0.0174858739	0.004439373	-0.0693980319	0.0739693445	-0.0987396403	0.0524615768	-0.0614098011	-0.0300634356	-0.0156597188	0.1152227007	-0.0575078051	-0.0466694307	-0.1022863027	-0.0312528753	-0.0800229016	0.0263249665	0.0216712004	-0.0096392402	0.0345340533	-0.0810538898	0.0525222788	-0.0177453951	0.0082304763	0.0212155434	-0.0228852477	0.0043181062	0.0376202554	-0.1101921654	-0.0605696101	0.0676846412	0.0465964255	0.1342201845	-0.029876297	0.0514200556	-0.1044620008	0.0126264736	-0.0541777812	-0.0651755899	0.1260003709	-0.0235558291	-0.0549679706	0.0185987946	0.0445459556	-0.0184136107	-0.0146437021	-0.0206760997	0.0063572587	0.0049696527	0.0687858704	0.0267093568	-0.0181023165	0.1452129022	0.0756817509	-0.1719575637	-0.0389865222	0.1141914449	-0.0180019946	0.088489186	0.0797184191	0.0657386716	0.0474634117	0.0260867859	0.0030055908	0.0	0.000914134253378	0.0105632577708119	0.0001115824147326	8.356414331989536e-07	-0.0051874189621656	3.4524820407000334e-05	1.1919632241356267e-09	2.690931548903523e-05	0.003844289314685	0.0180110881312031	1.4778560335001268e-05	0.0003243992956699	-0.0002290026025586	-0.0003380005237745	1.1424435407183635e-07	5.244219197861212e-08	0.0001039941486808	0.000157997717407	2.4963278705822843e-08	1.0814782959844338e-08	5.1011924118985806e-05	0.0001160089726112	1.3458081726310006e-08	2.6022164023211662e-09
795.8292616160495	-1.9162169100241044	633344.2136443466	3.671887246262327	947.4393378251436	-6.105548883905385	897641.2988585467	37.27772717375829	785.3928527406403	-0.4691075068304826	0.2200618529647113	616841.933136081	790.9843374153612	626.4758652240616	1.059992	32.975216	0.0466860801657708	0.0263766587034342	0.0871977012	0.0450858007	0.0265535589	0.0702282612	0.0982833991	-0.0715624097	-0.0006240733	-0.0700129619	0.0080073371	-0.0315947642	-0.0519871086	0.0377391416	-0.0398090903	-0.0110618658	-0.0355191554	0.0395383505	-0.0874713483	-0.0646137497	-0.0246512102	0.069725693	0.0619761825	-0.0420668936	0.0058149894	-0.0336863805	0.0294881055	-0.042238454	-0.1031621269	0.1230181198	-0.1140942803	0.092878309	0.0542651504	-0.0339611141	0.0374604174	-0.0033375669	0.1363065289	-0.0052320588	0.0654289286	-0.0520797941	-0.1301900396	0.03116545	0.0198222302	0.0558862801	0.0397752114	-0.0001161281	-0.0139821037	0.086388446	0.0053410876	0.0470394196	-0.048024923	-0.1296589445	0.1516620893	-0.1096591088	-0.0244857026	0.1028996384	-0.0529268059	0.0096393166	0.013107404	0.1225342748	0.0833729301	-0.0413041485	0.0284113839	-0.0720772691	-0.0284504589	-0.047419785	-0.0568012118	-0.0767422512	0.0085453073	-0.1355262583	-0.0603239601	-0.0922785838	-0.0138767915	0.0556849861	-0.1057138502	0.0750640907	0.0438007125	-0.1346067057	0.0525713761	0.0636847146	0.0217184592	-0.0865948358	-0.0467739164	-0.0842333546	0.1140698114	-0.0269560944	0.0246203933	0.0921173559	-0.0656179501	-0.0516654102	-0.0539726028	0.0072237578	-0.0244071855	0.0067503106	-0.0195956635	-0.0232937543	-0.0422770071	0.0563800922	0.0589796971	0.0139529745	-0.0433709755	0.043996744	-0.0255331818	-0.0479529901	0.0522275464	-0.0390077238	0.0572753728	-0.0078546758	0.0644048033	0.001645636	-0.0574242763	0.0002767661	-0.1154014783	-0.0635630563	0.0342019734	0.0953039319	0.007377445	0.0216807821	0.0077757517	-0.0088060396	-0.0779352447	0.0034294392	-0.1727649948	0.1322657844	-0.1345599132	0.0534076834	0.1111280127	0.0407044679	0.0898827609	0.0070024359	0.0979399347	0.0767111438	0.1431068135	-0.0162132936	0.009766085	0.1099023442	-0.0265304029	-0.0153147718	-0.0688698933	0.0500123336	-0.053250886	0.0281310714	-0.0542294278	-0.08556002	-0.0995154735	0.0087792503	-0.0149127433	-0.0589947492	-0.0892927103	-0.0548962325	0.0810132477	-0.0372639683	0.0161661939	-0.099652721	-0.0042142347	-0.0980406838	-0.1006386935	0.0203566678	-0.010504236	0.028711759	-0.0141869625	0.063098041	-0.047275824	-0.0566836174	0.0554492426	0.08776017	-0.0433082545	0.0237968295	-0.0310223675	-0.0587667377	-0.0016742758	0.0695367345	0.0257847187	-0.0317116209	-0.0052858518	0.0092502018	-0.0330239557	-0.0038226125	-0.0570403818	0.0781003233	-0.039142525	0.1234799475	0.0881960854	-0.0321789766	-0.0512259924	0.0323268881	-0.0669311677	-0.0706183781	0.0796333528	0.0629545453	0.0504403618	0.0457102503	0.0836429538	-0.072614765	0.0059033497	-0.0148371913	-0.0215489693	-0.0139311487	0.0498734343	0.0212372535	0.0521506985	0.0531792158	0.0306133994	-0.0739943498	-0.0678125706	0.002154287	-0.0158256618	0.0881766985	0.0785114412	0.0631796814	0.0432879769	0.0202719962	-0.0042071001	0.0	-0.005006495360476	-0.005920629613854	3.5053855024444975e-05	2.506499579446772e-05	0.0189115270227944	0.02409894598496	0.000580759197586	0.0003576458543338	0.0059114697404254	0.0020671804257403	3.494547449196514e-05	4.27323491256426e-06	-0.0002999931377407	-7.09905351821e-05	5.039656085440977e-09	8.999588269151062e-08	0.0002090095434537	0.0001050153947729	1.102823313930803e-08	4.3684989254724106e-08	-6.496862875034348e-05	-0.0001159805528693	1.3451488643875284e-08	4.220922721699957e-09
798.0190578906859	2.1897962746363646	636834.4167567379	4.795207724411301	954.4714789990558	7.032141173912123	911015.8042226448	49.45100948983017	786.1066003051928	0.713747564552591	0.5094355859047551	617963.5870433882	792.4882584694974	651.119190416838	1.002782	31.195482	0.0492922729313772	0.0268335590298196	0.1069979958	-0.00140496	0.0345797677	0.0515100983	0.0205534324	0.0895847162	0.0823435677	0.0202070833	-0.0560402217	-0.0608744047	-0.0650178153	0.0533460104	-0.0400485613	-0.0561321772	-0.0571139225	-0.1268434664	-0.0816248816	-0.0418793643	0.0242272249	-0.015808543	-0.058792775	0.0035960743	-0.033201788	-0.0045834438	0.0413792427	-0.0402994512	0.0229014929	0.0275471504	0.010513152	0.07576417	0.0329705481	-0.0922706005	0.0021974966	0.0660473595	-0.0461659997	-0.06325336	0.0671426845	0.0412980675	-0.0263819312	-0.0536878967	-0.032631318	-0.1869864492	0.0287389662	-0.0908428817	-0.0541953379	-0.1132693103	-0.0982398378	0.0330492695	-0.0008350856	0.0592148476	-0.0785576994	-0.0514838864	0.0530593121	0.0872925822	0.0469571311	0.0517475409	0.0367012616	0.0351861038	0.0128050426	0.0711656803	0.0005135433	0.1004297712	-0.0985956662	-0.0115220366	-0.0389450215	0.0037984243	0.0198145616	-0.0289833116	-0.0092910218	0.0362881077	-0.0448042491	0.0770699082	-0.0478463816	-0.0062853029	-0.0165694981	-0.0120865141	0.0561656699	-0.053502491	0.0045244686	-0.2656856339	-0.0118602008	0.0367175176	0.0048642517	0.0080753116	-0.0018187844	-0.0050517905	-0.0584364618	-0.0299076921	-0.0062595697	-0.0036905371	0.0742043671	0.0496266094	-0.0593017377	-0.0071761812	-0.0359165964	-0.1084372238	0.0304710304	-0.0984518273	0.0227582954	-0.034158841	-0.0862701773	-0.0083620045	-0.0092927926	0.0129214385	-0.0803214284	-0.0445899494	0.0966107029	-0.0440994112	-0.0126991487	0.0612389359	0.0638865364	0.0310150972	-0.0234161421	0.0992790588	-0.0542599272	0.0263223668	0.1163365662	-0.0242912992	0.0303711579	0.0704326012	-0.0278917757	0.0091994071	0.1016806916	-0.0399097442	0.006413141	0.0631199853	-0.1463186489	0.0375875899	-0.0174171432	0.0240797357	-0.0122646288	0.0540838732	-0.0869562023	-0.0331310133	0.0083223396	-0.0125159819	-0.0613084943	0.0958902926	0.0204972173	-0.0004824762	-0.0437856423	-0.0818677785	-0.0166963969	0.0463898081	0.0778566032	-0.0213286288	0.037231636	-0.0693545456	-0.0120987727	-0.0534031543	-0.0148333841	-0.025117995	0.16195306	-0.0576833086	-0.0566706428	0.0420819192	0.0344704743	-0.0425573576	0.1116854565	-0.0276373359	0.0021875234	0.0009959466	0.0100232949	-0.0033680951	-0.0240182832	-0.019091058	0.1346433144	-0.0323426973	0.1003191261	-0.1078094339	0.1463092554	-0.0991405866	0.1001334954	0.0316663907	0.0274329189	0.0348428718	-0.0516135898	0.0306000437	-0.0515145254	0.0727762993	-0.0476724391	-0.0920996523	-0.0059167477	0.0248111916	-0.0387167683	-0.0603068194	-0.0759579205	0.0233813847	0.0474285474	0.0266317463	0.0850776077	-0.0366500292	-0.0635300958	-0.1031776658	0.0433686295	-0.0189119504	0.0683097702	-0.0220640826	0.0656873827	-0.0784358534	0.0533966344	0.0389955692	-0.0685010952	0.032970362	0.014778706	0.0878489756	0.0772502043	0.0605224558	0.0389928981	0.0143696711	-0.0113936355	0.0	-0.0066073147952465	-0.0016008194347704	2.5626228627389426e-06	4.36566088034833e-05	0.0016347498385158	-0.0172767771842786	0.0002984870298752	2.672407034527434e-06	0.017024173752361	0.0111127040119356	0.0002898224919505	0.0001234921904568	9.004292894848482e-06	0.0003089974306355	9.54794121393706e-08	8.107729053621884e-11	0.0001319994981034	-7.701004535030001e-05	5.930547084855264e-09	1.7423867499549498e-08	-6.500059877234501e-05	-3.1970022001538815e-08	1.0220823067788754e-15	4.22507784076338e-09
797.9733665279396	-0.0456913627463109	636761.4936879334	0.0020877006296149	948.7572179124844	-5.714261086571355	900140.2585410374	32.652779765503645	786.8488099166041	0.7422096114112264	0.5508751072712037	619131.0496671761	792.5136840788407	644.5866148148217	0.967749	30.105652	0.0396631882471673	0.0201854967604756	0.0646802751	0.0008825494	0.0180479382	-0.0479513506	-0.0815773487	-0.0024122064	-0.0003503698	-0.0813755015	0.0093548285	-0.0125077552	-0.103504234	-0.0475934096	0.0084219482	-0.056899095	-0.0021202776	-0.0340612585	-0.1209271021	0.039504786	0.15417902	-0.0048016443	0.0638913134	-0.0076358905	0.0848571546	0.0536282038	-0.0324153965	0.0307918584	0.0396886458	0.0666490836	-0.0700251901	-0.0124674832	0.0741106729	-0.0753863417	0.0165643563	0.0274336093	0.0196451477	0.0645460421	-0.023691879	0.0428080362	0.0910402387	0.0671756964	0.0539214643	-0.0740646329	0.0439097911	-0.0124193332	-0.0451027227	-0.0173904483	-0.114419185	-0.1347093485	-0.1923345816	0.0326389467	0.1001955103	0.0338385537	0.009344719	-0.0408987069	0.0294823102	0.0807203093	0.1206426029	0.0120563095	0.0027324837	0.0389876901	0.0005978954	0.0020708777	0.0492728712	0.064482382	-0.0220085329	-0.0280586689	-0.0514826705	-0.0386431664	-0.0701749841	0.062049249	-0.1001464963	-0.0669627349	0.0371778119	-0.078692917	0.0361169115	-0.0939077937	0.0067813137	0.0103547387	-0.0150631583	-0.0536634406	-0.0026272751	-0.0850488847	0.1305784956	-0.0762167291	0.0214029354	-0.0054298187	0.0183140451	-0.0043493655	0.0116488734	0.0044324255	0.1068422686	0.0784500403	-0.0560844749	0.0162508616	-0.0267506106	-0.0164322035	-0.0369175672	0.0491750413	0.0218729883	-0.026248479	-0.0190060038	0.0238178227	-0.0509298012	0.0024672374	-0.091241333	-0.0430328576	0.0994185863	0.0511299879	0.0157018055	0.0447173858	-0.0048701266	0.0407534716	-0.0456181495	0.082485105	0.0775807557	-0.1254735323	-0.035896906	-0.1350223477	0.0700036137	-0.054187334	-0.0318830131	0.0129387074	0.0659243838	0.0182361288	0.0290324746	0.0192926218	0.0233479169	0.0491679678	-0.0711606737	-0.1395897916	0.1090168652	0.0365977474	-0.0156559429	-0.0286720712	-0.0182698272	0.0078550567	-0.0132332545	0.0580851286	-0.026721197	0.0731621224	0.0178936267	0.0421894758	0.1320556773	-0.0282946642	0.0019248122	0.1163319587	-0.0548311784	-0.0632287505	0.0654603068	0.0079170308	-0.0831128508	-0.0529489659	0.0245183727	-0.0668499962	0.0181036574	-0.0469194611	-0.0805148927	0.0572762697	0.038274856	0.0304752697	-0.0163003058	0.0891762807	-0.0221212665	-0.0486642112	-0.0633855626	-0.0293028182	-0.0700593702	-0.1034722957	0.0136890877	-0.0276473353	0.0100274646	-0.0855455137	0.0455055937	-0.0149609625	0.1329194495	-0.0782032583	0.0063998861	0.0856151306	-0.019537738	0.0722763741	-0.0907074091	-0.0703322221	-0.0327240088	0.0186849746	-0.0285619563	-0.0545526174	-0.0436685327	-0.0403269905	-0.0546883648	-0.0057346638	0.0733438606	-0.0329825081	-0.0834140456	-0.1212248945	0.027822133	-0.0192228907	0.0547527184	0.0712832362	0.0092927665	0.0028997509	0.0536537145	0.0851305272	-0.0284306596	0.0855835985	0.1344139925	0.0875060741	0.07593558	0.0577711266	0.0345900464	0.008405297	-0.0185093366	0.0	0.0007434787229811	0.0073507935182276	5.4034165347616897e-05	5.527606115256072e-07	-0.0074341140540354	-0.0090688638925512	8.22442923016189e-05	5.526605176840665e-05	0.0015306762370244	-0.0154934975153366	2.3429697425911773e-06	0.0002400484652577	8.000152773589814e-05	7.099723484104965e-05	5.040607355075155e-09	6.4002444400776794e-09	4.7997409958755455e-05	-8.400208814464454e-05	7.05635081266063e-09	2.303751362748837e-09	-6.500194220769011e-05	-1.3434353450926615e-09	1.8048185264442384e-18	4.2252524907718854e-09
798.860979405601	0.8876128776614678	638178.8644168761	0.7878566205904718	954.7249853374152	5.967767424930798	911499.7976275276	35.61424803806517	788.5383569565777	1.689547039973604	2.854569200283567	621792.7403917791	794.3195045578873	649.7339818325729	0.9999070000000002	31.106047	0.0313880709230124	0.0180302658969026	0.0131435533	-0.0628128458	0.0986058106	0.0017052703	0.0709090977	-0.0145911453	-0.0428903556	-0.004384752	-0.0860685006	0.080711619	-0.0813215021	0.0082220472	0.064794641	-0.0587436299	-0.0968761949	-0.0138529493	-0.0689982949	-0.0279921506	0.0208397228	-0.0504017601	-0.0433338753	-0.0090750178	0.0145773262	0.0035562046	-0.0490092129	-0.0457179198	-0.0536863788	0.1119448334	0.0448825711	0.114123475	0.0813992843	0.0383642727	-0.0203156698	-0.0336314695	-0.0036483626	0.0037757498	-0.0336229922	-0.0216438639	0.0357392615	0.0894086579	7.7675e-05	-0.0427246243	0.1539591376	-0.1390953567	-0.1177842034	-0.0110978409	0.038119907	-0.0340223479	0.0995359286	-0.0028402445	-0.0892840851	-0.012161807	0.0598738378	-0.1126954591	0.0121137018	0.1232512389	0.1127465834	0.067007326	-0.0412433187	-0.0474816026	-0.0512934008	-0.0582728449	-0.030801543	0.0659554264	0.0367117122	0.0598267397	-0.1505760204	-0.0311449263	-0.0037874506	0.1183518248	-0.1190950349	-0.0813073972	0.1204668918	-0.0282049168	-0.0803305465	-0.0025209298	-0.0686682544	0.0009266256	-0.0085842517	0.077221539	0.0195695781	-0.041914042	-0.0108730465	-0.0204960097	0.017993578	-0.0268055923	-0.1181246333	0.0599383272	0.0104783836	-0.1319290602	-0.0181242083	-0.0618842369	-0.0216717086	0.0131090051	0.0846476235	-0.0115387908	0.0283363572	-0.0234898445	-0.0104661585	0.0001076585	-0.0533747996	0.1147215428	-0.0265435863	0.0139505916	-0.034263135	-0.1009678637	0.044208757	0.0259499286	0.0051030043	-0.0785150725	0.0891091124	0.04625718	0.0641218697	0.0363178173	-0.0397150898	-0.0932006951	-0.0057731901	-0.0821070595	0.0296458653	-0.0298919972	-0.0803024321	0.1038050368	0.0788689452	-0.0106887191	0.0519454953	-0.031201592	-0.0960680543	-0.0820104491	-0.1226819947	0.0066458752	-0.1544394938	-0.0716882095	0.0175020499	0.0203539868	-0.0506569446	-0.0158950728	0.0047109485	0.0454140735	0.0596934998	0.0384339086	0.0748064803	0.0723807414	0.0858114948	-0.1008416296	-0.0512118944	-0.0292720902	-0.0356581095	0.0063475938	0.0434254621	0.047192326	-0.0223949992	0.0839402425	0.0651499621	0.0304140301	-0.0133838705	-0.1434121064	0.0441822337	0.1056225993	0.0102902929	0.0077383595	-0.0973792873	0.0071051719	-0.0091215685	-0.0163619415	0.0367110891	-0.0927053543	-0.0537610118	-0.0723555697	0.0647761827	0.0414788204	-0.0275497945	-0.1096735564	0.052432543	-0.0131131463	-0.1209304627	0.0834271223	-0.0615930842	-0.1520511824	-0.0913792223	-0.0591388342	0.0314341236	-0.0773516651	0.0297798341	0.0027234795	0.0031135632	-0.051863295	0.0929626446	0.0089488041	-0.0195396762	-0.0253118568	0.0179362883	-0.0273144392	-0.0638530899	-0.031198208	0.0727503458	-0.0758112995	0.0633027623	-0.0135986039	0.0176926207	-0.0380630332	0.0976644698	0.0681974209	0.0349914015	0.0154899676	0.1229710994	0.0871480531	0.0745684769	0.0549299716	0.0300915909	0.0024046285	-0.025509965	0.0	-0.0053186691159794	-0.0060621478389605	3.674963642141346e-05	2.8288241165273096e-05	-0.0051752019617481	0.0022589120922872	5.1026838406817846e-06	2.6782715344881385e-05	-0.0147362459451301	-0.0162669221821545	0.0002171569445553	0.0002646127572802	8.999446966114765e-06	-7.100208076978337e-05	5.041295473638841e-09	8.099004569591224e-11	-1.70002901431765e-05	-6.499770010193195e-05	4.2247010185406856e-09	2.8900986495218403e-10	-6.499994688720225e-05	1.995320487855516e-09	3.981303849255977e-18	4.2249930953391144e-09
798.3476897769617	-0.5132896286393134	637359.0337722119	0.2634662428686842	957.8009356568192	3.0759503194040008	917382.6323450784	9.461470367441574	787.464226035061	-1.074130921516712	1.153757236558341	620099.9072849976	793.757650196895	649.6922089848822	0.992997	30.891092	0.0127792556194133	0.0076787007742891	-0.0399345549	-0.051727512	-0.0155865304	0.0353880847	0.0728614396	0.0547961241	0.0750522754	-0.0122151487	-0.1024055015	0.0370817572	0.0360645944	0.0243842946	0.0515822924	-0.0649210963	0.0122299756	-0.1062757947	-0.0560069224	-0.0732056315	-0.0761461665	0.019402742	0.0446078345	0.0041434681	-0.0504144796	0.1003501361	0.0010108649	-0.0565187486	0.0626130681	-0.0482311676	-0.0513714337	0.0300680282	0.0271886282	0.0765471483	0.0652273115	0.0693928284	-0.0047489285	0.0410224919	-0.0066353516	0.067161499	0.0491679362	-0.0683357648	0.0848154105	-0.1009065546	0.0511744227	0.1023980724	0.0316495024	-0.052832481	-0.0339544231	0.0320126335	-0.0153064706	0.0860397652	-0.0214144313	0.2030694802	0.1071295954	-0.0443826487	0.0334822728	-0.0442423658	0.0407835727	0.0425335713	-0.0758444124	0.0366590028	0.0152622727	0.0425533452	-0.0602331585	-0.0562514291	0.0070354798	-0.0301992509	-0.0899490582	-0.030127272	0.0694520012	0.0030304815	-0.0643025844	0.0853129777	-0.0024496298	-0.0935612009	-0.0913604962	0.0583824628	0.0261478397	0.0384871403	-0.1124025335	0.0088641875	0.0104780404	-0.0318180432	-0.08025406	0.0016346652	-0.1176781947	0.0878890334	-0.0337425237	-0.0137317084	-0.0837205893	-0.0113437943	-0.0955790426	-0.0089670344	-0.0903294436	0.0093949257	0.0044728562	0.0630322435	-0.0521623091	-0.0721071758	-0.0203811607	-0.0664257191	0.0877411946	0.0056672066	0.0354020005	-0.1061005895	-0.0559063766	-0.1061718347	-0.0510912018	-0.0419542685	0.0291328664	0.0145908499	-0.0106638229	-0.0694032905	-0.0424936802	-0.0248963221	-0.0162054506	-0.0793706799	0.0050755719	0.0485144074	-0.0048106106	0.1129608682	0.0444321414	-0.1076894238	0.0396593004	0.0867610624	-0.0786935531	-0.0161746354	-0.0370002443	0.0210751934	-0.0775598779	-0.0429362232	-0.0883790816	0.0625310315	-0.0102815459	-0.0120556413	-0.0703750182	0.0085983377	-0.0065337106	0.066258576	0.1579893897	-0.0413052549	-0.0138365898	-0.0071519765	0.0122692943	0.0030233718	-0.1268091922	0.0138689865	-0.0936946835	0.039574617	-0.0126574962	0.0804682824	-0.0029510444	0.059434019	0.1165030532	-0.1151670225	-0.0314615642	0.0578556387	-0.0514690108	-0.0559265001	0.1397468482	0.0179942646	-0.0025069793	0.0514383373	0.1665134812	0.0385443875	-0.051162675	-0.048797266	0.0533168515	-0.0139902703	0.0154340502	0.0074085686	-0.0125433259	0.1389417528	0.02789182	-0.0621025153	0.0094111122	-0.1578225097	0.0558748909	-0.0114412076	-0.0269080923	-0.0583087065	0.058384088	-0.0139144616	0.0854042562	-0.0150909376	0.0245761881	-0.0546721231	-0.0183179268	0.0745537261	0.0536067977	0.0344273232	0.0445575878	-0.0166879604	-0.0338573716	0.0366960403	0.0324813912	0.0360543631	-0.003556118	0.0202952149	0.0075756245	-0.0071503548	0.007729729	-0.0375261266	-0.0421067243	0.0517994514	0.0770092449	0.0867749746	0.0731498398	0.0520034083	0.025509965	-0.0036064234	-0.0323519979	0.0	9.30300689105934e-06	0.0053279721228704	2.8387286942084752e-05	8.654593721509757e-11	-0.0051752825449682	-8.058322009934367e-08	6.493655361579263e-15	2.6783549420252526e-05	-0.0111351853479533	0.0036010605971767	0.0001239923527332	1.2967637424539324e-05	9.001951362522999e-06	2.504396408234134e-09	6.272001369576031e-18	8.103512833322966e-11	5.9999737352933735e-05	7.700002749611023e-05	5.929004234401732e-09	3.5999684824210317e-09	-6.500026131760381e-05	-3.1443040155614867e-10	9.886647742276091e-20	4.225033971356782e-09
797.3227421678318	-1.0249476091298677	635723.5551780309	1.0505176014610316	953.6102326753124	-4.1907029815067744	909372.4758630636	17.56199147920977	785.6926464256383	-1.7715796094227017	3.138494312522292	617312.934647323	792.2692070745138	644.0082749448654	1.021851	31.788692	0.0518826209370281	0.0299627156790059	-0.0785441228	0.0002284194	-0.0018852126	0.1296638761	-0.073042369	0.0160303127	-0.0193335223	-0.0082693336	-0.0034888943	0.010906247	0.0868461061	-0.031810856	-0.0117658078	-0.1005304128	0.0380205326	-0.0225358056	-0.1042060374	0.0426573968	-0.0524291082	-0.0328307373	-0.0522311317	-0.0507724873	-0.0070986315	0.0248567189	-0.0795121439	-0.0729056759	-0.0181126767	0.0391984138	-0.0189050269	-0.0218960442	-0.1165176833	0.0053374966	0.0054990943	0.0486243619	0.0138429969	0.0779665924	0.0991645128	-0.0856236408	-0.0266295638	-0.026779281	-0.0139274902	-0.042652992	0.0498603259	0.0100829256	-0.043771454	-0.0760762137	0.0288393893	0.1639684273	0.0081873343	-0.0263207826	-0.0966208176	0.0995143814	-0.0887724588	-0.0735267726	-0.0947817647	0.0691300993	0.0132432153	0.0221250948	0.1135175754	-0.0660222646	0.0098986442	0.0231547798	-0.0108938945	-0.1409298161	-0.0350884965	-0.0755182927	-0.0686363007	0.0080544312	-0.0335197357	-0.0160914017	0.004192323	-0.0867705312	-0.0250609302	0.0904151781	-0.0731002516	0.0920753771	0.0076826123	-0.0574616972	0.0292150931	-0.0113757169	0.0561603683	0.0345999518	0.0328774591	-0.0883082757	0.0391452704	-0.001475023	0.1053216354	-0.0148859927	0.2081583016	0.137698617	0.0454901583	-0.0126287968	-0.0464041552	-0.0279922601	0.0449567284	-0.1565006822	0.0374070052	-0.0287062575	0.0193052414	-0.0146131415	0.1621265657	-0.0376252291	0.0647633046	-0.1065124801	-0.0670106475	0.044188416	-0.0972123187	-0.0458553359	0.035105616	0.0852336057	-0.024952764	0.0196852346	0.0691241747	0.0225560004	-0.0254125857	0.0730926812	-0.0318613115	0.0518337677	-0.0181248328	0.0717540997	0.0037383883	0.03551412	0.0737219846	0.0857572682	0.041918064	0.0568611873	0.0389578333	-0.028023364	-0.1393130548	-0.0349944579	-0.0014999825	0.0190187027	0.0653158188	0.1026349552	-0.1450728397	-0.0422174653	-0.024866297	-0.0651966263	-0.0651856167	0.0507103121	0.1081025929	-0.0013685211	-0.0987235054	0.033784414	0.0869388542	-0.0135011918	-0.0852987696	-0.0199144485	-0.0342772301	-0.0449967808	0.0495560863	-0.0058400583	0.0353898898	0.1346621809	0.0055025949	0.0860318532	-0.0098320032	0.0030241527	0.0524265729	0.1377755505	0.0440602311	0.0030663245	-0.0325844488	-0.0698702882	0.1006365603	-0.1721252115	0.0268612468	0.0440102107	-0.0570048069	-0.137730774	-0.0706856872	-0.0495812001	-0.0484558758	-0.0882451501	-0.0582297918	-0.0814367424	-0.0235969312	-0.0184568428	0.0012033974	-0.0304261077	0.0023316843	0.1014890956	-0.002062717	-0.0151802981	7.152e-05	-0.0867072428	-0.0832471573	-0.0180501291	-0.0059450982	-0.0329861132	0.0590227657	0.0191705522	-0.0049227741	0.1018784797	0.0425964607	-0.0217308173	-0.0670200084	-0.0288018953	0.0266162055	-0.0382342527	-0.0863327243	0.0704364639	0.0838055217	0.0387186555	0.0257291517	0.0863869029	0.071680649	0.0489959873	0.0208578319	-0.0096019025	-0.0389928981	0.0	-0.0022583271607317	-0.0022676301676227	5.142146577112824e-06	5.100041564898502e-06	-0.028299061987667	-0.0231237794426988	0.0005347091757145	0.0008008369093818	0.004205609388947	0.0153407947369003	1.7687150332399163e-05	0.0002353399831597	9.011174752242285e-06	9.223389719285858e-09	8.507091791382805e-17	8.12012704154488e-11	8.499880693624284e-05	2.4999069583309108e-05	6.249534800311305e-10	7.224797180584685e-09	-0.0002630003001407	-0.000198000038823	3.92040153739476e-08	6.91691578740983e-08
797.1581163244427	-0.1646258433891034	635461.0624219337	0.0271016683115736	948.7374783446458	-4.87275433066668	900102.8028157571	23.743734767030887	786.4074007936102	0.7147543679719774	0.5108738065350209	618436.600022962	792.0649969217607	646.699931105088	1.061568	33.024242	0.0339764941560489	0.0162113120251989	0.0459809247	0.0035972298	0.0082392919	-0.0135588201	-0.0510789728	-0.0410189141	-0.0868504206	-0.1383349228	0.062220258	-0.0173310417	-0.0686497983	-0.0842846701	0.0341531579	-0.0347716991	-0.0353294539	0.0661562618	-0.0564229254	-0.0451866537	0.0145901885	0.0165295907	0.0494764961	0.0754431796	-0.0672223937	-0.0117655113	0.0252856521	-0.0979679443	-0.0273133823	0.0546574911	-0.0698839197	0.046817968	-0.0196449877	-0.0405756163	-0.0504258351	-0.0397391267	0.0266746876	-0.0659880756	0.0141500439	-0.015581893	-0.0135170506	0.0675571297	0.1305767441	-0.0023533779	-0.0348976381	0.0501158416	-0.0562396881	-0.0652994845	0.0537465115	0.1141039937	0.0183664297	0.1124490658	0.0252050101	0.0118672545	0.0314579932	0.0077923532	-0.0299954888	0.0887556574	0.125769237	-0.1443556143	-0.0783796872	0.0502765871	-0.0095335304	-0.1276449485	-0.1338966173	0.0818134262	0.0615609043	-0.033567868	-0.0139001501	0.0374362679	0.0859100372	0.0286506388	0.1234477251	-0.0705923547	0.015641586	-0.0026904433	0.0131492972	0.0814208306	0.0109442975	0.0299956627	0.0112600071	-0.0373652702	-0.0388258058	0.0901635181	0.0487952477	0.0890211292	-0.0542997286	0.0187433113	-0.0229592554	-0.0071487788	-0.1316543551	-0.0630056134	0.0010742269	0.0065723023	0.0150497073	0.0755444829	-0.1501604133	-0.0071057696	-0.0503455211	-0.0048153406	-0.0683544465	0.0183068856	0.03832273	-0.1527295238	0.0654104806	-0.0009336614	-0.0551478974	0.0616470251	0.0475304602	0.0421486446	-0.0361684123	-0.0194317677	-0.00103525	0.0826636371	-0.0286391779	0.093173895	-0.0413130064	-0.0322247663	-0.0050485437	0.0691914642	-0.0884924115	0.0553373351	0.079759736	0.0039325625	0.0080231072	0.0260268042	0.0227832875	-0.0981267415	-0.0200477088	0.0200779145	-0.098517466	-0.0660798003	-0.0380011526	-0.0038907799	0.0539906769	-0.0764624796	0.05091228	-0.1324235973	0.0333525755	0.180158283	-0.074322163	0.031274142	-0.0088036744	0.0092550071	-0.0030000696	-0.0119111501	0.0636207623	0.0465829632	-0.1044367353	0.0474023053	0.0369758768	0.0513249846	-0.021243081	-0.0682337883	0.0399777504	-0.0427850774	0.0891395684	0.0346487278	0.0716067802	0.0144862093	-0.0435903025	-0.0558625278	-0.058234454	-0.0888765709	0.1535939732	-0.0312125388	0.0067504538	0.1475581407	0.0460986656	0.0385601317	-0.0752453089	0.0461668454	0.0097541915	0.0456614677	0.0148799451	0.0600704654	-0.0620963901	-0.0982978697	0.0357663058	-0.0203358729	0.0431725028	-0.0138487755	-0.1729409919	0.0090840007	-0.0964520459	0.0211388914	-0.0280709295	-0.0948160986	0.0573776349	-0.0429539179	-0.0745125989	-0.0034991026	0.0489798528	0.0344347248	-0.0439596502	0.0218537974	-0.0052340187	0.0508421026	-0.0029278962	-0.0010752326	-0.0284080324	-0.0148538797	-0.147533722	-0.0689743421	-0.0948789158	0.0568872099	-0.0095020814	0.0859839051	0.07016192	0.0459123846	0.0161480496	-0.0155559202	-0.0453913792	0.0	-0.0044355193572727	-0.0021771921965409	4.740165860679023e-06	1.9673831968740824e-05	-0.0197163958426926	0.0085826661449744	7.366215815608972e-05	0.0003887362650257	0.001438520126058	-0.002767089262889	2.069340153073924e-06	7.656782988795592e-06	0.0001830014001844	0.0001739902254321	3.0272598545933063e-08	3.348951246945091e-08	4.799403939914626e-05	-3.700476753709658e-05	1.369352820474557e-09	2.3034278178468034e-09	-6.500436207706428e-05	0.0001979959380636	3.9202391489699073e-08	4.225567089046073e-09
796.7167220437271	-0.441394280715599	634757.5351841016	0.194828911048441	948.4504919494224	-0.28698639522338	899558.3356791013	0.08236119104331	785.9606786539033	-0.4467221397069352	0.1995606701043425	617734.1883901042	792.0744769449827	631.096602357986	1.056778	32.875229	0.0616497663428323	0.0339932897399082	0.0723846205	-0.0211769233	0.0315717231	0.0603387686	0.1218700015	-0.0230848821	-0.0297386306	0.0197196051	-0.0371284769	-0.0391059915	-0.0345435356	0.0219793259	0.0137508641	0.0446353543	-0.0656271941	0.03107623	-0.0511308318	-0.0299048652	-0.049160527	0.0338244878	-0.0515894216	-0.0797086347	0.0395715924	0.0220949645	0.0592403443	-0.034904696	-0.0253185749	0.0377354136	-0.0720222786	-0.0394893136	0.0453605823	-0.0775838686	0.0849810618	-0.0034426961	0.0135903887	0.0268577842	-0.1276713842	-0.0321040982	0.0227336658	-0.0590649841	0.0441914229	-0.0124193739	-0.0034118421	0.0393375095	-0.0279785828	0.0948445055	-0.0482966031	-0.0466479513	-0.0444941714	-0.045917233	-0.0126939733	0.0781654204	0.0038679224	-0.0356921343	0.0558957822	0.0982204959	0.0804768601	0.012680561	-0.114202667	-0.0220240882	-0.0924643816	0.0142753944	-0.0448828966	-0.0149073847	-0.0058971384	-0.0208329979	0.0280202172	0.0784793598	-0.120728881	-0.0627519442	-0.0457680416	-0.0064333034	0.0426104746	0.0808360064	-0.1364244139	0.104875977	-0.0635149972	0.0118404515	-0.0041527935	0.0370014301	-0.0821506659	0.0187594553	-0.0310464862	0.0145555111	0.0318200843	-0.0785012121	-0.0159354193	0.0002822393	0.0310204824	-0.0169444865	-0.0113360284	-0.0398861733	-0.0325833526	-0.0319922505	0.1110597795	-0.0682942939	-0.0958014056	0.0213055099	0.0714335762	0.0600086403	0.0273051393	-0.1325915483	-0.0668420146	0.0102007441	0.0443800835	-0.0333734425	0.0460489192	-0.021348204	-0.1024961225	0.0027216738	0.0333115415	-0.0722136528	0.0327832454	-0.0053474595	-0.0384713896	-0.0751649885	-0.0361225337	-0.0545613534	0.0865489698	-0.083921638	-0.044774123	-0.018292435	0.0282635601	0.0869810591	-0.0699550984	0.0583826446	0.0403800615	-0.0027086976	-0.0296366786	-0.0348392465	-0.0765545229	-0.0955972686	-0.0267420733	-0.0176582704	-0.0883216248	-0.0140796048	0.0091233952	0.1168358767	-0.0141001115	0.0521251694	-0.0004314253	-0.0231657889	0.0334713222	0.0178263674	0.0497295583	0.017972077	-0.0384037821	0.0729056087	0.0525596124	-0.1058884369	0.0727377274	0.0257660861	0.0416979558	0.1819164304	-0.0300616211	0.0126185779	-0.0399985365	-0.0095184609	0.0463549841	0.0413554179	0.0609187838	0.0195232405	-0.0259184343	-0.0392202613	0.0218900765	0.0070296233	-0.0296102423	0.0421913713	-0.0505751022	0.0472782956	0.037577866	0.0411027446	-0.0268066191	-0.066780505	0.1262334587	-0.0523882944	-0.0828070212	-0.0709110271	0.0777208115	-0.0732990628	-0.0310635151	-0.0705705463	-0.0090636398	-0.0076291947	0.0315613868	-0.0472439088	0.0881272718	0.0226907413	0.0648125168	-0.0138108906	0.0538060919	0.0295196141	-0.1002917037	0.0070367156	-0.0020699995	0.003221875	-0.0735065887	0.0299136897	-0.0253259488	-0.0276252412	-0.1081682175	0.0773676685	-0.0041357924	0.0082873112	0.0630398192	0.0855660509	0.0685947023	0.0427573947	0.0113936355	-0.0214427666	-0.0515076619	0.0	0.0009025011446084	0.0053380205018811	2.8494462878502948e-05	8.145083160194721e-07	-0.00690611628292	0.0128102795597726	0.0001641032623995	4.769444211321276e-05	-0.0284122902926213	-0.0298508104186792	0.0008072582396721	0.0008910708826519	8.999569276163844e-05	-9.300570742276156e-05	8.650061613208322e-09	8.099224715647222e-09	-0.0001320030965066	-0.0001799971359057	3.239896893427169e-08	1.742481748733075e-08	-6.499408815558585e-05	1.0273921478430766e-08	1.0555346254496099e-16	4.224231495176065e-09
796.8314458600088	0.1147238162816393	634940.3531113521	0.0131615540222233	955.0075880391709	6.557096089748484	912039.4932123946	42.99550913019485	785.8654044987933	-0.0952741551100189	0.0090771646319279	617584.433988052	792.2979231902709	651.0043575360835	1.01717	31.643072	0.0605937471235469	0.0450660577355478	0.0180437005	-0.0706619024	0.0193657502	0.0979997617	-0.0076471028	0.0864197551	0.090625281	0.0155228792	-0.0865823333	-0.0268836534	0.0399798266	-0.0374212298	-0.059809444	-0.0437540551	0.0143349134	-0.1284924587	-0.0167174186	-0.0439925854	-0.0530117406	-0.030609901	-0.0269336673	0.0942402864	0.0370838112	0.0266697741	0.0059753508	-0.0975506561	-0.1089959236	0.0632729582	-0.0363417869	-0.0024216608	0.0077394059	0.0074107136	0.0882231257	0.0649037535	-0.0161176149	0.0858138314	-0.0322230672	-0.0237317044	0.0263524229	0.0099262781	0.0152578525	-0.08982004	0.1125486276	0.0686253976	0.0630698041	-0.1475629238	0.0418880477	0.0167404225	-0.0160378599	0.0181105464	-0.0696848844	-0.0177099567	-0.0692587989	0.0237026591	0.0617156259	0.0200951875	0.0226968169	0.0695659954	0.0864535718	0.0715055699	-0.0302713017	-0.0158993407	0.046965624	-0.0427010162	0.132633464	0.0037228438	0.0856783116	0.0501258899	0.1276842126	0.0533160829	0.1327293869	0.0927330539	-0.0268006973	-0.0913793587	-0.0298290282	-0.0091391917	-0.0075372663	0.0465438212	-0.1028476272	0.0758655708	0.1047491348	0.0551542611	-0.0836414415	0.0549121906	-0.0082261041	0.126700303	-0.000963267	-0.1182164942	0.018618539	-0.0039888501	0.0165561592	-0.0927901761	-0.0292608113	-0.119779694	-0.0577842816	-0.0822024955	0.0242436357	0.1088036457	-0.07387799	-0.0185986903	-0.0081494523	0.0052422776	-0.0570230993	0.061119172	0.0239705448	-0.0829915476	-0.0259195259	-0.0403746917	0.0177645022	0.0908264094	-0.0139350033	-0.0345869076	0.0070746201	-0.0777795125	0.0178780188	0.0105848403	0.0059580179	-0.0102051937	0.0308850926	0.1178889904	0.0074598969	0.0718751028	0.1498820983	0.0914232077	-0.1002703561	-0.0473308915	-0.0448977316	0.042188279	-0.0414482067	-0.0337337486	0.0443888625	0.0325872572	0.0031701534	-0.0170613155	0.0549866691	-0.0574868029	0.0369013245	-0.0389375962	0.0685128306	-0.0762218276	0.0103628749	-0.0146152829	-0.0670677318	0.0324581006	0.1439833786	-0.0152689808	0.170120703	0.0726695063	0.0649596872	0.1231389998	0.0059650333	-0.0822493692	-0.0519954031	-0.1175002498	-0.0407823176	-0.064304386	0.0100606702	-0.071158273	-0.0322286927	0.01768999	0.0361003896	-0.1126544794	0.0836065447	-0.0284336941	-0.0105100359	-0.0188655235	-0.0244113335	0.0725353323	-0.0185361996	-0.1176465571	-0.0330682643	0.0279367953	-0.0374641533	0.0505485692	-0.0142079239	-0.0200629927	-0.0544120657	0.0626577012	0.1607647455	0.0999620966	-0.0144041155	-0.0267978974	0.0782153061	0.001630198	0.0156691034	-0.0854033804	-0.0848122668	-0.0268286604	0.0421031184	0.0051968601	0.0725968471	0.0409484154	-0.0448335814	0.0562320202	0.037792373	0.0378621386	-0.0463356289	-0.1018529492	-0.028443452	-0.0682881246	-0.0680402166	0.0111430998	0.0283602111	-0.0831029757	0.0587000542	0.0851334125	0.0669800789	0.0395359232	0.0066077305	-0.0272370221	-0.057303721	0.0	-0.0078825532205968	-0.0087850543652052	7.717718019961094e-05	6.213464527554098e-05	-0.0110088656083888	-0.0041027493254688	1.6832552027634698e-05	0.0001211951219835	0.0152432339297945	0.0436555242224157	0.0002323561806384	0.0019058047951339	8.995707212905789e-06	-8.099998554873266e-05	6.5609976588949e-09	8.092274826032523e-11	-0.0001320000402451	3.056261500009125e-09	9.340734356438029e-18	1.7424010624708015e-08	-6.499943055449678e-05	-5.3423989109251035e-09	2.8541226123453724e-17	4.224925972408849e-09
795.6873660429537	-1.144079817055058	633118.3844803735	1.3089186277927347	945.3328681086864	-9.674719930484455	893654.2315265951	93.60020573331316	786.1596793330364	0.2942748342430832	0.086597678068794	618047.0414090225	792.1166347058979	640.0378549845265	1.033686	32.156868	0.0634942189637084	0.0360896150721824	-0.0719524497	-0.0521679926	0.0095111869	0.0426318949	-0.0612847396	-0.0852528717	-0.0641344382	0.0531664911	0.0206593257	-0.0185180896	0.0617351365	-0.0668277743	0.0375834908	0.0658835114	0.0184650145	0.0731324981	-0.083155959	0.0235194899	-0.0821735904	0.0105536723	-0.0065288091	0.0825756316	-0.0246298884	0.0323450479	-0.0094889404	0.028545739	-0.0090739372	-0.026952269	-0.0730349435	0.008579675	0.0092453403	0.0335721174	0.0697581815	-0.0223425592	0.0526282484	-0.0276560616	-0.0375598895	0.0822163962	0.0328711606	0.0835242144	0.0286767547	0.1228218007	0.0985171436	0.0535799374	0.0427336597	-0.0704535421	0.1261733162	-0.070922243	0.0657676414	0.0091701322	-0.0343861428	-0.1011781526	-0.0218678347	0.0736606953	-0.0836487888	0.0056079181	0.0897706838	0.0654492946	0.1026749509	-0.0663209332	-0.1136429811	0.1090630805	0.0322873625	0.0201699282	0.0261349061	0.0131731094	0.0298251632	0.1599126787	-0.0657049733	-4.85696e-05	0.066282993	0.027379985	0.0199149785	-0.0145618294	-0.0537049816	-0.0283007957	0.0260232153	0.104462431	-0.0708949482	-0.0428915216	0.0410755857	0.0819494218	-0.0752363406	-0.0014641054	-0.0377557084	-0.0494025542	0.0981143685	-0.0432786389	-0.0470430881	0.0380524932	-0.0192759438	0.0226682113	0.1758790724	0.0517219784	0.0449602517	0.0859675859	-0.0251212306	-0.0561681096	-0.0190555848	-0.026979167	-0.1110320305	0.021324013	0.1418711983	-0.0783226344	0.0402370238	0.0200927484	-0.0261019435	0.0126750265	-0.0391861025	-0.0505712163	-0.0225456697	-0.0382818683	-0.0534136123	-0.0366058239	0.0233602733	-0.0269037936	-0.0918030561	-0.0129398269	0.0114830388	0.1112747807	-0.0530853051	0.1989370402	0.0448064542	-0.0142647775	-0.0758388782	-0.1186326719	-0.0348488714	-0.0088686553	0.0552147325	0.0422380864	-0.0241476577	0.053399876	-0.0820476533	0.0089131495	-0.0480479352	-0.0041585487	-0.0503178355	-0.029025927	-0.0861341467	-0.0225888698	-0.1211964726	-0.0214010872	-0.0526744837	0.0048903778	-0.0191664034	-0.0197483392	0.0675717039	0.0839831704	-0.1029664655	0.1067959218	0.0721907993	-0.0167553041	-0.1653171284	-0.0031202292	0.0226624323	-0.1092450043	-0.1398049019	0.02708605	-0.0198478625	0.0293352922	-0.0484563289	0.0161369693	0.0219253469	0.0076500632	0.0965637401	0.1070001596	0.1485270306	0.0111582135	0.0120438543	0.0688356119	0.0490589654	0.067920135	0.0583362631	0.0422179657	0.0645410657	-0.0022385948	0.0616886414	-0.007893496	0.0313672753	-0.0298739365	0.0969482644	0.0703428327	0.0024580966	-0.04175627	0.0395630874	-0.0650195665	-0.0130703136	-0.0910113381	-0.0256122444	-0.0128163605	0.1021724387	0.0286756425	0.0216064285	0.0458294009	-0.0391559399	0.0430257873	-0.0545817144	0.0438837175	0.0446393513	-0.0367912044	-0.1099769459	0.014434739	0.118640489	0.0883630056	0.0183539508	0.0846860645	0.0653191659	0.0362529791	0.0018035623	-0.0329136668	-0.0627435226	0.0	-0.0224679169807586	-0.0145853637601618	0.0002127328360162	0.0005048072934542	-0.0080398687993863	0.0029689968090025	8.814942051867028e-06	6.463949031134532e-05	-0.012894904489471	-0.0281381384192655	0.0001662785617925	0.0007917548337017	-0.0003470042693435	-0.0003559999765564	1.267359833081615e-07	1.204119629426163e-07	-0.0001319890768292	1.0963415899976252e-08	1.2019648819585206e-16	1.7421116402224462e-08	-6.502289008776315e-05	-2.3459533266375265e-08	5.503497010761677e-16	4.2279762353653284e-09
797.316446459727	1.629080416773263	635713.5157951667	2.6539030043141487	950.0742881724376	4.741420063751207	902641.153046364	22.481064220942496	786.870595934667	0.710916601630629	0.5054024144740424	619165.334746578	792.8026562704194	645.9974579745052	1.013078	31.515791	0.0618769213650102	0.0324722918152035	0.032665468	0.018538999	-0.0354755873	-0.0122214436	0.0360462009	-0.0635967115	-0.0409212125	0.0754636	0.0759113168	0.0194238524	-0.0065483469	0.0407747131	0.0501752016	0.0747427847	-0.1014517919	-0.0287856595	-0.0536129676	-0.0326916978	-0.0412930662	-0.0324511578	0.0376440871	-0.0577176546	-0.015676343	0.0229930913	0.002264251	-0.027603432	0.0788240102	-0.037115511	0.0346232415	0.0007085127	-0.0755466289	-0.0158854056	-0.064914082	-0.0802408708	0.058159364	-0.0294103184	-0.0084526898	0.1229065314	0.0530875129	-0.1097617889	-0.0621513894	-0.1172666139	0.150768332	-0.0094503132	-0.0991178923	-0.0262550133	-0.0275032141	-0.1077434717	-0.0783627112	-0.0302591516	0.0573964043	0.0163611735	-0.0449218305	-0.0348408551	-0.0929987565	-0.0880287211	0.019314672	-0.0154716716	0.0042542537	0.0971544108	-0.0009062555	0.0418395129	0.0936890492	0.0105048222	-0.0100406472	-0.0627065973	-0.0069933851	0.0838569473	0.1046948872	-0.0353899972	-0.0349583761	-0.0326916812	-0.0190561647	-0.0742587569	0.0723156364	-0.026162065	0.1162656526	-0.0966376957	-0.0163498318	-0.0215223176	-0.0784383278	0.0559778839	0.0024180189	-0.012985639	0.0921415566	-0.0405722243	0.0329100013	-0.1039471304	0.0157182664	-0.0677092972	-0.0806855159	0.0066154957	-0.0690909294	-0.0353422832	-0.0774808737	0.0485535505	-0.0135950207	-0.0177370128	-0.0407653332	-0.1313744674	0.0183780159	0.0014995787	-0.0412540068	0.065135638	-0.0112560155	0.0711166737	2.31926e-05	0.0197055002	-0.076700681	-0.0381528339	-0.0641936892	0.0184276407	-0.0542302888	0.027616466	-0.0779437303	-0.0312770007	0.0349640648	-0.1201585868	0.1445829492	0.0477976086	-0.0799775015	-0.0583704653	-0.0069669263	-0.1375292311	0.0081523963	-0.0165168792	0.0183239488	-0.0499869695	-0.1411933433	-0.114101653	-0.0067275576	0.071149308	0.0446874892	0.0596625132	0.1006652263	0.0319762894	-0.0001173223	-0.0824230096	-0.0054727399	0.0847705379	0.0161277153	-0.0464313511	0.0121970968	-0.0234095156	0.0366931758	0.0373893784	0.0923402337	-0.0263555307	0.02251286	0.0393810887	0.066533575	-0.0140731272	0.0983384773	-0.0989740988	-0.0933537467	-0.014347702	0.0844108421	-0.018598547	-0.0892231124	-0.0139818756	-0.0238033106	0.1002441358	-0.014707783	-0.0093583914	-0.0075348963	-0.0112230364	0.0970882403	0.0705785489	-0.025954743	-0.0240878298	-0.0152183928	0.0960697319	0.0096132614	-0.0979033027	0.002564927	-0.0739580075	-0.0235229461	0.0179545366	0.0645587057	0.0010012437	0.0414930705	0.0487472359	-0.0630842879	0.002863521	0.0005442744	-0.0687314231	0.0861363813	0.0051146101	0.0430575955	-0.0145835091	0.011013181	0.0066701155	-0.0029514827	0.052065721	0.0254181581	-0.1002489313	-0.0452544008	0.0304500239	-0.0558039477	-0.0325070023	-0.0396639164	0.0378026695	0.0077964884	0.0440799435	0.0705637338	0.0842240844	0.063613111	0.0329136668	-0.0030055908	-0.0384481886	-0.0677932473	0.0	-0.0119683155868273	0.0104996013939313	0.0001102416294314	0.0001432405779858	-0.0282742560354449	-0.0202343872360586	0.0004094304268187	0.0007994335543578	-0.0106528967917114	0.0022420076977596	0.0001134842100548	5.026598516813305e-06	9.002922104117305e-06	0.0003560071914476	1.2674112036242046e-07	8.105260641280397e-11	8.999973862078292e-05	0.0002219888154499	4.9279034184886585e-08	8.099952951809245e-09	-6.50003962401479e-05	2.2493847615247904e-08	5.059731805379938e-16	4.2250515113762345e-09
796.4788446626221	-0.8376017971048668	634378.5499951054	0.7015767705133025	951.0664873438956	0.992199171457969	904527.4633486564	0.98445919584188	787.6082498930821	0.7376539584150805	0.5441333623654373	620326.7552996436	793.3145575675426	642.2532230282094	0.960398	29.876961	0.044414319843352	0.0285893339211225	0.0272740752	0.0297649812	-0.0769392443	0.0220007769	0.0398730144	0.027583563	0.0368933958	0.0316504063	-0.0049215197	-0.0115497661	0.0255163193	0.1114288609	0.0400906066	0.026344367	0.0068237601	-0.0530032368	-0.0523609502	-0.0264103957	-0.0415874294	0.0240667845	0.0799718766	0.025266653	-0.0644521391	0.0901449295	0.0840631104	-0.0798268907	-0.0036836787	0.0603908731	0.0033878248	-0.0433062339	-0.0652520595	-0.0207096754	-0.1147054812	0.0009210892	0.0765275698	-0.0222232856	0.0552399632	-0.0033728937	0.0080743844	-0.0450579861	0.0590274652	-0.0319799303	-0.0155294565	-0.1559790069	-0.0350941586	-0.0911221512	-0.0249549592	0.007442854	0.0723069945	-0.0567233289	-0.0586651924	0.0165221577	-0.045182755	0.0033628458	-0.0231394279	-0.1075546772	-0.0324962954	-0.0506896856	0.0393505781	0.1556710337	0.0687031967	0.0326279238	0.034880374	0.0400568991	0.0694750607	0.1016128285	0.0459849334	-0.0729490968	0.0567436302	0.031547751	-0.0385706002	0.0757427163	-0.1399228113	-0.0867325298	0.0417417794	-0.0430675014	-0.0905657607	-0.0098971261	-0.0273275777	0.0054011828	-0.1818481376	0.1092919906	0.1175902845	0.0127858632	0.0186695591	-0.0404279721	-0.0210197697	0.0020132866	0.0722736884	-0.0114969119	0.0045886367	-0.0924324879	0.0365833611	-0.0391763418	-0.1201419811	-0.0667771634	-0.0006486114	0.0308618374	-0.0460600342	0.1314841531	-0.0993783097	0.0380954009	-0.0090257983	-0.1012062942	-0.0399112653	0.0199424601	-0.0222852651	-0.0726601732	0.0029062775	0.0058461264	-0.0419347396	0.0681708725	9.85319e-05	0.0344098937	-0.1287271145	0.014196555	0.0457710372	-0.0464094083	-0.0266481745	0.0238101756	0.0299528321	-0.085266853	0.0001724969	-0.0003261335	0.0469051167	0.0506311119	-0.0237093405	-0.1321949186	-0.0382330234	0.0219234098	-0.0278839934	0.1029234005	0.0679067305	-0.0031190294	0.0912060798	-0.0712662917	0.0576995319	-0.0658991104	0.0087292213	0.0274642521	0.0030636939	-0.0321977518	0.0413042858	0.0182430679	0.0081226462	0.0026307346	0.2318113597	-0.0633072726	-0.0024209761	0.0618485049	-0.1312352488	-0.0686694498	0.0591015149	0.0043216582	-0.0890630986	0.0103717561	-0.0066673306	-0.0582836777	0.0108272921	-0.0941031743	-0.0254748321	-0.0922446329	0.0798632137	0.021302722	0.0178570262	0.0028047629	-0.0779092441	0.0698942152	-0.0505379549	0.0774078669	-0.0104698174	-0.1103478979	0.142798697	0.0580334516	0.0417766838	-0.0834656821	-0.0759680562	0.019169114	-0.0206407295	-0.0157867068	0.0481192154	0.0881985537	-0.0365659149	-0.0116457188	0.0186204156	-0.0508014769	-0.0180025885	0.0456502864	0.0826926305	0.010837768	0.0603391485	0.0539212251	0.0469228673	0.0727676732	0.0249784867	-0.0178193008	-0.0925687387	-0.0525918075	-0.0805165265	0.0238931122	-0.1362195894	0.0180027289	-0.0963546328	0.1162072496	-0.0366873755	0.0837475519	0.0618630933	0.0295231785	-0.0078064368	-0.0438166893	-0.072421501	0.0	-0.0118231378312145	0.0001451777556128	2.1076580724770262e-08	0.0001397865881758	-0.0034304948656398	0.0248437611698051	0.0006172124690623	1.1768295023181029e-05	-0.0241280242657779	-0.0134751274740665	0.0005821615549699	0.0001815790604423	9.00880024520145e-06	5.878141084144706e-09	3.4552542605109904e-17	8.115848185794169e-11	0.0001029990188143	1.2999280193517084e-05	1.689812855495656e-10	1.0608797876708529e-08	-0.0001710003067829	-0.0001059999105427	1.1235981035071448e-08	2.924110491984592e-08
797.7197963079425	1.240951645320365	636356.8734215853	1.5399609860233212	954.408765628638	3.342278284742406	910896.0919087804	11.17082413266064	787.5379843612096	-0.0702655318724509	0.0049372449693184	620216.0768117169	793.9667336064612	640.1529005584295	0.949011	29.522726	0.0464855410020127	0.0276752694888429	0.0100267857	-0.0094599722	-0.0021813069	0.0267344807	-0.0707775334	-0.0058571409	-0.0072045337	-0.0208937642	-0.0056094506	0.0163151393	0.0022202666	-0.0080700207	0.028273532	-0.0130001999	0.0151942001	-0.0327274521	-0.0260723371	0.1049014827	-0.0025414227	-0.058590376	0.0622650834	-0.0567891775	-0.0337734279	-0.0190032594	0.0884241557	-0.0451036917	-0.0525320922	-0.0835569693	-0.1431600938	-0.035881552	-0.0672657868	0.0307469681	-0.0020009192	0.0473917345	-0.0380157678	0.0815204379	0.0730112911	0.0147780304	-0.0687880653	0.0533219825	-0.1228000032	0.1548054828	0.0114956197	-0.0958746895	-0.0457519149	-0.0857751953	0.015455307	-0.0005520084	-0.0568466032	0.0082367817	0.0623462974	0.0375421298	-0.0394077504	-0.0940415829	-0.0317498555	-0.0363710979	-0.0890873123	0.0324520186	0.0449246791	-0.0866788293	-0.0468225985	-0.0034743982	-0.0584343245	-0.0444494889	0.0968860768	0.0665884761	-0.0149940592	0.0127365796	0.0341036438	0.0010852576	-0.0322546887	-0.0747581905	-0.0886926653	-0.1196821881	0.0955669798	-0.0247877202	-0.1445614452	0.015296934	-0.0331967846	-0.0759989542	0.0010539391	-0.0684485924	-0.0173484352	-0.1610252952	-0.1184932318	-0.028563594	0.004160828	0.0188810494	-0.0047543702	0.0345675771	-0.0712496516	0.0377895814	-0.0145496081	0.033474207	-0.0110802189	-0.0910917495	-0.0840118162	0.0551548721	0.0325009208	-0.0370323644	0.0357474047	0.0430950375	-0.0499578305	0.0458345897	0.0677551104	0.0027739599	-0.0592798433	-0.0225835946	0.0837400755	0.0485235963	-0.0124896656	0.0995812199	-0.0214343541	-0.0370259582	0.0327654178	0.0145433156	-0.1099129616	0.0500436686	0.0901445452	0.020424888	0.0667656622	0.1407739055	-0.0035937704	-0.1027127744	0.0736029022	0.0914024462	0.0766643792	0.0078123422	-0.0506751828	-0.0464001005	-0.0504836934	-0.0718943409	0.0895626763	0.1203730822	-0.0387193216	0.0716501565	0.0328965339	-0.008752855	-0.0545019636	-0.0437385212	0.0982297441	0.0320675859	-0.0321821028	0.0543613436	-0.0458235497	0.0048191673	0.0680798854	0.089706641	-0.1588155281	-0.0200498412	-0.0282487894	0.0229189949	-0.1580419356	-0.0838125364	-0.0516986037	-0.0082522337	0.0312419324	0.0570116207	0.0676997021	0.0286849628	0.0684935934	0.0430591749	0.042571882	0.0272703654	-0.0067408467	0.005137567	-0.018949904	0.0727045603	-0.0756940631	0.0409485539	-0.0238956016	-0.1286041554	0.03590667	-0.0065155361	0.0401266368	-0.0593212992	-0.0176333851	0.0028598507	-0.1054732995	0.0705582364	0.0394689437	0.0682918048	-0.0162233933	0.003989843	0.0106827338	-0.0444684196	-0.0514171338	-0.0577257369	-0.0155440444	-0.0735901461	0.0851628726	0.0834106963	0.0138797199	0.0219740254	-0.0158178916	-0.0741564188	-0.0512875862	-0.0165476725	-0.0479039384	0.0385604412	-0.1012328259	0.0310537899	0.0304614697	0.0410809495	0.1391255057	0.0832565493	0.0600703222	0.0260867859	-0.0125857064	-0.0489959873	-0.0765995097	0.0	-0.0118747396647194	-5.160183350490059e-05	2.662749221067481e-09	0.0001410094421048	-0.0282688573831251	-0.0248383625174853	0.00061694425255	0.0007991282977474	-0.0156837581667304	0.0084442660990475	0.0002459802702324	7.130562995152291e-05	-0.0001989932476142	-0.0002080020478594	4.326485191370472e-08	3.9598312596046314e-08	0.0001080120634311	5.013044616799988e-06	2.513061633002734e-11	1.1666605846643968e-08	-0.0001209891882196	5.001111856330001e-05	2.501111979952451e-09	1.4638383666037795e-08
798.5178255085906	0.7980292006481022	637630.7176549679	0.636850605087049	951.5712379303988	-2.837527698239228	905487.8208563916	8.05156343827481	785.8113407150971	-1.7266436461125068	2.981298280660692	617499.4631964584	791.9410309460047	641.9748950281962	0.994024	30.92304	0.041788959750195	0.0260988118055513	-0.0068299041	0.0313820432	-0.0035385151	-0.011789244	0.046667122	-0.0485003614	-0.1240833455	0.0215660422	0.0650890952	0.0549024321	-0.0510070356	0.0270293445	0.0918738436	0.0044960845	-0.0600259519	0.0352979826	-0.016858892	0.0133604991	-0.0152220478	0.0538609545	-0.0316457048	-0.0659678536	-0.076827782	-0.0602593268	-0.1024710911	-0.0375850571	0.0620362311	0.0040211237	-0.0322641895	-0.0071462178	-0.0719579939	-0.0355205401	-0.047592277	-0.1196669035	0.0602627801	-0.177775381	0.004026153	0.0213983656	0.0316879192	-0.0463979662	-0.0193538437	-0.0159404333	0.0533118244	0.0861150837	0.0559221895	-0.0425569908	-0.1453116911	-0.0960261717	0.1637533914	-0.0036952909	0.0481413223	0.0441527224	-0.1470850773	-0.0037391517	-0.03019484	0.039180275	0.0426296431	0.0762845467	-0.1224193081	-0.0419280754	-0.0339150373	0.0092672673	-0.0601339893	0.0031621323	0.0707482401	0.0253762378	0.0309329679	-0.0642415285	-0.0646832926	-0.1463917193	0.0770452123	-0.0128388795	0.0151455682	-0.0072931279	0.0403231536	0.0990380798	0.005617655	-0.0840391566	-0.0673195654	-0.0931875475	0.0725163245	-0.1009450545	0.0260736464	0.0751949865	-0.0277707149	-0.0214803992	0.0328563975	0.0508822119	-0.0265535805	0.0295618296	-0.0033873869	-0.0262263269	-0.0298100085	0.0852479119	-0.0453721216	0.0289533297	0.0246632981	0.0132145209	-0.0101310389	-0.0899577227	-0.0616194044	-0.043614384	-0.0279719502	-0.059136799	0.0101881286	0.0534786957	-0.0066829994	0.0511821062	-0.1207870746	-0.080734361	0.0060449712	0.0572905596	-0.0604852548	0.0375518408	-0.1264209961	0.0110580623	0.0703961903	0.0430652157	0.1613515275	0.0869959239	-0.0829851191	-0.0626214547	-0.0630743827	0.0204160102	-0.1106140767	0.0082380518	0.03150084	-0.1351751739	0.0994190676	0.1139608195	-0.0589697256	-0.0777739637	-0.0412070748	0.0397621742	-0.0036714144	-0.0388823442	0.0230669571	0.0101548846	-0.0502884833	0.1274526618	0.0051646535	0.0745288491	-0.0966146814	0.00516358	-0.0490732016	0.0099987224	-0.0689152952	0.0564150561	-0.0204163345	-0.0235267371	-0.0384315987	-0.0326031891	0.0498982228	-0.1100930764	0.0657631402	-0.0015887708	-0.0272890266	-0.0102930126	0.0730660804	-0.0643007408	0.0433605256	-0.0031099525	0.0381198631	-0.0963051659	-0.0663237553	-0.0354432945	0.0079511241	-0.0030656496	-0.0756077382	-0.1148581342	0.0231662977	0.0043912366	-0.0872167731	0.0112045864	0.022066858	-0.0133239216	0.0509797558	0.0318320748	-0.0275191507	0.0397707433	-0.0361392368	0.0737729913	-0.0911623777	0.0097815256	0.013896906	-0.0433235287	0.1248791234	-0.0083889071	0.0263386116	-0.0721739135	0.051634849	0.0632851044	-0.0478667708	0.0886425277	-0.0031909233	-0.049133679	-0.0325059874	-0.0264439871	-0.0519905606	-0.01070763	-0.0391255174	0.019471567	0.0430791218	0.042160569	0.0462470648	0.0827511615	0.0582360367	0.0226098321	-0.0173301903	-0.0539637182	-0.0803012987	0.0	-0.0119646219320657	-8.988226734630081e-05	8.078821983311893e-09	0.0001431521779772	-0.0281798628368932	8.899454623189848e-05	7.920029259021516e-09	0.0007941046695061	-0.0202963820047159	-0.0046126238379855	0.0004119431224813	2.1276298670752085e-05	-0.0006490032557043	-0.00045001000809	2.0250900738125186e-07	4.21205225914781e-07	-0.0001259788125536	-0.0002339908759847	5.4751730044087264e-08	1.5870661212415092e-08	-6.504089032177322e-05	5.594829789782678e-05	3.1302120376639692e-09	4.230317413848932e-09
797.4668261565021	-1.0509993520885246	635953.3388201247	1.1045996380904983	948.3443322592224	-3.2269056711763824	899356.9725281904	10.4129202106703	785.6730633979063	-0.1382773171908411	0.0191206164494964	617282.1625490504	791.094199867069	640.9234170570268	1.053556	32.774994	0.0735854405831918	0.0363560681691868	0.1187195606	0.0288125941	-0.0021101853	-0.0036706829	0.0327249542	0.0929213003	0.0426406949	0.0652379301	-0.0101994319	-0.0623827084	-0.0729726158	0.1462345611	-0.0638794244	-0.0281931747	0.0238573658	-0.0234991422	-0.0330321222	-0.0546120393	0.0258532316	0.0744114625	0.0316839588	0.0006333899	-0.1148544139	-0.0378191	0.1089977939	-0.0303090289	-0.0346338888	0.0833955125	0.0284062453	-0.0565697143	0.0322600328	-0.0909528052	0.0265146937	0.1215501757	-0.0641148623	-0.0483006582	0.0472954049	-0.0371710128	0.0221151101	-0.1157370173	0.0862213471	-0.0428852294	0.0307726655	0.0972666384	-0.0378392139	-0.0329871657	0.0248587991	0.0173137264	0.0786534352	0.0142014981	-0.0071677778	-0.004900904	0.0093917711	-0.0281568545	0.0434753741	-0.0385532458	0.0480269032	-0.083645484	0.0066506928	-0.1205484871	0.0868530606	-0.163146287	-0.0105544465	-0.0067575493	-0.0771547512	-0.0463126173	-0.0338027987	-0.0796629281	-0.0995888929	-0.0064801361	-0.0616093479	-0.0184155787	-0.0453194168	0.0613706817	-0.1484543172	-0.0120392658	-0.0916355502	-0.0950247148	0.0163446999	0.0496356448	-0.1268395005	0.0367627737	-0.0653812939	-0.1081535655	0.0905832569	-0.1135300606	0.0624938906	0.0833180564	-0.1279236065	0.0890573528	0.003235802	-0.0329226744	0.0023812307	-0.0809388541	-0.0835154468	-0.0229571558	0.0296654466	-0.0776429041	-0.0472231922	0.004574682	-0.0063286212	0.0064046034	-0.0003257581	-0.0233988289	-0.0442801087	-0.0243948069	0.0892516064	-0.0422432308	-0.0100126088	0.1188389164	0.0837761256	-0.0912335312	-0.0351490291	0.0521286763	-0.0681536554	-0.0198286448	0.045773568	-0.0016105247	-0.0294467623	0.1131303742	-0.0059554069	-0.1285304093	-0.0741454794	-0.0150054586	0.0747570961	-0.0646431835	-0.0383150077	0.0477970488	0.0117852512	-0.0059295703	-0.0217490807	-0.019890031	-0.0095588511	-0.1406226204	-0.143693992	-0.0016933685	0.0094736569	0.0399178898	0.0178907221	0.0056033696	0.1405193281	-0.0024220761	0.0058402214	-0.0398202168	0.0473242422	-0.0309768761	-0.0326524822	-0.0405559935	0.1234716257	-0.0263036752	0.0063790968	0.0156496303	-0.0361563983	0.1145766129	-0.1113583279	0.0279503332	-0.0482088961	0.0904397868	-0.0468410888	-0.0402340368	0.0340738065	0.0464122558	-0.115954624	0.051224669	-0.0101174484	0.0360372761	0.0562761664	0.1207733373	-0.0027261251	0.0282374627	0.0749874121	-0.1279623188	-0.0102653169	0.1577969951	0.0234788174	-0.0125197033	-0.0329805638	-0.0181803659	0.0483798321	-0.0942648256	0.1211301321	-0.0830171579	-0.0494446724	0.0509938905	0.0315028722	-0.0062989548	-0.0493198989	0.040679205	0.0975068108	-0.0069937	0.0691828783	0.0638023744	-0.1226182901	0.0151204734	0.0117204763	0.0813988827	-0.0340273776	-0.0405560915	-0.0968414638	-0.0476189674	-0.0520077467	0.1059367196	-0.0553352567	0.0044726442	0.0090633486	0.0822314759	0.0563615044	0.0190977232	-0.0220267751	-0.0586984312	-0.0835038541	0.0	0.0116221972972709	0.0235868192293366	0.0005563380413574	0.0001350754700166	-0.0177935027150084	0.0103863601218848	0.0001078764765814	0.000316608738869	-0.0297540061261685	-0.0094576241214526	0.000885300880556	8.944665402268205e-05	-0.0004099923402165	0.0002390109154877	5.7126217722316244e-08	1.680937190362023e-07	0.0002380133381054	0.0003639921506589	1.3249028574136412e-07	5.6650349116075446e-08	-6.495121425821585e-05	8.967606355736914e-08	8.041796375145307e-15	4.218660233616661e-09
796.992660669454	-0.4741654870480261	635197.3011609755	0.2248329091074918	953.9103739151102	5.56604165588783	909945.0014628654	30.98081971507853	785.9097467313418	0.2366833334355078	0.0560190003261437	617654.1300073218	792.3776516473175	652.8848749673267	1.074402	33.423515	0.0558115950897242	0.0279789935462724	0.0005641862	-0.0663303165	0.0214012654	-0.0310945192	-0.0841119125	0.0145407223	0.0269235616	0.0567550286	-0.0796881757	-0.039732859	0.0036111721	-0.006044793	0.0422884671	0.0093616179	-0.0026159682	-0.0618037339	-0.002556779	-0.0114064562	-0.0454796543	-0.1498592143	0.0478648818	0.0277748862	-0.068241855	0.0236359718	0.0084063448	0.0473809125	0.0358298612	-0.1050253789	-0.0078766416	0.0765659431	0.0215632945	0.00221388	0.0572297622	0.0534446118	-0.0120088243	0.0171506659	0.0014973734	0.0750041471	-0.1188345593	-0.1059808396	-0.0065358968	0.0249521438	0.042611815	-0.0624755323	-0.0479604121	0.0220985485	0.0160501505	0.0908045044	0.0220143902	-0.0150319526	0.0574340872	-0.0776846069	0.0264797902	0.0170090109	-0.0176840588	-0.048498222	0.0889484133	-0.0053175738	-0.0062568015	0.0505463582	0.0440530274	0.0096231381	-0.0357481423	0.0305884679	0.0477768167	0.0446866604	-0.0934872825	0.0811015685	0.1069087997	-0.0595091792	-0.0822789335	0.0591637845	0.016448067	0.0792206852	0.1127677135	-0.0038114961	0.0524598818	-0.0910485097	0.0241289047	0.0012634068	-0.0151716595	0.0237920099	-0.0658005324	0.031890996	7.12206e-05	-0.0462058702	-0.0344205364	-0.0457324196	-0.0529258475	-0.004291379	-0.0049718487	0.0633646251	0.0493648296	-0.0561929075	0.0962494777	0.0456724104	0.0011582214	0.0461731366	0.0274141012	0.0661281895	-0.0668082827	0.0204394027	-0.0537576728	-0.0108072893	0.0712555952	-0.0716908057	-0.0008228807	-0.0615799427	0.0027050378	0.0491824558	-0.0262139698	-0.039723931	-0.0274449839	-0.0154561276	-0.0304373497	0.0683117016	0.080286483	-0.0246897734	0.0231942327	0.057553386	0.0689116889	0.054009875	-0.0933391328	-0.0767649961	-0.0210030363	-0.0125391742	0.0203333195	-0.0253077753	-0.0531421651	0.0294028935	0.0064949205	0.0379308799	-0.0368540539	0.0649829687	0.0376767169	-0.0327980392	0.0389924369	0.0562105705	-0.0359248146	-0.0710444247	-0.0561232726	-0.1046190825	0.0113739807	-0.100112964	-0.0229823423	-0.0548095758	0.0104677383	-0.1257461918	-0.1269840295	-0.0613597638	0.0180877069	0.059476129	0.0183479264	0.0069670854	0.046677422	-0.0200635187	0.0780062677	0.0247552958	-0.1106247695	0.0208368497	0.0660645534	-0.0333282021	-0.0152420893	-0.0196913085	0.019053156	0.0639116523	0.0252937901	-0.0682728864	0.0767826355	0.0752085853	-0.0489318895	-0.0272770421	0.0194235105	-0.0279891207	-0.0555178281	0.0203309457	-0.099758357	0.0411497697	0.0558776773	-0.0782776291	-0.0250953542	-0.0334477042	0.0535839201	0.0214364083	0.0656493181	-0.0013752255	-0.0297914264	-0.0889549249	-0.0336019668	-0.0270191069	0.0992270803	0.0426433015	-0.066148729	-0.0158047418	-0.0265945704	0.0132684925	0.0061664153	0.0270863259	-0.0660949142	0.0007395812	0.024771204	0.0901516532	0.0086420531	-0.1016704352	0.0820488753	0.0816975821	0.0544480209	0.0155559202	-0.0266624798	-0.0631796814	-0.0861872655	0.0	0.0059993023107267	-0.0056228949865441	3.161694802970389e-05	3.5991628215490724e-05	-0.0029339138112192	0.0148595889037892	0.0002208073823896	8.607850251662773e-06	-0.0331303822690074	-0.0033763761428389	0.0010976222292905	1.1399915857931691e-05	-0.0001350040579155	0.000274988282301	7.56185554028545e-08	1.8226095653651677e-08	-0.0001259957856687	-0.0003640091237741	1.3250264219078806e-07	1.5874938006272992e-08	-6.50085093141556e-05	-5.729505593975322e-08	3.282723435139451e-15	4.2261062832486555e-09
797.3232658707049	0.3306052012508189	635724.3902987267	0.1092997990940944	946.6612153211177	-7.249158593992547	896167.4565932555	52.550300320856	786.0941515594014	0.1844048280596553	0.034005140611711	617944.0151158952	792.5366505903532	642.5480184581471	0.996673	31.005442	0.0263295919398651	0.0198496038455622	-0.0500473274	-0.0719480702	-0.0261893868	-0.0812380793	0.0161301166	-0.0801756803	0.0500022457	0.0495927562	-0.0420695326	0.0720703022	0.0425777171	0.0147253729	-0.0242224817	0.0892670102	0.0458232141	0.0389694	-0.100298944	-0.0143298701	0.0044909388	0.0007873708	0.0117000563	0.0058900556	-0.043832529	-0.0205152004	-0.049777779	0.0313100885	0.0769960005	-0.067907327	0.067437225	0.0998772752	-0.0628852133	0.0301738484	0.0176063352	-0.114102198	-0.0086528711	0.0877477696	-0.0153651998	-0.054607223	-0.0911282951	0.1180276736	-0.1130971224	-0.0012743387	-0.0400219664	-0.0486896493	0.0060204799	0.0541568263	-0.0810460662	0.0150048485	0.1321931352	0.0456707196	-0.1131527786	0.1001544985	0.0094065062	-0.0551726299	0.0916540142	0.0274936069	0.0150459936	0.0569829928	0.0014002231	-0.0076507925	-0.1156813431	-0.0363049213	0.163124527	-0.0140135279	-0.1524962724	0.0835432821	0.0513481245	-0.0011634693	0.0499845978	-0.0349087358	0.0187199628	0.0213088982	0.0853403789	0.095285719	0.0221496212	-0.0167399405	0.0848033159	-0.0183251393	0.0767392229	-0.0305913248	-0.0534689793	0.0194824405	0.065016988	-0.0384099405	0.0602950339	-0.0534581085	-0.0648749608	0.0046785025	-0.0299838491	0.0387018533	-0.0942401868	0.2046932544	0.0304279371	0.0107314536	-0.0451709255	0.0363963549	0.0033477752	0.0135681718	0.0198593242	-0.0861395655	-0.004248505	0.042469702	-0.0410368797	-0.0886267608	0.0409821653	-0.0163066888	-0.0961145671	0.0600059119	-0.0096107192	0.0166011215	-0.0852646886	0.0479830401	0.0994055118	-0.1097302609	0.0160538915	-0.0145622741	0.0297154982	0.0778891586	0.0555777979	-0.1090017049	-0.027552657	0.0427770946	-0.0321015351	-0.0006276027	0.0359312301	0.039209021	-0.1255245349	-0.0604552079	-0.0250236557	0.0186466484	-0.0837276265	0.0375790137	-0.081771968	0.0536143528	-0.0710555677	0.048088446	0.0383462088	-0.0930435329	-0.0781591121	-0.0917378959	-0.0199687703	0.0484902793	-0.1159274928	-0.0125553578	0.0952682347	-0.006052702	-0.0096045449	-0.0677178964	0.1854778045	0.0338031697	-0.0307523382	-0.0642763197	0.1028311108	0.0703013065	0.0811195156	0.0276324478	0.1027378119	-0.0219754243	-0.0311051854	-0.026714104	0.0157467024	-0.0496167074	-0.0603390661	-0.0125812437	-0.0773360701	0.0869251816	-0.0021247959	-0.0272724041	0.0893650859	0.0447158225	-0.0771333869	-0.0959148438	-0.0786596371	-0.0263124861	0.1291678177	0.0125972229	0.1165737388	0.0129106807	-0.050665199	-0.0418476621	0.1104765646	0.0429071012	0.0923488415	0.0072300707	0.0643495482	-0.0250241104	0.0647209428	-0.0291978684	0.0165773756	-0.0340060807	0.0939749174	-0.0122431408	0.0096813181	0.1108636856	0.0047525697	-0.0663298744	-0.0841375154	-0.0332647127	0.0143799586	-0.0212915248	-0.0065951958	0.0551461255	-0.0345963724	-0.1385398211	0.07123852	0.0811495725	0.0524969085	0.0119899299	-0.0312244919	-0.0673881186	-0.0883348501	0.0	0.0077122636514701	0.0017129613407433	2.9342365548814246e-06	5.947901062978692e-05	-0.0057734039124284	-0.0028394901012092	8.062704034865032e-06	3.3332192736043554e-05	-0.0138034956818131	0.0193268865871943	0.0001905364930378	0.0003735285451542	-0.0001840042941199	-4.9000236204400005e-05	2.401023148086993e-09	3.3857580254562666e-08	-0.0001259939921709	1.7934978000075286e-09	3.2166343586318456e-18	1.5874486063160808e-08	-6.501155782631997e-05	-3.048512164371421e-09	9.293426416320529e-18	4.226502651004946e-09
797.0104858821381	-0.3127799885667173	635225.714606082	0.0978313212477958	945.4628775893458	-1.1983377317718578	893900.0528995263	1.4360133193881208	785.8944842393096	-0.1996673200918621	0.0398670387126661	617630.1403577704	791.8578664936199	646.6591521286898	0.987372	30.71611	0.0347326039277347	0.0188280386238417	-0.0806829381	0.0237249164	-0.0817429816	0.0168120739	0.0083141841	-0.0356387551	0.057500141	-0.0416705425	0.058731831	0.0527247287	0.1077890545	0.0601822247	-0.1277422872	0.0330772824	0.0547120897	0.0390127789	0.008120405	0.0348797957	0.0140555684	0.0327513385	0.0282595634	0.1007231311	0.0169752103	0.0576529196	-0.0998672323	0.0479559913	0.0240005264	0.0103301252	0.0538440579	-0.0512186173	-0.0951840139	0.0430723176	0.0598727681	0.0473217094	-0.0152480324	0.1100287077	-0.0470037491	-0.0552119294	0.0101222111	-0.0075725781	-0.0757576467	0.1732957035	0.1000783984	0.0516368694	-0.0915225676	0.0455059313	0.0030091703	-0.0309984977	-0.073144375	-0.0702926827	-0.0168285618	0.0160687661	0.0072473445	-0.0479830829	-0.0309081837	-0.015864137	-0.0971023708	0.0243244352	-0.0735218555	-0.0497427529	-0.0099617074	-0.0279481145	-0.0132634484	0.1141442388	-0.0157619931	0.0158477571	-0.0328172859	-0.0383182812	0.1512816609	-0.0204507991	0.080533294	0.0647453307	0.0009474321	-0.0346019873	-0.125600841	0.0231102253	-0.1129557071	-0.0010504902	0.0350596992	0.0055655598	0.0191266781	0.0358087411	-0.0471140298	0.1240842161	-0.0797641439	0.055356955	-0.010260435	-0.0138877765	-0.0705409924	-0.0221014776	0.0707459684	0.0095545334	0.0543114499	0.0081366031	-0.1361723044	0.0234895715	0.1308841921	-0.0217823008	0.0747703702	-0.0433949857	0.0674049778	-0.0328810981	-0.0011993364	-0.1349612617	0.0260905287	0.073976927	-0.104359887	-0.004124261	0.0177694983	0.0464387853	-0.0079367403	-0.106945418	0.0963432588	-0.0635891973	0.0814306642	-0.0527882291	-0.0598978257	-0.0042789033	0.0621822898	-0.0144479896	-0.0518596613	0.1053701036	-0.01460588	-0.0515907915	0.0612748057	0.023202264	0.0324189873	0.0426126484	0.0670414327	-0.0249950653	-0.0878008011	-0.0148173325	0.0749703958	-0.0016343253	-0.0258070611	0.0633454075	-0.0080157898	0.0671166776	0.1245280461	0.0851423336	0.0621094603	0.0127664832	-0.0099008427	-0.0987103211	-0.0360058831	-0.0910556336	0.0681882601	0.0589227048	0.0792141822	0.0912713381	0.0061859576	-0.0354338863	-0.0015946146	-0.0600970647	0.1557204439	0.0621551764	-0.025003698	0.0118869055	0.0544531703	-0.0563211922	-0.0301066769	0.0068603605	-0.0391042927	0.0649862237	-0.0378881761	0.0698524957	0.0551389717	0.115940306	-0.1262134958	-0.0596171685	-0.0591829535	0.0628801087	-0.0339426768	0.0509854834	-0.0489495681	0.0648385012	-0.0622337811	-0.0229313023	-0.0973449082	-0.0999365879	-0.0099008965	0.1045074374	0.0250536836	0.0343605246	0.0390841221	-0.0192654933	-0.019747313	0.0311991505	0.0771660909	-0.0389790887	0.0629487059	0.0254102323	0.0426455006	0.0796024279	0.016605455	0.0337685812	-0.1054423138	-0.0244978828	-0.0322076875	0.0387460732	-0.0170127465	-0.0309325462	-0.0499246114	-0.0001437452	-0.0319012861	0.0805875418	0.0505095157	0.008405297	-0.0357002023	-0.0713055705	-0.0899332563	0.0	-0.0025587863629681	-0.0102710500144382	0.000105494468399	6.547387651311517e-06	0.003611369442197	0.0093847733546254	8.80739709176869e-05	1.304198924803427e-05	-0.0018769889432093	0.0119265067386038	3.523087492929965e-06	0.0001422415629859	-0.000247003894632	-6.299960051210003e-05	3.968949664684195e-09	6.101092396337618e-08	-0.0001259921237066	1.868464299974908e-09	3.4911588402807226e-18	1.58740152360992e-08	-6.501556525126691e-05	-4.007424946937221e-09	1.6059454705334788e-17	4.227023724941745e-09
798.6191409791456	1.6086550970074995	637792.5323382685	2.587771221128208	953.809685258676	8.346807669330246	909752.9156932548	69.66919826879023	786.897806931074	1.0033226917644242	1.0066564238094098	619208.1585529338	792.6253562245266	648.7897796895035	1.083043	33.692314	0.0932517198096465	0.0474539652946126	0.0268459074	0.0928803055	0.0431562824	0.0387140553	-0.0897797324	-0.0359275251	0.0193179964	-0.0643424788	0.1337943922	-0.0036349027	-0.0405173088	-0.058947126	-0.0723657509	-0.0339201349	-0.0108505405	-0.0333002051	0.1622244675	0.0857375113	0.0692279506	-0.0463329467	0.1017280865	-0.0524130343	0.0595499182	-0.0811464225	-0.0138133342	0.0513277541	-0.0764469099	0.0415849829	-0.0159204103	0.0856704619	0.0327847141	-0.1033377498	-0.0263992362	-0.0178109171	-0.0965158642	-0.0207580731	0.0024889802	0.1458399556	0.0691383756	0.0526687919	0.0562115221	0.0091033336	-0.0905345715	0.0321114319	0.0510029432	0.0135122066	0.0026157205	0.0662816003	0.1176463947	-0.0005184509	-0.0104220422	0.0915134925	-0.0349425851	0.039617491	0.0423300749	0.0605783283	0.0019856173	-0.0353825729	0.1313569827	-0.075724885	-0.0648341497	-0.0505072649	-0.0504091229	0.0109982294	-0.082568131	-0.0875614772	0.0722086595	-0.1015399598	-0.0417046779	0.0556106535	0.0437988984	0.0486895127	-4.49903e-05	-0.0366059205	0.0885976231	-0.0630542076	0.0214678738	-0.0075409066	0.0120037098	0.0273576615	0.059053032	-0.1054727577	0.1022144558	0.0538997616	-0.0809591705	-0.1722482113	0.0988645288	-0.008961627	0.0056957353	-0.0020917578	0.2002746	-0.0333545088	0.0052312569	0.0376219744	0.1314146056	-0.0204636348	0.0076789639	-0.0398063662	0.0076244108	0.0064763534	-0.0094190011	0.1762508028	-0.0106860307	0.0176666305	-0.0160861965	0.0858860186	0.0843218889	0.0972238167	0.0239554338	0.0458500764	0.0716916494	-0.0142583448	-0.0317623324	0.0264072513	0.0631108435	0.0523655611	0.0204505141	-0.0389183407	-0.0729365453	-0.0181492434	0.0462727882	-0.0426035815	0.0255229322	0.0733417948	-0.0426156369	-0.0996952956	0.0527780829	-0.0156314666	0.0723840779	0.0496042204	-0.0241605452	0.0639761059	-0.0988466837	-0.0086214102	-0.0743049452	-0.0416575741	-0.0082365495	0.0253405636	-0.0297889727	-0.0298112098	0.0318200544	0.073480669	-0.0987698249	0.0731711082	-0.0805837869	0.2282076574	-0.0605069304	-0.0724297747	-0.0908421861	-0.0135603586	-0.0748611428	-0.0829479595	-0.0436880309	-0.0007698247	0.0354316608	-0.044859388	-0.0852204319	-0.0476477655	-0.0036691008	0.138164192	-0.1369294854	0.0533934063	-0.0903339163	-0.0586677714	0.0183782315	-0.0234446786	-0.044633118	-0.1193956985	-0.0967348905	-0.0302385218	0.0287470656	-0.05684637	0.062707669	0.0372993457	-0.0461275773	0.1580953189	-0.0524864496	-0.0059994695	0.0369589296	-0.0656281666	-0.0305813837	-0.0347287241	-0.0722843288	0.125005498	0.0302115698	0.0126102451	-0.0458719923	-0.0758108618	-0.0452735503	-0.083070839	0.0699199858	0.0201206423	-0.0449431638	-0.0073260685	-0.055188427	0.0324618194	0.0096014428	0.0282098028	-0.0293658632	0.0675395809	0.02880228	0.0416111906	-0.0996970467	-0.1089941753	0.0662737064	0.080011587	0.0484872159	0.0048075951	-0.0400772406	-0.0749151215	-0.090972547	0.0	0.017628334548263	0.0201871209112311	0.0004075198506846	0.0003107581789454	-0.0176788200240736	-0.0212901894662706	0.0004532721675096	0.0003125406774435	-0.0324492424588953	-0.030572253515686	0.0010529533361561	0.0009346626850273	-0.0001699926621966	7.701123243540001e-05	5.930729921219207e-09	2.8897505200687363e-08	0.0002210053670246	0.0003469974907312	1.2040725857374924e-07	4.8843372253678164e-08	-6.498117008869051e-05	3.4395162576400914e-08	1.1830272086570496e-15	4.222552466095326e-09
798.0606640674733	-0.558476911672301	636900.8235318165	0.311896460871031	950.4997604824848	-3.309924776191224	903449.794677261	10.955602024044524	785.8754032193534	-1.0224037117205853	1.0453093497400296	617600.1493851814	792.1647485791858	647.866634548536	1.160112	36.089863	0.103687578129844	0.0610507100960609	-0.0131887418	-0.0429714492	0.0692386481	-0.1506367331	0.0465082469	-0.1062656716	0.0576182014	0.0262746258	-0.0515955955	0.0141033017	-0.0846635276	-0.0159538772	0.0296005327	0.0705269032	0.0753488271	0.042313943	0.0503741987	0.0144853325	-0.1234354713	0.0411848043	-0.0002059913	-0.1135482322	-0.1156359351	0.011493175	-0.0428429337	-0.0004519086	0.028378886	0.0227625616	-0.0264543762	0.0187124769	-0.0476899179	0.0388518261	0.1028068171	-0.0580573164	-0.0336108487	-0.0127885071	0.0422354028	-0.1288594064	-0.0039846713	0.0823982657	0.0261810535	-0.0615099804	0.1116325385	0.0407166628	-0.0336816346	0.0329663824	0.0499905002	-0.0168822772	-0.0072430785	-0.0120302384	-0.0541573398	-0.0089813562	0.0108245347	0.0016298362	-0.1166213661	0.0367890414	-0.0134240379	0.0346549154	0.0269046411	0.0587475964	-0.1130006979	-0.0472894492	0.0382349728	-0.0063381114	-0.0120398097	0.0220809576	-0.004117599	-0.008541938	0.010337811	0.0162425641	0.0005497347	0.0178050308	0.0487384908	-0.1231439353	-0.0499634705	-0.1109878583	0.0814088561	-0.0127167609	0.0768177701	-0.0391115221	0.0893964186	0.0078559954	0.0971481944	-0.0303031319	0.0902567634	0.138378802	-0.0322430148	0.0281381103	-0.0635212913	0.0390226059	0.074605936	-0.0211758482	-0.0085006003	-0.0368119302	0.0082672899	0.0623620007	0.0607727789	0.0157260941	0.0154931029	0.0831488282	0.0117030301	-0.0426196731	0.0136751267	0.0212197344	0.0774066498	-0.0774283557	-0.0273420767	0.0582205889	-0.0634939475	0.0489222935	-0.0088679417	0.0114074672	0.0535091666	0.0020586552	-0.055130511	-0.0515612814	-0.0055008048	0.0569086058	-0.0066504796	0.0228951639	-0.1379040184	0.0887197032	0.0375464268	0.0527925576	0.0449427138	0.0170543281	-0.0659337367	0.0252494487	-0.1283919323	0.0306871642	0.0421758344	-0.0091492525	0.032211992	-0.0025711911	0.0676298928	0.0089483139	-0.1144751677	-0.0711916503	-0.0379566608	0.0245306085	-0.0311598354	0.019032203	-0.005169658	-0.0229466691	0.0162494277	0.0404398653	0.0109299665	0.0299466932	0.0374118447	0.038973391	0.0704459339	-0.0372992051	0.0499622114	-0.0059950856	0.1051065954	0.0154830633	-0.003750688	-0.0173384392	0.0980539421	0.0221728729	-0.079349733	-0.0049588025	0.0147895112	-0.0170684193	-0.047538267	0.0087347367	-0.0318151088	-0.072180704	0.0710647346	-0.0048377403	-0.0653596038	0.0736004835	-0.0302141988	0.062968865	-0.0556948769	0.1418469256	-0.0925791866	0.04193698	0.0450241502	0.0433363201	0.0617238791	-0.0146159504	0.0957237147	0.0763781283	0.0833715175	0.0368410312	0.1335180985	-0.0237216522	-0.0113928505	-0.0377341977	0.0915510702	-0.0239923255	0.0325267108	-0.0071985058	0.0340092058	-0.0030629704	-0.0279575343	-0.0467814145	0.0422100456	0.0336152851	0.0880351916	0.0276186907	0.0211398996	-0.1419944407	0.0074479224	0.0794218076	0.0464314067	0.0012024181	-0.0443435089	-0.0782011853	-0.0914462607	0.0	0.011558011400254	-0.006070323148009	3.684882312125389e-05	0.0001335876275284	0.0356298556862526	0.0533086757103262	0.0028418149059887	0.0012694866162231	-0.015693015550724	0.0167562269081713	0.0002462707370752	0.0002807711401981	-0.0003740041985373	-0.0002040115363406	4.1620706960092746e-08	1.398791405235281e-07	-0.0001259877285475	-0.0003469930955721	1.2040420837470854e-07	1.587290774455855e-08	-6.502358544264173e-05	-4.2415353951222145e-08	1.7990622508074556e-15	4.2280666638165306e-09
797.9272663393966	-0.1333977280767158	636687.9223678624	0.0177949538560294	948.1333098001038	-2.3664506823810143	898956.7731524996	5.6000888321415685	786.5342370409679	0.6588338216145075	0.4340620045031767	618636.1060376175	792.6103112339911	648.9814309202072	1.106453	34.420574	0.1184607683407215	0.0631065178020487	-0.1053911899	0.0681637222	-0.0314943605	-0.0053415463	0.0120007294	-0.0589620753	0.1568656005	0.0050327747	-0.0077957967	0.072223849	0.0970259045	0.0210491469	-0.0938744578	0.0788038216	0.0984499653	-0.0464954316	0.0370507055	-0.0828516733	0.0988243881	0.036889554	0.0216083982	0.0957222549	0.0055861041	0.0446922151	0.0181222037	0.117281833	0.0261441887	0.064013591	-0.0846736809	0.0717195386	-0.1200147817	0.0862959708	-0.0535485252	-0.0256966636	-0.0454982937	-0.0322180872	-0.0647848025	-0.0880347945	0.0750872826	-0.0666683691	-0.0200583588	-0.0613150613	0.0243405098	0.0406797758	-0.0136029716	0.0429014471	0.1355283262	-0.0046109264	-0.1028726172	-0.0206854504	0.0334911077	0.0505540332	0.1579008298	0.0633796587	-0.0430412461	-0.0843966251	0.0202363074	0.0267226196	0.0180354809	0.027755145	-0.1251095984	0.0606495252	0.0045263309	0.0469326467	0.0664472067	-0.0394351048	0.0761302178	-0.0099745092	-0.0281106524	0.0844467162	-0.0670502357	-0.0253696691	-0.0028653403	0.0139923828	-0.0801268583	0.0464667118	-0.0523413742	0.0701298674	-0.0252418874	0.0111372856	0.0275246951	0.0297499754	0.0065437587	-0.0700439883	0.0290943849	0.0027999121	0.0417396478	0.0315132352	0.0397272126	-0.0208841345	-0.0617526628	-0.0515976881	0.0402728915	0.2043719822	-0.0580669615	-0.0260744477	0.0608884718	-0.0526843054	-0.0507655201	0.142613203	-0.0731447075	-0.0919071006	-0.0076032553	0.1489780738	0.0429019036	0.0156607368	-0.1344628553	0.0215073652	0.0257644782	0.0054582576	0.0515683264	0.0435795327	0.0952049511	-0.0909064843	0.0096450063	-0.0489533549	-0.0302375004	-0.0242008209	0.0006223409	-0.0064538821	-0.1224440712	-0.072475146	0.014711779	-0.056874032	-0.0526178385	0.0052268099	0.0211852211	0.1037712894	-0.0500920136	-0.0628282627	-0.0287186923	0.0775921109	-0.0004789019	-0.0211001413	0.1500602333	0.0276420833	-0.1149547663	0.0669903853	0.111368342	0.0329597981	-0.0266805621	0.0012755451	0.0199316688	0.0141253604	-0.0522768827	-0.0147107957	0.0430388094	0.0692912692	0.0257140586	0.0163254273	-0.0031628073	-0.063609221	-0.027205035	0.1080259165	-0.1716922412	-0.0058109231	-0.0319730165	0.0962601282	0.0323350273	0.0428952505	-0.0234561333	0.0670919778	0.0841657577	-0.0081254562	0.0468253663	0.0490177234	-0.0532081665	-0.0293076446	0.0746085265	-0.0080167494	0.0597596632	-0.0267402154	-0.022924356	0.0813886667	-0.0872062798	-0.0595094091	0.0864959378	-0.1149761604	-0.0580349705	0.0670189465	-0.0425857352	0.129742005	0.0555088973	0.0600246566	0.0185054912	-0.0052978116	-0.0524962657	0.0908067987	0.0702587301	-0.0381863125	0.1108329235	-0.0227037217	0.0684171012	0.0896025009	-0.023448974	-0.010982705	-0.0158662942	-0.101743761	0.0114141859	0.0918490208	0.0218555877	-0.0844177376	-0.079186277	0.0855334287	-0.0131573416	0.0788183057	0.0443435089	-0.0024046285	-0.0484872159	-0.0811495725	-0.0913514525	0.0	-0.0088650682265978	-0.0204230796268518	0.0004171021814447	7.858943466223386e-05	-0.0200198390008097	-0.0556496946870622	0.0030968885187632	0.0004007939536183	-0.0007590678730196	0.0149339476777043	5.761840358504995e-07	0.0002230227932404	-0.0005879929747733	-0.000213988776236	4.579119635498089e-08	3.457357383827546e-07	0.0002090193970034	0.0003350071255509	1.1222977416987647e-07	4.3689108323664944e-08	-6.493856024747998e-05	8.502519516174948e-08	7.229283812293585e-15	4.217016607015587e-09
799.4942183983438	1.5669520589472086	639191.0052523788	2.455338755038896	950.7799275884564	2.6466177883526143	903982.4707051103	7.004585717624484	787.4142367523917	0.8799997114238067	0.7743994921059831	620021.1802403516	793.2834140679878	652.0934537850588	1.160813	36.111675	0.1893420134360784	0.1078127948825484	-0.0526831632	0.1419300234	-0.0089959768	-0.1039790663	-0.0373348016	-0.0860820637	0.0479384421	-0.0772220471	0.1122245484	0.0654720385	-0.0418547948	0.0595289919	0.0062317754	0.0450715292	0.0332531155	-0.0026852668	0.1009419222	0.1598922685	-0.0695556306	-0.00221772	0.0393873636	-0.1226848729	-0.035430102	0.166150453	-0.0768672545	-0.0825045245	-0.2096482829	-0.1343049957	-0.045210037	-0.0245272423	-0.008138771	0.0105495519	-0.0520991288	0.0668197646	-0.0175716487	-0.0778550601	-0.0380851629	-0.1022870485	0.0319158163	-0.0693113614	0.1057708651	0.1134172479	0.0097325958	0.050957943	0.2091626215	-0.0177548002	0.0372633573	0.0183180733	-0.0469547866	-0.0833123101	0.1107352321	0.022169353	0.0305963239	-0.0078557321	0.0647256479	-0.0001188381	-0.0983761985	0.0191226041	-0.0299240831	-0.0503425744	-0.0234105327	0.0187499726	-0.0362907896	-0.0404872324	-0.1589760054	0.0642363237	-0.0224105537	0.0944194681	-0.0403687413	-0.1557086708	-0.0211812587	-0.036676236	-0.0117766171	-0.0061120497	0.0707653808	0.0187011652	0.0106767484	-0.0541127407	0.0496450856	0.0104163711	-0.1067837804	-0.051904286	0.019704502	0.0252045713	0.0412302699	-0.0259207381	0.1123177504	-0.1339424534	0.1206943215	-0.1140698852	-0.0220832207	0.0217670564	0.0385057399	0.0056537492	-0.0483731756	0.0544445419	-0.0199887356	-0.0379623948	-0.0010207437	-0.0189611732	-0.0608548391	-0.0422530822	-0.0199067129	-0.0672411462	-0.0317283165	0.0687481516	-0.0092047255	0.027118524	0.0129153292	-0.051502833	0.1388954963	0.0245599634	-0.0631544963	-0.0735394996	-0.0287916927	-0.0501054095	-0.1182873999	0.0275730974	-0.1209747741	0.11847589	-0.0442127223	-0.0050241623	-0.1355621616	0.0412337526	-0.108709004	0.1542494072	0.1225696901	-0.0285064414	0.0683132236	-0.0573866111	0.0456473245	0.0155190392	-0.012061335	-0.0448103493	-0.0185466826	0.077704296	0.0762517139	-0.1605237591	0.0340000864	0.0038666948	-0.0551921736	-0.0431086274	0.0138093173	-0.0462946379	0.0400299665	-0.0508855019	-0.0138095865	0.0331581405	0.0449927217	-0.1714628209	0.0266020799	-0.0206250955	0.1061308306	-0.0526613165	0.0283682457	-0.0232634385	0.0613536812	0.0035462455	-0.0764219181	0.0122541082	0.0094131583	0.0301521259	-0.0091227393	-0.0877030079	0.0931359756	0.0624140151	-0.0295475283	0.0765580708	-0.0842341291	-0.0080004976	-0.0021344738	-0.0255789526	-0.0331188515	-0.0143114934	0.0605070248	-0.0178236311	-0.1493931292	-0.144897078	0.0115966009	-0.1011359479	0.0007961327	0.0439355197	-0.0254220372	-0.0232199692	-0.013510081	0.0337514223	0.005753549	0.0255481519	-0.0544209987	-0.2460046353	0.0724712468	0.1180862311	0.202687128	-0.1459619068	0.3289641921	0.0639588569	0.0210258521	0.2161593918	-0.0308365479	0.085883405	0.1614436674	0.049982861	0.077386423	-0.123710839	-0.0426249432	0.0782011853	0.0422249655	-0.0060079362	-0.0524969085	-0.0837475519	-0.0906887116	0.0	-0.0403820718504164	-0.0315170036238186	0.0009933215174237	0.0016307117269321	-0.1140595636226606	-0.0940397246218509	0.0088434698069535	0.0130095840537917	-0.0406668581534575	-0.0399077902804378	0.0016537933520734	0.0015926317250674	-0.0008039650052386	-0.0002159720304653	4.664391794330448e-08	6.463597296483022e-07	0.0002231258568854	1.4106459881999998e-05	1.9899221040247538e-10	4.9785148010844e-08	-0.0003124099680996	-0.0002474714078521	6.124209770431034e-08	9.759998816799309e-08
800.2740402150879	0.7798218167440609	640438.5394421801	0.6081220658700077	953.1231425708492	2.343214982392737	908443.7249041311	5.490656453709797	787.2741757529883	-0.1400609994034312	0.0196170835538879	619800.6278075471	793.0234390633678	641.6665869419595	1.102113	34.285572	0.2622126348599358	0.1286231531996899	-0.0045953279	0.1591795339	0.0356136564	-0.0241072678	0.0140349215	0.0337471332	-0.0588332022	0.0971975168	0.0593437573	0.0419377395	-0.0287147592	0.1148935759	0.0680696932	0.0438379653	0.0132177849	0.0396238869	0.1324229836	0.0023931259	0.0866231635	0.0429697127	-0.1512108351	0.0260959748	-0.1044611039	0.1089859341	-0.0346848347	0.0214505856	-0.057278174	-0.1247396311	-0.1445056626	-0.0577957298	-0.0211417043	-0.0673960905	-0.0486325378	-0.1142570334	-0.0331909822	-0.0702622806	-0.074714613	-0.0308573597	-0.0222928822	0.0734424949	-0.0004421495	-0.013394343	-0.0325196878	-0.0647605012	0.0498969444	-0.0232674954	0.0372450919	-0.041936642	0.0575549226	0.0657655701	-0.0424090867	0.0446872502	-0.0565131925	0.00110876	-0.109690529	0.0310617345	-0.0976642071	-0.1243974467	-0.0239279497	-0.0771750107	-0.0119982239	-0.0151627759	0.0442253262	0.0241662936	0.0497994713	-0.0300958503	-0.0237925546	0.1770644786	-0.1033070942	-0.114471708	0.0635719888	-0.0306668592	0.0513912371	0.1087221228	0.0393358591	-0.0954461814	-0.0691517446	0.0547900931	-0.0678663469	0.0103674952	-0.0344989656	-0.0126518815	-0.03595919	0.0011723656	0.087739515	0.050784187	-0.0668369101	0.067519769	-0.0429361946	-0.0345147444	0.0807886514	-0.0769991339	0.0299118952	-0.0309447968	0.0415793588	-0.0087710927	-0.0016193236	-0.0159924599	-0.0128337681	-0.0284319374	-0.0103710429	-0.0536443113	0.169411348	0.0284601018	-0.0703999335	0.0728272566	0.0293955161	0.0220628958	-0.093070129	-0.08289158	0.0813135463	0.1146004402	-0.0255206262	-0.0786346406	-0.0678513952	0.0258178977	0.0533827505	0.0692160563	-0.0614664417	0.0043357002	0.084495445	0.0138201108	0.0206597272	0.0789852292	0.0186573806	-0.0225383109	-0.0759434864	-0.0218214907	0.0696471327	-0.0407085236	-0.0913668702	-0.0338918113	0.0270014358	-0.0312455325	0.063789462	0.0383424172	-0.07216326	-0.0753937658	-0.0758692964	0.0864674447	-0.001822386	0.0650404056	0.021621679	0.0289577067	0.0116291831	0.0524711032	-0.0129073874	-0.0503031525	0.0797285382	-0.1241441623	0.1459108483	0.0788643885	-0.1784410418	0.0090303898	0.0435154676	-0.046035506	-0.0971441977	0.0359376886	-0.0192694189	-0.1086310499	0.0162272181	-0.0527424241	-0.0096165378	-0.0009127068	0.0120712914	0.0261126785	-0.0594695295	0.0048934911	-0.0526879003	0.0153511536	0.0976334619	-0.0086664675	-0.0178617658	-0.0446965959	0.0095826777	-0.1186053006	0.1013908639	0.0497517576	0.0737892874	-0.0042032571	0.0592148853	0.0423244943	-0.0942952735	-0.0265305154	0.0130409223	0.0842992923	-0.0079707359	0.1241073815	-0.0466306111	-0.0409946466	-0.0087244297	0.0026991312	0.1708198289	-0.0246101145	0.0745264117	-0.0249566941	0.1402585865	0.0756998037	-0.0331544341	0.0208936712	0.1127186436	-0.0202139065	0.0093118018	0.1386425056	-0.1864352761	0.0775705533	0.0400772406	-0.0096019025	-0.0563615044	-0.0859839051	-0.0894621585	0.0	0.0079704887900078	0.0483525606404242	0.0023379701204859	6.352869155164e-05	-0.0174315747762392	0.0966279888464214	0.0093369682285041	0.0003038597991796	-0.0950372405337276	-0.0543703823802701	0.0090320770882655	0.0029561384801767	-5.801958332259908e-05	0.000745945421916	5.564345724774407e-07	3.366272048928017e-09	0.0002839961741285	6.087031724309999e-05	3.7051955212756356e-09	8.065382691962529e-08	0.0001380083525977	0.0004504183206972	2.0287666361977575e-07	1.9046305386731085e-08
800.3729762568752	0.0989360417872831	640596.9011222884	0.009788340364535	945.9922631876358	-7.130879383213369	894901.3620108651	50.849440777937474	786.8933214642512	-0.3808542887370549	0.145049989249408	619201.0993650415	791.9543273415294	662.7197159532035	1.110345	34.541656	0.0604383912544863	0.0301341783418746	0.0175877617	0.0689823639	0.0065427169	-0.1514306684	-0.0247738405	0.0445005106	-0.0386886437	-5.41514e-05	0.021451413	-0.0101191656	-0.0631308489	0.0544167536	0.0099221527	0.0127243178	0.0542419688	0.1418628567	0.0397708165	0.040182183	0.0389267075	0.0575210146	-0.018182319	-0.0503577241	0.020983125	-0.0037429793	0.0268188396	0.0519812071	0.1077400734	0.0183491847	0.0227128025	0.0735760841	0.0283758661	-0.0743046483	-0.0813533957	-0.0829665155	-0.0278086966	-0.0259123919	-0.0710258968	-0.0759706607	0.0354861193	-0.0391726268	0.0070402484	-0.0875549522	0.0551492849	0.0017254188	0.0013214842	-0.1077429758	0.029975231	0.018402243	-0.0157292398	0.016912028	0.0584497055	-0.0275184015	-0.0574139007	-0.0280416127	0.1208193777	0.0654897052	-0.1543379298	-0.0758033032	-0.0375122772	-0.0846426351	-0.0397275342	-0.0822087755	0.0237814379	0.0714555666	-0.0925718214	0.0040778019	-0.023269206	-0.1194274618	0.0133346377	-0.0085466174	-0.0200209906	-0.0197771296	0.0316042962	-0.0094875504	0.1145322568	0.0928663319	-0.1066075195	-0.0747883957	0.1084831648	0.1546779154	0.1273863696	0.0486478449	0.0042448045	0.0114200561	-0.0667968872	-0.0617867057	-0.0130978323	0.1055322119	-0.0558481173	0.0219386464	0.0741012739	0.0353338617	-0.0006142939	0.0033144162	0.017702407	0.0526148687	0.017275236	0.0702960486	-0.0380148383	0.0442061834	-0.06518959	0.0260726403	0.0218138792	0.0307722387	-0.0798105712	0.0154114918	0.0688958954	0.0199888917	0.0084125975	-0.0006957648	0.0051682663	0.0876179355	0.0432982775	-0.0785239783	-0.0746545694	0.0276991576	0.0559594332	-0.0242298903	-0.0559581969	0.0573704172	0.0164114744	-0.0456367183	0.0340391483	0.0746012152	0.0631679566	-0.0246073196	0.0063991895	0.1713123399	0.0613400579	-0.0064518207	-0.0070937397	-0.075761829	-0.0897409738	-0.0548948535	-0.0290243337	0.0838557101	0.070157527	-0.0183985048	0.1169425478	0.1011423208	0.1135019321	0.0609175026	0.0434222614	-0.0460401583	-0.0918297122	0.1705508895	0.0045337674	-0.0379957288	-0.0203383987	-0.0479970874	-0.146683272	0.0035831045	-0.0074613936	0.0877783222	0.1101191448	0.0461176991	0.0297012659	0.0395716566	-0.0853147235	0.0262552381	-0.030814235	-0.0784984383	-0.0584886804	0.0025360357	-0.0319817113	0.0497409829	-0.0175069518	-0.1043752387	-0.0350658655	-0.088050695	0.0112288199	-0.0075727125	-0.0393348769	-0.0039314825	0.0246651856	-0.0056327523	0.1703637983	0.0486930886	-0.0246906455	0.0362889829	0.0769626252	0.0039754183	-0.0957330091	0.0126794014	0.0195558337	0.0540353117	0.0424323305	0.0845273886	-0.0879810984	0.0245028642	0.0144132858	0.0069681916	0.0611485981	0.0362845994	-0.1269825914	0.103598562	0.14011603	-0.105382488	-0.0311387527	-0.0164933392	-0.0394884629	-0.1456619738	0.0241589929	-0.0448758078	-0.0351274548	0.0769265184	0.0379018183	-0.0131809392	-0.0600703222	-0.0878489756	-0.0876794186	0.0	-0.0040143440596125	-0.0119848328496203	0.0001436362184333	1.6114958228946168e-05	-0.0174051617620847	2.6413014154499925e-05	6.976473167258133e-10	0.0003029396559643	-0.080864737584136	0.0141725029495916	0.0065391057845511	0.0002008598398561	0.0003710110107355	0.000429030594058	1.8406725063784539e-07	1.3764917008697729e-07	0.000336987593297	5.29914191685e-05	2.8080905054916683e-09	1.135606380361043e-07	-6.50624829980992e-05	-0.0002030708355957	4.12377642695761e-08	4.233126693877948e-09
799.1703027846586	-1.2026734722165884	638673.1728529229	1.446423480773505	953.2064481318392	7.214184944203453	908602.5327601169	52.04446440917177	787.8987488899603	1.0054274257090583	1.010884308367944	620784.4385023647	793.1460672429389	655.0711244070629	1.021635	31.781988	0.0355717632944765	0.0228870636807794	0.0589792688	0.0624276589	-0.0437321425	-0.0778965536	0.0116451372	0.0845087511	0.0195299268	0.0368557622	-0.0364746298	-0.1180620216	-0.042053853	0.0948055755	0.0478920957	-0.0322922413	0.0602769578	0.0175923856	0.1036154562	-0.0522863009	0.0367149799	0.0302413536	-0.0550595711	0.0110928426	0.0361258703	-0.01223046	-0.0773245915	-0.1211980377	-0.052688158	-0.0109594868	0.04541657	-0.0472103127	0.0999324614	-0.0632543569	-0.0501207115	0.0557793059	-0.0435152122	-0.0825946481	0.031742778	-0.0510669756	-0.1345913236	-0.0383660075	0.1477714302	-0.0050394127	-0.0613314557	-0.0095561099	0.0046732974	0.0759771621	0.0042786594	0.0583262507	-0.0364280592	-0.0082495334	0.0603236012	-0.0179005083	0.0214846855	-0.0576127543	0.0220413833	-0.0522299913	-0.0859840048	0.0637161041	0.1391152612	0.0426404077	0.0956006389	-0.1486033245	0.0093570228	0.0272962242	0.0403783318	-0.0425700682	-0.0170431174	-0.0909434395	0.0889776925	-0.0050138916	0.03001868	0.0480208425	0.0343395271	-0.0231025982	0.0351740784	-0.0124757236	-0.0247374665	-0.1039427329	-0.1549278504	-0.0528654495	0.0669691773	0.043679443	-0.1567040558	0.0625167711	-0.0015192233	0.0299686297	-0.0994397981	0.1800283675	-0.0291441034	-0.008105822	-0.0607591846	-0.0925097014	0.0740743679	-0.0073773096	0.0621107204	-0.0069598058	-0.0725676453	0.0172498744	0.0566598478	-0.0413940886	0.1200539532	0.0361953703	-0.054977069	-0.1232803153	-0.0491253406	-0.0286591036	0.117879479	-0.078527707	0.0580792133	0.0344691822	0.0450477143	-0.0064364371	-0.0210962468	0.0169177761	-0.0894392912	-0.0100899023	0.1268242377	0.0883188045	-0.1605568249	-0.0146561995	0.0255624418	-0.0468424536	-0.1196867708	0.059665304	0.0042684786	0.0218164221	0.0695766495	0.0625366891	-0.0439387036	0.0373948507	0.080098231	-0.0704842984	0.0452845149	-0.0331958556	-0.0313461011	-0.0800755924	-0.0810701041	-0.0401873795	0.0924344046	-0.0645029556	0.1090323796	0.030346694	-0.0307085542	-0.0734452822	-0.0359052616	-0.0991520651	0.0580966051	0.0608259285	0.0420467361	0.0107463414	-0.031534845	0.0267771773	-0.1734817725	-0.0221745198	-0.0440910608	0.0364391348	0.0909357968	-0.0559391313	0.1302400852	-0.05281599	0.132565715	0.0723593526	-0.0120259751	0.0208167188	-0.0654574658	0.0812235788	0.131681277	-0.0897762694	-0.0208489246	0.0483096393	0.0546631808	0.0671744299	0.07977149	-0.0746683769	-0.0220241939	-0.0542129359	-0.1055039549	0.0211112932	-0.0015399372	0.001041183	-0.0233743623	-0.0732191782	-0.0619365078	-0.0074198919	0.0312784262	0.0309526603	-0.0521501505	0.0814156446	-0.0102762158	0.0264602873	0.0235948209	-0.0225359447	0.0032884985	-0.0187165372	0.0393548852	0.134288003	0.1323131181	0.0089475646	0.015812668	-0.064072138	0.1200299902	0.0842351458	-0.0743153313	0.0287309027	-0.1008849173	0.0762691921	0.0357002023	-0.0167394815	-0.063613111	-0.0893347099	-0.0853515751	0.0	-0.0047695567781573	-0.0007552127185448	5.703462502518273e-07	2.2748671860066245e-05	-0.017436193148228	-3.10313861432987e-05	9.629469259745103e-10	0.0003040208315023	-0.0616813251267274	0.0191834124574085	0.003804585869389	0.000368003313511	0.0002090059411083	-0.0001620050696271	2.6245642584913917e-08	4.3683483418566175e-08	0.0001869934337226	-0.0001499941595743	2.2498247906430564e-08	3.49665442553684e-08	-6.501957755210303e-05	4.290544599617194e-08	1.8408772961304268e-15	4.227545465053941e-09
798.2277457729044	-0.9425570117541612	637167.5341216925	0.8884137204069337	952.2032491923958	-1.0031989394434504	906691.0277725558	1.0064081121004638	788.2809140087005	0.382165118740204	0.1460501779817142	621386.7993903923	794.827740778427	649.6924274687622	1.111871	34.589138	0.039438395522513	0.0238354243895066	0.031429731	-0.1263748556	0.0162070303	-0.1554402106	-0.0664585005	-0.0158281311	0.0266953801	0.0242201106	-0.1098277559	-0.0969528514	0.0087526809	-0.0323894909	0.0376581689	0.0404683335	0.1319381286	-0.0018666029	0.045395985	-0.120112453	-0.0105387323	-0.1203067493	0.113803744	-0.0293283427	0.0011745336	-0.0078756486	-0.0315986377	0.0520038466	-0.0511323925	0.0008934788	0.0383020417	0.0151615906	0.0579668455	0.0200253844	0.0264046721	-0.0182152195	-0.0605821489	-0.0503226667	-0.0950995342	-0.1077901942	0.0594019008	0.0393695581	-0.0803519389	-0.0530223129	0.0836122735	-0.0523116789	0.1747879679	0.0276388445	-0.0704298618	-0.0249515568	-0.0369245391	-0.0019729738	-0.0168806731	0.0670941204	-0.0187252508	-0.0597459598	0.0458707486	-0.1047121846	-0.0916155978	0.0151060298	0.035102376	0.0168508739	0.0638477541	-0.092257663	-0.2010454768	-0.0293225337	0.0104779039	0.014055993	0.0323921008	0.0629716959	0.0205603875	0.1694275572	0.0565421517	-0.0973573001	-0.0317524505	0.0137741544	-0.0284725568	0.0195819629	0.0428750106	0.108089563	0.0091160924	0.009556004	0.061696331	0.014132319	0.0421356286	-0.0664024296	0.0159778825	0.0356353638	-0.0197438259	-0.0368489669	-0.0088023815	-0.0095986849	-0.0103406143	-0.012869146	-0.0426203582	-0.0873989599	0.0975281307	0.0240094503	-0.0742688992	0.0849533754	-0.0330155267	-0.0617861183	-0.0083438099	0.017411467	-0.0111115516	0.0273644348	0.0013591623	-0.0906657254	0.0380706327	-0.0485044082	0.0459613219	0.0092940205	-0.0286914305	0.101560319	0.001822187	-0.2311596822	-0.0708610921	0.1234115085	-0.0818871349	-0.0759631782	0.0147049808	-0.0781821434	-0.0527015225	-0.1105214184	-0.0199110102	0.0798252205	-0.0092098259	0.0213399225	-0.040220518	0.0226101362	0.0459072928	-0.037846178	0.0195947008	-0.0017992878	0.1935081626	-0.0571019142	-0.0020017315	-0.0294953255	0.0025778595	0.1139273665	0.1237051478	-0.0698434737	-0.1467996521	0.000942461	-0.0246905423	0.0351158067	0.0079069459	0.0885451064	-0.1271492163	0.0168636045	-0.0210534969	0.0820793114	0.0637910631	0.022508752	-0.0621878111	-0.0082939767	-0.0258326774	0.0259787966	0.0969874789	-0.0480708174	-0.0081832062	0.0931443154	-0.0231562366	-0.0338662764	-0.0269305615	-0.0408845777	-0.0398081766	-0.0646076346	-0.0395014487	-0.0652995358	0.02518619	-0.0932146999	-0.1067369677	-0.0054960827	0.0421159237	-0.0878262519	0.0199663208	0.030109157	-0.0341131501	-0.0615078394	-0.0609032598	0.0718898183	-0.0569240453	-0.0752253007	0.058919796	-0.0279276139	0.0282853857	-0.0181403285	0.0262504933	-0.032972959	-0.0760844712	0.0495507205	0.01632781	-0.0389740229	-0.0234135214	-0.0692348214	-0.0233127672	0.1371016336	0.1033389377	-0.0698212898	-0.0325911055	0.0471418189	0.0418351688	-0.034862486	-0.0065937733	-0.1009501847	0.0036853098	0.0755986879	0.033473914	-0.0202719962	-0.0669800789	-0.0904346925	-0.0824931004	0.0	-0.0083566015807008	-0.0035870448025434	1.2866890415454334e-05	6.98327899785711e-05	-0.0174000585376745	3.6134610553496815e-05	1.3057100798528832e-09	0.0003027620371144	-0.0455176422694307	0.0161636828572967	0.0020718557577678	0.0002612646435112	0.0002889960056012	7.999006449289998e-05	6.398410417578297e-09	8.35186912534488e-08	-0.0001260093635919	-0.0003130027973145	9.797075112670199e-08	1.5878359712835655e-08	-6.498177431711632e-05	3.780323498671584e-08	1.4290845754608566e-15	4.222630993400638e-09
795.6527250705077	-2.575020702396728	633063.2589121249	6.630731617771737	946.876221208383	-5.32702798401283	896574.5782898666	28.37722714245579	784.9513694518447	-3.329544556855808	11.08586695608814	616148.6524043264	791.5963700928118	645.9037577240751	1.126945	35.058075	0.0309445644447682	0.0248545911908909	-0.0641014712	-0.058709152	-0.1037786744	0.0375354406	0.0439127004	-0.0004126947	0.0767519398	-0.0286228223	-0.0754964085	0.0018457803	0.1631744629	0.0061008695	-0.106080061	0.0411666947	-0.0114142531	0.0139592393	0.0013928025	-0.0627133292	-0.0730096026	0.0509683786	-0.0431374637	0.0226577569	-0.0483879416	0.0412195369	-0.0995281414	0.0315723447	-0.010606055	-0.1270494349	0.0026788691	-0.0596014511	-0.0691743039	0.0230947427	0.0935513202	0.0520162193	0.1176615232	0.1524488846	0.0080872898	-0.01605713	0.000939884	-0.0906742955	-0.0810508306	-0.0142168064	0.022399498	-0.0076710342	0.0462866783	0.1610070378	-0.0254276883	-0.0665378017	2.185e-07	-0.0248650849	0.0638758333	0.0233012953	-0.008338288	0.0634343864	0.0656434418	0.0222936341	0.1246472491	0.0436637716	0.0296996353	-0.0466181483	0.0923562485	0.081322797	-0.0147828853	0.0717378001	-0.1014254821	0.1223034923	-0.0320054757	-0.0030993187	0.1600228201	0.0977660385	-0.0005505276	0.0445197349	0.0490450503	0.0373212598	0.0067307453	0.0540500364	0.0355258259	-0.0056049918	0.0362691663	0.0539433134	0.0195493836	-0.047140801	-0.1863065918	-0.038865055	-0.0154669133	0.0279455712	-0.0574319351	0.0829150699	0.1109728357	-0.0365102879	0.0266057832	-0.0638919046	-0.0238117235	-0.0308534203	0.1015691915	0.0385054917	0.0503336229	-0.0086764704	-0.0526135708	-0.0473793952	-0.1463628908	-0.001972116	-0.0094265635	0.0394349232	-0.0647866816	-0.0321026238	-0.1162416748	-0.0884728707	-0.068755263	0.0562288858	-0.0844334155	-0.1103499361	0.144077336	-0.0017948351	0.1080227879	0.0322409859	-0.0070758135	-0.0738498522	0.0144891082	0.001463265	0.0321396045	-0.0727203466	-0.0640778938	0.0331949345	-0.0355550238	-0.0380462828	-0.0448762121	-0.071432546	0.0480965648	-0.0876102465	0.0791620316	-0.0506858845	-0.0897050604	0.017561973	-0.1087181172	0.0754552189	-0.0065383542	0.0411806573	0.0546796593	-0.0597982944	-0.1011795646	-0.0236135476	0.0215224651	-0.110462883	0.0165230323	-0.0672298577	0.0069905796	0.0854092283	-0.011652065	0.0699588708	-0.0976918462	0.1403589929	0.0476178296	0.0092182138	0.0761095258	0.0110439653	0.0728323869	0.0190649278	0.0210619624	-0.0248359595	-0.0020741944	-0.0537651307	-0.0615983967	0.1292049853	0.0754567198	-0.0264954075	0.0313611728	-0.1016835115	0.0641130347	-0.0219682326	0.1018994196	0.0092412965	0.0056336344	-0.0736648072	-0.0217134444	-0.117400182	-0.0419278163	0.0290024067	0.0591402357	0.052485949	0.0466591155	0.0330411312	0.0786127214	-0.0603243803	0.0542442005	0.0253517708	6.15318e-05	0.0024756386	0.0609583784	0.0632246342	-0.0226107892	-0.0465736386	0.0658442819	0.02946402	-0.0158576952	0.1438323691	0.0670519774	0.0405571753	0.0227224082	-0.0216521984	0.0097252315	-0.0923511229	-0.0061995325	-0.1112386539	-0.0141588021	0.0749151215	0.0312244919	-0.0237729909	-0.07016192	-0.0911441736	-0.0791217655	0.0	-0.0069037993586675	0.0014528022220333	2.1106342963448945e-06	4.766244558473778e-05	-0.0225686615558089	-0.0051686030181343	2.6714457159068e-05	0.0005093444844206	-0.0455384761021235	-2.083383269280148e-05	0.0020737528057036	4.3404858467164375e-10	-0.0001970040577884	-0.0004860000633896	2.3619606161469521e-07	3.881059878509525e-08	-0.0001259935585653	1.5805026600006952e-08	2.497988658269272e-16	1.587437679994768e-08	-6.501241333907162e-05	-3.0639021955303416e-08	9.387496663775645e-16	4.226613888170298e-09
795.7278025712151	0.0750775007073798	633182.7357848147	0.0056366311124666	945.272724000034	-1.6034972083489265	893540.5227384445	2.5712032971828007	786.5638124899551	1.6124430381104276	2.5999725511507856	618682.6311187333	792.2624067754192	633.0442342678926	1.034508	32.182446	0.0623332504669205	0.0342629640194178	-0.0657995944	-0.0238079884	0.0051964332	0.0990988367	-0.0791807911	-0.1027535986	-0.0357466334	-0.0058232698	0.0736881801	-0.012531795	0.0663001793	-0.1408861218	-0.1202939569	0.0567746149	0.0247185279	0.0940256601	-0.0593724783	0.0315955965	-0.0110262075	-0.0621801054	-0.0118159688	-0.0121255409	0.0703203597	0.0708047704	0.0253640609	0.2327641419	-0.0802567411	0.0152710365	0.0472814145	0.0102932593	-0.0825071299	0.0518873467	-0.0180744772	-0.0402384494	0.0258475608	0.0344087797	-0.0142076786	0.1713841043	0.0360173121	0.1142886202	-0.0013580628	0.0654380267	0.0006953747	-0.0089089182	0.0197310434	-0.0186912864	-0.0682671709	-0.0182864626	-0.0970580221	0.0566391773	0.073105248	0.060538261	0.1110634314	0.0139816599	-0.0112872195	-0.0002160331	-0.055230285	0.0437394201	-0.0982605397	0.0115026431	0.0046166196	0.0243021833	-0.0918251175	-0.0172898695	-0.0696861044	-0.00521413	-0.0441317425	-0.0059447729	0.0139860773	-0.0157145544	-0.0023817716	0.0368386835	0.0406989698	0.0244296201	0.0417293044	-0.0572659353	-0.0303371613	0.0390068416	0.0771388746	0.1478341239	0.0251819614	-0.133627869	0.0216442567	0.0458171309	-0.01719376	-0.1043250222	-0.0999974842	-0.0492661602	-0.0052283508	0.016334914	0.0397894485	0.0281685966	0.0441338734	-0.1028914346	-0.0029675465	0.0252431942	0.0409734246	-0.071709277	-0.0854988962	0.0577044219	0.0973659423	0.0650835947	0.0682696079	0.068493373	0.0569761025	0.0731206896	-0.0718220181	0.0415271969	0.0584815223	0.024835967	-0.116446478	0.0664881243	-0.09847627	-0.0062305937	0.1119544644	-0.0722113254	-0.003209282	-0.0423608665	0.0280263648	-0.038950717	0.0420907289	0.0475331042	-0.0053010835	-0.0153181271	0.012349681	-0.014567571	-0.0097194074	0.070062255	0.0712187453	-0.0300071633	-0.0601549965	-0.0017745244	-0.0647127911	0.013046967	-0.0269921865	-0.0156090921	-0.0421646476	0.0279022515	0.114535163	0.0112899475	-0.0478632461	-0.0012377101	0.0956040994	-0.0368937943	-0.1256920688	-0.0299501217	-0.1563980584	-0.0077361983	-0.1049209896	-0.0256365966	-0.0401937061	0.0301576098	0.027818003	-0.1073045801	0.0213522369	-0.0775253039	-0.0396123744	-0.0524700607	0.007777928	0.0391029513	0.0931612063	-0.1118686444	-0.0103729038	0.0261869752	0.0686180589	-0.0496638453	-0.1265323419	0.0326126252	-0.0144743876	0.0179193757	0.0631498458	-0.0539804289	-0.0153177113	0.0499334972	-0.0169515841	-0.0387423042	0.0622300908	0.0332815911	0.0122765507	-0.0335491337	0.051221944	0.0817188726	0.0063405927	-0.0359185604	-0.0108519247	-0.0330524328	-0.0324212562	-0.0659380711	-0.0454113453	0.0446176339	0.0098247263	-0.0534619371	0.1143915105	-0.0119684451	-0.0474287892	0.014241107	-0.0044614627	0.0310436233	0.1120149148	0.0832302028	0.0331133273	-0.0855108405	0.0734202028	0.1025918009	-0.0011682215	0.0742186113	0.0289534907	-0.0272370221	-0.0731498398	-0.0914600897	-0.0752585301	0.0	-0.0089714843277448	-0.0020676849690773	4.275321131348197e-06	8.048753104297057e-05	-0.0174719444910209	0.0050967170647879	2.597652483850119e-05	0.0003052688442973	-0.0174197319157372	0.0281187441863863	0.0003034470600161	0.0007906637746194	0.0001850011064853	0.0003820051642737	1.4592794553177654e-07	3.422540940078531e-08	3.2993967645778e-05	0.000158987526211	2.5277033490718214e-08	1.0886019010106455e-09	-6.500301889047032e-05	9.394448601297302e-09	8.825566452241684e-17	4.2253924648748415e-09
795.9583199076277	0.2305173364126176	633549.6470301735	0.0531382423867679	949.0482781012328	3.775554101198736	900692.6341669149	14.254808771078595	784.8742517021743	-1.689560787780806	2.854615655606498	616027.5909850481	791.5674797093999	641.2422560588805	1.066319	33.172047	0.0251505528751873	0.0142586212215693	0.0320359854	0.0475220342	-0.0738413548	0.0656880415	0.100066013	-0.0481832737	-0.0447206274	0.0746941168	0.0665466051	-0.0237182819	0.0627371848	0.053781401	0.0071978974	0.0974549259	-0.1370758388	-0.0332637149	0.0699941358	-0.0408527514	-0.0477611762	-0.041914548	0.000275686	-0.0488296309	0.0860951966	-0.0205506696	-0.0524044792	0.0814320383	0.0680658679	0.0177896488	-0.0418692229	-0.0840600337	-0.0724094065	-0.0933739071	0.008097396	-0.0421589295	0.1465256465	-0.0056497658	-0.0787213871	0.0134370907	-0.0073748064	0.076888431	-0.0569276078	0.0917499532	-0.0249071129	0.020846373	0.0498070848	0.1044757842	-0.0355517266	-0.0394025378	0.0517094461	0.1126522	-0.0020513992	0.0255451226	-0.0634751207	-0.0189776958	-0.0117128358	0.001025305	0.0525106275	-0.0374436625	0.0682348151	0.01852625	0.1039486893	0.1489394039	-0.0681112341	-0.0653030457	0.0274847362	-0.0334185246	0.069323525	-0.045675046	-0.0111257364	-0.1270674082	0.0285829227	-0.0024657741	-0.0027756428	0.0405473575	-0.0752657825	0.0484504359	0.0635547543	-0.0863600781	-0.0355588836	0.0428047877	-0.0276426974	0.0037833873	0.0161161102	-0.023897659	-0.0656334611	0.0810194737	0.1091482713	0.0966153938	-0.0261201296	-0.0442655161	0.0971127887	0.0489006108	-0.0616243377	0.0189713717	-0.0852122929	0.0226410021	0.0354838383	-0.0625059008	0.0357337455	0.1527241936	0.1073040799	0.012955417	-0.011206743	-0.040833346	-0.1157839075	0.1131419706	-0.0087943668	-0.0397930404	-0.1825410084	-0.0544764899	-0.0105975363	0.0044066372	-0.014074526	0.0040383712	0.0736804137	0.040667732	-0.0195534379	-0.0279398395	0.0668453617	-0.073297189	0.1044023732	-0.0174997751	-0.1293734394	0.0339210298	-0.0050911777	-0.0731483784	-0.0297919645	-0.0810956967	0.0335214646	-0.0084220271	0.0092718383	-0.0193729104	-0.021864883	0.0041790305	-0.0764204827	-0.0994805074	-0.0714888706	-0.0687412494	0.0291373606	-0.0132183874	0.0679984463	-0.0414657777	-0.0142501508	0.0847988495	0.0586903344	-0.0604052529	-0.0324759096	0.0538258348	-0.0296108544	-0.0327931888	-0.018257081	-0.0095701172	0.0004131067	0.0311400706	0.0843601226	0.0494692761	-0.1397274821	-0.0221066507	-0.0591830536	-0.0046959106	-0.0161098692	-0.0021033895	0.1163958961	-0.0295369823	-0.0806289778	-0.0947221452	0.0187961598	-0.0216685299	-0.0479827831	0.029394777	-0.018093792	0.024184673	0.0585146057	0.0405070403	-0.0090656153	-0.0088211235	-0.0038728671	0.1003237062	-0.0130366192	0.0043153024	-0.1625280117	0.0660242841	-0.069555498	-0.0243359943	-0.0085629318	-0.0203011222	0.0783314973	0.0422985332	0.0801239299	0.0870964271	-0.0632208398	-0.0398218362	0.1036278394	0.0115962645	-0.0432032374	0.0144423196	0.0685891041	0.0559220294	0.0759415334	0.0204949749	0.0140058387	-0.1302382915	-0.0079769915	0.0400303784	-0.095915457	0.0735092774	0.0266624798	-0.0306587036	-0.07593558	-0.0913810765	-0.070927412	0.0	-0.0068306311224262	0.0021408532053186	4.583252446722926e-06	4.66575215306574e-05	-0.0174195575246329	5.238696638800236e-05	2.744394247337689e-09	0.0003034409843539	-0.0285762156038629	-0.0111564836881257	0.0008166000982384	0.0001244671282834	0.0002619958945264	7.69947880411e-05	5.928197385493916e-09	6.864184874868851e-08	-0.0001260083503744	-0.0001590023180201	2.5281737135789824e-08	1.5878104364077553e-08	-6.498354464464657e-05	1.9474245823751448e-08	3.792462504039007e-16	4.222861074582774e-09
796.1002150521902	0.1418951445624543	633775.5524061434	0.0201342320503998	941.7258563010108	-7.322421800221946	886847.588425872	53.6178610203656	787.2616673553339	2.3874156531595645	5.69975350095131	619780.9328871004	792.2640340339433	625.0914271875101	1.053079	32.760181	0.0432798158965546	0.0226293728799145	0.0968758397	0.0454603583	-0.0008528782	0.0135429636	-0.0857692927	-0.0378789792	0.0003043995	0.0003370119	0.0531537115	-0.0789384911	-0.0779970152	-0.0719939223	-0.1161410728	0.0143143749	-0.0239481065	0.0387065201	-0.0553886724	0.0404376138	0.056370409	0.0472853198	0.0237360377	0.0381593432	0.1596076372	-0.0665768725	-0.0639891373	-0.0282507274	0.0644895001	-0.0485502005	-0.0129107965	-0.1041317922	0.0159790786	-0.0428738802	-0.0707876668	-0.0064218236	-0.0092363821	0.1300474259	0.02900776	0.0495087248	-0.0066762476	-0.0004865511	-0.0938866021	-0.0479250356	-0.0158590466	0.0160260489	-0.0071271052	0.0529890166	-0.0408508938	-0.0663849096	-0.0734829221	0.0747047759	-0.0694866656	-0.1186926338	0.0014494736	0.0955489817	0.0405832029	0.0044253884	-0.0369112643	-0.0200504764	0.0968191251	0.1010903359	0.1409867073	-0.0992077214	0.0653426867	-0.0546722323	0.0196454668	0.0382832914	0.0435291497	-0.0274141556	-0.1012319127	0.0043974265	0.1276192938	0.0206981131	-0.0112587589	-0.053017628	-0.0565482461	0.0166482474	0.0977900934	-0.0194572263	0.052281852	-0.0338340073	0.0844326066	-0.0099451409	-0.0422939774	0.1134746692	0.0318932974	-0.099994293	0.0042531096	-0.0637489045	-0.0341669318	0.0723960762	-0.1265317345	0.1001047689	-0.0344099376	0.0544749667	0.1276989796	0.0741521661	0.1769593843	0.0739333714	0.0019165074	0.1355244148	0.0727700958	-0.0153422854	-0.1031252593	0.0306043117	-0.0416630723	0.0420428575	0.0754224264	0.0162279633	0.081422201	0.0613150264	-0.0897185021	0.0151300913	0.0443304883	0.0419964116	0.0919229869	0.0174315058	0.0228216348	-0.0495143109	0.0506104088	-0.0528020724	0.0029654877	-0.0725678065	0.0727614482	-0.0799050533	0.0098412107	-0.0308399942	-0.1311286203	0.0701509584	-0.0171135606	0.0070196927	0.1856280347	-0.0552597389	0.0978976626	0.0318980778	0.0246443421	-0.0507688324	-0.0627207601	-0.0170436458	-0.0815483478	-0.1130868568	-0.0840157114	0.0394699976	0.032730049	0.0444892217	-0.0395907491	0.0034265197	-0.0075721449	0.013124288	-0.0142931263	-0.0118452146	-0.055332532	-0.0816833805	-0.0137986247	-0.0209251569	0.0507328966	-0.0114150823	0.0048583798	-0.0847264997	-0.0884703789	-0.0948883083	-0.0476365147	-0.0059133082	-0.0616459826	0.0368373173	-0.0812579255	-0.0715294714	0.0979939554	-0.0231345523	0.0251466905	0.028521497	-0.0208359329	0.0200253894	-0.1803702467	0.1072272416	-0.1554389913	-0.0369126038	0.064032516	-0.0031685167	-0.011287875	-0.1576369998	0.0107674787	-0.0328145706	-0.0782675906	0.0001669753	-0.0163089869	-0.0088264675	-0.0726201513	-0.0542351433	-0.0219705945	0.0239926216	-0.0254027527	-0.0467515521	0.0136060869	-0.0413335441	-0.0612882249	0.0149374721	0.0825040217	0.1039936282	0.1909942617	-0.0459630681	0.0162288304	0.0294317042	0.0236042676	0.0129834163	-0.062950131	0.0727872424	0.0243530426	-0.0340327152	-0.0785114412	-0.0909074754	-0.0661553376	0.0	-0.0032478688167572	0.0035827623056689	1.2836185738922644e-05	1.0548651850863817e-05	-0.0175187117901174	-9.915426548450304e-05	9.83156836377131e-09	0.0003069052627851	-0.0459243097620003	-0.0173480941581374	0.0021090422271161	0.0003009563709196	0.0001850073773258	-7.69885172006e-05	5.927231780747083e-09	3.4227729664970935e-08	5.997710353922159e-05	0.0001859854539136	3.4590589067455864e-08	3.5972529489545073e-09	-0.0002470056768757	-0.000182022132231	3.3132056621939096e-08	6.101180440882271e-08
797.5197068717596	1.41949181956943	636037.6828488173	2.014957025824531	949.4802058137806	7.75434951276975	901512.6612321791	60.12993636619245	787.1488889856485	-0.1127783696854294	0.0127189606689033	619603.3734313407	792.9744128213774	648.4262495912674	1.068892	33.25209	0.0611316572699583	0.0342037913586188	0.0342033082	-0.0753066847	0.0506626369	-0.0162079576	0.048298686	0.0004373912	-0.0381313433	0.011118198	-0.0980886057	0.0382742502	-0.0303701742	-0.010761412	0.0177064253	0.0383495213	-0.1111022679	0.046617791	0.0182427257	0.0233860571	0.0295144403	0.0143021106	-0.0193366046	0.0161536278	-0.0560754916	-0.0357815103	-0.044361224	-0.0012339972	-0.0398861901	0.0191253597	0.0159321613	-0.1215106098	0.0691011751	0.0413166032	0.064438309	-0.0302991037	0.0997492129	0.0360541789	-0.0595949889	0.0324036703	0.0809076532	0.0070648054	-0.0194687164	-0.0494840431	-0.0077231086	-0.0071149222	-0.1653452581	0.1164248095	0.0923455444	0.0325876049	-0.0774731585	0.1134588188	0.0585462856	0.0182947644	0.0375516356	-0.0737411433	0.0254584183	-0.0416465774	0.0043065604	0.0254011562	-0.034029816	-0.1088075592	0.0110386435	0.0013350775	-0.0132623403	-0.072500324	0.0789912031	0.0367623085	0.0143899417	-0.0470691408	-0.1280703939	-0.0063224147	-0.0440369526	0.0414428912	-0.0359568411	0.034626415	0.0438615111	0.0508188703	-0.0187665067	0.0654769573	0.1397712176	0.0240299345	-0.0022092178	0.0816397738	-0.1177717021	-0.0606094586	0.0034296873	0.02313393	-0.0872119145	0.1097194024	-0.0008990435	0.0487385031	-0.0410179856	0.2193787381	0.0353553892	0.0098938523	-0.0865099764	0.0293871978	-0.010615046	0.0867602435	-0.1020797613	0.0179446073	-0.1305409717	0.0800235255	-0.0358433453	0.1012025699	-0.0472599257	-0.0691622261	0.0169161612	0.0088682294	-0.0712069638	-0.0736188773	-0.036512582	-0.0450883179	0.012182615	0.0550135056	0.057639679	-0.0357196822	-0.0632195748	-0.0559139716	-0.0283160528	-0.0862867977	0.0255385565	-0.0412682635	0.0140350656	-0.0412142375	0.0176535865	-0.1398326279	-0.0102227785	0.0669972849	-0.1478310183	0.0282439299	-0.0147945611	-0.0642809985	0.0229922128	0.1712255315	-0.0418312858	0.0924939247	0.0282114047	0.0408355993	0.0365807667	0.0445453306	-0.0769460368	0.0560638964	-0.0424734203	0.0600548142	-0.0823242496	-0.0559052446	0.0253385412	0.0239935334	-0.0250229978	-0.1418903121	0.0441395905	0.1178251138	0.0225618261	0.0908458019	-0.100395959	0.0489283198	0.0401714025	0.0905046571	-0.0391877759	-0.1236019536	0.0666595259	-0.0408601573	0.0618781247	0.0139554622	0.0699052107	0.1257246661	-0.0020911903	-0.0486048187	0.0733597769	-0.0480793185	-0.1589068438	-0.1115141059	-0.0774718998	0.0639233218	0.0767022551	-0.006246918	0.1013264568	0.0980480333	-0.0108228996	-0.0039127921	0.0631893022	-0.0738559852	0.020737598	-0.0243958013	0.0248796178	0.0133515006	0.0895458177	-0.0005682897	0.0150269557	0.031950354	-0.0924589209	-0.0211024514	0.0540165844	-0.0023223373	-0.0503721822	-0.0073836344	0.0829617074	0.0042569485	0.0360508054	-0.004437256	0.0052000819	0.0265553313	0.035318252	0.020813868	0.0370161269	0.0720526312	0.0220267751	-0.0373538109	-0.0808703038	-0.0900413312	-0.0609719752	0.0	0.0005652802805826	0.0038131490973398	1.4540106038543334e-05	3.195417956155431e-07	-0.0174449616728225	7.375011729490039e-05	5.439079801011565e-09	0.0003043266877662	-0.0759687848356378	-0.0300444750736375	0.0057712562694034	0.0009026704824504	0.0003609959682608	0.000175988590935	3.0971984139286775e-08	1.3031808910055252e-07	-0.0001260115780266	-0.0001859886815658	3.4591789670592595e-08	1.58789177967539e-08	-6.497728974279776e-05	0.0001820283871329	3.313433372220572e-08	4.222048182319491e-09
796.3735908686664	-1.1461160030931978	634210.896233054	1.313581892546327	949.9199097993358	0.4397039855551838	902347.8350331782	0.1933395949131133	785.8302168161134	-1.3186721695350343	1.7388962907062342	617529.1296612598	792.2326256233051	651.7041616730413	1.025234	31.89393	0.0345074400651819	0.0214065670218081	-0.0540136254	-0.0613427887	0.0129045327	0.1229240575	0.0056045297	0.0944936743	0.0502960229	0.008878357	-0.0775041621	-0.0093863625	0.0448213547	-0.036553193	-0.0405980145	0.0102530862	0.0581918061	-0.0754368137	0.0336874072	0.0762842563	-0.0277769051	0.0340616959	-0.0768006968	0.0318259949	-0.1321264526	0.0041609278	0.1325292705	0.010924239	-0.0067034195	0.0777135718	-0.0024974715	0.0384925367	0.0194322797	0.0105230407	0.0415310348	0.1063896009	0.0306853838	-0.0711096807	0.0566955896	0.0679079628	-0.0613315905	-0.013845569	0.0106863226	-0.0287149137	0.0108989416	0.0456904432	0.0421571468	0.0249089628	0.0280302807	0.0598822626	-0.0377812281	-0.0206160545	-0.0823522336	-0.0908816039	-0.0968819065	-0.0227727476	0.0567634367	-0.0200977689	0.0458883231	-0.0226278079	0.0282820085	0.0629824155	-0.0524145469	-0.02277395	-0.0181350443	-0.0626381237	-0.1313165874	-0.0518058362	0.0358531107	0.0373058095	-0.0773223261	0.1408757558	-0.0276907083	0.0493515097	0.1225112489	0.0367891228	0.0725297317	-0.0053128058	-0.0257241776	0.0109524019	-0.0679452328	0.0876552857	-0.0237042549	-0.0433675247	0.0382223451	0.0483734577	0.0399871623	0.0927773374	-0.0781868812	-0.0498391261	0.0531787635	0.0320767259	-0.1470132993	-0.0269110027	-0.0003415549	0.0281323502	0.0145995532	-0.1406816985	-0.1156139168	0.0603680178	0.0172775265	-0.0028315778	0.0557093656	-0.0700667814	0.1145148233	0.0403439935	0.0275383103	-0.0471146579	-0.0305368367	-0.0748870466	0.0361947946	0.0386496361	-0.0202083213	-0.0721594596	-0.070661818	-0.0077288061	0.0467914735	0.0695443723	-0.0286038144	0.0852919147	-0.0144127023	-0.0099286304	-0.0463552777	0.0236197734	-0.0318124873	0.0177773312	-0.0581782418	0.00038317	-0.0324967732	-0.0078286102	-0.1055078637	0.0674678277	0.020879691	0.0451044438	-0.038214026	-0.0145040799	0.0126781446	-0.0114664725	0.0387405803	0.0045250818	0.0043672031	0.038195297	0.0228401058	-0.1403730212	0.0968900231	0.1023705653	0.089555799	0.0729945437	0.0434896891	-0.036302008	0.0681707465	0.063858179	-0.0329002863	0.0768679613	0.0049317952	0.0494605046	-0.0881373699	-0.1125915697	0.1909739698	0.0397085214	0.0111918597	0.0721563433	0.1358771215	-0.066543626	-0.0288856314	0.0775973245	-0.0190230345	-0.0088802777	-0.0837578799	-0.0006625552	-0.0867522717	0.0816625234	0.0670753332	0.0592434895	-0.1038139407	-0.0391430965	0.0002044601	0.1590110649	0.0552405061	-0.0148403469	-0.0409003849	0.0384368608	0.0118287747	-0.0083610032	0.084841178	-0.0445288536	0.0210774366	-0.0046996315	-0.0811887325	-0.0006280248	-0.0033860418	0.0561749953	-0.0731704774	-0.0263017575	0.0500572366	0.0890799942	-0.0087202658	0.0474775872	0.0120962131	-0.0092630492	0.0924015532	-0.0624903235	-0.0523632719	-0.0839030787	-0.0556122276	-0.0974398011	-0.0527177895	0.0713055705	0.0196852849	-0.0406168267	-0.0830056482	-0.0887863842	-0.0554095495	0.0	-0.0032298910928147	-0.0037951713733973	1.4403325753454348e-05	1.0432196471443736e-05	-0.0174698216619475	-2.485998912499926e-05	6.180190592950815e-10	0.0003051946689002	-0.057432411299402	0.0185363735362358	0.0032984818676636	0.0003435971438748	0.0001849981150147	-0.0001759978532461	3.097524434723576e-08	3.4224302558992174e-08	-5.900598634567267e-05	6.700559168092734e-05	4.489749316511161e-09	3.481706424625709e-09	-6.499454814424811e-05	-1.7258401450353025e-08	2.978524206215474e-16	4.224291288474986e-09
796.1122181451223	-0.2613727235441274	633794.6638799467	0.0683157006128748	944.4454539722165	-5.4744558271193	891977.2155287861	29.96966660308046	786.4639901516327	0.6337733355193222	0.4016686408152874	618525.6078052275	792.7041781675237	647.1908845980741	0.999756	31.101343	0.0433237908385625	0.0234224978577291	-0.0737053252	-0.0888405294	-0.0117642944	-0.0091887417	-0.0010412076	-0.0237470801	-0.0504447614	0.0893767787	0.0073116415	0.0220289394	0.096153091	-0.0528547494	-0.0063112866	0.0682999731	0.0296153084	0.0713792232	-0.0508728864	0.0130484593	-0.0116083427	-0.019254443	0.0027799985	0.0648309138	-0.0477154505	-0.0371256634	-0.0118653383	-0.0472778437	0.0783298808	0.0363157118	0.0780384379	-0.1395208835	-0.0487222882	0.0389723291	0.0427961571	0.01259813	0.014556336	-0.0765883155	-0.0017819727	-0.0148718653	-0.0128375493	-0.0304171378	-0.0471908544	0.0576141315	-0.0023356803	-0.0351974562	0.0066194865	0.0634771506	-0.0483188122	-0.0563251007	0.0096548545	0.0530173594	-0.1363709788	0.0223754586	-0.0747528838	0.1748851585	-0.0548274547	0.010560808	-0.0175681649	-0.0440678499	-0.0252390453	0.0766987969	-0.0150006914	-0.045152732	0.0370768845	-0.0191186088	-0.0078452116	0.1284627486	0.0164652907	0.033101437	-0.0097628437	0.0582979482	0.0188766234	-0.0177872362	-0.0510299541	0.0360049195	0.0208545686	-0.0985875642	-0.0638021445	0.0909394203	-0.1185119271	-0.0044854265	0.0122176271	-0.0243851532	-0.0275367343	-0.1416390115	0.0097780688	-0.0509866579	0.1222771498	0.0841349901	0.0270924101	0.0352121792	0.1328980605	0.0405087465	0.0472583136	-0.076888464	0.0400813849	0.0044119809	0.0533176765	0.0860746495	-0.047060329	-0.1017064446	0.0644649089	-0.0093014433	0.0242791235	0.0272665059	0.0044001948	0.0156732855	-0.0729881684	-0.0165834621	-0.0182055715	-0.0212406061	-0.0363659673	-0.053611521	-0.0507411968	-0.04438222	-0.0438004578	0.038362651	-0.071873577	0.0776362551	0.0640425712	-0.0487909124	0.0037746461	-0.0319186932	-0.0679238609	-0.0140771772	-0.0142481961	0.0134924948	-0.0943371252	0.0583797308	0.0962546294	-0.0050510452	-0.0592514048	0.0009416085	0.0172303936	0.0260683831	0.0561595279	0.0188690187	-0.0387497236	0.0419104683	-0.2104823959	-0.0085326929	-0.0392431599	-0.0024241256	0.0612991911	-0.0386551276	0.0921578063	0.0270336668	0.076365546	-0.0141320899	0.054343157	0.0606102425	-0.0220365794	-0.0346127922	-0.1302925022	-0.003238231	0.0394553315	-0.0257182809	-0.0592074413	0.0208754575	0.0374324641	0.0414077036	-0.0185773597	-0.0180358709	-0.0779272051	0.0106076432	-0.0079792347	-0.0653873092	0.0357845421	0.0330771129	0.101115503	-0.0509447262	-0.0601623137	-0.0845486141	0.0799902451	-0.0666586638	0.0686477916	0.0313730096	0.0397742929	0.0261175663	0.0314472772	-0.0583435914	0.0409679012	0.042309106	0.0460379445	-0.0714871043	0.0392636454	0.0283749765	0.028930914	-0.0427555538	0.0161061807	-0.0063056512	-0.0855396055	0.0228118285	0.0325814769	0.0996853046	-0.0026737527	0.0287276375	-0.0105808524	0.009086812	0.1105996991	-0.1525604416	-0.0811247527	-0.0220697802	0.0305893471	0.0480758615	0.0157194128	0.0705461896	0.0173301903	-0.0438166893	-0.0849115724	-0.0871480531	-0.0495026423	0.0	-0.0013578108286509	0.0018720802641638	3.504684515471603e-06	1.8436502464016435e-06	-0.0335887958151488	-0.0161189741532013	0.0002598213277515	0.0011282072043117	-0.0658632448591305	-0.0084308335597285	0.0043379670233737	7.107895451184441e-05	0.0001849789262471	-1.9188767599995132e-08	3.682088020066228e-16	3.4217203155530055e-08	-0.0001260310647195	-6.702507837382733e-05	4.4923611310176955e-09	1.5883829274330798e-08	-0.0003359883382322	-0.0002709937900879	7.343763426623296e-08	1.1288816342803526e-07
796.8050607809245	0.692842635802208	634898.3048860928	0.4800309179853509	948.2923351565734	3.846881184356903	899258.3529167068	14.798494846559167	786.1865932831704	-0.2773968684623469	0.0769490226327166	618089.3594581971	792.572235936964	637.3811709755346	1.056608	32.869965	0.0524318703802227	0.0322120631080591	-0.0312134581	0.0257762346	-0.1647527171	-0.034333383	-0.0667928083	-0.029359302	0.0233765394	-0.0704280973	0.0879879402	-0.0157191239	0.1052951202	-0.0019705357	-0.0024373417	0.0191046572	-0.0192699115	-0.0401153387	0.0134776669	0.0564899428	0.0684307322	-0.0349501492	0.0078368201	0.0673777813	-0.0221641875	-0.0191532794	0.0386829976	-0.0848199358	0.1163595243	-0.0524062087	0.0904089773	-0.1080237813	-0.1051190654	0.0067289008	-0.0009870015	-0.0026165052	0.0386751119	0.0596799575	0.1244419564	0.0106511963	0.0044840387	-0.019905693	-0.0376852471	0.0535512828	-0.1454691181	0.0139617778	-0.0067651303	-0.0392588559	0.0894322621	0.1027910145	0.0644414332	0.0102694418	0.0540110098	-0.0893034027	-0.0123134268	-0.0734499468	0.0005108642	-0.1155025358	0.0248138101	-0.0243360422	0.0522628515	-0.0035632637	0.0680941587	0.0416392525	0.0523972275	0.0041030448	0.1114133062	0.0226512605	0.0374312825	0.0458643166	-0.0733572425	0.0625878347	0.0300416694	-0.0725542645	0.0665313726	-0.1155696534	-0.0434900459	0.0534446869	0.046025635	-0.0020329707	-0.0315627495	0.036185511	-0.1094641659	0.0007635066	0.0990160806	0.0111818658	0.1143628274	-0.0017721967	0.0384891115	0.0030445386	0.0551848821	-0.0429354916	0.0698429496	-0.0753044316	-0.0469489682	0.0322445623	0.0141331167	0.0062420409	-0.181086972	-0.0456445586	-0.055141199	-0.0265305449	0.0185097358	0.0451848456	0.0342852885	0.1330109075	-0.0064272288	0.1087457963	-0.0704491372	-0.047881418	-0.0328235602	0.0023207908	0.0064380254	0.0094498287	0.0371951593	0.0748410296	0.0385809542	0.1059089025	-0.0254243964	0.0890553065	-0.085795595	0.0319190823	0.1824395867	-0.0462402219	0.0212873215	-0.061582389	0.0453387569	-0.0059546249	0.0614081081	-0.0736748719	-0.0516253537	0.0655740955	0.0922550737	-0.0099491668	0.0643685047	-0.0192882002	0.0028770423	0.0029632735	0.0404110135	-0.0375824646	0.007083689	-0.0159304736	0.0013166858	-0.0131675437	0.0262039225	0.0428596255	-0.0659924446	-0.0520524912	0.0920897071	0.060235231	0.0262878724	0.1015761873	0.0963013929	0.0688657868	-0.0296410195	0.1048667748	-2.49493e-05	-0.0404175372	-0.0069201168	-0.0578451924	-0.0112629944	-0.032040033	-0.0517671164	0.1137101018	0.0431049674	-0.0641449794	0.021670748	-0.1532170375	-0.0103354277	0.0365219508	-0.0259773827	0.0404545876	0.0437276181	0.0287853414	0.1371960764	-0.0343078299	0.0926799385	0.0145103893	0.1336452312	-0.1035024636	0.0516938097	0.1457577829	-0.0177794259	0.0955705403	-0.0454269294	-0.0333802404	-0.0123593547	0.0172048666	-0.0291504853	0.0026126198	0.0502594696	0.0282004223	-0.1052163787	0.0187882823	0.0759833064	0.0418366476	-0.0082645356	-0.0288730668	0.0179589065	0.0603675568	-0.0576481893	-0.0194433673	-0.0232368687	-0.1147921548	0.0553504295	0.0360264301	0.0106540008	0.0697746196	0.0149631188	-0.0469484232	-0.0865828087	-0.0851334125	-0.0432879769	0.0	0.0016853897929109	0.0030432006215617	9.261070023074124e-06	2.840538754048246e-06	-0.0283541749933249	0.0052346208218238	2.740125514827232e-05	0.000803959239552	-0.0560563578082735	0.009806887050857	0.0031423152507291	9.617503362826684e-05	0.0001140840482614	-7.089487798569999e-05	5.026083724607289e-09	1.3015170067709444e-08	0.0004629789601131	0.0005890100248326	3.469328093533001e-07	2.1434951750740747e-07	-0.0003630266731335	-2.7038334901300005e-05	7.31071554234858e-10	1.317883654063771e-07
797.2138682372725	0.4088074563480859	635549.9517098353	0.1671235363657921	952.7447585554312	4.452423398857832	907722.5749548468	19.824074122696725	786.4179791991847	0.2313859160143465	0.0535394421297982	618453.2380077294	792.4765629466765	647.9031680204862	1.063199	33.074986	0.0659285283380864	0.03222466709031	0.0091057238	0.014924033	0.0219247687	0.0978609033	0.0089998019	-0.0023878738	-0.0948922113	-0.0014418719	0.0752686708	0.0160451789	0.0118529362	-0.0249757357	0.0550774832	-0.0336817002	-0.068062383	-0.0251398822	-0.0073773768	-0.0157841025	-0.0701076669	-0.0136039093	0.0512000328	-0.116178973	-0.0755897308	-0.0841805695	0.1245927472	-0.0144678732	0.0376785113	0.0347215151	-0.0303936937	0.031167258	-0.1097189839	-0.0518259098	-0.0533833098	-0.1651845895	-0.0811305375	0.0222461884	0.0320952997	-0.0024791135	-0.1398900652	-0.146733892	-0.0446336496	-0.0125669657	0.067886635	0.0041763714	-0.0275579784	-0.1178817427	0.0389200147	0.0292027763	0.041145128	-0.0596147436	0.0667598715	-0.0982496089	0.0366847944	-0.0700962353	-0.0464715241	0.0464893835	-0.035978646	-0.0535532558	-0.0373647463	-0.0082847962	0.0416123614	0.0173814599	0.0276871742	0.0128749644	0.0935759243	-0.0410493235	-0.0906101743	0.0184812627	-0.0379587377	0.0547753207	0.0048450943	-0.0212835454	-0.0441813792	-0.0364198933	-0.1048291509	0.0611383924	-0.0146902926	0.1075505832	-0.0133190074	0.0187806499	-0.0996427619	-0.0225426385	0.0361920529	-0.0092193988	-0.0736029732	0.1132640326	-0.0376531597	0.0077139555	-0.0203041142	0.0108991297	0.0258787392	0.1248599129	-0.0035602521	-0.0592451686	0.0127093976	0.091339567	0.0574689539	-0.0193325976	0.1262748522	-0.0991406079	0.0109534828	-0.0964640719	0.0327582974	-0.0347257299	-0.0512969829	0.0905353328	-0.0220990426	0.0486189257	-0.0225348469	0.0172219957	-0.0621000145	0.0432806603	0.0704240029	0.0447403965	-0.1466351709	0.1111353122	0.1483219632	0.021104182	0.0974299005	0.1185742411	0.0114735407	0.0780556345	0.0499076321	-0.0953165476	0.008057896	0.0256793334	0.1029278571	0.028676937	-0.0073474093	-0.0151143355	-0.0441800243	-0.0894859333	0.0542931918	-0.0089069474	0.034580554	0.0133466468	0.1100826821	0.0593719562	-0.0284038443	-0.0184275145	0.0597658941	0.0029987092	0.0575819994	0.0147254955	-0.0786244405	0.0017941787	0.0055419204	-0.0994751113	-0.0021995983	0.110660936	0.097804471	0.0315097582	-0.0295269184	0.048929325	0.0169221983	0.048629993	-0.0623424971	0.0528538987	-0.0056769626	-0.0906962593	-0.0607089856	0.0759439846	0.0332479064	0.0722940989	-0.0248075377	-0.0761037508	0.0208414861	-0.0741387566	0.0367392152	0.0751991392	-0.0459886476	0.0773770507	0.0321888623	-0.0984568015	0.04133544	0.1219078208	-0.0209463249	0.0225622493	-0.0547111699	-0.0264733603	-0.0059312767	0.0602239252	-0.0721085972	0.0009876432	-0.0495060421	-0.0279548236	0.0383127049	-0.0033802494	-0.0187114543	0.0490701744	-0.0825802391	-0.0389007185	0.0602292174	0.0869688251	-0.0296473619	-0.0883300771	0.0311915284	-0.030492162	0.0032255677	-0.054649965	0.0591039157	-0.0984108323	0.0184415352	0.1090466134	-0.0292720912	0.0689909938	0.0125857064	-0.0500071591	-0.088014738	-0.0827511615	-0.0368041899	0.0	0.0130317731917841	0.0113463833988732	0.0001287404162342	0.0001698271125221	-0.0174414626269623	0.0109127123663626	0.0001190872911909	0.0003042046185677	-0.0335838951923648	0.0224724626159086	0.0011278780162917	0.0005050115760234	0.000133018060251	1.893401198960001e-05	3.5849681002231677e-10	1.7693804352938667e-08	0.0005699956145444	0.0001070166544312	1.1452564325668278e-08	3.2489500059984816e-07	-6.503794041556131e-05	0.0002979887327179	8.879728482684313e-08	4.229933693498103e-09
797.4871801222628	0.2733118849902212	635985.8024593584	0.0746993864769079	948.3720160983256	-4.3727424571055735	899409.4809184028	19.120876596173687	786.0335582908726	-0.3844209083121086	0.1477794347475066	617848.7547594106	791.0758602064565	631.44819370069	1.024499	31.871069	0.0946342883314184	0.0472684340741605	0.0745493879	0.0203512486	0.0007190794	0.0506989259	0.0467244864	0.0131003818	-0.0516521113	-0.0278913502	0.0401139258	0.0197684265	-0.056206026	0.0652118549	0.0042441102	-0.1226574916	-0.095676601	0.0017894281	-0.1011854741	0.0121473259	-0.0231501545	0.0185168171	-0.0505473679	-0.0282241236	0.0954785777	0.0079420341	0.0725773585	-0.1144617425	0.0165620675	0.0240471407	0.027671244	-0.0107949586	0.058580767	-0.0827695634	0.0223455635	0.0116683143	0.0202362457	0.1076322576	0.0608401188	-0.0643639328	-0.0233549882	-0.1192729736	0.0676520621	-0.0070984263	-0.1058660351	0.0898279627	-0.0479183319	0.0145968836	-0.0181026812	-0.0628669738	0.0572519762	-0.1447780006	0.0755185389	-0.0380759106	0.0272268343	0.001709531	0.0211518333	0.1040467911	-0.0085469328	0.0038553661	0.0399345743	0.0489890573	-0.0498029885	0.0009950681	-0.0215927614	0.0649373498	0.0478374143	-0.0440049948	-0.0071073913	-0.0678536749	0.0525702731	-0.0032349738	0.0766059668	0.0978793736	-0.0286652476	-0.0515508969	0.0199463341	-0.024930022	-0.1472233512	-0.0471453044	0.0103179956	-0.0449667683	-0.043849224	-0.0535066617	0.0913865268	0.0738734237	-0.016813886	0.0685955117	-0.0200281631	0.03031688	0.066791152	-0.0147238123	-0.0497184592	0.1243726214	-0.0409568247	0.00637638	0.0612297704	0.0175861867	-0.0680571606	0.0798317696	0.067590899	0.0919120374	0.1228091742	-0.0109361315	-0.0113132672	0.0123672395	0.138153105	-0.002393377	0.1033126841	0.04314344	-0.0477132492	0.0300909222	0.0020011752	-0.061263596	0.1184940051	0.1875154351	0.0280807882	-0.0352432881	0.0431963971	0.0330164288	-0.0462826707	0.0663166981	-0.0007252725	-0.031388714	0.0320271436	0.011986858	0.016631882	0.0857646792	0.188521291	0.0105266451	0.0617978531	-0.0079141398	0.0559706099	-0.0885279007	0.0133614813	-0.0499087834	-0.0603624039	-0.0464345298	-0.0200481977	-0.0109379856	0.0250093149	-0.0317667534	0.0140530346	-0.076241695	0.045836845	0.1112646907	-0.0585459419	0.0031387062	0.0910559062	-0.050279884	0.0267061832	0.0070824086	-0.0373478048	-0.0294862472	-0.030847362	-0.0894727954	0.0211932552	0.0988994356	0.0350392395	0.0562213663	0.0942708982	-0.0613292612	0.0600030308	-0.0214310127	-0.0173572102	0.0939300023	-0.0356546398	-0.0258189985	-0.1369138447	0.0013756081	0.0341556064	-0.0412758705	-0.0957410445	-0.0274814135	-0.0599232741	-0.0423308183	0.0030208075	-0.0083400147	0.0573216444	-0.1940615969	0.0375902237	-0.0371617516	-0.1218644526	-0.0619494581	-0.0569451512	-0.0021305936	-0.0229072918	0.0035499828	-0.0247356163	0.0068344288	0.0500115226	0.0238596956	-0.0660970578	0.0020063686	-0.0599817873	-0.0531606429	-0.0299980609	-0.0203559706	-0.0097413257	0.0421119038	0.0265941742	-0.0925700069	-0.08551761	0.088817082	0.0209694691	0.0144333478	0.0043905318	0.0681954477	0.010199596	-0.052988141	-0.0892034024	-0.080011587	-0.0300915909	0.0	-0.0075769985394771	-0.0206087717312612	0.0004247214722712	5.74109068672381e-05	-0.0174617824993532	-2.0319872390900384e-05	4.1289721398247566e-10	0.0003049138480547	-0.0496402072012216	-0.0160563120088568	0.0024641501709802	0.0002578051553257	0.0003149856341105	0.0001819675738595	3.311219793631258e-08	9.921594969599378e-08	-7.006329317005289e-05	-0.0006400589077144	4.096754053446185e-07	4.908865049832779e-09	-0.0004019891532198	-0.0003369512128042	1.1353611981024737e-07	1.6159527930637186e-07
798.1369417244309	0.6497616021681552	637022.5777452276	0.4221901396521279	949.7430249649956	1.3710088666699676	902011.8134696602	1.879665312487669	786.9623040873636	0.9287457964909436	0.8625687544995971	619309.6680544921	792.6780458840162	639.5347012443225	0.999869	31.104864	0.0247490408494871	0.0119036931006066	0.0505252838	-0.0511860253	0.0782974019	0.0359177876	0.0023307799	0.0336946955	-0.0325403291	0.0184824012	-0.0617382357	0.0494968462	-0.0394406399	-0.0161203651	-0.030724589	-0.0629390841	-0.0640358169	0.0242912836	-0.0325946448	-0.0052016483	0.0205366989	0.0723922532	-0.0634911002	0.0282103413	0.021018417	-0.0353630261	0.0486947073	0.0595137927	0.0135117622	0.0539722114	0.0305440185	0.0267457554	0.1004962198	-0.0094983601	0.0528183436	0.0555536869	0.0170693195	-0.0453343771	0.0436323307	-0.0026817915	-0.0057712411	0.0247267098	0.0276468172	0.0356256974	-0.020428134	-0.0304308937	-0.0470457603	0.0368999961	-0.1100510023	0.1002778206	-0.0528107007	0.0409245372	-0.0602325263	-0.0212338467	0.035618285	-0.0175819105	-0.0090675452	0.0739478874	0.0714821819	-0.0585227645	-0.0798717179	-0.0562250648	0.0741097627	-0.0823366452	-0.0350180774	-0.0953097858	0.0467758478	0.0681904663	-0.0985290327	0.090553578	0.1518750943	-0.0436202155	-0.0492401123	0.0333230255	-0.0013769814	0.0122350649	0.0439445732	-0.0038681243	0.0907482598	0.0858803877	-0.014566674	-0.0346841661	-0.0563812831	-0.0113097064	0.0757313747	0.0799074623	0.0571590163	0.0136738203	0.0938686943	-0.0397050788	0.135242134	0.0855506144	0.137624083	0.1031590575	-0.0635372195	-0.0238637774	0.0369408274	-0.0194263535	0.1165143779	-0.0293567821	0.1493381836	0.0209278712	-0.0339491858	-0.109230025	0.0668612996	0.0344863034	0.0637218946	-0.0878689722	0.0557519297	0.031364186	-0.00441093	0.0003815236	0.0470022174	0.0219243244	-0.0193655448	0.0698874295	0.0676933848	0.0049976915	-0.0446320728	0.0297195289	0.0113850269	-0.0146383416	-0.0079944368	0.0211853059	-0.0610615842	0.0042048047	0.0642913453	0.0291914951	0.0119967684	0.107387573	-0.0348491277	0.0155426736	-0.0727368645	0.0124216874	-0.0294804343	0.0175919082	-0.0531938355	-0.0393083665	0.0499099069	0.136381268	-0.0592183097	-0.1038795673	-0.0333903934	0.0314337135	0.0416809105	-0.0512694846	0.0341980609	-0.0600441067	0.0060412538	-0.2137198717	-0.0436209339	0.0387404224	0.0624838391	0.1823974861	0.0250555992	-0.1255794581	0.0907473774	0.021467567	-0.022231414	-0.0690101696	-0.0773282669	-0.0470219989	-0.0692549112	0.0178077853	0.0002545695	-0.0195143116	0.0292512752	-0.1271390674	0.0466319498	0.1172981045	-0.0329117058	-0.042577654	-0.0166637062	0.0561993988	-0.0315555195	-0.0400533767	-0.0505793705	0.0919496986	0.0909499015	0.0147445775	0.0420836872	0.0208849811	0.0176138574	-0.0735023759	0.0122135756	-0.0162450289	-0.0129741661	-0.0021104157	0.0024846265	-0.0179219889	0.0099368965	-0.0254705319	-0.0705641309	0.0018424357	0.0044125715	-0.0183145749	-0.0089648026	-0.0753904758	0.0074041046	-0.0714539187	0.0399095778	-0.0920044711	-0.0113125158	0.136940612	0.0224880654	0.0151425201	0.0049434898	0.0673881186	0.0078064368	-0.055886734	-0.0901455167	-0.0769265184	-0.0231919124	0.0	-0.0067507050209201	0.0008262935185569	6.827609788093072e-07	4.557201827947584e-05	-0.0197990509515193	-0.002337268452166	5.462823817490916e-06	0.0003920024185808	-0.0543253770925815	-0.0046851698913598	0.0029512465962511	2.1950816910905324e-05	0.0001850201474665	-0.000129965486644	1.6891027718611745e-08	3.42324549685254e-08	8.895829234623065e-05	0.0001590215855162	2.5287864660112682e-08	7.913577777157439e-09	-0.0004510082608076	-4.901910758779997e-05	2.4028729087043084e-09	2.0340845131669613e-07
799.2643312402813	1.127389515850382	638823.4711929741	1.2710071204493585	953.2265732619936	3.4835482969980376	908640.8999728028	12.135108737517928	788.3317740851367	1.3694699977730806	1.8754480748006013	621466.9860322189	794.537535233206	652.3412506917177	1.021769	31.786139	0.0562982066442026	0.0368251734586699	-0.0177161014	-0.0356476053	0.0454590247	0.0687896025	0.0567804975	0.0773870918	-0.0205399863	-0.0564729223	-0.050704924	0.0240225368	-0.0558890679	-0.0459317508	-0.0176853846	-0.0950846583	-0.0736237646	-0.0248771641	0.058535022	0.0350492039	-0.0170547147	0.046171655	-0.0127512835	-0.0459780198	0.0427516561	-0.1079993031	0.0078317022	-0.0256666841	-0.0727507335	0.0513840966	0.0742422716	0.0606886691	0.0581587864	0.0560349173	-0.031671777	0.0140895846	0.0037066915	-0.0071752316	0.0235545767	0.0620034258	-0.0200693886	0.0550914375	0.0426379566	-0.0645398556	-0.0764211316	0.0332863685	0.0213546421	-0.1528381526	0.0157789964	0.0472151961	-0.0608115876	-0.0103858351	0.0319471647	0.0745225171	-0.1109806544	0.0429194002	-0.0988888233	0.0114325976	0.0205966773	-0.0116395776	0.047988734	-0.06304242	-0.0145402543	0.0304339371	0.0217433397	-0.0769181308	0.0049480256	-0.0955498227	0.0451619612	0.0319968477	0.066397786	0.0656581402	-0.0267464626	0.0995420921	0.0936407352	0.0267934308	-0.0720627938	0.0028133769	-0.0425873283	-0.0734945856	0.0465356457	-0.134075	-0.0246817818	0.0834478983	-0.0596604538	0.0067995084	-0.0715693251	-0.0206390667	-0.0040585937	0.1077230676	-0.0447383906	0.0463102373	-0.0875833944	0.0544746216	-0.0264498858	0.0978413574	-0.0550490377	0.0229180976	0.032932565	-0.1311935015	-0.0475772973	0.0653707673	0.0213112536	0.1083462948	-0.0038845651	0.0548106563	0.1203701817	-0.0532462773	0.0199245262	0.0195846559	0.0538768707	-0.0535389521	0.0059452986	0.0082523618	-0.0837597456	0.0238891391	0.0204238137	-0.0304271421	0.0497948326	0.0384289674	0.0096715136	0.0315480024	-0.0030209377	0.0364529041	0.0653722547	0.0418696016	-0.0200257313	-0.0932702506	0.1413592009	-0.0298061524	0.0311189782	-0.0443009178	0.0185874239	0.0601046751	-0.084038097	-0.0112608065	0.0398504229	-0.0038808395	-0.0604704157	0.0293680433	0.0164730845	-0.0303893264	0.1414825557	-0.0316951567	-0.0372333311	0.124570169	0.0530359952	-0.0571051341	-0.0110238497	-0.0052705724	-0.0032145281	-0.0690806108	0.0536525145	-0.018043585	0.065500291	-0.0153739913	0.0738832818	0.0053892611	0.0278148483	-0.0462267172	0.1030020605	-0.0120645279	-0.0342103011	0.0306539093	0.0123280935	-0.0200294816	0.0853261214	0.0441604553	0.1378854747	-0.02415672	0.0788360597	-0.0223979501	0.0051892369	0.0025219635	0.0460599507	0.0677478471	-0.0606667025	0.0259622273	0.1715698636	0.0114315666	-0.0894025445	-0.060793503	0.0312122381	-0.0778349843	0.048538455	-0.0111418771	-0.0321326051	-0.0036457808	-0.0287358381	0.0251759029	0.0122297866	0.0242690431	-0.0242345173	0.026450163	-0.1050028159	-0.1278088553	-0.0484424375	0.0099857554	0.017083974	0.0246140766	0.009268361	-0.0100548596	-0.0695726361	0.0463091453	0.0940016627	-0.0368049518	0.1264290148	0.0665691461	0.0054078825	-0.0586984312	-0.0908384769	-0.0735092774	-0.0161480496	0.0	0.0002285067917426	0.0069792118126627	4.8709397526010574e-05	5.221535387249597e-08	-0.0174236920405945	0.0023753589109247	5.642329955709845e-06	0.0003035850443254	-0.0207848222469095	0.033540554845672	0.0004320088358356	0.0011249688193555	-3.798193013174845e-05	-0.0002230020775982	4.972992661313523e-08	1.4426270165330211e-09	8.900762730834622e-05	4.933496211556587e-08	2.4339384869443202e-15	7.922357719061459e-09	-0.0004059980518691	4.501020893849997e-05	2.0259189086874222e-09	1.6483441812150445e-07
798.9069678178965	-0.3573634223847648	638252.3432279855	0.1277086156585518	953.0763413890307	-0.1502318729628768	908354.5125155004	0.0225696156539339	788.8702102086534	0.5384361235167034	0.2899134591076947	622316.208554645	794.7923981366953	644.0658279799359	1.043206	32.45303	0.0606559951447241	0.0355142675256255	0.0356003736	0.0191365452	-0.0124953143	-0.0101171218	-0.0007790943	0.0578099261	-0.0505392997	0.065450578	0.0020821386	-0.0107908247	-0.0281705101	-0.0286878614	0.1163235396	0.0461199221	0.0676154099	-0.0550402357	0.1363413408	-0.0845920029	0.1655092497	0.076696576	-0.0272175459	0.032571014	0.0663618858	-0.0303063225	0.0934171236	0.0936764149	-0.0161885794	-0.0417105481	-0.04216578	-0.006926228	0.0749645094	0.0484394319	-0.1163973902	-0.0235503884	0.0154894154	-0.0423043388	-0.0952534649	0.0203871926	0.1346132586	-0.015788825	0.0176185852	-0.0324109355	-0.072940965	0.0197641421	-0.0009686831	0.0092093848	-0.0825570936	0.052859851	-3.52129e-05	-0.0128275679	0.0204129378	-0.0137428078	0.0933596194	0.0022588623	0.0410201718	-0.1118254088	0.0027432787	0.0543333534	-0.0483510687	0.0813153509	0.0626291758	0.0559495967	0.0035785238	-0.0151554103	0.0112355446	-0.1635601165	0.0453236421	0.0901485292	0.0219656001	-0.050759999	-0.0560425696	-0.0051345258	-0.0875852411	0.0278986313	0.0533932671	-0.0962927344	0.0581399921	0.0742229455	-0.0921699254	0.0399875927	0.0444986409	0.0672436404	0.0413190292	-0.0540233413	0.0729633717	0.0705388196	-0.0716395251	0.0083273275	-0.1247657393	0.0350814922	-0.0884197175	0.0352275613	-0.0627391728	0.0254078099	-0.0401002056	-0.0306213489	0.0170528993	0.0331636794	0.0497198757	-0.0829664504	-0.0760156929	-0.0608301647	-0.0276085154	-0.0751679583	0.0071083633	-0.0188032405	0.0352038016	0.0138674508	0.057557524	-0.1331736356	0.0246794233	0.0343857248	-0.0737785084	-0.0265674018	0.0431661991	-0.0506877141	-0.0033866228	-0.0727884358	0.0620871868	-0.1038329422	0.037788953	-0.1131177244	0.0262371891	-0.0089429689	0.01770801	0.0256007165	0.0101057031	0.0237744486	-0.0018024434	0.0844263302	-0.0247615483	0.096553768	-0.0722713977	0.0037038477	0.1544763437	-0.0341421788	0.094730694	0.02288565	0.1185787406	-0.055048233	0.0170971601	-0.0927342508	-0.009762921	-0.0388926008	-0.0004774167	0.0213457014	-0.0765124446	0.038098842	0.0640355179	-0.0822227848	0.0825842658	-0.0557044155	-0.1011628417	-0.0924802312	-0.1547259948	0.0328309549	-0.0489365601	0.0484202225	-0.0216660258	-0.0501611278	-0.0623734381	-0.0075527521	0.0096064286	-0.0252900326	-0.118945459	-0.0259028116	0.0728149453	0.0304012556	0.0498046889	0.0434133231	-0.0357870168	0.0379215337	-0.0359633719	-0.0419913407	-0.0195922138	0.0125245807	-0.0980221031	0.1083369438	-0.0535276882	0.079127552	0.0441466663	-0.0499166827	-0.0224708433	-0.0136303116	-0.0295105175	-0.0027587215	-0.015310478	0.0198534376	-0.0096045922	-0.0157629194	-0.1004628586	0.026462103	-0.056856447	-0.0517817781	-0.0191334681	-0.0369162692	0.0339224575	0.0326758065	0.0329112795	-0.0420160901	-0.0480589619	0.1510247242	0.0365707976	0.0689796221	-0.139950972	0.0657386716	0.0030055908	-0.0614188607	-0.0912803678	-0.0697746196	-0.0090037942	0.0	-0.0025945881347411	-0.0028230949264837	7.969864963938008e-06	6.7318875889393e-06	-0.0466631829457213	-0.0292394909051267	0.0008549478283909	0.0021774526426258	-0.0335748308506964	-0.0127900086037869	0.0011272692666528	0.0001635843200849	0.0001850223075464	0.0002230042376781	4.973089002241212e-08	3.423325428979462e-08	8.895382173745858e-05	-5.3805570887632825e-08	2.895039458544081e-15	7.912782401699561e-09	-0.0004990080228066	-9.30099709375e-05	8.650854693794598e-09	2.4900900682535226e-07
799.1374528247179	0.2304850068213682	638620.6685071782	0.0531233383694461	949.0005162220128	-4.075825167017911	900601.9797896468	16.612350792096578	788.8685760498047	-0.0016341588486739	2.6704751426992248e-06	622313.6302788465	793.9484841106952	648.7381355782295	1.014103	31.547653	0.0507497150938154	0.0304830833682672	0.0260437417	-0.016746836	0.0056397599	-0.0038806422	0.0117527543	0.0773167691	-0.0381764263	-0.0655416521	-0.0109095573	-0.0465344828	-0.0633549375	-0.002524656	0.0124917332	-0.0564788723	-0.0149425963	-0.0255130814	0.0228684055	0.0388048702	-0.0432697836	0.0445155538	0.0013050845	-0.0525767391	0.0033296037	0.0739477813	0.0233577423	0.0673964426	0.0743785191	0.0930915423	0.1166929183	-0.0317648136	0.0824739509	0.0203229224	-0.0195006751	0.0983711043	-0.0171590047	0.0499615224	0.0362068805	-0.0640770166	-0.0290321996	0.1032440372	0.092727574	-0.0394261672	-0.1106488195	-0.1018773426	-0.0574048371	0.0096080351	-0.0598495836	-0.0525960588	0.0196076911	0.0411846194	0.1114297677	-0.0850496422	0.0096312178	-0.0360514422	0.0084326441	-0.0629600181	-0.0947774661	0.0270215592	-0.0846899527	-0.0375095223	0.0480536837	-0.0141461031	-0.0074941376	-0.0293406786	-0.0015693313	-0.0825324243	-0.0405529189	0.1425867397	-0.0716780117	0.0089134806	-0.0281705325	0.0066758094	-0.0455561496	0.015761556	0.1128378888	0.009275449	0.052910492	-0.1024640067	-0.1472034434	0.0504369624	0.03001833	0.0665326364	0.0241972522	-0.0273102894	-0.0061078413	0.004194385	0.013460237	-0.0367262354	0.1078448664	-0.1064333605	0.0328641593	-0.1093783914	0.0071989858	0.0482802921	-0.0728253002	0.0250352682	0.0781714233	0.0805311237	0.0768235013	0.0684868149	0.0190163237	-0.0303838353	-0.1299813435	-0.0002254556	-0.0576037149	-0.0544107139	0.0683331637	-0.0157914536	0.0623205642	0.0139085195	0.0591375711	0.0018975678	0.015508039	0.0541154594	-0.0071534554	-0.0916605469	0.0121951914	-0.0709565933	-0.0713233354	-0.0484347824	0.0472516887	0.0211357865	0.00358874	-0.0019644298	0.1144726626	0.0395561192	0.047582573	-0.0337173817	0.0593851268	0.0792264212	0.0889388466	-0.0284800001	0.0134354417	0.0579572866	0.054384642	0.1120478567	0.0675842962	-0.0988052424	0.0903669974	0.0127674007	-0.016776916	0.0178683626	0.1240200585	0.0009698538	0.1603395784	-0.003540231	-0.0413357526	-0.0253206185	0.0304955215	-0.0740527623	0.0337925649	-0.0202211194	-0.0380234995	-0.10041405	-0.0892160466	-0.0640611781	0.0294720258	-0.0064993802	-0.051904456	-0.0006349411	0.0939659374	0.0118050563	0.0280279958	-0.0933091439	0.0780477714	-0.0510144453	-0.04359901	-0.0294578411	-0.0752616079	0.0094258654	-0.0549054941	0.0032290889	0.0788817073	0.0100283488	-0.0721910903	-0.0483240629	-0.0823256577	0.095576504	0.0043090649	-0.0812861195	0.0180242397	-0.0783963901	0.0113809549	0.0006757527	-0.0356533348	-0.0022721885	-0.0104295472	0.0151940372	-0.0334435382	0.0336854922	-0.0735668087	0.0450905517	-0.0927482187	-0.1360009006	0.0005237206	0.0751010769	0.0154930958	-0.0207365757	-0.0032022429	0.0710941465	-0.0357440393	0.0272729064	0.0106666251	0.0236535294	0.1897597243	0.0648968387	0.000601222	-0.0640437928	-0.0914699679	-0.0657386716	-0.0018035623	0.0	0.0009435017962005	0.0035380899309415	1.2518080359430332e-05	8.901956394335698e-07	-0.0314945475647618	0.0151686353809595	0.0002300874993204	0.000991906526309	-0.0585168149660546	-0.0249419841153581	0.0034242176337714	0.0006221025716107	0.0001850157408016	-6.5667447999749e-09	4.312213726799739e-17	3.4230824344364845e-08	8.896721792828188e-05	1.3396190823300458e-08	1.794579285742794e-16	7.9151658658984e-09	-0.0003570078724111	0.0001420001503955	2.0164042712344625e-08	1.274546209635003e-07
798.7739223591072	-0.3635304656106655	638039.7790409531	0.1321543994271072	953.9400674681	4.939551246087149	910001.6523210432	24.399166512721106	787.4311837125855	-1.437392337219194	2.0660967310964566	620047.8690830036	793.7000113136783	655.5783426596518	0.982333	30.559334	0.0110432551071236	0.0076355377363788	0.0154961252	-0.0306122451	-0.0068024293	-0.0202832122	0.0187336503	0.0878625998	-0.0005735548	-0.0250746467	-0.0791356821	-0.050871638	-0.0134729678	-0.0068196454	0.1476243754	-0.0296946656	0.054025521	-0.0544606682	0.0359487444	-0.0182528533	0.0073456763	-0.0248560169	-0.0843298302	0.0937496334	0.0292158751	0.0083643599	0.0450228605	0.0766831326	0.0242289558	-0.0583840957	-0.0486068121	0.1720332707	0.090780556	0.1114922007	0.047493024	0.0385383679	0.017731498	-0.0097528738	-0.0264398581	0.0173760329	-0.0490290303	0.0471156783	0.0609373741	0.1580201085	-0.0438956719	-0.0434868242	0.0324695138	-0.0111753635	-0.0483394793	0.0992228805	0.0724386311	0.0631381704	-0.0748641493	-0.0871626663	-0.0382664272	0.0695461791	0.0939325271	-0.1140541044	-0.0011756028	0.0287264373	-0.0708069433	0.0724628781	0.0172616643	0.1471549128	0.0518669076	-0.0424470611	-0.0093827287	0.0637800675	-0.058914533	-0.0402186863	-0.0775491357	-0.0586485771	-0.0312993272	-0.0919241023	-0.0008703612	0.0208897878	-0.019852371	0.050913493	-0.0740463078	-0.0198948996	0.1688732255	0.0457976731	0.0393967268	-0.0391469735	-0.0030719727	0.0404334226	0.0170888026	0.0292416823	0.1284360463	-0.0860670149	-0.0568612917	0.0024893773	-0.0302703256	0.0038916402	0.0993589242	0.0390567776	-0.0660980314	-0.0242388554	-0.0020184675	0.0092749253	0.0008111169	-0.0443636133	0.0125397637	0.0066418677	-0.0006501525	-0.0946041653	-0.0629060103	-0.0828735933	-0.0043413607	-0.0390141419	0.0465130262	-0.0725368242	-0.0284947689	-0.0912698185	-0.1090111728	-0.046358523	-0.000548071	-0.0300977552	-0.0246882498	0.0395792359	-0.0714492624	-0.0363856398	0.1580931569	0.0886368029	-0.0411081081	-0.0397100805	-0.0227366751	0.061092235	-0.1231149912	-0.0812965476	0.0270767994	0.1634324154	0.1004655364	0.0419437357	-0.0438856223	0.041271996	0.0747752123	-0.0225671548	0.0273387768	-0.0143975114	0.0072441836	0.03971887	-0.0137531531	-0.0292911489	0.0324645431	0.0185106042	-0.0144921241	-0.1345778109	-0.0197449102	-0.0095801518	-0.0543627771	0.0038452407	-0.0815051462	-0.0577260321	0.0582315625	0.16106337	0.0334990208	0.0826237316	-0.0248184998	0.0318664705	-0.0638510351	0.0437916517	-0.0218335169	0.03949741	-0.0353942919	-0.0729120842	-0.0005746168	0.1112927108	-0.1381709799	0.0767021819	-0.0444699132	-0.0428084472	-0.0883274181	-0.0122235233	-0.0936248829	0.0410220873	0.0518078641	0.032966643	-0.0216527918	-0.0023850009	-0.0819898373	-0.051605817	-0.0648901425	-0.0649393329	0.0326568207	-0.0294827074	-0.0254399039	-0.016448599	-0.0115622396	0.0360320355	-0.0401414358	0.050306988	-0.0820463986	-0.0145145788	-0.0566309531	-0.0267068518	-0.0091976793	-0.0076285551	0.0572904909	0.0440179124	-0.0097525688	0.0123094471	0.0121848115	0.050749432	0.0236315565	0.0082178692	-0.0535395228	0.0640437928	-0.0018035623	-0.0665691461	-0.0914067533	-0.0614188607	0.0054078825	0.0	0.0050955522320208	0.0041520504358203	1.723952282159554e-05	2.596465254925216e-05	-0.0251543291396956	0.0063402184250661	4.019836967754891e-05	0.0006327402744681	-0.0585177627068702	-9.477408156044476e-07	0.0034243285522175	8.982126535625836e-13	0.0001850151674605	-5.733411000195636e-10	3.287200169716432e-19	3.4230612190436855e-08	8.896788384871179e-05	6.65920429909761e-10	4.43450018971201e-19	7.915284356517873e-09	-0.0003460083415642	1.09995308469e-05	1.2098967885190462e-10	1.197217724320081e-07
797.7037182872062	-1.0702040719010029	636331.2221692345	1.145336755513487	950.629519127852	-3.310548340248033	903696.482637251	10.959730313119008	787.7352920596071	0.3041083470216108	0.0924818867282164	620526.8903562345	793.617148607237	644.097908775562	1.00078	31.13319	0.0340628344633786	0.0188816487422192	0.0022699351	-0.05466909	0.0202270216	0.0273696726	0.0042846546	0.0512881581	-0.0232492203	-0.0146417464	-0.0298108455	-0.0539351131	0.0164223079	0.0274878941	0.0150697875	-0.063553291	-0.0296233791	0.0016912468	-0.011924111	0.0464985945	-0.0677923496	0.0163864618	0.0745446481	-0.0604966229	0.0794691908	0.0418793745	-0.0173914644	0.16582642	-0.091553067	0.0353964335	0.01805913	0.075969463	0.0964846943	-0.012392938	-0.0013811456	0.0551153362	0.0445899904	-0.0722829575	0.0045033642	0.0679087321	0.1510867437	-0.2166110352	-0.0096293501	0.1145151413	-0.0206600188	-0.0931174233	0.031442377	-0.1148668664	0.0680914919	-0.1409497316	-0.0492841712	-0.0016696958	0.0507345719	-0.0039157123	0.0303187178	0.060299963	-0.1151710213	0.0396226902	-0.0610191982	0.0374779328	-0.0084255668	0.005744906	0.0107613963	-0.0187919428	0.0479580255	0.2246935243	-0.0099328745	0.0181768864	0.0233741348	-0.0630793711	0.0004222212	0.0137713208	0.1101908535	-0.0152570088	0.0325435529	0.0477061729	0.0080726098	-0.0281274171	0.0294596798	-0.0073494624	-0.0824498086	0.0790094266	-0.0140113519	0.0086895304	-0.0045244979	-0.0315025411	0.008827341	0.0055009927	0.0285991583	-0.005306031	-0.1000117736	0.0016345875	-0.0436706282	-0.0646865596	-0.0306324027	-0.0258321237	-0.0037091702	-0.0157793502	0.0910265668	-0.0861327667	0.0946724353	-0.042949382	-0.0214191804	0.0715043242	0.0686312109	0.0024817023	0.0662112994	-0.0296514593	0.0378294539	-0.0347206782	0.0188823078	-0.0510978002	-0.0047856566	-0.0892337132	-0.0204349512	0.0375912099	-0.0466850624	0.0791827983	-0.1278481479	-0.1504225667	-0.0296920843	0.0684400435	0.0343999116	-0.0621422372	0.0037559735	-0.1374952109	-0.0925436269	0.0260861349	0.1060865433	0.0057739054	0.146022663	-0.1084691597	-0.0456994197	0.0691518918	-0.0105985214	0.0190917023	0.0164918718	-0.0053395929	-0.0474014639	-0.0336476334	-0.0069348479	0.1269858255	-0.0405400097	0.1077193952	-0.0011308532	-0.0288210183	-0.0717789958	0.0118710017	0.0461034361	0.0296266597	0.0012308712	0.013930091	-0.1054906543	-0.024872148	-0.0969563125	0.0261622448	0.0857346623	-0.0868770129	-0.0253863565	-0.0311549299	0.008718067	0.0423798119	0.0797989127	-0.0203679922	-0.0251023937	0.037276307	-0.0233851033	-0.0815388041	0.0231692751	-7.35163e-05	0.0589536195	0.0361513882	0.0410425973	0.124938006	0.0307194486	-0.0656606052	-0.1206741548	0.033698182	-0.0599339166	0.0508796875	-0.0076462175	-0.0197490623	0.052487257	-0.0724974269	0.0287800045	-0.013193227	-0.0206824536	0.0020988868	-0.0102196954	0.0167599718	-0.0180627589	0.0710075408	-0.0606995558	-0.0060225998	-0.0753298312	-0.1189986205	-0.0111859505	0.0336982954	0.0285897078	-0.0267054574	-0.0482451806	0.042368188	0.0003361631	-0.0740025009	0.0463949553	-0.002572418	0.06592754	0.0631796814	-0.0042071001	-0.0689909938	-0.0910908987	-0.0568338402	0.0125857064	0.0	0.0005505375940089	-0.0045450146380119	2.0657158059742444e-05	3.030916424171085e-07	-0.0166639014704372	0.0084904276692583	7.208736200690857e-05	0.0002776856122164	-0.0435412013012097	0.0149765614056605	0.0018958362107524	0.0002242973915375	0.0001850097999896	-5.367470899979212e-09	2.880974386212365e-17	3.42286260921918e-08	8.897914522076888e-05	1.1261372057091991e-08	1.2681850060825227e-16	7.917288284218678e-09	-0.0002250083553982	0.000120999986166	1.4640996652172194e-08	5.0628759999002684e-08
798.1218972055185	0.4181789183122646	636998.5627989363	0.1748736077208156	951.292396823302	0.6628776954501063	904957.2242538228	0.4394068391252439	786.5510732525728	-1.1842188070343127	1.4023741829337708	618662.5908347741	792.2351604487593	646.1595691564671	1.062798	33.062527	0.0263054245929365	0.0153654989619085	0.0473581648	-0.0173045278	-0.0374198579	-0.0286345464	0.0109912638	-0.0045680356	0.0163731573	-0.1004019265	0.0003606719	-0.01191413	-0.0885556943	-0.0876906962	0.0772579751	0.0099914235	-0.0006573006	-0.0351638632	-0.025849091	-0.095399522	0.0614011872	0.060448769	-0.0423199448	0.142331404	0.1003877089	-0.1080262002	-0.0235052465	-0.0337137984	-0.0716504182	-0.0732039336	0.0740135855	0.0872663798	0.0464583168	0.0425446251	0.0242061009	-0.000872752	-0.0031335293	-0.0353469043	-0.035670941	0.1943707776	0.0346674115	0.0218234956	0.0798513382	0.0030383788	-0.0570031345	-0.0004644185	0.0556637336	0.0201094491	-0.0341330851	-0.0835105854	0.0006535216	-0.0866818749	-0.0327458224	-0.0524673514	0.0407892369	0.0860277994	-0.0608136529	0.0791010789	-0.0358036683	0.0513208936	-0.0639949873	0.1387435156	0.0836279037	0.0164892279	0.0512963878	-0.0708922504	-0.0579643733	-0.1049524129	-0.0007083531	-0.0957846471	0.0023935613	0.039670829	-0.0044757564	0.0791717579	-0.1312371349	-0.0798465136	-0.1535106665	0.1145195785	-0.0335779565	0.1084830456	0.0714835074	-0.016470089	-0.0039932731	-0.0775937058	0.0291700506	-0.0211107089	0.016633888	0.0558473013	0.1348410981	0.0672312373	0.1285986952	0.0190893932	0.1076171145	-0.0419835318	0.0141426458	-0.0344291898	-0.0657347156	0.0638396292	-0.1917705429	0.0194474132	0.0672225338	0.0057706219	-0.0461053302	0.0379375499	-0.0763515672	-0.0028475144	0.0146832712	-0.0286432036	0.037791744	0.0513521262	0.048673883	-0.0131187161	-0.0813162009	-0.0658352434	-0.1529888821	0.0622010225	0.023893351	-0.0438763696	0.1081866505	-0.0613930919	-0.0667577337	-0.0588389375	-0.0492595032	0.0026876215	0.0671696505	-0.0409722719	-0.0900761658	-0.0310255967	0.0105836647	0.0488571136	0.1076532819	0.082668743	-0.0110709767	0.0042060487	-0.0099928947	-0.0511792428	0.0715425204	-0.1198609382	-0.0537518522	-0.0869726295	0.0034768139	-0.00085363	-0.1191777148	-0.03949488	0.0714261967	0.0405716979	-0.0302436543	-0.0154611774	-0.0526226946	0.0486274087	0.1059993672	0.075868638	-0.0748551299	0.0405553304	-0.0001895102	-0.0555426764	-0.0087583732	0.1246217061	-0.0609453861	-0.013840817	0.0779164684	0.0560403557	-0.0665492284	0.1253410675	-0.0268383951	-0.0410473899	0.1761082892	-0.0070162978	-0.1132121747	0.1569951804	-0.0047887743	-0.0244333346	-0.057667332	-0.0011835794	0.0325883627	0.0013858686	0.1391489491	0.0291563999	0.0224672678	0.0253380238	0.0807586924	-0.0243022797	-0.0464220997	-0.0737136271	0.0169579541	0.0135204017	-0.0558455184	-0.0370168869	-0.002491943	0.0130876441	-0.0363051192	0.0507478583	-0.0816577527	-0.0404567579	-0.0462035117	-0.1163732093	0.0035664407	-0.0445400617	0.0098109631	0.0228449137	-0.0251894075	0.0410736076	0.0670398528	0.1224278136	-0.0292357277	0.0736267695	-0.0961737995	0.0623046536	-0.0066077305	-0.0713055705	-0.090523277	-0.0520034083	0.0196852849	0.0	0.0004863302071527	-6.420738685620006e-05	4.122588526901732e-09	2.365170703891881e-07	-0.0140910457540144	0.0025728557164228	6.6195865375294895e-06	0.0001985575704417	-0.0309727623576492	0.0125684389435604	0.0009593120080634	0.000157965657478	7.201483467501982e-05	-0.0001129949653145	1.276786218644318e-08	5.186136413270437e-09	8.898791248412863e-05	8.767263359743538e-09	7.686490681910155e-17	7.918848568282935e-09	-0.0003340030737422	-0.0001089947183439	1.1879848626887889e-08	1.1155805326923749e-07
799.0796525895772	0.9577553840587144	638528.2911826795	0.9172953756934552	953.0490200977453	1.7566232744432	908302.4347092723	3.08572532831555	788.5262243890696	1.9751511364968335	3.901222012004734	621773.6065492814	794.4651513984549	644.4503550014338	1.01409	31.547276	0.0567618029427159	0.0300973405632702	0.0275132808	-0.0384773419	0.0421947831	-0.0176327315	0.0336401333	0.052725431	-0.0244198787	-0.0338605349	-0.0271557513	0.0234501639	-0.0319228744	-0.0129308767	0.0241784828	-0.0648701172	-0.0298886619	-0.0461271759	-0.0175400622	-0.0809732241	-0.0237900616	-0.0231590767	0.1441210387	-0.0624521142	-0.0003141545	-0.1004145601	-0.0203198372	-0.0063755172	-0.1118783591	0.0384362363	0.0538031725	-0.0845745411	0.1503198865	-0.0068654148	-0.0160292099	0.0165265624	-0.0896950374	0.0148669829	-0.062134597	-0.0291963554	0.0843227352	-0.0162600617	-0.0544777712	-0.0120413109	-0.0892846505	-0.0415400305	-0.0171809811	0.0301406779	-0.1046383483	0.0481049458	-0.0186567065	-0.0316343914	-0.0176310851	0.0085218234	-0.0062345816	0.061162954	0.0309327478	0.1353742596	0.1174993079	-0.1245988045	0.0494718085	0.0041234643	-0.0844214501	0.0851657067	0.0793596554	0.031410679	0.0246395099	-0.0274673664	-0.0025989789	-0.1145413837	0.0312823109	-0.0563328421	0.0228935744	-0.0192381267	-0.060456857	-0.0524994461	0.0178358719	-0.0853877607	0.039771237	0.018188421	0.0219208732	0.0381549468	-0.0984583282	0.0080614669	-0.0283017204	0.0284066271	-0.0248026831	0.0401980581	0.0530380771	-0.1304806759	0.0059801501	0.0040100285	-0.1110525539	-0.1806772682	0.1163628731	0.0425742744	-0.0147114075	-0.04812809	0.0183315508	-0.0868945322	-0.0425673056	-0.0169171243	-0.0701640947	0.044358378	-0.05423817	-0.0484457961	0.1294493979	-0.0590714302	0.0762326254	0.0291196929	0.0282259003	-0.0712405917	0.1011522798	-0.0450437621	0.0414826965	-0.0028720768	0.058385142	0.0249710705	-0.0014436077	-0.1594848483	0.0253165259	-0.0777365868	0.0406099611	-0.0480652996	0.0416381595	0.1176236298	-0.0059046574	0.0762731412	-0.0112912021	0.0503073823	0.0588257771	-0.0874297831	-0.0002197107	-0.0063230616	-0.1085421612	-0.0876613197	-0.0047695527	-0.0006166517	0.0143683079	-0.0034039892	-0.1022023183	-0.0418093724	0.0483856703	0.0190376344	-0.0469329589	0.0470997024	0.0348109255	-0.0174917477	0.1028056246	-0.0740863495	-0.0696703502	0.0696156365	0.0255105021	-0.0776852272	0.1073977645	-0.040091036	-0.0145856178	-0.0198854606	-0.0994278641	0.0554745908	-0.139760733	0.0693227279	0.0047623566	0.0365491777	0.029831099	0.0231075616	0.025046895	0.1209767672	-0.08860804	0.116755989	0.1201859479	0.0663833802	0.0804367203	-0.037298614	-0.0019345524	0.0324943285	-0.1250232207	0.1284154175	-0.1069695271	-0.0423151289	0.0047704308	0.1581001772	-0.0546336649	-0.0735131358	0.0311274878	0.008037208	-0.0572944019	-0.0229146348	-0.0281577722	0.0168857596	-0.0119443411	0.0302017255	-0.0610147138	-0.010636172	-0.0927935412	-0.111140675	0.0459824577	0.0256927347	0.0490038451	-0.0813612103	-0.0398493871	-0.0108098729	0.0233732614	-0.0433714056	0.0102136013	0.061396348	0.1333295185	0.0614188607	-0.0090037942	-0.0735092774	-0.0897054572	-0.0469484232	0.0266624798	0.0	-0.0073011552539838	-0.0077874854611365	6.064492980741236e-05	5.330686804277525e-05	-0.0397104196883333	-0.0256193739343188	0.0006563523207864	0.0015769174318235	-0.0319302492881377	-0.0009574869304885	0.0010195408196026	9.167812220562948e-07	-0.0001759934201824	-0.0002480082548574	6.15080944774229e-08	3.0973683947498795e-08	2.6041456508307803e-05	-6.294645597582083e-05	3.962256319915949e-09	6.781574570740867e-10	-0.0004709974952444	-0.0001369944215022	1.8767471522722435e-08	2.2183864052649858e-07
798.2666452462206	-0.8130073433566167	637229.6369126554	0.6609809403517837	952.4789022988832	-0.570117798862043	907216.0593244856	0.3250343045793009	787.1008027527622	-1.4254216363074192	2.0318268412533205	619527.6736940427	792.8255271931562	651.5008522097094	1.000141	31.113325	0.0442524786483	0.0207331397894876	0.002039263	-0.0308747852	-0.0150578528	-0.0058648705	0.0126189272	0.0494537016	0.0106407652	-0.1336501712	-0.0023035481	-0.0322904754	-0.07326332	-0.1117321903	0.0846725879	-0.0503029352	0.0504176573	-0.1135943884	-0.029123105	-0.035524928	0.0599068313	-0.0772372177	-0.1472456916	0.1025801071	0.037394081	0.0253488898	-0.007472321	-0.1315740981	0.0399319013	0.0192686333	0.0547388458	0.0759581852	0.0919494808	0.0396969445	0.0993443875	0.0939531349	-0.0611817317	-0.0049525433	0.008720786	0.0872619218	0.0034864779	0.0587257278	0.1000080547	-0.0098228371	-0.0621960127	-0.0534629745	-0.0738649043	-0.0176497148	-0.0436128093	0.0458664123	-0.0347720249	-0.0530873397	0.0407937842	0.018871709	-0.0661255907	-0.0143456402	0.0321765925	-0.0111602147	-0.081579019	-0.0325166917	0.0129055278	-0.11569506	-0.0334160862	0.1165254492	-0.0229482624	0.0083340898	0.0107661294	0.0945599349	0.0907863907	0.024083621	0.0292190797	0.0350800926	0.0203501699	-0.0507006982	0.0465721434	-0.0816178491	-0.1831511149	0.0028575976	-0.0377278439	-0.0012845971	0.0677082452	-0.0328252218	0.0579739849	0.0573318967	0.161117751	0.0616286148	0.0409155832	-0.0750989385	-0.0637775467	-0.0790165198	-0.0786269465	0.1368238683	-0.033106047	0.0054651648	-0.0417690977	-0.1137876541	-0.065118007	0.0006995097	-0.054311246	0.0346616509	-0.0294994392	-0.0014104305	-0.0332146956	-0.0387438809	-0.0143583848	-0.1397009016	0.0428448898	-0.0586861556	0.0562950964	0.0232585205	0.0755627269	0.0320445801	0.0497506786	-0.0681192849	-0.1572130463	0.0948660666	0.0065165428	-0.0593958227	0.0345734639	-0.0362001569	-0.0989171071	-0.0667165208	0.0452126885	0.0872281062	0.130437691	0.0708449718	-0.0088473844	0.0287629679	0.0155947542	-0.0202302322	0.0411741354	-0.0172570253	-0.0312309231	0.0042010477	0.1337835543	0.0281318444	-0.011880201	0.1322703426	0.0027387215	0.0869105755	0.0106882612	-0.0564232274	0.0363330605	-0.0317519093	-0.0309893591	0.0535953741	0.0229483947	-0.0639512877	0.0127398316	0.1508729529	0.0347873776	0.0088398522	0.0042417519	-0.0684694261	0.1031968051	0.0861786959	0.0222992216	-0.07329839	-0.025716429	-0.0849137087	-0.0184260666	0.0296201941	-0.0821115296	-0.0821943162	-0.0818137785	-0.0066624198	-0.0656964962	0.0057923641	0.0026068593	0.0096067268	0.035580336	-0.0143190914	-0.0656821727	-0.009872999	-0.0120476329	0.0481802821	0.1553091136	-0.0327645167	-0.1180525603	-0.0760109528	-0.0802525273	0.0437971407	0.0565058434	-0.0698236653	0.0427173035	-0.0017827578	-0.0588671744	-0.0460998381	-0.0054251301	0.0197035865	-0.0653631701	0.053893913	-0.1028887494	-0.0258172156	-0.0453134723	-0.0424309941	0.0267435628	-0.0148154116	-0.0108540288	0.0102191589	-0.0011042499	0.0332708447	0.0217010695	0.022013186	-0.0670781058	0.0027953022	-0.0632775464	0.0605224558	-0.0113936355	-0.0755986879	-0.0886396995	-0.0416907124	0.033473914	0.0	0.0025811863266085	0.0098823415805923	9.766067511550352e-05	6.662522852670681e-06	-0.0287403138322588	0.0109701058560744	0.0001203432224934	0.0008260056391767	-0.0283273175781459	0.0036029317099918	0.0008024369211731	1.2981116906864448e-05	0.0001040185610988	0.0002800119812812	7.84067096610231e-08	1.0819861053064788e-08	8.897828692133736e-05	6.293683041302955e-05	3.961044622438442e-09	7.917135543455835e-09	-0.0004180043169058	5.29931783386e-05	2.8082769504266647e-09	1.7472760895188446e-07
798.780660699413	0.5140154531924281	638050.5439073908	0.2642118861206173	952.6473686774044	0.1684663785212024	907537.0090479824	0.028380920692049	786.4776218472831	-0.6231809054791029	0.3883544409537545	618547.049666558	792.4429986039445	647.844383947737	1.006061	31.297482	0.1171875014717357	0.063165563566319	0.0060381282	-0.0672430885	0.0315051	-0.0064598053	0.0392317947	0.0500986457	-0.0060594816	-0.0153106544	-0.026593973	0.0261702681	0.0082972371	0.0259552574	0.0582716198	-0.0326492793	-0.0234161821	-0.0435806114	-0.002069232	-0.0035160695	-0.0445762356	-0.0282333212	0.0589198707	0.0761954492	-0.0303819245	-0.027056547	0.035948233	-0.0112190867	-0.0089544368	0.0140514124	0.092837415	-0.0689128223	0.0924379523	0.0174520381	0.0742602449	-0.0247224844	0.0245420429	-0.0275822078	0.0277450119	0.0601561896	-0.0390498626	0.0143057403	-0.0165949372	-0.0708971706	-0.0058746461	0.0365625768	-0.0678471313	0.0523189974	0.1197425006	-0.074677511	0.0064508336	0.0092354819	-0.0717525898	0.1188242581	-0.0465448791	0.0443238596	0.1160120992	-0.0398617573	0.0336379092	0.0784806842	-0.0505454394	-0.0141391933	0.0993299934	0.0687158446	0.0851139908	0.0695655809	-0.0013242325	0.0411535349	0.0682262504	0.0465136431	-0.1319912054	-0.0429699492	0.0252120672	-0.04380414	0.0145389417	0.0091802374	0.0142591868	-0.0667092815	-0.0072235842	-0.0335398677	-0.0242461659	-0.0774526687	-0.0676188995	-0.0781214819	-0.0381898184	-0.0039453224	-0.1446138726	-0.0248479774	-0.169078641	-0.0454432743	0.08383817	-0.0347169632	0.0065513164	-0.0689809755	0.0524446327	0.051113065	-0.0759105344	-0.0455976118	-0.0252872365	0.0374905681	-0.0181138926	0.0751830536	0.1128238254	-0.0256285702	-0.0320284344	0.0203720535	-0.1338839746	-0.0658879755	-0.0012685622	0.0189227003	-0.0260155543	-0.0498035304	-0.0361148334	-0.1059252023	-0.0010847486	-0.0065009878	0.0130634102	0.0304832607	0.0406383498	0.0435576693	-0.0142458954	-0.0792150799	-0.0095136646	-0.0292551246	0.013614097	-0.0138030961	-0.0696308241	-0.1310073435	-0.1572326431	-0.0951932046	0.0481480012	-0.1502718961	0.047042119	0.0579829428	-0.0254178626	0.0910107175	-0.0456719326	0.0317297275	0.1120025886	-0.0308171398	-0.0778404688	0.0356163373	-0.0307084872	0.002757754	0.0160677735	-0.1143499071	0.0278961024	0.0635240374	0.0836353812	-0.0044766686	-0.05606711	-0.0910787114	0.0324391519	-0.0980139126	0.0439398512	0.0178447785	-0.0779579083	-0.0860553657	0.0190778776	0.0206102051	0.1485511575	-0.0728481186	0.0923543492	0.0771005128	0.0219574791	0.0460586094	-0.0371673744	-0.0021677554	0.0077581212	-0.0861704976	-0.110196777	0.0672563342	0.0504117411	-0.0053597026	-0.0497235126	-0.0022996136	0.0143577006	0.0106953692	-0.0065866461	-0.0134429344	0.0480004005	0.025300902	-0.2050028834	-0.0576334418	0.0627119503	-0.00175192	-0.0241199367	-0.0184526841	-0.0010604174	0.0041231385	-0.0027955807	-0.0217912881	-0.1410021796	0.0184650627	-0.0943141375	0.001096685	0.0492892341	-0.0661525882	-0.0333478402	-0.099031654	-0.061372542	0.0119449661	-0.0299363088	-0.0244048681	-0.0842660307	-0.0475198512	0.0963651039	0.0596155937	-0.0137756027	-0.0775705533	-0.0873289498	-0.0362529791	0.0400772406	0.0	0.0130327144919704	0.0104515281653619	0.0001092344409913	0.0001698516470292	-0.0397813944214533	-0.0110410805891945	0.000121905460577	0.0015825593421152	-0.0844202929626334	-0.0560929753844875	0.0071267858638968	0.0031464218874847	0.0004009577780571	0.0002969392169583	8.817289856780834e-08	1.6076713978448669e-07	-0.0002840592948152	-0.0003730375817365	1.391570373878438e-07	8.068968297090871e-08	-0.0002959427689468	0.0001220615479589	1.4899021490147252e-08	8.758212249189906e-08
797.7369801793594	-1.0436805200536128	636384.2895456837	1.0892690279393795	947.9538790974397	-4.693489579964762	898616.5568958833	22.0288444372378	786.9834646440451	0.5058427967619537	0.2558769350359551	619342.9736231449	793.2431188045966	642.9357989461798	1.023345	31.835184	0.1440378318094979	0.073020797652628	-0.1164801313	-0.0668731127	0.0301694819	0.0776019632	0.0051951836	0.0217140344	-0.0087172324	-0.073073487	-0.0547129623	0.056383449	0.0742685613	-0.0936884577	0.0143869712	-0.0479817731	0.0370268754	0.0239946546	-0.1171179547	0.0802719414	-0.0570166392	0.0335361223	0.0007324192	0.0052731586	-0.1050348759	-0.0525347734	-0.0303120448	0.0024562832	0.1314663753	0.0124217936	-0.1173626421	0.0418560222	0.00928578	0.1015370006	0.0821522295	-0.0741087724	0.0462794066	0.1105172497	0.1165018182	-0.1040351298	-0.0018741909	0.0425054645	-0.1163977679	-0.0598096399	0.0123675339	0.0567622714	0.024471708	0.0325931797	-0.0873902834	0.0897197847	-0.0623758949	0.0119391516	0.0197921625	-0.0537898436	0.0675289005	0.0544319358	-0.0160532965	0.036139797	-0.0797483688	0.0707682246	-0.0365555203	-0.026941656	-0.0272443307	0.0648379387	-0.0617655683	-0.0746257383	-0.0745098815	0.0428613693	0.0100943034	-0.0205658351	-0.1186204228	0.1093194767	-0.081435755	0.0330093289	-0.0069656978	0.0727943077	0.0598423614	0.0325521786	-0.0171870766	-0.0747691239	-0.0274365142	-0.0189567035	-0.0689936473	0.0172458686	-0.0620119911	0.0267787498	0.0501982009	-0.060760947	0.1081729186	0.011707334	-0.135754674	0.0492273222	0.0032777207	-0.0878346336	0.0042401279	-0.0112042668	-0.0987024206	-0.0594591181	-0.0342883482	-0.0738293557	0.0517704965	-0.146289634	0.0193916477	0.1239521201	-0.0538275007	0.0527822603	-0.0039232461	-0.0409353491	-0.1069206554	0.0374734064	0.043273049	-0.0075781486	-0.1048016932	-0.0351132533	0.0567520719	0.002545806	0.1000783397	0.0909070476	-0.033067739	0.0811897319	0.0786282929	0.0460201733	-0.0602643562	0.0153535595	0.0408653376	0.0857786906	0.0696314052	0.0780270394	-0.0371953623	0.0902302031	-0.025452154	0.1070293025	0.0704268432	0.0253123941	-0.0611362638	0.0322350642	-0.0021309078	0.1265815549	-0.0188672111	-0.0048356407	0.0629972902	0.0211078488	-0.0856155205	0.0417567828	0.0616220731	0.1202258412	0.0931927806	-0.0635963557	-0.0327305229	-0.02169412	0.0246562568	-0.0581260922	0.0149630812	0.0046881892	0.0310733661	0.0987707327	0.0062002243	0.0257895875	-0.042504888	0.0349206289	-0.0310333948	0.0083621993	-0.0316026609	0.058482489	-0.097562149	-0.1128813601	-0.0335648116	-0.0235673944	0.0489042456	0.0600995386	0.0094861564	-0.0332214116	0.1233290082	-0.0337897919	0.1285351184	-0.014205419	-0.0468416807	0.0309263105	-0.0447606017	0.0516241547	0.0051507904	0.0148348165	0.0320241295	0.039453188	0.1150085291	-0.0232252183	-0.0220791992	-0.0352453145	-0.0231794325	-0.0319767605	-0.0112926521	-0.0233796631	-0.0894265611	0.0302308045	-0.0211813641	0.1153360122	-0.0092614583	-0.0429746218	-0.065504897	0.054066665	0.012874203	-0.063085775	-0.0265636244	-0.0614738423	0.0426098745	-0.126437959	-0.0497528521	0.0586984312	-0.0161480496	-0.0794218076	-0.0857768306	-0.0306587036	0.0464314067	0.0	0.0009038527583697	-0.0121288617336006	0.0001471092869528	8.169498088125152e-07	-0.0482481414839384	-0.008466747062485	7.168580582010002e-05	0.0023278831566541	-0.0442377667562823	0.0401825262063511	0.0019569800075832	0.001614635412324	-0.0006729770838709	-0.001073934861928	1.1533360876643125e-06	4.528981554153803e-07	8.917271840092056e-05	0.0003732320132161	1.393021356893584e-07	7.951773707009876e-09	-0.0005139698299439	-0.0002180270609971	4.753579932703318e-08	2.641649860925615e-07
797.6736195369118	-0.0633606424476056	636283.2033051179	0.0040145710113733	947.7031283347022	-0.2507507627374252	898141.219455381	0.0628759450134005	787.6338334981368	0.6503688540917665	0.4229796463726374	620367.0556709707	793.22380153658	659.0434071654428	1.014013	31.544865	0.051861710954751	0.0377338458290535	-0.0699045627	-0.0163940896	-0.0037802375	0.0562872551	0.0141209631	0.0352481131	0.0055407644	0.0734308544	0.057915107	0.0273965093	0.0770546604	-0.0131402297	-0.0096064048	-0.0114075089	0.0484588671	0.0066047991	-0.0724328888	-0.0270574798	-0.1203344619	-0.0069841235	-0.0323721626	0.0314050563	0.0565120639	0.0235090317	0.0772691939	0.0541378892	0.036343503	0.0466742456	0.0768946372	-0.0632470791	-0.0793497263	0.0878505391	-0.0576778133	-0.0112264827	-0.0124720856	0.1231511155	-0.0450778759	0.125405207	-0.0153665045	-0.0662375471	-0.0745409481	0.0977010267	0.0709463248	0.0501112892	0.083466707	0.0383309154	0.0280259073	-0.0122023649	0.036998465	0.078353379	-0.0707724687	-0.0366054983	-0.0189165907	-0.0632545386	0.0559417412	0.0896535074	0.0239286719	-0.001626932	0.0343153084	-0.0017518899	-0.0546628481	-0.0798069055	0.0780688836	-0.060132878	0.0853075768	-0.0217290591	0.1205682793	0.0018367848	-0.0258190079	0.0268220391	-0.0334291927	-0.1072274263	-0.0349071877	-0.0279578023	-0.019992858	-0.0315869134	0.0538708746	0.0651889874	0.042161264	-0.0782836166	-0.0137092806	-0.0359469752	-0.0348705141	0.0257140533	0.0017046732	-0.1063398293	0.0072410707	0.076406772	0.1299660266	-0.033678384	-0.1081249397	-0.0449051513	-0.0336499913	0.0149312785	-0.0539786666	-0.0354416061	0.0233448773	0.0176368407	-0.1314699597	0.0229833624	0.0029644212	0.0199496613	0.1415452371	-0.0211577297	-0.0734327585	0.0651413247	-0.1081097075	0.0247643275	0.0718036195	-0.0060754451	-0.1019582505	-0.0571767253	0.031479291	-0.0876727165	0.0577826785	-0.0568525467	-0.0251896615	-0.0620877423	0.0178962689	0.032542589	0.0501784451	-0.0020895536	-0.0156149537	-0.08778763	-0.0921436794	0.0276220139	-0.0459834817	-0.015705987	0.0053310489	0.0230305418	-0.0172484361	-0.0629018036	0.1095427336	0.0041347048	0.0035433149	-0.0833450034	-0.0029130303	0.0226336605	-0.1097603592	-0.0294166481	0.0226278793	0.0432736012	-0.1749294114	-0.0139044955	0.0118562789	0.1721201368	0.0400105055	-0.0019957819	-0.0525441718	0.0259057626	0.0412444903	-0.0304031471	0.1112992544	0.0438871615	-0.0960211241	-0.0491262699	-0.0431973012	-0.0717596097	0.0923752791	-0.0334141007	0.0363653084	0.026153258	-0.0406766233	-0.0123233644	0.1072109798	0.0319883518	-0.0457901825	-0.0905629974	-0.0309794828	0.0950791359	-0.0168885965	-0.037069048	-0.1388086908	-0.003559193	-0.0289587564	0.0314925083	0.0906715356	-0.0436636559	0.0334328326	0.0851661482	-0.0053292713	0.0936884432	0.0631669715	-0.005724836	-0.0302147579	-0.0436453981	-0.0088482662	0.0222987756	-0.0102582643	0.0254641768	-0.0841710825	-0.0221120566	-0.0126079295	0.0846587076	0.0777996443	-0.1192817669	-0.1376481759	-0.026111621	0.0611819921	0.0731271345	0.0695698668	-0.045424639	0.0450782906	0.0637243876	0.0246296345	0.0577711266	-0.0185093366	-0.0811495725	-0.0839876321	-0.0249320423	0.0524969085	0.0	-0.0006997339928318	-0.0016035867512015	2.5714904686289817e-06	4.896276607243335e-07	-0.0397152718170872	0.0085328696668511	7.280986475146927e-05	0.0015773028155051	-0.0430974305216409	0.0011403362346413	0.0018573885175676	1.3003667280361157e-06	6.000282152601708e-05	0.0007329799053969	5.372595417156735e-07	3.6003385910830583e-09	1.048459886909825e-05	-7.868811953182231e-05	6.191820155454355e-09	1.0992681344589628e-10	-0.0005140001710563	-3.034111239997531e-08	9.205831016679356e-16	2.6419617584590564e-07
798.1545462321236	0.4809266952117923	637050.6796710071	0.2312904861673362	952.33714289381	4.634014559107754	906946.033735145	21.474090934022637	785.9163782606564	-1.717455237480408	2.9496524927488843	617664.5536183472	792.5466495081198	638.2419724398372	1.094681	34.054356	0.0599165195867505	0.0278535341718843	-0.0473895589	0.0567769944	-0.0935064367	-0.0043863098	-0.0662549414	-0.0659187508	-0.0207875925	-0.1127436697	0.1140842685	0.0239409458	0.0860637622	-0.0529569012	0.0499420967	-0.0763231443	-0.0277539387	-0.074566144	-0.0198563099	0.0843212953	0.0024782947	-0.0468687446	0.1229606418	0.000479269	-0.0184038228	0.0796047886	-0.140428259	-0.0474086307	0.1264893919	-0.0246388648	0.0145117923	0.0272562468	-0.161721035	-0.0394705684	-0.0485259967	-0.0269208092	-0.0611125526	0.0091616388	0.0401441764	0.0735282655	-0.0162254373	0.0982833271	-0.0162284575	-0.0647749262	0.0003289438	-0.0153362056	-0.0149033364	0.0861685776	0.0844322766	0.1018509988	-0.0015374135	-0.1177460691	-0.025163489	-0.0604355807	0.0495222057	0.0418496066	-0.0270612804	0.0072682304	-0.007267749	-0.0129526047	-0.0265028232	-0.0038636408	-0.1204807084	-0.0092318492	0.0207996282	0.0039523191	0.1031484857	-0.006624521	0.0486776328	-0.0829150038	-0.0113956629	-0.0245814516	0.0359493495	0.0095866353	0.039841287	-0.1021759949	0.1356805071	-0.0120776295	0.0169107029	-0.1377121239	-0.120264917	-0.0592301935	-0.0070441301	-0.057688502	-0.0517932528	-0.1428076396	-0.0121411962	-0.0330070104	0.0359137667	0.0051757783	-0.07307933	-0.0990538008	-0.1232573836	-0.0420410965	-0.0707242426	-0.1342521298	0.012742602	-0.0284937524	-0.0307372902	-0.0369732556	0.0264568128	-0.0887272143	-0.0168429148	-0.0447922704	0.0523697984	0.0472825654	0.0476338956	0.1429336959	-0.0853375392	0.0124007895	-0.0156130771	0.0528367144	0.0345808247	0.0416042795	0.0137617424	0.0230555989	0.0629278206	0.0067298581	0.0906549364	0.0078924726	-0.0284068857	-0.000338223	-0.0809385906	0.0474506017	0.0115264619	0.0241493812	0.0075905351	-0.043255926	0.0454158599	-0.0646346193	-0.1258523686	0.1027993661	-0.0753643477	-0.0657202382	0.0116801018	-0.0687461569	0.1213780993	0.0822516095	0.0100118085	0.0479296338	-0.0986251101	0.0508886446	0.0470134376	0.0440252182	-0.0216768543	0.066607855	-0.0620926609	0.0140592306	0.1237309893	0.0551119786	-0.1068764251	-0.0457361116	-0.0372567643	-0.0402345304	-0.0332764055	0.0006107372	-0.0513559652	0.011778202	0.1498357933	0.0120314437	0.0561595463	0.08514118	0.0270746771	0.1203875072	0.0154013192	-0.0347429769	-0.0999400745	-0.045188148	0.0095590151	0.0246730246	0.0487365606	-0.0410601548	-0.0150155334	0.0343906486	0.0597656469	-0.0874799548	-0.0825332005	0.0080932195	-0.0359752232	0.1071833372	0.0305592499	-0.0255634592	0.0555774569	0.1085732497	-0.0349121515	0.0194302529	-0.0488904964	-0.0312682883	-0.0025143449	-0.0397339868	0.0395214882	-0.0716827277	-0.1212230907	0.1054324032	0.0041697534	0.0910441976	-0.0147293553	-0.0725503712	-0.1196583031	0.0681513848	-0.0712259762	0.0718382736	-0.0611623259	-0.1047852323	0.052343849	0.0343557885	-0.0154097405	0.0568338402	-0.0208578319	-0.0827511615	-0.0819662993	-0.0190977232	0.0582360367	0.0	0.0131982537949397	0.0138979877877715	0.000193154064549	0.0001741939032356	-0.0543711638027559	-0.0146558919856686	0.0002147951698955	0.0029562234532661	-0.0376087336940713	0.0054886968275696	0.0014144168500715	3.012579286497264e-05	-0.0002840414507398	-0.0003440442722658	1.1836646127891565e-07	8.067954573837022e-08	-0.0001629268874183	-0.0001734114862873	3.0071543576404514e-08	2.6545170643815405e-08	-0.0005140232722179	-2.3101161599967116e-08	5.336636672677952e-16	2.642199243815973e-07
798.1980449707146	0.0434987385909835	637120.1189950709	0.0018921402590067	950.446828273748	-1.8903146200619856	903349.1733756274	3.57328936282009	786.8495676421055	0.9331893814490968	0.8708424216493479	619132.2420985684	792.641367519955	640.8123526639225	1.123709	34.957386	0.0729063501706303	0.0400314900174367	0.0562306381	0.0238843726	0.1056276442	0.0918062114	-0.0039087409	-0.0036392902	-0.0423454946	0.0315572194	0.0755297712	-0.0217316644	-0.0388229179	-0.0271533242	-0.0411564644	-0.0910246313	-0.0229742888	0.0367411434	0.0215093881	-0.0756927492	-0.058262199	0.0147604833	-0.0198851982	-0.0521418118	-0.0165341256	-0.107490287	0.0366796004	-0.0505709597	-0.0250597417	0.0247225754	0.0201571314	-0.0032959239	0.0131468673	0.0056715007	0.0109444041	-0.0299884276	0.0231238147	-0.086242678	0.1432818753	-0.0832481477	-0.0236865351	0.0470490052	-0.0283379988	-0.0084159755	0.0508554224	-0.0275151323	-0.1127501858	0.0680328205	0.0501034041	-0.0237065262	0.020309249	0.0068496118	0.0524902424	0.0190715646	0.0105053346	0.0695654457	-0.0295071755	0.0914709027	-0.0282316557	-0.0794160867	-0.0203493748	-0.0303387324	-0.0511810871	0.0243952447	-0.0989922316	-0.0684069749	-0.0889997764	-0.0176519929	-0.0186294126	-0.0422658859	-0.0762393246	-0.0649506953	-0.021774647	-0.0406430349	0.0063732696	0.0077712591	0.0069958214	0.0586507816	0.0978595253	0.1241335341	-0.0559731437	-0.109984091	-0.0400125973	0.1294487883	-0.0640635466	0.1461166877	-0.0092521587	-0.0357281405	-0.039294867	-0.1159123163	0.1218483359	0.1007930455	-0.117882166	-0.0208048588	0.0648642138	-0.0248999828	0.0345266124	0.0916371981	-0.0594393699	0.0304168963	-0.1001530091	0.0350025149	-0.0428387401	-0.036655248	-0.0896492131	0.0315359029	0.0598660892	0.0349078173	0.0511717174	0.0462357843	0.0341498756	0.0190244975	-0.0272719667	-0.0069348476	-0.0087595878	0.1113928344	-0.1009321104	0.0878693718	-0.0469813902	0.0778442318	0.0006785381	-0.0110070171	-0.117338849	-0.0125926267	-0.0517145876	0.0252553992	0.1654135415	0.0099936624	-0.0159859656	0.0523041181	-0.0080820399	-0.0109410461	-0.054217051	-0.0800237765	-0.0219976896	0.0900267217	-0.031671426	0.0490934919	-0.0195237356	-0.0221292104	-0.0694283347	-0.0498104492	-0.1010644418	-0.0470562535	-0.0048989526	0.0478877393	0.0597425641	0.044236337	-0.0615992563	0.0544007738	-0.0659605571	-0.0307156299	0.042437975	-0.0237469217	0.0681776252	-0.0081650514	-0.050174564	0.0502544389	-0.0971921862	-0.1173760565	-0.1272310009	-0.0521547219	0.0943704644	-0.0438797329	0.097689256	0.0054926387	0.0935840341	0.0826960621	0.0898834405	-0.0070403948	0.0909390122	-0.0333461999	0.0750929972	0.0217399446	-0.1318156507	-0.0075497645	-0.0124756625	-0.0299943641	-0.0610647575	-0.0980709587	0.0880729608	0.0493536972	-0.019872441	-0.0592613331	-0.0350758045	0.0817465185	-0.0369969224	0.0104489802	0.0217813131	-0.0615423586	0.0165016159	-0.0662150247	-0.0659741518	0.0621777879	-0.1095635381	0.0571831071	-0.0197417059	-0.0514480621	-0.0876686756	-0.0422914257	0.0049972941	-0.0173213143	0.04980211	0.0503791637	-0.0283898089	-0.0587173491	-0.0717960445	0.055886734	-0.0231919124	-0.0842240844	-0.0797184191	-0.0131809392	0.063613111	0.0	0.0131482579337216	-4.9995861218099166e-05	2.4995861389394323e-09	0.0001728766866916	-0.0396455634976433	0.0147256003051125	0.0002168433043459	0.0015717707050456	-0.0692893701486809	-0.0316806364546096	0.0048010168156009	0.0010036627261691	-0.0004239624016328	-0.000139920950893	1.9577872498801322e-08	1.7974411799825165e-07	0.000164096105981	0.0003270229933993	1.0694403821183865e-07	2.6927531998127592e-08	-0.0004519648655164	6.205840670149999e-05	3.851245842328778e-09	2.042722396612576e-07
797.8966156229649	-0.3014293477497176	636639.0092225814	0.0908596516848202	952.2212494603846	1.7744211866365731	906725.307923896	3.148570547584744	786.0373736691441	-0.8121939729613814	0.6596590497147932	617854.7528046857	792.9682908643931	652.9583153341615	1.105281	34.384132	0.1082261606408072	0.0553829760936245	0.0189635799	-0.0582090948	-0.0102002943	-0.0090733736	-0.003815658	0.01791034	0.1343017726	0.072387979	-0.0942957007	-0.0168781198	-0.0332027014	0.0103959949	0.0087206118	0.0764881813	-0.0304711965	-0.15418741	-0.0072122764	0.0940909185	-0.0707582198	-0.0730275887	0.0567345964	-0.0201152895	0.0524057248	-0.0297481154	-0.0449503919	0.0653528248	0.062471537	0.0778486176	-0.0230980772	0.0255143095	-0.0209641074	0.0222749134	0.0498434742	0.0137064556	-0.0813364829	-0.0148381094	0.0539679289	0.0439618817	0.0154579957	0.0901790328	-0.0284241159	0.0714802363	0.0713219388	0.1222206249	0.0772731282	-0.1363763344	0.0448419348	-0.0471076689	0.0277001613	-0.0902958084	0.0271503903	0.0386060797	-0.0496171762	0.0217332022	-0.0112468865	0.0041514624	0.0528123878	-0.0311786491	-0.081627934	-0.0078215298	0.0133955631	-0.000700014	0.055353763	0.0536232777	0.0149418097	0.0299111833	-0.1536596104	0.0065582553	0.0197986517	0.0277365935	0.0277158442	0.0727375017	-0.0818491589	0.0055408831	0.0315465975	0.0540400689	0.0908560147	-0.1014065227	-0.0371309959	-0.0959183259	0.0420104739	0.024798698	-0.0061104281	-0.0603839305	0.05603931	0.0824150294	-0.0267134779	0.0550164236	-0.0125843491	-0.0392118402	0.0576046361	-0.0598243947	0.0323937901	0.0559654649	0.0048485795	-0.1272779644	0.1173589033	0.0158143245	0.0047703746	0.0242858299	-0.1606325662	-0.0074255835	0.0508529444	0.0362236403	-0.0008359547	-0.0564566109	-0.045552509	0.0125016148	-0.017231955	0.0447115858	0.0245219691	-0.0048081829	-0.0750741931	-0.033112918	0.0117644528	0.0316844967	-0.0012501486	0.0284796291	0.0812898796	0.1141858221	0.0464131154	0.121094298	-0.0029090105	0.0470647988	-0.0364599278	-0.1017596748	0.0923578385	-0.138299793	0.0132579199	0.0528991605	0.0193772639	0.0285538288	0.0445478342	-0.1314740928	0.0113492008	0.0229242495	-0.0392218212	-0.0354572866	-0.0139409844	0.0820660518	-0.1055033702	0.1844626685	0.0129138664	-0.1080098933	0.0198314294	0.0019418373	0.0140757251	-0.0285790738	-0.0349224812	-0.0095400262	0.0450747164	0.0219027413	0.109029684	-0.0385052727	-0.0399392272	0.1529823188	0.0893066675	-0.0066588231	0.0681540474	0.0594591316	0.0469355406	0.0257271174	0.0814370117	-0.0146721423	-0.027040134	-0.0374176816	0.0316783311	-0.0510873345	0.0909856471	-0.076056469	0.0716636392	-0.0241478557	-0.0270867341	0.0307126964	0.0083752711	-0.0289988744	-0.0710764867	0.0221919635	-0.050339485	-0.0495760068	0.0007952822	0.0005373235	0.1041309262	0.0835255598	0.0081188801	0.0083771281	-0.0532413364	-0.0721225048	0.0462867105	-0.0129543792	-0.069760124	0.0174402437	-0.0215233984	0.0209850537	-0.0774564135	-0.019659489	-0.0521699394	-0.0602640344	-0.0666132591	0.0157544125	0.0325530973	-0.0293333005	0.0114457482	-0.1102876416	-0.0279394989	0.0549299716	-0.025509965	-0.0855660509	-0.0772502043	-0.0072072393	0.0685947023	0.0	0.0221122796191366	0.008964021685415	8.03536847765904e-05	0.0004889529099548	0.0023907230487338	0.0420362865463771	0.0017670493866091	5.715556695747035e-06	-0.0367130485997648	0.0325763215489161	0.0013478479374886	0.0010612167256583	-0.0002259985802606	0.0001979638213722	3.9189674572284315e-08	5.1075358279806866e-08	1.0035110566519734e-05	-0.0001540609954144	2.3734790308100515e-08	1.00703444082276e-10	-0.0003109990651011	0.0001409658004153	1.98713568867262e-08	9.672041849375823e-08
797.4764946070221	-0.4201210159427546	635968.7594507037	0.1765016680367723	948.189748397726	-4.031501062658549	899063.7989665429	16.25300081821701	784.7487818932101	-1.2885917759340373	1.6604687650048362	615830.650682877	790.951582322866	637.1416267490123	1.136681	35.360947	0.1112808126191055	0.0531885287193352	-0.0304969856	0.0998794877	0.0046659248	-0.0002635779	-0.1541545692	-0.1230273233	-0.0012462574	0.0394186391	0.1099405111	-0.01946763	-0.0434606387	-0.0774052596	0.0037141222	0.0382771108	0.0306278167	-0.0306718652	0.0599625511	0.0643052664	0.0822496366	-0.0480932663	-0.0779837632	0.0066795521	-0.0612158954	-0.1003930785	-0.098194203	-0.0134638058	0.0880964565	-0.0472966909	-0.0512251406	0.0221048156	-0.0742370158	-0.1107671002	0.0303036391	0.0079569088	-0.0392292032	-0.1107130913	0.1142908687	0.0635667119	-0.0509312664	0.0438785726	-0.114793633	0.0194762214	0.0071834839	0.0896339361	0.0070313991	-0.0146215752	-0.0458790171	-0.0276702545	-0.0967041401	-0.0070452021	-0.0120458059	-0.0233366138	0.024480922	0.0114749317	0.0997574709	-0.0759208306	0.0454089922	0.0577389866	-0.0089519428	0.1527726955	0.0053265419	0.0070873132	0.006141658	-0.0094225696	-0.0728848606	-0.0261402885	-0.1835994498	-0.0856606888	-0.0525380218	-0.0532905899	0.0251712743	-0.0644295259	0.0789018346	0.0438242787	-0.010683855	-0.061808446	-0.0806181312	0.064222744	-0.0312670532	-0.0153765132	0.0953532405	0.0526164351	-0.0352580931	-0.0087874509	-0.0766356439	-0.1025945321	-0.1013099062	-0.1376597988	-0.0914024136	-0.0197961951	0.0437072587	0.0595344162	-0.0506963991	0.029756213	0.0815568607	-0.0389840097	-0.0542308806	-0.088096545	-0.006699505	0.0343171558	-0.0031939785	-0.058680023	-0.0334182836	0.0361874195	-0.0696055588	0.0969863601	0.0177971156	0.0677179209	-0.0044965626	0.09188414	-0.0107661851	0.0357137986	-0.1409976764	0.0566602622	0.0637210793	0.0690043602	0.0053403071	0.0773629808	0.132856525	-0.0717083782	-0.002157854	0.0421231159	-0.0160599562	-0.0085984298	0.0111125429	0.0236613397	-0.1127606552	-0.0021055264	-0.0170359802	-0.0551351736	0.1216988802	0.0019574583	-0.0794678142	-0.0318905147	-0.054156507	-0.0353857259	-0.0069887824	-0.0135610606	-0.0407520901	0.0702203203	-0.0127760594	-0.0572889997	0.0842190773	-0.1233365833	-0.1779709091	0.016545114	-0.1111350452	-0.0353496321	0.0052983925	0.0013629168	0.0086852631	-0.0870227589	-0.0073335585	0.0731163857	-0.1064824203	-0.0029360829	0.0240847186	-0.0353794011	-0.0335951737	-0.0123748546	0.025031823	-0.114722825	-0.0030227858	-0.0182353952	-0.1496511477	0.0385624467	0.0834368733	0.0286395561	-0.0032461795	-0.0824860398	0.0562185116	0.0268477061	0.0576027235	0.0229146229	0.0129093736	-0.101579375	-0.0326599438	-0.0362046906	-0.0756979522	-0.0161440349	-0.0534885778	0.0782525122	-0.0758527211	0.1465866998	0.0004948277	0.030247836	-0.0198923019	-0.1375198111	-0.0525688485	-0.0807833965	-0.1206332048	0.0201187392	-0.0633568937	-0.0299426433	-0.0269923861	-0.0063274683	-0.0640783803	0.1072076047	-0.0081391038	0.0075557816	0.1618555224	-0.0751637784	-0.0205493926	0.0731516938	-0.1760576686	0.0539637182	-0.0278103878	-0.0867749746	-0.0745684769	-0.0012024181	0.0731498398	0.0	0.0396332695315777	0.017520989912441	0.0003069850875118	0.0015707960537626	-0.0301634870142208	-0.0325542100629546	0.0010597765928229	0.000909835948857	-0.0398731025483272	-0.0031600539485623	0.0015898643068294	9.985940957824804e-06	0.0003220012345201	0.0005479998147807	3.003037969996816e-07	1.0368479503246844e-07	0.0003189987637464	0.0003089636531798	9.545853898625737e-08	1.0176021127173153e-07	-7.051359158731751e-06	0.0003039477059423	9.238420794762833e-08	4.972166598543015e-11
796.7937876678754	-0.6827069391466694	634880.3400661193	0.4660887647590141	947.6365382718724	-0.5532101258536386	898015.0086678979	0.3060414433469987	786.8815684298592	2.132786536649064	4.54877841091151	619182.6027346351	792.6062067712843	628.9049896282503	1.142423	35.539581	0.1068354916363707	0.0586609831540056	0.0317686804	-0.0068567426	0.1485996726	0.0441338034	0.0583899889	-0.1453891565	0.0349215013	-0.0716751989	0.0123874261	0.0643307488	-0.1016011721	-0.0954317287	-0.1275455848	-0.0438003742	-0.062647466	0.0175281703	0.02579911	-0.010323129	-0.0212272313	0.0394196842	0.0382753663	-0.1113935629	0.035119489	-0.0133157163	0.0868362235	-0.1376792458	-0.0088281495	0.0898220474	0.0587491976	0.0981772574	0.0406704222	-0.0239272832	0.038141727	-0.0068875859	0.0070049985	-0.0543349309	0.037467834	-0.0144602903	-0.0223835463	0.0612605446	0.1017340493	0.0942885863	-0.0317946382	0.0331886554	-0.1471157453	0.0293684857	0.0318700676	-0.2073609297	-0.0004581269	-0.0974998761	-0.0332863828	-0.0519749089	-0.007611591	-0.0710225355	-0.0236084988	-0.0936958882	0.1194564645	0.0360819436	0.129461692	-0.088049927	0.0401188919	0.0152142583	-0.0035481116	-0.0419652521	0.1247191718	-0.0478716716	0.1100894807	0.0715858128	0.0047589282	-0.0762751134	-0.083661593	-0.064527514	0.0039053067	0.0562943137	0.092848598	-0.010057883	0.0394272316	0.0009838594	0.0480104315	-0.0918483478	0.1077489825	0.0731835017	0.0345528216	-0.0781757867	-0.0344274504	-0.0879643264	-0.0247808013	-0.13596437	-0.0709343828	-0.0479361064	0.0051682654	0.0624266603	-0.0765992533	-0.072393282	0.0526011801	0.0302276439	-0.0239285063	0.0377716962	-0.0107254153	0.0452112575	-0.0494607486	0.0058931185	-0.0219932946	0.0595086346	0.0141219105	-0.0450009207	0.0489276401	0.1016034699	-0.0191813645	0.063247421	0.059158647	-0.0534998308	0.0501400667	0.1490828829	-0.0830583126	-0.0947050537	-0.1186369698	0.0061597169	0.0542273694	-0.1300173251	-0.1531468494	0.0896346231	-0.0459809128	-0.1400783135	-0.0061706249	-0.1128184622	0.0714798622	-0.1091194402	0.0358893734	0.0306979957	0.0394189541	0.0681687764	0.0498489773	-0.0052759484	-0.0510347548	-0.0460426769	0.0679303775	-0.0031128823	-0.0893142185	-0.0989021009	0.0616292035	-0.0338150435	-0.130603819	0.0404879615	0.0235670806	0.0065269038	0.0396327976	0.0095370681	-0.1415823224	-0.0992413358	-0.051339543	-0.0044233104	-0.0511885028	0.0068893908	-0.0793237176	-0.031649813	0.0420269903	-0.0536838905	-0.0877855762	0.0446826919	-0.0243685741	-0.0034835603	-0.0813988875	-0.0957092281	0.0200497964	0.0598117806	0.0338818448	-0.0694727788	-0.0092896251	-0.0549178255	-0.0107779414	0.0857165154	0.0758221129	0.0140914923	0.0054703825	-0.0259899454	0.0374676509	0.0307946229	-0.003616174	-0.0373447487	0.0626730209	-0.0804699459	0.056015886	0.1464927144	-0.0330517649	-0.0196270644	0.0794032553	-0.0263866053	-0.0031164467	-0.0324952543	-0.0585662236	-0.013973012	0.047523241	-0.0265347039	-0.0603787395	-0.1339280917	-0.2055766696	-0.0681089368	-0.0567913679	0.0746887494	0.04433679	0.13510816	-0.0388763242	-0.074291313	-0.0557354846	0.052988141	-0.0300915909	-0.0878489756	-0.071680649	0.0048075951	0.0772502043	0.0	0.0261822227235768	-0.0134510468080008	0.000180930660231	0.0006855087867469	0.0203110922867608	0.0504745793009816	0.002547683155611	0.0004125404698813	-0.0460805397992487	-0.0062074372509215	0.0021234161481901	3.853227722412789e-05	4.199996684332419e-05	-0.0002800012676767	7.840070990060147e-08	1.763997214840331e-09	2.706660673368333e-09	-0.0003189960570857	1.0175848443624019e-07	7.326012000758717e-18	0.0001279998816081	0.0001350512407668	1.8238837632660763e-08	1.6383969691687617e-08
800.7619026843149	3.968115016439469	641219.6247906042	15.745936783692413	951.3445709683248	3.708032696452392	905056.492710906	13.749506477959995	787.4994595579523	0.6178911280931061	0.3817894461761712	620155.3988040669	793.27523447965	648.511814645783	1.086705	33.806225	0.0797137752474613	0.0481593242094965	-0.0384109061	0.0861029603	0.0738358891	-0.0502456795	0.0873199234	-0.0231420908	0.1290553778	0.0181829391	-0.0175252612	0.1614276431	-0.0827066855	-0.0456186941	-0.1208852923	-0.0424787761	-0.086363491	-0.1078359396	0.0731329137	-0.0529705308	0.0746786772	-0.0258411364	0.0136892095	0.1200252668	0.1410648678	0.0144457357	-0.0109862701	-0.0345459007	0.0404089944	-0.0585893781	0.1094706756	-0.0085355336	0.068357549	0.0128846821	0.034341341	0.0027589471	-0.1139224835	-0.0766408754	-0.0473274286	-0.0302232238	-0.0784523855	0.0632538491	-0.0803903149	0.0796579508	0.0040953975	-0.0050852822	0.0256025667	-0.0950007148	0.0282205116	0.0318364935	0.0111509766	0.0182020002	0.0242536479	0.031124222	0.1197479303	0.0668389789	-0.0584725054	0.0457022796	0.0669421126	0.0032107552	0.0488224089	0.0172440646	-0.0361696144	0.0545919146	-0.0132495141	0.1237110571	0.143413391	-0.0733208193	0.0809505729	-0.0319039614	0.0648575347	-0.0716738598	0.0942647909	-0.1516970744	0.0181693176	0.1262849611	0.0259898934	0.0325227831	-0.053762931	0.0129059861	0.0705389242	-0.0538100549	0.0511459707	-0.0457116616	-0.0131113873	0.0936269927	-0.0738933115	-0.0114835356	-0.06914145	0.012443319	-0.0240753724	-0.0317133085	0.0532555792	-0.0610429643	0.0066785142	-0.0365869018	0.0126099948	-0.0058446163	-0.0115870564	0.0318637256	-0.0489892229	-0.1001190524	0.039967812	0.0323336516	-0.0185837574	0.0891044698	-0.1212126945	-0.0708759172	0.0133501645	0.1088874707	-0.0114830561	-0.0373267819	0.175784286	0.0072101788	0.0447894855	-0.0339570683	0.0620353519	0.0126334176	0.0571321303	0.0397820412	0.0115002644	0.0535932348	0.0251597282	0.1090070154	0.0201383062	-0.0479322029	0.0425963429	0.0332383161	-0.0099304263	-0.0161389283	0.1187979692	-0.1266443504	-0.0767853348	0.0142814326	0.0006554245	-0.0505679951	0.0906490011	-0.1276223197	-0.0521019966	0.0744378454	-0.0937495333	0.0566384668	0.0252757067	0.0462889282	-0.1414870165	8.34249e-05	-0.0214278855	-0.1376653896	-0.0916910197	0.0787998307	0.0233385337	-0.0084249412	-0.0079935059	-0.0848823006	0.012881769	0.0331126216	-0.0576237583	-0.0417916147	0.0913813553	0.0228490402	-0.0128215675	-0.1202689569	-0.0476435778	0.0002320208	0.0514844831	-0.024057029	-0.0165786905	0.113018032	-0.0547870228	-0.0390013656	-0.0289633681	-0.0358693577	0.0151125324	0.0607860698	0.1037963851	-0.0548907446	-0.0573611121	-0.028991699	0.0333139735	-0.0521755015	-0.0369786731	0.0140720591	-0.0060062729	-0.0147705986	0.0635896391	0.0593175738	-0.031949596	0.0635717474	-0.0428485874	0.1242506986	0.0038988528	-0.0759956446	-0.0227577255	-0.0034683795	-0.0038239008	-0.1585718981	-0.0280269777	-0.1704143135	-0.0937530251	-0.0492407815	0.0446007084	-0.1146802998	-0.0892637207	-0.0262274091	-0.0587342856	0.0110647099	-0.0844453247	0.0520034083	-0.0323519979	-0.0887863842	-0.0685947023	0.010796849	0.0808703038	0.0	0.0219824830619046	-0.0041997396616722	1.763781322582253e-05	0.0004832295615669	-0.0234043721181222	-0.043715464404883	0.0019110418281345	0.0005477646342435	-0.0642789950272231	-0.0181984552279744	0.0041317892017097	0.0003311837726845	-9.700000574493982e-05	-0.0001389999725882	1.932099237953814e-08	9.409001114518357e-09	2.4272006626802067e-10	-2.4639406071003123e-09	6.071003315317855e-18	5.891303056915235e-20	-5.000000921664335e-06	-0.0001329998825297	1.7688968752931114e-08	2.5000009216644205e-11
803.812250712056	3.050348027741052	646114.1343947811	9.304623090343725	951.0121106785656	-0.332460289759183	904424.0346573004	0.1105298442667599	789.9949556401251	2.495496082172849	6.227500696140039	624092.0299368432	795.259411570045	660.6954919756945	1.117275	34.757225	0.0715704228275534	0.0444965802915394	-0.0520776965	0.0710773965	0.1880050014	-0.0425031325	-0.0495524432	0.1292431411	0.0911423373	-0.0213690283	-0.0397984078	0.1100316146	-0.0725960734	0.0666582437	0.0129756361	-0.07135703	0.1387238662	0.0051738532	0.0830133073	0.0880496662	-0.0391595761	-0.0247058204	0.1185553584	0.013396968	0.0459449623	-0.052355757	0.0898831803	0.0186377365	0.0107186164	0.0637708357	-0.1152683007	-0.0714206299	0.0876854718	0.131171484	-0.0495714495	0.0491080804	-0.1927407939	-0.1276184927	-0.119636526	-0.1111145607	-0.0418978571	-0.0293598239	-0.0862392403	-0.0290447834	0.034328863	-0.0031250804	0.088607321	-0.0080397919	-0.0382568005	0.0413666746	-0.0231189126	0.0079834341	0.0325971246	-0.0189827752	-0.0194388394	-0.0542151842	-0.0610866479	-0.0838167732	0.0560534261	-0.0211523405	-0.0056049704	-0.035512689	0.0417516949	0.1492908665	0.0628024908	0.0730564995	-0.1001806077	0.0984325334	-0.0185899838	-0.0457285921	-0.0775744413	0.035038259	-0.0104626426	0.0755091374	-0.0212133808	-0.0143725189	-0.0211270718	-0.1087131437	0.1327688123	-0.0712491192	0.0050829535	0.1151936226	-0.0490489889	-0.0576791882	0.0310687218	-0.1329662205	-0.0558295138	0.0716578056	-0.0117175069	-0.0062570684	-0.0078680331	-0.0302786995	-0.0157298986	0.0257613052	-0.0683499066	-0.0819824035	0.1129361621	-0.0170193528	0.0182796261	-0.1079060233	-0.0522405643	0.2057816331	0.130942878	0.0073683557	-0.0490824908	-0.1042720429	0.0156579517	-0.0933705769	-0.0470350907	0.0693068044	0.0898108728	-0.0720779213	0.2001979171	0.0291107834	-0.0040736994	-0.1897756189	-0.0610881879	0.0518693228	0.0292677047	-0.0903253757	0.0664592304	0.0279323323	-0.0006720662	-0.0195455215	-0.1120023322	0.0197359932	0.0062486445	0.0297726191	0.0210945216	-0.0091054303	-0.0433684543	-0.0091528572	0.1721351684	0.1070125284	-0.0059744751	-0.0500768853	-0.0788115172	0.0570611166	0.0454243587	-0.1153113728	-0.0145994319	0.0749572515	0.0732931235	0.0065464694	0.0611381153	0.027294652	-0.0204140016	-0.0012990005	-0.0648664796	-0.0144329645	-0.1315656019	-0.0309669784	-0.0898520546	0.058470518	0.0294425486	0.0106458299	0.0018032334	-0.0851504815	0.0045587776	0.0674923436	0.0203705131	0.0552039208	0.0063759737	-0.0441510656	0.0669749251	0.1360941848	-0.0704127642	-0.1566072319	0.019956778	0.0775043618	0.1044333677	0.1490302741	-0.1088867572	0.0083859237	0.0193938121	0.115729741	0.0436935618	-0.0606254485	0.0143432177	-0.0430072062	0.0358259162	-0.0861024755	-0.0146935522	-0.0889928698	0.1135947941	0.1043043977	-0.032508936	0.028974086	-0.0717897785	0.0624682538	-0.1377757559	-0.0639554744	-0.0864490682	0.0404151202	0.0488446599	0.0505946245	-0.1068346823	-0.0898314257	-0.0025656874	0.0482561564	-0.1723022242	0.0800105868	0.0742262386	-0.0026897488	-0.0118575259	-0.0767108838	0.0626195074	0.0510096905	-0.0345900464	-0.0895857427	-0.0653191659	0.0167394815	0.0839876321	0.0	0.0446503597383411	0.0226678766764364	0.0005138326330181	0.0019936546247632	-0.0234136170254402	-9.244907318000511e-06	8.546831131841941e-11	0.0005481974622139	-0.1000215368126333	-0.0357425417854102	0.0100043078263609	0.0012775292932817	-0.0001469991127894	-4.999910704446019e-05	2.499910705243388e-09	2.1608739160870745e-08	0.0002130006930625	0.0002130004503424	4.5369191846079584e-08	4.536929524510533e-08	-4.9843691407834025e-06	1.563178088093289e-08	2.443525735094989e-16	2.4843935731593875e-11
801.9226417244893	-1.889608987566703	643079.9233103836	3.5706221258928603	951.4350932039172	0.4229825253515855	905228.7365799466	0.1789142167528047	789.3630585184989	-0.6318971216262526	0.399293972319543	623094.0381536791	794.9261086479382	682.5276957905523	1.373854	42.739136	0.1536919718571423	0.0778943416512117	-0.2627375588	0.0361488897	0.0585462732	-0.083923419	-0.0203316405	0.0677821702	-0.1193228103	0.0906879661	0.0353145927	0.0482264334	0.0528043638	-0.0541981381	0.047220797	-0.1036638008	0.1179193664	0.0798144695	0.0221458502	-0.0730903686	-0.0274711581	-0.0304554476	-0.1301072071	-0.0889291079	-0.0613044485	0.0227743742	-0.0099906134	0.0474760638	0.0768937373	0.0081606126	0.0207623138	-0.1218961099	0.0105261912	0.1072082661	-0.0139370804	-0.0248698638	-0.1342520179	0.0081630014	-0.0302109587	-0.0801477684	0.0924838183	0.0152780068	0.0005175442	0.0457858417	-0.0052854691	0.0460366121	-0.0719188886	0.0084572422	0.0967309598	0.0582449843	0.0169203236	-0.0282069744	0.065743826	0.0848996611	-0.0611865744	-0.0648283506	0.0717815785	0.0048930814	0.0370011098	0.007528523	-0.0768445186	0.0634948748	0.0690077007	-0.0424830557	0.0155050441	-0.0674378074	-0.0549407114	0.0137854141	-0.0854341276	0.0553018884	0.0320942359	-0.0392548947	-0.1007826225	-0.0756539928	-0.0730272746	0.0449589089	-0.011425451	0.0187380622	0.0096030845	-0.0301724475	-0.0584764308	-0.0781756021	-0.0126518781	-0.148552466	0.1524491014	0.0434569685	0.0611437344	0.1482115421	-0.0401056998	0.0586023706	0.0356240582	-0.0325645535	-0.0088617449	0.0158902109	0.0257309385	0.0104083573	-0.0180977149	0.0004683576	-0.0285088099	-0.0223735815	0.0017418111	-0.0456310778	0.0716633971	0.0240805103	0.0871822978	0.0077757717	0.0482557314	0.0398920182	-0.0756548217	0.0623000423	0.1240988136	-0.055743067	0.0633834209	-0.1155526227	0.0040228657	-0.0564616785	-0.0654586014	0.0121621112	-0.1042966519	0.0864854963	-0.035773308	-0.040543907	-0.0109039712	-0.0723743774	0.0812292205	0.0378720689	0.0397062693	-0.0352103182	0.0657171013	-0.0566417355	-0.115838516	-0.0311858191	0.0193514686	-0.0942365474	0.0189170247	0.0054260229	0.0031708301	-0.0435108461	0.1055889926	-0.0425214604	-0.0395810716	-0.0079190647	0.0036603466	-0.0190553291	0.01093327	-0.128979983	0.0271516164	-0.0600968932	-0.129626701	-0.0283382556	0.0856739666	0.0252450181	0.0502413486	0.0379015375	0.070741886	-0.0902453817	0.0274180887	0.0438229679	-0.0044517824	0.0076253695	0.0194947402	0.017920872	-0.0017976253	0.1002393935	0.0151730306	-0.0395445262	0.0006596352	-0.0208553783	-0.0815423971	-0.007532576	-0.0324992687	0.1190085234	0.0181464807	-0.0368113694	0.0785372555	-0.0859320006	-0.0097385072	0.0550452421	0.0088618059	0.005195238	0.0151305579	0.0441639615	0.0465519751	0.1496776688	0.0940190631	-0.0462554306	0.0555790943	0.1673487776	0.0187571488	0.0204094375	-0.1993377203	-0.0456514181	0.0931857986	0.0403384641	-0.3353357632	-0.1249150713	0.1557627679	0.0788616145	-0.2234515358	-0.109749109	0.1199930011	0.0402010256	-0.0015299958	-0.1489698243	-0.0374744525	-0.0336089	-0.2050724889	0.0500071591	-0.0368041899	-0.0902458083	-0.0618630933	0.0226098321	0.0865828087	0.0	0.0176079349572972	-0.0270424247810439	0.0007312927380384	0.0003100393734604	-0.0085032543660901	0.0149103626593501	0.0002223189146333	7.230533481443034e-05	-0.1626138110179908	-0.0625922742053575	0.0264432515337948	0.0039177927901986	-0.0008179666992739	-0.0006709675864845	4.501975021128351e-07	6.690695211210387e-07	0.0003190863590614	0.0001060856659989	1.1254168530430172e-08	1.018161045390607e-07	-0.0002108693208852	-0.0002058849517444	4.238861335480076e-08	4.4465870490585456e-08
799.7060879749117	-2.2165537495775425	639529.8271441372	4.913110524766263	951.871627858143	0.4365346542258521	906059.5959213112	0.1905625043400843	788.042713755843	-1.32034476265585	1.7433102922727328	621011.3187036735	794.6749462041939	664.1382287255285	1.35868	42.267105	0.46377885779668	0.2570817862839754	-0.1201958312	0.1296017996	-0.1334930233	-0.1095106446	0.0862653988	0.0627112903	-0.1469576852	0.1544181788	0.0289877034	0.0199340499	0.1448686497	0.1723402862	0.1072534557	-0.0655333633	-0.0578783457	0.151161928	0.0736595386	0.1002849748	0.1360972428	-0.1515587098	-0.1361170645	0.0450290342	0.1093868076	0.0953694468	0.1698907273	-0.0392439653	0.0103931016	0.0777633212	-0.0152210988	0.0010401575	-0.1087746438	0.0662666072	-0.1446249135	0.0652952026	0.0775323867	-0.0564323726	-0.0966239378	-0.1131554601	0.0525907849	-0.0466367359	-0.0079441579	-0.019848316	-0.1324646174	-0.130599994	0.0204941037	-0.0489506821	0.0051921535	0.0342524834	0.0596154008	0.0604406341	-0.0276371352	0.050575522	0.0785072814	-0.1258044055	0.0704938612	-0.0590273195	0.0202598708	0.084480228	0.1041102513	-0.0584737828	0.0061489479	0.0488195002	0.0574560471	0.0047608656	-0.0423593009	0.0792320137	-0.1365605561	0.0573915024	0.0446128772	-0.0226430646	0.0479143992	0.0093120271	-0.0031939346	0.0374165	-0.056308478	-0.0519633771	0.0030951551	-0.053647188	0.0086053505	-0.0873609413	0.1910436953	-0.0595987037	0.0796414594	0.0066896039	0.0349605593	0.0402934424	0.0450485881	0.0721144926	0.0939714237	0.0619690355	-0.0784588544	-0.0858533157	-0.0233925615	0.178052577	0.1003136003	0.0757665448	0.0821642671	0.0421334993	0.0449044904	-0.1104255997	0.0237222556	0.0179893294	0.0188313432	0.0670210962	-0.0217808019	0.0843304694	-0.0685294939	-0.1911959378	-0.0716507458	-0.1781227557	0.2461405577	0.1480491686	0.0660251763	-0.0314362217	-0.0596871813	-0.0518750624	-0.0834642042	0.005487878	-0.0890895898	-0.0707065218	0.0602050074	-0.0648136102	0.0497614811	-0.0776924135	-0.0184572053	0.1287405412	-9.52067e-05	-0.080870035	-0.1050741535	0.0540783366	0.0635320547	0.0556589529	-0.0342642822	0.087778631	-0.081095521	0.0613195811	-0.009090933	-0.0798740733	0.0261918731	-0.0920444801	-0.0335880116	0.034590298	-0.0919716607	-0.0550076858	-0.0030201973	-0.0319501432	-0.0687413544	-0.0197690781	0.0426143951	-0.0012519975	-0.0132877331	-0.089131036	-0.0618163761	-0.1227589887	0.0373316637	0.0266119217	-0.07578213	-0.0506183854	0.0756167467	0.0415075012	-0.0337027679	-0.0683226711	-0.0946498223	0.0106827741	0.0474225918	-0.0484430501	0.0012623637	-0.0828511486	0.0467662513	-0.0263279434	-0.0055250541	0.0384184966	-0.136157263	-0.0685906524	-0.1064978371	-0.0335035001	0.0792018393	0.0125623646	-0.1337533809	0.0885306266	-0.0288098089	0.0685727006	-0.0939164829	-0.1815193788	0.1633449806	0.396820263	0.0568435714	0.07742657	0.0150876327	0.0409737917	0.2466564943	-0.0590822213	-0.2406765508	-0.0697973879	0.1403025586	-0.1066392343	-0.09756678	-0.0835365556	0.1225990267	0.0180367974	0.0185375365	-0.1396883833	-0.0654680559	0.020966682	0.1423155882	0.0489959873	-0.0389928981	-0.0907655546	-0.0582360367	0.0283825523	0.0886396995	0.0	-0.0010845202632623	-0.0186924552205594	0.0003494078821726	1.1761842014265286e-06	0.0583031344336291	0.0668063887997192	0.0044630935844592	0.0033992554847858	-0.3870662495506707	-0.2244524385326799	0.1498202815412221	0.0503788971632664	-0.0025220556224793	-0.0017040889232054	2.90391905819134e-06	6.360764562879449e-06	0.0014049082340683	0.0010858218750068	1.1790091442434995e-06	1.973767146152909e-06	7.577138577692915e-05	0.0002866407066621	8.216289471576479e-08	5.741302902556221e-09
798.281993756628	-1.4240942182836989	637254.1415560571	2.0280443425490597	941.948994263908	-9.92263359423498	887267.9077947879	98.4586574454406	786.1468696115406	-1.895844144302373	3.594225019485597	618026.9006000247	792.2286447304677	635.7505929476666	1.21508	37.799835	0.2455312449388788	0.1619369244762157	0.0774135678	0.0648410219	-0.046192542	-0.0057595799	0.0031105237	0.0767240883	-0.0113171772	0.1263241205	0.0037562731	-0.0720635604	0.1090479992	0.2209803342	-0.0394024361	0.0245722638	0.0334613245	0.2072363236	0.0242842152	0.0463263105	0.0223916347	0.0550338606	0.0824573013	0.0515393918	-0.0476517008	-0.0725990403	0.0640963284	-0.0817056594	0.0380179023	-0.0072877149	-0.0552142723	0.0881241364	-0.0460513462	-0.0498495846	-0.0292708581	0.0585767123	0.0812567639	0.0771507982	-0.0680314491	-0.00216945	-0.0065538611	0.0428173619	-0.0578575292	-0.0924604869	-0.0047559566	-0.0201246005	0.0421007401	-0.0987267308	0.1649215852	-0.0674673953	0.1099134892	-0.0298338121	-0.0202490199	0.0189391204	0.1384832664	0.0897427171	0.0443322608	-0.1081982371	0.0340655011	-0.1394204701	0.0015406982	-0.0426280304	-0.0890897456	0.0565808049	-0.0593984222	-0.0500020508	0.0242390124	0.0189340233	-0.1184665944	-0.068213311	0.030656574	-0.0146850776	-0.0112938346	-0.0479548259	-0.1113514122	0.0916795521	0.0669482672	-0.0332405361	-0.0354750359	-0.0151528572	0.0385080416	0.0644133512	0.0047460278	0.0274278648	0.0541834033	0.0260988932	-0.0153287043	0.0602452461	-0.0098630445	0.0434342411	-0.0304016279	-0.0302296371	-0.0329364292	-0.0096284	0.1336452939	0.0278394921	0.0270834368	-0.1217144011	-0.1489769221	-1.79807e-05	-0.0427882608	-0.0527911313	0.0520332078	-0.0542052809	-0.0373711186	-0.0148906389	0.0199540297	0.0425552217	0.0043211292	-0.1859077223	-0.1006653738	-0.024261936	0.0001457986	0.0057143967	0.0645427337	-0.1209841356	0.0286033226	-0.0419303748	-0.0066600673	0.0599936731	-0.0798278388	0.0964502891	-0.0711687553	-0.0234074642	0.0800370521	-0.0935614935	0.095601636	-0.0423142782	-0.0207580606	-0.130073303	-0.0034511942	-0.0591472639	-0.0894925264	0.0162207255	-0.0897026236	-0.1183585037	-0.0299457881	0.064025721	0.0044145181	-0.0213625853	0.0092450347	-0.0357861684	0.0082045253	0.0042332103	0.0400856385	0.0270706318	-0.0312045316	-0.0287865958	-0.0610212067	-0.0798707108	-0.1387184774	0.0262038255	-0.0466143764	-0.0540035608	-0.0621724487	-0.0737962681	-0.115057165	0.1507595504	-0.0350725201	0.0801237313	-0.0032819921	-0.0403332057	-0.0838365957	-0.1085306472	0.0357935053	0.0551837701	-0.0008507377	0.1270484173	-0.0062297028	0.0872200783	-0.0645770726	0.0281849632	-0.0142196418	-0.0941350869	0.0120087357	-0.0953017555	0.0950036434	0.0042178776	0.0824885671	-0.0197212199	0.1570986231	0.0307408931	-0.0735991474	-0.0376493262	-0.0962884784	-0.0413984041	0.1134502421	0.2082613543	-0.0628424064	0.0576170295	0.0570576166	0.0672240427	0.0985723051	-0.032938897	0.1863562001	0.1882487111	-0.1108420513	-0.0094413869	0.0469041147	-0.0284252706	-0.172011958	0.0109551759	-0.0453942575	0.0925445757	0.0078847461	-0.0107384227	0.0962638408	0.04797635	-0.0411546584	-0.0911441736	-0.0544480209	0.0340327152	0.0901455167	0.0	-0.0016736260279657	-0.0005891057647033	3.470456020067776e-07	2.8010240814842457e-06	0.0671496814023271	0.008846546968698	7.82613932693799e-05	0.004509079712434	-0.2591503157927519	0.1279159337579188	0.067158886175483	0.0163624861091602	-0.000453587301651	0.0020684683208283	4.278561194270247e-06	2.057414402190353e-07	0.001455974072817	5.106583874869993e-05	2.607719887108223e-09	2.1198605007153224e-06	0.0001198303951511	4.405900937417085e-05	1.941196307033275e-09	1.435932360206877e-08
796.9354003977974	-1.3465933588306598	635106.0324071976	1.813313674046838	939.4685549199188	-2.4804393439892465	882601.1656833205	6.152579339209804	786.1622332542345	0.0153636426938419	0.000236041516824	618051.0569952853	790.8682290698868	652.6689644071204	1.09973	34.211422	0.0848965232438401	0.039602132021931	0.0573638704	0.0544771401	-0.0905444839	-0.1485425436	-0.1515821444	0.0251162556	-0.0153000602	0.0878457877	0.02859015	-0.1379881017	-0.0230692116	0.0739625653	-0.0703350211	0.0744765123	0.079022608	0.1633316184	-0.0424049944	0.0417376777	0.0815872573	-0.0136157716	0.0331550115	0.0142267509	0.1068839554	-0.049932073	-0.1946796845	0.048553375	-0.0408407555	-0.0874566208	0.1089096875	0.0664494245	-0.0557544289	-0.1100856615	-0.108682361	-0.0013475895	0.0304396803	0.0337378858	-0.0496253262	0.042126772	0.0966699386	0.0996148956	-0.0174236775	0.0034208535	-0.0164790246	-0.1002008537	0.0363878886	0.0745101199	0.0730600856	-0.0562696797	-0.0105344244	-0.0282615964	-0.1125016527	0.007192036	-0.0698379794	-0.0203017572	0.0001487266	0.0063464608	0.1187874571	0.0463061021	-0.0624431515	0.0346819223	-0.043323955	-0.2397060238	-0.1294952827	0.0170348889	-0.0263462154	-0.0176570603	-0.107644042	-0.0417982305	0.0486199284	-0.1301608205	-0.0213769131	0.0490312406	-0.0155490901	0.0513276951	-0.0380252202	0.023218629	0.0841852376	0.0813713293	0.0404868408	0.0570773065	0.016483547	-0.012826692	-0.0087357355	-0.1199755933	-0.0382966504	-0.0634158445	0.0255601063	-0.067788927	0.0229632149	0.0355764512	-0.0964195169	0.0554101889	0.021713128	0.0099232319	-0.0512056983	-0.0474475255	0.0629221598	-0.0102741486	-0.0449658721	0.0259234665	0.0437165942	0.0916955702	0.1646077664	-0.0779542866	0.1202478088	0.0701224398	0.0755809522	-0.0762607196	0.0221626322	0.0696661264	-0.0981433945	0.1513121542	-0.0099411686	-0.0975776246	0.0675812083	-0.0669074293	0.0004993653	-0.0267900754	-0.0517209402	-0.0986363339	-0.138534597	-0.0807995005	0.04166509	-0.0296846852	0.0208449765	-0.036079599	-0.0300689655	-0.0875983241	0.0237879805	0.0959380354	-0.0666577504	-0.077241898	-0.0261467292	-0.0350051079	-0.1264884819	-0.1454059957	-0.0613204529	0.0540408609	-0.0373494936	0.0892224042	-0.0435151897	-0.0061351502	-0.016959995	-0.1411344384	-0.0329195835	0.0581766339	0.020185988	-0.0321471433	-0.0075789873	0.0304926872	0.0067945575	0.0542030256	-0.0076683063	-0.0327104596	-0.0073875666	-0.02229561	0.0616718827	0.1176090932	-0.0160196924	0.0788189968	0.004001307	0.0254275337	0.0713614921	0.0390377638	0.0456904476	0.0109810429	0.0344741868	0.1265308311	-0.0785073147	0.0444694134	-0.0358831733	0.0358327033	-0.1018260821	0.0968587003	-0.0520160898	-0.0038972637	0.0184918278	-0.0268416166	0.0379674191	-0.0817041642	0.1135252128	0.0083410865	-0.1398591082	-0.0531771053	0.0985967881	0.1858428662	-0.0848927944	-0.0485483827	-0.046968808	0.0503620277	0.1568561631	-0.038473622	0.0411194412	-0.0142721368	-0.0447296797	0.0068804894	-0.0349192432	0.0117131668	0.067030734	0.0700297623	-0.0058957674	0.0460879615	0.0405896865	-0.0540106735	-0.0308669357	0.0469484232	-0.0432879769	-0.0913810765	-0.0505095157	0.0395359232	0.0910908987	0.0	-0.011378104949884	-0.0097044789219183	9.417691114595656e-05	0.0001294612722505	0.0595154089335494	-0.0076342724687777	5.828211612753718e-05	0.0035420839005276	-0.2372260476577707	0.0219242681349811	0.0562761976873268	0.0004806735332545	-7.86090286323403e-05	0.0003749782730186	1.406087052360565e-07	6.179379382520098e-09	0.001013492370951	-0.000442481701866	1.957900564862317e-07	1.0271667859758791e-06	0.0002150404946297	9.52100994786e-05	9.064963042724906e-09	4.624241433058603e-08
797.2792705610494	0.3438701632520633	635654.235266359	0.1182466891750006	939.7692884735714	0.3007335536525488	883166.3155581226	0.0904406702924904	786.0933440991857	-0.0688891550487369	0.0047457156833289	617942.7456370408	791.6448302042154	653.2525309195479	1.027093	31.951775	0.0592063202608175	0.0291730797430016	0.0147494557	-0.0550704532	0.0219130695	-0.0547250616	-0.0384024354	-0.0369355084	-0.0965581943	0.0425768264	-0.0600729441	-0.0521994477	-0.0022394162	-0.0021326924	0.0080084175	0.119333661	0.0011280659	0.1928706007	-0.0012861015	-0.0181420645	0.1201945656	0.0411514286	-0.0579982017	-0.0053903723	0.0380745628	-0.01476204	-0.1154148861	-0.0391399609	-0.0334840591	-0.0366255693	-0.1263743556	0.0964107013	-0.0346108	-0.0259795063	-0.0434481055	0.0259502307	0.0842737382	-0.0104438012	0.0461682483	-0.0645317054	-0.0398900869	0.00195039	0.0071850708	-0.0523963375	-0.097414064	0.056296074	0.0811894741	-0.0280614329	0.0028522818	-0.0364725749	0.040741705	0.0214057039	0.0001523615	0.0488206234	-0.0229420667	0.0450122954	0.0238064914	0.041211072	-0.1429371323	0.0231265096	-0.0099732896	0.0544034881	-0.1189926849	-0.0161424299	-0.2291898119	0.0171622654	-0.0225538808	-0.0354852296	0.0893989343	0.1160145596	-0.0102777068	-0.0133256772	-0.0169792616	-0.0294365803	-0.0058251154	-0.0149594942	-0.0703853479	-0.0612438479	0.0102626349	-0.081145837	0.0119548873	0.1195085547	-0.0854181752	0.0761917682	0.0567457251	-0.1164506148	-0.0301718897	0.0385792574	-0.0096821462	-0.0481986704	0.0292472077	-0.0834291389	0.0294066928	-0.0112227971	0.0101130302	0.1089435044	0.2487199405	0.1752257719	0.0404164329	-0.0404007624	-0.0430563232	-0.1107910542	-0.0210571594	0.0553133051	-0.0919838019	-0.0043590099	-0.0533835928	-0.0129113122	0.0438434355	-0.0821905115	-0.0483795125	-0.0329369443	-0.0155707437	0.1247417959	-0.0075063823	0.0012143179	-0.0142282397	-0.037529335	-0.0107716465	0.2040824595	0.0003607972	0.0399227518	-0.0394033559	-0.0821915291	0.0092817089	-0.0084529389	-0.0314121972	0.1196775077	0.0416930854	0.0252044787	0.0679155776	0.028774284	-0.1030836534	-0.0601470541	0.0108959745	-0.0101796527	-0.0275804673	-0.0379961939	-0.0786145142	0.0201926359	0.0883632937	-0.0108373851	-0.0751168976	-0.0833265982	0.0593875176	0.0287874827	0.1044034499	0.0974038845	0.0095427143	0.0252480312	0.0003006377	-0.0609435156	0.0408688468	-0.0920513764	-0.0931576266	0.0674752209	0.034125939	-0.0079676042	0.045609294	-0.1074542189	-0.1416087326	0.0639384551	-0.1113577901	0.0645248952	0.0695145224	0.1848006657	0.0330840222	-0.042462303	-0.0429077583	-0.1978724097	-0.0060854608	0.0124949161	-0.0366155964	-0.0182666219	0.032159994	0.0660918122	0.0407525185	-0.0443728891	0.0411343031	-0.0187125275	-0.0269416304	-0.031840901	0.0321054057	-0.0086676503	-0.0818229744	-0.0575572102	0.0761803652	0.1151268831	0.0707972359	-0.0789047209	-0.0227280672	0.0616529268	0.1010675401	-0.043482909	0.1472483203	0.1218659376	-0.0436648287	0.0009229888	0.0300476846	-0.1132512485	-0.0988579495	0.0428002194	0.0822529155	0.1059659468	0.0075242855	0.0128586571	-0.0085301895	0.0459123846	-0.0453913792	-0.091475895	-0.0464314067	0.0448684131	0.0914699679	0.0	-0.0165885513327594	-0.0052104463828754	2.714875150881934e-05	0.0002751800353195	0.067047883208275	0.0075324742747255	5.673816869940286e-05	0.0044954186427104	-0.2231580773889021	0.0140679702688686	0.0497995275039112	0.0001979077874857	-0.000255044438699	-0.0001764354100666	3.112945392539035e-08	6.504766571128798e-08	0.0006129813061557	-0.0004005110647952	1.6040911302346488e-07	3.757460816963481e-07	0.0001440783828047	-7.096211182499999e-05	5.035621314663802e-09	2.0758580391617675e-08
797.0570920899829	-0.2221784710665133	635300.0080509395	0.0493632730054535	944.9114764384086	5.142187964837262	892857.6983050132	26.442097065717185	786.0275160019368	-0.0658280972489819	0.0043333383874214	617839.2559121749	792.4366812100288	645.698718601977	1.121935	34.902195	0.1648166977812857	0.0808375889333589	0.0238956724	0.0408839851	-0.1430771062	0.0088352869	0.0735902002	0.0070737168	-0.0207190967	0.0673348676	-0.0413458799	-0.1401899205	0.0608186089	0.0974457351	-0.030295273	0.1614105763	-0.0035513343	0.0246066866	0.0796093288	-0.0904638472	0.0686134719	-0.0121812656	-0.0516554176	-0.1070518355	-0.0096309494	0.0830883633	-0.0564541898	-0.0231608721	-0.02335374	0.0370879658	-0.0138382686	0.0203323536	-0.0996954819	-0.0648311623	-0.0577740644	0.0268834501	0.1254141293	-0.0567612513	-0.0519908994	-0.0608673906	-0.031524738	0.0448144346	0.0870340476	-0.0651566898	-0.0237661695	0.0531283338	0.1230901111	0.0238807925	-0.0253382089	0.050078294	0.1310608658	-0.1217229894	-0.1162848999	-0.0428419895	0.0074972372	-0.1192369035	-0.0512778196	-0.0054316558	-0.0220763414	0.0281955771	-0.0696803423	-0.0706642741	-0.0192399304	-0.1597548105	-0.0493077823	-0.0974449672	0.0492923307	-0.0058361711	0.0597938101	-0.0427458204	0.1150768992	0.0170583785	-0.0189899905	0.0112802774	-0.032551398	-0.0249533429	0.0832710097	-0.0311370532	-0.0675191715	0.1053452687	0.0771918587	-0.036276463	-0.0883416748	-0.07002104	-0.1115078795	0.0970127955	0.0180999599	0.0181433468	0.00457671	-0.0240633306	0.0628840391	-0.0141723027	0.1053056605	-0.0665133294	-0.0953300551	0.0473384073	-0.0492973235	-0.0042254104	0.0266951098	-0.0742287157	-0.0659625711	0.010711924	-0.1136322098	-0.0461012048	-0.0479221396	0.1175463074	-0.0660232044	0.0515559522	0.0149294061	-0.1658636496	-0.0444299486	0.0388616572	-0.074197963	0.1090417626	0.0291020693	-0.0215162972	-0.0238354393	-0.0639634447	0.0473836911	0.0472111084	-0.0871922742	-0.0331192759	-0.113029734	-0.0242654845	-0.0263039795	0.1040342686	-0.050246978	-0.0122909593	0.0387591169	-0.0037737309	0.0552118782	0.1434593841	-0.0996961926	0.058830207	0.0270724988	-0.0873398369	-0.0230613048	-0.0976823737	0.0659863598	-0.035097535	0.0304459659	0.0201616891	-0.0005319491	0.0146142732	-0.1246158742	-0.0089015675	0.0105275857	0.0549888311	0.0024752922	-0.0697763444	-0.012679106	0.0930226798	0.1129044575	0.1271095733	0.0494079756	0.0192140164	0.024400774	-0.0368572443	0.022549688	-0.0374801602	0.0173688083	-0.1253650996	0.0268733353	-0.0165276966	-0.0566991034	-0.0622788942	0.0206401872	0.0425713268	-0.1695688772	-0.0595924474	0.0090977328	-0.0814517133	0.0721841279	-0.0151274826	0.0536362405	0.0458867226	-0.089798081	-0.00563554	-0.0987339654	-0.0340219918	0.0264709763	0.0558290333	-0.0225663719	0.0996117254	-0.0978527664	-0.0633408248	0.0071779308	0.0771481718	0.0579195377	0.0311452231	0.1028424759	0.0964828272	0.1332085394	-0.0580487939	0.0542074725	-0.0553541016	-0.0022220395	0.0643418183	-0.0194994692	-0.0428261677	-0.0882458035	0.0302153822	0.0060688175	0.0426543571	-0.0007816443	-0.0931767007	-0.0027926214	0.0448684131	-0.0474634117	-0.0914284817	-0.0422249655	0.0500071591	0.0912803678	0.0	-0.024643103886035	-0.0080545525532755	6.487581683347847e-05	0.0006072825691379	0.0413060836568917	-0.0257417995513832	0.0006626402441435	0.0017061925470701	-0.1637866500252442	0.0593714273636578	0.0268260667264918	0.0035249663871981	-0.00107699971744	-0.000821955278741	6.756104802501949e-07	1.1599283913658395e-06	0.0010760052222527	0.000463023916097	2.143911468778017e-07	1.1577872383150823e-06	-3.920788616679585e-06	-0.0001479991714213	2.19037547414149e-08	1.5372583376684208e-11
796.0221556312454	-1.0349364587375476	633651.2722558146	1.0710934736242157	942.905682696412	-2.0057937419966265	889071.1264611868	4.02320853543283	787.328342879334	1.300826877397185	1.6921505649589108	619885.919501118	793.4564240092204	627.5769674982721	1.053613	32.776783	0.0630866223691401	0.0416171613207705	0.1501486934	0.0085851006	-0.0672730956	-0.0317709822	-0.0875437638	-0.0176807575	0.0290157327	0.0476004249	-0.0214409593	-0.1651057824	0.0262720914	0.0452920384	-0.0935696916	0.0956687357	0.0202644094	0.0881156773	-0.0028390384	0.0086398812	0.09748602	-0.0375256761	-0.0130440462	-0.041521426	-0.0296680542	0.1302147182	-0.0361998043	-0.044234151	-0.1080799226	-0.1353859218	0.0515155013	0.0001988123	-0.0377805231	-0.1216444897	-0.1081758771	0.0931414349	0.0534832725	0.0657546092	-0.0682137016	-0.091106288	-0.0878493514	-0.0023416363	0.0025342101	0.0428933273	0.011427952	-0.0887078738	-0.0263158685	-0.0685028254	-0.0506806081	0.0256426123	-0.0371983019	0.0758822185	-0.1049787583	-0.0401166788	-0.0404513573	-0.0324952632	-0.0345249614	0.0187263516	0.0242315376	-0.0683550628	-0.0707483016	-0.0030978945	0.0378234801	0.0599819086	-0.0490894895	0.0852226565	0.0333080675	0.0925331577	0.0297074195	-0.0587002862	0.0689118001	0.016063627	-0.10150317	0.1392522247	0.1192401769	0.0039859154	-0.0381583251	0.0111278464	0.0587089251	0.1148638924	0.0002087576	-0.0697052574	0.0890923928	0.0632351784	0.0217754253	-0.1148353691	0.0227731456	-0.0021971145	-0.0202247926	0.061604682	-0.0011277955	-0.14381873	0.0576364707	-0.0867250925	0.0970682402	-0.016804662	-0.0622351774	-0.02936063	-0.1375586962	0.0746129796	0.0076609202	0.0066217873	0.0314880433	0.0034020979	0.0080976029	-0.06594481	0.0144276645	0.0380018577	0.0735468785	-0.1884140849	0.0066402865	0.0712403772	-0.0071823835	0.106672826	0.0907367426	-0.0926045164	-0.0656427459	-0.0596530235	-0.0004440097	0.0521680463	0.056909531	-0.0792735632	0.1159803766	0.0690078531	-0.0103625096	-0.0115780535	0.0304501422	0.0156545248	-0.0376649067	0.0030963794	0.0027051824	-0.0086082437	-0.0461900627	0.0279342316	-0.0102028867	-0.0650698699	0.0286469285	-0.0191935088	0.0074588528	0.049208806	-0.0308961901	0.0834579227	0.0220865201	-0.0702302085	-0.0105564218	-0.0011001093	-0.029232406	-0.0916085631	0.1078598895	-0.0341530444	0.0890564233	-0.0544372508	-0.0613534273	0.1184045553	0.0805571591	-0.0891688168	0.0405226379	-0.101782931	0.0444834301	0.0023658877	0.1247796296	0.1577339162	-0.1429938536	-0.035772594	0.0505624301	-0.079954991	0.0125551532	0.0612626452	0.116707986	0.0072019482	0.0978302638	0.033649067	-0.0497186543	-0.0121733028	0.0362821036	0.075321688	0.1103533481	0.0334854011	-0.0365379189	-0.0540185047	0.0399678316	-0.0137046514	-0.0932484407	-0.024956589	-0.1160713622	-0.0315964546	0.0027652343	0.020046653	-0.0712028166	-0.0237770464	0.0399595178	0.0959755023	0.1106696668	-0.1025039234	0.1305698969	0.0543446983	-0.011803635	-0.0207830665	0.042290463	0.0007606807	-0.0198819472	0.005969023	0.0184965675	0.0457667565	0.024350217	0.0093602681	-0.0426971696	0.0438166893	-0.0495026423	-0.0912389102	-0.0379018183	0.0549299716	0.090523277	0.0	-0.0301651983628659	-0.0055220944768309	3.049352741104636e-05	0.000909939192271	0.0475682146154383	0.0062621309585466	3.921428414198777e-05	0.0022627350417003	-0.1638451438385004	-5.849381325620517e-05	0.0268452311594588	3.421526189251804e-09	-0.0003019967316677	0.0007750029857722	6.006296279559796e-07	9.120202593797281e-08	0.0013250012482683	0.0002489960260155	6.19990209715613e-08	1.755628307912553e-06	-4.79983923890891e-06	-8.790506222293253e-07	7.727299964417639e-13	2.3038456719369665e-11
796.967859612523	0.9457039812775748	635157.7692553661	0.8943560202042554	939.1103269059136	-3.7953557904984336	881928.2061013319	14.40472557646999	788.2875602434868	0.9592173641528916	0.920097951692421	621397.2776346289	793.2124162385804	644.8478399155213	1.050404	32.676945	0.0939156398661706	0.06490370799184	0.0748603856	-0.0430038969	0.01461449	-0.0405781084	-0.047184754	-0.1010327197	-0.0187740643	-0.119589702	-0.0274086936	-0.0297274244	-0.0680074234	-0.0726988435	-0.101228315	0.0245961326	-0.053333462	0.1368542013	-0.1076399447	-0.1349386906	0.1704242642	-0.0227987411	0.067152821	-0.0193543584	-0.0515460712	-0.0114615553	0.0471981788	-0.0209496382	-0.0503938708	-0.0018310621	-0.0774179781	-0.0823821701	-0.0088051538	-0.0768878415	-0.0712319848	-0.0212544519	0.0090574331	0.1023842602	0.1100082421	-0.152719538	0.0539088101	-0.1276277475	0.064285849	-0.0279787892	-0.0084953206	-0.0708008003	-0.096398271	-0.1127013146	0.0025842683	-0.0161561789	-0.0343067002	0.1580494102	-0.0318959893	0.0147295261	-0.0124413876	-0.0621447304	-0.026798265	-0.0855885225	-0.07501763	0.0591106008	-0.0449698631	-0.0102962985	-0.0788684909	0.0550231423	0.0987634393	0.0176308897	-0.0893667677	-0.03036556	0.0364655202	-0.0346578077	-0.0237515739	0.0055762381	0.0617548615	-0.0365649418	0.1029638285	-0.0792341247	-0.0325908708	-0.1165506676	0.0225651894	0.0373207199	-0.0203310816	0.0021270423	-0.0309393074	-0.0793975492	-0.0997150025	-0.0136192188	0.0029042793	0.0153814382	-0.0513139136	-0.0156338619	-0.0331834947	-0.0564574714	0.015235305	0.0067354488	0.0128559403	-0.1148153317	0.0789906608	0.0444354727	-0.036117856	-0.0145917	0.0353777971	-0.0227379893	0.0621871688	0.0105076303	-0.0440127375	0.0361458875	0.0288557809	-0.0077222365	0.0608523898	0.0051107231	0.0421782721	0.0525011013	-0.071054461	0.1134331822	0.1564605871	0.0912575355	-0.1052407033	-0.0422598679	-0.122444854	0.033950694	0.0092478204	0.0383783563	0.1178608719	-0.055587506	0.0563004733	-0.0568911578	0.0111570497	0.0410632082	-0.0296228667	0.1136676026	-0.0290706787	-0.0858676625	0.0143949246	0.0361545042	-0.034518086	0.063290871	0.0101841679	0.0667611315	-0.0459220955	-0.0796277579	0.0540094298	0.1196872484	0.1019861953	-0.0348463157	-0.0096012227	-0.0068763378	-0.0054709643	0.0212740523	0.0169580481	0.0130038181	0.0334992497	0.1018380961	0.0749497363	-0.0052444614	0.0412795709	-0.0048032784	0.0163080487	-0.1234016443	-0.0310722188	0.0017824182	0.0444658967	0.0337686219	0.0931128368	0.0223020702	-0.0120330847	0.0565332112	-0.1237682449	0.0137237092	0.0166997107	0.0063608035	0.0363238948	-0.0207362717	0.0388957006	-0.0475448458	0.0508152705	0.0183870863	0.1117603411	0.0396465394	0.0103496287	0.0978565214	-0.0102557876	-0.0675868832	-0.0187774333	-0.022826772	-0.0711090847	-0.0214485099	-0.0382400771	-0.0350097408	0.0615290748	-0.0623134947	-0.0275600323	0.0696408925	0.1346738135	-0.091095572	0.0943542912	-0.0739193896	-0.017029182	0.07488718	0.0265391158	-0.0791572659	0.0042622393	-0.061918937	0.0191760702	-0.0035002451	-0.0476107141	0.065082188	-0.0837481993	0.0427573947	-0.0515076619	-0.0909074754	-0.033473914	0.0596155937	0.0892034024	0.0	-0.0238852018829192	0.0062799964799467	3.943835578814294e-05	0.0005705028689878	0.0475940556667353	2.584105129700004e-05	6.677599321341874e-10	0.0022651941348082	-0.103940624155868	0.0599045196826324	0.0108036533499114	0.0035885514784068	-0.0003019326172024	6.411446530000912e-08	4.110664660706074e-15	9.116330533069102e-08	0.0009140218775434	-0.0004109793707248	1.689040431614347e-07	8.354359926279622e-07	-0.0001478620070946	-0.0001430621678556	2.046678387156993e-08	2.1863173142043542e-08
798.3052653408489	1.3374057283259615	637291.2966709231	1.7886540821590962	952.3660983155104	13.255771409596832	907001.1852207084	175.7154756634848	787.0400435316014	-1.247516711885396	1.5562979464333502	619432.030122225	793.6171382379607	642.0324501608217	1.153271	35.877033	0.0808842367878137	0.0473969005754549	0.0551738569	-0.0205107686	0.0511496492	0.1527585577	0.1546737946	-0.0125683235	0.0050452045	-0.0659643419	-0.0772072679	0.0491693184	0.0076018154	0.0043136484	-0.0607667819	-0.0626524682	-0.1700212555	0.0076547518	0.0170163367	-0.0502147981	0.0600551515	-0.0231214858	-0.1031990167	-0.0181207115	-0.0443908437	0.0026529288	-0.0575927276	0.0567442736	-0.0612420385	0.0338291045	-0.1557865681	-0.0113214177	0.0691662458	-0.0434131288	0.0231084845	-0.0174011197	0.0214914357	0.074138206	-0.0006855562	-0.078538104	0.0147610562	-0.0917087686	0.0010852009	0.0026866471	-0.0483169987	-0.0478498352	-0.0503114273	0.1393691716	-0.1260448864	-0.0627231998	0.0539400344	0.0645738509	-0.0831422102	0.0453538901	-0.0434101764	0.0113003629	0.0452754113	0.1506124236	-0.0100969175	0.0271633131	0.0476377015	-0.0233187163	-0.0692212317	-0.025166405	0.106422189	-0.0390700564	-0.036806802	-0.0430008468	0.011679949	0.1188267991	0.1383643986	0.0456125317	-0.112127081	-0.0288301199	0.0142060838	-0.0241403184	-0.0864744003	0.0011929172	-0.0437427781	-0.0434871148	-0.075242182	0.0212535633	0.051809566	0.0013453448	-0.0120358165	0.0480193494	-0.1154537047	0.0581344484	0.1502046429	-0.0060376901	-0.0549474011	0.0066706695	-0.0409654265	0.0064003416	-0.0188753568	-0.1360737442	0.0264731823	-0.0429159073	-0.0514712073	-0.0176103341	-0.0566528496	0.0572137789	-0.0936834302	-0.0498857336	0.0566755355	0.0291958155	-0.1156975954	-0.0630245656	0.0385305286	-0.0094807602	-0.0656743683	-0.02763849	0.0499769596	-0.0479817825	0.1873101739	0.1097036924	0.0284692589	0.0080319924	-0.0174017099	-0.0036704451	0.0882433655	-0.0643668645	0.0614979216	0.0014814073	0.0440452091	0.0475866808	-0.1265417609	0.0611044672	-0.0538546269	0.0543168417	-0.0103209607	-0.014955163	-0.0521147108	-0.0564763287	-0.0641151763	0.1013260223	0.0274653178	-0.0004519397	-0.1057458078	-0.0072614291	0.0218022217	-0.1800258201	0.0926610017	-0.0165401017	-0.028899168	-0.0559960701	0.1381394583	0.0934759489	-0.0790032553	0.0398827713	0.0114954597	0.0481664393	-0.0931104163	0.0951428868	1.49228e-05	-0.008073565	0.09418555	-0.0237753154	-0.0389775373	-0.0686977419	-0.0108920646	0.1138977864	0.0713042027	-0.0029429753	0.0545794345	0.0261000084	-0.0352133533	0.0429817671	-0.0873414192	0.1410090441	-0.0824274124	-0.0536445176	-0.0334735615	-0.0573848605	0.0727753947	-0.0669576534	0.0125527923	-0.0635062321	0.0195778994	0.0405884029	0.0132865272	-0.0454782646	0.1338159364	-0.0792346855	-0.0159520296	-0.0127238191	-0.0271711428	-0.0266362164	0.0649015649	0.0141513764	0.1150769073	-0.0025135872	0.0482538888	0.0060375111	0.0357186208	-0.042326245	0.011706706	0.0130452813	0.0647469514	-0.0136813879	-0.0001539287	0.1222165919	-0.120913045	0.0890473943	0.0316771796	0.0575896341	0.0575697508	0.0416907124	-0.0534770846	-0.0904346925	-0.0289534907	0.0640437928	0.0873289498	0.0	-0.0206729026978109	0.0032122991851083	1.031886605464746e-05	0.0004273689059531	0.0064955341138102	-0.0410985215529251	0.0016890884738362	4.219196342367206e-05	-0.1201336364854483	-0.0161930123295803	0.0144320906152178	0.0002622136483059	-0.0003013178380193	6.147791831000041e-07	3.7795344397310843e-13	9.079243950862513e-08	0.0011530504179564	0.000239028540413	5.7134643131969186e-08	1.3295252663494287e-06	-0.0003158267619025	-0.0001679647548079	2.8212158857677963e-08	9.974654353381841e-08
798.8147976605208	0.5095323196718482	638105.0809614187	0.2596231847901745	953.6886101021672	1.3225117866568326	909521.9650386036	1.749037425846247	787.5018509741109	0.4618074425094391	0.2132661139571089	620159.1652876508	793.9478469266359	648.8143887083946	1.065564	33.14856	0.0753629188736447	0.0411801469001604	-0.0045906817	-0.046462833	-0.0077224345	0.0441073136	-0.0322175802	0.0536719555	0.0866798791	0.0206275056	-0.1028969539	0.0360496157	0.0176443016	0.0285148509	-0.0223114698	-0.0124009233	-0.005841463	-0.0948529851	0.0445104208	0.0504102926	0.0230060729	-0.0600042049	-0.0725962173	0.002007421	-0.0323993416	0.044631815	0.0606834378	0.0167620202	0.0073154344	-0.1723040635	-0.1001484672	0.0208201864	-0.0028449559	0.0286021652	0.0027091697	0.0775079974	-0.0163668517	0.0462027213	-0.0322529631	0.0132691431	0.0628660041	-0.0354723465	-0.0532538832	0.0010772533	-0.0002002867	0.0291240321	0.0644506724	0.0398626037	0.0702962061	0.0542618671	0.0720776683	-0.0244849216	0.1246629256	-0.103383238	0.0624084224	-0.0405114762	-0.0392677354	0.1248369571	-0.1028753205	-0.0083770602	-0.0424774207	0.0397426739	-0.0058403133	0.0265884862	-0.0651657531	-0.0479947021	-0.078777112	0.0693262684	0.0194762558	-0.0461056254	-0.0513263988	-0.0730176896	-0.0785173295	0.0827700905	0.1287558152	-0.0905853896	0.0008329102	0.1126241132	-0.0623629062	0.0544154643	-0.0074724112	-0.013544547	0.1161802421	-0.0217369813	-0.0251293436	-0.0236353874	0.1170504854	0.0166860961	-0.0221725087	-0.0779933144	-0.0982297062	0.0505546854	0.1216707162	-0.0386807435	-0.0321168199	0.0937695968	-0.1354895321	0.0203220525	-0.0396977206	0.0283291041	0.0245442606	-0.0291106464	0.0040590975	-0.0388712122	-0.0767251963	0.0320428695	-0.0727776924	-0.0646233422	-0.017492836	-0.0272406534	-0.0032759798	0.0154205681	0.0486855608	0.0041628575	-0.0132964953	-0.0351325074	0.0959987902	0.0223793805	0.0439323666	-0.0089807862	-0.0483101564	0.0986093763	0.0026036242	-0.0274583101	0.0184880591	-0.0328089799	0.0172616535	0.0103811316	0.0493098355	0.0589797	0.0104214921	0.1046602007	-0.1155510508	-0.1438197361	-0.0400311992	0.0207987816	0.0726409587	0.0409244836	0.0560147891	-0.0896209387	0.0416464987	0.0033388807	-0.0759800109	-0.0989232044	0.0481824765	-0.0164765635	-0.0398938591	-0.0573895452	0.0204717278	0.1254186999	0.1635983961	-0.0066120989	0.0051081357	0.0761604633	0.0287227003	-0.0011745325	0.0292714738	-0.0044526093	-0.0734346428	0.0185485622	-0.004371445	0.0716692573	-0.0811587145	-0.0075615094	0.0350658178	-0.0946250327	-0.0843875442	0.0366299891	0.0499036404	-0.0129746485	-0.0041685118	-0.0653396046	0.1384272952	0.0478817807	-0.0987020026	0.1152818028	-0.0029457409	-0.0376022289	0.0115857866	0.0438608579	-0.0465487575	0.1485963603	-0.0981454357	-0.0122462414	0.0518934145	-0.0420459878	0.0078900003	0.0199339259	-0.0874422775	-0.0303511344	0.0534830222	-0.0319906694	0.0568165824	0.0106334428	0.0556005224	-0.0131713402	0.0778168001	0.0033193617	0.1022547999	-0.0422334436	-0.0374223665	-0.0337430687	0.0033224397	-0.0175196599	0.0186315197	-0.0746617693	0.0121072326	0.0406168267	-0.0554095495	-0.0898212967	-0.0243530426	0.0681954477	0.0849115724	0.0	-0.0195233257024085	0.0011495769954023	1.3215272683584067e-06	0.0003811602464823	-0.0027188937335154	-0.0092144278473256	8.490568055356947e-05	7.3923831341493105e-06	-0.1497716181171	-0.0296379816316516	0.0224315375934144	0.0008784099551981	-0.0008687556541408	-0.0005674378161215	3.2198567516473734e-07	7.547363866016094e-07	0.001200679328674	4.762891071759994e-05	2.2685131361451063e-09	1.4416308503050473e-06	-0.0004079786830487	-9.21519211462e-05	8.491976570935466e-09	1.664466058221516e-07
798.4403875098473	-0.3744101506734978	637507.0524068751	0.1401829609273513	949.4967574062726	-4.191852695894568	901544.0923250262	17.571629024078554	787.6319288096834	0.1300778355724787	0.0169202433072208	620364.0552804621	794.1313767221294	642.424276304377	1.028044	31.981365	0.0757167246606082	0.0333309700269023	-0.0974299676	-0.0701954607	0.001447228	-0.0138289265	-0.0354425378	-0.068926584	-0.0249841404	0.0658098411	-0.0428249814	0.0740015231	0.0617161603	-0.0875149506	0.0477605815	0.0520368968	0.0631466578	-0.0060223683	-0.0176894937	0.0018629588	-0.0218979813	0.0698074939	0.0627139353	0.0064054637	0.0025203783	0.0451245426	0.0240690749	-0.0961586136	-0.0333812808	0.0052368492	0.042828485	-0.0964149312	-0.0693241905	0.1313009123	0.0048658441	-0.0080883237	0.0041711836	-0.1204217448	0.0156404358	0.0768258883	0.0518920826	0.0426920173	-0.0325870852	-0.0722801831	0.0089783023	-0.013318798	-0.1180753135	-0.0663411452	0.014765957	-0.0348360532	-0.0045565163	0.0534249049	-0.0056908807	-0.0577218498	-0.0196061492	-0.0910485852	-0.1135205312	0.0598694366	-0.0105639447	0.0418797638	0.0727623383	0.0270980505	0.1028874856	-0.0576013329	0.0123922845	0.018324101	0.1067027304	0.0480745251	0.114267145	-0.0431953183	0.0392247176	0.1340950989	-0.0825475287	-0.0649016101	-0.0198338537	0.0970477501	0.0489142677	-0.0362544589	-0.033180484	-0.0926288911	0.0857637483	0.1099872411	0.0691847463	0.0209229406	-0.0048001417	0.0498407102	-0.0205611726	0.0274200498	0.0393131715	-0.0250118878	-0.0550102788	-0.072773813	0.1088720761	0.0978309609	0.0221932723	0.1151207651	0.0757832963	-0.0119836872	-0.0356080635	-0.1538483938	0.02980604	0.0237624581	0.0255990831	0.0002358821	-0.0233852437	-0.0757202249	0.1154010623	-0.041042878	-0.1359965813	0.0166488133	0.0229427724	-0.0359032141	-0.0108702538	0.0566082412	-0.149933603	0.0301816975	0.0178267783	-0.0301988818	0.0028287592	-0.0503308222	0.0336559741	0.0130938745	-0.0995010901	-0.0724508237	0.0394918118	-0.1256554072	0.0477222551	-0.0964870896	-0.0355198774	0.0428112021	-0.0908672702	-0.0122237705	-0.0143707736	0.0252976324	0.0655281437	0.0442186429	0.0435021396	-0.0977707346	0.0205731129	-0.028160716	0.0470701742	-0.0267026048	0.1200080324	0.0607075611	-0.0456103176	-0.0001373764	0.1321311923	-0.0965997575	-0.0265011685	-0.0350215114	-0.0395392032	0.0030942648	-0.0964439993	0.1131591632	-0.1252501397	0.0457644436	0.0794084554	-0.0430607154	-0.0481375365	0.0968741727	0.037285989	-0.0096185477	-0.0770683662	-0.0738975852	-0.020996762	0.0791362716	-0.0159311508	0.0298070328	0.0724259702	-0.0341129603	-0.0254402712	0.0127233701	0.0605456789	-0.0265078818	0.1723051528	0.0403595499	-0.0764836894	0.1111862823	0.0429133247	-0.1041843335	-0.0756438994	0.0962497226	-0.0555259003	0.0732747759	0.0602102322	-0.0756543681	0.0015452508	-0.0245324541	0.0324213502	-0.0499892738	-0.0718066778	0.0128951494	0.0493950844	-0.0594171624	0.0823871211	0.0479568907	-0.0036140577	0.0272445958	0.014687304	0.0242621023	-0.0332582314	-0.0709226223	-0.0363282239	0.0425862152	-0.0132519037	0.050667398	0.0585573613	0.0395359232	-0.057303721	-0.0890682417	-0.0196852849	0.0720526312	0.0819662993	0.0	-0.0244982396702369	-0.0049749139678283	2.4749768987294096e-05	0.0006001637469403	0.0052298500235679	0.0079487437570833	6.318252731577074e-05	2.735133126901316e-05	-0.1379107416680085	0.0118608764490914	0.0190193726674201	0.0001406803901406	-0.0004659657188764	0.0004027899352644	1.6223973195029958e-07	2.1712405116800026e-07	0.0009170178027222	-0.0002836615259517	8.046386130530369e-08	8.409216505094517e-07	-7.578633453279849e-05	0.0003321923485159	1.1035175641251016e-07	5.743568501917244e-09
799.1396808082593	0.6992932984120444	638624.2294423266	0.4890111172039965	950.6062014750296	1.1094440687569431	903652.1502827846	1.230866141699961	787.4032637464452	-0.2286650632381679	0.0522877111457153	620003.899758554	793.6387520534358	648.7391534736612	1.128827	35.116619	0.071180921074501	0.0357771632874074	0.0174217214	0.0799678521	-0.1296354963	-0.0434707025	0.0836503251	-0.0446823735	-0.0397123362	0.0131224792	0.1225608764	-0.0158131541	0.0550017622	0.0491810375	0.0661422108	0.1144738001	-0.0596577368	-0.0354318891	0.0886493862	-0.0494623366	-0.0832607678	0.0189577702	0.0365575929	-0.0464742326	0.0453408818	0.0495675321	0.0274420808	0.0184974255	-0.0501529852	-0.0651997267	0.0455296622	0.0404888362	-0.0009496206	-0.0034081145	-0.0646028554	-0.0558303606	0.0425012309	0.0176748471	-0.1323389536	0.0586789243	-0.1355577997	-0.0206834565	-0.0599067495	-0.0435052429	-0.0869454265	0.1552239101	-0.0827983857	-0.0215861945	-0.1121932725	-0.024359353	-0.0688721065	-0.0084990391	0.0106284894	0.0566128473	0.0430717671	0.0386038094	-0.0071095466	-0.1219800946	-0.0642053592	0.0321443065	-0.0457289914	-0.0545781242	0.0403206458	0.0533522253	0.022952961	0.0553638964	-0.0028674926	-0.0852501012	0.0051622316	0.0633868636	-0.0471816384	0.0763759488	0.0125332683	0.0037201519	-0.0311324582	0.0789356888	0.0496851503	0.1140983148	0.018174733	0.0856854546	-0.0411991803	0.1403373448	-0.0960246458	0.1105761341	-0.0112386607	0.1656954229	0.0192867726	-0.0742070204	-0.0187532213	-0.0956002746	0.1041759995	-0.0629841505	0.0194055346	-0.0177628759	0.0619299681	-0.0828861901	0.0138296645	-0.0400376697	0.0238960605	-0.0170878665	-0.0050736597	0.0945346683	-0.050076085	-0.0180823666	0.1204257332	-0.1339312522	0.0357725383	0.1211788158	-0.0022343751	-0.0175498568	-0.0463929717	-0.0915706073	-0.030388933	-0.0622662021	0.0168197345	-0.0358189031	-0.0009583877	-0.0638704003	0.146659558	-0.0088891455	0.1237547443	-0.0769957027	0.0780259521	-0.0243243313	0.0009106978	-0.0130978108	-0.0079865921	-0.0260243702	0.0167622759	0.113785627	0.100611072	-0.0459548236	0.0869816292	0.1643909917	0.059431074	0.067013507	-0.019153033	0.0001090212	0.0770155224	0.059241024	0.1287549208	0.0102708826	-0.0714734565	0.0179947067	0.0457963764	0.0465433625	-0.0143734403	0.0385326589	0.0353820268	-0.0106964361	-0.0520377259	0.0221493441	0.1021686604	0.0454557465	0.0006146484	0.081289298	-0.0457207715	0.0244688891	-0.021294768	-0.079383926	-0.0300225811	-0.0250813669	0.0272003665	-0.1549946214	0.0670423619	0.0054553617	0.1211061609	-0.0134950773	0.0207805863	-0.0452148256	-0.1001081541	0.0863650001	0.0845061218	0.0561735917	0.0062081576	-0.0216878785	0.0539790003	-0.0287055575	-0.0732669305	-0.1201697089	0.1254545998	-0.1022697562	0.0331580773	0.0852191937	-0.0894996664	-0.0424483509	-0.0428922245	-0.0212959395	0.0846265443	0.0735022645	0.0401872465	0.0345910062	0.008750919	-0.0078682247	0.0070851081	0.0109699302	0.0036238059	0.0412571348	-0.0291558136	0.0580216446	0.0146440862	0.054849924	-0.0715245183	0.0529807454	-0.0668023495	0.0101050632	0.0071795085	0.0384481886	-0.0591582902	-0.0881766985	-0.0149631188	0.0755986879	0.0785114412	0.0	-0.0290174038942012	-0.0045191642239643	2.0422845283158866e-05	0.0008420097287592	-0.0128288128234146	-0.0180586628469825	0.0003261153038209	0.0001645784384582	-0.1376208843400093	0.0002898573279992	0.0189395078065262	8.401727059484485e-08	-0.0001957898524155	0.0002701758664609	7.299499881789806e-08	3.8333666308883273e-08	0.0013860290897762	0.0004690112870539	2.199715873840495e-07	1.921076637705841e-06	-0.000302863914529	-0.0002270775799962	5.15642273369313e-08	9.172655072382943e-08
798.4600058086573	-0.6796749996019571	637538.3808759612	0.4619581050839204	946.1924886135076	-4.413712861521958	895280.2255086228	19.48086122396435	787.9002785995249	0.4970148530796905	0.2470237641818263	620786.8490172089	793.7468937636045	635.4545604357098	1.050558	32.681755	0.0479111118555437	0.0237521652880113	0.1121776074	0.0489296915	0.0068532112	0.012187294	-0.0279704223	0.0389640163	0.0269616919	0.0179269339	0.0251842583	-0.0655059833	-0.050075176	0.0136895658	-0.0593242304	0.0060094593	0.00360435	-0.0181284431	0.005480826	0.0311869514	-0.0580102689	0.1152206007	-0.0299087706	-0.0165082033	-0.023217135	0.0781816188	0.0683141762	0.0365468044	0.0671661138	-0.0888992401	-0.0764753728	-0.0179943367	0.0313905222	-0.0765996864	-0.0319653298	0.0678356571	-0.0266394662	-0.0347927379	0.0077326944	0.0317738384	-0.0622819773	-0.0164233294	0.0963984319	-0.0415323904	0.1130569618	-0.0572249683	-0.0283889069	-0.0262899732	-0.0089550478	-0.0147704716	0.0817026042	-0.0077524414	-0.0291824552	0.0194198386	0.192646518	0.1171158132	-0.0255334159	-0.0320979445	-0.1040247312	-0.0871613761	0.1518987711	-0.0108937158	-0.011314971	-0.0415371569	0.1824780361	-0.0163581617	-0.0479758458	-0.1421008178	5.62278e-05	0.0722081057	-0.0101634217	0.0030344391	-0.0835615464	0.0550876732	0.0229546454	-0.0701444096	-0.0433482604	0.034740891	-0.032947343	-0.0289763211	0.0752998213	0.0735483125	-0.0861143401	-0.0370547906	-0.0791453991	0.0547234623	0.0871419602	0.0343206665	-0.0249736488	0.0479876049	0.0107845085	0.0651316835	0.0470447374	0.1139345096	0.0257120667	0.0302924286	-0.0527213317	0.0555701417	-0.020247693	0.1289845398	-0.0519055068	-0.1417430045	-0.0067559437	0.0571252831	-0.017808818	-0.1350034567	0.0821514764	0.0328197342	0.0682191187	-0.0251406327	0.024329973	0.0241384961	0.0377053777	-0.0680811383	0.0144440159	0.0179760952	-0.0289369892	-0.0135049192	0.0618955568	-0.0217422494	-0.0887465302	0.0885819572	-0.0627070159	0.0605208385	-0.0328893008	-0.0100993907	0.0403222174	0.0249189972	-0.1626580047	0.0448863281	0.0098250015	-0.0719838031	-0.0468304492	0.1126984283	-0.062274205	-0.0009144879	0.0999907811	-0.0028316457	-0.0926737348	-0.1427491144	0.0506056826	-0.1813739274	0.1328609216	0.0211441506	0.0519896724	0.0952875673	-0.1001263846	0.0536409577	0.0345029103	-0.0617103774	0.0834022067	0.0463544762	0.0201601885	0.0754723705	0.0346889765	-0.0052701218	0.0155654108	0.0522045431	0.0095116886	0.1264540038	-0.0513190203	-0.0340135975	0.0336583522	0.076214533	-0.1018094475	0.0201620835	0.0273381136	0.0214211276	0.0363076564	-0.0932885287	-0.0302321166	0.1016420491	-0.0520583948	0.0624223929	-0.0483884384	0.0047983195	0.1103255285	-0.056123796	0.0004230295	-0.058249372	-0.0339652486	0.0208039038	-0.0006430862	-0.0416755532	-0.0722312331	-0.0011967586	-0.0403489319	-0.02611197	-0.0856874485	0.0321636513	0.0219946184	-0.0088449703	0.0427363025	-0.0252076587	0.0615907557	0.0891122275	0.0238322333	-0.0048663729	0.0676807634	0.016376398	-0.0201294093	-0.0863129217	0.0011889079	0.0377586909	-0.005102094	0.0142470908	0.0199757252	0.0373538109	-0.0609719752	-0.0871480531	-0.010199596	0.0788183057	0.0745684769	0.0	-0.0276456561454807	0.0013717477487204	1.881691886119756e-06	0.0007642823037141	0.0017657170403566	0.0145945298637712	0.0002130003019445	3.117756666605671e-06	-0.1525859927874364	-0.0149651084474271	0.0232824851949275	0.0002239544708432	-0.0002513693544726	-5.557950205710001e-05	3.0890810489151846e-09	6.318655236797165e-08	0.0011850268418449	-0.0002010022479312	4.0401903673435754e-08	1.4042886158928978e-06	-0.0002198511486049	8.30127659241e-05	6.891119306369419e-09	4.8334527542893824e-08
799.4208946494853	0.96088884082792	639073.7668021835	0.9233073644276236	946.7578035569348	0.5653149434272109	896350.3385959517	0.3195809852621106	787.4070886800811	-0.4931899194438074	0.2432362966409892	620009.923303641	792.8523418867208	661.1554442852157	1.015204	31.581926	0.0724834210037186	0.0338872665381798	0.0482722267	-0.0266061835	0.0206285435	-0.0733389224	-0.051161137	0.0190177224	-0.0616005695	-0.0588487594	1.79107e-05	-0.0331319376	-0.0917074526	-0.0741131516	0.0195791847	-0.0284990371	0.0015701218	0.0484019206	-0.013806114	-0.0396093464	0.0497352271	0.0746887122	0.0526942352	0.0170952067	-0.0605121171	0.0374056368	0.0877386367	0.0780645404	0.0911925816	-0.0242982559	-0.0035121662	-0.0168809323	0.0871993337	-0.0294504268	0.0199175988	-0.0184928203	-0.0549973841	0.0541706749	0.0946059902	-0.0201785568	-0.015594642	0.0974028731	-0.0370816265	-0.0895718521	0.1471079871	0.0171678736	0.1411022619	0.0387788549	-0.034174998	-0.0356151976	0.0355050569	-0.046387197	0.0444878866	-0.0371431922	-0.0354042026	-0.0069615312	-0.0382632536	-0.0460091413	-0.0127839599	-0.0369563125	-0.0600197682	-0.0115717921	-0.0138781961	-0.0488751406	0.0138962989	0.1024006324	-0.0078121295	0.0097324291	-0.0414324098	0.038969275	-0.0023063608	0.0334575311	0.0230780254	-0.0873905028	0.0489677546	-0.1222600657	-0.0808768965	0.0082990551	0.0774436082	0.1120906903	0.007338864	-0.0037038178	-0.0923577861	-0.0308809226	0.0547835984	0.0587350869	0.0224022793	-0.0704415078	-0.0172981354	-0.0248856944	0.1164732048	0.1476739932	0.0558506112	0.0760806752	-0.0899554673	0.0499263667	-0.0331551779	-0.0841831866	0.0478700405	0.0777471275	0.1087911551	0.0032653705	-0.0657229476	0.0069876315	0.0822993521	0.0477247241	-0.1207804584	-0.0391760705	0.0801002287	0.0681105515	0.0495545274	0.0229300834	-0.02211088	0.0676853887	0.040579028	0.0071948368	0.0782071479	0.0789205254	-0.0098067519	-0.0380020258	-0.0046325404	0.0744739341	-0.093573858	0.0512501319	0.0169741992	0.0734030383	-0.0037614031	0.0222543698	-0.0810051108	-0.0545420236	0.0480507898	-0.0163424992	0.0691539932	0.0329390207	0.1246046129	-0.0238614353	0.0329165606	0.1005723083	0.0337474423	0.0320151284	-0.0507531517	0.0410833054	-0.043278964	0.0187330772	0.0494804025	-0.031305605	-0.01952327	0.0903641589	-0.0910475468	-0.0453854596	-0.032441481	0.1767024557	0.0954314348	0.0053598349	0.0311462836	0.0328652697	0.0566661419	-0.0987561452	-0.0331475053	-0.0383332961	-0.0504264082	-0.1187898214	-0.0654348482	0.0989536801	0.0034178479	0.0267220357	-0.0003437625	-0.0343546796	0.0495077569	-0.0001835563	-0.0978416972	-0.0237215031	0.0364444501	0.0176855861	-0.0924731906	0.0014391526	0.0898657175	0.035275766	-0.0864887886	0.0005779469	0.0938673177	0.0238284085	-0.0249907673	-0.0285801517	-0.0454354759	-0.0281222877	-0.047298549	-0.0453344513	0.0316209904	-0.0327148651	-0.0588572604	-0.0075162515	0.0655659451	0.0183565146	-0.01359129	-0.0303381741	0.013467176	0.0686799927	0.0594470542	0.0095570252	-0.0427557663	-0.0504015761	-0.0652709152	-0.0171126706	0.0658867813	0.0606323612	0.0469329529	0.0362529791	-0.0627435226	-0.0859839051	-0.0054078825	0.0816975821	0.07016192	0.0	-0.0322924072761026	-0.0046467511306219	2.1592296069935904e-05	0.0010427995676856	-0.0016915644697235	-0.0034572815100801	1.1952795439941737e-05	2.8613903552309453e-06	-0.1310127749772647	0.0215732178101716	0.0171643472072434	0.0004654037266851	-0.0006061614537231	-0.0003547920992505	1.2587743369057666e-07	3.674317079797019e-07	0.0014331433796879	0.000248116537843	6.156181635119685e-08	2.0538999467432565e-06	-0.0004730659225683	-0.0002532147739634	6.411772175333576e-08	2.2379136709539682e-07
798.4959453052753	-0.9249493442099492	637595.7746689653	0.8555312893544151	948.4904072237332	1.7326036667983544	899634.0525954432	3.001915466203103	786.8703317043671	-0.5367569757139563	0.2881080509775927	619164.9189165407	792.5009315598404	642.7343056697264	1.075219	33.448925	0.0195314630255897	0.0121222101205496	0.0309360755	0.0415004157	-0.0572599617	0.0564194017	0.1134759428	0.0127702034	-0.0549190481	-0.0466702765	-0.027075278	-0.0315736232	-0.0114286687	0.09907868	0.058177581	-0.0442226519	-0.0561434052	-0.0125092717	-0.0357589916	-0.0878035192	-0.0431782514	0.0587797284	-0.0352183325	0.0060688789	-0.0072361861	-0.0081500624	-0.0406221863	-0.0478647127	-0.031322833	-0.0561276428	-0.1257897874	-0.0254997496	0.0094309378	-0.0144911424	-0.0939441534	-0.1319775843	0.0783304881	0.011441888	0.0184955657	0.0374586529	-0.046164747	-0.0949300663	0.1222924314	-0.1164427278	0.0876687564	0.0191710516	-0.0048468389	0.0909411315	0.0593735648	0.0621031358	0.0547359071	-0.0312945339	0.0602625323	0.0189951551	-0.0120697334	0.0027424071	-0.0215428134	-0.0045158262	0.067380077	0.0548307712	0.019064924	-0.0853617625	0.0457696368	0.0072296317	0.0783192948	0.0219016697	0.0039073424	-0.0387757046	0.0731549813	0.0686267797	0.0861959219	0.0225698926	0.041205188	-0.0168751814	-0.1162727071	0.0545909546	-0.0166404383	0.0244403292	0.0075281842	-0.0336502368	0.0323233925	0.0445552284	0.1004785691	0.0514454638	0.033491319	-0.0054650296	0.0362007573	0.0366632609	0.201192984	0.050701603	-0.1272101955	0.0721802559	0.0321714525	-0.0170460424	-0.0203291904	-0.0874529699	0.0712619841	-0.0381986088	0.0826597126	0.0821243092	0.0599796125	0.0185795539	-0.0080105469	0.0941689891	-0.1251647111	0.0614327773	0.006179816	-0.0035703387	0.0482391006	-0.0257915616	-0.0384168293	-0.0525646897	-0.1048778322	0.0402301757	0.1237407297	0.0568465418	-0.0620132961	-0.007674205	0.1461908598	-0.0792815596	-0.0088476868	0.1054110749	-0.0337938075	-0.0150580902	-0.0700300572	0.0144403511	-0.0913863526	-0.1285627304	0.0752499657	0.0010435021	-0.0656114429	0.010285123	-0.0195218931	0.069126818	-0.0512240456	0.0585423492	0.0280692569	0.0333670006	-0.0163676665	0.0409345304	0.0547492077	-0.0467642727	0.068614505	0.0115058184	-0.0860631244	-0.0727171635	0.1225695754	-0.0031886549	-0.0798929157	0.0563586209	-0.0191788823	-0.0068001899	-0.0235244844	-0.024006246	-0.1067568597	0.1152952039	0.0062466829	0.0863604852	-0.0176396188	0.0080985183	-0.0589901611	0.0326145601	0.0057714834	0.0260128478	-0.0364410222	0.0159619501	-0.0585952029	-0.0645344586	-0.1240870891	0.0865752252	0.0467667288	0.0451428344	-0.1039205394	0.0142868034	0.0108836296	0.0261017966	0.063237467	0.0542240313	-0.0167647515	0.1032485436	-0.0495501724	0.0010088893	0.1079470537	0.035038472	-0.0675298974	-0.0314689466	-0.0556458877	-0.0649064911	0.0736413341	0.0875789836	0.0340758618	0.0610088663	0.0115603433	-0.0284218192	0.0176777719	0.0471947251	-0.0493903999	0.0620035954	0.0349428975	0.0771826903	-0.0520381098	0.0340089306	-0.0784069686	0.0219550711	-0.0568729606	-0.0347857965	-0.0301679919	0.0351458834	-0.0644717082	-0.0846860645	-0.000601222	0.0842240844	0.0653191659	0.0	-0.0302240874765402	0.0020683197995624	4.2779467932618526e-06	0.0009134954637895	0.0011600052927605	0.002851569762484	8.131450110313056e-06	1.3456122792323734e-06	-0.133580212605338	-0.0025674376280732	0.0178436731996873	6.59173597404662e-06	-0.0003811709753254	0.0002249904783977	5.0620715369625934e-08	1.452913124305167e-07	0.0014300894608325	-3.0539188554000105e-06	9.32642037536771e-12	2.0451558659841907e-06	-0.000460227603112	1.2838319456299995e-05	1.6482244646201104e-10	2.118094466662166e-07
798.2731268829416	-0.2228184223337166	637239.985103469	0.0496480493312865	945.235657041436	-3.254750182297244	893470.4473425552	10.59339874916394	787.5603573851007	0.6900256807335836	0.4761354400718454	620251.3165245475	792.54199732428	640.716937701788	1.020317	31.74098	0.0133122578345269	0.0095917932458947	0.1335649454	0.019625931	-0.034052055	-0.0412651414	-0.0755471325	0.0483011225	0.0271578034	0.0152981446	-0.0237520233	-0.1111699896	-0.0891994078	0.0428638574	-0.0292663463	-0.030426622	0.0314779635	-0.0449553399	-0.1384049265	-0.005456594	0.0388680442	0.0200994863	0.0428195433	-0.0227207413	0.0688142505	0.0231806496	-0.0051883856	-0.0371373697	0.1121707084	0.0591690058	0.0506376119	0.0031446819	0.022722605	-0.0195875102	-0.1066167986	-0.0193808796	-0.0320774952	0.081199464	0.1422947504	0.0368987064	-0.0317207789	0.0748640882	0.0853348402	-0.0476016031	0.0661273445	-0.0180050347	0.0162962427	0.0251671274	-0.0715048195	0.026959655	-0.0982302462	0.0627934426	-0.0578150569	-0.0397619307	-0.0300184584	0.0117965499	0.049567893	-0.0048161915	0.0799450614	0.0315010716	-0.0534571271	-0.0857105108	-0.0586568752	0.005414833	0.0164620079	0.0219703083	-0.0597336775	-0.0177601703	-0.0576204622	-0.0384140403	0.011620946	-0.1142062635	0.120868121	-0.0253465622	-0.1180266171	0.0086201012	-0.1123347046	0.0388342483	-0.1114970734	0.0292711189	-0.0621931564	-0.0374907807	0.0327792844	0.0872309407	-0.1169065291	0.0459029467	0.1271064922	-0.0281653319	-0.0013765942	0.034251387	-0.0786523723	-0.0527631683	0.080756704	0.0924934091	-0.1303933736	-0.0217956989	0.0599824581	-0.0011572191	-0.0794388727	-0.0017327998	0.0567986125	-0.0160955051	0.0071495159	0.0855410338	0.0752152599	-0.0042686017	0.0453909531	-0.0045555893	0.0984564473	-0.0143030384	0.1077205747	0.0504602771	-0.0717976483	0.1292124496	0.022362261	0.0845141012	-0.0234625891	-0.0817152587	0.1129713156	-0.0185647758	0.0063585623	0.0097251345	0.0350798048	0.0302117233	-0.0222655935	0.0573337507	0.0117762687	-0.0108845173	-0.0858751837	0.0214232729	-0.0429456139	0.0099380971	0.0642560783	0.0032049958	-0.0786230354	-0.0378410517	-0.0650888546	0.061110773	-0.0615817732	0.0924846719	-0.0441787445	0.0596112124	0.0379031987	0.0231353221	-0.1052952534	-0.0795701821	-0.0093521103	-0.0404696686	0.0378594645	0.0780347121	0.0180797784	-0.0048305549	0.1000357011	-0.0115948048	-0.0091625837	-0.0496437467	-0.0028090365	0.1890758255	-0.0534966345	-0.0218548743	-0.0608227988	-0.0268127446	0.1017438721	0.0101553674	-0.0607756974	0.0686355603	-0.0092390038	-0.0938353577	0.0276385119	0.006054703	-0.074413988	-0.0765814302	-0.0233996931	0.0540810999	-0.0166238981	0.0580976556	0.0769104245	0.0529839576	0.0189368153	-0.0470629565	0.0312716626	-0.1261272996	0.0607025988	-0.0351956129	-0.0683681277	-0.0038995941	-0.0683568581	-0.0966648286	-0.0944392983	0.0018446818	0.0062394406	0.0225755191	0.0788509266	-0.0229731309	-0.033697653	-0.0035437238	0.037395326	-0.0003761862	0.001434439	0.0191135096	0.0174963774	-0.0945421832	0.0125238854	0.063111247	-0.0024130185	0.0279164041	-0.0449050843	0.0340327152	-0.0661553376	-0.0832565493	0.0042071001	0.0863869029	0.0600703222	0.0	-0.0308891717509567	-0.0006650842744164	4.42337092076122e-07	0.0009541409314601	0.0025300763810207	0.0013700710882601	1.877094786886488e-06	6.401286493798801e-06	-0.1243771006056277	0.0092031119997103	0.0154696631550624	8.469727047921173e-05	-0.0003941508072205	-1.2979831895099992e-05	1.6847603602505502e-10	1.5535485883257173e-07	0.0014305984808993	5.09020066799884e-07	2.591014284049584e-13	2.0466120135513844e-06	-0.0004882185605929	-2.7990957480899997e-05	7.834937006975514e-10	2.383573629074032e-07
798.2110561225522	-0.0620707603893606	637140.8901162802	0.0038527792953134	955.8659657358334	10.6303086943974	913679.7444520972	113.00346293818096	786.0346312369928	-1.5257261481078783	2.327840279020104	617850.4415038753	792.9233724830416	655.6774079594916	1.092972	34.001209	0.0336733947108831	0.0178985587507743	0.038971411	-0.1372101218	0.0201698544	-0.0949291727	-0.0142210773	-0.0283266729	-0.0236914318	-0.0991700444	-0.1144057951	-0.0221155851	-0.023570152	-0.0427044783	0.1507522926	-0.0454582174	-0.0529466569	-0.0296367636	0.0394451583	-0.0143590533	-0.0043792462	-0.0707430146	0.0568064039	-0.0351515693	-0.0363255582	0.0243322186	-0.0042350587	-0.0195449158	-0.0225815419	-0.0711281941	-0.0800091623	-0.126975542	0.0287729237	-0.03656021	0.0158169714	-0.0657840465	0.1396853527	0.0677751861	0.0599592489	-0.0324926811	-0.0454286584	0.0156485318	-0.0223542578	0.0635593344	-0.0548905692	0.0409302501	0.0129370177	-0.0784815233	0.0044770594	0.0122825544	-0.0351884791	0.0307724229	0.0233043182	-0.0400962263	-0.0261977676	0.003646248	-0.1060466631	0.0189622494	-0.02218324	-0.1016446149	-0.0143601938	0.1366568284	0.0353247384	-0.0207633838	0.1272756309	0.0511175903	-0.0825590146	-0.0125888641	-0.0346235137	0.0950661482	-0.1137354141	0.1034524962	-0.0085949972	0.10859004	-0.1025929963	0.1038139453	-0.0291037763	0.0637250802	-0.0699273953	0.0168285133	0.0394190743	-0.0053691894	-0.0257252096	-0.108963094	0.0928960975	0.0861560287	-0.1657534361	-0.0602418792	-0.1184396721	0.0620313284	-0.1001036131	0.0630846157	-0.0609930481	0.004399383	-0.0589067595	-0.0274132687	0.011825113	0.0125355241	0.0182291528	0.0794483847	-0.1202833939	-0.00611777	-0.0677274737	0.030177313	-0.0644334437	0.1271799325	0.0009784369	-0.0929048909	0.0177459973	-0.0537528553	-0.0453093574	-0.0224261333	-0.1289990307	0.0403652989	0.0171442869	0.0629493474	-0.014822297	0.1236592336	-0.0677155083	0.0866656582	0.0838105443	-0.0095920251	0.1232474072	0.097397	0.0221543172	-0.0074018758	0.0142165844	-0.0198752086	0.1277026773	0.0345328052	-0.035497115	0.008048602	0.0447017917	-0.0024500867	0.0935730289	-0.0004918766	0.1494859674	-0.0105907257	-0.0446871593	0.0022162458	-0.0383377533	-0.0496164188	-0.0051338624	-0.0296828669	0.1299758569	0.0472836326	-0.0386644838	0.0808566732	-0.1270054864	-0.0491223862	0.1059492006	-0.0488852814	-0.0945111612	-0.1148450616	0.0526109012	0.052632562	0.0242643404	0.0369374534	-0.023329482	0.0766833229	0.0533613811	-0.125521529	0.0385464427	-0.0971400303	-0.023119197	0.0726446024	-0.0773100284	0.010642117	-0.0544451781	0.0378454529	-0.0429783981	0.0644281246	0.1007441956	0.0448391613	-0.0349819694	-0.0325659305	0.0700908503	0.0306836391	0.0211834674	0.007310338	-0.0487601917	0.0828973894	-0.0080619186	-0.0401221139	0.0300659056	-0.0455325831	-0.0251828417	-0.0855723426	0.07225328	-0.0760516888	-0.0255096684	-0.0033929352	0.0293985548	-0.0016294412	-0.0082961902	0.052192387	0.0053305099	0.0727156527	0.080457304	-0.0012658831	-0.0709279398	-0.0841409597	0.0511492185	-0.0775034961	0.0206438153	-0.006978868	0.0297703609	0.0329136668	-0.0677932473	-0.0816975821	0.0090037942	0.0881766985	0.0544480209	0.0	-0.0393284828342785	-0.0084393110833217	7.122197156107816e-05	0.0015467295620461	-0.0126292608139664	-0.0151593371949871	0.0002298055041913	0.0001594982287071	-0.1282472554663769	-0.0038701548607492	0.0164473585346581	1.4978098646180728e-05	-0.0004601924954914	-6.604168827090004e-05	4.3615045896707365e-09	2.1177713290660227e-07	0.0014306014493354	2.9684361000075622e-09	8.811612879828108e-18	2.046620506840547e-06	-0.0004301713858634	5.80471747295e-05	3.3694744940771036e-09	1.850474212156382e-07
797.2641635789888	-0.946892543563422	635630.1465273047	0.8966054890560068	952.2502617236004	-3.6157040122329818	906780.5609526654	13.073315504077682	786.6774685911554	0.642837354162566	0.4132398639067283	618861.4395889883	792.8082781889896	645.7584964403485	1.044672	32.498638	0.06778436082448	0.0320422634527554	-0.0456711477	-0.0898347006	-0.0881454964	0.0434961058	0.0723711747	-0.0238535288	0.0954004119	-0.1170802374	-0.085951039	0.0491987102	0.0902716371	0.0170810355	-0.0079432524	-0.0501423397	-0.0138867797	-0.0492845024	-0.0424922346	0.0177359778	-0.0656261627	0.0179469389	0.0618678879	-0.0324117875	-0.0213591222	0.0356021882	-0.0604820904	-0.0603662706	-0.0473830371	-0.1089717226	0.0290514774	-0.0367206206	0.0126182206	0.0537019534	0.1513116608	-0.0636506261	0.0621081921	0.0517974204	0.035119336	-0.0561521027	-0.0153919753	-0.0487485993	-0.0812844241	-0.0523586214	0.004388487	-0.0558728593	-0.096374859	-0.0415492625	-0.0721210143	-0.0320318247	-0.021898083	-0.1669115821	-0.0565844284	-0.0724830817	0.0277809576	-0.060667826	0.0236935272	0.0001200397	0.0647439759	-0.0174985378	-0.0057395519	0.1592174623	0.0296007142	-0.0821556885	-0.0742874354	0.0431512563	0.0681840457	0.0422504283	-0.031416587	-0.0275795149	-0.008148254	-0.1269214607	0.0732121112	0.0987335324	0.0069573787	-0.0730162267	0.0014934845	0.0240429505	-0.0403187715	-0.0371382662	0.0137279572	0.0156989008	-0.0076700183	-0.0095005538	0.0079858556	0.0250230346	-0.0965250625	-0.0362117669	-0.008354716	0.0717658043	0.0601729274	-0.0614628188	0.053096413	-0.0237180594	0.0769669921	-0.0609719457	0.050757873	0.1277308543	0.0102072598	-0.1074106999	0.0063203178	0.0677222942	-0.0046742808	-0.0233169108	0.0681295183	-0.1201898779	-0.0401341675	-0.0994538997	-0.0793796098	-0.0273106163	-0.0741221866	0.0050582457	-0.0932205858	-0.0904000326	0.07188222	0.0509901397	-0.0198693139	0.044774705	0.0829169465	-0.0208363359	0.0624334787	-0.0461641701	-0.0776126259	-0.0209171169	0.107084336	0.0221167254	0.0855143243	0.1303110199	0.0246607091	-0.0730756808	-0.0471825312	-0.0543506847	0.0206441145	-0.0663402148	0.0311424045	-0.1334817197	-0.000247009	-0.0904040337	0.0578695552	0.0119692456	0.0167367078	0.0287752334	-0.0179634048	-0.0446165181	0.0054827066	-0.0698463889	-0.1581353186	-0.0613810976	0.0558441562	-0.0203248436	-0.0696925927	-0.0468253341	-0.0347551125	-0.0629210462	-0.0816014568	-0.0820275042	0.1547735168	-0.0386501824	0.0471636259	0.0170270113	-0.0217374938	-0.0416637326	0.0626424177	-0.0201858403	-0.0262747123	-0.0199337199	0.1342148718	0.0015978319	0.0124670207	-0.0273809436	-0.0475701203	-0.0374006864	-0.0173335657	-0.0876778192	0.0323050612	0.0252569246	0.0002600943	0.0453954151	-0.0484235225	0.0745015967	-0.0045887606	-0.0998287466	-0.0883062213	0.0118260259	0.0979958627	-0.0654166625	0.0078066738	-0.0892792757	-0.002114737	0.0178401825	0.0776331325	0.0625119447	0.0180941365	-0.0430179377	0.0166570913	-0.0035739527	0.0306878126	0.0826066038	-0.0194431211	0.0645398556	0.0304248005	0.033279241	-0.0249899446	0.0050794582	-0.128723898	-0.026260908	0.0156202159	0.0317889315	-0.0693843053	-0.080011587	0.0137756027	0.0895857427	0.0484872159	0.0	-0.0301768416713343	0.0091516411629441	8.375253597529464e-05	0.0009106417732567	-0.0006119812946394	0.0120172795193269	0.0001444150070456	3.745211049885161e-07	-0.1356953976941639	-0.0074481422277869	0.0184132409553773	5.547482264534352e-05	-1.7264907222562932e-05	0.0004429275882688	1.961848484496485e-07	2.980770214037057e-10	0.0010910019324354	-0.0003395995168999	1.1532783187871332e-07	1.190285216577777e-06	-0.000430990238983	-8.188531196000066e-07	6.705204314786626e-13	1.857525860986235e-07
797.1150597380636	-0.1491038409252496	635392.4184612166	0.0222319553786621	946.87770661613	-5.372555107470362	896577.391286622	28.86434838280587	787.7025990718911	1.0251304807356971	1.050892502533402	620475.3845846124	793.6997529432155	638.3843832782101	1.030449	32.056175	0.0597855632316041	0.0278184043093756	-0.0627058824	-0.0140397992	-0.0695354367	0.0979087655	-0.1163701771	-0.082681132	0.0192568286	-0.0316698464	0.0367367927	0.019297294	0.0994438519	-0.005871971	0.0195799263	0.020008141	0.0550671477	-0.0172993389	-0.1967720138	0.084710017	0.0212295365	0.003430772	-0.0124649478	-0.0704307489	0.0371459655	0.0675246222	-0.0544454783	-0.0370492113	-0.0611651205	-0.0307459339	0.0846454075	-0.0195965914	-0.1397009118	0.0604575267	-0.0340783375	0.0323985203	-0.0428676649	-0.0356567089	0.0482391444	0.0418966855	0.06060524	0.0357372222	0.0270887991	0.040818494	0.058419372	-0.003217908	-0.0511607698	0.0293988698	0.0105939629	0.0199425122	-0.0403240668	-0.0543855625	0.0755407705	0.0800764525	-0.0148554847	-0.0501589912	0.0739346277	0.012330431	-0.1020538786	-0.0469035365	0.0206760221	-0.0001237006	0.0065962182	-0.13324151	-0.0393509559	-0.1024855995	0.1306612261	0.0070893777	-0.048398622	0.0774904483	-0.0029720723	0.0192823143	-0.0135652836	-0.0516563523	0.1051529195	0.0522277073	0.0476117382	-0.0018394743	0.055946416	-0.1551399014	0.1204222344	-0.0213428838	0.0075439959	-0.0114060917	-0.0426441116	0.0099361164	0.0264789829	-0.0726335081	-0.1176720265	0.022121862	0.0111320848	0.016525361	-0.0154051732	-0.0331584456	0.0465421366	-0.0775822508	-0.0234793442	0.0572161492	-0.0587398462	0.1126290398	0.0866194744	0.0848488522	-0.0091390882	-0.1075194426	0.0274060726	-0.0665765114	0.0081437687	0.0625349182	-0.133088787	-0.0064686168	0.0735567859	0.0547371385	-0.0063106291	0.0618797232	-0.0826994611	0.0514500108	0.0118136574	-0.0050674415	-0.0196698918	-0.025106602	-0.0261693891	0.0573754071	-0.0523958282	0.0077935179	0.0185864557	0.0598345042	0.013805031	0.0014336642	0.0313395657	-0.0058532226	-0.0657328367	-0.0530589744	-0.0565381602	-0.1286602354	0.1006190542	0.0566188765	0.0174312564	-0.0362354077	0.0254336197	0.0074508313	0.0341302816	-0.0561569008	0.0262426198	0.1368989174	0.0036971055	-0.1125291996	0.0143700696	-0.0339825186	0.0051271443	-0.0491791145	-0.0029354177	-0.1042363826	0.0608411983	0.039285035	0.0222461069	-0.0040424294	-0.0895816694	-0.0296903521	0.1817001875	0.0157241069	-0.0256544592	0.0220059532	-0.0129487407	-0.0386724121	-0.1621823004	-0.0260816206	-0.0234237929	0.1412215879	-0.0544367275	-0.0433357339	-0.035167427	-0.0287490454	0.0350510922	0.0110765696	-0.0501999223	-0.0399671995	0.0511890836	-0.0967858668	0.0304458591	0.0749211082	0.0454178548	-0.0594386347	-0.0598013019	0.121835184	-0.0017292543	-0.0412737261	-0.0410391545	-0.0921811277	-0.0763984458	-0.0843618206	0.0155564952	-0.0483250313	0.0073514026	-0.0004869629	0.0205964734	-0.0253049503	0.0075415034	0.0001207996	-0.0012893344	0.1391476938	0.052510286	0.0654776048	0.0055985692	0.0733273945	0.0104213283	0.0447560416	0.0188992024	0.0306587036	-0.070927412	-0.0782011853	0.0185093366	0.0906079513	0.0422249655	0.0	-0.0389187721253705	-0.0087419304540362	7.642134806320561e-05	0.0015146708237465	-0.0127950404306176	-0.0121830591359781	0.0001484269299107	0.0001637130596211	-0.115965865387551	0.0197295323066128	0.0134480819350836	0.0003892544450376	-0.0002027225225183	-0.0001854576152957	3.4394527071181614e-08	4.1096421136182647e-08	0.0012880447821064	0.0001970428496709	3.8825884606468274e-08	1.6590593607115232e-06	-0.0004308698772502	1.2036173280001016e-07	1.448694672262104e-14	1.8564885112160242e-07
798.1990835473076	1.0840238092440586	637121.7769757617	1.1751076190079992	954.8071733689466	7.929466752816552	911656.7383167977	62.87644298402307	786.1944459838016	-1.5081530880894434	2.2745257371137244	618101.7068957768	792.6888853672344	645.3868403659303	1.103849	34.339565	0.1234905665517531	0.0569823207865908	0.0449761935	-0.0387579908	0.0514303183	0.0830167014	0.0677148466	-0.0593301073	-0.0766425739	0.0762863466	0.0684345336	0.0639355661	-0.0309579286	0.0396802911	0.0736067556	0.0186500575	-0.0742565317	-0.0578971732	-0.0291853964	-0.0215984967	-0.0808417561	-0.1701142594	-0.1132849489	0.0480076389	-0.0281966856	-0.0962772272	0.0250534747	0.1976177828	-0.1229169976	-0.0572973077	0.0073232223	-0.0620179732	0.0256451359	-0.0681757242	0.0740792013	-0.0515409905	0.0326456109	0.0360545491	-0.1245720663	-0.0863896692	0.045799195	0.0568939075	0.0010561423	0.0184203603	0.0431459346	0.1602439874	-0.0028028774	-0.0147561912	0.0091974141	0.1217234938	-0.0359248829	-0.0385618919	-0.0398521867	0.0659549159	-0.0591729345	-0.0259761571	0.0649162384	0.0673728018	0.0033744344	-0.1531128345	0.0871512917	-0.0278631888	0.0494755977	-0.052541991	-0.002505702	0.0331910889	-0.0317000381	0.1105200586	0.0452930288	0.093393149	-0.0004567696	-0.0133111531	-0.0165727626	0.0137950232	-0.0096856455	-0.1350270615	-0.0125180091	-0.0219042775	0.0084896315	-0.0021937154	0.0307926162	-0.1639636762	-0.0178272184	0.0648771835	-0.0021834916	0.0063105386	0.117975921	-0.0915108094	-0.0863585123	0.1096081402	0.0134956505	-0.0074764991	-0.033851245	-0.132180486	-0.0494753037	0.0631057403	0.0169118885	-0.0338497673	0.1577422853	0.0378798001	0.0119362326	0.0089886809	0.0940476769	0.0308784166	-0.0402208379	-0.0879493685	0.09850549	0.0449442936	0.0300716409	0.0492677531	-0.11246679	-0.0463121215	0.0228678363	-0.0585543618	-0.0476946845	-0.1346119922	0.0285091686	0.0120366066	-0.0755230725	0.0798908006	0.0267688474	0.0156438648	0.0228862344	0.0143348761	0.0073791797	0.1672530073	0.04563767	-0.0122062091	0.0241192616	0.0732396795	-0.0782785956	-0.0063926717	-0.0131949656	-0.0471918802	0.1522835504	-0.0722435238	-0.1055020873	0.0366892984	0.0419245069	0.0208135853	-0.0443906899	-0.0942398272	0.0235683982	-0.030107492	-0.0227246447	0.0112577834	-0.0146201999	0.0458657372	0.1285092299	0.0780250878	0.0892855977	-0.0861765169	-0.0248881694	-0.031877213	0.0963290117	-0.0298627718	0.045498609	-0.0331230374	-0.0092016373	-0.0418048917	0.0341323015	-0.0615714621	0.0023121122	0.017244349	-0.0701526608	-0.0333621038	0.0563069472	-0.056586301	0.1464350475	-0.0224649554	-0.0440245345	0.163621653	-0.0627805491	-0.0580760104	-0.0808612018	0.0429802714	-0.0992786304	-0.032612815	-0.04210205	0.0032772133	-0.0246469454	0.0862132099	0.0431913855	-0.0443893715	-0.0158369581	-0.0104147499	0.0064901339	-0.0443990986	0.0991679232	-0.1118036228	0.0767963881	-0.1235873387	-0.0029649054	0.0714518732	-0.0522253961	0.0863795618	0.0657248563	0.0271945839	0.0599012948	0.1021727895	-0.0279525224	-0.1316630953	-0.0074681299	-0.0256143775	-0.0048847122	0.0044978288	0.016762967	0.0295231785	-0.072421501	-0.0762691921	0.0231919124	0.0912389102	0.0357002023	0.0	-0.016528590018396	0.0223901821069745	0.0005013202547834	0.0002731942879962	-0.0481134243948275	-0.0353183839642099	0.0012473882458433	0.0023149016069967	-0.1514168120233847	-0.0354509466358336	0.022927050963325	0.0012567696173767	-0.0005087872241014	-0.0003060647015831	9.367560155515204e-08	2.588644394088082e-07	0.0009881097195747	-0.0002999350625316	8.996104173589478e-08	9.763608179179922e-07	-0.0004302485644703	6.213127799000362e-07	3.860295704671109e-13	1.851138272287539e-07
797.071297141534	-1.127786405773577	635322.6527268876	1.271902177047683	948.6458624025056	-6.161310966440965	899928.9722533936	37.9617528251857	785.9034895211915	-0.2909564626100973	0.0846556631345809	617644.2948415857	792.4518848026354	640.9317648404193	1.019601	31.718702	0.0993030920004967	0.073344276223705	-0.0276828848	-0.0628112251	-0.025448982	0.1031147723	0.0496061239	-0.0027863247	0.081083237	0.0192333809	-0.0599533618	0.0352321965	0.0714277859	0.063959829	-0.0943132593	0.0007079545	-0.0273403874	-0.0760323331	-0.0224662052	0.0116609916	-0.0318650873	0.0362355101	0.0334560173	0.0515828034	-0.1359739437	-0.0952910008	0.0670233097	0.0762947407	-0.0904360008	-0.000879559	0.0133712184	0.1297465581	-0.0242039798	0.0509463369	0.1471944833	0.053539219	0.1014062109	-0.048411489	-0.0386986797	0.1018200801	-0.0641754265	0.0346257164	-0.0533416695	0.0733572477	-0.0852098435	-0.0081606558	-0.0299073382	0.1249830641	0.0383317404	0.0433135382	-0.1307450451	-0.0209948668	0.005599578	0.0654288203	0.0062191053	-0.1416478942	-0.0536230042	0.0695530619	-0.0342505205	-0.0895362187	-0.0475805456	-0.0904529691	0.0380678133	-0.0997302095	-0.0218107313	0.0439890552	-0.0059144478	-0.1126612802	0.1044188623	-0.0595144866	-0.0396507458	0.0322801769	0.0519738958	0.1055032763	0.0813022209	0.0033275829	0.0209972828	-0.0781510136	-0.0145275184	-0.0623637464	-0.1287458911	0.0869302663	0.0664089485	-0.0083292407	0.0224394358	-0.0353662423	-0.0659370533	0.070627198	0.1634875171	0.0359360076	0.0731770052	-0.0013266197	0.0236298201	0.0166874986	-0.0704173518	0.082304379	0.0150502728	0.0030996767	-0.0523476707	0.0279406982	0.0080798828	-0.0455190335	0.0758577488	-0.0691598035	0.0335274205	0.0082409433	0.0078535267	-0.0391906908	-0.089778662	-0.0337497707	-0.0676602851	0.0378840059	-0.0047520187	-0.0987454049	-0.0544431139	0.0437485055	0.1489443752	0.1060155675	0.0608331403	-0.0437484083	-0.0721379359	-0.1324464296	-0.0021604441	0.0587872234	-0.129278751	0.0105281139	0.0925330902	-0.0252737009	0.0958399259	0.0145957465	-0.0681071156	-0.0251903997	-0.0362772294	0.0039104732	0.0645400697	-0.0667732699	-0.0232854197	-0.0156253736	-0.007221748	0.0192083638	0.0893400384	0.0502111701	0.0203679893	0.0804698243	-0.0297297424	0.1159165669	0.0406496274	0.0641581241	-0.0016856291	-0.0191625268	0.0911462739	-0.1208418038	-0.0609127498	0.0370765387	-0.1391188749	-0.0299722507	0.0755255885	-0.0482963333	-0.084456452	-0.0415311159	0.1085014938	0.059604002	0.07555304	0.0256225449	0.0820550482	-0.0060398888	0.0476674393	-0.0007032067	-0.022428854	0.0324854304	-0.0698438093	-0.0800082839	-0.0901757517	0.1346897807	-0.0004812632	-0.0180611957	-0.0946658384	0.0048167832	0.0858045175	-0.045128975	0.0792980128	-0.039545371	0.0049773641	0.0067239419	0.0838606967	0.0141353936	0.0382007476	-0.0299443361	-0.0320833907	-0.0457319182	0.153704668	-0.0331730665	0.0017204267	0.0340294476	-0.02627223	0.037598791	-0.0118555455	0.0932494388	0.060243527	0.0776243838	-0.0582768569	-0.0714089237	-0.0657232651	-0.0363219202	0.0268823844	0.0460415851	0.0051413227	0.0283825523	-0.0738655397	-0.0742186113	0.0278103878	0.091475895	0.0289534907	0.0	-0.007286650772059	0.009241939246337	8.541344103298413e-05	5.309527947394802e-05	0.021801522539306	0.0699149469341335	0.0048880998048027	0.0004753063850318	-0.1312706062033584	0.0201462058200262	0.0172319720529971	0.0004058696089428	-0.0005087872241014	0.0	0.0	2.588644394088082e-07	0.0009881097195747	0.0	0.0	9.763608179179922e-07	-0.0004302485644703	0.0	0.0	1.851138272287539e-07
797.1250546627314	0.0537575211973262	635408.3527710625	0.0028898710852809	944.2925142199788	-4.353348182526815	891688.3524118889	18.95164039830953	786.0022107154921	0.0987211943005377	0.0097458742041245	617799.4752496408	791.9930871862799	638.0644409095152	1.110744	34.554081	0.0827578717393604	0.0425757746534021	-0.0247013306	0.0625202817	-0.101091973	0.0279864018	-0.1451558141	-0.1105348834	0.01657873	-0.0345025361	0.1235082613	-0.0468415518	0.0250955987	-0.062017252	-0.0313649733	0.0765353496	0.0354176622	-0.0981895453	-0.0798093642	0.0934707294	0.0640358006	0.0253911841	0.06442482	-0.071880672	-0.0450123304	0.0456276232	0.0165419664	0.0087001856	0.0182334292	0.096014397	-0.0392248368	0.1516573553	-0.1253302673	-0.0804621609	-0.0697172588	0.0285109304	0.014018509	-0.0267767773	-0.0469054842	0.0906616127	0.0915389874	0.1104278968	0.0497194845	0.0497294244	0.077156364	0.0156378457	-0.0617572749	-0.0346968356	-0.0565559385	0.0794019037	-0.0938966138	-0.0499118221	0.0236278328	-0.0306135961	0.0196831119	0.0186080761	-0.112956209	0.0849169384	-0.0107236959	0.081182213	-0.0269886252	-0.0943043947	-0.0294540512	-0.0311214586	0.0616476979	-0.0535615459	0.0122783657	0.0571781731	0.0576938983	0.0054644963	0.0069674184	0.1035516726	-0.0713170919	-5.77788e-05	0.0410222633	0.090109612	-0.0657207019	0.0277973237	-0.0038582585	-0.0892655803	-0.0939548876	0.0257732047	0.0941154813	0.0409516418	-0.0191423458	0.0294126113	-0.0549366966	-0.0403773491	0.0701425344	-0.0523170982	-0.0503227692	-0.0897927938	-0.0059711955	0.0148513754	0.0740676136	-0.0081554109	-0.0106542767	-0.0481456866	0.0196260236	-0.0459456691	0.0236070232	0.0945102519	0.005798512	0.0178358301	-0.0208219409	-0.0283600148	-0.0915257625	0.1231270061	-0.0220433725	0.0103486028	-0.0054355852	0.095713416	-0.0241370461	0.0665702137	-0.0846406193	-0.0041152857	0.059916006	-0.0544296723	-0.0274463119	-0.1443254089	0.0584991889	-0.0125393434	-0.0303710393	0.0657087894	0.0001707965	0.0377480404	0.0264335453	-0.0988996647	0.0731632046	0.1152319906	-0.0602743958	0.1104743034	-0.0363568908	0.0754700447	-0.0274235531	0.0960538016	0.0477447778	-0.0129872842	-0.0061458572	0.0025208875	-0.0227539385	-0.0075725998	0.065976338	0.0735898414	0.0653867385	-0.0554105118	0.0870412873	-0.0897602104	0.0169582442	0.0419612777	-0.0131936146	-0.020085653	-0.0374797857	-0.0434821676	0.0069679866	0.052194034	0.0317222149	-0.0323754249	-0.0807276079	0.012015208	0.0224305291	0.1058539475	0.1190345296	-0.1142090533	0.0328532165	-0.0117071106	-0.0395120503	0.0246647868	0.018396087	-0.0247500072	-0.0740472213	-0.0135416486	0.0283900593	-0.0697324873	0.0422526733	-0.0191943383	-0.0116231025	0.0188024809	0.0016503794	-0.0372615626	0.016996292	-0.0691425155	-0.0726497202	0.1314823055	-0.0636893815	0.0470511041	-0.0286127909	-0.0519109045	-0.0454313805	-0.0889561867	0.0015711309	-0.065710579	0.0182638247	0.0284354946	-0.0071960115	-0.0713446322	-0.0307518632	-0.0135806168	-0.0094260908	0.045757329	0.0056373378	0.0496453463	-0.010407861	0.0285817698	-0.0155416791	-0.0639604703	0.1361841266	0.0272370221	-0.0752585301	-0.0720526312	0.0323519979	0.0913178824	0.0220267751	0.0	-0.0125121168389057	-0.0052254660668467	2.7305495615766326e-05	0.0001565530677904	-0.0127420334042938	-0.0345435559435998	0.0011932572572286	0.0001623594152761	-0.1202047252221945	0.0110658809811639	0.0144491759657432	0.0001224537218892	-0.0005078697356397	9.174884617000344e-07	8.417850773526952e-13	2.579316683787387e-07	0.0013840518783529	0.0003959421587782	1.5677019309794137e-07	1.9155996019721906e-06	-0.0001886488367552	0.0002415997277151	5.837042843201046e-08	3.55883836090901e-08
798.5053509486779	1.3802962859465424	637610.7954936713	1.9052178369978192	949.4754151603244	5.182900940345576	901503.5639938704	26.86246215743505	786.6439522459916	0.6417415304995302	0.4118321919678794	618808.707605194	792.4264243206178	641.5948932468066	1.126837	35.054691	0.0919039442016476	0.0571300042487731	0.0209863268	-0.0001506807	0.1231867458	0.0755060036	0.0739660528	-0.1088831187	-0.0346759494	0.024692012	0.0353154966	0.0573451613	-0.0749803511	-0.0080899264	-0.0159987078	-0.002879364	-0.101101702	-0.0085835293	-0.0423336678	0.0354482994	-0.0736259704	-0.0388776232	-0.0933840041	-0.0311434829	-0.1511917328	-0.0104573792	-0.0323994657	0.0581270694	0.0410508174	0.107978867	0.0879240128	0.1124873468	0.0090968227	-0.0473910978	0.0097168729	-0.092565368	-0.0219988093	-0.0725931721	0.0468414026	-0.060895338	0.0384399892	0.0276743682	0.0661227147	-0.0238428763	0.1137467738	0.0913225456	0.0531479727	0.0243216751	-0.0776505145	-0.0474845643	0.0437636969	0.1177283591	0.1230394274	0.0125805043	-0.1145610608	-0.0511812894	-0.0600249353	-0.0934753906	0.0867741869	0.1041950887	0.0459761244	0.0915438906	-0.1021888279	0.0394123322	0.0095316308	0.0807261373	-0.0534789979	0.0006222816	0.0585192761	-0.0469129541	0.0245488258	-0.0683890955	-0.0740537319	-0.0186772605	-0.0634584674	0.0273553062	0.0500266844	0.0340528355	0.0809328171	0.0726383186	0.0693067573	0.0183078445	-0.0422358813	0.0425108841	-0.0685213772	-0.0333849264	-0.0473485825	0.0905882146	-0.0031439113	0.0458759345	0.0123777709	0.1614304322	-0.0412582024	0.1199199656	0.016322827	0.1033959301	-0.0148051925	-0.1193187343	0.0500217805	-0.100552875	0.0304404145	-0.0826972025	0.073036427	0.0177772265	-0.0324153979	0.0364552352	0.0316797607	0.0043035447	0.0611736258	0.1070659146	-0.0916417492	-0.0042263664	0.0121712593	0.0524499903	-0.0311016136	0.0164347984	-0.0586254712	-0.0826390052	-0.0692175926	0.0372731111	0.1308313817	0.0985265923	-0.0206063495	-0.0158103793	-0.1113587507	0.0569579849	-0.0582897104	-0.0040118444	-0.065844636	-0.0381688139	-0.0097813741	0.0095994976	0.112270555	0.0692859021	-0.0532717526	0.0410806819	0.0798068457	0.0243923834	-0.0198550415	-0.0276452494	0.0442395011	0.0711915271	-0.0579238358	-0.0976517211	-0.1488953515	0.0008255853	-0.010551096	0.0613500973	-0.0833011471	0.0136727267	0.0072596949	-0.007816817	-0.0224257838	0.0767893933	-0.0645438351	0.06027656	0.0450154505	0.0113532362	-0.0332524157	0.0967269725	-0.0520299781	-0.0476863237	-0.0622211331	0.0538886187	0.0973154357	0.0695799649	0.0270672295	0.0297776192	0.1234367734	0.0780736378	0.0809024415	-0.0855690843	-0.0897775308	-0.1328310567	-0.0375284744	-0.1290493859	-0.1056042572	-0.000841704	-0.0450202368	-0.0393873087	-0.0801163976	0.0701026906	0.0551330116	-0.0480190681	-0.008561208	0.0923183601	0.0134860581	-0.0117844453	0.1219396949	-0.0685023008	0.0456764132	-0.0808049496	-0.0202288674	0.0065607417	0.0099164294	0.0477723566	-0.0121007614	-0.044051624	0.0107429928	0.039062625	0.0004886538	-0.0079752426	0.1251202938	-0.0335343052	-0.0222835495	-0.0574546033	0.0796014241	0.0260867859	-0.0765995097	-0.0697746196	0.0368041899	0.0907655546	0.0149631188	0.0	-0.0073414343256246	0.0051706825132811	2.6735957653150956e-05	5.3896657957459126e-05	0.0129676518555612	0.025709685259855	0.0006609879161608	0.000168159994647	-0.1709589611394761	-0.0507542359172815	0.0292269663938888	0.002575992463547	-0.0005528032630688	-4.49335274291e-05	2.019021887221682e-09	3.055914476595129e-07	0.0013305822697462	-5.3469608606699975e-05	2.858999044553684e-09	1.7704491765629494e-06	-0.000295632510944	-0.0001069836741888	1.1445506542935313e-08	8.739858152705429e-08
798.6554707728045	0.150119824126591	637850.56099533	0.0225359615957986	951.8423822668216	2.366967106497213	906003.920679378	5.602533283239792	785.8752808936637	-0.7686713523279423	0.5908556478896675	617599.9571196948	792.0193121232603	649.1729711495608	1.023797	31.849247	0.1244720884643889	0.0707635013736765	-0.0009800018	-0.0270767944	0.0431529001	0.0757036586	0.0636887875	0.0152201747	0.1557971006	-0.0229738362	-0.0689801007	0.0649208347	0.0038344458	0.0350319358	-0.1116359957	-0.0656621877	-0.0215180378	-0.053282939	0.0194117404	-0.0451049067	-0.0795196014	0.072496156	0.0378062736	0.0730346939	-0.1343605987	0.1248214694	0.0431661296	0.0857288808	-0.0505782436	0.0736855481	0.0444261396	-0.0240351443	-0.003062504	-0.045540262	0.1246161145	0.054601981	-0.0214263831	0.031443101	0.064243	0.0113921667	-0.0736465429	-0.0651047631	0.0087400877	0.037244776	0.0828536265	0.066319749	-0.0196991525	0.084811954	0.0508274005	-0.0654535779	0.0169566702	-0.0618101647	-0.0508832003	0.004072064	0.0030651534	0.0527700279	-0.0231846832	0.0056995094	0.0616375083	-0.030604695	0.021285443	-0.1018154208	0.1384429269	0.0506402601	0.0097905734	0.0868886173	0.071399107	-0.062432872	-0.1127864481	-0.049480263	-0.059828705	0.0084732124	0.0253407608	-0.0402314139	-0.0610517872	-0.075716331	0.1221578689	0.1553477197	-0.0918237336	-0.0623070235	-0.0945176787	0.0101310535	-0.0587606009	-0.0383421545	0.0324321834	-0.147826326	0.0565051562	-0.0476714707	-0.0205301357	-0.0063541129	-0.0991278733	0.0759808876	-0.0256196901	-0.0086464616	0.0520831936	0.1242708713	0.0635418366	0.0655225338	0.0814207081	0.0204461912	-0.0542452438	0.0223445446	0.0555913659	-0.0703810534	0.0647109027	0.0261632192	-0.0102683556	-0.0725096938	-0.0259386229	0.0260535562	-0.0392314618	0.1127771165	0.0485744716	-0.1186110188	0.0491988859	0.0647229025	-0.0086598481	0.0135363992	0.0118867253	0.0164983718	0.0117429651	0.0448398153	-0.0118524324	0.0580757921	-0.0991753638	-0.0333392001	-0.0517892891	-0.0713017994	-0.0486106685	-0.050903698	0.059224888	-0.0245775651	-0.0201949153	-0.0156157233	0.0994753784	-0.0247984478	-0.0289058497	0.0597154903	0.0088050086	0.0882645751	-0.0664934116	0.0777471767	0.0700944019	0.0330562429	0.1019602634	0.0858205925	-0.1181526356	-0.0490606019	0.0282196379	0.0816320422	0.00110616	0.0145016794	-0.0669706076	0.0081120144	-0.0598597807	-0.0564392619	-0.0220460541	0.1460745248	-0.0326153212	0.0575657763	-0.072072784	-0.0359240693	-0.0748109612	0.0924329204	-0.0255895645	-0.0378102641	0.0065831718	-0.0942624186	0.0029969099	-0.0598829907	-0.0108906974	0.0651940636	0.1037294106	-0.0747637284	-0.0457148116	0.0876459258	-0.1531698287	-0.1290395634	0.0109094266	-0.0130445943	-0.0638490392	-0.0127188011	0.0181372709	-0.0559206329	0.0875480534	0.0636340486	-0.0137319543	-0.0555975531	-0.0465359664	0.0310002861	0.0988981451	-0.0125497409	0.0312563063	0.0271321621	0.0121617433	-0.0515042949	-0.0130226019	0.0345825578	-0.0262855145	-0.0567876279	-0.064541807	-0.0183700675	0.0277726938	-0.023109276	-0.0651298231	0.156569981	-0.0235239086	0.0249320423	-0.0778875515	-0.0673881186	0.0411546584	0.0898212967	0.0078064368	0.0	-0.0183958519445894	-0.0110544176189648	0.0001222001488944	0.0003384073687672	0.0289506373965053	0.0159829855409441	0.000255455826802	0.0008381394056639	-0.104059333306651	0.066899627832825	0.0108283448482246	0.0044755602041705	-0.0002722175157505	0.0002805857473183	7.872836159816888e-08	7.410237588137372e-08	0.0016030482324587	0.0002724659627124	7.42377008368494e-08	2.569763635588962e-06	-0.0003532819503463	-5.764943940230003e-05	3.3234578633994633e-09	1.248081364404856e-07
799.154013751098	0.4985429782934716	638647.1376944901	0.2485451012057249	946.8722657715248	-4.970116495296793	896567.0876873011	24.70205797682128	787.2039207554262	1.3286398617625537	1.7652838822644177	619690.0128527153	792.8354747112172	637.0754762686521	1.029408	32.023796	0.106506535295511	0.0524706114508588	-0.0189222976	-0.0113571775	0.0404713887	-0.0512194241	-0.0557767419	-0.1175393846	0.0730407581	-0.1166783704	0.0428605385	0.0606308222	-0.0539066254	-0.0231253971	0.0232377026	0.0866573967	0.0766875149	0.0297216281	0.0109749365	0.0025148685	0.0246652794	-0.0068531111	0.1768907905	-0.0464813656	0.0159184741	0.0159369556	-0.0233674841	-0.0746648102	-0.0246457714	-0.0014077312	0.0284022936	0.0738425238	0.0461315851	-0.0123959682	0.0621872769	-0.0608204871	-0.1091263424	0.0511025668	-0.1513060999	-0.0287560835	0.0314263939	-0.0338821229	0.1002838862	-0.0327590675	-0.0617135268	-0.187101216	0.0793137428	-0.1092598522	-0.0314412682	-0.0563708751	0.0076869101	-0.0810582729	-0.0219411419	0.0562572415	-0.0468054776	-0.0096048782	0.0388978677	0.0433030512	-0.0045323278	0.0087585634	-0.0167194916	0.0019776719	0.0471977281	0.0361341143	-0.0422110423	-0.1073470663	0.0425665542	-0.1264132169	0.0037683552	-0.0885736022	0.0437033409	0.0199420515	0.085242936	-0.0780448319	0.1074809131	-0.0122383245	0.0907531314	0.0761397217	0.0869328032	0.0697638866	0.0402932148	-0.0722322933	0.0078688775	-0.1145213291	-0.0708866346	-0.0021778365	0.0396485824	0.0066288187	0.0159358662	-0.070431097	-0.0687065203	0.1023637641	-0.0325133186	-0.0159509962	-0.0106226778	-0.1077130787	-0.147424628	-0.0185444811	0.0700605527	0.1189228327	0.0705016876	0.0443179904	0.0464341405	0.0627690643	0.0772076702	0.1057540777	0.0945812278	-0.0157595388	0.0075179212	0.1082184427	-0.0051365007	0.0137279811	-0.0097673014	0.0225038472	-0.0172126176	-0.091817194	-0.0774544402	-0.0091884859	-0.0329557932	-0.1578566847	-0.1497517638	-0.0896638616	0.0082730319	0.0334399984	0.1338331917	0.0493670896	-0.050500377	0.0788686684	0.0184801808	-0.0332545567	0.0864335575	-0.1002349262	-0.0425442735	-0.0276953733	-0.0410948191	0.0067630699	-0.0537791404	-0.0705361579	0.1661598473	0.0119260818	-0.0708711772	-0.0062890646	0.034509155	-0.0205805958	0.0079367901	0.1566669599	0.0349716218	-0.0205245595	-0.0108663844	-0.0121019851	-0.03061344	0.154464236	0.0223139586	0.0880723552	0.0071672118	-0.0449792604	-0.0398529717	0.0553874829	0.0580259451	-0.0311197004	0.0414233977	0.0156776032	0.0288634388	0.0237556323	0.0639212088	-0.1098515333	-0.0943058912	0.0136623708	0.037215018	0.0671687019	0.0073574276	-0.0838416798	0.0278479889	0.0089874603	-0.1263531668	-0.0310023126	-0.05856226	-0.0522453191	0.1018406665	0.1993971682	0.0266811917	-0.0172059177	0.098616285	-0.0555863392	0.0494744858	0.0204484096	-0.0518017982	-0.069725071	-0.0009902408	-0.0198416974	-0.0081892188	-0.1361061735	0.0737641554	0.0709365175	0.0126311804	-0.0691763268	-0.0668402024	-0.005087626	0.0399352301	0.0035292164	-0.0182056846	0.0762169576	-0.0562191308	-0.0535494367	-0.0180883491	0.0696500855	-0.0084323806	0.0237729909	-0.0791217655	-0.0648968387	0.0453913792	0.088489186	0.000601222	0.0	-0.0349316998261315	-0.0165358478815421	0.0002734342651615	0.0012202236527429	0.0033473038385523	-0.025603333557953	0.0006555306892798	1.120444298758696e-05	-0.144721677554017	-0.0406623442473659	0.0209443639540488	0.0016534262396912	-0.0005736317620398	-0.0003014142462893	9.08505478661468e-08	3.290533984208857e-07	0.0015521345624518	-5.091367000690009e-05	2.592201793571518e-09	2.4091216999574403e-06	-0.0004750542262231	-0.0001217722758768	1.4828487172215488e-08	2.256765178524283e-07
802.3580175457167	3.2040037946187567	643778.3883198927	10.265640315931392	947.3715097288422	0.4992439573173897	897512.7774459057	0.2492445289179276	786.8665030677614	-0.3374176876648107	0.1138506959490677	619158.8936500874	792.9355148419122	667.5176092237647	1.062253	33.045559	0.1200412104202953	0.0608217402898795	-0.0546830136	0.0001447185	-0.0409718666	-0.1703298487	0.0956364455	-0.0034480757	0.1323140035	-0.0295154055	0.019838994	0.134914757	-0.0453860367	0.0946871002	0.0129137403	0.1836596005	0.0958987372	-0.084104019	-0.0219925379	-0.0216485264	-0.091514165	0.0456198722	0.1115053571	0.0034271668	-0.0097425499	-0.1150394008	0.0300279131	0.0507588312	-0.0477567587	0.0217515156	-0.0067758632	-0.0896940769	0.0025780195	0.0863362862	0.1129493943	-0.1131537561	0.001368295	-0.0078090461	-0.0918954039	0.0224453204	0.0022040238	-0.097617693	-0.0245948861	-0.0458272345	0.0130014765	-0.0212671051	0.0769017605	0.0454790154	0.0936930218	0.0001843763	0.0064731923	0.0678263662	0.0142889215	0.0701941735	0.0157684783	-0.0290614017	0.066851316	-0.0430038632	-0.0230626483	-0.0608669963	0.0363089431	0.04756412	0.0493015237	-0.0011890624	-0.0581440513	-0.0629013333	-0.0189460424	0.0565248403	0.0723618292	-0.080796027	0.094319786	0.0006483761	-0.07890733	0.0410340873	0.0071129247	-0.0180660335	0.1122304435	-0.0817417504	0.0604813832	-0.0447685418	0.0025162725	-0.0121204964	0.0137713943	0.0347392219	0.0101752967	-0.0295864265	-0.0536615633	0.0097806076	0.0112586975	-0.0392297097	-0.0602648232	-0.0350730143	-0.0371205604	0.0048276735	-0.1176341028	-0.0215677502	-0.1417946774	-0.0052743645	0.0593306407	0.1135305183	-0.0994886214	0.0266402714	-0.0362613782	-0.0536140312	0.0433912459	-0.060026723	-0.0008472981	-0.0546462742	-0.101107365	0.1231112445	-0.0850821977	-0.0484847972	-0.0777730451	-0.0460551953	0.005603084	-0.1430483925	-0.025186494	0.0270332287	0.0222558647	-0.038905785	-0.0702111809	0.0272113435	0.0202424757	-0.1189079021	-0.1103473453	-0.0333032624	-0.0029695538	-0.0406621237	-0.0189142128	0.0276899112	-0.0537875317	-0.0547500223	-0.0097512374	-0.0104190124	0.0037425072	-0.0470589627	-0.0756803876	-0.0072275909	0.0352311254	-0.0159921025	0.05362913	-0.0032013958	-0.0304871763	-0.0476344384	-0.056769496	0.0557475118	-0.0017034918	0.1039379721	0.0689602166	-0.0530392563	-0.0519470392	-0.0385407519	-0.13190933	-0.0374026396	0.0965987889	-0.0280755864	-0.0709116383	0.0085406697	0.0508487883	-0.0435406459	0.0791061378	0.022390069	-0.0477274835	-0.0466739875	0.0879439447	0.0004932135	-0.1564415359	0.0585379369	-0.0350837755	-0.0544119679	-0.0074210998	-0.0141485753	-0.0707832146	0.0978703232	0.0910886497	0.0681898663	0.0044341171	-0.0385629655	-0.0204630806	0.0353358165	-0.0308707527	0.0175825231	0.0684756051	0.0161609049	0.1557180158	-0.01079927	-0.0329085731	-0.0432945087	0.0481049931	0.086254325	0.0629772531	-0.1371984253	0.0590491048	0.0468429425	-0.0284941627	0.0153341164	0.0217611348	0.0064834071	0.0653254221	0.1513020538	0.0296203064	-0.0742085371	-0.0315385036	-0.1299677812	-0.0229103246	-0.091139915	-0.0543586812	0.0226098321	-0.0803012987	-0.0623046536	0.0495026423	0.0867749746	-0.0066077305	0.0	-0.0316320657325803	0.0032996340935511	1.088758515132543e-05	0.0010005875825102	-0.0310265802324494	-0.0343738840710017	0.0011815639061266	0.0009626486809206	-0.1268853809825145	0.0178362965715024	0.0160998999070778	0.0003181334753865	-0.0014796018651561	-0.0009059701031163	8.207818277405594e-07	2.18922167937341e-06	0.0013049576646231	-0.0002471768978286	6.109641882021951e-08	1.702914506458575e-06	-0.0006125351389629	-0.0001374809127397	1.8901001367768493e-08	3.751992964642992e-07
802.2732653515257	-0.0847521941910827	643642.3922977995	0.0071829344202029	947.5510030076994	0.1794932788571941	897852.9033008971	0.0322178371549064	787.7959981623055	0.9294950945441088	0.8639611307815617	620622.5347205433	793.1432269226489	654.8764443331478	1.11591	34.714764	0.0922308199571557	0.0492718185844807	-0.1093632271	0.0733532225	0.063556878	0.0525044555	-0.0651196577	0.0515726365	0.0114323851	-0.0579283588	0.0995250514	0.0579830022	0.025171813	0.0101915059	-0.0332928221	-0.0419882031	0.1401889274	-0.0576093747	-0.1088359926	-0.0184211348	0.0441995673	0.0537273332	-0.0487725637	-0.1134900429	-0.0936369222	-0.023811635	-0.0909604364	-0.0159092931	-0.0068141876	0.0769208291	-0.0348481731	-0.0619804362	-0.0793713879	0.0217126614	-0.032150819	-0.0158355403	-0.1089231871	-0.049845349	-0.0396846177	0.0704537275	-0.1306969825	-0.1049988443	0.0727749364	0.061952291	0.0120137298	0.0925464915	0.0575725364	0.0807400429	0.0121779541	-0.0034687491	-0.0335865988	0.0137766751	0.0719614676	0.0211734153	0.0188564628	0.0147333897	0.0372319092	0.0483109981	0.0765631975	-0.0284996215	0.0241553057	0.0034214642	-0.0191334508	0.0179064457	-0.2095969524	0.0393999156	-0.047647829	0.1169374314	0.0111964809	-0.0909208274	0.0421505027	0.0684505265	0.0354338442	-0.0529708387	-0.1087528238	-0.0718403037	-0.0374089766	-0.0263649967	-0.0011207923	0.1093179182	-0.0626240443	-0.0078613312	0.0048062509	0.0907043189	-0.007082994	-0.208674263	-7.42568e-05	-0.0461937074	0.0073051942	-0.1514293795	-0.0075422114	-0.0012297945	0.0236308895	0.0643216767	0.0415372459	0.0319303271	0.0149502376	0.0333971482	-0.0012852586	0.0896963826	0.0413039306	0.0688863149	0.0083159575	0.1186716467	-0.0332874633	-0.0148960426	-0.0474528659	0.0942714618	-0.0566590587	0.0727660079	0.0979670984	0.0679424616	0.0442398139	-0.0140058151	0.0018399881	-0.0340298537	-0.0405688841	-0.051351987	0.0875961617	0.0233820559	-0.0199381661	0.0154123903	0.0049586086	0.0061828252	-0.1960747729	-0.0210192702	-0.1245973755	0.0067561792	0.0552471392	0.1106105655	0.0233137338	-0.0584650283	-0.0331288142	-0.080604979	0.0388964138	-0.0399501631	-0.15383299	0.0413762636	0.0390772639	0.1448075274	-0.0356165735	0.0313171175	-0.1251169667	-0.0360018652	0.0238187182	-0.008177346	0.0154920204	-0.0072944167	0.0029090605	0.0438599478	-0.0697002036	0.1017915431	-0.0554579694	-0.0402314405	0.0062092222	0.0259538174	-0.0737819604	-0.0285304371	0.0093562206	0.0642797096	-0.0289100045	0.120008799	0.0218111926	0.0128264826	0.0146057371	0.0053158042	0.065314817	-0.1025948937	0.0201109818	-0.0057489694	0.0871310341	-0.0073798002	-0.085141196	-0.041455037	0.0371255374	0.0881800441	0.0739931344	-0.0241176147	-0.0611880508	0.082826013	-0.0117187966	0.0496899538	0.0020235017	0.1007385539	0.0367305518	0.020532494	-0.0728119865	-0.0932715675	-0.0821651997	0.0843793506	-0.0494687653	-0.0880620045	0.0398926285	0.0128297152	-0.0162897861	0.078565429	-0.0301064139	-0.0104282736	0.0142892023	0.0792556315	0.1341476319	0.0702326242	0.11015974	0.073379644	-0.0055772089	-0.0043928372	0.1200756701	0.0214427666	-0.081425336	-0.0596155937	0.0534770846	0.0846860645	-0.0137756027	0.0	-0.033963277944224	-0.0023312122116436	5.434550375716687e-06	0.0011535042487166	0.011487172384065	0.0425137526165144	0.0018074191615381	0.0001319551293812	-0.1238487723466619	0.0030366086358526	0.0153385184117752	9.220992007334606e-06	-0.0011297528071196	0.0003498490580365	1.2239436340902636e-07	1.276341405194616e-06	0.0015521815972225	0.0002472239325994	6.111967284991268e-08	2.409267710756192e-06	-0.0003226231997359	0.000289911939227	8.404893250635974e-08	1.0408572900783043e-07
802.1864885492085	-0.0867768023171038	643503.1624109095	0.0075302134203817	954.992995811614	7.441992803914672	912011.6220492414	55.38325689351777	787.257842081195	-0.5381560811105146	0.2896119676362267	619774.9099183398	793.8931862750853	676.2307457382329	1.069174	33.260876	0.1585564370728598	0.0928412135753992	-0.0439911865	-0.0056742403	0.1220630962	-0.0330011643	0.0182776702	0.0481556764	-0.072063708	-0.0154351656	0.0441168053	0.0982467059	-0.0041150263	-0.0452432471	0.0733273599	-0.092706708	-0.0038428282	0.0020100356	0.0370073685	-0.0169857558	-0.0159336178	-0.0987271586	-0.0242806856	0.0390750602	-0.1049626045	-0.0555203024	-0.0646509636	0.030415387	-0.0590754152	0.0708728586	-0.067665414	-0.0817238589	0.0080076339	0.008901799	0.0125828252	-0.0372896161	-0.170592855	-0.0328561029	0.0952542261	-0.0529229091	0.0548977978	-0.0591875964	0.05764588	0.0779392688	-0.0356538332	0.0651071045	-0.0413217346	-0.0879522508	0.0397822273	0.0339628593	-0.0151777461	0.1448784833	0.0444525279	0.0179661427	-0.0172575931	-0.0079461526	0.0997080511	-0.0164128072	0.1467664695	0.0038192453	-0.0785248532	0.2029866686	-0.0616228302	-0.0610657822	-0.0067656223	-0.0844834312	0.0106130874	0.0877404035	0.014543221	0.0414210366	-0.0463313988	0.0289978502	-0.084008911	-0.0010323681	-0.0410696148	-0.0097473542	-0.0406650817	0.0878906774	-0.0728410001	-0.0597631495	0.0313712993	0.0063467875	-0.0466497458	0.062847373	-0.0388077248	0.0658443384	0.0616847456	0.0566736129	0.0328571397	0.0368962445	0.034420797	0.0014887632	0.0211693879	-0.0120496041	0.1362802736	-0.0193983629	0.0251723844	-0.0661959072	0.1512458197	-0.0240728449	0.0692759625	-0.1130402076	0.1030105105	-0.078415231	-0.0084895769	0.0892947028	-0.0070763075	0.0331595043	0.0087918995	0.1217695711	0.0582350509	0.0067484677	0.1035302502	-0.0408393126	-0.0506221578	0.0111502823	-0.0941846689	0.0106754041	-0.128855753	0.1564287712	0.0237692093	0.0609272667	0.082796294	-0.0527110967	0.0353564595	-0.1078152641	-0.0744151865	0.0041217271	-0.0526450113	0.0005357227	-0.1326379272	0.0304554967	0.0944651683	-0.0825810584	-0.0423553693	-0.0375918028	0.0917042733	-0.0439134607	0.0953213379	0.1145795213	0.0405074704	-0.0365106604	-0.10727071	-0.0034594655	0.0252102552	-0.0434558338	0.0674159943	-0.0519575233	0.0270689293	0.0189120956	0.0957835123	0.0368269032	0.0202363138	0.0185153778	0.0301685433	0.0283222882	0.0253472441	0.026039133	-0.0622104746	0.0818106094	-0.0318498148	-0.0103846345	-0.0248719466	0.0838631136	0.0413604989	0.0441116153	0.0895095827	0.0261244297	0.0133730387	0.0597018536	-0.0964853662	-0.0499567	0.0494486705	-0.0450648144	-0.0472328995	-0.1003220553	-0.1280676335	-0.0170058205	-0.0113391037	0.0798428936	-0.0017341961	0.0039898455	0.0274236204	-0.0327460011	0.022960467	0.0392224592	0.0260775128	-0.0119290908	0.071568373	-0.0442412919	-0.0668159959	-0.0898008828	-0.068263566	0.01329356	-0.0610078706	0.1672240634	0.0763490694	0.132428224	0.0905700719	0.0241937549	0.0275364059	-0.0105341243	0.1478394546	-0.0167457403	-0.0496274219	0.0343131461	0.0818814141	0.0202719962	-0.0824931004	-0.0568338402	0.057303721	0.0822314759	-0.0208578319	0.0	-0.0204723268708164	0.0134909510734075	0.000182005760865	0.0004191161675055	-0.0076890690433373	-0.0191762414274023	0.000367728235282	5.912178275320798e-05	-0.1854820491788018	-0.0616332768321398	0.0344035905675674	0.0037986608130671	7.82400149036008e-05	0.0012079928220232	1.4592466580595765e-06	6.121499932115675e-09	0.0014769896343136	-7.519196290890003e-05	5.653831286093398e-09	2.181498379869822e-06	-0.000324557769602	-1.9345698661000403e-06	3.742560566822328e-12	1.0533774580902493e-07
799.9015817024222	-2.2849068467863844	639842.5404100368	5.220799298491298	950.7756037427888	-4.217392068825234	903974.2486724644	17.786395862189984	786.6706224598479	-0.587219621347117	0.3448268836950515	618850.6682413645	792.884765082607	655.7350250413214	1.049761	32.656944	0.1984792875757543	0.1181090482392461	-0.0550178771	-0.0085363426	0.0282517676	0.0344683453	0.0534567746	-0.0083112542	0.0667676173	-0.0127697819	-0.0104763251	-0.0193009521	0.0750631192	-0.0012003484	-0.057373473	-0.0492415362	0.0762402499	0.0187988347	-0.0106420659	-0.1092349377	-0.1971641019	0.0210551721	0.0103671558	-0.0904787704	0.021742124	-0.03094293	-0.0214301451	-0.0126540458	-0.0424206587	-0.0742937573	0.1320189232	0.0558319081	-0.0162724633	-0.0045507581	0.09076088	-0.0636964967	-0.141442857	-0.018579289	0.0022369799	-0.1203705707	-0.1369670782	-0.0258497305	0.0504651446	0.0189593982	0.1578849174	-0.143737672	-0.0897575901	0.0115813961	0.0137856795	0.0154358571	0.0424544006	0.1052787427	0.0877511032	-0.0483170319	0.0038428681	0.007995586	-0.0914832797	-0.0348203366	-0.0737950562	-0.0336647792	-0.0133883209	0.0238492818	0.1422478107	0.0647193416	-0.0213336617	-0.1065051625	-0.035074275	0.0046507724	-0.0398276467	-0.0160422443	-0.0036858614	0.0245988755	0.1066567153	0.1029698232	-0.0182267107	-0.0245648479	0.0101242524	-0.0670094485	-0.1206803228	0.0142639083	0.0738904917	0.1055581158	-0.0442598138	0.0478371776	-0.1142288641	-0.0461124158	-0.0620206457	-0.0130822149	0.0050280198	0.0102050209	0.0701934092	-0.0115525538	-0.0323725029	0.0348323568	-0.0287017939	0.0792822777	-0.0538456938	0.0047209202	-0.0590587007	0.0028698415	-0.0078447992	-0.015668132	-0.129016317	-0.1216850039	0.0961767062	0.0612511227	0.0047740516	-0.0349839453	-0.0395682529	0.0283305859	0.013841013	0.1176629496	-0.0344228297	-0.0494550693	0.0602908918	-0.0493408638	-0.2435493648	0.0650150802	0.0608814814	-0.059683858	-0.0608696677	0.0044150998	0.0612897591	0.0856976199	-0.0978597791	0.0499190232	0.093918033	-0.0145014538	-0.1072261136	0.0776359778	0.0052953974	-0.0359957785	0.0068988692	-0.0770549223	0.0216093366	0.0828114644	0.0086922909	0.0159076825	0.0432104909	-0.074557059	0.0438247448	0.0225215245	-0.0474472167	0.0158009697	0.1038491852	0.0660615167	-0.0222239518	-0.0285196319	0.0589959431	-0.0825903987	-0.1653529157	0.0073085251	0.0646543485	-0.061871892	-0.0135164249	0.0146443135	0.0324824412	-0.0075914987	-0.0223942245	0.0587704074	0.0670706647	-0.0507450498	-0.0690068084	-0.0063795922	-0.0035158344	0.0932592707	0.1494898882	0.0698548485	-0.0416983622	0.0295541619	0.0503316664	-0.1103096697	0.0026261244	0.1486546354	-0.044437421	-0.0491095229	0.0277395833	-0.0954179309	-0.0444077418	0.0006320324	-0.0705164445	0.0309054159	-0.0324183108	0.0458799165	0.0966319448	0.127769819	0.0019746769	-0.0649196204	0.0549601495	0.0495083444	0.0415286984	0.0282066677	-0.0520767892	0.009395434	-0.0085245773	0.0754112861	-0.0351107808	0.1866540831	-0.067144126	-0.0891538345	0.1107628054	0.1635132615	0.0298410459	0.0118756677	0.0156704996	-0.0007907229	0.044121285	0.0190977232	-0.0835038541	-0.0539637182	0.0609719752	0.0794218076	-0.0278103878	0.0	-0.0009459172056125	0.0195264096652039	0.0003812806744133	8.947593598737606e-07	0.0851544704738813	0.0928435395172186	0.0086199228300853	0.0072512838416871	-0.1143553980576399	0.0711266511211618	0.0130771570649212	0.0050590004997114	0.0003032519418638	0.0002250119269601	5.0630367274342026e-08	9.196174024416553e-08	0.0015514533006333	7.446366631970003e-05	5.544837601771628e-09	2.407007344045961e-06	-0.0003247359217655	-1.7815216349999135e-07	3.1738193359727644e-14	1.0545341888488897e-07
798.7178116427118	-1.1837700597103549	637950.1426353224	1.4013115542666572	949.5817307225916	-1.193873020197202	901705.4633221125	1.4253327883547888	784.9952721589113	-1.6753503009365431	2.806798630848166	616217.5773118433	791.486821128259	653.5454416882628	1.082559	33.67725	0.1934234679116855	0.107027913884456	-0.0201715227	0.0815771265	-0.0321360943	0.0311118002	-0.0423820378	-0.019303562	0.0980498526	0.0654272098	0.0635463675	0.0155305762	0.0521852241	0.0143636536	-0.0796481701	-0.0469671395	-0.0296145407	0.0002483929	0.0434955841	0.0123784924	0.0358130613	-0.2138811121	-0.0211873953	0.0461931903	0.0206565145	0.0320722564	0.0035567496	-0.0179371236	0.0190736558	0.0314418153	0.0400443918	-0.0476566404	-0.0746468053	-0.0320236228	0.0963560439	0.1388011769	0.0201283831	-0.0696344813	-0.0366003804	0.0827929311	-0.0229852486	-0.0250255544	0.0172395123	0.0275822168	-0.0475790996	0.0543240001	-0.0427362003	0.0279340456	0.1172058011	-0.0478288005	0.0108060484	0.0296193506	0.034065546	0.0461402901	-0.0232926992	-0.0239064943	0.1037123649	-0.0793644932	0.0047994999	-0.0210468441	0.1242864656	-0.0024286271	-0.0878303349	0.0199663979	0.00069227	0.0561580743	-0.0581575357	0.0396808799	0.0105415207	-0.0059477297	0.0260776173	0.0538919909	0.00278198	0.0278450444	0.0836874468	0.0198132979	-0.0913451003	0.0025161726	0.057947157	0.0233390546	0.0266827208	0.0586321922	-0.0313820555	0.0879679235	0.1466797118	0.0322380102	-0.0858649547	0.0622932159	-0.0102328778	0.0039881554	0.0689112914	-0.1076436209	0.0425279442	0.074588612	0.0843134371	-0.0786549649	-0.1443986741	0.1279819515	-0.0118053987	-0.0436112782	0.124187455	0.0033837735	-0.1009696676	-0.0179955933	-0.0394076251	0.066990303	0.0149756098	0.0610448249	-0.0207351982	-0.0468018622	-0.0581269552	0.0720876185	0.1698558091	-0.1443787553	-0.092790153	0.0311216042	0.0491594224	-0.042711668	-0.0272454142	0.0853530995	-0.0445834384	-0.006209359	0.010726236	-0.0131474326	0.0057164662	-0.0757992669	-0.0291474688	-0.063495303	0.0155421254	-0.0592847337	-0.0111061711	-0.0696689928	0.0088926291	0.0030830467	-0.0014270738	0.0177171394	-0.0777857987	0.0700118254	-0.081139933	-0.0210980783	0.1661648624	-0.0200560237	0.0184169363	-0.0052143677	0.0320616866	-0.0432721098	-0.0340584102	0.0272719832	0.0173585572	-0.0306000132	0.0538759068	0.0709198082	-0.077474643	-0.0818311399	0.0075152464	0.0753894363	0.0257146414	-0.1546760767	0.0297398663	-0.0123142463	-0.0296134869	-0.0452822737	-0.1047204975	-0.0318027885	0.0524021191	-0.0617927809	0.1267187475	0.0004517275	-0.0244583413	-0.0018292681	0.0510294574	-0.0021434207	-0.0872005315	0.0144430811	0.0189301278	-0.0272413315	0.0622570061	0.1121497337	0.030276002	0.065165618	0.0630730837	-0.0948607911	-0.0113914438	0.0400718785	-0.0046781465	0.1422536063	0.0979402848	0.0710579554	-0.0770319767	-0.0311649679	0.0250967922	-0.0290311763	-0.1587949104	-0.0562990424	-0.0005426092	-0.011397702	0.1105000338	0.0822418825	0.076333321	0.0601807901	0.1826129526	-0.0504186212	-0.1404023924	-0.0817860589	0.0180414512	-0.0118827847	0.0785046966	0.0179201505	-0.0844568986	-0.0510096905	0.0644717082	0.0762691921	-0.0345900464	0.0	0.0125043055577549	0.0134502227633674	0.0001809084923842	0.0001563576574817	0.0135942778353523	-0.071560192638529	0.0051208611704633	0.0001848043898647	-0.187516472744889	-0.0731610746872491	0.0351624275506847	0.0053525428493932	0.0005278801218482	0.0002246281799844	5.045781924310403e-08	2.786574230424705e-07	0.001552038655211	5.85354577699879e-07	3.426399816342037e-13	2.4088239872691693e-06	0.0001550901001232	0.0004798260218887	2.302330112815352e-07	2.40529391562242e-08
799.1603409166287	0.4425292739168753	638657.2504939822	0.1958321582733969	946.9346733345892	-2.647057388002395	896685.2755632852	7.006912815378061	785.149971189193	0.1546990302816766	0.0239317899700911	616460.4772583906	791.4387538688568	649.2090248150179	1.060278	32.984108	0.1524626412414749	0.0862612850687439	-0.0754839457	0.0294060483	0.128610213	0.0169994068	-0.0838614286	-0.0835503486	0.0996787985	0.0516678644	0.0053637663	0.0561684816	-0.0418621167	-0.062213168	-0.0884111316	0.0878966024	0.1023477996	0.002687488	-0.0354412294	0.0318143853	-0.0622045785	-0.0400819731	0.0994699644	-0.0988019084	0.1570965205	-0.0250516726	0.0266589845	0.0351082839	-0.0695305682	0.0238080642	-0.1255023244	-0.0004533345	-0.0658631892	-0.0220637613	0.1220802039	0.0157970647	-0.0421449125	-0.0692991392	0.0174892944	0.0138465035	0.1470574552	-0.0442344628	0.017308808	0.0713601476	-0.0473662323	-0.0469909454	0.1694335718	0.0635601448	0.0134299044	0.0361350329	-0.0720954654	0.0308165562	0.1740429361	-0.1305495319	0.0585571162	0.0753777682	0.002211433	0.0164280372	0.0679077247	0.0641259645	-0.0481773048	-0.1401591702	-0.0559950721	0.0091639713	0.0851978694	-0.0637467122	-0.0361131428	0.0996046089	0.046848573	-0.0784561978	0.1376791674	-0.0803414617	-0.0088610922	-0.02851305	0.080065864	0.0984352851	-0.041950587	0.0137651947	-0.0056273255	-0.0221713898	-0.1192630655	-0.0663692695	-0.0924875345	-0.0757255279	0.0443282403	0.0331265468	0.0099613532	-0.018092266	-0.1097823977	-0.0002031711	0.0283560403	0.0145662324	-0.0576628905	0.0263365308	0.0948741723	0.0036891816	0.0236222716	0.023222183	-0.0150306018	-0.029988341	0.0035011321	-0.0078041086	-0.0608931532	-0.0986895422	-0.0041876789	-0.0051829297	0.0129671156	-0.0264033136	-0.0617700464	0.1231738903	-0.0275194733	0.1287900481	0.0227769149	0.0635030281	-0.0743733661	-0.0347896649	0.0330976562	0.022368312	-0.1596979831	-0.1153240183	-0.0511132923	0.0084075379	-0.0246392662	-0.0393694036	-0.1314775737	-0.0661433426	-0.0349374861	0.0053202132	0.1688487771	0.0611865637	0.0648526394	0.0776505504	0.0092239576	-0.0632017524	-0.2081882623	-0.0822874749	0.0082933644	0.1282401739	-0.0473245024	0.0376861077	-0.0605687304	-0.0255778318	-0.012433056	-0.0352075792	-0.0848601471	-0.0541841038	-0.0107933685	-0.1381556994	-0.0017626986	-0.0271120456	0.0630544809	0.021291606	-0.0525098465	-0.0192750186	0.0410762419	0.0346789225	0.0196460316	-0.0337906353	0.0180914477	-0.1052879189	0.0490914566	-0.068032038	-0.0230425953	0.0063286079	-0.0167844925	0.0020291645	0.0297711148	-0.035680335	-0.0237338834	-0.0403052001	0.0078517899	0.0331817579	0.0676122843	-0.0471149294	-0.0991208062	-0.1288700167	0.0508980523	-0.0043251792	-0.0271005574	-0.0460153552	0.0513994176	0.0400519355	-0.0177773793	0.0651674949	0.0820374328	0.1340676974	0.0243878682	-0.0114048002	-0.0372823759	-0.0275570722	-0.0862151145	-0.0060075688	0.0526969893	-0.0585225151	0.0380033294	-0.0727636332	-0.0807473928	-0.0418119364	0.0225909568	0.0027220461	0.0260471835	0.0377242993	-0.0360820369	-0.0001313412	0.0214861357	0.0078100167	0.062294458	0.0167394815	-0.0853515751	-0.04797635	0.0677932473	0.0727872424	-0.0411546584	0.0	0.0069610350024191	-0.0055432705553358	3.072784844965287e-05	4.845600830490388e-05	0.0633336410504057	0.0497393632150534	0.002474004253039	0.0040111500887016	-0.1351790100660537	0.0523374626788352	0.0182733647624382	0.0027392099996584	-0.0002800513042208	-0.000807931426069	6.52753189229888e-07	7.842873299577107e-08	0.0015519919716782	-4.6683532799879364e-08	2.179352234677412e-15	2.4086790801535872e-06	6.621731387999118e-05	-8.887278624320882e-05	7.898372134631086e-09	4.384732657481272e-09
801.3073686892948	2.1470277726660925	642093.4991157614	4.609728256599522	950.824777363152	3.890104028562746	904067.7572476874	15.132909353040104	786.1036078161775	0.953636626984462	0.909422816326302	617958.8822216106	792.1907732136513	655.5074374972949	1.093084	34.004688	0.1063927160426577	0.0548359186765825	-0.0226373072	0.1242788888	0.0653568531	-0.0439130265	0.0305951385	-0.1155613288	-0.0527988056	0.1085831467	0.1292317608	0.0371777742	-0.0174661803	0.0138446929	0.0734251307	0.0644032484	0.0017414519	-0.0049131595	0.0011526815	-0.0602220255	-0.0894281368	-0.0876699547	-0.0662504285	0.0210270394	0.0711066519	0.0296016194	-0.0205810422	0.0221106326	0.0846130448	0.0269829486	-0.0183436975	0.0886269096	-0.0706239375	-0.0724705365	0.0360135431	-0.0779832063	-0.0079182124	0.037198052	-0.0134402496	0.0717387711	0.0810332422	-0.0619958176	0.0062111901	-0.0119611632	-0.0253230345	0.043101143	-0.0488525121	0.0067574888	-0.0432120578	-0.062796207	0.0235415744	0.0024775738	-0.0684867209	-0.0044990865	-0.0301628592	0.1130341416	0.1028977535	0.0065980734	-0.0129335142	0.0075696496	0.079113305	0.0201729543	0.007850023	-0.0343010968	-0.1513425204	-0.0286042909	-0.0506073724	0.0054798101	-0.012576417	0.0936422432	0.0220487052	-0.0064773434	0.1033616394	-0.0194269141	0.014908614	0.0471484735	0.0887055081	-0.0733673069	-0.0505708708	-0.1318583409	0.024974115	-0.0825685877	0.0351914506	-0.0209995917	-0.0332773396	-0.0498241212	0.0630343752	0.0338885465	-0.0748887042	-0.0085387995	0.0142829941	0.051984602	0.1406419867	0.0118785929	0.0745929085	-0.1216915964	-0.0080303653	-0.009763475	-0.0969627314	-0.2049767001	-0.0713357907	-0.016307763	-0.0913287026	-0.0385971779	-0.002969364	-0.0301954167	-0.0064538191	0.1212691157	0.0023252423	0.0805939225	-0.101676284	0.0034484108	-0.0336334374	-0.0602589443	-0.031530907	-0.0301613463	-0.0321562731	-0.0204376383	0.0038316295	-0.0124574964	0.0384894195	0.038778457	0.0396902322	-0.0543691684	0.0813859878	0.0079929638	-0.0289513635	-0.0402030234	-0.0640086596	0.0094832078	0.0534064592	-0.014732005	0.0273646332	-0.0032958851	-0.0546908848	-0.0091098863	-0.0540014222	-0.0369854515	-0.0848371938	0.0084921223	-0.0121090571	-0.0956618602	-0.0736060834	-0.0709909881	0.0484723393	-0.0075053678	0.0366987212	0.0181391122	0.0033748867	0.016020714	0.0031390801	-0.1190239626	0.0466754861	-0.0012337572	-0.1169755054	-0.0559265981	0.0349434793	0.0192961173	0.1148148322	-0.0090934384	-0.0153645168	0.0576790646	0.0602392481	-0.0458708437	-0.1127892575	-0.0255194531	-0.048511915	-0.0492984347	-0.0226479174	-0.0095274638	0.0761010975	-0.125228967	0.0905783849	-0.1735775737	0.0835144682	0.0822662171	-0.1139790342	0.0004951494	-0.0839144724	0.0166948455	0.0301768592	0.0849723856	-0.0115017657	0.066895111	-0.0634114882	0.0893214757	-0.02323762	0.01915909	0.1043341379	0.0177581574	-0.0280117939	-0.0395519404	0.0658600199	-0.0415772506	-0.001823443	0.0120714199	-0.0478912886	-0.1160447577	0.0819524795	-0.066074357	0.0286670804	-0.175887624	0.0234076855	0.0451645087	0.1359106288	0.0258763599	0.0532099671	0.0155559202	-0.0861872655	-0.0448684131	0.070927412	0.0689909938	-0.0474634117	0.0	-0.0200116417062901	-0.0269726767087092	0.0007275252888325	0.0004004658037809	0.0307299957452329	-0.0326036453051728	0.0010629976871855	0.000944332638502	-0.1413754929160404	-0.0061964828499866	0.0199870299972533	3.839639971017924e-05	-0.000993975961567	-0.0007139246573462	5.096884163668893e-07	9.879882121730424e-07	0.001552019354911	2.7383232799977827e-08	7.498414385777815e-16	2.408764078018357e-06	-3.222886911679045e-05	-9.844618299678164e-05	9.691650946635816e-09	1.038700004547209e-09
802.0391763514937	0.7318076621988894	643266.8404025823	0.5355424544530037	948.1976629598252	-2.6271144033268	899078.8080424742	6.901730088167129	787.8385470083069	1.7349391921294457	3.010014000386773	620689.5761521603	792.9796988232498	649.1772721943103	1.076094	33.476139	0.1029886722171175	0.0454004993694091	0.0747910028	0.0809176131	0.0977403902	-0.0034641883	0.1286945777	0.0279815847	0.0446023726	-0.0236366147	-0.0061627584	0.0331204051	-0.0727821156	0.1347831405	-0.0341450669	-0.002626715	-0.0295641165	0.0859798016	0.0121980368	-0.0392516164	-0.1737559447	0.0671954747	-0.0441060574	0.0051966887	0.0174422267	0.1114140902	-0.0162458564	-0.0453227785	0.0954419828	0.0189354039	-0.1072970678	0.0658178585	0.0637163825	-0.0497983767	0.0272450006	-0.1520728854	0.0359422625	0.1830108179	0.0198197835	0.0466968837	0.1068778848	-0.1046497308	-0.0245185767	-0.0096984256	-0.0251956177	-0.0457091331	-0.0208870262	0.023288896	0.003388087	0.1175483102	0.0128101225	0.0975580913	-0.029651677	0.1114301769	0.0263440972	0.0209750133	-0.0256720018	0.0459756777	-0.0530687701	0.1067547932	-0.061296923	-0.0429390065	0.0018187483	-0.0098107396	0.0125208986	0.1148916059	-0.019772427	0.0278307555	-0.0458505688	0.0090136876	-0.09654415	-0.0417211531	0.0434361604	-0.0382009691	0.0591268255	-0.0124416035	0.109409706	0.0414798485	0.020554018	0.108970873	-0.020183555	-0.1152479369	0.0632364583	0.0519947768	0.0654773355	0.000677278	-0.0239412866	-0.0125851794	-0.0421891895	-0.0169567464	0.0593102836	-0.0047455698	-0.0858311815	-0.0942612669	-0.0005255226	0.0018445339	0.0119952437	-0.0048992819	-0.0069425892	0.0409295082	0.0698975433	0.0708724436	-0.0444383361	0.0129296516	-0.0648809811	-0.059747294	-0.1575402369	-0.0142435232	0.0678787372	0.0741317171	-0.0956931429	-0.0281016968	-0.1183614486	-0.0219533537	0.1505784514	-0.0344108569	0.0164285693	-0.0169084518	0.0154443697	-0.0448115281	-0.0682004775	0.0324996812	0.1287001398	-0.1294352257	0.0687130007	-0.0439693903	0.0004691796	0.0722167132	-0.0087933702	-0.0374903008	-0.0371599733	0.0255950544	-0.1082265844	0.047077369	0.0230856854	0.1306504092	-0.0365960483	0.06331141	0.0154558144	0.0662877701	-0.0924417027	0.1439217047	0.0055351132	0.1090708186	-0.0279544374	-0.0285492851	-0.0536970818	0.0124923629	-0.0136875352	0.0907016803	0.055582643	-0.1009706795	-0.0012119278	-0.0157231806	-0.0258716966	-0.050603387	-0.0083192034	0.0294659955	0.0727415087	-0.0840543532	0.0445165429	0.0393652346	0.0369171203	-0.0344169036	0.0082827374	-0.1333343698	0.0682834796	0.0956400095	0.0080735321	0.0331997421	0.0298341428	0.053238713	0.0475985516	-0.0443471311	-0.0184991171	-0.0357970966	0.0232687043	0.0641192403	-0.0890350638	-0.0650757403	-0.0480503052	-0.0916225707	0.0249083642	-0.0933310669	-0.0060955274	0.0892635363	-0.0183440023	-0.0251738288	0.0473151146	0.135975486	0.0323833336	0.0390377184	0.0567876615	-0.01815613	0.009194736	-0.0398753963	-0.0063424655	0.0567509333	0.0011490739	-0.0438306256	0.0531693972	-0.0199391565	-0.0242578269	-0.016721283	0.0676824121	-0.0424015743	-0.0610605515	0.0143696711	-0.0869633921	-0.0416907124	0.0738655397	0.0648968387	-0.0534770846	0.0	-0.0038203660013635	0.0161912757049266	0.0002621574089529	1.459519638437414e-05	0.0634574598737458	0.0327274641285129	0.001071086908283	0.004026849213628	-0.1481413159230129	-0.0067658230069725	0.0219458494834019	4.577636096167854e-05	-0.000588709358985	0.000405266602582	1.6424101916835678e-07	3.465787093565296e-07	0.0018020946225785	0.0002500752676674	6.253763949897173e-08	3.2475450287263465e-06	-0.0003229691864014	-0.0002907403172846	8.452993209475544e-08	1.0430909536478225e-07
801.199543325555	-0.8396330259386104	641920.708225078	0.7049836182468273	954.5689891284665	6.371326168641303	911201.9550057424	40.59379714721347	788.0562599214051	0.2177129130981256	0.047398912529672	621032.6688013131	793.9168693514563	663.0248678741033	1.030466	32.05669	0.0786827574850836	0.0421748674434337	0.0759235821	0.0247696148	0.0195942642	-0.0467992529	-0.0642324925	0.0857300419	0.0818721401	0.0207515768	-0.0238886487	-0.0705277063	-0.09079327	-0.0258029947	-0.0009509299	-0.0668510315	0.1000965994	-0.1256909331	0.0127066675	-0.0650428145	-0.0194258162	-0.0025084521	-0.0482536187	0.0167715118	0.0427886558	0.1002366128	-0.0203068162	-0.0424922409	0.0680184725	0.0471064164	0.0351455195	-0.0132872905	0.0616785374	0.0131278114	-0.03104326	0.0973181107	-0.0623199079	0.0820087711	0.0096764972	0.0934895668	-0.020376378	0.0198374003	0.0720758653	-0.0942464926	0.0231367463	-0.0426721878	-0.033199856	-0.0226883937	-0.0407246413	-0.0058161424	-0.0543081381	-0.0729082984	-0.1134354492	0.0401277403	-0.043990849	0.0684607825	-0.0084227485	0.0044820443	-0.0195067299	0.0895457518	0.0109475418	0.0017136375	0.0237977414	-0.0372256473	-0.0268491193	0.0550885142	-0.0625439619	-0.0129485326	0.0823994191	0.1499786631	-0.0365718159	-0.0943038867	0.1274524328	-0.034394028	0.0462439573	-0.1000933875	0.0566493966	-0.0162989082	-0.1008903716	0.0929292818	0.024193265	0.0161086765	-0.0359875776	0.0043494616	0.0321777564	0.0160052013	-0.0614706334	0.0721242954	0.1147490796	0.0737021276	0.1175812964	-0.0574383085	-0.0562375754	0.0620910361	0.0221841085	-0.0483285032	-0.0565617497	0.013203102	0.0335523283	-0.0228727898	-0.0676654115	-0.0406418319	0.004139696	-0.0373742488	-0.1644077959	-0.0245223949	-0.030349089	-0.0220915942	0.0715029118	0.0030316193	0.1194788136	0.0639853259	-0.0217286459	-0.0564173068	-0.0281939317	0.0457216433	-0.0506259799	-0.0829555316	0.0924503154	-0.0765535138	-0.0480414777	0.0071137311	0.0036224469	0.0486895779	0.0664998014	0.0408529697	0.016846498	0.0188236794	-0.0813942956	0.0169269149	0.05802481	-0.0267820324	0.0030773656	0.1568038483	0.0565451581	0.0638169056	-0.0409100274	0.0345645469	-0.010354809	0.0448610194	-0.0516205254	-0.0348542379	-0.0508466323	-0.0949945639	0.0625582765	0.0003178926	0.0205894227	0.1480543586	0.1372701856	0.088070196	0.0985231527	-0.0624930593	0.1064491381	-0.0388644571	-0.0669067456	0.025096497	0.1114066849	0.0172019274	0.0244903026	-0.0660426203	0.0253602611	-0.0127697636	0.0885383084	-0.0487690536	0.1224108047	-0.0395356735	-0.0397608748	-0.03124532	-0.0755788131	0.0173368569	0.0105825707	0.03765931	-0.0871054215	-0.0690748456	0.0518092414	-0.1166224194	-0.0742345	0.0188558429	0.1214198937	-0.0729040312	-0.0694366609	0.1415803391	-0.0042828006	-0.0562583216	0.005345209	0.0802710229	-0.019771983	-0.0438600636	-0.0907643236	0.0806446736	-0.0410927362	0.0315299911	0.0542491613	-0.0038290825	-0.0256142649	-0.0106189558	0.0112276154	-0.034396439	-0.003940422	-0.1103903505	0.0089857515	0.0053619251	0.0103294999	-0.0448905285	0.1398552774	0.0529539963	-0.0717531496	0.0131809392	-0.0876794186	-0.0384481886	0.0765995097	0.0605224558	-0.0591582902	0.0	-0.0211168923041782	-0.0172965263028147	0.0002991698221439	0.0004459231405862	0.0376791622377368	-0.025778297636009	0.0006645206290106	0.0014197192669376	-0.148131719119533	9.596803479922087e-06	0.0219430062093082	9.209863703224472e-11	-0.0001277484827462	0.0004609608762388	2.124849294228423e-07	1.631967484395616e-08	0.0015520203869672	-0.0002500742356113	6.253712331657603e-08	2.408767281561817e-06	-0.0003239008094069	-9.316230055000214e-07	8.679214243768928e-13	1.0491173433444497e-07
800.9782382297253	-0.2213050958297344	641566.1381175946	0.0489759454402079	952.2587648606458	-2.310224267820672	906796.7552539228	5.337136167627561	788.7872358718511	0.7309759504460089	0.5343258401304462	622185.3034743553	794.9734739870908	655.7709296799762	0.995673	30.974316	0.0463113868013213	0.0277249056977715	0.006349504	-0.082768676	0.059510255	-0.0711325785	-0.0192307838	0.0001822084	-0.011811675	-0.0465421529	-0.0580859787	0.0173911856	-0.0728801972	-0.0735682029	0.0581466286	0.0071383742	0.0439596416	-0.0267050524	0.0797392801	0.0092039046	-0.0311195765	-0.0108002528	0.000190202	0.0775590571	-0.065796969	-0.0236689064	0.0234326662	-0.0053331238	0.0456390634	-0.0413601047	-0.0926760541	-0.085144498	0.0669421133	0.0488119697	0.0358929894	-0.0221109584	-0.0624675726	-0.0012857491	-0.0068576368	-0.0334684158	0.1160758139	0.0310142357	-0.0872486676	0.0426141197	0.0208433171	-0.0098088108	0.0159010491	-0.1003978349	-0.1189341445	-0.0488522509	0.0346705269	-0.0323155414	-0.0310816668	0.0163339425	-0.0102614569	-0.045804157	-0.0677077572	-0.0880967358	-0.0606023922	0.0338540979	0.1461300945	-0.1063892929	-0.0455196243	0.0070277939	0.0039496899	-0.0522151669	0.0459284529	-0.063544725	-0.0243527129	0.0152351035	-0.0470585551	0.1089677054	0.1435404603	0.0789132505	-0.1005143642	0.0270045709	0.105540168	-0.0106937213	0.0631754185	-0.0174695145	-0.0400617068	0.0190247461	-0.1537310191	0.0178915338	-0.1063280479	-0.0644441889	0.0227947522	-0.0450850371	0.0903230426	0.0802183751	-0.0127656375	-0.0384018985	0.0564041714	-0.051888642	-0.1137472449	0.0439554931	-0.0520214479	-0.0141450543	0.0319196479	0.0148012451	-0.083142733	0.0042133271	0.0057026135	-0.1248328635	0.0017497793	-0.0956259475	0.0391539217	-0.0796884595	-0.0055057339	0.065494912	0.0395441336	-0.0283484662	0.0310673544	0.0017495712	-0.0135624979	-0.0473371801	-0.0324202403	0.0749206583	-0.0757573639	-0.0581012602	0.1375411472	0.0189574527	0.063371773	0.0213537719	0.0371948115	0.065025675	0.0093228242	-0.0059355588	-0.0025701516	-0.0248301074	0.0303974263	0.0832092538	-0.0132788263	0.0664564006	0.0029024144	-0.0096101881	-0.0698601552	-0.0117007169	-0.1112379362	-0.0892369327	0.0848007171	-0.0389357554	-0.0310005857	0.1208869659	-0.0685028391	0.1384918645	0.0321581758	0.0490021436	0.0684176008	-0.0283776183	-0.0062651028	0.0348160899	0.1095269397	0.0155166118	-0.1307468075	0.0085208956	-0.1264896156	0.0823393538	0.0634162595	0.0489467976	0.0155203242	-0.0841799192	0.0340759666	-0.0045197809	-0.0574169128	0.0400170256	-0.0152691087	-0.0616142337	0.0280739328	0.030948786	-0.0519741795	0.0244576196	0.0379871175	-0.0090318271	0.0899942485	0.0911490617	-0.0266564144	-0.0604806301	-0.0017438637	0.0213760116	0.0408626713	0.038099658	0.0003057643	-0.0487134267	0.073287912	0.0107987982	0.0085111186	-0.0508433149	0.0304327453	0.0084478559	-0.1177278993	0.0523570833	0.0402585658	0.0006191068	0.0535815713	-0.0372848559	0.0346555078	0.0307208676	0.0298721364	0.0275699879	-0.0362440185	-0.016078473	-0.0589516321	-0.094593795	-0.0023307762	0.0681607654	-0.0558111356	0.0119899299	-0.0883348501	-0.0351458834	0.0791217655	0.055886734	-0.0644717082	0.0	-0.0252913804545045	-0.0041744881503262	1.7426351317214668e-05	0.0006396539252944	0.0376835669428885	4.404705151700439e-06	1.9401427473416385e-11	0.0014200512175391	-0.170237404865162	-0.022105685745629	0.028980774015225	0.0004886613422845	-4.129944949541361e-05	8.64490332507864e-05	7.473435349995572e-09	1.7056445286242196e-09	0.001238007610429	-0.0003140127765381	9.860402382922944e-08	1.5326628434801228e-06	-0.0003239751636222	-7.435421529996752e-08	5.528549332873925e-15	1.0495990664403127e-07
801.4977843508489	0.5195461211235397	642398.6983193199	0.2699281719745158	948.2323593745958	-4.026405486049953	899144.6073651126	16.211941138093156	788.0767560929601	-0.7104797788909991	0.504781516213003	621064.9734940028	794.0545791649905	655.3831908735872	0.995922	30.982069	0.0255664823983792	0.0143063079391484	-0.0565418633	-0.0620465139	-0.0885167823	-0.0630246363	0.0554875007	0.0004559067	0.0173668516	-0.1031130024	-0.0413490671	0.0364888562	0.0575504886	-0.038466985	0.017005643	0.0346759521	0.0723719442	0.0127693131	0.0129951372	-0.0271243099	-0.0441257101	0.1099102727	0.0424499912	0.0533881778	0.0254225224	-0.0291020689	-0.0922436252	-0.026981883	0.0392231377	0.0749890997	-0.0197110219	-0.0237258319	-0.008464903	0.1343985316	0.039826235	0.0007186434	0.0775195681	-0.0161223127	0.0065412035	0.0714523799	0.0606371163	-0.0001803929	0.0386994843	-0.0368486302	0.0822944076	-0.1006420289	-0.039016447	0.0103657044	0.0701425885	-0.1001942307	0.1650492375	-0.0588383556	0.082098975	-0.0926964042	-0.0233798837	0.0471795744	-0.0139458782	-0.0065184268	-0.0439321497	-0.0322263672	0.0076879725	0.047949296	0.0264890165	0.0412708258	0.0126154236	0.0243400643	-0.0776076335	-0.0019064952	-0.0480768866	-0.117186045	0.0764996034	-0.0018906196	0.1267268515	-0.0329829414	0.0595128966	0.0734676575	0.0182496601	-0.0030595533	0.0167029434	-0.0246928006	0.0230785661	0.0557711398	0.0403785536	0.0236390823	0.0802753707	0.058621388	0.0726098349	0.0788379476	0.0178282965	0.0074278072	0.0886797661	0.0838665534	-0.0114989397	-0.064812923	-0.0149535933	0.1016416363	-0.052991948	-0.0110933775	-0.0315176234	0.0187112163	-0.0580441724	0.0286089138	0.0560416998	0.1086931315	0.0239015525	-0.0058115165	-0.0613700582	-0.0480788586	-0.0852518377	0.0034997044	0.0094995973	-0.048016769	-0.0415331097	-0.0738209295	-0.0292749036	0.0645123612	-0.058275812	-0.0319509781	-0.0006254161	-0.1289904415	-0.0968226043	0.0256777115	-0.0388128805	0.011101702	-0.0123299002	-0.0461206747	0.0899831671	-0.0644134228	0.0279317466	-0.0927736198	0.0321729879	-0.0130035065	-0.0212815965	-0.0593417222	-0.0325200685	-0.0046031564	0.0327931154	0.0624930018	-0.067268831	-0.1482903182	0.0321402388	0.0765373318	-0.0294441728	-0.0294395631	0.0172132533	-0.044323451	-0.0014546071	0.0084990008	-0.0912780245	-0.0629581933	0.0351307277	0.1259551181	-0.1021479172	-0.0555515856	-0.0360660648	0.0216297953	0.0240623803	0.0406285019	0.0511508933	-0.0621905431	-0.0634967629	-0.0656517175	-0.041217391	-0.0810869176	-0.0160609235	0.0068636593	-0.0115031357	-0.031233353	-0.1048962389	-0.056425045	0.0951380457	-0.0933479289	-0.043512823	0.0080643766	-0.052342308	0.1037656209	-0.0342595702	0.0112761579	0.0509286771	-0.0084709576	0.0122866794	0.0372145688	-0.0935633878	0.0379945502	0.0928202361	0.000886208	0.0238430471	-0.0540831889	0.0735798144	0.0829383501	-0.0172209273	0.0591944537	-0.0314437802	-0.011443916	-0.0364698745	-0.0184789776	-0.0568639053	-0.0387022305	-0.0218365169	0.1005681047	0.0654120799	0.0646599799	0.0018746291	0.0099392185	0.0343082906	-0.0342615453	-0.0156806505	0.010796849	-0.0889292336	-0.0317889315	0.081425336	0.0510096905	-0.0693843053	0.0	-0.0172599534696757	0.0080314269848288	6.450381941263623e-05	0.0002979059937753	0.045957040807707	0.0082734738648185	6.845036979183485e-05	0.0021120495998012	-0.1618259910570998	0.0084114138080622	0.0261876513816125	7.075188225045955e-05	-4.129675678471925e-05	2.6927106943654393e-09	7.250690883550007e-18	1.705422120936255e-09	0.0012550074169512	1.69998065221999e-05	2.889934217922303e-10	1.5750436166025231e-06	-0.0003239743080417	8.555805000023605e-10	7.320179919842893e-19	1.0495935227109833e-07
801.3891702491248	-0.1086141017240152	642224.6021925808	0.0117970230933147	952.1259847476782	3.8936253730823855	906543.890831736	15.160318545910952	787.4574630928838	-0.6192930000762544	0.3835238199434476	620089.2561806805	793.6103783152331	656.6777860055009	0.993123	30.894997	0.0413095341384064	0.0290433845170313	-0.0571975986	0.0196748464	-0.0406098636	0.0799714378	-0.0433031653	0.0790262198	-0.0233892146	-0.0575409224	0.065428319	-0.0272675488	0.0632041674	-0.0574622376	-0.0369896155	-0.0582398062	0.066010013	-0.0850817563	0.0074117337	0.0387720812	0.0485841599	0.0449626284	-0.0622322698	0.069375226	0.0625392088	-0.039273701	0.0086465507	-0.0641404804	-0.0107290072	0.0068932163	0.0190998352	-0.0208039194	-0.0564555837	0.002794753	-0.0393751749	0.0215343161	-0.0250536984	0.0109323064	-0.0334893845	-0.0398653526	-0.0016427734	0.0593957227	-0.1167305363	0.1625299957	0.0305549686	-0.0761452712	-0.0122165216	0.0908114723	-0.0692692664	0.0210260935	-0.0031241734	-0.0598605571	-0.0424013449	-0.000440801	-0.0577073602	0.0240206	0.095070942	-0.0907830293	0.0628958622	0.165640168	0.0462914731	0.0245843683	-0.0779746	0.0955981698	0.0920647076	0.0273710035	0.0290286314	-0.055591227	-0.0373815004	0.0013629772	-0.04503638	0.0666965405	0.0096758538	0.1069037027	0.0785543036	-0.0534156158	0.0059687065	0.0191337842	-0.0306621953	0.0063997721	0.0172379811	-0.0167365075	-0.0338204732	-0.0676351399	-0.0022906251	0.0505910568	0.0986383119	0.0194625278	-0.0308614365	0.1892070933	-0.0646677671	0.0151109474	-0.058706714	0.1463288683	-0.0029982066	-0.0549320373	-0.0346048179	-0.1380127753	0.0146621615	-0.0028073639	-0.1153613456	0.0882645539	0.0264070878	-0.0961362429	-0.0847412405	0.0360720261	-0.0109315914	0.0758933723	-0.0605964046	0.0040253552	0.0765938041	0.0123096064	0.0018229732	-0.0547856351	0.0279909016	-0.0021738715	0.0572459986	0.0995169956	-0.0672235604	-0.0465842973	0.0721746315	-0.1217360082	0.0075027746	0.0941040173	-0.0391610767	0.0623174784	-0.0121489598	0.069231441	-0.0865100309	-0.1117759121	-0.0017110395	0.0906766362	0.1034690859	0.0382560802	-0.1028024914	0.1201495908	0.0358884812	-0.0992930602	-0.0029497264	0.039840311	0.0714619094	0.0405053975	-0.0090954505	-0.0594778279	-0.0090671404	0.0069583375	-0.0690936137	0.0204467173	0.0812752206	-0.0113234714	0.0434808204	0.0321089568	0.0334841008	-0.0272568581	0.0089282889	0.0088853761	0.0294500434	0.0742438122	0.0456840367	0.1223191234	0.1227141174	-0.0669801708	0.0089532239	-0.0272824036	-0.0255311599	-0.0195576083	-0.1738215301	0.0180389635	0.0701002883	-0.084721121	0.0666758937	0.0298873942	0.0230658684	-0.0558080865	-0.0884371167	-0.0935881924	0.0869362615	-0.0486784354	0.017663882	-0.0747198661	0.021042964	-0.0543016176	-0.0051755574	0.0898856248	0.0005741237	0.0065757625	-0.0210160681	-0.0679310083	-0.0938506896	0.0903963034	-0.026108947	0.0674123978	-0.0486835044	0.0236539601	0.0299419492	0.0143186294	0.0705530903	-0.0331963924	0.0066698267	0.0007076821	-0.0379597087	-0.0625242461	-0.015833232	0.018882548	0.0045049048	-0.0668548638	-0.0005907891	0.0096019025	-0.0894621585	-0.0283825523	0.0835038541	0.0459123846	-0.0738655397	0.0	-0.024509305437661	-0.0072493519679853	5.255310395573235e-05	0.0006007060530365	0.0183032900134634	-0.0276537507942436	0.0007647299329901	0.0003350104253169	-0.162831319200464	-0.0010053281433642	0.0265140385125633	1.0106846758401278e-06	-4.1279204046952887e-05	1.7552737766361133e-08	3.080986030946403e-16	1.7039726867499714e-09	0.0013630102601109	0.0001080028431597	1.1664614130578781e-08	1.8577969691675835e-06	-0.0003239726392829	1.6687587999809903e-09	2.784755932513996e-18	1.0495827100392805e-07
801.1638439166913	-0.2253263324334966	641863.5047993686	0.0507719560879306	952.2926677678596	0.1666830201813809	906861.325084427	0.0277832292167866	787.8086337803796	0.3511706874958236	0.1233208517562893	620642.4434589084	793.3368250622029	659.4890332737127	0.999614	31.096926	0.0387201668605946	0.01836057732494	0.0236478143	0.0019880521	0.010696413	-0.0216165842	-0.0714814945	0.0108792161	-0.1386017251	-0.1327283485	0.0933228377	-0.0668198092	-0.0234695602	-0.1861372581	0.0339498209	-0.0503245311	-0.018816337	0.0345244346	0.072881312	-0.0977662419	-0.0341106667	-0.0032572758	0.0352503058	0.1776620529	0.0001622604	-0.0676353834	-0.0471413041	0.0397982417	0.0264605011	0.0030409876	-0.0926267251	0.0306784064	0.0562222756	-0.0827450465	-0.0039078905	-0.0719442181	-0.0150362317	-0.0784036387	0.0184255147	0.0666544852	0.0488845821	-0.1044489791	-0.0963328572	0.0532278927	-0.0195194515	-0.127215257	-0.0114511919	-0.1211947666	0.0348029866	0.0643097941	-0.0977229154	0.0128875907	-0.1544889338	0.0486656791	-0.0273636149	0.1122438319	-0.0513761556	0.0148252871	-0.1156214096	0.0350137346	-0.1816042456	-0.0284223709	-0.0774833415	-0.0002299825	-0.0127848651	0.0587657823	0.0005235043	0.0321840952	0.0375313845	0.0458406726	0.036534173	0.0074999907	-0.0243750465	0.0540608588	-0.0253985671	-0.0575512861	-0.0540439565	0.0147531271	0.05698164	-0.0570632961	-0.1206872334	0.1117056978	-0.0569650865	-0.0811731349	0.0229545086	0.0344335649	0.0391725459	-0.0624261137	-0.0089673908	-0.0708846113	0.0426322034	0.1398518992	0.0027197828	0.040991759	-0.0633715257	0.1486206273	0.0660241139	0.1019377978	-0.0851426814	0.0793352861	-0.0333699388	0.0343842665	0.0574400791	0.0676586514	0.0321255975	-0.0047935946	0.0916327661	0.0708711381	0.0632108672	0.0459785389	0.0380399432	-0.0211898773	-0.0549243845	-0.0319168935	-0.0505890874	-0.0453997365	-0.0449722023	0.2111531043	-0.0790939517	0.0311334908	0.0008756408	-0.0512000637	-0.0241989521	0.0149021132	0.1650002418	-0.0334317003	-0.0928525971	0.0692538284	0.047015465	0.0989441688	0.0393902224	-0.0293849827	-0.1637431312	0.0893120194	-0.114072239	0.0699669254	0.10824132	0.0020396998	-0.020331268	0.0719756373	0.0182636228	0.085020757	0.0059196623	0.0650637847	0.0531135386	-0.0003336466	0.0187939455	-0.0008306696	0.0337574339	-0.0252425248	-0.0569940745	-0.0061448429	0.0004575929	0.008589581	0.0587309759	-0.09893714	0.0605378944	-0.1097555278	0.0128477346	-0.050354935	-0.1276088369	-0.0425512347	0.0683350171	0.1107721572	-0.0356936824	0.0869363696	0.0136944439	-0.0993891167	-0.0054155338	-0.0053614133	-0.0080636051	0.0049233745	-0.0199843747	0.0210474337	-0.0629742004	0.0881403108	0.0450662312	0.0066082653	0.032360132	-0.0453431326	-0.0241327813	-0.0044699448	-0.0649421093	0.0156568062	-0.0900965906	0.0435461963	-0.0354455993	-0.0903823889	0.0577392872	-0.0217852142	-0.1425570636	0.0542082629	-0.0169072616	0.0143970359	-0.0484450392	0.051353588	-0.02533331	0.0347381844	0.0119121655	0.0144133181	-0.0445348791	-0.0524784188	-0.0843101685	-0.0654579058	0.0400642814	-0.0328658121	-0.047086092	0.008405297	-0.0899332563	-0.0249320423	0.0853515751	0.0406168267	-0.0778875515	0.0	-0.0131109916197971	0.0113983138178639	0.0001299215578905	0.0001718981012543	0.0234753067601616	0.0051720167466982	2.6749757228126645e-05	0.0005510900274836	-0.1537370897948591	0.0090942294056049	0.0236350927785925	8.270500848176922e-05	0.0001482330319771	0.000189512236024	3.5914887602836334e-08	2.1973031769123956e-08	0.0014339766202582	7.09663601473e-05	5.0362242725562904e-09	2.05628894744713e-06	-0.0003246061809201	-6.335416371999812e-07	4.0137500606603264e-13	1.0536917269153269e-07
799.9884527790147	-1.1753911376766837	639981.5245797618	1.3815443265288887	949.7929094327206	-2.4997583351389494	902106.5708086723	6.248791734096652	787.4721817165572	-0.3364520638224348	0.1131999912503757	620112.4369774344	793.6220044755711	646.633753377645	1.077965	33.534336	0.0675139180477733	0.0401382801100713	0.0850469095	-0.0524838487	-0.0033304856	0.0222290432	0.1184869974	0.0407201878	-0.0093630745	-0.0143174291	-0.0359702672	-0.0712446454	-0.0499828328	0.004079495	-0.0154473957	0.0450806983	-0.0222983623	0.0319537972	0.0684666524	-0.0530554499	-0.115588883	0.0275605585	0.0472672899	0.053396649	0.0140649602	-0.0856168175	-0.0306171606	-0.0515506188	-0.0197102486	0.0652328687	0.0045992664	0.09195054	0.0466513003	-0.0012241964	0.0073789163	-0.0229931587	0.0855695909	0.0560380833	-0.0820562088	-0.0221343456	-0.0131833374	-0.0571252329	0.1056344463	0.0480626172	0.1402883107	0.0042936916	0.0027248572	0.1309702839	-0.0513742211	-0.0221573005	-0.0585224752	0.0165314555	0.0202859162	0.009186774	0.0906628144	0.0319833452	-0.0692742872	-0.1071985147	0.1297196795	-0.0262177389	0.0152410321	0.093996069	-0.0234613746	0.1005249063	-0.0574503734	-0.1227679298	0.010371262	0.0577060026	-0.0615193475	0.0416386066	-0.0196463402	0.0048724472	0.0358630412	0.0319944126	0.0235176767	-0.0990117271	0.0973941248	-0.066244586	-0.1114442244	-0.0520446024	-0.1350299476	-0.0034609705	-0.0090151643	-0.0475525162	0.0743331709	-0.0412006387	0.02851153	-0.1283474926	0.1792042792	0.0486665815	-0.0411082324	-0.0571901116	-0.0415168312	-0.0651219842	-0.0048120968	-0.0369095872	-0.0056794924	0.0437619704	-0.0302994635	-0.0392216933	0.0046140635	-0.1505310537	0.0013992672	0.041868666	0.0011447172	-0.0181622139	0.0023508311	-0.0507184226	0.0612673888	-0.0239901048	-0.0313460963	-0.0009146387	-0.076599776	-0.0776572597	0.0676128053	-0.0518868403	-0.0846416725	-0.0743355461	-0.0656783238	-0.071524696	0.0468924967	0.0018063922	-0.0125041071	-0.0013409875	-0.1846556625	0.0399726381	-0.0333428334	0.0080083934	0.0138030659	-0.0175413292	-0.1250779279	0.0127204314	0.0071627904	0.0304253315	-0.0398284605	-0.0148080562	0.0536650412	-0.0352318867	-0.0548232276	0.0935981694	-0.0516890122	-0.0293497109	-0.0972292336	-0.0974916913	0.1299968486	0.0521581398	-0.1163283196	-0.0381181246	0.0403073724	0.0296221221	0.0020613265	-0.007410732	0.0231691231	-0.0714045615	-0.0156214011	-0.0790946044	-0.0170620116	-0.005675596	-0.081960673	-0.0055778315	0.0073320426	0.0511104637	-0.1207909283	0.1157735901	-0.1023867835	-0.1846898975	0.0019090178	-0.0140859995	-0.0810394398	-0.0212040914	-0.0419865283	0.0122726583	-0.0281401246	0.1200390241	0.1435687709	-0.0946199949	-0.0617780626	-0.0842513869	-0.0213938816	-0.039782713	0.0198315503	-0.0730786841	0.0368166672	-0.0906967209	0.0295045929	0.0292105074	-0.0085226002	-0.0774387371	0.0723875081	0.0933138885	0.0250593718	0.110233639	6.58866e-05	0.0261504186	0.0001400061	0.0025844943	0.0183881451	0.020253525	-0.0682261046	0.0277365185	0.0507241882	0.0408056963	-0.0492388454	-0.02537471	0.0645306276	0.0120654668	-0.0134815394	0.0072072393	-0.0903422016	-0.0214427666	0.0869633921	0.0351458834	-0.081425336	0.0	-0.0257222344122283	-0.0126112427924312	0.0001590434447696	0.0006616333431576	0.0585052471893874	0.0350299404292257	0.0012270967264751	0.0034228639486913	-0.1635015451814041	-0.009764455386545	0.0267327552767067	9.534458899582812e-05	-4.126576948852647e-05	-0.0001894988014656	3.5909795756908926e-08	1.702863731480202e-09	0.0014460075850761	1.2030964817899947e-05	1.4474411444954634e-10	2.0909379360976148e-06	-0.0003239703584122	6.358225078999745e-07	4.0427026155221324e-13	1.0495679312972935e-07
799.2634284989438	-0.7250242800708975	638822.0281358862	0.5256602066923232	950.7381540765824	0.94524464386177	903903.0376169472	0.8934874367493642	787.6942395325984	0.2220578160412287	0.0493096736650001	620462.2149928386	794.1285911835243	657.5434456188593	1.026425	31.931007	0.0571009088182646	0.0283305949470934	0.0303399434	-0.0536242805	-0.021887081	0.0521656833	-0.0858867806	0.0884845767	0.0254718897	0.0593170009	-0.0365344827	-0.0895180115	0.0650620374	-0.0756695012	-0.0113032506	-0.0173943427	-0.0133919339	-0.0864447909	-0.0156397936	0.1013915613	-0.0706927001	-0.0373954647	-0.0864263207	0.130825108	-0.0038668624	0.1164269254	0.0083871925	-0.0999061467	0.1044449795	0.008317509	-0.0401820343	0.084963063	0.0234890636	0.0122367195	0.0275733523	0.1152626243	-0.0136865655	0.0997746779	0.0814544398	0.0078426811	0.0546194525	-0.0172877649	-0.107246832	-0.101853236	0.1060431076	-0.0495670255	0.134569368	-0.0738731695	-0.0708734482	0.0838743217	-0.0282082871	-0.0930899275	0.0099966923	0.0906683111	0.0140380101	0.0222312171	-0.053511735	0.0017202282	-0.0057757699	0.0112190923	0.0686371491	0.0164982424	0.030537046	-0.0356481515	0.0353147475	-0.1158963636	0.0667995454	-0.0560765874	-0.045008808	0.0325387166	-0.1061890037	-0.0707586093	-0.0119028683	0.0615058912	-0.0984758308	0.1098591496	-0.0255763872	-0.1012915223	-0.0568866849	0.0187988367	0.0483860371	0.0446224828	0.0630493584	0.0631446816	0.0986186324	0.0865925397	0.0017282851	0.0754702881	-0.1410946063	0.0056512198	-0.0476372198	-0.0482343425	0.0290018989	-0.0224169573	0.0931795172	0.0276503527	-0.0211544695	0.1302531565	-0.0878194705	-0.0592886972	0.0899961102	-0.044238754	-0.0127056383	0.1113370073	-0.0118903229	0.0422574713	-0.0166446515	-0.0336641519	0.0005243641	-0.0847436734	0.0578219737	0.0695394011	0.0015944933	-0.0831349951	-0.04257479	-0.0405087815	0.0553278845	0.0885635234	0.0327581756	-0.0648776439	0.0309076762	0.1703652038	-0.0521520492	-0.0762501948	0.1098435363	0.1277102561	-0.0113433654	0.1120608858	0.0065092138	-0.1091989862	-0.0552673862	0.003738337	0.0076044317	0.0006449739	-0.0113081416	-0.0021899553	-0.0007010482	0.0070350685	-0.1132104182	-0.0377605253	-0.0260989281	-0.0795972687	0.0613830348	0.0444724501	0.0407937145	-0.0119801746	-0.0536178898	-0.0865047076	-0.0740388291	-0.0651411317	0.1284788611	-0.0906137352	0.1078279695	-0.0227175979	-0.0687386272	-0.01817821	-0.0704459921	0.0738449651	-0.0529370474	-0.0002248976	-0.0076400958	-0.0634602468	-0.0416146827	-0.0868817333	0.0413787263	-0.0288060179	0.1180327142	0.0465686555	-0.0187371132	-0.0100597338	-0.0031537995	0.0083444538	-0.0775650586	0.0070326014	0.0704303475	0.0123956136	0.0887669304	0.1745298472	-0.0168661924	0.1011368198	-0.067309575	-0.0562564133	0.0553089434	-0.0102179331	0.0251220596	-0.0046266658	0.0302281981	-0.0445615192	-0.0964931296	-0.0253418789	-0.020101353	0.0937686138	-0.0203091926	0.0189321704	-0.0491782822	0.0185580479	-0.0026072627	-0.0455956001	-0.0150977977	-0.0173194137	0.0488470063	-0.0573137591	-0.0427957873	-0.0844757802	0.0209077866	-0.0134522696	-0.0722050851	0.0060079362	-0.0906887116	-0.0179201505	0.0883348501	0.0295231785	-0.0844568986	0.0	-0.0249683771237414	0.0007538572884869	5.68300811404823e-07	0.0006234198561933	0.0494631641044094	-0.0090420830849779	8.17592665156452e-05	0.0024466046032197	-0.1822992134851375	-0.0187976683037333	0.0332330032372997	0.0003533523336571	0.0001577205521025	0.000198986321591	3.9595556180327415e-08	2.4875772555517417e-08	0.0011379674780616	-0.0003080401070145	9.488870752950461e-08	1.294969981125878e-06	-0.000387089932628	-6.311957421580001e-05	3.984080649183885e-09	1.498386159419496e-07
799.812554179719	0.5491256807752052	639700.1218234859	0.3015390132868325	950.9474241244084	0.209270047825953	904301.0034488474	0.0437939529170766	787.6902785893099	-0.0039609432885754	1.5689071735310788e-05	620455.9749841046	793.6341464356234	650.8408518022447	1.058886	32.940807	0.2574346159577964	0.1365664990606838	-0.0216970193	-0.0651264169	-0.0421413516	0.0155485806	0.0341936865	-0.010825781	-0.0706935672	-0.0133999933	-0.0053889492	-0.0178959986	0.013730769	-0.0103469347	0.0501963039	0.0119158795	-0.0437191165	0.0803233994	0.0269108583	0.0954408054	-0.049847329	-0.0029935081	-0.032690405	0.0518092131	0.071505993	0.0406034497	-0.0060566315	0.0041799581	-0.133745419	0.0355527469	0.1232109394	-0.0872907344	-0.0261238269	0.0174142522	0.0178118959	0.048811846	0.0475083732	0.0442835545	0.1194945249	-0.147462179	0.0895191879	-0.0606009582	-0.0689206063	-0.009478341	0.0043368768	-0.0551576487	-0.0336305212	0.0176355576	0.0434668965	0.065182184	0.0591484382	0.0950368872	-0.0745450446	-0.0268910224	-0.1580585931	0.0351714688	-0.0168415219	-0.0205877035	0.0772644503	-0.069245007	-0.0376368878	-0.0783848382	0.0541248728	0.0785093765	-0.1560201406	0.0105365795	0.0241490971	-0.0589456976	0.0271717906	0.0661764033	-0.0379554974	-0.0177935214	-0.0410616233	-0.0039845722	-0.0450755433	0.01220686	-0.1130281032	-0.1188873749	-0.0107117951	0.0434371388	0.1049904725	0.0147657782	0.0537470511	-0.1143127518	0.030043364	-0.0076197001	0.0278495351	-0.0598091963	-0.0728496307	0.0252318564	-0.1465141472	0.0152903147	-0.0044502412	-0.0944940598	-0.0772247639	0.0176189931	-0.0671583787	-0.0038266857	-0.0254922154	-0.1110888324	0.0670175667	0.0742140278	-0.0171766978	-0.0167643235	0.000853693	-0.0710525934	0.0066851137	-0.0086399751	-0.0428731114	-0.0542962258	-0.0303747145	-0.0097561238	-0.0093139621	0.0094234947	0.030453265	0.0177384213	-0.0282806029	0.086296856	-0.1072413292	0.0485438064	-0.0415438507	0.0970318116	0.0253884748	-0.1143121058	0.0661781615	0.0434543794	0.0857046804	-0.0017367817	-0.0548471399	-0.0873829655	0.0599457394	0.0705690138	0.0427729358	-0.0834365152	0.060359772	0.0517229459	-0.1093481805	-0.017510632	-0.0934830364	0.093582589	-0.030217227	0.0708104475	0.1411452754	-0.1231745439	0.0040548678	0.014884428	0.1183813866	-0.0369931265	-0.0288277256	0.062340397	-0.1279482089	-0.0562100686	0.0523357349	0.0645269972	0.0912017906	-0.0813436811	-0.035395274	-0.0997965605	-0.0783661566	0.0151512623	0.0888581684	0.0103088643	-0.0489000943	0.0005433213	-0.1086634854	-0.0200750503	-0.0117413855	-0.0187756327	-0.0672247151	0.1369618911	0.0840437461	0.1382585114	0.0475251202	0.0885656996	-0.0169593615	0.1570618621	0.0493346996	0.0406897548	0.1158705331	0.1121860247	-0.0551569655	-0.0085942978	-0.0059974585	0.0322626343	-0.0357901108	-0.0859972347	0.0762210565	0.0002699572	0.0327300532	-0.0363158339	-0.060478461	-0.0071104179	-0.1685778451	0.097563264	0.1756101441	-0.1481107853	0.3316632362	0.1313032944	-0.1567061706	-0.1688380928	-0.0969046165	-0.0064559512	-0.0921007832	0.0497006212	-0.0508109364	-0.0254003433	0.0743408808	0.0048075951	-0.090972547	-0.0143696711	0.0894621585	0.0237729909	-0.0869633921	0.0	-0.0722087386921686	-0.0472403615684271	0.0022316517611157	0.0052141019435138	0.022194369628238	-0.0272687944761714	0.0007435871521836	0.0004925900431948	-0.2457157819255684	-0.0634165684404308	0.0603762454872934	0.0040216611527598	0.0021620032423188	0.0020042826902163	4.017149102300689e-06	4.674258019797004e-06	0.0011380030558616	3.557779999991198e-08	1.265779852833737e-15	1.2950509551503396e-06	-1.2303711889611465e-06	0.000385859561439	1.4888760115392744e-07	1.5138132626256653e-12
799.909228424611	0.0966742448920285	639854.7737188565	0.0093459096254439	945.9971375623286	-4.950286562079782	894910.5842761192	24.505337046707663	788.6664655783851	0.976186989075245	0.9529410376397924	621994.7939279021	794.3926799034361	644.2899884252997	1.03124	32.080795	0.126080255274382	0.0692523225779536	0.0385038465	-0.0080804229	-0.0620507462	0.0010572646	-0.0047103282	0.0204972796	-0.0895326065	0.0456964234	0.026566421	-0.0015779695	-0.0056633197	0.0055020993	-0.0118929577	0.0555605694	-0.0456924085	0.0172057875	0.0136185111	0.0657821934	0.0717133357	0.0380320349	-0.1073501149	0.1387706788	-0.0862097362	-0.0526844532	0.0134099697	-0.0028844677	0.0318172085	-0.0709743816	0.0303172669	-0.1266057038	0.0983911111	-0.0145981832	-0.0353846667	0.0887631671	0.088948022	0.0787261566	-0.0284759212	0.0051949451	0.0140673804	0.0576728446	0.0134491214	-0.0197911792	0.0367647066	0.119208311	0.0717105212	-0.0144334393	0.0280979277	0.0414446686	0.0721737352	0.0538107697	0.0805210765	0.057064998	0.030980467	-0.0706639729	0.1565596709	-0.0097598603	-0.0612825185	-0.1161351475	-0.0140658333	-0.0194908609	-0.0112352408	0.0502598594	0.0527576671	0.0629727633	0.1164538432	-0.0277608957	-0.1188167092	-0.0454538659	-0.0276794798	-0.0012462717	0.1258850498	-0.0328477448	0.0002921597	-0.0202997678	0.0661593107	-0.0099757208	0.1158333457	0.0416621394	0.0448477289	0.0065666895	0.0102772408	-0.1633746603	-0.0598395076	0.0214454011	-0.0510153605	-0.0977458376	0.1161796185	0.0101886093	0.0245729748	-0.088328881	-0.0925608177	0.1184894784	-0.0563993107	0.0508908292	0.0085489776	-0.0737680636	-0.1172847617	-0.0729038266	0.0346519879	-0.0766554399	0.0839484931	-0.0248743566	-0.1248695364	0.0103571557	0.113342173	0.0339898169	0.0776422993	-0.0662474178	-0.0121247565	-0.0849577132	0.0416334069	-0.0068124923	-0.0062726441	-0.0101135783	0.1933644165	-0.0948186063	-0.0310170177	0.0600467476	-0.0634909555	0.1094821206	0.0941469287	0.0047481367	-0.0130326263	0.1178095136	0.0134884835	-0.0174055307	-0.0529565839	-0.0223565961	-0.0462673763	-0.1285852544	-0.0063486854	-0.065817518	-0.0061877649	-0.0318687047	0.0277101135	0.0321320313	0.0626966072	-0.0199225452	0.0279036301	0.0624384255	-0.056819513	0.0812957415	-0.0754504331	0.0923283249	-0.0819459412	0.0787521861	-0.0607968999	-0.0313330763	-0.1049737402	0.0237575825	0.0350332344	0.0674989989	-0.0520609159	0.0077249962	-0.0308312107	0.0673950903	0.037920372	-0.0632501839	0.0361052575	-0.0277936519	0.0274345518	0.0216002698	-0.1347141705	-0.1146395456	-0.09306215	-0.0383430422	0.0878318623	0.1748538114	-0.0406510438	-0.0026782452	-0.1046602055	-0.0244633476	-0.0131169121	-0.0646552953	0.0235287716	-0.0018620791	-0.0153779401	-0.143633662	-0.0469183317	0.0288746451	-0.044092941	-0.0403629774	-0.0716359017	-0.0683526193	0.0858306483	0.0459712977	-0.0303108687	-0.0009858648	-0.0119968729	-0.0052102021	-0.1616328797	0.0199460958	0.0629736671	-0.0374563456	0.0757412265	-0.0341156914	-0.0481782299	0.0200611699	0.0197180123	-0.0220675159	-0.0511077562	0.0491555767	-0.0067415587	0.0613588498	-0.0434746488	0.0036064234	-0.0911935115	-0.010796849	0.0903422016	0.0179201505	-0.0889292336	0.0	-0.0320857612632323	0.0401229774289362	0.0016098533177629	0.0010294960758411	0.0222462805834453	5.191095520730091e-05	2.694747270534401e-09	0.0004948969997973	-0.2637004995142149	-0.0179847175886465	0.0695379534440464	0.0003234500667433	0.0011286880304619	-0.0010333152118569	1.0677403270548702e-06	1.2739366701079628e-06	0.0011373169859396	-6.860699220000068e-07	4.706919378730954e-13	1.293489926506736e-06	-0.0003256420754419	-0.0003244117042529	1.0524295385629628e-07	1.0604276129810812e-07
800.1863277713104	0.2770993466994014	640298.159152135	0.076784047941235	951.2443218104888	5.247184248160238	904865.7597766968	27.53294253414092	786.3368311500283	-2.329634428356826	5.427196569785435	618325.6120230681	792.3139303858468	647.6646424819228	1.004321	31.243347	0.1037297986571194	0.0566481729469703	0.0652309386	-0.0616410645	0.0386052017	-0.0056016565	0.0196963528	0.0393338883	-0.0388505081	0.0547088898	-0.0584285314	-0.012618598	-0.025757708	-0.0281557003	-0.0341461737	0.0101846326	-0.0447683874	0.0199304713	0.0959122456	0.0307183067	-0.0131456091	0.0514345617	-0.045515468	0.0583001955	0.0385071237	-0.0094560556	0.0350444982	-0.0221740041	-0.050305492	0.0716945755	0.0218959423	-0.1422107409	0.0088606647	-0.0038751465	-0.0016574913	0.0386808901	0.0157456677	-0.1720988996	-0.0327225226	-0.1064455179	-0.0022009668	0.1023130769	-0.0127501762	-0.0218855391	-0.0709519442	0.1635399006	-0.0046502568	-0.0219142241	-0.0731869216	-0.0330974862	-0.0299707465	0.0173542491	-0.0985436246	0.0359544409	-0.0038151391	-0.0433171346	-0.025625206	-0.0737862921	-0.0739571777	0.1173458919	-0.0289823148	0.1062738518	0.0090336317	0.0809757129	-0.0761296871	-0.0107463054	0.0617837805	-0.073926723	0.0587676752	-0.077950548	0.0753072142	0.0510543755	-0.0357242878	-0.0617559139	-0.0429488097	0.0758837546	-0.111167952	0.1076394837	-0.1359042996	-0.0029125929	-0.0572001494	0.0087579537	0.0005397797	0.0051326387	-0.008226605	0.002781931	0.0210890442	-0.0348312098	-0.1049030762	0.0121786502	0.0634198971	0.0300515372	-0.0347980469	-0.002027548	-0.0655762061	-0.0520099302	0.0443367604	-0.033644508	0.0839036496	-0.0046870247	-0.0448892338	0.0535266065	-0.0847367706	-0.0052126822	-0.0508993262	-0.0536697577	0.019575634	-0.0585882188	0.0101475842	-0.0138259417	-0.0285528645	-0.0047555572	0.0463165805	0.05065668	-0.0894856064	0.0002401641	-0.0005171612	-0.0438171338	-0.0308378507	0.1595189842	0.1105276157	-0.1297728799	-0.1127911431	-0.1082344136	-0.0239128992	0.0470838424	-0.0366859877	-0.002269364	-0.037601268	0.0403325774	0.1124768086	0.0354242985	-0.0616613123	0.0678746356	0.1072785293	0.0125766101	0.0213614963	-0.1402642747	0.0409296226	-0.0027407729	0.0819631026	0.0391899186	0.1507268662	-0.0831927163	-0.0062298688	-0.0004206559	0.0631483098	-0.1127475623	-0.0434438136	0.0786711692	-0.1023451958	0.0761660603	-0.0266561463	-0.0731122673	0.0709356001	0.0650535878	-0.1172779756	0.0814634538	0.0041053644	0.0273119069	0.0258120204	-0.0613347867	0.1163004433	-0.0752985042	0.0279721431	0.0094113604	-0.0031842543	-0.0801126201	0.0186132957	-0.0501200809	0.0386105359	-0.018727074	0.0540580406	-0.0005005175	-0.0087863128	-0.0246945323	0.0428480139	0.0675312813	-0.0273422573	-0.0940056439	-0.0147689041	0.0143085861	0.0649261627	-0.0898111421	-0.0091295514	-0.0541999087	0.0658357736	0.0024142616	0.0191433835	0.0075563989	-0.0028751614	0.0254458806	-0.0721568887	0.0322278726	0.0742678214	0.0460104253	0.0015332199	-0.1136472107	-0.0256945627	-0.1145934299	0.1064287848	0.0430753154	0.074162018	0.0235246682	0.0407865504	-0.0043623825	-0.0151168846	0.0024046285	-0.0913514525	-0.0072072393	0.090972547	0.0119899299	-0.0903422016	0.0	-0.0519478699982585	-0.0198621087350261	0.000394503363402	0.0026985811973559	0.0698346021995917	0.0475883216161464	0.0022646483542417	0.0048768716643752	-0.2485613650579381	0.0151391344562768	0.0617827521994655	0.0002291933920852	0.0008922918749973	-0.0002363961554646	5.5883142318443344e-08	7.961847901861973e-07	0.0011372744930027	-4.249293689985965e-08	1.805649686375454e-15	1.2933932724345484e-06	-0.0005120081040338	-0.0001863660285919	3.473229661311688e-08	2.621522985962866e-07
800.4675648093666	0.281237038056247	640748.3223118376	0.0790942715746509	952.37343814673	1.129116336241168	907015.1656874232	1.2749037007666784	789.160482536965	2.823651386936717	7.973007154949647	622774.2671979754	795.0327288342968	656.2374826573929	1.001735	31.162928	0.0933798876059076	0.0485669867190911	-0.0527510939	-0.0543544374	0.0116447843	0.0869965629	-0.0130327602	0.0444920548	-0.0289684571	0.0393176259	-0.0610135501	-0.016843917	0.0441673345	-0.0247087811	0.0080489932	-0.0222310041	-0.051972362	0.0239706864	0.0494359258	0.1223847687	0.040611087	0.007866549	0.0121692421	-0.0728586806	0.0432843787	-0.0136111608	0.1079073507	-0.0545312387	0.0479724844	-0.0506609757	-0.1025496636	0.0654699668	-0.0364499919	0.0759044204	-0.0623941883	0.0437265427	0.0467607942	-0.1589037275	0.0733427012	0.0182750895	-0.0718603673	-0.0155021361	-0.0961947555	0.053282286	-0.0150886554	0.0539887664	0.0512509016	-0.0447375595	0.0593385174	-0.0426357532	0.0146682171	0.0314886307	0.0354951645	-0.0775786873	0.0132468893	0.0214122285	-0.0420779091	0.0624921444	0.1297254361	0.1012821844	-0.0715648221	-0.0641546826	0.0753006105	0.069346855	0.062005924	-0.0448693787	-0.005918195	-0.0814878633	0.0888576623	0.0740178395	-0.0853458934	0.051966838	-0.0296595416	-0.088265498	-0.0228484977	-0.1071698137	0.0347351571	-0.0052721138	0.1097948661	0.0581179985	0.1242849165	0.0404539948	-0.0591834527	0.0833952154	-0.1461963602	0.0045118497	-0.0475844629	-0.0507148055	-0.0204747238	0.1015601026	0.0066150874	-0.0126455006	0.0626703723	-0.087073942	-0.0890705137	-0.0943244555	0.0752678539	0.181458191	0.0240426491	0.0676170279	0.0293954045	-0.0099900127	0.0463302948	0.0136934973	-0.0439942134	-0.0303086576	0.0748592605	-0.0310138282	-0.0478752463	-0.0936354746	0.0359186387	-0.0653448001	0.0211083368	0.0481698741	-0.0536436467	0.0549715869	0.0290910305	0.1234398542	0.0391078564	0.0488531221	0.0368466098	0.0611732538	-0.0792271043	0.0546527524	-0.0102852809	-0.1189007808	-0.0697237519	-0.0505938669	-0.0110079522	0.0523572852	0.0420701669	-0.0152479401	0.1202365898	0.052333551	-0.1238158634	-0.0040740771	0.0038982828	-0.1072977464	0.0824998712	-0.0680232399	-0.0617132743	0.0488097483	-0.0026122461	0.0623233049	-0.005565124	-0.0199224025	-0.0022893352	0.0559559161	-0.0650654203	0.2260568012	-0.057471738	-0.0165876503	0.0555090186	0.1140801735	0.0315573468	0.04378267	-0.0198144424	0.0038334022	-0.0309697099	-0.0543915612	-0.0646384979	-0.0039162917	-0.0158842453	0.0717857576	-0.0764091245	0.0568971825	0.124115949	0.0625430826	0.0200308369	-0.0855307584	0.0493878786	0.0798389985	-0.108036286	0.0417628697	0.0983116894	-0.0253965614	0.0220701235	0.0082024692	0.0002835342	-0.0128329183	-0.0428450346	-0.0551169637	0.0034692317	0.0092253785	0.0384971257	-0.0901875872	0.0642427451	0.0302250019	-0.0439612641	-0.0331745982	-0.0169342263	0.0534419732	0.0125557881	0.0752523735	0.0863666769	-0.0977468851	-0.0517720927	-0.0113132718	-0.0171805672	-0.0732507414	0.0341466541	0.1254768523	0.0247882868	0.0332522675	0.0582401662	-0.0857547049	-0.0152660475	0.0012024181	-0.0914462607	-0.0036064234	0.0913514525	0.0060079362	-0.0911935115	0.0	-0.0569968562968483	-0.0050489862985898	2.549226264334757e-05	0.0032486416277235	0.0849883876211095	0.0151537854215177	0.0002296372126014	0.0072230260304359	-0.2297691600703331	0.018792204987605	0.0527938669194263	0.0003531469682961	0.0001437095755706	-0.0007485822994267	5.603754590149656e-07	2.065244211068199e-08	0.0012889752740516	0.0001517007810488	2.301312697084626e-08	1.661457257116397e-06	-0.0003245929665455	0.0001874151374883	3.51244337597584e-08	1.0536059393080808e-07
801.0419803562215	0.5744155468548797	641668.2542930172	0.3299532204685905	952.488579705851	0.115141559120957	907234.4944700692	0.0132575786368048	788.0049268863523	-1.155555650612655	1.3353088616628364	620951.7647971655	793.7446912814358	650.621197814096	1.06394	33.098049	0.1156983908029447	0.0717844783382776	-0.0015879504	0.0642133102	-0.1021774052	-0.0171968122	0.0144390889	-0.0246253805	-0.1138090269	0.1420561913	0.0799206029	-0.0316601364	0.0431609396	0.0074825976	0.092967137	0.0754069984	-0.0432913459	-0.0032454541	0.0192853952	-0.0800658366	0.0800575824	-0.0214269944	-0.0375396652	-0.0436245985	0.0499268576	0.0203853539	-0.0271510374	0.0283183942	-0.0272489722	-0.0093311311	0.0231397899	0.0026647891	-0.0406016521	0.0170087301	-0.0656727053	-0.0126829146	-0.0077042948	0.0051418224	-0.1115269593	0.0221346411	-0.1179494558	0.0094225103	0.0307144543	-0.1502091225	-0.0449742572	0.0355082661	-0.0334648359	0.0265706476	-0.0573220475	-0.0690377527	0.018950765	0.0067924445	0.0103230677	0.0551776581	0.092341101	0.0321123908	0.0234874145	0.0171979747	-0.0298706195	-0.0088680246	0.0852977428	-0.0265303319	-0.0092551008	0.0612885585	0.0457702721	-0.0218947285	-0.009153302	0.1118184021	-0.0067644382	-0.0761433305	-0.0221881002	-0.0333647698	-0.1401335709	0.010418525	0.0249570338	0.0561293688	-0.0436225238	0.0016064219	0.0767876549	0.0467021262	-0.0276412373	0.0062466551	-0.0538255588	-0.0008804247	0.0345341207	-0.0144253447	-0.0136607979	0.1288767731	0.0475940489	-0.0183324521	0.0378979586	0.0331028154	0.0395048227	-0.0454762219	0.0403362483	-0.0659134355	0.0608927761	-0.0082474197	0.0940030688	-0.0548019831	0.0472956119	0.0209193202	0.0101852168	-0.0182148876	0.0888198786	0.1455693452	-0.0479398255	0.0931875253	-0.0095769628	-0.0386032685	-0.0227687568	-0.0672410718	0.0445249111	0.0083884093	-0.0158114254	-0.0226966375	0.0287699154	-0.1371749816	0.146434055	0.0105692859	0.0002738633	-0.0549839319	-0.0258186873	-0.0045323718	0.0147598344	0.0321335464	-0.0334020939	0.0102434423	-0.035993758	0.0132904542	-0.0048100323	-0.0548066638	0.0333915208	-0.0101938526	0.0119712736	0.0126481539	-0.0158938161	0.1121687096	-0.0431036198	-0.0484512186	0.0010020768	-0.0927655427	-0.0710493524	-0.0001411275	-0.0027667737	0.0427501272	-0.015010344	-0.0821610049	-0.0300029668	-0.0808606427	0.0187383384	6.12456e-05	-0.083081529	0.0857456304	0.1143871743	0.0727752305	-0.0534553359	-0.0354846723	-0.0718955943	0.0084870666	0.0478625953	-0.0738379169	-0.0626546801	0.0232579802	0.0896853142	0.0403548561	-0.064293801	-0.0419108132	-0.0057307093	-0.0003969971	0.1354959363	-0.0251717001	-0.0060653811	-0.013294278	0.0139641244	-0.0581878671	-0.1038527908	0.0348499706	-0.0006825458	0.0664314616	0.1251465693	-0.0448762299	-0.0034900973	0.0732909819	-0.1115271119	-0.0815261512	0.0453555927	0.0188823171	0.052414327	0.0265071926	0.0029073069	0.0360646194	-0.0893459613	0.0128182092	-0.0330236482	-0.0203824069	-0.0086285707	-0.1131277125	0.046833887	-0.0758583906	0.0240112264	0.0155054898	0.0701754364	0.0275540413	-0.0085106033	-0.0420811093	-0.0286291851	0.0	-0.0914778707	-0.0	0.0914778707	0.0	-0.0914778707	0.0	-0.0510794449187841	0.0059174113780642	3.501575741724368e-05	0.002609109693211	0.0228460931609078	-0.0621422944602017	0.0038616647607784	0.0005219439727168	-0.2424646841583069	-0.0126955240879738	0.0587891230639875	0.0001611763318683	0.0006911854875212	0.0005474759119506	2.997298741661412e-07	4.777373781599189e-07	0.0011378882639447	-0.0001510870101068	2.282728462304249e-08	1.2947897012230832e-06	-0.0003248932620221	-3.0029547660000893e-07	9.017737326642652e-14	1.0555563170736095e-07
799.8382561867342	-1.2037241694873728	639741.2360598358	1.4489518762080655	948.756108163998	-3.732471541852988	900138.1527784958	13.93134381074242	787.620146087689	-0.3847807986633142	0.1480562630199779	620345.4945231926	793.2397609457444	646.8265350849015	0.996129	30.98851	0.051539967752885	0.0270949158144675	0.0743654103	0.0277758461	-0.040245389	-0.0028936471	-0.04598768	0.0332155252	-0.0523404268	-0.0014253824	0.0118345309	-0.0798629092	-0.0255807863	-0.0029755218	-0.0499271717	-0.0650849352	-0.0431001398	0.0355685795	-0.0066640318	0.1393509439	0.0251744062	0.1096233319	-0.0080760999	0.0236941791	0.0551316023	-0.0351818127	-0.0277050208	-0.0141516849	-0.0273590037	-0.0383337588	0.01315167	-0.0259710053	0.0526880962	-0.062955172	-0.0684178393	-0.0247347222	0.0617824771	-0.0232660061	0.0086055935	0.0148123636	-0.1360007722	0.1006971669	-0.0637147807	0.0578211185	-0.127085415	-0.0459737874	0.032578129	-0.0596536024	0.0072070416	-0.0380372444	-0.0647169347	0.0043289637	0.0176506273	0.0262892186	-0.0164617024	0.0449804568	0.0371045227	0.030151239	-0.0208416437	-0.0725905898	0.0072956024	0.141184242	0.0601209069	-0.056094012	0.0313588094	-0.0247846223	0.0340383889	0.0219117815	-0.0132755035	-0.1093067737	-0.0518083716	-0.0747085167	-0.0564351655	-0.0905852844	0.0476473378	-0.0809540972	-0.0980685783	-0.0010204319	-0.0020167026	-0.1401411406	-0.0011487194	0.0208004382	0.0481739847	-0.0644791129	-0.0291387871	-0.0270725408	0.0376424226	0.0498622631	0.0375744533	-0.0374817695	-0.0539790065	-0.1071582951	-0.0440810632	0.0294990236	-0.0284621782	-0.0691500724	-0.0129876914	-0.0253689624	-0.0246059987	-0.0756532343	0.0177798164	0.057182379	0.0138520354	-0.0398690019	-0.0041953174	0.0273909513	0.071505119	0.0253447598	0.0972202683	-0.0612411103	0.025209732	-0.0398195168	-0.0608294414	0.0470724414	-0.0321917802	-0.0231866587	0.059923704	-0.0026324021	0.0534071658	0.0975013897	0.0031149163	-0.1051524521	-0.0214279597	0.0187659094	0.025757985	-0.0607012113	0.0465026129	0.0520765803	0.0124214805	-0.0520888423	0.0058050877	-0.1294237584	0.1091998726	-0.0533511139	-0.0037703885	-0.0324346375	0.027821442	-0.0984960379	-0.0129345782	-0.0534259822	-0.0727200038	-0.0656281674	0.0668196873	0.0812878712	0.0519065532	-0.0054006831	-0.0534401737	-0.1028979285	0.0116793926	-0.006966608	-0.0016409316	-0.0701181086	-0.1057105201	-0.059207746	0.0720308292	-0.0125428054	0.0428981075	-0.0635280513	-0.0286959722	0.0367016601	-0.1052068747	0.1102174692	0.0581116336	0.073051856	0.0010592612	-0.0149354417	-0.1552084761	0.028709138	-0.0252156139	0.0171620699	0.0790731594	-0.010701086	-0.0132373882	0.0357571794	0.0447688316	-0.0367490335	-0.010181705	-0.0530364243	0.0513129127	-0.1082681732	0.1027024322	-0.0788343369	-0.043786523	-0.0623251512	-0.1079465255	-0.0506338422	0.0589196759	0.0312228026	-0.0825728511	-0.0032684148	-0.0070427174	0.0009170212	-0.0148647748	0.0227061771	0.0043420224	-0.0149253835	-0.0261196209	-0.0342519115	-0.0328572453	0.0025704938	0.1284929367	0.027251787	-0.020402626	-0.0384829646	-0.0005370753	-0.0738051097	-0.0279503991	-0.0012024181	-0.0914462607	0.0036064234	0.0913514525	-0.0060079362	-0.0911935115	0.0	-0.0505606277511532	0.0005188171676309	2.691712534285494e-07	0.0025563770785906	0.0347564550443593	0.0119103618834515	0.0001418567201947	0.0012080111672505	-0.2638072352997795	-0.0213425511414726	0.0695942573965132	0.0004555044892263	0.0004802382608133	-0.0002109472267079	4.449873245575417e-08	2.306287871489832e-07	0.0012149072183731	7.701895442840012e-05	5.931919341243975e-09	1.4759995492550635e-06	-0.0003922918320924	-6.739857007029997e-05	4.5425672475211365e-09	1.5389288152641177e-07
800.9914575166489	1.1532013299147366	641587.3150146456	1.3298733073171172	949.923928469222	1.1678203052240406	902355.4698783996	1.3638042652935711	788.3580048373553	0.7378587496663158	0.544435534459139	621508.3437911356	793.5783223193538	646.8455535487125	0.961656	29.916103	0.0403317982459425	0.0189498507470983	0.0475475692	-0.0387917789	0.0428943401	-0.0047872992	0.0420119439	0.0008284496	-0.1101598656	0.061629838	-0.0751057212	-0.0144060408	-0.0780891689	-0.0009883447	0.0460867046	0.0223129627	-0.0648338659	0.0873875314	-0.0014049596	0.0237645639	0.1291478314	0.1001450359	-0.1075714462	-0.0017055823	-0.091020659	-0.0086635579	-0.0538456814	0.0555489115	0.001506071	0.0383336248	0.0825856253	-0.0599577729	0.105398146	0.0216359474	0.0444664157	0.0303051449	0.0741883439	-0.026998889	-0.0126065783	0.157924936	0.0041530303	0.0687081208	-0.0096313788	0.0015992721	-0.0238726295	-0.0225508345	0.0261034498	-0.0806461223	-0.0020097812	0.0886055962	0.1241240507	0.0195756314	0.0088193806	0.0184040752	0.1023390654	-0.0752476197	0.0123763478	-0.0517857016	-0.1115204475	0.0733726232	-0.0047525654	-0.0303081662	-0.1129746731	0.0186690348	-0.0343139277	-0.0473133194	0.1800360925	0.089035053	0.0623993469	0.0150919637	-0.0564141862	-0.0439763101	-0.1066261469	0.0736319765	0.0226814166	0.0512024541	-0.020671458	0.0666624638	0.1011989938	0.0157671683	0.0002674681	-0.0967850402	-0.042388376	-0.0384168088	-0.0343618671	0.058108081	0.0690076704	0.0687145404	0.0064311467	-0.0167303575	-0.0089791859	0.0134307317	-0.0075187472	0.0143959634	-0.0445258367	-0.0105567285	0.0779475797	0.0830525781	0.0327486813	-0.0258268532	-0.0364880661	0.0040617206	0.0642429353	0.0661942678	0.2042844074	0.012348584	-0.0081005372	-0.0729606817	0.0771583017	-0.0249799744	-0.0201830966	-0.0863328989	-0.0343174092	0.0189217116	-0.1088991822	0.0235756506	0.1240325059	-0.0320780281	-0.0076722134	0.0571176265	-0.0536456646	0.0528922744	-0.0101165781	0.0369856312	0.0759249712	-0.0417699104	-0.0131776287	0.0644451083	-0.0182260429	-0.0276382361	0.0131881489	0.1033371271	-0.1583791335	-0.0011851056	0.0143322803	0.0876645004	0.0665930896	0.033225232	0.0533703693	0.0017999232	0.0712902625	-0.0051621081	-0.0906773014	0.0370348365	-0.1715758584	0.1030659651	-0.0985927452	-0.091532194	-0.0246569544	-0.0651806959	-0.059534827	0.0178268154	0.0611588714	0.0733596287	0.0632496018	0.0167296823	-0.0187196	-0.1147983359	-0.0143321556	-0.0117448004	-0.0476987215	0.0101684109	0.0067397935	0.0286311969	0.0664241676	0.0165868083	-0.0798042786	-0.0908163343	0.0082462815	-0.1086370321	0.0037433211	0.027639201	0.0217030065	0.0332970789	0.0443791272	0.0336027858	-0.0402828861	0.0010363021	0.1197959503	0.0833367109	0.0808486744	-0.0385168024	-0.0236237985	-0.0960148478	-0.0464561124	-0.0881871942	0.0570809227	0.0433643129	0.0639946927	0.0037714546	0.0083151132	-0.0033605085	-0.0394848646	0.0067978798	0.0380048931	0.0123042385	-0.0284654789	-0.1429930751	-0.0327662381	-0.0519432397	0.0794669416	0.0711612172	0.0220254538	0.0517960101	0.1095662942	0.0521524162	0.0520844217	-0.0024046285	-0.0913514525	0.0072072393	0.090972547	-0.0119899299	-0.0903422016	0.0	-0.0461229879766591	0.0044376397744941	1.9692646768172056e-05	0.002127330019895	0.0498222766681522	0.0150658216237929	0.0002269789811999	0.0024822592523979	-0.269716413730805	-0.0059091784310255	0.0727469438358067	3.491838972969708e-05	0.0003963014698456	-8.393679096770003e-05	7.045384877955371e-09	1.5705485500178298e-07	0.0011378946637199	-7.70125546532001e-05	5.930933574212133e-09	1.2948042657222243e-06	-0.0005297256548041	-0.0001374338227117	1.8888055625151e-08	2.806092693576326e-07
801.0868925196404	0.0954350029915076	641740.2093667738	0.009107839795989	955.68664949935	5.762721030127977	913336.9720312934	33.20895367107926	787.9049119297597	-0.4530929075956464	0.205293182913477	620794.1502430424	794.6638201779865	666.1234639450454	1.012064	31.484222	0.0502837853517441	0.0260739999240989	-0.0276213943	-0.0652754393	0.0055507651	0.0994258741	0.0022064675	0.146349891	0.0303230548	0.0588701076	-0.1094694408	-0.0076307041	0.0489508708	-0.0005214992	-0.0041484769	-0.0593916213	-0.0688631468	-0.0304125728	0.0408171302	0.1267665513	0.0320460506	0.0925303105	0.0023454131	-0.0059944999	0.0510188932	0.0294397438	0.0557724477	-0.0313237631	0.0796479674	0.1284434463	0.0978054091	0.0516951148	-0.0034341359	0.0647073101	0.0183871821	0.0857724222	0.0287098284	0.0143340983	0.0104706833	0.0689261175	-0.0606644908	-0.0620460837	-0.0014678432	-0.0586504496	-0.0604838176	-0.015374101	0.0653349517	-0.0415186418	0.0611991197	-0.0487856494	0.0694923966	0.077431801	-0.0653298799	-0.1318487718	-0.0885119783	-0.0212967471	0.1690726708	0.0349876396	0.011917865	0.0325861234	0.0225189348	-0.0240512744	-0.0895089048	-0.0304071418	0.0245880871	0.0226308462	0.0339434871	-0.0954186262	-0.064515385	0.0161771168	-0.0058382078	0.0389310751	-0.1315152007	0.056546663	0.0504636486	-0.0026712486	-0.0040761781	-0.085395499	-0.0576412453	-0.0269094478	-0.1582731646	0.0246002761	0.0453259214	0.1012153964	0.073643746	-0.0148003836	-0.0435582435	-0.0389823736	-0.01581265	-0.0254887913	-0.10333777	0.100753945	0.049878945	-0.0795111769	-0.0059741507	0.0019028362	-0.0038113496	-0.0587607785	0.0626216577	-0.0186323385	-0.0699428515	-0.0460882595	-0.0754183692	0.0020114228	-0.0636476761	0.022996065	-0.0214918312	-0.0845807079	-0.0259568502	-0.1009362901	0.0362489357	-0.0238500755	0.0354178398	0.000783442	-0.0431781399	0.0350523666	0.0522887747	0.0001328314	0.0354667004	0.0432890216	0.0081530472	0.0215981862	0.0382955761	0.0626482084	0.061117529	-0.1072807776	-0.1371415298	0.0047073416	-0.0412535141	-0.0675922497	-0.0323587988	0.0908706569	0.0171168882	-0.1197680084	-0.0730765839	-0.0282449392	-0.0362634279	0.0151514734	-0.0103582637	0.0473431461	0.0413226413	0.0082986515	0.1465350247	-0.0583333786	0.0598606433	-0.0275997914	0.0679476302	0.1457477404	0.0767809362	-0.106272041	0.0423578531	-0.0014999664	-0.090899259	-0.0139031789	-0.076829797	0.0052343064	-0.1112313766	-0.0835180366	-0.0285070255	-0.0812348626	-0.027052486	-0.0089896219	-0.0383050192	-0.0257350628	0.0172258602	-0.0758600201	-0.0527829757	-0.0009728134	0.0666686821	-0.0012481698	0.0392946182	-0.0561108891	0.0631424158	-0.0301334357	-0.0012952503	-0.0130392901	-0.0535303889	-0.0055733467	-0.0709756587	-0.0644479554	0.0296762602	-0.0096712226	0.1184418239	-0.0532926522	0.0454489816	-0.0863224019	0.0578965858	0.0209168694	-0.1114945616	0.0206799371	0.0157678197	0.0237810187	-0.0324824076	0.0412168938	0.0058631101	0.0312526774	0.0039458507	-0.0519989272	0.027998342	-0.1065964599	0.0556540163	0.0224057857	-0.015260236	-0.0575060974	-0.0157064644	-0.028346755	0.0252187653	-0.0036064234	-0.0911935115	0.010796849	0.0903422016	-0.0179201505	-0.0889292336	0.0	-0.0491474216168796	-0.0030244336402205	9.147198844097437e-06	0.0024154690515873	0.0403884858843213	-0.0094337907838309	8.899640855309283e-05	0.001631229792028	-0.2496806477963673	0.0200357659344377	0.0623404258840136	0.0004014319165795	0.0003909813622872	-5.320107558399968e-06	2.8303544432944467e-11	1.5286642565595478e-07	0.0012438522096027	0.0001059575458827	1.1227001529505656e-08	1.547168319333519e-06	-0.000774243901228	-0.0002445182464238	5.978917283421905e-08	5.994536185887529e-07
801.4910951877137	0.4042026680732533	642387.9756652006	0.1633797968775366	947.2967421171682	-8.389907382181832	897371.1176258005	70.3905458815892	788.3155732520621	0.4106613223024169	0.1686427216351695	621441.4430317273	793.858168813862	650.2702160568449	1.10331	34.322819	0.0387838197729484	0.0198838947672506	-0.0722952401	-0.0738721911	-0.0482853328	-0.1482132043	-0.017556529	-0.0658135515	-0.076778255	0.0833350223	-0.0055738249	0.0544812058	0.0014973475	-0.0566336485	0.1163616378	0.151795126	0.035033203	0.0565652643	-0.0064803479	0.0541985466	0.0966039937	0.0712073639	0.0661854662	0.0104303208	0.0112257357	-0.0663619443	0.0524414335	-0.0142330949	0.1070095459	0.0582515583	0.0539221565	0.0296568661	-0.0491200647	0.1570462458	-0.0260111254	-0.1280992688	0.0511070914	-0.1252133967	0.0910553822	0.120393777	0.040258915	0.0151559284	0.0900316187	0.0030388819	-0.0552984451	-0.0594011146	0.0274797093	0.0416525968	-0.0135721555	-0.06027513	0.0211304353	0.0733767906	0.03239346	-0.0645510871	-0.0602118204	-0.0105331463	0.0483635291	-0.0402847916	-0.057291625	-0.0825014971	-0.0280807967	-0.0714503814	-0.0094821281	-0.1737497111	0.0505829289	0.0285562381	-0.0836410047	0.002988071	-0.0180365202	0.0063941866	-0.01871386	-0.0535033966	-0.0045998036	-0.0153659653	-0.0555648751	-0.0347916117	-0.0659440675	-0.0096826983	-0.1052420546	0.103282249	-0.0789991219	-0.0997973272	-0.0660391433	0.0501079074	0.0388692476	-0.0413896491	-0.0412822916	-0.1648641427	-0.0370532544	0.0660831706	0.0395705071	-0.0810540558	-0.0255265473	0.0011491787	0.0478909929	-0.0196057376	0.0153198655	-0.0702730797	-0.0060288249	-0.0461456915	0.0916886267	-0.0106646802	-0.0176295204	0.046744891	-0.0465295994	-0.0586024096	0.0712463935	-0.0129934323	-0.0769733738	0.070460399	0.0219876139	-0.0957728652	-0.1063698222	0.1268999413	-0.1513428282	0.083270102	-0.084865876	-0.0551188209	0.0444419244	0.0231651176	-0.102214566	-0.0493224799	0.0065505922	-0.0488783932	-0.1175417197	-0.0768275235	0.0338077739	-0.0052238455	-0.0453843967	0.0129325071	0.0669677358	0.0870802065	0.0172292257	-0.0861368058	-0.0030134538	-0.0934124372	-0.0479940781	0.1205826905	-0.0715717873	0.0400955844	0.0194509564	-0.0439211388	0.0402547318	0.004079507	-0.0280634205	-0.1112553103	-0.0305132579	0.1610335725	0.0462375922	-0.0093212908	0.0595488561	-0.0009959009	0.0052932967	-0.0489034627	-0.0117315185	-0.0440606552	-0.0203100583	-0.0499133414	-0.0944440742	-0.0232360457	0.0239292801	-0.0058043807	0.0601998249	0.0069374927	-0.034393814	-0.0391235457	0.106238836	-0.02236651	0.1206611673	0.1107099379	-0.0313987062	0.0402218336	0.0335448914	-0.106715116	0.0638112038	-0.0709640913	0.0385787845	-0.0023287267	0.0417992791	-0.1221990488	-0.0590859069	0.0211137046	-0.0349596586	0.0752373287	0.0344143813	-0.1230908732	0.0619773071	0.0137699407	0.0618548917	-0.0467701833	-0.0732769058	-0.002756727	-0.0611907055	-0.0182832943	-0.0177694562	-0.0365718374	0.0207846253	-0.0807613016	0.0490740634	-0.0236266669	0.0180510458	-0.1153831735	0.0763639411	0.1651288258	-0.1029026861	0.0620224786	-0.0644701762	-0.0048075951	-0.090972547	0.0143696711	0.0894621585	-0.0237729909	-0.0869633921	0.0	-0.049575551127134	-0.0004281295102544	1.8329487755067285e-07	0.002457735269559	0.0292541699155748	-0.0111343159687464	0.0001239729920918	0.0008558064574493	-0.2353642327163498	0.0143164150800175	0.055396322042156	0.0002049597407433	0.0002749197411934	-0.0001160616210938	1.3470299890920805e-08	7.558086409784603e-08	0.001137901688754	-0.0001059505208486	1.1225512868110802e-08	1.294820253269205e-06	-0.0007381568588919	3.608704233609998e-05	1.3022746245674723e-09	5.448755483291564e-07
801.8371906366212	0.3460954489075902	642942.8802880293	0.1197820597545464	954.1660058229965	6.869263705828303	910432.7666682104	47.18678386020999	789.0643464411652	0.7487731891030762	0.5606612887195911	622622.5428246232	795.4784448905821	664.7783966275794	1.067726	33.215813	0.0507627024808899	0.0283374957301871	-0.0543166945	0.0280050084	-0.1086133712	0.0078468095	0.009290683	0.08840334	0.0035873885	-0.0445134124	0.029709629	0.0178074336	0.1238856342	0.0607264821	0.0181568483	-0.0448674715	-0.0192575227	-0.0086723527	0.0390587075	-0.0059945938	0.1125661356	0.0920976078	0.0309425595	0.0255730761	0.0452832085	0.0321686488	0.0645750244	0.0639822897	-0.0907217159	-0.0142865276	0.0536277733	0.0095975865	-0.0038666783	0.0773798845	-0.1344302586	0.1016269338	0.0285196995	0.0914792318	-0.0103346863	0.0688942752	-0.0543445998	-0.0135610898	-0.0391553334	0.0300993712	-0.0596164742	-0.0592222105	-0.062795382	0.0354100769	0.0693464386	-0.0889799565	-0.0463443178	0.0687264868	0.0138461323	-0.0925096106	0.0201296572	0.0311568678	-0.0788895954	0.1013336514	-0.0647737303	-0.0419376421	0.0110635036	0.0455436298	-0.0108882793	0.0872836239	-0.077968613	0.1545291234	0.0517347746	0.0574110195	0.0149355536	0.0523427578	0.0121876588	-0.1257350151	-0.0273215482	0.0803664319	-0.0747765362	0.0568936995	-0.0193189621	-0.0849121162	-0.0197700285	-0.1004929915	0.098181035	0.0130871963	-0.0129582965	-0.0277288795	-0.0176983835	0.0241437733	0.0938079806	0.0136652669	-0.0718908717	-0.0414740865	0.044654906	0.0618732618	-0.065071188	-0.0148025657	-0.1178367786	-0.0936177645	-0.0021356837	-0.0773263748	0.0465126768	0.0256285655	0.0420025516	-0.0568687061	-0.0227986811	0.0393199983	0.0566068306	0.0726179664	0.0030284808	0.0620940226	-0.0550181155	-0.0903030879	0.087049145	-0.0890986879	0.0557142581	0.0171578461	0.1000021078	0.0663599905	0.1114697411	-0.0292215681	0.0544196322	-0.071413825	-0.0399675694	0.0344586488	0.087159817	0.0211766839	0.0251951691	-0.1341903573	0.0597984707	0.0272469459	-0.0106533501	-0.0146045731	0.1160938753	-0.0886164632	-0.0274594762	-0.0230651276	0.0749934058	-0.0090962151	0.0337311395	0.0180319716	-0.0938088533	0.0223548127	-0.0827571414	0.0794037145	-0.1189632186	-0.1142119447	-0.0624344633	-0.0083657209	0.0646153323	-0.0554469859	0.0399207949	-0.0515618491	0.0064308511	-0.164393087	-0.0294628555	-0.003031489	0.090372734	-0.0277521292	0.0272741836	-0.0563817565	-0.0026934218	0.0458481163	-0.0489264848	-0.0922878152	-0.0269406908	-0.0311270288	-0.040966175	0.0989656578	-0.0582249274	-0.0199457391	-0.0291640863	0.012538494	-0.0341551282	-0.0724668153	0.0057059235	0.1073361519	0.0384565824	-0.0641621531	0.0033844147	0.0033132839	-0.0265247589	-0.0150563367	0.0465501769	0.0397093174	0.1524660986	0.0670997227	-0.0214529154	-0.0774013308	-0.0037536646	0.0243348455	-0.0616285677	0.0903112375	0.0519535189	0.0244309378	-0.0687767102	0.0582798374	-0.014639467	-0.0355090262	0.0270792663	-0.0121799958	0.0215721916	-0.0462953072	-0.1026612432	0.0245483623	0.0480453764	0.0877634781	-0.1043235655	0.0171324236	0.0344212066	-0.0060079362	-0.0906887116	0.0179201505	0.0883348501	-0.0295231785	-0.0844568986	0.0	-0.0506117243054262	-0.0010361731782922	1.073654855412163e-06	0.0025615466371684	0.0292321108628357	-2.2059052739099166e-05	4.866018077463585e-10	0.0008545163054971	-0.2327907413603611	0.0025734913559886	0.0541915292631065	6.622857759348527e-06	0.0005162319078716	0.0002413121666781	5.8231561786927374e-08	2.664953827047521e-07	0.0014259203149937	0.0002880186262397	8.2954729061004e-08	2.0332487447117326e-06	-0.0003248680739324	0.0004132887849595	1.7080761977329986e-07	1.0553926546054732e-07
802.0500468252213	0.2128561886000852	643284.2776123397	0.045307757025355	952.7865458608464	-1.3794599621500083	907802.2019734428	1.9029097871749023	788.2360393784868	-0.828307062678391	0.686092590082904	621316.0537750834	793.9128435197701	662.2255085657177	1.002212	31.177767	0.0595619088061243	0.0299643177086844	-0.0228680713	0.0408653386	-0.015102024	-0.0158038504	-0.0342276714	-0.0148118167	-0.1355026333	-0.0834537167	0.1043446286	-0.0039590293	-0.0256110937	-0.0614518366	0.0731514824	-0.0264366025	-0.0340358589	0.0389210954	-0.0193265319	-0.008442193	0.0745209425	-0.0029644424	0.0692115286	-0.046102604	-0.0031556973	-0.0085360417	0.0385182267	-0.02857306	-0.0387722545	0.04233312	-0.0465476723	0.0675089336	0.0030369952	-0.0012908422	-0.112882231	-0.0261040599	0.0507176096	-0.1044450608	-0.0036521992	-0.0743643028	-0.0366802903	0.0212555633	0.0859960159	0.0573714926	0.0133284401	0.0671785946	-0.0404533657	-0.0064351761	0.0423335648	0.1003942888	0.0752312927	-0.1198419294	0.0788970509	0.0348394918	-0.1012599476	-0.01477711	-0.0297787155	0.1189733241	-0.0755102619	0.1187450509	0.0957755842	0.0322335249	0.0385734444	-0.0043354125	0.0260771325	0.0263222106	-0.0383404755	0.0474786014	-0.1156362513	0.0721707802	-0.0440609165	0.0108215079	-0.0175627265	0.0338311323	0.1236467391	-0.0141690063	0.0700401501	0.0067127748	-0.0151959155	-0.0238333589	-0.0210117884	-0.0721779433	0.0274445022	0.0728052362	0.0166627741	0.0126014173	-0.0577587628	0.0170272188	0.002741477	-0.0588607837	0.0271797295	0.0342521827	-0.0306300491	0.0333627207	0.0443030634	-0.0503987124	-0.0445159522	-0.0620088066	-0.0258124001	0.007817074	-0.0473030933	-0.062678334	0.0298387983	0.1160902904	0.0638857617	-0.0393646515	-0.1175889341	0.0881401602	0.0161885544	0.0076629541	0.0589076673	-0.0798005121	0.0105354327	0.050453554	0.0168340811	0.057769674	-0.0303985846	0.0340699691	0.015020412	0.0671786651	-0.0688863116	0.047760396	-0.0585413257	0.0743795406	-0.0663036834	0.1326974961	0.0181652114	-0.0633301385	0.1372826411	0.0639642205	0.0359253094	0.0304799417	-0.0140843624	0.0209509899	0.0192440699	0.1374788503	-0.0493000148	-0.0824847617	0.0645670766	-0.1323694305	-0.0128158107	-0.0138301146	-0.0049126256	-0.0486850194	0.0609826517	-0.0468646627	-0.0243600379	0.0250247428	0.049522517	-0.0609858504	0.0766328038	0.0553142219	-0.0073388481	-0.0060066588	-0.0028351326	0.0443553735	0.0976897112	-0.0526671029	0.0244485824	-0.0229766832	-0.0085142384	0.0229704021	0.0176026935	-0.0003374605	0.0022559506	-0.0840637327	-0.0334687341	0.0682699553	0.0645543457	-0.051798154	-0.0208769418	0.0241971192	0.0069289641	-0.0154124837	0.0674055875	-0.00706141	-0.0479061648	-0.0530864177	-0.0024436323	0.0569367691	0.0151297322	0.0449360364	-0.0370123598	0.0542571849	-0.1171241533	-0.0665502889	-0.0174928278	0.0120341649	0.0324650391	-0.0108630576	-0.0606333309	-0.0506736353	-0.0262620362	0.0604287693	-0.0147654818	-0.0211622114	-0.0439189407	0.0067777734	0.0635989984	-0.0977356517	-0.016291755	-0.0265031357	0.0007249001	0.0186472038	-0.0748049679	-0.1172887165	-0.0925419608	-0.0072072393	-0.0903422016	0.0214427666	0.0869633921	-0.0351458834	-0.081425336	0.0	-0.0521587778669925	-0.0015470535615663	2.393374722354973e-06	0.0027205381085782	0.0128567146442151	-0.0163753962186206	0.0002681536013168	0.0001652951114427	-0.2219795381265186	0.0108112032338424	0.0492749153468625	0.0001168821153634	0.0004670814373374	-4.915047053419996e-05	2.4157687537332583e-09	2.181650691051716e-07	0.0015853322998817	0.000159411984888	2.541218092593197e-08	2.5132785010482004e-06	-0.0007328707343521	-0.0004080026604197	1.6646617090955304e-07	5.370995132697864e-07
801.7831875345028	-0.2668592907185712	642856.2798129877	0.0712138810428188	953.8989809554143	1.1124350945678998	909923.265867778	1.237511839626292	789.0170549209148	0.7810155424280083	0.609985277514116	622547.9129560739	794.7836195870462	649.601651305307	1.020512	31.747034	0.072951195350802	0.0322577172475998	0.0689278722	0.044950775	-0.027190725	0.0252430582	0.0834318098	0.0736859798	-0.026386089	0.0022169646	9.62471e-05	-0.0270045959	-0.0142796044	0.1118529941	0.0053887465	-0.0992443523	-0.0758344422	0.0326524047	0.0091050909	-0.0200858277	-0.0205476049	0.0782335587	0.0495398288	0.0044014876	0.0289392858	0.0326328219	0.0258952095	-0.0265517816	-0.0700509941	-0.0470237508	0.011840882	-0.0282259865	0.083582197	-0.0181547676	-0.0975569192	0.0715381055	0.0335524632	0.0467600007	-0.0172334587	-0.0512174786	0.0230176044	0.0525593915	0.0090224352	-0.0436624394	-0.0507377584	0.1741566175	-0.0068138695	0.0357926946	0.0903165787	-0.0548807284	-0.0347795916	-0.0682066691	-0.0362558732	-0.0815420164	-0.1104792566	0.0152126862	-0.0056708169	0.0069346457	-0.0124018435	-0.0379648883	-0.0214563522	0.0280821179	-0.0117755376	0.0440375676	-0.0040306214	-0.1000970399	0.1037209121	0.004221575	-0.1442326839	-0.1120521686	0.0492661933	0.0139993749	0.0034110584	-0.0159971698	0.0949365428	-0.0483211927	-0.010661759	-0.0695452183	0.0324652567	-0.0049793915	0.0287973952	-0.0164928654	-0.0797133358	0.0897653674	0.0126838514	0.0312488729	-0.0932620489	0.0342111227	-0.0007678539	-0.0456858331	-0.0253066828	0.087415675	-0.0850470686	0.0175627664	0.0808111628	0.1120339731	-0.0321662079	0.0548593029	-0.042315846	0.0207384721	-0.0182090813	-0.0772716846	0.0385121191	0.0624884172	0.003243864	-0.0740751755	-0.0700067488	0.0015636637	0.1014714848	-0.055279361	0.0349251498	-0.042894206	0.0082824289	-0.0960857973	0.0698425168	0.008130905	0.0816498323	-0.0932917904	-0.0332412742	0.0892647372	0.0086229562	-0.0201056397	-0.0755362981	-0.0658362862	0.0438281818	0.0657084361	-0.0358047836	-0.1095205252	0.0837809157	-0.0077008368	-0.0234929411	0.0546750938	0.0507318916	-0.0787047043	0.045360121	-0.0501783837	-0.0551176721	-0.0343425768	-0.0064878326	-0.0605810738	-0.0763512779	0.1071465174	0.0089915082	-0.0168085354	0.1098463506	0.0484755683	-0.0104081464	-0.048720921	0.0773195706	-0.1257351267	-0.1245140219	0.1608126476	0.0037223432	-0.0553970678	0.0078838149	0.0216079653	-0.0051299771	0.0427987645	-0.0028737816	-0.1316866085	0.0129378393	-0.0047209503	-0.0104388073	-0.0366379651	0.0496804832	0.0492671235	-0.0160642505	0.1484303914	0.0299522715	-0.0249800127	-0.0041424295	0.071055541	-0.0831725366	0.0247395264	-0.0360764153	-0.0077374831	0.0404633079	-0.0171944375	0.0390705591	0.048102216	-0.1497022041	0.1019895883	0.0541675709	-0.0758021191	-0.0642365443	-0.0364264674	0.0131508231	0.0396311528	-0.0385281429	0.0724748105	0.0717331308	0.0248360086	-0.0300766592	0.0268786432	-0.0044743463	0.0061365216	0.039489031	0.0005643234	0.0062425212	-0.0484161098	0.0005505366	-0.0218360903	-0.008421967	-0.0243979719	-0.0497331863	0.0616138425	0.0379530139	-0.008405297	-0.0899332563	0.0249320423	0.0853515751	-0.0406168267	-0.0778875515	0.0	-0.0342672773169852	0.0178915005500073	0.0003201057919309	0.0011742462947191	0.0293167606379967	0.0164600459937816	0.0002709331141174	0.0008594724543055	-0.2330448954019317	-0.0110653572754131	0.0543099232728972	0.0001224421316325	0.0001650344812247	-0.0003020469561127	9.123236369694732e-08	2.7236379993105862e-08	0.0013789372253181	-0.0002063950745636	4.259892680411407e-08	1.9014678713679805e-06	-0.0007751145343078	-4.224379995569996e-05	1.7845386346971954e-09	6.008025412951976e-07
802.5121397274482	0.728952192945485	644025.7344099274	0.5313712996000315	954.0339292816768	0.1349483262624744	910180.7382206356	0.0182110507610432	789.4695819977104	0.4525270767956044	0.2047807552331748	623262.2208996397	795.3094063184053	659.6745766932944	1.051115	32.69907	0.0691118130580925	0.0350942991767304	0.0583963881	-0.0168052605	0.006620368	-0.096412316	-0.1167162356	0.0139845083	-0.0496861305	0.0131842794	-0.0427455896	-0.0471152283	-0.0998127751	0.0227917855	0.0954722777	-0.0569386659	0.0083814458	0.0011371897	-0.1073580673	-0.0128596591	0.0831443294	-0.0412992573	0.0868982519	-0.0212852526	-0.008762035	0.0591722216	-0.0291958721	0.087603922	0.0281557295	-0.0699649343	0.0515774589	-0.074838816	0.1261816662	0.000173498	-0.0912251102	0.0103217291	0.0053545714	0.1014030687	-0.0149061878	0.0197733234	0.0067988375	0.0932661576	0.001306016	0.0591824408	0.058789895	0.0122832903	0.0944834434	-0.0394944812	-0.0330997988	0.0439717971	-0.052668554	0.0377352747	0.0194679181	-0.0234348019	0.0248628401	-0.0544894554	-0.1122762812	0.1097098569	-0.0034681715	0.1394173465	0.0831302649	0.016301193	0.1625146478	-0.0362225629	0.0455401701	-0.0224107508	0.0615690544	0.045005994	-0.0220671799	-0.059415643	0.0538161112	-0.06874738	-0.0948677704	-0.053391256	0.0030541687	0.0181927882	-0.020932764	0.0619496001	-0.0182847328	0.0312884126	-0.0134707368	0.010467546	-0.0122034549	0.0127473031	0.0279986734	0.0093661095	-0.0006568412	-0.0289879982	-0.1199781412	-0.0853896175	0.1044049647	-0.1823474519	0.0360281217	0.0431504055	0.0295047096	0.0217649341	0.022723844	0.0489489422	0.0619055036	0.0287062576	-0.0695671564	-0.087091501	0.0865847326	-0.041521641	-0.0137384185	0.095977156	-0.0440509365	-0.0581180774	0.1113004407	-0.0048285414	0.0939044803	-0.0327894888	-0.0612379479	0.0850668848	0.0510254482	-0.0386454557	0.1245613944	-0.0381601549	0.0036292738	-0.0953726201	0.0240153629	0.059962152	0.0519167613	0.0523644061	-0.0154383223	0.0304281988	-0.0269203308	-0.01819286	-0.0304314491	0.0514231542	0.0515713826	0.0010354704	0.0176399591	0.0224593492	0.1521174104	0.1037202765	-0.0123408742	-0.1124013606	0.0605039094	-0.119507881	-0.0584649149	0.017585465	0.0223565409	0.0670379754	-0.0024497676	-0.1010756873	-0.0097325115	-0.16209059	-0.0489407734	-0.0113378894	0.103709109	0.0204177445	-0.0538011081	0.0026485406	0.0688558673	-0.0459252814	-0.0728625596	-0.0313336008	-0.0287972665	0.0427901848	-0.0237783209	-0.0124041572	-0.0358370236	0.012254079	0.1323831382	0.046247276	0.1537923223	-0.0224162698	-0.0050260164	-0.0958278852	-0.1820366007	-0.1129161503	-0.0272337367	-0.084098847	-0.0130036278	-0.0280443315	-0.0035511995	-0.0320754411	-0.0614132134	0.0375667522	-0.0310057813	-0.0007877245	-0.0110452872	-0.0682272636	-0.0431840249	-0.0364345814	0.0080177925	0.0135837539	-0.0442853011	-0.0892206928	-0.0513657213	-0.0516477295	0.0369793873	0.0525487908	-0.0389241774	-0.0266282262	-0.069113795	-0.024337588	0.0181161792	0.0069946526	-0.021840411	0.0295618633	0.0074489737	-0.015582703	0.1363158021	0.0495774467	-0.0680126215	-0.0096019025	-0.0894621585	0.0283825523	0.0835038541	-0.0459123846	-0.0738655397	0.0	-0.0470617870484204	-0.0127945097314352	0.0001636994792677	0.0022148118001908	0.0144619447681151	-0.0148548158698816	0.000220665554528	0.000209147846476	-0.2066219678616363	0.0264229275402954	0.042692637603015	0.0006981710997997	-3.997686624710616e-05	-0.0002050113474718	4.202965259220564e-08	1.598149834939016e-09	0.0013080166858712	-7.092053944689983e-05	5.029722915439275e-09	1.7109076505174776e-06	-0.0007999738457187	-2.485931141090001e-05	6.179853638241034e-10	6.399581538339664e-07
801.566405470154	-0.945734257294248	642508.7023783433	0.8944132854199028	958.7840523625052	4.750123080828416	919266.8590646673	22.563669283018847	788.9503740339931	-0.5192079637173492	0.2695769095875162	622442.6926883776	795.3645484234361	662.4438380296871	1.050866	32.691322	0.0551320280773739	0.0267741425720749	0.0385021771	-0.0303707375	-0.0027275672	0.0286456801	0.1170826122	0.0724599171	-0.0330922643	0.012333226	-0.0872144302	-0.0160675552	0.0148948819	0.0927284613	0.0702422942	-0.0969453276	-0.0628052448	-0.0425700662	0.0025459329	-0.0414677915	0.0185380275	-0.0100244774	-0.0654688838	-0.1174091897	-0.025921145	0.0441555643	-0.0161669303	0.023147021	-0.0312161418	0.0295064711	0.050637622	0.0506708432	0.135229043	-0.0176751755	-0.0573814678	0.0134635516	-0.0214204253	-0.004311972	-0.0851710368	-0.055972414	-0.0445811135	0.0632190956	-0.0414520859	-0.0778859195	-0.0349208125	0.0221488517	-0.0062068437	0.0268678481	-0.0786252807	-0.0580095782	0.0020569778	-0.0590621417	-0.0414071246	-0.0300653394	-0.0087954589	0.0787006719	-0.0585711419	0.1242301108	0.1053309208	-0.1540133499	0.0698582632	0.067458877	-0.1014637419	0.0118755478	-0.0338338917	0.001865195	-0.0201734206	-0.0201712938	0.0222835144	0.0776498606	0.0094342458	-0.0036152966	0.0142506107	0.0242136426	-0.1271996964	-0.0262591348	-0.0953116918	0.0443916602	-0.0382788028	-0.0472059121	0.0590503411	-0.0163564366	0.0568398652	-0.0194635815	0.0292911146	-0.0313212073	-0.0967718208	-0.0027004834	-0.0161720453	0.0182586952	-0.0442345184	-0.04925794	-0.075893637	-0.0028533827	0.0424919722	0.1215995049	0.0672182098	0.0587294615	-0.0276131078	0.0712584438	0.0612973572	0.036415698	-0.0415857721	0.0031745713	0.0077751231	-0.0215031743	-0.0133463835	-0.0792371895	0.0724147728	-0.0644527268	-0.0056954227	-0.0864266727	0.0928281048	-0.0092253676	0.0782611873	-0.0467309315	-0.0259975297	-0.0279331001	0.1071344887	-0.0126786262	0.0990715627	-0.040458981	-0.0363566287	0.0297850855	0.065225766	0.0754045118	0.0108054243	-0.0045771508	0.0170258327	0.0056381481	0.0373844758	0.0159032914	-0.0061536648	-0.0435030315	-0.0008819693	-0.1807502978	0.0508731734	-0.0278094084	-0.1631597762	0.0509901813	-0.0852277996	-0.0950263495	-0.0768777315	0.0047713623	0.0089488506	0.0448019712	0.0886752182	0.0799822045	0.0275029002	0.0661071114	-0.0668039987	-0.0389481484	-0.0208360705	-0.0854032343	0.0763985001	0.0135612159	0.0524507618	0.0154443246	-0.0178111291	0.0608167534	0.0194454202	0.1311834334	-0.0017729216	-0.0208328893	0.0406680547	0.0354513723	0.0800348129	0.0242519379	-0.0360615385	-0.0320950584	-0.0408760459	0.0248222921	0.0412180304	-0.0133989721	-0.0038626259	-0.0446817379	-0.0239864377	-0.0850532487	0.0691994198	-0.0407474739	-0.1951947451	-0.0310558654	-0.0378631115	-0.0926034112	-0.0055634845	-0.0469979177	0.0161055918	0.0136935415	0.0274925473	0.0493293794	0.0551626352	0.0066476261	-0.0338296317	0.0405819543	-0.0805388176	0.0591375847	-0.0004693233	-0.0422754467	-0.0147839564	-0.0031810571	-0.0299386339	0.0408338443	0.0042674975	-0.0524102483	0.0753250046	0.0670284818	-0.0461642389	-0.010796849	-0.0889292336	0.0317889315	0.081425336	-0.0510096905	-0.0693843053	0.0	-0.0418672966268758	0.0051944904215446	2.6982730739518605e-05	0.0017528705268428	0.0126321764414711	-0.001829768326644	3.348052129189587e-06	0.0001595718816484	-0.2250927400477564	-0.01847077218612	0.0506667416222068	0.0003411694251515	0.0001978349457886	0.0002378118120357	5.655445794370604e-08	3.91386657751783e-08	0.0011909442247084	-0.0001170724611627	1.3705961162715308e-08	1.4183481463662922e-06	-0.0005621181760559	0.0002378556696627	5.6575319590739016e-08	3.159768438524118e-07
800.9451152940494	-0.6212901761045941	641513.077713398	0.3860014829240776	952.5264072544528	-6.257645108052429	907306.5565170756	39.1581222983325	787.3380431490464	-1.6123308849466866	2.5996108825529656	619901.1941897696	794.032466874469	648.7307573355466	0.991896	30.856833	0.0343243919146853	0.0158482390391732	-0.0014887575	-0.0531592823	0.0010379125	-0.0043326086	-0.0604703791	0.0203474111	0.015463301	0.0854569312	-0.0714873887	-0.02563852	-0.011613835	0.0120028666	0.0884900385	-0.0075625744	0.002656403	-0.0106400614	-0.0709234344	0.070913571	0.0675637147	-0.038982259	0.0198861296	-0.0189648464	-0.0510575893	-0.0250313254	-0.0252390599	0.0149081554	0.024524239	-0.0440919496	0.0579047038	-0.0182101385	0.0250645821	-0.005403489	0.0374771845	0.0119978873	0.0796493105	-0.1129251676	0.0512953255	-0.0744864602	-0.0286317361	-0.0466840816	-0.0189507257	0.0722997069	0.0576740686	0.0553171548	0.115000248	-0.038807405	-0.0322973429	0.0055719149	-0.0620830477	-0.0052916245	-0.0289170094	-0.0087937194	0.0612144145	-0.0586549946	-0.0509524921	0.0291383932	-0.0344767911	-0.082440816	0.1446965476	-0.1077170674	-0.0508889698	-0.0379824671	-0.0474175561	0.0741090524	-0.0215237851	0.0735790817	-0.034870618	0.0618775818	0.0275208995	-0.0112756174	-0.0059568599	-0.0121770612	-0.0374185732	-0.0533642796	-0.0310210163	0.0515536686	0.1059412561	0.0329068444	0.0231501183	0.0437525159	0.0874018617	-0.0713077107	-0.0424022241	0.0468625738	0.0551493371	0.0986795389	0.0142925718	0.0761431673	0.0091330018	0.0070659147	0.0919732654	-0.0298822927	0.0317494279	-0.0292295993	-0.0296672504	0.024137896	-0.0651019644	0.0285091095	-0.0990217959	0.1365443711	0.0552058908	0.0663399751	-0.0754812214	-0.0482659697	0.0212345204	-0.0611743269	-0.0021227969	-0.0729725509	-0.026850195	-0.0624847552	0.0249771886	0.0664923334	-0.030365089	-0.0123462618	-0.0205732302	0.085513887	-0.0614940555	0.037779269	0.0101103728	0.0436179562	-0.0095101369	0.0597426318	-0.0484760493	0.0074436243	-0.0770346229	0.0737500869	0.0227467141	0.1011101471	-0.0431396493	-0.0459576215	0.0326295947	0.0290714743	0.0656666483	-0.0808509599	-0.0544770109	0.0228923194	-0.0909233776	-0.0736375648	0.0071281835	-0.0578602138	0.0072496298	0.0535182462	-0.0805392299	-0.0440648131	7.62918e-05	-0.0198802519	-0.0118213265	0.0988917168	-0.0065506805	0.0501845026	0.0228524816	0.085428017	-0.0487744667	-0.0780103396	0.0664743375	0.0166358558	0.0211237531	0.0248839681	-0.1015773511	0.0600630393	0.0990304926	-0.0558342481	-0.0174830321	-0.0540671211	-0.0408554023	-0.0330321101	0.0094135296	-0.0863630957	-0.0274308549	0.106077388	-0.0900543822	-0.0534852473	-0.0227280473	0.1045104532	0.0410472499	0.1410954774	-0.0520631385	0.0402033456	0.0506092713	0.0166795438	-0.1211218342	-0.0586284161	0.0286940883	-0.075217592	0.0457817278	0.0316417937	-0.0545143164	-0.0788145955	0.00682505	-0.0580577093	0.0237602757	0.0492909297	-0.0452711406	-0.0041681687	-0.0376922204	-0.0300925198	0.0642913301	0.0864029604	-0.059866359	0.0771805433	-0.0169554775	-0.0404161189	-0.0143847473	-0.004589129	-0.0321477428	-0.0119899299	-0.0883348501	0.0351458834	0.0791217655	-0.055886734	-0.0644717082	0.0	-0.043600176905798	-0.0017328802789221	3.0028740610774712e-06	0.0019009754262168	0.0030956333400951	-0.009536543101376	9.094565432440216e-05	9.582945776308345e-06	-0.2330925769522451	-0.0079998369044887	0.0543321494302383	6.39973904984196e-05	-7.204710386568222e-06	-0.0002050396561751	4.20412606044312e-08	5.1907851754324016e-11	0.0011380033630505	-5.29408616579e-05	2.802734833080906e-09	1.2950516543142482e-06	-0.000518996061291	4.312211476489999e-05	1.8595167817972051e-09	2.693569116355715e-07
801.956015942393	1.010900648343636	643133.4515061957	1.0219201208215836	951.2563858537484	-1.2700214007044224	904888.7116275354	1.612954358247223	787.6986272750705	0.3605841260241504	0.1300209119406004	620469.1274110305	793.9653645110143	659.2369908995905	0.96662	30.070515	0.0649113958742588	0.0356389565755205	-0.0228146737	-0.0500089076	-0.0546723558	-0.0435093949	0.0408959697	0.0168171874	0.0582379556	-0.0073352659	-0.0551940326	0.0504531696	0.0803534038	0.0090691488	0.0698065522	0.0420881306	-0.0168340345	0.0006285855	0.0140650579	0.0043390312	0.1000488765	0.0591438039	-0.0097584679	0.0089341085	0.0569241632	-0.1570522191	0.0127792738	0.0348506192	0.0086214724	-0.0096141809	0.01359874	-0.0049328256	0.0191962218	0.064653161	0.0191817592	-0.0448267881	0.0620441849	0.0339797614	0.0662133263	-0.0130303885	0.0422296854	-0.1717385013	-0.0436719037	0.0026080937	-0.197321301	-0.040979193	-0.0635911851	0.053576019	0.0061523367	0.0939137361	-0.1326117355	-0.0224338468	0.0430290277	0.0171788062	0.0616946612	0.0691755044	-0.0504856395	-0.0327027119	0.106841358	-0.0195606532	0.0797824186	-0.0749012999	-0.0532668246	-0.0508588073	-0.053964796	-0.0278856595	-0.0688598005	-0.1208800087	0.0990087329	0.0237848286	0.0271186478	-0.0554634782	0.0457804224	-0.0587224569	-0.0168595135	0.0738898252	-0.0644380771	0.0087145682	0.0440187173	-0.013991388	0.0008970705	-0.0036915014	0.0674603378	0.0266453824	-0.0334990647	-0.049212788	0.0520749652	0.049909632	-0.0502534693	-0.0332094516	0.0167743248	-0.0624979664	-0.0061744011	0.0258990639	0.0872487298	0.1711123967	-0.0703638545	0.0040975147	0.0732642419	0.0968793655	-0.054670952	-0.0509283866	-0.0269556147	-0.0586564793	0.0582273785	-0.0696441653	-0.1439714338	-0.0437388812	-0.0644188578	0.0078294094	-0.0278971704	-0.0724535979	-0.0559945693	-0.0535999512	0.0523191356	0.0711309397	0.0047197697	0.0624469145	0.0261750938	-0.0118512515	-0.0463523822	-0.0817075204	0.0677458198	-0.1443127138	0.0085800477	-0.114572684	0.0987328143	0.0550937523	0.1220382406	0.038141662	-0.0219181045	-0.0517291016	0.014401507	0.1010739306	-0.0816655076	-0.0033579274	-0.0373055293	0.0023866985	-0.0892355778	0.0912841117	-0.0461075553	-0.0120643117	0.0066678219	-0.0056184348	-0.1012051349	0.0010705265	0.0982642962	-0.0393965281	0.0170685536	0.053699675	0.0943457082	-0.0196808606	0.1049242103	-0.04359297	-0.0522541176	-0.0377411822	-0.0730044318	0.0114486856	0.0837930117	0.094015724	-0.0371185754	0.0501757843	-0.0865027378	0.0381920039	0.0776565776	0.0336629764	0.0850910777	0.0799391124	0.0636032308	-0.1160315144	-0.059927881	0.0241261829	0.0044895532	0.0459379585	-0.1398422743	0.0904944593	0.0320037312	-0.0645188235	-0.0838483557	-0.002691898	-0.0698192308	-0.0989492846	0.006487385	-0.0480666758	0.0752903533	-0.0719609035	0.0182386876	0.0171350237	0.0078661535	0.0199211666	0.0480251566	-0.0193851003	-0.0045896928	0.0213208119	-0.0030381403	0.0304404643	-0.0692375424	-0.0557889254	0.046068783	0.0199790591	-0.0570899585	0.1046022415	0.0201730326	-0.003271715	-0.047664449	-0.0068287172	-0.1026346915	-0.0131809392	-0.0876794186	0.0384481886	0.0765995097	-0.0605224558	-0.0591582902	0.0	-0.0387115102352453	0.0048886666705526	2.3899061815772783e-05	0.0014985810246935	0.0168376280685578	0.0137419947284626	0.000188842419117	0.000283505718975	-0.2031047779381083	0.0299877990141368	0.0412515508212882	0.0008992680897122	-0.000122084482714	-0.0001148797723274	1.3197362090002558e-08	1.490462091954496e-08	0.0011380474607234	4.4097672899975217e-08	1.9446047551932082e-15	1.2951520228589788e-06	-0.0007299309005128	-0.0002109348392218	4.4493506397526614e-08	5.327991195234272e-07
801.409376898447	-0.5466390439460156	642256.9893807571	0.2988142443662139	951.2244495113954	-0.0319363423529921	904827.9533482572	0.0010199299628875	789.0410140501738	1.3423867751032503	1.8020022539721043	622585.7218533265	794.8025424955281	645.5620930320338	0.965419	30.033148	0.0974307236149106	0.0581050759951915	-0.0472342112	-0.0420148412	0.0098218629	-0.0077453315	-0.0276100265	-0.0170989621	0.0005821592	0.0118787364	0.0320807594	0.0069234295	0.0149495195	-0.0310759345	0.0256143089	0.0161265731	0.0446218763	-0.0067478999	-0.035441352	0.0831698925	-0.0014747121	0.0515925921	0.0904908692	-0.0676100621	-0.0093665596	-0.053438452	0.0207683786	0.0243611946	-0.0379429246	-0.0593909379	0.1180223719	-0.0026052326	0.0315388821	0.0794904332	0.0019903946	0.0134846038	0.0088862025	0.0169338821	-0.028971193	0.011096033	0.0554818091	-0.0351944908	-0.0575936144	-0.0098516407	-0.0328065638	-0.018135463	0.0546640012	-0.0676872479	0.0364219138	0.1212242847	-0.0024039204	0.0052606959	0.0837091931	0.0143639485	0.0163262778	-0.0178885147	0.015739927	0.0305201013	-0.0875037095	-0.1078417588	-0.0444534668	-0.0094978462	0.0182628103	0.0032453463	0.0315291256	-0.1222288324	-0.0126576833	-0.0720576579	0.1175339385	-0.0902775671	0.0001572438	0.0092002116	0.0227551898	0.022004065	0.0289089186	0.059081308	-0.0292204155	-0.0480618469	-0.0292574574	0.0502528653	-0.0444868626	0.0094750996	-0.083589361	0.0464808883	0.0563121146	-0.0147611766	-0.0353142773	0.0307365594	-0.036781825	-0.0025268867	0.0013835607	-0.0685010436	0.0868033167	0.0106686348	-0.0065089314	-0.0610162822	0.0428229508	-0.2341310467	-0.0051841585	0.0783976865	0.1094036029	0.1070362954	-0.1296419723	-0.0678677477	-0.0205107468	0.0566268261	0.0271844778	0.0029622069	-0.0435292973	0.0341938029	0.0718001065	-0.0334988237	-0.0605107134	-0.0598192117	-0.0523810249	-0.0381557167	0.056487969	0.0834958174	-0.0399924708	-0.0360869451	-0.0592271451	0.0394365944	0.0315364095	-0.0920967436	-0.0408863245	-0.0216907736	0.1057424963	-0.0016560622	0.0604574937	0.0782695042	0.0355268821	-0.0131667858	-0.0343710996	-0.0187320699	-0.0334129918	-0.0473548032	0.0059450892	-0.0012181061	0.1153194756	-0.0768878202	-0.0275399584	-0.0211693196	0.060577966	0.0133267888	-0.0513754841	0.0876601671	0.0059718034	0.0033881261	0.0016300677	-0.1199739124	0.0313629159	-0.0303296925	0.0516872208	-0.0799834584	0.0466446678	0.0290566484	-0.0352161465	-0.0544666813	-0.0075686049	-0.036788577	0.0607772931	0.0720457496	-0.0684145832	-0.0492115556	0.1434781305	0.0061748837	-0.0251829366	0.0313098303	-0.0053031511	-0.0214320781	-0.0196438184	-0.0609747515	0.0965007464	0.0060220123	0.0416397038	-0.0504465203	0.1028077377	0.0180260623	-0.0451218386	-0.0552007251	0.0296982392	-0.0680621103	0.0344767566	0.000950763	0.0572268303	-0.0673642729	-0.0283859581	-0.0168086438	-0.0195711647	-0.029909746	-0.0097824186	-0.0524841314	0.0704593504	0.0560089809	-0.0642639186	-0.0496223996	-0.0485099378	0.0094939828	0.0527342151	0.0061729847	-0.0229754936	0.0461505054	0.0313368116	0.0026813128	0.059268718	0.042790213	0.0148419394	-0.0143696711	-0.0869633921	0.0416907124	0.0738655397	-0.0648968387	-0.0534770846	0.0	-0.0511018534522378	-0.0123903432169924	0.0001535206050348	0.0026113994262539	0.0076167382478047	-0.009220889820753	8.502480908646812e-05	5.801470153557101e-05	-0.1821396577048233	0.020965120233285	0.0331748549088301	0.000439536266396	-0.0011305932564479	-0.0010085087737339	1.017089946698255e-06	1.278241111525467e-06	0.0010759305791701	-6.211688155330006e-05	3.858506973906709e-09	1.157626611193307e-06	-0.0007563926521032	-2.6461751590400027e-05	7.002242972320382e-10	5.721298441557127e-07
802.6866117662603	1.277234867813263	644305.7967087991	1.6313289075579631	955.6386338290788	4.414184317683407	913245.1984667082	19.485023190482128	789.1954669180941	0.1544528679203267	0.0238556884088139	622829.4850040686	795.6891931114058	664.5459507337238	1.011599	31.469778	0.0520054510550133	0.0229346418990015	-0.1017296756	0.0247407106	-0.1081713028	-0.0006458159	0.0462955669	4.38812e-05	-0.0013082834	-0.0088129092	0.044140513	0.0502034999	0.0920055174	-0.0164583999	0.0699629222	0.0259944294	-0.027626516	-0.0589513491	-0.0050160962	-0.0654591671	0.0613731133	0.0510622438	-0.0114223576	-0.0393345449	0.0594823449	-0.0604391962	-0.0102646199	-0.0915367665	-0.083339262	-0.0083203511	0.072275278	-0.0210536739	-0.0635072368	0.0689783137	-0.066334227	-0.0290555679	-0.0321858009	-0.0386306374	0.0785283292	0.0072216957	-0.0460814329	-0.0497309896	0.0442567043	0.0383035564	-0.00602001	0.016216627	-0.0247155599	0.0735302405	-0.0359598858	0.0355470494	0.0383973875	-0.001640218	-0.0974877573	-0.021118838	-0.1010638552	-0.0893644995	0.0817440211	0.0009327585	-0.0299386946	0.020174433	-0.1311060997	0.0833617337	-0.0192024368	-0.0802298117	0.0186458374	0.0222616324	-0.0133562322	-0.1539998145	-0.0276258977	-0.0704364248	-0.0065857182	0.0388200503	0.0247237725	-0.1103196111	0.0134961905	-0.1189804126	-0.009705859	-0.1044814815	0.1239250671	-0.0933989971	-0.0171809095	0.0395937873	-0.0016390389	-0.0982188243	0.0010668399	0.033349448	0.0744799935	-0.0209161545	-0.0006423657	-0.055528897	0.01518389	-0.0469460569	0.0650929139	0.030508774	-0.0414218531	0.0841380487	0.0925662548	-0.0077668267	-0.016477826	-0.0290818519	-0.0595976375	0.0675161951	-0.1379694404	-0.0531692318	0.0276402161	0.0669855005	-0.0890333645	0.064382204	-0.0928221777	0.0106995494	0.048275201	-0.0605092944	0.0336034996	-0.0138403295	0.0365944966	0.0983502569	3.79483e-05	0.0455660721	0.0356434064	0.0252867008	-0.0311063034	-0.0594203329	0.0358535436	-0.0250104501	-0.0324897183	0.0404195031	-0.0243204584	0.0593800993	-0.0531054076	-0.020762828	-0.0893401708	0.0487528311	0.0678337982	-0.0175133135	0.023301065	-0.0492120843	0.0538478922	-0.1430914761	0.0421032881	-0.0425551464	0.0369388997	0.1418129533	0.0449233117	0.0678607484	0.0162125346	-0.0398643698	0.0731636539	0.1307897823	-0.1025484603	-0.0515112928	-0.0544879531	0.0453058338	0.056392105	0.0162029842	-0.034611125	-0.0542407927	-0.0073269445	-0.0675470106	0.0791907475	-0.0811161861	-0.0411952482	0.0497961029	-0.0487342942	0.2000009946	-0.022640867	0.07580664	-0.081189479	-0.021918564	-0.1029322566	-0.0245495022	-0.0217332293	-0.0852507311	0.0956168369	-0.0787964755	-0.0312572169	0.0688910999	-0.0428232247	-0.0305525475	0.0320093369	-0.0570329159	0.0090094063	-0.0661046706	-0.0074280427	0.1052937788	0.013037689	-0.0574532167	-0.0189935174	0.0300993277	0.0367601978	0.0309985818	0.0660490511	-0.0076210863	0.0405933932	0.0278733838	-0.1077019621	-0.0544517584	-0.0420416645	0.0520168637	0.0317780734	0.0739564397	-0.041125658	-0.0436033812	0.0207753158	0.0630092433	-0.0314615649	-0.0186366918	-0.0514099318	-0.0155559202	-0.0861872655	0.0448684131	0.070927412	-0.0689909938	-0.0474634117	0.0	-0.0438771450686488	0.0072247083835889	5.219641122790114e-05	0.0019252038593752	-0.0041538917803762	-0.0117706300281809	0.0001385477312603	1.7254816923076956e-05	-0.1716092472554748	0.0105304104493484	0.0294497337435906	0.0001108895442317	-0.0011681180526398	-3.752479619189989e-05	1.408110329243624e-09	1.3644997849029984e-06	0.0013148398565474	0.0002389092773773	5.707764281694367e-08	1.7288038483655875e-06	-0.0005832326817945	0.0001731599703087	2.9984375317309874e-08	3.401603611132045e-07
801.0999089682425	-1.586702798017768	641761.0641489264	2.5176257692374144	957.0694589172768	1.4308250881980484	915981.949192209	2.047260433016953	789.8880423063015	0.6925753882073877	0.4796606683506138	623923.1193784815	796.2821300006075	655.9001154807136	1.111746	34.585236	0.0834680404537926	0.0379718821076355	0.058994357	0.0723673407	-0.027346869	0.0275956154	-0.0901834885	0.0214720835	-0.0299063699	-0.0901749128	0.1096356252	-0.0463384383	0.0150382706	-0.025583516	-0.0347757533	-0.1423327796	-0.0812186196	-0.0516108874	0.0771162989	0.0267360821	0.0345335848	-0.0430835993	0.0476150464	-0.0480506585	-0.0004960517	-0.0814841051	-0.0904615886	0.0364447605	0.1461327728	-0.0953457398	-0.0038587411	-0.0122730011	0.0522413893	-0.0530708702	-0.170272784	0.0261970192	-0.0328534233	-0.0260031259	-0.0152511668	-9.704e-06	0.1691855808	0.0922015628	0.0018942551	-0.0444563322	-0.0019251438	0.1507980335	-0.1529310458	0.0340107942	0.0289384153	0.0180448584	-0.0508795355	-0.024155266	-0.0996654783	-0.0741871865	0.0942335529	0.0491515691	0.093089066	-0.014636047	-0.0180330854	0.0176381238	-0.0458686649	-0.049384091	0.0832829612	-0.0492902413	0.0786885487	0.0188746908	0.0481990058	0.0622119095	-0.0578691734	-0.0160774295	-0.0077543456	-0.0185166235	0.0326580433	0.0700321006	0.002977154	0.0371255315	-0.0063012168	-0.1069002544	0.0268548138	0.008547647	0.0530683693	-0.0062633781	0.0076484742	-0.0463128683	-0.1068678001	-0.1712968337	-0.0714475767	0.1781970091	0.0133832756	-0.002736711	0.1000422779	0.0779538591	0.0611692686	-0.0324719067	-0.005446992	-0.0718627719	-0.040444615	0.0004223545	0.0024193898	0.0007235993	-0.0295770343	-0.0090945206	-0.0199778412	-0.0701556067	-0.0052442244	-0.0403111738	0.0086390986	0.1196054404	0.083864168	-0.0204120014	0.0703197747	-0.0703225902	0.0948230307	-0.0395958	0.0467341558	0.0583152384	0.0629993507	-0.0617191319	-0.0711695534	0.0031466168	0.0639872307	-0.041545738	-0.0621587463	-0.045743029	0.1210956556	0.065829725	0.0359125268	-0.1844774483	-0.0474568389	0.0885354228	-0.0658502061	0.0790905229	0.0403391686	0.032769923	0.0036941254	-0.0739014261	0.0082988428	0.0092912808	0.0527970423	-0.034151431	-0.002496044	-0.045503848	-0.0155555301	0.0890552024	-0.0012697591	-0.0845880067	-0.0432732501	-0.0371732567	0.0611999082	-0.0796125738	-0.0433569778	-0.0951808558	0.0222737522	-0.0212410551	-0.0712163003	-0.0176876201	0.0417243628	-0.0189998965	0.0775100876	0.0622600807	0.0869186197	0.0162573273	0.1220882031	-0.009392968	0.0442112447	0.0777801918	0.0014239052	-0.0534637619	-0.0512688562	0.0573020123	0.0897713112	-0.0448582783	-0.0640672393	0.0364627335	-0.0898225406	-0.0243282621	0.0184120635	-0.0047094484	-0.1423007824	0.0483354149	0.0389856043	0.1212786778	-0.0338587287	-0.0330296132	-0.1098907341	0.0062700629	-0.0520756905	0.0106851695	-0.0782902937	-0.0561938308	0.0007918748	-0.0494854204	0.0363294682	0.0118252916	-0.0646672116	0.0894605738	-0.0352179591	-0.0319611622	-0.0231672425	0.0662987046	-0.0083502329	0.0585761628	0.0822680677	-0.0381645561	-0.0057027264	-0.0942321297	0.0190498558	-0.0167394815	-0.0853515751	0.04797635	0.0677932473	-0.0727872424	-0.0411546584	0.0	-0.0313552829167065	0.0125218621519423	0.0001567970317522	0.0009831537667867	-0.0154818583319666	-0.0113279665515904	0.0001283228261939	0.000239687937411	-0.1932927877475947	-0.0216835404921199	0.0373621017952367	0.0004701759282734	-0.0007232467374996	0.0004448713151401	1.9791048703457114e-07	5.230858433038153e-07	0.0011381614111636	-0.0001766784453837	3.121527306323637e-08	1.2954113978619175e-06	-0.0004460890171557	0.0001371436646388	1.8808384750559652e-08	1.989954112269384e-07
799.7646387120046	-1.3352702562378909	639623.4773341432	1.7829466571936028	948.691199700564	-8.378259216712877	900014.9923892954	70.19522750243426	788.0251550607934	-1.862887245508091	3.470348889476722	620983.6450085875	794.0937030032487	652.3990786227494	1.140171	35.469501	0.109950707371772	0.0626647725029358	0.0197276287	-0.0852636049	0.0081480934	-0.0785068927	0.0071668421	-0.0482791593	-0.0223268481	0.0910211803	-0.0708290424	-0.0887176035	-0.0276393719	0.0469168032	0.0441827802	0.0814011762	0.0274518435	0.0788397252	-0.0256788737	-0.0518190683	0.0199030599	-0.0217696844	-0.0618916602	-0.0396861469	-0.0567289329	-0.0374490325	0.0048081148	-0.0433860039	-0.0328810345	0.0005642303	-0.0039936727	0.0962952273	-0.0029028415	0.0107779281	0.0240357347	-0.0036792487	0.1297072589	-0.038608208	-0.077140097	-0.0447986363	-0.092671498	0.1568755441	-0.0492606236	-0.0264259582	0.0960615767	-0.0725342353	-0.2245514859	-0.0380950555	0.0145695246	-0.0757273593	-0.1123240635	0.0208959146	0.1198555006	0.0367919726	-0.0443598437	-0.0126009344	0.0232304103	-0.0535010899	-0.047123127	-0.0336926317	-0.0029790304	0.0327580425	-0.0180271827	-0.0591138385	0.0672502001	-0.0072188372	-0.0523415729	0.003113091	0.018140288	-0.0216737968	0.003855219	-0.0181090887	-0.0356766428	0.0342491899	-0.0213698325	0.0075834518	-0.0407905665	0.0701702382	0.0741678351	0.0481171674	-0.1107798242	-0.0909268301	0.0108111984	-0.1162023455	-0.1126335641	0.0171800389	0.0353085887	-0.0490852034	0.0715924314	-0.0571316754	-0.0472137666	-0.0467765609	-0.014622127	-0.0943191725	0.0219617341	-0.0035374812	0.0550447175	0.0091309462	0.0260239359	0.0451516879	0.2379105753	-0.0626172563	0.015621874	0.0336867192	0.045884433	0.0506977821	0.0115896867	-0.0487988226	0.0243068367	-0.1143038818	-0.0764474065	-0.0263853973	-0.0434255212	0.0476312447	-0.0485510343	-0.0386907678	-0.0821497118	-0.091571656	-0.0085087502	0.0259267485	0.1106662578	-0.0922651674	-0.0845284761	0.137213433	-0.0248761066	0.0246964864	0.207816958	-0.0499195791	0.003204283	-0.0045479395	-0.0692894661	-0.0985424754	0.022358869	-0.0702519503	-0.0124061734	0.0797853216	0.0556627674	0.0628042778	-0.0048632114	0.0048589588	0.0307865421	0.0409100212	-0.099196098	0.0258561133	-0.0738776778	0.0065317952	-0.0145763943	0.0029752998	0.0274892656	-0.0104030999	0.0447362354	0.0155447492	-0.0653606676	0.0399722968	0.0135174105	-0.0317503314	-0.0547670991	-0.0482963964	-0.0085361935	-0.0459757027	-0.0287656575	0.0625693894	0.0653679197	0.1361896257	-0.0709445146	-0.0152794443	0.046846166	-0.0093890646	0.0402550435	0.0993619941	-0.0351114055	0.0837115725	0.1596262671	0.0753531596	0.0225343842	-0.0782060113	0.0193154329	0.1335916128	0.0534199453	0.1145755485	-0.0430568789	-0.098815336	-0.0406316499	-0.0274093943	0.0024431584	-0.0193180956	0.0551037193	0.0771141162	0.0853678665	-0.0775820341	0.0514714952	-0.0027467843	0.0235464764	-0.0400858345	-0.0969787829	0.0789220771	-0.0270218831	0.0075976493	-0.076931066	0.0235453795	-0.0379458599	-0.0393252148	0.0652696306	0.0157369049	-0.0202706958	0.0579767095	0.0730303231	-0.0179201505	-0.0844568986	0.0510096905	0.0644717082	-0.0762691921	-0.0345900464	0.0	-0.0267376245509751	0.0046176583657314	2.1322768782609184e-05	0.0007149005666289	0.0344956490890666	0.0499775074210332	0.0024977512480194	0.001189949806076	-0.2276306748288021	-0.0343378870812073	0.0518157241230158	0.0011790904892017	-0.0004253153812553	0.0002979313562443	8.8763093033568e-08	1.808931735323412e-07	0.001138070232167	-9.117899660011745e-08	8.313609421004231e-15	1.2952038533446492e-06	-0.0003237584623206	0.000122330554835	1.4964764646263404e-08	1.0481954192419937e-07
799.23721107038	-0.5274276416246266	638780.1195595592	0.2781799171497155	952.4089292311512	3.717729530587235	907082.768479228	13.821512862600382	786.8385945297517	-1.186560531041664	1.407925893825876	619114.9738415551	793.3681112270485	654.5162365245027	1.070453	33.300644	0.139971696552235	0.0796013338800978	-0.0315548472	0.0300299489	-0.0674162686	0.1128114703	-0.0177110695	-0.0222893857	0.0579657931	0.0194141425	-0.0145149335	-0.0616549286	0.0969615176	-0.0070778604	-0.0854373121	-0.0079188574	-0.0412982919	-0.044230717	0.0511267982	-0.0475918864	0.0924577106	0.0316466219	0.0343674027	-0.0797631285	-0.0223305861	-0.026355128	0.0128755575	-0.0136605381	-0.0191141817	0.0560225322	-0.0026941184	0.0727200544	-0.1320974243	-0.0852849123	-0.0481201366	0.06739821	0.0532178875	-0.0491018901	0.0142540428	-0.1695810085	-0.0450594475	-0.0347040645	-0.0631339435	-0.0820296628	-0.0855661403	-0.0607569538	-0.0078933525	0.0519485277	-0.0138869205	-0.1331777059	0.0424378418	-0.1594862519	0.032026043	0.0967476267	0.012263574	-0.0859190991	0.0146690611	0.0795975678	0.0414945825	0.0247714549	-0.1184390098	-0.005200492	0.0068830393	0.0381182218	0.1430550611	-0.0037273337	-0.0090252023	0.1037895763	0.0589136759	0.0294161765	0.0854503873	0.0962606576	0.0627239846	-0.0466467397	0.0159322134	0.0750676596	0.0048984837	-0.0792489031	0.0180146447	0.0785726422	0.0903701781	0.0237314503	0.0237369692	-0.0220151492	-0.0636011414	-0.0275130139	0.0227092693	-0.0832624918	0.0139013968	-0.0406167604	-0.0116309148	-0.042533256	-0.136923887	0.0506797704	0.0500731685	-0.041879052	-0.0255229007	-0.0355129948	-0.0575104709	-0.08146848	0.0170972626	0.0255238483	-0.0813866848	-0.0095189881	0.0799944003	-0.0691015289	-0.0163225995	0.0315077113	-0.0368626274	-0.1406384936	-0.0458903686	0.094274839	0.0339196201	0.0694909365	0.092940344	0.0799344481	-0.0312906775	0.0205361901	-0.0101075546	-0.0065675471	0.0924699966	-0.1192309342	-0.1426468294	-0.0475082627	0.0090116108	0.0052802226	-0.0480212976	0.0416817011	0.0373721426	-0.0356039709	0.0848247717	-0.1490681035	0.0365658724	-0.0093514452	-0.0140618161	0.037027587	0.054269025	0.0539200555	0.1691929567	-0.0407864852	-0.0254318863	-0.0002912578	-0.0610950616	0.0601499409	-0.0544423332	-0.0507212378	0.0532931025	0.025116527	0.0087707509	0.0357272651	-0.0462084052	0.0688445248	0.0119023653	0.0560949547	0.0036191572	0.0511331146	0.0511447394	-0.0504983763	-0.0784988797	0.049585499	0.1233137335	0.0049962764	-0.0572583544	-0.1156878811	-0.0554330103	-0.0076736652	-0.0136116847	0.0707530041	-0.0497767069	0.0558582751	0.0822595122	0.0960655266	0.0381247101	-0.0401578632	-0.010406369	0.0126493328	-0.0113277317	-0.1357702702	-0.0316847403	0.0170877849	0.0162812737	-0.0607152479	0.0462351425	0.0929510119	-0.0292981536	0.049991681	0.0132605086	0.0286078354	-0.0326307076	-0.0490459304	0.1148902209	0.0158997383	-0.0281712141	-0.001390395	-0.0602390289	-0.0217117969	-0.0868302447	0.0600153824	-0.0379240597	-0.0339185793	-0.1505681523	0.0486281098	0.0553240672	-0.0115233424	-0.1335742326	0.0477397069	-0.0026648939	-0.0190977232	-0.0835038541	0.0539637182	0.0609719752	-0.0794218076	-0.0278103878	0.0	-0.0071616753411802	0.0195759492097949	0.0003832177874644	5.128959369246853e-05	0.0347896603593085	0.0002940112702419	8.644262702925675e-08	0.001210320467916	-0.1588223705707889	0.0688083042580131	0.0252245453937249	0.0047345827348633	0.0002377440544539	0.0006630594357092	4.3964781528300267e-07	5.652223542817897e-08	0.0014999596847444	0.0003618894525774	1.309639758867703e-07	2.24987905585852e-06	-0.0003246782103177	-9.197479971000188e-07	8.459363781694962e-13	1.0541594025510465e-07
797.100026855005	-2.1371842153749867	635368.4528122497	4.567556370447997	947.9154735843076	-4.493455646843586	898543.7450605622	20.191143650150508	786.4330047224356	-0.4055898073161188	0.1645030917987263	618476.8709167584	792.5309722788721	637.5113149627094	1.027871	31.975985	0.1295070820758985	0.0849159964362312	0.0444857279	0.0258959729	-0.0210741462	0.064006325	-0.0620536592	-0.05067449	0.0864446343	0.0680709366	-0.0244691487	-0.0690791846	0.0488060205	0.100264593	-0.0984477155	0.0044577569	0.0090408755	0.099790705	-0.009322628	0.0845507757	0.0342255934	-0.0951255189	0.0592347857	0.021530385	-0.0611924664	-0.1328826121	0.0635581961	0.0803105278	-0.0206962438	0.0045796288	-0.0114156578	-0.0109365142	-0.0866004162	-0.0733379737	0.0313340679	0.1205548684	0.0107122338	-0.0102887913	-0.0353964959	0.0183355576	-0.0482751066	-0.0544548277	0.1036537271	0.0365685819	-0.0360020317	0.02118315	0.0865351588	-0.0625618809	-0.0666578691	0.0244190412	0.0607334427	0.0423766566	0.0249782213	0.037297475	0.0122289433	-0.0025710525	-0.1004469281	-0.1061085737	0.0756967884	-0.0558719781	-0.0602678751	0.0335499263	-0.0448351735	-0.072340263	0.0203379979	0.0035297808	-0.0325607982	0.0472814312	0.0252107184	-0.020899123	-0.0541815421	0.0621847331	0.0981870485	-0.0458435973	0.0755620527	-0.0194681007	-0.0282624724	0.0077112472	-0.0889995424	0.0551461318	0.0534350226	-0.0699168171	0.1149343283	0.044890688	0.0607439154	-0.0240217064	0.0804605393	0.0059828617	0.0113677087	-0.0027995092	-0.0144483926	-0.0678004376	-0.0297749757	0.0676762191	-0.0350769557	-0.077939558	0.0420949308	-0.0109199598	-0.0396277567	0.0854067868	-0.0373872009	-0.0497044655	-0.0461951037	-0.0265315477	-0.0376910878	0.1301444694	0.1248126257	0.0048235941	-0.0080770808	-0.1111083104	-0.0575137507	0.1189539206	0.0209643141	0.0720554902	-0.0597085553	-0.0027389114	-0.0492274267	-0.0818174148	-0.0390662357	0.0442826823	-0.0146022905	0.0543510514	0.0459724462	-0.0032004706	-0.0977244917	-0.0861214115	-0.0432711849	0.0295958488	0.0642851682	-0.0043035211	0.008868476	-0.0325674431	-0.013041367	0.08595057	0.0410514317	-0.0184380893	0.0135314446	-0.009923439	0.1043301397	0.0747128994	-0.1055846506	-0.03610972	0.0634912961	-0.0048358974	0.0352692723	0.0768810107	-0.0631548178	0.0035520731	-0.0495437875	0.0381159682	0.1035471494	0.1123859317	0.0648926453	-0.0404107217	0.0101872184	-0.0410858987	0.0219259888	-0.0133942032	0.0313936112	0.0988568895	-0.0128606919	0.0860499838	-0.0552203976	-0.0669167348	-0.0347629112	0.0524125498	-0.0704847326	0.0196334579	0.0089361759	0.0434171709	0.0004942827	-0.1042917551	0.0437669268	-0.0266812495	-0.0135907437	0.0543098425	0.0568123202	0.0682579673	0.132380757	-0.0043012459	0.1481699966	0.0809950567	0.042906462	-0.0168905888	-0.0441724256	0.0757032314	0.1067666963	0.0895701482	-0.0928000458	-0.1249434	0.0510772984	-0.022724285	-0.0430802053	-0.0073466193	-0.0167185611	0.0060628692	-0.0459589696	0.0561536933	-0.0427034046	0.0502395715	-0.0202931792	0.0092319387	-0.0427214953	-0.0583094446	-0.1830276074	0.0838461704	-0.0435613517	-0.0202719962	-0.0824931004	0.0568338402	0.057303721	-0.0822314759	-0.0208578319	0.0	0.0050643114517328	0.012225986792913	0.0001494747530604	2.5647250480151977e-05	0.0370163556359841	0.0022266952766756	4.958171855169426e-06	0.0013702105845696	-0.2296997609898738	-0.0708773904190848	0.0527619801988051	0.0050236044726193	0.0010517610016979	0.000814016947244	6.626235904004413e-07	1.1062012046925702e-06	0.001568335230601	6.837554585660001e-05	4.675215271188011e-09	2.459675395544292e-06	-0.0003258259089616	-1.14769864390001e-06	1.3172121772099219e-12	1.0616252295065289e-07
798.5333262771552	1.433299422150185	637655.4731752576	2.054347233536054	950.1217582146852	2.2062846303775814	902731.3554329647	4.867691870240341	785.9554702141627	-0.4775345082729245	0.2280392065914638	617726.0011595655	792.5258035295868	643.3283562699844	1.015292	31.58466	0.1776950573814876	0.1089090279617993	-0.0150773247	0.0364272638	-0.0436666276	0.0022323915	-0.0885049926	-0.1232701243	0.1022909344	0.08074757	0.0013846534	0.0432670872	-0.0041423136	-0.027678329	-0.0538967823	0.1541109842	-0.0375271288	-0.0658571704	-0.0313589957	0.1434924725	-0.0068539857	-0.1105928885	0.0122800168	-0.2372267928	0.0147554562	-0.0972843429	0.1079937899	-0.0881148483	0.06729974	-0.0693124954	-0.1051012785	-0.0423803162	-0.1629944457	-0.06541524	0.0774590162	0.0382129129	0.0512353382	0.0079986522	-0.0497381314	0.0275627597	-0.0065556816	0.0338667254	0.0948250097	-0.0033532374	0.0393109458	-0.0544448086	-0.0281871888	0.0233131065	-0.0853463567	-0.0378446267	0.0261658407	0.0162516606	0.110118533	0.0875779452	0.1398984927	0.0386121136	-0.0040405	0.0523683529	0.0231050662	-0.0334527954	-0.0510622506	0.0702651783	0.0438070545	0.0706781425	-0.0445310425	-0.0186847444	-0.0427797084	-0.1155383677	0.0135729535	-0.0292493152	0.0125081309	0.0134613758	0.0201198905	-0.034436391	-0.0569689583	-0.0511871273	-0.0216610474	0.0282871421	-0.0449031327	-0.044365826	0.1506617147	0.0180971604	0.0346190788	0.0673260621	0.1007531592	0.0173536947	0.0412180417	-0.0218104255	-0.0059105887	-0.0707113007	0.0028450675	0.0570293565	-0.0852633652	-0.0780364739	-0.049346359	-0.0439114759	0.095916387	-0.0494841036	0.0142364972	-0.0418210403	-0.1433082004	-0.0290098225	0.1377193193	0.0374608297	0.0514849228	0.005230951	-0.032616313	-0.0039341866	-0.0544369435	0.0037057525	-0.1478324001	0.1179729183	0.0203768321	0.1327790809	-0.0923359317	0.0671226281	0.0026508578	-0.1228648325	-0.0067718531	-0.0932546128	0.0157040258	0.021054936	-0.0110362387	0.0139050726	-0.0447870064	-0.0669321713	0.0115287732	0.0636190324	-0.0068409507	-0.031435613	-0.0199725746	-0.0641256422	-0.0315827939	-0.0716311893	-0.0051030385	0.0913261113	0.0540424192	-0.0892747417	0.0637729013	0.0259098596	0.0923591174	-0.0938793777	0.0272526202	-0.0294137093	0.0715415552	0.0868877792	-0.0508621034	0.0170119074	-0.0426518508	0.0469430721	-0.0231884685	-0.0201957598	0.0145564229	-0.0954878397	0.1155228796	0.0399870765	0.0093772397	0.1249858585	0.0370648365	-0.018378678	-0.059655574	0.0930315001	0.0224474536	-0.0074441577	-0.0660110043	0.1554066284	0.0001179895	-0.0267116105	-0.0665198318	0.0373960457	-0.0469998538	0.0873370281	-0.0689028355	0.0372680058	-0.0119208787	0.0107436631	-0.0280253934	0.0595041347	0.0044957364	0.0788485947	0.0861369978	0.1031348942	-0.0141686623	0.1065293161	0.0198523406	0.0924645779	0.0606771711	0.0627226375	-0.0467162245	-0.1290720662	0.0560260992	-0.0261080109	0.0212070498	-0.0675488589	-0.0060873834	-0.1384346062	-0.1210219525	-0.0500199317	0.0319481445	0.0650231013	-0.0469743727	-0.0229389393	0.0559262206	0.0148288625	-0.0610951321	0.0049904969	0.0247919	-0.0214427666	-0.081425336	0.0596155937	0.0534770846	-0.0846860645	-0.0137756027	0.0	0.0110173221308684	0.0059530106791356	3.543833614590251e-05	0.0001213813869353	0.0572814346297292	0.0202650789937451	0.0004106734266227	0.0032811627532399	-0.1419146132283515	0.0877851477615223	0.0201397574477526	0.0077062321675123	-1.290035149989202e-05	-0.0010646613531977	1.133503796992954e-06	1.6641906882076628e-10	0.0015569965240918	-1.1338706509199945e-05	1.2856626530177318e-10	2.4242381760339474e-06	-0.0001279895697269	0.0001978363392347	3.9139217121787314e-08	1.6381329958876996e-08
801.8955690851196	3.362242807964435	643036.5037183479	11.304676699708567	946.5614548740008	-3.5603033406844133	895978.587853185	12.675759877688591	787.743276428478	1.7878062143153102	3.1962510599444407	620539.4695582734	792.9258152293212	635.0219392750072	1.130469	35.16769	0.0891126775400573	0.0489328965010412	0.0337947405	0.1248707083	0.1155660615	-0.0189486619	0.0600443333	-0.1643717193	-0.0376765832	0.0486785169	0.1101613601	0.0949534746	-0.2113558857	0.061351722	-0.0135881887	0.1189964972	-0.0266091111	-0.0036934165	-0.0570592743	-0.0393619794	-0.0395793545	-0.0793321002	-0.0672007518	0.0752504902	-0.0633356016	0.123414003	0.0522524025	0.0086588448	0.0096496582	-0.0559382655	0.0039253334	-0.0130775009	1.88112e-05	-0.1266299204	0.0040878399	-0.2289721104	-0.0658617146	0.0615502918	-0.0170433324	-0.0222936068	-0.0159440643	0.0358458183	0.0579930745	0.0755442603	-0.013981476	0.0198742627	0.021540811	-0.0437544625	-0.0247268247	-0.0551829783	0.0017422695	-0.0176961262	0.0286762881	-0.0830882353	0.0357638032	0.0394583855	-0.0425560214	-0.0110139485	0.0437349702	-0.046645004	0.0055810034	-0.0631320734	0.0685024763	-0.0062755655	0.0011051399	0.0183775122	-0.0557226882	-0.0570217026	0.1183078346	0.0157203465	-0.0392221112	0.1400079076	-0.1631313822	-0.0905629641	0.0561993755	-0.0433655119	0.1220679285	-0.0040948319	0.0303917186	-0.0319457831	0.0817477485	0.0220748589	0.0393891122	0.0103672372	-0.0068941073	0.0171311557	-0.0797930518	0.1547171158	-0.0441223031	-0.0175572354	0.0152303184	-0.007926179	0.0063591211	-0.033320013	-0.1045791857	-0.0574133027	0.0433367311	0.0550333568	-0.0573310455	-0.0469896634	0.0440973116	-0.0412153638	0.0522942081	0.0237485351	0.1527127059	-0.0290942385	-0.0962681904	0.0821197035	0.1040242086	0.2158354828	-0.137196215	-0.0177104496	-0.0460656363	0.083022912	0.0679376755	-0.0577269017	-0.0315815029	-0.0595967993	0.018814183	0.0046695991	-0.0342254555	0.0266880662	0.036854717	0.0699363304	-0.0131069418	-0.0368984177	0.0626103936	0.0455667016	0.0070970173	-0.002421821	0.0085376403	0.0235160058	0.0947021064	0.0447668352	0.0404179778	-0.0443472956	0.0123194655	0.0081115883	0.0233485024	-0.0168915891	-0.0304953412	-0.0613054303	0.1054690024	0.0185348313	0.0762005269	0.0071170241	0.0577786926	0.0692372017	-0.0456964006	0.1200760516	-0.0014611466	-0.051777718	-0.0485191643	0.2409687381	0.0380182731	0.0479877019	-0.0683750222	-0.0218460181	0.0723271762	0.0221653356	0.0744892579	-0.0339212904	-0.028598955	0.0017902955	0.0164714975	0.1046514481	0.0514587606	0.0272194252	-0.0520874561	-0.0542036696	0.0146808676	-0.0900088143	-0.0188845674	0.0735705507	0.0558297025	-0.0534731073	0.0131017211	0.1047604552	-0.0537005049	0.0894185935	0.0047929538	-0.0348496858	-0.010283307	-0.0061728797	-0.0959565027	0.1287469191	-0.0373939382	0.0420765877	0.1191630932	0.0215853162	-0.0161214402	-0.0448394989	0.0334713476	-0.0415839328	0.0712608625	-0.0382926375	-0.1349671641	-0.1742994067	-0.0792907207	-0.0355661405	-0.0188171813	-0.12360667	-0.0085208476	-0.0125156245	-0.0988436445	-0.0541766083	0.0040212985	-0.0226098321	-0.0803012987	0.0623046536	0.0495026423	-0.0867749746	-0.0066077305	0.0	0.0016876838847394	-0.009329638246129	8.704214980363301e-05	2.848276894809072e-06	0.0401756690286845	-0.0171057656010446	0.0002926072167978	0.0016140843819023	-0.1845041992362155	-0.042589586007864	0.0340417995357971	0.0018138728363212	0.0001770100206468	0.0001899103721466	3.606594944889506e-08	3.1332547409380564e-08	0.0016529963914035	9.599986731169992e-05	9.215974523863992e-09	2.732397069992993e-06	-1.2146055484898076e-05	0.000115843514242	1.3419719791936902e-08	1.4752666384222263e-10
805.4367306846644	3.541161599544808	648728.3271360006	12.53982547409074	954.2425764980696	7.681121624068851	910578.8948016744	58.999629403738105	789.8617656287455	2.118489200267504	4.487996491650049	623881.6088021593	795.4926090350153	664.3331694880351	1.104053	34.345917	0.0480158366210144	0.0255907089400424	0.0391142829	0.0864802381	0.1246530117	-0.0452580992	0.1306206973	0.0658577797	0.1126338276	0.0025969081	-0.0681115965	0.1077746973	-0.0993388724	0.1664098904	-0.0593677309	-0.0934502295	-0.0223030346	0.0065101543	-0.0221516043	-0.0472105328	-0.0012887281	-0.0464926582	-0.0039780585	0.0682354051	0.08236415	0.0413143264	-0.0068389604	0.2150910057	0.1327052435	0.0090319909	0.0870650734	0.0434083793	0.0777600965	0.0175801559	0.0277953019	0.0766240698	-0.0307784156	0.0590200259	-0.0208958582	-0.0937952903	-0.0349552578	0.0711182991	-0.00135155	0.0553027151	-0.0356434878	-0.0296092895	-0.1148586774	0.107218276	0.0413292895	0.145175718	0.0266766765	0.0117746505	-0.0043699128	-0.1459654227	0.0534230714	0.0454414051	-0.0598226761	-0.2247693537	0.0732068033	0.071226336	-0.0554754084	0.0598669129	-0.1467665936	-0.0957024408	0.0327804873	0.076655015	0.0012018976	-0.0070964475	0.0155616027	0.0034359686	-0.0718866271	-0.0244814973	-0.0070890164	-0.0562374974	-0.0170683439	-0.0615732882	0.0184153956	0.0445394396	0.0514906283	0.0448836895	0.1178531893	0.0195737108	-0.0173347823	0.0696195899	0.0802802088	-0.005818584	-0.0705420431	-0.024586762	0.0981221444	-0.0765074681	0.0052989963	0.0825194816	0.1197852318	-0.1038066762	-0.0440567062	0.0584906383	0.0622841306	-0.0083878057	-0.0086706413	0.0104431709	0.0250422376	-0.0237384992	0.0292137768	0.0300806135	-0.0752094471	0.0079073905	-0.0441630437	-0.0805024816	0.0591838205	0.0647179391	-0.0169486772	-0.0077562894	0.1088680988	-0.0419226959	0.1036453522	-0.0298939701	0.0580707012	-0.0979283632	-0.0177449776	0.063268217	-0.0812089826	-0.0716039963	0.0218904498	0.0564908357	-0.0796662953	-0.075314986	0.1379937247	0.0780946662	0.0190627296	-0.0170234731	-0.1193443266	0.2111708847	0.0857397354	0.1118213696	0.0121240513	0.0896916908	0.0778198608	-0.0005596114	-0.0639982178	0.0667466352	-0.0002236764	0.0444287847	-0.0025204763	-0.0155792424	-0.034199587	-0.0294320616	-0.0784502225	0.1203406874	0.0102327285	0.0472713668	-0.0941484154	0.0376492292	0.0384412511	-0.0401669742	-0.0038728558	0.1409390633	0.019558401	0.0286370022	0.0392045729	-0.0689754502	-0.1202720349	-0.0263693193	0.0445963583	0.0240713641	0.0592309078	0.0022360665	0.1029167255	-0.0798670635	-0.084500069	0.1538607968	0.0306585374	-0.0639740376	-0.0081157361	0.0155770762	-0.0171758332	0.142699455	0.0711324217	-0.0785345554	-0.0157126629	0.0486870496	-0.0695136898	0.0916068099	-0.0574069106	-0.1031896136	0.0523203858	0.105023434	-0.0169992487	0.085395574	0.0204501217	0.1101346569	0.0403739779	-0.0763732149	0.0549274508	-0.0250865451	-0.0120788981	0.0452985594	-0.0554718399	-0.0213949607	-0.0285161187	0.0279789076	-0.0598559289	-0.0785906547	0.0006724898	-0.0157305626	-0.0515807789	0.0678397157	-0.0811635416	-0.0237729909	-0.0791217655	0.0648968387	0.0453913792	-0.088489186	0.000601222	0.0	-0.0005944594572611	-0.0022821433420005	5.208178233437211e-06	3.533820463271615e-07	0.0234851715786987	-0.0166904974499858	0.0002785727051279	0.0005515532840809	-0.1843903438431624	0.000113855393053	0.0339997989025996	1.2963050527272732e-08	-0.0001918739054724	-0.0003688839261192	1.360753509491154e-07	3.681559560123149e-08	0.0017290114438834	7.60150524799e-05	5.778288203521952e-09	2.98948057307976e-06	-0.0001458338856053	-0.0001336878301204	1.7872435922301446e-08	2.1267522190739732e-08
803.3897680521751	-2.04696263248934	645435.1194109278	4.190056018807688	954.5350004284588	0.2924239303891909	911137.067042958	0.0855117550642623	789.6667622628737	-0.1950033658717984	0.0380263127013304	623573.5954227298	795.97351005622	663.8572091712846	1.091815	33.965214	0.0779282248825996	0.0387647860930522	-0.0602743112	0.0315914456	0.0907987069	-0.036527421	-0.043528147	0.0923002219	0.1103531728	0.0426334087	-0.0799297346	-0.0137883491	-0.030169118	0.0263594218	0.0042422618	-0.1111269512	0.1763208238	-0.0581862689	-0.0097222619	-0.0508945919	-0.0071862295	-0.0701779115	0.0047387933	-0.075505704	0.0630756627	0.0445487082	0.1060697378	-0.0573023113	0.105102732	-0.092492134	0.0293582914	0.0220284675	0.0069612511	0.0251984403	0.0157767226	0.1369825208	-0.1727375262	-0.0202217886	0.0906307542	-0.0219639903	-0.0567869131	0.0389662682	0.0191068207	0.0747824082	-0.0621177465	-0.1423939622	-0.0183771249	-0.0236302362	0.0134465454	-0.0133648326	0.0551069538	-0.072778814	-0.0689153599	0.0625586034	-0.0141500875	0.0656256628	-0.0928805924	0.0498832339	0.0084188467	0.002482325	-0.1180207431	0.0631657637	0.0920324942	0.0782522581	0.0153875887	-0.0282552091	-0.0419728034	0.009385207	-0.0540939515	-0.00014542	0.0302773349	0.0791410786	-0.0032592296	-0.0720043069	0.0190686937	0.0238999857	0.0783163403	0.142437628	-0.0585760124	-0.0277875635	-0.0107497767	-0.1370305905	0.0734738768	-0.0496554824	-0.0768899127	0.0115653212	-0.0209968593	-0.0009036777	0.0159747125	0.0335412078	0.0107256247	-0.049900979	0.003161584	-0.0243529053	-0.046709692	0.05476583	0.0089852045	0.1651507505	-0.0322302736	0.0209881792	0.0145763622	0.1050412459	-0.1024754147	0.057284368	0.0565162256	-0.0293110094	0.0786648627	-0.0823322848	-0.0293016318	-0.0114484085	0.1424713996	0.1203261101	0.1071504577	-0.0048314111	-0.0663489547	0.0091294305	-0.1140544945	0.0576036751	0.0214334134	0.0423413042	-0.0445249627	-0.0711621039	0.0643302101	0.0222324899	0.0246139204	-0.0111715808	0.051278701	0.0679122654	0.0098710169	-0.1118334419	0.0526728925	0.0293783514	-0.0639590211	0.0108188612	0.006378771	0.0556885662	0.0383945002	-0.0609074586	0.0019450641	-0.070623701	-0.1390362611	-0.0026786074	-0.0348464092	0.0193123468	0.0807202048	-0.0473782193	0.013945142	-0.0566328055	-0.0498521776	0.027147789	-0.133369847	-0.0274335449	-0.0709388338	0.0601765102	0.0521099956	0.0070946816	0.0838025666	0.2370793184	0.002839883	-0.0510301312	0.1332755078	0.0171279299	0.0668870906	0.0238986642	-0.0222982442	-0.0440183907	0.0560356395	-0.0234208467	0.0220634627	-0.0809697684	0.0120512014	0.0249555808	0.0618114096	0.0756188192	-0.0380301954	0.0536536143	0.0095050583	0.0235436258	-0.001328585	-0.0099761621	0.0525557006	0.0315815105	0.0152300166	-0.0021606386	0.1018509025	0.0753875333	-0.0464279079	0.0604255163	-0.101235548	0.0460750785	-0.0377558149	-0.0395929534	0.107582202	0.0027834938	-0.0698149803	0.0591212944	-0.071921789	0.0049704327	-0.0584648643	-0.0046369221	-0.0569078756	-0.0056525129	0.0222032065	-0.0269055755	0.0315051362	-0.0082462973	-0.0693328846	-0.0249320423	-0.0778875515	0.0673881186	0.0411546584	-0.0898212967	0.0078064368	0.0	-0.0097760243302786	-0.0091815648730175	8.430113351742889e-05	9.557065170619916e-05	0.0166164808297821	-0.0068686907489165	4.717891260425247e-05	0.0002761074351665	-0.1568841780461269	0.0275061657970355	0.0246126453212088	0.000756589156854	-0.0006152354019576	-0.0004233614964852	1.79234956706188e-07	3.785145998219297e-07	0.0016420981386524	-8.691330523100007e-05	7.553922626176985e-09	2.6964862969656766e-06	-0.0003229951531617	-0.0001771612675563	3.138611472219034e-08	1.0432586896595004e-07
803.4640860288222	0.0743179766470802	645554.5375381305	0.0055231616529159	956.4192908583888	1.8842904299299332	914737.8599260632	3.550550424325533	789.8847408321279	0.2179785692542282	0.0475146566541203	623917.9037994379	796.3881250791255	670.1743078258229	1.03483	32.192471	0.0643368498809609	0.0395592590989153	-0.1470336949	0.0440701915	0.0783789354	0.0178218963	-0.0015862542	-0.0065002621	-0.0340203137	0.0035526087	0.0143762752	0.0618658568	0.0437856356	-0.0658371116	0.0114954108	-0.0438325944	0.1149113971	0.0096181451	-0.0130969783	-0.1433903204	-0.0441914242	-0.106347179	-0.0816939577	-0.1117926835	-0.0048402548	-0.0020342574	0.0930307716	-0.0190641632	0.0096685579	0.0065361874	-0.0173684075	-0.0066175883	-0.0474647523	0.1148290629	0.0347904503	-0.0265740881	-0.1576593645	0.0499305049	0.0002472926	0.0265340285	0.1274888209	0.0597493327	0.0250020291	0.0169259712	0.0083939219	-0.0589911125	0.0092370814	-0.0390059936	-0.0155398136	-0.1025964864	0.0602338713	0.0552740984	-0.0174242786	-0.0625640645	-0.0311447538	0.0666810154	0.0584528393	-0.0357124555	0.0252205399	-0.0795989173	-0.0245158564	-0.040221215	0.0116351632	-0.1546374289	-0.0559769158	0.1111818998	-0.0564003974	-0.0453281298	-0.015628886	-0.0074004579	-0.0117248493	-0.0347253426	-0.0109847685	-0.0398906741	-0.0163038986	0.0988515564	0.0218184368	0.0009979095	-0.045163595	-0.0108578035	0.0168728721	-0.0127976037	-0.0085564202	0.0831987046	0.0278456928	0.0128423204	0.0031166835	0.0250625691	0.0343096101	0.0321525207	-0.0277630442	0.1037512715	-0.1297616073	-0.0402647277	-0.0296768138	-0.1363413508	-0.0599567677	0.0680145314	0.0126094119	-0.0503482917	0.0044909101	0.0270330617	0.0964093587	-0.0318280375	-0.0758103487	0.0346620163	-0.0240476478	-0.0080457589	-0.1179297922	0.0741764824	0.0862473269	0.0084195494	-0.0050591032	0.0139272613	-0.0585440946	-0.0455499414	-0.1052698088	-0.0407876191	-0.0757725216	-0.0836307469	-0.00910791	0.0144267765	0.0300618622	-0.018987413	0.1155330472	-0.0662220794	0.0750108898	-0.080222915	-0.0758560968	-0.1007587105	0.1331710021	0.0643265429	0.01892471	-0.0476887179	0.0531030439	-0.0945366876	-0.0223290778	0.0376220265	-0.0067392937	0.1236000289	-0.0036740872	-0.0388036593	0.0839534289	0.0233421179	0.0570968048	-0.0786014276	0.0530368702	0.0432274759	-0.0064861908	0.0181836861	0.0871878846	0.0207813798	-0.0007194712	-0.0279571684	-0.0671686305	0.0520309409	0.0024701347	0.0178661673	-0.0019364378	-0.0002579605	-0.0881765681	-0.0060599042	0.1097664377	-0.0490951744	-0.0194824759	0.017267205	-0.0318234373	0.0802094921	0.00279579	0.0661445341	0.0348900539	0.0674904045	0.0299661666	0.0389778512	-0.0172381398	-0.0408323555	-0.0390668035	-0.0250211727	-0.0208409531	0.0623743169	0.1000484917	0.0249061186	-0.0455588479	0.1199562918	0.0525483514	0.0183883138	-0.0600114154	0.0224808769	0.0069862738	0.0083645242	-0.1036913149	-0.0328937376	0.0756124728	-0.1005881217	-0.0742126138	-0.0160322186	-0.0017743272	0.0767185521	0.062130271	0.0578775452	-0.088376435	-0.0751404702	0.0047735281	0.0416612468	0.0061477007	0.0278958558	0.0091177718	-0.0260867859	-0.0765995097	0.0697746196	0.0368041899	-0.0907655546	0.0149631188	0.0	-0.0136254107744804	-0.0038493864442017	1.4817775996804565e-05	0.0001856518187733	-0.0013283096294003	-0.0179447904591824	0.0003220155046239	1.7644064715575625e-06	-0.1230499668003801	0.0338342112457467	0.0151412943295746	0.0011447538506218	-0.0004417341013679	0.0001735013005897	3.010270130631743e-08	1.9512901631130619e-07	0.0016420724534849	-2.568516749984484e-08	6.597278294950857e-16	2.6964019424939195e-06	-0.0003236374020411	-6.422488794000244e-07	4.124836230905871e-13	1.047411679999126e-07
802.6049231856871	-0.8591628431350955	644174.6627219027	0.7381607910239807	951.9032090041812	-4.516081854207528	906119.719312458	20.394995313902506	788.5609177252904	-1.3238231068374944	1.752507618196876	621828.3209637522	794.6803301079885	645.4284023697027	1.11826	34.787891	0.0382703138283204	0.0232764323569655	0.0600134733	0.1003616234	0.0473122568	-0.0352629628	0.0728911681	-0.060811551	-0.0439981363	-0.0314846204	0.1312224497	-0.0347029933	-0.0274118011	0.0041157901	-0.0258074192	-0.0717565684	-0.0192972494	0.0472157195	0.0353781704	-0.1275041703	-0.056015129	-0.0186151142	0.0472655841	-0.0003504761	0.0219469331	0.0918981009	-0.0844946587	0.0475018209	0.0653506725	-0.0400155228	0.0229928209	0.0010361469	0.0120098061	-0.0523544219	-0.007503832	-0.1580124683	-0.0877287641	0.0444960715	-0.0462161913	0.0645229416	-0.0980353023	0.0074799354	-0.0572772629	-0.0411113656	-0.1218149808	-0.0042642209	0.0173374345	0.0194466618	0.0444236732	-0.0972385598	-0.0154127161	-0.0198699573	-0.0151570819	-0.0380504203	-0.0117257799	-0.0554978478	0.0079090849	0.0433424612	-0.0675160742	0.0406304355	0.0460422443	-0.0393029793	0.0513190386	-0.0134122382	0.0232751805	-0.0115335283	-0.065530612	0.0786335764	-0.0999199661	-0.0126482606	-0.0405524999	0.1775625061	-0.0086840581	-0.0346350455	-0.1660671068	0.0563235212	-0.0690863423	0.0423903449	0.0438129539	0.0069419414	-0.042313065	-0.0814887951	0.1359369179	-0.0993406521	-0.072240348	0.0287495928	-0.0304317949	0.0963871767	0.0252544528	-0.0842267056	-0.005890043	0.0692675217	0.0344053978	0.0239103672	0.0099030982	0.0767961693	-0.1131229468	-0.0748011894	-0.0192207593	-0.0490407676	-0.0878774831	0.0078213412	-0.0216819569	-0.0875476849	-0.1649379237	0.0264624121	0.1210573942	0.1159586375	0.067769346	0.080308012	0.0034391509	0.0143642069	-0.0560172112	-0.0595813206	0.0566425678	-0.0494047198	-0.0328761241	0.0535880725	0.1278657543	0.0245634488	0.0027097832	-0.0965647371	0.011930387	0.061634766	0.0886726798	-0.0516778826	-0.0843621569	-0.0432709089	0.0563387593	-0.0002989994	0.0338272536	0.0177681873	0.0316437285	-0.0244830128	0.080507621	0.0066651676	-0.0331530548	0.1035448732	-0.0130486653	-0.0691421818	0.0490763743	-0.1205402957	-0.0694104599	0.0598153362	-0.0098194398	-0.0053483175	0.1345618144	-0.0164655018	-0.161473338	-0.0714935179	-0.0440267263	0.0528430225	-0.1213346892	-0.0177192287	0.0249374216	-0.0704040917	0.0002563939	0.0358707884	-0.0526673048	0.1764018352	0.0603410436	-0.0558164233	0.0593434032	0.0391231615	0.0327485244	-0.0992631863	-0.0021479032	0.0549070576	0.0648011107	0.0655392155	0.0766946328	-0.0645661439	0.0456956186	0.0455695949	-0.0262007342	0.0679731405	0.0062137879	0.0817092142	-0.0447286823	-0.1570093719	-0.0127350932	0.0726972536	0.0897080828	-0.0246617798	-0.0573142292	0.1136076386	-0.1134605555	-0.0107448138	0.122468107	0.0517837053	-0.0373483001	0.0121386531	0.0028846817	-0.0763273496	-0.0289697827	0.0687784973	-0.0141783979	-0.0125306161	-0.1037424081	0.0390134902	-0.0546562987	0.0291927906	0.094195659	0.0052280391	-0.0540361622	-0.1074124016	0.0461943407	-0.0272370221	-0.0752585301	0.0720526312	0.0323519979	-0.0913178824	0.0220267751	0.0	-0.0104883668623614	0.0031370439121189	9.841044506562875e-06	0.0001100058394394	-0.001402211763434	-7.390213403369998e-05	5.4615254147349575e-09	1.9661978295126883e-06	-0.1411707108031379	-0.0181207440027577	0.0199291695886631	0.0003283613632134	-0.0001918070376041	0.0002499270637638	6.246353720159455e-08	3.678993967446064e-08	0.0016420221200095	-5.033347539999158e-08	2.533458745841557e-15	2.6962366426004933e-06	-0.0002348423236921	8.8795078349e-05	7.884565939005048e-09	5.5150916997105085e-08
801.2437481519876	-1.36117503369951	641991.5439526457	1.8527974723668623	954.0329605001488	2.129751495967525	910178.8897206784	4.535841434575913	786.551052971365	-2.009864753925399	4.039556329071604	618662.558930363	793.4234295300146	671.4408284871532	1.134318	35.28743	0.0751865730411539	0.041146278897406	0.0290165692	-0.0308836699	-0.0507204166	-0.1109546556	-0.0024319623	0.0720526777	0.1470231654	0.0411489066	-0.0993690481	-0.0689637734	0.0522013323	0.0925663271	-0.0243498768	0.0402602171	0.0532226564	-0.0635682478	0.0216921166	-0.0807762753	-0.0952050291	-0.1110301899	0.0391017364	-0.0076695181	0.0591359027	-0.0127811416	-0.1337690751	0.0405396433	-0.0234736282	-0.087061849	-0.0013341734	0.0174333429	-0.0709717918	-0.0679650782	0.1067727596	0.0522401214	0.02870995	-0.0110103253	-0.0396193059	-0.0150712374	0.05994981	0.0144996449	-0.0674058555	-0.0532387398	-0.1098118566	0.0526966296	0.0318579141	0.0290048639	-0.0367681289	0.0033231484	0.0001798614	-0.0037791351	0.0504098038	0.0990192487	0.0814800209	-0.0145402145	-0.0164544726	0.0322563597	0.0286277468	-0.0066215234	0.0233797954	-0.0426405835	-0.0287690664	-0.0788053111	0.0679127387	-0.0222475458	0.0828410443	0.068566386	-0.0826260246	-0.0234003564	-0.113121813	-0.0207008697	-0.0402576229	-0.046048061	-0.1834473372	-0.0092573934	0.0535255606	0.0254664822	-0.0003586638	0.0170559445	-0.0341867824	0.1389682973	-0.075685439	0.0007708316	-0.1182928827	0.0341027295	0.057865001	-0.0436018736	0.0437480266	-0.0117242124	-0.0617042469	0.0525492214	0.0668806072	-0.000332866	-0.0243032964	-0.0509851482	-0.0050592194	-0.0427693298	0.0131519567	0.1102424817	-0.0094240117	-0.0171839128	0.0132829866	0.0314802669	0.0612634734	-0.0933026003	0.0048052909	-0.0640384189	-0.0304790034	-0.0957313688	-0.1268825139	0.118450935	0.0068195324	-0.003762929	-0.0398010114	-0.0146464054	0.0576711362	0.0385737705	0.0350500016	-0.0261043992	0.0322744049	-0.079809324	-0.0250976439	-0.0975115264	0.0195406851	0.0188005101	-0.0305422472	-0.0115958955	0.1134523924	0.0510358485	-0.0077465295	-0.0011939648	-0.0058880801	0.0427438104	-0.0018820646	0.0106744298	0.0001417864	-0.0005989474	-0.0256303661	0.0270933922	-0.0133679917	-0.0718323577	-0.1202559927	0.2166016669	-0.052899078	-0.0122102008	-0.0333300256	0.0275111969	0.0259705922	-0.0383272431	-0.0413218247	0.0329447479	0.0561443751	0.0270453247	0.0346136225	0.0877978904	-0.0786279576	0.1048518323	-0.104261112	0.1069865174	-0.0729540112	-0.037238134	0.0061969486	0.0344282322	-0.0523447709	-0.0145090696	-0.1030885804	0.0124129349	-0.0464720134	-0.0596872989	-0.087697855	0.0511965581	-0.0486513307	-0.0282338548	-0.0078839839	0.0274013659	-0.0138410469	0.0410848237	-0.0147709925	0.0164602032	0.0211068016	0.0196909975	-0.0613032864	-0.0018111973	0.0796316689	0.0524299545	-0.0083823204	0.0321362903	-0.043562487	0.0180247355	0.036865524	0.0889691352	0.0303697019	-0.1360729271	-0.0103599856	0.0589053905	0.0402757609	0.101357136	-0.018250763	0.0745148136	-0.1066232481	-0.0340329428	0.0302985177	-0.0083866564	-0.0044518724	0.083510261	0.0231510786	-0.0283825523	-0.0738655397	0.0742186113	0.0278103878	-0.091475895	0.0289534907	0.0	-0.0146827598293839	-0.0041943929670225	1.7592932361807812e-05	0.0002155834362073	0.0330647931657921	0.034467004929226	0.0011879744287912	0.0010932805470966	-0.1527976588857882	-0.0116269480826503	0.0233471245609776	0.0001351859217166	0.000216266589674	0.0004080736272781	1.665240852799057e-07	4.677123780922229e-08	0.0016419662003339	-5.5919675600105134e-08	3.1270101192209934e-15	2.696053003038945e-06	-0.0003246773179835	-8.983499429139998e-05	8.070326199335867e-09	1.0541536081295877e-07
799.7293544318816	-1.5143937201059998	639567.0403400341	2.2933883394964893	950.4817748922386	-3.551185607910156	903415.6044023	12.610919221828226	786.7362491708753	0.185196199510301	0.0342976323130592	618953.9257594576	793.1967781892448	647.0799322894405	1.080964	33.627655	0.073383069526007	0.059005682039677	-0.007355362	0.0382265232	0.0418965061	0.0845930993	-0.0942348372	-0.026996624	0.0301818866	-0.0497079634	0.0241573657	-0.0732344166	0.047301314	-0.1007432989	-0.1075422366	-0.0418302251	0.0835898878	-0.0349053172	-0.0535503021	-0.0593959179	-0.0275163768	-0.015401184	-0.0779523762	0.0493818683	0.0592019056	0.051298472	-0.1654337179	0.0685164372	-0.056921661	0.0002029947	-0.0382605041	0.1252614041	-0.045271821	-0.0696682258	0.0802543618	0.013740815	-0.0909187619	0.016786993	-0.1122921414	0.105949685	-0.1257779764	-0.0498590305	-0.0278585621	-0.0192511088	0.0340201578	-0.0199107606	0.0661860577	0.0053816031	0.0108800071	0.0910049853	-0.1345155247	-0.0909915731	-0.0396845447	0.057022654	-0.0432216647	-0.0824720151	0.0692474614	-0.0699128375	-0.0015279366	0.0749186746	-0.0213998438	-0.0106619254	-0.0142585383	0.1268251625	0.060889076	-0.0007605668	-0.1020709054	0.062384168	0.0790467247	0.0541258457	0.0151130905	-0.0680627741	0.0036971144	0.0013143399	-0.0030271621	0.0537803353	0.0581079203	0.0393598332	0.0474415678	0.0400351824	0.0185126011	-0.0325294103	-0.0667512037	-0.0048554416	0.0736303045	0.0313430598	-0.08687782	-0.109956731	-0.0347307726	0.1648786212	-0.0871352313	0.0321425529	0.092639955	0.023953259	0.0468867159	0.0372780665	0.0587896309	-0.0431681221	0.0070075541	0.0027769669	0.0532053844	-0.0708821591	-0.0428683632	0.0900507518	-0.0468764638	-0.044064566	-0.0034701001	0.0407441903	-0.0104425478	0.0027298313	0.0407697648	0.1427499955	-0.0329542541	-0.0513235111	-0.0248670769	-0.1518828147	0.0333649837	0.0931263629	0.0672647071	-0.0250522655	0.0246445759	-0.1146751367	0.0178165	0.0903460119	-0.0128484749	0.0465234624	-0.1448820737	0.0682817525	0.0233561844	0.0560842633	-0.0461160332	-0.0082830181	-0.031456504	0.0745726174	-0.0840310042	-0.0164699929	-0.0500831191	0.0819335451	0.0497647658	0.0151417043	0.0522151148	0.0287097651	-0.0137863695	-0.1377269624	-0.0577476354	-0.0170190187	-0.0925429021	-0.0053620081	-0.0589074211	0.0371513341	-0.0041403071	-0.1100442006	-0.036464223	-0.0360567649	-0.0680641401	0.038026144	0.0881273659	-0.0126262918	0.0208356716	-0.0537619208	0.0389736383	-0.1115771549	-0.063409177	0.0424797079	0.0075791114	0.0495082352	0.0043831899	-0.0450027166	0.0223325728	-0.0345155397	-0.0130877656	0.1003758752	0.0606263145	-0.0695163031	0.0048953965	-0.0484676187	0.0926174086	0.0171512019	0.1192029643	0.1116460089	-0.0545347016	0.0455228074	0.0032153929	0.0484968848	-0.0035019288	0.1019563091	-0.0896541999	-0.0515295697	-0.0624414818	-0.044587382	-0.0378097018	0.0898598549	0.0065795732	-0.1604983042	-0.0240541971	0.0185409403	-0.0003971823	0.0688119917	-0.0670835004	0.0005773061	0.0174897295	0.0243610132	0.0408572499	0.0177783305	-0.0193538768	-0.0886631678	-0.0478615453	-0.0295231785	-0.072421501	0.0762691921	0.0231919124	-0.0912389102	0.0357002023	0.0	-0.0060545607195905	0.0086281991097934	7.444581987823961e-05	3.665770550720823e-05	0.030572281511354	-0.002492511654438	6.212614347509739e-06	0.0009346643968094	-0.0944392653341026	0.0583583935516855	0.008918774836845	0.0034057020979334	0.0002942668372199	7.800024754590001e-05	6.08403861722168e-09	8.659297148740315e-08	0.0016419514671621	-1.4733171799967762e-08	2.1706635128736532e-16	2.6960046205157727e-06	-0.0003247416414676	-6.432348409999861e-08	4.137510606762775e-15	1.0545713370307125e-07
797.9759663554908	-1.75338807639082	636765.6428809793	3.0743697464295003	945.9448817676266	-4.536893124611993	894811.7193423691	20.58339922415157	786.7801501541456	0.043900983270305	0.0019272963320996	619023.00467658	793.5010706836243	651.1765844286974	1.013673	31.534285	0.1548597199543811	0.0829193383050548	0.0245716462	-0.0628345023	0.0550313968	0.0022527272	-0.0745662142	-0.0941577509	-0.0086933429	-0.0804654128	-0.0244792723	-0.0058738436	-0.0163401922	-0.0973265024	-0.1414830465	0.0714673428	-0.0392833881	0.1349974392	0.1442075381	0.043346215	0.0078839285	-0.0944526183	-0.0328916756	0.0657031876	-0.0424958886	0.0013453892	0.0113058667	-0.0528908453	-0.0092106619	0.1198172407	-0.0505516515	-0.1116999465	-0.0475138405	-0.0834813105	0.0778035533	-0.0744495972	-0.0320899333	0.0564980073	-0.0453168797	0.0006225288	-0.0354372597	0.0273070915	0.0227551783	-0.1175694921	-0.024791744	-0.0250588865	-0.002394984	-0.054115891	0.091979001	0.0541657638	-0.0989283933	0.0704309178	-0.0269431982	-0.0240818034	-0.0281321437	-0.0547389277	0.0797299894	-0.0319978783	-0.0349516017	0.0087644558	0.0350756157	-0.1238375823	0.0965514964	0.0650959792	0.0347822234	-0.0167416651	-0.0511628194	-0.0535382496	-0.0134632657	0.0313016872	0.1318620749	-0.0278525725	0.0489579834	0.0769318214	-0.0066405127	0.0103429147	-0.0207806963	0.1038980729	-0.0169709962	-0.0048829629	-0.0163123279	-0.0190202133	-0.060535578	-0.0459665345	0.0705337064	-0.0762653835	0.0139379868	0.0148150132	0.0039374264	-0.0181702857	0.0147467013	0.061849029	0.0591218249	-0.0261906261	0.145479149	0.0242679136	0.1430572404	0.0466300911	0.0429777293	-0.1100612729	-0.0789924511	0.0426198423	-0.0157276168	0.0370314872	0.024379355	0.0044464876	0.0123311708	-0.0199113666	0.0105447329	0.0138183826	-0.0894784805	0.0792551649	-0.0103448341	0.0862661932	0.027796258	-0.0685477355	-0.0271023169	0.0378281455	0.0283014368	0.0168126369	-0.0385975463	-0.0629955677	0.0741270575	0.0399382327	0.0879692898	-0.0003716679	-0.0624728223	-0.1581210087	0.0108808761	0.0245005317	0.003081375	-0.0741822044	0.0093346636	0.0109751358	-0.0097145088	0.0293041897	-0.0273490002	0.1283949485	0.0661495338	0.0268914518	0.0867811854	-0.0454837056	0.0825346755	-0.0825147003	-0.0595570654	0.0364652804	-0.0418941799	-0.1047261982	-0.0329193006	-0.0802116745	0.0407839462	-0.0317224929	0.0026498458	-0.0448269839	-0.0987563982	-0.0607156828	0.0303812179	0.086497546	0.0235476403	-0.1172579005	-0.0383548342	0.0312164468	-0.05607222	0.0871461583	0.0478880319	0.062948091	0.1036817733	-0.0313227711	-0.0236420094	0.014225611	0.029494655	-0.0168505701	0.0609950361	-0.1040429171	-0.0503133606	0.0482984736	-0.0391843605	0.0047219179	-0.0436741705	-0.0752997228	-0.0067232823	-0.0409307344	-0.02804479	5.29356e-05	0.0216661141	0.0798456294	0.0186402829	0.0148513867	0.0406843487	-0.1497938112	-0.0810035961	0.0634300866	-0.0352346505	-0.1730493423	0.0659483244	-0.017180597	0.0964417402	0.1184569051	-0.0250075722	0.033535802	-0.0156391605	-0.0046808212	-0.0138834837	-0.00468977	-0.0437081849	0.0443277345	0.0267100885	-0.0306587036	-0.070927412	0.0782011853	0.0185093366	-0.0906079513	0.0422249655	0.0	-0.006043030395034	1.1530324556499778e-05	1.3294838437822178e-10	3.651821635530478e-05	0.0367845074548824	0.0062122259435283	3.8591751173447273e-05	0.0013530999886982	-0.1555705881352764	-0.0611313228011738	0.0242022078927558	0.0037370386274213	0.0011869404922601	0.0008926736550401	7.968662544028298e-07	1.4088277321666482e-06	0.0012060579882198	-0.0004358934789423	1.9000312498442138e-07	1.4545758709487912e-06	9.678404225234824e-05	0.0004215256837199	1.7768390203556986e-07	9.36715083470433e-09
798.1599864839051	0.1840201284143177	637059.3640239876	0.0338634076616219	947.84261291706	1.897731149433412	898405.6188614396	3.601383515529858	786.1216465139987	-0.6585036401469324	0.4336270440867606	617987.2431178803	792.6356195428891	644.8206533923374	1.028804	32.005013	0.1240252717405226	0.0723376604342651	0.0582557539	0.0131674208	-0.0501747884	0.0025426585	0.0393995594	-0.1544665197	0.0466870404	-0.0336791252	0.0488329063	-0.0240771646	-0.0177143712	-0.0706414687	-0.1662150589	0.1660059529	-0.0334407347	-0.0482344117	0.1101675146	-0.092037489	-0.0537033157	-0.059818561	-0.027540603	-0.009097505	-0.0495872392	0.0083294212	-0.0498288965	-0.0035960403	0.0630477841	0.0294151562	-0.022719705	-0.0358263101	-0.0878054475	-0.1464417131	0.0903875997	-0.035881276	-0.0329888223	-0.0481876614	0.0202193162	0.0200762302	0.0409770083	-0.0423678996	-0.0125450635	-0.044408347	0.044935729	0.0513970931	-0.0777303763	0.0957709933	-0.0426573085	-0.0634029048	0.0860843392	0.106219459	0.0044069049	0.0265861483	-0.0036515657	-0.0118304519	-0.1078145196	-0.0502081463	0.0026698835	0.0083557852	-0.0631784767	-0.0095754479	-0.0824471004	0.082833378	-0.0046823955	-0.0446763544	0.0692349374	-0.053903387	-0.0911862446	0.0410611405	0.0518465964	-0.0235836339	0.0362844159	0.0318649881	0.1397169727	0.0582848499	-0.0183338384	0.1844534993	0.0922458966	-0.0822212488	-0.0004634995	0.0520335097	-0.0895796699	0.0316770427	0.0117915868	0.0222343544	0.0855318513	0.0058581612	-0.0428204655	0.0473910861	-0.0086986151	-0.0806166584	0.0970544011	-0.0399964339	0.027352697	0.0550176159	-0.1475986986	-0.0658703599	-0.0186660549	0.1378043514	0.0743197791	0.0660358434	0.0506559213	0.1143822265	-0.0657822869	0.0612037137	0.0931744933	0.0465767546	-0.0095060834	0.0503342385	-0.1357904691	0.1562918975	0.0472450505	-0.052165373	0.002992606	0.0240374973	-0.0233992015	0.0012650458	0.0244769059	-0.0324702515	0.1012866936	-0.0388904452	0.0394453518	-0.066530535	-0.0593694772	-0.001267318	-0.0716690844	-0.079164727	-0.0723795679	-0.0091012572	-0.0153795859	-0.0255239982	-0.115912684	-0.0200964782	-0.0815130775	0.0175336468	0.0739566539	0.020426674	-0.1235007217	-0.0787883043	0.0888632459	0.1251742174	0.0054081997	0.0092326538	0.0532094499	0.0281069049	0.0730013135	-0.115937839	-0.027062309	-0.018677585	0.0004418189	0.0494181091	0.1424115256	0.0319566887	0.0606345484	0.1000244206	0.0689087055	0.0074044332	0.1176107459	0.0261330448	-0.0477882985	-0.0346371255	-0.0497783937	-0.041627397	0.0078999694	-0.1974211561	-0.0055858684	0.0190991694	-0.007891338	-0.0244327687	-0.0990707729	0.0218929645	-0.0988987441	-0.0584377897	-0.013593242	-0.0465254239	-0.0476895896	0.0036053031	0.0216397821	-0.0047441417	-0.0155791109	0.0621956606	-0.0202184308	0.0620495028	-0.0113004349	0.1660321857	-0.0438818836	-0.0106900667	0.1234529106	-0.072584144	0.0383335636	0.0830869511	-0.0504047774	-0.1593558866	0.0419354426	-0.0320998505	0.0476313725	0.0682139148	-0.0908627149	-0.0598699591	0.0693769637	0.0320052701	-0.0311110533	0.0723704706	-0.0004748892	-0.0271321519	-0.0017173484	-0.0317889315	-0.0693843053	0.080011587	0.0137756027	-0.0895857427	0.0484872159	0.0	-0.0039031048142845	0.0021399255807494	4.579281491146084e-06	1.5234227191290842e-05	0.0626491475701414	0.0258646401152589	0.0006689796082918	0.0039249156912653	-0.0915794094103148	0.0639911787249616	0.008386788227942	0.0040948709546099	0.0009658569218648	-0.0002210835703952	4.887794509873356e-08	9.328795935141464e-07	0.0015350901718129	0.0003290321835931	1.0826217784004352e-07	2.356501835596559e-06	0.000187258834655	9.047479240265176e-05	8.185688060302932e-09	3.506587115634863e-08
797.2295896612992	-0.9303968226058714	635575.0186315235	0.8656382475151013	945.3260358595692	-2.5165770574908493	893641.3140739675	6.333160086289301	785.6079964737513	-0.5136500402473985	0.263836363846154	617179.9241235016	792.3273381394238	621.4086000542892	1.009829	31.414709	0.0664399614691952	0.0391650207217104	0.0751508191	0.0028870739	0.0164257194	0.0808544499	0.0530641798	-0.1266249293	0.0997348829	0.0157752767	-0.0404812985	0.0180133297	-0.0101694838	0.0193889939	-0.179868331	0.0733041847	-0.0431628905	0.0370192332	0.0045046924	-0.0213789931	-0.0932459789	-0.1174714172	-0.0016203516	0.0623233169	0.0106873664	0.1281414334	-0.0092526765	-0.0320634196	0.0180331015	0.0574759677	0.0609239999	-0.0092855195	-0.0842169478	-0.1141082734	0.1778495828	0.008380778	-0.1005592741	0.0608435001	0.0222508973	-0.0337535863	0.0091510975	0.0225143099	0.0438063639	0.0310981272	-0.0018630137	0.0733615095	0.0697081758	0.0074314209	0.0630786158	0.0550238242	-0.0684773075	-0.0328051072	-0.1126631551	-0.0520150971	-0.0387667787	-0.0982107669	0.0301342707	0.0225919443	-0.1557134232	-0.0663940487	-0.040746125	0.0758002728	-0.0140764694	0.0599018111	0.1397203128	-0.0183964605	0.0732236176	-0.1199435023	0.0229570145	0.0443124111	0.0784710206	-0.0055614432	-0.0478825668	-0.0171196042	-0.0800631526	0.0728352811	0.0384095141	-0.0633146698	0.0618552766	0.1225540821	-0.0262285753	0.0268826991	0.0422371172	0.1009297475	0.0735131831	-0.0084176059	-0.0524991739	-0.0918988796	0.0741275539	-0.0063988814	-0.021532029	-0.0338662764	-0.1053254413	-0.0524160023	0.0594974585	-0.1006142717	-0.0297672458	0.0979051205	0.034063947	-0.0438380729	-0.0290087212	-0.0353903682	0.0103255925	-0.132843812	-0.0874914747	-0.0061390236	-0.0448960781	-0.0161566218	-0.0088154759	0.0248796677	-0.1042044237	0.196330908	-0.003308637	-0.0299877009	0.0428048247	-0.0418748566	0.0627509679	0.0281185822	-0.04467809	0.050500444	-0.0213500343	-0.0538695661	0.0396412737	0.1019235908	0.0703846121	0.0020374225	-0.1346746434	0.0144659385	-0.0070551437	0.076187468	-0.0187877347	0.0527546426	-0.0083515353	0.007334379	0.151777613	-0.0925678769	0.1102135065	0.0382525948	0.0910421257	-0.0619854677	-0.0007944993	0.010720519	0.1055701434	-0.0579032977	-0.0721174308	-0.1035935628	0.0765512558	0.0951281959	0.0013962547	-0.0322350007	0.0134393168	-0.0337992578	0.0293548686	-0.0320255383	-0.0827031922	-0.0239585658	-0.1231509596	0.094591306	-0.0492203483	-0.1046027765	-0.0153074283	0.0617942168	-0.099293915	-0.0823986381	0.0256834498	0.0075714553	0.0254194047	0.0575588711	0.0490890575	0.076119853	0.0422841095	0.0801484644	-0.0115708969	0.1014120484	0.0176286442	-0.1042508549	-0.0233583218	0.0344723386	-0.0211946204	-0.0396030897	-0.0101736725	-0.1080103504	-0.0051087138	-0.0113984019	0.0458790366	0.1533347304	0.0063788426	0.0364528662	0.0252985013	-0.0367980275	0.0955032132	0.0797894058	-0.0462158399	-0.2141103591	0.0813421285	-0.0506221285	0.1083605016	0.1087870644	-0.0811132126	0.0166455638	0.131277904	-0.0487984639	-0.096406719	0.0067172287	0.082477217	-0.0135073708	0.0728491178	-0.0329136668	-0.0677932473	0.0816975821	0.0090037942	-0.0881766985	0.0544480209	0.0	-0.0081761339392443	-0.0042730291249598	1.825877790275472e-05	6.684916619246253e-05	0.0627405034438481	9.13558737067055e-05	8.345895660715526e-09	0.0039363707723875	-0.1206254115539735	-0.0290460021436586	0.0145504899125654	0.0008436702405294	0.0004304045842373	-0.0005354523376275	2.867092058707543e-07	1.8524810613248305e-07	0.0014670251388522	-6.806503296070011e-05	4.632848711941192e-09	2.1521627580243167e-06	0.0001301847187058	-5.7074115949200005e-05	3.257454711382726e-09	1.694806098450827e-08
800.0874101224393	2.857820461140136	640139.8638364325	8.167137788111221	950.1661240028228	4.840088143253638	902815.6632025476	23.42645323446445	787.5370783466674	1.929081872916072	3.72135687241338	620214.6497708049	793.5532145841671	647.7697812764599	1.048678	32.623264	0.1096054914764895	0.0596560567435966	0.0091743248	0.0830307467	-0.0195009525	0.0370007309	-0.0390127542	-0.0998181721	0.1319641946	-0.023069498	0.0167404717	0.0648424587	-0.0437992035	-0.0215595765	-0.1514726937	0.1178333414	0.0242733161	-0.1573936373	0.0179701985	-0.0064135928	0.1069498251	-0.0131074695	-0.1042373383	-0.0790043848	-0.0163676888	0.0028923697	-0.0032485957	-0.036784425	-0.0371877514	0.040908999	-0.0930126796	-0.0486982334	-0.094966084	-0.1268621427	0.0439202394	0.0046955338	-0.088784045	0.0166453784	0.0647488526	-0.0041243899	0.0535151525	0.0892489644	-0.0959889876	0.0221069708	-0.0291216518	0.0009857228	-0.0860171946	0.013624754	-0.0669941069	0.0634056756	0.1222729244	0.0391268711	0.1387784677	0.006403205	0.0398231595	-0.1226319274	0.0474429115	0.0382086944	0.0542733136	-0.0300448736	0.0272070347	-0.034446573	0.0522367255	0.0324859694	-0.0244537643	0.0114142013	-0.1689310543	-0.03236654	0.0159732726	0.0189800822	0.0752589508	-0.0506290343	0.0167490701	0.0653201438	-0.0619527679	-0.149464133	0.1011550238	0.0084836058	-0.0272157539	0.0136763515	-0.0535381008	0.0973735383	0.0449975634	0.0505477308	0.0214088742	0.0589962455	-0.1267023244	-0.0378351012	-0.0721718247	-0.0580745767	-0.0148760032	-0.0201800649	-0.0627540391	-0.0396396368	0.019007034	0.0981065778	-0.050161436	-0.0138321071	-0.0001071689	-0.1172084902	-0.0179124863	-0.1017379817	-0.029765859	0.0217757796	0.0511610122	0.0678258198	0.0903411564	0.0243973475	-0.0372155681	0.0806659838	-0.06739026	0.1750394179	0.0833330161	0.0714667902	0.0151748503	0.0779171255	0.0494290336	0.0499949186	0.0395872439	-0.0169518001	0.0990929092	-0.0073306476	0.162753241	-0.0284802833	-0.022391184	0.0721290507	0.1554217624	-0.0179259614	-0.0338155864	-0.026434663	0.0010260785	0.0246565763	-0.0639158419	-0.0591905609	-0.127442669	-0.0630575485	-0.0865820811	0.0463513642	0.089388538	-0.1109770976	0.0936680709	-0.024515099	0.0014218263	-0.0432048236	-0.0104013865	-0.0429705254	-0.0259838114	0.1017228551	-0.014137801	0.1166156255	-0.0145920905	-0.0096432255	-0.0118923161	-0.0313916497	0.0943933253	-0.0820771153	-0.0066059822	-0.0414990141	0.0272419649	0.0266692977	-0.0295371598	-0.0578480636	-0.0712506929	-0.0018621177	-0.001694409	-0.0382014962	0.023697796	0.0829771791	0.0119772091	0.0416862033	-0.0053127341	-0.0037447308	0.0899591404	0.0617597027	0.0635058241	0.0485620886	-0.0838742746	0.0304536138	0.0057108858	-0.0865363754	-0.0969790122	0.0457158136	-0.0008216418	0.0898439496	0.0093937992	0.1646165681	-0.061981749	-0.0007158443	-0.0494102596	0.0054813064	0.0158729328	0.0332773487	-0.0002434132	-0.1978792964	0.058536844	-0.0615662183	-0.0298284026	-0.0511556038	0.0118464618	-0.0188352875	0.044953655	-0.0718373474	-0.1174029193	-0.0425734361	0.0440311451	-0.0677283662	0.0944006694	-0.0340327152	-0.0661553376	0.0832565493	0.0042071001	-0.0863869029	0.0600703222	0.0	-0.0060536794557748	0.0021224544834695	4.504813034399785e-06	3.664703495326988e-05	0.0273015423866809	-0.0354389610571672	0.0012559199608114	0.0007453742166917	-0.0753167209116156	0.0453086906423578	0.0056726084488781	0.0020528774477248	0.0001873416718151	-0.0002430629124222	5.9079579395162064e-08	3.509690199847663e-08	0.0017030135583611	0.0002359884195088	5.5690534142308565e-08	2.900255179961736e-06	0.0001858410926446	5.565637393880002e-05	3.097631960015538e-09	3.4536911715338814e-08
802.0026229014142	1.9152127789748192	643208.2071407479	3.6680399887484496	945.8337353333732	-4.332388669449642	894601.4548946815	18.769591583175643	787.7224669090707	0.1853885624033182	0.034368919069969	620506.684873312	793.1745385480563	626.3396421310974	1.220951	37.982475	0.2880073628504077	0.1469036151219928	0.0310963943	0.05391214	0.1565410519	-0.02764109	0.0234737111	-0.1066866175	0.0174449922	-0.1415677935	0.0296949506	0.1460131713	-0.1514995279	-0.030253583	-0.0601361927	0.0143864178	-0.0324691245	0.1879193141	-0.0402954128	0.0703793533	-0.0562792335	0.0023653039	0.0337261682	0.0930668739	0.0484185098	0.1727135786	0.1063629427	-0.1060036443	-0.1574920983	-0.159074089	0.0281243817	0.0420243976	0.0386132174	-0.0359883396	0.0062097097	-0.122279691	-0.1181657323	0.0110482876	0.1399985462	-0.0522236372	0.0363847741	-0.0590211307	-0.0957080022	-0.039287677	0.0422193877	0.0472837343	0.1225336955	-0.0352722395	0.0703099232	-0.0004784584	0.0107103533	-0.093153649	-0.0767601032	-0.0378207636	0.126416978	0.085249613	0.0499725707	0.0444293392	0.0734508519	0.0362188191	0.0111265713	0.0846252738	0.1131676785	-0.0209990692	-0.034813972	-0.0221221411	0.0598346409	-0.0128910839	0.111408952	0.0716783333	0.0128459024	0.0215917928	-0.0948429113	0.107632725	0.0168362622	0.0968037835	0.0171311499	-0.0573955242	0.0149740077	-0.0139684173	-0.00455204	0.0624288906	0.0256448062	-0.0091496736	0.0651252644	-0.0176227036	0.0206806674	-0.0921147131	0.040308731	-0.010453208	-0.0039209876	-0.0769397501	0.0078433108	0.0865458469	0.0055447804	0.0784362865	-0.1172385968	-0.0586129364	0.0428926782	-0.0690996686	0.1044233591	0.060021838	0.1715691647	0.058594326	0.0650964476	0.0565413396	0.0178217531	-0.0162793756	0.0361191803	0.1964528175	-0.0394083167	-0.016209459	0.016972598	0.0736100401	0.1176708034	-0.0241452438	0.0700846155	0.1484742372	-0.0125583374	0.0472936072	-0.0130521332	0.1543481261	-0.1226639528	-0.0484665912	0.0462665022	-0.0873341151	-0.0278131602	0.0454970532	-0.0573268362	-0.0251030898	0.002067152	0.0478413992	0.0846326729	0.0838939847	-0.000295522	-0.0548052229	0.012150811	-0.0785622785	0.0720676959	0.0315785623	0.0065544145	-0.069673664	-0.006227092	-0.0315663045	0.0969296258	-0.0231559026	0.0366476511	-0.0495338401	0.0192646023	-0.0396455716	0.0241490058	-0.1390709021	-0.0325236347	0.0657317806	-0.0119164139	0.0390836173	-0.1319161598	-0.0140268067	-0.0659143374	-0.0176050487	0.1499251559	0.0001297254	-0.0836533885	-0.0857863036	0.012367783	0.0600434256	0.0227688975	-0.0804723301	0.0202002671	0.1116371518	-0.0577299034	-0.0167232549	-0.0062534393	-0.0244716772	-0.1418225183	0.0634321382	-0.102683376	-0.0741909092	0.0455184861	0.0994030434	-0.0253821393	-0.1837485515	-0.14243057	-0.0959123007	-0.0087036281	-0.0046079451	-0.1043398526	0.0298787629	0.0576660592	0.0183036762	-0.0843185183	-0.1366828509	0.0651117649	0.0508776777	0.2907357766	-0.1498728137	0.2918055878	0.009834285	-0.1276972497	0.0599729667	-0.1171460001	-0.0765528246	-0.0269995864	-0.0514619113	-0.0425860824	-0.0577917048	0.0896486734	-0.0351458834	-0.0644717082	0.0846860645	-0.000601222	-0.0842240844	0.0653191659	0.0	-0.0383328686411488	-0.032279189185374	0.0010419460544651	0.0014694088182595	-0.0405280422218936	-0.0678295846085745	0.0046008525481717	0.0016425222063395	-0.1958459758790098	-0.1205292549673941	0.0383556462680016	0.0145273013029951	-0.0001533049006214	-0.0003406465724365	1.1604008731273565e-07	2.350239255453733e-08	0.0012060221383538	-0.0004969914200073	2.470004715608725e-07	1.454489398199472e-06	-0.0003239075966929	-0.0005097486893375	2.598437262812991e-07	1.0491613119537037e-07
806.7681631159957	4.765540214581506	650874.8690175578	22.710373536793547	955.6222629673432	9.788527633970034	913213.909478826	95.815273240995	789.9218847256159	2.1994178165451785	4.837438731736361	623976.5839684692	795.9790982188072	674.9385738742649	1.184407	36.845634	0.1096090437498086	0.0743371053584925	-0.1232414867	0.0148021049	0.0495011521	-0.0843469744	0.0977008133	0.1025653605	0.0962448068	-0.1573417245	-0.0894456251	0.2586276487	-0.0183533766	-0.0043324077	-0.0320435362	-0.0977030313	-0.0010388088	0.0136064521	0.1026952504	0.0225940654	-0.0046462036	0.0513378437	0.0860729093	0.0698919634	0.0597484032	-0.0775529521	0.0051505905	-0.1204569202	0.0619536201	-0.1968413933	-0.1510545105	-0.0685618821	0.01664427	0.1398197434	0.0578824932	0.0199224981	-0.0770506331	-0.0430304684	0.0091016907	0.0001389365	-0.021047975	-0.009133598	0.0427679683	-0.1068205483	0.0289321364	0.0246963881	-0.0148272701	0.0161162377	0.0422402177	0.0364766826	0.1816605241	0.00296312	0.0739386507	0.128923298	0.1134744257	0.0825708093	-0.0288243129	-0.0406123339	0.0001694074	0.0884691956	-0.086957197	-0.0153336942	-0.0159490026	-0.0723778152	-0.0350469372	0.1419581817	0.1211746262	0.0417760429	-0.0453261297	-0.0097804451	-0.0088373013	-0.0414562555	0.010204322	-0.0092817892	0.0639481377	-0.0013252293	-0.0072189617	-0.0267285795	-0.0605055686	-0.0029968175	-0.0368965487	-0.0071373213	0.0415485203	-0.0403698354	-0.0116381627	0.0823555931	0.0984177312	0.0552883195	0.0098060004	-0.0701927057	-0.074498637	0.0111941309	0.0057019932	0.0247948931	0.009162793	-0.0754533816	0.1268158272	-0.0291545348	0.010619431	0.0176788056	-0.1184736662	0.1142259725	-0.0161935308	0.0072209114	-0.0585453072	-0.1183940248	-0.0637809964	-0.1182411272	-0.0870346445	0.1271185736	-0.0119898408	-0.083227763	0.1580559661	-0.0241495202	-0.0100211266	0.0019513915	0.0368668803	-0.0481192303	0.1247191346	0.095138766	-0.1012791904	0.1525721151	-0.0826303804	-0.0520907555	-0.0167312699	-0.0654873647	0.0274915526	-0.0130333209	-0.0194222214	-0.0860959595	-0.0123704518	-0.0086025742	-0.1009084398	0.0197027662	-0.0526353479	0.1170039216	0.0843668241	-0.015269674	0.0681845859	0.1235418951	0.0333275973	-0.0036336905	0.0229597078	0.0228070753	0.035431558	-0.0109936313	-0.0506797911	-0.0124245383	-0.0446099999	0.0332680494	-0.0122317118	0.057404565	0.0860022425	-0.0018816747	-0.0964106748	-0.0509213239	0.1246549147	-0.0091405372	-0.0532757134	-0.01032016	-0.0516158182	0.0345755943	0.1397852555	-0.102761762	-0.0256120268	0.0227810111	-0.1557631551	0.0038424325	-0.0075621435	-0.0085941882	0.027925428	0.0523489076	0.0306438349	-0.0937145082	-0.0041934003	0.0365991366	0.0520527425	-0.0604711079	-0.1446050512	-0.0495401549	0.0415925242	-0.0173481941	0.0557532442	-0.0165524954	0.1333599422	-0.0754666074	-0.061017347	0.091360339	-0.02413203	0.1478322907	-0.0525160833	-0.0488598424	0.0764659595	-0.0151494672	0.1705770645	-0.0337127657	0.0274900972	-0.0641037409	0.0140161873	0.0991723529	-0.0327661327	0.0199838747	-0.0763305376	0.0676122507	-0.0273785873	-0.0163925799	-0.0466097559	-0.0362529791	-0.0627435226	0.0859839051	-0.0054078825	-0.0816975821	0.07016192	0.0	-0.0126386594193519	0.0256942092217969	0.0006601923875334	0.0001597357119183	0.0273545207865737	0.0678825630084673	0.0046080423605985	0.000748269807463	-0.1958971050476492	-5.112916863941885e-05	0.0383756757660497	2.6141918857581326e-09	-0.0003107787422785	-0.0001574738416571	2.4798010806245407e-08	9.658342665220633e-08	0.0013680509776476	0.0001620288392938	2.6253344762896093e-08	1.871563477442554e-06	-0.0003237874306257	1.2016606720002257e-07	1.4439883706320343e-14	1.0483830023119249e-07
806.721922167312	-0.0462409486837032	650800.2597053226	0.0021382253351688	950.7224117556945	-4.899851211648752	903873.1042145642	24.008541896295743	791.2408158476549	1.3189311220389754	1.7395793046829908	626062.0286632625	796.4563326319661	676.5520634003954	1.108998	34.499744	0.0852779959557135	0.0434926612950856	-0.1336137859	0.0430518451	0.1098888265	-0.0978530392	-0.0352611816	0.1250118744	-0.0728694611	0.0110876733	0.0306383029	0.0883514701	-0.0461400839	0.0407408882	0.1051025081	-0.0346240759	0.3218203438	0.0522650342	-0.1130487518	-0.0140170265	0.0305724771	-0.0635515431	-0.0527607899	-0.0642900394	-0.0576301432	-0.0245703564	-0.0419372734	0.1218074063	-0.0408493135	0.1414634739	-0.0662512995	0.0205489235	0.0374469961	0.1663483736	-0.0779545184	-0.0704062738	-0.1048785047	-0.0435561176	0.0707249774	-0.0227496423	0.0848766271	0.0816618581	0.0416996835	-0.0662469703	0.0103944616	0.0203299988	-0.0962448353	-0.0908964049	0.0281395366	-0.0333337964	-0.0946778661	-0.0476525719	-0.0074452485	0.1021626966	-0.0885575471	-0.1087604616	-0.0704362601	0.0246031359	0.0515593313	-0.1041533328	0.079316934	0.0200433003	0.0074929727	0.045313897	-0.041673685	-0.0059444185	-0.1707425896	0.0562890857	0.0251491951	-0.0618985058	-0.0004085946	-0.0689857023	0.1250947854	0.0089429133	0.0346509645	-0.0367476005	0.1068747872	-0.0410298752	-0.0110713016	0.0806689164	-0.1422587214	0.0902965767	0.0043139218	0.0216223487	-0.0166506432	0.115919613	0.1448308864	0.0434339476	0.0750826289	0.0002562378	-0.0065736962	-0.0294454706	-0.0425668375	0.1048709155	0.0019159957	0.0175092385	-0.0054425027	0.0932917813	0.0328538572	-0.045555881	-0.0611834972	-0.0215142338	-0.0425369991	-0.0352249679	-0.0637498846	0.0382694408	-0.0874624763	-0.0160699774	-0.0590461961	0.1315932507	0.1857254746	-0.0519890813	-0.0095870865	0.0388519583	-0.0901648488	0.0166195716	-0.1447989875	-0.0794445722	0.0183409336	0.0270557561	0.0399737966	-0.0330635704	-0.0171112741	-0.0796673337	0.0426939372	0.0930449497	0.1283997018	-0.0369531964	-0.0008021268	-0.010600342	-0.1338902949	-0.106493603	-0.0312665778	0.073932619	-0.0028236495	-0.0624294895	-0.1087886403	0.0723104362	0.0417744371	-0.0489928554	-0.0408952733	0.1490936381	-0.1125431337	-0.070013888	-0.0046403566	-0.0368593727	0.0245909541	0.0184654399	0.1029459799	0.0440309325	0.059852045	0.1026930831	-0.0188781705	0.0215947987	-0.0587185745	-0.0732983267	0.0515125445	0.0946503853	-0.1353139848	-0.0493407594	-0.0745717365	0.0215505793	-0.0113255138	-0.0900933649	-0.0331825526	-0.0037675492	-0.0153660447	0.009155898	-0.0022860899	-0.1407557894	0.038934866	-0.0147646268	-0.0150711585	0.0749936217	-0.0210799167	0.0124050511	-0.0763321082	0.0816553129	0.1000808982	0.0140974501	0.0047533734	-0.0456240437	-0.0117957315	0.037723731	0.0816284599	-0.0499665743	-0.0614693847	0.0495502991	-0.0109348079	0.1053469038	-0.217089214	-0.0153817056	0.0120354655	-0.0136086279	-0.0199289671	0.0502694296	-0.0564946877	0.0413013285	0.0023318747	-0.0330817477	0.0024754819	-0.0883989247	-0.034554705	0.0589374358	0.0548363391	0.0116195686	0.0822795945	-0.0373538109	-0.0609719752	0.0871480531	-0.010199596	-0.0788183057	0.0745684769	0.0	-0.0288043792798617	-0.0161657198605098	0.0002613304986084	0.0008296922656981	0.0017472453067028	-0.0256072754798709	0.0006557325575019	3.0528661617949616e-06	-0.1870123131585614	0.0088847918890878	0.0349736052729158	7.893952691240047e-05	0.0002186958631104	0.0005294746053889	2.8034335775173135e-07	4.7827880541602824e-08	0.0012059663992372	-0.0001620845784103	2.627141055847708e-08	1.4543549560891378e-06	-0.0003246324213513	-8.449907255999819e-07	7.140093263499839e-13	1.0538620899240797e-07
805.7086688872569	-1.0132532800550962	649166.4591200753	1.026682209542411	960.455336059166	9.732924303471576	922474.4525645257	94.7298154971077	791.495256985248	0.2544411375931759	0.0647402924997094	626464.7418301438	798.0399250004594	675.7659798408149	1.061854	33.033142	0.0467993901062701	0.0228158755867802	-0.135781207	0.0642689958	-0.0139590851	-0.0023325214	0.0919104635	0.1211987908	-0.1217202921	-0.1434960839	0.0539624965	0.0827735433	0.1316769981	0.0024463999	0.0876861567	-0.1823744778	0.0487858903	0.0744253629	0.1097182321	-0.1172568628	0.002738578	0.0042589982	-0.0240826185	-0.101452972	-0.058268565	0.0083587813	-0.0672873019	-0.0596095261	-0.0291909904	0.0570429572	-0.0421508175	-0.06194068	-0.057205178	0.1031331996	-0.1655571623	-0.0467756307	-0.051846053	0.0717664504	-0.1291053482	-0.104763488	0.0206286592	-0.0768374881	-0.0294444559	0.0528899419	-0.0551809417	0.0833663718	-0.0772678135	0.0731817704	0.0145467939	0.0590615955	-0.0213588772	-0.0710287624	-0.0255259431	-0.0638672476	-0.051267058	0.0464464539	-0.0689027447	-0.1153552525	0.0392806153	0.0716211291	-0.0574835298	-0.1151035233	0.0148927985	0.0080851599	-0.1129451162	0.1730508097	0.0023263689	-0.0371923659	-0.005163932	0.0449010396	0.0479724574	0.044973791	0.085100005	0.1081380429	0.0228540253	0.0328113681	-0.1146102062	-0.0562331924	-0.0059291745	-0.0340838891	-0.0420925202	-0.0975335563	-0.0069405063	-0.0082291339	0.0383860092	0.0179640337	-0.0268209429	-0.1132570912	-0.0560769698	-0.0651917478	0.032646205	0.0930339674	0.1027733108	0.0471240268	-0.0461027463	0.0119810467	-0.0467300867	0.034532974	-0.1347316228	0.059248295	-0.0588739645	-0.1042711226	0.1159541018	-0.0233078987	0.0585728646	0.0750244205	0.1262202525	0.0815118865	-0.1041014599	-0.0002140782	0.098784648	-0.1028020289	0.1029443691	-0.0224399251	0.2141082549	0.0163363475	-0.0619789847	-0.0032981613	0.0155644344	-0.0485620601	0.0500316433	-0.0729159172	0.0034130584	0.0018192488	0.0440852902	0.0056176367	0.0023311067	-0.1143920487	0.1454675647	-0.0004492624	0.09011856	0.0697361723	0.0044525301	0.0630355712	0.0410505803	0.0310045988	0.011516971	-0.0175659865	-0.0249987826	0.1430904467	0.0211688336	0.0770292603	-0.0043880098	-0.1007476804	-0.021945044	0.0414413996	-0.0559386137	-0.0817383812	-0.0607059256	0.0272791416	0.101282576	-0.0099779212	0.0601311433	-0.0388306344	-0.0151822923	-0.0332086563	0.0533742909	-0.08343191	0.0986813381	-0.0448539771	0.0563805975	-0.031255281	0.0167554755	0.028824176	-0.159243492	0.0456683962	-0.0112317595	-0.0241276829	0.1201162409	0.0953630534	-0.0158394112	-0.0269976865	-0.1137945319	0.0112193896	-0.0107875118	0.0775183965	0.0561221851	-0.0335533197	0.0753829287	-0.0336185078	0.0880519304	0.1165438859	-0.0841941511	0.0706595988	0.0010030969	-0.0854666152	-0.0789904504	0.0417415467	0.0760063461	0.1888253231	-0.0874892848	0.0252564085	-0.0377584333	0.0228926728	-0.0921586163	0.0249556896	-0.0161907794	0.0763743259	0.0229736482	0.1154054356	-0.026579385	0.0632647937	-0.0329401772	0.1419683176	0.0863733287	0.0321735783	0.0714067994	-0.0384481886	-0.0591582902	0.0881766985	-0.0149631188	-0.0755986879	0.0785114412	0.0	-0.0332857128015717	-0.0044813335217099	2.0082350132801735e-05	0.0011079386767087	-0.0043671111985474	-0.0061143565052502	3.738535547329544e-05	1.9071660220478105e-05	-0.1768184977921265	0.0101938153664349	0.0312647811614642	0.0001039138717249	0.000397751637349	0.0001790557742385	3.206097028818448e-08	1.582063650138104e-07	0.0015469329899362	0.0003409665906989	1.1625821597289939e-07	2.3930016753529515e-06	-0.0003248077506712	-1.753293199000081e-07	3.074037041659936e-14	1.0550007489608443e-07
803.0610952519697	-2.647573635287131	644907.1227072933	7.0096461542675135	954.0697314028708	-6.385604656295186	910249.052379146	40.77594682649876	788.5106786624158	-2.984578322832249	8.90770776512016	621749.0903646635	794.4283137304024	657.8053009265677	1.121778	34.897327	0.0338716082071488	0.0200461718512021	0.0643039948	0.1076699008	-0.0399657046	-0.0177948876	-0.0493783369	0.1449027492	-0.07634291	-0.0784169809	0.1065643854	-0.094414842	-0.0318849674	0.0159793652	0.0054196956	-0.1652030683	0.0811246814	0.0217515428	-0.0099977346	-0.0637311186	-0.002547998	0.0383182537	-0.0130177363	0.0892281988	-0.0004110795	-0.0023385049	0.0775812566	-0.0152438467	0.1163780567	-0.0178015327	0.0285576234	0.0266745738	0.0621153195	-0.0163525108	-0.1163253421	-0.0262995294	0.0205946362	-0.0056310974	0.1295320128	-0.0072963881	-0.0900749933	-0.0454747823	-0.0949782875	-0.0417743045	0.0385869431	0.0753665539	0.0063381722	-0.1166261576	0.0271239487	-0.1820938805	0.0708359638	-0.0103877811	-0.0714063785	0.0005165704	0.0484842974	0.0248629642	0.0106711834	-0.0109130866	-0.0405167624	0.0858421699	0.0226153104	-0.055555347	-0.0803129029	-0.0307219123	0.0039124296	0.027260533	-0.0978620733	0.1040447199	0.0860773479	0.0470993347	0.0774337249	-0.0377528947	-0.1167027764	0.0306510694	-0.0119358383	0.0014582359	0.0289636563	-0.0495381121	-0.1170519844	-0.0169994527	0.0435596282	-0.0664911337	-0.0989842287	-0.0105739389	-0.0027546713	-0.0933452811	0.0107825102	-0.0540592819	0.0270968971	-0.0499423395	0.0012989772	-0.024978112	0.0014239085	-0.1156701101	-0.0239621571	0.0185977978	-0.1183665735	-0.0098359429	-0.0032786392	0.063440745	0.0265950582	0.0284557714	0.0975626558	-0.0697354619	0.0276167667	-0.008939028	0.0229122757	0.100147269	0.1148007754	-0.0132300981	0.1565815883	-0.0331331089	-0.0693620263	-0.0472795517	0.0676089697	-0.0352336052	-0.0873666909	-0.0010754387	0.0034074164	0.1910353666	0.1152727041	0.0945443777	-0.1458480891	0.0315033397	0.023890677	-0.1450866673	-0.0063570593	0.0384086343	-0.0454753126	-0.0256843777	0.1222114081	0.0209840146	-0.0690635265	0.0877903118	-0.0155590111	-0.0226168428	-0.0815310144	0.1398692883	-0.0343564189	-0.037066726	0.0565969571	0.007803738	0.0213636633	0.0102378209	-0.0447053558	0.0186381569	0.0099251442	0.0223319864	0.0892866177	-0.0516563533	0.0647983941	-0.0035802495	-0.1450855016	-0.0150402733	0.0154295745	-0.0039749813	-0.0249072626	-0.0211807368	-0.0035175276	0.0512049547	0.0909269364	-0.0438089429	-0.0063428096	0.0606529734	-0.0939527704	-0.0498774701	0.0741169183	-0.0465485634	-0.0952730482	0.0109700302	-0.122081874	0.0181273325	-0.0426169135	0.0595254152	0.0650903953	0.0363495461	-0.0707143006	-0.1088549754	-0.0246380934	0.0466942699	0.0136684164	0.0827977454	-0.0011817475	-0.0294166384	-0.1117217436	-0.0230363582	-0.1129361637	0.0016715003	-0.0985831742	0.1127957906	-0.0591581308	0.0124902459	-0.0328628467	0.0015075303	-0.0213055041	0.182774198	0.022713122	0.0160341648	-0.0080463793	-0.0589483877	0.0428234521	-0.0978042901	-0.0226063994	0.0305092742	0.0168464183	-0.1297614985	0.059305204	-0.0395359232	-0.057303721	0.0890682417	-0.0196852849	-0.0720526312	0.0819662993	0.0	-0.0300874264057142	0.0031982863958575	1.0229035869927164e-05	0.0009052532277192	-0.0083876048557982	-0.0040204936572508	1.6164369247993912e-05	7.035191521700954e-05	-0.195893014858882	-0.0190745170667555	0.0383740732705021	0.0003638372013299	0.0003302376321156	-6.75140052334e-05	4.558140902655562e-09	1.0905689366531836e-07	0.0014629473007994	-8.39856891368001e-05	7.053595979783223e-09	2.14021480491625e-06	-0.0003247412232957	6.652737549999593e-08	4.425891690917459e-15	1.054568621075877e-07
802.4009621644464	-0.6601330875233771	643847.3040824293	0.4357756932431466	949.2014318301976	-4.868299572673209	900983.3581884974	23.700340729290147	789.1618370151918	0.6511583527760649	0.4240072003900382	622776.4050011922	795.178484536314	665.7906779080547	1.189348	36.999348	0.0700516994380674	0.0311435506834757	0.0362639206	-0.1391730896	0.023155222	-0.1602956108	-0.0321668432	0.0832852271	-0.0908094541	-0.073674584	-0.0927204197	-0.0745525456	-0.0398911157	0.0377215821	0.1226727053	0.0333837839	0.0974152301	0.11701252	-0.0036404291	-0.0196835606	0.0529845789	-0.0482865171	0.1049776923	0.1010335902	-0.0307183391	0.0076551838	-0.0304298981	0.0222989022	-0.1313992764	-0.0178100255	-0.0702670041	0.0552875368	0.0895803113	-0.0175734901	0.0105399118	-0.0347536274	0.052387602	-0.0354235757	-0.062891056	-0.0750480797	0.1719031392	-0.0038077458	0.019823118	-0.0110254485	-0.0434080544	-0.0866960601	0.0583641173	0.0900323705	0.0640522459	-0.0777800315	0.0066981655	-0.0472499218	-0.0499273917	-0.0857692083	-0.007859321	-0.0774508412	-0.0890459888	-0.0911516618	0.0285336602	-0.0410399244	0.051460269	0.0027066037	0.0382758098	-0.0302582082	-0.1007059079	-0.0513954351	-0.0371566622	0.1120830506	0.0124776914	-0.0186537177	-0.0046236853	-0.0818761276	-0.1629714894	-0.0038166114	-0.0323175848	-0.0956511388	0.0340995974	-0.0056222166	-0.1324204819	0.0105965674	-0.0762252942	0.0651722535	0.0524940636	0.0052185067	-0.0765572487	0.1062509048	-0.0213384957	-0.0023646248	0.0570992033	-0.0188761754	0.0168093628	0.065740034	0.015587287	0.073659131	-0.0158428472	-0.05201444	-0.0419417561	-0.0362274644	-0.0182607489	0.0531574625	-0.0051076565	0.0182889791	0.0543580073	0.0610516675	0.0001266586	-0.0131737518	0.0154931167	-0.0834443969	0.0546916457	-0.037405046	-0.0129909966	-0.0445783528	-0.0493907871	0.0695760223	0.0131407254	-0.082224196	-0.0577879023	0.0346253075	-0.1256563441	-0.0651278434	-0.0705172153	-0.0980934564	-0.0678508311	-0.0978223377	-0.0049074459	0.0022490631	0.0164439651	-0.0279357045	0.0333521583	-0.004687966	-0.0225468513	0.08272754	-0.0422079461	-0.0404316013	0.0230984548	-0.0412027865	-0.0553918385	0.0298205993	-0.1068578354	-0.018904251	-0.0449866863	-0.0505105095	-0.0521330922	-0.1549429507	0.0625743901	-0.0165703682	-0.0513221172	-0.0254790181	0.0664295267	0.0649966359	-0.0152413652	0.0577620808	-0.0738925262	0.1383051212	0.0116877442	0.0346813793	-0.0145691419	-0.0550924623	-0.1095112966	0.1091758432	-0.013608563	-0.1279851796	0.063605788	0.0304741073	0.0340251605	-0.0471027561	-0.1234575292	0.0364762013	-0.0234759069	0.0241497806	-0.1219152794	-0.1807117355	-0.1108401879	0.0105724143	0.0450244816	-0.0003324159	-0.0462370399	-0.0714361401	-0.0043884688	-0.0524466662	-0.0222909649	-0.0045523891	0.0353015451	-0.1085635728	0.0063876479	-0.0855827515	-0.0567027426	-0.0032676699	0.0546824557	0.0014987037	-0.1403744972	0.0861211222	-0.0186070601	0.0105257641	0.0260359679	0.0736005473	0.0133561304	0.0614454275	-0.0385608566	0.0160074247	-0.0642774773	0.0488644533	-0.0094229954	-0.0841089614	0.0360130526	0.0691533841	0.0710778739	-0.0406168267	-0.0554095495	0.0898212967	-0.0243530426	-0.0681954477	0.0849115724	0.0	-0.0248511133343924	0.0052363130713217	2.741897458089553e-05	0.0006175778339588	0.0119869628024815	0.0203745676582796	0.0004151230072618	0.000143687277228	-0.201716881150773	-0.0058238662918909	0.040689700141195	3.391741858582416e-05	0.0006952869595054	0.0003650493273898	1.3326101142774537e-07	4.834239560582637e-07	0.0012058357358486	-0.0002571115649507	6.610635683144938e-08	1.4540398218495348e-06	-0.0004749193792866	-0.0001501781559909	2.255347853682709e-08	2.255484168219694e-07
801.6038369941756	-0.7971251702707605	642568.7114837848	0.6354085370791889	954.1009271381706	4.899495307972984	910308.5791659168	24.00505427284929	788.2868717464942	-0.8749652686976788	0.7655642214272012	621396.1921678737	794.7320160055684	662.2162741769383	1.094139	34.037498	0.048076726671569	0.0274307347925256	-0.0520943119	-0.1001405594	-0.0392035257	0.0478968304	0.0845604622	0.1100605347	-0.0273464568	-0.0762385524	-0.0699290883	-0.018897234	0.075741219	-0.0128810676	0.0287822168	-0.0577143657	0.0026453992	0.0063576302	-0.0063333474	0.0005839465	-0.138408371	0.0422699304	-0.0414216183	-0.0169778807	0.0643629838	-0.0652199098	-0.1469663445	0.054608674	0.0259958494	-0.0193313871	-0.1362657177	0.0036559164	0.0745601524	0.0703698701	0.0826661131	0.0305099595	0.0792666992	-0.052016873	0.1135825985	-0.0001584141	0.0274629107	-0.0456804951	0.0472088552	0.011597901	0.0134937553	0.0145504781	-0.0549846776	-0.001893433	0.0007990861	-0.0521001895	0.0261025866	-0.1700744802	-0.0331222089	0.0193267084	0.1344983047	-0.0586613355	-0.0113407371	-0.005336973	0.0313358717	-0.0582831983	-0.0491107554	-0.0535005721	-0.0618128098	-0.0024399079	0.0626313207	-0.0380036705	-0.0474706769	-0.0390037431	0.0276774089	0.0027881359	0.0349783576	-0.0727171967	-0.0573647326	0.0583942608	0.0538629503	-0.0380717942	0.0101571382	-0.0400816618	-0.0414275268	0.1134257498	0.0185462684	-0.0507279162	0.0011570614	-0.0918579215	-0.0561412343	-0.0162468926	-0.1786024434	0.0796124476	-0.0066390857	0.004831574	-0.0681842064	0.0195057675	0.1109140982	-0.013168675	-0.0267402034	0.0480535479	0.1496370273	-0.1760369459	0.040057837	0.0496537819	0.0340055383	-0.1239359704	-0.0587763948	5.97748e-05	0.0342569299	-0.0272545075	-0.0020665765	-0.0810102082	-0.0180030121	-0.0256844304	0.0148395561	-0.0225891388	-0.0487563191	-0.1137839263	0.0048056809	0.1342188525	-0.0021628447	-0.0094124869	-0.0496103981	0.0049448467	-0.0127017694	-0.0064473923	-0.0939633255	0.0328280316	-0.0288985191	-0.0175184563	0.0629242062	0.0384316524	0.0312162855	0.0227440612	-0.0270083052	-0.017010842	-0.0756697297	0.0611929047	-0.1199622242	-0.1119999002	-0.0167522189	0.0465394465	0.0066455581	-0.0547231534	-0.0308560848	-0.0726135105	0.0298312502	-0.0413647505	-0.0749247176	-0.0315023785	-0.1540276702	0.0883670768	-0.0071698369	-0.014252608	-0.0643832818	-0.0507139896	0.0735079638	0.130928611	-0.060412502	0.0103646635	0.0492227245	-0.0238567987	-0.0402919553	-0.0086495563	0.103975502	0.0249729802	-0.0137513455	0.0335029543	0.0578344658	0.0348563305	-0.0309426216	0.0666392583	-0.0605706189	0.0113948183	-0.0855285215	-0.0407835411	0.0384526585	-0.0061181109	-0.0354336979	-0.0289374933	0.0632428798	0.0441531736	-0.1533398531	0.021157033	0.0181414305	0.0359645274	0.0705432954	-0.0250893431	0.0875181775	-0.1023233	-0.0403092558	0.0136298463	0.0368471077	0.0346634718	0.047481831	0.0710581822	-0.0419214205	0.0506760758	-0.0090696128	0.0653339103	-0.0260628625	0.0655194874	0.0104967171	-0.045110596	-0.0137693237	0.115119002	-0.0253424007	0.0384779218	0.1198599963	-0.0510933365	0.0003650111	-0.0416907124	-0.0534770846	0.0904346925	-0.0289534907	-0.0640437928	0.0873289498	0.0	-0.0242877607400799	0.0005633525943125	3.17366145518626e-07	0.0005898953217673	0.0121794914969797	0.0001925286944981	3.7067298205180986e-08	0.000148340013125	-0.1840361203289546	0.0176807608218183	0.0338692935857334	0.0003126093032383	0.0003303667685529	-0.0003649201909525	1.3316674576480904e-07	1.091422017640854e-07	0.001375409643251	0.0001695739074023	2.8755310071717685e-08	1.891751686747843e-06	-0.0005332269721505	-5.830759286390002e-05	3.399775385582324e-09	2.843310038287901e-07
799.8208879471806	-1.782949046994986	639713.4527966165	3.178907304180329	951.7805447610008	-2.3203823771698358	905886.2053855474	5.384174376280336	788.6800602443382	0.3931884978439939	0.1545971948368164	622016.2374270129	795.0861453641103	649.7483996869454	1.07034	33.297153	0.1516284584301924	0.0750773663331679	-0.0653327341	0.0052810246	-0.0875709688	0.1398477163	-0.0613148516	0.0639812608	-0.0888472713	-0.0227809244	0.0362380869	-0.0686760591	0.1357323591	-0.0784356252	-0.0208012034	-0.0842639831	-0.0414139127	0.0477548398	-0.0759962999	-0.0274035426	0.0207323696	0.0211238637	-0.0693180392	0.0462994382	0.021365948	0.0253594404	0.0578875499	-0.0466792898	0.0219064601	0.0502465098	-0.1457098571	-0.0120650529	-0.0643772308	0.0309031138	-0.0934142213	0.0152100611	0.0290165639	-0.0552417188	0.0088606059	0.0656833586	0.0396078124	-0.0481167422	0.0213465151	-0.0297663689	0.1249528206	-0.0605752711	0.0557511969	0.0864503759	0.1453119135	0.1241179336	0.0267322984	-0.0010033201	-0.0631347735	0.0744949397	0.0152558416	-0.091789406	0.0482554288	0.0023083288	-0.0397089618	0.0485870425	-0.0425591	0.1127502525	0.0967692675	0.0653601216	-0.057584255	-0.0071838064	0.0905033833	-0.0164076441	0.0141108904	0.0059439778	-0.0652777301	0.0969402434	0.1057343048	0.124928172	0.0263557039	0.0288068248	-0.0213953233	0.0528476219	-0.0391475721	-0.1142389153	0.0587391986	-0.0049060504	0.0002833733	-0.0140664308	-0.0070402993	-0.0473996302	-0.0639473208	-0.0290449901	0.0632632702	-0.0593789094	-0.0686204054	0.1463861722	-0.0414404328	0.0498810114	-0.0746937548	0.0056000788	0.1064372598	0.038917229	0.0781541415	0.0515182945	0.0851546979	-0.0392086796	-0.109331303	-0.0365791462	-0.0367080343	-0.0089924298	0.0052701263	0.0843429553	-0.058724573	-0.0740406346	0.0646267103	-0.0081678616	-0.0322379265	0.0122744092	0.0185189206	0.0358996157	0.0170396313	0.1366903145	0.0173138348	-0.0802723562	-0.1193924877	0.0958671621	-0.049696046	-0.0376504964	-0.0346950905	0.0262177682	-0.1152215054	-0.0735990162	-0.0479979859	-0.0229972786	-0.0800698555	0.0071001334	-0.1153039999	-0.0119749013	0.0621217434	0.0183604887	0.0369469123	-0.1255381444	0.0780248801	0.0181648623	0.1392243983	0.013046801	-0.0747478013	-0.0388289796	0.031527874	0.0479346581	-0.0042555666	-0.0321265756	0.0203894271	-0.0001230317	-0.0486718693	-0.0949430218	-0.0312296644	-0.1039439328	0.0145202572	0.0719744174	0.0614062463	0.0696715052	-0.0459314202	0.0159692499	-0.0046291117	-0.0011212295	0.0206742618	0.005796742	-0.0761480389	-0.0274487521	-0.022068485	-0.0104034549	0.0543237292	0.0750137679	0.183954517	-0.0589005613	0.0064886879	0.0608254187	0.0720049892	-0.0716720996	0.0154181837	-0.0381627926	-0.0070954254	-0.0284769388	-0.0862263438	-0.0508144518	0.1002340832	0.1153120025	-0.0407317773	-0.1037293088	-0.1003981571	-0.039227446	-0.0800355237	0.0093402272	0.0257681624	0.0881018007	-0.0470439839	0.0192305962	-0.0986729333	-0.042768395	0.0127802768	-0.0040398344	0.0163806163	0.0292160204	-0.018908115	-0.0224435804	-0.000590406	0.0113201589	0.1201508605	-0.018987351	0.0663244093	-0.0427573947	-0.0515076619	0.0909074754	-0.033473914	-0.0596155937	0.0892034024	0.0	-0.0370400111791724	-0.0127522504390924	0.0001626198912613	0.0013719624281532	-0.0220635831734483	-0.0342430746704279	0.0011725881628845	0.0004868017024516	-0.123784951868842	0.0602511684601126	0.0153227143091715	0.0036302033008088	-2.792065461568589e-05	-0.0003582874231685	1.2836987760078536e-07	7.795629541684219e-10	0.0017910130743554	0.0004156034311044	1.7272621194574985e-07	3.207727832511982e-06	-0.0006469754150887	-0.0001137484429382	1.2938708270864942e-08	4.185771877291957e-07
799.3655028864433	-0.4553850607372851	638985.2072048964	0.2073755535427008	948.0652535040648	-3.715291256935984	898827.7249017267	13.803389123864966	788.9008012502928	0.2207410059546646	0.0487265917098772	622364.474213354	795.098151933318	647.7637760341993	1.142782	35.550735	0.0640401057373517	0.0379401447334018	0.1217447225	-0.0243340389	-0.0128649862	-0.0208136111	-0.0941267632	-0.0062538961	-0.1020387235	-0.1632406338	0.087622702	-0.085023005	-0.0475909042	-0.0792574413	0.0246920804	-0.0282076062	-0.0716668642	0.0517447379	-0.1314622482	-0.0137692406	-0.0397981227	0.0113196445	0.1283463388	0.1819141428	-0.0148911922	-0.0201144237	0.0791780996	0.0022302392	-0.0334793067	-0.0329398834	-0.0770955143	-0.025309544	0.091107766	-0.0472495929	-0.0791774617	-0.0546433843	0.0415814592	0.1418148782	0.0535648421	0.0536444017	-0.0568505639	0.02419085	0.0122804004	0.0930929679	0.0491236325	-0.007339336	0.1153177519	0.0214363833	0.1071096705	-0.0235234642	-0.0036239993	0.1378295401	-0.0472962031	0.038050021	-0.0163308899	0.04294156	0.0654440991	0.0723379783	-0.005185454	-0.0715220913	-0.1838387456	-0.0862965661	0.0359678823	0.0952341334	-0.0496476105	-0.0301694275	-7.86578e-05	0.0066278175	0.0849455333	-0.0977983172	0.0299795681	0.0477703203	-0.0154398085	-0.0338513886	-0.0206649817	-0.0035878543	0.0340900193	0.0044792265	-0.0166757368	-0.0329460757	-0.0613741676	-0.111108844	0.0057271222	0.1330973968	0.0816714387	-0.0325842824	-0.0613743438	0.1569343723	0.0650885249	0.1115021844	0.019128391	-0.0194338088	0.0067932484	0.1341097391	-0.0252534132	-0.0459058518	0.0604205661	0.0113946259	-0.0466388032	0.0105879464	0.0159317102	0.0208024217	-0.0216851551	-0.0230150169	0.0578521614	-0.0686735411	0.0675872112	0.0667249852	0.1010353252	0.0133435604	0.0787984417	-0.0602514708	-0.1382764456	-0.0006814328	0.0658589028	-0.0343931388	0.0537753148	0.0178999653	-0.0990508071	0.0339065035	-0.0322604472	0.0188046312	0.0791292971	0.0514259077	-0.0627118658	-0.0599436815	-0.0562591283	-0.066740387	-0.0654392412	-0.0440098431	-0.007764145	-0.0290140368	-0.0592609981	-0.0872409327	-0.0432046991	-0.0591506039	0.0192792185	0.0920209741	0.067841906	0.1114218773	-0.0398386427	0.0283200233	0.0795846903	0.0512732997	0.0724355409	0.0821058698	0.1008601125	-0.0190732594	-0.0666618591	0.0330315761	-0.0493642106	-0.0812953814	-0.0714929657	0.0126496325	0.0476787996	-0.0052625478	0.0480023848	0.1182104487	-0.055267523	-0.0948707417	0.0654053901	0.0198496687	-0.0401490839	-0.0061903158	0.0612554095	0.0700747855	-0.0405076092	0.0123609189	0.0191454162	-0.1299765377	0.0635215027	-0.0565599678	-0.136545166	-0.0353761119	0.0251693313	0.039402786	0.0554463878	0.095099095	-0.080658962	-0.0244905827	0.0909673554	0.0421803386	0.005277065	-0.0727302086	-0.1089043876	-0.0574013689	-0.1021852796	-0.0527660876	-0.0215079853	-0.1054862604	-0.0343545498	0.0221271732	0.0158548165	0.0417328658	0.0224789171	0.0613693561	0.0372034995	0.0080805834	-0.0011659308	0.0209986482	0.0711153067	0.064789826	-0.0582774763	-0.0390033043	0.1086597827	-0.0685890202	-0.0286492367	-0.0438166893	-0.0495026423	0.0912389102	-0.0379018183	-0.0549299716	0.090523277	0.0	-0.0384299768962961	-0.0013899657171237	1.932004694779204e-06	0.0014768631242498	-0.0191949516573259	0.0028686315161223	8.22904677529069e-06	0.000368446169127	-0.1561125931035434	-0.0323276412347013	0.0243711417255125	0.0010450763877995	0.0001617853005412	0.0001897059551568	3.5988349421986414e-08	2.617448347120641e-08	0.0017539747407833	-3.7038333572099935e-05	1.371838153798145e-09	3.076427391305845e-06	-0.0003246423584296	0.0003223330566591	1.0389859941519857e-07	1.0539266088673289e-07
799.3879535565311	0.0224506700877782	639021.1002912987	0.0005040325873902	948.6995750578824	0.6343215538175855	900030.8837150066	0.402363833637556	790.0994269292557	1.1986256789629124	1.4367035182693026	624257.1044339383	796.042281729603	641.2499476932093	1.064103	33.103111	0.0970690156861059	0.0506521968097327	0.0749036966	-0.1357217803	0.0223959511	0.0678744464	0.0670614326	-0.0488859725	-0.0865029999	-0.0053055149	-0.0606612205	-0.0501781617	-0.0105013595	0.0111171	0.0218071182	0.038239912	-0.1006672236	0.0808533876	-0.0452656396	-0.0095457121	-0.0235525587	0.1015496825	-0.0746103601	-0.0709869922	-0.0767074299	-0.0178379458	-0.0754056129	-0.0200567044	0.0109995595	0.1243842029	-0.1355526471	0.115893554	0.1249352522	0.0069347272	-0.0355092964	0.0072743333	0.0632026193	0.0721921011	-0.0511685598	0.0124586897	0.0004110936	-0.0601530455	0.0954338417	-0.0052444394	0.1584323796	0.1057245204	0.0179078946	-0.0890478029	0.0410484577	-0.0253609329	-0.0542037703	-0.0078694365	0.0218308505	-0.0123024826	0.0896018153	0.0809128843	0.0367002344	0.0408880351	0.0115756507	0.0361941744	-0.0244439148	-0.0583317424	-0.0001353794	0.09842319	-0.0730174642	-0.0261132339	0.0229049896	0.0289943342	-0.0679611738	0.0398094224	-0.0691772533	0.0638947254	-0.0582424392	-0.0676199115	0.1276388114	0.0394679186	0.0867355821	-0.1215031813	0.0851322092	-0.0758632158	-0.0681917381	-0.0192993347	0.0802052791	0.0132687679	-0.0225347011	0.00216429	0.0664357163	-0.1106122165	-0.0450221146	0.0291091024	0.0699392461	0.080613509	0.0649285176	-0.037610765	0.0310026116	-0.0077155931	-0.0135064548	-0.0476779312	-0.1359236379	0.0201512368	-0.0236188445	-0.0033627318	0.019007454	-0.1493386578	-0.0385738982	-0.0320815074	0.0012629603	-0.0661503505	0.0714856038	-0.0382879963	-0.0163797711	-0.0809534249	-0.0343517042	-0.0644281933	0.0790358287	-0.0425542477	-0.0214612537	-0.0683299372	-0.0856382986	-0.0496509163	0.0153182513	0.1720876288	-0.0182605654	0.1054042164	0.0213068132	0.0459547061	-0.064275433	-0.0554775513	0.040888066	0.0560856109	-0.0524394095	-0.0408905996	-0.0266247717	0.0719174284	-0.0987323246	0.0359352534	-0.0242903747	0.0375682213	0.0347028562	0.0228477309	-0.021235083	0.0499048913	-0.0621345323	0.0146151526	0.160656045	0.0106160477	0.0314389376	-0.050113471	-0.0848917146	-0.0103974051	-0.0009762324	-0.0613588974	-0.0136154917	0.041622455	-0.0896503401	0.0051995756	-0.2014072247	-0.0845143166	0.040309391	-0.1118926747	0.0400629661	0.0927845164	-0.0248470154	0.0251492656	-0.1298154903	-0.0300270579	-0.078465617	0.0330151751	0.0542052821	-0.096686693	-0.0320914981	0.0029146824	-0.0057353726	0.0232743861	-0.0626167372	-0.0051816054	0.019378974	-0.0466471305	0.0071010902	-0.0746433313	0.0724415629	0.1377208692	-0.0922928223	-0.0851878072	-0.0036973845	-0.0698330998	-0.0549214309	-0.0303695632	0.1111814724	-0.1029581212	0.1092929812	-0.0074372422	0.0031921307	0.0970612313	-0.0289330469	0.0373021455	0.0258709947	-0.0116818688	0.0452149493	-0.0288223876	0.0138858918	0.0879436688	0.0047652991	-0.0221902179	0.1481627863	0.0535184182	0.0304804124	-0.0448684131	-0.0474634117	0.0914284817	-0.0422249655	-0.0500071591	0.0912803678	0.0	-0.0426488747295223	-0.0042188978332262	1.7799098927200748e-05	0.0018189265156944	-0.008314585629634	0.0108803660276919	0.0001183823648965	6.913233419251623e-05	-0.1567864033384012	-0.0006738102348577	0.0245819762717918	4.540202325991193e-07	-0.0003280982613752	-0.0004898835619164	2.399859042358993e-07	1.0764846911742905e-07	0.0010551241842191	-0.0006988505565642	4.883921004100923e-07	1.1132870441240213e-06	-0.0007618270717556	-0.000437184713326	1.9113047356593682e-07	5.803804872597122e-07
799.5362384093817	0.1482848528505655	639258.1965298236	0.0219883975849138	957.478694536828	8.779119478945631	916765.4504919484	77.0729388256026	788.7529276657637	-1.3464992634920918	1.8130602665847455	622131.1809013134	795.6782988943608	647.629067708911	1.012197	31.488363	0.0394832527463651	0.0219414190702353	0.0058171846	-0.1274218789	-0.0504335509	0.1356130639	0.0561295211	0.0391403407	0.0586597902	-0.0152299515	-0.1187888586	-0.0089515119	0.0847524152	-1.51017e-05	-0.0396898989	-0.050305189	-0.0682765574	-0.1043311299	-0.0135519026	-0.0199949244	-0.0561396911	0.0572432698	0.0132108561	0.0247611951	-0.0732912543	0.0570133487	-0.023384149	0.0681821265	-0.0919784528	0.0937550046	-0.0619620759	-0.0466238064	0.0847759191	0.0566906909	0.0551882126	0.071808682	0.1453176659	0.0547114382	0.0936623129	-0.02088684	0.0447378503	-0.0198657775	0.0188582499	-0.0039213302	0.0439429838	-0.022099708	-0.062423482	0.0460151741	0.0164949518	0.0763620871	0.0608261477	-0.0536313349	-0.0575965586	-0.0497813078	-0.1212292029	-0.016594212	0.0373242157	0.087173742	0.0112539308	0.0202053819	-0.0320377674	0.0391072539	-0.0168068492	0.003316469	0.0205387173	0.013746179	0.0843650238	-0.033415716	0.0584042651	0.019218137	0.0735752089	0.0259340729	0.0691663479	-0.1073522018	-0.0016927978	0.0567211534	0.0346955794	0.0411719377	0.0588636292	-0.0425216503	-0.1000990124	0.0808698158	-0.0532397692	-0.0046547626	-0.1119140571	0.0638110768	-0.0468126292	0.0337699426	0.0025581455	0.060565839	-0.0184475504	-0.0675403639	0.0398568115	0.0634657145	0.1078529567	-0.0777344347	-0.0876321416	0.0317556202	-0.0272015432	-0.0529082688	-0.048926157	0.0241136134	0.0199572807	0.1037553438	-0.053355293	0.0983639754	-0.0473702315	-0.1022455562	-0.0257868435	-0.0989798492	0.0181791552	-0.011477394	-0.0921989293	-0.1297249613	0.0471188342	0.119667041	0.0427124024	0.052398845	-0.0629886782	-0.03719513	-0.0322583107	0.0526768913	0.0348829806	0.0276794715	0.0108159879	0.1488976089	0.0076104764	-0.0182038221	-0.0175650954	-0.0059731784	-0.0172486432	0.0052942785	-0.0088116642	-0.0373452453	-0.0112648367	0.00317523	0.0528182477	-0.0204932335	0.0644233483	-0.0179081957	-0.0423603029	0.0330180343	0.0368909702	-0.0356136201	-0.0446334144	-0.0929737521	0.1280416543	0.0274940613	0.0464656358	0.0691831294	-0.0576926509	0.0501997326	-0.0450438088	0.0072259614	-0.0478620404	-0.018860088	0.0413778698	-0.0353707986	0.0059233053	0.0546251936	-0.0509419291	-0.117022315	0.0359376176	-0.0484866023	0.1246431989	-0.0486606244	-0.0080602107	0.0114668338	-0.0064909102	0.0030557052	0.0288449848	0.0729311145	-0.00503543	-0.1086424203	0.1024461127	0.02070878	-0.0764034986	-0.1191473525	0.1571930198	-0.0116441657	0.0651622942	-0.025264516	-0.0301976588	-0.0369017167	0.0834024011	-0.0916802251	-0.0506482288	-0.0407131775	-0.031508651	-0.0481399966	0.1519982117	0.038789807	0.0007513942	0.0583986593	0.0126105437	0.0137716585	0.0100682927	-0.0146606141	0.073378384	-0.045554006	-0.0541234525	-0.0499213581	0.0358591169	-0.094791164	0.0085650074	-0.0408814789	-0.0154802032	-0.0459123846	-0.0453913792	0.091475895	-0.0464314067	-0.0448684131	0.0914699679	0.0	-0.042973362217026	-0.0003244874875037	1.052921295464654e-07	0.0018467098602357	-0.013399822404736	-0.005085236775102	2.585963305884979e-05	0.0001795552404784	-0.1425826785896617	0.0142037247487394	0.0203298202338027	0.0002017457967379	-0.000626057098118	-0.0002979588367428	8.877946839312257e-08	3.919474901039311e-07	0.0011362437849542	8.111960073510006e-05	6.580389623422046e-09	1.2910499388470464e-06	-0.0007801447089781	-1.8317637222500034e-05	3.3553583341511876e-10	6.086257669465244e-07
797.9321280694172	-1.6041103399644498	636695.6810053888	2.573169982780863	946.217929562196	-11.260764974632025	895328.3702249689	126.8048278138994	789.8286857019741	1.075758036210459	1.1572553524713831	623829.3527577078	795.5880905286965	634.1908500650253	1.060389	32.987579	0.1170723269600773	0.0624147431525111	-0.0701896997	-0.0778569022	-0.0452849463	0.130896347	-0.0980635427	-0.0671482525	-0.0108977425	0.0226275255	0.000520103	-0.0139916758	0.1137107909	-0.1038140837	-0.0041785407	0.0339665862	0.0187394726	0.0653577327	-0.1278080275	0.1067562712	-0.0657994658	0.1142278561	-0.0681335799	-0.0559837912	0.0960975934	0.1228817335	0.0888034955	-0.0015561611	-0.041176578	-0.0497788516	0.0742715951	0.0187773009	-0.0481531436	0.1235606872	-0.0095957507	-0.0145575572	-0.0533679929	0.0117434725	0.1007411069	0.0191978247	-0.0952003275	-0.0125455483	0.0109216478	-0.0126512311	-0.0082925491	-0.1600297666	0.0276275569	-0.0144105202	-0.207774852	0.05013659	0.049168535	-0.0742449895	0.0098060096	-0.1090018119	0.0504333221	-0.0004109427	0.1311406099	0.0374346055	0.0362549456	0.0540601247	0.0582201418	-0.0507852876	-0.0795353119	-0.0234127262	-0.0793012556	-0.1793523291	0.0392971918	0.0366508311	-0.0386592445	0.027189015	-0.0671381703	-0.0920530907	0.0137028321	-0.0751628508	0.0668492964	-0.0035095365	-0.0575419747	0.0512689395	0.0036008276	0.0511243659	-0.0143926259	0.2238639009	0.0371652665	0.0504732278	-0.0345928212	-0.1765187695	-0.0653826557	-0.0072991484	-0.0714876626	0.0822195259	-0.0398055479	-0.0476373994	-0.0616576587	-0.0245163082	-0.0160815037	0.0075381747	-0.037072898	0.0341139942	0.0787492257	0.0202940641	-0.0026152153	-0.010533522	0.0284402855	0.0294920905	-0.0619731225	-0.0192325179	0.0811913593	0.010583766	-0.0847127596	-0.0295204234	0.1088075938	0.0024826847	-0.0876656067	0.0406147296	-0.021132259	0.0678965709	-0.0241930078	0.0225956954	0.0880913857	-0.0701308331	0.0011565288	0.0019147882	-0.0382139298	0.0215684312	0.0068696798	0.0276840086	-0.0005075723	0.2308649387	-0.1163121052	0.0131901098	0.0536927373	0.0839268375	0.0285145309	-0.1806862534	-0.1459155856	-0.0489926699	-0.1535043716	0.0386897479	0.0726861231	0.0370564292	-0.0346220964	-0.0925065507	0.0046081464	0.0446070515	0.0014931033	0.0006344444	-0.0239577107	-0.0699771822	-0.035654567	0.0304373988	-0.0355784559	0.010564076	0.0553342073	-0.0165261636	-0.1004383877	0.0829398724	-0.08638247	-0.1207732799	0.0845258573	0.0825064118	-0.0901988965	0.0891853607	-0.0445904684	-0.0223885246	0.1075650395	-0.0792642619	-0.0016049128	-0.0788255024	-0.0141572664	-0.0198408349	-0.0344644743	0.0308197332	-0.0750037554	0.0444256726	0.0325398331	-0.1104464245	-0.0005527444	-0.081981718	0.0777176078	-0.0319488037	-0.1316801704	0.0190561212	0.0043700105	0.0919681452	0.0194811194	-0.1344802496	-0.0456416362	-0.0561478275	-0.0969312337	-0.0841565009	-0.0115793985	0.1016809656	0.008073321	-0.0392361285	0.0457233896	-0.0994777982	-0.0403250408	-0.0800959906	-0.001393658	0.0703677272	0.1506664771	0.0062418975	0.0191410816	0.0782100609	-0.0059901032	-0.055254763	-0.037814336	-0.0469484232	-0.0432879769	0.0913810765	-0.0505095157	-0.0395359232	0.0910908987	0.0	-0.0427258304412845	0.0002475317757415	6.127198000174076e-08	0.0018254965868973	0.0018952103723108	0.0152950327770468	0.0002339380276509	3.591822355314441e-06	-0.1581455998453407	-0.015562921255679	0.0250100307504426	0.0002422045180104	0.0004062226597754	0.0010322797578934	1.0656014985564563e-06	1.6501684931500037e-07	0.00136793413179	0.0002316903468358	5.368041681689329e-08	1.8712437889160613e-06	-0.0003247779906751	0.000455366718303	2.073588481380438e-07	1.0548074322695536e-07
800.2510945555775	2.3189664861603205	640401.8143373999	5.377605563934744	957.675766698572	11.457837136376044	917142.8741216976	131.28203184371796	789.2499003603202	-0.5787853416538837	0.3349924717134029	622915.4052187754	796.1077213716084	658.1318750777733	1.052112	32.730087	0.1108744823710741	0.0589226610558605	0.0088113086	-0.0997976016	0.0263612191	0.0586916403	0.0346222931	-0.0711990406	-0.0429152672	0.056428879	0.0538648216	0.0362304324	0.0008087457	-0.1148087812	0.1378900398	0.0965019939	-0.0527596955	-0.1055420147	-0.072814554	-0.0235072448	-0.1003532435	-0.0053538701	-0.0840906575	-0.0755211617	0.0532417307	-0.0746130551	0.0692849635	0.0379191062	-0.1097461649	-0.0104919771	0.043197845	-0.0404621367	-0.0043924564	0.126911115	-0.0131599067	-0.1080772283	0.0074033574	0.0360300031	-0.0358839948	0.1148362642	-0.0263034963	-0.0596371046	0.0653907263	0.0318705368	0.0918001811	0.0050327273	-0.0386768715	0.0339605539	-0.0946703181	-0.0644584161	-0.042963887	0.0147664594	-0.009493862	0.0015189096	-0.1278286871	-0.0767713154	0.0518669035	-0.0100834036	0.038169188	-0.1224901125	-0.0514165314	0.0872690935	-0.0525133506	0.1005755989	-0.0189054199	-0.0548691112	0.0707598737	-0.031641076	0.0593767923	-0.0541529726	-0.0623976773	0.0374465468	0.0428764773	0.0005288078	0.0089531095	0.0799815291	0.0514576582	-0.0256957417	-0.0456979374	-0.1124550627	0.0061416817	0.0051014204	0.0699100435	0.0305379567	-0.0132023556	0.0155098189	0.0454597991	-0.0713386424	-0.0218919253	0.0635268463	0.101743211	-0.0466862523	-0.0068679917	-0.0404441686	0.0969114907	0.0812688102	0.0450507165	-0.0705642095	0.0543762768	0.1100546497	0.0320105846	0.0166136704	0.0513579419	0.017291858	-0.0294262911	-0.1178612693	0.0055627524	0.0204580756	-0.0752837141	0.0757298811	0.0206089424	-0.1091204091	-0.1062193873	-0.0744481374	-0.1375142208	0.0201986647	-0.0526566038	-0.0843147949	0.0549692639	-0.0953870649	0.109429521	-0.0386344552	0.0543537198	-0.0363401108	-0.0576823763	0.0471143216	-0.0871753674	0.0367780988	-0.0331334785	-0.0744554075	-0.1436250325	-0.051923495	0.0355255323	-0.1433087636	0.0567692455	-0.0642974201	0.0818105108	-0.0274079685	0.0035064219	-0.0083731722	0.0333513257	0.0639158071	0.0452620709	-0.038517691	0.0128430812	0.1409239116	0.0773324202	-0.0589924353	0.0215800384	0.0017483738	-0.0190441858	-0.0452182968	-0.0184698787	-0.0204901878	-0.0866538092	-0.009588897	-0.0135303001	-0.0196636073	-0.0138584315	-0.0237212365	-0.0130791557	0.0433110149	0.036073229	-0.0227992693	-0.1235913906	0.0208444691	0.0189693045	0.0449561748	0.0178108151	-0.0396142001	-0.0894562967	0.0313723628	-0.0500704569	-0.0457923686	-0.065754311	-0.0082536717	-0.0228386063	0.0562481324	0.002615896	-0.0953780234	-0.0239750375	-0.0171050052	-0.0226893772	0.043273077	0.0343550335	-0.0998138311	-0.1034828583	-0.1017826858	0.0600446624	-0.0817157857	0.0100358942	-0.0120439553	-0.030444664	0.051457799	0.0099456301	-0.0350124183	0.0251532814	-0.0693265301	0.0216874902	-0.1091072121	0.0538071142	-0.0730831304	0.0828946594	0.0610159178	-0.0705473736	0.0326130113	-0.067502936	-0.04797635	-0.0411546584	0.0911441736	-0.0544480209	-0.0340327152	0.0901455167	0.0	-0.0514541146265372	-0.0087282841852526	7.618294481853235e-05	0.0026475259120008	-0.032289250814685	-0.0341844611869958	0.0011685773866452	0.0010425957181736	-0.1125244631416251	0.0456211367037156	0.0126617548053109	0.0020812881141391	0.0002453358602787	-0.0001608867994966	2.5884562252291337e-08	6.018968433868982e-08	0.0015439480607901	0.000176013929	3.0980903202052235e-08	2.3837756144175104e-06	-0.0004346892680805	-0.0001099112774054	1.2080488900886792e-08	1.889547597843608e-07
800.7634196208056	0.5123250652280831	641222.0542028064	0.2624769724609596	954.0956112691108	-3.5801554294612288	910298.4354429782	12.817512899100716	788.4701111393161	-0.77978922100408	0.6080712291941499	621685.1161600456	795.3594771772545	640.6041448492753	1.16682	36.298531	0.0831899466681104	0.0421444967319533	0.0266339465	0.0555346452	-0.188085933	-0.0042679598	0.0692920579	-0.0443569619	-0.0669238119	0.0063028036	0.1006934677	-0.0393703779	0.0602351341	0.138158464	0.1009424038	0.0279923278	-0.1543242725	-0.0876224069	-0.0169261327	-0.0248135906	0.0183744107	0.0671723268	0.0627806804	-0.0198994826	0.0343649838	0.0889246157	-0.0207275474	-0.0279117534	-0.0259492513	-0.0241724666	-0.0838923006	0.0210186907	-0.0664543997	0.0003022673	-0.091787305	-0.0327098885	0.1643060814	-0.0422758	-0.0819464983	0.067903427	-0.0029236819	-0.0122960094	0.0441896587	0.0942178081	0.1350247071	0.0049892798	0.0123874123	-0.0898522874	-0.1528643599	0.0074197397	0.0240494521	-0.0170332478	-0.0488235898	-0.196997665	-0.0100036255	-0.049309706	0.0486569515	-0.0304229187	0.0109485679	-0.0854231615	0.1295181763	-0.0391387182	0.0478274123	0.0635563516	-0.0499637941	0.0394125291	0.0393175339	0.0236345574	0.0086321406	-0.034152018	-0.0111580436	-0.0436600547	0.0161826847	0.0885657193	0.0456191733	0.0931198017	-0.0212010396	0.061369913	-0.0414784026	0.1266596883	0.0420750161	-0.0227488297	-0.0250123097	-0.0372414697	0.0992034801	0.0359046125	0.1362947569	0.0481556314	-0.0305662503	0.0078458932	-0.0032922263	0.0585370303	-0.0685062452	-0.1208279407	0.062138118	-0.0645611176	0.0692683178	-0.0182864457	0.0816510724	-0.062402597	0.1172605075	0.0659092715	-0.0158329314	-0.0719629819	-0.0641419619	0.0162134051	0.0229063459	0.1592988259	-0.0139429785	-0.0930080332	-0.1150459398	-0.1714236861	-0.0344503133	0.0190902843	-0.0304249306	0.0683020271	-0.0406601836	-0.0741247019	-0.0227880074	-0.1544066752	0.0394037057	0.1227591394	0.0638987421	0.1119035586	-0.0248365285	0.0248155769	0.0173244492	0.0111344916	-0.0782875148	0.0047946563	0.0370911033	0.1045338662	0.0583517687	0.0186901153	0.1240488674	-0.0685363846	-0.0354504639	-0.0342305339	-0.0087900731	0.0194246131	0.0250491297	-0.0345772991	0.0395136299	-0.0765259837	-0.0797847195	0.0326626935	-0.1036012182	-0.10493873	0.0358987114	-0.0638397182	0.0344694661	0.0255521318	-0.0406757081	0.0547791753	0.0175575074	0.000985767	-0.0023010636	-0.0099535947	-0.0401225663	-0.0567774954	-0.060338191	-0.0414024243	-0.0454392204	-0.1368620046	-0.014947144	-0.0808157958	0.0587290992	-0.0900955787	-0.0741743648	-0.0230698868	0.1204762351	0.0437541613	0.1553011523	0.010896143	-0.1169078031	-0.0150683759	0.0028587576	0.0302728846	-0.0507954795	0.0190581038	-0.0036230048	-0.0533612421	0.0316300168	0.0943002805	-0.109066766	-0.0829012099	-0.0792404748	-0.013326033	0.0671961111	-0.0112790591	0.1628846208	-0.0170108539	-0.0329491692	0.1149031939	-0.0490180505	-0.1009140167	0.0218914051	0.0375535127	0.0771965143	0.0194704212	0.0513063787	0.0397759946	-0.028435784	-0.0111478987	0.0429017176	-0.1160903107	-0.0512013101	-0.0489959873	-0.0389928981	0.0907655546	-0.0582360367	-0.0283825523	0.0886396995	0.0	-0.0450427023961879	0.0064114122303493	4.110620678747259e-05	0.0020288450391515	-0.0263374653149242	0.0059517854997608	3.542375063516292e-05	0.0006936620792148	-0.1421009306865954	-0.0295764675449703	0.0201926745019965	0.0008747674324386	-0.0002148835140375	-0.0004602193743162	2.1180187249599459e-07	4.6174924605104466e-08	0.0015440886245947	1.4056380460004785e-07	1.975818316364043e-14	2.3842096806027524e-06	-0.0007993349578203	-0.0003646456897398	1.329664790458145e-07	6.389363747935808e-07
800.289965220018	-0.4734544007876593	640464.0284318576	0.2241590696252015	952.435762872759	-1.6598483963517765	907133.8823990144	2.755096698871564	789.638083549723	1.1679724104068328	1.364159551471547	623528.3029920793	795.7524708390423	650.6783983753659	1.178517	36.662418	0.0671805262624867	0.0407849231093447	0.1531026288	-0.033365325	-0.0193657424	0.0004287664	-0.0793343643	0.0838821523	0.0598159631	0.0228879538	0.0014178773	-0.1399133626	-0.0972989771	-0.0324156788	-0.0164943593	-0.0176817898	-0.0160310997	-0.107766712	-0.0659603817	0.0801355168	-0.0260448772	0.0629553161	-0.01444185	0.0525386333	-0.0730725589	-0.0833410944	0.0779604114	-0.0075613004	-0.0890438465	-0.13048542	0.016948941	0.0139652542	0.0727955088	-0.0463550663	-0.0826735173	0.0812961024	0.0348280851	0.0226672461	0.0813841517	0.0367327862	0.0697261771	0.0199892145	-0.060461077	0.0020421661	0.0287964246	-0.0899900118	0.0871757523	-0.0122492257	-0.0619163143	-0.0433585361	-0.0228221088	-0.0678291224	0.0699487709	0.0276074982	-0.0687459772	0.1528211761	0.0143109121	-0.0939756496	-0.030858815	0.0425848943	0.039244968	0.0723081311	-0.0214529171	-0.0815610755	0.0573292692	-0.0154338881	0.07906459	-0.0259759925	0.0182562011	0.045437269	0.0457233863	0.0040534226	0.0127543223	0.1217011303	-0.0096499464	-0.0597534534	0.0202270262	0.2304470121	0.0446817699	-0.078394467	0.0711981125	0.0083614965	0.038720885	0.0029908452	-0.0057191504	-0.1197523182	0.0058189771	-0.0464880198	0.0152945461	0.033949806	0.0645626678	0.0171155496	0.0418195917	0.0832512186	0.0613321018	0.0383136423	0.0130739979	0.0326954247	-0.0248443348	-0.1211092545	-0.128864312	-0.0044742535	0.0188976683	-0.2083062324	0.1048962955	0.0457003939	-0.0704243227	-0.0059848072	0.1358408289	-0.0574651805	0.0951658047	0.0395715401	-0.0630473559	-0.0107922715	-0.0509745328	-0.0185310367	0.0423470178	0.0420781196	-0.0091285383	-0.0405433863	0.0188269017	0.049261527	-0.0479116423	-0.0763656782	-0.0043209698	0.0528098938	-0.0029900812	0.0363891295	-0.0283959864	-0.1339369008	0.066592132	-0.0140298378	0.0608061294	0.0057337436	-0.0660732242	0.051747662	0.1727846421	-0.0448801761	-0.1153460867	0.02668996	0.0627441529	-0.0768590901	-0.0172379143	0.0476416902	-0.0235988711	0.0221153447	-0.0955100918	0.0364517247	0.1284566065	-0.0002908532	0.0130781711	-0.0177854513	-0.0462755427	0.0537070112	-0.0177341206	0.0067097003	0.1237292958	0.1138989277	0.1198313355	0.032085697	-0.0292057952	0.0474763262	-0.0685298353	0.0004956342	0.014934947	-0.0212451225	0.0851240551	-0.0129045705	0.1088166005	0.0265798142	0.0090880191	-0.0486324132	0.0371263446	-0.0530072982	-0.0380505295	-0.06053539	-0.0410360501	-0.0727740997	0.122676051	-0.0463874552	0.0499777764	-0.0013182036	0.0405688651	-0.1153057673	-0.0435328713	-0.0427877351	-0.0526423286	-0.0417924076	-0.1054832912	-0.0700719207	0.1034312148	-0.0429214444	0.0498316814	0.085577854	-0.018047926	0.1145654368	0.0769325232	-0.034457719	0.00096042	-0.0902307056	0.0110120918	-0.0124267078	0.013466655	-0.0984051562	0.0152230021	-0.0191847197	-0.0863701405	-0.0500071591	-0.0368041899	0.0902458083	-0.0618630933	-0.0226098321	0.0865828087	0.0	-0.0397700141959802	0.0052726882002077	2.780124085660954e-05	0.0015816540291484	-0.0184022337992217	0.0079352315157024	6.296789920779818e-05	0.0003386422088012	-0.179083777735542	-0.0369828470489465	0.032070999448033	0.0013677309758457	-0.0001130667694599	0.0001018167445776	1.0366649476380242e-08	1.2784094356098176e-08	0.0015440321558668	-5.6468727900041086e-08	3.188717230648878e-15	2.3840352983506783e-06	-0.0005614129811732	0.000237921976647	5.66068669716632e-08	3.151845354297799e-07
799.4208027939046	-0.8691624261133484	639073.6199396509	0.7554433229672418	953.5256832198592	1.0899203471001329	909211.2285598991	1.187926363022874	790.4906589396329	0.85257538990993	0.7268847954800691	624875.481870815	797.4422364302225	648.1397745127163	1.133543	35.263325	0.094498831801557	0.0496766159861031	-0.0077691227	-0.1184381901	-0.0280261236	-0.0323976508	-0.0818869895	-0.0856145003	-0.0358349584	0.0990078814	-0.0818615564	-0.0929362534	0.0667527369	-0.0510902241	0.119021397	0.0458093538	-0.0334406356	-0.0158221892	-0.0139989627	0.0182384575	0.0253389724	0.0130767647	0.0910588677	-0.0677471143	-0.030040357	0.0874151405	0.004794205	0.0243223793	0.0422812625	0.0263236933	0.0423215453	0.0318659745	-0.0223615567	0.0354025533	-0.0415747135	0.0476442303	0.0226124818	-0.0335928555	-0.0934557327	-0.0332654583	0.0299142739	-0.0372772877	-0.0023982281	-0.022775048	0.0574312692	-0.0591411385	-0.0047226523	-0.0060661937	-0.0267808103	0.1407821946	-0.1224404354	0.1028836389	-0.0212893653	-0.0597485061	-0.0138257223	-0.097196073	-0.1334967784	0.1112034058	0.0826234033	-0.0155944874	0.0160091275	0.1620579838	0.0461556998	-0.0921931337	-0.0635475889	0.0483304664	-0.0269341504	0.1095765991	-0.0193782693	0.0915708248	-0.1093483888	-0.0343354709	0.0684515482	-0.0561087033	-0.0356869204	0.0122711175	0.0008983009	0.1201575842	0.0506992863	0.0427511481	-0.0956584007	0.0079502596	-0.0584284422	-0.0965429828	0.0399065406	-0.0121420588	-0.1648197175	0.026087628	-0.0341695384	0.0953205874	0.0148570413	0.0711609189	-0.0172999224	-0.0274338959	0.0148264319	-0.0039725447	-0.0877256831	0.0226304604	-0.0896760798	0.0573812519	-0.0924056778	0.0844922828	-0.0993949852	0.0128151427	0.0045453539	-0.0079327097	-0.0062036756	-0.0479915212	-0.0243438927	-0.1128631125	0.0255636919	-0.0207054962	0.0247182292	0.0908095914	-0.0257256222	-0.0444972623	-0.0816850374	0.056507829	-0.0456711589	-0.0922558828	0.0393581999	0.0453376014	0.0735733739	-0.0208715866	0.0193202029	0.0595450153	-0.037236747	0.0026719635	0.0181840909	0.1310256203	-0.1548782861	0.0103591203	0.0006556517	-0.0148735029	0.046474974	-0.0082835927	-0.0223571762	-0.1303198344	-0.0207169216	0.0668050094	-0.1049971862	0.0181779579	-0.1214540786	-0.0155998657	0.0362987565	-0.0778947307	-0.0121571499	0.0112455182	-0.1075807928	0.018154535	0.0173187342	-0.0611681989	-0.0702572425	-0.0471706411	-0.0500296304	0.0037264535	0.1101630887	-0.029219672	0.0582273929	0.077463116	0.0191528349	-0.1268797769	0.0533688888	0.0540518906	0.1903626798	-0.0795033601	0.0958245598	-0.0036010547	-0.0426086215	0.0038771147	0.0221568404	0.0182628672	0.0617638472	0.055758001	0.0002597462	0.0783292674	0.1015836244	0.0464078356	-0.038671438	-0.0314253411	-0.0023457556	-0.0144140562	0.004489047	-0.0023237414	0.0081116855	-0.0653466102	0.0058166952	0.0006984254	0.0213773883	-0.1563215274	0.0396608256	-0.013747242	0.0632238642	0.0657281991	-0.0175439253	-0.0570536128	-0.0087853136	0.0084405825	0.0934756255	-0.0462209329	0.0121628815	0.038004467	0.0013634367	-0.0680601317	0.1446039404	0.0648392499	-0.0490073663	-0.0510096905	-0.0345900464	0.0895857427	-0.0653191659	-0.0167394815	0.0839876321	0.0	-0.0347750413996124	0.0049949727963677	2.4949753236454344e-05	0.0012093035043447	0.0138329945056909	0.0322352283049126	0.0010391099438698	0.0001913517369944	-0.1506738685159803	0.0284099092195616	0.0227026146535709	0.0008071229418637	-0.0001547458483674	-4.1679078907500006e-05	1.737145618577612e-09	2.394627758694636e-08	0.0011140361545363	-0.0004299960013304	1.8489656116021929e-07	1.2410765536140271e-06	-0.0004559136317969	0.0001054993493763	1.1130112718822616e-08	2.0785723965823934e-07
799.4047167497482	-0.0160860441563954	639047.9011617452	0.0002587608166015	951.75076273735	-1.7749204825091738	905829.5143711276	3.1503427192305984	788.9134411459355	-1.5772177936974003	2.487615968755695	622384.4176207215	795.5348185465963	643.8162346308911	1.098979	34.188072	0.1720550816221027	0.087160378377859	0.0854263783	-0.0248720401	-0.0246967497	0.0367805015	0.0764786817	-0.0918875245	0.0041560095	0.1330752611	0.0296753478	-0.0139689936	-0.0404324446	0.0373334347	0.0509028745	0.0881539445	-0.1084356247	-0.0776230643	-0.079281584	-0.0306910188	-0.0484215316	-0.0479493857	-0.0038431633	-0.0771225009	-0.0497021189	-0.0061229098	-0.0164830795	0.1431219371	0.0489851804	0.0572651739	4.9488e-06	-0.0378622035	0.0472836553	-0.0453376598	0.0337265667	-0.0224483998	0.0946126186	-0.0805578364	-0.0359099011	-0.034860934	0.0568891917	-0.0286019951	0.0602759433	0.0898415203	-0.0198212778	-0.0923952229	0.0324657433	-0.0448983098	-0.1520461136	-0.0228820188	-0.0209932323	0.1224185014	0.0513384426	0.0787690742	-0.0428721605	0.0057338385	0.0938848935	-0.0608004504	-0.0073726004	-0.0029627487	-0.0171756653	0.0294952228	-0.0875590324	-0.0051931188	0.0144655022	0.0207882984	0.0685497846	0.0064015855	-0.1147752251	0.058129117	0.0835682524	0.0005347073	-0.0614183515	-0.0127821509	-0.086449948	0.0083854642	-0.0073653462	-0.1376532134	0.0313549225	-0.0734592486	0.0589239746	-0.0175383742	-0.0872769888	-0.0434786515	-0.0562430061	0.0156393455	-0.061504739	0.0772067412	0.0074618724	0.0533971651	-0.0505853223	0.0547423633	-0.0498935326	0.0509917176	0.0201951986	0.0862636926	0.0530797708	0.0060064029	-0.1081750126	-0.0001398215	0.0052033041	0.1280171811	-0.0446911776	0.0636107639	0.0687338867	0.0838147081	0.016822375	0.0119530178	0.0425986791	-0.0082664447	-0.0859368523	-0.0657823566	0.0178077942	-0.004426161	-0.0605238144	0.0044449187	-0.0425271026	-0.0349225993	-0.1434084657	-9.229e-05	0.041805019	-0.0354358646	0.1022246479	-0.0044312367	-0.0293126194	0.0791059254	-0.0331337352	0.1029152538	0.0133919531	-0.0235556054	0.0267330956	-0.0452063379	0.0065300667	0.0067093763	-0.133035714	-0.0174440004	0.0072634116	-0.0095127769	-0.1081833215	0.0521511887	0.0380682539	-0.0132169857	0.0033515653	0.0858040217	-0.0475689246	-0.061986322	0.0442844466	0.0030172914	-0.0093722038	-0.1716195188	-0.0930393837	0.02772774	-0.0322768297	0.0262689413	0.0040112955	-0.0930826326	0.0158412111	0.0076549711	0.0743646772	-0.017258861	0.0442786093	-0.1175836384	0.0473569318	0.141242738	-0.0204782002	0.0403917122	-0.0253433807	0.0822916697	-0.0358252786	0.0033252462	0.0427278653	0.0499539816	-0.094886057	0.0197943494	0.0827637588	0.111527595	0.0844411422	-0.0381673956	0.0099162034	0.0089581261	-0.0528390394	-0.0511843566	0.0680122935	-0.047163731	-0.0309707069	-0.0100334481	0.045030971	-0.0156283099	0.083679604	-0.1011676321	0.1169985637	-0.0591598526	-0.050308763	0.0615618082	-0.0178276822	0.0349899821	0.0725552668	-0.0235555696	-0.0050695804	-0.0383860825	0.1057643551	-0.0189605193	0.0436897358	-0.0663100359	-0.0777001799	0.0016504514	0.0012797977	-0.0520034083	-0.0323519979	0.0887863842	-0.0685947023	-0.010796849	0.0808703038	0.0	-0.0128086275104095	0.0219664138892028	0.0004825233391517	0.0001640609387004	-0.0136960213509951	-0.027529015856686	0.0007578467140376	0.0001875810008469	-0.1811655056188641	-0.0304916371028838	0.0328209404261386	0.0009297399332139	0.0010639105919896	0.001218656440357	1.4851235196235944e-06	1.1319057477476613e-06	0.0017117430525588	0.0005977068980224	3.57253535943679e-07	2.9300642779833185e-06	-0.000480910588884	-2.4996957087100005e-05	6.248478636143191e-10	2.312749945007557e-07
798.934025405434	-0.4706913443142184	638295.5769505306	0.2215503416123261	952.5503924540336	0.7996297166836257	907352.2501643336	0.6394076838035355	789.0379741248393	0.1245329789037441	0.0155084628346403	622580.9246110305	795.7387435282953	637.631733722634	0.998323	31.056761	0.1515330046927726	0.0866279892534257	0.032698943	-0.0593211652	-0.0193396202	0.0816833618	0.0325005125	-0.053714503	0.1280719921	0.0594876956	-0.0797181372	-0.0369550033	0.0473795813	0.050767096	-0.0151697346	0.0061436951	-0.0652289571	-0.0565147012	-0.0519227025	-0.0411675716	0.0054735694	0.0577221629	0.0272399972	-0.0211213736	-0.1165390807	0.0475315066	0.0024177269	-0.0420464853	-0.0884216726	-0.0478566501	0.1330392142	0.0748881151	0.0014384715	0.0294429731	0.0763664639	0.0685381561	-0.0366934557	-0.0402220881	-0.0853327776	0.0327040549	-0.0715376789	-0.0248924078	0.0706047829	0.056501556	0.0260131782	-0.0014853406	-0.073799499	0.0310731462	-0.0700994106	0.0274398209	0.0840860615	0.0256544797	-0.0552239158	0.0448666072	-0.0118194109	0.0878259234	0.0177477892	-0.0056546063	-0.0606113333	-0.0436146625	0.0010581839	0.026197524	0.0833484781	-0.0201483489	-0.0056764293	0.0164764772	-0.0010279125	-0.0435247461	-0.0363443169	0.0427655004	-0.06733722	-0.008816936	0.0747636367	-0.0455512819	-0.0540105002	-0.02628638	-0.1438594696	-0.1371101346	0.1336774318	0.0563589907	0.0562802406	-0.037434639	-0.0288506704	0.1514616822	-0.0383980586	0.0086208425	-0.0416451767	0.0020089387	-0.0602610543	0.0809320595	0.0308259097	-0.0623783394	0.0101806438	-0.0262890147	-0.0732263063	0.0381893366	-0.0373705167	-0.0265660241	-0.0199580549	-0.0564725502	0.0571941126	-0.119856981	0.0416301709	-0.0067846371	0.1221054079	0.0861268397	-0.0598256738	-0.065747071	-0.0208236961	-0.0777449101	-0.0404887169	0.0129903515	0.067359014	-0.1224144319	-0.0460881177	0.0339764702	-0.0664142574	-0.0468099006	0.0734720963	-0.0083637063	-0.0350716309	-0.0289205451	0.0811273337	0.0656642179	-0.0372242029	0.049895663	0.0179410757	0.0192664577	-0.1132506486	0.0053495796	0.0655863968	-0.0143571943	-0.0133392531	-0.0145652359	0.0680064022	0.011602722	-0.0098959826	-0.088873308	-0.02248622	0.0264894353	-0.0649987971	-0.0339789599	-0.0551748077	0.0694922023	0.0395750582	-0.0651238009	-0.0168653398	0.0465556418	-0.0664291808	0.0066591992	0.0373794849	-0.040028032	0.182336716	-0.0129598197	0.0267577008	-0.0092223393	-0.0868520619	-0.096903429	0.0539125405	-0.0647444867	0.0238497842	0.002672584	-0.0984572432	0.016076378	-0.0097760816	0.1831648359	-0.0169167709	0.0238509743	0.1153755169	0.0785371292	0.0025427911	-0.0717573217	-0.0648686803	0.0115131437	0.0626045397	-0.0318986728	0.0049604278	0.0730138568	0.060160868	0.0447733455	-0.0107350209	-0.014695638	-0.0219229978	-0.0111131496	0.0524448487	0.038372729	0.0640399139	-0.0002848017	-0.0084720829	-0.0311100539	0.1492622818	0.027514779	0.0021261894	0.0403026399	0.0462867709	-0.0713608991	-0.0606452727	0.0470753076	0.0348210202	-0.0218158246	0.0908569768	0.0836905777	0.0482414918	-0.0588689102	-0.0888671704	0.160909597	0.0354639994	-0.052988141	-0.0300915909	0.0878489756	-0.071680649	-0.0048075951	0.0772502043	0.0	-0.006235855253621	0.0065727722567885	4.32013351396086e-05	3.888589074411263e-05	0.0600355089011088	0.0737315302521039	0.0054363385533169	0.0036042623290151	-0.1583640272760789	0.0228014783427852	0.0250791651350986	0.0005199074146165	0.0005361607245724	-0.0005277498674172	2.785199225588723e-07	2.874683225740009e-07	0.0015439451360583	-0.0001677979165004	2.8156140781908762e-08	2.3837665831580826e-06	-0.0002079138959798	0.0002729966929042	7.45271943366301e-08	4.32281881414991e-08
799.112885720162	0.1788603147280127	638581.4041240048	0.0319910121846037	947.8571573219552	-4.693235132078371	898433.1906864578	22.026456004974683	786.6224091555118	-2.41556496932742	5.834954121041779	618774.8145856215	793.097888091068	637.0539779346075	1.048601	32.620869	0.1481428808009894	0.0846344060345045	0.0553593104	0.075733644	-0.0661425396	-0.0267771867	-0.0815287326	-0.0887834483	0.0879392822	0.1102428973	0.0868804606	-0.014807863	-0.0637985851	0.0740246333	-0.0015160847	0.1249736585	-0.0081630085	-0.1183692596	0.0007112879	0.1313735906	0.068481924	-0.0703673949	-0.0962244888	0.0498786173	-0.0396708239	0.0529006015	0.02284667	-0.0054986916	0.0478391088	-0.0151879388	0.1008247698	0.0254577306	-0.0453449706	-0.0946364069	0.0918933567	0.0347138183	0.0888792415	-0.0181810738	-0.0588922872	0.0234750601	0.0522033031	0.1519310842	0.0208493522	0.0038625546	0.0377386554	0.0084169407	-0.0194455373	-0.0872515777	-0.0115058781	0.1321406888	-0.057067333	-0.0055715716	0.0100453676	0.0071242257	0.0339413498	-0.0061184449	0.0356208813	0.0238719017	0.0342145907	0.0442632197	0.0631554382	0.0176086521	-0.0057336762	0.0506936882	0.0763728182	0.119904071	-0.0900054666	0.0162189915	-0.0569294878	-0.0668106763	-0.0256582057	0.075097464	0.0395095773	-0.1257160602	-0.0187541833	-0.0828815961	-0.023371132	-0.083895456	-0.0801866064	-0.0636545587	0.0714579765	0.1230021481	0.0700350199	0.0476906337	-0.0526293627	-0.011011642	0.0096247761	-0.0322160238	0.0445672556	0.006827707	0.0310144269	-0.0671959171	0.0160320708	-0.0211378619	-0.0377548773	0.0428883585	-0.0597628497	0.0310095474	0.110287929	0.0654882805	0.0593454836	0.0737270628	0.0034791947	0.0023410605	0.0748940045	-0.0544850162	-0.0107287699	0.0644124267	0.027655752	0.0169951653	-0.1489389482	0.0341597395	0.0260035927	0.0365631909	-0.1416167161	-0.0143108139	0.1120560044	-0.0460401853	-0.0459799467	-0.0259812582	-0.0648780694	0.0309784281	0.0362766434	0.0463108947	0.0716480299	0.117375698	0.0985972466	0.0732606787	-0.0817156351	0.0191310997	-0.0838298197	-0.0225236619	0.0441950799	0.1231630536	0.0042630471	0.0320889742	-0.0643882422	0.0047814626	0.023567204	-0.0056713184	-0.0013666128	0.0466355703	0.0008525693	0.0626558423	0.0080311858	-0.0517282128	-0.0361536295	0.0011045587	0.0253216829	0.0867378422	-0.0224178541	0.111085259	-0.1161505736	-0.1144750981	0.0189629276	0.0891073689	0.0194972924	0.0076863527	-0.0273305615	0.0853025379	0.056375796	-0.0058143728	-0.0381406365	0.0277155881	-0.0583146654	0.0414153494	-0.0040407822	-0.0523828854	-0.0131727219	-0.0541616758	-0.0989486366	0.0215326028	-0.0392341457	0.0963737707	-0.0134172979	0.083089531	-0.0564617312	-0.0154608278	-0.0219207545	-0.0294630312	-0.0509250951	0.0205676768	0.1495925212	0.0025873258	-0.0770536983	0.0459877413	0.0721556371	0.0239047948	-0.0919585216	-0.0496427399	0.0827923904	-0.0924916512	0.0098775705	-0.0154643771	0.0136440451	-0.0114995084	0.0350360077	-0.0460786209	0.0606097597	0.0518420967	0.0736749813	-0.1149676956	-0.0160088416	-0.0577919163	-0.0916107811	0.0324854873	0.0265768087	-0.0539637182	-0.0278103878	0.0867749746	-0.0745684769	0.0012024181	0.0731498398	0.0	0.0012425043632191	0.0074783596168401	5.592586255878481e-05	1.543817092618501e-06	-0.0135514221744443	-0.0735869310755531	0.0054150364251182	0.00018364104295	-0.1851875360174801	-0.0268235087414011	0.0342944234962254	0.0007195006212	0.000803616757009	0.0002674560324366	7.153272928672767e-08	6.457998921456622e-07	0.0019899570732844	0.000446011937226	1.9892664814817853e-07	3.959929153514614e-06	-0.0001163002382986	9.16136576812e-05	8.393062273728096e-09	1.3525745428311148e-08
801.4770230606531	2.364137340491084	642365.4184941667	5.589145364704255	950.4551661914549	2.5980088694996084	903365.022940026	6.749650085998633	789.6990708227437	3.0766616672318605	9.465847014613932	623624.6224583047	795.3673001901055	645.2323653096968	1.120928	34.870895	0.1037606173639848	0.0511298990475723	0.0602937265	-0.0028873591	0.1461172807	-0.0600637617	-0.0217478934	-0.0953170174	0.0703028457	-0.0748123937	-0.000999279	0.0722376003	-0.1177744412	-0.0832955211	-0.0806355093	-0.0481485294	-0.0459153134	0.0030302298	0.0227615035	0.0324730909	0.0492656643	0.0353787268	0.1415648913	0.073862947	-0.1104817336	0.1335701997	0.0276448939	0.0056039862	0.0255795938	-0.0932061136	0.0724156542	0.0979075949	0.0883301014	-0.0406030803	-0.0033221768	-0.0084747114	-0.0433804785	0.0842544538	0.1031604799	-0.0592647258	0.06082491	0.0114883946	0.0309227293	0.0625847311	-0.0367854567	0.0760668829	0.0168544977	0.027337437	-0.0070798453	0.0127689006	-0.0545788875	0.1797310739	0.0380234715	0.0050911572	0.1165068701	-0.0545705168	-0.0487598311	0.0310066723	-0.0514009245	0.051611592	0.099474455	-0.0396478458	-0.165835114	0.0430726081	-0.0030502671	-0.0154763283	0.0681313518	-0.043970569	0.0285508505	-0.0634450161	0.05951819	0.0503696431	0.0903114653	0.0238931083	-0.0510283866	-0.0653345152	0.0902090333	0.0183411922	-0.0037296612	-0.0392778441	0.0286142209	-0.1081228033	0.0731373951	-0.0578827319	0.0273812704	-0.0358090608	0.0925262873	-0.0122473581	-0.0266709759	-0.0132331872	0.0975535728	-0.0048408917	-0.0162683338	-0.0257558861	0.0873260978	-0.1003334216	-0.0152600569	0.1318842379	0.0800114034	-0.1027731934	-0.0183656602	0.0550430188	-0.1470847984	0.0073738413	0.0718194652	-0.0701556425	0.0307025358	-0.0597132081	0.089832363	0.1249914993	0.0607599678	0.055488756	0.0195186086	0.0467933598	0.09175582	0.0132628097	0.0854857474	-0.0421135208	-0.1025683261	0.0527400486	-0.0309837792	0.0494655393	0.0766772305	-0.0502306286	-0.0202663418	-0.0458352574	-0.0230734167	0.0305699261	-0.0357018297	0.1088238222	-0.0513977918	0.0169303336	0.053719507	-0.0417314137	0.0276830152	0.0203261728	0.0138338202	-0.0050837128	-0.0378836084	-0.0386092253	0.0705402497	-0.0080379781	0.0224570743	0.0745753679	-0.0744416186	0.0828551096	-0.0022847315	-0.0512151433	0.0431208669	0.0818855492	-0.0934292107	0.0484777198	0.0110119598	-0.1068035098	0.0386316971	-0.169646117	0.0397760319	0.0182880949	-0.0154404607	0.0825863359	0.0157391617	0.0317641151	0.0243646107	-0.0525418854	-0.0795088766	-0.0688475341	0.1116957125	0.0285351126	0.0161749896	-0.1326172273	0.0661281761	0.0699664108	0.0884674657	-0.0148534807	0.0582389843	-0.0912565646	-0.0543011757	0.0158902133	0.0287977108	0.1049992174	0.2118420618	-0.0270303754	0.0598295637	-0.1229811384	0.0166809718	0.0654018077	0.0123116492	-0.0197991304	0.0465931528	-0.0225041684	-0.0593434386	-0.0334243912	0.0851200414	0.0775781721	0.1056309298	-0.0553183029	-0.0412233102	-0.1012668622	-0.0916965284	-0.053616699	0.0323795523	0.0678800674	-0.0860814465	-0.0961246393	-0.0777133701	0.1523951535	-0.0325682886	-0.0549299716	-0.025509965	0.0855660509	-0.0772502043	0.0072072393	0.0685947023	0.0	0.0138055989016692	0.0125630945384501	0.000157831344382	0.0001905945610337	0.0280103226297541	0.0415617448041984	0.0017273786311693	0.0007845781738229	-0.1906628606696614	-0.0054753246521813	0.0363523264387387	2.9979180046784413e-05	0.0010019044353687	0.0001982876783596	3.931800338927981e-08	1.0038124976114734e-06	0.0015440624001334	-0.0004458946731509	1.98822059544437e-07	2.384128695505716e-06	0.0001227264775738	0.0002390267158724	5.713377090074506e-08	1.5061788297672436e-08
804.1393250468305	2.6623019861774537	646640.0540867721	7.087851865604415	951.2944472104508	0.8392810189959619	904961.1252934372	0.7043926288469001	788.6751577677919	-1.0239130549517768	1.04839794410068	622008.5044800515	795.2317761881341	652.4986329540982	1.167608	36.323036	0.1516275850689968	0.0746693027076626	-0.0629057294	-0.0118015916	-0.0166737979	-0.174159792	0.1024328659	-0.0567139927	0.1250261552	0.018311799	-0.0787882059	0.1751143447	-0.0208299229	0.0916081661	0.0343490311	0.116942948	-0.009953854	-0.0401829805	0.079456894	-0.0351411273	-0.0196546656	0.0084176259	0.1261845111	-0.006026433	0.1318205025	0.0201600748	0.0629259537	-0.106145544	0.1392233158	-0.0054986515	-0.0290640771	-0.009844007	0.0053623426	0.0714264619	0.1457714055	-0.0169318962	-0.0258217703	-0.0410688098	-0.0585728409	-0.0732247704	0.0387917402	0.059308528	-0.0446207321	-0.0285340178	0.0343660164	-0.0482007848	0.0171156446	-0.0304444774	-0.002547702	-0.0897610205	-0.0019551413	0.0303996429	0.0343836558	0.0015915896	0.0197915895	0.1232819034	-0.0389767808	0.0371421785	-0.0280700873	0.0169006852	0.1110111958	0.0265703388	0.0083246457	-0.0299872102	0.0064410351	-0.0595080484	-0.070278288	-0.165013257	-0.010830638	0.0064516682	-0.0724769347	-0.0474333143	0.0881312758	-0.0218311063	0.0732742599	0.017607953	-0.132499842	0.0304566569	0.0504842092	-0.0528550466	-0.0902090562	-0.1022668782	-0.0672144173	-0.0587445277	0.0150912501	-0.1340255475	0.0931268899	-0.0211307784	0.0044962053	-0.0433017855	0.0671265143	-0.0632280824	0.0872422019	0.0961867297	0.0670032136	0.0305037133	0.0264700337	-0.1033323681	-0.1056862106	0.0541773383	0.0570531412	0.0339498861	-0.0743725855	0.0495040629	-0.0034481738	-0.064057235	-0.0022292655	-0.1066225185	-0.0986687117	0.0990872576	-0.1100020627	-0.0441536909	0.0659840549	0.0101488038	-0.0130159421	-0.0549718911	-0.003543598	-0.0259672356	-0.0007823904	-0.0817626126	-0.0195163841	0.0449135199	-0.0667012186	0.0114368991	-0.0127401405	-0.0412738933	0.077747711	-0.0324040051	-0.0301680535	0.0102226832	0.1023389427	-0.0646387142	0.0427616209	0.0031120295	-0.0034929823	0.0017152838	-0.0133063186	-0.0529465664	-0.1373682208	-0.0855933313	-0.0299852193	-0.0004951494	-0.0128281975	0.0034662876	-0.0139299785	0.0652644332	0.0629920426	0.0066949724	0.0058337071	-0.0811791737	0.0520860517	0.0362113097	0.1058546731	-0.0437512342	0.0069381376	0.0315642789	0.002515385	0.1039499368	0.0526143212	0.0193208697	0.069839932	0.2035423364	0.0507447052	0.0804979296	0.0589124913	-0.1258529652	0.0094161606	-0.1427952153	0.0640126128	0.0029732123	0.0019830269	-0.0103161184	0.0842562659	-0.07025458	-0.0071272457	-0.0166921035	0.1849265581	-0.0368246792	0.0600303514	0.0198059148	0.0579702917	-0.025541173	-0.0116530243	0.0108464093	0.1277908359	-0.0184268472	0.0490063251	0.0315887439	0.0630215225	0.0701504821	0.0475108166	-0.0910107515	0.0784751575	0.0446334677	0.0378699805	-0.0250356914	-0.0328548419	-0.1676294681	0.0918912373	0.0549318825	0.0243890946	-0.0253904676	-0.061872053	-0.0185944451	0.0138156815	0.0054344081	-0.0696100283	-0.055886734	-0.0231919124	0.0842240844	-0.0797184191	0.0131809392	0.063613111	0.0	-0.0084957346534935	-0.0223013335551627	0.0004973494783386	7.217750730257032e-05	-0.0132801473721144	-0.0412904700018685	0.0017049029129752	0.000176362314225	-0.1820718565804782	0.0085910040891832	0.0331501609586622	7.38053512603625e-05	-0.0001359472530681	-0.0011378516884368	1.2947064648784767e-06	1.8481655616762027e-08	0.0018140032256597	0.0002699408255262	7.286804928582026e-08	3.2906077027037964e-06	-5.837655691874838e-05	-0.0001811030344925	3.279830910240917e-08	3.407822397687869e-09
805.825399589051	1.6860745422204673	649354.5746228538	2.8428473619239583	954.6042780086694	3.309830798218627	911269.3275924532	10.954979912836556	789.8279911397724	1.1528333719804778	1.3290247835518785	623828.2555878884	795.6950622335255	664.1506883193251	1.186222	36.902096	0.0852487373143335	0.0483648835843041	-0.1123669138	0.1244650078	0.0167933533	0.0492588094	0.0147566239	0.0879636971	0.0112012383	0.0075804813	0.0977142607	0.0431784251	0.0453467889	0.1261787025	-0.0316088913	-0.0267162061	0.0985973901	-0.101511574	0.0299339815	-0.0926341309	0.1250737153	0.0710495834	-0.0349112048	0.0408297176	-0.066390595	-0.1296429246	-0.0660474222	-0.0175052001	-0.0750100881	0.0688597338	-0.036005074	0.0063067299	-0.0073771396	0.0147124697	-0.0643752685	-0.0189759205	-0.0690759904	-0.0779697842	0.0660769394	-0.0084929053	-0.0587193535	-0.0238678044	-0.0259712008	0.1068206703	0.0731624119	0.0499263463	-0.0527395128	0.1360243386	0.0976005709	0.0492849653	0.0577562942	0.0379234216	-0.1052858501	0.0205951151	-0.0326845622	0.0682778716	-0.0570815708	0.0884510145	-0.0501882108	-0.0406319653	0.0681282003	-0.1043577301	-0.0538019279	0.0550527112	-0.0791870401	0.000981842	-0.0939656186	-0.0447499479	-0.0469758916	-0.099211648	-0.0591734215	-0.0286063909	-0.0446863429	0.0830873722	-0.1792553175	0.0247581681	-0.0102206856	-0.000152749	0.116050059	-0.0227319542	0.0152164069	0.0331416814	0.0071602807	-0.1050773401	-0.0319029256	0.1691059016	0.0717395843	-0.0209517623	0.026392149	-0.0395262225	-0.0640795014	-0.2030822408	-0.070369189	-0.0358301195	0.0139430442	-0.0883544065	0.0022329716	-0.0617743504	0.0344833213	0.0240046648	0.0147218968	-0.0106419047	-0.0489353921	-0.0089280717	-0.0640181284	-0.0141906234	-0.0441882633	0.0813090957	-0.0227285881	0.0387497364	0.0757663514	-0.0086780308	0.057756152	-0.0810040472	0.0779234075	0.0064994395	-0.0528623959	0.1323936645	0.063782255	0.0305910808	-0.0502597162	0.0059464084	-0.0005539272	0.0681667515	-0.12663721	0.0421542579	0.0196501471	-0.1070685296	-0.0498886061	0.0741128587	0.0314650319	0.0745206862	-0.0750701169	-0.0342283273	0.0477917328	0.0207038643	-0.0830449722	-0.0328437154	-0.1759888629	-0.0595123572	0.0502660917	0.1474554645	-0.0894297555	-0.019578282	-0.0680490485	0.0058969838	0.0412607659	0.0066644323	0.0338436093	0.0104777197	-0.0158093906	-0.013092822	-0.0249305684	0.0086533002	0.1347840441	-0.0865846284	-0.0849461944	0.0252931102	-0.0744403375	0.1264766965	-0.117750627	0.1141079337	0.0122601301	-0.0423616885	0.0366998024	0.013590142	-0.1377569658	0.0326721263	-0.0547076228	0.05442255	-0.0731656501	0.1228153757	0.0300742862	-0.0320832985	0.0213815506	-0.042791791	-0.0018014427	0.1031690274	0.0227298745	-0.0079915158	0.0592607981	-0.071837563	-0.0256741939	0.1005566212	-0.0001961347	0.0468863392	-0.0233562127	-0.0069663472	-0.0640157791	0.1015109121	0.0351899032	-0.1070647071	0.0943803431	0.1243375642	-0.0738902588	0.0387498495	-0.0091315647	0.0332524387	0.0824081461	-0.0642689918	-0.0303902783	-0.0342792414	-0.0481566689	0.0570001689	0.0208905122	0.0028814976	-0.0564848104	-0.0568338402	-0.0208578319	0.0827511615	-0.0819662993	0.0190977232	0.0582360367	0.0	-0.0088951544084778	-0.0003994197549843	1.595361406717187e-07	7.912377195066205e-05	-0.0131116935247632	0.0001684538473511	2.837669868742092e-08	0.0001719165070873	-0.1436875794007477	0.0383842771797305	0.0206461204740461	0.0014733527346103	-0.00044768906038	-0.0003117418073119	9.718295442608978e-08	2.004254947839273e-07	0.0015440914630808	-0.0002699117625788	7.28523595784484e-08	2.3842184463590058e-06	-0.0004026547176733	-0.0003442781607545	1.1852745197253689e-07	1.6213082166456492e-07
803.6551177732244	-2.17028181582657	645861.5483230953	4.710123160107474	955.994586969843	1.3903089611735595	913925.6503156408	1.9329590075195024	790.8451521060789	1.0171609663065055	1.034616431377584	625436.0546096871	797.1630658530092	667.452041065924	1.115367	34.697895	0.2519737768130463	0.1619790772385441	-0.0327309512	0.0532397348	0.0617557306	0.0137793866	-0.0751704674	0.1244253473	-0.0048488181	-0.0226738408	-0.0010832076	0.037886957	0.0079404375	0.0157613618	0.0123906346	-0.1413417115	0.0202095661	0.0361949967	0.0532014841	0.1865848411	0.0624580186	-0.0735807276	0.0282042858	-0.068496702	-0.1156984728	-0.1406315026	-0.0643533721	0.0438553254	0.0004595401	-0.0729038555	-0.0345886675	-0.0592945881	0.0234137218	0.0415205504	-0.1255890481	0.1106697937	-0.0260474559	0.0153589472	-0.0183998785	0.0068158467	-0.0660775046	0.0981290255	0.0414929813	0.0401799524	-0.0323505439	0.0770895414	-0.0254379144	-0.0004218851	0.0375415943	-0.0583145985	-0.0386003913	0.1090491329	0.0004961981	0.1133935358	-0.1254981341	-0.0042304237	0.0442864308	0.0901563074	0.0660503507	0.025597779	-0.0131074257	-0.0332650627	0.1386429528	-0.0607090901	0.1072837387	-0.0347924721	-0.0400875037	0.1011842726	0.1116721229	0.0773201226	-0.0138351667	-0.0220054336	0.0250784066	0.0917206563	0.0851753462	-0.0352946048	0.1027842456	0.061385633	-0.1082689715	0.0229411046	0.1024874578	0.0510490473	-0.1611809605	0.0420588286	0.0785220182	-0.0189105931	0.203011188	0.0707892598	-0.0277016678	-0.1133350125	-0.0981223747	0.0416711676	0.0042875851	0.0070323025	0.0026372313	0.1113756144	0.0593962861	0.0245045269	-0.0117423669	0.0270296107	-0.0374337976	-0.0784916636	-0.0116588615	-0.0342228604	-0.0390560521	-0.0258948209	0.0465176732	0.0077583134	-0.0024602178	-0.0298547362	0.1117185197	-0.0205302908	0.085456372	0.0400465184	-0.0113878523	-0.0213328749	0.0763118187	-0.0727156042	-0.0179651784	0.1003633915	0.042627421	-0.0307175781	-0.0100844321	-0.0024395308	-0.0982247226	0.003559662	-0.0300590742	-0.1933943243	-0.0179398998	-0.0418171332	0.0202577937	-0.1102260041	0.0305874296	0.0358099729	-0.004795343	0.1070774533	-0.0531953101	-0.0682467222	0.1404698592	0.0060943546	-0.0488728983	-0.009565113	-0.0285945637	0.0535506791	0.0043599282	0.1247966112	0.0603979106	0.0281994935	0.1314861618	-0.0519009431	0.2172074403	-0.0988519951	-0.018441826	0.0996478201	0.0176077416	-0.0028885724	0.1394902285	0.0417134478	-0.028590842	-0.0648187351	-0.1468838294	0.0124400447	-0.0462009976	0.0121561841	-0.0007249405	-0.0112701241	0.0010688826	-0.0083232189	-0.0952193009	-0.043488704	-0.0194303126	-0.0707728296	0.0884933813	-0.013016562	-0.0179595416	-0.0521546234	0.068510305	-0.0124163146	-0.0569370502	-0.0266273878	-0.1709239621	0.0053194459	0.0297633635	-0.045381684	-0.0058496363	0.0518927692	0.1227805867	0.0632269138	-0.0932882112	-0.030560788	-0.0758432488	-0.1056708969	-0.0644640336	0.0535175206	-0.054519597	0.1079968029	0.0603993835	0.0306651584	0.0833893389	0.0958885637	0.0026843204	0.1423651383	-0.0099780991	0.0154935448	-0.0937144978	0.0610073477	0.0428598218	-0.0577711266	-0.0185093366	0.0811495725	-0.0839876321	0.0249320423	0.0524969085	0.0	0.0137501303751861	0.0226452847836639	0.0005128089229332	0.0001890660853346	-0.0111577447683686	0.0019539487563946	3.817915742616005e-06	0.000124495268316	-0.2489158676550005	-0.1052282882542528	0.0619591091704417	0.0110729926489201	0.0018281843248112	0.0022758733851912	5.1795996654216525e-06	3.342257925485383e-06	0.0015437833589602	-3.081041206000248e-07	9.492814913071461e-14	2.383267059402438e-06	-0.0002359111066104	0.0001667436110628	2.7803431830295655e-08	5.565405022214352e-08
802.9049366533685	-0.750181119855938	644656.3373023497	0.5627717125883093	953.4318338356272	-2.562753134215768	909032.261771167	6.567703626932743	788.2350186570086	-2.610133449070304	6.81279662195564	621314.4446372146	794.6242739592182	659.5905519311118	1.103003	34.31324	0.2356842062053494	0.1465104324315226	-0.0654566948	-0.0197551882	0.0817067137	-0.0499119962	-0.0300899755	-0.0320870945	-0.0291362994	0.09357155	-0.0021641086	0.0104157019	-0.0380737915	-0.0811765973	0.0312258258	0.0021221107	0.1111386063	-0.0037632124	-0.0019145909	-0.0084209257	-0.0393894006	0.0493774768	-0.0257729733	-0.0415948525	-0.1264318999	-0.0014291642	0.0793900173	-0.0039591887	0.0564831754	-0.0262342393	0.0937503104	-0.0260048535	-0.026935218	-0.0437635312	0.0469390538	0.0211510608	-0.0419861675	0.0159631275	-0.0226238588	-0.0704018225	0.0660671564	-0.0619404167	0.1117594883	0.0468237347	0.00577431	0.0799023102	0.0543332504	-0.0570030032	-0.0952332026	-0.0726861527	-0.0145649255	-0.0466981249	0.017175927	0.0602293078	-0.0387938012	0.0289113767	-0.0385387121	-0.0922221196	-0.0300375332	-0.020383362	0.0953483304	-0.0163009213	0.0034971084	-0.0314588026	0.0890412939	-0.0679383327	0.005642237	0.1009657134	0.039408365	-0.0107881683	0.0708541325	-0.0166111737	0.0223435627	0.0515269284	-0.038457008	0.0849835323	-0.042243057	-0.1007616974	-0.0584292527	-0.0427208407	0.0149593604	-0.0180155197	0.0190756384	-0.0097572449	-0.029481948	0.0101919568	-0.0160730957	-0.0685403719	-0.1252978104	0.0667424624	0.0263885812	-0.0032335873	-0.032573483	0.0481173041	-0.0402089235	0.0849360435	0.0326335804	0.0845775997	-0.14659619	0.0290806664	0.0721621072	0.0382588095	0.0366254957	0.074166854	-0.029573431	0.1823758772	-0.1523662324	-0.0135535603	-0.0060177867	0.0415591648	0.0202210708	0.117815155	-0.0166687833	-0.0417231767	-0.037019138	-0.0157650841	-0.1016397313	-0.0947575077	-0.0845354461	0.0198959078	0.0611591518	0.0197816487	0.0155276761	-0.087152726	-0.0242382321	0.1127916966	-0.0633144891	0.0249219228	0.0730319291	-0.0047975618	0.0826720304	-0.0424474881	0.0006611492	0.0358252001	0.0510610399	-0.0463875701	0.0378035582	-0.0137020814	-0.0612311071	-0.0930043995	-0.0397189994	-0.083409908	0.0410346752	0.01985988	-0.0862518895	-0.0051854848	-0.0511218218	-0.0923906188	0.0043147691	-0.0383559611	0.0541063392	-0.0119552061	0.0119754514	-0.0087719515	-0.0212040788	-0.0101034889	-0.055720737	-0.0835855203	0.0044176032	0.0299836949	-0.013662301	-0.091228731	0.0423504114	-0.0837522449	-0.0863573559	0.1297260503	-0.0233859457	-0.0390370036	0.0326744469	-0.0233507032	-0.0137639232	-0.0407183893	-0.0519172463	-0.0946453057	0.0769202719	-0.0745613319	0.0236513259	0.0270510419	0.0774498535	0.0809223758	-0.0600380143	-0.0834487623	-0.1173870349	0.0514569566	0.0502638775	0.1013132366	0.0609102473	-0.0332262835	0.0528656157	-0.0302583811	-0.0796923437	-0.0506647641	0.0084005421	0.0749923248	-0.0210341841	0.0221633504	-0.0538143177	0.061682037	0.0970829359	-0.1281253321	0.0222311525	0.0381259482	0.0080534912	0.0568233312	0.0642832311	0.1124475355	-0.0073193664	-0.0586984312	-0.0161480496	0.0794218076	-0.0857768306	0.0306587036	0.0464314067	0.0	0.0139071848763734	0.0001570545011873	2.4666116343191685e-08	0.0001934097911856	0.050842591106047	0.0620003358744156	0.0038440416485403	0.0025849690703766	-0.130990534931584	0.1179253327234165	0.0171585202416625	0.0139063840979284	0.0008390880939734	-0.0009890962308378	9.783113538575423e-07	7.040688294479133e-07	0.00154395339293	1.7003396979992094e-07	2.8911550885920425e-14	2.383792079540059e-06	-0.0001131477092914	0.000122763397319	1.5070851721302657e-08	1.2802404117891165e-08
802.4912597318677	-0.4136769215008371	643992.2219460399	0.1711285953824097	952.0161238916662	-1.4157099439610192	906334.7001497124	2.0042346454301123	786.8640493821233	-1.370969274885283	1.879556752679479	619155.0322100326	793.4050749057385	653.8454421088306	1.127401	35.072262	0.2574100487453471	0.1617085560736025	-0.0374248293	0.0608671258	-0.0074439901	-0.0521435184	0.1214883711	-0.0328510204	-0.0320359538	0.1248491183	0.040134427	0.0715670404	0.0063088506	0.0736162141	0.0805229258	0.0284061746	0.0103081993	0.0449916828	0.0672628257	0.1004561601	-0.0689677689	-0.0952745233	-0.0314824431	0.0717551633	0.0026363781	0.0585744865	-0.0884266506	0.0230062009	-0.0142285333	0.1191638435	0.168863695	0.0090845344	-0.0430383322	-0.030481683	0.1461602263	-0.012416225	0.003658794	-0.0428286101	-0.0048707758	0.0857873998	-0.122912265	-0.036178695	-0.141231114	-0.0848107718	0.0539584656	0.0165066359	0.019612014	0.0125341962	-0.0737504162	-0.0329685011	0.0095647728	-0.046135929	-0.0036877486	-0.0001701555	-0.0747534143	0.0089699111	-0.0223086091	-0.129533177	-0.0143119628	0.0475865409	-0.0179895243	-0.0655197854	-0.0543320418	-0.1286156406	-0.0348174889	0.026459138	-0.0347441026	0.0374612821	-0.0019975743	-0.0600143092	-0.0100835196	-0.0034294463	-0.0036873663	-0.0830567129	0.0296150239	0.0488035315	-0.0853579311	0.0206072083	-0.117205918	-0.025797911	0.0533377477	-0.1094039685	1.6909e-05	0.0201438016	0.0286564133	0.0726312996	0.0119272973	0.1382160248	0.1640453047	-0.0262813212	-0.0100631532	-0.0235300881	-0.2057696985	-0.099226014	-0.1064401129	0.0408700063	-0.0377455536	0.035320888	-0.0625181955	-0.0005360001	-0.0991384842	0.0220781101	0.0517002996	-0.0320505476	-0.0184910631	0.0266647466	0.0041082914	0.029513122	-0.0155788075	0.015921887	-0.1211143892	-0.0030402233	0.0095867397	-0.0730043447	-0.1070039544	-0.091660656	-0.0193603295	0.0300838508	0.0663868835	0.0754039437	0.0562205024	0.0055501659	-0.146665527	0.005416857	0.0299083098	-0.0888870292	-0.0247683762	0.1147616261	-0.0397427946	-0.0766287213	-0.0013155646	0.0179601369	0.0667287053	-0.0008331008	0.1002279376	0.0790353901	-0.0598311206	0.1466901415	-0.0483810974	0.1093404894	-0.0149883148	0.0121513609	0.0469648172	-0.0224214662	-0.0701442144	0.0660886929	-0.0195192649	-0.0054208504	-0.075774521	-0.019507084	0.0701929121	0.1174029412	0.0163543844	-0.0335844295	0.0470600529	0.0472944458	0.0974940339	-0.0114232886	0.0402575591	-0.0631773829	-0.0080556949	0.0256629675	0.1136850476	0.0439742053	0.0060589825	0.0134402891	0.0077952666	0.0871253636	-0.1117518904	0.0519880222	0.0054077534	-0.0261669895	0.0108270568	0.1169924635	0.0772390849	0.0199697098	-0.1096592057	-0.0319988422	0.0055059069	-0.0420491774	0.0342570613	0.0359401127	-0.0817471295	0.0093578387	-0.0312469942	0.047210268	0.1920935335	0.076785109	0.0991423278	0.0390482663	0.0134364894	-0.0834394066	-0.1049487206	0.0437478057	-0.0532246076	0.0455998132	0.0297898672	-0.0096408732	0.0513737918	0.1046916354	0.1552126442	0.0299037033	-0.0304631236	0.0330294352	-0.1344372469	0.147830156	0.1142457286	-0.0596155937	-0.0137756027	0.0775705533	-0.0873289498	0.0362529791	0.0400772406	0.0	0.0257565578880587	0.0118493730116852	0.00014040764077	0.0006634002742409	0.0170062763399272	-0.0338363147661198	0.0011448961969519	0.0002892134349499	-0.2676439070832259	-0.1366533721516419	0.0716332609987744	0.0186741441204151	0.0022029855129367	0.0013638974189632	1.860216169454751e-06	4.853145170208974e-06	0.0015440287057908	7.531286079997222e-08	5.672027001875993e-15	2.3840246443060127e-06	2.4299335202502235e-05	0.0001374470444939	1.8891690040108742e-08	5.904576912835644e-10
804.012599629264	1.521339897396274	646436.2603626071	2.314475083409705	952.4414398496514	0.4253159579851626	907144.6963428772	0.1808936641168366	787.5822066515892	0.7181572694659053	0.5157498636867249	620285.7322341866	793.8458861985633	659.5791672154477	1.051499	32.711029	0.2477606785019091	0.1390473361233414	-0.0785329435	0.1130375442	0.0171398712	0.0430267459	0.0112117868	0.0506225527	0.0633449562	0.0284334192	0.0302605012	0.0650084885	0.0171946299	0.097111965	-0.1252535124	-0.0231069636	0.0194696473	-0.0705655586	0.0476211649	0.0241394001	0.0409301062	-0.0121359833	-0.0229464858	0.008292956	0.0580760488	-0.1180089151	0.0013693122	0.046066977	-0.0291228038	0.0917906793	0.0754424488	0.0513907572	-0.1016547752	-0.0372661818	0.0875794227	0.054750471	-0.0127148851	0.0022251154	-0.0359886055	-0.0667553959	0.0053704617	0.0246570963	-0.0241238555	0.0322013645	-0.0499367893	-0.090834243	0.0502305662	0.1259250995	-0.0247057364	-0.0591283457	-0.0461345551	0.0522086241	0.0077786394	-0.0420595577	0.0598292125	0.0096162767	0.0651874569	0.0614599891	-0.0968039665	0.0308861693	0.0391827924	0.0747187803	0.0272583493	-0.001922913	0.0115774544	0.0698690641	0.0582453294	-0.0005171188	0.0880135478	0.0268491192	-0.0303554632	-0.0819317907	-0.0544204668	0.022132256	0.1120396661	-0.0198387855	0.0466419642	-0.0749410384	-0.0311498529	-0.0309256684	0.0164548285	-0.1107627562	-0.139366329	-0.0011640542	0.1052128627	0.0963971892	0.0001426644	0.0142368609	0.0195767657	-0.0003934941	-0.0929156538	-0.0266316402	0.1090915663	-0.0145231824	-0.16830997	0.0394120073	-0.1063872524	0.0096933132	0.1916906151	-0.0219064417	-0.0265450623	-0.0054183294	0.0286770904	0.1018997276	-0.0715718079	-0.0444611461	-0.0345916063	0.0120789459	-0.0606414818	0.0275873771	-0.0548495886	0.1066645416	0.030418639	0.0145955197	0.0351957813	-0.0449959624	0.0829354872	-0.0053529958	-0.0357701164	-0.0205329173	-0.0409771928	-0.0770863828	-0.033587003	-0.0173069392	-0.0507822636	-0.0817214612	0.0347717281	0.1206369435	-0.0806006744	0.0271811669	0.0736676553	0.0167666938	0.0040375612	-0.0874366731	0.0404279324	0.0184316474	0.0604320912	-0.0782549244	-0.0040878658	0.0319076272	-0.011751116	0.0077936451	0.0250855146	-0.0789132691	0.0215492572	-0.0235912084	0.0215390921	0.0513106825	0.0913885703	-0.0863497765	0.0816381562	-0.1046875245	-0.0285089021	-0.0074830631	0.0466256771	0.0297998646	0.0091509282	-0.0151327497	-0.0710333656	-0.1013086417	0.0589582663	-0.1279214366	0.015456335	0.0791205633	0.020485956	-0.0794117857	-0.101508167	-0.0890385626	0.0060989646	-0.1207023863	-0.0786649774	0.0335028988	-0.0355493527	0.0010219441	0.1097720008	0.0736588476	0.014330748	0.0745281263	-0.0627899611	0.1378402485	-0.0111169295	0.0220073382	0.0614155493	0.0816897478	0.0221188325	0.1224959398	0.0764733221	-0.0019537638	-0.036247689	0.1068507058	0.0488399568	-0.0749323263	-0.0205896634	0.0871085782	0.0086181498	0.0086558769	-0.0145791917	0.0100472571	0.0606757293	-0.1211283543	-0.0443379828	-0.0276369924	0.0320991986	0.0225558797	-0.0565736365	0.021329746	0.0549112332	-0.0605224558	-0.0113936355	0.0755986879	-0.0886396995	0.0416907124	0.033473914	0.0	0.0176601728630458	-0.0080963850250128	6.555145047325312e-05	0.0003118817055526	0.0434829318162428	0.0264766554763155	0.0007010132852115	0.001890765359336	-0.1644461080090451	0.1031977990741807	0.0270425224393225	0.0106497857337549	0.0006362943522133	-0.0015666911607233	2.454521193088833e-06	4.048705026585431e-07	0.0019940673144875	0.0004500386086966	2.0253474931766133e-07	3.976304454707389e-06	0.0002073663443104	0.0001830670091078	3.351352982371112e-08	4.300080075265937e-08
802.2743117068973	-1.7382879223666805	643644.0712247757	3.0216449010458706	948.2596750827814	-4.1817647668699465	899196.4113881022	17.48715656543486	787.5045063013479	-0.0777003502413435	0.0060373444276274	620163.3474449296	793.5450816735259	657.4774708206304	1.025851	31.913143	0.1301895443106329	0.0736143165638792	-0.010493049	0.0835761343	0.0437642457	-0.0434239734	-0.0804698345	0.0521502416	0.0594834998	0.0161457943	0.0393612485	-0.0045828677	0.0053329767	0.0834408828	-0.0766129857	-0.0293746339	0.0623360178	0.0581898079	-0.0371244762	0.1309567453	-0.0251042573	-0.104159629	0.0479929716	0.0344493017	0.0797265017	-0.0662775794	-0.0857276788	-0.1213388766	0.0249541494	0.0317379175	0.0391339353	0.0711287903	-0.0795218996	-0.0833807594	0.0290721409	0.1014045086	-0.0415789167	-0.0194214805	-0.0125718779	0.0783950803	-0.041510084	-0.0634732899	-0.0879626827	-0.2163821047	-0.0715225301	0.0761994504	0.0407924012	0.0049693027	0.0734299722	0.0128946833	-0.0470304145	0.0732615886	0.1024635925	0.0401145591	-0.0455589473	0.017334365	-0.1064099298	-0.0585718886	0.1316641232	0.0643249559	-0.0093335564	0.0551352682	0.0121559348	-0.0610614018	-0.0245851743	0.0540462583	0.0412888473	0.0406941397	-0.0406504262	0.0041608939	-0.0075228066	0.0099702012	-0.0034705564	-0.0494813419	-0.0003988357	0.0248061595	0.0305497509	-0.1220977906	-0.0983812479	0.0471499764	0.0369691936	-0.0777135555	-0.0096108865	-0.0071662456	-0.06060652	0.0442858445	0.0176536446	0.0001216686	0.0213917704	0.0054220847	0.0720435588	-0.0805751863	0.0634200999	0.0601498767	-0.0244617531	-0.0828385041	-0.046329701	0.0408119042	-0.0061885132	0.0750360936	0.0834449659	0.0404636855	0.0020073656	0.0040619184	-0.0125986862	-0.1820065901	0.0448748281	0.0466184438	0.0171058288	-0.031683701	-0.0429555164	0.1378303888	0.0391412379	0.0149314541	-0.0464996998	-0.0681305863	0.1341254746	0.0183660307	0.1670747984	0.0821237848	-0.0052846503	0.0602598971	-0.0886422284	-0.1687642483	0.0215913746	-0.0711650301	-0.0364600485	-0.0537046315	0.0636338217	0.0136022569	-0.060826234	-0.0794877677	0.1003634011	0.0824344791	-0.0199174254	0.1180692492	-0.0295636256	-0.0196398944	0.0040504142	0.0849682869	-0.1264277853	0.0711662894	-0.0515606536	-0.0660727731	0.0174890495	0.0052854466	-0.0121148194	0.0174142047	-0.060838646	-0.0585405497	0.0448612949	0.0599536974	0.0272531688	0.0023510989	-0.0192491539	-0.0811951357	-0.0071317945	-0.0576247736	-0.0344329634	0.020939683	0.0098166606	-0.0208159969	0.1226410573	-0.0638556883	-0.0430018252	-0.0117060002	0.1018459098	0.0502098238	-0.0146313531	-0.0203631334	-0.0252946045	-0.0625714801	-0.0902287064	0.0071224816	0.0976683989	0.0362704187	0.05740243	-0.0447450582	-0.030186244	0.0562330569	-0.0506213205	0.0174644401	0.0150735978	-0.0156546776	-0.0129471821	0.0785012109	0.1199126476	0.011366562	-0.092600535	0.0313823038	-0.1066434438	-0.0111347655	0.0251109746	-0.0053619756	0.0226080538	0.0847998064	0.0015172885	0.0183694783	0.0063080336	0.0535244088	0.0265592326	0.02757223	-0.0749209615	0.0633498877	-0.0322983465	-0.0496421919	-0.0215058164	-0.0614188607	-0.0090037942	0.0735092774	-0.0897054572	0.0469484232	0.0266624798	0.0	0.0112924319124942	-0.0063677409505515	4.054812481333179e-05	0.0001275190184983	0.0357668864987914	-0.0077160453174513	5.953735534096362e-05	0.0012792701698174	-0.2220881407279051	-0.0576420327188599	0.0493231422519777	0.0033226039359621	0.0014077574439355	0.0007714630917222	5.951553018895757e-07	1.9817810209558127e-06	0.0016792073401961	-0.0003148599742913	9.91368034107809e-08	2.819737291368461e-06	0.0002903177847722	8.295144046179998e-05	6.880941474687547e-09	8.428441615503743e-08
803.5406444675986	1.2663327607012889	645677.5673114036	1.6035986608253476	952.2368547048	3.977179622018525	906755.0274580905	15.817957745799418	789.037345641494	1.5328393401460971	2.3495964426995224	622579.9328169745	794.9294395785773	666.4713220041544	1.089934	33.906696	0.1416827879408976	0.0975184857061149	-0.1070267297	-0.0153333731	0.1195074578	-0.0195425822	-0.0292844468	-0.0262906353	-0.0157127071	0.0861139203	-0.0344281922	0.0752352551	-0.0262200445	-0.0363939734	-0.0137160963	-0.0079318478	0.0704140276	0.0398952167	0.0109950909	-0.0792833962	0.0200376422	-0.05792678	-0.0399742601	-0.0265673491	0.1338750839	-0.1035364665	0.0405397776	0.107248723	0.0313356944	-0.0068418198	0.0382716495	-0.0173920918	-0.0514901199	-0.0241313619	0.0488851907	-0.0350326465	0.0180823266	0.0359163441	0.0424344165	-0.1128783166	0.0021771611	0.0678567558	0.0183257956	-0.009824464	-0.0980141098	0.0623754127	-0.0873921092	-0.1097969924	-0.0395254243	-0.0031758678	0.1672280021	0.0724361159	0.1387345357	0.0312652457	-0.0494373605	0.0091526754	-0.1033081405	0.0259549859	-0.0031806499	-0.0314770924	0.1016380976	-0.0337371664	0.0610854487	-0.0154526635	0.0287431302	-0.0560514934	0.1252035575	0.0024268418	0.0021914318	-0.1162156686	0.0669434576	-0.0158850621	-0.0896189319	0.0603617209	0.128616497	0.0052799834	-0.1190092566	-0.0423214081	0.0893827569	0.0390149344	-0.1442409998	0.1125817762	-0.0554240795	-0.0851451123	0.0648436294	-0.1103703475	-0.0905926406	-0.0944440275	0.0385993633	-0.0868440444	0.0371974078	0.0710665285	-0.0577783053	0.1085151674	-0.045023095	-0.0750025947	-0.0107454044	-0.004107369	-0.0146014984	0.1126781937	-0.0347468214	-0.060099301	-0.0073251281	0.0166384338	-0.0500905385	-0.1053517234	-0.0218491811	-0.0502443392	-0.0333539357	0.0837070323	-0.0403433303	0.0939930301	-0.0188589492	0.0664524845	0.0008693944	0.0723928054	-0.0221252316	-0.0282012057	-0.0028449504	0.0984648333	0.0292226887	0.01405359	0.0814773713	-0.0417338601	0.0154259903	0.0464506493	0.1803548517	-0.0907554677	0.1131727238	0.0418345355	0.0768554215	-0.007284017	-0.0263425425	-0.038670104	-0.0103150642	0.0586878346	-0.0104420781	-0.0829221157	-0.0525949725	-0.0810119106	0.0092999116	-0.0369879202	0.0447516784	0.0417204692	-0.0438699852	0.0881086352	-0.0073322885	-0.0077168947	0.020238897	-0.1082042833	-0.0134472728	0.1154894812	-0.0570573616	-0.0247150222	-0.0145312378	0.0866557646	-0.0525249526	-0.1799288769	-0.0732501832	-0.0088927293	0.0250377918	0.0457998496	-0.0587582229	0.0200918247	0.0943015169	-0.0626266496	-0.0223715419	-0.0935204457	0.0510448391	-0.0120130252	0.0106149919	0.0129740088	-0.1518327213	-0.0143131679	-0.1601947264	-0.1150206875	0.0376025148	-0.1668910766	-0.0906252355	-0.0130036519	-0.0342090263	6.4752e-05	-0.0215027366	0.0739756022	0.0555324416	0.0510563782	0.0932113308	-0.037656304	0.0409694971	0.0134399681	-0.1309864506	-0.0084973863	0.0528242303	0.0326018311	-0.0157870712	-0.0034661753	-0.0172901831	0.0403956729	0.0332453402	-0.1502821999	-0.0805447076	-0.0310932287	-0.0399013725	0.0856002369	0.0452334335	0.0334625746	-0.09244917	-0.0623046536	-0.0066077305	0.0713055705	-0.090523277	0.0520034083	0.0196852849	0.0	0.0114810610885172	0.0001886291760229	3.5580966047115614e-08	0.0001318147637182	0.0656727224918967	0.0299058359931053	0.0008943590264465	0.0043129064794976	-0.1304905265982512	0.0915976141296538	0.0170277775318889	0.0083901229142449	0.0014079769046356	2.194607000999011e-07	4.8162998888338736e-14	1.9823989639872453e-06	0.0015440174433372	-0.0001351898968589	1.8276308212720036e-08	2.383989865329544e-06	2.59129694888913e-05	-0.0002644048152833	6.990990634500058e-08	6.714819877322114e-10
802.3573959717393	-1.1832484958592886	643777.3908705504	1.400077002953269	953.2058392960504	0.9689845912504323	908601.3720680878	0.9389311380807676	789.2992413253465	0.2618956838525719	0.0685893492206062	622993.2923567677	795.758951844187	646.2627528922379	1.212392	37.716221	0.1257899524007988	0.067285895458372	0.0082635137	0.1235309677	-0.0546957235	0.0163035183	0.1041552313	-0.039169845	-0.0836701978	-0.0004553526	0.1039063229	-0.0509273721	0.0463916398	0.0360889004	0.0477424223	-0.0313521218	-0.0564441994	0.0313757447	0.0790705121	-0.0731922833	-0.0497787727	-0.0075416982	0.0975765389	0.0736171727	-0.0089258923	0.025669263	-0.0863078803	-0.1341663352	0.0085162218	0.1108706381	0.0208907378	0.0041724127	0.0134447258	-0.0968655289	-0.0170547403	-0.0835417865	0.0123684203	0.061371479	-0.095267781	0.0143230542	0.0734125085	-0.1077391112	0.0114320102	0.0298017755	-0.0669634302	0.012582988	-0.1043625364	0.0489386653	0.1024721908	0.0794595893	0.1050288853	-0.087819666	-0.0214212984	-0.0522894638	0.0530809524	0.0618216608	0.0037247869	-0.1173751043	-0.151427159	0.0155968049	0.0669039814	0.0703263502	-0.0549216972	0.0407885498	-0.0598445285	0.0359832607	-0.0212018001	-0.0301630509	0.0170951579	0.033450873	-0.0170011973	0.0598001119	-0.0790659823	-0.1242092705	0.1130450503	-0.1707590177	-0.0539382733	0.1193221432	-0.0035807337	0.0443151418	-0.0410473538	-0.0060322055	0.0091950424	-0.0360796621	0.0048834155	-0.0315552118	0.0076360305	-0.0034663642	-0.0568550094	0.0312392804	0.0045510083	-0.090521854	-0.0056404596	0.0770095661	-0.0135195743	0.0020745215	0.0224144651	0.0106669568	0.1500532854	-0.0806993813	-0.0059283878	0.0293081274	-0.016088954	0.0491590115	-0.003401642	0.0301864746	0.0365205988	0.1311244872	0.0639884588	-0.0349739846	-0.0853081997	-0.0647892175	-0.0003099199	-0.1178003341	0.0956438894	-0.0283329513	-0.014025144	0.0159493742	-0.0020036829	-0.0114183879	-0.1013112762	-0.0428540511	0.0493209759	-0.0401731714	0.0939188465	-0.0427640204	0.0228263615	0.0114178782	0.034855525	0.0539584806	0.0260301394	0.0198841765	-0.0576039128	0.0151363165	0.0772899577	0.0494523008	0.1172373891	0.0404063022	0.0093363497	-0.029421521	0.0192165153	-0.0592489702	0.0594139013	-0.1302268836	0.069208417	-0.1192932805	-0.1002780305	0.0236367111	0.0111565333	0.1643319127	-0.0951329472	0.0973842881	0.0570612059	-0.0312914321	0.0143918443	0.0776398445	-0.0215359804	-0.0736702343	0.0876996843	0.0354409208	-0.0663589062	0.1015459119	0.0188456339	0.046291309	0.0642669704	-0.0411671087	-0.0314791748	0.0070387759	0.026142365	-0.1422939531	0.0067271764	-0.0643684639	0.0843258593	-0.1791130654	0.0611891955	-0.0333071617	-0.0382872395	0.0522514211	-0.0365288476	0.013645003	-0.0386046845	-0.1143768686	-0.0340055432	0.0437303169	-0.1271040801	0.0492077382	0.0564393455	-0.0429177701	0.1098095401	0.1606221239	-0.0412540701	0.0613297818	0.0002975885	0.0069701102	-0.0649354465	-0.0269743825	-0.0202383751	-0.057674632	0.0093358707	0.0586516249	-0.0489080349	0.1203249417	-0.0293833126	-0.0042007494	0.0382851357	-0.1112619302	-0.0500485089	-0.0631796814	-0.0042071001	0.0689909938	-0.0910908987	0.0568338402	0.0125857064	0.0	0.0115956260827374	0.0001145649942202	1.3125137900674516e-08	0.0001344585442506	0.0201677729428269	-0.0455049495490698	0.0020707004334633	0.0004067390654734	-0.1774218982845496	-0.0469313716862984	0.031478529990893	0.0022025536483574	0.0011223561248323	-0.0002856207798032	8.157922985544515e-08	1.2596832709485774e-06	0.001787093394221	0.0002430759508838	5.9085917898063566e-08	3.1937027996683345e-06	0.000161997562226	0.0001360845927371	1.851901638042474e-08	2.6243210167166746e-08
800.9956305475987	-1.3617654241405717	641594.0001563452	1.854405070384751	942.9136257550574	-10.292213540992975	889086.1056345485	105.92965957339916	788.6910980948178	-0.6081432305287535	0.3698381888379486	622033.6482140095	794.0209821670142	636.2900525460283	1.121082	34.875664	0.0502674397796023	0.0287322688998239	0.1527402597	0.0442799575	0.0257521712	0.002891424	-0.0251266349	0.0571769665	0.0464953065	0.0717214473	-0.0019690651	-0.0961343354	-0.1369190237	0.0289206294	-0.1031245639	0.0245140562	0.1008438545	0.0153297954	-0.0994820746	0.0094200497	0.0101135932	0.0473133073	0.0073008455	0.0262031322	-0.0211602018	-0.0686002316	-0.0086985324	-0.0271851092	0.0385172265	-0.0046370384	0.00888418	-0.1846527135	0.0233443739	-0.0927171259	0.0100423321	0.1029286317	0.0385298273	0.1037262959	0.0349779811	0.0848879027	-0.0787594074	-0.0505741045	0.1094386941	0.0094145185	0.0400890784	-0.0897861913	-0.0057021132	0.0029087533	0.1287613383	0.0020346057	0.0344221513	0.0176224483	0.0188926633	0.0462346863	0.0346005803	-0.0126236848	-0.0373314693	-0.0570779805	-0.0849485285	0.0359273157	-0.0454544121	0.0664218115	-0.0234271741	-0.1115093861	-0.0505295328	-0.0811730828	0.0053939758	0.0738189173	0.0227567244	-0.0183392673	0.0089300464	0.0105701613	0.0455060344	-0.0189174891	-0.0019933825	0.0976825794	0.0552098425	-0.075086364	0.029596737	0.0770173719	-0.1211282559	0.0282586049	-0.078702925	-0.0178549159	-0.0158077431	0.0576127745	0.0714393893	0.0097174913	-0.0665356356	0.0483241841	0.0442194414	0.065211943	-0.0796351498	0.0539752779	-0.0055288027	0.0762542437	0.0626977772	-0.0538594786	0.1353642488	-0.112324023	-0.0161141252	0.0455284518	-0.0045697386	0.0208970104	-0.0206809422	-0.0630744793	0.0017602336	-0.0084770186	0.1276790993	-0.0217400485	0.0437030936	0.1415245325	-0.0926833863	-0.0488692332	-0.0283443	-0.0674143215	0.0080634859	-0.1414079236	-0.0375202529	0.0237564038	-0.1380447677	0.0185025368	-0.0091583172	-0.0395738163	-0.1262852405	-0.1127986173	0.0508485008	0.0723456927	0.049440814	-0.0779056969	-0.0950869746	-0.0528593132	-0.1138172895	0.000589131	-0.0533247757	0.0863088472	0.0236651259	-0.0014952332	0.0160559326	-0.0264904972	0.000113569	0.002404065	-0.083924821	-0.0198511197	-0.01452217	-0.0058295593	0.0911724759	0.011078307	0.0211447383	-0.1136543852	-0.0416707213	0.0191977359	0.0818633319	-0.0452023373	-0.0545647914	-0.0253705858	-0.0230595423	-0.0316634717	0.0489355902	-0.074749948	0.0244143332	-0.1000396185	0.0474743528	-0.0131274552	0.0173936843	0.0435803003	-0.0233616246	-0.1151088094	0.0131831886	-0.0290569107	0.0903336901	0.0350688776	0.0911370252	-0.0509745504	-0.1519221679	0.0341782458	-0.0913061265	0.0945829896	0.0149728394	-0.1226109826	-0.0807509795	-0.0788718712	-0.0165105989	-0.0817088901	-0.0566486488	0.0937828048	0.0646518898	-0.0863476308	-0.1019105804	0.0722112013	-0.001983054	0.0467175678	0.0532571472	0.0276903132	0.0168110162	0.0671188619	0.1219538756	-0.0186418398	-0.026486344	-0.0571201739	0.0669918706	-0.0357585404	0.0631416064	-0.0090765545	0.0606968208	0.0195494126	-0.0483575202	-0.0640437928	-0.0018035623	0.0665691461	-0.0914067533	0.0614188607	0.0054078825	0.0	0.0116748433266451	7.921724390770081e-05	6.275371732332161e-09	0.0001363019667017	0.0429281459339137	0.0227603729910867	0.0005180345786933	0.0018428257133233	-0.1773094036132221	0.0001124946713275	0.0314386246096764	1.2655051077084976e-08	0.000980974805297	-0.0001413813195353	1.9988677513542607e-08	9.62311568627487e-07	0.0020560132523712	0.0002689198581502	7.231789010752371e-08	4.227190493926e-06	2.5991642445893687e-05	-0.0001360059197801	1.849761021523272e-08	6.755654770351822e-10
802.0387292346015	1.0430986870028391	643266.1231922545	1.088054870827047	955.0513032319528	12.13767747689542	912122.9918050516	147.32321453313435	788.9609492473522	0.2698511525344429	0.0728196445241671	622459.3794372831	795.6236774865333	660.0527022195324	1.121804	34.898132	0.0728816056474655	0.0377248777234536	0.0424155267	-0.1116863572	0.0206953037	-0.1094568718	-0.0532166485	0.0086313367	-0.0145210036	-0.0425416123	-0.1211079047	-0.0417019078	-0.0495605977	-0.1338659273	0.0546408757	0.0282429882	0.0594270739	-0.0278002347	0.0972965557	-0.0222849624	0.0381846512	-0.0108868054	0.0839369688	0.0426350829	-0.0647697363	0.0366799068	-0.0554184996	0.0257797662	-0.0065335638	0.0672559512	0.0003440841	-0.0281157235	0.0206567949	-0.0267818987	0.0512744134	-0.0780975854	0.0188036162	-0.0318830875	-0.0292993957	-0.0377150636	0.0193707226	0.0439800991	0.0071099575	0.0140652105	-0.0527591104	-0.1072432381	0.118652071	-0.0619584298	0.1725276508	-0.0414758106	-0.0825916512	-0.027927485	0.0698545142	0.0388355127	-0.1499948761	0.0313229994	0.0822920874	-0.0106127151	0.0577341355	-0.005576159	0.0509603857	-0.0768033957	0.0213364154	0.0721254553	-0.0062678276	0.1081092256	0.1247227022	-0.0459365184	-0.0904348128	-0.045611032	-0.0701479269	-0.0218896203	-0.088932653	0.1354385829	-0.1082306542	0.0033498972	0.00244788	0.1083057755	-0.1025051162	0.0787184807	-0.0522519429	0.0805525854	0.0616978666	0.0368136925	-0.0503416974	-0.0148959812	0.078686248	-0.0200162884	-0.1277909249	-0.0701424097	0.087628732	-0.0247555421	-0.0086997222	-0.0474546522	-0.2130684011	0.0322385804	-0.0222252325	-0.0115300793	0.0383833972	-0.0648086571	0.0752006935	-0.0338043913	-0.086076459	-0.0056298888	-0.0312556428	0.0224311274	-0.1132582961	-0.1032008165	0.0010754957	-0.0023251011	-0.0230238719	-0.0091713344	-0.0050795968	0.1169937846	0.0034237238	-0.0420009949	-0.0315329304	0.1063244906	-0.0043966616	0.0157487428	-0.1120304798	-0.0791936806	0.029612535	0.0831391371	0.0957073426	0.0831391018	-0.0902042918	-0.1065830518	0.0983939955	-0.132187409	0.09927058	-0.0814176127	0.0312389687	-0.059865132	-0.0040283752	0.0501399959	0.0462700112	0.015584486	-0.0274610064	0.0346161972	0.0476015907	0.103259611	0.0138852036	0.0110289494	-0.0004036111	0.0102082225	-0.0888258366	0.0395759525	0.1117656642	0.0374035805	0.042458898	-0.0575938478	-0.0646124201	0.0480867013	0.0232650731	-0.0363293846	-0.2277349561	-0.0076333528	-0.0781800282	0.1176222416	-0.1415802025	-0.044588687	0.0464765531	-0.0286458961	-0.0308885437	0.0014453407	0.0768280145	-0.1175316913	0.008879033	-0.0144241952	-0.0097432999	-0.073768169	0.0394548059	0.0502190154	0.0045433305	0.018643837	-0.0118182277	0.0782513887	-0.1075279291	-0.0051346845	-0.1122947721	0.0364207573	0.0195882674	-0.0572349574	0.0371962631	0.0318943067	0.1159300172	-0.0767665404	0.0454309329	-0.0067351067	-0.141638523	0.0679691259	0.0301652442	0.0248548471	0.0310183543	-0.0322434495	-0.0110819027	-0.0301958263	-0.0188714686	0.0334947669	-0.0801615646	0.0015816802	-0.0704600122	-0.0734511747	0.0096385211	0.042307413	-0.0468269886	-0.0648968387	0.000601222	0.0640437928	-0.0914699679	0.0657386716	-0.0018035623	0.0	0.0250871026908185	0.0134122593641733	0.0001798887012518	0.0006293627214196	0.0430067663116915	7.862037777780356e-05	6.181163801924548e-09	0.0018495819485884	-0.1897463004522563	-0.0124368968390342	0.0360036585353179	0.0001546764029847	0.0014079769046356	0.0004270020993385	1.8233079283957163e-07	1.9823989639872453e-06	0.0015440174433372	-0.000511995809034	2.6213970846838025e-07	2.383989865329544e-06	2.59129694888913e-05	-7.867295700238762e-08	6.189434163499531e-15	6.714819877322114e-10
801.4918782105476	-0.5468510240539217	642389.2308374713	0.2990460425088229	948.576191782162	-6.475111449790802	899796.791615949	41.927068287211945	788.7959311683474	-0.1650180790048807	0.027230966398461	622199.0210277402	795.1705629993844	651.9231425890301	1.061165	33.011711	0.1076701304887288	0.0473358022769275	-0.0512598476	-0.0669093201	-0.1272177706	-0.0388398421	0.0625485836	0.0083020389	0.0332682668	-0.0534758744	-0.055623763	0.0433025298	0.0781366518	0.0347436417	0.0329830473	0.1184012338	-0.0119603985	0.0583859867	0.0859227421	0.0813889248	0.0035018143	0.10034832	-0.0361752064	0.01122163	-0.0257574844	-0.0552203399	-0.0112581107	-0.0305759829	0.0729814508	0.0093653839	-0.0455847286	0.0624038944	-0.0328790661	0.0590223694	0.1004934773	-0.0840044749	0.07679982	-0.0492632865	-0.03881891	-0.0183557689	-0.0671258211	-0.0448032062	-0.049941828	-0.0535260214	-0.0946875901	-0.0880223212	0.0167977953	-0.073768577	0.0177372223	-0.0645123228	-0.1465587547	-0.0995535116	-0.0855659613	-0.0043897885	0.0517494803	0.0116187366	0.0318478199	0.072042004	0.0552433963	0.0607872674	-0.0425747791	-0.1526136895	0.0880943457	-0.0361407835	0.027255917	0.0064874172	0.0903324536	0.0009137149	-0.0776857722	-0.0869216182	0.0219611273	0.0001811204	0.0478436594	0.0072358177	0.0035104928	-0.1499083202	-0.0285042954	-0.0422454094	0.0354841904	-0.0578604573	0.0974711871	0.084736938	-0.0829331734	0.0794960923	0.1001448785	0.1470464849	0.1010069229	-0.0083548989	0.0674965658	0.0752293032	-0.0058979466	0.0357861724	-0.0117920926	0.0532991895	0.019993789	0.0364385712	0.0315614524	-0.0144096194	-0.1028974596	-0.0709823693	-0.0061370839	-0.1308519428	-0.0269129337	-0.0814640264	-0.01990188	0.050083506	-0.0350160759	-0.0672629413	-0.1058189721	-0.0301052094	-0.1199869323	-0.0559314808	-0.0212370745	0.0057743996	0.0143867288	0.0319073541	-0.0235736771	0.0788551135	0.0782457681	-0.0449491792	-0.0934834091	-0.092739143	-0.1014936437	0.099463517	0.1066111431	-0.103361471	-0.031223265	0.0575695797	0.0614877488	0.0119521433	-0.0357455322	-0.0737238406	0.1300384715	0.0761982819	-0.0317733841	-0.0670678834	-0.1399103154	-0.0574889055	-0.039126637	0.0599725768	0.0930328492	0.0373511231	0.0493915513	0.1609561325	0.0745179852	0.0061769578	-0.0136261743	-0.047883201	0.1098441155	0.0242678006	0.0237474242	0.0102281068	0.0919770332	0.0518098028	0.0299869512	-0.0329594138	0.0361310726	0.0585039325	-0.0737057312	-0.1329453266	-0.0264096442	-0.0432873963	-0.1224999396	-0.0219924635	0.0157941836	0.0426547603	-0.0539599582	0.0185329084	-0.0489810671	0.0596195799	-0.0128572862	-0.0088533366	0.0432487274	-0.1023126587	0.0026869234	-0.0703104457	0.019782947	0.0252647746	-0.0086397857	-0.0557964316	-0.0416106201	0.0396000274	-0.049625892	0.0423369015	0.0839648587	0.0061524201	0.1568825192	-0.0415034018	0.0448221226	0.0841832009	0.0179731925	0.1078039499	0.000242566	0.0232746351	-0.0137854377	-0.0658513454	-0.0220878221	-0.0451239726	0.0329373228	0.183668785	-0.0540601754	-0.0261118413	0.0223429281	-0.0092659971	0.0433352142	-0.0295315646	-0.0045029917	-0.0657386716	0.0030055908	0.0614188607	-0.0912803678	0.0697746196	-0.0090037942	0.0	0.046130871215837	0.0210437685250185	0.0004428401937345	0.0021280572791321	0.0217186185865188	-0.0212881477251727	0.0004531852335687	0.0004716983933066	-0.1775372894633591	0.0122090109888972	0.0315194891499965	0.000149059949327	0.0007918214921872	-0.0006161554124483	3.796474922894578e-07	6.26981275489564e-07	0.0018190794445362	0.000275062001199	7.565910450359871e-08	3.30905002553413e-06	0.0001972796208343	0.0001713666513454	2.9366529193338863e-08	3.8919248796525185e-08
801.7188320873206	0.2269538767729955	642753.0857234574	0.051508062182292	949.7933485018496	1.217156719687523	902107.404858356	1.4814704802804914	790.0909962035622	1.2950650352148614	1.6771934454360702	624243.7822819373	796.0539922639455	648.0642497414037	1.028526	31.996361	0.0513018384958243	0.0248460696773581	-0.0639161588	0.0037749125	-0.0302004288	0.1260745835	-0.0758410916	0.0305728383	-0.0541975931	-0.0227999832	0.0572324609	0.0112446037	0.1088391871	-0.0755711097	-0.051653632	-0.0142776781	-0.0059658816	0.0220950593	0.0549836178	0.1117370569	0.0499670355	0.0915368344	-0.0868288556	0.0652525395	0.0146211225	0.0331092021	0.0497558734	-0.0811447719	0.0006763396	0.1253436908	0.0100977047	-0.0541961396	-0.0745300823	0.0292081035	-0.0521274633	0.0274451929	0.0160318436	-0.0498361693	-0.0454821492	0.0872145423	0.1465802124	-0.0616335801	-0.0676358525	-0.0979356593	0.0292663973	0.0113464759	0.028913686	0.0642579163	0.0480991058	0.0492355977	-0.0811556661	-0.0161715013	-0.0026610667	-0.0284339676	0.0607346419	-0.042863704	-0.0145135741	0.0258496835	0.0441456182	-0.1573072823	-0.0156869446	0.0792616929	-0.069147034	-0.0391352543	0.1245958946	-0.0830755549	0.0451266149	0.0748422519	-0.0655803428	-0.0210078071	-0.0991439323	0.0108421719	0.0199609322	0.0046400595	-0.0539477001	0.016098165	-0.0564324749	0.0035506053	0.1407159493	-0.00379754	0.0424611279	-0.0873299785	-0.018018867	0.0427206294	0.0759437318	-0.0041636158	-0.0692164301	0.0043064536	-0.0162657534	-0.029597532	-0.0545480869	0.0453935902	0.0591762892	-0.0435658642	-0.0133644272	-0.1471613702	-0.0055267713	0.095036259	-0.0503771329	-0.0634706269	-0.0517047463	-0.0913572136	0.0817424833	0.0421761899	0.0643886445	0.0099961238	0.0027445526	0.0888538293	-0.0618374354	-0.0330430937	0.0332408181	-0.0072712227	0.0426671848	-0.042261935	-0.0215639166	0.0566840631	0.0447479958	0.0294666613	-0.027792197	-0.0534214088	-0.0511618701	0.0002192522	-0.0689442433	-0.0917236076	0.0654082986	-0.0414091654	-0.0553998881	-0.0078337142	0.025671471	0.0789976351	-0.1854730769	0.0404062132	0.0060996109	-0.0461070826	0.0379187178	-0.1016429738	0.0579332466	0.0523891446	-0.0706607805	-0.0443967447	-0.1049098079	0.0066679983	-0.0369586065	0.0811675181	0.0045925753	0.0193751321	-0.1122983286	0.0826216181	-0.0872309618	-0.0350623247	0.0372006388	-0.0743542851	-0.0371670861	-0.069457826	0.118553184	0.0384847629	-0.0171172618	-0.0555233876	-0.0585741445	-0.0689327145	-0.0561127085	-0.0754185971	-0.0017122516	-0.0495774922	0.0438327444	0.0096173203	0.0585946932	-0.0324908458	0.0333988336	0.1221492467	0.0328334096	-0.0175668815	-0.0153387793	-0.0296571684	0.0899650394	-0.031206127	0.0451567595	-0.1062890849	-0.0001860274	0.0933508491	0.0625255398	0.0125761129	0.1016624056	0.0832836826	-0.0114636889	0.0233198311	0.1178428467	-0.0920254219	-0.0752759008	0.0319323128	-0.0302133982	0.0587799588	-0.0149200903	0.0088019185	-0.0104655473	-0.001138111	0.0017518314	-0.0910201079	0.0417963984	0.0193856297	-0.0390639913	0.004750362	0.0312568721	0.0534674346	0.0218955174	-0.0412392709	0.0340941237	-0.0665691461	0.0054078825	0.0586984312	-0.0908384769	0.0735092774	-0.0161480496	0.0	0.0427611778124088	-0.0033696934034282	1.135483363310753e-05	0.0018285183279044	0.0286348387135433	0.0069162201270244	4.7834100845458784e-05	0.0008199539881506	-0.1959675419629007	-0.0184302524995416	0.0384032775029812	0.0003396742071968	0.0006648101888087	-0.0001270113033785	1.6131871185905382e-08	4.419725871438593e-07	0.0015440845206822	-0.000274994923854	7.562220814546727e-08	2.38419700701038e-06	0.0002469868429184	4.970722208409999e-05	2.470807927318037e-09	6.100250057479839e-08
802.9786901257237	1.259858038403081	644774.776796023	1.5872422769288592	952.5253898165872	2.732041314737671	907304.6182452416	7.464049745433543	789.6388984371595	-0.4520977664027441	0.2043923903863502	623529.5899250506	795.9663157086688	656.1067513864787	1.01262	31.501524	0.0304877330382796	0.0225641624488815	0.0035283283	0.016121669	0.0203344866	0.0383844968	0.0117287383	0.0125483141	-0.1590472752	-0.0037979733	0.0743634353	-0.0461223756	-0.0384642328	-0.0729737444	0.0817947963	0.0697831573	-0.0474293187	0.0007930727	0.1024075405	0.0282307488	-0.1313776157	0.0020500796	-0.0722332899	0.1736074352	0.0083500119	-0.0062818704	0.0352156816	-0.0141598239	-0.0544788539	0.0311689959	0.0306679883	0.0067960028	0.0080558579	0.0235164521	-0.0184397059	-0.0070344511	0.0344876404	-0.0680461444	-0.0446226304	0.0296487795	0.0320449009	-0.0137379648	-0.0941409684	0.0366753479	0.0786365986	-0.0007525552	0.0009345212	-0.0201047154	0.0350665668	0.0410996804	-0.0546143828	-0.005715489	0.0836654828	0.0356367668	-0.1446815234	0.074904629	0.1362919515	-0.0288354977	-0.0928594287	0.0832029854	0.0434438768	0.0306233996	0.0137002198	-0.0797771146	-0.031950042	0.0331364328	-0.0427563863	-0.185227044	-0.0465031389	-0.1240791781	0.0707180828	0.0413161093	-0.0524560598	-0.0622189154	-0.0109792523	0.0187908419	-0.0016303585	-0.0415548663	0.0037135535	0.1675592352	0.035372587	-0.056819865	0.0961102703	0.0245758339	-0.0207253822	-0.0331296514	0.0245322651	0.0490395249	0.0107617721	0.066536358	-0.0470606181	-0.0045490309	0.0565997648	0.0154589271	0.1403801587	-0.0644692815	0.0434583724	0.1347084947	0.0344542874	0.1076252514	-0.0051639591	-0.038690065	0.1408460805	-0.011084854	0.0111904699	0.0345888037	0.0511366468	0.0804210395	0.0253470349	-0.0092274854	-0.0138366928	-0.0906819512	-0.0615794659	-0.0706891626	-0.1193423593	-0.0718005256	0.0086150485	0.0710385172	-0.0344613339	-0.0171277452	-0.0352166038	0.0400189844	-0.0285767275	0.0108842797	0.0236156705	0.0455282536	0.0388871109	0.0003609305	-0.0092669924	0.0631461244	0.1041557982	-0.0204968534	0.1257424845	-0.112503612	0.071887586	0.114817304	0.0350591948	0.0224888005	-0.046669021	0.0555224508	0.0484193743	0.1030860146	0.0970778963	-0.0043593653	-0.0687579544	-0.0713086617	-0.0743084314	0.0609836594	-0.0897703902	0.0263058168	0.0911215506	0.1259334206	-0.0750083071	0.0222497634	-0.0599774315	-0.0438118122	-0.0617049135	0.1238278245	0.0456279848	-0.0710637786	0.057114316	0.0873814662	-0.0203343286	0.0532265769	0.0689277306	0.0016327275	0.0347143685	0.1954551146	0.0199639247	-0.0446946399	0.1121272233	0.031662386	-0.090203614	-0.0378366858	-0.0299202662	0.0057554411	-0.0801476638	-0.0257722997	0.0081103573	0.0405885445	0.0175625472	-0.0661541012	0.0422346944	0.0321354993	-0.0964042071	0.0604966335	0.118743078	-0.0896198573	0.0622661898	0.0298055663	-0.0945203685	0.1002488059	-0.0360015185	0.0493105234	-0.0113363697	0.0075925038	0.0521956712	-0.0365385392	0.0700662522	0.0091665046	-0.071277942	-0.1266181268	0.1017428968	-0.0877913543	-0.0604437228	-0.1062556303	0.0264674351	-0.0673881186	0.0078064368	0.055886734	-0.0901455167	0.0769265184	-0.0231919124	0.0	0.0360119667781901	-0.0067492110342186	4.555184958441939e-05	0.0012968617512334	0.0288182784579902	0.0001834397444469	3.365013984274416e-08	0.0008304931732822	-0.1958730299808166	9.451198208410004e-05	0.0383662438738658	8.93251475746525e-09	0.0010867752001474	0.0004219650113387	1.780544707940693e-07	1.1810803356554215e-06	0.0015446563844014	5.71863719199886e-07	3.270281133371261e-13	2.3859633458720056e-06	0.0002936613734111	4.667453049270003e-05	2.1785117967139852e-09	8.623700223369353e-08
802.0255567438946	-0.9531333818290476	643244.9936703541	0.9084632435568772	950.5464209752369	-1.9789688413503652	903538.4984288322	3.916317675035608	790.2617470330274	0.6228485958679357	0.3879403733746591	624513.6288236926	795.8040729688215	644.1623220470143	1.022082	31.795891	0.0592015225516743	0.031909939615012	0.1176768559	-0.0024437026	-0.0451105905	-0.0031170414	0.0580922987	0.0541580121	-0.0148124158	0.0227397544	0.0092709815	-0.1232090277	-0.044325471	0.0250579291	-0.0167187873	0.027123545	0.0153956111	-0.0067328208	0.059354198	-0.0748454039	-0.0660112267	0.1136819321	0.0365102389	0.0388915486	-0.0595659901	-0.0906835039	-0.0098006622	-0.080887278	-0.0178890067	0.0194561976	0.0718116683	-0.1157753798	0.0619799728	-0.0496459864	-0.012734762	0.0363181713	0.0488005915	0.0757059983	-0.1234334132	0.0552003705	0.024962803	-0.0392775702	0.1182986059	0.0879476241	-0.0681176475	0.0149763097	-0.0263305857	-0.00914917	-0.0230079776	0.0518266788	0.074759311	0.0653487668	0.1227692178	-0.0988808179	-0.0705135329	0.0473873298	-0.1106152537	0.0163116285	0.0308094977	-0.0100622349	-0.0295248271	0.0382418435	-0.042420584	-0.0900582713	0.0837781491	-0.0760478592	-0.0605453844	0.07898512	-0.045920775	0.0433194357	0.0042247973	0.1931212302	0.0271965814	-0.0233254032	-0.0271797243	-0.0092101537	-0.0146519397	0.0183068927	0.0186729507	-0.0329558306	0.0498952309	-0.0080654636	0.001259766	-0.0166982672	-0.1147560973	-0.1087865535	-0.0416960763	-0.0645540409	-0.0564469683	-0.083251057	0.0206127263	0.1082837916	0.0150693726	-0.0805448646	-0.0988270758	0.0366421743	-0.0414266099	0.0372847719	-0.0183386426	-0.2316722927	0.045745034	0.0401485235	0.0104961372	-0.0421768416	-0.0891464224	-0.1070040893	0.0044884236	0.001377377	0.1131415011	-0.0595334762	0.001828794	0.037291613	-0.0666744396	-0.068428395	-0.0406402198	-0.048366046	0.0086747871	-0.1593674447	0.0195584808	-0.040755245	-0.0336420857	-0.0021069124	0.1324386803	-0.0065081584	-0.025562236	-0.0340281296	-0.0191561371	-0.0504311559	0.1606237203	0.0405239354	-0.046690852	0.0858609413	0.0151784458	-0.0746931848	-0.0689033828	0.0283797105	0.043861318	-0.0652735561	0.0001595278	-0.0089315358	-0.0540969215	-0.055860586	0.0216535593	0.083038884	0.0371781148	-0.0125857343	0.0739634692	0.0880758447	-0.0071993137	0.0139352995	-0.0439082478	0.0962892939	-0.0047127111	0.0291456965	0.0825269528	0.0373406138	0.0468117143	-0.0314251387	0.057053558	0.0853348769	0.0219340175	0.0013951964	0.007864279	-0.0769046817	-0.1856453981	-0.0047146689	0.08120295	-0.0655041162	0.1457139398	0.1192489597	0.1105604649	0.0143642532	0.1209064412	0.0873120676	0.0828926385	0.0780318882	0.0381571946	-0.0742057849	0.0048629632	-0.0148159393	-0.0769638087	0.0007395703	-0.0758927707	-0.08276105	-0.0492298153	0.0547422593	0.1171143522	-0.1038773978	0.0149884459	0.0837834635	0.019319018	0.1013047915	-0.0070761189	0.0423893647	-0.0477235508	0.0214559637	0.0659138116	0.0540036784	-0.0654505918	-0.0413225324	0.0072427158	0.063578191	-0.0283094497	0.0287861134	-0.0494222445	-0.047021294	-0.052148616	-0.0681954477	0.010199596	0.052988141	-0.0892034024	0.080011587	-0.0300915909	0.0	0.0343921729800484	-0.0016197937981416	2.623731948498314e-06	0.0011828215622895	0.0546187217561993	0.0258004432982091	0.0006656628743841	0.0029832047662811	-0.2104391213809151	-0.0145660914000985	0.0442846238075715	0.000212171018676	0.0013158654765438	0.0002290902763963	5.2482354739378885e-08	1.7315019523598416e-06	0.0015441200675059	-5.36316895500058e-07	2.8763581239882015e-13	2.3843067828744247e-06	0.0001789840855985	-0.0001146772878126	1.31508803400539e-08	3.2035302897531184e-08
800.560501883747	-1.4650548601476885	640897.1171763568	2.146385743242363	952.996155088311	2.4497341130741006	908201.671613104	6.001197224758951	790.7137359448889	0.4519889118614628	0.2042939764457092	625228.2122119234	797.1258819149355	659.477134038867	1.125014	34.997997	0.0407465982756593	0.0183777089813695	0.0143766367	-0.1068660143	-0.0043919622	0.0462238489	-0.1242974595	0.0941517744	0.0210088733	0.1365265366	-0.1162268206	-0.1425197524	0.0370861864	-0.0205535429	0.0180974593	0.0576343708	-0.0050545794	-0.0362806875	0.0612432939	0.1460488406	-0.0910931931	-0.0542985713	-0.0502503051	-0.0675545964	0.0093650422	-0.0590382278	-0.0391300605	0.039356537	0.0625928776	0.0036703697	-0.0241482593	-0.0643819243	0.0302045295	0.0221130781	0.0208151193	0.1307497701	-0.0049230749	-0.0063375268	-0.0549487136	0.1064231406	0.0516416702	-0.0198803283	-0.1156022776	-0.1317271249	-0.0024918749	0.0143489729	-0.0856496516	-0.0579164632	0.0962004358	-0.0249288468	0.0740941474	0.0722947942	0.0668142749	-0.0722726653	-0.1307501113	0.0488627836	-0.0244645673	0.0618894125	0.0025860815	0.0429334198	-0.0342058689	-0.0877645893	-0.0161022479	-0.0155589648	-0.1223665376	-0.0900250425	-0.0360481455	-0.0376529241	0.025542476	0.0666594306	0.0363921127	-0.0880272734	-0.0068227514	0.0867947159	-0.0271518906	-0.0983290703	-0.0781734785	0.0075594327	0.0509190405	-0.0444720968	0.094896285	0.0275788449	0.0016088173	0.0200704662	-0.0507763582	-0.0547690417	-0.0214050713	-0.0361059526	0.0196498367	0.0384400239	0.1365192834	-0.1386030611	-0.1178274981	0.0063040137	0.0133816525	-0.0445329145	0.0612577561	-0.0889158538	0.0586045145	-0.0003658449	0.0699013412	-0.0139385657	0.0309806052	0.0623423326	-0.0208854035	0.1371514162	-0.0284010914	-0.0809171711	0.011706058	-0.1428775969	0.0296312765	0.0302792305	0.0002635677	-0.0154381719	-0.1148045964	-0.0465265233	0.0024189477	0.0131681987	0.0122963921	-0.0397831558	0.0840676775	0.0711345502	0.0204212214	-0.0548327521	0.1142913203	-0.1096821824	0.05626191	-0.1557343572	-0.0072728941	0.0108910355	0.0538947106	0.011569355	0.0151362805	-0.1111226881	-0.0494139092	0.0875258032	-0.1192525311	0.0244548987	-0.0476028953	-0.0289431424	-0.0072785036	0.0317082112	0.0142621792	-0.0893984977	-0.0628851361	0.0038387714	0.0253590909	0.0953669954	0.0687988912	0.0204086091	-0.0837748963	-0.0967565926	0.1786161828	-0.0003113002	0.1156135421	0.0580300256	0.0270159213	-0.0384755139	0.0275574201	0.0518338933	0.0666157275	0.0359511898	-0.0461698968	0.0596519632	0.055286009	0.1058178996	0.0254317443	-0.1030677869	-0.0274390599	0.0165882435	0.0166500265	-0.0086228945	-0.0793337335	0.0017759485	-0.0795934912	-0.0892882641	-0.1025228142	0.0006761193	-0.0530451954	-0.021156957	0.0480579828	0.0216300987	-0.0578483855	-0.03380868	0.0378716418	0.0203717908	0.2012906684	-0.071876687	-0.0990846739	-0.0421215013	-0.0604851245	0.1848239712	0.0171281128	0.0225993834	-0.000512703	0.0071916407	0.0243811657	-0.0478121594	0.0232079533	0.0433771384	0.0207027394	0.0294100814	0.1000969998	-0.0302822131	0.061691976	-0.004433435	0.0079269188	-0.0689909938	0.0125857064	0.0500071591	-0.088014738	0.0827511615	-0.0368041899	0.0	0.0276455681252372	-0.0067466048548112	4.551667706696206e-05	0.0007642774369671	0.0658669259485833	0.011248204192384	0.0001265220975535	0.0043384519339161	-0.2164482594729122	-0.0060091380919971	0.0468498490288531	3.610974060869057e-05	0.0014969782061609	0.0001811127296171	3.280182082935677e-08	2.240943749720706e-06	0.0015440192194851	-1.008480207999058e-07	1.0170323299258232e-14	2.3839953501393774e-06	2.5344640507058368e-05	-0.0001536394450914	2.3605079088006112e-08	6.423508024320237e-10
800.0550350191825	-0.5054668645644824	640088.0590595453	0.2554967511726488	949.7947073930146	-3.2014476952963378	902109.9861917824	10.249267345718232	789.3596993929173	-1.354036551971603	1.8334149840751484	623088.7350256767	795.6569348189199	647.4015419133152	1.05652	32.867222	0.1057654234829274	0.0616994821645653	-0.0583346734	-0.1363335024	-0.0328541434	-0.0032519344	0.0006073869	-0.0997072276	-0.0894218993	0.0819496234	-0.0292512291	0.0255283592	0.0555424744	-0.101531486	0.0870025397	0.1070924216	-0.0083038984	0.0681568248	-0.0826105342	-0.1095559835	0.0325829062	-0.0644160133	-0.0618467564	-0.0900508976	-0.0547604774	0.0266660644	0.0678053812	-0.1300764304	0.0457255757	-0.0643502388	0.1090600279	-0.0609989739	-0.0883232743	0.0882844032	-0.0150639121	-0.0817677584	0.0879519096	-0.0429769855	0.1332811247	0.0866276507	-0.02826866	0.0374715157	0.0641302668	0.0177306878	-0.1641733353	0.0695793781	0.0307054861	0.0323176023	-0.0771585188	-0.0664607472	-0.027605334	0.1093613834	-0.075306961	0.0825511705	0.1372961183	0.047137242	-0.0241883828	-0.0364941398	-0.0193959934	0.0425403746	-0.0272501539	-0.0311375614	0.0880996568	-0.0553661115	-0.0385782086	-0.0192860961	-0.0675691815	0.0766793537	-0.0136270843	0.0339261256	0.0451570166	0.0215093703	0.0932347247	0.0880574481	-0.0271968478	-0.1138792205	0.0094340763	0.0542478974	0.1144472324	-0.0224752506	0.0795240699	0.0549364954	0.143552668	-0.0586353353	-0.0398556745	0.043450816	-0.0136939825	0.0626991636	-0.1410753675	0.0295721703	-0.0606778571	0.0230865348	0.0114440476	-0.1094372992	-0.0044494123	-0.0364088883	-0.0478474066	-0.1058771839	-0.0143731988	0.0130346954	0.0123663338	-0.1254477416	-0.0478718924	-0.0701865576	-0.0271493997	-0.0530672267	0.0113013538	0.0004763554	-0.1072053332	-0.0118847135	0.0061851523	-0.0234872518	-0.1310837225	0.0744376719	-0.0692851208	0.1411891295	-0.0431685393	-0.0196616995	0.0556650184	0.1270071449	-0.0214317269	-0.0541385404	0.0504423078	-0.0669117419	-0.0239623505	-0.0282298808	-0.0484345962	-0.0182859558	-0.0802932189	0.0153318541	0.0559917124	0.051612104	0.0163912241	0.1169168322	0.0425155037	-0.0180575278	-0.0970863543	0.0122692476	-0.0415514996	-0.0543407718	0.0560880537	-0.0899412233	-0.0955259757	0.1858519224	0.0740839104	0.0495050858	-0.0186515267	-0.0136517739	-0.0708848372	0.1577920366	0.0089131565	-0.0882853087	-0.0216588212	0.0360803847	0.0030473369	-0.133457187	0.0521404925	-0.0796315467	0.1720980222	0.013120597	0.038221007	-0.0275486742	-0.0866576844	-0.0106143287	0.0001716838	0.0062366118	-0.0835172955	0.0332148173	-0.0034715306	0.0780150593	-0.0293305833	0.0278614987	-0.0386543791	0.079626128	-0.0710428697	-0.0145653937	-0.0127912547	0.0395725386	-0.1624083719	0.0172210514	0.0469202187	0.096668447	0.1323013967	0.0716214964	0.0377705064	-0.0436075504	0.154520612	-0.137694101	0.089747715	-0.0472493108	-0.0406771066	0.0417567631	0.0111479129	-0.0255843912	-0.0111109762	-0.0149169034	0.0557440565	-0.0199841358	0.0143596519	-0.054854451	-0.0142965431	-0.1026591286	0.0417693562	0.1555445667	-0.0337005859	-0.0247139452	-0.0425067469	-0.0697746196	0.0149631188	0.0469484232	-0.0865828087	0.0851334125	-0.0432879769	0.0	0.0204515141130343	-0.0071940540122029	5.1754413130492645e-05	0.0004182644295156	0.0338507344736598	-0.0320161914749235	0.0010250365165589	0.0011458722244062	-0.1672314118303433	0.0492168476425689	0.0279663451027698	0.0024222980918718	0.0011509812189409	-0.0003459969872199	1.1971391516531676e-07	1.32475776635468e-06	0.0015440159735506	-3.2459344999173634e-09	1.0536090777753784e-17	2.3839853265794077e-06	2.6111014417201368e-05	7.663739101429999e-07	5.873289701478709e-13	6.817850738952977e-10
800.5257797855437	0.4707447663612356	640841.5241012528	0.2216006350564943	950.875215290398	1.080507897383427	904163.6750535608	1.1674973163079545	789.4884238356161	0.1287244426988536	0.0165699821481304	623291.9713704454	796.1959885927749	640.4971264973902	1.145073	35.621994	0.0252534561930305	0.0133037616771879	0.0685778374	0.0161723824	-0.2016384685	-0.0134888773	0.0075459887	-0.0276742265	0.0041320935	0.0171022458	0.0833426886	-0.0800457229	0.0951985566	0.0586794149	0.0524091691	0.0486686988	-0.0577291348	-0.0729359265	0.0013000356	0.0105819973	-0.0808933629	0.0399702141	0.012076505	0.0211182958	0.0577650638	-0.08227865	0.1120404357	0.0783928131	0.0625572174	-0.0075442321	0.0306995088	-0.0354281163	-0.1183136318	-0.0295326061	-0.0254273256	0.0833566196	0.0794886943	0.0001934305	0.0046821803	-0.0827533725	-0.0655865731	-0.0833954071	0.08762698	0.086757153	0.1207565902	0.0251916637	-0.015163679	-0.1829766022	-0.0249775707	-0.053538344	-0.0746248862	0.1048392803	-0.0022285978	0.0614558656	0.0214796443	0.0530288424	0.0451514916	0.1107609408	-0.0393536685	0.0316809667	-0.0549909799	-0.0493845639	0.0597825661	0.0321968585	0.0616530965	-0.0473989315	-0.004432681	-0.0495354745	0.0366833346	0.0472849629	-0.1598230227	-0.0866030822	-0.03868515	-0.141448077	-0.0066032936	-0.0622316447	0.0107776835	-0.0826219023	-0.0582547774	0.0169124115	0.031288448	0.0039796315	0.0154105538	-0.043794955	-0.0453537408	-0.003240095	-0.0996167006	0.0510384179	0.0948557712	-0.0996089091	-0.0060766348	0.0107316276	0.023929281	-0.0028070604	0.0793049724	0.0528197169	-0.0529404543	-0.0618572756	0.1067178877	0.0177935807	-0.1547266134	0.0345031859	-0.045247299	0.0477215547	0.011648418	0.0591065	0.0912088041	0.0996759239	-0.0376298721	-0.1175764458	-0.0496484521	0.0142222191	0.0020161476	-0.0131642025	-0.0250169428	0.0133184783	-0.1022978484	-0.0814331003	-0.112211713	-0.0071578016	0.0161959106	0.1739647978	0.0186215203	0.1168835429	-0.0279159618	-0.0027031292	-0.0015649443	0.0817871901	-0.0666200953	0.1165856236	0.0977521329	-0.1050704266	0.0842729074	0.0365984853	-0.0441121842	0.058240573	-0.0076958241	-0.0575925044	0.0771861058	-0.0459635481	-0.0030075036	0.0234381716	0.0505895435	0.085676146	0.1081612948	0.0074200765	0.0685862114	0.0097686069	0.0244378532	0.0072413201	-0.0423183559	-0.1323445545	0.0006441194	-0.0219674167	0.0298943512	0.0454260235	-0.0447971596	0.0470393615	-0.1252502175	-0.0314645162	0.0205085229	-0.029156243	0.0923105275	0.1103690057	0.0823491192	-0.0334267387	0.0196518834	0.1117185586	-0.0823685593	0.004944176	-0.0432918107	-0.0600945879	-0.0082909401	-0.0389803969	-0.0195050242	0.0866085399	-0.0479797798	-0.0186722052	0.1503474902	-0.0704677022	-0.0514925737	0.0842007515	0.132245028	0.0740610259	-0.0715109806	0.0647864534	0.1233755899	-0.1165660153	-0.0108135555	0.0672787382	0.0635642978	0.1581332417	-0.0180873617	0.1153130411	0.0063696148	-0.112626234	0.0354445565	-0.0452056647	-0.0229532019	0.0156051439	-0.0921250371	-0.0928519611	0.0520233277	-0.0429259141	-0.0397146691	-0.0660023915	0.0944510753	-0.0705461896	0.0173301903	0.0438166893	-0.0849115724	0.0871480531	-0.0495026423	0.0	0.0251412747635129	0.0046897606504785	2.199385495877745e-05	0.0006320836967344	0.0263516065635798	-0.0074991279100799	5.623691941174081e-05	0.0006944071684817	-0.1647145166422063	0.0025168951881369	0.0271308719926756	6.3347613880671706e-06	0.0011728370359417	2.1855817000800007e-05	4.776767367724585e-10	1.3755467128765127e-06	0.0015441301593162	1.141857656000115e-07	1.3038389065660768e-14	2.3843379489098737e-06	0.0002150944605375	0.0001889834461202	3.571474290750381e-08	4.626562695391814e-08
801.2033180785729	0.6775382930292153	641926.7569001149	0.4590581385209428	953.4165280070526	2.541312716654602	909003.075877023	6.458270323830393	791.0221927701347	1.533768934518548	2.352447144494162	625716.1094548721	796.693002990946	647.9128751464167	1.178272	36.654804	0.1542327317169731	0.0656786709902842	0.1053659854	-0.0027037909	0.0177610671	0.058837439	-0.047456214	0.0133869498	-0.0548309737	-0.0465302772	0.0505375996	-0.0409920618	-0.0584588782	-0.095948528	-0.01882387	-0.0558341566	-0.0771654142	-0.0272908063	-0.0759830263	0.0064900657	0.0215989314	0.0758069019	0.0304374498	0.0030146911	0.1547094981	-0.0740016347	-0.1825085747	-0.0200452353	-0.048258262	-0.022342293	-0.0593098821	-0.1065925421	0.0580618709	0.0100870052	-0.1172482184	-0.0474717132	0.0021448673	0.0240422816	0.0605725191	0.0223888833	-0.1121716987	-0.011406133	-0.1583591439	0.0333324031	-0.0071689028	0.1060227667	0.0887583543	0.0554476281	0.0102925081	-0.1287636743	-0.0159026762	0.0478106347	-0.0214827308	-0.0299369149	0.0201568703	-0.0984697246	-0.0017434528	-0.008321556	-0.0296508808	0.0530036566	-0.0788736252	-0.0024142785	-0.0240822507	0.0127613583	-0.0672504944	-0.0706987634	0.0005767141	-0.1469156714	-0.1308289399	0.0229059484	0.0467105622	0.0509892156	-0.0744041255	-0.0233201545	0.1160377756	-0.0186083977	0.0203589094	-0.023565135	-0.0916656352	0.0109254924	-0.0184797716	0.0307408144	-0.0505635889	0.0117248919	0.0326445598	-0.0509024977	-0.0120501337	0.0943054087	0.0162282995	0.1254071714	0.0362146318	0.081864489	-0.0242232247	-0.0613776824	0.0233999914	-0.0221290641	-0.1179482397	0.0918948235	-0.0315843546	-0.038505618	0.1358852513	-0.0152927602	-0.0630287804	0.0866742615	-0.001083338	-0.106225139	-0.0322792675	0.0329593836	0.0809336759	0.0244964608	0.099998934	-0.0704429842	-0.0583170229	0.0417327554	0.0367497649	0.0162008908	0.1366162146	0.0085758809	0.0505585631	0.1011664682	0.1293334754	-0.0497505431	-0.039936912	0.0199343766	-0.0747297722	-0.1031675896	-0.0658849206	-0.0044386124	-0.0051973397	-0.0017589925	0.0218046981	-0.004841884	-0.0110126836	-0.0856560617	0.0079663719	-0.0559756758	-0.0704629001	-0.0176805031	-0.0610483605	-0.0794002285	0.1309222591	0.0367240079	0.1203810476	-0.0320552268	0.1696460354	-0.018685543	0.0143175494	0.0217530376	-0.023386078	0.013336648	-0.0205500494	0.0313525762	0.1162143613	0.043431687	-0.024038956	-0.0474219496	-0.0213164185	0.0146055761	0.0445750526	-0.0490416584	0.0818011208	-0.0683718178	0.0152807163	-0.0052142755	0.0168292521	-0.1696336654	0.0881534952	0.0079899133	-0.0477518744	0.0105682364	0.1643732127	-0.0019787796	-0.0291849796	-0.0059135581	-0.0568865321	-0.0517563937	0.0074279032	0.0030763771	0.0105500119	0.0778783202	-0.0483252712	0.0198526121	-0.0696926757	-0.0712805954	-0.1055375204	-0.062124269	0.0636260334	-0.1904041273	-0.0563995668	0.0235712347	-0.043937241	-0.0946980867	0.048123903	-0.1640381252	-0.0047971111	0.0493754751	0.0234218772	-0.0077705067	-0.0033547064	0.0659442411	0.060108322	0.1739975157	-0.0685174982	0.1215421462	-0.0963163237	-0.0837931845	-0.1050197142	-0.0713055705	0.0196852849	0.0406168267	-0.0830056482	0.0887863842	-0.0554095495	0.0	0.00242934342387	-0.0227119313396429	0.0005158318251766	5.901709471100414e-06	0.0077776812059511	-0.0185739253576287	0.0003449907031907	6.049232494140496e-05	-0.2082501693704728	-0.0435356527282665	0.0433681330428306	0.0018953530584762	0.0006671906790711	-0.0005056463568706	2.556782382165102e-07	4.451434022393556e-07	0.0020239386789973	0.0004798085196811	2.302162155585685e-07	4.0963277763413365e-06	-0.0001876751087395	-0.000402769569277	1.622233259355801e-07	3.5221946440383155e-08
801.6692214291247	0.4659033505517982	642673.540586779	0.2170659320553917	952.3873378930502	-1.0291901140024038	907041.6413790112	1.059232290760281	790.3638620203675	-0.658330749767174	0.4333993760890094	624675.0343877506	796.6805901853937	654.9899946461094	1.165782	36.266232	0.2806434329675534	0.1303848125762838	0.0010464095	-0.1125809956	-0.0105482106	-0.0056119325	0.0459564313	0.0336002886	-0.0322381918	0.1356160947	-0.1143012876	0.1208363932	0.0518757074	0.0038151306	0.0630154379	0.0061381657	-0.1105763853	0.0406102347	-0.1508091188	-0.056026029	0.1696260599	-0.0873994717	0.0023622678	-0.0379019025	0.2590120925	0.1238782366	0.055841583	0.080042078	-0.0771126222	0.1768659147	-0.0638903535	-0.184819575	0.0473507864	0.0934261616	-0.0365803549	0.0820217462	0.1012088961	-0.1484055011	-0.0321206149	0.0488021588	0.0273585563	0.0272480671	-0.0473348941	-0.0949605064	0.0010355516	0.0561499747	0.007990182	0.1326272766	-0.125513598	0.1101269443	-0.0167399499	-0.0624781555	-0.0295346614	0.0258433015	-0.0338050934	0.0089560308	-0.1048419998	0.0558294704	-0.124607086	-0.0675256812	0.0454900395	-0.0416601615	-0.0407097114	0.1066989546	0.0494602127	0.1358267656	-0.0056982479	0.0154133792	-0.0782333286	0.177124381	0.0701383191	0.0561909988	-0.0497720981	-0.1182683682	-0.0516857884	-0.0579571897	0.1247380321	0.1204243031	-0.1501120473	-0.0538809738	-0.0457781509	-0.0110852308	-0.0176830205	0.0405385061	0.0642193861	-0.0887943367	-0.0559781722	0.0243715488	-0.0406038684	-0.0919384084	-0.1046638662	0.0083416549	-0.0728863236	0.1279519298	0.0174532153	-0.0336065298	-0.0329101262	-0.0644918179	0.0045839561	0.0078344649	0.082505264	0.0215491938	0.0509669928	-0.0426535436	0.1162425187	0.1145020634	0.012160193	-0.0967368193	-0.0572796014	-0.0374283548	-0.0425533836	-0.1679721852	0.1349974701	0.0758877784	-0.0913979279	0.1093356359	0.1242393245	0.0577430445	0.0290076579	-0.0675459526	0.1012830277	-0.0172055307	-0.0480738677	-0.0446450542	-0.1395079356	0.0954625561	-0.0582387234	0.0415761093	0.075224142	0.093762109	0.0200939063	0.0500877269	-0.1785437984	0.1355757459	0.1500321672	0.1103953066	0.0054080014	0.2214220713	0.0475552967	0.0330452812	-0.1093026438	-0.0710081522	0.1313111729	-0.0922568139	0.1276807684	-0.0380786999	0.0832585963	0.0839600317	0.0964531602	-0.0373170153	-0.0898201939	0.0067136836	-0.076764722	-0.0939587473	-0.0083436309	-0.0620823884	0.0377840905	0.0962214676	0.1143424593	0.1143155455	0.0116410526	-0.1302719817	-0.1151084624	0.0775724617	0.0032046487	-0.0502318578	0.0371398047	0.0212766443	0.0347023005	0.0430303193	-0.0183790905	-0.0148993835	0.0340703762	0.0536979332	-0.1015616619	-0.0216555781	0.0062775627	-0.0091459507	0.0453787574	0.028875849	0.0910579193	-0.1002987614	-0.0210705946	-0.0313407337	-0.0255360015	-0.2758400911	0.0534570256	-0.1291560727	-0.0241537305	0.0375200006	0.0113047173	-0.3569432517	-0.1483552592	-0.5447974617	-0.1008643504	0.0347930338	0.0126087811	-0.0974438741	0.0931611782	-0.1777193008	-0.1020038437	0.1375783967	-0.1799399025	-0.0906783131	-0.044580242	-0.0543580016	0.0344136026	-0.0720526312	0.0220267751	0.0373538109	-0.0808703038	0.0900413312	-0.0609719752	0.0	-0.0625753468112861	-0.065004690235156	0.0042256097525685	0.0039156740285527	-0.0794418853035523	-0.0872195665095034	0.0076072527821056	0.0063110131405827	-0.2521422830001967	-0.0438921136297238	0.0635757308765512	0.0019265176388845	0.0002907888908601	-0.000376401788211	1.4167830616843854e-07	8.455817904764713e-08	0.0015438497105049	-0.0004800889684924	2.304854176680967e-07	2.383471928626064e-06	-0.0010217256038995	-0.00083405049516	6.956402284766413e-07	1.0439232096637982e-06
803.2535856727973	1.5843642436725531	645216.3228962058	2.510210056628101	952.5504623817292	0.1631244886789318	907352.383383646	0.0266095988067629	789.4889827286681	-0.874879291699358	0.7654137750443702	623292.8538499472	796.0875847153931	654.7515690663515	1.304391	40.578224	0.2631603969486162	0.1361874689934969	-0.0130260788	0.0305785548	-0.1078416658	-0.0156348661	-0.0035570952	-0.019661492	-0.0811368615	-0.0495025112	0.0371531837	0.0009654128	-0.0480393266	0.0907967718	0.0568702472	-0.017872167	-0.090732422	-0.0040122576	-0.0246000745	0.0983656067	0.036803532	0.0861122705	-0.0284362737	-0.0858226967	-0.0176014913	-0.0563935272	-0.1467603647	-0.0502157501	0.0299083027	0.0583906364	0.1061330364	0.0948118475	0.0075093609	-0.0454272917	-0.114210714	-0.0175994503	-0.0109963526	-0.1025406082	-0.0575527764	-0.0548458164	-0.063152673	0.0243167981	-0.0089794359	-0.0600697584	-0.0050191755	-0.0587005569	0.0263417244	-0.02676635	0.0261353323	0.0264789238	-0.0728947634	0.0043522032	0.1045681795	-0.1149154166	0.0786909154	-0.031412854	0.1924817413	0.0729085806	0.0343464049	0.0276768699	0.0642243356	0.0759890959	-0.0805761115	0.0607752517	-0.0336865537	0.0303059016	0.0236530508	-0.001171855	0.1572501705	-0.0055936998	-0.0084151293	-0.0177573876	0.149104221	0.0567701587	-0.0174556431	-0.0580266395	-0.0271973798	0.0759808078	-0.0959544654	0.0598864116	-0.0536224633	0.0018402267	0.0036348121	-0.0921475059	-0.0718982552	-0.0185421957	0.0358395589	-0.021677451	-0.0206852203	-0.0065900561	-0.0652319603	0.0244419195	-0.0373535159	-0.0538721828	0.0500650658	-0.0638520241	0.0221211777	-0.0542923014	-0.0366312451	0.0483194105	0.0374324596	-0.0468692496	0.025754374	-0.032850803	0.1281705932	-0.0558070028	-0.0473879324	0.0303241395	0.0578649993	-0.0416975648	-0.0237959881	-0.0853811831	0.0860357102	0.1529060059	0.0025890711	-0.0150893724	-0.0067539704	0.0243786282	0.0731242887	-0.0166555345	-0.0064753667	0.0246827449	-0.051612936	0.0224336096	0.0150148303	0.0442189523	0.0069344918	0.0400840978	-0.0390180783	0.082751031	-0.0244219627	-0.0737193208	0.0756921438	-0.1220445707	-0.084212328	-0.0591642842	0.0578860053	-0.02745155	0.1190305086	0.0581883495	0.0420508004	-0.0354426721	-0.0958946696	-0.0838374159	-0.1174730185	0.1014769857	-0.0510209598	-0.0805456291	0.1398893373	0.1071681806	0.0057453405	0.0775964593	-0.0653583738	-0.0945213763	-0.0822037898	-0.0083710027	-0.0170428101	-0.0133618522	0.0402540652	0.0429350571	0.0668157896	0.0472492852	0.0862520789	0.0074172088	-0.0083533768	0.0334977122	-0.0175455127	-0.0101563679	-0.0405508573	0.0233592932	-0.0229986864	0.0665113529	0.0931399407	0.0481917742	-0.0949395239	0.0005761141	0.0857512259	0.070353548	-0.0272701423	0.0180763904	-0.0116471522	-0.0654387392	0.0673859828	-0.0067516259	-0.1027588877	-0.0665211895	0.1299869131	0.0094478467	-0.0141833408	0.0093988794	0.0293183521	-0.1365138206	-0.089897	-0.0404233915	0.054877899	-0.1681003175	-0.2255391177	0.1275027212	-0.2572435622	0.1512989438	-0.0965217043	-0.1790426492	0.0990201593	-0.0781623873	0.201732219	-0.0258496874	0.1068485801	-0.0727872424	0.0243530426	0.0340327152	-0.0785114412	0.0909074754	-0.0661553376	0.0	0.0045390234569993	0.0671143702682854	0.0045043386965085	2.060273394318988e-05	0.0194862295528253	0.0989281148563775	0.0097867719090366	0.0003797131421854	-0.2435621342318086	0.008580148768388	0.0593225132315535	7.361895288767157e-05	0.0010945454649633	0.0008037565741032	6.460246304141127e-07	1.1980297748717263e-06	0.0015439678634954	1.1815299049994928e-07	1.39601291640811e-14	2.3838367635065503e-06	-5.4845069881895823e-05	0.0009668805340176	9.348579670621676e-07	3.007981690350036e-09
803.8818874746821	0.6283018018848452	646226.0890098575	0.3947631542517432	953.8171013838408	1.266639002111674	909767.062892272	1.604374361670457	791.9914712732972	2.502488544629045	6.262448915999598	627250.4905696419	797.9109064272668	643.0490353761287	1.108342	34.479355	0.1392538336081134	0.0924032536499159	0.065704251	0.073933246	0.0160204431	0.0176576969	0.04904147	0.0226262453	-0.0536412555	0.0777562544	-0.0200114951	-0.0313604738	-0.0535564859	0.0400567567	0.0134638272	-0.0369747197	0.0038313272	-0.0110822023	0.0216279002	-0.0259808991	0.1103408306	0.0984326936	-0.0472028537	-0.0597301645	0.0956214558	0.1436336612	0.0595457888	0.1600027762	0.076778611	-0.1430184067	-0.055861448	-0.0797063877	0.1347805426	-0.0116793358	-0.0843505234	0.0357531803	-0.0693496493	0.0932280573	-0.0252779207	0.0248636572	-0.0504558352	-0.0217349217	-0.1852665002	0.1795547373	-0.0251044256	-0.0271453798	0.0379993958	0.0620053621	-0.0590352444	-0.0301071532	0.1099598188	-0.0250733473	0.1172247623	0.1416576857	0.046051403	-0.1503668126	-0.0516545491	-0.002561625	-0.0263784426	-0.0138627777	-0.0209220401	0.1389017292	-0.0402028853	-0.041687879	0.0381371021	-0.0019839342	-0.0977661448	-0.0506790506	-0.0692875934	-0.0181206723	0.0352373085	0.0290767727	0.091593457	0.0015510106	-0.0417326208	0.1682506986	-0.0391081327	-0.0738644938	-0.0089938219	-0.1172682282	-0.0393235137	-0.0107382564	-0.052524182	0.1605298802	-0.0339458069	-0.0062020371	0.0004596102	0.0318900425	0.0475053328	-0.1038782237	-0.0132912956	0.0851291093	0.0963840775	-0.1536745972	0.0175381082	-0.0677058596	0.0105240004	0.0380817931	0.0336247933	0.0654913764	0.0428342115	0.0186285945	-0.0102263133	-0.0298060376	0.0278264167	0.1023129047	-0.0928393411	-0.024319117	0.0950548569	0.0090479026	0.0968801246	-0.0707281287	0.0755312376	-0.0156902076	0.041787634	-0.0810287849	0.1303426038	0.0467087148	0.0166839094	-0.0209313383	0.1586031455	-0.0305229852	0.1440218237	0.0324001198	-0.1436353301	-0.0450754408	0.0345559852	0.1656744167	0.091984392	-0.1371731645	0.0046048071	-0.0358325788	-0.1158013619	-0.0467002408	0.0374098317	-0.0015274076	-0.0623771207	0.00737849	0.0288929003	-0.0787281283	0.0928849538	0.0244843373	-0.0617797129	0.0595465773	0.0345109857	-0.0774076455	0.068461106	0.0398808006	-0.0455159939	-0.0594432423	0.0804659171	0.1163999574	0.0808186736	-0.0916867392	-0.0504580165	0.0645349584	-0.0062648286	0.0837891761	-0.0782232134	-0.0328206432	-0.0238420401	0.0799103802	0.0628852085	-0.0750205459	-0.0287099339	0.1940797989	0.0187475251	0.073432967	-0.0155993095	0.0721508281	0.0592622722	-0.0411001449	0.0692010672	0.0521778414	0.0894604105	-0.0199995459	-0.1106193619	-0.0642682698	-0.0625861831	0.143988933	-0.0008846369	0.0379159082	-0.0778671794	-0.0667367832	-0.0758237991	-0.1093214226	0.0353202079	-0.0494702604	-0.0406325297	0.0945539167	0.0712555232	-0.2414892002	0.0151335206	-0.2241403015	-0.0157710266	-0.0604379996	-0.1047026327	0.1968040136	-0.279254172	0.0296112337	-0.0953684451	-0.0510043471	0.2354888944	0.0003741437	0.216301067	0.1115655366	-0.1353048833	-0.0735092774	0.0266624798	0.0306587036	-0.07593558	0.0913810765	-0.070927412	0.0	-0.0007446375877577	-0.005283661044757	2.791707403588264e-05	5.544851371016063e-07	0.0016712567590388	-0.0178149727937865	0.0003173732556433	2.793099154632873e-06	-0.2315095623436889	0.0120525718881197	0.0535966774565663	0.0001452644891182	-0.000652199301775	-0.0017467447667383	3.051117280127638e-06	4.2536392923579756e-07	0.0015441240804345	1.562169391000016e-07	2.44037320617736e-14	2.38431917577769e-06	-0.0003899966438335	-0.0003351515739516	1.123265775222376e-07	1.5209738220139386e-07
804.0611826965853	0.1792952219032031	646514.3855194316	0.0321467765973188	954.2672456147654	0.4501442309245931	910625.9760531912	0.2026298286346934	790.6680547908427	-1.3234164824544905	1.7514311860322167	625155.9728667351	796.8607850301596	667.2763516539682	1.153474	35.88335	0.1416166417973438	0.0823550134553088	0.0547158993	-0.0371120923	-0.0161162992	-0.1460085097	-0.0316676585	0.0513790042	0.0343269611	-0.0493222082	-0.0723282717	-0.0503985506	-0.0621993618	0.0252197729	0.0493546339	-0.0833601094	0.0135478233	0.0140029802	-0.01789259	0.0552402204	0.0930203671	0.0377863255	0.0719007212	-0.0917265168	-0.0532487504	0.0276725825	-0.0482521473	-0.0331520742	0.0966280098	0.0083128739	0.1501357653	-0.0270109426	0.075438139	-0.0025822493	-0.0109687193	-0.0089563305	-0.061833039	-0.0563799625	-0.0279423106	-0.0537312526	-0.0840042956	0.0202837849	-0.0033966388	-0.0546095499	-0.0924596937	0.0371631697	0.0196452041	0.0372591052	-0.0284133582	0.1164488967	-0.0347242828	0.0104364513	-0.0814244809	-0.0479982878	-0.0213568164	0.1171155199	-0.0618881677	0.0035714271	0.0461336684	0.1112133825	-0.0242532296	-0.0248665486	-0.0232285478	-0.0146088381	0.1204314985	-0.1068994097	-0.0141998495	0.002576923	-0.0929873882	-0.0341291677	0.1085782401	-0.0113963069	0.0893556352	-0.0534785087	0.0472211392	-0.0301826789	0.0990641426	-0.0818850354	0.0033719468	0.0879932573	-0.029248683	0.030656313	0.069388385	0.0572867697	0.0795034084	-0.008887767	0.0835670649	-0.0551932958	0.0040636078	0.0684822275	-0.0206785368	-0.0440399689	-0.0340598506	-0.0296038373	-0.080741131	-0.0128367772	-0.0252173931	0.0163470747	0.0742762991	-0.0107863108	0.0060104978	0.0419287719	-0.0353799509	0.0315095122	0.1283126159	-0.0194210361	0.0181893446	-0.0620152648	0.0454571937	-0.0136681282	0.0645473503	-0.0130014461	0.0200653106	0.0115411395	0.0055874983	-0.0538046785	-0.009614401	0.0139998545	0.0536064259	0.0541029743	-0.0114949449	-0.0950418598	-0.0252151322	0.009732495	0.0079440989	0.0521331619	-0.0421161715	0.0394372832	-0.0143368286	0.1114149788	-0.0193895779	0.0640833767	0.1033354405	0.0599094732	-0.0994246775	0.0428085904	0.0067146448	0.0064058427	0.027011731	-0.0339094071	-0.2109169848	0.0531431318	0.0915148665	0.0556226073	-0.0159240654	-0.0289668482	-0.0402451032	-0.0742011854	-0.0399759886	0.0380758433	0.0307052127	0.0653003599	0.0268267313	-0.0330948118	-0.016705153	-0.0036222065	-0.0183933798	0.0113744536	0.0921218009	-0.0548024023	0.0382434212	-0.0013616514	-0.156600146	-0.0941319972	-0.0242660414	0.0039908897	-0.0386925405	-0.0603589287	-0.0644320922	0.0469416044	-0.0063885109	0.0374059214	0.0340632563	0.0274958033	0.0475930616	-0.0349173643	-0.1250030653	0.0005795895	0.0137714797	-0.0298004185	0.0957890347	-0.0235422292	0.1664183604	-0.077019801	-0.0080589662	-0.0804884552	0.0200862294	0.0025854635	0.0102099838	0.0343587233	-0.0537641809	0.0179367965	0.005188173	0.0346569748	0.1047278879	-0.0738353393	-0.2094760655	0.0777149021	-0.1366069978	-0.0759871939	0.1079347088	-0.0454766609	-0.0084769301	-0.1464716863	-0.019246795	-0.0171980444	0.1628303279	-0.0742186113	0.0289534907	0.0272370221	-0.0731498398	0.0914600897	-0.0752585301	0.0	0.0119413439241071	0.0126859815118648	0.0001609341269193	0.0001425956947138	0.0654090157531754	0.0637377589941366	0.0040625019215946	0.0042783393417991	-0.2439266114242713	-0.0124170490805823	0.0595001917609274	0.0001541831078695	0.0004013026664794	0.0010535019682544	1.1098663971158946e-06	1.6104383012347659e-07	0.0015439221605135	-2.0191992100007316e-07	4.0771654496675786e-14	2.383695637724673e-06	-0.0003918097998733	-1.813156039799982e-06	3.2875348246631547e-12	1.535149192767554e-07
803.3379193077758	-0.7232633888095279	645351.8125977465	0.5231099295922423	958.800811767578	4.533566152812568	919298.9966461664	20.55322206192775	790.7985836864349	0.1305288955921923	0.0170377925845174	625362.3999604713	797.123607438083	654.9708425569402	1.08772	33.837803	0.1491038882240964	0.0916601287455771	-0.0800385986	-0.0582738703	-0.0458638727	-0.0227802068	0.0528934897	-0.0039341728	0.063766535	-0.1094176386	-0.0986579415	0.0741439112	0.0493531767	-0.1107683649	-0.0126987152	-0.0275769663	-0.0522558325	-0.0786833038	0.1312661623	-0.055017461	0.1340015625	0.0606023861	0.0067843123	-0.0489094911	-0.0003331111	0.0833307381	0.0327249243	-0.0044068205	-0.0343699218	-0.0464819588	0.0010292498	0.1883266199	-0.0259972763	0.1581948882	0.0310040928	-0.045168295	-0.0615648735	0.0013108651	0.0444416117	0.0130883097	0.0036576286	-0.0126933079	0.0115726554	0.0033415148	-0.1147173759	0.0269807065	-0.0394033317	-0.017385764	-0.0663333393	-0.0569802547	0.1016153482	-0.0554366022	0.0510351235	0.0851519328	0.0724795536	-0.0377938577	-0.0305875609	0.0147889478	0.0668905107	-0.1098002761	0.0200470237	-0.0045575596	0.0818980356	0.0769416411	0.0310017813	-0.0347329273	0.0158172573	0.0131159378	-0.0186269326	0.0167656654	-0.0457043573	0.0202978608	-0.0590722091	0.0855465834	0.0590458166	-0.1473675169	-0.0335619938	0.0284869503	0.0381022658	0.1352198589	-0.0352692733	-0.0770703679	0.0454947201	0.0053180064	-0.0989824319	0.0062070878	0.0464650935	-0.1164641043	0.008211837	0.0568850047	-0.0288000518	0.0308517234	-0.0853145987	-0.049221231	0.0257752553	-0.0242116479	0.0153109139	0.0756104009	-0.0195825021	-0.0192228089	-0.0291989184	0.0848618872	0.1276210454	-0.0341017472	0.0060911806	0.0505278513	-0.1000010882	-0.0972766061	-0.1270714504	0.0518675396	0.0435343516	-0.0071025249	0.0154479417	0.0267895383	0.0477246549	0.1343445565	-0.0404171759	0.0014407369	0.1003437654	0.0401089395	0.0438350243	-0.033342909	0.0574231312	-0.0046307632	0.0488723656	0.0169950038	-0.0269824304	-0.0185195269	0.0431883264	-0.0255412765	-0.0131497757	-0.0330773072	-0.0680460243	-0.0186900033	-0.0173769656	-0.0074800812	0.0215263665	0.0017576456	0.0064551797	-0.0567194487	-0.0404092515	-0.1412519209	-0.0529408493	-0.0172373906	0.0319133062	0.0995579615	-0.1267206427	-0.0121411297	-0.0285094111	0.1299387516	0.0353897191	0.1208133947	-0.0156415503	0.1414979795	0.0850455335	0.0079156826	-0.0664222737	-0.0374015119	-0.0837231341	-0.092487695	0.0477643756	0.0114862251	0.0643970156	0.0174792541	-0.0682538764	-0.0329409636	-0.0170509413	0.0988706672	0.0295477588	0.0344503425	-0.0191768778	0.0367003721	-0.0878384624	-0.0196254041	-0.0676983409	0.065122047	-0.0569148282	-0.0103246068	-0.0297082729	0.0623423552	-0.0509097306	-0.0571546948	-0.1016402308	0.0354674035	0.1037253071	-0.0992209008	-0.0667419312	-0.0154007804	-0.017048922	0.0350022705	0.0436133498	-0.0027675188	-0.0060656366	0.063472629	0.0683683277	-0.0453330003	-0.143108192	0.1195360454	-0.0384633553	-0.0714668849	0.1316231941	-0.0300769963	0.0713742834	0.0348763122	-0.0925690701	-0.0366060627	-0.0492893492	-0.0749151215	0.0312244919	0.0237729909	-0.07016192	0.0911441736	-0.0791217655	0.0	0.0050931473730884	-0.0068481965510187	4.689779600138442e-05	2.5940150163997267e-05	0.0457812761789711	-0.0196277395742043	0.0003852481607927	0.0020959252485752	-0.1728484739313529	0.0710781374929184	0.0298765949403975	0.0050521016294622	-0.0006276990527178	-0.0010290017191972	1.058844538110793e-06	3.940061007828234e-07	0.0015441220948795	1.9993436600014225e-07	3.997375070787882e-14	2.384313043895056e-06	-0.0003900151613174	1.7946385559000004e-06	3.220727546322839e-12	1.5211182605743753e-07
802.934605437483	-0.4033138702927772	644703.9806090465	0.1626620779705391	952.9998663592812	-5.800945408296798	908208.7452808078	33.6509676300397	790.1951081769403	-0.6034755094946149	0.3641826905597851	624408.3089867664	796.3468067191125	652.6751030158468	1.103224	34.320133	0.0728522336991418	0.0339373154819426	-0.0250993144	0.0820493118	-0.0501092381	-0.0462281532	-0.040222135	-0.0548745974	-0.0727465673	-0.0901364996	0.1126639183	-0.0162426701	-0.0362500214	-0.0194430607	0.1155389729	0.1049032264	0.0756364281	-0.054707735	0.0683581398	0.0108613932	-0.013020956	0.0680651031	0.0398384819	-0.0315720464	0.0571359436	0.1116828736	0.0907824445	0.026550484	-0.1556721966	0.0308077638	-0.0635352539	0.0669824299	-0.0248388632	-0.005701482	-0.0877884001	-0.1563452383	0.0410586797	0.0535026922	-0.0257609002	0.0095772201	0.000874531	0.1329387387	0.0888998416	-0.0019746147	-0.0133009449	-0.078327319	0.1133009531	-0.1030120633	0.0322908226	0.0495569433	-0.0222071214	-0.1596240351	0.0147120004	-0.0540670196	-0.0520181186	0.004101877	-0.0677988123	-0.1940533173	0.0524987754	-0.010981693	-0.1019009512	-0.0421483939	-0.1081662282	0.0596787362	-0.0641056751	-0.0175186716	-0.0173297952	0.069406941	-0.0196904456	0.033535026	-0.0274809852	-0.0088366657	0.0463515827	-0.0370361209	0.0294249378	-0.0371701041	-0.0797018457	-0.1027841199	0.0927563434	-0.1235700788	-0.0316607226	-0.057892341	-0.0661925813	0.0064406095	-0.1004802141	0.1210226771	-0.1373269132	-0.0162901869	0.0530415359	-0.0203140189	-0.04166616	-0.0505414277	0.0216743511	0.0370882851	0.0571418233	-0.0300092012	-0.0362002657	0.0446622322	0.0567447869	0.0336208242	0.0325381017	0.0317234504	0.0176409445	-0.0462928031	-0.0885693628	0.0121609523	-0.0482829937	0.1009263197	0.0005705364	0.0523203996	-0.0007308789	-0.0812408677	-0.0974144241	0.1179275152	-0.0269876168	-0.084226048	-0.0571043002	0.0051997989	0.013906583	-0.0543599363	-0.0741524309	0.0225234087	0.0117334525	0.107680062	0.0345690596	0.0668316418	0.007618099	0.005681164	0.1438193512	-0.1854403863	-0.0557309234	0.0862482956	0.0540962881	0.1193226474	-0.0462932022	-0.107717205	0.0255495397	0.0854249618	-0.0817232743	0.0323695185	0.0018422504	0.0163307493	-0.0764188617	-0.0491156266	0.0553992435	0.0060775613	0.1207352427	-0.0585900182	-0.015207938	0.0262369859	-0.12244006	0.0121068472	0.1163472907	-0.0732771146	0.0630590082	0.0437228638	0.0514021949	-0.1144315206	-0.012185943	-0.0888834334	-0.0002794349	-0.0811601432	0.041409284	-0.0006374277	-0.0195520217	-0.0049036836	-0.0765007875	0.1134283964	0.0838043508	0.010088685	-0.0732495345	-0.0254339703	-0.0385347092	-0.0858149805	0.0572075915	-0.0473712312	-0.0133382482	0.0040864865	0.0107708478	0.0154639977	-0.0138418368	-0.0731300585	0.0032917034	0.056408903	-0.0785645418	-0.042929826	-0.1664323659	0.0317552305	0.0043728471	0.016477442	-0.0484741179	0.0022496353	-0.0428663394	0.0905097204	0.0645156244	-0.0856817979	-0.1227415598	0.0184253838	-0.0279692491	-0.0404699006	0.0910708989	-0.0891359107	-0.0028427773	-0.0941899484	-0.094336512	-0.0065637494	0.1275095832	-0.0755986879	0.033473914	0.0202719962	-0.0669800789	0.0904346925	-0.0824931004	0.0	0.011525444731248	0.0064322973581596	4.137444930378698e-05	0.000132835876253	0.0261809952567517	-0.0196002809222194	0.0003841710122299	0.000685444512634	-0.1861862936353162	-0.0133378197039633	0.0346653359376561	0.0001778974344554	-0.0004170067241031	0.0002106923286146	4.4391257337084725e-08	1.7389460794719897e-07	0.0014840017535358	-6.012034134370015e-05	3.614455443283021e-09	2.202261204497329e-06	8.808883020189969e-06	0.0003988240443375	1.5906061834179194e-07	7.759642006339114e-11
804.7364738510337	1.8018684135506648	647600.7923461954	3.246729779751589	954.0852677301066	1.085401370825366	910278.6980996293	1.1780961357895838	789.9784257109361	-0.2166824660041584	0.0469512910736432	624065.913088729	795.7632535305312	657.1324473774664	1.086982	33.814854	0.0365927562356998	0.0161479527780627	0.0543859647	0.050361562	0.0748240513	-0.0017908861	0.116946254	0.040654129	-0.0285606198	-0.0528295693	0.0379493861	0.0681691472	-0.1486505178	0.0061362824	-0.002285526	-0.0241069696	-0.0353300259	-0.0451905201	0.0686398313	0.0404469848	-0.0564562186	0.0958514984	-0.0855170554	0.0327124218	-0.0293128862	-0.0468616112	0.0985808601	0.1768315836	-0.0610188152	-0.0167248122	-0.0114763091	0.0175240267	0.1341517262	-0.0178002237	0.0462195386	-0.0060279856	-0.0199810469	-0.0071940999	0.0557254432	0.0882004055	-0.0435808788	0.0757967086	-0.0207529117	0.028756286	0.037502269	0.0587097534	-0.0173028599	0.0436623177	-0.0068921453	0.031249501	0.0632025907	-0.1484644506	0.0164204085	0.1208973011	-0.0270633044	-0.0070790336	-0.0767923107	0.1037393398	-0.0823304681	-0.0462622888	-0.0061963729	0.1146522841	-0.0587210694	0.0280845289	-0.0848165548	0.0794012418	0.0280114843	0.0199577887	0.107117577	0.0495964971	-0.0765057848	-0.0769817216	0.0063904538	0.0522244725	0.1386324359	0.1225131977	0.0023171696	-0.0296728489	0.0135909776	0.0838603305	0.0603818779	0.0627325793	0.046511229	-0.0825908452	-0.0178955306	-0.0773353688	-0.0016898877	0.0086159428	-0.0301347833	0.0947562793	-0.0513244214	0.0310295599	-0.0110188985	0.0006666283	-0.1132226343	-0.0087092203	0.0169859289	-0.0446092301	-0.0302817297	-0.1334689786	-0.0269829254	-0.0339571589	-0.0515792296	-0.054802558	-0.0747766539	-0.0463814792	0.0477730033	-0.0343476791	0.1064267866	0.1250734943	-0.0129068098	-0.0548475898	-0.0141878865	-0.0724436194	-0.0526334982	0.027135181	0.0888911996	0.0155649623	0.0649139102	0.0385812258	0.058586251	0.0646403159	-0.0693492107	0.029860056	-0.0285697272	0.0817317734	0.0572610005	0.0651410269	-0.0131663457	-0.0941364054	0.0341287043	-0.0652573382	-0.1383369804	0.0016671585	0.1087481177	-0.0186725159	0.0506734193	-0.1006273808	-0.0201551339	-0.0258593068	-0.0040968073	-0.0063865184	-0.008523802	-0.0845562932	-0.0616904639	-0.0354766909	-0.0498901553	0.0691283335	-0.0344946262	0.034833075	-0.0705988758	-0.1722051353	-0.0283083391	0.073306774	-0.0765219278	0.0729117908	0.1064486485	-0.07194847	-0.0092813424	0.0473063083	0.0841131836	0.078598115	0.0175010606	-0.1362761911	0.0177149593	-0.0099181412	-0.0372416464	-0.0677723568	-0.0216579946	-0.0217003919	0.0697094777	0.0403323801	0.0670277554	0.0233286575	-0.0541678495	0.0423898174	0.0681151451	-0.026388586	0.0108886708	-0.0151893808	0.0544482262	0.0225529189	0.0114783311	-0.1033997973	-0.0115113511	-0.042840051	-0.1639654541	0.0584341013	0.0275552687	0.0595421749	0.0441230506	-0.0390013408	0.0144102592	0.0549177285	0.0665868179	0.0224156879	-0.022206464	0.0324521806	-0.0786710185	-0.0262633871	0.0998243332	-0.0557592154	-0.0008477807	0.0702550894	-0.0811642727	0.0756434687	0.007775623	-0.0762691921	0.0357002023	0.0167394815	-0.063613111	0.0893347099	-0.0853515751	0.0	0.0129957337451713	0.0014702890139232	2.1617497844635487e-06	0.0001688890955753	0.0199174270197346	-0.006263568237017	3.923228705976947e-05	0.0003967038990864	-0.1910086602726011	-0.0048223666372849	0.0364843082991339	2.3255219984398607e-05	-0.0006128866213472	-0.0001958798972441	3.836893414435919e-08	3.756300106263861e-07	0.0016200403316457	0.0001360385781099	1.8506494734163368e-08	2.6245306761587093e-06	-0.0001400032885753	-0.0001488121715954	2.214506241496555e-08	1.9600920811898728e-08
806.1603382586213	1.4238644075876437	649894.4909812547	2.0273898511949118	952.977079631477	-1.1081880986296255	908165.3143029384	1.2280808619443446	790.8270905307147	0.8486648197786053	0.7202319763298526	625407.4871172752	796.6249339716384	661.6536240617324	1.021972	31.792469	0.0797417657096829	0.0364917755896685	0.0037958869	-0.013616889	0.0932781559	-0.0791777188	-0.0070771886	0.0989200629	0.0246387877	-0.0747843426	-0.0617470327	0.0608678797	-0.0595151432	0.0041158917	0.0042916976	-0.0756411776	0.0257677092	0.0980256844	0.0369929311	0.018247122	-0.0655934369	0.0712580484	0.111386229	-0.0159429791	0.0825707887	0.0654410937	0.0561586053	0.1210511702	0.0231309974	-0.0019146736	-0.0542101538	-0.0106913562	0.0842083109	0.0571686179	0.0051624785	-0.0996601385	0.0096029199	0.0742553773	0.0484495601	0.0376625831	-0.0714899728	-0.0564958932	-0.069127228	-0.0170114858	-0.0426056992	-0.0030760109	0.0414568352	-0.026262224	-0.0859439702	0.0614557228	-0.0209407194	0.0189828464	0.0028696848	-0.025155243	0.049953848	-0.1918149011	0.030232373	0.0436168929	0.0545647505	0.0024074452	0.0967609416	-0.0621982698	-0.0180638592	-0.0446468002	-0.0684717682	0.0895271278	0.0508874581	-0.0398011528	-0.1046818461	0.0640140595	-0.0165892375	-0.0597262998	-0.0839892432	0.0219929452	-0.06613067	-0.060999188	0.0356818433	-0.0400497161	0.0093945453	-0.0375510217	0.0484403551	-0.0690156403	0.0293039341	0.1121704751	0.0563505	0.0453481256	0.0278346427	-0.0852679646	0.0473743752	-0.0584433345	0.0255451471	-0.0751016329	0.034859977	0.03971389	0.0367110198	-0.0178968206	0.0186740662	-0.0497765972	-0.0850986788	0.0690768403	-0.1225955708	0.0361083369	-0.0281893488	-0.0265835394	0.0101542483	0.1025111539	0.0901494949	-0.1097780635	0.0187582581	0.0756039022	0.012858951	-0.0506657527	-0.0371747114	0.0772893244	0.0916780154	0.0042659802	0.0429655402	0.0616072497	0.1019776177	-0.0581373445	0.0237000802	0.0100373315	0.0600562825	0.0582712753	0.0120496219	-0.0923057672	-0.0420717575	0.0629704564	0.0394235057	-0.0213514004	-0.0939051344	0.0620548839	0.0530703692	0.0245138985	0.0608320052	-0.0037052648	-0.1729775515	0.0090257624	0.0417925409	0.1003975329	0.0465227986	-0.0292333336	0.0053338102	-0.0171007516	-0.0688083039	-0.0014355383	-0.0123651851	0.0136820694	0.0391732244	-0.1330508085	0.02816644	-0.0539353049	0.0293476275	-0.0290894637	0.1116346962	-0.0647703063	-0.0644777857	0.0492751985	-0.0596924997	0.029533715	-0.1055126043	0.0633521507	0.0363173344	-0.0679489696	-0.0554654498	-0.0764796002	-0.0198433538	0.1366983588	0.0272475592	-0.0618067975	-0.0325876653	0.0336954229	-0.0558127429	-0.0435163863	0.0724156348	0.0233893614	-0.0169926852	-0.0470690833	0.1550627338	-0.0968608961	0.1062429189	0.104011946	-0.0170629391	-0.0771313808	0.0797970605	-0.0497490989	-0.1693956795	0.0782526285	-0.0232445894	-0.0019831812	-0.0517264144	-0.017715168	0.01628634	0.1043283749	0.0469949176	-0.0016091274	-0.1254529967	-0.0019323539	-0.0356791157	-0.0208870817	0.0247097437	0.0153159519	-0.0020711871	-0.0790539334	-0.0453445134	0.0409831725	0.0877927255	-0.0769265184	0.0379018183	0.0131809392	-0.0600703222	0.0878489756	-0.0876794186	0.0	0.0109767528710165	-0.0020189808741548	4.076283770202884e-06	0.0001204891035913	0.0325044697899841	0.0125870427702495	0.0001584336457	0.0010565405563279	-0.2060557103844047	-0.0150470501118036	0.0424589557820216	0.0002264137170671	-0.0008682813610767	-0.0002553947397295	6.522647308149906e-08	7.539125219932068e-07	0.0011236707496236	-0.0004963695820221	2.4638276195679425e-07	1.2626359535596631e-06	-0.0003900128058932	-0.0002500095173179	6.250475874952937e-08	1.521099887606869e-07
806.7024793096751	0.542141051053818	650768.8901243769	0.2939169192377385	955.3059557478948	2.3288761164178595	912609.4690873988	5.423663965621532	790.9446899116123	0.117599380897559	0.0138296143874891	625593.5024993765	797.1068203133933	671.9155924260781	1.019481	31.714972	0.0935698543864007	0.0438627122578302	-0.1354883821	-0.0053986967	-0.0232259918	-0.0481357626	0.1061055606	0.0782895641	0.0219090466	-0.1311314389	-0.02303607	0.1135958465	0.0464689773	0.0035321254	0.0270223109	-0.0121850334	0.0022735011	-0.0213197645	0.0279879057	-0.0525613396	0.0007539586	0.1259002597	-0.0047117783	-0.0025132161	0.048444393	-0.0775735876	-0.0849475675	-0.0384775039	-0.0316910459	-0.0986076583	-0.0523025266	-0.0226991863	0.0249242825	0.1686260429	0.015601366	-0.0765066057	0.0560851184	-0.0543349883	-0.0031596839	-0.0789052051	-0.01223962	0.0067021188	0.0434299042	-0.0364902288	-0.0289333974	-0.0214143569	-0.0516973218	0.0758486575	0.0518522153	0.0052981529	-0.0135779222	0.0211538685	-0.0516102578	0.0132650371	-0.0259853648	0.0075408875	0.135036219	0.0688724149	0.1333211631	-0.0339506945	0.0233661201	-0.0078177759	-0.0419399316	0.0151484466	0.0961820362	0.0637945496	-0.0124808481	-0.0830633061	0.0168211029	0.0374750906	0.0820406696	0.0691966446	0.0637348469	-0.0275760906	0.09393416	0.0766209984	0.043335246	0.0947905121	-0.0157035555	-0.0074541062	0.0364850378	0.0401819298	-0.0797802438	-0.0680106532	0.0398955748	-0.1315866532	0.0179383669	0.0457402709	-0.0611518826	-0.0872906502	0.0549416939	0.0197244065	0.1290098244	-0.0454774457	0.0082974154	-0.0266507875	-0.042031147	0.0866697606	-0.0366413996	-0.0519988665	0.0049169062	-0.0026863507	0.0425447933	-0.0106409018	-0.0998678423	0.0381752733	0.0726193093	-0.0484956662	-0.101106686	0.0435215025	-0.0005187419	-0.1557182048	0.0018164665	-0.0215469747	0.0743591621	0.0934746581	0.0048654835	-0.0145543276	-0.0155620346	0.0248601164	-0.0694657216	-0.1009798786	-0.026098468	-0.0092290144	-0.002550377	0.0177599867	-0.0340980426	-0.0724802398	-0.066979664	-0.0013069117	-0.0151358352	-0.1459202783	0.0381959871	-0.0134040304	-0.0927602668	-0.0850156302	0.0124671182	-0.0310595228	0.0579248891	0.0531740987	-0.0133032151	0.0133083329	0.0873342384	-0.0105382661	-0.0585232387	-0.0271463437	0.0704394103	0.0283825364	-0.0285310869	-0.0475224137	0.0745275657	0.0047135974	-0.038916206	0.0080845561	-0.010031164	0.0680094943	0.0311427391	0.0364450241	0.1313838623	0.0909093856	-0.0314184012	-0.0201456855	-0.0304481268	0.024656242	-0.0118726395	-0.0943401765	0.1210055157	-0.1086075341	-0.0199241487	-0.0067498649	0.0725162276	-0.0334124447	0.026054972	0.019663161	-0.0054436103	0.0307331989	0.0999655505	-0.0298905155	-0.0063297567	0.0630448284	0.003468087	0.0407892344	-0.0462085905	0.0280646768	0.12271921	-0.0980719242	-0.1443909487	0.10590393	0.0418630249	0.0481211616	0.001541171	-0.013669442	-0.0144816636	0.0635636062	-0.0027671179	0.0459260387	-0.0178908413	0.1136258895	-0.0303975885	0.115463354	0.0258280433	-0.0187526779	-0.0336288501	0.0885707584	-0.147784635	-0.0174298584	-0.026813266	-0.0775705533	0.0400772406	0.0096019025	-0.0563615044	0.0859839051	-0.0894621585	0.0	0.0212762802498502	0.0102995273788337	0.0001060802642273	0.0004526801012701	0.006341434704268	-0.0261630350857161	0.0006845044048964	4.0213794108494575e-05	-0.2082590910458606	-0.0022033806614558	0.043371849003248	4.854886339277817e-06	-0.0013048283357081	-0.0004365469746314	1.905732610598282e-07	1.7025769856667702e-06	0.00160913926825	0.0004854685186264	2.3567968257731133e-07	2.589329184624145e-06	-0.0002139500739431	0.0001760627319501	3.0998085581732767e-08	4.577463414025796e-08
804.4307118707319	-2.271767438943243	647108.7702008525	5.160927296642742	953.045663290466	-2.260292457428818	908296.0363167644	5.108921993109606	792.2385827866558	1.2938928750435252	1.6741587720883997	627641.9720558089	797.6953884350088	664.7483535090312	1.116893	34.745369	0.0824622275257959	0.0466579652108355	-0.074336417	0.082717415	0.0567315133	0.1088421783	-0.0978035661	0.0889326316	-0.0836318485	-0.0062197861	0.0840930639	-0.0386619318	0.0705055281	-0.0074845305	0.0131798279	-0.1528864007	0.0999337991	0.0239124716	-0.0554366966	0.0411802777	0.0446681371	0.0282619749	-0.0094794956	-0.0234464988	-0.0471049824	0.1315046745	0.0033868219	0.0686984141	-0.0239826678	-0.0337094233	-0.024080292	0.0078573011	-0.0279902266	0.0326818982	-0.1313338226	0.0655048183	-0.0244470028	0.0107056562	-0.0316353203	-0.0995861141	0.0033400695	0.0096752444	0.0497863139	-0.0055875847	0.1030255885	-0.1182939873	-0.0082318902	0.0780546568	0.0260358702	-0.0016827512	-0.0271259676	-0.1384729964	0.0136329204	0.0702409104	0.0302938428	-0.005069021	-0.0737878906	-0.0010553616	-0.0351861406	0.0104670368	-0.0645978821	-0.0234595588	0.0257179156	0.037579058	-0.0570174906	0.0454303424	-0.1193201947	-0.0487411816	0.0648273097	-0.1485347396	-0.0938838618	-0.0022023665	-0.1548073763	0.0407914403	-0.0756069063	-0.0402047742	0.0321304098	0.0256221602	0.0698371986	-0.0650125546	0.0473068799	-0.0406551558	0.0537842193	0.1725749126	-0.007020955	0.0551088491	-0.0294912987	-0.0141721473	-0.0117195353	0.0954666722	0.0765024028	0.0195030799	0.0664876841	0.1072268667	0.0909895767	-0.0816829019	-0.0007425244	-0.0512016163	-0.0176228318	-0.0473084833	-0.1023102534	-0.0273845477	-0.0152164259	0.019405482	-0.0066834784	0.0093507877	0.0301321646	0.0795980887	-0.0127147979	-0.0433817167	0.1385531122	0.0108411044	0.0374733128	0.0005799483	0.0483106963	-0.0029329019	-0.0600366194	-0.0315695922	-0.0123686162	-0.0790362161	-0.0355130462	-0.0784666883	-0.1511606095	0.0093205572	-0.0385326685	0.025871201	0.0779556645	0.0592058921	0.0430145405	-0.025232357	-0.0378978982	0.0319212741	-0.0358185017	0.0135970833	-0.0021309475	0.0305538542	0.0451271176	-0.0059153983	0.0474115481	-0.0399444128	0.1073497854	0.0666474024	0.0359550917	-0.0092932347	0.0829567914	0.0252302573	-0.0232397046	0.0288172042	-0.0464458382	0.0925347795	-0.0127399098	-0.1114086811	-0.039248788	0.0508360863	0.043474414	0.0514222057	0.0008831296	0.047556819	-0.0802508697	0.068362619	-0.0349170078	0.0178815568	-0.0744179414	0.0199024282	0.0031668509	0.0947698386	0.0068891597	0.0643975065	0.1846709641	-0.0182909065	-0.0153566556	-0.0307968126	-0.0721680953	-0.1141850129	0.0165916635	-0.0054275407	-0.0470404025	0.115962795	0.0425392248	0.0107357825	0.1638319441	0.0916621508	-0.0743660032	0.060833502	-0.0280643925	-0.0425889682	-0.1700779571	0.0843149125	-0.1087951279	-0.0201769049	-0.0721258415	0.0362015945	-0.0308433236	0.0212942587	-0.0328981759	0.0327331536	-0.0127970975	-0.024215415	-0.0388115931	0.0147899961	0.0091464259	0.1191921358	0.120933036	0.0899871483	-0.0539136914	0.0198127388	0.2046764861	-0.0782011853	0.0422249655	0.0060079362	-0.0524969085	0.0837475519	-0.0906887116	0.0	0.0189211962474473	-0.0023550840024029	5.546420658374068e-06	0.0003580116674344	0.0262298438934465	0.0198884091891785	0.0003955488200761	0.0006880047106745	-0.2321834592491001	-0.0239243682032395	0.0539091587488785	0.0005723753939241	-0.0006158261857714	0.0006890021499367	4.7472396261739493e-07	3.7924189108175083e-07	0.0016440681964993	3.492892824929995e-05	1.220030028644744e-09	2.7029602347404607e-06	-0.0002119938295096	1.956244433500004e-06	3.826892283599752e-12	4.494138375014535e-08
803.1017906479652	-1.328921222766667	644972.4861419682	1.7660316163196526	955.4613359463924	2.4156726559264143	912906.3644884648	5.835474380590576	790.1809721538378	-2.057610632817955	4.2337615162855045	624385.9687539842	797.1336265041513	675.3726160783847	1.168993	36.366138	0.0805487419357406	0.0380034136127723	-0.013747802	-0.0879161441	0.0427338066	-0.1021126222	0.0219000089	0.0091246832	-0.0578467944	0.0152558081	-0.0196088629	-0.0600040807	0.0327597214	-0.018930546	0.0657762349	-0.0334302352	-0.0350654756	0.0991914808	-0.0070809101	-0.0602605454	-0.0751973903	-0.0610101225	-0.0667465167	0.0098551525	0.0500099593	-0.0988025105	0.0698355215	-0.1016786721	0.0140718296	-0.0752821609	-0.1102524728	0.1283649463	0.0502247171	-0.0050145082	-0.0391794705	-0.0749028633	0.0815456559	0.0143892612	0.0036611481	-0.033613411	-0.0103392572	0.0094704333	-0.0089896725	-0.1205296638	0.0212476186	0.0214474234	-0.120901185	-0.0540137836	-0.0062216463	-0.0174477088	-0.0373465874	0.0013842339	-0.1031538932	-0.0112381666	-0.040811433	-0.0732663821	-0.0725474306	-0.1111053098	-0.0483533109	-0.0565484952	-0.0831122253	0.0282523435	-0.0869526008	0.0467671737	0.0377532615	-0.1353619888	-0.0467945339	-0.0027439873	-0.0230593045	-0.1286467714	0.0170673168	-0.0436192086	0.0677830931	0.0134879461	-0.0119119524	0.0700925288	0.0356241434	0.060037971	-0.0383895937	0.0486269989	0.0038619448	0.0290759806	0.0079447437	-0.119899495	0.1091188705	-0.0333495489	-0.0519746709	-0.0552880142	-0.0249085921	-0.0369213683	-0.0277285302	-0.0580225261	0.0996299312	-0.0815846363	0.0036377213	0.0836952924	0.0488763359	-0.0325769397	0.0693038269	0.0120383913	-0.1023539774	-0.0132768566	0.0497092156	-0.0272691657	0.0231955185	-0.0273341071	-0.0719737477	0.0023044141	0.016483956	-0.0658554058	-0.0003247798	-0.0624487778	-0.0877218183	-0.0560903833	0.0132688125	-0.0059032107	-0.1090542232	-0.0189556159	-0.0237406964	0.0430211571	0.1059438609	-0.1142292864	-0.0280498286	-0.0480030621	0.0776089212	0.0193071462	0.0168253906	-0.039753906	-0.0282357892	0.0016047678	-0.1033580933	0.0046264892	-0.0327297528	0.0124196715	-0.0512553793	-0.0527535684	0.0421305913	0.0915723308	0.0016829934	-0.0854554562	-0.0083838201	0.1187007765	0.0707437243	-0.0322675734	-0.0410032846	0.1111394872	-0.0410677029	-0.0620002626	-0.1082321831	-0.0820723214	-0.0448078774	0.0042344085	-0.0088561407	-0.0526033297	-0.088580679	-0.006999324	0.0128479303	0.0843072683	0.0174766693	-0.0581405582	0.0350795205	0.05176408	-0.1078453426	-0.0383237259	0.0402191073	0.0248614889	0.0255825687	-0.0677617461	-0.0137686119	0.0332754896	-0.200886091	-0.0118967276	0.1191930804	-0.0208020212	-0.0265768269	0.0661533712	-0.0016285166	-0.0002726703	-0.0998669385	-0.0466651127	0.0012272603	0.0038165389	0.0331832922	-0.0338159275	0.0248076429	-0.0759086069	-0.0948410672	0.123381299	0.1252224057	-0.1277313276	-0.0042768576	0.0386262652	-0.0262142814	-0.0381870528	-0.0637098946	0.161985532	0.0427708045	0.0745997862	0.019465042	0.0215378566	-0.0239579308	-0.039436654	0.1050282724	-0.0204152996	-0.0169506216	-0.060247421	0.032072889	-0.0788183057	0.0443435089	0.0024046285	-0.0484872159	0.0811495725	-0.0913514525	0.0	0.019962905791317	0.0010417095438697	1.0851587737892209e-06	0.0003985176076329	0.0051634667874509	-0.0210663771059956	0.000443792244372	2.666138926510852e-05	-0.2128848943197425	0.0192985649293576	0.0453199782295279	0.0003724346083326	-0.0010319330629742	-0.0004161068772027	1.7314493325546606e-07	1.064885846459314e-06	0.0013950471168673	-0.0002490210796319	6.201149810108682e-08	1.9461564582797664e-06	-9.427997921404466e-05	0.0001177138502955	1.3856550551404416e-08	8.888714480600693e-09
800.5805131116978	-2.521277536267462	640929.1579741893	6.356840414886923	951.194656927854	-4.266679018538412	904771.2753680978	18.204549847235903	789.6967734705288	-0.4841986833090459	0.2344483649182137	623620.9940297636	795.9318992028483	654.0152999687723	1.094646	34.053288	0.1052363068573496	0.0566036310966298	-0.0168420872	-0.0536121198	-0.0241211015	0.109108558	0.0410447046	0.0060822491	0.0917317781	-0.0101378758	-0.048370754	-0.0456683698	0.0984602002	-0.0203085651	-0.0884984541	-0.0266473656	0.0157741687	0.0462879994	-0.0055337057	-0.0469547616	0.0277038053	0.000895814	-0.016711424	0.0399463591	-0.0386464884	0.0066830055	0.0836923306	0.0622791831	-0.119700646	-0.052031923	0.0254237511	0.0865058119	0.0043716099	0.011712532	-0.0070187835	0.0308736354	-0.0123928011	-0.0397930172	0.0982888095	-0.0655408393	-0.0812359568	-0.0457304327	0.2064532613	-0.0071585911	-0.03559005	0.0409965656	0.1309279181	0.0707834013	-0.0619705605	0.0993865511	-0.0111228208	-0.0037184271	-0.1392195961	0.0559815751	-0.0120208256	0.0127648955	-0.0293315623	-0.0668859326	0.0700588521	-0.1018518215	0.018323588	0.0315684085	0.0432497701	0.0620333313	-0.0262666366	0.0184590584	0.0042063029	-0.03390622	0.0715659975	-0.0808486867	-0.0063394249	0.0327055274	-0.1153362045	0.0698314686	-0.0162497268	0.1053480601	-0.0157714921	0.0415822206	0.0399656931	-0.0274156934	-0.061951876	0.000686512	0.0716273551	-0.1175976115	-0.0289747371	-0.0171985167	-0.0022636268	-0.0422810518	-0.0163692283	-0.0162764003	0.029830421	-0.0542083356	-0.0249571457	0.0778369872	0.052886307	0.0241397668	-0.1302680816	0.081524389	0.0681654609	-0.0110281872	-0.0106009107	-0.0571380549	-0.0104495491	0.018212243	0.0283531971	0.1173405342	0.0369151703	-0.016101523	-0.0265201727	-0.0574300643	0.0554963489	0.057947084	-0.0242992438	-0.0172332654	0.0499214308	0.0713156734	-0.0488806975	0.0040096332	0.0187151758	0.1324045625	-0.0793307778	-0.0407421238	0.0539174027	-0.0472570086	-0.1483981185	0.1395822729	-0.1153006865	0.0118041289	-0.0446734715	0.0061585894	0.0377335631	0.0226158496	-0.0585542927	0.1387168168	0.0107331002	-0.1294102983	0.0728454096	-0.02323304	0.0138034372	0.0857394548	-0.0091860826	-0.015446039	-0.0185355426	-0.0788357438	-0.0163137442	0.0445167049	0.0339649493	-0.0831619054	-0.0789612576	-0.0696242917	0.0148857599	0.0068760184	-0.0465404247	0.0596402345	0.0511367629	-0.0012679471	-0.0957048814	-0.0517659263	-0.0723723993	0.0622869839	-0.041488994	0.0803674773	0.0443638782	0.0536621982	-0.0044290591	0.0449968107	0.0443814492	0.0003157306	0.0538820718	-0.0060743233	-0.0349965363	-0.0765933776	-0.0210882999	-0.0470167429	-0.0893720874	-0.0232821676	-0.1078927825	0.1008488546	0.1059588881	0.0942280405	-0.0374615541	-0.0447832468	-0.0284782266	-0.019978732	0.0748847774	-0.0393741422	-0.1041306412	0.0836971695	-0.0533578903	-0.0599915798	0.0906783506	0.107559206	0.0264825503	-0.0570603378	0.0248133101	0.0662670842	0.015072115	0.0381610231	-0.044101174	-0.0380596642	-0.0621239241	-0.0110208441	0.0587304859	0.0222552617	-0.1515596594	-0.0224492922	-0.0379303012	-0.0794218076	0.0464314067	-0.0012024181	-0.0443435089	0.0782011853	-0.0914462607	0.0	0.0326549427365137	0.0126920369451966	0.0001610878018182	0.0010663452851249	0.0497798422179442	0.0446163754304933	0.0019906209565547	0.0024780326912434	-0.1827476992286278	0.0301371950911147	0.033396721573357	0.0009082505279599	-0.0009910659930534	4.086706992079982e-05	1.6701174039115415e-09	9.822118025869222e-07	0.001529955228497	0.0001349081116296	1.820019858349155e-08	2.3407630012053077e-06	8.575882704635546e-05	0.0001800388062604	3.241397175966989e-08	7.354576416366709e-09
801.5751913214474	0.9946782097496224	642522.787342015	0.989384740950714	950.6048111062966	-0.5898458215574465	903649.5068984376	0.347918093208779	789.715170036965	0.0183965664361949	0.0003384336566413	623650.0497865125	796.3210148509734	641.585746120548	1.057708	32.904186	0.07410758858568	0.0432125477404344	-0.0488709873	0.0359372643	-0.0607415856	0.0878625955	-0.0929930902	-0.0888818844	0.0312680096	-0.0627303364	0.0621836648	-0.0400620169	0.0940584958	-0.0568519537	-0.0795085192	0.0066460987	-0.0128158123	-0.0119332985	-0.072316152	0.0469010723	-0.035885904	-0.0409109569	0.0189655867	-0.0681743645	0.0926698291	0.0678171171	-0.0143843232	0.0432620563	0.0041836312	-0.0652234071	-0.0676409068	0.0891688121	-0.1210895707	0.0368608923	-0.015977452	0.0944813751	-0.016922589	0.0069451572	0.0879244737	-0.0167263903	0.053217862	0.1239647081	-0.0755366817	-0.0179830591	0.1417340893	-0.0148153109	0.0363031156	-0.0451029307	-0.0155304142	-0.0016984049	-0.0164288253	0.0675478009	0.0087053164	-0.091085397	0.0739939145	0.0110334768	0.1008420703	0.0834261768	0.0392015612	-0.0073722549	0.0220943281	0.0636690919	-0.0338031609	-0.0142207544	-0.0215209312	0.0046091865	-0.0172162498	0.0254051862	0.1602821467	-0.0479814075	0.1212693839	0.0861975874	-0.0167747526	0.0046178143	-0.0371946753	0.0170367458	0.058384842	-0.0114723288	0.0560381937	-0.0128157092	-0.0404583348	0.0029896552	-0.0919325364	0.0097742839	0.0146635511	0.0233442981	-0.0697317556	-0.0545361859	-0.0171069208	-0.0644212354	-0.0356173031	0.097842745	0.0498662901	-0.0036473046	-0.0162353006	0.1613051153	0.0088202344	0.0492455399	-0.116519693	0.1439011245	-0.0073583652	0.0605562009	-0.0534059594	-0.0055838917	-0.0002490867	-0.1214044667	-0.0470105436	0.0782339797	-0.0940538972	-0.0391364325	0.0481034681	0.0823058067	0.0237192271	0.0929800123	-0.0124567393	0.0054170998	0.0907880278	0.0136335794	-0.0662210674	-0.0488298219	0.0956662827	0.1130727756	-0.0775165224	0.039509158	0.0080293606	-0.0036015567	0.0440313308	-0.0132736257	-0.087110133	0.0261573072	-0.03231173	0.053219024	-0.0502031277	-0.0343111034	-0.0519111605	-0.0652596284	0.0544220167	-0.0187032153	-0.0062257842	0.0345576271	0.0372036791	-0.0533828502	-0.0542235906	0.0056447171	-0.0824922272	0.0348343451	0.1065350524	0.0188978088	0.0358328221	-0.0352038259	-0.0260126492	0.0401538497	-0.1639051678	-0.0332608795	-0.0151895714	-0.0227626995	-0.0121808068	0.0070608795	0.0915932615	-0.1329832677	-0.0595638277	-0.0340595986	-0.0145182062	0.0610153775	0.0002284428	0.0291342036	0.0857144115	0.0381627755	0.0093556695	-0.0368737036	-0.0304464103	0.048147809	-0.0413881254	0.0271713767	0.0011515402	0.0972754055	0.1317056443	0.0220584568	-0.1031031772	0.0169618467	-0.0734115442	0.031343954	-0.1721764378	0.1144935798	-0.0181464757	-0.018747395	-0.1554576869	0.0594490791	-0.062394241	-0.1386445763	0.0595112387	0.0094620798	0.0154023719	-0.015526255	-0.0514343931	-0.0633703041	0.0038751963	-0.0036635029	0.0360686184	-0.0234195359	-0.0301448919	-0.0052771993	-0.0078017684	-0.0299818097	-0.0393657192	-0.0257692276	0.0081897831	-0.080011587	0.0484872159	-0.0048075951	-0.0400772406	0.0749151215	-0.090972547	0.0	0.0240462779542696	-0.008608664782244	7.410910933304982e-05	0.0005782234834539	0.0264812460501389	-0.0232985961678053	0.0005428245833904	0.0007012563923679	-0.1478267315441144	0.0349209676845133	0.0218527425590156	0.0012194739840228	-0.0010820843102508	-9.101831719739986e-05	8.284334065446494e-09	1.1709064544909496e-06	0.0014984385727607	-3.151665573629999e-05	9.932995888004511e-10	2.2453181563371235e-06	0.000108811053135	2.3052226088644543e-05	5.314051276419842e-10	1.1839845284347796e-08
800.8517746914638	-0.7234166299836033	641363.5650264671	0.5233316205368337	950.5026842332044	-0.1021268730921747	903455.3527345266	0.0104298982075851	789.0163626571081	-0.6988073798569303	0.488331754142508	622546.8205406531	795.3475848455673	644.5656643812016	1.106008	34.406731	0.0337815530570351	0.0214873310351786	0.1132840379	0.0365066174	0.0976272551	0.1169943815	-0.0776236743	-0.0420930941	0.0328032941	-0.0720095913	0.0865240558	-0.0818279059	-0.0568939133	-0.0945316956	-0.1722349946	-0.0567272963	-0.0327218116	0.0131584194	-0.0751089791	0.0186423095	-0.0327814575	-0.0627744759	0.0003121259	-0.0384674272	-0.0356886889	-0.0832720541	-0.0348601943	0.0293700836	0.011432504	-0.0561864657	-0.0901245478	0.0169981543	0.0643478019	-0.1549145435	0.0275003249	0.0323063212	0.0062439576	0.0335184254	0.0657546347	-0.011608001	0.152480867	-0.0116445107	-0.0702906237	0.1245923137	0.1339326434	0.0188867038	-0.078559914	0.0710764299	0.0772874894	0.0426495816	-0.0096525373	-0.0463748184	-0.0919801267	0.0399398114	-0.0529329941	-0.0546470656	-0.0103506744	-0.0870678469	0.0240926397	0.0322557625	0.0506433962	-0.0507074276	-0.0013812226	0.0471225669	0.0138770053	-0.0660265247	-0.0101972815	-0.0528381684	0.0085429965	-0.0013487403	-0.0178780747	-0.0398807756	0.0054726049	-0.0611593533	-0.0557610832	0.0285232492	-0.1191044967	-0.0468025304	-0.0719223479	-0.0033349342	0.0318552105	0.1078106196	0.057320514	-0.050865936	0.0564919884	0.0363081473	0.0248071533	0.0693256217	-0.0564805513	-0.1112408621	-0.0122385892	-0.0557556761	-0.0669293477	-0.0274765616	-0.1018687048	0.0296164799	0.017702536	0.0359191014	-0.0609743648	0.0529071833	0.035150917	-0.043495437	-0.0760741398	-0.0691743809	0.0402113476	-0.0598294725	0.0546920383	0.063979692	0.1206353762	0.0439441817	0.0351530327	0.08432478	-0.0282156411	-0.0867925472	0.0380859565	0.0106965266	0.0640876006	0.1144235923	-0.2034555414	-0.022038472	0.0314224637	-0.0248727146	-0.0642339805	-0.0224553237	0.0035626776	0.0213890888	0.0310893219	-0.0554719534	-0.0234361642	-0.0592493439	-0.0726562838	-0.0033411655	-0.0479473895	0.0105592399	0.0613169867	0.0096610694	-0.0642842049	-0.0320356928	-0.0135788005	-0.0239426713	0.0266507593	-0.0110349574	0.1044632481	-0.0565208587	-0.0684308365	-0.0606901195	-0.0687799038	-0.0403954484	-0.0390583438	0.0519600796	0.0471314001	-0.0279534591	0.131691187	-0.0423555632	-0.0086943363	-0.1055484921	-0.0136455609	0.0018936147	-0.0516545294	0.1079703217	-0.0980085147	0.0515224245	-0.088612637	-0.0503524195	-0.0459105979	0.0559713957	-0.0586717321	-0.0296487061	-0.0853416506	0.0232280277	0.0570018712	-0.063508788	0.0441709006	0.1658604123	0.0126548676	-0.0306253188	0.1582648222	0.0158826849	0.0742667433	-0.0949836888	-0.0874246888	0.0232582943	-0.0118406507	-0.0851356283	-0.0578922256	0.0746754149	-0.1648105935	0.03484739	-0.0555564457	-0.1371211469	0.0154556366	0.0226110298	0.039432	-0.0099068551	0.0042367199	0.0664701515	0.076954735	-0.0118200383	-0.0346768126	0.0401983242	0.0614418587	0.0151254653	0.0774899505	-0.0042185784	-0.0750518477	-0.0931683573	-0.0516935343	-0.0805875418	0.0505095157	-0.008405297	-0.0357002023	0.0713055705	-0.0899332563	0.0	0.0367648381457996	0.01271856019153	0.0001617617733455	0.0013516533238868	0.0264671880365341	-1.4058013604798664e-05	1.9762774651270435e-10	0.0007005120425612	-0.1652022073886598	-0.0173754758445453	0.0272917693260857	0.0003019071608243	-0.0010680895712096	1.3994739041200011e-05	1.9585272083128784e-10	1.140815332126707e-06	0.001455931131727	-4.250744103370002e-05	1.806882543233484e-09	2.119735460331863e-06	0.0001257780532072	1.6967000072200006e-05	2.87879091450035e-10	1.5820118668593238e-08
802.2256031050692	1.3738284136054515	643565.918277292	1.887404510029672	951.1489483662788	0.6462641330743963	904684.321978278	0.4176573296984011	788.8547616530329	-0.1616010040751234	0.026114884518088	622291.8349826634	795.4773567068097	640.4037585377363	1.150305	35.784756	0.0616585242017516	0.0434814481717124	-0.0201297238	-0.1095423246	0.1187711068	0.0044125075	0.0495343587	-0.1701146355	0.0533022195	-0.0309724851	-0.1201377279	0.1486598249	-0.0548756384	-0.1028579658	-0.0911490203	0.0543161723	-0.0632275541	0.0593625723	-0.0286575656	-0.1048469459	0.075360614	-0.1230302605	0.0119481931	0.0074549173	-0.0176931547	0.0380031539	-0.067680432	0.0249419309	0.0161289952	-0.0731212295	0.036675302	0.0581567134	-0.0437243545	0.0124854678	0.0900369807	-0.0096336999	-0.0017639451	-0.0150903298	0.2060527638	-0.1503899413	0.0964934034	0.0258955352	0.058320381	-0.059083499	-0.0589997528	0.0784743191	0.0416927948	0.0211206517	0.1127885012	-0.0872742663	-0.052930636	-0.0289023479	0.1053605648	-0.0592418317	0.003165108	-0.0407962846	0.048571797	0.0345025873	-0.0875463676	0.0413533709	-0.0797844623	0.0945649671	-0.0056655406	0.0576067139	0.024469616	0.0741232041	0.004943756	0.0616791497	-0.0068740365	0.1009141494	-0.0352267741	0.0217377563	0.0240702162	-0.070838604	-0.1270050152	0.0245429893	0.0041310365	0.0817096543	0.0675558426	-0.0102380705	0.0598396031	-0.0297786011	0.0350090502	-0.051366627	0.0845039929	0.021597578	-0.082747343	-0.0154416156	0.0393815222	0.1144888386	0.1036481141	0.0287576307	-0.0731587826	-0.0814023605	0.0171669322	-0.1360360628	0.0863407192	-0.1312976114	0.0027462615	0.0387343212	0.0018237895	0.0129740467	-0.0380316824	0.1112782309	0.0154634659	-0.0443672775	0.1258116124	-0.1239411945	-0.0466735238	0.0746125493	-0.0514987061	0.080075931	0.0056889295	0.1287704451	0.0823121584	0.1633292804	0.0251389803	0.0179496072	-0.1122195512	0.1029419894	-0.0389121077	0.031161894	-0.0552148483	-0.0467158396	0.0566034902	0.0158440359	-0.1002876919	-0.0337498952	0.0469195413	0.0302623585	0.0707997422	-0.0679984746	0.0893310981	-0.0759267642	0.0708502753	-0.0383005909	0.1135610925	0.0989187158	0.0389323979	-0.0701516991	0.0390365482	0.0183090178	-0.1857216008	-0.0037879726	-0.0023405379	-0.1226366165	-0.017563285	0.0272623501	-0.0160030465	0.006917404	-0.0915678986	-0.0450274268	0.0012230892	-0.0601995036	0.0249427808	0.0297520266	-0.0075224189	0.0359807634	0.0523528565	0.0319734566	0.0340289089	0.0270904512	0.0255914303	0.0220980758	0.0223622085	-0.0018400353	-0.025358413	0.0206326838	-0.0418530578	0.0606449125	0.0125671115	0.0743034088	0.0158884952	-0.0523186876	0.051372474	-0.0488649104	0.0151939959	0.1349858728	0.0755609654	-0.1434497816	0.0031338479	0.0741835794	0.0704983224	-0.0222021343	0.1163950977	0.0015872324	-0.0815209897	0.0859464638	0.1069512682	-0.1242785149	0.0286187026	-5.66383e-05	0.0301904374	-0.0674366353	0.0493471946	-0.0349209982	0.0124582057	-0.0814500903	0.0760759898	0.0200049799	0.0235449703	-0.021422672	0.0169886363	0.0770087885	-0.0438682543	0.1086041585	-0.0532505467	-0.0811495725	0.0524969085	-0.0119899299	-0.0312244919	0.0673881186	-0.0883348501	0.0	0.0389457763073295	0.0021809381615298	4.756491264417394e-06	0.0015167734921805	0.0682504813443358	0.0417832933078017	0.0017458435996457	0.0046581282037335	-0.1734171605907448	-0.008214953202085	0.0300735115873561	6.74854561124468e-05	-0.0011331622546234	-6.507268341379995e-05	4.234454126672635e-09	1.284056695303187e-06	0.0014893790631482	3.3447931421200184e-05	1.1187641163573103e-09	2.21824999374421e-06	0.0002168442289789	9.106617577169998e-05	8.293048369682157e-09	4.7021419641453616e-08
805.9045832516688	3.6789801465995424	649482.1973060459	13.53489491907359	954.2691575612454	3.120209194966605	910629.625072649	9.735705420354153	789.8415591188055	0.9867974657726108	0.9737692384552472	623849.6885112256	795.9932301387198	658.3987894454491	1.138736	35.424881	0.1161189683978102	0.0631639763678555	-0.0379107101	0.1038299825	-0.0291158612	-0.0230377145	0.0445649495	-0.0900897581	0.0698731596	-0.0997264252	0.0872613822	0.134881002	-0.0181345394	0.0905404097	-0.0363851501	0.0293284412	-0.003977982	-0.123558321	-0.0391678579	-0.1707260051	0.0834143328	-0.059726424	0.0782311203	0.0715768866	-0.0235284541	0.0520365933	-0.1085014647	-0.0892238076	0.0100206728	-0.0297354482	-0.087458773	0.0604031766	-0.0951184691	-0.0548797992	-0.0214839694	-0.107513523	-0.1595730486	0.0184513245	0.0841663826	0.2028535586	0.0669300168	0.0596537223	0.098706636	0.0469940558	-0.0564369296	-0.0008808751	-0.0812945128	0.0095680181	0.007911721	0.0175266778	-0.0077147759	-0.0072314584	-0.0793486446	-0.0750018193	0.0856590836	0.0062110428	-0.0930927861	0.0137669766	0.0264072122	0.0363672525	0.0534802741	0.0495424907	-0.0263755728	0.0144745577	0.0366520822	0.0817930554	-0.0362577678	0.0307235523	0.0024557573	-0.0028035047	0.0581096625	0.0461421587	-0.0920213607	0.037234526	0.0012620778	0.0330834282	-0.0129637258	-0.102482227	0.019222779	0.0828165983	0.025593132	0.1010235356	-0.0566563112	-0.0918897693	-0.0135943187	0.005718044	0.048285813	0.1078143017	0.0430526544	0.0600710429	-0.0490442122	0.0052426707	-0.0964524249	-0.037456432	0.1053190902	0.0622044081	0.0556288548	-0.0810366869	-0.0991721237	0.1939858732	0.0267664567	0.0284230344	-0.0164340161	-0.0382091523	-0.0357422682	0.0215020959	-0.1540758631	0.0596620809	-0.0234991508	0.1692980437	-0.011201821	0.0665168852	0.0142668669	0.0419501402	0.0235769851	0.0673294572	0.0163321915	-0.0232750297	0.0737773299	-0.0524755138	-0.0492743838	-0.0073825978	0.0970912195	0.0313101508	0.0548014378	-0.0783201875	-0.0076322752	-0.0354187635	-0.0398280694	0.0371674419	-0.0952707235	0.1288462036	-0.1127408343	0.1577718136	-0.0056721701	-0.0569566913	0.0253008039	-0.0451401217	-0.1062172154	-0.0433974589	-0.0436676472	0.0612489244	-0.0980742485	0.0076453674	-0.006126006	-0.0228467481	0.0895186889	-0.0431869382	0.0623333661	-0.060035489	0.0155707391	0.069414041	-0.1059365307	0.1335312644	-0.1244770647	-0.0248082325	-0.0386862717	0.0049404369	-0.0048562292	0.0123263327	0.0497675209	0.068888164	-0.0012426583	0.0427126891	0.0062521361	0.1234856423	-0.0603902983	0.0984419278	-0.1571827711	-0.0053075072	0.0192260116	0.1126338001	0.0623332226	0.0165887931	-0.0899209405	-0.1410482445	0.0994538891	-0.0830258562	0.0146650023	-0.0275102623	-0.0584959884	-0.0116021764	-0.0123390975	0.076962721	0.0131909409	0.1213448208	-0.1653999996	0.0748010712	0.0720413849	0.0389767738	0.0725309378	0.011585259	-0.0180584702	-0.0591846353	0.0292254256	-0.0506026874	0.0008382825	-0.0482046585	0.078600331	-0.1071375809	0.0787941521	-0.0029886221	-0.0389189009	0.0550113676	0.0891426876	-0.0303145149	0.0543040539	-0.0816975821	0.0544480209	-0.0155559202	-0.0266624798	0.0631796814	-0.0861872655	0.0	0.0582404634412796	0.0192946871339501	0.000372284951597	0.003391951581855	0.0430572029376179	-0.0251932784067178	0.0006347012768783	0.0018539227248112	-0.1211915758375994	0.0522255847531454	0.0146873980540006	0.0027275117028079	-0.0010974457222776	3.571653234579991e-05	1.2756706828085711e-09	1.204387113345403e-06	0.0014320462151924	-5.7332847955800193e-05	3.287055454722902e-09	2.050756362446877e-06	-7.821475279943646e-05	-0.0002950589817783	8.705980272806866e-08	6.1175475554769525e-09
805.7358344005658	-0.1687488511030324	649210.2348371759	0.0284761747485933	953.7079654213608	-0.5611921398846107	909558.8833081516	0.3149366178682685	789.4157667811778	-0.4257923376277404	0.1812991147824956	623177.2528427149	795.8148051858634	657.7787364632139	1.068463	33.238754	0.1883202204939436	0.1387817447659493	-0.0144252138	0.0993306212	0.0825171691	0.0281742636	0.0870459716	0.0148212048	0.0618878665	0.0497119804	-0.0091051978	0.092373966	-0.0195044784	0.1909777956	-0.0741138437	-0.0724761551	0.038287453	0.0497401045	-0.0002125173	0.0088092322	-0.0491038505	-0.1067468921	-0.0870939832	-0.0044060595	-0.0252823193	-0.0854098076	-0.0280820938	-0.0397185511	-0.0616061936	0.0556652547	0.0739058364	-0.0168752472	-0.0067137932	-0.0693936182	0.0588750469	0.0372220343	-0.134814308	-0.0526424018	-0.1094104189	-0.0832541462	0.0335368561	0.0141703267	0.0397164118	0.0484883061	-0.0164258965	0.0808032423	-0.0526928431	0.076433358	-0.0461356806	-0.1395324392	-0.0065679785	-0.0203593193	-0.0348486829	-0.0780014782	-0.1388137613	0.0008648932	0.0255617576	-0.0612088757	-0.007189633	0.0107739857	-0.084186353	-0.0332825042	0.0281238821	0.0169148646	-0.0803268141	-0.082017042	0.1572853771	0.0827089046	0.0666489397	-0.0200417284	0.0073877852	-0.0809212074	-0.0332301227	0.0207885408	-0.0622275849	-0.0924653814	0.0296415184	-0.0292210997	0.0491134018	-0.0806565763	0.0445431975	0.0227851757	-0.0222408819	-0.0272607543	0.0129211087	0.1004530509	-0.0072609556	0.0222510327	-0.0370331984	0.0466936847	0.0025920495	0.0722787807	0.0607298792	-0.0089081875	0.078265585	0.0070449676	0.1163865008	0.0032507487	-0.0164954227	0.0781112018	-0.0200076255	-0.073451454	-0.0838346541	0.0564210216	0.027320436	0.0327884285	-0.0648468981	-0.0033015379	0.0097531566	0.0308637046	-0.0950959907	0.0646260612	0.1446777627	-0.1257250292	0.0058985969	-0.079588753	-0.0728509647	-0.0910422771	-0.0291226865	0.0293438744	0.0282119618	-0.0562485292	-0.0693299693	-0.0565195897	0.0014252301	0.0338586225	-0.0266357088	-0.0554293704	0.0039362083	-0.0131709382	0.043284917	0.1360254845	0.1281847978	-0.0945348265	0.0072328173	-0.0361462985	0.0169196379	-0.0650651328	0.0465929373	0.0112490422	0.0488946146	0.0193754021	-0.0042070579	0.0177429935	-0.0038061643	-0.0557855558	0.0216086678	-0.0571745803	0.1028624233	0.0337814697	-0.1521784722	-0.0540335168	0.0413414679	0.0612505235	-0.0113717251	-0.158185796	0.0856596884	-0.0230560866	-0.0953584645	-0.0748278945	-0.0819310425	-0.1000730438	-0.0720315717	-0.0088684663	-0.0159793207	0.0746694146	-0.0500258837	0.0732427099	-0.0797094788	-0.0653764878	-0.0153730864	-0.0606110321	0.0154417848	-0.0706643167	-0.0223756991	-0.0297751905	0.1489554584	-0.0906434341	0.0277283289	0.0538845525	0.0153752324	-0.0011945699	0.023126052	-0.0312300306	0.041643881	0.1264540788	-0.0277811166	0.1888258025	-0.0141620076	0.0225306936	0.0706608192	-0.0779874971	-0.0994520659	-0.0171514223	0.0381358526	0.0020261356	0.0876239872	0.0622264602	0.0748903878	-0.0034847761	0.0522366536	0.0968117097	-0.1567485392	0.0728263238	0.0996320921	0.0894075516	0.062591389	-0.0822314759	0.0563615044	-0.0190977232	-0.0220267751	0.0586984312	-0.0835038541	0.0	0.058112296929309	-0.0001281665119706	1.6426654790710932e-08	0.0033770390544001	0.0359469165378527	-0.0071102863997652	5.055617268668598e-05	0.0012921808085793	-0.2501062212375586	-0.1289146453999592	0.0625531219017306	0.0166189857985972	-0.0001969972898578	0.0009004484324197	8.10807379447275e-07	3.880793221131808e-08	0.0013630011687679	-6.904504642449988e-05	4.767218435761344e-09	1.857772186062661e-06	-4.365787998763547e-06	7.384896480067291e-05	5.453669602131026e-09	1.906010485014782e-11
806.5130159519543	0.777181551388594	650463.2448999174	0.6040111638187818	956.8514038995402	3.143438478179405	915564.609144521	9.881205466098857	790.1696391298515	0.7538723486736671	0.5683235180947511	624368.0586025997	796.5680298393955	661.9533683269638	1.059287	32.953285	0.1907094781883643	0.1029172178015553	-0.1249875956	0.1454953634	0.0593105417	0.0203094767	-0.0568936383	0.0342138737	0.0973784279	0.0530457707	0.0268182932	0.1061243963	0.0017971723	0.0515058492	-0.0707305587	-0.0785316356	0.0791595471	-0.0134760834	0.0143230007	0.0152580855	0.089390883	-0.1323342085	-0.1094543866	-0.1155391965	-0.0338464215	-0.0205471657	-0.0003335341	-0.1137118734	-0.0063143877	-0.1163554432	0.0119946387	0.0775582561	-0.1130913171	-0.0256593179	0.0446512088	0.0212301922	-0.1573839385	0.017411584	-0.0927088203	0.0258813238	-0.0294042736	-0.0287273841	-0.043671021	-0.0979456363	-0.0806270957	-0.0930254268	-0.0097068	-0.0084369058	-0.0425484169	0.1054038713	0.0630126158	0.0131537372	-0.019442773	-0.0174522221	-0.0867937059	0.079840493	-0.1022896729	0.0194080963	0.0519159355	0.0872780203	0.0118613774	-0.0633015841	0.0655206511	0.0715148412	0.0534324357	0.0348547257	0.0687760367	0.0264046576	0.0234837725	-0.0984968137	-0.1196019303	-0.0380320634	-0.0210274962	-0.0651197659	0.001370338	0.0506909472	0.0706170767	-0.0579411127	-0.0866888977	-0.0163589301	-0.0616345969	-0.0179898804	0.0241808105	-0.0390633623	-0.0131283907	0.0365806267	-0.0665508184	0.0304712179	-0.0729444855	-0.0439251605	0.1618828347	0.042082813	0.0698069133	-0.0394116441	0.0155907799	-0.0181374079	-0.0099713107	-0.0478457084	-0.0354574646	-0.0097521049	-0.070632242	-0.1027678858	0.042983578	0.0517066724	-0.0444369669	-0.0208734208	0.0902717647	0.023856191	-0.0897594891	0.0426699315	-0.0131518639	0.1376313057	0.0982042359	-0.0030576015	-0.0090486548	-0.0946104389	-0.0165112111	0.0320548397	0.1559637218	-0.0406528759	-0.020740724	-0.0264379338	0.0731636016	-0.0538651278	0.084956264	0.0524803408	0.0130230113	0.0717883753	0.0042299216	-0.0447827384	0.01313475	0.0587876668	0.0254459212	-0.0192163029	-0.0750106793	0.1343083457	0.010019318	-0.0330615647	-0.0039943514	-0.0380610005	-0.1562528035	0.0754581226	0.0711053557	-0.0306230577	0.0169475164	0.0807100075	-0.0491297661	-0.1019401381	-0.0517247012	-0.0018413751	-0.0036660643	-0.0401253836	-0.0731453035	0.0177106849	-0.0916869387	-0.0521269433	-0.0105175231	-0.099601748	-0.032699832	0.0267365328	0.0389923199	-0.0734209592	0.0875383113	0.0174555201	0.0129055588	0.0459882091	0.0997657483	-0.0247984288	0.0076539028	-0.0012432045	0.0161674522	-0.0464572143	-0.0442488502	-0.039375636	0.0102937104	0.0429458787	0.023098085	0.0477194609	-0.0481958546	-0.125445953	0.0936577075	0.1358444276	0.0646207399	0.119781175	0.0496984241	0.1037168069	-0.0737512196	0.1260347557	-0.0921047608	0.0459284028	-0.0301491727	-0.061448823	-0.023101922	-0.041982461	-0.0408189169	0.010343034	0.0609577599	-0.0659627781	0.1694558429	-0.0754226139	-0.0850804079	-0.1038576619	-0.0034728075	-0.0430282174	0.1364853332	-0.0218517095	0.0069503859	-0.0827511615	0.0582360367	-0.0226098321	-0.0173301903	0.0539637182	-0.0803012987	0.0	0.0582178040493346	0.0001055071200255	1.1131752376096008e-08	0.0033893127083267	0.0129876416601746	-0.0229592748776781	0.0005271283029087	0.0001686788358931	-0.1726634393522061	0.0774427818853525	0.0298126632889329	0.0059973844661422	-0.0013528037893623	-0.0011558064995045	1.3358886642968456e-06	1.830078092512998e-06	0.0016437546224994	0.0002807534537315	7.88225017821655e-08	2.7019292589881448e-06	0.0003631125448714	0.0003674783328701	1.3504032512903476e-07	1.318507202429845e-07
806.3162107671535	-0.1968051848008372	650145.8317459007	0.0387322807644916	952.5910366134138	-4.260367286126325	907429.6830362184	18.150729412695387	790.593535100067	0.4238959702155398	0.1796877935649738	625038.1377420209	796.3726458871047	663.6466582343189	1.055881	32.84734	0.0961784192315735	0.0560091837330707	-0.0265293182	0.1521043978	0.1293140415	-0.0979759528	-0.0333521057	-0.0522969902	-0.0203361252	-0.0844207405	0.0803833955	0.0689324623	-0.1053084334	0.0088865537	-0.0039931436	-0.0358237787	0.1099374966	0.1208813034	0.0622538143	-0.0366122292	0.0329278786	-0.114016866	-0.0050994817	-0.0310061776	-0.1249910057	0.0509359976	-0.0357969466	-0.0803481661	0.0301665655	0.0754542396	-0.0257320404	0.0950791484	-0.0082801682	-0.1081820364	-0.05318424	-0.1323138091	-0.092935689	0.0915115501	-0.0109217362	0.0147400812	0.0940857059	0.1458393018	0.0003464666	-0.0085041237	0.0318446741	-0.0517696696	-0.0764477396	0.0374323283	0.0091224173	0.0679908316	0.032873645	-0.0085711263	0.0818622699	0.1040049039	0.0535270171	0.1179316485	0.1442828292	-0.0263184578	-0.0023872008	0.038312916	-0.0058791418	0.0154786227	0.0668615927	0.0012963968	0.0010241157	0.0004765248	-0.000115785	0.0366653154	-0.0032226326	0.06111695	0.0722157683	-0.0390832026	-0.1307101351	0.0698931273	-0.0378383755	0.0402579283	-0.0838328797	0.0651466502	-0.0940213057	-0.0131295549	-0.0430218736	0.0321518447	-0.0616853764	-0.00226502	-0.0149483766	0.0462566883	0.0395930752	-0.1145897443	0.1537992478	0.0679006266	-0.0141590603	-0.0378964667	0.0652300087	-0.1140656027	-0.0380177636	0.0164213774	0.0645206229	0.1151883143	-0.1069253369	-0.0026089337	-0.0571153907	0.035967107	0.015183835	-0.1163045566	-0.0195149338	-0.0065702921	0.0798562243	0.0651257192	0.0506465739	0.1346855087	0.0002778077	0.0232669175	0.0066312293	0.0681467639	0.0431043864	-0.0808626693	-0.0274529437	-0.0045066284	0.0118754393	0.0298866003	0.0297469218	-0.0333836919	0.0590564694	-0.0420368916	0.1147403665	0.1239693756	0.0684726236	-0.0754197804	-0.0412439088	-0.1012585826	0.0052151861	0.0326334927	-0.0809375725	-0.018291246	-0.065409577	0.1333275531	0.0422686318	0.010345437	0.0023688011	0.0761550146	0.0907846784	-0.1469451217	-0.0316665885	-0.0176349601	0.0012134403	-0.1404691898	-0.0949688382	-0.0430601927	0.0414097725	0.0203247748	0.0345685388	-0.0715465367	-0.0909568746	0.0326921706	0.0308571267	0.0516435186	-0.0412300988	0.0847617962	-0.0480022969	-0.1085775966	-0.0262748949	0.0420631044	-0.0140074396	0.1068625491	-0.0983956776	0.0576047401	0.0686820113	-0.0507562435	-0.0757233111	0.0186743093	-0.0796811157	0.1305351835	0.0043066094	0.0546709298	0.0900074526	-0.0281764387	-0.0007506247	-0.0897517188	0.0583527776	-0.047000493	0.1284372829	-0.0187651087	-0.03914045	0.0262592255	-0.0631304733	0.1182290402	-0.1062218644	0.1005247949	0.0676035773	0.0255174835	-0.1521583904	-0.0708207677	0.0068290382	0.035051107	0.0189495728	0.003623178	0.0031202448	0.0130624246	0.1028680748	-0.0665513081	0.008695214	0.0332621495	-0.0868409451	-0.0742720049	0.009468253	0.0078862149	-0.1015733581	-0.0832565493	0.0600703222	-0.0260867859	-0.0125857064	0.0489959873	-0.0765995097	0.0	0.0584590741773496	0.000241270128015	5.8211274672376e-08	0.0034174633536728	0.0260440046480709	0.0130563629878963	0.0001704686144717	0.0006782901781087	-0.2153163188008733	-0.0426528794486671	0.0463611171419593	0.0018192681252625	-0.0007238703156942	0.0006289334736681	3.9555731430022265e-07	5.239882339432208e-07	0.0017638531712911	0.0001200985487916	1.4423661421872328e-08	3.11117800987367e-06	0.0004186386557515	5.552611088009999e-05	3.0831489894691592e-09	1.7525832408942297e-07
806.681488768572	0.36527800141846	650735.0243218797	0.1334280183202644	950.4315356829308	-2.159500930483091	903320.104020614	4.663444268757336	789.973461284132	-0.6200738159350294	0.3844915372082287	624058.069533232	796.0081047540675	656.0560412208789	1.02979	32.035667	0.037061640311202	0.0212089876097433	0.0008849197	0.1403657875	0.1221620176	-0.0351875115	0.1230641565	0.0028163983	-0.0020362012	0.0221382873	-0.0212413808	0.0356173726	-0.1031944051	0.0752989556	-0.0594661294	-0.0604096769	0.0442872793	0.1410603976	0.0191336229	-0.0544122244	-0.1461404871	0.0584491387	-0.0616803434	-0.0251385473	0.1005735121	0.0174060654	-0.0163137561	0.0193810357	0.110399578	0.0099152551	-0.0242634649	0.0049664923	-0.0033263676	-0.0473902722	0.0113807945	-0.0483891794	-0.0820154783	-0.0427381867	-0.0973386129	-0.0155137596	-0.030819372	-0.0962933932	-0.0423487133	-0.012004087	0.0187133364	0.0555984052	-0.0018131563	-0.0971997438	0.0482252856	-0.0373824552	0.0664927076	-0.0002020052	-0.0496764016	-0.0632500793	0.0481404795	-0.0382135756	0.0994530403	0.038245877	0.0076548575	0.0231886155	0.0454938315	0.0369667268	0.1282084586	-0.0101291241	-0.0022710626	0.0266475463	0.0044591346	0.0193054543	-0.1127348757	0.0963567366	-0.0333934862	-0.0389444758	-0.0172274865	0.0306474604	0.148238825	0.0273110276	0.0001559114	0.0094348072	0.0545965817	0.0089578282	-0.0212940488	0.0003383488	0.0971997008	0.0348625437	-0.0079129865	0.1288014712	-0.0751547505	0.007884535	0.2052461424	-0.0699973554	0.0424462886	0.0006241807	-0.0823503864	0.0576630426	-0.0503038432	0.1319262468	0.0069035079	0.0228466536	0.0049967696	-0.0189331657	0.0872595069	0.0462965373	-0.1319482868	0.0097067387	-0.0546493662	-0.0389864631	0.1276186876	-0.0393013674	0.0691646958	0.0543341189	-0.0844604181	0.012839569	0.0968349797	-0.0275487005	0.1085195649	-0.0739716316	-0.0693869667	0.0281089393	0.0764129259	-0.0357915803	0.0220437072	0.0974415495	-0.0416465962	0.0306255303	0.069335393	-0.1058017529	-0.0263386195	-0.0235737763	0.0160546442	0.0019173608	0.0024112248	0.0085104019	0.0039279168	-0.01641227	0.0103777582	0.0128779168	-0.0738506792	-0.1023406738	0.1022634011	-0.0291368692	0.0532172762	-0.0653548183	-0.0389598604	0.014833799	0.0560057832	-0.117783946	-0.0150983336	-0.0039115917	-0.0065831068	-0.1501235827	-0.0260495336	0.01146915	-0.0572130478	0.0145468641	-0.0208954246	0.0490233669	0.0342496282	-0.0324792913	-0.051185566	-0.0929157316	-0.0475516262	0.0268625777	0.1120883263	-0.0308903595	-0.0030124244	-0.1692437146	-0.0487201696	-0.0053766974	0.112817403	0.022128519	-0.0048909916	0.0040032603	-0.0564893054	0.127523761	-0.0149084222	-0.0006223168	0.0151689882	0.1471178426	0.0669401538	-0.0494801934	-0.1589413012	0.0068722941	0.0827631204	-0.0570110809	-0.0013761152	0.0828802099	-0.0574238415	0.1254693648	0.0831061923	0.1059866186	-0.0189479181	-0.0136571519	0.015027041	-0.0158932133	-0.0498869502	0.0399941826	0.0525009134	-0.0215242092	0.0552605955	0.1225102084	0.0524711983	0.0006925388	-0.0175624154	0.0229951736	0.0499667006	-0.0114802599	-0.0592818439	-0.0837475519	0.0618630933	-0.0295231785	-0.0078064368	0.0438166893	-0.072421501	0.0	0.0582145477551421	-0.0002445264222075	5.979317115760053e-08	0.0033889335703357	0.0426336213892	0.0165896167411291	0.0002752153836175	0.0018176256727576	-0.2154012119899988	-8.48931891254956e-05	0.0463976821267603	7.206853559897163e-09	-0.0009047909102159	-0.0001809205945217	3.2732261522085385e-08	8.186465912093168e-07	0.001597836875232	-0.000166016296059	2.7561410557182722e-08	2.553082679851162e-06	0.0003627234671575	-5.591518859400003e-05	3.126508315502591e-09	1.3156831362675798e-07
805.7704007575187	-0.9110880110532662	649265.9387369322	0.8300813638849965	957.2699545045564	6.838418821625623	916365.7657971554	46.76397197996358	791.3048180403238	1.3313567561917807	1.7725108122575006	626163.3150538299	797.9811672244593	678.4055560843766	1.140697	35.485867	0.0450008443892128	0.0293104169083612	0.0548759884	0.0209545673	-0.01876736	-0.1375680644	-0.0558765797	0.1464539252	0.1147618331	0.0805897658	-0.0861164401	-0.1808089216	-0.0399275558	0.0727249288	0.0334831505	0.0400832002	0.1979383505	-0.1020178402	0.1378263115	0.0223176132	-0.0532272749	-0.1025429102	0.0166260528	0.1215288824	0.0331490331	0.0299712424	-0.0194895954	-0.0295286338	-0.021660155	0.0506742424	-0.0336437786	-0.0340463998	0.0779258087	0.0371996606	-0.016906246	0.0002161942	-0.0284232522	-0.0061943448	-0.0308297834	-0.039759599	-0.1328783563	-0.0588008572	-0.0238129131	-0.0195031182	0.0481448368	0.0079393572	-0.0466520029	-0.0136937911	0.0214919104	0.00493504	-0.0373007681	0.0738379038	0.1145291732	-0.028430647	0.0118633348	0.0753096908	0.0162081874	-0.0507326313	-0.0148044088	-0.0529697204	-0.1245533152	-0.0414757448	-0.031081344	-0.1511574541	0.1192645966	0.0060744189	0.092791711	0.0241294418	0.166772006	0.0823828789	0.0694915324	-0.0877560655	-0.0758967334	-0.0911048127	-0.0513422235	0.075127613	-0.0941288354	-0.0011876918	-0.0236247503	-0.0758410464	-0.0539430042	0.0336180202	0.2227273383	-0.106801708	0.0463339486	0.0163071385	0.0890699059	-0.0122718028	0.0769247903	-0.0151632848	-0.0154949744	-0.0014946987	0.0031278966	0.0619285468	0.0017930492	0.0221069157	-0.0814906548	-0.0603172022	-0.0419626901	-0.0853674146	-0.0053290208	0.0240336345	0.0117568623	-0.0139396018	-0.034305087	-0.0190352594	-0.0411129651	-0.0416469318	0.0628249997	-0.0759867975	0.0564105574	0.0161613902	-0.0505280187	-0.0712573452	-0.087758405	-0.1473160702	-0.0934320801	-0.0081083118	0.0859624671	0.0376133233	-0.0022012148	0.0178737133	0.016853281	-0.0163208224	-0.0550432469	-0.0961225274	0.1103444352	-0.0404357281	0.0483391319	0.0714109126	0.0004008493	-0.0580774712	0.0945345204	-0.0492687736	-0.0201811826	0.0057983894	0.2054432713	0.0555911344	-0.0472253808	0.1146456202	0.0497690129	-0.0797792206	0.0807714508	0.0890410639	-0.1377319007	-0.1995259898	0.1433953392	-0.0383156074	-0.0320310877	0.0459284769	-0.0098610565	-0.0540743927	0.0474991032	-0.0149977962	0.0129567135	0.0525433919	0.0098269334	-0.0429175471	-0.1348799072	0.0724750579	0.1136013342	-0.025213148	-0.0751639429	0.0399438089	-0.0117752228	-0.1709437382	-0.1598508336	-0.0517466267	-0.1190478959	-0.0411253837	-0.019141908	-0.0700903552	-0.0116234973	0.1187124651	-0.0821635101	0.0491651568	-0.0176670488	-0.037856582	0.014104531	-0.0437270092	0.075856364	0.0163538681	-0.0565997463	-0.0687221488	0.0122302007	0.0616925759	-0.0426489477	0.1052756338	-0.0931690626	0.067391291	-0.0403328318	0.0950542362	0.0190475199	-0.0475318729	-0.0358264321	0.0757883779	0.1189786004	0.0039886708	-0.0185005629	-0.0335787711	-0.0440687164	0.0045961874	-0.0303966594	-0.0160127281	0.1446533564	0.0314881218	-0.049887299	-0.0842240844	0.063613111	-0.0329136668	-0.0030055908	0.0384481886	-0.0677932473	0.0	0.0579928439745742	-0.0002217037805678	4.915256631809897e-08	0.0033631699522593	0.0606993220207101	0.01806570063151	0.0003263695393073	0.0036844076937738	-0.2156238480688586	-0.0002226360788598	0.0464936438560222	4.956682361006969e-08	-0.0004277799123044	0.0004770109979115	2.275394921285251e-07	1.8299565337116014e-07	0.0015459243610336	-5.191251419839988e-05	2.694909130399069e-09	2.389882130037145e-06	0.0003618309013019	-8.925658555999569e-07	7.966738065828831e-13	1.3092160113694534e-07
803.6763480302254	-2.094052727293274	645895.6723832	4.3850568246844	956.7658817215472	-0.5040727830091782	915400.9524264096	0.2540893705706181	790.2914682598459	-1.0133497804778244	1.0268777775944549	624560.604804303	797.3893296061793	672.9133729696935	1.068196	33.230457	0.0652420408456937	0.0375587474460558	-0.0625638475	-0.0769482953	0.0764268433	0.01272982	-0.1038891799	0.0652798009	-0.0086522091	0.073037501	-0.1086670924	-0.0723698829	0.049104855	-0.0545260953	0.0209593608	-0.0318991168	0.0629021876	0.0717102848	0.0676473646	0.0228782414	-0.1073871335	-0.1032404304	-0.0580199768	-0.036396353	0.0446582818	0.0141866627	0.0098225866	-0.0653849474	-0.0797827372	0.0430963219	0.0634951915	-0.0454353624	-0.0293508919	0.0744402205	0.0557667258	0.0914966849	0.0215456785	0.0731566346	-0.0257574501	-0.0413421763	0.0496675074	0.0458011584	0.0114320702	0.0596476431	-0.0083892424	-0.0196278135	-0.0365446893	-0.1859619115	0.0086038336	0.0018814903	0.0529511917	0.0132095682	-0.1625991021	0.032465053	0.0482818825	-0.017544363	0.0018463204	-0.0318948968	0.1083115063	-0.0163404993	0.1090510766	-0.0623938422	-0.0290078839	-0.0894039779	-0.0187017413	0.1156656938	-0.101362422	0.0220812759	0.0372638793	-0.1415360626	-0.0126592756	0.0193292914	-0.0043442368	-0.0318246557	-0.0201166165	0.0872915619	0.0904831708	0.1724548236	0.0413683001	-0.1166578078	-0.0677825639	-0.0794162724	-0.1147709254	0.0807094132	0.0424158265	-0.0053724848	-0.0362140584	0.0360943707	0.0501406113	0.0009055809	-0.0253909651	0.0039469462	-0.0517015325	0.0700076472	-0.0872862913	-0.1332557881	0.0898229026	0.0511812643	-0.0431484182	-0.0082881394	0.1607384292	-0.0103431488	-0.0671872718	-0.0254063833	-0.0363882897	0.0652599343	-0.0445849222	-0.0666063031	-0.0574187857	-0.0842108169	0.0275735891	0.0338408687	0.0272326314	-0.0251622174	0.012129839	-0.0285260649	-0.1005006773	-0.0251493257	-0.1289904926	0.0352913222	-0.0024135251	0.041221041	0.0638396305	0.0378024215	0.1148863376	-0.0059932627	0.087660192	-0.0248282318	0.0299973814	-0.0692371423	0.0077298842	0.0652405044	-0.0348234978	0.1232033389	0.0150399875	-0.0642242476	-0.1579234116	-0.0288426817	-0.010602186	0.0922983514	-0.0277076793	-0.0185514936	0.0101355944	0.0713794007	-0.0574131292	0.083271937	-0.0166809749	0.090773109	-0.0167863559	0.0296086524	0.0209886301	-0.0057608426	-0.1460425244	-0.0613449709	0.0551934218	0.1390757811	0.0414447833	0.0779813842	0.052717653	0.024822659	-0.0838426274	-0.0932096939	0.0711247465	0.0372479123	0.0355101512	0.0065458376	-0.0347869188	-0.0478384864	0.0080591539	-0.0846340074	0.0781461258	-0.1074598257	0.0344643764	0.0243889504	0.041378905	-0.179021641	-0.0403756227	0.0647033004	-0.1012680221	0.0780376974	0.09587109	-0.0944464349	-0.0593128672	-0.0440086611	0.0584132527	0.0173666594	0.0484356345	0.1132753045	-0.0537296599	-0.0991495271	-0.0943081964	0.1088434044	0.032261727	0.0138406959	-0.0324801929	0.0462040529	-0.0265208987	0.0194696605	-0.0229876452	0.1049360127	-0.0370471006	0.0668982289	-0.0355348451	0.0480313307	0.0991702473	0.0452681035	-0.0208732591	-0.0846860645	0.0653191659	-0.0362529791	0.0018035623	0.0329136668	-0.0627435226	0.0	0.0655596902797839	0.0075668463052096	5.7257163006665584e-05	0.0042980729895811	0.072686072480181	0.0119867504594708	0.0001436821865776	0.0052832651325941	-0.2483107395263317	-0.0326868914574731	0.0616582233641137	0.0010684328731526	-0.0003328102258456	9.49696864588e-05	9.019241346082778e-09	1.1076264642739928e-07	0.0017109403395145	0.0001650159784808	2.7230273154008838e-08	2.9273168453779926e-06	0.0003617855137708	-4.538753110004158e-08	2.0600279793572417e-15	1.308887579744017e-07
801.9373706510091	-1.738977379216294	643103.546446654	3.0240423254259707	948.592652226126	-8.173229495421197	899828.019857396	66.80168038482303	789.7943702176359	-0.497098042210041	0.2471064635690557	623775.1472274722	795.9925300530346	656.5115209457947	1.016127	31.610636	0.1323900065284031	0.0743878448327926	-0.0599204501	-0.1100291755	0.0033273863	-0.0027862037	0.0189686564	-0.0671763818	-0.0458319014	0.100609314	-0.0129960813	-0.0029383919	0.0839267092	-0.0513935838	-0.0187381758	0.0073570645	0.0093317289	0.1186773029	-0.1531192051	-0.088530468	-0.0359291653	0.0086603182	-0.0969005766	0.0390232529	-0.0189229756	-0.0260345513	0.0219441801	0.003315232	0.108180284	-0.0660987986	0.0165195438	0.0261531956	-0.0226388819	0.0353205247	0.0490412581	-0.0150290746	0.0476811759	0.0289547919	-0.0075484876	-0.1105708071	0.1082220405	-0.0580088478	0.0448575467	0.0227765156	-0.0296555695	-0.007643131	0.0158690323	-0.0659931373	-0.0424884768	-0.0234421645	0.0672145354	-0.0196753671	-0.1185731599	0.0129285781	0.1438016216	-0.0215501508	0.0026002957	0.07042477	-0.0024455025	0.06325234	-0.0946606229	0.048741065	0.0909620709	-0.0633598652	0.0089410822	0.1081427486	-0.0076461116	-0.0385682249	0.0140195954	0.0136369067	-0.1132113036	-0.0291616403	0.0085909682	0.0527703553	0.0495949604	0.0731891597	-0.0260843831	0.0045793685	0.0039009816	-0.007482917	0.0050115871	-0.0437349728	-0.0638741093	0.0652502542	-0.0047273914	-0.0700747807	-0.0452856444	0.0161256037	0.0278130836	-0.0278450439	-0.0398394533	-0.1084951792	-0.0523638872	0.0589358229	0.1487944113	0.0575240494	0.0222544681	0.0149505928	0.0581658399	0.0816812443	-0.0362264319	-0.0445968092	0.0329669694	0.0217988119	0.0704376307	-0.0437850727	0.0791517796	-0.0031993866	-0.0390532808	-0.0121883052	-0.0198410799	0.0021945098	-0.067903042	-0.0485763447	0.063492091	0.0328262902	-0.05802229	-0.0807801629	-0.1520718615	0.0124274901	-0.0201076442	0.0052720316	-0.0203249991	-0.0564789712	0.0774888624	-0.0587000013	-0.0163752163	0.0743957456	-0.0895388845	0.006369578	0.0803730068	0.0563132156	-0.0726906267	0.0675916027	-0.0028660019	-0.0859679049	-0.0322177467	-0.0581747794	0.0892888157	-0.0153844091	-0.0112734801	0.0150404261	-0.0297134196	0.0775837698	0.0552685696	0.0349220834	-0.0530970188	-0.0419270423	-0.0727507373	-0.0861794614	0.0993112642	-0.0321664906	0.0264380639	-0.0842489779	-0.0503003455	0.1052527148	0.133153957	-0.0222518944	-0.0705917881	0.1006018052	0.0268691511	0.0607488608	0.065901715	0.0858778866	0.0849752138	-0.0195698705	0.0503731711	0.0189996391	0.080972356	-0.0260151603	0.0497174979	0.1923271348	-0.0589980224	0.0100717664	-0.0013845753	0.0617328644	-0.0834600435	-0.0181498908	-0.059614657	-0.0139563947	0.0068893244	-0.0398113196	-0.0580022472	0.0409743192	0.0799037238	0.0002088491	0.0145493953	0.0449240523	0.0999316969	-0.130893861	0.0179635294	0.0453620976	0.0065368026	0.0139540675	-0.0513459379	0.0576934466	0.0303328326	-0.0013733375	0.0031455856	-0.0251957937	-0.0643633352	0.0420053457	-0.0262833091	0.0768944148	0.0807333375	0.0152128205	-0.1192962461	-0.0851334125	0.0669800789	-0.0395359232	0.0066077305	0.0272370221	-0.057303721	0.0	0.0580683688930179	-0.0074913213867659	5.611989611981761e-05	0.0033719354658956	0.040268998143361	-0.03241707433682	0.0010508667085589	0.00162159221147	-0.1881537201930996	0.0601570193332321	0.0354018224225032	0.0036188669750588	-0.0008707904412016	-0.0005379802153559	2.8942271211448804e-07	7.582759924880772e-07	0.0016028415446942	-0.0001080987948203	1.1685349441601344e-08	2.569101017397689e-06	0.0003621983330262	4.128192553999924e-07	1.7041973762900417e-13	1.311876324469581e-07
801.3847896859284	-0.5525809650807787	642217.5811399596	0.3053457229696047	956.1366607463912	7.544008520265152	914197.3140232594	56.9120645538332	790.2105264065156	0.4161561888796541	0.1731859735428383	624432.6760436625	796.9877149598859	651.3793890258282	1.103217	34.319901	0.0553253888421528	0.0314291328092049	0.0096820431	0.0122524424	-0.1557216754	0.041054968	0.0218619332	-0.0441302223	0.0149239621	-0.0535306184	0.0480186752	-0.0262919124	0.1171665281	0.0515137543	-0.0092689101	0.0255283943	-0.0867290409	-0.0087720576	-0.0290314593	-0.0391468852	-0.0525077165	-0.1414049369	0.0125169859	0.0211308234	7.2467e-06	-0.0505355136	0.1206170011	-0.0192345351	0.0555606318	-0.0510596747	-0.0535608822	-0.074492461	-0.0844643746	-0.0201090517	-0.0117109474	0.0396818108	-0.0319016636	-0.0125264121	-0.0364783595	0.0048870707	0.0326881721	-0.0145914186	0.0383953576	-0.0122090907	0.0255880364	-0.0545166645	-0.0832998601	0.0564070995	0.0087890828	-0.0032619835	0.079881936	-0.0414755263	0.043599144	-0.039082275	0.0210960395	0.06745361	0.1094598072	0.0398707769	-0.0889713024	-0.0778791564	-0.0451340088	-0.1270714008	0.0878111327	-0.0017458431	0.0706486499	-0.0541590431	-0.0415327655	0.0350732701	0.0358291258	0.0815221712	-0.1071227677	-0.0237991475	0.0738840766	0.0545807956	-0.1142177434	-0.0610058319	0.0341129089	-0.0391120407	0.0620704664	0.0546712317	-0.0696322174	-0.0866623064	0.0569999913	0.039601054	0.0198558949	-0.0462536072	-0.0782716561	0.1075511971	-0.0577010967	0.0669617942	-0.0821354303	-0.0402746817	0.0017999326	0.0669774139	-0.0667603229	0.0991819468	-0.007841553	-0.001499311	-0.0278689426	-0.0656980818	0.0995142564	0.0821209806	0.0352598277	-0.0441562819	0.0569526974	-0.0247598082	-0.0424064869	0.0957288977	-0.0424866078	-0.0679479998	-0.0586262912	0.0062318571	0.0459842628	-0.0536997385	0.0287535772	0.0595124603	-0.0767147261	-0.0117639638	0.0036337966	-0.0833189776	-0.0710139092	0.0191154853	0.0236127309	0.009492061	-0.03152939	0.004995125	0.0278903797	-0.0765537384	-0.0552639241	0.0225965942	0.0429669656	0.0451234992	0.0255902079	-0.0545215791	-0.0227346458	0.0257644407	0.048557326	0.1460359852	0.087787606	-0.0280005658	-0.0995446782	-0.1384708665	-0.0885067359	0.0638467697	-0.0084698745	0.0174123971	-0.0234448646	0.0891816816	-0.0078661059	0.0272312788	0.0350482138	-0.0919234441	0.0679624321	1.60784e-05	-0.0297070028	-0.0927839649	-0.0056596175	0.0548660034	-0.0321573517	-0.0143586595	0.0757383131	0.0621437877	-0.0337849746	-0.0112469351	0.1030004772	0.1030811806	-0.1309620456	-0.0415986259	0.039090923	0.0055648144	0.0249178758	-0.0079214523	-0.0147541655	0.0300146124	0.0250639401	0.0688278794	-0.0176312392	0.0637338541	0.0240165121	0.0211646052	-0.1699317682	-0.0851771989	-0.1345425165	0.0828944023	-0.0264159822	0.0223395865	-0.0089205142	0.0255697905	0.0370386295	-0.0139313556	0.1005474727	0.1153778569	-0.0568276054	0.0174153473	-0.0139205848	-0.0400150244	0.0527303668	0.0187395608	-0.0464915859	0.0140958572	-0.0812941963	0.0392595026	-0.0872120524	0.0398379224	0.0295559121	-0.0577369112	-0.0919457118	-0.0855660509	0.0685947023	-0.0427573947	0.0113936355	0.0214427666	-0.0515076619	0.0	0.0523944634254291	-0.0056739054675888	3.219320325513409e-05	0.0027451797976386	0.0261045420293015	-0.0141644561140594	0.0002006318170071	0.0006814471145595	-0.1905452473863391	-0.0023915271932395	0.0363074913015211	5.719402316004059e-06	-0.0003883225465585	0.0004824678946431	2.3277526936134546e-07	1.507944001656784e-07	0.001781930912422	0.0001790893677278	3.2073001633143234e-08	3.1752777766451017e-06	0.0003618455940518	-3.527389743999683e-07	1.244247840607415e-13	1.3093223393470006e-07
800.4680344883421	-0.9167551975862124	640749.0742376297	0.8404400923013355	952.9137645999328	-3.222896146458311	908044.6427640164	10.387059570855827	788.9302479678784	-1.2802784386371968	1.6391128804392985	622410.936158658	795.8800930535675	636.8386611727136	0.9969110000000002	31.012857	0.0983478911139274	0.0564030896881302	0.106944956	0.0067631969	-0.0540489881	0.0780025731	-0.0421231105	-0.0117702383	0.0048990578	0.0389745006	0.0372440967	-0.1034209057	0.0076112759	0.0577274054	-0.0662336387	-0.0219734237	-0.0383402239	-0.0765390483	-0.1322309362	-0.0340962464	0.0353213352	-0.0765273485	0.0394437518	0.0808928319	-0.0635778437	0.0032460609	0.0349725608	0.0146910134	0.0974228816	0.0430634509	-0.1231245387	-0.0892690354	0.0349053263	-0.1112124318	0.0569436467	0.0183434579	0.0476157533	0.0157506123	0.0037806585	0.0413243301	-0.088441189	0.0944953436	0.0167251915	-0.0173144064	0.0224077028	0.0471521101	0.0445981026	-0.0176565681	-0.0201809831	0.0326417351	0.0371447593	-0.0816145299	-0.0101262358	-0.1317147119	0.1866298942	-0.062311171	0.0024001877	-0.0645253337	0.1069536371	-0.0218721331	-0.1365997578	-0.0751547032	0.090411313	-0.0572578374	-0.0167300448	0.0106139419	0.0031218941	-0.0530611344	-0.0134608629	0.0235171355	0.0104081117	-0.0048230667	0.0966131984	-0.047037653	-0.0611629359	0.013236489	0.0079246569	-0.0184466094	0.0332798936	-0.0295865634	-0.0201069522	-0.0079818004	-0.0376638368	-0.0565376992	0.0444147304	-0.1740226096	0.0873406887	0.0778711342	-0.0312971373	0.012445899	0.0350332066	0.0059528626	-0.1042821037	-0.0210854313	0.105646346	0.0413179602	0.0082826906	-0.0039737974	0.0486188083	0.0100963721	-0.0353268496	0.1148416157	0.0486054313	0.1323682599	-0.0779917704	0.0516549031	-0.0090987564	0.0582495684	0.0802911575	-0.0489802414	-0.0463405179	0.0595313935	-0.0458313538	-0.0401725833	-0.0150978352	0.0070587535	0.058600932	-0.0249105719	0.0060719141	-0.0202083366	-0.0188429981	0.0028067139	-0.0467252934	0.092356718	-0.06904465	-0.0587545049	0.0899302605	-0.0485818576	-0.0256229597	-0.0187474822	-8.94076e-05	0.0550082827	0.0223042817	0.0713357514	-0.0125772338	-0.1883420897	0.0041566545	0.0628722886	0.1653849929	0.0414035258	-0.0259410569	-0.0149959116	0.0006386016	0.0183281939	0.006738165	0.0350018897	0.0092145157	-0.0833596706	-0.0979367662	0.0222874555	0.0255198224	0.0335694527	0.0917155975	-0.0129776685	-0.0280455398	-0.0523397884	-0.0039211015	0.0338196361	0.0214541289	0.0776424171	-0.001319996	-0.01530627	0.067325985	0.0220233087	0.055242511	-0.0829813324	-0.0055822369	-0.1275085928	-0.100829705	0.008452485	0.051251065	0.2113497139	-0.0462359981	-0.1239941411	0.0312524809	-0.0156679065	-0.1004786099	-0.0878528811	0.0077887327	0.0129490272	0.002474653	0.0929009391	-0.0102463394	-0.0258876514	-0.0786244457	0.0441031523	-0.014906775	0.0165893871	-0.0736990135	-0.0844106453	0.1028226144	0.0371210806	0.0359737306	-0.0293651132	-0.1055972303	-0.001174737	0.0801948481	-0.0002471833	-0.0279113456	0.098935177	-0.0051643896	-0.0963531935	-0.1115864608	-0.0457636226	0.0908190943	-0.0246691491	-0.0796460287	-0.0859839051	0.07016192	-0.0459123846	0.0161480496	0.0155559202	-0.0453913792	0.0	0.0560357300550435	0.0036412666296144	1.325882266794346e-05	0.0031400030428017	0.01015657076411	-0.0159479712651915	0.0002543377874753	0.0001031559296863	-0.1964477480172206	-0.0059025006308814	0.0385917177010374	3.48395136975564e-05	-0.0014321436841456	-0.0010438211375871	1.0895625672736276e-06	2.051035532038132e-06	0.0015453680001082	-0.0002365629123138	5.5962011482386675e-08	2.388162255758417e-06	0.0001851065921879	-0.0001767390018639	3.1236674779847656e-08	3.426445047141752e-08
800.9886222884705	0.5205878001283963	641582.7730355822	0.2710116576425231	950.0005234977268	-2.9132411022060296	902500.994645955	8.486973719582602	789.4497025195857	0.5194545517073266	0.2698330312894596	623230.8328082623	795.8543794016781	647.8767170787188	0.989798	30.791576	0.115062822915806	0.0645583037207425	0.099969222	-0.0907712921	-0.0023724255	0.0102652084	-0.0992880293	-0.0198450525	-0.0033389689	-0.0256700013	-0.0530022197	-0.0392798642	-0.0237938281	-0.0169196912	-0.0317091792	0.037887215	-0.0623862805	0.0519066845	-0.095652468	0.0033780901	0.0623171681	-0.1125371859	0.0969201544	0.0813636277	-0.0943494267	-0.029686309	0.0327091509	0.0787321815	-0.0636501097	0.0486561985	0.0074630559	-0.103261699	0.026247566	-0.1027983763	0.0764487574	0.0508716075	0.0737922558	-0.0102827114	0.0633775947	0.0052693802	0.0292619252	-0.0133370136	-0.035639735	-0.0032066078	-0.0487297605	-0.1072385671	-0.0324596992	0.0161417298	-0.0009152584	-0.0363710646	-0.1076336985	0.1352384464	-0.0092690703	0.0152610163	-0.0250797902	0.0427947212	-0.0516971101	-0.1100392851	-0.0138776543	-0.0459522325	-0.0078681764	-0.0732037408	0.0924836999	0.0127990079	-0.1206678343	-0.013037251	0.0187424068	-0.0386098088	-0.0284771217	-0.0019660249	0.0326510786	0.0812376651	0.0440483984	-0.0028688085	0.0496344296	0.0200509658	0.1067776418	0.02391782	-0.0289218042	0.0707472946	0.0815097371	-0.0930375158	-0.0113175793	-0.0338977879	-0.0759038174	0.0273423287	-0.0173522732	0.0840047139	0.1094686216	-0.0924951599	-0.0770059465	0.0276002293	-0.0084986275	-0.0043178729	0.0714112133	0.010665954	0.0411626509	-0.0706621782	0.0612682566	-0.0216670952	0.0056367366	-0.0233074823	0.044024375	0.0226871666	0.0069731999	0.0112183192	-0.0499171489	-0.0286027206	0.0456160953	-0.0405083846	-0.0665763873	0.0571426133	-0.0394943719	0.0604919525	-0.0411763933	0.0097392697	0.0344731385	0.0665699264	-0.1238346834	-0.0378781882	-0.0515162581	-0.0749479373	0.0643584574	-0.0321811212	-0.0295355558	-0.0921495103	0.0225653014	-0.041208426	-0.0678418217	0.0090112474	0.065830072	-0.1067815138	0.023556365	0.0408059881	0.0219081868	0.0612778618	-0.0170886392	0.0471228902	-0.0201083931	0.1042997925	0.0266243179	0.0673920376	0.0223428394	-0.0217956175	0.0542272507	0.1372983952	0.0146534883	-0.0519973263	-0.0117316564	-0.0307856266	-0.0788579429	0.023073224	0.0037878723	0.0982513757	-0.0594112377	-0.0599122546	0.0553307825	-0.0007785436	0.0716048763	0.0238050727	-0.0084283738	0.0527695937	0.0442424581	0.0032175346	0.0301783885	-0.0119740596	-0.0100387481	0.0556077429	0.0020371395	0.0726406479	-0.0501936188	-0.0762577599	0.0533778156	0.0054282717	0.0655564614	0.0190955721	-0.1056140617	0.018055464	-0.0265991213	0.0661683668	-0.1092671874	0.0365833687	-0.0067775254	-0.0699528919	-0.0093653128	0.0328412447	0.0234119704	0.0261596356	-0.0277156916	-0.1499306062	0.0047495334	0.0511632743	0.0143057697	0.0265666683	0.0084451392	-0.0171311289	0.0319174865	-0.0568333836	-0.0584732506	0.0216195264	-0.0635698403	0.0374556353	-0.0672836225	-0.0119035114	0.0756728018	0.0201287041	0.0227257563	-0.0863869029	0.071680649	-0.0489959873	0.0208578319	0.0096019025	-0.0389928981	0.0	0.0557455306709187	-0.0002901993841248	8.421568254641688e-08	0.0031075641897823	0.0259966099579855	0.0158400391938755	0.0002509068416635	0.0006758237293076	-0.2147315333042314	-0.0182837852870108	0.0461096313951862	0.0003342968044215	-0.0003206485742716	0.001111495109874	1.2354213792738157e-06	1.0281550818240979e-07	0.0011229604431626	-0.0004224075569455	1.784281441647503e-07	1.2610401569079431e-06	0.0002641799063842	7.907331419629998e-05	6.2525890179867756e-09	6.979102293716467e-08
801.4160130541425	0.4273907656719302	642267.6259795974	0.1826628665816387	953.268930700441	3.268407202714229	908721.6542387622	10.682485642754251	789.9163560215566	0.4666535019708817	0.2177654909016877	623967.8495103745	796.6360367706666	650.6736583551211	1.010553	31.437218	0.0777333972187934	0.0437855634551059	0.0121684991	-0.1424620912	-0.0318864092	-0.0068011717	0.0580253023	-0.0671683616	-0.0064445653	-0.0194582249	-0.0647667336	0.0203010081	0.049847266	-0.0428116031	-0.024999023	0.0663939391	-0.1272338177	-0.0065505561	-0.0467728688	-0.0553776755	0.015528125	-0.0447688516	-0.0143754421	-0.0174373562	-0.1361998956	-0.0673915898	-0.0690061703	0.0177045245	0.08095065	-0.0031366699	0.0460111915	0.0442082778	0.0557720118	0.0361369332	0.0988868904	-0.0122527302	-0.0434868014	-0.0366235651	0.0277447955	-0.0191338078	0.0201990676	0.0532833357	-0.0167535562	0.0699229018	-0.0751788282	0.0208063722	0.0008854645	-0.0339813931	0.0222941356	-0.0470178197	-0.0305757841	-0.0042595075	-0.0403381223	-0.05047849	0.0454034412	-0.0283480742	0.0154570223	-0.0673402225	-0.0639536678	-0.0426116466	-0.0398045956	0.0789585574	0.0121288026	0.0062728943	0.0118701832	-0.0074509481	-0.0378037531	-0.0374336774	0.0276874901	0.0105799814	0.0876958738	-0.0194335365	-0.0040103798	0.056502932	0.0702171339	-0.0305145923	-0.0624832959	0.0319695216	0.0663698246	-0.0806681233	-0.0154599071	-0.0336159794	0.0744592072	0.2276704392	-0.0855478697	-0.0143812344	-0.0504883621	-0.0478627885	-0.0329568	-0.0145057739	-0.0341812589	0.0499511689	0.0545262782	0.0054043725	-0.0238010212	0.0425784188	0.0616937751	-0.1401894971	0.0622373895	0.0621426776	-0.0922391973	-0.039009127	0.0283620174	0.0405016432	0.0893593021	-0.0339927897	0.0585715263	-0.0727603855	-0.0206806441	0.0176818722	-0.0213578286	0.0019744477	0.0181549635	-0.047651052	-0.0148249374	0.0127857054	0.0184131114	0.0349437305	-0.0435627622	0.0528835249	0.0051069984	-0.0948327986	0.0054330941	0.0530061757	0.0327699024	-0.053373996	0.0274466549	0.0053471051	-0.0359573583	0.0162867993	0.0230659111	0.0404990687	-0.0157159832	0.0092975925	-0.0238492937	-0.1208010343	0.0465441293	-0.0097041772	0.0339806627	-0.0709163595	0.0894499791	-0.0421796335	0.0131951645	-0.0224751435	0.0003403023	-0.0222467657	-0.0012428036	-0.0375049183	0.0150855145	-0.0073730176	0.0030309967	-0.011610619	0.0024187987	-0.0332715393	-0.0218443376	0.0678390084	0.0507663319	0.0041538353	0.0479610281	-0.0904522147	-0.0203513473	0.0914519855	0.040836914	0.0263081122	0.0214918277	0.0937346925	0.0188485253	0.0944207302	0.2120496592	-0.0430713577	-0.0585503422	-0.0539105529	-0.0278003774	0.0682944452	-0.0053266109	0.1267364138	-0.0047158389	-0.1025937757	-0.0084071042	-0.0063602204	0.0688708706	0.0592424192	0.1362243709	-0.0284131796	0.0824610482	-0.005358474	0.0301620369	0.0164662601	0.0986133362	-0.1145561406	0.0720052253	0.0290208318	0.007756723	-0.0234390597	0.0020584006	0.0218604509	0.0309530869	-0.1150994981	-0.0375183012	0.0689378485	-0.0730960019	0.0510981575	-0.1260426744	0.0716386278	0.0823937833	-0.0199473409	-0.0525758653	-0.0867749746	0.0731498398	-0.0520034083	0.025509965	0.0036064234	-0.0323519979	0.0	0.0560418719189925	0.0002963412480738	8.781813530993933e-08	0.0031406914081847	0.0322337229312523	0.0062371129732667	3.890157824129298e-05	0.0010390128940087	-0.2016602993013236	0.0130712340029078	0.0406668763142994	0.0001708571583587	-0.0008352514199964	-0.0005146028457248	2.648160888280624e-07	6.976449346060027e-07	0.0017478817766305	0.0006249213334679	3.905266730232984e-07	3.055090705076993e-06	0.0002872299070824	2.3050000698200007e-05	5.313025321870208e-10	8.250101952256412e-08
801.5251059411087	0.1090928869662093	642442.4954539054	0.0119012579866221	951.8040038860396	-1.4649268144014511	905930.861813496	2.146010571552384	791.2582315527412	1.3418755311846553	1.8006299411921007	626089.5889999714	797.7029137220048	643.3481525621916	1.080677	33.618729	0.1129860071404397	0.0506354239601512	0.003401009	0.0040552831	-0.1552860236	0.0590958671	-0.037002872	-0.028439584	0.0459191162	-0.000680505	0.0301737112	-0.0336846961	0.0848457044	0.0403955937	-0.0427347574	0.0780394679	0.043208149	-0.1078350382	-0.0676359739	-0.0545718473	0.0635284297	0.0111836193	0.0395744549	0.0833643492	0.0127911772	-0.0605961908	0.17495148	0.0334245611	-0.0008695242	-0.0233045163	-0.0144731887	0.1137417824	-0.1262760085	-0.0060163473	-0.0707559643	0.0964524279	-0.003549452	0.097519858	0.0372664842	-0.0833446823	0.0192109289	0.0389734786	-0.0905429274	-0.0017283314	-0.0363392744	0.0128638808	-0.0437853158	-0.0068667027	-0.058254675	-0.0378850263	0.0180366896	0.0204514282	0.0391895153	-0.0389674599	0.0225409465	0.0045501456	-0.0767478466	0.033917948	0.0226966089	-0.0928769064	-0.0561873485	0.0114247389	-0.0526786726	0.0419366505	-0.0937493545	-0.0412800727	0.0474227228	-0.0482258439	0.0317512944	0.0928500981	-0.0049517243	0.0591080955	0.0431133774	0.0739129449	0.018640681	0.0362588433	0.1172223431	-0.0512984195	-0.0444149198	0.1070818529	-0.0594284312	0.0559357793	0.1322042668	-0.0151888019	-0.0187795215	0.1054662923	0.0940455504	0.0031801701	0.0240788213	0.0175694422	0.0344468009	0.0811381266	0.084508728	0.1104087073	0.0747591971	-0.0277240906	0.0328348343	-0.01385869	0.035208873	-0.0754590396	0.0775047165	0.0098954589	0.0953890382	0.0291398628	-0.0748881712	0.0021167937	0.054391576	0.0675231411	-0.0896263766	-0.0442417524	0.0465650908	0.0780949722	0.0298028072	0.050879705	0.0653343155	0.0202746632	0.048654666	-0.0170240537	-0.0093682142	0.0084801821	0.1018847746	0.024737834	0.0563102039	-0.0413054838	0.007679663	0.0044665877	0.1661880232	0.0308624019	7.64274e-05	0.0563825709	0.0356492632	0.0134071892	0.0093733482	-0.0086128467	-0.0540533828	-0.0089627476	0.0628941308	-0.0486200498	-0.0424018188	0.0437537413	0.0215957042	0.0495809639	-0.0837195294	-0.0505822319	0.0507653832	0.0748651707	0.1036741854	0.0591330279	0.0190887274	0.0282333752	-0.0291140557	0.0124644866	0.075091465	0.0640212972	-0.1353056616	-0.0006715002	0.0104122977	0.0466605642	-0.0717145371	0.0085876432	0.0626363957	-0.0158657971	-0.0437525211	-0.1240844399	-0.0567893069	-0.1315196593	0.0616324357	0.0340057179	-0.0465621489	-0.0663297796	0.007553889	-0.0264310166	-0.1297414878	0.046124771	0.001966017	0.0469143521	-0.020002702	0.0671067338	-0.0746024504	-0.0447569025	0.070602675	-0.0420728084	0.0606877445	0.117380697	-0.0258775033	0.0009248683	-0.0466163674	-0.0177623041	-0.0539112005	-0.0276289902	0.1211579929	0.0256304487	-0.0241697993	-0.0159292165	-0.0392651548	-0.06576596	0.0447119692	-0.0296202336	0.0465790606	-0.0303523813	-0.1814887584	-0.0243507843	0.0278828055	-0.0265720633	-0.0211965844	0.0929830741	0.0172784006	-0.0871480531	0.0745684769	-0.0549299716	0.0300915909	-0.0024046285	-0.025509965	0.0	0.0448866525498345	-0.0111552193691579	0.000124438919174	0.0020148115771295	0.0084095122391687	-0.0238242106920835	0.0005675930151007	7.071989610072815e-05	-0.1713415962649662	0.0303187030363573	0.0293579426106266	0.0009192237538068	-0.0012499377155152	-0.0004146862955188	1.7196472369110553e-07	1.5623442926673571e-06	0.0015790537224615	-0.000168828054169	2.85029118744908e-08	2.49341065841952e-06	-8.301322408661499e-05	-0.000370243131169	1.3707997617783642e-07	6.891195373254555e-09
802.5342629548668	1.009157013758113	644061.2432165113	1.018397878417192	957.9373014841648	6.133297598125182	917643.8735747637	37.617339427168126	791.0903861286583	-0.1678454240828841	0.0281720863855632	625823.9990251898	797.8712455881122	650.9280470850725	0.99946	31.092142	0.0279053413334833	0.0163974603497981	0.0139911493	-0.0183507481	-0.0159003679	0.0629762064	-0.0914090446	-0.059450422	-0.0251186512	-0.0954101336	0.0369981645	-0.0227326467	0.0471919021	-0.0756663932	-0.0341149681	-0.0252578892	-0.0558575362	-0.0043595482	0.110948613	0.0162701755	-0.0494728297	-0.0311249927	0.1709461445	-0.1290588624	-0.1108293663	0.041237848	0.0038113837	0.0894740942	0.007635553	-0.0080512215	-0.0674489883	0.0114248345	-0.0789135786	0.0004059203	-0.090707997	0.0762796773	0.0056876455	0.0667687684	-0.0482207499	0.07947833	0.0844264067	-0.0693804898	0.0384429878	0.0068126215	0.0212313282	-0.0812788377	0.0578903351	0.083338055	-0.024261245	-0.0861860728	0.1043740968	-0.0628729273	-0.0441505984	0.0372798347	0.0053250653	-0.1015175362	-0.0288786686	0.0360513628	0.0390930608	0.0488097624	0.0983047666	0.0163286167	-0.00722778	-0.0080413957	0.0772065756	-0.0082526747	-0.0112096429	-0.0820987502	-0.0185412518	0.0781260895	-0.0067925059	-0.1156150103	-0.0532381373	-0.1365050581	-0.0452849272	0.0432791185	0.0894459204	0.0605191241	-0.0165053367	0.0893861576	-0.0566277509	-0.0682919724	0.0022147121	0.0561164193	-0.0704655997	0.0069232234	-0.053759744	0.0151789177	-0.0561276578	-0.0435610275	-0.0793217284	0.084297761	0.1036867646	0.0046104913	-0.0282708382	0.0801130391	0.0508787619	-0.0003514365	-0.0307495356	-0.0144728896	-0.0028149793	0.107214703	0.06909354	-0.1194939685	-0.0788066778	-0.0271400246	0.0359298453	0.04688059	-0.0206641845	-0.0416888201	0.0562917341	0.0343374275	0.0132836923	0.0388197602	0.0435450821	0.0208525909	0.0009034623	-0.0663118395	-0.0304764745	-0.1488260096	0.0752775639	0.0059108794	-0.0254132815	-0.0136851253	-0.0089215331	-0.0253264737	-0.1412347871	0.0226150223	0.0219382231	-0.1140208741	0.0073626911	0.0104132319	-0.097417953	0.0020896762	-0.0240509058	0.1033269441	-0.0422570214	-0.0101425866	0.0401453778	-0.0583566757	-0.155051844	-0.1091674278	0.0359062098	-0.0866239541	-0.0525705911	-0.0285014951	-0.0494004579	0.1223783282	-0.0901440414	-0.0090003789	0.0681499462	0.0170462213	-0.0090270152	0.0711644292	-0.1005240998	-0.0055662645	-0.0758840582	0.1120540659	0.0037501769	0.0289820707	-0.0525657214	-0.0622560947	0.0215271342	0.0762053481	0.0428504245	-0.0454524182	-0.0657227169	0.0796002355	0.0439006251	-0.0431069207	-0.0316852241	-0.0084146951	0.0206299356	0.0967431984	0.0271164559	0.1059431064	0.0021148112	-0.0218046308	-0.0312869452	-0.0463814002	-0.0358469797	-0.0072768536	-0.041961047	0.0575147405	-0.0154003641	-0.008863271	-0.0599464074	-0.0394642562	-0.0172126821	-0.1121396147	-0.0078781424	-0.0236588192	0.0079879437	0.0360148696	0.035214838	-0.0798733538	-0.038951908	-0.0603963844	0.0189931519	-0.0584288788	-0.0482804433	0.1624480958	-0.0543360452	0.0351080598	-0.0146109901	-0.0814218567	-0.0281546416	-0.0875060741	0.07593558	-0.0577711266	0.0345900464	-0.008405297	-0.0185093366	0.0	0.0431314222841905	-0.001755230265644	3.0808332854327184e-06	0.0018603195882571	0.0082630189176597	-0.0001464933215089	2.1460293246739026e-08	6.827748163360208e-05	-0.1800318036959396	-0.0086902074309734	0.0324114503420133	7.551970519334532e-05	-0.0009989444145976	0.0002509933009176	6.299763710551292e-08	9.97889943455742e-07	0.0014910369040754	-8.80168183861e-05	7.74696031881171e-09	2.223191049314754e-06	-7.575513708317559e-05	7.258087003439396e-06	5.2679826949495877e-11	5.738840794490725e-09
802.8703843762252	0.3361214213583707	644600.8541084275	0.1129776098959714	953.9001176846738	-4.037183799491004	909925.4345188343	16.298853030872618	789.4001887493054	-1.6901973793529803	2.856767181171683	623152.6579974389	795.8784455510253	641.721758115985	0.997444	31.029428	0.0625131452109944	0.0285321958823608	0.0396981614	0.0394816283	0.0119069119	0.0348140613	0.0453639844	-0.0879385281	-0.0827055663	0.1058445353	0.0586230227	-0.0271701793	-0.019301218	-0.0521236193	0.0247112524	0.0982247095	-0.0493440135	-0.0071143768	0.0335081213	-0.0501563146	0.0140632363	0.0371134436	-0.0370242157	-0.14224689	-0.0533562097	0.0890377536	-0.0299957003	0.0307244505	0.0362802721	-0.0008834953	0.0355616496	-0.0800435178	0.0157211307	-0.0906505606	-0.009799528	-0.041286222	0.0324178657	0.0429478835	0.0070536611	0.0677429606	-0.0446163024	0.0121122046	-0.0025408864	0.013507318	-0.0144660149	0.0491641282	-0.0087693829	0.0044006549	0.0601284659	-0.0653579815	-0.0076996083	-0.0786120667	-0.0362501284	0.1166910658	-0.0022380333	-0.0592717251	-0.0573989419	-0.0263792608	0.0270318473	-0.1092375363	-0.062539174	-0.0179095622	-0.0892134358	0.0288567925	0.0447830139	-0.1316863332	-0.103453067	0.061705902	0.0428240531	-0.0127652218	-0.0224355332	0.0342800675	0.0539193012	0.0210655994	0.0399311766	-0.0041326422	0.0126091544	-0.0193388016	-0.0357471643	-0.0319121387	-0.0234247039	0.0094042511	0.0185317957	0.1212014909	0.0066365244	-0.0374616027	0.09658605	0.0928971728	-0.1226414051	-0.0038922315	0.0279228971	0.0160016902	-0.0186347387	-0.0792070183	-0.0660044125	0.0324184947	0.0177446179	0.0343202949	-0.0030400452	0.0275836633	-0.0411779407	0.1471779413	0.0282822206	0.1438183188	-0.0084669865	0.0403214873	0.0960645639	0.0738812428	0.0523829267	-0.0055569464	-0.0342774335	0.008366958	-0.0392429243	-0.0411577009	-0.00172492	0.0133394667	-0.0242720908	-0.0091597168	0.0184845684	0.0423524219	0.0513111917	-0.0538902496	0.0050000788	0.0239567831	-0.023461234	0.0433958416	-0.0476362133	-0.0011673085	0.0534594308	-0.097212493	-0.0528709187	-0.0731512008	-0.0761200339	0.0143084925	-0.0045891452	-0.0745608465	-0.0065078266	0.1242471483	0.0213752946	-0.1247332987	-0.0789002303	-0.0006893574	-0.0252136052	0.0491940159	0.0892536783	0.0650125639	0.0210839434	-0.0120835968	-0.0060215219	0.1111533924	0.0762139337	-0.000847924	0.061778611	0.0215118278	0.0829305247	0.0120588195	-0.0754022739	-0.0483581262	0.0885033164	-0.0135741201	-0.0108466099	0.0040084433	-0.0054540493	-0.0711247343	0.0053806642	0.0578405696	0.0378034754	-0.058794896	-0.1280220781	-0.0675127509	0.0628040599	-0.0368006537	0.0665232187	0.0406430858	0.035061245	0.1732024877	-0.0633543572	-0.0203451898	0.0900259292	-0.0311556843	-4.12422e-05	-0.0590230226	0.0627936721	0.0429660466	-0.0790092185	0.0317264804	-0.0346570382	0.0043409962	0.0989850761	-0.0321442603	0.044907062	0.0234971893	-0.0185659432	-0.0170221892	-0.0349960269	-0.0046261311	0.0146073893	-0.0962567605	0.0215767675	-0.0568272958	-0.044420073	-0.0333220261	0.0447552105	-0.0600910918	0.0452328962	-0.046167301	0.0171995109	-0.0878489756	0.0772502043	-0.0605224558	0.0389928981	-0.0143696711	-0.0113936355	0.0	0.0476429118126446	0.0045114895284541	2.0353537765351e-05	0.0022698470459874	0.0245901292838652	0.0163271103662055	0.0002665745329102	0.0006046744581972	-0.1966685730854607	-0.0166367693895211	0.0386785276394712	0.0002767820957201	-0.0011415980049803	-0.0001426535903826	2.0350046849075145e-08	1.303246004975001e-06	0.001658436393245	0.0001673994891695	2.8022588974243012e-08	2.7504112704394843e-06	0.0001149473019008	0.0001907024389839	3.636742023443693e-08	1.3212882214273658e-08
803.0279969416179	0.1576125653926965	644853.963872067	0.024841720769667	955.0071381322596	1.1070204475857963	912038.6338835688	1.2254942713730568	791.2207142977535	1.8205255484481315	3.3143132725523694	626030.2187338473	797.5457179482795	651.2309942694582	1.017848	31.664186	0.0446988689691616	0.028650045426991	0.1185522458	0.0358441339	0.0289265308	0.068088383	0.0663992363	0.0200343535	0.0388269823	0.0437260587	-0.001028702	-0.0807527172	-0.0535690183	0.037787593	-0.0971851382	-0.0002562105	-0.0192672877	-0.0360114764	0.0317703676	-0.0720082192	-0.0324174708	0.1004818039	0.0194891093	-0.073502379	-0.049627036	-0.0103012228	0.0624361712	-0.0091590874	-0.0017085949	0.0292923553	0.0047509142	-0.080682502	0.0905891141	-0.0571267909	-0.0104867352	0.0679492746	0.0047020418	-0.0446459836	0.036358344	-0.0339011274	0.0752401852	-0.1074702421	-0.048230395	0.0290658659	0.1029372472	-0.031534527	0.0733771977	0.0357191487	-0.0637179002	-0.0165364024	0.0599168764	-0.0457847967	-0.013441551	-0.0788706466	-0.0081202484	-0.0168235832	0.0886492816	0.00598295	-0.0704517354	-0.082981622	-0.0838793855	-0.0871420321	0.0451328681	-0.0013657995	0.0966254167	0.0625381778	0.0124146979	0.0867944947	0.1426342609	-0.1025197074	0.0299641516	0.0373668529	0.0745565056	-0.0525565136	0.0088860716	-0.0963908846	-0.0063588314	0.0333904427	0.0543870765	0.0020072064	-0.0080198245	0.0838591229	0.0175837854	0.054409104	-0.020270887	-0.0078389465	0.0258224575	-0.0417910686	-0.0922908435	-0.0691302464	0.0217190538	-0.0026249618	0.0176313005	0.0332727487	0.0342356232	-0.0299095535	0.0111814441	-0.0623986788	-0.0193302822	-0.0451134356	0.006817369	0.0129060735	0.1625921943	-0.0528125384	-0.0012815847	0.0557631622	-0.0273351335	-0.0198432585	0.1064057542	-0.0220309584	0.0274669899	0.0235945958	0.0140609219	-0.0616146889	0.0234824486	0.0270530666	-0.0093969588	0.0734354918	-0.0401828659	-0.1591897264	-0.0290495773	0.0702562543	-0.0685123463	-0.0592048328	-0.0648711047	-0.0145773907	0.0084842933	0.0722713242	-0.0706627899	0.013656658	0.0374963131	0.0411041387	0.0115937316	-0.0625471868	0.0448474983	-0.0935222011	0.1040015475	0.0625589794	0.1029456646	-0.0260788875	-0.0125055303	0.0743801097	0.0329539291	0.1192173198	-0.0841966762	0.0539178233	0.033291123	0.0044612113	0.0656645905	0.1149619327	0.0631352017	0.0507927697	-0.0821839877	0.0762531016	0.035888098	0.0174994122	-0.002090741	-0.0172382689	0.0644202174	-0.1256183359	-0.0258349363	-0.0485787658	0.0108731685	-0.0497234804	-0.0914879214	0.0446028137	-0.048512556	-0.0832289044	0.02281324	0.0703271733	-0.059124361	-0.0613870731	-0.1156006645	-0.0588415372	-0.0329748902	0.0541773156	0.0448680776	-0.0151961518	0.0022954998	-0.0695436533	0.0221002218	-0.0358536983	-0.0434180056	-0.0911548545	-0.0413827366	0.055626791	-0.0497861716	-0.0180117637	-0.0200868487	0.035084092	0.1024228114	0.0052121642	0.0265155689	-0.0187500502	-0.0249709644	0.0211988633	0.0405738168	0.0277234712	-0.0486535473	0.0027716167	-0.0257494764	0.0806044147	0.1060754708	0.01727046	-0.0054069309	0.0096350957	-0.0166892873	-0.0881766985	0.0785114412	-0.0631796814	0.0432879769	-0.0202719962	-0.0042071001	0.0	0.0460531476101664	-0.0015897642024782	2.527350219481152e-06	0.0021208924048037	0.020174877254746	-0.0044152520291192	1.9494450480641227e-05	0.000407025672244	-0.1966537098019216	1.4863283539112704e-05	0.0386726815788583	2.2091719756405868e-10	-0.0016740257796785	-0.0005324277746981	2.834793352700772e-07	2.8023623110282094e-06	0.0015029734106757	-0.0001554629825693	2.4168738949342512e-08	2.258929073198146e-06	2.9258270087797827e-05	-8.568903181300217e-05	7.342610173049698e-09	8.56046368530525e-10
802.5252263189145	-0.5027706227033377	644046.738878225	0.2527782990535019	957.2587354546351	2.2515973223755736	916344.2866042072	5.069690502128853	790.5574557039695	-0.6632585937840076	0.4399119622283393	624981.0907691336	797.7050518189434	657.1230366355494	1.028308	31.98958	0.1081412047282388	0.0578879699471179	0.0635613365	-0.0450323845	0.0256110624	0.0073070604	-0.0809437922	0.0279285652	0.085905061	0.045838542	-0.1145574334	-0.0732255843	-0.0408354085	-0.0139234725	0.0546525112	-0.005194762	-0.0168161192	-0.059500941	-0.0171232083	0.1131140163	-0.0164286826	-0.0376292097	-0.0674331441	-0.0028941081	-0.0016552415	0.1056016315	-0.0980816241	-0.0564254754	-0.0062943381	0.0043579952	-0.0718183048	-0.1126356185	-0.0023182356	0.026055064	-0.009642005	0.1149861218	-0.041793836	-0.001998262	0.0708630404	-0.0078426187	0.0363961861	-0.0374560706	-0.0172680367	-0.0285598689	-0.0398299845	0.0811096018	0.0802269903	0.0012053282	0.0736036054	-0.088174918	-0.0251360574	0.1244197086	-0.0828215019	-0.1139956353	-0.0101292988	-0.0619326526	-0.0536889606	-0.0605594762	-0.0112119906	-0.0143868151	0.0881750717	-0.0252052755	0.0394114951	0.0123071611	0.0059784356	0.0194506994	-0.1230442531	0.0045608458	-0.0706929107	-0.0339721874	-0.0501957854	-0.0464718999	0.0170178632	0.0231418409	0.1225914769	0.0475358724	0.0764280814	0.0973515224	-0.0452227926	-0.0279456688	0.115598109	0.008195241	-0.0016383058	-0.1061066875	0.0350426058	0.0037658571	-0.007970586	-0.0986475884	0.0986527864	0.0372026497	-0.0482948189	-0.0283895429	-0.0114834829	-0.0177993796	-0.0086498177	-0.0763508896	-0.02125156	0.0185212271	-0.057298962	0.076130417	0.0403860007	0.012184414	0.0522884783	-0.0168981475	0.1215495868	-0.0153009064	-0.1106787152	-0.0786146816	0.0045504024	-0.0848122812	0.0414597088	0.0253858774	0.0514405672	0.0810250948	-0.0200605835	-0.0039861102	0.0232367395	-0.0032467072	-0.0432967657	0.0248248987	-0.0302560984	0.0939716203	0.061688824	-0.0085338829	0.0235302823	-0.1282939613	-0.0731413183	-0.0927921714	-0.0673448461	0.0367655227	0.0181873578	0.0154907683	0.1191838189	0.0168382935	0.0810115534	-0.0445740278	-0.0709222807	0.0456793054	-0.0829314307	-0.0469088596	-0.0581429789	0.08705692	-0.0072678626	-0.124319824	0.011828353	0.03701616	-0.0981770791	0.0189893603	-0.0199226143	0.0179553672	-0.0056919513	-0.0158904281	0.0024476076	0.0340796198	-0.0070700298	0.0794337356	0.085129897	0.0516681793	0.0484196182	0.0250553852	-0.0095996289	0.0549193259	0.0360683502	-0.0698597875	-0.1180349686	-0.0935387293	-0.0681872052	0.0855333101	-0.0867349048	-0.0160551306	-0.0960860376	-0.0022846873	0.0647844871	0.004485452	-0.0867721252	-0.1047371689	0.0072609485	-0.0111590797	-0.0210664593	0.1272439301	-0.0338974646	-0.0675147256	-0.0620347214	-0.0541249478	0.0197928286	-0.000834394	0.0058847723	-0.0076369749	-0.0854874095	-0.0402373032	-0.0272428309	0.0364919808	0.0139567882	-0.0329833125	0.0464594746	0.004061286	0.0362574646	-0.0896239341	-0.0144556821	-0.0204473963	-0.0256631991	-0.0108917015	0.0333237066	-0.0569421968	-0.0631800867	0.0070905712	-0.0050551031	-0.088489186	0.0797184191	-0.0657386716	0.0474634117	-0.0260867859	0.0030055908	0.0	0.0558762272821553	0.0098230796719889	9.649289424224156e-05	0.003122152775287	0.0236851377868418	0.0035102605320957	1.2321929003189485e-05	0.0005609857519816	-0.2340234782904957	-0.037369768488574	0.0547669883911821	0.0013964995968896	-0.0008900650938681	0.0007839606858103	6.145943568963126e-07	7.922158713224297e-07	0.0012159546606504	-0.0002870187500252	8.23797628660856e-08	1.4785457367574296e-06	0.0001070407549637	7.778248487590217e-05	6.0501149534699505e-09	1.1457723223198866e-08
803.1021347577303	0.5769084388157353	644973.0388524235	0.3328233467768089	956.7577500501216	-0.5009854045135853	915385.3922809708	0.2509863755356407	790.1546642138536	-0.4027914901158738	0.162240984509766	624344.3933789077	797.329364942121	653.4725699913469	1.020253	31.738991	0.0664910085014762	0.0335608873697681	-0.0663218078	-0.0929101844	0.043285262	-0.0291287437	-0.0007253922	-0.0807813022	-0.0016484567	0.054061736	-0.0629219761	0.0670479659	0.0062490001	-0.0809086382	0.0246181154	0.0481634853	-0.009258559	0.0059691071	0.0072577459	0.0136130713	0.0230818402	-0.0442302943	0.1152991525	0.0734579783	-0.0769483461	-0.02457061	0.0103874196	-0.0258306554	0.0278095118	0.0275327948	0.0888511446	0.049442038	-0.0205523487	0.0517504105	0.0462959898	-0.0987107052	0.0448903812	0.0783316011	0.0996376738	0.0237698983	-0.0507556379	0.1137942031	0.1444305143	-0.0937190941	-0.0079056733	-0.0181483226	0.0486047756	-0.0044685377	0.0544293951	0.0578571139	0.0377524616	0.0247521296	0.0752554571	-0.1029960013	-0.0650023357	-0.005926398	0.0820741975	-0.0249276121	-0.0381002373	-0.038110126	0.0374675511	0.0628790346	0.0242040371	0.1607193354	0.0156376781	0.0897113388	-0.0358834516	0.0380643469	-0.1324818459	0.0902381503	0.0694764973	-0.13890139	0.0662794263	-0.0222666343	-0.0159733984	0.1271111191	-0.0702244272	-0.0493613992	0.0029906542	0.0118005572	0.0014947246	0.0897816761	-0.0117903248	0.0477695832	-0.0704613681	-0.0893242293	0.0398130135	0.0339816758	0.0193213485	-0.0388497953	-0.0102432494	-0.0397969851	0.1064211221	0.0980472745	-0.1639244437	-0.0808582526	-0.0295417833	0.0338750953	-0.0168346678	0.0548988989	-0.137126328	0.0331555183	-0.0283684349	0.0183040008	0.1135084771	-0.0183312344	0.0633149171	-0.0687196803	-0.0508896624	0.0343627734	-0.0247202802	-0.0312299408	-0.0850295052	0.0838125571	-0.0055632374	0.0629528019	0.0253786203	-0.0371331898	0.0443671262	0.06542338	-0.084839196	0.0316954095	0.1237996643	0.0570677422	0.0436318096	0.1170645807	-0.0247359776	-0.0932874631	-0.0493196191	-0.1002979398	0.0353634785	-0.094877217	0.0610229822	-0.027200887	-0.0391566897	-0.02157301	0.064340293	0.1150619896	0.0413103466	-0.0250957943	0.0183243775	0.041683202	0.0203865257	-0.1764393651	-0.0330181831	-0.1502702207	0.0186136402	-0.0721087507	-0.0141521381	-0.1280663056	-0.0463957219	0.0215482801	0.040021344	-0.0506250684	-0.0591709997	0.0513730744	0.0183981694	0.0108049277	0.0373421288	0.0845545168	-0.0966238898	0.0307304339	-0.0234434917	-0.0035098019	0.0128394868	0.0127598172	0.0110967527	-0.1125626738	0.0173234086	-0.0545767167	-0.0277460174	0.0331817162	-0.1416325801	0.1387316208	0.0309859253	0.0711707293	0.0141749239	-0.0381026461	-0.0087049627	0.0120112912	0.1058175259	0.012273209	0.043275374	0.0188705424	0.0880761591	-0.0344229953	0.0228779335	-0.0115726535	0.0545627502	-0.0619979077	-0.0902261029	0.013643631	0.0255795571	-0.0080391679	0.0455477207	-0.0370325076	-0.0276467674	-0.0154158622	-0.0553239598	-0.0068551822	-0.049619734	-0.0256141448	-0.0768102088	-0.034854283	-0.0926916724	0.0123951255	-0.0539916211	-0.0887863842	0.0808703038	-0.0681954477	0.0515076619	-0.0317889315	0.010199596	0.0	0.0558756047501134	-6.225320419023239e-07	3.875461431950768e-13	0.0031220832061908	0.0343175480413862	0.0106324102545444	0.0001130481478209	0.0011776941035728	-0.2112084573206658	0.0228150209698299	0.0446090124437755	0.0005205251818537	-0.0010751573860899	-0.0001850922922218	3.4259156639920216e-08	1.1559634048636664e-06	0.0016078976094215	0.0003919429487711	1.5361927509138518e-07	2.5853347223833747e-06	0.000190864608872	8.38238539083e-05	7.026438484040021e-09	3.6429298919861545e-08
803.7057569573938	0.6036221996635049	645942.9437664573	0.3643597599266082	951.6844477369297	-5.073302313191903	905703.2880643448	25.73839636103831	790.572414807861	0.4177505940074297	0.1745155587935604	625004.7430551327	796.944301415786	656.3303015331152	1.004518	31.249491	0.0459966587204394	0.0234538957672429	-0.0106733456	-0.0377536856	-0.0772807418	-0.1153227146	0.0689639657	-0.0363327075	0.0393014616	-0.0046487581	0.0211781139	0.0576233067	0.0099660249	0.0577585696	0.0708254581	0.0953016225	0.043512278	-0.0015240768	-0.0991177825	-0.0154667996	-0.0347761301	-0.0097729222	-0.0123294855	0.0015243328	0.0646509105	-0.0390735434	0.05665974	-0.0530332462	0.0743360892	-0.0350743127	0.0195992821	0.0231471414	0.0183266268	0.0594578989	0.0148354839	-0.0333354038	0.0335651151	0.0677913473	0.0091080277	-0.0083858229	0.0200313033	-0.1017674537	0.0369614865	0.039386223	-0.0207334691	0.0329603388	-0.0309139184	0.0008016285	-0.0508652374	-0.0082262669	-0.1063974652	-0.1163232686	-0.0625996413	-0.0236493923	0.0344341588	-0.0907800704	0.0455914422	0.0379078636	-0.0788985163	0.0567319989	0.0408493949	0.0880033885	0.0860199425	0.0251546068	-0.0704347873	-0.0840054137	0.0065736428	0.1218818486	-0.0006037043	-0.0328008946	-0.0100985803	0.0244092509	0.0084194901	-0.1403552408	0.009030879	0.0123948099	-0.0949222089	-0.0057379421	-0.0122488505	0.0295717826	-0.0117466348	-0.0151166123	-0.0390602364	0.0641508537	-0.1258513779	0.0072566204	0.1666955006	-0.0372619766	0.0377915807	-0.1057229232	-0.0725690909	-0.0276693018	0.0410212204	-0.0076762087	-0.0204352794	0.0468159333	-0.0210007926	-0.0705532574	-0.0920163743	-0.0922459372	0.0423094552	-0.0128135511	-0.087414063	0.137818534	0.0890246675	0.069308997	0.0432750641	0.0136340967	-0.034994138	0.0309763615	-0.0138074975	-0.0623595953	-0.0769130394	-0.0472099259	0.0043314967	0.0347638381	0.0031747551	-0.0551761776	-0.0317249431	-0.0345247512	0.006543368	-0.0222302144	0.0178309362	-0.0515227069	0.0299236873	-0.0075073093	-0.0345970597	0.1377412168	-0.0098845114	0.1103925977	-0.0206845058	-0.0500260944	0.0060295275	0.0425201751	0.1174934279	-0.0010664997	-0.1420587297	-0.0978138526	0.0639302307	-0.0615459958	0.0301720815	-0.0443835884	-0.0941713557	-0.050690551	-0.0015515428	-0.091077991	0.0253647102	-0.0991663413	0.0936005929	-0.0249433657	-0.0761820109	0.0108444507	0.0553222282	0.0606136802	-0.020024202	0.1177835802	-0.0340599072	0.0507325104	-0.041371956	-0.0309494034	-0.032613179	0.027112878	-0.093430054	0.0920353523	-0.0536409745	-0.053562853	-0.0797298387	-0.0264320922	0.0351319007	0.0081334167	0.006884535	-0.1178970324	0.1383596788	0.0335974991	0.023832566	0.1284454245	0.0549929111	-0.0253594935	0.0058092765	-0.0413391552	0.0876600463	-0.0015500228	0.013710039	0.0197974595	0.0438798629	-0.0235951338	0.0313806011	-0.0034654037	0.0664453306	0.0425170999	0.0105869101	0.0384000728	-0.0024928106	-0.055233771	-0.0445124776	0.0191482991	0.0113670418	-0.0902025097	-0.012551872	0.1235114378	0.0808022782	-0.051829272	-0.0443692541	-0.0106565984	-0.0471976243	0.0452493705	-0.0056796256	-0.0890682417	0.0819662993	-0.0705461896	0.0554095495	-0.0373538109	0.0173301903	0.0	0.0561828130693129	0.0003072083191995	9.437695138538398e-08	0.0031565084843813	0.0198596521677387	-0.0144578958736475	0.0002090307530932	0.0003944057842235	-0.2216782955576519	-0.0104698382369861	0.0491412667213456	0.0001096175127086	-0.0010549699583265	2.0187427763400075e-05	4.0753223970249616e-10	1.112961612971417e-06	0.0017800185052825	0.0001721208958609	2.9625602791993195e-08	3.168465879148145e-06	-3.2061393315725695e-05	-0.0002229260021877	4.969600245140188e-08	1.0279329413456604e-09
804.3150642754974	0.6093073181036743	646922.7226204976	0.3712554078946922	958.8715682882348	7.187120551305156	919434.684471539	51.65470181899293	791.4402905920393	0.8678757841782954	0.7532083767630912	626377.7335724117	798.3273954336642	663.6327599818686	0.986961	30.70331	0.0549683497642281	0.0339675971815443	-0.0676174171	0.00950739	-0.0485921248	0.0692510847	0.0159502674	0.0477588822	0.0283943846	-0.0518861349	0.0277286519	0.063308839	0.1010628242	0.0709506516	-0.0164277512	-0.0305438696	0.03346429	-0.0662637956	0.0252582495	0.0253341324	0.0556754082	-0.0212704727	0.0061365158	0.0530454799	-0.0207788211	-0.0567666338	0.07998821	0.0221150019	-0.0790087133	0.042758444	-0.0173606352	0.0344392316	-0.0464761708	0.0553714641	-0.0060567465	0.0320924891	-0.0329609594	0.0436281384	-0.0889083667	-0.0061665019	-0.0768279303	-0.0126460709	0.030098646	0.1721342967	0.0689053195	0.0017341969	0.0085901007	-0.0208860454	-0.0670552245	-0.0101209179	-0.0014657336	0.0293863795	0.0748941914	-0.026324068	0.0112826828	0.0386274587	-0.0261097966	0.0723817206	0.1139074483	0.0186910047	-0.0218447532	-0.0391112208	-0.0406528091	-0.019614112	-0.031921585	0.0609678443	0.0303520128	-0.1006311429	-0.1175379397	0.0431044455	0.073726417	0.1285793823	-0.0438037559	0.0667804232	-0.0046046595	-0.0698942468	-0.0191774165	-0.0680507674	0.0385668586	-0.0151249196	-0.0306278117	0.0035641311	-0.0490558628	-0.0186145805	0.1076388153	0.0566873019	0.0463752039	0.0247763345	-0.0624498486	0.0655132722	-0.0075653	-0.0681598503	0.0045142325	0.041643442	-0.0662317459	0.0261836005	0.0260049238	-0.1375480129	0.0351772239	-0.0364606705	-0.0764234063	-0.0345299001	-0.0048399334	0.0507204065	-0.0366961818	-0.0492972431	-0.0531172892	0.0224083226	-0.0905662401	-0.0044082219	0.0056797981	-0.0302201204	0.0764773638	-0.0189412865	0.0655044639	-0.0191087241	0.0159468465	-0.0438577462	-0.0200815985	-0.0308065068	0.0186843106	0.021363778	0.0782185819	0.1777432763	-0.105570319	-0.0042376594	0.0157566016	0.0038735561	0.0373526793	-0.0274676256	0.007761213	0.0165481444	0.0130807149	-0.0095786871	-0.024223999	0.0055304455	0.0060944523	-0.1507114166	-0.0661177915	0.140523878	0.0552960785	0.0040711775	0.0402537963	0.0296659924	0.0860691642	-0.0598233801	-0.0001716867	0.0922007857	-0.0001175999	-0.0249294138	-0.0118520509	0.0706881105	0.024347225	0.0334585428	0.0706845054	-0.1142896461	0.0045244465	0.0223281837	-0.0098865846	0.0443056627	0.0733866093	-0.036685298	-0.0867475669	-0.0304843756	-0.005179805	0.0466510523	-0.0011808112	-0.0805911113	0.0552760609	-0.1041968343	-0.0950425024	0.0211557914	-0.0161555986	-0.1062249915	-0.0629896538	-0.0427058815	0.0100808632	0.0394230311	-0.0540055047	-0.0279043639	0.0221665127	0.0555012486	0.137455616	0.0730669453	0.03985389	-0.0246873144	0.0004896915	-0.0155324974	-0.0521461593	0.0615889395	0.0371999544	0.0392372178	-0.0007253502	-0.0196626691	0.0344481277	-0.0220647154	0.0347614696	-0.052625055	0.0106874128	0.0412023428	-0.0800601295	0.0285701897	0.0112735336	-0.0187238758	-0.0494244582	0.0731697812	0.0464664903	-0.0893347099	0.0830056482	-0.0727872424	0.0591582902	-0.0427573947	0.0243530426	0.0	0.0563001571072021	0.0001173440378891	1.3769623228141329e-08	0.0031697076902956	0.0216428324278012	0.0017831802600625	3.179731839876571e-06	0.0004684121954978	-0.2041624061788667	0.0175158893787852	0.0416822880967445	0.0003068063807298	-0.0015911017820919	-0.0005361318237654	2.8743733245401405e-07	2.5316048809760203e-06	0.0018149203875186	3.490188223609987e-05	1.2181413836225838e-09	3.2939360130306647e-06	0.0001079436224326	0.0001400050157483	1.9601404434688925e-08	1.1651825623871706e-08
803.7934450801133	-0.5216191953841189	646083.9023537572	0.2720865849931757	959.2206175848348	0.3490492966000147	920104.193199832	0.121835411456965	790.8957159662181	-0.5445746258212694	0.2965615230883755	625516.0335337167	797.4964034563574	652.2323450527033	1.019545	31.716953	0.0574034634661056	0.0346255084749448	0.0309150986	0.0690984468	-0.026604458	0.0334516054	-0.0665080728	0.0291162292	-0.055387152	-0.0684103836	0.1167340907	-0.0251187354	0.0139215506	-0.0074069336	0.0715066674	-0.0868492376	-0.04271397	-0.0117571108	0.0243988045	0.0585185734	0.0248302747	-0.037981457	0.0865645122	0.0507616738	-0.0624741128	0.0896370051	-0.0576349907	-0.0459821909	-0.0344582257	-0.0759990929	-0.0041437706	0.0275707525	0.0267258529	-0.0235825074	-0.0700953689	0.0219107568	-0.0812844072	-0.0514714692	0.0337740728	0.0499772315	-0.0582945482	0.0213000754	-0.057310613	0.06957904	0.0315396499	-0.0601810773	-0.0676093829	0.0187278586	0.0211241112	-0.0640003419	0.0511220509	-0.0151707809	-0.0385761805	0.0478920247	0.0031374377	0.0598117194	0.0661536052	-0.0024255305	-0.0573552854	-0.061612066	0.0186162106	-0.0590790461	-0.0203937845	0.0620559058	-0.0283672237	-0.0724711585	0.0798462659	0.14117256	-0.0157809759	0.057894086	0.1442269182	0.0609826379	0.0561321972	-0.0674815151	-0.0985423827	0.0579830796	-0.0462222753	0.1516467579	0.0442666927	0.1295989286	-0.0201921858	-0.0266587171	-0.0038274253	-0.0164195994	0.0717473188	-0.035945347	-0.0385360881	0.03435459	-0.003155996	-0.0685874931	0.0153735752	-0.0934258214	0.0103680188	0.0271795207	-0.0408442262	-0.0068636339	-0.0540861652	-0.0044785314	0.0109275735	-0.0284522742	-0.0556925018	-0.1646029988	0.0621076968	0.1139782504	-0.1177262265	-0.0818477418	-0.1504983025	0.0988645984	0.0499998251	-0.0002054326	0.0759403218	-0.0344982919	0.06534661	-0.027749673	-0.0383163606	-0.005220283	-0.0287600532	0.0659816638	0.0158034653	0.0159004417	0.0035634706	-0.0649864972	-0.0165949336	0.0655210191	0.0100005958	-0.0878327224	-0.0103436712	-0.0383254783	-0.0899302966	0.0086752754	0.0587188286	-0.0446851631	-0.0922559652	-0.0695724472	0.0834399983	0.0558926047	0.036127921	0.088609457	-0.0033667466	0.0127213746	-0.0538617057	-0.079460382	-0.0551086464	0.0285157739	-0.0645617286	-0.0365476553	0.0248403087	-0.0584178458	-0.0138134345	0.0126597409	-0.0508045924	0.0822419698	-0.0254105118	0.0367102825	0.0159932615	-0.0353347085	-0.0048855511	0.0517817653	0.0134818273	-0.0281241154	0.0108269843	0.0647238888	-0.0589066918	-0.1333534478	0.1521147898	-0.034058138	0.0185833343	-0.0896105182	0.0175390488	0.0692589392	-0.108063186	-0.0370583778	-0.0342368809	-0.1291618938	0.0978042628	-0.0112476632	0.1078616232	-0.0668943873	-0.0240978048	0.0298896032	-0.0798918058	-0.0277023765	-0.0492587206	-0.0035978143	-0.1135514566	0.0017703567	-0.0260708581	-0.0390169699	-0.0594367313	0.0151964383	-0.0686691812	0.0293281073	0.0072082283	-0.0062396214	-0.025246927	0.0393038387	0.0065000667	-0.0302549927	0.0375092444	0.0239524312	0.0351117645	0.0247717273	-0.0067858815	-0.0643386402	-0.0811099579	-0.0943984914	-0.0079055815	-0.0895857427	0.0839876321	-0.0749151215	0.0627435226	-0.04797635	0.0312244919	0.0	0.0560409845917746	-0.0002591725154275	6.717039275301837e-08	0.0031405919540155	0.0268828909165392	0.0052400584887379	2.745821296539514e-05	0.0007226898240305	-0.2261365389790768	-0.0219741328002101	0.0511377342614355	0.0004828625123212	-0.0010936125567113	0.0004974892253806	2.474955293697895e-07	1.1959884241966264e-06	0.0019039353541367	8.901496661810012e-05	7.923664282021478e-09	3.6249698327316415e-06	0.0001200414236685	1.2097801235900005e-05	1.4635679474334368e-10	1.4409943396360314e-08
804.179775322366	0.3863302422527113	646705.111037531	0.1492510560790386	956.4083355530996	-2.812282031735208	914716.9043154503	7.908930226020709	792.6662217995446	1.7705058333265242	3.13469090584325	628319.7391819648	798.8409569795631	658.4220688521367	1.075353	33.453079	0.0535895272210629	0.0244872740930895	0.0605285155	-0.0961808606	0.047835581	-0.105224132	-0.0424672512	-0.0117789512	-0.0400958908	-0.1106583849	-0.0348468558	-0.0012695688	-0.0781783593	-0.0260563225	0.0647509454	0.0046379554	0.0171333872	0.069379982	-0.0053322111	-0.0014126866	0.0243272482	0.0100909619	0.0120224197	-0.0111341733	-0.0819183126	0.0061933906	0.0050815448	-0.037650478	-0.0970977796	-0.022481196	0.0718003893	-0.0524658326	0.1240554948	0.0253783685	-0.0145173075	0.0268043745	0.0232109447	-0.043644504	-0.1258833867	-0.0722360539	-0.0527370578	0.0269095512	-0.0576620098	-0.0775874169	0.0289586015	-0.0586821125	-0.023386804	0.0270267373	0.141110037	-0.0285815889	-0.0055141249	-0.0092066081	0.080555615	-0.003105458	-0.0363836207	0.0866927338	0.0055450754	0.011252272	0.0132673022	-0.0847527211	0.0045345037	0.0403641262	0.0517840916	-0.066029718	-0.0336953305	-0.0768459133	-0.0354750447	-0.0510187818	-0.0699717521	0.0058232264	0.0653518834	0.1316982282	-0.0447899952	-0.0128689372	0.1033685842	0.0601324734	0.0394146185	-0.0285500412	0.0232615587	0.112589847	0.0553594955	-0.0516359896	-0.0894267219	-0.0691588425	0.007483281	0.0708424033	-0.0016710722	-0.1371760209	0.0259249615	0.0628978855	-0.1608800947	-0.0731902082	0.0292304578	-0.0860724906	0.0421419446	0.001953736	0.0231623618	0.0179699219	0.028658231	-0.0625400326	-0.1328613603	-0.0138062364	-0.0280659301	0.0079946714	0.0234488468	0.027918881	0.0307849416	-0.0797203607	0.0525652137	-0.017236109	0.0235332513	-0.0812597191	0.040932863	-0.0189423236	-0.0089311205	-0.1187360734	-0.0204710606	0.0486271343	-0.0075340945	0.0021655958	-0.0423102915	-0.0308450619	-0.0765251564	0.0037121793	0.0027693632	0.027899385	0.1293700096	-0.0668409185	0.03056002	0.0432906271	-0.0084935527	-0.1071006846	0.0053676516	-0.1249794719	-0.0065411016	0.0502999117	0.0449832503	-0.0546549374	-0.0621195587	0.0047082517	-0.0487872379	-0.0020142744	-0.0541951653	-0.0972706108	0.0575732134	0.0896101656	-0.0191816873	0.0553588156	-0.099826119	-0.0552177352	0.02606321	0.0122895528	-0.0405788438	0.1342832653	0.0190726672	0.0908265882	-0.0290776892	0.0082965806	0.0851533104	-0.1089715123	0.0163223103	-0.0410211158	-0.0420879319	-0.0487842452	-0.0604768974	0.0048497283	0.0035772096	0.066215635	0.0320432038	0.0619353574	-0.084334957	0.1970067113	0.0889213358	-0.103663076	0.0495216238	0.04316813	-0.0393565712	0.0268897092	-0.0667539355	0.0717949578	-0.011747665	0.0277150334	0.1085996127	-0.0765414222	0.0035815714	-0.0271931421	0.0228574851	-0.0284748004	0.0523089058	-0.026623448	-0.088301088	0.0153276551	0.0368834968	-0.01112797	-0.008314486	-0.0224196665	0.0431426447	0.0346835206	0.0086190785	0.0243498376	-0.0440656915	-0.0132007493	-0.0077405382	-0.0380941807	0.0049253001	0.027678134	0.0548270589	-0.0898212967	0.0849115724	-0.0769265184	0.0661553376	-0.052988141	0.0379018183	0.0	0.0558807815057775	-0.000160203085997	2.5665028762992933e-08	0.0031226617416964	0.0393148997867882	0.012432008870249	0.0001545548445499	0.0015456613452451	-0.2338751785124486	-0.0077386395333718	0.0546975991242297	5.988654182746507e-05	-0.0012709173386194	-0.0001773047819081	3.1436985687478903e-08	1.6152308816034186e-06	0.001638067185963	-0.0002658681681737	7.068588284803886e-08	2.6832641057287417e-06	-0.0001019591408786	-0.0002220005645471	4.9284250659231125e-08	1.03956664087022e-08
804.0978553997186	-0.0819199226474438	646573.3610584268	0.0067108737265631	959.7623308194394	3.35399526633978	921143.731659963	11.249284246629651	791.0051800077431	-1.6610417918014946	2.75905983411112	625689.194799082	798.0577480956266	664.6078838866173	1.015131	31.579636	0.0377338600982772	0.0185532318450474	-0.012740672	-0.0828805467	-0.0250543836	-0.0082665636	0.1211165485	0.0210145963	0.0046374765	-0.1051165884	-0.071887466	0.0543230882	0.0593459797	-0.0650873578	0.0388767272	-0.0600764511	-0.0897414828	0.011894028	0.0224632047	0.0532089087	-0.0797693165	0.0368147755	0.0301653194	0.0617614575	0.040194257	-0.0251001677	-0.011801362	-0.0406575175	-0.0107087746	-0.0354651518	-0.0230571082	0.0279074084	0.0257905093	0.0563326996	0.1115381576	0.0181232109	0.0376623452	0.0382016926	-0.0520703849	0.0330994802	-0.0365494154	-0.060270695	0.0445520786	-0.0572995377	0.0567768585	0.0331655444	-0.00052385	-0.0129548938	-0.0714281927	-0.0190054683	0.058490631	0.0166557256	0.0326419744	-0.0931946605	-0.0960499086	-0.0361311271	0.0343303322	-0.017292261	-0.0683118726	0.1152950283	-0.0186157564	-0.0269378888	-0.0921007494	-0.1469664133	-0.013683633	0.0496871562	-0.1292117134	0.0506977159	-0.0204035952	0.0308501212	-0.0417142745	0.1709204294	-0.0146576787	0.1123084062	-0.1240356937	0.0192034804	0.0185118392	0.041360964	0.0244949225	-0.0096758852	-0.0500637803	0.0069510577	-0.0478168476	-0.0981445403	-0.0150604416	0.0690252024	-0.0098780985	0.0028326076	-0.0904752053	-0.0770656333	-0.0005641338	-0.1842193055	0.0199089587	0.0438719013	0.0056473611	0.0073548446	-0.0308115207	0.0371417232	0.0642746661	0.0180470664	-0.0484284041	-0.0457430004	0.0953637822	-0.039016715	0.0459622716	-0.0240591196	0.0712005896	-0.0754403119	-0.0528399725	-0.0188646814	-0.0364365744	-0.0084061149	-0.0345377464	-0.1106185389	-0.0050999767	-0.0173273098	-0.0172015761	-0.0379247121	0.0250150812	-0.0204653461	-0.0058912458	0.0540271301	-0.0207987549	0.0513282411	0.0350066598	0.0063126656	-0.0605134638	-0.0040444116	0.0251701646	0.0652695888	0.0133533947	0.1227279323	0.0782430007	-0.0673780301	0.007405249	0.0895550542	-0.0238042685	0.0616766957	0.0246547332	0.0200190888	0.1182482056	0.0172584339	-0.05254635	-0.0061588991	-0.0386839491	0.043619251	0.0661373903	0.1099549677	-0.0932166333	-0.0660022901	0.0957589933	0.0624075192	-0.0461605717	0.0362783033	0.0765898974	-0.133570845	0.0647949749	-0.0564964132	0.0907373539	0.1313584602	0.0055342302	-0.0815218831	0.0713252641	-0.0256461028	0.0176913472	0.0672208262	-0.0166419574	-0.0645577254	0.0696388699	-0.0263587474	-0.1368677387	0.0188999859	0.0724952607	-0.0074803917	0.0759434741	-0.0184050663	-0.0006880521	-0.0527154286	0.0204857388	-0.1366800506	-0.0121382704	-0.1272847353	-0.0161654275	-0.0630928008	0.0708946454	-0.0532456195	0.0395125756	-0.0209783948	0.080956553	0.065896681	0.018616325	0.0622044128	-0.0100192487	-0.0148009482	-0.0106055024	0.0190377841	-0.0222352514	-0.0543226129	-0.0299179107	0.0991231298	-0.0005010435	-0.0111672454	0.037446198	-0.0960769855	-0.0303931706	-0.0178833868	0.0325685785	-0.0900413312	0.0857768306	-0.0788183057	0.0693843053	-0.0577711266	0.0443435089	0.0	0.0502094562752546	-0.0056713252305228	3.216392987036559e-05	0.0025209894994567	0.0370313864408586	-0.0022835133459295	5.214433201038589e-06	0.0013713235817322	-0.2264375876584239	0.0074375908540247	0.0512739811045664	5.531775771187196e-05	-0.0012590986395886	1.181869903080007e-05	1.396816467806345e-10	1.585329384213863e-06	0.0014374209411869	-0.0002006462447761	4.025891554275066e-08	2.066178962162633e-06	0.0001324045286705	0.0002343636695491	5.4926329604519745e-08	1.753095921245726e-08
803.6827738081694	-0.4150815915492103	645906.0009159931	0.1722927276430254	954.1358374286172	-5.626493390822247	910375.1962656084	31.65742787696643	790.4808350460632	-0.5243449616798443	0.2749376388390374	624859.9505751214	796.5120253296218	650.9706498249086	0.946916	29.457554	0.0320232956098626	0.0164250041828645	-0.0077114261	-0.0556323978	-0.066321659	-0.0469921569	0.0253443464	0.0321217434	0.0790426711	-0.0426443869	-0.0061798064	0.0222655607	0.0282496577	0.0490781234	0.0216583687	0.0300431488	0.0527151169	-0.0207056071	-0.1004102236	0.0038131914	-0.0077392347	0.0641822744	0.0389256497	0.068874941	0.0473097107	-0.1183817978	0.0076414623	-0.0374591954	-0.0548860247	-0.036237477	0.0468182879	0.0603298679	0.0178585914	0.0693988651	0.113090939	-0.016335362	0.0719540869	-0.1099738423	-0.0988095159	0.00752948	-0.0299626636	0.0477540198	0.0145039834	0.0371157627	-0.0133579622	0.0496903146	-0.1200827998	-0.1554680419	0.046955062	0.057868487	-0.0179283918	0.0149920407	-0.1544308434	-0.0170123474	0.1526533016	-0.0378923433	0.0119977818	0.0088289475	-0.1164009086	0.0846172093	-0.0168778452	-0.0116898037	-0.0363920866	0.0265138716	-0.0473093526	-0.0268734352	-0.0749482743	-0.0131674809	-0.0080198662	-0.0071202305	0.0454570185	-0.0145744151	-0.0289463135	-0.0517372429	-0.1441371357	0.0027929013	0.071046959	-0.0663756211	0.0014652077	-0.0568391581	0.053551701	-0.0401576052	0.042131907	-0.048865541	0.0374312117	-0.0618564483	0.0610378557	-0.1286903556	-0.0579699549	0.0648175913	0.0493356867	0.0996141652	-0.0427052126	0.0694092175	-0.0390155358	0.0017648935	-0.1324077379	0.1009487738	-0.0642522277	-0.0423593015	0.1194306792	0.0335099405	-0.0026776538	-0.0031238446	-0.0830572568	-0.0135608798	-0.1096418183	-0.0279726563	-0.0517879366	0.0020811982	-0.0466454625	-0.0479171577	-0.0342708099	-0.0904353376	-0.0626423448	-0.0320167255	-0.0071766244	-0.0475629184	0.0195190142	0.0974416553	-0.1029836827	-0.049419044	-0.041736676	0.0930798512	0.0906919243	-0.040654764	0.1014566266	0.0243798989	-0.0197854251	0.2146558483	0.0082512971	0.0508209974	-0.1173673861	0.1289251392	-0.0112160979	-0.003809369	-0.0699936627	-0.0458633368	0.0653372048	-0.0530074344	0.0645157567	0.0302856014	-0.0218541023	0.0061189694	-0.0287136023	-0.0258241309	-0.0025396731	-0.0049775407	-0.0720154588	0.0410264378	-0.0605283205	-0.0517844677	-0.0350790329	-0.106570421	0.0479437727	-0.1126257845	-0.0802434241	0.0473932755	0.0105954244	0.0299861765	-0.0049524405	-0.0968373286	0.0526027381	-0.0590409492	-0.1468158912	-0.0681321552	0.0241692821	-0.0444899485	0.0108148335	-0.0113589523	0.0716165556	-0.0588926005	-0.0204521155	-0.0541718795	0.0137834445	-0.051201722	0.0483472981	-0.0738711015	0.0838926005	0.0821372708	-0.1091571998	-0.0387205157	-0.0334662271	-0.0220605483	0.0830391421	-0.0487662336	0.0188497572	-0.0415999264	-0.0324175843	0.0892074161	0.0355848071	0.0516713673	0.0026692034	-0.0100781335	0.038571707	-0.0058099763	-0.0156623163	-0.0494514431	-0.047979805	0.0407122959	-0.0148569612	-0.0264515089	0.0364714814	-0.0465363842	-0.0703222074	0.0577485678	-0.0072927521	-0.0902458083	0.0865828087	-0.0805875418	0.072421501	-0.0623046536	0.0505095157	0.0	0.053459723190528	0.0032502669152733	1.056423502052082e-05	0.0028579420036078	0.0390414767380065	0.0020100902971479	4.040463002688143e-06	0.0015242369058843	-0.2199256084699925	0.0065119791884313	0.0483672732608964	4.240587295056345e-05	-0.0011491411356903	0.0001099575038982	1.2090652663544654e-08	1.3205253497355925e-06	0.0017049072272443	0.0002674862860574	7.15489132287813e-08	2.9067086535098478e-06	0.000159979922895	2.75753942245e-05	7.604023666365881e-10	2.5593575729490153e-08
804.5138513538599	0.8310775456905048	647242.5370202205	0.6906898869509531	954.4013771916068	0.265539762989647	910881.9887852356	0.0705113657285979	790.3417289020958	-0.1391061439674104	0.0193505192894819	624640.048443954	796.6097255932119	658.6633312510652	1.00412	31.23711	0.063435847651644	0.0334651284265382	-0.0999921928	-0.0015075139	-0.0424977618	0.0589495256	-0.0700598843	0.0413865877	-0.015465908	-0.0312805908	0.0436235292	0.0656057607	0.0557879015	-0.0102355046	0.0426018851	0.0221858324	0.0707662538	-0.0947336205	-0.1045880375	0.1343579662	0.0815993101	0.0361861146	0.0314141662	0.0565255744	0.0019315611	-0.043135269	-0.1237895304	-0.035173947	-0.0533021592	0.1373964416	-0.0547849669	-0.0369252093	-0.0544983063	0.0434214882	-0.0144989219	0.0175159198	-0.0697723589	0.0077265953	0.0187962709	0.0173765183	-0.0267128428	0.0360465146	0.0344161259	-0.0232338843	-0.0377665751	0.0578696184	0.019242553	0.057343456	-0.0037018648	0.0172426971	-0.1073915691	-0.0267592051	0.0275842967	-0.0137769451	-0.0144723123	-0.0161130685	0.0027030907	0.1226012589	-0.0639722608	0.0058663903	0.0207166681	-0.0233558163	-0.1484274141	0.0514148361	0.048734026	0.0971029046	0.0976671571	-0.0358977303	-0.0803908027	-0.0910776821	0.0293460371	-0.0921082202	0.0429633463	0.0105271387	0.035714868	0.0087541893	-0.0727131769	-0.0752241327	-0.0514790539	0.0265967773	0.0358394193	-0.0137477898	-0.0776543613	0.0450581465	-0.1828610188	0.0243082856	-0.0120429293	-0.0294491689	0.0448341502	0.0294967728	0.0590442982	0.136897374	0.0179559231	-0.0170048146	0.0509141254	0.0849616284	-0.052487512	0.000336104	0.0370411473	-0.0965658931	0.0755117498	0.0590778273	0.0385028676	0.0212639952	-0.0056502796	0.099203973	-0.0682502077	0.0513392972	-0.0697084252	0.0420743843	0.0390948857	-0.0244155983	0.0490864458	0.0640328356	-0.0041808384	0.0398979703	0.1894320316	-0.0679212925	0.0447964077	-0.0006446746	-0.0523357884	-0.00971938	-0.0306785743	0.084906875	0.0145167208	0.0964721427	-0.049763291	0.0660926489	-0.0011350137	0.1137827997	0.0242255167	-0.0992175969	0.0013844653	-0.0612610007	-0.0329017165	-0.0251777569	-0.0267692004	0.053081938	-0.1084079924	0.0036119711	-0.0433981394	0.1169580976	0.0286843845	-0.0299654391	-0.0740761288	-0.0426071298	-0.0216285833	-0.0613929162	0.0865315419	-0.0580178191	-0.0041604764	0.0449996229	0.0954299648	0.0318803608	-0.029427107	0.1212375224	-0.0094400957	0.0275287615	-0.0778346962	0.0230658835	0.0723557678	-0.1077129274	0.0542705107	0.1038674839	-0.0272319296	0.0246484478	-0.0190803181	0.0725807615	0.0443426561	0.0243087934	0.0770663698	-0.0621911405	0.0077348836	0.0144385709	0.0232860757	0.0015029902	-0.0924746035	0.0350805121	-0.0481337534	-6.16228e-05	-0.0534705594	-0.0697044385	-0.0871323005	0.0870138683	0.0072329035	-0.0728955393	0.0098507142	-0.0463864319	-0.106758755	0.0316694431	-0.0564499275	0.0011769303	-0.0200234172	0.0286384809	0.0249875892	-0.0629516799	-0.0071738437	-0.0552137253	-0.0412893044	0.0008985432	0.0221939707	-0.0077805425	-0.0414561326	0.0598555114	-0.0037756513	0.042415319	-0.0065891382	-0.0904346925	0.0873289498	-0.0822314759	0.0752585301	-0.0665691461	0.0563615044	0.0	0.0506855260427983	-0.0027741971477296	7.696169814471579e-06	0.0025690225502351	0.0186227244311112	-0.0204187523068953	0.0004169254457703	0.0003468058652371	-0.2177315574415814	0.0021940510284111	0.0474070311059366	4.813859915271846e-06	-0.0007180218729616	0.0004311192627286	1.8586381869573778e-07	5.15555410051284e-07	0.0015069882317739	-0.0001979189954703	3.91719287680122e-08	2.271013530705026e-06	2.804123772194106e-05	-0.000131938685173	1.7407816645195568e-08	7.863110129784102e-10
805.5128091182758	0.9989577644158772	648850.8856536157	0.9979166150867672	959.0430520670304	4.641674875423632	919763.5757180448	21.54514564913899	791.1165483972185	0.7748194951226424	0.6003452500221064	625865.3931479285	797.7319124244734	660.9630280492048	1.028708	32.002026	0.0350232918219814	0.018009713394045	0.011030093	0.023795397	0.0420975388	-0.0044458855	-0.015981166	0.0137123379	-0.1277801536	-0.0771223181	0.1139034126	0.0418451646	-0.0932502517	0.0029399444	0.16295684	-0.0058283244	-0.0011717466	-0.0198216989	-0.034738509	0.0004002303	-0.0244869606	0.0180582623	-0.0564361151	0.0433796001	0.0043617126	-0.022338776	-0.0466597026	0.0420768035	-0.115379856	0.0270334823	0.0328399794	0.0519011753	0.0769058666	0.0063771418	-0.0367101145	-0.0881821121	-0.0542445197	-0.1154527271	0.0559732554	0.0763170511	0.1632487213	0.0041564884	-0.0511035978	0.0683525012	0.0249056415	0.011053062	-0.0258493707	0.0338765767	-0.0615795498	0.0747376077	-0.0495850315	-0.010615028	0.0458838992	0.0098720997	0.0539703112	0.0436495066	0.0402225412	0.0002499558	0.0532393475	-0.1050365336	0.0539382504	-0.0621040234	0.0364325371	0.0121703562	-0.07598957	-0.0591144055	0.0837318272	0.0262770313	0.0274491888	0.0281465604	0.0082907048	0.1423432472	0.0332136741	-0.0883659887	0.0634846696	0.0486386902	-0.0082644703	-0.0841975891	-0.2047291198	-0.022076875	0.0635721641	-0.0197985354	-0.1647568343	-0.0437013079	-0.0339485784	0.0363316204	-0.0537752801	0.0865490588	0.0192940575	0.0496232696	0.1588053405	-0.0627313561	-0.0976465032	0.0438323056	-0.1034472978	-0.027046253	0.0284833438	0.0253286836	0.1449688685	0.0364790985	-0.0166158123	-0.0637708289	-0.0161642259	0.0380210682	-0.0232594913	-0.0230479263	0.0187232696	0.0748665026	0.0520078544	0.1326359213	0.0165748434	-0.1330468533	0.0073864149	0.0002326608	-0.1532691795	0.0290136361	0.0216770392	0.0966429034	-0.1088161514	-0.0322773894	0.012370433	0.0440442433	0.0142727815	-0.0891897973	-0.0457980109	-0.0082843579	0.0676491515	-0.0210055257	-0.0220487742	0.0233153713	-0.0355723662	-0.0448471929	-0.0394568402	-0.008269344	0.0192250064	-0.0632920498	-0.0174160036	0.0023227118	-0.0404963361	0.1321873636	-0.0467322937	-0.1263164958	0.0369681577	-0.028145736	0.0389715712	0.0192483079	-0.020661305	-0.1081528002	0.0875343337	-0.0235048505	-0.0150529789	0.0605973751	0.0868958933	0.0579517945	0.0723306245	0.0456291344	-0.0234479028	0.0387165106	0.0692586039	-0.0125469488	0.1152854558	-0.0308300147	0.0797378553	-0.0361511666	-0.017953791	0.0912888907	0.0786398432	0.0376651184	-0.1493877202	-0.0699302731	0.0352759164	-0.0535062746	-0.0424058585	0.0254455174	0.1055146689	-0.0723379196	-0.0220928008	0.0388342899	0.0204948606	-0.0979264142	-0.0818170885	0.0082511046	0.0952317497	-0.0104239689	-0.0909305468	-0.027933323	-0.0321442542	-0.0886333814	0.0577864489	0.0012099495	-0.1242154269	-0.0289210639	0.002160426	0.0534414957	0.0090286294	0.0111006025	-0.0211677265	0.0127921564	-0.0170174393	-0.034086652	-0.0018265965	-0.0282405524	-0.0710527157	-0.0679420819	-0.0530766128	-0.0391724152	-0.0368138723	-0.0906079513	0.088014738	-0.0837475519	0.0778875515	-0.0705461896	0.0618630933	0.0	0.0503435423869831	-0.0003419836558151	1.169528208447277e-07	0.0025344722600699	0.004648738998398	-0.0139739854327132	0.0001952722688736	2.161077427522644e-05	-0.2187993512040833	-0.0010677937625019	0.0478731560873277	1.1401835192379774e-06	-0.0008604297372534	-0.0001424078642918	2.027999981215173e-08	7.40339332749955e-07	0.0016435362992202	0.0001365480674462	1.8645374723319252e-08	2.701211566854431e-06	-8.57934099589821e-05	-0.0001138346476809	1.2958327012639905e-08	7.360509192389968e-09
804.6621490746357	-0.8506600436400049	647481.1741534113	0.723622509845615	952.3604624666126	-6.682589600417828	906990.4504696202	44.6570037676125	791.5850019893886	0.4684535921701354	0.2194487680171035	626606.8153745404	797.3202186181666	646.5688586565266	0.975114	30.334749	0.0793011311604241	0.0433653063054988	0.0341272575	0.044484073	0.0354992312	0.0340462985	0.1305861386	0.0179828133	-0.1128198342	-0.0114382521	0.0345597681	0.0174710087	-0.0660399277	0.0676661392	-0.0002813932	-0.0568586112	-0.0313491699	0.0616545957	-0.0960166275	0.0065215782	-0.0444731467	0.1207477483	-0.0410624781	-0.0004205856	0.0005305572	0.0754685723	0.0427946829	0.009958841	0.0663888871	0.1206477986	-0.0573448498	-0.0344326419	0.0416871264	-0.0273675386	-0.0503913568	-0.072303387	0.1191455697	0.0874861196	-0.0031300859	-0.0696083338	-0.0307203768	0.054048824	0.0248070199	-0.0587859955	-0.0461424577	-0.0277623741	0.0485433375	-0.0323075513	0.016573788	-0.0294660341	0.0344001965	-0.0761754839	0.1050295044	0.0699805965	-0.0141930453	0.135918328	-0.0582193491	0.0825646414	0.0810140682	0.1865392243	0.0325228709	-0.0132945101	0.0186523871	-0.0231235341	-0.1007315773	-0.0533476575	-0.0337975618	0.0590602193	0.0785707996	-0.031223639	-0.0523492446	0.0924212729	0.0863985768	-0.1558354096	0.0226320352	-0.0278950845	-0.0608734767	0.0289711331	0.0481126664	-0.0584308764	-0.0129221983	0.142133938	-0.0180487063	0.0710897149	0.1314369424	0.0460862312	-0.0456697659	-0.0406130589	-0.0219435209	0.1362860377	-0.0856061455	0.1048695889	-0.0498992817	-0.0144035759	0.0232992438	-0.0116036977	-0.0659072864	-0.0459755735	0.0464532685	0.0312320107	0.1275096488	-0.0390555168	-0.0332450318	-0.1343951145	0.0647963102	0.0131832383	-0.0087253048	0.0057608544	0.078143998	0.0340456233	-0.0293375458	-0.0361983383	-0.0888974346	0.059233048	0.0525779476	-0.0029089572	0.0401650594	-0.0120007254	0.0391237602	-0.0220858799	-0.0286913697	0.0710425648	-0.1140602905	-0.053402393	-0.0191627862	0.0655403603	0.0433817723	0.0238316805	0.1257920269	-0.0912630025	0.0287103926	0.0020696645	0.0225019948	-0.0433289366	-0.0927788821	0.0956761557	-0.1392350557	-0.0573142065	-0.0008824988	0.0436103335	0.0217436327	-0.0401435785	0.0035601042	0.1050603201	0.1454414073	-0.0014289506	0.1701159205	-0.0443882486	-0.0064461106	0.1920868247	-0.013570114	0.0745684439	-0.0798861932	-0.121524884	-0.0844871114	0.1134513288	0.0122260698	-0.0234291871	0.0417270009	-0.0247480697	0.019750284	-0.1061563279	-0.1524427707	0.0093198698	0.0572448016	0.0241735389	0.0050399151	-0.0213808407	0.0463495345	0.0344071004	-0.0014750113	0.0125379999	0.1034140933	0.0124732505	-0.0519675836	-0.0890540524	0.0662509726	0.083452619	0.0618171282	0.0603595298	0.0217289374	0.0054477992	-0.0469638229	-0.0429546164	-0.0765191862	-0.0299261192	0.0002760923	-0.0436685575	0.0892702723	0.0810895621	-0.0001990612	-0.0025493843	0.0207789127	0.0345022653	-0.0524574908	0.0765594812	-0.0046386861	-0.0256893879	-0.0308384841	0.0887001844	0.0997264323	-0.0347331517	-0.0340663505	0.0101888675	0.0141820859	0.008485533	0.0373693149	-0.0907655546	0.0886396995	-0.0851334125	0.0803012987	-0.0742186113	0.0669800789	0.0	0.0538617817648088	0.0035182393778256	1.2378008319683324e-05	0.0029010915348798	0.0355201928526867	0.0308714538542887	0.0009530466630774	0.001261684100292	-0.2313846223595135	-0.0125852711554301	0.0535388434644546	0.0001583890500557	-0.001350934902212	-0.0004905051649586	2.4059531685106337e-07	1.825025110014546e-06	0.0017900517547828	0.0001465154555626	2.1466778718716235e-08	3.204285284800982e-06	-7.629069502259006e-05	9.502714936392034e-06	9.030159116232827e-11	5.820270147029848e-09
804.835382021688	0.17323294705227	647759.9921539965	0.0300096539444145	955.1827777584656	2.822315291852988	912374.1389263782	7.965463606627215	791.934068879323	0.34906688993442	0.1218476936484885	627159.5694517604	797.7756499685795	661.4086058872889	0.9651050000000002	30.02338	0.0578583566457874	0.0312099041127377	0.0894456117	0.0229347684	0.0374035059	0.0351956025	0.058149909	0.1458217463	-0.0102410654	0.0481819299	-0.0313162762	-0.0471609654	-0.056991398	0.0860908901	-0.0147288839	-0.0675739652	0.0257553609	0.0061200391	-0.0350891605	0.0115270762	-0.017787971	0.0759012161	-0.0745098435	-0.0004829178	-0.0235845942	-0.0082216008	-0.0003777819	0.0721587935	-0.0308879101	-0.0928538927	-0.0135337656	-0.0903898033	0.1269482919	-0.0229349079	-0.062257874	-0.0150380706	-0.0014335498	-0.0675562497	0.0157363851	0.0201985714	-0.1013642256	0.0109125649	-0.0004647778	-0.0083938407	0.0262228059	-0.0476435724	0.0067158508	0.0810141203	0.0358108646	-0.0422758485	-0.0067082085	0.138831013	-0.0699915215	0.1130558385	0.0786510554	-0.0649294763	0.011656541	-0.1079215983	0.0719596338	0.0084752457	0.0653516796	-0.003470792	-0.0474221934	-0.0533508158	0.0601558225	0.0473214806	0.0823651486	0.0187341382	0.0521190346	-0.1359095043	-0.099896871	-0.0991932907	0.0190788023	-0.0176035756	0.0072684069	-0.1035193246	0.0155051496	0.0810931172	-0.0036211647	-0.0584075415	-0.0481542561	0.0701441514	0.0110531427	0.0521678425	0.0409316249	0.0250986583	-0.1091202827	0.0059420007	-0.0929860338	0.0098703949	0.0994601886	0.0725585023	0.0600543387	-0.0490116407	0.0306613138	-0.0451876029	-0.1096336128	-0.0062319022	-0.0062617446	-0.1183607917	0.0431314928	-0.0372182557	-0.0310274776	-0.0429303828	0.0488796201	0.0069373792	0.1431331037	-0.0480180809	0.1063254206	-0.0097094604	0.0374344648	-0.0369971069	0.0067192852	-0.0157743097	0.0458394689	-0.0101465542	-0.0174084307	-0.0063605364	0.0612616074	0.035062236	-0.0273496226	-0.0920366091	0.0267620185	-0.0678338761	-0.1595981822	-0.0453478732	-0.0400321646	0.015745652	-0.1413191805	-0.0743881294	-0.1044519037	-0.0216563018	-0.0184560259	-0.0082143069	-0.0460887905	-0.0122455617	-0.0589558698	-0.0057269856	0.0015432497	0.0033762398	0.0271016538	0.0486855299	0.0593674026	0.1420264376	-0.0433044833	0.0358873278	-0.0764589295	0.0099240711	0.0592168871	0.0835603679	-0.0299847369	-0.0159806925	-0.0282576206	-0.0734361529	-0.0534008581	0.0176772386	-0.0530347009	-0.0617367734	-0.0641410399	0.0003559613	-0.0030130803	-0.078258295	0.1140818213	0.0068293595	0.1317583516	-0.0392267966	0.0582823251	0.0222727166	0.1052376656	0.0460577361	-0.0412717198	-0.0340842923	0.0958021809	0.046875506	-0.0219292242	-0.1113156184	0.1100100896	0.1257807857	0.0401777195	0.0842499205	0.0901056703	0.1292767666	-0.0631725386	-0.0908603595	-0.0369443725	-0.0157721088	-0.0080788109	-0.0506084123	-0.0674908642	0.0981106064	0.0429376183	-0.0108373559	0.0418604432	0.0348421518	-0.0165752276	0.0350812621	0.0232269615	0.011270816	-0.0066221992	-0.0146510197	-0.0746382572	-0.1058404454	0.0556982747	-0.0131560599	0.0306702005	0.0575917389	0.0530565166	-0.0909074754	0.0892034024	-0.0863869029	0.0824931004	-0.0775705533	0.071680649	0.0	0.0562583200869681	0.0023965383221593	5.743395929578126e-06	0.0031649985790077	0.0150798081794505	-0.0204403846732362	0.0004178093255898	0.000227400614729	-0.2158307220244069	0.0155539003351065	0.0465829005695768	0.0002419238156344	-0.0017149526397191	-0.0003640177375071	1.3250891321978796e-07	2.9410625564795094e-06	0.0017890437900955	-1.007964687300012e-06	1.0159928108438111e-12	3.200677682879272e-06	-5.196573091128197e-05	2.432496411130809e-05	5.917038790164268e-10	2.7004371891437662e-09
805.3778945105258	0.542512488837815	648633.5529662077	0.2943198005450003	961.645707136748	6.462929378282411	924762.466054536	41.76945614866587	792.0239473606254	0.0898784813023212	0.0080781414012117	627301.9331927067	798.5661228816047	668.7886240951242	1.016331	31.61698	0.1258914750499634	0.0650343024684397	0.0182348348	-0.0531185077	0.0163901504	-0.0479238269	-0.0746962368	0.1175723863	0.0251761849	-0.0001455951	-0.1082649713	-0.0602094728	-0.0427656963	0.0014262968	0.0625724136	-0.0631674636	0.0196362059	-0.0326550008	0.0307374433	0.0405777328	-0.0211893929	0.0036140685	0.0722599295	-0.046225848	0.093908958	0.0252153301	-0.0831795938	0.0810946917	0.006294683	-0.0493144966	0.0470963366	0.0353955347	0.0275269229	0.0409329884	0.0279742218	-0.0380352668	-0.1171355008	-0.0037967605	-0.0491100391	0.0443978612	-0.0619225941	-0.0369284353	0.0194815752	-0.0513042239	0.1034288577	-0.050872155	-0.0068472186	0.0561656085	0.0307658998	-0.0193209585	-0.04566682	0.066041438	0.0745228114	-0.0500505813	-0.0153129495	-0.1491115925	-0.1301784275	0.0484362467	-0.112109725	0.0676012354	0.0189542931	0.0012719125	-0.0689349406	-0.0192137413	0.0280534701	-0.117643264	0.0210235857	0.001479951	0.0170851874	-0.0038232275	0.0106994362	-0.0751678324	0.0257259328	0.0314228274	-0.0023254127	-0.1079238032	-0.0729052621	0.0008420728	-0.0443453168	-0.1145376419	0.0959977486	-0.0730539988	-0.015067834	-0.0472520958	0.1124578694	-0.1111978398	-0.0188727767	0.0333031544	0.0395102627	-0.0110900975	-0.0410118061	-0.0017385387	-0.0155923823	-0.0721966396	0.0671566668	-0.0100763812	0.0773811292	0.0034351301	0.0149591798	-0.0446923749	-0.0605963035	0.0092762419	-0.0517064073	-0.0988063113	0.0043868193	0.019571164	0.0096786451	-0.1051533315	0.0064913429	-0.0048449197	0.056944838	0.0057312694	0.0093138234	0.0651001123	-0.028828697	-0.0704000624	-0.0697750457	-0.0250285207	0.0971576422	-0.0341935308	0.0442067872	0.025042802	-0.0424447909	0.0895056888	-0.0131095246	-0.0772893336	-0.1245591333	-0.015365013	0.0106693913	0.0463156472	-0.1483066429	0.0422675703	-0.0264434866	-0.1423444065	0.082315278	0.0461172278	-0.0115268703	0.0352155096	-0.0491175209	-0.1062363537	0.0244048994	-0.0136532875	0.0598972615	-0.0108834789	-0.0337301961	0.0351253898	-0.0545490866	-0.0169948311	0.03366033	-0.0249887618	-0.0222919043	-0.0697853471	0.077228462	-0.0923493733	0.0020042076	-0.0408001559	0.1163736917	-0.0152858766	0.0025458658	-0.0016595436	0.0141983341	0.055884843	-0.0545811973	0.1124633933	-0.0021063003	0.1035796978	0.0388684586	0.0209124059	-0.1062572061	-0.0153425311	0.0239224366	-0.0747107917	0.0660308988	-0.0827894575	0.0168488775	0.059864024	0.0074826438	-0.0724544744	0.0238041447	0.0500537499	0.0579317563	-0.0014146847	0.0374149605	-0.0575594893	0.0270380768	-0.0602691906	0.0464895675	-0.0504012745	-0.0969421181	0.010483215	-0.1064172012	0.0306591154	0.0416923401	0.0042391969	0.0093852881	0.0207839408	-0.046448835	-0.0098943423	-0.0327832227	0.048516507	0.0443593093	0.030796107	0.0064273259	0.0325215301	-0.0768651386	-0.0007961735	0.0283809301	-0.091033689	0.0897054572	-0.0875060741	0.0844568986	-0.0805875418	0.07593558	0.0	0.0530306798856798	-0.0032276402012883	1.0417661268972394e-05	0.0028122530091374	0.0379034886378946	0.022823680458444	0.0005209203896691	0.001436674450923	-0.2541669646549138	-0.0383362426305068	0.0646008459218921	0.001469667499025	-0.0008279845138887	0.0008869681258304	7.867124562390924e-07	6.855583552395068e-07	0.0014760103821531	-0.0003130334079424	9.798991448803305e-08	2.17860664822374e-06	-2.188902948959873e-05	3.007670142168324e-05	9.046079684090823e-10	4.791296119965227e-10
804.9401017140409	-0.4377927964849277	647928.5673474105	0.1916625326540933	957.5165343126714	-4.129172824076591	916837.9134821492	17.050068211092647	790.7114767502874	-1.3124706103379822	1.7225791030009554	625224.6394646203	797.5045644597614	666.2334625582286	1.022669	31.81414	0.115640860440223	0.0605901173930642	-0.1052643683	-0.105071892	0.021031492	-0.0430326556	0.0058329818	0.021633844	-0.0865199324	0.0593752381	-0.0821511792	0.0575654423	0.0269350425	-0.1030999889	0.0890367416	0.0089483062	0.0475606744	0.0033462883	-0.0285578905	-0.0115995389	0.0937020274	0.0040100484	-0.0487901787	0.0382727653	-0.0316092881	-0.0128777594	0.0022709477	-0.0352842203	0.0415695106	0.0066778172	0.0396162249	-0.0063503172	0.0109500618	0.0872466766	-0.0140949037	-0.04251673	0.1126668373	-0.0101404631	0.0840627748	-0.04084488	0.0946321165	-0.0213780588	0.0142310892	0.0192498661	-0.0616535254	-0.0015858296	0.0476291515	0.0378822245	0.0098356827	-0.0019446524	0.0725159415	0.0246434503	0.0675355642	0.1252801064	-0.0617293139	0.0789105492	-0.0130764535	0.0192564255	-0.0022783219	0.0906827799	-0.0610467228	0.0227013991	-0.0499675415	-0.0022967536	0.1422115714	-0.0315884543	0.1650130015	0.0665360789	-0.0785227924	-0.1149983269	-0.0652915333	0.0626120306	0.0251135403	0.1429717349	-0.063067187	-0.0187928168	0.028171243	-0.0545614657	-0.0579188073	0.1122864894	0.091347588	-0.0657006086	0.0887272469	0.1163013394	0.1082608459	-0.0619364608	0.0264939898	-0.0562616098	0.0671192534	-0.0158671472	-0.0317564914	-0.1716854573	0.0756035607	0.0104635666	-0.0044810227	0.0524814616	0.0071057607	0.0416888486	0.0065361096	0.0682984595	0.0515472554	0.0295061021	-0.0145994317	-0.0469597908	-0.0349682095	-0.0378490477	0.0057398237	-0.0732546526	-0.05273077	0.0260698091	0.0237176579	-0.0611019097	-0.0920347222	0.0372253314	0.0096497415	0.054327279	0.025405232	-0.0453812681	-0.0604644708	0.1085871075	-0.0302813656	-0.0135243956	0.0199544082	-0.103326254	-0.0246897853	0.0423842279	-0.1025325523	0.0134905616	0.0443200062	-0.0851126272	0.0429313989	0.0841457939	0.0299231017	-0.0230593289	-0.0652091259	0.1274753136	0.0959069593	0.0031439265	0.0302238985	0.0396921571	-0.0385470307	0.0881913305	-0.0506341945	0.1699530421	0.00483532	-0.0127947161	-0.0959241514	0.0560013061	0.1448196527	-0.0686227712	0.0539742915	0.0004898256	0.0363424286	-0.0707979821	0.0623178907	0.009769129	-0.0402695635	0.039422859	-0.0866132877	0.059724594	0.1298452251	0.0995396478	-0.1314183744	-0.1712015754	-0.0507356276	0.0018036684	0.0498448935	-0.0217880824	0.0212692726	-0.0177281738	0.0104722721	0.0204056824	-0.0412859511	-0.0143280944	0.1269843661	0.0866134545	-0.0112165802	0.0027383301	-0.0497260037	0.0181261411	-0.0616041462	0.0178160977	-0.0160793724	0.04574818	0.0783262549	-0.0914167205	0.0537964775	-0.0635108099	0.0482722291	-0.0131313532	-0.0892438935	-0.0033133123	0.0063042151	-0.0372361055	-0.0487111837	0.0283919195	0.0148781304	0.0158723857	0.0210094608	-0.0209985312	0.0111301685	-0.189681584	0.0767903747	0.0238013961	-0.0234045606	0.0588740752	0.0192761992	-0.0911441736	0.0901455167	-0.088489186	0.0861872655	-0.0832565493	0.0797184191	0.0	0.0559939005344176	0.0029632206487378	8.780676613106081e-06	0.0031353168970582	0.0158171070055317	-0.0220863816323628	0.0004878082536103	0.0002501808740244	-0.2139890792677619	0.0401778853871518	0.0457913260458644	0.0016142624741831	-0.0015789548904022	-0.0007509703765135	5.639565064008279e-07	2.493098545925023e-06	0.0017030415034078	0.0002270311212547	5.15431300181663e-08	2.9003503623295e-06	-5.215498716080677e-05	-3.026595767120804e-05	9.160281937553565e-10	2.7201426857439182e-09
804.5729020662184	-0.367199647822531	647337.5547392566	0.1348355813609908	952.2547709483974	-5.261763364273975	906789.1487939848	27.686153701615776	789.5000565873363	-1.2114201629510717	1.467538811204401	623310.3393514073	795.9164451204291	652.3079864840098	1.198919	37.2971	0.0618354847765024	0.0383666045367201	0.0292035435	0.0799382206	-0.1328304666	-0.0645793533	0.0576020965	-0.0158314566	-0.0594739493	-0.0329441323	0.0836363011	-0.0496328326	0.0271784162	0.0640397268	-0.0015278844	0.0499081411	-0.0211448231	-0.0035515198	0.0854446365	-0.0557688653	0.0125795706	0.1010101612	0.0136312949	0.0570673542	0.0728981834	-0.0250189121	-0.0055128251	0.0692367303	0.1722516129	-0.0406840678	0.0169018348	-0.0024084773	-0.022110965	-0.0582958808	-0.0484345571	-0.0258040657	0.1166527269	-0.1008488976	-0.0310613286	0.0643111247	0.07294417	-0.1052863989	-0.1256018674	0.0539373327	-0.0204001433	0.0351674729	-0.0250758533	-0.0536075166	0.0704380464	0.1218867717	0.1169194201	-0.0169236747	0.0046415048	0.0589675542	-0.0426377671	0.0445573887	-0.0246971183	0.0278827827	0.0913481722	0.0213676247	0.0384801113	0.1219519592	0.0956367309	0.0725168787	0.0271216877	-0.0862630161	-0.1258109599	-0.1374037996	-0.0223170786	0.0145926392	0.1583057944	-0.1272343108	0.0027808659	-0.072422729	-0.0356665647	-0.1459156067	0.0046630792	-0.0243698394	-0.0005828533	-0.084858538	0.0239355583	-0.0300387989	-0.0039903416	-0.0897584418	-0.0293315168	0.0110461298	0.0247724657	-0.0422531856	-0.0805993127	-0.0253093765	0.0230246234	-0.0026059218	0.0386089431	0.0257626498	0.0219882575	-0.0840793875	-0.0012032392	-0.0544052554	0.00659438	0.0730330238	0.0496806218	0.0094956019	0.0210973381	-0.0095965727	-0.077594108	-0.007442566	0.0296656328	0.1161846478	0.0240234917	-0.037446934	-0.0698165342	-0.0720028273	-0.0304607459	-0.063023102	-0.0511451874	0.0401021262	-0.0051031175	0.1522970016	0.0483310892	-0.0359015788	0.0198033643	0.0624944352	0.0358030939	-0.0866979127	-0.0055789689	-0.0589950912	0.0713517232	-0.0544468496	0.0366252281	0.0204830157	-0.0086396109	-0.0698470157	-0.0189805793	0.0715338857	-0.1142269264	0.0140239482	-0.0309032528	-0.1610835997	0.0056732884	-0.1563334157	-0.0383563608	-0.015795826	0.0514553327	-0.1285075779	-0.0392833475	-0.0868285066	-0.0180135474	0.0437383777	-0.0021858489	0.0786796149	4.8664e-06	0.0694838386	0.009267036	-0.1311296938	0.1459089267	-0.1077906063	-0.0090141904	0.0462342169	0.0277322669	-0.0029354556	-0.0220462068	0.062199711	0.0076672701	0.1077621494	-0.077661125	-0.0041500036	-0.0120246555	-0.045985029	0.018892763	0.073728297	-0.0589093979	-0.0038716522	-0.1008927155	-0.0814840527	-0.0569631953	-0.0666614429	-0.0591263059	0.038500738	-0.0532321373	0.0504687636	-0.0159731584	0.0655512827	0.0582020718	0.0353066491	-0.1089625845	-0.0104120992	0.015025731	-0.0405008224	0.0543365737	0.0847588938	0.0656463117	-0.0365598435	-0.0059103875	0.0713798403	-0.0263221784	-0.0335759756	-0.0152475274	0.0775230626	-0.0352232844	-0.0110522722	0.0353969774	0.0957857211	-0.0233319148	-0.0114076665	0.0234358907	-0.0686419532	-0.0125377184	-0.0912389102	0.090523277	-0.0893347099	0.0876794186	-0.0855660509	0.0830056482	0.0	0.0562487277269241	0.0002548271925065	6.49368980407463e-08	0.0031639193708976	0.0085164809315756	-0.0073006260739561	5.329914107172767e-05	7.253044745789079e-05	-0.2171077498598634	-0.0031186705921014	0.047135775049213	9.7261062620387e-06	-0.0010229483510063	0.0005560065393958	3.091432718510044e-07	1.0464233288265085e-06	0.0021700270781002	0.0004669855746924	2.180755269707912e-07	4.709017519688092e-06	-5.239009143127431e-05	-2.351042704675454e-07	5.527401799207672e-14	2.7447216801772822e-09
803.8420482230697	-0.7308538431486795	646162.0384914599	0.5341473400451946	957.9056641534464	5.650893205048988	917583.2614172552	31.93259401486882	790.805691302737	1.3056347154007426	1.704682010059578	625373.6413967998	797.4554441764102	661.4309452933948	1.071496	33.333096	0.0829544599282795	0.0542970330878823	0.0587521056	0.0068357738	-0.0225590683	-0.0115039874	-0.0488057264	0.08985985	0.0717398497	0.0917991002	-0.0402065237	-0.0618227588	-0.0215277204	0.0290808479	-0.0566975371	0.0211184512	0.0537020312	-0.0435714649	0.0885794788	0.0658806658	-0.0249853798	0.0260253169	-0.038131671	-0.0557436596	0.0137508458	-0.0285730879	0.0455872938	-0.0682415214	-0.0217226802	-0.0534050433	-0.0036834289	-0.0577443862	-0.0006842878	0.0153017487	-0.0256737464	0.0252842684	-0.0135819204	0.0565186664	0.0450120378	0.0524318096	-0.0491654108	-0.079388079	-0.0531038602	-0.1667854238	-0.0428721468	0.0506525017	0.0561676009	0.0058738603	-0.1116005687	0.104317661	0.0270517848	0.050108742	0.0043095614	0.0101387638	-0.0536957762	0.0613099766	-0.0626741687	-0.0392097235	-0.0301216372	-0.1354631367	0.0172084017	-0.085325155	-0.014335788	0.0605677742	-0.032880223	0.032290936	0.0028510873	0.073323382	-0.0336677603	-0.0235875753	0.0296121013	-0.0296322548	-0.0719691336	-0.0317377313	0.0731009876	-0.0354051351	-0.0423188893	-0.0516831584	-0.0120660969	-0.0425095371	0.026799004	-4.10126e-05	-0.0185400445	-0.0752798509	-0.0626386916	0.03021373	-0.0801718218	-0.0366385131	-0.008231535	0.0028626661	-0.053977093	0.0575914221	-0.0007187165	0.0303061672	0.0882609744	0.0101504323	0.0582804114	0.1023142025	0.0940021735	0.1272014594	0.037967247	0.0422883979	-0.0615683179	-0.1417535438	0.0324478245	0.0203217521	-0.0423287272	-0.0345903138	0.0077586885	-0.0636615301	0.0361669744	0.0488805199	-0.0081500788	0.0126901019	-0.0060656703	-0.025690117	0.0220352991	0.0298800782	0.1324394487	0.0537745972	0.0687788524	0.0826255697	0.0766740689	-0.1504971749	0.0164678901	0.0424352318	0.0060568551	0.0532792947	0.0100197627	0.044088084	-0.044634663	0.0209827125	0.0042622506	0.0590910393	0.0357805005	-0.0084344111	0.0029207574	0.1170793849	-0.0504513876	0.0532963055	-0.0790411235	-0.0218467609	0.0672438398	-0.0094966165	0.0120815241	0.0668916936	0.0114810088	-0.0334523244	-0.0534381031	-0.0492243233	-0.1252769422	-0.0205793029	-0.0609893237	-0.0002398718	0.0136153045	0.0174962465	0.0733696296	-0.0996594321	-0.0851958132	-0.0370505174	-0.0822580241	0.0279918479	-0.0643673188	0.0425746309	-0.0788347643	-0.0115446899	-0.0600599252	0.1144830015	0.0069271567	-0.0621440913	-0.0155351324	0.0273721763	0.0005416386	-0.0414080595	-0.0877970973	-0.096995486	-0.0433873421	-0.0885506646	-0.0904130646	-0.0230617895	-0.0497828057	0.0033226886	-0.0619113513	-0.017635847	-0.0003618394	-0.0094695265	0.0829230871	0.0005446153	-0.109292597	-0.0218449587	0.0255252831	-0.0557033615	-0.0094324899	0.0343027496	0.0225957724	0.0245785642	0.0313696439	0.0798660468	0.0012523406	-0.0213919761	0.0367688499	-0.049678143	0.0144323247	0.0405763422	-0.0321137189	-0.0133649969	0.0270269544	-0.0913178824	0.0908384769	-0.0900413312	0.0889292336	-0.0875060741	0.0857768306	0.0	0.0560235408807727	-0.0002251868461514	5.0709115679614815e-08	0.0031386371328196	0.0085212048998641	4.723968288499608e-06	2.2315876390749918e-11	7.261093294546793e-05	-0.2635469955934013	-0.0464392457335378	0.0694570188863082	0.0021566035442999	-0.0011549590763906	-0.0001320107253842	1.7426831616489025e-08	1.3339304681370275e-06	0.0015770309107172	-0.000592996167383	3.516444545309269e-07	2.487026493357521e-06	-5.308926627001025e-05	-6.991748387359382e-07	4.888454551214252e-13	2.8184701930880484e-09
803.8607621547598	0.0187139316900584	646192.1249320313	0.0003502112393001	957.2054886470568	-0.7001755063896553	916242.3474960508	0.4902457397480102	791.0560349766347	0.2503436738976461	0.0626719550605709	625769.6504729547	797.9983555444297	657.498161696331	1.034012	32.167015	0.1273215257678216	0.087517964909281	-0.051605773	0.0151216567	0.0364407845	0.0507069417	-0.1101921936	-0.0325644313	-0.0424868675	0.0426572352	-0.0039312659	-0.0420788353	0.0426751804	-0.1296364845	-0.0139095491	0.0012490756	0.0460370213	0.0149170578	0.0700542307	-0.0610792139	0.0418384919	0.0519461512	0.057864071	-0.0386712051	0.0603517715	0.0244617279	0.0209711483	0.069213771	-0.0185583298	0.0981232423	-0.0190895612	0.039440808	-0.0946010374	0.0298915996	-0.0330170202	0.0541005397	0.0190142702	-0.0373776948	0.0225784287	-0.000379843	0.0004467401	0.0060495371	0.0606415865	0.0180281351	-0.016788186	-0.0425844006	0.015880425	-0.0905537607	-0.0525573206	0.0411479928	-0.1066054382	-0.0731754951	0.0740004505	0.0304452052	-0.0507679588	-0.0222236075	0.0687529181	-0.0671602966	0.0510781026	-0.0312778371	-0.1125719541	-0.0095868819	-0.0607134991	-0.0109623956	-0.005448211	0.0527511402	-0.0238092981	-0.2311090956	0.0295532233	0.0680558199	0.0192373225	-0.0190653088	-0.1518511295	0.111093492	0.0365845584	-0.0145616681	0.0201201191	0.0099994662	-0.0465755948	0.1061610001	0.031291137	-0.0362680405	0.0200071156	-0.0353188555	-0.042614747	-0.0360916451	-0.0318706045	0.008515184	0.0646548501	0.0032487344	0.1007371	0.0671693256	-0.0419196914	-0.0793306136	-0.0612741102	-0.0582120699	-0.0303618223	0.0328299632	0.0024386167	-0.0043609031	-0.0397202336	0.0556256992	-0.000439199	0.0469284872	-0.017670414	-0.0292074194	-0.0648423896	0.0080012559	-0.0710802724	-0.048887325	0.0634981418	0.0581989072	-0.0165176335	0.0784232584	-0.0587280077	0.0577913036	-0.0439892697	-0.0092513369	-0.054104111	-0.0309483868	0.036744002	-0.0422713088	-0.0236870678	0.0845203975	0.0271415567	0.0741414309	0.0032858472	0.0479009391	0.0951785465	-0.0130900922	0.0720190698	-0.0411177107	0.0456022414	0.1081719466	-0.0564792853	-0.0275109262	0.0570230909	-0.0076905785	0.0532508525	0.1000122681	0.1003821585	0.0039232774	0.1035424469	-0.1185653901	-0.0339994827	-0.032676155	-0.0567576628	0.1680959174	-0.0160813886	-0.0300978136	-0.0020347463	-0.0529727648	0.0382686017	0.0640091892	0.0655404208	-0.0298043073	-0.0471312663	-0.0082810584	-0.070762044	-0.0468156071	0.0415307472	0.0122966298	0.062587679	-0.0307326027	0.0602587776	-0.057126633	0.0825110719	0.0426240136	-0.0965676503	0.0332119471	0.1111591143	-0.0006607484	-0.018795692	0.0305354675	-0.0609916595	-0.0087978619	-0.0384445292	-0.071321883	-0.0103662654	0.0507458479	0.0590742433	-0.0163576757	-0.0460626435	0.0919827016	-0.0230058091	0.031869253	0.0509514799	-0.0437633196	-0.015518052	-0.0577813512	-0.0514449883	-0.0420106817	0.0197765488	0.039201572	0.0010759029	-0.0659752036	-0.0990521392	0.0861504502	0.0351226392	-0.0920313083	0.0426035796	0.0698536952	0.0707426415	0.0422217633	0.0574428848	0.0513766401	0.0607038738	-0.0913810765	0.0910908987	-0.0906079513	0.0899332563	-0.0890682417	0.088014738	0.0	0.0560293348774365	5.793996663797096e-06	3.357039734009188e-11	0.0031392863668079	0.0545037736003592	0.0459825687004951	0.0021143966242957	0.0029706613366792	-0.1888192145200804	0.0747277810733208	0.0356526957719801	0.0055842412641421	-0.0010229610984322	0.0001319979779583	1.7423466185106206e-08	1.0464494089056132e-06	0.0015770251285323	-5.782184900153531e-09	3.34336622195635e-17	2.487008256022317e-06	-5.319314607354821e-05	-1.0387980353796129e-07	1.0791013583085436e-14	2.8295107892018382e-09
803.7150388205064	-0.1457233342533754	645957.8636262481	0.0212352901459209	956.316465163073	-0.8890234839838058	914541.1815419948	0.7903627550747042	790.3331911520645	-0.7228438245701909	0.522503194719261	624626.5530366057	797.3493655693824	653.9411668539708	1.012802	31.507204	0.1273850329712442	0.0891709803763319	0.0014015879	-0.0056737573	0.0938815417	0.0294678045	0.0474171555	-0.0940915127	-0.047909741	0.0842607702	0.0213361111	0.0079628807	-0.0271551958	-0.0539440393	-0.0408994754	0.0240786226	-0.1314036984	0.0894717899	0.0714480345	0.0640747936	-0.0809901441	-0.0612270162	-0.075313558	-0.0105459843	0.0561915255	-0.0497916312	0.0159526647	0.0090412242	-0.0456863199	0.0740478695	0.0334521114	0.0457583773	-0.0336168297	-0.0214549529	0.0265252936	-0.0833153978	0.0650588647	-0.0313143668	0.0130101587	-0.0239295806	-0.0461087938	-0.0536787731	0.0013193329	0.0858114768	0.0217926316	0.0359757778	-0.0449408623	-0.0183316968	0.0192970791	0.0912987272	-0.0658040892	-0.0498118213	0.040711492	-0.0046832099	-0.1060373824	0.0204310909	0.0537581533	-0.0102200486	0.096662378	0.0660687114	0.0523213182	0.031517406	0.0615263469	-0.0851113804	0.0681907569	-0.0564290101	0.0149205979	0.0555431664	0.0633462085	-0.0119807621	-0.1189572456	0.0081868308	-0.0114056508	0.1312365095	0.0241438844	0.084504961	0.0100346057	0.0045481112	0.0147803498	-0.003980169	-0.0990753163	0.0112887604	0.0274759269	0.0173296205	-0.0124570972	0.0403394225	-0.0087372772	0.0756325364	0.0019004671	-0.0745059377	0.0332445232	0.0761660082	-0.0718072829	-0.0489022876	-0.0218927597	-0.0642262159	0.1140085684	0.0477833325	-0.0840902077	-0.0341263329	-0.0290876315	-0.0505643049	-0.0086259083	0.0947938909	0.0390238848	-0.0607514234	-0.0541975942	0.0269247431	-0.0018423168	0.0102369821	-0.0727073291	-0.0016652922	-0.0496261829	-0.0402540207	-0.0188160941	0.0046483152	-0.0783995007	0.0585170231	-0.0332687112	0.0548427772	0.0680670253	-0.0033309765	-0.0316587561	0.0396854832	-0.0393004846	0.0642198478	-0.0424814549	-0.0455907615	0.1199150603	0.0024873367	-0.0837243529	0.0393938193	0.1073885227	-0.0124858264	-0.0029773433	0.0905767977	0.0089289085	-0.0732279414	0.0084781066	0.0095144171	0.0062657549	-0.0468306285	-0.004729318	0.0291301629	-0.0574780444	0.0304645377	-0.0373797996	-0.0489994898	0.0360136556	-0.0502426535	0.0748811499	-0.0406888334	-0.0755704872	0.0373851758	-0.057883438	0.0121779792	-0.0110522938	-0.0837874888	-0.0229132469	-0.0486556691	-0.0523010594	0.0532425887	0.0695804958	-0.0487266412	0.0506833242	0.0451452113	0.0099428198	-0.0245778489	-0.0365662597	0.0769103485	0.0977288348	-0.0307098784	0.0179224647	-0.0101818939	-0.0440044206	-0.0160501154	-0.0440476836	0.0240595177	0.0433009592	-0.1001561797	0.0082029495	-0.0231359467	-0.0038835991	-0.0273310913	-0.0073253148	0.0361595972	0.114934675	-0.0105924368	0.0980596685	-0.0471573143	0.0087388536	-0.0819251231	-0.0366857845	0.0139176233	0.064541708	0.070785201	-0.0249738394	0.0624037773	0.0674865593	-0.0963385671	0.0476354877	0.0245263997	0.0766027323	0.0614630622	0.013435795	-0.0758786479	0.0646742803	-0.0914284817	0.0912803678	-0.091033689	0.0906887116	-0.0902458083	0.0897054572	0.0	0.0560627635853023	3.342870786580271e-05	1.1174785095771801e-09	0.0031430334608214	0.0275036998990287	-0.0270000737013304	0.0007290039798772	0.0007564535081358	-0.2709106135657748	-0.0820913990456943	0.0733925605425845	0.0067389977972794	-0.0010229471882946	1.3910137600147213e-08	1.9349192805502926e-16	1.0464209500398275e-06	0.0019420273352992	0.0003650022067668	1.3322661094470677e-07	3.771470171049311e-06	-5.300663265097775e-05	1.8651342257046445e-07	3.4787256798948636e-14	2.8097031049957003e-09
804.1141126889142	0.3990738684078678	646599.5062254799	0.1592599524460202	955.3395024988037	-0.9769626642693084	912673.5650346616	0.9544560473761852	790.351813046337	0.0186218942725417	0.0003467749462977	624655.988385632	797.088726388679	654.1075559177557	1.023902	31.852501	0.150106642957218	0.0960084806117173	-0.1111273506	0.0246777228	-0.0146281643	0.0247563447	0.0441052772	-0.0645622684	0.1154164189	0.0199592525	-0.0570519825	0.073772128	0.0750993643	-0.0106281531	-0.1102834496	0.0249793562	-0.0156459118	0.0578610103	0.0883583404	-0.0472862827	0.0304619402	0.0618605545	-0.0758368209	-0.0951735069	0.06045521	-0.0247487471	0.0009506804	-0.0235235024	0.0050384334	-0.0018592313	0.0414398631	0.0628349496	-0.0918764641	-0.0053129493	0.0117178766	0.0147454099	0.0382396949	0.030075292	-0.0113596868	-0.0571999918	-0.0046195556	0.120399601	-0.0530402101	0.0121094663	0.0997514899	0.0192636109	0.0542782104	0.0157338096	-0.0984703687	-0.0314084929	-0.0268188469	0.0729752506	-0.0499804361	0.0992345094	0.0270719547	0.1223736968	-0.038887427	-0.0333786797	-0.0830663284	-0.040879746	0.0289410939	0.0212741276	0.0819785421	-0.0409872365	-0.0723393081	0.1030219823	0.0493515181	-0.0265142943	0.001205599	-0.0098967144	-0.0309980969	-0.0820545336	-0.0127669702	0.0119742728	0.0607295415	-0.0349792466	-0.0121738199	-0.0409586403	0.1241187747	-0.0211411276	-0.1219826184	0.0666055989	0.0370287073	0.0006108096	0.0216463255	-0.0401928613	0.0010280432	0.0328777896	-0.0187649574	-0.011642061	0.0411634322	0.0536245807	-0.08344662	-0.0933408004	0.0177379846	-0.0064244222	-0.0310309447	0.0294067619	-0.0315212196	0.0022966153	0.0219254647	-0.0333587268	-0.1113211697	-0.0476330426	-0.1334799303	0.0912627661	0.0912826544	-0.0430173739	-0.0731951224	-0.0174934178	-0.0406437049	0.0865270688	-0.0008406849	0.0386405733	0.0799174231	-0.0255915435	0.0259589804	-0.0333617078	-0.0110238838	0.0048354677	0.060177199	0.0261833467	-0.0411407138	-0.0202264643	-0.0367052281	0.0838228571	0.0684292858	0.004015921	-0.0653018872	-0.0481479985	0.1014542351	-0.0340534882	-0.0798198628	0.0414739946	0.0936010716	-0.0239400777	0.0394645138	-0.0310640889	-0.1316952034	0.0290448103	0.0202667925	0.0488429699	0.0034100818	0.1389682601	0.1056443921	0.0360250022	-0.0313700646	-0.070939252	-0.035770924	-0.0029561332	0.0523237501	-0.0744581271	-0.0528431517	-0.0788654589	-0.0347228915	-0.1290248168	-0.0813294392	-0.1559574694	0.0670464126	-0.0967985736	-0.1774809402	0.0334914554	0.0235854474	0.0885388483	0.0354694013	-0.0613340379	-0.0163634875	0.0276931896	0.0149117794	0.0473428975	0.1594884822	0.013241457	-0.0501786406	0.0569966991	-0.0621065606	-0.0735477683	0.0129012126	-0.0084051012	0.0143002163	-0.0424114343	0.0017119824	0.0306711953	0.0670517603	0.0794547609	0.0852908111	0.0595661347	0.0986301127	-0.0179403372	0.0256243941	0.0612534634	0.0839787141	-0.0636591296	-0.0090427714	0.0222512168	0.0644837044	-0.0727550438	-0.0868221059	0.1543811413	0.0897074343	-0.1273514039	0.0498497755	0.059465703	0.0395686801	0.0403895099	0.0419298045	-0.0379091845	-0.0842154461	-0.0914600897	0.0914067533	-0.0913178824	0.0911935115	-0.091033689	0.0908384769	0.0	0.0561440167247582	8.125313945590157e-05	6.602072671440188e-09	0.0031521506139899	0.0578979824139622	0.0303942825149334	0.0009238124095975	0.0033521763676074	-0.1850074145655469	0.0859031990002278	0.0342277434442281	0.0073793595984727	-0.0013319588966869	-0.0003090117083923	9.548823592352785e-08	1.7741145024633835e-06	0.0015770376876076	-0.0003649896476915	1.3321744292203817e-07	2.4870478681347266e-06	-5.2449822682861815e-05	5.568099681159335e-07	3.100373405932669e-13	2.7509838994636453e-09
805.2329909672628	1.118878278348575	648400.169742084	1.251888601760271	955.1132052592094	-0.2262972395942597	912241.2348605208	0.0512104406479817	789.8366992689741	-0.5151137773628989	0.2653422036290741	623842.0115121079	796.0372729862291	650.7651622275566	1.065439	33.14468	0.1519158625573112	0.0791340200998598	0.0074660995	0.1635193991	0.0175152401	-0.0528229217	-0.020481028	-0.0729362829	0.0611058959	0.0731181179	0.1323274259	0.0056429997	-0.090167437	0.0451031979	-0.023541833	0.0413490907	-0.0050129425	-0.0774610421	0.0461490621	0.0199015683	-0.0143742328	-0.0153592342	0.0061127121	-0.0366397476	0.0146467303	0.1470531392	-0.0507774774	-0.0478134566	-0.0015515786	0.011738116	0.0050406121	-0.0784016264	-0.0303401332	-0.1169341417	0.0271939691	0.0677690235	-0.0924180336	0.0337734842	-0.0900236563	0.021687482	0.0267653638	0.0126083775	0.056631481	-0.0551711335	-0.112964339	-0.0121695749	0.0526490896	0.0389844713	0.0582599271	-0.0878753173	-0.0336184646	0.0425984394	-0.0168533275	-0.032765131	-0.0755520562	-0.0910990727	-0.0452418579	0.0547301848	-0.0148789304	0.0424024425	0.0829296019	0.11574478	-0.1011175815	0.0099907525	-0.0429167789	0.0665367999	-0.0101887523	-0.0235002388	-0.0020492995	0.0882708239	-0.131287668	-0.0026155042	0.0041899774	0.0365394038	-0.0113650301	-0.0252335819	0.0029299034	0.0315456698	0.0576076993	0.0017920091	0.0073183394	0.0386470127	0.0230724227	-0.0013126124	-0.0472564122	-0.0060736192	0.1172714299	0.0512869134	0.0178430661	0.1062567239	-0.0419716201	-0.102000005	-0.0349731704	0.0643150777	-0.0212458963	0.0329489993	-0.060867918	-0.0187874747	-0.0674628481	0.0011380592	-0.0406617792	-0.03681606	-0.0203263438	0.0225346149	0.0876236722	-0.0496999582	-0.0787626602	0.093592433	0.0782596716	0.047936197	-0.0564207957	0.079437173	0.116881784	-0.0142307157	-0.045365812	-0.0351643575	0.0419019812	-0.058111792	0.0242451102	-0.0483528076	-0.0806733579	-0.0538543522	0.0204901908	-0.025936486	0.0740143096	-0.0355984924	-0.1139466739	0.0658649453	0.02165644	-0.0702057775	-0.0395668247	-0.0166036655	0.0622743922	-0.0111222619	0.0949698542	-0.0232714707	-0.0095410177	-0.0104403562	-0.0906712927	-0.0993712141	0.038676745	0.0572548661	-0.083971812	-0.0400248593	0.0344783486	0.0560523604	0.1099287478	0.0966671214	0.0453826375	0.0398950262	0.0605917838	-0.0304063649	0.035337465	0.0388099042	-0.0238783198	0.0023797962	0.0231295022	0.0046967795	0.0206249954	0.1258482478	0.0222832849	-0.0181554673	0.0071960237	0.029041505	0.0442407946	-0.0302658349	0.0004709092	0.0010207588	0.0376582007	-0.0329325036	0.0349011698	0.1020406807	-0.0234969878	0.0339735653	-0.0497331206	0.0312235765	0.0220588172	0.0539830155	0.074488426	0.0544640232	0.0201382153	-0.0296858771	0.0169427658	-0.0254200337	-0.0702741243	0.1052522507	0.0788806518	-0.0077048293	-0.054330727	0.090203867	0.0431698794	-0.1686477083	-0.0614614613	0.0158071112	0.0439518988	-0.0244060577	-0.0277100465	0.0314763518	0.0632691402	-0.0175022166	0.1515205547	0.0128599902	0.0059287145	-0.0183864428	0.0337865682	-0.0267361799	0.011725998	-0.091475895	0.0914699679	-0.0914600897	0.0914462607	-0.0914284817	0.0914067533	0.0	0.0574321225199696	0.0012881057952113	1.6592165396571789e-06	0.0032984486971487	0.0086215849238868	-0.0492763974900753	0.0024281633495999	7.433172659979216e-05	-0.2330566344299569	-0.0480492198644099	0.0543153948518185	0.0023087275295784	-0.0008050881935302	0.0005268707031566	2.775927378448354e-07	6.481669993617208e-07	0.0019759640684422	0.0003989263808345	1.5914225732579229e-07	3.904433999774651e-06	8.779588147812649e-05	0.0001402457041609	1.9668857535611454e-08	7.708116804521235e-09
