global_signal	global_signal_derivative1	global_signal_power2	global_signal_derivative1_power2	csf	csf_derivative1	csf_power2	csf_derivative1_power2	white_matter	white_matter_derivative1	white_matter_derivative1_power2	white_matter_power2	csf_wm	tcompcor	std_dvars	dvars	framewise_displacement	rmsd	t_comp_cor_00	t_comp_cor_01	t_comp_cor_02	t_comp_cor_03	t_comp_cor_04	t_comp_cor_05	c_comp_cor_00	c_comp_cor_01	c_comp_cor_02	c_comp_cor_03	c_comp_cor_04	c_comp_cor_05	c_comp_cor_06	c_comp_cor_07	c_comp_cor_08	c_comp_cor_09	c_comp_cor_10	c_comp_cor_11	c_comp_cor_12	c_comp_cor_13	c_comp_cor_14	c_comp_cor_15	c_comp_cor_16	w_comp_cor_00	w_comp_cor_01	w_comp_cor_02	w_comp_cor_03	w_comp_cor_04	w_comp_cor_05	w_comp_cor_06	w_comp_cor_07	w_comp_cor_08	w_comp_cor_09	w_comp_cor_10	w_comp_cor_11	w_comp_cor_12	w_comp_cor_13	w_comp_cor_14	w_comp_cor_15	w_comp_cor_16	w_comp_cor_17	w_comp_cor_18	w_comp_cor_19	w_comp_cor_20	w_comp_cor_21	w_comp_cor_22	w_comp_cor_23	w_comp_cor_24	w_comp_cor_25	w_comp_cor_26	w_comp_cor_27	w_comp_cor_28	w_comp_cor_29	w_comp_cor_30	w_comp_cor_31	w_comp_cor_32	w_comp_cor_33	w_comp_cor_34	w_comp_cor_35	w_comp_cor_36	w_comp_cor_37	w_comp_cor_38	w_comp_cor_39	w_comp_cor_40	w_comp_cor_41	w_comp_cor_42	w_comp_cor_43	w_comp_cor_44	w_comp_cor_45	w_comp_cor_46	w_comp_cor_47	w_comp_cor_48	w_comp_cor_49	w_comp_cor_50	w_comp_cor_51	w_comp_cor_52	w_comp_cor_53	w_comp_cor_54	w_comp_cor_55	w_comp_cor_56	w_comp_cor_57	w_comp_cor_58	w_comp_cor_59	w_comp_cor_60	w_comp_cor_61	w_comp_cor_62	w_comp_cor_63	w_comp_cor_64	w_comp_cor_65	w_comp_cor_66	a_comp_cor_00	a_comp_cor_01	a_comp_cor_02	a_comp_cor_03	a_comp_cor_04	a_comp_cor_05	a_comp_cor_06	a_comp_cor_07	a_comp_cor_08	a_comp_cor_09	a_comp_cor_10	a_comp_cor_11	a_comp_cor_12	a_comp_cor_13	a_comp_cor_14	a_comp_cor_15	a_comp_cor_16	a_comp_cor_17	a_comp_cor_18	a_comp_cor_19	a_comp_cor_20	a_comp_cor_21	a_comp_cor_22	a_comp_cor_23	a_comp_cor_24	a_comp_cor_25	a_comp_cor_26	a_comp_cor_27	a_comp_cor_28	a_comp_cor_29	a_comp_cor_30	a_comp_cor_31	a_comp_cor_32	a_comp_cor_33	a_comp_cor_34	a_comp_cor_35	a_comp_cor_36	a_comp_cor_37	a_comp_cor_38	a_comp_cor_39	a_comp_cor_40	a_comp_cor_41	a_comp_cor_42	a_comp_cor_43	a_comp_cor_44	a_comp_cor_45	a_comp_cor_46	a_comp_cor_47	a_comp_cor_48	a_comp_cor_49	a_comp_cor_50	a_comp_cor_51	a_comp_cor_52	a_comp_cor_53	a_comp_cor_54	a_comp_cor_55	a_comp_cor_56	a_comp_cor_57	a_comp_cor_58	a_comp_cor_59	a_comp_cor_60	a_comp_cor_61	a_comp_cor_62	a_comp_cor_63	a_comp_cor_64	a_comp_cor_65	a_comp_cor_66	edge_comp_00	edge_comp_01	edge_comp_02	edge_comp_03	edge_comp_04	edge_comp_05	edge_comp_06	edge_comp_07	edge_comp_08	edge_comp_09	edge_comp_10	edge_comp_11	edge_comp_12	edge_comp_13	edge_comp_14	edge_comp_15	edge_comp_16	edge_comp_17	edge_comp_18	edge_comp_19	edge_comp_20	edge_comp_21	edge_comp_22	edge_comp_23	cosine00	cosine01	cosine02	cosine03	cosine04	cosine05	non_steady_state_outlier00	trans_x	trans_x_derivative1	trans_x_power2	trans_x_derivative1_power2	trans_y	trans_y_derivative1	trans_y_power2	trans_y_derivative1_power2	trans_z	trans_z_derivative1	trans_z_power2	trans_z_derivative1_power2	rot_x	rot_x_derivative1	rot_x_derivative1_power2	rot_x_power2	rot_y	rot_y_derivative1	rot_y_power2	rot_y_derivative1_power2	rot_z	rot_z_derivative1	rot_z_derivative1_power2	rot_z_power2	motion_outlier00	motion_outlier01	motion_outlier02	motion_outlier03	motion_outlier04	motion_outlier05	motion_outlier06	motion_outlier07	motion_outlier08
803.2202376116655	n/a	645162.7501089404	n/a	893.5188902634841	n/a	798376.0072576881	n/a	758.0115561819448	n/a	n/a	574581.5193053737	760.5678507741293	724.0212975756615	n/a	n/a	n/a	n/a	0.0	0.0	0.0	0.0	0.0	0.0	0.0	0.0	0.0	0.0	0.0	0.0	0.0	0.0	0.0	0.0	0.0	0.0	0.0	0.0	0.0	0.0	0.0	0.0	0.0	0.0	0.0	0.0	0.0	0.0	0.0	0.0	0.0	0.0	0.0	0.0	0.0	0.0	0.0	0.0	0.0	0.0	0.0	0.0	0.0	0.0	0.0	0.0	0.0	0.0	0.0	0.0	0.0	0.0	0.0	0.0	0.0	0.0	0.0	0.0	0.0	0.0	0.0	0.0	0.0	0.0	0.0	0.0	0.0	0.0	0.0	0.0	0.0	0.0	0.0	0.0	0.0	0.0	0.0	0.0	0.0	0.0	0.0	0.0	0.0	0.0	0.0	0.0	0.0	0.0	0.0	0.0	0.0	0.0	0.0	0.0	0.0	0.0	0.0	0.0	0.0	0.0	0.0	0.0	0.0	0.0	0.0	0.0	0.0	0.0	0.0	0.0	0.0	0.0	0.0	0.0	0.0	0.0	0.0	0.0	0.0	0.0	0.0	0.0	0.0	0.0	0.0	0.0	0.0	0.0	0.0	0.0	0.0	0.0	0.0	0.0	0.0	0.0	0.0	0.0	0.0	0.0	0.0	0.0	0.0	0.0	0.0	0.0	0.0	0.0	0.0	0.0	0.0	0.0	0.0	0.0	0.0	0.0	0.0	0.0	0.0	0.0	0.0	0.0	0.0	0.0	0.0	0.0	0.0	0.0	0.0	0.0	0.0	0.0	0.0	0.0	0.0	0.0	0.0	0.0	0.0	0.0	0.0	0.0	0.0	0.0	0.0	1.0	-0.0295849328940676	n/a	0.0008752682543464	n/a	-0.0447592940649457	n/a	0.0020033944051922	n/a	-0.0868297597977374	n/a	0.0075394071865327	n/a	0.0021779631162822	n/a	n/a	4.743523335885671e-06	-0.0009340930929322	n/a	8.725299062636436e-07	n/a	-8.398278744776934e-05	n/a	n/a	7.053108587497203e-09	0.0	0.0	0.0	0.0	0.0	0.0	0.0	0.0	0.0
798.2932395521982	-4.926998059467337	637272.0963147433	24.275309877994903	881.580055471567	-11.938834791917088	777183.3942052511	142.53577618868994	757.5148174553215	-0.4967387266233345	0.2467493625273718	573828.698664369	758.5447708129883	676.3715102884744	1.056108	37.590107	0.0973061071526395	0.0441383400067376	0.0287472807	-0.0231491086	0.0311396852	-0.0280511583	0.0803724484	-0.152054539	0.0977114592	-0.0899418811	0.0786483253	-0.0652675773	0.036661672	-0.0596462543	0.0516393379	-0.0618581375	0.0960282056	-0.0056028623	0.2252710288	-0.0083735987	0.0048668684	-0.092927915	0.0162768135	-0.0707291062	0.0595603038	-0.0596197358	0.0444743704	-0.1246051889	0.0482401469	0.0576566235	-0.0853294696	0.066148229	-0.0429630096	0.0018788157	-0.0214954806	0.1064659858	-0.0588800727	0.0254275091	-0.0041082826	-0.0518827155	0.0369952831	-0.0683006769	0.0489031796	-0.0851740699	0.0132547047	-0.0101860819	0.0836123353	-0.0698218704	0.007324977	-0.1174362216	0.0246274813	-0.0064395291	0.0349979551	-0.0653650395	0.0506675764	-0.0193263907	0.0296145027	-0.1160974601	0.095037684	-0.0835273554	0.1065416635	-0.0179493407	0.0356954044	0.0201647745	-0.0988160742	0.0772982633	0.0081325452	-0.1532438205	0.0727293487	0.0183457188	-0.0811116085	-0.010878488	0.0391504822	0.0456621509	-0.0741243174	0.031753562	0.1274764216	-0.0289467277	-0.0282055885	0.0479840009	-0.1159221207	-0.0383571016	0.0626785315	0.0143943089	-0.0306028222	-0.0285339874	-0.014584444	0.0350592283	0.0197225383	0.0065880173	0.0061781996	-0.1167231564	-0.0851179268	0.0876864233	-0.0529922764	-0.1035385639	0.0496173325	-0.0564182182	0.0238612497	0.0558843475	-0.0628398097	0.097506453	-0.0123431274	0.0147193239	-0.1641972518	0.0365151694	-0.0103221285	0.0507032969	-0.1086639083	0.0566493764	-0.0267050023	0.0990160739	-0.0213369686	0.0649327472	-0.0290560526	0.1201854284	-0.0339324018	0.0194146644	-0.0439911688	0.0265914989	-0.0888544558	0.0886246918	-0.0614537226	0.00687047	-0.0084078786	0.0507914796	-0.1177536529	0.1352779571	-0.0045166784	0.0517646643	-0.0249494831	0.0762339896	0.0129116953	-0.0164795486	0.0443002187	0.0062374243	-0.054582816	0.0431746006	0.1080634817	-0.0551690802	-0.1164229918	0.0768532092	0.0630123662	-0.0144012243	-0.0823501916	0.039652163	0.0048706176	-0.149156225	-0.1188523468	0.0816318854	-0.0711109283	-0.0160771293	-0.0011869903	0.1079236461	0.0140912326	0.0944153554	-0.0768580789	0.0078083132	0.0718024686	0.0162925936	-0.0522784513	0.0907822637	-0.153557908	-0.0081248207	0.0976931247	-0.0096409867	0.0306672909	-0.0857976357	0.017886109	-0.1040985093	0.0098574625	-0.0249949295	-0.0360496332	0.0373885669	-0.141808841	0.02263717	-0.0349033963	0.0087351029	-0.0025912988	0.0192643763	-0.006836241	0.0956489366	-0.0337800758	0.091475895	0.0914699679	0.0914600897	0.0914462607	0.0914284817	0.0914067533	0.0	-0.0097319708523144	0.0198529620417532	9.471125667029709e-05	0.0003941401018312	-0.0298259238469285	0.0149333702180172	0.0008895857333227	0.0002230055460683	-0.0819292788675198	0.0049004809302175	0.0067124067357518	2.401471334742632e-05	0.0016588902521007	-0.0005190728641814	2.694366383295857e-07	2.751916868514724e-06	-0.0005888089099586	0.0003452841829736	3.466959324466348e-07	1.192211670117465e-07	-0.0003720116195457	-0.0002880288320979	8.296060811969795e-08	1.3839264507701464e-07	0.0	0.0	0.0	0.0	0.0	0.0	0.0	0.0	0.0
797.9266355573598	-0.3666039948384423	636686.9157318876	0.1343984890315046	876.3993671417236	-5.180688329843406	768075.8507264137	26.83953157097566	757.1245235998983	-0.3902938554231241	0.1523292935810465	573237.544236373	757.4968888473511	681.7169517586134	0.937855	33.381123	0.0733102246376264	0.0378229403042479	0.0980311106	-0.0366430733	-0.0306675628	-0.1020994744	0.0649474728	-0.0425452724	-0.0213338109	-0.1019511231	-0.0086560415	-0.1433248115	0.019917506	-0.0396076862	-0.0027955645	-0.0050408769	-0.0212184235	-0.0394291397	0.0177504208	-0.0181141968	-0.0191842998	-0.0670602066	-0.1284995787	0.0307761238	0.0093386871	-0.062534212	0.0431705228	0.0627109394	0.0028710064	0.1005687531	0.004691689	-0.0140106525	0.0687473897	0.0318465122	0.0111307935	0.0864186982	-0.0366231487	-0.0913858915	-0.0771968904	0.0866708063	-0.0843109981	0.0777607331	-0.0171244179	0.019322625	0.0657370229	0.0060740481	0.002636246	0.0142013647	0.0732975384	-0.0350230714	-0.0306883929	-0.0337647635	-0.0872323013	0.0188273089	-0.0140865335	-0.0412631639	-0.0606601496	-0.0620226505	0.1318002477	0.0287379992	0.0123348338	-0.0876737523	0.0945350836	-0.0350656104	-0.0007557011	0.0424328484	0.0530774637	-0.0369540265	0.0409798713	-0.0024017836	-0.0571716705	0.0939706914	0.0712261425	0.0544543627	0.0880640653	0.0130598044	-0.0173950268	-0.031227569	0.0331458661	0.0004124396	-0.0719908299	0.0958812935	-0.027468691	-0.0298653433	-0.0131168393	-0.0710314816	-0.0633501869	0.0274382159	0.023604213	0.0467924586	0.043650752	0.0313185304	0.0424062255	0.009692157	-0.1219626579	-0.0749378681	0.1089733298	-0.0266598137	0.0644060308	-0.0543996771	-0.0644919998	-0.0489275619	0.0156409069	0.0978767874	0.049395162	-0.0190189993	0.0257559146	-0.0150741231	-0.0632534899	0.0107235354	0.0414088806	-0.0523247709	0.0248892202	-0.0438998849	0.0802638482	0.0088462465	-0.0123044724	0.0137040658	0.0326017235	-0.0527618781	-0.0719083275	-0.0650481807	-0.0119559872	-0.064808862	-0.0028871911	0.0517331014	-0.0958771546	-0.001280149	-0.0380379992	0.0638061033	0.06599171	0.1126968972	-0.0984859644	0.0478631155	0.0473618071	-0.1128326243	0.0274610117	0.0797851927	-0.015064032	-0.0784405464	0.0138210419	0.0212923007	0.0890831839	-0.1684685786	0.0072850697	0.0843258277	0.0059931799	0.0281736886	0.0356839673	0.0326454757	0.0167443392	0.0763220678	0.0618003514	0.0740236155	-0.0329945905	0.0999911394	-0.0109404948	0.034526624	-0.0236957962	0.0784922199	0.0252933404	-0.0066505196	-0.1632944066	-0.014308447	0.0062380897	-0.0268845198	-0.012653781	0.033246374	0.0477698064	-0.0762416337	0.0155631575	0.0231130918	-0.0466961393	0.0023800669	-0.0345430093	0.1235296619	-0.0374753493	-0.0006157244	-0.0244357678	-0.0284806347	-0.0232000125	0.1743357603	0.0305995448	0.0914600897	0.0914067533	0.0913178824	0.0911935115	0.091033689	0.0908384769	0.0	-0.0020870851455896	0.0076448857067248	4.355924404940762e-06	5.844427746888515e-05	0.0011550608746233	0.0309809847215518	1.334165624085543e-06	0.000959821414317	-0.0838073603565447	-0.0018780814890248	0.0070236736499317	3.527190079417962e-06	0.0014489044572949	-0.0002099857948057	4.409403402022352e-08	2.099324126369029e-06	-0.0003389118479297	0.0002498970620289	1.1486124066712408e-07	6.244854161067593e-08	-0.0005682542171175	-0.0001962425975718	3.8511157101727446e-08	3.229128552718229e-07	0.0	0.0	0.0	0.0	0.0	0.0	0.0	0.0	0.0
797.3089323848983	-0.6177031724614608	635701.5336607463	0.3815572092689531	882.0897750854492	5.690407943725631	778082.3713102983	32.38074256601577	754.8643973990197	-2.2601262008786307	5.108170443898072	569820.2584605851	755.5013082377116	697.8279549323955	0.98767	35.154198	0.0498266792933431	0.0257885334487998	0.1096032977	0.0710768645	-0.0641411007	0.0177506157	-0.0484512659	0.0303136927	-0.0820298612	0.002876763	-0.0090409602	-0.0540217703	-0.1078739893	0.070515974	0.0124177826	-0.1377227532	-0.0184339035	0.0084904857	0.0477610718	0.0817735594	0.0858105065	0.0123929735	-0.1345251784	-0.0259583964	0.0214767222	-0.056406664	-0.063250194	0.0175258979	-0.0953414759	-0.001668349	0.003470086	-0.0542601698	-0.0408256079	0.0021301928	0.0529646906	0.0202188127	0.0524606505	0.0118553325	-0.0010173983	-0.0593209485	0.0018727972	0.0378354738	0.1089531138	-0.058945748	-0.0502639877	0.0392676662	0.0314078665	0.0096605338	-0.1391164735	-0.0321350602	0.0260123241	0.0181710198	-0.0075908505	-0.0386551993	-0.0026833218	0.0651485758	0.0111478948	0.0083258356	-0.077767117	0.0009515578	-0.0652138593	-0.0643856237	0.0225494679	0.0683916259	0.0150885752	0.0373835028	0.0616310161	-0.0204661472	0.0492290554	0.1251566985	0.1163359892	-0.0401730954	0.0537448312	-0.07452123	-0.1058069899	0.0103896802	-0.1399339911	-0.043428401	-0.0018595301	0.0550902699	0.0406419821	0.072321107	0.0072710479	0.0654552598	0.0361780017	-0.0135705365	0.030513002	0.0949879433	0.0077402491	-0.0554142819	0.0498925485	0.0496805157	0.0747055332	0.0382489607	0.0033799426	-0.0230527295	0.0679124868	0.0166516453	0.0232361272	-0.0703666997	0.0360161713	-0.1113842713	0.010948435	-0.0673249467	0.0299046021	-0.054564161	-0.0673052841	-0.018398705	-0.1090361886	-0.0747396693	-0.0738978006	0.0647016723	-0.0316920138	0.0304495259	-0.0342887778	-0.0511744447	-0.0367101524	0.012581944	-0.0208946443	0.006575829	0.0132777303	0.1067210925	-0.0406028921	-0.003507754	0.0251517875	-0.0081388357	-0.0120353384	-0.0455693757	0.0273108238	-0.0296757994	0.086704625	-0.084982971	0.0205333199	0.0020048863	0.1343587424	0.0470530675	-0.0221814454	0.0209003134	-0.0872120321	0.0374491281	0.0361367023	0.0102747578	-0.0099163613	0.0706797115	-0.0170120917	-0.0113723285	-0.0050708499	0.0771027074	-0.0071823193	0.011579008	-0.0294923088	-0.0328691629	-0.1491890991	0.0391712421	-0.0275061108	0.0405397516	-0.0128928437	0.0353192142	-0.0501126667	0.0472235964	-0.0088888183	-0.0852792916	-0.1315227274	0.021517367	-0.076054535	0.0269969671	-0.0123956481	0.0236619786	-0.1396960069	0.0338101883	0.0186892465	0.0515410774	-0.0762196186	-0.0836062806	0.0204880222	0.1466456602	-0.0564376059	0.0938897628	0.0597919628	0.00255706	0.0051026439	0.0075598639	0.0562054108	0.0914284817	0.0912803678	0.091033689	0.0906887116	0.0902458083	0.0897054572	0.0	-0.0084827988411433	-0.0063957136955537	7.195787617930213e-05	4.090515367549317e-05	0.0010442809920476	-0.0001107798825757	1.0905227903519196e-06	1.2272182383485904e-08	-0.0650393843276759	0.0187679760288687	0.0042301215137231	0.0003522369242201	0.0013718839227304	-7.70205345645e-05	5.932162744601339e-09	1.8820654974461505e-06	-0.0005887776856849	-0.0002498658377552	3.466591631604669e-07	6.243293687710793e-08	-0.0004040963957103	0.0001641578214072	2.6947790329158178e-08	1.6329389702605537e-07	0.0	0.0	0.0	0.0	0.0	0.0	0.0	0.0	0.0
796.5909152073023	-0.7180171775960389	634557.0861908074	0.5155486673229817	875.2033278245192	-6.8864472609300265	765980.8650351128	47.423155877570665	755.1868068877529	0.3224094887332285	0.1039478784252218	570307.1132973202	755.4460919570923	678.037697655403	1.063794	37.863686	0.0935686577689209	0.0603490916543865	-0.0470009389	0.1074178265	-0.0618600505	0.0421136319	0.0865428368	-0.0052841134	0.0365769555	0.1028965099	-0.0254423439	-0.0082304473	-0.0460563628	-0.0862397201	-0.0008925399	0.0451387196	-0.0183386731	-0.0092515062	0.016492926	-0.0229673625	-0.0686944851	-0.0772114874	0.0685065822	0.018968325	0.0250298878	-0.0230086927	-0.0022263665	-0.1094228992	-0.073409396	-0.0488901062	0.0757665716	0.030808324	0.0075005441	-0.0051821043	0.0170879697	0.0085216886	0.1740664395	-0.0705223572	0.0019341437	0.0144507395	-0.0330857472	-0.0308876801	-0.0657774535	0.0023818471	0.0301035943	0.0780398279	0.052723067	-0.0148931695	-0.0165675516	-0.1784537811	0.0222085401	0.0176923986	0.113594493	-0.0713711537	0.0372763341	0.0444590177	-0.0694095643	0.0774618914	-0.0261035723	-0.0268912965	-0.0599787648	-0.018186191	-0.0730357757	0.0454937189	-0.0945532916	0.0602630623	-0.0555050935	-0.0161393583	0.0868459298	0.0886722864	0.0019113858	-0.0321228528	-0.0245181089	-0.0615313599	-0.0883099006	-0.0547866307	0.0884664229	0.0870697213	-0.0480076509	0.0276573142	-0.0784631342	0.0150809757	-0.0149958995	-0.0174610973	0.0466105667	-0.0640980617	-0.0845290742	-0.0314018321	-0.0947518825	0.0057018625	-0.0675204215	0.0350426683	-0.042215727	0.0337706015	0.1026548044	0.0229038221	0.0214048434	0.0418442709	0.0216067206	-0.0590217854	0.0647715808	-0.0705623239	0.0041500336	0.1410801493	0.1096334908	0.0321574811	-0.0583653887	-0.0523781901	0.0079692214	0.0140173666	-0.0975384365	-0.0008664763	-0.0069499141	0.0163272703	0.0048277858	0.1235099711	-0.0402747989	-0.0569469228	0.0848707109	0.1248204255	0.0181186442	0.0926045197	-0.0958892462	0.0426032178	-0.1454906344	0.055249508	0.0054399537	0.013383187	0.0095310674	-0.053607564	-0.0802086091	-0.0194852857	0.0025809147	-0.0796389638	0.058742532	0.0462693519	-0.053613263	-0.0712262985	-0.0116081408	-0.0427947686	-0.0308873922	-0.0238135621	-0.0134673041	0.1623599986	0.100930571	0.0505905906	-0.0174411784	-0.052459103	-0.0087760081	0.0026417502	-0.0998557817	-0.0051643845	-0.0108770271	0.1893160828	0.0304161824	0.0028451326	0.0618605113	0.032362544	-0.1071527444	-0.0467273672	-0.0914037877	-0.0113541677	-0.0112775896	0.0493669555	-0.0738035887	-0.0191910401	0.1285096629	-0.0287040254	-0.0662082951	-0.1532237941	0.0282960842	0.0507216542	-0.0439911628	0.0801047744	-0.0118893405	0.0286843566	-0.0018228992	0.0099529522	0.0653688921	0.0561828918	-0.0267267399	-0.0034094434	-0.0040610033	0.0913810765	0.0910908987	0.0906079513	0.0899332563	0.0890682417	0.088014738	0.0	-0.0065047106553066	0.0019780881858367	4.2311260709259216e-05	3.912832870946729e-06	-0.0064098368931411	-0.0074541178851887	4.108600899667274e-05	5.556387344629006e-05	-0.0130442544246704	0.0519951299030055	0.0001701525734955	0.0027034935336304	0.0008678588157737	-0.0005040251069567	2.5404130844271294e-07	7.53178924116129e-07	-0.0007176715554229	-0.0001288938697379	5.150524614631246e-07	1.6613629656036507e-08	-0.0003941889365072	9.907459203099996e-06	9.815774786109079e-11	1.5538491766467734e-07	0.0	0.0	0.0	0.0	0.0	0.0	0.0	0.0	0.0
796.5275638147738	-0.0633513925284887	634456.1599166985	0.0040133989352986	883.4778313856858	8.274503561166625	780533.0785499543	68.46740918375916	755.4334560644639	0.2466491767110028	0.0608358163722155	570679.7065415004	756.2991767120361	691.0734934051652	1.08698	38.68895	0.0941244066290476	0.0488823634359581	-0.1045691312	0.0017635276	0.0611975268	-0.0522017316	-0.0644064055	0.0012541963	0.0433828364	0.0590481117	0.0409242076	0.0390192033	0.1111211755	0.1244163136	0.1222807563	-0.0752602207	0.0377167141	0.0118845112	0.0329078332	-0.003602343	0.0661086522	-0.0289472135	-0.0427503534	0.0457498602	0.0199775341	-0.0318621609	0.1126494197	0.0102052866	0.0188114799	0.0585017018	-0.0991713202	-0.0596335683	-0.0073117188	-0.0886433229	0.0905839462	-0.1102065249	-0.0492735358	0.0307493972	-0.0008238995	0.0251886336	0.0197050237	0.0843619408	0.0236181668	0.0309666557	0.0489780395	-0.057588093	-0.0308686509	0.0251556175	0.0291202402	0.0217737369	0.0366456432	-0.0638644671	-0.0783640519	-0.0727082498	0.024692555	0.0740486736	-0.0864475658	0.0491592474	-0.0442570146	-0.0643915168	0.0157427314	0.0425481061	-0.0435165489	-0.0252055888	-0.0197868954	0.1069093617	-0.0209106618	-0.0158444826	-0.07307472	-0.0352574501	0.0125007057	0.0599710002	0.1434519978	0.0971191012	-0.0018623334	-0.021288011	0.03221136	0.0469760494	-0.0811672365	-0.0576542278	0.0583417791	0.0383455236	0.0538684259	-0.0098773568	0.0919773818	0.1218085113	0.0062987673	-0.0027668308	0.0003154692	0.0213219354	-0.1422679947	0.0231012616	-0.075184915	0.0435741831	-0.0493150642	0.0973534006	-0.0238982028	-0.0713007382	0.0518330429	-0.0300334845	-0.1390294255	-0.0237954987	0.0245189842	-0.1274082307	-0.048086047	-0.08863192	-0.0839738773	-0.0161970469	0.0486255091	-0.0735970907	0.0477832066	0.0112207506	0.0854828472	-0.0948632808	-0.0398854477	-0.0769974873	-0.0943833407	-0.0117809549	0.0157659926	-0.0072016267	0.0350341253	0.0207474805	-0.0432372933	0.0253741151	0.0213507617	-0.0117250598	0.0874241646	0.0062366317	0.0905234185	0.0226354041	-0.0586139733	-0.0131284062	0.0470554059	-0.0022161123	0.0429087091	0.0054989949	0.0009968149	-0.0618493989	-0.0642179532	-0.0114079755	0.0369272702	0.0170745904	-0.0107958795	-0.024686855	0.0735734078	0.0087733768	-0.0242459929	-0.0490309974	-0.0549520325	-0.2239423724	-0.088832602	0.1121774074	0.0706920574	-0.0249427309	0.0699845736	-0.0940743453	0.054481652	-0.0630896254	-0.0720640654	0.0430432103	0.0104845325	0.0661246671	-0.0275427379	0.1054112061	0.0453832853	0.0041303035	-0.0281009115	0.0424982283	0.0274267614	-0.01640634	-0.0975246163	-0.0036605371	-0.1432597979	0.0483225015	0.0829681466	0.0472893904	0.0213753728	-0.0281646256	-0.0120284635	-0.1202541786	0.0378094374	0.0280213538	-0.0126403154	0.0913178824	0.0908384769	0.0900413312	0.0889292336	0.0875060741	0.0857768306	0.0	-0.0063868571829317	0.0001178534723748	4.0791944675166254e-05	1.3889440950821281e-08	-0.0312943719519296	-0.0248845350587885	0.0009793377158657	0.000619240085092	-0.0417807369396996	-0.0287364825150292	0.0017456299792243	0.0008257854273365	0.0013439426520427	0.000476083836269	2.266558191566081e-07	1.8061818519795664e-06	-0.0005881289830567	0.0001295425723661	3.458957007113081e-07	1.6781278055252157e-08	-0.0001921046334853	0.0002020843030218	4.083806552784709e-08	3.6904190206521454e-08	0.0	0.0	0.0	0.0	0.0	0.0	0.0	0.0	0.0
795.8375942482212	-0.6899695665525769	633357.4764187963	0.4760580027687509	879.8105617523194	-3.667269633366459	774066.6245709318	13.448866563811762	755.9524794123462	0.5190233478822392	0.2693852356468879	571464.1511296737	756.932605527242	681.2368080058609	1.074229	38.235092	0.0905372759842293	0.0450848696323243	0.0696642168	-0.0088556398	0.0842137378	0.0353314215	0.0251439905	0.0015259448	-0.0300483031	-0.0654337267	0.0425732388	0.0709198957	-0.0410618851	0.0987649642	-0.0242019653	0.015284651	-0.0404178344	0.0166259902	0.0218574895	0.040190367	-0.0385986574	-0.0328914848	0.0651956488	0.0696476457	-0.0023791961	-0.0732827344	-0.0369337202	0.0413333462	0.0543960137	0.0194436912	0.0938768234	-0.0181760766	0.0397873749	0.104813458	-0.0739568254	0.0515992809	0.0108016663	0.1132956208	-0.0051721139	-0.0275569909	0.0902208591	-0.009682888	0.0690346756	0.0617672932	-0.1552204803	-0.0411440685	-0.0294322393	-0.0634623492	0.0014952295	-0.0146244417	-0.0239356143	-0.0558784782	-0.0068034745	-0.0155589016	-0.0340000769	-0.0073472062	0.1611884545	0.0088524373	-0.036736081	-0.0421532789	0.0312640911	0.0857644099	0.0092609638	0.0912705228	-0.010471295	0.0721212303	0.0449222056	0.1222130059	-0.0409163703	-0.0092967503	0.1132250999	0.1144499148	-0.0189675959	0.0558861859	-0.0780214519	-0.0204663841	-0.0202801303	-0.0521178759	0.0150762831	-0.0872670656	0.0261826073	-0.0242241059	-0.0168464904	0.0115559218	0.1673032031	0.013717826	0.0095791264	0.0538202713	-0.0713537917	-0.0879872303	-0.0047616521	-0.1588554448	0.0680874074	0.0299333885	-0.0152615417	-0.0267648822	-0.0389632139	-0.0771956019	-0.0385306548	-0.0921114114	0.140412384	0.0136621639	-0.0507870363	-0.0208910697	-0.0377555788	0.0130060409	0.1016680009	0.0713465693	0.03628277	-0.0739701797	0.0190985778	0.0629839635	-0.0972500923	0.0386061749	-0.0251713638	-0.00486242	0.0852173148	0.0164943193	0.0064052492	-0.0354066522	-0.0364739009	0.034128331	0.0737642433	-0.0501734096	0.051654625	3.30801e-05	-0.0586465865	0.0899810467	0.0485659732	0.012001302	-0.0204085688	0.0250504158	0.1318408094	-0.0814817515	0.0443024842	0.0144402404	-0.0416945521	-0.1446936149	-0.0654342056	-0.0459362321	-0.1303707732	-0.1085304682	-0.0953213665	0.0094370743	-0.0270525482	-0.095972086	-0.0992766919	0.0319320476	-0.0402880821	-0.0051916181	0.0065982611	-0.0080465148	-0.0770860303	0.0453999376	0.0073831409	-0.1550750017	-0.0158142523	-0.0846289273	0.1694395318	0.0528826589	0.0153486754	-0.0558209937	-0.0879665188	0.0170736853	0.1119267705	-0.0187251934	-0.056796166	0.0178745863	-0.0696627858	-0.0101810782	0.0410729072	0.0051879912	0.0428104376	-0.1217748074	-0.0162524827	-0.0015071197	-0.0279492076	0.0295816789	0.0221524364	0.0139498273	0.0013556336	-0.0404290913	-0.0451784194	0.0912389102	0.090523277	0.0893347099	0.0876794186	0.0855660509	0.0830056482	0.0	-0.0138554429907031	-0.0074685858077714	0.0001919733004686	5.577977396804437e-05	-0.0180414606624452	0.0132529112894843	0.0003254943028345	0.0001756396576469	-0.0802403543170982	-0.0384596173773985	0.0064385144609334	0.0014791421688158	0.0010849221365043	-0.0002590205155384	6.70916274697786e-08	1.1770560422770549e-06	-0.0004027034186491	0.0001854255644076	1.621700433916723e-07	3.4382639935877014e-08	-0.0003747817837308	-0.0001826771502455	3.3370941221816984e-08	1.4046138541644017e-07	0.0	0.0	0.0	0.0	0.0	0.0	0.0	0.0	0.0
795.4746380047346	-0.3629562434865647	632779.8997087636	0.1317372346858784	877.8443598527175	-1.966201899601856	770610.7201252274	3.865949909997947	755.2173796622984	-0.7350997500477661	0.5403716425202881	570353.2905439882	756.5543525314331	699.5171468915983	1.031843	36.72644	0.1160803481593504	0.0859273490573077	0.1167946907	0.0417728782	-0.0233840868	-0.0489357664	-0.043038866	-0.0684452396	-0.0155747564	-0.0737123894	0.0033971634	-0.0060577783	-0.118333517	0.0083878159	-0.0017857153	0.0675170246	-0.0312585504	-0.0517621669	0.0109977124	-0.0206440681	-0.0216844389	-0.0683559502	0.0142192176	0.0052838942	0.1123002281	-0.0461910582	-0.1026458597	-0.03031728	-0.0026440383	-0.0902571076	-0.1324128929	-0.076673698	0.0625372317	0.0378211675	-0.0224270626	0.0138637964	0.0371279887	0.0139379048	0.0395913552	-0.0112272737	0.0929894446	0.0484131963	0.0943550488	0.0128405735	0.0442647322	-0.0809839944	-0.0988859332	-0.0177825226	-0.0205839886	-0.0347612337	0.0540843603	0.0289722485	0.0359072418	0.1536269352	-0.0320477593	0.0408474597	-0.0047294503	0.0484418498	0.0507293068	0.0315166238	0.0210860782	-0.1011254066	0.1516943375	0.0028899542	0.1530693284	-0.0474313498	-0.1219098014	-0.0537152158	-0.1433971565	0.0289026729	-0.0789970229	0.0424177031	-0.0207912374	-0.0256734389	0.0662350973	0.0317201963	-0.0802579406	0.0342872901	-0.0192684165	-0.0429936408	0.053760756	-0.1310213454	-0.0480895801	0.0286568	0.0868856151	-0.0911912717	-0.0490652676	0.0931256312	0.0634967283	-0.035131591	0.0513966889	0.0174232944	0.0694383745	0.0473461493	0.054252459	-0.1334250485	0.0152028549	-0.0108075298	-0.0612057701	0.0803972322	0.0330884517	-0.1078054623	-0.0521737714	-0.0609059588	0.0113034094	-0.0258123548	0.0568346506	-0.0424984947	0.0659174874	-0.0188007989	-0.0020571164	-0.0178998444	-0.077118334	-0.0624055799	0.0233329125	-0.0410030796	0.0465708456	-0.1345559548	-0.0158190211	0.0603866388	-0.0876078289	-0.0957890294	0.040905915	0.0093284149	-0.049466732	-0.0926214236	-0.0074525573	-0.0328849732	-0.1371903011	-0.0427557727	-0.0186229804	-0.1182602563	-0.0937423371	0.0855284439	0.0755289186	-0.0451019875	-0.1427392546	0.0678912031	0.0276982988	-0.0851455873	-0.1567543133	-0.0054222229	-0.0319679019	-0.1499114465	0.059945714	-0.0889840651	0.0467099165	-0.0013454435	0.1065833493	0.0016274784	0.0583381215	-0.033914985	0.0738009966	-0.0684884151	-0.0349276717	-0.0139348615	-0.0575643843	-0.029683515	-0.0495906924	-0.0213403877	-0.0674926189	-0.0545888525	-0.1048645891	-0.0828977965	0.0314017982	-0.096465806	0.1325184977	0.0060502509	0.0239721594	0.0506239947	0.1424930493	-0.1074402409	0.0013132431	0.0477187558	-0.0138197393	-0.0292361436	0.0428272497	0.0742766566	-0.0197065264	0.003710315	-0.0228244285	0.0004321228	-0.0410364263	0.0911441736	0.0901455167	0.088489186	0.0861872655	0.0832565493	0.0797184191	0.0	-0.0064448637209864	0.0074105792697167	4.1536268382086666e-05	5.49166851127549e-05	-0.0242796230903081	-0.0062381624278629	0.0005895000974074	3.891467047640035e-05	0.0036651910098726	0.0839055453269708	1.343362513885093e-05	0.0070401405366163	0.0010849423531073	2.0216603000174086e-08	4.0871103686664764e-16	1.1770999095660055e-06	-0.0005881030914778	-0.0001853996728287	3.4586524620574565e-07	3.437303868498901e-08	-0.0001896804504665	0.0001851013332643	3.4262503576221464e-08	3.597867328917436e-08	0.0	0.0	0.0	0.0	0.0	0.0	0.0	0.0	0.0
796.1491832091518	0.6745452044171998	633853.5219245997	0.4550112328022418	880.7787161607009	2.934356307983421	775771.1468416925	8.610446942202094	755.4980303771769	0.2806507148784476	0.0787648237617837	570777.2739037937	756.7437587102254	681.281842549642	1.076071	38.300671	0.034937548816542	0.0232961793778356	-0.0123725815	0.0326669627	-0.0659456188	-0.0043986916	-0.0255637301	-0.0889524151	0.085356856	-0.0176710575	0.0178896898	-0.0987961104	-0.0229128483	-0.021521644	0.0056267253	-0.0395930133	-0.0204631479	-0.0480054978	0.0478160288	0.0138032241	0.099584165	0.0304033834	0.061853627	-0.037731494	0.006854231	-0.0143762552	0.0309145345	-0.0894088203	0.0109654426	-0.0456833083	0.0958443193	0.0754144949	0.1521068114	-0.0128033857	0.0058596977	0.1346668578	-0.1793579863	0.0419441477	-0.0182554759	-0.0372941603	-0.0288836106	-0.0399269841	0.1163148622	0.0042025208	-0.0418878536	-0.0036405031	0.0615054586	0.1385115882	0.0637003478	0.1234639822	-0.0400579778	0.0022724815	-0.1077526607	0.0197405777	-0.0058105226	0.0226408454	-0.0023692607	-0.0150893877	0.0316305388	-0.0518296243	0.0643483346	0.0133729528	0.0171434947	0.0188734077	0.0908831547	-0.1370968423	0.030210212	-0.0427377336	0.0229195866	0.0982310176	0.103416922	-0.137313872	-0.052370798	-0.0332326043	0.1274758302	0.0212115459	-0.0926262139	0.017344602	0.0572369109	-0.0163138595	0.0339121669	-0.1089128329	-0.058014017	0.007131087	-0.0100489632	0.0115835351	-0.111076612	-0.0247651692	0.1081286813	-0.0424018371	0.1087331922	0.0692739478	-0.089174589	0.0554608708	-0.0095023658	-0.0554608231	0.1059573931	0.0158794206	-0.0779379112	-0.0639570818	-0.0636651033	0.0202588127	0.069196762	0.0547376771	-0.0448692497	-0.0454787032	0.0643924171	0.1198951043	-0.1297836082	0.1369971095	0.1142210856	0.0457144946	-0.0843513259	-0.0588760919	0.0084047337	-0.0553427276	0.0535357173	0.0589305127	-0.1146538242	0.0129755652	0.0378741507	-0.0839703864	-0.0095026097	-0.0188930609	0.0748288076	-0.0511763894	0.0635052911	-0.0225362548	-0.0055362338	-0.0042923083	0.0199370231	0.0779865068	0.0316966436	0.1251826824	-0.0536420563	-0.0408752602	-0.039860668	0.1067599813	-0.0195681012	0.0752732149	0.0397613745	-0.036194508	-0.0309486616	0.0934817836	-0.0632713148	-0.0898165842	-0.0244188504	0.0893359848	0.0978742768	0.0697639177	0.1279381846	-0.0686584552	-0.0662678104	-0.0617534299	-0.000933436	-0.0107931726	-0.0890521354	0.0957507842	0.060556056	-0.0202213148	-0.0575985051	0.0615255386	-0.0921992503	-0.0510117205	-0.0508491705	-0.0055782862	-0.0012463603	-0.0882994128	-0.0357413901	0.0827115149	-0.0648789361	-0.1030568653	-0.0784194036	-0.0256051422	-0.0337028307	0.0616692603	0.0024214619	-0.0467476547	-0.0143723411	-0.0352996399	0.0272652137	0.0447043342	-0.0558302962	0.091033689	0.0897054572	0.0875060741	0.0844568986	0.0805875418	0.07593558	0.0	-0.0064402419138929	4.621807093500331e-06	4.147671590946288e-05	2.1361100809529977e-11	-0.0179674748235072	0.0063121482668009	0.0003228301515333	3.9843215742077616e-05	-0.017374264636814	-0.0210394556466866	0.00030186507167	0.0004426586939088	0.0010849876133148	4.5260207499810835e-08	2.0484863829259318e-15	1.1771981210465455e-06	-0.0005880213471496	8.174432820006948e-08	3.457691047036304e-07	6.682135192880672e-15	-3.818099308297975e-05	0.0001514994573835	2.2952085587501073e-08	1.4577882328025474e-09	0.0	0.0	0.0	0.0	0.0	0.0	0.0	0.0	0.0
795.9082561958782	-0.2409270132736765	633469.9522807637	0.0580458257249742	876.4141069265512	-4.364609234149725	768101.6868198643	19.04981376682505	756.628973123892	1.1309427467151636	1.2790314963476386	572487.4029705153	756.8291948954264	696.6801060234978	1.040905	37.049015	0.0653282118680473	0.0415365729054708	0.0419461228	-0.0181992862	-0.0868799197	-0.1311094136	-0.0016134782	-0.0017599683	-0.0278046774	-0.0073356358	0.0202397727	-0.0995977132	0.032777662	0.0635280206	-0.0574467587	-0.0415032923	-0.0185281682	0.0741276114	0.1320468966	-0.0512422474	0.0426949456	0.0795505641	-0.0995851207	0.0501954978	-0.0868495315	-0.0733653525	0.0095429915	0.0118531068	-0.0532870141	0.097826119	-0.0598927989	0.0399721356	0.0325233649	-0.0532756359	0.0291956267	-0.0165097528	0.0436977164	-0.0018505898	0.0599601689	0.0213005165	-0.1277561562	0.146868532	-0.0972435367	0.0181013853	0.0227428306	-0.0656582802	-0.031748364	0.0431611069	0.021180217	0.0940354524	-0.0865575286	0.0282464138	0.0175347411	0.0019728355	-0.0125610459	-0.0218476109	-0.0330565826	-0.0242433066	-0.0677223319	0.0546892782	-0.0633315476	-0.0107744227	0.0132642207	0.0450966303	-0.0624577395	0.0317134173	-0.1337611331	0.0913923456	-0.0299105006	-0.0126212407	0.0969185371	-0.07245554	0.0272442488	-0.0577725661	-0.1630783261	-0.0047676979	0.1704742654	-0.0332118688	0.0591480335	0.0639757447	0.0134370712	0.1142792638	-0.1201904094	-0.1035875462	0.0430530432	-0.0330747999	0.1090364613	0.038427605	-0.0187493002	0.1645620875	0.0837256348	-0.0363832202	0.0229064269	0.0391273898	-0.0699092649	0.0036585719	0.1352095408	-0.0476426515	0.0442066812	0.0347032265	-0.0262197532	0.0290803778	-0.006428679	-0.0295878764	0.0494100253	-0.0769757209	0.0324093915	-0.0406251968	-0.0136962541	0.0032708267	0.0337952569	-0.0421924154	0.1741796243	-0.0072112612	0.0253231669	0.022411218	-0.0470820372	0.0669137642	-0.0638791118	0.0778038926	-0.0133289923	0.0278738055	0.140784881	0.0136024883	-0.0372031296	0.0849166941	0.0541315354	-0.0078188655	-0.0217255792	-0.0939064653	-0.0609103281	0.034455673	-0.0587415604	0.0013068316	0.0326769592	0.1009736185	0.0316232806	-0.0168210009	-0.1336362123	0.0263864478	0.0160600284	-0.0653174931	-0.081409236	0.0579167466	-0.0542067699	0.1130456494	0.0973005699	-0.0505231842	-0.0313590931	-0.0881022956	-0.0439961529	0.0538973782	0.0491113644	0.0892593771	-0.0142709938	-0.0023600665	-0.0316907699	-0.0662592077	0.0261530367	0.0607610534	0.0388733305	-0.0126052112	-0.0980017514	0.0117929073	-0.0794346684	0.0023646123	-0.0572033763	0.0393204272	-0.0381631773	0.0374816521	-0.026291378	0.0108451226	-0.0436376934	-0.1021125589	-0.0616631251	-0.0019140192	0.0330091974	0.0104049194	-0.0348285762	-0.0672375905	0.009268284	-0.0303021237	0.0287260406	0.0909074754	0.0892034024	0.0863869029	0.0824931004	0.0775705533	0.071680649	0.0	-0.0064732509542722	-3.300904037930024e-05	4.190297791698595e-05	1.0895967467622735e-09	-0.0230961427226361	-0.0051286678991289	0.0005334318086643	2.630323441955524e-05	-0.0538354577322621	-0.0364611930954481	0.0028982565092421	0.0013294186019435	0.0010849762993886	-1.1313926199987142e-08	1.2800492605875543e-16	1.177173570234981e-06	-0.00026310219926	0.0003249191478895	6.922276725544875e-08	1.0557245266530373e-07	-0.000187357367929	-0.000149176374846	2.2253590812200352e-08	3.510278331728268e-08	0.0	0.0	0.0	0.0	0.0	0.0	0.0	0.0	0.0
794.8185985017047	-1.089657694173411	631736.6045242142	1.187353890471315	876.7007399925819	0.2866330660307312	768604.1875035408	0.0821585145421775	754.5940275436249	-2.0349455802671628	4.14100351464886	569412.1464045089	755.2736782836914	678.6286936396028	1.095386	38.988136	0.060955814215554	0.0398744054983038	0.0237105672	0.0922558896	-0.0588365384	0.1035800409	0.0458737518	0.0669279558	-0.0726468637	0.061013905	0.01502889	0.0199902186	-0.0586385493	0.0107953971	-0.0626946583	-0.0485727709	-0.0817931961	0.078310865	0.0267680077	0.0096774763	-0.0640729524	0.0073203603	0.0196868493	0.0331574158	-0.0606315014	-0.018340418	-0.0483059161	0.0228000095	0.0177048118	-0.0505477114	0.0033447284	-0.0088797786	0.0560326895	-0.1847191823	0.0518107119	0.0067870287	-0.0099051327	-0.0175964691	0.1210468526	0.043994211	0.0685947991	-0.0935016902	-0.0344636818	-0.0178174894	-0.0402226824	0.0189093491	0.0503713102	0.0354033536	-0.0910185469	0.0516967185	-0.0673202699	0.0410278547	-0.0092685611	-0.0213913323	0.1020905962	0.0598841708	0.1049259819	-0.0355707308	-0.0289100712	0.0875011368	0.0814136169	-0.0413642723	0.01919071	-0.0574599592	0.0115265083	-0.0788202551	0.0258573176	0.0470181193	-0.0605833127	-0.023791296	0.052150706	0.0192154246	0.0826814651	0.0200927916	-0.0551631808	0.0454434525	0.0156568731	0.0848335113	-0.0001704794	-0.1156965882	-0.0881446067	0.0230751331	-0.0023176904	0.1014258929	0.0195581182	0.0501913508	-0.0595016592	0.0336840735	-0.0040971599	-0.0326828353	-0.0520168901	0.0222423491	0.0620446719	0.0121615109	0.084094495	0.04771728	-0.0041918289	-0.005586517	-0.0688305741	-0.0069923249	-0.0709168678	0.0035305378	-0.0245128437	-0.0410613651	-0.0217557823	-0.0300417508	-0.0828556064	-0.0105803292	0.0711473446	0.1145426995	-0.0635963582	0.1513768619	-0.0793413047	0.0635143038	0.1442385974	0.0484742375	0.0538233252	0.0186379982	-0.0080297459	0.0058376238	-0.0479778074	-0.048185175	0.0455536161	0.0108800617	0.1408765435	-0.0143267948	0.0834694167	-0.0767770226	-0.0253577538	-0.0666241754	-0.0852597824	0.026085142	0.0443863563	0.0164119124	0.0544949601	0.0031903227	0.1236271475	-0.0251087287	-0.0350493375	0.0286810911	0.0827178679	-0.0198892786	-0.033433907	0.0400640242	0.0961055963	0.0231612459	-0.0118129391	-0.0135350007	0.0126773685	-0.0423592364	0.0684854661	-0.0128140305	-0.0058694353	-0.0398590535	0.0155075176	-0.0766289401	0.0058532743	-0.083351243	-0.0606954639	0.0111366032	-0.0099513295	-0.0834534916	-0.0028758457	0.0292585977	-0.0834296468	-0.0192061989	0.0015444361	0.0142192651	-0.1279103743	-0.0604763003	0.0629130909	0.0156079238	0.1015689547	-0.0206753958	-0.0384566819	-0.0863940036	0.0796425279	0.0468060974	-0.0012298524	0.0096998126	0.0474596564	0.0180745506	-0.0209964265	0.0907655546	0.0886396995	0.0851334125	0.0803012987	0.0742186113	0.0669800789	0.0	-0.0065231589225902	-4.990796831799965e-05	4.255160232936814e-05	2.4908053016304563e-09	-0.0183293155205319	0.0047668272021041	0.0003359638074512	2.272264157472055e-05	-0.0203690915697052	0.0334663661625569	0.000414899891375	0.0011199976641263	0.0007479710437457	-0.0003370052556428	1.1357254233093633e-07	5.594606822820319e-07	-0.00035506108384	-9.195888457999996e-05	1.260683732576355e-07	8.456436453197755e-09	-0.0001628672505004	2.4490117428600024e-05	5.997658516666186e-10	2.652574128556004e-08	0.0	0.0	0.0	0.0	0.0	0.0	0.0	0.0	0.0
793.8809792307795	-0.9376192709252108	630247.0091844214	0.8791298972103241	873.3616597689115	-3.339080223670408	762760.588754308	11.14945674010682	753.1595699323033	-1.4344576113215908	2.057668638678444	567249.337780612	754.3814200083415	677.0492899220094	1.072531	38.174683	0.0674827284391944	0.0343498840710863	-0.0766389749	0.0579282076	-0.0500321829	-0.0352491004	0.0843628793	0.0052705133	0.0410573186	0.123969283	0.0017736502	-0.0447095038	-0.0581040553	-0.038643843	0.0015593445	0.1756164224	0.0043673706	-0.0517808702	-0.0082391432	-0.0607202577	0.0371056133	0.0423139826	0.0118362219	-0.0461533552	-0.0784353268	0.0189627958	-0.0190272335	-0.1484818391	-0.0277684516	-0.0373745476	0.0837086572	0.065638482	-0.0296996867	-0.089541066	-0.0290245523	-0.0419849842	0.0158941899	0.030692696	-0.0495592937	0.0003897923	0.0376980722	0.0232374697	-0.004585719	-0.0266606488	0.0295336786	0.0538051426	-0.0503619527	-0.0330928167	0.0423707757	-0.0547577419	-0.0765832038	-0.0803946072	-0.0202785564	0.0778233254	-0.0128420144	-0.0051705621	-0.0529973338	0.012346343	0.0563792621	0.0197144898	-0.092363768	-0.0253490939	-0.0077550818	0.0825035018	-0.1008865997	-0.0274747812	0.056221981	0.0917993032	-0.0630887749	-0.0153199094	-0.1229191251	-0.1234279372	-0.0272007513	0.1220845674	0.1187305705	0.0903147338	0.0346046796	0.0555012313	0.0490614846	-0.0394571808	0.0212429162	0.0300107873	0.0759317657	0.0815608318	-0.0334563284	0.0059789445	-0.1232457845	-0.0651997277	-0.0711243372	-0.0175502217	-0.0552822344	0.0338644679	-0.0678525323	0.037051361	0.1191106715	0.0227392679	0.001126989	0.0573221633	-0.0152502776	-0.0280226663	-0.0128118081	0.0377211332	0.0424266934	0.0370896423	-0.0545454297	0.05760014	0.0192303107	-0.1178462523	-0.0404926334	-0.0074820506	-0.0808017923	-0.1158635503	-0.0058078019	-0.0965828926	0.0339125559	-0.1184821641	0.0604411519	0.0636991304	-0.0170334237	-0.0662424999	-0.0848682035	0.0356645723	-0.0181313058	0.0450606358	-0.0049979507	0.0111191779	-0.0959561352	0.0355430699	-0.0202320206	0.1061060762	-0.0071760555	-0.0634070421	-0.025649365	-0.0240486124	-0.0625136893	-0.0952935564	-0.0321288571	-0.04014319	0.1283459905	-0.0720242306	0.1217977288	0.1509168301	-0.0647695427	0.0934674247	0.0329495026	-0.0731735119	-0.0239747183	0.0281190538	0.0824324187	-0.0299984835	0.042069168	0.0710789921	0.0454167949	0.0112687282	0.1285266134	0.0082352938	0.0139550924	0.0070824638	-0.0334493621	-0.0605099458	-0.0809944625	0.0299357635	0.0559924427	0.0457848489	-0.0237963299	-0.089388163	0.1233534685	-0.0434248216	0.0122919026	-0.012097044	0.0514737131	-0.0351932617	0.0403123239	0.0493108863	-0.0424592109	-0.0162696962	0.0235178557	0.0410043038	-0.001560495	0.0168728435	0.0021890234	0.0002079767	0.0164840835	0.0906079513	0.088014738	0.0837475519	0.0778875515	0.0705461896	0.0618630933	0.0	-0.0065981562375583	-7.499731496810047e-05	4.353566573522951e-05	5.624597252424467e-09	-0.0415054442405988	-0.0231761287200669	0.0017227019016094	0.0005371329424491	-0.0007416938696707	0.0196273977000344	5.501097963070973e-07	0.0003852347404753	0.0004569707940716	-0.0002910002496741	8.468114531038858e-08	2.0882230663442867e-07	-0.0002360558317293	0.0001190052521106	5.57223556934116e-08	1.4162250029931262e-08	-0.0002449458427981	-8.207859229770003e-05	6.7368953135720634e-09	5.999846590407152e-08	0.0	0.0	0.0	0.0	0.0	0.0	0.0	0.0	0.0
794.2848200313765	0.4038408005969813	630888.3753322762	0.1630873922268108	883.1395384568434	9.777878687931889	779935.4443857664	95.60691163591264	754.7199711444248	1.5604012121215192	2.4348519427903064	569602.2348442414	755.0375617472331	690.9940286754303	1.055673	37.574654	0.0766189273263723	0.0435293263198025	-0.1070253066	-0.0181331537	0.0225017006	-0.0606359593	-0.0848741316	0.0812172084	0.0117217501	0.0879050517	0.0262868018	-0.0088803591	0.0788642081	0.0747866774	0.0851747045	-0.0310648762	-0.0019983228	0.0044192016	-0.009105941	0.0298845841	0.0073567495	-0.0234231626	-0.0411701331	-0.1072421507	-0.1909026878	-0.012746749	0.0480035982	0.0802503343	-0.0013271297	0.0160955932	0.0766653001	-0.079874882	0.007086074	-0.0420677078	-0.0971582453	-0.0114291517	-0.0112764165	0.0139823238	-0.1122542427	-0.0999956471	0.1257632232	-0.0718659822	0.0830930425	-0.0637884841	0.0135343114	0.0738150549	-0.0744241673	-0.1254443599	0.0140813817	0.0357109563	-0.0718820705	0.0295805874	-0.0535445844	-0.0994284595	-0.0175200307	-0.1073679862	0.1218993457	-0.0627219002	-0.0113462324	0.0194527637	-0.042829074	-0.0623329885	0.0544940549	0.0056108052	0.1049697853	0.0660222036	0.0447489682	-0.013583539	0.0295106972	-0.0134964571	-0.0623770287	0.0246896911	0.0774957681	0.0432129796	0.0379710704	0.006463922	0.0363908098	-0.0914335726	0.0007830968	0.0350135048	0.0166589307	0.057387885	0.055732798	-0.0778710847	-0.1196277854	-0.0334389711	0.0572097328	0.0514132656	-0.0436982251	-0.0183593045	-0.0014486905	0.0764099555	-0.0332488199	-0.0032141061	-0.0347854613	0.1479383639	-0.0476204665	-0.0302388103	0.0417191632	-0.0394442033	0.0631161659	-0.030838339	0.0950409659	-0.0639148949	-0.0685967724	0.0728796127	0.0225164747	0.0166831983	-0.1095841365	-0.1330506329	-0.0445017303	-0.0160589991	-0.1256141057	0.0874332419	-0.0282071264	-0.0700634625	0.0454075421	0.0893925191	0.0662691041	-0.0876362241	-0.0879657402	-0.0138113639	0.0554898659	-0.0610702911	0.0782832376	0.0549370502	-0.0388484285	-0.0552118977	0.0040840102	0.0063361636	0.0856481414	-0.0701263443	0.0521462898	0.0479692544	0.0148582609	-0.0621627678	0.0237273709	0.0625441427	-0.0425641715	-0.0384984629	0.0052056481	0.0048247103	0.1272370032	-0.0967975175	-0.0366779098	-0.0942086269	0.0067788291	-0.0288198404	-0.1412056533	0.007898336	0.0234486698	-0.0114879764	0.0621232156	-0.010831671	-0.0428104176	0.0432488493	0.0792311802	-0.0352891015	-0.0058321221	0.0425974744	0.0364666228	0.0471964448	0.0375181182	0.1120419172	0.0011100519	-0.060699832	-0.0574985124	0.0865365378	0.0309824322	0.0628422325	-0.0570692972	-0.0328608874	-0.0702015375	0.0136599807	-0.0042232817	0.0287380634	-0.0158066611	-0.0527838788	-0.1325986221	-0.1173113415	0.0362879897	-0.0682587066	-0.0253289962	0.0904346925	0.0873289498	0.0822314759	0.0752585301	0.0665691461	0.0563615044	0.0	-0.0067081120155449	-0.0001099557779865	4.499876681309786e-05	1.2090273112638414e-08	-0.0411983834182763	0.0003070608223224	0.0016973067962793	9.42863486053697e-08	-0.0201248295064289	-0.0193831356367581	0.0004050087626628	0.0003757059471129	0.0010360147395305	0.0005790439454589	3.352918907726095e-07	1.07332654052445e-06	0.0002029348430045	0.0004389906747337	4.1182550505261063e-08	1.9271281250323698e-07	-0.0001266049612047	0.0001183408815934	1.4004564256303122e-08	1.6028816201643593e-08	0.0	0.0	0.0	0.0	0.0	0.0	0.0	0.0	0.0
793.3783354586653	-0.9064845727111788	629449.1831751625	0.8217142805633684	877.8959076221173	-5.243630834726105	770701.2246196611	27.495664330890385	755.0079036114346	0.2879324670097958	0.0829051055583471	570036.9345157333	755.8742338943481	685.4036370934764	0.995242	35.423725	0.0569779513059909	0.0292854225033425	0.0041816997	0.0099033073	0.077024134	-0.0031150127	-0.0376493713	0.0760536602	-0.0544582768	0.025404957	0.0280045071	0.0480145814	0.0175412481	0.0160440956	-0.0790168464	0.1176401533	-0.0021914413	-0.0256908222	0.0103886513	0.0600318141	0.0622368685	0.0065898082	-0.0187174764	0.0334128355	-0.0541599101	0.0223640867	-0.0051723434	0.0890445995	0.1235066131	0.0376212188	0.063856225	0.0801382831	-0.0074741844	-0.0244135182	0.0384205511	0.0162238185	0.062453951	-0.1281388177	0.0510569059	-0.0885293692	-0.1468416738	-0.0494028177	-0.009950385	-0.0255098034	0.0473019637	-0.0850241798	-0.0990204177	-0.05483067	-0.0141973542	0.00510616	-0.0831925218	0.0197911234	0.0229062803	0.0524180278	0.0350036051	-0.0431762318	-0.0072010776	-0.0773771373	-0.0847995164	0.0504327511	-0.03111137	0.0309180015	-0.0273482794	0.0390411544	0.054117832	0.0192204471	0.1044683322	0.1236226014	-0.0672859584	-0.0965048795	-0.0538326121	0.0314362672	0.077523798	-0.0318948158	0.0173814639	-0.0773725363	-0.0059278392	0.100497502	0.0944394855	0.0546676686	-0.0355585982	-0.1120888866	0.005268804	-0.0286037138	-0.0807593636	0.0402661962	-0.0918644944	0.005452298	0.0859215003	0.041640041	0.0833971764	0.0979475516	0.059551381	-0.044025843	0.0141703633	0.0371051016	-0.0861358326	-0.0336324692	-0.0185966922	-0.046984339	0.1077473696	0.0925597792	0.0633375504	0.0315958598	0.0702765382	-0.007575641	-0.0989849116	-0.1191934008	-0.0005027251	0.0552555258	0.0681593004	-0.0481396476	0.0601493506	0.126551777	0.0129254715	0.1059695616	-0.0915585547	-0.006992451	0.0236966818	-0.0559397779	-0.0402044614	-0.0983131189	0.0414409557	-0.0183543687	0.0450242783	-0.0058934744	0.0139421501	-0.0380275215	-0.1134625358	0.0057976365	-0.0130726511	0.0518938723	-0.0017804279	0.044616964	-0.0141444912	-0.0484529277	-0.0550558989	-0.1368345529	0.0124749342	0.059453456	0.0058507193	0.0818015054	0.0240726523	-0.0249502477	0.0047233091	0.065182591	-0.099854828	0.013356813	-0.0285058593	-0.0951769622	0.1344763161	-0.054097691	0.0058537702	-0.1303969558	-0.0399513955	-0.012416635	0.0076294269	0.0236691141	-0.098671084	0.020472968	0.0172106986	-0.0488727413	0.0277389355	0.0855891711	0.0525510021	-0.0510995548	-0.011067523	0.0833377348	-0.0294326615	0.1387081889	0.0070198646	-0.0080097667	0.0707559462	-0.0891002764	-0.0472858502	0.0112877479	-0.0480472849	-0.0108951131	0.0677125014	0.0467118364	0.0002133913	-0.0612732222	0.0109386553	0.0902458083	0.0865828087	0.0805875418	0.072421501	0.0623046536	0.0505095157	0.0	-0.006623919223486	8.419279205889967e-05	4.3876305879267375e-05	7.088426234673119e-09	-0.0243756607436864	0.0168227226745899	0.0005941728366912	0.0002830039981861	-0.034523985108791	-0.014399155602362	0.001191905547792	0.000207335682061	0.0006860101185895	-0.000350004620941	1.225032346800531e-07	4.706098828071799e-07	0.0001069333719054	-9.60014710991e-05	1.1434746027058593e-08	9.21628245319133e-09	-0.0001940364739042	-6.74315126995e-05	4.547008904942831e-09	3.765015320517529e-08	0.0	0.0	0.0	0.0	0.0	0.0	0.0	0.0	0.0
793.0171349740737	-0.3612004845916772	628876.1763624882	0.1304657900692624	875.6914790520301	-2.2044285700872024	766835.5664843321	4.859505320616708	754.7113871165988	-0.2965164948358278	0.0879220317097255	569589.2778434606	755.9116012954712	685.5566082432259	0.971085	34.563892	0.0638869758039049	0.0404290535431231	-0.0299493183	0.0144537988	0.0964329367	0.0431530199	-0.0944734936	-0.000460896	0.0437240708	0.0472407746	0.0044951127	0.0964840388	-0.0757223133	0.0742793349	0.1136110442	0.0486918299	0.0336364019	-0.0533610489	0.0270927675	-0.1281567723	-0.0347755899	0.0231513192	0.0080477077	0.0458751165	-0.0272772719	0.0327563238	-0.0716057422	-0.0886950594	0.1396680113	-0.1750150975	-0.0645228282	-0.0688061245	-0.0642214274	0.0686302782	0.1031264312	-0.0340705539	0.1185745104	0.0129523636	0.0993438977	-0.0143974388	-0.1070835565	-0.0692233608	-0.0760936118	-0.0188086959	0.0578578638	0.0067323628	0.034371873	-0.0489760007	0.1359064397	-0.0554148161	0.0176658893	-0.1346121134	0.0001858713	0.0261597104	-0.1288278488	0.0585127306	0.0180713946	-0.0805694582	0.1157584635	0.0009271116	-0.018647384	0.0380726719	-0.0114182291	-0.1047264793	-0.0643387454	0.0431287792	-0.0666142845	-0.0629703325	-0.0598381608	0.0652635866	0.0946324332	-0.0170090741	-0.0531856238	-0.0254248931	-0.0215647976	-0.0922290616	0.0210252321	-0.0063501917	0.0037280534	-0.1092458027	-0.0279139689	0.0714174391	-0.0438714995	0.0035239294	-0.0265743778	-0.0228671542	0.1846455258	0.0294870546	0.0783949965	-0.0561320828	-0.0532957437	-0.0622224186	-0.0025109651	0.0076132099	0.1035839996	-0.070541729	-0.1240491997	-0.1009150702	-0.0679480119	0.0444762455	0.0236707176	-0.1191170311	0.0309810783	-0.0662534896	0.1020285347	0.0767626613	0.0188119017	-0.0329341923	-0.006291144	0.1012923244	-0.011024304	-0.0108848681	0.1031818591	0.0037477617	-0.0506539082	0.0234789704	-0.0853749909	0.0131773852	0.0460335628	0.0209384443	-0.0341859908	0.0341077871	-0.1098737694	0.0119518158	-0.1043285398	0.0163679881	-0.0063839882	0.1330106199	0.0590092807	-0.0846644554	-0.1146959244	-0.0282850032	0.0039346158	0.0627369341	-0.0785451181	-0.0432993023	0.1440214026	0.0429868979	-0.0480159262	-0.0615405884	-0.0012213984	-0.0715936215	-0.0585856166	0.0510467279	0.0612748398	-0.0188056634	0.0857064596	-0.0156838036	-0.1029270626	0.1264621229	-0.0444070422	0.0185227067	0.0111065863	-0.1089733291	-0.0125537886	-0.0303037052	-0.1198208178	-0.0453075717	0.1685972864	-0.0699877575	-0.0693118075	0.0111189313	0.0583769617	-0.0128301415	0.0849373573	-0.0547145667	0.0510120726	-0.1019038622	-0.1327892851	0.0747800077	-0.0681516319	-0.088668632	-0.0069189109	0.0337658986	-0.048997628	0.0149359723	0.1201422983	0.022881908	0.0617681992	0.0521738389	0.0065131619	-0.0237410775	0.0131779126	0.0900413312	0.0857768306	0.0788183057	0.0693843053	0.0577711266	0.0443435089	0.0	-0.0066841047145658	-6.0185491079800015e-05	4.467725583528076e-05	3.622293336516687e-09	-0.0344390629998798	-0.0100634022561934	0.0011860490603096	0.0001012720649699	0.0016337839412585	0.0361577690500495	2.6692499667141576e-06	0.0013073842626767	0.0006149947659663	-7.101535262319996e-05	5.043180308197434e-09	3.782185621659442e-07	0.0001070268563072	9.34844017999901e-08	1.1454747971002037e-08	8.739333379901993e-15	8.696706920244463e-05	0.0002810035431066	7.896299123848792e-08	7.563271125662794e-09	0.0	0.0	0.0	0.0	0.0	0.0	0.0	0.0	0.0
791.719526393394	-1.2976085806797073	626819.80847258	1.6837880286536044	877.6490872309759	1.957608178945748	770267.9203173651	3.832229782275286	753.6277631138005	-1.083624002798274	1.1742409794405535	567954.8053359105	754.7121215057373	663.5361502634454	1.102559	39.24345	0.0611210836523839	0.038409688440968	0.0167414762	-0.108401244	0.0159369618	0.004357133	0.1265756172	-0.035980205	0.015508494	-0.1057866719	-0.0282881345	-0.0352844471	0.0763802321	-0.0024969464	0.0846673117	0.05644063	-0.0196279987	-0.005889733	0.0569320759	0.0659992947	-0.0329361927	-0.0600419345	0.0393960942	-0.0580235436	-0.0028263819	0.0148821315	0.0526222164	0.0528648943	0.0521397176	-0.0779391656	0.0293189605	-0.1333991318	0.0215354794	0.1005368579	0.1905113314	-0.0006370791	0.0387968499	-0.0539703916	-0.0557817975	0.0030220714	0.1107039697	-0.0437528419	-0.0625896181	0.2259733361	-0.1657820882	0.0534703683	-0.0193615269	0.0845452123	-0.0691824495	0.0582834813	0.1041370199	0.1183781404	-0.1578494497	0.0682144904	0.0611778641	-0.0332452483	-0.0410087433	-0.0042620351	0.0020896765	-0.0757292748	0.0575541099	-0.020731081	-0.1426157325	0.0135240157	-0.0052214994	0.0464964942	0.153482573	-0.0278745193	0.0774240941	-0.0127890828	-0.0823809262	-0.057704247	-0.0834432564	0.1212642628	-0.0088185395	-0.1183312615	0.0360126194	-0.0120579751	0.0406323877	0.0251830641	0.0593145262	-0.0612446589	0.0968126511	0.0840663276	0.1039740984	0.1388554026	0.0685153264	-0.0311066684	-0.0835278718	0.0209496462	-0.0638626819	-0.0738701458	-0.0241832948	-0.0414380549	-0.1185160169	-0.0635801984	-0.0366334817	0.0019932356	-0.0622309474	-0.1162411563	0.0351362618	-0.2012601882	-0.0142624764	-0.0158595398	-0.02647355	-0.0815581206	-0.0867840492	0.0938494079	0.1260224055	0.036240392	-0.0302244894	-0.0246978793	-0.1337358423	0.0135726765	0.0601487166	-0.1099585412	0.0718432018	-0.0030295405	0.0180497502	0.0144142274	0.1753079085	0.0361781795	-0.0323765777	0.0831984382	0.1348115207	0.0437575993	0.016245021	0.0098726833	-0.0886773024	0.1276283307	0.0502878309	0.0421542425	0.0352957183	0.0450195361	-0.1480164411	0.0398286369	0.0760074068	-0.1399411128	0.1207291549	-0.0340001956	0.0245442505	-0.0365878591	0.0090591606	0.1167890135	-0.0862567635	0.0518934775	-0.0651268327	-0.0277558593	0.0218528047	0.0111797587	-0.1449671623	0.1502549729	-0.1608913841	-0.0624230201	0.0515013041	-0.028453169	-0.0732022805	-0.0096309474	-0.0773528031	0.0404208936	0.0501078521	0.0317664769	-3.1864e-05	-0.0320815139	0.0753209097	-0.0895770141	-0.1496107957	0.0343945804	-0.0400295582	-0.0502262254	-0.0226005486	-0.0859532296	0.0196681824	-0.0157177441	-0.0219701106	-0.012171877	0.0285711511	-0.0225620998	-0.0829580642	-0.0694336263	0.0203936399	0.0224447524	-0.0285914504	0.0898212967	0.0849115724	0.0769265184	0.0661553376	0.052988141	0.0379018183	0.0	-0.0065421161695269	0.0001419885450389	4.279928397558532e-05	2.0160746922263826e-08	-0.0345078268440914	-6.876384421159593e-05	0.0011907901135017	4.728466270756634e-09	-0.0313231959518134	-0.0329569798930719	0.0009811426046356	0.0010861625236723	0.0004930081908314	-0.0001219865751349	1.4880724513142609e-08	2.4305707622685013e-07	5.392675865101282e-05	-5.3100097656187177e-05	2.9080952986045853e-09	2.819620371096615e-09	-0.0002970132854077	-0.0003839803546101	1.4744091272653245e-07	8.821689170867589e-08	0.0	0.0	0.0	0.0	0.0	0.0	0.0	0.0	0.0
792.7634185583566	1.043892164962699	628473.8378043321	1.089710852070511	874.0383344210111	-3.610752809964765	763943.0100374552	13.037535854668448	753.1573529100259	-0.470410203774577	0.221285759815239	567245.9982424373	754.0004373804728	698.6681480810473	1.09428	38.948765	0.0520219780614696	0.0280844167010418	0.1207673901	-0.0190613637	-0.0549541447	-0.0768328487	-0.0750095135	0.0188359347	-0.0801617093	-0.0829924023	-0.0706386787	-0.0753302813	-0.0480205031	-0.0330094347	0.0067162835	0.0016251038	-0.0729769155	-0.1185850748	-0.0534152595	0.1031105596	0.0530336089	-0.0247368923	-0.0049337453	0.0534725584	0.0425244121	0.029841048	-0.062090595	0.0609091769	-0.0139460592	0.0226814941	0.1164570227	0.2121604896	-0.079265599	0.06511226	-0.0013812992	0.0677784664	0.0067522412	0.005151006	0.0293143068	-0.0204224638	-0.0699875066	0.0457320313	-0.0349184953	-0.0311796397	-0.0408608544	0.0677307387	0.0970605793	0.034504189	-0.093781743	-0.0594054795	0.0886058118	-0.0397651059	0.0450009611	-0.0515831973	0.0810654137	0.0803060133	-0.0472060366	-0.1212826467	-0.1183760418	-0.0614557365	0.019074403	0.0026762948	-0.0006664716	-0.085906091	0.0849577911	-0.0296259936	-0.0143397608	0.171903131	0.0179612224	-0.0106015897	-0.1635632017	0.0246580013	0.0072436208	-0.0067541539	0.0461382559	-0.0236711973	0.0324628639	0.0050625012	-0.1045805731	-0.0602131191	-0.0939158055	-0.0199797508	-0.0700852404	0.0184811299	0.0200766722	0.0152438328	0.0611155197	-0.048753231	0.0228085402	-0.0036441179	0.0807908481	0.0365740959	0.0743238535	-0.0453608333	-0.0141014226	-0.0889750203	0.0378089965	0.0784036125	-0.0366575308	-0.0580842028	0.0808623475	0.090753739	0.0535282535	0.0896347148	0.0402980171	0.01394618	0.0410039154	-0.039957075	-0.0349913606	0.023036904	0.0039856452	-0.0003438773	0.052145441	0.0900827211	0.0003347526	0.0251837391	0.0045810077	-0.1338750571	-0.0197049673	-0.0633286553	0.0776579357	0.0210151963	-0.1753976373	0.0227365483	0.0415688116	-0.1262999827	0.0883743341	-0.0697653991	0.0349701996	-0.0828948768	-0.0145184042	0.0706879905	-0.0729219179	0.0101065206	0.1686381611	0.0653637937	0.0392028621	-0.0932005604	0.0957871923	0.0016940957	-0.0344643816	-0.0031861593	0.049959848	-0.0707297053	-0.0935684026	0.0874635523	0.0534910564	-0.0380873772	0.095623457	-0.0054213302	0.0808930442	-0.0269380969	0.0998946137	-0.0135929648	0.0311528664	-0.046285261	0.099708758	0.0220211468	0.0256300131	0.0205729452	0.0325832113	-0.0707095052	-0.0278232506	-0.0942438224	-0.06044311	-0.134746833	-0.0683247331	0.0313777188	-0.0059835018	0.0851789386	0.0261001619	-0.0245200239	0.1006616656	-0.0572334573	0.0259565275	-0.0022492515	-0.0624869698	0.097834512	0.0551785031	0.0583161187	-0.0555192141	0.002365975	0.0289745712	0.0895857427	0.0839876321	0.0749151215	0.0627435226	0.04797635	0.0312244919	0.0	-0.0092028342196357	-0.0026607180501088	8.469215767409783e-05	7.079420542174776e-06	-0.0128361514098571	0.0216716754342343	0.0001647667830167	0.0004696615161267	-0.0150343418306562	0.0162888541211571	0.000226031434281	0.0002653267685803	0.0005340084535574	4.100026272599994e-05	1.68102154360102e-09	2.851650284707658e-07	0.0001069564069495	5.302964829848718e-05	1.1439672987547052e-08	2.8121435986612447e-09	-0.0001630285873128	0.0001339846980949	1.795189932358151e-08	2.6578320281207253e-08	0.0	0.0	0.0	0.0	0.0	0.0	0.0	0.0	0.0
792.6406848971872	-0.1227336611694909	628279.255354282	0.0150635515840674	870.0617159329928	-3.976618488018289	757007.3895322639	15.813494599248864	751.9112085123879	-1.246144397637977	1.5528758597645165	565370.4654865597	752.288869603475	669.6376593404226	1.128882	40.180389	0.0851666688037671	0.0492733817332189	-0.0547960213	0.0615147307	-0.0979855454	0.0721623124	0.0389666864	-0.0118584344	0.0171159479	0.0832990695	-0.0792443508	-0.0158306881	-0.0557499044	-0.1115560332	0.0487130625	0.0231300651	-0.0678778291	-0.0725978268	-0.0733609344	0.0071346176	0.0102958915	0.043038079	0.0444783259	0.012971701	0.0820345597	0.0788000757	-0.0764451323	-0.0600637339	-0.0773190944	-0.0534235261	0.0675759111	-0.0039363185	-0.0710782942	0.0552064658	-0.022531295	-0.1039600942	-0.1186727377	-0.001031691	-0.0266763475	0.156616536	-0.0178771666	0.0210265785	0.0795664125	0.0001295128	0.0284084346	0.1272396636	0.0618151581	0.0530038642	0.0656757542	-0.075097491	-0.0296559494	0.1129550939	0.0850469881	0.0289526516	-0.1975421338	-0.011696068	0.0199871847	0.1161103986	-0.0662996457	0.1330152753	-0.0746274984	0.1193245406	-0.0687175279	-0.0076862765	0.017495046	0.0222414834	0.0516057886	-0.0999896022	-0.1280738825	-0.0424560305	0.0944637137	0.0248565085	0.0561388587	-0.073858862	0.0076307538	-0.0341952912	0.0403704259	0.0336117505	0.0188413822	-0.0520548317	0.0224691342	0.0586114902	-0.0355229127	0.0166226056	0.0581735383	0.039641055	0.1125579307	-0.0857086997	0.0098464294	0.0216560666	0.1204867659	-0.0220773912	-0.026689763	-0.0288598838	0.1034746556	-0.000785614	0.0006563978	0.1485712385	0.0198461241	0.0478608812	-0.009166645	-0.0288144913	-0.0366125394	0.1280760812	0.024977766	0.1075856968	-0.0133375973	0.0344831833	0.0165247389	-0.0245901844	0.0727164703	0.1048461987	0.0882948756	-0.0242823564	-0.0079669698	-0.0513883601	0.0676005755	-0.002955121	0.0479395989	0.0952447098	0.1828481117	0.0050939931	0.0695977065	-0.1684721341	-0.1490715427	-0.018420372	0.0662881954	0.0135070791	0.0249708832	0.0056257569	-0.0297861821	-0.0622379689	0.1006845236	-0.0687942336	0.0060648543	-0.0278302904	-0.0496875101	-0.0163260266	-0.0845350449	0.000200076	0.1080363879	0.0877173192	0.0597502548	0.0249109348	-0.007248151	0.0397531202	0.0548566636	0.0274315608	-0.0616146602	-0.0174278445	0.0322345466	0.0603408705	0.0500357006	-0.0873891832	-0.0423942278	-0.0255051191	-0.0227983843	0.0207652295	0.0829646463	-0.0762450699	-0.0562332773	0.0195670988	0.0791218435	-0.0331027712	-0.0732643031	-0.0883165818	0.084163959	-0.0621860681	-0.0736321135	-0.0562434232	-0.0023637082	-0.0337357869	-0.0094870163	0.0262493318	0.0149397893	0.0297328228	-0.0044102131	-0.0692649913	0.0480333889	0.039126864	-0.061273691	-0.0152389044	0.0056097973	0.0893347099	0.0830056482	0.0727872424	0.0591582902	0.0427573947	0.0243530426	0.0	-0.012200404696685	-0.0029975704770492	0.0001488498747628	8.985428764877562e-06	-0.0417864120307172	-0.0289502606208601	0.0017461042304008	0.0008381175900157	0.0217322024945616	0.0367665443252177	0.0004722886252646	0.0013517787816182	0.0002400070696987	-0.0002940013838586	8.643681371083062e-08	5.7603393505356644e-08	0.0001069847850689	2.8378119400001518e-08	1.1445744236238731e-08	8.053176606807425e-16	-0.0001280124816781	3.501610563470001e-05	1.2261276538204696e-09	1.6387195465385884e-08	0.0	0.0	0.0	0.0	0.0	0.0	0.0	0.0	0.0
793.7377385206128	1.0970536234256087	630019.5975518166	1.2035266526712574	873.7418966440055	3.6801807110126674	763424.9019510639	13.543730065709704	753.9329292882934	2.0217207759054645	4.087354895727794	568414.8618652268	754.2715764617919	675.9424810510236	1.101105	39.191704	0.0694465633259164	0.0445180426959392	-0.082933079	-0.0361098494	0.0643494774	-0.0057176963	-0.0014613651	-0.0100000071	0.0342701516	0.0066716976	0.0073246825	0.1014499535	0.1277356708	-0.1097234977	-0.1345389286	-0.0585167659	-0.0656204087	-0.0207703122	-0.0102623734	0.0236106367	0.0484906043	-0.0186563336	-0.047072176	-0.0376531598	0.0100229534	0.0361799132	0.0509620913	0.0381358709	-0.1302482339	-0.0050967321	-0.0626346649	-0.0618265304	-0.0661206758	0.0037299619	-0.0368538701	-0.1012838706	-0.0179060367	0.1090007045	-0.024355717	-0.0880225621	-0.0688561044	0.0066627304	0.093983978	0.0339019235	0.0355258604	-0.0606037436	-0.0655429894	0.0541982774	-0.0585053352	-0.1007756904	-0.0806567453	0.0262128636	0.0145820216	-0.0095047855	0.0468724685	-0.0403217539	0.1106130524	-0.0574123868	0.1372791318	0.0883040712	-0.0044504864	0.0086608193	-0.0196164673	-0.0544131489	0.0033842016	-0.0393146418	0.066759277	-0.0559630836	0.0091075064	-0.0635830914	-0.0021924902	0.0506857651	-0.1467622083	0.0007576824	0.1069075116	-0.0185764734	-0.0145341711	-0.0261897389	-0.038584956	0.0374588971	0.0555747638	0.1095211372	0.0343100816	0.0460992617	-0.0574190966	-0.1036144429	-0.0837714866	-0.1238558045	-0.0034903416	-0.0178689809	-0.0617969526	-0.0074434003	-0.036556038	-0.0226233944	-0.0286611831	0.0886902252	0.0066382738	0.1006750707	0.0752938191	0.0859514524	0.0700552868	-0.0119648678	1.21256e-05	-0.0612467243	-0.0208000083	-0.0042548236	-0.0724704301	-0.0602019235	-0.0170396231	-0.0998616837	0.0017198172	0.0873832339	0.0372358917	-0.1698446287	-0.0526170275	0.05936539	0.0329479406	0.0324851407	0.0071933479	0.1028682155	-0.0951460233	0.0002597372	0.0380705162	0.0798141811	0.0660756481	-0.0330605145	0.0683088943	0.0599380343	0.0171396081	-0.0466279159	0.1157820635	-0.0331226569	0.0057248732	-0.0260685341	-0.1477721211	-0.1261460664	0.0634362349	0.042735117	0.0189728667	-0.0376881811	0.1446298679	-0.0341892596	0.021183858	-0.0669320723	-0.0089140407	-0.0774169461	0.0091215572	0.0348293246	-0.0377104904	0.1059615605	-0.0318775554	-0.1112278207	0.0594829477	0.0525877473	0.0144461591	0.136582347	0.0202441172	0.0028730427	0.0236941297	0.0260331509	0.0448588448	0.0560145119	0.0564193368	0.0624883536	-0.0188918531	-0.0220584522	-0.0551186022	0.0260079178	0.0877788567	-0.0210653057	-0.0149616674	-0.0950008681	-0.0841550806	0.0430651647	0.0877966824	0.0432199827	-0.0853874757	-0.1770671709	-0.0440667279	-0.0467883878	0.0355669267	-0.0269284601	-0.0067463049	0.0890682417	0.0819662993	0.0705461896	0.0554095495	0.0373538109	0.0173301903	0.0	-0.0066027275033206	0.0055976771933644	4.359601048310628e-05	3.1333989961111946e-05	-0.0344584290959062	0.007327982934811	0.0011873833357575	5.369933389288128e-05	-0.0198383936081683	-0.0415705961027298	0.0003935618609526	0.0017281144603363	0.0004490020962592	0.0002089950265605	4.367892112702409e-08	2.016028824451559e-07	3.096813067937632e-05	-7.601665438952367e-05	9.59025117774929e-10	5.778531744576289e-09	-0.0001420069426283	-1.3994460950200022e-05	1.9584493728667326e-10	2.016597175463729e-08	0.0	0.0	0.0	0.0	0.0	0.0	0.0	0.0	0.0
795.9729722071639	2.235233686551169	633572.9724843065	4.996269633493129	873.05339111915	-0.6885055248554863	762222.2237446475	0.4740398577565287	753.1607530909995	-0.7721761972939021	0.5962560796672712	567251.1199966015	753.3092097727458	683.7772453733878	0.962462	34.256962	0.0404000069023135	0.0228451945359702	-0.0123576431	-0.0183795304	0.025702094	0.0237038178	-0.013600945	0.0658422993	-0.0734383571	0.0054098942	-0.0310360634	0.1059668533	0.0608723804	-0.1481334001	-0.0587510498	-0.0918422764	0.0135976523	0.0291065324	-0.0833179807	0.0620033055	0.0033791989	-0.0167360553	-0.0349766965	0.1216707373	0.0152068344	0.0016998417	-0.0010995701	0.0859881703	-0.0534794955	0.0103236665	0.0391476681	0.0447632637	-0.0417898194	-0.0613664123	-0.0938219347	-0.1773586378	-0.0362642615	-0.0610625132	-0.0064577049	-0.0283890974	-0.0448837388	-0.0207559094	0.0425564088	0.0935787685	0.0124062893	0.0277270554	0.0165570913	-0.0013595265	0.0775985903	0.0889995501	0.0127616056	-0.0097704893	-0.030948649	-0.0291970783	-0.0544094637	0.0353613062	-0.1559960186	0.0027318025	-0.0291378996	0.0144781107	0.0270646279	-0.0614596862	0.0633641917	0.0425440992	0.064519703	0.0876232598	-0.0239507359	0.0125857259	-0.0434717941	-0.1190867075	-0.0767456247	-0.0767800974	-0.0670713449	-0.0569297651	0.0271835764	0.0776257099	0.1109241889	-0.0074909533	-0.0711884456	0.0594195329	0.1212362675	0.0135486101	-0.0877756101	-0.1291355135	-0.0004536266	0.0151691501	-0.0610937232	0.0406009811	0.1023022279	-0.0400044302	0.0714603172	0.046060469	0.0503075789	-0.0311654954	-0.0185484791	0.081769436	-0.0519626647	0.107142688	0.0886627383	0.0233065614	-0.0047664817	0.1325285681	0.0098525481	0.0192248219	0.0198334899	-0.0367424117	-0.085660962	-0.0708386967	-0.0389438662	-0.0348945617	0.0910859947	-0.0558799953	0.0100984368	0.0144958372	0.0374566321	-0.1057029037	0.1017230412	0.0120212746	0.0807927726	-0.0234047873	0.0146109035	-0.0175160757	-0.0349642242	0.0194467129	-0.02984167	-0.0514546305	0.0447217778	0.0592401962	0.0269893022	0.0636449936	0.0832810087	-0.0413874446	-0.0596483121	0.0868078449	-0.0598400055	0.1045646679	-0.0850424022	0.0037008382	-0.1186364555	-0.0629391851	0.0053844526	0.0521548781	0.0298106362	-0.0042155082	-0.1398785773	-0.0228746707	0.0404294886	-0.1088091286	0.0991384478	-0.0637232771	0.0309734252	-0.1460983064	0.1398015738	0.0548723403	-0.0253550961	0.0070265949	0.0005346931	0.0507869392	0.017960626	0.025326416	0.0438468123	-0.0472116368	0.0547698091	0.052242249	-0.0202752421	0.0393393655	-0.0124532339	0.0595359194	0.0279752961	0.0014556367	0.0563532589	-0.0076397356	-0.0318465886	-0.01140718	0.1677250209	-0.0101938362	-0.1505536787	-0.0727908182	0.0702418656	0.0898696342	-0.0193742162	-0.0498915517	0.0110813859	0.0887863842	0.0808703038	0.0681954477	0.0515076619	0.0317889315	0.010199596	0.0	-0.0037114633884556	0.0028912641148649	1.3774960483846324e-05	8.35940818190609e-06	-0.0144071009028152	0.0200513281930909	0.0002075645564238	0.000402055762307	-0.025094955944084	-0.0052565623359157	0.0006297568138355	2.763144759136753e-05	0.000417000570722	-3.20015255372e-05	1.0240976367080638e-09	1.738894759824737e-07	0.0001069990043405	7.603087366112369e-05	1.144878692985834e-08	5.7806937496737515e-09	-6.022296657787722e-06	0.0001359846459705	1.8491823939725564e-08	3.6268057034401166e-11	0.0	0.0	0.0	0.0	0.0	0.0	0.0	0.0	0.0
798.1836643905355	2.2106921833715205	637097.162099903	4.887159929619941	867.7161409231333	-5.337250196016726	752931.3012185348	28.48623965488057	755.2426657671392	2.081912676139723	4.334360391071263	570391.4841950547	754.9017865753174	670.6190947680811	0.98383	35.017544	0.047349104986076	0.0270443529839187	-0.050695916	0.0445756455	0.024139923	0.038196555	0.075444854	0.0177583973	-0.0250907769	0.0414965984	0.0053751551	0.081402725	0.0374019444	-0.1884694603	-0.1049498804	-0.0187405016	0.1039145977	-0.0084941344	-0.0468596788	-0.1386517991	-0.0733370573	-0.0354131121	-0.0346082459	0.0863792072	0.0162849185	0.0651430922	-0.0386918876	-0.0598603116	-0.0415583769	0.1206454471	-0.0437085428	0.0283990218	0.0438745207	-0.080392998	-0.0398756151	-0.0807185575	-0.0252758434	-0.1025950105	0.0520476856	0.0854719738	0.111965156	-0.0846983558	-0.0335680653	-0.0502251066	-0.0004698611	0.0420686702	-0.000623007	-0.1298063145	-0.0125359875	-0.0220480637	0.1426097396	0.0236199439	-0.0776047992	0.038606856	-0.0349942305	-0.1678076096	0.0141416796	0.009365555	0.0061947868	0.0328107493	-0.0263286456	-0.0320181541	-0.0735658468	-0.020086765	-0.0086414965	-0.0371987297	-0.0395849012	-0.0120101274	0.0804077986	-0.0885012847	-0.0802282099	0.0162108103	0.0356999148	0.007352696	0.0683979233	0.017889475	-0.1516506255	0.0719937516	0.0992133024	0.0124578663	0.1261854407	-0.1374227466	0.1165554493	0.0209961851	-0.0159571102	-0.0750909121	0.0370363117	-0.1017351553	-0.0528490677	-0.0213822786	-0.0186655138	0.0283859138	0.0133514412	-0.0520195339	0.0704482858	0.0423722025	0.0093818305	0.0531693565	0.1204661127	0.0662382913	-0.1234762414	0.1416990594	-0.0977396364	0.0456437182	-0.0384818086	0.0728322587	-0.056835516	-0.0266039345	0.0771655668	0.0556723528	-0.043679499	-0.0838952996	-0.1362808046	0.0687645339	0.0539026433	-0.048148437	-0.0168559905	-0.1231917951	0.0555700043	-0.0377236836	0.0572391837	0.0820314841	0.0884133029	-0.0625811306	0.0217278109	0.1099683111	-0.0387016885	0.1002006195	-0.0563429782	0.0327346605	-0.0145288271	-0.0871622695	0.0130621899	0.0177230265	-0.0325047173	0.0087497939	-0.04911267	0.0425854297	0.2112249788	-0.0728549098	0.0145267403	-0.0336811752	-0.0538172179	-0.0682399948	-0.0261058309	-0.0158267964	-0.1258493962	-0.0451176383	0.0511522975	-0.0642264874	-0.0278466343	-0.0498646393	-0.0507299832	-0.0826327228	-0.0830700572	0.0207059455	0.0268443366	0.0672328022	-0.0865217237	-0.045812103	-0.026903791	-0.0251137755	0.0807224136	0.0149301639	-0.0298064718	0.0506579048	0.1015649777	-0.0195716661	0.0375516759	-0.0480645823	0.0682316106	0.1227668838	-0.0417861228	0.1362107098	0.1322393571	-0.0092780211	-0.064044716	-0.0589803975	-0.0337416986	0.0435323944	-0.0485486497	0.0130198902	0.0584492634	0.088489186	0.0797184191	0.0657386716	0.0474634117	0.0260867859	0.0030055908	0.0	-0.006590413926915	-0.0028789505384594	4.3433555728075193e-05	8.28835620289567e-06	-0.0238450648798931	-0.0094379639770778	0.0005685871191263	8.907516403262006e-05	-0.0164114978252456	0.0086834581188383	0.000269337260868	7.54024449016205e-05	-4.4996234574138895e-05	-0.0004619968052961	2.134410481038385e-07	2.024661125850932e-09	0.0001070015353559	2.5310154000044664e-09	1.144932856851992e-08	6.40603895505977e-18	-7.099760738025643e-05	-6.49753107224687e-05	4.221791003481357e-09	5.040660253721042e-09	0.0	0.0	0.0	0.0	0.0	0.0	0.0	0.0	0.0
797.4136353632487	-0.770029027286796	635868.5058632321	0.5929447028642493	880.252330838717	12.536189915583693	774844.165946994	157.15605759958223	754.7688071109827	-0.4738586561564943	0.2245420260144387	569675.9521877358	755.221933670044	695.6154569507904	1.070936	38.117897	0.0302404599567358	0.0220555725482762	-0.1019003447	0.0035121868	0.0102292544	-0.0500096048	-0.0694164707	0.048859649	0.0733771077	0.1200780048	0.0439316044	-0.0388283336	0.0447378915	0.0404488501	0.0377324523	-0.0310184729	0.0913861027	0.0660117146	-0.0658507832	-0.0309278088	0.0062375289	0.0653928683	0.0412744658	-0.0742054893	0.0384597006	0.0512429997	0.0517154612	-0.0060914029	0.031587151	-0.0709498246	0.0864944353	-0.0677516543	0.0040775229	0.0526944888	-0.0109947806	-0.0674254475	-0.0819945234	-0.0008666315	0.0511411615	-0.0671336548	-0.0030450777	0.0430417039	-0.0910615146	-0.0423819383	-0.0625618624	0.0021701978	-0.010364578	-0.0968429888	-0.0246912541	0.0741883177	-0.042200538	0.0197343012	0.0436835704	-0.2387187446	0.0610705872	-0.0098069645	0.0126615097	-0.0084308158	0.0992776268	-0.0206370756	0.0215826138	0.0134552368	0.046622807	-0.0344608134	-0.0511748195	-0.0563721182	-0.0808034604	0.0431829781	0.0691289573	-0.0027521324	-0.0309856354	-0.0270953244	-0.081332714	0.0133437418	-0.0237818735	-0.0630302455	0.0457255019	-0.0310407697	0.066614102	0.0328859054	-0.0472065377	0.0566330019	-0.0656200104	0.1323806031	0.0052648558	-0.0072706359	0.0264879409	-0.0578437561	-0.0577811204	-0.0591569729	0.1363905338	0.0130198252	-0.0904186237	0.0024216861	0.0042975993	0.0973825062	-0.0183924376	-0.076550313	-0.0976795006	-0.0248252773	-0.0025749938	-0.031558257	0.0348217025	0.0254686088	-0.1065899554	0.1067118862	-0.0637973666	0.0933029714	0.0060147199	-0.0595468449	0.042823871	-0.070936424	0.0391899344	0.1096032102	-0.0737345374	-0.0324967729	0.0686796366	0.0418213382	-0.0088573859	-0.0133845903	-0.1270000788	0.1064413619	-0.0242319778	-0.0012211912	0.0922484495	0.0139261523	0.0115993546	-0.0678762309	0.0293355604	-0.0719334978	0.0436562647	0.0850111117	0.00902414	-0.0679664169	-0.0313625032	0.048204751	0.0780395397	0.0532578223	-0.0115824052	0.0532515012	0.0261679704	-0.0113919035	-0.0479591812	0.0134885335	0.0745970595	0.0910129697	0.0482703147	-0.1000879661	0.0915669637	0.1316009376	0.0382837828	0.1019725111	-0.0020107834	-0.0335538742	-0.0957269842	0.0155794863	0.0639705802	0.061807149	0.0298892334	-0.040913353	-0.0303777506	0.0850244758	0.0657513803	0.0335374141	0.0114800917	0.0974578114	0.0527586585	-0.0463840645	0.1151851905	0.055286184	-0.0548946659	0.1517682704	-0.0748401064	0.0875851146	-0.1034678958	0.0218655104	0.0241410549	-0.0122476479	-0.073817988	-0.0335582974	-0.0358171882	-0.0350656809	-0.0703105598	0.0881766985	0.0785114412	0.0631796814	0.0432879769	0.0202719962	-0.0042071001	0.0	-0.0065615615612983	2.8852365616700328e-05	4.305409012270738e-05	8.324590016797513e-10	-0.0345395492910682	-0.0106944844111751	0.0011929804652301	0.0001143719968208	-0.0163437446121292	6.775321311640325e-05	0.0002671179879465	4.590497887596758e-09	0.0003150024607386	0.0003599986953127	1.2959906062687418e-07	9.922655027137322e-08	0.0001069935945776	-7.940778300004532e-09	1.1447629280635836e-08	6.305596000982284e-17	-4.201684413474157e-05	2.8980763245514852e-05	8.398846382925846e-10	1.765415191043167e-09	0.0	0.0	0.0	0.0	0.0	0.0	0.0	0.0	0.0
795.5287395234036	-1.8848958398450577	632865.9754076953	3.5528323270652056	876.1055578378531	-4.1467730008638455	767560.9484743758	17.195726320693343	755.1898918109423	0.4210846999595787	0.1773123245400484	570311.7726934227	755.2068524424235	669.3071354884727	1.04387	37.154552	0.0588632204345597	0.0364900885513335	-0.0270777324	-0.0676569424	0.0770757429	0.0722997205	0.0451863327	0.022639762	0.0090847008	-0.031981756	0.0198675395	0.0249189074	0.0437187826	0.1066411317	-0.0343668667	0.0380333084	-0.0160026499	0.0777517541	-0.0322606255	-0.0195831175	-0.0586633711	0.0680739426	0.0665020205	0.0546837216	-0.0602343812	0.0417003322	0.0270963744	0.0547301361	-0.0113991583	-0.0300896826	-0.1228273683	-0.0155800353	0.0751713159	0.0102277165	-0.0027655392	0.0675150615	-0.0188706941	0.0339689415	0.1138044989	0.008378451	0.0242456798	-0.0587903843	0.0541775606	-0.0999130063	-0.0314573319	-0.0265936623	0.0026277883	-0.1697422174	0.0179569345	0.0537516044	-0.1047641351	0.0517966185	0.0711094094	-0.0161136986	-0.0698336014	0.0001606408	-0.1281137475	0.0309152806	0.0143884614	-0.0241436788	-0.0892118294	0.0179484951	-0.1104055341	-0.0580160182	-0.127642012	-0.1173338769	-0.0732112915	0.0682554676	-0.0044785321	-0.0645281538	0.0928772259	0.0705481827	0.0379299413	-0.0192229103	0.0072048746	-0.0995892821	-0.0934389934	-0.0399924228	-0.09471021	-0.0187661525	-0.0935018852	0.0421254957	0.0891798198	-0.0040738361	-0.0470041975	0.0799226545	0.0792105097	0.0337267644	-0.0037733692	0.0515411422	-0.0494909249	0.1059045304	0.0100722372	-0.0426157688	-0.027968914	0.0426525422	0.0228048157	-0.0964445885	-0.1085183706	0.1212782769	-0.0051900354	0.0550137767	-0.0784964123	-0.0320533494	0.0190507154	-0.0259311256	-0.064062955	0.0729326918	0.0295421648	0.0734619755	0.0090363131	0.0749015491	-0.0126885243	0.0433540431	-0.1441146682	0.0744362483	-0.0396512676	0.0639120553	-0.0285344108	-0.0781255463	-0.0623186813	0.0826393278	0.1348025452	0.021257143	-0.1894082694	0.0057276761	0.0205408373	-0.0485740464	0.0139811278	-0.0143358567	-0.1168040095	-0.0318240281	-0.0097261437	-0.0121910792	-0.0615896214	-0.0308395214	-0.0068890002	-0.0281621161	-0.0435309663	0.0888112696	0.1232264874	-0.0154842325	0.0017763898	-0.1305470775	0.072579354	0.0414315253	-0.0500280626	0.0160338041	-0.0050147513	0.0673307152	0.0350353463	-0.0249822642	0.0694199561	0.0180383323	0.105563691	-0.054754328	0.0723762158	0.0789525898	-0.041057129	0.036509331	0.063057233	0.0206130501	0.0408847353	0.0227790036	0.0611995093	0.1371722554	-0.0964986954	0.0188085872	0.0292194541	0.0476904134	-0.0739450556	0.110548446	0.0314483379	-0.0504221793	-0.0500560412	-0.0420870747	0.0554515128	-0.0132994427	0.0769651186	0.0067254144	0.0345014063	0.0036331645	0.050733664	0.0878489756	0.0772502043	0.0605224558	0.0389928981	0.0143696711	-0.0113936355	0.0	0.0027916198518198	0.0093531814131181	7.793141397074403e-06	8.748200254669792e-05	-0.0260956548858786	0.0084438944051896	0.0006809832039228	7.129935272599225e-05	-0.0501084410409333	-0.0337646964288041	0.0025108558635526	0.0011400547249292	0.0003390084821742	2.4006021435600013e-05	5.762890651664872e-10	1.1492675098605489e-07	0.0001069722099971	-2.138458050000597e-08	1.144305371166366e-08	4.573002831612356e-16	-0.0001640184018676	-0.0001220015577328	1.4884380089243988e-08	2.690203615120153e-08	0.0	0.0	0.0	0.0	0.0	0.0	0.0	0.0	0.0
794.925767273679	-0.6029722497246439	631906.9754756473	0.3635755339379983	878.1661253122184	2.060567474365257	771175.7436458748	4.245938316412015	752.9170891716165	-2.272802639325846	5.165631837326532	566884.1431666599	753.8910426966349	701.7191503303263	1.04019	37.02356	0.054852441925084	0.0256077863985361	0.0941449325	-0.0365764423	0.0754186061	0.0132526064	-0.0277234206	-0.0330383687	-0.0340422225	-0.0824319307	-0.0058741582	0.081314214	-0.0858023969	0.1334943944	-0.0181752401	0.0678814331	-0.0110252675	-0.0056729137	-0.0338429255	0.0337574413	-0.0515502339	-0.0483831058	0.0551680575	0.0032411685	-0.0345240912	0.0176784694	-0.0421684173	0.0898039532	0.0345907623	-0.0721521081	0.012245059	0.1200040971	-0.1432509107	0.1753058005	-0.0152127024	-0.0338824789	0.1395220206	-0.0062834485	0.0314170006	0.0386674924	-0.0439683564	0.1280757855	-0.0295786597	-0.1173178289	0.0002533543	0.0247566326	0.0653388194	0.1351378238	0.114724603	-0.0569491416	0.0565695867	0.0302313276	0.0263741366	0.0402930754	0.1165312745	-0.015923842	0.05194004	0.1065309452	0.058587913	0.0039130227	-0.0210919386	0.0125940104	0.0688183869	-0.0244521483	-0.0945249896	0.0392124117	-0.0348154923	-0.04641876	0.0403915345	-0.032315361	0.1102900237	-0.1393975226	0.0512317113	-0.0240477779	0.0607138301	0.0434787112	-0.1473053899	0.015064914	-0.0709356778	-0.0163813241	-0.1143837893	-0.0851920613	-0.0010536156	-0.1160498116	-0.0249593169	-0.051841335	-0.0524232754	-0.0123344439	-0.0419526576	0.0292690706	-0.0820806211	-0.0812218039	0.0742816131	-0.0285499103	-0.0002138197	-0.0702146914	-0.0816370565	0.0025044773	-0.098268874	0.0133705537	0.1016641278	0.0377876282	-0.0423995571	0.0508471335	0.1472914554	0.0302459004	0.0372312445	-0.0168007533	-0.0035626676	-0.1006243056	-0.0240644238	0.0463679075	0.1385128372	-0.0256478795	-0.0407134891	0.0169812184	-0.0989495031	-0.0946913006	-0.1357405312	0.0761833932	0.0089218428	-0.0301915897	-0.1364173988	-0.0849214729	-0.0248700371	0.1376049756	-0.0148564073	-0.0244644226	-0.0108900902	-0.0111112631	-0.0069513285	0.0496260999	-0.0777708662	-0.0949232987	-0.0374380782	0.1449641334	-0.0387111704	0.0659171849	0.0470473308	0.0394508037	-0.0101224961	0.0677072949	0.0549675268	0.0044214906	0.0473266369	-0.1628103711	-0.0140758805	0.0184285607	-0.0160957363	0.0278945316	-0.0479370883	0.0298876588	-0.0420601902	0.1249223192	0.106477794	-0.0355903338	-0.0029750016	-0.0278057862	-0.047913635	0.0030971909	0.0422190874	-0.0546165665	0.0144108992	-0.0797577263	0.0811197886	0.0178402732	-0.0754283108	-0.0063891916	0.0155040659	-0.0696160753	0.0674582725	0.1223941774	0.0567434121	-0.0098439516	0.0468972189	-0.0957151073	0.015112884	0.0764279111	-0.0250147456	-0.0185023748	-0.0088142135	-0.0119768181	0.0752470658	0.0875060741	0.07593558	0.0577711266	0.0345900464	0.008405297	-0.0185093366	0.0	-0.0066574028015651	-0.0094490226533849	4.432101206228684e-05	8.928402910418101e-05	-0.0142900228433688	0.0118056320425098	0.000204204752864	0.0001393729479231	-0.038763780295369	0.0113446607455643	0.0015026306627876	0.0001287013274319	0.0001839935984927	-0.0001550148836815	2.4029614162788973e-08	3.38536442862929e-08	0.0001070110915628	3.888156569999872e-08	1.1451373717461964e-08	1.5117761512833173e-15	0.0001259903625577	0.0002900087644253	8.410508344348916e-08	1.5873571457420697e-08	0.0	0.0	0.0	0.0	0.0	0.0	0.0	0.0	0.0
795.4726254325693	0.5468581588903589	632776.6978125847	0.299053845944953	876.1934229337252	-1.9727023784931816	767714.9143923178	3.891554674112656	753.4762403511497	0.5591511795332735	0.3126500415734511	567726.4447737036	753.8322487894694	699.1083859174679	1.006138	35.811546	0.0728076925335274	0.0464936304786917	0.0565717392	-0.0191114181	-0.0603272098	-0.0139960584	-0.042642101	-0.1247647493	0.0504900353	-0.0949118006	-0.031374409	-0.0443365205	-0.0776492909	-0.0187053245	-0.0378840841	0.0273653939	0.0186806657	-0.0993376388	0.0039963529	-0.0538425748	0.0382403892	0.0505482731	0.0123447596	-0.0086915917	0.0761232356	0.0400243538	0.0831189382	-0.0459452924	-0.0647486851	-0.0979782114	-0.1421254012	-0.0046268073	-0.1195422753	-0.0855150178	0.0600463839	0.0799284578	-0.0417697389	0.0461704831	0.0076702417	-0.0161838003	-0.0108402673	-0.0467790995	-0.0246381208	0.0537037093	0.0904085997	0.042460028	-0.0236920543	0.0188049201	0.0338348229	0.1288722672	-0.0010259787	0.0221919405	0.0155208163	0.101665112	-0.0705802151	-0.0416576837	0.0751620874	-0.0440192956	-0.0002138033	0.0675722076	0.0894915065	0.1183274347	0.0318848549	-0.0545356387	0.0446988957	0.0069200653	-0.0292467983	0.0651590871	-0.001593176	0.0135658489	-0.040039029	-0.0190359196	-0.0436197284	0.0825826262	-0.0339309674	-0.0673537241	0.1295977849	-0.128542775	0.0583458358	0.0037991116	0.0885975454	-0.0817116991	-0.0282681914	-0.1156958715	-0.0707631894	-0.0406080101	-0.143989714	0.050585277	-0.0569397918	0.0509156795	-0.100999201	-0.0168855991	-0.0563657211	-0.0124121447	-0.040118332	-0.08403188	-0.0093518994	0.1137782829	-0.0243070476	0.122911097	-0.0449684067	-0.0787211411	-0.029669846	-0.0457155632	-0.1031589839	-0.0385412904	0.0107308976	-0.0195951169	0.0647997591	0.0870081908	-0.0579141571	-0.0053469948	0.0698302319	0.0517440683	0.0533016329	0.0267290049	-0.0424745882	0.026276803	0.0535023335	-0.0688883501	-0.0515083109	-0.1214468896	0.0935685941	0.0529318378	-0.0178073403	-0.0135577288	0.106561529	0.1066300671	0.0476345284	0.0332463991	0.0529528341	0.0456391868	0.0203400982	-0.0512172608	-0.053548877	-0.073735691	0.0206345903	-0.0133902827	-0.0176073854	-0.0162404031	-0.0440306686	0.0962112983	-0.0287728326	-0.013955364	-0.1453921989	-0.0222000984	-0.006244357	-0.0208303055	0.0113416907	0.0533537719	-0.0927941361	-0.0350523261	0.0227349781	0.0085320415	-0.0056672032	-0.0351768923	0.1946325268	-0.0414101744	0.0896141388	-0.0516251273	-0.0097931198	0.0363846973	-0.0032534772	-0.1419081366	-0.0211013557	-0.0187513756	0.0177395194	-0.0619950693	0.142187011	0.0206536456	-0.0461915253	0.0808033693	0.0130712309	0.0931216453	-0.0767140939	-0.0536253424	0.0698358353	-0.0019242322	0.0043605845	0.037039757	0.0193999953	0.0040597737	0.0549436615	0.0871480531	0.0745684769	0.0549299716	0.0300915909	0.0024046285	-0.025509965	0.0	-0.0066171191954254	4.028360613969953e-05	4.37862664464673e-05	1.6227689236184374e-09	-0.0398597556106778	-0.025569732767309	0.0015888001173429	0.0006538112337915	-0.0004666999258091	0.0382970803695599	2.1780882075021946e-07	0.0014666663648325	0.0002929970602908	0.000109003461798	1.1881754683969845e-08	8.584727733905069e-08	0.0001070086716266	-2.419936199994296e-09	1.1450855803289508e-08	5.856091212042835e-18	5.698432848162344e-05	-6.900603407607658e-05	4.7618327389086416e-09	3.24721369250156e-09	0.0	0.0	0.0	0.0	0.0	0.0	0.0	0.0	0.0
795.4018914899341	-0.0707339426352291	632664.1689857648	0.0050032906407238	877.1272910778339	0.9338681441087148	769352.2847535391	0.872109710581055	753.3708242176638	-0.10541613348596	0.0111125611991297	567567.598782402	754.3248196665446	695.9447018204771	0.9923	35.319016	0.0731969204592236	0.044514334294821	0.0136449221	-0.0390919379	-0.1115501801	-0.0598824051	-0.0390361444	0.0217374313	-0.0348298966	-0.0398411033	-0.0322109575	-0.1047590481	0.0252409927	0.0399296587	0.0224157193	-0.0946997465	-0.010100104	-0.0027034961	0.004997123	0.0188639673	-0.0087192215	0.1489210806	0.0370042766	0.0453534313	-0.0544394034	0.0358178301	-0.0235395941	0.1118250732	0.0036432689	0.0770316747	-0.0490286482	-0.0785474466	0.0643387036	-0.0424013163	0.022676007	0.0353887723	0.0167658584	-0.0357572149	-0.0528284344	0.0397018847	0.0133567631	0.0865948942	0.0209050796	0.0533932328	0.0101968241	-0.0832726195	0.0860635239	0.069568035	0.1951769101	0.1361892245	-0.0256080823	-0.0119889278	-0.0549666576	0.0539330764	-0.0307507518	0.060225404	0.0071729664	-0.0202596124	0.003162164	-0.0114062581	-0.0545300585	-0.0764497477	0.0658165388	-0.0400893165	0.0311942745	-0.1363621944	0.0755190061	0.0373520724	0.0265668915	-0.0865369492	-0.0937127856	0.0049542653	-0.1174896042	-0.0578948431	-0.0984968699	0.0641402341	-0.0292676833	0.1230640178	-0.0768736195	0.1012767739	-0.0678339988	0.0036880168	0.0315253452	-0.0712832371	-0.0894382634	0.0286928971	0.0225242288	-0.0411758437	-0.0586975974	0.141181127	-0.0638466948	-0.0583063377	0.0344221464	-0.0398657878	-0.0562858324	0.0043471485	0.0811434866	-0.0036640579	-0.0483975831	0.0578755415	-0.1202595458	-0.0136027733	0.0324487781	-0.0736560072	0.0876881613	-0.0503780545	0.0348323465	-0.0040377012	-0.0452317291	-0.0487755092	0.0023692717	-0.0991335353	0.0173495872	0.0445712755	-0.0121967778	-0.0634680403	0.1179276166	0.1327803637	-0.086512852	-0.0108127322	0.056188258	-0.1928681894	0.0313430727	-0.0777434955	-0.0624017199	-0.0552435956	-0.0393193077	-0.0156271084	-0.0147557122	-0.004754778	-0.0118112032	0.0993508782	-0.0940392186	0.0683489016	-0.1266840073	-0.0133947561	0.1439358199	-0.0531151022	0.070287733	0.0948428228	-0.011141907	0.0311272633	0.0441344457	-0.1089972591	0.0846761537	0.0399432379	0.1246080838	0.0926042911	-0.0484139749	-0.1056519257	-0.1333652519	-0.0606830788	-0.0744850143	0.0069848842	-0.0034030115	0.0280896247	-0.0245912202	0.0665205582	-0.0384478893	0.0247734303	0.0740078146	-0.0043954204	0.0127689274	-0.0511873588	-0.1164203854	0.0494693135	-0.1089345682	0.0414471384	0.0143339018	0.0064097968	-0.0588509702	0.0802878585	0.0318579799	-0.0651539515	0.0162833039	-0.0057749253	0.0178706931	0.0438792825	-0.0008177534	0.0337391502	0.0611284728	-0.0380755179	0.0875183083	0.0867749746	0.0731498398	0.0520034083	0.025509965	-0.0036064234	-0.0323519979	0.0	-0.006617496254293	-3.770588676002204e-07	4.379125667558189e-05	1.4217338963596053e-13	-0.0190596114748728	0.0208001441358049	0.0003632687895731	0.0004326459960702	-0.0388629951006294	-0.0383962951748203	0.0015103323881915	0.0014742754831519	0.0002839994614244	-8.997598866400001e-06	8.095678536064259e-11	8.065569408934926e-08	-1.3013356412683308e-05	-0.0001200220280392	1.6934744512352578e-10	1.4405287214662509e-08	-9.399812640730936e-05	-0.0001509824548889	2.279570168428863e-08	8.835647768084509e-09	0.0	0.0	0.0	0.0	0.0	0.0	0.0	0.0	0.0
794.2645291128453	-1.1373623770888344	630856.1422068498	1.2935931768171638	873.3741396977351	-3.753151380098757	762782.3878927589	14.086145281937204	752.6257142946373	-0.7451099230264617	0.5551887973924997	566445.4658175131	753.8500779724121	673.664397474148	1.005127	35.775547	0.0486626187178543	0.0286326852214178	0.0065373162	0.0499606014	-0.0806037539	0.1080878703	0.0659698105	0.0554219337	-0.0921757188	0.0809300914	-0.0439452902	0.0290652401	-0.0613738902	-0.0378414437	-0.0639068862	-0.0256975283	-0.0467394488	0.0791064341	-0.0857753392	0.0246279071	-0.1063543743	-0.005633094	-0.0557512875	-0.0210442893	0.0762750157	-0.0016010465	-0.0257933225	0.0108205443	-0.0062605375	-0.0904460235	0.0115260453	-0.0736380382	0.0511859216	0.0957161656	-0.0785142451	-0.0213513779	-0.1335605482	-0.1053675995	-0.0567796382	0.0516022142	-0.0846281797	0.0002044495	3.28576e-05	-0.0834261228	0.0814617635	-0.034465297	-0.0235391592	0.0985454017	0.0053088043	-0.0412704479	0.0018667668	-0.0393170887	-0.028398331	-0.0327351109	0.1093625691	0.1070170315	0.0396936013	0.0847648212	-0.1566718996	-0.1266264836	-0.0490855614	0.0382172668	-0.0664798066	0.0274588782	0.0436006721	-0.0105710169	0.1398111492	-0.0095250117	0.1523069857	0.1577537569	0.0635923288	0.0609372213	0.0305667935	-0.0278830614	0.0026685433	-0.0310403268	0.0277877189	-0.084609887	0.0570991412	0.0501341033	0.0458878415	-0.0875295854	0.0056516539	-0.125312962	-0.0546512041	0.0273693088	0.0623764746	0.0714846638	-0.0062622527	-0.0314507446	-0.0756175951	-0.0253709453	0.0364220018	0.0007842438	0.0718717958	0.0587884233	-0.0333826735	0.0094745617	0.0002383845	0.0468871887	-0.033499842	-0.0353135816	-0.0046885926	0.0263918227	0.0204023973	0.0112177886	0.0299199433	0.0654527813	-0.0756063686	0.0046015908	0.1709158572	0.0009233266	-0.0094872748	-0.1032687463	0.0453148633	0.0282036348	-0.1194484906	-0.0120162384	-0.0294132227	0.0828672381	0.0551511814	-0.0924242299	-0.128613319	-0.0402673912	-0.0018473621	-0.0894740347	-0.0228585862	-0.2230328591	0.1128395661	-0.0130881962	-0.0125601329	-0.0274551726	0.0872971633	0.0211714266	-0.0205709669	-0.0177941422	0.0156840774	-0.0364939412	0.0034387006	0.0117862155	-0.0711513128	-0.1259404391	0.070701426	0.0553743311	-0.1492346733	-0.0419343226	-0.1362942953	0.0888773956	-0.0259110914	0.0482380524	-0.0839413078	0.0371153661	-0.0244330216	0.0236009385	-0.0438859178	-0.0263240729	-0.0310812006	-0.0187270532	-0.1225096213	-0.0131528445	0.0337105095	-0.0591505124	0.0822527442	-0.0131461808	-0.0864113339	0.0227459728	-0.0182927124	0.0317631776	-0.0311285761	-0.0812511077	0.0901328746	0.1061422223	0.0855296431	0.0440897228	-0.0291507904	-0.1094856751	0.066193647	-0.0359632463	0.1049037481	0.079994099	0.0399685705	0.0691170664	0.0675370903	0.0863869029	0.071680649	0.0489959873	0.0208578319	-0.0096019025	-0.0389928981	0.0	-0.0066120039414414	5.492312851600699e-06	4.37185961216366e-05	3.01655004598582e-11	-0.0217357509661866	-0.0026761394913137	0.000472442870064	7.161722576969283e-06	-0.0157824365577283	0.023080558542901	0.0002490853036987	0.0005327121826522	7.001768865927968e-06	-0.0002769976925584	7.672772168271778e-08	4.902476725187823e-11	0.0001069997470104	0.000120013103423	1.1448945860289605e-08	1.4403144993239693e-08	-3.3000354973106935e-05	6.0997771434202426e-05	3.720728119939201e-09	1.0890234283510634e-09	0.0	0.0	0.0	0.0	0.0	0.0	0.0	0.0	0.0
794.3444750340535	0.0799459212082638	630983.1450171261	0.0063913503178379	873.6151369535006	0.2409972557654782	763203.4075142837	0.0580796772864913	755.1963312575497	2.570616962912368	6.608071570012806	570321.4987448627	755.6045447413127	678.9588198769686	1.012871	36.051197	0.0450726968383117	0.031991680952654	-0.0998427587	0.0347033348	-0.0152569279	0.0271242356	0.0429621075	0.0011612466	0.0205519909	0.0814165864	-0.0206481886	0.052577357	0.0063441367	-0.0889456377	-0.0768590921	0.0970110013	-0.0004746963	-0.0306741892	-0.0356423739	-0.0073859514	0.0123471957	0.0531729485	0.0606036914	-0.1119207736	-0.0907249887	0.0251935788	-0.0139375925	-0.067650219	-0.0541392241	0.0554584714	-0.1403109194	-0.0317557997	-0.0746403301	0.0144128852	-0.1611889503	0.0452067183	-0.0194921176	0.0339678554	-0.0235211086	0.0033597608	-0.0168375358	-0.1023994413	-0.1025234696	0.1511485548	-0.0434589492	-0.0018321677	-0.052717008	0.0666931471	-0.043011853	-0.063755603	0.1138356775	-0.0818322769	0.0110628052	0.0365496887	-0.0181616979	0.0218628002	0.01975083	-0.0955590741	-0.0372196889	-0.0479181454	0.001530063	0.1029142169	-0.0451731188	-0.0494578311	-0.1049747046	-0.0584802428	-0.0396014362	0.0348446267	0.0393435691	0.0073596051	0.0370256881	-0.0539690107	-0.0692187628	-0.0678687251	0.1096832211	0.1934125714	-0.0135601846	-0.0036025308	-0.0486253386	0.0913079102	0.0526218478	-0.0234168502	0.0071502722	0.0414597059	0.0027864476	-0.0270497846	0.0765518391	0.0101213223	0.1414932114	0.1077513407	0.1087318637	-0.0178197362	-0.0292934174	-0.0265385571	0.0822730399	0.0216920279	-0.0132781787	0.0406476503	0.0976610225	0.1167248044	0.0192543018	0.0402132501	-0.1167525395	-0.0314647743	-0.0717554672	-0.07414698	0.0970404132	-0.0071244304	0.0287901705	-0.0294333568	0.0121366068	-0.0747293981	-0.0319098887	-0.0893147647	-0.072733284	0.0878254293	-0.02076557	0.0285320938	0.0912423623	0.0485917425	0.1697106845	0.0189477054	-0.0164397018	0.1226975803	-0.0455189212	-0.0289898745	-0.0887669808	0.0782571384	0.0209640651	-0.0872295792	-0.0450670858	0.1139516972	-0.046306021	0.0157755212	-0.0066489155	0.1007095748	0.0872274153	-0.001489148	0.1195390571	0.0197594916	-0.0477101983	-0.0440082548	-0.0081714573	0.086224436	-0.1163389848	0.0045904095	0.0192800658	0.1205540376	-0.0321825699	-0.050515351	0.2169921388	-0.0126886851	0.0194330854	-0.0910960514	0.0077821394	0.1503740243	-0.0475993845	-0.064722302	0.0805923487	-0.0783366809	-0.0244777094	0.0393084786	0.1453176843	-0.0047793386	-0.0622395356	0.0003279927	0.1247697288	-0.028676719	0.0672100398	-0.0289674786	0.0052635871	0.0141727228	0.054383649	0.1351811188	0.1076086476	-0.0553530186	-0.0182702667	-0.005756219	0.0278893756	0.0305238721	0.0929296149	0.0011244479	0.0285717881	0.0859839051	0.07016192	0.0459123846	0.0161480496	-0.0155559202	-0.0453913792	0.0	-0.0066120513357503	-4.7394308900182425e-08	4.371922286659732e-05	2.246220516125911e-15	-0.034474621145776	-0.0127388701795893	0.0011884995031447	0.0001622788134524	0.0132511021192982	0.0290335386770265	0.000175591707376	0.0008429463681103	-5.899824567140384e-05	-6.60000145373318e-05	4.35600191892801e-09	3.480792992303322e-09	0.0001070010416259	1.2946154999941707e-09	1.1449222909027585e-08	1.6760292928251573e-18	-3.2996852378199e-05	3.502594907932007e-09	1.2268171089071224e-17	1.088792266868657e-09	0.0	0.0	0.0	0.0	0.0	0.0	0.0	0.0	0.0
794.8745953112394	0.5301202771859153	631825.6222712067	0.2810275082836716	877.9678179814265	4.3526810279258825	770827.4894110672	18.94583213086592	754.5121095718875	-0.6842216856621235	0.4681593151303177	569288.5234906201	754.9506820042928	686.6790194619296	1.00584	35.800922	0.0498039239152333	0.0304177349852954	-0.1136848608	-0.0409177515	0.0415643878	-0.024994311	-0.0752786517	0.057677889	0.0268937681	0.0511988979	0.0175597285	0.0476304346	0.1081337255	0.0858927671	0.0525112314	-0.0869296572	0.0195662234	-0.022732286	-0.0670954952	-0.0327343464	-0.0331279587	0.0921099009	0.0822093528	-0.044081702	-0.1127008043	0.0019327947	0.0758966468	0.0398848733	-0.0200798338	0.0690567568	-0.0017094552	0.0210548274	-0.0584453389	-0.028132012	-0.0895533356	-0.0262610857	-0.0347146405	0.0908453395	-0.1293743346	-0.0579995346	0.025492621	-0.0681694146	-0.0535211533	-0.0348378775	-0.0204720825	-0.0941601751	0.0182539561	-0.0225652482	-0.0668319315	0.0424131742	-0.0247676795	-0.0192330914	0.1925782035	-0.0384208387	0.0613599255	0.0694457868	-0.1282700777	0.0984362386	0.0699903875	0.0230159999	0.0078238123	-0.0337572702	-0.0580702575	-0.1704873926	-0.0294255838	-0.0350932351	-0.0021198471	0.0324611045	-0.0413978366	-0.0743048219	0.0124300928	0.0237092347	-0.0271380737	-0.0206456125	0.0590047234	0.0352982993	-0.0357328927	0.0910828924	0.0483033078	-0.0291323423	-0.0852354119	-0.0630021609	0.0537301552	-0.0486977	-0.0062913111	0.0321755491	0.0833310303	-0.0046785002	-0.0436922037	-0.0127527772	-0.0120276661	0.029956567	-0.0523411861	-0.0136814316	-0.039270298	0.1250427568	-0.0588860495	0.0118405348	0.0739729882	0.0165557478	0.0454957761	0.0734398993	0.0345645011	-0.0220739461	-0.0919044315	-0.0291903595	0.1154936988	0.0485383338	0.0774336892	0.0013004317	-0.0502313491	0.0883160678	0.0288909754	-0.0371532156	-0.104368178	0.0702823228	0.04465481	0.0407546998	-0.0522480865	-0.0668423638	-0.0432630138	-0.0089765182	-0.1114512416	0.0498411394	-0.0716553736	-0.0722732993	-0.0014446459	-0.105840657	-0.0295056726	-0.0186221521	0.0291977356	0.0196627544	-0.0421814921	-0.0330438095	0.0004994546	0.0696200533	0.0144435173	-0.0001579534	0.0791732101	-0.0157640155	0.0185719654	0.0461231996	0.0437033732	-0.025893359	0.1876644964	0.0822095685	-0.0856853765	-0.0485282241	-0.0095634451	0.0102640842	0.0651917891	0.0022046759	-0.0129064653	-0.0502932359	-0.0089730182	0.0024565223	0.0407682009	0.0291003424	0.0100111004	-0.0017464103	0.0536720535	0.0619308788	0.1065793351	0.024456279	0.0046595513	0.0493379461	-0.0742715176	0.0493186595	0.1347068396	0.0419431883	-0.0996844352	0.0112780215	-0.0125003714	0.0607045569	0.0132742601	-0.0688662414	-0.0077394375	-0.0054598953	-0.0161179505	-0.055459012	0.051624509	-0.075475714	0.0484948206	0.0855660509	0.0685947023	0.0427573947	0.0113936355	-0.0214427666	-0.0515076619	0.0	-0.0117217513173812	-0.0051096999816309	0.0001373994539465	2.6109033902278825e-05	-0.043285489768067	-0.008810868622291	0.0018736336244614	7.763140587927216e-05	0.0013693989726419	-0.0118817031466563	1.875253546272691e-06	0.0001411748696652	0.0004210014746676	0.000479999720339	2.303997315255219e-07	1.7724224167229386e-07	0.00010699334462	-7.697005899992821e-09	1.1447575792974085e-08	5.924389982452428e-17	-3.302247832639901e-05	-2.5625948200004722e-08	6.5668922114932495e-16	1.090484074817492e-09	0.0	0.0	0.0	0.0	0.0	0.0	0.0	0.0	0.0
794.1754958086785	-0.6990995025608981	630714.7181429603	0.4887401144808952	880.9495715801532	2.9817535987267547	776072.1476672556	8.890854523519952	754.7689191332383	0.2568095613507921	0.0659511508011862	569676.1212895568	755.4956880442302	685.4398226558174	0.996568	35.470928	0.0516957485683519	0.028503122141216	0.0093339939	-0.0732788693	0.0648753075	0.0784319831	-0.0209042314	0.0462324394	-0.0301914622	-0.0441799718	-0.0151729916	0.0948910015	0.0296812347	0.1564740327	-0.024861377	0.1032742261	0.0432644765	0.0620392628	-0.0603673284	0.069731321	0.0422865487	0.0677625505	0.0121585042	-0.0219037582	-0.0264894162	0.035509884	0.035463504	0.0709963338	0.037547639	-0.0401325143	-0.0284193444	0.0273786835	0.097486272	0.017287814	-0.0233931561	-0.0415295434	-0.0731052765	-0.1172106412	-0.042922977	-0.0503377311	-0.0211095969	0.0170519271	-0.0997177402	-0.0019534462	-0.0953992753	0.0548374283	0.0082581721	-0.017611523	-0.1267628627	0.1048631094	0.0995104615	0.0293731314	0.0542777805	-0.0009356699	-0.0154747411	-0.099509749	-0.0681770873	0.0044873935	-0.0520750973	0.0762037193	-0.0115722195	-0.0235548815	-0.082719516	0.0063651492	0.1092726752	-0.0451184728	-0.0828088484	-0.0688564181	0.0858766881	-0.0238506299	0.0099538067	0.0594620687	0.0525473834	-0.0392262959	-0.0074912273	0.1398864105	-0.0780509981	-0.0048397145	-0.0691784715	0.0654524546	0.0570874051	0.1288430872	-0.0062786702	0.089702434	0.0117152525	0.05494702	-0.0219324716	-0.003155658	0.0434986187	-0.0765133808	-0.0340956489	-0.0775320039	0.0136855442	-0.0633259803	-0.0416194036	0.0382379327	-0.0546701591	-0.0989818794	-0.042362228	0.054246606	0.0607324471	-0.0009836844	-0.0125878838	0.0714226768	-0.0575735449	-0.0861769334	-0.0579903987	-0.0257476357	0.0703160032	0.0420892779	0.0443602752	-0.0739720204	-0.0318018103	-0.027892818	0.0800271607	0.0218958772	0.0054096545	-0.1129437359	3.07055e-05	-0.087820675	0.1185809863	0.0184906345	0.0283048952	0.0235670764	-0.0188797923	0.0043554165	-0.0613667363	-0.0901228754	-0.0467185704	0.0690104582	0.1691318146	-0.0500669584	0.094729604	0.0333728331	0.0469671589	0.1270334844	0.0101629577	0.1745410589	-0.0123922308	0.0892822533	0.053770316	-0.0730415752	0.0274068979	-0.052012459	0.067640359	0.0953088757	0.0690868315	0.0154725317	0.0365593893	-0.0898798643	0.0060413842	-0.0378525338	-0.027899113	0.0055677455	-0.0960423061	-0.0030671567	0.0529922538	-0.0065384462	0.0319298629	0.0090769058	0.0766373679	-0.036216227	0.0965934547	-0.0477063405	0.0581938016	0.0417670873	-0.067379542	0.0615599103	-0.0045731693	0.096965871	-0.0521770721	0.0429982922	0.0531693927	-0.0975523367	0.0339243148	-0.1228042454	-0.0068899103	0.0785035413	0.112294728	0.0964532745	-0.000156509	0.0202917156	0.0195772111	0.0851334125	0.0669800789	0.0395359232	0.0066077305	-0.0272370221	-0.057303721	0.0	-0.0066120671559986	0.0051096841613826	4.371943207543541e-05	2.610887222908421e-05	-0.0344781651131995	0.0088073246548674	0.001188743869573	7.75689675762369e-05	-0.0164079736593549	-0.0177773726319967	0.000269221599606	0.0003160349776968	2.10017604327644e-05	-0.0003999997142348	1.5999977138795016e-07	4.4107394127522825e-10	0.0001069995949314	6.250311399997872e-09	1.144891331548368e-08	3.906639259694336e-17	-3.300110047053332e-05	2.137785586568816e-08	4.570127214141376e-16	1.0890726322662346e-09	0.0	0.0	0.0	0.0	0.0	0.0	0.0	0.0	0.0
793.9150437256055	-0.2604520830730052	630301.0966538301	0.0678352875770676	871.3380142798791	-9.611557300274171	759229.9351292028	92.38203373645372	753.9916462288285	-0.7772729044098696	0.6041531679297544	568503.4025828588	754.7133124287923	700.5444724656877	0.986842	35.124729	0.0444326842278212	0.0426965210791006	0.0590840074	-0.0330745057	0.0650747349	0.0317496432	-0.0575013279	-0.0298210454	-0.0112110355	-0.0677226063	-0.0379666631	0.0941282671	-0.0759229699	0.0132802661	0.055393847	0.0203649386	-0.0244426923	0.0157275773	-0.0166360357	-0.1304673475	-0.1717634538	-0.0383580608	-0.0045049402	0.0568015741	0.0196423711	0.0547774627	-0.1239021013	-0.024939233	0.1484127469	-0.0535620064	-0.0078231034	0.0531634626	0.0334607336	0.0074302873	-0.0105015836	0.0123425741	-0.0016991755	0.0446814326	-0.0273935192	0.0052916587	0.0566080246	-0.0234948262	-0.0452566105	0.009100478	0.0591655167	0.0848150884	-0.0582821605	0.0120818906	-0.0616285848	0.0354484082	-0.0098591805	0.00405958	-0.0487369346	0.0965315318	0.0412183463	0.029998216	0.0252487256	0.1391967624	0.0630529811	-0.0590341462	0.0071526569	-0.0156259412	0.1182598	0.0839956795	0.0107422856	-0.1208946205	-0.1068780865	-0.0273081053	-0.0157409972	0.0058542147	-0.0326992131	0.023595647	-0.1059226277	-0.0287521592	-0.1215586194	0.0741087291	0.0003700466	-0.0244353446	-0.0554329634	-0.0904291766	0.1374391986	-0.0492310616	-0.1156216695	-0.0783425169	-0.0897771359	-0.0367098032	-0.0525037875	0.0144843271	0.0158331479	0.0185783486	-0.070662675	0.08027179	0.0609410106	-0.0377256359	0.0771743974	-0.1271900035	-0.1064564725	-0.0359937615	-0.0601061098	-0.0102665831	-0.0022459615	0.0461636293	0.0513420196	-0.086508908	0.0048434404	0.0172880906	0.1000503789	0.030699667	0.0382597736	0.0977957083	-0.0019997773	0.0027204119	-0.0110873804	-0.0288742867	0.0683865731	-0.0468409755	0.0136938867	-0.0620951212	0.0195136999	0.0630775838	-0.0166887731	-0.0079113833	0.0383239033	0.0040756959	0.0349732568	-0.0270249835	-0.0603265939	-0.0881939629	0.0628131716	-0.0016940056	-0.0257288002	-0.1097723209	-0.1090586045	-0.0599133914	-0.1428319836	-0.0249399154	-0.104962712	0.0714632781	-0.0236757243	0.0184400316	-0.1038468078	-0.0483948371	-0.0419885368	-0.0031626647	-0.0091749156	-0.0866591445	0.1389588902	0.0108516396	0.1162424622	0.0204349626	0.0441732471	-0.1536024651	0.0031041071	0.0845885889	0.0070266913	-0.0440525371	0.0265724535	-0.0717591768	-0.0227129767	-0.0564564553	0.0017077688	-0.0527207618	0.0809914738	-0.1112548906	0.0814556166	-0.0243767871	-0.0151655673	-0.0238132442	-0.0622347872	-0.0478366232	0.003462333	0.0486154368	0.0746608647	0.1032182601	0.0754605674	-0.1120366034	0.0505453641	0.0075455791	-0.0107316052	0.0649722549	-0.0225942389	-0.0147948751	0.0115869499	0.0846860645	0.0653191659	0.0362529791	0.0018035623	-0.0329136668	-0.0627435226	0.0	-0.0066120428178209	2.433817769976337e-08	4.371911022469694e-05	5.923468937452594e-16	-0.0345014542632213	-2.3289150021796323e-05	0.0011903503462771	5.423845087377357e-10	0.026101274702782	0.0425092483621369	0.00068127654111	0.0018070361963138	-1.6998213768763435e-05	-3.799997420152784e-05	1.443998039316781e-09	2.8893927132857877e-10	0.0001070000840395	4.891080999957531e-10	1.1449017984460062e-08	2.3922673348145577e-19	-3.299911623046528e-05	1.984240068036806e-09	3.9372086476027115e-18	1.0889416719917572e-09	0.0	0.0	0.0	0.0	0.0	0.0	0.0	0.0	0.0
794.3015112455281	0.3864675199225758	630914.8907669298	0.1493571439551065	878.0183268033542	6.680312523475095	770916.1822025616	44.62657541129819	753.8158860593802	-0.1757601694482673	0.0308916371644836	568238.3900754885	754.3038775634766	678.6095027376983	1.018339	36.245792	0.0292845214094283	0.0156369978556953	-0.0109445221	-0.1134068324	0.0056730239	0.0521549545	0.0134332348	-0.0875020905	0.0998272166	-0.0863765852	-0.0436569218	0.0454378104	-0.0069785473	-0.0656598206	0.0559284093	0.0084412017	-0.1196757122	0.0254660598	-0.087022506	-0.023919511	-0.0275821445	0.0126453829	0.0824011848	-0.2013163869	-0.0261038421	0.0811279247	0.0751960468	-0.0010770902	0.041746166	0.0780135849	0.0768004751	0.0846774408	-0.0247959491	0.1285398549	0.0995210777	0.1022523745	0.0654699193	0.0936117053	-0.058084003	0.1155716317	0.0258528534	0.0157393792	-0.0619958718	0.0610193198	0.0993704547	-0.1358159851	-0.0550754139	0.0271281954	-0.0667387691	-0.0124437137	-0.0036531629	0.0150837556	-0.0494379172	-0.0799896976	-0.0549030117	-0.0638895141	-0.0258064752	-0.0979448761	-0.044598984	0.0331217394	0.0615053183	-0.0027056747	-0.0440272351	0.1067779955	-0.1139270425	-0.0029705753	-0.084799791	-0.1563621926	-0.0443470154	-0.0317874636	-0.0223354173	0.1349532252	-0.0191704946	-0.0413255892	0.0898427909	-0.0625265539	-0.0653614354	-0.0459438248	0.0176226281	-0.0119486364	-0.0472880574	0.0485195687	0.1379004414	0.0725844876	0.0312490791	-0.0679070011	-0.0214128451	0.0270695551	0.0826438087	0.0490798985	-0.0228758794	0.0464468972	-0.0964089862	-0.0693600507	-0.0723375079	-0.096356672	-0.0369842618	0.0512033726	-0.007724482	-0.0844013861	0.0050292938	0.0152577451	0.0728321321	0.0278069786	0.1259004374	0.0675257691	0.0701487718	0.1043659994	0.0987404564	-0.0816829241	-0.0134545671	-0.0784502344	-0.0044374686	-0.04732582	-0.094768669	0.0908680666	-0.1333944523	-0.0780896402	-0.0004636307	0.0011158796	0.0437835795	0.0089191484	0.1451680839	0.0158718984	0.1029318719	-0.0505894751	-0.1195883236	0.0949446288	0.0187648931	0.0404168511	0.0171488542	0.0593520872	-0.0827611167	-0.0084123221	0.0250258022	0.0332211936	-0.0185358732	0.0374883705	-0.0816464813	-0.0077463269	0.055804747	-0.0482677258	-0.009852918	-0.031888637	0.0376207211	0.04158522	-0.0781854101	-0.0115651733	-0.045578828	-0.0071741692	0.0280512148	0.1200594938	0.0378234547	-0.1459939115	0.0194513367	0.1839176566	0.0288651664	-0.0477064096	0.0238989827	-0.0570994259	0.0264446149	0.0715305267	0.1046490748	-0.1358316167	0.031530473	0.0214733328	-0.0076938141	-0.0541707042	0.0385352331	-0.0280805791	-0.0422719943	0.0324818007	-0.0297551197	-0.0010507375	-0.0442777392	-0.0855543604	0.055813904	-0.0227521065	-0.0966609755	0.1139637781	0.0158960316	0.0217863019	-0.056133419	0.0842240844	0.063613111	0.0329136668	-0.0030055908	-0.0384481886	-0.0677932473	0.0	-0.0066477123003494	-3.566948252850012e-05	4.419207882821671e-05	1.2723119838509754e-09	-0.0469222694857904	-0.012420815222569	0.0022016993736971	0.0001542766507932	0.0196734031429883	-0.0064278715597936	0.0003870427912265	4.1317532789204686e-05	-8.600053465132707e-05	-6.900232088256363e-05	4.761320287180277e-09	7.3960919603141085e-09	-3.199861354374889e-05	-0.0001389986975832	1.0239112687221895e-09	1.9320637929839482e-08	-3.3001400655393144e-05	-2.2844249278621237e-09	5.218597251037869e-18	1.089092445217783e-09	0.0	0.0	0.0	0.0	0.0	0.0	0.0	0.0	0.0
794.8739979989348	0.5724867534066789	631824.6726948105	0.3277410828261195	872.4769382183368	-5.54138858501733	761216.0077228436	30.70698745016037	752.7088031026227	-1.107082956757495	1.2256326731429168	566570.5422681828	753.9177644602457	658.7907599769926	1.088276	38.735092	0.2399099852386787	0.1599520376971615	0.0774852805	-0.0397030477	0.021538766	0.0261262542	0.1830881942	0.023096924	-0.0587014247	-0.0713448737	0.0207496752	-0.0114295811	-0.0050009918	-0.09932507	0.1254089641	0.0334165418	0.0084378902	0.1313673455	0.0153279836	0.0621333119	-0.0077436409	-0.0054869759	0.0412544874	0.0849130416	0.02595507	0.0347146718	-0.0827452772	0.0886875048	0.0212153426	0.0540069138	0.0870857835	0.1305389197	-0.1433700096	-0.0630089482	0.0796876493	0.0008613171	0.015281496	0.0499606195	0.1116912669	0.033933926	0.1606781979	0.0078871651	0.0199802258	0.0798123706	-0.1304487367	-0.1272922076	0.0752331433	-0.0219277492	-0.031051477	0.0020075978	0.0977802133	-0.0664797465	-0.0005367296	-0.028861071	-0.0496280457	0.0070242343	0.0339529929	0.1614710255	0.1236960754	-0.0359084861	-0.0505233904	0.0563747035	-0.0519900582	0.0019446363	0.0996654045	0.0202772721	0.0389167639	0.0420054858	-0.0706868898	0.0234756309	0.0761746842	0.0023746478	-0.0377321629	-0.0563594221	-0.0620052089	-0.061683696	0.0405239125	-0.1545149275	-0.0692790695	0.1050335636	0.0092418365	-0.1163999521	0.0148633846	0.0649783148	-0.1358606253	-0.0679294245	0.0970126179	-0.1460902737	0.0539942203	0.0186561424	-0.1278052338	-0.0298432866	0.0860491525	-0.0046283943	-0.0456694887	-0.0617147114	-0.0698167721	0.0844845544	-0.0444619952	-0.1663630439	-0.0859369113	0.1337089072	-0.075908353	-0.0504817636	0.0501466838	-0.0449091193	-0.0145830834	0.0123162541	0.0727309625	0.0216311038	-0.0788310979	-0.0633322165	-0.0103515739	-0.050591463	-0.1938918289	-0.1053487873	0.1394252472	0.0237535719	-0.0544700808	-0.0405230094	0.0516670103	0.0604306786	-0.0260539094	-0.0218231895	0.0476879311	0.007263301	0.1150404181	0.0690294841	-0.0704828631	-0.0608381501	-0.060490303	-0.0909938474	0.0885351395	-0.1892626545	0.0001794193	-0.0395169978	-0.0180465161	-0.0201621397	-0.0535346821	0.1051147984	-0.1085449799	0.0789856799	0.0621994721	-0.080139185	-0.0679130015	0.0577733738	-0.0222519811	0.0668316947	-0.0038269302	0.1255545829	0.0280324873	-0.0714747847	-0.0005379234	0.0238511174	0.0406107995	0.0101826631	-0.0912423048	-0.0613471263	0.00088156	0.0317270497	0.0073041976	-0.0392375247	-0.0201359248	-0.00440676	0.1057476646	0.0425375576	-0.1297285735	-0.1478770623	0.0344224773	-0.1040779983	-0.05458457	0.0023109147	0.0712478638	-0.0819982924	0.1616648133	-0.0474206524	0.018983968	0.0587337022	-0.084952196	0.0217143262	-0.1512502604	-0.0527520161	-0.0237759272	0.0837475519	0.0618630933	0.0295231785	-0.0078064368	-0.0438166893	-0.072421501	0.0	-0.0262318221916757	-0.0195841098913263	0.0006881084954956	0.0003835373602355	-0.0510153962120654	-0.004093126726275	0.002602570650674	1.6753686397346707e-05	-0.1104564908098382	-0.1301298939528265	0.0122006363620238	0.0169337893001738	0.0014970044334071	0.0015830049680584	2.5059047288976616e-06	2.2410222736405128e-06	0.0001069747970103	0.000138973410554	1.1443607195394889e-08	1.9313608841024232e-08	-3.308011540793473e-05	-7.871475254158516e-08	6.1960122676829876e-15	1.0942940354022807e-09	0.0	0.0	0.0	0.0	0.0	0.0	0.0	0.0	0.0
797.5405652857821	2.66656728684734	636070.953276365	7.11058109528438	883.1124943072979	10.63555608896104	779887.6776016572	113.11505332143622	756.2004627401757	3.4916596375529707	12.191687024516543	571839.1398484558	757.1203157933553	712.7600603520781	1.18696	42.247562	0.0932760956397591	0.0558634521544466	0.0589374061	0.066122544	0.0771180901	0.0072146318	-0.1511081463	-0.0914414458	0.0679023507	-0.0468638119	0.06693435	-0.0193757458	-0.0778105213	-0.0087034767	0.1011585158	-0.1081142573	0.1607208369	0.0470639767	-0.0080505326	0.1148634804	0.0059359201	0.0052984116	-0.1229580169	0.0155508143	0.0034588757	-0.0930707448	0.0221658627	-0.1245309177	0.0662942944	-0.0148574654	-0.0434893434	-0.0118228136	0.0903255474	-0.0789273077	-0.0007207543	-0.0670118487	-0.0245246799	0.0289383055	-0.0011403215	-0.0407389565	0.0139614282	0.0289421235	0.0053543163	0.0791627968	-0.0851665334	0.0115902542	0.0292821201	0.0051129047	-0.0601287469	-0.0349588231	-0.0453904945	-0.0272497699	-0.1715020716	0.0274036732	-0.1113508935	0.0104100802	-0.000834908	0.0188650215	-0.080577566	-0.0826985506	0.0125436451	-0.0227463633	0.0838396155	0.1063615753	-0.0164801398	0.0361851071	-0.0871505043	-0.0015706298	0.0297015864	-0.0197480138	-0.0534692855	-0.0146545778	-0.0105688933	-0.0220703154	0.0128462714	0.0254572333	-0.1036583934	-0.0454555574	-0.0105657567	0.1218143612	-0.0186352117	0.001104426	-0.0690565331	-0.0798822917	-0.0100951276	0.0553086077	0.0022170694	-0.0597078809	-0.2013484329	0.0055780217	0.0669901815	-0.0886601533	-0.0458237567	0.1293787923	6.30537e-05	-0.0776525262	-0.0092231129	-0.0829404001	0.0091455943	0.0484928864	-0.0506230074	0.034234794	0.0218369985	-0.1148110644	-0.0109837029	0.0326025534	-0.0440365107	-0.0761925064	-0.093247921	0.0592494072	0.0022927636	-0.0867072956	-0.0604700776	-0.0569089849	0.0322254739	-0.0867652581	0.1192074397	0.0719442223	0.0395979327	-0.0054435405	0.0752211586	0.0949435223	0.1617612913	-0.0136873158	-0.0010377879	0.0073312197	-0.0085330726	0.0179290627	0.0646310089	0.0732077595	0.0320013638	0.0358330343	-0.0950519338	-0.0230556524	0.1290404504	0.0409234108	-0.0648789411	0.0020200887	0.0202828898	0.0285277323	-0.064361359	-0.1057863243	-0.0559459976	0.017843562	-0.0036443352	-0.0405476753	0.0667636259	0.0365263853	-0.0249106423	-0.0478858445	-0.0810179103	0.0469076873	-0.1107464801	0.0672995736	0.0435931387	-0.0411318235	-0.1442372885	0.1193684476	0.011308869	-0.0345462746	-0.1092445785	0.0293236151	-0.0691436092	0.0606327994	0.1146326901	0.0813718586	0.0122431695	-0.0999421655	-0.0301335685	0.0919151702	-0.0223992638	-0.0008642985	0.0520219151	-0.0067951838	-0.0133724917	-0.0294011436	0.021820741	0.0295506322	-0.0072222218	-0.1039142227	-0.1397369234	-0.0386203511	-0.1219029294	0.0832565493	0.0600703222	0.0260867859	-0.0125857064	-0.0489959873	-0.0765995097	0.0	-0.0261047962310527	0.000127025960623	0.0006814603862647	1.613559467219611e-08	-0.0400637870875755	0.0109516091244898	0.0016051070357985	0.0001199377424156	-0.1018629215276263	0.0085935692822119	0.0103760547821433	7.384943300817599e-05	0.0025029895608612	0.0010059851274541	1.012006076658842e-06	6.264956741780144e-06	-0.0003170948548485	-0.0004240696518588	1.0054914697139129e-07	1.7983506962764385e-07	-7.510316154372065e-05	-4.202304613578592e-05	1.7659364065303919e-09	5.6404848738622005e-09	0.0	0.0	0.0	0.0	0.0	0.0	0.0	0.0	0.0
795.2170120554059	-2.3235532303762056	632370.0962623276	5.3988996143917	879.3218219463641	-3.790672360933741	773206.8665510733	14.369196947946978	753.9475229027804	-2.2529398373952745	5.075737910922646	568436.8672912386	754.75122534434	679.0238638398874	1.120177	39.870544	0.1115884292726547	0.0636491061925185	-0.0423965725	-0.0639854163	0.0449358067	-0.0050229289	-0.018394054	0.0297142796	0.0281513262	-0.058747078	0.0113712903	-0.0604913611	0.1158359005	0.0474043918	-0.0517892548	-0.0025150483	0.0812553177	-0.0360934486	-0.0571458878	0.0036951102	0.0204347941	-0.0754659988	-0.0440335034	-0.1371832341	0.0247285106	-0.0269285314	0.1117650664	0.0099225868	-0.0498978565	-0.0801044146	-0.0422514403	-0.05091395	0.0694297337	0.0825654075	0.0109504558	-0.0106338738	0.0047453712	-0.0658730364	-0.0548435682	0.0247989695	-0.0769760668	-0.0138718644	0.0166904792	-0.0548510606	-0.0841696683	-0.0413425024	0.0143827148	0.0924438071	0.0245501841	0.0312914783	-0.1138982934	-0.0177004333	0.0487012348	0.0654488079	0.0222826144	-0.0951071104	0.0230344873	-0.033671473	-0.0562574508	-0.0822416903	-0.040907875	0.1535054993	0.04151425	-0.0746754104	-0.0616309243	-0.014009232	-0.0061925697	-0.0595903592	0.0076689285	0.1944948713	-0.0390462472	-0.035742477	0.1060694575	0.0329004471	-0.0210547707	-0.018915921	-0.0817980821	-0.0907877195	0.0761591643	-0.0050147441	-0.0517687988	0.108220011	-0.0016084579	0.0591841509	0.0334268136	0.0444214822	-0.0330937864	-0.0613239163	0.0551552736	-0.0663605306	0.0172613469	-0.0604792607	-0.0426585726	-0.0072079011	-0.0870829669	0.066421828	0.0164599531	-0.0303710226	0.0144560175	0.1356965004	0.1041824856	-0.0755673199	0.0451302481	0.1175147008	0.0286980853	0.0280625876	-0.05197942	0.0772921533	0.0006906254	0.0438217707	0.0573211988	0.0488238116	0.0460924717	-0.0419653738	0.0293066661	0.0106734175	-0.0579664581	0.1224643248	-0.0757101349	0.038077586	0.0172921026	-0.0249097405	0.0191552977	0.0918541087	0.0223788783	0.1484343061	0.0355817344	-0.0523227842	0.0757508056	0.0775758425	-0.0566492771	0.007441885	-0.0305019066	-0.0209898579	0.1665181571	-0.1181835767	0.036169776	0.1564709638	0.0706394399	0.0698282112	0.0142555981	-0.0043520399	-0.0381375468	0.0690985393	-0.0096304471	-0.0482021271	0.0600199293	0.1178297974	-0.0144709732	0.0219169304	-0.0622911099	0.1044943619	-0.0592778041	-0.0225648778	-0.0900632814	0.0001392634	0.0230460374	-0.0483863291	-0.0082977768	0.0247918755	0.0529344706	0.0647118875	0.0216901158	0.0756393658	0.0135982675	0.0505626861	0.0237867478	0.0679232144	0.0998295556	-0.0093955868	-0.0164977297	-0.0134029405	0.0130405895	-0.0056427481	-0.0456483177	0.0301422176	0.0033107155	-0.0350706198	-0.141585074	-0.1049529253	0.0463115486	0.0378731711	-0.0348345914	0.0827511615	0.0582360367	0.0226098321	-0.0173301903	-0.0539637182	-0.0803012987	0.0	-0.0324416984084621	-0.0063369021774094	0.0010524637956256	4.015632920605602e-05	-0.0239443849513634	0.0161194021362121	0.000573333570699	0.0002598351252289	-0.070933853568377	0.0309290679592492	0.0050316115820599	0.0009566072448278	0.0015664571559951	-0.0009365324048661	8.77092945364281e-07	2.453788021568257e-06	-0.0003027264378903	1.4368416958200018e-05	9.164329619774967e-08	2.0645140588468983e-10	-0.0002882634797151	-0.0002131603181713	4.5437321242923674e-08	8.309583373745786e-08	0.0	0.0	0.0	0.0	0.0	0.0	0.0	0.0	0.0
794.4681351626537	-0.7488768927522642	631179.6177888245	0.5608166004982862	878.1434538034292	-1.1783681429349144	771135.9254578154	1.388551480283879	753.7523251746733	-0.1951977281071322	0.0381021530581859	568142.5677062264	754.7551623408	699.6852990980422	1.01573	36.152935	0.055492851195875	0.0277522600310892	0.0131580746	0.0170235597	0.0370586755	0.0152814656	-0.0504083113	0.0960005973	-0.0945335654	0.0264531658	0.00833322	-0.0043381156	0.0395930372	0.103884161	-0.0443994415	0.0601017585	0.0364460279	0.0377188494	-0.0112644077	0.0793506635	-0.0468677358	-0.0835664184	0.04684612	0.0722242984	0.0208552687	-0.042010465	-0.034757625	0.0676888165	-0.0726698245	0.038505778	-0.089982005	-0.0768914837	-0.0412018135	-0.1140804082	0.0227116356	-0.0347255468	-0.0284032879	-0.0620095656	-0.0090251047	-0.0117764016	0.0694750455	0.0602686215	-0.0518260394	-0.0808262414	-0.0014939427	-0.0083876512	-0.0870068713	-0.006981062	0.0827929375	0.067618725	0.0549799802	-0.0494432818	0.112005445	-0.0028240454	0.1507251265	-0.0327971067	-0.0485645792	0.0490852674	0.0622363169	0.1043035558	0.1447869998	0.0643237299	0.0446765158	-0.0277120858	0.0483666521	0.0625483408	0.0458164187	-0.1423921256	0.0499390013	0.0602605248	0.0502266564	0.0247231855	0.0659899333	-0.0940978992	-0.0137444257	0.0171266693	0.0426293584	-0.049997666	-0.0110887383	-0.1002649753	-0.1002909471	-0.0310353593	-0.0563070392	0.1099748002	-0.0220877932	0.0738004308	-0.037611096	-0.0472400323	-0.0418308012	0.0927026295	0.1112124099	0.0259533705	0.0923205723	-0.0052524503	0.0016329711	0.0877260213	0.0072063748	-0.0288633988	0.0426378372	0.0075459814	-0.0601359129	-0.0461849507	-0.1106295995	-0.0136471782	-0.1274550378	-0.0287335497	0.0093125474	-0.0870892793	0.0870706592	-0.0785922173	-0.0654673446	0.0284973008	0.0223551641	-0.0157896951	0.0718603522	-0.0189980363	-0.0911301324	-0.0180206992	-0.0686067798	0.0064510717	-0.1022126101	-0.1092593795	-0.0728877846	-0.007694914	-0.0223937599	0.1096204088	0.0117885785	-0.1185558306	0.0006654678	0.0274739693	-0.0205344639	0.0804091193	0.1487179364	-0.0823255917	0.043705452	0.0265014042	0.0395722206	0.1459229299	-0.0890864327	-0.0222257972	-0.1200065548	0.0959425076	0.0665910537	0.0455757931	0.0901157134	0.0870983008	-0.0053068068	0.0450733223	0.075077291	0.0356429161	0.0055443109	-0.0575399541	-0.0237069541	-0.0056396542	0.0206348126	0.0143245548	-0.0758491257	0.0862258001	0.0886377217	0.0150358993	0.0253628866	-0.0681861693	0.0419050629	0.0812917492	0.0070809663	0.0322195582	0.0754545467	0.0843747044	0.030818264	0.0110932099	0.1022765062	-0.0390125054	0.1055979773	-0.0755972064	0.0318972026	0.0284734389	-0.0537676271	-0.0454331922	-0.0573404236	-0.0451687391	0.0043751986	-0.0872039232	-0.0761935387	0.0822314759	0.0563615044	0.0190977232	-0.0220267751	-0.0586984312	-0.0835038541	0.0	-0.0421487442207961	-0.0097070458123339	0.00177651663939	9.422673840275096e-05	-0.0111590248685331	0.0127853600828303	0.0001245238360165	0.0001634654324476	-0.0631903268642162	0.0077435267041608	0.0039930174092064	5.996220581805142e-05	0.0011819667538576	-0.0003844904021374	1.4783286933585637e-07	1.3970454072246723e-06	-0.00021368876129	8.903767660029999e-05	4.566288670165461e-08	7.927707854379609e-09	-0.0003198737729083	-3.161029319320003e-05	9.99210635760068e-10	1.0231923059459069e-07	0.0	0.0	0.0	0.0	0.0	0.0	0.0	0.0	0.0
792.2755171977194	-2.192617964934243	627700.4951509138	4.807573540152381	863.4215886042668	-14.72186519916238	745496.8396679158	216.7333149423084	752.7426481151475	-1.0096770595257567	1.0194477645325783	566621.4942914048	752.8045925394694	664.5676515041254	1.022165	36.381989	0.0893684265643111	0.0583056606446728	-0.0670758523	0.0161800881	0.0410048462	0.0519009949	0.0516801387	0.0085066097	0.0291404101	0.0604331091	-0.0304742118	0.0991088241	0.0208857961	-0.1138642994	-0.0825189862	0.124831644	-0.0305047573	-0.0522369895	0.0106982163	-0.1070970511	-0.0643290604	0.0513564336	-0.0631583263	0.0630855949	-0.0078803446	0.0776465783	-0.0421395704	-0.0967142883	0.0153885417	-0.0097231693	0.0172366779	-0.0111960659	-0.0527459133	0.0356899047	-0.035840084	-0.0316954106	0.1180802765	0.1428821981	-0.0363558047	-0.011803674	-0.1173852467	0.1078525525	-0.1423030839	0.0228956592	0.0029356296	0.0070838773	0.0042332633	0.0242841058	0.0127956482	0.0072882258	-0.0137588974	-0.0317547679	0.0057880282	0.083810353	0.0858719965	-0.0082991495	0.0169598401	0.0028809796	-0.0761556294	0.0705651373	0.194157192	-0.0299770331	0.0893019332	0.0094826201	0.0802877877	-0.0925806658	0.0505188649	0.0100345393	0.0932208391	-0.0587562883	0.0187853497	-0.1122325459	-0.0334466538	-0.0203801511	-0.1031931696	-0.004281141	-0.1222533162	0.0631966851	0.0966949546	0.0514939343	0.1000552452	0.0715976439	0.0961338431	0.1247743098	0.030903855	0.0828204405	-0.0071010485	-0.0621805021	-0.0153193863	-0.0262385145	0.0158531847	0.0396653709	-0.021731857	-0.0530016308	0.1012013684	-0.0071035286	-0.0446745232	0.0565398331	0.0883233676	0.0253902082	0.0341316537	-0.0372085576	0.0259372835	0.0132753192	0.0879906822	0.043803468	0.1160604521	-0.0770506327	0.0538853863	-0.0550118691	-0.0469667993	-0.0096573899	0.1097430639	-0.0709029167	0.063987589	0.0491307802	0.0546851544	-0.0829411561	-0.0024957873	-0.037750921	-0.1127842362	-0.0385165867	0.0050154552	0.0363922283	0.1029783954	-0.0042555658	0.0230053576	0.0527321935	0.0386420504	-0.0271774999	0.0452532472	0.0811146865	-0.0162031501	0.0724839488	-0.132023084	0.0428568715	-0.0034269348	-0.0215858171	0.018043444	0.1582800227	0.0359403351	-0.0007408072	-0.0726323993	0.086124414	-0.0799820395	-0.0632744889	0.025002111	-0.0439136133	0.1195521142	-0.0277191514	-0.0407381428	-0.0531782741	-0.2380595925	-0.0880985259	-0.0589772412	-0.0118755762	-0.0333348969	0.0929587527	-0.0321615234	-0.0845718435	-0.0420647246	0.0006673966	0.1124437592	0.0209585363	0.0132837182	-0.0038693427	0.1458878503	0.0129756088	0.0307905172	0.0021398223	0.0708513025	-0.1038970215	0.0448511888	0.0548963666	-0.0320254404	-0.0514480959	-0.0468300642	-0.0129095098	-0.0282460478	-0.002619961	-0.0226438596	-0.0267046298	-0.0803732352	0.0816975821	0.0544480209	0.0155559202	-0.0266624798	-0.0631796814	-0.0861872655	0.0	-0.0419350504926399	0.0002136937281561	0.0017585484598202	4.566500945329419e-08	-0.0320538642117185	-0.0208948393431854	0.0010274502109032	0.0004365943111775	-0.0107329114553067	0.0524574154089095	0.0001151953883074	0.0027517804313828	0.0009659762927272	-0.0002159904611304	4.6651879299322846e-08	9.331101981109852e-07	-0.0002131065427446	5.822185453999867e-07	4.5414398560556035e-08	3.389784346076764e-13	-0.0002203968909029	9.94768820054e-05	9.895650053516277e-09	4.8574789519664804e-08	0.0	0.0	0.0	0.0	0.0	0.0	0.0	0.0	0.0
795.1517339019441	2.876216704224703	632266.2799272682	8.272622529661213	880.2209865276631	16.799397923396214	774788.9851237324	282.21977058860904	754.5428252257283	1.800177110580762	3.240637629458901	569334.8750996239	754.466919555664	681.8654541199743	1.072517	38.174175	0.0787774630794255	0.0419990809114773	-0.1037815932	-0.0382203158	0.0687765479	-0.0013959852	-0.0531580884	0.0280140319	0.0634745185	-0.0007665937	0.0383192081	0.0738271736	0.1039591427	0.0177789551	-0.0567258995	-0.050347578	-0.0095647196	-0.0128696804	-0.0446832501	0.0441921736	0.0864835758	0.0460247766	-0.0384361476	-0.0923971964	-0.0448083691	-0.0294831246	0.153006581	0.0472748726	0.0483103985	-0.0040813953	-0.0157355115	0.005686909	-0.0570804909	0.1112888171	-0.1515053074	0.0688541118	0.0462521727	-0.0527707145	0.008427639	0.0511839821	-0.0282668897	-0.0882985139	0.1489938278	-0.0266980651	0.0329897898	0.0581534999	-0.005578325	-0.0709149979	-0.0621222202	0.0547180925	0.0433582823	-0.0038480226	0.0722791871	0.0393212135	-0.101626626	-0.0494883794	-0.0313809132	0.068365147	0.1592974452	0.0432724667	-0.0077586733	-0.0814060594	-0.0442260748	0.0037375625	-0.041991969	0.0785292029	-0.0427605729	0.0733919224	-0.0598225801	0.0036339748	0.0332586034	0.1086654415	0.0001261262	-0.0358117391	-0.0414996572	0.0261488692	0.0644728303	0.0591795908	-0.0162921346	0.0171243765	0.0770707748	0.0025216707	-0.0889219288	0.076775234	-0.0042394876	-0.0268780439	0.0298560116	-0.0068046121	0.0021415902	0.0402381262	-0.096642107	-0.0167052256	-0.0696821544	-0.0023377524	-0.109145927	0.0701692933	-0.0863731856	0.0417156455	0.0859534732	0.0388039519	0.0780224168	-0.0052255581	-0.0583904354	0.0491029029	0.0620834101	-0.0908438479	0.0996819415	0.111365398	-0.1142129477	0.0087079315	0.0863255561	0.1115338898	-0.070892525	0.0595649496	0.0067534911	-0.0489705382	-0.0504813353	-0.0151011377	0.0834624496	-0.0573513145	-0.0639425968	0.0454267791	0.0134681897	0.0752241983	-0.1141829936	0.0118900322	-0.0128443444	0.0656294313	-0.1412109112	-0.0048211903	0.0428829258	-0.098184959	0.052105885	-0.0726253672	-0.0389898774	-0.0375676181	0.0562500745	-0.0508170096	-0.0783974829	0.0904502531	-0.0302846195	-0.0075695468	-0.0340641901	-0.0255243617	0.1524176399	0.0703857887	0.055765315	-0.0586283197	0.0310370714	0.0463426157	0.0625760183	0.0099565349	0.0343806931	-0.005304631	0.1297328822	0.0193201309	0.0037551903	-0.1432306824	-0.0349737646	0.0169062398	0.0549393773	0.0676576999	0.0747095862	0.0545613544	0.0081058384	0.0477358239	-0.0774988327	0.0350121939	0.0757802481	0.0600040932	0.0014367275	-0.1290421584	-0.0083591171	0.0323020185	0.0561252179	0.0072432545	-0.061538914	-0.084750896	-0.0866858592	-0.1683802171	0.0539395071	-0.0378734327	-0.0630977023	0.0811495725	0.0524969085	0.0119899299	-0.0312244919	-0.0673881186	-0.0883348501	0.0	-0.0362947473648631	0.0056403031277768	0.0013173086862792	3.181301937320878e-05	-0.0514080926067208	-0.0193542283950023	0.0026427919854611	0.0003745861567659	-0.0470671860492331	-0.0363342745939264	0.0022153200025931	0.0013201795102668	0.0007824912976645	-0.0001834849950627	3.3666743413159054e-08	6.122926309206731e-07	-0.0001140599502404	9.90465925042e-05	1.3009672248842524e-08	9.81022748669305e-09	-0.0001539553392154	6.64415516875e-05	4.414479790642734e-09	2.370224647292888e-08	0.0	0.0	0.0	0.0	0.0	0.0	0.0	0.0	0.0
795.3036322920809	0.1518983901368074	632507.8675369774	0.0230731209261537	876.2540622417744	-3.966924285888695	767821.1815952114	15.73648828997353	753.450383645674	-1.092441580054242	1.1934286058314088	567687.4806158134	753.3590608596802	684.9478032959353	0.9616	34.22628	0.0644317996264136	0.0359783123884773	-0.0157082781	-0.0549474878	0.0692817248	0.0341419111	-0.0231465845	0.0913367244	-0.0531569377	-0.0056273881	-0.008935121	0.1068792987	0.0986314761	-0.0769671287	-0.0936591146	0.002898498	0.0343439177	0.0703710689	-0.0626811206	0.050639293	-0.0254861086	-0.0301893681	0.0226738561	-0.0464602732	0.0895649474	0.0446941409	-0.008392512	0.0770135942	0.039815639	0.0298170689	0.1219615936	0.0641495337	0.0780300547	-0.1092501646	-0.0429068333	0.0353006567	0.0848379405	0.0201082673	-0.1013662554	-0.0021123471	0.1414102269	0.0346892999	-0.075709478	-0.0204147994	0.0580422083	0.0155321727	0.0638504671	-0.100243878	0.0104396985	-0.117664958	-0.0341117026	-0.0496684591	0.09963883	0.005991149	-0.064318395	-0.0505934044	0.0124443186	0.1550036428	-0.0898328994	0.0927994498	-0.0056907214	-0.0368835921	-0.0169073208	-0.0047904139	-0.0171264463	0.0123416595	0.1075464942	-0.0384723506	0.0837207849	0.071483315	0.0015189147	-0.032550934	-0.1326641823	0.0135068461	0.0735735729	-0.0186234411	0.0334937957	-0.007539235	-0.0207817796	-0.0183068909	0.0289307961	-0.0061678019	0.0172357211	-0.0368136436	0.0274701162	-0.0033817838	-0.023108972	0.0967992226	0.0176147656	-0.0784839743	0.0270124441	0.0374779606	0.0360433268	-0.0791084873	-0.0184924893	0.0934401903	-0.0629789345	0.0311734743	0.0132323315	-0.0828047669	-0.0223283925	0.0945794556	0.1052329198	0.1125026762	0.0600917794	0.0010148691	0.0155691007	0.0049709416	-0.0072791049	-0.010481558	-0.1990156122	-0.0281093122	-0.071972682	-0.034996081	0.0008580941	0.0597042825	0.0625938297	-0.0805916219	0.0526517678	-0.0526684861	0.0014023242	-0.0575304178	0.0947902888	-0.0834690404	-0.06028796	-0.0403508924	-0.0444897164	-0.0641806522	0.09361016	0.0226358579	-0.0387851499	-0.1055716117	0.0577129447	0.03901331	-0.0290531395	0.0066044393	0.0063905119	-0.0373147714	0.0141499447	-0.0042212502	-0.0165049445	0.0188981334	0.0339880769	0.1049632177	-0.0305261523	-0.0800324193	-0.0560655126	0.0330755733	-0.03223903	0.0763712041	-0.0519840236	-0.0069942867	0.0869043766	0.0453854687	-0.0981166888	0.0017207674	-0.0736607214	0.0764177551	0.023674614	0.0095417635	0.0609197058	-0.041665946	0.0725629277	0.0389117599	0.036261232	0.0710239059	0.0226016591	0.089481054	0.0746696648	0.0419579533	0.0424952007	-8.95383e-05	0.0587921323	-0.1005909018	0.0116808833	-0.0542804074	-0.1180621694	0.0246722075	0.0123484227	0.0796035795	0.0010712542	0.019547975	-0.1081048973	0.0805875418	0.0505095157	0.008405297	-0.0357002023	-0.0713055705	-0.0899332563	0.0	-0.0340911358901081	0.002203611474755	0.0011622055462778	4.855903531671908e-06	-0.0202310653175317	0.0311770272891891	0.0004092960038822	0.0009720070305908	-0.0630952331760426	-0.0160280471268094	0.0039810084495391	0.0002568982946992	0.0009449789508314	0.0001624876531669	2.6402237431686798e-08	8.929852175144135e-07	-0.0002130909677116	-9.90310174712e-05	4.5407760520266153e-08	9.807142421381115e-09	-0.0001928989432905	-3.89436040751e-05	1.516604298358145e-09	3.721000232259153e-08	0.0	0.0	0.0	0.0	0.0	0.0	0.0	0.0	0.0
794.8618547133904	-0.4417775786905622	631805.3680784109	0.1951674290336959	869.0576198284442	-7.196442413330146	755261.1465818806	51.78878340837702	753.9920169546024	0.5416333089283398	0.2933666413406624	568503.9616312694	754.3757191975911	693.2418906440562	1.007965	35.876579	0.0656816675480879	0.0370233387988091	-0.0292506026	0.0091099174	0.0590346043	0.0088466931	-0.0784597664	0.0551283869	-0.0061902062	0.0422508037	-0.0074160289	0.0303054801	-0.0197091193	0.0056583956	0.1020480157	0.0703637564	0.1212574905	-0.0060802832	-0.0542917171	-0.1225569895	0.0535698947	0.0829007035	-0.0085209803	0.0714799477	0.154277603	-0.0015540386	-0.03049009	-0.0132702691	0.0456684347	0.0475024711	0.0671889394	-0.0841783839	-0.054587246	0.065974178	0.0018329425	0.1098873783	0.0207820629	-0.0616438928	-0.0153611535	0.0641993113	-0.0104853344	0.0618552596	-0.0020718021	0.0514759205	0.0572071164	0.0677921018	-0.0321252207	0.0223777828	-0.0668625226	0.0210218398	0.1513017394	-0.0509964684	0.0773925918	-0.1260638121	-0.0126746453	0.0222345005	0.0690548634	0.1141641191	-0.0408465067	0.1343847765	-0.1140331879	0.0457386366	-0.1034302997	-0.0005256139	0.0597210965	-0.0919631196	-0.0754098551	-0.0138830429	0.0544127985	0.0392973031	0.0562424144	-0.0858200893	0.02048522	-0.0188912775	0.1315388802	0.0170299038	0.0488753734	-0.0737628081	0.0513050543	-0.0697973335	-0.0773943133	0.0260824244	-0.0301725484	-0.0568071844	0.0737880252	0.0932810228	-0.0702163096	0.0839773085	0.0356536884	-0.010306765	0.0272482927	-0.0102824623	0.0165454906	-0.0001601543	0.0417584471	-0.0115296939	-0.0821417966	-0.060923737	0.0608498564	-0.0699157736	-0.0498704525	-0.04662077	-0.0504406	0.1040846951	-0.0085075675	0.0017020588	0.0535545406	0.0617221851	-0.0257439693	-0.055771681	-0.042386306	-0.101423742	0.0102038247	0.0615641389	-0.0719521545	0.0066817738	-0.0439623537	-0.0596127015	0.0805176899	-0.0409698912	0.117231184	-0.0432485869	-0.0404634466	-0.0507619904	-0.025521505	-0.178607192	0.0399649595	-0.0790639288	-0.0638920485	-0.1349475983	0.0224591486	-0.0347693393	0.0480629107	-0.1071775463	-0.0085022133	-0.0051853681	0.0549993036	0.162809431	-0.0181842751	-0.0036496504	0.0171110072	-0.0086899429	-0.0141117301	0.105475712	-0.0307477568	0.0551989266	-0.0277049827	0.0006387166	0.055655078	0.01197541	0.0271996985	0.1178886523	0.0174449002	0.0820050548	-0.0171135709	-0.0137937177	-0.0344707768	0.0491859572	0.0569626411	-0.0738974283	-0.0378551681	-0.0096510791	0.0865893754	-0.0281974174	0.056549545	0.1145215838	0.0861252474	-0.0310978291	-0.0272108186	0.0979510721	-0.0361657342	0.0252752893	0.0032870968	0.0560745438	-0.0073843403	0.0264016008	0.08954284	0.0715841227	0.0728084455	0.1288421563	-0.0114975958	-0.0179780207	0.0844132824	0.080011587	0.0484872159	0.0048075951	-0.0400772406	-0.0749151215	-0.090972547	0.0	-0.0398203442359346	-0.0057292083458264	0.0015856598150683	3.2823828269888006e-05	-0.0244269778916788	-0.0041959125741471	0.0005966772489205	1.760568232988575e-05	-0.0323895442528083	0.0307056889232342	0.0010490825769046	0.0009428393322504	0.000675965624263	-0.0002690133265684	7.236816987139665e-08	4.569295251852673e-07	-0.0004160552465364	-0.0002029642788248	1.731019681704646e-07	4.119449847887117e-08	-0.0001638593945861	2.9039548704399995e-05	8.432953889552193e-10	2.6849901194123216e-08	0.0	0.0	0.0	0.0	0.0	0.0	0.0	0.0	0.0
794.2333423448623	-0.6285123685280496	630806.6020922912	0.3950277973927388	880.8267561105581	11.769136282113893	775855.7742802486	138.51256882696958	754.4074978600355	0.4154809054331281	0.1726243827795319	569130.6728274395	755.2063438415528	670.3462952143466	1.103328	39.270813	0.0548100357217465	0.0264947269303472	-0.038572072	-0.1088009482	0.0802181156	0.0863789342	0.043026719	-0.003496974	0.0695813781	-0.057971647	0.0057485197	0.0395558062	0.1116167991	0.009641388	0.044598123	-0.0598426046	0.0647251818	0.0551789543	0.0112367677	-0.0341979859	-0.0813474781	-0.0578393093	0.0286962112	-0.0977202829	0.0630915223	0.0306806713	0.0370645126	0.0549107286	0.0821282935	-0.009525239	-0.1066879536	0.0064207154	0.0051440113	0.0106570232	-0.0359362209	-0.0491624685	-0.0185436794	0.0297433305	0.0181963577	-0.0186659812	0.037150922	0.0165209989	-0.0257002844	-0.0424842949	0.1179146436	0.0386372167	-0.0158535197	0.0226056546	0.0123910283	0.0506427452	0.0795286993	0.1156578228	0.0699512495	0.030639619	0.0746031735	-0.0190728999	-0.0978749476	0.0125951996	-0.0183588711	-0.0594319834	0.0383901553	0.0627112434	-0.0335679639	-0.0237262445	0.0943950583	0.1057836197	0.0095361821	0.0446203157	-0.115050102	0.0719088499	0.0663812319	0.1482180089	0.0005381768	0.1868722858	-0.0756998932	0.0976667011	-0.0286747404	0.0574167214	0.1002396184	-0.0460908751	0.0233189328	0.0510724204	-0.0628522073	-0.0394338746	0.0057507238	-0.016975562	-0.00398542	-0.1002445765	-0.0340764447	-0.0539386797	0.0626907779	0.1457278495	-0.0445299422	-0.0445813365	-0.0773015248	-0.0050211396	-0.065581493	-0.0598342028	-0.0493141651	0.0823624701	-0.0163463581	0.0306800913	0.0289009729	-0.0731027923	-0.084398528	-0.031541174	0.0775911219	0.0516989945	0.0853271566	-0.026553842	-0.0153707168	0.0287050596	0.0547394107	0.0372355823	0.0602232493	-0.0020664818	-0.0399933323	-0.0715959074	-0.0011457927	0.0041135501	-0.0098756198	-0.0057361411	-0.1418540735	0.0189974932	-0.0087132541	0.0339723295	0.0721758444	0.0248990935	-0.000647255	0.1058031871	0.1169453275	-0.043748634	0.0062966286	0.0620881445	-0.0294697713	0.0007037619	-0.1502893979	-0.0399185097	-0.0538477203	0.0271310146	-0.0118367495	0.0041479044	-0.0839133792	-0.0567702146	0.0741320018	0.0241891608	0.0251840901	0.110448768	-0.0130839776	-0.0489770632	0.0561698487	0.0346554151	0.0594627322	-0.0139969108	-0.1403117563	-0.0910903905	-0.0005253862	-0.0172177055	-0.0545461219	0.0132931276	0.0732357984	0.0406663642	0.0563788116	-0.0310846193	0.0741781739	0.087448386	-0.0616508789	0.0249815365	0.0222303566	-0.0654601056	-0.0524687543	-0.0982804274	0.0058910778	-0.0399170395	-0.0279920395	0.0588839271	0.0962339576	-0.0471069239	-0.0757452046	-0.025336938	0.0010829622	0.0503495781	0.0587280014	0.0794218076	0.0464314067	0.0012024181	-0.0443435089	-0.0782011853	-0.0914462607	0.0	-0.0398994993995813	-7.915516364669778e-05	0.0015919700523371	6.2655399319355064e-09	-0.0389593024544296	-0.0145323245627508	0.0015178272477357	0.0002111884571971	-0.0476145723730923	-0.015225028120284	0.0022671475022724	0.0002318014812634	0.000782462073594	0.000106496449331	1.1341493720110252e-08	6.122468966130222e-07	-0.0002131384747539	0.0002029167717825	4.542800942041886e-08	4.1175216270631195e-08	-0.0003539167309739	-0.0001900573363878	3.612179111482538e-08	1.2525705246325193e-07	0.0	0.0	0.0	0.0	0.0	0.0	0.0	0.0	0.0
792.8877603686003	-1.3455819762619967	628671.000542335	1.810590854841141	874.3682377448449	-6.458518365713189	764519.8151770256	41.712459480254566	753.3265769203194	-1.0809209397160655	1.1683900779166627	567500.9314944859	753.283493792216	675.6816992277833	1.049352	37.349663	0.0775379541783635	0.0469936770010279	0.0975023733	-0.0863365867	-0.0106701108	0.0011042273	0.0747779216	-0.0187559976	-0.0347583352	-0.0917497634	-0.0115570731	-0.0127284957	0.0071208757	-0.0027732184	-0.0004034601	0.0821560681	-0.0081467245	-0.0350393795	-0.0773590607	0.0596716824	-0.0451329071	-0.0598426349	0.0624558414	0.0438733599	0.0285850111	-0.0076925887	-0.091462296	0.0411644132	0.0515369426	-0.0277052003	0.0702470373	-0.0146553473	0.0227349888	0.032386527	0.0288967143	0.051160065	-0.0876912532	0.0416240178	0.0102371032	0.0248859754	0.0655747942	-0.0239140469	-0.1338732968	-0.0802779055	0.0434245922	-0.0416029725	-0.0877841399	-0.005614211	0.1625347747	-0.1457850217	-0.044175358	0.0642750887	-0.0247155893	-0.0354210382	0.0874193269	-0.0079717606	-0.0008319743	-0.1222349198	-0.1937623472	-0.1088204489	-0.0280740938	-0.1048020365	-0.0554414893	-0.0220543225	0.0616351823	-0.0473411391	-0.0836721691	-0.0869492828	-0.035380024	-0.0411314862	-0.0637458107	0.0867106771	-0.0592482376	0.0780572418	0.003574276	0.0319900229	0.0505752975	-0.0321932244	-0.026906255	-0.0187267811	0.0348306961	0.06869481	0.026521599	-0.0540014332	-0.1749451063	-0.0188011656	0.0061251749	-0.0084760963	0.0376163454	-0.0948185322	-0.0795229941	-0.1448524347	0.0690142318	-0.0311656148	-0.0390792088	-0.0474555498	-0.0050493934	0.0009145399	-0.0843704681	-0.0717464719	0.0085168791	0.031185284	0.0554313543	0.0030738292	-0.1284848218	0.1756480613	0.0189987207	-0.0198209768	0.0997886441	-0.0162095018	0.0169658255	-0.0863041096	-0.0779714373	0.0014244219	0.0238618614	0.1243974019	-0.0748151492	0.0505498119	-0.0292261763	0.0595965354	-0.0171796039	0.0122302443	-0.0815890231	-0.1250516209	-0.0440220701	-0.0656584569	-0.0901758127	-0.0051165182	0.045196667	0.0391982794	-0.0147739808	-0.0665072145	-0.1323425859	0.1946568649	0.0080743547	-0.0292049376	0.0296224742	-0.0075236973	0.0232559973	0.1238258413	0.0688151479	-0.0887830124	0.0397461005	-0.0637580253	-0.0528875328	0.0388365069	0.0583962381	-0.015719976	-0.0254274713	0.002049512	-0.1602240504	0.0310871094	0.1395822015	-0.0596738912	0.0502628298	0.0305000349	0.0148735688	0.0176540025	-0.0259727763	-0.0018971138	0.0533724739	-0.0491846461	-0.001940986	-0.1134575824	0.0503562753	-0.0340610828	-0.0379769219	0.042567216	0.0699825735	-0.0635112705	0.1122731613	-0.0565492086	0.047726179	-0.0426010629	-0.0185369233	0.0548108406	0.0270181012	-0.0161513841	0.0357621588	0.0618166653	-0.0459304755	-0.0074960487	-0.0041944994	0.0788183057	0.0443435089	-0.0024046285	-0.0484872159	-0.0811495725	-0.0913514525	0.0	-0.0399038670893645	-4.3676897832009565e-06	0.0015923186086856	1.907671404227802e-11	0.0012116593696873	0.0401709618241169	1.468118428151025e-06	0.0016137061738746	-0.0304298918059089	0.0171846805671834	0.0009259783153193	0.0002953132461961	0.0006119868523428	-0.0001704752212512	2.9061801060645592e-08	3.745279074404481e-07	-0.0002130367636345	1.0171111939998297e-07	4.5384662659861824e-08	1.0345151809597586e-14	-0.0001209347813989	0.000232981949575	5.4280588827767854e-08	1.4625221351999731e-08	0.0	0.0	0.0	0.0	0.0	0.0	0.0	0.0	0.0
793.375667231117	0.4879068625166383	629444.9493544201	0.2380531064908297	877.9578484168419	3.58961067199698	770809.9835967303	12.885304776514603	754.3383359304393	1.0117590101198175	1.023656294558633	569026.3250543042	754.3029817199707	698.4007646724649	1.026753	36.545292	0.0796465119239929	0.0474337692100843	0.0357698694	-0.0304239757	-0.1241881095	-0.0013770324	-0.0763158251	-0.0622921263	0.0352906569	-0.020312977	-0.0731454135	-0.0910091076	-0.0749866435	0.015961079	0.0367441432	-0.0333848447	0.0355623287	-0.0985074853	-0.0976262617	-0.018733821	0.1204332417	0.0265072858	-0.010313795	-0.1033661788	0.0191288104	0.0135077045	0.0446358041	-0.1011345916	-0.0234679957	0.1162351507	-0.0049409555	0.104122025	0.0451656549	0.0923550067	0.0012755251	0.034915832	0.0113759825	0.0337901575	-0.0039867372	0.1032998784	-0.0763837812	0.0644106845	0.0237317944	-0.0984168283	-0.0824992175	0.0050309188	-0.0926641337	-0.0513674909	-0.0701182258	0.0554129551	0.0799558731	0.0845874663	-0.0583994786	0.0346966613	0.0748054821	-0.0283349761	-0.0743072613	-0.1337600644	0.0050511993	0.0581843919	0.0381649221	0.0295467759	-0.0231490641	0.0316797585	-0.0067411622	-0.0062816308	0.061844295	0.0508826902	-0.1183881729	0.0473090125	0.0485110771	-0.0312944772	-0.0119461901	0.0303746361	0.0741802306	-0.021296844	0.031732219	0.008444686	-0.03064679	0.0688375466	-0.0517627991	-0.0004381857	0.0060836797	-0.2273603927	-0.0580655011	0.1292694935	0.0555504098	0.0923474969	-0.0929980676	0.0080607817	-0.0526761467	-0.0374579445	-0.0624915566	-0.0200807963	-0.0068614147	-0.0753686319	0.1291510191	-0.0009699429	0.0274217718	0.018872864	0.0210446614	0.0222087643	0.0139149291	0.0958813453	0.0815015689	0.030198171	0.1208929771	-0.0645700671	0.0250827801	-0.054929305	0.0797799532	-0.0151253948	-0.0595388299	0.0346496012	0.0125149223	-0.0666477995	-0.110792929	-0.0738864208	-0.069473183	-0.1019177414	0.0125583315	0.1545968214	0.0549903819	0.0386518543	0.0393000361	0.011289852	0.0559349353	-0.0622638814	-0.0620979347	0.0618997906	0.0565205576	0.0718390682	-0.0537474786	0.0478620268	0.0484564643	-0.054466739	0.0471089821	-0.0188695494	0.0340711315	-0.0040559018	0.0320888137	0.0237244869	0.0329914614	0.0452969117	0.0428457939	-0.0387012121	-0.0448659489	0.0914071295	-0.1760095751	-0.0389473949	-0.0015297864	-0.0453387144	0.0226210335	0.0558188053	0.1651442646	-0.1594031997	0.0956713319	-0.0150795848	-0.0367100884	-0.0842478486	-0.0049208353	0.0367331996	0.0213385597	-0.1453932675	-0.0852691214	0.0159224144	0.0269057019	-0.0652123233	0.0075301805	0.0694370271	-0.0260801002	-0.0740788972	-0.0097023329	-0.0647712592	-0.0931590769	0.0483898823	-0.0093443318	-0.0205682588	0.0120517604	-0.0011613589	-0.0011200368	-0.0466705522	-0.0086706452	0.0782011853	0.0422249655	-0.0060079362	-0.0524969085	-0.0837475519	-0.0906887116	0.0	-0.0347536518746522	0.0051502152147122	0.0012078163186245	2.6524716757854023e-05	-0.0384472417132997	-0.0396589010829869	0.0014781903953608	0.0015728284351101	-0.00604537992875	0.0243845118771589	3.654661848293335e-05	0.0005946044194873	0.0007069997715907	9.501291924790004e-05	9.02745482400797e-09	4.99848677029302e-07	-0.0002130020973432	3.4666291300012794e-08	4.536989347260205e-08	1.2017517524973429e-15	-6.924691955404708e-06	0.0001140100894434	1.2998300494913797e-08	4.795135867724668e-11	0.0	0.0	0.0	0.0	0.0	0.0	0.0	0.0	0.0
794.5669168440896	1.1912496129726833	631336.5853431225	1.4190756404075675	873.6165783221905	-4.34127009465135	763205.9259193721	18.846626034714134	752.8706501418677	-1.4676857885715435	2.1541015739748737	566814.2158450385	753.4835471216837	682.6122125939187	1.02784	36.583961	0.0783846704619839	0.041173334325534	-0.0259997271	-0.0260114307	-0.1011273389	-0.0187132825	-0.0272042069	0.0384100665	-0.0182618622	0.0232327659	-0.0590430246	-0.0880653202	0.0527291389	-0.0320562113	0.029533723	-0.0466622085	0.0025388651	0.0267754443	-0.0539700206	0.0209164552	0.0632430734	0.1231238312	0.0484489479	0.0349699721	0.0350404025	0.0750756867	0.0382195046	0.0363084462	-0.0804177541	0.0263672094	-0.0401291605	-0.0947924262	-0.0214107137	0.0401871365	-0.0504226617	0.0435662261	0.1137996559	0.0030171839	-0.0168513599	-0.0128949391	-0.0611284343	-0.0143236835	0.013802932	-0.0623876701	0.0508190116	-0.1099607728	0.0546315285	0.0308137401	0.0504173178	0.0250427659	-0.0171552122	0.1076748174	-0.0576814914	0.1084462588	0.023453455	-0.0016810583	0.1266460934	0.0669349094	-0.0693104934	-0.0899300085	-0.0166891867	0.0451816392	0.0535563676	-0.0004132485	-0.0575132415	-0.0410320806	0.059520981	-0.0042461	0.0209598802	-0.1407352944	-0.077085328	0.0066606502	-0.0617417645	-0.0534679742	-0.0658022513	-0.021391908	-0.0122298075	0.0754277358	0.0726234863	-0.0530390283	0.0789795261	-0.1655314817	0.0209000385	0.0645340855	-0.006102367	0.0286329268	0.1356115155	-0.012216574	0.0594936365	-0.0843272143	-0.0563831519	-0.0116806224	-0.0066250517	-0.0594861707	-0.0406688203	0.0205949843	0.0672393007	0.0625742783	-0.0095960202	0.0730648593	0.0152779234	-0.0899025422	-0.1206362997	-0.1120149632	0.1099724941	0.0014983338	0.0793320687	0.0237612058	0.0278755038	-0.0410996755	0.0432588557	-0.0390151806	0.0225404155	0.1121618121	0.0263500136	0.0902664996	-0.0397580979	0.0542980905	-0.0897391596	0.048714407	0.0545190331	-0.1039498086	0.0362436571	-0.0940574799	0.0659749556	-0.0385451847	-0.0559369166	0.0329874445	0.0336370288	0.0494465	0.0207641591	-0.0581385727	-0.0442542633	-0.0672944263	-0.0712591937	-0.0600910569	-0.0310184108	-0.0737660437	0.1259945469	-0.0411624213	-0.0466111737	0.0208707484	0.0253029031	-0.0100178246	0.0225099352	0.0338306886	-0.0329878714	-0.0562357315	0.0054053028	0.0122137303	0.0576264021	-0.0641341173	-0.0676198298	-0.1292498309	-0.0783667563	-0.0328716975	-0.0658293096	-0.0810002493	-0.0285183149	0.0217555451	0.0815678404	0.0048231227	0.0225377817	-0.0434266294	-0.1464335011	0.054814372	-0.1155228014	0.0403990117	0.0059252276	0.0264219643	-0.0749890091	-0.00577288	-0.0024811477	-0.0746281568	0.0174690349	0.0229784968	-0.0551516552	-0.0101002091	-0.0198906732	-0.0259959464	0.0288420367	0.0139320862	-0.0285052652	0.0775705533	0.0400772406	-0.0096019025	-0.0563615044	-0.0859839051	-0.0894621585	0.0	-0.0398559329817942	-0.0051022811071419	0.0015884953938492	2.603327249629816e-05	-0.0245054156851836	0.013941826028116	0.0006005153979036	0.0001943745129982	-0.0417830490728761	-0.0357376691441261	0.0017458231898263	0.001277180995855	0.0004469795793112	-0.0002600201922795	6.761050039306816e-08	1.9979074432121733e-07	-0.000294030342633	-8.102824528980002e-05	8.64538423888794e-08	6.565576534744e-09	-0.0001379341380381	-0.0001310094460826	1.7163474962894645e-08	1.9025826436313628e-08	0.0	0.0	0.0	0.0	0.0	0.0	0.0	0.0	0.0
796.0171477089417	1.450230864852074	633643.2994466791	2.103169561369594	866.6257036062387	-6.990874715951804	751040.1101510084	48.87232929413422	754.9127542497849	2.042104107917225	4.170189187572407	569893.2665289962	753.4960318247478	692.469812327021	0.963755	34.303005	0.0510916401227777	0.0276145573805566	0.0401642212	-0.011062448	-0.1036239104	0.0170909153	-0.0591068641	0.0637183078	-0.117520577	0.0552957797	-0.1241573524	0.0078523874	-0.0317870521	-0.1103827604	0.0007692006	-0.1073377293	-0.0325853148	0.0627164055	-0.0875058577	-0.0525845047	-0.0160746448	0.1161563608	0.0477704335	0.083966917	-0.0183731105	0.042927923	-0.0807412354	-0.0195901727	-0.0425160585	0.1454111052	-0.0805923659	0.1109848164	-0.0060803452	0.0792924597	0.0382100327	-0.1195710079	-0.102883966	-0.0187595363	0.1134379882	-0.0092033752	-0.0491777213	-0.1271385258	0.0071924462	-0.126764636	0.1121328318	-0.0800102212	-0.1407622903	-0.0329477067	-0.1284637026	0.1025463535	-0.0215141034	0.0208963318	-0.0137442993	0.0028754016	-0.0690827653	0.0220563276	-0.0448477034	0.0058136004	-0.0935128196	-0.0350682462	0.1380972404	-0.0517984748	0.0878183371	0.1335580409	-0.0173971468	0.0336259297	0.0034862679	0.017433369	0.0999733163	0.0064331307	0.1047892442	-0.0166798984	-0.0956181804	0.0107638551	0.0235629494	0.0020815587	-0.059288253	0.1040467361	-0.0418785034	-0.0009683336	-0.131307124	0.0004219501	0.0783847477	0.014391619	0.0863451598	-0.0840513416	-0.0667007669	-0.0175004262	-0.0557368786	-0.0837738195	0.0030794202	-0.1052855832	0.0751056187	-0.0810887222	0.0544017491	0.0084063981	0.0924357477	0.0654469381	0.1001590603	0.0890325004	-0.0324025599	0.1775227506	0.015529121	-0.0777163427	0.0012060869	0.0870126868	-0.0182265488	0.0339935229	0.0686257336	0.1121168901	0.0845203892	0.0668243403	0.0422670478	0.0294042574	-0.0095806798	-0.0725716859	-0.1763524058	-0.0951797038	0.0241320912	-0.0044532734	-0.1425720942	0.0157017461	0.1240629307	0.0486079548	-0.0059407631	-0.0851354041	0.0142626423	-0.0529491262	-0.0461489472	-0.0032511897	0.0666159875	0.0667657075	0.0199559628	0.0458214397	-0.0047361542	0.0934396689	-0.0258314566	-0.1035896937	-0.0824627864	-0.0725147337	-0.1214126414	-0.074332055	-0.0065095929	0.0593953603	0.0475635083	-0.0301245283	-0.0224521152	-0.0035472335	-0.0138750862	-0.0594352216	0.0157105588	0.0721325926	-0.1522588997	0.037684222	0.006207625	0.0801532392	-0.0419789495	0.116761151	0.0509030778	-0.0161562139	0.050305802	-0.0669057628	0.0474643755	-0.0935885364	-0.1114578623	0.0672958784	-0.0111862225	0.0055000934	0.0075897101	0.0682620242	0.0851852556	0.0083641576	0.0171694559	-0.0151164172	0.0603149149	0.0124759268	-0.0911099449	0.0687774389	0.0309379474	0.0885577632	0.0395443948	0.0501392164	-0.0229673099	0.0769265184	0.0379018183	-0.0131809392	-0.0600703222	-0.0878489756	-0.0876794186	0.0	-0.0398650062828522	-9.073301058003249e-06	0.0015892187259318	8.232479208916284e-11	-0.0157615765310197	0.0087438391541639	0.0002484272947431	7.645472315388967e-05	-0.0197418792951111	0.0220411697777649	0.0003897417981027	0.0004858131651722	0.0002849956913975	-0.0001619838879137	2.6238779943638133e-08	8.122254411513904e-08	-0.0001040120006898	0.0001900183419432	1.0818496287494956e-08	3.6106970274842886e-08	-8.398521009918336e-05	5.394892793891664e-05	2.910486825758421e-09	7.053515515403971e-09	0.0	0.0	0.0	0.0	0.0	0.0	0.0	0.0	0.0
796.8277910182936	0.8106433093519172	634934.5285390934	0.6571425749970281	879.5749355903039	12.949231984065136	773652.0673186872	167.68260897713552	753.7794376835807	-1.1333165662042577	1.284406439233009	568183.440674575	754.729431177775	683.8652269124625	0.999951	35.591312	0.0276183809486618	0.0164642169227048	-0.0236956343	0.045904241	-0.0963688965	0.0846792281	0.0421747073	-0.0156054126	0.0313664041	0.0606415579	-0.0271674967	-0.0399111332	-0.0959816907	-0.0320637537	-0.0627122428	0.0459982705	0.0982369668	0.04607612	-0.0664289717	0.0378129976	0.1240684867	0.0281313186	0.119073176	-0.0755457119	-0.0329225788	0.0648974341	-0.0076785532	-0.0750540874	-0.0226415311	0.0359113761	0.0370817145	-0.0817566624	0.0163414898	-0.0916853775	-0.0866212105	-0.0129306579	-0.0571844601	-0.0142253955	0.0374340799	0.0735040778	0.033283068	0.0170187513	0.0303678829	0.0958506445	0.0754773162	0.0102565155	0.1569828247	0.0243781316	-0.1101701832	0.1427727033	-0.101437479	-0.0279296315	0.0433163558	-0.0044520257	-0.0115573723	0.0841641863	-0.0160039708	-0.0626315691	-0.0579268015	-0.1520138405	-0.1557674207	0.0622776464	0.0374623695	0.0150844331	-0.0234870397	0.0306777313	0.0477300448	-0.1104170312	-0.0619106444	0.0007152319	0.0277474017	-0.0568652783	-0.0895964394	0.0553625366	-0.0786827435	-0.058644377	-0.0637084163	0.0141135771	-0.0784689267	-0.0436405171	-0.0354354715	0.0331132834	-0.0070121974	-0.035389796	0.0292769892	-0.0139416999	-0.0839179489	0.0774680921	-0.0329451491	0.0958500372	-0.0789133382	0.0222193184	-0.0336511765	-0.0098913804	0.0938625296	0.0058460987	0.0392524553	-0.0101044175	-0.0188817214	0.0025638477	-0.1499198974	0.0718438089	-0.0700810503	-0.0271907008	-0.0186914266	0.0034686327	-0.0230271095	0.1356510668	-0.0377945637	-0.0970567767	0.0567959234	-0.0705650405	0.0283882645	0.0027446192	0.0444593319	0.0951733102	0.1006965358	0.1376092713	0.0011719312	-0.0565904452	0.0769287022	-0.0351503602	-0.0124817452	0.155769205	0.0067624579	0.0122650129	0.0050404901	-0.0704391579	0.0792427377	-0.0262303236	0.0116816229	-0.0436529372	-0.0357523409	0.0071189526	0.0047705516	0.0583404831	-0.0833083934	-0.051856875	-0.0898686544	-0.1268263474	0.0355783503	0.0957526837	-0.0103251907	-0.0126182824	0.0560315339	-0.0450284646	0.0809995641	0.0844056971	0.016946389	0.1037861862	-0.1092717802	0.0827598183	-0.0955621057	-0.007667639	0.0847596544	0.0073490842	0.1252480302	-0.1249788885	-0.0901692802	-0.0763485884	-0.0366225253	0.0073261108	0.0515081518	-0.1128733313	-0.1141592405	0.1015653226	0.0348809041	-0.0905887651	-0.0222478813	0.0498958049	-0.01519687	0.0363097689	-0.0063993889	0.0203446679	-0.0320261653	0.0144322286	-0.0372900407	0.0291962819	-0.0697711828	0.029123658	0.0942323028	-0.101357955	-0.0588067413	0.0762691921	0.0357002023	-0.0167394815	-0.063613111	-0.0893347099	-0.0853515751	0.0	-0.0398971246434456	-3.211836059340001e-05	0.0015917805548146	1.0315890872076703e-09	-0.0245773898767112	-0.0088158133456915	0.0006040480931518	7.771856494607239e-05	-0.0197620355706931	-2.0156275582002003e-05	0.0003905380498973	4.0627544533761014e-10	1.899104735769978e-05	-0.0002660046440398	7.07584706507408e-08	3.606598797423959e-10	-0.0002130004662959	-0.0001089884656061	4.536919864227084e-08	1.1878485635172044e-08	-8.399795978918293e-05	-1.2749689999572613e-08	1.6255459508520182e-16	7.055657248745193e-09	0.0	0.0	0.0	0.0	0.0	0.0	0.0	0.0	0.0
796.3856761603091	-0.4421148579845066	634230.1451933128	0.1954655476506605	870.1933784484863	-9.381557141817552	757236.5158955905	88.01361440518792	754.8499085083687	1.0704708247880037	1.1459077867223084	569798.3843750926	754.4918486150106	702.2125454438038	1.084981	38.617817	0.0649500269078851	0.0382315357281703	-0.0612170161	-0.0955281433	-0.1220486431	-0.102669004	-0.0550914461	0.0199542619	0.016786927	0.0176795367	-0.0462473434	-0.0541587618	0.053896075	0.0397341315	0.0252063802	-0.0757980822	-0.0335933927	0.035187877	0.0104689014	-0.1839209263	-0.0022500618	0.1001583041	0.0993516827	-0.0206963149	0.0380831892	0.083177943	0.098364449	0.058231136	-0.0454130676	0.0933507206	-0.034900456	0.0063775141	0.0185620352	0.0075449639	0.0111107132	-0.0424312549	-0.0065811421	-0.0250842974	0.0379353514	0.0378169514	-0.0507388461	0.0532082635	0.0751138652	0.0175450231	0.0441697357	-0.0307349717	0.0728445656	-0.0699421452	-0.0199586001	-0.0141132262	0.0940167312	-0.0228904312	-0.0571990449	-0.0208591017	-0.0483813843	-0.0058039191	0.1044946669	0.1181440206	0.07736783	-0.0819077492	0.0661117551	0.0310667466	-0.1292323531	0.0401937526	-0.0448123083	0.0456562233	0.0243145985	0.0209011871	-0.061011476	0.0323925149	-0.037631374	-0.0010971805	-0.016414366	0.081265308	0.0355161745	-0.0756930583	0.1044700693	0.0752701785	0.0546473007	0.0668282014	-0.0266522361	0.0561600503	-0.0228042657	-0.0520148223	0.0499485804	0.1201229975	0.0405865159	0.0039309	0.09508284	-0.0297971444	0.0987676302	0.0980174419	-0.053553567	-0.072227088	-0.049715112	0.0706881087	0.0811984301	-0.0161675586	-0.0008097667	0.0118060625	-0.1115729482	-0.0090800218	-0.0503032342	-0.00451572	0.0888875212	-0.0495420309	-0.0291580514	0.0206023418	-0.0322032067	0.0021996734	0.0674347698	0.0031445083	0.0515868848	0.0297969017	-0.0228221049	-0.0404626821	-0.003101702	-0.0955062151	-0.0034639488	-0.1005727675	0.061913689	0.0442842852	-0.0207796631	-0.0505661116	0.0876333383	-0.0916814562	0.0608007994	0.1277422251	0.0424371413	0.0513629504	-0.0090242348	-0.0297884687	0.0266233771	-0.1297319624	-0.0525591767	-0.0781415812	-0.0487662992	-0.0606009254	0.0705053597	-0.0197359324	0.0115878284	-0.0523403946	0.012971026	0.053860493	0.0440035268	-0.013493739	-0.0205256211	-0.0612037661	-0.188567669	-0.0066294862	0.0840233874	0.0340494231	0.0624945713	0.0402360901	-0.1402960892	-0.0006805772	-0.0230893622	0.0598740164	0.0475533532	-0.0028808346	0.0946358412	0.0543480393	0.0402367606	-0.061819603	-0.1295435464	0.1124554108	-0.05740072	0.0045570527	0.0668725595	-0.0135967992	-0.1121819662	0.0669092953	-0.0376532893	-0.0564748463	-0.0588959921	0.0601109526	0.0194161501	0.0401562765	0.0033834315	-0.0459009875	0.0747491451	-0.0147016127	0.0610780501	0.0755986879	0.033473914	-0.0202719962	-0.0669800789	-0.0904346925	-0.0824931004	0.0	-0.0485198530059136	-0.0086227283624679	0.0023541761357154	7.435144441291002e-05	-0.0322863652949081	-0.0077089754181969	0.0010424093839562	5.942830199836408e-05	-0.0449268612880615	-0.0251648257173683	0.0020184228651967	0.0006332684533855	0.0004879909478722	0.0004689999005145	2.199609066826111e-07	2.381351652052082e-07	-0.0002130205756898	-2.010939389998829e-08	4.5377765667213814e-08	4.043877230248863e-16	-8.39480215005454e-05	4.9938288637527096e-08	2.493832672044968e-15	7.047270313856034e-09	0.0	0.0	0.0	0.0	0.0	0.0	0.0	0.0	0.0
796.8903522669149	0.504676106605757	635034.2335360877	0.2546979725787454	878.219351372352	8.025972923865652	771269.2291248746	64.41624137462456	754.5968831606516	-0.2530253477170845	0.0640218265873515	569416.4560757701	756.0663379669189	692.327886578544	1.321416	47.033257	0.4020341154861804	0.2553072249453138	0.0893211502	0.1544279811	-0.0138571708	-0.0357158899	0.0741590375	0.0345765477	-0.0222933234	0.0467720951	0.1101282546	-0.0266634073	-0.1320771587	0.0983581905	-0.1478848255	0.0665402037	-0.1004262607	0.157862611	0.1415872584	0.0611651187	0.0841100636	0.0023464369	0.0140039825	-0.004533605	0.0392577011	-0.1388674287	-0.0436420517	-0.0197052955	-0.0638136715	0.077626806	0.1333878317	-0.0573768733	0.021605468	-0.0102054832	0.028333957	0.0171289876	-0.061045687	-0.0670726212	0.0222433183	-0.0555960535	-0.0045940423	-0.029080515	-0.0196786693	0.013903539	-0.0457312621	-0.0045157884	-0.0405098031	0.0859798621	0.021539046	-0.0653908166	-0.0455401802	0.0341800288	0.0669172174	0.0081159483	-0.0666495075	0.0064661965	-0.013414459	0.0375728135	0.0364489357	-0.051993092	-0.0438275955	-0.0433950734	0.0585440588	-0.0685918298	0.0307604424	0.0525129899	-0.0448444928	0.0601435322	0.042774915	0.100191866	-0.0729404774	0.03862448	0.0733340406	-0.1008733209	-0.1434195195	0.0546729347	-0.0876802997	-0.030604356	-0.070126897	-0.0532591291	0.0393025143	0.0278817027	-0.0882373652	0.0589282894	-0.0830326756	0.0219778475	0.0873364009	0.0231696179	0.071433945	-0.0035325528	-0.1072824319	0.1749193754	0.0698090214	0.1306064296	0.0348665347	0.0114482707	0.0638769036	-0.0557160006	-4.10309e-05	-0.1973500008	0.1016276607	0.0113860361	-0.0392186653	0.0369720598	-0.0285179581	-0.0573477686	-0.0313670144	0.0164658882	0.0144170115	0.0203013481	0.0230676856	-0.005078483	0.0696901378	-0.0325540297	-0.0291140763	-0.0461418031	-0.0249177924	0.1443384079	0.0367196598	0.148348693	0.0246771333	-8.69953e-05	-0.0468409505	0.009431778	-0.0363845081	-0.0745524137	-0.0985421954	0.0347777902	0.0869260192	0.0652900528	0.0255200097	-0.131544516	0.0280737798	-0.0150842942	0.0821606363	-0.0146405612	0.0473655015	0.0372768789	-0.0780603437	0.0747697303	-0.1277511016	-0.0437002245	0.0177398658	-0.0248638855	0.108558093	-0.0235765674	0.0694390382	-0.0152521884	0.0122351079	0.0120422937	0.1291735802	-0.1575144388	-0.0390367957	-0.0461257133	-0.0340474566	-0.0651096354	0.1886471862	-0.0714925649	-0.0995516364	0.1074592634	-0.0784036362	-0.056921215	-0.1449347965	0.0917924622	-0.0245898368	0.0281023351	0.0170462876	-0.1324675133	0.0100770618	0.032309117	-0.0644147123	0.0487639697	0.1761325776	-0.0862850588	0.0043467361	0.0853480171	0.088857655	-0.1627840227	0.1134811528	-0.0840994197	0.0746229884	-0.0391356662	0.0080762598	0.0749151215	0.0312244919	-0.0237729909	-0.07016192	-0.0911441736	-0.0791217655	0.0	-0.0593481602593044	-0.0108283072533908	0.003522204126164	0.0001172522379738	-0.0232444535249669	0.0090419117699412	0.0005403046196743	8.175616845540122e-05	-0.2024140777028122	-0.1574872164147507	0.04097145885228	0.0248022233340665	0.0041448541903812	0.003656863242509	1.337264877441344e-05	1.7179816259520597e-05	-0.0005347437557423	-0.0003217231800525	2.859508843053806e-07	1.0350580458309333e-07	-0.000598895199901	-0.0005149471784004	2.651705965425896e-07	3.586754604644587e-07	0.0	0.0	0.0	0.0	0.0	0.0	0.0	0.0	0.0
797.0473121132885	0.1569598463736383	635284.4177470179	0.0246363933736361	878.1018196399395	-0.1175317324124307	771062.8056549729	0.0138137081238672	754.2185562354439	-0.3783269252077161	0.1431312623371248	568845.6305698775	754.8574133936564	704.6070676835234	1.138469	40.521606	0.1676807311131379	0.0924863925959333	-0.0081370516	0.1429130841	0.0107578772	-0.1417267091	0.0102730233	-0.1429250981	0.0674646994	0.0313322019	0.1158944598	-0.0874953189	-0.0236996064	-0.0049589075	-0.011382998	-0.0092973229	-0.006653366	-0.0122313221	0.0641612031	0.1105370611	0.0248695028	-0.1506731114	0.0342990126	0.0491080369	0.0251846395	-0.1552243567	0.0454006637	-0.1585539135	-0.0331128722	-0.018054279	0.0217057022	-0.0337048666	0.0043483375	-0.0625318794	0.0844204564	0.0115105211	0.0056586452	0.0135916553	-0.0551301454	0.0641586033	0.0790805578	0.0794662132	-0.0058519042	0.0785184387	-0.0835620881	0.1037989752	-0.0276790722	0.0356105815	-0.048443186	0.0546165051	0.0295225026	-0.0914930297	0.0743839559	0.0250532685	0.0012719287	0.0478584049	0.0150904029	-0.0562827001	0.0481211795	-0.0087621764	0.022521243	0.0189951548	-0.0302402188	0.014644047	-0.077240054	-0.0781336174	-0.0836500609	0.0624452505	0.0088917446	-0.1174849598	0.0064225715	0.0589469932	-0.0106859502	-0.0403466968	-0.0764582575	0.0130934501	0.0991559303	-0.0752747039	0.0346032412	-0.0199934007	0.0741997898	-0.0180259066	0.0281515348	-0.0944060805	0.029221917	-0.0067653916	-0.0008712585	-0.0622606854	-0.0337483377	-0.0340822309	0.0701141675	0.0147103181	-0.0716377459	0.1648703433	0.0127939191	-0.0384329647	0.0625826284	-0.0181714219	0.0398684125	-0.0737942703	0.0097725895	-0.0598469066	0.0020429161	0.0512636015	-0.1088507642	-0.0008384538	-0.0315285832	0.0140956221	0.0761339827	-0.0459868483	-0.1491293003	0.0206868199	0.0044875059	-0.0036703526	0.1189163728	-0.0392362769	0.0144978671	0.003794354	-0.0010050512	-0.0507146713	0.0878814381	0.0264740215	0.0528660205	0.0936455318	-0.062026895	0.0206974916	-0.0309993695	0.0177522717	-0.0224740955	-0.0185257136	-0.0771875867	0.0241874213	-0.0321856277	-0.1060414171	-0.0354702777	0.0449586446	0.0601470023	0.0212523861	0.0026496485	-0.0144959696	-0.0104916364	-0.0228321335	-0.0750987554	-0.0207313844	-0.0867762996	0.0038986899	-0.0462807844	-0.0124005572	0.0341422246	-0.009542634	-0.0551924209	-0.060345	0.0997614321	-0.0245445348	-0.038260448	-0.0313047113	0.0568704027	0.0146439833	0.0698923467	0.0523903233	-0.1602475682	0.0594942077	-0.2280346149	0.0491892023	0.0415365638	-0.0783478143	0.047490172	0.028260435	0.007389643	-0.052008609	-0.0029045391	-0.0117133769	0.0172283664	0.0488952292	0.0972076401	-0.0710084961	0.0422998718	-0.1143274378	0.11501251	-0.0116280857	-0.0322181147	-0.031218149	-0.1132821339	0.0742186113	0.0289534907	-0.0272370221	-0.0731498398	-0.0914600897	-0.0752585301	0.0	-0.0687705832381624	-0.009422422978858	0.004729393118917	8.878205479251129e-05	-0.0213148270021577	0.0019296265228092	0.0004543218501319	3.723458517528733e-06	-0.1521411161902364	0.0502729615125757	0.023146919235611	0.0025273706592449	0.0055746534100063	0.0014297992196251	2.044325808440545e-06	3.107676064169487e-05	-0.0011927728415945	-0.0006580290858522	1.4227070516454182e-06	4.33002277827482e-07	-0.0006321812964016	-3.328609650060004e-05	1.107964220247258e-09	3.996531915200076e-07	0.0	0.0	0.0	0.0	0.0	0.0	0.0	0.0	0.0
794.3152661873739	-2.7320459259145764	630936.7420983188	7.464074941306435	864.3690460791954	-13.732773560744135	747133.8478198582	188.58906967067315	754.9758908417122	0.7573346062682731	0.5735557058515203	569988.5957522369	754.1872874832153	674.3115925278239	1.136441	40.449429	0.1652866627587743	0.1158611458327516	0.0546200735	-0.056676912	-0.0385738227	-0.1399220731	0.0863440893	-0.029449555	-0.0560393314	-0.0686719761	-0.0071271605	-0.1096184509	0.0605617831	-0.0480895135	-0.0080922319	-0.0097642974	0.0031607783	-0.0757662984	0.0213905701	-0.1927693916	-0.0091619392	-0.1335530203	-0.1244985371	0.0604352898	0.149959415	-0.0340231843	0.0181843177	0.0357283091	-0.0608538334	0.0614030793	-0.0499496208	-0.0778591788	0.0797587894	-0.1284847403	0.0977579953	0.0968326231	0.0785009601	0.1450709933	0.0265287754	-0.0472144588	-0.0835905865	-0.1008252133	0.0338244534	0.0370854453	0.1209024195	0.0539069806	0.0473077843	0.0426280025	-0.0570035386	-0.0305730845	0.0518570105	0.0746367886	0.0714386597	0.0182465195	-0.0164955584	-0.0038848686	-0.0506939042	-0.1010491731	-0.0022900332	-0.0595601137	0.0757760714	0.0711438125	-0.0573386523	-0.0554470709	-0.0128385185	0.0574930807	0.0440761613	0.0166481405	-0.0607906728	-0.004372763	-0.0519236715	-0.0654888245	0.0208078694	-0.019061571	0.0463922795	-0.0011130215	-0.1249168679	-0.0364295453	-0.0564273098	0.0733929439	0.0155415521	-0.0074763504	-0.0421944359	0.0416796598	0.0692008471	-0.052469213	0.0592621537	-0.0135360333	0.0081019266	0.0446458355	0.0221225345	-0.2123536214	0.0248265687	-0.0025160511	-0.0750076274	-0.0038160428	0.1240552443	-0.0222587645	0.0516614413	-0.0191855399	-0.0735482851	-0.0907813885	0.0511242748	-0.0954664702	0.0222993231	0.0425228493	0.0415656604	-0.0344582339	-0.0645976114	0.1142016471	-0.1151873482	0.0619826477	0.0173573156	-0.0013604244	-0.0174067173	0.1039990663	-0.0431054452	-0.0198410171	0.1194238999	0.0005707593	0.0628982292	-0.043710677	-0.0360058229	0.1234865583	-0.104770138	0.0361869387	0.0971161781	0.0649025176	-0.0572697101	0.0011302154	0.0908713559	0.0321591933	-0.0327646163	-0.0045990179	0.1393781952	-0.0026181528	-0.0497625364	-0.0393467597	0.0937782566	-0.0231226177	0.0605443661	0.0012509261	0.0772813855	-0.0329458218	-0.0543785052	0.0117309824	0.0976630134	0.0730037281	-0.0030939039	0.0284607907	-0.0102156929	-0.0238546338	-0.0601829655	-0.1063351987	-0.0360644197	-0.0254110435	-0.0975662941	-0.0890362851	0.0118408903	0.09383405	0.0316135379	0.0199568862	-0.1756519043	0.0284685283	0.0200291216	-0.0246998992	0.0323566339	0.0372054508	0.0524378045	-0.0922145408	-0.0563718483	-0.0003275527	-0.0091491619	0.0188746759	0.0085773618	0.0863923371	-0.0400866545	0.0208154604	0.1092308449	-0.045114508	-0.0128883401	0.1863542147	0.0723185663	0.0735092774	0.0266624798	-0.0306587036	-0.07593558	-0.0913810765	-0.070927412	0.0	-0.0652571093779954	0.0035134738601669	0.0042584903243716	1.2344498566076774e-05	0.0264053997751716	0.0477202267773293	0.0006972451372866	0.0022772200436797	-0.1427271181062934	0.0094139980839429	0.0203710302429278	8.862335992448244e-05	0.003633051512582	-0.0019416018974243	3.769817928081644e-06	1.3199063293074358e-05	-0.0012298623974673	-3.708955587279996e-05	1.512561516704015e-06	1.37563515484155e-09	-0.0007462691238512	-0.0001140878274495	1.3016032372169696e-08	5.569176052136376e-07	0.0	0.0	0.0	0.0	0.0	0.0	0.0	0.0	0.0
794.8311181494425	0.5158519620686093	631756.506378693	0.2661032467700339	873.8284074930044	9.459361413809006	763576.0857417602	89.47951835705872	754.5890581345267	-0.3868327071854764	0.1496395433484445	569404.6466563521	754.1277369689941	694.9536966666197	1.084807	38.611599	0.0874845180495148	0.0471375522165515	0.1134219131	0.0906964303	-0.0572746561	0.0018810563	-0.013879696	0.0389454596	-0.0739087315	0.0271388261	-0.0274146157	-0.0604193542	-0.1160841143	0.0541821814	0.0093192742	-0.062258841	-0.0513359814	0.0197558912	-0.0033148098	0.0317582488	0.1097402876	-0.0614207802	-0.1548758585	0.0758793997	0.1190775736	-0.0724220596	-0.0994150818	-0.0055129195	-0.0103566839	0.0751345974	-0.0169116253	-0.0778440726	0.0734522247	-0.0871857673	0.0204806054	0.0065686703	0.0217761977	0.0299481962	0.0451681375	0.0179396444	0.013661886	-0.0492676377	0.0822677121	-0.0141598808	-0.0667333231	0.0987998612	-0.0229149885	0.2099527566	0.0293556315	-0.0687880119	-0.0047030649	-0.0297228569	-0.0460996601	-0.0698221503	-0.0425289234	-0.0877277569	0.0446965176	0.0058187013	-0.0715053124	-0.0511681465	-0.0044454473	0.0174761779	-0.0304408544	0.0140653745	0.0133971993	0.1098835055	-0.0668058215	-0.0831947915	0.0047178394	0.0412600219	-0.1441986146	-0.0481094857	0.1110779513	0.0191852986	-0.0397524984	-0.0442471359	0.0040375042	0.1423684698	0.0276799202	0.0443938777	-0.044442054	0.0363234117	0.08594656	0.0054631407	-0.0523733171	-0.1678149427	0.0552763761	-0.0561969376	0.0136410036	0.006756421	0.1573640185	0.0207602158	0.0715351011	0.0420172656	0.0576183183	-0.0486367946	0.1100789457	-0.0716154967	0.0296339361	-0.0632963879	-0.0121770119	-0.0907781961	-0.0103687405	0.0128202821	-0.0028127164	0.0367514141	-0.0402936658	-0.0895068694	-0.0784069373	-0.0251126477	-0.0258761139	0.1136914694	-0.0084421964	0.0224836037	-0.0044671221	-0.0678483002	-0.0317529557	0.0719128982	0.0879190349	0.1205107066	0.1730461886	-0.0842296273	0.0344021555	0.0082985185	0.1554741843	0.0885515353	0.0144338066	0.0709034575	0.0191715405	-0.0250517806	-0.0478772296	0.0092124635	0.0779283996	0.0046642064	0.0891600594	0.0121298209	-0.1055152187	-0.0531895907	0.0030330042	0.0385351103	0.0136221562	0.0524195656	0.0016715151	0.0008118419	0.0553043921	-0.0453206715	0.0635132106	-0.1025193166	-0.0084238425	-0.057130753	0.0462120051	0.010060232	0.0132296639	-0.0302030052	-0.1517057871	0.1845850348	0.1210501827	0.0658493393	-0.0083328942	0.0319391035	-0.0515691236	-0.1079662818	-0.1503339197	0.0295547809	-0.0495620787	0.0111395658	0.0812941217	0.0312560412	-0.1315360542	0.0291376323	0.0737291426	-0.1124252301	-0.1046028063	-0.0763836515	0.0231190019	0.0587582162	0.0267698016	0.0072856346	-0.0611298119	-0.1036932935	-0.0976590208	0.008118118	-0.0365619059	0.0727872424	0.0243530426	-0.0340327152	-0.0785114412	-0.0909074754	-0.0661553376	0.0	-0.0590328968066984	0.006224212571297	0.0034848829053903	3.874082213269173e-05	0.0229320113635935	-0.003473388411578	0.0005258771451799	1.2064427057685027e-05	-0.1056754862354836	0.0370516318708098	0.0111673083911058	0.00137282342429	0.0033202409653489	-0.000312810547233	9.78504384602713e-08	1.1024000067980996e-05	-0.0008180925133809	0.0004117698840863	6.692753604498781e-07	1.695544374405272e-07	-0.0006561438512541	9.01252725971e-05	8.122564760701582e-09	4.305247535385625e-07	0.0	0.0	0.0	0.0	0.0	0.0	0.0	0.0	0.0
793.6605268094933	-1.1705913399492829	629897.0318155224	1.3702840851642577	873.410751592196	-0.4176559008084268	762846.3409968447	0.1744364514800984	753.4794330872736	-1.1096250472530755	1.23126774549139	567731.2560855192	752.8793069203695	672.1486360541296	1.065842	37.936577	0.0950035646872896	0.0454560946659887	-0.0420391067	0.1217274232	-0.0122282101	0.1024737065	0.0329757768	-0.0672396586	0.0480680582	0.0453033308	0.0201157992	0.033603743	-0.0482537371	-0.0322769144	-0.0440949707	-0.0407298655	-0.0124151921	-0.0839161199	0.0158907288	0.0872829456	-0.003980737	-0.0246874459	-0.063754255	0.0454292372	-0.0104214029	-0.0226139515	-0.0761107189	-0.1152788499	-0.0777765052	-0.0085643267	0.1320803172	-0.0952945477	-0.0761562042	-0.061095051	-0.0050789342	-0.0433726221	0.0384594479	0.0065977008	-0.0516901499	-0.0787457286	-0.0467845985	-0.0635356325	0.0395510313	0.0478440145	-0.0047759432	-0.0490683135	-0.0447826178	-0.0642092439	0.0942322538	-0.062360421	-0.0786352284	-0.0056569214	-0.0780900664	0.0218360824	-0.0669998534	0.0226181251	-0.0296744757	0.0216450519	0.0984229383	0.0206915631	0.017522577	-0.0799547607	-0.0888188029	-0.0161535302	0.0909030342	-0.0909139467	-0.1553332287	-0.0002574487	-0.1118446316	-0.0258129466	0.0462279753	-0.0089463389	0.0631298826	0.1779392677	-0.0512134994	-0.0244905962	0.0170469614	0.0324097362	0.0538571479	-0.0988601826	-0.0136093618	-0.1386008627	-0.0134607387	0.00649412	-0.0349375269	0.0248427669	-0.0611166631	0.0484702272	-0.0409668541	-0.0191462227	0.0877779972	-0.0070311047	-0.0446578791	0.0408047353	0.115996813	-0.0029743466	0.0334453753	0.0800951648	0.1117920094	-0.1047381164	0.095024108	-0.0870059922	0.0392703083	-0.1255595048	-0.0547077365	0.0162373983	-0.0468901674	-0.0337854018	0.0538430131	-0.0136148329	0.0691959816	0.0314736707	0.0105357781	0.0280598088	-0.0503209992	0.0453633719	0.0622373398	0.0709987659	0.0120117437	-0.0259571021	-0.0323861624	-0.0037824809	-0.0265540728	-0.1146538569	0.0257617125	-0.0006552551	-0.0112292918	0.055396122	-0.1764703406	0.0460577717	-0.2126725769	-0.0428017206	0.0017114625	0.1118387011	-0.0186925207	-0.0190432329	-0.0830042596	-0.0005083398	-0.0365105933	0.0002809243	0.0683504538	0.0271079439	-0.1410741134	-0.0522614163	0.0085829556	-0.0495270376	-0.0220814969	-0.0378700367	-0.0190029059	0.0087226968	0.0385670037	-0.0003781436	-0.0175338143	-2.10418e-05	0.07655668	-0.0702767374	0.0457381279	0.0608522528	0.1115108155	-0.0417929651	-0.1111443855	0.0150795713	-0.084497881	0.032314801	-0.0764956248	0.0113247933	0.0749972308	-0.102707256	-0.1215162949	-0.0516852386	-0.0038128834	-0.0845640317	-0.1087043155	-0.021876971	0.0349656156	0.0603698132	-0.1198427729	0.0264649157	-0.0454776311	-0.0369642926	-0.06744744	0.0121513926	0.0056492834	0.0720526312	0.0220267751	-0.0373538109	-0.0808703038	-0.0900413312	-0.0609719752	0.0	-0.0593345508610383	-0.0003016540543399	0.0035205889258811	9.099516849970297e-08	-0.0035938521040748	-0.0265258634676683	1.2915772945962866e-05	0.0007036214327053	-0.0855976113660972	0.0200778748693864	0.0073269510715814	0.0004031210592707	0.0028964128114571	-0.0004238281538918	1.7963030403133142e-07	8.389207174372822e-06	-0.0008962862599499	-7.819374656899993e-05	8.033290597749796e-07	6.114262002496988e-09	-0.000196202305797	0.000459941545457	2.115462252374656e-07	3.84953448000595e-08	0.0	0.0	0.0	0.0	0.0	0.0	0.0	0.0	0.0
796.7899499631992	3.129423153705943	634874.2243623575	9.793289274950853	876.8618882986216	3.4511367064255865	768886.7711506243	11.910344566438043	754.7347879208235	1.255354833549859	1.5759157581169942	569624.6000978904	754.7703372828165	690.6897313274769	0.999316	35.568737	0.0858746343905658	0.048225661485921	-0.0721842533	0.0522799545	-0.0196618215	-0.0504774425	-0.0255350876	-0.0422739583	0.0398905943	0.0463701725	0.0468773582	-0.0205198463	0.0680912979	-0.0522049903	0.0005199624	-0.1985955345	0.0294848463	0.0221013904	0.1381868029	0.0082991969	0.0187587101	-0.0018285209	0.0115314517	-0.0016077105	0.0260798938	-0.0765577676	0.1038055272	-0.0279427452	-0.0071892591	0.1121184404	0.0729358857	0.0340035302	0.0081327109	-0.0659871001	-0.0911495836	0.0067225568	-0.0361016269	-0.0061064887	-0.0044500312	-0.1164976349	-0.0627517457	-0.0802689405	-0.0190544369	-0.051256076	0.037126207	-0.0337369967	0.0845722957	-0.1186214201	0.060713458	-0.0132283827	-0.0751064907	0.1183070812	-0.1008189618	0.0277055021	-0.0030183729	0.0132493876	0.0144793655	-0.100728812	0.1150584398	0.0670630771	-0.0675649503	-0.0092803601	-0.0802566274	0.0914588201	0.0057201312	0.0780277872	0.072418583	-0.0996217056	0.0134020529	0.0545171043	0.0253186988	0.0154429407	0.0510687261	0.0008486184	-0.044907013	0.0140732707	0.1167494429	-0.0687173747	-0.0222721436	-0.0596059744	-0.0030810477	-0.0939674986	0.0389816173	-0.0345863584	0.0701027123	-0.0620634541	-0.0267530434	-0.0591444837	0.0723310342	0.0313675162	-0.0052535846	-0.0307347277	-0.0689025839	0.0641398553	-0.0608331576	0.0504109029	0.0583873103	0.0156808794	0.1057835177	-0.0727400979	0.0085175993	0.1248959335	0.0036448433	-0.1044943341	-0.0129917585	0.0074238627	-0.0013514795	-0.0159064954	-0.1191986376	0.0617946286	0.0560210107	-6.9239e-06	-0.0396356535	0.0405197696	0.015968513	0.1787415221	0.0511788175	0.0012819807	-0.0864705342	0.0267343053	0.022404023	0.0963442585	-0.0202640931	-0.0472814697	-0.0441126614	0.1132513612	-0.025572181	-0.0159045512	-0.0671164097	0.0484890661	-0.0376457639	-0.0188753447	0.0838459417	0.1213119943	-0.048928626	-0.0261779682	-0.0270670276	0.0188332252	-0.0394533054	-0.1722069052	0.0123248614	0.0612639417	0.0900719339	0.0889478641	-0.0397510337	-0.040390822	-0.0737726046	-0.0435838389	-0.0400948392	-0.0260551256	-0.0356030757	-0.042879572	0.0393068806	0.0697330968	0.0526666694	0.0304496243	0.0312296305	-0.0788924298	0.0194201978	0.0273614191	-0.0332154426	0.0804311109	-0.0994447937	0.0747872376	-0.0746206486	0.0611927202	-0.0401337903	-0.0565688285	-0.0788037417	-0.0737649617	0.0340970924	-0.0354794672	-0.1509432525	0.0440790668	0.0088542441	0.0346397896	-0.0433123684	0.0305459736	0.0161200414	-0.0669980465	-0.0311602936	0.021289836	-0.024889194	0.0713055705	0.0196852849	-0.0406168267	-0.0830056482	-0.0887863842	-0.0554095495	0.0	-0.0593548640100607	-2.031314902239956e-05	0.0035229998816527	4.1262402320621206e-10	0.0032029301280687	0.0067967822321435	1.025876140529018e-05	4.6196248711181576e-05	-0.1253368898978522	-0.0397392785317549	0.0157093359692663	0.0015792102582244	0.0027869065056834	-0.0001095063057736	1.1991631004203053e-08	7.766847871420459e-06	-0.0004510971323246	0.0004451891276253	2.0348862279147765e-07	1.981933593557757e-07	-0.0004278720819509	-0.0002316697761539	5.3670885183198136e-08	1.8307451851299768e-07	0.0	0.0	0.0	0.0	0.0	0.0	0.0	0.0	0.0
796.9813767371761	0.1914267739769002	635179.3148658846	0.0366442097952032	875.4234764979436	-1.4384118006779545	766366.2632037457	2.069028508329596	755.0914121294711	0.356624208647645	0.127180826193559	570163.0406716788	755.6248518753051	691.5489108228036	0.979593	34.866718	0.0784667631307142	0.0410414775399311	-0.0209722459	0.0373231468	-0.0489815117	-0.0369465971	0.0236296439	0.0706834792	-0.0707795175	0.0401276286	0.0455087073	-0.0110152478	0.0167758163	0.0109717489	-0.0704140397	-0.0906516158	-0.0234769858	0.1557021652	0.0883444552	-0.0160347274	-0.0416576556	-0.0310083974	-0.0630364114	0.004905641	0.0803148242	-0.0473453248	0.0335125756	0.0187975087	0.0282813253	0.0547885568	0.1359489402	-0.0389496235	0.1081806677	-0.0560375706	-0.0117301473	-0.011912373	-0.0265583794	-0.0427868734	0.2067105431	0.0765938877	-0.0052697413	-0.0441542113	0.0174509208	0.1290427659	0.0525365118	-0.0262943526	0.0573859362	0.0446003468	0.0113308319	-0.0444468712	-0.0068039376	-0.0927018778	0.063931211	0.0354342632	0.0635968719	0.0462181683	-0.0314397179	-0.0314959259	0.0226912626	0.1246700099	-0.1504317582	-0.034759905	-0.0519487843	0.0217094526	0.0620392091	-0.0644910193	0.0062248522	0.0165300432	0.0734852907	0.0271476015	-0.0288674642	0.0411554266	0.0127046773	-0.0654178994	0.0762347848	0.0239285718	-0.0277100318	0.0110543224	-0.0259610331	-0.0803190709	0.057464825	-0.0146205309	-0.0021647041	-0.0038888168	0.0615079787	-0.0590371633	0.0736560068	-0.0977417652	-0.0631601086	0.0003706273	-0.0359122674	-0.0641216564	0.0225295063	0.038820198	-0.0065932236	0.0718523029	0.0429556239	-0.0611941799	0.0020876081	-0.14947744	-0.0666314999	0.104120713	-0.1219138325	-0.0286454455	0.0882831161	0.0477194883	-0.0618034282	-0.0141915183	-0.046272943	0.0445995202	0.0669542169	-0.0141210023	-0.1016907616	-0.1043823912	0.1069273647	0.0534967988	0.0862995148	-0.0221331412	0.0871612415	-0.0037301956	0.0335193367	-0.1200866694	-0.0736453208	0.0428861198	-0.1037991593	0.0081705974	0.0310364159	-0.0180687831	-0.0756551863	-0.0866860092	0.0199458969	-0.0215245469	0.0435768891	0.0136426051	-0.0204822333	-0.039967735	0.0847670642	0.0149808672	0.0040093291	-0.0365658301	0.0554156988	-0.000878915	-0.0732341803	-0.0230981949	0.024808045	-0.0103513975	-0.0561313349	-0.0366284106	0.102431338	-0.0213728792	-0.1408328113	0.019634782	0.0351432896	-0.0121321623	0.0483177381	0.0384929165	-0.0799028712	0.0018729104	0.0127796331	0.0738481484	0.013433255	-0.0117515639	-0.0788854047	0.1205324849	-0.072913092	0.0871630566	0.0161753871	-0.0216548892	-0.0393915523	-0.0862796097	0.1208101324	0.0094250056	-0.0541330045	-0.0357814	-0.0979466909	-0.0853718633	0.023172264	0.0196910173	0.1572789474	-0.0155854657	-0.0509520151	0.0202565989	0.0286819345	0.0705461896	0.0173301903	-0.0438166893	-0.0849115724	-0.0871480531	-0.0495026423	0.0	-0.0593901694801388	-3.530547007810081e-05	0.0035271922308796	1.2464762174356716e-09	0.015602784228804	0.0123998541007353	0.0002434468756906	0.0001537563817195	-0.150112433076373	-0.0247755431785208	0.0225337425641085	0.0006138275397907	0.0033208360493891	0.0005339295437057	2.850807576417771e-07	1.1027952066922208e-05	-0.0005375511856955	-8.645405337090006e-05	2.88961277242638e-07	7.474303344258436e-09	-0.0006326096925019	-0.000204737610551	4.1917489174132965e-08	4.001950230473485e-07	0.0	0.0	0.0	0.0	0.0	0.0	0.0	0.0	0.0
794.8562565168286	-2.125120220347526	631796.4685239464	4.516135950929917	868.5894392747146	-6.834037223229075	754447.6140195631	46.70406476848056	755.3277642204446	0.2363520909734688	0.0558623109075309	570520.0314022555	755.0358880869547	677.8260937369967	1.011528	36.003384	0.1388248355635866	0.0806621205413859	-0.0184523182	0.0958702047	-0.0234673287	-0.0310312063	0.1223607993	0.1019748676	-0.0532949382	0.1314017112	0.026055282	-0.0598137612	0.0024397831	-0.0431367855	0.0004621231	0.1811116477	-0.0135270336	0.0691633427	0.0897858917	-0.0098654606	-0.0375740701	-0.0397077591	-0.0491669604	-0.0197824939	-0.0169528346	-0.0315892818	-0.087291745	0.0323113828	-0.0130847159	-0.0249577506	-0.0159249281	-0.0693047886	0.1195513413	-0.0220103137	-0.027933556	0.0106855229	0.0381992613	-0.0328092818	0.0177379322	-0.0971205209	0.1029225638	0.109666343	-0.0728462629	-0.0334343813	-0.0247849996	-0.0658042487	0.0498296787	0.0162299552	-0.0659187199	-0.1351487195	-0.0403961682	-0.0370710525	0.0572862289	-0.0368720909	-0.0798278938	0.0412646974	0.0443873715	-0.0014129973	0.0235109406	0.0735690173	-0.0033204609	-0.0452169162	-0.0087392346	0.0566180297	0.0528617694	-0.0248455926	0.0007716118	-0.0603924293	-0.1359749429	0.0105529468	-0.0567000652	0.0217386282	-0.0174595518	-0.0430979286	0.00988748	-0.0227942524	-0.0816184675	-0.0488555995	0.0450619197	0.0715068938	0.0416551325	0.0206540296	-0.0206595329	0.1634492282	-0.0084158149	-0.0223473855	0.064566806	0.2787594407	-0.1198478694	0.042673788	-0.0313043518	0.0274852655	0.0711356529	0.0344126459	0.0856900183	0.0757509949	-0.0111297665	-0.067631361	-0.0389782684	0.0153792675	-0.0681108036	-0.0471584889	-0.0460370631	0.0787872737	0.0047705367	-0.0114596729	-0.0243442776	-0.0420650182	-0.006313404	-0.068097907	-0.0989593612	-0.1063907511	-0.0984950529	-0.011520485	-0.0193572972	0.0761443951	0.1481301088	-0.0782757347	-0.0780010798	0.1585880677	-0.0832462765	-0.0175904472	0.0035077593	0.0840586918	0.011870913	-0.0596165963	-0.0116830754	0.0010693632	-0.0118363357	0.043599048	-0.024988094	-0.104433544	0.0618550394	-0.0250138363	0.1040511191	-0.0947570514	-0.0368599154	-0.0611581039	-0.0256442469	-0.0926201041	0.0911276692	-0.1374238363	-0.0149379639	-0.1249410722	0.0473726064	0.0881846316	0.0755156415	-0.0709679309	0.0119910589	-0.0395605842	0.0461230045	-0.0205342049	-0.1406694742	-0.0141626106	0.044836798	0.0909960656	-0.0131947118	-0.0474858822	0.0397782701	-0.0016041252	-0.0566012058	-0.0638919797	0.0022772075	0.1258049369	0.0009020259	0.0022195277	0.1221159455	0.076528988	0.0035848788	-0.0539052147	0.1244755428	0.018606621	0.0125780464	0.0906748793	0.0771856728	0.0264942417	0.0998252971	0.0546208719	-0.0286672207	-0.1388668183	-0.0484206157	-0.0531160863	0.0647945133	0.0697746196	0.0149631188	-0.0469484232	-0.0865828087	-0.0851334125	-0.0432879769	0.0	-0.0595056935035671	-0.0001155240234282	0.0035409275593404	1.3345799989062353e-08	-0.003607903644891	-0.019210687873695	1.3016968710817762e-05	0.0003690505285805	-0.0940051542626747	0.0561072788136983	0.0088369690279492	0.003148026735878	0.0023268542786436	-0.0009939817707455	9.8799976057436e-07	5.414250834042028e-06	-0.0006420404265716	-0.000104489240876	4.122159093522421e-07	1.0918001458863631e-08	-0.0004632538070682	0.0001693558854337	2.8681415931032533e-08	2.1460408976318107e-07	0.0	0.0	0.0	0.0	0.0	0.0	0.0	0.0	0.0
794.3475285120103	-0.5087280048182947	630987.996053139	0.2588041828864029	871.9736705486591	3.384231273944579	760338.0821301015	11.453021315544548	753.5276799186053	-1.8000843018393198	3.2403034937283515	567803.964403516	753.142936706543	685.6037657149417	1.123445	39.986862	0.0347214685676663	0.016313909886945	-0.1294616662	0.0079242497	0.0694473429	-0.0260555248	-0.0779258746	-0.0151040016	0.0991315216	0.0849309807	0.0174489915	0.0414284366	0.0593328591	0.0952076754	0.0620164729	0.0379328991	0.0796531985	-0.1027197748	0.0193357351	-0.0664472993	0.0031364164	-0.0131105665	-0.1365028432	-0.0297963133	0.0261075016	0.0040866158	0.0618697924	-0.0460320179	0.0571191988	-0.0834395333	-0.1140891091	-0.0051634211	0.0330110293	-0.0424099993	0.0017064407	0.1014324464	0.0301395722	0.0240048633	-0.0962505979	0.0675320757	-0.0891379029	-0.0676947983	-0.0368700498	0.0205018324	0.0219945553	-0.001972679	0.0067823356	-0.0815407721	0.128712839	-0.0244607964	0.0330313073	-0.1449551781	-0.0572930206	-0.0377252395	-0.0059790443	0.1038564301	-0.0386332211	0.1540190027	-0.1318741091	-0.0526914823	0.0222735479	-0.0401656401	0.032908839	-0.051709357	0.0205128861	-0.0066785995	0.0027803934	0.1274801589	0.0143052855	-0.1183639121	-0.0028232801	-0.112029906	0.0263491262	0.0755830596	-0.0225250584	-0.0274778145	0.0103392822	-0.1327137487	-0.0418990677	-0.0125901814	0.0653653891	0.0967335973	0.0924360716	0.0570988221	0.0306240536	-0.1395891621	-0.039304587	0.14660923	0.0417820386	-0.1132716913	0.0894294994	-0.0719542356	-0.0996262258	0.013019971	0.0021110855	0.0354925023	-0.0455099392	-0.0751201018	0.0069903323	0.0669880075	-0.0470972617	-0.0986138498	0.1049878269	0.0392905773	-0.0355235763	-0.072552256	0.0962363209	-0.0713106833	-0.0104803832	0.1648644469	-0.0125274055	-0.0010646262	0.0037912249	0.003831865	-0.066824067	-0.0015953153	-0.0147404713	0.0804906951	0.0815180124	-0.1232366017	-0.0699431294	-0.0032761764	-0.0664326362	-0.1170542693	-0.0179607224	-0.0997509322	-0.0546772795	0.0187691872	0.1375436375	-0.0435868846	-0.0867917487	-0.035037167	-0.0613928182	-0.0264187961	-0.0164455387	0.0982446197	-0.0047488082	-0.0368366095	-0.0051128724	0.0401064655	0.0563502696	0.0281222618	-0.0623839983	0.0027467997	-0.1463476863	-0.0532498187	-0.0514660738	-0.0520019292	0.0840244536	-0.0991981831	-0.0990875291	0.0429353654	-0.0095392798	0.085447012	0.0152067001	0.0969580892	-0.0608759528	-0.0501706	0.1225509427	-0.0396278555	-0.0511868659	0.0955699655	0.0013127681	0.0928824941	0.0600119621	0.0253140444	0.0930706419	-0.0239853543	0.0247567388	0.053343322	-0.0728922772	-0.021858603	-0.0860968235	-0.0072535263	-0.0480764756	0.0238668952	0.0086139603	0.0279490092	0.0550494933	0.0117996937	-0.0459791533	0.0818962368	-0.0400632984	0.0689909938	0.0125857064	-0.0500071591	-0.088014738	-0.0827511615	-0.0368041899	0.0	-0.059484409463792	2.128403977510324e-05	0.003538394969256	4.5301034914817657e-10	-0.0122262424585102	-0.0086183388136192	0.0001494810046542	7.427576390633519e-05	-0.0866738113563627	0.0073313429063119	0.0075123495750383	5.374858880993111e-05	0.0024818904554839	0.0001550361768403	2.4036216129256808e-08	6.159780233022082e-06	-0.0007068837338459	-6.484330727430006e-05	4.996846131759212e-07	4.204654498269294e-09	-0.0003081232350236	0.0001551305720445	2.4065494382884822e-08	9.493992796140864e-08	0.0	0.0	0.0	0.0	0.0	0.0	0.0	0.0	0.0
793.6743244411953	-0.673204070815018	629918.9332771876	0.4532037209619117	877.5276049100436	5.553934361384449	770054.6973791575	30.84618689056689	752.3083201441272	-1.2193597744781073	1.4868382596153007	565967.8085580785	752.9652932230631	673.9512717705866	1.053248	37.488342	0.0779074302692912	0.0446034156707017	0.0004615981	-0.0447875406	0.089342787	0.0428155673	0.0439273764	0.0648393224	-0.019462904	-0.0506072699	0.0157269077	0.0383481435	0.0429613937	0.1030274332	0.0495455935	0.0385056603	-0.0029912216	0.0318596107	0.0030570217	0.03470981	0.0248149644	-0.0449558038	-0.0548360191	-0.0264076376	-0.0563399375	-0.0187953688	-0.026344286	0.0202613311	-0.008574106	0.0116492567	-0.015950747	-0.015829755	-0.0511217925	-0.0111576067	0.113189889	-0.0737040323	0.0217840057	0.0088596805	-0.0333254778	-0.0982585864	0.0647663291	-0.0461195242	0.0758078461	0.0437878449	0.0042741283	-0.1122426246	-0.0015000882	-0.1054905795	-0.00275497	-0.0673816148	-0.020175914	-0.0353122581	0.0603454336	0.0602734444	0.0266914086	0.0360692194	-0.0475712904	0.00985819	-0.0729903071	-0.0271303984	-0.0122249195	0.0514757543	0.1880566799	-0.0265148825	-0.0332799521	0.0408989241	-0.0020547712	0.0256821313	0.0987198743	0.1122596538	0.1734673547	-0.0461075861	0.0558093943	0.0852113245	0.0688781333	-0.064237615	0.0232690488	-0.0106970129	0.0432153657	0.0022165611	-0.100622903	0.05410595	0.0009102961	0.0709113574	-0.0601874376	0.0592420637	0.0141937316	-0.0578897196	0.156977169	-0.1029888579	-0.0651015761	0.0310710199	0.0305466424	0.0031468887	-0.018671601	0.0007337087	-0.0421347798	-0.0294427478	0.0196062788	-0.0383770245	0.047752293	-0.0112815887	0.0612240566	-0.1024286652	0.0022656655	-0.0286986393	-0.1413814078	-0.0314902718	0.0987466962	-0.0163170581	-0.019734451	0.0432632184	0.0044064427	-0.0487476359	-0.0895249421	0.0031256868	-0.0125646228	0.0463141925	0.0088476332	-0.0680288438	-0.1266270102	-0.042337028	0.0022143838	-0.079993004	-0.1024159401	0.0549139876	0.0231268448	-0.0127780141	0.1302693932	-0.0606641216	0.0285688013	0.019907864	-0.0383156902	0.0157187356	0.1297672885	-0.0197415645	-0.0158677806	0.0110276773	0.0026494931	0.019478743	-0.1371936686	0.0861145443	-0.0476566892	0.0882696807	-0.00602693	-0.0232762002	-0.0544467336	0.1075550633	0.0013137922	0.0513806785	0.0468354874	0.1201060687	-0.0245656333	0.0012230818	-0.1071973315	-0.0796641745	0.054725592	0.099027546	0.060024961	0.0597273546	0.0410713763	-0.0288203236	-0.0267843557	0.0849595629	0.1087777491	0.0354985612	-0.0185845858	0.0316875884	-0.0606574819	0.0331663679	0.0023520372	0.0013577681	-0.0566436033	-0.0598735506	-0.0304113864	-0.0085282393	0.0061729133	0.051955606	0.1746935779	-0.0373625505	0.0201848335	0.033606722	0.0176447559	0.0681954477	0.010199596	-0.052988141	-0.0892034024	-0.080011587	-0.0300915909	0.0	-0.0559668816786995	0.0035175277850924	0.0031322918448375	1.2373001718897733e-05	-0.0036860700000431	0.0085401724584671	1.358711204521774e-05	7.293454562035999e-05	-0.1234760108832944	-0.0368021995269316	0.0152463252636514	0.00135440189002	0.0025769477576224	9.505730213849994e-05	9.035890689850064e-09	6.640659745515116e-06	-0.0002929903148216	0.0004138934190243	8.58433245792603e-08	1.7130776231162477e-07	-0.0003801231238368	-7.199988881319996e-05	5.183983989113157e-09	1.4449358927544716e-07	0.0	0.0	0.0	0.0	0.0	0.0	0.0	0.0	0.0
793.8688334219983	0.1945089808029934	630227.7246788044	0.0378337436130192	874.8789127056415	-2.648692204402096	765413.1118970055	7.0155703936604334	753.5126349902126	1.204314846085481	1.4503742485018956	567781.2910898934	754.4870847320557	702.9851860460652	1.027184	36.560612	0.0756583149407468	0.0471904942143239	0.0820514268	-0.0187921295	0.0985138807	-0.0125168358	-0.0270889058	-0.0234336703	-0.0294852873	-0.0757074043	-0.0112653456	0.0625927668	-0.0733934147	0.0406874688	0.0513543741	0.0299381977	-0.0267049262	0.0045686672	0.0526801201	-0.0049899769	-0.0847159649	-0.0075925041	0.0114719723	0.0352716131	-0.0654151284	0.0247351061	-0.0622685323	0.0228254011	0.1087921873	0.0825721687	0.0404045031	-0.0339701908	-0.1484948657	0.0011634239	-0.0695602539	-0.1047855325	0.08477392	0.0781104465	0.074381709	-0.0512071178	0.1224508956	0.0484943043	-0.0422811186	-0.0848593908	-0.0651278911	0.0971424136	-0.016723919	0.018750819	-0.0126292302	-0.0537023261	-0.0396553522	-0.0674729951	-0.0841025007	0.0272662624	0.0553242945	0.0623989693	0.0059501746	0.028245753	0.0916242447	0.0090498666	0.0472694671	-0.0509252536	0.0561042119	-0.0043566607	-0.0198112716	-0.0725135133	0.1230519708	0.0502013143	-0.0863655883	0.0852322884	-0.0206607597	-0.0527356462	0.1150750302	0.0502216397	0.0413789526	-0.0162230134	0.0052364892	0.0934864644	-0.0405937034	-0.0297446324	0.0118019671	0.096082942	0.0447094366	-0.0414977186	0.0761578813	-0.0257930349	-0.0176914049	0.0055897923	-0.0237147417	-0.0330180133	0.0305720127	-0.1305211464	0.0503107688	-0.0049399454	0.027892251	-0.0645458644	-0.1016780451	-0.0590753596	0.0305899871	-0.0557141791	0.0184694964	0.0212872462	-0.065892039	-0.1323179279	0.0786172308	0.0724315904	0.0249791454	-0.0577598057	-0.0441463145	-0.1008524395	-0.1067659559	0.0431935993	0.0390074125	-0.0302989139	0.0132981835	-0.1844744432	0.0904373824	-0.0835318717	-0.0484096575	0.0500233291	-0.0667179408	0.0717905398	-0.0600823951	0.0432852578	0.0452211295	0.060315186	-0.0476890646	-0.1325068915	-0.0055750615	-0.0502999736	-0.09406179	0.0584212052	0.0074025269	0.0570814448	0.0437680015	-0.1044011388	0.0627853304	-0.0575238773	0.0811272638	0.0686099432	0.0472856338	0.0489421752	-0.0080621141	0.0008554721	0.0756235814	-0.0979044497	-0.0197965739	0.0247394116	-0.1565122863	-0.1020978236	0.0188562773	-0.0081843206	0.0117461367	0.0568528674	0.0315692184	-0.0019252395	0.00034178	0.0302332602	0.0664884381	-0.0073984773	-0.0190663526	-0.0615152907	-0.0172059986	-0.0187178325	0.1230613567	0.0096891694	-0.017952378	-0.0061358976	-0.1143407989	-0.0600133886	0.0400740765	0.0205698512	-0.0340423045	0.0326155932	0.087977241	0.0117802289	0.0583355941	0.0799824303	-0.0135451591	-0.0540965273	-0.0350992908	0.0534005652	0.0736368242	0.0673881186	0.0078064368	-0.055886734	-0.0901455167	-0.0769265184	-0.0231919124	0.0	-0.0593246962102398	-0.0033578145315402	0.0035194195804372	1.1274918428223194e-05	-0.003851801294374	-0.0001657312943309	1.4836373211341222e-05	2.7466861920595425e-08	-0.0836886182928537	0.0397873925904406	0.0070037848317669	0.0015830366091458	0.0021849366186189	-0.0003920111390034	1.5367273310282137e-07	4.773948027381793e-06	-0.0004518106161834	-0.0001588203013618	2.041328328960236e-07	2.5223888124652967e-08	-0.0002840070337134	9.61160901234e-05	9.23830278060955e-09	8.065999519868431e-08	0.0	0.0	0.0	0.0	0.0	0.0	0.0	0.0	0.0
795.0080770597928	1.1392436377944932	632037.8425903093	1.2978760662552304	877.4732033656194	2.5942906599779008	769959.2226247216	6.730344028448572	752.6648209246167	-0.8478140655959123	0.71878868982227	566504.3326574854	753.2201397832234	684.1141668639032	1.00188	35.659973	0.084632776272648	0.0423385762571929	0.009051613	-0.0133604644	0.0602178394	0.0615454926	-0.0237906701	-0.1209916129	0.0952834704	-0.0708118591	0.0449146079	0.0396064304	-0.0436810602	-0.0403461565	0.0787060204	-0.0573722081	-0.0113354071	-0.0165206195	0.0276599908	-0.0050502793	-0.0924408662	-0.049135148	0.0113159703	-0.0538014445	-0.1357070766	0.0044103081	0.0535968419	-0.0215463354	-0.0053649968	-0.0926471097	-0.123051216	0.0808352772	-0.185175387	0.01846406	0.0103108564	0.1356123441	0.0041846257	-0.0176636407	-0.0725565376	-0.0055475814	-0.0097609301	-0.0568610223	-0.0203404827	0.0134414447	-0.0045610341	0.0345750856	0.0086694414	-0.0341203199	0.0243035766	0.0706161025	-0.1175292837	0.073292126	-0.0545142313	-0.1015642773	0.0847322009	0.0552517282	0.1535080834	0.0157872138	-0.0443064194	0.0405381935	-0.0106552018	-0.040443593	0.0768969473	0.0201130635	0.0540641395	0.0500812165	-0.0344676414	-0.0126758153	0.0126185171	-0.0193211564	0.0142529774	0.051677307	-0.0216537488	-0.1494711887	-0.014953357	-0.0107208696	0.0969874636	0.0460906054	0.0035322827	-0.0084011091	0.0539666053	0.0008730614	-0.0394032484	-0.0222150989	-0.0274277763	-0.0338063288	-0.0444208199	0.0368368168	0.0519334546	0.0197432626	-0.0470885574	0.052682342	-0.0590295611	0.0227198983	-0.0532185658	-0.1258918953	-0.0790073624	0.0871067687	-0.0109128702	0.0796742583	0.0674711772	-0.0547906656	0.0019798901	0.0022781653	-0.0504524164	-0.0380357585	0.0280027382	-0.0175751092	-0.0545703065	0.0315455358	-0.0669885348	0.0215715005	-0.0209742469	0.095633351	-0.0613833499	0.0172901471	-0.0384752647	0.0949650968	0.0161819698	0.0134083079	-0.086587744	0.0224875959	-0.0168313765	-0.0878879483	0.099834911	0.0074875007	0.0776335754	-0.0813985818	0.1037047384	-0.0893404702	0.0742188597	-0.0218002063	-0.059555753	0.0081826026	-0.08860244	-0.014260789	0.0376102598	0.0228257963	-0.142547583	-0.0201269211	-0.0667993163	-0.0057762815	0.0324551428	0.0751122698	0.0539460507	-0.0445801873	-0.0459821792	-0.0911077387	0.0033989427	-0.0216016543	-0.0400085951	-0.0663040667	0.0657091851	-0.0347737185	0.0208175758	0.0642990136	0.0344627024	-0.1142726015	-0.0590818288	-0.0270277627	-0.0542864949	0.0469011977	-0.0297775385	-0.0238425471	0.1027748733	-0.0368926146	0.017926099	-0.0491339491	0.0011652969	-0.0582507666	-0.0011765485	-0.0177887056	-0.0337963117	0.0644069781	-0.1041013916	-0.0319384493	0.0158960644	0.0155744323	-0.0501850466	0.0030787702	-0.0633370263	-0.0695905596	-0.0511552187	0.0665691461	0.0054078825	-0.0586984312	-0.0908384769	-0.0735092774	-0.0161480496	0.0	-0.0668510233552979	-0.007526327145058	0.0044690593236505	5.664560029443836e-05	-0.037450916414528	-0.033599115120154	0.0014025711402879	0.0011289005368573	-0.0644126893421628	0.0192759289506909	0.0041489945482899	0.000371561436912	0.0023419650033702	0.0001570283847512	2.465791361760226e-08	5.484800077010781e-06	-0.0002209460244766	0.0002308645917068	4.8817145732014326e-08	5.329845970394747e-08	-0.0003807421583902	-9.67351246768e-05	9.35768434623604e-09	1.4496459117562813e-07	0.0	0.0	0.0	0.0	0.0	0.0	0.0	0.0	0.0
793.0623426067045	-1.945734453088221	628947.879260834	3.7858825619345184	875.2357989384578	-2.2374044271615503	766037.7037434406	5.005978570682105	752.3709279570617	-0.2938929675550525	0.0863730763783151	566062.01323497	753.4021940612793	672.9406444785462	0.993505	35.361893	0.0504158072748038	0.0259685158053382	0.0645450865	-0.0854244344	0.0285823969	-0.0249326648	0.0745835158	-0.0785052704	0.036369152	-0.1208167694	0.0059015289	-0.0422951815	0.03523683	-0.0131467268	-0.0849373945	0.0309256935	0.040123362	-0.1328743062	0.0552492568	0.0755004133	-0.0855583058	0.0078008663	0.0760625387	0.0179250121	-0.1544891123	-0.0119748815	0.0531516793	0.1057242877	-0.0379420301	-0.0791969938	0.0507490454	0.0636030081	0.0024599278	0.0882902643	0.1045421019	-0.132477376	-0.0096484558	0.0690022773	0.0017979692	0.0659338536	0.0200462522	0.1182845724	0.0704956069	-0.0046244907	0.05771046	0.1416644221	-0.0666683055	0.0450622096	-0.0343232195	-0.0153686759	0.0193865784	0.0285984472	0.054379413	-0.003208962	-0.0117357238	0.0532101016	0.0669545128	-0.0966764344	0.0967426695	-0.0823423029	-0.0156491389	-0.0234394969	0.0087992158	0.0314271068	0.0241055709	-0.0074729025	0.0482512733	0.0131979224	0.0412891177	-0.0528429508	-0.0162125393	-0.0350591809	0.0675954634	-0.0366564663	0.0201020655	-0.0379804242	0.0346438276	-0.0602206226	0.1339776183	0.0023700936	-0.017887713	-0.0333364017	-0.0212490896	0.0884458105	-0.0387251235	-0.097013095	-0.0211943571	0.0390014715	-0.0153246723	-0.0751279831	-0.0015389811	0.0751963216	0.0073531775	0.0004801848	-0.1162710898	-0.0425697985	0.0426445718	0.0256714292	-0.1186206028	0.0349045031	0.0442012342	-0.0043808582	0.0454493314	0.035024625	-0.0003429161	0.0943611742	-0.0701150317	0.1157027222	0.0032653007	-0.1065005523	-0.0218228145	0.0211382743	0.1101457351	-0.0459749648	0.1316342482	-0.1364215595	0.0161247762	-0.0091584209	-0.0216427783	-0.0250572483	0.0054434556	0.0670292645	-0.0433276412	0.0148851891	-0.005012896	-0.0171037015	-0.0137381129	0.0281817571	-0.088901419	-0.0731956372	-0.0132927102	-0.0203339883	-0.0115339941	-0.0729795727	0.015847316	-0.0655195428	-0.0689350455	-0.002828795	-0.0546902199	-0.069463582	0.0792072415	-0.0142602107	0.0353734319	-0.0393664624	-0.149628233	-0.0189180429	-0.0876089007	-0.0953208765	0.0330865526	0.0928222769	0.0127662962	-0.0536352881	-0.0534381851	0.0319217662	-0.0129125277	-0.0076089958	0.0478866244	0.017780498	-0.018045139	0.0525835237	0.0638361796	0.0174467483	-0.0551307884	-0.0311999628	0.0378225337	-0.1034345544	-0.0528260301	0.0578688014	0.0464216905	-0.040876853	0.00749412	0.0069625881	0.0222242257	-0.0469616784	-0.0879209852	0.0465511527	-0.0058681149	-0.0368269116	-0.0295204178	-0.00862868	-0.0145376255	0.0317831169	0.0384549194	0.0657386716	0.0030055908	-0.0614188607	-0.0912803678	-0.0697746196	-0.0090037942	0.0	-0.0756715402554135	-0.0088205169001156	0.0057261820046266	7.780151838522504e-05	-0.0224256590089169	0.0150252574056111	0.0005029101819842	0.0002257583601048	-0.0772784632136449	-0.0128657738714821	0.0059719608766626	0.0001655281373121	0.0020679619701375	-0.0002740030332327	7.507766222072016e-08	4.27646670993497e-06	-0.0002208938862915	5.21381851000056e-08	4.8794109000962135e-08	2.7183903455224463e-15	-0.0003807721689243	-3.0010534099998195e-08	9.00632156967154e-16	1.4498744462731564e-07	0.0	0.0	0.0	0.0	0.0	0.0	0.0	0.0	0.0
793.4093218622878	0.3469792555832782	629498.3520179754	0.1203946038051259	875.4670911495502	0.2312922110924091	766442.6276858549	0.0534960869120155	754.5008202405342	2.1298922834724863	4.536441139195642	569271.4877436388	755.1126176961263	706.3664925404084	1.055541	37.569954	0.066658931939287	0.0387554705228434	0.1111100343	0.0391274367	-0.0376514239	-0.0173758275	-0.1152735333	0.018362528	-0.0755190406	-0.0521251417	-0.0411812101	-0.0077826158	-0.1154919914	0.1490776516	-0.091098582	-0.0387423423	-0.1034462381	-0.0681569678	0.0202551775	0.0130019447	0.0318039909	0.112870318	-0.0057377962	0.0558714787	-0.0205590175	-0.0307367042	-0.0880347444	0.0230417635	-0.0407070498	-0.0292708397	-0.0792863254	0.1002991319	0.0989317545	-0.0774144425	0.0369395333	0.036138569	0.1788840412	-0.051956912	-0.0482346904	-0.1015869477	-0.0158311997	0.0060065113	0.108681712	-0.0247045211	-0.1161656267	-0.0237307126	-0.0130949674	-0.0395018348	-0.020562471	0.1202827882	0.1015591449	-0.0731690026	0.0435904357	-0.0551154881	-0.023790634	0.0616554133	0.1306903852	-0.0830901964	0.1355885043	0.061237002	-0.088636591	0.0679678766	0.0325853307	0.0714066799	-0.036506678	-0.022205179	0.113209626	0.0677251943	0.0875439238	-0.0868278749	-0.0168029474	0.0288871135	-0.0372471452	-0.0243421914	0.0805687908	-0.123551885	-0.0682952845	0.1206666588	-0.0724572906	-0.0045017526	0.0128956757	-0.066235892	-0.0714479282	0.0569170105	0.0105863153	-0.0029519141	-0.0577880265	-0.0159056128	0.0671009719	0.1033245761	0.1377727016	-0.0014896287	0.0872908457	0.0078562054	0.0325243376	-0.0358596519	0.0726100965	-0.014119362	-0.0929053529	0.0647112157	0.0402451433	0.0104169402	0.0746666199	-0.0511745704	0.0584066131	-0.1607677738	0.0091266396	-0.1123776967	-0.0771328325	-0.0112203669	-0.0670405841	-0.0310327619	-0.1214859965	0.1049256024	0.0021876435	-0.0505787258	0.0152904052	0.0588896756	-0.0893542971	-0.0747191785	0.0098108096	-0.0242383048	0.0344469584	0.0838415923	-0.0287183842	-0.0135648449	-0.0620761267	0.0594724804	-0.0671937008	-0.1318487294	0.0763177415	0.1041045728	0.1571678439	-0.1265324007	-0.0077606641	0.0089520812	0.0345945522	0.0048948231	0.0815751719	-0.105858183	-0.0407350595	0.039925795	-0.0220211403	-0.0504562975	0.0207223876	0.0168781587	-0.0893088543	-0.0558455567	-0.0174400422	0.1176791761	0.0059905332	-0.0125446394	-0.0329222708	-0.0301146738	0.0134783506	-0.0153326673	0.0094789696	0.0370135164	-0.0540460583	0.0078659755	0.0080139094	-0.1037517154	-0.017799091	-0.0526194937	-0.0470159472	-0.094834999	-0.0083902062	0.0571336508	-0.0437766292	0.1342023288	0.0128018841	0.0003525151	0.0430599353	0.0002972286	0.0761536606	0.0146590589	0.0301306634	0.0154204487	-0.0729958599	0.0534335065	-0.0570431011	-0.0577260292	0.0722137015	0.0648968387	0.000601222	-0.0640437928	-0.0914699679	-0.0657386716	-0.0018035623	0.0	-0.0529515737044334	0.0227199665509801	0.002803869157776	0.0005161968800776	-0.003655650933581	0.0187700080753359	1.3363783748191638e-05	0.0003523132031481	-0.0521095059006739	0.025168957312971	0.0027154006052123	0.0006334764122221	0.0020679619701375	0.0	0.0	4.27646670993497e-06	-0.0002208938862915	0.0	4.8794109000962135e-08	0.0	-0.0003807721689243	0.0	0.0	1.4498744462731564e-07	0.0	0.0	0.0	0.0	0.0	0.0	0.0	0.0	0.0
793.1997502435228	-0.2095716187650396	629165.8437863869	0.0439202633917991	876.0854091644287	0.6183180148784686	767525.6441508045	0.3823171675232501	753.9358152531676	-0.5650049873665921	0.3192306357491229	568419.2135214584	754.1967531077067	666.2595586417127	1.079786	38.432888	0.0440915720080772	0.0247187407832337	-0.0388937904	0.0610462408	-0.0721323168	0.0851925908	0.0639997403	-0.0317194819	0.0590402527	0.1035319317	0.0106790104	-0.0455613516	-0.0584549031	-0.0244848883	-0.0063995132	0.0032157669	0.0190840681	-0.055885771	0.0060757863	0.0269501625	0.0179391701	0.0501896811	0.007806973	-0.0817996403	-0.0144669204	0.0720854617	-0.0535376039	-0.084520828	0.0463224279	-0.0384215927	-0.0797216276	0.0618071972	0.1513930002	0.0108982711	0.0767411855	-0.0615260414	-0.0548664362	0.0214662141	-0.0677658865	0.001088361	-0.0489081245	0.0816690752	0.02144698	-0.0151153224	-0.1037317563	-0.0436130268	0.1058656998	-0.03541246	-0.0327334406	-0.0085042031	-0.0376442486	0.1351598581	-0.0248552511	0.002940708	0.0095232804	-0.1037254541	0.078369335	-0.0478959802	-0.0048594345	0.0411345451	0.0278362165	0.0110635462	-0.0211918812	-0.0373218147	-0.0270128985	0.0417418273	-0.1352295421	0.0237285854	0.0711097517	0.0237137581	-0.0385573617	-0.0396311973	0.0437137205	-0.0422313652	-0.0218009894	0.176179539	0.0155697566	-0.03342607	-0.0377544532	-0.0229331343	-0.1043507118	-0.0871717818	0.0587291413	0.0104484771	-0.0180302885	0.0600918592	-0.0216092719	0.1496704116	-0.0537826741	0.082907242	-0.0264742761	0.0474667498	-0.0566052845	-0.0079979526	0.0955691171	0.0083441938	0.0614815363	-0.0255685942	-0.0751119282	0.1076500187	-0.0321000828	0.0292034623	0.128496949	0.0495036292	-0.0478965665	-0.0444689264	-0.0247772125	0.0427324309	0.052758806	-0.0270706073	0.008098263	0.0667045983	0.018458242	-0.0094165468	-0.0099490931	0.1071837056	0.097055544	-0.0090681911	-0.0621939024	0.0495841985	0.0374396678	0.0442244793	0.1036242734	-0.0938797103	0.0587225223	0.1423043938	0.0637630144	0.0502072538	-0.0263227251	0.093690603	-0.0347584309	0.0037368954	-0.016337764	-0.0280179674	0.0381101632	0.1039849373	0.097989114	0.0722783376	0.053123093	-0.0174049648	-0.0833277525	-0.0574509579	-0.0210405943	-0.0189864695	-0.0762883995	0.0456145638	0.044586192	-0.0523233964	0.0537112006	-0.0355787661	0.091373714	-0.0148739962	-0.0537242129	-0.0119725337	0.1637295268	0.0520930301	-0.0689428833	0.049595229	-0.0656513972	-0.0688070258	-0.0555405539	0.0255759293	0.0165680913	-0.0351720222	-0.1037604285	-0.0730769916	0.0006976977	-0.077053206	-0.12721166	-0.0213809127	-0.0865668578	0.0192578884	-0.0071897271	0.0250812865	0.020005583	-0.009289803	-0.0525307787	0.0354281221	-0.0954006264	0.0273701652	-0.0847582463	0.0249430294	0.060822313	0.0640437928	-0.0018035623	-0.0665691461	-0.0914067533	-0.0614188607	0.0054078825	0.0	-0.0595138616417756	-0.0065622879373421	0.0035418997275164	4.3063622972586905e-05	-0.0226478118981816	-0.0189921609646006	0.0005129233837754	0.0003607021781052	-0.0488520891298094	0.0032574167708644	0.0023865266123468	1.0610764019109282e-05	0.0017629595305468	-0.0003050024395906	9.302648815627858e-08	3.108026306345793e-06	-0.0002203358624457	5.580238457999858e-07	4.854789227969044e-08	3.113906124814063e-13	-0.0003808058321932	-3.366326890001268e-08	1.133215673034561e-15	1.450130818323556e-07	0.0	0.0	0.0	0.0	0.0	0.0	0.0	0.0	0.0
794.3063538943104	1.1066036507876331	630922.5838368735	1.2245716399365183	878.8096137413612	2.724204576932493	772306.3372042405	7.421290576979944	752.8156106883082	-1.120204564859364	1.254858267131757	566731.3436960104	753.7472825749716	692.1179629019483	0.990056	35.239136	0.0932173623429121	0.0599946950740333	-0.0911773421	0.0387762879	-0.0420361639	-0.0528852433	-0.0112256889	0.0708071075	-0.0192871904	0.066935377	0.052463425	-0.0256244803	0.0832261833	0.0415002211	0.0587427019	-0.0790960401	-0.0138824567	0.0706615443	0.0406137137	0.0187528638	-0.0750484746	-0.0234123389	0.0577642438	-0.0080117803	-0.0767001044	0.0064787456	0.0274183185	0.0835658287	-0.0823805345	-0.0991850343	0.051011729	0.039705438	0.0302265836	0.0855438982	0.0384206635	-0.1418336287	0.0338941313	0.115834886	-0.0064424511	-0.0109120192	0.0351639503	-0.0190287952	-0.0897732354	-0.0200904364	-0.0476417627	0.0589832476	0.0609467437	0.0033966747	0.1282889041	0.0088341999	-0.0353972192	-0.0439249971	0.03113654	0.0233997693	-0.0321451891	-0.0721561451	-0.0043267519	-0.0302797528	-0.0537105132	-0.0859935617	-0.0200888402	-0.0916085761	-0.0536375047	0.0138367629	-0.0957166228	0.0111690751	0.0493008272	0.0380931138	0.0447908791	0.1139253791	-0.0377476323	-0.0332968419	0.07387634	-0.0630825916	0.0654050173	0.0693358689	0.0768698971	-0.0597163848	0.0364770717	0.049766473	-0.0133452225	-0.0008314491	0.0027159095	-0.0475969264	-0.053298637	0.032277764	-0.0669660754	-0.0072575527	0.0705661483	-0.0060512321	-0.0298563415	0.0489434319	0.0034265379	0.0228058433	-0.0230111053	0.1151720534	0.0244697785	0.0664144736	-0.0909725661	0.04151368	0.0646398846	0.0033335305	0.0370381153	0.0073163659	0.0601539755	0.1263894416	-0.0410248863	0.0456700238	-0.0035918988	0.052966054	-0.0050310513	-0.0234383945	0.0608779222	-0.0270444082	-0.0363617407	-0.082718725	0.0746959702	-0.0268433882	-0.0471334939	-0.0303258022	0.0316538523	0.057921467	-0.101765883	0.0392595599	-0.0511909988	0.1359447666	-0.104150753	0.0151167763	0.05940622	0.0239404404	-0.0619943555	-0.0165027246	-0.0180586144	0.0206312022	0.0620886313	-0.0035828476	0.0699573609	0.0270999849	-0.0660793924	0.0954203692	0.0122945811	-0.0559215849	0.0825580568	0.0904187381	-0.147243372	-0.0646195173	-0.0356757811	0.0209351425	0.014234808	0.0449105748	0.0819555587	-0.0093467893	0.1162596952	0.0466056635	-0.0347424649	0.0261023399	-0.1039757829	0.0825688988	-0.1128460639	0.0350063537	0.0317422515	0.0208497632	0.037304349	0.1021502957	-0.0785379846	-0.0640999543	-0.0468450554	0.0457321859	0.0040539093	-0.0273606017	0.0094455909	0.0088783225	0.0166698536	0.0696845341	0.0267656578	0.0112334315	0.0786327382	0.000295841	-0.0314553419	-0.0468394785	-0.0555004566	0.0526360794	0.0929671032	0.0631796814	-0.0042071001	-0.0689909938	-0.0910908987	-0.0568338402	0.0125857064	0.0	-0.0488812588185965	0.0106326028231791	0.0023893774636906	0.0001130522427954	-0.0420739574909276	-0.019426145592746	0.0017702178989483	0.0003773751325905	-0.1028327609792114	-0.053980671849402	0.0105745767306076	0.0029139129333128	0.0019459637061055	0.0001830041755587	3.34905282719195e-08	3.7867747454798527e-06	-0.000220870246627	-5.343841813000051e-07	4.8783665845071806e-08	2.855664532236767e-13	-0.0003807855503815	2.028181169999631e-08	4.1135188583410733e-16	1.4499763537934186e-07	0.0	0.0	0.0	0.0	0.0	0.0	0.0	0.0	0.0
793.0331783045773	-1.273175589733114	628901.6218918595	1.6209760822922628	875.0917864579421	-3.717827283419069	765785.6347261526	13.822239709335216	753.945955677478	1.130344989169771	1.2776797945412095	568434.5040824256	754.087223854065	691.94307169044	0.993041	35.34536	0.127406694374951	0.0764980354177265	-0.0392494733	0.0065149092	0.0181821411	-0.0562641565	-0.0149336659	0.1020428604	0.0026088314	0.1155309408	-0.0032041179	-0.0251586809	0.0294187082	0.027387939	-0.035497177	0.2090095642	-0.0273014894	0.0664072439	-0.0761945108	-0.0030286212	0.0376430109	-0.0273581137	-0.0235217488	-0.0502440125	-0.0894184974	0.0152055778	-0.0573740796	0.0039923687	0.0836869541	-3.82481e-05	-0.0333936452	0.0555864967	-0.0871847352	-0.057758559	0.0373696657	-0.014234067	0.0422198314	-0.0408227265	-0.1012305966	-0.0068478715	-0.0297074653	0.1411377969	0.06157755	-0.0596711452	0.0746737098	-0.0328959208	-0.0566424724	0.0854822227	-0.0179352821	-0.1149498356	0.0604983554	0.0193834515	-0.0542348313	-0.1975434463	0.0025530975	-0.0582983593	-0.0506964886	-0.0982972013	0.0122344574	0.0740787103	-0.005828343	-0.0091862253	-0.0559066151	0.0281137036	-0.1275426669	0.0494514387	0.0322590929	0.1159188985	-0.0174303482	-0.0998758799	0.030839538	-0.027936127	-0.0334516903	0.1209205287	0.0181982055	-0.0617822345	-0.1024913121	-0.0832390141	0.0433439427	-0.0334420791	0.0658001213	-0.0137830647	0.045938157	0.0658929339	-0.0182788673	0.0412749733	-0.0254792679	0.0068242545	-0.0622303366	0.1093018917	-0.0605886238	0.1593402202	0.0240612759	-0.0220233666	0.0715606611	0.0396523036	-0.0577326853	-0.0753609379	-0.0010153139	0.0024275747	-0.0462664631	0.058455768	0.104653011	0.1169144906	-0.0437805337	-0.0619001672	-0.0320113769	-0.0922040864	-0.0739553098	-0.1958090055	-0.1001458118	-0.005426537	0.1203570889	0.006471498	-0.0915823705	-0.0052420708	-0.1765742352	-0.0108526388	0.0162849237	0.0693903131	-0.0824141184	0.0262421318	-0.0148466382	-0.0594649899	0.0755771602	-0.0134680477	-0.0248718012	0.0650892569	-0.0647911699	0.0758088099	0.0464560817	0.0773420082	-0.0346433861	-0.077487544	-0.0389256127	0.0710587233	0.0364427288	-0.0853467658	-0.0295229964	-0.0465198214	0.161603012	-0.0257955717	-0.1407248948	-0.0287268532	-0.0616013993	-0.0354584913	-0.0225274726	0.0890270605	0.0248391462	0.0940306945	0.0412693403	-0.0246396157	-0.0089197554	-0.0174659129	0.0869587831	0.0205234225	-0.0620959664	-0.028284687	-0.0458227002	-0.0223332873	0.0022018614	-0.0341465747	0.0736901365	0.0607331292	0.0428884464	-0.0750102083	0.0854396278	0.1163871128	-0.0178078447	0.0993015095	-0.0389214047	0.0193721626	-0.0053080261	0.0410073955	0.0434315458	0.0175258907	0.06956821	-0.0013710932	-0.0555687646	0.0264459696	-0.0307061661	0.0185968296	0.0037100604	0.0623046536	-0.0066077305	-0.0713055705	-0.090523277	-0.0520034083	0.0196852849	0.0	-0.0592822443556002	-0.0104009855370037	0.003514384495837	0.0001081805001409	-0.0064720489087761	0.0356019085821515	4.18874170775899e-05	0.0012674958946918	-0.0385706449847305	0.0642621159944809	0.0014876946545381	0.0041296195520881	0.0019049041173157	-4.105958878980009e-05	1.6858898315874772e-09	3.628659696166306e-06	-0.000521862197536	-0.000300991950909	2.723401532171031e-07	9.059615451200586e-08	-0.000380003404854	7.82145527499997e-07	6.117516261882485e-13	1.4440258770063305e-07	0.0	0.0	0.0	0.0	0.0	0.0	0.0	0.0	0.0
791.355991962395	-1.6771863421822673	626244.3060147862	2.8129540264027333	874.9300384814923	-0.1617479764498739	765502.5722372255	0.0261624078856289	751.5490255896851	-2.396930087792839	5.745273845766587	564825.9378648052	752.2211248016357	677.722721128622	1.041716	37.077862	0.0524915034986559	0.0349382131739526	-0.0864846678	-0.0059436274	0.1138413671	0.0484224767	-0.0701134593	-0.0254974387	0.0848029657	0.0076258622	0.0232078698	0.1353067148	-0.0174328581	0.0510816446	0.0868952858	0.0148373467	-0.0059025862	-0.1057027165	0.0373209898	-0.0695694563	0.0356010086	0.0628848163	-0.0248071103	0.0079324307	0.0695416787	0.0401969389	0.0495427669	-0.016985278	-0.0087042903	-0.0746106378	0.1037679612	-0.0291467293	-0.0404579302	0.0060002466	0.0877924256	-0.0036382225	0.0388384097	-0.1459960469	0.0210576693	-0.043043419	0.091331222	0.0406583882	0.0262984539	-0.0886067092	-0.0374381692	-0.101680598	0.0697096915	0.0664654877	0.0490096351	-0.0468140389	0.0910922699	-0.0168880229	-0.1125895726	0.0432361713	0.0975257214	-0.0453180585	-0.0914685021	-0.0932930913	0.0500313199	-0.0156393781	-0.012301875	0.0815793129	0.0373341827	-0.0398330751	0.0399315641	0.0399730473	-0.1088584391	-0.0921389573	0.0866254783	-0.1920206814	-0.0014795825	0.0925631423	0.1207523284	-0.0931774352	-0.0838100114	0.0157940494	0.1254180243	0.0490593565	-0.0964390237	0.0098332491	0.074539343	0.07531207	-0.1307609944	-0.1218147294	0.0704880676	0.022257057	-0.017751357	-0.0301501424	-0.0068524427	0.0444108019	0.0083686544	0.014016949	-0.0646480572	-0.0011164785	0.0327556381	0.0029112046	-0.1158289672	0.0005339964	-0.0206033951	-0.0845919652	0.0527878659	-0.0514059907	-0.0266999458	-0.0454394496	0.0585322521	-0.0505107265	-0.1814851633	0.0420680091	-0.027930135	0.0008342249	-0.0078368225	-0.025480279	-0.0610578163	0.0069504834	0.0342388615	-0.0034906806	-0.1787614175	0.0256649537	-0.1691398921	0.020505886	0.0752056045	0.0221296885	-0.0630137023	-0.0480995224	0.0255072263	0.0521319505	0.0504418478	0.1121232407	0.0088447552	-0.0166462284	0.0360181699	0.1214316584	-0.0027745932	0.0240283727	-0.0509402241	0.0209820915	-0.045783028	0.0658265697	0.0343009482	0.0080556929	0.0100596265	-0.0334929183	0.0480667966	-0.145955522	0.0113550889	0.0454607521	0.1198115264	-0.1278369871	0.0705139271	-0.1889797744	-0.0886847796	-0.0901485814	0.093206697	0.0819809052	0.0104839062	-0.0937347221	0.0022104516	0.0044769739	0.0754928587	-0.0533417391	-0.0417669015	0.0529589441	0.0747438008	0.0257369202	0.0820434759	-0.0497532272	-0.0115051289	-0.0400917322	-0.1042744156	0.0687136212	-0.124194198	-0.0727895853	-0.0436910657	0.054296533	-0.0226757574	-0.0077399679	0.0763834009	-0.0318277266	0.0811619367	0.1011919551	0.0358963433	0.0114734987	0.0312579502	0.0614188607	-0.0090037942	-0.0735092774	-0.0897054572	-0.0469484232	0.0266624798	0.0	-0.0594422920899688	-0.0001600477343685	0.0035333860889091	2.5615277276521036e-08	-0.03747953041605	-0.0310074815072738	0.0014047152002076	0.0009614639094239	-0.0346880513000371	0.0038825936846934	0.001203260902994	1.5074533720421096e-05	0.0019519596480452	4.705553072950012e-05	2.2142229722349304e-09	3.810146467596741e-06	-0.0002208715022624	0.0003009906952736	4.878422051164937e-08	9.059539864128516e-08	-0.0003807847902973	-7.813854432999899e-07	6.105632110011218e-13	1.4499705652175872e-07	0.0	0.0	0.0	0.0	0.0	0.0	0.0	0.0	0.0
791.5353794425092	0.179387480114201	626528.2569091971	0.0321798680217228	873.1302717062143	-1.7997667752779307	762356.4713697677	3.239160445394321	753.8175697878285	2.2685441981433314	5.14629277892977	568240.9285208277	753.7997711435954	657.9030019391896	1.026597	36.539726	0.0611063233990238	0.0404957337332395	0.0065721908	-0.1213580937	0.0625505041	0.0465077385	0.1282506465	-0.0060055191	0.0099965165	-0.0899676096	-0.0062857578	0.052724195	0.0741445389	0.0082950073	0.1030957497	0.0379122332	-0.0351301063	-0.0693873858	-0.0133796979	0.060552681	-0.0873240336	-0.0686189614	0.0327487973	-0.0007061329	-0.0350556367	0.0195544077	0.0806050466	0.0998809565	-0.0333887298	-0.0973314491	-0.0410462111	0.0765465953	0.017734159	-0.0348831069	-0.0529899132	0.053126997	-0.0272555153	-0.0913132135	0.083109177	0.0170208409	0.0249601091	-0.052873907	-0.0240531229	0.0107731931	-0.0143414462	0.0822870908	0.0785274357	-0.0018801513	-0.0181357313	-0.0574485568	-0.0204696856	-0.0176160806	-0.1564438716	-0.010876931	-0.0374474782	-0.0586984839	0.0334702434	0.043118449	0.0003138175	0.0527257788	0.049877329	-0.0384219542	0.0988066474	0.0413294803	0.0272193102	-0.0452910737	0.0609356465	0.0437074706	-0.1087487691	0.003351485	0.0301189164	-0.0529042679	0.0469974093	0.0370058656	-0.0682890388	-0.0232907316	-0.0479669946	0.0180843252	0.0321517348	0.0837868655	-0.0962950997	0.0122337618	0.0147111091	-0.0012082333	0.0288427174	-0.0074551724	-0.0370193822	0.0290638875	0.0269328421	0.1192809392	-0.1179569271	0.0920469253	-0.0061691581	-0.0172922998	-0.1018241738	0.0192876034	-0.0779445406	0.0485228466	-0.0999191106	0.0272564447	0.0251820462	-0.0166437717	-0.0710979842	0.0478622743	-0.0149220473	-0.041569758	-0.0266763297	-0.0427257571	-0.0395320609	0.1413246462	-0.0055930321	0.0252023599	-0.0298613427	0.0486522288	0.047694083	-0.035829077	0.0440952504	-0.0830566042	0.0495438174	0.0082626292	-0.0382349199	0.0006460614	0.0185605273	-0.1066621271	0.1427636852	0.0536345979	-0.040251308	0.0391632933	0.0365996469	0.0129233577	-0.0257140212	0.0425212023	-0.047036476	0.0092099031	0.0629242191	-0.0420799892	-0.0434081128	-0.0066050816	-0.0184804165	0.0012275106	0.0086296107	0.0571554826	-0.0157125969	-0.0574008064	0.049902163	0.046280165	0.0298178749	0.0857367867	-0.074368638	-0.0152231435	0.0178637717	-0.0002023043	-0.0526578258	0.0700915691	0.0516640983	0.0125222392	0.051189018	-0.0694516356	-0.0984962037	0.0400205688	0.0598812814	0.0253210046	0.0180487008	-0.0172963614	0.0945663152	-0.1081573269	-0.1043693228	0.0282533415	-0.04890584	-0.0728639377	-0.0261531585	-0.0120955663	-0.0050777765	-0.0666784574	-0.0500941089	-0.0138456134	0.0266709904	-0.0474066522	-0.0800199811	-0.0234229685	-0.0455676321	-0.0081582992	-0.0393291349	0.0605224558	-0.0113936355	-0.0755986879	-0.0886396995	-0.0416907124	0.033473914	0.0	-0.0758915505365109	-0.016449258446542	0.0057595274428357	0.0002705781034411	-0.0358590539383669	0.001620476477683	0.0012858717493547	2.625944014724217e-06	-0.0716475821354407	-0.0369595308354036	0.0051333760258547	0.0013660069195731	0.0018309546893894	-0.0001210049586558	1.4642200019291867e-08	3.3523950745970346e-06	-0.0002203487237928	5.227784695999865e-07	4.855356007711567e-08	2.73297328277304e-13	-0.0003807982059598	-1.3415662500012877e-08	1.7998000031425176e-16	1.450072736622023e-07	0.0	0.0	0.0	0.0	0.0	0.0	0.0	0.0	0.0
792.1249365670171	0.5895571245079054	627461.9151313009	0.3475776030580299	873.2044727912316	0.0742010850173073	762486.0513026128	0.0055058010177456	752.0835313637874	-1.7340384240410458	3.0068892560507536	565629.638148625	752.39700659434	703.1668179542231	1.09331	38.914268	0.0623336380706236	0.0396949711432805	0.1242635748	-0.0282365004	0.0050309809	-0.066262101	-0.0662019333	-0.0079933935	-0.0580328785	-0.1086666691	-0.0324945021	0.0126232136	-0.0546468773	0.032417565	-0.0331275505	0.0584250584	-0.0542295893	-0.0972060084	-0.0347495365	-0.0156763442	-0.0229042842	0.0032019464	-0.0058857957	0.037635396	-0.0449100908	-0.0079398098	-0.0396198663	0.0274033749	0.0248693406	-0.1000775903	0.0586995881	0.0654929247	-0.0228658192	0.1418004116	0.0397669597	0.0048779399	-0.0486627962	-0.0626035494	-0.0413862119	-0.0303213482	0.0301714424	-0.1096231826	0.0487479126	0.0959517714	0.0414931285	0.063661172	-0.0604710009	-0.0388684297	0.0234624694	0.0726220373	-0.0883829531	-0.0077835115	0.0998477683	0.0939773989	-0.1388624319	0.011980048	-0.0917521397	-0.0686411671	-0.0807998987	0.058506705	-0.0270058826	-0.0298635515	0.0455552006	0.1106246498	-0.1064765103	-0.072509536	0.0587345098	0.0488310373	-0.0076369362	0.0260938575	-0.1049312737	0.0699634765	0.0731264442	-0.0387466601	0.0056202821	0.0549642578	-0.0802975976	-0.0372140939	-0.0405712103	-0.0165152793	-0.032574436	-0.0988171932	0.0141167987	0.0006757176	0.0073555354	-0.070771446	-0.0241458453	-0.0845075292	-0.0399904646	0.0623688379	0.0341325623	-0.0355293846	0.0781068643	-0.0285096251	-0.0261355452	-0.1046316795	-0.0193839707	0.1156302569	-0.0482488623	0.0177850785	0.1010911512	-0.0049800338	0.059851649	0.0668583349	0.003405237	0.0477865235	-0.0416573008	0.0723781697	-0.0128684213	0.0721170937	0.083257688	-0.0041615919	-0.0213923557	0.0361030435	0.0056763591	-0.1118202024	0.0012882239	0.0069771644	0.0860031224	-0.0250705978	-0.0359580799	-0.1277297143	0.1262376897	0.0831805576	-0.1941030321	0.0388281276	-0.1661616054	-0.1243731612	-0.0481141198	0.0810485651	-0.043021647	0.0475316299	0.0384213519	-0.015048562	0.0891332975	0.0011671249	0.0410089923	-0.0693938248	0.0354735497	-0.0819105162	0.0252480239	0.0172580306	0.0330756476	0.0436779916	-0.0330260884	0.0291323105	0.023571673	-0.0144557324	0.0506288659	-0.0260096044	-0.0116572252	0.0195769503	0.0389012954	-0.0545819339	0.0197133685	0.0201899712	-0.0665005823	-0.0579081675	-0.0356727392	0.0163020448	0.0288106695	-0.0805507626	-0.016797351	-0.0616441868	0.0356954515	-0.1338053672	-0.0027642334	0.0905255545	0.0366829378	0.0316601614	0.1315401139	-0.0448674186	0.0059975245	-0.0310457632	-0.0679814791	0.0219791508	-0.0368337524	0.0575078476	-0.0372506264	0.043750254	-0.063986592	0.0166279829	-0.0210625428	0.0596155937	-0.0137756027	-0.0775705533	-0.0873289498	-0.0362529791	0.0400772406	0.0	-0.0775072863042254	-0.0016157357677145	0.0060073794302451	2.610602071071997e-06	-0.0126913887758917	0.0231676651624752	0.0001610713490608	0.0005367407090805	-0.0404042471363368	0.0312433349991039	0.0016325031866541	0.0009761459818662	0.0018309316872357	-2.300215369999831e-08	5.290990748383459e-16	3.3523108433237675e-06	-0.0003463484327252	-0.0001259997089323	1.1995723685120236e-07	1.587592665104951e-08	-0.0003806828742193	1.1533174050000093e-07	1.3301410366759554e-14	1.449194507238674e-07	0.0	0.0	0.0	0.0	0.0	0.0	0.0	0.0	0.0
791.9744657586689	-0.1504708083482455	627223.554413729	0.0226414641649744	877.656533901508	4.452061110276418	770280.991500009	19.82084812963569	753.5125567783106	1.429025414523153	2.042113635353069	567781.1732225867	752.9703274281819	678.2924647324046	1.087903	38.721817	0.0662986918857879	0.0376015665445059	-0.004629362	0.0017837282	-0.082727791	0.0905237383	-0.0466493937	-0.0414366212	0.0364207718	0.0026724089	-0.0597288079	-0.0115247157	-0.0414630927	0.0002764679	0.0409481688	-0.0518994505	-0.0649575545	-0.0971989142	-0.053579171	0.0021348819	0.1498413281	0.0095326254	0.0316560107	0.0514365379	-0.0811393037	0.0523831224	-0.0492850253	-0.0696107362	0.1184831975	-0.0378651585	0.015016744	-0.046893806	0.030314049	0.0216962566	-0.0326167785	-0.0064299818	-0.0384127442	0.0117805673	0.0288430706	0.0945179095	-0.1123288975	0.0125790451	-0.0369299379	0.0237056171	-0.0223333037	0.0256669382	-0.0755743599	-0.1264382933	0.0100629046	0.0048530839	-0.0264288083	-0.0216116916	0.0081952144	0.0401055177	0.0875065584	0.0580989624	0.0320910207	0.0097877822	0.1173765153	0.0963341694	-0.0549857369	0.1114526743	0.0683909564	0.0539131758	-0.0948086577	-0.0223254016	-0.1076118342	0.0030736351	0.020761561	-0.0017629713	-0.0311184107	0.1278278198	-0.0312311164	0.1394142625	-0.0042851496	-0.0594142243	0.0890766922	-0.0078827068	-0.0545285955	0.0409382603	-0.1116273221	-0.0606650905	-0.0489731496	-0.0653670633	0.0576384539	0.0165777157	-0.0636779703	0.008780065	0.0192796065	-0.0445922809	0.0098748882	0.0621141038	-0.0327262178	-0.0359486455	0.0631751682	-0.0543749518	-0.0147846013	-0.027669094	-0.024539821	-0.0127061997	-0.0618501694	-0.0492906838	0.0341192738	0.01837905	0.011355303	0.0672658936	0.0509174996	-0.0079239605	0.0058085977	-0.0077536656	0.1446993448	-0.0202940339	0.0276473006	-0.005005846	0.0586780464	0.0668766025	0.0094901545	-0.0290683972	0.029516495	-0.0371685153	0.0027058515	0.0437884266	0.0967808395	0.0589907988	-0.0325299165	0.0433157463	-0.0025257037	-0.0584932002	0.0595799632	-0.0527389433	-0.0363011518	0.0677946135	0.0274737706	-0.0491069315	-0.140545193	-0.0637460403	-0.0065769197	0.0195215106	0.0510062894	-0.0381602395	-0.1119419531	0.0427215945	-0.1446227105	-0.0650919516	-0.0451550174	0.0319051726	0.0039466693	-0.1458902541	-0.1212379768	0.0290973163	0.0673771674	0.0174259302	0.1172758333	0.1132963355	0.059739303	-0.0366019171	-0.0150666805	0.0589822194	0.0401419665	-0.0661802149	-0.0268206212	0.0280119109	0.0380480789	-0.1107733239	-0.0813480148	-0.115270575	0.0420142156	-0.0068171356	-0.0696676344	0.0832836007	-0.136843909	-0.0566389401	-0.0428595718	-0.0425847603	-0.0266278611	-0.001564561	-0.0230160397	-0.0252238478	-0.0028371431	0.0414927169	0.0449798132	-0.008508476	-0.0142546564	0.0586984312	-0.0161480496	-0.0794218076	-0.0857768306	-0.0306587036	0.0464314067	0.0	-0.0793974901688017	-0.0018902038645762	0.0063039614451049	3.572870649659151e-06	-0.0282307534070156	-0.0155393646311239	0.0007969754379277	0.000241471853139	-0.0088428294714191	0.0315614176649177	7.81956330605982e-05	0.0009961230850193	0.0016109583278032	-0.0002199733594325	4.8388278860019874e-08	2.595186733918482e-06	-0.0002203070883353	0.0001260413443898	4.853521317077769e-08	1.5886420495613373e-08	-0.0003808222849003	-1.394106809999695e-07	1.9435337976875256e-14	1.4502561267668526e-07	0.0	0.0	0.0	0.0	0.0	0.0	0.0	0.0	0.0
793.9783973036511	2.003931544982265	630401.6953848745	4.015741636975008	871.5866865598239	-6.069847341684181	759663.3521883327	36.84304675135051	754.8050534054223	1.2924966271117455	1.6705475310952385	569730.6686463624	754.6134078725179	687.7327333798415	1.021652	36.363716	0.0947882230897434	0.0680851258872911	-0.0268656012	0.0084627575	-0.0423815305	-0.0394426363	-0.0401952924	0.0409978597	-0.0342735719	0.0030587315	-0.0158438138	-0.0051335628	0.0388308593	-0.0570874539	-0.0110925328	-0.0279267868	-0.0387414969	-0.0193065824	0.0120161209	0.0024715162	0.0848305365	0.0812160559	0.0038780016	0.0330582318	-0.0199457983	0.0079050355	-0.0083160392	0.045757962	-0.012392813	-0.0066554872	-0.0819133856	0.0756777493	0.0744254914	0.0456470535	-0.109352621	-0.0467952727	0.0453295515	-0.0416775806	-0.0268402084	-0.0414162707	-0.0326285383	0.0740407266	-0.022950973	-0.0320842754	0.0389268243	0.0746969115	-0.0897680319	-0.0117491319	0.1045017887	0.0764695567	0.0243690144	-0.0139005523	-0.1089787954	-0.078894131	-0.0725485094	0.0041218141	0.0562784517	0.0682450841	-0.0044593508	-0.0706339599	-0.1082700224	-0.014676186	-0.0254124155	-0.2140537431	-0.0089590279	0.0314171832	-0.047131332	-0.0650243182	-0.012321168	0.0508541043	0.0463625436	-0.0511318405	-0.0364319411	-0.0582567113	-0.0487464542	-0.0571782203	0.0900779193	0.0226558942	-0.1223809456	-0.1101490479	0.0816823456	0.0552304454	0.0742952504	0.0395029479	-0.0185680939	0.0112081239	-0.0173333591	-0.0300333932	-0.1309053964	-0.0385787018	0.0050987229	-0.0956787554	0.0237984904	-0.0158398228	-0.015116966	0.0344251534	0.0196655011	0.0241416684	0.0064243016	0.1328045122	0.036960822	-0.0036175795	0.0815749449	0.0079138013	0.037305432	-0.0668041371	0.1001592145	-0.0134158594	-0.0938632542	0.0079299902	0.0403085089	-0.0595926844	0.0643434807	0.0362888057	-0.025928021	-0.075382356	0.0198493774	-0.0183624146	0.0229725149	0.1747824256	0.0239949765	0.0596448355	-0.0148818634	-0.0202785594	0.0145123349	0.0311031834	0.031350684	0.077978297	0.056511043	-0.093174973	-0.1138482823	-0.1315063939	0.0808050504	0.0784162198	-0.1166677983	0.0328424533	0.060393559	0.074106964	0.0145640695	-0.0280147883	-0.0328640054	0.0216737468	0.1154136193	-0.0464517502	0.0753890421	0.0304783077	-0.0063560541	0.0565307623	0.0821094785	-0.066962823	-0.0714928656	0.0434896052	-0.001859097	-0.0081019513	0.0097206047	-0.0690561511	0.062100302	0.0347980739	0.0887635758	0.0305382646	0.0384039072	-0.0160900034	0.0174198722	0.0115599269	-0.0987370512	-0.0336589437	-0.0976420978	0.0448314295	-0.0438479057	0.0233978765	-0.0291132071	-0.0370847903	-0.0199147321	-0.0038473197	0.0224054266	-0.0099930205	-0.0816544409	-0.0190435975	-0.0337822611	0.1697149442	0.0258712891	-0.0302695268	0.0234570675	0.0577711266	-0.0185093366	-0.0811495725	-0.0839876321	-0.0249320423	0.0524969085	0.0	-0.0685431820446496	0.010854308124152	0.0046981678048059	0.000117816004854	-0.0251890611532843	0.0030416922537312	0.0006344888017838	9.251891766408986e-06	-0.0737810150076541	-0.064938185536235	0.0054436381755596	0.0042169679407384	0.0018309663220506	0.0002200079942474	4.840351753276401e-08	3.3524376724835014e-06	-0.0002202582026751	4.88856602000147e-08	4.851367584566543e-08	2.389807773191301e-15	-0.0002817984212954	9.90238636049e-05	9.805725563241838e-09	7.941035024457975e-08	0.0	0.0	0.0	0.0	0.0	0.0	0.0	0.0	0.0
794.3107879793891	0.3323906757379973	630929.6279004382	0.1104835613175624	872.2759412912222	0.6892547313983641	760865.3177554877	0.4750720847550311	753.3219814958244	-1.4830719095979248	2.1995022890384357	567494.0078047952	753.4067635981241	673.2559235113958	0.990008	35.237431	0.0849512776570437	0.0484738409580433	-0.0205876161	0.0239221689	-0.060563327	0.080582408	0.0502718142	0.0538175128	-0.0332144795	0.1025471596	-0.0303874272	0.0213911442	-0.0189989535	-0.0627997288	0.0227938764	-0.0753320818	-0.0027912789	0.1063219222	-0.0160325394	0.009559047	-0.0760608192	0.000995379	-0.0220615878	0.0315741105	-0.0603827155	0.0436762961	-0.0329739654	-0.0254978413	-0.0717715735	-0.0276951361	-0.0385447016	0.0018081204	0.0586288614	-0.0653900371	0.0058622486	0.0215323135	-0.0537722458	-0.0822214348	-0.0331732874	0.0239418126	-0.1037380092	0.0634936791	0.0061962488	0.0043263905	-0.0400928051	0.0175361102	-0.0064503962	-0.0015014614	-0.0137559402	-0.1520966835	-0.0521679377	-0.0907604872	0.0039096624	-0.0663621061	-0.0057079324	-0.0569522016	-0.0970057918	-0.0113232493	0.1144967007	-0.1378483337	0.0462909609	-0.0366808415	-0.0241501871	0.0338472009	0.0881862503	-0.0056311201	0.0496324007	-0.0289001312	-0.0068295274	-0.060229412	0.1630410152	0.1058069135	-0.0270804355	-0.0148502659	0.0200264805	-0.0384508292	-0.0753575783	-0.0736113159	0.0250119038	0.108868764	-0.0059849733	-0.1037701966	0.0035641583	-0.0223901757	0.0546011084	-0.025502035	-0.1104826061	0.099555639	-0.0691720233	-0.1533637504	0.0675589134	-0.0267473974	-0.0080086224	-0.0107681312	0.0921545076	0.0589586909	0.0524349403	-0.0064375849	0.0113836498	0.0581237887	-0.0637364833	-0.0015972764	-0.0014438282	0.1216876025	0.0043651362	-0.0355006651	-0.1130257682	-0.0671283226	-0.0325435852	0.0505029942	-0.0294306722	0.044075729	0.0414593687	-0.1201990557	-0.0110730676	0.0495992923	0.0448216507	-0.0657702495	0.0289334789	-0.0308724917	-0.0345691288	0.021575641	-0.0494399434	-0.0402254136	0.02843857	-0.0631162082	-0.1183819071	0.0079328078	-0.1103660235	0.0407619333	-0.0632527936	0.1320124578	0.0565006232	0.0486000913	-0.0462158049	0.0139041685	-0.201893823	-0.000596086	-0.0826017974	0.0179157711	-0.031499414	-0.0883817283	0.1244735013	-0.135041195	-0.0524549013	-0.0433603903	-0.0705369999	0.1017704272	0.0388990657	-0.0033074886	-0.0503367151	0.1228233089	-0.0480407019	0.0929752252	-0.0701550924	-0.1434509238	-0.0122464909	-0.0178157975	-0.0225918632	-0.0175447368	0.0033068405	-0.015716486	0.0384072296	0.0104818476	-0.0639637432	0.0079344246	0.0195374456	0.0428297465	-0.0815340896	-0.1047320034	0.0557685869	0.0398475075	0.0166975475	-0.0068983858	0.0327574669	-0.0499450335	0.0749193174	-0.0441619419	0.0074831344	0.1339366781	0.0700444891	0.1363700085	-0.0223798532	0.0568338402	-0.0208578319	-0.0827511615	-0.0819662993	-0.0190977232	0.0582360367	0.0	-0.0674091743626661	0.0011340076819835	0.0045439967882563	1.2859734227975997e-06	0.0104202993876754	0.0356093605409597	0.0001085826393287	0.001268026558136	-0.0620979242625736	0.0116830907450805	0.0038561521977203	0.0001364946093577	0.0013289345100764	-0.0005020318119741	2.520359402340985e-07	1.7660669320720016e-06	-0.0003497532439575	-0.0001294950412824	1.223273316587945e-07	1.6768965716730482e-08	-0.0003807679418192	-9.896952052380004e-05	9.794965992710876e-09	1.449842255172297e-07	0.0	0.0	0.0	0.0	0.0	0.0	0.0	0.0	0.0
795.3112822539524	1.000494274563266	632520.0356804259	1.000988793433876	871.490402339055	-0.7855389521672578	759495.521369088	0.6170714453720333	755.2357807095775	1.9137992137531228	3.662627430562071	570381.0844640051	756.3600143432617	671.91049677646	1.109176	39.478992	0.4699613710876435	0.2730429227053332	-0.0475321229	0.1449463549	0.0668279482	0.0074066	0.1345749119	0.006782637	0.0168375293	0.03144944	0.1667164803	0.0299052794	0.0193963519	-0.1094695701	-0.0487930394	0.0274288516	-0.0160060866	-0.0249654042	0.1933949567	0.0614633546	0.045553451	0.0144930902	0.1064653055	0.081557489	0.1181192179	-0.1246134088	0.0458949076	0.0401639874	-0.0086783544	-0.0148652747	0.080346294	-0.1411377374	-0.0465061822	0.0189866143	-0.1182345845	0.0242202827	-0.0253020163	-0.0282658151	0.1477129186	-0.0445582032	-0.0796675097	0.0253632457	0.0521432929	0.0931574675	-0.0422893628	-0.0247765796	-0.0775309011	-0.0722274304	-0.1133225999	0.1351329786	-0.0171267038	0.0645569889	-0.0120594671	-0.0166555176	-0.0035500591	-0.0924346478	-0.0831128915	0.0418398873	-0.0415911873	-0.0757502785	0.0198396583	0.1188625274	0.0364921692	-0.1540251683	0.0318239135	-0.0461615012	0.0098842423	-0.0354570733	-0.0069656788	0.0658246015	0.0459080931	-0.0244363455	0.0630854518	0.1177196959	0.0396869278	0.0359236225	0.028475219	0.0754991237	-0.0199064961	0.0440614976	0.0039316842	0.0156868444	0.074427492	-0.0642049924	0.1078973999	-0.0875126935	-0.0459788437	-0.0411545641	0.0577909595	0.0294855614	-0.0171290683	-0.0364503808	0.0101852995	0.1436814352	-0.0368392156	0.0754387151	-0.0361526419	-0.0271629767	-0.0097109834	-0.083326633	0.0480582289	-0.0052234953	-0.15189015	-0.0459346395	-0.0449532947	-0.0564364512	-0.04803529	0.0717174878	-0.0397714017	-0.0269357878	0.1595081277	-0.0121784901	0.1123029307	0.0752350846	-0.0011259797	0.0201317078	0.0375180385	0.0169430055	0.135561139	-0.0093610899	-0.0336635166	0.0289497583	0.0547672505	0.1275842771	0.034628282	-0.0180429616	0.1351319941	-0.0110590543	0.0096917855	0.0152733668	0.0482628649	0.028515821	0.0662312619	0.1546088328	-0.0164372113	-0.0236354589	-0.1205497462	0.113720541	0.127816949	0.1186906625	-0.0255048839	0.0957204537	0.0039229964	0.05908199	0.0443233395	-0.0423643975	-0.0004463167	0.1075906752	0.013525412	-0.0183282491	-0.0104015175	0.0374008843	0.0180153361	0.0897444131	-0.0098611017	0.0785838557	-0.1003152129	-0.0396842759	0.0900509838	0.1207278979	-0.0896446702	0.017199238	-0.0526116746	0.1591917441	-0.0560210731	-0.0187106931	-0.0198126557	-0.178834471	-0.0914710361	-0.0704194315	0.0136593469	-0.0073427786	0.1664520853	-0.0923286072	-0.006528746	0.0622011784	0.0032659261	-0.2108626575	0.0862597622	0.0761858192	0.1725704279	-0.0456456869	0.0749499258	0.055886734	-0.0231919124	-0.0842240844	-0.0797184191	-0.0131809392	0.063613111	0.0	-0.083121759084733	-0.0157125847220669	0.0069092268333403	0.0002468853186481	-0.0673780577884883	-0.0777983571761637	0.0045398026713488	0.0060525843793099	-0.2501311524431315	-0.1880332281805579	0.062565593422529	0.0353564949000017	0.0043733080570707	0.0030443735469943	9.268210293638657e-06	1.9125823362039505e-05	-0.0003878339712799	-3.808072732240002e-05	1.504151892787383e-07	1.4501417934029832e-09	-0.0010666576876796	-0.0006858897458604	4.704447434764441e-07	1.1377586226859912e-06	0.0	0.0	0.0	0.0	0.0	0.0	0.0	0.0	0.0
796.6768932599357	1.3656110059832829	634694.072254303	1.8648934196626727	880.9057223099928	9.415319970937844	775994.8915984902	88.648250155141	754.4211051355347	-0.8146755740427807	0.6636962909419343	569151.2038739215	754.7101952870687	716.5471747011441	1.147001	40.825298	0.3182765424876986	0.1744306701879687	-0.0174223798	0.112163303	-0.0106735732	-0.0614341128	-0.1081290009	0.0050991001	0.0028655748	0.0628804719	0.0122319051	0.0009045075	-0.0732768184	0.0483282406	-0.0363834789	-0.0609882033	0.0490891808	0.0693161372	-0.0202194718	-0.0103990884	0.1300885197	-0.1600685657	0.0818257691	0.1519006871	0.0355212624	-0.0999095846	0.047485046	-0.1669719292	-0.0723909975	0.055623368	0.029010153	0.0066965658	-0.0748486229	0.1144080008	-0.1304007576	0.0638648912	-0.0264992883	0.00769485	0.1209147804	0.0616982996	0.0840849276	-0.0796169297	-0.0668083002	-0.0677984693	-0.1471239409	0.0290323689	-0.0049150944	0.0323590497	0.0563637289	0.0273741149	0.0350736646	0.0360824634	-0.0083008456	-0.0289722993	0.0258179785	-0.039724144	0.0106187251	0.0206005095	-0.0448164041	-0.0011644861	0.0157021026	-0.0858594184	0.0355009695	-0.0002484742	-0.0353311662	0.017760913	0.1200385497	0.0584357327	-0.008735888	-0.1155265507	-0.0312891148	-0.0833300557	0.0240678498	0.0680122969	0.1286873865	-0.0150913684	0.0450059105	-0.0576539156	-0.0900782331	-0.071251829	0.0463950955	-0.0438553893	-0.0849365655	0.0779277966	-0.0213889966	0.0303867944	-0.0959539032	-0.071691339	-0.0096574925	0.0592133589	-0.0271142371	0.0105644983	-0.0244270414	0.0900419855	0.0603106707	-0.0124318653	0.0707458113	-0.0206499577	0.0842058464	-0.0223770025	0.1279214868	0.0545533223	-0.2284403975	0.0784106769	-0.0376965272	0.0415223124	0.1166095738	0.018549832	0.0452462827	0.1121013652	0.0185645971	0.0145767111	-0.0619494392	0.0797567744	0.0162410883	-0.1022357797	0.0168098574	-0.0022841521	-0.0361522226	0.0213978196	-0.0713269535	0.0332245007	-0.011406591	-0.0322150659	0.1024915661	0.0135693779	-0.0047948675	0.0202056344	0.0273684585	-0.0699546417	0.0751977905	0.0244368752	0.0162848502	-0.0011314792	0.0169568133	0.0951449424	0.0511076954	-0.0921494916	0.0335087345	-0.0004863264	0.1278720857	0.0718951174	0.1329181984	0.0143123419	-0.0216690537	-0.0227956091	0.0002019084	-0.0060295772	0.1141518499	0.0454611608	0.0052374873	0.0515404142	0.1140614808	-0.0375490555	0.1025769466	-0.0017599156	0.0174816505	-0.0105774747	0.0103644707	-0.0061719963	-0.1078915293	-0.0210244319	-0.0883164378	0.0272817357	0.0116334078	0.0413559158	0.0293818776	-0.0152927136	-0.0037443037	0.0984469502	-0.0175974378	-0.0537962576	0.0183865094	0.0409382379	0.0271103532	-0.0342082725	0.0404501691	-0.0334298976	0.0042753284	0.0606923121	0.0699765983	-0.0076209583	-0.1523367322	0.0549299716	-0.025509965	-0.0855660509	-0.0772502043	-0.0072072393	0.0685947023	0.0	-0.0695269753757514	0.0135947837089816	0.0048340003049003	0.0001848181440939	0.0214737218134786	0.0888517796019669	0.0004611207285226	0.0078946387384365	-0.1216972343706714	0.1284339180724601	0.0148102168534701	0.0164952713114433	0.003387954950111	-0.0009853531069596	9.709207453951335e-07	1.147823874398163e-05	-0.0002212974625808	0.0001665365086991	4.8972566944700576e-08	2.7734408729685416e-08	-0.0004706260812526	0.000596031606427	3.552536758599504e-07	2.2148890835517885e-07	0.0	0.0	0.0	0.0	0.0	0.0	0.0	0.0	0.0
794.8753731506725	-1.8015201092631516	631826.858841421	3.245474704079517	873.4540250924917	-7.451697217501078	762921.9339502752	55.5277914213133	755.4383717028795	1.017266567344791	1.034831269037454	570687.1334410979	755.9748800532024	678.1978470815253	1.163287	41.404964	0.0891266988001879	0.0508692467537239	-0.0201247249	-0.0447138216	0.0005137131	-0.0862964735	0.0437655906	-0.0882305216	0.0380252616	-0.0253617416	-0.0044407411	-0.0708847754	0.0796131868	-0.0316147107	-0.0405560309	0.0268776755	0.0315520401	-0.0323642228	0.0352550596	-0.0567782637	-0.0198895257	-0.097028224	0.0923916277	-0.0111796917	-0.0110843949	-0.0426632804	0.1046405635	-0.0042547068	0.0602816892	0.0480724654	-0.0446464509	-0.0573893556	-0.0893306313	0.0275398683	0.080007474	-6.56144e-05	-0.0656510386	0.0712992188	0.0746624005	-0.0425910745	-0.0047580482	-0.1089552159	0.1029732508	0.0015926768	-0.0250391088	0.0908992916	0.0677747466	0.0093239954	0.0048997123	-0.078054174	0.0438405081	-0.0238587406	0.0500423337	0.0367738695	0.0941822211	-0.175357425	0.0275362046	-0.0523752471	-0.0211956576	0.0339142363	0.0204415916	-0.1293037033	0.0165225857	-0.0183368025	0.0155172334	-0.1149465607	-0.0285405563	-0.0386536609	-0.1391260052	0.0312084095	-0.0119222125	-0.0174469409	-0.03178269	-0.009739073	-0.0015611768	-0.0386717584	0.0641813322	0.1229314992	0.1057757383	-0.0477142064	0.0364493116	0.0548688112	-0.0666764451	-0.0960367263	0.055942729	0.0817012148	0.068790282	0.0614797302	-0.0429983043	0.0001513337	-0.0136794212	-0.0119832173	-0.0676131966	0.008282859	-0.0849380748	-0.0009330612	0.0272532447	-0.0940867346	0.0715859727	0.0042958829	-0.0137991415	0.00773647	-0.0483647508	-0.026703318	-0.109313286	0.0676813669	-0.1156773775	-0.0325688427	0.0566860344	0.001641457	0.0067053599	0.1622988852	-0.0520136376	0.0587331764	-0.0758715699	-0.0350555211	0.0049402866	-0.0753814566	0.0131468237	-0.0298051299	0.0189528817	-0.0463134222	-0.059707037	0.0239675861	0.056898507	0.0101184807	-0.0213894792	0.074288554	-0.0843553886	-0.0949993283	0.0568933912	-0.0340168144	-0.1169727855	0.0926368809	-0.029431486	-0.1566639747	0.0078714604	-0.0035420329	0.0398668891	0.0485072167	0.0308646768	-0.0685644409	-0.0201547792	0.0787335586	0.0551895866	0.015467379	-0.0154585414	-0.0640039727	-0.0511334168	0.0612411116	-0.00949349	-0.0530844118	0.1245041728	-0.0373361463	0.0109369411	-0.1053218417	-0.1406669835	0.0070597024	0.0230742567	0.0450674583	0.0242346443	0.0721505053	-0.0928625911	-0.013815444	0.0246957907	-0.0358700121	-0.0157948101	0.0330776437	0.0931493407	-0.0650246039	-0.0258632736	-0.0540342616	-0.0790567297	0.0519533861	0.0027051474	0.0676245855	0.0100509757	-0.0510045479	-0.0119763773	0.0324546121	0.0940607626	0.1241525067	-0.0018065745	0.0539637182	-0.0278103878	-0.0867749746	-0.0745684769	-0.0012024181	0.0731498398	0.0	-0.0775694303301861	-0.0080424549544347	0.0060170165217495	6.468108169411129e-05	-0.0018635563604618	-0.0233372781739404	3.4728423086176308e-06	0.0005446285525678	-0.1086326740094136	0.0130645603612578	0.0118010578624355	0.0001706827374329	0.0025299581519901	-0.0008579967981209	7.361585055857169e-07	6.400688250821161e-06	-0.0002210514788771	2.459837036999945e-07	4.886375631375298e-08	6.05079824859667e-14	-0.0004352207568661	3.540532438649999e-05	1.2535369949132912e-09	1.8941710720710093e-07	0.0	0.0	0.0	0.0	0.0	0.0	0.0	0.0	0.0
794.2264785391155	-0.6488946115570116	630795.6992126441	0.4210642169077249	873.7581092541035	0.3040841616117404	763453.2334873058	0.092467177343115	753.8138327932729	-1.6245389096065992	2.6391266688257984	568235.2945104844	754.5839985911051	679.6928872040853	1.058711	37.682774	0.0795403278187887	0.0472116196950366	0.1107914031	-0.0129356492	0.0273140273	0.0014971413	0.0313839788	0.0062495002	-0.0635528421	-0.08194027	-0.005493308	0.0074948145	-0.0257585351	0.0304808582	-0.0555921231	-0.0010384446	-0.0030568771	-0.0114370194	-0.0158992486	-0.0214772727	0.0020804858	-0.0597650836	-0.0251661205	0.0919462498	0.1082488036	-0.0526331162	-0.0580919493	0.0339138982	0.02941986	0.013251288	-0.0077017285	-0.0612178218	-0.0360330479	-0.1029946134	0.0105014536	0.0954619234	-0.0082015493	0.0091194413	-0.0927847627	0.0194288727	0.0279668969	-0.035312523	0.0009343954	0.0289382677	-0.0234015243	-0.0386082146	0.0219626088	0.0397511639	-0.0232015594	-0.0501519941	0.0187292795	0.1605348529	-0.0738659334	-0.0264360494	-0.0534623212	0.052243784	-0.0077505707	-0.082290249	-0.0307254782	0.1067099248	-0.0048955705	0.1537418789	-0.0580769732	0.0265108853	-0.0145080272	0.051043162	0.105764096	0.0109943004	0.0559600128	-0.036091663	-0.0154341138	0.0152154382	-0.0637158122	0.0393890296	0.0323606464	0.0375579221	0.0751298706	0.1136934592	0.0039171241	-0.0349222089	-0.0312336047	0.0239850982	-0.0761311951	0.1694261462	-0.0149065831	-0.011495814	0.0462135147	0.0542204225	0.0614127395	-0.0326279033	0.0116088023	0.0317617125	0.0814249766	0.0102054905	-0.0267474877	-0.0461009635	-0.0311389721	0.0041539998	0.0381782749	-0.0162240406	-0.0246343828	-0.0476124203	0.0124089349	-0.0465789945	-0.0256586074	-0.0664529918	0.0197659916	-0.006134825	0.0216169334	-0.0203941005	-0.0516871831	0.0091889116	-0.0808944044	0.0251756233	0.043110978	0.1120584264	-0.0263721825	0.0722724927	-0.0454842603	0.0339677879	0.0772822231	0.0433974486	0.05635762	-0.086749567	0.0153694461	-0.1083309012	0.0166856809	-0.0439139627	-0.018213973	0.0346752992	0.0506099494	0.1105036156	0.1051957347	0.0413328428	0.0306272775	-0.0407367904	-0.0458000374	-0.0194565839	0.0695222999	-0.0807614029	0.0758288939	0.0509916147	-0.0050460828	0.1137640267	-0.0077633669	0.0817596455	0.0012983146	0.0147898675	0.0527141284	0.0818865319	0.0185068914	-0.0269796847	0.1016191196	-0.0153063339	0.0335446968	-0.0888753075	-0.0042384241	-0.0827085259	-0.1048653603	0.0300626388	0.0137555724	-0.0975210725	-0.0538249245	-0.0239076451	0.0636549542	-0.0387398494	0.0081381421	0.0485711529	0.026925052	-0.088805633	0.071682143	0.0134450123	0.0153078846	0.0034048594	0.0288329282	0.0452402815	-0.0914541282	-0.0497446003	-0.1185666564	0.0651492422	0.0042660239	0.0767416539	-0.05913482	0.052988141	-0.0300915909	-0.0878489756	-0.071680649	0.0048075951	0.0772502043	0.0	-0.0774022257495516	0.0001672045806344	0.0059911045509845	2.795737178515536e-08	0.0274982566292862	0.029361812989748	0.00075615411765	0.0008621160620449	-0.0927265270396873	0.0159061469697262	0.0085982088168418	0.0002530055114225	0.0019529417848848	-0.0005770163671052	3.329478879073981e-07	3.813981615149029e-06	-0.0002210282954093	2.3183467799989905e-08	4.885350737154079e-08	5.374731792331688e-16	-0.0005402844718666	-0.0001050637150004	1.103838420970628e-08	2.919073105401709e-07	0.0	0.0	0.0	0.0	0.0	0.0	0.0	0.0	0.0
793.7001264679109	-0.5263520712046557	629959.8907551777	0.2770465028614309	874.1487989572379	0.3906897031343987	764136.1227183815	0.1526384441352446	753.5498267185436	-0.2640060747293091	0.0696992074939775	567837.3413475471	753.9653313573201	703.8217175456374	1.021159	36.346191	0.1255698360068441	0.0751424510546231	0.0269033087	-0.0019848596	-0.0069267204	0.008921172	-0.0764594196	-0.1186449533	0.0497107683	-0.0125418852	-0.0111104272	0.0409555941	-0.0916114545	0.0156451729	0.0840885613	0.0124554761	-0.080590382	-0.0275126085	-0.0540046171	0.0035265505	-0.0037761157	-0.0741681795	-0.0250385455	-0.0846601704	0.0429066473	0.0124077334	-0.0617322941	-0.1120619473	0.0740685026	0.0240535365	-0.0287704516	0.0784536307	-0.0002562558	0.033419643	0.088228321	-0.0317778892	-0.0643887729	-0.0462571996	-0.1070967553	0.0609316507	0.0732994501	-0.0067181489	0.0973980139	-0.0106437024	-0.0652892796	-0.0695427132	0.0644443826	-0.0223262324	0.0878290553	0.0967245661	0.0150505906	0.0036925642	-0.0494667488	0.031251948	0.0012802485	-0.017536155	-0.0207966349	0.0979008067	0.0230855589	-0.0346128047	0.1760440831	-0.141708222	0.0194438147	0.0162359945	0.0096000407	0.1084723911	-0.0022003364	0.0089354923	-0.1366993381	0.1119983822	0.0069249937	0.0613939025	-0.0012757835	-0.1540688891	0.1334602045	0.1454568034	0.0131028108	0.0207080051	-0.0181029243	-0.0005084304	-0.0593094027	0.132585769	0.0531846958	-0.0190593088	0.0935479986	0.0547997268	0.09465782	-0.0312774399	0.0086597849	-0.008241578	0.0369605209	0.0497305936	-0.0357200937	0.0146255016	0.0659758504	-0.1267373083	-0.0187379259	0.015977718	0.0305226886	-0.0273631144	-0.0970570597	-0.0282087601	0.101299571	0.0602359531	0.0182414118	-0.0605747968	0.0341015771	0.0199671055	0.0996063891	0.0023096344	0.0434646144	0.0659131424	-0.1010513111	-0.0433815612	0.0325307319	-0.1435656208	0.0220980867	-0.0270393562	-0.0763049104	-0.04600869	-0.0748969803	0.0067004696	-0.0636702339	-0.0624398854	-0.0065106748	-0.044037844	0.0552337398	0.0330199563	0.021268879	0.1615008368	0.0304944102	-0.0389615959	-0.0545942835	-0.0109587393	0.0521927937	0.0196682251	0.0293054656	0.1060031126	-0.0716454521	-0.0202062981	-0.0808182842	-0.0823883111	0.1741780487	0.0466170916	0.1199681223	0.0038002934	0.0155825734	0.0420000302	-0.0227196734	-0.1468160819	0.0834265483	0.0401461404	0.1225047905	-0.0502315777	0.0367639153	-0.0168730152	-0.1213432082	-0.0082083757	-0.0188308832	-0.0643882154	-0.0701489256	0.0394209955	-0.0183539928	-0.0703938836	0.0740744244	-0.0734169304	0.0334947668	-0.0369667929	0.0481843843	-0.0370599762	-0.0220564432	-0.0029000625	-0.0652004911	0.0616733186	0.0020320399	-0.0271404424	-0.0396563386	0.0384202607	0.0521801689	0.0021851392	0.0356553641	-0.0339362182	-0.0255875369	0.0520034083	-0.0323519979	-0.0887863842	-0.0685947023	0.010796849	0.0808703038	0.0	-0.0850684944336279	-0.0076662686840762	0.0072366487452041	5.877167553644896e-05	-0.0370000077625718	-0.064498264391858	0.0013690005744303	0.004160026109562	-0.0569068723073939	0.0358196547322934	0.00323839211581	0.0012830476651407	0.0020999961559026	0.0001470543710178	2.162498803544078e-08	4.409983854805697e-06	-1.7067998184572275e-05	0.0002039602972247	2.913165620285625e-10	4.1599802843999284e-08	-0.0005409827675964	-6.982957298000631e-07	4.876169262570028e-13	2.926623548362606e-07	0.0	0.0	0.0	0.0	0.0	0.0	0.0	0.0	0.0
793.9662555575572	0.2661290896463697	630382.4149640884	0.0708246923560055	869.1201496417706	-5.028649315467305	755369.8345133337	25.2873139379498	753.0412984302762	-0.508528288267371	0.2586010199681423	567071.1971415564	753.0513101450603	663.2419568172587	1.05163	37.430725	0.0846474052331958	0.0449239299271779	0.0178283361	-0.0868287602	0.0005648328	-0.0234047299	0.1388362612	-0.043750372	-0.0048920736	-0.0858105433	-0.0074551607	-0.0418216392	0.0791838547	-0.0962752859	0.0838359741	0.0421988111	-0.0462121504	0.0085428511	0.0755224814	-0.0149276646	0.0220923916	0.0527513425	-0.0463542185	0.0426477273	-0.0145186751	-0.015026514	0.0424536708	0.095276187	-0.000215055	-0.0752068558	0.0050475442	-0.0402683842	-0.1159862708	-0.019940703	0.0956520321	0.0128752724	-0.0391458462	0.034804939	-0.100428369	-0.0740458357	0.0044859659	0.0844950662	-0.0956380806	0.0669883173	-0.0509811465	0.0735878066	0.0548795239	0.042866768	0.1160921276	0.0708540019	-0.0298864169	0.0668593584	-0.004434212	-0.0454684815	0.0685942109	-0.0168594351	0.0442853344	0.0173613647	0.0367744733	0.0943013886	-0.0174182653	0.0067270764	0.0366344524	0.0607389323	-0.0054156389	0.0490940764	-0.0932793563	-0.0020908758	0.0283114465	0.1070732887	0.0324705392	0.0311008442	-0.09354533	0.0635536336	0.0279228643	-0.0109408536	-0.0287632413	0.0108459219	0.008288832	0.0926724248	0.0558122739	-0.025756641	-0.0081276787	-0.0116753348	-0.0955858549	0.0725190186	0.0352527431	-0.0962903143	-0.0559888117	-0.018783305	0.1736405377	-0.0684387412	1.42847e-05	-0.0116486819	-0.122234193	-0.0510398027	-0.0438284802	0.0808727721	-0.0198425459	-0.0238345026	-0.034457225	-0.1417137447	0.0164076018	0.0306017005	-0.0444766166	0.0125576347	-0.022386895	-0.1056701233	0.0033911125	-0.0294998879	-0.0231737144	-0.061324197	0.0531572167	0.0424643439	-0.0379012226	0.0102732594	0.1464643222	0.0035740446	-0.0476122431	0.0811053862	-0.0062926613	-0.0365565494	-0.0217458044	-0.0276154529	0.0480386522	0.0265883455	0.0196150198	-0.0280561561	0.0349967483	0.0198204853	0.0725323176	0.0554773505	0.0041470424	0.0207194495	-0.0871684489	0.0483081636	0.0172046966	0.0358655405	-0.0648896889	0.0551305026	-0.0401202206	-0.0550079819	-0.0851098853	0.0826536094	-0.0629048584	0.0479619011	0.0079895332	-0.0770899329	-0.0086113828	0.0682569831	0.0805375377	-0.0123466931	0.0456181811	0.0616357871	-0.0383556318	-0.0989437467	0.0345667252	0.0996865051	-0.0503265507	0.0592324213	0.057875394	0.0273055798	-0.0204044587	-0.015039474	0.0604240941	-0.03014201	-0.1092918905	0.0397935608	0.0281798151	-0.0962087787	-0.012277321	-0.0078660462	-0.0451330831	0.0231569773	-0.0548043306	0.000488802	-0.0428350064	-0.0122566583	-0.0400938825	-0.0545010525	0.0875102156	-0.0654797545	0.0407117582	0.0510096905	-0.0345900464	-0.0895857427	-0.0653191659	0.0167394815	0.0839876321	0.0	-0.077080833124242	0.0079876613093859	0.0059414548351272	6.380273319346068e-05	-0.0111675609889516	0.0258324467736201	0.0001247144184419	0.0006673153063119	-0.0914990903745973	-0.0345922180672034	0.0083720835393787	0.0011966215508089	0.0022199376694484	0.0001199415135457	1.4385966671657272e-08	4.9281232562359935e-06	-0.000221100357389	-0.0002040323592044	4.8885368037543527e-08	4.162920360252462e-08	-0.0005402550586869	7.277089095000669e-07	5.295602569657767e-13	2.9187552843678574e-07	0.0	0.0	0.0	0.0	0.0	0.0	0.0	0.0	0.0
795.0045578957987	1.038302338241465	632032.2470750944	1.0780717455976934	876.0631261385404	6.942976496769802	767486.6009796321	48.20492263469787	754.5387361078824	1.4974376776061715	2.242319598314565	569328.7042872806	754.8017792256674	690.582671609939	0.970526	34.544003	0.0272738727069225	0.014727773999156	0.1207896531	-0.0420172696	0.0193935259	-0.0171607107	0.0218282784	-0.0030837416	-0.0836661409	-0.0638413182	-0.0348125727	-0.0350054135	-0.0282112603	-0.0605800075	0.0249874889	0.0363494333	0.041287934	0.0127248148	-0.052851386	0.0858583373	-0.0758237348	-0.0518549998	-0.0518968441	-0.0212619076	-0.1617680916	-0.0203505552	-0.0452850377	0.0534829594	0.0032717112	0.0023403978	-0.0461734455	-0.0428750269	-0.1223876803	0.0354719123	0.0070930354	0.0330355053	-0.059789537	-0.003646348	0.1405094093	-0.1079796823	-0.1072429985	-0.0621802311	0.0344591724	0.0260501232	0.078425211	-0.1025032931	-0.0767076722	0.033231408	0.03218142	-0.0901553774	-0.0154713525	0.0575031072	-0.0018438133	-0.0374680538	-0.019989833	0.0176736686	0.0368684515	0.0361743743	-0.0271185532	0.0239915692	0.0698651468	0.0101963138	0.0487984087	-0.0707267997	0.0218799347	-0.0312355096	-0.0147241134	-0.0194519192	-0.040439603	-0.0349785097	0.0381872871	-0.0087056656	0.0988458104	-0.0576154908	0.013746376	0.0242033717	0.0580922319	-0.0573099812	0.0143598359	0.1268970324	-0.1495658652	-0.0756907501	0.080960147	0.0147290148	-0.0531321393	0.0718670679	-0.0385869351	-0.0644812353	-0.008750784	-0.0098968067	-0.0077016188	0.0639478466	0.0835495871	-0.001361721	-0.0393488214	-0.0507390678	-0.024524357	0.0452224518	0.0410038483	0.0373321603	-0.0096294422	0.0027702966	-0.0349480977	-0.0672976147	-0.0500899434	0.0264181457	-0.088046347	0.0084728895	-0.0116164202	0.0065375513	0.0869514599	0.0883138361	0.0568349918	-0.0063934686	-0.0407315878	0.1146034699	-0.0331435309	-0.0019307067	0.0523181537	0.1130137591	-0.1531491006	-0.0542616389	0.0166516331	0.0002156087	0.0151954617	-0.0914039879	0.0960431161	0.0711841415	-0.0429997759	-0.0225682126	-0.0346309256	0.0341128491	-0.0665100872	-0.0580089205	0.0372881985	-0.0102231498	0.0387832264	0.0959650658	-0.0178399042	0.0776925102	0.0314983779	0.0459434115	0.117843778	-0.0208530079	-0.1462833654	0.0906476543	-0.0737346041	-0.0443696648	-0.0530468096	-0.0823511201	0.0502112876	0.1059081744	-0.0738005525	0.0057787751	0.0411937435	0.0014203735	0.0576009977	0.0423132496	-0.0896314648	0.0290889432	0.0320375163	-0.0594809831	-0.0188970625	-0.0506108762	0.0841093588	-0.0337846813	-0.0253964907	0.0395048133	0.0565290957	-0.034818634	0.0459657926	0.0900654318	0.0302188383	-0.0160518348	0.0087131296	-0.0222793919	-0.0986666196	0.0440545073	-0.0342936435	0.0295414692	0.0527184508	-0.0407913353	-0.0472378183	0.0500071591	-0.0368041899	-0.0902458083	-0.0618630933	0.0226098321	0.0865828087	0.0	-0.076949918673705	0.0001309144505369	0.0059212899838898	1.7138593359402645e-08	-0.006023245224938	0.0051443157640136	3.627948303973841e-05	2.6463984679878827e-05	-0.0987158540618793	-0.0072167636872819	0.0097448198431662	5.208167811807204e-05	0.0020069632640684	-0.0002129744053799	4.535809734696451e-08	4.027901543320086e-06	-0.0001390429297223	8.20574276667e-05	1.933293630576045e-08	6.733421435275703e-09	-0.000540860801742	-6.057430551000735e-07	3.669246488019707e-13	2.925304068609991e-07	0.0	0.0	0.0	0.0	0.0	0.0	0.0	0.0	0.0
796.1069297401182	1.102371844319464	633786.2435802375	1.2152236831482963	878.420888533959	2.357762395418604	771623.25741279	5.559043513250073	753.7579569408175	-0.7807791670649067	0.6096161077225695	568151.0576515953	754.214374071757	713.0001117309295	0.956823	34.056271	0.0688533941715448	0.0449517949427393	0.0697057374	0.0140092204	0.0325690759	0.0248462435	-0.0957498241	-0.0819040446	0.0217550682	-0.0703874804	0.0205027975	0.0545730315	-0.1194784847	-0.0114703792	0.0422590006	-0.0894368294	0.0209623388	0.0335198372	-0.0384161416	-0.0439888621	-0.0520921975	-0.0900626912	-0.0199158567	-0.0037467911	-0.0308644666	0.044916228	-0.0634195466	-0.0956935986	0.0260653452	-0.0789964641	-0.0095785662	-0.1107161222	0.0238182531	0.1161159169	-0.0036258819	0.044737829	-0.0376724131	0.1309143658	0.0188725361	0.0582904031	0.1182873396	0.0329451612	-0.0194289835	0.1040707416	0.0799409354	-0.0788017009	0.1322375957	0.101746	-0.1619620055	-0.0434534506	-0.1249896385	-0.0140544789	0.01781122	-0.0526999295	0.0104800945	-0.0361859909	-0.0476883978	-0.0843307996	-0.0396054474	0.0608701131	-0.0649081431	0.0613381665	0.0327328243	0.0362966152	-0.0080842783	0.056422685	0.1156581926	-0.0655346049	0.0622220337	-0.0492394378	0.1382256946	-0.0226922682	0.0668975184	-0.0122508999	0.0079449468	0.0611965531	0.0204583778	0.0996624454	-0.0141853065	-0.0351896278	0.1075799489	0.1688014864	-0.0991926606	-0.0646157354	-0.0959151094	0.0397222567	-0.0708411087	-0.0783950976	-0.031951773	0.0643124749	0.0259811821	0.0834170994	0.0097965224	-0.0078784231	0.0547107887	-0.1243266443	-0.0334938584	0.008283474	-0.017310054	0.0032453152	-0.0148571499	-0.0737835466	-0.0652676305	0.006833834	-0.0001742217	0.042039089	-0.0071594503	0.2234625704	0.0056304278	-0.0585326497	-0.0226538286	0.0031318025	-0.0840755197	-0.2207706954	0.006204767	0.1052248426	0.0507030452	0.0578087479	0.0569359301	0.0072805469	-0.0652327441	-0.0197027143	0.032754231	0.0131878043	0.0827546849	0.0279096442	0.0302129281	0.0296966714	0.0681539277	-0.0515872231	0.1406698329	0.1075297115	0.0425230908	0.0327237958	0.0884318278	0.0101333222	-0.0098858547	-0.0867640602	-0.0725803073	-0.0489226694	0.1410960526	0.0383587263	-0.0050347216	0.0859008977	0.0548164213	0.0244113277	0.082079339	0.1109729267	0.01027976	-0.0964137191	-0.1170083211	-0.0256611981	0.0937796677	-0.0018026522	0.0033401583	-0.032407929	0.0383736747	0.03529565	-0.0596374361	-0.0557652876	-0.055381173	-0.0160434012	0.0057196017	-0.0779440137	0.0903480409	-0.0277229006	0.0623163253	-0.0404414655	0.0442675148	-0.0314125333	-0.0081745476	0.0994879253	-0.002573345	0.0157487901	-0.0095763938	-0.0951394012	-0.009419955	0.0679504514	-0.0543804104	-0.0146075931	0.0329957136	-0.0697557526	0.0092241487	0.0489959873	-0.0389928981	-0.0907655546	-0.0582360367	0.0283825523	0.0886396995	0.0	-0.07687438467822	7.553399548500261e-05	0.0059096710196549	5.705384473928395e-09	-0.0370118746613457	-0.0309886294364077	0.0013698788659471	0.0009602951543469	-0.066279339492894	0.0324365145689853	0.0043929508436142	0.0010521274773839	0.0019539798650586	-5.298339900979996e-05	2.8072405706316717e-09	3.818037313054425e-06	-8.502841357316271e-05	5.401451614913728e-05	7.2298311147688e-09	2.917567954825412e-09	-0.0005409172099964	-5.640825439991865e-08	3.181891164445941e-15	2.925914280702895e-07	0.0	0.0	0.0	0.0	0.0	0.0	0.0	0.0	0.0
794.3565551237085	-1.7503746164096583	631002.3366680053	3.0638112977712586	871.9909520662748	-6.429936467684229	760368.2204854483	41.34408297845554	755.9780125432338	2.2200556024163234	4.928646877820104	571502.7554488179	755.7186657714843	668.0286437850193	1.046867	37.2612	0.0832998101726624	0.0482145538253675	0.0199622534	-0.0707144264	0.0230838602	-0.0265449368	0.1116893557	-0.118356036	0.0620391134	-0.0975490402	0.0618038869	-0.0837904818	0.04117504	-0.0934978123	0.0244701119	0.0085409518	0.0150520338	-0.025141422	0.1428406457	0.0275566645	-0.0645769753	0.0206957965	-0.0562559999	-0.0558830328	-0.0501236632	-0.0190456366	0.1103570671	0.0629356749	0.1130481461	-0.04774475	-0.0611739961	0.0259828295	0.0052984341	0.0510565116	0.0106402434	0.0741803371	-0.0301876197	-0.02708923	0.0362341491	-0.0557090811	-0.0410534857	0.038188889	0.0495830987	-0.0320494331	0.0051988177	0.0253438013	0.036061157	0.0358285246	-0.1195774072	0.0355202684	-0.0549021079	-0.041879397	-0.0252852684	0.0489540518	-0.0176481768	0.080937445	-0.0688632286	-0.0087154897	0.0483525113	0.1077008814	0.0729890599	0.0417798293	-0.0712980525	-0.0074494711	-0.0565434299	0.0085216082	-0.1225977419	-0.024968093	0.0652216036	-0.0311633963	-0.0903697933	-0.0191053604	-0.0492700692	-0.0117045268	-0.0315847562	0.0541132183	-0.0202904833	0.1628844662	0.0153927783	-0.1321315247	0.082173636	0.0330495233	0.0322716684	0.0467764641	-0.0600286108	-0.1178301049	0.1259095324	-0.002787664	-0.0307560902	-0.060910558	-0.0501249456	0.011719545	-0.0407783543	0.0116883988	-0.1129486641	-0.0775585266	-0.0615183346	-0.0173462182	-0.0506680044	0.0550855312	0.0099090464	-0.0036520828	0.0213656761	0.0821817079	0.0356783734	-0.0083581629	-0.0668648359	0.0541111685	-0.1600932691	0.0091606943	-0.0442091541	0.0796866355	0.0233434358	-0.0373811956	0.0166180791	0.0624144211	-0.0159360892	-0.1080480254	0.0021777115	-0.024851857	-0.0126536517	-0.0566697077	0.0959660396	0.0937541096	-0.0147915896	-0.0247085575	0.0768287349	-0.0109420012	-0.0494591451	0.0527009004	-0.0764233963	0.0068734359	-0.015793958	0.0443199061	-0.0638496076	0.05347907	0.065216591	-0.0199964763	0.0494914172	-0.0588353876	-0.0605603585	-0.0200695979	-0.1274500251	-0.0342725489	0.1239958963	-0.0470930827	0.0091607703	-0.0403310028	0.0381167778	-0.1230368069	-0.0152618204	-0.0993520057	-0.0113652561	-0.0594306406	-0.0229279606	0.1192540538	0.0634834229	-0.0146093422	-0.0294517865	0.0266923489	0.0277380591	0.0832283462	-0.037443183	-0.0418377944	0.0495481716	-0.0219580389	-0.1057583582	-0.0123531064	0.106976552	-0.0333900594	-0.005366086	0.0095914266	0.0032283237	0.0830296028	-0.091523472	0.0336877974	0.02106657	0.0522792072	0.0056545887	-0.1063221151	0.0891427138	-0.0107186987	0.1125268944	0.04797635	-0.0411546584	-0.0911441736	-0.0544480209	0.0340327152	0.0901455167	0.0	-0.0604424581696463	0.0164319265085736	0.0036532907495894	0.0002700082087831	-0.0254126717127007	0.011599202948645	0.0006458038835774	0.0001345415090438	-0.1078974243257278	-0.0416180848328338	0.0116418541761261	0.0017320649851529	0.0021679948793754	0.0002140150143168	4.580242635302013e-08	4.700201796997955e-06	-2.60864032146646e-05	5.894201035849811e-05	6.805004326780634e-10	3.474160585101298e-09	-0.0005409721029733	-5.4892976900089436e-08	3.013238912953752e-15	2.926508161953548e-07	0.0	0.0	0.0	0.0	0.0	0.0	0.0	0.0	0.0
794.357470674353	0.0009155506444358	631003.7912161555	8.382329825268549e-07	876.861678314209	4.870726247934272	768886.4028960114	23.723974182315867	753.477622434215	-2.500390109018781	6.251950697278952	567728.5275091175	754.3784669876098	685.6181901785044	0.973825	34.66143	0.0792659011350658	0.045497751226557	0.109552732	-0.0422186138	-0.0082323519	-0.0426702188	-0.0077960719	-0.0099469066	-0.0479199535	-0.1051914018	-0.0318710413	-0.0794770737	0.0218914855	0.0198052075	-0.0243565212	0.0223027155	0.0404647336	-0.0058653064	0.0046665481	0.0668187981	-0.006290484	0.0651152344	-0.1324123776	-0.0089356853	-0.0745563073	-0.053912197	-0.0591637086	-0.0136779808	-0.0463594105	-0.025688633	-0.041890577	0.1240336773	0.0533120414	0.0037677562	0.0630300458	-0.0517709072	0.0307149631	-0.0786329742	-0.0203518761	0.0061663079	-0.0368964295	-0.0504132836	0.0877830676	-0.0347024503	0.0856313942	0.1166210046	-0.1492361635	-0.0414365895	-0.0748968322	-0.0630590785	-0.0328768718	0.0434033624	0.0038995584	0.002486243	0.0644558957	0.0892050601	-0.0604523282	-0.0411968979	0.0230756047	-0.1088892427	-0.0423039791	-0.0634916254	-0.0106809484	0.0197423582	-0.0781667456	-0.0317738478	0.019800765	-0.0317832698	-0.0113620974	-0.0568796954	0.0016082453	-0.110591795	-0.0070464973	-0.0401192932	-0.0618670694	0.0439744609	-0.0503541234	-0.0673862232	0.0659534102	-0.03725985	0.0442990682	0.0609478244	-0.0790842866	-0.0709025691	0.1850859845	0.0098891812	0.1390123299	-0.0717802564	0.1066994689	0.0326154023	-0.1088238173	-0.0431669113	0.0580811091	0.0167940657	-0.0475038	-0.0764912871	0.091994117	0.0146737924	-0.0380521951	0.0324316825	0.0550178361	0.0368093221	0.0999937398	-0.001382406	-0.0133104251	-6.9016e-06	-0.0908152846	-0.0301611035	-0.0311051513	0.0150472563	-0.0095555536	-0.0089197729	-0.0820890591	-0.0543472146	0.0580070742	-0.0674875362	-0.164803106	0.0631160229	0.1227591816	-0.0022230188	-0.0472813526	0.1293661421	-0.0555383564	0.0330569793	-0.0734292785	0.0145345696	-0.0211544675	-0.0889071123	-0.0464511219	-0.0414542686	-0.0121292281	-0.0576705306	-0.0665476275	-0.0284613936	-0.032120897	0.043629557	-0.0955282368	0.020667856	0.0117595249	-0.0511382975	0.0895811916	-0.0190216071	0.0011186159	0.0314926507	0.0061717574	0.0036554273	0.0218768662	-0.0330606802	0.0005986834	0.046436561	0.047134042	-0.0098983781	-0.0987794342	-0.0477162181	-0.0924041107	-0.0370233292	-0.0669496407	-0.1373036205	0.0140033835	0.0553853314	0.0575913342	-0.0492584757	-0.047258999	-0.0392079631	0.0329533813	-0.0446444403	-0.0360868636	0.0126625596	0.081481276	0.0434567442	0.0594791246	0.0290730423	0.0657745195	-0.045249374	-0.0419753836	-0.032393115	-0.0385072377	0.125864528	0.0973675041	-0.0365372638	0.0601879117	-0.0455765979	0.0225907627	0.0469484232	-0.0432879769	-0.0913810765	-0.0505095157	0.0395359232	0.0910908987	0.0	-0.0604426433854428	-1.8521579649849465e-07	0.0036533131394198	3.4304891272571776e-14	0.010180348506978	0.0355930202196786	0.0001036394957235	0.0012668630883584	-0.1335695057511259	-0.025672081425398	0.0178408128666	0.0006590557647122	0.0020710209307484	-9.697394862700008e-05	9.403946712312048e-09	4.289127695597969e-06	9.908255608248596e-05	0.0001251689592971	9.817352919838977e-09	1.5667268371531732e-08	-0.0004031027254136	0.0001378693775597	1.9007965268699133e-08	1.624918072358722e-07	0.0	0.0	0.0	0.0	0.0	0.0	0.0	0.0	0.0
794.5058417251039	0.1483710507509386	631239.5325353158	0.0220139687009375	878.924679330679	2.063001016470025	772508.591936537	4.255973193956358	754.2550427667026	0.7774203324875089	0.6043823733649888	568900.6695390003	754.5409528096517	699.4337272644043	0.991013	35.273201	0.1366339351464316	0.0779775689932033	0.087081154	0.0458389028	-0.0582084103	0.0097264687	-0.0645153035	0.0072460621	-0.0436098785	-0.0234036259	-0.0331804281	-0.052363509	-0.1248957625	0.0314713104	0.0594592015	0.0100332538	0.0291569969	-0.0179704602	-0.067363689	-0.0030833426	0.0760332685	0.0504613884	0.0088330491	-0.0871308204	0.0005707332	-0.0051282185	-0.0951244399	-0.0083501279	-0.0388024723	-0.0201865814	-0.0864261199	-0.0182811593	0.0082133791	0.0166567155	-0.1097506703	-0.0489644129	-0.1138802544	0.1129339455	0.0084799604	0.0788932112	-0.0058171076	-0.0393116442	0.0097836598	0.0194881464	0.011237032	0.0543779154	0.0074425497	-0.060081476	-0.0311995853	0.0566792929	0.0656521521	-0.0905636967	-0.0582245163	0.0322658707	0.0325074121	0.1025308905	0.0621382712	-0.0345850327	0.07624209	0.0704571147	-0.0771859215	-0.0651987258	-0.0387216066	0.0372416123	0.1804840606	0.093893413	-0.0313194393	0.0108001492	0.128279595	0.0531101369	-0.0524481864	-0.0254373978	-0.1104815532	0.0536515646	-0.0845007357	-0.0964879062	-0.0701538822	-0.0031852393	0.0132861166	-0.0340259697	-0.0400527535	0.0578721944	0.0733258298	-0.0382699901	0.0114237211	0.0601322291	0.0302509814	0.1105744719	-0.0316125227	0.1073259881	-0.097354218	-0.0825465095	0.0423423771	-0.0126444837	0.0616759308	-0.0639133682	0.0365658253	-0.000983472	-0.0232094175	0.0524724648	-0.0140027092	-0.0642412166	-0.0538398494	-0.0448588024	-0.1087235572	0.0526429842	0.1281975322	-0.0842699289	-0.0406214935	-0.0614901964	0.0724920205	-0.0021297666	-0.0966320377	-0.0835143066	-0.0197761449	-0.0698186935	0.0346594816	-0.015499516	0.0302068982	-0.1286317599	0.0846225856	0.0164081475	-0.0687703715	-0.0013796557	0.023829098	-0.0251564569	0.0360573843	-0.0476980999	-0.023701467	-0.0945941125	0.0497174477	-0.0756372356	-0.0218992362	0.0403349515	-0.0559572949	0.0152386942	0.1396884248	-0.0372496662	-0.1243360996	-0.1564092618	-0.0572082831	0.0047341036	-0.0929080852	-0.063094057	0.0185043293	0.0186803801	0.0769934736	-0.0439562991	-0.0837503738	0.0612358289	-0.0193139361	0.0853407204	-0.1097297651	0.00084041	-0.0411398611	0.0871031784	0.1085529672	0.0437105766	-0.0909390143	-0.0434119784	-0.0271973615	-0.073369345	-0.0025859851	-0.0937643708	0.0001581936	-0.0361440915	0.0401142195	0.0047786366	0.015208863	0.1100857351	0.0407396917	0.0725808931	0.0286945875	0.0818941209	0.0280273918	0.0517191128	0.0242702486	0.1007227165	-0.0052950575	-0.1114510903	0.0064937037	-0.0506526857	0.0136613265	0.0459123846	-0.0453913792	-0.091475895	-0.0464314067	0.0448684131	0.0914699679	0.0	-0.0758091819141384	-0.0153665385286955	0.0057470320624909	0.0002361305063538	-0.0073096034269894	-0.0174899519339674	5.343030225985518e-05	0.0003058984186524	-0.0626940145809129	0.070875491170213	0.0039305394642717	0.0050233352486189	0.0017400768659493	-0.0003309440647991	1.0952397402575093e-07	3.027867499411938e-06	0.0002880294072049	0.0001889468511224	8.296093941480609e-08	3.5700912549075696e-08	-0.0005412508797632	-0.0001381481543496	1.9084912550200905e-08	2.92952514844438e-07	0.0	0.0	0.0	0.0	0.0	0.0	0.0	0.0	0.0
794.6395713393529	0.1337296142489776	631452.0483383904	0.0178836097271803	874.2998461503249	-4.6248331803541305	764400.2209784818	21.3890819461045	753.7840087347487	-0.4710340319538773	0.2218730592587262	568190.3318242277	754.2190872828165	687.413902783286	1.08297	38.54623	0.0417273736996126	0.0241566812097264	-0.0388984005	-0.0183144552	-0.0124795341	-0.0339860971	-0.0275466041	-0.1308878907	0.1071353727	-0.0022695451	0.0027636945	-0.0473247071	-0.001833991	-0.0803967824	-0.0187656121	0.0017949896	-0.0585024911	-0.0722950709	0.0289383746	0.0108174843	0.0325310994	0.0243402457	0.0473731418	-0.1002078595	-0.0111544314	0.043291981	0.0828480941	-0.060457061	0.007620951	0.0178380156	-0.02423835	0.1395255727	-0.0003334372	-0.0404243687	0.0104670909	0.0934305477	0.019646329	0.0151414396	-0.0213586708	-0.0088625592	0.0410881695	0.0088566702	0.096302805	0.130041365	-0.0246174691	0.0266649312	-0.0428451564	-0.0071893995	-0.0110068789	-0.0501914489	0.0577797595	0.0434540439	0.0966290682	0.0057042009	0.0029096892	0.0965441862	-0.0495554962	-0.0120611885	-0.0224498197	0.0113193268	-0.019905875	-0.0618400775	-0.0253973108	-0.0974653936	0.1182283172	0.0405431552	-0.0403974537	-0.0192812973	-0.0384194292	0.1441548897	-0.0018406552	0.1070689563	-0.090032747	-0.0729710842	-0.0550152362	-0.0461687736	-0.0646506575	-0.0787429108	0.0624973054	-0.0404126983	-0.0450913934	0.0345391879	0.1143371462	-0.0384552318	0.007465029	0.0340687494	-0.0351749857	-0.1377496436	-0.0169402807	-0.0442531373	0.0178181238	0.0663098883	-0.1183078167	-0.0045154314	-0.0216336337	-0.0465574442	0.0203651172	0.0600818457	-0.037046132	-0.0240591378	-0.0084514027	0.0888650656	0.0510053932	0.0358333809	-0.0380855752	-0.1739027857	0.0543426454	-0.0153017904	0.0246389688	-0.0541169027	-0.0688235525	0.1043248457	-0.0734945182	0.0492649944	-0.0119043947	0.0232149775	0.0354258773	-0.0334306465	0.0490517666	0.0305079712	0.0158349255	0.0170947547	-0.0334057962	0.0442639161	-0.1126668944	-0.0813637689	0.0775383317	0.0134742715	0.0271776469	-0.0010645213	-0.0346646445	-0.0868323925	-0.1261384969	0.0544423723	-0.010712917	-0.0517369754	0.0878578671	0.0039001591	-0.0978672436	0.0417177678	-0.0416331326	-0.0246156353	-0.071843039	-0.0249046812	-0.0070157013	0.0043910787	-0.0727814543	0.0327200325	-0.043650125	0.0830228356	-0.0472639165	0.0157147054	-0.0381908286	0.0007741354	-0.0734251857	-0.0040368896	-0.0084141615	0.0895554952	0.0045153736	-0.0354912752	-0.018997741	0.0900246016	-0.0028410334	-0.0697992866	-0.0087827604	-0.0405357525	-0.0462510898	-0.1008859069	0.0887957793	0.052471236	-0.0127356406	0.0011005362	-0.0143818303	0.0391787484	-0.0573493314	-0.0499593616	-0.032515771	0.0640786232	0.0524536306	0.0042847701	0.0859764169	-0.0258382503	-0.0305548765	0.0448684131	-0.0474634117	-0.0914284817	-0.0422249655	0.0500071591	0.0912803678	0.0	-0.0757481909602404	6.0990953897999134e-05	0.005737788433749	3.7198964573878557e-09	-0.0185749992929373	-0.0112653958659479	0.0003450305987326	0.0001269091440165	-0.0812882209394558	-0.0185942063585429	0.0066077748635017	0.000345744510104	0.001768024721188	2.794785523869991e-05	7.81082612443326e-10	3.1259114147319048e-06	8.002162847642325e-05	-0.0002080077787284	6.403461024018712e-09	4.326723601155494e-08	-0.0005410709033059	1.799764572999992e-07	3.2391525182258434e-14	2.9275772240426255e-07	0.0	0.0	0.0	0.0	0.0	0.0	0.0	0.0	0.0
795.2799730506451	0.6404017112922702	632470.2355354349	0.4101143518260682	868.2371505150428	-6.062695635282125	753835.7495344811	36.75627836606893	752.6354137246681	-1.1485950100806122	1.3192704971820814	566460.0659925023	753.1488847986857	680.1179212912535	1.038208	36.952995	0.1386645512075651	0.0845014998177116	0.0687817769	-0.0778806567	-0.0208090786	-0.105124145	0.0856096789	-0.012210148	-0.0452663874	-0.055697926	0.0125632705	-0.0916633685	0.0078988801	-0.0787193825	-0.0125220451	0.0892186092	-0.0260883188	0.104595087	0.0245425948	-0.1124025339	0.0054140899	0.0845376175	-0.0139960411	0.0407094786	-0.0607216469	-0.0016575231	-0.0330276714	0.0468816509	-0.0837070583	-0.0500972728	0.1402491264	0.0200291433	-0.0230772495	0.0276743771	0.0906413769	-0.010866444	-0.0589339882	-0.0387493398	0.099898703	0.1215120441	0.0620085485	-0.0118104148	-0.0205102879	0.0453244505	-0.0624818142	-0.1235308004	-0.0569244152	-0.0314222033	0.0405191379	-0.0176722008	-0.0075786008	-0.1015540572	-0.0107756112	-0.0060280293	0.076295343	0.0042002552	-0.0673022247	-0.039981549	-0.029832251	-0.0901661589	-0.0468522747	-0.11456142	-0.0577003476	-0.0457438415	-0.108567134	0.0918361257	-0.0402994357	-0.0403193501	0.0189567442	0.0360108344	-0.076712979	-0.0351525227	-0.023374845	-0.009293497	0.0989698797	-0.0589344854	-0.0671639517	-0.0121357733	0.0431870338	-0.0769927529	-0.0061035592	-0.0889644702	-0.050664643	-0.0262928679	-0.0787107267	0.0035345266	-0.0909020416	0.1038011608	0.0234200426	0.0528964137	0.1046277726	-0.0038779339	0.05968068	0.0033927445	-0.0550497077	-0.0307825328	0.0444216778	0.0851918721	-0.0522999669	-0.1455682575	-0.0611447966	0.0042679067	-0.0561654591	0.0785810114	0.0322328884	0.0747951908	-0.0698091518	-0.0224722725	0.0947490824	0.00912471	0.1205867888	-0.0398577905	-0.0298189034	-0.0402754638	-0.0833550567	-0.021540941	-0.0347857006	0.0718407184	-0.0311700415	0.0005969315	-0.0299056139	0.0791514543	-0.0163605028	0.0550169238	0.0094031717	0.0614681485	-0.0580697163	0.008556234	0.0037880803	0.0030016532	-0.0973035749	-0.0549581741	-0.086339657	0.0116513468	0.0436696935	0.1245708386	0.0579536001	-0.067835825	0.0838218577	-0.0492459891	-0.0137942476	-0.0545917773	0.0244215574	-0.0741177149	-0.0067367889	-0.0267220343	-0.0575988967	0.0084882893	0.0845403014	0.1018224475	-0.0679745642	0.0918591042	0.0550799046	-0.0319871094	-0.0804872499	0.0387571293	-0.0292594552	0.1090614595	-0.0179278245	0.0550266229	0.060693111	-0.0063330878	-0.0419225499	-0.0334943423	0.0166810785	0.0044981371	-0.0343967317	-0.0220672093	0.1146195811	0.0058475382	0.0532881489	0.046458454	-0.0169683337	0.018843066	-0.0561859686	0.0106517758	-0.0492789742	0.1090937456	0.0759203353	-0.0853630492	0.012233921	0.0470318818	0.0520056685	0.0438166893	-0.0495026423	-0.0912389102	-0.0379018183	0.0549299716	0.090523277	0.0	-0.060404930654343	0.0153432603058973	0.0036487556473559	0.0002354156368145	0.0100397193481143	0.0286147186410516	0.0001007959645889	0.0008188021229065	-0.1566437583299631	-0.0753555373905073	0.0245372670237358	0.0056784570154121	0.0020840442268772	0.0003160195056892	9.986832797604632e-08	4.343240339580186e-06	0.0001509362728735	7.091464439707676e-05	2.2781758468943652e-08	5.02888678996385e-09	-0.0005411574506218	-8.65473159000112e-08	7.490437889496331e-15	2.928513863634859e-07	0.0	0.0	0.0	0.0	0.0	0.0	0.0	0.0	0.0
795.2378428824743	-0.0421301681708428	632403.2267523708	0.0017749510701034	878.4233514932486	10.18620097820576	771627.5844486313	103.7586903684	755.0906459990811	2.4552322744129924	6.028165521319195	570161.8836753096	755.6622919591268	695.7134175710548	1.078234	38.377651	0.0854630475852158	0.0606862886132739	0.1149117257	0.0481279439	-0.025315345	0.0576162332	-0.0535997292	-0.0059005161	-0.0417316948	-0.0283152232	0.001068824	-0.0446190145	-0.1160634696	0.0625647472	-0.0606925957	-0.0630252915	0.0487393826	-0.003419007	0.030693441	-0.0424331227	0.0622649963	0.0312162321	-0.0573031473	0.0151996222	0.0085817887	0.0049186083	-0.1215652693	-0.0152153969	0.0952052493	0.0406460473	-0.0557144307	0.0737120194	0.0991753162	-0.010231958	0.0247677354	-0.0045271682	0.0420026644	-0.0192406401	-0.1080599851	-0.0168323518	0.0053489475	-0.0554311378	-0.0220623815	-0.0687533088	-0.0158176857	-0.1551468551	-0.0989998462	-0.1010515913	-0.0226900868	0.0250295719	-0.0788104983	-0.0674730826	-0.0131579475	0.0365500989	-0.0888219747	0.0398401977	-0.0018298842	0.0743146226	-0.0418174834	0.008772935	-0.0491718706	0.051432892	-0.0057326493	-0.011820543	0.0456933439	-0.0213543073	0.1562964522	-0.0389090093	0.0560726507	-0.1062307872	-0.0794696384	-0.0736641107	0.0598618228	0.0012285842	-0.0254327485	-0.110706397	0.0766435076	-0.0383126268	-0.0530145006	0.0752575724	-0.0757646472	-0.0637237055	-0.0539440388	-0.0327458497	0.1030129028	0.1284536483	0.0998939859	-0.1065023814	0.0063107165	-0.0200938379	0.0637180576	-0.0658074871	0.0536011977	-0.0077232364	0.0687007109	-0.066260529	0.0315670939	-0.0909195328	-0.0016754423	0.0378891489	-0.001123536	0.0823200652	0.1341858945	-0.0534867195	0.082261217	-0.0503141055	0.0350849004	-0.0326266807	0.0282902234	0.0670973073	0.0516349604	-0.0679572633	-0.081833444	-0.0824244373	-0.0718319897	-0.0345432197	-0.0634113206	0.1249641688	-0.0488556057	-0.0587800042	-0.0145181616	-0.004549819	0.1044772489	-0.0626125806	-0.0231157788	-0.0625162704	-0.0002567883	-0.0995898993	-0.0056523603	-0.0895503448	-0.0339067782	-0.0250018994	0.0983167691	0.041886588	0.0278089242	-0.0182717145	0.0087749146	-0.0831259765	0.0609131573	0.0294953882	0.0116528182	0.0810440919	0.0882070044	0.0037387175	-0.0406892642	0.1045645623	0.0521843169	-0.114917086	-0.1411638638	-0.0359241711	0.0192903341	0.0412563662	-0.0705000778	0.0288982983	-0.043848688	-0.0363822619	-0.0845198299	0.0071816588	0.0585016185	-0.0102246383	0.002577394	-0.088798784	-0.0329807253	-0.0638658708	-0.0355282954	0.0107508075	0.0109024946	0.0034818571	-0.0230877002	0.149862746	0.0667284243	0.1060808582	-0.0111705994	-0.0307677044	0.0766982897	0.0828039971	-0.0081179288	0.0890633906	-0.0547393522	-0.0747474175	0.0096752699	-0.0145586159	0.0093152546	0.0427573947	-0.0515076619	-0.0909074754	-0.033473914	0.0596155937	0.0892034024	0.0	-0.0604724983131177	-6.7567658774699e-05	0.00365692305223	4.565388512294159e-09	0.0078176771785791	-0.0022220421695352	6.111607646847648e-05	4.937471403192701e-06	-0.1003546626286322	0.0562890957013309	0.0100710583113065	0.0031684622948735	0.0017440949965492	-0.0003399492303279	1.1556547920059956e-07	3.041867356987954e-06	0.0003480276428005	0.000197091369927	1.2112324015327245e-07	3.8845008099701566e-08	-0.0005418036914783	-6.462408564999805e-07	4.1762724460982843e-13	2.9355124009951285e-07	0.0	0.0	0.0	0.0	0.0	0.0	0.0	0.0	0.0
794.5694342357863	-0.6684086466880217	631340.5858217775	0.4467701189673126	878.1005002535306	-0.3228512397179202	771060.4885455008	0.1042329229873979	753.2472547418681	-1.843391257212943	3.3980913271691144	567381.4267761607	754.5502113978068	688.3682973467567	1.129612	40.206352	0.0399037557231467	0.0196021657415329	-0.077458263	0.0117812012	-0.089838514	-0.0192842999	0.032385949	-0.0279273541	0.1048064957	0.0623880129	-0.0155446173	-0.0548177042	-0.0111237964	0.0428986638	0.0482523195	-0.0095155744	0.0273161202	-0.0286630257	0.1151166882	0.0394499117	-0.0748308076	0.0298393352	0.0227873474	-0.1366819327	0.087746043	0.0342138016	0.0731378295	-0.0574004796	-0.0459643929	-0.0668210954	0.0575750803	-0.0652586844	0.0261254496	-0.0601204409	0.0428663835	0.0200941324	-0.0674620765	-0.0861070639	-0.0046014381	0.1071282031	0.0198876011	0.0834071822	-0.04618561	-0.0793784709	0.1078417951	-0.0459010608	0.011207792	0.0039464953	-0.1172929763	0.0157990904	0.0885793787	0.0164837546	0.0039333835	0.0469752832	-0.0965786206	0.0362759701	0.0695246603	0.0386698469	0.0120846051	-0.0031338975	-0.0263583088	-0.0332948331	-0.0311592044	-0.0133334201	-0.1186255009	0.0302904447	0.0298863603	0.0671576222	-0.0640360891	0.0118598539	-0.0402950465	0.0152618145	-0.1719366927	-0.0704312457	-0.003905695	0.1357672307	0.0917870472	0.1048467642	0.0481649005	-0.0608261418	-0.0385868494	0.045402037	-0.0329058362	0.0987084264	-0.0589364808	0.0225930731	-0.0861078039	0.0122579921	0.05364407	-0.0408466007	0.0402025559	-0.215331489	-0.1124354047	0.0165579316	0.0298593048	0.0571402174	0.0106581102	0.0146452868	-0.062701108	-0.0157480953	-0.1086720954	-0.0798303394	-0.0004818854	-0.003222055	-0.0169641021	-0.0084131679	-0.0347164649	0.0511135691	-0.0283378649	0.0217508523	-0.0136037222	-0.0857283915	0.0309191784	0.0179455827	0.1032067407	0.0179388685	-0.0681476513	-0.0164691362	-0.0609421329	0.0101478434	0.0671083407	0.0950318732	0.0457854205	-0.0382455308	-0.0260558185	-0.1395572529	-0.0611530157	0.054993434	-0.0627077683	0.0329875395	-0.0214610945	-0.0942105148	-0.0916545952	-0.0435051585	0.0060399258	0.0380950355	0.1160859661	-0.0960923609	0.0371329751	-0.0273403103	-0.1037621653	0.113585065	-0.0115033457	0.0871830293	0.0967187395	0.0560385509	0.0423848238	0.1168206806	0.0176744196	0.0572624895	-0.0260677156	-0.0316041263	0.0671259157	-0.0351640918	-0.0246639793	0.0104979214	-0.0382024268	0.0062635729	0.0469398066	-0.058410125	-0.033119555	0.0783258852	0.032163719	-0.0043587922	-0.0642280261	0.023352567	0.0096098703	-0.0795289555	0.0195826858	0.0077030047	0.026817908	0.0498563233	-0.023493345	-0.0191385013	-0.1482447452	0.0113335242	0.0486471153	0.0680489981	0.0658150931	-0.0579748299	-0.07452767	-0.0164555345	-0.0078096635	0.0416907124	-0.0534770846	-0.0904346925	-0.0289534907	0.0640437928	0.0873289498	0.0	-0.0727943603827867	-0.0123218620696689	0.005299018903539	0.0001518282848639	-0.0052851735064507	-0.0131028506850298	2.7933058993288385e-05	0.0001716846960741	-0.1005128822539802	-0.0001582196253479	0.0101028394990024	2.503344984526045e-08	0.0016440617240114	-0.0001000332725378	1.0006655614621786e-08	2.7029389523593366e-06	0.0003201846292686	-2.784301353189999e-05	1.0251819681987085e-07	7.75233402537566e-10	-0.000383263510686	0.0001585401807922	2.5134988925655157e-08	1.4689091862335765e-07	0.0	0.0	0.0	0.0	0.0	0.0	0.0	0.0	0.0
793.6227973081593	-0.9466369276269688	629837.1444072278	0.896121472747027	871.684040744488	-6.416459509042625	759833.0668886382	41.17095263118352	753.9282500507834	0.6809953089152714	0.4637546107646059	568407.8062246366	753.9458529663086	699.1378082747193	0.993974	35.378601	0.0485389666963168	0.0311245853866645	-0.0548541398	-0.0364854416	-0.0072796587	-0.0503820706	-0.0445409018	0.1094455603	-0.0580283834	0.0607202673	-0.0394172455	0.0142465437	0.0841908146	0.1004423402	0.017449769	-0.0748996701	-0.1101041157	-0.0173274587	-0.0795484812	0.0060812865	-0.1398131651	-0.0001485883	-0.0590529094	-0.1230160295	-0.0060493789	0.0013433122	0.0506367892	0.0338962144	-0.1101286981	0.0267872734	-0.0452558159	0.0541100534	0.0556180824	-0.1139751761	-0.129094566	0.0563841977	0.021188628	0.1209674492	-0.0283477441	-0.0165662051	-0.0594093984	0.1254003157	0.0807211388	-0.0526593866	-0.0828403078	-0.0127130909	-0.0332248653	-0.0048991256	0.1492826889	0.0175654921	0.0594368473	-0.0166092121	0.0213373951	0.1154167313	0.0705152131	0.0158784068	-0.0173332641	-0.0009214948	-0.0191133531	0.0013850238	0.0585457889	0.0672273343	-0.0090019889	-0.0566137825	0.0070623641	3.95301e-05	0.0442887817	-0.0571392652	0.007097717	0.0767015597	-0.047663883	0.0264065809	0.0111921151	0.0447065703	-0.0177442775	-0.0367595017	-0.0473669492	-0.0461017087	0.0545932423	-0.0852301279	0.0027226801	-0.0250693583	0.057825645	0.0547374392	0.0250352546	0.1930432511	-0.0300283938	-0.0183782212	-0.0217483346	0.0412761245	-0.0612588135	-0.065644393	0.0053757167	-0.0136474968	-0.0106235769	0.1340912294	0.0421523545	0.0333583813	-0.0284932491	0.0123798391	-0.0211048997	-0.0242201069	-0.0367112373	-0.009674033	-0.0465920312	-0.066646666	0.2340900386	-0.1679143001	-0.0433423556	-0.0522754454	0.0342356086	0.0932667171	-0.017076814	-0.0388719706	0.0004583846	-0.0134438652	-0.0112624618	-0.0403626944	-0.1322170325	-0.0364257129	-0.0005176181	-0.0860895639	0.0015564529	0.0080582999	-0.0448283965	0.0561010633	0.0678506557	-0.0061241556	0.1101211445	0.1016712191	-0.0647857999	-0.0067923444	0.0103705688	-0.0163413303	0.0364576247	-0.030673391	0.0248964795	0.0499398023	0.0669243773	-0.0340641871	-0.0152581032	-0.0090674893	0.0374672159	-0.0111075275	-0.0580761785	0.0371817813	-0.0799614007	0.0037434735	-0.004823364	-0.009025008	-0.0801924702	0.0900765997	-0.1140473694	-0.1038283902	-0.064594026	-0.1523174405	0.1672158582	0.0399117621	0.0218029157	0.0328637361	0.0652792377	0.0098038304	0.0594988883	0.0757059083	-0.0404987322	0.009156804	0.0174349598	0.0196063081	0.0186532961	-0.0702361062	0.0711228419	0.0199823514	-0.0092764667	0.0028466931	-0.0557039862	-0.0055589707	0.0565625797	0.0416403117	0.0951164757	-0.0614352556	-0.0181844417	-0.0480671405	-0.0044527984	0.0406168267	-0.0554095495	-0.0898212967	-0.0243530426	0.0681954477	0.0849115724	0.0	-0.0731411725014652	-0.0003468121186784	0.005349631114889	1.2027864566226962e-07	-0.0005138826333563	0.0047712908730944	2.640753608652055e-07	2.276521659567392e-05	-0.1279801105769991	-0.0274672283230189	0.0163789087033009	0.0007544486317488	0.0018700809773733	0.0002260192533619	5.1084702890270784e-08	3.497202861933477e-06	0.0003986284878383	7.844385856970002e-05	1.589046713162497e-07	6.153438947303099e-09	-0.0003978731063849	-1.4609595698899991e-05	2.134402864853172e-10	1.5830300878436994e-07	0.0	0.0	0.0	0.0	0.0	0.0	0.0	0.0	0.0
793.0546350712744	-0.5681622368848593	628935.6542080323	0.322808327422007	870.5158483211811	-1.1681924233068912	757797.8421783457	1.3646735378716268	753.8578874123375	-0.0703626384458857	0.0049509008890664	568301.7144137925	754.2357513173421	669.0840570268588	1.027329	36.5658	0.1076960046455238	0.0631733749400089	-0.0203301405	0.0557946876	0.030770659	0.0710592605	0.0633515614	0.08202546	-0.0630742912	0.0938385409	-0.0725748599	0.0845987294	0.0322378796	-0.0712634181	-0.0680356428	0.1296807875	0.0026052282	-0.0473767895	0.0399387627	0.0586443182	-0.0593766764	0.0741025249	-0.0516876352	0.0226622775	-0.1151768664	0.0394062527	-0.0705877996	0.0074092822	-0.0362735572	0.0240145288	-0.0001660791	0.0068854136	-0.0232400512	0.0547513336	-0.0254599317	-0.0698614714	0.0265013244	-0.0657577795	-0.081785182	0.0634992293	0.0539026169	0.0263927772	-0.0545545313	-0.0310435805	-0.0088370947	0.0186879556	0.0431007994	-0.0815650028	0.0379437496	0.0352977948	-0.0851586907	0.0082159691	-0.0170724023	0.0167290893	-0.0173141127	-0.104871931	0.0185430372	-0.0472942482	0.0635892785	-0.0790461718	0.0551220737	0.0522407468	-0.0415066162	0.0536254503	-0.0257199142	-0.0633312876	-0.0141896906	0.0081288492	-0.0682356938	-0.0266361554	-0.0236165447	-0.0311413151	-0.1180365217	0.0499130865	-0.0906938547	-0.017315952	-0.0811656185	-0.0819744701	0.0955217649	0.1074061453	0.0278584221	-0.0460189388	0.0172273936	-0.0336546134	0.0407569205	-0.0201068262	0.0167886654	-0.0384567244	0.015733021	0.0184395671	-0.0793028118	0.0628390018	0.0437983495	-0.045854658	0.0906756673	0.0738853309	-0.0383997799	0.0527828147	0.0781699614	0.0785459499	0.0251390088	0.0264531872	0.0412143427	0.0919881082	0.0486255188	0.0051382427	-0.0227784448	0.0278061557	0.0384187152	-0.0606601202	-0.031505045	-0.1221817282	-0.0354243379	0.0438336187	0.0128076459	-0.0343391862	0.0120421221	0.0365706153	-0.061253982	-0.0360462874	-0.0598881026	0.0716836351	0.0239601897	-0.0001155814	0.0145293595	0.0673230131	0.0044383232	0.0867689208	0.0209464747	0.0906340876	-0.0392196251	0.0831211617	-0.0532685528	0.0136449056	-0.1420323463	-0.0675763033	-0.0582486801	-0.0187563584	-0.0618114933	0.0347029637	-0.0419709276	-0.0310096373	-0.0245023933	0.0148085471	-0.0580269376	0.0677511042	0.1033503689	0.0570022353	-0.0219698637	0.0650147563	0.0298249479	0.0285995428	-0.0472213275	-0.0213937488	-0.0295197103	0.0460038926	0.0071395667	-0.1807294658	-0.0675055143	-0.0359849098	0.0085351822	-0.0592430495	0.1190328499	0.0769975071	-0.0009359638	-0.0548562727	0.0569599067	0.0729323913	-0.013008474	0.049950774	0.0406965555	0.021883749	-0.0082803318	0.0909294614	0.1283971989	0.0203346492	-0.0556501669	-0.0060553532	-0.0712105783	-0.0693744207	-0.0110142984	-0.1103472736	0.0825277127	0.0395359232	-0.057303721	-0.0890682417	-0.0196852849	0.0720526312	0.0819662993	0.0	-0.0635292155485274	0.0096119569529377	0.0040359612282112	9.238971646512913e-05	0.0099281628782108	0.0104420455115671	9.856841813628296e-05	0.0001090363144656	-0.0739673781208551	0.0540127324561439	0.0054711730260735	0.0029173752673789	0.0013955470486404	-0.0004745339287328	2.251824495186809e-07	1.9475515649689314e-06	0.0002632662205692	-0.0001353622672691	6.930910289279067e-08	1.8322943400231263e-08	-0.0003351839078894	6.268919849549998e-05	3.929935608008197e-09	1.123482521080098e-07	0.0	0.0	0.0	0.0	0.0	0.0	0.0	0.0	0.0
792.8755632972632	-0.1790717740112768	628651.6588739523	0.0320667002475458	873.9810538365291	3.465205515347975	763842.8824652099	12.007649263598026	753.5531521501213	-0.3047352622162407	0.0928635800380009	567842.3531153838	753.9448937988282	674.671256086945	1.119791	39.856812	0.0786401375288229	0.0392504366637802	-0.1514211581	-0.0386518238	0.0844129466	0.0211134807	-0.0802013908	-0.0398699454	0.080436806	0.0488042065	0.0510015211	0.0860223913	0.1262894235	0.0167151327	0.0089747466	-0.0329030597	0.0135540548	-0.0520649131	-0.0111838569	-0.0250823872	0.0194978577	0.059948578	-0.0607322639	-0.075848598	-0.0483442544	0.0332598832	0.1312692838	0.0244070459	0.1505361466	-0.0775497821	0.125480347	-0.0528505491	0.003396258	0.0332774655	-0.0840442141	-0.0679813735	0.0307995086	-0.0833233504	-0.0614227964	0.0568563878	-0.042429758	-0.2091224156	0.1092138294	0.0280613939	0.1331401545	0.007402788	0.0281325207	0.0422022488	0.0423411049	0.0405101125	0.0682818872	0.0219633206	-0.0652511826	-0.0280799512	0.0994188904	-0.0488774402	-0.0808680843	0.0483761024	-0.0904287983	0.0523696482	-0.0206615955	0.0165394972	0.0507981223	-0.0450819785	0.0323375712	-0.0508308044	-0.0430891887	0.0671501164	0.0169641054	0.0105770869	0.0175957902	-0.007351658	0.0662389212	-0.0422953489	-0.0827270321	0.0907477907	0.0100148436	-0.0025710315	-0.0214040776	0.1301891692	-0.0591685478	-0.0871298157	0.0680191745	0.1229728739	-0.0382734873	-0.0056259976	0.0810922238	0.0568205465	-0.0570278308	-0.0048655663	0.0481664293	0.0770828474	-0.1175127243	-0.008122885	-0.0259449122	0.1269790909	-0.1836925818	-0.0236812643	0.0482771977	-0.0170911099	0.0114783391	0.0118361962	0.0734869646	-0.007532568	0.0922003402	0.0213483375	-0.0117844639	0.092654922	-0.0223619852	0.058301766	0.1807667726	0.070097202	-0.0064079907	0.0783584402	0.0116168217	-0.0121217682	-0.0614067705	0.0571135469	0.1611666863	-0.019220261	0.1014838114	-0.093100604	-0.0395919159	-0.0911481737	-0.0169512799	0.0453087331	0.0009128004	-0.1002248149	-0.0182201173	-0.0191274458	0.0175091145	-0.0248819273	-0.0417439797	-0.025898258	0.061599375	-0.0196798858	0.0281815313	0.0140005025	0.0574809279	0.0795530335	0.004445741	0.0361185847	-0.0931155085	-0.0716727404	-0.0596850805	0.0610182034	0.0103465908	0.0099846703	0.074568423	-0.0589475031	0.0777268902	-0.1525090233	-0.0578051481	0.0669823624	0.0124678189	0.0453446237	-0.0255868	0.1247826951	-0.0479580018	-0.0390540636	0.012056371	0.1100294119	0.0783683901	0.063906373	0.038000687	-0.0104503334	0.0212518925	0.0515005415	0.0235950104	0.0657320567	-0.0776158578	-0.0156622793	-0.1287374192	-0.0124511388	0.0234764593	-0.0118232156	-0.0708124629	0.0210319391	-0.0180101933	0.0580740304	0.0098938896	0.0250585035	-0.0751880135	0.0384481886	-0.0591582902	-0.0881766985	-0.0149631188	0.0755986879	0.0785114412	0.0	-0.060467581077674	0.0030616344708534	0.003656328361385	9.373605633117812e-06	-0.0159527567762296	-0.0258809196544404	0.0002544904487615	0.0006698220021595	-0.0877448305915749	-0.0137774524707197	0.0076991552955441	0.0001898181965829	0.0017620006062175	0.000366453557577	1.342882098609128e-07	3.1046461363108373e-06	-3.870003856487614e-06	-0.0002671362244256	1.4976929849229003e-11	7.136176240041134e-08	-0.0004199967445428	-8.481283665339996e-05	7.193217261196304e-09	1.7639726542655e-07	0.0	0.0	0.0	0.0	0.0	0.0	0.0	0.0	0.0
795.8284707924215	2.9529074951583425	633342.9549238042	8.719662674962317	878.3065442598783	4.325490423349152	771422.3856897295	18.709867402485223	754.0692398699292	0.5160877198079561	0.2663465345365754	568620.4185180129	755.4393264261881	689.8959568765907	1.190098	42.359241	0.4756991823892287	0.3204270739814821	0.0018127039	0.0802350805	0.1615730479	-0.08875033	0.0129145779	0.0522887527	-0.0383366018	-0.0402481089	0.1314277564	0.0756537571	0.0729121096	-0.0036966702	-0.0223493932	0.0817902706	-0.0468574035	0.0783506476	0.025229464	0.0620361502	0.1463278771	0.0266344678	-0.0450827822	0.0969968705	-0.0068818984	-0.1529786035	0.0363291153	0.046675378	0.0157596806	-0.0748034413	0.0541209125	0.0769456851	-0.0637378162	-0.0980037119	-0.086305238	-0.0648174558	0.0172589144	-0.1230841781	0.0358177938	0.0548438036	-0.0407942415	0.1146158249	-0.0537574192	0.0322287094	-0.0811047853	-0.003747168	-0.0931757676	-0.0106786445	0.0142814184	-0.0452361335	0.0281385446	0.0138792395	-0.0098415295	0.1718177421	0.023240405	0.1396767314	-0.0447810555	0.0740440005	-0.0390293858	0.0156289413	-0.0109757222	0.0057020953	-0.0174773473	0.0775217689	0.0680507466	0.1067854637	-0.0591142181	0.0170750289	-0.0204159902	-0.0511595203	-0.0043210393	0.0229530393	0.0185365266	-0.015992127	0.0463194998	0.0290947044	-0.0709720297	-0.0731197509	-0.0067317057	0.0890056361	-0.0057415895	0.0691816211	-0.0203993251	0.0946916112	0.0359585468	0.0459226667	-0.0316805977	-0.0995635049	0.0179233679	-0.0377715709	-0.1151766855	0.0001707069	0.0785173128	0.1190558408	-0.0743173942	0.0538035135	-0.0965623979	-0.0051744624	-0.0126613617	-0.0864121655	0.0735457079	0.0278272604	-0.1097073786	0.0973142867	0.0210965865	-0.1352377192	0.0142839377	-0.213942	0.0332536302	-0.0176532885	0.0342762883	-0.093180557	0.0483500446	-0.0656983445	0.1633179717	-0.042786932	-0.019573563	0.0908060793	-0.0271225428	-0.0376567738	-0.0191517358	0.0989637747	-0.0080064902	-0.0280921689	-0.0489448425	0.0126609746	0.0233352451	-0.0186557147	0.0665790378	0.0753245055	0.0836817748	-0.1387334969	-0.0295026471	-0.0617093408	-0.0189989389	0.0420261392	-0.0656343533	-0.0408375483	-0.0682771084	0.0660440492	-0.0068095135	0.003975106	-0.0761153458	-0.0136858568	-0.0124860872	0.0624673582	-0.0677046513	-0.0562115021	-0.015595903	-0.0026392791	0.0532892311	0.0103249848	-0.0499918083	-0.0562781419	0.1235117574	0.0419111304	-0.0668074241	0.0133885964	0.11024964	0.1724861982	-0.0689982318	0.0292379367	-0.0177127253	0.157807005	0.0842274134	-0.0246135091	0.0342451011	-0.0808041208	-0.079242045	0.1483158393	-0.0020134059	0.1168878581	0.0800412148	-0.0123112106	-0.0445879572	0.0845988004	-0.1592665671	-0.1940772841	-0.0167348473	0.1201179718	0.0944728113	-0.1008880365	0.1243051112	0.0373538109	-0.0609719752	-0.0871480531	-0.010199596	0.0788183057	0.0745684769	0.0	-0.0919723083836885	-0.0315047273060145	0.0084589055094242	0.0009925478426263	-0.0126843728694012	0.0032683839068284	0.00016089331509	1.0682333362414876e-05	-0.3394240478329351	-0.2516792172413602	0.1152086842472946	0.0633424283912238	0.0052039642251828	0.0034419636189652	1.1847113554280704e-05	2.708124365698241e-05	-0.0002229165702327	-0.0002190465663762	4.9691797284310285e-08	4.7981398241208433e-08	-0.0005439236379018	-0.000123926893359	1.5357874897612974e-08	2.958529238683285e-07	0.0	0.0	0.0	0.0	0.0	0.0	0.0	0.0	0.0
796.2525423647212	0.424071572299681	634018.1112222822	0.1798366984327236	871.8811675731953	-6.425376686682967	760176.7703687983	41.28546556576897	756.7388090785008	2.669569208571602	7.126599759353609	572653.6251655477	757.2114510218303	667.6821590843604	1.192474	42.443817	0.3845875036791654	0.2440947681362114	-0.0258198411	0.1266407337	0.0483044157	0.0584735292	0.1327894476	0.0067967492	-0.007330549	0.0237746372	0.0786402041	0.0327965447	-0.0590674051	-0.0851270877	-0.116188346	0.0439084972	0.0772503306	-0.0347506615	-0.0627761636	0.0075893048	-0.1168697026	-0.0100697687	-0.0905058872	0.1303737227	0.0407055605	-0.0303273051	-0.0503037465	-0.1186173623	-0.0577778497	0.0780796856	0.0091396348	0.0127173568	0.0056952724	0.1183020273	-0.1280398225	0.1628750531	-0.0591936445	0.038317459	-0.0209462828	-0.1343722902	-0.0110781287	-0.037926756	-0.0958065512	-0.0478463288	0.0162818793	0.0064651128	0.0735295554	0.1698828173	-0.1115005453	-0.0885584044	-0.0652719447	0.0103457767	0.0690376955	0.0778977158	-0.0170912864	0.0228556165	-0.0202764136	0.0133326945	-0.0291423045	0.1349798226	0.0185397171	0.0194461612	0.030516023	-0.0713437429	0.0588175564	-0.0754830548	0.0061945623	0.0245266619	-0.0565519221	-0.0864903101	-0.0219040178	-0.061672943	-0.0228467879	-0.0630734928	-0.0020520592	-0.1374253035	-0.007134247	-0.095357694	0.0152145146	0.1087467993	0.0140673507	-0.044311436	-0.0069110057	-0.0777001493	-0.0193211066	-0.0151648986	0.0414604943	-0.0674593559	0.0005690571	-0.0876953484	0.0054404128	0.0256190111	0.0147112751	0.0367501002	0.0831898306	-0.0442602199	0.0089755082	-0.0022315678	0.1125303206	0.0070935095	0.1932996878	0.0627268192	-0.0668120982	0.0667476902	-0.0368336345	0.0496469891	0.0515376731	0.0972699009	-0.0891267824	0.1269796185	-0.1418683282	-0.0572783137	-0.0300804567	-0.0925025724	-0.0530593709	0.1353339391	0.0475677032	-0.090530102	-0.0514765338	0.1180752424	0.0505638671	-0.0939726385	0.0396179825	0.0273193972	-0.016364286	-0.1161234748	0.0823264566	-0.0497325721	0.0231486706	-0.0091498564	0.1078322822	0.0646000478	-0.1017480059	-0.0051879741	0.0378209248	-0.0589884	-0.0064128682	-0.0381275074	-0.0154966175	0.1495468451	0.083314269	0.141964152	0.0386147767	-0.0295546411	-0.0242929476	-0.0285140715	-0.0174931585	-0.0450306187	-0.0398955372	0.058448625	0.0165150366	-0.0091969932	-0.0955628306	0.0120416735	-0.0503062443	-0.08894473	0.0309234065	0.0293089858	0.0893879137	-0.0272809608	-0.1052005237	-0.074826639	-0.0067115015	0.0885510792	-0.0079214126	0.0012131378	0.0092268267	0.0162839136	-0.0073016599	-0.087553411	0.0148469294	0.0110149226	0.0467098257	0.1290980381	0.0141049673	-0.1022043834	0.0015976148	-0.0774142673	-0.0632893126	0.0878521778	-0.0433356253	0.0019025563	-0.1129584167	0.0362529791	-0.0627435226	-0.0859839051	-0.0054078825	0.0816975821	0.07016192	0.0	-0.0791136257517166	0.0128586826319719	0.0062589657795826	0.0001653457190297	0.0322816136822012	0.0449659865516024	0.0010421025819268	0.0020219399465588	-0.1447570509634204	0.1946669968695147	0.0209546038036262	0.0378952396701956	0.002863984668184	-0.0023399795569988	5.4755043271723e-06	8.202408179593016e-06	-9.203418017467158e-05	0.000130882390058	8.47029032042391e-09	1.71302000273019e-08	-0.0003728688324371	0.0001710548054647	2.9259746472566385e-08	1.3903116620300618e-07	0.0	0.0	0.0	0.0	0.0	0.0	0.0	0.0	0.0
795.1283347922183	-1.1242075725028826	632229.068789446	1.263842666072824	883.975390801063	12.0942232278677	781412.491541892	146.27023548549462	754.9631431503211	-1.7756659281797056	3.1529894884982954	569969.3475154123	755.3062053044637	691.0731805870436	1.143595	40.704056	0.1032257944150158	0.0550136668458525	-0.1252048272	2.91042e-05	-0.0171071656	0.0290152203	-0.032750278	-0.0359199945	0.0834921623	0.0106414011	0.0291910595	0.0106153672	0.0648498959	0.0779965742	-0.0315047202	-0.1707318939	0.0977737159	-0.0027937027	-0.0596244316	-0.0160495497	-0.0072097637	-0.0653495995	0.1246157099	-0.0185043304	0.0750372992	0.0502445662	0.0838791361	-0.0637967874	0.0117206855	0.0230121803	0.0586773992	-0.0463801808	0.0034548007	0.0166127416	0.0757596377	-0.035181377	-0.0396342461	0.0595703603	-0.0002515617	0.0087231763	0.0081461278	0.1170038948	-0.1306354842	-0.0316372682	-0.0417863658	-0.0214103744	-0.0246520204	-0.0596977534	-0.0577939859	0.002057168	0.0203096661	0.0855517035	0.0731931149	0.0733366137	0.0605106526	0.0461246063	0.1255942966	0.0968701311	0.0716717674	-0.1547416392	-0.0285676426	0.0557796005	-0.0102043699	-0.1167058673	0.0985423265	0.014607812	-0.0300541057	0.1105201739	0.0142722083	0.0341938585	-0.0714398857	-0.0610437351	0.0629142006	0.0129398341	-0.0103934572	-0.0055848378	-0.0104289262	0.0038993322	0.0314366633	0.0191587646	-0.0730511123	0.070692991	0.036814829	-0.1082469913	-0.0246488544	-0.1148125764	-0.0021237047	-0.0131716324	0.0047612563	0.0900884362	-0.0035101143	0.0374984054	-0.1138671457	-0.0207632978	-0.0195718805	0.0327407109	0.0420946901	-0.0468365138	0.0095602756	-0.0593602039	0.035127015	-0.010368794	0.0105107483	-0.0665299531	-0.0751906419	0.0163061024	0.025314568	0.1023452498	0.090115601	0.0071715557	-0.0448388233	-0.0746060017	0.1900376247	-0.0763096554	0.0738097329	0.0101879254	0.069538682	0.0125616894	-0.0879839411	-0.0794108777	0.0393589203	0.0694226736	-0.0466506709	-0.0507706208	-0.0413249771	0.0410412139	0.1124413307	-0.0899734745	-0.0475682209	-0.0608920927	-0.0294306697	-0.0272894944	0.0129128763	-0.0905459901	0.0224654251	-0.0345695447	0.0132432897	0.0331316299	0.1681584385	0.0480112478	-0.0954454576	-0.0034484425	0.0590163497	-0.0558249057	-0.0017709763	-0.1361595618	-0.0072330949	-0.0511000596	-0.0351782981	-0.0281529241	-0.01095199	0.0601302533	-0.046723937	-0.0019515198	-0.018054883	0.1351699564	-0.0312874309	-0.0354390571	-0.1670602519	-0.0439454845	-0.0294457164	0.1013531909	-0.008160428	0.0213663634	-0.0576490925	0.0568944181	0.0431279815	0.0108987978	-0.0504374976	-0.0656678942	-0.0944779018	0.0674100815	0.0245503282	-0.0676762541	-0.0873249446	-0.106112236	-0.0556930666	-0.0321731348	-0.0655240175	0.0507679184	0.0111939337	-0.0379175868	-0.1346360859	0.0351458834	-0.0644717082	-0.0846860645	-0.000601222	0.0842240844	0.0653191659	0.0	-0.0845600418015806	-0.0054464160498639	0.007150400669485	2.9663447788216148e-05	-0.0033128669527116	-0.0355944806349128	1.0975087446368642e-05	0.0012669670516691	-0.1066181017424128	0.0381389492210075	0.0113674196191554	0.0014545794476825	0.002584953665463	-0.0002790310027209	7.78583004794867e-08	6.681985452590599e-06	-0.000221076182943	-0.0001290420027683	4.887467866464681e-08	1.665183847846128e-08	-0.0004457147971324	-7.284596469530003e-05	5.306534572388898e-09	1.986616803827765e-07	0.0	0.0	0.0	0.0	0.0	0.0	0.0	0.0	0.0
795.064318347706	-0.0640164445122764	632127.2703097025	0.0040981051679933	871.0286832956167	-12.946707505446284	758690.9671236958	167.61723523157914	755.0083590667691	0.0452159164480008	0.0020444791002325	570037.6222606953	754.8464203770956	703.7439890900349	0.99873	35.547871	0.0534168949312196	0.0287564525102826	-0.0273046672	-0.018089823	-0.0391431506	-0.0763945126	-0.0833923703	0.0987421047	-0.073195994	0.0510172892	-0.033289129	-0.0154425038	0.0595148811	0.0257669155	0.0686843036	-0.0796168894	-0.002432553	0.0180770132	-0.0312851257	-0.0749110961	-0.0803610714	0.0308886318	0.0066126514	0.0169326924	0.0478746895	-0.002229644	0.0142019107	0.1231876524	-0.1192468253	0.0911354674	0.0315465948	0.0265899809	0.0980550678	-0.0174208476	-0.0386508497	0.0463494031	-0.0146447541	0.0332318383	-0.0135251366	-0.0308231046	-0.0301827152	0.002630386	-0.0890495699	0.1343538788	0.04537765	-0.0432987203	0.0540824389	-0.0517284579	0.0330108692	0.0317265265	-0.0780051885	-0.0487134605	-0.009486737	-0.0516153377	-0.0250733929	-0.0960930051	-0.0314936754	-0.0120503103	-0.032197493	0.0709634113	0.093392003	-0.0613722256	0.0141337678	-0.0312266215	-0.0344708379	-0.062783963	-0.0507534635	-0.0066103967	0.0113623857	-0.0443148875	0.0921407322	0.0374541755	-0.0169691962	-0.0398263015	0.0454917747	0.0039922723	0.0259404232	-0.1083827165	-0.1235714624	-0.0994227765	-0.0306713805	0.034840608	-0.0623599946	-0.0659957365	-0.0153826197	-0.1181310769	0.0402331283	0.0260385629	-0.1385756445	0.0414837313	0.0150338473	-0.020409924	0.0518485622	-0.0508669689	-0.0554774454	0.1062735462	0.0789244767	0.0398837167	0.0036783033	-0.0413851106	0.0106768445	0.019365701	0.0128704753	-0.0386523759	-0.0121902934	-0.0064323574	0.0548444412	0.0173559249	0.0099350293	0.0491365629	0.0161860374	-0.0533873652	0.0062722392	-0.0447302583	-0.0502975636	0.077772209	0.0833118474	-0.1218059106	0.0897457447	-0.0488927012	-0.0435156792	-0.1054256864	0.0943358331	-0.00886844	0.0147327694	0.0634295748	-0.0795518695	0.0034646476	-0.0018133874	-0.0243110872	-0.0644282508	0.0774707646	-0.0218194933	-0.0504962989	0.0025634218	0.0605143696	0.0392390365	0.040141184	-0.0881976185	-0.0694728661	0.0259323624	-0.0625716085	0.1051175904	-0.066689227	0.0849151988	-0.0538737067	0.053156203	0.0904675225	0.0718334496	-0.0360580648	-0.0732479397	-0.0199086509	0.0603623169	0.0360945606	0.0804471929	0.0297730181	0.1418999602	0.0040477951	0.1224650167	0.0291814158	0.0607381142	-0.002659406	-0.0057334197	0.0440434683	-0.0820591028	0.0497292746	-0.0380892049	0.0302377481	-0.0189801393	-0.0803297061	-0.0501238317	0.0230534774	-0.037252291	-0.0162197163	-0.030847426	-0.1084137769	0.0048341297	0.011118374	0.0252284977	-0.0362768241	-0.0099251202	-0.078649153	-0.0869627704	0.0340327152	-0.0661553376	-0.0832565493	0.0042071001	0.0863869029	0.0600703222	0.0	-0.0668910314620774	0.0176690103395032	0.0044744100900606	0.0003121939263774	0.0058044846574318	0.0091173516101434	3.369204213836116e-05	8.312610038298445e-05	-0.1251623469424458	-0.0185442452000329	0.0156656130921411	0.0003438890300389	0.0025849716213514	1.7955888400277012e-08	3.224139282432024e-16	6.682078283192087e-06	-0.0002208680079029	2.0817504010000419e-07	4.87826769149955e-08	4.333684732063834e-14	-0.0002842151724301	0.0001614996247023	2.6082128778983746e-08	8.07782642394715e-08	0.0	0.0	0.0	0.0	0.0	0.0	0.0	0.0	0.0
795.0149318491059	-0.0493864986001426	632048.7418630385	0.0024390262439818	874.2961422259991	3.2674589303824177	764393.7443112645	10.676287861735814	754.8742733489685	-0.1340857178006445	0.017978979718114	569835.1685641332	755.0614764149984	675.1709045249053	1.011039	35.985977	0.162591628902318	0.086801487185229	0.001755452	0.0200644647	-0.0432767867	0.1468727161	0.0112803815	0.080495883	-0.0911275663	0.0664547581	-0.0881388027	0.0806298809	-0.0019546101	-0.0405588944	-0.0079853959	-0.1081552913	0.0118671767	-0.0460783343	-0.0063036964	-0.0210210359	-0.0115919444	0.0199725427	0.045991412	-0.0338097339	-0.0035848089	0.047338573	-0.0488629462	0.0191988832	-0.0232410579	0.0056143671	0.044079088	-0.0629174746	0.0078557738	0.0396043596	0.0664264604	-0.0443610835	0.0836319603	-0.0195504255	-0.0491370024	-0.142365755	0.023158339	0.0173264724	-0.0995461677	-0.0848985982	0.1390663252	-0.0203481084	0.0513170008	0.0885319371	0.0597125736	0.1020125581	0.0243176115	0.0317508177	0.0658447289	0.0244510718	-0.1309248109	-0.0440183601	-0.0401396041	-0.0156416127	0.0220800165	-0.0295089173	0.0224404235	-0.1462300326	-0.1451823195	0.1352294474	0.0781581092	0.0467973222	0.0279501435	0.0340671464	0.1492351929	-0.0082365505	0.1033991622	-0.0559838065	-0.0061852328	0.0786833328	-0.0567195782	0.0135018636	0.0176459865	0.0396068499	-0.0645602344	-0.007057463	0.0510633875	-0.0899044012	0.0466901512	0.0631902227	0.051784541	0.0009189335	0.0225119515	0.0036424181	0.0509480979	0.0918355757	-0.1241266362	0.0331606858	0.0565511508	-0.0650023197	0.0686950953	0.0649139592	-0.0229555991	0.0377429225	0.064189167	0.0017612258	0.0535031425	-0.058829596	0.0659491333	-0.1129993659	0.0508776551	0.0281682665	0.0045678274	0.1248037974	-0.0192046761	0.0515961153	-0.0652496554	-0.1278455023	0.078918683	0.0482835478	0.0153905622	-0.0305998885	-0.0292932478	-0.0146501533	-0.1063904289	0.0195341061	-0.0295758134	-0.1111800168	-0.0551351673	-0.0113333926	-0.0487080402	0.0060530387	-0.0595766658	0.0796130661	-0.1835060419	0.0503542623	0.0504816512	-0.0931085786	0.1227697951	0.0482750072	-0.0153839135	0.1415177657	-0.0103641555	-0.1122889995	-0.0820630172	0.0048866543	-0.0214975852	-0.084137276	0.0397259066	0.151165909	-0.0357179321	0.0937039136	0.0601225698	-0.0107938533	-0.0896267929	0.0197208269	-0.0250210453	-0.0151082929	-0.0438025598	-0.0286739728	-0.0104830681	0.0361535047	0.1284256573	0.0307114232	-0.0861732581	-0.0316236209	0.0524264011	-0.0518523485	0.0578207249	-0.0043480592	-0.0957555531	0.0438734106	0.0016093514	0.0292854176	-0.0589631845	-0.035012791	0.0151278235	0.1392338798	0.0128247144	-0.0421186643	0.0362044184	-0.1169284545	-0.0814307992	0.0177497828	-0.0349812724	0.0049372436	0.1034024705	0.1169391691	0.0225906938	0.0329136668	-0.0677932473	-0.0816975821	0.0090037942	0.0881766985	0.0544480209	0.0	-0.0508080916496282	0.0160829398124491	0.002581462177077	0.0002586609530108	0.0250210083049324	0.0192165236475006	0.0006260508565954	0.0003692747810949	-0.0983714397152226	0.0267909072272232	0.0096769401516456	0.0007177527100576	0.0011869969957827	-0.0013979746255687	1.9543330537339477e-06	1.4089618679971552e-06	8.101539099714117e-05	0.0003018833989	6.563493578419662e-09	9.113358653144138e-08	2.5951967404058847e-05	0.0003101671398341	9.620365463290268e-08	6.735046121413331e-10	0.0	0.0	0.0	0.0	0.0	0.0	0.0	0.0	0.0
795.5186613267094	0.5037294776035424	632849.9405190399	0.2537433866067377	875.3611303476187	1.0649881216195354	766257.1085234606	1.1341996991907062	755.9798324975342	1.1055591485657033	1.2222610309773227	571505.5071429998	755.9379500071208	681.4707474284222	1.009341	35.925541	0.0460040935193467	0.022535581406511	-0.0785913816	0.014457973	-0.0627397117	0.0458811204	0.0525400769	0.0427881898	0.027225492	0.1102005647	-0.0487759153	0.0217525782	-0.0292106271	-0.0766114736	-0.0197899362	0.0809587188	0.0630897841	0.053514913	-0.0463934031	-0.073053809	0.0632998071	0.0023307306	0.0883087427	-0.0345834353	0.0310674242	0.0647851744	-0.0179937763	-0.0596392949	0.0223678469	0.0316657861	0.0286861372	-0.0549538168	0.0045353042	-0.0400870329	-0.0052509297	0.0299309478	0.0480307479	-0.12545743	0.1320913529	0.0089524841	0.0045333483	0.0251462919	-0.0909286305	-0.0583350459	-0.0189932082	0.0013288815	0.0128603259	-0.0006540289	0.1165747529	0.0343076845	-0.0383270272	-0.0122584212	0.1459192715	-0.0479192446	-0.0597531151	-0.0656541599	0.022386911	0.0124547754	-0.0419976286	-0.0320366918	0.0084737544	-0.0529044888	0.112664447	-0.1224410624	0.0032852219	-0.0242665805	0.03927788	-0.0288022101	-0.0526606447	0.0273541083	0.0620906153	0.0731995511	-0.0909294253	0.0443473801	0.0506347805	-0.0022905847	0.0603036139	0.0018700559	-0.0083683006	0.0731985654	0.0966823851	0.0365643677	0.0348218922	-0.0555054315	0.1556093691	-0.0165154114	0.0214506125	0.129728266	0.0578682463	-0.0020160038	-0.0107783944	0.0694589466	-0.0365182344	-0.0397234254	0.0912222161	0.0189235262	-0.0245980108	-0.0393872308	0.0210223827	0.009238779	-0.0652545413	0.0327762599	-0.0999766753	0.0609354045	0.049676714	0.044387685	-0.0062411367	-0.0068018781	0.0606228441	0.0563548498	-0.049086178	-0.09190128	0.0741286442	0.2023057859	0.0390072478	-0.0097454548	0.0765785091	0.039224333	-0.0091182981	0.0749427115	-0.1068094904	-0.1240049367	-0.0298964764	0.0371303579	-0.0489044633	0.00902176	-0.0093106187	0.0083862644	0.0314065911	-0.0201841942	0.0450782343	-0.0595774061	0.0882533282	0.1109108978	-0.0044610661	0.0331943047	0.019136664	0.023465237	0.0342565965	0.0264206856	-0.0573725408	-0.0276218081	0.0291801211	-0.0085900921	0.0028165128	-0.0911528829	0.0065555551	0.044609392	-0.0011304038	0.0059923299	0.0125963647	0.0841331359	0.0749204233	0.082614336	0.0176064596	0.0100586181	0.023204631	-0.1361504465	0.0540095576	-0.0957589713	-0.0195578778	0.0239208811	0.0769677021	-0.0220255958	-0.0647075275	0.0521233937	0.0434947907	-0.0333497947	-0.0280459629	-0.0961610137	-0.0065351851	0.0777746398	-0.0072943044	0.0216777364	-0.0308988141	-0.0950822779	0.0733883387	-0.0239941947	0.0475584516	-0.0043949799	-0.0309826897	0.0724597373	-0.0925065327	0.0317889315	-0.0693843053	-0.080011587	0.0137756027	0.0895857427	0.0484872159	0.0	-0.0521713278438511	-0.0013632361942228	0.0027218474489905	1.858412921239332e-06	0.0146575423576962	-0.0103634659472362	0.0002148435479676	0.0001074014264395	-0.0868996233628252	0.0114718163523973	0.0075515445406008	0.0001316025704231	0.0010350052477537	-0.000151991748029	2.310149146891104e-08	1.071235862877698e-06	4.887268774389497e-05	-3.21427032532462e-05	2.3885396073122613e-09	1.0331533724262436e-09	-0.0002460250818235	-0.0002719770492275	7.397151530652997e-08	6.052834088625986e-08	0.0	0.0	0.0	0.0	0.0	0.0	0.0	0.0	0.0
795.2493731250286	-0.2692882016808653	632421.5654557509	0.0725161355645143	881.9775293496939	6.616399002075241	777884.3622777902	43.77673575466224	755.6169349407328	-0.3628975568013857	0.1316946367324149	570956.9523692277	756.3925179799397	699.579220960223	1.006966	35.841003	0.0973568392744367	0.0585479965165161	-0.1023709734	-0.0614000807	-0.0548860538	-0.0656923588	-0.054583812	0.1391195096	0.0027086215	0.0797554176	-0.038793872	-0.04390322	0.1019209718	0.1084812674	0.0364117748	-0.0297789101	0.0046375251	0.0576479138	-0.1036094661	0.0632918292	-0.0231513431	-0.0629131003	0.0950451674	-0.0782549801	-0.0189283197	0.0318494883	0.0234039772	0.0809346581	-0.0468160191	0.0284872672	-0.0270491044	-0.0778991795	0.0371640344	-0.0433684234	-0.0109860093	-0.0227305333	0.0057047114	0.175336622	0.0253275163	0.0231605872	0.0218476931	0.0421009622	-0.0101167501	-0.0389802538	-0.1213138088	0.0697326027	-0.003718066	-0.0125757008	0.0111137288	0.0851399248	-0.0282714415	-0.0018710049	0.060585521	-0.1207147154	0.0132972744	0.0568032698	-0.0417257288	-0.074914816	-0.066012509	0.0409122539	0.1161162154	0.0071366069	0.0011959236	0.0049638299	-0.0654435224	0.0195385209	-0.0042095193	-0.0362848268	-0.0010288067	-0.0472380461	-0.0463094706	0.0732048088	-0.065205869	-0.0799510208	-0.0579818682	-0.0718572718	-0.1126989156	0.0130816493	0.017891709	-0.054018748	-0.083963637	-0.0629936099	-0.0558745765	-0.0678664324	-0.0482168381	-0.0458485068	0.0115316048	0.0848414447	0.0130846137	-0.0189951956	-0.0314932723	-0.0181723324	-0.0040906606	-0.0348557784	-0.0192723225	0.0968608121	0.0311924607	-0.0560177138	-0.0961580043	0.0271942485	-0.0201600327	-0.0165627336	-0.0057281939	-0.0539727348	-0.0180841829	0.122933439	0.1118765306	-0.0190319214	0.0339468579	-0.1169707223	-0.0609190775	0.0700339294	0.0625655614	0.0717816202	-0.0728467645	-0.0174730217	0.0293868385	0.0297037904	-0.0059633624	-0.0220103743	0.0754626307	0.0157970309	0.0708936125	0.1069237636	-0.0277392412	-0.0497754135	0.0143575808	-0.061338702	0.079444339	0.0452301622	-0.0534320985	0.1340302839	-0.0308337881	0.0826542924	0.0356925382	0.1269090802	0.0031608299	-0.0095421208	-0.111434513	-0.0248200748	-0.0149938793	-0.0697212256	0.0057505984	-0.0473854017	0.1064258449	0.020681066	-0.0155228067	-0.0591170155	-0.0835523122	0.1170985021	-0.0213827651	-0.1351352157	0.0015549468	-0.0690034634	-0.0750603881	0.0478779296	-0.0957387633	-0.0758293937	-0.0184951683	-0.001464109	0.0902602051	0.0274169749	0.0739469758	0.0685263083	-0.0448905747	0.0394024925	0.0346908623	0.1134020778	0.082407748	0.00939142	-0.0136163179	0.0472910694	0.0003984773	-0.0018964097	-0.0099611733	0.0370226548	0.1738540218	-0.0816028181	-0.0066353003	-0.0024221139	-0.0548335851	0.1075466028	0.0072898182	0.0306587036	-0.070927412	-0.0782011853	0.0185093366	0.0906079513	0.0422249655	0.0	-0.0508166443120217	0.0013546835318293	0.0025823313391345	1.8351674714097643e-06	0.0087048397882654	-0.0059527025694308	7.577423573936841e-05	3.543466788010805e-05	-0.1231125331531615	-0.0362129097903363	0.0151566958193882	0.001311374835483	0.0018040441174804	0.0007690388697267	5.914207831505204e-07	3.2545751778156358e-06	0.0003507734187098	0.0003019007309659	1.2304199127336066e-07	9.114405135774777e-08	-0.0002518163487877	-5.791266964199986e-06	3.353877305063412e-11	6.341147351676857e-08	0.0	0.0	0.0	0.0	0.0	0.0	0.0	0.0	0.0
793.5500255584745	-1.6993475665540243	629721.6430638556	2.887782151953085	876.1961801969088	-5.781349152785083	767719.7461916539	33.4239980264088	755.1573596313613	-0.4595753093715302	0.2112094649839377	570262.637805409	756.023652496338	700.755280277488	1.049353	37.349697	0.1319351578506519	0.0728018614640585	-0.0096225039	-0.0133816907	0.0516689625	0.0343788571	-0.1026376134	0.1243002497	-0.0330841656	0.0536898169	-0.0266512172	0.0848389176	0.0153601153	0.1666621357	-0.0060261402	0.2063721953	-0.03238983	0.1259608752	-0.0415293311	-0.0652100792	0.0074340555	-0.0373488102	0.0554488013	0.0946427009	0.0377151791	0.084863039	-0.0873605111	0.0426702235	0.1212878963	-0.076771649	0.0211506963	-0.071960625	0.1522327931	0.0886211443	0.0240643342	0.0193034254	0.0420011726	0.051470008	-0.0248475862	-0.0002220361	0.0203898907	-0.0538589002	-0.0616759104	6.2282e-06	-0.0171100409	-0.0491574066	-0.0926427227	0.0151283422	-0.0145973271	0.0931636263	0.0951194708	0.058503253	0.0959330682	0.0094046452	-0.0815259002	0.0213787389	-0.1069619672	-0.0404954414	0.0286881968	-0.0644991662	-0.082496141	0.1102135811	0.0494838294	-0.0330946977	0.031240845	-0.0526692279	0.0134670294	-0.0379345454	0.0059634616	-0.0404846277	-0.0518366023	0.0022501518	-0.0579368702	0.052049848	0.1059369523	-0.0555701625	-0.0003216365	-0.1015198457	0.0462887008	-0.0501063092	0.0215994101	0.0053435019	-0.014013252	-0.0056763442	0.034076146	-0.0537071	0.0476893359	0.0907505351	0.0017823502	-0.0276845055	0.0525641446	0.0595066687	0.0595838583	-0.0839486045	0.0825231003	0.0353477266	-0.0792875242	-0.1787732202	-0.1333389055	-0.0023245276	-0.0182947085	-0.0454656831	0.0605168103	0.0291269822	0.0525844477	-0.0190620056	0.0487711255	0.1311721507	0.1219658781	0.0378191541	0.0204662449	-0.0622836231	-0.0082931343	0.0177852399	-0.0845955241	0.0013406905	-0.00413055	0.0221383115	0.0067987438	-0.0126111444	0.0327273016	0.0196111688	0.0527144252	0.1206654296	-0.1027070276	-0.0324791352	-0.026320315	-0.0331597518	-0.0235113655	-0.0175695556	0.0727219408	-0.0202798743	0.0285187054	0.0110890191	-0.0451820939	-0.0429013941	-0.0778687865	0.0505209042	0.0686426392	-0.0959192592	0.0293715068	0.0015893681	0.0023385314	-0.024857147	-0.1113585225	-0.1252688709	-0.0669128855	-0.0436284832	0.1240904247	0.0120745229	0.0817551178	0.0624750885	-0.0494516444	-0.0685762071	0.0304052367	0.0231286011	0.0896857356	-0.0088583072	0.0901157271	-0.0463290259	0.046220745	-0.0790168261	0.1090882625	0.0156313609	0.0716492916	0.0362960887	0.0472409233	0.1024654292	-0.0606405676	0.0746799618	-0.0098172989	0.0222128787	-0.0062414427	-0.0277220326	0.0515647646	0.0578299006	0.0866413188	-0.0825097654	-0.0308602537	0.0422151036	-0.0558954344	-0.0127208	-0.0077498353	0.0295231785	-0.072421501	-0.0762691921	0.0231919124	0.0912389102	0.0357002023	0.0	-0.0536494008986778	-0.002832756586656	0.002878258216787	8.024509879243505e-06	0.041830268000325	0.0331254282120596	0.001749771320979	0.0010972939942323	-0.0737693457625852	0.0493431873905762	0.0054419163742398	0.0024347501418615	0.0011470129309894	-0.000657031186491	4.316899800217714e-07	1.315638663856894e-06	0.0001158789972006	-0.0002348944215091	1.3427941992216665e-08	5.5175389256141715e-08	-0.0002110662435607	4.075010522699998e-05	1.660571076011571e-09	4.4548959170824735e-08	0.0	0.0	0.0	0.0	0.0	0.0	0.0	0.0	0.0
791.8269751889945	-1.7230503694800063	626989.9586369526	2.9689025757651866	877.1667416205773	0.9705614236685278	769421.4926052607	0.9419894771134796	753.136947411186	-2.020412220175217	4.08206553943335	567215.2615558396	754.2612101872762	689.4161796972583	1.101191	39.194767	0.057962706491763	0.0296570380650626	-0.0334363937	-0.1028936544	0.0450026242	0.0479807861	-0.0444570549	-0.1182994272	0.1017795383	-0.0691280567	-0.023195864	0.0674434113	-0.0108217765	0.0448196033	0.0840158155	0.0225249272	0.0298669441	-0.0852610575	0.0171760508	-0.0041305308	-0.0198459155	0.0111084654	0.027847124	-0.0744720266	0.0787772261	0.0957908869	0.0414747553	-0.0817279274	0.0201887933	-0.1404430882	-0.0873137416	0.0378641593	-0.0316369647	-0.0925652806	0.0091515562	-0.0077150783	-0.0312843925	-0.0312582421	0.0400277312	-0.0515078336	0.0587037164	-0.0617606187	-0.035702457	-0.0173841166	0.0726863342	-0.0931745416	-0.0300209931	0.0265417684	-0.0353167202	0.0796912681	-0.0291613352	-0.1573052141	-0.0345955944	-0.0531939118	0.0491708242	-0.0592773851	0.0418177111	-0.0297777316	0.0465919224	-0.0549337509	-0.0022437743	0.0278396981	-0.1123944001	0.0896578847	0.1248992907	-0.0301107122	0.018971692	0.0245588045	0.095954747	0.0226349101	0.0968004079	-0.0266632707	0.1093979596	0.0284094322	-0.0788980396	0.0790876758	-0.0506352214	0.0177402669	0.0871307771	-0.0010483321	0.0416200001	0.0767206601	-0.0093280548	-0.0345412879	-0.0288045694	-0.177024727	0.0696619358	0.012598214	0.0981116768	-0.0139883469	0.0065269017	-0.1091623107	-0.0857696284	-0.0371785142	0.0232529272	-0.0538068371	-0.0928683139	0.018852109	-0.0907382075	0.0601144105	-0.0422253311	-0.0131520183	-0.0177557999	-0.1103588307	-0.0760389248	0.0061315262	-0.04309369	-0.023961756	-0.0360164267	0.0709299648	-0.0221115456	-0.0993971595	-0.0015441685	-0.1299110832	-0.0058215309	-0.0151301049	-0.1173488921	0.0187101964	0.0078912131	-0.1162447721	-0.0379596699	-0.0537450158	-0.0806434196	-0.0022870147	0.1348679668	0.0792535309	0.0163125073	-0.0522256512	-0.1045275781	-0.0677459289	-0.0699898751	0.016376063	0.1120294729	0.0080208452	0.0711806453	-0.0107532267	-0.0490984837	0.0621398354	-0.0195437005	0.055754418	7.34632e-05	-0.0807387796	-0.0805134931	0.0469788647	-0.009855072	-0.0039390243	-0.0485656823	0.1011755057	-0.0443848309	0.0275237652	-0.0758194146	-0.1803049603	0.0391306402	0.0065674783	-0.1245791452	0.1108800511	0.0770226446	-0.0873128067	0.0602405344	-0.0973667301	0.0038282132	0.0841979866	0.0566702411	-0.100295901	0.0905864068	-0.0672164777	-0.0056159931	-0.0318920618	0.0139015657	-0.0343244847	-0.0523339019	-0.0596437669	-0.0441930807	0.0177232164	-0.044691274	0.0494760919	0.0469891895	-0.1087218486	0.0399029624	0.0292080237	-0.1000566038	0.0795680229	0.0084959996	0.0283825523	-0.0738655397	-0.0742186113	0.0278103878	0.091475895	0.0289534907	0.0	-0.0643592217296742	-0.0107098208309964	0.0041421094216493	0.000114700262232	0.0170118335074818	-0.0248184344928432	0.0002894024792862	0.0006159546906755	-0.0676096243623618	0.0061597214002234	0.0045710613064196	3.794216772837016e-05	0.0012120440939109	6.503116292149998e-05	4.229052150922673e-09	1.4690508855842944e-06	0.0002177765390742	0.0001018975418736	4.7426620971136565e-08	1.0383109039882066e-08	-0.0003696321341196	-0.0001585658905588	2.514314164873705e-08	1.3662791457380998e-07	0.0	0.0	0.0	0.0	0.0	0.0	0.0	0.0	0.0
791.2293925319261	-0.5975826570684148	626043.9516064408	0.3571050320289467	867.0608020195594	-10.105939601017894	751794.4343988016	102.13001521942172	753.0340295776774	-0.1029178335086271	0.0105920804541094	567060.2497019944	752.9425129318238	663.9644677405264	1.083931	38.580437	0.1238851117742835	0.0643076351193428	0.0448224362	-0.1180591375	-0.0743339431	-0.0290112939	0.0255124504	0.0426728303	-0.0376051802	-0.0766018012	-0.1144814847	-0.0928731999	0.0754307097	0.0052997724	0.0286026452	0.0635283133	-0.0879508993	-0.1536281435	-0.0297333356	0.0132316816	-0.0523282916	0.0314667067	0.0858141902	0.1312394798	0.02143466	0.0800828294	0.0202820786	0.0899586974	-0.0983329616	0.0336372355	0.0191862731	0.0980210618	-0.0088793349	-0.0457827002	0.1217146141	-0.0020102745	0.0670481035	0.0271785262	-0.0647239952	-0.0245280177	-0.1224615904	0.0238340408	0.0401212792	-0.0339888765	-0.039652789	0.1028281395	0.0067462021	-0.0222557895	-0.0112708325	0.0557077455	0.0697660928	-0.008159199	-0.0381524016	-0.0376443339	0.0783969078	-0.0723777412	0.0130563357	0.0405172343	-0.1363832728	0.0726932509	-0.067539656	0.0843162206	-0.0095042515	0.0331959694	-0.0107299233	-0.1361029457	0.0328844871	0.0302651563	-0.1375731043	0.052885874	0.0794687627	0.0304024889	-0.0596921087	0.0680361922	0.0671358852	0.0913113959	0.0801171022	0.052928071	0.1151500621	0.0755119763	-0.0225439624	0.0830974445	-0.0433402068	0.0687509264	0.0018151581	-0.2105999812	0.0431496161	-0.1141769983	-0.088963715	0.049797552	-0.1263535324	-0.0555422422	0.0299258524	-0.1054556802	-0.0703686522	0.0155356688	0.0842250073	0.0998830294	-0.0543597075	0.0076267388	0.0637206087	-0.0534281934	0.085942269	0.0399651813	0.0056246718	0.0359505945	-0.0277189812	-0.1183096606	0.0726597128	-0.0276004057	-0.0674703037	0.0242811864	0.0690223172	0.1262672608	-0.0036708205	-0.0141295331	-0.0181258952	-0.0931063375	-0.0453047219	-0.0929140718	0.0391070633	-0.048244869	0.0645133103	-0.0269290606	0.0259076748	0.0547287179	0.0423119988	-0.0090885212	0.0387027462	-0.0279603212	0.0611447534	0.0195645456	0.0011378189	-0.0002843561	0.0437369371	-0.1502495466	-0.0807741883	0.0104539788	0.0346307238	-0.0076989914	0.0833395468	-0.0005762304	-0.139359983	0.1004556923	0.092764951	0.1237907014	-0.1228923406	0.1952944877	0.0528909073	-0.0487240908	0.0487005449	0.0061570018	0.0150734917	0.1260397816	0.0960501593	0.1023434963	-0.0318115062	-0.1335291191	0.0869613954	0.0108641857	0.1266038226	-0.0169662878	0.0202357405	-0.0802266187	-0.055760824	-0.0750187149	-0.0541055227	0.0570632324	0.0313230666	0.0776701593	-0.0141888572	-0.0528839509	-0.0001925368	-0.0110108683	-0.0099578657	0.0549817565	-0.0334713583	-0.0956210976	0.0318026275	0.0093605107	-0.1268672111	0.0439555655	0.0020062565	0.0272370221	-0.0752585301	-0.0720526312	0.0323519979	0.0913178824	0.0220267751	0.0	-0.058621580739242	0.0057376409904322	0.0034364897283674	3.292052413508784e-05	0.0524285190281403	0.0354166855206585	0.002748749607484	0.0012543416132692	-0.1154531786506396	-0.0478435542882778	0.0133294364605365	0.0022890056869353	0.0013851492892678	0.0001731051953569	2.9965408659550564e-08	1.9186385535590914e-06	0.0005901388908908	0.0003723623518165	3.482639105418235e-07	1.3865372105038934e-07	-0.0005219092064444	-0.0001522770723248	2.318830675581237e-08	2.723892197714233e-07	0.0	0.0	0.0	0.0	0.0	0.0	0.0	0.0	0.0
793.1364899452527	1.9070974133265963	629065.491682676	3.6370205439169943	870.7912172757663	3.730415256206811	758277.3440846108	13.915997983740528	753.9844457437517	0.9504161660743192	0.9032908887354082	568492.5444235125	753.5536660512288	690.8628904132642	1.024027	36.448246	0.1280467177575391	0.0617123383700437	0.0183442917	-0.0281385016	-0.1152038831	0.0720330808	-0.090419143	0.0876400351	-0.1081364329	0.0854774947	-0.1451832575	0.0054651051	-0.044252052	-0.0030277021	0.1035758392	-0.0592617284	-0.0444873891	-0.0418170211	-0.0683825681	-0.0298405519	0.0741068584	0.0635695875	0.0399000204	0.0166405921	-0.0542257911	0.1100803958	-0.088466569	0.0627246967	-0.014983472	0.0187622417	-0.0204311757	-0.0233469405	-0.0162224024	0.0111673269	-0.0672475808	-0.0280765741	0.0390227373	0.0192303513	-0.0681485304	0.0261766627	-0.0028322157	-0.0253810782	0.1806136021	0.0730571584	0.0115342987	-0.0109486788	0.0671242695	-0.0700865855	0.0143416489	-0.0465406684	0.0108692064	0.0289148378	0.1121575687	-0.0549399141	-0.0005312204	0.028678681	-0.0059009049	0.0262135142	-0.0563943469	-0.0242849105	0.1057538012	0.0147188196	-0.0450938267	-0.0197229203	-0.1183927228	-0.1382088324	-0.0425736609	-0.0270649433	-0.0044672461	0.0074757045	-0.1268499648	-0.0606738431	0.0223349872	0.0253361623	-0.094307854	-0.0692906977	0.0575234082	0.0606371272	-0.1241589278	0.1166078434	0.0610315281	-0.0130983921	-0.0426789162	-0.0071522385	-0.0080009891	0.0291467194	-0.0904105341	-0.0127874122	0.0633754247	-0.0755193263	-0.0225764366	-0.0010953211	0.0592401422	-0.1165553912	0.050937378	0.0681129109	0.0185272419	0.0857862386	0.0139737548	0.0515505674	-0.0824614726	0.0255657088	0.0832480833	-0.0056314081	0.0519341813	-0.0333322423	-0.0152294425	0.0046811723	-0.0353566064	-0.1357340506	0.0477925149	0.1205693601	-0.0994661035	0.0743951285	-0.100361494	0.0206949876	0.0792378713	0.0094226471	0.0653734768	0.0242284817	0.028359957	-0.0166760176	0.0106113807	0.0252694298	-0.1304373909	-0.0587563176	0.0323569486	0.0185195902	0.0345236961	-0.0167956458	-0.0370915498	0.0569125325	-0.0075017165	-0.0348784599	-0.0066519418	0.027275448	-0.0296432656	-0.0509928105	0.0877367542	0.1523238434	0.0131821793	0.0017326954	0.0337113361	0.0259804786	-0.023293231	-0.0494695847	0.0695838562	-0.1081017488	0.0779275892	-0.03329604	-0.0473269256	-0.0081481127	0.0117613439	0.0090657967	-0.0365410957	0.035336393	-0.0342177825	-0.0623986203	-0.0142021213	-0.0675161741	0.0644411162	-0.0692566225	0.0698450565	-0.0938031803	-0.0835152341	-0.012542763	-0.0206570316	0.0349862962	-0.1298758703	0.1012096167	-0.0009096597	-0.041068678	-0.0310221522	-0.0719143883	0.0506865985	0.0515720108	-0.0834663897	-0.0024358139	-0.0650168641	-0.0504035463	-0.0383147865	0.0610193629	-0.0098548154	0.0260867859	-0.0765995097	-0.0697746196	0.0368041899	0.0907655546	0.0149631188	0.0	-0.0464454671880218	0.0121761135512202	0.0021571814223136	0.0001482577412122	0.045569530878609	-0.0068589881495313	0.0020765821444964	4.7045718435410814e-05	-0.0713448442075446	0.044108334443095	0.0050900867949988	0.0019455451673439	0.0010329954723993	-0.0003521538168685	1.2401231073505318e-07	1.0670796459974527e-06	0.0002150252033252	-0.0003751136875656	4.62358380650436e-08	1.4071027859906257e-07	4.888892139535289e-05	0.0005707981278397	3.258105027453669e-07	2.390126635200993e-09	0.0	0.0	0.0	0.0	0.0	0.0	0.0	0.0	0.0
794.0463749185776	0.9098849733248926	630509.6455213344	0.8278906646824405	874.4410606384278	3.6498433626615	764647.1685304585	13.321356571964204	754.3508144289553	0.3663686852036107	0.1342260134978224	569045.1512296282	755.5366235605876	673.4367464275562	1.082322	38.523151	0.0927376413663601	0.0459506852436608	-0.0982571184	0.0094660315	-0.0410150318	0.1063864568	0.0266129353	-0.0471033846	0.0798892206	0.0554304524	-0.0317312519	0.0564037307	-0.0143677173	-0.0453725189	-0.1432863549	-0.0403712302	-0.0016510639	-0.1260326236	-0.0532657114	0.0045427712	-0.0441132115	0.1394456652	0.1196325669	-0.0644555923	0.0972783735	0.1173928733	0.038180082	-0.0065087669	-0.0348264644	-0.0434062581	-0.0177839324	0.0348399592	0.0611502263	-0.0200033298	-0.0584054378	-0.1299027283	0.0562082083	0.0204529102	-0.011030566	0.0134807041	-0.0183320663	-0.0681120978	-0.082743513	-0.0115609312	0.090098082	0.0875334249	0.1222584139	0.025292508	-0.0802487568	0.0577373374	-0.0286651345	-0.0079283977	-0.0448273488	-0.0532845	-0.0745427408	0.1877122748	-0.0454950147	-0.0154976169	0.0114085892	-0.0796682433	-0.0567536992	0.0424775416	-0.0128094291	-0.0899979705	0.0165762069	0.0518052778	-0.0167070512	-0.0636817286	-0.0973156797	-0.0283272683	-0.0660098602	0.0440562812	0.0599550332	0.0619530884	-0.0347682734	-0.0197448129	-0.0955255157	0.0749300856	-0.1243759779	-0.0268187491	-0.0353585962	-0.0585832058	0.0181055062	0.0086729359	-0.1431180019	0.0637816528	-0.0456530349	-0.0873508923	-0.0429037624	0.0034806066	0.0565125634	-0.0098209554	-0.0762856608	-0.0381970042	0.0314262082	0.0639869499	-0.0160327379	0.0809586137	-0.0655047623	0.150566818	-0.0362106096	0.0638632503	0.0684593489	-0.0569127375	0.0744752898	0.0399963273	-0.0194969196	0.0951785341	0.0054446347	0.0272231994	-0.0288920174	-0.0238720586	0.0629191332	0.0280680032	0.045505907	0.0455526955	0.0796362918	0.0313665878	0.03578386	0.0330325105	0.1102265724	0.0710587122	-0.1085184601	0.0704889607	0.0293812326	-0.0488048176	-0.0069475609	-0.0206081027	0.0842388782	0.0049321431	-0.029637611	-0.0616648353	0.0112323658	0.0050065033	0.051891774	0.0572089351	-0.0310505375	-0.0321525869	0.0026160004	-0.0401611167	0.0921429299	0.1032778001	-0.0237404647	-0.128681678	0.1134254693	-0.0285848822	0.0312689384	-0.0322139233	-0.0828322277	-0.0155004882	0.0076318143	-0.0205528465	-0.0792123171	-0.033889476	0.0463640287	-0.1386783831	0.0432198939	0.0723932663	-0.0167022345	-0.1018262233	-0.0006175069	0.0628356067	0.099145462	-0.0213969528	-0.0793352568	-0.000633465	-0.0157200818	-0.0769052349	0.0210401782	-0.0438871079	0.0003692731	0.0009760885	-0.0059375824	0.0302387385	-0.0633551086	0.0322948642	-0.0818564738	-0.0578022856	0.0579884259	0.0076170685	-0.1465316334	-0.0620211459	0.0488054548	0.0249320423	-0.0778875515	-0.0673881186	0.0411546584	0.0898212967	0.0078064368	0.0	-0.0499053218892129	-0.0034598547011911	0.0024905411528659	1.197059455335418e-05	0.0274667716672638	-0.0181027592113452	0.0007544235458216	0.0003277098910639	-0.1002351356752058	-0.0288902914676612	0.0100470824238269	0.0008346489410864	0.0009240998168732	-0.000108895655526	1.185826379245901e-08	8.539604715450818e-07	0.000381758999886	0.0001667337965608	1.4573993399395894e-07	2.7800158915578243e-08	-0.000521176346241	-0.0005700652676363	3.2497440936530666e-07	2.716247838811187e-07	0.0	0.0	0.0	0.0	0.0	0.0	0.0	0.0	0.0
795.0517299661981	1.0053550476204691	632107.2533222444	1.0107387717759555	874.6037096757155	0.1626490372877924	764931.6489785233	0.0264547093306456	756.3777502482142	2.0269358192588243	4.108468815394441	572107.3010705499	756.5424520111084	702.1550944257825	1.079807	38.433659	0.0680995953721386	0.0398319358634819	-0.1172986048	-0.1188189875	-0.0703844857	-0.0459635777	-0.0978861099	0.0804111778	-0.0169961143	0.0832349414	-0.0687477272	0.0231452062	0.1048477796	0.0388570505	0.0211062033	-0.1139956902	-0.0469281272	-0.0022549816	-0.0515104254	-0.0484006159	-0.0112431014	-0.0509086135	-0.012208806	-0.0185129838	0.0765347413	0.093822379	0.0527636507	0.0727280133	0.0049790943	0.1211690113	0.0681211208	0.0324751657	0.128804666	-0.1417211008	-0.0776082937	-0.1240706882	0.0459953619	0.0557700338	0.0024424456	0.1046153585	-0.1188192906	-0.0788147402	0.0537211785	-0.09913614	0.030675699	0.1066053751	0.0014279977	0.0840954646	-0.0074865805	-0.0718413111	0.0012437293	0.0340968008	-0.1368233446	0.0734150969	-0.0002942161	-0.0042700049	0.0710954327	0.0121639362	0.0254387126	0.0406310317	0.1292560249	0.0788986696	0.0965243365	0.0547112237	0.0067908023	-0.0558111483	-0.0166108979	-0.0063693946	0.0197549135	0.026965936	0.1040659834	-0.0708398743	-0.055629165	-0.0196491081	0.0779100799	0.0563581973	0.0178086064	-0.0114802326	-0.0429765791	-0.1267038352	-0.0627370788	0.009471206	-0.0324833911	0.0180130379	-0.075064157	-0.0061792915	0.0526731293	0.0349014066	0.0768982204	-0.0543809704	-0.0283434533	0.0624759123	-0.0295007799	-0.107786221	-0.0201871919	0.1353692388	0.0359933182	-0.0025038979	0.0287872218	-0.0002176518	-0.0664726365	0.0661818184	0.0580676402	-0.0597748272	0.1377059875	0.1168394829	0.1253548138	-0.1212403726	-0.083332797	0.0592102071	-0.0026706524	0.1094908897	-0.0109368324	-0.0047248227	0.1759308691	-0.0503982793	-0.0087687858	-0.0055257197	0.0436838818	0.0453753645	0.087911178	-0.0036122673	0.0053298058	-0.1274698471	0.1124468945	-0.032871354	0.0083465904	0.0011871013	0.017465244	-0.0254221293	0.02586531	0.0518323076	-0.0359038063	-0.0128781269	-0.0120239584	-0.0209726638	-0.0559166495	0.0472612778	-0.0073609942	-0.0905093173	-0.0208588554	0.0337714222	-0.0204966516	0.0558298951	0.018216061	-0.038581424	0.0897915878	0.0835188469	0.051395655	0.1183534224	0.1194432741	-0.0396204562	0.0221373684	0.0180041654	0.0658319589	0.0246528783	0.0561379262	0.0054786396	-0.0251416455	-0.0193844924	0.1265886994	0.0593404216	0.101778277	0.0333194552	-0.0635517386	0.0373837599	-0.0480378068	0.0270515088	0.0212095606	-0.0449408645	0.0450321646	-0.0427557286	-0.0274541204	-0.0210807696	-0.0572412817	0.010861413	0.0143928212	-0.0322168663	0.0977648497	-0.0654929205	-0.0377068074	0.0337291081	-0.0035159088	0.0237729909	-0.0791217655	-0.0648968387	0.0453913792	0.088489186	0.000601222	0.0	-0.0401105831316215	0.0097947387575914	0.0016088588791587	9.59369073294632e-05	0.0397720845244862	0.0123053128572223	0.0015818187074228	0.0001514207245141	-0.1356035049428356	-0.0353683692676298	0.0183883105527816	0.0012509215446514	0.0008650701206004	-5.902969627279999e-05	3.484505042059017e-09	7.483463135555906e-07	0.0003818413254828	8.23255967999999e-08	1.458027978464616e-07	6.777503888476152e-15	-0.0003676648783167	0.0001535114679243	2.3565770784273388e-08	1.3517746274763384e-07	0.0	0.0	0.0	0.0	0.0	0.0	0.0	0.0	0.0
795.7773187101183	0.7255887439201842	633261.5409734652	0.5264790253036707	875.1398785224328	0.5361688467172598	765869.8069802584	0.2874770321901165	756.3195339453233	-0.0582163028908553	0.0033891379222798	572019.2374272711	757.7137406285603	676.2558958246337	1.233594	43.907379	0.3143884228674776	0.1895876863516117	0.0168515758	0.0965840165	0.0434241046	0.0616247828	0.0721543261	0.0942021314	-0.0811847556	0.0551541896	0.0668030415	0.0344070556	-0.0121222415	-0.0438941515	-0.0455031433	0.0839622934	-0.060886777	0.1021209186	0.0502273143	0.1186421314	-0.0479981	-0.0094399899	0.0502462744	0.0383122211	0.0886601744	-0.0483278557	-0.0443635819	0.0126200978	-0.004434975	0.0019069091	0.074757319	0.1386131058	0.024427435	0.0194430034	0.0278600933	-0.0388492857	-0.0377650216	0.153179588	0.1500018644	0.0191253995	-0.0001542387	-0.0718187164	0.009047235	-0.1453636118	0.0691180409	-0.1520507922	-0.1320107405	0.0110492573	-0.0479920327	0.0114443287	0.1255945976	-0.0559989334	-0.0887364971	-0.0969709581	-0.069180837	-0.0472916531	-0.0425896755	0.0240771167	0.0961869033	0.0578579023	-0.0320883937	0.09523634	0.0269579329	-0.0619236595	0.0237894556	0.0844143126	0.0376123331	0.0319965279	0.0717444736	0.0197218481	0.0388177768	0.1360852048	-0.1138363208	-0.0079718622	-0.0800319045	0.0719874549	0.0289680088	0.0730170079	0.1451053078	0.0865318392	0.1143568141	0.022301806	-0.046939761	0.0483520086	-0.1239348066	0.0985743496	-0.0286150126	0.0143548675	-0.056508736	-0.0585787655	-0.0039155273	-0.0758061857	0.0906677964	0.0484861597	0.0505442388	0.0765470184	-0.0103980895	0.058648244	-0.0591979319	-0.0907232168	2.23518e-05	0.1896676684	-0.0246915932	-0.0588928239	0.0597777228	0.1011599406	0.0529407072	0.0236282129	0.0337297575	0.06144137	0.0180271859	0.0501781307	0.0441140656	-0.0943048863	-0.0516887627	-0.0192357242	-0.1972962659	-0.0204679507	-0.029857454	0.0421216066	-0.0514749768	0.1254995766	0.0214715113	0.0712576537	0.0002271217	-0.0671566885	0.0560937958	0.1371120234	0.0041410599	0.0653909266	0.136601913	-0.0335134577	0.1471415676	0.0337814264	-0.0738611016	-0.1437220822	0.073152461	0.0884240405	0.0101042051	-0.0505917413	-0.0943057761	-0.0293449393	-0.1189642507	-0.0679993235	-0.0326422314	0.1510847581	-0.0685418245	0.0455862712	0.0556671852	-0.0505682257	-0.0840560219	-0.0804579735	-0.0248266334	0.0302749247	-0.089392499	-0.0862342646	-0.0794214887	0.0555212879	-0.0130560054	0.0337651131	-0.0234789846	-0.0761724221	0.0288441656	0.0964820996	-0.0452296449	-0.002760506	-0.0682801232	-0.1595053429	0.0979917762	-0.0304793589	-0.0079434928	-0.021054711	0.1018599633	-0.0459880333	0.0888190741	-0.0147755467	-0.0184845389	0.093809438	0.0166381132	0.0241781731	-0.1633876912	-0.0828814268	-0.0597096683	0.0226098321	-0.0803012987	-0.0623046536	0.0495026423	0.0867749746	-0.0066077305	0.0	-0.0556993256979438	-0.0155887425663223	0.0031024148832056	0.000243008894799	0.0122506771728865	-0.0275214073515997	0.0001500790911942	0.0007574278626126	-0.2660265808524116	-0.130423075909576	0.0707701417200246	0.017010178729715	0.0032270258086873	0.0023619556880868	5.57883467248606e-06	1.0413695569933924e-05	8.015912065650888e-05	-0.0003016822048262	6.425484624424748e-09	9.101215270885228e-08	-0.0005211309262031	-0.0001534660478863	2.355182785387081e-08	2.715774422453009e-07	0.0	0.0	0.0	0.0	0.0	0.0	0.0	0.0	0.0
796.818659133489	1.0413404233706842	634919.9755432913	1.0843898773458358	880.6176371060885	5.477758583655714	775487.4227823106	30.00583910081385	756.831014121865	0.5114801765416814	0.2616119709951096	572793.1839367306	757.7503818639119	696.1520235628384	1.082347	38.524033	0.0980233946655634	0.0426723734334751	-0.041571446	0.1169920808	-0.0102924917	0.0187518989	-0.0199913823	-0.0498004975	0.0510968633	0.0676925024	0.0630597592	0.0407064661	-0.0673895442	0.0500172965	0.0088484183	0.0506131913	-0.0305122186	0.0054487403	0.0710033183	0.053407215	0.1508944968	-0.057383751	0.0228386213	0.053124658	0.0321968722	-0.036137615	0.033752383	-0.1061677198	-0.013540876	0.0336907576	0.0041257478	-0.0643716618	0.0199927295	0.0025036016	-0.0194184838	0.1260336212	0.0892492378	-0.152480303	0.1119547919	-0.1550378593	0.0096612364	0.1502612318	-0.0291088534	0.080162059	0.0477771939	-0.0099792609	0.0010304279	0.06895438	-0.1105879061	0.0091038937	0.0261396452	-0.0490579876	-0.0316902001	-0.0709285586	-0.0121256858	-0.036891444	0.0422791796	0.1255471875	0.0410002135	-0.0362986069	0.0649408467	-0.0643803387	-0.036784482	0.0012946511	0.0149305657	0.0816788489	0.0188023737	0.0226289575	0.0134801251	-0.0382783578	0.0237720354	0.0045754898	0.039416781	0.0153682508	0.0962616276	0.0535314196	-0.0819593603	0.0268144251	0.018618748	-0.064037495	0.0137143542	0.0062898834	0.0444002767	-0.0580073041	-0.1684414352	-0.0968015967	-0.0072989345	-0.0705091961	-0.0080827373	-0.08145521	0.0531304673	-0.0899752846	-0.0413737288	0.0750548092	0.0682542355	-0.0260865823	0.0357102251	-0.0588294693	0.0045045923	-0.104443585	0.0340871039	-0.0547590043	-0.0926125948	-0.0230096871	-0.0079948703	-0.1677430354	-0.040867348	0.0142846695	-0.1006273049	0.0182486044	-0.0479988599	-0.1541682503	0.0680935713	0.0339433164	0.0402864189	0.0345597209	-0.0220442054	-0.128759329	0.1002236786	0.0337631622	-0.0897540516	-0.0925306416	0.0466442984	0.034208711	0.1479129146	0.0041088087	0.0133709703	0.0276227655	0.0381227077	0.0163223628	0.0106635541	-0.0331172479	-0.0166687474	-0.1121521137	-0.0197934759	0.0631971081	-0.0043438504	-0.0027192438	0.0488901673	0.024441028	0.0497944025	-0.0233846474	0.0162501688	-0.054214175	0.0625312624	-0.0055890445	-0.0322015688	0.1032604759	-0.0638503858	0.0539639636	-0.0405365331	-0.0509299008	-0.001604636	-0.0379708284	-0.0581262419	0.1296786784	0.0151704133	0.2005396219	0.0742932458	-0.0297331504	-0.092931471	0.0098822847	-0.0551008354	0.0483025902	-0.0433376611	0.0272990698	-0.0591320599	-0.0139028795	-0.0478084259	0.1396053104	-0.0205298799	0.0206788606	0.0663421988	-0.0366676333	0.0662920594	-0.0359848421	0.0455527595	0.031723728	-0.0663223895	-0.0476420284	0.0214562118	-0.0284781799	-0.1416912347	0.0214427666	-0.081425336	-0.0596155937	0.0534770846	0.0846860645	-0.0137756027	0.0	-0.0399245338723943	0.0157747918255495	0.0015939684049279	0.0002488440571394	0.0338934840792575	0.021642806906371	0.0011487682630308	0.0004684110907864	-0.2396720929973241	0.0263544878550875	0.0574427121617179	0.0006945590301039	0.0036279511810652	0.0004009253723779	1.6074115421635786e-07	1.316202977219238e-05	-0.0002029444800013	-0.0002831036006578	4.1186461962998065e-08	8.014764870541615e-08	-0.0005201337376677	9.971885353999429e-07	9.943849751330829e-13	2.705391050601718e-07	0.0	0.0	0.0	0.0	0.0	0.0	0.0	0.0	0.0
795.631536054375	-1.187123079113917	633029.5411642443	1.409261204964907	873.955246411837	-6.662390694251485	763797.7727307748	44.38744976284878	755.8120935628889	-1.018920558976106	1.0381991055041802	571251.9207759171	756.3785822931925	689.1043210612163	1.10958	39.493355	0.294718280598776	0.1736295435200658	0.0190506911	0.054335959	0.0686979999	-0.1386748699	0.0162332628	-0.010305422	-0.0399538075	-0.0019207044	0.1219874352	-0.048678467	0.0376066419	0.0042464079	-0.0112872511	0.0070831691	0.0407105558	-0.0334764161	-0.0120858561	-0.0306237328	0.0300782812	-0.071287476	0.081398468	0.0354244638	0.0457405475	-0.1502298268	-0.0392932259	0.0028958203	0.0345681184	0.0929062743	0.0011241514	0.1654904035	-0.0090905451	0.0092364982	-0.0274697919	0.0107109101	-0.116049325	0.0128644621	-0.0282249413	0.0423021619	0.0855630026	0.042990671	0.0137239019	-0.0193814792	-0.0110218914	0.0856483388	-0.037039765	0.1288884812	-0.0141606317	-0.0961904272	0.124296201	0.0749351468	0.1691360502	0.0379206214	-0.0227539864	-0.0822631123	0.0112865984	0.0724544122	-0.1387707302	-0.0465329899	-0.0452209018	-0.0127822137	-0.0245326876	0.0038454766	-0.0987305021	0.0882512659	0.0763536501	-0.0568479203	-0.1330176427	0.0332634726	-0.0124589839	-0.0020727769	-0.0115399848	0.0476082737	-0.1706723051	-0.0020421016	-0.0594103063	0.0250865677	-0.0728721271	0.0002979125	0.0368043679	0.0081542601	0.057121781	0.0207444311	-0.0055682091	-0.0811729523	-0.0039222655	0.0149488048	0.1593411829	-0.0028032123	-0.0348505944	0.0163570896	0.0500114545	0.1180557494	-0.0498123765	-0.013348896	0.0366354998	-0.0131719193	0.0063507088	-0.0676844506	0.0272301443	0.1864889298	0.0418349943	0.1313928169	-0.1835612198	-0.0493032558	0.0605719209	0.0098726615	0.1054231616	-0.0135462458	-0.0598527067	0.1228854386	0.0412916086	0.0400267927	-0.0135616728	-0.0495056789	-0.0621862572	-0.0897387926	-0.022495298	0.1169953404	0.1481662562	-0.0066133129	-0.0219882949	0.03142528	-0.0539436034	0.024837261	-0.0227863729	0.0326106497	0.0604944951	0.0301929636	-0.0091031467	-0.1640690211	-0.0305918486	-0.0158114085	0.0197459873	-0.0003804401	0.0007826859	-0.1223286715	-0.0080378855	0.0337179838	0.0522891448	0.0302282681	0.0021906874	0.0128969944	0.0289436044	-0.0986908913	0.062976941	0.0529686067	-0.0542776017	-0.0737602567	-0.110552445	-0.024974188	-0.0280813372	0.0400559095	-0.1288106034	0.1260283269	-0.0526070984	-0.0302051977	0.0250684395	0.1072294733	-0.0506154037	0.0084320406	-0.0596398772	0.0292985284	-0.0044757168	-0.0769021117	-0.0218356842	-0.1617366243	0.1428190273	0.0746128102	-0.0866131298	-0.0958671571	0.0977352389	-0.0097162977	0.1953249264	-0.0062636845	0.0882800099	0.0970219496	-0.0666271479	0.0400317333	0.0521265703	0.0403489549	0.1161449568	0.0202719962	-0.0824931004	-0.0568338402	0.057303721	0.0822314759	-0.0208578319	0.0	-0.0665836607234808	-0.0266591268510865	0.0044333838753396	0.0007107090444623	0.0121634495962297	-0.0217300344830277	0.00014794950608	0.0004721943986335	-0.3665915156929458	-0.1269194226956217	0.1343893393780513	0.0161085398573898	0.0055723894040923	0.0019444382230271	3.7808400031687855e-06	3.105152367084014e-05	-0.0003457904062078	-0.0001428459262064	1.1957100502535532e-07	2.0404958633792842e-08	-0.0008210435198149	-0.0003009097821472	9.054669699187539e-08	6.741124614300401e-07	0.0	0.0	0.0	0.0	0.0	0.0	0.0	0.0	0.0
797.0426231103064	1.4110870559313753	635276.9430545579	1.991166679417076	884.3752164987418	10.419970086904756	782119.5235571964	108.57577661198988	755.8991131639322	0.0870196010432664	0.0075724109657292	571383.4692820191	756.996903775533	710.4861731723423	1.067436	37.993328	0.2841408579777105	0.1542635578965634	0.0868863453	0.0629249636	0.0853309461	-0.0416840667	-0.0188165106	-0.1069955589	0.0714728722	-0.0313747123	0.0685551123	0.0029085112	-0.1124222368	-0.0116844164	-0.0315099774	0.0054730573	0.0642769055	0.0627360835	0.0544872044	0.0119070182	0.0293874475	-0.0989064166	-0.066745296	0.0109846149	-0.011545423	-0.0712449889	-0.0067433465	-0.0697941723	0.0437922343	0.0294559105	0.0062980067	0.0293099331	-0.1434464757	-0.019682014	-0.0192994125	0.0390129513	0.0310085004	-0.0210467371	0.0520359923	-0.0412483405	-0.0050981471	0.1551939496	-0.0018909837	-0.0615071744	-0.0334038785	0.130972662	0.0315518076	-0.0071489619	0.0627859189	0.1355536447	0.048644918	0.0795280939	0.1072260105	0.0534264093	-0.0350810995	-0.0576353013	0.104938394	0.0536061102	0.0602893248	-0.0440677375	-0.0427279463	-0.067666917	0.0841462041	0.0139821857	-0.1118980424	-0.1014425885	-0.0190414234	-0.0456169346	0.0375922388	-0.1970463243	-0.0426547907	0.0010624257	0.0152837047	-0.0357265025	0.051586715	-0.0027184444	0.0590095	-0.0247038778	0.0643282166	0.0319351448	0.0064242054	0.050485067	0.0510823527	0.0502680075	-0.0369474547	0.043247933	-0.0620650341	0.073399646	0.0382120527	-0.0335823674	0.0720437402	-0.0650379548	-0.0216454121	0.0763295786	0.0276269249	-0.1053001624	-0.0212976101	-0.0388386331	0.0180774539	-0.0071750432	0.0492162787	0.0666493642	-0.0936047204	0.0187437655	-0.060150373	0.0369498401	-0.0230432368	-0.0230448097	-0.0899661982	-0.033944657	-0.1160339472	0.0659198633	0.1486686239	0.1537637688	0.0700916136	-0.051115465	0.0633056332	0.0024690915	-0.0990112138	-0.0679633542	-0.0206315073	0.0149991301	0.0498733442	0.0007994939	-0.0504781953	-0.0199036236	-0.1279111154	0.020226055	-0.0042664785	-0.0215591398	0.0531045911	-0.0401158678	-0.113451333	-0.1580677109	-0.1551925589	0.036163634	0.0060350176	0.1539509608	0.0811787507	0.094262779	0.0568084351	0.015029686	0.0765003399	0.0345683993	0.0006615146	0.0169316975	0.0503573052	-0.0201800963	-0.0161910335	-0.0793272043	-0.057147138	0.0022637186	0.0218678953	-0.0709192762	-0.0473049572	-0.0725395748	-0.0728120639	-0.0049808927	0.0369430493	-0.0104303828	-0.1158862604	-0.0223049252	-0.0673307627	0.0027929624	0.129353964	0.0600040558	-0.0645539637	-0.0107014308	0.0094242002	-0.0496591287	0.0257698014	0.0068266427	0.1142125759	0.0830463122	0.0093298679	-0.0040231354	0.0198857112	0.0228855037	-0.0190719095	0.054997012	-0.0202815959	-0.0115318486	0.0072575838	0.0190977232	-0.0835038541	-0.0539637182	0.0609719752	0.0794218076	-0.0278103878	0.0	-0.045644940570412	0.0209387201530688	0.0020834605996764	0.0004384300016485	0.0637888001209461	0.0516253505247163	0.00406901102087	0.0026651768167998	-0.2659619124776355	0.1006296032153102	0.0707357388887614	0.0101263170432707	0.0038759642322075	-0.0016964251718848	2.877858363804373e-06	1.5023098729351876e-05	-0.000241282116127	0.0001045082900808	5.8217059562723116e-08	1.092198269561264e-08	-0.0004030333000882	0.0004180102197267	1.7473254379596402e-07	1.624358409799851e-07	0.0	0.0	0.0	0.0	0.0	0.0	0.0	0.0	0.0
795.1813942401957	-1.8612288701107216	632313.4497457815	3.464172906933634	880.6242409926194	-3.750975506122359	775499.0538238271	14.069817247529883	756.6914450164896	0.7923318525574814	0.6277897645771704	572581.9429611432	757.0717910257976	655.0463477231079	1.267451	45.112453	0.1142966630320799	0.0675260827749329	-0.0446745153	-0.1301440096	0.0097768088	0.1069072577	0.0856870735	-0.0486541942	0.0787455	-0.1018489259	-0.0713910505	-0.0101272689	0.0702726894	0.0470926054	0.0615402672	-0.0211590049	0.0223248055	0.0813297785	0.0230138056	-0.0023134442	0.0816222425	-0.0047660678	-0.0550941957	0.0186811494	-0.0871229533	0.0510447046	0.1201668209	0.0778569229	0.0804230931	0.0614354025	-0.1013411077	-0.1655494009	0.0063729486	-0.0464306335	0.0782928319	-0.1432415122	-0.0375376429	-0.0501111481	-0.0898455377	-0.0335624164	0.1132859628	0.0037502817	0.0209523533	-0.0105526746	-0.0459725161	0.0379004703	0.0063126095	0.0128673493	-0.0668870821	-0.0611696082	0.0072268096	0.0136660529	-0.0530798163	-0.0854657323	0.1052733715	-0.0873583066	0.0834976415	-0.0207658067	-0.0350055777	0.0253757159	-0.0233146024	-0.0685656257	-0.0735521024	0.0467059344	-0.0399926016	0.0283094413	-0.0573417462	0.0470768719	-0.1000218956	-0.0705819833	0.0954816595	-0.0671587477	0.0083028642	-0.1111730917	0.1318539873	-0.0593650682	-0.0946369647	-0.0819043689	0.0045685192	-0.0666180086	-0.0126186186	-0.164271422	-0.061986846	-0.0837692338	-0.024019076	0.0046829522	-0.0343832622	-0.0445155182	0.149641641	0.0367763872	0.0943134376	-0.1286561912	-0.0813403562	-0.1042893591	-0.1063822774	0.0282924631	-0.0491758104	-0.1638565266	0.096411419	0.038301978	-0.0722815815	-0.0679572395	0.0065833003	-0.0790426264	-0.012203711	0.0090686405	-0.1354376641	-0.0254316728	0.0429871662	-0.0761823551	-0.0487692041	-0.0044167489	-0.0969938702	-0.0280262086	-0.0117765416	-0.0332320451	0.0302457052	-0.0269091481	0.0047621147	0.0282816888	0.1088260554	0.0321349864	0.0052717133	-0.1158714423	0.0566442524	0.0568089553	0.0123883403	-0.0533613826	-0.1175305162	-0.0593613469	0.0272483041	0.0421906709	-0.0659369265	-0.0386722768	0.0358141146	0.0985570873	0.0555276623	-0.0136024868	-0.0944388483	-0.0277221018	-0.0258413342	0.0194854981	0.1709049747	-0.0385046656	0.027771392	-0.0625010071	-0.0542637524	0.1001526869	0.0458124162	0.0749903535	0.0486656687	0.0018998339	0.0387335964	-0.09263262	-0.0244446931	-0.057154406	-0.0889780746	-0.0344581842	0.0407142121	0.0075663222	0.0801077922	0.1110223684	-0.0322385534	0.0108511554	0.0900495745	0.1363448186	0.0459741859	0.0117808474	-0.1110546407	0.0415056227	-0.0595795973	-0.0913718434	0.0585327735	-0.0774702952	0.0275757011	-0.0822612035	0.0390246571	0.02204522	-0.0850491754	-0.0151701953	0.0426513597	0.0988276648	0.1258547098	0.0179201505	-0.0844568986	-0.0510096905	0.0644717082	0.0762691921	-0.0345900464	0.0	-0.0505592980331073	-0.0049143574626953	0.0025562426176005	2.4150909271148983e-05	0.0514144927644508	-0.0123743073564952	0.0026434500662257	0.000153123482553	-0.215518865147601	0.0504430473300345	0.0464483812345098	0.0025445010239401	0.0030999893137445	-0.000775974918463	6.021370740836597e-07	9.609933745330096e-06	-8.61240659582041e-05	0.0001551580501687	7.417354737173091e-09	2.4074020532182586e-08	-0.0004028672510629	1.660490252999988e-07	2.757227880307964e-14	1.6230202197897772e-07	0.0	0.0	0.0	0.0	0.0	0.0	0.0	0.0	0.0
794.4803700653279	-0.7010241748678254	631199.0584191403	0.4914348937491155	879.3625078641452	-1.2617331284742477	773278.4202371188	1.5919704874894125	754.8395704156962	-1.8518746007933944	3.429439537063693	569782.7770653529	755.7027557118734	683.6496963270829	1.128958	40.18309	0.0273753883411046	0.0119976952195093	0.0824849187	-0.0414714417	0.0515786394	0.0142754404	0.0337914727	0.0631049724	-0.075442627	-0.0598404153	-0.0080929444	-0.0021939492	0.0067087647	-0.010153073	0.0439794075	0.1003300804	0.1188593497	0.0755469391	0.0056285577	0.195218669	0.1075491321	0.0396677937	-0.1249034456	0.0132050282	0.1232263101	-0.0110030697	-0.0343153208	0.0353093657	0.0431173145	-0.0113226894	-0.0517881356	-0.0627851173	-0.0820454451	0.069094459	-0.0484750572	0.0311364555	0.0067199358	0.0077259235	-0.0353805269	0.0155290202	-0.0511275239	-0.1069332298	-0.0134771358	0.040716262	-0.0121402301	0.0971866965	0.033812098	-0.0588566886	-0.0298298872	-0.1430572563	-0.0131673551	0.15724955	-0.0473264547	-0.1454131572	-0.0081306799	0.043377509	-0.05601937	0.0256742506	0.054459165	-0.1229170143	-0.0281450222	0.012996719	0.0820577237	0.1370181328	0.0664138495	-0.0373285476	-0.0992407276	0.1716121072	0.0102267136	0.0222450474	-0.0165601896	0.023758126	0.0090144064	-0.0091490985	0.0068647845	-0.0018965215	0.0849544721	-0.0569330285	-0.052198338	0.0605103798	-0.0154902425	0.0031197434	0.0729852253	0.0779872944	-0.03771012	0.0701172511	0.0706082171	0.0591773296	-0.0206482019	0.058608744	0.0453686292	-0.0621929416	0.0584546966	-0.000894047	-0.0416241784	-0.0492571969	-0.0426471992	-0.0025037446	0.0254590677	0.0753708829	0.0186418242	-0.0398819317	-0.0176780796	-0.0244785582	-0.0270448138	0.0437760948	-0.0167120914	0.0194821697	-0.0842153891	-0.0001765067	-0.0274289974	0.0262386598	-0.0126827817	0.0943136334	-0.1018633211	0.0229405534	0.0913696366	0.0338190694	0.1806128547	0.066546846	0.0069108026	0.1841893153	-0.0657286885	-0.104607783	-0.0121743444	-0.0147313887	-0.0694441056	-0.099808479	-0.0346854001	0.0935258252	0.0902139639	0.0752835464	-0.0532846828	-0.0957963562	0.0061842353	-0.0956380905	-0.0265501746	-0.0364187896	0.0378773724	0.0590425722	-0.1169584745	-0.0687548354	-0.1414170525	-0.0010664121	-0.0496001664	0.0413608066	0.0532665025	0.0492899751	-0.0329282045	-0.0927887066	-0.0453878397	-0.0109563434	0.0011999164	-0.0852710854	0.1371368692	-0.0083982603	0.0557167783	0.0230595169	0.0599786049	0.0196696966	0.0297999471	-0.0821331901	0.0050692561	0.0363774181	0.1085089462	0.0784991758	-0.0086095335	0.0448356198	-0.0526621828	0.037007281	-0.0488528314	-0.0325115242	0.0244517924	-0.0183929458	0.0089610131	0.019876821	0.0053770387	0.0141440657	0.1107131995	-0.0057591308	-0.0602088488	-0.0009281653	0.0117679999	0.0167394815	-0.0853515751	-0.04797635	0.0677932473	0.0727872424	-0.0411546584	0.0	-0.0475892529570955	0.0029700450760117	0.0022647369970144	8.82116775354193e-06	0.0572031075552814	0.0057886147908306	0.003272195513981	3.3508061196622787e-05	-0.2209352998656584	-0.0054164347180574	0.0488124067267284	2.9337765054977727e-05	0.0029519687718213	-0.0001480205419231	2.1910080831237783e-08	8.714119629808155e-06	-0.0001411842295262	-5.5060163567995904e-05	1.9932986666906725e-08	3.0316216121344633e-09	-0.0004637924206958	-6.092516963289999e-05	3.711876294797639e-09	2.1510340949486997e-07	0.0	0.0	0.0	0.0	0.0	0.0	0.0	0.0	0.0
795.9397016478871	1.45933158255923	633520.0086593275	2.1296486678548265	875.4603269136869	-3.9021809504582734	766430.7839998195	15.227016170119434	756.124851994838	1.2852815791417245	1.6519487376810444	571724.7918042156	756.340480041504	702.8603995137624	1.022337	36.388096	0.1559939979925659	0.1006082667345033	-0.0120412537	-0.0907031484	0.0533178502	0.055803834	-0.1448862283	-0.0343533466	0.0575444176	-0.0399910193	-0.1142056335	0.1444274138	-0.0347456131	-0.0501806273	0.0656817566	-0.0134959101	0.0583270578	0.0653458231	-0.0123116394	-0.0787993377	0.0775070839	0.1246350205	-0.1303936084	-0.0079314173	0.0206917535	0.0585813503	0.0549921095	-0.062112456	0.0195399526	0.082009302	-0.0851045249	-0.1016353027	-0.0694303097	-0.046224542	-0.0377887207	-0.0737543577	-0.0818515131	-0.0814038334	-0.0448235377	0.0138208067	0.0202977701	-0.0569128037	-0.0998089727	-0.030624963	-0.0394813934	-0.1118761629	0.0029939008	-0.0190457542	0.0848508771	-0.1403416273	-0.0513308071	0.077731691	-0.0095024439	0.0200682177	-0.0809837885	0.0623043874	0.0678404475	0.0459388044	0.0522986029	-0.0532313226	0.0036527198	0.0730830931	0.0079787147	0.1094473269	-0.1390662877	-0.0923968386	-0.0105386724	0.0546188245	0.0043924443	0.1795161567	-0.044881413	0.0439292394	0.0006486846	-0.0398028306	0.0288649665	0.049822594	-0.0899381108	-0.0526781092	-0.0635799551	-0.0498987055	-0.0217057887	0.0481629495	-0.1596200377	0.053319033	-0.0389644407	0.0802382057	-0.1145502735	-0.0444055452	-0.0416260296	0.0265581812	0.0649865631	0.0254084006	-0.0564441407	-0.0811567698	-0.0087297436	-0.0390445421	-0.0734323543	-0.0410450791	0.1902916499	0.0551831413	-0.083697817	-0.0362089848	-0.0643093204	-0.0473034084	0.0123571236	-0.0244199918	-0.0170462748	-0.0747811389	0.050231339	0.045083081	0.0767208011	-0.0741905522	-0.0231475509	-0.0638337877	-0.0036522521	0.0069290062	0.0167146478	0.0128314048	-0.0593090307	0.1705466566	-0.039217846	0.0962509044	0.0293296199	-0.040519448	-0.0432976139	-0.0056562376	-0.083579477	-0.0649165401	0.0772384441	0.0710623534	-0.0680991293	0.0595615893	0.0819208886	-0.1399872177	0.0926852433	-0.1509729304	0.0153218359	0.0073718025	0.0346784506	-0.0124130794	0.0152050122	-0.0700492282	-0.0015895418	0.0251311143	0.0448887058	-0.0771738621	0.0609404884	0.0228391025	0.0958195849	0.0724355933	0.0631526874	0.0582645131	0.0828063511	-0.0758002322	0.004124549	-0.0327735141	0.0829397933	0.0822074376	0.0458385207	-0.1022854295	0.0020522129	0.0337084354	0.0320446406	-0.0512541803	0.1061105777	0.1020345725	0.0661179033	-0.0301621681	-0.065547004	0.0326120074	-0.1028126644	-0.0784697713	-0.0235198432	-0.097885991	0.0698233491	-0.0293629142	-0.0416934371	-0.0014653578	0.1233308033	-0.0943148214	-0.0110910741	-0.0102592142	0.0488768045	0.0155559202	-0.0861872655	-0.0448684131	0.070927412	0.0689909938	-0.0474634117	0.0	-0.0489875355192737	-0.0013982825621782	0.0023997786362521	1.955194123691633e-06	0.0239986361552695	-0.0332044714000119	0.000575934537313	0.0011025369209542	-0.1293932805982081	0.0915420192674503	0.0167426210639666	0.0083799412915622	0.002525993286273	-0.0004259754855483	1.8145511428811013e-07	6.38064208229627e-06	-3.200769066968867e-05	0.0001091765388565	1.024492262006475e-09	1.1919516636687328e-08	-0.0004019599498421	6.18324708537e-05	3.823254451873661e-09	1.6157180127706358e-07	0.0	0.0	0.0	0.0	0.0	0.0	0.0	0.0	0.0
795.7013218264352	-0.2383798214518719	633140.5935563362	0.0568249392754263	875.7150887709397	0.2547618572527881	766876.9167010948	0.0649036039108899	755.235111359627	-0.8897406352109556	0.7916383979455948	570380.0734303882	755.8648985163371	667.4073708305532	1.027095	36.557449	0.1332706648760271	0.0926143272910567	0.0152657492	-0.0986132455	0.0829926946	0.0603608843	0.0815762322	0.0115638224	0.0274999708	-0.0946023864	0.019615337	0.0588905873	0.0342699876	-0.0396021251	-0.0266840989	0.0148222151	-0.0264608216	0.1517352571	-0.013729527	0.0190389793	-0.0510402347	0.0793145005	-0.0551140218	-0.0143552902	0.0577882801	0.0258996699	0.0286380212	0.0988686945	0.004066689	0.0311753077	-0.1016672126	-0.0114861325	-0.1871438612	-0.0322430074	0.0727789725	0.0212479473	0.1334587467	0.1236806198	-0.0097603852	-0.0566302407	-0.0811716043	-0.0414653507	0.1007365513	0.1089827567	0.0753767661	-0.0829779293	-0.0474584958	0.0594837191	-0.0314178764	0.0257756004	-0.0694290252	-0.1445796386	0.0374366237	0.0168799339	-0.030976566	-0.0650790537	0.096413504	0.0699085936	-0.0403973366	-0.0316119591	-0.0865041266	-0.0970024305	-0.0999148129	0.0204495848	0.0361193043	0.0099757422	0.0039985703	-0.0726360266	0.0078765101	0.092841529	-0.0085374428	-0.1002607218	0.1071513645	-0.0647884455	-0.0765351597	0.0049941195	-0.0571781286	-0.0249749933	-0.1094222071	-0.0449058703	-0.000801703	-0.0764224328	-0.0757672599	0.0004199154	0.1113696701	0.0639731066	-0.056881137	0.0109227102	-0.1417583298	-0.0514189321	0.1253823839	0.0323895876	0.0096530808	-0.0385531496	-0.12938684	-0.0997990958	-0.0670633783	0.082358243	0.0248163669	0.0315259014	-0.0188936977	-0.0107748589	-0.0468607918	-0.1059500956	0.0814418218	-0.0013976166	-0.0010088711	-0.0819371458	-0.0036643572	-0.067435393	-0.0188898874	0.0495427696	0.058486786	-0.0726324676	-0.192542249	0.0724549041	-0.0410961771	0.0733586105	0.0773807101	-0.0394472605	0.051621671	-0.1249361884	-0.0081354025	0.0587073186	0.0814811897	0.0056488231	-0.089073925	0.0562777195	-0.1092886155	-0.0257446154	-0.0681301594	-0.1391352878	0.0524424564	-0.0854616232	0.0641564925	0.0630550081	0.0004728042	0.0581946495	-0.0436733368	-0.0314806071	0.0587018169	-0.0159684834	0.0968790533	0.1262891831	0.0926499848	-0.121663589	-0.0080679683	-0.045781762	0.0925716988	-0.0441881975	0.0151282803	0.0212502868	-0.1242416339	0.0900391814	0.0232654648	-0.1177812041	-0.1197014633	0.0112795805	0.0140489626	0.016242337	0.0674086324	-0.0149472151	0.012103739	-0.0086020015	0.0856042088	0.1153558363	-0.0282701289	-0.0081005565	-0.0356586044	0.0019051008	-0.0069231712	-0.1215639064	-0.0257454125	0.0114677211	0.0688261702	0.0233454519	0.0145600915	0.04264086	0.0109179116	-0.0738325831	-0.1030915355	0.0060705458	0.059431747	0.0143696711	-0.0869633921	-0.0416907124	0.0738655397	0.0648968387	-0.0534770846	0.0	-0.0627389064351291	-0.0137513709158553	0.0039361703806758	0.0001891002020654	0.0319277764713632	0.0079291403160937	0.0010193829104053	6.287126615230258e-05	-0.2178338919996463	-0.0884406114014382	0.0474516045037135	0.0078217417450602	0.0028420148830174	0.0003160215967444	9.986964960888025e-08	8.077048595292406e-06	5.484332855720808e-05	8.685101922689675e-05	3.0077906872338753e-09	7.54309954075079e-09	-0.0004620781787236	-6.011822888149997e-05	3.6142014438484164e-09	2.135162432525192e-07	0.0	0.0	0.0	0.0	0.0	0.0	0.0	0.0	0.0
796.6505804658944	0.9492586394592308	634652.1473566466	0.90109196458799	883.1749011406532	7.459812369713518	779997.9060048026	55.64880059133081	756.7630235037628	1.5279121441358257	2.334515520197736	572690.2737425567	757.857892964681	701.111720037676	1.10482	39.323917	0.1602861348468297	0.0942884268909293	0.0886973708	-0.0817048016	0.0192130075	0.0955321934	-0.0954062951	-0.0444801237	0.005928824	-0.1383022072	-0.0529455042	0.0346489419	-0.0375893985	0.005568137	-0.1028114986	-0.0450335144	0.2217443373	-0.0156986815	-0.0632125209	0.0117906999	-0.0903885537	-0.0159915436	0.081880342	-0.0207445267	-0.0198361768	0.0484318558	-0.0713391101	-0.0055554555	0.0953340409	0.047002139	-0.0494648922	-0.0884601302	-0.0013018026	0.0702296001	-0.0888070717	0.0065966724	0.023241637	-0.0435059932	0.0560035946	-0.1074171766	0.048902666	0.0558210683	0.0732295864	-0.024891254	-0.0550011879	-0.0570807818	0.0348865768	0.065604398	0.0433034716	0.0374339046	-0.0778847648	-0.0462013363	-0.0134067648	-0.0072709961	-0.0287270356	0.0882469738	-0.0136157419	-0.0840550395	-0.1528775378	-0.0129948791	0.0452125509	0.1039231064	-0.0464838425	0.0326314827	0.0573801913	0.0666115171	-0.0261223621	-0.021334372	0.0435969209	0.0686005643	-0.0560923274	-0.0384434393	0.0089411156	0.0157376605	0.0350304245	-0.0004579353	0.1068687295	-0.0019271669	0.0572755928	-0.0550968403	-0.039904079	-0.067794299	0.021262789	-0.0056698754	0.0439448626	-0.0406117962	-0.0427801651	0.0021282085	-0.0152519051	-0.0292075556	-0.1346232226	-0.0548127287	0.03044024	-0.0878956811	-0.0110823613	-0.0985229983	-0.0248319018	-0.1292677366	0.0371295871	0.0784481813	0.0418140847	0.0345412524	-0.0600185526	-0.083397805	-0.0258675001	0.0218550764	0.0007963347	0.0811792256	-0.0949063906	-0.0695414074	0.0399063597	-0.051248775	-0.0366284591	0.0201699679	0.0436411404	-0.0215425211	0.0148110386	0.0682153794	-0.0444512521	0.014964982	0.0289028575	-0.0988348985	-0.0160739103	0.0590981512	0.0378605928	-0.0836426145	0.0848088123	0.0333978455	0.0896285198	0.1623360248	-0.083502985	-0.0176525956	0.0331220231	0.097917381	0.0841934492	0.0571080745	-0.071616442	0.0524562565	0.0374972377	-0.0536049794	-0.037611767	-0.0021099918	-0.0465198134	0.0954479485	-0.0589102982	-0.0820717206	-0.0954946715	-0.0739605583	-0.0032244121	0.0195964588	-0.1124411406	-0.0512613331	0.0137459404	0.0201432674	0.0771447156	-0.055501552	-0.0286017961	0.0147920756	-0.0095018405	-0.0770957853	0.069185202	-0.0510710004	-0.0297364155	-0.1161207988	0.0476143977	0.0429309814	0.1353321186	0.0419356089	0.0559566051	-0.0509860803	0.0422716941	-0.0432515229	0.0476024908	-0.0618077047	0.0481654007	0.0601941796	0.0036627616	-0.0394509322	-0.0152717448	-0.0826638936	-0.0737929472	0.1135277447	0.0093674023	0.0131809392	-0.0876794186	-0.0384481886	0.0765995097	0.0605224558	-0.0591582902	0.0	-0.05522252654157	0.007516379893559	0.0030495274376344	5.649596670429948e-05	0.0594557424480228	0.0275279659766595	0.0035349853100456	0.0007577889108121	-0.1457563323476449	0.0720775596520014	0.0212449084194371	0.0051951746053878	0.0019500182071599	-0.0008919966758574	7.956580697408297e-07	3.802571008255111e-06	0.0001111615495972	5.631822103999192e-05	1.2356890108850756e-08	3.171742021109388e-09	-0.0003471084891289	0.0001149696895947	1.3218029525501671e-08	1.2048430322534769e-07	0.0	0.0	0.0	0.0	0.0	0.0	0.0	0.0	0.0
794.9598601152638	-1.6907203506306132	631961.1791944798	2.858535304036504	877.5619604844313	-5.612940656221895	770114.9944892786	31.505102810268674	754.406770733758	-2.3562527700048577	5.551927116155564	569129.5757289368	755.4532337824504	697.6954992302942	1.115132	39.690968	0.1942717847339747	0.1106033468034427	0.0271579289	-0.0188263389	-0.0991291816	-0.0536270379	-0.0518482638	-0.0082095202	0.0399506315	-0.0599307594	-0.0134136392	-0.0947081581	-0.0119052299	0.0105815207	0.0410310444	0.0283821913	0.0046512886	0.0999005851	0.0430970101	-0.013659597	0.0169843632	0.0501098223	0.0338555245	-0.0499640503	0.1518087731	0.0024436436	-0.0199485697	-0.0008298876	0.0119196854	0.0483545873	0.0522428729	-0.0672621372	-0.0171482569	0.010788147	0.0231734503	0.0094100465	-0.019334038	0.0185267519	0.0845050973	0.0594693248	0.0016126384	-0.0913199794	0.0901388658	0.047848375	0.075455221	-0.1340554591	-0.1496812491	-0.0337207323	0.1142013246	-0.0542150048	0.130924275	0.006328949	0.1003558411	0.0214862191	0.1244260442	0.0179615514	0.0991353786	-0.1337487811	-0.0430960414	0.0916884859	-0.1117987821	-0.0365691777	0.0180084377	0.0326600784	-0.0212394316	0.0305147405	-0.038865413	-0.0725014291	0.0352266991	0.017875434	0.0487998024	0.0454184904	0.0589008107	0.0464013045	0.0242085992	0.0390961399	-0.1050921796	0.0086867601	-0.1602979766	0.0955665644	0.1081854119	0.0136002276	-0.0025025355	-0.0109646288	0.0822985562	-0.0537746462	-0.0213716243	5.52076e-05	-0.1586027098	0.0918775174	0.0213922433	0.0486676366	-0.009607879	-0.0200467885	-0.0329769886	-0.0897873627	0.0564810945	0.0042682258	-0.0408271532	-0.0721957765	-0.0418935623	0.0091021823	-0.0579601718	-0.0322705988	-0.0195806117	0.0826124868	0.0058253471	-0.1118988813	0.1001507215	-0.1345959917	0.159464932	-0.0187149836	-0.1201328701	0.0134624623	-0.01941293	0.0555654576	-0.1054284391	0.0788475589	0.0315384358	0.0992923965	-0.0054406495	-0.0737335954	-0.0391926445	0.0386227466	-0.1304018568	0.0347057109	-0.0371465899	0.0570903363	-0.0942875919	-0.1452546324	0.1342809225	-0.0010597163	0.113980522	-0.0102780478	0.049048172	0.0408431908	0.0062879401	-0.0309334319	0.0106808913	0.0677278172	-0.0077246832	0.0214986731	-0.063359805	-0.1109732175	-0.0167384714	-0.095390744	0.0440336711	0.0105326682	0.0154331979	-0.0634718223	0.0206453708	0.0879635761	-0.0180098724	0.0896998505	0.0820888882	0.0695008525	-0.0089902389	-0.0356990033	-0.0364564142	-0.0057766759	0.0464488022	0.004146934	-0.0476127501	-0.0565521624	-0.0755977089	0.1072940837	-0.0296077585	-0.0097224925	0.0058229052	0.0755544941	0.144262838	-0.1493405458	-0.1480402393	-0.0250600372	-0.0877947795	0.0132559628	0.2012760998	-0.0110838173	-0.0203203623	0.0419515633	0.0161239368	-0.1402851679	0.0691531146	0.0119899299	-0.0883348501	-0.0351458834	0.0791217655	0.055886734	-0.0644717082	0.0	-0.0490190134178902	0.0062035131236797	0.0024028636764632	3.848357507566746e-05	0.0146837747371648	-0.044771967710858	0.0002156132405317	0.0020045290927021	-0.2209176325787609	-0.075161300231116	0.0488046003842044	0.0056492210524319	0.0030790056389458	0.0011289874317859	1.274612621130522e-06	9.480275724660034e-06	-2.119117960441841e-05	-0.0001323527292016	4.490660930267187e-10	1.7517244927116934e-08	-0.0004484684015078	-0.0001013599123789	1.0273831837458286e-08	2.0112390715096128e-07	0.0	0.0	0.0	0.0	0.0	0.0	0.0	0.0	0.0
793.9107137907891	-1.049146324474691	630294.2214718004	1.1007080101587536	875.971810414241	-1.5901500701903617	767326.6126404029	2.5285772457264115	755.9221664954877	1.5153957617296785	2.296424314668272	571418.3217992318	756.0998275121053	677.0906971896217	1.100075	39.155045	0.1267940931787481	0.070897710706127	-0.0094726054	-0.0718594114	-0.0860192241	0.1333368131	0.0121451372	0.0686498844	0.0082555828	-0.0007550501	-0.1668068554	0.0080691851	0.0281088761	0.0394972738	-0.0876528164	-0.0339259605	0.0024083711	-0.0517498942	-0.0305137542	-0.0026794018	-0.0636564663	0.0345655827	-0.0062289277	-0.0090757277	0.0349596978	0.0744257236	0.0449960469	0.0486020902	-0.0996055674	-0.0907582224	-0.1481142638	-0.0668347688	0.0468417741	0.0561338066	-0.0106328164	-0.006407494	0.0436337673	0.0378279935	0.076241869	0.0922661862	0.0814491346	-0.0388825828	-0.0262965394	-0.0804528855	-0.0777916406	0.0235313299	-0.0962843004	-0.0491706286	-0.0184151634	0.0019948654	0.0147001549	-0.1105690976	-0.0291824516	0.093612398	0.031995563	-0.0272025911	-0.005666024	0.0739960091	0.0331313757	-0.051280862	0.0405056953	-0.0770859634	-0.0810651548	0.0970938911	-0.0722276369	-0.0606401656	0.0894818676	-0.0698763816	0.0483925036	-0.0102988232	-0.1119716187	0.0459896127	0.0772653531	-0.0914415765	0.0913290418	-0.0099684669	0.1370977805	-0.0722687664	0.0354525782	0.0150422988	0.1313470046	0.0848096181	0.0308031008	0.0339113147	-0.0553589996	0.083056668	0.0462083876	-0.0068715907	0.0107041647	-0.0300044271	0.0856459624	0.0976768364	-0.0119609392	-0.1051179503	-0.0090391954	0.0526076277	0.066121712	0.0143358512	-0.0322305583	0.131183917	-0.0042830592	-0.1546037198	-0.1170381604	-0.027568294	0.0587276795	0.0355149985	0.0105645486	-0.0273257286	0.0177561527	0.018244794	0.0144581809	0.0557578372	-0.135550621	-0.1060358538	0.0503353833	-0.1048014194	-0.0751838672	-0.0058212861	-0.0714188382	-0.0431877972	-0.0606296784	0.0786752708	-0.0536417292	0.1400240442	0.0537207117	-0.0056035826	-0.1641811442	0.0073391658	0.0361183433	0.0134091019	-0.0629465185	-0.1171242637	0.0634095398	-0.0647685294	-0.0285597823	-0.0303648439	-0.0557343334	0.0187409233	-0.0266024958	0.1781543864	0.0031070029	0.0619488449	0.1116149902	0.0628138634	-0.0975865815	0.0952161441	-0.0156992597	-0.0165401379	0.0253030436	-0.0638132113	0.0153173767	0.0125493497	0.1063374559	-0.0812363918	0.007922739	0.0722309011	0.0617459523	0.0118877494	0.0018061417	-0.0448027766	0.1108439555	-0.0085278451	0.0296676459	0.0058628268	-0.0816546571	0.0791109046	0.1467723001	0.0232160948	-0.0592831135	-0.0985221065	0.1429810691	-0.1587342344	-0.0591763319	-0.1852124064	-0.00519459	-0.1407493475	0.0709285617	-0.0601457973	0.0700401491	-0.0355912634	-0.0274377153	0.1013337866	0.1114603011	0.010796849	-0.0889292336	-0.0317889315	0.081425336	0.0510096905	-0.0693843053	0.0	-0.0502197911195594	-0.0012007777016691	0.0025220274200921	1.4418670888259545e-06	0.0502203227811293	0.0355365480439645	0.0025220808202408	0.0012628462468809	-0.180783221851513	0.0401344107272479	0.0326825733030133	0.0016107709244234	0.0023249986754963	-0.0007540069634495	5.685265009303357e-07	5.405618841059549e-06	-1.8240591886486968e-05	2.950587717931441e-06	3.3271919236937416e-10	8.705967881207869e-12	-0.0002069788185579	0.0002414895829498	5.8317218673316616e-08	4.2840231331624095e-08	0.0	0.0	0.0	0.0	0.0	0.0	0.0	0.0	0.0
792.3215496312015	-1.5891641595876536	627773.4380099885	2.5254427261179333	865.277945122352	-10.693865291888985	748705.9223151599	114.35875488106784	751.2391905312544	-4.682975964233265	21.93026388158648	564360.3213900543	752.8758941014607	687.0469722028591	1.340636	47.717331	0.5324406347986257	0.3531802901314735	0.0019366726	0.1460915724	0.1048056736	-0.0253909662	0.0618985268	0.0646362437	-0.117220239	0.0415736698	0.170883211	0.1054678696	0.026539616	-0.1317434615	-0.0038120123	-0.0027399434	-0.0761537108	-0.1132464149	0.0262867511	0.0313021495	0.0552574149	0.050802859	-0.0091946227	-0.1148747899	0.1639613862	-0.0888606423	-0.0793493885	0.037178838	-0.1327206986	-0.1331929425	0.1053376555	0.0559684675	-0.1813762499	-0.0852367915	-0.0374196181	-0.0032528519	-0.0160858938	0.0798943899	-0.1269875266	0.0023716115	0.0309370796	-0.0507894641	-0.0886177754	0.1367116784	0.0108407546	-0.0641974861	0.0716960118	0.0010661194	0.0564292504	-0.0946855329	0.0681039981	-0.0810130306	0.0171819499	0.1029629661	-0.0601176632	-0.0285515792	-0.0580798626	-0.09966373	-0.0274014538	0.0148970329	0.0716640137	0.0355368411	0.0590706375	-0.0042803514	0.0402230862	-0.037839772	0.0028241295	0.0145785615	0.0128522349	-0.0665191599	0.0299625112	0.0765590054	-0.0174582366	0.0214176298	-0.0128458976	-0.0071318135	0.0317259708	0.0638168417	0.0871041753	-0.0868997586	0.0118852147	0.0145943681	0.0581792506	-0.1112149033	0.0683193015	0.1116581771	0.109571035	0.0535591678	-0.0402567174	-0.0824024678	-0.0115861576	0.0393544322	0.0817085989	0.1636263162	0.0398208672	0.0751683133	-0.1233627609	0.2669708611	-0.0116011343	-0.0768063413	0.0207115081	-0.0138913726	0.004627095	-0.0321631453	-0.0422398585	-0.0702806194	0.0202215363	0.0049646198	0.1320630278	-0.0525164572	-0.0420350356	0.0227531771	0.0217917458	-0.0743915478	-0.0047949599	0.0486540495	0.03498047	0.0075675621	0.0177756352	-0.1438866226	0.0674091155	-0.0612820813	-0.10180593	-0.0200260058	-0.0332291583	-0.0383899392	-0.0697026493	0.0756887567	0.0748809895	-0.0075665904	-0.0051285181	0.1406804613	-0.0338773075	0.0831720672	-0.024706376	-0.1044797302	0.0116545311	-0.0114321176	-0.0190659764	-0.0323121779	0.0274754815	-0.0995012856	-0.0547157903	-0.0263958654	-0.022962351	-0.0405333744	0.1025706474	-0.0948590795	-0.0912922558	-0.0419975208	-0.017106745	-0.0333735017	0.0500874705	-0.0606946657	0.0165911121	-0.0516955514	-0.0347635046	0.0061427663	0.0631620649	0.0689877131	-0.1133818547	-0.1082096538	0.1105906494	0.0707016529	-0.0597322001	0.0492712219	-0.0917944226	-0.2011608472	0.1765250365	-0.0771495896	0.0258448743	-0.2350069414	-0.0255071784	0.066092891	0.1258502936	0.0781422412	-0.0270984095	0.1628057515	-0.0475539243	0.0949226243	-0.0513707053	0.0626511497	0.1613513737	0.0096019025	-0.0894621585	-0.0283825523	0.0835038541	0.0459123846	-0.0738655397	0.0	-0.0798113569019278	-0.0295915657823684	0.0063698526905268	0.0008756607654522	0.0337584309547338	-0.0164618918263955	0.0011396316605255	0.0002709938825039	-0.4636760269452793	-0.2828928050937663	0.2149954579637593	0.0800283391738196	0.0059115576835354	0.003586559008039	1.2863405518146412e-05	3.494651424576642e-05	9.228788260862152e-05	0.0001105284744951	8.517053276382706e-09	1.2216543674215849e-08	-0.0005797787779456	-0.0003727999593877	1.3897980971947078e-07	3.361434313560933e-07	1.0	0.0	0.0	0.0	0.0	0.0	0.0	0.0	0.0
797.108250071874	4.786700440672462	635381.5623326452	22.91250110873394	879.299941106943	14.021995984591058	773168.3864306735	196.61637139188772	756.3718367970163	5.132646265761878	26.344057689439342	572098.3554996923	756.8031584294637	705.4633709488951	1.168044	41.574284	0.20115985341989	0.1231197020741457	0.022958646	0.1361252974	0.0669776497	-0.015243276	-0.0132802577	-0.0332570755	0.0595173084	0.0378203075	0.1035248945	0.0295723479	-0.0410109133	0.0008228134	-0.067262864	-0.0953227922	-0.036422958	0.0371638126	-0.1295616056	0.1332502234	0.0519989872	-0.0718184866	-0.1280106626	-0.0208136398	0.0344986145	-0.1324616035	-0.0217356965	-0.0510891903	-0.0468035435	0.0808034534	-0.0069530627	-0.0361121168	-0.0664536113	-0.0696444615	-0.0034581088	-0.0145174701	-0.0275742746	-0.0806010517	0.0336527184	-0.0828447113	-0.1039096411	-0.0679886782	0.0406019871	-0.0593389308	-0.0403373409	-0.0100863815	0.0789386343	0.0502305964	0.0521318462	0.0186795129	-0.0765559788	0.1109823011	-0.0224829348	0.1221574291	0.0530927048	-0.0181194728	0.0471827416	0.0005567149	0.1074960959	0.0116286791	-0.0419638344	0.0417656753	-0.1175934518	0.0981978015	0.0261751801	-0.0099546295	0.027112351	-0.0473018804	-0.0495256537	0.0013415418	-0.049908615	0.1046635818	-0.0208953198	0.006238396	0.020899773	-0.0954501175	-0.0286668719	-0.0071744336	-0.0088954183	-0.0784657703	0.0088144719	0.0887805027	0.1989809577	-0.0062313578	0.0371116473	-0.0431556003	0.0558606213	0.0688628428	-0.0984789171	0.0234143342	-0.0179892498	0.0726703366	-0.0202452506	0.1295074633	0.0259068273	-0.059152647	0.0672202561	0.0427958758	0.1205215212	0.0216416041	0.0628407885	0.0186665543	-0.0526448607	-0.0393320496	-0.0350585193	-0.0268414144	-0.0729480442	-0.0846162675	-0.0356406578	0.0574893027	0.0659794313	0.0805130142	-0.001067775	0.0993798565	0.0107701721	0.1015798557	-0.0044535669	0.0062918399	-0.1278064459	0.0226800895	0.084806181	-0.0886268345	-0.0017322406	-0.0086877119	0.0052278451	0.0556625904	0.0578191825	-0.0964850688	-0.0832086813	0.107273265	-0.0597204027	-0.0291342309	-0.016975952	-0.0360630478	-0.0889557352	-0.1873730183	0.0211185406	-0.0807619693	-0.1435749491	-0.0871058112	0.0348542436	-0.0308618694	-0.0099380826	-0.0693282259	-0.0298295319	-0.1072714578	-0.028130603	-0.0624619981	-0.0708835892	0.0110356506	0.0499300795	0.1116288609	-0.0157233567	-0.0164231093	0.0244959079	0.096033478	-0.0452718105	0.0038474843	-0.0729570261	0.0467353367	-0.1368954252	-0.0554190662	-0.0596095208	-0.0086850325	-0.0217068487	0.1326103444	-0.0982083391	0.0105038158	0.0136437792	0.1017832746	0.1676807491	-0.1083303238	-0.1002385071	0.0472183649	-0.0135431909	-0.1156032105	-0.0171956227	-0.1206037203	-0.0053511887	0.0821388945	0.2077478824	-0.1508843951	-0.095468113	0.008405297	-0.0899332563	-0.0249320423	0.0853515751	0.0406168267	-0.0778875515	0.0	-0.0635435951618603	0.0162677617400675	0.0040377884860943	0.0002646400720316	0.0690360730466608	0.035277642091927	0.0047659793817038	0.0012445120315661	-0.3514088350564748	0.1122671918888045	0.1234881693557487	0.0126039223745976	0.0056250087372286	-0.0002865489463067	8.211029862953713e-08	3.164072329389809e-05	-0.0001309638802635	-0.0002232517628721	1.7151537933672366e-08	4.984134962550999e-08	-0.0003426343331427	0.0002371444448028	5.623748770087568e-08	1.1739828624814273e-07	0.0	0.0	0.0	0.0	0.0	0.0	0.0	0.0	0.0
798.7644396425355	1.6561895706615817	638024.6300374538	2.7429638939681937	878.1063517056979	-1.1935894012451629	771070.7649058908	1.4246556587647858	755.898974460012	-0.4728623370042442	0.2235987897571154	571383.2595896979	755.3966794586181	691.8737879159045	1.11989	39.860325	0.1224303783459332	0.0788393668298453	-0.0047167231	-0.0062994163	0.0067237836	-0.0172181632	-0.0337738179	-0.1315027704	0.123668384	-0.0013178732	-0.0536406146	0.0091637881	-0.0343574625	-0.0567896668	-0.1148796407	-0.0172077231	-0.0710582279	0.1110716565	-0.0160169369	-0.0697987469	0.0734672095	-0.0700083628	-0.0100441738	0.0620581422	-0.2263517049	0.0151166308	0.0117929262	-0.1202463197	0.0705552092	0.1003955213	0.03238214	-0.051094599	0.0390765111	-0.0630606682	0.1337950998	0.1043728804	0.0115427909	0.0271800204	-0.1782680398	0.0600624171	-0.0679406564	-0.0018908312	-0.0185512152	0.0104731459	0.0436772915	-0.0424288996	-0.0875453359	-0.0468063327	-0.003708974	-0.0054515765	0.089751404	0.0563739562	0.1038468914	0.0556049409	0.0278145875	-0.0239181515	0.0641043301	-0.1031165926	0.0214956676	-0.0642666489	0.0168845165	0.0374522089	0.1373274491	-0.0034289507	0.0492836799	0.0467836167	0.021908641	-0.1058984348	-0.0353182765	0.0024108264	0.1034796876	-0.0345672096	0.0900309365	-0.0757391382	-0.0464098141	-0.073362432	0.0479782566	-0.0112814701	-0.0366228518	-0.0213020546	0.0545880974	-0.0434989845	0.0632536351	0.0148730571	-0.1301639144	0.1140062453	0.0155910495	-0.0917949884	-0.0671892676	-0.0154826995	-0.0699767698	0.0079371446	-0.0992372078	-0.0436881501	0.0267977036	-0.0660484548	0.0416480214	-0.0134802414	0.1803500093	-0.1197254071	-0.0981226565	-0.0598475681	0.14542877	0.0933956255	-0.070350223	-0.0715443974	0.041261105	-0.0005923151	0.1071161921	-0.0214257906	0.005580098	0.0464679212	-0.0007153761	0.0112842898	0.042642636	0.0660160407	-0.0866035249	0.0738282029	-0.0399357587	0.0170654462	-0.0657941851	-0.0459073979	0.0233605592	0.0134185539	-0.032893809	0.0651917307	-0.0417419069	0.0745234083	-0.0074603871	-0.1601199781	0.0749656453	0.0051194571	-0.0265721086	0.0036143824	0.0088234068	-0.0656046258	-0.0629185882	0.0616453595	-0.0585502737	0.0015450828	-0.065578171	0.0193414763	0.0874672602	-0.0051765178	-0.1363097998	0.0146830705	0.0165583118	0.0191555945	-0.0747509789	0.0266599891	-0.0363836749	-0.0421253678	-0.0820207148	-0.1454030804	0.0645667117	-0.1324790434	-0.0175696685	0.0960243199	-0.0804583968	-0.0171013479	-0.0476930329	0.094951609	-0.112553861	-0.0319203695	0.017385652	0.1118539843	0.0923184772	-0.0470827229	0.0875068873	0.0081515442	0.1350480975	-0.0375451577	-0.0176076451	-0.0214971628	0.0504313048	-0.1567532703	-0.1680560573	-0.0379781553	0.0443569668	-0.0444041959	0.127328258	-0.0377306385	-0.0091099002	0.0072072393	-0.0903422016	-0.0214427666	0.0869633921	0.0351458834	-0.081425336	0.0	-0.0636574670960357	-0.0001138719341754	0.0040522731170828	1.2966817392847817e-08	0.0680463153488801	-0.0009897576977807	0.0046303010325592	9.796203003161555e-07	-0.2923893393684977	0.0590194956879771	0.0854915257763465	0.0034833008712631	0.0047580586118512	-0.0008669501253774	7.516025198918901e-07	2.2639121753811366e-05	0.0002476872303174	0.0003786511105809	6.134896406230474e-08	1.4337666354414894e-07	-0.000342090508581	5.438245616999908e-07	2.957451539081871e-13	1.1702591606120725e-07	0.0	0.0	0.0	0.0	0.0	0.0	0.0	0.0	0.0
798.3656603748302	-0.3987792677053221	637387.7276657388	0.1590249043515929	868.5778569735013	-9.528494732196576	754427.4936246801	90.79221186149792	759.3448368535026	3.445862393490529	11.873967634872278	576604.5812560724	758.3891399256388	672.3645518203666	1.159634	41.274948	0.1145749681492843	0.0716373826225649	-0.0081959473	-0.1279424615	-0.0581498696	-0.0242685953	0.1499098192	0.0061694111	-0.0316821644	-0.0445348601	-0.0367288155	-0.0762172484	0.1109252275	-0.154297938	0.0344449044	0.0173908657	-0.0299620222	0.202381613	-0.0871843953	-0.086125702	-0.0075204926	-0.1029730932	0.0136484943	0.0265514507	-0.0019734042	-0.0325727869	0.0385777485	0.0682839775	0.0325924313	0.1693879936	-0.078852727	-0.0245958245	-0.0022294393	0.0494857745	0.106632573	0.0915460517	-0.1555564135	0.0098451031	0.0011462307	0.228526745	-0.0402379806	-0.0394633668	0.0032467007	0.0346158355	-0.0683785091	0.0288141923	0.1308179581	-0.0509565838	0.0206766262	0.0682419327	-0.0496292997	-0.0013760381	0.0234516199	-1.63315e-05	0.0861792224	0.1176534136	-0.005807919	0.0291697446	0.0467234288	0.011741954	0.0204647243	-0.0139066416	0.0235820327	0.0149505883	-0.0564229641	0.0692017031	-0.070297658	0.0506157093	0.0754012229	0.008952799	0.0646661304	-0.0860619492	0.0061210983	0.0947916408	-0.0125700388	0.0947273812	0.0439259211	0.0481737437	0.0123712264	0.0740938262	0.0865876668	-0.0600194863	0.0754044934	0.0042733626	0.055676716	-0.0186588899	-0.0149219655	0.0910255824	0.0588228508	-0.0808646601	-0.0001152075	0.0667533544	0.017824361	-0.0387832729	-0.148675081	-0.0459672606	0.0718237102	-0.0329834869	0.1662688262	-0.0047602674	-0.2296357019	-0.001923404	-0.0948845147	0.1749151977	-0.0042325231	0.0403077427	0.0349018738	0.0816856294	0.0500756485	0.0874416218	0.0547898321	0.1050561799	-0.027540541	-0.0070065987	-0.0069294142	0.0534971094	0.0610648491	0.0264754701	-0.0432329395	-0.0526489699	-0.0380027809	0.0329344654	-0.0564004964	-0.0085442461	0.0161672231	0.0036586621	0.0349932813	-0.0012181583	0.0760519194	0.0371355154	0.0343189126	-0.0029335802	-0.0052505543	-0.0066042471	-0.0998102261	0.1336789312	0.0288770612	-0.0393001325	-0.0001842082	-0.0106672458	-0.043903636	-0.0780998849	-0.1732365166	0.085799039	-0.0394337804	-0.0303069622	-0.0347539689	-0.0442144706	-0.0481295115	-0.0887603237	0.1833958849	-0.0279153823	-0.0167517056	0.0962229606	-0.0765668736	-0.0118754409	0.0653802186	-0.0604866167	-0.0285052461	0.0540395713	0.0913057524	0.0587303315	-0.0638260487	-0.0346292309	0.0472915062	0.1852621203	-0.01577423	-0.0219548143	-0.0897098147	-0.0969708946	-0.0224608845	0.0745744109	-0.0159542597	0.0921335819	0.074135727	0.0187524927	-0.0414061716	-0.0472396105	-0.0588249121	0.0088929832	-0.0218889033	0.0345528276	-0.0533919282	0.0060079362	-0.0906887116	-0.0179201505	0.0883348501	0.0295231785	-0.0844568986	0.0	-0.0398535633511016	0.0238039037449341	0.0015883065117802	0.000566625833498	0.0810177977302828	0.0129714823814026	0.006563883549065	0.000168259355171	-0.2872324399600501	0.0051568994084476	0.0825024745654037	2.6593611508847226e-05	0.0035060210498834	-0.0012520375619677	1.5675980565782717e-06	1.22921836022255e-05	0.0001831399360321	-6.454729428529999e-05	3.3540236169841683e-08	4.1663531995531214e-09	-0.0002058217125441	0.0001362687960369	1.856918477334625e-08	4.236257735458613e-08	0.0	0.0	0.0	0.0	0.0	0.0	0.0	0.0	0.0
800.9047759532048	2.539115578374549	641448.4601446531	6.44710792034432	882.3960783738356	13.818221400334323	778622.8391295243	190.94324266865743	758.3720816505102	-0.9727552029924028	0.9462526849487906	575128.2142269281	758.9972212346395	703.8830658810531	1.223051	43.532139	0.3404159604765219	0.2264457528085293	0.1113732725	0.0511680629	0.1033694982	-0.0367313735	-0.0334757582	0.0477213583	-0.1028432921	-0.0502134087	0.1307575368	0.0091530582	-0.0181831906	-0.0542058993	0.0958863426	-0.106838931	0.1591614884	0.1305986575	-0.0872962565	0.1210430129	-0.0697480636	0.1090545539	-0.0557291243	-0.0476648817	-0.096767971	-0.1627164045	-0.0685596291	0.0173118015	0.0335875915	0.0160465727	0.0589956788	0.0101574911	-0.048816019	0.0183575534	0.026505697	0.0737050943	0.0028719234	-0.0284296632	0.057313061	0.0045400737	0.0885984567	-0.0073054766	-0.0704113777	0.0138810374	0.0479108471	0.0884770468	0.0947798039	-0.1041161287	-0.012242199	-0.0483194439	0.0001113575	-0.0991263117	-0.088860966	-0.0314310998	-0.0696033259	-0.1958451113	-0.0539837589	0.0919718382	0.0873201593	-0.0554620298	0.1555644518	0.0725058664	-0.120872644	-0.0727049648	0.0061130195	-0.0529536401	-0.0642673163	-0.0620953258	0.0141007671	-0.0096846412	0.0461226986	-0.085096147	-0.0311379944	0.0050810422	-0.0554960104	-0.1034731697	-0.0228685907	0.0825943748	-0.0696095152	0.0556064787	-0.0116542527	-0.0231959162	-0.0856194992	0.0294237373	-0.0573838287	0.0657795168	0.0116444967	0.0338573606	-0.0322282774	0.0534316508	-0.0580236856	-0.0237816065	0.1089783134	0.1302678194	-0.0169440865	-0.0155296954	-0.044188747	-0.0246195494	0.0714495949	-0.0349626188	-0.085894474	0.0599321696	-0.010636004	0.0417894516	-0.008558412	0.0690859863	-0.0483772997	0.0587890853	-0.079056565	0.0246231916	-0.0428074287	-0.0897248091	-0.0649266375	0.0026455819	-0.117112727	-0.0020090978	-0.0101356504	-0.0842797678	0.0750270003	-0.1086191179	0.0861432813	0.0686303065	-0.0107940393	-0.0088156421	0.0551491081	0.0417514837	0.0545576905	0.1231017558	-0.0319018411	0.0442032801	-0.140492242	0.063571807	0.0795434327	0.0199348084	-0.0889796274	0.0175962059	-0.0608667133	0.0162747297	0.0063868152	0.1766238013	-0.0654110284	0.0044356555	0.1382334695	-0.0307506321	0.070360643	0.0267536467	0.0951551552	0.0052704046	-0.0152692173	0.1138073261	-0.1022856451	0.0687937323	-0.0846843897	-0.0188881663	0.0977746674	-0.0531745051	0.0296290701	-0.018118118	-0.0508406554	0.1047714076	-0.0683468869	-0.0802900474	-0.0104930194	0.0192510888	0.0517935123	0.1359601301	0.0193831608	-0.1213907194	0.1059721225	-0.0234405873	-0.0475539085	0.0475996864	-0.0854143373	-0.0758673291	0.1063483764	0.0565673841	-0.0900155249	0.0390349786	0.0235093933	0.0666645361	-0.0367266407	-0.0271691287	-0.013644956	0.0048075951	-0.090972547	-0.0143696711	0.0894621585	0.0237729909	-0.0869633921	0.0	-0.0534594333556555	-0.0136058700045538	0.0028579110147077	0.0001851196985808	0.0697569471488037	-0.011260850581479	0.0048660316755209	0.0001268067558183	-0.4361520023574741	-0.148919562397424	0.1902285691604341	0.0221770360646402	0.0065510916912368	0.0030450706413533	9.272455210832404e-06	4.291680234699183e-05	0.0001808929852025	-2.2469508295999967e-06	3.2722272095471883e-08	5.048788030640114e-12	-0.0004910976702224	-0.0002852759576782	8.138237202927119e-08	2.411769216978691e-07	0.0	0.0	0.0	0.0	0.0	0.0	0.0	0.0	0.0
801.4233416969892	0.5185657437843929	642279.372616769	0.2689104306266606	877.1845232743483	-5.211555099487327	769452.6878720457	27.160306554992367	757.0565570835543	-1.3155245669559008	1.7306048862645105	573134.6306232049	758.4550149536133	709.3968787214875	1.168769	41.60009	0.1539566590903405	0.0916992330402038	-0.0197965138	0.1175539105	0.0245068168	-0.0789728468	0.0220877524	-0.0836630096	0.065930681	-0.00185169	0.159747144	-0.1440619966	-0.0173058531	-0.004086099	0.0290881583	0.0109096765	0.1505976274	-0.0100916307	-0.0346763708	-0.0476073427	-0.152739675	0.0756164424	-0.0118614067	0.0647053549	0.0135069564	-0.1126515021	0.0717206012	-0.0849114768	-0.0668125603	0.036167731	0.0961957917	-0.0541878282	-0.0081676333	0.0841113697	0.1238672514	-0.0480511055	0.1790596136	-0.0367356848	-0.0201716197	0.0179141302	0.0131217164	-0.1119991843	-0.1123979049	-0.0704665046	0.1582337392	0.097819593	0.1294715118	0.0038077877	0.1290227937	0.0456616069	-0.0393626801	-0.1298869769	-0.0419247436	-0.1142918662	-0.0401116823	0.053425981	-0.038764251	0.0009197976	-0.0533984975	0.0482082238	0.0563006887	0.1050903406	0.0202567527	0.0243432562	0.0328385437	0.0867297473	0.0469531667	0.1320068042	0.0175371217	0.0230414691	-0.0818450342	0.1047046189	0.0177812472	0.0545209783	-0.0219948464	0.0406191814	-0.178852355	0.0311154388	0.0190100732	0.0340448553	-0.0349675596	-0.0437596932	-0.0850938912	-0.0418023748	0.0867022198	0.1115000601	-0.0925770339	0.0081824152	0.0480857441	-0.0219675812	-0.0398411342	-0.0163060224	-0.0798400664	0.1538383921	-0.0329523377	0.0012113387	0.062597916	-0.0282581703	0.0340594823	0.0329920011	0.0233677452	-0.0199008369	0.001178759	-0.0061645141	0.171619268	0.1961433307	-0.032848431	0.0198167496	0.0392485556	0.0563896117	-0.0934805728	-0.2008629025	0.015857483	0.1324980791	-0.0335029778	-0.0416133109	-0.0414025875	0.0448658657	0.1183008196	-0.1130560929	0.0023364234	-0.0996296172	-0.1735552191	-0.0460251033	-0.039468815	-0.0252759545	-0.0275750936	0.012681171	0.1015410902	0.1981550847	0.0557687266	0.0955736556	0.0845754332	-0.0147174078	0.0909047145	0.0340001301	-0.0037733082	-0.0065396758	-0.0262199892	-0.027019158	0.0181818236	0.0164100898	-0.0842036861	-0.0667221062	0.0271666549	-0.0264854825	-0.0450666647	-0.0276127649	0.0263887118	0.0557545555	0.028525183	-0.0638584124	-0.043107133	0.0606780948	0.0343385763	-0.1084038219	-0.0075499243	0.0343842267	-0.013964801	0.0450160921	-0.1261563213	0.0643883783	-0.054150165	0.0205723459	-0.0276554587	0.193496512	-0.066272929	0.0939070085	-0.0039676349	-0.023356175	0.0599745608	0.2144101879	0.0842206318	0.0979019848	-0.0253176679	0.1692536832	0.0554488698	-0.0465336258	-0.0913158591	0.0923070265	-0.1020685369	-0.0869522384	-0.0519751256	0.0036064234	-0.0911935115	-0.010796849	0.0903422016	0.0179201505	-0.0889292336	0.0	-0.0720213963054163	-0.0185619629497608	0.0051870815257818	0.0003445464685482	0.0685951420711035	-0.0011618050777002	0.0047052935157548	1.3497910385699893e-06	-0.3782938986554995	0.0578581037019745	0.1431062737599773	0.0033475601639884	0.0053479985727197	-0.001203093118517	1.4474330518231996e-06	2.860108873381195e-05	-0.0001108999582175	-0.00029179294342	1.2298800732643246e-08	8.514312182970735e-08	-0.0005237073555034	-3.260968528100009e-05	1.0633915741258739e-09	2.742693942083646e-07	0.0	0.0	0.0	0.0	0.0	0.0	0.0	0.0	0.0
797.924042478319	-3.499299218670103	636682.7775649423	12.245095021785191	877.0702608842116	-0.1142623901366732	769252.242527499	0.0130558937997453	759.4553633065059	2.3988062229516345	5.754271295271487	576772.4488550168	759.4483693949381	699.8457799396543	1.21475	43.236671	0.1409511679700844	0.080007110708295	0.0434428378	-0.0491514712	-0.0474978384	-0.0823966148	-0.0274032924	0.0053527791	0.0127152453	-0.0606694796	-0.023551771	-0.0878865079	-0.0602433959	0.2121517693	-0.1797468587	-0.0248978671	-0.0808531611	0.0204454284	0.0854359367	-0.2299185743	-0.0480559142	0.0171952268	0.0553150284	-0.0658476147	-0.0533780723	0.0307174296	0.0198346695	0.0295603774	-0.0075335736	0.1630587735	-0.0704976235	0.0140633199	0.1333344444	0.1185393739	0.0377878276	-0.1045145215	0.0738687272	0.0065816303	0.0404300883	0.0268475051	-0.0388738357	0.0029406411	0.0110512607	0.0975252356	-0.1655145084	-0.0006326604	0.0309288849	0.0514310199	0.0224953571	-0.063968862	-0.0481164327	-0.0432484662	-0.0350076933	0.0687328331	-0.0467593492	0.0207802406	-0.0577258687	0.0079003467	0.0246686339	0.0435987386	-0.1574933563	0.0491334205	0.0079048449	-0.0295209838	0.0011814464	0.0220597507	-0.0137795619	0.0272964988	-0.0077593362	-0.1494867617	0.0730737332	-0.0363629556	-0.0399961654	-0.0246622597	-0.0564257922	0.0122542308	0.0414570545	-0.0178699576	-0.0488307049	-0.0952701736	-0.0985336692	0.1234543455	0.0006265032	-0.0152345313	-0.0497304407	-0.0163180562	-0.0587671127	0.1279839224	0.0916989276	-0.1695953741	-0.0348844573	0.0976811934	0.0253792072	-0.0682347762	-0.0226870742	0.0106128288	0.1736564919	-0.233209401	-0.0132990946	0.0006909155	0.1436322061	0.0601141029	-0.0622413369	-0.0106943723	0.1339735169	-0.1239174988	-0.0529619311	0.0226235039	0.081285241	-0.0084400892	-0.0049311848	0.0673256488	0.0597283955	-0.1230795774	0.0058021137	-0.0392033613	0.0682943141	0.0591777794	-0.0173513921	-0.0708040374	0.0491752084	0.0079155302	0.0149127911	-0.0687881669	-0.0639072556	-0.0038350699	-0.0649985527	0.0638930437	0.1081028362	-0.0495657808	-0.0307433441	0.070866208	-0.0790326425	0.0088414625	-0.0850387803	0.016422476	0.0345582768	9.94829e-05	-0.0690891601	-0.0933257951	0.080320612	0.0800207671	-0.0084286874	-0.0146270611	-0.0056173561	-0.0063303449	0.0587478622	-0.0031200762	0.0118502667	-0.0370191402	0.0589621256	-0.068461587	0.0664703255	0.1073611921	-0.0260440991	-0.0182253659	0.074958602	-0.039614186	0.0195262727	0.0451208207	0.064835013	0.0016208199	-0.1220683347	-0.0131792039	-0.0238136546	0.0158802283	0.1926412367	0.0440179494	0.0559766857	-0.0084211754	-0.1335742251	0.0974503821	0.0884326765	-0.0366160506	-0.0135176095	0.0244073066	0.1111664543	-0.0282982024	-0.0187232099	0.0326455501	-0.038455811	0.0313402496	-0.0564605652	0.0024046285	-0.0913514525	-0.0072072393	0.090972547	0.0119899299	-0.0903422016	0.0	-0.0690288434915373	0.002992552813879	0.0047649812337791	8.95537234385513e-06	0.086286002080044	0.0176908600089405	0.0074452741549573	0.0003129665278559	-0.3116187648723496	0.0666751337831499	0.0971062546205686	0.0044455734650009	0.0047690458158808	-0.0005789527568389	3.351862946513629e-07	2.2743797993970164e-05	0.0001822291140214	0.0002931290722389	3.32074499970244e-08	8.592465299163827e-08	-0.0003239367572989	0.0001997705982045	3.9908291906983794e-08	1.0493502272932645e-07	0.0	0.0	0.0	0.0	0.0	0.0	0.0	0.0	0.0
794.9357734763663	-2.9882690019527445	631922.8839524688	8.929751628031651	881.0367370018593	3.9664761176476304	776225.7319468833	15.732932791869018	755.8081917258868	-3.647171580619101	13.301860538475635	571246.0226799549	757.8031009928385	699.0050727648613	1.15175	40.994316	0.1505324407206013	0.104742589070011	0.091845405	0.1127709111	-0.0306362897	0.0403535642	0.0165055192	-0.062211112	-0.0414594167	0.0012396912	0.0638948111	-0.0544922001	-0.0931774667	0.0645745312	-0.1347267332	-0.0028499239	0.1306230666	-0.0305848696	0.0997045911	-0.1015750642	0.0142537256	-0.0283738833	-0.0200160293	-0.0183708105	-0.0420277245	-0.0382671378	-0.0816184049	-0.0492065648	0.019799409	-0.034361779	0.1135687236	-0.0308101539	0.0788242705	0.0131260709	-0.0718787253	-0.0146244187	-0.0745672311	-0.035220769	-0.000784114	0.056569108	-0.1519388509	0.1289560229	0.0118349471	0.1332484917	-0.1455467936	-0.015843355	0.0562579847	-0.0758720239	0.0356583174	4.07747e-05	0.0055428446	-0.0255775536	-0.0416329739	-0.0376668215	-0.0298629828	-0.0553036697	0.1395873161	-0.0846955752	-0.0554872664	0.0111785561	-0.0283253827	-0.0874815458	0.0466711867	0.0026546631	0.0027658495	0.0160054928	0.017996813	-0.0427743315	0.0131536879	0.0169304039	0.027054756	-0.0462937313	-0.0440296201	0.0546700458	0.0134503678	0.0310092705	0.0422633583	0.0856896871	0.0057677506	0.0302554132	0.0316056822	-0.0630078034	0.0015636794	0.0313135667	-0.0393249485	-0.0577551485	0.1291076999	-0.0911917465	0.0300130472	0.0037557208	-0.0766895852	0.1628840533	0.0474135732	0.0605481397	0.1153859959	-0.0307016468	0.0507352337	-0.1015997466	-0.0932693205	-0.0480565535	0.0966338654	0.0192416486	-0.0051188629	0.1530637542	-0.0022095979	0.0051061419	-0.0322070748	-0.064380067	-0.0647006653	-0.0946349831	0.1806680392	-0.0354290371	0.0128169633	-0.0137582296	0.064458975	0.0771957139	0.1579502776	0.082738298	-0.0065307734	-0.0756770402	0.0592581075	0.0190714772	0.0614732834	-0.0543724342	0.0616330725	-0.0511313581	-0.0164105496	0.132079185	0.0394613241	-0.0978803674	0.0140374437	0.0219656459	-0.0102398104	0.0498233995	-0.0491157546	-0.0019282154	0.0173556986	0.0665300915	-0.0286846908	-0.0136379868	-0.0154807278	-0.0569680185	0.0007623958	0.1169533158	0.0974361808	-0.024800158	-0.0230390168	0.0335660058	-0.0025295566	0.0388492892	0.0361748181	-0.0524710124	0.0843301437	0.0274604775	-0.0326031137	0.0248490108	-0.0675557939	-0.035360466	-0.1225818368	-0.0554772007	-0.0726085308	-0.096390084	-0.0623375918	-0.0428103457	-0.002935865	-0.0363828524	0.0530783919	0.1258520793	0.0230739991	0.0374295785	-0.0721503167	0.0094759613	0.0262715364	0.0996848906	0.010238095	0.1065321915	0.1781891425	-0.1239210275	-0.0710902176	0.0147536491	-0.033535749	-0.1138346445	-0.0087082059	0.0012024181	-0.0914462607	-0.0036064234	0.0913514525	0.0060079362	-0.0911935115	0.0	-0.0519559678225789	0.0170728756689584	0.0026994225923808	0.0002914830836077	0.080347732196671	-0.0059382698833729	0.0064557580691479	3.5263049207774734e-05	-0.2113148418416415	0.100303923030708	0.0446539623825579	0.0100608769753502	0.0044890094336879	-0.0002800363821928	7.842037535168782e-08	2.0151205695738963e-05	-2.309467535743792e-05	-0.0002053237893788	5.333640298654504e-10	4.2157858484885394e-08	-0.0002649494861194	5.898727117950001e-05	3.479498161203872e-09	7.019823019493414e-08	0.0	0.0	0.0	0.0	0.0	0.0	0.0	0.0	0.0
794.3694322970811	-0.5663411792852457	631022.7949679869	0.3207423313542029	877.9191330542931	-3.117603947566181	770742.0041828016	9.719454373880234	756.9452621918234	1.137070465936631	1.2929292445053473	572966.1299546483	757.0769441986084	686.0933095348007	1.277585	45.473179	0.1207308021329553	0.0594256721429415	-0.079850204	-0.0619565381	-0.1125155213	-0.0256710254	-0.0263006145	-0.0633962284	0.0898037033	0.0109772133	-0.0773337532	-0.1070347918	0.0980575626	0.0497656657	0.0425683372	-0.0376424093	0.0060114346	-0.0485830825	0.0732482806	0.0049889416	0.0618726903	-0.0652078524	-0.038314046	0.0537246441	-0.0360629136	0.0382403377	0.1210094104	-0.0096596787	0.0634954322	0.0810985935	-0.0242118828	0.0501387785	0.0662123198	0.1004991905	0.033011463	0.0461988992	-0.0238886972	-0.0336844789	-0.0241479154	-0.0627667023	0.1033096598	0.0451089752	0.0403537109	0.1047896501	0.0819150052	0.0260404114	-0.0198902615	-0.0174401709	-0.0447218576	-0.0795744213	0.0707869335	-0.0425623162	0.0015266857	-0.0506645799	0.0235051805	0.0233352807	0.0191004112	-0.016670965	0.0681854074	0.0868924749	0.0187046883	-0.0556888186	0.0067166225	-0.0294194925	0.0566141567	-0.1105969162	-0.0030445832	0.0854606655	0.0101424303	0.0413512191	-0.0872192727	0.0177557664	-0.007478381	-0.0184484741	-0.1448081979	0.0022623131	-0.0057882264	-0.0843813758	-0.0425172419	-0.0962536328	-0.0783508221	-0.0893972442	0.0066730449	-0.0390464416	0.0145526608	-0.0738329558	-0.0074197065	-0.0197945971	0.0939909617	0.0478204231	0.1106286343	0.0285500466	-0.1152263766	-0.0282766709	-0.0596604232	-0.015531469	0.0663470618	-0.0659774689	-0.0414766635	-0.0582570293	0.0029619154	0.0225855862	0.0591951674	0.023046183	-0.0597674353	-0.075230426	-0.0057081052	0.0822402548	-0.0077455549	-0.0443194544	-0.0153960946	-0.0331136593	-0.0447669792	-0.0063311296	-0.0254539183	-0.0430810762	-0.0194823504	-0.1864442001	0.0896416933	0.0267336549	-0.0491906144	-0.0644959025	-0.0365846753	-0.0524722327	0.0142437531	-0.0972277872	-0.0571390437	-0.0249380369	-0.0647798806	-0.0531357426	-0.1014529845	-0.0220147731	0.0137764439	-0.0231493586	0.0029015674	-0.0222866599	0.1349753501	-0.0303161104	-0.0071412482	0.0081786456	-0.0735107502	0.0448066086	-0.0160723095	-0.0516801187	-0.0710865147	0.0163585769	0.0135015732	-0.0815074643	0.0246185442	0.0196790258	0.0578640247	-0.0764221406	-0.0149053274	0.0760659763	-0.0153079895	0.0368757687	0.0172786435	-0.0943669821	-0.0096073322	-0.0098000045	0.0694393625	0.1489959773	-0.0808291354	-0.0195842358	-0.0773757237	-0.0751522058	0.0245306097	0.0900938691	-0.1020660255	-0.028115192	-0.1068727369	-0.0394085512	0.0082547545	-0.0365853001	0.0635260487	0.0260610405	0.023238882	-0.0446535431	-0.0249896353	-0.055746194	-0.0120565126	-0.1005909761	-0.0143066288	0.0	-0.0914778707	-0.0	0.0914778707	0.0	-0.0914778707	0.0	-0.0555152678074506	-0.0035592999848717	0.0030819449597329	1.2668616382307684e-05	0.0379152564262028	-0.0424324757704682	0.0014375666698647	0.0018005150000113	-0.24641027214642	-0.0350954303047784	0.0607180222192727	0.0012316892282775	0.0039450383540891	-0.0005439710795988	2.959045354398846e-07	1.5563327615234034e-05	0.0001828939713255	0.0002059886466829	3.3450204747212825e-08	4.243132256226824e-08	-0.0003078616812944	-4.291219517500001e-05	1.8414564947372934e-09	9.477881480941472e-08	0.0	0.0	0.0	0.0	0.0	0.0	0.0	0.0	0.0
794.5880714282141	0.2186391311330453	631370.2032560087	0.0478030696626129	870.9276377457838	-6.991495308509229	758514.9501894513	48.88100664890656	755.0034812782975	-1.9417809135259176	3.770513116133547	570030.2567423485	755.6304278564453	701.1871067467139	1.118222	39.800964	0.1365893427378685	0.0746671704636307	0.0401644832	0.0441472997	-0.0458722872	-0.057353468	-0.0334896017	0.0773686337	-0.1208653218	0.0460963677	0.0103661308	-0.0261606007	-0.0431786938	0.0355967978	0.0397625937	-0.1095710824	-0.0589378333	-0.0506787825	0.0345794866	0.0149612536	-0.12447386	0.037504569	-0.0728472451	0.0151618949	-0.0249970929	-0.0074106343	-0.0500586491	0.0539134457	-0.1115075723	0.0075380895	0.0685915695	0.0143569223	0.0144747041	-0.0196791723	-0.0202019471	0.1016364391	0.0153574885	0.0361997104	-0.0248205297	0.0185269857	-0.0001703872	-0.0155783912	-0.0233159921	-0.0223640391	0.1218577124	-0.0506818946	-0.0266370222	-0.0671927877	-0.1439695677	0.0183030367	-0.0154609412	0.0054628292	-0.0907855716	0.0751703217	0.1230852134	-0.108400218	-0.031655491	0.0694878147	0.0189172272	0.0093546461	-0.1672755644	-0.0666159433	0.0846371124	0.102757731	-0.0963117272	-0.0062103559	-0.0851582673	-0.0339330733	0.012009449	0.0647827407	-0.0956927099	-0.0722626747	-0.0054199243	0.0437406035	-0.0818162895	0.0648724175	-0.0053159726	-0.0313615478	0.0593398653	-0.056312404	-0.0685653745	0.0093811995	-0.0153563313	0.0585754457	-0.0087955606	0.0863808384	-0.0023277311	0.0060933159	-0.0374097487	0.0260452202	0.0439826498	0.0226317201	0.0822185705	0.0110632436	0.0102496638	0.0578703072	0.0759477063	0.1043182725	-0.035583711	-0.1012462311	0.0147966922	-0.0423110037	0.0055294496	-0.0407855332	-0.0294894183	0.0117408707	0.0336187016	0.0542744887	-0.0853268267	0.0339099981	-0.0267242439	-0.0356359179	-0.0496824554	-0.0227187296	-0.0522160042	0.0996505949	-0.089363102	-0.036386685	0.018923786	-0.0602997005	-0.0240076213	0.0399565171	0.1230286821	-0.0360725056	0.0983039849	0.0813849458	-0.1455393826	-0.0558466165	-0.0095972576	-0.0486566586	-0.0027697182	-0.1008711001	-0.1565387382	-0.0794572021	-0.0252127406	-0.0173216453	-0.0353735208	0.0159809877	0.0205609223	-0.0817970325	-0.0378206138	0.1441869317	-0.067222816	0.0683703437	0.0808860942	0.019684767	0.0767242623	-0.0269760549	0.1351566569	-0.0484311578	0.0201701407	0.0781067062	-0.0184983989	0.0425942622	-0.0487324962	-0.0979560823	-0.0405432218	0.0715854844	-0.0264154057	0.0289368274	0.0083026843	-0.0753236084	-0.0104056025	0.0138718476	-0.0703565015	-0.0260692946	-0.0719495555	0.0259736962	-0.0788130902	-0.0682106068	-0.0648186615	-0.0016416636	0.0348041997	0.0935929668	-0.0704576767	0.064798307	-0.0164777716	0.017181401	0.057879012	0.0316468833	-0.0567888803	-0.1409843031	-0.0723711793	-0.0012024181	-0.0914462607	0.0036064234	0.0913514525	-0.0060079362	-0.0911935115	0.0	-0.0617930193528621	-0.0062777515454114	0.0038183772407431	3.941016446591646e-05	0.0684852567836031	0.0305700003574002	0.004690230396716	0.0009345249218514	-0.3089247700924318	-0.0625144979460118	0.0954345135766618	0.0039080624534419	0.0043470438258007	0.0004020054717115	1.6160839928606594e-07	1.8896790023431985e-05	0.0001117409187847	-7.115305254080001e-05	1.248603293084892e-08	5.062756885873847e-09	-0.0005792450148229	-0.0002713833335285	7.364891371704108e-08	3.355247871971816e-07	0.0	0.0	0.0	0.0	0.0	0.0	0.0	0.0	0.0
794.7391475636211	0.1510761354070382	631610.3126701512	0.0228239986895257	876.3443759918213	5.416738246037426	767979.4653324946	29.341053226084608	755.7589661595023	0.7554848812047794	0.5707574057289997	571171.6149304797	755.8567247390747	663.4170515425784	1.094099	38.942322	0.0790837471757337	0.0425113662819389	-0.0498700664	0.0272843088	-0.1066805413	0.1390956036	0.080538775	0.0198871076	-0.02904619	0.1175089946	-0.0919727785	-0.0106435803	-0.0380435691	-0.0854696346	0.1173032844	-0.0384037281	0.0362940867	-0.096714649	0.0790696842	0.009410077	-0.0431401527	-0.0827737209	0.0867550235	0.0226688683	-0.1274414638	0.0921358968	-0.009256404	-0.082324634	0.033682261	-0.020449781	-0.028982386	0.0130873811	0.0868583874	0.0194564132	-0.046607922	-0.0607281933	-0.067121044	0.1178938508	-0.0268378922	-0.042222302	-0.0309368431	0.0669321697	-0.0868343047	0.128285563	0.003928848	-0.0326150142	0.0671460787	-0.1278603742	-0.0301590759	0.0824402397	0.0454731189	0.0092953899	0.018333903	0.0470649324	-0.0188061094	-0.0385325103	-0.0303492773	0.0551314236	-0.0434672982	0.0435643507	0.0013314512	-0.0282109013	0.0544986551	0.0240567722	-0.0466929691	0.0568803177	0.0294736346	0.0413333577	-0.1166337692	0.0587418756	-0.0989263881	-0.0115132135	0.1539544624	-0.0915276127	0.0893477209	-0.1504601753	0.0144488287	0.0684986502	0.0595094853	0.0946378131	-0.0223437238	0.0283264614	-0.0181728087	0.0536150119	0.0957252289	-0.1102926925	-0.0121888965	0.0324485308	-0.0156862167	0.0972309471	-0.0339743342	0.047909645	-0.0223136076	-0.0344598808	0.1054339663	0.0070290037	-0.0052547523	0.021244022	0.0196758326	0.016594991	-0.044951099	-0.0349520016	0.0874181813	-0.0013446359	-0.028621682	-0.0482907696	0.0553737581	0.0349012398	0.0139020164	0.0272229067	0.068061263	-0.0654077139	0.0641593121	-0.0306589307	0.0076689351	-0.0293954519	0.1955718942	-0.1657757695	0.0301715736	-0.060619931	-0.0987367168	0.0363602976	0.0873511039	0.0514377869	-0.063207145	0.1183149712	0.0217923846	0.0510791665	0.0277373785	-0.0454414104	0.036560209	0.0233832065	-0.0654115521	-0.0108149335	0.1712734269	-0.0685193892	-0.0002531439	-0.0703445907	-0.0243845193	0.0334155927	-0.0095768527	0.0195824017	0.07291557	0.0621471072	0.0661484748	-0.0471503191	-0.1430597492	-0.1085618857	0.0027339775	-0.1177570634	0.0518994281	0.0324395783	-0.0525674248	-0.0071602397	0.0059692975	0.0803224514	-0.0908873526	-0.0696881749	-0.0336846878	-0.0763769808	-0.0199016586	0.0214048065	-0.0113718676	0.0242121871	-0.0675676321	-0.102469147	0.0778199458	-0.0338139932	-0.0762715453	-0.0880783508	0.0077829419	-0.037288377	0.1071405946	-0.1359824014	0.0582375791	-0.0659826815	0.013278469	0.0663579822	0.0457015375	-0.1063606396	0.0861201606	-0.0070444836	-0.0522496296	-0.0024046285	-0.0913514525	0.0072072393	0.090972547	-0.0119899299	-0.0903422016	0.0	-0.0493783166349288	0.0124147027179332	0.0024382181536992	0.0001541248435746	0.054521506996167	-0.013963749787436	0.002972594725133	0.0001949863081261	-0.2724994372221374	0.0364253328702944	0.0742559432863815	0.0013268048747117	0.0043220622179362	-2.4981607864499496e-05	6.24080731495623e-10	1.8680221815711585e-05	0.0002371280542028	0.0001253871354181	5.6229714090006055e-08	1.5721933728356946e-08	-0.0004040145221041	0.0001752304927188	3.0705725578473434e-08	1.6322773407100428e-07	0.0	0.0	0.0	0.0	0.0	0.0	0.0	0.0	0.0
793.6299968967696	-1.1091506668515194	629848.5719743666	1.23021520177717	866.8591267512395	-9.485249240581766	751444.7456319215	89.96995315595696	755.1386345342481	-0.6203316252541526	0.3848113252904585	570234.3573662487	755.8507861200968	691.150304785681	1.329482	47.320328	0.705991396504513	0.4853757605344761	-0.0574035733	0.1188506163	0.0639797943	-0.1309610771	0.1395920405	0.0933947411	-0.1164439112	0.0562720574	0.2364083344	0.0179778351	0.0055319458	-0.0925114841	-0.0181251649	0.0263136784	-0.1099138043	-0.1563848871	0.002488503	-0.1231045324	0.013947785	0.0170392706	0.1707583925	-0.1672066278	0.0697693368	-0.1620622161	-0.0194167711	0.0362225778	-0.1371767018	-0.134223375	-0.0228936532	0.0949390473	-0.0063547871	-0.0645253507	-0.0331928049	0.0221473727	0.0487099379	0.0130747462	-0.0530427228	0.0767764178	0.1071818695	-0.0515383519	-0.0077867579	0.0254446342	-0.0061793254	-0.0247791681	-0.002354474	0.0565878549	-0.0435336427	0.0872427529	-0.0686087924	-0.0367561148	0.0371182297	0.0929263856	0.0417151595	-0.0263540127	-0.1340807162	0.0305252946	0.0373624542	-0.0475765394	-0.0468506202	-0.0893970198	0.0248762049	0.0166134017	0.025311744	-0.0475019878	0.0264553164	-0.0876385081	0.0773501654	0.0458324572	-0.0002398362	0.0722491506	0.080440725	0.1252525204	0.0575169802	-0.0516453995	0.0841755866	0.0713068494	0.0735817281	0.0418055271	-0.0839691064	-0.0159056473	0.0023712969	-0.0228140173	-0.0731872611	-0.0576233437	0.0473720957	0.0874448474	0.0188253408	-0.0487236347	0.0630649714	-0.0394970218	0.0892642801	0.2118723031	-0.0051424093	0.1257354428	-0.0048805262	0.1884308354	-0.048757759	0.06021209	-0.01211467	-0.0081131415	0.0105551927	0.0059529342	0.0052807091	-0.0970687504	0.0503977389	0.1025042779	0.0795312585	0.0655905945	-0.0477087537	0.0405285783	-0.0199272872	-0.079569869	0.0247941096	-0.0325842585	-0.0269651365	0.0450317806	-0.048343397	-0.0710259759	-0.0077339915	-0.0620413856	-0.0554868759	0.08900333	0.0511296005	0.0681122569	-0.0675226713	-0.0940141784	-0.0605810064	-0.0483702771	-0.0818553217	-0.0289828964	-0.029718731	0.1542036741	0.0005027709	0.0601221509	-0.1199184916	0.0061270086	0.079652325	0.0383933115	-0.0080003623	-0.0002085716	-0.0392125337	0.0396185007	-0.0209319607	0.0501073102	-0.0061200515	-0.1282966573	-0.0871966317	0.0351226932	0.0188283357	0.0798633927	0.0715526045	0.0996252084	-0.0187739832	0.0050699352	0.082350603	-0.0070158954	-0.0189235767	0.1759917158	-0.1295849631	-0.0602172282	0.2030082553	0.0026803107	-0.0983711866	-0.1684476667	-0.0903707653	-0.2164542547	0.152528562	-0.0744110661	-0.0540822697	0.0042878782	-0.045295467	-0.1368095256	-0.0866619181	0.0312053985	0.1366913091	-0.031710835	0.0363061138	-0.0752768734	0.0847284686	0.1600634289	-0.1151393324	-0.0036064234	-0.0911935115	0.010796849	0.0903422016	-0.0179201505	-0.0889292336	0.0	-0.0358677466182086	0.0135105700167202	0.001286495247468	0.0001825355021766	0.0441827050781995	-0.0103388019179675	0.0019521114280271	0.0001068908250989	-0.6306254594084777	-0.3581260221863403	0.3976884700541535	0.1282542477670111	0.0100472629756491	0.0057252007577128	3.2777923716116354e-05	0.0001009474933018	0.0007701068986287	0.0005329788444259	5.930646353155148e-07	2.8406644860556774e-07	-0.0001818740765732	0.0002221404455308	4.9346377540666744e-08	3.3078179729354224e-08	0.0	1.0	0.0	0.0	0.0	0.0	0.0	0.0	0.0
795.5622989045949	1.9323020078252284	632919.3714383639	3.733791049445409	882.5528116666354	15.69368491539592	778899.4653806837	246.29174622372545	755.3336783505653	0.1950438163171384	0.0380420902835536	570528.9656505951	756.6286834843953	702.5359080905828	1.261835	44.912567	0.5193345625876568	0.3229627917388291	-0.0146345805	0.1838709488	0.0238662595	-0.0054563398	-0.0150383112	-0.0384714062	0.0875529775	0.0438617411	0.0782209767	-0.0332531577	-0.1228390403	0.0466139584	0.0039702183	-0.0600625537	-0.0471876042	-0.0044602895	-0.2054228837	0.0843386271	-0.0037038153	-0.1004778901	-0.0149546758	0.0805877736	-0.0406813875	-0.0633298813	-0.0478435229	-0.0822481544	-0.0875405706	-0.0746232749	-0.0489360072	0.0444820837	-0.0671966123	0.0485289957	-0.0443943309	0.0234179211	0.1286339546	0.0721469104	0.0328700034	0.0683143356	0.1224434482	-0.0706040921	0.0085116174	-0.1023971812	-0.0779217481	-0.0420160092	0.0275716729	-0.0028967099	-0.0038629089	0.0504215725	-0.066683473	0.1520114238	-0.0756253432	-0.0598779078	0.1174491894	-0.0015664204	-0.0090268524	-0.0166199361	-0.0135822809	0.1394401217	-0.1080771392	0.0970728148	-0.0690946622	0.0570837116	0.1445478572	-0.087595174	-0.0870607293	-0.0066236949	0.0606967893	0.0279292536	-0.0250157392	-0.0617129836	-0.0443729672	0.015416756	0.0113466518	0.1298929203	-0.0520527617	-0.1024884619	0.0443926915	-0.1102903863	-0.0399148918	0.0476031644	0.0014190426	-0.036916876	0.1366013006	-0.0374781637	0.0359808074	-0.0225220423	0.0341415291	0.0822057299	0.0453956031	0.0055058572	-0.0364433276	0.1198388997	0.0840118989	-0.0484852826	0.0301630055	0.0505193432	-0.0425077132	0.0510890751	0.1105165153	0.0129866808	-0.130736465	-0.0620451154	0.0441301673	0.0392637585	0.0813072677	0.0378827014	0.0602416895	0.0065511056	-0.1272681559	0.0311659887	-0.1253111205	0.0565921038	-0.1117853677	0.028188794	-0.0844934142	0.0127115107	-0.0686496912	-0.0454700698	0.0513601281	0.0495228732	0.042285444	-0.1283225882	0.0242923963	0.1043906013	0.1741304109	-0.2615544351	-0.0679640722	-0.0046774782	-0.0254343163	0.0124599211	-0.0251998869	0.0216402336	-0.0222054829	-0.0378323585	0.0856309217	0.1168425967	-0.051685252	-0.1298260651	0.0254331617	-0.052143453	-0.0789056013	-0.0078344193	-0.0768079489	0.0348384779	0.1023964948	-0.0209810811	0.1337018257	-0.0682820968	-0.0268952021	0.0733456577	-0.0347276301	0.0030556288	-0.0540577457	0.066437403	-0.1007448457	-0.0146965968	-0.0090092666	-0.0051645095	-0.1845983276	-0.0523592882	0.009630563	-0.0293710791	-0.0586311847	-0.0009581642	-0.2299615555	0.1176624991	0.0302341449	0.0673645711	-0.0518786155	0.0266271369	-0.0082463041	0.0929545437	-0.0471471471	-0.0437113514	0.0026044304	0.0678094521	0.0368497568	-0.0782041528	0.1247529298	-0.0174406343	-0.0886675419	-0.0048075951	-0.090972547	0.0143696711	0.0894621585	-0.0237729909	-0.0869633921	0.0	-0.0300322714288512	0.0058354751893574	0.0009019373271761	3.405277068560579e-05	0.1003668460393498	0.0561841409611503	0.0100735037838865	0.0031566576955424	-0.386528965150589	0.2440964942578887	0.1494046409003852	0.0595830985089914	0.0066910505407205	-0.0033562124349285	1.1264161908369355e-05	4.4770157338476096e-05	7.058952802774243e-05	-0.0006995173706009	4.9828814671794355e-09	4.893245517724774e-07	2.6765161482450017e-05	0.0002086392380556	4.3530331656442206e-08	7.16373869181626e-10	0.0	0.0	1.0	0.0	0.0	0.0	0.0	0.0	0.0
797.4786721231094	1.9163732185145363	635972.2324912378	3.672486312639762	878.0624975938064	-4.490314072829051	770993.7496806732	20.16292047264662	758.3425987506735	3.0089204001081957	9.05360197418726	575083.4970799249	757.4676234563192	694.0838644162922	1.295245	46.101738	0.1733302446719121	0.102366278137147	-0.0321227635	-0.0535743924	-0.0089063404	-0.0631715428	-0.0471118116	-0.0875589868	0.0841025041	-0.04286917	-0.0474128856	-0.0188350083	0.0557359363	0.0363205952	-0.1364348325	-0.0142566392	-0.0698122208	0.0703315523	-0.0073454322	-0.0795344191	0.0463504452	-0.0963379999	0.0556624381	0.0938580198	-0.1099160059	0.0077865938	0.1278035185	0.0335730451	0.0573401839	0.1801634557	0.1096741718	0.0229420719	-0.1102925544	0.0835932025	0.0782662866	-0.0401702591	0.0860059807	-0.0908137479	-0.0013054232	-0.1015523458	0.0169454316	0.0216208654	0.0978764776	-0.0041685993	-0.117461853	-0.0332989238	-0.0666686627	0.0359055304	-0.0570320235	0.0736490873	-0.0488211529	0.0398302902	-0.0656729797	0.1067453774	-0.0361949282	0.1076967185	-0.060439838	0.0378929209	0.0103508943	-0.0594096311	0.0284557732	-0.0255905167	0.0013982948	-0.1574049055	0.1125765042	-0.0501152086	0.0653205233	-0.0048293592	-0.0164926732	-0.0420258135	0.0601544717	0.0182849343	-0.0247040977	0.0328892117	0.034946694	0.0128284396	0.0057939153	-0.0613294636	-0.0143680922	-0.0235944719	0.0212483423	0.0005393313	-0.0390113818	-0.0153289202	-0.0200252301	0.0268112093	-0.0129958999	0.0805154877	-0.0580010197	0.0488956937	-0.0115572787	0.0099377779	-0.0867276677	-0.0547201662	-0.0804728737	-0.0041795128	0.0232722291	-0.051870691	0.1226112881	-0.1392824627	0.1457518677	0.0835543132	0.0230104662	-0.0627414208	0.0993198271	-0.1122316101	-0.0790348656	0.0109875566	0.0805901114	-0.0611477424	0.0200005309	0.0804728369	0.0297857554	0.0489699322	0.0012833379	-0.094755768	0.0325346102	0.022824992	-0.1061138774	0.0067382006	-0.0546318334	-0.0321487613	-0.0269910542	0.0597692749	0.0481401252	-0.1257073227	0.0763112628	-0.0598880731	-0.0187105578	0.0351335533	-0.0487093614	-0.0329197076	-0.0280176576	0.0917363215	-0.0760659993	0.0515121359	0.0003968524	0.0082875534	0.0896327812	-0.0136949621	-0.0015815121	-0.0188676534	0.0789587399	-0.0427345278	-0.042244708	0.0686605461	-0.0336594667	0.0710385163	-0.0026186491	0.0276033924	0.0426605686	0.0114906877	-0.0593358645	0.0129498815	0.085745579	-0.0215416018	0.0698476537	-0.0308071364	0.04842133	0.0557074255	0.0694955864	0.1191324202	-0.1027983596	-0.0498549582	-0.0149161284	-0.0380440481	0.0944275052	0.0438027386	-0.0041252967	0.0360119956	-0.0475481075	0.0264232098	0.0999716618	0.1144226871	0.0864070634	-0.0583990744	0.0189037171	0.025036239	-0.0399978483	-0.0021272236	0.1527790514	0.1301775684	0.0536965547	-0.0060079362	-0.0906887116	0.0179201505	0.0883348501	-0.0295231785	-0.0844568986	0.0	-0.0460032212645984	-0.0159709498357472	0.0021162963667195	0.0002550712386559	0.0866283702256254	-0.0137384758137243	0.007504474527948	0.0001887457176842	-0.3504821670695293	0.0360467980810597	0.1228377494337534	0.0012993716518966	0.0049290114501403	-0.0017620390905802	3.1047817567327e-06	2.429515387561418e-05	-0.0002301539090008	-0.0003007434370285	5.2970821828348536e-08	9.044661491574089e-08	-6.193272973642428e-05	-8.86978912188743e-05	7.867315906675258e-09	3.835663012604973e-09	0.0	0.0	0.0	0.0	0.0	0.0	0.0	0.0	0.0
795.0743490302302	-2.4043230928791672	632143.2204858443	5.780769534952045	867.3433875450721	-10.719110048734253	752284.5519181612	114.8993202368756	757.9057072351984	-0.4368915154750539	0.1908741962940892	574421.0610596862	757.4630699666341	682.2120617194772	1.11847	39.809788	0.1130540666859207	0.0629313048634409	0.0946068239	-0.0294406839	-0.0724233293	-0.0879254178	0.0571386131	0.0206050811	-0.1000102121	-0.0367305195	-0.0198701269	-0.0981845482	-0.0011918818	-0.0194310381	-0.018527307	0.0599813363	-0.0544017918	-0.0213768422	-0.038418278	-0.0590070349	-0.0385727013	-0.0801394778	0.023518774	0.0268203111	0.007829483	-0.0346890176	-0.0620007222	0.0566465362	0.0781295447	-0.0103729686	-0.024950281	-0.0505649203	0.0214766768	-0.0940395522	-0.0183103811	-0.060976375	0.0282057045	-0.0873456366	0.0789354562	-0.0135818966	0.0123788942	0.1321385143	-0.005732978	-0.0924798242	0.0268205788	0.0721635089	-0.0082206554	0.0741098306	-0.0526645237	-0.0166364648	-0.1301937854	0.0787009386	0.0388281853	0.044767839	-0.018616091	0.0714284396	0.0235833567	-0.0185910563	0.0082572684	-0.0518325542	0.0896502594	-0.0095564066	0.1461441393	-0.0904207954	-0.0050784723	-0.0248591961	0.041183118	0.0165517777	0.0220727997	0.0494608754	0.0584787285	-0.0126587752	-0.0261292584	0.0343614815	0.0542190392	0.0873770045	0.1048096445	0.0224077005	0.027310537	-0.0861807834	0.0291143608	-0.098487453	0.0432064074	0.1127889523	0.0576019374	-0.0424908142	-0.0317502027	-0.0412889143	-0.1451706736	-0.0213115314	0.0687119245	0.0387138967	0.0977074062	-0.0039305374	-0.0114307519	6.4002e-05	0.0191036202	-0.0660563717	-0.0478040231	0.0003792408	-0.0637078122	0.0084848232	0.011141941	-0.0069365851	-0.029418109	-0.0088406284	-0.0702200591	0.0748238808	-0.0285654877	-0.0701609193	-0.0895282053	0.1218727394	0.1133204921	0.0410961624	0.2416832899	-0.0064663112	-0.003105896	0.0322149358	-0.0134187963	0.0738092431	-0.1258503573	0.0149741637	-0.0167627271	0.0097313002	0.0751994875	-0.0345334828	0.0153086217	-0.055464294	0.0463375319	0.0352216134	-0.0393710091	-0.0443464017	0.0381578232	0.0393336606	-0.0065998187	-0.0258620111	0.0056178368	-0.0131799268	0.0378198512	-0.0419099768	-0.0160453906	0.0502811142	-0.0068055274	0.0627471316	0.0339070419	0.0008365066	0.0707189933	-0.0095116945	0.0698226871	-0.0105365752	0.1100781588	0.0367196366	-0.0125734747	-0.0358904702	0.0348528217	0.001321895	0.045484204	0.1336657627	0.0630879568	0.0207724492	0.0329212628	-0.0849658699	-0.055704582	-0.0543902983	0.0171713145	-0.0565326959	0.0215260992	0.0687902761	0.0736775849	-0.0566222765	0.0056959364	-0.0279231571	0.0667933382	0.0282207539	-0.0642443368	0.0055500828	-0.0464396891	-0.046282181	0.0052585354	0.0091600891	-0.0019188982	-0.0074998625	-0.0623286252	-0.0072072393	-0.0903422016	0.0214427666	0.0869633921	-0.0351458834	-0.081425336	0.0	-0.0445866344976622	0.0014165867669361	0.0019879679758281	2.0067180682587543e-06	0.101940740731365	0.0153123705057395	0.0103919146208593	0.000234468690505	-0.3027774202548698	0.0477047468146594	0.091674166216194	0.0022757428686507	0.0043320169075121	-0.0005969945426281	3.564024839278529e-07	1.8766370486970705e-05	3.2120785693035e-05	0.0002622746946938	1.031744873537882e-09	6.878801547674436e-08	-0.0001750707443861	-0.0001131380146496	1.2800210358870235e-08	3.0649765539903176e-08	0.0	0.0	0.0	0.0	0.0	0.0	0.0	0.0	0.0
796.145631458767	1.0712824285367333	633847.8664908787	1.147646041691561	882.0787585331843	14.735370988112209	778062.9362554437	217.13115815729896	755.8360851317544	-2.069622103443976	4.283335651063867	571288.1875872967	755.8822083536784	698.0902620893797	1.050656	37.39608	0.1264249142217507	0.0644924888293275	0.042998508	0.0212475308	-0.0828153818	0.0497608572	-0.0541197714	-0.0843085466	0.0374273865	0.0123632859	-0.0748744324	-0.0294938088	-0.1133190529	-0.0047527475	0.0447873917	0.0275728494	0.0007672667	0.0275520245	-0.067619525	0.0756285627	0.0469590675	-0.0823217367	0.1001337347	-0.0053297247	-0.0042084453	0.0717775795	-0.0616170005	-0.121164823	0.0482063317	-0.0783985103	-0.0222989249	0.1083230643	0.0403583697	0.0023418424	0.0554088008	0.0118237906	-0.0281317584	-0.0645567397	0.0385872268	0.112080742	0.0889551522	0.0529548211	-0.043220634	0.0903527672	0.0189917449	0.0885656822	-0.0866730904	-0.0017209459	0.0603557197	-0.0118173038	-0.1159249985	-0.0056379446	-0.0139516314	-0.0189349358	-0.0335014304	-0.0524044674	-0.0023090463	-0.009757264	0.0785107057	0.129069181	0.1321039116	0.0735978686	0.0236282031	-0.0606746826	0.0009909871	0.0156636482	-0.0551573468	-0.0334217288	0.0439760356	0.0792128455	0.0766925355	0.0724527546	0.1284254036	-0.0109927478	0.0567042608	-0.0214992705	0.0401331502	0.0407341379	-0.1628318657	0.0363020463	0.0410576815	-0.0499866307	0.124863176	0.099286067	0.0207106839	-0.0215263363	-0.0179969515	0.0195816915	0.109757327	0.0972995186	-0.0851612829	-0.0550326195	-0.0426148449	-0.0390877337	0.0944613278	-0.1081261548	0.0157467226	0.0261260619	-0.0755174877	-0.0212002208	-0.0586283394	0.0172227654	0.0290028318	0.1259141678	-0.0368016926	0.0043423141	0.0143822394	0.0253932864	0.092924341	-0.0196918623	-0.0345793054	-0.00887366	-0.011319363	-0.0923573258	0.0861064629	-0.030908209	-0.003358505	-0.043632998	0.1281694872	0.0666814212	-0.0693462766	-0.0485650177	0.0264362816	-0.0337991934	0.0034861638	0.1513974824	0.0713842965	-0.0163318909	-0.0448168848	0.0222727796	-0.0812349767	0.0382739745	0.1556035469	0.0871381468	-0.0329981248	0.0355929641	0.0378907377	0.0747989749	-0.0594534509	0.1072852338	-0.0515325763	0.0433696962	-0.0144539	-0.0757028646	0.0360424365	-0.0008395366	-0.0228344078	-0.0199671951	-0.063857511	0.0427575706	-0.0151293629	0.019627012	0.0721071082	-0.0748021083	0.2030244383	0.0510019053	0.0279111396	-0.0359947648	-0.0099752046	-0.0903586904	-0.0550579062	0.0165426777	-0.0620195706	-0.0752753104	0.0269734075	-0.0895658272	0.0240515579	0.0066790508	0.0591790379	0.0142694965	0.0411056546	-0.0278935183	0.0619206735	0.0187723326	-0.0125986064	-0.0263629589	-0.0252205103	0.0516071958	0.0893847451	-0.1060802296	0.0968302173	-0.0061771993	0.0442888533	-0.008405297	-0.0899332563	0.0249320423	0.0853515751	-0.0406168267	-0.0778875515	0.0	-0.0580788132402574	-0.0134921787425951	0.0033731485473966	0.0001820388872221	0.0572571165331652	-0.0446836241981997	0.0032783773936924	0.0019966262714859	-0.2619977821319992	0.0407796381228706	0.0686428378420865	0.0016629788854322	0.0042790211070857	-5.299580042640063e-05	2.808554862834885e-09	1.831002163488493e-05	0.0004238503951377	0.0003917296094446	1.796491574583844e-07	1.5345208691566978e-07	-7.040669109546196e-05	0.0001046640532906	1.0954564051225521e-08	4.957102151011803e-09	0.0	0.0	0.0	0.0	0.0	0.0	0.0	0.0	0.0
796.4568861062477	0.3112546474807232	634343.5714260604	0.0968794555783492	870.658588057298	-11.42017047588638	758046.3769579276	130.42029369830695	757.3283470416891	1.4922619099346548	2.226845607841824	573546.2252328971	756.9219557571411	691.2941255411231	1.080959	38.474644	0.1658139438922427	0.1081063699623101	0.0142905209	-0.0657100927	-0.066435874	-0.1485904461	0.0435002397	-0.03449824	0.0213061516	-0.0285638565	0.003120051	-0.1085862664	0.0461751759	-0.0458181351	0.0138914675	0.1055013881	-0.1083453794	-0.0071337609	0.039377558	-0.0086596	0.0272045943	0.0308379557	0.0180601546	0.024749052	-0.0127517521	-0.0328228581	0.0486015988	0.0232767557	-0.0450800625	0.0106777282	0.0805569114	0.1394791883	0.0550538348	-0.0274629372	0.0437848705	-0.0446056581	0.0177540035	-0.0131810577	0.0836529519	-0.1010867786	0.023338704	0.0403021789	0.0216055579	0.0077221967	-0.0327888262	0.0396474028	-0.029054289	-0.1288457749	-0.0183420303	-0.0082929874	-0.0711031429	0.0141658565	-0.0989916535	-0.1477514688	-0.0737009805	0.1431167204	-0.0137157784	-0.1121708748	0.0117424894	-0.0603556055	0.0224255854	0.1225339209	-0.0165313014	-0.1228628917	-0.0611060484	0.0439468401	-0.0148159101	-0.1458668994	-0.0028674547	0.0108679233	-0.0674736126	-0.0356756843	0.0487832101	0.0126236551	-0.0389930536	0.0840900102	0.010812758	-0.0402127297	0.0992334319	0.0196280576	0.0718761636	-0.0687747305	-0.0758326975	-0.0031126916	0.0873029536	0.0528423409	0.0254342316	-0.0017246283	-0.0132857579	-0.063505163	0.0506935399	0.0722955485	-0.0276804094	0.0086519478	-0.0967899276	-0.0171493105	0.0842940347	0.0186253039	-0.0813489281	-0.0639380518	-0.0195386455	0.0755213531	0.0794649249	-0.0219527839	0.0190881695	0.0080627823	-0.0833188392	0.0019265195	-0.047093517	-0.0155890971	-0.0013308181	-0.0364552569	-0.0057142561	0.0456499346	-0.0158406432	-0.007866482	-0.0237587005	0.001819544	0.0396799185	0.0566584215	-0.0532216152	0.1583956027	0.0267522518	0.0571499517	0.0033366772	0.0052037091	0.0901503427	0.006045442	0.1541870666	0.0220407519	-0.1348464158	0.0413514429	0.1632387564	0.0764598258	0.0457059682	0.0239069826	-0.0280292403	0.1188239804	0.0285234945	-0.1216853557	0.1366725974	-0.0399000648	-0.0064930895	-0.061267229	-0.0367669826	0.088178387	0.0097248722	-0.0945262435	0.0137125789	0.0061651644	0.1040977449	0.0255668188	-0.0473131767	-0.0431507768	-0.0898927496	-0.0144833702	-0.0304569399	0.0403630153	-0.0039311618	0.0609971687	0.064257578	0.0545984353	-0.0622875506	-0.0508495555	-0.0254973589	-0.0575640453	-0.0039263569	0.017607865	0.0236018119	9.40954e-05	-0.0280301722	0.0166586136	0.0509441961	0.1169273869	-0.0460877206	0.083387575	0.0075215469	0.0604085649	-0.0411717013	0.0195052436	-0.045643807	-0.0289780873	0.0277997412	-0.0096019025	-0.0894621585	0.0283825523	0.0835038541	-0.0459123846	-0.0738655397	0.0	-0.0771756632666722	-0.0190968500264148	0.0059560830006507	0.0003646896809313	0.069446464795817	0.0121893482626517	0.0048228114726366	0.0001485802110682	-0.3618454389238934	-0.0998476567918942	0.130932121670025	0.0099695545668319	0.0047950737651883	0.0005160526581026	2.663103459347596e-07	2.2992732413597103e-05	0.0004229098760666	-9.405190711000142e-07	1.7885276327466698e-07	8.845761231028336e-13	-0.0002470152901474	-0.0001766085990519	3.11905972590882e-08	6.10165535666042e-08	0.0	0.0	0.0	0.0	0.0	0.0	0.0	0.0	0.0
796.0306442132487	-0.4262418929989735	633664.7865265597	0.1816821513473484	878.3709731762226	7.712385118924658	771535.5665185443	59.48088422261051	755.8491002168751	-1.4792468248140267	2.18817116872238	571307.8622986596	756.7413003031413	686.8049467268033	1.092839	38.897499	0.1155113736828035	0.0625438571344309	0.0931018315	0.0325142307	-0.057253151	0.0814375264	0.0091625266	0.0281627493	-0.0550537689	0.0219752858	-0.007331722	-0.0139258004	-0.0722561592	0.0817732919	-0.04217457	-0.0627875879	-0.0779290331	0.0493266616	0.1382569014	0.0766978986	-0.0306652045	0.0563229822	-0.0359711228	-0.0063560683	-0.0172815691	0.0321403934	-0.1051570981	-0.0321980128	-0.0122900532	0.0104151117	0.0007530627	-0.0120503821	0.0669828633	-0.071757414	-0.0725762331	0.0515131533	-0.1121909409	0.0122641677	-0.0238073678	-0.0045090456	0.0270775864	0.0612715729	-0.0112339543	0.0419158015	0.2157461894	0.0752797897	-0.0332849766	-0.0454000399	0.0060646324	0.0240732436	-0.0208471846	0.0015089465	-0.0846361529	-0.0835641897	0.0839045788	0.0507432339	0.0053382962	0.0322308255	0.0097922888	-0.0426060657	0.0435396783	0.0584210386	0.063913542	-0.097524848	-0.0314198172	-0.0315682223	0.1203515075	0.0064344326	0.0301950712	-0.1025179984	0.008064759	0.1525027564	0.0550260084	-0.0222464594	0.0644559006	-0.0433502074	-0.0292668213	-0.0519347171	0.019972702	0.0140083432	0.0226182645	0.0478801671	-0.0261728838	-0.0468223085	0.1035490897	-0.0402647349	-0.0987973517	-0.0377950382	0.0819675397	-0.028587432	-0.0530913619	-0.0458515134	0.0555541269	-0.0021914324	0.0709801067	-0.0112370748	0.0694897659	0.0301873264	-0.0467624875	-0.0119505012	-0.0779411808	0.0321417084	0.0611674709	-0.0688136571	-0.1118474007	-0.0194801113	0.0375614543	0.0823273729	-0.1059379791	-0.0291696837	-0.0060339326	-0.0419190787	0.0483089965	-0.0204827991	0.1479596392	0.0174340051	-0.0886486294	0.0244988152	0.1032006553	0.000816377	-0.0576067306	-0.0054495493	-0.0378072049	-0.0981644864	-0.017128715	-0.000577598	-0.0545147994	-0.0614723814	0.1068726652	-0.0148269002	0.0707620492	0.0637821476	0.0240580282	-0.023735948	-0.015528395	-0.0566557776	0.0030837657	0.0070886237	-0.0552916653	0.0603287234	0.0553598691	0.059043409	0.0404433153	-0.1285851877	-0.0114287517	0.0442431075	-0.1467689398	-0.0383887371	-0.0026687337	0.0275503924	-0.0036232149	0.0635334067	0.0662983261	0.010458422	-0.0672930267	0.0009487482	-0.1389909671	-0.1085721369	-0.0058484566	0.004380984	0.0303805626	-0.0859114347	-0.0317292526	-0.011004391	-0.0731400235	-0.0119197131	0.005530108	0.0062977403	-0.0976190558	-0.0387974522	-0.0045684918	0.0116370203	0.0318968258	-0.0169083262	-0.1366769253	0.0460718147	-0.0316158033	0.0634962281	-0.0942438169	0.0236475055	0.0158605075	-0.0332348133	-0.0297130933	-0.010796849	-0.0889292336	0.0317889315	0.081425336	-0.0510096905	-0.0693843053	0.0	-0.0652597594533119	0.0119159038133603	0.0042588362039041	0.0001419887636892	0.1070531881981793	0.0376067234023623	0.0114603851033947	0.0014142656450617	-0.3221917754489425	0.0396536634749509	0.1038075401669418	0.0015724130269846	0.004372051053558	-0.0004230227116303	1.789482145550521e-07	1.911483041491762e-05	0.0003390044116267	-8.390546443989995e-05	1.149239911023651e-07	7.0401269628753165e-09	-0.000227241806375	1.977348377239999e-05	3.9099066049736566e-10	5.1638838564572994e-08	0.0	0.0	0.0	0.0	0.0	0.0	0.0	0.0	0.0
793.9056739044025	-2.124970308846173	630286.2190576035	4.5154988134778	875.4540564903846	-2.916916685838032	766419.8050254695	8.50840295212033	754.8234965459126	-1.0256036709624825	1.0518628898917195	569758.5109377973	755.4305631256103	682.3524845462758	1.159095	41.255764	0.0829977773083485	0.0463494375813479	-0.1118704162	0.0370295131	-0.0855140122	-0.0070795287	0.0374780638	-0.0241405146	0.0708966714	0.1295039472	-0.0165315809	-0.0650220493	0.0054929767	0.011283843	0.0901960417	0.099335978	-0.0112150237	-0.0330125504	0.0181530084	0.0057785749	-0.094583542	-0.0301387934	0.0151116747	0.0535846345	0.0519452365	0.0443900008	0.1059169442	-0.0457230679	-0.0656699386	-0.1039106562	0.0003449195	-0.1335346015	0.0149665619	0.0430806971	-0.0558369537	0.0604120713	-0.0573367365	0.0495616293	0.0243406973	-0.098297722	-0.0375525894	0.1337054691	0.0705584772	-0.0883010673	-0.0469015783	0.0460515705	-0.0721065609	0.0596719462	-0.0238922523	-0.051745468	0.1409466883	0.0750196844	0.0178405657	-0.1550737353	-0.0086300739	-0.0185161205	-0.105746036	0.008693381	-0.0633745102	0.0487767022	-0.088658837	-0.0246282721	0.1054700466	0.0292783848	-0.1382623382	-0.0544919447	-0.0231504602	-0.0524824588	0.05550698	-0.06324006	-0.1215210792	0.0900395713	0.1493343155	-0.0065410604	-0.1134017791	-0.0446898494	-0.0189299134	0.1154275936	0.0151685641	0.0706275228	-0.0362979619	0.0047970904	-9.46269e-05	-0.0367567458	-0.0756401353	0.0285835191	0.0215104052	-0.0031508165	0.0176845282	-0.0298398612	0.004993348	-0.0870030212	-0.1124380669	0.012886049	0.0517509382	0.0853193221	-0.0028345209	-0.029135661	-0.1344629785	-0.0125695192	-0.015486051	-0.1324445688	-0.0892398308	0.0413372715	-0.092874479	0.0541003876	-0.0120338577	-0.032540838	-0.0834776631	-0.151211805	0.0425483988	0.0504631095	0.0273641352	0.0307349093	-0.1037765365	-0.007352335	-0.0637760994	-0.0991655229	-0.0082774002	0.1634611197	0.0442948171	0.0295295765	0.1146576553	0.0582560781	-0.0520261682	-0.0590284178	-0.1334376874	-0.0300611724	-0.0137132527	0.0038569156	0.1034112468	0.0676731272	-0.0445056763	0.0075310236	0.0836494928	0.0235249393	-0.0797101459	0.0385508665	0.1050770399	0.0920835145	0.0171949449	0.0196365766	-0.0268483087	-0.0279816752	0.019046098	0.0701028418	-0.0928817361	-0.0988751799	-0.0177770586	-0.0763594161	-0.0720392356	-0.0528924159	0.0248817537	0.0493553568	-0.0681857176	-0.056037256	0.0220626991	-0.0453649511	-0.1307826817	-0.0758484137	-0.0491045523	0.084169955	0.0186104502	0.0716725856	-0.0265227413	-0.0729041084	0.0077433379	0.0961247441	0.0305326074	-0.0956605406	0.0467758628	-0.0080483362	0.0716222558	-0.0154690827	-0.0838109649	0.1516352596	-0.0078469764	0.0734354064	0.0190644668	0.0543241927	-0.0253955874	0.0021890599	0.0091968211	-0.0119899299	-0.0883348501	0.0351458834	0.0791217655	-0.055886734	-0.0644717082	0.0	-0.0716785593616293	-0.0064187999083173	0.0051378158721586	4.120099226301542e-05	0.0687793630368815	-0.0382738251612978	0.0047306007797591	0.0014648856924775	-0.2978657823543642	0.0243259930945783	0.0887240242975774	0.0005917539400374	0.0042690258196833	-0.0001030252338747	1.0614198814936737e-08	1.822458144912267e-05	0.0002386789329269	-0.0001003254786998	5.6967633023123625e-08	1.0065201676344028e-08	-0.0001510093360664	7.623247030859998e-05	5.811389529351577e-09	2.2803819579214942e-08	0.0	0.0	0.0	0.0	0.0	0.0	0.0	0.0	0.0
794.0061038871241	0.1004299827216073	630445.6930100105	0.0100861814294623	876.5558512467604	1.1017947563758526	768350.1603549328	1.2139516851773242	755.5780135887749	0.7545170428622896	0.5692959679696542	570898.1346187588	756.0936979548136	689.9092891227066	1.101541	39.207211	0.1106053968954031	0.0607215969508265	-0.0429795706	-0.0875988171	0.0368458554	-0.0354179511	0.0024644762	0.1121605402	-0.0620457962	0.0515953004	-0.0124295988	0.0583263235	0.1144951496	0.1332446625	0.0836640291	0.1167179046	-0.0924517412	-0.0437105647	-0.0210923505	0.0531655717	0.1002907472	-0.0521230722	-0.0148649229	0.0254993679	0.0009198375	0.0266287478	0.0042733199	0.0240813029	0.0654337174	-0.1030610076	0.0781844566	0.0692566284	0.0406200809	-0.0949676944	-0.0183783135	0.0116782835	-0.0393793691	0.1493010391	-0.0008540907	-0.0061149639	-0.0070277945	-0.0109861926	-0.0025271763	-0.0770807786	0.0252078588	0.0418826505	0.0089831693	-0.0692028322	0.0110718969	-0.0085419205	0.0499692654	0.0627060222	-0.0071206077	0.1133305858	0.0097178341	-0.1277287265	0.0834273581	0.018573428	-0.0682344778	0.0749221029	-0.1050232165	-0.033430569	-0.0753779491	-0.108425698	0.0141835121	0.149143301	0.059999327	0.0128790562	0.1487903557	-0.0173889804	0.01679072	0.0050995798	0.0436955953	-0.1036013154	-0.029374015	0.0254579083	-0.0378575747	0.0007778359	0.0939555836	0.0145048434	-0.0571470215	-0.026701453	0.0394665424	-0.0649732859	-0.0392974065	0.0041992835	-0.0895043557	0.0664640787	0.014440798	0.0395119286	-0.0048014758	-0.0151546391	0.0349056637	-0.0310318002	0.0098194187	0.0782622266	-0.1002025438	-0.0121739434	-0.1036622509	-0.0627974664	0.0156777912	-0.0206259737	0.0731479487	0.0129114192	-0.0666113588	0.0361055586	0.1213523264	-0.0910370064	-0.0181540778	0.0390258289	0.0096413673	0.0316738348	0.0504280172	-0.031113301	-0.0006224872	0.0680798052	-0.0328944939	0.0171702208	0.0342550736	-0.0562205377	0.0285400898	0.0506128809	0.0736937673	-0.0748161155	-0.0130743337	0.1654420264	0.0864693355	0.08116905	0.0010339062	0.0004323611	0.1195303715	-0.136948016	0.0215169583	0.0146678168	0.0288089878	0.0213963504	0.0889022759	-0.0198130473	0.0529126731	0.0004059419	-0.0135007767	0.0240456898	0.082947767	0.0722292283	-0.0183742818	0.0524843129	-0.1083486937	-0.0008218941	-0.0575256854	0.1141675207	-0.0472878948	-0.1055313902	-0.0792786572	0.0073770406	0.0409223471	0.0166533894	0.0818090988	0.0566164434	-0.072394881	0.0490774091	0.0885842272	0.012869922	0.0325258376	0.0776405822	0.0612795169	-0.0930623958	0.0625311587	0.0643014584	-0.0419516498	0.0283860209	-0.012791081	-0.0074871827	-0.0159761072	-0.0115869471	-0.061527703	0.01357467	0.0097202637	0.0997709523	0.0494230898	0.0352185766	0.0196316012	-0.0489405686	-0.1134013919	-0.0131809392	-0.0876794186	0.0384481886	0.0765995097	-0.0605224558	-0.0591582902	0.0	-0.0815359488444329	-0.0098573894828035	0.0066481109539619	9.716812741568696e-05	0.082061478130555	0.0132821150936735	0.0067340861929715	0.0001764145813615	-0.3391858344978402	-0.041320052143476	0.1150470303239962	0.0017073467091395	0.0050190548179891	0.0007500289983058	5.625434982996028e-07	2.51909112659796e-05	0.0003955833410516	0.0001569044081247	1.564861797175465e-07	2.4618993288962436e-08	-0.0001669927331449	-1.5983397078499976e-05	2.5546898216900157e-10	2.788657292320378e-08	0.0	0.0	0.0	0.0	0.0	0.0	0.0	0.0	0.0
794.5266813824305	0.5205774953063838	631272.6474285782	0.271000928619468	874.6640848013071	-1.8917664454533	765037.2612413082	3.5787802841430123	755.7811985716008	0.2031849828259737	0.0412841372459912	571205.2201143255	756.5702285130818	701.4193511203404	1.049253	37.346134	0.1361540553089591	0.0832645601226746	0.0538644244	0.000312052	0.077540834	0.0510446421	-0.0761099492	0.0183624495	-0.0667558959	-0.0234845594	-0.007353787	0.150519439	-0.0502918617	0.0272030234	0.1059826623	0.0364314812	0.0606299471	-0.0805411692	0.1106588334	-0.0282728729	0.0052617502	0.0016996562	0.0110369861	0.0371312256	-0.0077370971	0.0198218635	-0.0923174118	0.023541835	0.1142227991	-0.0511220443	0.000960394	-0.0512998005	-0.0115691044	-0.1780185592	-0.0090416899	0.0342326884	0.0389130073	0.0191915919	-0.1039286645	-0.0203145983	0.0225795495	0.0424237945	0.1047863373	-0.0636916166	-0.0752401607	0.0415152044	-0.0083044598	0.0031739097	0.03335727	0.0015282105	0.0190390445	0.1130559449	0.0561487263	-0.0176730239	0.0051194324	0.0519033789	-0.137446761	0.0068369197	0.034063097	-0.019953384	-0.0589159708	-0.0380028838	-0.1187562549	0.0377083112	-0.0160944227	-0.0229826155	-0.1277182915	0.0802903474	0.0970605558	-0.0046202178	0.0854073907	0.0373021849	-0.050806021	-0.0207154484	0.120696669	-0.0824967816	0.0328435758	0.0521721401	-0.0613029241	0.0315765413	0.0279527863	0.030919382	0.0886978332	-0.1007531384	0.0369586541	-0.060604622	0.031865655	-0.0939231753	0.0158482815	-0.0279503238	-0.0591384808	-0.0619263572	0.0633449462	-0.0285441043	0.0700094436	-0.0017397672	-0.1324155938	-0.0799101571	-0.0091471617	-0.0220201051	-0.0925210621	-0.0636026704	0.0647351182	-0.0559277811	-0.0080946756	-0.0953674285	0.0327492367	-0.0666871931	-0.0615857408	-0.0115848336	-0.1280316739	0.0797554399	-0.0342402404	0.0092676351	0.012957063	-0.0157683958	0.0431417354	-0.0044488299	-0.0655923569	0.0313023299	0.0930162328	0.0621304153	0.0299824493	0.0082654723	-0.1644687411	0.0038072765	0.0606883052	-0.0520235651	-0.1164084169	0.0339936511	0.0639665398	0.0667713981	0.00390246	0.0295218185	-0.1350767086	0.0515505719	-0.0840009637	-0.0163411522	0.0768585002	0.0148525064	0.0108140578	-0.070192021	0.0035938881	0.0310471809	0.0264821454	-0.0185695978	-0.1102404453	0.0077364865	-0.0176475748	-0.0123316746	-0.0767560468	0.0818057128	0.1406957268	0.0256378695	-0.0043597366	0.0269639183	0.1380529761	0.0656290988	0.0834662352	-0.0494898216	-0.0044617376	-0.0989632001	0.0297528394	-0.0166833901	0.102484794	-0.0345112334	-0.0294196044	0.0290662585	-0.1244434762	-0.0890090143	-0.0445979981	-0.0804532162	-0.0446968323	0.0926650913	-0.0364549264	0.0555161458	0.0227822967	0.0693934403	0.0461925974	-0.0639339554	0.1097990023	-0.0070682576	0.0296850592	-0.0143696711	-0.0869633921	0.0416907124	0.0738655397	-0.0648968387	-0.0534770846	0.0	-0.07450180255762	0.0070341462868128	0.0055505185843345	4.947921398428368e-05	0.090543932263273	0.0084824541327179	0.0081982036696961	7.19520281136645e-05	-0.277179242320102	0.0620065921777381	0.0768283323731458	0.0038448174734963	0.0040990231635607	-0.0009200316544284	8.464582451502594e-07	1.680199089540717e-05	0.0001521775642823	-0.0002434057767693	2.3158011070893552e-08	5.9246372164666315e-08	-0.0001578129101088	9.179823036099996e-06	8.426915097411212e-11	2.490491459700819e-08	0.0	0.0	0.0	0.0	0.0	0.0	0.0	0.0	0.0
794.6458523568592	0.1191709744286981	631462.0306679594	0.0142017211462854	875.8091053889348	1.1450205876276414	767041.5890821662	1.3110721460911492	755.7666594067193	-0.014539164881512	0.0002113873154517	571183.2434707921	756.1972216288249	675.4449641600273	1.088213	38.73283	0.1230195941705696	0.0675101211727163	-0.0256579298	-0.090072001	0.0334019173	0.0560063053	0.0400091396	-0.1161400212	0.1287454013	-0.0785646374	-0.0294538516	0.0929487027	-0.0115990691	-0.0598606226	0.0653086781	-0.0014559139	-0.1942199174	0.0121500349	0.0406947678	-0.0050908746	0.0064002667	-0.048479411	0.0226373493	0.0056069983	-0.045429548	0.0678151641	0.053421216	-0.0414709957	0.041549368	-0.0732395504	0.0385218326	0.0224655883	-0.1052341035	0.0536232737	-0.0475495989	-0.0327259552	0.0605784807	-0.0357693608	-0.0484725244	-0.0388918776	0.0055668189	-0.0563309977	-0.0371917425	-0.0062838777	-0.1012696453	-0.0537680998	-0.0657848427	0.0036156995	-0.0350796898	0.0315788736	-0.0689899341	0.0627036508	-0.1304181034	0.0036109093	-0.0455879488	0.0528643736	0.0381635968	-0.1983253218	-0.0201622292	-0.0468626407	-0.0205693257	-0.1287910529	0.0062202738	-0.0345443944	0.0250593645	0.0970397755	-0.0640399144	-0.0232620849	-0.0171472297	0.0567450632	0.0826618984	-0.0164576561	-0.00974024	-0.1463906363	0.0285957515	-0.0747447991	0.0074524857	0.0491939101	-0.0368399333	0.0437045109	0.0013494969	0.042133329	-0.0775218877	0.0966948283	-0.065995388	-0.0763779281	0.0013173213	-0.0134379117	0.0175324132	-0.1087262053	0.0282648554	-0.0093119929	-0.0900840198	-0.0322316204	-0.030239884	-0.1069221334	-0.1280002057	0.11910899	0.0176470079	-0.0021778867	0.0932741561	-0.0247735515	0.0135826659	-0.0208800023	0.0882901533	-0.0011475667	-0.006241912	-0.0179359275	-0.0426416456	0.0151873231	-0.006925798	-0.0376250745	-0.0254772869	0.03394181	0.0530085092	0.0380772615	0.0482285446	0.1185232428	-0.0375099614	0.1073725405	-0.0296396468	0.1501260722	0.0444081012	0.0627678442	0.0532042194	0.0421182909	0.0132029098	0.037114662	-0.0425070617	-0.0813648557	0.0104627583	0.0284434586	-0.0267407896	0.1381612503	0.0053857736	0.0345291797	0.0379763476	0.0199486975	-0.0251404168	-0.0331177306	-0.0069442119	-0.1148640197	0.0742514612	-0.0544629302	0.0315711178	-0.0711778583	-0.0810766845	-0.00295529	0.0765436121	-0.0288545376	-0.0300585061	-0.0614984871	0.0090300964	-0.0617997903	-0.1385614568	0.0690090989	0.0406789338	0.1334310528	0.1035846295	-0.0379277597	0.0058050438	0.1141290601	-0.0149924733	-0.0357527246	0.1031230395	-0.0980122261	-0.0481294674	-0.0226365892	-0.1195120758	-0.0705257722	0.0552681528	0.0387417483	-0.0081780982	-0.0780344223	0.0962304766	-0.0018201914	0.0108209435	0.0918430166	-0.1710304319	0.0774679035	0.0717021384	0.0982833622	0.0214753812	-0.0155559202	-0.0861872655	0.0448684131	0.070927412	-0.0689909938	-0.0474634117	0.0	-0.0676575760057573	0.0068442265518627	0.0045775475909748	4.684343709322243e-05	0.0536140343449602	-0.0369298979183128	0.0028744646787425	0.001363817360257	-0.3286329238722061	-0.0514536815521041	0.1079995986527952	0.0026474813452653	0.0043040683580125	0.0002050451944518	4.2043531767776566e-08	1.8525004430444414e-05	0.0003949301292045	0.0002427525649222	1.559698069534831e-07	5.8928807776306926e-08	-0.0002658509137006	-0.0001080380035917	1.1672210220101784e-08	7.067670831544386e-08	0.0	0.0	0.0	0.0	0.0	0.0	0.0	0.0	0.0
797.2816636102709	2.635811253411702	635658.0511291613	6.947500963611771	873.5686922513522	-2.24041313758255	763122.2600817378	5.019451027052487	757.867144456297	2.100485049577628	4.412037443499131	574362.6086463417	758.3209621302286	698.3595445680222	1.202222	42.790779	0.6068004093546012	0.4233667223926817	0.085680789	-0.0076261363	0.0906271965	-0.0963367908	0.1011042655	0.0086194444	-0.087487381	-0.0996451423	0.1292218875	0.0320633409	-0.0406044373	-0.0567870298	0.100834798	0.0498428614	-0.0678018689	0.0121447818	0.029795144	-0.1169555904	0.0945937576	0.0707475899	0.0647002555	0.0359007051	-0.1213803584	-0.1436242605	0.0090292995	0.027982316	0.0061442261	-0.0565297477	-0.015230274	0.0095362532	0.0180587077	0.0559791553	0.0609474324	-0.031492149	-0.0081025268	-0.1203049541	0.0098836649	0.1357042018	0.0042719617	0.095312434	0.1124977716	0.0184571674	0.0836978183	-0.0400970874	0.0090755562	0.0887120887	0.0258789786	-0.0255457656	-0.1417951362	-0.0569917514	-0.0358542433	-0.0357184043	0.0089749652	-0.0438351279	0.061898592	0.0502787095	-0.0644094009	0.0483816818	-0.0066555761	0.0015536352	-0.0064957116	-0.068409687	-0.0493085239	-0.0091348015	-0.0629659751	0.0386030461	0.0107842762	-0.0636100579	-0.0313655991	0.056537246	-0.115344768	0.0248064498	0.0747022659	-0.0419186149	-0.0746051897	-0.058083329	0.0890217618	0.0805223291	-0.0573369182	-0.0836560931	-0.0264444827	-0.0509874291	0.0234133839	0.0293256085	0.024572277	0.0420329401	-0.0677391932	0.0136214899	0.0101864143	-0.1134223075	0.1016939303	0.109503617	-0.0836322689	-0.017237931	-0.0483917568	0.0192455292	0.0178760079	0.0496108407	-0.0700472283	-0.0211266912	-0.0185202956	0.1223360053	0.1472851509	0.0340825171	-0.0747748283	0.0304627615	-0.0279913199	-0.0347297403	0.0575886668	-0.0674837487	-0.0105247655	-0.1056424631	0.0126420903	-0.0734392699	-0.0499821658	0.027745131	0.0158263573	0.0963198735	7.29764e-05	-0.1199737369	0.1328543826	-0.0712346514	0.0398041067	0.0052374178	0.0607993987	0.0059006827	-0.0076210095	0.0024360146	-0.0661702512	-0.0430801831	-0.1277660488	-0.0186769321	-0.0057136833	0.0970832968	0.0286861389	-0.0266323489	0.0836961206	-0.0163742201	-0.0233218599	-0.0924654681	0.0049111522	0.0012560425	-0.0309452657	0.0653886997	-0.0578020209	0.0364363603	-0.0684380559	0.0705644494	-0.0270453643	-0.0093252109	0.044874822	-0.0124160408	-0.021687079	-0.0739129474	0.0621959331	-0.077507842	0.0424916677	0.2057397835	-0.0721558716	0.0381605988	0.1553184979	-0.1411797868	0.0461398426	-0.0963304469	0.0894112689	-0.15686724	-0.1214763232	0.0198968997	0.0073638009	0.1121430448	-0.0242443762	-0.117758364	-0.0965261983	0.0198971763	-0.0448574739	-0.1692662123	-0.0846344723	-0.0025828121	0.0500058223	0.013330334	0.1310732211	-0.0167394815	-0.0853515751	0.04797635	0.0677932473	-0.0727872424	-0.0411546584	0.0	-0.0637431449440839	0.0039144310616733	0.0040631885273624	1.532277053659353e-05	0.0794780105414929	0.0258639761965326	0.0063167541596336	0.0006689452646948	-0.6244871927083864	-0.2958542688361802	0.3899842538568013	0.0875297483885908	0.0097461964535658	0.0054421280955533	2.9616758208410586e-05	9.498834531149856e-05	0.0004836651488238	8.87350196193e-05	2.339319761867486e-07	7.873903706837555e-09	-0.0001733593636689	9.249155003169996e-05	8.554686827266461e-09	3.0053468971685924e-08	0.0	0.0	0.0	1.0	0.0	0.0	0.0	0.0	0.0
797.4053227450606	0.1236591347897047	635855.2487421543	0.0152915816169383	871.9876384735107	-1.5810537778414755	760362.4416506101	2.499731048426802	759.0646106350806	1.197466178783657	1.4339252493307324	576179.0831185866	759.0308577092488	700.5994622991456	1.141818	40.640812	0.4259723500968312	0.2771110518477166	0.0211780548	0.103823038	0.0731770951	-0.0938323693	-0.0309821145	0.0155674017	-0.0054008578	-0.0070756054	0.0662792827	-0.0322803801	-0.0808412093	-0.0302533296	-0.0080798444	0.0920566304	-0.0436969604	-0.002479061	-0.0582314965	-0.0362596577	-0.0344613653	0.0538555702	-0.2028079423	-0.1174191195	-0.0462505305	-0.1106190985	-0.0397664709	-0.0103808096	0.0119491736	-0.0309308813	-0.1474424744	0.0505402695	-0.0381111937	-0.0092376251	-0.053710141	0.1107141162	0.0133312668	-0.0359964864	0.0354713551	-0.002349514	-0.0532394721	0.07728341	-0.0721595823	-0.0282221121	0.0523779906	0.023175822	0.0510475474	-0.007415099	-0.0871193635	-0.0872237566	0.0097686241	-0.0974980263	0.022114721	0.0957471104	0.006246697	-0.005953381	0.0653349943	-0.1344816501	0.0253018452	-0.1052275128	0.0722088116	0.0272245783	-0.0856205282	-0.0258118286	0.0084058653	-0.0643459369	0.0636844135	0.07561927	-0.029626931	0.030219336	-0.013601353	-0.0654902447	-0.0123608903	-0.0359836763	-0.0178084474	0.0130182944	0.0356360088	-0.0529135265	-0.0935536633	0.0926706082	-0.0005394686	0.0163072412	-0.0534183001	0.014262284	-0.0112277602	0.1226856569	0.100911253	-0.1096760018	-0.0209099831	0.0874317322	-0.0054910972	0.0757476962	0.05006623	0.0818114533	0.0052207762	-0.0795449056	-0.0294778104	-0.0045469409	0.0390223858	0.1250378915	0.0259524809	-0.0019168138	-0.0245049022	0.0349031188	-0.0110771239	-0.058180569	0.0003313335	-0.0580613621	-0.1589481331	0.0384323437	-0.0680143047	-0.0478050068	-0.0043665297	-0.040042697	0.0545606747	0.1007709991	-0.0555514638	-0.0328305593	-0.0423511898	-0.0333465557	-0.0208736092	0.0336347243	-0.0434133003	0.0890454899	0.0464740695	-0.0238709766	0.0357060637	0.0311974182	0.0042241691	-0.1226697396	-0.0869947413	0.0040534167	-0.012226667	-0.0495388793	0.0478169703	-0.0842839449	0.0885192798	-0.1444082284	0.0404601366	0.098046313	-0.0059395225	-0.1116763799	0.0997174916	0.006054186	-0.0989530639	0.0881338916	0.2078944386	0.0245699985	-0.0352266358	0.0377400222	0.0978473166	0.0061397834	0.0071146063	-0.0274710747	0.0644042481	-0.0641454871	-0.0138488452	-0.0414410831	-0.0350810574	0.0475381911	-0.1099297589	-0.0996732448	0.0695183133	0.0480498047	0.0470994897	-0.0263357746	-0.0552713439	0.0933651119	0.054735552	0.0531542159	-0.1086926699	0.0392211379	-0.0659837692	0.1003878009	-0.1000341704	-0.0085319246	-0.111782758	-0.0021313715	0.0124445997	0.0333020454	0.0008936821	0.1325708772	0.094849668	-0.0179201505	-0.0844568986	0.0510096905	0.0644717082	-0.0762691921	-0.0345900464	0.0	-0.0440533820506772	0.0196897628934066	0.0019407004701029	0.0003876867627985	0.1253637996285448	0.0458857890870519	0.0157160822573059	0.0021055056401414	-0.4142880187754088	0.2101991739329776	0.1716345625008534	0.0441836927221061	0.0068070918332162	-0.0029391046203495	8.638335969360364e-06	4.633649922583869e-05	0.0005329692713949	4.930412257110004e-05	2.840562442512106e-07	2.430896502506056e-09	-0.0001578156229217	1.5543740747200012e-05	2.41607876416166e-10	2.49057708381642e-08	0.0	0.0	0.0	0.0	0.0	0.0	0.0	0.0	0.0
796.9980746231588	-0.40724812190183	635205.9309530222	0.1658510327925678	879.1236708714412	7.136032397930421	772858.4286864781	50.9229583843126	757.2289016944283	-1.8357089406523528	3.3698273147909834	573395.6095613501	757.5947248204549	670.151955749834	1.063903	37.867588	0.1988731804333675	0.1016139235093497	-0.0778527613	0.0096023963	0.0656761541	-0.0220699547	0.0535702979	-0.077956107	0.1445087987	0.0072246401	0.0152620692	-0.0486789768	0.0140924328	-0.022115741	-0.1556881909	0.0452308432	0.0607517751	-0.0548973703	-0.0466600214	0.0320423578	-0.0332909345	0.0254830917	-0.1243375835	-0.042242904	-0.0082424534	-0.0392254126	0.0177467724	-0.0636441789	-0.0202233084	-0.0450496526	-0.125835399	0.001120558	0.0795983439	0.0526603928	-0.0314552965	-0.0878087599	-0.1092137023	-0.0185730571	-0.0674967575	-0.2224195818	0.0390809288	-0.0609307894	0.0140073399	-0.052129871	-0.0515333334	-0.0003906341	0.0120942529	0.073007771	0.0118958044	-0.0240329527	0.0234287693	-0.1217129349	0.0998040197	0.0569961548	0.1151936734	0.1288763218	-0.0209400609	-0.0449659621	0.0195194168	-0.0339465054	-0.1120161078	-0.0556671562	0.0199096269	0.0295174776	-0.0621902263	0.1012805925	-0.0623729263	0.1040455939	-0.1168453749	0.0759920027	0.0615644121	0.0618877932	-0.1323620587	0.0818287084	-0.0542933439	-0.0074734386	0.0142600088	0.0071324493	0.0967963405	-0.0302441091	0.0024200624	-0.0299700244	0.0787815417	0.0344456132	-0.0501544093	0.0369978894	-0.0984864146	-0.0304976702	0.0188184317	0.0773287547	-0.0099259466	-0.0613949832	-0.0906174437	0.0151468898	0.0044690668	-0.0240912508	0.0216059018	-0.0632227787	0.0287755979	0.153697089	0.1662494402	0.0280184472	0.1026032408	-0.0541170032	-0.1657377453	0.0253347066	-0.1134057054	-0.0385020212	-0.0473812291	0.0508581348	-0.0122143902	-0.0284163471	-0.0773215263	-0.0713905032	-0.0108012919	-0.0046587777	0.0744536984	0.0020240033	-0.1330883786	0.086224864	-0.0051806859	-0.0540315645	-0.1062665824	0.1243969751	-0.0920935782	-0.0222395075	-0.0330725122	-0.0171976221	-0.0026709243	-0.0100183875	-0.0059590666	-0.0248876738	-0.0780136345	-0.0523067406	0.0052943307	0.0192974367	-0.0315069069	-0.1023592773	-0.0837327103	-0.0633772571	-0.119714162	0.0573205965	-0.1535088803	-0.0973249745	0.0419319378	0.0208644938	-0.0961911291	0.1426694519	0.0793059923	0.0485287971	0.0094839683	0.0743660639	0.0571195969	0.0083919236	-0.0673170587	-0.0635065421	-0.0891889552	0.0842973247	-0.0852200723	-0.0342537103	-0.0699232414	0.0878538916	0.0165133839	0.0672193823	0.0283890521	-0.0468659758	0.0370554985	0.1012430493	0.0457493532	-0.0131912994	0.035685572	0.0772639243	0.0499006897	-0.095773851	0.0035217532	-0.0644627959	-0.1529825397	0.0341320246	-0.0990018465	-0.0213738492	0.0506559626	0.0129228177	-0.0350905054	-0.0190977232	-0.0835038541	0.0539637182	0.0609719752	-0.0794218076	-0.0278103878	0.0	-0.0500897381413096	-0.0060363560906323	0.0025089818670649	3.6437594852914834e-05	0.0785418302803009	-0.0468219693482439	0.0061688191037795	0.0021922968136478	-0.3545424965500245	0.0597455222253842	0.1257003818599241	0.0035695274259838	0.0055250509623168	-0.0012820408708994	1.6436287946564928e-06	3.05261881361978e-05	0.0008628832056334	0.0003299139342384	7.445674265641725e-07	1.088432040047253e-07	-4.4383772677460045e-05	0.0001134318502442	1.2866784649831676e-08	1.9699192770844488e-09	0.0	0.0	0.0	0.0	0.0	0.0	0.0	0.0	0.0
797.1441949913292	0.1461203681703864	635438.8676083742	0.0213511619942492	883.9211155524621	4.79744468102092	781316.538519509	23.01547546745592	756.7618762261345	-0.4670254682937411	0.2181127880349882	572688.5373092993	757.2063054148356	691.3581636121011	1.030053	36.662739	0.1101774420603719	0.060570172720726	-0.0521698853	-0.0100806805	0.0643844479	-0.0185249739	-0.0251699013	0.1011123733	-0.024960454	0.0024894573	0.0360325765	0.0286033653	0.1004939633	0.0567312239	0.0234853796	-0.0831287509	0.0663090587	-0.0009721337	-0.1436943727	0.0711886328	0.1013019718	-0.0616440405	-0.0190635998	-0.0925993866	0.0074192218	-0.0269090522	0.0542916433	0.07143226	-0.0455050016	-0.0674622818	-0.0010121573	0.007058882	0.0764930185	0.1304374286	0.004397008	0.1493432437	0.0098007375	0.023082654	-0.0623653824	-0.0754898404	-0.0348986601	-0.0465841062	0.0921923331	-0.0016002715	0.0462207906	-0.1130494557	-0.0038510737	0.0231390216	0.1074248811	0.0720834938	0.0203021607	-0.1079171746	0.0100564691	-0.0281241745	-0.032809845	0.0251664864	0.0197782677	0.0777707583	0.0735936512	0.0390935451	0.0738992113	0.0150427896	-0.0677984357	-0.0126158414	-0.0392607543	0.0453691054	-0.1203976011	0.0987007606	-0.0316918938	-0.0297586605	-0.0265545668	-0.0655672938	-0.0334623334	0.0042441497	0.0681407239	0.185706569	0.0540234273	-0.0588898375	-0.0084519168	0.0948118626	-0.0628685746	0.0942979403	0.0351571931	0.0424519167	0.032428891	-0.0520393776	0.0070464075	-0.0798141547	-0.0684884495	-0.005808793	-0.0430423302	0.0080531848	0.0001196873	0.0033799552	-0.081500373	0.0645096869	-0.018828964	-0.0173830476	0.0063084721	0.0146460139	0.0687002705	-0.1048930719	0.0945750516	0.0321539242	-0.0034728137	-0.0113129841	0.0822202399	0.0683318492	-0.0817171058	0.0772821158	0.0437739449	-0.0517135568	-0.0808964872	0.0020375984	-0.1438593816	-0.0353619558	-0.0405971918	0.0435802613	-0.0419622589	-0.0517424662	-0.0994691944	-0.0832516516	-0.0157821426	0.0286055667	-0.0331633372	-0.0785227179	0.1454408047	0.121485713	-0.0694043968	0.0704346203	-0.05048552	-0.0098166354	-0.0578736992	-0.1244687184	0.0401513369	0.0145389696	0.0593891553	0.1161060101	-0.0165301018	-0.0610894015	-0.0004655122	-0.051626893	-0.0442160199	0.0040890632	-0.0074099698	0.0124754687	-0.0145565188	0.0648373859	0.0073704281	-0.0512437656	-0.02989525	0.0237486011	0.0896817425	0.1104537624	0.1029115487	0.0468800399	-0.0325588335	0.0895331692	0.0017252947	0.0744509144	0.0328128778	0.0211570313	0.0381854912	0.084885196	0.0172942869	-0.0376096392	0.0393832799	0.0381109973	-0.0016672037	0.1093442362	0.0136684426	0.0206384354	-0.0768329303	0.003637514	-0.0466098433	-0.0313068967	-0.0017912079	0.0015407269	-0.0487747149	-0.006717277	0.0078101332	-0.0055587208	-0.0525014428	-0.0202719962	-0.0824931004	0.0568338402	0.057303721	-0.0822314759	-0.0208578319	0.0	-0.0461380392436723	0.0039516988976372	0.0021287186652506	1.5615924177587806e-05	0.1044523727376969	0.025910542457396	0.0109102981705347	0.0006713562104365	-0.3888407626967307	-0.0342982661467061	0.1511971387345752	0.0011763710606702	0.006343023968858	0.0008179730065411	6.690798394300492e-07	4.023395306950709e-05	0.0008581791970532	-4.704008580200042e-06	7.36471534254875e-07	2.212769672259561e-11	5.327790337378941e-05	9.766167605124946e-05	9.537802969139193e-09	2.8385349879068404e-09	0.0	0.0	0.0	0.0	0.0	0.0	0.0	0.0	0.0
796.0680099492231	-1.07618504210609	633724.2764645164	1.1581742448528864	872.0958527198204	-11.82526283264167	760551.1763311106	139.83684106105648	756.1585164818006	-0.6033597443339431	0.3640429810827212	571775.7020479575	756.2157649612427	690.4545293724555	1.026352	36.531021	0.1536432956400927	0.0960329389050211	0.0373877303	-0.0025064822	0.0843572421	-0.0022011547	0.0009682603	0.0437369129	-0.0619880243	0.0134777103	-0.0175445166	0.0287555642	0.0454700964	-0.0852709186	-0.0438890232	0.0841092122	0.0956375475	-0.0687840555	0.103150011	0.0234259376	0.0695485409	0.0056654037	-0.0362563358	-0.1060474441	0.0364376893	-0.0203461687	-0.0398064689	0.03837337	0.0709745775	-0.0936373447	-0.0049766252	-0.0234700604	0.0247546721	-0.0377425101	0.0402456178	-0.081637875	0.0221033717	-0.0828833853	0.0260098983	-0.0155413782	-0.1541355021	-0.0834138157	0.0088832424	-0.0421562964	-0.1535846482	0.0582738894	0.076318798	0.0493396331	-0.045987583	0.0454317444	0.0632556476	-0.0630678111	0.0645856333	-0.0350771994	-0.0355601935	0.0185880619	-0.0344146082	-0.0356049303	-0.0648753136	0.0356785723	0.0145459473	0.1344052322	-0.0810789626	0.0937182927	0.0259820353	-0.1192705842	0.1154858303	0.0066600081	-0.0680047264	0.0009429155	-0.0082167498	0.0302840645	0.0419216708	-0.0577785636	0.057731519	-0.0075431311	0.0884916915	0.0039860471	-0.0280506324	-0.0458452938	0.039865025	0.0044689555	0.0311751975	-0.1278584248	-0.1502528526	-0.0428946162	-0.0926959498	0.0229586176	0.0143850219	0.0469944759	-0.0424640926	-0.031803051	0.0540139989	-0.0127248969	0.0345121132	0.0446513373	-0.0575368596	-0.0732396654	0.0078739725	0.0913253927	0.0303682396	-0.0274457416	0.0700092987	0.086338241	0.0802594598	-0.0032772334	-0.1296508184	-0.0997408631	-0.0147460047	0.0900856595	0.047571925	0.070242987	0.0153441041	0.0819676467	-0.0435323971	-0.0423254012	0.0698404873	-0.0015181335	-0.0335867011	-0.034133646	0.1459017729	8.99507e-05	0.0075668757	0.1246855135	0.0181499644	-0.0297613363	-0.0088823653	-0.0500128398	0.0189711568	-0.0248613226	0.0015500287	0.0681191763	0.0934486691	0.0091185796	0.0127635954	-0.0682668587	0.0024042782	-0.0432500351	-0.0472533437	-0.0110215506	0.0123738733	0.1013128552	-0.0012121755	-0.0144176766	-0.1210523173	-0.0424159199	-0.0291209953	0.0439727317	-0.0191141205	0.0166213443	-0.13264987	-0.0757865724	0.0568939897	-0.1123165613	0.1042237417	0.0083868299	-0.0247157592	0.0168334205	-0.0037546414	-0.0110189151	0.0041197766	-0.0756761846	0.026475473	0.0465457138	0.0665789877	-0.0441005213	0.0339874995	0.039838463	-0.0083386185	0.0381820856	-0.0118199045	0.0660481446	-0.1076759116	-0.0054678696	-0.047604832	-0.0265025803	-0.0769351483	-0.0035901082	0.0844260089	-0.037623056	-0.0163426808	0.0706466829	0.0364604603	-0.0214427666	-0.081425336	0.0596155937	0.0534770846	-0.0846860645	-0.0137756027	0.0	-0.0371100068593364	0.0090280323843359	0.0013771526090999	8.150536873261779e-05	0.1115774014630517	0.0071250287253547	0.012449516517247	5.0766034337130986e-05	-0.3158161787300741	0.0730245839666565	0.0997398587476661	0.0053325898635032	0.0052989880686854	-0.0010440359001725	1.0900109608492095e-06	2.807927455207023e-05	0.0006798239731813	-0.0001783552238719	4.6216063451200884e-07	3.1810585882395576e-08	0.0001201997906042	6.692188723041059e-05	4.478538990479792e-09	1.4447989661293529e-08	0.0	0.0	0.0	0.0	0.0	0.0	0.0	0.0	0.0
796.3984403370471	0.3304303878239807	634250.4757712812	0.1091842411975063	875.939489863469	3.843637143648607	767269.9899022743	14.773546492035225	756.3816206171463	0.223104135345693	0.0497754552083493	572113.1560074206	756.7671739578248	683.5702582081699	1.022218	36.383873	0.0579156056463033	0.0312550405427499	-0.0701662384	0.0063188513	0.0848621198	0.0106865481	-0.0732003846	-0.0695950107	0.0916237101	-0.0036058465	0.0280316478	0.100122837	0.020893311	0.0131461244	0.0312995877	-0.0756993862	0.0184133006	-0.0186524089	0.0554445656	-0.0310280859	0.032390403	0.1247210556	-0.0940491582	0.0994084131	0.0272379771	0.0239007109	0.0631835732	-0.0272501895	0.0514390082	-0.0725359015	-0.0045213382	-0.0598278891	-0.1250436322	-0.0858819473	0.0189919223	-0.0663792774	-0.0483712758	0.0010153421	-0.0370144652	0.0570585836	-0.0855824901	0.0608229644	-0.0347517572	0.0344169424	0.0244471283	-0.0027854098	-0.0149413431	0.0312580176	0.0231515501	-0.03051047	0.0668128634	0.0766646129	-0.0281669618	-0.0091618987	-0.1512938668	0.0046041745	-0.0746855391	0.0046062933	0.0129087371	-0.0174227608	0.0628467745	-0.0544377443	-0.0335496018	0.0733622028	0.082915084	0.0310260188	-0.0579620563	-0.0502429665	-0.0124728563	-0.0360334597	0.032494327	0.0003525867	-0.0705947952	0.070891768	0.0706524635	-0.11371057	-0.0942583431	-0.0298185033	0.0016005143	-0.0664154524	-0.1105493104	0.066096407	-0.0720477023	-0.0691716139	0.0336687245	-0.0824763276	0.0083804263	-0.1102424816	0.000806845	0.0002754855	-0.0020931674	0.0386917452	-0.0734578957	0.019456852	-2.33196e-05	-0.0325263015	-0.1251408092	0.0296689615	0.0424437235	0.0072082796	-0.0205411259	-0.0600552702	-0.0228774014	-0.068051165	-0.0015300135	-0.0505547392	-0.0077476098	-0.0802320094	0.0566888356	0.0406142983	0.0787919313	-0.0128163358	0.2045993614	0.0090290868	0.0604022002	-0.056605497	0.0256479676	-0.0276856081	0.0369132931	-0.0143686416	0.0307262099	0.0266827348	0.0332254441	-0.1095037666	-0.0414679387	-0.0962584366	-0.0025827666	0.0043973276	-0.0698048304	0.0355356196	0.0525563086	0.0704534439	-0.0294516758	0.0462733026	0.0949114641	-0.0257740752	-0.0999836949	-0.0475016895	-0.1005712152	-0.0607925416	0.0693663417	-0.094935029	0.0270976066	-0.0477351254	0.0220671064	0.030418212	0.0725514391	-0.029373416	0.0076522248	0.1617656627	-0.055396638	0.127510795	0.0305071855	0.0462398753	-0.0251725087	0.0251378275	-0.0277331155	-0.0052633569	0.0002133526	-0.0461705191	-0.0450759635	0.0796862309	-0.0045320594	0.0454551819	0.0564318228	-0.0290044477	-0.0180226611	0.0167077373	-0.0044916664	0.0815471085	-0.0009166607	0.0430544792	-0.1479025246	-0.0539326841	-0.0008041453	0.0080307078	-0.0749043044	0.0212759737	0.0665084736	0.041698113	-0.0801105745	0.0788737219	0.1069363185	-0.0226098321	-0.0803012987	0.0623046536	0.0495026423	-0.0867749746	-0.0066077305	0.0	-0.0493390664732373	-0.0122290596139008	0.0024343434804505	0.0001495498990403	0.0884051996023771	-0.0231722018606746	0.0078154793167361	0.0005369509390718	-0.321236153294592	-0.0054199745645178	0.1031926661835066	2.9376124280020684e-05	0.0052989709289558	-1.71397296000117e-08	2.937703307615172e-16	2.8079092905918696e-05	0.001014307247535	0.0003344832743537	1.0288191924020276e-06	1.1187906082237257e-07	0.0001128128125433	-7.386978060900011e-06	5.4567444872218086e-11	1.2726730673929744e-08	0.0	0.0	0.0	0.0	0.0	0.0	0.0	0.0	0.0
796.0441278835993	-0.3543124534477329	633686.2535379602	0.1255373146681518	877.5047672565166	1.5652773930476087	770014.6165579134	2.4500933171859183	757.1249063765512	0.7432857594048983	0.5524737201341163	573238.1238557014	757.6778446833292	671.847465100871	0.9918610000000002	35.303364	0.1173685331763546	0.0745594422553989	0.012314026	-0.0589963498	0.0779639904	0.0552540521	0.0796198816	0.0282148716	-0.021888291	-0.0505584777	0.017362918	0.0316061426	0.0669863663	0.0436536915	0.0286280019	0.019110444	0.073877359	-0.0839865692	0.0234788932	0.0625693625	0.0539523998	0.0661891649	-0.0196843411	-0.048480985	-0.0572485749	-0.0121365998	0.0061502955	0.0712690014	-0.0359494879	-0.1149403322	-0.0951498234	-0.0441057575	0.0242067907	0.0615806141	0.0011461976	0.0592683174	-0.1044345161	0.046909441	-0.0211369906	0.0458509203	-0.0020152162	0.0397478455	0.0211656638	-0.0440782583	-0.0124205448	0.0426247714	-0.0653265279	-0.0807450535	0.0248980077	-0.160038394	-0.0236677202	-0.0295792043	-0.1111009516	-0.0066216128	-0.0660491469	-0.0207347585	-0.0099453168	0.07806609	-0.0644299176	0.1112812289	-0.1166289971	0.0486087107	0.0538161127	-0.0292069873	0.1384590721	0.0019071244	-0.001513943	-0.0422813367	-0.122706271	-0.0554984202	-0.0343315329	-0.0672502262	-0.0350692553	0.0147656494	-0.0744678212	-0.0007258818	0.0456373654	0.0775917012	-0.0411562357	-0.0849495238	-0.0173374948	-0.0265130432	-0.0733611789	0.0977839371	0.1124651479	0.0657080142	-0.0559055644	-0.1674813457	0.0215368237	0.0414320828	-0.0307368454	-0.0302658189	0.029390108	-0.0041255897	-0.0576503733	0.024825021	-0.0450471645	-0.0172123498	-0.0542507765	0.1192618675	0.018020638	-0.1284322013	-0.0455584516	0.0812324047	-0.106166343	0.0246418257	0.0277115348	-0.0372868787	-0.0346578577	-0.0076881242	0.0163388395	-0.0019762184	-0.0152302833	-0.0996119881	-0.0740358036	0.003528014	0.0185382993	-0.0045687507	0.0373292897	0.0082176605	0.0355883965	0.045341382	0.0555556936	-0.2125511775	0.018628892	-0.0770565895	0.032285972	0.0523740871	0.0467588906	-0.0313934434	-0.0143796857	-0.1482874784	0.0597347468	0.1343564289	0.025351445	-0.0724281432	-0.0196930495	-0.0469391001	-0.0028776305	-0.0143810335	0.0065627081	0.1763142516	-0.0548593152	-0.01247888	0.0624505475	0.0327719102	0.027386484	-0.0198129587	0.0732142616	-0.0212028146	-0.0237548183	0.0101464262	-0.0776586604	-0.0180795401	0.0941738942	-0.0511653236	0.0508370589	-0.0351543248	0.0212524022	0.0481938522	0.0393272299	-0.0084486641	0.0144317397	0.0560875987	0.0742347755	-0.0348643673	0.0322426773	-0.0067496611	-0.0511103625	0.0759643908	-0.0117774744	0.0611354531	-0.0864263688	-0.0186706445	-0.0665576386	-0.0454069543	-0.0570656337	0.0784643974	0.1183198176	0.0830717171	-0.0563024415	0.0181097333	0.0188843407	-0.0237729909	-0.0791217655	0.0648968387	0.0453913792	-0.088489186	0.000601222	0.0	-0.0554544249136199	-0.0061153584403826	0.0030751932425003	3.73976088543587e-05	0.1116945653444787	0.0232893657421016	0.012475675927492	0.0005423945566693	-0.3893505304564826	-0.0681143771618906	0.1515938355667443	0.0046395683761522	0.0055880292791193	0.0002890583501634	8.355472979924445e-08	3.1226071224294565e-05	0.0010140230102262	-2.842373087999159e-07	1.0282426652682043e-06	8.079084771381873e-14	5.166763376002626e-06	-0.0001076460491672	1.1587671901328204e-08	2.669544378360205e-11	0.0	0.0	0.0	0.0	0.0	0.0	0.0	0.0	0.0
796.888495278692	0.8443673950926041	635031.2739075378	0.7129562978954698	878.0333817702074	0.5286145136907408	770942.6195028267	0.2794333040844983	758.611519649111	1.4866132725597936	2.2100190221509397	575491.4377443334	759.3643951543172	724.1988927458566	1.10034	39.164459	0.1650583140566572	0.1136545432994819	0.036633742	0.0198486239	0.0787763265	-0.0128545296	-0.1616370189	-0.007694264	-0.0102523113	-0.0203800482	-0.0075704741	0.059939018	-0.0859895175	0.0724744519	0.1505883925	0.0140731063	0.1234573587	-0.042747965	0.0331915058	-0.0654352438	-0.1220632568	0.0229857336	-0.0218583226	0.0335265618	-0.0501514162	0.0115997139	-0.0659204679	-0.0379005552	0.1069204762	0.0665152656	0.0078067791	0.0486640294	0.0120372483	0.0569539039	-0.0008935694	0.0556129168	-0.0487079673	0.0379925823	0.1096751827	0.0186568978	-0.0248117841	-0.0051099018	-0.02666377	-0.0379671895	-0.0510881113	-0.0262613424	0.0189274919	0.0543273716	0.0184691334	0.003882006	0.0857275171	0.0298215934	-0.0359433205	-0.0032598621	0.0113420851	0.0384078201	0.0434354503	0.0729737464	0.0717455453	0.0073546154	-0.1170939813	-0.109133118	-0.0065960811	0.0623925845	-0.0140209399	-0.0166991108	0.0791167836	0.013506968	-0.0595797	-0.0298230992	0.0072508874	-0.0081215705	-0.0171110217	-0.026197005	-0.0661145937	0.0260573639	0.0431512672	0.0129487683	0.1159845288	0.0260303945	-0.0882716566	-0.1257654759	-0.0500510042	-0.0552719142	0.099842841	-0.0503661722	-0.0165261054	0.0913168354	-0.0015359053	-0.058280604	-0.0700608318	-0.0433392325	0.048637517	-0.000375759	0.0399392576	-0.0812067407	-0.0356779129	-0.1036649332	-0.0429591312	-0.0161001082	-0.0344219743	0.0628856144	-0.058132465	-0.0133293811	0.0317183975	0.028306416	0.0801136437	0.0318861254	-0.0057749908	0.1118333576	0.0130340611	-0.0066716926	0.0136944068	0.0307234449	-0.0322666299	-0.0597999171	0.05978554	-0.0710757738	-0.0927333176	0.0336175202	0.0168996986	0.0082265966	0.0036153523	-0.0688227094	0.0045723133	-0.0137599438	-0.0324452496	0.0036544029	-0.1221308104	-0.0500489544	0.0139788649	0.0240868422	-0.0781180163	-0.0543400596	-0.0077371778	-0.0084846116	0.0462474781	0.0239704392	0.0412964138	-0.0800737151	0.0342251141	0.0333571366	0.0180200871	0.0228934272	0.0076713608	0.0362072053	-0.0898454343	0.0773611712	-0.0309422867	-0.124642995	-0.0629499459	-0.0676765897	-0.0526594368	0.1026905833	-0.0204494135	0.0195547647	-0.017907985	-0.0585043287	-0.0214541616	-0.0706209366	-0.0419242108	-0.0462609364	0.0104086005	0.008455717	0.1065655029	-0.059772478	-0.0100263725	0.0119729481	-0.0714979979	-0.0230905602	-0.0823311079	0.1005169576	-0.0809307426	0.0227077792	0.0030783439	0.0336821875	0.0587139224	0.0395108254	-0.006235967	-0.0779592454	0.0137020322	-0.0447300296	0.005059977	-0.0249320423	-0.0778875515	0.0673881186	0.0411546584	-0.0898212967	0.0078064368	0.0	-0.0618608642597422	-0.0064064393461223	0.0038267665269622	4.104246509554398e-05	0.1056376470679794	-0.0060569182764993	0.0111593124780589	3.66862590081913e-05	-0.2841708622227372	0.1051796682337454	0.0807530789364138	0.0110627626097607	0.0049779927107805	-0.0006100365683388	3.721446147105795e-07	2.478041142858379e-05	0.0007537120242067	-0.0002603109860195	5.680818154337611e-07	6.776180944244434e-08	8.312497302350548e-05	7.795820964750285e-05	6.077482451444006e-09	6.909761140158513e-09	0.0	0.0	0.0	0.0	0.0	0.0	0.0	0.0	0.0
794.5921286963369	-2.2963665823550627	631376.650986176	5.273299480557071	875.8101301926833	-2.2232515775240245	767043.384148125	4.942847576963064	758.5972875270483	-0.0142321220627081	0.0002025532984078	575469.8446433952	758.6045236333212	666.2856853076595	1.152584	41.024017	0.1150233280854877	0.0677838137902254	-0.0085430119	-0.0992150872	0.0180494953	0.0073466249	0.1240363922	-0.071006331	0.0622227667	-0.1227461522	-0.0146280483	-0.0063544014	0.0779808719	-0.0074566042	0.0796832837	0.0668114323	-0.0227838121	0.010658648	0.0782560605	-0.0383095688	-0.0628930055	-0.0222794855	0.017454347	0.0097799276	0.0418702827	-0.0339979977	0.056962266	0.0496779221	0.0496771154	0.0083263544	-0.0382084714	0.1160901487	0.0732098328	0.0031007462	-0.0202668187	0.0124935502	-0.073539762	0.0187194557	0.0452494319	0.0361399039	0.1023779016	-0.016652442	0.0081064289	-0.0674423145	0.0363642952	-0.0089804059	0.0851250433	-0.0677973756	0.0425686108	-0.0021186801	-0.0179630612	0.0758085228	0.0747395096	-0.0616720457	-0.0070092757	-0.0014577672	0.0138198055	-0.09534682	-0.0932675357	0.0448476324	-0.0079727517	-0.016402785	0.0048898119	0.0144825519	0.078768574	0.0778423411	-0.0100234847	0.08088919	-0.0792984286	-0.0157910784	0.0807496899	-0.1740105874	-0.0593718445	0.0546385744	0.0484772112	-0.098064846	-0.0597384092	0.0516683827	-0.0182122262	0.1105330473	0.1318890754	0.0800452435	-0.1050347469	0.0521857228	-0.0204068361	0.1191068235	-0.0663343965	-0.0439467613	-0.0142194714	-0.0323226759	0.0857802159	-0.0263844421	-0.0265086821	-0.0098037999	-0.1176136531	-0.0016583128	-0.0345902511	-0.0529735957	-0.0553203253	0.038706923	-0.0156743122	0.1061976482	-0.0181453558	0.0814642452	-0.0106587519	0.0675617032	0.0367482909	-0.0392182557	-0.0309229463	-0.0055358997	-0.0316104715	-0.0477763883	-0.1150892132	0.0160128971	-0.0311194072	-0.0033076416	-0.0082358475	-0.0211509697	-0.0355507035	0.006981435	-0.0164028653	0.0438039509	0.0008663532	-0.0733093335	-0.0790595444	0.0631202179	0.1136607182	0.0612532685	0.0359314749	-0.0778939165	0.1555857288	-0.0004200072	0.0468373955	0.0723071855	0.0192382668	0.0806726845	-0.0457610207	-0.1344658558	-0.054077218	0.0484211605	0.0614980916	0.0108529325	-0.0555943925	0.0278747349	0.0340877683	-0.0306501448	0.1056672528	0.0631657221	-0.0062580626	-0.0005438938	0.0442178261	0.0643252401	0.0275358819	-0.0829120425	-0.0890531148	-0.0359824932	0.002454465	0.0040624344	-0.0142114235	0.0369031004	0.0658580983	0.0788050109	-0.0239792289	-0.0217983091	0.0674102449	-0.101072667	-0.0427612945	0.0549950448	-0.0335982881	-0.0478762384	0.0349756321	0.0071121031	-0.0154265915	-0.0068738248	-0.041257717	-0.0372981288	0.037417545	-0.0329811944	-0.0598348157	0.0866200124	-0.0651433193	-0.0465652235	-0.0125716345	-0.0260867859	-0.0765995097	0.0697746196	0.0368041899	-0.0907655546	0.0149631188	0.0	-0.0586089820626796	0.0032518821970626	0.0034350127784234	1.0574737823572684e-05	0.0757111594206634	-0.029926487647316	0.0057321796608211	0.0008955946629049	-0.3399935176922923	-0.0558226554695551	0.115595592072779	0.0031161688636726	0.0051279837844144	0.0001499910736338	2.249732216984992e-08	2.629621769321703e-05	0.0011121903687878	0.0003584783445811	1.236967416424343e-06	1.285067235336059e-07	7.114833580742445e-05	-1.197663721608103e-05	1.4343983900561717e-10	5.062085688166036e-09	0.0	0.0	0.0	0.0	0.0	0.0	0.0	0.0	0.0
794.0702262699834	-0.5219024263534493	630547.5242484626	0.2723821426336176	878.0790625645565	2.26893237187312	771022.8401142503	5.148054108133783	755.2116267423874	-3.3856607846608995	11.462698948790658	570344.601166883	756.2544832229614	697.1327253891152	1.146689	40.814171	0.0597910755078339	0.0387795773191968	0.1192988973	0.0299046546	-0.0150668157	0.0066196069	-0.0764393728	-0.0333546602	-0.0692217252	-0.0791762798	0.0036239096	-0.0280529255	-0.0364828942	0.123694243	-0.1549241322	-0.0386484083	0.0182387386	-0.1556532739	0.0231579296	0.0584620283	-0.0872365393	0.0425853512	-0.0058369479	0.0292997667	-0.0233560355	-0.0003164314	-0.0526859485	0.0859824529	-0.0664519541	-0.0089920207	0.0933647369	0.0201601604	0.0158117938	0.0511523516	-0.0439902541	-0.096905505	0.0019626262	0.0198298661	-0.0671521617	-0.0660684553	0.0428502435	0.0250795754	0.0517750553	0.0463071441	0.0136086258	-0.0395581502	-0.0488623905	-0.0006718961	-0.142288878	-0.011062936	0.0388638147	0.0280537068	-0.0014196262	0.0856270461	-0.0395471021	0.0357705733	0.0776880435	-0.0511625332	-0.0771190001	-0.0832289544	0.2024052339	0.0287989059	-0.145398992	0.0210511196	0.0181189886	-0.0584486575	-0.0199765143	0.117998989	0.1185408863	-0.0186165791	0.0367993385	0.0616235594	-0.0330833842	0.0232002593	-0.0344950499	-0.0219618604	0.0471685581	0.0649555628	-0.0930965909	-0.0625695194	-0.0522111145	0.1168749323	0.0442113655	-0.0277560618	-0.0341824155	0.0114280907	-0.0928807981	0.0119686802	0.029697246	-0.0281662336	0.0837343434	0.0745810253	0.0961913599	-0.0239100979	-0.0181908221	0.0305924818	0.0710843445	0.0480993651	-0.0676179314	0.0205394246	0.1884208056	0.0354148843	0.0980359711	-0.1129544002	-0.0501112062	-0.0116962271	-0.0478094701	0.0409612586	0.0194474336	-0.1260619466	0.0068805129	0.0378307459	-0.0331063532	-0.0211318206	0.1405144034	0.0261318762	0.0098381879	-0.005560565	0.0317833878	-0.1516125802	0.0542928061	0.0474818143	0.0327383253	-0.0304502439	0.0123892513	-0.1620066888	0.0326099784	0.0095994799	-0.0418218617	0.0684586979	0.0180460566	0.0749332049	0.0249679022	-0.0499235008	0.0138515878	0.0021632647	0.0410904542	-0.0734792842	-0.0159827945	0.0948015733	-0.0502268883	-0.091434519	0.0729088428	0.0249266663	-0.0181315888	-0.0895740317	0.0414911917	0.0697151451	0.056739017	-0.0269049209	-0.0355034835	0.0779745017	0.0170676448	0.0511525344	-0.0121288638	0.0746090695	0.0938378812	0.0607569585	0.0066807905	0.0148078846	0.026633748	-0.0923578057	-0.0424012839	-0.0423102048	-0.0319651469	-0.1356836873	-0.0086502269	0.0315753194	0.0235641554	0.0915092638	-0.0097524785	0.0011959365	0.0103280582	0.0118175684	-0.0884264282	-0.0071248972	-0.0120646255	-0.0862269828	-0.035157591	0.1043413279	-0.0413294809	-0.0195465723	0.0143276359	-0.0272370221	-0.0752585301	0.0720526312	0.0323519979	-0.0913178824	0.0220267751	0.0	-0.0565538428737255	0.0020551391889541	0.003198337143786	4.2235970859749154e-06	0.1109305896207928	0.0352194302001294	0.0123055957136167	0.0012404082636217	-0.3334684782621906	0.0065250394301016	0.1112012259945011	4.257613956438175e-05	0.0049219780507709	-0.0002060057336434	4.2438362293996535e-08	2.422586793227051e-05	0.0010142225834017	-9.796778538610014e-05	1.0286474486820182e-06	9.597686973456976e-09	8.700415055079872e-05	1.5855814743374278e-05	2.5140686117620506e-10	7.56972221306605e-09	0.0	0.0	0.0	0.0	0.0	0.0	0.0	0.0	0.0
793.3507782636113	-0.7194480063720903	629405.4573714779	0.5176054338727752	878.3417735760029	0.262711011446413	771484.2712086383	0.0690170755351973	754.454317425992	-0.7573093163953217	0.5735174006991495	569201.3170827195	755.1156824239096	691.1418012731216	1.146689	40.814163	0.079406051872958	0.0447847436801481	-0.0715297362	0.0499819232	-0.1155366925	0.0311997364	-0.0234633703	-0.0714186366	0.0759771809	0.0925950484	-0.0461591557	-0.0160627529	-0.0571308918	0.0019086102	0.0723336848	-0.0593308509	-0.1096917416	-0.0922685618	0.0501956833	0.1219819989	-0.0172144429	-0.0230024887	-0.0087294378	0.0829721346	-0.0660065272	0.0494204809	-0.0052385254	-0.1291325217	0.0105126595	-0.0338742304	0.1168674144	-0.0173278368	-0.0003867018	-0.0340920064	0.0317125975	-0.0296244707	-0.0534664667	0.0434783932	0.0481943504	0.0137603348	-0.0125818839	-0.03365691	0.1157310132	-0.0126423089	0.0400881475	-0.1028688944	-0.0725867767	0.0435674756	0.1154445175	-0.0904523268	0.0358173802	0.075316021	0.0963612317	-0.0865519227	-0.0424629685	-0.0267442081	-0.0002668293	0.088947676	0.0393410571	-0.0554980479	0.1478767509	-0.048713246	-0.0105982774	-0.0225078886	0.0160603764	-0.0423531884	0.0967300197	0.0279109512	-0.0071316726	-0.0657752549	-0.0054397041	-0.0523889591	-0.0546419285	0.0519734839	-0.0106033388	0.0907200718	-0.027064117	-0.0542673925	-0.0135650765	-0.1119867892	0.0697135444	0.0842223192	-0.0033022176	0.02789641	0.0262798115	0.0009369713	0.1355536747	0.0178232872	-0.0139437947	0.16777409	0.1325149801	-0.0587869592	-0.0976504273	0.0170159132	0.1116934873	0.0012296671	0.0051298785	0.0471395434	-0.0716467028	-0.1012138469	-0.0046287113	-0.0079296916	0.0252748596	-0.0823696367	-0.0276687575	0.0932047792	0.0445523267	-0.0132796028	0.0267058161	0.011749538	0.0822031387	0.0768482473	0.0021804764	0.0026844837	-0.021226478	-0.0479492287	0.0134847744	0.0029595287	0.0429087974	0.1192571259	-0.1444382719	-0.0362615714	-0.0561856427	-0.1233250698	-0.0228746169	-0.1068105317	0.0156521892	0.0518437303	-0.1188234174	0.0993742198	-0.0376511782	0.0096062871	0.0586594753	-0.0811856268	0.0291583274	0.0345398088	-0.0223254523	-0.0382702027	0.1553532028	-0.0577030772	0.0200512886	-0.0409403229	0.0209939685	0.0578139445	-0.0358874183	0.0466519754	0.1496742127	0.116397267	-0.0241642392	0.0307112556	0.0250498073	-0.0203548133	0.0126012091	-0.0704506615	-0.0637833539	0.082526729	0.0079523231	-0.0376710414	0.0604975498	-0.0813010665	-0.0535398387	0.0757010263	0.001679767	-0.0019047646	-0.0752720858	-0.1235508417	-0.089582039	-0.029972134	-0.072415222	-0.0319754874	0.0022061255	-0.0313409256	0.0317497738	-0.050190901	-0.0128683902	-0.0612180029	-0.0620786487	0.0370487507	0.0331342502	0.0116796313	-0.0750648417	-0.0190483461	-0.0131401155	-0.0283825523	-0.0738655397	0.0742186113	0.0278103878	-0.091475895	0.0289534907	0.0	-0.0570734072606029	-0.0005195643868773	0.0032573738163346	2.6994715211128684e-07	0.0743046292408422	-0.0366259603799506	0.005521177926619	0.0013414609737537	-0.3112814655310956	0.022187012731095	0.0968961507831866	0.0004922635339297	0.0047159685444601	-0.0002060095063107	4.2439916690419455e-08	2.224035931233712e-05	0.0008437691342744	-0.0001704534491272	7.119463519541706e-07	2.905437831939301e-08	0.0001120114826134	2.500733206260128e-05	6.253666568892058e-10	1.2546572237252012e-08	0.0	0.0	0.0	0.0	0.0	0.0	0.0	0.0	0.0
795.5260099728883	2.175231709277	632861.6325433841	4.731632989044138	870.9452555142916	-7.3965180617112765	758545.6381028547	54.708479437221136	755.7740723267281	1.3197549007360294	1.7417529980167668	571194.4484013264	755.8136551030477	685.674317971254	1.037368	36.923096	0.1581440879496219	0.0969202919566432	-0.052851316	0.0044041116	-0.0152288169	-0.0083061052	0.0026560266	0.0522158671	-0.0752566686	0.0224561482	-0.0086999121	0.0172510927	0.0751610915	-0.0829378856	0.007538157	-0.0956726405	-0.1011487274	-0.0967226928	-0.0239226401	0.0120967168	-0.0563670011	-0.0526813375	-0.0588703741	0.0578818894	-0.0453627684	0.0071530568	0.0290782345	0.0120458979	-0.1715070418	-0.0137713468	0.142982418	-0.0414006729	0.0076679984	-0.0115849873	-0.0344182411	0.043317324	-0.0039179566	-0.0021986747	0.0247507979	-0.0251837519	0.0217048885	-0.050404307	-0.0731818825	0.0506858123	0.0192548065	0.0273559571	-0.0353882617	-0.0521188153	-0.0047626576	0.1058387437	0.0080273254	0.01320377	0.0302903353	-0.0251558714	0.036212833	0.0807674234	0.0706153909	0.0285683363	0.037130962	0.0369135781	0.0119524905	-0.0122332523	0.0694340137	0.0150496298	0.047427122	-0.0277752165	0.0055267017	-0.0561319281	-0.1333271117	0.0531938436	0.0235316622	-0.053103868	-0.0602343395	0.0519750454	0.0070628113	-0.0032120062	-0.0416856861	-0.005038762	-0.0423921752	0.0474311281	0.0452021351	-0.0067308745	-0.0545997896	-0.0422340966	-0.0471899354	-0.0187502392	0.029856295	-0.0337114918	0.1108436282	0.0170761546	-0.0056446948	-0.0777477358	0.008712837	-0.0054844853	-0.0353550496	0.0946263776	0.0428722215	0.1728649276	0.046937462	-0.0992886187	0.0393189086	-0.0883357108	-0.0374641016	-0.0185701583	0.021466077	0.052765235	0.0307165356	-0.0057923214	-0.0157900524	0.0827770931	0.0142097758	-0.1008079016	-0.0489304009	0.0754668226	0.0180349764	-0.0126054341	0.1323210014	-0.0611534042	0.00869736	0.0638485037	-0.1013121148	-0.0064433522	0.017168328	0.0569108839	-0.0495005451	-0.0356756231	0.0596001099	-0.0140225855	0.0083777862	-0.1309398869	-0.0326184266	0.0042584062	-0.0357947894	0.0111291645	-0.008278859	0.0278566897	-0.0510909645	0.099010065	0.0233459112	-0.0180294089	-0.0322415711	0.0629491463	-0.0014071168	-0.0168687883	-0.0453687887	0.0456691656	0.0026292201	0.1318178679	-0.0671707528	-0.0406696381	-0.0362296869	-0.0424744654	0.0334375254	-0.036026862	-0.0303195534	-0.0877722432	0.0170585558	-0.1034237895	-0.029333888	0.0531035276	0.0592104432	0.015552612	0.0292067222	0.0585520996	-0.0685403339	-0.1007062212	-0.0361090559	-0.0241397875	-0.0472634424	-0.0734432763	0.0019228196	-0.0360800796	0.0295122092	0.0990080161	-0.0215381662	-0.0762984021	-0.0112059081	-0.0027085511	0.1080151823	0.095854973	-0.0576823976	0.0349434292	-0.0545437898	-0.0295231785	-0.072421501	0.0762691921	0.0231919124	-0.0912389102	0.0357002023	0.0	-0.0494531601439831	0.0076202471166198	0.0024456150482264	5.8068166118352384e-05	0.1083374519108844	0.0340328226700421	0.0117370034865431	0.0011582330188905	-0.399137790920264	-0.0878563253891684	0.1593109761407084	0.0077187339108874	0.0049470535082932	0.000231084963833	5.3400260509744956e-08	2.447333841391606e-05	0.0010133586673217	0.0001695895330473	1.026895788636012e-06	2.8760609719201272e-08	-6.000787598203078e-05	-0.0001720193585954	2.959065973158341e-08	3.600945179874786e-09	0.0	0.0	0.0	0.0	0.0	0.0	0.0	0.0	0.0
797.4918117467054	1.96580177381702	635993.1898030426	3.864376613942143	876.969331418551	6.024075904259348	769075.2082487002	36.289490500278085	756.5806225531624	0.8065502264342967	0.6505232677612154	572414.2384229307	756.248629544576	684.9919876052603	0.970443	34.541046	0.1303820230362848	0.0903787593432315	-0.0201168764	0.0614419585	-0.0263836337	0.0538198106	0.0389056574	0.0492685861	-0.0698323993	0.0865348477	-0.0262740438	0.0477365202	0.0252467583	-0.1671216976	-0.0113630275	-0.0650496623	0.0671257491	0.008315032	0.0567891668	0.0462861467	0.0098612657	-0.0289319625	0.0094267749	0.0422068013	-0.0545012786	0.0280506643	-0.0645619136	-0.0363604099	-0.1141254868	0.0579456093	-0.0271720733	-0.0354119705	-0.0815001968	0.0344531998	-0.0113536009	-0.1154370878	-0.0218188631	-0.0530041094	-0.0365303685	0.0260072925	0.0344200885	-0.0398730805	0.0318010771	-0.0658694062	0.0464437439	-0.0192256297	-0.09127863	0.0723508126	-0.0761190099	0.0405669223	0.0207536537	-0.0762385847	-0.0911591583	0.1056050106	0.0659347249	-0.0549923833	-0.0689605767	-0.0183396323	0.0062888416	-0.0197053997	-0.0186643753	-0.0323900233	0.0976462314	-0.1804414801	-0.0734070668	0.0465346565	0.0549838195	-0.0291166915	0.003520216	0.0168642121	0.0735946367	-0.0337522419	-0.1452315624	-0.0558048456	-0.0205072161	-0.0256901048	0.012830747	-0.0099394177	-0.0399944847	0.139404239	0.0288802361	0.0401075915	0.0440134456	0.0336761464	-0.0207386015	-0.0323757417	0.0518336684	0.1090901499	-0.0072997085	0.166263889	0.0828433272	0.0683633632	0.0333066303	-0.0170776943	0.0669839303	0.0428570543	-0.0074066492	0.1034962984	0.1460000518	0.0350516307	-0.0511538039	-0.005026933	-0.0272111262	-0.0472471474	-0.0174778816	0.0475149122	-0.0427709804	0.0040465993	0.0272109872	-0.0429288809	0.0379736926	-0.0087271723	-0.0104753716	-0.0561187098	0.0071497197	-0.133352217	-0.1323676828	0.0371726806	-0.0259825064	0.0364673462	-0.0151498916	0.0212050948	0.0069878992	0.0799698056	0.0419922167	0.0325420755	0.0111129716	0.033128356	0.0552307121	-0.0255890666	0.0704438732	-0.0469288503	-0.1199733896	0.08183944	-0.079911846	0.056963633	0.0618780312	-0.0533797206	0.077962198	-0.0131917658	-0.0830701546	0.1170367698	0.0249845768	-0.0811948705	0.0158774511	-0.0092428314	-0.0122979257	0.0964709912	-0.0303314585	0.0166738721	0.037796561	0.0070850633	-0.0896192532	0.0682469048	-0.0162167274	0.0285356192	0.0225262557	-0.0236800952	0.02753051	-0.0471813854	-0.0090107992	-0.0704323637	0.0471325476	0.0737039442	-0.0583216326	-0.0205116787	0.0068579682	0.0002439198	0.0172572812	-0.0530225803	0.0670632956	-0.0252997109	-0.0215069002	0.1142877699	0.0610861883	-0.0315795712	-0.0786788195	-0.0518003117	-0.0064842094	-0.0428006013	0.0867827155	0.0433551332	0.0826944226	-0.0306587036	-0.070927412	0.0782011853	0.0185093366	-0.0906079513	0.0422249655	0.0	-0.0508993014098706	-0.0014461412658874	0.0025907388840128	2.091324560902694e-06	0.1077891102357853	-0.000548341675099	0.0116184922854222	3.00678592650482e-07	-0.3195128384171823	0.0796249525030817	0.1020884539134044	0.006340133061118	0.0043138739275801	-0.0006331795807131	4.0091638143201737e-07	1.860950826305536e-05	0.0010151113025698	1.7526352480998295e-06	1.030450956604956e-06	3.071730312881951e-12	0.0002803116599011	0.0003403195358831	1.1581738650370956e-07	7.857462667650996e-08	0.0	0.0	0.0	0.0	0.0	0.0	0.0	0.0	0.0
797.5056346140877	0.0138228673823732	636015.2372412188	0.0001910716626706	876.8155776097225	-0.1537538088284691	768805.5571390713	0.0236402337292614	755.7949581634216	-0.7856643897407594	0.6172685333067198	571226.0187852482	756.1111263529459	675.0993238423205	1.029776	36.652874	0.0897941462603545	0.0450870407489275	-0.1180971171	0.0075288726	0.0522245605	0.0550109032	-0.0135989816	-0.013868841	0.0671420561	0.0705262415	0.0437590424	0.0560533982	0.0739805421	-0.0091268251	-0.0623572647	-0.0395529515	0.0293379508	-0.0243976216	0.0008906166	-0.0494034377	-0.0434012973	0.043010934	-0.0146241907	0.0737430078	-0.0740776003	0.0583779046	0.1094363257	-0.0048392582	-0.0441274386	-0.0541398896	-0.0182664913	-0.047626197	-0.0110563542	0.0691507119	0.0073476557	-0.1173445177	-0.0430608461	-0.0952665145	0.0274958746	-0.0036186133	-0.0390932799	-0.0777283318	0.0617694159	-0.0645081468	0.0009319517	-0.0157398267	0.0973956166	-0.0488430969	0.0103853708	-0.0536613822	0.055905629	-0.1470294334	0.1237260762	0.0286824474	0.0768469991	-0.0051777813	0.0087559875	0.0356279557	-0.0249023808	0.0035612914	0.1437807699	0.0056360339	0.0904267713	0.0587778993	-0.0386108488	-0.010829954	0.0756593208	-0.0348182989	0.0557730995	-0.0291898657	-0.019063606	-0.0017161435	-0.0214526799	0.055696269	0.0012975005	0.0891789332	-0.0397927618	0.0386691526	-0.0393422979	0.0003804463	0.0217294653	0.0026620541	-0.1189549257	-0.0146272545	-0.0190328207	-0.03703007	0.1165619026	0.0633037201	-0.0968338449	0.0861278484	-0.0910178339	-0.0069554176	-0.1084246886	-0.0164378687	0.0150784994	0.1290310135	-0.0294982017	0.0090862963	0.0249989541	0.0557693847	0.0399824795	-0.0089829506	-0.0601948958	0.0182487898	-0.0001089005	0.0430565638	-0.1366008373	-0.014743535	-0.0030033235	0.0122715075	0.1014460159	0.0958896158	-0.0424292905	-0.0469685096	-0.0130316612	-0.0557057576	-0.0058133129	-0.0479296531	-0.0252017014	-0.0421671213	-0.0947823119	-0.0928558952	-0.1061078581	0.0280726859	-0.0089921072	0.0334870602	-0.0153250261	-0.0227525107	0.0814335786	-0.0626276166	0.0345456625	0.0449533915	0.0051922279	-0.0579635942	0.0104230293	0.093565446	-0.0159802754	-0.0525004174	0.139923517	-0.0330276024	-0.0414482456	-0.0624406214	-0.0758077844	0.0122387741	0.0366746639	0.0138310081	0.1258027282	0.0234097417	-0.1011342368	0.0276363505	-0.0627467609	-0.1334806572	-0.0343519544	0.0389514822	0.1098883462	0.1039066669	-0.1220390068	-0.0336672249	0.0202964621	-0.0155800703	0.0263259383	0.0912167086	0.0228503866	0.0855916745	0.0049195497	0.0200040994	-0.0102644499	0.0278800413	0.0341782592	0.0234128207	-0.014837467	0.0504023006	-0.0020981048	0.0559542541	0.08832184	0.0195567078	-0.0088331541	-0.0256085231	-0.0035745409	0.0475782322	0.0466723836	0.0046078037	0.0226736522	-0.0317889315	-0.0693843053	0.080011587	0.0137756027	-0.0895857427	0.0484872159	0.0	-0.0616746742085609	-0.0107753727986903	0.0038037654387321	0.0001161086589507	0.0914845214688284	-0.0163045887669568	0.0083694176683805	0.0002658396148595	-0.3490523631636648	-0.0295395247464824	0.1218375522301389	0.000872583522248	0.0046730277314909	0.0003591538039108	1.2899145486359736e-07	2.1837188179282986e-05	0.001013452625221	-1.6586773487999636e-06	1.0270862235673365e-06	2.751210547422076e-12	-2.2369057803796853e-05	-0.0003026807177048	9.161561687035146e-08	5.003747470296048e-10	0.0	0.0	0.0	0.0	0.0	0.0	0.0	0.0	0.0
797.4128980642935	-0.0927365497942673	635867.3299992953	0.0086000676677446	883.0428473252516	6.2272697155291326	779764.6702122877	38.77888810994629	756.3054258624492	0.510467699027572	0.2605772717505039	571997.8971889806	757.2186848449707	696.3634755579055	1.094342	38.951004	0.0688354647038312	0.0392451301206042	0.0147523411	-0.0726664594	0.0247178327	-0.0048190883	0.0014112727	0.0698151032	-0.0441926892	-0.0301039263	-0.0142303326	0.0416810112	0.0234219674	0.0829023338	0.0160762712	0.0347219008	0.0611738983	0.0889012103	-0.0152367507	0.0368254659	-0.0227650176	-0.0490837759	0.1364595006	-0.0334026399	0.0282988401	0.015932644	-0.0361611127	0.0814913229	0.0290711969	-0.059696985	-0.0420673619	0.0079881111	0.0210887054	0.0155430006	0.0577560795	-0.0598322942	0.0096874664	0.0562349503	-0.0759476661	-0.0246503775	0.0159333296	-0.0933750519	0.0181555454	-0.0150395641	-0.108271287	0.0088052865	-0.0041193675	0.014584739	0.0177920224	-0.0154126689	0.0189457673	-0.0102746356	0.070066596	0.0245622034	-0.0026053374	-0.0710740811	0.0464786894	-0.0174720351	-0.0247971711	0.0677701103	0.0448199994	-0.0288784849	-0.0067834571	0.0150090863	0.0554713029	0.1189220321	0.046917667	-0.0861035941	-0.0721461887	-0.1913451226	0.0166729289	-0.1392227998	0.0873454381	-0.0134463755	0.0129966045	0.0377791191	0.0078757901	-0.105783678	0.0482369777	0.0006806351	-0.1384868087	0.0370743334	-0.0721011736	0.0372243473	0.0216319005	-0.0541945622	0.0055928428	0.0337011491	0.0592362998	0.0037499096	-0.0378331096	-0.0248858524	0.0791178635	-0.0277082089	-0.0159504129	0.0229703528	-0.0542844876	-0.0595912836	-0.0632490127	0.0310586259	0.0505244315	-0.054919385	0.0243326591	0.0397605696	-0.0178629309	0.0341586172	0.0002013716	-0.0349101249	0.1601361452	0.0661269039	-0.0118181305	0.0643895006	-0.0243943046	-0.0425001632	-0.0583782354	-0.0309826679	0.0458904246	0.0638842126	-0.0207676084	-0.0705090892	0.0216187839	-0.0426854052	0.0179431892	-0.0404276679	0.0271239072	0.0399729745	0.0187374275	0.0645043619	-0.0067192584	-0.0428856399	0.043488929	-0.0043278341	-0.0294423387	-0.0082763073	0.09583839	0.0713779785	-0.0777811716	0.0144220949	-0.053197584	-0.0524293121	0.1269463978	0.0585279312	0.1219317792	-0.0049693803	-0.0229520959	0.0497557993	-0.014338648	-0.0737016913	-0.0627774777	0.0338407051	0.1025162617	-0.1096605811	-0.1330322014	0.0256287052	0.0330896133	0.0490233177	-0.0650636084	0.0035842214	0.0846700245	0.0244459672	0.0664467734	-0.0500247636	-0.0006666061	0.0086400413	0.0879483496	0.0296073004	0.0281313917	-0.0228541187	-0.0311878667	0.0055136141	-0.0356257915	0.035167416	-0.0216730524	-0.0357698538	-0.0699260847	0.012622349	0.0269017597	0.0366444458	0.0485494871	0.0743939243	-0.0017607283	-0.0140410152	-0.0489324262	-0.0329136668	-0.0677932473	0.0816975821	0.0090037942	-0.0881766985	0.0544480209	0.0	-0.0616869263118644	-1.225210330349502e-05	0.0038052768778053	1.5011403535951358e-10	0.1083791771167312	0.0168946556479027	0.0117460460324997	0.0002854293894612	-0.3791345560438515	-0.0300821928801867	0.1437430115865683	0.0009049383284807	0.0046280255272083	-4.50022042826001e-05	2.0251983902928712e-09	2.141862028049166e-05	0.0006229550297334	-0.0003904975954875	3.880729690701413e-07	1.5248837208159726e-07	-2.0941576125232605e-05	1.4274816785642475e-06	2.037703942636602e-12	4.385496106089123e-10	0.0	0.0	0.0	0.0	0.0	0.0	0.0	0.0	0.0
796.4267016678955	-0.986196396397986	634295.491129603	0.9725833322683736	877.1059826777531	-5.93686464749851	769314.9048491069	35.246361842717604	755.8817848825083	-0.423640979940842	0.1794716798852369	571357.2727171666	756.4420673370362	694.6943180262593	1.059593	37.71418	0.16600990732815	0.1095635550909319	0.1013372145	0.0049511735	-0.0318550392	0.0403517933	-0.0271542526	-0.0771761534	-0.0025144968	-0.0514757456	-0.0566954751	-0.00366585	-0.0710968999	-0.0107049863	-0.0293269144	0.0388751915	0.0067908133	-0.0587235218	-0.0011766606	0.0285077479	-0.0415611745	-0.0589580887	0.0377705588	-0.0720439094	0.0783690219	0.0727011183	-0.0575932768	-0.0444390788	-0.003005424	-0.0092770746	0.023421825	0.0644537256	-0.0143092754	0.0404981497	-0.0378575443	-0.0353869044	0.0939890555	-0.0200717873	-0.0483971119	0.0038337368	-0.1411496704	-0.0365965799	0.0378390494	0.0798688372	0.0149143902	-0.1351701434	0.0454023036	-0.0307283179	0.0149261185	0.0001393625	-0.0147690859	-0.0353174422	0.0282305267	-0.04733417	0.0251397433	-0.1248633103	0.057587019	-0.0055009082	-0.0334041889	0.0154677253	-0.0445923762	-0.0044790566	-0.0046535808	0.0225225769	-0.0545848735	0.1120616839	0.0359597016	-0.0736363715	-0.0543917349	0.0051304581	0.0029353026	0.0864781655	-0.1086489731	0.0485116986	-0.024758436	0.0175970004	0.0355683221	0.0008185354	0.0826601375	-0.0416579882	0.0396797101	0.0295208718	0.0746838129	-0.0062380811	-0.004488193	0.0024848547	-0.0416367319	-0.0219740909	0.0860182251	-0.0251260134	0.0136859713	-0.0033418704	0.0035317155	-0.0682747418	0.0823218917	-0.0798660137	-0.0066613791	0.0464308932	-0.0175729558	0.0246989651	0.0815301033	0.0521262649	0.0724141163	0.0572599762	0.0815807097	-0.0192959743	-0.0257667446	-0.0329169961	0.0601395347	-0.0784033651	0.0548577705	0.0148851756	-0.0052875021	0.0575835849	-0.0493034399	0.1495458142	0.0127170807	0.0635592699	0.0166934737	-0.0489505496	0.005048168	-0.0458922798	-0.0207778801	0.0231569576	0.0559834079	0.0680847479	-0.0237904201	0.0835571521	0.0234787044	0.0469604389	0.058113767	-0.0875269715	-0.034068933	-0.023165112	0.0092915948	-0.0738744972	0.0343777353	0.0238226009	-0.0407959539	-0.0786460934	-0.0343263339	0.037871007	-0.0238206932	0.0385281334	0.0294465499	0.0246101327	-0.0399087663	0.1071170993	-0.0592249505	-0.0104915189	-0.1009952073	0.0270394102	0.1051056589	0.0109318442	-0.1276972951	0.0418151669	-0.0483746309	0.0115726483	0.0183046781	-0.0874808229	-0.0324868478	-0.0469858636	-0.0683655296	-0.0678136452	0.0132746617	-0.067037068	0.0359987098	-0.0174665427	0.1026081022	0.0298150961	0.0813903793	-0.0415964214	-0.0190781036	0.0579092035	0.0490594883	0.0494057835	-0.007006441	-0.0309045306	0.0036158656	-0.0360196227	0.0122800098	-0.0112813304	0.0207949914	-0.0340327152	-0.0661553376	0.0832565493	0.0042071001	-0.0863869029	0.0600703222	0.0	-0.0514134062339053	0.010273520077959	0.0026433383405725	0.0001055452147922	0.0971361770228185	-0.0112430000939127	0.0094354368866083	0.0001264050511117	-0.2739046681618049	0.1052298878820465	0.0750237672408284	0.011073329303668	0.0044474210848408	-0.0001806044423674	3.2617964602875425e-08	1.977955430588652e-05	0.0010144343615072	0.0003914793317738	1.0290770738065206e-06	1.5325606720606102e-07	0.0001922446352181	0.0002131862113433	4.5448360706924076e-08	3.695799977014033e-08	0.0	0.0	0.0	0.0	0.0	0.0	0.0	0.0	0.0
797.2761100288097	0.8494083609142535	635649.1956226707	0.7214945635910388	879.2828620323768	2.1768793546236798	773138.3514638478	4.738803724586806	757.0213407149437	1.1395558324353487	1.2985874952374206	573081.3102978509	756.8185922749838	692.1218591060034	1.087339	38.701721	0.1195681874768574	0.0899974599414402	-0.0332913927	-0.0343722869	-0.1044698384	-0.0714949466	-0.0602165473	-0.0176900314	0.0507196851	-0.0138555115	-0.0866008259	-0.1019108145	0.0374597441	-0.0578336335	0.0714660266	-0.0455555749	-0.0747060775	0.0489746103	0.002705782	0.0565264658	0.1262020459	0.0175017197	-0.0631274813	-0.039006347	0.042836569	0.0644440156	0.1059577189	0.0883646007	0.046319022	-0.001813591	-0.0290875245	0.0187684019	-9.68519e-05	-0.0104156149	0.1342544094	0.0323448483	0.0532499753	0.0146705369	0.0013116437	-0.0756619129	-0.0581886508	0.0547118136	-0.0536173628	-0.0163956472	-0.0154762114	-0.0780640724	0.0772259948	-0.0138547853	-0.0298980209	-0.0513344004	-0.0609719432	-0.0286773369	-0.0289674076	0.0130899523	0.0798726337	0.0763051138	-0.0785163695	0.0545785141	0.0368752157	0.0866011069	0.057068304	-0.132314949	0.0769648192	0.0221652796	0.0035334481	0.0363513784	0.0544857705	-0.1068101728	0.0775091939	-0.0128906567	-0.1370832144	-0.0183878392	-0.0283979982	0.1005592263	-0.0815672565	-0.0657314488	0.0653802795	-0.0205291268	-0.0438417689	-0.0607313263	0.0919209915	0.0382947509	0.0291800103	0.0223067315	0.007604971	-0.0202429181	-0.1010467954	0.0275001906	0.1026977363	0.0752702637	-0.0696402749	0.0039573815	-0.0680563781	-0.0554148609	-0.0989956107	-0.0385152717	0.0322671999	0.0256090955	-0.0318826378	-0.0648284703	-0.0274457463	-0.0759765399	0.0481297072	-0.0437198388	0.0681504928	-0.0806046162	-0.0555829435	-0.0808192899	-0.0384434991	0.0223598567	0.004855043	-0.0018543942	0.0045444993	-0.0233218934	-0.0612849592	0.0539101718	0.0370478456	-0.0690683121	-0.0815153527	-0.008364176	-0.1098772086	-0.0480536049	-0.0154845735	0.0116349572	0.0937710658	-0.0255040519	-0.1052809253	-0.0187346412	0.0174011758	0.1058683782	-0.0005246536	-0.0703671359	0.0031963238	0.0595246641	-0.0248678414	0.1134361979	0.0593241159	-0.0566273611	-0.024670334	0.0016175986	-0.0147223975	0.1583600609	-0.0061282372	0.0214133799	-0.0258730995	0.038845123	0.0559065023	-0.2294827732	0.0258235726	0.0827377438	-0.0300927575	0.0238391563	-0.0407785132	0.0125357336	0.0110348472	0.0676425105	0.0075364376	-0.0454825891	0.0196480215	0.0256290541	0.0689644869	0.0729585833	-0.0653060175	-0.035767243	-0.091558603	-0.016794299	-0.0453380198	-0.0447733307	-0.0403813371	0.1007307739	0.0409310313	-0.0049245141	-0.0675238111	0.015997131	0.065229561	0.0572313236	-0.0230424448	-0.0263647284	0.0117542224	0.0014216729	-0.0898220471	0.0088178242	0.0120082544	-0.0351458834	-0.0644717082	0.0846860645	-0.000601222	-0.0842240844	0.0653191659	0.0	-0.0387196458726606	0.0126937603612447	0.0014992109765042	0.0001611315521087	0.0967201851032228	-0.0004159919195956	0.0093547942064016	1.7304927716891177e-07	-0.3609544394370516	-0.0870497712752466	0.1302881073493161	0.0075776626790727	0.0046200254826057	0.0001726043977648	2.979227812778376e-08	2.134463545992603e-05	0.001013452354855	-9.820066522001243e-07	1.0270856755611448e-06	9.64337064965296e-13	-2.234223878020726e-05	-0.0002145868739983	4.6047526492365394e-08	4.991756337117971e-10	0.0	0.0	0.0	0.0	0.0	0.0	0.0	0.0	0.0
798.0635698200498	0.7874597912400532	636905.4614739215	0.6200929228198281	873.3569320385272	-5.925929993849536	762752.3307397487	35.11664629200556	757.3776782824015	0.3563375674577855	0.1269764619817318	573620.9475604409	757.4281777318319	688.7334531090738	1.042705	37.113083	0.0515797221566992	0.031222157775802	0.0596238464	0.0169589022	-0.0761840881	0.0598196957	0.0222170829	0.0759953605	-0.0935128925	0.0560809926	-0.0613882636	-0.0277729754	-0.0175241985	-0.0237337794	-0.0423773855	-0.0974114824	-0.0362983065	0.075620926	0.033321429	0.0359842908	-0.0889814039	0.0037353569	-0.0276301298	-0.0083437713	0.0475700422	-0.0007015866	-0.0910312749	0.0484268789	-0.0022351142	-0.0239237954	-0.0746757125	-0.03228792	0.022329854	-0.1053699188	0.0201322845	-0.0218918451	0.0086674014	0.0294678798	-0.0066384482	0.0431594468	-0.1275534793	-0.0912711823	-0.0513185425	0.0477644091	0.0758933459	0.1252351491	-0.0027211455	0.014315773	-0.0655156613	0.0015574176	-0.0034002118	0.1163496365	0.0096513299	-0.1484736188	-0.0385975397	0.045443641	0.0059824507	0.0517002265	0.0034522429	0.0396263206	0.002125515	-0.0727104276	-0.0568004612	-0.0487687127	-0.0505162471	0.0642863435	0.0375876924	0.100945024	0.0562310187	0.0409107969	-0.0613416708	-0.0658669112	-0.0350524594	-0.1263975562	-0.0043698133	0.0471437838	0.0903034161	-0.0913547542	-0.0354716798	-0.0569153732	0.1133015749	-0.0596735656	0.0125033504	-0.0703621694	0.0196074734	0.016472914	-0.0247612831	-0.0261930601	-0.1211735166	-0.1006437718	-0.0398755853	0.0727535057	0.0799677905	-0.0331410525	0.0250292326	0.0424917449	0.058012409	-0.0018655123	0.0324681331	0.0636466242	-0.0849874805	-0.022898662	0.0865273134	-0.0343376775	0.0124313991	-0.0299528242	-0.0187953765	-0.0171982907	-0.0400571852	0.1012956948	-0.0692042341	0.0677097922	0.057321711	-0.0008387093	0.0425152373	0.0989212945	0.032689743	0.0206000995	0.1810625684	0.064075809	0.0284000169	0.1287969039	-0.035051182	0.0342867466	-0.010250595	-0.0775366868	0.0121781691	-0.0437406593	-0.0515791682	0.0507526728	0.0355936913	-0.0111066524	0.0430761505	-0.0877037837	-0.1131276466	0.0645163902	0.1189222568	0.0100339459	-0.0993640494	-0.0490660468	0.0431171587	0.009912346	0.0540035211	0.0544356683	-0.0351307665	-0.079388047	-0.0247010913	-0.0159859616	0.1167304377	-0.079599051	-0.0480974338	-0.0638054742	0.0748714838	0.0526830072	0.0320277201	-0.0018211434	0.0158155324	-0.011657147	-0.0722853379	-0.013675578	0.0410916774	-0.0930202492	-0.0118619347	0.0208121497	-0.0989245152	-0.0075476001	-0.0222462199	-0.0498179666	-0.0418380793	-0.0816645945	-0.0077578441	0.0931943309	-0.0258587172	0.0117085054	-0.0297315675	-0.0442826359	-0.0762112579	0.0083271366	-0.0005005005	-0.0480583209	-0.0229658569	0.0334600873	-0.0424491998	-0.0362529791	-0.0627435226	0.0859839051	-0.0054078825	-0.0816975821	0.07016192	0.0	-0.0410921830352606	-0.0023725371625999	0.0016885675066033	5.628932587918044e-06	0.1078815862184967	0.0111614011152738	0.0116384366450189	0.000124576874856	-0.3419184166658908	0.0190360227711607	0.1169082036553097	0.0003623701629441	0.0042400296618918	-0.0003799958207138	1.4439682376003026e-07	1.7977851533722293e-05	0.0010134591466184	6.791763399946471e-09	1.0270994418644954e-06	4.612805008085245e-17	-2.214962910421616e-05	1.9260967599109985e-07	3.709848728539645e-14	4.906060694543394e-10	0.0	0.0	0.0	0.0	0.0	0.0	0.0	0.0	0.0
797.0704015152976	-0.9931683047522027	635321.2249717577	0.9863832815643644	874.31401854295	0.9570865044227048	764425.0030207218	0.9160145769480722	755.8754116987625	-1.5022665836389706	2.256804888318304	571347.6380107737	756.2793233362834	681.4174925802699	1.056746	37.612816	0.1133675669531482	0.0601662848775311	-0.1050687502	0.056787463	-0.0524126107	0.0565762218	0.0262109259	-0.0267301861	0.041314691	0.1319318817	-0.0221050692	0.0053506253	-0.0324404769	-0.1259852477	0.0098071894	0.061195318	0.0483084614	-0.0313794108	0.0151545679	0.0386773784	0.0124516762	0.0347920146	0.0077472595	0.0805358101	0.0520539304	0.0795616343	-0.0195762422	-0.1136996087	-0.0881836649	-0.0144564402	0.0107874249	-0.0187476154	-0.0303446031	-0.0523195744	0.02719514	0.0351506874	-0.0377771266	-0.0406504509	-0.0342129404	-0.0550245267	0.0086031628	0.0330071902	0.0242865876	-0.0457686315	0.0099447838	-0.024674377	0.0261447775	-0.0375289806	-0.0594083946	0.0501849835	-0.055529758	0.0714582281	-0.0310752946	-0.0121208166	-0.0370648987	-0.0296462205	-0.0299628098	0.0338997893	0.0506294963	-0.0201004871	-0.0134716433	0.0708646381	0.0543989316	0.0220474552	-0.0155224384	0.1216160728	0.0901226442	-0.0546725099	-0.1022127147	-0.0289708682	-0.1008771439	-0.0010821001	0.0032022742	-0.0465240547	0.0667788546	0.0420111662	-0.0810611882	-0.089827318	-0.0028839494	0.0124039045	-0.0767957211	-0.0126014657	-0.1096161924	-0.0221177768	-0.0035081206	-0.0346293079	0.1342682424	-0.0169133765	-0.1014108178	-0.0814480101	-0.0364493185	0.0178121234	-0.0793515524	-0.0106930094	0.1185597622	0.0175100141	0.0360943179	0.0896126205	0.0266205668	0.0086909735	-0.0960599666	-0.0248028427	-0.0103032408	0.03084624	-0.0262845902	-0.0273786174	-0.0541006778	0.0272279582	-0.0318810037	0.0247322375	-0.0398617584	-0.0591229454	0.0167337117	-0.0022385743	-0.0157049939	-0.0086721133	0.0151190043	0.0001338012	-0.007826636	0.0288968928	-0.0665513508	0.0432808416	0.0612267611	0.0242465162	0.0078487577	-0.005849835	0.0662147874	-0.0563742811	0.0505729732	0.0988290205	0.1111826111	-0.0196459904	-0.0178520053	-0.0393056328	0.0035085359	-0.0373940384	-0.0836836355	0.03664726	0.0550444976	-0.1113030156	0.0550614652	-0.0240064766	0.1302216673	0.0094885086	0.0351661984	-0.0294079161	0.0153742177	-0.0066432697	-0.019324269	-0.04914395	0.0609391698	-0.0059016161	-0.0227925821	0.033585891	0.0079248954	-0.0978308487	-0.1294756214	-0.1064899618	0.0412097024	-0.1028407245	-0.0504883745	0.0523305536	0.0315716204	0.051766014	-0.0342977764	-0.0140774259	-0.0070980167	0.0088346775	0.0403554981	-0.0682158574	0.0335514475	0.0677872337	0.0543348592	-0.0242108853	0.0262855986	0.0553454316	-0.0949802936	-0.0006867667	0.0241925186	-0.0706394958	0.0194502658	-0.0544222078	0.1064218298	-0.0373538109	-0.0609719752	0.0871480531	-0.010199596	-0.0788183057	0.0745684769	0.0	-0.0552948509518529	-0.0142026679165923	0.0030575205417876	0.000201715775949	0.0709485626875192	-0.0369330235309774	0.0050336985474248	0.0013640482271397	-0.3033739728595179	0.0385444438063729	0.0920357674085675	0.0014856741483426	0.0037670232304572	-0.0004730064314346	2.23735084178495e-07	1.41904640188042e-05	0.0010139616381441	5.024915257000138e-07	1.0281182036278666e-06	2.524977334003277e-13	-2.190991808040518e-05	2.39711023810981e-07	5.74613749365087e-14	4.800445102900657e-10	0.0	0.0	0.0	0.0	0.0	0.0	0.0	0.0	0.0
798.0331935228382	0.9627920075406564	636856.9779642598	0.9269684497841674	880.0217968280499	5.707778285099948	774438.3628924695	32.578732951858505	757.4232113576174	1.547799658854956	2.395683783951518	573689.921103286	757.5570637639364	688.873782726075	1.05806	37.659588	0.1743644695525525	0.1093878918884274	-0.0662893275	-0.0275731038	0.0681374952	-0.0369227433	-0.0147329488	0.0769665397	-0.0091896133	0.021387665	0.0478472844	0.0358098363	0.0997281318	-0.0042481598	-0.1136471111	-0.0274539968	-0.0122521293	0.0130911301	0.0423525658	-0.0191889536	0.0811009703	0.0370960733	0.0014626628	-0.0263033635	0.0214376741	-0.0248294369	0.042349241	0.0618354375	0.0610758173	-0.0435174382	-0.0031103023	-0.0365815694	0.0519693692	-0.0190567927	-0.1471328979	-0.0006263571	0.0827175886	0.011545533	0.0411850189	0.0558458246	0.0919668177	0.0154834031	-0.0528588187	-0.0025106618	0.0105981463	0.0731603836	-0.1049200428	0.0003235718	-0.0113609115	0.0327500352	-0.1137280931	-0.0242318866	0.0887258351	-0.0317022973	-0.0246366679	-0.0428827642	-0.0080412867	0.0170977325	0.0201718252	-0.0559928782	-0.0167414908	-0.0490808245	0.0411223665	0.0254965463	-0.0879517754	0.0830198526	0.0788048533	0.0671768278	-0.0068959217	0.0085623096	0.040884188	-0.0150000679	0.0791324008	0.0942609693	-0.0287791665	0.043167214	-0.0217329723	0.076369877	-0.040033405	-0.0841452704	-0.0087122174	-0.0410734361	0.0878704274	-0.0351838708	-0.0541278724	0.0951717726	0.1536072014	-0.0247772193	0.0919247618	-0.0310232018	-0.0395678764	0.0013014604	0.0113087628	-0.0106373242	-0.0329498779	0.0992502384	-0.0554894977	-0.0332607273	-0.0208538575	0.0087744369	0.0209278148	0.0219685949	-0.0462836106	0.0186023023	-0.0205150839	-0.0243705118	0.1315599028	0.0824381312	-0.0203753326	-0.012889844	-0.0629092981	0.0254154139	0.0548456742	0.0390940368	0.0678653379	-0.0587769132	-0.012955342	0.0584886121	0.1538925705	0.0488869619	-0.0698926239	-0.013618219	0.0114794891	0.0747108046	0.0468142846	0.0996510496	-0.0632829199	-0.0958115964	-0.0186732564	-0.0337147177	-0.0946730901	-0.0824319027	0.0832782104	0.0194400889	-0.0262481783	0.0630427221	0.0472379145	-0.0532467172	0.0418411717	-0.0773638528	0.0030400861	-0.0362287071	-0.0228732353	0.0016837619	-0.0442146666	-0.0189908911	0.0594688915	-0.0280704662	-0.141014941	-0.0486039364	0.0106679077	0.0044176367	0.089412386	-0.1093743669	-0.0017349708	-0.0417977077	-0.0941046805	0.0760298605	-0.045040046	0.0390752059	0.0685868424	0.0117364662	0.0462207899	0.0935405915	0.0016335526	0.005925897	0.0345145351	-0.010797699	0.0499432827	-0.0028061595	-0.0139715086	0.0346570992	0.0130683388	0.0696231189	0.0269184358	0.0338849411	-0.0627774486	0.079879684	0.0441785252	-0.0023283832	0.0164506137	-0.0583064662	-0.0922389042	-0.0384481886	-0.0591582902	0.0881766985	-0.0149631188	-0.0755986879	0.0785114412	0.0	-0.0531254545301891	0.0021693964216637	0.0028223139190391	4.706280834327692e-06	0.098585263376421	0.0276367006889017	0.0097190541549982	0.0007637872249679	-0.3924141563230279	-0.08904018346351	0.1539888700827137	0.0079281542712155	0.0048020321798066	0.0010350089493493	1.0712435252333477e-06	2.3059513055898124e-05	0.0009389513748117	-7.501026333239997e-05	8.816296842607815e-07	5.626539605195987e-09	-2.2254484968145267e-05	-3.445668877400873e-07	1.1872634012688992e-13	4.952621011974037e-10	0.0	0.0	0.0	0.0	0.0	0.0	0.0	0.0	0.0
798.0641295503035	0.030936027465259	636906.3548748837	0.0009570377953312	880.2781739748441	0.2563771467941933	774889.6635764859	0.0657292413983313	757.7193964702534	0.2961851126359534	0.0877256209471723	574138.6837872451	758.709365234375	708.2083486208909	1.051179	37.4147	0.1227089934270203	0.0801631420444981	0.0183570833	0.0203825129	0.0886684951	0.0706373185	-0.1148771822	0.0406518164	-0.0227599094	-0.0006647246	-0.0052279047	0.1217404748	-0.0502565033	0.0737428653	0.085256144	0.0116007875	0.0954522419	-0.001477135	0.0152910375	0.0059057423	0.07054327	0.0430525469	0.0358448827	0.0609792622	0.0748779374	0.0197647162	-0.0535854797	0.0194883731	0.07919661	-0.0286821621	0.0430801319	-0.0488632159	0.0360025223	-0.0007408268	0.0259271285	0.1093193501	0.0487990829	-0.1024400977	0.0984221434	0.0446409309	-0.0403164369	-0.0209159528	-0.1565132956	0.0581072685	0.0191308245	0.0194570537	-0.0867552526	-0.0620145965	0.0007275759	0.0273976388	0.0311268898	0.0455757985	-0.0660534994	-0.0366928109	0.1177368295	0.0104130577	-0.0617428508	-0.0369101309	0.0224980914	0.0712777642	0.0565638505	-0.0285694312	-0.0693121681	-0.0223898217	-0.0017346434	-0.0059147571	0.0573821345	-0.0388682975	-0.1034983725	0.0525274391	-0.0225234788	-0.0073528089	0.0301819881	0.0879641589	-0.0580702646	-0.0550630411	-0.0375085929	-0.0034013327	0.0990954362	0.0884183744	-0.0153092569	-0.0264909877	0.0314528237	0.0180165805	0.0367299102	-0.0245637789	0.0300352152	-0.0881430076	0.0202121272	-0.0250489529	0.0655358467	0.0175639786	0.0464611816	-0.0272111555	0.0450007411	-0.0360664026	-0.0643874833	-0.088043907	-0.0465288272	-0.0765088441	-0.0318613611	-0.0546457591	-0.0462625811	0.022967116	0.0177662089	-0.0088773128	-0.0134425695	-0.0188206246	0.0772938959	0.0400751638	0.0830827583	-0.1130134078	-0.0356665362	0.1265894715	0.0583013731	0.0899966762	-0.0756432302	-0.071921495	0.0561593633	-0.0316827791	-0.0068562104	0.0442861721	-0.0276044298	0.0414908945	0.0359821635	0.0325547422	-0.0020184256	-0.0648165997	-0.0379780249	0.011479807	-0.0342328129	0.0718117281	0.0157033596	0.0582170526	-0.0357138809	-0.0449846351	0.0100334375	-0.0454489655	-0.0724198976	0.1191954089	0.0477937655	0.0729508543	-0.057143605	-0.0154024817	0.0110945407	0.0182425019	-0.0524856696	0.0080707778	-0.0910710502	-0.0276877041	0.0369723806	0.0377020476	-0.0945465674	0.0355403871	-0.0979060644	-0.0302897976	0.0040075387	-0.0467124157	0.0424723007	-0.0534464574	-0.0074353798	-0.0727427686	0.0271648661	-0.0099765539	0.093636202	0.0706458015	-0.0233259034	-0.0553322757	-0.0503932805	0.0455923552	0.0742566197	0.0251207067	-0.0895419666	-0.0451313671	-0.0382973812	-0.076165527	0.1029167453	-0.0222080731	0.0381016041	-0.0089407332	0.0875850321	-0.0986405782	0.1319027875	-0.0395359232	-0.057303721	0.0890682417	-0.0196852849	-0.0720526312	0.0819662993	0.0	-0.0455740051390876	0.0075514493911015	0.0020769899444175	5.702438790636722e-05	0.1076516312688653	0.0090663678924443	0.0115888737148477	8.219902676114498e-05	-0.3195371704988048	0.072876985824223	0.1021040033303822	0.005311055062824	0.004331474236908	-0.0004705579428985	2.2142477762496158e-07	1.8761669064997743e-05	0.0010361665170763	9.721514226460004e-05	1.0736410511100303e-06	9.450783885526427e-09	7.425623625368326e-05	9.651072122182853e-05	9.314319310757504e-09	5.513988622562824e-09	0.0	0.0	0.0	0.0	0.0	0.0	0.0	0.0	0.0
796.5944481941616	-1.4696813561419049	634562.7148937609	2.1599632885911086	875.6541818472056	-4.62399212763853	766770.2461864989	21.3813031964631	757.8245205990597	0.1051241288063238	0.0110510824572885	574298.0040211946	757.7458237457275	677.9250122116342	1.106378	39.379395	0.1160759422742226	0.0619964594953632	0.0049345255	-0.0823570666	0.0153436722	0.0100994562	0.0926715099	-0.0852633581	0.07701456	-0.0732763368	-0.0304466096	0.0418198232	0.0339057168	-0.0203049881	0.0365022614	0.0320876547	-0.1208378446	0.0426090596	0.0528975042	0.0173622145	-0.0296381127	-0.0724615485	0.0090531113	-0.0115030102	0.1023265162	0.0192831579	0.0912061613	0.0328667264	0.1385030446	0.0053782964	-0.0096228388	0.0162199434	-0.0177445582	-0.0057858082	-0.013356978	0.0766667013	0.0238059765	0.0176736518	-0.0074680738	0.0262353808	-0.0383825612	-0.0437920652	0.0218542629	-0.0023851374	0.0452525162	0.0587250248	0.1542101279	-0.0209668285	0.0716471398	0.0170487772	0.0397998038	0.0090131836	0.0475440389	0.1060015386	-0.0468546859	-0.0680600138	-0.0004850793	-0.0776326936	0.03750549	-0.1130474777	0.0040704088	-0.0133333478	0.1148568525	0.034911321	0.0443945246	0.0578707213	0.0467888839	0.0532658229	-0.009861926	0.0113820249	0.0104725172	0.0640817863	0.0659021061	-0.0622163809	0.0575416125	-0.1008769431	-0.0635222935	0.0130893402	0.0638287128	-0.1786834983	0.0223983475	0.0526475442	0.0030539034	0.0005829932	0.0368828311	-0.013932102	-0.0167193616	0.0406296226	-0.1114386604	-0.0164183748	0.0779319643	-0.0292322802	-0.0585291632	-0.0199793905	-0.0706637304	-0.0642896946	-0.0873983343	-0.0165394439	-0.0259061922	-0.038090048	-0.0479254171	0.0382054626	-0.0294175515	0.0203346488	0.0479921402	-0.0484959741	0.068523515	0.0357104296	-0.0370953025	0.0446879637	0.0082454627	0.1689732218	0.021578035	0.0682392036	0.0542188191	0.0153450462	-0.0074356364	-0.0303968836	-0.0070768199	-0.0596703124	-0.044758863	-0.0738243314	-0.1213153845	-0.0194940041	-0.0362035496	0.1046263266	-0.1523814746	0.0716645532	0.0295765394	0.0357184959	0.056143779	0.0140192479	0.0101673283	-0.0265002143	0.0120623037	-0.0816683445	-0.0212303843	-0.0571404165	-0.0232088619	-0.0858031375	0.0009399392	-0.0783235222	0.0358741882	-0.044464327	0.0706973665	-0.1066801308	-0.027023452	-0.0511469448	0.0987944612	-0.0501469987	-0.0469038469	0.0644658485	-0.077696288	-0.1193783116	-0.0279955375	-0.0371564408	0.0309072886	0.0072718816	0.0265664053	0.012800171	0.0453419644	0.0646398846	-0.0398530073	-0.032799135	0.057509182	0.0567992854	-0.0676486608	-0.0550367319	0.0642563489	-0.0082221641	0.2384675485	-0.1336052726	-0.1699834233	-0.0431650803	-0.0234797122	-0.1256506945	0.1219655891	-0.0672391646	-0.1651912692	0.1106778005	0.0320440063	-0.2008723649	0.0818320719	-0.0406168267	-0.0554095495	0.0898212967	-0.0243530426	-0.0681954477	0.0849115724	0.0	-0.0384489850449512	0.0071250200941364	0.0014783244509868	5.076591134184751e-05	0.0829592638821594	-0.0246923673867058	0.0068822394638697	0.00060971300716	-0.3667049726165743	-0.0471678021177695	0.1344725369417225	0.002224801556621	0.0047738727251756	0.0004423984882676	1.957164224214579e-07	2.2789860796175514e-05	0.0011591050173656	0.0001229385002892	1.343524441282108e-06	1.5113874853382205e-08	0.000250734301209	0.0001764780649553	3.1144507410372994e-08	6.286768980276552e-08	0.0	0.0	0.0	0.0	0.0	0.0	0.0	0.0	0.0
797.2076830211018	0.6132348269402428	635540.0898678736	0.3760569529724295	874.5605518927941	-1.0936299544114263	764856.1589270286	1.1960264771859384	757.1931848239581	-0.6313357751016611	0.3985848609232151	573341.5191438487	757.0385774612427	678.6910652344762	1.021557	36.360332	0.1025562539417264	0.0527046737078239	0.0933101034	-0.0541088396	-0.0595986485	-0.0277858565	0.0473411476	0.0389044543	-0.0596401636	-0.0690370839	-0.0621537581	-0.0964228734	0.0408234662	-0.0385571771	-0.0346270154	0.0417452501	0.012469012	-0.0309645916	-0.0920075941	0.0257069479	0.0653609812	-0.0024104124	0.0547731153	0.0062252532	0.0549673367	0.0203575573	-0.0687000405	0.0083485449	0.0657496193	0.1581335066	0.0313699922	0.0377981198	-0.1181514083	0.0125360148	-0.015115503	-0.0784095523	-0.0362859405	-0.03915994	0.0912745154	0.0528681761	0.0260393501	0.0642441777	0.0585560369	0.1505957609	0.0675281035	0.014903134	-0.0213023443	0.0651803924	0.1386507598	0.0705973643	0.0005692876	0.0095756735	0.0208681319	-0.0165639478	0.0751435829	0.1000703571	0.15630759	-0.1215631733	-0.0836647126	-0.0495453546	0.00662674	0.0274208188	-0.0844451701	0.0433843727	0.0025518545	-0.1199990658	-0.0598885466	-0.013270571	-0.0239566418	0.0818896211	-0.0552556679	-0.0232005233	0.0454035522	-0.0786862057	-0.0539823037	-0.0440799408	-0.0207006167	0.0876191572	0.1003911911	0.0490019831	-0.0524085621	-0.0089752224	-0.007670619	0.054357835	-0.087035678	0.0148442494	-0.0437500565	0.0208031692	-0.0625685607	-0.0656035788	-0.0650170125	-0.0598927337	0.0601280667	-0.0560236085	-0.0511530279	-0.1020444587	0.0312064297	0.067398841	0.0817340193	-0.0061385381	-0.0428395061	0.1265632442	5.56257e-05	0.0220987524	-0.0493632769	0.0729308351	-0.0100318347	-0.0226924252	0.0571785035	-0.1538712866	0.084119595	-0.0552143017	0.024781957	0.1317585087	0.0708915992	-0.0380117764	0.0555495269	0.0715373854	-0.0129022241	0.0806190624	0.0318377886	-0.078186383	-0.0827981241	0.0077261041	0.0041420007	-0.0072085477	0.1104733966	0.045047913	-0.0168812243	-0.0742951039	-0.1920619826	0.063694068	-0.0666010001	-0.0926204756	0.0433415488	-0.1152877741	0.0097001994	-0.0160873729	-0.0168523029	0.0719512821	0.050816238	-0.0537982611	-0.0693732808	0.1343385071	0.0262085673	0.0051271479	-0.1051383745	-0.0582076227	0.0631578559	-0.0512425075	-0.058537731	-0.0135781248	-0.0751362298	-0.0314159304	-0.0072390316	-0.0062608453	0.0404212065	0.0369260605	-0.0293185597	0.0095439131	0.0582355387	-0.0765217147	-0.0690919417	-0.057345448	0.0027714942	0.033253777	0.0090216541	-0.0417589763	0.1146130739	0.0442762432	0.1500925631	-0.0761969737	-0.0816282011	0.0064599336	-0.0167106646	-0.0772867542	-0.0129892288	-0.0566560443	0.0320091196	0.1097724141	0.003923852	0.0162899707	-0.0152300413	-0.0416907124	-0.0534770846	0.0904346925	-0.0289534907	-0.0640437928	0.0873289498	0.0	-0.0316613469149871	0.0067876381299641	0.0010024408884711	4.607203138334256e-05	0.1202346547975281	0.0372753909153686	0.0144563722142807	0.0013894547678935	-0.370258089966228	-0.0035531173496536	0.1370910531854393	1.2624642900410058e-05	0.0042883436247534	-0.0004855291004222	2.35738507356791e-07	1.838989104396313e-05	0.0007529854946164	-0.0004061195227491	5.669871551027046e-07	1.6493306675803796e-07	0.0004578878289724	0.0002071535277634	4.291258406482173e-08	2.0966126392105784e-07	0.0	0.0	0.0	0.0	0.0	0.0	0.0	0.0	0.0
798.9700432414592	1.7623602203573228	638353.1299972591	3.105913546297911	881.235121682974	6.674569790179817	776575.3396876059	44.54988188398104	756.952992236654	-0.2401925873040227	0.0576924789958005	572977.832456024	757.4525922775268	701.7003671637488	1.012788	36.048229	0.1196588313821849	0.0713847628621232	0.0409115068	0.026188763	-0.1320100192	0.0309195717	-0.0814877267	-0.0182795653	0.0204669265	0.015772795	-0.1076268409	-0.0873898601	-0.0967900286	-0.0476013755	0.0858477591	-0.0013939802	0.0437358576	0.0638851304	-0.0813804543	-0.0323218845	0.1213647744	-0.015475728	0.009688255	-0.0673397606	0.1083986357	0.0621642195	0.0087400788	-0.0912420703	0.0078876289	0.0461853671	0.0341248801	0.0199717088	-0.0136868733	0.0411651863	-0.0031296888	-0.0042352293	-0.0183940254	-0.0012944868	-0.1351561486	0.056047579	0.0028124888	0.0467579434	0.0348693872	0.0290215382	-0.0531318275	-0.0047497475	-0.08118064	0.0680632711	-0.0027362409	0.0252243316	-0.0681148628	-0.0236843929	-0.0258587164	-0.0524013257	0.0531098886	0.0198790098	-0.1707455933	0.0271145528	0.0788675267	0.0027336947	0.0461531791	-0.0453050788	-0.0480606936	0.083102394	0.0347595338	-0.1082446821	0.0717752392	0.0768927999	-0.0132428198	0.0876827397	0.0773961474	0.0234902021	0.1316821064	-0.1338949685	-0.0773590045	-0.08967015	0.0830814111	0.0195598741	-0.0220929762	0.0059546958	0.0401171284	-0.0125934214	-0.0377209977	0.1364366646	-0.0005843831	-0.0284086495	0.091892984	0.0726095088	-0.038702849	-0.0298936135	0.0071365317	-0.0742931331	-0.037543862	-0.0511975157	0.0476689766	-0.1029477455	0.0741910243	0.0079978337	0.0637751022	-0.0381530554	-0.0404595442	-0.0383533242	0.0511807658	0.0824994817	0.0524889178	-0.0378104274	0.0624717462	0.0251422595	-0.0248110544	-0.0125234386	0.0710807233	0.0097879974	0.0122348187	-0.0509954386	-0.0358391129	-0.118215835	0.0112813561	0.0358502964	0.0025857434	0.0464841251	0.0075852829	0.0503118965	-0.0389444821	0.0481887439	-0.0078955306	0.0415433726	-0.0342480256	-0.1456981468	-0.0939852824	-0.0037105761	-0.0060538544	0.0537558899	0.0224925043	0.0176459325	0.0281589656	-0.0728056048	-0.0632201778	-0.0636416713	-0.0667239596	0.1028974035	-0.0179473475	-0.055803985	-0.0205603151	0.0690967095	0.0673573269	0.0926268584	-0.0759621234	-0.0244653165	0.0677095863	0.0211957171	-0.0574687732	-0.1725318883	0.0066137326	-0.0153624182	-0.0126649092	-0.0170563871	0.0133899209	-0.0102025238	0.1713302152	-0.1034688796	-0.0349595915	-0.0246100072	-0.0681176173	-0.0564057857	-0.0500477037	0.043916603	0.0215445357	-0.0448644197	0.0556297416	0.1065083212	-0.0020798503	0.0282566921	-0.0499449953	-0.0151979496	0.0859275168	0.0967923249	-0.0351329711	-0.0362868104	-0.0097025039	-0.0616669757	-0.0073094558	0.0301398873	-0.0166211579	-0.0427573947	-0.0515076619	0.0909074754	-0.033473914	-0.0596155937	0.0892034024	0.0	-0.0215238868580485	0.0101374600569386	0.000463277705478	0.000102768096406	0.1098823189270064	-0.0103523358705217	0.0120741240127763	0.000107170857976	-0.3041001153201534	0.0661579746460745	0.0924768801377306	0.0043768776092706	0.0039778849765381	-0.0003104586482153	9.638457225167168e-08	1.5823568886567517e-05	0.0009150416207039	0.0001620561260874	8.373011676204199e-07	2.6262188002487694e-08	0.0002701813871022	-0.0001877064418701	3.5233708319570763e-08	7.299798193646884e-08	0.0	0.0	0.0	0.0	0.0	0.0	0.0	0.0	0.0
799.3210249208796	0.3509816794204425	638914.1008805655	0.1231881392887943	879.015789266733	-2.2193324162409453	772668.7577802176	4.925436373777873	758.1044141113824	1.1514218747283849	1.3257723336030285	574722.3026951624	758.7181111017863	691.3679003363102	1.046365	37.243332	0.0914700574763461	0.0534421435281514	-0.0449081533	-0.0208008875	-0.0735612092	-0.0239250094	-0.0387696971	-0.062997427	0.0481859049	-0.0115484088	-0.0465470887	-0.0566916151	0.0486914065	-0.0362481025	-0.1079851654	-0.0439252651	0.0183926285	0.0022129806	0.0171150794	0.0349994252	0.0207758851	0.1110443585	0.0833923154	-0.0053369774	0.0457885589	0.0443237027	0.0598553095	0.0101253753	-0.0360814279	0.0991544745	0.0018792881	0.093901489	-0.0294320062	-0.032125847	0.0442167291	0.0717460867	0.0598770659	-0.030872349	-0.0457346372	-0.0205918753	-0.0139132341	-0.0630882821	0.0023927064	0.0421330783	-0.0365172998	-0.0146787804	-0.0243518101	-0.0072048528	0.029140337	0.1302629305	0.0208864109	-0.0097138583	0.0408039314	-0.1032125247	-0.0430607908	0.0224010073	-0.023911483	-0.0079433661	0.0145934201	-0.0474545484	-0.1042715663	0.0086778124	0.0361087899	-0.0376565161	-0.0621192932	-0.0973724766	-0.0727197732	-0.1148169537	-0.0402887197	-0.0458421936	-0.0014288163	-0.0294437049	0.0695444417	0.0145339382	-0.0685122988	0.0697214294	-0.1144211746	0.0345731222	0.0080834953	-0.0868431235	0.0889261988	0.0168620471	0.076918574	0.0881908354	0.0203490338	0.0991416914	-0.0225329521	0.0100479554	-0.0515139909	0.0165435731	-0.0523688322	-0.0209246646	-0.0749593333	-0.0499771478	-0.0635497369	-0.0272585692	0.0907064428	0.0512528384	0.011498889	-0.0191393977	-0.0421761139	0.0945443782	0.0570127219	-0.0207952346	0.016049041	-0.1124134693	-0.0016452611	-0.0086661477	0.004443885	0.0028389243	-0.0209281536	-0.0407693321	0.019356168	0.0998987202	-0.1031489619	-0.0092903368	-0.0240768144	0.1077616705	-0.0257338888	0.0009233976	0.0564602674	0.0116401833	-0.0514525874	0.0739408266	0.0117873324	-0.0528675913	-0.06887961	0.0329164147	0.0072076374	-0.0222987906	0.0205414552	-0.0192666299	0.0493995107	0.0235229871	-0.029308391	0.0531208233	-0.0477840384	0.1809201447	-0.0315534357	0.0953272807	0.0590787521	0.0675819249	-0.0649324339	-0.0219750462	0.0637833464	0.0256970684	0.0565827084	0.0353094666	0.0461678813	-0.0399263646	-0.0733195795	0.0326817563	-0.0696540721	-0.1100641025	0.0639046766	-0.0227915638	-0.0326371337	-0.0613615869	0.0119825725	-0.0089616745	0.0664466556	0.0846145172	-0.0881360933	-0.014947918	-0.103199953	0.0774248245	-0.0316381815	-0.0570022996	0.0108561196	0.0818701348	0.0085627299	0.0520949901	-0.0897315908	0.0664528086	0.1467134116	0.0474437369	0.004848479	-0.034504018	0.0260267285	0.0548818555	-0.0343923281	0.1161028484	-0.046949334	-0.0438166893	-0.0495026423	0.0912389102	-0.0379018183	-0.0549299716	0.090523277	0.0	-0.0151572095479792	0.0063666773100692	0.0002297410012813	4.053457997055125e-05	0.1334700216989688	0.0235877027719624	0.0178142466923232	0.0005563797220584	-0.3506661577377628	-0.0465660424176093	0.1229667541825655	0.0021683963064385	0.0039953546591286	1.7469682590500607e-05	3.0518980981284004e-10	1.5962858852220612e-05	0.0007663076390556	-0.0001487339816482	5.872273976749678e-07	2.2121797296956823e-08	0.0004029704223975	0.0001327890352953	1.763292789465643e-08	1.6238516132721958e-07	0.0	0.0	0.0	0.0	0.0	0.0	0.0	0.0	0.0
799.7084275679082	0.3874026470285798	639533.5691231362	0.1500808109247504	873.6140182201678	-5.401771046565159	763201.4528307877	29.17913043950965	758.434984081977	0.3305699705945244	0.1092765054588647	575223.6250794287	758.8864724604289	699.1572821661717	0.983108	34.991821	0.0584998509912417	0.0332167142733344	0.0540673193	-0.0369863916	-0.0962646701	-0.0807968057	-0.0392413937	0.038891291	-0.0815114766	0.0285433442	-0.0357434781	-0.0805595853	-0.0435490681	0.0157123473	-0.0531697518	-0.0183819595	-0.0177245252	0.0655421516	0.0476675011	-0.1554631035	0.0122816652	0.1007063116	-0.0188926244	-0.0539617262	0.0101499477	-0.0171889877	-0.0774198208	0.0402410921	-0.0514476256	0.1143499201	-0.0478983673	0.0587009905	-0.0086465202	-0.0396874638	0.0483443801	0.1065959329	-0.0277246589	-0.0247395424	-0.0912212606	0.0459033684	0.0114970278	-0.1212867756	-0.0803665072	0.0001128142	-0.0624224518	-0.0285630133	-0.0082552089	0.0408575627	0.0549140216	-0.0100104467	0.0086640053	0.0317183426	0.085968966	0.0819355198	-0.0795363123	-0.0240621377	0.015438753	0.021334369	0.0527633347	-0.1152307102	-0.0777954918	0.0104714206	-0.0058355446	-0.0082563749	0.0316630304	-0.0411127971	-0.0196577394	0.0910535215	0.0777472668	0.0138070772	-0.0662024353	0.0058796943	0.0833652751	0.063187659	0.0408131242	0.0110013449	0.0091831153	0.1405717564	0.0526914912	0.0622365952	-0.0355006666	0.061939648	-0.0717106537	0.0403679552	2.29835e-05	-0.0753097347	-0.015266573	0.0170421479	0.0106581899	-0.0979828369	0.006330499	-0.0960277763	0.0865197869	-0.0286593124	-0.0127497185	-0.0164299639	0.1044644299	0.0254336784	0.0593736088	-0.0347687189	-0.0188565325	0.0374587753	-0.003834318	0.037049212	-0.024469095	-0.0750957175	0.0473029187	-0.01156913	0.0377841374	0.1331062461	-0.078080446	-0.0462406893	0.0108140816	-0.0347931832	-0.0668878827	-0.0330450654	-0.0245753014	0.1581837632	-0.0245531554	-0.0928383719	0.04808081	-0.030538511	-0.0030346005	-0.0177413116	-0.0481750693	-0.0107228826	-0.1071300503	-0.019508555	-0.0062379996	-0.0282808799	0.0486509097	0.0373826224	0.0036978092	-0.0277552307	-0.0101704349	-0.0845955261	-0.0278806741	-0.0526557721	0.1217751373	0.0643867679	0.0105799211	-0.0766703523	-0.0626047957	0.031655095	0.1431151511	-0.0786614144	0.066085278	-0.0392424633	-0.0663335416	0.0475157398	0.0587850431	-0.0205200789	0.054218263	-0.0232897656	-0.0931985868	0.0515669086	0.0725868705	0.0332146975	-0.043591447	0.006479121	0.07968265	-0.0541995955	-0.0662230042	-0.0275682505	-0.0837907667	0.0591872722	0.0290139782	-0.0633235608	0.0699103801	0.0577878332	-0.0375314016	0.1428069352	0.0169944705	0.0419317437	0.0926960756	0.0381274283	0.0125146717	-0.0560361575	0.0589483686	0.0556392689	-0.0654055474	0.0645803321	-0.065342186	-0.0448684131	-0.0474634117	0.0914284817	-0.0422249655	-0.0500071591	0.0912803678	0.0	-0.0110856327416826	0.0040715768062965	0.0001228912532834	1.6577737689572416e-05	0.1416681977217138	0.008198176022745	0.0200698782457185	6.721009009991105e-05	-0.3814239235900629	-0.0307577658523001	0.1454842094868381	0.0009460401602249	0.0038518689903274	-0.0001434856688012	2.058813715132773e-08	1.4836894718645824e-05	0.0008606422419927	9.433460293709994e-05	7.407050687022211e-07	8.899017311300304e-09	0.0003313440479378	-7.162637445969999e-05	5.130337518241163e-09	1.0978887810380713e-07	0.0	0.0	0.0	0.0	0.0	0.0	0.0	0.0	0.0
798.9105637390086	-0.797863828899608	638258.0888537805	0.636586689466343	887.1535182072566	13.539499987088789	787041.3648675132	183.3180599003773	757.2645672383377	-1.1704168436392592	1.3698755878744862	573449.6247946669	758.6356268310547	689.4574142156863	1.020161	36.310677	0.1164971212969162	0.0594233264867028	0.0488165747	0.0603271834	-0.106690149	0.0967306278	0.0121940393	0.0392389948	-0.0245517997	0.0655974906	0.0055387093	-0.085537972	-0.1093500662	0.0516837593	-0.0248368285	0.0265880814	0.1268479193	0.1334661768	0.0261518281	0.0195703603	0.0943782147	0.0329292654	0.0616404245	-0.11989671	-0.0193174557	0.024982531	-0.0557548368	-0.0351583833	-0.0392777289	-0.001226756	-0.0310802569	-0.0877319938	0.004548948	0.0553790582	0.0374716754	-0.0039549414	-0.1177764495	-0.0181456774	0.0930507655	0.0073878114	-0.1017298882	0.0366189746	-0.0720178114	-0.0398545648	-0.0025331314	-0.0656991827	0.1038367285	0.0622594462	-0.0561602205	0.0519343366	-0.0009956683	-0.0652490061	0.0047777061	-0.0112671141	-0.0602300478	-0.1319905766	-0.0710624955	-0.1266296988	0.0381606704	0.0135009365	-0.0642016837	-0.0099905496	0.0342084682	0.0663509922	0.0744187457	-0.0187011834	0.041983966	0.0891207817	-0.0783625377	0.1052783307	-0.1374948194	0.0190410965	-0.0521618197	-0.0984749845	0.0236641242	-0.0371709333	0.0531305705	-0.1022969829	-0.050343536	-0.0461576084	0.0076610144	-0.0031274172	0.1487543388	-0.04132925	-0.0091070636	0.0785569893	0.055052577	-0.0531189715	0.0081941138	-0.1395270055	-0.0697287249	0.02161708	0.0301555219	0.0121205354	0.0821092122	-0.0102600928	0.0914143846	-0.0939127666	-0.0643348554	0.0073844555	-0.091156044	-0.0096865747	-0.1020355682	0.0704055732	-0.0038673142	-0.0003360998	-0.0727206852	0.058572966	-0.0061958189	0.0234242531	0.1014644068	-0.0735248005	0.1150623649	-0.0104356947	-0.1091822216	0.0377834073	-0.0111573294	-0.0162844986	-0.0280326915	-0.1084157445	0.0580486908	0.0051424068	-0.0376446747	0.0975002067	0.063863597	-0.0001066768	-0.0579632122	-0.0119369822	-0.01531799	0.1326208553	0.1066236144	-0.059601215	-0.0815506488	0.0486473946	0.1076472716	-0.1166374289	0.1934160838	0.0076857801	-0.1200254487	0.0043604272	-0.0834079625	0.0418034881	0.0146164322	0.0314556691	-0.0475201306	-0.1371871424	-0.0027943275	-0.0486390047	-0.0650259962	-0.0448528714	0.0264704247	-0.1006092369	-0.0074864947	-0.0834770143	0.0229550569	-0.1127756509	0.1057704407	0.0381666585	0.0699341552	-0.0872599964	-0.017931959	-0.0722306408	-0.0172066803	-0.0210289628	-0.091358843	0.0764128618	-0.0139848028	-0.0789201563	0.0254361684	0.0905570735	-0.0309468035	0.099319019	0.0126774243	-0.0160775854	0.033228245	0.0300203119	0.0620091101	0.0009129969	-0.0730858376	-0.1399122267	0.0883744515	0.0726505309	-0.0256704435	-0.0459123846	-0.0453913792	0.091475895	-0.0464314067	-0.0448684131	0.0914699679	0.0	-0.0205796685473274	-0.0094940358056448	0.0004235227575178	9.013671587886552e-05	0.1085847520894702	-0.0330834456322435	0.0117906483863317	0.0010945143749016	-0.336065097366415	0.0453588262236479	0.1129397496678979	0.002057423116387	0.0037459016587895	-0.0001059673315378	1.1229075353263169e-08	1.403177923732193e-05	0.0011753461235022	0.0003147038815095	1.381438510031649e-06	9.903853303714548e-08	0.0001807989882776	-0.0001505450596602	2.2663814988093186e-08	3.268827416220374e-08	0.0	0.0	0.0	0.0	0.0	0.0	0.0	0.0	0.0
799.089171953096	0.1786082140873759	638543.5047326846	0.0319008941394819	883.7945458632249	-3.358972344031713	781092.799297584	11.2826952079699	758.0399487657727	0.7753815274350018	0.6012165130874364	574624.5639248153	759.8212175242106	698.7241866628149	1.07946	38.421307	0.0554097249267241	0.0312521467132671	-0.0808565447	-0.0240494466	-0.1112875558	-0.0571391243	0.0197563059	-0.0199104869	0.0701512679	0.0625113284	0.0006154492	-0.0907730196	0.0297340521	0.0877717198	0.0095981042	-0.0192711626	0.0549529525	0.0336010645	0.0654101721	0.0202734395	-0.0595189832	0.01572486	0.0612045569	-0.0277472638	0.0909757721	0.0360587735	0.0946784022	-0.0614685799	-0.0807385279	0.0205981325	-0.0567844983	0.0606891702	0.0044566433	-0.0327908806	-0.0081608796	-0.0038637717	0.0398565978	0.0805874678	0.1842450107	-0.0690560979	0.1275438849	-0.0050615848	-0.0941002387	0.0332275904	0.0183196316	0.0258848838	-0.0552283891	0.0128645488	0.1127693192	-0.057602425	-0.0442432629	0.1023174207	-0.0312653663	-0.0245615698	-0.0106393385	0.0394792268	-0.1892370648	0.0081246186	-0.0535091658	0.0332484387	0.0513420209	-0.0049343023	-0.0470769149	-0.0042255397	0.102583917	-0.038407458	-0.0625358212	-0.0096393759	-0.0066527896	-0.0001370713	0.0052814711	-0.0649067196	-0.0342423419	-0.1569171983	-0.0074730305	0.0724903149	0.0494711653	0.0196341896	0.0530310774	0.0200995063	0.0084042601	-0.0236067876	0.1344400055	-0.0522130073	0.0562994251	0.0274853404	-0.0798772261	0.0841134106	-0.0405655567	-0.0616990323	0.0442825727	0.011369375	-0.1048834811	0.0205115389	0.0066940347	0.0545010352	0.1068271079	-0.0310750585	-0.129259587	-0.0156778266	-0.0094930942	0.0737416932	-0.1313401493	-0.0970834056	0.0055802801	-0.0221094289	0.0386380549	-0.0549683168	0.0691968555	0.0366827588	-0.1116674331	-0.0850022169	-0.0449562818	-0.014491284	-0.0599882372	-0.0392135163	-0.0282789776	-0.0687507097	0.0817900205	0.0565831584	-0.0414264014	0.0605243909	-0.0487086175	-0.0418516634	-0.0617347622	-0.0546777063	0.0860595645	-0.0221792846	0.0014698559	0.1188933522	-0.0439026872	0.050465717	-0.1047635898	0.15483614	-0.021688846	-0.0028814143	0.0034530174	0.0264237965	-0.1473102116	0.1124810658	0.0244660757	0.0776095223	0.079835598	0.1182350688	-0.048783914	-0.0280951687	-0.0127859995	-0.0598074458	0.0667213679	-0.0387658686	0.0695619363	-0.0099779464	-0.0322784488	-0.0466249598	0.0055625464	0.0599636658	-0.0083797862	0.053384743	-0.0143994672	-0.0452773074	0.0181700855	0.0935497717	-0.0261787739	0.013974551	-0.0972100618	0.0873089648	-0.0679449629	-0.0653940097	0.0095841219	0.0033232568	0.03526899	0.0374667116	0.0395728595	-0.0091182678	-0.0517684647	-0.0600340289	0.0636717999	0.0756170173	-0.0533560327	-0.089127691	-0.0343810029	-0.0082859963	0.0053007029	-0.0469484232	-0.0432879769	0.0913810765	-0.0505095157	-0.0395359232	0.0910908987	0.0	-0.0242468264263635	-0.003667157879036	0.0005879085917501	1.3448046909776531e-05	0.103931069686709	-0.0046536824027612	0.0108016672462235	2.165675990576931e-05	-0.3564211884844468	-0.0203560911180318	0.1270360636006655	0.0004143704456056	0.0041479398029583	0.0004020381441688	1.6163466936669295e-07	1.7205404608965742e-05	0.0010882844207042	-8.706170279800017e-05	1.184362980347476e-06	7.579740094087312e-09	0.0001352429647065	-4.55560235711e-05	2.0753512836106183e-09	1.8290659502603604e-08	0.0	0.0	0.0	0.0	0.0	0.0	0.0	0.0	0.0
798.1266859606334	-0.9624859924625752	637006.2068425035	0.9263792856866684	878.6053694504958	-5.189176412729125	771947.3952272423	26.927551842424315	758.3668826636801	0.3269338979074518	0.1068857736009601	575120.328721028	758.9457997767131	708.3672920963523	0.962447	34.256454	0.0438506289036282	0.0201568816829468	-0.0076275143	-0.0269500151	-0.0696904291	-0.0403712573	-0.0536674774	0.0791898553	-0.0472434612	0.0472820633	-0.0241331093	0.0007976546	-0.0013577071	0.1414127248	-0.0700957189	-0.0944769618	-0.1283050748	0.0976896841	0.0095529919	-0.024837181	-0.1489756134	0.0304311243	-0.0426624743	-0.029465899	0.0158589353	0.0310691463	0.0314547343	0.0538189598	-0.0215622142	0.0122407903	0.0623095927	-0.0674990359	0.1486089157	0.0001608948	-0.0728255561	0.0262424669	0.1086672016	0.0158641297	0.2043942217	0.0199986191	0.0414583787	0.0960824215	0.1121148906	0.0860239808	0.0111224839	-0.022714222	-0.0116464627	-0.0108519656	0.0114357012	-0.0600044839	-0.0004816999	0.0558180316	0.1104651988	0.1008039332	0.0159343241	0.0636600735	-0.005528929	-0.0408395896	0.1243417155	-0.011834011	0.0332407267	0.0067818479	0.001691818	0.1073736914	-0.03949898	-0.0429594041	-0.0013314503	0.0339902272	0.1520616025	0.0075485956	0.0843499948	-0.0389358437	-0.0041637744	-0.0372031812	0.0041438746	-0.0258868186	-0.0204663578	-0.0497558809	0.0952370874	0.1105465196	-0.0154536994	0.0881649633	-0.0440387153	-0.0639368194	-0.0014779607	0.1121836099	-0.036446623	-0.1080093374	0.0894776844	0.0442886493	-0.0015165343	-0.0245104647	0.030305476	-0.0357989331	0.0072818282	0.1217643676	0.0821089724	-0.0916984126	-0.0900811715	-0.1044770939	-0.0026438433	0.0184785624	-0.1205221714	-0.0665388173	0.1188629852	-0.06151568	0.014734605	0.0561510174	-0.0728398316	-0.0815904583	-0.0165307172	0.0353577179	-0.1102159891	-0.0707019605	0.1439956969	0.0284317234	0.0104825764	-0.0092448806	0.0034009832	-0.0619637314	-0.1197895578	-0.0138068413	0.0101191987	0.0262590053	-0.1565463078	-0.0117213132	0.0682501494	0.0701531485	-0.0572246345	-0.0216821403	0.0224706945	0.0887715585	-0.051895479	-0.1162994656	-0.0556983982	-0.0314252075	-0.0421598087	0.0570067829	-0.0528298351	0.0512448296	0.0415404096	-0.0388041645	-0.0442745241	0.0750888041	-0.079724138	0.001182882	0.0502457827	0.0096345423	-0.0462482573	0.0767768603	-0.0386509074	0.0425980314	-0.0151009716	-0.0227720842	-0.055473352	-0.0141611215	-0.0373752654	0.0890585066	-0.0465348269	0.0172848705	0.0877622482	-0.0080487729	-0.0162232228	0.0493479271	-0.0835931164	0.0706558429	-0.0077803262	-0.0591676923	-0.0166693005	-0.0047549368	0.0143642467	0.0433295742	0.0535190942	0.0437177186	-0.0997747707	-0.0586887539	0.1143410763	0.002744948	0.0887483061	-0.090701983	-0.0691188767	-0.0448761538	-0.1024853639	-0.04797635	-0.0411546584	0.0911441736	-0.0544480209	-0.0340327152	0.0901455167	0.0	-0.0332804469636016	-0.0090336205372381	0.001107588150097	8.160630001080998e-05	0.1040184096063683	8.733991965929888e-05	0.0108198295370382	7.628261566092783e-09	-0.3681891476120427	-0.0117679591275958	0.1355632484192825	0.0001384848620287	0.0042818577573699	0.0001339179544116	1.793401851378737e-08	1.8334305854348797e-05	0.000949694172877	-0.0001385902478271	9.019190219965292e-07	1.920725679280469e-08	0.0003219689488504	0.0001867259841439	3.486659315450799e-08	1.0366400402383149e-07	0.0	0.0	0.0	0.0	0.0	0.0	0.0	0.0	0.0
796.276817067705	-1.8498688929283844	634056.7693994753	3.4220149210240867	875.1566912724421	-3.448678178053683	765899.2342789286	11.89338117578367	757.9508915138457	-0.4159911498344399	0.1730486367405795	574489.5539466335	758.8494707107544	675.2463164523716	1.021982	36.375462	0.0880062211702328	0.0518406890858028	-0.0074089184	0.046921213	-0.0730886208	0.0963660761	0.1032129434	0.1074613489	-0.0727490629	0.0949625271	-0.0447795554	0.0025892541	0.0065732202	-0.0115786878	-0.0325824827	0.1017344971	0.0047240169	0.0197112975	0.0557285454	-0.0297128108	-0.0394222579	-0.0331102178	0.0259302954	-0.0608703335	-0.0539671517	0.0323257874	-0.0324408073	0.021873001	-0.0846236384	0.0544806212	-0.0582422868	-0.0406894381	-0.0480230608	-0.053093494	-0.0217194393	-0.0174130281	0.0568345913	-0.0076433116	0.0732596754	-0.0114046405	-0.0146923975	-0.0333602711	-0.0119334291	-0.0028929561	-0.0970738252	-0.0129720205	0.0048948167	0.1618497091	0.0474515419	-0.0063112335	-0.0198367417	-0.016098861	0.0020209348	-0.1139269847	-0.0984381596	-0.049343957	0.0437672613	0.0691968586	-0.0333412548	-0.0208333621	-0.0601487714	-0.0382450094	0.0242139303	0.0175714118	-0.0163923717	-0.0014714865	-0.0423716805	0.0139631047	0.0721579323	0.0073825968	-0.0310682757	0.1139738128	-0.156949185	0.0710823498	-0.0046765451	-0.0297340713	0.0138580643	0.0293199107	-0.0139964957	0.0935256482	-0.0281103847	0.0331684496	-0.0162659489	0.0528546337	0.1326633957	-0.0555191418	-0.0714349407	-0.0104490935	-0.0312942806	-0.0389355708	-0.0527241277	0.0937906756	0.0552184674	-0.0139928784	0.084482279	0.0895045776	0.0159537552	0.0094362467	-0.0093756127	0.0388369287	-0.0165348153	0.0334505741	-0.129799562	0.0154949339	0.0470603906	-0.0079252876	-0.0404054312	-0.0408378884	0.0397853534	0.0115366372	-0.1259389575	0.0128792053	0.0415765205	0.0534125462	-0.0649345468	-0.0762800239	0.0065351488	0.0682074663	-0.0171496098	0.1085287031	0.044004874	-0.1099170342	0.0329465097	0.0318752977	0.0619976034	-0.0845201676	-0.0757917802	0.0682709834	0.0305548056	0.0392731305	0.1068381798	0.0155987618	0.0163218569	0.012542754	-0.0349330726	-0.0638596368	0.0574547102	0.0168765843	-0.039084321	-0.048982575	-0.0384326632	-0.1125607347	-0.0228915437	0.0294909676	0.0067751269	0.0718019727	-0.0597541023	-0.0959701735	-0.0071205171	-0.0100419211	0.0009120886	0.1639115564	0.0204361107	0.0837217374	-0.041254484	0.059307054	-0.045067336	-0.0618892664	-0.0286802945	-0.0616579845	0.0282038289	-0.0964616176	0.0378225665	0.083012381	-0.047568519	0.0213597157	0.0353883487	-0.008288085	0.0149582323	-0.0384492572	0.0590567209	-0.0380530463	0.0609387057	0.049592637	0.0142438802	-0.0267786065	0.1139047573	-0.0548943806	-0.0592566162	-0.1527671773	-0.008223701	0.063825422	0.0645499137	-0.0489959873	-0.0389928981	0.0907655546	-0.0582360367	-0.0283825523	0.0886396995	0.0	-0.0277306876010214	0.0055497593625802	0.0007689910348254	3.079982898254658e-05	0.1036919483833713	-0.0003264612229969	0.0107520201595397	1.0657693012069433e-07	-0.3335879602163771	0.0346011873956655	0.1112809272013232	0.0011972421691899	0.0036348250264946	-0.0006470327308753	4.18651354823949e-07	1.3211952973231468e-05	0.001227039736755	0.000277345563878	1.5056265155757795e-06	7.692056180280577e-08	0.0002957709798239	-2.6197969026499986e-05	6.863335811134525e-10	8.748047250598988e-08	0.0	0.0	0.0	0.0	0.0	0.0	0.0	0.0	0.0
795.056959914676	-1.219857153029011	632115.5695087666	1.488051473796044	877.6181982774001	2.46150700495798	770213.70194767	6.059016735457204	757.7690838059541	-0.1818077078916076	0.0330540426488001	574213.9843721151	757.9924916203817	690.4521489093027	1.080867	38.471371	0.0862971899647719	0.0399606041915456	-0.1282677719	0.018867303	0.0001378915	-0.0124549231	-0.0590353485	-0.0020058265	0.0981336721	0.1106472723	-0.0371998471	-0.0091979128	0.0412830609	0.0281243792	0.0253396562	0.089212409	0.0194944448	-0.0576736785	0.0248829657	-0.0241892603	-0.0798233786	0.0107861891	-0.0214497123	0.0351544264	0.0189847689	0.0264165425	-0.0104808395	-0.0977098781	0.0018550128	-0.0559670956	0.0542383744	-0.0134034053	-0.0012124675	-0.0657758994	0.0046752341	-0.024658064	0.0443618258	0.0267539056	0.0688914516	-0.0780929398	0.0329495581	-0.0500061585	-0.11798359	-0.0145064584	-0.0580570673	-0.0403819293	-0.0192430419	-0.0370000823	-0.1279803307	-0.0277601132	0.1042115295	-0.0692637588	-0.1050587871	0.0543329195	0.0659676504	-0.0334735495	0.1615711296	-0.0122623119	-0.1009693927	-0.0479555557	-0.0166259378	-0.1030486203	-0.0059385152	-0.1793748605	-0.1205758716	-0.034156058	-0.0891008598	-0.0162722951	-0.0212402494	-0.0787538845	0.0466888467	0.0098798378	-0.0734908068	0.0183965353	-0.0033558856	0.0193406661	-0.0335520486	-0.0051745089	-0.1359414515	0.0042043771	-0.1803157298	0.0449762281	0.036374369	-0.0131817587	0.0165116926	0.0308549591	-0.0153241693	-0.0083141515	-0.0289575088	-0.0829809087	0.015186694	0.0978916918	-0.0961728457	-0.0046697007	0.1046798286	0.0313905805	-0.0845089679	-0.0108681235	-0.0499002961	-0.0215085483	0.031792767	0.0154334057	0.0045663054	-0.0768422653	-0.0658039868	0.0702315133	-0.0230196583	-0.0795946257	0.1237682975	0.0420905302	0.0068835212	-0.0461612143	-0.0264389809	0.0718890155	0.0660574539	0.0992531222	-0.0305002514	-0.0360543607	-0.0301006021	-0.0212585252	0.0338522665	0.0331984911	0.0761671703	0.0745040117	0.1337239405	-0.0543492831	0.0098999334	0.0691998156	0.1311918766	-0.1446153767	-0.0766643491	-0.0180468131	-0.0718333623	-0.0196567756	0.0326875803	0.0415643769	0.0674475662	-0.0218360969	0.061584001	-0.0163002761	-0.0239401759	-0.0631201704	0.1166345431	-0.1098647727	0.0166119279	-0.0106461758	0.0372863817	0.0432626607	0.0651333323	0.0160981598	0.1034846809	0.0674849207	-0.0148383026	0.1787957802	0.0168558096	-0.0978930285	0.0792141448	0.0684739479	-0.0866702655	-0.1103523241	-0.0297208111	0.0666718915	0.0406646968	0.0892502672	-0.0040393613	-0.0106568092	0.0025294295	0.0300749807	0.0879463718	0.0647682144	0.0498841489	-0.0263286893	0.0909575697	-0.07650651	0.0311708017	0.0018865028	0.0156768797	0.0391737529	0.0054216163	-0.0787468104	-0.0084367712	0.0329953597	-0.0158420716	-0.0500071591	-0.0368041899	0.0902458083	-0.0618630933	-0.0226098321	0.0865828087	0.0	-0.0331971698795143	-0.0054664822784929	0.0011020520880093	2.9882428501076933e-05	0.0872269123865692	-0.0164650359968021	0.0076085342444942	0.0002710974103759	-0.3181866246545013	0.0154013355618757	0.1012427281090245	0.0002372011370894	0.0041480200871601	0.0005131950606655	2.633691702914664e-07	1.7206070643483682e-05	0.0010789568180042	-0.0001480829187507	1.1641478151177485e-06	2.1928550825756022e-08	-2.223776331182351e-05	-0.0003180087431357	1.011295607107626e-07	4.945181171126835e-10	0.0	0.0	0.0	0.0	0.0	0.0	0.0	0.0	0.0
795.1990290763817	0.1420691617057627	632341.4958440203	0.0201836467077781	879.8972098717322	2.2790115943321325	774219.0999400592	5.193893847100289	756.3587180064438	-1.4103657995102594	1.9891316884282133	572078.5103043512	756.990226987203	682.4793157908352	1.036383	36.888065	0.0939152167043928	0.0545298812634672	-0.0549963286	-0.0572116547	0.0803576022	0.035241011	-0.0392518054	0.0821406403	-0.0192451194	0.0067181101	-0.0206224757	0.1138544327	0.0809698344	0.1224053626	0.0702544104	-0.0050626468	0.0116548727	0.0010409009	-0.0591962629	-0.0171362665	0.0277471232	0.0039348979	-0.0142432081	0.0460282518	0.0166746338	0.0353789317	0.0470416268	0.0744334742	0.0263651995	-0.0282863308	0.0837471877	-0.0099288968	-0.0249741954	-0.0783504391	-0.1271275979	0.0441595502	-0.0188074327	-0.0802098022	-0.033664311	-0.0195014706	0.0081402501	0.0150503913	-0.0498071837	-0.04848368	-0.0224241665	0.0263942042	0.0396117761	-0.0288723948	0.0609464279	-0.1034735712	0.1834771066	-0.0460961871	0.0256191571	0.0087429132	-0.0071652534	-0.0511208694	-0.0027255622	-0.072820454	0.0612491115	-0.1192543419	0.0215418166	0.1773438434	-0.0534286287	-0.020902724	0.0244599024	-0.0110685717	-0.0726604444	-0.01567185	0.0765245568	-0.0020591216	-0.0237286239	-0.0176344422	0.0141124846	-0.0818069194	0.0483374199	0.1011620387	-0.0394026274	-0.0995321468	0.0184098485	-0.1033968992	-0.0279155662	0.0494805259	0.0648197037	0.0483493693	0.0713142145	-0.0191575909	-0.0776452743	0.0604102046	-0.0472910278	0.0780839646	-0.084963688	0.0563391439	0.0093607532	-0.0514538569	-0.0132607279	0.1106957027	-0.0935410155	-0.0081529205	-0.0180444771	-0.0880999231	0.0150024866	0.0089079401	-0.0471856869	0.0540206381	-0.1045723563	-0.0633633241	0.0469727416	-0.0445572874	-0.090975892	-0.0175325197	2.0627e-05	-0.0105106077	0.0209877896	0.0254652964	0.0519672046	0.0411285235	-0.0983185565	-0.0307236127	-0.019605493	-0.0781960123	0.0982156668	0.0379565213	-0.1373512488	-0.0420268303	-0.0648262375	0.0389014343	-0.0265778076	0.0463348148	-0.0041075197	0.0482774602	-0.0778826699	0.0772891554	0.0285918496	-0.0350503958	0.0632647112	-0.055013236	0.0114424139	0.0930883842	0.0294171395	-0.0748015325	-0.0738531726	-0.0157248575	0.0328561058	-0.0359332504	-0.0571910321	-0.0653302551	0.0734020306	-0.0050373687	0.1323682297	0.0331529188	0.0128724991	0.0442534397	-0.0736698137	-0.0697153357	0.071259324	0.0932475561	0.0054868147	0.0120274996	-0.032073948	0.0185186657	0.0857685855	0.0294471961	0.0454296319	0.0878621662	0.0504077519	0.0061670575	-0.0215442656	-0.0386752609	-0.0283629008	0.1193670611	-0.0316061222	-0.1033757584	0.0212927426	0.0170877831	-0.0132859546	-0.0245896071	0.0235881229	0.0231301276	0.034774806	-0.0562664675	-0.0002684632	-0.0525174556	-0.1065914763	-0.0510096905	-0.0345900464	0.0895857427	-0.0653191659	-0.0167394815	0.0839876321	0.0	-0.0396713646784689	-0.0064741947989545	0.001573817175452	4.191519829481079e-05	0.0950634171630895	0.0078365047765203	0.0090370532827235	6.141080711242549e-05	-0.3680826588068981	-0.0498960341523967	0.1354848437143553	0.0024896142241371	0.0043359139067196	0.0001878938195594	3.530408742865789e-08	1.8800149406484424e-05	0.0013113374536777	0.0002323806356735	1.7196059174179142e-06	5.4000759836019985e-08	0.0001516574409856	0.0001738952042974	3.0239542077642664e-08	2.2999979406300748e-08	0.0	0.0	0.0	0.0	0.0	0.0	0.0	0.0	0.0
795.1968399235675	-0.0021891528142532	632338.0142244279	4.792390044152916e-06	882.4678420140193	2.570632142287081	778749.4921888801	6.60814961095947	757.1347088670572	0.7759908606133195	0.6021618157554002	573252.9673712034	758.1258518981933	703.9129955355039	1.013052	36.057621	0.1115895097283249	0.0660333805348709	0.0503347441	-0.0351864428	0.0897747817	0.0705218668	-0.0775657597	0.0275247603	-0.0484153856	-0.0549660772	-0.0367212869	0.1324875885	-0.0048419973	0.0368987159	-0.0051906557	0.0513971558	0.0837823724	-0.0340397606	0.1072991428	0.070939854	0.010197442	-0.0018538792	0.0493102238	0.0236809993	-0.0056252408	0.0553600193	-0.1364140241	0.0467729033	0.0276753076	-0.0108845955	0.0525681676	-0.1000234938	0.0454767603	0.0211632141	-0.0138339274	-0.0117052762	0.0490227719	-0.0277046882	-0.0664109843	0.0388989994	0.0484742232	-0.029644718	0.0710871937	0.0127455244	0.0391034908	0.1320825412	-0.0803826669	0.0118363709	-0.0222213182	0.0658735112	0.0398933544	-0.0538670202	-0.1211855256	0.0854545335	0.0316956823	-0.0160803184	0.0067631183	-0.0213693581	0.0303404517	-0.0083603413	0.0108347701	0.033532258	-0.0355237019	-0.0332229797	-0.0474442783	-0.0304314598	-0.0857409255	-0.0949484508	-0.018916061	-0.0015130437	0.0388078642	0.0692361272	-0.049164232	0.0065002854	-0.0525036236	-0.0350564719	-0.0245864608	-0.0148318986	0.0374859736	0.0375857937	-0.1094164014	-0.0083269915	0.0182748159	-0.0946839585	-0.011291981	-0.0422477811	0.0314233566	-0.0737014356	0.0515163172	0.0638220074	0.0318420544	0.0978794199	0.0878069402	-0.0645103902	0.0412775588	-0.0454847607	-0.0658567307	-0.0200968344	0.0001106449	-0.0457951112	0.0131518593	-0.0838041861	0.053903915	-0.0495231699	-0.0286314111	0.0293698832	-0.016032265	0.1141550878	0.0175669079	-0.0428102781	0.0094745792	0.0403264383	-0.0143313276	0.0258914731	0.1365152873	-0.0579884571	-0.0518906858	0.0319564022	0.012661847	-0.0304620214	0.1447825694	0.011528414	0.040773056	0.0542988716	-0.0216667354	0.07211194	-0.0265149762	0.0347775557	-0.0048560585	0.0097460078	-0.1092764907	-0.0265179286	-0.1106864241	0.0274531265	-0.0853198268	-0.0323922823	-0.0221653777	0.0978999183	-0.0556031163	0.0084394546	0.0197272506	0.005794021	0.0181734184	-0.1314382898	-0.0063911704	0.0183002543	-0.0464038578	0.0554094274	-0.0708658618	-0.0025213408	0.0617954931	0.0615689111	-0.0310064413	0.1463357117	-0.0376205704	0.0806420635	-0.0053707656	-0.0719491829	0.0180941735	-0.0488625734	0.0486880645	-0.0945433431	0.0336574144	0.0084989548	0.105352356	0.0117484773	-0.0522119727	-0.0201094744	-0.0881615637	-0.007783333	-0.0115461147	-0.0597705408	0.0587365508	-0.0031341773	0.01528482	0.0043231554	0.0858948733	-0.0168542433	0.024852007	-0.0859435456	0.0186609259	-0.0046179613	0.0025026519	-0.0520034083	-0.0323519979	0.0887863842	-0.0685947023	-0.010796849	0.0808703038	0.0	-0.0330973050173355	0.0065740596611333	0.0010954315994105	4.321826042814137e-05	0.1034221548931242	0.0083587377300347	0.0106961421227373	6.986849643950572e-05	-0.3217672037645513	0.0463154550423468	0.1035341334184582	0.0021451213757796	0.0035448917975076	-0.0007910221092119	6.25715977262201e-07	1.2566257856036665e-05	0.0011418536976086	-0.0001694837560691	1.303829866742432e-06	2.8724743571290237e-08	0.0001979767216007	4.631928061509999e-05	2.145475756700378e-09	3.919478229576107e-08	0.0	0.0	0.0	0.0	0.0	0.0	0.0	0.0	0.0
796.0078564342066	0.8110165106390923	633628.5075049804	0.6577477805292089	879.3984628530649	-3.0693791609544405	773341.6564683333	9.421088433701383	757.2909200666213	0.1562111995641544	0.024401938869272	573489.5376153499	757.9109860738118	686.7479534350549	1.010483	35.966198	0.0440195679270219	0.023622812472685	-0.0195915696	-0.0482875561	0.0449568654	0.080763076	-0.0493748416	-0.0922187315	0.0931829181	-0.0749237426	-0.0647365655	0.1125182791	-0.0545776514	-0.028030879	0.0019522563	-0.0559001472	-0.148760258	0.0648444336	0.0419435414	-0.066355255	-0.0601666323	-0.0565711604	-0.0198132127	-0.1126340123	0.0303392668	0.0952752315	-0.027261053	-0.0184320467	0.0793373046	-0.0198599072	0.0237368798	0.0479541766	-0.0248219914	-0.064042651	0.0438300033	0.0791049283	-0.1164749187	0.0799069334	0.0788214789	-0.0757030992	0.0531456918	-0.0018344815	0.0053686646	-0.0109304006	0.0351891254	-0.0254337645	0.0963519601	0.110150524	-0.0076609521	0.0580821165	0.0459461406	-0.0262245331	-0.0860045472	0.0756460971	0.0467424812	0.0596560324	0.0103453183	0.1882878933	-0.0228644479	0.0182278879	0.0342585003	0.2130936639	-0.0772485695	0.0189925694	-0.0473422075	0.0690492526	0.0238898485	-0.0188008449	-0.0302466075	-0.0654746072	-0.0077844536	0.0945831495	0.1097831261	0.0401945684	-0.0421652818	0.0381375557	-0.0484484476	-0.000852718	-0.1110393306	0.0997052861	0.0354135533	-0.0853293621	-0.0301258397	-0.0084617714	-0.0568127139	-0.0267534183	0.0741581921	0.0979555665	-0.0202223133	-0.0528965591	0.0709711094	0.038072111	-0.050205225	-0.0613879687	0.012556879	-0.1083067192	-0.1061226196	0.0562881369	-0.0386122201	-0.1093030585	-0.0609060662	0.0491300488	-0.0108746343	-0.0954988611	-0.0484727768	-0.0260009455	0.078885283	0.0401447176	-0.0449578796	0.0990987389	0.0047298349	0.0370180652	0.0246438878	-0.1087022501	-0.0202392881	0.0313497792	-0.0514405611	-0.0731164615	-0.0878386082	0.0148580937	0.1399757402	-0.0875040732	0.0341918699	0.0237925016	0.0136675214	-0.0107423721	0.115383868	-0.0383906995	0.1698738408	0.0609328667	-0.0277362635	0.0349586899	0.1577629605	-0.1230814466	-0.0301873649	0.0411995543	-0.0702648893	-0.0493072454	-0.0002355523	0.0396125157	0.0699751463	0.0370276354	-0.0326636419	-0.1273223374	-0.0162287414	-0.0332006125	0.0173862995	-0.0159667905	-0.0053736077	0.0220168297	0.0811050766	-0.0577306175	0.0692100331	0.017333605	0.0112900653	-0.0172549901	-0.1138623996	-0.0394674381	-0.0769008896	-0.0995694689	-0.0057659771	0.0459586163	0.0037213188	-0.0180396746	0.0995132122	-0.0023951854	-0.0651204395	-0.0488831235	-0.056125308	-0.0659640128	-0.0621271717	-0.0268314288	0.0462282133	-0.0414866411	0.0546273651	-0.0213162899	-0.0233580112	-0.0420950115	-0.0447380067	0.0121570396	-0.0145482031	-0.0269191789	0.0554439188	-0.052988141	-0.0300915909	0.0878489756	-0.071680649	-0.0048075951	0.0772502043	0.0	-0.0479756549314771	-0.0148783499141416	0.0023016634661041	0.0002213652961676	0.1037342242381527	0.0003120693450285	0.0107607892782913	9.738727610651945e-08	-0.3054588053043545	0.0163083984601968	0.0933050817379635	0.0002659638603365	0.0036539173703102	0.0001090255728026	1.1886575524935046e-08	1.3351112149054608e-05	0.0010263161201424	-0.0001155375774662	1.053324778464149e-06	1.3348931806758176e-08	0.0001721248677164	-2.585185388430001e-05	6.683183492551975e-10	2.9626970086388197e-08	0.0	0.0	0.0	0.0	0.0	0.0	0.0	0.0	0.0
796.7332065393199	0.7253501051133071	634783.8024024266	0.5261327749878857	880.7382594768818	1.3397966238169374	775699.8817063671	1.795054993191264	757.9272680229552	0.636347956333907	0.4049387215303399	574453.7436127405	758.5321683120727	661.511824675455	1.021512	36.358753	0.0915294413656176	0.0604064963540592	0.0141611251	-0.1588038988	0.0033028723	0.0811448472	0.1476721606	-0.0319936819	0.0363088608	-0.1232114049	-0.0676273831	0.0123748665	0.088675834	-0.0830946767	0.0054249428	0.0317300294	-0.0127311119	0.0919402901	0.0017199753	0.1155683536	-0.0316921848	0.0072154367	0.0040711825	0.0777988272	-0.0440708075	0.0554453096	0.0672744103	0.0776077364	0.0194656463	0.0082130606	0.0389316768	-0.0235836198	-0.0154605337	0.0230102424	-0.0452054037	0.0651472356	-0.0361851142	0.0808791404	-0.0556227322	0.0345169044	-0.0359290624	-0.1255041147	-0.1047977084	0.0353918744	-0.1195573429	-0.0110345217	-0.0377672086	-0.0056206553	0.0258681681	-0.1245281606	0.0210521611	0.0207309283	0.039954831	-0.015357594	0.0398539961	0.1303965868	0.0344714898	0.0333484015	0.0963643378	0.01718573	-0.0539606393	-0.0439780664	0.0875666399	0.0373433952	0.0166272155	0.0078557742	-0.0220677664	-0.038512212	0.0856618034	-0.0473685375	0.0717161023	0.0453506036	0.063590716	-0.003074985	0.0689449764	-0.0001541067	-0.0493518968	0.176269511	-0.0522987307	0.0316125982	0.0416726781	-0.069721143	-0.0328942375	-0.0265656921	0.090493217	0.0152120445	-0.074780593	-0.0601749678	0.0201772388	0.0203563399	-0.0045525471	-0.0006777372	-0.0202415905	-0.077896828	-0.1268443754	-0.0228906359	-0.0523233738	0.0410038106	0.0042655381	-0.0386575975	0.0447391337	-0.0189814999	-0.0561243825	0.0153235829	-0.0063648528	0.0777650621	0.0466275339	-0.0589041231	0.0291713659	0.0699177037	-0.0127822551	0.028189944	-0.0527729716	-0.0985578953	-0.0402935725	0.0984162561	0.1234952531	0.0688918016	0.0084603076	0.0903063184	0.0139596818	0.0831126939	-0.0830925225	-0.0242240118	-0.0410544358	-0.0442917582	-0.1147879171	-0.0029877463	-0.0498318593	-0.0879068653	0.1026906475	0.0781857567	0.0802587426	0.0322149342	-0.0511792022	0.0071789238	-0.0528551436	0.0393281574	0.0547319846	0.0513817623	-0.1010483558	0.0038816714	-0.0100028153	-0.0277986231	0.054975016	-0.0353783043	-0.0441954207	-0.0521725913	-0.007262147	-0.1265735765	0.0167386499	0.0173362725	-0.0210636454	0.0536524567	0.0141610103	-0.0128329761	0.0824146492	0.0601375287	-0.0179228493	0.0075429614	0.1090985522	0.0471060183	-0.0137381142	-0.022454949	0.0893928848	0.0184359692	-0.052534519	-0.035859076	-0.0777656984	-0.0983280985	-0.0278952983	0.0094674993	0.0972131594	0.0320991064	0.0585165304	-0.0521250361	0.0180428642	-0.0205914434	-0.0259726237	0.0287500145	-0.076707587	-0.0738570603	-0.0762027001	-0.0539637182	-0.0278103878	0.0867749746	-0.0745684769	0.0012024181	0.0731498398	0.0	-0.0558633488822266	-0.0078876939507494	0.0031207137483373	6.221571586069017e-05	0.1075959924664289	0.0038617682282761	0.0115768975948358	1.4913253848923431e-05	-0.3631518494834864	-0.0576930441791319	0.1318792657832767	0.0033284873466552	0.0038348495174167	0.0001809321471065	3.2736441856568203e-08	1.4706070821231098e-05	0.0011875223605049	0.0001612062403624	1.4102093566991297e-06	2.5987451931812122e-08	0.0002717251803966	9.960031268020002e-05	9.920222285993612e-09	7.383457366156481e-08	0.0	0.0	0.0	0.0	0.0	0.0	0.0	0.0	0.0
797.0858510112081	0.3526444718881976	635345.8538822618	0.1243581235533057	878.169149017334	-2.569110459547801	771181.0542858286	6.600328553357913	758.2823108168147	0.3550427938595248	0.126055385471577	574992.0628976885	758.5751042938232	696.3920947171265	1.07078	38.112354	0.2080556524165687	0.1376677500834178	0.1128769285	-0.0233259842	0.0689834772	-0.0172029856	0.0077702008	0.0507242914	-0.1081187781	-0.0915586632	0.032578597	0.055576841	-0.0152127112	-0.0188237975	0.0891511984	-0.0503963525	0.0241341162	0.0178058106	0.0113600178	-0.0092092666	-0.0442907856	0.004717439	0.1390174524	0.0880031083	0.0051050723	-0.026167807	-0.0548946468	0.0607572857	0.0315045142	0.0055288269	0.0003099672	0.0525841552	-0.036803719	-0.0009319139	0.0773515677	0.0094510183	-0.1547897081	0.0904036182	0.0224350053	-0.0437792517	0.0268281992	-0.0369353818	0.0059151702	-0.0047904035	0.0357326204	0.0276802987	0.0010369451	0.0480393274	0.0127624483	0.057841171	0.0617141356	0.0288296949	0.0183902793	-0.0452349897	-0.1150818955	-0.048238685	-0.0436176751	0.0282679191	0.0475991371	-0.0645293641	0.0058167071	0.1171724089	0.1053340591	0.0287873561	-0.1297137863	-0.0884847937	-0.0734289762	-0.0171332841	0.0652945452	0.0073297661	0.1115314192	-0.1208795909	-0.0148397476	-0.0345838993	-0.028963453	-0.0803855104	-0.0110158111	-0.049600691	0.1237574659	-0.0806786759	0.0653023906	-0.0956659112	0.0197950346	0.0287705315	-0.1047122155	0.0556723609	-0.0244420573	0.0486190616	-0.0545628763	0.0424953336	0.0069928798	-0.0056493622	0.0941203493	0.0068060245	-0.0387274108	-0.0390357162	-0.0418251297	0.0098031899	-0.0485615299	-0.0213062668	-0.0861727259	0.0509044629	0.024429643	-0.0544184053	-0.1119402722	0.0449195857	-0.0219578176	0.113516594	-0.0086727402	0.0737844768	0.0088270886	0.0614378308	0.1137126677	0.0125060847	-0.0908330096	-0.1037968668	-0.0269793052	-0.0670569994	-0.0660175954	0.0744857631	0.0461549218	0.0281477278	0.1023351792	-0.0231138891	-0.080538172	0.0552217898	-0.0409760873	0.0854341842	0.016213788	-0.0842734694	-0.0425404805	0.0961299324	-0.0298262003	-0.044848323	0.003262639	-0.0296185808	-0.0599129367	0.0845897476	-0.0168136964	-0.0246330659	0.0122705714	0.0554247606	-0.0308115219	0.1041713231	-0.0474156007	0.0139397207	0.0241502182	0.090185941	0.0373323623	0.0849172607	-0.0212750239	-0.081340892	-0.0204306529	-0.1113685379	0.04270069	0.013825073	0.1432455348	0.0150382282	-0.0248256582	0.0479638368	0.0040562084	-0.0712842571	0.0213064571	-0.0278957763	0.0884228589	-0.0190810397	-0.0042157714	-0.1693614992	0.0933564367	-0.0938440044	-0.1293645302	-0.0210868706	0.0618680869	-0.1477382385	0.0834283314	-0.0265860788	0.0196712928	-0.0217225009	-0.1000099289	-0.0077767756	-0.1357353933	-0.0984378573	0.0217694095	-0.0549299716	-0.025509965	0.0855660509	-0.0772502043	0.0072072393	0.0685947023	0.0	-0.0467234085587477	0.0091399403234788	0.0021830769073476	8.35385091167555e-05	0.108453713889304	0.0008577214228751	0.011762208056383	7.356860392588891e-07	-0.4345166780794613	-0.0713648285959749	0.1888047435292102	0.0050929387605328	0.0060000554392802	0.0021652059218634	4.688116684072767e-06	3.600066527443591e-05	0.0011149351821679	-7.258717833699994e-05	1.2430804604357682e-06	5.268898458927433e-09	-2.434496088769616e-05	-0.0002960701412842	8.76575285601031e-08	5.926771206234556e-10	0.0	0.0	0.0	0.0	0.0	0.0	0.0	0.0	0.0
798.166624752359	1.0807737411508924	637069.960868573	1.168071879561296	883.5769322908842	5.407783273550194	780708.1952765698	29.24411993368925	756.8205434355773	-1.4617673812374503	2.136763876849794	572777.3349661225	757.4856489054362	695.851919384204	1.025788	36.510941	0.2085116757466522	0.1171486965157985	0.0272593129	0.0124378886	0.0820654485	0.0832394398	-0.075635348	-0.0466581397	0.1012534974	-0.0367829369	-0.0145746868	0.0488378725	-0.0852192528	0.0116111118	-0.0088694045	0.005566191	0.0178376524	0.0590823424	-0.113785221	0.0658672554	0.0076587328	0.0341802478	-0.1140880489	0.0830009969	-0.0066385133	0.0005260884	0.0304862234	-0.0564538752	-0.0024233534	0.0454859185	-0.0221502177	0.0762387771	-0.1394606222	-0.0602494283	0.1154189278	-0.0657794821	-0.1449705786	-0.0373067959	0.0381682568	-0.0607248583	0.0201479719	0.020591931	0.0286588839	-0.0201760444	-0.0831235489	0.0770090566	0.0189523734	-0.0716830499	0.0195943366	0.0412401487	-0.098344344	-0.0437338745	-0.0245366165	-0.0123201553	-0.0009644313	-0.0732848763	0.0598495939	0.0505726488	-0.0300502005	0.0553239665	-0.1135655055	0.0324826063	-0.0365886471	0.0218662305	-0.0547784023	-0.0780619944	0.0486045654	0.0246497953	0.1459892113	0.0665655858	-0.0676947661	0.0074052479	0.0850204469	0.1351235583	0.0140568711	0.0295092207	-0.0232742847	-0.0795835395	-0.0903300402	0.0169052111	0.0672223044	0.0392242714	-0.0008020651	-0.0278432644	-0.0112982362	0.0229641134	-0.0032930802	-0.0002414113	0.0370745722	-0.0252719301	0.0616348371	0.1173876083	-0.0698445903	0.0043892325	-0.0070897205	-0.0745985517	-0.0109265947	0.0518624091	0.0385634623	0.0218071299	0.0274644843	0.1038008257	-0.0317257081	-0.0070282039	-0.0940112028	0.0836737021	-0.168441355	-0.1167578304	-0.0715386632	0.0048349503	-0.0299778124	0.014778016	0.0171852678	-0.0144636439	-0.0895551548	-0.0760273393	0.0231732278	0.0046305673	-0.0233233777	-0.1172433141	0.0064299041	-0.0116851281	0.0756913305	-0.0396862738	0.0145232255	0.0623345594	-0.0557220347	-0.1160453307	0.0157184103	0.0409433089	-0.0050312226	-0.0494409265	0.1404106683	-0.0589843215	-0.0188260366	0.052903341	0.1502240923	0.0517331436	0.0461057199	0.0243399131	0.0527774504	-0.032264618	-0.0233727042	0.071603316	-0.0488444705	-0.0111691299	0.0544742126	0.0475446596	0.0149554228	-0.0542449906	0.0586063809	0.0722360423	0.0793068038	0.0265393337	-0.0260583478	-0.0194532194	0.114545216	0.0065430474	-0.0589605842	-0.0645186544	-0.0496256486	0.0140680982	0.018731446	0.0312856609	0.0749291521	0.1133174593	-0.086639991	0.0034275882	0.0350063574	0.0851644702	-0.0246781876	-0.0375566184	0.0732961586	-0.0210033099	-0.0139745211	-0.0222177262	-0.039108487	0.0631922749	0.0559462649	-0.0204377698	-0.0839175867	0.0363854027	-0.0609324478	-0.055886734	-0.0231919124	0.0842240844	-0.0797184191	0.0131809392	0.063613111	0.0	-0.0498401251973206	-0.0031167166385729	0.0024840380796845	9.713922605157164e-06	0.0893502112131017	-0.0191035026762022	0.0079834602438258	0.0003649438144996	-0.3666905966510541	0.0678260814284072	0.134461993672306	0.0046003773219329	0.0043459717246062	-0.0016540837146739	2.735992935149737e-06	1.888747023107659e-05	0.0005693190342135	-0.0005456161479544	3.241241627177924e-07	2.976969809085977e-07	0.0001452626765533	0.0001696076374409	2.87667506783164e-08	2.1101245199428653e-08	0.0	0.0	0.0	0.0	0.0	0.0	0.0	0.0	0.0
797.0453237275993	-1.1213010247596458	635281.2480760337	1.2573159881270315	884.7066181476299	1.129685856745709	782705.8001942162	1.2761901349312872	757.857302384594	1.0367589490167577	1.0748691183663317	574347.6907776541	758.7834842046102	690.3344292561573	1.004566	35.755589	0.1015039629110115	0.0488571929163408	-0.0360188123	-0.0565047369	0.0474403354	0.0226630352	-0.1065856229	0.0095344573	0.0500869943	-0.0312071504	-0.0381774277	-0.0164744913	0.0968010989	0.0277585301	-0.0374012343	0.014420169	0.0869272969	-0.0191689022	-0.065955817	0.044252082	0.00164947	-0.0264870828	-0.099594528	-0.0060010749	-0.0844902364	0.0516064412	0.0935029447	0.0150369606	0.0174025309	0.0713583518	0.0399610351	0.0417235221	-0.0673819713	0.0214375911	-0.043119987	-0.0658673327	-0.0761895642	0.0205278882	-0.0952547809	-0.0493925126	0.0334491057	0.1019499706	-0.079063342	-0.1291065018	0.0281560413	-0.0319924145	-0.0776005072	-0.104782173	-0.0146933544	-0.0376447819	-0.0608291564	-0.0606352272	0.0236949223	0.0643880984	-0.0640441597	0.0242442811	0.0786611058	0.0458550734	-0.0792350949	0.0509831893	-0.0493341097	0.0940425149	-0.0235049783	-0.1259773394	0.0103470422	-0.0789136838	-0.0440617388	0.0508169081	0.0166001087	0.1050370747	-0.1061421141	0.0773060835	-0.0038767139	-0.040686922	0.0178513426	-0.1674918425	-0.0406599101	0.0287976145	-0.0278829641	0.0101531244	0.0509772666	-0.050520612	0.0045407418	-0.0377789711	0.0119791773	-0.1050086617	0.1150964007	0.0831297789	0.0283858953	0.1321491518	0.0477782191	-0.0870589416	-0.0569398722	-0.0793430386	-0.0692167549	0.0298733836	-0.0420206084	-0.0093058686	0.0799742847	0.0318864162	0.0712471177	0.087169472	0.0445527105	0.0235870927	-0.0438908644	0.091713373	-0.0161072758	-0.0087024876	-0.0688046309	-0.0875376933	-0.0368481634	-0.1379843635	0.081393982	-0.0583813631	0.0024069633	-0.0016549683	-0.0048808287	0.0188121834	-0.0389656728	-0.0337003447	0.0091436759	0.0124570716	0.1066637778	-0.0269554972	-0.0758729365	-0.0651013884	0.0584571531	-0.0821846361	0.0641953492	-0.0317264052	-0.0728314025	0.0043284876	0.0433779443	-0.0039014996	0.0522413302	-0.1044487951	0.0675821991	-0.0643951247	0.0751210599	0.0561610665	-0.1690090079	-0.0001479057	0.0592377879	-0.0515524368	0.1102481867	-0.0518250477	-0.0601318192	-0.1002215796	0.0290937085	0.0786762826	-0.0337365178	0.0508519543	-0.0526391098	-0.0047300382	-0.0145494911	0.028384937	-0.0176097958	-0.1042027159	0.0726215515	-0.069793895	0.0302802863	0.0604834328	0.0081886406	0.069428856	0.0273015843	0.0191410543	0.1174577609	0.0317108376	0.079390508	0.0217909533	-0.0203597572	-0.0303714597	0.0818983662	-0.1621378624	0.0055199937	-0.0095622325	-0.0291498304	-0.0251868396	-0.138684086	0.0414660144	-0.1002231824	0.0869843033	-0.115384824	-0.0568338402	-0.0208578319	0.0827511615	-0.0819662993	0.0190977232	0.0582360367	0.0	-0.0298397838059543	0.0200003413913663	0.000890412697586	0.0004000136557712	0.121504017274276	0.0321538060611742	0.0147632262137875	0.0010338672442196	-0.3550047006201282	0.0116858960309259	0.1260283374623868	0.0001365601660456	0.0039548836240148	-0.0003910881005914	1.5294990242418914e-07	1.5641104479500438e-05	0.0007237011655045	0.000154382131291	5.237433769525716e-07	2.3833842461951563e-08	0.0003530708332218	0.0002078081566685	4.3184229977959864e-08	1.2465901327193614e-07	0.0	0.0	0.0	0.0	0.0	0.0	0.0	0.0	0.0
796.7746254039076	-0.270698323691704	634849.8036875373	0.0732775824494985	880.4158441103422	-4.290774037287747	775132.0585605263	18.41074183906259	756.9686970440246	-0.8886053405694838	0.7896194512886083	573001.6083045283	758.636620648702	691.6931191353776	1.065783	37.934475	0.3474720245602932	0.2203176407723947	-0.0218623323	0.0404183465	0.0890528776	-0.0452468052	0.0656171217	0.0458278493	-0.0506477251	-0.0114180466	0.1220008013	-0.0008263012	0.0175114646	-0.0194823237	0.0006820617	0.0433789775	-0.0247104458	0.0157059841	0.0090713309	0.0806120843	-0.0267184718	-0.0478208638	-0.0102095737	-0.0586623764	0.1231540043	-0.0038961248	-0.0093002378	0.010976715	-0.0536874799	0.0014011048	0.0146071446	-0.0394324344	-0.0226688092	0.0372768063	0.0581123882	0.0401723691	-0.0262640288	-0.0056006554	-0.1223805794	0.0592114349	0.0207784265	0.0011203687	0.0264550703	-0.0536143558	0.0642649596	-0.0043564672	0.0695480565	0.0834313626	-0.0435091408	-0.0333154494	-0.1119351637	-0.0246014525	0.0139888207	0.1251165132	0.0020644715	0.0826051731	0.0156970329	0.0723384928	-0.1204949265	0.0624595928	-0.0661556455	0.0136048139	-0.0256764716	-0.0376069929	-0.0492046691	0.0542991223	-0.109517796	-0.0016408823	-0.0041770918	-0.1243833641	-0.0023844664	0.0307885737	0.0630433681	0.0695084613	0.0954142223	-0.015461288	0.0026505473	-0.0406361137	0.0072030573	-0.0455055088	0.0020844055	-0.0501338168	0.0526496682	0.0260817266	-0.0422730776	-0.0028959095	0.0028244052	-0.1189955781	-0.0859528329	-0.0445796979	0.0326968901	0.0872634737	0.0478685929	0.0515546361	-0.0204315363	-0.0030095522	-0.0382725014	0.0770093222	0.0161420611	0.00562341	0.0053604574	-0.0399415781	-0.0243222836	0.0700179117	0.0143229637	0.0684504765	-0.0505286838	0.0617883737	-0.0103625426	-0.0042338978	-0.0567823865	0.0316240297	0.0196362298	-0.1408142397	0.0437510421	0.0528467467	-0.0418633002	0.1007595327	-0.0426431074	-0.0112326597	0.0581947367	-0.123511803	0.0439378252	-0.0814299766	0.0048878504	-0.0254447111	-0.001184124	-0.0242160264	0.0528162799	0.0524588929	0.0185560151	-0.0647478316	-0.0703034986	-0.0700001379	0.0006850516	0.1384897463	-0.0670853304	0.0197653981	0.0406780987	0.0166716044	0.0726082131	0.0344192419	-0.0738947294	-0.0869342741	0.0581600203	-0.0447531753	-0.1302641609	-0.0638607402	0.0106254712	0.0548247786	0.0685528647	0.0230052066	0.0053402388	-0.02809259	0.1245536043	0.0171291	-0.0782097475	0.0845773716	0.0105053719	0.1035936537	-0.0494064057	0.015366819	0.0971102713	0.0345919368	-0.0065575536	0.0437176176	0.0319718857	-0.0033793744	-0.0587902676	0.0165552694	0.0414213455	-0.0558444954	0.1767738397	-0.0103273931	-0.006894594	0.1471114035	0.1126571635	-0.2030952365	0.0261509516	0.034263185	0.0283733639	0.0202627204	0.1063270725	-0.0577711266	-0.0185093366	0.0811495725	-0.0839876321	0.0249320423	0.0524969085	0.0	-0.0584150484102394	-0.0285752646042851	0.0034123178807706	0.0008165457472049	0.1228868162760221	0.0013827990017461	0.0151011696144568	1.9121330792300305e-06	-0.5249240604668302	-0.1699193598467019	0.2755452692569843	0.0288725888507129	0.0063170854219164	0.0023622017979016	5.579997334009553e-06	3.990556822778871e-05	0.0006270639672627	-9.663719824179992e-05	3.932092190392365e-07	9.338748084024941e-09	-0.000139982192786	-0.0004930530260078	2.431012864554483e-07	1.9595014297176873e-08	0.0	0.0	0.0	0.0	0.0	0.0	0.0	0.0	0.0
796.8575852909795	0.0829598870718655	634982.0112357707	0.0068823428629766	880.6252168802115	0.2093727698693328	775500.7726053195	0.0438369567627566	758.9061930723265	1.9374960283018936	3.753890859685612	575938.6098835312	759.3895850245158	681.0019369743889	1.065535	37.925648	0.3328002909523597	0.2133377598178427	0.0196406962	0.0355590783	0.0052019516	0.1431068478	0.0215657297	0.0872719737	-0.0496730402	-0.0185095786	-0.0363790237	0.0680395378	0.0397275404	0.0226760523	-0.1322749886	-0.0487608383	0.096306961	-0.0504952982	-0.1014874017	-0.0559219889	0.0219950425	-0.0253119142	-0.0106768185	-0.0211307517	0.0101273289	0.0175186801	-0.0819029333	-0.0085089408	-0.1198505257	0.1463848525	-0.0878966269	-0.1079336401	0.0032914845	-0.0339007721	-0.1187270937	0.0413587247	0.058697262	-0.0351694239	-0.0185212075	0.0322429248	0.0118872216	0.0175966257	-0.0254895322	0.0094124504	-0.0738565667	-0.0155262638	-0.0997841021	-0.0223391117	0.0246197519	0.0414077766	-0.0640761622	0.0425775804	-0.0331783491	-0.0604834045	0.0169006282	-0.0309732286	-0.0987108904	0.0652930618	-0.0034506184	0.0839022218	0.0310810514	0.0060938048	-0.1017282514	0.0444259861	0.0059203896	0.1175938621	-0.0355326558	-0.0480601004	-0.0484400613	0.0404029922	0.003897984	-0.0882804177	0.0228173469	-0.0563706733	0.0114595994	0.0632357131	-0.0531539899	0.0657395586	0.0493912267	-0.0370493475	0.055366134	-0.0809280396	-0.0115340935	-0.0401889954	-0.1698653514	0.0678846179	-0.0440878651	0.036240587	0.0756313362	0.0249757695	-0.0642546648	0.0188310886	0.0664312571	-0.0762625784	0.038144582	0.0398907799	0.0912814847	-0.0257796417	0.1403368811	0.0546810815	0.0712423117	-0.0125064082	-0.0892901828	-0.0544746454	-0.0657705819	-0.0643790736	0.1314806772	-0.0253063704	0.0206060628	-0.0223528283	0.0165905379	-0.0662091027	-0.0075567317	0.0372076621	-0.0825803866	0.0351492486	-0.0039322496	0.0647145207	0.0579126575	0.0419904465	0.0321389686	0.0533627226	0.0356525605	-0.0002125197	0.0188667767	0.0343553498	0.0350118399	-0.0486796015	-0.0765324904	0.1245714553	-0.1172310494	-0.0487980275	-0.0147164147	0.0530935928	-0.0331377237	0.0874147014	-0.1051642663	0.113043559	-0.0296858071	0.0057348386	0.0109263938	0.0572150607	-0.0714531118	-0.0260287786	0.062462097	0.0184114128	-0.0272359201	0.0474466626	-0.0573806539	0.0512166212	-0.0290651285	-0.0836703439	0.0845966694	-0.0476284891	0.0030628833	0.0195474162	-0.1161610444	0.0903217843	-0.2110268388	-0.0229361182	0.0280316085	-0.1078032749	-0.011570983	0.0339976632	-0.0582388309	0.0933907858	0.0376719068	-0.0356060713	-0.0329398096	-0.002274624	-0.0882017739	-0.1402384702	0.1041598459	0.0425787613	-0.0789657478	-0.0287769954	-0.0454676386	-0.1324713614	-0.0796096811	0.0459344692	0.0753896174	0.0462731867	0.0229290218	-0.0586984312	-0.0161480496	0.0794218076	-0.0857768306	0.0306587036	0.0464314067	0.0	-0.0391888665591153	0.0192261818511241	0.0015357672621881	0.0003696460685724	0.1352124933175815	0.0123256770415594	0.018282418349157	0.0001519223145328	-0.3790112628025639	0.1459127976642662	0.1436495373311941	0.021290544522213	0.0035789421236431	-0.0027381432982733	7.497428721878988e-06	1.2808826724386982e-05	0.0006113828600062	-1.5681107256500042e-05	3.737890015093607e-07	2.458971247898583e-10	0.0002129060895924	0.0003528882823784	1.2453013983997737e-07	4.532900298552705e-08	0.0	0.0	0.0	0.0	0.0	0.0	0.0	0.0	0.0
797.0249758402796	0.1673905493000802	635248.8121131982	0.0280195959949825	885.349581351647	4.724364471435479	783843.8811995366	22.31961965896183	758.7039819702555	-0.2022111020709189	0.0408893298007356	575631.7322575218	759.5739827982585	701.7289745106417	1.120453	39.880344	0.1550086978643096	0.0963605012991065	-0.0154997569	0.1012391553	0.0210689829	0.0148481187	-0.0747610678	-0.1157220163	0.0686936026	0.0117474665	0.0595119715	0.0420576225	-0.079171239	-0.0035402012	-0.1332506196	-0.0991127181	0.0438500229	-0.0069226132	-0.0001781286	-0.055836499	0.0759980495	-0.0272403681	0.0936783864	0.0787073156	-0.0201067244	-0.0363516028	0.0154836605	-0.1250979378	0.0002183354	0.0645046637	-0.0497214994	0.067788975	0.001816227	0.0588064526	-0.0808797016	-0.0434826733	0.0085873824	0.0021553386	-0.0118566304	0.0259252599	-0.0557469248	0.1250903283	0.0920980301	0.0147419496	-0.0176965654	0.0361580973	0.0176621852	0.0328669396	-0.0492610022	0.0442504499	0.0797207665	-0.0659029728	-0.0580266685	0.0118924199	-0.1272605077	-0.0697436999	0.0242358535	-0.0577748687	-0.1267221288	-0.0408355198	-0.0084887479	-0.0723868593	0.0285916008	0.0660253689	0.1331395434	-0.0058974268	-0.0926669554	-0.0143409982	0.0318000717	-0.0407645893	0.0317303199	0.0654843835	0.1167375241	0.1864536182	0.0503034774	-0.0081490497	-0.0429618466	-0.0525513398	-0.0577993879	-0.0502640082	0.0180979381	-0.051826737	-0.0781922622	0.1089215745	0.0114365263	0.020619334	0.0452025279	0.0754358075	0.0444590695	0.0361703148	-0.0535869598	-0.034537804	-0.0767303014	0.0584074986	0.0709698386	-0.0655221637	0.0601584858	-0.0080926381	0.0753039675	0.0937582257	0.0739646637	0.127443724	-0.0454644117	0.003800778	-0.0083105687	-0.0770221951	0.0604446481	0.0440103242	-0.0804740234	-0.0935417783	0.063119231	0.0087803139	0.0725931427	-0.008805758	0.043201774	-0.1249841938	0.0232572354	-0.0579272739	-0.0058529735	-0.0922487699	0.0650226219	-0.068460177	0.0536705621	-0.0678844574	0.0781109048	0.0014883828	-0.0680343787	0.0438765432	-0.0518471219	-0.1018438789	0.0485563194	-0.1130555838	0.067728189	0.073998134	0.1463862259	0.1141519531	-0.0741928541	0.0224586793	0.0101154219	0.0227306998	0.063441235	-0.145690308	-0.1172534036	-0.0666715323	-0.1057831912	0.0429611162	0.0170055609	-0.0062728656	0.0385925198	0.0751685131	-0.0051516407	0.0197344839	-0.0055139408	-0.0725615405	0.1157731326	-0.0035598862	-0.0069914054	-0.0052618486	0.0366542206	-0.0545175241	-0.1086197761	-0.0030944018	-0.0557120711	-0.0504272359	-0.0355314693	0.0241933255	-0.1180936734	0.1168106055	0.0323463394	0.0399849143	-0.0503207248	-0.1172084251	0.0839805264	0.0037425694	0.1525252469	-0.0368808978	0.0900083194	-0.0949943203	0.1757492657	0.0259594078	0.0664975504	0.1569244383	-0.0509741965	-0.0596155937	-0.0137756027	0.0775705533	-0.0873289498	0.0362529791	0.0400772406	0.0	-0.051098534316651	-0.0119096677575357	0.0026110602093099	0.0001418401860948	0.1220080088824318	-0.0132044844351497	0.0148859542314555	0.0001743584091981	-0.4128797164599831	-0.0338684536574191	0.170469660264076	0.0011470721531447	0.0052219729733299	0.0016430308496868	2.6995503730225288e-06	2.726900173418792e-05	0.0008098547250003	0.000198471864994	6.558646756053115e-07	3.9391081194236256e-08	0.0001338869639892	-7.901912560320001e-05	6.244022211094299e-09	1.7925719126245335e-08	0.0	0.0	0.0	0.0	0.0	0.0	0.0	0.0	0.0
799.3088822264682	2.283906386188619	638894.689206126	5.216228380873156	882.1040441953219	-3.245537156325099	778107.5447857424	10.533511433086812	760.5280185652787	1.8240365950231308	3.327109499983577	578402.8670228289	762.6340032450358	695.3594904190455	1.292555	46.006012	0.6550068626103092	0.4223677794262812	-0.0200676779	-0.0184743074	-0.019292512	-0.2200085176	0.1103574511	-0.0111756702	-0.0184163086	0.003500391	0.2002544378	-0.1268918205	0.0186559943	-0.0245450322	0.0992873519	0.056300625	-0.0070561116	0.0262998307	-0.2029926293	-0.0096675167	0.0251943161	0.0539857201	0.2114206308	0.0820878211	-0.028630209	-0.2381600448	0.0509471188	0.0186528394	0.0921877341	-0.0611413147	-0.1319494154	0.0359676804	-0.0065754816	0.095812247	-0.0857748946	-0.0308895636	0.0973861741	0.1036504317	-0.044768248	0.079931676	-0.0129938748	0.0508456641	0.0178007711	0.0470600978	0.0656384847	-0.0487423231	0.0449183984	-0.0508082729	0.0460605941	0.0290544518	0.0678114555	0.0593858527	-0.0659030646	-0.0597918062	-0.0294885361	-0.0210917598	0.002846958	-0.0834269837	0.0779740484	-0.0336893124	-0.0563541749	-0.0141416066	-0.0724160535	-0.0077214716	0.0256675208	-0.0977394715	0.1044956837	-0.0889925739	-0.0626553046	0.0777839103	0.0740108516	0.064557136	-0.1126586393	0.02119906	-0.0005070703	0.0629614468	-0.0544094818	0.0617136503	-0.1433743198	0.0369403132	-0.0760851858	0.0195052785	0.0201132329	-0.0744246717	-0.1461455704	0.0492284942	0.0063251316	0.0362055932	-0.0156755562	-0.0720155723	0.1079675617	0.0429309983	0.0061927822	0.2572847941	-0.1146102932	-0.030222729	-0.0260472345	-0.0379581701	-0.0540794901	0.1966765181	-0.112479354	0.0183524323	0.0542060641	0.002059583	0.0660305264	0.0189341594	0.1692555389	0.0434506954	0.0919333081	-0.1595903943	0.0558949479	-0.0122912147	-0.0073345378	0.1102738579	-0.0618427849	0.0495528591	0.0262551849	-0.1014628222	0.0064281228	0.0288998798	0.0148100514	0.0259156378	-0.0750077879	0.0403113888	0.058609218	-0.019722419	-0.0839638387	0.0308577542	-0.0626909639	-0.0175116821	0.0338353264	-0.0312474824	0.0364397199	0.0679190686	-0.1111132876	-0.0827186949	-0.0042985615	0.0274884003	0.0069800734	-0.0125999983	0.0533054145	-0.0218192075	0.0603758552	-0.0268706954	-0.0144990754	-0.0348778755	0.0381012716	0.1596885164	-0.0286722063	0.0794567071	0.0651686916	-0.0033748062	0.0116799705	0.0991783242	0.0214285899	-0.0242869434	-0.014111805	0.1229228629	-0.0398126365	0.2123984055	-0.0586806992	0.1082065781	0.1207152883	-0.2482515135	-0.020634013	-0.004606275	0.0853340678	0.0803366872	-0.0267129957	-0.0337022052	0.1152936057	-0.0264726785	0.0444920864	0.104511471	0.0659937004	0.0402489092	-0.0328376584	-0.0229342057	0.0524191339	-0.1109158234	0.0228405255	0.0046724741	-0.0546722694	-0.0605224558	-0.0113936355	0.0755986879	-0.0886396995	0.0416907124	0.033473914	0.0	-0.0924784177956183	-0.0413798834789673	0.0085522577579809	0.0017122947567329	0.1279413569031362	0.0059333480207044	0.0163689908062156	3.5204618734797e-05	-0.7063614289253906	-0.2934817124654074	0.4989464682735195	0.086131515551628	0.0105687460463788	0.0053467730730489	2.858798229468078e-05	0.0001116983929928	0.0001661603889673	-0.000643694336033	2.7609274861764426e-08	4.143423982409648e-07	-0.0001598839998335	-0.0002937709638227	8.63013791853181e-08	2.5562893402758632e-08	0.0	0.0	0.0	0.0	1.0	0.0	0.0	0.0	0.0
798.3713433837808	-0.9375388426874453	637396.8019364227	0.878979081547714	880.2799390939566	-1.8241051013652625	774892.7711712599	3.327359420826774	759.0329936433819	-1.4950249218967429	2.235099517092362	576131.0854392343	758.9173787053426	690.4782946602431	1.139477	40.557465	0.5259873910395733	0.3238523477379665	0.0674090218	-0.0031233245	0.029909759	-0.0052322205	0.07944327	-0.0175674348	-0.0654347793	-0.0356132111	-0.0021665468	0.008828833	-0.0029700121	-0.0956587	0.0895976894	-0.0074934615	0.0037751096	0.0296860107	-0.0331435119	-0.064174545	0.1555978576	-0.2160163531	-0.0480305151	-0.0671129411	-0.110949234	-0.0434353723	-0.0451386525	0.082838026	0.0071092572	0.0356929296	0.0517772114	-0.0418491895	-0.0017319971	-0.0273036933	0.0634996253	0.0095946462	0.0286156048	-0.0527145322	-0.1146710207	0.0271990583	-0.0093447576	0.139258845	0.0360062252	-0.0031133967	0.0196880481	0.0220345467	0.0224869195	-0.1039768811	-0.0061490259	0.0061816991	-0.0278350359	0.0145103524	-0.0278458033	0.1068732205	0.0389295958	-0.0611585929	-0.0971145691	0.0206757124	0.0230201054	0.0642445449	0.0074748352	0.0172289518	0.0480600382	-0.0294906261	-0.016329945	0.0642845073	-0.0427446627	0.0458614585	0.055270154	0.014026714	0.0476434047	-0.0271004222	-0.059867353	-0.1241199356	-0.1369286318	0.0064663604	-0.1402316959	-0.0291042381	0.0126948401	-0.0607528403	0.0096034208	0.0002378984	-0.0139676995	-0.06270911	-0.0036619311	-0.0493240365	-0.0353314652	-0.0070375152	0.0826860568	-0.1029474256	-0.0055410242	-0.1030573107	0.0642730667	0.0112718979	-0.0172076541	0.0031240992	0.0080299698	-0.0163740832	0.1087686153	-0.0860848617	-0.0693053892	-0.1050356316	0.0588706215	0.073013388	0.0534858655	-0.0506974664	-0.0177669279	-0.0465157986	-0.033318745	-0.048019418	0.0016357499	0.0115209505	0.0382383735	-0.0275822389	-0.0312795773	0.0243314124	0.0313899445	-0.080795184	-0.0168449658	-0.0145643851	-0.0261953918	0.0007534466	0.0838623464	-0.0653105316	-0.0860223094	0.1500822144	0.0274477273	-0.0820294878	0.0122825605	0.0598308987	-0.064230038	-0.0247610321	-0.0771536149	0.0274810142	-0.0855825389	0.065802111	-0.0070041107	-0.0186843525	0.0051587742	-0.0478273202	-0.074140027	-0.0788057967	-0.0056375346	-0.0702477502	-0.0091757052	0.0046114576	0.0265789222	-0.0008354812	0.0345438583	0.0127855824	-0.0482067632	-0.1429444751	-0.1073617889	0.0196225772	-0.0729715099	-0.1169234973	0.0298977699	-0.0872924092	-0.0021183417	0.0634243992	-0.044451937	-0.0392636673	0.0220311298	-0.0710129904	0.0948783066	0.0480521227	0.0328810682	0.0094402338	-0.0300935551	-0.1460550728	-0.1260893982	0.0115986413	0.0099871788	-0.0738961486	0.0065544924	-0.0794030146	-0.1058756719	0.0273509093	-0.0120298072	-0.063910396	-0.0016017788	-0.0101408524	0.0805380942	-0.0614188607	-0.0090037942	0.0735092774	-0.0897054572	0.0469484232	0.0266624798	0.0	-0.0601854572714302	0.0322929605241881	0.0036222892669711	0.0010428352994167	0.1678734238559798	0.0399320669528436	0.0281814864371294	0.0015945699711263	-0.4716541539759191	0.2347072749494714	0.2224576409627399	0.0550875049142067	0.0068430184763348	-0.003725727570044	1.3881045926185972e-05	4.6826901867459445e-05	0.0005289587915011	0.0003627984025337	2.797974031063041e-07	1.3162268088107718e-07	0.0001326917998501	0.0002925757996836	8.560059856049803e-08	1.7607113747458996e-08	0.0	0.0	0.0	0.0	0.0	1.0	0.0	0.0	0.0
799.3851938854098	1.0138505016290082	639016.6882032142	1.0278928396533915	874.741909966102	-5.5380291278546565	765173.409051144	30.66976662096661	758.8864453478039	-0.1465482955779862	0.0214764029368128	575908.6369326254	759.4439114761352	709.3322753561029	1.178923	41.961494	0.7083212905369874	0.4217006079692084	-0.0100964899	0.0244567306	0.0947338553	-0.1202238814	-0.0245681724	-0.0283080534	0.0220883238	-0.0426333217	0.2034926985	0.0047426845	-0.0767773475	-0.0174945545	0.1150398646	0.0273453654	-0.1019417011	0.0127498037	-0.2432373356	-0.1204436742	-0.0155559633	0.2064062597	-0.020612826	0.010642127	-0.0588457478	-0.1998511019	0.0688919584	-0.001552197	0.0569963498	-0.0673085216	0.0060259837	-0.0583382785	-0.0370879333	-0.0762778665	-0.0326384503	-0.0372271678	-0.0606664744	-0.0383300773	-0.0132691803	0.0510057933	0.0054792072	0.0575685432	0.1294617186	-0.0426162463	0.1199720402	-0.0661838682	0.0622050089	-0.1075888177	-0.062453996	0.0683341701	0.0249789775	-0.0032587841	0.0836012083	0.0442206449	0.0255458601	0.0245290656	0.0435228082	-0.0378906343	-0.0566736803	0.0532718693	0.050686889	-0.0771590246	-0.1346072858	0.0412381897	-0.0088344598	-0.0813755928	0.0508317456	-0.0823687599	0.0048184791	-0.0289539953	-0.0620058825	0.0035635998	-0.0381097782	-0.0052970144	-0.1163810024	-0.059475433	0.0619385136	-0.0637962693	-0.0171891197	0.0126650508	0.0352558728	0.0636259604	-0.0898802027	0.0886822485	-0.0088330001	-0.0730032296	-0.0620148818	0.0746611487	0.0333330222	-0.1121432388	0.053191386	0.0691897594	-0.0137695825	0.2132050025	-0.0692858228	-0.0002757215	-0.11619957	0.030153182	0.0483492545	0.0593499732	-0.1279072165	-0.0297493304	0.0287854389	-0.0050794024	0.0141412	0.0731395742	-0.0302904922	-0.0042403616	0.0088993725	-0.1342394493	0.0985135124	0.0391827958	-0.0966645462	0.0501047449	0.0691234064	0.0913772764	-0.0343495668	-0.091068387	-0.0780158584	-0.1305310201	-0.0358772928	-0.0697958575	0.0882876315	0.0627654448	-0.0479673806	-0.0679928424	0.0106732518	-0.0528243394	-0.0320547376	0.0165743826	-0.0359555846	-0.1165229914	0.0689273277	-0.0684131739	0.0113515418	-0.036345941	-0.0223187269	-0.0703285612	-0.0755907796	0.0402734204	0.0959931793	0.015147293	0.0673801629	0.064412551	0.0012630515	-0.0329102214	0.0953052022	0.0005867363	0.0982125594	0.027507477	0.0215840503	-0.0532471643	0.0031361196	0.0614490674	-0.1714403309	0.0209953428	0.0880210851	-0.0339140306	0.0877632909	0.2189295304	-0.1279640438	0.114040082	0.2350244795	-0.2477138529	0.0292042972	0.0604389776	0.095697412	0.0875791997	-0.0765830109	0.013258914	0.1248832245	0.0360149894	0.0083812913	-0.0792680792	-0.0200272387	0.1210702135	-0.0145999483	-0.0561079775	0.0781154549	-0.1574999271	0.0076401345	-0.0213244595	-0.0659850149	-0.0623046536	-0.0066077305	0.0713055705	-0.090523277	0.0520034083	0.0196852849	0.0	-0.1094135194862104	-0.0492280622147802	0.0119713182463593	0.0024234021094222	0.0847137438115197	-0.0831596800444601	0.0071764183905637	0.0069155323850969	-0.7668220243991613	-0.2951678704232421	0.5880160171036278	0.0871240717301918	0.0116823066874644	0.0048392882111296	2.341871039037792e-05	0.0001364762895399	0.0002742418763321	-0.000254716915169	7.520860673415082e-08	6.488070687321155e-08	-0.0003886166309414	-0.0005213084307915	2.717624800142961e-07	1.510228858442443e-07	0.0	0.0	0.0	0.0	0.0	0.0	1.0	0.0	0.0
798.6784099535616	-0.7067839318481219	637887.2025259495	0.4995435263186907	878.5914989764874	3.849589010385444	771923.0220737511	14.819335548880378	758.9142422787472	0.0277969309432819	0.0007726693698655	575950.827133525	760.0863662465414	697.2206165089327	1.154317	41.085678	0.4906699031167987	0.2866096022974487	0.0475520821	0.0574615174	0.0873750842	-0.0259135203	0.0529790307	0.0460815878	-0.0636687549	-0.0723084707	0.1277739792	-0.0207077773	0.0524954637	-0.050076887	-0.074282275	0.0111939643	0.0571592464	-0.1267140637	-0.1568339709	0.0380770782	-0.050817452	-0.0123196698	-0.0690918	-0.1384023091	0.0484623575	-0.125917936	-0.0411028454	0.0055932919	-0.0306537724	0.0297682378	-0.0703787122	-0.0049591457	0.0866842678	0.0885728532	0.0016985166	-0.1086207564	0.0983576181	0.0516498409	-0.0101643592	-0.0243000439	0.1045416935	0.0170693703	-0.0240988971	-0.0238687346	0.0604458535	0.0365918844	-0.0191696348	0.0757040841	0.0462730955	0.1015064276	0.043555933	-0.0595963822	0.0479526652	-0.0285452106	-0.0289467598	0.0032130497	0.1024251348	-0.0281581029	0.0279184818	0.0098246319	-0.056576504	0.0471628891	0.0396014521	0.0355136361	0.0683666999	-0.003884782	-0.0032479058	0.0836803762	-0.0246424279	-0.1119289247	0.0610955304	0.1116641323	0.0660793534	0.0904862157	-0.0233014618	0.0789542953	0.1472140693	-0.0476341933	-0.0161285139	-0.0544417468	-0.0244009053	-0.0594650612	0.0903189148	0.0136444062	-0.0113246937	-0.0015583767	-0.0066646563	-0.0900650378	-0.0005628272	0.1148682801	0.0976586469	-0.0122552987	0.0757224793	0.0809054789	-0.0510185224	0.0481840361	0.0415425709	-0.0665890969	0.0210897043	0.14759611	0.0999445866	-0.0335488858	0.0446341887	-0.023964591	-0.0269286956	0.0713230687	0.0567166069	0.1198784879	0.0524225496	-0.0375130908	-0.1365788955	-0.0328028335	0.0119231794	0.0125496296	0.0665554794	-0.0758295574	0.0310812405	0.0165783822	-0.0034216863	0.0272997576	0.002018128	-0.0754913901	-0.041659442	-0.047987352	0.0380606018	0.0038754606	-0.0155642953	0.1130014133	-0.0481475222	-0.008164161	-0.0155712461	0.0191899578	0.1132980409	-0.1018481338	-0.015114958	0.0360284246	-0.0067314126	-0.0294907089	-0.0029855643	-0.0576851114	-0.0705377362	0.1395055418	-0.0589373474	-0.0526145434	-0.0982344762	0.0852513731	-0.0454997237	0.0281416829	-0.0391979912	-0.195150211	-0.0218253722	0.0854909075	0.0720280412	-0.0299638348	-0.0263670523	-0.099533498	-0.024451206	-0.0298443136	0.0871792867	0.1181062058	-0.0796429451	-0.0959748027	0.0961448111	-0.0094155435	-0.0357634131	0.0737614717	0.0962291439	0.0849854362	0.1074644073	-0.1264362959	-0.0925506065	-0.0707918859	-0.070939092	0.0106889632	-0.1424527276	-0.0500501945	-0.029989515	0.0238038428	-0.0692690686	-0.0123636001	-0.0423368456	0.0058729361	-0.038735967	-0.0631796814	-0.0042071001	0.0689909938	-0.0910908987	0.0568338402	0.0125857064	0.0	-0.0890767582583862	0.0203367612278242	0.0079346688618229	0.0004135838572375	0.1865430868538311	0.1018293430423114	0.0347983232529559	0.0103692151044287	-0.5754027929637431	0.1914192314354181	0.3310883741504762	0.0366413221633261	0.0086106679893967	-0.0030716386980676	9.434964291467027e-06	7.414360322362102e-05	0.0005646110857013	0.0002903692093692	3.187856780968008e-07	8.431427774969435e-08	-0.0002089331901534	0.0001796834407879	3.228613889341469e-08	4.3653077947676815e-08	0.0	0.0	0.0	0.0	0.0	0.0	0.0	0.0	0.0
798.0839416503846	-0.5944683031769955	636937.9779202145	0.3533925634821362	880.8998529287485	2.3083539522610863	775984.5508898908	5.328497968919377	759.4002253073076	0.4859830285603266	0.2361795040486672	576688.7021967894	759.9458503214519	676.0177428934549	1.145	40.754047	0.3203184014191167	0.201793650184703	-0.0445448523	0.0913841802	-0.0137207868	0.0616863881	0.0899882272	-0.0629293056	0.0931399291	0.0483499553	-0.0019398568	0.0040916028	-0.08057383	-0.0138318424	0.0014102946	0.0411983781	-0.0332091589	0.0142759453	-0.0532808306	-0.0779911654	0.0041961898	-0.1145211925	-0.0722149949	0.0921029578	-0.0742594187	-0.0397297073	-0.0065989796	-0.0591731634	-0.0786413309	-0.052104626	0.067210014	0.0456278796	0.0299984641	0.0880212174	-0.0603261999	-0.0212314436	0.0951283515	0.070422593	0.0423347205	-0.0020564003	-0.0936238522	0.0385128077	0.0177607638	-0.043617276	0.0109024175	-0.0022208888	0.0894542715	-0.1027539985	-0.1010356489	-0.0302781808	-0.0656979873	0.0009717224	0.0738258906	-0.0155169768	0.0542930625	-0.0496948763	0.0435632909	-0.0079653779	0.0218702737	-0.0370216103	0.0624667527	0.084109848	-0.0567272585	0.0485635347	0.0358558321	0.1564345579	-0.1150991475	-0.0296292809	-0.093784437	0.0117983217	0.0323089201	0.0253003964	0.0115655275	0.0144267553	0.0409535944	0.0335608743	0.0450972637	-0.0515890759	-0.0383813489	0.0032064507	0.0906472014	-0.1376300174	0.0081330329	-0.0269205503	0.0772816866	0.0468405187	-0.0589638974	0.0247731854	0.0942769512	0.0059325677	0.0569238561	-0.0682913843	-0.0574299865	0.0283970359	0.0836109075	-0.0045970277	0.058651744	-0.0199630267	0.0331755945	-0.0151761198	0.1076489696	-0.038781783	-0.005283483	0.0541664774	0.1180144006	0.0567901792	0.0109079425	0.0122053526	-0.0398902189	-0.0499242044	0.0086367331	0.0365914582	-0.0045000319	-0.0483188241	-0.061588693	0.1618558969	0.0198298449	-0.0976059158	0.0109088537	-0.055955195	-0.0079346048	0.0918694049	-0.0485385746	0.0296365414	0.0387780642	0.1067172911	0.1147446948	0.0166143126	-0.0233346476	0.0012949754	0.01771823	-0.0985300349	0.0250800499	-0.0362610101	0.0154050589	0.0801637296	-0.102333073	-0.0200501478	-0.0506809634	-0.0880353962	-0.1107000567	-0.0648409122	0.0299032546	-0.0287411656	-0.0807293156	0.0095721074	0.00613598	-0.0126109633	-0.0401997183	-0.0689380609	0.0229445198	0.0760631294	0.0776519153	-0.1200621493	-0.0596520235	-0.0486628217	0.0334366851	-0.0231281589	0.1338094458	-0.0342833983	-0.1411440047	0.0150290581	-0.0357621456	-0.036105448	-0.0289561272	0.108340504	-0.0508907095	0.1932510875	-0.0474979051	-0.0919521914	-0.0836317939	-0.0454462276	0.0537567802	-0.09331068	-0.052354598	-0.0414943064	-0.0838486093	0.011837518	0.0288144755	0.0383455557	0.029829047	-0.0418285872	0.0829071899	-0.0640437928	-0.0018035623	0.0665691461	-0.0914067533	0.0614188607	0.0054078825	0.0	-0.0910782995170365	-0.0020015412586503	0.008295256642915	4.006167410079448e-06	0.1448947099519841	-0.041648376901847	0.0209944769720696	0.0017345872985583	-0.4273754771698037	0.1480273157939394	0.1826497984861173	0.0219120862211586	0.0062330752297275	-0.0023775927596692	5.652947330831404e-06	3.885122681944253e-05	0.000419006229084	-0.0001456048566173	1.755662200111935e-07	2.1200774270544494e-08	-0.0001593074571463	4.9625733007100005e-05	2.4627133764919752e-09	2.537886590242021e-08	0.0	0.0	0.0	0.0	0.0	0.0	0.0	0.0	0.0
798.2675974949728	0.1836558445882019	637231.157210396	0.0337294692514057	880.6487621600811	-0.2510907686673818	775542.2422940831	0.0630465741099766	759.2198723272169	-0.1803529800906744	0.0325271974275872	576414.8145365554	759.706357828776	704.6359743052927	1.172667	41.7388	0.1022647506974693	0.0674221302272173	-0.0178089103	-0.0199176593	0.0231379483	-0.1496975981	-0.0414416913	-0.024531036	0.0105160029	-0.0204737931	0.0369169325	-0.0569630429	0.0810509671	0.0191184428	-0.0555192307	-4.34064e-05	-0.0519965926	-0.0398537111	-0.0749221154	-0.0684654561	0.1226662069	-0.0717976636	0.0294234857	0.0444854458	-0.0746853626	-0.0818358366	0.0730614046	0.0536559796	-0.0279295719	0.0130286994	-0.1024467229	0.0690790886	0.0337025916	-0.0157043206	0.1342844242	-0.0553716143	0.0832713184	-0.0147097123	0.0236165256	0.1303465961	0.0564125123	-0.0934179648	-0.0687606524	0.0537705159	-0.0720539856	-0.0327553762	-0.0183231967	-0.043050425	-0.029094101	-0.1197173295	0.0432359902	0.1068512517	-0.0771698529	0.0333068822	0.0150511464	0.0059052897	0.0328489517	0.1167245047	-0.0784917977	-0.0586587938	0.0271889326	0.1433628017	0.098178083	0.0463995855	0.0718738126	-0.0356397258	0.0358391275	-0.1104576832	-0.0098292433	0.0298967535	-0.0313267719	0.0011188883	-0.0396724377	0.0244346568	-0.0354032644	0.005600136	0.0314229011	-0.0632433388	-0.0451231843	-0.0072169579	0.0223522619	0.0722358505	0.0230662925	-0.1261264165	-0.0733999188	-0.1230316893	-0.0356088471	-0.0471422314	-0.0676956948	0.0255045072	0.0272505337	-0.1007091601	-0.0119576499	0.0273067936	-0.1276477565	0.0137955462	0.0529826422	-0.0290503618	0.0241932094	0.0131624897	-0.0028409799	-0.007446877	0.0073873066	-0.0121528479	0.0939111296	-0.0500246468	-0.0210913602	-0.0795702426	0.2429786634	0.0703368671	-0.0688414466	0.0358026201	-0.0642116547	-0.0447052345	0.0027938035	-0.0233421549	-0.0489504328	-0.0545676503	0.0523485118	0.0479861771	0.0339731661	0.054540247	0.0395489272	-0.0773956712	0.0564475708	-0.0062689138	0.0227165878	-0.0776588345	0.1828857058	-0.0158288793	0.0192340129	-0.0287172838	0.0127206856	-0.013307472	-0.0242700862	-0.0963416047	-0.0559734665	0.0330986836	0.0331849757	0.0236601001	-0.0633587416	0.0271806761	0.0063470909	0.0105828581	-0.0713061889	-0.0686171431	0.1610093407	0.0282082167	-0.072913179	0.0211107864	-0.1576886553	-0.0031422526	0.0135676955	0.0272830453	0.0564542753	0.1292656111	-0.0135440943	0.0087038791	-0.0055469147	0.1127389125	0.0147862204	0.0623738519	-0.0447237224	-0.0629743135	-0.0288564099	-0.0032814646	0.1162699006	0.0782347864	0.0064605355	0.0198807668	-0.1503010406	-0.0520163148	0.0097883857	0.0735839412	0.1341944893	-0.054419619	-0.0274761848	0.0436205726	0.0062565379	0.0671788845	-0.0779655742	-0.1235649693	0.0325208382	-0.0648968387	0.000601222	0.0640437928	-0.0914699679	0.0657386716	-0.0018035623	0.0	-0.09068007612737	0.0003982233896664	0.0082228762064656	1.585818680774744e-07	0.1384941461932243	-0.0064005637587598	0.0191806285297901	4.096721642994942e-05	-0.4798431150812661	-0.0524676379114624	0.2302494150908931	0.0027528530280083	0.0069440681737351	0.0007109929440076	5.055109664285944e-07	4.8220082801480735e-05	0.0004683000005123	4.929377142829999e-05	2.1930489047982017e-07	2.429875901625484e-09	-5.96276598305882e-05	9.96797973157118e-05	9.936061992901386e-09	3.555457816872342e-09	0.0	0.0	0.0	0.0	0.0	0.0	0.0	0.0	0.0
798.8371883585703	0.5695908635974547	638140.853504626	0.3244337518936942	875.7935656914344	-4.855196468646682	767014.3697065169	23.572932749159207	757.579838906565	-1.6400334206518892	2.6897096208551363	573927.212317697	758.1231865056355	689.1809252685731	1.018036	36.23502	0.1240645909746788	0.0657242644046186	0.1010730706	0.0269555294	-0.0180191561	-0.0663106218	0.0191716459	-0.0246008081	-0.0856672229	-0.0006548419	0.003363204	-0.0383024113	-0.0443269932	-0.0621475464	-0.0101525776	-0.0357514777	0.0110284369	-0.013263519	0.097144918	-0.0723153845	0.0330161346	-0.0335628634	-0.0388550623	-0.0359056108	0.0026423083	-0.0282489048	-0.0798169485	-0.009042659	0.0156050434	-0.0178688335	-0.0074103941	-0.0229332994	0.0312704924	0.0005347076	0.039094146	-0.0349758315	0.0484628342	0.0216219492	-0.1298881593	0.0251742767	0.067329887	0.0308173818	0.0596733745	0.0487765407	0.0944343081	-0.0135811059	-0.0287378328	0.0239258613	-0.0348962579	-0.0650077849	0.024142486	0.1054099825	-0.0285395359	-0.0720786657	0.0429646743	-0.0022862566	0.0246416026	0.0331726173	0.0113096822	-0.0556151818	0.0196588766	-0.1454864902	0.051837024	-0.0789584194	0.0285384763	-0.0929325724	0.0542658019	0.096459256	-0.0503975752	0.0275420282	-0.0240912884	0.0671513529	0.0626212386	0.0698448542	0.1214240285	0.0811290907	0.1200893893	0.0648022469	-0.0228031797	0.0421454344	-0.0255997111	-0.0571062841	-0.127458678	-0.0644420741	-0.0611287115	0.0803352245	-0.0016696918	0.0207223417	-0.0197057613	-0.0185738631	-0.1262475371	-0.0447931525	0.0869918229	0.0187546769	0.010749785	-0.0123394556	0.0269380388	0.0035423737	0.0533726786	0.0252150651	-0.0516201327	-0.0132961011	0.1318014525	-0.0420041984	0.007021618	-0.0653617412	-0.0164542551	0.0723133558	0.0552688385	-0.0633155403	-0.0337359926	0.0211630146	-0.0206116258	-0.0084683448	0.0382108078	0.0008880104	0.0141078291	0.0488700238	0.0799350626	0.1190608189	-0.0546843397	0.0315066531	-0.0374496667	-0.0940935209	0.0419141228	-0.0346494398	-0.0144744638	-0.0671143646	-0.0483817991	-0.0549471538	0.078608044	-0.1105123314	-0.0192529391	0.0021694952	0.0789009895	-0.0135599616	0.0259107389	-0.0779387039	0.1788496421	0.0447660109	0.0740454754	-0.1006528156	0.0232938897	-0.0392038474	-0.0216992687	0.0067693874	-0.0529465352	-0.055169171	-0.0138444457	0.0377036402	-0.0247998984	-0.0648838033	0.08721346	0.0866153404	0.0671488539	-0.0795242677	0.0056449377	0.0523812014	-0.0061790471	0.0358181983	-0.0309739762	-0.0858664363	-0.0575612456	-0.0722612876	0.0145419188	0.0159525959	0.0383177282	0.0999767382	0.0731560506	-0.0735741969	-0.0731281908	-0.0594217228	-0.0290729687	0.0580216857	-0.012553254	-0.0538673164	-0.0776737672	0.0234690157	0.0608509352	0.0077240264	0.0296071894	-0.0503580323	0.0953066431	-0.0657386716	0.0030055908	0.0614188607	-0.0912803678	0.0697746196	-0.0090037942	0.0	-0.0791504351677048	0.0115296409596652	0.006264791387237	0.0001329326206587	0.1626818664517912	0.0241877202585668	0.0264653896722384	0.0005850458113066	-0.4390414105235578	0.0408017045577083	0.1927573601545152	0.0016647790948145	0.006217037711477	-0.0007270304622581	5.285732930512277e-07	3.865155790592717e-05	0.0003200526253734	-0.0001482473751388	1.0243368300840593e-07	2.1977284235573743e-08	1.6005006747180864e-05	7.563266657776907e-05	5.7203002536639865e-09	2.56160240977305e-10	0.0	0.0	0.0	0.0	0.0	0.0	0.0	0.0	0.0
799.560030853433	0.7228424948626753	639296.2429383427	0.5225012723792967	886.5312598008376	10.73769410940315	785937.6746040601	115.29807478711112	757.2232706750991	-0.3565682314658716	0.1271409036906993	573387.0816518944	758.2086223602295	696.5257085336999	1.012495	36.037796	0.0783618205378892	0.0427522705694667	0.0233664034	0.0434237919	-0.0466633481	-0.0104403787	0.0056186288	-0.1163224473	0.0884317182	-0.0170423255	0.004586093	-0.0688281854	-0.0824816349	-0.0430353037	-0.0040731164	-0.0107867761	0.0928953248	0.0259603868	-0.0194608653	0.0356393288	0.0267981149	0.0023557356	0.0697126009	-0.0088464433	-0.0627151924	0.0171068724	0.0598575611	-0.1191715429	-0.0533772696	0.0537494749	0.0128482469	-0.0136769066	0.0133891563	0.0477039591	-0.0283455035	0.0354607033	0.1045283219	-0.0320000928	-0.0689363919	-0.1213058692	0.0296346406	0.0670564059	0.0830011331	0.0531838279	0.1279684546	0.0741531018	-0.0760614395	0.0127030038	0.0347833643	0.0407088059	0.0581947287	0.0449973712	-0.0098666392	0.0359651076	0.0711734803	-2.90069e-05	-0.0689121211	0.0054023794	0.0119531792	0.0693812675	-0.027103551	0.1131075282	0.0389347016	0.0145256566	0.0779761567	-0.0183258469	-0.043702181	-0.0159512008	0.048474512	0.1331187909	-0.0969068601	-0.1502404728	-0.0283808165	0.0431006865	0.09447406	-0.0480014348	0.0760431749	-0.0288920486	-0.0130700737	0.0503153009	-0.0601902056	0.0637651736	-0.0946703585	0.0597340653	-0.0669835179	-0.0069562637	0.0272626343	0.1172470147	0.0524458381	-0.0663861912	-0.1040576928	-0.0167787281	-0.0849544033	0.0242409469	0.0167074536	-0.0688921027	0.0718113535	0.0015514633	0.0541881069	-0.0059595453	0.0461924858	-0.0390174412	0.0229652473	-0.0202830489	0.0404355251	-0.0780021551	0.0208735368	0.0171313163	-0.0716352818	-0.1316248201	-0.0131314764	-0.1193021303	-0.0536356694	0.0047516749	-0.0071850461	-0.034069068	-0.0678446658	-0.076082402	0.1039722601	0.0275134684	0.0372963602	-0.0715903781	-0.0201813015	0.0395791398	-0.1051102112	0.0531733618	0.09403301	-0.0421315624	0.0304833193	0.0366534598	0.0274491548	-0.0540099904	-0.0775834432	0.0600147718	0.0416621665	-0.0572893279	-0.0235458148	0.1402181376	0.1171726382	0.0045436655	0.0312718177	0.0247302291	-0.0245676403	0.1216923826	-0.0242138176	-0.0233966948	-0.0353472139	-0.0607186589	-0.0037525183	0.0411202614	0.0167766371	-0.0156073706	-0.01073631	0.0688567943	0.0771291739	-0.0588219146	0.125440594	-0.0559672863	0.0527404315	-0.0217897889	-0.0863557048	0.0543200172	-0.0916101616	-0.0708589901	-0.0049871776	0.0846632597	0.0163559635	0.0679600998	0.0779038235	-0.0026137905	-0.0511824802	-0.0454506595	0.0298302266	-0.0456551908	-0.0195176496	0.0086165598	-0.0087136015	0.0214044944	0.0756575011	0.0112032238	-0.084349335	-0.0681234295	0.0728635365	-0.0665691461	0.0054078825	0.0586984312	-0.0908384769	0.0735092774	-0.0161480496	0.0	-0.0742292083960904	0.0049212267716143	0.0055099753791102	2.421847293765427e-05	0.1276996106005015	-0.0349822558512896	0.0163071905475197	0.001223758224445	-0.4393095160067162	-0.0002681054831584	0.1929928508540552	7.188055009961019e-08	0.0057200480217301	-0.0004969896897469	2.469987517147199e-07	3.2718949370898425e-05	0.0005228671328909	0.0002028145075174	2.733900386575501e-07	4.113372445956605e-08	-4.799544462495394e-05	-6.40004513721348e-05	4.0960577758369915e-09	2.3035627047470203e-09	0.0	0.0	0.0	0.0	0.0	0.0	0.0	0.0	0.0
799.0074682941471	-0.5525625592858887	638412.9343898224	0.3053253819245712	875.8720476003793	-10.659212200458228	767151.8437676812	113.61880473439754	758.1998042529895	0.9765335778903363	0.9536178287473016	574866.9431692716	758.9001731491089	701.7277854355572	1.027162	36.55986	0.1604966364896383	0.0834909556012226	0.033977624	-0.0431906967	-0.0400205494	-0.1591964227	0.0043070462	-0.0038948882	-0.0080860692	-0.0538983607	0.0180734492	-0.1290413445	0.0214625675	0.0301668474	-0.0607363791	-0.0245546246	-0.0361114886	0.0267258151	0.0011169012	-0.1171204783	-0.0097465593	0.1251072928	-0.0051308611	0.0140693496	0.0198466081	-0.0326345684	0.0173497887	0.0613848607	0.0082557029	0.072971411	-0.0240590645	0.0107580721	-0.0623203481	-0.0893426553	0.0477614727	0.2067115147	-0.0142816582	0.012586387	-0.0434689379	0.0078143944	-0.1011719979	0.0372432935	-0.0188992996	0.0029141446	-0.0103850205	0.0657647927	-0.0849858504	-0.0187411184	-0.1272850407	-0.0250928491	-0.0942552553	-0.1193275573	-0.0756061944	-0.0438105134	-0.0151260447	-0.0537280458	0.0289092416	0.0641718124	-0.0928059124	-0.0448102357	0.0051231562	-0.0204020144	0.0847405333	0.0900997175	0.0070357546	0.01172976	-0.030965379	0.0226733718	0.0896151844	0.0380017791	0.0455262524	0.1218913099	-0.0390232966	-0.0004602322	0.0762571951	0.0444318262	-0.0304359495	0.0278403787	0.0128142754	-0.0011943588	0.0176181	0.0058947634	-0.0208134964	0.0042926289	0.0429548847	0.0991957432	0.067981722	0.0369021706	-0.0066450184	0.0133278764	-0.0176113522	0.0115089752	0.0280274559	5.72837e-05	-0.1005751685	-0.0322008447	0.1001448547	-0.010599301	0.0155805857	-0.0546300373	-0.0419469186	-0.0146372554	0.0221516767	-0.0013710625	-0.0373018231	-0.0342852166	0.0237633716	-0.0319586698	-0.1011932467	0.0069419083	-0.1026448863	0.0164988578	0.0778812881	0.0045442003	-0.0545459376	0.0500716102	-0.0447560447	0.0174139708	0.1162604808	-0.1023809906	0.0120190465	-0.0473037948	0.0934033403	0.0099500894	0.156891306	-0.0807250698	-0.0713591149	-0.0912950772	0.0517570971	-0.0444326708	0.0451433736	0.020344578	0.0595592644	0.0386418678	-0.0207042168	0.0129287894	-0.0619544495	3.02885e-05	0.0192343352	0.0577427322	-0.1054743191	-0.1168130315	-0.0411324736	-0.0093599996	0.045034976	0.0122140111	-0.0375495705	0.054859859	0.0053385825	-0.0482360859	0.0111440026	0.1036220069	0.0321353022	-0.0293002599	0.0628745445	0.0071572652	-0.0170657115	0.0450861117	0.0398731717	0.0896461591	0.0362621841	0.0179457538	-0.0665918018	-0.0409030013	-0.0390389451	0.0629072813	0.1141187038	0.045100469	0.0222659936	0.0166705782	-0.055849201	-0.0071936318	-0.000818429	0.0642310596	0.0113772193	0.0099703174	0.0647911029	0.1284336883	0.0596934494	0.0166575911	-0.0863579959	0.0135215823	0.0856642212	-0.0673881186	0.0078064368	0.055886734	-0.0901455167	0.0769265184	-0.0231919124	0.0	-0.0742068001538882	2.240824220220428e-05	0.0055066491890791	5.021293185926486e-10	0.1696558480458492	0.0419562374453477	0.0287831067761562	0.0017603258605703	-0.502236517802487	-0.0629270017957708	0.2522415198143679	0.0039598075550049	0.0062660375259142	0.0005459895041841	2.981045386791994e-07	3.926322627616495e-05	8.775918888259682e-05	-0.0004351079440083	7.701675233331305e-09	1.893189229391327e-07	8.272688730899492e-05	0.0001307223319339	1.708832806624951e-08	6.843737883835145e-09	0.0	0.0	0.0	0.0	0.0	0.0	0.0	0.0	0.0
797.5831516787514	-1.4243166153956963	636138.8838418102	2.028677820892252	881.0561428363507	5.184095235971313	776259.9268296679	26.87484341562046	758.0285463598334	-0.1712578931560529	0.02932926596825	574607.2770964021	759.778553797404	687.3360542539018	1.099584	39.13755	0.1961352366992077	0.1241886396569532	0.0829198912	0.0899340549	-0.0430495968	0.0695936704	0.0369466296	0.0223838466	-0.0388838366	0.048073604	0.0158413039	-0.0223812123	-0.1474391302	0.0747489565	-0.0420230135	0.0312549611	-0.0256027295	0.0442024055	0.0093230647	0.0457085109	-0.0737152277	0.0414000022	-0.0716234991	-0.0535123142	0.0726514161	-0.0354380204	-0.1196478427	-0.0125158986	-0.0575426048	0.0085890911	-0.0328116026	-0.0842362702	-0.0235858832	-0.0161726279	-0.0218255471	-0.0760918646	0.0991116239	-0.0157558317	0.0235712902	0.0609238645	-0.0652998699	0.0261043944	-0.0312875564	0.0291334983	0.0186072502	-0.0110887988	0.1093214606	-0.131720328	0.0339688804	0.0125466163	-0.0117015314	0.0452511473	-0.0139550447	0.0494066606	0.1061963755	0.0334583742	-0.1087959265	-0.0369886553	-0.019618727	-0.111061674	-0.0681532403	0.0175154946	0.0451905228	0.0236883233	-0.0730294468	0.0364120279	0.0816130948	0.0109807313	0.0255854635	-0.0552004333	0.0645188316	0.1019280085	0.0056785515	-0.1475438184	0.0106221163	0.1014212067	0.0705014699	-0.1000834599	-0.0170208018	0.0743117014	0.0225026281	-0.121541506	-0.0129930551	0.1513230825	0.0256678356	-0.1140989677	-0.0043858172	-0.0402221737	-0.0714814372	0.0515042589	0.0401065832	-0.093286033	0.0881249451	0.0508249683	0.0970124462	-0.0315341014	0.0582230232	-0.018610156	-0.0096042339	0.0348826638	-0.0412163533	-0.0330563061	-0.0530471299	-0.116558234	0.1196030301	-0.0286335898	-0.0085733141	-0.0100365057	0.0151151444	-0.0840022171	0.056641767	-0.0025415986	0.0192900965	0.0221323877	0.0370833293	0.1087790661	0.0142072693	0.1098705099	-0.0050851456	-0.0276955729	-0.0007928159	0.0711812081	-0.1058037044	0.01395592	-0.0617336024	0.1494109936	-0.0655154909	-0.0239683853	0.1285646805	0.019126341	0.0294061811	0.0019229912	-0.0170771344	-0.0363552753	-0.016595266	0.0092863247	0.0109427643	-0.0936096352	-0.010109438	0.0244685014	-0.0865635824	-0.0053823977	0.0965544958	-0.0056830287	0.0019207405	0.2075364941	-0.0309149507	0.0988565322	0.1335931618	-0.0523559521	0.0339134064	-0.062937262	-1.42055e-05	0.0094104257	0.071973138	0.0750000771	-0.0475972726	0.0054054849	0.1085272418	-0.0046284762	-0.0412037793	-0.1086893662	-0.0272703625	-0.0077722811	-0.0584950227	0.0728813494	0.0114244693	0.0430497758	-0.028545878	-0.0373841052	-0.14992397	0.008581893	-0.0578182334	0.0532505496	-0.0887319343	0.0882826666	0.03921016	0.0149837413	-0.1047642718	0.0123707194	-0.0238365299	-0.0799161388	0.0734194766	-0.0681954477	0.010199596	0.052988141	-0.0892034024	0.080011587	-0.0300915909	0.0	-0.0741423804717271	6.44196821611015e-05	0.0054970925820143	4.149895449737338e-09	0.1655249274833323	-0.0041309205625169	0.0273985016183624	1.706450469382498e-05	-0.4141267936026906	0.0881097241997964	0.1715010011796455	0.0077633234985641	0.0047290217071361	-0.0015370158187781	2.3624176271741133e-06	2.236364630656443e-05	0.000508416668882	0.0004206574799994	2.584875091970692e-07	1.7695271547944826e-07	-3.620325900816849e-05	-0.0001189301463171	1.4144379703021897e-08	1.3106759628125326e-09	0.0	0.0	0.0	0.0	0.0	0.0	0.0	0.0	0.0
796.8904203434117	-0.6927313353396585	635034.3420350994	0.4798767029614663	881.5932599581205	0.5371171217698247	777206.6760035862	0.2884948024983007	758.8145265165505	0.7859801567170734	0.6177648067529953	575799.4856525367	759.3208848317464	692.3024753093	1.193054	42.464439	0.1006178268767328	0.0478814619531551	-0.1256245632	0.0144101143	-0.0488286283	-0.0433573393	0.0210678612	-0.0333672033	0.0819227224	0.0881183602	-0.0101964062	-0.0648791398	0.0472823281	0.0443243751	0.0430935797	0.0086243398	-0.0352068445	-0.0274383058	0.020980867	0.0739938671	-0.0827305136	-0.1069979414	-0.0339973564	0.0822034428	-0.0177684764	0.0022772471	0.1405570881	-0.0581783567	-0.0654295757	-0.0591270041	-0.0447676249	-0.0494911915	0.066728597	0.0055030191	0.0335315652	-0.0178887066	0.0330892981	-0.0620395253	0.0348634759	0.1063052019	0.040884644	-0.0835457685	0.0042847182	-0.1618715556	-0.0460498915	-0.0450802073	-0.0118201378	0.0975808635	-0.076965868	-0.0295723577	0.012135296	0.029454659	0.0637435451	0.0632378912	-0.0795579868	0.0556802318	0.0124524213	-0.0254879181	-0.0126750294	0.1779845311	0.0411298633	-0.0815870122	-0.0580448074	-0.0816491652	0.0037154133	-0.049652979	-0.0086733061	0.0220110539	0.0543835214	0.0200154892	0.0344479992	-0.0886785449	-0.0008445883	0.0931716865	-0.0434508504	-0.0263248878	0.0138884501	-0.104302033	-0.0371716133	0.0676100307	-0.0068843733	-0.1378940899	0.0258931807	-0.103795838	0.0319901382	0.0225249703	0.0838893652	-0.0689694592	-0.0025747054	-0.0956270195	0.0017368302	0.0500921118	-0.1302294808	0.0284148256	0.0299623549	0.089747654	0.0459180072	-0.0228825711	-0.0231511001	0.0496299744	0.0121671473	-0.0601444358	-0.0807693883	0.076679307	0.0998094901	0.0605708179	-0.0712498782	-0.0156587999	0.040871341	0.0478086033	-0.0619744145	0.0864014188	-0.0945943676	-0.0256855616	0.065222254	0.0269905399	-0.1047290269	-0.027331787	-0.0667150284	0.021975757	0.0625648746	0.017811335	0.0764205788	-0.0104696422	-0.0444499788	-0.0856279908	0.033905352	-0.0093035729	-0.1397997613	0.0100239572	-0.0050107762	0.0053839781	-0.0082237906	0.043546565	0.031923378	0.0787369052	0.1002126472	0.006954225	-0.0229509973	0.0696497366	-0.0292261144	0.0812866794	0.0008881886	-0.0073288217	-0.0679857739	-0.0967085588	-0.0137566809	-0.0180440535	-0.0655186471	0.0610605719	0.0585408103	-0.0517901094	-0.0077784232	0.0534494848	-0.067872886	-0.0347231267	-0.0157420014	0.0032644264	0.0784069057	0.0103035465	-0.0020197615	0.1231506392	-0.0114943677	0.0979469681	-0.0456619868	-0.0918522251	0.0089746039	0.0823072554	-0.0575001007	-0.0594902541	0.0937356504	0.0826119677	-0.0549213049	-0.1014347831	0.1465222209	0.1311295405	0.253697853	0.2692288036	-0.0328974679	0.1718431815	0.2659543121	-0.0548276885	0.014930914	-0.0689909938	0.0125857064	0.0500071591	-0.088014738	0.0827511615	-0.0368041899	0.0	-0.0646788923326084	0.0094634881391186	0.0041833591133731	8.955760775924022e-05	0.1319634699107723	-0.03356145757256	0.0174143573908913	0.0011263714343947	-0.4332963813070165	-0.0191695877043258	0.1877457540537554	0.0003674730927538	0.0050390093172775	0.0003099876101414	9.609231844117683e-08	2.5391614899609456e-05	0.0001702130863843	-0.0003382035824976	2.8972494776469172e-08	1.1438166321427855e-07	8.407141756729651e-05	0.0001202746765754	1.4465997825332709e-08	7.068003251774733e-09	0.0	0.0	0.0	0.0	0.0	0.0	0.0	0.0	0.0
797.0558375242239	0.1654171808121418	635298.008131442	0.0273628437078368	879.7072357177734	-1.8860242403470693	773884.8205742062	3.55708743517674	759.798238073228	0.9837115566775764	0.9676884267410208	577293.3625791817	761.0527905146281	698.8416634526548	1.17152	41.697975	0.4300517177963222	0.2930498504395625	-0.015228927	0.0363382827	0.0820770789	-0.1348751575	0.0451615337	0.1042485054	-0.0880236952	0.0472934661	0.1577451375	-0.01774134	0.040021647	0.0654429199	0.0288664309	0.0580553866	-0.1208026076	-0.019140863	-0.0577520826	0.0596648409	-0.0832996325	0.0341716845	0.0402651284	-0.1552509343	-0.0747991464	-0.151166107	-0.0275308031	0.0417527071	0.1349198914	-0.0189513173	0.0175477432	0.1089131194	0.1009427598	0.0340623489	0.0050049084	-0.0624090195	-0.0262066173	-0.0133898605	-0.0472166928	-0.0961098715	0.108818392	-0.0962900862	-0.041425832	0.0274072423	0.0264030669	-0.0412839937	0.0930989911	0.0958554907	-0.006412569	0.0174530614	-0.1419061767	0.0758145778	0.0630046193	0.0262387446	0.0662615861	-0.0657987813	-0.0034534097	-0.0291013286	-0.0048507068	0.0543503667	0.0770261445	0.0559339192	0.0696745804	-0.0661934218	-0.0301733834	-0.0334144879	-0.0826073452	-0.0443142826	0.0369560078	0.0196952401	-0.0643748867	0.0313904266	-0.0722926826	-0.07051391	0.1666157174	-0.0895017452	0.0144165616	0.0946957436	-0.0729307803	0.0412901222	0.0634126913	0.0711716124	-0.0046335886	0.0279106228	0.0580281608	0.0496187858	0.0063699765	0.0184374358	0.0542764433	0.0926371601	-0.0747266001	-0.0458185102	0.088213144	0.1264277514	-0.01765249	0.0797734426	-0.0894549257	-0.0513456297	-0.0432078725	0.0199481934	0.0403940875	0.1352797702	0.147469109	0.0163067768	0.0009040827	0.0237776176	-0.0329919346	0.0534064576	0.0526803007	0.0170365476	-0.0320133504	-0.0351888634	-0.1406134325	-0.0308890464	0.0306163657	0.0234064029	0.0207169401	-0.0325704004	-0.0183934005	0.1031898441	-0.0126021526	-0.1273456936	0.0285812765	0.0458405298	0.006456634	0.0573784107	0.0561921151	-0.009629784	0.0246555735	0.0754073947	0.1098835871	0.1375930212	-0.0810970408	0.0282394053	-0.0627061752	-0.0123969652	0.0506443794	0.0447946657	0.0114906815	0.0056626358	-0.0876814152	-0.0198487372	0.0757086323	0.1118214313	0.1231450672	-0.0356394231	0.0040894668	-0.1244789872	-0.0025173283	0.0517534141	0.0684784622	0.0608529436	0.0191875552	-0.1020120986	0.1473703136	0.0386485095	-0.0107356161	-0.0653092223	0.0569779062	0.1348194523	-0.072773286	-0.0450755839	0.1576230757	0.0170189497	-0.0145727195	-0.123609372	0.0447529185	-0.0348057107	0.1663416218	-0.045140896	-0.074442205	-0.0516752539	-0.0799154683	-0.1522442032	0.0990753982	0.1155831375	0.0983452697	0.1685505102	-0.0056311188	0.0974744396	0.089722339	-0.0309595175	-0.2027569653	-0.0697746196	0.0149631188	0.0469484232	-0.0865828087	0.0851334125	-0.0432879769	0.0	-0.0745959341788022	-0.0099170418461937	0.0055645533960081	9.834771897915888e-05	0.1470109285001797	0.0150474585894073	0.0216122130984849	0.0002264260099999	-0.6397219805706271	-0.2064255992636106	0.4092442124252058	0.0426115280313407	0.0087741233581159	0.0037351140408384	1.395107689806816e-05	7.698524070343503e-05	0.0001031208168871	-6.70922694972e-05	1.0633902875462809e-08	4.5013726262849136e-09	-8.695463403931084e-05	-0.0001710260516066	2.9249910328145922e-08	7.561108380910475e-09	0.0	0.0	0.0	0.0	0.0	0.0	0.0	0.0	0.0
798.1273841250917	1.071546600867805	637007.3212903617	1.148212117831347	881.5046566596397	1.797420941866335	777050.4597126293	3.2307220422596625	759.1241091854448	-0.6741288877832403	0.4544497573438686	576269.4131465951	760.5263222885131	689.0381682408162	1.114154	39.656162	0.2325268394500963	0.1581937106716713	-0.0381679313	0.1143564762	0.0912703286	0.0089890811	0.0853742385	-0.1038232531	0.082879077	0.008753045	0.137297659	0.0667326268	-0.09155457	-0.0402012303	-0.1063997449	-0.0292955826	-0.0591743316	-0.0672366977	-0.1035793823	0.0492043081	-0.0544669149	-0.0455991506	-0.0729546342	0.030582252	-0.0074540536	-0.0873682119	0.0324574491	-0.1624864932	0.0273542213	-0.0218378665	0.0215891927	0.0122327472	0.0032511548	-0.0109583236	0.043962062	-0.1587087842	0.0292066197	-0.0091966693	-0.1126206961	0.0104481308	-0.091004263	-0.0093381257	-0.0073864447	0.0357540933	-0.0708469399	0.0020117831	0.0369820331	-0.067423352	-0.0853834082	-0.0227005516	-0.0246410768	-0.0561287462	0.0867613191	-0.1489816934	0.0686408692	-0.0188081811	0.0362022499	0.0098373161	-0.0326663837	0.1114829228	0.0706455154	-0.0614134998	0.0277837397	-0.1185946035	-0.0110942044	-0.0042937474	0.0704924357	0.0836170575	0.0214124639	0.0440937425	0.0435205652	-0.0312614796	0.017276516	-0.0468096421	-0.0821976878	0.0257705347	-0.0730427816	0.1171470002	0.0902874855	0.0063541933	0.0696605251	-0.0468249142	0.1866911492	-0.0867605798	0.0386697455	-0.0693255606	8.89687e-05	-0.0383439088	-0.0058521675	0.0479435888	0.0106917142	-0.0496796792	-0.0879849791	0.1405174537	0.0713006493	-0.0203562037	-0.0539134785	0.0434527735	0.0916575999	0.0485686159	0.0812823229	0.0225750309	0.1395776124	0.0366677698	0.0616838652	0.028776028	-0.066614167	-0.0208079838	0.0801421532	-0.024831442	-0.0164159894	0.0728213478	0.0203814241	-0.0506356296	0.0524556986	0.0301168347	0.0772192638	-0.0150547759	0.0723554595	-0.0405213329	-0.0481140973	0.0554631469	-0.0199520057	-0.010666502	0.0402642785	-0.0177560726	-0.045382757	0.006203489	-0.0222953178	-0.0086904864	0.0308972582	0.1001931255	0.0679078945	0.0088678403	0.0272210585	0.0973276382	0.1196903034	0.0345987071	0.028182668	0.028608277	-0.0625590005	0.0786286205	-0.0403494258	0.0222593317	0.0775090353	0.0053227613	-0.0492115837	0.0704211153	-0.0181503976	-0.0500369135	-0.0693085539	-0.0510846419	-0.0899439852	-0.0283282098	-0.0988494086	-0.0195545158	-0.048883815	-0.0701073036	-0.1721277733	0.023391971	-0.1732722633	0.0276550252	0.0628975722	-0.0171377122	-0.0245651535	0.024832171	-0.1334828796	0.158295866	-0.0419876858	-0.0912526769	0.0137157817	-0.0712694554	0.077592506	0.0484746935	0.0114753547	0.0475082158	-0.0706087911	0.014233211	0.0956312845	0.050693635	-0.1124202384	-0.0412549245	0.0359106025	-0.0705461896	0.0173301903	0.0438166893	-0.0849115724	0.0871480531	-0.0495026423	0.0	-0.0861491003399947	-0.0115531661611925	0.0074216674893904	0.0001334756483481	0.1408202098739508	-0.0061907186262288	0.0198303315089435	3.832499710913726e-05	-0.5323435321593166	0.1073784484113105	0.2833896362318573	0.0115301311832204	0.0066920552739212	-0.0020820680841947	4.335007507222189e-06	4.478360378921654e-05	0.0001029903868894	-1.3042999770000404e-07	1.0607019791628294e-08	1.701198430002306e-14	-0.0001528462448742	-6.589161083488918e-05	4.341704378416485e-09	2.3361974572143915e-08	0.0	0.0	0.0	0.0	0.0	0.0	0.0	0.0	0.0
798.4337406401476	0.3063565150558816	637496.4381926184	0.0938543143171845	880.4467852372389	-1.057871422400808	775186.5416345887	1.119091946332309	760.806264705467	1.6821555200222065	2.82964719354118	578826.1724150851	760.2461095046997	703.5222255079635	1.166844	41.531574	0.1437280714460041	0.0717700433668072	-0.0317781412	-0.0248920847	-0.001350336	-0.0659859751	-0.0534392623	0.0483006907	-0.0304458204	-0.0035981468	0.02587044	-0.0153574662	0.1371100902	0.044028299	0.0168217503	-0.1398964515	-0.0120196641	0.0149044228	0.004794977	-0.117741633	0.0646026493	-0.087244614	-0.0545718014	0.051081621	0.0493489738	-0.0645789771	0.045991912	0.0651687987	0.0478309105	0.0951919496	0.0967336818	-0.0356639948	0.0229920774	0.0172634015	0.0057436225	-0.0699765488	0.0368795371	0.1324195911	0.0348945429	0.0159634178	-0.1460079878	-0.0275027672	-0.191219317	0.0325347741	-0.0206978962	-0.0516831642	-0.0786451172	0.0754240579	-0.0279900541	0.0381508885	-0.047730799	0.0590354494	-0.0071640206	-0.035432895	-0.0882631092	-0.0189323987	0.0509048576	0.0647024048	-0.0402990176	-0.0511676036	-0.0018722017	-0.0157860393	-0.0199505959	0.0172703627	0.0193754121	0.023806393	0.0021637303	-0.0289977361	0.0163779188	0.0222440919	-0.0275719996	0.0226518214	0.0035602388	0.0088538676	-0.0178200328	-0.014056564	0.1024457384	-0.014445907	0.0524462502	-0.1113376914	0.0349966943	0.0215962208	-0.039052354	0.0297786059	0.02785706	-0.0472816137	0.0771653382	-0.0019366056	0.1113595148	0.1587752784	0.1292785504	0.0249423722	0.0011695951	-0.0072248015	-0.1169683152	0.0679039737	0.0704823663	-0.0830300234	0.0566945519	-0.0989317336	0.0758858862	-0.0091714685	0.0601712537	-0.0578457772	0.0491897847	0.0974859992	0.0957395075	0.0064942856	0.1098810705	0.0831193438	0.0466778854	-0.0159535951	0.1552284304	0.0238957657	0.0023874509	0.0540568052	0.0950765932	-0.021999836	-0.0001316056	0.0886378332	0.0300632841	0.0164849159	0.0506010254	0.0116525854	0.0778434446	-0.0328670801	-0.0069486503	-0.0176201115	-0.0572245077	-0.0730824697	-0.0810960569	0.0020319721	0.0595038391	-0.0033871353	0.0180467897	0.014489651	-0.0272366573	-0.0270343711	-0.0416492633	-0.0310360106	-0.0300653146	0.016738424	-0.0193405223	0.0865375358	-0.0304708856	0.0091218494	0.0116744379	-0.0167866265	0.0305555914	-0.0136595138	-0.0518682117	0.0706916093	0.0967825307	-0.0891243924	-0.0449219779	0.0564991635	-0.0336626235	-0.0494500955	-0.0105560135	0.0802431332	0.040863811	0.0421636875	-0.0364151274	-0.0033356639	-0.0613436849	-9.95234e-05	0.0960373611	0.011955172	-0.0872766334	-0.0137232881	-0.0901959012	-0.078417968	-0.0213970667	0.0367154127	-0.0623793998	-0.0980696726	0.0230050793	0.1470480983	-0.127401993	0.0224326102	-0.0116973929	-0.0432299936	-0.0271275037	-0.0713055705	0.0196852849	0.0406168267	-0.0830056482	0.0887863842	-0.0554095495	0.0	-0.0880340647183572	-0.0018849643783624	0.0077499965508359	3.553090707695514e-06	0.1708764464146526	0.0300562365407018	0.0291987599392996	0.0009033773549906	-0.4847171862806618	0.0476263458786548	0.2349507506758417	0.0022682688217532	0.0060880072569598	-0.0006040480169613	3.648740067949992e-07	3.706383236079519e-05	0.0005113633934639	0.0004083730065744	2.6149252017491535e-07	1.6676851249869658e-07	0.0001179432245556	0.0002707894694298	7.33269367540726e-08	1.3910604218572689e-08	0.0	0.0	0.0	0.0	0.0	0.0	0.0	0.0	0.0
797.6304847712814	-0.8032558688661311	636214.3902364695	0.6452199908678832	876.5644574091984	-3.882327828040502	768365.2479930825	15.072469364377682	759.3550428278056	-1.4512218776613963	2.106044938203069	576620.0810680185	759.8178212229411	682.0263878202367	1.036811	36.903301	0.1430004382177261	0.0858373072459022	0.0760866543	0.0628443198	-0.0218058921	0.0393124097	0.0210930067	0.0357300967	-0.0918609751	0.0503790686	0.0047774259	0.0045326013	-0.0242910355	-0.0257098714	0.0422823404	-0.0549598788	0.0340453472	-0.0357855164	0.1217890911	-0.0427595251	-0.0019963361	0.0025044389	-0.0035292552	-0.0025133281	0.0241462338	-0.0388518234	-0.0769134201	0.0446259851	-0.0815798443	0.0117611001	-0.0279402829	0.0376618173	0.0139203667	0.088476309	-0.0120508617	0.0031798884	-0.0179084109	-0.0464256798	0.0207740027	-0.0207574928	0.0306296595	0.0114655349	0.023815745	-0.0729255526	0.0036661684	-0.0659119882	0.1572596666	-0.1049604675	0.001371948	-0.0446146355	0.1356301566	-0.0575636033	-0.1434641633	-0.1168695473	0.0348282151	0.11167899	-0.0897036667	-0.0054184302	-0.0707582838	-0.018484749	-0.0163202282	-0.0884385699	0.0119826458	0.0330704314	0.0639406708	-0.090888725	-0.0113343264	-0.0792746306	-0.0436092526	-0.0246847724	0.0605272719	-0.0840527594	0.067073005	-0.0380954964	-0.0086025667	-0.1344459683	0.0537787588	0.0797145352	0.0672871066	-0.1009819435	-0.0111862377	0.0452289738	0.0006810392	0.0550288492	-0.0536101516	-0.0368579366	-0.0432566749	-0.0306923781	0.019964168	0.1212969739	-0.0188352405	-0.0051118362	0.0758866625	0.0193033844	0.0543018204	0.0256337374	0.0500954674	0.0085167985	0.0174197338	0.0249213228	-0.0252760598	-0.0204689412	0.0151564646	-0.0237805004	0.0429815142	-0.0275488208	-0.0749960975	0.0634837081	-0.0446383059	0.0321422173	0.045268316	-0.0110993396	-0.0649860935	0.0634579982	-0.0992437858	-0.0582642043	-0.003967192	-0.1624279712	-0.128739302	-0.0329860094	-0.0140360448	0.0901668795	-0.0925816481	-0.086037191	0.0465466577	-0.0858111368	-0.0154843501	0.0328365386	0.0960292279	-0.1292065967	-0.0506357904	0.0057319753	-0.0378539928	0.092141078	0.0240806931	-0.0061758608	-0.0858037324	-0.0397568992	-0.0285271446	-0.0636101266	0.0385764124	0.0467262366	-0.0396982091	-0.0291629652	0.0881272873	0.0238541258	-0.0602833323	-0.0380624171	0.0666829378	0.0266178986	-0.1456973449	-0.0277567764	0.0238209692	-0.0326270414	-0.0128145038	0.093515566	-0.006937354	-0.0075655403	0.0030703874	0.0112476901	-0.0328164433	-0.1098309678	-0.0254642506	-0.0098551009	-0.0472637013	0.023655099	-0.0100674992	0.0352292185	-0.0339103269	0.0372326429	-0.0254592306	-0.104557911	-0.100830265	0.029869921	-0.0931224987	-0.0720946232	-0.018932599	-0.0160892957	-0.0959439139	0.0520878546	0.0758969084	0.0342318539	0.035612837	-0.0720526312	0.0220267751	0.0373538109	-0.0808703038	0.0900413312	-0.0609719752	0.0	-0.0604440114641136	0.0275900532542436	0.0036534785218738	0.0007612110385719	0.1652564953689363	-0.0056199510457163	0.0273097092616232	3.1583849756247774e-05	-0.4326928159580205	0.0520243703226412	0.1872230729816814	0.0027065351074673	0.0049474929964345	-0.0011405142605252	1.3007727784615712e-06	2.447768694976843e-05	0.0005102615940679	-1.1017993959999044e-06	2.603668943807144e-07	1.2139619090257539e-12	0.0001042380125744	-1.37052119812e-05	1.8783283544962803e-10	1.0865563265460772e-08	0.0	0.0	0.0	0.0	0.0	0.0	0.0	0.0	0.0
798.0876150771759	0.4571303058944522	636943.8413395744	0.2089681165671554	883.3048674950232	6.740410085824806	780227.4889404005	45.43312812508877	758.434795273557	-0.92024755424859	0.8468555611005115	575223.3386816423	758.9202555338542	690.129728348906	1.052332	37.455723	0.1099384526267264	0.0588064289217735	-0.0623168862	0.0658749698	-0.0227208979	0.0636686726	0.005409581	-0.0868488422	0.0947148818	0.0501875464	-0.0232029458	0.0495401757	-0.0442552733	-0.0219478313	-0.0938800746	-0.0391450124	0.0396093113	-0.0621421446	-0.0225333454	0.0273783151	0.0952961926	0.0039174095	0.0427327541	0.0561540674	-0.0037276135	0.0332594568	0.0626417434	-0.0981816392	0.0542516403	0.023151738	0.0159138137	-0.0614013685	0.0497725403	-0.0307739328	-0.0507188413	-0.0428055669	0.0171721613	-0.0026067869	0.0078173643	0.0221376745	-0.036373968	-0.0194979007	-0.0376792096	0.1254027304	0.0562287086	0.0126885511	0.0302191357	-0.0146306537	0.032385761	-0.0948057234	0.0632283609	0.0495676024	-0.0399518254	0.0715294175	-0.1022076063	-0.029182625	0.0057840434	0.0048628056	0.0925559798	0.0822038799	0.0039350009	-0.0490409918	0.0149638307	-0.0297023531	0.0276147939	0.0013822545	0.0935211746	0.0936117687	0.0224137369	-0.0459516385	-0.057177197	-0.0332354036	0.0738884718	-0.0138944815	-0.1068164731	0.0770807867	-0.0449618964	-0.0138748972	0.0852892298	-0.0062812962	-0.1425825608	0.045219427	-0.0533767405	0.0316921521	-0.1006026641	0.0281274316	-0.0071549201	-0.0009178984	0.0546904577	0.0085263863	-0.021901089	-0.063524024	-0.100160229	-0.0023100664	0.0550245309	0.0173012528	0.0102441195	-0.0265522137	0.0437389076	-0.043862913	0.0465597583	-0.0259304821	-0.0159400849	-0.0633102211	0.008566667	-0.1060686507	0.0314511073	0.0165391543	0.028142394	0.052687494	0.049378325	0.0016961757	0.0413976303	-0.046645595	0.1111077089	-0.0050466064	0.082870261	-0.0404501408	0.1163038205	-0.0322677872	-0.0184355407	0.0323339413	-0.0234776337	-0.1114156711	-0.0468223676	0.0166767842	-0.0502034453	0.05326714	-0.0835169434	0.0343459757	-0.003112066	-0.0077494495	-0.0288133622	-0.0182507025	0.0516881963	-0.1076608072	0.1127519174	-0.0003593229	0.012186058	0.016623672	0.091007158	0.0975396163	-0.0335611584	-0.0084451212	-0.011442928	0.0814711588	0.0825313518	-0.0450742484	-0.0609659511	0.0757455887	-0.0232918745	-0.0043118972	-0.0602405564	-0.0086071746	-0.0496980736	-0.0724266051	-0.0494728397	-0.0420640469	-0.1079822954	-0.0615840013	-0.0636017212	0.0676529646	-0.0542018995	0.0105190709	-0.0604738736	-0.0035172013	-0.0346666603	-0.0360304432	-0.0649415857	-0.007298658	0.000714958	-0.0049785082	-0.0183230999	-0.1019677932	0.0399970869	0.010446877	-0.1585791173	0.0462984221	-0.050541767	0.0099545274	0.1007436872	0.0093768476	0.0001529579	-0.0727872424	0.0243530426	0.0340327152	-0.0785114412	0.0909074754	-0.0661553376	0.0	-0.0596894394176246	0.000754572046489	0.0035628291779902	5.693789733426008e-07	0.1199446912494295	-0.0453118041195068	0.0143867289589209	0.0020531595925645	-0.4149231711948999	0.0177696447631205	0.1721612379944322	0.0003157602750074	0.0042859895094309	-0.0006615034870036	4.3758686331792274e-07	1.8369706074951724e-05	0.000300834724755	-0.0002094268693129	9.05015316184166e-08	4.385961359020252e-08	0.0001553562902101	5.11182776357e-05	2.6130783084405072e-09	2.4135576907844813e-08	0.0	0.0	0.0	0.0	0.0	0.0	0.0	0.0	0.0
799.3600286149491	1.2724135377732182	638976.4553472922	1.619036211108557	876.5644468160776	-6.740420678945611	768365.2294219761	45.433270929157615	758.426421474164	-0.0083737993929844	7.012051627394654e-05	575210.6367901063	758.3813477579753	702.9199839803429	1.030249	36.669708	0.16739732572949	0.0836485565685331	-0.0263126989	-0.0234009606	-0.0579977052	-0.0666534849	-0.0912712734	0.058659273	-0.058436896	0.0446266626	-0.0346095351	-0.0291539531	0.0649995314	-0.020819532	0.0243470237	-0.124070956	0.063900256	0.0568869821	0.0398563459	-0.0995228379	-0.0362550178	0.0195142509	-0.0043289764	0.0521693557	0.0134770778	0.0478810842	0.0316813147	0.0042146498	-0.1150973964	0.033187205	0.0175538852	-0.0835420522	0.1215791548	0.0402605074	0.0350137714	0.0376489068	-0.0922716371	0.0676795705	0.0278716607	-0.0301044485	0.0580268994	0.0221377049	-0.0448641852	-0.1013674142	0.0697617093	0.0143247508	0.019082167	-0.1291135343	0.1362318987	0.0320317971	-0.0387930829	0.0131095633	0.0116885634	0.0206688376	0.04012991	0.0720742619	0.1193093251	-0.0584381219	-0.0099983677	-0.1003885545	0.0721099668	-0.058862442	-0.0935049412	0.0812714621	0.0411830965	0.0118543896	-0.1073137988	0.1246897877	-0.0107316815	-0.0557487527	0.0584702807	-0.0315319405	0.041651572	0.0179837566	0.0378292822	-0.036047404	-0.0979220607	0.0722333888	-0.0140776285	-0.0138227295	-0.0187692743	0.0252156014	-0.060686637	0.0363731804	-0.037864449	-0.0545509733	0.1397758396	-0.0736784841	-0.0259636853	-0.0158756129	-0.0284683495	0.079612244	0.0008646852	-0.0465031885	-0.0457563246	0.0816584476	0.1226965051	0.0233275848	-0.0126008722	0.024055578	-0.0436854377	-0.0745697198	-0.0139031676	-0.0708449445	-0.1113717189	0.1553310287	0.0341168463	0.0319323077	-0.070033921	0.0391162225	0.0354384239	-0.1094345101	-0.0488711992	0.0344598588	0.0609050191	-0.0168922602	-0.0269772701	0.0157680235	-0.0873637014	-0.0700648409	-0.0900515502	0.0320298186	-0.0209808896	-0.0919502081	-0.0620401477	0.0156106856	0.0517396377	0.085504378	0.0233174295	-0.0330137052	-0.0275322041	0.0102242855	-0.0120077308	-0.0502956245	-0.0337937108	0.066868811	-0.0568818076	-0.0498914975	-0.0068433782	0.0664795559	0.0633456241	-0.2207936013	-0.0215933353	-0.0123300722	0.0944991913	-0.1277866726	-0.0458845688	-0.0276213311	-0.0443393365	-0.0303450744	0.0239800263	-0.118732719	-0.0344738442	-0.0318520172	0.0428095348	-0.0520974315	-0.0173034845	0.0394778298	0.0101458259	0.0200122254	0.0718455677	0.0091671293	-0.026702967	0.0229810881	-0.0806100398	0.0473267725	-0.026845002	-0.0687395	-0.0670520975	0.0223867792	0.0443941728	-0.0013408523	-0.0107577977	0.1336332499	-0.0691314087	0.0676681481	-0.0840921561	0.1276435011	-0.0438705255	0.0442613566	0.0288382068	0.0364604099	-0.0662640066	-0.0735092774	0.0266624798	0.0306587036	-0.07593558	0.0913810765	-0.070927412	0.0	-0.0556446371243453	0.0040448022932792	0.0030963256407	1.636042559171746e-05	0.1671754147882609	0.0472307235388314	0.027947619309627	0.0022307412460015	-0.4608580503646493	-0.0459348791697493	0.2123901425859056	0.0021100131243394	0.0033929096502443	-0.0008930798591865	7.975916348847567e-07	1.15118358947209e-05	0.0006759954771251	0.0003751607523701	4.5696988509359174e-07	1.4074559011889958e-07	0.000290854093206	0.0001354978029959	1.8359654616715725e-08	8.459610353468453e-08	0.0	0.0	0.0	0.0	0.0	0.0	0.0	0.0	0.0
798.8689193721993	-0.4911092427497578	638191.5503389055	0.2411882883142406	878.8846475161039	2.3202007000262483	772438.2236395061	5.383331288402293	759.5360865778599	1.109665103695875	1.2313566423603763	576895.0668140103	759.758562596639	681.0473982176629	1.014492	36.108894	0.1015197789412552	0.080574283847326	0.0279505819	0.0232566089	-0.0744990334	0.1087092813	0.0759408565	0.0844313504	-0.0900870183	0.0813716751	-0.0477569073	0.0166940371	-0.01618103	-0.0462591495	0.0143948893	0.0407526901	0.059550527	0.0098897843	0.0959654918	-0.009938112	0.0122835051	0.0095118146	-0.00066917	-0.0705241946	-0.0048251309	0.021819786	-0.0985823949	0.0382608526	0.0276795993	0.0481989497	-0.0331749945	-0.0176336267	0.0929991284	0.0439977442	0.1029612522	0.0435857878	0.005310663	-0.0017175289	0.0211155919	-0.1261923736	0.0248658771	0.0072431274	-0.0136211178	-0.0019014315	0.0551552969	0.0223468769	0.0598104292	0.0762798099	-0.0528409481	-0.1093764919	0.0043710869	-0.1002676645	-0.0626525577	0.054889823	0.0492505994	-0.0853355956	0.0214828913	-0.0298048194	0.1153132488	-0.0167100194	-0.074007081	0.0566063236	-0.030180193	0.0256959344	-0.0500413415	0.0238139842	-0.0832841176	0.0593236361	-0.0865720377	0.0148729789	0.0509927179	-0.0013940844	0.0586171624	-0.0073906355	0.0303207345	0.0502133974	0.1123410499	0.100464261	0.0445110732	-0.0223602054	0.0133545027	0.0112075432	0.0958578528	-0.0169693613	0.0683594988	0.0499891867	-0.0584757231	0.0204452611	-0.0214628207	-0.0619566441	0.000364007	0.0663126934	0.069823056	-0.0484276317	0.0600908954	0.0419789357	0.0050123959	-0.0665320927	0.0132687001	-0.0313848638	-0.0089518594	-0.0220982321	0.075899925	-0.0360180536	-0.0183916172	-0.0393978412	-0.0958513356	0.1078021294	-0.0419788515	0.0355282812	-0.0670214025	-0.0120525909	-0.0244546823	-0.0784528842	-0.0582398952	0.0574743414	-0.0482492069	-0.0757610019	-0.0356586887	0.0500909415	0.038665631	-0.0517362267	-0.0640606541	0.0236700607	0.0645737501	0.0882758428	0.0007673097	0.1283236769	-0.019224367	-0.0540991481	-0.0360871166	-0.0205991281	0.0038238953	0.0164908526	-0.0316948868	-0.0994995016	0.0482596823	-0.0190654662	-0.050783959	0.0278017499	0.0249387037	-0.012056446	-0.1245260931	0.0245584302	0.0031071742	0.003873927	-0.0122250157	0.0110566474	-0.0259579002	-0.1368693541	0.1432455156	0.0261220536	0.0244361383	0.0228159586	0.0955269067	-0.002483036	0.0177143207	0.0649889666	-0.0425305714	-0.0432868055	0.0367861033	-0.0907305249	-0.0190619878	0.0462824681	-0.0540927835	0.0054370653	0.0150122987	-0.0277150487	-0.0524349229	-0.0690924489	0.0138755272	0.1050783351	-0.0562274504	0.0130909545	-0.0897370366	-0.0118012518	0.0287846018	0.0251006051	-0.100221609	0.02065247	0.0816908933	0.096518828	0.0189970345	-0.0742186113	0.0289534907	0.0272370221	-0.0731498398	0.0914600897	-0.0752585301	0.0	-0.0518279822934601	0.0038166548308852	0.0026861397486112	1.4566854098119362e-05	0.167068530641572	-0.0001068841466888	0.0279118939307338	1.1424220813411042e-08	-0.3828480285188931	0.0780100218457561	0.1465726129408031	0.0060855635083753	0.003138410884504	-0.0002544987657403	6.476962176333625e-08	9.84962287997318e-06	0.000575014465413	-0.0001009810117121	3.306416354341982e-07	1.0197164726399282e-08	0.0003270986781121	3.624458490610001e-05	1.3136699350154926e-09	1.0699354522268323e-07	0.0	0.0	0.0	0.0	0.0	0.0	0.0	0.0	0.0
797.1961118270481	-1.6728075451512725	635521.6407121633	2.798285083115026	878.5592255225548	-0.325421993549071	771866.3127507913	0.1058994738854516	758.4337219645635	-1.1023646132964586	1.2152077406482509	575221.7106130207	758.9309131495157	686.8774949616077	1.111817	39.572971	0.0879339269938609	0.048039727541133	-0.1394328758	0.0317984851	-0.0304784441	-0.0109299816	-0.012458311	-0.0184717239	0.1095113615	0.122943615	-0.0015123985	-0.0374049996	0.0166399201	0.0156686123	0.0037338044	0.0853463829	0.0252578341	0.1052396111	0.022877011	-0.0471822318	-0.1166846356	0.0271675135	-0.034266601	0.0616537105	0.0521867434	0.0438529896	0.0660728456	-0.0836800793	0.1542345128	-0.079360933	0.0741510551	-0.0301594332	0.0398114953	-0.078508878	-0.0202116803	0.0576962583	0.1032673775	-0.0229810687	0.0360600153	0.0373193912	0.0682057055	-0.0789041399	0.0920495225	-0.0724239325	-0.1121589432	-0.0735698464	-0.0892290896	0.0753213628	0.0904965919	0.0661543561	-0.1418677483	-0.0248674721	0.0176232176	-0.0928548142	0.0955071645	-0.0869379177	0.0983651733	0.0049826679	-0.0559444168	-0.0367687281	-0.0140736952	0.0190462963	-0.016512319	-0.0072108912	-0.0259384821	-0.0551984901	0.0158538554	0.0610618595	-0.0936568833	-0.0362580087	-0.0024128496	0.0696417804	-0.0619703898	-0.0754667927	-0.1175453894	0.0220942047	-0.0290221142	-0.0437136144	0.0439543359	-0.0558421094	0.0061559454	0.0216234661	-0.117526296	0.0259602369	0.0211261028	0.0362422419	0.0027006914	-0.0139324928	0.0044535653	-0.0184348887	-0.1234011798	0.0086473132	-0.1268481369	0.007620782	0.0869343453	0.0472527559	-0.0787171669	-0.096537531	-0.1055362887	-0.0801506673	-0.0063344314	0.0482522456	0.0008928953	0.0602036968	0.0281878425	0.0457032342	0.0450699884	-0.0546924789	0.0508642821	0.020567384	-0.0117134243	0.0556641221	-0.1149864164	0.1149665427	-0.0251539114	-0.0176241858	-0.0504170237	0.2321501	-0.012790983	0.0602161312	-0.0822369672	-0.0983190441	0.0863849885	0.0202671088	0.0984228355	0.0296697824	0.0083641042	-0.0041478766	0.0081998159	0.0007195682	-0.0853042399	-0.0378302478	-0.0074668299	-0.0907864711	-0.0173434027	-0.044375836	-0.0001982585	-0.0383392776	-0.016107973	0.0208443708	0.0187464163	-0.0731426198	0.0058222755	-0.0180067937	-0.0123608247	0.0235689928	-0.0360131051	-0.0066775435	0.103859756	-0.0089637898	-0.0733988515	-0.0825408272	0.0276647326	-0.0055971373	-0.0368073471	-0.0886768093	0.0096915353	-0.1001927547	-0.0665358365	-0.0823383931	-0.0355536067	0.0924540332	0.0030405933	0.0968119387	0.0165313613	-0.0183368458	-0.001057793	0.051046544	0.0491807166	0.0013174227	0.0964547405	0.0490940898	0.024610641	-0.0671374779	-0.0858555273	0.0508159212	0.0333017605	0.0081187606	-0.0314360349	0.0919441844	0.0273870682	0.069526969	0.0288089494	-0.0749151215	0.0312244919	0.0237729909	-0.07016192	0.0911441736	-0.0791217655	0.0	-0.0492285315481808	0.0025994507452792	0.0024234483183902	6.757144177133107e-06	0.1282335053030152	-0.0388350253385568	0.0164438318822984	0.0015081591930463	-0.384414529048513	-0.0015665005296198	0.14777453014359	2.4539239092993462e-06	0.0034072270371545	0.0002688161526505	7.2262123925817e-08	1.1609196082716633e-05	0.0009270331519319	0.0003520186865188	8.593904647807931e-07	1.2391715565849158e-07	0.0006049228465508	0.0002778241684387	7.718626856865515e-08	3.659316502791227e-07	0.0	0.0	0.0	0.0	0.0	0.0	0.0	0.0	0.0
796.4323167263536	-0.7637951006944377	634304.4351261068	0.5833829558448262	883.7190682044396	5.159842681884811	780959.391508123	26.62397650180024	758.9988031949562	0.5650812303927069	0.3193167969421354	576079.1832513758	760.117672920227	688.3678335819849	1.110779	39.536041	0.1357334375776182	0.0715775971930566	-0.024855426	-0.1046301483	0.0612639978	-0.0081992443	0.0137908832	0.094772393	-0.0299530779	-0.0067036132	-0.0197429863	0.0484305398	0.0947123747	0.1440953676	0.0233986971	0.0919154445	-0.0101792209	0.0585938507	0.0134850671	0.0125056736	0.0166928118	-0.0131764056	0.0231890731	-0.0149794561	-0.0879982513	0.0217814043	-0.0086291993	0.0464780552	0.1012526637	0.0379846574	-0.0005185203	-0.0353485793	-0.0630358133	0.0015467539	0.0033065189	-0.0340138718	-0.0221284092	-0.0083741209	0.0140840148	0.0054348024	-0.0546930239	-0.0275374489	-0.0168465906	0.0649255484	0.0499687787	-0.0083254552	-0.1398703723	-0.0502688323	-0.0850318823	-0.0876945363	-0.0944956207	-0.0900173893	0.0850182213	0.0126297452	0.0862823276	0.0593929979	-0.094341155	0.004093042	0.0069266439	-0.0243076494	-0.0888348057	0.0063169855	-0.0847688715	0.0020717179	0.0449864091	-0.0550575003	0.0496247136	0.0006673684	-0.0847588184	-0.0540815782	-0.0296533069	-0.1020478967	0.0105207699	0.0470648092	0.1071338344	0.0998316396	-0.0216836569	-0.0176636001	0.0653384603	-0.0096589669	-0.0074385931	0.1287206934	0.0219955901	0.0037916281	-0.0605680107	0.0625775451	-0.0249558013	0.069133162	-0.1069862044	0.0847620851	-0.0100727404	0.0047567798	0.0409116089	-0.0381470945	-0.0328081407	0.0175781562	-0.0618009062	-0.1180600196	0.0131037992	-0.0670651395	0.002144427	0.0297335792	0.0019607839	0.01582448	-0.0336823285	0.0033656627	-0.0160441882	-0.0713682019	0.0489952508	-0.0443611039	0.0431100102	-0.0072499627	0.0218376251	-0.0967454701	-0.0424713854	0.0379935498	-0.0238701227	0.0410482437	0.1036526951	-0.0606415546	-0.1097534521	0.0477566772	-0.0687946559	0.0812888649	-0.006488386	-0.0833006551	0.0071889243	-0.0946152166	-0.0219657982	-0.0269497743	-0.0560981443	-0.0199293919	-0.1310107781	0.0075301282	-0.0694746288	-0.0228155609	-0.0283854827	-0.0549881891	0.0510707064	-0.094382886	0.0963557858	0.0136668698	-0.0674403149	0.0351290417	-0.0301361052	0.0573888986	0.0091908486	0.0732117043	-0.000119345	-0.02107893	0.0413203171	0.0390524741	-0.0597790595	-0.0254774326	0.0583460452	-0.0087782394	0.0013421799	0.0482324224	0.0003025545	0.0293130996	0.0925520265	0.0083352401	0.0192842287	0.0861319845	0.087936953	0.0078395334	0.0756567109	-0.0389900171	-0.0484131592	0.0940506647	0.0306521826	-0.0213522637	-0.0728894197	0.0019864838	-0.047290561	-0.0090943011	0.0318699961	-0.0044144651	0.0426108567	0.0201075628	0.0473585385	-0.0071316841	-0.0604780148	-0.0755986879	0.033473914	0.0202719962	-0.0669800789	0.0904346925	-0.0824931004	0.0	-0.0581150109840251	-0.0088864794358443	0.0033773545016733	7.896951676368364e-05	0.1499133723692978	0.0216798670662826	0.0224740192151357	0.0004700166360116	-0.4375829396871893	-0.0531684106386763	0.1914788291052823	0.0028268798898429	0.0041048889011415	0.000697661863987	4.867320764618153e-07	1.6850112890714673e-05	0.0009260439598006	-9.891921312999786e-07	8.575574154831753e-07	9.78501072625794e-13	0.0002636002939328	-0.000341322552618	1.1650108492566739e-07	6.948511496145857e-08	0.0	0.0	0.0	0.0	0.0	0.0	0.0	0.0	0.0
796.5553330212441	0.1230162948904762	634500.3985645851	0.0151330088085806	879.362901863685	-4.356166340754612	773279.1131741209	18.976185188323427	757.5910564757826	-1.4077467191735875	1.981750825344	573944.2088520924	758.0577915700277	706.5839347436597	1.081419	38.491005	0.1506622941406175	0.0942389445792971	0.0968667738	-0.0106525394	0.0842184145	0.0766883232	-0.066886132	-0.0137439044	-0.0458360343	-0.0674843398	0.004637025	0.0899880632	-0.1024983129	-0.0197053199	0.0351676885	-0.0169389546	-0.0672898419	-0.0300241684	0.0785306025	0.0104663236	-0.0426814018	-0.0723031205	-0.0259837298	-0.0318340442	-0.0330242429	0.0571885465	-0.0958457455	0.0046743463	-0.0181495013	-0.0014238387	-0.0612447349	-0.0812406579	-0.0565868048	0.0404773827	0.0305085702	0.0744103704	0.098509733	-0.0212941077	0.1070942525	0.0621332512	0.0407286756	-0.0110869171	0.1285666621	0.0124934477	-0.0034655081	0.0486601309	0.0776983382	-0.0517839952	0.0959500279	0.0524776751	0.0656341073	-0.0743042149	0.0785077058	-0.0583231415	-0.0331637145	0.0175789032	-0.0044275628	0.0360272327	-0.0641567109	-0.0293881976	0.0755720056	0.017961864	0.1168834426	-0.0267237871	0.1117540706	0.132277253	-0.0507972331	0.0177171113	0.036951817	0.0559473768	-0.1278368765	-0.0136668095	-0.0555144704	-0.0561632122	0.0353162197	-0.0280491415	-0.0345632563	0.0057834696	0.0755896764	0.0406002152	-0.0934212272	0.0227700571	0.1444326869	0.0244985108	-0.0284113728	-0.0235350803	-0.0255291466	-0.0922096774	0.0819024887	0.0115745837	0.078597428	0.1039439874	0.0663545668	-0.0344848947	0.0846483454	-0.08639064	-0.0565026687	0.0096751175	0.001821821	0.0321276957	-0.024216134	-0.1021479151	-0.0957821988	0.0120548439	0.0955737611	-0.0061926097	-0.0198478787	0.0014521938	-0.0309740513	-0.0152603147	-0.0517019864	0.0678495462	-0.0015200838	0.1007797893	-0.0462025026	-0.0926226817	0.0462239242	-0.0092212132	0.0875634893	-0.0663496329	-0.0659034448	-0.1029114825	-0.0582018499	-0.0235664432	-0.0671965276	-0.0347537382	0.1269693715	0.0974190179	0.0752451693	-0.0230293297	-0.0186571768	0.0299705652	-0.0411953977	0.0064125937	0.0842319483	0.006137073	-0.0140670718	0.08508689	-0.0320945607	-0.0088731172	-0.1029645545	0.0442544473	0.0043212766	-0.0591170333	-0.0391192727	0.0139198791	-0.0209994811	-0.0578718911	0.0158246309	-0.0355365433	0.0144901233	0.0509496671	0.0240530825	-0.0057875784	-0.0439596044	0.1162557697	0.0179352172	0.0820794851	-0.1900604841	-0.0622938008	-0.0007892415	-0.1006457568	-0.0070481703	-0.0141781992	0.1200046744	-0.0253822514	-0.0771872933	0.0016957141	-0.0439761811	-0.0704223917	0.0785616379	0.024527995	-0.0426632359	0.0500998506	0.0058744228	0.0486052709	0.0401315815	-0.0562479138	-0.0229759049	-0.0520058167	0.0686356723	0.0677276346	-0.0237687178	-0.0762691921	0.0357002023	0.0167394815	-0.063613111	0.0893347099	-0.0853515751	0.0	-0.0578462247973874	0.0002687861866376	0.0033461857233098	7.224601412723562e-08	0.1588290313309244	0.0089156589616266	0.0252266611935197	7.948897472003279e-05	-0.3658919659915511	0.0716909736956382	0.1338769307771624	0.0051395957094286	0.0030798592028903	-0.0010250296982512	1.0506858822969464e-06	9.485532709628074e-06	0.0007096448202312	-0.0002163991395694	5.035957708809721e-07	4.682858760637667e-08	0.0004179089620465	0.0001543086681137	2.381116505502402e-08	1.7464790055878297e-07	0.0	0.0	0.0	0.0	0.0	0.0	0.0	0.0	0.0
797.5763816623115	1.0210486410674091	636128.0845855452	1.042540327425603	881.8175613403321	2.454659476647066	777602.2114882104	6.025353146293249	759.3595270108062	1.7684705350236527	3.1274880332468444	576626.8912620754	759.8912399673462	692.2810087707428	1.079368	38.418022	0.0805828817898403	0.047656295603933	-0.0231542214	-0.0848895178	-0.0286628216	-0.0076363201	-0.0402026034	-0.1382338761	0.1146480596	-0.1163636126	-0.0691981864	-0.0389312481	-0.0021292028	-0.0260518233	-0.0325321873	0.0314419049	-0.1091021376	-0.0096617571	0.0198677705	0.0172592739	0.0086773548	0.021611721	-0.0642535498	-0.1034163883	0.0039775581	0.0269947716	0.1035729732	-0.0641587689	-0.0124885622	0.0033157299	0.1083590964	0.0333697949	-0.0154564691	0.1341409667	-0.0245886183	0.0862167723	0.04878333	0.0762192608	0.0209607237	0.046368836	-0.032209498	-0.0080872327	0.0265963527	-0.0383465873	0.0116108973	0.0616424926	-0.1344965187	0.0304497162	-0.0296008753	0.0264320434	-0.0213560957	0.0104768526	-0.0381284986	0.0551930249	-0.0830277264	0.1181576913	0.0668597851	-0.0346854365	-0.0181266359	-0.0013424861	0.1045005411	0.0061913736	-0.0258388867	0.0851111009	-0.1443925423	0.058460279	0.0184731884	-0.1157468594	0.0046603049	-0.0939105785	0.0142018689	-0.0323108614	0.0397379888	-0.0277406124	0.0697629933	0.0026120402	0.0133703297	0.0045292188	-0.0503537816	0.0036932104	0.1131006444	0.0124770833	0.0670442921	-0.014053399	0.0151991135	-0.0163824886	-0.0479965536	0.0159270975	-0.0702817689	-0.0909603823	-0.0786234565	-0.023723834	-0.1017263529	-0.0518645086	-0.0636834288	-0.1063440802	0.0089792719	0.0435395547	-0.0137930524	-0.0790027248	0.1262362241	-0.015519859	-0.025769763	0.0247621156	0.0653074943	0.0967600489	0.0965576777	0.0086288305	-0.0349112417	-0.0226000278	0.0202463535	0.0385984333	-0.0256621728	-0.0375145272	0.0957851094	-0.018654585	-0.1030359566	0.0190202372	0.0085445882	0.0140432973	-0.0466852031	0.0622517519	0.1197435538	0.0983812194	-0.022735655	-0.1088745738	-0.0664413274	0.0501211293	0.0640006491	0.0198746893	0.0092762792	0.0403595952	0.0224557873	-0.0582497245	-0.0439212721	0.0399082955	-0.0488004532	0.0147908906	-0.0380657691	-0.0331955362	0.1136402093	0.069229629	0.0738040147	-0.0130145522	-0.0071142419	-0.0771884642	-0.0118936085	-0.0089347233	-0.0663802141	-0.0447226307	-0.0247363464	0.0424560098	0.0149825031	-0.035306069	0.0791476593	-0.0194183598	0.0136078225	0.0229010472	-0.04898263	-0.0609748591	0.0416398279	0.097550112	-0.0667770638	-0.0312718586	0.0533302963	-0.0834148015	-0.0021582345	-0.013221173	0.0736771311	0.0295119655	0.0170528117	0.0378224776	0.0005628878	0.0070613915	0.0099965534	0.0592704294	-0.0388752565	-0.0200472545	0.0487223571	0.1338961935	0.0200598512	0.0984268466	-0.0315407354	-0.0769265184	0.0379018183	0.0131809392	-0.0600703222	0.0878489756	-0.0876794186	0.0	-0.0585055076915921	-0.0006592828942047	0.0034228944302509	4.346539345909263e-07	0.1145840962123685	-0.0442449351185559	0.0131295151048053	0.0019576142836452	-0.3777633044247608	-0.0118713384332097	0.1427051141699145	0.0001409286761958	0.0028309276086297	-0.0002489315942605	6.196693862112394e-08	8.014151125301871e-06	0.000684307376862	-2.533744336919992e-05	4.682765860277514e-07	6.41986036487413e-10	0.0002160314927989	-0.0002018774692476	4.075451258981568e-08	4.66696058809212e-08	0.0	0.0	0.0	0.0	0.0	0.0	0.0	0.0	0.0
796.6796992428892	-0.8966824194222909	634698.5431857405	0.8040393613010132	876.0321306081919	-5.785430732140185	767432.2938579281	33.47120875639212	758.2003245793937	-1.1592024314124956	1.3437502769926415	574867.732192298	758.7972131983439	687.821014438819	0.997921	35.519066	0.1670566639904474	0.0981796468733203	0.0676050214	-0.0288065141	-0.0530327024	-0.0134029842	0.007045595	0.0177583181	-0.0532895892	-0.0670690139	-0.0244486657	-0.0773716231	0.0173037781	-0.0236863169	0.0292629657	-0.0008664557	-0.0143383189	-0.1012005324	-0.0082314876	0.0378859263	-0.02865113	0.1179316057	-0.015391717	0.1367114374	-0.069205233	0.0266867112	-0.0489964946	0.0382723402	-0.1221418887	-0.0459544416	-0.0711412263	0.0038105469	0.0079639642	0.0600138976	0.0387499684	0.0137905662	-0.0552037889	-0.079197421	-0.0482509778	-0.0044748162	-0.0133923007	0.0101809081	-0.0265880344	0.0302035742	-0.0212901339	0.0034792019	0.0647027669	0.0111715613	0.056178451	-0.0439880699	-0.0775676576	0.167069244	-0.0001850871	0.0100854005	0.0511921614	0.035261019	0.0484778175	-0.0263883262	0.1253000527	0.0260177146	-0.0129436652	-0.0166631354	-0.1031537496	-0.1075551529	-0.0404117902	-0.0330749987	0.0589009528	-0.1048855796	-0.0182526568	-0.0335887242	-0.0262253126	-0.0411232616	0.0025948834	0.135884846	-0.051069811	0.0049641241	-0.0043038598	0.0910644243	0.0179135406	0.0449856335	-0.0904197432	0.0433258266	0.0057053676	0.0608552089	0.0977664448	-0.0669366003	0.0653164133	0.0662595942	-0.0137774954	-0.0809711672	0.0662999657	-0.1085957837	0.0518272367	-0.0311388314	-0.0458903767	-0.0409753832	0.0961749831	0.0873606873	-0.0444971742	0.1003991686	-0.001310304	-0.0941895988	-0.0291055376	0.0607333498	-0.0547283977	0.0042212354	-0.0423636181	0.0211211047	0.018277535	0.023108617	0.0325839669	-0.0592525525	-0.0076966064	0.0293655685	-0.0109265238	0.0700537222	0.0477170565	0.0608614812	-0.0578903826	0.0451526347	0.0142304349	0.0075865182	-0.0524662074	-0.0867300917	-0.0377249791	0.0422975808	0.0321326158	-0.0409277289	-0.0588702655	0.0433853309	-0.0107994644	0.0557509999	0.0144061041	-0.0167861345	-0.0670933991	-0.0161683786	-0.0219305252	0.0206477332	0.099040111	0.0029569745	0.0579219846	0.0455443378	0.0217334733	0.0138470696	0.0720587739	0.0890471493	0.0174674618	-0.0382781566	-0.0341452513	0.0688886057	0.073098962	0.0069175778	-0.0430792698	0.1049321271	-0.1041307757	0.037258059	-0.0042370525	0.0348494205	0.1158462111	0.0026867443	0.0488886685	-0.0261859321	-0.0363564741	-0.0179869063	-0.0510504526	-0.0430155158	-0.0450081001	-0.0862613935	-0.0327162843	0.0491085752	0.0137161757	0.0366062184	0.0076677704	0.0465417202	-0.0477329103	-0.0124254897	-0.0015211379	-0.082629869	0.0584981883	0.1039649455	-0.0397948968	0.0641850687	0.0094208644	-0.0775705533	0.0400772406	0.0096019025	-0.0563615044	0.0859839051	-0.0894621585	0.0	-0.0484835343878273	0.0100219733037648	0.0023506531067356	0.0001004399489013	0.1671528823251407	0.0525687861127722	0.0279400860696023	0.0027634772733703	-0.4575734383824112	-0.0798101339576504	0.2093734515131022	0.0063696574823381	0.0031858869723321	0.0003549593637023	1.259961498800127e-07	1.0149875800475394e-05	0.0006730482203074	-1.125915655460002e-05	4.529939068589585e-07	1.2676860632099263e-10	0.0003429283848671	0.0001268968920681	1.6102821216568393e-08	1.1759987714755785e-07	0.0	0.0	0.0	0.0	0.0	0.0	0.0	0.0	0.0
796.8494691125069	0.169769869617653	634969.076424884	0.0288218086299949	879.4364727313701	3.404342123178253	773408.509570194	11.589545291645816	757.8946872664505	-0.3056373129431904	0.0934141670631337	574404.3569867109	758.2473268127442	690.0805387770249	1.017258	36.207336	0.1425459477688181	0.0941800155827199	-0.0698880853	0.0351167827	-0.0662504146	0.0340880772	-0.0276219911	0.0374220088	0.0044598075	0.1146978891	-0.0738015785	-0.0370763984	-0.0016767496	-0.0348335624	0.1063266942	0.0624823452	0.0581282534	0.0013763897	0.0011918932	-0.0021845177	-0.0523394635	-0.0486099298	-0.0499942401	0.0288424955	0.0168415883	0.0525133202	-0.004175402	-0.0560702204	-0.1179293161	0.025128445	-0.0413773783	-0.0476188715	-0.0417546453	-0.0660583527	0.0091868429	0.0250788044	-0.0256063211	0.0306190915	-0.0350884619	0.0325277509	0.1035874701	-0.048152561	-0.0315761392	-0.0115111496	-0.0378708417	0.0798499696	-0.0409260946	0.0297024052	0.0434505728	-0.0148930309	0.0819613275	-0.0499791285	0.0112303704	0.026175357	-0.0087925395	0.0783664229	-0.0153835003	-0.0909828866	-0.0225435444	0.0440132834	0.0672494217	0.0337227931	-0.0278855196	0.0169708017	-0.0623805846	-0.0119767431	0.0782812935	0.0450683388	-0.0638411604	0.009675754	0.1134897273	0.0721203612	0.0241934857	-0.0197816655	-0.0974951537	-0.1017442636	0.0094787909	0.0142952541	0.0312624498	0.0816687471	0.0011735406	0.041686166	-0.125737128	-0.0283354699	0.0532658168	-0.1061136412	-0.1677991661	0.071436403	-0.030260988	0.0335606917	-0.0406214242	0.1347337615	-0.0278957624	-0.0250997045	0.0706848138	0.0183886574	0.0328967917	0.0844907293	0.0537045103	0.0091363811	-0.0592647343	-0.0537278807	-0.0751075262	0.0205354569	-0.1091560783	0.0224845842	0.049325077	-0.0551767468	0.0542638952	0.022575845	-0.1035993707	0.0293403644	-0.0681949685	0.0560984482	0.0174354639	-0.0698316783	-0.0307543869	0.0456005236	-0.0263982938	0.0122248087	-0.0135739687	0.0269100972	-0.0099979717	0.0822365053	-0.0657940652	-0.0061670621	-0.0190970698	0.049399329	0.0487408875	0.0213995295	-0.0042977537	0.0980069676	0.003043162	-0.010843175	0.0793529789	-0.0203396927	0.0027194064	-0.0793084294	-0.1403775132	0.0361161009	0.068900896	-0.0430846088	0.0197230184	-0.0229123817	0.0181413545	-0.0433684016	-0.0429800964	0.0312723013	0.0822421449	0.0244961353	0.009287237	-0.0711070517	-0.1070374382	0.1525146164	0.0605900479	0.0784154105	0.0336705153	-0.0087255618	0.0231284853	-0.0970173063	-0.0244981864	0.0188974051	0.0154734888	0.0812104461	0.014384232	-0.0264521982	0.0329871862	-0.0157656007	0.0168797776	0.0510309713	0.1240612993	0.001516279	-0.049208608	-0.1131464409	-0.0291737932	0.003976266	-0.0779215653	-0.0663135817	-0.0972540534	0.0425903397	0.0233479985	0.1027319165	0.0180553919	-0.0782011853	0.0422249655	0.0060079362	-0.0524969085	0.0837475519	-0.0906887116	0.0	-0.0582066762074475	-0.0097231418196202	0.0033880171551186	9.453948684444728e-05	0.1422689361562703	-0.0248839461688704	0.0202404501950369	0.0006192107769352	-0.3686258402963887	0.0889475980860225	0.1358850101342186	0.0079116752052726	0.0029449079006424	-0.0002409790716896	5.8070912992429504e-08	8.672482543266029e-06	0.0007318886906666	5.884047035919994e-05	5.3566105552567e-07	3.462200952091886e-09	0.0002629226930299	-8.000569183720001e-05	6.400910726349013e-09	6.912834251009501e-08	0.0	0.0	0.0	0.0	0.0	0.0	0.0	0.0	0.0
797.8073165949961	0.9578474824892282	636496.5144125083	0.9174717997109524	878.3705211345966	-1.065951596773516	771534.7723982629	1.1362528066640083	759.3570424590148	1.462355192564246	2.138482709219613	576623.117932102	759.2444314448039	682.239914734439	1.137772	40.496784	0.0919054305642729	0.0615394798877492	-0.0344369884	-0.0818062816	0.1132081217	0.0162224827	0.0360013192	-0.0026011097	0.0319054914	-0.0668772062	0.0205428617	0.1503969271	0.0967762056	-0.0077244816	-0.083272637	0.0142723515	-0.0364847146	0.025394055	0.0513799693	0.0209107062	0.0726406363	0.0301802359	-0.0465081645	0.0532858217	0.0948612995	0.0168460148	0.077330383	0.0571622768	0.0359364394	-0.1202319543	0.0594730088	-0.0216148654	-0.0188839156	0.0147731442	0.106709963	-0.0295504842	-0.0846858945	-0.0354441988	-0.055490248	-0.0946048487	0.0163431372	0.0844105371	-0.0905738883	-0.0464622652	0.0320701577	-0.095814286	-0.0074275764	-0.0267931587	-0.018482936	0.0598285956	0.0663884951	0.0466435988	0.0666088578	0.0163013792	-0.1734007589	0.0493723555	0.0557073528	0.0464254411	0.0518497409	-0.0495779816	-0.1075698986	-0.0182754975	-0.044552407	0.0377538986	0.0332289852	0.0046302831	-0.0565540042	-0.1076283551	-0.0772352579	0.0725099203	0.0513045939	-0.1267027046	-0.015628272	-0.0241144423	0.0677319111	0.0923732475	-0.0202963966	0.1298865226	0.0180004859	0.1614471315	0.0520929273	-0.0465458265	-0.0371671203	-0.056321552	0.1104173592	0.0415668351	-0.0711289616	0.0169857757	-0.0269804137	0.012886441	-0.0729107684	0.0637609766	-0.0219780792	-0.039523821	-0.0773976276	0.0206412457	-0.1347119724	0.008153062	0.0150535478	-0.003336932	0.0307883443	-0.0567398648	0.0574661877	0.0506150995	-0.0247790919	-0.0586665495	-0.0890703985	0.0585236873	0.0031322358	0.0644549308	0.0073405389	-0.1416160676	0.090792973	-0.0290127321	0.0240371398	-0.0152908539	0.020468779	0.0268151036	-0.183435807	0.006734956	-0.0270994122	0.046922703	0.0181005497	0.0438406236	-0.1075910803	-0.0621377356	0.0802891615	0.0727058026	-0.0585213999	-0.0682448914	0.0876689453	-0.1459282251	0.0878628379	0.042234143	5.88466e-05	-0.0742021837	-0.0786709151	0.0477910252	-0.0259167981	-0.0300125816	0.063233941	-0.0583970597	0.0014218272	0.1184879037	0.0682424439	-0.0193076783	0.0935971245	-0.0246840556	0.0198002026	-0.0438415962	0.0460901731	0.0504495726	-0.0236072244	0.0343164232	0.0155367235	0.0572806786	-0.0716282859	0.0254249382	-0.1014141264	0.0245998242	0.0861513888	0.0399677895	0.0279899057	0.0772218881	0.0794599424	9.14556e-05	0.0084017004	-0.0322721561	-0.0523458703	0.0577563442	-0.0109130351	0.0343879145	-0.0600629559	0.0682894727	0.0452330866	0.0128213641	0.0006779252	-0.006312575	0.0983389686	0.0564030154	0.0124590268	0.0620104178	-0.0910260405	-0.0788183057	0.0443435089	0.0024046285	-0.0484872159	0.0811495725	-0.0913514525	0.0	-0.0612156754241937	-0.0030089992167461	0.0037473589176402	9.054076286379218e-06	0.1424485872478982	0.0001796510916279	0.020291600008922	3.2274514723097065e-08	-0.4211227863442275	-0.0524969460478388	0.1773444011783259	0.0027559293443497	0.0034848573546971	0.0005399494540546	2.915454129339683e-07	1.214423078258647e-05	0.0008031574172064	7.126872653980009e-05	6.450618368136553e-07	5.079231382604806e-09	0.0003761011965966	0.0001131785035667	1.2809373669597532e-08	1.4145211008139438e-07	0.0	0.0	0.0	0.0	0.0	0.0	0.0	0.0	0.0
798.787434175697	0.9801175807008348	638061.3649969933	0.9606304719988576	881.9637573535625	3.593236218965899	777860.0692852137	12.91134652528835	758.5025271881409	-0.8545152708738897	0.730196348156677	575326.0837507964	759.0956131362915	699.7318392504754	1.038696	36.970387	0.0895123860692342	0.0538355836812703	0.0776097751	-0.0532846653	0.0603802196	0.0659175093	-0.0273471369	0.0732762919	-0.0713800911	-0.0696427003	-0.0359434354	0.0898159465	-0.0391630997	-0.0636541969	0.0945472013	-0.0103030401	0.0663007491	0.0704422646	0.0167376696	0.0177388673	0.0136632371	-0.0410422895	0.0649954491	-0.0806896705	0.041454894	0.0200097801	-0.1097436962	0.0724578544	0.1175585274	0.0421024438	0.0924592914	-0.1281548549	-0.1030682693	0.0501314346	-0.0181187835	0.0185641048	-0.0700615253	0.1160814918	0.0375465334	-0.1015204985	0.0909296522	-0.0725076683	0.0839361738	-0.0229038068	0.0249867578	0.2062398084	0.0378193498	-0.0602020301	-0.0084635655	0.067642506	-0.0788465608	0.0010320392	-0.0657790649	0.0087766269	-0.0450893543	0.0379099546	-0.0143188225	0.0078835877	0.0508781056	0.0482990624	-0.0148774386	-0.0800426622	-0.0392413641	-0.046271976	-0.0612966751	0.0690662183	0.1083729556	-0.0372319559	0.0407007933	-0.0122078542	0.046224736	0.0054533632	-0.0233920262	-0.0432726938	-0.0121903495	0.0112585338	-0.015165656	-0.1710910112	0.0013298047	0.0970225769	-0.0728476225	0.128272322	0.0563143652	0.0132707517	0.0582954196	0.0126130673	-0.0178403598	-0.0384709812	-0.0335587547	0.0038528077	-0.0670862109	-0.050614062	0.099688469	-0.0576879659	-0.0010053547	-0.0656892578	-0.1163253198	-0.0243309271	0.0835917966	-0.1156851619	-0.0162419757	-0.0384158631	-0.0311691875	-0.1143408343	-0.0695262462	0.160242487	-0.0031622712	0.0868721352	-0.1111252536	-5.78775e-05	-0.018630168	0.0720513613	-0.0402471421	0.0564676733	-0.0392975466	-0.0677394104	0.09330625	0.0061273686	0.0527112451	-0.0211642739	-0.0129515402	0.025079402	0.0262729598	0.0104996722	-0.0560709744	0.0480227014	-0.0141225219	-0.0366915527	0.0180766075	0.0730164561	0.0306368962	-0.0730054117	-0.0292659137	0.0430269639	-0.0501268572	0.0174821656	0.1121662253	-0.0092805132	-0.0713975699	-0.0007730828	0.0967158505	-0.0094915874	0.0837359131	-0.0328349655	-0.0713925547	0.0886694315	-0.0472315351	0.0599020076	-0.0857795427	0.0332194923	0.0327176496	0.0140294786	-0.0764399016	0.0928887637	-0.0017909305	0.0329542236	0.0146568928	-0.0291521912	0.0138278643	-0.0245602152	0.0464050185	-0.1035125548	-0.0047392846	0.0021946021	0.1043028676	0.0291857437	-0.0298654184	-0.072211079	-0.0793745281	-0.0218641952	0.0260194877	0.0828909951	-0.0926079845	0.0288719051	0.0730103341	0.020206467	0.0134672878	-0.0262258428	0.02206242	-0.0232652974	0.0675670825	-0.0005750206	-0.0326998058	-0.0794218076	0.0464314067	-0.0012024181	-0.0443435089	0.0782011853	-0.0914462607	0.0	-0.0623963879119884	-0.0011807124877947	0.0038933092244633	1.3940819788343518e-06	0.1603936118917772	0.017945024643879	0.02572611073569	0.0003220239094694	-0.397462743839057	0.0236600425051705	0.1579766327400718	0.0005597976113464	0.0026738339759531	-0.0008110233787439	6.577589208693333e-07	7.149388130961164e-06	0.0009260049198489	0.0001228475026424	8.574851115843676e-07	1.5091508905499025e-08	0.0003767624438579	6.612472612999758e-07	4.3724794057671853e-13	1.4194993910177724e-07	0.0	0.0	0.0	0.0	0.0	0.0	0.0	0.0	0.0
799.218473065531	0.4310388898340989	638750.167689199	0.1857945245494124	881.6929288423978	-0.2708285111647228	777382.4207706855	0.0733480824597004	760.4835747537411	1.981047565600193	3.92454945717045	578335.267470229	760.7333125559489	696.6428053210044	1.044438	37.17474	0.1119099207794862	0.060107049104106	0.0142762717	-0.0483550334	0.0433690169	0.0634319565	-0.0374727518	-0.1655619069	0.1250194557	-0.085882326	-0.0270343959	0.0754422634	-0.0841824564	-0.060279717	-0.0108255047	-0.0206766602	-0.0087588516	0.0643713355	0.0403375197	-0.0610033782	-0.0785441111	0.0166906053	0.001287021	-0.0336699126	-0.0421938016	0.0357588082	0.086825964	-0.0591595205	0.0638767626	0.0903625092	-0.0423583692	0.0483410987	-0.043160306	-0.0187112649	-0.0292817277	-0.0333720822	-0.1337799567	-0.0243956664	0.0732290966	-0.0793241195	-0.0560052614	-0.0427843187	0.0298962659	0.088660697	-0.0421705403	0.1097651551	0.0569035084	-0.031565886	-0.0179506659	-0.0323251177	-0.0248644701	-0.0742392847	0.0839493874	0.0223811972	0.0327102893	-0.1051574834	-0.1100232342	0.0337722966	0.0056236264	-0.0277198463	-0.0748124424	-0.0596071775	0.0325522122	-0.0471579432	0.0063013838	0.077512528	0.0457966894	-0.1267671627	0.1274842233	-0.0295813408	0.0531587039	0.0702903009	-0.1710206027	0.0532703021	0.0268292234	-0.0243484533	0.0518514389	-0.021024647	-0.0212176262	-0.0607876895	-0.0800696365	-0.1023892399	-0.1358316767	0.078665893	-0.0723711862	0.0076129535	0.0511630541	-0.1309131306	0.053406932	-0.0368211574	-0.017091432	-0.0702616133	-0.0825567257	-0.0232176257	-0.0156397511	-0.0893153663	-0.0415741021	-0.0132875774	0.0369092043	0.0016482093	0.0028833479	0.1264481592	-0.0683195049	0.005457668	-0.0907825107	-0.0044863474	-0.0839910918	-0.0179831093	-0.0549846034	0.0463635315	0.0579784485	0.0935201607	0.0214746672	-0.0620334615	-0.0308747772	-0.0021734481	0.0527031588	-0.0399761103	0.0827690218	-0.0148130816	0.0378876606	-0.1137740058	-0.0392852168	0.0438546422	-0.0123136494	0.0644667116	-0.0865882847	0.0217314611	0.0657965793	0.0028802995	0.051812097	0.0057540297	0.0168829835	0.0749866665	-0.0904298462	0.0555019877	-0.0477519283	0.0005664794	0.0187555946	-0.0856070563	-0.1005646578	0.0228565177	0.1315901817	0.044399763	0.0701016241	0.2400997905	-0.0217227189	0.0236084242	0.0288204101	0.1664328765	0.0130489267	0.0477741459	0.0253761138	0.0074365158	-0.0283776448	-0.0784128274	0.0247161197	0.0025913254	-0.0069060605	-0.0976763426	-0.0209101908	0.057795847	-0.0499799042	-0.0313173018	0.1099461919	0.0020380432	-0.0361834829	-0.0260917806	0.0699878262	-0.0284344052	0.0828189607	0.0981135337	-0.028086566	-0.0136571292	-0.0802352307	0.0746251031	-0.0644285398	-0.0665287042	0.0167995106	0.0280934674	-0.0237863789	-0.0034113479	-0.0209680986	-0.080011587	0.0484872159	-0.0048075951	-0.0400772406	0.0749151215	-0.090972547	0.0	-0.0710754171193599	-0.0086790292073715	0.0050517149186909	7.532554798240757e-05	0.1204919819099785	-0.0399016299817987	0.0145183177045945	0.0015921400752043	-0.358481027672866	0.038981716166191	0.1285086472013941	0.0015195741952614	0.0022718692339526	-0.0004019647420005	1.615756538115285e-07	5.161389816180374e-06	0.0009258326769829	-1.7224286599998653e-07	8.571661457693228e-07	2.9667604887889326e-14	0.0002919485202419	-8.481392361599997e-05	7.193401639140677e-09	8.52339384714351e-08	0.0	0.0	0.0	0.0	0.0	0.0	0.0	0.0	0.0
798.2740553016678	-0.9444177638632708	637241.4673677702	0.891924912700501	876.8671929579515	-4.825735884446317	768896.0740859574	23.28772682643288	758.2271572023928	-2.2564175513482496	5.091420166032431	574908.4219192221	759.4303130467732	671.3936008321034	1.044883	37.190586	0.1578914130461375	0.0874096559476549	0.0365258978	-0.1242263268	-0.0407889677	-0.021985856	0.1146979428	-0.0122690872	-0.0203227688	-0.1051165976	-0.0720402787	-0.0834514088	0.0885995356	-0.0718966495	0.0224705896	0.0825898461	0.0372119781	-0.0313256977	0.0343256627	0.0392045587	0.0022333987	0.073451062	-0.0065785669	0.0383145633	0.016838058	0.0513752788	0.0490614928	0.1278086417	-0.0242114808	-0.0524379484	0.0377245804	-0.0028725887	-0.0218795134	-0.0368324115	0.075245501	0.0426875907	-0.069843863	-0.0159905372	0.0047672334	0.2373384031	-0.0012766824	0.0100550594	-0.0293697504	-0.0648778841	-0.0908762358	-0.0526357201	-0.0513121767	0.1097388533	-0.121729389	0.0033965571	-0.0126876571	-0.1107044448	0.0731394538	-0.062645267	-0.0217507555	0.0726395156	0.0013876282	-0.0802160519	0.1839164184	0.0210939368	0.0463155261	0.001276913	0.1166547171	-0.0042488981	0.093519747	0.1056007595	0.0416578162	-0.0012898324	-0.0469907598	0.0455399015	-0.0978740974	-0.0693085014	-0.0240458927	-0.0014182354	-0.0305979236	-0.0463991978	0.0372086721	0.0149984485	-0.0404769242	-0.0354160796	-0.0118084259	-0.0830063196	0.0526878352	0.01155691	-0.0335896218	-0.0829556	0.0244743952	-0.0189561289	-0.0971569956	-0.0011991512	-0.004561437	0.0305434382	0.0290897229	-0.0734671782	-0.1382041982	-0.0076289511	-0.0033145453	0.0565381834	-0.0677376235	-0.04792942	-0.1103834331	-0.0650408259	-0.0535855348	0.1751855069	0.0254003233	0.0316712488	0.0051235733	0.0032204553	0.0146641927	0.0309520356	-0.0405418016	0.0004539121	0.0505691669	-0.0805350508	0.0560559573	-0.0637704055	0.0528679656	0.0839000614	-0.0514341341	0.0161771356	-0.0486012783	0.0892230066	-0.0522901043	0.135862134	0.0867325375	-0.1076007225	0.0763178501	-0.0133030841	-0.1343283212	-0.0414962881	0.0026665505	0.0647646677	0.0012523636	0.0009947496	0.0538746779	-0.0036717647	-0.0025636171	-0.0261953567	-0.0237573978	-0.1050135718	-0.1569113328	0.1706811304	-0.0667897429	-0.0817361011	-0.0124768222	-0.062341192	0.0522377383	0.0125522509	-0.0495002807	0.0627886768	-0.069938057	-0.0607854602	0.0101441902	0.0096033028	0.0134579876	0.0454820131	-0.0523972002	0.0116536329	0.0188122938	0.0349336602	0.1156576615	0.0330174157	-0.0684568155	-0.0175741426	0.0305271957	-0.0318688904	0.0542293971	-0.0718799351	0.0509028891	0.0104717715	0.0513932592	0.0424156275	-0.0299807429	0.044164132	-0.0463445017	-0.0260278488	-0.0536086487	-0.0183031271	0.014260079	-0.001389391	-0.0026012427	-0.0331450551	0.0360091272	-0.0805875418	0.0505095157	-0.008405297	-0.0357002023	0.0713055705	-0.0899332563	0.0	-0.0791955817759628	-0.0081201646566028	0.0062719401728332	6.593707405034283e-05	0.1572171367010781	0.0367251547910996	0.0247172280724854	0.0013487369944302	-0.428157808359046	-0.06967678068618	0.1833191088588215	0.00485485376679	0.0029328114058407	0.0006609421718881	4.368445545801587e-07	8.601382742229303e-06	0.0008751574778163	-5.067519916660001e-05	7.659006109777876e-07	2.567975810574578e-09	0.0004477174074323	0.0001557688871904	2.4263946216535563e-08	2.004508769179001e-07	0.0	0.0	0.0	0.0	0.0	0.0	0.0	0.0	0.0
798.7984871558662	0.524431854198383	638079.0230825004	0.275028769697954	881.2297822805551	4.36258932260364	776565.9291782345	19.03218559769528	758.8096533786999	0.5824961763070178	0.3393017954122963	575792.0900607026	759.5228480656941	711.1461974499273	1.038694	36.97031	0.0696093847704206	0.037877185845078	0.123234912	0.0157581903	-0.0580648323	-0.0068678161	-0.0859543394	0.0024671243	-0.0649489181	-0.0403220898	-0.0517296209	-0.0645823915	-0.1038799764	0.0608996369	-0.0308394026	-0.0330280642	0.007753052	-0.0434417166	0.0460995693	-0.029888776	0.0719183255	0.0934355132	-0.0090216491	-0.0744788387	-0.0585052522	0.026488447	-0.0486890651	0.0393117383	0.01502575	-0.0207410632	-0.041107848	0.0868167755	0.0273977979	0.0393746071	-0.048011701	0.0542270451	0.0722344358	-0.1462230197	0.0204399848	-0.0352908228	-0.0023397807	-0.0387296613	0.0397196055	-0.0800149019	0.0197683615	0.0287456545	0.0272979156	-0.0473607382	-0.006745476	-0.0106832305	0.0699266722	0.1170181165	-0.002420369	0.0243135731	-0.0875724211	-0.0016932016	0.0776733588	-0.0540990531	0.0075413982	-0.0321108845	-0.0120949899	-0.0751061551	0.0777954695	-0.0682659315	0.0619665504	0.0752905586	0.0596989955	-0.0180413307	0.0180123188	0.0358316182	-0.0558868985	0.0242155022	0.0649782948	-0.0366432389	-0.0345832597	-0.027046515	-0.0117850671	0.0053347507	-0.0256684272	-0.0052121778	0.1102651252	0.0557919468	0.0128878845	-0.1428757512	0.026067994	-0.0223248222	-0.0444051115	-0.0156126935	-0.1392156054	-0.0183085835	0.0898996325	0.0496723479	0.0675636146	-0.040444475	-0.0184055046	-0.0575415837	0.0299489879	0.0204184409	-0.0620121538	0.0439319923	0.025249865	0.0342791427	0.0394209545	0.0274368606	0.0738638723	-0.1243441457	-0.0234621338	0.0229676409	-0.0883431964	0.0182719015	-0.0143931958	0.024512608	-0.0241708799	0.1383843708	0.0707548696	-0.0083382329	-0.0747342635	0.0252307772	0.0217312393	0.0252866077	-0.0425169938	0.0657355858	-0.0367782376	-0.0644458011	-0.0283973755	0.0347028001	-0.0036951461	0.0162098582	0.037068407	-0.0327287728	0.0878998128	-0.0430253223	0.0605139126	0.0469430863	0.0664317808	-0.0419387668	0.0617994484	0.0161167935	0.0388728232	-0.0061411143	-0.0238807481	0.0112212317	0.0925732577	-0.054674344	0.0358038133	-0.1590573186	0.0600531868	-0.0422539071	-0.0708976616	-0.0506557129	-0.0314671412	-0.0193538281	-0.0582214479	-0.0128617568	-0.0214337044	0.0784986097	-0.0417632256	0.097035953	0.037105391	-0.0136671609	0.0288874047	-0.098088803	-0.0430863207	-0.0386643641	-0.0067587043	-0.0190676835	-0.0504035304	-0.038893651	0.0398895733	0.0815523664	-0.0017386065	0.1245961181	-0.0171573211	0.0137025878	-0.0319604546	0.0639319947	0.0144326995	-0.0251807511	0.0040324218	-0.0404698325	-0.0068754629	-0.046540108	0.0513556839	-0.0811495725	0.0524969085	-0.0119899299	-0.0312244919	0.0673881186	-0.0883348501	0.0	-0.0710170462609198	0.0081785355150429	0.0050434208596256	6.688844317081958e-05	0.156872191198758	-0.00034494550232	0.0246088843714996	1.1898739957085757e-07	-0.3957276754229184	0.0324301329361275	0.1566003930956266	0.0010517135222549	0.0030019465065363	6.913510069559998e-05	4.7796621481907495e-09	9.011682828105496e-06	0.0006118122871974	-0.0002633451906189	3.743142747657138e-07	6.935068942210478e-08	0.0002070822824082	-0.0002406351250241	5.7905263395364244e-08	4.28830716873895e-08	0.0	0.0	0.0	0.0	0.0	0.0	0.0	0.0	0.0
798.0311379562244	-0.7673491996417852	636853.6971477064	0.5888247941908883	886.5318176269532	5.302035346398043	785938.6636649494	28.11157881445421	757.4510699008013	-1.3585834778986057	1.8457490664190703	573732.1232938685	759.4969615427653	687.4552844178443	1.058068	37.659889	0.1122164097112486	0.054333536284111	-0.0644819461	0.0438390462	-0.0872014466	0.0659958398	0.0380086554	-0.0039693781	0.0615852585	0.10555448	-0.0392542472	-0.0707917509	-0.0092933062	0.0207445806	-0.0327016764	0.0311457086	0.0919123156	0.0284575347	0.0118067094	0.1009444784	-0.0678444373	0.0311233159	0.0064385391	-0.0630468135	0.0099741742	0.0958215248	-0.0129088809	-0.0477588635	0.0072780225	-0.1117074318	-0.0068151495	0.0679409302	-0.042649592	-0.0905372701	-0.0505597533	0.0276849488	-0.0537744552	-0.0597101951	0.0519687937	-0.020245494	-0.0245811694	0.0773706139	0.0736111378	0.057026644	0.0670260505	-0.2140797124	0.0459208505	0.0763114404	0.029402696	-0.0393748582	-0.0368484118	0.1061173579	-0.032158558	-0.0570523151	0.1219034895	0.0090790983	0.0425719422	0.0733512716	0.0415288967	-0.0358060324	-0.027953309	0.0244200762	-0.0860647492	0.0038346259	0.0079041315	0.0391807723	0.1408842868	0.0824942969	0.0129935329	-0.0360769246	-0.0257848429	-0.0429826715	-0.0529838254	-0.0290568972	0.0264719332	-0.035430227	0.008380986	-0.0186022283	-0.1110045732	-0.062217719	0.00488984	0.0353219885	0.0974576751	-0.0510056248	0.0327252088	0.0249699738	-0.0183207653	0.0724191422	0.1318804989	0.0010262912	0.0207561453	-0.0188639646	-0.0597989182	-0.0071210268	0.0877730757	-0.0047609629	0.0167855886	0.0222041298	-0.1729537343	0.016183024	-0.0705174188	0.08963697	-0.0485735872	-0.0097013745	-0.0192055338	-0.0859032093	-0.0525468632	-0.0290181173	-0.0058840488	-0.0525705746	0.0748135736	-0.0663973177	0.0414676424	-0.0378380135	-0.0618353076	0.1334450576	0.0001286642	0.0777108959	-0.0387516053	0.0068093244	-0.0192436063	-0.0234843936	-0.1018885484	-0.1067105348	0.0827081971	-0.0272387365	0.0631232022	-0.0558547826	-0.110661756	0.0983027857	0.0266784983	-0.0314149298	0.0128632986	-0.0888874398	-0.0409028385	0.019476883	0.0122081395	-0.0960702068	0.0529700794	-0.0076784968	-0.0009231101	0.0770677578	0.0881450213	0.0348957993	-0.0536330288	-0.128404865	-0.1109498504	0.0609266518	-0.0522312492	-0.0423646807	-0.0543475753	-0.0417576676	0.0619165033	-0.0279688682	-0.0293657758	0.0775373113	0.0275251312	-0.0598864706	0.0684930849	-0.1013987879	-0.0376165129	0.0291055251	0.0150550006	0.0663370135	-0.0457141313	-0.0336357258	0.0052791766	-0.0454573191	0.014624909	-0.0073324101	0.0762705628	0.0444968639	0.0117409766	-0.0730419321	-0.0147369606	0.0430186169	-0.0164357062	0.0156890848	0.0413764087	-0.1201228545	-0.0454050322	0.0083040246	0.1099242814	-0.0816975821	0.0544480209	-0.0155559202	-0.0266624798	0.0631796814	-0.0861872655	0.0	-0.0749027894659235	-0.0038857432050037	0.0056104278697764	1.509900025523247e-05	0.128316207055974	-0.028555984142784	0.0164650489932315	0.0008154442303629	-0.3608972540756525	0.0348304213472659	0.130246827999346	0.001213158251228	0.0024838764321987	-0.0005180700743376	2.683966019241665e-07	6.169642130432142e-06	0.0009188504062771	0.0003070381190797	8.442860691155917e-07	9.427240656800005e-08	0.0002808593093148	7.377702690660002e-05	5.443049699177183e-09	7.88819516287865e-08	0.0	0.0	0.0	0.0	0.0	0.0	0.0	0.0	0.0
796.9309958446034	-1.1001421116209258	635099.0121378714	1.2103126657617496	882.5248690091647	-4.006948617788453	778850.1444196433	16.055637225596794	758.001155798109	0.5500858973077811	0.3025944944169067	574565.7521912692	758.8852330780029	696.6368238814456	1.06559	37.927628	0.0976885410231629	0.060666597792901	-0.0601156598	-0.0599197428	0.0654049192	-0.0568676188	-0.0163541339	0.0358334664	0.0094466139	0.0284136249	-0.0082247055	0.0596644385	0.049842734	0.1313418937	0.0720335776	0.0415969694	-0.0592776798	0.0214158555	0.0853638215	-0.0370925741	0.0192786843	-0.0393568389	0.0109618229	-0.0253286199	0.0669313504	0.0282135464	0.0250080045	0.0802940542	0.1003965005	-0.0595897801	0.0677930494	0.0361951939	0.0199496559	-0.0465555387	-0.1801474815	0.0544746689	0.0120847145	-0.0179592665	-0.0082356068	-0.0932816019	-0.0161494958	0.0933340593	-0.0042329501	-0.0095793914	-0.0979968402	-0.0717244097	0.0293102113	-0.0119966241	0.1043314924	-0.082145681	0.0013368673	-0.1062066701	-0.0390457196	0.0244879252	-0.0430310142	0.0468277798	-0.1238787322	-0.0350459974	-0.0475597757	0.1220486217	0.0437808869	0.0284908016	0.061243596	0.1338945805	-0.1429006254	-0.0107489884	0.0430469656	-0.0420690576	-0.0194464026	0.0890325319	0.0468739677	-0.1141348824	-0.0085188913	0.0741958755	-0.0203495639	0.008104034	-0.0053809803	0.0010809941	0.0160631377	-0.0128224357	0.0263277129	-0.035710173	0.0497941627	-0.1160439659	-0.0572496688	-0.0508031204	0.1051279504	-0.033083473	-0.1348856561	0.0390622232	0.075061261	-0.0260052462	-0.0067715105	-0.0240291714	-0.0111470649	0.0619798447	-0.1246568877	-0.0566359089	-0.0674474335	-0.0819009654	0.0274928515	0.0170861537	-0.0234011182	0.0175499885	0.0165436381	-0.0704255083	0.0673104946	-0.1179823651	-0.1590280713	-0.049359125	0.0636735157	0.0075672702	-0.0638790996	-0.030097118	-0.0359310018	0.0094392035	0.0248265079	-0.1039808233	-0.1245228476	0.0618420621	-0.055201276	-0.0373642857	0.0198787247	-0.0074403107	-0.0347697259	0.0404155061	-0.1233895551	-0.019844128	0.0661451076	0.0139729759	-0.1175977761	0.113796039	0.0184469437	0.1096093376	0.0508237984	0.0242190933	-0.030670056	-0.0389862232	0.010415122	-0.0599113216	0.0443379398	0.0634195606	-0.0747609532	0.1207562259	-0.0446927366	0.0104110607	0.0982211598	0.0138439715	-0.1017822084	-0.0045967643	-0.0068558898	0.0294819663	0.0277776797	-0.0154066351	-0.0327842745	-0.0304170181	-0.0554744382	0.0430148566	-0.0160234271	0.0286747898	0.0790609355	0.0371741803	0.0270848283	0.0847427717	0.0509451898	-0.0684769159	0.0099890014	-0.0185431131	0.0012883888	0.0462482291	0.0609303104	-0.0190449205	-0.0192830329	0.0664489023	0.0094862588	-0.0174286608	-0.0115671456	0.0499072662	0.0617029948	-0.0886182597	0.0424227111	-0.1211667254	-0.0021014478	-0.0822314759	0.0563615044	-0.0190977232	-0.0220267751	0.0586984312	-0.0835038541	0.0	-0.0831487166380782	-0.0082459271721546	0.0069137090785594	6.79953149284791e-05	0.1364459960988426	0.0081297890428685	0.0186175098514053	6.609346988154628e-05	-0.4140619389339122	-0.0531646848582597	0.1714472892737108	0.002826483716078	0.0029408290167843	0.0004569525845856	2.0880566455946002e-07	8.648475305960512e-06	0.0009190706918977	2.2028562059997397e-07	8.446909367053169e-07	4.852575464311566e-14	0.0003866492381062	0.0001057899287913	1.1191509033689476e-08	1.4949763332810493e-07	0.0	0.0	0.0	0.0	0.0	0.0	0.0	0.0	0.0
796.6711781937944	-0.2598176508090546	634684.9661646885	0.0675052116719358	885.4749075669508	2.9500385577861152	784065.8119307001	8.702727492424783	758.1651884594537	0.1640326613446632	0.0269067139878129	574814.4529917589	759.4146192042033	696.1059921287663	1.112688	39.603966	0.0978672074490002	0.0672370647537978	0.08946754	-0.0005733924	0.0466924398	0.0829480614	-0.0525681481	0.0219606174	-0.0435929591	-0.0836167864	-0.0379479958	0.0646347791	-0.0176283868	0.0559246803	-0.019011627	-0.0516499094	0.0831072632	-0.0833356214	0.0699694678	0.05747412	0.0193308687	-0.0088586631	0.062347458	-0.0533444321	-0.0325143864	0.0794703608	-0.1225004163	0.0004474401	0.0593677696	-0.0255578066	-0.1237226682	0.112587687	-0.1018791086	0.0169670739	-0.1260583392	-0.059078192	0.0448132527	-0.0867370523	0.0182600896	0.0386428908	0.0307679203	-0.0112525028	0.0480535989	0.0733280511	-0.0561956523	-0.0859650682	0.021766834	-0.0362613752	-0.0380024486	-0.0092484108	-0.0079583225	0.0852705625	0.011951362	0.0121765123	0.0461943777	-0.0058199925	-0.070560204	-0.0695329374	-0.01504253	0.02596318	0.0738652763	0.0172429004	-0.0202884705	-0.0851766573	-0.0569821936	0.0547392451	-0.121072561	0.0619150429	0.0645279221	-0.0031824686	-0.0310578954	-0.0440485649	0.0178211001	0.1550187446	-0.0174927234	-0.0162783842	-0.0331153748	-0.0883050609	0.1294235181	-0.0295104704	0.1466022301	-0.0425088345	-0.1210204743	0.0706836415	-0.074426323	-0.0707597763	0.0611480897	-0.0109094108	-0.0146331607	-0.0505801876	-0.0019545114	0.0496250482	0.0765302439	-0.0689943406	0.0343145687	-0.0759234842	-0.0723549199	0.0258740313	-0.0208125326	0.156438516	0.0430981058	0.1057758258	-0.0366046639	-0.0259069234	0.0025090291	-0.122721489	-0.0029695905	-0.0291491723	0.0076944696	-0.0452947299	0.0400088001	0.0382906303	-0.077397711	-0.0008380476	0.0330336529	0.0104135577	0.0334625796	0.0292307402	0.0557064999	-0.0082233839	-0.0726070129	0.1165925657	-0.0411069504	-0.0281470861	0.0374906792	0.0517135951	0.0746698455	0.0641413523	-0.0607393046	0.0865180609	-0.0086175038	0.0620800093	-0.0300679008	-0.003627335	0.0602116013	0.1442564181	-0.0259259064	0.0125469488	0.0572282943	0.0906284199	0.0227772058	0.0741972356	-0.0996147396	-0.0011953051	-0.0388690342	-0.0107545962	-0.0033309766	-0.0325809462	0.0661484783	0.1354684762	-0.0080883421	0.0607039804	0.0526032461	-0.0185543163	-0.1068439103	0.0002342836	0.0689127919	-0.1078852704	0.0459317544	-0.0317606184	0.0497942088	-0.1033355012	-0.0360645241	-0.0329725199	0.0370883158	-0.0988258457	-0.0047367802	-0.049339427	0.0122531658	0.0363176931	-0.0055539783	0.0409313265	-0.0174622301	0.0254453445	-0.0388594181	0.0486703476	-0.0146082786	-0.0200348609	-0.0180181314	-0.1157363468	0.01732552	0.0294083352	-0.0337788547	-0.0827511615	0.0582360367	-0.0226098321	-0.0173301903	0.0539637182	-0.0803012987	0.0	-0.0827147185604531	0.0004339980776251	0.0068417246665349	1.8835433138228725e-07	0.1603498289517091	0.0239038328528665	0.0257120676448423	0.0005713932250577	-0.3539549511384336	0.0601069877954785	0.1252841074354109	0.0036128499818458	0.0026848293913589	-0.0002559996254254	6.553580821794514e-08	7.208308860704601e-06	0.0009190048726397	-6.581925799992085e-08	8.445699559355112e-07	4.332174723660145e-15	0.000374266908329	-1.2382329777199978e-05	1.5332209071133324e-10	1.400757186701481e-07	0.0	0.0	0.0	0.0	0.0	0.0	0.0	0.0	0.0
795.777965819347	-0.8932123744474438	633262.5708835777	0.7978283458660406	879.4293739318848	-6.045533635066022	773396.0237342268	36.548476932714586	757.7917762561158	-0.3734122033379208	0.1394366736016807	574248.3761613991	759.0554405593872	689.1829175877175	1.170212	41.651432	0.0821507224215777	0.0467164553965896	-0.0738444485	0.0257826865	-0.1134193969	0.0054362184	0.0055580861	-0.0651376069	0.095277259	0.036497227	-0.0787059507	-0.0557245566	-0.026499334	-0.024220468	0.0640361419	0.0318133333	-0.046326397	-0.062858739	0.0275530553	0.1323932698	-0.0677105286	0.122149172	-0.0348365396	0.0333413616	0.0172867194	0.086582731	0.0061595737	-0.0963701735	0.0513233525	-0.0616028835	0.0825669529	0.1195140208	0.0553680798	-0.0666381822	0.0045177582	-0.0425094137	-0.0183374221	0.1354201665	-0.0325743759	-0.0342829666	-0.1140987715	-0.0248046738	0.0146082308	-0.0013249147	-0.0033159502	0.1184681581	0.0013977408	0.1219748089	0.0181171627	0.0161120194	0.0031652048	-0.053432385	-0.0786376002	0.0579397332	0.0992188	0.0243382014	-0.0613233574	-0.0076948256	0.0435255711	-0.1069676188	-0.0763060607	-0.0471703027	-0.0561974884	-0.0747719976	-0.0048157903	-0.025669254	-0.0260814591	-0.026699132	-0.0603512608	0.0543085676	-0.0437339753	-0.0028691897	-0.0036118826	0.0123729023	-0.0218291879	0.0099727459	0.0106479742	-0.0791853701	-0.0301474331	0.0442506052	0.0136600355	-0.0370085473	-0.0506883218	0.1325845735	0.0815142003	-0.0204119718	-0.0284619281	0.0056284707	0.0568667569	0.1210961832	0.0700728858	0.0148624763	-0.1094262613	-0.0185042028	0.074918539	-0.0558105471	0.0250740149	0.0649817175	-0.1338059101	-0.0450436443	-0.0201439449	0.0331694779	0.1449529393	-0.0305161799	-0.0159270213	0.0879042394	0.0577801167	-0.0632785652	-0.1069236522	0.0552444715	0.0089179608	0.0344668765	0.0579743074	-0.0669338765	0.0427005175	-0.0389665762	0.0447895186	0.0554054018	0.0271868311	0.0096192748	0.112754553	0.0325594733	-0.1048142019	0.1001069438	0.066090102	0.0230391395	-0.0050164397	0.0270906194	-0.0351512231	0.0329045261	-0.0260821729	-0.0356546395	-0.0488416601	0.042418537	-0.0215107592	-0.0751306097	0.0243450371	-0.0332659291	0.0269583956	0.0329441283	-0.023412724	-0.0003594017	-0.0085853943	0.0124391271	0.0227264807	0.0936333985	-0.0112075229	0.0095615066	0.1002397236	-0.059571546	0.0696650967	0.0760575252	-0.0592200356	0.0666610814	-0.0238673308	-0.001726438	0.005418047	-0.1425352043	0.1454845516	-0.1035085437	-0.0347749054	0.0624504526	0.0173975092	0.0450909309	-0.0425307549	-0.1061264187	-0.0449500464	0.0287021091	-0.0045683601	-0.0296027055	0.0600892983	0.0155702772	0.0404906634	-0.0496988211	-0.012008144	0.0849580212	-0.0645661653	-0.0228192471	0.0506278762	-0.1280049642	-0.0623147281	-0.153418235	0.0850661373	-0.0832565493	0.0600703222	-0.0260867859	-0.0125857064	0.0489959873	-0.0765995097	0.0	-0.0862402219327407	-0.0035255033722876	0.0074373758790083	1.242917402801126e-05	0.1231591194611212	-0.0371907094905879	0.0151681687064387	0.0013831488724133	-0.3371862030811314	0.0167687480573022	0.1136945355482699	0.0002811909114092	0.0021963265506485	-0.0004885028407103	2.386350253821302e-07	4.823850317083538e-06	0.0009189175736803	-8.729895940005635e-08	8.444095072184896e-07	7.621108312332685e-15	0.0003789919986872	4.7250903582e-06	2.2326478893154607e-11	1.4363493506891865e-07	0.0	0.0	0.0	0.0	0.0	0.0	0.0	0.0	0.0
796.2113932984158	0.4334274790688823	633952.5828182047	0.1878593796120064	881.1031377645639	1.6737638326791284	776342.7393785601	2.8014853675847253	759.5609723558946	1.76919609977881	3.130054839472553	576932.8707262321	760.2964026006063	685.025990309219	1.133836	40.356709	0.1247172057708935	0.0783345807836374	-0.0467328983	-0.0688166884	0.0789005309	0.027807652	0.0060827076	0.0677552273	-0.0223263992	0.0288819998	-0.0082932613	0.1225542805	0.1012748723	0.0672126334	0.0019135839	0.0225639263	-0.039408203	-0.0685264029	0.0423934724	0.0450671503	0.0961990163	0.0356511626	-0.0439950001	-0.0039362183	-0.0640277827	0.0178754085	0.1026762102	0.086269747	0.048042466	-0.0938824972	-0.020686522	0.0047470211	0.0125940497	-0.0115408849	-0.1533521551	0.0314289401	-0.0977497799	0.0290829062	-0.0111854035	-0.0466969745	0.0322481628	0.0025353214	0.016123713	0.0551515763	-0.1056500747	-0.033194278	-0.0308588239	0.0669438469	-0.0248085944	-0.007291742	0.0456543219	0.0164019135	-0.0288260762	0.0054273084	-0.0790769556	-0.0500646866	-0.0609439375	0.0224600706	-0.0940001864	-0.0522564439	0.0547285549	-0.0025929928	-0.0324337847	0.0316269013	0.0135244425	0.0376507138	0.0248240055	0.0120107545	0.0019159501	-0.0623905303	-0.0025743633	0.0672229055	-0.055836292	-0.0147320722	-0.0462788411	0.0562602571	0.0493915684	-0.0015721182	0.0823542212	0.0579188109	-0.1670998161	-0.0602772163	0.0284105267	0.0432373088	0.0829814029	-0.0139545732	-0.1250092853	0.0169736561	-0.1079894106	0.1067184966	0.0107237777	-0.0119532074	-0.0027710014	-0.03232329	-0.0608824289	0.1054147011	-0.1264310466	-0.0029978681	-0.0541582146	0.0162679873	0.0620316243	0.0322223484	-0.064647746	0.0192551144	-0.1071710114	-0.095670259	0.0616982576	0.0180655151	-0.0072254663	0.0450660056	0.0847655977	0.022417372	-0.0140411076	0.0211778598	-0.0152404662	-0.0103585098	0.0559520094	0.0278429598	-0.0217339569	0.0456645819	0.0638055472	0.0138761486	0.1228926709	0.0480177421	0.0561564552	-0.0169268858	-0.0029233543	0.0051177512	0.0159904347	0.0928626379	0.0076152402	0.0173256942	-0.0712758672	-0.0031962844	0.1124350082	-0.0787178031	-0.0442277256	-0.0970404214	-0.0090983029	-0.0707870281	-0.0329213884	-0.0943135436	0.0649008941	-0.0178657505	-0.1120204892	0.1464931724	-0.0071596918	0.0212949636	0.0110033327	-0.0767470321	-0.0834901601	-0.0478782616	-0.0497272192	0.0935694799	0.0443311893	0.0642929125	0.0272982276	0.0987544661	0.0314044295	0.0244895454	0.0912635204	0.0183439614	0.0414709141	0.0831738139	0.0445080255	-0.1098089069	0.0021407681	-0.0575333468	-0.056729487	-0.002787963	-0.0254677514	-0.0047242053	-0.020478656	0.0999082595	0.0148137369	-0.0127954567	-0.0399843098	0.0233800558	0.0842157736	-0.0270067135	0.0280411463	-0.0698512817	-0.0433261853	-0.0837475519	0.0618630933	-0.0295231785	-0.0078064368	0.0438166893	-0.072421501	0.0	-0.0920121897473649	-0.0057719678146242	0.008466243062105	3.331561245305771e-05	0.1405312166858436	0.0173720972247223	0.0197490228632035	0.0003017897619852	-0.4083514498862683	-0.0711652468051369	0.1667509066242175	0.005064492352836	0.0026217897448913	0.0004254631942427	1.8101892965528647e-07	6.873781466417188e-06	0.0010825221742316	0.0001636046005512	1.1718542577031103e-06	2.67664653215504e-08	0.0003980820824213	1.9090083734099985e-05	3.6443129697494875e-10	1.584693443448787e-07	0.0	0.0	0.0	0.0	0.0	0.0	0.0	0.0	0.0
796.6833722408214	0.4719789424055989	634704.3956050072	0.2227641220743076	882.4939436105582	1.3908058459942367	778795.560509315	1.9343409012517443	758.4182369584369	-1.1427353974577272	1.3058441886028698	575198.2221511437	758.9337707265219	696.0520060267384	1.053427	37.494686	0.1234376279794266	0.0834458203709382	0.082246179	-0.007657883	0.0376464694	0.0577775128	-0.0332700084	-0.0015732882	-0.0573806042	-0.0732385923	-0.0353864773	0.0857101447	-0.0575658584	-0.013377063	0.048436241	0.0183583376	0.0172498799	-0.054634725	0.0106809243	0.074172371	0.042676189	-0.0519686655	0.0200382193	-0.0585846871	0.0096042003	0.0345936658	-0.1329562567	-0.012142938	-0.0065379087	0.0145164134	-0.0632438292	-0.0084326203	-0.0599002868	-0.0368722911	0.0687811669	-0.0874355645	-0.0752570018	-0.0181048559	0.0435936325	-0.0653602826	-0.0349085956	0.0312316563	0.0071402836	0.036600491	-0.0331892993	0.0211392896	-0.0842537908	0.0305587298	0.1103020483	-0.0024561056	0.0597689738	-0.0730662098	-0.0132408393	0.0108048909	-0.1324750236	0.0906461346	-0.0408777284	-0.0638347702	-0.0107965033	0.1864747338	0.0128266492	-0.0056072485	-0.0022075119	-0.0437431987	-0.089587561	0.0023029642	0.0209684278	-0.0302145432	-0.0444073786	-0.013329807	-0.0337625112	0.0735267175	0.0779632471	-0.00620423	0.0085207543	0.1149994872	-0.0153359159	-0.0060210703	0.0447009255	0.0158799587	-0.0212445424	0.0131160065	0.0040595365	-0.0606355812	-0.0320477916	0.0870268816	0.0685658696	0.0952681316	0.1151751026	-0.080999708	0.040640665	-0.0787813104	0.0824194815	-0.040299987	0.05331514	-0.1037820914	-0.0494577974	0.029418467	-0.0049171874	0.0283466743	-0.0217744855	-0.0389695603	-0.0102781154	-0.0342600061	-0.0784905028	0.0117199995	-0.0325700572	-0.1396286326	0.0540392418	-0.0262582238	0.0312108517	-0.0049154169	0.0418176879	-0.0643444604	-0.0083021142	-0.0888678452	0.0018737932	-0.0691905297	0.0141677244	0.0221951149	0.0426838753	-0.0495141483	0.0304314299	0.0058256479	-0.0947529948	-0.0523974285	-0.0474852333	0.0478943133	0.0023368176	0.0611627017	-0.0377913089	0.0347982354	0.0407227718	0.0593189706	0.0300137409	0.0640990078	0.1538328781	0.1124707802	0.0149078239	-0.0543147121	0.1045243444	0.0683013831	-0.0324887835	-0.0535939167	0.0346218117	-0.0028598076	-0.0271117221	-0.0155549661	-0.1158614441	-0.049653241	0.1040930886	-0.0457900518	0.048495017	-0.0652048607	-0.0623348762	-0.0193437638	-0.0134914844	0.0380124127	0.0689658511	-0.0584007988	0.0078775719	-0.0910843481	-0.0056806853	-0.028037106	0.0897524002	-0.1040621783	-0.0421204794	-0.0025124244	-0.0077097877	0.0098165519	0.0405943887	0.008797462	-0.0232276167	0.0624620702	0.0173943783	0.0482300891	-0.037204777	-0.0904304668	-0.0018763667	-0.0209099848	-0.0350004061	-0.0234721411	0.009567106	-0.0842240844	0.063613111	-0.0329136668	-0.0030055908	0.0384481886	-0.0677932473	0.0	-0.0871673998422011	0.0048447899051638	0.0075981555952501	2.347198922517713e-05	0.1512734603104206	0.010742243624577	0.0228836597942884	0.0001153957980897	-0.3342387961536275	0.0741126537326408	0.1117155728542261	0.0054926854432943	0.0020192554429502	-0.000602534301941	3.630475850156484e-07	4.077392543884009e-06	0.0011094487405376	2.692656630600017e-05	1.230876507880467e-06	7.250399730314239e-10	0.0004433800285151	4.5297946093800006e-05	2.0519039203168114e-09	1.965858496860509e-07	0.0	0.0	0.0	0.0	0.0	0.0	0.0	0.0	0.0
797.1562107047197	0.4728384638982561	635458.0242651075	0.2235762129416624	887.4724697406475	4.978526130089335	787607.3845475646	24.785722427982293	758.9938908493161	0.5756538908792663	0.3313774020844383	576071.7263465836	759.877159500122	684.3100644164855	1.029396	36.639351	0.0339358849772878	0.0208110731645555	-0.0467538341	-0.008605056	-0.0848039332	0.0489496061	-0.0247169164	-0.0752352465	0.1110884941	-0.0310040216	-0.0728439893	-0.0395588971	-0.0447434958	-0.002491536	-0.055892662	-0.0012046036	-0.0096955705	0.0069757673	0.0110432956	0.1233000118	0.0149459231	0.047952321	-0.0038611139	-0.0080994403	0.0564321794	0.0616812332	0.0141734959	-0.0433123592	-0.0311061607	0.007742136	0.0358382628	0.1188059089	0.1300913497	-0.0209383461	0.0330422897	0.0459303516	0.0327179333	-0.1432315679	0.038420749	-0.0214874409	0.031344844	-0.0777202338	0.0049323334	0.0806051254	-0.0015029039	0.0453338965	-0.0867419028	0.019366145	0.0838592338	-0.0004425535	0.0181423548	0.0114270015	-0.002273032	0.0246508793	-0.036603305	0.066819962	0.0926169413	0.066293247	-0.0690764173	0.0657645336	0.083002634	-0.0418741394	-0.0342125568	0.090949794	-0.0531209856	0.0581940336	-0.0175061053	0.0031621968	0.041352411	0.0509112133	-0.0434923881	0.0650576656	-0.1310167246	-0.0299295051	-0.0899877713	-0.0699060248	0.0513356653	0.0128000802	0.0428612878	-0.0379644804	-0.0482385085	0.1268019426	-0.0311045386	0.0034797595	-0.0295598951	0.1419237477	0.0460954615	-0.0392501753	-0.0781077567	0.0506190216	0.0888662132	-0.0350313052	-0.0747107436	-0.0573085175	-0.0170634373	-0.075962612	0.0455328381	0.0498302075	-0.0725540477	-0.0116679507	0.0615311617	0.055864198	0.04859675	-0.0008549849	0.0066089616	-0.0138690136	-0.0068602047	-0.0773350644	0.0011359045	0.1045900706	0.0343372114	-0.0567746305	-0.1358118594	0.0557334976	0.1155070643	-0.0292641916	-0.0178246928	-0.0113063604	0.0535302046	0.0730227138	0.0404120081	-0.0697628905	0.0223372216	-0.0306186377	-0.0450721503	-0.1045721517	-0.0158014665	0.0579097205	0.0268007747	0.0924156671	-0.0675892159	-0.0168519301	0.0458387209	-0.1079955188	-0.018223151	0.0241563169	0.0218491004	0.0299854422	-0.0956799052	0.0203241675	-0.0673284737	-0.0003447834	-0.0213742887	0.0458158858	0.0637785508	0.0603082573	0.0435206676	0.0326962463	-0.0566814014	-0.0011369338	-0.0491127502	0.0633142112	-0.0098168997	0.0594185979	-0.0432701543	-0.045040306	0.0399645751	0.0552571448	-0.047311559	-0.0813477805	0.0166788987	0.0745549376	-0.0249826891	-0.0156785971	-0.0573699544	-0.073276463	-0.0488555315	-0.072644035	-0.0436187977	0.0531519862	-0.0308261233	0.0189566543	0.0612491586	-0.0635532526	-0.0410762836	0.0299015532	-0.0925912307	-0.0003616213	-0.0173446136	0.0066274738	-0.0581497604	-0.0943955567	0.0113577069	-0.0846860645	0.0653191659	-0.0362529791	0.0018035623	0.0329136668	-0.0627435226	0.0	-0.0887996141162119	-0.0016322142740108	0.0078853714671881	2.664123436284626e-06	0.1324535199715626	-0.018819940338858	0.0175439349528571	0.0003541901543581	-0.3410182423325665	-0.0067794461789389	0.116293441603593	4.596089049313057e-05	0.0020403047314174	2.104928846719976e-05	4.4307254497538886e-10	4.162843397044229e-06	0.0010678812247046	-4.156751583299996e-05	1.1403703100765966e-06	1.7278583725267022e-09	0.0003719111491057	-7.14688794094e-05	5.107800724035359e-09	1.3831790282912222e-07	0.0	0.0	0.0	0.0	0.0	0.0	0.0	0.0	0.0
798.754028010946	1.5978173062262613	638007.9972637111	2.553020144076146	877.9885803809533	-9.483889359694215	770863.9472793617	89.94415738692119	758.8047825152405	-0.1891083340756267	0.0357619620168588	575784.6979680015	759.3057637914022	696.0645263464742	0.983368	35.001095	0.0829387541390234	0.0452849627789429	-0.0346046049	-0.0170140213	-0.0510565545	-0.0085073338	-0.0296575083	0.061460603	-0.0538307018	0.0360686419	-0.0750531677	-0.03538708	0.085663668	-0.0549148756	0.0032850126	-0.0820486057	-0.0137306023	0.0324585251	0.0008267309	0.0515972793	-0.0576510285	0.0718545602	-0.0319904279	0.0974736115	0.0207448374	0.0327068188	0.0549732774	0.0491209344	-0.089905727	-0.0425918894	-0.0024080467	0.0214916635	0.0283735813	-0.1141791806	-0.0158865052	-0.0896880652	0.0371217366	0.0417037203	0.04857246	-0.0419693244	0.0072287623	-0.0377619901	0.0164064526	0.0570275622	0.0437261151	-0.0071455766	0.0813834417	0.0382583863	-0.1012629508	0.0054123575	-0.0090131864	-0.0431820827	-0.0626641291	0.0241798754	0.0649178857	-0.0428979257	0.0162553146	0.0208088565	-0.0066303158	-0.0035897074	-0.0391917315	-0.0329185203	0.0817726808	-0.0052925482	0.014803276	-0.0533238398	-0.1135291948	0.015762351	-0.0745577959	-0.0345728112	-0.0312044841	0.1450387428	0.0502224462	-0.1557645478	0.0960045327	-0.1032212222	0.0169371009	-0.0076186924	0.0857674591	0.0482855326	0.0982744132	-0.008957637	0.0535312597	0.0550800451	0.0688206461	0.1665011105	0.0570062507	-0.0418307877	0.0768251151	-0.0527127369	-0.0839202514	-0.0521001267	-0.0026041541	-0.0350627509	-0.0247987572	0.1140228795	0.050001213	0.0897856159	-0.0354664125	0.0132082431	-0.0542178611	0.0450408342	-0.0107397538	-0.1069768577	0.0720153325	0.0373880975	-0.0975149665	-0.0572602769	-0.0729838596	0.0280594534	-0.0602837339	-0.0049020249	-0.0391026715	-0.0722666984	0.0378270125	0.0104594159	0.058092501	-0.0316517455	0.0200426752	-0.002693191	0.0801669999	-0.0045739194	0.0401103305	0.0677759533	0.050768636	0.0718804064	0.0054409451	-0.0173308627	0.0262140683	-0.0650414507	0.0848059038	-0.0762783904	-0.1373974505	-0.0448793396	0.0296211213	-0.0840210816	0.02560281	0.0582522472	-0.0589635356	0.1013484049	-0.0262326329	-0.0615135425	-0.0303807128	-0.0456120618	-0.0074097386	0.0928411257	-0.1195477743	-0.0622563624	0.0198925163	0.0129519014	-0.0227930422	-0.0211213741	0.0764033519	-0.1871014809	0.0296000974	-0.0543807623	-0.052629135	-0.0124112473	0.0391586214	0.0110125679	0.0865400214	0.0081628186	0.0132059859	0.0571622921	-0.0720588231	-0.0486199196	-0.081233318	-0.0516992231	-0.0655908189	-0.0449912974	0.0248473091	0.046621758	0.0223172434	0.1136073979	-0.0021617125	-0.1200966938	4.78367e-05	-0.0331995923	0.0812968373	-0.0614147287	-0.0313196238	-0.0970811265	-0.0469471449	-0.0851334125	0.0669800789	-0.0395359232	0.0066077305	0.0272370221	-0.057303721	0.0	-0.0776448148596529	0.011154799256559	0.0060287172745897	0.0001244295464541	0.1513784480682716	0.018924928096709	0.0229154345395584	0.0003581529034656	-0.3786092948197819	-0.0375910524872153	0.1433449981239325	0.0014130872270965	0.001951685972052	-8.861875936539993e-05	7.853284511462658e-09	3.80907813350456e-06	0.0010685750469279	6.938222232998233e-07	1.1418526309169637e-06	4.813892775447098e-13	0.0005879580534878	0.000216046904382	4.667626489308825e-08	3.4569467266116266e-07	0.0	0.0	0.0	0.0	0.0	0.0	0.0	0.0	0.0
798.9951059328524	0.2410779219064807	638393.17930465	0.0581185644307472	880.2672642047588	2.2786838238055225	774870.4564305306	5.192399968872958	759.0955929018896	0.2908103866491274	0.0845706809830149	576226.1191630714	759.3235129165649	687.831577680769	0.9954130000000002	35.429794	0.0397999945341143	0.0230247322617625	-0.0272447032	0.0119131707	-0.0208717269	0.0261610455	0.0268361934	0.1274638482	-0.0850529465	0.1137375646	-0.0201638766	-0.0018865356	0.0591274843	-0.1300099423	-0.0306660966	0.0685632591	0.0850713356	0.068944309	0.0658818154	-0.0198710576	0.0171181121	-0.0402968507	-0.0148055636	-0.0850493016	-0.1365346119	0.0104297962	-0.0547625358	0.0877330421	0.0265065132	0.0028777088	0.0128964794	0.0045997235	-0.041045306	-0.0220760299	-0.0521592427	0.0616168727	-0.0369949419	-0.0825020264	-0.0966452732	0.0819598881	-0.0007180611	0.012072739	-0.0330397377	-0.1951823361	0.0048124455	-0.0119685854	-0.0387093894	0.0484793451	-0.0145140403	0.0428455977	-0.0123186687	-0.120278383	-0.0173505519	-0.1427565081	-0.0828216772	-0.0699249447	0.0007026889	-0.0801650176	0.0602608516	-0.0153506903	-0.0229522082	0.0297254918	0.0692300704	0.0436854629	0.0674566655	-0.1889031136	0.0569058453	-0.0555572545	-0.0856085878	0.0631677574	-0.0069111381	-0.0477845462	-0.0062784235	-0.0032458026	-0.0335459868	0.0514966029	-0.0367797362	-0.0508645775	-0.0690829759	-0.0076865977	-0.0125306518	0.0716765775	0.1059342703	0.0200873221	0.0671844291	0.0414724207	-0.0905627327	-0.1339932799	0.1115877957	-0.0548913903	0.0239825781	-0.0138397038	0.071976889	-0.0439923361	0.0522747323	0.0976408852	-0.0578654175	0.0094411174	0.0886866151	0.0295850193	-0.0967332509	0.0547849921	0.0311399433	0.2147721419	-0.0101147483	0.0206909351	-0.0339076305	-0.0035704407	-0.0625036858	-0.0249934437	-0.0615438489	0.0035697021	0.0186795259	0.0570552939	-0.068922454	-0.0330250465	-0.0361342401	0.0530916241	-0.0691652235	-0.0207781753	-0.0705068004	0.0104453378	0.0305487981	0.0239374827	0.0986663757	-0.1175181581	-0.1024981679	-0.0760709746	-0.0692059672	-0.0547764465	-0.0473104224	-0.0042677506	0.026713915	0.091064851	0.038394132	-0.1082975364	0.0367478922	0.1128945853	-0.0675289282	-0.0041544863	0.0066020228	0.0600219939	-0.0159302454	-0.0646981893	-0.1131132411	-0.0540698567	0.0576465831	0.0359878613	0.0297696116	-0.0459421668	-0.0456599845	0.0305988956	-0.0390204265	-0.0148909211	-0.0248149811	-0.0445949085	-0.0683785712	-0.002516303	-0.00670653	-0.0414602471	0.0492824378	-0.065181587	0.0689302616	0.1056866716	0.0090494714	-0.0519066181	0.0429196633	-0.0473538183	0.0415996186	0.0528477065	-0.000990941	0.1166454967	0.0076491839	0.011665506	0.0801600486	0.0002729254	-0.0372569143	-0.0541008165	-0.1009577097	-0.0672243772	-0.0188784116	0.0248238113	0.0896084601	-0.0855660509	0.0685947023	-0.0427573947	0.0113936355	0.0214427666	-0.0515076619	0.0	-0.0672803324602568	0.010364482399396	0.0045266431359626	0.0001074224954073	0.1512909247326348	-8.752333563680215e-05	0.0228889439064557	7.66033428099232e-09	-0.3609211120050304	0.0176881828147514	0.1302640490909477	0.000312871811288	0.0019511533632537	-5.326087982998867e-07	2.836721320264493e-13	3.806999446936225e-06	0.0012680439477545	0.0001994689008266	1.6079354534368173e-06	3.978784239697203e-08	0.0005547634434261	-3.3194610061700004e-05	1.101882137148315e-09	3.077624781619837e-07	0.0	0.0	0.0	0.0	0.0	0.0	0.0	0.0	0.0
798.8017393403753	-0.1933665924771048	638084.2187732089	0.0373906390862067	881.9071198096642	1.6398556049053925	777760.1679709774	2.68912640493963	758.4465829681634	-0.6490099337262336	0.4212138940753301	575241.2192160832	759.8975828806559	694.6798540520991	1.050523	37.391323	0.0607020970704722	0.0347013411213423	-0.0633544562	-0.0067407126	0.0751140819	0.0344781359	-0.0597512211	-0.0673903625	0.0989524883	0.0004492558	0.0372362839	0.071717917	-0.0012130695	0.0456403953	-0.0133661695	0.0226363834	0.0638354125	-0.0380316799	0.0188644573	-0.0778595482	-0.0044393037	0.053561957	0.1344929008	0.0916259402	0.1140911607	0.0826436539	0.0525226557	-0.0538974894	-0.0231139535	-0.05430267	-0.0445244568	0.017812891	-0.0684534846	-0.0448156516	0.0399075397	-0.0130531278	0.0636327245	-0.0343114793	0.1013295048	0.048024849	0.0864520091	-0.0007850882	0.0599024491	0.0335953878	0.0454183025	0.0374451473	-0.0525764462	0.0161958103	-0.0101678832	-0.0056997954	-0.0080790234	0.0869525389	0.0841144191	-0.0598444133	0.026919898	-0.1751308725	-0.1320311496	-0.0127287248	-0.035013074	-0.1523744226	-0.0822512785	0.0839244922	0.054975018	0.1014115314	0.0223053275	0.0092369893	-0.0069759708	0.057045562	0.0004031552	-0.0286051929	-0.0840316654	-0.0918448081	-0.0941232261	-0.0139271802	0.0815472145	-0.0811711292	-0.0192835214	0.1060537122	-0.038680838	-0.0974787117	-0.0432031433	-0.0491984707	-0.0261063825	-0.0625605411	0.0422781063	0.0343748364	0.0433775402	0.083121642	-0.0102825339	0.0188004386	0.0171958186	0.0008473153	-0.0852883265	-0.0102628502	0.0529913839	0.0023986511	-0.0452367713	-0.0326612888	-0.092017756	0.0252104134	-0.0552868854	0.0236953824	-0.0877857499	0.0081879344	0.0120352146	-0.0761704615	-0.0728660297	0.0494644361	0.0578004227	-0.0059927662	-0.0423733051	-0.0193725745	0.0655658918	0.0842902064	-0.1152934668	-0.1301769566	-0.0993594544	0.0202029297	0.1254006674	-0.0139559169	0.0331467693	-0.017418955	-0.0209933594	-0.0015471933	-0.009465226	0.0669414705	0.0729240943	-0.0505133346	-0.0427592042	-0.0475642604	0.0078331726	0.0290847886	-0.1779374895	-0.0088181384	0.0035431804	-0.062437059	-0.1526724119	-0.1258266269	0.0403250719	-0.1312192813	-0.0606857852	-0.0072297618	0.0651783726	0.1100984216	-0.0186454544	-0.0360028582	0.0776406593	-0.0509795479	0.0209721555	0.0109860969	0.0407426699	0.0439594781	0.07677274	-0.0811947802	-0.0028591391	-0.0204623492	0.0967740591	0.0679345288	-0.0810076717	-0.0795328383	-0.0250440037	0.052987551	-0.0042546945	0.0142742544	0.0782261695	-0.0286791963	-0.0791337901	0.0033216292	0.0529901109	0.0305289434	0.0224398802	0.1128709961	-0.0400415457	-0.0263930015	-0.0019086366	-0.0278816199	0.1032449609	-0.0815091185	0.0376756656	0.0502147579	-0.0653077907	0.027842353	0.0042054518	-0.0859839051	0.07016192	-0.0459123846	0.0161480496	0.0155559202	-0.0453913792	0.0	-0.0625417222213542	0.0047386102389025	0.003911467018413	2.2454426996232523e-05	0.1351197936301815	-0.0161711311024533	0.0182573586306628	0.0002615054811327	-0.3312000713772391	0.0297210406277912	0.1096934872802882	0.0008833402559988	0.0020476430614531	9.648969819939994e-05	9.310261858611285e-09	4.192842107117024e-06	0.001205110308124	-6.293363963050008e-05	1.452290854746722e-06	3.960642997141651e-09	0.0005967664076227	4.2002964196600026e-05	1.7642490013008634e-09	3.5613014526690257e-07	0.0	0.0	0.0	0.0	0.0	0.0	0.0	0.0	0.0
797.0723166104898	-1.7294227298855276	635324.2779068128	2.9909029786447103	879.27210153433	-2.6350182753342324	773119.428536597	6.943321311345392	757.943822807677	-0.5027601604864458	0.2527677789723567	574478.8385323152	759.0361273320516	690.2818908547564	1.128752	40.175758	0.08879813285538	0.045554634800514	0.0469754247	-0.1049395259	-0.0610494999	-0.0195793522	-0.0341669196	0.045174605	-0.0221276791	-0.0704400625	-0.0850423203	-0.0693556211	0.106727616	0.0544014479	0.0112122046	-0.0229797142	0.0098098658	-0.0443090523	-0.0517884232	0.0834951339	-0.064134925	0.0022167948	0.1155031645	0.1077159211	0.1452128496	0.0463247564	-0.004099818	0.106040104	-0.0466132104	-0.026605102	0.027824056	0.0639896892	-0.0128994478	-0.0453480535	-0.0365903423	0.0402179734	-0.1008056443	0.063091315	0.0346277663	0.0664122396	-0.0301897449	0.0764337468	-0.030189816	0.0742350975	0.0128688834	-0.0532733864	0.0582555438	-0.0242795389	0.0741967486	0.087291348	-0.0152250449	0.0013139598	0.0604983925	0.0262028263	0.0631303951	-0.0482490665	-0.0102675026	-0.1022060911	0.0242041548	-0.0851104947	-0.0214838674	-0.0763614398	-0.0197573385	-0.0098381554	0.0266501119	-0.0507287992	-0.0034436381	0.0208335848	-0.0536101103	-0.1306507522	0.0240403843	-0.0596917008	0.0941152998	0.0088902117	-0.0993963382	0.1185191795	-0.0475108633	-0.0443466496	-0.0599830449	0.0010689738	0.0366522754	-0.0057945427	0.0604159061	-0.0114884276	0.0127329987	0.0247227904	0.0232680264	-0.0229042337	0.0294480265	-0.1204324828	0.0545821476	-0.0446149657	0.0380619796	-0.0795281271	-0.0791029032	1.94672e-05	0.0396596119	0.067517809	-0.1039075832	-0.0025128598	-0.0274338218	0.0599855716	-0.0683216477	0.0288663409	-0.1021342347	-0.0059437539	0.0791745065	0.0089670774	0.0015951258	-0.0193161171	0.0421321941	-0.047432559	0.0590161552	0.0250551504	0.0182776139	0.07937402	0.0715415659	0.0355621688	-0.0800670883	-0.0991655768	-0.0445805968	-0.0315444547	-0.052903529	-0.0479376268	-0.0386387729	0.094818703	-0.022879904	-0.0163052848	-0.1003260135	-0.0485163089	-0.0122188346	0.0021380013	-0.0537744635	0.008139084	0.0568462599	0.0663597664	0.0302936866	0.0264361024	0.0093781851	0.0174847332	0.0890798119	0.0103745468	0.0058566335	-0.0050512625	-0.0621954503	-0.0366844	0.0771488862	0.0455352276	0.0278718668	-0.1591351702	-0.0262053882	-0.0319176011	0.0169616202	-0.0285662455	-0.0500190893	-0.0910155932	-0.0141230651	-0.029599624	-0.0065781959	0.020530359	0.1361088656	0.0073815664	-0.0752245477	-0.0225189723	-0.0441333836	-0.0682065234	0.0875621349	-0.109470756	0.061905542	0.0757860775	0.0505742809	0.0097315827	0.018206101	-0.0551349664	0.0119807457	-0.0767998577	0.0398765214	-0.075092315	-0.0166985063	-0.0149899498	-0.0779831564	-0.0679894169	-0.031859445	-0.0863869029	0.071680649	-0.0489959873	0.0208578319	0.0096019025	-0.0389928981	0.0	-0.0504269368390168	0.0121147853823374	0.0025428759589661	0.00014676802486	0.1413568125454816	0.0062370189153	0.0199817484530184	3.89004049498112e-05	-0.3685757075724467	-0.0373756361952075	0.1358480522125297	0.0013969381809965	0.0023627556094417	0.0003151125479886	9.929591789986777e-08	5.582614069948219e-06	0.0009086476041137	-0.0002964627040103	8.256404684615672e-07	8.789013486909875e-08	0.0005469278123709	-4.9838595251799965e-05	2.483885576672738e-09	2.991300319448185e-07	0.0	0.0	0.0	0.0	0.0	0.0	0.0	0.0	0.0
797.2911588534147	0.218842242924893	635673.1919858209	0.0478919272883979	875.5597083165095	-3.712393217820477	766604.8028272912	13.781863403719472	757.0133133358897	-0.930509471787218	0.8658478770857274	573069.1565677819	757.8860231781006	703.1326083705436	1.258556	44.795856	0.2306527708502729	0.1480987451706067	0.0531764016	0.1589954358	-0.0358097526	-0.0082145445	0.0028748504	0.058349607	-0.0596076319	0.0721528096	0.0207354581	-0.0270284241	-0.0978744032	-0.031558135	0.1219510246	-0.0066790368	-0.1755223031	-0.0279302078	0.0295307916	0.0569179173	-0.0199990421	0.0039998315	-0.0107922474	-0.0830556284	0.1144701736	-0.0837881795	-0.0784033784	-0.0530211143	-0.1158345013	-0.1184452071	0.0838444679	-0.0631151815	-0.126359894	0.0732640699	0.0878845846	0.0541922294	-0.0767862257	0.0203090707	-0.0654201449	-0.0505988561	-0.0265152388	-0.0036814804	0.1030463213	0.0539175167	-0.1134907059	0.0025723745	-0.0745328155	-0.1111256835	-0.0678955663	0.0476502985	-0.0486709356	0.0227821121	-0.0333643498	-0.0245838903	-0.0408846326	0.0549453427	-0.012867498	0.0170535328	0.0371096573	-0.0557268842	0.0544609399	0.0830006608	0.0655118383	0.0104887284	-0.0115618771	0.0553053645	0.0592044869	0.087808826	0.0076367162	-0.0668953238	-0.1057068778	-0.0242429916	-0.0525115299	-0.0562190828	-0.0620298515	0.1271040231	-0.1054594604	0.1184154528	-0.0612311988	-0.0986902098	-0.0666869781	0.0512220411	0.0577399617	-0.1046763272	-0.0086045873	0.0267343786	-0.0025667723	0.031509906	0.0884067484	0.0882980091	-0.050516856	0.0240646999	0.0458558077	0.1128014315	0.0786205499	-0.0259834728	-0.0021303177	0.1251366484	-0.0301590441	-0.0893333726	0.0712650435	-0.1364223516	-0.0020980064	-0.0069114075	-0.0678732327	-0.0823869987	-0.0783483884	0.0523952705	-0.0030930144	-0.0221351043	0.0714746608	0.0503640682	0.0332635422	0.0157554866	-0.1518796247	-0.0464707192	0.0084956654	0.0364287415	0.0251750263	-0.0733607009	-0.0409756905	0.1164199166	0.0810062318	0.009342569	-0.0461687022	-0.1353254847	0.0017627226	-0.0648938945	0.0717647332	0.0630885413	-0.0064393249	0.1165431476	0.0371125246	-0.0459681456	-0.1119779928	0.0675660518	0.0338360446	-0.0067342412	0.0549019775	-0.0861616139	-0.0414141035	-0.021355327	0.0639969056	-0.0237640146	-0.0093035891	-0.0767835565	0.0686794556	0.0649972338	-0.0177636841	-0.0860575434	0.0712932855	-0.0662143563	-0.0531701965	-0.0800369241	-0.0263272736	-0.0361185228	-0.0303908091	-0.0526919887	-0.0697916523	0.0190857012	-0.1027336361	-0.1108217761	0.0224529281	0.0401394348	-0.0809228556	-0.0627951642	-0.1975411736	0.0140416522	0.0452468742	-0.042004295	0.0530396648	0.0227661319	-0.188069234	-0.080956971	0.0230633006	-0.0870468163	0.1215341331	-0.0602930045	-0.0400571901	0.0004778419	-0.1833337078	0.1015888729	-0.1352990947	-0.0867749746	0.0731498398	-0.0520034083	0.025509965	0.0036064234	-0.0323519979	0.0	-0.0418011071386814	0.0086258297003354	0.0017473325580195	7.440493801918834e-05	0.1519520259873275	0.0105952134418458	0.0230894182016534	0.0001122585478782	-0.4748021290736233	-0.1062264215011766	0.2254370617728456	0.0112840526249456	0.0042278307212188	0.0018650751117771	3.4785051725703623e-06	1.787455260728148e-05	0.0007175579492839	-0.0001910896548297	5.148894105805161e-07	3.6515256182972095e-08	0.0004989864548395	-4.7941357531400015e-05	2.2983737619535247e-09	2.489874821132924e-07	0.0	0.0	0.0	0.0	0.0	0.0	0.0	0.0	0.0
801.5294702346862	4.238311381271501	642449.4916546966	17.96328336461554	880.6472232525165	5.087514936006983	775539.5318223676	25.88280822409413	759.4935072240097	2.4801938881199703	6.151361722667656	576830.3875154268	760.7151382191976	700.8814136741029	1.163831	41.424316	0.4990359906700146	0.3108596939223073	-0.0137685479	0.1007590038	0.0592048489	-0.1045569278	0.0474878688	-0.1089523795	-0.0215683341	0.0327468615	0.2057995477	-0.0039467913	-0.0148269572	-0.032509065	0.0550770971	-0.1453488546	-0.1313010601	-0.1170131646	0.0244060739	0.0171338909	-0.0273497257	-0.0621794767	0.0600682256	0.0949459747	-0.0444281741	-0.2086041186	0.0666932917	-0.0580425201	-0.0405483526	-0.0667593859	0.000695588	-0.0361573026	0.0394802313	-0.0813298979	0.041683732	-0.0479443511	-0.0077986601	-0.069990257	0.0006409818	-0.1001110107	-0.0109175946	-0.0836666542	-0.1016805856	0.0472441511	0.050478648	-0.0736886596	0.0092871855	-0.0280556728	0.0285829453	0.1185140938	0.2615265865	0.0873056539	-0.0585016119	-0.0214607522	0.0143833711	0.0291407376	-0.0114982252	0.008481601	-0.0596515268	0.0535274489	-0.0275340823	0.0072012011	0.1332028713	0.0396712681	-0.1515605059	-0.1108291702	0.0504272543	0.0003054197	-0.0052310866	0.0278855962	0.1264644414	-0.0878158287	-0.0071904111	-0.0118455246	0.0377940218	-0.1008399034	-0.0038753523	-0.0370765009	-0.0589516556	-0.0983465186	-0.0882827619	-0.0530299002	0.0470184747	0.0369667819	0.057453993	-0.0283229484	0.0671358726	0.0330243342	0.0013188417	-0.1352647698	-0.0349121839	0.0977051415	-0.0500054782	0.2443842882	-0.0126973456	0.0621843516	0.0131731773	0.0449736305	0.0123958127	0.0029108595	-0.0814490324	-0.0841344025	0.1040873525	-0.1432335835	-0.0049847867	-0.1076441819	-0.0226077561	-0.0048463407	0.0924060892	0.0347529281	0.0979944912	-0.0495364522	0.0105398254	0.1430148195	0.0454303939	-0.003498317	-0.058636075	-0.1235433241	-0.0711373565	0.0724916518	0.0634940389	-1.0332e-06	0.0654336947	-0.0116844264	-0.0459011366	0.0193175935	-0.1350222262	-0.017216383	0.0504793651	-0.1799469455	0.0421701424	0.0839540333	0.0475336587	0.003082618	-0.0110187056	0.0955038286	0.0176650766	0.0131247263	-0.0508981519	-0.0404155811	0.0316138428	0.075152537	-0.0211739711	0.0574524786	-0.0256459804	-0.0873789336	-0.1067160147	0.0146156017	0.0511309726	0.0506541017	0.0223199718	-0.046541514	-0.0001363616	-0.0255073318	0.0727941522	0.0106129202	0.0033589489	-0.0082417262	0.0155279512	0.1768878325	-0.1408359668	0.0955227682	0.0300846728	-0.1323987663	-0.0808197989	-0.0690347357	-0.0621725645	0.1123760728	-0.0766763231	0.0576860918	0.0528209308	0.0593207167	-0.1169585108	0.0231939913	0.1956620148	-0.1760612796	0.0223041372	-0.0654513018	0.0963967124	-0.0955906211	-0.1084327313	0.0825764474	-0.1132606384	-0.0871480531	0.0745684769	-0.0549299716	0.0300915909	-0.0024046285	-0.025509965	0.0	-0.0804384300325296	-0.0386373228938482	0.0064703410260981	0.0014928427204034	0.137644792354493	-0.0143072336328344	0.0189460888623114	0.0002046969342245	-0.6180639594326607	-0.1432618303590374	0.3820030579495776	0.0205239520378216	0.0092351257049222	0.0050072949837034	2.507300305382124e-05	8.528754678571478e-05	0.0001112608377753	-0.0006062971115086	1.2378974022461624e-08	3.675961874236719e-07	5.598647436561109e-05	-0.0004429999804738	1.96248982699866e-07	3.1344853118912277e-09	0.0	0.0	0.0	0.0	0.0	0.0	0.0	0.0	0.0
799.5915408929554	-1.9379293417307508	639346.6322675708	3.755570133540981	879.8093589195838	-0.8378643329326678	774064.5080424891	0.7020166404007044	760.8920624492166	1.3985552252069056	1.9559567179535384	578956.7306982225	760.2810995356242	697.7829261020298	1.237194	44.035542	0.5353579930088702	0.3574196300353218	0.065899429	0.0019557924	-0.0593516399	-0.0940071099	-0.0165777285	0.0576514555	-0.1038166214	0.0030343669	-0.0336353545	-0.0490320721	0.0220017428	-0.0113231691	-0.0090344515	-0.0406540057	0.0465552687	-0.0647325001	0.039536389	-0.1755541207	0.165359232	-0.170968696	-0.0471413526	-0.0720661265	-0.0648345513	-0.0346128618	-0.0869123207	-0.0127264573	-0.0115154124	0.0877391674	-0.009297533	-0.0225837978	0.1034766725	0.027084171	0.1027357912	0.0357646159	-0.0696685593	0.0645202383	-0.0035133448	-0.0622414154	-0.0040972528	0.0155230328	0.0333491913	-0.0059859454	-0.0378304987	-0.0359405286	0.0368822905	0.0008819167	0.0743307504	0.0101072981	0.1282915511	-0.0039462837	-0.0375513056	-0.0934707746	0.0529329643	0.0175491333	-0.0197652599	0.0117043606	0.0017139405	0.0409072653	-0.0708404706	-0.0075249442	0.0915205511	-0.1458310486	0.0037156911	0.0941620456	0.018848861	0.1175404186	0.0373353998	-0.0323377826	-0.046469713	-0.0329459857	0.0141515381	0.0669108909	0.093111953	-0.0114809029	-0.0243581248	-0.1151268755	0.0071363484	-0.0240497123	0.1312707551	0.1216637007	-0.0933833191	-0.0084324384	-0.0161806269	-0.0309343614	0.0245493251	-0.0444132122	-0.063709343	-0.0282029441	-0.0706941447	0.01233783	0.0790875317	-0.0130238227	0.0218304654	0.0005706982	0.0987978215	-0.0995679414	0.0795936957	-0.0710411314	-0.018575996	-0.04629135	0.1100351873	-0.0232827057	-0.0547972601	-0.0493747812	0.0388303334	-0.0152787048	-0.0244208051	0.0669290042	0.040554954	-0.0258240853	-0.0065818255	-0.0203936315	-0.0899218235	-0.09427366	0.0138347287	-0.0337517179	-0.0515983572	0.0499166005	-0.0664342675	-0.0178489667	-0.0561514355	-0.0090206195	0.0033057778	0.0621471567	0.145120368	0.0700112583	0.1249214727	-0.0558879805	0.1562636352	-0.0407639324	0.0103920168	0.019219518	0.0474265475	0.0600248392	0.1375277224	-0.0307680744	0.1062170985	-0.0416795953	0.0872314977	-0.048108081	-0.0687031514	-0.0656696282	-0.0872169867	-0.0338531781	-0.0129387896	-0.0138699774	0.0610397353	0.0293456795	-0.0347360925	0.0715702337	0.0877921943	0.0332657025	-0.0886055906	-0.0368442205	0.039583891	-0.1680899601	-0.0496900215	0.0568425492	0.0145026224	-0.0652901107	-0.0763915714	0.0131990754	-0.0140710189	-0.0164831541	0.1311712171	-0.0266717534	0.0577027999	0.0517768047	-0.089020379	-0.0081923771	-0.0238643238	0.0093251901	-0.0303950205	-0.1695488224	-0.0290729193	0.0211658436	-0.0614907516	-0.0063104374	-0.0084988784	0.0818043202	0.0964466429	-0.0875060741	0.07593558	-0.0577711266	0.0345900464	-0.008405297	-0.0185093366	0.0	-0.0760061127467395	0.00443231728579	0.00577692917487	1.964543652191364e-05	0.1893773812202113	0.0517325888657183	0.0358637925178252	0.0026762607507494	-0.4296842607240734	0.1883796987085872	0.1846285639139935	0.0354869108855381	0.0037959860343801	-0.0054391396705421	2.9584240355664835e-05	1.4409509973208757e-05	0.0004372051919374	0.0003259443541621	1.9114837985701881e-07	1.0623972201014847e-07	0.0001071702126369	5.1183738271288905e-05	2.619775063423804e-09	1.148545447663836e-08	0.0	0.0	0.0	0.0	0.0	0.0	0.0	1.0	0.0
798.9036413365484	-0.6878995564070465	638247.0281407963	0.4732057997050113	887.4755813011757	7.666222381591865	787612.9074058597	58.77096560402005	761.0581726481572	0.1661101989406006	0.0275925981920859	579209.5421545523	762.2842332967123	697.7026335024366	1.078048	38.371025	0.1574091310674456	0.0874441164863613	0.0350350643	0.0725509047	-0.0376251973	0.0303668334	0.0193109491	-0.1116678252	0.0540669004	0.0070276546	0.0551709087	-0.0318099252	-0.0680357056	0.0382091631	-0.0935117362	0.0287125303	0.0817705309	-0.0031481141	-0.0151297021	-0.0108100507	-0.0002601603	-0.2037611661	0.0861437011	0.1064576775	-0.0712136307	-0.0507494044	0.0161156561	-0.1264100856	0.0031352255	-0.0017040647	-0.1248359874	0.0632240846	0.0097020035	0.0446745053	0.0291186671	-0.0446341973	-0.0743267487	0.0068039906	-0.0038716345	0.0217705925	-0.1052552291	0.0067162505	-0.0178838629	-0.0105870374	-0.0250121929	0.0115264362	-0.0894122123	-0.0850818043	0.0629665168	-0.0637215792	-0.0937063839	-0.033718436	0.0405581853	-0.0213756481	-0.0588287711	-0.0335714607	0.0193617157	0.0317840767	0.0244988488	-0.0529923526	-0.037763434	0.0416634667	-0.0838540774	-0.0556849341	0.1797679186	-0.0945178528	0.0354732461	-0.042909657	0.2227208647	-0.1158673788	0.0482760642	0.0203679181	0.0303552599	-0.1074676491	0.0155608823	-0.0363676259	-0.0287469379	0.163507368	0.1133969969	-0.0082594241	-0.0636679367	0.0014280544	-0.0784646574	-0.0079735014	0.0274395525	-5.79442e-05	-0.0149843229	-0.0434761005	-0.0788233902	0.0135306536	-0.0821223309	0.0679809805	-0.0426116562	0.0740968555	0.0769534744	-0.0651426969	0.0711828847	-0.1134202727	-0.0079537094	0.1175220061	0.0526131868	0.0365954073	-0.0575589487	0.0766557674	-0.0125981817	0.029731418	-0.0092420224	-0.0325057791	0.0669669274	0.0665530193	-0.011688386	0.0477547355	0.1232439024	-0.1576981436	0.0135838446	-0.0242325348	-0.0402031594	0.0384114067	0.0470138422	-0.1015118056	-0.0201753435	-0.0118068914	0.0127859672	-0.1134229751	-0.0565927569	-0.0696323592	0.0321969049	0.0106027031	-0.0411667082	-0.1106958897	-0.0370108465	0.0416926812	0.0966620756	0.0699239278	-0.104231876	-0.0932086228	-0.0600972995	0.0509654243	0.0463118323	-0.0582881228	0.0075978065	-0.145861527	0.1081284587	0.0525902834	0.1137795726	0.1028676296	-0.0932847102	-0.0753158605	0.0285804685	-0.0132114094	-0.1050372741	-0.0838120053	-0.0838106359	-0.0065829603	0.0027274287	0.0445805055	0.104477804	0.0092407941	-0.0844100083	-0.0429372392	-0.0935135452	0.0161360799	-0.0872613455	-0.0325346066	0.0030297402	-0.0407039117	-0.0241765611	0.0834178724	0.0443862504	0.0351167934	-0.0474021345	0.0537061737	0.0815371594	-0.034995869	0.001051545	-0.1118183658	0.1265013565	-0.0803664405	0.0079490777	-0.056831087	0.0739938794	0.052468103	0.0425991281	-0.0878489756	0.0772502043	-0.0605224558	0.0389928981	-0.0143696711	-0.0113936355	0.0	-0.0744605165393608	0.0015455962073787	0.0055443685233084	2.388867636263445e-06	0.1508469741028335	-0.0385304071173778	0.0227548095959809	0.0014845922726308	-0.3591637530385441	0.0705205076855293	0.1289986014967322	0.0049731420042247	0.0033590064139772	-0.0004369796204028	1.9095118864746237e-07	1.128292408913997e-05	-6.226235707895711e-06	-0.0004434314276452	3.8766011090275607e-11	1.966314310235451e-07	0.0001630115657319	5.584135309500001e-05	3.1182567154804673e-09	2.657277056236556e-08	0.0	0.0	0.0	0.0	0.0	0.0	0.0	0.0	0.0
797.6239642021361	-1.2796771344122817	636203.9882695305	1.637573568337629	878.5823423532339	-8.893238947941768	771906.9322948952	79.0896989851884	759.4549116531389	-1.6032609950183314	2.5704458181471703	576771.762834077	759.8160225550333	703.0058968660519	1.131791	40.283924	0.0885633463423986	0.0551908983405263	-0.0194873413	-0.0402955408	-0.0879989908	-0.1924487889	-0.012692565	0.0299725887	-0.0014286215	-0.0040827676	-0.0417171646	-0.1372474328	0.0598644854	0.0341224691	0.0543400557	0.090854988	-0.0476974015	-0.0177052362	-0.0484389802	-0.0383561254	0.0674039558	-0.0916973115	-0.0587897284	0.0295093883	0.0370874151	-0.0523236395	0.0231235584	0.0647236243	-0.0750432732	-0.037512788	0.0237522391	0.0247079707	0.0146901002	0.0145513739	0.1133740584	-0.0185578437	-0.0534949069	-0.0147339379	0.0467766062	-0.1056113297	-0.1476166121	0.0047104169	-0.0639332683	-0.063544882	0.0039774962	0.1774093025	-0.1184309227	0.0248330359	0.0912314733	-0.0451351237	0.0068936196	-0.0264690876	0.056190962	-0.0054307761	0.1488142485	0.0232326992	0.0252034737	-0.0035062891	-0.0096008403	0.0010905442	0.0552528999	0.0176161061	-0.0904045483	0.1480642524	0.0883949577	0.0095124638	-0.0207549898	-0.0474052031	-0.0711663614	-0.0591590631	-0.0469845938	0.0889433869	-0.1118500785	0.0030868165	0.0525861349	0.007727919	-0.0770119105	-0.0086192855	-0.1887664063	0.0446817201	0.009902039	-0.0470935312	0.0117906223	0.0601213371	-0.0496170466	0.0089856743	0.06542464	0.0863112686	0.0635084142	-0.031218534	-0.0193958187	0.0183428259	0.001391161	-0.012426534	-0.0702845504	0.0178777887	0.1077237553	0.0057301173	-0.0458507068	-0.0368296858	0.0914439771	-0.0837254139	0.053382494	0.04454731	-0.0854227834	0.1255184273	-0.0391564157	-0.2052927566	-0.0352042696	0.012287687	-0.0025245953	-0.0927599881	0.0445824087	0.0091581953	-0.0193532417	-0.0093865549	-0.0547293092	-0.0959508609	0.0117718368	0.0228809554	0.0650541794	-0.071441154	-0.113972234	0.0842536949	-0.0338513147	-0.0082515791	0.0643578332	-0.1198506399	-0.0059398603	0.0067271898	0.0390082435	-0.0218796165	0.0316900203	-0.0284298523	-0.1524147359	0.0450412948	-0.0592395564	-0.01790798	-0.0357870489	-0.0262749274	-0.0042467518	-0.1269828042	0.0620221616	-0.0659649374	-0.0432423456	0.0134550316	0.0488808503	0.0240993872	-0.0561955693	-0.0443408492	0.0490548315	-0.0126731153	0.0062060962	-0.0740797656	0.1107086985	0.0239052471	-0.0015639038	-0.0503852543	-0.0360683357	0.0726370913	0.0551516992	0.0319157767	-0.0672522047	-0.0033910901	-0.0508612377	-0.0648757256	0.0436373978	0.0011984144	-0.0002093457	0.0450436002	-0.1116468064	-0.0438889225	0.0504881119	0.0579344816	0.0444378182	-0.1781454136	0.0817303817	-0.0138539853	0.0084498796	0.0194179708	-0.0573319838	0.002834831	0.0946456948	-0.0881766985	0.0785114412	-0.0631796814	0.0432879769	-0.0202719962	-0.0042071001	0.0	-0.0742417055290616	0.0002188110102991	0.0055118308398638	4.7878258228152834e-08	0.1468108935625878	-0.0040360805402456	0.0215534384686454	1.6289946127349852e-05	-0.4024294822422831	-0.043265729203739	0.161949488177792	0.0018719233235312	0.0039199874678554	0.0005609810538782	3.146997428102959e-07	1.536630174814339e-05	0.0001679872033641	0.0001742134390719	2.821970049409149e-08	3.0350322353291964e-08	0.000248671584544	8.56600188121e-05	7.3376388228893274e-09	6.183755695962376e-08	0.0	0.0	0.0	0.0	0.0	0.0	0.0	0.0	0.0
798.6196982888365	0.995734086700395	637793.4224949522	0.9914863714170696	881.5745832589956	2.9922409057617188	777173.7458482718	8.953505638113711	759.5459671105373	0.0910554573983972	0.0082910963220313	576910.0761538814	760.3678098932902	683.4965335966775	1.140494	40.593693	0.1003210280590819	0.0553448613280114	0.0801338623	0.0832213842	-0.039515939	0.0842012161	0.02900139	0.0138871876	-0.0828607797	0.0618203384	-0.0079371331	-0.0201824498	-0.0904736734	0.0077491965	0.0026430433	-0.048418145	-0.0581045397	0.0118933126	0.0503646808	0.0633127106	0.0017035692	-0.0200593397	0.0243318778	0.0301045847	-0.0443297814	-0.0353377217	-0.1004543281	-0.0275364169	-0.0491266531	-0.0348836449	0.0987972804	-0.0292709242	0.030372362	0.1245472418	0.0373313842	-0.0255794281	-0.0232643751	0.0543141318	0.0336986456	0.0595405019	-0.1365489453	-0.0251260241	0.0330838564	-0.1293041357	-0.0324280255	-0.0437720305	0.0743115966	0.0666215275	0.0213040894	0.0447006675	0.0116430879	0.1467889188	-0.0718828585	0.0694909751	0.0275799504	-0.0548830646	-0.1176974053	0.1153468942	0.0694196131	0.0792634682	0.0220006628	-0.0693280954	-0.0634228417	-0.0420111061	-0.0153379467	-0.0198588764	-0.0158847705	0.1167662773	0.0335598178	0.0839904212	0.0324748834	0.0964352538	0.0377981389	0.0309906489	-0.0367868893	-0.1478294283	-0.0714737214	-0.0238029709	-0.0910854109	-0.0126365367	0.0679237033	0.0394605806	0.002081945	0.0804080561	-0.0434677601	0.0537146183	-0.1476561035	0.012757891	-0.0264194611	0.0555328836	0.0962932939	-0.0528132617	0.0625324919	0.047463823	0.0940258489	0.0008163597	0.072056133	0.0349355192	0.0086752038	-0.0331642808	0.0334894369	-0.0846065476	0.0355583615	0.0088692495	0.0757155251	0.0349282258	0.03635394	0.0690367766	-0.0362866809	0.0987469614	0.1273831019	0.0969366871	0.1077658589	0.0279862183	-0.0648188274	-0.0422235579	0.0102530983	-0.0469381484	-0.0968208633	0.0616037606	0.0134321166	0.0313913995	0.0303075183	-0.0383181728	-0.0002456028	0.0949806842	0.0233376816	-0.0594852627	-0.055943571	0.1044271085	0.1435555632	-0.0162049873	0.0624059633	-0.007600861	-0.0611387046	0.003151114	0.104385162	-0.0945074348	-0.0113191216	0.1409748798	0.0127002007	0.0373735423	-0.0994659436	-0.1238210369	0.0663439967	-0.0234400209	0.0264905993	-0.0004700734	0.0786449278	0.1239763333	-0.030568037	0.1111417831	0.0289404054	-0.0199547616	0.0316131113	0.0314909545	0.0199870959	0.1392345007	0.0455189806	-0.0056549798	-0.0413484758	-0.0835019948	-0.0375134548	-0.0210034163	-0.0632830709	-0.0703002983	-0.0372524555	0.0223188745	-0.0721266158	0.0201242592	-0.1067420219	0.0207914745	-0.0280272465	0.0133205581	0.0296269143	-0.1395983131	-0.0622286986	-0.0408823497	-0.1244126632	-0.0702215694	0.0451463028	0.0225208245	0.0246447362	-0.088489186	0.0797184191	-0.0657386716	0.0474634117	-0.0260867859	0.0030055908	0.0	-0.0741359102908774	0.0001057952381842	0.005496133194657	1.119263242245168e-08	0.1645264165210278	0.01771552295844	0.0270689417332507	0.000313839753691	-0.3728903550034204	0.0295391272388627	0.1390472168545768	0.0008725600380337	0.0031869632132492	-0.0007330242546061	5.37324557840975e-07	1.0156734522603669e-05	0.0004373062425804	0.0002693190392163	1.9123674979978764e-07	7.253274488439094e-08	0.0001918032258946	-5.686835864940001e-05	3.234010215476789e-09	3.6788477463574966e-08	0.0	0.0	0.0	0.0	0.0	0.0	0.0	0.0	0.0
799.5942103785555	0.9745120897190418	639350.9012709057	0.9496738130085738	882.681826723539	1.1072434645433304	779127.2072280037	1.2259880897739177	758.9468751765199	-0.5990919340173377	0.3589111454046341	576000.3593402042	759.9058415730794	694.1963289010579	1.111032	39.545036	0.0604687111483947	0.0425817505308069	-0.1242785682	0.05125388	-0.0586891921	-0.0298969946	0.0173956672	-0.046075056	0.0915292495	0.1248081971	0.0091142922	-0.0374545196	0.0100901941	-0.0079757682	0.0009017666	-0.026745854	-0.0367873467	-0.0460913847	0.0719008665	0.0498425791	-0.0317049264	0.032911983	-0.019229265	0.0421759407	-0.0561502488	0.0317778687	0.0931162519	-0.0207822485	-0.115658237	0.0303071226	0.1047438161	-0.045698479	-0.0279666994	-0.0535632037	-0.0234052591	-0.0070455191	0.0617870418	0.035443957	-0.0391400549	0.0547536946	-0.0012080368	-0.0132949978	0.0253584102	-0.0650940338	0.012079474	-0.0636684125	0.0142482073	0.0717275809	-0.0272129438	-0.0467321267	-0.043301322	0.0235538692	0.0549992486	-0.0469486876	-0.1283299075	-0.0422673396	-0.0302700479	-0.0141505089	0.0065895065	-0.0441902637	0.0051436419	-0.0300333445	0.096407444	0.0071856307	0.0905592782	0.0013408427	-0.1081313473	0.0433765735	0.0116127795	-0.0591400939	0.0483223917	0.0252989192	0.0303331398	0.0628119363	-0.0580953319	-0.057731074	0.1075424358	-0.0899855028	0.0440760642	0.0825246478	-0.0686455134	-0.0129528365	0.0540230968	0.0244330521	-0.0750018381	-0.0064537404	-0.0224019709	0.0260161467	0.0581902562	0.0525149594	-0.0833826116	-0.0279993763	-0.1121877139	0.0162691887	0.0445374084	0.1361055756	0.0240982943	0.0442729899	0.0158413391	-0.0535930974	0.0386934347	0.0134780388	-0.0447529978	-0.0019344983	0.0665978081	0.0414603751	0.0050794718	0.0475633734	0.0026619485	0.0032746115	-0.1098093469	0.0510801988	0.100895537	-0.0028621883	-0.0183198868	0.0025576251	0.0305137652	0.0907851909	0.0009029094	0.0315560521	-0.0123974709	-0.0252561561	0.0641593825	-0.0820908718	-0.0264158366	-0.0400900155	-0.0083004223	-0.0263883989	-0.0874117566	0.0078999601	0.0503925381	0.0116935522	-0.0508246984	0.0132036842	0.1239075911	-0.0028139241	-0.046650379	0.0238411372	-0.0291731563	-0.033537314	-0.0627203721	-0.058821098	-0.0540494637	-0.0866532997	-0.0712274362	0.0243558246	-0.0025776195	0.0140256553	-0.0573872384	0.0159222477	-0.057277002	-0.0044004925	0.006353754	0.0250934138	0.0261017595	-0.0083237269	0.0685096149	-0.058229236	0.063266946	0.0036372608	-0.0280472321	0.1176681817	-0.0007042252	0.073546605	-0.047892392	-0.0231508997	-0.0594781263	0.0161218443	-0.013833405	-0.0311497415	0.0136972521	-0.017170327	0.024875617	0.0436409383	0.0221776971	-0.1313466223	-0.0275388954	0.0375797097	-0.0211811928	0.0020230836	-0.0186545487	-0.03841962	0.1744673342	-0.0887863842	0.0808703038	-0.0681954477	0.0515076619	-0.0317889315	0.010199596	0.0	-0.0745436339128531	-0.0004077236219756	0.0055567533569334	1.662385519169769e-07	0.1291913898254364	-0.0353350266955914	0.0166904152050278	0.0012485641115781	-0.396664650253328	-0.0237742952499075	0.157342844760595	0.0005652171146297	0.003186960111879	-3.101370200150194e-09	9.618497118379657e-18	1.0156714754707808e-05	0.0004373363601943	3.0117613899994726e-08	1.912630919479985e-07	9.070706670291552e-16	0.0002108033185289	1.90000926343e-05	3.6100352011198093e-10	4.443803910279687e-08	0.0	0.0	0.0	0.0	0.0	0.0	0.0	0.0	0.0
799.5858706096741	-0.0083397688814557	639337.5644786304	6.955174499609705e-05	884.4448929419884	1.7630662184494668	782242.7686511654	3.108402490637703	758.678058424834	-0.2688167516859039	0.0722624459869609	575592.3963352758	759.5376065190633	702.7380597328888	1.059405	37.707485	0.0775300641816613	0.0412888604696175	-0.0203268023	0.0287404828	0.0474463125	-0.0411775335	0.0017819899	0.1148654415	-0.0959232457	0.0671579169	0.048380554	0.0098670937	0.075042123	0.0468666317	-0.0367837297	-0.0335140901	-0.0228456715	-0.0685421854	0.0350191337	0.0391540325	0.0003826175	-0.0583726977	0.0865060943	-0.0952683765	-0.0556383027	0.0018548653	-0.0546073475	0.1073195569	-0.0365865203	-0.0340042609	0.0658345629	-0.0001172657	0.0146668557	-0.1068298219	-0.0514495844	0.109773053	-0.0405193308	-0.1098175227	-0.0273852838	0.0774247591	0.0036477388	-0.0442185101	0.0265851152	-0.0376841701	0.0068928801	0.0521987113	-0.0687575295	0.0701926991	-0.0294541919	0.0136832475	-0.0730612046	-0.0251846854	0.0318808744	0.0335121923	0.0083781643	-0.0377090659	0.0493063311	-0.1120903311	-0.0104316669	0.0087880093	0.0404600676	0.0083406169	-0.0484336061	-0.1522403665	-0.0457154186	0.1255486709	-0.0792969287	0.0980160002	-0.0332153214	-0.0051025923	0.0782059434	-0.1086859863	0.0297099235	0.0113531559	-0.0041837477	-0.0528414101	0.0721127063	0.0653508532	-0.0189697833	-0.0151907822	-0.0880434115	0.0037840518	-0.0815493622	0.0222722231	0.059100202	0.0548096264	0.0098522452	0.0750913109	-0.0405999718	0.0402651814	0.0358016228	-0.0927894551	0.0904155199	-0.0145956117	-0.0186696955	0.1004233958	-0.0264752318	0.0308132346	-0.0150614163	-0.0503730712	-0.0282693731	-0.0155639296	0.0021662461	0.1139002509	-0.087488614	-0.0066084163	0.0053516763	0.0015587605	-0.0634911796	0.04648061	-0.0348716657	0.0727478661	0.0022671098	0.0443812488	0.0946579136	0.0209631835	-0.0772629956	0.1149479797	0.0543037026	0.0364958765	0.053559566	-0.0078494712	-0.0071209058	-0.01362554	0.0232739211	0.0014516541	0.1319472065	0.0417426333	-0.0955117289	-0.0635648798	-0.0757784825	0.0667207494	-0.0606573698	0.0637415633	0.060404816	0.0866254706	0.0138118544	-0.0238297923	-0.0041399814	-0.0463071241	-0.0144805566	-0.0137891212	0.0447977087	-0.0175234851	0.1521918867	-0.0783841655	0.0411756258	0.0428880042	-0.0203754232	0.0084976432	0.0389796079	0.082802317	0.0079760807	0.0246556569	-0.0009232537	-0.1119804078	-0.0733416346	0.0067602171	0.1243013395	0.0568871695	0.0158921098	-0.0336964516	0.0491588963	0.110912251	-0.0017802786	-0.0527079491	0.0829431589	-0.0137823188	0.0603625564	-0.0249456605	-0.0052178408	-0.0054849165	0.0516054127	0.0154364999	-0.032584681	-0.104222577	-0.0161163241	-0.0029025347	-0.0001828506	-0.0540867976	0.0298597119	-0.0187180328	-0.0308913326	-0.0890682417	0.0819662993	-0.0705461896	0.0554095495	-0.0373538109	0.0173301903	0.0	-0.0840440586550244	-0.0095004247421713	0.0070634037952091	9.025807028166067e-05	0.1503749599769293	0.0211835701514928	0.022612628588063	0.0004487436443632	-0.4295693590133851	-0.0329047087600571	0.1845298342031705	0.0010827198585841	0.0031009333498876	-8.60267619914e-05	7.400603778724983e-09	9.615787640445131e-06	0.0006018724828811	0.0001645361226867	3.6225048564946004e-07	2.7072135668805693e-08	0.0002390676444095	2.82643258806e-05	7.988721174847548e-10	5.7153338603507134e-08	0.0	0.0	0.0	0.0	0.0	0.0	0.0	0.0	0.0
799.9661794497108	0.3803088400367187	639945.8882633669	0.1446348138100745	881.0962376521184	-3.3486552898700666	776330.5800047183	11.21349225037478	759.9309547093342	1.2528962845001388	1.5697490997142527	577495.0559254402	759.9291331736247	696.1549854249796	1.148046	40.862488	0.1260570499745703	0.0727051613256149	-0.0654423848	0.0734299448	0.0805542447	0.028200112	-0.0650330746	-0.062113595	0.0781311151	0.054140312	0.0268062294	0.0858152306	-0.0216114336	-0.0145963697	0.070992821	0.0260210207	0.0624953694	-0.0309371424	0.001511052	-0.0807124953	0.0415894485	0.0891352947	-0.0888232254	0.075397511	-0.0812610339	0.0139466916	-0.0090222956	-0.1169991239	0.107995587	0.0612160909	0.0266502444	0.0001176963	-0.0161918851	-0.1198152899	-0.0394912621	-0.0384235613	0.0444042476	0.0578183312	-0.0363290279	0.0331962061	0.0278113622	-0.0012849073	-0.0327124142	-0.0826860248	-0.0073849714	-0.0895762874	-0.0494695223	0.0239016944	-0.0168575089	0.1251319823	-0.0152073357	-0.0777657608	0.0314846558	0.0525290779	0.0692999277	-0.1267832952	-0.0661823804	0.0344373328	0.0191689564	0.01848419	-0.0044672317	0.0316840272	-0.0094431066	0.1408128646	-0.0018492896	0.0661741398	-0.1048613704	0.0659738177	-0.0513635576	-0.0332635755	-0.0624883564	-0.0792984888	0.0355982272	0.0046795381	-0.072386465	-0.0887292831	0.0172865344	0.0193073993	-0.1401157137	0.0934915	-0.0682214944	0.1267457034	-0.036995999	-0.0257269606	-0.0138451675	-0.0744920008	-0.0590591743	-0.1023133676	-0.0461501398	-0.1492775314	0.0135398806	-0.0288851989	-0.0797604356	1.39272e-05	0.0964762352	-0.0095146824	-0.0728151147	-0.0389250956	0.1088880381	-0.0341540288	-0.0606216059	0.0821679025	0.1026057163	-0.050281332	0.0302709061	0.0077758078	0.0856633273	-0.0710709656	-0.0095483203	0.0130154085	-0.0018786392	-0.0636365002	0.0076363108	-0.0259381129	-0.0242288257	-0.0531365943	-0.0429851277	0.0649457824	-0.0406340165	-0.0795401613	-0.0082354432	-0.0161780164	0.1175851925	0.1082030387	0.0365304009	0.1146890566	0.0441758145	-0.01124089	-0.10779482	0.0026804163	0.0429971399	0.0294865616	-0.014273378	-0.0736617825	0.0037220393	0.0261232414	-0.088020769	-0.0715462399	-0.0655295643	0.1499028534	-0.0152922523	0.0921238623	-0.0193333835	-0.0605370056	0.0132495367	-0.0322223832	0.1467749993	-0.0805120686	0.0379337013	-0.0190062209	-0.0704449851	0.0341764352	0.1151081627	0.0797211029	-0.0608081772	-0.0174463392	0.0158466365	0.0706807832	-0.0314254937	-0.0869109562	-0.1281927063	0.0071444779	0.0468298235	0.0710442351	0.0309940057	0.069270179	-0.1513975644	0.0467995361	0.0181532215	0.158636208	0.0113946448	-0.0563909534	0.1272571675	-0.0580108515	-0.0909258724	-0.0508274488	-0.0172574653	0.0470742127	-0.006903648	0.0279037627	-0.0895628447	0.159462232	0.1098406412	-0.0893347099	0.0830056482	-0.0727872424	0.0591582902	-0.0427573947	0.0243530426	0.0	-0.0719416530917982	0.0121024055632261	0.0051756014495806	0.0001464682204168	0.136976446893982	-0.0133985130829472	0.0187625470036998	0.0001795201528339	-0.3795698194668233	0.0499995395465618	0.1440732478500768	0.0024999539548682	0.0021799153856121	-0.0009210179642754	8.482740905181859e-07	4.752031088428351e-06	0.0006707847050551	6.891222217400008e-05	4.4995212053585765e-07	4.7488943649587485e-09	0.0002602692935967	2.12016491872e-05	4.4950992825709827e-10	6.774010518932522e-08	0.0	0.0	0.0	0.0	0.0	0.0	0.0	0.0	0.0
800.2523682426765	0.2861887929657314	640403.8528780123	0.0819040252191822	884.3266938429613	3.230456190842915	782033.7014432226	10.435847200955315	760.8846228814895	0.9536681721552897	0.909482982582011	578945.4093375064	762.1678996022542	679.7421594219869	1.230407	43.793941	0.3766679329150545	0.25366312331239	-0.0373068835	-0.0083900356	0.1098276465	-0.0162434878	0.0898111575	0.0279099481	-0.0009781952	-0.0436990285	0.1486026445	0.0389941809	0.0445390278	0.0315504485	0.0368139116	0.0535357431	-0.0742430239	0.1206968337	-0.1104832321	-0.0613939139	0.1165613647	0.1041198021	-0.0375067177	0.0565728094	0.1050472474	-0.0958683734	0.0529090446	0.0584501228	0.0318405786	-0.062438749	-0.1362584162	0.0386881181	-0.0569114986	-0.0320090027	-0.0856245445	-0.0182857605	0.0774014156	0.1335768582	0.0513521073	0.0575775582	-0.0396308341	0.0118654725	-0.0689691407	0.0750456149	0.0402189508	-0.0325566677	-0.0645993091	0.1480752247	0.0417409454	0.047246447	0.001876241	-0.00108698	-0.1210162548	-0.0120897661	-0.0729668239	-0.0461561759	0.0300846538	-0.044503256	0.0886359624	0.0294601777	0.004477981	-0.1012359737	-0.0617326455	-0.1220426206	-0.1211710922	0.0162645432	0.0448807115	0.0659179211	0.0813454792	0.1293226889	-0.0882527225	0.0163018779	0.0695317391	-0.0008950846	0.0862125989	-0.0431483925	-0.1208922652	-0.0107173883	-0.0046227071	-0.0171315117	-0.003343687	-0.0284387289	-0.1389537697	-0.0573853081	0.0484878222	-0.0520849944	-0.0039280949	-0.0069820027	0.0723360164	-0.0152637427	-0.1260603457	0.0468570462	0.0448096932	0.1041285161	-0.1229759417	0.0188637836	-0.0682512473	0.0139468574	-0.0515562255	0.0917554919	-0.0079091779	0.0075675524	-0.0677167794	-0.0717605904	0.0987948833	-0.0530348652	0.1492325743	-0.1094878699	0.0018262319	0.0790018723	0.0111167697	-0.044823255	0.0741741372	-0.0950531876	-0.0207992407	-0.0554124955	-0.0274248017	0.0164149409	0.1282909052	0.0530121217	0.0052078649	0.0173847209	0.0191987049	0.1014959302	0.0549440919	0.0292746262	0.0079553815	0.0660094305	-0.0873226387	0.0733263788	-0.0107725314	0.0672861221	-0.0345495866	0.011772409	0.0433691894	-0.0277327009	0.1692103114	0.0238748333	0.0473753826	-0.0107317944	0.0854967843	-0.0949960288	0.0412028759	0.0255456701	0.0376727062	-0.089935433	-0.096722418	-0.0568586969	0.0676918528	0.0647173962	0.0147647014	0.0446270424	0.0260145207	0.0970036854	-0.0620372235	-0.1077414644	-0.0332769109	-0.0522296973	-0.0776217267	0.1406651608	0.0086180679	0.0780935171	0.0873366723	0.000194563	0.0338125918	0.0959169896	-0.066715992	-0.1272728325	-0.1523179323	0.1511755843	0.1510084858	-0.1667468698	0.2793960184	0.2497004692	-0.1325745708	0.1008706528	-0.0538319067	0.1790062271	-0.1350672661	-0.0335707818	-0.0212200659	0.2287370258	-0.0839445414	-0.0895857427	0.0839876321	-0.0749151215	0.0627435226	-0.04797635	0.0312244919	0.0	-0.101918588822528	-0.0299769357307297	0.0103873987475755	0.0008986166758043	0.2076662706463992	0.0706898237524172	0.0431252799641835	0.0049970511821478	-0.6208167988346958	-0.2412469793678724	0.3854134977153591	0.0582001050541226	0.0020050339794824	-0.0001748814061297	3.0583506209901136e-08	4.020161258879029e-06	0.0005288817864288	-0.0001419029186262	2.7971594401611885e-07	2.0136438314662317e-08	-0.000118030262928	-0.0003782995565247	1.431105544667847e-07	1.3931142966852812e-08	0.0	0.0	0.0	0.0	0.0	0.0	0.0	0.0	0.0
799.5475215249128	-0.7048467177637576	639276.2391766309	0.4968088955423422	883.292875788762	-1.033818054199287	780206.3044191813	1.0687797691883998	760.3298364963892	-0.5547863851002148	0.3077879330925638	578101.460266626	760.7760368728638	707.5415724269585	1.249529	44.474575	0.4809631379647255	0.3686983504088507	0.0857328119	-0.0416134234	0.0573364045	0.0636800274	-0.0636741503	0.0943028729	-0.0792089307	-0.0585592718	-0.0865575093	0.1162009807	-0.0412866898	-0.0047107328	0.0049172716	0.0490852811	0.1053952908	0.0300808728	0.0730112866	-0.0746337208	-0.015211689	-0.0165776424	-0.0129267756	-0.1064659211	-0.029255042	0.0293684464	-0.0900307327	0.0622195659	0.0901857978	0.0046632216	-0.0828545283	-0.0523123938	-0.0198128757	0.0554387168	-0.0483198499	0.0730709655	0.0386783501	-0.1318962141	-0.001003289	-0.0301428805	-0.1113874101	-0.1046038719	-0.1325470405	0.0247807635	-0.0793050325	0.0291024004	0.0440770964	-0.0068577453	-0.1060517274	0.0118401245	0.0066777343	0.0843238204	0.0619130281	0.0407377133	0.0090446806	0.0324160295	0.0443467199	0.1031289908	-0.0318755889	-0.0367091569	0.0678544036	-0.0645738873	0.0135583242	-0.0030370168	-0.0293039587	-0.0138104156	-0.0541441104	-0.0574183211	-0.0560288633	-0.0638178767	0.0769238459	0.0765558883	0.0621244347	0.0807164873	-0.0491554559	-0.0231533827	-0.1348644202	-0.0938076775	0.1269407741	-0.0117414285	0.0942912689	0.1215786662	-0.0291562447	-0.0616531274	-0.0787123816	0.0768635104	-0.0853723978	0.0224656302	0.0749047057	0.1067124165	0.0373919202	-0.0314443432	0.11235839	-0.0845463754	0.0149071515	-0.0475378909	-0.0735427757	-0.1103753228	0.0842543664	0.0495295789	0.054950774	-0.0381252874	-0.0372440512	0.0006203026	-0.0191485583	-0.0506247289	-0.015236891	0.0101181928	0.0631062146	0.1754187324	0.051978425	0.0379232614	0.0130450433	0.0780459716	0.0675629605	0.1132087831	0.0617960436	-0.0500205786	0.0037956407	0.0138966367	-0.0313225111	0.052396877	-0.0461983447	0.0392193992	0.0701992798	-0.0362321905	-0.103170131	-0.0709070633	0.0618064954	0.013481485	-0.0100524683	-0.086060067	-0.0693732179	-0.1092154218	-0.0297290801	0.0721889218	-0.0775188301	0.111629147	-0.0240801636	0.0989161022	0.1019865068	-0.0774134014	-0.0593883602	-0.0529815737	-0.0384796648	-0.075128673	-0.0406747352	-0.0078718908	-0.1037937361	0.0817050388	-0.0693112859	0.0534710658	-0.0422072192	-0.0357709265	-0.0149998184	0.0189497663	-0.0280240669	-0.1011554779	0.0037605938	-0.057256996	0.0347270817	-0.1270273936	0.045159703	-0.0618370603	0.0931408143	0.0688522827	0.0440937261	-0.0366149202	-0.086254677	-0.0981321787	-0.0996798218	-0.0304877634	0.0125346247	-7.51678e-05	0.033420214	0.0483905306	-0.0125622198	-0.0268415261	0.0071125759	-0.0994479837	0.179672133	0.0641872597	-0.1467417895	-0.0898212967	0.0849115724	-0.0769265184	0.0661553376	-0.052988141	0.0379018183	0.0	-0.0930796022310715	0.0088389865914564	0.0086638123514944	7.812768396394758e-05	0.1996221391372472	-0.008044131509152	0.0398489984337304	6.470805173653216e-05	-0.2671036041229087	0.3537131947117871	0.0713443353354475	0.1251130241132186	0.0005268373887087	-0.0014781965907737	2.185065160974989e-06	2.77557634141402e-07	0.0005861457414297	5.726395500089997e-05	3.435668301961728e-07	3.2791605423450963e-09	0.000553845694344	0.000671875957272	4.514173019601664e-07	3.067450531433875e-07	0.0	0.0	0.0	0.0	0.0	0.0	0.0	0.0	0.0
799.6012653715696	0.0537438466568573	639362.1835838153	0.0028884010534758	881.1160079956055	-2.1768677931564757	776365.419546112	4.738753388881943	760.7090198826604	0.3791833862711655	0.1437800404240679	578678.2129308379	760.8291968154907	682.2251609008237	1.193652	42.485744	0.1680170000741591	0.0867152071369147	-0.0383278219	-0.0909607582	0.0165365805	0.0468627038	0.0172102928	-0.1433642475	0.1551431193	-0.0856270134	-0.003679185	0.0539749222	-0.0136777567	-0.0405438772	-0.1156755374	-0.0278211902	-0.15092876	0.0979684697	-0.0441343008	-0.0358643211	-0.0546257161	-0.0450245115	0.0383664093	-0.0882316212	0.0650801344	0.0446874133	0.1159832284	-0.0139467806	0.0126063842	0.074685549	-0.0525870154	0.0057550627	-0.0550281471	0.1339316422	0.0561118494	0.0651488086	0.0273198907	0.0580615191	0.0075166307	0.0241333533	0.1269319703	0.15773239	-0.0265418152	-0.0392964761	0.0512162298	0.0224155911	0.0890658518	-0.0109668936	0.0528398215	-0.033563597	-0.0805921998	0.0156630695	-0.0633236726	0.0343018481	0.0443625269	-0.0114832681	-0.1252927989	-0.0119368683	-0.0778102705	-0.0154961062	-0.039143442	0.0337687278	-0.0229167817	-0.028901757	-0.0264490768	-0.0916300841	0.1156534219	0.0200815841	5.8776e-06	-0.0239732907	0.0794770566	0.1025573962	-0.092377636	-0.0255122155	-0.0541572567	0.0658012801	-0.0294111852	0.0185245552	0.0321729215	-0.0347502182	-0.0436086112	-0.0434958866	-0.044068286	0.0519447579	0.0581698332	-0.0550917413	0.0307554495	-0.0707207336	0.0162405222	-0.0565984791	0.0926002816	0.1056879577	-0.1246224677	-0.0377078979	-0.0713974423	-0.0696713221	0.0173278166	0.0055287495	0.0256890389	-0.0079775168	0.0165858883	-0.0013400788	-0.0735559581	0.0203651275	0.0460360437	-0.046728276	0.0344066933	0.1659457332	-0.0160633847	-0.0954973596	-0.1279762132	0.0248566822	0.0486624476	-0.0569330065	-0.034968682	-0.0237727694	-0.0297422172	-0.0634318388	-0.0546098973	0.0150229265	-0.0616760749	-0.0345711422	-0.004617698	-0.0608992845	-0.0138232512	0.0494349055	-0.0441483275	-0.0423503785	0.0933306443	0.0436708844	-0.0858483848	0.0344075517	0.033494169	0.0878928036	-0.0706172604	-0.0412816313	0.0473052252	-0.1747581718	-0.0266961615	0.0430312349	0.0880097374	-0.0378028183	0.0127907164	-0.0396787035	0.0003069345	0.1104214136	-0.0237295876	0.0557397955	0.1508913483	-0.0021451133	-0.0030091476	-0.0175313991	0.00294936	0.024399169	-0.0223227244	0.0087137294	-0.0833419369	0.0402426372	-0.052874789	-0.0150593923	0.0523389385	0.0996326089	-0.0285385623	-0.0545209457	0.0409846798	0.0625270007	-0.075759706	0.0457831072	0.0066639368	-0.0493075483	0.0543399833	-0.0365705988	0.0570064612	0.0684875967	-0.0291154947	0.0396171636	0.000723416	-0.0646220333	-0.0884973555	0.0911266819	-0.0210386962	0.012585828	-0.0257642593	-0.0900413312	0.0857768306	-0.0788183057	0.0693843053	-0.0577711266	0.0443435089	0.0	-0.1157730958397706	-0.0226934936086991	0.0134034097203247	0.000514994652168	0.1491185515587858	-0.0505035875784613	0.0222363424189902	0.0025506123582953	-0.3282138503869873	-0.0611102462640786	0.1077243315858517	0.0037344621984563	0.0007019556455758	0.0001751182568671	3.066640388817162e-08	4.927417283557382e-07	0.000439070386498	-0.0001470753549317	1.927828042995031e-07	2.1631160028285532e-08	0.0002018458536844	-0.0003519998406596	1.239038878243838e-07	4.0741748649584215e-08	0.0	0.0	0.0	0.0	0.0	0.0	0.0	0.0	0.0
799.0777148893576	-0.5235504822120447	638525.1944327975	0.2741051074244645	879.2040221581092	-1.9119858374963317	772999.7125789969	3.655689842786548	758.7987853189198	-1.910234563740573	3.6489960885091386	575775.5966014682	759.8515035756429	684.5191457066601	1.110034	39.509521	0.1002883541035126	0.0482080784811513	0.1024601955	-0.0567366932	-0.0477410025	-0.0070958348	0.0080658189	0.0423472479	-0.0691838629	-0.0949456844	-0.0459650725	-0.0673591389	0.006727641	0.0214045381	-0.1320684713	0.0341307524	0.0840461323	-0.0753090078	-0.0413481513	-0.0237285475	-0.0293798812	0.0550897696	0.0561173469	0.0793894138	0.059519383	0.0328511271	-0.0729072718	0.0749261915	-0.0627107222	-0.0375427253	-0.0629200832	-0.0407603362	-0.0193441908	0.0814332219	0.0701195142	0.0866795146	-0.0750962562	-0.0221571712	0.0835170862	-0.1321363205	0.0110945016	0.07437277	-0.0664783128	0.0489189905	0.0505849449	0.031296886	-0.1407022687	-0.1121740901	0.0185343039	-0.002698331	0.004395323	0.0272132331	-0.0230754971	0.1137997722	0.0189152523	-0.106581544	-0.0090479001	-0.0128350897	-0.1002133752	0.0085948298	0.0008203213	-0.0032363273	-0.0049756203	0.0868662754	-0.031642104	0.0575398324	0.0576616437	0.1079965407	-0.0268383152	0.0600445043	0.0484148194	-0.0139803792	-0.0005187031	-0.0253564385	-0.0337743131	0.0005087804	0.1113978072	0.0501293486	-0.077984233	-0.142692122	-0.0002600693	-0.0956362836	-0.033185325	0.0024840718	0.0136597964	-0.0908603615	0.0124034238	-0.0412098326	-0.0092118291	-0.0036435036	-0.0026189451	0.0331163758	0.1136543761	-0.0893294185	-0.04479085	-0.0406149195	0.0719886934	0.007079871	-0.0545957429	0.0480410737	0.1014895538	-0.0541578879	-0.0567665823	-0.0337611485	-0.1591111608	-0.0040086562	-0.067704258	0.0254283586	0.0073912943	-0.0065577525	0.0182161466	-0.0891447794	0.0647299451	0.0506209899	0.0175846398	0.0242038638	-0.1017862761	-0.0335473944	0.0635651428	-0.0164523557	-0.0364055679	-0.0261728446	0.1059518365	-0.0024226588	-0.0296349168	0.0421894812	0.0198518122	0.0496336222	0.0250176772	-0.0145633829	-0.0332581934	-0.0587284228	0.0291390771	0.0669533404	-0.0378056729	-0.0365914165	-0.0455965866	-0.1634675516	-0.0321516166	0.0365547261	-0.1220147718	0.0571210807	0.0524094684	0.0890613971	-0.0348048942	-0.0955009326	-0.0365181818	-0.0145445393	0.0524619923	0.0267039433	-0.0070508583	-0.121610586	0.0774554451	0.0502449104	0.0568047006	-0.0821344585	-0.1535895223	0.0363146584	-0.0023696161	0.0048327743	0.0785146924	-0.0766953436	-0.0405646908	-0.0783901222	-0.0094064655	0.0267954768	0.0925219295	0.011215116	0.0928567473	-0.0150867682	0.0310246599	-0.0669862074	0.129469519	-0.0655681915	-0.0708096267	-0.005298557	-0.0448376199	-0.0003083884	0.042398225	0.0134991362	0.0458860043	-0.0113747802	-0.0831157072	-0.0902458083	0.0865828087	-0.0805875418	0.072421501	-0.0623046536	0.0505095157	0.0	-0.1079873948086458	0.0077857010311248	0.0116612774375583	6.061714054605782e-05	0.187926078544379	0.0388075269855932	0.0353162109970681	0.0015060241507375	-0.3165029438199127	0.0117109065670746	0.1001741134466707	0.0001371453326227	0.0011599093698051	0.0004579537242292	2.097216135354857e-07	1.345389746161664e-06	0.0003532888409008	-8.578154559720001e-05	1.2481300510503077e-07	7.358473565044503e-09	0.0004977949742523	0.0002959491205679	8.758588196491343e-08	2.47799836390848e-07	0.0	0.0	0.0	0.0	0.0	0.0	0.0	0.0	0.0
799.3895002949952	0.311785405637579	639023.573181882	0.0972101391685897	882.2531524071327	3.0491302490235057	778370.6249323233	9.297195275510148	758.4340751062379	-0.3647102126819845	0.1330135392345384	575222.2462822545	758.3258845901489	708.9734250812329	1.074034	38.228176	0.1527690866551582	0.0805402001416018	-0.0014467544	0.0108091016	-0.1067302727	0.0435950824	-0.1125927426	-0.0668014188	0.0511502471	0.0317865208	-0.0911533271	-0.0069119593	-0.0849915989	-0.0581533099	0.0438287101	-0.0817672715	-0.0575663979	-0.0241872859	-0.1320283518	0.0281318711	0.0511701838	-0.0277155798	0.0743594532	-0.0102207117	-0.0194766478	0.0898506732	0.0108119715	-0.0541839071	-0.039793777	-0.0592219313	0.0080557261	-0.0870383899	-0.0365150441	-0.0185038121	-0.0417023026	0.0591317216	0.0837378472	0.0683621042	0.0120385767	0.127364562	0.0031616408	0.1013572203	0.0398826714	-0.0284907122	-0.0711422126	0.0071979474	0.064411854	-0.1164012571	-0.0431364455	0.0546421952	0.0700522112	-0.0188773101	-0.0070839199	0.0064467874	0.0301417161	0.0641113642	0.0444273937	0.0339087607	-0.1256496306	0.0373176027	-0.0032267132	-0.0437348249	-0.0423021543	-0.0579055976	0.0577891746	0.0068517455	0.0051322953	-0.0187475211	-0.00999157	0.108449212	0.0508496128	0.0864718226	0.0321115558	0.0094727671	0.1012512622	0.0252391996	0.0593820899	0.0280700066	-0.0640974796	-0.0464129911	-0.0154726339	-0.0503869506	-0.0210570045	0.0851308848	-0.0310369186	0.0278848803	0.0619814565	0.0318447225	-0.0361694418	0.0070375844	-0.0106480363	-0.0083812975	-0.07122194	-0.0428796237	0.0776113834	-0.031027498	-0.0023461936	0.0788931837	-0.0080438624	0.0023911703	-0.0470265109	-0.1147516334	-0.071084296	0.0418101223	0.0538350645	-0.0168123688	0.0855889645	0.0025586063	0.0173979202	-0.120412547	-0.0091849268	0.0985176016	-0.0086851759	0.0750900523	0.0540482749	0.0464845744	0.0398388095	-0.0100736312	-0.0219999956	-0.1310200976	0.0282225748	0.0594651756	0.0123065684	0.0222387091	-0.002069967	-0.0771416931	0.06165339	-0.0224986315	0.0707180201	-0.0840795412	-0.0098402972	-0.0985434512	0.0700490404	0.0335054611	0.0563018026	0.0239715186	0.0220951143	-0.0002848188	0.0255034627	0.0613844143	-0.0733280458	-0.0213096997	0.0133492717	0.0130080898	0.0375196377	0.0626898281	-0.0570337502	-0.0135913599	0.0101158256	0.0176554027	0.0033289017	0.0547506874	0.0738139046	0.0071893003	0.0990639645	-0.0264547788	-0.1273745313	0.0603490192	-0.0341247273	-0.1006274212	-0.0254465542	0.0253041308	-0.0213178011	-0.0893893738	-0.0216576684	0.010429867	0.0157037188	0.01787464	0.0889868853	-0.0055490502	-0.0319019085	-0.0138798671	0.0628560217	-0.0208746465	-0.0423638409	0.0818247859	0.0407597012	-0.0218673335	0.1216443963	0.0003316206	0.0906516794	-0.063639592	-0.0435593813	-0.0904346925	0.0873289498	-0.0822314759	0.0752585301	-0.0665691461	0.0563615044	0.0	-0.1159949713594272	-0.0080075765507813	0.0134548333806743	6.412128221662406e-05	0.1344981558272593	-0.0534279227171197	0.0180897539209337	0.0028545429258665	-0.2622095903278705	0.0542933534920421	0.0687538692599096	0.0029477682334118	0.0007019110305505	-0.0004579983392545	2.097624787599716e-07	4.926790948084649e-07	0.0004971258415198	0.0001438370006189	2.471341023067693e-07	2.06890827470702e-08	0.0003588256362216	-0.0001389693380307	1.9312476912690968e-08	1.28755837209836e-07	0.0	0.0	0.0	0.0	0.0	0.0	0.0	0.0	0.0
799.3560499514198	-0.0334503435753958	638970.0945939367	0.001118925485312	879.3828337449294	-2.870318662203317	773314.1682852621	8.23872922259264	759.0748221765504	0.6407470703125	0.4105568081140518	576194.5856623616	759.1846053568522	691.5359113126499	1.056479	37.603317	0.1054202721571015	0.0641332021736526	0.0120460058	-0.0701065255	-0.077653266	-0.089565916	0.0412681368	0.0250222288	-0.0416123374	-0.0408387004	-0.0456349034	-0.0912549386	0.0620896153	-0.0441185029	-0.0260289416	0.0332999874	-0.0722378102	0.0135281845	0.0373674644	-0.0137366737	0.0971893874	0.0477598501	0.0466296846	0.0101852093	-0.0434633879	0.0239379063	-0.0196672729	0.0112753745	-0.0989694694	0.0050314109	0.0065195238	0.0643311208	0.0725577865	0.0985752451	0.0600820651	-0.0775738707	0.0395475931	-0.0838386201	0.0257953831	0.0119082287	0.0134522797	-0.0238337605	-0.0160558683	0.1668021454	-0.0010016286	-0.0200267529	0.0245103678	-0.0794946378	-0.0494874623	0.0184359895	-0.0451091632	0.0082135195	0.1200554915	-0.0157302764	-0.018879568	-0.0899079261	0.0643215167	0.0271570152	0.0205061328	0.0634730229	0.0347326603	0.0799925858	-0.0672018807	-0.0555385723	0.014261575	-0.0663567821	0.0596199741	-0.0102948041	-0.0709813063	0.0309536155	-0.0190626535	0.0191847867	0.0676855596	0.0110105815	0.0008819815	0.0250096387	-0.0184026177	-0.0633586427	-0.0327952871	-0.0699696557	-0.0209233736	0.0026685317	0.0075241882	0.0789576513	-0.136091963	-0.0199727211	-0.1472366054	0.0227093951	-0.1516121336	-0.0744900257	-0.1051385065	-0.0956107028	0.0216991159	-0.0464599615	-0.0449612926	-0.0037611925	0.0853137425	0.0624049448	-0.0081134649	0.0237918267	0.0388539373	0.0409154547	0.0023812767	0.0621977385	-0.002230565	-0.0458176902	-0.0988320145	0.0289844956	0.1936198988	-0.0169978645	0.0593940419	-0.0204717732	-0.0647585155	0.0363247106	-0.0163065084	0.0418716505	0.0789231973	-0.1114654181	0.0900949924	-0.0233881384	-0.0503042371	-0.0274367802	0.0039062475	0.0597969628	-0.0002187645	0.0421608878	0.0408355478	-0.0046182328	0.0497483082	0.0503439804	-0.0590354259	-0.047561087	0.0836759503	-0.1018067131	-0.0050207706	-0.0464907099	0.0618429011	0.0384065603	0.090818359	-0.0343642111	0.1122751073	-0.025212908	-0.0355883533	-0.0516690847	0.0734557229	-0.0264040611	0.0747990147	0.0483719744	0.0122778768	0.0497643632	-0.1266682648	-0.0527921532	-0.0401210282	-0.0348606215	0.019320929	-0.0622369756	0.0185662467	0.0721079297	0.0849578251	0.007558131	0.0885439604	-0.0015735603	-0.0403343097	-0.0437341016	-0.0418169303	-0.0245441135	0.0442752485	-0.0110217975	0.0936488697	-0.0408522259	-0.0519353141	-0.0660243862	0.0326062685	0.01389955	0.01169733	0.0123441767	0.0236677676	0.0315426819	0.0572084656	0.0087997713	0.0858179112	-0.098693502	0.0698582067	-0.0906079513	0.088014738	-0.0837475519	0.0778875515	-0.0705461896	0.0618630933	0.0	-0.1137532484129906	0.0022417229464365	0.0129398015245075	5.02532176858038e-06	0.1429778678902096	0.0084797120629503	0.0204426707064302	7.190551667054504e-05	-0.3195660604327202	-0.0573564701048496	0.1021224669804889	0.0032897646628885	0.0011329218310866	0.0004310108005361	1.8577031017876979e-07	1.2835118753526146e-06	0.0003207823343081	-0.0001763435072116	1.0290130600415365e-07	3.109703253572288e-08	0.0004983186693311	0.0001394930331094	1.9458306286088058e-08	2.4832149620391817e-07	0.0	0.0	0.0	0.0	0.0	0.0	0.0	0.0	0.0
799.2186901771278	-0.1373597742920083	638750.5147284437	0.0188677075935514	885.8096612196703	6.42682747474089	784658.755910107	41.30411139008436	759.0340104320555	-0.0408117444948175	0.0016655984887102	576132.6289925697	759.8902455266317	689.8946258061612	1.049512	37.355343	0.1209389442488089	0.065676047374496	0.0655511495	0.0245938702	-0.094083801	0.0931759919	-0.0192556602	0.0232035139	-0.0133110609	0.0270060654	-0.0605023267	-0.0460699897	-0.0790793512	0.0637479576	0.0078484008	-0.0257138865	-0.0100895212	0.0482422172	-0.0033040109	0.0410313937	0.0734515074	0.0713957069	-0.0300099038	-0.0064181601	0.0070875669	0.047405488	-0.0854328624	-0.0068720182	-0.0331895637	0.0212030027	-0.0164087941	0.0827832491	0.1290422367	-0.0202808513	-0.0339504978	-0.0025672917	0.0836299196	0.0951072198	-0.094466342	-0.0979542109	0.0003158113	0.0069450723	0.0231104555	0.0356778682	-0.0609804123	-0.0318851229	0.0298696988	0.0795975654	-0.0104125963	-0.0169664013	-0.0006384738	0.0491473181	0.0999005852	-0.1333988418	0.0544918965	-0.0197858742	0.0158906916	0.1054584899	0.0804914369	-0.0640495095	0.0892919822	-0.0486998619	0.0038772418	0.0563373056	-0.0233832251	-0.0571486664	0.0067050429	-0.1413536043	0.0039402156	0.0937363987	0.0008956648	0.0909444288	0.0532852128	0.0719959484	-0.0217537759	0.0909428855	0.0217464782	-0.0084005624	0.0155656574	0.0119673364	-0.0365085019	-0.0477719678	-0.1214585367	-0.1217445424	0.0473049368	-0.02862039	0.0685731125	-0.0350455612	-0.0384718074	-0.0263026538	-0.0546487825	0.0803627848	0.0071834492	-0.0353231259	0.0644189124	0.0085087531	0.118593602	0.0017699571	-0.0746780447	-0.0138541223	0.009263688	0.0333750029	0.1480016193	-0.0249717471	-0.0071030543	-0.0585014044	0.0776171311	0.0315411349	0.0656518535	-0.0581350563	-0.0152154508	0.0438939578	-0.0451306791	-0.0249811665	-0.0924228262	0.0228302041	0.071050061	-0.0289557386	-0.0136126396	0.0641735673	-0.003680393	-0.0302169003	-0.0634365518	0.0746606877	0.1235156895	0.014312394	-0.0670475401	-0.0310341316	-0.0376084771	0.0902697151	-0.0015657232	0.0054549409	0.0341683196	-0.0934055255	0.0791113907	-0.0276174592	-0.1404362487	0.1018491572	-0.0236238115	0.0479269429	-0.033769101	-0.0427908755	0.0377513421	0.0349328134	0.0198144906	0.0217204432	0.0518265789	-0.0589561623	-0.0864045087	0.060325739	0.0417349676	-0.0494273916	0.0497731161	0.1414561397	-0.0097690172	-0.0159639316	0.0076547578	0.0207122831	-0.0215589804	-0.0583735573	0.0203235466	-0.0648901172	-0.0193645649	-0.0584352907	-0.0974882065	0.0245417593	0.0086905342	0.0412114108	-0.0696181063	0.0276637659	-0.0500817389	-0.0223064832	-0.0119788443	-0.0423214803	0.0069795806	0.0987360748	0.0615957549	0.0094663831	-0.0244670446	0.0512414271	-0.0140432149	-0.0579469207	-0.045960089	-0.0907655546	0.0886396995	-0.0851334125	0.0803012987	-0.0742186113	0.0669800789	0.0	-0.1099534428469724	0.0037998055660182	0.0120897595939024	1.4438522339542951e-05	0.1775138849904465	0.0345360171002369	0.0315111793644014	0.0011927364771478	-0.2684826146923313	0.0510834457403888	0.0720829143920308	0.0026095184287112	0.0008739212058412	-0.0002590006252453	6.70813238775081e-08	7.637382740189371e-07	0.0005051357089362	0.000184353374628	2.5516208444247736e-07	3.3986166736768584e-08	0.0003112791523613	-0.0001870395169697	3.4983780908296094e-08	9.689471069476941e-08	0.0	0.0	0.0	0.0	0.0	0.0	0.0	0.0	0.0
798.5050358767038	-0.7136543004239684	637610.292320456	0.5093024605136237	884.9102392930251	-0.8994219266451182	783066.131605639	0.8089598021300164	758.6985308994043	-0.3354795326512203	0.1125465168278812	575623.4607889144	760.0004134496053	689.5151690027113	1.061652	37.787445	0.0419668550637988	0.0208414955363511	-0.1222989217	0.002489363	-0.0847144172	0.0242010114	0.0093144566	0.027504289	0.0514199111	0.0969100771	-0.03689815	-0.0228268064	0.0171692452	0.0581001065	-0.0431367694	0.0163274519	-0.0017966524	0.0280063529	-0.0010106076	0.0611595429	-0.0493734016	0.0009603156	0.0522889653	-0.0219086624	0.020294751	0.106460347	0.0490453984	-0.015127529	-0.0836419221	-0.0227354063	0.0138354989	-0.0144031055	0.0935765365	-0.0275150676	0.0985807419	0.060284079	-0.0225032909	-0.0212752786	0.0307797589	-0.0352286481	0.003631849	-0.0188052638	0.1944906033	0.019134623	-0.0053523454	0.0321599477	0.0220118286	-0.0148469718	0.0242207717	-0.1166132422	-0.0403928701	-0.0277984736	-0.0838378074	0.0711351557	-0.1142649478	-0.0082616806	0.0244413143	-0.001264699	-0.046317315	-0.0491611546	-0.0150316909	-0.0632469133	0.0201424195	-0.051728915	-0.0570540562	-0.1098502544	-0.0466488859	0.0092977136	0.0406550613	0.038737278	0.0797025102	-0.0527609363	0.0029712627	0.0703093862	-0.0311182376	-0.0276161041	0.0440266663	0.016283798	-0.0212438761	0.0051488797	0.1188653481	-0.0133837121	0.1130681887	-0.0722815598	-0.0161726698	-0.0419846056	-0.0401780519	-0.0615089	0.0575221981	0.0933968076	0.0254917881	-0.0559325629	-0.0750385715	-0.0567646025	0.0489609721	0.088804988	0.0918519604	0.0133809748	-0.0843984865	-0.0143740742	-0.0151088435	-0.0255102579	-0.0265452793	-0.0343669402	0.0105589674	-0.0187981335	-0.121844689	0.0222691286	-0.0499214157	-0.0039539882	-0.0310665657	0.1148328088	-0.0846677614	-0.0175494931	-0.0294471495	-0.0132600036	-0.020393703	0.002621699	0.003221982	0.0018489964	0.0125279362	-0.0534089281	0.0448721741	-0.1016856517	-0.0536717014	-0.0305103461	-0.1055816581	0.1315592388	-0.0092839345	-0.0029314148	-0.0367472863	-0.071097141	-0.0174365676	0.1171145669	-0.0670083506	0.0260060765	0.0118918199	0.0339797951	0.0305660851	0.1290924469	-0.0722668106	-0.0396268524	-0.0480850848	0.0465985152	-0.0198670973	-0.1111300457	-0.0055317155	0.074617794	-0.0076739916	0.0121607937	0.0510612198	0.1447425665	-0.1001797311	-0.0019045358	0.0696366246	-0.0085036534	0.054242928	-0.1002630815	0.0345117338	-0.0551212408	0.0194252629	0.0651372581	0.0347398618	0.0394105147	-0.0925892697	0.0051187742	0.0461742246	0.0146627022	0.0378136073	-0.1290784801	-0.0483049113	-0.0824725857	-0.03854795	0.0046004351	-0.0371345393	0.1398170468	0.0146091603	0.0003555175	0.0229274851	0.0245420107	-0.0091295486	-0.048747228	0.0789430226	-0.0909074754	0.0892034024	-0.0863869029	0.0824931004	-0.0775705533	0.071680649	0.0	-0.1179358550214857	-0.0079824121745133	0.0139088658996488	6.371890412381816e-05	0.1637956317915438	-0.0137182531989027	0.0268290089939909	0.0001881904708292	-0.2798535467381242	-0.0113709320457928	0.0783180076219074	0.00012929809559	0.0009168939994406	4.297279359939991e-05	1.8466609897366255e-09	8.406946062101789e-07	0.0004926988248219	-1.24368841143e-05	2.427521319808813e-07	1.5467608647252768e-10	0.0004337746275394	0.0001224954751781	1.5005141439108517e-08	1.881604274969452e-07	0.0	0.0	0.0	0.0	0.0	0.0	0.0	0.0	0.0
798.3509350490706	-0.1541008276332149	637364.2154937253	0.0237470650772418	883.0337035252497	-1.876535767775408	779748.5215615187	3.5213864877404406	759.2241949944926	0.5256640950882456	0.2763227408649441	576421.3782650352	760.346419804891	695.3776633894101	0.948572	33.762569	0.0692584762793994	0.033311366396147	-0.0724697471	-0.0382730138	0.0062410451	-0.0138062328	-0.0369461031	0.1194223964	-0.0460536827	0.0896053341	-0.0316312266	0.0139356738	0.1032039527	0.0437797597	-0.039932736	-0.0346674913	0.0019815597	-0.0096284654	-0.0956924383	0.0535524332	-0.0294160975	-0.0273599682	-0.051203187	-0.0354132491	0.073865038	0.0378018542	0.0121507627	0.0524428639	-0.0392964077	0.0246340905	0.0285358104	0.0383488662	-0.0173235686	0.1314491995	-0.1710318889	-0.1777834899	-0.0999565098	-0.0614275415	-0.0290843759	0.0014861509	0.042543617	-0.0184510254	-0.023311312	0.116411521	0.1038492332	0.0390616263	-0.0146528352	0.0879262924	-0.0008950499	0.0056015479	0.0214900532	-0.022435025	-0.0011591143	-0.0693972066	0.1303866246	-0.0251601098	0.1327726252	0.0745586685	0.1132969403	0.0464181898	-0.0008450581	0.0955924689	0.1267585719	0.1034278491	0.045673572	0.0573592538	-0.0548303296	-0.0421966029	0.0620732193	-0.0938893291	-0.0325279662	-0.089600142	0.025532574	-0.0080236578	-0.032706403	-0.1165832937	-0.0066633196	0.0189435688	-0.0107832822	-0.0240982383	-0.0044209882	0.0337884281	0.0750530405	-0.0353630387	0.0955415135	0.0721471999	0.1045445435	0.0490335491	-0.0762651936	-0.094185389	0.0552291309	0.0062298406	0.0038383666	-0.05227406	-0.0007510156	0.097326939	-0.0216708822	0.0417995926	0.0125658562	0.042959926	0.0796497571	0.0935709183	-0.021520758	0.0040754792	-0.037340635	0.0440002917	-0.0136986277	0.0605295365	-0.0114475085	-0.1170884482	0.1445288079	-0.0762705492	-0.0927709153	-0.061822244	0.0035287558	-0.1072124898	-0.0145588993	-0.0630947544	0.0646703726	0.102113686	0.0592067785	-0.0286875098	-0.0746921001	-0.0863655277	0.1037768818	0.0485059616	0.0055131674	-0.0755423994	0.0260718136	-0.1194708863	0.0874646421	0.0895579061	-0.0410098948	-0.1753429715	-0.1352262916	-0.0461727788	-0.0185189425	0.0609330444	-0.103115617	-0.0780496398	-0.016599461	0.0413885094	-0.0077247004	0.0694826588	0.0238727593	-0.019299685	0.0732252249	-0.1660512802	-0.0521724335	-0.0421199501	-0.0539812579	0.0475145639	-0.1156612628	-0.0134307987	-0.0408172048	-0.0652747688	-0.02466705	0.013773608	0.0812005803	0.0036296655	0.0767128296	-0.0086158271	0.0601568724	0.0825209514	-0.0438066632	0.0072248048	0.0433074302	0.0743983265	0.0233845238	-0.0484377591	0.0128641703	-0.0723094267	-0.0325673863	-0.0203134335	0.1050556838	0.1299981673	0.0051503493	-0.0307698555	0.0367891508	0.1166068751	-0.0079845735	-0.0581940442	-0.0104998428	-0.091033689	0.0897054572	-0.0875060741	0.0844568986	-0.0805875418	0.07593558	0.0	-0.1087258059010594	0.0092100491204262	0.0118213008688348	8.482500480066512e-05	0.1556848794067917	-0.008110752384752	0.0242377816759072	6.578430424676171e-05	-0.3041129326801552	-0.024259385942031	0.0924846758233246	0.0005885178062844	0.0008188705778376	-9.802342160299994e-05	9.608591182759475e-09	6.70549023248085e-07	0.0008271280822103	0.0003344292573884	6.841408643808887e-07	1.118429281973567e-07	0.000312661529887	-0.0001211130976524	1.4668382422959781e-08	9.77572322712794e-08	0.0	0.0	0.0	0.0	0.0	0.0	0.0	0.0	0.0
799.6637900582077	1.312855009137138	639462.1771302574	1.7235882750164748	881.8228927905743	-1.2108107346754196	777611.6142495368	1.4660626352052293	760.133483683042	0.9092886885493954	0.8268059191238794	577802.9130161174	760.4031835810343	690.9952468641923	0.980215	34.888855	0.1136248101220156	0.0629581419666873	-0.0184622268	-0.0099035635	0.0926457661	0.0928121866	-0.0677784122	0.0251229348	-0.0053639432	0.0157745462	-0.0485823066	0.209946801	-0.0268911878	-0.0086203545	-0.0436930157	-0.0265715244	0.0194568219	-0.0774904429	0.00172614	-0.0229081291	0.1114886457	0.031592618	0.0214818394	0.0674320716	-0.0142149917	0.0299374544	-0.0068297551	-0.0389245907	-0.0317824116	0.1387376757	0.0045377156	0.0202607128	-0.0674928502	0.0351908329	-0.1022167763	0.0388523526	-0.0424151768	-0.151179739	-0.1545266024	0.0220460016	0.1078145159	-0.070346644	-0.1007089885	-0.0343848394	0.0631859977	-0.0323949032	0.0793064142	0.06601586	-0.0293823647	0.0873494564	0.0748636932	-0.0447298931	-0.0245104038	-0.0263492596	-0.0058558876	0.1346396403	0.0294844729	-0.0425452148	0.0052203496	-0.0141312342	-0.0060375708	-0.0566584801	-0.1146329233	0.0070114261	-0.0533267932	0.0353704332	-0.0231367605	-0.0734665386	0.0218871208	0.0066093714	-0.0110028107	0.0269315973	0.0334548558	-0.0622765327	0.0523616605	0.0085870523	0.0681047693	-0.0470835832	0.1465198788	-0.081995182	-0.0177369315	-0.0081945773	-0.0202505495	-0.0541719098	0.0366032627	0.0051209116	0.0141084874	-0.0631713867	0.0190692118	0.0513763109	-0.0205605601	-0.0311976612	0.0167884059	-0.0493175093	0.0491962137	0.0195766168	-0.0865039607	0.0540160072	0.1858086574	-0.0134722036	0.0105661782	0.0303108488	-0.0054419495	0.0242005771	-0.0300159886	-0.0953938332	0.0440491587	0.1218848513	-0.022088992	0.0359906445	-0.0080420242	-0.1142545817	-0.0923080148	0.0149005974	0.0707270592	0.002946219	-0.1155426226	0.0348429177	-0.0663853323	-0.0125112531	0.0670166145	0.0659139768	-0.105526473	-0.0208228892	0.0286744165	-0.0662851523	-0.0548133783	0.0049145062	0.0294459122	0.0077070692	-0.069020249	0.0455903443	-0.0585795521	-0.0393550814	0.1027255448	0.0488951609	0.0828037958	0.0577556476	-0.0580454884	-0.0637697532	0.027864051	0.0087385138	-0.0125325591	0.0646855376	0.1024487129	0.059829154	-0.1088479556	0.0053058575	-0.0998903281	0.006130102	-0.0115731236	-0.0735646829	0.0349674749	-0.0183314652	0.009454547	0.0793943924	0.0749669336	0.0207484559	0.0323131228	-0.0847687447	-0.0136297521	-0.0480378454	0.0526054471	-0.008552456	0.0406448111	0.0454119312	0.0363572634	-0.0215844045	-0.0566810035	-0.010105447	-0.0911725362	-0.0922211603	-0.1312987129	0.0125479002	0.0404225854	0.0819362584	-0.0499361876	0.012243763	0.1410995636	0.067835032	0.0806012273	0.0408830237	-0.0318375844	-0.0911441736	0.0901455167	-0.088489186	0.0861872655	-0.0832565493	0.0797184191	0.0	-0.103651086268826	0.0050747196322333	0.0107435476847076	2.575277934577505e-05	0.1707786855286883	0.0150938061218965	0.0291653594309066	0.0002278229832454	-0.2531446085285296	0.0509683241516256	0.0640821928270625	0.0025977700668251	0.0003759376521925	-0.0004429329256451	1.961895766205277e-07	1.413291183360091e-07	0.0004630505155349	-0.0003640775666754	2.1441577993713666e-07	1.3255247455628032e-07	0.0002699128178823	-4.27487120047e-05	1.8274523780607811e-09	7.285292925716364e-08	0.0	0.0	0.0	0.0	0.0	0.0	0.0	0.0	0.0
800.624711127877	0.9609210696693252	640999.9280685965	0.9233693021344404	883.0105868999775	1.1876941094031963	779707.6965774427	1.4106172975110516	759.6221928580584	-0.5112908249835755	0.2614183077123852	577025.8758824853	760.1027603912354	675.4938078027326	1.046886	37.261883	0.0835577314272012	0.0440989843692127	-0.0380311588	-0.1189177485	0.0347764941	0.0495006187	0.0652537552	-0.0688595203	0.0830405599	-0.0813388618	0.0039944836	0.0705056011	0.052692587	-0.0567562415	-0.0683313458	-0.0199692262	-0.1048640603	0.1692849381	0.0537342126	0.0085954015	0.0207062458	0.0881471622	-0.02083552	-0.0470508703	-0.0051233364	0.0573780741	0.1258344354	0.0039758137	-0.0178505197	0.0598185221	0.0121104407	-0.0357807561	-0.0099004392	0.0190302739	-0.0253869565	0.0116270467	0.0998306178	-0.0561579358	-0.0738475797	-0.0197655261	0.0956338485	-0.015306017	-0.0335297866	0.0407066986	-0.0575978481	0.0560249562	-0.0180059753	-0.0441764047	0.0260924844	-0.1214720709	0.001188671	-0.0071346325	-0.0598424472	0.0572658275	-0.013659185	-0.0376143794	0.0231864881	-0.115430009	0.0591804897	0.0258546807	-0.1518120725	0.1422536536	0.0483030653	-0.0298793452	0.046408137	0.0502356079	0.0666932305	0.1155130941	-0.0185187307	0.0475669212	0.0707684275	0.0266918737	-0.0427224042	-0.0110821792	-0.0350155524	0.0818284714	-0.0497366137	0.0630600448	-0.0289064648	0.1199556123	0.1239656367	-0.013232843	0.0518808786	0.0125979836	-0.0239857667	-0.0353520525	0.0316963677	0.1357909864	0.0250057254	-0.0750128255	0.0784612925	-0.007238922	-0.094724327	-0.0563238406	-0.0920958459	-0.028056832	-0.0358537485	0.0248868915	0.0736800586	-0.0156583382	0.0505933101	-0.0024396293	-0.0774676862	0.0274915319	0.0802217958	-0.1032398882	-0.0167244134	0.061447463	-0.0099621948	-0.0739649118	-0.123481556	-0.0970139623	-0.033970987	-0.0186432567	-0.0028547152	0.0460482024	0.0236158123	0.0604988919	0.0534803579	0.0374099317	0.0591327811	0.0301794169	0.0273333983	-0.041687634	-0.0799593185	0.1369394876	-0.0545085525	0.0265152934	0.0366703603	-0.0637838603	-0.0116713532	0.0399573384	0.1327248234	0.0945979099	-0.0295886227	-0.1052361892	-0.0039824263	-0.0512345161	0.0205145714	-0.0518027435	-0.0432385041	-0.0126107615	-0.0282629713	-0.0991919489	-0.0894905226	-0.0648407281	-0.030949752	0.079206504	0.0295244126	-0.013373554	0.2030110694	-0.0494926389	-0.0296567804	0.0517271514	-0.0801172564	0.017605787	0.0014511325	-0.0013315647	-0.0539707318	-0.0023806063	0.0670394872	0.0864986315	0.0118996715	-0.040175507	0.0440037932	0.0825347986	-0.1030702269	-0.0326446283	-0.0421531582	-0.0679165806	-0.013533476	-0.0358650488	-0.0523940885	0.0428297491	0.1215047755	0.0552776595	-0.0096032201	-0.0283946412	-0.0103963718	-0.0316944446	0.0571248592	-0.0298690981	-0.0316554468	-0.0912389102	0.090523277	-0.0893347099	0.0876794186	-0.0855660509	0.0830056482	0.0	-0.0825844673411495	0.0210666189276765	0.0068201942460213	0.0004438024330439	0.1548160400454463	-0.015962645483242	0.0239680062553532	0.0002548060508236	-0.2857006487962223	-0.0325560402676927	0.0816248607225823	0.0010598957579116	0.0005654238341802	0.0001894861819876	3.590501316427575e-08	3.1970411225903826e-07	0.0005420790283476	7.90285128127e-05	2.9384967297427813e-07	6.245505837387087e-09	0.0002808466580537	1.093384017139998e-05	1.195488608937199e-10	7.88748453399319e-08	0.0	0.0	0.0	0.0	0.0	0.0	0.0	0.0	0.0
801.559425956435	0.9347148285579578	642497.5133396096	0.8736918107261326	881.719993532621	-1.2905933673565642	777430.1469951652	1.6656312398647557	760.7750994689737	1.1529066109153518	1.3291936534923223	578778.7519720269	761.9333210118612	680.1004932743032	1.069375	38.062336	0.1231176028638996	0.0584370212533182	0.092704448	-0.0847916381	-0.0170944938	0.0690644026	0.0808591958	0.0677421902	-0.0853049195	-0.0674826506	-0.049604404	0.0248910042	-0.0214640256	-0.0521760752	-0.0629813256	0.0637734222	0.0718147207	0.1046296263	-0.0636460001	0.0549440952	-0.1323028229	-0.0438038302	0.0497409767	-0.0698619883	-0.0704284698	0.0235271743	-0.0358356752	0.0679109212	0.081135003	0.0947076422	0.0050320107	-0.0594158275	-0.111789944	-0.0664767566	0.0742174183	-0.1134265823	0.0110741233	0.0787169531	0.0680440489	0.0427945931	0.0202194095	0.0474976039	-0.0007865571	-0.1122534979	0.0317447871	-0.0868815144	0.1110273638	-0.0561759943	-0.1358486124	-0.0511418181	0.0541301221	0.059937268	2.24369e-05	0.0347520297	-0.1083598842	0.0476331367	0.0169095287	-0.1270945743	-0.0431157589	0.0727851685	0.0384269551	-0.0294380824	0.073487356	0.0316721841	0.0024964176	-0.0997889698	-0.0910547238	-0.0098179979	0.0824792022	0.079907582	-0.1185147683	0.0535168316	0.0133774889	0.065235915	-0.0276340731	0.1385662121	0.0173388841	-0.0613918025	-0.0048589407	0.027318217	0.0130766623	-0.0283508642	-0.0041016281	-0.0264157149	0.107311818	0.0311256488	-0.0018064621	-0.0098479496	0.0464740312	0.0055482548	-0.0185700063	-0.1290027902	0.1007424519	-0.0692561098	-0.0445924972	-0.0517856696	-0.0398924874	-0.0286507852	0.0636347861	-0.0133872248	-0.0751651229	0.0866290689	-0.0548149133	-0.1650092303	0.0408980649	0.1206692009	-0.0642323344	0.0013066591	0.0591010111	-0.0986011435	-0.0639623494	0.0314332684	0.0706911709	-0.0154543517	0.0838128482	0.1394195231	-0.0236068322	-0.0645199054	-0.1122548728	-0.0593101523	0.0167524983	0.0696771786	0.0501544752	-0.0309399582	-0.0239609886	-0.0916262146	-0.0624182184	0.005550431	-0.0325381346	0.0887551528	0.0629739476	-0.0419987265	0.0195057564	0.0821716614	0.1432086671	0.0040555735	0.0886049555	0.0970375087	0.0419109285	-0.0254120534	-0.0841937318	-0.0016644671	-0.1152310532	0.0737409363	-0.0489835762	0.0310219592	0.1204366778	-0.0783709652	0.0598294465	0.0470860593	-0.0291717195	-0.040830415	0.0188510665	0.0216489496	0.0733141418	0.0077686374	0.0147045071	-0.0971043677	-0.0173769317	-0.0010180593	0.0824011977	-0.083593182	0.0133417618	-0.0615858371	0.0178972967	0.1123251538	0.0204295653	-0.0667871708	-0.0041363458	-0.1179685888	-0.0181033508	0.0290739419	0.0393586718	-0.0681529567	0.0192397965	0.1161749863	-0.1262030213	0.0029981588	0.0356313899	0.057008061	0.0243919333	-0.0555875814	-0.0840047234	-0.0913178824	0.0908384769	-0.0900413312	0.0889292336	-0.0875060741	0.0857768306	0.0	-0.1034743072686978	-0.0208898399275482	0.0107069322647368	0.0004363854121985	0.1929040179391137	0.0380879778936673	0.0372119601370539	0.0014506940600284	-0.3148711970766413	-0.0291705482804189	0.099143870748477	0.0008509208869802	0.0001729665756478	-0.0003924572585323	1.54022699774767e-07	2.9917436291326125e-08	0.0002680214146402	-0.0002740576137073	7.183547870573403e-08	7.510757563099446e-08	0.0002479767950482	-3.28698630055e-05	1.0804278940003375e-09	6.149249088237698e-08	0.0	0.0	0.0	0.0	0.0	0.0	0.0	0.0	0.0
802.5041150100284	0.944689053593379	644012.8546080289	0.892437407979154	885.9562640263484	4.236270493727488	784918.5017675249	17.945987696026137	760.3703152292695	-0.4047842397042132	0.1638502807129179	578163.0162818587	761.7138902537027	723.8569150668643	1.115501	39.704086	0.1411928063930954	0.0863985819698888	0.0323047101	0.0003618463	0.00867115	-0.0056874177	-0.1046168032	-0.1097134678	0.0523795007	-0.0335913405	-0.0025065332	0.021792849	-0.1054977326	-0.0545059319	0.1316953017	-0.08137678	0.0767299756	0.1108031418	-0.0177888926	-0.0612352523	-0.0927293427	-0.0423197489	0.0652532645	-0.0319307764	0.0339169559	0.0409407646	-0.0206264441	-0.0860164661	0.0629250827	-0.0261092756	0.0195474789	0.0820769948	-0.0393583445	-0.0971132365	0.0958165835	0.0658122982	0.1064898767	0.0259396616	0.0889742344	-0.0101482281	-0.0157197868	-0.0261266992	0.025246018	-0.0401193638	0.0549317953	0.1154273271	0.091711917	-0.0318441849	-0.0371922542	0.0486097471	-0.0674451871	-0.0137314273	0.044289555	0.0296836051	-0.0187630695	0.1308777598	0.0220058913	0.0014745086	-0.0214482306	0.0234762793	-0.075667069	-0.0476287491	0.0066125136	0.0507883877	0.0766464678	0.0090080053	0.029749337	-0.1223783681	0.035264726	-0.0518082493	0.0612406612	0.0054980088	-0.0301041664	0.0685032171	0.1146542587	0.0681806086	0.0066671041	-0.0031878213	0.0542043624	0.0914711845	-0.0889243666	0.0280601338	0.0291389732	0.00045361	-0.1619024846	0.0570464693	0.1094726399	0.0764230008	-0.0139799947	0.0865903605	0.0742555256	0.017517161	-0.0414090714	0.027113813	0.0469238985	-0.134304009	-0.0308054389	0.0221876732	-0.0841516317	-0.0393273191	-0.0987167347	0.0738733758	-5.3638e-05	-0.0489243731	0.1120500235	0.0966083847	-0.0519855031	-0.0239348407	-0.0680346707	0.069012483	-0.1114056074	0.0346809049	-0.013220789	0.0575769546	0.0088572316	0.0348323715	0.0525323841	0.0249513157	-0.0169291662	-0.0631788972	-0.0173666575	-0.0716380045	-0.0336631106	0.0270676361	-0.0589383989	0.004703308	0.0343642447	-0.0843373023	0.0623274299	-0.0811245603	0.0432992243	-0.1048343499	-0.0328540291	0.0110999853	-0.0082991079	0.0463041072	-0.0797118192	0.0540312721	0.0275843392	-0.0721066435	0.0606226296	-0.0155425958	-0.0137428395	0.0489279326	-0.0324536157	0.0776562515	-0.0172105906	0.0924534139	-0.1535418882	-0.0267198601	0.024038684	0.0098021407	-0.0375799603	-0.0279265875	0.0620386609	0.0560456823	0.0736450802	0.0853624439	0.0107026543	-0.0718785451	-0.0626552254	0.0056241422	-0.0215492331	-0.0614526438	0.0587486547	0.0897812684	-0.042906732	-0.012154777	0.0147724712	-0.0677774148	0.075992817	0.0833199136	-0.042786467	-0.059657042	0.07221581	0.0279437687	0.1107343359	0.0738797227	-0.0314622305	0.043594694	-0.0049103907	-0.0257029954	-0.0144299855	-0.0913810765	0.0910908987	-0.0906079513	0.0899332563	-0.0890682417	0.088014738	0.0	-0.1037871337703961	-0.0003128265016982	0.010771769136274	9.78604201647941e-08	0.1279114832094876	-0.0649925347296261	0.016361347536851	0.0042240295705816	-0.3057729894595553	0.009098207617086	0.0934971210830333	8.277738184360204e-05	0.0011379087320431	0.0009649421563952	9.311133651888114e-07	1.2948362824599357e-06	0.0005831724764069	0.0003151510617667	3.400901372385564e-07	9.932019173267837e-08	0.0003036683277799	5.569153273170003e-05	3.1015468180060156e-09	9.22144532966408e-08	0.0	0.0	0.0	0.0	0.0	0.0	0.0	0.0	0.0
805.3746213154545	2.8705063054261477	648628.2806590118	8.23980644949127	890.787481043889	4.831217017540553	793502.3363845169	23.340657870573438	762.3857302384594	2.0154150091898373	4.061897659267672	581232.0016712289	764.552495282491	690.1327114277835	1.320372	46.996082	0.860139399248613	0.5779335095758104	0.0375589729	0.0471326168	0.1116934004	-0.0916024833	0.1711518065	-0.0702539918	0.0167658444	-0.0773744896	0.2860410372	-0.0964173911	0.0128544214	-0.0131556852	0.0730004129	-0.0545799662	0.0914297948	0.0408836943	0.0572805826	0.0503214864	0.0012304684	0.119409319	0.0695935158	0.0408823353	-0.123649351	-0.2490337929	0.091651568	0.0235153966	0.0582698774	-0.0329141791	-0.0280552678	0.0588044429	0.0450465143	-0.0541385405	-0.0175665551	-0.0520815501	-0.0229057694	0.042326108	0.0337295635	0.0421737964	0.067556913	0.0417317124	0.0179068824	0.022266053	0.0524151566	-0.0862795206	-0.0182474297	-0.0290091141	-0.0023623891	-0.0653349159	-0.069302271	0.0478451453	-0.030103035	-0.0541634142	-0.0228743671	0.1556141267	0.0473744921	0.0950816995	-0.0028359437	-0.0391580976	-0.013043465	0.0686672191	0.0343561766	0.0669535245	-0.0772445181	0.0033390317	-0.038740753	0.0318495851	-0.0766111735	-0.0362601745	0.0220547956	-0.012544227	0.0628204867	-0.0897339778	0.0497727641	-0.0573264585	-0.0222445006	-0.0266952748	0.0799797677	0.0556233521	0.0085416839	0.0294224106	0.1366091583	0.0477804343	-0.0743535338	-0.0921030823	0.0405936012	-0.0023343339	0.0446250934	0.0799602971	-0.0381125774	0.0715257107	-0.0058607764	0.2906386843	-0.1508236632	0.0023479102	-0.0449393118	-0.0255555789	-0.0648237502	0.0468311067	-0.1147341826	0.0740250295	0.0315497284	-0.0296051736	0.0817537065	0.015755219	-0.006700187	-0.0292115863	-0.0231507818	-0.0214947107	0.0314271132	-0.0359707171	-0.0357013186	-0.0630326052	0.0141671687	0.0145327808	0.0713900394	0.025040963	-0.0217069341	0.0767673724	-0.0835370888	0.0484696344	0.0335534787	-0.0815551884	-0.0621848397	-0.0532085082	0.0001977468	0.0021143838	0.0072648814	-0.0211744226	-0.0363819423	-0.0003704742	-0.0254986753	-0.107466101	0.0264826029	0.0181304799	-0.0676327895	-0.0053436836	-0.064437506	0.0663354196	-0.0533687415	0.0600705959	-0.0230495442	-0.0252410981	-0.0278100108	0.0206975985	-0.1498333056	0.0662700955	-0.0630029197	-0.1044362051	0.0817407571	0.0274200243	-0.0459049918	-0.1385649627	-0.00143224	0.1153815616	0.100184063	-0.0564423759	-0.0680515358	0.2645125829	-0.1191488939	0.1093881112	0.0727180464	-0.0978552249	0.0176184583	0.0447126607	0.1001513205	-0.0432634854	-0.0839757483	0.0550576183	0.0922540296	0.1212004853	-0.0602087227	-0.0754431549	0.030892381	-0.0387049227	0.0337500405	0.0388347611	-0.0459405415	-0.0251564525	-0.1109360903	-0.0134153445	0.1066980291	-0.0914284817	0.0912803678	-0.091033689	0.0906887116	-0.0902458083	0.0897054572	0.0	-0.1511045196055391	-0.047317385835143	0.0228325758452207	0.0022389350022717	0.1240567146533777	-0.0038547685561098	0.0153900684505895	1.4859240621173515e-05	-0.7090704337269074	-0.4032974442673521	0.5027808799856646	0.1626488285525779	0.0085420983140033	0.0074041895819602	5.482202336560797e-05	7.296744360609803e-05	0.000190449833616	-0.0003927226427909	3.627113912436208e-08	1.5423107416066887e-07	-1.2815459269160253e-05	-0.000316483787049	1.0016198746491493e-07	1.6423599627950542e-10	0.0	0.0	0.0	0.0	0.0	0.0	0.0	0.0	1.0
803.5755862557347	-1.799035059719813	645733.7228262478	3.2365271461010714	873.4050872802734	-17.382393763615596	762836.446487062	302.14761295338235	763.1516593279642	0.7659290895048798	0.5866473701497742	582400.4551350252	762.7373929595947	716.0603023086019	1.227723	43.698425	0.4756146825975123	0.2917150360976789	0.0555232035	0.1687931203	0.1071196821	-0.0998387875	-0.0498072786	0.0525150116	-0.093329942	-0.0153258882	0.1101517526	-0.0514627377	-0.0294399585	0.0375384601	0.0147527782	0.0279040255	0.0386432426	-0.1045942416	-0.1183097131	-0.1690144296	-0.0660306113	-0.1228360486	-0.2332344349	-0.0748947036	0.0532384931	-0.1862497387	-0.0628906044	0.0025592859	0.0894008334	0.0846524478	0.0643913561	-0.1461859361	0.0235567404	0.0365425276	-0.0144097987	-0.0150033727	0.0363047631	0.0933769038	-0.047579297	0.0359353917	-0.0908184491	-0.0830768695	0.0837359973	-0.115980875	-0.025067954	-0.015967975	0.0260805299	-0.080125982	0.0238575896	-0.028842934	0.0289142782	-0.119363839	-0.0394629269	0.0350582442	0.0575610497	-0.0217355265	-0.044370783	0.0757143511	-0.0014291198	-0.061911215	0.0665343353	0.082975524	-0.0928422392	-0.06362654	0.0075997356	-0.0147243357	-0.0323211862	-0.0615633982	-0.0405777788	0.0016937996	-0.1056403261	-0.0708947119	-0.0597070853	-0.1065079757	0.0451113368	-0.0003402207	0.0275162639	0.0819088179	0.1011052276	-0.0093101053	0.106043835	-0.0436943131	-0.0595219877	-0.0225958806	-0.0302592443	-0.0825914053	-0.0785490649	-0.0369907389	-0.0042532396	-0.0318025965	0.0151171672	0.0627947333	0.1168690821	0.1003299379	0.0048997242	0.0303050328	-0.0014159415	-0.1528007242	0.1663239897	-0.041736058	0.0512013467	-0.1160938753	0.0800124722	-0.0042647542	0.0476650768	0.1689331022	0.0771097543	-0.0260923785	-0.0428653145	-0.0121087975	0.026629377	0.0856465826	-0.0523638158	-0.0212528002	-0.0153992585	0.0071461595	-0.0252228725	-0.0124549002	-0.016909177	-0.1232854109	0.025238738	0.0056702152	-0.0679001874	0.0270859707	0.0519977437	-0.0435105067	0.0575834326	0.0940242271	0.041323117	0.0862243628	-0.0826271412	0.0127155597	-0.0152098951	-0.0064283977	-0.025421556	-0.0687318018	-0.0855099529	0.0115264638	0.1054428924	0.0289197372	0.0088563746	0.1098139656	0.0380485609	-0.0162322989	0.0661006585	-0.0182789834	-0.0291966614	-0.0072715366	0.1536469339	-0.0031420093	0.009255663	-0.0415622216	0.0652895125	-0.0739462583	-0.067674712	0.0913224324	0.0169840678	-0.0527908578	-0.06057295	0.1179430525	-0.1519851606	-0.1098081781	0.0168315518	0.0753026135	0.0243802555	0.0925818898	0.0644944975	0.0779827503	0.0546465512	0.047197604	-0.071678088	-0.0101755397	-0.1055358508	0.0089979939	-0.1476046308	-0.0400274818	0.013179089	0.0248660702	-0.0369286918	0.023960156	-0.0293287919	-0.0182142048	0.1040432412	-0.0914600897	0.0914067533	-0.0913178824	0.0911935115	-0.091033689	0.0908384769	0.0	-0.1229876950794164	0.0281168245261227	0.0151259731409475	0.0007905558214327	0.2006222745853421	0.0765655599319644	0.0402492970597964	0.0058622849676952	-0.4923167998857565	0.2167536338411508	0.242375831449752	0.0469821377833437	0.0055690237995712	-0.0029730745144321	8.839172068365669e-06	3.101402608019045e-05	9.400479511834092e-05	-9.644503849765908e-05	8.836901505241253e-09	9.301645450814941e-09	1.2382737665677691e-06	1.4053733035728022e-05	1.9750741223951315e-10	1.5333219209699299e-12	0.0	0.0	0.0	0.0	0.0	0.0	0.0	0.0	0.0
801.0246991185267	-2.550887137208065	641640.5685979262	6.507025186773556	879.6699459956243	6.264858715350897	773819.2138879446	39.24845472330809	764.0008447156997	0.8491853877354743	0.7211158227434478	583697.2907263027	763.4385844802856	674.4939419442892	1.106181	39.372364	0.2848520191864806	0.1739627066296943	-0.0891723383	0.0418724155	0.0375712698	-0.0659520019	0.0701165574	-0.0394627767	0.0856824084	0.0413890528	0.0379140406	-0.0737980796	0.0624793012	0.039207001	0.020771789	0.1218585212	0.0652304178	-0.0563300515	-0.0330148861	-0.0408897528	-0.0816579525	-0.004295906	-0.1691445757	0.0856620752	0.0420775312	-0.0824665131	0.0471020913	-0.0828542202	0.1542100319	0.0607820005	-0.0453585074	-0.115742334	0.0829028581	0.0183030726	0.0218749693	-0.0381014645	0.0089319883	0.0338313042	-0.0616910339	0.0079653439	0.0404072634	0.0408142178	-0.056099555	0.0193011933	0.0244280215	0.0383398791	-0.085833046	0.0065893447	0.0347235782	0.0028133519	-0.0273963906	-0.0318262787	0.0759600355	-0.0086808309	0.0018395418	-0.0280223015	-0.0392566178	-0.0210861804	-0.0472560631	-0.0115108773	-0.0050797922	0.0017059715	-0.0405164955	-0.0204377661	0.0769770678	0.0546438747	0.0300005957	-0.1149360499	0.0394979549	-0.0570906643	-0.0344600689	-0.0756720719	-0.1091966275	-0.0052625559	-0.0578158417	0.0415489498	0.0496832546	-2.88634e-05	-0.0820818962	0.082350873	-0.0288343164	-0.0981558908	0.0475254867	0.0904440864	0.0165117811	0.061678248	-0.0672076682	-8.9625e-06	0.0225637833	0.0526960238	0.0005208234	0.0429349176	-0.0910914652	0.0652549932	-0.0078304399	-0.0155355517	0.0042342433	-0.1863560657	0.0562433085	0.0349923747	-0.0176647886	-0.0385887624	0.0639244596	0.0621543595	-0.0762684977	0.1114583729	0.0670646734	-0.0351960302	0.0766028225	-0.0659649054	-0.0391724291	-0.0498965804	-0.0153845394	-0.0010522075	0.0210186931	0.0287788711	0.0247270963	0.0728875642	0.0454385388	0.0136820393	0.029988888	-0.0726813365	0.0175944831	0.0594179994	-0.0213875619	-0.0015655032	0.0137751591	0.0377178555	-0.0117683898	0.0561214162	0.0092598582	-0.0371204313	-0.0010766427	0.0227481457	-0.076001999	0.0231905149	-0.0122847031	-0.0380504202	0.0165429884	-0.0099192599	-0.0061402666	0.0672192067	0.0913187008	0.0373545937	-0.041669525	0.1173055616	0.0747811793	-0.0269388551	0.0277816043	-0.0720099513	0.0022540734	-0.0673729386	-0.0766191823	0.0428932483	0.000325839	0.0639077149	-0.0408840901	0.127062105	0.0769246206	-0.0046913854	-0.1059552329	0.0627973279	-0.0425345881	0.0933335299	0.0350074186	0.0439617394	0.0702210474	0.1680014928	0.03427491	-0.0147814369	-0.004687481	0.0147918722	0.0442864388	-0.1120506273	-0.014206663	-0.0164923053	-0.0023369439	0.0999603422	-0.0784106177	-0.0022854024	-0.016728438	0.0172425535	-0.0789453801	-0.091475895	0.0914699679	-0.0914600897	0.0914462607	-0.0914284817	0.0914067533	0.0	-0.1269154229846663	-0.0039277279052498	0.0161075245913767	1.5427046497678727e-05	0.1585236366343565	-0.0420986379509855	0.0251297433717814	0.0017722953173281	-0.3784849972051205	0.1138318026806359	0.1432508931093601	0.0129576793015232	0.0032360036751709	-0.0023330201244003	5.442982900856793e-06	1.0471719785719572e-05	-6.49852153142838e-05	-0.0001589900104326	4.223078209443827e-09	2.527782341736612e-08	9.105151925826224e-06	7.866878159258454e-06	6.188777197261767e-11	8.290379159237699e-11	0.0	0.0	0.0	0.0	0.0	0.0	0.0	0.0	0.0
