#!ascii label  , from subject sub-v2s18x29516_ses-1 vox2ras=TkReg
4400
31489  -3.867  -48.557  75.496 0.1250000000
32402  -3.765  -48.370  76.203 0.1250000000
31471  -4.354  -49.329  76.253 0.1250000000
119232  -3.956  -48.141  76.789 0.1250000000
30584  -4.861  -49.845  75.349 0.1250000000
33307  -7.526  -48.093  77.169 0.1250000000
31491  -5.206  -49.594  74.572 0.1250000000
31506  -5.577  -49.360  73.746 0.1250000000
33318  -7.772  -47.735  76.414 0.1250000000
33319  -8.351  -47.906  76.195 0.1250000000
33327  -8.504  -47.488  75.429 0.1250000000
31507  -6.130  -49.655  72.904 0.1250000000
32462  -6.669  -48.842  72.062 0.2500000000
33328  -9.020  -47.875  75.005 0.1250000000
119102  -6.874  -49.629  71.403 0.2500000000
32463  -7.094  -48.734  71.406 0.2500000000
33390  -7.511  -47.665  70.556 0.2500000000
32427  -9.603  -48.447  74.513 0.1250000000
31547  -7.224  -49.296  70.247 0.3750000000
33405  -7.872  -47.613  69.913 0.2500000000
110680  -10.285  -48.888  74.054 0.1250000000
32440  -10.482  -48.544  73.273 0.1250000000
113069  -7.585  -48.560  69.218 0.2500000000
33422  -8.261  -47.528  68.663 0.2500000000
33421  -7.941  -47.920  67.975 0.2500000000
33438  -8.606  -47.123  67.772 0.3750000000
113530  -9.057  -46.139  66.123 0.3750000000
35405  -9.212  -45.269  65.917 0.5000000000
112958  -9.206  -45.726  65.324 0.3750000000
35422  -9.268  -44.852  65.097 0.5000000000
35436  -9.156  -45.426  64.448 0.3750000000
114731  -3.642  -48.247  75.301 0.1250000000
32412  -3.608  -48.324  75.733 0.1250000000
32393  -3.717  -47.944  76.486 0.1250000000
33303  -3.831  -47.628  76.500 0.1250000000
33304  -4.239  -48.047  76.999 0.1250000000
33305  -5.691  -48.031  77.373 0.1250000000
33316  -5.987  -47.470  76.746 0.1250000000
32426  -3.999  -48.253  74.754 0.1250000000
33306  -6.643  -48.006  77.288 0.1250000000
33317  -6.923  -47.580  76.559 0.1250000000
34286  -6.316  -46.991  76.052 0.2500000000
107255  -4.961  -48.383  73.729 0.1250000000
114011  -5.397  -48.114  73.117 0.1250000000
32447  -4.588  -47.659  73.540 0.1250000000
33359  -5.024  -47.371  72.885 0.2500000000
33373  -6.461  -47.849  71.900 0.2500000000
33336  -8.746  -47.002  74.563 0.1250000000
33389  -6.886  -46.780  70.987 0.3750000000
33337  -9.269  -47.679  74.145 0.1250000000
34399  -7.982  -46.139  69.472 0.3750000000
35369  -7.507  -45.403  69.006 0.3750000000
107246  -9.834  -48.187  73.681 0.1250000000
35387  -8.082  -45.176  68.153 0.5000000000
35388  -8.637  -45.569  67.479 0.5000000000
32449  -10.671  -48.257  72.532 0.1250000000
34414  -8.622  -46.113  68.023 0.3750000000
34437  -8.802  -46.277  67.122 0.5000000000
114460  -8.941  -45.466  66.757 0.5000000000
36267  -9.056  -44.500  65.754 0.5000000000
110608  -7.664  -43.205  65.556 0.5000000000
34481  -8.430  -46.250  63.898 0.5000000000
37091  -8.228  -43.175  64.401 0.6250000000
34480  -7.478  -46.749  63.249 0.3750000000
36286  -8.779  -44.347  63.127 0.5000000000
37889  -7.318  -42.454  64.116 0.6250000000
35450  -8.538  -44.979  62.769 0.3750000000
34503  -5.868  -46.619  61.206 0.2500000000
34519  -5.682  -46.273  60.344 0.2500000000
36936  -5.206  -43.224  76.019 0.2500000000
128209  -5.006  -42.817  76.487 0.2500000000
36130  -5.280  -43.920  75.720 0.2500000000
37771  -5.707  -42.421  76.567 0.3750000000
33335  -3.190  -47.106  75.112 0.1250000000
32401  -3.378  -47.888  76.013 0.1250000000
34273  -3.681  -46.895  76.211 0.1250000000
34274  -4.147  -47.139  76.535 0.1250000000
34285  -4.619  -46.489  76.567 0.2500000000
34297  -5.940  -46.149  75.723 0.2500000000
120359  -5.915  -45.161  75.351 0.2500000000
36949  -5.816  -43.366  75.514 0.2500000000
32424  -3.498  -47.730  74.893 0.1250000000
36131  -5.786  -44.196  75.324 0.3750000000
32437  -3.813  -47.716  74.552 0.1250000000
114893  -6.752  -46.472  75.390 0.2500000000
34308  -7.336  -45.951  74.650 0.2500000000
33358  -4.355  -46.992  73.312 0.1250000000
34287  -7.197  -47.186  75.858 0.2500000000
33326  -7.977  -47.315  75.721 0.1250000000
33372  -5.596  -47.121  72.260 0.3750000000
34365  -5.999  -45.965  71.172 0.3750000000
34299  -8.086  -46.768  75.012 0.1250000000
34309  -8.200  -46.301  74.355 0.1250000000
34350  -6.211  -46.914  71.626 0.3750000000
33348  -9.084  -46.999  73.828 0.1250000000
34321  -8.652  -46.376  73.784 0.1250000000
35348  -6.909  -45.640  69.856 0.3750000000
33361  -9.683  -47.099  72.571 0.1250000000
35368  -6.569  -45.032  69.189 0.3750000000
36237  -6.814  -44.625  68.415 0.5000000000
36259  -7.901  -44.093  66.908 0.5000000000
33350  -10.042  -47.887  72.890 0.1250000000
36266  -8.328  -43.891  66.092 0.5000000000
37080  -6.489  -42.795  66.009 0.5000000000
37090  -7.008  -42.596  65.129 0.6250000000
37887  -5.922  -42.087  65.420 0.6250000000
37888  -6.530  -42.170  64.760 0.6250000000
37108  -8.474  -43.793  62.551 0.5000000000
37901  -7.338  -42.480  63.112 0.6250000000
37899  -6.214  -41.702  64.328 0.6250000000
38727  -5.662  -41.444  65.160 0.6250000000
34504  -6.805  -46.204  61.671 0.2500000000
36294  -7.716  -44.473  61.265 0.3750000000
36295  -8.229  -44.111  61.867 0.5000000000
37101  -8.116  -43.061  62.718 0.5000000000
37909  -6.637  -42.105  62.473 0.5000000000
38749  -5.817  -41.307  63.721 0.6250000000
35453  -6.617  -45.757  60.841 0.2500000000
36299  -7.284  -43.953  60.564 0.5000000000
35458  -6.380  -45.281  59.984 0.2500000000
39415  -4.338  -40.608  77.262 0.7500000000
40314  -5.568  -39.786  77.168 0.7500000000
41215  -6.009  -39.571  77.181 0.8750000000
36916  -3.624  -42.659  76.433 0.7500000000
121449  -3.806  -42.094  76.835 0.8750000000
38529  -4.204  -41.183  77.330 0.7500000000
39402  -4.852  -40.806  77.570 0.7500000000
40307  -5.120  -40.221  77.372 0.7500000000
39403  -5.484  -40.416  77.604 0.8750000000
36118  -2.881  -44.890  75.597 0.5000000000
36119  -3.120  -44.135  75.685 0.6250000000
36934  -3.074  -43.112  76.084 0.6250000000
36935  -3.512  -43.428  75.991 0.6250000000
37750  -4.602  -42.212  77.106 0.8750000000
37723  -5.125  -41.807  77.497 0.7500000000
124131  -5.492  -41.442  77.495 0.7500000000
35256  -3.156  -45.511  75.794 0.3750000000
35257  -3.129  -45.104  75.808 0.5000000000
36120  -3.541  -44.281  75.784 0.5000000000
120627  -4.360  -43.429  76.079 0.5000000000
36917  -4.403  -42.809  76.483 0.5000000000
37751  -5.334  -42.291  76.994 0.6250000000
37707  -5.780  -41.616  77.333 0.7500000000
114468  -6.168  -41.504  77.355 0.7500000000
34283  -3.459  -46.201  75.973 0.2500000000
34284  -3.823  -46.219  76.201 0.2500000000
35259  -4.525  -45.233  76.108 0.3750000000
36121  -4.471  -44.239  75.863 0.3750000000
37725  -6.282  -41.968  76.858 0.7500000000
34307  -3.013  -46.423  74.634 0.2500000000
34295  -2.983  -46.281  75.393 0.1250000000
34282  -3.220  -46.182  75.808 0.1250000000
107484  -4.330  -45.825  76.314 0.2500000000
35268  -5.180  -44.730  75.828 0.3750000000
112490  -6.611  -41.989  76.665 0.6250000000
37726  -7.084  -41.573  77.403 0.7500000000
34319  -3.173  -46.479  74.081 0.2500000000
33346  -3.577  -47.050  74.111 0.1250000000
35287  -3.145  -45.898  73.731 0.3750000000
35316  -3.631  -44.869  72.943 0.5000000000
33347  -4.044  -47.321  73.968 0.2500000000
33357  -3.868  -46.778  73.675 0.3750000000
34347  -4.244  -45.641  72.519 0.5000000000
35318  -4.643  -45.371  71.705 0.5000000000
34335  -4.796  -46.683  72.566 0.3750000000
35319  -5.148  -45.703  71.378 0.5000000000
36223  -4.714  -44.726  70.057 0.6250000000
35334  -5.927  -45.475  70.337 0.3750000000
36224  -5.029  -44.827  69.429 0.5000000000
36236  -5.134  -44.447  68.738 0.5000000000
35367  -5.897  -44.615  68.851 0.5000000000
106652  -5.750  -44.062  68.201 0.5000000000
36248  -5.587  -43.603  67.403 0.5000000000
37071  -5.354  -42.888  66.660 0.6250000000
36258  -6.121  -43.481  67.014 0.5000000000
37079  -5.802  -42.688  66.276 0.5000000000
37875  -5.518  -42.427  66.223 0.6250000000
38709  -4.969  -41.485  66.099 0.6250000000
109926  -4.976  -40.698  65.492 0.7500000000
39586  -4.183  -39.829  65.809 0.7500000000
37112  -7.737  -43.610  61.236 0.3750000000
37910  -7.460  -42.653  62.105 0.5000000000
38748  -5.471  -40.964  63.241 0.6250000000
39587  -4.969  -39.916  64.753 0.6250000000
40467  -4.481  -38.980  65.152 0.6250000000
35459  -7.137  -44.830  60.587 0.3750000000
36298  -6.653  -44.336  59.958 0.3750000000
37111  -7.126  -43.135  60.733 0.5000000000
35467  -5.938  -44.769  59.234 0.3750000000
40324  -4.286  -40.383  76.569 1.0000000000
40313  -4.804  -40.119  77.040 0.7500000000
41225  -5.739  -39.682  76.867 0.7500000000
38548  -2.535  -42.233  75.949 0.8750000000
39433  -2.931  -41.203  76.166 0.8750000000
38540  -2.880  -41.664  76.354 0.8750000000
40312  -4.039  -40.579  76.880 0.8750000000
41216  -6.474  -39.282  77.033 0.8750000000
37770  -2.640  -42.969  75.768 0.7500000000
37748  -2.972  -42.343  76.347 0.8750000000
37749  -3.569  -41.622  76.864 0.8750000000
40309  -6.063  -39.605  77.449 0.8750000000
41206  -6.534  -39.333  77.405 0.8750000000
129171  -2.620  -43.915  75.458 0.6250000000
36933  -2.756  -43.943  75.505 0.7500000000
40300  -5.952  -40.135  77.881 0.8750000000
41207  -7.121  -39.278  77.914 0.8750000000
122173  -2.575  -45.018  75.141 0.6250000000
36129  -2.670  -44.489  75.468 0.5000000000
117801  -2.540  -42.135  74.660 0.8750000000
117175  -2.712  -41.788  74.535 0.8750000000
39393  -5.932  -40.697  77.691 0.7500000000
108163  -6.447  -39.954  78.388 0.7500000000
35267  -2.852  -45.374  75.582 0.2500000000
118624  -2.464  -42.671  74.616 0.8750000000
38519  -6.454  -41.138  77.942 0.7500000000
39395  -6.853  -40.358  78.658 0.8750000000
110073  -2.644  -44.774  74.607 0.7500000000
107382  -6.454  -41.669  77.201 0.7500000000
121670  -6.809  -41.309  78.124 0.7500000000
35286  -2.912  -45.388  74.097 0.7500000000
119234  -2.925  -46.021  74.211 0.5000000000
35301  -3.245  -45.152  73.493 0.7500000000
36186  -3.764  -44.175  72.454 0.6250000000
36209  -3.844  -43.847  71.480 0.6250000000
37027  -3.496  -43.136  71.313 0.6250000000
35317  -4.142  -44.958  72.272 0.6250000000
36187  -4.163  -44.384  71.642 0.6250000000
36210  -4.298  -44.240  70.733 0.6250000000
109612  -4.607  -44.384  69.087 0.5000000000
36235  -4.638  -43.827  68.346 0.5000000000
37059  -5.147  -43.289  67.128 0.5000000000
123539  -5.523  -43.261  66.903 0.5000000000
37865  -5.024  -42.557  66.625 0.6250000000
37874  -4.876  -42.111  66.474 0.7500000000
128986  -3.985  -40.896  66.741 0.7500000000
39580  -4.342  -40.791  66.304 0.7500000000
39579  -3.784  -40.219  66.492 0.7500000000
40457  -3.674  -39.379  66.217 0.7500000000
40456  -3.463  -39.066  66.381 0.6250000000
40465  -3.828  -38.609  65.903 0.6250000000
41386  -3.294  -38.027  66.299 0.6250000000
40466  -3.994  -38.788  65.752 0.6250000000
37915  -6.640  -42.423  61.318 0.5000000000
37914  -5.833  -41.767  61.693 0.5000000000
39601  -5.267  -40.232  63.383 0.6250000000
37116  -6.606  -43.492  60.117 0.5000000000
107802  -5.704  -42.129  60.888 0.5000000000
38763  -5.192  -40.930  62.468 0.6250000000
41404  -4.540  -38.317  64.594 0.6250000000
37921  -5.309  -42.355  60.196 0.5000000000
38776  -5.113  -41.767  60.839 0.6250000000
36303  -5.989  -43.818  59.374 0.3750000000
37115  -5.775  -43.041  59.703 0.2500000000
41230  -5.921  -39.691  76.508 0.8750000000
42132  -6.623  -39.329  76.613 0.8750000000
39446  -3.067  -40.880  75.808 1.0000000000
40340  -4.309  -40.376  75.954 1.0000000000
41240  -6.586  -39.494  75.831 0.8750000000
41226  -6.457  -39.343  76.851 0.8750000000
38547  -2.561  -41.722  75.905 0.8750000000
40338  -3.061  -40.874  75.388 1.0000000000
40351  -3.778  -40.581  75.048 1.0000000000
41250  -5.999  -39.883  75.193 1.0000000000
118489  -2.435  -42.115  75.668 0.8750000000
38565  -2.506  -41.766  75.032 0.8750000000
40350  -3.054  -40.930  75.028 0.8750000000
40359  -4.054  -40.520  74.336 1.0000000000
40360  -4.204  -40.311  73.835 1.0000000000
40302  -7.028  -39.653  78.471 0.8750000000
36128  -2.327  -43.905  75.134 0.6250000000
36932  -2.551  -43.375  75.524 0.7500000000
111448  -2.405  -42.279  75.251 0.8750000000
40358  -3.553  -40.928  74.332 1.0000000000
40368  -4.026  -40.602  73.815 1.0000000000
40371  -5.116  -39.123  73.053 1.0000000000
39383  -7.630  -40.129  78.859 0.8750000000
36139  -2.434  -44.227  74.901 0.7500000000
36967  -2.378  -43.438  74.800 0.8750000000
121721  -2.691  -42.302  74.189 0.8750000000
38574  -2.817  -41.986  74.071 0.8750000000
40377  -3.792  -40.651  72.868 0.8750000000
124016  -4.957  -39.393  72.353 1.0000000000
38508  -7.225  -41.113  78.573 0.7500000000
36968  -2.628  -43.948  74.364 0.7500000000
36985  -2.599  -43.172  74.121 0.7500000000
37810  -2.749  -42.564  73.882 0.8750000000
37815  -3.045  -42.342  73.222 0.8750000000
38602  -3.554  -41.599  71.963 0.7500000000
37709  -7.615  -41.436  77.936 0.7500000000
36986  -2.975  -43.697  73.704 0.7500000000
37816  -3.189  -42.678  72.907 0.8750000000
37821  -3.332  -42.133  72.336 0.6250000000
117326  -3.484  -41.717  71.398 0.7500000000
37826  -3.366  -41.691  70.306 0.7500000000
36150  -2.966  -44.548  73.922 0.6250000000
36165  -3.379  -44.307  73.294 0.6250000000
37028  -3.854  -43.605  70.423 0.6250000000
37039  -3.713  -43.436  69.261 0.6250000000
37833  -3.355  -42.011  69.351 0.6250000000
37045  -3.488  -42.622  68.850 0.6250000000
37056  -3.649  -42.381  67.971 0.5000000000
37850  -3.502  -41.731  67.725 0.7500000000
37046  -3.835  -43.107  68.349 0.5000000000
37862  -3.697  -41.630  67.333 0.6250000000
128847  -4.473  -42.748  67.279 0.5000000000
106634  -3.391  -40.677  67.233 0.7500000000
37864  -4.562  -42.297  66.837 0.6250000000
38692  -3.674  -41.229  67.149 0.7500000000
119587  -3.064  -39.575  67.159 0.7500000000
40437  -2.921  -38.957  67.456 0.7500000000
37873  -4.339  -41.876  66.805 0.6250000000
39571  -3.591  -40.615  66.881 0.7500000000
40449  -3.238  -39.405  66.731 0.7500000000
40448  -3.003  -38.946  66.973 0.7500000000
41371  -2.935  -38.252  66.929 0.6250000000
41387  -3.471  -38.360  66.237 0.6250000000
41401  -3.561  -37.619  65.923 0.6250000000
40489  -4.877  -39.609  62.775 0.6250000000
125933  -4.374  -37.620  64.994 0.6250000000
127463  -4.314  -38.239  65.236 0.6250000000
41403  -4.026  -37.970  65.604 0.6250000000
117087  -4.945  -41.269  61.436 0.6250000000
39621  -4.801  -40.570  62.035 0.6250000000
37920  -4.619  -41.875  59.940 0.5000000000
37925  -4.866  -42.522  59.392 0.3750000000
41241  -6.932  -39.106  75.502 1.0000000000
41251  -6.932  -38.637  75.293 1.0000000000
42146  -6.755  -39.333  76.220 0.8750000000
108310  -7.291  -39.155  76.334 0.8750000000
42133  -6.725  -39.275  76.643 0.8750000000
41249  -4.509  -40.199  74.181 1.0000000000
112030  -5.979  -39.250  74.398 1.0000000000
42120  -7.133  -39.066  77.084 1.0000000000
41217  -7.137  -39.158  77.376 1.0000000000
41257  -4.446  -39.821  74.267 1.0000000000
127453  -5.354  -39.436  74.293 1.0000000000
41271  -5.465  -39.109  73.741 1.0000000000
40373  -6.531  -39.021  72.785 1.0000000000
41218  -7.528  -39.273  77.834 0.8750000000
40380  -5.730  -39.308  72.425 1.0000000000
40382  -7.308  -39.319  72.216 1.0000000000
125457  -3.395  -41.447  73.203 0.8750000000
40389  -3.545  -40.621  71.903 0.8750000000
40379  -4.281  -39.722  71.907 1.0000000000
40392  -5.373  -39.631  71.542 1.0000000000
40394  -7.441  -39.628  71.371 1.0000000000
39384  -8.256  -40.535  79.051 0.8750000000
38619  -3.387  -41.271  70.887 0.7500000000
40391  -4.571  -39.892  70.999 1.0000000000
40402  -5.357  -39.700  70.448 1.0000000000
37727  -9.074  -41.499  77.918 0.7500000000
40415  -5.658  -39.407  69.604 1.0000000000
38636  -3.177  -41.106  69.804 0.7500000000
40414  -4.887  -39.448  69.837 1.0000000000
123819  -3.216  -40.786  69.393 0.8750000000
107115  -3.222  -40.880  68.859 1.0000000000
38651  -3.236  -41.179  68.144 0.7500000000
108484  -3.283  -40.738  67.643 0.8750000000
39548  -3.298  -40.400  68.085 0.8750000000
39558  -3.224  -40.194  67.428 0.7500000000
41341  -2.808  -38.209  67.801 0.7500000000
42307  -2.673  -37.723  67.537 0.7500000000
113213  -2.777  -37.881  67.012 0.6250000000
43175  -2.651  -37.130  67.088 0.6250000000
42306  -2.565  -36.996  67.945 0.7500000000
42320  -3.017  -37.613  66.547 0.6250000000
43202  -3.807  -35.690  64.978 0.6250000000
123857  -2.979  -35.081  65.077 0.6250000000
43182  -2.895  -36.822  66.331 0.6250000000
43181  -2.420  -36.176  66.720 0.6250000000
43209  -4.034  -35.727  64.784 0.6250000000
41416  -4.504  -37.708  64.039 0.6250000000
42342  -3.947  -36.377  65.265 0.6250000000
126641  -3.897  -37.180  65.568 0.6250000000
40488  -4.571  -39.050  62.215 0.6250000000
39620  -4.507  -40.029  61.558 0.6250000000
39637  -4.493  -40.800  60.956 0.6250000000
38786  -4.540  -41.374  60.446 0.6250000000
39656  -4.228  -40.786  60.057 0.5000000000
37924  -4.332  -41.789  59.066 0.3750000000
41252  -7.130  -38.039  74.948 1.0000000000
42159  -7.119  -38.982  75.601 1.0000000000
42147  -7.604  -38.917  76.083 1.0000000000
42134  -7.931  -39.025  76.543 1.0000000000
106523  -6.959  -38.495  73.531 1.0000000000
126180  -8.041  -37.607  74.311 1.0000000000
107707  -7.262  -39.093  76.841 1.0000000000
123777  -8.029  -39.075  76.892 1.0000000000
114514  -7.733  -38.346  73.222 1.0000000000
41284  -8.567  -38.969  71.911 1.0000000000
123325  -8.052  -39.284  78.001 0.8750000000
39521  -3.325  -40.694  71.012 0.8750000000
40404  -7.248  -39.669  70.370 1.0000000000
40405  -8.017  -39.411  70.682 1.0000000000
40292  -9.261  -39.995  79.535 1.0000000000
40416  -6.279  -39.331  69.344 1.0000000000
41309  -7.755  -39.186  69.869 1.0000000000
128997  -9.981  -41.618  78.648 0.8750000000
39533  -3.501  -40.488  70.209 0.8750000000
40401  -4.305  -39.980  70.279 1.0000000000
41325  -5.864  -38.611  69.047 1.0000000000
42275  -6.634  -38.073  68.965 1.0000000000
37728  -10.215  -41.805  78.146 0.6250000000
39542  -3.374  -40.470  69.405 1.0000000000
106726  -4.041  -39.974  69.455 1.0000000000
41324  -5.205  -38.825  69.461 1.0000000000
42273  -5.274  -37.812  69.539 1.0000000000
37776  -10.602  -41.866  76.968 0.5000000000
40412  -3.380  -40.400  68.753 1.0000000000
40413  -3.678  -39.729  68.735 1.0000000000
108211  -4.425  -39.057  69.270 1.0000000000
120841  -4.784  -38.006  69.736 0.8750000000
40427  -3.323  -39.711  68.222 0.8750000000
41323  -3.659  -38.673  68.833 0.7500000000
42272  -4.161  -38.020  69.461 0.8750000000
41342  -3.075  -38.819  68.062 0.7500000000
41322  -3.208  -38.174  68.626 0.7500000000
42295  -2.979  -37.781  68.483 0.7500000000
42271  -3.035  -37.086  69.232 0.7500000000
42270  -2.706  -36.805  68.698 0.7500000000
119973  -2.271  -35.800  67.537 0.6250000000
43174  -2.408  -36.414  67.654 0.6250000000
44778  -2.729  -34.418  65.150 0.6250000000
43978  -2.527  -35.158  65.282 0.6250000000
44757  -1.884  -34.526  66.258 0.6250000000
43965  -2.145  -35.296  66.965 0.6250000000
43210  -4.282  -36.003  64.380 0.6250000000
43979  -3.175  -35.693  65.287 0.6250000000
43970  -2.070  -35.383  65.913 0.6250000000
41428  -4.551  -38.058  62.899 0.6250000000
42373  -4.498  -37.139  63.517 0.6250000000
41435  -4.525  -38.500  61.752 0.6250000000
40502  -4.449  -39.434  61.176 0.5000000000
39673  -4.245  -40.691  59.345 0.3750000000
42160  -7.332  -38.451  75.489 1.0000000000
128425  -8.634  -38.911  77.588 1.0000000000
41261  -8.210  -37.762  73.699 1.0000000000
42112  -9.014  -38.769  77.968 1.0000000000
41273  -8.574  -38.267  72.792 1.0000000000
41209  -9.406  -39.222  78.872 1.0000000000
41298  -9.138  -38.662  71.307 1.0000000000
38505  -9.695  -41.017  79.478 1.0000000000
37729  -10.881  -42.126  78.599 0.7500000000
41310  -8.511  -38.848  70.175 1.0000000000
125326  -11.036  -42.236  78.310 0.7500000000
41327  -7.317  -38.658  69.286 1.0000000000
37755  -10.849  -42.172  77.826 0.7500000000
37756  -11.749  -42.306  77.983 0.7500000000
42252  -4.524  -37.217  70.323 0.8750000000
109154  -3.516  -37.648  69.299 0.8750000000
42251  -3.803  -37.182  70.140 0.8750000000
125391  -3.289  -37.081  69.944 0.7500000000
42249  -3.050  -36.962  69.957 0.7500000000
115298  -2.898  -36.058  68.881 0.7500000000
43165  -2.509  -36.413  68.326 0.5000000000
46407  -3.220  -32.663  68.677 0.7500000000
43960  -2.418  -35.821  68.246 0.5000000000
46426  -2.893  -32.876  66.889 0.6250000000
46416  -2.738  -33.151  67.234 0.6250000000
44748  -2.260  -34.472  67.401 0.6250000000
114582  -2.312  -35.179  67.966 0.6250000000
46437  -2.891  -32.978  65.907 0.6250000000
45612  -2.946  -33.908  65.175 0.6250000000
43998  -3.977  -35.181  64.380 0.6250000000
119484  -4.537  -38.827  60.916 0.5000000000
39655  -4.320  -40.165  59.768 0.5000000000
41466  -4.673  -39.505  59.652 0.1250000000
43038  -9.315  -38.322  76.316 1.0000000000
43031  -9.810  -38.249  76.742 1.0000000000
43051  -8.890  -38.240  75.968 1.0000000000
107402  -9.380  -37.381  75.038 1.0000000000
42161  -8.797  -37.785  75.365 1.0000000000
42135  -8.445  -38.668  76.335 1.0000000000
42122  -8.685  -38.844  77.291 1.0000000000
42113  -9.647  -38.572  78.192 1.0000000000
42104  -9.981  -38.852  78.775 1.0000000000
42201  -8.971  -37.585  73.472 1.0000000000
42180  -8.670  -37.398  74.460 1.0000000000
108807  -9.350  -38.590  77.683 1.0000000000
107424  -9.580  -37.382  73.245 1.0000000000
41274  -9.352  -37.823  72.699 1.0000000000
40304  -10.296  -39.380  79.311 1.0000000000
42255  -9.741  -37.751  70.149 1.0000000000
38506  -10.473  -40.978  79.634 1.0000000000
121235  -10.680  -41.536  79.313 1.0000000000
41328  -8.141  -38.421  69.521 1.0000000000
42276  -7.532  -37.777  69.145 1.0000000000
119585  -30.563  -31.382  75.764 0.7500000000
42274  -5.952  -37.430  69.213 1.0000000000
125633  -5.084  -37.189  70.333 1.0000000000
43113  -4.753  -36.480  71.175 0.8750000000
43130  -4.369  -36.811  70.825 0.8750000000
43129  -3.759  -36.872  70.383 0.8750000000
43128  -3.566  -36.880  69.969 0.7500000000
43127  -3.467  -36.200  69.472 0.7500000000
48268  -3.211  -31.415  72.310 0.8750000000
47290  -2.957  -31.930  71.792 0.8750000000
48287  -3.773  -31.068  70.915 0.8750000000
47291  -3.335  -31.504  71.368 0.8750000000
47297  -3.094  -32.108  70.769 0.8750000000
47296  -2.972  -32.394  71.402 0.8750000000
108351  -2.561  -35.157  68.710 0.5000000000
43955  -3.061  -35.081  69.329 0.5000000000
47305  -3.650  -31.703  69.551 0.7500000000
47304  -3.353  -32.023  69.908 0.7500000000
46394  -3.195  -32.595  69.748 0.7500000000
114525  -3.064  -33.188  69.857 0.7500000000
121119  -2.960  -33.736  69.429 0.7500000000
44740  -2.492  -34.477  68.361 0.6250000000
47312  -3.741  -31.842  68.759 0.7500000000
47330  -3.268  -32.414  67.223 0.7500000000
47311  -3.480  -32.180  69.111 0.7500000000
46406  -2.825  -33.131  68.232 0.7500000000
45578  -2.537  -33.747  67.815 0.6250000000
45601  -3.105  -33.479  65.344 0.6250000000
43219  -4.404  -36.296  63.941 0.6250000000
44793  -3.830  -34.581  64.430 0.6250000000
43999  -4.200  -35.019  63.960 0.6250000000
42387  -4.585  -37.552  62.423 0.6250000000
44008  -4.243  -35.567  64.085 0.6250000000
43220  -4.436  -35.938  63.601 0.6250000000
42374  -4.538  -36.680  63.118 0.5000000000
41436  -4.711  -38.047  61.302 0.2500000000
126210  -5.014  -39.067  59.771 0.1250000000
43039  -10.188  -38.003  76.177 1.0000000000
43022  -9.492  -38.483  77.222 1.0000000000
42123  -10.023  -38.260  77.563 1.0000000000
42162  -10.137  -37.342  75.021 1.0000000000
118751  -10.183  -38.267  78.028 1.0000000000
42181  -9.572  -37.037  74.169 1.0000000000
125191  -9.901  -37.493  72.704 1.0000000000
39387  -11.357  -40.628  79.739 1.0000000000
42219  -9.916  -37.857  72.032 1.0000000000
37730  -11.605  -42.143  78.517 0.7500000000
43135  -9.099  -36.331  69.593 1.0000000000
36902  -12.677  -42.490  77.891 0.7500000000
47264  -30.021  -31.543  74.195 0.8750000000
48252  -29.621  -30.678  74.452 0.7500000000
48237  -29.770  -30.319  75.412 0.8750000000
48238  -30.272  -30.669  75.996 0.7500000000
43151  -7.750  -36.955  69.308 1.0000000000
47252  -30.015  -31.116  75.188 0.8750000000
48227  -30.433  -30.327  76.761 0.6250000000
48215  -30.725  -30.166  77.374 0.8750000000
47230  -31.278  -30.913  77.486 1.0000000000
43133  -7.090  -36.382  69.836 1.0000000000
115630  -29.910  -33.807  73.444 0.6250000000
47241  -30.941  -31.068  76.569 0.7500000000
127870  -30.818  -30.531  77.065 0.8750000000
47218  -31.623  -30.968  78.203 0.8750000000
48207  -31.629  -30.424  78.636 0.8750000000
47205  -31.868  -31.047  78.597 0.7500000000
43132  -6.173  -36.541  69.958 1.0000000000
44694  -29.159  -34.508  73.166 0.6250000000
48192  -31.912  -30.509  79.008 0.5000000000
42253  -5.646  -36.677  70.654 0.8750000000
46324  -3.120  -32.885  76.666 0.8750000000
46323  -2.810  -32.673  76.628 0.8750000000
45461  -3.052  -33.244  76.011 0.8750000000
43926  -5.149  -36.121  71.529 0.8750000000
46336  -2.825  -33.044  75.587 0.8750000000
124183  -2.588  -32.422  75.603 0.8750000000
46335  -2.714  -32.617  74.974 0.7500000000
128058  -2.930  -33.017  74.622 0.8750000000
43111  -4.122  -36.594  70.434 0.7500000000
47244  -2.611  -31.904  75.828 0.7500000000
47255  -2.775  -31.930  74.420 0.7500000000
46345  -2.803  -32.664  74.260 1.0000000000
46370  -2.846  -32.675  72.904 0.8750000000
45506  -3.169  -33.263  73.299 1.0000000000
43939  -4.013  -36.225  70.137 0.7500000000
47268  -3.165  -31.436  73.881 0.8750000000
47279  -2.904  -32.416  72.114 0.8750000000
46369  -3.026  -32.854  72.241 0.8750000000
45529  -3.414  -33.266  71.818 0.8750000000
48256  -3.789  -30.514  73.229 0.7500000000
45544  -3.224  -33.204  71.014 0.7500000000
119057  -4.070  -30.532  71.294 0.7500000000
46393  -3.042  -32.822  70.670 0.7500000000
45555  -3.179  -33.581  70.174 0.7500000000
118754  -2.767  -34.415  69.057 0.7500000000
47306  -3.990  -31.455  69.284 0.7500000000
124343  -3.069  -34.213  69.555 0.7500000000
47322  -3.512  -32.151  67.482 0.7500000000
47332  -3.866  -31.979  67.049 0.6250000000
46447  -3.434  -33.374  65.161 0.6250000000
45630  -3.998  -34.016  64.393 0.6250000000
43052  -9.653  -37.870  75.634 1.0000000000
43032  -10.678  -37.815  76.692 1.0000000000
111408  -10.594  -37.686  75.648 1.0000000000
43040  -10.920  -37.726  76.158 1.0000000000
42124  -10.832  -37.876  77.875 1.0000000000
43070  -11.714  -37.025  74.337 0.8750000000
42114  -11.628  -37.943  78.517 1.0000000000
41210  -11.018  -38.904  79.222 1.0000000000
41219  -10.707  -38.417  78.596 1.0000000000
42202  -10.267  -37.045  73.282 1.0000000000
43097  -10.967  -36.928  72.571 1.0000000000
40293  -11.592  -40.095  79.871 1.0000000000
129107  -10.184  -37.679  70.695 1.0000000000
36903  -13.305  -42.497  77.845 0.7500000000
38520  -12.891  -41.641  79.088 0.6250000000
42278  -9.157  -37.316  69.553 1.0000000000
36904  -13.773  -42.298  77.801 0.7500000000
36920  -13.080  -42.886  77.367 0.7500000000
48265  -29.601  -31.071  73.395 0.7500000000
45454  -4.498  -32.738  77.003 0.7500000000
47277  -29.858  -32.033  73.197 0.7500000000
46366  -29.515  -32.861  73.002 0.7500000000
45453  -3.735  -32.900  76.834 0.8750000000
45462  -3.587  -33.364  76.048 0.8750000000
45476  -4.235  -33.645  75.277 0.8750000000
46292  -32.024  -31.804  78.440 0.7500000000
47206  -32.188  -31.167  78.939 0.5000000000
45475  -3.757  -33.562  75.202 0.8750000000
43927  -5.857  -36.104  71.590 0.8750000000
116746  -2.944  -32.572  77.023 0.7500000000
45473  -3.162  -33.207  74.894 0.8750000000
43914  -4.997  -35.061  71.935 0.8750000000
43112  -4.480  -36.533  70.884 0.8750000000
114379  -2.639  -32.648  76.149 0.7500000000
45487  -3.333  -33.294  74.165 0.8750000000
43924  -4.511  -35.821  71.269 0.8750000000
119260  -4.200  -35.819  70.796 0.8750000000
47233  -2.603  -32.093  76.483 0.7500000000
45516  -3.632  -33.531  72.633 1.0000000000
119851  -2.710  -31.836  75.144 0.7500000000
117404  -3.119  -33.133  72.637 0.8750000000
44724  -3.400  -34.392  69.959 0.7500000000
43938  -3.627  -35.299  69.774 0.7500000000
48241  -3.625  -30.921  73.940 0.8750000000
115437  -3.660  -33.770  70.775 0.7500000000
48270  -3.927  -30.175  72.502 0.7500000000
48288  -4.178  -30.645  70.590 0.7500000000
48289  -4.670  -30.271  70.483 0.6250000000
47313  -3.977  -31.667  68.573 0.7500000000
48299  -4.254  -31.338  69.124 0.6250000000
47324  -4.054  -31.764  67.631 0.6250000000
47325  -4.521  -31.683  67.322 0.6250000000
42137  -11.235  -37.674  77.256 1.0000000000
41220  -11.850  -38.475  79.102 1.0000000000
40294  -12.453  -39.660  80.175 0.8750000000
121389  -11.564  -36.709  72.723 0.7500000000
40305  -11.350  -39.596  79.625 1.0000000000
39388  -12.284  -40.329  80.052 0.8750000000
43137  -11.151  -36.223  70.290 1.0000000000
43114  -11.161  -36.859  71.016 1.0000000000
38521  -13.686  -41.472  79.347 0.6250000000
127564  -10.124  -35.203  69.845 0.8750000000
115218  -10.192  -36.097  69.792 1.0000000000
36922  -13.915  -42.356  77.220 0.7500000000
45511  -26.901  -33.697  73.413 0.7500000000
46377  -28.370  -32.418  72.607 0.7500000000
121968  -29.317  -31.415  72.831 0.6250000000
46325  -5.280  -32.486  77.078 0.7500000000
45464  -5.150  -32.911  76.240 0.8750000000
44726  -8.593  -34.849  70.540 0.8750000000
43944  -8.318  -35.544  70.017 0.8750000000
111745  -14.028  -42.638  75.707 0.3750000000
107135  -24.750  -35.251  74.839 0.7500000000
124937  -25.544  -35.112  74.650 0.6250000000
46364  -27.898  -33.189  72.909 0.7500000000
47276  -29.074  -32.056  72.650 0.7500000000
46326  -6.109  -32.474  76.517 0.7500000000
116626  -5.802  -33.594  75.217 0.8750000000
43928  -6.428  -36.112  71.403 1.0000000000
42188  -24.233  -35.049  74.030 0.7500000000
42189  -25.156  -34.969  73.954 0.6250000000
44663  -26.521  -34.361  73.792 0.6250000000
44693  -27.900  -33.894  73.113 0.6250000000
46311  -4.985  -32.433  77.929 0.5000000000
43090  -22.573  -34.880  73.733 0.5000000000
42207  -23.080  -35.125  74.078 0.6250000000
42208  -23.873  -34.956  73.838 0.7500000000
43057  -25.811  -35.121  73.959 0.6250000000
46310  -4.131  -32.501  77.851 0.6250000000
45490  -4.270  -33.903  74.553 0.8750000000
44715  -6.779  -35.861  71.822 1.0000000000
46297  -3.795  -32.278  78.199 0.7500000000
45489  -4.026  -33.715  74.516 1.0000000000
44666  -4.127  -34.045  74.120 1.0000000000
110005  -5.341  -35.153  72.634 1.0000000000
43916  -5.406  -35.578  72.061 1.0000000000
43915  -4.886  -35.304  71.852 0.8750000000
46309  -3.408  -32.507  77.405 0.8750000000
45474  -3.492  -33.422  75.149 0.8750000000
45488  -3.814  -33.535  74.501 1.0000000000
44685  -4.062  -33.729  74.121 1.0000000000
44703  -5.067  -34.861  72.697 1.0000000000
43925  -4.768  -35.972  71.390 0.8750000000
46322  -34.421  -32.318  76.839 0.5000000000
47231  -34.893  -31.593  76.587 0.6250000000
47222  -2.763  -32.155  77.116 0.7500000000
44684  -3.962  -33.715  73.481 1.0000000000
43913  -4.988  -34.793  71.968 0.8750000000
44701  -4.696  -34.307  72.892 0.8750000000
43923  -4.756  -34.892  71.247 0.8750000000
45472  -34.124  -32.972  75.923 0.6250000000
46334  -34.540  -32.229  76.191 0.6250000000
46344  -34.545  -32.153  75.644 0.7500000000
44699  -4.149  -33.931  71.534 0.7500000000
44700  -4.380  -34.039  72.380 0.8750000000
44713  -4.181  -34.865  70.448 0.7500000000
112764  -34.476  -32.126  75.085 0.7500000000
48229  -3.182  -31.266  75.297 0.7500000000
48218  -3.043  -31.315  76.011 0.7500000000
119771  -3.775  -30.807  74.601 0.7500000000
48242  -4.120  -30.277  73.741 0.7500000000
49221  -4.160  -29.395  72.300 0.7500000000
49231  -4.581  -29.981  71.325 0.6250000000
48295  -4.637  -30.662  69.721 0.6250000000
48310  -4.520  -31.471  68.236 0.6250000000
48311  -5.196  -31.349  67.899 0.6250000000
48320  -5.408  -31.580  66.954 0.6250000000
47344  -6.096  -31.919  65.086 0.2500000000
47345  -7.022  -31.619  64.728 0.1250000000
111338  -13.766  -40.604  80.435 0.7500000000
47235  -9.083  -31.211  76.643 0.5000000000
47245  -9.142  -31.437  75.593 0.6250000000
46348  -9.057  -32.221  74.282 0.6250000000
43115  -11.978  -36.134  70.967 0.8750000000
37716  -13.930  -41.681  78.873 0.7500000000
47223  -8.304  -31.367  77.130 0.5000000000
109423  -8.401  -31.136  78.223 0.5000000000
46339  -8.194  -32.131  75.289 0.6250000000
46347  -8.322  -32.567  74.545 0.6250000000
46357  -8.701  -32.788  73.865 0.6250000000
45509  -9.005  -32.961  73.210 0.6250000000
45546  -10.783  -33.860  70.415 0.7500000000
44728  -11.405  -34.725  70.017 0.8750000000
37777  -14.109  -42.297  76.509 0.6250000000
36905  -14.084  -42.091  77.786 0.6250000000
47212  -8.233  -31.243  79.114 0.5000000000
47211  -7.634  -31.390  78.158 0.5000000000
46314  -7.542  -31.663  77.018 0.5000000000
46338  -7.454  -32.494  75.486 0.6250000000
46346  -7.747  -32.662  74.917 0.7500000000
45493  -7.692  -33.002  74.541 0.7500000000
45507  -7.709  -33.859  73.661 0.7500000000
45517  -8.224  -34.106  72.843 0.7500000000
44706  -8.390  -34.361  71.955 0.8750000000
45530  -8.810  -33.716  72.139 0.7500000000
44716  -8.892  -34.058  71.143 0.8750000000
44662  -25.704  -34.480  74.998 0.6250000000
47199  -7.518  -31.455  79.498 0.5000000000
46300  -6.689  -31.667  78.559 0.5000000000
46313  -6.821  -31.833  77.366 0.5000000000
46337  -6.672  -32.842  75.586 0.7500000000
45478  -6.323  -33.496  75.103 0.8750000000
45492  -6.517  -33.821  74.601 0.8750000000
44704  -6.784  -35.295  72.436 1.0000000000
44690  -7.318  -34.642  73.121 1.0000000000
44705  -7.796  -34.921  72.283 0.8750000000
44725  -7.783  -35.340  70.841 0.8750000000
36956  -14.281  -42.619  75.093 0.2500000000
37794  -14.416  -42.138  75.709 0.5000000000
42187  -23.534  -35.268  74.406 0.5000000000
42155  -24.952  -35.353  75.551 0.6250000000
46299  -5.723  -32.014  78.780 0.5000000000
46312  -5.907  -32.087  77.708 0.6250000000
109833  -20.848  -34.831  73.416 0.3750000000
46298  -4.811  -32.207  78.775 0.5000000000
42206  -22.192  -35.157  74.196 0.2500000000
44667  -4.297  -34.120  73.968 1.0000000000
44668  -4.801  -34.386  74.089 1.0000000000
44688  -5.411  -34.832  73.484 1.0000000000
113538  -6.343  -34.818  73.341 1.0000000000
122735  -3.974  -32.028  78.977 0.6250000000
46296  -3.490  -32.048  78.228 0.6250000000
114992  -4.479  -34.129  73.762 1.0000000000
44686  -4.581  -34.369  73.570 1.0000000000
47220  -34.820  -31.139  77.966 0.5000000000
44702  -4.845  -34.541  72.883 0.8750000000
116392  -3.029  -31.401  76.714 0.7500000000
47242  -34.978  -31.310  76.145 0.6250000000
48230  -3.761  -30.760  75.440 0.7500000000
121818  -3.507  -30.866  76.305 0.7500000000
46355  -34.247  -32.069  74.499 0.7500000000
46368  -34.193  -31.728  74.142 0.7500000000
112788  -33.548  -32.625  73.083 0.7500000000
124667  -4.083  -29.047  72.790 0.7500000000
49222  -4.506  -29.031  72.319 0.6250000000
49239  -5.106  -29.589  71.082 0.6250000000
48296  -5.346  -30.206  70.030 0.6250000000
48297  -5.983  -30.438  69.500 0.6250000000
48302  -6.031  -30.940  68.535 0.6250000000
48312  -6.169  -31.200  67.536 0.6250000000
48321  -6.415  -31.377  66.589 0.3750000000
48333  -6.694  -31.455  65.627 0.2500000000
38514  -14.273  -41.218  79.545 0.7500000000
38541  -14.700  -41.350  77.848 0.6250000000
47213  -8.847  -30.929  78.805 0.5000000000
47224  -8.991  -30.999  77.734 0.5000000000
37778  -14.438  -41.857  76.533 0.6250000000
38557  -14.851  -41.416  76.051 0.6250000000
128462  -7.257  -31.485  80.101 0.5000000000
109838  -14.787  -41.709  75.277 0.2500000000
39463  -15.114  -41.066  75.333 0.3750000000
43073  -20.436  -35.428  74.426 0.3750000000
127288  -21.369  -35.296  74.544 0.5000000000
42169  -23.258  -35.494  75.077 0.3750000000
46288  -6.567  -31.631  79.707 0.5000000000
37805  -14.830  -42.362  73.936 0.2500000000
39480  -15.220  -40.730  74.797 0.3750000000
43089  -21.362  -35.057  73.951 0.2500000000
46287  -5.540  -31.855  79.667 0.5000000000
46281  -5.369  -31.636  80.418 0.5000000000
38575  -15.093  -41.749  73.571 0.2500000000
39493  -15.164  -40.900  74.071 0.1250000000
42222  -17.695  -36.589  72.995 0.1250000000
43100  -18.273  -35.898  72.636 0.1250000000
43088  -20.281  -35.310  73.936 0.3750000000
128749  -4.209  -32.223  78.675 0.5000000000
39509  -15.443  -40.337  72.932 0.1250000000
39522  -15.636  -40.382  72.006 0.1250000000
121512  -19.986  -35.125  73.409 0.3750000000
47210  -3.201  -31.749  77.818 0.6250000000
47232  -35.405  -30.806  76.852 0.3750000000
48199  -3.540  -30.542  77.989 0.6250000000
47253  -34.769  -31.447  75.487 0.7500000000
110249  -3.507  -30.796  77.091 0.6250000000
47266  -34.605  -31.496  74.921 0.7500000000
48243  -4.371  -30.179  74.419 0.7500000000
48231  -4.279  -30.304  75.084 0.7500000000
46379  -34.047  -31.671  73.754 0.7500000000
108157  -34.431  -31.477  74.476 0.8750000000
49193  -4.304  -29.389  73.412 0.7500000000
47300  -33.008  -31.532  72.124 0.6250000000
46378  -33.802  -31.895  73.283 0.7500000000
109676  -4.510  -28.922  72.952 0.7500000000
107328  -5.427  -28.928  73.117 0.7500000000
106841  -6.015  -29.049  71.750 0.6250000000
49247  -5.979  -29.867  70.311 0.6250000000
106846  -6.584  -29.107  71.253 0.6250000000
49241  -6.267  -29.446  70.698 0.6250000000
48313  -7.130  -30.959  67.217 0.3750000000
48322  -7.347  -31.038  66.287 0.2500000000
48334  -7.594  -31.218  65.384 0.1250000000
125898  -8.665  -31.040  79.626 0.5000000000
39464  -15.463  -40.150  75.447 0.3750000000
47200  -8.260  -31.304  80.005 0.5000000000
47189  -8.264  -31.213  81.119 0.5000000000
110018  -7.795  -31.397  80.459 0.5000000000
39494  -15.340  -40.353  73.712 0.1250000000
42205  -18.584  -36.123  74.379 0.3750000000
47198  -7.025  -31.486  80.527 0.5000000000
43086  -18.438  -35.981  73.556 0.2500000000
46280  -4.803  -31.606  80.348 0.5000000000
40384  -15.732  -39.571  72.617 0.1250000000
42221  -17.059  -37.281  72.219 0.1250000000
41287  -16.650  -38.130  72.744 0.1250000000
42238  -16.465  -38.148  71.719 0.1250000000
47197  -3.748  -31.586  79.271 0.5000000000
47196  -3.462  -31.356  78.749 0.6250000000
110443  -3.329  -29.949  78.931 0.6250000000
47254  -35.254  -30.581  75.936 0.7500000000
47243  -35.478  -30.445  76.432 0.6250000000
48228  -35.871  -29.652  76.272 0.3750000000
49150  -3.964  -30.115  77.776 0.6250000000
48240  -35.509  -29.817  75.751 0.7500000000
48219  -3.842  -30.539  76.837 0.6250000000
47289  -34.059  -31.241  73.416 0.7500000000
47278  -34.351  -31.140  74.018 0.8750000000
48253  -34.633  -30.712  74.738 0.8750000000
49194  -4.444  -29.718  74.133 0.7500000000
112599  -4.547  -30.020  76.966 0.6250000000
48292  -32.920  -30.892  72.034 0.6250000000
47294  -33.604  -31.295  72.725 0.8750000000
49209  -4.688  -29.117  73.644 0.7500000000
49210  -6.425  -28.912  73.378 0.7500000000
49223  -5.290  -28.962  72.365 0.6250000000
50062  -7.537  -28.694  73.784 0.7500000000
49211  -7.074  -28.828  72.713 0.6250000000
49234  -7.439  -28.969  71.418 0.6250000000
49255  -6.827  -30.482  69.138 0.6250000000
106545  -6.829  -28.951  71.880 0.6250000000
50082  -7.657  -28.786  72.109 0.5000000000
49249  -7.508  -29.945  69.675 0.5000000000
49256  -7.678  -30.335  68.753 0.3750000000
48344  -7.906  -31.477  64.558 0.1250000000
114762  -8.009  -30.750  67.011 0.2500000000
48323  -8.216  -30.820  66.149 0.2500000000
48336  -9.248  -30.828  65.179 0.1250000000
47188  -7.548  -31.364  81.062 0.5000000000
108014  -6.702  -31.421  81.088 0.5000000000
108202  -5.863  -31.411  81.048 0.5000000000
47186  -5.130  -31.395  80.933 0.5000000000
47173  -4.693  -31.029  81.202 0.5000000000
48173  -3.597  -30.786  80.597 0.3750000000
48184  -3.309  -30.445  79.402 0.6250000000
49136  -3.576  -29.855  78.534 0.5000000000
48217  -36.327  -29.167  76.691 0.3750000000
49137  -3.994  -29.266  78.519 0.5000000000
49206  -34.953  -29.546  74.846 0.7500000000
48254  -35.176  -29.807  75.272 0.6250000000
49196  -5.970  -29.268  74.863 0.7500000000
49195  -5.071  -29.464  74.409 0.7500000000
49177  -4.648  -30.130  75.805 0.7500000000
48266  -34.249  -30.485  73.556 0.8750000000
48267  -34.498  -30.124  74.222 0.8750000000
50061  -6.682  -28.908  74.373 0.6250000000
106672  -5.672  -29.039  73.940 0.7500000000
48286  -33.045  -30.250  71.992 0.7500000000
48280  -33.568  -30.470  72.490 0.7500000000
50052  -7.548  -28.477  74.981 0.7500000000
48291  -32.339  -30.433  71.366 0.6250000000
49242  -7.249  -29.364  70.672 0.5000000000
50053  -8.359  -28.106  74.535 0.6250000000
50071  -7.877  -28.706  72.928 0.6250000000
49235  -8.124  -29.029  70.948 0.5000000000
116781  -8.224  -29.928  69.245 0.2500000000
48304  -7.833  -30.555  67.857 0.2500000000
50063  -8.469  -28.323  73.540 0.6250000000
50072  -8.467  -28.469  72.567 0.6250000000
50083  -8.384  -28.642  71.628 0.5000000000
127129  -8.530  -30.463  67.614 0.2500000000
48314  -8.834  -30.557  66.969 0.1250000000
50852  -9.023  -27.608  74.062 0.6250000000
50073  -9.195  -28.160  72.249 0.5000000000
50093  -8.765  -28.717  71.054 0.3750000000
49244  -9.188  -29.169  69.993 0.2500000000
49251  -9.745  -29.233  69.387 0.1250000000
49260  -9.283  -30.237  67.806 0.1250000000
49262  -10.228  -29.815  67.945 0.1250000000
48325  -9.735  -30.488  65.827 0.1250000000
50084  -9.276  -28.340  71.451 0.2500000000
50094  -9.463  -28.637  70.659 0.2500000000
50099  -9.857  -28.804  70.008 0.2500000000
49258  -9.543  -29.740  68.622 0.1250000000
47176  -7.298  -31.216  81.588 0.5000000000
47175  -6.350  -31.172  81.600 0.5000000000
48164  -5.161  -30.661  81.560 0.3750000000
128858  -4.481  -30.525  81.411 0.3750000000
49109  -3.194  -30.115  80.953 0.3750000000
114189  -36.928  -28.439  76.884 0.2500000000
49123  -2.965  -29.056  79.621 0.5000000000
49191  -35.813  -29.118  75.565 0.3750000000
49176  -36.591  -28.683  76.273 0.3750000000
127236  -35.497  -29.067  75.209 0.6250000000
49179  -6.059  -29.223  75.849 0.7500000000
50027  -5.978  -28.766  76.843 0.7500000000
49152  -5.239  -29.265  77.269 0.6250000000
115834  -34.046  -29.916  72.978 0.8750000000
49218  -34.465  -29.306  73.669 0.8750000000
121584  -34.800  -29.109  74.390 0.6250000000
50051  -6.730  -28.801  75.381 0.7500000000
50040  -6.577  -28.586  76.189 0.7500000000
50014  -5.361  -28.453  77.663 0.6250000000
48285  -32.890  -29.842  71.703 0.6250000000
49238  -33.530  -29.557  72.303 0.7500000000
127579  -34.657  -28.487  73.435 0.6250000000
50041  -7.281  -28.094  75.966 0.7500000000
50015  -6.097  -28.083  77.199 0.7500000000
49237  -33.033  -29.118  71.728 0.8750000000
50840  -8.095  -27.733  75.436 0.7500000000
50098  -32.655  -28.776  71.152 0.8750000000
50841  -8.799  -27.139  75.038 0.6250000000
50842  -9.342  -26.644  74.351 0.5000000000
50863  -9.143  -27.939  73.142 0.5000000000
50085  -10.073  -28.099  71.213 0.2500000000
50095  -10.328  -28.317  70.443 0.1250000000
49252  -10.343  -29.255  68.821 0.1250000000
116058  -10.488  -29.869  66.989 0.1250000000
49266  -10.378  -30.224  66.094 0.1250000000
111768  -4.670  -29.923  81.573 0.3750000000
124010  -3.226  -29.354  81.168 0.3750000000
49970  -2.722  -28.754  80.355 0.5000000000
50037  -37.319  -27.939  76.434 0.3750000000
49207  -36.028  -28.536  75.322 0.3750000000
49192  -36.497  -28.455  75.718 0.3750000000
49220  -35.570  -28.394  74.824 0.6250000000
126695  -36.163  -28.092  75.105 0.3750000000
50816  -4.899  -27.613  78.019 0.5000000000
49229  -34.256  -28.764  72.917 0.7500000000
49219  -34.981  -28.100  73.989 0.5000000000
50831  -7.777  -27.264  76.080 0.7500000000
50823  -6.431  -27.515  76.995 0.7500000000
50092  -33.800  -28.379  72.175 0.6250000000
50832  -8.335  -27.027  75.683 0.7500000000
50091  -33.267  -28.343  71.566 0.8750000000
50853  -9.611  -27.104  73.567 0.5000000000
50864  -9.709  -27.429  72.716 0.5000000000
50865  -10.268  -26.982  72.332 0.2500000000
50879  -10.457  -27.363  71.610 0.1250000000
50100  -10.545  -28.657  69.612 0.1250000000
50103  -10.998  -28.789  69.005 0.1250000000
50104  -11.570  -28.503  68.700 0.1250000000
125374  -11.217  -29.468  67.211 0.1250000000
49267  -11.216  -29.763  66.361 0.1250000000
50112  -11.929  -29.217  67.013 0.1250000000
49271  -11.569  -29.995  65.385 0.1250000000
50113  -12.661  -28.703  66.700 0.1250000000
50038  -38.074  -27.547  76.479 0.2500000000
50050  -37.258  -27.677  75.592 0.3750000000
50059  -36.511  -27.332  74.751 0.3750000000
50070  -35.792  -27.299  74.285 0.3750000000
50824  -7.094  -27.429  76.536 0.7500000000
51629  -6.086  -27.050  77.231 0.5000000000
50081  -34.494  -27.891  72.560 0.5000000000
49230  -34.884  -27.704  73.111 0.5000000000
50069  -35.596  -26.965  73.471 0.5000000000
51645  -7.957  -26.415  75.984 0.5000000000
50884  -34.559  -27.330  71.956 0.5000000000
50871  -34.971  -27.260  72.446 0.5000000000
52510  -8.347  -25.808  75.444 0.5000000000
51646  -8.536  -26.496  75.475 0.6250000000
51653  -8.942  -26.162  74.999 0.5000000000
50894  -34.273  -26.935  71.224 0.6250000000
51659  -9.862  -26.180  73.753 0.5000000000
51667  -10.089  -26.607  73.060 0.5000000000
50096  -11.119  -27.998  70.233 0.1250000000
50892  -11.273  -27.217  70.666 0.1250000000
50108  -11.640  -28.974  67.884 0.1250000000
52526  -9.744  -25.322  73.500 0.2500000000
51668  -10.453  -26.264  72.586 0.2500000000
52534  -10.612  -25.615  72.339 0.2500000000
51677  -11.201  -26.471  71.111 0.1250000000
50900  -11.715  -27.363  69.859 0.1250000000
50909  -12.002  -27.756  69.083 0.1250000000
49268  -12.117  -29.393  66.120 0.1250000000
50116  -12.868  -28.889  65.846 0.1250000000
50848  -37.420  -27.287  74.993 0.3750000000
51628  -5.307  -26.919  77.541 0.5000000000
50859  -37.558  -26.905  74.235 0.3750000000
52499  -7.102  -26.118  76.327 0.6250000000
51638  -6.688  -26.778  76.786 0.5000000000
50858  -36.705  -26.693  73.683 0.3750000000
50872  -35.543  -26.848  72.572 0.5000000000
50873  -36.383  -26.548  72.646 0.2500000000
52517  -7.917  -25.166  75.126 0.3750000000
50885  -35.455  -26.804  71.849 0.5000000000
52518  -8.661  -25.428  74.783 0.5000000000
50895  -35.158  -26.697  71.323 0.6250000000
52519  -9.320  -25.748  74.307 0.5000000000
53420  -10.451  -24.892  72.298 0.2500000000
127938  -10.791  -25.160  71.839 0.2500000000
50904  -33.969  -26.630  70.426 0.7500000000
51660  -10.270  -25.850  73.086 0.2500000000
52542  -11.013  -25.729  71.549 0.1250000000
50105  -12.221  -28.096  68.337 0.1250000000
50919  -12.990  -27.667  67.988 0.1250000000
51691  -34.768  -26.094  69.631 0.6250000000
51682  -35.221  -26.380  70.450 0.6250000000
51687  -12.043  -26.478  69.701 0.1250000000
50910  -12.662  -27.211  68.703 0.1250000000
50911  -13.344  -26.898  68.154 0.1250000000
50927  -13.160  -27.940  67.197 0.1250000000
50114  -13.362  -28.164  66.414 0.1250000000
51702  -34.461  -25.810  68.759 0.8750000000
51690  -33.654  -26.357  69.596 0.8750000000
51709  -13.701  -26.586  67.489 0.1250000000
50928  -13.799  -27.302  66.855 0.1250000000
51711  -33.561  -25.683  68.062 0.7500000000
52559  -33.257  -25.196  67.145 0.5000000000
50837  -38.329  -27.275  75.388 0.3750000000
51637  -5.793  -26.434  76.992 0.5000000000
50849  -38.221  -27.075  74.634 0.3750000000
52498  -6.315  -26.052  76.561 0.2500000000
106991  -37.824  -26.695  73.354 0.2500000000
53374  -5.858  -24.911  75.322 0.3750000000
52509  -7.498  -25.579  75.768 0.5000000000
53387  -6.498  -24.616  74.593 0.3750000000
53388  -7.479  -24.695  74.602 0.3750000000
50886  -36.211  -26.544  71.775 0.5000000000
109643  -7.050  -24.325  73.902 0.3750000000
53389  -8.224  -24.878  74.545 0.3750000000
53417  -7.567  -24.084  73.235 0.2500000000
53402  -7.986  -24.460  73.993 0.2500000000
53403  -8.891  -24.915  74.049 0.2500000000
126046  -36.102  -26.485  70.933 0.6250000000
107358  -8.456  -24.310  73.360 0.2500000000
53404  -9.186  -24.629  73.303 0.2500000000
52543  -11.391  -25.740  70.782 0.1250000000
51681  -11.603  -26.526  70.384 0.1250000000
51680  -40.919  -26.130  71.184 0.5000000000
52545  -41.609  -25.761  70.579 0.5000000000
52546  -42.369  -25.255  71.057 0.2500000000
53432  -42.853  -24.459  71.315 0.2500000000
53418  -8.869  -24.075  72.713 0.2500000000
53419  -9.753  -24.609  72.711 0.2500000000
53430  -10.517  -24.630  71.567 0.1250000000
53431  -11.037  -25.067  71.160 0.1250000000
52547  -11.788  -25.735  70.054 0.1250000000
51688  -12.537  -26.429  69.109 0.1250000000
110419  -35.427  -25.779  68.953 0.7500000000
50908  -39.840  -26.677  69.523 0.5000000000
51684  -40.295  -26.488  69.772 0.5000000000
51685  -40.899  -26.195  70.157 0.5000000000
54328  -42.727  -23.914  70.477 0.3750000000
53439  -9.824  -23.983  71.178 0.1250000000
53440  -10.636  -24.361  70.696 0.1250000000
53441  -11.380  -24.900  70.255 0.1250000000
110044  -39.701  -26.927  68.823 0.6250000000
51696  -40.965  -26.322  69.213 0.5000000000
51686  -41.631  -25.874  69.525 0.3750000000
52548  -42.238  -25.325  69.911 0.3750000000
53448  -10.867  -24.068  69.777 0.1250000000
52560  -34.223  -25.410  67.231 0.7500000000
111692  -35.819  -25.768  67.315 0.8750000000
50915  -38.869  -27.327  68.143 0.6250000000
51723  -35.134  -25.655  66.674 0.8750000000
51714  -37.055  -26.338  67.555 0.6250000000
51715  -37.665  -26.752  67.260 0.5000000000
50922  -38.290  -27.116  67.727 0.5000000000
51724  -35.974  -25.874  66.588 0.8750000000
117772  -37.070  -26.392  66.750 0.8750000000
50860  -38.429  -26.877  73.941 0.3750000000
50874  -37.351  -26.489  72.627 0.2500000000
50887  -37.006  -26.436  71.733 0.3750000000
52533  -42.085  -25.237  73.255 0.3750000000
53412  -42.465  -24.433  73.135 0.2500000000
127342  -36.794  -26.549  71.061 0.6250000000
114077  -40.438  -26.385  71.846 0.3750000000
109971  -41.544  -25.706  72.891 0.3750000000
123123  -42.892  -23.251  72.197 0.2500000000
128848  -40.999  -26.154  71.864 0.3750000000
52541  -42.549  -25.105  72.306 0.2500000000
53423  -43.020  -24.071  72.266 0.2500000000
54316  -42.898  -23.518  71.417 0.2500000000
51692  -35.835  -25.979  69.489 0.6250000000
51683  -36.266  -26.249  70.004 0.6250000000
50898  -39.241  -26.639  70.605 0.5000000000
116134  -40.172  -26.461  70.873 0.5000000000
52540  -41.611  -25.789  71.794 0.5000000000
112028  -8.076  -23.891  72.726 0.2500000000
53429  -8.290  -23.612  71.941 0.2500000000
106603  -9.316  -23.903  72.007 0.1250000000
127432  -10.025  -24.361  71.994 0.2500000000
51693  -36.728  -26.188  69.172 0.6250000000
51694  -37.494  -26.516  68.796 0.5000000000
108818  -38.006  -26.423  70.028 0.5000000000
50897  -38.678  -26.586  70.231 0.5000000000
54306  -8.902  -23.561  71.207 0.1250000000
54319  -9.278  -23.626  70.570 0.1250000000
108247  -35.608  -25.695  68.191 0.7500000000
51703  -36.242  -25.889  68.643 0.6250000000
51704  -36.968  -26.279  68.314 0.7500000000
123236  -38.033  -26.663  69.122 0.5000000000
126500  -38.591  -27.006  68.675 0.5000000000
111443  -39.106  -27.103  68.732 0.6250000000
52549  -42.660  -25.001  69.347 0.3750000000
54320  -9.906  -23.765  70.096 0.1250000000
51713  -36.431  -25.973  67.821 0.6250000000
50914  -38.176  -26.945  68.397 0.5000000000
112288  -42.297  -25.476  68.979 0.3750000000
51708  -41.951  -25.905  68.025 0.3750000000
50875  -38.566  -26.773  73.083 0.2500000000
125708  -38.125  -26.626  72.593 0.2500000000
51674  -40.014  -26.472  72.779 0.3750000000
52532  -41.328  -25.675  73.827 0.3750000000
121991  -42.302  -23.624  73.571 0.2500000000
50896  -37.467  -26.520  70.868 0.3750000000
50876  -39.012  -26.886  72.726 0.3750000000
50877  -39.405  -26.755  72.279 0.3750000000
51666  -40.686  -26.157  73.469 0.3750000000
54303  -42.721  -23.422  72.887 0.2500000000
50905  -37.150  -26.398  69.978 0.5000000000
108914  -37.937  -26.517  71.712 0.3750000000
50889  -39.085  -26.808  71.718 0.3750000000
55923  -42.255  -21.912  72.384 0.1250000000
55130  -42.103  -22.413  71.435 0.2500000000
108612  -38.658  -26.644  71.224 0.5000000000
109599  -39.828  -26.614  71.800 0.3750000000
108527  -42.502  -23.138  70.669 0.2500000000
53442  -42.636  -24.760  70.287 0.3750000000
127828  -42.503  -23.675  69.876 0.1250000000
54329  -42.641  -24.299  69.617 0.2500000000
52553  -42.739  -25.155  68.559 0.2500000000
51716  -41.342  -26.136  67.452 0.6250000000
52552  -42.379  -25.584  68.261 0.2500000000
51658  -40.680  -26.234  74.543 0.3750000000
127456  -42.144  -24.229  73.700 0.2500000000
51665  -40.026  -26.485  73.952 0.3750000000
55913  -42.305  -21.689  73.147 0.1250000000
55122  -42.589  -22.561  72.607 0.1250000000
113851  -42.579  -22.764  71.739 0.1250000000
55142  -42.299  -23.371  69.845 0.1250000000
53451  -42.740  -24.628  68.840 0.2500000000
54340  -42.494  -23.888  69.071 0.1250000000
50926  -40.757  -26.299  67.127 0.6250000000
115665  -41.838  -25.966  67.668 0.5000000000
50936  -40.950  -26.306  66.470 0.6250000000
111306  -41.530  -26.071  66.862 0.6250000000
55113  -42.046  -21.886  73.892 0.1250000000
55922  -41.871  -20.889  73.008 0.1250000000
55932  -41.761  -21.524  72.174 0.1250000000
52555  -42.411  -25.660  67.637 0.2500000000
117578  -42.720  -24.369  68.405 0.2500000000
51717  -42.054  -25.902  67.228 0.2500000000
50951  -39.994  -26.570  64.875 0.6250000000
50943  -40.339  -26.483  65.892 0.6250000000
50944  -41.161  -26.406  65.860 0.6250000000
52556  -42.811  -25.249  67.908 0.2500000000
53459  -42.897  -24.821  68.176 0.2500000000
52562  -42.888  -25.313  67.295 0.2500000000
53470  -43.014  -24.873  67.529 0.2500000000
51726  -41.717  -26.230  66.213 0.6250000000
52561  -42.584  -25.646  67.104 0.3750000000
50952  -40.925  -26.500  65.186 0.6250000000
51727  -42.353  -25.900  66.619 0.5000000000
51744  -40.634  -26.408  64.336 0.6250000000
51734  -41.708  -26.298  65.489 0.6250000000
51757  -40.328  -26.244  63.511 0.6250000000
53481  -43.168  -24.834  66.807 0.2500000000
51735  -42.340  -26.002  65.896 0.3750000000
51736  -42.822  -25.641  66.168 0.2500000000
51767  -40.010  -26.194  62.728 0.5000000000
51777  -39.677  -26.145  61.992 0.7500000000
52612  -40.210  -25.817  61.719 0.6250000000
52568  -43.020  -25.372  66.607 0.2500000000
51745  -41.529  -26.213  64.637 0.6250000000
51746  -42.450  -25.796  64.979 0.5000000000
51747  -42.888  -25.581  65.612 0.3750000000
51758  -41.225  -25.999  63.805 0.6250000000
51768  -40.888  -25.822  63.080 0.7500000000
51778  -40.518  -25.834  62.403 0.6250000000
52624  -40.112  -25.573  60.987 0.7500000000
52625  -40.812  -25.375  61.521 0.7500000000
53528  -40.706  -25.000  60.754 0.8750000000
51769  -41.866  -25.585  63.295 0.5000000000
51759  -42.172  -25.704  64.024 0.6250000000
52601  -41.555  -25.461  62.662 0.6250000000
52602  -42.482  -25.335  62.948 0.5000000000
127335  -40.911  -25.549  62.129 0.6250000000
52613  -41.609  -25.183  62.038 0.5000000000
53529  -41.419  -24.744  61.350 0.8750000000
53541  -41.099  -24.072  60.672 0.7500000000
53530  -41.908  -23.961  61.298 0.6250000000
54417  -41.585  -23.315  60.889 0.7500000000
122623  -42.222  -23.100  61.194 0.7500000000
55225  -41.703  -22.538  60.700 0.7500000000
52582  -43.134  -25.332  64.164 0.5000000000
53516  -42.266  -24.621  61.890 0.7500000000
52614  -42.594  -25.059  62.525 0.5000000000
54411  -42.855  -23.894  61.801 0.6250000000
55226  -42.428  -22.219  60.876 0.7500000000
54418  -43.015  -22.878  61.496 0.6250000000
56051  -42.134  -20.804  60.196 0.7500000000
56039  -42.629  -21.356  60.538 0.6250000000
109551  -43.027  -24.569  62.312 0.5000000000
54412  -43.710  -23.543  62.111 0.5000000000
55216  -43.823  -22.607  61.798 0.3750000000
55227  -43.177  -21.948  61.129 0.6250000000
56040  -43.400  -21.076  60.797 0.7500000000
56816  -43.566  -20.182  60.633 0.7500000000
56041  -44.212  -20.780  61.197 0.6250000000
56029  -44.827  -21.458  61.834 0.2500000000
56827  -42.960  -19.636  60.208 0.6250000000
56817  -44.396  -19.866  61.010 0.3750000000
56806  -45.008  -20.591  61.616 0.3750000000
57618  -44.298  -19.106  60.623 0.3750000000
57619  -44.818  -19.368  61.134 0.3750000000
58481  -44.811  -18.830  60.896 0.3750000000
58476  -46.087  -18.883  61.928 0.3750000000
56031  -46.229  -21.022  62.590 0.1250000000
56818  -45.193  -19.885  61.538 0.2500000000
56807  -45.647  -20.453  62.092 0.1250000000
56801  -46.822  -20.022  62.734 0.1250000000
57611  -46.150  -19.607  62.224 0.1250000000
58472  -47.348  -18.960  63.058 0.1250000000
57610  -45.450  -19.275  61.548 0.3750000000
119982  -47.256  -18.280  62.909 0.1250000000
58471  -46.684  -18.533  62.444 0.2500000000
59397  -47.458  -17.633  63.060 0.1250000000
59396  -46.782  -17.717  62.459 0.2500000000
59385  -48.159  -17.472  63.718 0.1250000000
58459  -47.999  -18.456  63.572 0.1250000000
60309  -48.334  -16.366  63.758 0.1250000000
60299  -48.740  -17.263  64.394 0.1250000000
119477  -48.891  -16.462  64.406 0.1250000000
60300  -49.271  -16.033  64.747 0.1250000000
61193  -49.546  -15.430  65.129 0.1250000000
61199  -49.352  -15.020  64.517 0.1250000000
62834  -49.243  -13.513  66.076 0.1250000000
62054  -49.632  -14.481  65.246 0.1250000000
112356  -49.402  -15.171  65.703 0.1250000000
45463  -4.315  -33.276  76.150 0.8750000000
45477  -5.141  -33.540  75.402 0.8750000000
106925  -7.431  -35.428  71.675 1.0000000000
44669  -5.782  -34.358  74.223 0.8750000000
45491  -5.189  -34.018  74.874 1.0000000000
43134  -8.015  -36.240  69.649 1.0000000000
43945  -9.314  -35.364  69.861 1.0000000000
43941  -6.133  -36.343  70.941 1.0000000000
43940  -5.660  -36.399  71.226 1.0000000000
44714  -6.036  -35.709  72.085 1.0000000000
31475  -3.979  -48.714  75.921 0.1250000000
123915  -4.211  -49.087  75.769 0.1250000000
32394  -4.061  -48.440  76.656 0.1250000000
31490  -4.250  -48.880  75.088 0.1250000000
32425  -3.790  -48.285  75.035 0.1250000000
31505  -4.609  -48.715  74.355 0.1250000000
32448  -6.169  -48.847  72.701 0.1250000000
31519  -6.580  -49.810  72.143 0.1250000000
33360  -5.905  -47.944  72.528 0.2500000000
33374  -7.032  -47.740  71.278 0.2500000000
31534  -7.163  -49.324  70.870 0.3750000000
33406  -8.186  -47.111  69.446 0.3750000000
32491  -7.943  -47.936  69.299 0.2500000000
34400  -8.488  -46.645  68.743 0.2500000000
33454  -8.560  -46.970  66.656 0.3750000000
107242  -8.769  -44.626  66.498 0.5000000000
37092  -8.887  -43.906  65.153 0.5000000000
32411  -3.376  -47.807  75.494 0.1250000000
33315  -3.557  -47.115  76.135 0.1250000000
34275  -4.941  -47.444  76.927 0.1250000000
32438  -4.270  -47.951  74.220 0.1250000000
34383  -6.691  -46.049  70.594 0.3750000000
34384  -7.548  -46.674  70.221 0.3750000000
116645  -8.248  -45.849  68.742 0.3750000000
33349  -9.496  -47.431  73.365 0.1250000000
36250  -7.440  -44.397  67.609 0.5000000000
124406  -11.003  -48.776  72.926 0.1250000000
35445  -8.868  -45.189  63.484 0.5000000000
35444  -8.126  -45.839  62.801 0.3750000000
36279  -9.179  -44.264  64.114 0.5000000000
37102  -8.628  -43.567  63.365 0.6250000000
36290  -8.129  -45.020  62.048 0.3750000000
35454  -7.415  -45.350  61.392 0.3750000000
33345  -3.317  -47.075  74.485 0.1250000000
33325  -3.198  -47.087  75.764 0.1250000000
112951  -5.458  -46.703  76.463 0.1250000000
34296  -5.117  -45.735  76.234 0.2500000000
125789  -3.594  -47.420  74.482 0.1250000000
121493  -6.454  -45.768  75.075 0.2500000000
34298  -7.500  -46.743  75.294 0.1250000000
34334  -4.108  -46.287  73.029 0.3750000000
34349  -5.347  -46.383  71.845 0.3750000000
35332  -4.978  -45.200  70.779 0.5000000000
35346  -5.213  -45.206  70.024 0.6250000000
35347  -5.667  -45.014  69.533 0.5000000000
34322  -9.134  -46.647  73.138 0.1250000000
36249  -6.398  -43.932  67.658 0.5000000000
106808  -6.967  -43.809  67.159 0.5000000000
37073  -7.022  -43.393  66.509 0.5000000000
37876  -6.115  -42.432  65.685 0.6250000000
38710  -5.421  -42.009  65.951 0.7500000000
37900  -6.704  -42.004  63.652 0.6250000000
38726  -5.494  -40.729  64.348 0.6250000000
111518  -7.580  -45.791  62.065 0.3750000000
37107  -8.051  -43.312  61.919 0.5000000000
37908  -6.143  -41.623  63.009 0.6250000000
37916  -7.495  -42.977  61.393 0.5000000000
37722  -4.390  -41.733  77.277 0.7500000000
38516  -4.893  -41.389  77.583 0.7500000000
121005  -3.372  -45.653  75.928 0.2500000000
35258  -3.736  -45.302  76.006 0.3750000000
35275  -2.743  -45.617  74.863 0.2500000000
34320  -3.505  -46.362  73.646 0.2500000000
35302  -3.639  -45.644  73.121 0.3750000000
34348  -4.680  -46.017  72.156 0.5000000000
35331  -4.565  -44.774  71.188 0.6250000000
116321  -4.245  -44.084  69.673 0.6250000000
125895  -4.128  -43.805  68.737 0.5000000000
36247  -5.116  -43.742  67.862 0.5000000000
37070  -4.774  -42.787  66.970 0.6250000000
38764  -5.553  -41.338  62.358 0.6250000000
107975  -5.157  -40.089  75.852 1.0000000000
40323  -3.586  -40.709  76.283 0.8750000000
39492  -3.143  -41.543  73.986 0.8750000000
37002  -3.347  -43.418  72.959 0.8750000000
113769  -3.540  -43.485  72.152 0.6250000000
115023  -3.437  -42.301  71.348 0.6250000000
37047  -4.267  -43.337  68.107 0.5000000000
38693  -3.979  -41.348  66.925 0.7500000000
38708  -4.377  -41.477  66.615 0.7500000000
126440  -5.343  -41.550  61.476 0.5000000000
37922  -6.241  -42.747  60.429 0.5000000000
40339  -3.657  -40.628  75.550 1.0000000000
122663  -5.184  -40.207  75.037 1.0000000000
41239  -6.071  -39.852  75.705 1.0000000000
38556  -2.496  -41.762  75.502 0.8750000000
39462  -2.697  -41.308  75.255 1.0000000000
41248  -4.388  -40.377  74.658 1.0000000000
41258  -5.659  -39.731  74.664 1.0000000000
122414  -6.564  -39.247  75.202 1.0000000000
41270  -4.823  -39.434  73.806 1.0000000000
116427  -2.357  -42.994  75.239 0.7500000000
40367  -3.557  -41.061  73.466 0.8750000000
40369  -4.173  -40.241  73.423 1.0000000000
40372  -5.782  -38.972  73.111 1.0000000000
41198  -8.932  -39.545  79.053 1.0000000000
39507  -3.147  -41.813  73.388 0.8750000000
38587  -2.925  -42.162  73.608 0.8750000000
39508  -3.599  -41.109  72.594 0.8750000000
37703  -8.227  -41.342  78.303 0.7500000000
37001  -2.934  -42.938  73.482 0.7500000000
39519  -3.474  -41.530  72.606 0.8750000000
39520  -3.513  -41.095  71.594 0.7500000000
37014  -3.361  -42.827  72.240 0.8750000000
37038  -3.471  -42.698  70.114 0.6250000000
113113  -3.266  -41.398  69.131 0.6250000000
37841  -3.375  -41.864  68.466 0.6250000000
37851  -3.878  -42.122  67.420 0.5000000000
37069  -4.328  -42.403  67.166 0.6250000000
39570  -3.243  -40.072  66.956 0.7500000000
41417  -4.712  -38.610  63.465 0.6250000000
38789  -4.271  -41.280  59.614 0.5000000000
111705  -4.630  -39.943  74.327 1.0000000000
41259  -6.689  -38.473  74.565 1.0000000000
123845  -7.298  -38.823  72.820 1.0000000000
41283  -7.920  -38.926  72.498 1.0000000000
40381  -6.504  -39.589  71.757 1.0000000000
40395  -8.145  -39.360  71.416 1.0000000000
40390  -3.667  -40.275  71.259 1.0000000000
40393  -6.103  -39.733  70.944 1.0000000000
37704  -9.329  -41.423  78.561 0.7500000000
40403  -6.364  -39.711  70.105 1.0000000000
40417  -6.956  -39.380  69.597 1.0000000000
39532  -3.219  -40.860  70.285 0.7500000000
41343  -3.390  -39.033  68.370 0.7500000000
42294  -2.725  -37.416  68.259 0.7500000000
42357  -4.225  -36.337  64.908 0.6250000000
43988  -3.596  -35.069  64.696 0.6250000000
43191  -3.271  -36.504  65.684 0.6250000000
39636  -4.347  -40.193  60.575 0.5000000000
106835  -4.221  -41.151  59.047 0.3750000000
42179  -7.886  -37.763  75.017 1.0000000000
106575  -8.159  -38.372  75.793 1.0000000000
41260  -7.453  -37.883  74.162 1.0000000000
43030  -8.801  -38.707  76.737 1.0000000000
41285  -9.286  -38.381  72.013 1.0000000000
42103  -9.093  -38.886  78.291 1.0000000000
41311  -9.185  -38.479  70.519 1.0000000000
126847  -9.847  -40.040  79.644 1.0000000000
37711  -10.446  -41.833  78.705 0.8750000000
43150  -6.815  -37.099  69.273 1.0000000000
37754  -9.999  -41.674  77.387 0.5000000000
125761  -5.560  -37.022  69.955 1.0000000000
109278  -3.109  -37.243  69.231 0.7500000000
45599  -2.234  -33.832  65.734 0.6250000000
45589  -2.620  -33.233  66.208 0.6250000000
40549  -4.520  -40.126  59.165 0.1250000000
38796  -4.428  -41.337  58.566 0.1250000000
42236  -9.786  -38.130  71.096 1.0000000000
37706  -11.285  -41.722  79.170 0.7500000000
123930  -12.297  -42.211  78.256 0.7500000000
42250  -3.154  -36.984  69.905 0.7500000000
124295  -3.487  -36.923  70.188 0.7500000000
46400  -3.014  -33.179  69.130 0.7500000000
46417  -2.976  -32.789  67.815 0.7500000000
121469  -3.173  -32.614  66.528 0.6250000000
44779  -3.122  -34.177  65.021 0.6250000000
45629  -3.539  -33.969  64.749 0.6250000000
41448  -4.801  -38.720  60.335 0.1250000000
125389  -10.510  -40.128  79.714 1.0000000000
43136  -9.795  -36.942  69.778 1.0000000000
39397  -11.323  -41.230  79.521 0.8750000000
42277  -8.390  -37.585  69.346 1.0000000000
43131  -5.023  -36.690  71.016 0.8750000000
47280  -2.874  -31.950  72.662 0.8750000000
48255  -3.132  -31.448  73.139 0.8750000000
122835  -3.444  -31.064  73.420 0.8750000000
48282  -4.175  -30.034  71.891 0.7500000000
47298  -3.466  -31.601  70.399 0.8750000000
48281  -3.691  -30.804  71.883 0.7500000000
48293  -3.829  -31.192  70.029 0.7500000000
45566  -2.736  -33.776  68.725 0.7500000000
115115  -3.716  -31.908  68.137 0.7500000000
46427  -3.246  -32.710  66.045 0.6250000000
45614  -3.635  -33.722  64.794 0.6250000000
42388  -4.785  -37.099  62.035 0.3750000000
42405  -4.993  -37.839  60.995 0.2500000000
43084  -11.126  -36.815  73.476 1.0000000000
42220  -10.461  -37.405  72.282 1.0000000000
42237  -10.477  -37.513  71.300 1.0000000000
38511  -12.259  -41.331  79.439 0.6250000000
37731  -12.973  -42.257  78.305 0.7500000000
37714  -12.503  -41.994  78.607 0.7500000000
48226  -30.026  -30.010  76.272 0.8750000000
49174  -30.217  -29.803  77.031 0.7500000000
43942  -6.676  -36.178  70.650 1.0000000000
47267  -2.814  -32.108  73.578 0.8750000000
47256  -3.226  -31.324  74.586 0.8750000000
46382  -3.021  -32.816  71.561 0.8750000000
48294  -4.220  -30.882  69.828 0.6250000000
47323  -3.849  -31.825  67.884 0.7500000000
47341  -3.868  -32.454  66.123 0.6250000000
47314  -4.214  -31.565  68.412 0.6250000000
46448  -3.732  -33.275  64.989 0.6250000000
111657  -10.964  -37.123  71.761 1.0000000000
41221  -12.749  -38.669  79.575 0.8750000000
42256  -10.459  -37.063  70.368 1.0000000000
37733  -14.056  -41.905  78.307 0.7500000000
38512  -13.345  -41.187  79.741 0.6250000000
116867  -12.856  -40.729  80.081 0.7500000000
48300  -4.447  -31.317  68.907 0.6250000000
39389  -13.278  -39.985  80.688 0.8750000000
43099  -12.219  -36.256  72.345 0.7500000000
43947  -11.782  -35.457  70.210 1.0000000000
43946  -10.928  -35.429  69.931 1.0000000000
44727  -9.503  -34.560  70.301 0.8750000000
112394  -10.460  -34.578  70.060 0.8750000000
45545  -9.833  -33.805  70.657 0.8750000000
45500  -26.857  -33.821  73.531 0.7500000000
44673  -26.223  -34.313  74.127 0.7500000000
46365  -28.855  -32.818  72.745 0.7500000000
47288  -28.210  -31.745  72.439 0.7500000000
116072  -28.694  -31.237  72.572 0.6250000000
45465  -5.869  -33.144  75.596 0.8750000000
116118  -8.150  -34.811  71.382 0.8750000000
125753  -24.572  -35.098  74.216 0.6250000000
43878  -25.420  -34.726  75.413 0.6250000000
43929  -7.103  -35.888  71.174 0.8750000000
42171  -25.973  -35.100  73.510 0.5000000000
119990  -6.103  -35.180  72.881 1.0000000000
44687  -4.760  -34.648  73.403 1.0000000000
47221  -35.341  -30.773  77.480 0.5000000000
48209  -3.231  -31.316  77.426 0.7500000000
48290  -5.102  -30.049  70.471 0.6250000000
48301  -5.106  -31.005  68.988 0.6250000000
47343  -5.177  -32.261  65.539 0.3750000000
47335  -5.792  -31.926  66.078 0.5000000000
128968  -8.641  -31.791  75.378 0.6250000000
47234  -8.525  -31.574  75.986 0.5000000000
47257  -9.405  -31.624  74.737 0.6250000000
43098  -11.527  -36.708  71.840 0.8750000000
43948  -12.405  -35.324  70.657 0.7500000000
46328  -7.843  -31.842  76.151 0.6250000000
45508  -8.426  -33.423  73.456 0.6250000000
122446  -8.763  -33.516  72.889 0.7500000000
37757  -14.302  -41.916  77.324 0.6250000000
37734  -14.390  -41.705  78.162 0.7500000000
46327  -7.105  -32.229  76.337 0.7500000000
119609  -7.321  -33.542  74.310 0.8750000000
45479  -7.094  -33.138  74.907 0.7500000000
45494  -8.040  -33.196  74.077 0.6250000000
45531  -9.447  -33.378  71.560 0.8750000000
44689  -6.832  -34.173  73.925 0.8750000000
43943  -7.429  -35.888  70.393 1.0000000000
121423  -24.067  -35.422  74.853 0.5000000000
47187  -6.176  -31.581  80.478 0.5000000000
47185  -4.477  -31.352  80.624 0.5000000000
47184  -3.895  -31.267  80.201 0.3750000000
47183  -3.511  -31.014  79.769 0.5000000000
46367  -33.802  -32.387  73.833 0.7500000000
125658  -4.002  -30.542  76.061 0.6250000000
49233  -5.173  -29.158  71.701 0.6250000000
106848  -5.782  -29.221  71.112 0.6250000000
49248  -6.643  -29.912  70.061 0.6250000000
38522  -14.486  -41.400  78.954 0.7500000000
38566  -14.969  -41.565  74.535 0.2500000000
39447  -15.589  -40.074  76.288 0.3750000000
43087  -19.365  -35.560  73.885 0.3750000000
125576  -22.486  -35.373  74.713 0.5000000000
38576  -15.250  -41.068  73.212 0.1250000000
39481  -15.452  -39.976  74.562 0.2500000000
127776  -4.682  -29.927  74.871 0.7500000000
46388  -33.395  -32.048  72.600 0.6250000000
49224  -6.185  -28.961  72.480 0.6250000000
48303  -6.972  -30.811  68.180 0.3750000000
40352  -15.865  -39.251  75.296 0.2500000000
42204  -17.746  -36.658  73.982 0.1250000000
41286  -16.055  -38.834  72.185 0.1250000000
42203  -17.208  -37.382  73.356 0.1250000000
48172  -3.287  -30.424  80.252 0.5000000000
48198  -3.368  -30.940  78.318 0.6250000000
126900  -3.125  -29.747  79.547 0.6250000000
48239  -34.937  -30.673  75.375 0.7500000000
49250  -8.293  -29.461  70.037 0.2500000000
48163  -3.922  -30.677  81.153 0.3750000000
121984  -2.896  -29.308  80.831 0.5000000000
120434  -3.391  -29.163  79.060 0.5000000000
49151  -4.652  -29.306  77.886 0.5000000000
49178  -5.321  -29.684  75.355 0.7500000000
49257  -8.608  -30.157  68.465 0.2500000000
49243  -8.758  -29.036  70.609 0.2500000000
107579  -8.946  -29.626  69.274 0.2500000000
49261  -9.673  -30.249  67.066 0.1250000000
49265  -9.887  -30.303  66.457 0.1250000000
48337  -10.110  -30.659  65.158 0.1250000000
50878  -9.827  -27.741  71.926 0.2500000000
115550  -3.871  -29.358  81.393 0.3750000000
117946  -6.629  -28.067  76.684 0.7500000000
50817  -5.757  -27.617  77.470 0.5000000000
49245  -31.971  -29.339  70.606 0.7500000000
50891  -10.752  -27.709  70.937 0.1250000000
50107  -10.965  -29.168  68.354 0.1250000000
50025  -37.598  -27.818  76.817 0.2500000000
110100  -37.058  -28.001  76.043 0.3750000000
51627  -4.139  -26.804  77.828 0.3750000000
51639  -7.389  -26.799  76.395 0.6250000000
51676  -10.754  -26.470  71.851 0.1250000000
50101  -11.393  -28.213  69.449 0.1250000000
118500  -10.910  -29.483  67.685 0.1250000000
50109  -12.441  -28.448  67.541 0.1250000000
117280  -37.858  -27.622  76.022 0.3750000000
50880  -10.935  -27.058  71.260 0.1250000000
123804  -10.261  -25.252  72.843 0.2500000000
50901  -12.187  -27.057  69.289 0.1250000000
52508  -6.370  -25.422  76.042 0.2500000000
52497  -5.421  -25.755  76.574 0.5000000000
53375  -6.984  -25.000  75.304 0.3750000000
51698  -13.034  -26.449  68.597 0.1250000000
52554  -13.369  -26.103  68.073 0.1250000000
51722  -32.227  -25.382  66.853 0.5000000000
51712  -34.853  -25.572  67.714 0.8750000000
112387  -36.495  -26.073  67.024 0.7500000000
51705  -37.612  -26.688  68.027 0.5000000000
109477  -35.716  -25.832  65.879 0.7500000000
123085  -36.502  -26.193  66.047 0.8750000000
127963  -39.556  -26.609  69.975 0.5000000000
50906  -38.624  -26.776  69.325 0.5000000000
50907  -39.266  -26.765  69.566 0.6250000000
54305  -8.039  -23.410  70.999 0.1250000000
52525  -41.272  -25.627  74.647 0.3750000000
126319  -38.146  -26.513  70.800 0.5000000000
50961  -39.836  -26.489  63.950 0.6250000000
111095  -43.653  -24.276  62.403 0.3750000000
56028  -44.001  -21.689  61.475 0.5000000000
56815  -42.798  -20.501  60.342 0.6250000000
56030  -45.567  -21.233  62.255 0.1250000000
109776  -45.712  -19.879  61.997 0.1250000000
57607  -46.739  -19.310  62.572 0.1250000000
61198  -48.888  -15.619  64.161 0.1250000000
62854  -49.636  -13.676  65.336 0.1250000000
33468  -8.509  -46.811  65.618 0.2500000000
34455  -8.888  -46.252  64.903 0.3750000000
36141  -6.889  -44.291  74.365 0.1250000000
36140  -6.313  -44.476  74.867 0.1250000000
36969  -6.447  -43.622  74.866 0.1250000000
36151  -7.480  -44.166  73.710 0.1250000000
35277  -7.323  -44.963  74.036 0.1250000000
35288  -7.787  -44.743  73.457 0.1250000000
35289  -8.226  -44.944  72.927 0.1250000000
36166  -8.555  -44.285  72.440 0.1250000000
35303  -8.810  -45.146  72.316 0.1250000000
37802  -7.019  -42.902  74.759 0.1250000000
36970  -7.225  -43.546  74.232 0.1250000000
36152  -8.018  -44.168  73.065 0.1250000000
37003  -8.536  -43.562  72.778 0.1250000000
123620  -9.024  -43.673  72.236 0.1250000000
36167  -9.260  -44.359  71.810 0.1250000000
36188  -9.995  -44.033  71.409 0.1250000000
35304  -9.843  -44.855  71.301 0.1250000000
35320  -10.476  -45.279  70.861 0.1250000000
34366  -11.210  -45.699  70.589 0.1250000000
37772  -6.028  -42.589  76.031 0.3750000000
37789  -6.471  -42.764  75.374 0.2500000000
108101  -7.641  -42.401  74.919 0.2500000000
37803  -7.662  -42.866  74.313 0.2500000000
37804  -8.495  -42.619  74.143 0.1250000000
37004  -9.290  -43.180  72.630 0.2500000000
37015  -9.847  -43.414  71.968 0.1250000000
36189  -10.566  -44.289  70.998 0.1250000000
35321  -11.288  -44.534  70.604 0.1250000000
35335  -12.098  -44.836  70.460 0.1250000000
35323  -13.011  -44.565  70.460 0.1250000000
35336  -12.442  -45.526  70.156 0.1250000000
34368  -12.500  -46.485  70.016 0.1250000000
35337  -13.459  -44.908  69.989 0.1250000000
35466  -5.168  -45.442  58.646 0.1250000000
124363  -8.218  -42.334  74.759 0.2500000000
36971  -9.539  -42.583  74.215 0.2500000000
119643  -9.834  -42.831  73.366 0.2500000000
123498  -10.121  -42.998  72.668 0.1250000000
36990  -11.783  -43.159  73.168 0.1250000000
37005  -10.895  -42.983  72.338 0.1250000000
37016  -10.733  -43.488  71.511 0.1250000000
113844  -12.185  -43.721  71.211 0.1250000000
122702  -13.684  -45.179  69.560 0.1250000000
36302  -5.238  -44.226  58.497 0.1250000000
37752  -7.327  -41.615  77.207 0.5000000000
37774  -8.625  -41.701  76.318 0.2500000000
37790  -7.289  -42.247  75.433 0.2500000000
36972  -10.567  -42.657  74.163 0.1250000000
36973  -11.593  -42.864  74.065 0.1250000000
36989  -10.838  -42.843  73.298 0.1250000000
36168  -11.802  -43.262  72.020 0.1250000000
122502  -12.602  -43.461  72.356 0.1250000000
36191  -12.930  -43.588  72.063 0.1250000000
36192  -13.441  -43.700  71.558 0.1250000000
37119  -4.616  -42.486  58.638 0.1250000000
37120  -5.235  -43.187  58.882 0.1250000000
109080  -4.621  -42.614  58.111 0.1250000000
37753  -8.430  -41.510  77.429 0.6250000000
107517  -9.199  -41.844  75.902 0.2500000000
37793  -10.161  -42.045  76.012 0.3750000000
37792  -9.193  -42.202  75.094 0.2500000000
36950  -10.271  -42.410  75.053 0.2500000000
36951  -11.264  -42.567  74.955 0.2500000000
36974  -12.454  -43.291  74.012 0.1250000000
36991  -12.555  -43.437  73.129 0.1250000000
109787  -13.009  -43.610  73.063 0.1250000000
46305  -32.334  -32.505  78.195 0.5000000000
124934  -13.455  -43.607  72.756 0.1250000000
47207  -32.689  -31.249  79.267 0.2500000000
36169  -14.058  -43.527  72.388 0.1250000000
45450  -32.622  -33.182  77.627 0.7500000000
46294  -33.132  -31.866  78.930 0.2500000000
120114  -9.020  -41.579  77.061 0.3750000000
37775  -9.637  -41.716  76.622 0.3750000000
122632  -10.936  -42.337  75.701 0.3750000000
111471  -12.186  -42.976  74.914 0.2500000000
36142  -13.002  -43.459  74.940 0.2500000000
36153  -13.034  -43.572  73.913 0.1250000000
36154  -13.461  -43.583  73.673 0.1250000000
48193  -32.296  -30.531  79.299 0.2500000000
47208  -33.237  -31.149  79.372 0.2500000000
45449  -31.981  -32.918  77.609 0.6250000000
126414  -31.950  -32.367  78.098 0.7500000000
43872  -32.021  -34.224  76.187 0.6250000000
45459  -33.779  -33.274  76.745 0.3750000000
127318  -33.574  -33.637  76.466 0.7500000000
121412  -9.383  -41.560  77.623 0.6250000000
36937  -11.175  -42.256  76.474 0.3750000000
36952  -11.732  -42.631  75.793 0.5000000000
49162  -30.581  -29.584  77.652 0.7500000000
49146  -30.944  -29.291  78.287 0.7500000000
36144  -13.966  -43.369  74.224 0.1250000000
48206  -31.185  -30.156  78.075 0.7500000000
49995  -31.437  -28.563  79.596 0.3750000000
49982  -32.243  -28.506  80.083 0.2500000000
49983  -32.842  -28.236  79.954 0.2500000000
36992  -14.351  -43.242  73.661 0.1250000000
37006  -14.504  -43.283  72.926 0.1250000000
46333  -31.439  -32.015  77.070 0.6250000000
128752  -31.713  -30.018  79.034 0.6250000000
49118  -31.832  -28.983  79.792 0.3750000000
120252  -31.965  -28.580  80.066 0.2500000000
49120  -32.585  -29.149  79.854 0.2500000000
48183  -32.969  -29.860  79.666 0.2500000000
46319  -31.640  -31.805  77.845 0.7500000000
124150  -31.810  -31.564  78.266 0.7500000000
49119  -32.133  -29.172  79.851 0.2500000000
48182  -32.410  -29.854  79.589 0.2500000000
48194  -32.773  -30.567  79.524 0.2500000000
113660  -33.288  -30.480  79.518 0.2500000000
115640  -31.959  -33.483  76.894 0.6250000000
47219  -33.925  -31.450  78.648 0.2500000000
43046  -32.072  -34.630  75.645 0.6250000000
46321  -33.954  -32.632  77.385 0.3750000000
45460  -34.107  -32.950  76.352 0.3750000000
110799  -33.675  -33.593  76.276 0.5000000000
44665  -33.827  -34.021  74.917 0.7500000000
45485  -33.600  -33.552  74.985 0.6250000000
42115  -12.906  -38.190  79.093 0.8750000000
110516  -16.831  -38.640  79.016 0.6250000000
40315  -16.232  -39.364  78.625 0.6250000000
41227  -17.312  -38.260  78.331 0.5000000000
36919  -12.393  -42.642  77.391 0.6250000000
36921  -13.541  -42.653  77.255 0.6250000000
41228  -18.236  -37.751  79.233 0.3750000000
36938  -12.099  -42.671  76.652 0.6250000000
36953  -12.616  -43.084  75.868 0.5000000000
36122  -13.194  -43.199  75.936 0.6250000000
40326  -16.695  -38.725  78.081 0.3750000000
127246  -13.509  -42.982  75.965 0.5000000000
36132  -13.466  -43.227  75.289 0.1250000000
36143  -13.454  -43.455  74.496 0.1250000000
36975  -14.428  -42.892  74.307 0.1250000000
45484  -30.960  -33.916  75.467 0.6250000000
114157  -31.113  -32.239  76.035 0.6250000000
50811  -30.303  -27.714  79.032 0.3750000000
49994  -30.873  -28.122  79.339 0.5000000000
44664  -31.026  -34.222  75.670 0.6250000000
114922  -31.394  -32.915  76.761 0.6250000000
50792  -30.986  -26.965  79.933 0.5000000000
50793  -31.599  -27.232  80.075 0.5000000000
49121  -33.286  -29.119  79.750 0.2500000000
36993  -14.737  -42.941  73.412 0.1250000000
43887  -31.003  -34.369  75.214 0.5000000000
44656  -31.256  -34.093  76.034 0.5000000000
45457  -31.640  -33.584  76.513 0.5000000000
48195  -33.823  -29.862  79.455 0.2500000000
49133  -34.052  -29.108  79.537 0.2500000000
43060  -31.170  -34.890  74.623 0.5000000000
43880  -31.496  -34.059  75.900 0.6250000000
123965  -34.565  -30.788  78.600 0.2500000000
114592  -34.690  -30.194  78.941 0.2500000000
45486  -34.064  -32.867  75.363 0.6250000000
45503  -33.943  -32.748  74.768 0.6250000000
124006  -33.568  -33.353  73.936 0.6250000000
43024  -13.541  -37.386  78.282 0.8750000000
42125  -11.856  -37.617  77.924 0.8750000000
42126  -12.685  -37.632  78.433 0.8750000000
42127  -13.461  -37.703  78.887 0.7500000000
110201  -13.763  -37.863  79.732 0.7500000000
42105  -14.185  -38.126  80.764 0.7500000000
41212  -13.428  -38.416  80.147 0.7500000000
41200  -13.706  -38.781  80.940 0.7500000000
41201  -14.434  -38.748  81.307 0.7500000000
39390  -14.185  -39.942  81.069 0.7500000000
122083  -14.512  -40.759  80.109 0.6250000000
38513  -13.911  -40.928  80.057 0.5000000000
38515  -14.864  -40.805  79.796 0.7500000000
118727  -15.059  -40.940  79.135 0.6250000000
39405  -15.910  -39.977  79.989 0.7500000000
40310  -16.305  -39.380  79.476 0.7500000000
38530  -14.805  -41.197  78.623 0.6250000000
125279  -15.216  -40.754  79.045 0.6250000000
39416  -15.173  -40.687  78.326 0.5000000000
113671  -15.704  -40.003  78.145 0.5000000000
122352  -15.356  -40.430  77.793 0.5000000000
40325  -16.175  -39.375  77.664 0.3750000000
115122  -17.922  -37.895  78.436 0.3750000000
36940  -13.334  -42.989  76.661 0.6250000000
38549  -14.689  -41.373  76.982 0.5000000000
39434  -15.610  -40.129  77.226 0.5000000000
121061  -16.075  -39.418  76.737 0.2500000000
49190  -29.582  -29.537  75.685 0.6250000000
36954  -13.761  -42.969  75.537 0.2500000000
38558  -15.280  -40.720  75.927 0.2500000000
41233  -17.697  -37.980  77.753 0.3750000000
40341  -15.962  -39.385  75.962 0.2500000000
46353  -30.297  -32.484  74.196 0.7500000000
36955  -14.050  -43.011  74.969 0.1250000000
123890  -30.320  -33.891  73.995 0.5000000000
47265  -30.412  -31.961  75.100 0.6250000000
111295  -30.325  -34.813  73.653 0.5000000000
44677  -30.774  -34.423  74.643 0.6250000000
49996  -34.728  -28.636  79.394 0.2500000000
43059  -30.790  -35.280  73.979 0.5000000000
49134  -34.795  -29.462  79.206 0.2500000000
121464  -33.782  -32.754  74.273 0.6250000000
45537  -33.272  -33.328  72.800 0.6250000000
43023  -12.677  -37.409  77.903 0.8750000000
121770  -12.520  -37.298  76.822 0.7500000000
42116  -14.161  -37.489  79.122 0.8750000000
42117  -14.495  -37.551  80.105 0.7500000000
43011  -15.200  -37.215  80.309 0.7500000000
43012  -15.857  -36.742  80.507 0.6250000000
43054  -12.058  -37.303  75.246 0.7500000000
43041  -12.428  -37.237  76.093 0.7500000000
43042  -13.191  -37.005  76.677 0.7500000000
110815  -13.986  -36.938  77.116 0.8750000000
43034  -14.653  -36.717  77.724 0.8750000000
43025  -14.492  -37.122  78.451 0.8750000000
42106  -14.881  -37.791  80.858 0.7500000000
42107  -15.466  -37.571  81.080 0.7500000000
107350  -15.408  -38.287  81.393 0.7500000000
41195  -16.496  -38.268  81.509 0.7500000000
122594  -17.010  -38.586  80.930 0.7500000000
116031  -17.485  -38.427  80.073 0.7500000000
42182  -10.578  -36.913  74.282 0.6250000000
43055  -12.884  -36.868  75.459 0.7500000000
40296  -14.681  -39.320  81.350 0.7500000000
40297  -15.243  -39.287  81.368 0.7500000000
40289  -16.083  -38.713  81.368 0.7500000000
40299  -16.288  -38.966  80.941 0.6250000000
107464  -17.632  -38.314  80.878 0.6250000000
39400  -14.920  -40.333  80.531 0.6250000000
110630  -15.411  -40.215  80.317 0.6250000000
39401  -15.838  -39.610  80.655 0.7500000000
40306  -16.869  -38.716  80.469 0.7500000000
39404  -15.368  -40.522  79.656 0.7500000000
107915  -17.572  -38.165  79.057 0.6250000000
38550  -15.167  -40.770  76.634 0.5000000000
41243  -17.771  -37.739  76.887 0.2500000000
48251  -29.128  -30.200  73.759 0.6250000000
49205  -29.305  -29.836  74.745 0.6250000000
42148  -18.315  -37.129  76.910 0.3750000000
41254  -17.639  -37.636  75.999 0.1250000000
111948  -14.620  -42.252  74.804 0.1250000000
123920  -30.084  -32.939  73.546 0.6250000000
44675  -29.379  -34.886  73.193 0.5000000000
43896  -29.513  -35.043  73.167 0.5000000000
118450  -35.406  -29.772  78.649 0.2500000000
48197  -36.005  -29.635  78.090 0.2500000000
48208  -35.753  -30.110  77.413 0.2500000000
43859  -15.309  -36.415  78.601 0.7500000000
43017  -14.911  -37.090  79.367 0.7500000000
43018  -15.617  -36.536  79.648 0.7500000000
42092  -18.494  -36.888  81.969 0.7500000000
42099  -19.391  -37.139  81.481 0.6250000000
42108  -19.518  -37.323  80.968 0.5000000000
43056  -13.210  -36.812  76.096 0.7500000000
43868  -13.877  -36.647  76.422 0.7500000000
43863  -15.318  -36.030  77.624 0.7500000000
43864  -15.970  -35.569  78.240 0.6250000000
43854  -16.335  -35.997  79.935 0.6250000000
43006  -16.790  -36.517  81.204 0.6250000000
41196  -17.073  -37.721  81.689 0.7500000000
42118  -19.486  -37.211  80.375 0.3750000000
112723  -11.979  -36.706  73.366 0.6250000000
125823  -12.550  -36.927  74.758 0.6250000000
114779  -13.930  -35.876  74.965 0.7500000000
43884  -13.718  -36.379  75.647 0.6250000000
43875  -15.057  -35.690  76.113 0.6250000000
123088  -16.573  -35.257  78.676 0.6250000000
43860  -16.139  -35.832  79.092 0.7500000000
41222  -17.331  -38.414  79.502 0.6250000000
41224  -18.626  -37.652  80.002 0.3750000000
43071  -12.603  -36.659  74.004 0.6250000000
43892  -13.283  -36.412  74.697 0.6250000000
43894  -14.613  -35.407  74.598 0.5000000000
43885  -14.479  -35.825  75.457 0.6250000000
112492  -15.475  -34.994  75.828 0.6250000000
44653  -15.670  -35.098  76.535 0.5000000000
44646  -15.865  -35.275  77.380 0.6250000000
44647  -16.572  -34.834  77.901 0.6250000000
111792  -18.977  -37.117  79.460 0.3750000000
43917  -13.014  -35.830  72.733 0.6250000000
43906  -13.668  -35.493  73.279 0.3750000000
44671  -14.981  -34.657  74.066 0.3750000000
44672  -15.476  -34.218  74.513 0.3750000000
44660  -15.592  -34.620  75.209 0.3750000000
43930  -12.825  -35.499  71.546 0.6250000000
43918  -13.472  -35.184  72.333 0.5000000000
44691  -14.038  -34.822  72.874 0.3750000000
44670  -14.377  -35.142  73.701 0.3750000000
42128  -18.485  -37.167  78.524 0.5000000000
115900  -18.263  -37.101  76.206 0.2500000000
48264  -29.009  -30.669  72.890 0.3750000000
41264  -17.518  -37.500  75.396 0.1250000000
42164  -18.129  -36.994  75.553 0.1250000000
43058  -26.334  -35.059  73.704 0.5000000000
110859  -28.104  -34.619  73.107 0.5000000000
49163  -36.350  -29.228  77.317 0.2500000000
48216  -35.864  -29.879  76.814 0.3750000000
44009  -4.325  -35.341  63.787 0.5000000000
112657  -18.117  -34.830  81.229 0.5000000000
43000  -18.348  -36.255  82.047 0.6250000000
42098  -18.602  -37.385  81.638 0.7500000000
43861  -16.851  -35.321  79.425 0.6250000000
128314  -17.345  -35.231  80.433 0.6250000000
42999  -17.719  -36.360  81.753 0.6250000000
43008  -20.540  -36.238  81.778 0.5000000000
42101  -20.661  -36.465  81.285 0.5000000000
45480  -16.143  -33.962  75.083 0.3750000000
45466  -16.059  -34.462  75.958 0.5000000000
45455  -16.928  -34.227  77.222 0.6250000000
107653  -19.912  -36.694  79.697 0.2500000000
45534  -12.088  -33.639  70.601 0.5000000000
119894  -12.897  -34.046  70.683 0.5000000000
121718  -13.403  -34.267  70.979 0.5000000000
45536  -14.466  -33.477  71.647 0.3750000000
44708  -14.436  -34.263  72.287 0.3750000000
45495  -15.197  -33.854  73.768 0.3750000000
45496  -15.750  -33.464  74.258 0.3750000000
106724  -19.469  -36.498  78.545 0.3750000000
45547  -11.576  -33.990  70.344 0.5000000000
44729  -12.226  -34.630  70.367 0.5000000000
44717  -12.919  -34.774  70.825 0.6250000000
43931  -13.434  -34.775  71.485 0.6250000000
44707  -13.908  -34.687  72.059 0.3750000000
44692  -14.681  -34.379  73.292 0.3750000000
42138  -18.099  -37.462  77.662 0.5000000000
42140  -19.645  -36.048  77.356 0.3750000000
42141  -20.733  -35.606  77.248 0.3750000000
107128  -21.640  -35.272  77.447 0.3750000000
42143  -23.379  -35.445  77.149 0.3750000000
119121  -25.009  -33.940  77.382 0.5000000000
42149  -18.838  -36.195  76.520 0.3750000000
42150  -20.163  -35.622  76.268 0.3750000000
42151  -21.462  -35.362  76.454 0.3750000000
42152  -22.485  -35.312  76.743 0.3750000000
42144  -24.181  -35.562  76.454 0.3750000000
44661  -25.369  -34.353  75.885 0.5000000000
42153  -23.503  -35.512  75.961 0.3750000000
43043  -24.725  -35.405  76.230 0.3750000000
45483  -25.996  -34.243  75.115 0.5000000000
46375  -26.638  -32.231  72.706 0.5000000000
46363  -26.835  -32.949  73.067 0.5000000000
113787  -27.981  -31.087  72.320 0.3750000000
42184  -17.808  -36.935  74.877 0.1250000000
46376  -27.536  -32.358  72.590 0.6250000000
46449  -4.261  -33.059  64.758 0.5000000000
44637  -17.760  -34.662  79.818 0.6250000000
43856  -17.672  -34.979  80.651 0.6250000000
43850  -17.808  -35.237  81.327 0.5000000000
43843  -18.872  -35.534  82.232 0.6250000000
44642  -17.542  -34.508  78.833 0.6250000000
106602  -17.314  -34.889  79.364 0.6250000000
45467  -16.732  -33.996  76.299 0.5000000000
44641  -17.045  -34.861  78.701 0.6250000000
115499  -12.652  -33.076  70.845 0.5000000000
47293  -13.834  -32.080  71.431 0.3750000000
46386  -14.038  -32.849  71.181 0.3750000000
46374  -14.897  -32.183  72.058 0.3750000000
46361  -15.794  -32.299  73.227 0.3750000000
46350  -15.994  -32.771  73.897 0.3750000000
45497  -16.423  -32.974  74.730 0.3750000000
127903  -16.446  -34.006  75.727 0.5000000000
46384  -11.167  -32.449  71.594 0.5000000000
121934  -11.807  -32.813  71.036 0.5000000000
115816  -14.910  -32.931  72.092 0.3750000000
45510  -15.493  -33.087  73.445 0.3750000000
45533  -11.159  -33.136  70.831 0.5000000000
45532  -10.238  -33.174  71.096 0.5000000000
46383  -10.564  -32.720  71.535 0.5000000000
42165  -18.748  -36.310  75.659 0.3750000000
125293  -20.149  -35.584  75.394 0.3750000000
42167  -21.247  -35.400  75.390 0.3750000000
42168  -22.451  -35.431  75.705 0.3750000000
45518  -9.231  -33.128  72.478 0.5000000000
42185  -18.723  -36.288  75.026 0.2500000000
42166  -19.419  -35.822  75.733 0.3750000000
106527  -20.527  -35.469  74.883 0.3750000000
42154  -24.443  -35.529  75.682 0.3750000000
43072  -19.516  -35.698  74.476 0.3750000000
47334  -4.802  -31.999  66.456 0.5000000000
47342  -4.344  -32.417  65.915 0.5000000000
47333  -4.101  -32.026  66.793 0.5000000000
49246  -32.403  -29.666  71.224 0.6250000000
46315  -17.762  -33.381  77.051 0.3750000000
45446  -17.835  -33.848  78.037 0.6250000000
47237  -17.885  -32.033  75.992 0.3750000000
45468  -17.250  -33.670  76.714 0.3750000000
46341  -16.930  -32.904  75.396 0.3750000000
46329  -17.113  -33.304  75.981 0.3750000000
121208  -17.368  -33.917  77.420 0.6250000000
45445  -17.204  -34.364  78.028 0.6250000000
46385  -13.234  -32.507  71.137 0.3750000000
128838  -14.352  -31.878  71.748 0.3750000000
46373  -12.087  -32.068  71.604 0.5000000000
48271  -12.852  -30.974  72.508 0.3750000000
48258  -14.399  -30.040  72.764 0.3750000000
46360  -11.062  -31.955  72.442 0.5000000000
47269  -10.422  -31.460  73.760 0.5000000000
46372  -10.429  -32.406  72.314 0.5000000000
46359  -10.230  -32.062  73.211 0.5000000000
46371  -9.695  -32.620  72.850 0.5000000000
43103  -21.973  -34.573  73.235 0.3750000000
50097  -32.366  -28.260  70.501 0.6250000000
50102  -31.695  -28.874  69.883 0.6250000000
48222  -17.920  -31.049  75.934 0.3750000000
47248  -17.099  -32.116  74.879 0.3750000000
114622  -15.891  -31.392  73.120 0.3750000000
46362  -16.519  -32.049  73.856 0.3750000000
47270  -11.156  -31.100  73.501 0.5000000000
48257  -12.469  -30.305  73.414 0.3750000000
50903  -32.914  -27.127  70.204 0.7500000000
50883  -33.783  -27.695  71.642 0.5000000000
50913  -31.948  -27.223  68.912 0.5000000000
50893  -33.222  -27.623  71.046 0.7500000000
47246  -9.839  -31.060  75.308 0.5000000000
51689  -32.667  -26.727  69.393 0.6250000000
51700  -32.506  -26.316  68.565 0.6250000000
51701  -33.323  -26.114  68.928 0.7500000000
51710  -32.402  -25.829  67.719 0.6250000000
52566  -33.051  -24.876  66.235 0.3750000000
52571  -32.862  -24.869  65.324 0.2500000000
52567  -34.129  -25.335  66.403 0.5000000000
118021  -33.692  -25.035  64.761 0.3750000000
124244  -33.456  -24.839  64.182 0.2500000000
52589  -34.165  -24.849  63.493 0.1250000000
52572  -33.907  -25.209  65.512 0.3750000000
52573  -34.881  -25.576  65.711 0.5000000000
51731  -35.457  -25.773  65.065 0.5000000000
123016  -36.114  -26.088  65.246 0.7500000000
120455  -34.646  -25.436  64.894 0.3750000000
112501  -35.933  -26.101  64.482 0.5000000000
51741  -35.808  -26.082  63.748 0.6250000000
52580  -34.441  -25.193  64.198 0.3750000000
51753  -35.707  -26.005  63.048 0.6250000000
52600  -34.968  -25.386  62.882 0.2500000000
129177  -36.549  -26.292  65.334 0.7500000000
51742  -36.469  -26.379  63.940 0.7500000000
51763  -35.606  -25.907  62.302 0.2500000000
51773  -36.266  -26.251  61.720 0.2500000000
51776  -38.914  -26.267  61.649 0.5000000000
51791  -39.360  -25.965  61.214 0.6250000000
50981  -37.728  -26.347  61.054 0.6250000000
51789  -38.091  -26.174  60.870 0.5000000000
51790  -38.602  -26.106  61.056 0.6250000000
50932  -38.358  -27.100  66.940 0.5000000000
51725  -37.688  -26.862  66.271 0.6250000000
51732  -36.538  -26.330  64.740 0.7500000000
50940  -38.098  -27.009  65.415 0.7500000000
50941  -38.961  -26.831  65.686 0.6250000000
50949  -37.800  -26.675  64.530 0.7500000000
51754  -36.400  -26.382  63.193 0.6250000000
51756  -37.593  -26.564  63.835 0.7500000000
51755  -37.100  -26.572  63.389 0.7500000000
51774  -36.894  -26.488  61.933 0.5000000000
51765  -36.953  -26.546  62.626 0.5000000000
50957  -37.506  -26.595  62.743 0.7500000000
51766  -39.232  -26.391  62.349 0.5000000000
50965  -37.413  -26.567  62.085 0.5000000000
50974  -37.782  -26.496  61.631 0.5000000000
50975  -38.147  -26.511  61.807 0.5000000000
50976  -38.601  -26.467  62.035 0.6250000000
51787  -36.828  -26.428  61.194 0.3750000000
50973  -37.362  -26.485  61.438 0.3750000000
50982  -38.025  -26.361  61.332 0.5000000000
51775  -38.357  -26.312  61.431 0.5000000000
50980  -37.258  -26.440  60.738 0.3750000000
56825  -41.712  -20.304  59.885 0.5000000000
112847  -38.528  -26.719  64.726 0.6250000000
126021  -37.683  -26.585  63.323 0.7500000000
50959  -38.548  -26.596  63.265 0.7500000000
50958  -38.008  -26.601  62.952 0.7500000000
50966  -37.862  -26.599  62.242 0.5000000000
50967  -38.318  -26.573  62.473 0.6250000000
54413  -44.440  -23.167  62.452 0.2500000000
57625  -41.865  -19.465  59.555 0.6250000000
56826  -42.297  -19.962  60.017 0.5000000000
57639  -42.216  -18.831  59.398 0.7500000000
63733  -47.087  -11.674  59.788 0.5000000000
64569  -48.142  -11.185  60.146 0.6250000000
64571  -49.621  -10.582  61.227 0.3750000000
65360  -49.896  -10.257  61.463 0.2500000000
64570  -49.136  -10.848  60.800 0.6250000000
65368  -49.579  -10.354  60.428 0.5000000000
65369  -49.958  -10.068  60.712 0.3750000000
65370  -50.220  -9.773  60.860 0.3750000000
66152  -50.309  -9.609  61.321 0.1250000000
116099  -50.580  -8.636  61.128 0.1250000000
58486  -42.691  -18.594  59.516 0.6250000000
58500  -41.833  -17.849  58.443 0.3750000000
58487  -42.838  -18.077  59.239 0.3750000000
62097  -45.737  -13.830  60.097 0.5000000000
62905  -46.025  -12.967  59.773 0.3750000000
63727  -46.683  -12.445  60.207 0.5000000000
63728  -47.493  -11.882  60.714 0.6250000000
63729  -48.492  -11.462  61.196 0.6250000000
64557  -49.883  -10.570  62.054 0.2500000000
119407  -50.021  -10.103  61.685 0.1250000000
36918  -11.486  -42.294  77.300 0.5000000000
46354  -30.753  -32.918  75.193 0.6250000000
49147  -31.407  -29.747  78.729 0.6250000000
125746  -28.452  -34.866  73.081 0.5000000000
108327  -28.935  -33.610  72.968 0.5000000000
46304  -31.814  -32.241  77.992 0.6250000000
48181  -31.974  -29.810  79.447 0.2500000000
45615  -4.037  -33.559  64.593 0.5000000000
45631  -4.334  -33.772  64.257 0.5000000000
110554  -11.638  -37.567  76.557 0.8750000000
42163  -11.083  -37.347  75.053 0.8750000000
43053  -11.464  -37.547  75.781 0.7500000000
43033  -12.191  -37.474  77.308 0.8750000000
36939  -12.889  -43.110  76.739 0.6250000000
36941  -13.732  -42.696  76.422 0.5000000000
36133  -13.754  -43.232  74.900 0.2500000000
43074  -27.134  -35.061  73.144 0.5000000000
46308  -34.320  -31.902  77.697 0.3750000000
45471  -33.608  -33.756  75.735 0.6250000000
39399  -14.420  -40.420  80.581 0.6250000000
46349  -9.725  -31.834  74.002 0.5000000000
46358  -9.396  -32.423  73.597 0.5000000000
45499  -26.136  -33.879  74.149 0.5000000000
44655  -25.283  -34.692  75.858 0.5000000000
46396  -33.142  -32.694  72.291 0.6250000000
48196  -35.333  -30.380  78.146 0.1250000000
42186  -19.603  -35.781  75.032 0.3750000000
56050  -41.446  -21.112  60.135 0.5000000000
47287  -27.217  -31.495  72.327 0.6250000000
47258  -10.050  -31.250  74.487 0.5000000000
45519  -9.896  -32.820  71.976 0.5000000000
126274  -37.066  -26.470  66.124 0.6250000000
36987  -7.920  -43.366  73.533 0.1250000000
36988  -8.825  -42.909  73.320 0.2500000000
34353  -11.204  -46.776  70.821 0.1250000000
107924  -6.905  -42.061  76.067 0.3750000000
36190  -11.327  -43.729  71.086 0.1250000000
34367  -11.871  -46.169  70.423 0.1250000000
35322  -12.754  -43.922  71.055 0.1250000000
108322  -12.861  -45.488  69.920 0.1250000000
37773  -7.783  -41.656  76.735 0.3750000000
36155  -14.000  -43.511  73.328 0.1250000000
46307  -33.585  -32.337  78.157 0.2500000000
50010  -30.656  -28.477  78.639 0.3750000000
49131  -31.220  -28.933  78.955 0.3750000000
50802  -31.177  -27.717  79.826 0.5000000000
49132  -31.618  -29.395  79.303 0.2500000000
49981  -31.676  -28.175  80.006 0.5000000000
108605  -31.950  -27.913  80.174 0.5000000000
47209  -33.891  -30.705  79.206 0.2500000000
46320  -31.745  -32.837  77.269 0.6250000000
42173  -31.571  -35.305  74.323 0.5000000000
40311  -16.825  -38.786  79.770 0.7500000000
118884  -31.118  -33.292  75.782 0.6250000000
50801  -30.586  -27.335  79.576 0.3750000000
45470  -31.354  -33.747  76.203 0.6250000000
51602  -31.478  -26.460  80.014 0.3750000000
51603  -32.018  -26.428  80.019 0.5000000000
43045  -31.523  -34.397  75.582 0.5000000000
42172  -31.194  -35.571  74.001 0.3750000000
124255  -14.011  -37.162  77.772 0.8750000000
42095  -14.859  -38.288  81.264 0.7500000000
39391  -14.838  -39.871  81.101 0.6250000000
39417  -15.732  -40.150  79.102 0.6250000000
45501  -30.493  -33.543  74.334 0.6250000000
44676  -30.266  -34.621  73.714 0.5000000000
107083  -13.151  -37.207  77.428 0.7500000000
43013  -16.554  -36.208  80.645 0.6250000000
43005  -16.105  -37.033  81.151 0.6250000000
43869  -14.732  -36.391  76.824 0.6250000000
41202  -15.080  -38.792  81.464 0.7500000000
42096  -15.926  -37.881  81.472 0.7500000000
114933  -15.751  -38.384  81.458 0.7500000000
42091  -16.465  -37.838  81.602 0.7500000000
42998  -17.032  -36.978  81.630 0.7500000000
40290  -16.524  -38.552  81.308 0.7500000000
42097  -17.803  -37.548  81.671 0.7500000000
110380  -17.985  -37.919  81.368 0.7500000000
41213  -18.246  -38.024  80.378 0.5000000000
39392  -15.357  -39.780  80.947 0.6250000000
41214  -18.910  -37.552  80.578 0.5000000000
106526  -14.390  -36.235  76.093 0.6250000000
43876  -15.351  -35.738  76.895 0.6250000000
43855  -16.955  -35.519  80.214 0.6250000000
43007  -17.432  -35.994  81.434 0.6250000000
43849  -17.228  -35.605  80.849 0.6250000000
42110  -20.749  -36.536  80.774 0.5000000000
43085  -12.616  -36.333  73.236 0.6250000000
43905  -13.234  -36.173  73.660 0.6250000000
43893  -13.939  -35.840  74.144 0.3750000000
44659  -15.098  -35.265  75.287 0.6250000000
117568  -15.208  -34.840  74.649 0.3750000000
44654  -16.318  -34.597  76.910 0.5000000000
44718  -13.958  -34.215  71.475 0.3750000000
43851  -18.319  -35.058  81.778 0.5000000000
44632  -17.339  -35.061  79.997 0.6250000000
45535  -13.628  -33.533  70.981 0.5000000000
45520  -15.003  -33.560  72.712 0.3750000000
122899  -21.042  -35.605  78.031 0.3750000000
43035  -23.612  -35.389  77.878 0.3750000000
43870  -24.471  -34.958  77.636 0.3750000000
43036  -24.246  -35.406  77.101 0.3750000000
43871  -24.760  -34.588  77.077 0.3750000000
114480  -25.164  -34.009  76.779 0.5000000000
43037  -24.741  -35.104  76.570 0.3750000000
127951  -25.442  -33.149  75.534 0.5000000000
125249  -26.194  -32.613  73.299 0.5000000000
45498  -25.715  -33.207  74.687 0.5000000000
45440  -18.142  -34.159  79.083 0.6250000000
45441  -18.741  -33.789  79.379 0.6250000000
45521  -15.272  -32.641  72.658 0.3750000000
46316  -18.497  -33.000  77.370 0.5000000000
46330  -17.602  -32.954  76.295 0.3750000000
46342  -17.361  -32.508  75.676 0.3750000000
123355  -12.431  -31.510  72.086 0.5000000000
47281  -11.744  -31.407  72.644 0.5000000000
113874  -10.903  -31.615  73.146 0.5000000000
47259  -10.716  -30.865  74.231 0.5000000000
47249  -17.619  -31.602  75.460 0.3750000000
52581  -35.261  -25.681  64.311 0.5000000000
52590  -35.094  -25.527  63.616 0.5000000000
52599  -34.171  -24.946  62.620 0.2500000000
51764  -36.333  -26.332  62.483 0.3750000000
51733  -37.167  -26.534  65.334 0.7500000000
51743  -37.110  -26.531  64.263 0.7500000000
124129  -38.455  -27.100  66.170 0.6250000000
107526  -38.155  -26.579  63.810 0.7500000000
57626  -42.519  -19.208  59.775 0.6250000000
57627  -43.164  -18.874  59.972 0.7500000000
58501  -42.311  -18.291  59.064 0.6250000000
108827  -48.943  -10.660  60.053 0.6250000000
66931  -50.514  -9.274  61.130 0.1250000000
65381  -49.962  -9.982  59.948 0.3750000000
64556  -49.738  -10.985  62.087 0.1250000000
49236  -25.579  -29.398  71.684 0.2500000000
49215  -22.982  -29.890  73.459 0.2500000000
50077  -23.968  -28.862  71.712 0.2500000000
50076  -23.121  -28.574  71.910 0.2500000000
49216  -27.904  -29.035  72.991 0.2500000000
50068  -28.251  -28.859  73.625 0.3750000000
50079  -26.480  -28.544  72.209 0.2500000000
50080  -27.216  -28.822  72.661 0.2500000000
49160  -23.148  -30.045  77.332 0.3750000000
49203  -22.896  -29.948  74.630 0.2500000000
123025  -24.807  -29.151  71.656 0.1250000000
50089  -25.358  -28.676  71.676 0.2500000000
50078  -25.855  -28.348  71.887 0.2500000000
49217  -28.500  -29.683  73.104 0.3750000000
49202  -22.424  -29.494  74.085 0.2500000000
50088  -24.546  -28.295  71.601 0.1250000000
50869  -25.188  -27.789  71.883 0.1250000000
49214  -22.513  -29.077  72.838 0.2500000000
51671  -24.194  -26.573  71.786 0.2500000000
50868  -24.813  -26.895  72.105 0.2500000000
50064  -21.573  -28.285  73.265 0.2500000000
50867  -22.280  -27.462  71.879 0.2500000000
51678  -22.693  -26.946  71.549 0.2500000000
52538  -23.747  -26.035  71.900 0.2500000000
52536  -21.642  -25.845  72.139 0.2500000000
53421  -22.084  -24.941  72.390 0.2500000000
53406  -21.087  -24.966  72.499 0.2500000000
53407  -21.710  -24.171  72.719 0.2500000000
42193  -30.306  -35.951  73.117 0.2500000000
50066  -26.853  -28.125  72.932 0.2500000000
50067  -27.572  -28.453  73.349 0.2500000000
108918  -28.536  -28.686  74.358 0.2500000000
49204  -28.795  -29.352  74.083 0.5000000000
49188  -22.893  -29.913  75.567 0.2500000000
50856  -26.549  -27.430  73.347 0.2500000000
50857  -27.224  -27.776  73.751 0.2500000000
50047  -22.204  -29.073  75.546 0.2500000000
50056  -22.034  -29.049  74.618 0.2500000000
51673  -25.438  -27.204  72.483 0.3750000000
50046  -21.718  -28.652  75.048 0.2500000000
50065  -21.926  -28.865  73.618 0.2500000000
52531  -25.132  -25.674  73.357 0.2500000000
50844  -20.750  -27.703  74.190 0.2500000000
50855  -21.107  -27.756  73.322 0.2500000000
50866  -21.073  -27.059  72.646 0.2500000000
52537  -22.501  -25.643  72.016 0.2500000000
53409  -23.653  -24.632  73.184 0.2500000000
52530  -24.432  -25.168  73.133 0.2500000000
50854  -20.548  -27.070  73.398 0.2500000000
51669  -20.632  -26.393  72.838 0.2500000000
52535  -20.946  -25.831  72.491 0.2500000000
53408  -22.670  -24.208  72.978 0.2500000000
54281  -22.623  -23.641  73.781 0.2500000000
54264  -23.330  -23.724  74.641 0.2500000000
42194  -30.801  -36.142  73.429 0.2500000000
51662  -20.022  -26.255  73.541 0.2500000000
54279  -20.597  -23.724  73.280 0.2500000000
54263  -21.004  -23.067  73.729 0.2500000000
107816  -21.850  -23.282  73.838 0.2500000000
115172  -22.478  -23.187  74.653 0.2500000000
41278  -29.898  -36.371  72.284 0.2500000000
54262  -20.155  -23.251  73.755 0.2500000000
55095  -21.524  -22.714  74.641 0.2500000000
55082  -21.652  -22.194  75.717 0.2500000000
55893  -20.708  -21.849  75.916 0.2500000000
55883  -20.988  -21.226  76.896 0.1250000000
50057  -27.982  -28.141  74.200 0.2500000000
49189  -29.030  -28.951  75.060 0.5000000000
48179  -23.594  -30.449  80.240 0.2500000000
51664  -25.901  -27.020  73.136 0.3750000000
50845  -26.947  -27.048  74.089 0.3750000000
49145  -23.047  -29.579  79.032 0.2500000000
49159  -22.704  -29.515  76.970 0.2500000000
50022  -22.396  -28.885  77.477 0.2500000000
50033  -21.718  -28.554  75.856 0.2500000000
52521  -24.812  -25.045  74.006 0.2500000000
50826  -21.113  -27.929  76.023 0.2500000000
53393  -24.418  -24.538  74.568 0.2500000000
51648  -19.888  -26.853  75.197 0.2500000000
50843  -20.159  -27.030  74.248 0.2500000000
128769  -19.034  -25.506  74.585 0.2500000000
52527  -19.751  -25.336  73.419 0.2500000000
55093  -19.576  -22.877  74.294 0.2500000000
54245  -22.396  -22.663  75.533 0.2500000000
55083  -23.030  -22.640  76.255 0.1250000000
121320  -23.152  -23.136  75.566 0.2500000000
54261  -19.374  -23.685  73.852 0.2500000000
55081  -19.977  -22.241  74.935 0.2500000000
55070  -21.854  -21.646  76.789 0.1250000000
127502  -22.341  -21.470  77.551 0.1250000000
55071  -22.722  -21.784  77.372 0.1250000000
122872  -20.150  -21.389  76.299 0.1250000000
55871  -21.908  -21.117  77.730 0.1250000000
43239  -4.633  -36.319  62.870 0.1250000000
43240  -5.052  -36.407  62.371 0.1250000000
43845  -20.664  -35.474  82.361 0.5000000000
45428  -22.624  -34.043  81.787 0.5000000000
50847  -28.156  -27.651  74.923 0.3750000000
47182  -23.708  -31.965  81.212 0.3750000000
50846  -27.577  -27.374  74.531 0.3750000000
51663  -25.901  -26.181  73.742 0.3750000000
50008  -22.751  -29.070  78.939 0.2500000000
53394  -25.068  -24.746  74.915 0.2500000000
50819  -22.042  -28.243  77.954 0.2500000000
53378  -24.602  -24.181  75.448 0.2500000000
111543  -20.962  -27.692  76.943 0.2500000000
54246  -23.692  -22.960  76.553 0.1250000000
41279  -30.528  -36.409  72.894 0.2500000000
51654  -19.370  -26.111  74.835 0.2500000000
55061  -23.347  -21.853  77.875 0.1250000000
55072  -23.360  -22.344  77.230 0.1250000000
41291  -30.059  -36.380  72.116 0.2500000000
121065  -19.033  -25.059  74.106 0.2500000000
55080  -18.857  -22.460  74.938 0.2500000000
55862  -22.460  -20.712  78.335 0.1250000000
55872  -22.853  -21.380  78.043 0.1250000000
56678  -20.114  -20.782  76.958 0.1250000000
56670  -21.722  -20.507  78.228 0.1250000000
57459  -22.548  -19.474  78.624 0.1250000000
56660  -21.118  -19.935  78.392 0.1250000000
44807  -4.485  -34.753  63.690 0.2500000000
44010  -5.166  -34.880  63.092 0.1250000000
43221  -4.697  -35.579  63.122 0.1250000000
43222  -5.539  -35.684  62.643 0.1250000000
44624  -20.896  -34.942  82.541 0.3750000000
50836  -28.527  -27.659  75.784 0.3750000000
50048  -28.906  -28.354  75.668 0.5000000000
50049  -29.384  -28.803  76.052 0.6250000000
46277  -22.781  -32.578  81.605 0.3750000000
50835  -27.927  -27.023  75.377 0.3750000000
48171  -23.356  -30.315  80.767 0.2500000000
106831  -27.250  -26.576  74.944 0.3750000000
49993  -22.818  -29.052  79.692 0.2500000000
52523  -26.187  -25.674  74.695 0.2500000000
51631  -20.984  -27.240  77.916 0.2500000000
43061  -31.557  -34.969  74.772 0.3750000000
51641  -19.908  -26.880  76.157 0.2500000000
113514  -24.308  -23.255  76.812 0.2500000000
41292  -31.044  -36.461  72.711 0.2500000000
111820  -30.903  -35.985  73.770 0.2500000000
53377  -17.920  -24.489  75.408 0.1250000000
52512  -18.906  -25.715  75.299 0.2500000000
55873  -23.691  -21.639  78.291 0.1250000000
54213  -24.247  -22.799  77.597 0.1250000000
53376  -17.732  -23.819  75.298 0.1250000000
54244  -18.084  -23.240  75.034 0.1250000000
55890  -17.865  -21.748  76.015 0.1250000000
56676  -18.509  -20.658  76.821 0.1250000000
126149  -20.410  -20.226  77.730 0.1250000000
56661  -21.961  -19.929  78.654 0.1250000000
56662  -22.778  -20.215  78.533 0.1250000000
57456  -19.882  -19.109  78.725 0.1250000000
56659  -20.165  -19.701  78.210 0.1250000000
57458  -21.429  -19.367  78.900 0.1250000000
57450  -21.843  -19.162  79.046 0.1250000000
58334  -22.222  -18.729  78.897 0.1250000000
58335  -22.760  -19.312  78.484 0.1250000000
58328  -20.793  -18.091  79.755 0.1250000000
57449  -21.258  -18.705  79.339 0.1250000000
58329  -21.287  -18.082  79.594 0.1250000000
59229  -20.755  -17.562  79.791 0.1250000000
59230  -21.133  -17.604  79.545 0.1250000000
59232  -20.925  -17.202  78.245 0.1250000000
59233  -21.453  -17.537  78.931 0.1250000000
128532  -20.764  -17.307  77.439 0.1250000000
59237  -21.463  -17.492  77.830 0.1250000000
47350  -4.621  -32.609  65.041 0.3750000000
110804  -4.982  -32.773  64.495 0.2500000000
46461  -4.610  -33.248  64.375 0.2500000000
45632  -4.978  -33.396  64.004 0.1250000000
128087  -4.977  -34.286  63.494 0.1250000000
50035  -29.114  -28.130  76.424 0.3750000000
50036  -29.668  -28.613  76.882 0.5000000000
49173  -29.863  -29.339  76.565 0.6250000000
44622  -18.839  -35.003  82.106 0.3750000000
45432  -21.969  -33.378  81.961 0.3750000000
51642  -28.240  -26.823  76.366 0.3750000000
125999  -22.575  -28.673  80.574 0.2500000000
49108  -23.045  -29.548  80.761 0.2500000000
51650  -27.531  -26.261  75.954 0.3750000000
50798  -21.746  -27.608  79.690 0.2500000000
50809  -22.036  -28.036  78.969 0.2500000000
51649  -26.787  -25.939  75.109 0.3750000000
51630  -19.975  -26.688  77.856 0.2500000000
53366  -25.531  -23.963  76.931 0.2500000000
119532  -32.181  -35.051  75.054 0.3750000000
53352  -17.223  -24.390  76.885 0.1250000000
52500  -18.436  -25.602  76.803 0.1250000000
52489  -19.102  -26.224  77.283 0.2500000000
53365  -24.824  -23.692  76.585 0.2500000000
41293  -31.471  -36.103  72.856 0.2500000000
42195  -31.455  -35.743  73.674 0.5000000000
43907  -33.286  -34.919  73.942 0.5000000000
53363  -17.380  -24.040  75.921 0.1250000000
53364  -17.825  -24.845  76.322 0.1250000000
52501  -18.956  -25.987  76.275 0.2500000000
119516  -33.579  -34.531  73.913 0.6250000000
55880  -17.207  -21.600  76.576 0.1250000000
54243  -17.475  -23.254  75.668 0.1250000000
55864  -23.995  -21.438  78.421 0.1250000000
55049  -24.321  -22.018  78.455 0.1250000000
43143  -31.875  -35.349  70.847 0.5000000000
43932  -32.619  -34.840  72.339 0.5000000000
124719  -33.382  -34.531  73.858 0.6250000000
119114  -33.423  -33.969  73.727 0.6250000000
56667  -17.240  -20.257  77.484 0.1250000000
56668  -18.319  -20.159  77.442 0.1250000000
57465  -19.128  -19.602  78.029 0.1250000000
56663  -23.538  -20.766  78.372 0.1250000000
43949  -32.357  -34.972  71.522 0.5000000000
44709  -33.239  -33.913  73.215 0.6250000000
57460  -23.138  -20.021  78.466 0.1250000000
43933  -32.935  -34.516  72.956 0.6250000000
44720  -32.934  -33.984  72.510 0.6250000000
57448  -20.470  -18.637  79.354 0.1250000000
59238  -22.143  -17.939  77.789 0.1250000000
44730  -32.654  -33.998  71.614 0.6250000000
60124  -20.884  -17.152  79.184 0.1250000000
60142  -20.403  -17.138  77.698 0.1250000000
107316  -20.864  -17.434  76.854 0.1250000000
44735  -31.815  -34.095  69.962 0.6250000000
59241  -20.192  -17.333  76.941 0.1250000000
107659  -20.307  -17.467  76.235 0.1250000000
45437  -20.330  -33.362  81.047 0.3750000000
49161  -30.133  -29.114  77.274 0.5000000000
46284  -21.483  -31.711  80.961 0.3750000000
47180  -22.265  -31.226  81.194 0.3750000000
110142  -21.586  -27.553  81.065 0.3750000000
49969  -22.395  -28.472  80.760 0.3750000000
49116  -22.840  -29.183  80.727 0.2500000000
44650  -32.269  -33.591  76.964 0.6250000000
51600  -21.246  -27.089  80.934 0.3750000000
51619  -20.688  -26.836  78.897 0.2500000000
52503  -27.228  -25.445  76.738 0.3750000000
43063  -32.812  -35.116  75.056 0.5000000000
43078  -32.887  -34.987  74.338 0.5000000000
51618  -19.861  -26.451  78.904 0.2500000000
116518  -19.309  -26.275  78.181 0.2500000000
53367  -26.164  -24.291  77.189 0.3750000000
43062  -32.382  -35.062  74.729 0.5000000000
112751  -33.152  -34.944  73.976 0.3750000000
43899  -33.260  -34.869  74.344 0.5000000000
53353  -17.846  -25.210  77.360 0.1250000000
54214  -24.891  -23.058  78.086 0.1250000000
55879  -16.655  -21.742  77.117 0.1250000000
54229  -24.704  -23.249  77.449 0.1250000000
57455  -18.788  -19.117  78.604 0.1250000000
45522  -33.486  -33.265  73.469 0.5000000000
107191  -20.935  -17.514  76.171 0.1250000000
58341  -22.263  -18.162  77.057 0.1250000000
58344  -21.754  -17.914  76.076 0.1250000000
44742  -31.356  -33.862  68.704 0.1250000000
60148  -19.431  -17.264  76.807 0.1250000000
124125  -19.821  -17.441  76.327 0.1250000000
59244  -19.771  -17.510  75.821 0.1250000000
59245  -20.242  -17.535  75.598 0.1250000000
45568  -31.635  -33.367  69.244 0.1250000000
50828  -29.413  -27.868  77.294 0.3750000000
45436  -19.389  -33.883  80.785 0.3750000000
128002  -18.417  -34.614  81.107 0.3750000000
50820  -29.065  -27.024  77.865 0.3750000000
46283  -20.689  -32.394  80.560 0.3750000000
106907  -28.499  -26.717  77.235 0.3750000000
49968  -21.884  -28.184  81.151 0.3750000000
47193  -21.695  -30.824  80.755 0.3750000000
121333  -27.998  -25.609  78.070 0.2500000000
51632  -27.898  -26.067  77.153 0.3750000000
52490  -27.437  -25.188  77.720 0.2500000000
52502  -26.817  -24.691  77.418 0.3750000000
43874  -32.848  -34.414  76.084 0.6250000000
43882  -33.065  -34.901  76.033 0.6250000000
51607  -19.750  -26.240  79.613 0.2500000000
44657  -33.152  -34.335  76.052 0.5000000000
43883  -33.159  -34.463  75.667 0.6250000000
43898  -33.158  -35.195  74.583 0.5000000000
120765  -18.137  -25.413  78.438 0.1250000000
44652  -33.306  -34.054  76.228 0.6250000000
43888  -33.202  -34.655  75.051 0.6250000000
54195  -16.425  -23.236  78.127 0.1250000000
112935  -17.277  -24.741  77.978 0.1250000000
44678  -33.559  -33.928  74.449 0.6250000000
110058  -16.143  -21.748  78.220 0.1250000000
55060  -16.412  -22.305  77.655 0.1250000000
45502  -33.592  -33.469  74.376 0.5000000000
55869  -16.836  -20.980  77.139 0.1250000000
45549  -32.906  -33.376  71.969 0.5000000000
59246  -20.934  -17.693  75.441 0.1250000000
117630  -32.247  -33.763  70.538 0.6250000000
46395  -32.603  -32.636  71.140 0.5000000000
59249  -20.350  -17.612  75.047 0.1250000000
45567  -31.398  -33.098  68.441 0.1250000000
46409  -31.648  -32.674  69.180 0.2500000000
45579  -31.221  -33.221  67.889 0.1250000000
44633  -18.140  -34.631  80.607 0.5000000000
50023  -29.917  -28.364  77.644 0.3750000000
50024  -30.404  -28.819  77.946 0.6250000000
46290  -20.253  -32.183  79.716 0.3750000000
45442  -19.072  -33.824  80.047 0.3750000000
110778  -28.916  -26.429  78.619 0.2500000000
49115  -21.237  -29.281  80.919 0.2500000000
48177  -21.168  -30.302  80.349 0.3750000000
47192  -20.926  -31.310  80.125 0.3750000000
52491  -28.463  -25.626  78.769 0.2500000000
127295  -20.883  -26.852  81.898 0.2500000000
50784  -21.358  -27.521  81.378 0.2500000000
121154  -18.753  -25.515  80.697 0.2500000000
52454  -20.426  -26.419  81.213 0.2500000000
44645  -32.923  -33.798  77.011 0.6250000000
52479  -18.595  -25.493  79.431 0.1250000000
45452  -33.469  -33.116  77.455 0.3750000000
53340  -16.787  -24.150  78.739 0.1250000000
111274  -32.821  -32.012  71.717 0.6250000000
46401  -32.057  -32.218  70.104 0.5000000000
46408  -31.333  -32.766  68.397 0.1250000000
48188  -20.158  -30.103  79.104 0.3750000000
47203  -20.405  -31.371  79.407 0.3750000000
46289  -19.434  -32.988  79.332 0.5000000000
51621  -29.466  -26.890  78.752 0.2500000000
116674  -29.677  -27.591  78.126 0.3750000000
49129  -20.514  -29.795  79.974 0.2500000000
50810  -29.890  -27.425  78.759 0.2500000000
47299  -32.341  -31.278  71.293 0.5000000000
112012  -32.352  -31.886  70.847 0.5000000000
48306  -31.680  -31.216  69.732 0.3750000000
47316  -31.675  -31.880  69.385 0.3750000000
48305  -31.556  -31.307  69.097 0.2500000000
47315  -31.414  -32.026  68.728 0.3750000000
46301  -19.427  -32.441  78.522 0.5000000000
47202  -19.925  -31.904  78.997 0.5000000000
126878  -29.556  -26.573  79.179 0.2500000000
50800  -29.936  -26.979  79.279 0.2500000000
51620  -29.140  -26.217  79.109 0.2500000000
49253  -31.660  -29.887  69.802 0.3750000000
117459  -31.800  -30.863  70.494 0.3750000000
48298  -31.631  -30.658  69.635 0.3750000000
49259  -31.419  -30.138  68.436 0.3750000000
48315  -31.199  -30.693  68.163 0.2500000000
50794  -32.137  -27.109  80.103 0.2500000000
52469  -28.848  -25.402  79.343 0.2500000000
50013  -4.471  -28.459  78.362 0.2500000000
50111  -31.302  -29.404  68.066 0.3750000000
107430  -31.483  -29.463  68.969 0.3750000000
124932  -31.555  -30.258  69.099 0.3750000000
51611  -30.387  -26.664  79.679 0.1250000000
51610  -29.659  -26.192  79.432 0.2500000000
52456  -30.283  -25.987  79.758 0.1250000000
124633  -30.844  -25.799  79.919 0.1250000000
51601  -30.901  -26.352  79.927 0.1250000000
52455  -30.293  -25.212  79.847 0.2500000000
53331  -30.582  -24.574  79.614 0.2500000000
49985  -2.686  -28.033  79.794 0.3750000000
50807  -2.918  -27.373  78.831 0.2500000000
51626  -2.859  -26.479  78.079 0.2500000000
52487  -3.219  -26.005  77.299 0.2500000000
50912  -31.385  -27.806  68.354 0.3750000000
50106  -31.571  -28.299  69.102 0.3750000000
53319  -31.129  -25.307  79.852 0.2500000000
52457  -31.406  -25.913  79.946 0.2500000000
52458  -31.977  -25.914  79.893 0.2500000000
51699  -31.608  -26.726  68.034 0.3750000000
127248  -6.172  -23.945  72.424 0.1250000000
122584  -39.249  -27.392  67.867 0.5000000000
50923  -38.998  -27.359  67.463 0.5000000000
50916  -39.517  -27.243  68.181 0.5000000000
50917  -40.129  -26.924  68.299 0.5000000000
50924  -39.581  -27.225  67.586 0.5000000000
50933  -38.995  -27.147  66.630 0.5000000000
121613  -39.782  -26.946  67.074 0.5000000000
51802  -38.403  -26.026  60.595 0.5000000000
52634  -38.883  -25.920  60.590 0.5000000000
52623  -39.512  -25.652  60.497 0.5000000000
53540  -40.324  -24.569  60.198 0.5000000000
53539  -39.631  -25.130  59.875 0.3750000000
54424  -40.500  -23.656  60.167 0.5000000000
54425  -41.046  -23.038  60.561 0.6250000000
56038  -41.908  -21.652  60.438 0.5000000000
50925  -40.138  -26.810  67.390 0.5000000000
51697  -41.677  -26.020  68.631 0.3750000000
50935  -40.232  -26.534  66.743 0.5000000000
108329  -39.614  -26.772  66.401 0.5000000000
57617  -43.691  -19.368  60.419 0.3750000000
57628  -43.798  -18.824  60.201 0.2500000000
123895  -43.123  -18.384  59.607 0.6250000000
59409  -43.895  -18.013  59.751 0.5000000000
59408  -43.354  -17.978  59.459 0.3750000000
59421  -43.027  -17.451  59.018 0.3750000000
59422  -43.691  -17.294  59.329 0.3750000000
50942  -39.611  -26.618  65.568 0.5000000000
107263  -39.210  -26.615  64.888 0.3750000000
124586  -39.395  -26.552  64.282 0.5000000000
122399  -40.087  -25.231  60.379 0.5000000000
58480  -44.206  -18.497  60.262 0.2500000000
59403  -44.338  -17.970  60.094 0.2500000000
60319  -44.322  -16.781  59.626 0.2500000000
59410  -44.714  -17.324  60.270 0.3750000000
50960  -39.162  -26.557  63.571 0.3750000000
50969  -39.551  -26.455  63.129 0.3750000000
58475  -45.403  -18.466  61.267 0.2500000000
59399  -45.349  -17.628  60.957 0.2500000000
59400  -46.085  -17.897  61.703 0.2500000000
60311  -45.794  -17.061  61.297 0.1250000000
60312  -46.440  -16.843  61.891 0.2500000000
60320  -44.870  -16.264  60.116 0.3750000000
60315  -45.346  -16.715  60.722 0.2500000000
60316  -45.887  -16.223  61.203 0.3750000000
60332  -43.886  -16.262  59.034 0.2500000000
61209  -46.017  -15.279  61.001 0.2500000000
61205  -46.436  -15.750  61.768 0.2500000000
61212  -44.474  -15.777  59.431 0.2500000000
61213  -45.045  -15.268  59.890 0.2500000000
60313  -46.969  -16.208  62.483 0.2500000000
62092  -45.593  -14.791  60.327 0.3750000000
62095  -44.625  -14.755  59.205 0.3750000000
62108  -44.266  -14.301  58.464 0.2500000000
62096  -45.209  -14.291  59.631 0.3750000000
61206  -47.030  -15.230  62.337 0.3750000000
62086  -47.801  -14.723  62.797 0.3750000000
62089  -46.552  -14.766  61.581 0.2500000000
62090  -47.240  -14.254  62.106 0.3750000000
62093  -46.148  -14.318  60.806 0.3750000000
62109  -44.876  -13.813  58.902 0.2500000000
62899  -47.576  -13.280  61.835 0.3750000000
62898  -46.744  -13.776  61.369 0.3750000000
62903  -47.052  -12.774  61.090 0.5000000000
63716  -47.964  -12.264  61.557 0.5000000000
62902  -46.368  -13.366  60.556 0.3750000000
63731  -45.718  -12.602  59.174 0.3750000000
63718  -49.561  -11.509  62.506 0.2500000000
64555  -49.402  -11.141  61.677 0.3750000000
63732  -46.303  -12.147  59.425 0.3750000000
64580  -46.629  -11.399  59.116 0.5000000000
64581  -47.440  -11.137  59.386 0.5000000000
64587  -47.139  -10.820  58.833 0.3750000000
64582  -48.231  -10.682  59.298 0.5000000000
65380  -49.293  -10.337  59.614 0.5000000000
65390  -46.798  -10.613  58.196 0.3750000000
65391  -47.759  -10.445  58.419 0.3750000000
65392  -48.815  -10.273  58.748 0.3750000000
109294  -49.717  -9.949  59.137 0.3750000000
116183  -47.997  -9.839  57.079 0.3750000000
65410  -47.386  -10.147  56.549 0.3750000000
65402  -48.360  -10.066  57.859 0.5000000000
65393  -49.347  -9.863  58.213 0.5000000000
65403  -48.956  -9.660  57.152 0.6250000000
66179  -50.216  -9.570  58.623 0.3750000000
127806  -48.207  -9.996  55.210 0.2500000000
65412  -49.276  -9.524  56.197 0.3750000000
65422  -48.670  -10.102  54.412 0.1250000000
65415  -48.950  -9.710  55.339 0.3750000000
65416  -49.704  -9.535  55.521 0.3750000000
65423  -49.722  -9.800  54.647 0.3750000000
65424  -50.795  -9.880  54.511 0.2500000000
65433  -52.056  -10.210  53.579 0.1250000000
65434  -52.875  -10.050  53.430 0.1250000000
65435  -53.524  -9.785  53.176 0.1250000000
113128  -54.303  -8.984  53.682 0.2500000000
65439  -53.612  -10.104  52.181 0.1250000000
65436  -54.048  -9.477  52.884 0.1250000000
65440  -54.004  -9.868  51.784 0.1250000000
66188  -49.955  -9.547  57.668 0.6250000000
66201  -50.164  -9.409  56.182 0.3750000000
65418  -51.456  -9.487  55.181 0.1250000000
66207  -52.323  -9.288  54.949 0.3750000000
65426  -52.628  -9.650  54.233 0.1250000000
115666  -53.019  -9.162  54.711 0.2500000000
66208  -53.549  -9.040  54.509 0.2500000000
65427  -53.334  -9.502  54.060 0.1250000000
66211  -53.857  -9.282  53.848 0.2500000000
66212  -54.693  -8.503  53.365 0.2500000000
123103  -54.464  -9.060  53.029 0.2500000000
66203  -52.613  -8.843  55.387 0.2500000000
108003  -53.192  -8.891  54.882 0.2500000000
66209  -53.978  -8.842  54.358 0.2500000000
66983  -53.974  -8.492  54.751 0.2500000000
50000  -3.534  -28.384  78.871 0.3750000000
49254  -31.815  -30.173  70.579 0.3750000000
49999  -2.989  -28.189  79.326 0.2500000000
123258  -6.621  -24.054  73.108 0.1250000000
123521  -40.987  -26.402  68.599 0.5000000000
51707  -41.308  -26.264  68.053 0.5000000000
47351  -5.501  -32.361  64.729 0.2500000000
46306  -32.991  -32.697  78.213 0.5000000000
45451  -33.106  -33.411  77.433 0.5000000000
43047  -32.587  -34.763  75.413 0.6250000000
112477  -33.567  -34.459  74.437 0.6250000000
43001  -19.150  -36.240  82.279 0.5000000000
120189  -19.789  -36.275  82.259 0.5000000000
43003  -21.037  -35.751  81.906 0.5000000000
44808  -4.622  -34.023  63.886 0.1250000000
44627  -18.565  -34.761  81.602 0.3750000000
44623  -19.594  -35.245  82.409 0.3750000000
50902  -32.111  -27.711  69.737 0.5000000000
50968  -38.879  -26.568  62.771 0.6250000000
50950  -38.827  -26.583  64.099 0.5000000000
62904  -45.443  -13.373  59.359 0.3750000000
125689  -31.122  -36.312  73.237 0.2500000000
45447  -18.780  -33.313  78.457 0.5000000000
44638  -18.389  -34.305  79.964 0.5000000000
49225  -23.366  -29.456  72.364 0.2500000000
50075  -22.402  -28.179  72.216 0.2500000000
49172  -22.976  -29.963  76.411 0.2500000000
50870  -26.047  -27.771  72.486 0.3750000000
49187  -22.567  -29.505  75.141 0.2500000000
50087  -23.726  -27.988  71.513 0.1250000000
50882  -24.224  -27.340  71.556 0.1250000000
125347  -21.982  -28.455  72.851 0.2500000000
50086  -22.940  -27.725  71.649 0.2500000000
50881  -23.425  -27.320  71.479 0.2500000000
52539  -24.562  -25.957  72.408 0.2500000000
51679  -23.517  -26.751  71.531 0.2500000000
51672  -25.322  -26.471  72.825 0.2500000000
50074  -21.704  -27.726  72.524 0.2500000000
51670  -21.769  -26.827  71.980 0.2500000000
52544  -22.948  -26.230  71.680 0.2500000000
52529  -23.837  -25.328  72.459 0.2500000000
123494  -23.231  -25.618  72.063 0.2500000000
127728  -21.184  -26.401  72.389 0.2500000000
119934  -22.264  -26.317  71.773 0.2500000000
112743  -20.973  -24.158  72.821 0.2500000000
120808  -22.081  -23.673  73.197 0.2500000000
54280  -21.379  -23.610  73.201 0.2500000000
50058  -28.555  -28.215  74.959 0.3750000000
49171  -22.633  -29.522  76.036 0.2500000000
50034  -22.280  -29.001  76.475 0.2500000000
50055  -21.405  -28.422  74.167 0.2500000000
50834  -21.206  -28.110  75.082 0.2500000000
53422  -23.032  -24.980  72.442 0.2500000000
53392  -23.807  -24.326  74.161 0.2500000000
54282  -23.216  -24.103  73.733 0.2500000000
52528  -20.376  -25.582  72.891 0.2500000000
54265  -24.017  -24.116  74.940 0.2500000000
51661  -19.422  -25.713  74.028 0.2500000000
54278  -19.919  -23.947  73.446 0.2500000000
107468  -20.850  -22.305  75.073 0.2500000000
121505  -23.856  -31.309  80.819 0.3750000000
48190  -23.538  -30.243  79.310 0.2500000000
106951  -26.375  -26.822  73.732 0.3750000000
50007  -22.482  -28.717  78.477 0.2500000000
49144  -22.828  -29.440  78.070 0.2500000000
52522  -25.498  -25.377  74.319 0.2500000000
50021  -21.712  -28.335  76.920 0.2500000000
50825  -20.436  -27.367  76.092 0.2500000000
50833  -20.596  -27.494  75.142 0.2500000000
51655  -19.711  -26.432  74.328 0.2500000000
51647  -19.423  -26.366  75.740 0.2500000000
52520  -18.476  -24.965  74.785 0.2500000000
55892  -19.581  -21.788  75.597 0.2500000000
54260  -18.735  -23.409  74.423 0.2500000000
43840  -20.421  -35.271  82.473 0.5000000000
44625  -21.504  -34.812  82.355 0.5000000000
46278  -23.319  -32.673  81.453 0.5000000000
45427  -22.057  -34.147  82.164 0.5000000000
113371  -21.756  -35.016  82.207 0.5000000000
118837  -23.344  -31.840  81.389 0.3750000000
49130  -23.171  -29.591  79.900 0.2500000000
51656  -26.591  -26.373  74.362 0.3750000000
49992  -22.517  -28.579  79.403 0.2500000000
52513  -25.733  -25.014  75.263 0.2500000000
53379  -25.288  -24.362  75.895 0.2500000000
50818  -21.514  -27.808  77.607 0.2500000000
54247  -23.991  -23.592  75.792 0.1250000000
124930  -20.249  -27.155  76.970 0.2500000000
55863  -23.291  -21.036  78.404 0.1250000000
55891  -18.629  -21.781  75.666 0.1250000000
55079  -17.955  -22.470  75.490 0.1250000000
56677  -19.198  -20.799  76.713 0.1250000000
45426  -21.404  -34.333  82.320 0.3750000000
44629  -20.454  -34.512  82.210 0.3750000000
128557  -23.252  -31.062  81.240 0.3750000000
49117  -23.116  -29.583  80.524 0.2500000000
128075  -27.167  -26.106  75.430 0.3750000000
49979  -22.556  -28.586  80.198 0.2500000000
123377  -21.645  -27.698  78.273 0.2500000000
51640  -19.578  -26.587  76.728 0.2500000000
52511  -18.372  -25.286  75.779 0.2500000000
55062  -23.928  -22.236  78.133 0.1250000000
56675  -17.620  -20.731  76.892 0.1250000000
56669  -19.433  -20.227  77.401 0.1250000000
58333  -21.717  -18.073  79.309 0.1250000000
59234  -22.046  -17.968  78.636 0.1250000000
50827  -28.808  -27.407  76.827 0.3750000000
44628  -19.414  -34.716  82.000 0.3750000000
45430  -19.876  -34.142  81.522 0.3750000000
46276  -22.165  -32.206  81.494 0.3750000000
47181  -22.879  -31.600  81.428 0.3750000000
50791  -22.186  -28.128  80.627 0.2500000000
50799  -22.107  -27.943  79.863 0.2500000000
48170  -23.140  -30.168  81.025 0.3750000000
50808  -21.420  -27.364  78.950 0.2500000000
51609  -21.193  -27.038  79.950 0.2500000000
109330  -26.596  -24.984  76.485 0.3750000000
52514  -26.370  -25.318  75.598 0.3750000000
54230  -25.167  -23.469  77.651 0.1250000000
53380  -25.956  -24.622  76.220 0.3750000000
42214  -31.888  -35.628  73.317 0.3750000000
43079  -33.272  -34.955  74.078 0.5000000000
54228  -16.901  -23.408  76.522 0.1250000000
55063  -24.619  -22.538  78.271 0.1250000000
107404  -33.217  -34.648  73.455 0.5000000000
127299  -33.268  -34.388  73.527 0.6250000000
57464  -17.971  -19.686  78.062 0.1250000000
44719  -32.658  -34.555  72.069 0.6250000000
59242  -21.562  -17.663  76.940 0.1250000000
46282  -19.840  -33.133  80.231 0.3750000000
46275  -21.293  -32.793  81.382 0.3750000000
45431  -20.927  -33.698  81.959 0.3750000000
126255  -22.307  -30.507  81.139 0.3750000000
109937  -22.822  -30.702  81.234 0.3750000000
50790  -21.724  -27.582  80.445 0.2500000000
50785  -21.913  -27.919  80.975 0.3750000000
49107  -22.681  -29.101  80.949 0.3750000000
51608  -20.418  -26.548  79.759 0.2500000000
51599  -20.759  -26.655  80.643 0.2500000000
52480  -19.074  -25.965  78.927 0.2500000000
52488  -18.607  -25.843  77.835 0.2500000000
54211  -16.572  -23.082  77.281 0.1250000000
54212  -16.719  -23.884  77.527 0.1250000000
55868  -16.368  -21.366  77.673 0.1250000000
45556  -32.160  -32.999  70.175 0.5000000000
45435  -18.674  -34.341  80.652 0.3750000000
51633  -28.479  -26.241  77.984 0.2500000000
48169  -22.635  -29.834  81.122 0.3750000000
49106  -22.123  -29.031  81.235 0.3750000000
48178  -21.930  -29.978  81.045 0.3750000000
51595  -21.049  -27.120  81.567 0.2500000000
52467  -20.081  -26.269  80.352 0.1250000000
53341  -17.750  -24.897  79.090 0.1250000000
55048  -16.172  -22.485  78.567 0.1250000000
56666  -16.467  -20.561  77.791 0.1250000000
45548  -32.576  -33.394  71.101 0.6250000000
50009  -30.133  -28.058  78.353 0.3750000000
48189  -20.562  -30.609  79.591 0.3750000000
49967  -21.372  -28.306  81.419 0.3750000000
49955  -21.158  -27.617  81.672 0.2500000000
52466  -18.936  -25.620  80.156 0.1250000000
52453  -19.603  -25.949  80.841 0.2500000000
53326  -18.299  -25.133  79.951 0.1250000000
54184  -16.664  -23.921  79.688 0.1250000000
129099  -31.506  -32.355  68.888 0.2500000000
48203  -19.804  -30.476  78.344 0.3750000000
47307  -31.915  -31.516  70.270 0.5000000000
117413  -31.478  -30.751  68.801 0.3750000000
49264  -31.167  -29.991  67.745 0.2500000000
50815  -3.814  -27.523  78.422 0.2500000000
51617  -2.652  -26.462  78.722 0.2500000000
51706  -40.663  -26.597  68.318 0.5000000000
50918  -40.602  -26.610  67.792 0.5000000000
50934  -39.400  -27.154  67.071 0.5000000000
58488  -43.593  -18.432  59.851 0.6250000000
129026  -44.197  -17.537  59.768 0.3750000000
59404  -44.796  -18.165  60.592 0.2500000000
61208  -45.468  -15.754  60.538 0.3750000000
62890  -48.093  -13.741  62.552 0.3750000000
62900  -48.474  -12.763  62.307 0.3750000000
63703  -49.260  -12.284  62.773 0.3750000000
62911  -45.259  -12.843  58.579 0.2500000000
63738  -45.854  -11.883  58.752 0.3750000000
63717  -48.934  -11.847  62.034 0.3750000000
65411  -48.286  -9.778  56.170 0.3750000000
66196  -49.776  -9.470  56.858 0.3750000000
65431  -49.341  -10.197  53.856 0.2500000000
65417  -50.510  -9.560  55.366 0.3750000000
65438  -53.053  -10.373  52.487 0.1250000000
64637  -52.543  -11.037  51.903 0.1250000000
66216  -54.248  -9.665  51.325 0.1250000000
66213  -54.353  -9.294  52.178 0.1250000000
65425  -51.743  -9.770  54.364 0.1250000000
65432  -51.128  -10.277  53.672 0.2500000000
66985  -54.416  -8.539  54.152 0.2500000000
42094  -19.957  -36.564  81.905 0.3750000000
43009  -21.088  -35.921  81.630 0.3750000000
43010  -21.607  -35.690  81.434 0.3750000000
43857  -23.281  -34.970  80.824 0.3750000000
42119  -20.766  -36.421  80.072 0.2500000000
43015  -21.895  -35.679  80.944 0.3750000000
43021  -22.877  -35.381  79.898 0.2500000000
43016  -22.715  -35.353  80.615 0.2500000000
49148  -36.536  -28.850  78.066 0.1250000000
47272  -16.556  -31.045  73.604 0.2500000000
49135  -35.785  -29.028  78.845 0.1250000000
47282  -13.806  -31.386  71.890 0.2500000000
48272  -14.089  -30.711  72.311 0.2500000000
48273  -15.165  -30.778  72.551 0.2500000000
43847  -22.248  -34.950  81.865 0.3750000000
43852  -22.342  -35.283  81.316 0.3750000000
43858  -23.937  -34.511  80.313 0.2500000000
112069  -23.554  -35.053  80.010 0.2500000000
43862  -24.214  -34.561  79.638 0.2500000000
47214  -19.169  -32.323  77.739 0.2500000000
43865  -23.999  -35.069  79.165 0.2500000000
47215  -19.677  -31.463  78.191 0.3750000000
43866  -24.394  -34.729  78.752 0.2500000000
47226  -18.885  -31.918  76.924 0.2500000000
47227  -19.309  -31.380  77.440 0.2500000000
49998  -36.424  -28.170  78.610 0.1250000000
47238  -18.378  -31.393  76.404 0.2500000000
48212  -18.935  -30.630  77.021 0.2500000000
48213  -19.472  -30.767  77.696 0.2500000000
49128  -19.899  -29.323  79.534 0.2500000000
50011  -37.119  -28.145  77.999 0.1250000000
50812  -36.953  -27.431  78.425 0.1250000000
47247  -10.495  -30.699  75.044 0.3750000000
48232  -11.156  -30.160  75.591 0.3750000000
49143  -19.595  -29.649  78.662 0.2500000000
49991  -19.411  -28.685  80.069 0.2500000000
49180  -11.843  -29.633  75.582 0.2500000000
49181  -12.501  -29.360  75.107 0.2500000000
47261  -17.461  -31.125  74.780 0.2500000000
119560  -17.842  -30.301  75.918 0.2500000000
49157  -18.619  -29.646  77.456 0.2500000000
49142  -18.859  -29.302  78.275 0.2500000000
49977  -19.721  -28.468  81.093 0.2500000000
49149  -36.871  -28.483  77.479 0.1250000000
48245  -12.325  -29.811  74.230 0.2500000000
114447  -13.408  -28.971  74.917 0.2500000000
48247  -16.981  -30.613  74.216 0.2500000000
48234  -17.684  -30.671  75.419 0.2500000000
49170  -18.311  -29.884  76.846 0.2500000000
49990  -18.524  -28.508  79.722 0.2500000000
49965  -19.153  -28.034  81.667 0.2500000000
49997  -35.460  -27.972  79.161 0.1250000000
48246  -13.096  -29.676  73.665 0.2500000000
49212  -14.592  -29.576  73.399 0.2500000000
49213  -15.472  -29.789  73.562 0.2500000000
48260  -16.311  -30.168  73.787 0.2500000000
49185  -16.828  -29.524  75.264 0.2500000000
49168  -16.986  -29.197  75.972 0.2500000000
49156  -17.852  -29.262  77.189 0.2500000000
50006  -18.211  -28.769  78.874 0.2500000000
49976  -18.675  -28.271  80.649 0.2500000000
50043  -14.653  -28.509  75.769 0.2500000000
49199  -14.887  -29.136  74.099 0.2500000000
50044  -15.655  -28.644  75.677 0.2500000000
50045  -16.383  -28.997  75.630 0.2500000000
50020  -17.226  -28.756  77.772 0.2500000000
49989  -17.550  -28.347  79.568 0.2500000000
123348  -18.099  -28.268  80.098 0.2500000000
50019  -16.343  -28.435  77.694 0.2500000000
50032  -16.980  -28.795  76.857 0.2500000000
50005  -17.279  -28.592  78.650 0.2500000000
49975  -17.671  -28.074  80.480 0.2500000000
44640  -24.535  -33.689  79.506 0.2500000000
45444  -24.576  -33.425  79.119 0.2500000000
127007  -10.461  -30.507  80.449 0.2500000000
44644  -24.686  -33.818  78.753 0.2500000000
48201  -10.019  -30.457  79.047 0.3750000000
115690  -10.385  -30.323  78.104 0.2500000000
127457  -11.035  -29.964  78.174 0.2500000000
45448  -24.810  -33.552  78.202 0.2500000000
124797  -9.980  -30.562  77.670 0.3750000000
48210  -10.317  -30.477  77.011 0.3750000000
48211  -10.971  -30.062  77.385 0.3750000000
49978  -20.654  -28.500  81.401 0.1250000000
48221  -11.003  -30.136  76.535 0.3750000000
109617  -12.222  -29.278  76.963 0.2500000000
49114  -20.272  -29.014  80.494 0.2500000000
119833  -20.721  -28.056  81.884 0.1250000000
47236  -9.732  -30.908  76.277 0.3750000000
49165  -11.666  -29.685  76.281 0.2500000000
49966  -19.950  -28.100  81.851 0.2500000000
123270  -20.332  -27.450  82.273 0.1250000000
51622  -36.528  -26.470  78.677 0.1250000000
49166  -12.397  -29.271  76.044 0.2500000000
106633  -13.156  -28.952  75.749 0.2500000000
50776  -20.047  -27.112  82.633 0.1250000000
49182  -13.851  -28.709  75.514 0.2500000000
49953  -19.677  -27.543  82.375 0.2500000000
50804  -35.029  -26.925  79.249 0.1250000000
50803  -34.365  -27.658  79.445 0.1250000000
119522  -15.077  -28.180  77.090 0.2500000000
112782  -15.912  -28.298  76.995 0.2500000000
50773  -19.620  -26.772  82.976 0.2500000000
119326  -16.667  -28.503  78.305 0.2500000000
49964  -18.141  -27.914  81.361 0.2500000000
106513  -18.657  -27.680  82.235 0.2500000000
50775  -19.195  -27.187  82.893 0.2500000000
44636  -24.426  -33.665  79.979 0.3750000000
44635  -24.161  -34.010  80.389 0.3750000000
48167  -10.188  -30.838  81.745 0.2500000000
48186  -10.138  -30.573  79.982 0.3750000000
48176  -10.802  -30.397  80.870 0.2500000000
46318  -24.827  -32.995  77.963 0.2500000000
48187  -10.903  -30.290  80.046 0.2500000000
46343  -25.116  -32.681  76.093 0.3750000000
45456  -25.067  -33.516  77.340 0.3750000000
50813  -37.544  -27.472  77.839 0.1250000000
51623  -37.320  -26.694  78.222 0.1250000000
49138  -11.526  -29.775  79.527 0.2500000000
47225  -9.619  -30.792  77.273 0.3750000000
49153  -11.568  -29.629  77.659 0.2500000000
49139  -12.231  -29.228  79.011 0.2500000000
49125  -12.228  -29.332  79.928 0.2500000000
49154  -12.281  -29.192  77.999 0.2500000000
49140  -13.036  -28.731  78.450 0.2500000000
49155  -13.138  -28.750  77.408 0.2500000000
51589  -20.176  -26.774  82.596 0.1250000000
51615  -35.644  -26.230  79.084 0.1250000000
50016  -13.940  -28.475  77.293 0.2500000000
52440  -19.278  -25.966  83.069 0.1250000000
50017  -14.550  -28.194  77.530 0.2500000000
43104  -23.107  -34.567  73.016 0.3750000000
116666  -34.056  -26.631  79.524 0.1250000000
50018  -15.395  -28.151  77.711 0.2500000000
50003  -15.854  -28.334  78.494 0.2500000000
52438  -19.582  -26.384  83.003 0.1250000000
49988  -16.765  -28.346  79.282 0.2500000000
106839  -17.585  -27.685  81.958 0.2500000000
51587  -19.093  -26.478  83.333 0.2500000000
44630  -23.176  -34.170  81.341 0.3750000000
44631  -23.824  -33.838  80.835 0.3750000000
48149  -10.880  -31.039  85.122 0.1250000000
128514  -10.717  -29.997  86.403 0.1250000000
110842  -10.810  -30.676  82.219 0.1250000000
48161  -10.805  -31.049  82.992 0.1250000000
110706  -11.214  -30.996  84.299 0.1250000000
124847  -11.784  -30.475  84.057 0.1250000000
47229  -24.703  -32.274  77.632 0.3750000000
46317  -24.601  -32.427  78.513 0.2500000000
48168  -10.975  -30.429  81.539 0.1250000000
48154  -11.384  -30.680  83.477 0.1250000000
46332  -25.059  -32.864  77.079 0.2500000000
48174  -9.401  -30.842  80.647 0.3750000000
49103  -11.586  -30.167  81.847 0.2500000000
107218  -12.278  -29.770  82.295 0.1250000000
47251  -24.768  -31.974  75.671 0.2500000000
47240  -24.742  -32.119  76.685 0.2500000000
48200  -9.577  -30.654  78.340 0.3750000000
48185  -9.315  -30.750  79.582 0.3750000000
49124  -11.574  -29.933  80.362 0.2500000000
110980  -12.346  -29.667  81.449 0.2500000000
47263  -24.961  -31.886  74.613 0.3750000000
49111  -12.321  -29.536  80.705 0.2500000000
49954  -20.589  -27.221  82.220 0.1250000000
51590  -20.627  -26.932  82.194 0.1250000000
46351  -25.629  -32.457  74.011 0.3750000000
114009  -25.308  -32.499  75.123 0.3750000000
52483  -36.832  -25.623  78.425 0.1250000000
109948  -13.018  -28.988  80.296 0.2500000000
52442  -20.356  -26.652  82.304 0.1250000000
47275  -25.887  -32.071  73.060 0.3750000000
47285  -25.641  -31.386  72.735 0.3750000000
50012  -37.486  -27.880  77.315 0.1250000000
49113  -14.016  -28.712  80.565 0.2500000000
49972  -13.672  -28.655  79.810 0.2500000000
52445  -19.390  -25.870  82.463 0.1250000000
47286  -26.335  -31.633  72.534 0.3750000000
50001  -13.855  -28.313  77.971 0.2500000000
52441  -19.842  -26.295  82.651 0.1250000000
52476  -35.317  -25.411  79.090 0.1250000000
50002  -14.762  -28.166  78.475 0.2500000000
53311  -18.621  -25.572  82.883 0.1250000000
42224  -24.010  -34.594  72.810 0.2500000000
106997  -24.856  -34.927  73.355 0.3750000000
53335  -34.357  -24.912  79.067 0.1250000000
116783  -15.500  -28.409  79.888 0.2500000000
49987  -16.066  -28.382  79.319 0.2500000000
109217  -16.585  -27.746  81.687 0.2500000000
53307  -18.446  -25.640  83.346 0.1250000000
43121  -23.657  -34.421  72.102 0.2500000000
53347  -33.311  -24.929  78.955 0.1250000000
108790  -16.538  -28.173  80.171 0.2500000000
49963  -17.109  -27.800  81.105 0.2500000000
42240  -24.467  -34.615  71.919 0.2500000000
107360  -25.306  -34.897  72.731 0.2500000000
49952  -18.063  -27.473  82.775 0.2500000000
117576  -19.054  -26.844  83.259 0.1250000000
42210  -26.101  -35.184  72.607 0.3750000000
120565  -25.552  -35.008  72.021 0.2500000000
109332  -26.949  -35.625  72.072 0.2500000000
110086  -28.983  -35.269  72.828 0.3750000000
52471  -31.850  -25.466  79.721 0.1250000000
108812  -32.275  -25.163  79.373 0.1250000000
110221  -25.916  -34.966  71.176 0.2500000000
42211  -28.087  -35.957  72.037 0.3750000000
43076  -30.009  -35.457  73.167 0.3750000000
53332  -31.503  -24.863  79.530 0.1250000000
54202  -31.285  -24.027  78.812 0.1250000000
54188  -30.956  -24.170  79.264 0.1250000000
54217  -30.094  -23.491  77.951 0.1250000000
52470  -29.462  -25.277  79.628 0.1250000000
119852  -30.276  -23.708  78.763 0.1250000000
54231  -29.554  -23.313  77.180 0.1250000000
54248  -29.807  -23.414  76.175 0.1250000000
122385  -28.450  -22.860  75.972 0.1250000000
55075  -28.798  -23.126  77.331 0.1250000000
55099  -29.160  -23.277  75.548 0.1250000000
54267  -29.336  -23.408  74.476 0.1250000000
55098  -28.551  -23.092  74.923 0.1250000000
54283  -29.559  -23.456  73.444 0.1250000000
118113  -23.375  -33.455  81.334 0.3750000000
48146  -11.246  -30.494  85.883 0.1250000000
48160  -10.161  -31.299  82.622 0.2500000000
48153  -10.830  -31.193  83.707 0.2500000000
49082  -12.025  -29.879  86.092 0.1250000000
47239  -24.343  -31.469  77.186 0.3750000000
47171  -9.712  -31.511  82.944 0.2500000000
49087  -13.192  -29.646  84.868 0.1250000000
47191  -9.475  -30.999  81.560 0.3750000000
47179  -9.603  -31.297  82.370 0.3750000000
49092  -13.128  -29.521  83.849 0.2500000000
49098  -13.049  -29.355  82.795 0.2500000000
47262  -24.227  -31.317  75.164 0.3750000000
49104  -13.101  -29.281  81.861 0.2500000000
48262  -24.108  -30.850  73.505 0.3750000000
47273  -24.492  -31.395  74.029 0.3750000000
47201  -8.791  -31.005  80.349 0.3750000000
47190  -8.874  -31.089  81.219 0.3750000000
49112  -13.146  -29.205  81.050 0.2500000000
48263  -24.820  -31.176  73.069 0.3750000000
48276  -25.405  -30.640  72.341 0.2500000000
51624  -37.851  -26.943  77.773 0.1250000000
50814  -38.002  -27.334  77.360 0.1250000000
49105  -13.924  -28.830  81.450 0.2500000000
52452  -19.178  -25.734  81.577 0.1250000000
53318  -18.301  -25.308  81.308 0.1250000000
48283  -25.862  -30.083  71.877 0.2500000000
48284  -26.157  -29.575  71.800 0.1250000000
116538  -26.351  -30.826  72.247 0.3750000000
110013  -35.792  -24.510  78.402 0.1250000000
53350  -36.809  -24.682  78.210 0.1250000000
125505  -14.591  -28.453  79.609 0.2500000000
49961  -14.793  -28.558  81.095 0.2500000000
49973  -14.910  -28.535  80.403 0.2500000000
53315  -18.536  -25.463  82.143 0.1250000000
49227  -26.754  -29.327  72.132 0.1250000000
49228  -27.624  -29.619  72.506 0.2500000000
48278  -27.310  -30.507  72.213 0.2500000000
126109  -35.602  -24.108  77.896 0.1250000000
49974  -15.577  -28.307  80.689 0.2500000000
128453  -16.099  -27.782  82.143 0.2500000000
49951  -16.955  -27.619  82.472 0.2500000000
51585  -18.461  -26.193  83.704 0.1250000000
53303  -18.157  -25.592  83.637 0.1250000000
53314  -17.757  -24.958  81.851 0.1250000000
48279  -28.252  -30.461  72.521 0.2500000000
53349  -34.939  -24.650  78.761 0.1250000000
109216  -16.246  -27.978  81.011 0.2500000000
50770  -18.416  -26.675  83.601 0.1250000000
53306  -17.835  -25.030  83.649 0.1250000000
53310  -17.914  -25.070  82.596 0.1250000000
54175  -17.359  -24.456  82.385 0.1250000000
115691  -17.930  -25.066  83.188 0.1250000000
122278  -17.548  -24.556  82.952 0.1250000000
111881  -27.690  -24.949  78.610 0.1250000000
115635  -30.917  -23.722  77.760 0.1250000000
54219  -31.672  -24.029  78.152 0.1250000000
111109  -27.638  -23.655  79.256 0.1250000000
54249  -30.595  -23.773  75.672 0.1250000000
54233  -31.524  -23.914  77.176 0.1250000000
55054  -27.722  -23.016  78.659 0.1250000000
120520  -29.932  -23.601  75.085 0.1250000000
54268  -30.617  -23.824  74.715 0.1250000000
55074  -28.273  -22.873  76.964 0.1250000000
54186  -28.476  -23.887  79.319 0.1250000000
109021  -30.186  -23.602  74.099 0.1250000000
51570  -9.335  -27.177  88.153 0.1250000000
52416  -10.271  -26.313  87.821 0.1250000000
52417  -11.261  -25.179  87.348 0.1250000000
123346  -12.468  -25.288  86.833 0.1250000000
51569  -8.774  -27.264  88.161 0.1250000000
49928  -9.742  -28.072  87.408 0.1250000000
50759  -10.683  -27.855  87.547 0.1250000000
51571  -10.455  -27.063  87.758 0.1250000000
51573  -11.326  -27.063  87.373 0.1250000000
53288  -13.145  -24.456  86.742 0.1250000000
48142  -10.374  -30.292  86.106 0.1250000000
49077  -10.201  -29.130  86.883 0.1250000000
49080  -11.580  -29.384  86.535 0.1250000000
50761  -11.599  -27.864  86.955 0.1250000000
52422  -11.835  -26.153  86.981 0.1250000000
116578  -12.881  -26.230  86.529 0.1250000000
47163  -9.789  -31.360  84.264 0.3750000000
49931  -9.884  -29.112  86.648 0.1250000000
49086  -12.275  -30.100  85.387 0.1250000000
49935  -12.539  -29.217  86.101 0.1250000000
50762  -12.519  -27.832  86.312 0.1250000000
51574  -12.188  -27.010  86.624 0.1250000000
52423  -13.620  -25.469  86.564 0.1250000000
47228  -24.382  -31.549  78.121 0.3750000000
45443  -24.541  -33.134  79.513 0.3750000000
47165  -9.515  -31.425  83.445 0.3750000000
49085  -9.708  -30.301  85.456 0.1250000000
49083  -12.967  -29.486  85.610 0.1250000000
49933  -12.863  -28.566  86.108 0.1250000000
51575  -13.166  -27.102  86.178 0.1250000000
50764  -14.090  -27.377  85.915 0.1250000000
47170  -9.290  -31.359  82.782 0.2500000000
128549  -8.985  -30.578  84.035 0.2500000000
49084  -14.012  -29.243  85.274 0.2500000000
49937  -14.487  -28.654  85.393 0.1250000000
121716  -14.159  -28.239  85.743 0.1250000000
51576  -14.079  -26.384  86.279 0.1250000000
52424  -14.597  -25.493  86.351 0.1250000000
47250  -24.229  -31.448  76.264 0.3750000000
47178  -9.146  -31.221  82.075 0.3750000000
48159  -9.105  -31.291  83.329 0.2500000000
48151  -8.861  -30.821  83.458 0.2500000000
49088  -14.049  -29.226  84.410 0.2500000000
117839  -14.673  -28.796  84.763 0.1250000000
50765  -14.727  -27.767  85.501 0.1250000000
51580  -14.867  -26.837  85.774 0.2500000000
51577  -15.080  -26.032  86.076 0.1250000000
123746  -23.963  -30.965  74.389 0.3750000000
47177  -8.612  -31.172  81.732 0.3750000000
48158  -8.691  -30.999  82.716 0.3750000000
49099  -13.867  -28.885  82.307 0.2500000000
49093  -13.894  -28.995  83.301 0.2500000000
121097  -14.682  -28.650  83.761 0.2500000000
49938  -15.087  -28.105  84.933 0.2500000000
50766  -15.472  -27.220  85.211 0.2500000000
52430  -15.785  -25.589  85.888 0.1250000000
48275  -24.527  -30.482  72.566 0.3750000000
127293  -37.297  -25.205  78.177 0.1250000000
50821  -38.515  -27.173  77.014 0.1250000000
52492  -38.331  -25.872  77.526 0.1250000000
122263  -15.286  -28.120  84.124 0.2500000000
49940  -15.827  -27.430  84.442 0.2500000000
51581  -15.864  -26.329  85.531 0.2500000000
49226  -25.076  -29.957  71.829 0.1250000000
50026  -38.098  -27.507  76.921 0.1250000000
50829  -38.622  -27.276  76.557 0.1250000000
49949  -14.685  -28.489  81.890 0.2500000000
49950  -15.396  -28.100  82.346 0.2500000000
49944  -15.351  -28.067  83.185 0.2500000000
49941  -16.047  -27.521  83.593 0.2500000000
50767  -16.388  -26.792  84.779 0.1250000000
117733  -16.524  -25.622  85.427 0.1250000000
124334  -18.065  -25.052  80.561 0.1250000000
53357  -36.131  -24.126  77.866 0.1250000000
50039  -38.678  -27.359  76.062 0.2500000000
118418  -16.121  -27.625  82.788 0.2500000000
50769  -16.822  -27.173  84.062 0.1250000000
51584  -17.468  -26.587  84.159 0.1250000000
52434  -17.550  -25.381  84.462 0.1250000000
53302  -17.753  -25.113  84.035 0.1250000000
53317  -17.573  -24.732  80.971 0.1250000000
49945  -17.239  -27.431  83.344 0.1250000000
126559  -18.081  -26.324  83.865 0.1250000000
54178  -17.112  -24.332  81.584 0.1250000000
120231  -35.816  -24.019  77.440 0.1250000000
113246  -17.740  -27.044  83.715 0.1250000000
108672  -35.063  -24.161  77.389 0.1250000000
54221  -34.339  -24.238  77.793 0.1250000000
123865  -17.061  -24.044  82.905 0.1250000000
54235  -34.542  -24.220  77.005 0.1250000000
107524  -34.304  -24.348  76.173 0.1250000000
54252  -33.382  -24.371  75.834 0.1250000000
53344  -27.257  -24.258  79.031 0.1250000000
107865  -32.797  -24.330  76.442 0.1250000000
128111  -27.124  -23.378  79.120 0.1250000000
54270  -33.227  -24.341  74.861 0.1250000000
54251  -32.350  -24.311  75.383 0.1250000000
55065  -27.265  -22.647  78.248 0.1250000000
121810  -31.907  -24.227  74.302 0.1250000000
54284  -31.118  -23.948  73.888 0.1250000000
54250  -31.379  -24.062  76.113 0.1250000000
54234  -32.542  -24.234  77.430 0.1250000000
55073  -27.540  -22.584  77.455 0.1250000000
54295  -29.818  -23.562  72.441 0.1250000000
109215  -30.462  -23.706  73.113 0.1250000000
55085  -27.115  -22.292  75.864 0.1250000000
55086  -27.846  -22.654  75.366 0.1250000000
55110  -28.070  -22.948  73.261 0.1250000000
54294  -28.842  -23.298  72.718 0.1250000000
107346  -27.961  -22.818  74.254 0.1250000000
51566  -8.414  -26.675  88.321 0.1250000000
52414  -9.002  -26.581  88.390 0.1250000000
52415  -9.669  -26.187  88.149 0.1250000000
117719  -10.345  -25.428  87.744 0.1250000000
53281  -10.637  -24.363  87.777 0.1250000000
53282  -11.324  -24.079  87.479 0.1250000000
53287  -12.057  -24.256  87.045 0.1250000000
51568  -8.218  -27.063  88.035 0.1250000000
50757  -9.272  -27.594  87.767 0.1250000000
46291  -24.526  -32.672  79.985 0.3750000000
51579  -9.181  -27.703  86.851 0.1250000000
108646  -9.595  -28.527  86.570 0.1250000000
53289  -14.230  -24.685  86.562 0.1250000000
45438  -24.435  -33.274  80.094 0.3750000000
110861  -9.482  -28.838  85.411 0.1250000000
48225  -23.883  -30.920  76.757 0.3750000000
49939  -9.376  -28.928  84.362 0.1250000000
48250  -23.585  -30.687  75.128 0.3750000000
49096  -8.300  -30.315  82.826 0.1250000000
49089  -8.732  -30.082  83.563 0.1250000000
53290  -15.190  -24.694  86.321 0.1250000000
48274  -23.681  -30.267  72.932 0.3750000000
48261  -23.439  -30.478  74.147 0.2500000000
52426  -15.720  -25.018  86.027 0.1250000000
52431  -16.353  -24.976  85.677 0.1250000000
123977  -24.216  -29.738  72.057 0.2500000000
52484  -37.677  -26.002  77.915 0.1250000000
51635  -38.777  -26.646  77.052 0.1250000000
51643  -39.386  -26.579  76.518 0.1250000000
48157  -7.760  -30.671  82.321 0.3750000000
47167  -7.066  -31.010  82.026 0.3750000000
53297  -17.408  -24.644  84.742 0.1250000000
53359  -37.401  -24.105  77.643 0.1250000000
122530  -37.766  -24.891  77.887 0.1250000000
50822  -38.936  -27.016  76.660 0.1250000000
52432  -17.076  -25.075  85.189 0.1250000000
54167  -17.442  -24.223  84.273 0.1250000000
54237  -36.567  -23.881  77.295 0.1250000000
54223  -36.922  -23.946  77.453 0.1250000000
120888  -37.477  -23.754  77.186 0.1250000000
50838  -39.332  -27.002  75.589 0.2500000000
54172  -17.415  -24.268  83.516 0.1250000000
54174  -16.687  -23.963  82.197 0.1250000000
54177  -16.431  -23.747  81.329 0.1250000000
54236  -35.329  -24.184  76.541 0.1250000000
109211  -36.456  -23.798  76.597 0.1250000000
53355  -26.324  -24.054  78.095 0.1250000000
106959  -33.998  -24.397  75.123 0.1250000000
54198  -26.296  -23.335  78.816 0.1250000000
54269  -32.783  -24.303  74.002 0.1250000000
106988  -31.348  -23.976  72.776 0.1250000000
107866  -32.105  -24.213  76.517 0.1250000000
54308  -29.247  -23.432  71.761 0.1250000000
55109  -27.314  -22.631  73.616 0.1250000000
55119  -28.015  -23.049  72.364 0.1250000000
52411  -8.693  -25.780  88.500 0.1250000000
127375  -8.998  -24.788  88.432 0.1250000000
53276  -9.289  -25.385  88.302 0.1250000000
53280  -9.915  -24.799  88.010 0.1250000000
54150  -10.260  -23.599  88.188 0.1250000000
52409  -7.222  -25.765  88.487 0.1250000000
115930  -10.996  -23.283  87.846 0.1250000000
126556  -11.733  -23.483  87.369 0.1250000000
122670  -11.803  -22.680  87.561 0.1250000000
54152  -12.765  -22.157  87.385 0.1250000000
46279  -23.830  -32.728  81.096 0.3750000000
46285  -24.264  -32.742  80.580 0.3750000000
51567  -7.633  -26.564  87.790 0.1250000000
54155  -12.733  -23.314  87.132 0.1250000000
110506  -13.893  -23.708  86.750 0.1250000000
54156  -13.684  -22.608  86.933 0.1250000000
108074  -9.391  -27.976  85.757 0.1250000000
119061  -14.781  -23.995  86.607 0.1250000000
54158  -15.538  -23.586  86.368 0.1250000000
50768  -9.513  -28.072  84.583 0.1250000000
48236  -23.634  -30.877  76.002 0.3750000000
125535  -8.565  -29.551  82.968 0.1250000000
49948  -8.637  -28.747  82.559 0.1250000000
50783  -8.758  -27.867  81.964 0.2500000000
127323  -16.093  -23.573  86.026 0.1250000000
55013  -15.999  -22.926  86.068 0.1250000000
49947  -7.963  -29.467  82.451 0.1250000000
49960  -7.981  -28.574  81.895 0.2500000000
51592  -8.813  -26.906  81.485 0.2500000000
53291  -16.093  -24.267  85.960 0.1250000000
53296  -16.927  -24.347  85.423 0.1250000000
125318  -17.247  -23.930  85.038 0.1250000000
52493  -38.983  -25.751  77.108 0.1250000000
49095  -7.325  -30.163  82.426 0.3750000000
48155  -6.205  -30.596  81.997 0.3750000000
54163  -16.986  -23.333  84.947 0.1250000000
52504  -39.636  -25.618  76.595 0.1250000000
51651  -39.789  -26.740  75.962 0.2500000000
51652  -40.365  -26.340  75.655 0.2500000000
50850  -39.007  -26.932  74.686 0.2500000000
121351  -39.942  -26.656  75.509 0.2500000000
54253  -34.930  -24.385  75.344 0.1250000000
53354  -25.730  -23.707  77.861 0.1250000000
55052  -26.142  -22.837  78.710 0.1250000000
106807  -33.678  -24.355  74.150 0.1250000000
55885  -26.429  -21.957  77.355 0.1250000000
55096  -26.456  -22.089  75.207 0.1250000000
54285  -32.005  -24.211  73.372 0.1250000000
55097  -27.169  -22.485  74.717 0.1250000000
55108  -26.455  -22.181  74.020 0.1250000000
55118  -27.504  -22.756  72.814 0.1250000000
54307  -28.531  -23.266  71.860 0.1250000000
55126  -27.879  -23.078  71.381 0.1250000000
49102  -6.024  -29.485  81.818 0.2500000000
111399  -7.181  -28.270  81.418 0.2500000000
51591  -8.116  -26.541  80.795 0.2500000000
52449  -7.688  -25.808  80.193 0.2500000000
49958  -5.489  -28.704  81.537 0.2500000000
111591  -7.255  -26.529  80.476 0.2500000000
51598  -6.610  -26.073  80.082 0.2500000000
53324  -7.595  -24.361  79.447 0.1250000000
53323  -6.703  -24.691  79.179 0.1250000000
49957  -4.456  -28.804  81.465 0.2500000000
50780  -4.884  -27.863  81.208 0.2500000000
53322  -5.806  -24.953  79.107 0.1250000000
54194  -7.084  -23.870  78.955 0.1250000000
125334  -7.320  -23.163  78.887 0.1250000000
51644  -39.998  -26.353  76.151 0.1250000000
50779  -3.847  -27.829  81.155 0.2500000000
116026  -4.313  -27.161  80.786 0.2500000000
52448  -5.493  -26.033  79.970 0.1250000000
50839  -39.740  -26.708  75.056 0.2500000000
50851  -39.555  -26.697  74.315 0.2500000000
121237  -40.067  -26.540  74.705 0.2500000000
51657  -40.323  -26.471  75.179 0.2500000000
49971  -2.880  -28.599  80.946 0.2500000000
54309  -30.098  -23.561  71.512 0.1250000000
121030  -5.054  -24.817  78.920 0.1250000000
54193  -6.596  -23.338  78.455 0.1250000000
52447  -4.566  -26.113  79.905 0.1250000000
116147  -4.610  -24.321  78.510 0.1250000000
54192  -5.378  -23.613  78.135 0.1250000000
107501  -3.432  -27.169  80.621 0.2500000000
120234  -3.017  -26.587  80.179 0.2500000000
52461  -3.785  -25.773  79.567 0.1250000000
53338  -3.375  -24.351  78.420 0.1250000000
54191  -3.969  -23.782  77.994 0.1250000000
112969  -2.685  -27.881  80.426 0.2500000000
54258  -41.249  -23.804  75.210 0.1250000000
54276  -41.920  -23.962  74.118 0.1250000000
54275  -41.608  -23.411  74.709 0.1250000000
55244  -38.183  -22.367  58.925 0.1250000000
56059  -38.291  -21.493  58.962 0.1250000000
56838  -38.417  -20.523  58.719 0.1250000000
54348  -42.820  -24.465  67.825 0.1250000000
52633  -38.589  -25.844  60.120 0.3750000000
126857  -39.120  -25.681  60.093 0.2500000000
54423  -39.885  -24.155  59.695 0.2500000000
109739  -40.021  -23.213  59.820 0.3750000000
52648  -38.122  -25.668  59.566 0.2500000000
52649  -38.883  -25.378  59.677 0.2500000000
54434  -39.325  -23.586  59.409 0.2500000000
55234  -39.506  -22.642  59.628 0.2500000000
56048  -39.746  -21.703  59.786 0.3750000000
53551  -38.414  -24.901  59.148 0.2500000000
54433  -38.497  -23.923  58.923 0.2500000000
124434  -38.738  -22.932  59.203 0.2500000000
56824  -40.994  -20.590  59.792 0.5000000000
56840  -40.573  -20.013  59.424 0.2500000000
57638  -41.653  -18.671  59.007 0.2500000000
128909  -38.128  -23.133  58.776 0.2500000000
56823  -40.076  -20.797  59.674 0.2500000000
59420  -42.487  -17.636  58.730 0.2500000000
120588  -42.098  -17.038  58.093 0.2500000000
60348  -42.792  -15.931  58.223 0.2500000000
55233  -38.867  -22.009  59.485 0.2500000000
56060  -39.102  -21.090  59.447 0.1250000000
56839  -39.503  -20.085  59.086 0.1250000000
57637  -40.246  -19.365  58.938 0.2500000000
58499  -40.801  -18.758  58.693 0.2500000000
61239  -43.021  -15.068  57.816 0.2500000000
122849  -39.488  -19.331  58.614 0.2500000000
58498  -39.910  -18.762  58.417 0.1250000000
60330  -42.654  -16.847  58.479 0.2500000000
57636  -38.744  -19.587  58.461 0.1250000000
58497  -39.032  -18.827  58.173 0.1250000000
54357  -42.917  -24.422  67.016 0.1250000000
114522  -43.488  -25.120  65.765 0.1250000000
53490  -43.618  -24.682  66.114 0.1250000000
52583  -43.392  -25.225  64.982 0.2500000000
55236  -41.068  -22.084  60.362 0.5000000000
122528  -40.555  -22.829  60.249 0.5000000000
55235  -40.257  -22.296  60.046 0.5000000000
124856  -41.317  -19.934  59.594 0.5000000000
61225  -43.375  -15.609  58.487 0.2500000000
62107  -43.621  -14.707  58.108 0.2500000000
62125  -43.894  -13.927  57.747 0.1250000000
62910  -44.544  -13.461  58.150 0.2500000000
112003  -42.650  -23.940  67.028 0.1250000000
126128  -43.138  -23.967  66.476 0.1250000000
52591  -42.826  -25.360  63.426 0.2500000000
52593  -44.076  -24.914  64.323 0.2500000000
52592  -43.689  -24.991  63.602 0.2500000000
56049  -40.633  -21.404  60.014 0.5000000000
61226  -44.055  -15.237  58.766 0.2500000000
62921  -44.843  -12.705  57.801 0.2500000000
112736  -45.420  -12.055  58.108 0.2500000000
60331  -43.199  -16.578  58.782 0.2500000000
124456  -45.798  -11.414  58.278 0.3750000000
53501  -44.983  -24.365  64.555 0.1250000000
53517  -43.515  -24.724  62.727 0.1250000000
53506  -44.115  -24.626  63.284 0.2500000000
53500  -44.434  -24.640  63.879 0.2500000000
108183  -44.078  -24.399  62.834 0.2500000000
116997  -44.973  -24.254  63.886 0.1250000000
53507  -44.621  -24.042  63.324 0.2500000000
64586  -46.310  -11.096  58.554 0.3750000000
108531  -46.072  -10.885  58.012 0.3750000000
65400  -46.523  -10.582  57.625 0.2500000000
65401  -47.324  -10.273  57.536 0.3750000000
66189  -50.771  -9.273  57.978 0.2500000000
123480  -51.540  -8.830  58.615 0.2500000000
66190  -51.426  -8.983  58.170 0.2500000000
66957  -51.925  -8.550  58.464 0.2500000000
67732  -51.734  -8.286  59.012 0.1250000000
67733  -52.214  -7.751  58.377 0.1250000000
66970  -52.003  -8.683  57.916 0.2500000000
68578  -51.896  -6.717  58.566 0.1250000000
66971  -52.213  -8.381  57.110 0.2500000000
66958  -52.330  -8.229  57.547 0.2500000000
67749  -52.445  -7.618  57.538 0.1250000000
66199  -51.885  -8.819  56.349 0.2500000000
66972  -52.542  -8.091  56.468 0.2500000000
116283  -51.977  -9.122  55.638 0.2500000000
66200  -52.475  -8.573  55.818 0.2500000000
68579  -52.318  -6.688  57.833 0.1250000000
66980  -52.806  -8.218  55.794 0.2500000000
67750  -52.566  -7.735  56.796 0.1250000000
68593  -52.535  -7.153  57.061 0.1250000000
66204  -53.040  -8.548  55.345 0.2500000000
127927  -52.958  -7.868  55.884 0.2500000000
68611  -52.879  -7.139  56.491 0.1250000000
67782  -53.295  -7.910  55.665 0.2500000000
67769  -53.700  -7.631  55.518 0.2500000000
67783  -54.018  -8.088  55.125 0.1250000000
66217  -54.527  -9.110  51.322 0.1250000000
68612  -53.483  -7.125  55.930 0.2500000000
67804  -54.912  -7.863  53.083 0.1250000000
67817  -54.801  -7.985  52.360 0.1250000000
118212  -54.616  -8.343  51.544 0.1250000000
119705  -53.243  -6.479  56.265 0.1250000000
67816  -54.697  -7.467  52.699 0.1250000000
67803  -54.801  -7.297  53.376 0.2500000000
68672  -54.409  -7.279  52.375 0.1250000000
68671  -53.775  -7.100  51.999 0.1250000000
67830  -53.922  -7.653  51.223 0.1250000000
67842  -53.467  -8.021  50.501 0.1250000000
68658  -54.479  -6.924  53.075 0.2500000000
67829  -53.020  -7.533  51.424 0.1250000000
67828  -51.840  -7.605  51.721 0.1250000000
67841  -52.300  -7.999  50.855 0.1250000000
66993  -51.117  -8.073  51.186 0.1250000000
67002  -51.563  -8.409  50.346 0.1250000000
112407  -50.934  -8.851  49.854 0.1250000000
67003  -52.653  -8.295  49.983 0.1250000000
117549  -50.367  -9.202  49.480 0.1250000000
65461  -49.856  -10.112  48.298 0.1250000000
67013  -52.000  -8.653  49.478 0.1250000000
66230  -51.334  -9.242  48.976 0.1250000000
66229  -49.484  -9.379  49.652 0.1250000000
52482  -35.982  -25.067  78.745 0.1250000000
51614  -34.714  -25.947  79.385 0.1250000000
52481  -35.086  -24.850  78.927 0.1250000000
53348  -34.422  -24.721  78.832 0.1250000000
54205  -34.395  -24.491  78.492 0.1250000000
53333  -32.874  -25.184  79.218 0.1250000000
123187  -32.033  -24.430  78.658 0.1250000000
120852  -32.674  -24.421  78.330 0.1250000000
54220  -33.472  -24.311  77.980 0.1250000000
126658  -24.175  -34.722  73.303 0.3750000000
125930  -8.007  -31.193  81.513 0.3750000000
47168  -8.066  -31.079  82.054 0.3750000000
48165  -5.857  -30.821  81.755 0.3750000000
48166  -6.406  -30.888  81.939 0.3750000000
49101  -5.647  -30.189  81.827 0.2500000000
116648  -5.248  -29.464  81.673 0.2500000000
49956  -3.438  -28.600  81.236 0.2500000000
51695  -40.354  -26.646  68.904 0.3750000000
50861  -39.019  -26.829  73.707 0.2500000000
50888  -38.623  -26.756  72.188 0.1250000000
50862  -39.452  -26.695  73.351 0.2500000000
52603  -43.279  -25.087  63.018 0.1250000000
107291  -25.908  -35.088  73.107 0.3750000000
53382  -41.497  -24.616  74.740 0.1250000000
49984  -33.740  -28.374  79.666 0.1250000000
121803  -29.013  -36.041  72.222 0.3750000000
42191  -28.268  -35.520  72.615 0.3750000000
42190  -27.129  -35.363  72.746 0.3750000000
46331  -18.218  -32.505  76.573 0.2500000000
119681  -13.391  -30.137  72.908 0.2500000000
127513  -13.831  -29.578  73.246 0.2500000000
48223  -18.210  -30.447  76.376 0.2500000000
47260  -17.029  -31.420  74.196 0.2500000000
48244  -11.564  -30.442  74.022 0.3750000000
47271  -11.918  -30.820  73.202 0.3750000000
109531  -11.080  -30.411  74.754 0.3750000000
48233  -11.667  -29.897  74.862 0.2500000000
48220  -10.428  -30.582  75.963 0.3750000000
122900  -41.178  -18.209  58.429 0.2500000000
50090  -26.096  -28.933  71.712 0.1250000000
53356  -27.018  -24.462  78.310 0.1250000000
52468  -28.033  -24.721  79.140 0.1250000000
52446  -20.077  -26.188  81.931 0.1250000000
53329  -28.431  -24.417  79.346 0.1250000000
53330  -29.445  -24.424  79.485 0.1250000000
54187  -29.946  -23.940  79.269 0.1250000000
57624  -41.137  -19.364  59.218 0.2500000000
66986  -54.879  -7.917  53.906 0.1250000000
66214  -54.614  -8.801  52.642 0.1250000000
66205  -53.557  -8.669  54.881 0.1250000000
119425  -54.429  -8.219  54.538 0.1250000000
49158  -19.337  -30.032  77.804 0.2500000000
50805  -36.080  -27.218  78.940 0.1250000000
49127  -19.135  -28.946  79.147 0.2500000000
49197  -13.003  -29.360  74.376 0.2500000000
48248  -17.283  -30.223  74.910 0.2500000000
49169  -17.726  -29.623  76.352 0.2500000000
49141  -18.041  -28.997  77.993 0.2500000000
49183  -14.294  -28.754  74.837 0.2500000000
49184  -16.097  -29.169  75.038 0.2500000000
49200  -15.809  -29.424  74.269 0.2500000000
50054  -15.253  -28.812  74.905 0.2500000000
50028  -13.690  -28.643  76.868 0.2500000000
48175  -10.039  -30.712  80.896 0.3750000000
51613  -33.944  -25.848  79.519 0.1250000000
114829  -33.228  -26.411  79.782 0.1250000000
48148  -10.156  -31.135  85.074 0.1250000000
49079  -10.702  -29.401  86.760 0.1250000000
48162  -11.496  -30.368  82.664 0.1250000000
49091  -12.382  -30.067  84.385 0.1250000000
47274  -25.228  -31.754  73.571 0.3750000000
42225  -24.766  -34.742  72.601 0.2500000000
52474  -33.739  -25.285  79.330 0.1250000000
52475  -34.494  -25.307  79.262 0.1250000000
52473  -33.076  -25.426  79.413 0.1250000000
53334  -33.697  -25.022  79.131 0.1250000000
53346  -32.692  -24.993  79.068 0.1250000000
42241  -25.147  -34.829  71.605 0.2500000000
42226  -25.899  -35.215  71.935 0.2500000000
128265  -26.261  -35.189  71.622 0.2500000000
42227  -26.927  -35.597  71.884 0.2500000000
53345  -31.929  -24.678  79.062 0.1250000000
42242  -27.035  -35.489  71.692 0.3750000000
54218  -30.829  -23.759  78.377 0.1250000000
54232  -30.557  -23.608  76.889 0.1250000000
112361  -29.030  -23.823  79.178 0.1250000000
119979  -29.457  -23.468  78.393 0.1250000000
54216  -29.099  -23.284  77.901 0.1250000000
55087  -28.998  -23.134  76.573 0.1250000000
55055  -28.629  -23.283  78.483 0.1250000000
115427  -28.175  -22.949  77.913 0.1250000000
54266  -28.707  -23.206  73.839 0.1250000000
47166  -10.171  -31.509  83.476 0.2500000000
51634  -38.263  -26.779  77.457 0.1250000000
48277  -26.561  -30.063  72.031 0.3750000000
127827  -27.078  -29.848  72.225 0.3750000000
53358  -36.607  -24.220  77.889 0.1250000000
54222  -35.120  -24.142  77.981 0.1250000000
53328  -27.582  -24.067  79.309 0.1250000000
54200  -28.234  -23.435  79.066 0.1250000000
55053  -26.919  -22.851  78.784 0.1250000000
106989  -31.307  -24.104  74.989 0.1250000000
54201  -29.247  -23.587  78.861 0.1250000000
119613  -9.849  -27.629  87.760 0.1250000000
125731  -9.848  -26.977  88.018 0.1250000000
50758  -10.164  -28.373  87.409 0.1250000000
49929  -9.988  -28.789  87.082 0.1250000000
120294  -10.979  -28.721  87.138 0.1250000000
48144  -9.998  -30.668  85.646 0.1250000000
49078  -10.191  -29.506  86.581 0.1250000000
48147  -9.653  -30.992  84.928 0.2500000000
127948  -9.759  -28.447  87.086 0.1250000000
120079  -9.720  -29.478  85.959 0.1250000000
50763  -13.436  -28.027  85.985 0.1250000000
49090  -9.336  -30.511  84.664 0.2500000000
49934  -9.456  -29.696  85.055 0.2500000000
115459  -9.147  -29.866  84.210 0.2500000000
50830  -39.197  -27.063  76.229 0.2500000000
122068  -17.185  -25.644  84.932 0.1250000000
115891  -33.632  -24.278  76.999 0.1250000000
53327  -26.980  -23.629  79.109 0.1250000000
54199  -26.761  -23.187  78.972 0.1250000000
106771  -27.713  -22.573  76.439 0.1250000000
54296  -30.735  -23.755  72.117 0.1250000000
55886  -27.008  -22.260  76.949 0.1250000000
52410  -8.023  -25.860  88.589 0.1250000000
50756  -8.767  -27.416  87.616 0.1250000000
50760  -9.446  -27.878  87.291 0.1250000000
51572  -8.178  -26.985  87.592 0.1250000000
49942  -9.108  -29.034  83.416 0.1250000000
50771  -9.533  -28.096  83.582 0.1250000000
53343  -26.568  -23.855  78.753 0.1250000000
55064  -26.478  -22.477  78.417 0.1250000000
55876  -26.807  -22.311  77.818 0.1250000000
54321  -28.716  -23.295  71.107 0.1250000000
51578  -8.571  -26.946  86.816 0.1250000000
126147  -9.175  -27.254  86.102 0.1250000000
51583  -9.409  -27.108  84.871 0.1250000000
109128  -9.661  -27.406  83.861 0.1250000000
50774  -9.328  -28.020  82.729 0.1250000000
51593  -9.371  -27.138  82.190 0.1250000000
49094  -6.462  -30.129  82.155 0.2500000000
49946  -7.057  -29.304  81.971 0.2500000000
50782  -8.060  -27.613  81.340 0.2500000000
50789  -7.238  -27.308  80.894 0.2500000000
53342  -25.980  -23.500  78.458 0.1250000000
54197  -25.684  -23.073  78.628 0.1250000000
55867  -25.760  -22.287  78.452 0.1250000000
55875  -26.135  -21.976  78.040 0.1250000000
55084  -26.357  -21.838  76.374 0.1250000000
108027  -25.907  -21.698  75.552 0.1250000000
49959  -6.395  -28.739  81.589 0.2500000000
52465  -8.067  -24.924  79.932 0.2500000000
50788  -6.411  -26.883  80.641 0.2500000000
50781  -6.136  -27.846  81.139 0.2500000000
52464  -7.215  -25.235  79.655 0.2500000000
52463  -6.178  -25.419  79.537 0.1250000000
50787  -5.361  -27.112  80.805 0.2500000000
51597  -4.853  -26.571  80.398 0.2500000000
52462  -4.957  -25.429  79.462 0.1250000000
53339  -5.970  -24.255  78.679 0.1250000000
51596  -3.768  -26.535  80.174 0.2500000000
53321  -3.875  -24.976  78.996 0.1250000000
50786  -2.855  -27.128  80.316 0.2500000000
53320  -2.966  -25.362  79.129 0.1250000000
53381  -41.031  -24.652  75.360 0.1250000000
53552  -39.155  -24.551  59.387 0.2500000000
58515  -40.411  -18.189  58.081 0.1250000000
58514  -39.514  -18.232  57.808 0.1250000000
57651  -38.169  -18.983  57.929 0.1250000000
52584  -44.265  -24.731  65.088 0.2500000000
66979  -52.326  -8.403  56.455 0.2500000000
66982  -53.447  -8.347  55.272 0.2500000000
66989  -54.650  -8.563  52.126 0.1250000000
66987  -54.783  -8.312  52.742 0.1250000000
114692  -54.617  -7.760  51.933 0.1250000000
67831  -54.383  -7.692  51.562 0.1250000000
68657  -53.970  -6.665  52.857 0.1250000000
67843  -54.260  -8.096  50.684 0.1250000000
122531  -53.461  -8.302  49.688 0.1250000000
69483  -54.076  -6.249  53.511 0.2500000000
67815  -52.534  -7.033  52.288 0.1250000000
67001  -50.458  -8.520  50.702 0.1250000000
67012  -49.894  -8.962  50.212 0.1250000000
106552  -50.219  -9.580  48.905 0.1250000000
66239  -49.154  -9.831  49.030 0.1250000000
54204  -33.545  -24.638  78.606 0.1250000000
52459  -32.506  -25.869  79.773 0.1250000000
54203  -32.727  -24.775  78.800 0.1250000000
51612  -33.106  -25.775  79.651 0.1250000000
35276  -6.645  -45.107  74.646 0.1250000000
40342  -16.616  -38.817  77.117 0.2500000000
41232  -17.209  -38.305  77.445 0.2500000000
125942  -16.411  -38.895  76.378 0.1250000000
40362  -16.382  -38.583  75.111 0.1250000000
41262  -16.319  -38.660  74.286 0.1250000000
41263  -16.987  -37.870  74.803 0.1250000000
41276  -16.806  -38.081  73.801 0.1250000000
114971  -30.284  -36.188  72.983 0.1250000000
41304  -30.027  -36.394  71.919 0.1250000000
42212  -29.627  -36.288  72.219 0.1250000000
127542  -20.413  -34.693  72.938 0.1250000000
41288  -28.878  -36.344  71.775 0.1250000000
41290  -29.312  -36.744  71.965 0.1250000000
43119  -21.310  -34.314  72.465 0.1250000000
41302  -29.034  -36.411  71.627 0.1250000000
112681  -32.124  -35.517  72.831 0.2500000000
114236  -29.718  -36.530  70.806 0.1250000000
114658  -30.360  -36.347  71.197 0.1250000000
108927  -30.959  -36.273  71.422 0.1250000000
42228  -28.159  -35.921  71.913 0.2500000000
42229  -29.018  -36.294  72.008 0.1250000000
42243  -28.023  -35.874  71.780 0.1250000000
42262  -26.855  -35.436  69.765 0.1250000000
42230  -31.796  -35.745  72.472 0.2500000000
43141  -21.063  -34.148  71.248 0.1250000000
41319  -30.925  -36.200  70.851 0.1250000000
42244  -31.483  -35.967  71.651 0.2500000000
42231  -32.382  -35.242  72.850 0.2500000000
124386  -20.875  -34.306  70.283 0.1250000000
41331  -26.751  -35.813  68.716 0.1250000000
42245  -31.771  -35.711  71.510 0.2500000000
50806  -2.705  -27.264  79.295 0.1250000000
52485  -2.368  -24.965  77.519 0.1250000000
52486  -2.502  -25.395  77.408 0.1250000000
108146  -26.817  -35.262  70.870 0.1250000000
108940  -22.133  -34.077  71.385 0.1250000000
42260  -25.453  -34.720  70.592 0.1250000000
42261  -26.244  -34.919  70.170 0.1250000000
41300  -27.676  -35.765  71.193 0.1250000000
123789  -21.766  -34.151  70.381 0.1250000000
43105  -32.578  -35.081  72.757 0.3750000000
43091  -32.917  -34.979  73.422 0.3750000000
43156  -21.246  -34.317  69.339 0.1250000000
126184  -26.309  -35.334  69.318 0.1250000000
121324  -25.951  -35.501  68.659 0.1250000000
42263  -31.277  -35.996  70.915 0.2500000000
43122  -32.171  -35.323  71.796 0.3750000000
107411  -22.428  -34.222  69.604 0.1250000000
42264  -31.629  -35.713  70.943 0.2500000000
50797  -2.634  -27.201  79.757 0.1250000000
118573  -2.608  -26.597  79.229 0.1250000000
51625  -2.515  -25.646  78.061 0.1250000000
53337  -2.600  -24.432  78.057 0.1250000000
52494  -2.283  -24.601  77.019 0.1250000000
52496  -4.082  -25.575  76.597 0.2500000000
52495  -2.585  -25.172  76.628 0.1250000000
52507  -5.040  -25.164  76.004 0.1250000000
52506  -3.664  -24.976  75.940 0.1250000000
53372  -2.559  -24.605  75.812 0.1250000000
42223  -23.518  -34.790  73.540 0.2500000000
43120  -22.593  -34.271  72.300 0.1250000000
42259  -24.137  -34.432  71.077 0.1250000000
52450  -8.448  -25.484  80.556 0.1250000000
127491  -22.658  -34.199  70.513 0.1250000000
43142  -23.187  -34.188  71.249 0.1250000000
127521  -24.800  -34.693  71.072 0.1250000000
42281  -23.533  -34.449  70.014 0.1250000000
107451  -24.796  -34.459  69.992 0.1250000000
42282  -25.700  -34.884  69.564 0.1250000000
116201  -24.212  -34.542  68.927 0.1250000000
107727  -25.161  -35.056  68.825 0.1250000000
114001  -22.067  -34.182  68.721 0.1250000000
43157  -23.094  -34.212  68.806 0.1250000000
42298  -24.700  -35.011  68.061 0.1250000000
42297  -23.728  -34.352  67.968 0.1250000000
123808  -24.289  -34.794  67.393 0.1250000000
106872  -25.127  -35.152  67.308 0.1250000000
42299  -25.513  -35.536  68.003 0.1250000000
113437  -32.374  -34.448  71.073 0.5000000000
54189  -2.343  -24.120  77.376 0.1250000000
54208  -2.441  -23.636  77.247 0.1250000000
53351  -2.192  -24.180  76.895 0.1250000000
54226  -2.105  -23.999  76.577 0.1250000000
110967  -2.039  -23.988  76.088 0.1250000000
55078  -2.313  -23.160  75.837 0.1250000000
53373  -4.596  -24.747  75.279 0.1250000000
53385  -4.016  -24.462  74.472 0.1250000000
53386  -5.352  -24.597  74.510 0.1250000000
53399  -3.929  -24.409  73.710 0.1250000000
52444  -9.294  -25.532  81.505 0.1250000000
53316  -8.622  -24.591  80.416 0.1250000000
53400  -4.817  -24.360  73.609 0.1250000000
53401  -6.030  -24.322  73.794 0.1250000000
47326  -31.102  -32.333  68.156 0.1250000000
113345  -30.844  -31.529  67.815 0.1250000000
120391  -31.288  -31.416  68.479 0.1250000000
49269  -30.726  -30.066  67.123 0.1250000000
49263  -30.954  -29.289  67.436 0.1250000000
50119  -30.513  -29.280  66.831 0.1250000000
50110  -31.115  -28.546  67.835 0.2500000000
50921  -31.070  -27.602  67.750 0.2500000000
50931  -30.891  -26.863  67.169 0.2500000000
51720  -30.530  -26.602  66.285 0.2500000000
106803  -31.609  -26.072  67.314 0.2500000000
51721  -31.310  -25.899  66.546 0.2500000000
52565  -32.008  -25.084  65.941 0.2500000000
51739  -30.179  -26.293  64.841 0.1250000000
62891  -48.890  -13.166  63.051 0.2500000000
62087  -48.559  -14.165  63.275 0.2500000000
51636  -4.696  -26.208  77.213 0.1250000000
41277  -29.321  -36.799  72.020 0.1250000000
41306  -31.254  -36.237  72.234 0.1250000000
115987  -33.036  -34.954  73.492 0.3750000000
43956  -31.889  -34.806  70.516 0.3750000000
122888  -31.362  -28.732  68.433 0.2500000000
51616  -2.530  -25.945  78.785 0.1250000000
51606  -2.968  -26.019  79.716 0.1250000000
128800  -2.943  -24.809  78.685 0.1250000000
52460  -2.661  -25.648  78.976 0.1250000000
40353  -16.433  -38.721  75.790 0.1250000000
41301  -28.436  -36.152  71.419 0.1250000000
51605  -2.725  -26.407  79.589 0.1250000000
52477  -2.468  -25.228  78.132 0.1250000000
53336  -2.364  -24.540  77.431 0.1250000000
126851  -2.236  -24.180  77.067 0.1250000000
53362  -2.163  -24.242  76.467 0.1250000000
121435  -3.467  -24.651  75.263 0.1250000000
43159  -31.430  -35.151  69.966 0.2500000000
54207  -2.175  -23.993  76.946 0.1250000000
54242  -2.095  -23.802  76.001 0.1250000000
121648  -2.655  -24.385  74.821 0.1250000000
50115  -30.618  -28.259  67.239 0.2500000000
51729  -30.326  -26.457  65.516 0.2500000000
51730  -31.109  -25.761  65.666 0.2500000000
48235  -23.221  -30.332  75.842 0.2500000000
48180  -24.104  -31.327  80.262 0.2500000000
47204  -24.446  -31.892  79.823 0.2500000000
48204  -23.367  -30.138  78.320 0.1250000000
48205  -23.994  -30.846  78.676 0.2500000000
30644  -4.887  -51.343  70.793 0.1250000000
114044  -6.755  -49.927  70.698 0.2500000000
30645  -5.805  -50.622  70.343 0.2500000000
31546  -6.562  -49.899  69.880 0.2500000000
31556  -7.178  -49.199  69.486 0.2500000000
52505  -40.305  -25.647  76.087 0.1250000000
52524  -40.892  -26.130  75.183 0.1250000000
53518  -44.274  -23.915  62.681 0.1250000000
55217  -44.625  -22.338  62.164 0.1250000000
54405  -44.945  -23.500  63.126 0.1250000000
65382  -50.190  -9.803  59.959 0.2500000000
65394  -50.347  -9.582  59.462 0.2500000000
69443  -53.657  -6.234  55.648 0.1250000000
69452  -53.655  -5.166  55.304 0.1250000000
65414  -47.535  -10.210  55.563 0.2500000000
68623  -54.053  -6.972  55.328 0.1250000000
117738  -54.273  -7.520  55.078 0.1250000000
69453  -53.958  -5.998  54.833 0.1250000000
68633  -54.472  -6.832  54.517 0.1250000000
68644  -54.463  -6.591  53.740 0.1250000000
114767  -54.865  -7.235  53.984 0.1250000000
66180  -50.827  -9.250  58.830 0.2500000000
66202  -51.193  -9.288  56.163 0.3750000000
70291  -53.819  -5.108  54.143 0.1250000000
69470  -54.050  -5.832  53.894 0.1250000000
48224  -23.414  -30.430  76.669 0.2500000000
48214  -23.828  -30.698  77.577 0.2500000000
48191  -24.056  -31.057  79.600 0.2500000000
66197  -50.561  -9.316  57.039 0.2500000000
67795  -54.614  -7.663  54.551 0.1250000000
47217  -24.388  -31.738  79.033 0.2500000000
66198  -51.346  -9.020  57.208 0.2500000000
30654  -4.686  -51.412  69.687 0.1250000000
31555  -6.250  -49.771  68.973 0.1250000000
66168  -50.700  -9.327  59.640 0.2500000000
118820  -50.578  -9.446  60.184 0.2500000000
69461  -54.099  -5.859  54.172 0.1250000000
41335  -30.785  -36.123  70.090 0.1250000000
42130  -21.747  -35.386  78.486 0.1250000000
42131  -22.813  -35.281  78.230 0.1250000000
43867  -24.670  -34.338  78.239 0.2500000000
42284  -31.126  -35.831  70.250 0.1250000000
42285  -31.418  -35.480  70.303 0.1250000000
42314  -30.152  -35.940  68.505 0.1250000000
42300  -30.561  -35.547  68.801 0.1250000000
43026  -21.511  -35.800  79.623 0.1250000000
42129  -20.689  -36.073  78.950 0.2500000000
41242  -17.038  -38.313  76.438 0.1250000000
41253  -17.002  -38.084  75.592 0.1250000000
43158  -31.052  -35.483  69.528 0.1250000000
43170  -30.794  -34.902  68.614 0.1250000000
43962  -31.413  -34.553  69.457 0.1250000000
42315  -30.445  -34.819  67.956 0.1250000000
50118  -30.063  -28.430  66.523 0.1250000000
50939  -29.931  -27.441  66.038 0.1250000000
51740  -30.970  -25.702  64.961 0.1250000000
52578  -31.554  -25.198  64.453 0.1250000000
52570  -31.923  -25.132  65.020 0.1250000000
127868  -32.823  -24.877  64.673 0.1250000000
60346  -41.425  -16.672  57.435 0.1250000000
126430  -42.001  -16.431  57.693 0.1250000000
60360  -41.975  -15.806  57.280 0.1250000000
128117  -41.641  -17.316  57.936 0.1250000000
60347  -42.348  -16.240  57.906 0.1250000000
61238  -42.534  -15.421  57.533 0.1250000000
62123  -42.721  -14.626  57.128 0.1250000000
62124  -43.261  -14.289  57.435 0.1250000000
63784  -50.875  -12.298  51.185 0.1250000000
63785  -51.527  -12.172  51.046 0.1250000000
63791  -52.332  -12.112  50.354 0.1250000000
64626  -50.514  -10.691  52.902 0.1250000000
64635  -50.920  -11.304  52.205 0.1250000000
63776  -51.269  -11.813  51.568 0.1250000000
63786  -52.183  -11.931  50.830 0.1250000000
63787  -52.764  -11.522  50.613 0.1250000000
64636  -51.773  -11.246  52.103 0.1250000000
64627  -51.459  -10.719  52.844 0.1250000000
64638  -53.155  -10.714  51.590 0.1250000000
64641  -52.682  -11.340  51.155 0.1250000000
127127  -53.243  -11.168  50.455 0.1250000000
65442  -53.640  -10.408  51.277 0.1250000000
64642  -53.221  -10.979  50.893 0.1250000000
120875  -20.219  -36.831  80.461 0.1250000000
107691  -20.356  -36.079  78.012 0.2500000000
113781  -50.159  -10.233  53.755 0.1250000000
43027  -22.371  -35.387  79.279 0.1250000000
43028  -23.370  -35.251  78.976 0.1250000000
50930  -30.260  -27.476  66.702 0.1250000000
119741  -30.882  -35.790  69.620 0.1250000000
43961  -31.056  -34.272  68.297 0.1250000000
50948  -29.719  -27.259  65.319 0.1250000000
62959  -51.133  -12.506  50.777 0.1250000000
63790  -51.635  -12.461  50.490 0.1250000000
64640  -52.021  -11.656  51.407 0.1250000000
63792  -52.941  -11.644  50.188 0.1250000000
30633  -6.207  -50.529  71.380 0.1250000000
32511  -6.511  -48.955  67.786 0.1250000000
32524  -6.161  -49.020  67.013 0.1250000000
32536  -6.044  -48.545  65.599 0.1250000000
33485  -5.936  -48.015  64.202 0.1250000000
128431  -5.436  -48.255  63.666 0.1250000000
33510  -5.108  -47.800  62.106 0.1250000000
34490  -5.194  -47.293  61.491 0.1250000000
33523  -4.756  -48.426  61.620 0.1250000000
32592  -4.707  -49.064  61.151 0.1250000000
34502  -5.020  -47.142  60.748 0.1250000000
33524  -4.732  -47.773  61.183 0.1250000000
32512  -7.121  -48.419  67.415 0.1250000000
125612  -6.975  -48.077  65.681 0.1250000000
33453  -7.851  -47.669  66.115 0.1250000000
33466  -6.452  -48.047  65.016 0.1250000000
34469  -8.098  -46.922  64.674 0.1250000000
33500  -6.735  -47.447  63.660 0.1250000000
113740  -7.607  -46.997  63.973 0.1250000000
33499  -5.877  -47.815  63.339 0.1250000000
34491  -6.001  -47.062  62.066 0.1250000000
114880  -4.566  -48.414  60.717 0.1250000000
32606  -4.498  -48.402  59.802 0.1250000000
35457  -5.468  -45.884  59.461 0.1250000000
34536  -4.711  -46.545  59.073 0.1250000000
52610  -34.030  -25.165  61.741 0.1250000000
51772  -35.465  -25.789  61.398 0.1250000000
121060  -34.667  -25.434  61.386 0.1250000000
52622  -34.933  -25.513  60.791 0.1250000000
51799  -35.546  -25.918  59.622 0.1250000000
51785  -35.537  -25.839  60.428 0.1250000000
51809  -36.667  -26.344  59.249 0.1250000000
51808  -35.983  -26.238  59.152 0.1250000000
51786  -36.195  -26.168  60.867 0.1250000000
119028  -36.518  -26.396  59.709 0.1250000000
109814  -36.696  -26.417  60.393 0.1250000000
51810  -37.215  -26.315  59.499 0.1250000000
53550  -37.733  -25.251  58.837 0.1250000000
51811  -37.694  -26.123  59.764 0.1250000000
114872  -37.424  -25.927  59.105 0.1250000000
113231  -37.921  -24.510  58.663 0.1250000000
54432  -37.472  -23.667  58.408 0.1250000000
51788  -37.607  -26.303  60.323 0.1250000000
51801  -38.081  -26.078  60.233 0.1250000000
61202  -47.672  -15.744  62.990 0.1250000000
60307  -47.033  -17.025  62.590 0.1250000000
60308  -47.590  -16.744  63.107 0.1250000000
61203  -48.365  -15.199  63.498 0.1250000000
62082  -49.026  -14.614  63.915 0.1250000000
62881  -49.258  -13.602  63.696 0.1250000000
62892  -49.525  -12.692  63.440 0.1250000000
64597  -45.608  -11.403  57.745 0.1250000000
64607  -45.906  -10.825  56.412 0.1250000000
64598  -45.966  -10.840  57.333 0.1250000000
65413  -46.686  -10.525  55.892 0.1250000000
65409  -46.600  -10.472  56.923 0.1250000000
64611  -46.224  -10.737  55.135 0.1250000000
65420  -46.971  -10.533  54.904 0.1250000000
66191  -51.918  -8.628  57.234 0.1250000000
66159  -50.908  -9.125  60.108 0.1250000000
66169  -50.891  -9.194  59.697 0.1250000000
50795  -32.696  -27.179  79.982 0.1250000000
32500  -7.748  -48.203  68.687 0.1250000000
114411  -7.286  -48.451  68.110 0.1250000000
33437  -7.958  -47.790  67.078 0.1250000000
34479  -6.444  -47.227  62.902 0.1250000000
34492  -7.140  -46.520  62.436 0.1250000000
34518  -4.853  -46.879  59.879 0.1250000000
33467  -7.544  -47.537  65.250 0.1250000000
52611  -34.818  -25.457  62.093 0.1250000000
111362  -37.031  -26.475  59.958 0.1250000000
66181  -51.117  -9.061  59.108 0.1250000000
126328  -51.318  -8.886  59.250 0.1250000000
66158  -50.515  -9.457  60.640 0.1250000000
31561  -5.953  -49.627  68.124 0.1250000000
31562  -6.989  -48.964  68.610 0.1250000000
32525  -6.819  -48.396  66.446 0.1250000000
32523  -5.786  -49.107  66.169 0.1250000000
32535  -5.382  -49.014  65.450 0.1250000000
33486  -7.094  -47.536  64.444 0.1250000000
33498  -5.384  -48.144  62.960 0.1250000000
33511  -5.673  -47.629  62.680 0.1250000000
33538  -4.497  -47.680  60.191 0.1250000000
33550  -4.414  -47.651  59.383 0.1250000000
117351  -34.148  -25.138  60.765 0.1250000000
51800  -36.086  -26.287  59.980 0.1250000000
32439  -5.704  -48.839  73.241 0.1250000000
32477  -7.415  -48.621  70.711 0.3750000000
32490  -7.656  -48.489  69.901 0.2500000000
34517  -4.507  -47.228  59.483 0.1250000000
35333  -5.442  -45.425  70.695 0.3750000000
36260  -8.394  -44.843  67.276 0.5000000000
36291  -8.468  -44.460  62.471 0.5000000000
37057  -4.150  -42.741  67.636 0.5000000000
37058  -4.638  -43.238  67.567 0.5000000000
37072  -5.927  -43.040  66.575 0.6250000000
37702  -7.314  -41.355  78.245 0.7500000000
37705  -10.174  -41.596  78.970 0.8750000000
37708  -6.801  -41.441  77.749 0.7500000000
37710  -8.706  -41.448  78.077 0.7500000000
37712  -11.102  -42.051  78.891 0.7500000000
37713  -11.927  -41.797  78.877 0.7500000000
37715  -13.294  -41.855  78.734 0.6250000000
37724  -6.002  -41.830  77.092 0.7500000000
37732  -13.583  -42.089  78.296 0.7500000000
37769  -2.465  -42.631  75.604 0.8750000000
37791  -8.270  -41.973  75.483 0.2500000000
37863  -4.053  -41.858  67.078 0.7500000000
38503  -7.967  -40.940  78.817 0.8750000000
38504  -8.907  -40.978  79.136 0.7500000000
38507  -6.261  -40.926  77.894 0.7500000000
38509  -8.663  -41.203  78.714 0.7500000000
38510  -9.529  -41.281  79.066 0.7500000000
38517  -5.359  -40.934  77.638 0.7500000000
38518  -5.973  -41.195  77.506 0.7500000000
38542  -15.054  -40.806  77.468 0.5000000000
38601  -3.215  -41.924  72.868 0.8750000000
38672  -3.429  -41.203  67.489 0.6250000000
39385  -9.024  -40.437  79.430 1.0000000000
39386  -9.737  -40.496  79.634 1.0000000000
39394  -6.336  -40.539  78.197 0.7500000000
39396  -7.395  -40.754  78.761 0.7500000000
39398  -12.020  -40.868  79.780 0.8750000000
39414  -3.508  -41.021  76.857 0.8750000000
39445  -2.718  -41.290  75.696 0.8750000000
39479  -2.847  -41.358  74.725 0.8750000000
39578  -3.447  -39.801  66.617 0.7500000000
39686  -4.403  -40.698  58.826 0.1250000000
40291  -8.466  -39.919  79.145 1.0000000000
40295  -13.964  -39.330  81.161 0.7500000000
40298  -15.742  -39.213  81.202 0.7500000000
40301  -6.360  -39.595  78.018 0.8750000000
40303  -7.814  -39.704  78.603 0.8750000000
40308  -5.745  -39.813  77.414 0.8750000000
40370  -4.431  -39.639  72.997 1.0000000000
40378  -3.803  -40.177  72.362 1.0000000000
40383  -7.905  -39.346  71.949 1.0000000000
40455  -3.269  -38.729  66.523 0.6250000000
40475  -4.923  -39.217  64.051 0.6250000000
40521  -4.467  -39.532  60.339 0.5000000000
41194  -16.046  -38.363  81.470 0.7500000000
41197  -8.263  -39.454  78.477 0.8750000000
41199  -9.676  -39.731  79.424 1.0000000000
41203  -15.625  -38.743  81.416 0.7500000000
41204  -17.163  -38.224  81.512 0.7500000000
41205  -18.653  -37.716  81.049 0.5000000000
41208  -8.643  -39.189  78.357 1.0000000000
41211  -13.025  -39.013  80.259 0.8750000000
41223  -17.942  -38.129  79.693 0.6250000000
41229  -5.007  -40.011  76.527 1.0000000000
41231  -6.374  -39.474  76.556 0.8750000000
41238  -4.315  -40.411  75.174 1.0000000000
41269  -4.539  -39.910  74.035 1.0000000000
41272  -6.181  -38.809  73.718 1.0000000000
41289  -29.090  -36.776  71.992 0.1250000000
41297  -8.669  -39.069  70.998 1.0000000000
41305  -30.662  -36.351  71.870 0.2500000000
41326  -6.601  -38.867  69.097 1.0000000000
41357  -2.804  -38.382  67.254 0.7500000000
41402  -3.799  -37.806  65.809 0.6250000000
42093  -19.272  -36.816  82.031 0.7500000000
42100  -20.093  -36.833  81.378 0.5000000000
42102  -8.219  -39.134  77.743 1.0000000000
42109  -20.159  -36.958  80.904 0.3750000000
42111  -6.607  -39.246  76.882 0.8750000000
42121  -7.789  -39.138  77.271 1.0000000000
42136  -10.326  -38.016  77.232 1.0000000000
42139  -18.658  -36.633  77.596 0.5000000000
42142  -22.401  -35.195  77.632 0.3750000000
42170  -25.338  -35.069  74.665 0.6250000000
42192  -29.475  -35.814  72.625 0.3750000000
42196  -32.124  -35.359  74.010 0.5000000000
42209  -24.550  -34.789  73.382 0.3750000000
42213  -30.739  -36.315  73.288 0.2500000000
42215  -32.581  -35.152  73.309 0.3750000000
42254  -8.955  -38.145  69.756 1.0000000000
42331  -3.252  -37.297  66.136 0.6250000000
42341  -3.604  -36.842  65.653 0.6250000000
42343  -4.187  -37.094  65.213 0.6250000000
42358  -4.403  -36.872  64.442 0.6250000000
43002  -20.355  -36.010  82.255 0.3750000000
43004  -21.606  -35.407  81.891 0.3750000000
43014  -21.244  -36.113  81.148 0.3750000000
43019  -21.398  -36.081  80.522 0.2500000000
43020  -22.110  -35.603  80.226 0.2500000000
43029  -24.066  -35.235  78.242 0.2500000000
43044  -25.177  -35.141  75.738 0.6250000000
43048  -33.120  -34.658  75.243 0.6250000000
43075  -28.168  -35.055  73.061 0.3750000000
43077  -30.714  -35.496  73.733 0.2500000000
43092  -33.235  -34.992  73.870 0.5000000000
43149  -3.022  -36.830  69.565 0.7500000000
43152  -8.506  -36.867  69.403 1.0000000000
43171  -31.110  -34.953  69.181 0.1250000000
43190  -2.677  -36.030  65.781 0.6250000000
43201  -3.533  -36.013  65.333 0.6250000000
43841  -20.976  -35.152  82.469 0.5000000000
43842  -18.063  -35.626  81.809 0.5000000000
43844  -19.904  -35.704  82.410 0.5000000000
43846  -21.248  -35.241  82.299 0.5000000000
43848  -22.572  -34.494  81.694 0.3750000000
43853  -22.900  -34.740  81.339 0.3750000000
43873  -32.495  -34.242  76.219 0.6250000000
43877  -25.091  -34.864  76.193 0.3750000000
43879  -31.245  -33.918  76.011 0.5000000000
43881  -32.320  -34.409  75.966 0.6250000000
43886  -25.939  -34.621  74.422 0.6250000000
43895  -27.173  -34.664  73.252 0.5000000000
43897  -30.901  -34.592  74.670 0.5000000000
43919  -32.865  -34.842  73.026 0.5000000000
43987  -3.320  -35.284  65.006 0.6250000000
44626  -22.101  -34.592  82.091 0.5000000000
44634  -23.609  -34.400  80.855 0.3750000000
44639  -24.400  -34.051  79.905 0.2500000000
44643  -24.560  -34.141  79.233 0.2500000000
44648  -24.866  -34.088  77.733 0.3750000000
44649  -31.505  -33.893  76.096 0.6250000000
44651  -33.066  -34.166  76.411 0.6250000000
44658  -33.246  -34.359  75.738 0.6250000000
44674  -26.991  -34.320  73.409 0.7500000000
44695  -33.568  -33.872  73.888 0.6250000000
44767  -2.210  -34.506  65.419 0.6250000000
44768  -2.472  -34.049  65.362 0.6250000000
44794  -4.092  -34.655  64.172 0.6250000000
44795  -4.297  -34.332  64.057 0.5000000000
45429  -18.943  -34.417  81.277 0.3750000000
45433  -22.655  -33.412  81.745 0.5000000000
45434  -24.058  -33.307  80.724 0.3750000000
45439  -24.500  -33.435  79.655 0.3750000000
45458  -33.331  -33.757  76.748 0.5000000000
45469  -25.275  -33.546  76.337 0.5000000000
45481  -16.651  -33.527  75.558 0.3750000000
45482  -25.616  -33.900  75.326 0.5000000000
45588  -2.355  -33.754  66.761 0.6250000000
45600  -2.718  -33.551  65.538 0.6250000000
45613  -3.307  -33.815  64.995 0.6250000000
46286  -4.686  -31.903  79.554 0.5000000000
46293  -32.582  -31.892  78.763 0.5000000000
46295  -3.093  -32.301  77.466 0.7500000000
46302  -24.538  -32.566  79.309 0.3750000000
46303  -24.629  -33.064  78.802 0.2500000000
46340  -8.773  -31.953  74.925 0.6250000000
46352  -26.165  -33.209  73.766 0.5000000000
46356  -2.846  -32.861  73.656 1.0000000000
46387  -14.462  -32.566  71.627 0.3750000000
46438  -3.172  -33.099  65.556 0.6250000000
46439  -3.953  -32.813  65.358 0.5000000000
47164  -10.493  -31.318  84.364 0.1250000000
47169  -8.856  -31.197  82.290 0.3750000000
47172  -4.082  -31.079  80.838 0.3750000000
47174  -5.515  -31.092  81.385 0.3750000000
47194  -23.498  -31.096  81.098 0.3750000000
47195  -24.303  -32.020  80.471 0.2500000000
47216  -20.199  -30.970  78.859 0.3750000000
47283  -14.681  -31.404  72.082 0.3750000000
47284  -15.357  -31.742  72.518 0.3750000000
47292  -13.030  -31.667  71.680 0.3750000000
47321  -3.397  -32.310  68.120 0.7500000000
47331  -3.428  -32.359  66.772 0.6250000000
48143  -11.274  -29.940  86.407 0.1250000000
48145  -10.492  -30.793  85.626 0.1250000000
48150  -11.661  -30.646  84.938 0.1250000000
48152  -9.239  -31.154  84.066 0.2500000000
48156  -6.829  -30.637  82.173 0.3750000000
48202  -10.786  -30.159  79.089 0.2500000000
48249  -23.175  -30.268  75.100 0.1250000000
48259  -15.794  -30.550  73.228 0.2500000000
48269  -3.499  -30.896  72.774 0.7500000000
49081  -9.972  -29.920  86.123 0.1250000000
49097  -12.189  -29.986  83.332 0.1250000000
49100  -3.816  -30.050  81.363 0.3750000000
49110  -11.623  -30.061  81.099 0.2500000000
49122  -2.975  -29.699  80.196 0.3750000000
49126  -12.964  -28.825  79.439 0.2500000000
49164  -5.335  -29.592  76.420 0.7500000000
49167  -13.062  -28.900  76.552 0.2500000000
49175  -36.102  -29.149  75.907 0.3750000000
49186  -17.476  -29.850  75.592 0.2500000000
49198  -13.816  -29.108  73.978 0.2500000000
49201  -16.616  -29.817  74.524 0.2500000000
49208  -4.088  -29.600  72.953 0.7500000000
49232  -4.613  -29.364  71.804 0.6250000000
49240  -5.625  -29.654  70.670 0.6250000000
49930  -10.322  -28.889  87.082 0.1250000000
49932  -11.997  -28.621  86.511 0.1250000000
49936  -13.641  -28.907  85.802 0.2500000000
49943  -14.644  -28.532  82.763 0.2500000000
49962  -15.598  -28.143  81.546 0.2500000000
49980  -22.827  -29.047  80.379 0.2500000000
49986  -13.803  -28.393  78.953 0.2500000000
50004  -16.524  -28.428  78.816 0.2500000000
50029  -14.416  -28.417  76.767 0.2500000000
50030  -15.320  -28.347  76.425 0.2500000000
50031  -16.224  -28.619  76.257 0.2500000000
50042  -13.805  -28.657  76.246 0.2500000000
50060  -36.615  -27.888  75.286 0.3750000000
50772  -18.395  -27.131  83.330 0.1250000000
50777  -21.016  -26.967  81.817 0.2500000000
50778  -3.078  -27.832  80.912 0.2500000000
50890  -39.520  -26.646  71.246 0.3750000000
50899  -39.764  -26.572  70.302 0.5000000000
50920  -13.478  -27.283  67.578 0.1250000000
51565  -7.721  -26.482  88.246 0.1250000000
51582  -16.902  -26.159  84.943 0.1250000000
51594  -20.671  -26.773  81.867 0.2500000000
51675  -40.867  -26.177  72.486 0.3750000000
52421  -10.965  -26.256  87.504 0.1250000000
52425  -15.258  -25.397  86.149 0.1250000000
52435  -18.086  -25.749  83.849 0.1250000000
52437  -18.858  -26.004  83.460 0.1250000000
52478  -2.579  -24.991  78.386 0.1250000000
52515  -26.963  -25.659  75.866 0.3750000000
53390  -18.783  -24.314  74.182 0.2500000000
53391  -19.427  -24.593  73.609 0.2500000000
53395  -41.875  -24.902  73.936 0.2500000000
53405  -20.247  -24.613  73.058 0.2500000000
53410  -24.236  -24.733  73.808 0.2500000000
54159  -16.583  -23.540  85.603 0.1250000000
54185  -27.333  -23.220  79.036 0.1250000000
54206  -35.220  -24.383  78.387 0.1250000000
54227  -16.728  -22.465  76.820 0.1250000000
54238  -37.179  -23.655  76.886 0.1250000000
55056  -2.238  -23.529  76.667 0.1250000000
55069  -17.284  -22.502  76.133 0.1250000000
55094  -20.496  -22.663  74.319 0.2500000000
55114  -42.433  -22.642  73.379 0.1250000000
55861  -15.908  -20.951  78.413 0.1250000000
55870  -21.079  -20.627  77.665 0.1250000000
55881  -18.566  -21.219  76.282 0.1250000000
55882  -19.349  -21.286  76.218 0.1250000000
56656  -22.105  -19.608  78.765 0.1250000000
57451  -22.135  -19.086  78.987 0.1250000000
57457  -20.781  -19.241  78.903 0.1250000000
58330  -21.761  -18.600  79.238 0.1250000000
62037  -49.446  -14.341  65.883 0.1250000000
67768  -53.017  -7.600  56.060 0.2500000000
106543  -5.783  -33.927  74.901 0.8750000000
107978  -39.981  -27.074  67.867 0.5000000000
108052  -3.144  -39.629  67.711 0.7500000000
108362  -7.763  -41.812  76.032 0.3750000000
108599  -11.544  -29.641  78.586 0.2500000000
108856  -34.950  -31.415  77.200 0.5000000000
108921  -16.436  -37.305  81.455 0.7500000000
109546  -11.471  -29.765  76.958 0.2500000000
110310  -17.930  -21.146  76.454 0.1250000000
111029  -22.514  -22.185  76.468 0.1250000000
111238  -15.341  -28.339  79.172 0.2500000000
111244  -32.084  -35.481  72.180 0.2500000000
111313  -7.999  -41.473  77.606 0.7500000000
111315  -9.673  -41.565  78.358 0.8750000000
111519  -7.593  -39.375  78.125 0.8750000000
111563  -3.468  -32.958  65.512 0.6250000000
111845  -16.333  -39.271  80.224 0.7500000000
111921  -6.756  -39.786  70.912 1.0000000000
112089  -8.005  -42.881  63.527 0.6250000000
113359  -17.729  -37.004  81.833 0.6250000000
113408  -25.012  -34.389  76.651 0.5000000000
115003  -5.738  -26.529  80.400 0.2500000000
115016  -15.134  -30.144  73.055 0.2500000000
115424  -3.113  -34.771  64.971 0.6250000000
116499  -4.767  -48.879  60.451 0.1250000000
116710  -5.396  -41.992  77.330 0.7500000000
116788  -17.719  -26.015  84.265 0.1250000000
116970  -28.338  -34.606  73.084 0.5000000000
116991  -19.351  -25.915  79.906 0.1250000000
117350  -9.370  -40.765  79.469 1.0000000000
117423  -32.313  -27.792  80.128 0.2500000000
118274  -36.068  -25.684  78.826 0.1250000000
118350  -10.138  -41.330  79.331 1.0000000000
118392  -8.412  -31.185  80.668 0.5000000000
118581  -20.035  -34.938  82.433 0.3750000000
118582  -31.812  -34.433  75.760 0.6250000000
118980  -32.064  -34.397  75.894 0.6250000000
119019  -13.330  -39.338  80.761 0.8750000000
119684  -3.905  -40.616  74.720 1.0000000000
120128  -18.156  -24.064  74.754 0.1250000000
120265  -7.810  -41.180  78.577 0.7500000000
121353  -41.191  -25.493  75.117 0.1250000000
121618  -10.664  -25.781  87.597 0.1250000000
122325  -32.478  -33.779  76.742 0.6250000000
122802  -12.151  -39.108  79.570 0.8750000000
123628  -20.888  -26.815  81.345 0.2500000000
123632  -6.582  -39.247  77.060 0.8750000000
123812  -33.971  -30.721  73.017 0.8750000000
123982  -10.742  -41.831  79.041 0.8750000000
124500  -6.680  -40.968  78.382 0.8750000000
124583  -24.239  -33.632  80.364 0.3750000000
125044  -15.009  -37.958  81.139 0.7500000000
125636  -33.877  -24.744  78.827 0.1250000000
126084  -5.227  -39.956  74.804 1.0000000000
126411  -54.552  -8.943  52.089 0.1250000000
126591  -26.542  -35.315  72.644 0.3750000000
126729  -29.966  -35.919  72.871 0.1250000000
127458  -3.285  -34.513  64.873 0.6250000000
127935  -19.372  -25.177  73.748 0.2500000000
128047  -9.016  -46.224  65.495 0.3750000000
128236  -4.374  -29.598  71.912 0.7500000000
128615  -33.972  -24.419  78.297 0.1250000000
128677  -10.808  -38.077  78.285 1.0000000000
128716  -32.591  -35.142  73.738 0.5000000000
128775  -24.036  -32.165  80.925 0.3750000000
129188  -4.250  -31.630  79.846 0.5000000000
