
Wed Mar 11 15:11:23 CET 2026
cd /out/sourcedata/freesurfer/sub-v2s18x29499_ses-1
setenv SUBJECTS_DIR /out/sourcedata/freesurfer
/opt/freesurfer/bin/recon-all -autorecon-hemi lh -noparcstats -noparcstats2 -noparcstats3 -nohyporelabel -nobalabels -lh-only -openmp 16 -subjid sub-v2s18x29499_ses-1 -sd /out/sourcedata/freesurfer

subjid sub-v2s18x29499_ses-1
setenv SUBJECTS_DIR /out/sourcedata/freesurfer
FREESURFER_HOME /opt/freesurfer
Actual FREESURFER_HOME /opt/freesurfer
build-stamp.txt: freesurfer-linux-ubuntu22_x86_64-7.3.2-20220804-6354275
Linux dna018 5.14.0-427.37.1.el9_4.x86_64 #1 SMP PREEMPT_DYNAMIC Fri Sep 13 12:41:50 EDT 2024 x86_64 x86_64 x86_64 GNU/Linux
cputime      unlimited
filesize     unlimited
datasize     unlimited
stacksize    8192 kbytes
coredumpsize 0 kbytes
memoryuse    67108864 kbytes
vmemoryuse   unlimited
descriptors  1024 
memorylocked unlimited
maxproc      2061970 
maxlocks     unlimited
maxsignal    2061970 
maxmessage   819200 
maxnice      0 
maxrtprio    0 
maxrttime    unlimited

               total        used        free      shared  buff/cache   available
Mem:           503Gi       226Gi       223Gi       7.9Gi        53Gi       265Gi
Swap:             0B          0B          0B

########################################
program versions used
7.3.2 (freesurfer-linux-ubuntu22_x86_64-7.3.2-20220804-6354275)
7.3.2

ProgramName: lta_convert  ProgramArguments: lta_convert -all-info  ProgramVersion: 7.3.2  TimeStamp: 2026/03/11-14:11:23-GMT  BuildTime: Aug  4 2022 06:17:15  BuildStamp: freesurfer-linux-ubuntu22_x86_64-7.3.2-20220804-6354275  User: oesteban  Machine: dna018  Platform: Linux  PlatformVersion: 5.14.0-427.37.1.el9_4.x86_64  CompilerName: GCC  CompilerVersion: 8.4.0
ProgramName: mri_and  ProgramArguments: mri_and -all-info  ProgramVersion: 7.3.2  TimeStamp: 2026/03/11-14:11:23-GMT  BuildTime: Aug  4 2022 06:17:15  BuildStamp: freesurfer-linux-ubuntu22_x86_64-7.3.2-20220804-6354275  User: oesteban  Machine: dna018  Platform: Linux  PlatformVersion: 5.14.0-427.37.1.el9_4.x86_64  CompilerName: GCC  CompilerVersion: 8.4.0
ProgramName: mri_annotation2label  ProgramArguments: mri_annotation2label -all-info  ProgramVersion: 7.3.2  TimeStamp: 2026/03/11-14:11:23-GMT  BuildTime: Aug  4 2022 06:17:15  BuildStamp: freesurfer-linux-ubuntu22_x86_64-7.3.2-20220804-6354275  User: oesteban  Machine: dna018  Platform: Linux  PlatformVersion: 5.14.0-427.37.1.el9_4.x86_64  CompilerName: GCC  CompilerVersion: 8.4.0
ProgramName: mri_aparc2aseg  ProgramArguments: mri_aparc2aseg -all-info  ProgramVersion: 7.3.2  TimeStamp: 2026/03/11-14:11:23-GMT  BuildTime: Aug  4 2022 06:17:15  BuildStamp: freesurfer-linux-ubuntu22_x86_64-7.3.2-20220804-6354275  User: oesteban  Machine: dna018  Platform: Linux  PlatformVersion: 5.14.0-427.37.1.el9_4.x86_64  CompilerName: GCC  CompilerVersion: 8.4.0
ProgramName: mri_surf2volseg  ProgramArguments: mri_surf2volseg -all-info  ProgramVersion: 7.3.2  TimeStamp: 2026/03/11-14:11:23-GMT  BuildTime: Aug  4 2022 06:17:15  BuildStamp: freesurfer-linux-ubuntu22_x86_64-7.3.2-20220804-6354275  User: oesteban  Machine: dna018  Platform: Linux  PlatformVersion: 5.14.0-427.37.1.el9_4.x86_64  CompilerName: GCC  CompilerVersion: 8.4.0
ProgramName: mri_binarize  ProgramArguments: mri_binarize -all-info  ProgramVersion: 7.3.2  TimeStamp: 2026/03/11-14:11:23-GMT  BuildTime: Aug  4 2022 06:17:15  BuildStamp: freesurfer-linux-ubuntu22_x86_64-7.3.2-20220804-6354275  User: oesteban  Machine: dna018  Platform: Linux  PlatformVersion: 5.14.0-427.37.1.el9_4.x86_64  CompilerName: GCC  CompilerVersion: 8.4.0
ProgramName: mri_ca_label  ProgramArguments: mri_ca_label -all-info  ProgramVersion: 7.3.2  TimeStamp: 2026/03/11-14:11:23-GMT  BuildTime: Aug  4 2022 06:17:15  BuildStamp: freesurfer-linux-ubuntu22_x86_64-7.3.2-20220804-6354275  User: oesteban  Machine: dna018  Platform: Linux  PlatformVersion: 5.14.0-427.37.1.el9_4.x86_64  CompilerName: GCC  CompilerVersion: 8.4.0
ProgramName: mri_ca_normalize  ProgramArguments: mri_ca_normalize -all-info  ProgramVersion: 7.3.2  TimeStamp: 2026/03/11-14:11:23-GMT  BuildTime: Aug  4 2022 06:17:15  BuildStamp: freesurfer-linux-ubuntu22_x86_64-7.3.2-20220804-6354275  User: oesteban  Machine: dna018  Platform: Linux  PlatformVersion: 5.14.0-427.37.1.el9_4.x86_64  CompilerName: GCC  CompilerVersion: 8.4.0
ProgramName: mri_ca_register  ProgramArguments: mri_ca_register -all-info  ProgramVersion: 7.3.2  TimeStamp: 2026/03/11-14:11:23-GMT  BuildTime: Aug  4 2022 06:17:15  BuildStamp: freesurfer-linux-ubuntu22_x86_64-7.3.2-20220804-6354275  User: oesteban  Machine: dna018  Platform: Linux  PlatformVersion: 5.14.0-427.37.1.el9_4.x86_64  CompilerName: GCC  CompilerVersion: 8.4.0
ProgramName: mri_cc  ProgramArguments: mri_cc -all-info  ProgramVersion: 7.3.2  TimeStamp: 2026/03/11-14:11:23-GMT  BuildTime: Aug  4 2022 06:17:15  BuildStamp: freesurfer-linux-ubuntu22_x86_64-7.3.2-20220804-6354275  User: oesteban  Machine: dna018  Platform: Linux  PlatformVersion: 5.14.0-427.37.1.el9_4.x86_64  CompilerName: GCC  CompilerVersion: 8.4.0
ProgramName: mri_compute_overlap  ProgramArguments: mri_compute_overlap -all-info  ProgramVersion: 7.3.2  TimeStamp: 2026/03/11-14:11:23-GMT  BuildTime: Aug  4 2022 06:17:15  BuildStamp: freesurfer-linux-ubuntu22_x86_64-7.3.2-20220804-6354275  User: oesteban  Machine: dna018  Platform: Linux  PlatformVersion: 5.14.0-427.37.1.el9_4.x86_64  CompilerName: GCC  CompilerVersion: 8.4.0
ProgramName: mri_compute_seg_overlap  ProgramArguments: mri_compute_seg_overlap -all-info  ProgramVersion: 7.3.2  TimeStamp: 2026/03/11-14:11:23-GMT  BuildTime: Aug  4 2022 06:17:15  BuildStamp: freesurfer-linux-ubuntu22_x86_64-7.3.2-20220804-6354275  User: oesteban  Machine: dna018  Platform: Linux  PlatformVersion: 5.14.0-427.37.1.el9_4.x86_64  CompilerName: GCC  CompilerVersion: 8.4.0
ProgramName: mri_concat  ProgramArguments: mri_concat -all-info  ProgramVersion: 7.3.2  TimeStamp: 2026/03/11-14:11:23-GMT  BuildTime: Aug  4 2022 06:17:15  BuildStamp: freesurfer-linux-ubuntu22_x86_64-7.3.2-20220804-6354275  User: oesteban  Machine: dna018  Platform: Linux  PlatformVersion: 5.14.0-427.37.1.el9_4.x86_64  CompilerName: GCC  CompilerVersion: 8.4.0
ProgramName: mri_concatenate_lta  ProgramArguments: mri_concatenate_lta -all-info  ProgramVersion: 7.3.2  TimeStamp: 2026/03/11-14:11:23-GMT  BuildTime: Aug  4 2022 06:17:15  BuildStamp: freesurfer-linux-ubuntu22_x86_64-7.3.2-20220804-6354275  User: oesteban  Machine: dna018  Platform: Linux  PlatformVersion: 5.14.0-427.37.1.el9_4.x86_64  CompilerName: GCC  CompilerVersion: 8.4.0
mri_convert -all-info 
ProgramName: mri_convert  ProgramArguments: mri_convert -all-info  ProgramVersion: 7.3.2  TimeStamp: 2026/03/11-14:11:23-GMT  BuildTime: Aug  4 2022 06:17:15  BuildStamp: freesurfer-linux-ubuntu22_x86_64-7.3.2-20220804-6354275  User: oesteban  Machine: dna018  Platform: Linux  PlatformVersion: 5.14.0-427.37.1.el9_4.x86_64  CompilerName: GCC  CompilerVersion: 8.4.0
ProgramName: mri_diff  ProgramArguments: mri_diff -all-info  ProgramVersion: 7.3.2  TimeStamp: 2026/03/11-14:11:23-GMT  BuildTime: Aug  4 2022 06:17:15  BuildStamp: freesurfer-linux-ubuntu22_x86_64-7.3.2-20220804-6354275  User: oesteban  Machine: dna018  Platform: Linux  PlatformVersion: 5.14.0-427.37.1.el9_4.x86_64  CompilerName: GCC  CompilerVersion: 8.4.0
ProgramName: mri_edit_wm_with_aseg  ProgramArguments: mri_edit_wm_with_aseg -all-info  ProgramVersion: 7.3.2  TimeStamp: 2026/03/11-14:11:23-GMT  BuildTime: Aug  4 2022 06:17:15  BuildStamp: freesurfer-linux-ubuntu22_x86_64-7.3.2-20220804-6354275  User: oesteban  Machine: dna018  Platform: Linux  PlatformVersion: 5.14.0-427.37.1.el9_4.x86_64  CompilerName: GCC  CompilerVersion: 8.4.0
ProgramName: mri_em_register  ProgramArguments: mri_em_register -all-info  ProgramVersion: 7.3.2  TimeStamp: 2026/03/11-14:11:23-GMT  BuildTime: Aug  4 2022 06:17:15  BuildStamp: freesurfer-linux-ubuntu22_x86_64-7.3.2-20220804-6354275  User: oesteban  Machine: dna018  Platform: Linux  PlatformVersion: 5.14.0-427.37.1.el9_4.x86_64  CompilerName: GCC  CompilerVersion: 8.4.0
ProgramName: mri_fill  ProgramArguments: mri_fill -all-info  ProgramVersion: 7.3.2  TimeStamp: 2026/03/11-14:11:23-GMT  BuildTime: Aug  4 2022 06:17:15  BuildStamp: freesurfer-linux-ubuntu22_x86_64-7.3.2-20220804-6354275  User: oesteban  Machine: dna018  Platform: Linux  PlatformVersion: 5.14.0-427.37.1.el9_4.x86_64  CompilerName: GCC  CompilerVersion: 8.4.0
ProgramName: mri_fuse_segmentations  ProgramArguments: mri_fuse_segmentations -all-info  ProgramVersion: 7.3.2  TimeStamp: 2026/03/11-14:11:23-GMT  BuildTime: Aug  4 2022 06:17:15  BuildStamp: freesurfer-linux-ubuntu22_x86_64-7.3.2-20220804-6354275  User: oesteban  Machine: dna018  Platform: Linux  PlatformVersion: 5.14.0-427.37.1.el9_4.x86_64  CompilerName: GCC  CompilerVersion: 8.4.0
ProgramName: mri_fwhm  ProgramArguments: mri_fwhm -all-info  ProgramVersion: 7.3.2  TimeStamp: 2026/03/11-14:11:23-GMT  BuildTime: Aug  4 2022 06:17:15  BuildStamp: freesurfer-linux-ubuntu22_x86_64-7.3.2-20220804-6354275  User: oesteban  Machine: dna018  Platform: Linux  PlatformVersion: 5.14.0-427.37.1.el9_4.x86_64  CompilerName: GCC  CompilerVersion: 8.4.0
ProgramName: mri_gcut  ProgramArguments: mri_gcut -all-info  ProgramVersion: 7.3.2  TimeStamp: 2026/03/11-14:11:23-GMT  BuildTime: Aug  4 2022 06:17:15  BuildStamp: freesurfer-linux-ubuntu22_x86_64-7.3.2-20220804-6354275  User: oesteban  Machine: dna018  Platform: Linux  PlatformVersion: 5.14.0-427.37.1.el9_4.x86_64  CompilerName: GCC  CompilerVersion: 8.4.0
ProgramName: mri_info  ProgramArguments: mri_info -all-info  ProgramVersion: 7.3.2  TimeStamp: 2026/03/11-14:11:23-GMT  BuildTime: Aug  4 2022 06:17:15  BuildStamp: freesurfer-linux-ubuntu22_x86_64-7.3.2-20220804-6354275  User: oesteban  Machine: dna018  Platform: Linux  PlatformVersion: 5.14.0-427.37.1.el9_4.x86_64  CompilerName: GCC  CompilerVersion: 8.4.0
ProgramName: mri_label2label  ProgramArguments: mri_label2label -all-info  ProgramVersion: 7.3.2  TimeStamp: 2026/03/11-14:11:23-GMT  BuildTime: Aug  4 2022 06:17:15  BuildStamp: freesurfer-linux-ubuntu22_x86_64-7.3.2-20220804-6354275  User: oesteban  Machine: dna018  Platform: Linux  PlatformVersion: 5.14.0-427.37.1.el9_4.x86_64  CompilerName: GCC  CompilerVersion: 8.4.0
ProgramName: mri_label2vol  ProgramArguments: mri_label2vol -all-info  ProgramVersion: 7.3.2  TimeStamp: 2026/03/11-14:11:23-GMT  BuildTime: Aug  4 2022 06:17:15  BuildStamp: freesurfer-linux-ubuntu22_x86_64-7.3.2-20220804-6354275  User: oesteban  Machine: dna018  Platform: Linux  PlatformVersion: 5.14.0-427.37.1.el9_4.x86_64  CompilerName: GCC  CompilerVersion: 8.4.0
ProgramName: mri_log_likelihood  ProgramArguments: mri_log_likelihood -all-info  ProgramVersion: 7.3.2  TimeStamp: 2026/03/11-14:11:23-GMT  BuildTime: Aug  4 2022 06:17:15  BuildStamp: freesurfer-linux-ubuntu22_x86_64-7.3.2-20220804-6354275  User: oesteban  Machine: dna018  Platform: Linux  PlatformVersion: 5.14.0-427.37.1.el9_4.x86_64  CompilerName: GCC  CompilerVersion: 8.4.0
ProgramName: mri_mask  ProgramArguments: mri_mask -all-info  ProgramVersion: 7.3.2  TimeStamp: 2026/03/11-14:11:23-GMT  BuildTime: Aug  4 2022 06:17:15  BuildStamp: freesurfer-linux-ubuntu22_x86_64-7.3.2-20220804-6354275  User: oesteban  Machine: dna018  Platform: Linux  PlatformVersion: 5.14.0-427.37.1.el9_4.x86_64  CompilerName: GCC  CompilerVersion: 8.4.0
ProgramName: mri_matrix_multiply  ProgramArguments: mri_matrix_multiply -all-info  ProgramVersion: 7.3.2  TimeStamp: 2026/03/11-14:11:23-GMT  BuildTime: Aug  4 2022 06:17:15  BuildStamp: freesurfer-linux-ubuntu22_x86_64-7.3.2-20220804-6354275  User: oesteban  Machine: dna018  Platform: Linux  PlatformVersion: 5.14.0-427.37.1.el9_4.x86_64  CompilerName: GCC  CompilerVersion: 8.4.0
ProgramName: mri_normalize  ProgramArguments: mri_normalize -all-info  ProgramVersion: 7.3.2  TimeStamp: 2026/03/11-14:11:23-GMT  BuildTime: Aug  4 2022 06:17:15  BuildStamp: freesurfer-linux-ubuntu22_x86_64-7.3.2-20220804-6354275  User: oesteban  Machine: dna018  Platform: Linux  PlatformVersion: 5.14.0-427.37.1.el9_4.x86_64  CompilerName: GCC  CompilerVersion: 8.4.0
ProgramName: mri_normalize_tp2  ProgramArguments: mri_normalize_tp2 -all-info  ProgramVersion: 7.3.2  TimeStamp: 2026/03/11-14:11:23-GMT  BuildTime: Aug  4 2022 06:17:15  BuildStamp: freesurfer-linux-ubuntu22_x86_64-7.3.2-20220804-6354275  User: oesteban  Machine: dna018  Platform: Linux  PlatformVersion: 5.14.0-427.37.1.el9_4.x86_64  CompilerName: GCC  CompilerVersion: 8.4.0
ProgramName: mri_or  ProgramArguments: mri_or -all-info  ProgramVersion: 7.3.2  TimeStamp: 2026/03/11-14:11:23-GMT  BuildTime: Aug  4 2022 06:17:15  BuildStamp: freesurfer-linux-ubuntu22_x86_64-7.3.2-20220804-6354275  User: oesteban  Machine: dna018  Platform: Linux  PlatformVersion: 5.14.0-427.37.1.el9_4.x86_64  CompilerName: GCC  CompilerVersion: 8.4.0
ProgramName: mri_relabel_hypointensities  ProgramArguments: mri_relabel_hypointensities -all-info  ProgramVersion: 7.3.2  TimeStamp: 2026/03/11-14:11:23-GMT  BuildTime: Aug  4 2022 06:17:15  BuildStamp: freesurfer-linux-ubuntu22_x86_64-7.3.2-20220804-6354275  User: oesteban  Machine: dna018  Platform: Linux  PlatformVersion: 5.14.0-427.37.1.el9_4.x86_64  CompilerName: GCC  CompilerVersion: 8.4.0
ProgramName: mri_relabel_nonwm_hypos  ProgramArguments: mri_relabel_nonwm_hypos -all-info  ProgramVersion: 7.3.2  TimeStamp: 2026/03/11-14:11:23-GMT  BuildTime: Aug  4 2022 06:17:15  BuildStamp: freesurfer-linux-ubuntu22_x86_64-7.3.2-20220804-6354275  User: oesteban  Machine: dna018  Platform: Linux  PlatformVersion: 5.14.0-427.37.1.el9_4.x86_64  CompilerName: GCC  CompilerVersion: 8.4.0
ProgramName: mri_remove_neck  ProgramArguments: mri_remove_neck -all-info  ProgramVersion: 7.3.2  TimeStamp: 2026/03/11-14:11:23-GMT  BuildTime: Aug  4 2022 06:17:15  BuildStamp: freesurfer-linux-ubuntu22_x86_64-7.3.2-20220804-6354275  User: oesteban  Machine: dna018  Platform: Linux  PlatformVersion: 5.14.0-427.37.1.el9_4.x86_64  CompilerName: GCC  CompilerVersion: 8.4.0
7.3.2

ProgramName: mri_robust_register  ProgramArguments: mri_robust_register -all-info  ProgramVersion: 7.3.2  TimeStamp: 2026/03/11-14:11:23-GMT  BuildTime: Aug  4 2022 06:17:15  BuildStamp: freesurfer-linux-ubuntu22_x86_64-7.3.2-20220804-6354275  User: oesteban  Machine: dna018  Platform: Linux  PlatformVersion: 5.14.0-427.37.1.el9_4.x86_64  CompilerName: GCC  CompilerVersion: 8.4.0
7.3.2

ProgramName: mri_robust_template  ProgramArguments: mri_robust_template -all-info  ProgramVersion: 7.3.2  TimeStamp: 2026/03/11-14:11:23-GMT  BuildTime: Aug  4 2022 06:17:15  BuildStamp: freesurfer-linux-ubuntu22_x86_64-7.3.2-20220804-6354275  User: oesteban  Machine: dna018  Platform: Linux  PlatformVersion: 5.14.0-427.37.1.el9_4.x86_64  CompilerName: GCC  CompilerVersion: 8.4.0
ProgramName: mris_anatomical_stats  ProgramArguments: mris_anatomical_stats -all-info  ProgramVersion: 7.3.2  TimeStamp: 2026/03/11-14:11:23-GMT  BuildTime: Aug  4 2022 06:17:15  BuildStamp: freesurfer-linux-ubuntu22_x86_64-7.3.2-20220804-6354275  User: oesteban  Machine: dna018  Platform: Linux  PlatformVersion: 5.14.0-427.37.1.el9_4.x86_64  CompilerName: GCC  CompilerVersion: 8.4.0
ProgramName: mris_ca_label  ProgramArguments: mris_ca_label -all-info  ProgramVersion: 7.3.2  TimeStamp: 2026/03/11-14:11:23-GMT  BuildTime: Aug  4 2022 06:17:15  BuildStamp: freesurfer-linux-ubuntu22_x86_64-7.3.2-20220804-6354275  User: oesteban  Machine: dna018  Platform: Linux  PlatformVersion: 5.14.0-427.37.1.el9_4.x86_64  CompilerName: GCC  CompilerVersion: 8.4.0
ProgramName: mris_calc  ProgramArguments: mris_calc -all-info  ProgramVersion: 7.3.2  TimeStamp: 2026/03/11-14:11:23-GMT  BuildTime: Aug  4 2022 06:17:15  BuildStamp: freesurfer-linux-ubuntu22_x86_64-7.3.2-20220804-6354275  User: oesteban  Machine: dna018  Platform: Linux  PlatformVersion: 5.14.0-427.37.1.el9_4.x86_64  CompilerName: GCC  CompilerVersion: 8.4.0
ProgramName: mris_convert  ProgramArguments: mris_convert -all-info  ProgramVersion: 7.3.2  TimeStamp: 2026/03/11-14:11:23-GMT  BuildTime: Aug  4 2022 06:17:15  BuildStamp: freesurfer-linux-ubuntu22_x86_64-7.3.2-20220804-6354275  User: oesteban  Machine: dna018  Platform: Linux  PlatformVersion: 5.14.0-427.37.1.el9_4.x86_64  CompilerName: GCC  CompilerVersion: 8.4.0
ProgramName: mris_curvature  ProgramArguments: mris_curvature -all-info  ProgramVersion: 7.3.2  TimeStamp: 2026/03/11-14:11:23-GMT  BuildTime: Aug  4 2022 06:17:15  BuildStamp: freesurfer-linux-ubuntu22_x86_64-7.3.2-20220804-6354275  User: oesteban  Machine: dna018  Platform: Linux  PlatformVersion: 5.14.0-427.37.1.el9_4.x86_64  CompilerName: GCC  CompilerVersion: 8.4.0
ProgramName: mris_curvature_stats  ProgramArguments: mris_curvature_stats -all-info  ProgramVersion: 7.3.2  TimeStamp: 2026/03/11-14:11:23-GMT  BuildTime: Aug  4 2022 06:17:15  BuildStamp: freesurfer-linux-ubuntu22_x86_64-7.3.2-20220804-6354275  User: oesteban  Machine: dna018  Platform: Linux  PlatformVersion: 5.14.0-427.37.1.el9_4.x86_64  CompilerName: GCC  CompilerVersion: 8.4.0
ProgramName: mris_diff  ProgramArguments: mris_diff -all-info  ProgramVersion: 7.3.2  TimeStamp: 2026/03/11-14:11:23-GMT  BuildTime: Aug  4 2022 06:17:15  BuildStamp: freesurfer-linux-ubuntu22_x86_64-7.3.2-20220804-6354275  User: oesteban  Machine: dna018  Platform: Linux  PlatformVersion: 5.14.0-427.37.1.el9_4.x86_64  CompilerName: GCC  CompilerVersion: 8.4.0
ProgramName: mris_divide_parcellation  ProgramArguments: mris_divide_parcellation -all-info  ProgramVersion: 7.3.2  TimeStamp: 2026/03/11-14:11:23-GMT  BuildTime: Aug  4 2022 06:17:15  BuildStamp: freesurfer-linux-ubuntu22_x86_64-7.3.2-20220804-6354275  User: oesteban  Machine: dna018  Platform: Linux  PlatformVersion: 5.14.0-427.37.1.el9_4.x86_64  CompilerName: GCC  CompilerVersion: 8.4.0
ProgramName: mri_segment  ProgramArguments: mri_segment -all-info  ProgramVersion: 7.3.2  TimeStamp: 2026/03/11-14:11:23-GMT  BuildTime: Aug  4 2022 06:17:15  BuildStamp: freesurfer-linux-ubuntu22_x86_64-7.3.2-20220804-6354275  User: oesteban  Machine: dna018  Platform: Linux  PlatformVersion: 5.14.0-427.37.1.el9_4.x86_64  CompilerName: GCC  CompilerVersion: 8.4.0
ProgramName: mri_segstats  ProgramArguments: mri_segstats -all-info  ProgramVersion: 7.3.2  TimeStamp: 2026/03/11-14:11:23-GMT  BuildTime: Aug  4 2022 06:17:15  BuildStamp: freesurfer-linux-ubuntu22_x86_64-7.3.2-20220804-6354275  User: oesteban  Machine: dna018  Platform: Linux  PlatformVersion: 5.14.0-427.37.1.el9_4.x86_64  CompilerName: GCC  CompilerVersion: 8.4.0
ProgramName: mris_euler_number  ProgramArguments: mris_euler_number -all-info  ProgramVersion: 7.3.2  TimeStamp: 2026/03/11-14:11:23-GMT  BuildTime: Aug  4 2022 06:17:15  BuildStamp: freesurfer-linux-ubuntu22_x86_64-7.3.2-20220804-6354275  User: oesteban  Machine: dna018  Platform: Linux  PlatformVersion: 5.14.0-427.37.1.el9_4.x86_64  CompilerName: GCC  CompilerVersion: 8.4.0
ProgramName: mris_fix_topology  ProgramArguments: mris_fix_topology -all-info  ProgramVersion: 7.3.2  TimeStamp: 2026/03/11-14:11:23-GMT  BuildTime: Aug  4 2022 06:17:15  BuildStamp: freesurfer-linux-ubuntu22_x86_64-7.3.2-20220804-6354275  User: oesteban  Machine: dna018  Platform: Linux  PlatformVersion: 5.14.0-427.37.1.el9_4.x86_64  CompilerName: GCC  CompilerVersion: 8.4.0
ProgramName: mris_topo_fixer  ProgramArguments: mris_topo_fixer -all-info  ProgramVersion: 7.3.2  TimeStamp: 2026/03/11-14:11:23-GMT  BuildTime: Aug  4 2022 06:17:15  BuildStamp: freesurfer-linux-ubuntu22_x86_64-7.3.2-20220804-6354275  User: oesteban  Machine: dna018  Platform: Linux  PlatformVersion: 5.14.0-427.37.1.el9_4.x86_64  CompilerName: GCC  CompilerVersion: 8.4.0
ProgramName: mris_jacobian  ProgramArguments: mris_jacobian -all-info  ProgramVersion: 7.3.2  TimeStamp: 2026/03/11-14:11:23-GMT  BuildTime: Aug  4 2022 06:17:15  BuildStamp: freesurfer-linux-ubuntu22_x86_64-7.3.2-20220804-6354275  User: oesteban  Machine: dna018  Platform: Linux  PlatformVersion: 5.14.0-427.37.1.el9_4.x86_64  CompilerName: GCC  CompilerVersion: 8.4.0
ProgramName: mris_label2annot  ProgramArguments: mris_label2annot -all-info  ProgramVersion: 7.3.2  TimeStamp: 2026/03/11-14:11:23-GMT  BuildTime: Aug  4 2022 06:17:15  BuildStamp: freesurfer-linux-ubuntu22_x86_64-7.3.2-20220804-6354275  User: oesteban  Machine: dna018  Platform: Linux  PlatformVersion: 5.14.0-427.37.1.el9_4.x86_64  CompilerName: GCC  CompilerVersion: 8.4.0
ProgramName: mris_left_right_register  ProgramArguments: mris_left_right_register -all-info  ProgramVersion: 7.3.2  TimeStamp: 2026/03/11-14:11:23-GMT  BuildTime: Aug  4 2022 06:17:15  BuildStamp: freesurfer-linux-ubuntu22_x86_64-7.3.2-20220804-6354275  User: oesteban  Machine: dna018  Platform: Linux  PlatformVersion: 5.14.0-427.37.1.el9_4.x86_64  CompilerName: GCC  CompilerVersion: 8.4.0
ProgramName: mris_place_surface  ProgramArguments: mris_place_surface -all-info  ProgramVersion: 7.3.2  TimeStamp: 2026/03/11-14:11:23-GMT  BuildTime: Aug  4 2022 06:17:15  BuildStamp: freesurfer-linux-ubuntu22_x86_64-7.3.2-20220804-6354275  User: oesteban  Machine: dna018  Platform: Linux  PlatformVersion: 5.14.0-427.37.1.el9_4.x86_64  CompilerName: GCC  CompilerVersion: 8.4.0
ProgramName: mrisp_paint  ProgramArguments: mrisp_paint -all-info  ProgramVersion: 7.3.2  TimeStamp: 2026/03/11-14:11:23-GMT  BuildTime: Aug  4 2022 06:17:15  BuildStamp: freesurfer-linux-ubuntu22_x86_64-7.3.2-20220804-6354275  User: oesteban  Machine: dna018  Platform: Linux  PlatformVersion: 5.14.0-427.37.1.el9_4.x86_64  CompilerName: GCC  CompilerVersion: 8.4.0
ProgramName: mris_register  ProgramArguments: mris_register -all-info  ProgramVersion: 7.3.2  TimeStamp: 2026/03/11-14:11:23-GMT  BuildTime: Aug  4 2022 06:17:15  BuildStamp: freesurfer-linux-ubuntu22_x86_64-7.3.2-20220804-6354275  User: oesteban  Machine: dna018  Platform: Linux  PlatformVersion: 5.14.0-427.37.1.el9_4.x86_64  CompilerName: GCC  CompilerVersion: 8.4.0
ProgramName: mris_smooth  ProgramArguments: mris_smooth -all-info  ProgramVersion: 7.3.2  TimeStamp: 2026/03/11-14:11:23-GMT  BuildTime: Aug  4 2022 06:17:15  BuildStamp: freesurfer-linux-ubuntu22_x86_64-7.3.2-20220804-6354275  User: oesteban  Machine: dna018  Platform: Linux  PlatformVersion: 5.14.0-427.37.1.el9_4.x86_64  CompilerName: GCC  CompilerVersion: 8.4.0
ProgramName: mris_sphere  ProgramArguments: mris_sphere -all-info  ProgramVersion: 7.3.2  TimeStamp: 2026/03/11-14:11:23-GMT  BuildTime: Aug  4 2022 06:17:15  BuildStamp: freesurfer-linux-ubuntu22_x86_64-7.3.2-20220804-6354275  User: oesteban  Machine: dna018  Platform: Linux  PlatformVersion: 5.14.0-427.37.1.el9_4.x86_64  CompilerName: GCC  CompilerVersion: 8.4.0
ProgramName: mris_surface_stats  ProgramArguments: mris_surface_stats -all-info  ProgramVersion: 7.3.2  TimeStamp: 2026/03/11-14:11:23-GMT  BuildTime: Aug  4 2022 06:17:15  BuildStamp: freesurfer-linux-ubuntu22_x86_64-7.3.2-20220804-6354275  User: oesteban  Machine: dna018  Platform: Linux  PlatformVersion: 5.14.0-427.37.1.el9_4.x86_64  CompilerName: GCC  CompilerVersion: 8.4.0
ProgramName: mri_stats2seg  ProgramArguments: mri_stats2seg -all-info  ProgramVersion: 7.3.2  TimeStamp: 2026/03/11-14:11:23-GMT  BuildTime: Aug  4 2022 06:17:15  BuildStamp: freesurfer-linux-ubuntu22_x86_64-7.3.2-20220804-6354275  User: oesteban  Machine: dna018  Platform: Linux  PlatformVersion: 5.14.0-427.37.1.el9_4.x86_64  CompilerName: GCC  CompilerVersion: 8.4.0
ProgramName: mris_thickness  ProgramArguments: mris_thickness -all-info  ProgramVersion: 7.3.2  TimeStamp: 2026/03/11-14:11:23-GMT  BuildTime: Aug  4 2022 06:17:15  BuildStamp: freesurfer-linux-ubuntu22_x86_64-7.3.2-20220804-6354275  User: oesteban  Machine: dna018  Platform: Linux  PlatformVersion: 5.14.0-427.37.1.el9_4.x86_64  CompilerName: GCC  CompilerVersion: 8.4.0
ProgramName: mris_thickness_diff  ProgramArguments: mris_thickness_diff -all-info  ProgramVersion: 7.3.2  TimeStamp: 2026/03/11-14:11:23-GMT  BuildTime: Aug  4 2022 06:17:15  BuildStamp: freesurfer-linux-ubuntu22_x86_64-7.3.2-20220804-6354275  User: oesteban  Machine: dna018  Platform: Linux  PlatformVersion: 5.14.0-427.37.1.el9_4.x86_64  CompilerName: GCC  CompilerVersion: 8.4.0
ProgramName: mris_topo_fixer  ProgramArguments: mris_topo_fixer -all-info  ProgramVersion: 7.3.2  TimeStamp: 2026/03/11-14:11:23-GMT  BuildTime: Aug  4 2022 06:17:15  BuildStamp: freesurfer-linux-ubuntu22_x86_64-7.3.2-20220804-6354275  User: oesteban  Machine: dna018  Platform: Linux  PlatformVersion: 5.14.0-427.37.1.el9_4.x86_64  CompilerName: GCC  CompilerVersion: 8.4.0
ProgramName: mri_surf2surf  ProgramArguments: mri_surf2surf -all-info  ProgramVersion: 7.3.2  TimeStamp: 2026/03/11-14:11:23-GMT  BuildTime: Aug  4 2022 06:17:15  BuildStamp: freesurfer-linux-ubuntu22_x86_64-7.3.2-20220804-6354275  User: oesteban  Machine: dna018  Platform: Linux  PlatformVersion: 5.14.0-427.37.1.el9_4.x86_64  CompilerName: GCC  CompilerVersion: 8.4.0
ProgramName: mri_surf2vol  ProgramArguments: mri_surf2vol -all-info  ProgramVersion: 7.3.2  TimeStamp: 2026/03/11-14:11:23-GMT  BuildTime: Aug  4 2022 06:17:15  BuildStamp: freesurfer-linux-ubuntu22_x86_64-7.3.2-20220804-6354275  User: oesteban  Machine: dna018  Platform: Linux  PlatformVersion: 5.14.0-427.37.1.el9_4.x86_64  CompilerName: GCC  CompilerVersion: 8.4.0
ProgramName: mri_surfcluster  ProgramArguments: mri_surfcluster -all-info  ProgramVersion: 7.3.2  TimeStamp: 2026/03/11-14:11:23-GMT  BuildTime: Aug  4 2022 06:17:15  BuildStamp: freesurfer-linux-ubuntu22_x86_64-7.3.2-20220804-6354275  User: oesteban  Machine: dna018  Platform: Linux  PlatformVersion: 5.14.0-427.37.1.el9_4.x86_64  CompilerName: GCC  CompilerVersion: 8.4.0
ProgramName: mris_volmask  ProgramArguments: mris_volmask -all-info  ProgramVersion: 7.3.2  TimeStamp: 2026/03/11-14:11:23-GMT  BuildTime: Aug  4 2022 06:17:15  BuildStamp: freesurfer-linux-ubuntu22_x86_64-7.3.2-20220804-6354275  User: oesteban  Machine: dna018  Platform: Linux  PlatformVersion: 5.14.0-427.37.1.el9_4.x86_64  CompilerName: GCC  CompilerVersion: 8.4.0
ProgramName: mri_tessellate  ProgramArguments: mri_tessellate -all-info  ProgramVersion: 7.3.2  TimeStamp: 2026/03/11-14:11:23-GMT  BuildTime: Aug  4 2022 06:17:15  BuildStamp: freesurfer-linux-ubuntu22_x86_64-7.3.2-20220804-6354275  User: oesteban  Machine: dna018  Platform: Linux  PlatformVersion: 5.14.0-427.37.1.el9_4.x86_64  CompilerName: GCC  CompilerVersion: 8.4.0
ProgramName: mri_vol2surf  ProgramArguments: mri_vol2surf -all-info  ProgramVersion: 7.3.2  TimeStamp: 2026/03/11-14:11:23-GMT  BuildTime: Aug  4 2022 06:17:15  BuildStamp: freesurfer-linux-ubuntu22_x86_64-7.3.2-20220804-6354275  User: oesteban  Machine: dna018  Platform: Linux  PlatformVersion: 5.14.0-427.37.1.el9_4.x86_64  CompilerName: GCC  CompilerVersion: 8.4.0
ProgramName: mri_vol2vol  ProgramArguments: mri_vol2vol -all-info  ProgramVersion: 7.3.2  TimeStamp: 2026/03/11-14:11:23-GMT  BuildTime: Aug  4 2022 06:17:15  BuildStamp: freesurfer-linux-ubuntu22_x86_64-7.3.2-20220804-6354275  User: oesteban  Machine: dna018  Platform: Linux  PlatformVersion: 5.14.0-427.37.1.el9_4.x86_64  CompilerName: GCC  CompilerVersion: 8.4.0
ProgramName: mri_voldiff  ProgramArguments: mri_voldiff -all-info  ProgramVersion: 7.3.2  TimeStamp: 2026/03/11-14:11:23-GMT  BuildTime: Aug  4 2022 06:17:15  BuildStamp: freesurfer-linux-ubuntu22_x86_64-7.3.2-20220804-6354275  User: oesteban  Machine: dna018  Platform: Linux  PlatformVersion: 5.14.0-427.37.1.el9_4.x86_64  CompilerName: GCC  CompilerVersion: 8.4.0
ProgramName: mri_watershed  ProgramArguments: mri_watershed -all-info  ProgramVersion: 7.3.2  TimeStamp: 2026/03/11-14:11:23-GMT  BuildTime: Aug  4 2022 06:17:15  BuildStamp: freesurfer-linux-ubuntu22_x86_64-7.3.2-20220804-6354275  User: oesteban  Machine: dna018  Platform: Linux  PlatformVersion: 5.14.0-427.37.1.el9_4.x86_64  CompilerName: GCC  CompilerVersion: 8.4.0
ProgramName: tkregister2  ProgramArguments: tkregister2_cmdl -all-info  ProgramVersion: 7.3.2  TimeStamp: 2026/03/11-14:11:23-GMT  BuildTime: Aug  4 2022 06:17:15  BuildStamp: freesurfer-linux-ubuntu22_x86_64-7.3.2-20220804-6354275  User: oesteban  Machine: dna018  Platform: Linux  PlatformVersion: 5.14.0-427.37.1.el9_4.x86_64  CompilerName: GCC  CompilerVersion: 8.4.0
mri_motion_correct.fsl 7.3.2
mri_convert -all-info 
ProgramName: mri_convert  ProgramArguments: mri_convert -all-info  ProgramVersion: 7.3.2  TimeStamp: 2026/03/11-14:11:23-GMT  BuildTime: Aug  4 2022 06:17:15  BuildStamp: freesurfer-linux-ubuntu22_x86_64-7.3.2-20220804-6354275  User: oesteban  Machine: dna018  Platform: Linux  PlatformVersion: 5.14.0-427.37.1.el9_4.x86_64  CompilerName: GCC  CompilerVersion: 8.4.0
Program nu_correct, built from:
Package MNI N3, version 1.12.0, compiled by nicks@terrier (x86_64-unknown-linux-gnu) on 2015-06-19 at 01:25:34
#######################################
GCADIR /opt/freesurfer/average
GCA RB_all_2020-01-02.gca
GCASkull RB_all_withskull_2020_01_02.gca
AvgCurvTif folding.atlas.acfb40.noaparc.i12.2016-08-02.tif
GCSDIR /opt/freesurfer/average
GCS DKaparc.atlas.acfb40.noaparc.i12.2016-08-02.gcs
#######################################
#--------------------------------------------
#@# Tessellate lh Wed Mar 11 15:11:23 CET 2026
/out/sourcedata/freesurfer/sub-v2s18x29499_ses-1/scripts

 mri_pretess ../mri/filled.mgz 255 ../mri/norm.mgz ../mri/filled-pretess255.mgz 


Iteration Number : 1
pass   1 (xy+):   1 found -   1 modified     |    TOTAL:   1
pass   2 (xy+):   0 found -   1 modified     |    TOTAL:   1
pass   1 (xy-):   1 found -   1 modified     |    TOTAL:   2
pass   2 (xy-):   0 found -   1 modified     |    TOTAL:   2
pass   1 (yz+):   4 found -   4 modified     |    TOTAL:   6
pass   2 (yz+):   0 found -   4 modified     |    TOTAL:   6
pass   1 (yz-):   7 found -   7 modified     |    TOTAL:  13
pass   2 (yz-):   0 found -   7 modified     |    TOTAL:  13
pass   1 (xz+):   4 found -   4 modified     |    TOTAL:  17
pass   2 (xz+):   0 found -   4 modified     |    TOTAL:  17
pass   1 (xz-):   1 found -   1 modified     |    TOTAL:  18
pass   2 (xz-):   0 found -   1 modified     |    TOTAL:  18
Iteration Number : 1
pass   1 (+++):   0 found -   0 modified     |    TOTAL:   0
pass   1 (+++):   0 found -   0 modified     |    TOTAL:   0
pass   1 (+++):   0 found -   0 modified     |    TOTAL:   0
pass   1 (+++):   0 found -   0 modified     |    TOTAL:   0
Iteration Number : 1
pass   1 (++):   0 found -   0 modified     |    TOTAL:   0
pass   1 (+-):   1 found -   1 modified     |    TOTAL:   1
pass   2 (+-):   0 found -   1 modified     |    TOTAL:   1
pass   1 (--):   1 found -   1 modified     |    TOTAL:   2
pass   2 (--):   0 found -   1 modified     |    TOTAL:   2
pass   1 (-+):   0 found -   0 modified     |    TOTAL:   2
Iteration Number : 2
pass   1 (xy+):   0 found -   0 modified     |    TOTAL:   0
pass   1 (xy-):   0 found -   0 modified     |    TOTAL:   0
pass   1 (yz+):   0 found -   0 modified     |    TOTAL:   0
pass   1 (yz-):   0 found -   0 modified     |    TOTAL:   0
pass   1 (xz+):   0 found -   0 modified     |    TOTAL:   0
pass   1 (xz-):   0 found -   0 modified     |    TOTAL:   0
Iteration Number : 2
pass   1 (+++):   0 found -   0 modified     |    TOTAL:   0
pass   1 (+++):   0 found -   0 modified     |    TOTAL:   0
pass   1 (+++):   0 found -   0 modified     |    TOTAL:   0
pass   1 (+++):   0 found -   0 modified     |    TOTAL:   0
Iteration Number : 2
pass   1 (++):   0 found -   0 modified     |    TOTAL:   0
pass   1 (+-):   0 found -   0 modified     |    TOTAL:   0
pass   1 (--):   0 found -   0 modified     |    TOTAL:   0
pass   1 (-+):   0 found -   0 modified     |    TOTAL:   0

Total Number of Modified Voxels = 20 (out of 287503: 0.006956)
Ambiguous edge configurations... 

mri_pretess done


 mri_tessellate ../mri/filled-pretess255.mgz 255 ../surf/lh.orig.nofix 

7.3.2
  7.3.2
slice 30: 34 vertices, 48 faces
slice 40: 3526 vertices, 3706 faces
slice 50: 10642 vertices, 10934 faces
slice 60: 19923 vertices, 20262 faces
slice 70: 30478 vertices, 30818 faces
slice 80: 41321 vertices, 41687 faces
slice 90: 52725 vertices, 53133 faces
slice 100: 64591 vertices, 64983 faces
slice 110: 76880 vertices, 77311 faces
slice 120: 88511 vertices, 88948 faces
slice 130: 100251 vertices, 100665 faces
slice 140: 111782 vertices, 112168 faces
slice 150: 121944 vertices, 122304 faces
slice 160: 130683 vertices, 131004 faces
slice 170: 138127 vertices, 138393 faces
slice 180: 144151 vertices, 144362 faces
slice 190: 149056 vertices, 149202 faces
slice 200: 150854 vertices, 150874 faces
slice 210: 150854 vertices, 150874 faces
slice 220: 150854 vertices, 150874 faces
slice 230: 150854 vertices, 150874 faces
slice 240: 150854 vertices, 150874 faces
slice 250: 150854 vertices, 150874 faces
using the conformed surface RAS to save vertex points...
writing ../surf/lh.orig.nofix
using vox2ras matrix:
-1.00000   0.00000   0.00000   128.00000;
 0.00000   0.00000   1.00000  -128.00000;
 0.00000  -1.00000   0.00000   128.00000;
 0.00000   0.00000   0.00000   1.00000;

 rm -f ../mri/filled-pretess255.mgz 


 mris_extract_main_component ../surf/lh.orig.nofix ../surf/lh.orig.nofix 


counting number of connected components...
   150854 voxel in cpt #1: X=-20 [v=150854,e=452622,f=301748] located at (-27.506994, -19.190430, 28.563591)
For the whole surface: X=-20 [v=150854,e=452622,f=301748]
One single component has been found
nothing to do
done

#--------------------------------------------
#@# Smooth1 lh Wed Mar 11 15:11:27 CET 2026
/out/sourcedata/freesurfer/sub-v2s18x29499_ses-1/scripts

 mris_smooth -nw -seed 1234 ../surf/lh.orig.nofix ../surf/lh.smoothwm.nofix 

setting seed for random number generator to 1234
smoothing surface tessellation for 10 iterations...
smoothing complete - recomputing first and second fundamental forms...
#--------------------------------------------
#@# Inflation1 lh Wed Mar 11 15:11:30 CET 2026
/out/sourcedata/freesurfer/sub-v2s18x29499_ses-1/scripts

 mris_inflate -no-save-sulc ../surf/lh.smoothwm.nofix ../surf/lh.inflated.nofix 

Not saving sulc
Reading ../surf/lh.smoothwm.nofix
avg radius = 48.1 mm, total surface area = 81181 mm^2
step 000: RMS=0.148 (target=0.015)   step 005: RMS=0.110 (target=0.015)   step 010: RMS=0.081 (target=0.015)   step 015: RMS=0.067 (target=0.015)   step 020: RMS=0.057 (target=0.015)   step 025: RMS=0.049 (target=0.015)   step 030: RMS=0.043 (target=0.015)   step 035: RMS=0.039 (target=0.015)   step 040: RMS=0.036 (target=0.015)   step 045: RMS=0.034 (target=0.015)   step 050: RMS=0.031 (target=0.015)   step 055: RMS=0.031 (target=0.015)   step 060: RMS=0.031 (target=0.015)   writing inflated surface to ../surf/lh.inflated.nofix
inflation took 0.3 minutes

inflation complete.
Not saving sulc
mris_inflate utimesec    77.681250
mris_inflate stimesec    1.574171
mris_inflate ru_maxrss   237860
mris_inflate ru_ixrss    0
mris_inflate ru_idrss    0
mris_inflate ru_isrss    0
mris_inflate ru_minflt   497378
mris_inflate ru_majflt   31
mris_inflate ru_nswap    0
mris_inflate ru_inblock  1672
mris_inflate ru_oublock  10616
mris_inflate ru_msgsnd   0
mris_inflate ru_msgrcv   0
mris_inflate ru_nsignals 0
mris_inflate ru_nvcsw    8755
mris_inflate ru_nivcsw   1159
#--------------------------------------------
#@# QSphere lh Wed Mar 11 15:11:45 CET 2026
/out/sourcedata/freesurfer/sub-v2s18x29499_ses-1/scripts

 mris_sphere -q -p 6 -a 128 -seed 1234 ../surf/lh.inflated.nofix ../surf/lh.qsphere.nofix 

doing quick spherical unfolding.
limitting unfolding to 6 passes
using n_averages = 128
setting seed for random number genererator to 1234
version: 7.3.2
available threads: 16
scaling brain by 0.293...
inflating...
projecting onto sphere...
surface projected - minimizing metric distortion...
vertex spacing 0.95 +- 0.56 (0.00-->8.60) (max @ vno 53497 --> 53498)
face area 0.02 +- 0.03 (-0.44-->0.88)
Entering MRISinflateToSphere()
inflating to sphere (rms error < 2.00)
000: dt: 0.0000, rms radial error=177.073, avgs=0
005/300: dt: 0.9000, rms radial error=176.812, avgs=0
010/300: dt: 0.9000, rms radial error=176.252, avgs=0
015/300: dt: 0.9000, rms radial error=175.516, avgs=0
020/300: dt: 0.9000, rms radial error=174.679, avgs=0
025/300: dt: 0.9000, rms radial error=173.785, avgs=0
030/300: dt: 0.9000, rms radial error=172.859, avgs=0
035/300: dt: 0.9000, rms radial error=171.917, avgs=0
040/300: dt: 0.9000, rms radial error=170.974, avgs=0
045/300: dt: 0.9000, rms radial error=170.027, avgs=0
050/300: dt: 0.9000, rms radial error=169.080, avgs=0
055/300: dt: 0.9000, rms radial error=168.136, avgs=0
060/300: dt: 0.9000, rms radial error=167.195, avgs=0
065/300: dt: 0.9000, rms radial error=166.259, avgs=0
070/300: dt: 0.9000, rms radial error=165.327, avgs=0
075/300: dt: 0.9000, rms radial error=164.400, avgs=0
080/300: dt: 0.9000, rms radial error=163.476, avgs=0
085/300: dt: 0.9000, rms radial error=162.559, avgs=0
090/300: dt: 0.9000, rms radial error=161.647, avgs=0
095/300: dt: 0.9000, rms radial error=160.740, avgs=0
100/300: dt: 0.9000, rms radial error=159.839, avgs=0
105/300: dt: 0.9000, rms radial error=158.942, avgs=0
110/300: dt: 0.9000, rms radial error=158.050, avgs=0
115/300: dt: 0.9000, rms radial error=157.164, avgs=0
120/300: dt: 0.9000, rms radial error=156.282, avgs=0
125/300: dt: 0.9000, rms radial error=155.405, avgs=0
130/300: dt: 0.9000, rms radial error=154.533, avgs=0
135/300: dt: 0.9000, rms radial error=153.665, avgs=0
140/300: dt: 0.9000, rms radial error=152.802, avgs=0
145/300: dt: 0.9000, rms radial error=151.944, avgs=0
150/300: dt: 0.9000, rms radial error=151.091, avgs=0
155/300: dt: 0.9000, rms radial error=150.243, avgs=0
160/300: dt: 0.9000, rms radial error=149.399, avgs=0
165/300: dt: 0.9000, rms radial error=148.559, avgs=0
170/300: dt: 0.9000, rms radial error=147.725, avgs=0
175/300: dt: 0.9000, rms radial error=146.895, avgs=0
180/300: dt: 0.9000, rms radial error=146.069, avgs=0
185/300: dt: 0.9000, rms radial error=145.248, avgs=0
190/300: dt: 0.9000, rms radial error=144.432, avgs=0
195/300: dt: 0.9000, rms radial error=143.620, avgs=0
200/300: dt: 0.9000, rms radial error=142.813, avgs=0
205/300: dt: 0.9000, rms radial error=142.010, avgs=0
210/300: dt: 0.9000, rms radial error=141.211, avgs=0
215/300: dt: 0.9000, rms radial error=140.417, avgs=0
220/300: dt: 0.9000, rms radial error=139.627, avgs=0
225/300: dt: 0.9000, rms radial error=138.842, avgs=0
230/300: dt: 0.9000, rms radial error=138.061, avgs=0
235/300: dt: 0.9000, rms radial error=137.284, avgs=0
240/300: dt: 0.9000, rms radial error=136.512, avgs=0
245/300: dt: 0.9000, rms radial error=135.744, avgs=0
250/300: dt: 0.9000, rms radial error=134.980, avgs=0
255/300: dt: 0.9000, rms radial error=134.221, avgs=0
260/300: dt: 0.9000, rms radial error=133.465, avgs=0
265/300: dt: 0.9000, rms radial error=132.714, avgs=0
270/300: dt: 0.9000, rms radial error=131.967, avgs=0
275/300: dt: 0.9000, rms radial error=131.225, avgs=0
280/300: dt: 0.9000, rms radial error=130.486, avgs=0
285/300: dt: 0.9000, rms radial error=129.752, avgs=0
290/300: dt: 0.9000, rms radial error=129.021, avgs=0
295/300: dt: 0.9000, rms radial error=128.295, avgs=0
300/300: dt: 0.9000, rms radial error=127.573, avgs=0

spherical inflation complete.
epoch 1 (K=10.0), pass 1, starting sse = 17911.95
taking momentum steps...
taking momentum steps...
taking momentum steps...
taking momentum steps...
pass 1 complete, delta sse/iter = 0.00/13 = 0.00020
epoch 2 (K=40.0), pass 1, starting sse = 3032.72
taking momentum steps...
taking momentum steps...
taking momentum steps...
taking momentum steps...
pass 1 complete, delta sse/iter = 0.00/13 = 0.00005
epoch 3 (K=160.0), pass 1, starting sse = 301.72
taking momentum steps...
taking momentum steps...
taking momentum steps...
taking momentum steps...
pass 1 complete, delta sse/iter = 0.11/15 = 0.00715
epoch 4 (K=640.0), pass 1, starting sse = 14.08
taking momentum steps...
taking momentum steps...
taking momentum steps...
taking momentum steps...
pass 1 complete, delta sse/iter = 0.11/19 = 0.00590
final distance error %100000.00
writing spherical brain to ../surf/lh.qsphere.nofix
spherical transformation took 0.0190 hours
FSRUNTIME@ mris_sphere  0.0190 hours 16 threads
#VMPC# mris_sphere VmPeak  2387368
mris_sphere done
#@# Fix Topology lh Wed Mar 11 15:12:54 CET 2026

 mris_fix_topology -mgz -sphere qsphere.nofix -inflated inflated.nofix -orig orig.nofix -out orig.premesh -ga -seed 1234 sub-v2s18x29499_ses-1 lh 

reading spherical homeomorphism from 'qsphere.nofix'
reading inflated coordinates from 'inflated.nofix'
reading original coordinates from 'orig.nofix'
using genetic algorithm with optimized parameters
setting seed for random number genererator to 1234

*************************************************************
Topology Correction Parameters
retessellation mode:           genetic search
number of patches/generation : 10
number of generations :        10
surface mri loglikelihood coefficient :         1.0
volume mri loglikelihood coefficient :          10.0
normal dot loglikelihood coefficient :          1.0
quadratic curvature loglikelihood coefficient : 1.0
volume resolution :                             2
eliminate vertices during search :              1
initial patch selection :                       1
select all defect vertices :                    0
ordering dependant retessellation:              0
use precomputed edge table :                    0
smooth retessellated patch :                    2
match retessellated patch :                     1
verbose mode :                                  0

*************************************************************
INFO: assuming .mgz format
writing corrected surface to 'orig.premesh'
7.3.2
  7.3.2
before topology correction, eno=-20 (nv=150854, nf=301748, ne=452622, g=11)
using quasi-homeomorphic spherical map to tessellate cortical surface...

Correction of the Topology
Finding true center and radius of Spherical Surface...done
Surface centered at (0,0,0) with radius 100.0 in 13 iterations
marking ambiguous vertices...
3255 ambiguous faces found in tessellation
segmenting defects...
11 defects found, arbitrating ambiguous regions...
analyzing neighboring defects...
11 defects to be corrected 
0 vertices coincident
reading input surface /out/sourcedata/freesurfer/sub-v2s18x29499_ses-1/surf/lh.qsphere.nofix...
reading brain volume from brain...
reading wm segmentation from wm...
Reading original properties of orig.nofix
Reading vertex positions of inflated.nofix
Computing Initial Surface Statistics
      -face       loglikelihood: -9.6216  (-4.8108)
      -vertex     loglikelihood: -6.3341  (-3.1671)
      -normal dot loglikelihood: -3.6476  (-3.6476)
      -quad curv  loglikelihood: -6.1531  (-3.0766)
      Total Loglikelihood : -25.7564
CORRECTING DEFECT 0 (vertices=551, convex hull=269, v0=51104)
After retessellation of defect 0 (v0=51104), euler #=-8 (149028,446706,297670) : difference with theory (-8) = 0 
CORRECTING DEFECT 1 (vertices=11, convex hull=36, v0=61989)
After retessellation of defect 1 (v0=61989), euler #=-7 (149034,446734,297693) : difference with theory (-7) = 0 
CORRECTING DEFECT 2 (vertices=28, convex hull=46, v0=67969)
After retessellation of defect 2 (v0=67969), euler #=-6 (149045,446784,297733) : difference with theory (-6) = 0 
CORRECTING DEFECT 3 (vertices=27, convex hull=49, v0=80177)
After retessellation of defect 3 (v0=80177), euler #=-5 (149053,446825,297767) : difference with theory (-5) = 0 
CORRECTING DEFECT 4 (vertices=628, convex hull=404, v0=81402)
After retessellation of defect 4 (v0=81402), euler #=-4 (149265,447666,298397) : difference with theory (-4) = 0 
CORRECTING DEFECT 5 (vertices=19, convex hull=35, v0=99548)
After retessellation of defect 5 (v0=99548), euler #=-3 (149268,447687,298416) : difference with theory (-3) = 0 
CORRECTING DEFECT 6 (vertices=44, convex hull=76, v0=104691)
After retessellation of defect 6 (v0=104691), euler #=-2 (149287,447777,298488) : difference with theory (-2) = 0 
CORRECTING DEFECT 7 (vertices=64, convex hull=30, v0=108160)
After retessellation of defect 7 (v0=108160), euler #=-1 (149295,447811,298515) : difference with theory (-1) = 0 
CORRECTING DEFECT 8 (vertices=165, convex hull=68, v0=112483)
After retessellation of defect 8 (v0=112483), euler #=0 (149304,447865,298561) : difference with theory (0) = 0 
CORRECTING DEFECT 9 (vertices=307, convex hull=43, v0=118744)
After retessellation of defect 9 (v0=118744), euler #=1 (149312,447907,298596) : difference with theory (1) = 0 
CORRECTING DEFECT 10 (vertices=34, convex hull=62, v0=150487)
After retessellation of defect 10 (v0=150487), euler #=2 (149329,447981,298654) : difference with theory (2) = 0 
computing original vertex metric properties...
storing new metric properties...
computing tessellation statistics...
vertex spacing 0.89 +- 0.21 (0.06-->10.07) (max @ vno 55819 --> 57099)
face area -nan +- -nan (1000.00-->-1.00)
performing soap bubble on retessellated vertices for 0 iterations...
vertex spacing 0.89 +- 0.21 (0.06-->10.07) (max @ vno 55819 --> 57099)
face area -nan +- -nan (1000.00-->-1.00)
tessellation finished, orienting corrected surface...
38 mutations (34.5%), 72 crossovers (65.5%), 151 vertices were eliminated
building final representation...
1525 vertices and 0 faces have been removed from triangulation
after topology correction, eno=2 (nv=149329, nf=298654, ne=447981, g=0)
writing corrected surface to /out/sourcedata/freesurfer/sub-v2s18x29499_ses-1/surf/lh.orig.premesh...

0.000 % of the vertices (0 vertices) exhibit an orientation change
removing intersecting faces
000: 140 intersecting
001: 12 intersecting
terminating search with 0 intersecting
topology fixing took 1.4 minutes
FSRUNTIME@ mris_fix_topology lh  0.0228 hours 16 threads
#VMPC# mris_fix_topology VmPeak  2165032

 mris_euler_number ../surf/lh.orig.premesh 

euler # = v-e+f = 2g-2: 149329 - 447981 + 298654 = 2 --> 0 holes
      F =2V-4:          298654 = 298658-4 (0)
      2E=3F:            895962 = 895962 (0)

total defect index = 0
Wed Mar 11 15:14:16 CET 2026

setenv SUBJECTS_DIR /out/sourcedata/freesurfer
cd /out/sourcedata/freesurfer/sub-v2s18x29499_ses-1/scripts
/opt/freesurfer/bin/defect2seg --s sub-v2s18x29499_ses-1 --lh-only --cortex

freesurfer-linux-ubuntu22_x86_64-7.3.2-20220804-6354275
defect2seg 7.3.2
Linux dna018 5.14.0-427.37.1.el9_4.x86_64 #1 SMP PREEMPT_DYNAMIC Fri Sep 13 12:41:50 EDT 2024 x86_64 x86_64 x86_64 GNU/Linux
pid 3792997
mri_label2label --label-cortex /out/sourcedata/freesurfer/sub-v2s18x29499_ses-1/surf/lh.orig.nofix /out/sourcedata/freesurfer/sub-v2s18x29499_ses-1/mri/aseg.presurf.mgz 0 /out/sourcedata/freesurfer/sub-v2s18x29499_ses-1/label/lh.nofix.cortex.label

 Generating cortex label... RemoveHipAmgy=0
 NucAccIsMedialWall=0
 mris->useRealRAS=0
21 non-cortical segments detected
only using segment with 8638 vertices
erasing segment 0 (vno[0] = 38781)
erasing segment 1 (vno[0] = 41002)
erasing segment 3 (vno[0] = 53588)
erasing segment 4 (vno[0] = 66484)
erasing segment 5 (vno[0] = 67805)
erasing segment 6 (vno[0] = 85507)
erasing segment 7 (vno[0] = 104581)
erasing segment 8 (vno[0] = 105738)
erasing segment 9 (vno[0] = 106917)
erasing segment 10 (vno[0] = 106935)
erasing segment 11 (vno[0] = 108024)
erasing segment 12 (vno[0] = 108160)
erasing segment 13 (vno[0] = 109129)
erasing segment 14 (vno[0] = 109202)
erasing segment 15 (vno[0] = 110167)
erasing segment 16 (vno[0] = 110193)
erasing segment 17 (vno[0] = 111336)
erasing segment 18 (vno[0] = 112547)
erasing segment 19 (vno[0] = 112633)
erasing segment 20 (vno[0] = 113573)
mri_label2vol --defects /out/sourcedata/freesurfer/sub-v2s18x29499_ses-1/surf/lh.orig.nofix /out/sourcedata/freesurfer/sub-v2s18x29499_ses-1/surf/lh.defect_labels /out/sourcedata/freesurfer/sub-v2s18x29499_ses-1/mri/orig.mgz 1000 0 /out/sourcedata/freesurfer/sub-v2s18x29499_ses-1/mri/lh.surface.defects.mgz /out/sourcedata/freesurfer/sub-v2s18x29499_ses-1/label/lh.nofix.cortex.label
mri_label2vol supposed to be reproducible but seed not set
Contraining to label /out/sourcedata/freesurfer/sub-v2s18x29499_ses-1/label/lh.nofix.cortex.label
Changing input type 0 to MRI_INT
Converting defects to volume: offset=1000, merge=0
Writing to /out/sourcedata/freesurfer/sub-v2s18x29499_ses-1/mri/lh.surface.defects.mgz
mris_defects_pointset -s /out/sourcedata/freesurfer/sub-v2s18x29499_ses-1/surf/lh.orig.nofix -d /out/sourcedata/freesurfer/sub-v2s18x29499_ses-1/surf/lh.defect_labels -o /out/sourcedata/freesurfer/sub-v2s18x29499_ses-1/surf/lh.defects.pointset --label /out/sourcedata/freesurfer/sub-v2s18x29499_ses-1/label/lh.nofix.cortex.label
Reading in surface /out/sourcedata/freesurfer/sub-v2s18x29499_ses-1/surf/lh.orig.nofix
Reading in defect segmentation /out/sourcedata/freesurfer/sub-v2s18x29499_ses-1/surf/lh.defect_labels
Reading in label /out/sourcedata/freesurfer/sub-v2s18x29499_ses-1/label/lh.nofix.cortex.label
#VMPC# mris_defects_pointset 2109468
mris_defects_pointset done
 
Started at Wed Mar 11 15:14:16 CET 2026 
Ended   at Wed Mar 11 15:14:34 CET 2026
Defect2seg-Run-Time-Sec 18
Defect2seg-Run-Time-Min 0.36
Defect2seg-Run-Time-Hours 0.00
 
tkmeditfv sub-v2s18x29499_ses-1 brain.finalsurfs.mgz -defect
defect2seg Done

 mris_remesh --remesh --iters 3 --input /out/sourcedata/freesurfer/sub-v2s18x29499_ses-1/surf/lh.orig.premesh --output /out/sourcedata/freesurfer/sub-v2s18x29499_ses-1/surf/lh.orig 

iters = 3
standard remeshing without target
   adjusted l: 0.709992
remeshing to edge length 0.709992 with 3 iterations

avg qual before   : 0.891025  after: 0.971386

Removing intersections
Remeshed surface quality stats nv0 = 149329  nv = 155811  1.04341
Area    311618  0.30206  0.03343 0.078956   0.4664
Corner  934854 60.00000  8.76482 17.307441 143.7862
Edge    467427  0.84312  0.08200 0.361708   1.2774
Hinge   467427  9.47698 10.02572 0.000001 152.1292
mris_remesh done
/out/sourcedata/freesurfer/sub-v2s18x29499_ses-1/scripts

 mris_remove_intersection ../surf/lh.orig ../surf/lh.orig 

intersection removal took 0.00 hours
writing corrected surface to ../surf/lh.orig

 rm -f ../surf/lh.inflated 

#--------------------------------------------
#@# AutoDetGWStats lh Wed Mar 11 15:15:11 CET 2026
cd /out/sourcedata/freesurfer/sub-v2s18x29499_ses-1/mri
mris_autodet_gwstats --o ../surf/autodet.gw.stats.lh.dat --i brain.finalsurfs.mgz --wm wm.mgz --surf ../surf/lh.orig.premesh
7.3.2

cd /out/sourcedata/freesurfer/sub-v2s18x29499_ses-1/mri
setenv SUBJECTS_DIR /out/sourcedata/freesurfer
mris_autodet_gwstats --o ../surf/autodet.gw.stats.lh.dat --i brain.finalsurfs.mgz --wm wm.mgz --surf ../surf/lh.orig.premesh 

border white:    275928 voxels (1.64%)
border gray      311545 voxels (1.86%)
Reading in intensity volume brain.finalsurfs.mgz
Reading in wm volume wm.mgz
Reading in surf ../surf/lh.orig.premesh
Auto detecting stats
MRIclipBrightWM(): nthresh=21247, wmmin=5, clip=110 
Binarizing thresholding at 5
computing class statistics... low=30, hi=110.000000
CCS WM (99.0): 99.0 +- 8.7 [70.0 --> 110.0]
CCS GM (70.0) : 70.7 +- 9.7 [30.0 --> 110.0]
white_mean = 98.9649 +/- 8.66547, gray_mean = 70.6772 +/- 9.66221
using class modes intead of means, discounting robust sigmas....
MRIScomputeClassModes(): min=0 max=189 nbins=190
intensity peaks found at WM=104+-5.2,    GM=65+-7.0
white_mode = 104, gray_mode = 65
std_scale = 1
Applying sanity checks, max_scale_down = 0.2
setting MIN_GRAY_AT_WHITE_BORDER to 55.3 (was 70.000000)
setting MAX_BORDER_WHITE to 112.7 (was 105.000000)
setting MIN_BORDER_WHITE to 65.0 (was 85.000000)
setting MAX_CSF to 45.7 (was 40.000000)
setting MAX_GRAY to 95.3 (was 95.000000)
setting MAX_GRAY_AT_CSF_BORDER to 55.3 (was 75.000000)
setting MIN_GRAY_AT_CSF_BORDER to 36.0 (was 40.000000)
When placing the white surface
  white_border_hi   = 112.665;
  white_border_low  = 65;
  white_outside_low = 55.3378;
  white_inside_hi   = 120;
  white_outside_hi  = 112.665;
When placing the pial surface
  pial_border_hi   = 55.3378;
  pial_border_low  = 36.0134;
  pial_outside_low = 10;
  pial_inside_hi   = 95.3345;
  pial_outside_hi  = 50.5067;
#VMPC# mris_autodet_gwstats VmPeak  2132344
mris_autodet_gwstats done
#--------------------------------------------
#@# WhitePreAparc lh Wed Mar 11 15:15:14 CET 2026
cd /out/sourcedata/freesurfer/sub-v2s18x29499_ses-1/mri
mris_place_surface --adgws-in ../surf/autodet.gw.stats.lh.dat --wm wm.mgz --threads 16 --invol brain.finalsurfs.mgz --lh --i ../surf/lh.orig --o ../surf/lh.white.preaparc --white --seg aseg.presurf.mgz --nsmooth 5
7.3.2
7.3.2

cd /out/sourcedata/freesurfer/sub-v2s18x29499_ses-1/mri
setenv SUBJECTS_DIR /out/sourcedata/freesurfer
mris_place_surface --adgws-in ../surf/autodet.gw.stats.lh.dat --wm wm.mgz --threads 16 --invol brain.finalsurfs.mgz --lh --i ../surf/lh.orig --o ../surf/lh.white.preaparc --white --seg aseg.presurf.mgz --nsmooth 5 

Reading in input surface ../surf/lh.orig
Smoothing surface before ripping with 5 iterations
Area    311618  0.26713  0.06225 0.000183   0.5516
Corner  934854 60.00000  9.50532 2.270584 170.9779
Edge    467427  0.78941  0.11321 0.025587   1.2690
Hinge   467427  6.36536  6.40700 0.000022 171.7722
Not reading in aparc
Reading in input volume brain.finalsurfs.mgz
Reading in wm volume wm.mgz
MRIclipBrightWM(): nthresh=21247, wmmin=5, clip=110 
MRIfindBrightNonWM(): 32 bright non-wm voxels segmented.
Masking bright non-wm for white surface
MRImask(): AllowDiffGeom = 1
MRImask(): AllowDiffGeom = 1
Reading in seg volume aseg.presurf.mgz
Ripping frozen voxels
INFO: rip surface needed but not specified, so using input surface
Freezing midline and others
Entering: MRISripMidline(): inhibiting deformation at non-cortical midline structures...
  which=1, fix_mtl=0, using annot = 0
#FML0# MRISripMidline(): nripped=0
removing 3 vertices from ripped group in thread:0
removing 3 vertices from ripped group in thread:0
#FML# MRISripMidline(): nmarked=7178, nmarked2=61, nripped=7178
Ripping segs (eg, WMSA, BG, frozen)
Starting MRISripSegs() d = (-2 2 0.5) segnos: 247 
MRISripSegs(): -2 2 0.5 ripped 0
vertex 77906: xyz = (-43.7394,-6.66125,41.3451) oxyz = (-43.7394,-6.66125,41.3451) wxzy = (-43.7394,-6.66125,41.3451) pxyz = (0,0,0) 
CBVO Creating mask 155811
n_averages 4
Iteration 0 =========================================
n_averages=4, current_sigma=2
Freezing midline and others
Ripping frozen voxels
INFO: rip surface needed but not specified, so using input surface
Freezing midline and others
Entering: MRISripMidline(): inhibiting deformation at non-cortical midline structures...
  which=1, fix_mtl=0, using annot = 0
#FML0# MRISripMidline(): nripped=7178
removing 3 vertices from ripped group in thread:0
removing 3 vertices from ripped group in thread:0
#FML# MRISripMidline(): nmarked=7178, nmarked2=61, nripped=7178
Ripping segs (eg, WMSA, BG, frozen)
Starting MRISripSegs() d = (-2 2 0.5) segnos: 247 247 
MRISripSegs(): -2 2 0.5 ripped 0
Computing target border values 
Entering MRIScomputeBorderValues_new(): 
  inside_hi   = 120.0000000;
  border_hi   = 112.6654660;
  border_low  =  65.0000000;
  outside_low =  55.3377910;
  outside_hi  = 112.6654660;
  sigma = 2;
  max_thickness = 10;
  step_size=0.5;
  STEP_SIZE=0.1;
  which = 1
  thresh = 0
  flags = 0
  CBVfindFirstPeakD1=0
  CBVfindFirstPeakD2=0
  nvertices=155811
  Gdiag_no=-1
  vno start=0, stop=155811
Replacing 255s with 0s
#SI# sigma=2 had to be increased for 63 vertices, nripped=7178
mean border=78.5, 49 (49) missing vertices, mean dist 0.3 [0.5 (%36.8)->0.8 (%63.2))]
%77 local maxima, %18 large gradients and % 0 min vals, 0 gradients ignored
nFirstPeakD1 0
MRIScomputeBorderValues_new() finished in 0.0169 min


Finding expansion regions
mean absolute distance = 0.66 +- 0.78
5520 vertices more than 2 sigmas from mean.
Averaging target values for 5 iterations...
Positioning Surface: tspring = 0.3, nspring = 0.3, spring = 0, niters = 100 l_repulse = 5, l_surf_repulse = 0, checktol = 0
Positioning pial surface
Entering MRISpositionSurface()
  max_mm = 0.3
  MAX_REDUCTIONS = 2, REDUCTION_PCT = 0.5
  parms->check_tol = 0, niterations = 100
tol=1.0e-04, sigma=2.0, host=dna01, nav=4, nbrs=2, l_repulse=5.000, l_tspring=0.300, l_nspring=0.300, l_intensity=0.200, l_curv=1.000
mom=0.00, dt=0.50
complete_dist_mat 0
rms 0
smooth_averages 0
remove_neg 0
ico_order 0
which_surface 0
target_radius 0.000000
nfields 0
scale 0.000000
desired_rms_height 0.000000
momentum 0.000000
nbhd_size 0
max_nbrs 0
niterations 100
nsurfaces 0
SURFACES 3
flags 0 (0)
use curv 0
no sulc 0
no rigid align 0
mris->nsize 2
mris->hemisphere 0
randomSeed 0

000: dt: 0.0000, sse=4197946.5, rms=11.642
001: dt: 0.5000, sse=2241727.5, rms=8.357 (28.211%)
002: dt: 0.5000, sse=1390273.6, rms=6.421 (23.166%)
003: dt: 0.5000, sse=960829.0, rms=5.173 (19.442%)
004: dt: 0.5000, sse=736183.8, rms=4.375 (15.415%)
005: dt: 0.5000, sse=622648.2, rms=3.907 (10.717%)
006: dt: 0.5000, sse=570296.4, rms=3.657 (6.387%)
007: dt: 0.5000, sse=545555.3, rms=3.552 (2.885%)
008: dt: 0.5000, sse=531765.8, rms=3.480 (2.003%)
rms = 3.4670/3.4804, sse=529643.7/531765.8, time step reduction 1 of 3 to 0.250  0 0 1
009: dt: 0.5000, sse=529643.8, rms=3.467 (0.385%)
010: dt: 0.2500, sse=280739.3, rms=1.874 (45.944%)
011: dt: 0.2500, sse=240594.6, rms=1.463 (21.936%)
012: dt: 0.2500, sse=231763.8, rms=1.338 (8.525%)
013: dt: 0.2500, sse=224883.2, rms=1.267 (5.326%)
rms = 1.2337/1.2670, sse=222471.2/224883.2, time step reduction 2 of 3 to 0.125  0 0 1
014: dt: 0.2500, sse=222471.2, rms=1.234 (2.625%)
015: dt: 0.1250, sse=218377.6, rms=1.173 (4.895%)
rms = 1.1627/1.1734, sse=217783.7/218377.6, time step reduction 3 of 3 to 0.062  0 0 1
016: dt: 0.1250, sse=217783.7, rms=1.163 (0.906%)
  maximum number of reductions reached, breaking from loop
positioning took 1.7 minutes
Iteration 1 =========================================
n_averages=2, current_sigma=1
Freezing midline and others
Ripping frozen voxels
INFO: rip surface needed but not specified, so using input surface
Freezing midline and others
Entering: MRISripMidline(): inhibiting deformation at non-cortical midline structures...
  which=1, fix_mtl=0, using annot = 0
#FML0# MRISripMidline(): nripped=7178
removing 2 vertices from ripped group in thread:0
removing 4 vertices from ripped group in thread:0
removing 3 vertices from ripped group in thread:0
removing 3 vertices from ripped group in thread:0
removing 3 vertices from ripped group in thread:0
removing 4 vertices from ripped group in thread:0
#FML# MRISripMidline(): nmarked=7402, nmarked2=73, nripped=7402
Ripping segs (eg, WMSA, BG, frozen)
Starting MRISripSegs() d = (-2 2 0.5) segnos: 247 247 247 
MRISripSegs(): -2 2 0.5 ripped 0
Computing target border values 
Entering MRIScomputeBorderValues_new(): 
  inside_hi   = 120.0000000;
  border_hi   = 112.6654660;
  border_low  =  65.0000000;
  outside_low =  55.3377910;
  outside_hi  = 112.6654660;
  sigma = 1;
  max_thickness = 10;
  step_size=0.5;
  STEP_SIZE=0.1;
  which = 1
  thresh = 0
  flags = 0
  CBVfindFirstPeakD1=0
  CBVfindFirstPeakD2=0
  nvertices=155811
  Gdiag_no=-1
  vno start=0, stop=155811
Replacing 255s with 0s
#SI# sigma=1 had to be increased for 65 vertices, nripped=7402
mean border=81.9, 69 (26) missing vertices, mean dist -0.2 [0.3 (%78.3)->0.2 (%21.7))]
%86 local maxima, % 9 large gradients and % 0 min vals, 0 gradients ignored
nFirstPeakD1 0
MRIScomputeBorderValues_new() finished in 0.0114 min


Finding expansion regions
mean absolute distance = 0.29 +- 0.45
3139 vertices more than 2 sigmas from mean.
Averaging target values for 5 iterations...
Positioning Surface: tspring = 0.3, nspring = 0.3, spring = 0, niters = 100 l_repulse = 5, l_surf_repulse = 0, checktol = 0
Positioning pial surface
Entering MRISpositionSurface()
  max_mm = 0.3
  MAX_REDUCTIONS = 2, REDUCTION_PCT = 0.5
  parms->check_tol = 0, niterations = 100
tol=1.0e-04, sigma=1.0, host=dna01, nav=2, nbrs=2, l_repulse=5.000, l_tspring=0.300, l_nspring=0.300, l_intensity=0.200, l_curv=1.000
mom=0.00, dt=0.50
000: dt: 0.0000, sse=1003384.9, rms=5.096
017: dt: 0.5000, sse=534302.0, rms=3.193 (37.335%)
rms = 3.2648/3.1931, sse=547110.3/534302.0, time step reduction 1 of 3 to 0.250  0 1 1
   RMS increased, rejecting step
018: dt: 0.2500, sse=392524.0, rms=2.326 (27.142%)
019: dt: 0.2500, sse=311064.0, rms=1.629 (29.960%)
020: dt: 0.2500, sse=282558.0, rms=1.300 (20.222%)
021: dt: 0.2500, sse=271592.1, rms=1.155 (11.151%)
022: dt: 0.2500, sse=267277.2, rms=1.081 (6.365%)
rms = 1.0447/1.0815, sse=264532.6/267277.1, time step reduction 2 of 3 to 0.125  0 0 1
023: dt: 0.2500, sse=264532.6, rms=1.045 (3.401%)
rms = 1.0025/1.0447, sse=262058.7/264532.6, time step reduction 3 of 3 to 0.062  0 0 1
024: dt: 0.1250, sse=262058.7, rms=1.002 (4.038%)
  maximum number of reductions reached, breaking from loop
positioning took 0.8 minutes
Iteration 2 =========================================
n_averages=1, current_sigma=0.5
Freezing midline and others
Ripping frozen voxels
INFO: rip surface needed but not specified, so using input surface
Freezing midline and others
Entering: MRISripMidline(): inhibiting deformation at non-cortical midline structures...
  which=1, fix_mtl=0, using annot = 0
#FML0# MRISripMidline(): nripped=7402
removing 2 vertices from ripped group in thread:0
removing 3 vertices from ripped group in thread:0
removing 4 vertices from ripped group in thread:0
removing 2 vertices from ripped group in thread:0
removing 4 vertices from ripped group in thread:0
removing 2 vertices from ripped group in thread:0
removing 3 vertices from ripped group in thread:0
removing 4 vertices from ripped group in thread:0
#FML# MRISripMidline(): nmarked=7434, nmarked2=77, nripped=7434
Ripping segs (eg, WMSA, BG, frozen)
Starting MRISripSegs() d = (-2 2 0.5) segnos: 247 247 247 247 
MRISripSegs(): -2 2 0.5 ripped 0
Computing target border values 
Entering MRIScomputeBorderValues_new(): 
  inside_hi   = 120.0000000;
  border_hi   = 112.6654660;
  border_low  =  65.0000000;
  outside_low =  55.3377910;
  outside_hi  = 112.6654660;
  sigma = 0.5;
  max_thickness = 10;
  step_size=0.5;
  STEP_SIZE=0.1;
  which = 1
  thresh = 0
  flags = 0
  CBVfindFirstPeakD1=0
  CBVfindFirstPeakD2=0
  nvertices=155811
  Gdiag_no=-1
  vno start=0, stop=155811
Replacing 255s with 0s
#SI# sigma=0.5 had to be increased for 56 vertices, nripped=7434
mean border=84.0, 73 (26) missing vertices, mean dist -0.1 [0.2 (%71.8)->0.2 (%28.2))]
%90 local maxima, % 5 large gradients and % 0 min vals, 0 gradients ignored
nFirstPeakD1 0
MRIScomputeBorderValues_new() finished in 0.0063 min


Finding expansion regions
mean absolute distance = 0.20 +- 0.31
3487 vertices more than 2 sigmas from mean.
Averaging target values for 5 iterations...
Positioning Surface: tspring = 0.3, nspring = 0.3, spring = 0, niters = 100 l_repulse = 5, l_surf_repulse = 0, checktol = 0
Positioning pial surface
Entering MRISpositionSurface()
  max_mm = 0.3
  MAX_REDUCTIONS = 2, REDUCTION_PCT = 0.5
  parms->check_tol = 0, niterations = 100
tol=1.0e-04, sigma=0.5, host=dna01, nav=1, nbrs=2, l_repulse=5.000, l_tspring=0.300, l_nspring=0.300, l_intensity=0.200, l_curv=1.000
mom=0.00, dt=0.50
000: dt: 0.0000, sse=481236.8, rms=2.924
025: dt: 0.5000, sse=444632.8, rms=2.696 (7.779%)
rms = 3.0639/2.6962, sse=504984.9/444632.7, time step reduction 1 of 3 to 0.250  0 1 1
   RMS increased, rejecting step
026: dt: 0.2500, sse=309763.1, rms=1.657 (38.558%)
027: dt: 0.2500, sse=266149.1, rms=1.139 (31.219%)
028: dt: 0.2500, sse=256360.2, rms=0.986 (13.481%)
rms = 0.9568/0.9858, sse=254541.0/256360.2, time step reduction 2 of 3 to 0.125  0 0 1
029: dt: 0.2500, sse=254541.0, rms=0.957 (2.940%)
030: dt: 0.1250, sse=251205.0, rms=0.896 (6.346%)
rms = 0.8937/0.8961, sse=251033.0/251205.0, time step reduction 3 of 3 to 0.062  0 0 1
031: dt: 0.1250, sse=251033.0, rms=0.894 (0.276%)
  maximum number of reductions reached, breaking from loop
positioning took 0.8 minutes
Iteration 3 =========================================
n_averages=0, current_sigma=0.25
Freezing midline and others
Ripping frozen voxels
INFO: rip surface needed but not specified, so using input surface
Freezing midline and others
Entering: MRISripMidline(): inhibiting deformation at non-cortical midline structures...
  which=1, fix_mtl=0, using annot = 0
#FML0# MRISripMidline(): nripped=7434
removing 2 vertices from ripped group in thread:0
removing 2 vertices from ripped group in thread:0
removing 4 vertices from ripped group in thread:0
removing 4 vertices from ripped group in thread:0
removing 4 vertices from ripped group in thread:0
removing 4 vertices from ripped group in thread:0
removing 2 vertices from ripped group in thread:0
removing 4 vertices from ripped group in thread:0
#FML# MRISripMidline(): nmarked=7483, nmarked2=76, nripped=7483
Ripping segs (eg, WMSA, BG, frozen)
Starting MRISripSegs() d = (-2 2 0.5) segnos: 247 247 247 247 247 
MRISripSegs(): -2 2 0.5 ripped 0
Computing target border values 
Entering MRIScomputeBorderValues_new(): 
  inside_hi   = 120.0000000;
  border_hi   = 112.6654660;
  border_low  =  65.0000000;
  outside_low =  55.3377910;
  outside_hi  = 112.6654660;
  sigma = 0.25;
  max_thickness = 10;
  step_size=0.5;
  STEP_SIZE=0.1;
  which = 1
  thresh = 0
  flags = 0
  CBVfindFirstPeakD1=0
  CBVfindFirstPeakD2=0
  nvertices=155811
  Gdiag_no=-1
  vno start=0, stop=155811
Replacing 255s with 0s
#SI# sigma=0.25 had to be increased for 46 vertices, nripped=7483
mean border=84.6, 85 (25) missing vertices, mean dist -0.0 [0.2 (%56.6)->0.2 (%43.4))]
%92 local maxima, % 3 large gradients and % 0 min vals, 0 gradients ignored
nFirstPeakD1 0
MRIScomputeBorderValues_new() finished in 0.0040 min


Finding expansion regions
mean absolute distance = 0.17 +- 0.26
2913 vertices more than 2 sigmas from mean.
Averaging target values for 5 iterations...
Positioning Surface: tspring = 0.3, nspring = 0.3, spring = 0, niters = 100 l_repulse = 5, l_surf_repulse = 0, checktol = 0
Positioning pial surface
Entering MRISpositionSurface()
  max_mm = 0.3
  MAX_REDUCTIONS = 2, REDUCTION_PCT = 0.5
  parms->check_tol = 0, niterations = 100
tol=1.0e-04, sigma=0.2, host=dna01, nav=0, nbrs=2, l_repulse=5.000, l_tspring=0.300, l_nspring=0.300, l_intensity=0.200, l_curv=1.000
mom=0.00, dt=0.50
000: dt: 0.0000, sse=273329.3, rms=1.283
rms = 1.5734/1.2834, sse=299579.8/273329.3, time step reduction 1 of 3 to 0.250  0 1 1
   RMS increased, rejecting step
032: dt: 0.2500, sse=245160.2, rms=0.831 (35.234%)
033: dt: 0.2500, sse=237456.6, rms=0.651 (21.620%)
rms = 0.6632/0.6515, sse=237402.2/237456.6, time step reduction 2 of 3 to 0.125  0 0 1
   RMS increased, rejecting step
rms = 0.6493/0.6515, sse=237304.2/237456.6, time step reduction 3 of 3 to 0.062  0 0 1
034: dt: 0.1250, sse=237304.2, rms=0.649 (0.330%)
  maximum number of reductions reached, breaking from loop
positioning took 0.4 minutes


Writing output to ../surf/lh.white.preaparc
#ET# mris_place_surface  3.81 minutes
#VMPC# mris_place_surfaces VmPeak  3347736
mris_place_surface done
#--------------------------------------------
#@# CortexLabel lh Wed Mar 11 15:19:09 CET 2026
cd /out/sourcedata/freesurfer/sub-v2s18x29499_ses-1/mri
mri_label2label --label-cortex ../surf/lh.white.preaparc aseg.presurf.mgz 0 ../label/lh.cortex.label

 Generating cortex label... RemoveHipAmgy=0
 NucAccIsMedialWall=0
 mris->useRealRAS=0
5 non-cortical segments detected
only using segment with 8860 vertices
erasing segment 0 (vno[0] = 34049)
erasing segment 2 (vno[0] = 85845)
erasing segment 3 (vno[0] = 92898)
erasing segment 4 (vno[0] = 96551)
#--------------------------------------------
#@# CortexLabel+HipAmyg lh Wed Mar 11 15:19:26 CET 2026
cd /out/sourcedata/freesurfer/sub-v2s18x29499_ses-1/mri
mri_label2label --label-cortex ../surf/lh.white.preaparc aseg.presurf.mgz 1 ../label/lh.cortex+hipamyg.label

 Generating cortex label... RemoveHipAmgy=1
 NucAccIsMedialWall=0
 mris->useRealRAS=0
8 non-cortical segments detected
only using segment with 6338 vertices
erasing segment 0 (vno[0] = 34049)
erasing segment 2 (vno[0] = 49904)
erasing segment 3 (vno[0] = 50720)
erasing segment 4 (vno[0] = 68491)
erasing segment 5 (vno[0] = 85845)
erasing segment 6 (vno[0] = 92898)
erasing segment 7 (vno[0] = 96551)
#--------------------------------------------
#@# Smooth2 lh Wed Mar 11 15:19:43 CET 2026
/out/sourcedata/freesurfer/sub-v2s18x29499_ses-1/scripts

 mris_smooth -n 3 -nw -seed 1234 ../surf/lh.white.preaparc ../surf/lh.smoothwm 

smoothing for 3 iterations
setting seed for random number generator to 1234
smoothing surface tessellation for 3 iterations...
smoothing complete - recomputing first and second fundamental forms...
#--------------------------------------------
#@# Inflation2 lh Wed Mar 11 15:19:46 CET 2026
/out/sourcedata/freesurfer/sub-v2s18x29499_ses-1/scripts

 mris_inflate ../surf/lh.smoothwm ../surf/lh.inflated 

Reading ../surf/lh.smoothwm
avg radius = 48.1 mm, total surface area = 96363 mm^2
step 000: RMS=0.169 (target=0.015)   step 005: RMS=0.113 (target=0.015)   step 010: RMS=0.084 (target=0.015)   step 015: RMS=0.070 (target=0.015)   step 020: RMS=0.058 (target=0.015)   step 025: RMS=0.048 (target=0.015)   step 030: RMS=0.040 (target=0.015)   step 035: RMS=0.033 (target=0.015)   step 040: RMS=0.028 (target=0.015)   step 045: RMS=0.024 (target=0.015)   step 050: RMS=0.022 (target=0.015)   step 055: RMS=0.020 (target=0.015)   step 060: RMS=0.018 (target=0.015)   writing inflated surface to ../surf/lh.inflated
writing sulcal depths to ../surf/lh.sulc

inflation complete.
inflation took 0.3 minutes
mris_inflate utimesec    81.677797
mris_inflate stimesec    1.253843
mris_inflate ru_maxrss   238924
mris_inflate ru_ixrss    0
mris_inflate ru_idrss    0
mris_inflate ru_isrss    0
mris_inflate ru_minflt   198052
mris_inflate ru_majflt   2
mris_inflate ru_nswap    0
mris_inflate ru_inblock  130
mris_inflate ru_oublock  12184
mris_inflate ru_msgsnd   0
mris_inflate ru_msgrcv   0
mris_inflate ru_nsignals 0
mris_inflate ru_nvcsw    21539
mris_inflate ru_nivcsw   1487
#--------------------------------------------
#@# Curv .H and .K lh Wed Mar 11 15:20:02 CET 2026
/out/sourcedata/freesurfer/sub-v2s18x29499_ses-1/surf

 mris_curvature -w -seed 1234 lh.white.preaparc 

setting seed for random number generator to 1234
total integrated curvature = 19.814*4pi (248.990) --> -19 handles
ICI = 155.3, FI = 1579.0, variation=24719.511
writing Gaussian curvature to ./lh.white.preaparc.K...done.
writing mean curvature to ./lh.white.preaparc.H...done.
rm -f lh.white.H
ln -s lh.white.preaparc.H lh.white.H
rm -f lh.white.K
ln -s lh.white.preaparc.K lh.white.K

 mris_curvature -seed 1234 -thresh .999 -n -a 5 -w -distances 10 10 lh.inflated 

setting seed for random number generator to 1234
normalizing curvature values.
averaging curvature patterns 5 times.
sampling 10 neighbors out to a distance of 10 mm
208 vertices thresholded to be in k1 ~ [-0.20 0.32], k2 ~ [-0.08 0.06]
total integrated curvature = 0.698*4pi (8.767) --> 0 handles
ICI = 1.8, FI = 11.9, variation=198.076
130 vertices thresholded to be in [-0.01 0.01]
writing Gaussian curvature to ./lh.inflated.K...thresholding curvature at 99.90% level
curvature mean = 0.000, std = 0.001
177 vertices thresholded to be in [-0.11 0.15]
done.
writing mean curvature to ./lh.inflated.H...curvature mean = -0.015, std = 0.023
done.
#--------------------------------------------
#@# Sphere lh Wed Mar 11 15:20:54 CET 2026
/out/sourcedata/freesurfer/sub-v2s18x29499_ses-1/scripts

 mris_sphere -seed 1234 ../surf/lh.inflated ../surf/lh.sphere 

setting seed for random number genererator to 1234
version: 7.3.2
available threads: 16
reading original vertex positions...
projecting onto sphere...
surface projected - minimizing metric distortion...
scaling brain by 0.268...
MRISunfold() max_passes = 1 -------
tol=5.0e-01, sigma=0.0, host=dna01, nav=1024, nbrs=2, l_area=1.000, l_dist=1.000
using quadratic fit line minimization
complete_dist_mat 0
rms 0
smooth_averages 0
remove_neg 0
ico_order 0
which_surface 0
target_radius 0.000000
nfields 0
scale 1.000000
desired_rms_height -1.000000
momentum 0.900000
nbhd_size 7
max_nbrs 8
niterations 25
nsurfaces 0
SURFACES 3
flags 0 (0)
use curv 0
no sulc 0
no rigid align 0
mris->nsize 2
mris->hemisphere 0
randomSeed 1234

singular matrix in quadratic form
--------------------
  mrisRemoveNegativeArea()
pass 1: epoch 1 of 3 starting distance error %20.20
pass 1: epoch 2 of 3 starting distance error %20.22
unfolding complete - removing small folds...
starting distance error %20.21
removing remaining folds...
final distance error %20.24
MRISunfold() return, current seed 1234
-01: dt=0.0000,  11 negative triangles  VmPeak 1629644
155: dt=0.9900,  11 negative triangles
156: dt=0.9900,   8 negative triangles
157: dt=0.9900,   9 negative triangles
158: dt=0.9900,   7 negative triangles
159: dt=0.9900,   4 negative triangles
160: dt=0.9900,   8 negative triangles
161: dt=0.9900,   7 negative triangles
162: dt=0.9900,  10 negative triangles
163: dt=0.9900,   9 negative triangles
164: dt=0.9900,   7 negative triangles
165: dt=0.9900,   9 negative triangles
166: dt=0.9900,   8 negative triangles
167: dt=0.9900,  11 negative triangles
168: dt=0.9900,   5 negative triangles
169: dt=0.9405,   5 negative triangles
170: dt=0.9405,   7 negative triangles
171: dt=0.9405,   5 negative triangles
172: dt=0.9405,   9 negative triangles
173: dt=0.9405,   8 negative triangles
174: dt=0.9405,   5 negative triangles
175: dt=0.9405,   6 negative triangles
176: dt=0.9405,   5 negative triangles
177: dt=0.9405,   8 negative triangles
178: dt=0.9405,   6 negative triangles
179: dt=0.8935,   5 negative triangles
180: dt=0.8935,   7 negative triangles
181: dt=0.8935,   5 negative triangles
182: dt=0.8935,   7 negative triangles
183: dt=0.8935,   7 negative triangles
184: dt=0.8935,   9 negative triangles
185: dt=0.8935,   6 negative triangles
186: dt=0.8935,   4 negative triangles
187: dt=0.8935,   5 negative triangles
188: dt=0.8935,   4 negative triangles
189: dt=0.8488,   5 negative triangles
190: dt=0.8488,   3 negative triangles
191: dt=0.8488,   6 negative triangles
192: dt=0.8488,   3 negative triangles
193: dt=0.8488,   7 negative triangles
194: dt=0.8488,   4 negative triangles
195: dt=0.8488,   4 negative triangles
196: dt=0.8488,   5 negative triangles
197: dt=0.8488,   4 negative triangles
198: dt=0.8488,   6 negative triangles
199: dt=0.8488,   3 negative triangles
200: dt=0.8064,   5 negative triangles
201: dt=0.8064,   4 negative triangles
202: dt=0.8064,   4 negative triangles
203: dt=0.8064,   3 negative triangles
204: dt=0.8064,   3 negative triangles
205: dt=0.8064,   5 negative triangles
206: dt=0.8064,   3 negative triangles
207: dt=0.8064,   4 negative triangles
208: dt=0.8064,   4 negative triangles
209: dt=0.8064,   3 negative triangles
210: dt=0.7660,   4 negative triangles
211: dt=0.7660,   3 negative triangles
212: dt=0.7660,   5 negative triangles
213: dt=0.7660,   3 negative triangles
214: dt=0.7660,   5 negative triangles
215: dt=0.7660,   3 negative triangles
216: dt=0.7660,   5 negative triangles
217: dt=0.7660,   3 negative triangles
218: dt=0.7660,   5 negative triangles
219: dt=0.7660,   3 negative triangles
220: dt=0.7277,   5 negative triangles
221: dt=0.7277,   3 negative triangles
222: dt=0.7277,   5 negative triangles
223: dt=0.7277,   3 negative triangles
224: dt=0.7277,   5 negative triangles
225: dt=0.7277,   3 negative triangles
226: dt=0.7277,   5 negative triangles
227: dt=0.7277,   3 negative triangles
228: dt=0.7277,   5 negative triangles
229: dt=0.7277,   3 negative triangles
230: dt=0.6914,   4 negative triangles
231: dt=0.6914,   3 negative triangles
232: dt=0.6914,   4 negative triangles
233: dt=0.6914,   2 negative triangles
234: dt=0.6914,   2 negative triangles
235: dt=0.6914,   4 negative triangles
236: dt=0.6914,   2 negative triangles
237: dt=0.6914,   2 negative triangles
238: dt=0.6914,   3 negative triangles
239: dt=0.6914,   2 negative triangles
240: dt=0.6914,   2 negative triangles
241: dt=0.6914,   2 negative triangles
242: dt=0.6914,   3 negative triangles
243: dt=0.6568,   2 negative triangles
244: dt=0.6568,   2 negative triangles
245: dt=0.6568,   2 negative triangles
246: dt=0.6568,   1 negative triangles
247: dt=0.6568,   2 negative triangles
248: dt=0.6568,   1 negative triangles
249: dt=0.6568,   1 negative triangles
writing spherical brain to ../surf/lh.sphere
spherical transformation took 0.0652 hours
FSRUNTIME@ mris_sphere  0.0652 hours 16 threads
#VMPC# mris_sphere VmPeak  1629644
mris_sphere done
#--------------------------------------------
#@# Surf Reg lh Wed Mar 11 15:24:49 CET 2026
/out/sourcedata/freesurfer/sub-v2s18x29499_ses-1/scripts

 mris_register -curv ../surf/lh.sphere /opt/freesurfer/average/lh.folding.atlas.acfb40.noaparc.i12.2016-08-02.tif ../surf/lh.sphere.reg 

using smoothwm curvature for final alignment

cwd /out/sourcedata/freesurfer/sub-v2s18x29499_ses-1/scripts
cmdline mris_register -curv ../surf/lh.sphere /opt/freesurfer/average/lh.folding.atlas.acfb40.noaparc.i12.2016-08-02.tif ../surf/lh.sphere.reg 

0 inflated.H
1 sulc
2 smoothwm (computed)
7.3.2
  7.3.2
reading surface from ../surf/lh.sphere...
reading template parameterization from /opt/freesurfer/average/lh.folding.atlas.acfb40.noaparc.i12.2016-08-02.tif...
MRISregister() -------
max_passes = 4 
min_degrees = 0.500000 
max_degrees = 64.000000 
nangles = 8 
tol=5.0e-01, sigma=0.0, host=dna01, nav=1024, nbrs=1, l_extern=10000.000, l_parea=0.200, l_nlarea=1.000, l_corr=1.000, l_dist=5.000
using quadratic fit line minimization
complete_dist_mat 0
rms 0
smooth_averages 0
remove_neg 0
ico_order 0
which_surface 0
target_radius 0.000000
nfields 0
scale 0.000000
desired_rms_height -1.000000
momentum 0.950000
nbhd_size -10
max_nbrs 10
niterations 25
nsurfaces 0
SURFACES 3
flags 16 (10)
use curv 16
no sulc 0
no rigid align 0
mris->nsize 1
mris->hemisphere 0
randomSeed 0

tol=5.0e-01, sigma=0.0, host=dna01, nav=1024, nbrs=1, l_extern=10000.000, l_parea=0.200, l_nlarea=1.000, l_corr=1.000, l_dist=5.000
using quadratic fit line minimization
--------------------
1 Reading lh.sulc
tol=1.0e+00, sigma=0.5, host=dna01, nav=1024, nbrs=1, l_extern=10000.000, l_parea=0.200, l_nlarea=1.000, l_corr=0.050, l_spring=0.500, l_dist=5.000
using quadratic fit line minimization
curvature mean = 0.000, std = 5.723
curvature mean = 0.036, std = 0.817
curvature mean = 0.007, std = 0.854
Starting MRISrigidBodyAlignGlobal()
Starting new MRISrigidBodyAlignGlobal_findMinSSE()
  new MRISrigidBodyAlignGlobal_findMinSSE min @ (0.50, -12.00, 5.50) sse = 285888.4, elapsed since starting=0.1045 min
MRISrigidBodyAlignGlobal() done   0.10 min
curvature mean = 0.029, std = 0.825
curvature mean = 0.003, std = 0.945
curvature mean = 0.027, std = 0.835
curvature mean = 0.002, std = 0.978
curvature mean = 0.026, std = 0.837
curvature mean = 0.001, std = 0.991
2 Reading smoothwm
curvature mean = -0.015, std = 0.259
curvature mean = 0.047, std = 0.246
curvature mean = 0.048, std = 0.368
curvature mean = 0.044, std = 0.304
curvature mean = 0.030, std = 0.568
curvature mean = 0.043, std = 0.330
curvature mean = 0.017, std = 0.716
curvature mean = 0.043, std = 0.342
curvature mean = 0.005, std = 0.824
MRISregister() return, current seed 0
-01: dt=0.0000,  13 negative triangles  VmPeak 1751456
119: dt=0.9900,  13 negative triangles
120: dt=0.9900,  12 negative triangles
121: dt=0.9900,  12 negative triangles
122: dt=0.9900,  12 negative triangles
123: dt=0.9900,  11 negative triangles
124: dt=0.9900,  11 negative triangles
125: dt=0.9900,  10 negative triangles
126: dt=0.9900,  10 negative triangles
127: dt=0.9900,   9 negative triangles
128: dt=0.9900,  10 negative triangles
129: dt=0.9900,   9 negative triangles
130: dt=0.9900,   7 negative triangles
131: dt=0.9900,   9 negative triangles
132: dt=0.9900,   6 negative triangles
133: dt=0.9900,   6 negative triangles
134: dt=0.9900,   5 negative triangles
135: dt=0.9900,   6 negative triangles
136: dt=0.9900,   2 negative triangles
137: dt=0.9900,   6 negative triangles
138: dt=0.9900,   2 negative triangles
139: dt=0.9900,   4 negative triangles
140: dt=0.9900,   2 negative triangles
141: dt=0.9900,   3 negative triangles
142: dt=0.9900,   1 negative triangles
143: dt=0.9900,   3 negative triangles
144: dt=0.9900,   1 negative triangles
145: dt=0.9900,   1 negative triangles
146: dt=0.9900,   3 negative triangles
147: dt=0.9900,   1 negative triangles
148: dt=0.9900,   1 negative triangles
writing registered surface to ../surf/lh.sphere.reg...
registration took 0.08 hours
#VMPC# mris_register VmPeak  1751456
FSRUNTIME@ mris_register  0.0759 hours 16 threads

 ln -sf lh.sphere.reg lh.fsaverage.sphere.reg 

#--------------------------------------------
#@# Jacobian white lh Wed Mar 11 15:29:22 CET 2026
/out/sourcedata/freesurfer/sub-v2s18x29499_ses-1/scripts

 mris_jacobian ../surf/lh.white.preaparc ../surf/lh.sphere.reg ../surf/lh.jacobian_white 

reading surface from ../surf/lh.white.preaparc...
writing curvature file ../surf/lh.jacobian_white
#--------------------------------------------
#@# AvgCurv lh Wed Mar 11 15:29:23 CET 2026
/out/sourcedata/freesurfer/sub-v2s18x29499_ses-1/scripts

 mrisp_paint -a 5 /opt/freesurfer/average/lh.folding.atlas.acfb40.noaparc.i12.2016-08-02.tif#6 ../surf/lh.sphere.reg ../surf/lh.avg_curv 

averaging curvature patterns 5 times...
reading surface from ../surf/lh.sphere.reg...
reading template parameterization from /opt/freesurfer/average/lh.folding.atlas.acfb40.noaparc.i12.2016-08-02.tif...
writing curvature file to ../surf/lh.avg_curv...
#-----------------------------------------
#@# Cortical Parc lh Wed Mar 11 15:29:24 CET 2026
/out/sourcedata/freesurfer/sub-v2s18x29499_ses-1/scripts

 mris_ca_label -l ../label/lh.cortex.label -aseg ../mri/aseg.presurf.mgz -seed 1234 sub-v2s18x29499_ses-1 lh ../surf/lh.sphere.reg /opt/freesurfer/average/lh.DKaparc.atlas.acfb40.noaparc.i12.2016-08-02.gcs ../label/lh.aparc.annot 

setting seed for random number generator to 1234
using ../mri/aseg.presurf.mgz aseg volume to correct midline
7.3.2
  7.3.2
reading atlas from /opt/freesurfer/average/lh.DKaparc.atlas.acfb40.noaparc.i12.2016-08-02.gcs...
reading color table from GCSA file....
average std = 0.8   using min determinant for regularization = 0.006
0 singular and 342 ill-conditioned covariance matrices regularized
input 0: MEAN CURVATURE, flags 0, avgs 5, name mean_curvature
labeling surface...
1559 labels changed using aseg
relabeling using gibbs priors...
000:   3595 changed, 155811 examined...
001:    794 changed, 14827 examined...
002:    199 changed, 4499 examined...
003:     62 changed, 1199 examined...
004:     27 changed, 378 examined...
005:      7 changed, 164 examined...
006:      2 changed, 45 examined...
007:      1 changed, 10 examined...
008:      1 changed, 8 examined...
009:      1 changed, 7 examined...
010:      1 changed, 7 examined...
011:      2 changed, 7 examined...
012:      0 changed, 10 examined...
276 labels changed using aseg
000: 146 total segments, 100 labels (282 vertices) changed
001: 50 total segments, 5 labels (9 vertices) changed
002: 44 total segments, 1 labels (3 vertices) changed
003: 43 total segments, 0 labels (0 vertices) changed
10 filter iterations complete (10 requested, 3 changed)
rationalizing unknown annotations with cortex label
relabeling unknown label...
relabeling corpuscallosum label...
2062 vertices marked for relabeling...
2062 labels changed in reclassification.
writing output to ../label/lh.aparc.annot...
classification took 0 minutes and 12 seconds.
#--------------------------------------------
#@# WhiteSurfs lh Wed Mar 11 15:29:36 CET 2026
cd /out/sourcedata/freesurfer/sub-v2s18x29499_ses-1/mri
mris_place_surface --adgws-in ../surf/autodet.gw.stats.lh.dat --seg aseg.presurf.mgz --threads 16 --wm wm.mgz --invol brain.finalsurfs.mgz --lh --i ../surf/lh.white.preaparc --o ../surf/lh.white --white --nsmooth 0 --rip-label ../label/lh.cortex.label --rip-bg --rip-surf ../surf/lh.white.preaparc --aparc ../label/lh.aparc.annot
7.3.2
7.3.2

cd /out/sourcedata/freesurfer/sub-v2s18x29499_ses-1/mri
setenv SUBJECTS_DIR /out/sourcedata/freesurfer
mris_place_surface --adgws-in ../surf/autodet.gw.stats.lh.dat --seg aseg.presurf.mgz --threads 16 --wm wm.mgz --invol brain.finalsurfs.mgz --lh --i ../surf/lh.white.preaparc --o ../surf/lh.white --white --nsmooth 0 --rip-label ../label/lh.cortex.label --rip-bg --rip-surf ../surf/lh.white.preaparc --aparc ../label/lh.aparc.annot 

Reading in input surface ../surf/lh.white.preaparc
Not smoothing input surface
Area    311618  0.33863  0.11862 0.000183   2.0957
Corner  934854 60.00000 13.48489 0.575263 178.4981
Edge    467427  0.89463  0.19826 0.013468   3.7157
Hinge   467427  9.54879 10.10706 0.000027 179.9358
Reading in aparc ../label/lh.aparc.annot
Reading in input volume brain.finalsurfs.mgz
Reading in wm volume wm.mgz
MRIclipBrightWM(): nthresh=21247, wmmin=5, clip=110 
MRIfindBrightNonWM(): 32 bright non-wm voxels segmented.
Masking bright non-wm for white surface
MRImask(): AllowDiffGeom = 1
MRImask(): AllowDiffGeom = 1
Reading in seg volume aseg.presurf.mgz
Ripping frozen voxels
Ripping vertices not in label ../label/lh.cortex.label
MRISripNotLabel() ripped 9154/155811 vertices (146657 unripped)
Reading in ripping surface ../surf/lh.white.preaparc
Reading in aparc ../label/lh.aparc.annot for ripsurf
Ripping BG
MRISripBasalGanglia(): 1 -2 2 0.5 ripped 548
Ripping segs (eg, WMSA, BG, frozen)
Starting MRISripSegs() d = (-2 2 0.5) segnos: 247 
MRISripSegs(): -2 2 0.5 ripped 0
vertex 77906: xyz = (-43.6985,-6.57681,41.3851) oxyz = (-43.6985,-6.57681,41.3851) wxzy = (-43.6985,-6.57681,41.3851) pxyz = (0,0,0) 
CBVO Creating mask 155811
n_averages 4
Iteration 0 =========================================
n_averages=4, current_sigma=2
Computing target border values 
Entering MRIScomputeBorderValues_new(): 
  inside_hi   = 120.0000000;
  border_hi   = 112.6654660;
  border_low  =  65.0000000;
  outside_low =  55.3377910;
  outside_hi  = 112.6654660;
  sigma = 2;
  max_thickness = 10;
  step_size=0.5;
  STEP_SIZE=0.1;
  which = 1
  thresh = 0
  flags = 0
  CBVfindFirstPeakD1=0
  CBVfindFirstPeakD2=0
  nvertices=155811
  Gdiag_no=-1
  vno start=0, stop=155811
Replacing 255s with 0s
#SI# sigma=2 had to be increased for 68 vertices, nripped=9702
mean border=77.9, 62 (62) missing vertices, mean dist 0.3 [0.7 (%12.9)->0.5 (%87.1))]
%72 local maxima, %22 large gradients and % 0 min vals, 0 gradients ignored
nFirstPeakD1 0
MRIScomputeBorderValues_new() finished in 0.0154 min


Finding expansion regions
mean absolute distance = 0.53 +- 0.76
2881 vertices more than 2 sigmas from mean.
Averaging target values for 5 iterations...
Positioning Surface: tspring = 0.3, nspring = 0.3, spring = 0, niters = 100 l_repulse = 5, l_surf_repulse = 0, checktol = 0
Positioning pial surface
Entering MRISpositionSurface()
  max_mm = 0.3
  MAX_REDUCTIONS = 2, REDUCTION_PCT = 0.5
  parms->check_tol = 0, niterations = 100
tol=1.0e-04, sigma=2.0, host=dna01, nav=4, nbrs=2, l_repulse=5.000, l_tspring=0.300, l_nspring=0.300, l_intensity=0.200, l_curv=1.000
mom=0.00, dt=0.50
complete_dist_mat 0
rms 0
smooth_averages 0
remove_neg 0
ico_order 0
which_surface 0
target_radius 0.000000
nfields 0
scale 0.000000
desired_rms_height 0.000000
momentum 0.000000
nbhd_size 0
max_nbrs 0
niterations 100
nsurfaces 0
SURFACES 3
flags 0 (0)
use curv 0
no sulc 0
no rigid align 0
mris->nsize 2
mris->hemisphere 0
randomSeed 0

000: dt: 0.0000, sse=2306390.0, rms=8.451
001: dt: 0.5000, sse=882613.4, rms=4.768 (43.583%)
002: dt: 0.5000, sse=573237.3, rms=3.482 (26.957%)
003: dt: 0.5000, sse=535128.3, rms=3.288 (5.584%)
004: dt: 0.5000, sse=503063.4, rms=3.113 (5.330%)
rms = 3.2306/3.1127, sse=525562.5/503063.4, time step reduction 1 of 3 to 0.250  0 1 1
   RMS increased, rejecting step
005: dt: 0.2500, sse=335521.1, rms=1.973 (36.609%)
006: dt: 0.2500, sse=278106.6, rms=1.380 (30.078%)
007: dt: 0.2500, sse=263928.3, rms=1.184 (14.175%)
rms = 1.1382/1.1841, sse=261083.9/263928.3, time step reduction 2 of 3 to 0.125  0 0 1
008: dt: 0.2500, sse=261083.9, rms=1.138 (3.875%)
009: dt: 0.1250, sse=257884.8, rms=1.085 (4.655%)
rms = 1.0770/1.0853, sse=257565.2/257884.8, time step reduction 3 of 3 to 0.062  0 0 1
010: dt: 0.1250, sse=257565.2, rms=1.077 (0.763%)
  maximum number of reductions reached, breaking from loop
positioning took 1.2 minutes
Iteration 1 =========================================
n_averages=2, current_sigma=1
Computing target border values 
Entering MRIScomputeBorderValues_new(): 
  inside_hi   = 120.0000000;
  border_hi   = 112.6654660;
  border_low  =  65.0000000;
  outside_low =  55.3377910;
  outside_hi  = 112.6654660;
  sigma = 1;
  max_thickness = 10;
  step_size=0.5;
  STEP_SIZE=0.1;
  which = 1
  thresh = 0
  flags = 0
  CBVfindFirstPeakD1=0
  CBVfindFirstPeakD2=0
  nvertices=155811
  Gdiag_no=-1
  vno start=0, stop=155811
Replacing 255s with 0s
#SI# sigma=1 had to be increased for 58 vertices, nripped=9702
mean border=81.6, 86 (51) missing vertices, mean dist -0.2 [0.3 (%79.6)->0.2 (%20.4))]
%84 local maxima, %10 large gradients and % 0 min vals, 0 gradients ignored
nFirstPeakD1 0
MRIScomputeBorderValues_new() finished in 0.0114 min


Finding expansion regions
mean absolute distance = 0.30 +- 0.46
3061 vertices more than 2 sigmas from mean.
Averaging target values for 5 iterations...
Positioning Surface: tspring = 0.3, nspring = 0.3, spring = 0, niters = 100 l_repulse = 5, l_surf_repulse = 0, checktol = 0
Positioning pial surface
Entering MRISpositionSurface()
  max_mm = 0.3
  MAX_REDUCTIONS = 2, REDUCTION_PCT = 0.5
  parms->check_tol = 0, niterations = 100
tol=1.0e-04, sigma=1.0, host=dna01, nav=2, nbrs=2, l_repulse=5.000, l_tspring=0.300, l_nspring=0.300, l_intensity=0.200, l_curv=1.000
mom=0.00, dt=0.50
000: dt: 0.0000, sse=1002015.8, rms=5.113
011: dt: 0.5000, sse=527010.2, rms=3.140 (38.586%)
rms = 3.1675/3.1403, sse=530738.1/527010.2, time step reduction 1 of 3 to 0.250  0 1 1
   RMS increased, rejecting step
012: dt: 0.2500, sse=390545.4, rms=2.282 (27.331%)
013: dt: 0.2500, sse=309372.1, rms=1.539 (32.538%)
014: dt: 0.2500, sse=278480.9, rms=1.178 (23.501%)
015: dt: 0.2500, sse=268516.0, rms=1.028 (12.747%)
016: dt: 0.2500, sse=264964.1, rms=0.965 (6.044%)
rms = 0.9476/0.9655, sse=264158.0/264964.1, time step reduction 2 of 3 to 0.125  0 0 1
017: dt: 0.2500, sse=264158.0, rms=0.948 (1.846%)
rms = 0.9120/0.9476, sse=262304.5/264158.0, time step reduction 3 of 3 to 0.062  0 0 1
018: dt: 0.1250, sse=262304.5, rms=0.912 (3.766%)
  maximum number of reductions reached, breaking from loop
positioning took 0.9 minutes
Iteration 2 =========================================
n_averages=1, current_sigma=0.5
Computing target border values 
Entering MRIScomputeBorderValues_new(): 
  inside_hi   = 120.0000000;
  border_hi   = 112.6654660;
  border_low  =  65.0000000;
  outside_low =  55.3377910;
  outside_hi  = 112.6654660;
  sigma = 0.5;
  max_thickness = 10;
  step_size=0.5;
  STEP_SIZE=0.1;
  which = 1
  thresh = 0
  flags = 0
  CBVfindFirstPeakD1=0
  CBVfindFirstPeakD2=0
  nvertices=155811
  Gdiag_no=-1
  vno start=0, stop=155811
Replacing 255s with 0s
#SI# sigma=0.5 had to be increased for 56 vertices, nripped=9702
mean border=83.8, 105 (49) missing vertices, mean dist -0.1 [0.2 (%72.6)->0.2 (%27.4))]
%89 local maxima, % 5 large gradients and % 0 min vals, 0 gradients ignored
nFirstPeakD1 0
MRIScomputeBorderValues_new() finished in 0.0065 min


Finding expansion regions
mean absolute distance = 0.20 +- 0.32
3422 vertices more than 2 sigmas from mean.
Averaging target values for 5 iterations...
Positioning Surface: tspring = 0.3, nspring = 0.3, spring = 0, niters = 100 l_repulse = 5, l_surf_repulse = 0, checktol = 0
Positioning pial surface
Entering MRISpositionSurface()
  max_mm = 0.3
  MAX_REDUCTIONS = 2, REDUCTION_PCT = 0.5
  parms->check_tol = 0, niterations = 100
tol=1.0e-04, sigma=0.5, host=dna01, nav=1, nbrs=2, l_repulse=5.000, l_tspring=0.300, l_nspring=0.300, l_intensity=0.200, l_curv=1.000
mom=0.00, dt=0.50
000: dt: 0.0000, sse=485151.6, rms=2.955
019: dt: 0.5000, sse=444609.0, rms=2.680 (9.305%)
rms = 3.0124/2.6801, sse=495496.2/444609.0, time step reduction 1 of 3 to 0.250  0 1 1
   RMS increased, rejecting step
020: dt: 0.2500, sse=311221.1, rms=1.635 (38.989%)
021: dt: 0.2500, sse=266693.4, rms=1.089 (33.409%)
022: dt: 0.2500, sse=256759.6, rms=0.923 (15.200%)
rms = 0.8936/0.9234, sse=254910.1/256759.6, time step reduction 2 of 3 to 0.125  0 0 1
023: dt: 0.2500, sse=254910.1, rms=0.894 (3.225%)
024: dt: 0.1250, sse=251880.1, rms=0.835 (6.521%)
rms = 0.8352/0.8353, sse=251689.2/251880.1, time step reduction 3 of 3 to 0.062  0 0 1
025: dt: 0.1250, sse=251689.2, rms=0.835 (0.009%)
  maximum number of reductions reached, breaking from loop
positioning took 0.8 minutes
Iteration 3 =========================================
n_averages=0, current_sigma=0.25
Computing target border values 
Entering MRIScomputeBorderValues_new(): 
  inside_hi   = 120.0000000;
  border_hi   = 112.6654660;
  border_low  =  65.0000000;
  outside_low =  55.3377910;
  outside_hi  = 112.6654660;
  sigma = 0.25;
  max_thickness = 10;
  step_size=0.5;
  STEP_SIZE=0.1;
  which = 1
  thresh = 0
  flags = 0
  CBVfindFirstPeakD1=0
  CBVfindFirstPeakD2=0
  nvertices=155811
  Gdiag_no=-1
  vno start=0, stop=155811
Replacing 255s with 0s
#SI# sigma=0.25 had to be increased for 51 vertices, nripped=9702
mean border=84.5, 127 (47) missing vertices, mean dist -0.0 [0.2 (%56.9)->0.2 (%43.1))]
%90 local maxima, % 3 large gradients and % 0 min vals, 0 gradients ignored
nFirstPeakD1 0
MRIScomputeBorderValues_new() finished in 0.0044 min


Finding expansion regions
mean absolute distance = 0.17 +- 0.26
2770 vertices more than 2 sigmas from mean.
Averaging target values for 5 iterations...
Positioning Surface: tspring = 0.3, nspring = 0.3, spring = 0, niters = 100 l_repulse = 5, l_surf_repulse = 0, checktol = 0
Positioning pial surface
Entering MRISpositionSurface()
  max_mm = 0.3
  MAX_REDUCTIONS = 2, REDUCTION_PCT = 0.5
  parms->check_tol = 0, niterations = 100
tol=1.0e-04, sigma=0.2, host=dna01, nav=0, nbrs=2, l_repulse=5.000, l_tspring=0.300, l_nspring=0.300, l_intensity=0.200, l_curv=1.000
mom=0.00, dt=0.50
000: dt: 0.0000, sse=274395.7, rms=1.263
rms = 1.5710/1.2630, sse=308517.8/274395.7, time step reduction 1 of 3 to 0.250  0 1 1
   RMS increased, rejecting step
026: dt: 0.2500, sse=247262.8, rms=0.798 (36.796%)
027: dt: 0.2500, sse=241431.0, rms=0.620 (22.325%)
rms = 0.6362/0.6200, sse=241433.8/241431.0, time step reduction 2 of 3 to 0.125  0 1 1
   RMS increased, rejecting step
rms = 0.6171/0.6200, sse=241191.8/241431.0, time step reduction 3 of 3 to 0.062  0 0 1
028: dt: 0.1250, sse=241191.8, rms=0.617 (0.472%)
  maximum number of reductions reached, breaking from loop
positioning took 0.4 minutes


Writing output to ../surf/lh.white
#ET# mris_place_surface  3.47 minutes
#VMPC# mris_place_surfaces VmPeak  3246428
mris_place_surface done
#--------------------------------------------
#@# T1PialSurf lh Wed Mar 11 15:33:11 CET 2026
cd /out/sourcedata/freesurfer/sub-v2s18x29499_ses-1/mri
mris_place_surface --adgws-in ../surf/autodet.gw.stats.lh.dat --seg aseg.presurf.mgz --threads 16 --wm wm.mgz --invol brain.finalsurfs.mgz --lh --i ../surf/lh.white --o ../surf/lh.pial.T1 --pial --nsmooth 0 --rip-label ../label/lh.cortex+hipamyg.label --pin-medial-wall ../label/lh.cortex.label --aparc ../label/lh.aparc.annot --repulse-surf ../surf/lh.white --white-surf ../surf/lh.white
7.3.2
7.3.2

cd /out/sourcedata/freesurfer/sub-v2s18x29499_ses-1/mri
setenv SUBJECTS_DIR /out/sourcedata/freesurfer
mris_place_surface --adgws-in ../surf/autodet.gw.stats.lh.dat --seg aseg.presurf.mgz --threads 16 --wm wm.mgz --invol brain.finalsurfs.mgz --lh --i ../surf/lh.white --o ../surf/lh.pial.T1 --pial --nsmooth 0 --rip-label ../label/lh.cortex+hipamyg.label --pin-medial-wall ../label/lh.cortex.label --aparc ../label/lh.aparc.annot --repulse-surf ../surf/lh.white --white-surf ../surf/lh.white 

Reading in input surface ../surf/lh.white
Not smoothing input surface
Area    311618  0.34122  0.13104 0.000183   2.3039
Corner  934854 60.00000 14.83246 0.171154 178.7622
Edge    467427  0.89936  0.21505 0.025587   3.8705
Hinge   467427  9.65113 10.45888 0.000009 179.9797
Reading white surface coordinates from ../surf/lh.white
Reading repulsion surface coordinates from ../surf/lh.white
Reading in aparc ../label/lh.aparc.annot
Reading in input volume brain.finalsurfs.mgz
Reading in wm volume wm.mgz
MRIclipBrightWM(): nthresh=21247, wmmin=5, clip=110 
MRIfindBrightNonWM(): 32 bright non-wm voxels segmented.
Masking bright non-wm for pial surface mid_gray = 65.674
MRImask(): AllowDiffGeom = 1
MRImask(): AllowDiffGeom = 1
MRImask(): AllowDiffGeom = 1
Reading in seg volume aseg.presurf.mgz
Ripping frozen voxels
Ripping vertices not in label ../label/lh.cortex+hipamyg.label
MRISripNotLabel() ripped 6764/155811 vertices (149047 unripped)
INFO: rip surface needed but not specified, so using input surface
Ripping segs (eg, WMSA, BG, frozen)
Starting MRISripSegs() d = (-2 2 0.5) segnos: 247 
MRISripSegs(): -2 2 0.5 ripped 0
vertex 77906: xyz = (-43.686,-6.58085,41.3807) oxyz = (-43.686,-6.58085,41.3807) wxzy = (-43.686,-6.58085,41.3807) pxyz = (-43.686,-6.58085,41.3807) 
CBVO Creating mask 155811
n_averages 16
Iteration 0 =========================================
n_averages=16, current_sigma=2
Computing target border values 
Entering MRIScomputeBorderValues_new(): 
  inside_hi   =  95.3345340;
  border_hi   =  55.3377910;
  border_low  =  36.0133820;
  outside_low =  10.0000000;
  outside_hi  =  50.5066910;
  sigma = 2;
  max_thickness = 10;
  step_size=0.5;
  STEP_SIZE=0.1;
  which = 2
  thresh = 0
  flags = 0
  CBVfindFirstPeakD1=0
  CBVfindFirstPeakD2=0
  nvertices=155811
  Gdiag_no=-1
  vno start=0, stop=155811
Replacing 255s with 0s
#SI# sigma=2 had to be increased for 175 vertices, nripped=6764
mean border=53.9, 82 (82) missing vertices, mean dist 1.6 [0.2 (%0.0)->2.9 (%100.0))]
%12 local maxima, %42 large gradients and %42 min vals, 0 gradients ignored
nFirstPeakD1 0
MRIScomputeBorderValues_new() finished in 0.0151 min


Averaging target values for 5 iterations...
Positioning Surface: tspring = 0.3, nspring = 0.3, spring = 0, niters = 100 l_repulse = 0, l_surf_repulse = 5, checktol = 0
Positioning pial surface
Entering MRISpositionSurface()
  max_mm = 0.3
  MAX_REDUCTIONS = 2, REDUCTION_PCT = 0.5
  parms->check_tol = 0, niterations = 100
tol=1.0e-04, sigma=2.0, host=dna01, nav=16, nbrs=2, l_surf_repulse=5.000, l_tspring=0.300, l_nspring=0.300, l_intensity=0.200, l_curv=1.000
mom=0.00, dt=0.50
complete_dist_mat 0
rms 0
smooth_averages 0
remove_neg 0
ico_order 0
which_surface 0
target_radius 0.000000
nfields 0
scale 0.000000
desired_rms_height 0.000000
momentum 0.000000
nbhd_size 0
max_nbrs 0
niterations 100
nsurfaces 0
SURFACES 3
flags 0 (0)
use curv 0
no sulc 0
no rigid align 0
mris->nsize 2
mris->hemisphere 0
randomSeed 0

000: dt: 0.0000, sse=29060120.0, rms=31.109
001: dt: 0.5000, sse=19268658.0, rms=25.281 (18.736%)
002: dt: 0.5000, sse=12580201.0, rms=20.361 (19.462%)
003: dt: 0.5000, sse=8497959.0, rms=16.657 (18.192%)
004: dt: 0.5000, sse=6113579.5, rms=14.047 (15.670%)
005: dt: 0.5000, sse=4636667.5, rms=12.149 (13.506%)
006: dt: 0.5000, sse=3611130.0, rms=10.633 (12.485%)
007: dt: 0.5000, sse=2808630.2, rms=9.272 (12.794%)
008: dt: 0.5000, sse=2161321.2, rms=8.007 (13.648%)
009: dt: 0.5000, sse=1652469.5, rms=6.849 (14.466%)
010: dt: 0.5000, sse=1289015.0, rms=5.881 (14.123%)
011: dt: 0.5000, sse=1054637.9, rms=5.161 (12.249%)
012: dt: 0.5000, sse=909570.4, rms=4.658 (9.754%)
013: dt: 0.5000, sse=816729.8, rms=4.303 (7.606%)
014: dt: 0.5000, sse=759835.3, rms=4.069 (5.436%)
015: dt: 0.5000, sse=722073.4, rms=3.906 (4.019%)
016: dt: 0.5000, sse=697413.8, rms=3.793 (2.881%)
017: dt: 0.5000, sse=676928.8, rms=3.697 (2.546%)
018: dt: 0.5000, sse=664203.9, rms=3.634 (1.695%)
rms = 3.5934/3.6340, sse=656336.8/664204.0, time step reduction 1 of 3 to 0.250  0 0 1
019: dt: 0.5000, sse=656336.8, rms=3.593 (1.118%)
020: dt: 0.2500, sse=550000.2, rms=3.032 (15.621%)
021: dt: 0.2500, sse=526292.6, rms=2.894 (4.538%)
rms = 2.8679/2.8945, sse=522195.5/526292.6, time step reduction 2 of 3 to 0.125  0 0 1
022: dt: 0.2500, sse=522195.5, rms=2.868 (0.920%)
023: dt: 0.1250, sse=508782.6, rms=2.784 (2.909%)
rms = 2.7662/2.7844, sse=505945.9/508782.6, time step reduction 3 of 3 to 0.062  0 0 1
024: dt: 0.1250, sse=505945.8, rms=2.766 (0.653%)
  maximum number of reductions reached, breaking from loop
positioning took 2.2 minutes
Iteration 1 =========================================
n_averages=8, current_sigma=1
Computing target border values 
Entering MRIScomputeBorderValues_new(): 
  inside_hi   =  95.3345340;
  border_hi   =  55.3377910;
  border_low  =  36.0133820;
  outside_low =  10.0000000;
  outside_hi  =  50.5066910;
  sigma = 1;
  max_thickness = 10;
  step_size=0.5;
  STEP_SIZE=0.1;
  which = 2
  thresh = 0
  flags = 0
  CBVfindFirstPeakD1=0
  CBVfindFirstPeakD2=0
  nvertices=155811
  Gdiag_no=-1
  vno start=0, stop=155811
Replacing 255s with 0s
#SI# sigma=1 had to be increased for 13730 vertices, nripped=6764
mean border=52.6, 1856 (18) missing vertices, mean dist 0.1 [0.2 (%46.2)->0.5 (%53.8))]
%22 local maxima, %35 large gradients and %37 min vals, 0 gradients ignored
nFirstPeakD1 0
MRIScomputeBorderValues_new() finished in 0.0055 min


Averaging target values for 5 iterations...
Positioning Surface: tspring = 0.3, nspring = 0.3, spring = 0, niters = 100 l_repulse = 0, l_surf_repulse = 5, checktol = 0
Positioning pial surface
Entering MRISpositionSurface()
  max_mm = 0.3
  MAX_REDUCTIONS = 2, REDUCTION_PCT = 0.5
  parms->check_tol = 0, niterations = 100
tol=1.0e-04, sigma=1.0, host=dna01, nav=8, nbrs=2, l_surf_repulse=5.000, l_tspring=0.300, l_nspring=0.300, l_intensity=0.200, l_curv=1.000
mom=0.00, dt=0.50
000: dt: 0.0000, sse=714600.5, rms=3.594
025: dt: 0.5000, sse=678760.6, rms=3.417 (4.929%)
026: dt: 0.5000, sse=659077.7, rms=3.336 (2.367%)
rms = 3.5142/3.3362, sse=696126.5/659077.7, time step reduction 1 of 3 to 0.250  0 1 1
   RMS increased, rejecting step
027: dt: 0.2500, sse=579425.1, rms=2.894 (13.243%)
028: dt: 0.2500, sse=558106.1, rms=2.760 (4.654%)
rms = 2.7487/2.7597, sse=556514.5/558106.0, time step reduction 2 of 3 to 0.125  0 0 1
029: dt: 0.2500, sse=556514.5, rms=2.749 (0.398%)
030: dt: 0.1250, sse=541730.9, rms=2.653 (3.466%)
rms = 2.6367/2.6535, sse=539164.4/541731.0, time step reduction 3 of 3 to 0.062  0 0 1
031: dt: 0.1250, sse=539164.4, rms=2.637 (0.633%)
  maximum number of reductions reached, breaking from loop
positioning took 0.6 minutes
Iteration 2 =========================================
n_averages=4, current_sigma=0.5
Computing target border values 
Entering MRIScomputeBorderValues_new(): 
  inside_hi   =  95.3345340;
  border_hi   =  55.3377910;
  border_low  =  36.0133820;
  outside_low =  10.0000000;
  outside_hi  =  50.5066910;
  sigma = 0.5;
  max_thickness = 10;
  step_size=0.5;
  STEP_SIZE=0.1;
  which = 2
  thresh = 0
  flags = 0
  CBVfindFirstPeakD1=0
  CBVfindFirstPeakD2=0
  nvertices=155811
  Gdiag_no=-1
  vno start=0, stop=155811
Replacing 255s with 0s
#SI# sigma=0.5 had to be increased for 15090 vertices, nripped=6764
mean border=51.7, 2201 (9) missing vertices, mean dist 0.1 [0.2 (%41.5)->0.4 (%58.5))]
%35 local maxima, %22 large gradients and %37 min vals, 0 gradients ignored
nFirstPeakD1 0
MRIScomputeBorderValues_new() finished in 0.0034 min


Averaging target values for 5 iterations...
Positioning Surface: tspring = 0.3, nspring = 0.3, spring = 0, niters = 100 l_repulse = 0, l_surf_repulse = 5, checktol = 0
Positioning pial surface
Entering MRISpositionSurface()
  max_mm = 0.3
  MAX_REDUCTIONS = 2, REDUCTION_PCT = 0.5
  parms->check_tol = 0, niterations = 100
tol=1.0e-04, sigma=0.5, host=dna01, nav=4, nbrs=2, l_surf_repulse=5.000, l_tspring=0.300, l_nspring=0.300, l_intensity=0.200, l_curv=1.000
mom=0.00, dt=0.50
000: dt: 0.0000, sse=623887.7, rms=3.103
rms = 3.2863/3.1033, sse=659090.1/623887.7, time step reduction 1 of 3 to 0.250  0 1 1
   RMS increased, rejecting step
032: dt: 0.2500, sse=583218.8, rms=2.871 (7.471%)
033: dt: 0.2500, sse=564107.8, rms=2.756 (4.028%)
rms = 2.7552/2.7558, sse=563828.4/564107.7, time step reduction 2 of 3 to 0.125  0 0 1
034: dt: 0.2500, sse=563828.4, rms=2.755 (0.018%)
035: dt: 0.1250, sse=551688.7, rms=2.678 (2.805%)
rms = 2.6591/2.6780, sse=548604.9/551688.7, time step reduction 3 of 3 to 0.062  0 0 1
036: dt: 0.1250, sse=548604.9, rms=2.659 (0.706%)
  maximum number of reductions reached, breaking from loop
positioning took 0.5 minutes
Iteration 3 =========================================
n_averages=2, current_sigma=0.25
Computing target border values 
Entering MRIScomputeBorderValues_new(): 
  inside_hi   =  95.3345340;
  border_hi   =  55.3377910;
  border_low  =  36.0133820;
  outside_low =  10.0000000;
  outside_hi  =  50.5066910;
  sigma = 0.25;
  max_thickness = 10;
  step_size=0.5;
  STEP_SIZE=0.1;
  which = 2
  thresh = 0
  flags = 0
  CBVfindFirstPeakD1=0
  CBVfindFirstPeakD2=0
  nvertices=155811
  Gdiag_no=-1
  vno start=0, stop=155811
Replacing 255s with 0s
#SI# sigma=0.25 had to be increased for 13168 vertices, nripped=6764
mean border=51.1, 5181 (6) missing vertices, mean dist 0.1 [0.2 (%43.9)->0.3 (%56.1))]
%39 local maxima, %17 large gradients and %36 min vals, 0 gradients ignored
nFirstPeakD1 0
MRIScomputeBorderValues_new() finished in 0.0024 min


Averaging target values for 5 iterations...
Positioning Surface: tspring = 0.3, nspring = 0.3, spring = 0, niters = 100 l_repulse = 0, l_surf_repulse = 5, checktol = 0
Positioning pial surface
Entering MRISpositionSurface()
  max_mm = 0.3
  MAX_REDUCTIONS = 2, REDUCTION_PCT = 0.5
  parms->check_tol = 0, niterations = 100
tol=1.0e-04, sigma=0.2, host=dna01, nav=2, nbrs=2, l_surf_repulse=5.000, l_tspring=0.300, l_nspring=0.300, l_intensity=0.200, l_curv=1.000
mom=0.00, dt=0.50
000: dt: 0.0000, sse=574314.0, rms=2.819
rms = 3.0332/2.8190, sse=610226.4/574314.0, time step reduction 1 of 3 to 0.250  0 1 1
   RMS increased, rejecting step
037: dt: 0.2500, sse=556456.7, rms=2.709 (3.893%)
038: dt: 0.2500, sse=547122.2, rms=2.655 (2.016%)
rms = 2.6518/2.6547, sse=546144.2/547122.3, time step reduction 2 of 3 to 0.125  0 0 1
039: dt: 0.2500, sse=546144.1, rms=2.652 (0.106%)
040: dt: 0.1250, sse=530602.4, rms=2.550 (3.834%)
rms = 2.5147/2.5502, sse=525010.0/530602.4, time step reduction 3 of 3 to 0.062  0 0 1
041: dt: 0.1250, sse=525009.9, rms=2.515 (1.389%)
  maximum number of reductions reached, breaking from loop
positioning took 0.5 minutes
Pinning medial wall to white surface
removing intersecting faces
000: 14 intersecting
terminating search with 0 intersecting


Writing output to ../surf/lh.pial.T1
#ET# mris_place_surface  3.96 minutes
#VMPC# mris_place_surfaces VmPeak  2505904
mris_place_surface done
#@# white curv lh Wed Mar 11 15:37:16 CET 2026
cd /out/sourcedata/freesurfer/sub-v2s18x29499_ses-1/mri
mris_place_surface --curv-map ../surf/lh.white 2 10 ../surf/lh.curv
insurf  ../surf/lh.white, nbrs 2, curvature_avgs 10
writing curvature file ../surf/lh.curv
#@# white area lh Wed Mar 11 15:37:18 CET 2026
cd /out/sourcedata/freesurfer/sub-v2s18x29499_ses-1/mri
mris_place_surface --area-map ../surf/lh.white ../surf/lh.area
writing curvature file ../surf/lh.area
#@# pial curv lh Wed Mar 11 15:37:19 CET 2026
cd /out/sourcedata/freesurfer/sub-v2s18x29499_ses-1/mri
mris_place_surface --curv-map ../surf/lh.pial 2 10 ../surf/lh.curv.pial
insurf  ../surf/lh.pial, nbrs 2, curvature_avgs 10
writing curvature file ../surf/lh.curv.pial
#@# pial area lh Wed Mar 11 15:37:21 CET 2026
cd /out/sourcedata/freesurfer/sub-v2s18x29499_ses-1/mri
mris_place_surface --area-map ../surf/lh.pial ../surf/lh.area.pial
writing curvature file ../surf/lh.area.pial
#@# thickness lh Wed Mar 11 15:37:22 CET 2026
cd /out/sourcedata/freesurfer/sub-v2s18x29499_ses-1/mri
mris_place_surface --thickness ../surf/lh.white ../surf/lh.pial 20 5 ../surf/lh.thickness
0 of 155811 vertices processed
25000 of 155811 vertices processed
50000 of 155811 vertices processed
75000 of 155811 vertices processed
100000 of 155811 vertices processed
125000 of 155811 vertices processed
150000 of 155811 vertices processed
0 of 155811 vertices processed
25000 of 155811 vertices processed
50000 of 155811 vertices processed
75000 of 155811 vertices processed
100000 of 155811 vertices processed
125000 of 155811 vertices processed
150000 of 155811 vertices processed
thickness calculation complete, 551:1345 truncations.
63447 vertices at 0 distance
130972 vertices at 1 distance
74815 vertices at 2 distance
26044 vertices at 3 distance
9669 vertices at 4 distance
3787 vertices at 5 distance
1513 vertices at 6 distance
612 vertices at 7 distance
236 vertices at 8 distance
133 vertices at 9 distance
94 vertices at 10 distance
76 vertices at 11 distance
40 vertices at 12 distance
27 vertices at 13 distance
26 vertices at 14 distance
26 vertices at 15 distance
24 vertices at 16 distance
20 vertices at 17 distance
21 vertices at 18 distance
21 vertices at 19 distance
19 vertices at 20 distance
writing curvature file ../surf/lh.thickness
#@# area and vertex vol lh Wed Mar 11 15:37:57 CET 2026
cd /out/sourcedata/freesurfer/sub-v2s18x29499_ses-1/mri
mris_place_surface --thickness ../surf/lh.white ../surf/lh.pial 20 5 ../surf/lh.thickness
/out/sourcedata/freesurfer/sub-v2s18x29499_ses-1/surf
mris_calc -o lh.area.mid lh.area add lh.area.pial
Saving result to 'lh.area.mid' (type = MRI_CURV_FILE)                       [ ok ]
mris_calc -o lh.area.mid lh.area.mid div 2
Saving result to 'lh.area.mid' (type = MRI_CURV_FILE)                       [ ok ]
mris_convert --volume sub-v2s18x29499_ses-1 lh /out/sourcedata/freesurfer/sub-v2s18x29499_ses-1/surf/lh.volume
masking with /out/sourcedata/freesurfer/sub-v2s18x29499_ses-1/label/lh.cortex.label
Total face volume 296457
Total vertex volume 296220 (mask=0)
#@# sub-v2s18x29499_ses-1 lh 296220
 
vertexvol Done

#-----------------------------------------
#@# Curvature Stats lh Wed Mar 11 15:37:58 CET 2026
/out/sourcedata/freesurfer/sub-v2s18x29499_ses-1/surf

 mris_curvature_stats -m --writeCurvatureFiles -G -o ../stats/lh.curv.stats -F smoothwm sub-v2s18x29499_ses-1 lh curv sulc 

             Toggling save flag on curvature files                       [ ok ]
                 Outputting results using filestem   [ ../stats/lh.curv.stats ]
             Toggling save flag on curvature files                       [ ok ]
                                   Setting surface [ sub-v2s18x29499_ses-1/lh.smoothwm ]
                                Reading surface...                       [ ok ]
                                   Setting texture                     [ curv ]
                                Reading texture...                       [ ok ]
                                   Setting texture                     [ sulc ]
                                Reading texture...Gb_filter = 0
                       [ ok ]
      Calculating Discrete Principal Curvatures...
      Determining geometric order for vno faces... [####################] [ ok ]
                      Determining KH curvatures... [####################] [ ok ]
                    Determining k1k2 curvatures... [####################] [ ok ]
                                   deltaViolations                      [ 247 ]
Gb_filter = 0
#-----------------------------------------
#@# Cortical Parc 2 lh Wed Mar 11 15:38:01 CET 2026
/out/sourcedata/freesurfer/sub-v2s18x29499_ses-1/scripts

 mris_ca_label -l ../label/lh.cortex.label -aseg ../mri/aseg.presurf.mgz -seed 1234 sub-v2s18x29499_ses-1 lh ../surf/lh.sphere.reg /opt/freesurfer/average/lh.CDaparc.atlas.acfb40.noaparc.i12.2016-08-02.gcs ../label/lh.aparc.a2009s.annot 

setting seed for random number generator to 1234
using ../mri/aseg.presurf.mgz aseg volume to correct midline
7.3.2
  7.3.2
reading atlas from /opt/freesurfer/average/lh.CDaparc.atlas.acfb40.noaparc.i12.2016-08-02.gcs...
reading color table from GCSA file....
average std = 3.0   using min determinant for regularization = 0.088
0 singular and 0 ill-conditioned covariance matrices regularized
input 0: MEAN CURVATURE, flags 0, avgs 5, name mean_curvature
labeling surface...
15 labels changed using aseg
relabeling using gibbs priors...
000:  10000 changed, 155811 examined...
001:   2339 changed, 39112 examined...
002:    723 changed, 12398 examined...
003:    296 changed, 4175 examined...
004:    146 changed, 1709 examined...
005:     82 changed, 854 examined...
006:     50 changed, 468 examined...
007:     24 changed, 298 examined...
008:     14 changed, 139 examined...
009:      9 changed, 73 examined...
010:      7 changed, 48 examined...
011:      2 changed, 38 examined...
012:      1 changed, 14 examined...
013:      1 changed, 7 examined...
014:      1 changed, 6 examined...
015:      1 changed, 8 examined...
016:      0 changed, 7 examined...
4 labels changed using aseg
000: 261 total segments, 173 labels (2158 vertices) changed
001: 97 total segments, 10 labels (45 vertices) changed
002: 88 total segments, 1 labels (1 vertices) changed
003: 87 total segments, 0 labels (0 vertices) changed
10 filter iterations complete (10 requested, 31 changed)
rationalizing unknown annotations with cortex label
relabeling Medial_wall label...
1499 vertices marked for relabeling...
1499 labels changed in reclassification.
writing output to ../label/lh.aparc.a2009s.annot...
classification took 0 minutes and 16 seconds.
#-----------------------------------------
#@# Cortical Parc 3 lh Wed Mar 11 15:38:18 CET 2026
/out/sourcedata/freesurfer/sub-v2s18x29499_ses-1/scripts

 mris_ca_label -l ../label/lh.cortex.label -aseg ../mri/aseg.presurf.mgz -seed 1234 sub-v2s18x29499_ses-1 lh ../surf/lh.sphere.reg /opt/freesurfer/average/lh.DKTaparc.atlas.acfb40.noaparc.i12.2016-08-02.gcs ../label/lh.aparc.DKTatlas.annot 

setting seed for random number generator to 1234
using ../mri/aseg.presurf.mgz aseg volume to correct midline
7.3.2
  7.3.2
reading atlas from /opt/freesurfer/average/lh.DKTaparc.atlas.acfb40.noaparc.i12.2016-08-02.gcs...
reading color table from GCSA file....
average std = 1.4   using min determinant for regularization = 0.020
0 singular and 383 ill-conditioned covariance matrices regularized
input 0: MEAN CURVATURE, flags 0, avgs 5, name mean_curvature
labeling surface...
1662 labels changed using aseg
relabeling using gibbs priors...
000:   2212 changed, 155811 examined...
001:    438 changed, 10184 examined...
002:    117 changed, 2598 examined...
003:     60 changed, 675 examined...
004:     35 changed, 354 examined...
005:     16 changed, 193 examined...
006:     10 changed, 100 examined...
007:     11 changed, 67 examined...
008:      9 changed, 66 examined...
009:      2 changed, 45 examined...
010:      2 changed, 14 examined...
011:      1 changed, 15 examined...
012:      0 changed, 7 examined...
206 labels changed using aseg
000: 55 total segments, 22 labels (169 vertices) changed
001: 33 total segments, 0 labels (0 vertices) changed
10 filter iterations complete (10 requested, 5 changed)
rationalizing unknown annotations with cortex label
relabeling unknown label...
relabeling corpuscallosum label...
1039 vertices marked for relabeling...
1039 labels changed in reclassification.
writing output to ../label/lh.aparc.DKTatlas.annot...
classification took 0 minutes and 12 seconds.
#-----------------------------------------
#@# WM/GM Contrast lh Wed Mar 11 15:38:30 CET 2026
/out/sourcedata/freesurfer/sub-v2s18x29499_ses-1/scripts

 pctsurfcon --s sub-v2s18x29499_ses-1 --lh-only 

Log file is /out/sourcedata/freesurfer/sub-v2s18x29499_ses-1/scripts/pctsurfcon.log
Wed Mar 11 15:38:30 CET 2026
setenv SUBJECTS_DIR /out/sourcedata/freesurfer
cd /out/sourcedata/freesurfer/sub-v2s18x29499_ses-1/scripts
/opt/freesurfer/bin/pctsurfcon
pctsurfcon 7.3.2
Linux dna018 5.14.0-427.37.1.el9_4.x86_64 #1 SMP PREEMPT_DYNAMIC Fri Sep 13 12:41:50 EDT 2024 x86_64 x86_64 x86_64 GNU/Linux
FREESURFER_HOME /opt/freesurfer
mri_vol2surf --mov /out/sourcedata/freesurfer/sub-v2s18x29499_ses-1/mri/rawavg.mgz --hemi lh --noreshape --interp trilinear --projdist -1 --o /out/sourcedata/freesurfer/sub-v2s18x29499_ses-1/surf/tmp.pctsurfcon.3799632/lh.wm.mgh --regheader sub-v2s18x29499_ses-1 --cortex
srcvol = /out/sourcedata/freesurfer/sub-v2s18x29499_ses-1/mri/rawavg.mgz
srcreg unspecified
srcregold = 0
srcwarp unspecified
surf = white
hemi = lh
ProjDist = -1
reshape = 0
interp = trilinear
float2int = round
GetProjMax = 0
INFO: float2int code = 0
Done loading volume
Computing registration from header.
  Using /out/sourcedata/freesurfer/sub-v2s18x29499_ses-1/mri/orig.mgz as target reference.
-------- original matrix -----------
-0.99966  -0.01745  -0.01920   0.00003;
-0.01919  -0.00033   0.99982  -0.00001;
 0.01745  -0.99985   0.00000   0.00006;
 0.00000   0.00000   0.00000   1.00000;
-------- original matrix -----------
Loading label /out/sourcedata/freesurfer/sub-v2s18x29499_ses-1/label/lh.cortex.label
Reading surface /out/sourcedata/freesurfer/sub-v2s18x29499_ses-1/surf/lh.white
Done reading source surface
Mapping Source Volume onto Source Subject Surface
Projecting -1 -1 1
 1 -1 -1 -1
using old
Done mapping volume to surface
Number of source voxels hit = 127176
Masking with /out/sourcedata/freesurfer/sub-v2s18x29499_ses-1/label/lh.cortex.label
Writing to /out/sourcedata/freesurfer/sub-v2s18x29499_ses-1/surf/tmp.pctsurfcon.3799632/lh.wm.mgh
Dim: 155811 1 1
mri_vol2surf --mov /out/sourcedata/freesurfer/sub-v2s18x29499_ses-1/mri/rawavg.mgz --hemi lh --noreshape --interp trilinear --o /out/sourcedata/freesurfer/sub-v2s18x29499_ses-1/surf/tmp.pctsurfcon.3799632/lh.gm.mgh --projfrac 0.3 --regheader sub-v2s18x29499_ses-1 --cortex
srcvol = /out/sourcedata/freesurfer/sub-v2s18x29499_ses-1/mri/rawavg.mgz
srcreg unspecified
srcregold = 0
srcwarp unspecified
surf = white
hemi = lh
ProjFrac = 0.3
thickness = thickness
reshape = 0
interp = trilinear
float2int = round
GetProjMax = 0
INFO: float2int code = 0
Done loading volume
Computing registration from header.
  Using /out/sourcedata/freesurfer/sub-v2s18x29499_ses-1/mri/orig.mgz as target reference.
-------- original matrix -----------
-0.99966  -0.01745  -0.01920   0.00003;
-0.01919  -0.00033   0.99982  -0.00001;
 0.01745  -0.99985   0.00000   0.00006;
 0.00000   0.00000   0.00000   1.00000;
-------- original matrix -----------
Loading label /out/sourcedata/freesurfer/sub-v2s18x29499_ses-1/label/lh.cortex.label
Reading surface /out/sourcedata/freesurfer/sub-v2s18x29499_ses-1/surf/lh.white
Done reading source surface
Reading thickness /out/sourcedata/freesurfer/sub-v2s18x29499_ses-1/surf/lh.thickness
Done
Mapping Source Volume onto Source Subject Surface
Projecting 0.3 0.3 1
 1 0.3 0.3 0.3
using old
Done mapping volume to surface
Number of source voxels hit = 142393
Masking with /out/sourcedata/freesurfer/sub-v2s18x29499_ses-1/label/lh.cortex.label
Writing to /out/sourcedata/freesurfer/sub-v2s18x29499_ses-1/surf/tmp.pctsurfcon.3799632/lh.gm.mgh
Dim: 155811 1 1
mri_concat /out/sourcedata/freesurfer/sub-v2s18x29499_ses-1/surf/tmp.pctsurfcon.3799632/lh.wm.mgh /out/sourcedata/freesurfer/sub-v2s18x29499_ses-1/surf/tmp.pctsurfcon.3799632/lh.gm.mgh --paired-diff-norm --mul 100 --o /out/sourcedata/freesurfer/sub-v2s18x29499_ses-1/surf/lh.w-g.pct.mgh
ninputs = 2
Checking inputs
nframestot = 2
Allocing output
Done allocing
Combining pairs
nframes = 1
Multiplying by 100.000000
Writing to /out/sourcedata/freesurfer/sub-v2s18x29499_ses-1/surf/lh.w-g.pct.mgh
mri_segstats --in /out/sourcedata/freesurfer/sub-v2s18x29499_ses-1/surf/lh.w-g.pct.mgh --annot sub-v2s18x29499_ses-1 lh aparc --sum /out/sourcedata/freesurfer/sub-v2s18x29499_ses-1/stats/lh.w-g.pct.stats --snr

7.3.2
cwd 
cmdline mri_segstats --in /out/sourcedata/freesurfer/sub-v2s18x29499_ses-1/surf/lh.w-g.pct.mgh --annot sub-v2s18x29499_ses-1 lh aparc --sum /out/sourcedata/freesurfer/sub-v2s18x29499_ses-1/stats/lh.w-g.pct.stats --snr 
sysname  Linux
hostname dna018
machine  x86_64
user     oesteban
whitesurfname  white
UseRobust  0
Constructing seg from annotation

Reading annotation /out/sourcedata/freesurfer/sub-v2s18x29499_ses-1/label/lh.aparc.annot
Seg base 1000
Loading /out/sourcedata/freesurfer/sub-v2s18x29499_ses-1/surf/lh.w-g.pct.mgh
Vertex Area is 0.68244 mm^3
Generating list of segmentation ids
Found  36 segmentations
Computing statistics for each segmentation

Reporting on  35 segmentations
Using PrintSegStat
mri_segstats done
Cleaning up

Started at Wed Mar 11 15:11:23 CET 2026 
Ended   at Wed Mar 11 15:38:35 CET 2026
#@#%# recon-all-run-time-hours 0.453
recon-all -s sub-v2s18x29499_ses-1 finished without error at Wed Mar 11 15:38:35 CET 2026



#New# invocation of recon-all 




Wed Mar 11 16:12:17 CET 2026
cd /out/sourcedata/freesurfer/sub-v2s18x29499_ses-1
setenv SUBJECTS_DIR /out/sourcedata/freesurfer
/opt/freesurfer/bin/recon-all -autorecon-hemi lh -nohyporelabel -lh-only -openmp 16 -subjid sub-v2s18x29499_ses-1 -sd /out/sourcedata/freesurfer -notessellate -nosmooth1 -noinflate1 -noqsphere -nofix -nowhite -nosmooth2 -noinflate2 -nocurvHK -nocurvstats -nosphere -nosurfreg -nojacobian_white -noavgcurv -nocortparc -nopial -nocortparc2 -nocortparc3 -nopctsurfcon

subjid sub-v2s18x29499_ses-1
setenv SUBJECTS_DIR /out/sourcedata/freesurfer
FREESURFER_HOME /opt/freesurfer
Actual FREESURFER_HOME /opt/freesurfer
build-stamp.txt: freesurfer-linux-ubuntu22_x86_64-7.3.2-20220804-6354275
Linux dna018 5.14.0-427.37.1.el9_4.x86_64 #1 SMP PREEMPT_DYNAMIC Fri Sep 13 12:41:50 EDT 2024 x86_64 x86_64 x86_64 GNU/Linux
cputime      unlimited
filesize     unlimited
datasize     unlimited
stacksize    8192 kbytes
coredumpsize 0 kbytes
memoryuse    67108864 kbytes
vmemoryuse   unlimited
descriptors  1024 
memorylocked unlimited
maxproc      2061970 
maxlocks     unlimited
maxsignal    2061970 
maxmessage   819200 
maxnice      0 
maxrtprio    0 
maxrttime    unlimited

               total        used        free      shared  buff/cache   available
Mem:           503Gi       226Gi       225Gi       7.9Gi        51Gi       265Gi
Swap:             0B          0B          0B

########################################
program versions used
7.3.2 (freesurfer-linux-ubuntu22_x86_64-7.3.2-20220804-6354275)
7.3.2

ProgramName: lta_convert  ProgramArguments: lta_convert -all-info  ProgramVersion: 7.3.2  TimeStamp: 2026/03/11-15:12:17-GMT  BuildTime: Aug  4 2022 06:17:15  BuildStamp: freesurfer-linux-ubuntu22_x86_64-7.3.2-20220804-6354275  User: oesteban  Machine: dna018  Platform: Linux  PlatformVersion: 5.14.0-427.37.1.el9_4.x86_64  CompilerName: GCC  CompilerVersion: 8.4.0
ProgramName: mri_and  ProgramArguments: mri_and -all-info  ProgramVersion: 7.3.2  TimeStamp: 2026/03/11-15:12:17-GMT  BuildTime: Aug  4 2022 06:17:15  BuildStamp: freesurfer-linux-ubuntu22_x86_64-7.3.2-20220804-6354275  User: oesteban  Machine: dna018  Platform: Linux  PlatformVersion: 5.14.0-427.37.1.el9_4.x86_64  CompilerName: GCC  CompilerVersion: 8.4.0
ProgramName: mri_annotation2label  ProgramArguments: mri_annotation2label -all-info  ProgramVersion: 7.3.2  TimeStamp: 2026/03/11-15:12:17-GMT  BuildTime: Aug  4 2022 06:17:15  BuildStamp: freesurfer-linux-ubuntu22_x86_64-7.3.2-20220804-6354275  User: oesteban  Machine: dna018  Platform: Linux  PlatformVersion: 5.14.0-427.37.1.el9_4.x86_64  CompilerName: GCC  CompilerVersion: 8.4.0
ProgramName: mri_aparc2aseg  ProgramArguments: mri_aparc2aseg -all-info  ProgramVersion: 7.3.2  TimeStamp: 2026/03/11-15:12:17-GMT  BuildTime: Aug  4 2022 06:17:15  BuildStamp: freesurfer-linux-ubuntu22_x86_64-7.3.2-20220804-6354275  User: oesteban  Machine: dna018  Platform: Linux  PlatformVersion: 5.14.0-427.37.1.el9_4.x86_64  CompilerName: GCC  CompilerVersion: 8.4.0
ProgramName: mri_surf2volseg  ProgramArguments: mri_surf2volseg -all-info  ProgramVersion: 7.3.2  TimeStamp: 2026/03/11-15:12:17-GMT  BuildTime: Aug  4 2022 06:17:15  BuildStamp: freesurfer-linux-ubuntu22_x86_64-7.3.2-20220804-6354275  User: oesteban  Machine: dna018  Platform: Linux  PlatformVersion: 5.14.0-427.37.1.el9_4.x86_64  CompilerName: GCC  CompilerVersion: 8.4.0
ProgramName: mri_binarize  ProgramArguments: mri_binarize -all-info  ProgramVersion: 7.3.2  TimeStamp: 2026/03/11-15:12:17-GMT  BuildTime: Aug  4 2022 06:17:15  BuildStamp: freesurfer-linux-ubuntu22_x86_64-7.3.2-20220804-6354275  User: oesteban  Machine: dna018  Platform: Linux  PlatformVersion: 5.14.0-427.37.1.el9_4.x86_64  CompilerName: GCC  CompilerVersion: 8.4.0
ProgramName: mri_ca_label  ProgramArguments: mri_ca_label -all-info  ProgramVersion: 7.3.2  TimeStamp: 2026/03/11-15:12:17-GMT  BuildTime: Aug  4 2022 06:17:15  BuildStamp: freesurfer-linux-ubuntu22_x86_64-7.3.2-20220804-6354275  User: oesteban  Machine: dna018  Platform: Linux  PlatformVersion: 5.14.0-427.37.1.el9_4.x86_64  CompilerName: GCC  CompilerVersion: 8.4.0
ProgramName: mri_ca_normalize  ProgramArguments: mri_ca_normalize -all-info  ProgramVersion: 7.3.2  TimeStamp: 2026/03/11-15:12:17-GMT  BuildTime: Aug  4 2022 06:17:15  BuildStamp: freesurfer-linux-ubuntu22_x86_64-7.3.2-20220804-6354275  User: oesteban  Machine: dna018  Platform: Linux  PlatformVersion: 5.14.0-427.37.1.el9_4.x86_64  CompilerName: GCC  CompilerVersion: 8.4.0
ProgramName: mri_ca_register  ProgramArguments: mri_ca_register -all-info  ProgramVersion: 7.3.2  TimeStamp: 2026/03/11-15:12:17-GMT  BuildTime: Aug  4 2022 06:17:15  BuildStamp: freesurfer-linux-ubuntu22_x86_64-7.3.2-20220804-6354275  User: oesteban  Machine: dna018  Platform: Linux  PlatformVersion: 5.14.0-427.37.1.el9_4.x86_64  CompilerName: GCC  CompilerVersion: 8.4.0
ProgramName: mri_cc  ProgramArguments: mri_cc -all-info  ProgramVersion: 7.3.2  TimeStamp: 2026/03/11-15:12:17-GMT  BuildTime: Aug  4 2022 06:17:15  BuildStamp: freesurfer-linux-ubuntu22_x86_64-7.3.2-20220804-6354275  User: oesteban  Machine: dna018  Platform: Linux  PlatformVersion: 5.14.0-427.37.1.el9_4.x86_64  CompilerName: GCC  CompilerVersion: 8.4.0
ProgramName: mri_compute_overlap  ProgramArguments: mri_compute_overlap -all-info  ProgramVersion: 7.3.2  TimeStamp: 2026/03/11-15:12:17-GMT  BuildTime: Aug  4 2022 06:17:15  BuildStamp: freesurfer-linux-ubuntu22_x86_64-7.3.2-20220804-6354275  User: oesteban  Machine: dna018  Platform: Linux  PlatformVersion: 5.14.0-427.37.1.el9_4.x86_64  CompilerName: GCC  CompilerVersion: 8.4.0
ProgramName: mri_compute_seg_overlap  ProgramArguments: mri_compute_seg_overlap -all-info  ProgramVersion: 7.3.2  TimeStamp: 2026/03/11-15:12:17-GMT  BuildTime: Aug  4 2022 06:17:15  BuildStamp: freesurfer-linux-ubuntu22_x86_64-7.3.2-20220804-6354275  User: oesteban  Machine: dna018  Platform: Linux  PlatformVersion: 5.14.0-427.37.1.el9_4.x86_64  CompilerName: GCC  CompilerVersion: 8.4.0
ProgramName: mri_concat  ProgramArguments: mri_concat -all-info  ProgramVersion: 7.3.2  TimeStamp: 2026/03/11-15:12:17-GMT  BuildTime: Aug  4 2022 06:17:15  BuildStamp: freesurfer-linux-ubuntu22_x86_64-7.3.2-20220804-6354275  User: oesteban  Machine: dna018  Platform: Linux  PlatformVersion: 5.14.0-427.37.1.el9_4.x86_64  CompilerName: GCC  CompilerVersion: 8.4.0
ProgramName: mri_concatenate_lta  ProgramArguments: mri_concatenate_lta -all-info  ProgramVersion: 7.3.2  TimeStamp: 2026/03/11-15:12:17-GMT  BuildTime: Aug  4 2022 06:17:15  BuildStamp: freesurfer-linux-ubuntu22_x86_64-7.3.2-20220804-6354275  User: oesteban  Machine: dna018  Platform: Linux  PlatformVersion: 5.14.0-427.37.1.el9_4.x86_64  CompilerName: GCC  CompilerVersion: 8.4.0
mri_convert -all-info 
ProgramName: mri_convert  ProgramArguments: mri_convert -all-info  ProgramVersion: 7.3.2  TimeStamp: 2026/03/11-15:12:17-GMT  BuildTime: Aug  4 2022 06:17:15  BuildStamp: freesurfer-linux-ubuntu22_x86_64-7.3.2-20220804-6354275  User: oesteban  Machine: dna018  Platform: Linux  PlatformVersion: 5.14.0-427.37.1.el9_4.x86_64  CompilerName: GCC  CompilerVersion: 8.4.0
ProgramName: mri_diff  ProgramArguments: mri_diff -all-info  ProgramVersion: 7.3.2  TimeStamp: 2026/03/11-15:12:17-GMT  BuildTime: Aug  4 2022 06:17:15  BuildStamp: freesurfer-linux-ubuntu22_x86_64-7.3.2-20220804-6354275  User: oesteban  Machine: dna018  Platform: Linux  PlatformVersion: 5.14.0-427.37.1.el9_4.x86_64  CompilerName: GCC  CompilerVersion: 8.4.0
ProgramName: mri_edit_wm_with_aseg  ProgramArguments: mri_edit_wm_with_aseg -all-info  ProgramVersion: 7.3.2  TimeStamp: 2026/03/11-15:12:17-GMT  BuildTime: Aug  4 2022 06:17:15  BuildStamp: freesurfer-linux-ubuntu22_x86_64-7.3.2-20220804-6354275  User: oesteban  Machine: dna018  Platform: Linux  PlatformVersion: 5.14.0-427.37.1.el9_4.x86_64  CompilerName: GCC  CompilerVersion: 8.4.0
ProgramName: mri_em_register  ProgramArguments: mri_em_register -all-info  ProgramVersion: 7.3.2  TimeStamp: 2026/03/11-15:12:17-GMT  BuildTime: Aug  4 2022 06:17:15  BuildStamp: freesurfer-linux-ubuntu22_x86_64-7.3.2-20220804-6354275  User: oesteban  Machine: dna018  Platform: Linux  PlatformVersion: 5.14.0-427.37.1.el9_4.x86_64  CompilerName: GCC  CompilerVersion: 8.4.0
ProgramName: mri_fill  ProgramArguments: mri_fill -all-info  ProgramVersion: 7.3.2  TimeStamp: 2026/03/11-15:12:17-GMT  BuildTime: Aug  4 2022 06:17:15  BuildStamp: freesurfer-linux-ubuntu22_x86_64-7.3.2-20220804-6354275  User: oesteban  Machine: dna018  Platform: Linux  PlatformVersion: 5.14.0-427.37.1.el9_4.x86_64  CompilerName: GCC  CompilerVersion: 8.4.0
ProgramName: mri_fuse_segmentations  ProgramArguments: mri_fuse_segmentations -all-info  ProgramVersion: 7.3.2  TimeStamp: 2026/03/11-15:12:17-GMT  BuildTime: Aug  4 2022 06:17:15  BuildStamp: freesurfer-linux-ubuntu22_x86_64-7.3.2-20220804-6354275  User: oesteban  Machine: dna018  Platform: Linux  PlatformVersion: 5.14.0-427.37.1.el9_4.x86_64  CompilerName: GCC  CompilerVersion: 8.4.0
ProgramName: mri_fwhm  ProgramArguments: mri_fwhm -all-info  ProgramVersion: 7.3.2  TimeStamp: 2026/03/11-15:12:17-GMT  BuildTime: Aug  4 2022 06:17:15  BuildStamp: freesurfer-linux-ubuntu22_x86_64-7.3.2-20220804-6354275  User: oesteban  Machine: dna018  Platform: Linux  PlatformVersion: 5.14.0-427.37.1.el9_4.x86_64  CompilerName: GCC  CompilerVersion: 8.4.0
ProgramName: mri_gcut  ProgramArguments: mri_gcut -all-info  ProgramVersion: 7.3.2  TimeStamp: 2026/03/11-15:12:17-GMT  BuildTime: Aug  4 2022 06:17:15  BuildStamp: freesurfer-linux-ubuntu22_x86_64-7.3.2-20220804-6354275  User: oesteban  Machine: dna018  Platform: Linux  PlatformVersion: 5.14.0-427.37.1.el9_4.x86_64  CompilerName: GCC  CompilerVersion: 8.4.0
ProgramName: mri_info  ProgramArguments: mri_info -all-info  ProgramVersion: 7.3.2  TimeStamp: 2026/03/11-15:12:17-GMT  BuildTime: Aug  4 2022 06:17:15  BuildStamp: freesurfer-linux-ubuntu22_x86_64-7.3.2-20220804-6354275  User: oesteban  Machine: dna018  Platform: Linux  PlatformVersion: 5.14.0-427.37.1.el9_4.x86_64  CompilerName: GCC  CompilerVersion: 8.4.0
ProgramName: mri_label2label  ProgramArguments: mri_label2label -all-info  ProgramVersion: 7.3.2  TimeStamp: 2026/03/11-15:12:17-GMT  BuildTime: Aug  4 2022 06:17:15  BuildStamp: freesurfer-linux-ubuntu22_x86_64-7.3.2-20220804-6354275  User: oesteban  Machine: dna018  Platform: Linux  PlatformVersion: 5.14.0-427.37.1.el9_4.x86_64  CompilerName: GCC  CompilerVersion: 8.4.0
ProgramName: mri_label2vol  ProgramArguments: mri_label2vol -all-info  ProgramVersion: 7.3.2  TimeStamp: 2026/03/11-15:12:17-GMT  BuildTime: Aug  4 2022 06:17:15  BuildStamp: freesurfer-linux-ubuntu22_x86_64-7.3.2-20220804-6354275  User: oesteban  Machine: dna018  Platform: Linux  PlatformVersion: 5.14.0-427.37.1.el9_4.x86_64  CompilerName: GCC  CompilerVersion: 8.4.0
ProgramName: mri_log_likelihood  ProgramArguments: mri_log_likelihood -all-info  ProgramVersion: 7.3.2  TimeStamp: 2026/03/11-15:12:17-GMT  BuildTime: Aug  4 2022 06:17:15  BuildStamp: freesurfer-linux-ubuntu22_x86_64-7.3.2-20220804-6354275  User: oesteban  Machine: dna018  Platform: Linux  PlatformVersion: 5.14.0-427.37.1.el9_4.x86_64  CompilerName: GCC  CompilerVersion: 8.4.0
ProgramName: mri_mask  ProgramArguments: mri_mask -all-info  ProgramVersion: 7.3.2  TimeStamp: 2026/03/11-15:12:17-GMT  BuildTime: Aug  4 2022 06:17:15  BuildStamp: freesurfer-linux-ubuntu22_x86_64-7.3.2-20220804-6354275  User: oesteban  Machine: dna018  Platform: Linux  PlatformVersion: 5.14.0-427.37.1.el9_4.x86_64  CompilerName: GCC  CompilerVersion: 8.4.0
ProgramName: mri_matrix_multiply  ProgramArguments: mri_matrix_multiply -all-info  ProgramVersion: 7.3.2  TimeStamp: 2026/03/11-15:12:17-GMT  BuildTime: Aug  4 2022 06:17:15  BuildStamp: freesurfer-linux-ubuntu22_x86_64-7.3.2-20220804-6354275  User: oesteban  Machine: dna018  Platform: Linux  PlatformVersion: 5.14.0-427.37.1.el9_4.x86_64  CompilerName: GCC  CompilerVersion: 8.4.0
ProgramName: mri_normalize  ProgramArguments: mri_normalize -all-info  ProgramVersion: 7.3.2  TimeStamp: 2026/03/11-15:12:17-GMT  BuildTime: Aug  4 2022 06:17:15  BuildStamp: freesurfer-linux-ubuntu22_x86_64-7.3.2-20220804-6354275  User: oesteban  Machine: dna018  Platform: Linux  PlatformVersion: 5.14.0-427.37.1.el9_4.x86_64  CompilerName: GCC  CompilerVersion: 8.4.0
ProgramName: mri_normalize_tp2  ProgramArguments: mri_normalize_tp2 -all-info  ProgramVersion: 7.3.2  TimeStamp: 2026/03/11-15:12:17-GMT  BuildTime: Aug  4 2022 06:17:15  BuildStamp: freesurfer-linux-ubuntu22_x86_64-7.3.2-20220804-6354275  User: oesteban  Machine: dna018  Platform: Linux  PlatformVersion: 5.14.0-427.37.1.el9_4.x86_64  CompilerName: GCC  CompilerVersion: 8.4.0
ProgramName: mri_or  ProgramArguments: mri_or -all-info  ProgramVersion: 7.3.2  TimeStamp: 2026/03/11-15:12:17-GMT  BuildTime: Aug  4 2022 06:17:15  BuildStamp: freesurfer-linux-ubuntu22_x86_64-7.3.2-20220804-6354275  User: oesteban  Machine: dna018  Platform: Linux  PlatformVersion: 5.14.0-427.37.1.el9_4.x86_64  CompilerName: GCC  CompilerVersion: 8.4.0
ProgramName: mri_relabel_hypointensities  ProgramArguments: mri_relabel_hypointensities -all-info  ProgramVersion: 7.3.2  TimeStamp: 2026/03/11-15:12:17-GMT  BuildTime: Aug  4 2022 06:17:15  BuildStamp: freesurfer-linux-ubuntu22_x86_64-7.3.2-20220804-6354275  User: oesteban  Machine: dna018  Platform: Linux  PlatformVersion: 5.14.0-427.37.1.el9_4.x86_64  CompilerName: GCC  CompilerVersion: 8.4.0
ProgramName: mri_relabel_nonwm_hypos  ProgramArguments: mri_relabel_nonwm_hypos -all-info  ProgramVersion: 7.3.2  TimeStamp: 2026/03/11-15:12:17-GMT  BuildTime: Aug  4 2022 06:17:15  BuildStamp: freesurfer-linux-ubuntu22_x86_64-7.3.2-20220804-6354275  User: oesteban  Machine: dna018  Platform: Linux  PlatformVersion: 5.14.0-427.37.1.el9_4.x86_64  CompilerName: GCC  CompilerVersion: 8.4.0
ProgramName: mri_remove_neck  ProgramArguments: mri_remove_neck -all-info  ProgramVersion: 7.3.2  TimeStamp: 2026/03/11-15:12:17-GMT  BuildTime: Aug  4 2022 06:17:15  BuildStamp: freesurfer-linux-ubuntu22_x86_64-7.3.2-20220804-6354275  User: oesteban  Machine: dna018  Platform: Linux  PlatformVersion: 5.14.0-427.37.1.el9_4.x86_64  CompilerName: GCC  CompilerVersion: 8.4.0
7.3.2

ProgramName: mri_robust_register  ProgramArguments: mri_robust_register -all-info  ProgramVersion: 7.3.2  TimeStamp: 2026/03/11-15:12:17-GMT  BuildTime: Aug  4 2022 06:17:15  BuildStamp: freesurfer-linux-ubuntu22_x86_64-7.3.2-20220804-6354275  User: oesteban  Machine: dna018  Platform: Linux  PlatformVersion: 5.14.0-427.37.1.el9_4.x86_64  CompilerName: GCC  CompilerVersion: 8.4.0
7.3.2

ProgramName: mri_robust_template  ProgramArguments: mri_robust_template -all-info  ProgramVersion: 7.3.2  TimeStamp: 2026/03/11-15:12:17-GMT  BuildTime: Aug  4 2022 06:17:15  BuildStamp: freesurfer-linux-ubuntu22_x86_64-7.3.2-20220804-6354275  User: oesteban  Machine: dna018  Platform: Linux  PlatformVersion: 5.14.0-427.37.1.el9_4.x86_64  CompilerName: GCC  CompilerVersion: 8.4.0
ProgramName: mris_anatomical_stats  ProgramArguments: mris_anatomical_stats -all-info  ProgramVersion: 7.3.2  TimeStamp: 2026/03/11-15:12:17-GMT  BuildTime: Aug  4 2022 06:17:15  BuildStamp: freesurfer-linux-ubuntu22_x86_64-7.3.2-20220804-6354275  User: oesteban  Machine: dna018  Platform: Linux  PlatformVersion: 5.14.0-427.37.1.el9_4.x86_64  CompilerName: GCC  CompilerVersion: 8.4.0
ProgramName: mris_ca_label  ProgramArguments: mris_ca_label -all-info  ProgramVersion: 7.3.2  TimeStamp: 2026/03/11-15:12:17-GMT  BuildTime: Aug  4 2022 06:17:15  BuildStamp: freesurfer-linux-ubuntu22_x86_64-7.3.2-20220804-6354275  User: oesteban  Machine: dna018  Platform: Linux  PlatformVersion: 5.14.0-427.37.1.el9_4.x86_64  CompilerName: GCC  CompilerVersion: 8.4.0
ProgramName: mris_calc  ProgramArguments: mris_calc -all-info  ProgramVersion: 7.3.2  TimeStamp: 2026/03/11-15:12:17-GMT  BuildTime: Aug  4 2022 06:17:15  BuildStamp: freesurfer-linux-ubuntu22_x86_64-7.3.2-20220804-6354275  User: oesteban  Machine: dna018  Platform: Linux  PlatformVersion: 5.14.0-427.37.1.el9_4.x86_64  CompilerName: GCC  CompilerVersion: 8.4.0
ProgramName: mris_convert  ProgramArguments: mris_convert -all-info  ProgramVersion: 7.3.2  TimeStamp: 2026/03/11-15:12:17-GMT  BuildTime: Aug  4 2022 06:17:15  BuildStamp: freesurfer-linux-ubuntu22_x86_64-7.3.2-20220804-6354275  User: oesteban  Machine: dna018  Platform: Linux  PlatformVersion: 5.14.0-427.37.1.el9_4.x86_64  CompilerName: GCC  CompilerVersion: 8.4.0
ProgramName: mris_curvature  ProgramArguments: mris_curvature -all-info  ProgramVersion: 7.3.2  TimeStamp: 2026/03/11-15:12:17-GMT  BuildTime: Aug  4 2022 06:17:15  BuildStamp: freesurfer-linux-ubuntu22_x86_64-7.3.2-20220804-6354275  User: oesteban  Machine: dna018  Platform: Linux  PlatformVersion: 5.14.0-427.37.1.el9_4.x86_64  CompilerName: GCC  CompilerVersion: 8.4.0
ProgramName: mris_curvature_stats  ProgramArguments: mris_curvature_stats -all-info  ProgramVersion: 7.3.2  TimeStamp: 2026/03/11-15:12:17-GMT  BuildTime: Aug  4 2022 06:17:15  BuildStamp: freesurfer-linux-ubuntu22_x86_64-7.3.2-20220804-6354275  User: oesteban  Machine: dna018  Platform: Linux  PlatformVersion: 5.14.0-427.37.1.el9_4.x86_64  CompilerName: GCC  CompilerVersion: 8.4.0
ProgramName: mris_diff  ProgramArguments: mris_diff -all-info  ProgramVersion: 7.3.2  TimeStamp: 2026/03/11-15:12:17-GMT  BuildTime: Aug  4 2022 06:17:15  BuildStamp: freesurfer-linux-ubuntu22_x86_64-7.3.2-20220804-6354275  User: oesteban  Machine: dna018  Platform: Linux  PlatformVersion: 5.14.0-427.37.1.el9_4.x86_64  CompilerName: GCC  CompilerVersion: 8.4.0
ProgramName: mris_divide_parcellation  ProgramArguments: mris_divide_parcellation -all-info  ProgramVersion: 7.3.2  TimeStamp: 2026/03/11-15:12:17-GMT  BuildTime: Aug  4 2022 06:17:15  BuildStamp: freesurfer-linux-ubuntu22_x86_64-7.3.2-20220804-6354275  User: oesteban  Machine: dna018  Platform: Linux  PlatformVersion: 5.14.0-427.37.1.el9_4.x86_64  CompilerName: GCC  CompilerVersion: 8.4.0
ProgramName: mri_segment  ProgramArguments: mri_segment -all-info  ProgramVersion: 7.3.2  TimeStamp: 2026/03/11-15:12:17-GMT  BuildTime: Aug  4 2022 06:17:15  BuildStamp: freesurfer-linux-ubuntu22_x86_64-7.3.2-20220804-6354275  User: oesteban  Machine: dna018  Platform: Linux  PlatformVersion: 5.14.0-427.37.1.el9_4.x86_64  CompilerName: GCC  CompilerVersion: 8.4.0
ProgramName: mri_segstats  ProgramArguments: mri_segstats -all-info  ProgramVersion: 7.3.2  TimeStamp: 2026/03/11-15:12:17-GMT  BuildTime: Aug  4 2022 06:17:15  BuildStamp: freesurfer-linux-ubuntu22_x86_64-7.3.2-20220804-6354275  User: oesteban  Machine: dna018  Platform: Linux  PlatformVersion: 5.14.0-427.37.1.el9_4.x86_64  CompilerName: GCC  CompilerVersion: 8.4.0
ProgramName: mris_euler_number  ProgramArguments: mris_euler_number -all-info  ProgramVersion: 7.3.2  TimeStamp: 2026/03/11-15:12:17-GMT  BuildTime: Aug  4 2022 06:17:15  BuildStamp: freesurfer-linux-ubuntu22_x86_64-7.3.2-20220804-6354275  User: oesteban  Machine: dna018  Platform: Linux  PlatformVersion: 5.14.0-427.37.1.el9_4.x86_64  CompilerName: GCC  CompilerVersion: 8.4.0
ProgramName: mris_fix_topology  ProgramArguments: mris_fix_topology -all-info  ProgramVersion: 7.3.2  TimeStamp: 2026/03/11-15:12:17-GMT  BuildTime: Aug  4 2022 06:17:15  BuildStamp: freesurfer-linux-ubuntu22_x86_64-7.3.2-20220804-6354275  User: oesteban  Machine: dna018  Platform: Linux  PlatformVersion: 5.14.0-427.37.1.el9_4.x86_64  CompilerName: GCC  CompilerVersion: 8.4.0
ProgramName: mris_topo_fixer  ProgramArguments: mris_topo_fixer -all-info  ProgramVersion: 7.3.2  TimeStamp: 2026/03/11-15:12:17-GMT  BuildTime: Aug  4 2022 06:17:15  BuildStamp: freesurfer-linux-ubuntu22_x86_64-7.3.2-20220804-6354275  User: oesteban  Machine: dna018  Platform: Linux  PlatformVersion: 5.14.0-427.37.1.el9_4.x86_64  CompilerName: GCC  CompilerVersion: 8.4.0
ProgramName: mris_jacobian  ProgramArguments: mris_jacobian -all-info  ProgramVersion: 7.3.2  TimeStamp: 2026/03/11-15:12:17-GMT  BuildTime: Aug  4 2022 06:17:15  BuildStamp: freesurfer-linux-ubuntu22_x86_64-7.3.2-20220804-6354275  User: oesteban  Machine: dna018  Platform: Linux  PlatformVersion: 5.14.0-427.37.1.el9_4.x86_64  CompilerName: GCC  CompilerVersion: 8.4.0
ProgramName: mris_label2annot  ProgramArguments: mris_label2annot -all-info  ProgramVersion: 7.3.2  TimeStamp: 2026/03/11-15:12:17-GMT  BuildTime: Aug  4 2022 06:17:15  BuildStamp: freesurfer-linux-ubuntu22_x86_64-7.3.2-20220804-6354275  User: oesteban  Machine: dna018  Platform: Linux  PlatformVersion: 5.14.0-427.37.1.el9_4.x86_64  CompilerName: GCC  CompilerVersion: 8.4.0
ProgramName: mris_left_right_register  ProgramArguments: mris_left_right_register -all-info  ProgramVersion: 7.3.2  TimeStamp: 2026/03/11-15:12:17-GMT  BuildTime: Aug  4 2022 06:17:15  BuildStamp: freesurfer-linux-ubuntu22_x86_64-7.3.2-20220804-6354275  User: oesteban  Machine: dna018  Platform: Linux  PlatformVersion: 5.14.0-427.37.1.el9_4.x86_64  CompilerName: GCC  CompilerVersion: 8.4.0
ProgramName: mris_place_surface  ProgramArguments: mris_place_surface -all-info  ProgramVersion: 7.3.2  TimeStamp: 2026/03/11-15:12:17-GMT  BuildTime: Aug  4 2022 06:17:15  BuildStamp: freesurfer-linux-ubuntu22_x86_64-7.3.2-20220804-6354275  User: oesteban  Machine: dna018  Platform: Linux  PlatformVersion: 5.14.0-427.37.1.el9_4.x86_64  CompilerName: GCC  CompilerVersion: 8.4.0
ProgramName: mrisp_paint  ProgramArguments: mrisp_paint -all-info  ProgramVersion: 7.3.2  TimeStamp: 2026/03/11-15:12:17-GMT  BuildTime: Aug  4 2022 06:17:15  BuildStamp: freesurfer-linux-ubuntu22_x86_64-7.3.2-20220804-6354275  User: oesteban  Machine: dna018  Platform: Linux  PlatformVersion: 5.14.0-427.37.1.el9_4.x86_64  CompilerName: GCC  CompilerVersion: 8.4.0
ProgramName: mris_register  ProgramArguments: mris_register -all-info  ProgramVersion: 7.3.2  TimeStamp: 2026/03/11-15:12:17-GMT  BuildTime: Aug  4 2022 06:17:15  BuildStamp: freesurfer-linux-ubuntu22_x86_64-7.3.2-20220804-6354275  User: oesteban  Machine: dna018  Platform: Linux  PlatformVersion: 5.14.0-427.37.1.el9_4.x86_64  CompilerName: GCC  CompilerVersion: 8.4.0
ProgramName: mris_smooth  ProgramArguments: mris_smooth -all-info  ProgramVersion: 7.3.2  TimeStamp: 2026/03/11-15:12:17-GMT  BuildTime: Aug  4 2022 06:17:15  BuildStamp: freesurfer-linux-ubuntu22_x86_64-7.3.2-20220804-6354275  User: oesteban  Machine: dna018  Platform: Linux  PlatformVersion: 5.14.0-427.37.1.el9_4.x86_64  CompilerName: GCC  CompilerVersion: 8.4.0
ProgramName: mris_sphere  ProgramArguments: mris_sphere -all-info  ProgramVersion: 7.3.2  TimeStamp: 2026/03/11-15:12:17-GMT  BuildTime: Aug  4 2022 06:17:15  BuildStamp: freesurfer-linux-ubuntu22_x86_64-7.3.2-20220804-6354275  User: oesteban  Machine: dna018  Platform: Linux  PlatformVersion: 5.14.0-427.37.1.el9_4.x86_64  CompilerName: GCC  CompilerVersion: 8.4.0
ProgramName: mris_surface_stats  ProgramArguments: mris_surface_stats -all-info  ProgramVersion: 7.3.2  TimeStamp: 2026/03/11-15:12:17-GMT  BuildTime: Aug  4 2022 06:17:15  BuildStamp: freesurfer-linux-ubuntu22_x86_64-7.3.2-20220804-6354275  User: oesteban  Machine: dna018  Platform: Linux  PlatformVersion: 5.14.0-427.37.1.el9_4.x86_64  CompilerName: GCC  CompilerVersion: 8.4.0
ProgramName: mri_stats2seg  ProgramArguments: mri_stats2seg -all-info  ProgramVersion: 7.3.2  TimeStamp: 2026/03/11-15:12:17-GMT  BuildTime: Aug  4 2022 06:17:15  BuildStamp: freesurfer-linux-ubuntu22_x86_64-7.3.2-20220804-6354275  User: oesteban  Machine: dna018  Platform: Linux  PlatformVersion: 5.14.0-427.37.1.el9_4.x86_64  CompilerName: GCC  CompilerVersion: 8.4.0
ProgramName: mris_thickness  ProgramArguments: mris_thickness -all-info  ProgramVersion: 7.3.2  TimeStamp: 2026/03/11-15:12:17-GMT  BuildTime: Aug  4 2022 06:17:15  BuildStamp: freesurfer-linux-ubuntu22_x86_64-7.3.2-20220804-6354275  User: oesteban  Machine: dna018  Platform: Linux  PlatformVersion: 5.14.0-427.37.1.el9_4.x86_64  CompilerName: GCC  CompilerVersion: 8.4.0
ProgramName: mris_thickness_diff  ProgramArguments: mris_thickness_diff -all-info  ProgramVersion: 7.3.2  TimeStamp: 2026/03/11-15:12:17-GMT  BuildTime: Aug  4 2022 06:17:15  BuildStamp: freesurfer-linux-ubuntu22_x86_64-7.3.2-20220804-6354275  User: oesteban  Machine: dna018  Platform: Linux  PlatformVersion: 5.14.0-427.37.1.el9_4.x86_64  CompilerName: GCC  CompilerVersion: 8.4.0
ProgramName: mris_topo_fixer  ProgramArguments: mris_topo_fixer -all-info  ProgramVersion: 7.3.2  TimeStamp: 2026/03/11-15:12:17-GMT  BuildTime: Aug  4 2022 06:17:15  BuildStamp: freesurfer-linux-ubuntu22_x86_64-7.3.2-20220804-6354275  User: oesteban  Machine: dna018  Platform: Linux  PlatformVersion: 5.14.0-427.37.1.el9_4.x86_64  CompilerName: GCC  CompilerVersion: 8.4.0
ProgramName: mri_surf2surf  ProgramArguments: mri_surf2surf -all-info  ProgramVersion: 7.3.2  TimeStamp: 2026/03/11-15:12:17-GMT  BuildTime: Aug  4 2022 06:17:15  BuildStamp: freesurfer-linux-ubuntu22_x86_64-7.3.2-20220804-6354275  User: oesteban  Machine: dna018  Platform: Linux  PlatformVersion: 5.14.0-427.37.1.el9_4.x86_64  CompilerName: GCC  CompilerVersion: 8.4.0
ProgramName: mri_surf2vol  ProgramArguments: mri_surf2vol -all-info  ProgramVersion: 7.3.2  TimeStamp: 2026/03/11-15:12:17-GMT  BuildTime: Aug  4 2022 06:17:15  BuildStamp: freesurfer-linux-ubuntu22_x86_64-7.3.2-20220804-6354275  User: oesteban  Machine: dna018  Platform: Linux  PlatformVersion: 5.14.0-427.37.1.el9_4.x86_64  CompilerName: GCC  CompilerVersion: 8.4.0
ProgramName: mri_surfcluster  ProgramArguments: mri_surfcluster -all-info  ProgramVersion: 7.3.2  TimeStamp: 2026/03/11-15:12:17-GMT  BuildTime: Aug  4 2022 06:17:15  BuildStamp: freesurfer-linux-ubuntu22_x86_64-7.3.2-20220804-6354275  User: oesteban  Machine: dna018  Platform: Linux  PlatformVersion: 5.14.0-427.37.1.el9_4.x86_64  CompilerName: GCC  CompilerVersion: 8.4.0
ProgramName: mris_volmask  ProgramArguments: mris_volmask -all-info  ProgramVersion: 7.3.2  TimeStamp: 2026/03/11-15:12:17-GMT  BuildTime: Aug  4 2022 06:17:15  BuildStamp: freesurfer-linux-ubuntu22_x86_64-7.3.2-20220804-6354275  User: oesteban  Machine: dna018  Platform: Linux  PlatformVersion: 5.14.0-427.37.1.el9_4.x86_64  CompilerName: GCC  CompilerVersion: 8.4.0
ProgramName: mri_tessellate  ProgramArguments: mri_tessellate -all-info  ProgramVersion: 7.3.2  TimeStamp: 2026/03/11-15:12:17-GMT  BuildTime: Aug  4 2022 06:17:15  BuildStamp: freesurfer-linux-ubuntu22_x86_64-7.3.2-20220804-6354275  User: oesteban  Machine: dna018  Platform: Linux  PlatformVersion: 5.14.0-427.37.1.el9_4.x86_64  CompilerName: GCC  CompilerVersion: 8.4.0
ProgramName: mri_vol2surf  ProgramArguments: mri_vol2surf -all-info  ProgramVersion: 7.3.2  TimeStamp: 2026/03/11-15:12:17-GMT  BuildTime: Aug  4 2022 06:17:15  BuildStamp: freesurfer-linux-ubuntu22_x86_64-7.3.2-20220804-6354275  User: oesteban  Machine: dna018  Platform: Linux  PlatformVersion: 5.14.0-427.37.1.el9_4.x86_64  CompilerName: GCC  CompilerVersion: 8.4.0
ProgramName: mri_vol2vol  ProgramArguments: mri_vol2vol -all-info  ProgramVersion: 7.3.2  TimeStamp: 2026/03/11-15:12:17-GMT  BuildTime: Aug  4 2022 06:17:15  BuildStamp: freesurfer-linux-ubuntu22_x86_64-7.3.2-20220804-6354275  User: oesteban  Machine: dna018  Platform: Linux  PlatformVersion: 5.14.0-427.37.1.el9_4.x86_64  CompilerName: GCC  CompilerVersion: 8.4.0
ProgramName: mri_voldiff  ProgramArguments: mri_voldiff -all-info  ProgramVersion: 7.3.2  TimeStamp: 2026/03/11-15:12:17-GMT  BuildTime: Aug  4 2022 06:17:15  BuildStamp: freesurfer-linux-ubuntu22_x86_64-7.3.2-20220804-6354275  User: oesteban  Machine: dna018  Platform: Linux  PlatformVersion: 5.14.0-427.37.1.el9_4.x86_64  CompilerName: GCC  CompilerVersion: 8.4.0
ProgramName: mri_watershed  ProgramArguments: mri_watershed -all-info  ProgramVersion: 7.3.2  TimeStamp: 2026/03/11-15:12:17-GMT  BuildTime: Aug  4 2022 06:17:15  BuildStamp: freesurfer-linux-ubuntu22_x86_64-7.3.2-20220804-6354275  User: oesteban  Machine: dna018  Platform: Linux  PlatformVersion: 5.14.0-427.37.1.el9_4.x86_64  CompilerName: GCC  CompilerVersion: 8.4.0
ProgramName: tkregister2  ProgramArguments: tkregister2_cmdl -all-info  ProgramVersion: 7.3.2  TimeStamp: 2026/03/11-15:12:17-GMT  BuildTime: Aug  4 2022 06:17:15  BuildStamp: freesurfer-linux-ubuntu22_x86_64-7.3.2-20220804-6354275  User: oesteban  Machine: dna018  Platform: Linux  PlatformVersion: 5.14.0-427.37.1.el9_4.x86_64  CompilerName: GCC  CompilerVersion: 8.4.0
mri_motion_correct.fsl 7.3.2
mri_convert -all-info 
ProgramName: mri_convert  ProgramArguments: mri_convert -all-info  ProgramVersion: 7.3.2  TimeStamp: 2026/03/11-15:12:17-GMT  BuildTime: Aug  4 2022 06:17:15  BuildStamp: freesurfer-linux-ubuntu22_x86_64-7.3.2-20220804-6354275  User: oesteban  Machine: dna018  Platform: Linux  PlatformVersion: 5.14.0-427.37.1.el9_4.x86_64  CompilerName: GCC  CompilerVersion: 8.4.0
Program nu_correct, built from:
Package MNI N3, version 1.12.0, compiled by nicks@terrier (x86_64-unknown-linux-gnu) on 2015-06-19 at 01:25:34
#######################################
GCADIR /opt/freesurfer/average
GCA RB_all_2020-01-02.gca
GCASkull RB_all_withskull_2020_01_02.gca
AvgCurvTif folding.atlas.acfb40.noaparc.i12.2016-08-02.tif
GCSDIR /opt/freesurfer/average
GCS DKaparc.atlas.acfb40.noaparc.i12.2016-08-02.gcs
#######################################
#--------------------------------------------
#@# AutoDetGWStats lh Wed Mar 11 16:12:17 CET 2026
cd /out/sourcedata/freesurfer/sub-v2s18x29499_ses-1/mri
mris_autodet_gwstats --o ../surf/autodet.gw.stats.lh.dat --i brain.finalsurfs.mgz --wm wm.mgz --surf ../surf/lh.orig.premesh
  Update not needed
#--------------------------------------------
#@# WhitePreAparc lh Wed Mar 11 16:12:18 CET 2026
cd /out/sourcedata/freesurfer/sub-v2s18x29499_ses-1/mri
mris_place_surface --adgws-in ../surf/autodet.gw.stats.lh.dat --wm wm.mgz --threads 16 --invol brain.finalsurfs.mgz --lh --i ../surf/lh.orig --o ../surf/lh.white.preaparc --white --seg aseg.presurf.mgz --nsmooth 5
   Update not needed
#--------------------------------------------
#@# CortexLabel lh Wed Mar 11 16:12:18 CET 2026
cd /out/sourcedata/freesurfer/sub-v2s18x29499_ses-1/mri
mri_label2label --label-cortex ../surf/lh.white.preaparc aseg.presurf.mgz 0 ../label/lh.cortex.label
   Update not needed
#--------------------------------------------
#@# CortexLabel+HipAmyg lh Wed Mar 11 16:12:18 CET 2026
cd /out/sourcedata/freesurfer/sub-v2s18x29499_ses-1/mri
mri_label2label --label-cortex ../surf/lh.white.preaparc aseg.presurf.mgz 1 ../label/lh.cortex+hipamyg.label
   Update not needed
#@# white curv lh Wed Mar 11 16:12:18 CET 2026
cd /out/sourcedata/freesurfer/sub-v2s18x29499_ses-1/mri
mris_place_surface --curv-map ../surf/lh.white 2 10 ../surf/lh.curv
   Update not needed
#@# white area lh Wed Mar 11 16:12:18 CET 2026
cd /out/sourcedata/freesurfer/sub-v2s18x29499_ses-1/mri
mris_place_surface --area-map ../surf/lh.white ../surf/lh.area
   Update not needed
#@# pial curv lh Wed Mar 11 16:12:18 CET 2026
cd /out/sourcedata/freesurfer/sub-v2s18x29499_ses-1/mri
mris_place_surface --curv-map ../surf/lh.pial 2 10 ../surf/lh.curv.pial
   Update not needed
#@# pial area lh Wed Mar 11 16:12:18 CET 2026
cd /out/sourcedata/freesurfer/sub-v2s18x29499_ses-1/mri
mris_place_surface --area-map ../surf/lh.pial ../surf/lh.area.pial
   Update not needed
#@# thickness lh Wed Mar 11 16:12:18 CET 2026
cd /out/sourcedata/freesurfer/sub-v2s18x29499_ses-1/mri
mris_place_surface --thickness ../surf/lh.white ../surf/lh.pial 20 5 ../surf/lh.thickness
   Update not needed
#@# area and vertex vol lh Wed Mar 11 16:12:18 CET 2026
cd /out/sourcedata/freesurfer/sub-v2s18x29499_ses-1/mri
mris_place_surface --thickness ../surf/lh.white ../surf/lh.pial 20 5 ../surf/lh.thickness
   Update not needed
#-----------------------------------------
#@# Parcellation Stats lh Wed Mar 11 16:12:18 CET 2026
/out/sourcedata/freesurfer/sub-v2s18x29499_ses-1/scripts

 mris_anatomical_stats -th3 -mgz -noglobal -cortex ../label/lh.cortex.label -f ../stats/lh.aparc.stats -b -a ../label/lh.aparc.annot -c ../label/aparc.annot.ctab sub-v2s18x29499_ses-1 lh white 

computing statistics for each annotation in ../label/lh.aparc.annot.
reading volume /out/sourcedata/freesurfer/sub-v2s18x29499_ses-1/mri/wm.mgz...
reading input surface /out/sourcedata/freesurfer/sub-v2s18x29499_ses-1/surf/lh.white...
reading input pial surface /out/sourcedata/freesurfer/sub-v2s18x29499_ses-1/surf/lh.pial...
reading input white surface /out/sourcedata/freesurfer/sub-v2s18x29499_ses-1/surf/lh.white...
INFO: using TH3 volume calc
INFO: assuming MGZ format for volumes.
INFO: not computing global stats
INFO: using ../label/lh.cortex.label as mask to calc cortex NumVert, SurfArea and MeanThickness.
Using TH3 vertex volume calc
Total face volume 296457
Total vertex volume 296220 (mask=0)
Saving annotation colortable ../label/aparc.annot.ctab

table columns are:
    number of vertices
    total surface area (mm^2)
    total gray matter volume (mm^3)
    average cortical thickness +- standard deviation (mm)
    integrated rectified mean curvature
    integrated rectified Gaussian curvature
    folding index
    intrinsic curvature index
    structure name

 1956   1271   3294  2.699 0.363     0.091     0.014       10     1.2  bankssts
 1051    708   2164  2.463 0.863     0.117     0.019       13     0.9  caudalanteriorcingulate
 4192   2799   8103  2.696 0.453     0.107     0.017       32     3.1  caudalmiddlefrontal
 2649   1829   3934  2.003 0.464     0.140     0.028       34     3.1  cuneus
  504    310   1821  3.987 0.746     0.080     0.019        2     0.4  entorhinal
 5592   3776  12941  3.043 0.695     0.118     0.023       60     5.2  fusiform
 7675   5380  15002  2.562 0.464     0.121     0.022       84     7.1  inferiorparietal
 5932   4207  14302  2.984 0.676     0.120     0.022       65     5.6  inferiortemporal
 1696   1198   3154  2.407 0.926     0.125     0.032       20     2.0  isthmuscingulate
 8440   5871  15587  2.396 0.567     0.138     0.029      103    10.4  lateraloccipital
 4348   2983   9509  2.846 0.619     0.115     0.024       41     4.2  lateralorbitofrontal
 5791   4135   9762  2.222 0.674     0.137     0.030       69     7.6  lingual
 3043   2199   6622  2.599 0.752     0.127     0.032       41     4.0  medialorbitofrontal
 5800   4120  14463  2.952 0.620     0.116     0.022       62     5.2  middletemporal
 1220    746   2909  3.197 0.738     0.082     0.016        7     0.8  parahippocampal
 2506   1555   4486  2.677 0.614     0.090     0.016       14     1.6  paracentral
 2720   1910   5908  2.706 0.475     0.118     0.020       30     2.3  parsopercularis
 1046    762   2615  2.765 0.537     0.137     0.026       17     1.1  parsorbitalis
 1779   1233   3675  2.600 0.510     0.110     0.021       16     1.5  parstriangularis
 2595   1826   2895  1.865 0.494     0.134     0.030       28     3.3  pericalcarine
 6803   4471  11091  2.228 0.638     0.109     0.021       63     5.7  postcentral
 2078   1408   4021  2.608 0.810     0.113     0.020       22     1.8  posteriorcingulate
 8274   5347  16103  2.787 0.492     0.102     0.019       58     6.4  precentral
 7119   4904  12920  2.591 0.467     0.113     0.022       67     6.3  precuneus
  969    695   2879  3.027 0.781     0.113     0.026       10     1.0  rostralanteriorcingulate
 8975   6493  17858  2.418 0.546     0.126     0.027      113    10.0  rostralmiddlefrontal
13387   9228  29526  2.858 0.566     0.114     0.023      117    12.5  superiorfrontal
 8569   5716  15120  2.441 0.440     0.119     0.021       85     7.4  superiorparietal
 7600   4946  16603  2.992 0.528     0.099     0.016       60     5.3  superiortemporal
 7034   4935  13645  2.592 0.482     0.122     0.023       81     6.8  supramarginal
  328    292   1090  2.872 0.478     0.170     0.046        7     0.5  frontalpole
  692    494   2270  3.470 0.632     0.117     0.030        7     0.9  temporalpole
  846    556   1888  2.891 0.370     0.109     0.022        8     0.7  transversetemporal
 3448   2440   8063  3.334 0.780     0.126     0.036       40     5.6  insula

 mris_anatomical_stats -th3 -mgz -noglobal -cortex ../label/lh.cortex.label -f ../stats/lh.aparc.pial.stats -b -a ../label/lh.aparc.annot -c ../label/aparc.annot.ctab sub-v2s18x29499_ses-1 lh pial 

computing statistics for each annotation in ../label/lh.aparc.annot.
reading volume /out/sourcedata/freesurfer/sub-v2s18x29499_ses-1/mri/wm.mgz...
reading input surface /out/sourcedata/freesurfer/sub-v2s18x29499_ses-1/surf/lh.pial...
reading input pial surface /out/sourcedata/freesurfer/sub-v2s18x29499_ses-1/surf/lh.pial...
reading input white surface /out/sourcedata/freesurfer/sub-v2s18x29499_ses-1/surf/lh.white...
INFO: using TH3 volume calc
INFO: assuming MGZ format for volumes.
INFO: not computing global stats
INFO: using ../label/lh.cortex.label as mask to calc cortex NumVert, SurfArea and MeanThickness.
Using TH3 vertex volume calc
Total face volume 296457
Total vertex volume 296220 (mask=0)
Saving annotation colortable ../label/aparc.annot.ctab

table columns are:
    number of vertices
    total surface area (mm^2)
    total gray matter volume (mm^3)
    average cortical thickness +- standard deviation (mm)
    integrated rectified mean curvature
    integrated rectified Gaussian curvature
    folding index
    intrinsic curvature index
    structure name

 1956   1180   3294  2.699 0.363     0.117     0.039      107     2.4  bankssts
 1051    960   2164  2.463 0.863     0.173     0.051       37     2.1  caudalanteriorcingulate
 4192   3146   8103  2.696 0.453     0.115     0.032       70     4.0  caudalmiddlefrontal
 2649   2290   3934  2.003 0.464     0.148     0.040       64     4.1  cuneus
  504    706   1821  3.987 0.746     0.380     0.115       24     3.4  entorhinal
 5592   4757  12941  3.043 0.695     0.149     0.042      111     9.8  fusiform
 7675   6312  15002  2.562 0.464     0.141     0.036      239    10.8  inferiorparietal
 5932   5370  14302  2.984 0.676     0.149     0.037      141     8.7  inferiortemporal
 1696   1494   3154  2.407 0.926     0.180     0.055       57     3.7  isthmuscingulate
 8440   7327  15587  2.396 0.567     0.143     0.035      314    11.5  lateraloccipital
 4348   3634   9509  2.846 0.619     0.139     0.034       78     6.0  lateralorbitofrontal
 5791   4995   9762  2.222 0.674     0.150     0.042      207     9.5  lingual
 3043   2906   6622  2.599 0.752     0.167     0.043       48     5.5  medialorbitofrontal
 5800   5509  14463  2.952 0.620     0.154     0.037      142     8.6  middletemporal
 1220   1128   2909  3.197 0.738     0.153     0.039       14     2.4  parahippocampal
 2506   1828   4486  2.677 0.614     0.104     0.021       23     2.1  paracentral
 2720   2495   5908  2.706 0.475     0.157     0.032       56     3.7  parsopercularis
 1046   1119   2615  2.765 0.537     0.182     0.039       16     1.9  parsorbitalis
 1779   1516   3675  2.600 0.510     0.149     0.029       23     2.3  parstriangularis
 2595   1423   2895  1.865 0.494     0.123     0.040      186     3.5  pericalcarine
 6803   5523  11091  2.228 0.638     0.128     0.028       91     7.4  postcentral
 2078   1674   4021  2.608 0.810     0.149     0.040      109     3.4  posteriorcingulate
 8274   6063  16103  2.787 0.492     0.111     0.025      177     7.8  precentral
 7119   5173  12920  2.591 0.467     0.124     0.032      144     8.7  precuneus
  969   1118   2879  3.027 0.781     0.214     0.053       42     1.8  rostralanteriorcingulate
 8975   8165  17858  2.418 0.546     0.160     0.035      131    14.2  rostralmiddlefrontal
13387  11106  29526  2.858 0.566     0.137     0.034      210    17.9  superiorfrontal
 8569   6643  15120  2.441 0.440     0.130     0.032      127    10.4  superiorparietal
 7600   6057  16603  2.992 0.528     0.129     0.030      543     9.1  superiortemporal
 7034   5581  13645  2.592 0.482     0.140     0.035      109    10.0  supramarginal
  328    477   1090  2.872 0.478     0.228     0.046        5     0.6  frontalpole
  692    840   2270  3.470 0.632     0.203     0.046       13     1.5  temporalpole
  846    785   1888  2.891 0.370     0.137     0.032        7     1.1  transversetemporal
 3448   2233   8063  3.334 0.780     0.142     0.043      109     5.5  insula
#-----------------------------------------
#@# Parcellation Stats 2 lh Wed Mar 11 16:12:40 CET 2026
/out/sourcedata/freesurfer/sub-v2s18x29499_ses-1/scripts

 mris_anatomical_stats -th3 -mgz -noglobal -cortex ../label/lh.cortex.label -f ../stats/lh.aparc.a2009s.stats -b -a ../label/lh.aparc.a2009s.annot -c ../label/aparc.annot.a2009s.ctab sub-v2s18x29499_ses-1 lh white 

computing statistics for each annotation in ../label/lh.aparc.a2009s.annot.
reading volume /out/sourcedata/freesurfer/sub-v2s18x29499_ses-1/mri/wm.mgz...
reading input surface /out/sourcedata/freesurfer/sub-v2s18x29499_ses-1/surf/lh.white...
reading input pial surface /out/sourcedata/freesurfer/sub-v2s18x29499_ses-1/surf/lh.pial...
reading input white surface /out/sourcedata/freesurfer/sub-v2s18x29499_ses-1/surf/lh.white...
INFO: using TH3 volume calc
INFO: assuming MGZ format for volumes.
INFO: not computing global stats
INFO: using ../label/lh.cortex.label as mask to calc cortex NumVert, SurfArea and MeanThickness.
Using TH3 vertex volume calc
Total face volume 296457
Total vertex volume 296220 (mask=0)
Saving annotation colortable ../label/aparc.annot.a2009s.ctab

table columns are:
    number of vertices
    total surface area (mm^2)
    total gray matter volume (mm^3)
    average cortical thickness +- standard deviation (mm)
    integrated rectified mean curvature
    integrated rectified Gaussian curvature
    folding index
    intrinsic curvature index
    structure name

 1301    997   2818  2.482 0.678     0.146     0.030       18     1.9  G_and_S_frontomargin
 1727   1184   4044  2.872 0.662     0.135     0.029       19     2.0  G_and_S_occipital_inf
 1965   1243   3416  2.379 0.560     0.104     0.020       16     1.6  G_and_S_paracentral
 1494   1027   3462  2.964 0.504     0.121     0.025       16     1.4  G_and_S_subcentral
  737    577   1864  2.454 0.605     0.145     0.036       15     0.9  G_and_S_transv_frontopol
 2185   1559   5455  2.930 0.579     0.112     0.025       19     2.3  G_and_S_cingul-Ant
 1582   1067   3133  2.821 0.538     0.095     0.017       10     1.1  G_and_S_cingul-Mid-Ant
 1494   1003   2994  2.847 0.533     0.101     0.020       11     1.2  G_and_S_cingul-Mid-Post
  686    487   1810  3.125 0.630     0.140     0.037       10     0.9  G_cingul-Post-dorsal
  301    213    850  2.788 0.782     0.139     0.041        4     0.4  G_cingul-Post-ventral
 2505   1805   3889  1.924 0.514     0.154     0.032       36     3.5  G_cuneus
 1596   1144   4192  2.869 0.468     0.126     0.025       23     1.5  G_front_inf-Opercular
  483    325   1344  2.914 0.374     0.104     0.019        4     0.4  G_front_inf-Orbital
  929    692   2708  2.890 0.465     0.130     0.029       13     1.0  G_front_inf-Triangul
 5559   4022  13150  2.653 0.507     0.138     0.030       87     6.8  G_front_middle
 8488   5962  22232  2.968 0.611     0.123     0.026       91     8.6  G_front_sup
  676    514   1793  3.362 0.771     0.156     0.048       12     1.4  G_Ins_lg_and_S_cent_ins
  675    526   2710  4.018 0.643     0.134     0.033        9     1.0  G_insular_short
 2512   1707   5452  2.533 0.420     0.133     0.026       39     2.6  G_occipital_middle
 1570   1055   3034  2.496 0.558     0.131     0.026       18     1.7  G_occipital_sup
 2477   1656   7143  3.315 0.756     0.129     0.025       37     2.5  G_oc-temp_lat-fusifor
 3921   2901   7169  2.134 0.752     0.156     0.037       60     6.3  G_oc-temp_med-Lingual
 1338    807   4055  3.580 0.788     0.093     0.028       13     1.7  G_oc-temp_med-Parahip
 2533   1849   7082  2.900 0.702     0.138     0.032       41     3.5  G_orbital
 3296   2415   8076  2.699 0.476     0.139     0.027       53     3.7  G_pariet_inf-Angular
 3220   2345   7850  2.731 0.508     0.128     0.026       44     3.3  G_pariet_inf-Supramar
 3160   2158   6617  2.501 0.391     0.124     0.022       38     2.8  G_parietal_sup
 2639   1722   4921  2.288 0.506     0.122     0.025       34     2.5  G_postcentral
 2892   1790   7206  2.997 0.460     0.103     0.020       24     2.4  G_precentral
 3240   2302   7543  2.636 0.457     0.133     0.028       49     3.4  G_precuneus
  991    760   2920  2.826 0.720     0.128     0.038       15     1.5  G_rectus
  675    442   1055  2.369 0.946     0.136     0.052       10     1.2  G_subcallosal
  710    444   1722  2.968 0.315     0.102     0.021        7     0.5  G_temp_sup-G_T_transv
 2597   1682   7621  3.235 0.538     0.112     0.021       31     2.3  G_temp_sup-Lateral
 1019    647   2389  3.375 0.495     0.071     0.012        4     0.5  G_temp_sup-Plan_polar
 1162    763   2380  2.826 0.371     0.089     0.014        7     0.7  G_temp_sup-Plan_tempo
 3026   2237   9351  3.189 0.668     0.135     0.026       44     3.3  G_temporal_inf
 3133   2307   9604  3.099 0.631     0.132     0.027       47     3.4  G_temporal_middle
  383    240    462  2.214 0.333     0.082     0.011        1     0.2  Lat_Fis-ant-Horizont
  387    274    628  2.544 0.457     0.097     0.010        2     0.2  Lat_Fis-ant-Vertical
 1289    854   1732  2.549 0.395     0.099     0.018        6     1.0  Lat_Fis-post
 2294   1665   4079  2.141 0.511     0.148     0.032       32     3.2  Pole_occipital
 1709   1246   5562  3.358 0.661     0.130     0.032       21     2.1  Pole_temporal
 3305   2269   4061  2.064 0.581     0.122     0.026       31     3.4  S_calcarine
 3495   2273   4099  2.127 0.632     0.091     0.016       16     2.3  S_central
 1256    808   1648  2.361 0.382     0.078     0.010        4     0.6  S_cingul-Marginalis
  650    409   1153  3.225 0.508     0.080     0.013        2     0.4  S_circular_insula_ant
 1692   1107   2872  3.232 0.606     0.097     0.018       10     1.5  S_circular_insula_inf
 1720   1109   2460  2.785 0.458     0.096     0.017        7     1.3  S_circular_insula_sup
 1059    753   2083  3.225 0.493     0.124     0.024       10     1.1  S_collat_transv_ant
  543    356    649  2.368 0.498     0.134     0.031        5     0.7  S_collat_transv_post
 2351   1576   3669  2.389 0.452     0.109     0.017       16     1.7  S_front_inf
 1521   1092   2260  2.126 0.520     0.098     0.018        9     1.0  S_front_middle
 4352   2852   7181  2.677 0.437     0.095     0.017       23     3.1  S_front_sup
  656    437    977  2.433 0.558     0.117     0.020        5     0.7  S_interm_prim-Jensen
 3433   2243   4731  2.413 0.409     0.106     0.016       21     2.5  S_intrapariet_and_P_trans
 1108    774   1457  2.159 0.352     0.124     0.026        9     1.2  S_oc_middle_and_Lunatus
 1565   1070   2208  2.232 0.379     0.119     0.022       12     1.5  S_oc_sup_and_transversal
  886    614   1388  2.470 0.368     0.119     0.023        8     0.9  S_occipital_ant
 1321    874   1981  2.639 0.393     0.093     0.017        6     0.9  S_oc-temp_lat
 2749   1822   4155  2.569 0.441     0.099     0.015       15     2.0  S_oc-temp_med_and_Lingual
  278    208    394  2.299 0.423     0.120     0.016        2     0.2  S_orbital_lateral
  760    504   1146  2.581 0.615     0.095     0.017        4     0.5  S_orbital_med-olfact
 1611   1129   2923  2.673 0.551     0.120     0.023       14     1.5  S_orbital-H_Shaped
 2861   1883   4147  2.538 0.483     0.109     0.019       21     2.4  S_parieto_occipital
 1671   1088   1555  1.675 0.679     0.116     0.019       22     1.4  S_pericallosal
 3157   2113   4279  2.291 0.401     0.110     0.021       25     2.8  S_postcentral
 1905   1277   3085  2.634 0.403     0.111     0.020       15     1.5  S_precentral-inf-part
 1788   1162   2592  2.657 0.416     0.083     0.011        6     0.9  S_precentral-sup-part
  824    583   1413  2.482 0.727     0.128     0.020        9     0.8  S_suborbital
 1405    931   2092  2.666 0.377     0.091     0.016        6     1.0  S_subparietal
 2198   1475   3162  2.552 0.517     0.095     0.014       11     1.4  S_temporal_inf
 7476   4988  12193  2.645 0.403     0.100     0.016       48     5.2  S_temporal_sup
  505    345    690  2.541 0.404     0.106     0.015        3     0.4  S_temporal_transverse
#-----------------------------------------
#@# Parcellation Stats 3 lh Wed Mar 11 16:12:51 CET 2026
/out/sourcedata/freesurfer/sub-v2s18x29499_ses-1/scripts

 mris_anatomical_stats -th3 -mgz -noglobal -cortex ../label/lh.cortex.label -f ../stats/lh.aparc.DKTatlas.stats -b -a ../label/lh.aparc.DKTatlas.annot -c ../label/aparc.annot.DKTatlas.ctab sub-v2s18x29499_ses-1 lh white 

computing statistics for each annotation in ../label/lh.aparc.DKTatlas.annot.
reading volume /out/sourcedata/freesurfer/sub-v2s18x29499_ses-1/mri/wm.mgz...
reading input surface /out/sourcedata/freesurfer/sub-v2s18x29499_ses-1/surf/lh.white...
reading input pial surface /out/sourcedata/freesurfer/sub-v2s18x29499_ses-1/surf/lh.pial...
reading input white surface /out/sourcedata/freesurfer/sub-v2s18x29499_ses-1/surf/lh.white...
INFO: using TH3 volume calc
INFO: assuming MGZ format for volumes.
INFO: not computing global stats
INFO: using ../label/lh.cortex.label as mask to calc cortex NumVert, SurfArea and MeanThickness.
Using TH3 vertex volume calc
Total face volume 296457
Total vertex volume 296220 (mask=0)
Saving annotation colortable ../label/aparc.annot.DKTatlas.ctab

table columns are:
    number of vertices
    total surface area (mm^2)
    total gray matter volume (mm^3)
    average cortical thickness +- standard deviation (mm)
    integrated rectified mean curvature
    integrated rectified Gaussian curvature
    folding index
    intrinsic curvature index
    structure name

 2149   1409   4403  2.668 0.747     0.104     0.019       21     1.6  caudalanteriorcingulate
 4515   3015   8811  2.706 0.451     0.107     0.017       36     3.3  caudalmiddlefrontal
 3650   2490   5417  2.084 0.494     0.132     0.026       42     3.9  cuneus
  461    286   1706  4.027 0.764     0.081     0.022        2     0.3  entorhinal
 5148   3461  11395  2.995 0.683     0.116     0.022       54     4.6  fusiform
 8024   5633  15591  2.540 0.467     0.122     0.022       90     7.5  inferiorparietal
 5953   4235  15248  3.054 0.693     0.124     0.024       69     5.8  inferiortemporal
 1678   1186   3130  2.415 0.922     0.125     0.032       20     2.0  isthmuscingulate
 8265   5745  15415  2.397 0.568     0.139     0.030      101    10.2  lateraloccipital
 4669   3353  10989  2.843 0.690     0.130     0.029       58     5.6  lateralorbitofrontal
 5865   4192   9841  2.208 0.669     0.137     0.030       70     7.7  lingual
 2357   1715   5419  2.652 0.774     0.127     0.033       34     3.0  medialorbitofrontal
 7742   5401  17593  2.872 0.587     0.111     0.020       73     6.4  middletemporal
 1291    784   3021  3.196 0.734     0.081     0.015        7     0.8  parahippocampal
 3043   1905   5522  2.678 0.601     0.089     0.015       17     2.0  paracentral
 2526   1756   5411  2.722 0.458     0.116     0.020       28     2.0  parsopercularis
 1149    765   2557  2.762 0.455     0.097     0.016        8     0.8  parsorbitalis
 2119   1470   4225  2.576 0.519     0.115     0.022       20     1.7  parstriangularis
 2609   1833   2914  1.872 0.490     0.134     0.030       28     3.4  pericalcarine
 7634   5006  12458  2.261 0.632     0.109     0.021       71     6.6  postcentral
 2260   1522   4216  2.622 0.779     0.112     0.020       23     2.0  posteriorcingulate
 8128   5258  15854  2.792 0.485     0.103     0.019       58     6.5  precentral
 6863   4743  12915  2.606 0.460     0.115     0.022       68     6.1  precuneus
 1531   1043   3548  2.784 0.789     0.109     0.025       13     1.6  rostralanteriorcingulate
 6531   4757  12937  2.402 0.528     0.129     0.027       84     7.5  rostralmiddlefrontal
13963   9849  31256  2.795 0.589     0.120     0.025      140    14.0  superiorfrontal
 6888   4602  12057  2.454 0.435     0.117     0.020       65     5.8  superiorparietal
 9654   6340  21230  2.999 0.542     0.101     0.019       81     8.3  superiortemporal
 6292   4429  12326  2.611 0.477     0.122     0.024       73     6.0  supramarginal
  834    549   1859  2.885 0.365     0.111     0.022        8     0.7  transversetemporal
 2866   2012   6954  3.435 0.743     0.116     0.027       28     3.4  insula
/out/sourcedata/freesurfer/sub-v2s18x29499_ses-1/label
#--------------------------------------------
#@# BA_exvivo Labels lh Wed Mar 11 16:13:03 CET 2026

 mri_label2label --srcsubject fsaverage --srclabel /out/sourcedata/freesurfer/fsaverage/label/lh.BA1_exvivo.label --trgsubject sub-v2s18x29499_ses-1 --trglabel ./lh.BA1_exvivo.label --hemi lh --regmethod surface 


srclabel = /out/sourcedata/freesurfer/fsaverage/label/lh.BA1_exvivo.label
srcsubject = fsaverage
trgsubject = sub-v2s18x29499_ses-1
trglabel = ./lh.BA1_exvivo.label
regmethod = surface

srchemi = lh
trghemi = lh
trgsurface = white
srcsurfreg = sphere.reg
trgsurfreg = sphere.reg
usehash = 1
Use ProjAbs  = 0, 0
Use ProjFrac = 0, 0
DoPaint 0

SUBJECTS_DIR    /out/sourcedata/freesurfer
FREESURFER_HOME /opt/freesurfer
Loading source label.
Found 4129 points in source label.
Starting surface-based mapping
Reading source registration 
 /out/sourcedata/freesurfer/fsaverage/surf/lh.sphere.reg
Rescaling ...  original radius = 100
Reading target surface 
 /out/sourcedata/freesurfer/sub-v2s18x29499_ses-1/surf/lh.white
Reading target registration 
 /out/sourcedata/freesurfer/sub-v2s18x29499_ses-1/surf/lh.sphere.reg
Rescaling ...  original radius = 100
Building target registration hash (res=16).
Building source registration hash (res=16).
INFO: found  4129 nlabel points
Performing mapping from target back to the source label 155811
Number of reverse mapping hits = 195
Checking for and removing duplicates
Writing label file ./lh.BA1_exvivo.label 4324
mri_label2label: Done


 mri_label2label --srcsubject fsaverage --srclabel /out/sourcedata/freesurfer/fsaverage/label/lh.BA2_exvivo.label --trgsubject sub-v2s18x29499_ses-1 --trglabel ./lh.BA2_exvivo.label --hemi lh --regmethod surface 


srclabel = /out/sourcedata/freesurfer/fsaverage/label/lh.BA2_exvivo.label
srcsubject = fsaverage
trgsubject = sub-v2s18x29499_ses-1
trglabel = ./lh.BA2_exvivo.label
regmethod = surface

srchemi = lh
trghemi = lh
trgsurface = white
srcsurfreg = sphere.reg
trgsurfreg = sphere.reg
usehash = 1
Use ProjAbs  = 0, 0
Use ProjFrac = 0, 0
DoPaint 0

SUBJECTS_DIR    /out/sourcedata/freesurfer
FREESURFER_HOME /opt/freesurfer
Loading source label.
Found 7909 points in source label.
Starting surface-based mapping
Reading source registration 
 /out/sourcedata/freesurfer/fsaverage/surf/lh.sphere.reg
Rescaling ...  original radius = 100
Reading target surface 
 /out/sourcedata/freesurfer/sub-v2s18x29499_ses-1/surf/lh.white
Reading target registration 
 /out/sourcedata/freesurfer/sub-v2s18x29499_ses-1/surf/lh.sphere.reg
Rescaling ...  original radius = 100
Building target registration hash (res=16).
Building source registration hash (res=16).
INFO: found  7909 nlabel points
Performing mapping from target back to the source label 155811
Number of reverse mapping hits = 323
Checking for and removing duplicates
Writing label file ./lh.BA2_exvivo.label 8232
mri_label2label: Done


 mri_label2label --srcsubject fsaverage --srclabel /out/sourcedata/freesurfer/fsaverage/label/lh.BA3a_exvivo.label --trgsubject sub-v2s18x29499_ses-1 --trglabel ./lh.BA3a_exvivo.label --hemi lh --regmethod surface 


srclabel = /out/sourcedata/freesurfer/fsaverage/label/lh.BA3a_exvivo.label
srcsubject = fsaverage
trgsubject = sub-v2s18x29499_ses-1
trglabel = ./lh.BA3a_exvivo.label
regmethod = surface

srchemi = lh
trghemi = lh
trgsurface = white
srcsurfreg = sphere.reg
trgsurfreg = sphere.reg
usehash = 1
Use ProjAbs  = 0, 0
Use ProjFrac = 0, 0
DoPaint 0

SUBJECTS_DIR    /out/sourcedata/freesurfer
FREESURFER_HOME /opt/freesurfer
Loading source label.
Found 4077 points in source label.
Starting surface-based mapping
Reading source registration 
 /out/sourcedata/freesurfer/fsaverage/surf/lh.sphere.reg
Rescaling ...  original radius = 100
Reading target surface 
 /out/sourcedata/freesurfer/sub-v2s18x29499_ses-1/surf/lh.white
Reading target registration 
 /out/sourcedata/freesurfer/sub-v2s18x29499_ses-1/surf/lh.sphere.reg
Rescaling ...  original radius = 100
Building target registration hash (res=16).
Building source registration hash (res=16).
INFO: found  4077 nlabel points
Performing mapping from target back to the source label 155811
Number of reverse mapping hits = 93
Checking for and removing duplicates
Writing label file ./lh.BA3a_exvivo.label 4170
mri_label2label: Done


 mri_label2label --srcsubject fsaverage --srclabel /out/sourcedata/freesurfer/fsaverage/label/lh.BA3b_exvivo.label --trgsubject sub-v2s18x29499_ses-1 --trglabel ./lh.BA3b_exvivo.label --hemi lh --regmethod surface 


srclabel = /out/sourcedata/freesurfer/fsaverage/label/lh.BA3b_exvivo.label
srcsubject = fsaverage
trgsubject = sub-v2s18x29499_ses-1
trglabel = ./lh.BA3b_exvivo.label
regmethod = surface

srchemi = lh
trghemi = lh
trgsurface = white
srcsurfreg = sphere.reg
trgsurfreg = sphere.reg
usehash = 1
Use ProjAbs  = 0, 0
Use ProjFrac = 0, 0
DoPaint 0

SUBJECTS_DIR    /out/sourcedata/freesurfer
FREESURFER_HOME /opt/freesurfer
Loading source label.
Found 5983 points in source label.
Starting surface-based mapping
Reading source registration 
 /out/sourcedata/freesurfer/fsaverage/surf/lh.sphere.reg
Rescaling ...  original radius = 100
Reading target surface 
 /out/sourcedata/freesurfer/sub-v2s18x29499_ses-1/surf/lh.white
Reading target registration 
 /out/sourcedata/freesurfer/sub-v2s18x29499_ses-1/surf/lh.sphere.reg
Rescaling ...  original radius = 100
Building target registration hash (res=16).
Building source registration hash (res=16).
INFO: found  5983 nlabel points
Performing mapping from target back to the source label 155811
Number of reverse mapping hits = 178
Checking for and removing duplicates
Writing label file ./lh.BA3b_exvivo.label 6161
mri_label2label: Done


 mri_label2label --srcsubject fsaverage --srclabel /out/sourcedata/freesurfer/fsaverage/label/lh.BA4a_exvivo.label --trgsubject sub-v2s18x29499_ses-1 --trglabel ./lh.BA4a_exvivo.label --hemi lh --regmethod surface 


srclabel = /out/sourcedata/freesurfer/fsaverage/label/lh.BA4a_exvivo.label
srcsubject = fsaverage
trgsubject = sub-v2s18x29499_ses-1
trglabel = ./lh.BA4a_exvivo.label
regmethod = surface

srchemi = lh
trghemi = lh
trgsurface = white
srcsurfreg = sphere.reg
trgsurfreg = sphere.reg
usehash = 1
Use ProjAbs  = 0, 0
Use ProjFrac = 0, 0
DoPaint 0

SUBJECTS_DIR    /out/sourcedata/freesurfer
FREESURFER_HOME /opt/freesurfer
Loading source label.
Found 5784 points in source label.
Starting surface-based mapping
Reading source registration 
 /out/sourcedata/freesurfer/fsaverage/surf/lh.sphere.reg
Rescaling ...  original radius = 100
Reading target surface 
 /out/sourcedata/freesurfer/sub-v2s18x29499_ses-1/surf/lh.white
Reading target registration 
 /out/sourcedata/freesurfer/sub-v2s18x29499_ses-1/surf/lh.sphere.reg
Rescaling ...  original radius = 100
Building target registration hash (res=16).
Building source registration hash (res=16).
INFO: found  5784 nlabel points
Performing mapping from target back to the source label 155811
Number of reverse mapping hits = 303
Checking for and removing duplicates
Writing label file ./lh.BA4a_exvivo.label 6087
mri_label2label: Done


 mri_label2label --srcsubject fsaverage --srclabel /out/sourcedata/freesurfer/fsaverage/label/lh.BA4p_exvivo.label --trgsubject sub-v2s18x29499_ses-1 --trglabel ./lh.BA4p_exvivo.label --hemi lh --regmethod surface 


srclabel = /out/sourcedata/freesurfer/fsaverage/label/lh.BA4p_exvivo.label
srcsubject = fsaverage
trgsubject = sub-v2s18x29499_ses-1
trglabel = ./lh.BA4p_exvivo.label
regmethod = surface

srchemi = lh
trghemi = lh
trgsurface = white
srcsurfreg = sphere.reg
trgsurfreg = sphere.reg
usehash = 1
Use ProjAbs  = 0, 0
Use ProjFrac = 0, 0
DoPaint 0

SUBJECTS_DIR    /out/sourcedata/freesurfer
FREESURFER_HOME /opt/freesurfer
Loading source label.
Found 4070 points in source label.
Starting surface-based mapping
Reading source registration 
 /out/sourcedata/freesurfer/fsaverage/surf/lh.sphere.reg
Rescaling ...  original radius = 100
Reading target surface 
 /out/sourcedata/freesurfer/sub-v2s18x29499_ses-1/surf/lh.white
Reading target registration 
 /out/sourcedata/freesurfer/sub-v2s18x29499_ses-1/surf/lh.sphere.reg
Rescaling ...  original radius = 100
Building target registration hash (res=16).
Building source registration hash (res=16).
INFO: found  4070 nlabel points
Performing mapping from target back to the source label 155811
Number of reverse mapping hits = 148
Checking for and removing duplicates
Writing label file ./lh.BA4p_exvivo.label 4218
mri_label2label: Done


 mri_label2label --srcsubject fsaverage --srclabel /out/sourcedata/freesurfer/fsaverage/label/lh.BA6_exvivo.label --trgsubject sub-v2s18x29499_ses-1 --trglabel ./lh.BA6_exvivo.label --hemi lh --regmethod surface 


srclabel = /out/sourcedata/freesurfer/fsaverage/label/lh.BA6_exvivo.label
srcsubject = fsaverage
trgsubject = sub-v2s18x29499_ses-1
trglabel = ./lh.BA6_exvivo.label
regmethod = surface

srchemi = lh
trghemi = lh
trgsurface = white
srcsurfreg = sphere.reg
trgsurfreg = sphere.reg
usehash = 1
Use ProjAbs  = 0, 0
Use ProjFrac = 0, 0
DoPaint 0

SUBJECTS_DIR    /out/sourcedata/freesurfer
FREESURFER_HOME /opt/freesurfer
Loading source label.
Found 13589 points in source label.
Starting surface-based mapping
Reading source registration 
 /out/sourcedata/freesurfer/fsaverage/surf/lh.sphere.reg
Rescaling ...  original radius = 100
Reading target surface 
 /out/sourcedata/freesurfer/sub-v2s18x29499_ses-1/surf/lh.white
Reading target registration 
 /out/sourcedata/freesurfer/sub-v2s18x29499_ses-1/surf/lh.sphere.reg
Rescaling ...  original radius = 100
Building target registration hash (res=16).
Building source registration hash (res=16).
INFO: found  13589 nlabel points
Performing mapping from target back to the source label 155811
Number of reverse mapping hits = 1471
Checking for and removing duplicates
Writing label file ./lh.BA6_exvivo.label 15060
mri_label2label: Done


 mri_label2label --srcsubject fsaverage --srclabel /out/sourcedata/freesurfer/fsaverage/label/lh.BA44_exvivo.label --trgsubject sub-v2s18x29499_ses-1 --trglabel ./lh.BA44_exvivo.label --hemi lh --regmethod surface 


srclabel = /out/sourcedata/freesurfer/fsaverage/label/lh.BA44_exvivo.label
srcsubject = fsaverage
trgsubject = sub-v2s18x29499_ses-1
trglabel = ./lh.BA44_exvivo.label
regmethod = surface

srchemi = lh
trghemi = lh
trgsurface = white
srcsurfreg = sphere.reg
trgsurfreg = sphere.reg
usehash = 1
Use ProjAbs  = 0, 0
Use ProjFrac = 0, 0
DoPaint 0

SUBJECTS_DIR    /out/sourcedata/freesurfer
FREESURFER_HOME /opt/freesurfer
Loading source label.
Found 4181 points in source label.
Starting surface-based mapping
Reading source registration 
 /out/sourcedata/freesurfer/fsaverage/surf/lh.sphere.reg
Rescaling ...  original radius = 100
Reading target surface 
 /out/sourcedata/freesurfer/sub-v2s18x29499_ses-1/surf/lh.white
Reading target registration 
 /out/sourcedata/freesurfer/sub-v2s18x29499_ses-1/surf/lh.sphere.reg
Rescaling ...  original radius = 100
Building target registration hash (res=16).
Building source registration hash (res=16).
INFO: found  4181 nlabel points
Performing mapping from target back to the source label 155811
Number of reverse mapping hits = 398
Checking for and removing duplicates
Writing label file ./lh.BA44_exvivo.label 4579
mri_label2label: Done


 mri_label2label --srcsubject fsaverage --srclabel /out/sourcedata/freesurfer/fsaverage/label/lh.BA45_exvivo.label --trgsubject sub-v2s18x29499_ses-1 --trglabel ./lh.BA45_exvivo.label --hemi lh --regmethod surface 


srclabel = /out/sourcedata/freesurfer/fsaverage/label/lh.BA45_exvivo.label
srcsubject = fsaverage
trgsubject = sub-v2s18x29499_ses-1
trglabel = ./lh.BA45_exvivo.label
regmethod = surface

srchemi = lh
trghemi = lh
trgsurface = white
srcsurfreg = sphere.reg
trgsurfreg = sphere.reg
usehash = 1
Use ProjAbs  = 0, 0
Use ProjFrac = 0, 0
DoPaint 0

SUBJECTS_DIR    /out/sourcedata/freesurfer
FREESURFER_HOME /opt/freesurfer
Loading source label.
Found 3422 points in source label.
Starting surface-based mapping
Reading source registration 
 /out/sourcedata/freesurfer/fsaverage/surf/lh.sphere.reg
Rescaling ...  original radius = 100
Reading target surface 
 /out/sourcedata/freesurfer/sub-v2s18x29499_ses-1/surf/lh.white
Reading target registration 
 /out/sourcedata/freesurfer/sub-v2s18x29499_ses-1/surf/lh.sphere.reg
Rescaling ...  original radius = 100
Building target registration hash (res=16).
Building source registration hash (res=16).
INFO: found  3422 nlabel points
Performing mapping from target back to the source label 155811
Number of reverse mapping hits = 281
Checking for and removing duplicates
Writing label file ./lh.BA45_exvivo.label 3703
mri_label2label: Done


 mri_label2label --srcsubject fsaverage --srclabel /out/sourcedata/freesurfer/fsaverage/label/lh.V1_exvivo.label --trgsubject sub-v2s18x29499_ses-1 --trglabel ./lh.V1_exvivo.label --hemi lh --regmethod surface 


srclabel = /out/sourcedata/freesurfer/fsaverage/label/lh.V1_exvivo.label
srcsubject = fsaverage
trgsubject = sub-v2s18x29499_ses-1
trglabel = ./lh.V1_exvivo.label
regmethod = surface

srchemi = lh
trghemi = lh
trgsurface = white
srcsurfreg = sphere.reg
trgsurfreg = sphere.reg
usehash = 1
Use ProjAbs  = 0, 0
Use ProjFrac = 0, 0
DoPaint 0

SUBJECTS_DIR    /out/sourcedata/freesurfer
FREESURFER_HOME /opt/freesurfer
Loading source label.
Found 4641 points in source label.
Starting surface-based mapping
Reading source registration 
 /out/sourcedata/freesurfer/fsaverage/surf/lh.sphere.reg
Rescaling ...  original radius = 100
Reading target surface 
 /out/sourcedata/freesurfer/sub-v2s18x29499_ses-1/surf/lh.white
Reading target registration 
 /out/sourcedata/freesurfer/sub-v2s18x29499_ses-1/surf/lh.sphere.reg
Rescaling ...  original radius = 100
Building target registration hash (res=16).
Building source registration hash (res=16).
INFO: found  4641 nlabel points
Performing mapping from target back to the source label 155811
Number of reverse mapping hits = 1954
Checking for and removing duplicates
Writing label file ./lh.V1_exvivo.label 6595
mri_label2label: Done


 mri_label2label --srcsubject fsaverage --srclabel /out/sourcedata/freesurfer/fsaverage/label/lh.V2_exvivo.label --trgsubject sub-v2s18x29499_ses-1 --trglabel ./lh.V2_exvivo.label --hemi lh --regmethod surface 


srclabel = /out/sourcedata/freesurfer/fsaverage/label/lh.V2_exvivo.label
srcsubject = fsaverage
trgsubject = sub-v2s18x29499_ses-1
trglabel = ./lh.V2_exvivo.label
regmethod = surface

srchemi = lh
trghemi = lh
trgsurface = white
srcsurfreg = sphere.reg
trgsurfreg = sphere.reg
usehash = 1
Use ProjAbs  = 0, 0
Use ProjFrac = 0, 0
DoPaint 0

SUBJECTS_DIR    /out/sourcedata/freesurfer
FREESURFER_HOME /opt/freesurfer
Loading source label.
Found 8114 points in source label.
Starting surface-based mapping
Reading source registration 
 /out/sourcedata/freesurfer/fsaverage/surf/lh.sphere.reg
Rescaling ...  original radius = 100
Reading target surface 
 /out/sourcedata/freesurfer/sub-v2s18x29499_ses-1/surf/lh.white
Reading target registration 
 /out/sourcedata/freesurfer/sub-v2s18x29499_ses-1/surf/lh.sphere.reg
Rescaling ...  original radius = 100
Building target registration hash (res=16).
Building source registration hash (res=16).
INFO: found  8114 nlabel points
Performing mapping from target back to the source label 155811
Number of reverse mapping hits = 3428
Checking for and removing duplicates
Writing label file ./lh.V2_exvivo.label 11542
mri_label2label: Done


 mri_label2label --srcsubject fsaverage --srclabel /out/sourcedata/freesurfer/fsaverage/label/lh.MT_exvivo.label --trgsubject sub-v2s18x29499_ses-1 --trglabel ./lh.MT_exvivo.label --hemi lh --regmethod surface 


srclabel = /out/sourcedata/freesurfer/fsaverage/label/lh.MT_exvivo.label
srcsubject = fsaverage
trgsubject = sub-v2s18x29499_ses-1
trglabel = ./lh.MT_exvivo.label
regmethod = surface

srchemi = lh
trghemi = lh
trgsurface = white
srcsurfreg = sphere.reg
trgsurfreg = sphere.reg
usehash = 1
Use ProjAbs  = 0, 0
Use ProjFrac = 0, 0
DoPaint 0

SUBJECTS_DIR    /out/sourcedata/freesurfer
FREESURFER_HOME /opt/freesurfer
Loading source label.
Found 2018 points in source label.
Starting surface-based mapping
Reading source registration 
 /out/sourcedata/freesurfer/fsaverage/surf/lh.sphere.reg
Rescaling ...  original radius = 100
Reading target surface 
 /out/sourcedata/freesurfer/sub-v2s18x29499_ses-1/surf/lh.white
Reading target registration 
 /out/sourcedata/freesurfer/sub-v2s18x29499_ses-1/surf/lh.sphere.reg
Rescaling ...  original radius = 100
Building target registration hash (res=16).
Building source registration hash (res=16).
INFO: found  2018 nlabel points
Performing mapping from target back to the source label 155811
Number of reverse mapping hits = 443
Checking for and removing duplicates
Writing label file ./lh.MT_exvivo.label 2461
mri_label2label: Done


 mri_label2label --srcsubject fsaverage --srclabel /out/sourcedata/freesurfer/fsaverage/label/lh.entorhinal_exvivo.label --trgsubject sub-v2s18x29499_ses-1 --trglabel ./lh.entorhinal_exvivo.label --hemi lh --regmethod surface 


srclabel = /out/sourcedata/freesurfer/fsaverage/label/lh.entorhinal_exvivo.label
srcsubject = fsaverage
trgsubject = sub-v2s18x29499_ses-1
trglabel = ./lh.entorhinal_exvivo.label
regmethod = surface

srchemi = lh
trghemi = lh
trgsurface = white
srcsurfreg = sphere.reg
trgsurfreg = sphere.reg
usehash = 1
Use ProjAbs  = 0, 0
Use ProjFrac = 0, 0
DoPaint 0

SUBJECTS_DIR    /out/sourcedata/freesurfer
FREESURFER_HOME /opt/freesurfer
Loading source label.
Found 1290 points in source label.
Starting surface-based mapping
Reading source registration 
 /out/sourcedata/freesurfer/fsaverage/surf/lh.sphere.reg
Rescaling ...  original radius = 100
Reading target surface 
 /out/sourcedata/freesurfer/sub-v2s18x29499_ses-1/surf/lh.white
Reading target registration 
 /out/sourcedata/freesurfer/sub-v2s18x29499_ses-1/surf/lh.sphere.reg
Rescaling ...  original radius = 100
Building target registration hash (res=16).
Building source registration hash (res=16).
INFO: found  1290 nlabel points
Performing mapping from target back to the source label 155811
Number of reverse mapping hits = 113
Checking for and removing duplicates
Writing label file ./lh.entorhinal_exvivo.label 1403
mri_label2label: Done


 mri_label2label --srcsubject fsaverage --srclabel /out/sourcedata/freesurfer/fsaverage/label/lh.perirhinal_exvivo.label --trgsubject sub-v2s18x29499_ses-1 --trglabel ./lh.perirhinal_exvivo.label --hemi lh --regmethod surface 


srclabel = /out/sourcedata/freesurfer/fsaverage/label/lh.perirhinal_exvivo.label
srcsubject = fsaverage
trgsubject = sub-v2s18x29499_ses-1
trglabel = ./lh.perirhinal_exvivo.label
regmethod = surface

srchemi = lh
trghemi = lh
trgsurface = white
srcsurfreg = sphere.reg
trgsurfreg = sphere.reg
usehash = 1
Use ProjAbs  = 0, 0
Use ProjFrac = 0, 0
DoPaint 0

SUBJECTS_DIR    /out/sourcedata/freesurfer
FREESURFER_HOME /opt/freesurfer
Loading source label.
Found 1199 points in source label.
Starting surface-based mapping
Reading source registration 
 /out/sourcedata/freesurfer/fsaverage/surf/lh.sphere.reg
Rescaling ...  original radius = 100
Reading target surface 
 /out/sourcedata/freesurfer/sub-v2s18x29499_ses-1/surf/lh.white
Reading target registration 
 /out/sourcedata/freesurfer/sub-v2s18x29499_ses-1/surf/lh.sphere.reg
Rescaling ...  original radius = 100
Building target registration hash (res=16).
Building source registration hash (res=16).
INFO: found  1199 nlabel points
Performing mapping from target back to the source label 155811
Number of reverse mapping hits = 34
Checking for and removing duplicates
Writing label file ./lh.perirhinal_exvivo.label 1233
mri_label2label: Done


 mri_label2label --srcsubject fsaverage --srclabel /out/sourcedata/freesurfer/fsaverage/label/lh.FG1.mpm.vpnl.label --trgsubject sub-v2s18x29499_ses-1 --trglabel ./lh.FG1.mpm.vpnl.label --hemi lh --regmethod surface 


srclabel = /out/sourcedata/freesurfer/fsaverage/label/lh.FG1.mpm.vpnl.label
srcsubject = fsaverage
trgsubject = sub-v2s18x29499_ses-1
trglabel = ./lh.FG1.mpm.vpnl.label
regmethod = surface

srchemi = lh
trghemi = lh
trgsurface = white
srcsurfreg = sphere.reg
trgsurfreg = sphere.reg
usehash = 1
Use ProjAbs  = 0, 0
Use ProjFrac = 0, 0
DoPaint 0

SUBJECTS_DIR    /out/sourcedata/freesurfer
FREESURFER_HOME /opt/freesurfer
Loading source label.
Found 414 points in source label.
Starting surface-based mapping
Reading source registration 
 /out/sourcedata/freesurfer/fsaverage/surf/lh.sphere.reg
Rescaling ...  original radius = 100
Reading target surface 
 /out/sourcedata/freesurfer/sub-v2s18x29499_ses-1/surf/lh.white
Reading target registration 
 /out/sourcedata/freesurfer/sub-v2s18x29499_ses-1/surf/lh.sphere.reg
Rescaling ...  original radius = 100
Building target registration hash (res=16).
Building source registration hash (res=16).
INFO: found  414 nlabel points
Performing mapping from target back to the source label 155811
Number of reverse mapping hits = 260
Checking for and removing duplicates
Writing label file ./lh.FG1.mpm.vpnl.label 674
mri_label2label: Done


 mri_label2label --srcsubject fsaverage --srclabel /out/sourcedata/freesurfer/fsaverage/label/lh.FG2.mpm.vpnl.label --trgsubject sub-v2s18x29499_ses-1 --trglabel ./lh.FG2.mpm.vpnl.label --hemi lh --regmethod surface 


srclabel = /out/sourcedata/freesurfer/fsaverage/label/lh.FG2.mpm.vpnl.label
srcsubject = fsaverage
trgsubject = sub-v2s18x29499_ses-1
trglabel = ./lh.FG2.mpm.vpnl.label
regmethod = surface

srchemi = lh
trghemi = lh
trgsurface = white
srcsurfreg = sphere.reg
trgsurfreg = sphere.reg
usehash = 1
Use ProjAbs  = 0, 0
Use ProjFrac = 0, 0
DoPaint 0

SUBJECTS_DIR    /out/sourcedata/freesurfer
FREESURFER_HOME /opt/freesurfer
Loading source label.
Found 703 points in source label.
Starting surface-based mapping
Reading source registration 
 /out/sourcedata/freesurfer/fsaverage/surf/lh.sphere.reg
Rescaling ...  original radius = 100
Reading target surface 
 /out/sourcedata/freesurfer/sub-v2s18x29499_ses-1/surf/lh.white
Reading target registration 
 /out/sourcedata/freesurfer/sub-v2s18x29499_ses-1/surf/lh.sphere.reg
Rescaling ...  original radius = 100
Building target registration hash (res=16).
Building source registration hash (res=16).
INFO: found  703 nlabel points
Performing mapping from target back to the source label 155811
Number of reverse mapping hits = 320
Checking for and removing duplicates
Writing label file ./lh.FG2.mpm.vpnl.label 1023
mri_label2label: Done


 mri_label2label --srcsubject fsaverage --srclabel /out/sourcedata/freesurfer/fsaverage/label/lh.FG3.mpm.vpnl.label --trgsubject sub-v2s18x29499_ses-1 --trglabel ./lh.FG3.mpm.vpnl.label --hemi lh --regmethod surface 


srclabel = /out/sourcedata/freesurfer/fsaverage/label/lh.FG3.mpm.vpnl.label
srcsubject = fsaverage
trgsubject = sub-v2s18x29499_ses-1
trglabel = ./lh.FG3.mpm.vpnl.label
regmethod = surface

srchemi = lh
trghemi = lh
trgsurface = white
srcsurfreg = sphere.reg
trgsurfreg = sphere.reg
usehash = 1
Use ProjAbs  = 0, 0
Use ProjFrac = 0, 0
DoPaint 0

SUBJECTS_DIR    /out/sourcedata/freesurfer
FREESURFER_HOME /opt/freesurfer
Loading source label.
Found 1873 points in source label.
Starting surface-based mapping
Reading source registration 
 /out/sourcedata/freesurfer/fsaverage/surf/lh.sphere.reg
Rescaling ...  original radius = 100
Reading target surface 
 /out/sourcedata/freesurfer/sub-v2s18x29499_ses-1/surf/lh.white
Reading target registration 
 /out/sourcedata/freesurfer/sub-v2s18x29499_ses-1/surf/lh.sphere.reg
Rescaling ...  original radius = 100
Building target registration hash (res=16).
Building source registration hash (res=16).
INFO: found  1873 nlabel points
Performing mapping from target back to the source label 155811
Number of reverse mapping hits = 353
Checking for and removing duplicates
Writing label file ./lh.FG3.mpm.vpnl.label 2226
mri_label2label: Done


 mri_label2label --srcsubject fsaverage --srclabel /out/sourcedata/freesurfer/fsaverage/label/lh.FG4.mpm.vpnl.label --trgsubject sub-v2s18x29499_ses-1 --trglabel ./lh.FG4.mpm.vpnl.label --hemi lh --regmethod surface 


srclabel = /out/sourcedata/freesurfer/fsaverage/label/lh.FG4.mpm.vpnl.label
srcsubject = fsaverage
trgsubject = sub-v2s18x29499_ses-1
trglabel = ./lh.FG4.mpm.vpnl.label
regmethod = surface

srchemi = lh
trghemi = lh
trgsurface = white
srcsurfreg = sphere.reg
trgsurfreg = sphere.reg
usehash = 1
Use ProjAbs  = 0, 0
Use ProjFrac = 0, 0
DoPaint 0

SUBJECTS_DIR    /out/sourcedata/freesurfer
FREESURFER_HOME /opt/freesurfer
Loading source label.
Found 2101 points in source label.
Starting surface-based mapping
Reading source registration 
 /out/sourcedata/freesurfer/fsaverage/surf/lh.sphere.reg
Rescaling ...  original radius = 100
Reading target surface 
 /out/sourcedata/freesurfer/sub-v2s18x29499_ses-1/surf/lh.white
Reading target registration 
 /out/sourcedata/freesurfer/sub-v2s18x29499_ses-1/surf/lh.sphere.reg
Rescaling ...  original radius = 100
Building target registration hash (res=16).
Building source registration hash (res=16).
INFO: found  2101 nlabel points
Performing mapping from target back to the source label 155811
Number of reverse mapping hits = 724
Checking for and removing duplicates
Writing label file ./lh.FG4.mpm.vpnl.label 2825
mri_label2label: Done


 mri_label2label --srcsubject fsaverage --srclabel /out/sourcedata/freesurfer/fsaverage/label/lh.hOc1.mpm.vpnl.label --trgsubject sub-v2s18x29499_ses-1 --trglabel ./lh.hOc1.mpm.vpnl.label --hemi lh --regmethod surface 


srclabel = /out/sourcedata/freesurfer/fsaverage/label/lh.hOc1.mpm.vpnl.label
srcsubject = fsaverage
trgsubject = sub-v2s18x29499_ses-1
trglabel = ./lh.hOc1.mpm.vpnl.label
regmethod = surface

srchemi = lh
trghemi = lh
trgsurface = white
srcsurfreg = sphere.reg
trgsurfreg = sphere.reg
usehash = 1
Use ProjAbs  = 0, 0
Use ProjFrac = 0, 0
DoPaint 0

SUBJECTS_DIR    /out/sourcedata/freesurfer
FREESURFER_HOME /opt/freesurfer
Loading source label.
Found 3877 points in source label.
Starting surface-based mapping
Reading source registration 
 /out/sourcedata/freesurfer/fsaverage/surf/lh.sphere.reg
Rescaling ...  original radius = 100
Reading target surface 
 /out/sourcedata/freesurfer/sub-v2s18x29499_ses-1/surf/lh.white
Reading target registration 
 /out/sourcedata/freesurfer/sub-v2s18x29499_ses-1/surf/lh.sphere.reg
Rescaling ...  original radius = 100
Building target registration hash (res=16).
Building source registration hash (res=16).
INFO: found  3877 nlabel points
Performing mapping from target back to the source label 155811
Number of reverse mapping hits = 1685
Checking for and removing duplicates
Writing label file ./lh.hOc1.mpm.vpnl.label 5562
mri_label2label: Done


 mri_label2label --srcsubject fsaverage --srclabel /out/sourcedata/freesurfer/fsaverage/label/lh.hOc2.mpm.vpnl.label --trgsubject sub-v2s18x29499_ses-1 --trglabel ./lh.hOc2.mpm.vpnl.label --hemi lh --regmethod surface 


srclabel = /out/sourcedata/freesurfer/fsaverage/label/lh.hOc2.mpm.vpnl.label
srcsubject = fsaverage
trgsubject = sub-v2s18x29499_ses-1
trglabel = ./lh.hOc2.mpm.vpnl.label
regmethod = surface

srchemi = lh
trghemi = lh
trgsurface = white
srcsurfreg = sphere.reg
trgsurfreg = sphere.reg
usehash = 1
Use ProjAbs  = 0, 0
Use ProjFrac = 0, 0
DoPaint 0

SUBJECTS_DIR    /out/sourcedata/freesurfer
FREESURFER_HOME /opt/freesurfer
Loading source label.
Found 2919 points in source label.
Starting surface-based mapping
Reading source registration 
 /out/sourcedata/freesurfer/fsaverage/surf/lh.sphere.reg
Rescaling ...  original radius = 100
Reading target surface 
 /out/sourcedata/freesurfer/sub-v2s18x29499_ses-1/surf/lh.white
Reading target registration 
 /out/sourcedata/freesurfer/sub-v2s18x29499_ses-1/surf/lh.sphere.reg
Rescaling ...  original radius = 100
Building target registration hash (res=16).
Building source registration hash (res=16).
INFO: found  2919 nlabel points
Performing mapping from target back to the source label 155811
Number of reverse mapping hits = 1315
Checking for and removing duplicates
Writing label file ./lh.hOc2.mpm.vpnl.label 4234
mri_label2label: Done


 mri_label2label --srcsubject fsaverage --srclabel /out/sourcedata/freesurfer/fsaverage/label/lh.hOc3v.mpm.vpnl.label --trgsubject sub-v2s18x29499_ses-1 --trglabel ./lh.hOc3v.mpm.vpnl.label --hemi lh --regmethod surface 


srclabel = /out/sourcedata/freesurfer/fsaverage/label/lh.hOc3v.mpm.vpnl.label
srcsubject = fsaverage
trgsubject = sub-v2s18x29499_ses-1
trglabel = ./lh.hOc3v.mpm.vpnl.label
regmethod = surface

srchemi = lh
trghemi = lh
trgsurface = white
srcsurfreg = sphere.reg
trgsurfreg = sphere.reg
usehash = 1
Use ProjAbs  = 0, 0
Use ProjFrac = 0, 0
DoPaint 0

SUBJECTS_DIR    /out/sourcedata/freesurfer
FREESURFER_HOME /opt/freesurfer
Loading source label.
Found 1286 points in source label.
Starting surface-based mapping
Reading source registration 
 /out/sourcedata/freesurfer/fsaverage/surf/lh.sphere.reg
Rescaling ...  original radius = 100
Reading target surface 
 /out/sourcedata/freesurfer/sub-v2s18x29499_ses-1/surf/lh.white
Reading target registration 
 /out/sourcedata/freesurfer/sub-v2s18x29499_ses-1/surf/lh.sphere.reg
Rescaling ...  original radius = 100
Building target registration hash (res=16).
Building source registration hash (res=16).
INFO: found  1286 nlabel points
Performing mapping from target back to the source label 155811
Number of reverse mapping hits = 720
Checking for and removing duplicates
Writing label file ./lh.hOc3v.mpm.vpnl.label 2006
mri_label2label: Done


 mri_label2label --srcsubject fsaverage --srclabel /out/sourcedata/freesurfer/fsaverage/label/lh.hOc4v.mpm.vpnl.label --trgsubject sub-v2s18x29499_ses-1 --trglabel ./lh.hOc4v.mpm.vpnl.label --hemi lh --regmethod surface 


srclabel = /out/sourcedata/freesurfer/fsaverage/label/lh.hOc4v.mpm.vpnl.label
srcsubject = fsaverage
trgsubject = sub-v2s18x29499_ses-1
trglabel = ./lh.hOc4v.mpm.vpnl.label
regmethod = surface

srchemi = lh
trghemi = lh
trgsurface = white
srcsurfreg = sphere.reg
trgsurfreg = sphere.reg
usehash = 1
Use ProjAbs  = 0, 0
Use ProjFrac = 0, 0
DoPaint 0

SUBJECTS_DIR    /out/sourcedata/freesurfer
FREESURFER_HOME /opt/freesurfer
Loading source label.
Found 1006 points in source label.
Starting surface-based mapping
Reading source registration 
 /out/sourcedata/freesurfer/fsaverage/surf/lh.sphere.reg
Rescaling ...  original radius = 100
Reading target surface 
 /out/sourcedata/freesurfer/sub-v2s18x29499_ses-1/surf/lh.white
Reading target registration 
 /out/sourcedata/freesurfer/sub-v2s18x29499_ses-1/surf/lh.sphere.reg
Rescaling ...  original radius = 100
Building target registration hash (res=16).
Building source registration hash (res=16).
INFO: found  1006 nlabel points
Performing mapping from target back to the source label 155811
Number of reverse mapping hits = 541
Checking for and removing duplicates
Writing label file ./lh.hOc4v.mpm.vpnl.label 1547
mri_label2label: Done


 mris_label2annot --s sub-v2s18x29499_ses-1 --ctab /opt/freesurfer/average/colortable_vpnl.txt --hemi lh --a mpm.vpnl --maxstatwinner --noverbose --l lh.FG1.mpm.vpnl.label --l lh.FG2.mpm.vpnl.label --l lh.FG3.mpm.vpnl.label --l lh.FG4.mpm.vpnl.label --l lh.hOc1.mpm.vpnl.label --l lh.hOc2.mpm.vpnl.label --l lh.hOc3v.mpm.vpnl.label --l lh.hOc4v.mpm.vpnl.label 

Reading ctab /opt/freesurfer/average/colortable_vpnl.txt
Number of ctab entries 9

7.3.2
cwd /out/sourcedata/freesurfer/sub-v2s18x29499_ses-1/label
cmdline mris_label2annot --s sub-v2s18x29499_ses-1 --ctab /opt/freesurfer/average/colortable_vpnl.txt --hemi lh --a mpm.vpnl --maxstatwinner --noverbose --l lh.FG1.mpm.vpnl.label --l lh.FG2.mpm.vpnl.label --l lh.FG3.mpm.vpnl.label --l lh.FG4.mpm.vpnl.label --l lh.hOc1.mpm.vpnl.label --l lh.hOc2.mpm.vpnl.label --l lh.hOc3v.mpm.vpnl.label --l lh.hOc4v.mpm.vpnl.label 
sysname  Linux
hostname dna018
machine  x86_64
user     oesteban

subject sub-v2s18x29499_ses-1
hemi    lh
SUBJECTS_DIR /out/sourcedata/freesurfer
ColorTable /opt/freesurfer/average/colortable_vpnl.txt
AnnotName  mpm.vpnl
nlables 8
LabelThresh 0 0.000000
Loading /out/sourcedata/freesurfer/sub-v2s18x29499_ses-1/surf/lh.orig
 1 1376057 FG1
 2 16711935 FG2
 3 16711680 FG3
 4 1705837 FG4
 5 25600 hOc1
 6 255 hOc2
 7 16776960 hOc3v
 8 65535 hOc4v
Mapping unhit to unknown
Found 136494 unhit vertices
Writing annot to /out/sourcedata/freesurfer/sub-v2s18x29499_ses-1/label/lh.mpm.vpnl.annot

 mri_label2label --srcsubject fsaverage --srclabel /out/sourcedata/freesurfer/fsaverage/label/lh.BA1_exvivo.thresh.label --trgsubject sub-v2s18x29499_ses-1 --trglabel ./lh.BA1_exvivo.thresh.label --hemi lh --regmethod surface 


srclabel = /out/sourcedata/freesurfer/fsaverage/label/lh.BA1_exvivo.thresh.label
srcsubject = fsaverage
trgsubject = sub-v2s18x29499_ses-1
trglabel = ./lh.BA1_exvivo.thresh.label
regmethod = surface

srchemi = lh
trghemi = lh
trgsurface = white
srcsurfreg = sphere.reg
trgsurfreg = sphere.reg
usehash = 1
Use ProjAbs  = 0, 0
Use ProjFrac = 0, 0
DoPaint 0

SUBJECTS_DIR    /out/sourcedata/freesurfer
FREESURFER_HOME /opt/freesurfer
Loading source label.
Found 1014 points in source label.
Starting surface-based mapping
Reading source registration 
 /out/sourcedata/freesurfer/fsaverage/surf/lh.sphere.reg
Rescaling ...  original radius = 100
Reading target surface 
 /out/sourcedata/freesurfer/sub-v2s18x29499_ses-1/surf/lh.white
Reading target registration 
 /out/sourcedata/freesurfer/sub-v2s18x29499_ses-1/surf/lh.sphere.reg
Rescaling ...  original radius = 100
Building target registration hash (res=16).
Building source registration hash (res=16).
INFO: found  1014 nlabel points
Performing mapping from target back to the source label 155811
Number of reverse mapping hits = 72
Checking for and removing duplicates
Writing label file ./lh.BA1_exvivo.thresh.label 1086
mri_label2label: Done


 mri_label2label --srcsubject fsaverage --srclabel /out/sourcedata/freesurfer/fsaverage/label/lh.BA2_exvivo.thresh.label --trgsubject sub-v2s18x29499_ses-1 --trglabel ./lh.BA2_exvivo.thresh.label --hemi lh --regmethod surface 


srclabel = /out/sourcedata/freesurfer/fsaverage/label/lh.BA2_exvivo.thresh.label
srcsubject = fsaverage
trgsubject = sub-v2s18x29499_ses-1
trglabel = ./lh.BA2_exvivo.thresh.label
regmethod = surface

srchemi = lh
trghemi = lh
trgsurface = white
srcsurfreg = sphere.reg
trgsurfreg = sphere.reg
usehash = 1
Use ProjAbs  = 0, 0
Use ProjFrac = 0, 0
DoPaint 0

SUBJECTS_DIR    /out/sourcedata/freesurfer
FREESURFER_HOME /opt/freesurfer
Loading source label.
Found 2092 points in source label.
Starting surface-based mapping
Reading source registration 
 /out/sourcedata/freesurfer/fsaverage/surf/lh.sphere.reg
Rescaling ...  original radius = 100
Reading target surface 
 /out/sourcedata/freesurfer/sub-v2s18x29499_ses-1/surf/lh.white
Reading target registration 
 /out/sourcedata/freesurfer/sub-v2s18x29499_ses-1/surf/lh.sphere.reg
Rescaling ...  original radius = 100
Building target registration hash (res=16).
Building source registration hash (res=16).
INFO: found  2092 nlabel points
Performing mapping from target back to the source label 155811
Number of reverse mapping hits = 181
Checking for and removing duplicates
Writing label file ./lh.BA2_exvivo.thresh.label 2273
mri_label2label: Done


 mri_label2label --srcsubject fsaverage --srclabel /out/sourcedata/freesurfer/fsaverage/label/lh.BA3a_exvivo.thresh.label --trgsubject sub-v2s18x29499_ses-1 --trglabel ./lh.BA3a_exvivo.thresh.label --hemi lh --regmethod surface 


srclabel = /out/sourcedata/freesurfer/fsaverage/label/lh.BA3a_exvivo.thresh.label
srcsubject = fsaverage
trgsubject = sub-v2s18x29499_ses-1
trglabel = ./lh.BA3a_exvivo.thresh.label
regmethod = surface

srchemi = lh
trghemi = lh
trgsurface = white
srcsurfreg = sphere.reg
trgsurfreg = sphere.reg
usehash = 1
Use ProjAbs  = 0, 0
Use ProjFrac = 0, 0
DoPaint 0

SUBJECTS_DIR    /out/sourcedata/freesurfer
FREESURFER_HOME /opt/freesurfer
Loading source label.
Found 1504 points in source label.
Starting surface-based mapping
Reading source registration 
 /out/sourcedata/freesurfer/fsaverage/surf/lh.sphere.reg
Rescaling ...  original radius = 100
Reading target surface 
 /out/sourcedata/freesurfer/sub-v2s18x29499_ses-1/surf/lh.white
Reading target registration 
 /out/sourcedata/freesurfer/sub-v2s18x29499_ses-1/surf/lh.sphere.reg
Rescaling ...  original radius = 100
Building target registration hash (res=16).
Building source registration hash (res=16).
INFO: found  1504 nlabel points
Performing mapping from target back to the source label 155811
Number of reverse mapping hits = 30
Checking for and removing duplicates
Writing label file ./lh.BA3a_exvivo.thresh.label 1534
mri_label2label: Done


 mri_label2label --srcsubject fsaverage --srclabel /out/sourcedata/freesurfer/fsaverage/label/lh.BA3b_exvivo.thresh.label --trgsubject sub-v2s18x29499_ses-1 --trglabel ./lh.BA3b_exvivo.thresh.label --hemi lh --regmethod surface 


srclabel = /out/sourcedata/freesurfer/fsaverage/label/lh.BA3b_exvivo.thresh.label
srcsubject = fsaverage
trgsubject = sub-v2s18x29499_ses-1
trglabel = ./lh.BA3b_exvivo.thresh.label
regmethod = surface

srchemi = lh
trghemi = lh
trgsurface = white
srcsurfreg = sphere.reg
trgsurfreg = sphere.reg
usehash = 1
Use ProjAbs  = 0, 0
Use ProjFrac = 0, 0
DoPaint 0

SUBJECTS_DIR    /out/sourcedata/freesurfer
FREESURFER_HOME /opt/freesurfer
Loading source label.
Found 1996 points in source label.
Starting surface-based mapping
Reading source registration 
 /out/sourcedata/freesurfer/fsaverage/surf/lh.sphere.reg
Rescaling ...  original radius = 100
Reading target surface 
 /out/sourcedata/freesurfer/sub-v2s18x29499_ses-1/surf/lh.white
Reading target registration 
 /out/sourcedata/freesurfer/sub-v2s18x29499_ses-1/surf/lh.sphere.reg
Rescaling ...  original radius = 100
Building target registration hash (res=16).
Building source registration hash (res=16).
INFO: found  1996 nlabel points
Performing mapping from target back to the source label 155811
Number of reverse mapping hits = 71
Checking for and removing duplicates
Writing label file ./lh.BA3b_exvivo.thresh.label 2067
mri_label2label: Done


 mri_label2label --srcsubject fsaverage --srclabel /out/sourcedata/freesurfer/fsaverage/label/lh.BA4a_exvivo.thresh.label --trgsubject sub-v2s18x29499_ses-1 --trglabel ./lh.BA4a_exvivo.thresh.label --hemi lh --regmethod surface 


srclabel = /out/sourcedata/freesurfer/fsaverage/label/lh.BA4a_exvivo.thresh.label
srcsubject = fsaverage
trgsubject = sub-v2s18x29499_ses-1
trglabel = ./lh.BA4a_exvivo.thresh.label
regmethod = surface

srchemi = lh
trghemi = lh
trgsurface = white
srcsurfreg = sphere.reg
trgsurfreg = sphere.reg
usehash = 1
Use ProjAbs  = 0, 0
Use ProjFrac = 0, 0
DoPaint 0

SUBJECTS_DIR    /out/sourcedata/freesurfer
FREESURFER_HOME /opt/freesurfer
Loading source label.
Found 2319 points in source label.
Starting surface-based mapping
Reading source registration 
 /out/sourcedata/freesurfer/fsaverage/surf/lh.sphere.reg
Rescaling ...  original radius = 100
Reading target surface 
 /out/sourcedata/freesurfer/sub-v2s18x29499_ses-1/surf/lh.white
Reading target registration 
 /out/sourcedata/freesurfer/sub-v2s18x29499_ses-1/surf/lh.sphere.reg
Rescaling ...  original radius = 100
Building target registration hash (res=16).
Building source registration hash (res=16).
INFO: found  2319 nlabel points
Performing mapping from target back to the source label 155811
Number of reverse mapping hits = 167
Checking for and removing duplicates
Writing label file ./lh.BA4a_exvivo.thresh.label 2486
mri_label2label: Done


 mri_label2label --srcsubject fsaverage --srclabel /out/sourcedata/freesurfer/fsaverage/label/lh.BA4p_exvivo.thresh.label --trgsubject sub-v2s18x29499_ses-1 --trglabel ./lh.BA4p_exvivo.thresh.label --hemi lh --regmethod surface 


srclabel = /out/sourcedata/freesurfer/fsaverage/label/lh.BA4p_exvivo.thresh.label
srcsubject = fsaverage
trgsubject = sub-v2s18x29499_ses-1
trglabel = ./lh.BA4p_exvivo.thresh.label
regmethod = surface

srchemi = lh
trghemi = lh
trgsurface = white
srcsurfreg = sphere.reg
trgsurfreg = sphere.reg
usehash = 1
Use ProjAbs  = 0, 0
Use ProjFrac = 0, 0
DoPaint 0

SUBJECTS_DIR    /out/sourcedata/freesurfer
FREESURFER_HOME /opt/freesurfer
Loading source label.
Found 1549 points in source label.
Starting surface-based mapping
Reading source registration 
 /out/sourcedata/freesurfer/fsaverage/surf/lh.sphere.reg
Rescaling ...  original radius = 100
Reading target surface 
 /out/sourcedata/freesurfer/sub-v2s18x29499_ses-1/surf/lh.white
Reading target registration 
 /out/sourcedata/freesurfer/sub-v2s18x29499_ses-1/surf/lh.sphere.reg
Rescaling ...  original radius = 100
Building target registration hash (res=16).
Building source registration hash (res=16).
INFO: found  1549 nlabel points
Performing mapping from target back to the source label 155811
Number of reverse mapping hits = 49
Checking for and removing duplicates
Writing label file ./lh.BA4p_exvivo.thresh.label 1598
mri_label2label: Done


 mri_label2label --srcsubject fsaverage --srclabel /out/sourcedata/freesurfer/fsaverage/label/lh.BA6_exvivo.thresh.label --trgsubject sub-v2s18x29499_ses-1 --trglabel ./lh.BA6_exvivo.thresh.label --hemi lh --regmethod surface 


srclabel = /out/sourcedata/freesurfer/fsaverage/label/lh.BA6_exvivo.thresh.label
srcsubject = fsaverage
trgsubject = sub-v2s18x29499_ses-1
trglabel = ./lh.BA6_exvivo.thresh.label
regmethod = surface

srchemi = lh
trghemi = lh
trgsurface = white
srcsurfreg = sphere.reg
trgsurfreg = sphere.reg
usehash = 1
Use ProjAbs  = 0, 0
Use ProjFrac = 0, 0
DoPaint 0

SUBJECTS_DIR    /out/sourcedata/freesurfer
FREESURFER_HOME /opt/freesurfer
Loading source label.
Found 7035 points in source label.
Starting surface-based mapping
Reading source registration 
 /out/sourcedata/freesurfer/fsaverage/surf/lh.sphere.reg
Rescaling ...  original radius = 100
Reading target surface 
 /out/sourcedata/freesurfer/sub-v2s18x29499_ses-1/surf/lh.white
Reading target registration 
 /out/sourcedata/freesurfer/sub-v2s18x29499_ses-1/surf/lh.sphere.reg
Rescaling ...  original radius = 100
Building target registration hash (res=16).
Building source registration hash (res=16).
INFO: found  7035 nlabel points
Performing mapping from target back to the source label 155811
Number of reverse mapping hits = 456
Checking for and removing duplicates
Writing label file ./lh.BA6_exvivo.thresh.label 7491
mri_label2label: Done


 mri_label2label --srcsubject fsaverage --srclabel /out/sourcedata/freesurfer/fsaverage/label/lh.BA44_exvivo.thresh.label --trgsubject sub-v2s18x29499_ses-1 --trglabel ./lh.BA44_exvivo.thresh.label --hemi lh --regmethod surface 


srclabel = /out/sourcedata/freesurfer/fsaverage/label/lh.BA44_exvivo.thresh.label
srcsubject = fsaverage
trgsubject = sub-v2s18x29499_ses-1
trglabel = ./lh.BA44_exvivo.thresh.label
regmethod = surface

srchemi = lh
trghemi = lh
trgsurface = white
srcsurfreg = sphere.reg
trgsurfreg = sphere.reg
usehash = 1
Use ProjAbs  = 0, 0
Use ProjFrac = 0, 0
DoPaint 0

SUBJECTS_DIR    /out/sourcedata/freesurfer
FREESURFER_HOME /opt/freesurfer
Loading source label.
Found 1912 points in source label.
Starting surface-based mapping
Reading source registration 
 /out/sourcedata/freesurfer/fsaverage/surf/lh.sphere.reg
Rescaling ...  original radius = 100
Reading target surface 
 /out/sourcedata/freesurfer/sub-v2s18x29499_ses-1/surf/lh.white
Reading target registration 
 /out/sourcedata/freesurfer/sub-v2s18x29499_ses-1/surf/lh.sphere.reg
Rescaling ...  original radius = 100
Building target registration hash (res=16).
Building source registration hash (res=16).
INFO: found  1912 nlabel points
Performing mapping from target back to the source label 155811
Number of reverse mapping hits = 196
Checking for and removing duplicates
Writing label file ./lh.BA44_exvivo.thresh.label 2108
mri_label2label: Done


 mri_label2label --srcsubject fsaverage --srclabel /out/sourcedata/freesurfer/fsaverage/label/lh.BA45_exvivo.thresh.label --trgsubject sub-v2s18x29499_ses-1 --trglabel ./lh.BA45_exvivo.thresh.label --hemi lh --regmethod surface 


srclabel = /out/sourcedata/freesurfer/fsaverage/label/lh.BA45_exvivo.thresh.label
srcsubject = fsaverage
trgsubject = sub-v2s18x29499_ses-1
trglabel = ./lh.BA45_exvivo.thresh.label
regmethod = surface

srchemi = lh
trghemi = lh
trgsurface = white
srcsurfreg = sphere.reg
trgsurfreg = sphere.reg
usehash = 1
Use ProjAbs  = 0, 0
Use ProjFrac = 0, 0
DoPaint 0

SUBJECTS_DIR    /out/sourcedata/freesurfer
FREESURFER_HOME /opt/freesurfer
Loading source label.
Found 1151 points in source label.
Starting surface-based mapping
Reading source registration 
 /out/sourcedata/freesurfer/fsaverage/surf/lh.sphere.reg
Rescaling ...  original radius = 100
Reading target surface 
 /out/sourcedata/freesurfer/sub-v2s18x29499_ses-1/surf/lh.white
Reading target registration 
 /out/sourcedata/freesurfer/sub-v2s18x29499_ses-1/surf/lh.sphere.reg
Rescaling ...  original radius = 100
Building target registration hash (res=16).
Building source registration hash (res=16).
INFO: found  1151 nlabel points
Performing mapping from target back to the source label 155811
Number of reverse mapping hits = 115
Checking for and removing duplicates
Writing label file ./lh.BA45_exvivo.thresh.label 1266
mri_label2label: Done


 mri_label2label --srcsubject fsaverage --srclabel /out/sourcedata/freesurfer/fsaverage/label/lh.V1_exvivo.thresh.label --trgsubject sub-v2s18x29499_ses-1 --trglabel ./lh.V1_exvivo.thresh.label --hemi lh --regmethod surface 


srclabel = /out/sourcedata/freesurfer/fsaverage/label/lh.V1_exvivo.thresh.label
srcsubject = fsaverage
trgsubject = sub-v2s18x29499_ses-1
trglabel = ./lh.V1_exvivo.thresh.label
regmethod = surface

srchemi = lh
trghemi = lh
trgsurface = white
srcsurfreg = sphere.reg
trgsurfreg = sphere.reg
usehash = 1
Use ProjAbs  = 0, 0
Use ProjFrac = 0, 0
DoPaint 0

SUBJECTS_DIR    /out/sourcedata/freesurfer
FREESURFER_HOME /opt/freesurfer
Loading source label.
Found 3405 points in source label.
Starting surface-based mapping
Reading source registration 
 /out/sourcedata/freesurfer/fsaverage/surf/lh.sphere.reg
Rescaling ...  original radius = 100
Reading target surface 
 /out/sourcedata/freesurfer/sub-v2s18x29499_ses-1/surf/lh.white
Reading target registration 
 /out/sourcedata/freesurfer/sub-v2s18x29499_ses-1/surf/lh.sphere.reg
Rescaling ...  original radius = 100
Building target registration hash (res=16).
Building source registration hash (res=16).
INFO: found  3405 nlabel points
Performing mapping from target back to the source label 155811
Number of reverse mapping hits = 1513
Checking for and removing duplicates
Writing label file ./lh.V1_exvivo.thresh.label 4918
mri_label2label: Done


 mri_label2label --srcsubject fsaverage --srclabel /out/sourcedata/freesurfer/fsaverage/label/lh.V2_exvivo.thresh.label --trgsubject sub-v2s18x29499_ses-1 --trglabel ./lh.V2_exvivo.thresh.label --hemi lh --regmethod surface 


srclabel = /out/sourcedata/freesurfer/fsaverage/label/lh.V2_exvivo.thresh.label
srcsubject = fsaverage
trgsubject = sub-v2s18x29499_ses-1
trglabel = ./lh.V2_exvivo.thresh.label
regmethod = surface

srchemi = lh
trghemi = lh
trgsurface = white
srcsurfreg = sphere.reg
trgsurfreg = sphere.reg
usehash = 1
Use ProjAbs  = 0, 0
Use ProjFrac = 0, 0
DoPaint 0

SUBJECTS_DIR    /out/sourcedata/freesurfer
FREESURFER_HOME /opt/freesurfer
Loading source label.
Found 3334 points in source label.
Starting surface-based mapping
Reading source registration 
 /out/sourcedata/freesurfer/fsaverage/surf/lh.sphere.reg
Rescaling ...  original radius = 100
Reading target surface 
 /out/sourcedata/freesurfer/sub-v2s18x29499_ses-1/surf/lh.white
Reading target registration 
 /out/sourcedata/freesurfer/sub-v2s18x29499_ses-1/surf/lh.sphere.reg
Rescaling ...  original radius = 100
Building target registration hash (res=16).
Building source registration hash (res=16).
INFO: found  3334 nlabel points
Performing mapping from target back to the source label 155811
Number of reverse mapping hits = 1500
Checking for and removing duplicates
Writing label file ./lh.V2_exvivo.thresh.label 4834
mri_label2label: Done


 mri_label2label --srcsubject fsaverage --srclabel /out/sourcedata/freesurfer/fsaverage/label/lh.MT_exvivo.thresh.label --trgsubject sub-v2s18x29499_ses-1 --trglabel ./lh.MT_exvivo.thresh.label --hemi lh --regmethod surface 


srclabel = /out/sourcedata/freesurfer/fsaverage/label/lh.MT_exvivo.thresh.label
srcsubject = fsaverage
trgsubject = sub-v2s18x29499_ses-1
trglabel = ./lh.MT_exvivo.thresh.label
regmethod = surface

srchemi = lh
trghemi = lh
trgsurface = white
srcsurfreg = sphere.reg
trgsurfreg = sphere.reg
usehash = 1
Use ProjAbs  = 0, 0
Use ProjFrac = 0, 0
DoPaint 0

SUBJECTS_DIR    /out/sourcedata/freesurfer
FREESURFER_HOME /opt/freesurfer
Loading source label.
Found 513 points in source label.
Starting surface-based mapping
Reading source registration 
 /out/sourcedata/freesurfer/fsaverage/surf/lh.sphere.reg
Rescaling ...  original radius = 100
Reading target surface 
 /out/sourcedata/freesurfer/sub-v2s18x29499_ses-1/surf/lh.white
Reading target registration 
 /out/sourcedata/freesurfer/sub-v2s18x29499_ses-1/surf/lh.sphere.reg
Rescaling ...  original radius = 100
Building target registration hash (res=16).
Building source registration hash (res=16).
INFO: found  513 nlabel points
Performing mapping from target back to the source label 155811
Number of reverse mapping hits = 84
Checking for and removing duplicates
Writing label file ./lh.MT_exvivo.thresh.label 597
mri_label2label: Done


 mri_label2label --srcsubject fsaverage --srclabel /out/sourcedata/freesurfer/fsaverage/label/lh.entorhinal_exvivo.thresh.label --trgsubject sub-v2s18x29499_ses-1 --trglabel ./lh.entorhinal_exvivo.thresh.label --hemi lh --regmethod surface 


srclabel = /out/sourcedata/freesurfer/fsaverage/label/lh.entorhinal_exvivo.thresh.label
srcsubject = fsaverage
trgsubject = sub-v2s18x29499_ses-1
trglabel = ./lh.entorhinal_exvivo.thresh.label
regmethod = surface

srchemi = lh
trghemi = lh
trgsurface = white
srcsurfreg = sphere.reg
trgsurfreg = sphere.reg
usehash = 1
Use ProjAbs  = 0, 0
Use ProjFrac = 0, 0
DoPaint 0

SUBJECTS_DIR    /out/sourcedata/freesurfer
FREESURFER_HOME /opt/freesurfer
Loading source label.
Found 470 points in source label.
Starting surface-based mapping
Reading source registration 
 /out/sourcedata/freesurfer/fsaverage/surf/lh.sphere.reg
Rescaling ...  original radius = 100
Reading target surface 
 /out/sourcedata/freesurfer/sub-v2s18x29499_ses-1/surf/lh.white
Reading target registration 
 /out/sourcedata/freesurfer/sub-v2s18x29499_ses-1/surf/lh.sphere.reg
Rescaling ...  original radius = 100
Building target registration hash (res=16).
Building source registration hash (res=16).
INFO: found  470 nlabel points
Performing mapping from target back to the source label 155811
Number of reverse mapping hits = 81
Checking for and removing duplicates
Writing label file ./lh.entorhinal_exvivo.thresh.label 551
mri_label2label: Done


 mri_label2label --srcsubject fsaverage --srclabel /out/sourcedata/freesurfer/fsaverage/label/lh.perirhinal_exvivo.thresh.label --trgsubject sub-v2s18x29499_ses-1 --trglabel ./lh.perirhinal_exvivo.thresh.label --hemi lh --regmethod surface 


srclabel = /out/sourcedata/freesurfer/fsaverage/label/lh.perirhinal_exvivo.thresh.label
srcsubject = fsaverage
trgsubject = sub-v2s18x29499_ses-1
trglabel = ./lh.perirhinal_exvivo.thresh.label
regmethod = surface

srchemi = lh
trghemi = lh
trgsurface = white
srcsurfreg = sphere.reg
trgsurfreg = sphere.reg
usehash = 1
Use ProjAbs  = 0, 0
Use ProjFrac = 0, 0
DoPaint 0

SUBJECTS_DIR    /out/sourcedata/freesurfer
FREESURFER_HOME /opt/freesurfer
Loading source label.
Found 450 points in source label.
Starting surface-based mapping
Reading source registration 
 /out/sourcedata/freesurfer/fsaverage/surf/lh.sphere.reg
Rescaling ...  original radius = 100
Reading target surface 
 /out/sourcedata/freesurfer/sub-v2s18x29499_ses-1/surf/lh.white
Reading target registration 
 /out/sourcedata/freesurfer/sub-v2s18x29499_ses-1/surf/lh.sphere.reg
Rescaling ...  original radius = 100
Building target registration hash (res=16).
Building source registration hash (res=16).
INFO: found  450 nlabel points
Performing mapping from target back to the source label 155811
Number of reverse mapping hits = 12
Checking for and removing duplicates
Writing label file ./lh.perirhinal_exvivo.thresh.label 462
mri_label2label: Done


 mris_label2annot --s sub-v2s18x29499_ses-1 --hemi lh --ctab /opt/freesurfer/average/colortable_BA.txt --l lh.BA1_exvivo.label --l lh.BA2_exvivo.label --l lh.BA3a_exvivo.label --l lh.BA3b_exvivo.label --l lh.BA4a_exvivo.label --l lh.BA4p_exvivo.label --l lh.BA6_exvivo.label --l lh.BA44_exvivo.label --l lh.BA45_exvivo.label --l lh.V1_exvivo.label --l lh.V2_exvivo.label --l lh.MT_exvivo.label --l lh.perirhinal_exvivo.label --l lh.entorhinal_exvivo.label --a BA_exvivo --maxstatwinner --noverbose 

Reading ctab /opt/freesurfer/average/colortable_BA.txt
Number of ctab entries 15

7.3.2
cwd /out/sourcedata/freesurfer/sub-v2s18x29499_ses-1/label
cmdline mris_label2annot --s sub-v2s18x29499_ses-1 --hemi lh --ctab /opt/freesurfer/average/colortable_BA.txt --l lh.BA1_exvivo.label --l lh.BA2_exvivo.label --l lh.BA3a_exvivo.label --l lh.BA3b_exvivo.label --l lh.BA4a_exvivo.label --l lh.BA4p_exvivo.label --l lh.BA6_exvivo.label --l lh.BA44_exvivo.label --l lh.BA45_exvivo.label --l lh.V1_exvivo.label --l lh.V2_exvivo.label --l lh.MT_exvivo.label --l lh.perirhinal_exvivo.label --l lh.entorhinal_exvivo.label --a BA_exvivo --maxstatwinner --noverbose 
sysname  Linux
hostname dna018
machine  x86_64
user     oesteban

subject sub-v2s18x29499_ses-1
hemi    lh
SUBJECTS_DIR /out/sourcedata/freesurfer
ColorTable /opt/freesurfer/average/colortable_BA.txt
AnnotName  BA_exvivo
nlables 14
LabelThresh 0 0.000000
Loading /out/sourcedata/freesurfer/sub-v2s18x29499_ses-1/surf/lh.orig
 1 1530880 BA1_exvivo
 2 16749699 BA2_exvivo
 3 16711680 BA3a_exvivo
 4 3368703 BA3b_exvivo
 5 1376196 BA4a_exvivo
 6 13382655 BA4p_exvivo
 7 10036737 BA6_exvivo
 8 2490521 BA44_exvivo
 9 39283 BA45_exvivo
10 3993 V1_exvivo
11 8508928 V2_exvivo
12 10027163 MT_exvivo
13 16422433 perirhinal_exvivo
14 16392598 entorhinal_exvivo
Mapping unhit to unknown
Found 109142 unhit vertices
Writing annot to /out/sourcedata/freesurfer/sub-v2s18x29499_ses-1/label/lh.BA_exvivo.annot

 mris_label2annot --s sub-v2s18x29499_ses-1 --hemi lh --ctab /opt/freesurfer/average/colortable_BA.txt --l lh.BA1_exvivo.thresh.label --l lh.BA2_exvivo.thresh.label --l lh.BA3a_exvivo.thresh.label --l lh.BA3b_exvivo.thresh.label --l lh.BA4a_exvivo.thresh.label --l lh.BA4p_exvivo.thresh.label --l lh.BA6_exvivo.thresh.label --l lh.BA44_exvivo.thresh.label --l lh.BA45_exvivo.thresh.label --l lh.V1_exvivo.thresh.label --l lh.V2_exvivo.thresh.label --l lh.MT_exvivo.thresh.label --l lh.perirhinal_exvivo.thresh.label --l lh.entorhinal_exvivo.thresh.label --a BA_exvivo.thresh --maxstatwinner --noverbose 

Reading ctab /opt/freesurfer/average/colortable_BA.txt
Number of ctab entries 15

7.3.2
cwd /out/sourcedata/freesurfer/sub-v2s18x29499_ses-1/label
cmdline mris_label2annot --s sub-v2s18x29499_ses-1 --hemi lh --ctab /opt/freesurfer/average/colortable_BA.txt --l lh.BA1_exvivo.thresh.label --l lh.BA2_exvivo.thresh.label --l lh.BA3a_exvivo.thresh.label --l lh.BA3b_exvivo.thresh.label --l lh.BA4a_exvivo.thresh.label --l lh.BA4p_exvivo.thresh.label --l lh.BA6_exvivo.thresh.label --l lh.BA44_exvivo.thresh.label --l lh.BA45_exvivo.thresh.label --l lh.V1_exvivo.thresh.label --l lh.V2_exvivo.thresh.label --l lh.MT_exvivo.thresh.label --l lh.perirhinal_exvivo.thresh.label --l lh.entorhinal_exvivo.thresh.label --a BA_exvivo.thresh --maxstatwinner --noverbose 
sysname  Linux
hostname dna018
machine  x86_64
user     oesteban

subject sub-v2s18x29499_ses-1
hemi    lh
SUBJECTS_DIR /out/sourcedata/freesurfer
ColorTable /opt/freesurfer/average/colortable_BA.txt
AnnotName  BA_exvivo.thresh
nlables 14
LabelThresh 0 0.000000
Loading /out/sourcedata/freesurfer/sub-v2s18x29499_ses-1/surf/lh.orig
 1 1530880 BA1_exvivo
 2 16749699 BA2_exvivo
 3 16711680 BA3a_exvivo
 4 3368703 BA3b_exvivo
 5 1376196 BA4a_exvivo
 6 13382655 BA4p_exvivo
 7 10036737 BA6_exvivo
 8 2490521 BA44_exvivo
 9 39283 BA45_exvivo
10 3993 V1_exvivo
11 8508928 V2_exvivo
12 10027163 MT_exvivo
13 16422433 perirhinal_exvivo
14 16392598 entorhinal_exvivo
Mapping unhit to unknown
Found 128013 unhit vertices
Writing annot to /out/sourcedata/freesurfer/sub-v2s18x29499_ses-1/label/lh.BA_exvivo.thresh.annot

 mris_anatomical_stats -th3 -mgz -noglobal -f ../stats/lh.BA_exvivo.stats -b -a ./lh.BA_exvivo.annot -c ./BA_exvivo.ctab sub-v2s18x29499_ses-1 lh white 

computing statistics for each annotation in ./lh.BA_exvivo.annot.
reading volume /out/sourcedata/freesurfer/sub-v2s18x29499_ses-1/mri/wm.mgz...
reading input surface /out/sourcedata/freesurfer/sub-v2s18x29499_ses-1/surf/lh.white...
reading input pial surface /out/sourcedata/freesurfer/sub-v2s18x29499_ses-1/surf/lh.pial...
reading input white surface /out/sourcedata/freesurfer/sub-v2s18x29499_ses-1/surf/lh.white...
INFO: using TH3 volume calc
INFO: assuming MGZ format for volumes.
INFO: not computing global stats
Using TH3 vertex volume calc
Total face volume 296457
Total vertex volume 296220 (mask=0)
Saving annotation colortable ./BA_exvivo.ctab

table columns are:
    number of vertices
    total surface area (mm^2)
    total gray matter volume (mm^3)
    average cortical thickness +- standard deviation (mm)
    integrated rectified mean curvature
    integrated rectified Gaussian curvature
    folding index
    intrinsic curvature index
    structure name

 1219    766   2376  2.354 0.526     0.123     0.026       16     1.1  BA1_exvivo
 4121   2794   6669  2.368 0.427     0.113     0.022       37     3.7  BA2_exvivo
 1170    754   1110  2.005 0.476     0.114     0.022        8     1.0  BA3a_exvivo
 2446   1609   3499  1.956 0.653     0.100     0.018       20     1.8  BA3b_exvivo
 1963   1191   3952  2.914 0.481     0.096     0.018       13     1.5  BA4a_exvivo
 1446    895   2355  2.784 0.387     0.078     0.014        5     0.8  BA4p_exvivo
11285   7528  25305  2.911 0.526     0.108     0.020       89     9.4  BA6_exvivo
 2765   1928   5721  2.708 0.432     0.119     0.023       30     2.4  BA44_exvivo
 2640   1909   5973  2.587 0.528     0.119     0.023       28     2.4  BA45_exvivo
 4522   3273   5732  1.833 0.497     0.143     0.033       56     6.3  V1_exvivo
 9483   6690  16017  2.197 0.582     0.145     0.032      122    12.9  V2_exvivo
 2217   1534   4597  2.646 0.546     0.134     0.026       28     2.3  MT_exvivo
  674    447   1999  3.533 0.827     0.096     0.023        4     0.5  perirhinal_exvivo
  718    421   1889  3.138 1.446     0.092     0.028        7     0.5  entorhinal_exvivo

 mris_anatomical_stats -th3 -mgz -f ../stats/lh.BA_exvivo.thresh.stats -noglobal -b -a ./lh.BA_exvivo.thresh.annot -c ./BA_exvivo.thresh.ctab sub-v2s18x29499_ses-1 lh white 

computing statistics for each annotation in ./lh.BA_exvivo.thresh.annot.
reading volume /out/sourcedata/freesurfer/sub-v2s18x29499_ses-1/mri/wm.mgz...
reading input surface /out/sourcedata/freesurfer/sub-v2s18x29499_ses-1/surf/lh.white...
reading input pial surface /out/sourcedata/freesurfer/sub-v2s18x29499_ses-1/surf/lh.pial...
reading input white surface /out/sourcedata/freesurfer/sub-v2s18x29499_ses-1/surf/lh.white...
INFO: using TH3 volume calc
INFO: assuming MGZ format for volumes.
INFO: not computing global stats
Using TH3 vertex volume calc
Total face volume 296457
Total vertex volume 296220 (mask=0)
Saving annotation colortable ./BA_exvivo.thresh.ctab

table columns are:
    number of vertices
    total surface area (mm^2)
    total gray matter volume (mm^3)
    average cortical thickness +- standard deviation (mm)
    integrated rectified mean curvature
    integrated rectified Gaussian curvature
    folding index
    intrinsic curvature index
    structure name

  854    515   1698  2.396 0.474     0.131     0.028       12     0.8  BA1_exvivo
 1856   1250   3137  2.327 0.434     0.107     0.019       17     1.6  BA2_exvivo
  996    644    922  1.991 0.460     0.117     0.023        7     1.0  BA3a_exvivo
 1563   1039   1722  1.609 0.408     0.085     0.014        8     0.9  BA3b_exvivo
 1896   1142   3634  2.923 0.448     0.086     0.016        9     1.2  BA4a_exvivo
 1136    708   1822  2.761 0.409     0.080     0.015        5     0.6  BA4p_exvivo
 5901   3895  13265  2.862 0.558     0.106     0.020       46     4.7  BA6_exvivo
 1735   1229   3670  2.662 0.432     0.123     0.024       21     1.6  BA44_exvivo
 1092    806   3001  2.793 0.514     0.137     0.028       15     1.3  BA45_exvivo
 4796   3474   6210  1.846 0.500     0.142     0.033       58     6.8  V1_exvivo
 4668   3406   7169  2.004 0.516     0.158     0.035       70     7.0  V2_exvivo
  551    376    914  2.376 0.420     0.123     0.026        5     0.6  MT_exvivo
  288    184    922  3.854 0.664     0.089     0.023        2     0.2  perirhinal_exvivo
  466    261   1443  3.784 0.788     0.056     0.008        1     0.2  entorhinal_exvivo

Started at Wed Mar 11 16:12:17 CET 2026 
Ended   at Wed Mar 11 16:16:07 CET 2026
#@#%# recon-all-run-time-hours 0.064
recon-all -s sub-v2s18x29499_ses-1 finished without error at Wed Mar 11 16:16:07 CET 2026
