global_signal	global_signal_derivative1	global_signal_power2	global_signal_derivative1_power2	csf	csf_derivative1	csf_power2	csf_derivative1_power2	white_matter	white_matter_derivative1	white_matter_power2	white_matter_derivative1_power2	csf_wm	tcompcor	std_dvars	dvars	framewise_displacement	rmsd	t_comp_cor_00	t_comp_cor_01	c_comp_cor_00	c_comp_cor_01	c_comp_cor_02	c_comp_cor_03	c_comp_cor_04	c_comp_cor_05	c_comp_cor_06	c_comp_cor_07	c_comp_cor_08	c_comp_cor_09	c_comp_cor_10	w_comp_cor_00	w_comp_cor_01	w_comp_cor_02	w_comp_cor_03	w_comp_cor_04	w_comp_cor_05	w_comp_cor_06	w_comp_cor_07	w_comp_cor_08	w_comp_cor_09	w_comp_cor_10	w_comp_cor_11	a_comp_cor_00	a_comp_cor_01	a_comp_cor_02	a_comp_cor_03	a_comp_cor_04	a_comp_cor_05	a_comp_cor_06	a_comp_cor_07	a_comp_cor_08	a_comp_cor_09	a_comp_cor_10	a_comp_cor_11	a_comp_cor_12	a_comp_cor_13	edge_comp_00	edge_comp_01	edge_comp_02	edge_comp_03	edge_comp_04	edge_comp_05	edge_comp_06	edge_comp_07	edge_comp_08	edge_comp_09	edge_comp_10	edge_comp_11	edge_comp_12	edge_comp_13	edge_comp_14	edge_comp_15	edge_comp_16	edge_comp_17	edge_comp_18	edge_comp_19	edge_comp_20	edge_comp_21	edge_comp_22	edge_comp_23	cosine00	cosine01	cosine02	cosine03	cosine04	cosine05	trans_x	trans_x_derivative1	trans_x_derivative1_power2	trans_x_power2	trans_y	trans_y_derivative1	trans_y_derivative1_power2	trans_y_power2	trans_z	trans_z_derivative1	trans_z_power2	trans_z_derivative1_power2	rot_x	rot_x_derivative1	rot_x_derivative1_power2	rot_x_power2	rot_y	rot_y_derivative1	rot_y_power2	rot_y_derivative1_power2	rot_z	rot_z_derivative1	rot_z_derivative1_power2	rot_z_power2	motion_outlier00	motion_outlier01	motion_outlier02	motion_outlier03	motion_outlier04	motion_outlier05	motion_outlier06	motion_outlier07	motion_outlier08	motion_outlier09	motion_outlier10	motion_outlier11	motion_outlier12	motion_outlier13	motion_outlier14	motion_outlier15	motion_outlier16	motion_outlier17	motion_outlier18	motion_outlier19	motion_outlier20	motion_outlier21	motion_outlier22	motion_outlier23	motion_outlier24	motion_outlier25	motion_outlier26	motion_outlier27	motion_outlier28	motion_outlier29	motion_outlier30	motion_outlier31	motion_outlier32	motion_outlier33	motion_outlier34	motion_outlier35	motion_outlier36	motion_outlier37	motion_outlier38	motion_outlier39	motion_outlier40	motion_outlier41	motion_outlier42	motion_outlier43	motion_outlier44	motion_outlier45	motion_outlier46	motion_outlier47	motion_outlier48	motion_outlier49	motion_outlier50	motion_outlier51	motion_outlier52	motion_outlier53	motion_outlier54	motion_outlier55	motion_outlier56	motion_outlier57	motion_outlier58	motion_outlier59	motion_outlier60	motion_outlier61	motion_outlier62	motion_outlier63	motion_outlier64	motion_outlier65	motion_outlier66	motion_outlier67	motion_outlier68	motion_outlier69	motion_outlier70	motion_outlier71	motion_outlier72	motion_outlier73	motion_outlier74	motion_outlier75	motion_outlier76	motion_outlier77	motion_outlier78	motion_outlier79	motion_outlier80	motion_outlier81	motion_outlier82	motion_outlier83	motion_outlier84	motion_outlier85	motion_outlier86	motion_outlier87	motion_outlier88	motion_outlier89	motion_outlier90	motion_outlier91	motion_outlier92	motion_outlier93	motion_outlier94	motion_outlier95	motion_outlier96	motion_outlier97	motion_outlier98	motion_outlier99	motion_outlier100	motion_outlier101	motion_outlier102	motion_outlier103	motion_outlier104	motion_outlier105	motion_outlier106	motion_outlier107	motion_outlier108	motion_outlier109	motion_outlier110	motion_outlier111	motion_outlier112	motion_outlier113	motion_outlier114	motion_outlier115	motion_outlier116	motion_outlier117	motion_outlier118	motion_outlier119	motion_outlier120	motion_outlier121	motion_outlier122	motion_outlier123	motion_outlier124	motion_outlier125	motion_outlier126	motion_outlier127
894.1908853970598	n/a	799577.3395271777	n/a	899.0263680792474	n/a	808248.4105017624	n/a	815.0630882710127	n/a	664327.8378618807	n/a	814.6697277143566	898.4144234822592	n/a	n/a	n/a	n/a	-0.0067902879	-0.0086639396	0.0157528161	-0.0027029129	0.0030608161	0.0134432323	-0.0329620726	0.0297415353	-0.010388125	0.0033837754	-0.0106857806	0.0208004963	-0.0095239395	-0.0087119729	-6.33177e-05	0.0049900362	-0.0146390232	-0.0030682128	0.0007644179	-0.00235492	0.006848987	-0.0178074985	0.0013081398	-0.0180948724	0.0098018105	-0.0074687286	-0.0046360446	-0.0117110425	0.0036946804	-0.0059127517	0.0015933177	-0.0109578225	0.0046087202	-0.0010612552	0.0079818144	-0.0142143205	0.0093467293	-0.0095811556	0.0149305768	-0.0092966446	0.0002942604	-0.005320111	-0.0172177488	0.0441835997	-0.0043365756	0.0315112779	-0.045304632	0.0165067056	-0.0002068484	0.0376760349	-0.0052770281	0.0007323326	0.0071018865	-0.0011214355	0.0233805401	-0.0192064226	0.0008280315	-0.0100573777	0.0069833441	-0.0203508544	0.0094894067	-0.0102944532	0.0050740225	0.0912851377	0.0912792721	0.0912694965	0.0912558111	0.0912382167	0.0912167139	0.0233500851449406	n/a	n/a	0.0005452264762759	-0.0200954247484901	n/a	n/a	0.0004038260958222	0.4142518326094944	n/a	0.1716045808203245	n/a	-0.0201369725663226	n/a	n/a	0.0004054976641368	-0.0010247181174245	n/a	1.0500472201780117e-06	n/a	0.0007567640304951	n/a	n/a	5.726917978511886e-07	0.0	0.0	0.0	0.0	0.0	0.0	0.0	0.0	0.0	0.0	0.0	0.0	0.0	0.0	0.0	0.0	0.0	0.0	0.0	0.0	0.0	0.0	0.0	0.0	0.0	0.0	0.0	0.0	0.0	0.0	0.0	0.0	0.0	0.0	0.0	0.0	0.0	0.0	0.0	0.0	0.0	0.0	0.0	0.0	0.0	0.0	0.0	0.0	0.0	0.0	0.0	0.0	0.0	0.0	0.0	0.0	0.0	0.0	0.0	0.0	0.0	0.0	0.0	0.0	0.0	0.0	0.0	0.0	0.0	0.0	0.0	0.0	0.0	0.0	0.0	0.0	0.0	0.0	0.0	0.0	0.0	0.0	0.0	0.0	0.0	0.0	0.0	0.0	0.0	0.0	0.0	0.0	0.0	0.0	0.0	0.0	0.0	0.0	0.0	0.0	0.0	0.0	0.0	0.0	0.0	0.0	0.0	0.0	0.0	0.0	0.0	0.0	0.0	0.0	0.0	0.0	0.0	0.0	0.0	0.0	0.0	0.0	0.0	0.0	0.0	0.0	0.0	0.0
883.7077206496151	-10.483164747444675	780939.3355357382	109.89674312206678	882.4312951719606	-16.59507290728675	778684.990698864	275.3964447981627	812.166697550163	-2.896390720849695	659614.744609538	8.389079207824215	811.1696715779004	880.1214948472976	0.616999	40.289215	0.1287612824810538	0.063443161535086	-0.0115595368	-0.0039235486	-0.0116969871	-0.0010958089	-0.0015804444	0.0121937625	-0.0160534692	0.0046750428	-0.0034730978	-0.0087476764	-0.0074838537	0.0046298832	0.0022362929	-0.0227461298	0.0139060861	-0.0160207398	-0.0021273428	0.0097476072	0.0010278872	-0.0124550424	-0.0045904984	-0.0175346005	0.0105720574	0.0200140772	0.0207476858	-0.0209237142	-0.0160676022	0.0003981195	-0.0130212854	-0.0025595834	8.80015e-05	0.0088071744	-0.0014475702	-0.0064273897	0.014274747	-0.0014838769	0.0247558367	0.0083330931	-0.0080348734	-0.0065648852	-0.0018223678	-0.001413908	-0.0080123256	0.0497507414	0.0094676589	0.0356188992	-0.0397941806	0.0064215858	0.0028231563	0.0225520361	-0.0082504596	0.0108538322	0.008701624	0.0070991106	0.0121331026	-0.0166389162	0.0073326038	0.0026725577	0.0024861927	-0.0030555939	0.0014270138	-0.0075924469	0.0003427778	0.0912694965	0.0912167139	0.0911287655	0.0910056853	0.0908475206	0.0906543325	0.044734580721311	0.0213844955763704	0.0004572966510558	0.0020011827123114	-0.0699282036124913	-0.0498327788640012	0.0024833058493084	0.00488995366047	0.4162325177946115	0.0019806851851171	0.1732495088696415	3.923113802542463e-06	-0.0204015829964909	-0.0002646104301683	7.001867975385395e-08	0.0004162245887627	-0.0013452251318955	-0.0003205070144709	1.8096306554832653e-06	1.0272474632511379e-07	0.0012829130429671	0.000526149012472	2.768327833252609e-07	1.6458658758151042e-06	0.0	0.0	0.0	0.0	0.0	0.0	0.0	0.0	0.0	0.0	0.0	0.0	0.0	0.0	0.0	0.0	0.0	0.0	0.0	0.0	0.0	0.0	0.0	0.0	0.0	0.0	0.0	0.0	0.0	0.0	0.0	0.0	0.0	0.0	0.0	0.0	0.0	0.0	0.0	0.0	0.0	0.0	0.0	0.0	0.0	0.0	0.0	0.0	0.0	0.0	0.0	0.0	0.0	0.0	0.0	0.0	0.0	0.0	0.0	0.0	0.0	0.0	0.0	0.0	0.0	0.0	0.0	0.0	0.0	0.0	0.0	0.0	0.0	0.0	0.0	0.0	0.0	0.0	0.0	0.0	0.0	0.0	0.0	0.0	0.0	0.0	0.0	0.0	0.0	0.0	0.0	0.0	0.0	0.0	0.0	0.0	0.0	0.0	0.0	0.0	0.0	0.0	0.0	0.0	0.0	0.0	0.0	0.0	0.0	0.0	0.0	0.0	0.0	0.0	0.0	0.0	0.0	0.0	0.0	0.0	0.0	0.0	0.0	0.0	0.0	0.0	0.0	0.0
886.4369445592991	2.7292239096840376	785770.456679626	7.448663149191024	878.899973782626	-3.531321389334608	772465.1639151007	12.470230754772102	810.1984459307554	-1.9682516194076245	656421.5217886112	3.874014437300736	808.353619843743	881.905458369573	0.460758	30.08691	0.0967961714335903	0.0522673293960269	-0.0098980842	0.0007862441	-0.008628907	-0.0030614703	-0.0238213229	-0.0114893824	-0.0178261378	0.0160467254	-0.0062042701	0.0099729251	-0.0089708378	-0.0218925255	-0.0183260483	-0.0307311117	0.0139629849	0.0052450129	-0.0190141951	0.0224152699	0.0058664465	-0.0049900182	0.0052357521	-0.014086871	0.0094799971	-0.0101416519	0.0150231091	-0.0319936247	-0.0163355656	-0.0202163803	0.0002820699	-0.0112217661	0.009596407	0.0078599917	0.0082359659	0.0087544507	0.0053084464	0.0031359545	0.0115233047	0.011613978	0.0032339341	-0.0064733007	0.0017933917	-0.0058339744	-0.0155437568	0.0630998686	0.0061213613	0.0315892576	-0.0346273637	0.0086403011	-0.0016482464	0.0225463826	0.0031717751	0.0036573321	0.0105214143	0.0014493188	0.0216938145	-0.0180384777	0.007589614	-0.0082458186	0.0055970383	-0.0099917895	-0.0020919268	-0.0227464465	0.0062057197	0.0912382167	0.0910916402	0.0908475206	0.0905061192	0.0900678015	0.089533037	0.031055351185472	-0.013679229535839	0.0001871213206941	0.0009644348372529	-0.0577452486348164	0.0121829549776749	0.000148424391988	0.0033345137398967	0.404881638721065	-0.0113508790735465	0.163929141373455	0.0001288424557422	-0.0213025877352086	-0.0009010047387176	8.118095391917481e-07	0.0004538002442162	-0.0016287695093817	-0.0002835443774862	2.652890114691504e-06	8.03974140040367e-08	0.0012758000022404	-7.113040726700005e-06	5.059534837969294e-11	1.6276656457166048e-06	0.0	0.0	0.0	0.0	0.0	0.0	0.0	0.0	0.0	0.0	0.0	0.0	0.0	0.0	0.0	0.0	0.0	0.0	0.0	0.0	0.0	0.0	0.0	0.0	0.0	0.0	0.0	0.0	0.0	0.0	0.0	0.0	0.0	0.0	0.0	0.0	0.0	0.0	0.0	0.0	0.0	0.0	0.0	0.0	0.0	0.0	0.0	0.0	0.0	0.0	0.0	0.0	0.0	0.0	0.0	0.0	0.0	0.0	0.0	0.0	0.0	0.0	0.0	0.0	0.0	0.0	0.0	0.0	0.0	0.0	0.0	0.0	0.0	0.0	0.0	0.0	0.0	0.0	0.0	0.0	0.0	0.0	0.0	0.0	0.0	0.0	0.0	0.0	0.0	0.0	0.0	0.0	0.0	0.0	0.0	0.0	0.0	0.0	0.0	0.0	0.0	0.0	0.0	0.0	0.0	0.0	0.0	0.0	0.0	0.0	0.0	0.0	0.0	0.0	0.0	0.0	0.0	0.0	0.0	0.0	0.0	0.0	0.0	0.0	0.0	0.0	0.0	0.0
886.2202529386258	-0.2166916206733731	785386.3367186019	0.046955258470053	876.554595600475	-2.34537818215108	768347.9590683122	5.500798817310305	811.9317320209122	1.7332860901568663	659233.1374624785	3.004280670331277	809.9276542525661	882.2109504725138	0.469885	30.682859	0.101714368958102	0.0481082056419177	-0.0102477399	-0.0039251303	-0.0189256527	0.0253745015	-0.0108623935	0.0045526041	-0.0319650264	0.01970921	-0.0189006862	0.0229064477	-0.0328812911	0.0053263125	0.0078283815	-0.0218440456	0.0077525461	0.0032325269	-5.85651e-05	0.0155494906	0.0066401815	-0.0144048949	0.00948739	0.007177108	0.0132850459	0.0002436506	0.0208546596	-0.0220369248	-0.013193051	0.0017381073	0.0049977834	-0.0125458893	0.0014431331	0.016330856	0.0102924656	-0.0013309074	0.0030181274	-0.000704512	0.0232868246	-0.0044620363	0.0011825086	-0.0066937231	-0.0020783101	-0.0057189767	-0.0077808713	0.0593869673	0.0064415023	0.0346434533	-0.0347074972	0.0081832196	-0.0051190685	0.0111075676	-0.0060019857	0.0021472767	0.0130855253	0.009465107	0.0208994743	-0.0169773414	0.0115825427	-0.0016655837	0.0055133851	0.0002075997	0.00480189	-0.0213075185	0.0060615988	0.0911913037	0.090904137	0.0904261954	0.0897584821	0.0889023983	0.0878597406	0.0508482711680216	0.0197929199825495	0.0003917596814356	0.0025855466807766	-0.0870080667212818	-0.0292628180864653	0.0008563125223615	0.007570403674575	0.3785440789348229	-0.026337559786242	0.1432956196966134	0.0006936670554938	-0.0215418526835509	-0.0002392649483422	5.724771550524348e-08	0.0004640514170398	-0.0013469564482255	0.0002818130611562	1.814291673416254e-06	7.941860143822814e-08	0.0012811434147988	5.34341255839987e-06	2.8552057769265448e-11	1.64132844928233e-06	0.0	0.0	0.0	0.0	0.0	0.0	0.0	0.0	0.0	0.0	0.0	0.0	0.0	0.0	0.0	0.0	0.0	0.0	0.0	0.0	0.0	0.0	0.0	0.0	0.0	0.0	0.0	0.0	0.0	0.0	0.0	0.0	0.0	0.0	0.0	0.0	0.0	0.0	0.0	0.0	0.0	0.0	0.0	0.0	0.0	0.0	0.0	0.0	0.0	0.0	0.0	0.0	0.0	0.0	0.0	0.0	0.0	0.0	0.0	0.0	0.0	0.0	0.0	0.0	0.0	0.0	0.0	0.0	0.0	0.0	0.0	0.0	0.0	0.0	0.0	0.0	0.0	0.0	0.0	0.0	0.0	0.0	0.0	0.0	0.0	0.0	0.0	0.0	0.0	0.0	0.0	0.0	0.0	0.0	0.0	0.0	0.0	0.0	0.0	0.0	0.0	0.0	0.0	0.0	0.0	0.0	0.0	0.0	0.0	0.0	0.0	0.0	0.0	0.0	0.0	0.0	0.0	0.0	0.0	0.0	0.0	0.0	0.0	0.0	0.0	0.0	0.0	0.0
890.5178330490859	4.297580110460103	793022.0109784396	18.469194805822276	878.3942246375146	1.8396290370396853	771576.4138765405	3.3842349939195606	813.5757089361992	1.6439769152869983	661905.4341710391	2.702660097996555	812.5586170077927	888.4890790608724	0.450221	29.398857	0.0816924442331228	0.0480002711629768	-0.007461517	-0.0006468106	-0.0165556609	0.0194433013	-0.0165501702	-0.008187238	-0.0319645294	0.0322313528	-0.0377196803	0.0017477208	-0.0517511045	0.0009745357	0.0231907183	-0.0138264796	0.0110603091	0.0037308074	-0.0147659987	0.0189798882	-0.0087378528	-0.0100267763	-0.0061612877	-0.0133802083	0.0051854274	-0.0024991154	0.0227049567	-0.0118242009	-0.0143322887	-0.0123486629	0.0029680737	-0.0114483164	0.0207444588	0.0122316237	-0.0131871616	0.0030749876	0.0192151165	-0.0010519936	0.0255526527	0.0031710721	0.0026064859	-0.0068473138	0.0021097819	-0.0055947742	-0.0142461573	0.0621956185	0.0008589013	0.0355477233	-0.0392608344	0.0123935941	-0.0022913955	0.0074534293	0.0021372188	0.0055785316	0.0087796402	0.0012086368	0.0246084911	-0.0180168972	0.0113007886	-0.0053426408	0.0037070373	-0.0049676403	0.001168692	-0.0224360399	0.0086834654	0.0911287655	0.0906543325	0.0898654396	0.0887648233	0.0873563013	0.0856447597	0.0531479532392324	0.0022996820712108	5.28853762864842e-06	0.0028247049335196	-0.0560989070768158	0.0309091596444659	0.000955376149927	0.0031470873752132	0.3490407685267769	-0.0295033104080459	0.121829458093763	0.0008704453250335	-0.02116374037083	0.0003781123127209	1.4296892103114854e-07	0.0004479039064838	-0.0013462149210923	7.415271332000036e-07	1.8122946137715475e-06	5.498624892718159e-13	0.0012818954171327	7.520023339001314e-07	5.655075101912448e-13	1.643255860465819e-06	0.0	0.0	0.0	0.0	0.0	0.0	0.0	0.0	0.0	0.0	0.0	0.0	0.0	0.0	0.0	0.0	0.0	0.0	0.0	0.0	0.0	0.0	0.0	0.0	0.0	0.0	0.0	0.0	0.0	0.0	0.0	0.0	0.0	0.0	0.0	0.0	0.0	0.0	0.0	0.0	0.0	0.0	0.0	0.0	0.0	0.0	0.0	0.0	0.0	0.0	0.0	0.0	0.0	0.0	0.0	0.0	0.0	0.0	0.0	0.0	0.0	0.0	0.0	0.0	0.0	0.0	0.0	0.0	0.0	0.0	0.0	0.0	0.0	0.0	0.0	0.0	0.0	0.0	0.0	0.0	0.0	0.0	0.0	0.0	0.0	0.0	0.0	0.0	0.0	0.0	0.0	0.0	0.0	0.0	0.0	0.0	0.0	0.0	0.0	0.0	0.0	0.0	0.0	0.0	0.0	0.0	0.0	0.0	0.0	0.0	0.0	0.0	0.0	0.0	0.0	0.0	0.0	0.0	0.0	0.0	0.0	0.0	0.0	0.0	0.0	0.0	0.0	0.0
891.813105204779	1.2952721556931692	795330.6146149903	1.6777299573140296	884.7420201487355	6.347795511220852	782768.4422168655	40.2945078522756	815.5706810946332	1.9949721584339384	665155.5358611639	3.979913912926568	813.9631440334362	894.8195054219564	0.44832	29.274717	0.0494686749771963	0.0264574252798238	-0.0055712398	-0.0057608832	-0.0077864918	0.0047711807	0.0017619598	0.0130821799	-0.0192016113	0.0306128066	-0.0374541	-0.0177081159	-0.0312298052	0.0078718511	-0.009567203	-0.0045070447	-0.0019522776	0.0109142355	0.002357969	-0.0021666213	0.0216543507	0.0033018575	-0.0198345824	-0.0028284278	-0.0067042193	-0.0260968706	0.0110354781	-0.0050148262	-0.0011480398	-0.0037260803	0.0086542526	-0.0201016088	-0.0111414233	0.0056387105	0.0046229522	0.0172134675	-0.0010100224	0.0046347046	0.0115633891	0.0031566416	0.002163471	-0.0072931668	-0.0023107363	-0.0034916802	-0.0066594998	0.061563018	-0.0011889009	0.032932276	-0.038143517	0.0099837265	-0.001552729	0.017601048	-0.0059746646	0.0040492306	0.0139558042	0.005472366	0.0242447061	-0.0210694689	0.0093885914	-0.0029135565	0.0020859673	-0.0058627089	0.0058454224	-0.0248482942	0.0050294344	0.0910506129	0.0903423981	0.0891661178	0.0875278662	0.0854361313	0.0829017503	0.0352267406589135	-0.0179212125803189	0.0003211698603489	0.0012409232574503	-0.0633326979351522	-0.0072337908583363	5.2327730182151256e-05	0.0040110306277452	0.356452625270748	0.0074118567439711	0.1270584740624083	5.49356203931499e-05	-0.0208261525950406	0.0003375877757893	1.1396550636243307e-07	0.0004337286319119	-0.0013459992039046	2.1571718769987721e-07	1.8117138569118168e-06	4.653390506914403e-14	0.001282128220047	2.328029142999004e-07	5.4197196906526765e-14	1.6438527726408885e-06	0.0	0.0	0.0	0.0	0.0	0.0	0.0	0.0	0.0	0.0	0.0	0.0	0.0	0.0	0.0	0.0	0.0	0.0	0.0	0.0	0.0	0.0	0.0	0.0	0.0	0.0	0.0	0.0	0.0	0.0	0.0	0.0	0.0	0.0	0.0	0.0	0.0	0.0	0.0	0.0	0.0	0.0	0.0	0.0	0.0	0.0	0.0	0.0	0.0	0.0	0.0	0.0	0.0	0.0	0.0	0.0	0.0	0.0	0.0	0.0	0.0	0.0	0.0	0.0	0.0	0.0	0.0	0.0	0.0	0.0	0.0	0.0	0.0	0.0	0.0	0.0	0.0	0.0	0.0	0.0	0.0	0.0	0.0	0.0	0.0	0.0	0.0	0.0	0.0	0.0	0.0	0.0	0.0	0.0	0.0	0.0	0.0	0.0	0.0	0.0	0.0	0.0	0.0	0.0	0.0	0.0	0.0	0.0	0.0	0.0	0.0	0.0	0.0	0.0	0.0	0.0	0.0	0.0	0.0	0.0	0.0	0.0	0.0	0.0	0.0	0.0	0.0	0.0
890.7805522380955	-1.032552966683511	793489.9922456065	1.0661656290069197	886.4393363556304	1.697316206894925	785774.6970386105	2.880882306188176	814.258391173501	-1.3122899211322192	663016.7275964582	1.722104837105206	812.8363087420349	891.9085133463542	0.45205	29.518295	0.029844764093195	0.0185388215636058	-0.0067010671	-0.0033727665	-0.004848266	0.0166196647	-0.0038264331	0.0143892261	-0.018124789	0.0255175102	-0.0177623086	0.0111037995	0.0023418836	0.0609529033	0.027914623	-0.0095971815	0.0070952777	-0.011582519	-0.0061558076	0.0008667886	0.0150007094	0.0221765999	-0.0172475124	-0.0070980231	0.014252403	-0.0127751271	-0.0066589944	-0.0105442417	-0.0077528062	0.0020528513	-0.0148506002	-0.0133781181	-0.0067291392	-0.0052026607	-0.0017658222	0.0105899032	-0.0013303618	0.0140432047	-0.0020994367	0.0094905555	-0.0106324412	-0.0077147589	0.0004174694	-0.0038047899	-0.0128377398	0.063335093	-0.0042679636	0.0348582211	-0.042409546	0.0120288398	-0.0061639582	0.0179641266	0.0007213607	0.0061961588	0.0188666914	-0.0025247052	0.0191864145	-0.015774764	0.0037822713	-0.0074003308	0.0069603958	-0.0105524961	0.0022661604	-0.0224494835	0.0076256396	0.0909568593	0.0899685475	0.0883293083	0.0860510014	0.0831501106	0.0796476241	0.0355917515477699	0.0003650108888563	1.332329489837371e-07	0.0012667727782381	-0.0665702706669435	-0.0032375727317913	1.0481877193638595e-05	0.0044316009366701	0.3409572875271607	-0.0154953377435873	0.1162518719178789	0.0002401054917878	-0.0206921963782357	0.0001339562168049	1.7944268020681766e-08	0.0004281669909554	-0.0012669209350557	7.907826884890018e-05	1.605088655682409e-06	6.2533726041389375e-09	0.0012840305889724	1.9023689254000183e-06	3.619007528327621e-12	1.6487345534168085e-06	0.0	0.0	0.0	0.0	0.0	0.0	0.0	0.0	0.0	0.0	0.0	0.0	0.0	0.0	0.0	0.0	0.0	0.0	0.0	0.0	0.0	0.0	0.0	0.0	0.0	0.0	0.0	0.0	0.0	0.0	0.0	0.0	0.0	0.0	0.0	0.0	0.0	0.0	0.0	0.0	0.0	0.0	0.0	0.0	0.0	0.0	0.0	0.0	0.0	0.0	0.0	0.0	0.0	0.0	0.0	0.0	0.0	0.0	0.0	0.0	0.0	0.0	0.0	0.0	0.0	0.0	0.0	0.0	0.0	0.0	0.0	0.0	0.0	0.0	0.0	0.0	0.0	0.0	0.0	0.0	0.0	0.0	0.0	0.0	0.0	0.0	0.0	0.0	0.0	0.0	0.0	0.0	0.0	0.0	0.0	0.0	0.0	0.0	0.0	0.0	0.0	0.0	0.0	0.0	0.0	0.0	0.0	0.0	0.0	0.0	0.0	0.0	0.0	0.0	0.0	0.0	0.0	0.0	0.0	0.0	0.0	0.0	0.0	0.0	0.0	0.0	0.0	0.0
888.249965560014	-2.5305866780815904	788988.0013173659	6.403868935284019	886.6287997852672	0.1894634296368167	786110.6286086634	0.035896391169745	814.6485874219152	0.3901962484142132	663652.3209885218	0.1522531122765263	813.4910700447044	885.2315681254069	0.443681	28.971802	0.067294145794025	0.0318961325375673	-0.0073500012	-0.0068463162	-0.0084641506	-0.004123951	0.0034373419	0.0183434339	-0.0077526509	0.02956942	-0.0040757085	0.017208322	-0.0239989326	0.0065367082	0.0086205827	-0.0054137298	0.0075111063	0.0016804497	-0.0042800861	-0.008444615	0.0078479618	-0.0148544079	0.0082619544	0.0008893507	0.021976996	0.0083972404	0.0149271528	-0.00586672	-0.0052442759	-0.0035253024	0.001898579	0.0032593437	-0.0025550873	0.0084372973	-0.0006284037	0.0011858201	0.0138320283	0.0040706628	0.021934606	0.0061455224	-0.0061520276	-0.0053892123	-0.0019627683	-0.0029954691	-0.0075827353	0.0603014017	-0.0010368111	0.029846137	-0.0405019397	0.0076124717	-0.0045526836	0.0102629267	-0.0044713924	0.0049849174	0.0182173489	0.0082841903	0.0208167194	-0.0137047312	0.0102256679	-0.002442345	0.0039371677	-0.0049988387	0.0068106024	-0.0148596158	-0.0013739318	0.0908475206	0.089533037	0.0873563013	0.0843382767	0.0805080284	0.0759024438	0.0413230222079334	0.0057312706601635	3.2847463380051004e-05	0.0017075921643973	-0.0786342981835588	-0.0120640275166152	0.0001455407599216	0.0061833528508208	0.3394821537100796	-0.001475133817081	0.1152481326876341	2.176019778296217e-06	-0.021028859164903	-0.0003366627866673	1.1334183192659345e-07	0.0004422129177773	-0.0009230460902949	0.0003438748447607	8.520140848087007e-07	1.1824990885926425e-07	0.0015639672335476	0.0002799366445752	7.836452497602187e-08	2.445993507610533e-06	0.0	0.0	0.0	0.0	0.0	0.0	0.0	0.0	0.0	0.0	0.0	0.0	0.0	0.0	0.0	0.0	0.0	0.0	0.0	0.0	0.0	0.0	0.0	0.0	0.0	0.0	0.0	0.0	0.0	0.0	0.0	0.0	0.0	0.0	0.0	0.0	0.0	0.0	0.0	0.0	0.0	0.0	0.0	0.0	0.0	0.0	0.0	0.0	0.0	0.0	0.0	0.0	0.0	0.0	0.0	0.0	0.0	0.0	0.0	0.0	0.0	0.0	0.0	0.0	0.0	0.0	0.0	0.0	0.0	0.0	0.0	0.0	0.0	0.0	0.0	0.0	0.0	0.0	0.0	0.0	0.0	0.0	0.0	0.0	0.0	0.0	0.0	0.0	0.0	0.0	0.0	0.0	0.0	0.0	0.0	0.0	0.0	0.0	0.0	0.0	0.0	0.0	0.0	0.0	0.0	0.0	0.0	0.0	0.0	0.0	0.0	0.0	0.0	0.0	0.0	0.0	0.0	0.0	0.0	0.0	0.0	0.0	0.0	0.0	0.0	0.0	0.0	0.0
887.7559629571053	-0.4940026029086084	788110.6497658974	0.2440385716804802	879.7871668431666	-6.841632942100659	774025.4589419258	46.80794131443693	811.8478708453438	-2.8007165765714035	659096.965396118	7.844013342281842	810.5298055454346	882.4615500259399	0.436724	28.517485	0.1581962569145598	0.1142637380731407	-0.0078660781	-0.0040268401	-0.0085497883	0.0022878713	-0.0219875827	0.001193579	-0.0225744874	0.0282875157	-0.0314342124	0.0052208269	-0.0167567446	-0.0065566866	0.0001073076	-0.0172412202	0.0176277139	0.0119658475	-0.0156678755	0.0054245845	-0.0095230235	0.0054116173	0.0056979794	-0.0014332738	-0.0179742001	0.0068625031	0.0250617529	-0.0166053552	-0.0139838054	-0.0141613556	0.0072157014	0.0054313198	0.0167897667	-0.0003266763	-0.0099833505	0.0066751031	-0.0057774006	-0.0203581271	0.0157719289	0.0206205833	-0.0110980471	-0.0043036712	0.0030333321	-0.0012071772	-0.0121897118	0.0749529413	-0.0006068246	0.0337104187	-0.0312473543	0.0045423206	-0.0071588872	5.86706e-05	-0.0005978283	-0.0080756582	0.003457259	0.0003343823	0.0263330299	-0.0146135342	0.0157600201	-0.0085542634	0.0034014007	-0.0197682894	-0.0005823322	-0.0167122458	0.009578886	0.0907226157	0.089036165	0.0862485974	0.0823943867	0.0775211985	0.0716892996	0.0438336499704803	0.0025106277625469	6.303251762071263e-06	0.0019213888697345	-0.0663911754517272	0.0122431227318316	0.0001498940542266	0.004407788177862	0.365101933515561	0.0256197798054813	0.1332994218568011	0.0006563731172813	-0.0231310507950076	-0.0021021916301046	4.419209649681837e-06	0.0005350455108812	-0.0007072312625495	0.0002158148277453	5.001760587273599e-07	4.6576039874776653e-08	0.0015255191591036	-3.844807444399997e-05	1.478254428451363e-09	2.3272087047921547e-06	0.0	0.0	0.0	0.0	0.0	0.0	0.0	0.0	0.0	0.0	0.0	0.0	0.0	0.0	0.0	0.0	0.0	0.0	0.0	0.0	0.0	0.0	0.0	0.0	0.0	0.0	0.0	0.0	0.0	0.0	0.0	0.0	0.0	0.0	0.0	0.0	0.0	0.0	0.0	0.0	0.0	0.0	0.0	0.0	0.0	0.0	0.0	0.0	0.0	0.0	0.0	0.0	0.0	0.0	0.0	0.0	0.0	0.0	0.0	0.0	0.0	0.0	0.0	0.0	0.0	0.0	0.0	0.0	0.0	0.0	0.0	0.0	0.0	0.0	0.0	0.0	0.0	0.0	0.0	0.0	0.0	0.0	0.0	0.0	0.0	0.0	0.0	0.0	0.0	0.0	0.0	0.0	0.0	0.0	0.0	0.0	0.0	0.0	0.0	0.0	0.0	0.0	0.0	0.0	0.0	0.0	0.0	0.0	0.0	0.0	0.0	0.0	0.0	0.0	0.0	0.0	0.0	0.0	0.0	0.0	0.0	0.0	0.0	0.0	0.0	0.0	0.0	0.0
888.48236358061	0.7264006235046736	789400.9103937873	0.5276578658279786	881.8194378939542	2.0322710507875854	777605.5210476093	4.130125623869277	811.7031778176789	-0.1446930276648572	658862.0488793185	0.0209360722548231	810.1207493404848	884.9252528991699	0.403884	26.373098	0.0306481022146942	0.0131622605684806	-0.0062636812	-0.0041266891	-0.011924852	-0.0018693914	-0.0063767343	0.0098178342	-0.0146340679	0.0454912927	-0.0105979686	0.001647936	-0.0433841803	-0.0346959879	-0.0128808794	-0.0208783343	0.0136768274	0.013153149	-0.008485321	0.019451981	0.0099340866	-0.0041417286	0.0017309575	-0.0037603898	-0.0038687905	-0.0012137203	0.0169882262	-0.0205241853	-0.0147347879	-0.0106987534	0.0102293825	-0.0084699548	0.0097786154	0.0103509774	0.0041674814	0.007533372	0.0058149966	-0.0048638032	0.0181612322	0.0162411193	-0.0012560774	-0.0042050039	-0.0013048031	-0.0011415155	-0.0081338308	0.0740799502	-0.0017818317	0.0318671008	-0.0296751177	8.6299e-06	-0.0024666027	0.0064655422	-0.0054688592	-0.0105570626	0.0044873426	0.0028569685	0.0228645913	-0.0169497779	0.0181847204	-0.0039685335	0.0063378689	-0.0186135475	0.0026925419	-0.0215590568	-0.0030528767	0.090582166	0.0884782721	0.0850079043	0.0802246594	0.0742024108	0.0670341672	0.0408192762921686	-0.0030143736783116	9.086448672498405e-06	0.0016662133170163	-0.0601524670323669	0.0062387084193602	3.892148274179699e-05	0.0036183192900799	0.3590983560084737	-0.0060035775070872	0.1289516292879885	3.604294288360455e-05	-0.0232324862977119	-0.0001014355027042	1.0289161208873796e-08	0.0005397484195733	-0.0008430120334581	-0.0001357807709085	7.106692885551606e-07	1.8436417748533697e-08	0.0014549065805178	-7.061257858579999e-05	4.986136254535781e-09	2.1167531580339977e-06	0.0	0.0	0.0	0.0	0.0	0.0	0.0	0.0	0.0	0.0	0.0	0.0	0.0	0.0	0.0	0.0	0.0	0.0	0.0	0.0	0.0	0.0	0.0	0.0	0.0	0.0	0.0	0.0	0.0	0.0	0.0	0.0	0.0	0.0	0.0	0.0	0.0	0.0	0.0	0.0	0.0	0.0	0.0	0.0	0.0	0.0	0.0	0.0	0.0	0.0	0.0	0.0	0.0	0.0	0.0	0.0	0.0	0.0	0.0	0.0	0.0	0.0	0.0	0.0	0.0	0.0	0.0	0.0	0.0	0.0	0.0	0.0	0.0	0.0	0.0	0.0	0.0	0.0	0.0	0.0	0.0	0.0	0.0	0.0	0.0	0.0	0.0	0.0	0.0	0.0	0.0	0.0	0.0	0.0	0.0	0.0	0.0	0.0	0.0	0.0	0.0	0.0	0.0	0.0	0.0	0.0	0.0	0.0	0.0	0.0	0.0	0.0	0.0	0.0	0.0	0.0	0.0	0.0	0.0	0.0	0.0	0.0	0.0	0.0	0.0	0.0	0.0	0.0
889.4157367655152	0.9333731849052356	791060.3528061443	0.8711855023001431	880.7702909197126	-1.0491469742415802	775756.3053667952	1.1007093735602629	813.0842825878806	1.3811047702016594	661106.0505914484	1.9074503862737784	811.9093538340846	886.0725540466309	0.42758	27.920441	0.0607898676423335	0.04018899438884	-0.0050540641	-0.003272613	-0.0066660682	0.0036067919	-0.019391678	-0.0021614334	-0.0110286109	0.0187643497	-0.0033622625	-0.0123415832	-0.0168740035	0.0038050805	-0.0262648878	-0.0109972904	0.017261729	0.0067840019	-0.0214225058	0.02557139	0.0062180717	-0.015298923	-0.0063772077	0.0178810009	0.00979285	0.0041659573	0.0364962001	-0.0101956658	-0.0169112595	-0.0216522643	0.0054428685	-0.0101809866	0.0188506712	0.0111460053	-0.0054091862	-0.0101412424	-0.00792332	0.0008112092	0.0380533616	0.005842923	-0.0029404872	-0.0049901335	0.0023494631	-0.0044298669	-0.0111845144	0.0800375759	-0.0033941134	0.0339621956	-0.0231234244	0.0019847722	-0.0031361922	-0.0057436439	0.0046357543	-0.0177211354	0.001454015	0.0031462205	0.02742265	-0.0170805004	0.0204729925	-0.0135570296	0.0135398466	-0.0224704994	-0.0064264753	-0.0211291776	0.0059926252	0.0904261954	0.0878597406	0.0836361352	0.0778350419	0.0705658771	0.0619657467	0.0348472244079829	-0.0059720518841857	3.5665403707406004e-05	0.0012143290489403	-0.0648057250461704	-0.0046532580138034	2.1652810143026437e-05	0.0041997819987598	0.3628329669025731	0.0037346108940994	0.1316477618713237	1.3947318530326165e-05	-0.0239817037815631	-0.0007492174838511	5.613268381083211e-07	0.0005751221162666	-0.0009117524148107	-6.874038135260007e-05	8.312924659131429e-07	4.725240028500888e-09	0.0013442655087167	-0.0001106410718011	1.2241446769296184e-08	1.807049757925368e-06	0.0	0.0	0.0	0.0	0.0	0.0	0.0	0.0	0.0	0.0	0.0	0.0	0.0	0.0	0.0	0.0	0.0	0.0	0.0	0.0	0.0	0.0	0.0	0.0	0.0	0.0	0.0	0.0	0.0	0.0	0.0	0.0	0.0	0.0	0.0	0.0	0.0	0.0	0.0	0.0	0.0	0.0	0.0	0.0	0.0	0.0	0.0	0.0	0.0	0.0	0.0	0.0	0.0	0.0	0.0	0.0	0.0	0.0	0.0	0.0	0.0	0.0	0.0	0.0	0.0	0.0	0.0	0.0	0.0	0.0	0.0	0.0	0.0	0.0	0.0	0.0	0.0	0.0	0.0	0.0	0.0	0.0	0.0	0.0	0.0	0.0	0.0	0.0	0.0	0.0	0.0	0.0	0.0	0.0	0.0	0.0	0.0	0.0	0.0	0.0	0.0	0.0	0.0	0.0	0.0	0.0	0.0	0.0	0.0	0.0	0.0	0.0	0.0	0.0	0.0	0.0	0.0	0.0	0.0	0.0	0.0	0.0	0.0	0.0	0.0	0.0	0.0	0.0
888.1835354349098	-1.232201330605449	788869.9926176557	1.5183201191458382	881.4658834284002	0.6955925086875823	776982.10364821	0.4838489381422842	810.9352512967305	-2.149031291150095	657615.9817956914	4.618335490342244	809.083567786889	888.68973143514	0.518523	33.858887	0.0984244836553061	0.0468423313829424	-0.0029349829	-0.0078345603	-0.0096974885	-0.0116208921	-0.0126951742	0.018608518	-0.0198528044	0.0434238053	-0.0152642525	-0.0041618748	-0.0096679326	-0.0020774317	-0.0331432532	-0.0210250653	0.0170358535	0.0114226551	0.0026133551	0.0064178756	0.009638439	0.0051713314	0.009624851	0.005900278	0.0043373313	-0.0047675129	0.0243182667	-0.0221284798	-0.0162907557	-0.0022155379	0.0113175857	0.0020683509	0.0120374556	-0.0020293212	0.0042468106	0.0107556726	0.0030608897	-0.0014462935	0.0234837471	0.0104309937	-0.0004993262	-0.0038661809	-0.0039359575	-0.0025377979	-0.0107664304	0.0756444384	-0.0013946669	0.0266010828	-0.0275162192	-0.0044833565	-9.06251e-05	-0.0064342037	-0.0148624693	-0.0196173275	-0.0036483481	0.0068095334	0.0290377731	-0.0109427857	0.0280571806	-0.0036930295	-0.0067380897	-0.0190787937	0.0039271346	-0.0176930428	-0.0050735264	0.0902547308	0.0871809944	0.0821354052	0.075232084	0.0666271694	0.0565152869	0.0426970679787075	0.0078498435707246	6.162004408484637e-05	0.0018230396139783	-0.0904876430397081	-0.0256819179935377	0.0006595609118267	0.0081880135428816	0.3446308398817592	-0.0182021270208139	0.1187704157976067	0.0003313174280818	-0.0239104093562491	7.129442531399882e-05	5.082895080853356e-09	0.0005717076755834	-0.0004671345636295	0.0004446178511812	2.182147005373234e-07	1.9768503358898775e-07	0.0017621651336261	0.0004178996249094	1.7464009649941725e-07	3.105225958167491e-06	0.0	0.0	0.0	0.0	0.0	0.0	0.0	0.0	0.0	0.0	0.0	0.0	0.0	0.0	0.0	0.0	0.0	0.0	0.0	0.0	0.0	0.0	0.0	0.0	0.0	0.0	0.0	0.0	0.0	0.0	0.0	0.0	0.0	0.0	0.0	0.0	0.0	0.0	0.0	0.0	0.0	0.0	0.0	0.0	0.0	0.0	0.0	0.0	0.0	0.0	0.0	0.0	0.0	0.0	0.0	0.0	0.0	0.0	0.0	0.0	0.0	0.0	0.0	0.0	0.0	0.0	0.0	0.0	0.0	0.0	0.0	0.0	0.0	0.0	0.0	0.0	0.0	0.0	0.0	0.0	0.0	0.0	0.0	0.0	0.0	0.0	0.0	0.0	0.0	0.0	0.0	0.0	0.0	0.0	0.0	0.0	0.0	0.0	0.0	0.0	0.0	0.0	0.0	0.0	0.0	0.0	0.0	0.0	0.0	0.0	0.0	0.0	0.0	0.0	0.0	0.0	0.0	0.0	0.0	0.0	0.0	0.0	0.0	0.0	0.0	0.0	0.0	0.0
885.1439895876885	-3.039545847221348	783479.88230321	9.23883895736054	879.0620420877035	-2.4038413406966583	772750.0738394035	5.778453191242308	808.474737341823	-2.4605139549074693	653631.4009199297	6.054128922294396	806.5576639678801	887.1070289103191	0.73739	48.15062	0.8001196638313853	0.5274517881570483	0.0004205401	-0.0014038952	-0.0095832012	-0.0246294006	-0.0435646985	-0.0313197189	0.0002421617	0.0471137826	-0.0545522787	0.0111438198	-0.000351426	0.0199179126	-0.0434345964	-0.029548497	0.0118077187	0.0153441024	-0.0182824625	-0.0380200426	0.020127213	0.0301206528	0.0135138768	-0.0002623125	0.062326414	0.0447105868	-0.0049463725	-0.0317399874	-0.0156354624	-0.0194857976	0.0048976854	0.043841611	0.0168984162	-0.050853284	0.010647165	-0.0164144724	0.0263084456	0.0633230881	0.0251854271	0.0250444707	-0.0460308392	-0.0062657227	-0.0021556131	-0.0088654585	-0.0144353098	0.0439704775	0.0416742614	-0.0077765766	0.0088206017	-0.0295298612	0.0440986493	0.1105667138	-0.0330842489	0.0216933559	-0.0552982717	-0.0043260667	0.0331937394	-0.0274260594	0.0170396191	-0.0043173877	-0.002903122	-0.0473764242	0.0109587164	0.0055248727	0.0036470044	0.0900678015	0.0864424987	0.0805080284	0.0724229201	0.062403154	0.0507163915	0.0503933189739029	0.0076962509951954	5.923227938104618e-05	0.0025394865972055	-0.0174665510850502	0.0730210919546579	0.0053320798702506	0.0003050804068066	0.8625818344602862	0.517950994578527	0.7440474211408726	0.2682732327848853	-0.0219118247350851	0.001998584621164	3.994340487953249e-06	0.000480128063221	0.0002580270070553	0.0007251615706848	6.657793636991584e-08	5.258593035980461e-07	0.0004568847994148	-0.0013052803342113	1.703756750878763e-06	2.0874371993630206e-07	1.0	0.0	0.0	0.0	0.0	0.0	0.0	0.0	0.0	0.0	0.0	0.0	0.0	0.0	0.0	0.0	0.0	0.0	0.0	0.0	0.0	0.0	0.0	0.0	0.0	0.0	0.0	0.0	0.0	0.0	0.0	0.0	0.0	0.0	0.0	0.0	0.0	0.0	0.0	0.0	0.0	0.0	0.0	0.0	0.0	0.0	0.0	0.0	0.0	0.0	0.0	0.0	0.0	0.0	0.0	0.0	0.0	0.0	0.0	0.0	0.0	0.0	0.0	0.0	0.0	0.0	0.0	0.0	0.0	0.0	0.0	0.0	0.0	0.0	0.0	0.0	0.0	0.0	0.0	0.0	0.0	0.0	0.0	0.0	0.0	0.0	0.0	0.0	0.0	0.0	0.0	0.0	0.0	0.0	0.0	0.0	0.0	0.0	0.0	0.0	0.0	0.0	0.0	0.0	0.0	0.0	0.0	0.0	0.0	0.0	0.0	0.0	0.0	0.0	0.0	0.0	0.0	0.0	0.0	0.0	0.0	0.0	0.0	0.0	0.0	0.0	0.0	0.0
894.4531253868387	9.309135799150226	800046.3935142837	86.66000932702032	882.1800457842938	3.1180036965903355	778241.6331799788	9.721947051950997	816.1265363546216	7.6517990127986195	666062.5233421916	58.55002813226593	815.076166579108	897.322739364624	0.851904	55.628201	0.990317392046982	0.6347988847176426	0.0022015925	-0.006895522	-0.0052078274	-0.0141320698	-0.0078188162	-0.0177287209	0.0170481043	-0.0011438098	-0.0187934635	-0.0398692512	0.0227587489	0.0656847197	-0.0368026923	0.0060831546	0.0013130034	0.02229616	-0.0111978917	-0.011133573	-0.0064008274	0.0259021963	0.0207986997	0.0006554938	0.0643008587	-0.0133885427	0.0077923911	0.0053884283	0.0014507255	-0.0117769275	0.0172944678	0.0154952843	0.020495669	-0.0057966045	-0.0085777021	0.0376709303	0.012084941	0.0527456483	0.0114279117	-0.0075344734	-0.0053950322	-0.0011433018	-0.0013373075	-0.0031749184	-0.0025473654	0.0432240949	-0.0066167735	0.0397823194	-0.0205430131	-0.0057698701	-0.0188244781	-0.0599081298	0.0055676032	-0.0467037003	-0.0034854297	0.0182075664	0.0140346387	-0.0161163193	0.0342101111	-0.017302399	0.0010418895	-0.0281378518	-0.0247141659	-0.0081869099	-0.0099455835	0.0898654396	0.0856447597	0.0787565141	0.06941525	0.0579119187	0.0446048127	0.0324431739257278	-0.0179501450481751	0.0003222077072505	0.001052559534375	-0.1387197837770628	-0.1212532326920125	0.0147023464382633	0.019243178411155	0.2411534317221821	-0.6214284027381042	0.0581549776313851	0.3861732597296314	-0.024899706485404	-0.0029878817503188	8.927437353888725e-06	0.0006199953830592	-0.001006591433972	-0.0012646184410273	1.0132263149458074e-06	1.5992598013863189e-06	0.0007980968394424	0.0003412120400276	1.1642565625979653e-07	6.369585651279481e-07	0.0	1.0	0.0	0.0	0.0	0.0	0.0	0.0	0.0	0.0	0.0	0.0	0.0	0.0	0.0	0.0	0.0	0.0	0.0	0.0	0.0	0.0	0.0	0.0	0.0	0.0	0.0	0.0	0.0	0.0	0.0	0.0	0.0	0.0	0.0	0.0	0.0	0.0	0.0	0.0	0.0	0.0	0.0	0.0	0.0	0.0	0.0	0.0	0.0	0.0	0.0	0.0	0.0	0.0	0.0	0.0	0.0	0.0	0.0	0.0	0.0	0.0	0.0	0.0	0.0	0.0	0.0	0.0	0.0	0.0	0.0	0.0	0.0	0.0	0.0	0.0	0.0	0.0	0.0	0.0	0.0	0.0	0.0	0.0	0.0	0.0	0.0	0.0	0.0	0.0	0.0	0.0	0.0	0.0	0.0	0.0	0.0	0.0	0.0	0.0	0.0	0.0	0.0	0.0	0.0	0.0	0.0	0.0	0.0	0.0	0.0	0.0	0.0	0.0	0.0	0.0	0.0	0.0	0.0	0.0	0.0	0.0	0.0	0.0	0.0	0.0	0.0	0.0
890.1402178801377	-4.312907506700981	792349.607487699	18.60117116135767	879.6236174447196	-2.556428339574268	773737.7083665343	6.535325855378448	816.3024241181831	0.1758877635614908	666349.6476212221	0.0309365053706629	813.385084305306	891.9564891052246	0.647894	42.306641	0.2198380319639115	0.1092783251161638	-0.0019789057	-0.0066512116	-0.0276001336	-0.028067734	0.0206954869	0.0462110963	-0.0031343207	0.0404065228	0.0273953818	-0.0345020961	-0.0128913033	0.0290164474	-0.0216714621	0.0053375366	-0.0127277409	0.0120773324	-0.0255313135	0.0196513001	-0.0160663761	-0.012659937	0.0241205392	-0.0266598084	-0.0214340278	0.0183552382	0.0358643986	0.0016344055	0.0124812238	-0.0211662873	0.0131333322	0.0085497357	0.0391363465	0.0044863692	-0.0035576265	0.0057335613	0.0220688067	-0.0457231618	0.0148804389	-0.0193604638	0.0026069881	-0.0008363719	0.0008440478	0.0013979445	-0.0088701379	0.0528758822	-0.0114117917	0.0313791241	-0.0311627832	0.0006102761	-0.0194961016	-0.0415880399	0.0088882114	-0.0299333048	0.0005728892	0.0066934279	0.0143398257	-0.0008348525	0.0307076294	-0.0167977852	-0.0049273661	-0.0326667032	-0.0179971508	0.0004252476	0.0017316348	0.0896476797	0.084788324	0.0768835629	0.0662173176	0.0531726956	0.0382182304	0.0306954974296331	-0.0017476764960947	3.054373135001848e-06	0.0009422135624526	-0.0760306371367676	0.0626891466402951	0.0039299291064884	0.0057806577834228	0.2530068386301138	0.0118534069079317	0.0640124603936044	0.000140503255325	-0.0235692743720468	0.0013304321133571	1.7700496082521005e-06	0.0005555106944248	0.0001500946735537	0.0011566861075257	2.252841102919177e-08	1.3379227513429554e-06	0.0011819346569513	0.0003838378175088	1.4733147014999558e-07	1.3969695333025871e-06	0.0	0.0	0.0	0.0	0.0	0.0	0.0	0.0	0.0	0.0	0.0	0.0	0.0	0.0	0.0	0.0	0.0	0.0	0.0	0.0	0.0	0.0	0.0	0.0	0.0	0.0	0.0	0.0	0.0	0.0	0.0	0.0	0.0	0.0	0.0	0.0	0.0	0.0	0.0	0.0	0.0	0.0	0.0	0.0	0.0	0.0	0.0	0.0	0.0	0.0	0.0	0.0	0.0	0.0	0.0	0.0	0.0	0.0	0.0	0.0	0.0	0.0	0.0	0.0	0.0	0.0	0.0	0.0	0.0	0.0	0.0	0.0	0.0	0.0	0.0	0.0	0.0	0.0	0.0	0.0	0.0	0.0	0.0	0.0	0.0	0.0	0.0	0.0	0.0	0.0	0.0	0.0	0.0	0.0	0.0	0.0	0.0	0.0	0.0	0.0	0.0	0.0	0.0	0.0	0.0	0.0	0.0	0.0	0.0	0.0	0.0	0.0	0.0	0.0	0.0	0.0	0.0	0.0	0.0	0.0	0.0	0.0	0.0	0.0	0.0	0.0	0.0	0.0
891.0827376823038	0.942519802166089	794028.4453953895	0.8883435774752035	892.5056338619876	12.882016417268003	796566.3064753882	165.9463469747624	817.1713446277018	0.8689205095187162	667769.0064806462	0.7550228518622655	816.0128312845292	895.0620801696778	0.588166	38.406494	0.1204928581457155	0.0729627561282091	0.0014326721	-0.0062852544	0.005675521	0.0158245327	0.0110384587	0.0218322504	-0.0039741579	0.0147237936	-0.0315358773	0.0075419837	-0.020899672	0.0611272463	-0.0451147668	0.0107196427	-0.0064664357	0.0055965096	0.0032180385	0.0092563693	-0.0035148094	-0.0049101219	-0.0042943262	0.0017927496	-0.0051501507	0.0049901918	0.0187286286	0.0094895501	0.006088573	0.0033034794	0.0053744246	-0.0167916574	0.0015890107	0.0124384798	-0.0176642119	-0.0038986582	-0.0021440907	-0.0028988437	0.0134000503	0.0102790252	-0.0167389065	-0.0010290262	-0.0017920561	0.0004502557	-0.0075398694	0.0595013658	-0.0055003878	0.0273007087	-0.023763166	-0.0046096969	-0.0102159274	-0.0230409842	-0.0041988956	-0.0252435077	-0.0004320045	0.0108455612	0.0195574867	-0.008868327	0.0288023929	-0.0089703345	0.0006818223	-0.0171359921	-0.0014054464	-0.0035661544	-0.0078003882	0.0894145591	0.0838737786	0.0748920628	0.0628378881	0.0482057789	0.0315960199	0.0336742556969227	0.0029787582672896	8.87300081494615e-06	0.0011339554967417	-0.0771775830780114	-0.0011469459412438	1.3154849921356298e-06	0.0059563793297633	0.3167448227635958	0.0637379841334819	0.1003272827475417	0.0040625306214	-0.0234014897355751	0.0001677846364717	2.8151684235941333e-08	0.0005476297218442	-0.0003670814079883	-0.000517176081542	1.3474876009067277e-07	2.674710993191374e-07	0.000814311978891	-0.0003676226780602	1.3514643342422694e-07	6.631039989653764e-07	0.0	0.0	0.0	0.0	0.0	0.0	0.0	0.0	0.0	0.0	0.0	0.0	0.0	0.0	0.0	0.0	0.0	0.0	0.0	0.0	0.0	0.0	0.0	0.0	0.0	0.0	0.0	0.0	0.0	0.0	0.0	0.0	0.0	0.0	0.0	0.0	0.0	0.0	0.0	0.0	0.0	0.0	0.0	0.0	0.0	0.0	0.0	0.0	0.0	0.0	0.0	0.0	0.0	0.0	0.0	0.0	0.0	0.0	0.0	0.0	0.0	0.0	0.0	0.0	0.0	0.0	0.0	0.0	0.0	0.0	0.0	0.0	0.0	0.0	0.0	0.0	0.0	0.0	0.0	0.0	0.0	0.0	0.0	0.0	0.0	0.0	0.0	0.0	0.0	0.0	0.0	0.0	0.0	0.0	0.0	0.0	0.0	0.0	0.0	0.0	0.0	0.0	0.0	0.0	0.0	0.0	0.0	0.0	0.0	0.0	0.0	0.0	0.0	0.0	0.0	0.0	0.0	0.0	0.0	0.0	0.0	0.0	0.0	0.0	0.0	0.0	0.0	0.0
881.5148355453583	-9.567902136945465	777068.4052865602	91.54475130216557	871.8679336448769	-20.637700217110705	760153.6937181874	425.9146702513312	810.1612642921377	-7.010080335564112	656361.2741594351	49.14122631106265	808.2886049790565	886.3024732869466	0.716511	46.787197	0.5426795763133719	0.4057989545941468	-0.0001433485	0.0056191305	-0.0159289621	-0.034014032	-0.0299686376	0.0234290413	-0.0121675935	0.0536288275	-0.012228839	-0.0101082868	-0.0234015861	-0.0468991559	-0.0066130849	-0.0173375746	0.0239096553	0.0231121843	-0.0030045483	0.0088793536	-0.0010396398	-0.0174805357	0.0072515001	-0.0168142757	0.0166601901	0.0331734773	0.0081459612	-0.018393159	-0.0268043651	-0.0055945497	0.0178471697	0.011201092	0.0320404939	-0.0136774604	0.0084382579	-0.0249622437	0.0293670343	0.0110234235	0.0258367899	0.0057230781	-0.020951656	0.002472526	0.0013289439	-0.0059504353	-0.0137209646	0.0799784858	0.0216547183	0.0020749846	0.0038561804	-0.0343176502	0.0248427349	0.0446441442	-0.0244421895	-0.0164285251	-0.0535615621	-0.0052667171	0.0288960513	-0.0165848229	0.0276048769	-0.0071466679	-0.0051712435	-0.0527449505	0.0011768293	-0.003787192	-0.0016811692	0.0891661178	0.0829017503	0.0727850846	0.0592862243	0.0430324377	0.0247790096	0.0227071012446913	-0.0109671544522314	0.000120278476779	0.0005156124469366	-0.0875287675956144	-0.010351184517603	0.0001071470209174	0.007661285156807	0.6792360156169082	0.3624911928533124	0.4613615649111327	0.1313998648962173	-0.0262182252349355	-0.0028167354993604	7.933998873357088e-06	0.0006873953344698	-0.0007176687590209	-0.0003505873510326	5.150484476745987e-07	1.2291149070405552e-07	0.0008042339394795	-1.0078039411500058e-05	1.0156687837974843e-10	6.46792229410716e-07	0.0	0.0	1.0	0.0	0.0	0.0	0.0	0.0	0.0	0.0	0.0	0.0	0.0	0.0	0.0	0.0	0.0	0.0	0.0	0.0	0.0	0.0	0.0	0.0	0.0	0.0	0.0	0.0	0.0	0.0	0.0	0.0	0.0	0.0	0.0	0.0	0.0	0.0	0.0	0.0	0.0	0.0	0.0	0.0	0.0	0.0	0.0	0.0	0.0	0.0	0.0	0.0	0.0	0.0	0.0	0.0	0.0	0.0	0.0	0.0	0.0	0.0	0.0	0.0	0.0	0.0	0.0	0.0	0.0	0.0	0.0	0.0	0.0	0.0	0.0	0.0	0.0	0.0	0.0	0.0	0.0	0.0	0.0	0.0	0.0	0.0	0.0	0.0	0.0	0.0	0.0	0.0	0.0	0.0	0.0	0.0	0.0	0.0	0.0	0.0	0.0	0.0	0.0	0.0	0.0	0.0	0.0	0.0	0.0	0.0	0.0	0.0	0.0	0.0	0.0	0.0	0.0	0.0	0.0	0.0	0.0	0.0	0.0	0.0	0.0	0.0	0.0	0.0
881.849033291165	0.3341977458067049	777657.7175165623	0.1116881333022829	873.9550284348525	2.0870947899755947	763797.3917265638	4.355964662343272	806.9035140818706	-3.2577502102670906	651093.2810376716	10.612936432495273	806.8764967514998	876.317881825765	0.996079	65.042618	1.1008496266649592	0.7274856163209104	0.0076392164	-0.0058338613	-0.0026812558	0.0498322426	-0.0344710895	-0.0709708257	0.110810509	-0.0232302145	0.0117315294	0.0153790661	0.0581004454	0.0380627625	-0.0020466935	-0.0347617214	0.0201896693	0.0129554414	-0.016542651	-0.0047058299	-0.0232632974	0.0416167875	-0.0018184557	0.0119779917	0.0124597567	0.0220934673	-0.0211784587	-0.0327391302	-0.0228175667	-0.0091206989	-0.0018612631	0.0031455043	0.0250866485	-0.0582672573	-0.0182212429	-0.0708282832	-0.0232557788	0.0654463214	-0.0471424925	0.0255592436	-0.0056444949	-0.0021925149	-0.0025939496	-0.0048507466	-0.0115077724	-0.0795181577	0.1032390448	-0.0287687718	0.0222372165	-0.070525013	0.0577979735	0.0813294862	-0.0595262977	-0.0231010278	-0.1016669972	0.0332876601	-0.004261441	-0.0214152029	0.0501236878	-0.0001330561	-0.0243009467	-0.0528522145	-0.015050236	0.0748036721	-0.0032075815	0.0889023983	0.0818729053	0.0705658771	0.0555720611	0.037674825	0.0178092284	-0.0454240126830853	-0.0681311139277766	0.0046418486850396	0.002063340928233	-0.0505208693917609	0.0370078982038535	0.0013695845294667	0.0025523582440993	1.362645630963797	0.6834096153468889	1.8568031155847249	0.4670487023485827	-0.029178033613524	-0.0029598083785885	8.760465637962698e-06	0.0008513576455519	0.0016559394100734	0.0023736081690943	2.7421353298342403e-06	5.634015740391197e-06	-0.0001083694965665	-0.000912603436046	8.328450314829656e-07	1.1743947786076657e-08	0.0	0.0	0.0	1.0	0.0	0.0	0.0	0.0	0.0	0.0	0.0	0.0	0.0	0.0	0.0	0.0	0.0	0.0	0.0	0.0	0.0	0.0	0.0	0.0	0.0	0.0	0.0	0.0	0.0	0.0	0.0	0.0	0.0	0.0	0.0	0.0	0.0	0.0	0.0	0.0	0.0	0.0	0.0	0.0	0.0	0.0	0.0	0.0	0.0	0.0	0.0	0.0	0.0	0.0	0.0	0.0	0.0	0.0	0.0	0.0	0.0	0.0	0.0	0.0	0.0	0.0	0.0	0.0	0.0	0.0	0.0	0.0	0.0	0.0	0.0	0.0	0.0	0.0	0.0	0.0	0.0	0.0	0.0	0.0	0.0	0.0	0.0	0.0	0.0	0.0	0.0	0.0	0.0	0.0	0.0	0.0	0.0	0.0	0.0	0.0	0.0	0.0	0.0	0.0	0.0	0.0	0.0	0.0	0.0	0.0	0.0	0.0	0.0	0.0	0.0	0.0	0.0	0.0	0.0	0.0	0.0	0.0	0.0	0.0	0.0	0.0	0.0	0.0
879.2852960391987	-2.5637372519663586	773142.6318307413	6.572748697120016	867.0047244282512	-6.9503040066013	751697.1921809077	48.30672578417808	815.9146256794787	9.011111597608078	665716.6763976839	81.2001322245468	814.8635535250517	848.7488294067383	1.11256	72.64871999999998	0.7907127203193864	0.6669387513149456	-0.0169416431	0.005221126	-0.0258153618	-0.0178925782	-0.0312284966	-0.0179542687	0.0072105992	0.010796256	-0.0370197924	-0.0212911162	0.0206137107	0.0483610314	-0.0330531472	0.0075995705	0.0185582823	-0.0288321672	-0.0149516338	-0.0198539157	-0.0129983819	0.028759362	-0.0082256498	0.0398797727	0.0144456651	-0.0001375736	-0.0189688287	0.0079794332	-0.0123722068	-0.0055394603	-0.0369126783	0.033224599	0.004828287	0.0085868048	-0.0103929055	-0.0059347807	-0.0292736925	0.0389875973	0.0004730298	0.0045917541	-0.0091442349	-0.0109285244	-0.0068415976	-0.0020727261	-0.0305718738	-0.0754371275	0.0711852866	0.0145708704	-0.0042155563	-0.0443056644	0.0231451028	-0.0156445687	-0.0217946196	-0.0555261685	-0.0986885735	0.0400904194	-0.0109909103	-0.003757241	0.0577731561	-0.0484451222	-0.0261853976	-0.0896573915	-0.0673408191	0.0315743835	0.0098793309	0.0886234459	0.0807879487	0.0682378621	0.0517055788	0.0321558829	0.0107296473	-0.0339453133871074	0.0114786992959779	0.0001317605375274	0.0011522843009489	-0.0596015141471326	-0.0090806447553717	8.245810917325959e-05	0.0035523404886308	0.7030006538504239	-0.6596449771133732	0.4942099193141235	0.4351314958309026	-0.0281687656313642	0.0010092679821598	1.0186218598129196e-06	0.0007934793571947	0.0005552277519771	-0.0011007116580963	3.082778565655441e-07	1.211566154269106e-06	-8.181153729330815e-06	0.0001001883428371	1.003770404045815e-08	6.69312763429435e-11	0.0	0.0	0.0	0.0	1.0	0.0	0.0	0.0	0.0	0.0	0.0	0.0	0.0	0.0	0.0	0.0	0.0	0.0	0.0	0.0	0.0	0.0	0.0	0.0	0.0	0.0	0.0	0.0	0.0	0.0	0.0	0.0	0.0	0.0	0.0	0.0	0.0	0.0	0.0	0.0	0.0	0.0	0.0	0.0	0.0	0.0	0.0	0.0	0.0	0.0	0.0	0.0	0.0	0.0	0.0	0.0	0.0	0.0	0.0	0.0	0.0	0.0	0.0	0.0	0.0	0.0	0.0	0.0	0.0	0.0	0.0	0.0	0.0	0.0	0.0	0.0	0.0	0.0	0.0	0.0	0.0	0.0	0.0	0.0	0.0	0.0	0.0	0.0	0.0	0.0	0.0	0.0	0.0	0.0	0.0	0.0	0.0	0.0	0.0	0.0	0.0	0.0	0.0	0.0	0.0	0.0	0.0	0.0	0.0	0.0	0.0	0.0	0.0	0.0	0.0	0.0	0.0	0.0	0.0	0.0	0.0	0.0	0.0	0.0	0.0	0.0	0.0	0.0
855.039245663547	-24.246050375651635	731092.1116248876	587.8709588186367	829.545939656047	-37.458784772204126	688146.465999834	1403.1605566103117	802.8830006237755	-13.031625055703216	644621.1126906375	169.82325159243186	800.6051513495345	831.5966785278321	1.526086	99.651405	2.7713576067773427	2.1610145875809605	-0.0220342215	0.0109439696	-0.0622159895	0.0490251207	-0.0553003048	-0.0398648097	0.0918994959	-0.1739155999	0.034086153	-0.0225257106	0.0168009777	-0.1026716229	0.1152719169	-0.0447842472	0.0495803006	-0.0239357747	-0.0291967031	0.1102519849	-0.0414301364	-0.0063817451	-0.0329395212	0.0163201216	0.0316002369	0.0170662573	-0.0524157417	-0.0421703095	-0.0525071224	-0.016113747	-0.015694155	-0.0490126809	0.0659923807	0.0002230085	-0.0316297825	-0.0740569881	-0.0105559786	-0.0023507053	-0.0003002055	-0.0403921901	0.0359029727	-0.0086067984	-0.0126165508	0.0343307714	0.0111915126	-0.2624231624	0.0471241573	-0.069352845	0.0166178526	0.0097104931	-0.0046806976	-0.0063684655	-0.0166374724	-0.030740628	-0.0235104514	0.0325930954	-0.027881959	0.023247872	-0.0108933436	-0.0028113035	0.0219130593	-0.0399393836	-0.0185619116	0.0184947785	0.0182630392	0.0883293083	0.0796476241	0.0658046293	0.047697375	0.0264992443	0.0035839144	-0.0184696400156667	0.0154756733714407	0.0002394964662995	0.0003411276023083	0.1022839983372136	0.1618855124843462	0.0262069191523194	0.0104620163158471	0.0259643896673367	-0.6770362641830872	0.0006741495307973	0.4583781030189909	0.0099432016563745	0.0381119672877387	0.0014525220505416	9.88672591793286e-05	0.0004812078505236	-7.401990145349999e-05	2.315609954055434e-07	5.478945811185851e-09	-0.0001613970993065	-0.0001532159455771	2.3475125979106077e-08	2.6049023664552227e-08	0.0	0.0	0.0	0.0	0.0	1.0	0.0	0.0	0.0	0.0	0.0	0.0	0.0	0.0	0.0	0.0	0.0	0.0	0.0	0.0	0.0	0.0	0.0	0.0	0.0	0.0	0.0	0.0	0.0	0.0	0.0	0.0	0.0	0.0	0.0	0.0	0.0	0.0	0.0	0.0	0.0	0.0	0.0	0.0	0.0	0.0	0.0	0.0	0.0	0.0	0.0	0.0	0.0	0.0	0.0	0.0	0.0	0.0	0.0	0.0	0.0	0.0	0.0	0.0	0.0	0.0	0.0	0.0	0.0	0.0	0.0	0.0	0.0	0.0	0.0	0.0	0.0	0.0	0.0	0.0	0.0	0.0	0.0	0.0	0.0	0.0	0.0	0.0	0.0	0.0	0.0	0.0	0.0	0.0	0.0	0.0	0.0	0.0	0.0	0.0	0.0	0.0	0.0	0.0	0.0	0.0	0.0	0.0	0.0	0.0	0.0	0.0	0.0	0.0	0.0	0.0	0.0	0.0	0.0	0.0	0.0	0.0	0.0	0.0	0.0	0.0	0.0	0.0
887.255257813927	32.216012150379925	787221.892518458	1037.871438873427	872.3940857973965	42.8481461413495	761071.4409342753	1835.963627750444	815.6561441137269	12.773143489951394	665294.9454304728	163.1531946148877	813.0969671220428	862.9641342773438	1.581474	103.268158	0.5192387113431504	0.422513554920493	7.15779e-05	0.0042396315	-0.0112728208	0.0065183472	0.0455313514	0.010419123	0.0630680269	-0.0601140061	0.0554106662	0.0031103178	0.0224134853	-0.1072981519	-0.0192472548	0.0073703934	-0.0135926739	-0.035902795	0.0280687567	-0.0385739435	0.0238833513	0.0187676422	-0.0388094078	0.047730568	-0.048974686	-0.0131505212	-0.0715854597	0.007824975	0.017619883	0.016291941	-0.0333120169	-0.0117622819	-0.0661426597	0.0034725784	0.0094788367	0.0148942177	-0.0321863506	0.0074720699	-0.0697481578	-0.0010543561	-0.0122555653	-0.005174213	-0.0028628612	0.0219420159	0.0049949883	-0.2268140319	0.034463999	-0.0492789045	0.0025763985	0.0277746382	0.0091345458	0.0251395325	7.50295e-05	0.0322002305	0.0250986472	0.0177871808	-0.0468831006	0.0228992621	-0.0274987909	0.01207499	-0.0198589311	0.0139408331	-0.0035505232	0.0402111288	-0.0104911675	0.0880200359	0.0784527129	0.0632699305	0.0435584361	0.0207291319	-0.0035839144	-0.0023032094725579	0.0161664305431088	0.0002613534765051	5.30477387448044e-06	0.0464455052879202	-0.0558384930492934	0.0031179373060159	0.0021571849614502	0.016671042478805	-0.0092933471885317	0.0002779236573301	8.636630196659007e-05	0.0017350013061491	-0.0082082003502254	6.737455298944037e-05	3.0102295323390825e-06	4.395830962256042e-05	-0.000437249540901	1.932332984872888e-09	1.911871610181699e-07	-4.803817918860929e-05	0.0001133589201178	1.2850244770294327e-08	2.3076666597569344e-09	0.0	0.0	0.0	0.0	0.0	0.0	1.0	0.0	0.0	0.0	0.0	0.0	0.0	0.0	0.0	0.0	0.0	0.0	0.0	0.0	0.0	0.0	0.0	0.0	0.0	0.0	0.0	0.0	0.0	0.0	0.0	0.0	0.0	0.0	0.0	0.0	0.0	0.0	0.0	0.0	0.0	0.0	0.0	0.0	0.0	0.0	0.0	0.0	0.0	0.0	0.0	0.0	0.0	0.0	0.0	0.0	0.0	0.0	0.0	0.0	0.0	0.0	0.0	0.0	0.0	0.0	0.0	0.0	0.0	0.0	0.0	0.0	0.0	0.0	0.0	0.0	0.0	0.0	0.0	0.0	0.0	0.0	0.0	0.0	0.0	0.0	0.0	0.0	0.0	0.0	0.0	0.0	0.0	0.0	0.0	0.0	0.0	0.0	0.0	0.0	0.0	0.0	0.0	0.0	0.0	0.0	0.0	0.0	0.0	0.0	0.0	0.0	0.0	0.0	0.0	0.0	0.0	0.0	0.0	0.0	0.0	0.0	0.0	0.0	0.0	0.0	0.0	0.0
878.6865206920803	-8.568737121846652	772090.0016459536	73.42325586331285	867.6576387232	-4.736447074196576	752829.7780347189	22.433930886665305	813.1789853761522	-2.477158737574655	661260.0622573884	6.136315411142458	810.7126777522045	855.8436681722005	0.952889	62.222374	0.52049720432943	0.3565709289036368	-0.0023675508	0.024244691	-0.0047584725	0.0071731674	0.0109600322	-0.0206037848	-0.01518982	-0.0181404522	0.0391245408	0.0117341998	0.00928852	-0.083015274	0.0970029587	-0.003198982	-0.0079978457	-0.0307040833	0.0224190322	-0.0075078968	0.0043437017	-0.0078581258	0.0010946221	-0.0016800059	-0.0080956086	0.0058523528	-0.0289711199	-0.0025068824	0.0071715144	0.0172533644	-0.0175574307	0.0018815884	-0.0247001431	0.0163399517	0.0142432184	0.0015456333	-0.000907291	-0.0189361677	-0.0160926707	-0.0142787777	0.0032370626	0.0051853885	0.0002442281	0.0103869037	0.0144802747	-0.1357571346	0.0047267726	-0.0333424679	0.0267529407	0.0251099591	0.0041970052	0.0374073996	0.0196830494	0.0686770591	0.0284660646	-0.0089942436	-0.0531394786	0.0299965554	-0.0538880152	0.0237404488	-0.0089515579	0.0499510264	0.0052472132	0.0158029716	-0.0221939355	0.0876956817	0.0772040342	0.060637674	0.0393001065	0.0148702542	-0.0107296473	0.0230935687138469	0.0253967781864048	0.0006449963422494	0.0005333129159411	0.0978569931885999	0.0514114879006797	0.0026431410881617	0.0095759911159136	0.1045932973824506	0.0879222549036456	0.0109397578573337	0.0077303229073416	-0.0044170461252896	-0.0061520474314387	3.78476875986715e-05	1.9510296472935863e-05	7.30428662778504e-05	2.9084556655289973e-05	5.335260314083934e-09	8.459114358347722e-10	0.0008861634994914	0.00093420167868	8.727327764485473e-07	7.852857478308444e-07	0.0	0.0	0.0	0.0	0.0	0.0	0.0	1.0	0.0	0.0	0.0	0.0	0.0	0.0	0.0	0.0	0.0	0.0	0.0	0.0	0.0	0.0	0.0	0.0	0.0	0.0	0.0	0.0	0.0	0.0	0.0	0.0	0.0	0.0	0.0	0.0	0.0	0.0	0.0	0.0	0.0	0.0	0.0	0.0	0.0	0.0	0.0	0.0	0.0	0.0	0.0	0.0	0.0	0.0	0.0	0.0	0.0	0.0	0.0	0.0	0.0	0.0	0.0	0.0	0.0	0.0	0.0	0.0	0.0	0.0	0.0	0.0	0.0	0.0	0.0	0.0	0.0	0.0	0.0	0.0	0.0	0.0	0.0	0.0	0.0	0.0	0.0	0.0	0.0	0.0	0.0	0.0	0.0	0.0	0.0	0.0	0.0	0.0	0.0	0.0	0.0	0.0	0.0	0.0	0.0	0.0	0.0	0.0	0.0	0.0	0.0	0.0	0.0	0.0	0.0	0.0	0.0	0.0	0.0	0.0	0.0	0.0	0.0	0.0	0.0	0.0	0.0	0.0
886.9667934796721	8.280272787591798	786710.0927356113	68.56291743693325	875.8504999086455	8.192861185445508	767114.0981902241	67.12297440397958	816.4700511214912	3.291065745338983	666623.3443783305	10.831113740143635	814.6219121197903	871.4953096110027	0.640079	41.796326	0.147492605627229	0.0838483206574872	0.00544011	0.0091324739	0.0081726787	-0.0104526344	0.0148489547	-0.0316134049	0.0046633202	-0.0504670574	0.0192320572	-0.028568597	-0.027332705	-0.0929188632	0.0218691473	0.0136399824	-0.0179033621	-0.0012658881	0.0141653393	-0.026035966	-0.0118212032	0.003238928	0.0032118626	-0.0162054452	-0.0138023172	-0.0105853042	-0.0024359687	0.0136485775	0.0208355545	0.0060898936	0.0004113924	0.0146563142	-0.0166059213	-0.0024787787	-0.0007294148	0.0189114758	0.0198689641	-0.0199703609	-0.0184739596	-0.0164833623	0.0135118928	0.0068451749	0.0016503921	0.0079694464	0.0153291474	-0.0998384335	-0.0088502321	-0.051051035	0.0359958321	0.0190968681	0.008960053	0.058507503	0.0135728726	0.0704866564	0.0271805775	-0.0198316996	-0.0367291313	0.0275848373	-0.06208085	0.0350743892	-0.0026426987	0.0573407348	0.0204008781	0.0142637477	-0.0146519832	0.0873563013	0.0759024438	0.0579119187	0.034934058	0.0089476998	-0.0178092284	0.0229205001166405	-0.0001730685972064	2.9952739338991416e-08	0.0005253493255969	0.0542375625425251	-0.0436194306460748	0.0019026547298877	0.0029417131905543	0.1669983239544024	0.0624050265719517	0.0278884402035795	0.003894387341446	-0.0049180065820003	-0.0005009604567107	2.509613791877936e-07	2.418678874059828e-05	-3.664978509076988e-05	-0.0001096926513686	1.343206747199618e-09	1.203247776427767e-08	0.0006709150113308	-0.0002152484881605	4.6331911655423946e-08	4.501269524290075e-07	0.0	0.0	0.0	0.0	0.0	0.0	0.0	0.0	0.0	0.0	0.0	0.0	0.0	0.0	0.0	0.0	0.0	0.0	0.0	0.0	0.0	0.0	0.0	0.0	0.0	0.0	0.0	0.0	0.0	0.0	0.0	0.0	0.0	0.0	0.0	0.0	0.0	0.0	0.0	0.0	0.0	0.0	0.0	0.0	0.0	0.0	0.0	0.0	0.0	0.0	0.0	0.0	0.0	0.0	0.0	0.0	0.0	0.0	0.0	0.0	0.0	0.0	0.0	0.0	0.0	0.0	0.0	0.0	0.0	0.0	0.0	0.0	0.0	0.0	0.0	0.0	0.0	0.0	0.0	0.0	0.0	0.0	0.0	0.0	0.0	0.0	0.0	0.0	0.0	0.0	0.0	0.0	0.0	0.0	0.0	0.0	0.0	0.0	0.0	0.0	0.0	0.0	0.0	0.0	0.0	0.0	0.0	0.0	0.0	0.0	0.0	0.0	0.0	0.0	0.0	0.0	0.0	0.0	0.0	0.0	0.0	0.0	0.0	0.0	0.0	0.0	0.0	0.0
887.8398715158097	0.8730780361375992	788259.6374532095	0.7622652571858869	869.9740151244324	-5.876484784213062	756854.7869917261	34.53307341908764	816.4866103420277	0.0165592205364646	666650.3848678141	0.0002742077847752	813.8086721954015	871.7352489115398	0.577365	37.701187	0.2161973990219244	0.1354427628332601	0.0060294766	0.0109836206	0.0109881785	-0.0347836707	-0.0230731456	-0.0588841502	-0.019375583	-0.0581559874	-0.0201723639	-0.0425498921	-0.0051457957	-0.0382190761	-0.009452275	0.0128341021	-0.0308004863	0.019359305	0.0294566774	0.0134277056	-0.0124604456	0.0004794106	0.0033229685	-0.0257487072	-0.0184272631	-0.0397510379	0.0056791044	0.010938953	0.0284184581	0.0147189659	0.0222954076	-0.0054257362	0.0081312273	-0.0077646214	0.00692479	0.0127772815	0.0261889915	-0.0240340742	-0.0011017728	-0.0469831394	0.0162033014	0.0071697131	0.0037802898	0.003293481	0.0182603952	-0.0361400181	-0.0239312975	-0.0441434161	0.0436812973	0.0042805114	0.0196102001	0.0626331802	0.0110292359	0.0731082926	0.0319813459	-0.0305509601	-0.0059165436	0.0172541882	-0.0569728036	0.0379776539	0.005150325	0.0539044312	0.0171985422	-0.0100944447	-0.0076476153	0.0870019529	0.0745488335	0.0550968674	0.0304722578	0.00298683	-0.0247790096	0.0379282486036771	0.0150077484870366	0.0002252325146501	0.0014385520421423	0.0340921926005819	-0.0201453699419432	0.0004058359300977	0.0011622775963151	0.1459681387342613	-0.0210301852201411	0.0213066975255445	0.0004422686903934	-0.0075142477065966	-0.0025962411245962	6.740467977045057e-06	5.6463918596092256e-05	0.0004580736509816	0.0004947234360723	2.098314697236127e-07	2.447512781992523e-07	0.0007802323581182	0.0001093173467873	1.1950282308636662e-08	6.08762532654687e-07	0.0	0.0	0.0	0.0	0.0	0.0	0.0	0.0	0.0	0.0	0.0	0.0	0.0	0.0	0.0	0.0	0.0	0.0	0.0	0.0	0.0	0.0	0.0	0.0	0.0	0.0	0.0	0.0	0.0	0.0	0.0	0.0	0.0	0.0	0.0	0.0	0.0	0.0	0.0	0.0	0.0	0.0	0.0	0.0	0.0	0.0	0.0	0.0	0.0	0.0	0.0	0.0	0.0	0.0	0.0	0.0	0.0	0.0	0.0	0.0	0.0	0.0	0.0	0.0	0.0	0.0	0.0	0.0	0.0	0.0	0.0	0.0	0.0	0.0	0.0	0.0	0.0	0.0	0.0	0.0	0.0	0.0	0.0	0.0	0.0	0.0	0.0	0.0	0.0	0.0	0.0	0.0	0.0	0.0	0.0	0.0	0.0	0.0	0.0	0.0	0.0	0.0	0.0	0.0	0.0	0.0	0.0	0.0	0.0	0.0	0.0	0.0	0.0	0.0	0.0	0.0	0.0	0.0	0.0	0.0	0.0	0.0	0.0	0.0	0.0	0.0	0.0	0.0
896.5895875482365	8.749716032426818	803872.8884999169	76.55753064810689	880.9543475857029	10.98033246127045	776080.5625301513	120.56770096002958	818.1360563335046	1.6494459914769095	669346.6066729394	2.720672078799245	816.3101976109172	897.3306151529948	0.557229	36.386341	0.1124440688410127	0.0757465751875437	0.0162221741	-0.0031094352	0.0198495017	-0.010548087	-0.0232072306	-0.0278249603	-0.0295544291	0.005087705	-0.0386797131	-0.0044369885	-0.0210637551	0.0031909233	-0.0127964454	0.0211843623	-0.0250287947	0.0268686498	0.0205987833	0.0211580592	-0.0127078073	-0.0034639514	0.0149024295	-0.0192433593	-0.028693681	-0.043200238	0.0257695106	0.0210418231	0.0238909549	0.0035420534	0.0299837269	-0.0108635199	0.013383494	0.0086575563	-0.000861296	0.0202406883	0.0235729609	-0.0316194364	0.0048386385	-0.005305293	0.0115149667	0.0065650846	0.0013193349	0.001676272	0.010622499	0.0027420339	-0.033114784	-0.0385921395	0.0314663403	0.0119958488	0.0199990402	0.0735606756	0.0093076899	0.0776354732	0.0374380046	-0.0365645752	0.0029185246	0.0125814583	-0.0463967891	0.040285768	0.00870691	0.0553274117	0.0354149456	-0.0201937752	-0.0010082087	0.0866326972	0.0731441312	0.0521968607	0.0259269352	-0.00298683	-0.0315960199	0.0437891926658977	0.0058609440622206	3.435066530047895e-05	0.0019174933943311	0.0031160760588306	-0.0309761165417512	0.0009595197960081	9.709930004417243e-06	0.1403321242981405	-0.0056360144361208	0.0196931051100287	3.1764658724162066e-05	-0.0089118019011801	-0.0013975541945835	1.9531577267979355e-06	7.942021312587724e-05	0.0004570292696726	-1.044381308999958e-06	2.0887575333747018e-07	1.0907323185884658e-12	0.0007810536582441	8.213001259000687e-07	6.745338968034688e-13	6.100448170564914e-07	0.0	0.0	0.0	0.0	0.0	0.0	0.0	0.0	0.0	0.0	0.0	0.0	0.0	0.0	0.0	0.0	0.0	0.0	0.0	0.0	0.0	0.0	0.0	0.0	0.0	0.0	0.0	0.0	0.0	0.0	0.0	0.0	0.0	0.0	0.0	0.0	0.0	0.0	0.0	0.0	0.0	0.0	0.0	0.0	0.0	0.0	0.0	0.0	0.0	0.0	0.0	0.0	0.0	0.0	0.0	0.0	0.0	0.0	0.0	0.0	0.0	0.0	0.0	0.0	0.0	0.0	0.0	0.0	0.0	0.0	0.0	0.0	0.0	0.0	0.0	0.0	0.0	0.0	0.0	0.0	0.0	0.0	0.0	0.0	0.0	0.0	0.0	0.0	0.0	0.0	0.0	0.0	0.0	0.0	0.0	0.0	0.0	0.0	0.0	0.0	0.0	0.0	0.0	0.0	0.0	0.0	0.0	0.0	0.0	0.0	0.0	0.0	0.0	0.0	0.0	0.0	0.0	0.0	0.0	0.0	0.0	0.0	0.0	0.0	0.0	0.0	0.0	0.0
895.2967831546737	-1.2928043935628466	801556.3299271067	1.6713432000153996	878.6687385757248	-2.2856090099780886	772058.7521502554	5.224008546493018	820.8505818601258	2.7145255266211734	673795.677740107	7.368648834677959	818.3471258002093	887.373410308838	0.666099	43.495415	0.441668369315028	0.270168042153616	0.0103065352	0.0083180105	0.0136764082	0.0160488755	5.13504e-05	-0.0248578264	-0.0027232924	-0.0192397479	-0.0202003759	0.0199133751	-0.027635942	-0.0064899312	0.0274827969	0.0374807998	-0.0209202802	0.0114904515	0.0284030329	-0.0097090196	-0.0240390414	-0.0029220537	0.0066280441	-0.0321873238	-0.0022652637	-0.0042883952	-0.0219946096	0.0347812112	0.0205191514	0.0259558992	0.0166331996	0.009674289	0.0001960827	0.0152688558	-0.0113899664	0.0032190224	0.0352555211	-0.015099354	-0.0206144802	-0.0128597422	0.0022857844	0.0034985593	0.0020280333	0.0028188206	0.023386874	-0.0551378735	-0.0288037044	-0.0425752493	0.0364418182	0.0220176423	0.0073659925	0.0369370673	0.0020589799	0.0404858757	0.0211094251	-0.0276804651	-0.0129038624	0.0297957782	-0.0715001547	0.0337341961	-0.0155056396	0.0632733045	0.027237873	0.0008453061	0.0049227471	0.0862485974	0.0716892996	0.0492163702	0.0213105486	-0.0089476998	-0.0382182304	0.0508806597165687	0.0070914670506709	5.028890493075244e-05	0.0025888415331932	0.0242286819186006	0.02111260585977	0.0004457421261899	0.0005870290275127	-0.0854702931135165	-0.225802417411657	0.0073051710049104	0.0509867317089481	-0.0069709944514463	0.0019408074497337	3.766733556942216e-06	4.85947636420951e-05	-0.0011504493638885	-0.0016074786335611	1.3235337388714545e-06	2.583987557355462e-06	0.0009860051548078	0.0002049514965636	4.200511594370028e-08	9.722061653075534e-07	0.0	0.0	0.0	0.0	0.0	0.0	0.0	0.0	0.0	0.0	0.0	0.0	0.0	0.0	0.0	0.0	0.0	0.0	0.0	0.0	0.0	0.0	0.0	0.0	0.0	0.0	0.0	0.0	0.0	0.0	0.0	0.0	0.0	0.0	0.0	0.0	0.0	0.0	0.0	0.0	0.0	0.0	0.0	0.0	0.0	0.0	0.0	0.0	0.0	0.0	0.0	0.0	0.0	0.0	0.0	0.0	0.0	0.0	0.0	0.0	0.0	0.0	0.0	0.0	0.0	0.0	0.0	0.0	0.0	0.0	0.0	0.0	0.0	0.0	0.0	0.0	0.0	0.0	0.0	0.0	0.0	0.0	0.0	0.0	0.0	0.0	0.0	0.0	0.0	0.0	0.0	0.0	0.0	0.0	0.0	0.0	0.0	0.0	0.0	0.0	0.0	0.0	0.0	0.0	0.0	0.0	0.0	0.0	0.0	0.0	0.0	0.0	0.0	0.0	0.0	0.0	0.0	0.0	0.0	0.0	0.0	0.0	0.0	0.0	0.0	0.0	0.0	0.0
896.9201925467514	1.6234093920777468	804465.8317981017	2.63545805428624	898.630273992365	19.96153541664023	807536.369335593	398.4628961897823	819.3288948709894	-1.5216869891363558	671299.8379705169	2.315531292906868	819.5420191082848	889.8867125956217	0.7483649999999998	48.867264	0.4647573175203693	0.2957160008587548	0.0070715448	-0.00122158	0.0286708558	-0.0135129431	0.0548026569	0.034032442	0.0170799137	-0.0354389688	0.0302953492	0.002659202	0.0475478656	0.05428847	-0.0006823636	0.0288749776	-0.0196250888	-0.0433117225	0.0194381195	-0.0478282238	-0.0055599073	0.0156039858	-0.0114188692	0.0121609034	-0.0570930695	0.0059837877	-0.069120389	0.0311780482	0.0286275826	0.0238701171	-0.0337503275	0.0296778723	-0.0438586928	-0.0093924596	0.0024992891	-0.002355442	-0.0364587104	-0.0265506108	-0.0798381184	0.0005268961	0.0013764534	-0.0021101861	-0.0031569041	0.0123624896	0.0210234999	-0.1859506748	-0.010919797	-0.0321180976	0.0209953353	0.030086807	-0.0155260398	-0.0203563687	-0.0005194729	-0.0086484737	-0.010658399	0.0202194563	-0.054408587	0.0559779444	-0.0614485772	0.0007435769	-0.0393648288	0.0497847558	0.0044971163	0.0369824734	-0.0185366342	0.0858497193	0.0701853358	0.0461599916	0.0166357513	-0.0148702542	-0.0446048127	0.0245778721924807	-0.026302787524088	0.0006918366315373	0.0006040718015099	-0.0041965700135335	-0.0284252519321341	0.0008079949474052	1.761119987848856e-05	-0.3162324091984487	-0.2307621160849322	0.1000029366274551	0.0532511542199957	-0.0041573614426821	0.0028136330087641	7.916530708007483e-06	1.7283654165099792e-05	-0.0017061094124994	-0.0005556600486109	2.910809327419048e-06	3.087580896222677e-07	0.0007699549725986	-0.0002160501822091	4.66776812326285e-08	5.928306598293108e-07	0.0	0.0	0.0	0.0	0.0	0.0	0.0	0.0	0.0	0.0	0.0	0.0	0.0	0.0	0.0	0.0	0.0	0.0	0.0	0.0	0.0	0.0	0.0	0.0	0.0	0.0	0.0	0.0	0.0	0.0	0.0	0.0	0.0	0.0	0.0	0.0	0.0	0.0	0.0	0.0	0.0	0.0	0.0	0.0	0.0	0.0	0.0	0.0	0.0	0.0	0.0	0.0	0.0	0.0	0.0	0.0	0.0	0.0	0.0	0.0	0.0	0.0	0.0	0.0	0.0	0.0	0.0	0.0	0.0	0.0	0.0	0.0	0.0	0.0	0.0	0.0	0.0	0.0	0.0	0.0	0.0	0.0	0.0	0.0	0.0	0.0	0.0	0.0	0.0	0.0	0.0	0.0	0.0	0.0	0.0	0.0	0.0	0.0	0.0	0.0	0.0	0.0	0.0	0.0	0.0	0.0	0.0	0.0	0.0	0.0	0.0	0.0	0.0	0.0	0.0	0.0	0.0	0.0	0.0	0.0	0.0	0.0	0.0	0.0	0.0	0.0	0.0	0.0
889.9364732389668	-6.983719307784668	791986.9264010102	48.77233536992436	889.4293347148152	-9.200939277549764	791084.5414512388	84.65728358915798	818.0190351903744	-1.3098596806149772	669155.1419337911	1.71573238290077	817.2800949659368	888.0001809488932	0.667535	43.58913	0.316416965927992	0.2147567006913787	0.0088800722	-0.000640602	0.0205079373	-0.0001948388	0.0416372105	0.0313252621	0.0133693714	-0.0472249524	0.0513864594	-0.0176191644	0.1011882359	0.0784833584	0.0105360027	0.0245003015	-0.0141349424	-0.0327094151	0.0253600162	-0.0243151217	-0.012326358	-0.0080404417	-0.0014199392	0.0168227775	-0.0225906185	-0.0033434007	-0.0329058488	0.0249912694	0.0162878821	0.0322789235	-0.0250098967	0.008642464	-0.038945793	0.0078645636	-0.0050862977	-0.0001198657	-0.0363405139	-0.0072604172	-0.0345302786	-0.0130360272	0.0182992771	0.0023785358	-0.0006551718	0.0055484342	0.0233235616	-0.1102306196	-0.0331948369	-0.0347665665	0.0268886353	0.0244098755	-0.0231311116	-0.0344096949	0.0172053865	0.0023129336	0.0230355826	-0.0007316334	-0.0483870016	0.0431509742	-0.0681593097	0.0115413585	-0.0123486221	0.066860595	-0.0003797593	0.0241166538	-0.0059580787	0.0854361313	0.0686332704	0.0430324377	0.0119153566	-0.0207291319	-0.0507163915	0.0319973181759252	0.0074194459834445	5.504817870125077e-05	0.0010238283704513	0.0255844366488275	0.029781006662361	0.0008869083578235	0.0006545633986378	-0.3431401052956602	-0.0269076960972114	0.1177451318623167	0.0007240241092598	-0.00825633321348	-0.0040989717707979	1.6801569577798074e-05	6.8167038132013e-05	-0.0021320620792417	-0.0004259526667423	4.5456887097404414e-06	1.8143567430487698e-07	0.0002487030664393	-0.0005212519061593	2.717035496747037e-07	6.185321525631086e-08	0.0	0.0	0.0	0.0	0.0	0.0	0.0	0.0	0.0	0.0	0.0	0.0	0.0	0.0	0.0	0.0	0.0	0.0	0.0	0.0	0.0	0.0	0.0	0.0	0.0	0.0	0.0	0.0	0.0	0.0	0.0	0.0	0.0	0.0	0.0	0.0	0.0	0.0	0.0	0.0	0.0	0.0	0.0	0.0	0.0	0.0	0.0	0.0	0.0	0.0	0.0	0.0	0.0	0.0	0.0	0.0	0.0	0.0	0.0	0.0	0.0	0.0	0.0	0.0	0.0	0.0	0.0	0.0	0.0	0.0	0.0	0.0	0.0	0.0	0.0	0.0	0.0	0.0	0.0	0.0	0.0	0.0	0.0	0.0	0.0	0.0	0.0	0.0	0.0	0.0	0.0	0.0	0.0	0.0	0.0	0.0	0.0	0.0	0.0	0.0	0.0	0.0	0.0	0.0	0.0	0.0	0.0	0.0	0.0	0.0	0.0	0.0	0.0	0.0	0.0	0.0	0.0	0.0	0.0	0.0	0.0	0.0	0.0	0.0	0.0	0.0	0.0	0.0
889.1523745967329	-0.7840986422338574	790591.9452510088	0.6148106807529787	884.3369106936765	-5.092424021138754	782051.7716152355	25.932782411071	818.8864489219171	0.8674137315426833	670575.0162279475	0.7524065816688023	817.5237475082828	876.3753257751465	0.625608	40.851364	0.4414899605536092	0.18278765472042	0.0045096183	-0.0039042873	0.0074660146	-0.0034998181	0.0364871755	0.0270632738	0.0282319739	-0.0383392755	0.0612290728	0.0040321817	0.0614060809	-0.0031158381	0.0097341891	0.0300746756	-0.0177434871	-0.0262701722	0.0341304806	-0.047131627	0.0092989931	0.0107914543	-0.0159946244	0.0091815056	0.0070361637	0.0045706172	-0.031344775	0.0296446747	0.0226066476	0.0353187195	-0.0220000341	0.0139042723	-0.0501357065	-0.0109425443	0.0088191611	0.01317671	-0.0113930469	0.0149519334	-0.0350658835	0.0008344357	-0.0020315299	0.0088586266	0.0039055256	2.92465e-05	0.0174111086	-0.0719019717	-0.0300621382	-0.0341085281	0.0454096924	0.0129446394	-0.0301823633	-0.0636838142	0.0273745811	-0.0017965845	0.0276689222	-0.0075281122	-0.0591067315	0.0456583024	-0.0500803865	0.0005952937	-0.0061319402	0.0586417342	0.0020208438	0.0135469407	0.000351849	0.0850079043	0.0670341672	0.0398385309	0.0071623028	-0.0264992443	-0.0565152869	0.0644972601871387	0.0324999420112134	0.0010562462307322	0.0041598965716474	-0.0377511895999305	-0.0633356262487579	0.0040114015523223	0.0014251523162099	-0.4391775664663129	-0.0960374611706527	0.1928769348872726	0.0092231939481046	-0.0106693140830289	-0.0024129808695489	5.822476676808967e-06	0.0001138342630023	-0.0036073260843734	-0.0014752640051316	1.3012801479000726e-05	2.176403884837224e-06	0.0013527968142184	0.0011040937477791	1.2190230038848987e-06	1.8300592205594525e-06	0.0	0.0	0.0	0.0	0.0	0.0	0.0	0.0	0.0	0.0	0.0	0.0	0.0	0.0	0.0	0.0	0.0	0.0	0.0	0.0	0.0	0.0	0.0	0.0	0.0	0.0	0.0	0.0	0.0	0.0	0.0	0.0	0.0	0.0	0.0	0.0	0.0	0.0	0.0	0.0	0.0	0.0	0.0	0.0	0.0	0.0	0.0	0.0	0.0	0.0	0.0	0.0	0.0	0.0	0.0	0.0	0.0	0.0	0.0	0.0	0.0	0.0	0.0	0.0	0.0	0.0	0.0	0.0	0.0	0.0	0.0	0.0	0.0	0.0	0.0	0.0	0.0	0.0	0.0	0.0	0.0	0.0	0.0	0.0	0.0	0.0	0.0	0.0	0.0	0.0	0.0	0.0	0.0	0.0	0.0	0.0	0.0	0.0	0.0	0.0	0.0	0.0	0.0	0.0	0.0	0.0	0.0	0.0	0.0	0.0	0.0	0.0	0.0	0.0	0.0	0.0	0.0	0.0	0.0	0.0	0.0	0.0	0.0	0.0	0.0	0.0	0.0	0.0
884.9606127989277	-4.191761797805157	783155.2862054537	17.57086696953872	882.3973621517033	-1.9395485419731813	778625.1047322842	3.761848546670293	814.6268230253967	-4.259625896520447	663616.860792451	18.144412778307625	813.1973154284518	867.6679151941935	0.573307	37.436176	0.1791366374062719	0.1072809007851034	0.0044126377	0.0019761977	0.0166515846	-0.0038990808	0.0236894463	0.0107009822	0.0142049795	-0.0614309601	0.0576143711	0.0184513204	0.0429135159	-0.0127841441	0.006113031	0.0116455399	-0.0035460819	-0.0525300481	0.0221583696	-0.0318280116	0.0002334596	-0.0132961482	-0.0369452989	0.0138206817	-0.0328778834	0.0187715723	-0.0284169155	0.0121185137	0.0067835976	0.0278675126	-0.0397413626	-0.0011671961	-0.0614789195	0.0065640598	-0.0141656674	-0.0141139788	-0.0298219645	-0.0181923802	-0.0375105219	0.0058039569	-0.0094165398	0.0069690277	0.0010560632	0.0001063218	0.0161802931	-0.0866240415	-0.0204421642	-0.0309327695	0.031896592	0.0178229006	-0.0242875556	-0.0479130876	0.0225393912	0.0235372151	0.0366812804	-0.012699323	-0.0702017799	0.0484563174	-0.0525186412	0.0094535892	-0.0131607762	0.0686072088	0.0047100313	0.0235917848	-0.0058003513	0.0845651116	0.0653891221	0.036583196	0.0023896175	-0.0321558829	-0.0619657467	0.0579362985778288	-0.0065609616093098	4.304621723883824e-05	0.0033566146928993	-0.0448456275472608	-0.0070944379473303	5.033104978852015e-05	0.0020111303101076	-0.3898910735370862	0.0492864929292267	0.1520150492239015	0.0024291583852627	-0.0086880891929143	0.0019812248901146	3.92525206520961e-06	7.548289382403426e-05	-0.0034090822202896	0.0001982438640838	1.1621841584694668e-05	3.9300629646876176e-08	0.0014972229584281	0.0001444261442096	2.085891113128105e-08	2.241676587244192e-06	0.0	0.0	0.0	0.0	0.0	0.0	0.0	0.0	0.0	0.0	0.0	0.0	0.0	0.0	0.0	0.0	0.0	0.0	0.0	0.0	0.0	0.0	0.0	0.0	0.0	0.0	0.0	0.0	0.0	0.0	0.0	0.0	0.0	0.0	0.0	0.0	0.0	0.0	0.0	0.0	0.0	0.0	0.0	0.0	0.0	0.0	0.0	0.0	0.0	0.0	0.0	0.0	0.0	0.0	0.0	0.0	0.0	0.0	0.0	0.0	0.0	0.0	0.0	0.0	0.0	0.0	0.0	0.0	0.0	0.0	0.0	0.0	0.0	0.0	0.0	0.0	0.0	0.0	0.0	0.0	0.0	0.0	0.0	0.0	0.0	0.0	0.0	0.0	0.0	0.0	0.0	0.0	0.0	0.0	0.0	0.0	0.0	0.0	0.0	0.0	0.0	0.0	0.0	0.0	0.0	0.0	0.0	0.0	0.0	0.0	0.0	0.0	0.0	0.0	0.0	0.0	0.0	0.0	0.0	0.0	0.0	0.0	0.0	0.0	0.0	0.0	0.0	0.0
886.190236747621	1.2296239486933018	785333.1357068046	1.5119750552001077	884.8429558493874	2.445593697684103	782947.056516281	5.980928534152204	815.1151323779146	0.4883093525179447	664412.6790314653	0.2384460237564944	814.8119711389769	859.4422214889527	0.569625	37.195778	0.2483667509838852	0.1114363113918502	0.0042792498	0.0043593594	0.0239673281	0.0063826108	0.041016913	0.0030173842	0.019703033	-0.0508830782	0.0546979677	0.0353585201	0.0701101752	-0.0319315912	0.0145897893	0.0128748423	-0.0169115388	-0.0318592142	0.0042626641	-0.0405086236	0.020215224	0.0141233162	-0.0191674794	0.0274840309	-0.0417573393	0.0021118076	-0.0491354606	0.0168502734	0.0214618673	0.0131722293	-0.026995707	0.0035630955	-0.0518172474	-0.0118678347	0.0152889147	0.0052476139	-0.0502896971	-0.0039486451	-0.0594499825	0.0002953069	-0.0043372936	0.0082705055	0.0010446445	0.0074306226	0.019213879	-0.1259120732	-0.0155692336	-0.023569189	0.0288866948	0.0230932801	-0.0274909241	-0.0344836836	0.0284083367	0.017754284	0.0252138683	0.0014209768	-0.0734924091	0.0507145565	-0.0473161772	0.0049446612	-0.0235012833	0.0511352097	-0.0005617294	0.0277875491	-0.0129114151	0.0841078291	0.0636992625	0.0332714524	-0.0023896175	-0.037674825	-0.0670341672	0.0804969570422144	0.0225606584643856	0.0005089833103466	0.0064797600930561	0.0014019466982233	0.0462475742454841	0.0021388381235915	1.9654545446592126e-06	-0.3704226185719506	0.0194684549651356	0.1372129163497008	0.0003790207387295	-0.007673342760547	0.0010147464323673	1.029710322002164e-06	5.888018912083906e-05	-0.0019877172939866	0.0014213649263029	3.951020040813412e-06	2.0202782537243315e-06	0.0022629128659354	0.0007656899075073	5.862810344585375e-07	5.120774638815965e-06	0.0	0.0	0.0	0.0	0.0	0.0	0.0	0.0	0.0	0.0	0.0	0.0	0.0	0.0	0.0	0.0	0.0	0.0	0.0	0.0	0.0	0.0	0.0	0.0	0.0	0.0	0.0	0.0	0.0	0.0	0.0	0.0	0.0	0.0	0.0	0.0	0.0	0.0	0.0	0.0	0.0	0.0	0.0	0.0	0.0	0.0	0.0	0.0	0.0	0.0	0.0	0.0	0.0	0.0	0.0	0.0	0.0	0.0	0.0	0.0	0.0	0.0	0.0	0.0	0.0	0.0	0.0	0.0	0.0	0.0	0.0	0.0	0.0	0.0	0.0	0.0	0.0	0.0	0.0	0.0	0.0	0.0	0.0	0.0	0.0	0.0	0.0	0.0	0.0	0.0	0.0	0.0	0.0	0.0	0.0	0.0	0.0	0.0	0.0	0.0	0.0	0.0	0.0	0.0	0.0	0.0	0.0	0.0	0.0	0.0	0.0	0.0	0.0	0.0	0.0	0.0	0.0	0.0	0.0	0.0	0.0	0.0	0.0	0.0	0.0	0.0	0.0	0.0
884.8059573442895	-1.3842794033315613	782881.5821519446	1.9162294664879835	879.645314451936	-5.197641397451434	773775.8792372453	27.0154760965009	811.9657512480529	-3.1493811298616947	659288.381199815	9.918601501128926	810.6424274789365	859.1856345825196	0.624878	40.803719	0.2074641242809951	0.1110987807394334	0.0049292752	0.0041740215	0.0160627014	-0.0005355901	0.0240589137	-0.0049583639	0.0341651634	-0.0653994837	0.0584646149	0.0088773878	0.0280960137	-0.0258457678	0.0335970526	0.0011936124	-0.0073916381	-0.0146676008	0.0042799702	-0.0121414288	-0.0057522481	0.0088014885	-0.0212058211	0.0125967002	-0.0030365883	0.0120158483	-0.0145968599	0.0022424099	0.0108382622	0.0060449565	-0.0108713807	-0.0036857861	-0.0223535505	-0.0172986544	-0.0025171082	-0.0009882853	-0.0180338316	-0.0065085549	-0.0212085131	-0.003862757	0.0165242812	0.0080326421	0.0036579323	0.0020093776	0.0167257088	-0.0650685847	-0.025446125	-0.0293523009	0.0314602522	0.0131372175	-0.0184543757	-0.0328792988	0.0294219871	0.0317979616	0.0419242501	-0.0261796313	-0.0566552761	0.0459693727	-0.0570461412	0.0282953864	0.0016861693	0.0595061404	0.0075750998	0.0188830178	-0.0041740888	0.0836361352	0.0619657467	0.0299084066	-0.0071623028	-0.0430324377	-0.0716892996	0.0897843573312258	0.0092874002890114	8.625580412832902e-05	0.0080612308213812	-0.0129710385320436	-0.0143729852302669	0.0002065827044294	0.0001682478405997	-0.3139001512973038	0.0565224672746467	0.0985333049844702	0.0031947893068135	-0.0092368068413726	-0.0015634640808256	2.444419932031839e-06	8.531860062482768e-05	-0.0013922684952856	0.000595448798701	1.9384115629648287e-06	3.545592718744643e-07	0.0026496254161502	0.0003867125502147	1.4954659649363418e-07	7.02051484590912e-06	0.0	0.0	0.0	0.0	0.0	0.0	0.0	0.0	0.0	0.0	0.0	0.0	0.0	0.0	0.0	0.0	0.0	0.0	0.0	0.0	0.0	0.0	0.0	0.0	0.0	0.0	0.0	0.0	0.0	0.0	0.0	0.0	0.0	0.0	0.0	0.0	0.0	0.0	0.0	0.0	0.0	0.0	0.0	0.0	0.0	0.0	0.0	0.0	0.0	0.0	0.0	0.0	0.0	0.0	0.0	0.0	0.0	0.0	0.0	0.0	0.0	0.0	0.0	0.0	0.0	0.0	0.0	0.0	0.0	0.0	0.0	0.0	0.0	0.0	0.0	0.0	0.0	0.0	0.0	0.0	0.0	0.0	0.0	0.0	0.0	0.0	0.0	0.0	0.0	0.0	0.0	0.0	0.0	0.0	0.0	0.0	0.0	0.0	0.0	0.0	0.0	0.0	0.0	0.0	0.0	0.0	0.0	0.0	0.0	0.0	0.0	0.0	0.0	0.0	0.0	0.0	0.0	0.0	0.0	0.0	0.0	0.0	0.0	0.0	0.0	0.0	0.0	0.0
894.3244850509062	9.518527706616736	799816.2845615686	90.60236970163048	896.5199727640523	16.874658312116367	803748.0615648571	284.754093150678	818.629009878035	6.663258629982124	670153.455813892	44.39901557003125	817.71212230139	870.7618577168782	0.695768	45.432762	0.39179304439873	0.2377355708010701	0.0090710858	-0.0002911539	0.0390149767	-0.0009081987	0.059805485	0.0136364665	0.0390882128	-0.0235288016	0.0586605234	8.56623e-05	0.0466989145	-0.0076554132	-0.0304107636	0.0289680026	-0.0303657325	0.0008896584	0.0129420305	-0.0107410532	-0.0040366108	-0.0188228646	0.0060613539	0.0053875906	-0.026695556	-0.0102025993	-0.013463234	0.0310977213	0.0317838093	0.0166749738	0.0016359372	0.0062922926	-0.0180558421	0.0044273956	0.015585377	0.0051326319	-0.0107047254	-0.0174430437	-0.0345162431	-0.0073293182	0.0238961684	0.0092322487	0.0047285482	0.0004291831	0.0162518352	-0.0122400573	-0.043252324	-0.0221983077	0.0306766219	0.0139612648	-0.0304798322	-0.067237595	0.0333518795	0.0095234689	0.0421689261	-0.0217101029	-0.0449110559	0.0326979547	-0.0294648951	0.0074327349	0.0069960252	0.0499733829	0.0044756702	0.0207353041	-0.0058998797	0.0831501106	0.0601897627	0.0264992443	-0.0119153566	-0.0482057789	-0.0759024438	0.1000855576641299	0.010301200332904	0.0001061147282986	0.0100171188529398	-0.0495601553405578	-0.0365891168085142	0.001338763468827	0.0024562089973802	-0.3845710520768506	-0.0706709007795468	0.1478948940954957	0.0049943762169925	-0.0138026239783482	-0.0045658171369755	2.0846686128300057e-05	0.0001905124286876	-0.0020027604418964	-0.0006104919466107	4.011049387625063e-06	3.727004168766437e-07	0.0023412979701813	-0.0003083274459689	9.506581393770497e-08	5.481676185175075e-06	0.0	0.0	0.0	0.0	0.0	0.0	0.0	0.0	0.0	0.0	0.0	0.0	0.0	0.0	0.0	0.0	0.0	0.0	0.0	0.0	0.0	0.0	0.0	0.0	0.0	0.0	0.0	0.0	0.0	0.0	0.0	0.0	0.0	0.0	0.0	0.0	0.0	0.0	0.0	0.0	0.0	0.0	0.0	0.0	0.0	0.0	0.0	0.0	0.0	0.0	0.0	0.0	0.0	0.0	0.0	0.0	0.0	0.0	0.0	0.0	0.0	0.0	0.0	0.0	0.0	0.0	0.0	0.0	0.0	0.0	0.0	0.0	0.0	0.0	0.0	0.0	0.0	0.0	0.0	0.0	0.0	0.0	0.0	0.0	0.0	0.0	0.0	0.0	0.0	0.0	0.0	0.0	0.0	0.0	0.0	0.0	0.0	0.0	0.0	0.0	0.0	0.0	0.0	0.0	0.0	0.0	0.0	0.0	0.0	0.0	0.0	0.0	0.0	0.0	0.0	0.0	0.0	0.0	0.0	0.0	0.0	0.0	0.0	0.0	0.0	0.0	0.0	0.0
891.1406943014085	-3.183790749497689	794131.7370399964	10.136523536587056	898.3402848181787	1.820312054126361	807015.2673272064	3.313535974397734	819.721832306755	1.0928224287199555	671943.8823603438	1.1942608607133822	819.6179589790792	866.3973208669026	0.732067	47.802982	0.6805715702474362	0.3281171805559228	0.0075106776	-0.0021390621	0.0315277568	0.0043336227	0.0468417842	0.0364718354	0.0096502496	0.0111956668	0.0377500257	0.0275377531	-0.0029800423	0.0317585336	0.0270808136	0.035343536	-0.0256797741	0.0037808715	0.021026272	0.0052181831	0.0052875425	-0.0096510551	0.0269669543	0.0090169437	-0.0002824345	-0.0286609638	-0.0167459877	0.0360866442	0.02725833	0.019865375	0.0022171826	-0.0046429411	-0.0113795477	0.0089155474	0.01855311	0.01190931	-0.0213366427	-0.001048479	-0.0353069545	-0.0172603935	0.0247923868	0.0087678324	0.0025244443	-0.0045616039	0.0219449066	0.0007403994	-0.0350080234	-0.0284986144	0.0504932209	-0.0122863644	-0.0262292385	-0.0916685412	0.0252569176	-0.0154308071	0.0218622356	-0.0212431257	-0.0286044261	0.00596552	-0.014716968	-0.009032602	0.0038339933	0.0329661945	-0.0046351189	0.0110091874	0.0121501743	0.0826498387	0.0583725276	0.0230492221	-0.0166357513	-0.0531726956	-0.0796476241	0.0434460447317945	-0.0566395129323353	0.0032080344252121	0.001887558802837	-0.1021700507193514	-0.0526098953787936	0.0027678010917676	0.0104387192639948	-0.4289191677016077	-0.0443481156247571	0.1839716524218398	0.0019667553594668	-0.0168730329733488	-0.0030704089950006	9.4274113965806e-06	0.0002846992417197	-0.0056978545213417	-0.0036950940794453	3.246554614637406e-05	1.3653720255951712e-05	-0.0014326798816038	-0.0037739778517851	1.4242908825764476e-05	2.0525716431522785e-06	0.0	0.0	0.0	0.0	0.0	0.0	0.0	0.0	1.0	0.0	0.0	0.0	0.0	0.0	0.0	0.0	0.0	0.0	0.0	0.0	0.0	0.0	0.0	0.0	0.0	0.0	0.0	0.0	0.0	0.0	0.0	0.0	0.0	0.0	0.0	0.0	0.0	0.0	0.0	0.0	0.0	0.0	0.0	0.0	0.0	0.0	0.0	0.0	0.0	0.0	0.0	0.0	0.0	0.0	0.0	0.0	0.0	0.0	0.0	0.0	0.0	0.0	0.0	0.0	0.0	0.0	0.0	0.0	0.0	0.0	0.0	0.0	0.0	0.0	0.0	0.0	0.0	0.0	0.0	0.0	0.0	0.0	0.0	0.0	0.0	0.0	0.0	0.0	0.0	0.0	0.0	0.0	0.0	0.0	0.0	0.0	0.0	0.0	0.0	0.0	0.0	0.0	0.0	0.0	0.0	0.0	0.0	0.0	0.0	0.0	0.0	0.0	0.0	0.0	0.0	0.0	0.0	0.0	0.0	0.0	0.0	0.0	0.0	0.0	0.0	0.0	0.0	0.0
894.443588776157	3.3028944747484275	800029.333502771	10.90911191132369	898.4879910853002	0.1477062671215208	807280.6701244985	0.021817141346974	821.9499712451021	2.228138938347115	675601.7552298242	4.964603128578609	821.2358638517941	874.7031135355631	0.7951749999999999	51.923889	0.5636633095686528	0.295884185744691	0.0116130848	-1.69314e-05	0.0366125871	0.0044775589	0.0424529391	0.0179521327	0.0122455607	-0.0004840945	0.0108788951	0.0245171562	0.0311010085	0.0273855533	0.0090339824	0.0462023174	-0.030935398	0.0153981507	-0.0072794664	0.0048390976	-0.0076997746	-0.0003496906	0.0091449193	0.009744048	-0.0326989868	-0.0198555865	0.0045898652	0.0447363184	0.0338423703	6.02141e-05	0.0123235853	-0.004877815	0.0011926041	0.001213457	-0.0059958312	0.0174170628	-0.025567224	-0.019593972	-0.0160416769	-0.0135899484	0.0188628526	0.0107091856	0.0004475283	-0.0036249091	0.0161668842	0.0381072804	-0.0371730173	-0.0146749461	0.0423105995	-0.0082439636	-0.0290964775	-0.1215482473	0.0352752206	-0.0378949478	0.0265634868	-0.0220144234	-0.0150437572	0.0056159446	0.0151102681	-0.0068626566	0.0044559787	0.0171845889	0.0006610606	0.0146415564	-0.0057098694	0.0821354052	0.0565152869	0.0195636596	-0.0213105486	-0.0579119187	-0.0829017503	0.0466645365868174	0.0032184918550228	1.0358689820848726e-05	0.0021775789748624	-0.1706883456207464	-0.068518294901395	0.0046947567361945	0.0291345113307473	-0.3918597221075828	0.0370594455940249	0.153554041810232	0.0013734025077364	-0.021332354012654	-0.0044593210393052	1.988554413159001e-05	0.0004550693277211	-0.0030381662871186	0.0026596882342231	9.23045438818402e-06	7.073941503264794e-06	0.0005456523892321	0.0019783322708359	3.913798573830729e-06	2.977365298746992e-07	0.0	0.0	0.0	0.0	0.0	0.0	0.0	0.0	0.0	1.0	0.0	0.0	0.0	0.0	0.0	0.0	0.0	0.0	0.0	0.0	0.0	0.0	0.0	0.0	0.0	0.0	0.0	0.0	0.0	0.0	0.0	0.0	0.0	0.0	0.0	0.0	0.0	0.0	0.0	0.0	0.0	0.0	0.0	0.0	0.0	0.0	0.0	0.0	0.0	0.0	0.0	0.0	0.0	0.0	0.0	0.0	0.0	0.0	0.0	0.0	0.0	0.0	0.0	0.0	0.0	0.0	0.0	0.0	0.0	0.0	0.0	0.0	0.0	0.0	0.0	0.0	0.0	0.0	0.0	0.0	0.0	0.0	0.0	0.0	0.0	0.0	0.0	0.0	0.0	0.0	0.0	0.0	0.0	0.0	0.0	0.0	0.0	0.0	0.0	0.0	0.0	0.0	0.0	0.0	0.0	0.0	0.0	0.0	0.0	0.0	0.0	0.0	0.0	0.0	0.0	0.0	0.0	0.0	0.0	0.0	0.0	0.0	0.0	0.0	0.0	0.0	0.0	0.0
889.888594422262	-4.554994353894927	791901.7104828291	20.747973564014657	889.9409048402464	-8.547086245053833	791994.8141078765	73.05268328038844	817.64904691063	-4.300924334472143	668549.9639138615	18.497950130854644	816.576523698764	868.7243166605632	0.7469799999999999	48.77681	0.7508659884643163	0.3883133102002529	0.0100189382	-0.0115583706	0.0222510999	-0.0151818454	0.0268401001	0.005874418	0.019427203	-0.0099219265	0.0138688997	0.0104254827	0.0173009659	0.0461326546	-0.035119774	0.0249537618	-0.0174774679	0.0061412697	0.0033141626	0.0077308082	-0.0089315958	-0.0010317707	0.0217042864	-0.0020407762	-0.0125459111	0.0046791083	0.027238481	0.0248337716	0.0204993062	0.0060291015	0.0082250409	0.0040828113	0.0151817642	0.0006463483	-0.0011347525	0.0111122963	-0.0093500341	-0.0208326975	0.0037638851	0.0060802606	0.0169838398	0.0086053888	0.0013616542	-0.0053771661	0.0138341838	0.0415276263	-0.0226935637	-0.0117467055	0.0498272221	-0.0280539919	-0.0283892018	-0.1375222714	0.02195045	-0.0670726039	-0.0013496816	-0.0104661251	-0.0234768433	-0.0031969281	0.0411082947	-0.0203088515	0.0183857514	-0.0165451916	-0.0213623518	0.0140012254	0.0019233485	0.0816068982	0.0546193134	0.0160479313	-0.0259269352	-0.062403154	-0.0856447597	0.1217717952981729	0.0751072587113555	0.0056411003111344	0.0148283701301401	-0.16627323220861	0.0044151134121363	1.949322644202654e-05	0.0276467877490983	-0.3503682392781684	0.0414914828294143	0.1227579030948838	0.0017215431473835	-0.0257597722215511	-0.0044274182088971	1.960203199647361e-05	0.0006635658649061	0.0012329776607393	0.0042711439478579	1.5202339118821564e-06	1.824267062332317e-05	0.0044441329027053	0.0038984805134732	1.5198150313930268e-05	1.975031725690784e-05	0.0	0.0	0.0	0.0	0.0	0.0	0.0	0.0	0.0	0.0	1.0	0.0	0.0	0.0	0.0	0.0	0.0	0.0	0.0	0.0	0.0	0.0	0.0	0.0	0.0	0.0	0.0	0.0	0.0	0.0	0.0	0.0	0.0	0.0	0.0	0.0	0.0	0.0	0.0	0.0	0.0	0.0	0.0	0.0	0.0	0.0	0.0	0.0	0.0	0.0	0.0	0.0	0.0	0.0	0.0	0.0	0.0	0.0	0.0	0.0	0.0	0.0	0.0	0.0	0.0	0.0	0.0	0.0	0.0	0.0	0.0	0.0	0.0	0.0	0.0	0.0	0.0	0.0	0.0	0.0	0.0	0.0	0.0	0.0	0.0	0.0	0.0	0.0	0.0	0.0	0.0	0.0	0.0	0.0	0.0	0.0	0.0	0.0	0.0	0.0	0.0	0.0	0.0	0.0	0.0	0.0	0.0	0.0	0.0	0.0	0.0	0.0	0.0	0.0	0.0	0.0	0.0	0.0	0.0	0.0	0.0	0.0	0.0	0.0	0.0	0.0	0.0	0.0
894.2954081472581	4.406813724996027	799764.2770332709	19.420007206813363	895.6937604383988	5.7528555981524505	802267.3124882798	33.09534753319399	820.1956328561592	2.546585945529273	672720.8761563156	6.485099977967221	819.794373198514	878.5496679534912	0.692418	45.213989	0.7139903922359285	0.3322873785310843	0.012333992	-0.0132588776	0.0329773359	-0.0026546536	0.0456870226	0.0222924253	0.0172629498	-0.0284588621	0.0490109811	0.0062242258	0.035460535	0.0163034327	-0.0239767528	0.038763618	-0.0257149278	0.0274738513	0.0120298261	-0.0052031401	0.0089161185	-0.0318565397	0.0270134571	-0.0171080231	-0.0213761278	-0.0222858143	-0.0038046019	0.0379191904	0.0292256196	0.0017616477	0.0254729761	-0.0048272441	-0.0135934475	0.0292753771	0.0086075921	0.0201924489	-0.0040963399	-0.0151759525	-0.02428995	0.0001519119	0.0127576489	0.0115582555	0.0005182086	-0.0070305911	0.0092474908	0.0424516626	-0.0259480531	-0.0127144038	0.0390418386	-0.0205549281	-0.0237942598	-0.1012075946	0.0223601554	-0.0526515249	-0.0023747258	0.008413726	-0.0087165141	0.0047390629	0.0294851918	0.0036023924	0.0246543548	-0.0013077294	-0.0168964988	0.0163750539	0.0015038513	0.0810644083	0.0526859066	0.0125074584	-0.0304722578	-0.0666271694	-0.0878597406	0.0344876607022968	-0.0872841345958761	0.007618520152151	0.0011893987407167	-0.1090288830922219	0.0572443491163881	0.0032769155057589	0.0118872973483373	-0.4037772877246226	-0.0534090484464542	0.1630360980822527	0.0028525264559556	-0.0217251428621962	0.0040346293593549	1.627823406736854e-05	0.0004719818323828	0.0045342040013676	0.0033012263406283	2.055900592601795e-05	1.0898095352058116e-05	0.0014589314011443	-0.002985201501561	8.91142800492205e-06	2.1284808332448703e-06	0.0	0.0	0.0	0.0	0.0	0.0	0.0	0.0	0.0	0.0	0.0	1.0	0.0	0.0	0.0	0.0	0.0	0.0	0.0	0.0	0.0	0.0	0.0	0.0	0.0	0.0	0.0	0.0	0.0	0.0	0.0	0.0	0.0	0.0	0.0	0.0	0.0	0.0	0.0	0.0	0.0	0.0	0.0	0.0	0.0	0.0	0.0	0.0	0.0	0.0	0.0	0.0	0.0	0.0	0.0	0.0	0.0	0.0	0.0	0.0	0.0	0.0	0.0	0.0	0.0	0.0	0.0	0.0	0.0	0.0	0.0	0.0	0.0	0.0	0.0	0.0	0.0	0.0	0.0	0.0	0.0	0.0	0.0	0.0	0.0	0.0	0.0	0.0	0.0	0.0	0.0	0.0	0.0	0.0	0.0	0.0	0.0	0.0	0.0	0.0	0.0	0.0	0.0	0.0	0.0	0.0	0.0	0.0	0.0	0.0	0.0	0.0	0.0	0.0	0.0	0.0	0.0	0.0	0.0	0.0	0.0	0.0	0.0	0.0	0.0	0.0	0.0	0.0
888.7846328534355	-5.510775293822576	789938.1235964161	30.368644339005296	890.2826767463189	-5.411083692079956	792603.2445145905	29.279826722693645	819.0667121157984	-1.1289207403608543	670870.2788961842	1.2744620380168994	818.2797012163605	875.7466232198079	0.691123	45.129444	0.2847256103914362	0.1739170222134718	0.0115780609	-0.0092397359	0.0311763523	0.0132502686	0.0158919977	-0.001290379	0.0019502886	-0.014683251	0.007692901	0.0182708072	0.0302773911	0.0374165598	-0.0187044718	0.0330393869	-0.0047746901	0.0028812599	0.0198607323	-0.0067378153	0.0036402828	0.0086334185	0.01165902	-0.0002074797	0.0020084368	-0.0101989601	0.0195997521	0.0319402202	0.0058620429	0.0193965204	0.0056487243	-0.0027359589	-0.0001272333	-0.0050471102	0.0022977665	0.0125390514	-0.0087256606	-0.0101393608	0.0159186888	0.0011481387	0.008373879	0.0132731876	0.0021992273	-0.0032296417	0.0069440794	0.0666415554	-0.0187467055	-0.015005802	0.0407136568	-0.0265692443	-0.0124931622	-0.0931509322	0.0128458676	-0.0585405508	-0.0256479114	-0.0040877323	0.0134049459	-0.015624155	0.0323171956	-0.0111787447	0.0325443174	-0.0078925292	-0.029561072	-0.0031440319	-0.0078396169	0.0805080284	0.0507163915	0.0089476998	-0.034934058	-0.0705658771	-0.089533037	0.0284983860252765	-0.0059892746770203	3.587141115679662e-05	0.0008121580060456	-0.1144961537223849	-0.005467270630163	2.9891048143442943e-05	0.0131093692172199	-0.3321257560453148	0.0716515316793078	0.1103075178286719	0.0051339419919908	-0.0244705271351008	-0.0027453842729046	7.537134805911928e-06	0.0005988066982697	0.0057430932909605	0.0012088892895929	3.2983120548675506e-05	1.4614133144924272e-06	0.0015370085067457	7.807710560139998e-05	6.0960344190921655e-09	2.3623951498086464e-06	0.0	0.0	0.0	0.0	0.0	0.0	0.0	0.0	0.0	0.0	0.0	0.0	0.0	0.0	0.0	0.0	0.0	0.0	0.0	0.0	0.0	0.0	0.0	0.0	0.0	0.0	0.0	0.0	0.0	0.0	0.0	0.0	0.0	0.0	0.0	0.0	0.0	0.0	0.0	0.0	0.0	0.0	0.0	0.0	0.0	0.0	0.0	0.0	0.0	0.0	0.0	0.0	0.0	0.0	0.0	0.0	0.0	0.0	0.0	0.0	0.0	0.0	0.0	0.0	0.0	0.0	0.0	0.0	0.0	0.0	0.0	0.0	0.0	0.0	0.0	0.0	0.0	0.0	0.0	0.0	0.0	0.0	0.0	0.0	0.0	0.0	0.0	0.0	0.0	0.0	0.0	0.0	0.0	0.0	0.0	0.0	0.0	0.0	0.0	0.0	0.0	0.0	0.0	0.0	0.0	0.0	0.0	0.0	0.0	0.0	0.0	0.0	0.0	0.0	0.0	0.0	0.0	0.0	0.0	0.0	0.0	0.0	0.0	0.0	0.0	0.0	0.0	0.0
890.7291123871933	1.944479533757772	793398.3516540772	3.7810006572028407	893.6398493283755	3.357172582056592	798592.1803076416	11.270607745712525	818.4830295919514	-0.5836825238469601	669914.4697300192	0.3406852886443571	818.7396286132106	869.9049079182943	0.662641	43.269581	0.3416383227726874	0.2225756254842043	0.0107677125	-0.0032386177	0.0311091771	0.0108024114	0.0444419413	0.0162429766	0.0117544099	-0.0121629247	0.0611053016	0.0365838841	0.0305953696	-0.0152985415	0.0575116204	0.0316681295	-0.0147489026	0.0237758193	-0.0045071582	-0.0187034232	0.0256605133	-0.0153286777	0.024442329	0.0082667894	0.0001351788	-0.0149739189	-0.0065379958	0.0327983392	0.0197983451	0.0008652069	0.0212153505	0.0068154993	-0.0173289899	0.0071215662	0.0170856831	0.0254198722	-0.0143853555	0.0110932456	-0.0086653246	0.0040066557	0.001810823	0.0140020763	0.0039312559	-0.0037747514	0.0137545547	0.0722514359	-0.0387645715	-0.0140461474	0.0352640989	0.0024611287	-0.0181865301	-0.0671644124	0.0299667206	-0.0181902319	0.0301457748	-0.0146161922	-0.0047492023	0.0005742469	0.0100930563	0.0030272838	0.0365745461	0.0052233223	-0.0094136228	0.0022143093	0.0096473969	0.0799378539	0.0487121179	0.0053741445	-0.0393001065	-0.0742024108	-0.0906543325	0.0491980185918805	0.020699632566604	0.0004284747883924	0.002420445033367	-0.1270961523731983	-0.0125999986508133	0.0001587599660004	0.0161534319480712	-0.3328325132474248	-0.0007067572021099	0.1107774818745972	4.995057427343522e-07	-0.0208604960937839	0.0036100310413169	1.3032324119271588e-05	0.0004351602972787	0.0032781409036672	-0.0024649523872933	1.0746207784296003e-05	6.075990271622939e-06	0.0014593532482927	-7.765525845299993e-05	6.030339165402217e-09	2.129711903302455e-06	0.0	0.0	0.0	0.0	0.0	0.0	0.0	0.0	0.0	0.0	0.0	0.0	0.0	0.0	0.0	0.0	0.0	0.0	0.0	0.0	0.0	0.0	0.0	0.0	0.0	0.0	0.0	0.0	0.0	0.0	0.0	0.0	0.0	0.0	0.0	0.0	0.0	0.0	0.0	0.0	0.0	0.0	0.0	0.0	0.0	0.0	0.0	0.0	0.0	0.0	0.0	0.0	0.0	0.0	0.0	0.0	0.0	0.0	0.0	0.0	0.0	0.0	0.0	0.0	0.0	0.0	0.0	0.0	0.0	0.0	0.0	0.0	0.0	0.0	0.0	0.0	0.0	0.0	0.0	0.0	0.0	0.0	0.0	0.0	0.0	0.0	0.0	0.0	0.0	0.0	0.0	0.0	0.0	0.0	0.0	0.0	0.0	0.0	0.0	0.0	0.0	0.0	0.0	0.0	0.0	0.0	0.0	0.0	0.0	0.0	0.0	0.0	0.0	0.0	0.0	0.0	0.0	0.0	0.0	0.0	0.0	0.0	0.0	0.0	0.0	0.0	0.0	0.0
881.56994572299	-9.159166664203212	777165.5692020357	83.8903339826514	885.8983216719193	-7.741527656456128	784815.8363411234	59.93125045567511	813.425708735467	-5.057320856484466	661661.3836317967	25.576494245432777	812.8422165303151	857.670477722168	0.8297259999999999	54.180023	0.840752555402077	0.5364459605013467	0.0078112172	0.0033710176	0.0267273222	0.0410891101	-0.0088638659	-0.0355459846	0.0167969018	0.0227844601	-0.0562816712	0.060906099	-0.0235429805	0.0477820624	0.0203666627	0.0067995445	0.0063909955	0.0130782347	0.0033613491	0.0123795613	0.0086733585	0.028173015	0.0059183678	0.001044826	-0.0148344903	-0.0119597964	0.0087635271	0.0084199261	-0.0012548755	0.0026794134	0.005668499	-0.0256658052	-4.55813e-05	-0.0173936156	-0.0015397332	0.0063637685	-0.0214565322	-0.0178144126	-0.0085178816	-0.0002728868	0.0346606486	0.0064706077	0.0049858967	-0.0016415757	0.0094395264	0.0198839393	0.005155479	0.0069777704	0.0317583589	-0.0371623601	-0.014172686	-0.1145741611	-0.0006914637	-0.0938595154	-0.0559900844	0.0245069986	0.0149166662	-0.0119753525	0.045477357	-0.0230724572	-0.0081713757	-0.028822508	-0.0424070606	0.0136553049	-0.0058467244	0.0793539824	0.0466744595	0.0017923027	-0.0435584361	-0.0775211985	-0.0912167139	0.0350432396327278	-0.0141547789591527	0.0002003577673824	0.0012280286439567	-0.1092409426390901	0.0178552097341082	0.0003188085146489	0.0119335835486769	-0.0416426828512186	0.2911898303962062	0.0017341130350471	0.0847915173261713	-0.0285949453691438	-0.0077344492753598	5.982170559311527e-05	0.0008176709006643	0.0007089619705311	-0.002569178933136	5.026270756593402e-07	6.600680390470348e-06	0.0014119267305365	-4.7426517756200045e-05	2.2492745864791583e-09	1.9935370924034904e-06	0.0	0.0	0.0	0.0	0.0	0.0	0.0	0.0	0.0	0.0	0.0	0.0	1.0	0.0	0.0	0.0	0.0	0.0	0.0	0.0	0.0	0.0	0.0	0.0	0.0	0.0	0.0	0.0	0.0	0.0	0.0	0.0	0.0	0.0	0.0	0.0	0.0	0.0	0.0	0.0	0.0	0.0	0.0	0.0	0.0	0.0	0.0	0.0	0.0	0.0	0.0	0.0	0.0	0.0	0.0	0.0	0.0	0.0	0.0	0.0	0.0	0.0	0.0	0.0	0.0	0.0	0.0	0.0	0.0	0.0	0.0	0.0	0.0	0.0	0.0	0.0	0.0	0.0	0.0	0.0	0.0	0.0	0.0	0.0	0.0	0.0	0.0	0.0	0.0	0.0	0.0	0.0	0.0	0.0	0.0	0.0	0.0	0.0	0.0	0.0	0.0	0.0	0.0	0.0	0.0	0.0	0.0	0.0	0.0	0.0	0.0	0.0	0.0	0.0	0.0	0.0	0.0	0.0	0.0	0.0	0.0	0.0	0.0	0.0	0.0	0.0	0.0	0.0
893.0362098432546	11.466264120264556	797513.6720912055	131.47521287566627	892.9961180253463	7.097796353426929	797442.0668083382	50.378713074720615	817.4084010972026	3.982692361735644	668156.4941842853	15.861838448227443	817.4220000051193	880.9287773946127	0.809991	52.891315	0.4780891912045771	0.2734909710657291	0.0178020858	-0.004454084	0.0266354124	0.0023507514	0.0256779303	-0.0028737304	0.0202363221	0.0601788002	-0.0144037074	-0.014323386	-0.0316493487	0.0002889754	-0.0407728433	0.0205334872	-0.0252331518	0.0030691751	-0.0142957297	-0.0011188412	-0.0055288286	0.0192228624	0.026822985	-0.0057963398	-0.0273246682	-0.0011126591	0.0204506832	0.0232102875	0.0249737298	-0.0076190426	-0.0011553938	0.0047120777	0.0170897074	-0.015888136	0.0036491525	0.0173711336	-0.006388025	-0.0275595851	0.0031337678	-0.0088463363	0.0258465149	0.0174475153	0.0043871556	-0.0132910337	0.0082185198	0.0463866514	0.0123889326	-0.0051488033	0.0593423195	-0.0683567844	-0.0188508847	-0.1532887979	-0.0091233968	-0.1321900922	-0.0993516992	0.0201079654	0.0005295742	-0.0112469714	0.0882655399	-0.0174794999	-0.0268141665	-0.0432611511	-0.0335953057	0.0408185148	-0.0144618655	0.0787565141	0.0446048127	-0.0017923027	-0.047697375	-0.0805080284	-0.0912167139	0.0599957396924111	0.0249525000596833	0.0006226272592284	0.0035994887812395	-0.1783404300552007	-0.0690994874161106	0.0047747391611692	0.0318053089922739	-0.1451589921942968	-0.1035163093430781	0.0210711330148639	0.0107156263000118	-0.0334611677407324	-0.0048662223715886	2.368012016974938e-05	0.0011196497465734	0.0009029304525778	0.0001939684820467	8.152834021923508e-07	3.7623772027501e-08	0.0019621537646153	0.0005502270340787	3.027497890311527e-07	3.850047395993994e-06	0.0	0.0	0.0	0.0	0.0	0.0	0.0	0.0	0.0	0.0	0.0	0.0	0.0	0.0	0.0	0.0	0.0	0.0	0.0	0.0	0.0	0.0	0.0	0.0	0.0	0.0	0.0	0.0	0.0	0.0	0.0	0.0	0.0	0.0	0.0	0.0	0.0	0.0	0.0	0.0	0.0	0.0	0.0	0.0	0.0	0.0	0.0	0.0	0.0	0.0	0.0	0.0	0.0	0.0	0.0	0.0	0.0	0.0	0.0	0.0	0.0	0.0	0.0	0.0	0.0	0.0	0.0	0.0	0.0	0.0	0.0	0.0	0.0	0.0	0.0	0.0	0.0	0.0	0.0	0.0	0.0	0.0	0.0	0.0	0.0	0.0	0.0	0.0	0.0	0.0	0.0	0.0	0.0	0.0	0.0	0.0	0.0	0.0	0.0	0.0	0.0	0.0	0.0	0.0	0.0	0.0	0.0	0.0	0.0	0.0	0.0	0.0	0.0	0.0	0.0	0.0	0.0	0.0	0.0	0.0	0.0	0.0	0.0	0.0	0.0	0.0	0.0	0.0
890.5575651566645	-2.478644686590087	793092.7768577668	6.143679482361271	885.6499296906707	-7.346188334675617	784375.7979610899	53.96648304852411	819.6612682440543	2.252867146851713	671844.5946594516	5.0754103813637785	818.6282205643727	876.9836938476562	0.718835	46.938999	0.779918470061743	0.3781076507559923	0.0126811714	-0.0043737481	0.0088298133	0.0026495096	0.0104229434	0.0209427126	-0.0020636447	0.0077325782	-0.0020475156	0.0097076998	0.0177726493	0.0839405983	-0.0459338665	0.0332208158	-0.0093078911	-0.0145852547	0.002876259	-0.0181175563	0.0165652453	-0.0105475446	-0.0149017323	0.015989199	-0.0046405085	-0.0031226406	-0.0094713285	0.0310363788	0.0133700448	0.0070824282	-0.0129216397	0.0009536594	-0.025231289	0.0191617549	-0.0025250504	0.0049967691	-0.0213539619	0.0066655534	-0.0012330245	0.0173549276	-0.0024216367	0.0072288908	3.68826e-05	-0.0080535796	0.0069166273	0.0158128497	-0.0087272347	-0.0074549166	0.034450056	-0.0307836578	-0.0177462273	-0.1284819445	-0.0018672178	-0.0889237071	-0.0393390261	0.005977901	-0.0074058681	-0.0218625378	0.0475063499	-0.0353712458	-0.0052780897	-0.0107929353	-0.0311847986	0.0215275892	-0.0117191397	0.0781455512	0.042504596	-0.0053741445	-0.0517055788	-0.0831501106	-0.0906543325	-0.0023663723493143	-0.0623621120417254	0.0038890330183047	5.599718095599279e-06	-0.1247484247735144	0.0535920052816863	0.0028721030301122	0.0155621694834731	-0.2842351374672631	-0.1390761452729663	0.0807896133710339	0.0193421741839872	-0.0280637931370857	0.0053973746036466	2.9131652612090354e-05	0.0007875764852411	-0.0012199903164942	-0.002122920769072	1.4883763723396183e-06	4.506792591757252e-06	-0.0010153150119733	-0.0029774687765886	8.865320315560013e-06	1.0308645735383425e-06	0.0	0.0	0.0	0.0	0.0	0.0	0.0	0.0	0.0	0.0	0.0	0.0	0.0	1.0	0.0	0.0	0.0	0.0	0.0	0.0	0.0	0.0	0.0	0.0	0.0	0.0	0.0	0.0	0.0	0.0	0.0	0.0	0.0	0.0	0.0	0.0	0.0	0.0	0.0	0.0	0.0	0.0	0.0	0.0	0.0	0.0	0.0	0.0	0.0	0.0	0.0	0.0	0.0	0.0	0.0	0.0	0.0	0.0	0.0	0.0	0.0	0.0	0.0	0.0	0.0	0.0	0.0	0.0	0.0	0.0	0.0	0.0	0.0	0.0	0.0	0.0	0.0	0.0	0.0	0.0	0.0	0.0	0.0	0.0	0.0	0.0	0.0	0.0	0.0	0.0	0.0	0.0	0.0	0.0	0.0	0.0	0.0	0.0	0.0	0.0	0.0	0.0	0.0	0.0	0.0	0.0	0.0	0.0	0.0	0.0	0.0	0.0	0.0	0.0	0.0	0.0	0.0	0.0	0.0	0.0	0.0	0.0	0.0	0.0	0.0	0.0	0.0	0.0
892.2273684938622	1.6698033371976635	796069.6770894821	2.7882431849164537	905.4163950139828	19.766465323312104	819778.8483601165	390.7131513776999	820.669976950917	1.0087087068626488	673499.2110686186	1.0174932553005172	821.0237556065845	867.8872927347819	0.842935	55.042538	0.7987895625356031	0.4942392085778087	0.0100665999	-0.0081171131	0.035462714	-0.0100872701	0.0716050493	0.0539775297	0.0435115959	0.0074860092	0.1115812564	0.0044365634	0.028454088	-0.0474474075	0.0154865375	0.0340845271	-0.0254885879	-0.014250862	0.0032354903	-0.0220979121	0.0064904819	0.0057621153	0.0289401357	0.0022470942	-0.0082633809	0.023891131	0.0141070618	0.0368828682	0.0225069545	0.0088574298	-0.0098953183	0.0195313865	-0.0037267293	-0.0207203203	0.018099683	0.0068356261	-0.0135968251	-0.0034885107	-0.0083954242	0.0126364764	-0.0044084297	0.0153431598	0.0040356892	-0.0136616566	0.0093768781	0.0619430616	-0.0350382714	-0.0203852237	0.0366958936	0.0013811693	-0.0263036741	-0.0536510661	0.0318104966	-0.0024846786	0.0498150242	-0.0351809043	-4.18941e-05	-0.0242921893	-0.0070926897	-0.0182849427	0.0314521377	0.0295887268	0.0058036333	-0.021416103	0.0289201215	0.0775211985	0.0403752488	-0.0089476998	-0.0555720611	-0.0854361313	-0.089533037	0.0441939440839007	0.0465603164332149	0.0021678630663611	0.0019531046936909	-0.0609897181344649	0.0637587066390495	0.0040651726722843	0.0037197457181214	-0.2881231266835016	-0.0038879892162385	0.0830149361298771	1.5116460145586926e-05	-0.0191410153779375	0.0089227777591481	7.961596293914975e-05	0.0003663784696984	-0.002561233515459	-0.0013412431989648	6.559917120710468e-06	1.7989333187693304e-06	-0.0044429450588023	-0.003427630046829	1.1748647737924971e-05	1.973976079553577e-05	0.0	0.0	0.0	0.0	0.0	0.0	0.0	0.0	0.0	0.0	0.0	0.0	0.0	0.0	1.0	0.0	0.0	0.0	0.0	0.0	0.0	0.0	0.0	0.0	0.0	0.0	0.0	0.0	0.0	0.0	0.0	0.0	0.0	0.0	0.0	0.0	0.0	0.0	0.0	0.0	0.0	0.0	0.0	0.0	0.0	0.0	0.0	0.0	0.0	0.0	0.0	0.0	0.0	0.0	0.0	0.0	0.0	0.0	0.0	0.0	0.0	0.0	0.0	0.0	0.0	0.0	0.0	0.0	0.0	0.0	0.0	0.0	0.0	0.0	0.0	0.0	0.0	0.0	0.0	0.0	0.0	0.0	0.0	0.0	0.0	0.0	0.0	0.0	0.0	0.0	0.0	0.0	0.0	0.0	0.0	0.0	0.0	0.0	0.0	0.0	0.0	0.0	0.0	0.0	0.0	0.0	0.0	0.0	0.0	0.0	0.0	0.0	0.0	0.0	0.0	0.0	0.0	0.0	0.0	0.0	0.0	0.0	0.0	0.0	0.0	0.0	0.0	0.0
860.9083570545993	-31.31901143926291	741163.1992464494	980.880477532681	851.8311632825182	-53.58523173146455	725616.3307392482	2871.377059714755	798.3083529340032	-22.361624016913765	637296.226364201	500.0422286738145	797.8658466904558	828.4601949151357	1.375165	89.796486	2.177077156282256	1.2016450404997716	-0.0085310815	0.0207659641	-0.0237022046	-0.0040890406	-0.1247028072	-0.0157083388	-0.0529907047	0.0047288164	-0.0768929761	0.008091768	0.0829142693	0.0875014496	-0.0086429281	-0.0634596248	0.0558096815	-0.0141064411	0.0127403452	0.0331417556	0.0036031469	-0.0687253716	-0.030709804	-0.0099575766	-0.0089670781	0.0938027527	0.0035402833	-0.0610821471	-0.0658455506	0.0240480425	-0.0107385451	-0.0070463121	-0.0072651413	0.02183367	-0.0100952965	-0.0984651686	0.0082223529	-0.0033744829	0.0296685499	0.072811356	-0.0757563696	0.0032980318	0.0053111558	-0.008367621	-0.0137558925	0.0374689736	0.0468440544	-0.048054949	0.0751728518	-0.0754577743	0.0593758084	0.0284646377	-0.033156378	0.0003519708	-0.0790114221	-0.0210318602	0.0446147592	-0.0429763592	0.025222418	-0.0030246643	0.023676169	-0.0071986765	0.0309390364	-0.071490673	0.0157785599	0.0768835629	0.0382182304	-0.0125074584	-0.0592862243	-0.0873563013	-0.0878597406	-0.0471839775792091	-0.0913779216631097	0.0083499245674694	0.0022263277401953	-0.9493032213188286	-0.8883135031843638	0.7891008799396766	0.9011766060063048	0.4338790110577406	0.7220021377412422	0.188250996236443	0.5212870869029237	-0.0239392705994759	-0.0047982552215384	2.302325317102052e-05	0.0005730886768349	0.0009651562161496	0.0035263897316086	9.315265215722132e-07	1.2435424539194574e-05	-0.0032599181380785	0.0011830269207238	1.399552695157236e-06	1.0627066266973196e-05	0.0	0.0	0.0	0.0	0.0	0.0	0.0	0.0	0.0	0.0	0.0	0.0	0.0	0.0	0.0	1.0	0.0	0.0	0.0	0.0	0.0	0.0	0.0	0.0	0.0	0.0	0.0	0.0	0.0	0.0	0.0	0.0	0.0	0.0	0.0	0.0	0.0	0.0	0.0	0.0	0.0	0.0	0.0	0.0	0.0	0.0	0.0	0.0	0.0	0.0	0.0	0.0	0.0	0.0	0.0	0.0	0.0	0.0	0.0	0.0	0.0	0.0	0.0	0.0	0.0	0.0	0.0	0.0	0.0	0.0	0.0	0.0	0.0	0.0	0.0	0.0	0.0	0.0	0.0	0.0	0.0	0.0	0.0	0.0	0.0	0.0	0.0	0.0	0.0	0.0	0.0	0.0	0.0	0.0	0.0	0.0	0.0	0.0	0.0	0.0	0.0	0.0	0.0	0.0	0.0	0.0	0.0	0.0	0.0	0.0	0.0	0.0	0.0	0.0	0.0	0.0	0.0	0.0	0.0	0.0	0.0	0.0	0.0	0.0	0.0	0.0	0.0	0.0
876.4746191054646	15.566262050865362	768207.7579360693	242.3085142362111	868.7132476212142	16.882084338696018	754662.7065925971	285.0047716188454	809.187173120042	10.878820186038752	654783.8811420047	118.34872864016424	805.8289305493182	839.3984331410726	1.029602	67.231621	1.0294701487383715	0.5012628490795169	-0.0035873751	0.0211467059	-0.025883667	-0.0935950076	-0.033620426	-0.0035191697	-0.0962648765	0.0458632269	-0.0372435968	-0.0196915988	-0.0748170188	-0.0478960863	-0.0124780002	-0.0131110728	0.0281119061	0.0317003018	0.0033979479	0.013900332	-0.008379998	-0.0047323558	0.0334206611	-0.0242060306	0.0946416866	0.028964757	0.0507704945	-0.0155661821	-0.035936208	-0.0108710931	0.0331450948	0.0382333774	0.051797783	-0.0168392911	0.019611781	-0.0090066509	0.0722531058	0.0192478161	0.0754679178	-0.0219870172	0.0046341275	0.0058588997	0.0060517972	-0.000681504	-0.0023947069	0.0617518223	0.0063794713	-0.0231881805	0.0354438898	-0.0321361483	0.0408281899	0.0415605102	-0.0265371251	0.0287122523	-0.0295509085	-0.0225091369	0.0411088485	-0.0199322427	0.0187179441	0.022638365	0.0092750537	-0.0168135366	0.0396387583	-0.0552698126	0.012108763	0.0762327537	0.0360350191	-0.0160479313	-0.0628378881	-0.0889023983	-0.0856447597	0.0414094710882579	0.0885934486674669	0.0078487991467951	0.0017147442958092	-0.6612572505022314	0.2880459708165972	0.0829704813036759	0.4372611513417708	0.2483481937704681	-0.1855308172872725	0.0616768253490539	0.0344216841632833	-0.0184439944173462	0.0054952761821297	3.0198060317881977e-05	0.000340180930067	0.0020699157810752	0.0011047595649256	4.284551340744155e-06	1.2204936962946012e-06	-0.0005139556457931	0.0027459624922854	7.540310009038247e-06	2.641504058426024e-07	0.0	0.0	0.0	0.0	0.0	0.0	0.0	0.0	0.0	0.0	0.0	0.0	0.0	0.0	0.0	0.0	1.0	0.0	0.0	0.0	0.0	0.0	0.0	0.0	0.0	0.0	0.0	0.0	0.0	0.0	0.0	0.0	0.0	0.0	0.0	0.0	0.0	0.0	0.0	0.0	0.0	0.0	0.0	0.0	0.0	0.0	0.0	0.0	0.0	0.0	0.0	0.0	0.0	0.0	0.0	0.0	0.0	0.0	0.0	0.0	0.0	0.0	0.0	0.0	0.0	0.0	0.0	0.0	0.0	0.0	0.0	0.0	0.0	0.0	0.0	0.0	0.0	0.0	0.0	0.0	0.0	0.0	0.0	0.0	0.0	0.0	0.0	0.0	0.0	0.0	0.0	0.0	0.0	0.0	0.0	0.0	0.0	0.0	0.0	0.0	0.0	0.0	0.0	0.0	0.0	0.0	0.0	0.0	0.0	0.0	0.0	0.0	0.0	0.0	0.0	0.0	0.0	0.0	0.0	0.0	0.0	0.0	0.0	0.0	0.0	0.0	0.0	0.0
889.5722792271399	13.09766012167529	791338.8399693685	171.54870066292315	868.8354554609818	0.1222078397676114	754875.0486660918	0.0149347561006661	815.6277650243087	6.440591904266739	665248.651078549	41.481224077306265	813.3562231277609	868.3807105865478	0.995198	64.985146	0.9900630959121915	0.6427654522630135	0.0089635447	0.0136541536	-0.0217519256	0.0021586172	0.0178449323	0.0002285298	-0.0419763817	-0.0034007836	0.0387816695	-0.0215086288	-0.0913067745	-0.0578965669	0.0234908678	0.0107703288	-0.0150462304	-0.003281812	-0.0030847732	-0.0031188189	0.0357915232	-0.0012741813	-0.0185362159	0.0037158697	-0.009549378	-0.0195254423	-0.0168084374	0.0091688103	0.0087222445	-0.0065690209	0.0031039613	-0.0167282474	-0.0109388092	0.0013418416	0.0132415906	0.010674951	0.0033924001	0.0055512963	0.0116452666	-0.0018157265	-0.0248158759	0.0039369961	0.0026240906	0.0021814076	0.0038670743	0.0331840514	-0.0120865741	-0.0362725756	0.0204890808	0.0105944133	0.0397629839	0.117584219	0.0065119417	0.0907899812	0.0332236817	-0.038809521	0.0282121407	-0.0054987506	-0.0454209614	0.0361348889	0.0377816103	0.0519835108	0.0614000635	-0.0453888794	0.0339047354	0.0755688824	0.0338271112	-0.0195636596	-0.0662173176	-0.0900678015	-0.0829017503	0.0386874216718666	-0.0027220494163913	7.40955302527622e-06	0.0014967165956168	-0.1448651443382118	0.5163921061640195	0.266660807308512	0.0209859100441309	0.1814417924310873	-0.0669064013393808	0.0329211240406057	0.0044764665401862	-0.0108932359584493	0.0075507584588969	5.70139533046031e-05	0.0001186625896464	0.0024651358640748	0.0003952200829995	6.07689482834781e-06	1.561989140062105e-07	-0.0003790834078416	0.0001348722379514	1.8190520570046023e-08	1.4370423010080085e-07	0.0	0.0	0.0	0.0	0.0	0.0	0.0	0.0	0.0	0.0	0.0	0.0	0.0	0.0	0.0	0.0	0.0	1.0	0.0	0.0	0.0	0.0	0.0	0.0	0.0	0.0	0.0	0.0	0.0	0.0	0.0	0.0	0.0	0.0	0.0	0.0	0.0	0.0	0.0	0.0	0.0	0.0	0.0	0.0	0.0	0.0	0.0	0.0	0.0	0.0	0.0	0.0	0.0	0.0	0.0	0.0	0.0	0.0	0.0	0.0	0.0	0.0	0.0	0.0	0.0	0.0	0.0	0.0	0.0	0.0	0.0	0.0	0.0	0.0	0.0	0.0	0.0	0.0	0.0	0.0	0.0	0.0	0.0	0.0	0.0	0.0	0.0	0.0	0.0	0.0	0.0	0.0	0.0	0.0	0.0	0.0	0.0	0.0	0.0	0.0	0.0	0.0	0.0	0.0	0.0	0.0	0.0	0.0	0.0	0.0	0.0	0.0	0.0	0.0	0.0	0.0	0.0	0.0	0.0	0.0	0.0	0.0	0.0	0.0	0.0	0.0	0.0	0.0
885.1083643386579	-4.463914888482009	783416.8166222544	19.926536131611343	861.2923848102619	-7.543070650719983	741824.5721321482	56.89791484175319	810.4632772855376	-5.164487738771072	656850.7238284142	26.67193360391674	807.1422579000588	862.699547240893	0.874573	57.108479	0.622053029685119	0.3682150160930768	0.0113960554	0.0169820187	-0.0200636566	0.0561509494	-0.0306378791	-0.0188639771	-0.0252368578	0.0144472102	-0.0516039411	0.011456522	-0.0441060887	-0.0673249841	0.0235840636	-0.0166058692	0.0047714565	-0.0165361555	-0.0336779392	0.0214491284	0.0506969563	-0.0132024202	-0.0476978225	0.0394887216	-0.0194341472	-0.0337327866	0.0042723553	-0.0185822483	-0.0131521015	-0.0326683375	-0.0122368843	-0.0450085029	-0.0094282525	0.0061842089	0.0101637609	-0.0252816455	-0.0107537637	0.0143062666	0.0306495884	0.0116070341	-0.0051430257	-0.000534314	0.0001352097	0.013248992	-0.0042642492	-0.0549326522	0.0234180683	-0.0753663209	0.0492330102	-0.007162826	0.0712615377	0.1289459761	-0.0132860544	0.1056854651	0.0157631986	-0.0373229457	0.0395992005	-0.0202604407	-0.0224671413	0.0433219747	0.0266928082	0.0479845848	0.04945639	-0.0542866168	0.0176474701	0.0748920628	0.0315960199	-0.0230492221	-0.06941525	-0.0908475206	-0.0796476241	0.011655706051826	-0.0270317156200405	0.0007307136493627	0.0001358554835665	-0.0064363830543641	0.1384287612838476	0.0191625219505804	4.142702682250535e-05	0.256794941509483	0.0753531490783957	0.0659436419848588	0.0056780970760309	-0.004023075555735	0.0068701604027143	4.719910395902352e-05	1.6185136927152476e-05	0.0029618001485434	0.0004966642844686	8.772260119911706e-06	2.4667541146670654e-07	-0.0006370467947154	-0.0002579633868738	6.65451089674018e-08	4.05828618657165e-07	0.0	0.0	0.0	0.0	0.0	0.0	0.0	0.0	0.0	0.0	0.0	0.0	0.0	0.0	0.0	0.0	0.0	0.0	1.0	0.0	0.0	0.0	0.0	0.0	0.0	0.0	0.0	0.0	0.0	0.0	0.0	0.0	0.0	0.0	0.0	0.0	0.0	0.0	0.0	0.0	0.0	0.0	0.0	0.0	0.0	0.0	0.0	0.0	0.0	0.0	0.0	0.0	0.0	0.0	0.0	0.0	0.0	0.0	0.0	0.0	0.0	0.0	0.0	0.0	0.0	0.0	0.0	0.0	0.0	0.0	0.0	0.0	0.0	0.0	0.0	0.0	0.0	0.0	0.0	0.0	0.0	0.0	0.0	0.0	0.0	0.0	0.0	0.0	0.0	0.0	0.0	0.0	0.0	0.0	0.0	0.0	0.0	0.0	0.0	0.0	0.0	0.0	0.0	0.0	0.0	0.0	0.0	0.0	0.0	0.0	0.0	0.0	0.0	0.0	0.0	0.0	0.0	0.0	0.0	0.0	0.0	0.0	0.0	0.0	0.0	0.0	0.0	0.0
893.5154067427667	8.407042404108779	798369.7820866918	70.67836198448312	885.6871261844387	24.394741374176878	784441.6854888499	595.1034067129771	819.3070220163155	8.843744730777871	671263.9963252433	78.21182086316136	817.9482210701303	886.7918736216227	0.9653020000000002	63.032955	0.3486119563514925	0.1637894721949802	0.0162176631	0.0036314289	0.0097278282	-0.0249264995	0.0320815436	-0.0012008223	0.0277605117	0.0115090461	0.0311632262	-0.0369539108	-0.0391486746	-0.0174998258	0.0186759406	0.0280660351	-0.009104602	0.0016147051	0.0266122479	-0.0386283767	0.0222440074	0.017284327	0.0088681114	-0.0134468008	0.02668265	0.0176053123	-0.0082487421	0.0262732072	0.0069847181	0.006141761	0.0033468762	0.0345259122	-0.0122907817	-0.0053613629	0.0343974094	0.0344770436	0.0285686835	0.0278742014	0.005905463	-0.0154203671	-0.0311951052	0.0035939083	0.0008058381	0.0040456659	0.0087536711	-0.002179311	-0.0258158107	-0.0559925312	0.0404565615	0.0106457186	0.0492204662	0.1428692041	-0.001659722	0.1125336643	0.0370399861	-0.0423858608	0.0072349345	0.022249001	-0.0635778275	0.0482495245	0.0205351117	0.0543793624	0.073421963	-0.0259335501	0.000726739	0.0742024108	0.0293432743	-0.0264992443	-0.0724229201	-0.0912382167	-0.0759024438	0.0370467346935043	0.0253910286416783	0.0006447043354825	0.0013724605514508	-0.1109751725921484	-0.1045387895377843	0.0109283585180251	0.0123154889318571	0.1739032210594331	-0.0828917204500499	0.030242330294846	0.0068710373191692	-0.0047241828755373	-0.0007011073198023	4.915514738803651e-07	2.2317903841519878e-05	0.0027747078284174	-0.0001870923201259	7.699003533080804e-06	3.5003536250129575e-08	0.0011905619197959	0.0018276087145113	3.3401536133576465e-06	1.417437684868099e-06	0.0	0.0	0.0	0.0	0.0	0.0	0.0	0.0	0.0	0.0	0.0	0.0	0.0	0.0	0.0	0.0	0.0	0.0	0.0	0.0	0.0	0.0	0.0	0.0	0.0	0.0	0.0	0.0	0.0	0.0	0.0	0.0	0.0	0.0	0.0	0.0	0.0	0.0	0.0	0.0	0.0	0.0	0.0	0.0	0.0	0.0	0.0	0.0	0.0	0.0	0.0	0.0	0.0	0.0	0.0	0.0	0.0	0.0	0.0	0.0	0.0	0.0	0.0	0.0	0.0	0.0	0.0	0.0	0.0	0.0	0.0	0.0	0.0	0.0	0.0	0.0	0.0	0.0	0.0	0.0	0.0	0.0	0.0	0.0	0.0	0.0	0.0	0.0	0.0	0.0	0.0	0.0	0.0	0.0	0.0	0.0	0.0	0.0	0.0	0.0	0.0	0.0	0.0	0.0	0.0	0.0	0.0	0.0	0.0	0.0	0.0	0.0	0.0	0.0	0.0	0.0	0.0	0.0	0.0	0.0	0.0	0.0	0.0	0.0	0.0	0.0	0.0	0.0
871.2711674337821	-22.24423930898456	759113.4472014256	494.806182435374	862.3549999385685	-23.3321262458702	743656.1459190486	544.388115153225	815.9566049448388	-3.350417071476727	665785.1811531077	11.225294552842689	813.3476600012569	816.3051952006023	1.311353	85.629631	0.564195224342176	0.2906551126733275	-0.0119141343	0.0444095664	-0.0069785461	0.0789282774	-0.0493770089	-0.0689793044	-0.0186240476	-0.0156185628	-0.0865024129	-0.0100209405	0.0129420343	-0.0467556845	0.0782011074	0.0073850145	-0.0131062035	-0.0222330107	0.0102631077	0.0002612489	-0.0260432669	-0.0261448499	-0.043344855	0.0280132714	-0.026910026	-0.0008008435	-0.055804731	0.0040352417	0.0140658639	0.0059550538	-0.0206024852	-0.0066234651	-0.027800094	0.024610218	-0.0209380809	-0.0398514938	-0.0047030457	0.0040941376	-0.0303884271	0.0075507109	-0.0167302024	-0.0043484384	-0.0034912988	0.0198943487	-0.0035916862	-0.193084823	0.0618840451	-0.0384077837	0.0009013995	0.0135253387	0.0373207606	0.074423319	-0.0232496703	0.0560878932	-0.0159830418	0.0084062585	-0.0203172211	0.0048094768	0.0165080778	0.0010500487	-0.0219552613	-0.0004416629	0.0055231759	-0.000874281	-0.0199369414	0.0735000446	0.0270704183	-0.0299084066	-0.075232084	-0.0912382167	-0.0716892996	0.0167490668988818	-0.0202976677946225	0.0004119953179008	0.0002805312419832	-0.0162440630254394	0.094731109566709	0.0089739831197398	0.0002638695835744	0.2454893438245875	0.0715861227651544	0.0602650179314265	0.0051245729725477	0.0005418286454849	0.0052660115210222	2.7730877339538547e-05	2.935782810680014e-07	0.0014415649135159	-0.0013331429149015	2.0781093998801045e-06	1.7772700315520685e-06	0.0002381098714058	-0.0009524520483901	9.071649044824972e-07	5.6696310860886614e-08	0.0	0.0	0.0	0.0	0.0	0.0	0.0	0.0	0.0	0.0	0.0	0.0	0.0	0.0	0.0	0.0	0.0	0.0	0.0	1.0	0.0	0.0	0.0	0.0	0.0	0.0	0.0	0.0	0.0	0.0	0.0	0.0	0.0	0.0	0.0	0.0	0.0	0.0	0.0	0.0	0.0	0.0	0.0	0.0	0.0	0.0	0.0	0.0	0.0	0.0	0.0	0.0	0.0	0.0	0.0	0.0	0.0	0.0	0.0	0.0	0.0	0.0	0.0	0.0	0.0	0.0	0.0	0.0	0.0	0.0	0.0	0.0	0.0	0.0	0.0	0.0	0.0	0.0	0.0	0.0	0.0	0.0	0.0	0.0	0.0	0.0	0.0	0.0	0.0	0.0	0.0	0.0	0.0	0.0	0.0	0.0	0.0	0.0	0.0	0.0	0.0	0.0	0.0	0.0	0.0	0.0	0.0	0.0	0.0	0.0	0.0	0.0	0.0	0.0	0.0	0.0	0.0	0.0	0.0	0.0	0.0	0.0	0.0	0.0	0.0	0.0	0.0	0.0
871.3669729545057	0.0958055207236157	759280.4015558984	0.0091786978011231	871.0154102870396	8.660410348471032	758667.8449574999	75.00270740390414	808.481404287842	-7.475200656996776	653642.181079241	55.87862486236504	806.2858766678529	844.0766671091716	1.415518	92.431427	1.5219464761739565	1.1417196051029457	-0.0008088165	0.0120581263	-0.0089032012	-0.0646209015	-0.0638361965	-0.0430010729	-0.05545482	-0.0015456989	-0.0726437391	-0.0736591778	-0.0695850651	0.0335884378	-0.0605565559	-0.0235608374	0.0124167434	0.0209827134	-0.0487605889	0.041950606	-0.006119216	-0.0251902551	-0.0033874937	0.0543754671	0.0581461284	0.0377649388	0.0093369992	-0.0267527326	-0.0200233445	-0.0443646924	0.0141372299	0.0141325221	0.0407319805	0.002548629	-0.0093244676	-0.0469132372	-0.0070792439	0.0323821817	0.0741768838	-0.0162508101	-0.0092848659	0.0038950537	-0.0038296284	-0.0029194409	-0.0070151222	-0.0005228788	0.0449841987	0.0346165951	-0.0254944199	-0.0246030354	0.02823074	0.0634484181	-0.0440142386	-0.0230136755	-0.0608675305	0.0064877796	0.0061176934	-0.0139931825	0.0443610387	-0.0208813944	-0.0238859417	-0.0699180529	-0.0145082587	0.0202871378	-0.0120500767	0.0727850846	0.0247790096	-0.0332714524	-0.0778350419	-0.0908475206	-0.0670341672	0.0036514706707606	-0.0130975962281211	0.0001715470269548	1.3333238059424866e-05	-0.233215517237312	-0.2169714542118725	0.0470766119428147	0.0543894774802669	0.397102855787395	0.1516135119628075	0.1576906780745046	0.0229866570096963	-0.0209083856354597	-0.0214502142809446	0.0004601116926984	0.000437160589881	0.0007417390427262	-0.0006998258707897	5.501768075043796e-07	4.897562494265619e-07	0.0008933479950946	0.0006552381236888	4.293369987352192e-07	7.980706403395415e-07	0.0	0.0	0.0	0.0	0.0	0.0	0.0	0.0	0.0	0.0	0.0	0.0	0.0	0.0	0.0	0.0	0.0	0.0	0.0	0.0	1.0	0.0	0.0	0.0	0.0	0.0	0.0	0.0	0.0	0.0	0.0	0.0	0.0	0.0	0.0	0.0	0.0	0.0	0.0	0.0	0.0	0.0	0.0	0.0	0.0	0.0	0.0	0.0	0.0	0.0	0.0	0.0	0.0	0.0	0.0	0.0	0.0	0.0	0.0	0.0	0.0	0.0	0.0	0.0	0.0	0.0	0.0	0.0	0.0	0.0	0.0	0.0	0.0	0.0	0.0	0.0	0.0	0.0	0.0	0.0	0.0	0.0	0.0	0.0	0.0	0.0	0.0	0.0	0.0	0.0	0.0	0.0	0.0	0.0	0.0	0.0	0.0	0.0	0.0	0.0	0.0	0.0	0.0	0.0	0.0	0.0	0.0	0.0	0.0	0.0	0.0	0.0	0.0	0.0	0.0	0.0	0.0	0.0	0.0	0.0	0.0	0.0	0.0	0.0	0.0	0.0	0.0	0.0
884.5491463169233	13.18217336241753	782427.1922499978	173.76969455683027	867.7799532351556	-3.235457051883941	753042.0472368089	10.468182334585522	813.26675876096	4.785354473117991	661402.8209055575	22.899617433390365	810.9274561862021	862.3623291168213	1.202641	78.53086899999998	0.9688318031814218	0.6060213082313978	0.0002531488	0.0105703349	-0.0322111376	-0.068829766	-0.0120191917	0.032757906	-0.101149275	0.0214818516	-0.020371691	0.0496981149	-0.0255023014	-0.0207000621	0.0025357107	-0.0056085978	0.0152039946	-0.0088395623	-0.0117551827	0.0199023489	-0.0247884188	-0.0264884896	-0.0286787653	-0.0172083976	0.0011188566	-0.0017306683	-0.003793169	-0.0075685852	-0.019590578	-0.0090615286	-0.0079001696	-0.0037518422	0.0035653642	0.0335219986	-0.0346012112	-0.0037104303	0.0197894685	-0.0042177699	0.0227215853	-0.0120727159	-0.0168407239	-0.0059323493	0.0017144189	0.0125433826	-0.0035588158	-0.1024765444	0.0264019099	0.0168445256	-0.0503624358	0.0245574044	0.0187151584	0.0556009532	-0.0196979277	0.0459889909	0.0135696985	0.0144451806	-0.0138374128	0.020840875	0.0101387367	0.0081775039	-0.0415950606	-0.0036467152	0.0118741331	0.030729098	-0.008935598	0.0720576532	0.0224706185	-0.036583196	-0.0802246594	-0.0900678015	-0.0619657467	0.0224058743558117	0.0187544036850511	0.0003517276575818	0.0005020232056484	-0.0978522990767487	0.1353632181605633	0.0183232008307842	0.0095750724346054	0.0739626028781827	-0.3231402529092123	0.0054704666245157	0.1044196230502297	-0.0120236683259218	0.0088847173095379	7.893820167040239e-05	0.0001445686000117	0.001311913131313	0.0005701740885868	1.721116064111481e-06	3.250984912957881e-07	0.0012699351655018	0.0003765871704072	1.418178969153015e-07	1.6127353245780842e-06	0.0	0.0	0.0	0.0	0.0	0.0	0.0	0.0	0.0	0.0	0.0	0.0	0.0	0.0	0.0	0.0	0.0	0.0	0.0	0.0	0.0	1.0	0.0	0.0	0.0	0.0	0.0	0.0	0.0	0.0	0.0	0.0	0.0	0.0	0.0	0.0	0.0	0.0	0.0	0.0	0.0	0.0	0.0	0.0	0.0	0.0	0.0	0.0	0.0	0.0	0.0	0.0	0.0	0.0	0.0	0.0	0.0	0.0	0.0	0.0	0.0	0.0	0.0	0.0	0.0	0.0	0.0	0.0	0.0	0.0	0.0	0.0	0.0	0.0	0.0	0.0	0.0	0.0	0.0	0.0	0.0	0.0	0.0	0.0	0.0	0.0	0.0	0.0	0.0	0.0	0.0	0.0	0.0	0.0	0.0	0.0	0.0	0.0	0.0	0.0	0.0	0.0	0.0	0.0	0.0	0.0	0.0	0.0	0.0	0.0	0.0	0.0	0.0	0.0	0.0	0.0	0.0	0.0	0.0	0.0	0.0	0.0	0.0	0.0	0.0	0.0	0.0	0.0
882.7379381198291	-1.8112081970941745	779226.2673960472	3.28047513322113	872.8803866497882	5.100433414632562	761920.1693978837	26.01442101710037	815.2269493487241	1.9601905877641457	664594.9789444272	3.8423471403591463	813.5642658048838	865.397009592692	1.057168	69.031685	0.8322980655786436	0.5752530387333512	0.0012556672	0.0042378787	-0.0151216618	-0.0297469587	-0.0269603637	0.0234946369	0.0013324641	0.0186859952	-0.0102268967	-0.0424497858	-0.0001984049	-0.044045853	-0.0455679747	0.0025115427	-0.0001258137	0.0385049901	0.0119508346	0.005061151	-0.0052910573	-0.0107188419	0.0147569754	-0.0032246416	-0.0011860279	0.0179821554	0.0207357144	0.0008419274	-0.0024555546	-0.0031933074	0.0331985616	0.0099751947	0.0191009063	0.0011629702	0.0070399188	-0.0010953998	0.0110151807	0.0019457399	0.0248254479	-0.0061959058	-0.0102829137	0.0028823085	-0.0036310553	0.000675251	-0.0032313813	0.0538580627	-0.0063697248	0.0140844218	-0.0164556662	0.0020703157	0.0101265662	0.0567846564	-0.0084362897	-0.0108924101	-0.0277510601	0.0055307968	0.0249237797	-0.0056831121	-0.0002959756	-0.013616615	0.0136278404	-0.0520785276	-0.0183635419	-0.0078617932	0.0152270983	0.0713178751	0.0201468273	-0.0398385309	-0.0823943867	-0.0889023983	-0.0565152869	0.0134309383241344	-0.0089749360316772	8.054947677269946e-05	0.0001803901042667	-0.132618416753715	-0.0347661176769663	0.0012086829383286	0.017587644462262	0.2183270341208327	0.14436443124265	0.0476666938279992	0.0208410890080138	-0.0223270956711807	-0.0103034273452589	0.000106160615059	0.00049849920111	0.0037716492335653	0.0024597361022523	1.4225337941053717e-05	6.0503016927233375e-06	0.001149247000466	-0.0001206881650358	1.45656331797085e-08	1.3207686680800982e-06	0.0	0.0	0.0	0.0	0.0	0.0	0.0	0.0	0.0	0.0	0.0	0.0	0.0	0.0	0.0	0.0	0.0	0.0	0.0	0.0	0.0	0.0	1.0	0.0	0.0	0.0	0.0	0.0	0.0	0.0	0.0	0.0	0.0	0.0	0.0	0.0	0.0	0.0	0.0	0.0	0.0	0.0	0.0	0.0	0.0	0.0	0.0	0.0	0.0	0.0	0.0	0.0	0.0	0.0	0.0	0.0	0.0	0.0	0.0	0.0	0.0	0.0	0.0	0.0	0.0	0.0	0.0	0.0	0.0	0.0	0.0	0.0	0.0	0.0	0.0	0.0	0.0	0.0	0.0	0.0	0.0	0.0	0.0	0.0	0.0	0.0	0.0	0.0	0.0	0.0	0.0	0.0	0.0	0.0	0.0	0.0	0.0	0.0	0.0	0.0	0.0	0.0	0.0	0.0	0.0	0.0	0.0	0.0	0.0	0.0	0.0	0.0	0.0	0.0	0.0	0.0	0.0	0.0	0.0	0.0	0.0	0.0	0.0	0.0	0.0	0.0	0.0	0.0
868.2231783822872	-14.514759737541908	753811.4874802409	210.67825023856764	864.8165275771896	-8.063859072598575	747907.626370668	65.02582314273035	810.482575623374	-4.744373725350101	656882.0053890982	22.5090820457924	808.9765063414777	854.7924083302815	1.076109	70.268509	1.002355733486286	0.739868903220555	9.74795e-05	-0.0062494131	-0.008828751	0.0200701951	-0.058708799	-0.0110345226	0.0247794117	-0.0245554084	0.0010176214	-0.0232018169	-0.0366188357	-0.0279030758	0.0358998002	-0.015926146	0.0224623286	0.0348360788	-0.0330207423	0.0582195248	-0.037031676	-0.0411198718	-0.0199996062	0.0283718059	0.0602492007	-0.0304932247	0.0271413753	-0.0167344024	-0.0228662282	-0.0344568212	0.0328965438	-0.0236487745	0.0365150291	0.0281687949	-0.0365826613	-0.0256555935	0.0077078269	0.0244076282	0.0418013766	-0.0364188983	0.0282222194	-0.0063992439	0.0007882652	0.0084134584	-0.0106528135	-0.0796494342	0.0237914806	0.030473844	-0.0520654689	0.0093085038	0.0285436433	0.0568254889	-0.0198279014	0.053190919	0.0156146131	0.004521149	-0.0196366218	0.0226262608	-0.0060883265	0.0128875578	-0.0115695176	-0.0248405739	0.0176272942	0.0344972024	-0.0144285642	0.0705658771	0.0178092284	-0.0430324377	-0.0843382767	-0.0873563013	-0.0507163915	0.0206853032115645	0.0072543648874301	5.262580991997874e-05	0.0004278817689543	-0.0864719074084519	0.0461465093452631	0.0021295003247524	0.0074773907708558	0.0308123440712648	-0.1875146900495679	0.000949400547166	0.0351617589843855	-0.0088569239571233	0.0134701717140574	0.0001814455260061	7.844510198226466e-05	0.0028308533656986	-0.0009407958678667	8.01373077808709e-06	8.850968649950578e-07	0.0019670828026224	0.0008178358021564	6.688553992888025e-07	3.869414752372797e-06	0.0	0.0	0.0	0.0	0.0	0.0	0.0	0.0	0.0	0.0	0.0	0.0	0.0	0.0	0.0	0.0	0.0	0.0	0.0	0.0	0.0	0.0	0.0	1.0	0.0	0.0	0.0	0.0	0.0	0.0	0.0	0.0	0.0	0.0	0.0	0.0	0.0	0.0	0.0	0.0	0.0	0.0	0.0	0.0	0.0	0.0	0.0	0.0	0.0	0.0	0.0	0.0	0.0	0.0	0.0	0.0	0.0	0.0	0.0	0.0	0.0	0.0	0.0	0.0	0.0	0.0	0.0	0.0	0.0	0.0	0.0	0.0	0.0	0.0	0.0	0.0	0.0	0.0	0.0	0.0	0.0	0.0	0.0	0.0	0.0	0.0	0.0	0.0	0.0	0.0	0.0	0.0	0.0	0.0	0.0	0.0	0.0	0.0	0.0	0.0	0.0	0.0	0.0	0.0	0.0	0.0	0.0	0.0	0.0	0.0	0.0	0.0	0.0	0.0	0.0	0.0	0.0	0.0	0.0	0.0	0.0	0.0	0.0	0.0	0.0	0.0	0.0	0.0
887.2721371305482	19.048958748261043	787251.8453282104	362.8628293929509	880.9055568150112	16.089029237821592	775994.6000275649	258.85686181547806	815.9263756057096	5.443799982335577	665735.8504090696	29.634958247676824	815.8134799606975	868.9310907491048	1.176205	76.804657	0.7852346972091435	0.5001166146038163	0.0046311279	0.0015378834	0.0031851852	0.0304667701	-0.0050829356	-0.0025456662	-0.0269457483	0.0378991332	-0.0106163708	0.0438055747	-0.0291957175	-0.0493641458	0.0516509507	0.0014827253	-0.0020947299	0.0234070532	0.0040563583	-0.0042530573	0.0193377491	0.0298224102	0.0041564559	-0.0237891849	0.0078211543	-0.020111104	0.0087233211	0.0029747556	0.004380168	-0.0040180768	0.0181464527	-0.0133571732	0.0012832112	-0.0208587654	0.026329187	0.0231626237	0.0173740568	-0.0048766151	0.0048102429	-0.0056474225	0.0058738534	0.0043458192	0.0023942449	-0.0023941016	0.0012562701	0.0588479873	-0.0182587942	0.0155614684	-0.0317890758	0.0213901437	0.0099148464	0.0812641446	-0.0022806661	0.0419624999	0.0194268951	-0.0037459471	0.0293426641	0.0038465092	-0.0130028981	0.0221748906	0.0032625866	-0.0080126316	0.0163340463	-0.0204093402	0.0049713884	0.0698017879	0.0154594239	-0.0461599916	-0.0860510014	-0.0854361313	-0.0446048127	0.053241697243763	0.0325563940321984	0.0010599187923797	0.0028346783253965	-0.1358121263874778	-0.0493402189790259	0.0024344572088982	0.0184449336738882	0.1657059876474989	0.1348936435762341	0.027458474342233	0.018196295077272	-0.0177328158647311	-0.0088758919076078	7.878145715553766e-05	0.0003144527584924	0.0045379681788781	0.0017071148131795	2.0593155192510218e-05	2.9142409853768787e-06	0.0027529648942688	0.0007858820916464	6.176106619705207e-07	7.578815709076426e-06	0.0	0.0	0.0	0.0	0.0	0.0	0.0	0.0	0.0	0.0	0.0	0.0	0.0	0.0	0.0	0.0	0.0	0.0	0.0	0.0	0.0	0.0	0.0	0.0	1.0	0.0	0.0	0.0	0.0	0.0	0.0	0.0	0.0	0.0	0.0	0.0	0.0	0.0	0.0	0.0	0.0	0.0	0.0	0.0	0.0	0.0	0.0	0.0	0.0	0.0	0.0	0.0	0.0	0.0	0.0	0.0	0.0	0.0	0.0	0.0	0.0	0.0	0.0	0.0	0.0	0.0	0.0	0.0	0.0	0.0	0.0	0.0	0.0	0.0	0.0	0.0	0.0	0.0	0.0	0.0	0.0	0.0	0.0	0.0	0.0	0.0	0.0	0.0	0.0	0.0	0.0	0.0	0.0	0.0	0.0	0.0	0.0	0.0	0.0	0.0	0.0	0.0	0.0	0.0	0.0	0.0	0.0	0.0	0.0	0.0	0.0	0.0	0.0	0.0	0.0	0.0	0.0	0.0	0.0	0.0	0.0	0.0	0.0	0.0	0.0	0.0	0.0	0.0
885.669886622694	-1.6022505078542508	784411.1480702556	2.5672066899192045	871.5892594820493	-9.31629733296188	759667.8372444671	86.79339599615265	814.4304819606926	-1.495893645016963	663297.0099467261	2.237697797202136	812.8574112832158	866.620408030192	0.714351	46.646202	0.3457304394391246	0.1889833236848341	0.0055366767	-0.001051058	-0.006979994	0.0042124907	-0.0374739817	-0.0120556075	-0.0166901335	-0.0020476128	-0.0440982567	-0.0129393467	-0.0248179316	-0.0373429522	0.0058835265	-0.0051582322	0.009515531	-3.56853e-05	-0.0027095995	-0.0261358713	-0.009892437	0.0030927231	0.0054046125	-0.0230648504	0.0028359336	0.0250839299	-0.0036373248	-0.0055459618	-0.0112631511	-0.0022843251	-0.0032828531	0.0175114011	-0.0040158573	0.0045591169	-0.0077087579	0.0090614279	0.0237034327	-0.0016740153	0.0047379037	0.0073234489	-0.0201619591	0.0014636662	8.78595e-05	-7.31958e-05	-0.0009326308	0.009318294	-0.000517236	0.0135395081	-0.0362118355	0.0166995921	0.0196156538	0.0905431548	-0.0151673828	0.0503727319	0.0099208302	-0.0024227376	0.0211336757	0.0069425808	-0.0161442878	0.0154144197	-0.0031968022	-0.0024355521	0.0215694019	0.0048410769	0.0037254469	0.0690257386	0.0130990243	-0.0492163702	-0.0875278662	-0.0831501106	-0.0382182304	-0.0109167722129797	-0.0641584694567427	0.0041163092030317	0.00011917591555	-0.1514836339087111	-0.0156715075212333	0.000245596147988	0.0229472913421884	0.1713477723816225	0.0056417847341236	0.0293600591001443	3.1829734986190165e-05	-0.0153755514599934	0.0023572644047377	5.556695473843389e-06	0.0002364075826989	0.0039937907199261	-0.0005441774589519	1.5950364314567837e-05	2.961291068314552e-07	0.000449233203418	-0.0023037316908508	5.307179703430286e-06	2.018104710531982e-07	0.0	0.0	0.0	0.0	0.0	0.0	0.0	0.0	0.0	0.0	0.0	0.0	0.0	0.0	0.0	0.0	0.0	0.0	0.0	0.0	0.0	0.0	0.0	0.0	0.0	0.0	0.0	0.0	0.0	0.0	0.0	0.0	0.0	0.0	0.0	0.0	0.0	0.0	0.0	0.0	0.0	0.0	0.0	0.0	0.0	0.0	0.0	0.0	0.0	0.0	0.0	0.0	0.0	0.0	0.0	0.0	0.0	0.0	0.0	0.0	0.0	0.0	0.0	0.0	0.0	0.0	0.0	0.0	0.0	0.0	0.0	0.0	0.0	0.0	0.0	0.0	0.0	0.0	0.0	0.0	0.0	0.0	0.0	0.0	0.0	0.0	0.0	0.0	0.0	0.0	0.0	0.0	0.0	0.0	0.0	0.0	0.0	0.0	0.0	0.0	0.0	0.0	0.0	0.0	0.0	0.0	0.0	0.0	0.0	0.0	0.0	0.0	0.0	0.0	0.0	0.0	0.0	0.0	0.0	0.0	0.0	0.0	0.0	0.0	0.0	0.0	0.0	0.0
891.0189503653153	5.349063742621297	793914.7699101082	28.61248292262576	881.7313897764528	10.1421302944035	777450.243717115	102.86280690865723	816.602366683662	2.1718847229693665	666839.425273358	4.717083249867722	815.6204737996331	871.3931990305583	0.613936	40.089233	0.3987597095438591	0.2116234490237024	0.0037997387	0.0029139492	0.0048743426	0.0277353829	-0.0040182027	-0.0302938045	-0.0124088893	-0.0129602898	-0.0146073037	0.0006250694	0.0115538099	-0.0234409049	0.0066739541	0.0049075846	0.0028105182	0.0150596762	0.0089925377	-0.0308137148	0.0017378759	-0.0028713648	-0.0063924333	-0.0265059544	-0.0119172574	0.0044230912	-0.005698152	0.002375178	-0.0021259804	0.0011227921	0.0147494318	0.0066459926	-0.0276524954	-0.0023456912	-0.0037252925	0.0117941011	0.0159994824	0.0009235473	-0.0194729297	0.0212591411	-0.0158590958	0.0034519457	0.0020635285	-0.0021892453	0.0088656872	0.0298213617	-0.0252525011	0.0225027198	-0.0439327694	0.0444837157	0.0032617243	0.0694967328	-0.0008248714	0.0535001194	0.0386563785	-0.0095969808	0.0151063622	0.0100816957	-0.0266649473	0.0151149969	-0.0004482991	0.0199935828	0.0218915643	-0.0108689224	0.0089051242	0.0682378621	0.0107296473	-0.0521968607	-0.0887648233	-0.0805080284	-0.0315960199	0.0244137010629401	0.0353304732759198	0.0012482423419004	0.0005960287995906	-0.1429518451340214	0.0085317887746897	7.279141969592141e-05	0.0204352300272212	0.0045410290816079	-0.1668067433000146	2.0620945120008693e-05	0.0278244896103569	-0.0156048059727134	-0.00022925451272	5.2557631602484673e-08	0.000243509969446	0.0018329093904176	-0.0021608813295085	3.3595568334810177e-06	4.669408120218424e-06	0.0018209114450542	0.0013716782416362	1.8815011985781775e-06	3.315718490729375e-06	0.0	0.0	0.0	0.0	0.0	0.0	0.0	0.0	0.0	0.0	0.0	0.0	0.0	0.0	0.0	0.0	0.0	0.0	0.0	0.0	0.0	0.0	0.0	0.0	0.0	0.0	0.0	0.0	0.0	0.0	0.0	0.0	0.0	0.0	0.0	0.0	0.0	0.0	0.0	0.0	0.0	0.0	0.0	0.0	0.0	0.0	0.0	0.0	0.0	0.0	0.0	0.0	0.0	0.0	0.0	0.0	0.0	0.0	0.0	0.0	0.0	0.0	0.0	0.0	0.0	0.0	0.0	0.0	0.0	0.0	0.0	0.0	0.0	0.0	0.0	0.0	0.0	0.0	0.0	0.0	0.0	0.0	0.0	0.0	0.0	0.0	0.0	0.0	0.0	0.0	0.0	0.0	0.0	0.0	0.0	0.0	0.0	0.0	0.0	0.0	0.0	0.0	0.0	0.0	0.0	0.0	0.0	0.0	0.0	0.0	0.0	0.0	0.0	0.0	0.0	0.0	0.0	0.0	0.0	0.0	0.0	0.0	0.0	0.0	0.0	0.0	0.0	0.0
896.3783750223616	5.359424657046361	803494.1912077296	28.723432654556504	902.190371723918	20.45898194746519	813947.4668313414	418.56994232670655	819.6593841207725	3.0570174371105168	671841.5059772441	9.345355610797752	819.294439595761	889.3181278076172	0.728951	47.599529	0.5724423671977198	0.4468636038389139	0.0084460912	-0.016272046	0.0223570549	-0.0283965367	0.016640163	0.0146340973	0.0087672816	0.0409080437	-0.0323987023	-0.0471462472	-0.0407915428	0.0568558417	-0.0719307866	0.0116213476	-0.0192430371	0.0377664292	0.0063446081	0.0008919991	-0.0209915658	-0.0035092777	0.0390967682	-0.0467328642	-0.0039343791	-0.0207677644	0.0279229665	0.0111171994	0.0230892732	-0.0064817503	0.034480457	0.0114835099	0.0290013773	-0.0037828732	-0.0044220274	0.0127636787	0.0405667712	-0.0305812576	-0.0050993826	-0.0186645781	0.038883722	-0.0023436885	-0.0002390103	-0.0041664313	0.0017386714	0.0630935774	-0.0223440241	0.0294149336	-0.0227937186	-0.0027103977	0.003100962	0.0049654209	-0.019237746	-0.028881757	-0.0333818123	0.0224882948	0.0514537702	-0.0128223052	0.0169734162	-0.0013586522	-0.0112485299	-0.0274173048	-0.0105226323	-0.0059645893	-0.0009945038	0.0674382934	0.0083529168	-0.0550968674	-0.0897584821	-0.0775211985	-0.0247790096	0.0083916282635811	-0.016022072799359	0.0002567068167879	7.041942491413314e-05	-0.153003602762638	-0.0100517576286165	0.0001010378314244	0.0234101024583471	0.0570565894841621	0.0525155604025541	0.0032554544035641	0.0027578840843943	-0.0240755752643739	-0.0084707692916604	7.175393239253852e-05	0.0005796333243105	0.0020971329773595	0.0002642235869419	4.397966724728721e-06	6.981410389644384e-08	0.0006788447963128	-0.0011420666487414	1.3043162301674122e-06	4.60830257480967e-07	0.0	0.0	0.0	0.0	0.0	0.0	0.0	0.0	0.0	0.0	0.0	0.0	0.0	0.0	0.0	0.0	0.0	0.0	0.0	0.0	0.0	0.0	0.0	0.0	0.0	1.0	0.0	0.0	0.0	0.0	0.0	0.0	0.0	0.0	0.0	0.0	0.0	0.0	0.0	0.0	0.0	0.0	0.0	0.0	0.0	0.0	0.0	0.0	0.0	0.0	0.0	0.0	0.0	0.0	0.0	0.0	0.0	0.0	0.0	0.0	0.0	0.0	0.0	0.0	0.0	0.0	0.0	0.0	0.0	0.0	0.0	0.0	0.0	0.0	0.0	0.0	0.0	0.0	0.0	0.0	0.0	0.0	0.0	0.0	0.0	0.0	0.0	0.0	0.0	0.0	0.0	0.0	0.0	0.0	0.0	0.0	0.0	0.0	0.0	0.0	0.0	0.0	0.0	0.0	0.0	0.0	0.0	0.0	0.0	0.0	0.0	0.0	0.0	0.0	0.0	0.0	0.0	0.0	0.0	0.0	0.0	0.0	0.0	0.0	0.0	0.0	0.0	0.0
893.3819555970298	-2.996419425331851	798131.3185863734	8.97852937250606	901.7489370866256	-0.4414346372924456	813151.145536859	0.194864539001513	818.5393331749221	-1.1200509458503802	670006.6399544462	1.2545141213003317	819.5027578799344	890.8120715433756	0.590317	38.546932	0.4905290082879908	0.3675116335968068	0.0049095543	-0.0110284297	0.0203757625	-0.0058593661	0.0135067636	0.00448772	-0.0011393004	0.0476079088	-0.046965703	-0.0060171948	-0.0200185949	0.0749500251	-0.0463971786	0.0071780919	-0.0181107981	0.0595509206	0.0034876212	0.0090878459	-0.0073021458	-0.0076491972	0.0233975458	-0.0629518179	-0.0021674735	-0.0397723539	0.0127654537	0.0089011687	0.018643377	-0.0093172874	0.0453544979	-0.0179910476	0.0187013353	-0.0046788745	-0.0045586218	0.0084507644	0.0368063085	-0.0178955501	-0.0113349295	-0.016189344	0.0362371117	-0.0010476928	-0.0018876503	-0.0038616845	0.0026772708	0.0516282502	-0.0032383105	0.0176698335	0.01272912	-0.0255176372	-0.0070156397	-0.0300926495	-0.0226141512	-0.080338302	-0.0654487244	0.0399499262	0.0498301314	-0.0212281296	0.0465485226	-0.0216959735	-0.012975131	-0.0511709572	-0.0245087899	0.0076061783	-0.0129569656	0.0666271694	0.0059704615	-0.0579119187	-0.0905061192	-0.0742024108	-0.0178092284	0.0039535702852191	-0.0044380579783619	1.96963586193026e-05	1.5630718000167437e-05	-0.1811595254166462	-0.0281559226540082	0.0007927559804984	0.0328187736491844	0.1330096556839777	0.0759530661998156	0.0176915685051703	0.0057688682651535	-0.0309280036640124	-0.0068524283996385	4.695577497217226e-05	0.0009565414106411	0.0026074138054847	0.0005102808281252	6.798606753032205e-06	2.603865235521399e-07	0.0004019147949604	-0.0002769300013524	7.66902256490403e-08	1.6153550240806036e-07	0.0	0.0	0.0	0.0	0.0	0.0	0.0	0.0	0.0	0.0	0.0	0.0	0.0	0.0	0.0	0.0	0.0	0.0	0.0	0.0	0.0	0.0	0.0	0.0	0.0	0.0	0.0	0.0	0.0	0.0	0.0	0.0	0.0	0.0	0.0	0.0	0.0	0.0	0.0	0.0	0.0	0.0	0.0	0.0	0.0	0.0	0.0	0.0	0.0	0.0	0.0	0.0	0.0	0.0	0.0	0.0	0.0	0.0	0.0	0.0	0.0	0.0	0.0	0.0	0.0	0.0	0.0	0.0	0.0	0.0	0.0	0.0	0.0	0.0	0.0	0.0	0.0	0.0	0.0	0.0	0.0	0.0	0.0	0.0	0.0	0.0	0.0	0.0	0.0	0.0	0.0	0.0	0.0	0.0	0.0	0.0	0.0	0.0	0.0	0.0	0.0	0.0	0.0	0.0	0.0	0.0	0.0	0.0	0.0	0.0	0.0	0.0	0.0	0.0	0.0	0.0	0.0	0.0	0.0	0.0	0.0	0.0	0.0	0.0	0.0	0.0	0.0	0.0
889.2132030647762	-4.16875253225362	790700.1205047189	17.378497675170973	889.3441038998691	-12.404833186756491	790932.9351414611	153.8798863912552	817.1655760840546	-1.3737570908675707	667759.5787367848	1.8872085447089308	816.9354785579922	874.4500944417317	0.7378749999999998	48.182266	0.6936276477333355	0.4799340970344857	0.0002198065	-0.0034599754	-0.0019750305	-0.0223460849	-0.0107213043	0.0007146889	-0.0295486251	0.0201220528	-0.0108673981	0.0198325148	0.004141733	0.0124491394	0.0270412694	-0.0063928212	-0.008273794	-0.0067079892	0.004073882	0.010558899	0.0054178246	0.0320548456	0.0325887666	0.0046810943	0.0375330147	-0.0188666353	0.0286308212	-0.0059253849	0.0099030703	0.0064916113	-2.97107e-05	0.0081491393	0.027414837	-0.0073410391	0.0065763455	0.0190103204	0.0063191363	0.0080136498	0.0356691308	-0.0202356179	0.0262597271	0.0004469715	0.0004212855	-0.0054793351	-0.0058301686	0.0608812648	-0.0178112037	0.0383463579	-0.0422211588	0.0105910221	-0.001641626	0.0236404426	-0.0103950088	0.0064715685	0.0039326128	-0.0024689463	0.0194688649	-0.010374341	0.0032209126	-0.0045971741	0.0039081403	-0.0277994921	-0.0010397667	-0.0139707834	-0.0005919306	0.0658046293	0.0035839144	-0.060637674	-0.0910056853	-0.0705658771	-0.0107296473	0.0259758737413733	0.0220223034561541	0.0004849818495149	0.0006747460166277	-0.222121146430112	-0.0409616210134657	0.0016778543960508	0.0493378036914272	0.0148841667374171	-0.1181254889465606	0.0002215384194672	0.013953631138864	-0.0221583106447267	0.0087696930192857	7.690751565250834e-05	0.0004909907306282	0.0020891399819287	-0.000518273823556	4.3645058640930495e-06	2.6860775618335577e-07	0.0013643126384618	0.0009623978435014	9.262096091761452e-07	1.8613489754665984e-06	0.0	0.0	0.0	0.0	0.0	0.0	0.0	0.0	0.0	0.0	0.0	0.0	0.0	0.0	0.0	0.0	0.0	0.0	0.0	0.0	0.0	0.0	0.0	0.0	0.0	0.0	1.0	0.0	0.0	0.0	0.0	0.0	0.0	0.0	0.0	0.0	0.0	0.0	0.0	0.0	0.0	0.0	0.0	0.0	0.0	0.0	0.0	0.0	0.0	0.0	0.0	0.0	0.0	0.0	0.0	0.0	0.0	0.0	0.0	0.0	0.0	0.0	0.0	0.0	0.0	0.0	0.0	0.0	0.0	0.0	0.0	0.0	0.0	0.0	0.0	0.0	0.0	0.0	0.0	0.0	0.0	0.0	0.0	0.0	0.0	0.0	0.0	0.0	0.0	0.0	0.0	0.0	0.0	0.0	0.0	0.0	0.0	0.0	0.0	0.0	0.0	0.0	0.0	0.0	0.0	0.0	0.0	0.0	0.0	0.0	0.0	0.0	0.0	0.0	0.0	0.0	0.0	0.0	0.0	0.0	0.0	0.0	0.0	0.0	0.0	0.0	0.0	0.0
890.3917080569628	1.1785049921866175	792797.3937765956	1.3888740166087794	883.5578361858021	-5.78626771406698	780674.4498853367	33.48089405885392	817.017231485459	-0.1483445985955995	667517.156544164	0.0220061199324895	816.6348345377958	866.9067340307236	0.621507	40.583611	0.1745902145366359	0.0887147925745002	-0.0060167318	-0.0040809197	-0.0040548902	-0.0057171656	-0.0148702988	0.0220634686	-0.0060658957	-0.0025444315	0.0273150949	0.0124028059	0.0339110923	-0.0279376648	0.0072053912	-0.0086084204	-0.0137676324	-0.0188754278	0.0066229289	-0.0010579224	-0.012810041	-0.0061721792	0.0118120563	-0.009045729	-0.0222427418	-0.0052316099	0.008499284	-0.0066109987	0.0104211595	0.0089222018	-0.0118579015	0.0035019654	-0.0035396086	0.0104335433	0.0036014048	0.0126099711	0.0015486045	-0.0113473387	-0.0016020086	0.008166589	0.0008167883	-0.0005289912	9.10361e-05	-0.0076621475	-0.0028341789	0.053440566	-0.0224051551	0.0443916388	-0.0518283524	0.0243718538	-0.0141004858	0.0102400805	0.0135064337	0.0213714722	0.0339398368	0.0027464696	0.0009534011	-0.0042395889	0.0036309847	-0.0073090408	0.0034616815	-0.0218473759	-0.0065369366	-0.004223006	-0.0037384401	0.0649708138	0.0011949111	-0.0632699305	-0.0912558111	-0.0666271694	-0.0035839144	0.0353645629774632	0.0093886892360899	8.814748557187041e-05	0.0012506523145869	-0.1795337522367788	0.0425873941933331	0.0018136861441783	0.032232368192217	-0.0458195697498808	-0.0607037364872979	0.0020994329720641	0.0036849436235193	-0.0220864533784688	7.185726625789923e-05	5.163466714058624e-09	0.0004878114228392	0.0026146857526543	0.0005255457707255	6.836581585133383e-06	2.7619835712756466e-07	0.0020051174938766	0.0006408048554148	4.106308627231827e-07	4.020496164249977e-06	0.0	0.0	0.0	0.0	0.0	0.0	0.0	0.0	0.0	0.0	0.0	0.0	0.0	0.0	0.0	0.0	0.0	0.0	0.0	0.0	0.0	0.0	0.0	0.0	0.0	0.0	0.0	0.0	0.0	0.0	0.0	0.0	0.0	0.0	0.0	0.0	0.0	0.0	0.0	0.0	0.0	0.0	0.0	0.0	0.0	0.0	0.0	0.0	0.0	0.0	0.0	0.0	0.0	0.0	0.0	0.0	0.0	0.0	0.0	0.0	0.0	0.0	0.0	0.0	0.0	0.0	0.0	0.0	0.0	0.0	0.0	0.0	0.0	0.0	0.0	0.0	0.0	0.0	0.0	0.0	0.0	0.0	0.0	0.0	0.0	0.0	0.0	0.0	0.0	0.0	0.0	0.0	0.0	0.0	0.0	0.0	0.0	0.0	0.0	0.0	0.0	0.0	0.0	0.0	0.0	0.0	0.0	0.0	0.0	0.0	0.0	0.0	0.0	0.0	0.0	0.0	0.0	0.0	0.0	0.0	0.0	0.0	0.0	0.0	0.0	0.0	0.0	0.0
887.5644426528289	-2.8272654041338683	787770.6398616268	7.993429665412245	882.5302440593769	-1.0275921264252474	778859.6316795032	1.0559455782911618	814.2754838400485	-2.7417476454104417	663044.5635829451	7.517180151113701	812.9794410821414	873.2756155802409	0.586133	38.273697	0.1075443953306363	0.0624249931365144	-0.0024863044	-0.0054382361	-0.0043839036	0.0016260084	-0.0166875564	-0.0125839754	0.0175113481	-0.0224486301	0.0223372626	0.0185659076	-0.0117778022	-0.0237978882	-0.0045249387	-0.0192846963	0.0124804094	-0.0251123006	-0.0024477244	-0.0080994364	0.00618476	0.0278040584	-0.0046870677	0.0108519003	0.0007761039	0.0164670255	-0.0108769173	-0.018787036	-0.0123240127	-0.0021036892	-0.0191351003	0.0071395351	0.0001827481	-0.0101824056	0.0119028946	0.0045955617	-0.011710397	0.0036925407	-0.0073964281	-0.0035148433	-0.0096783338	-0.0006078163	-0.002818808	-0.0003944288	-0.0045883807	0.0095812668	-0.0036374107	0.0533704736	-0.0704833442	0.0390284229	-0.0179561864	0.0161122591	0.0081407551	0.0168668616	0.0378723263	0.0143302067	-0.0054834215	0.0036475105	0.0035258743	-0.012607905	0.0012866118	-0.0254819678	-0.0058284831	0.0022509529	0.0005029216	0.064125866	-0.0011949111	-0.0658046293	-0.0912558111	-0.062403154	0.0035839144	0.0400132894265681	0.0046487264491048	2.1610657598607432e-05	0.0016010633307343	-0.1650261478892787	0.0145076043475001	0.0002104705839036	0.027233629487174	-0.0352540981032944	0.0105654716465864	0.0012428514330767	0.0001116291911148	-0.0209958311631994	0.0010906222152693	1.1894568164391312e-06	0.0004408249262335	0.002609412120482	-5.273632172299834e-06	6.809031614518367e-06	2.7811196288715868e-11	0.0024656735041838	0.0004605560103071	2.121118386300857e-07	6.079545829234019e-06	0.0	0.0	0.0	0.0	0.0	0.0	0.0	0.0	0.0	0.0	0.0	0.0	0.0	0.0	0.0	0.0	0.0	0.0	0.0	0.0	0.0	0.0	0.0	0.0	0.0	0.0	0.0	0.0	0.0	0.0	0.0	0.0	0.0	0.0	0.0	0.0	0.0	0.0	0.0	0.0	0.0	0.0	0.0	0.0	0.0	0.0	0.0	0.0	0.0	0.0	0.0	0.0	0.0	0.0	0.0	0.0	0.0	0.0	0.0	0.0	0.0	0.0	0.0	0.0	0.0	0.0	0.0	0.0	0.0	0.0	0.0	0.0	0.0	0.0	0.0	0.0	0.0	0.0	0.0	0.0	0.0	0.0	0.0	0.0	0.0	0.0	0.0	0.0	0.0	0.0	0.0	0.0	0.0	0.0	0.0	0.0	0.0	0.0	0.0	0.0	0.0	0.0	0.0	0.0	0.0	0.0	0.0	0.0	0.0	0.0	0.0	0.0	0.0	0.0	0.0	0.0	0.0	0.0	0.0	0.0	0.0	0.0	0.0	0.0	0.0	0.0	0.0	0.0
888.1768340851906	0.6123914323617328	788858.0886055923	0.3750232664300547	882.1591798608953	-0.3710641984815765	778204.8186128474	0.1376886393947748	813.5458682022016	-0.729615637846905	661856.8796688741	0.532338978990746	812.963079247023	877.172463007609	0.586049	38.268208	0.3190194821545682	0.2219633991364973	-0.0032394006	0.0048419488	-0.0080519629	0.0283098004	-0.0152884001	-0.0072705462	-0.0147427218	-0.0021409347	-0.0049277591	0.0088789295	-0.0102795745	-0.0106761736	0.0283894194	-0.0222695823	0.0156858954	0.0026655919	-0.0030143723	0.0021802881	0.0068309166	-0.0053328537	-0.0072044277	-0.0198164738	-0.0071179243	-0.003112785	0.011995987	-0.0223460904	-0.0186207966	-0.0010535335	0.0042211125	-0.0143317432	-0.003340347	0.0049591201	-0.0020065193	0.0106801088	0.0013742618	-0.0040122629	-0.0067855287	0.0285894338	-0.0243847011	-0.0006112159	-0.000312881	-0.0051695785	0.0006598533	0.085784705	-0.027245937	0.0293663987	-0.033437886	0.0225986065	-0.0113178332	-0.0048827908	0.012841173	0.002472914	0.0271896764	-0.0106589535	0.0173962831	-0.0120759558	0.0096323038	-0.0067073933	0.0123343865	-0.0025589644	-0.0132409832	-0.020698392	0.0119764711	0.0632699305	-0.0035839144	-0.0682378621	-0.0910056853	-0.0579119187	0.0107296473	0.0367341330322403	-0.0032791563943277	1.0752866658460884e-05	0.0013493965296303	-0.2201387011910043	-0.0551125533017256	0.0030373935314355	0.0484610477620622	-0.0698117497665293	-0.0345576516632349	0.0048736804054645	0.0011942312884774	-0.0252341354911623	-0.0042383043279628	1.7963223576429035e-05	0.0006367615939863	0.0023450080469396	-0.0002644040735423	5.499062740211478e-06	6.990951410581476e-08	0.0024469794897835	-1.869401440030005e-05	3.494661743986257e-10	5.987708623421118e-06	0.0	0.0	0.0	0.0	0.0	0.0	0.0	0.0	0.0	0.0	0.0	0.0	0.0	0.0	0.0	0.0	0.0	0.0	0.0	0.0	0.0	0.0	0.0	0.0	0.0	0.0	0.0	0.0	0.0	0.0	0.0	0.0	0.0	0.0	0.0	0.0	0.0	0.0	0.0	0.0	0.0	0.0	0.0	0.0	0.0	0.0	0.0	0.0	0.0	0.0	0.0	0.0	0.0	0.0	0.0	0.0	0.0	0.0	0.0	0.0	0.0	0.0	0.0	0.0	0.0	0.0	0.0	0.0	0.0	0.0	0.0	0.0	0.0	0.0	0.0	0.0	0.0	0.0	0.0	0.0	0.0	0.0	0.0	0.0	0.0	0.0	0.0	0.0	0.0	0.0	0.0	0.0	0.0	0.0	0.0	0.0	0.0	0.0	0.0	0.0	0.0	0.0	0.0	0.0	0.0	0.0	0.0	0.0	0.0	0.0	0.0	0.0	0.0	0.0	0.0	0.0	0.0	0.0	0.0	0.0	0.0	0.0	0.0	0.0	0.0	0.0	0.0	0.0
889.6386717129002	1.4618376277095422	791456.9662070934	2.136969249787462	893.9746417256144	11.815461864719168	799190.6600484407	139.60513907663295	819.46911715187	5.923248949668391	671529.6339656652	35.0848781197477	820.3946311216982	875.9682604980469	0.649496	42.411209	0.2520736625117259	0.1296710806873847	-0.0061561115	-0.0007212341	-0.0021041016	0.0103963178	0.0177398184	0.0282950985	0.0237593807	0.0064478971	0.0196899122	-0.0032372302	-0.0174420597	0.0049808558	0.0045469369	0.007209998	0.0135064547	-0.0101627184	-0.0035178935	-0.0101822052	-0.0170477347	0.0174888772	0.0034749654	0.0032699402	0.015118248	-0.0024326022	-0.0291043908	0.009145224	-0.0074381595	0.0019176055	-0.0124147772	0.0100057849	-0.004776913	0.002613469	-0.0132985666	0.0186544776	-0.0082146035	0.0187738624	-0.0196577997	-0.0087275386	0.0081585108	-0.0075965204	0.0006744992	0.003729088	-9.13717e-05	-0.0074358674	-0.0056995146	0.05368213	-0.053705704	0.0330121637	-0.0316889548	-0.0592589064	9.17861e-05	-0.0407307226	0.0044357684	0.037438753	-0.0005872558	0.0042572811	0.0156121514	-0.0154568775	-0.00900891	-0.0194698037	-0.028236232	0.0213436387	0.0001533984	0.062403154	-0.0059704615	-0.0705658771	-0.0905061192	-0.0531726956	0.0178092284	0.0321955604933776	-0.0045385725388627	2.0598640690518635e-05	0.0010365541154827	-0.1631655861146299	0.0569731150763744	0.0032459358415057	0.0266230084921307	-0.1638649031064432	-0.0940531533399138	0.026851706470084	0.0088459956531813	-0.0249832084523024	0.0002509270388598	6.296437883099749e-08	0.0006241607045711	0.0010458509113584	-0.0012991571355812	1.093804128789196e-06	1.6878092629315487e-06	0.0020668872330931	-0.0003800922566904	1.4447012359600101e-07	4.27202283432325e-06	0.0	0.0	0.0	0.0	0.0	0.0	0.0	0.0	0.0	0.0	0.0	0.0	0.0	0.0	0.0	0.0	0.0	0.0	0.0	0.0	0.0	0.0	0.0	0.0	0.0	0.0	0.0	0.0	0.0	0.0	0.0	0.0	0.0	0.0	0.0	0.0	0.0	0.0	0.0	0.0	0.0	0.0	0.0	0.0	0.0	0.0	0.0	0.0	0.0	0.0	0.0	0.0	0.0	0.0	0.0	0.0	0.0	0.0	0.0	0.0	0.0	0.0	0.0	0.0	0.0	0.0	0.0	0.0	0.0	0.0	0.0	0.0	0.0	0.0	0.0	0.0	0.0	0.0	0.0	0.0	0.0	0.0	0.0	0.0	0.0	0.0	0.0	0.0	0.0	0.0	0.0	0.0	0.0	0.0	0.0	0.0	0.0	0.0	0.0	0.0	0.0	0.0	0.0	0.0	0.0	0.0	0.0	0.0	0.0	0.0	0.0	0.0	0.0	0.0	0.0	0.0	0.0	0.0	0.0	0.0	0.0	0.0	0.0	0.0	0.0	0.0	0.0	0.0
891.5948229428926	1.9561512299924289	794941.328298568	3.826527634600892	898.0063742600478	4.031732534433331	806415.448211677	16.254867229208212	821.344200706678	1.8750835548079292	674606.2960344916	3.515938337511141	821.3654320221058	875.094680847168	0.640951	41.853275	0.2584731296430026	0.1402120818367087	-0.0058587916	-0.0037992718	0.0073581453	0.0034732959	0.0100373848	-0.003255088	0.0108568209	0.0272307827	-0.0014681338	0.003318407	0.0150938972	0.0146340549	0.0165748325	0.0080829652	-0.0120649616	0.0010532675	0.0075338709	-0.0042671305	-0.0014520898	0.0131202046	0.01234971	-0.0198988345	-0.0132861017	-0.0111876351	0.0193306951	0.0087663879	0.0146823151	0.006638975	0.001597318	8.01079e-05	0.0012608128	-0.0031944512	0.0092472919	0.0181436941	0.0089080587	-0.0193460941	-0.0027495642	0.0016275462	0.0107871722	-0.0025183829	-0.0015109282	-0.0014154931	0.0007474627	0.0526395063	-0.0243422013	0.0387010459	-0.033338961	0.0180570866	-0.027931325	-0.0377981664	0.0085628883	-0.0368132736	5.8723e-05	0.0304790918	0.0221598341	-0.0051495873	0.0153179505	-0.0113265442	-0.0134190923	-0.0117652922	-0.012425289	0.0032643384	-0.0002416484	0.0615256851	-0.0083529168	-0.0727850846	-0.0897584821	-0.0482057789	0.0247790096	0.0517684706831147	0.0195729101897371	0.0003830988132955	0.0026799745568685	-0.2082500222577721	-0.0450844361431422	0.002032606382345	0.0433680717703625	-0.1294657668380949	0.0343991362683482	0.0167613847829759	0.0011833005760083	-0.027331339682752	-0.0023481312304496	5.5137202754127534e-06	0.0007470021288539	0.0006937213340147	-0.0003521295773437	4.81249289267135e-07	1.2399523924025286e-07	0.0025549593661353	0.0004880721330422	2.3821440705236306e-07	6.527817362602493e-06	0.0	0.0	0.0	0.0	0.0	0.0	0.0	0.0	0.0	0.0	0.0	0.0	0.0	0.0	0.0	0.0	0.0	0.0	0.0	0.0	0.0	0.0	0.0	0.0	0.0	0.0	0.0	0.0	0.0	0.0	0.0	0.0	0.0	0.0	0.0	0.0	0.0	0.0	0.0	0.0	0.0	0.0	0.0	0.0	0.0	0.0	0.0	0.0	0.0	0.0	0.0	0.0	0.0	0.0	0.0	0.0	0.0	0.0	0.0	0.0	0.0	0.0	0.0	0.0	0.0	0.0	0.0	0.0	0.0	0.0	0.0	0.0	0.0	0.0	0.0	0.0	0.0	0.0	0.0	0.0	0.0	0.0	0.0	0.0	0.0	0.0	0.0	0.0	0.0	0.0	0.0	0.0	0.0	0.0	0.0	0.0	0.0	0.0	0.0	0.0	0.0	0.0	0.0	0.0	0.0	0.0	0.0	0.0	0.0	0.0	0.0	0.0	0.0	0.0	0.0	0.0	0.0	0.0	0.0	0.0	0.0	0.0	0.0	0.0	0.0	0.0	0.0	0.0
891.9928832424	0.3980602995073923	795651.3037550899	0.1584520020439148	903.6726553780692	5.666281118021402	816624.2680780506	32.106741708445874	818.7146211253653	-2.629579581312669	670293.6308444504	6.91468877445651	819.1593468170277	876.8620476379394	0.661941	43.223869	0.4721066262137184	0.3587094013184805	-0.0032985743	-0.0107085529	0.0040933343	-0.0082150152	0.0349598173	0.0083298679	0.0059192715	0.0145572638	-0.0122996907	0.0022772995	0.0045930047	0.0612857819	-0.0249896254	-0.0072195647	-0.0026984566	-0.0289214948	-0.0089141391	0.0005637028	0.006925799	0.0220323248	0.0102623767	0.0120872121	0.0012032248	0.0033125202	-0.0137232717	-0.0055707189	0.0095559793	0.0055630231	-0.0265096712	0.0086547322	0.0054282303	-0.0006856128	0.0056537792	0.0011818231	-0.0248065199	0.0007033977	-0.0136185105	0.0084814938	0.0056618139	-0.0100544856	-0.0043065426	-0.0028743073	-0.0016547065	-0.0201286847	0.0133865943	0.029022823	-0.0087009802	-0.0146781449	-0.0184932906	-0.0761623099	-0.0146537536	-0.0930254071	-0.0584106545	0.0382924457	-0.0069175213	-0.0191993972	0.0430564758	-0.0255479471	-0.0233331964	-0.0396737118	-0.0263387729	0.0354585449	-0.0076939967	0.060637674	-0.0107296473	-0.0748920628	-0.0887648233	-0.0430324377	0.0315960199	0.0338456999703993	-0.0179227707127153	0.0003212257100205	0.0011455314064862	-0.2656743869763858	-0.0574243647186137	0.0032975576633363	0.0705828798952784	-0.1023153013780557	0.0271504654600392	0.0104684208960823	0.0007371477746967	-0.0341637119208042	-0.0068323722380522	4.668131039930647e-05	0.0011671592122076	0.0004539657921265	-0.0002397555418882	2.060849404210406e-07	5.748271986610444e-08	0.0022349066396287	-0.0003200527265066	1.0243374774430853e-07	4.994807687856447e-06	0.0	0.0	0.0	0.0	0.0	0.0	0.0	0.0	0.0	0.0	0.0	0.0	0.0	0.0	0.0	0.0	0.0	0.0	0.0	0.0	0.0	0.0	0.0	0.0	0.0	0.0	0.0	0.0	0.0	0.0	0.0	0.0	0.0	0.0	0.0	0.0	0.0	0.0	0.0	0.0	0.0	0.0	0.0	0.0	0.0	0.0	0.0	0.0	0.0	0.0	0.0	0.0	0.0	0.0	0.0	0.0	0.0	0.0	0.0	0.0	0.0	0.0	0.0	0.0	0.0	0.0	0.0	0.0	0.0	0.0	0.0	0.0	0.0	0.0	0.0	0.0	0.0	0.0	0.0	0.0	0.0	0.0	0.0	0.0	0.0	0.0	0.0	0.0	0.0	0.0	0.0	0.0	0.0	0.0	0.0	0.0	0.0	0.0	0.0	0.0	0.0	0.0	0.0	0.0	0.0	0.0	0.0	0.0	0.0	0.0	0.0	0.0	0.0	0.0	0.0	0.0	0.0	0.0	0.0	0.0	0.0	0.0	0.0	0.0	0.0	0.0	0.0	0.0
890.0785852704075	-1.9142979719924824	792239.8879569701	3.664536725574531	895.6207371005764	-8.051918277492746	802136.5047245799	64.83338794742174	816.5119838420558	-2.202637283309514	666691.8197576895	4.851611001825115	816.5682969276058	870.1113680928548	0.554937	36.236687	0.4690429767355667	0.3145824799650433	-0.0107014848	-0.0049591582	-0.0013214018	0.0001767204	0.0192940616	-0.0069171823	0.0050026521	-0.0047822383	0.0062377951	-0.0077320556	0.0024032531	0.0377914194	-0.0112646522	-0.0165370955	0.0048303268	-0.0213391148	-0.0044637628	-0.0113048156	-0.0234242422	0.0048086403	0.0088848948	-0.0086082649	-0.001235183	-0.0037547218	0.0108884309	-0.0148142692	0.0030517557	0.0053113506	-0.0188015848	0.0187029144	-0.0027812756	0.0049639318	-0.0172277775	0.0069838559	0.0056359016	-0.0167503952	-0.0105119054	-0.0016196185	0.01301752	-0.0095112194	-0.0008742003	-0.0002679313	-0.001972439	-0.00853013	0.0027340656	0.0550027708	-0.0460242859	0.0136212585	-0.0264873198	-0.0624958183	-0.008219022	-0.0569696432	-0.0082390234	0.0311952532	-0.0051791444	-0.0018058426	0.0337359956	-0.0291517839	-0.0179630807	-0.0367377702	-0.0281610538	0.0253528981	0.005923895	0.059739273	-0.0130990243	-0.0768835629	-0.0875278662	-0.037674825	0.0382182304	0.0426912110743842	0.0088455111039848	7.824306669072012e-05	0.0018225395029976	-0.1937013388206168	0.0719730481557689	0.0051801196608326	0.0375202086608993	-0.1901390553455684	-0.0878237539675127	0.0361528603677051	0.0077130117609462	-0.0286329785305237	0.0055307333902805	3.058901183436366e-05	0.0008198474595294	0.0004167944276007	-3.717136452580002e-05	1.7371759487899513e-07	1.381710340709904e-09	0.0026750151549884	0.0004401085153597	1.9369550529211934e-07	7.155706079417613e-06	0.0	0.0	0.0	0.0	0.0	0.0	0.0	0.0	0.0	0.0	0.0	0.0	0.0	0.0	0.0	0.0	0.0	0.0	0.0	0.0	0.0	0.0	0.0	0.0	0.0	0.0	0.0	0.0	0.0	0.0	0.0	0.0	0.0	0.0	0.0	0.0	0.0	0.0	0.0	0.0	0.0	0.0	0.0	0.0	0.0	0.0	0.0	0.0	0.0	0.0	0.0	0.0	0.0	0.0	0.0	0.0	0.0	0.0	0.0	0.0	0.0	0.0	0.0	0.0	0.0	0.0	0.0	0.0	0.0	0.0	0.0	0.0	0.0	0.0	0.0	0.0	0.0	0.0	0.0	0.0	0.0	0.0	0.0	0.0	0.0	0.0	0.0	0.0	0.0	0.0	0.0	0.0	0.0	0.0	0.0	0.0	0.0	0.0	0.0	0.0	0.0	0.0	0.0	0.0	0.0	0.0	0.0	0.0	0.0	0.0	0.0	0.0	0.0	0.0	0.0	0.0	0.0	0.0	0.0	0.0	0.0	0.0	0.0	0.0	0.0	0.0	0.0	0.0
891.66929990333	1.590714632922527	795074.1403900947	2.53037304339385	898.8265447740431	3.2058076734666656	807889.1575904449	10.277202839257756	815.9584056387703	-0.5535782032854968	665788.119732564	0.3064488271527988	815.511776210429	881.9125393981933	0.601758	39.294006	0.3117401473150392	0.1928933581684039	-0.0059508769	-0.0056240217	-0.0006933516	-0.0127917748	0.0317194709	0.0116232535	0.0132773605	-0.0215902478	0.0283688645	-0.008794771	0.0226889466	0.0219782794	-0.0147366187	-0.0148631123	0.0177972709	0.0071653807	0.000197802	-0.0026627533	0.0033486696	-0.0060083781	-0.0127706161	-0.0060995995	0.0148336408	-0.0037513588	0.0084342988	-0.0144924778	-0.0160432867	-0.0020270756	0.0084232211	-0.0016342458	0.0003737654	-0.0004975755	-0.0007231145	0.0057672523	0.0061604933	0.0114225608	0.0037751857	0.0097918325	-0.0022636855	-0.0034417804	0.0012523055	-0.0029815448	-0.0015486995	0.0919233229	-0.0366246709	0.0263756773	-0.0359582818	0.0343811852	-0.0246443149	-0.0032820916	0.0152954062	0.013843665	0.0530047068	-0.0146083481	0.0171585714	-0.012330242	-0.0169673737	0.0056073501	0.0194655986	0.0178480946	0.0173743	-0.0258469918	0.0130446078	0.058830636	-0.0154594239	-0.0787565141	-0.0860510014	-0.0321558829	0.0446048127	0.0774233056921218	0.0347320946177376	0.0012063183965354	0.0059943682642957	-0.1818974646835727	0.011803874137044	0.0001393314446431	0.0330866876583115	-0.2657864203971058	-0.0756473650515374	0.070642421267507	0.0057225238392405	-0.025417557661075	0.0032154208694487	1.0338931367686238e-05	0.000646052237454	0.0001950424913355	-0.0002217519362651	3.804157342635859e-08	4.9173921237365325e-08	0.0030289786194489	0.0003539634644605	1.2529013417287973e-07	9.174711477078564e-06	0.0	0.0	0.0	0.0	0.0	0.0	0.0	0.0	0.0	0.0	0.0	0.0	0.0	0.0	0.0	0.0	0.0	0.0	0.0	0.0	0.0	0.0	0.0	0.0	0.0	0.0	0.0	0.0	0.0	0.0	0.0	0.0	0.0	0.0	0.0	0.0	0.0	0.0	0.0	0.0	0.0	0.0	0.0	0.0	0.0	0.0	0.0	0.0	0.0	0.0	0.0	0.0	0.0	0.0	0.0	0.0	0.0	0.0	0.0	0.0	0.0	0.0	0.0	0.0	0.0	0.0	0.0	0.0	0.0	0.0	0.0	0.0	0.0	0.0	0.0	0.0	0.0	0.0	0.0	0.0	0.0	0.0	0.0	0.0	0.0	0.0	0.0	0.0	0.0	0.0	0.0	0.0	0.0	0.0	0.0	0.0	0.0	0.0	0.0	0.0	0.0	0.0	0.0	0.0	0.0	0.0	0.0	0.0	0.0	0.0	0.0	0.0	0.0	0.0	0.0	0.0	0.0	0.0	0.0	0.0	0.0	0.0	0.0	0.0	0.0	0.0	0.0	0.0
888.8307206018634	-2.838579301466666	790020.0498856277	8.057532450714985	896.6860500930192	-2.140494681023938	804045.8724314205	4.58171747949177	817.1159943348334	1.1575886960631578	667678.5481978036	1.340011589253202	816.6319637670952	874.2135389963786	0.549309	35.869133	0.2357569746876869	0.1359321327738029	-0.0115841046	-0.0041553981	0.0006389606	-0.0117507495	0.0203666382	-0.0017349464	-0.0064262783	-0.013441364	0.0140611113	-0.011580642	0.0214886411	-0.0132369616	-0.0223465843	-0.0158825046	0.0003244978	0.0054463691	0.0096076505	-0.0167720296	-0.0066633509	0.0100789177	0.0187364018	-0.0150456878	-0.0181819003	-0.0056276988	0.0120680944	-0.0147475205	0.0034254228	0.0100328083	0.0073980515	0.0143386704	-0.0101946977	-0.0125733239	0.0112146	0.0077489104	0.0053116351	-0.0248622447	-0.0129027574	-0.0073055483	0.0177689382	-0.0064100771	-0.0008387177	-0.0010915338	-0.0006929091	0.0406516896	-0.0242001109	0.0401185032	-0.0388844329	0.0312358649	-0.0320915193	-0.0300042468	0.0080791807	-0.0257536622	0.0231127858	0.0168347961	0.0142225664	-0.0090689242	0.003571483	-0.0082561463	-0.0038400298	-0.0127437392	-0.0054813856	0.0007538944	0.000333374	0.0579119187	-0.0178092284	-0.0805080284	-0.0843382767	-0.0264992443	0.0507163915	0.0686861379558081	-0.0087371677363137	7.63381000524812e-05	0.0047177855472843	-0.2190290189081594	-0.0371315542245866	0.0013787523191334	0.0479737111238708	-0.1806768646301293	0.0851095557669765	0.032644129412574	0.007243636482852	-0.0271634412872144	-0.0017458836261394	3.048109636021663e-06	0.0007378525425639	0.0004068143846072	0.0002117718932717	1.6549794352333488e-07	4.484733477988031e-08	0.0028910601996638	-0.0001379184197851	1.9021490516019128e-08	8.35822907808009e-06	0.0	0.0	0.0	0.0	0.0	0.0	0.0	0.0	0.0	0.0	0.0	0.0	0.0	0.0	0.0	0.0	0.0	0.0	0.0	0.0	0.0	0.0	0.0	0.0	0.0	0.0	0.0	0.0	0.0	0.0	0.0	0.0	0.0	0.0	0.0	0.0	0.0	0.0	0.0	0.0	0.0	0.0	0.0	0.0	0.0	0.0	0.0	0.0	0.0	0.0	0.0	0.0	0.0	0.0	0.0	0.0	0.0	0.0	0.0	0.0	0.0	0.0	0.0	0.0	0.0	0.0	0.0	0.0	0.0	0.0	0.0	0.0	0.0	0.0	0.0	0.0	0.0	0.0	0.0	0.0	0.0	0.0	0.0	0.0	0.0	0.0	0.0	0.0	0.0	0.0	0.0	0.0	0.0	0.0	0.0	0.0	0.0	0.0	0.0	0.0	0.0	0.0	0.0	0.0	0.0	0.0	0.0	0.0	0.0	0.0	0.0	0.0	0.0	0.0	0.0	0.0	0.0	0.0	0.0	0.0	0.0	0.0	0.0	0.0	0.0	0.0	0.0	0.0
889.9177166662483	1.086996064384948	791953.5424364691	1.1815604439883662	896.8787408803964	0.1926907873772734	804391.4758432053	0.0371297395400735	815.5276424019825	-1.5883519328509692	665085.3355217358	2.5228618625914097	815.2779284385521	879.5377027079264	0.495125	32.331001	0.2126689038400385	0.0935226251791499	-0.0093215179	0.0015747093	0.0034290714	0.0055060417	-0.001030615	-0.0110102468	0.0149013066	0.0072643641	0.0046969321	0.0087385653	-0.0301127657	-0.01718769	0.0184651347	-0.0207436115	0.0059429188	0.0275769053	0.016901246	0.0047978011	-0.0003895457	0.0025535078	0.0094490523	-0.0177505243	0.0082365337	-0.0049350148	-0.0041867202	-0.0192487656	-0.006038491	0.0157437691	0.0270752483	-0.0062053435	0.0013954411	-0.0132356756	0.0099424169	-0.0051310911	0.020335336	0.0021625146	-0.0176797375	-0.0028802127	0.0047037467	-0.008116642	0.0019816969	0.0001647587	0.0010883314	0.071085501	-0.0313750944	0.0303011722	-0.0361595915	0.0412555344	-0.0216505616	-0.0010637381	0.0068284414	-0.0062889821	0.0384227296	0.006245278	0.0435933094	-0.0201456658	-0.013966821	0.0083778679	0.0004751309	0.0154643589	0.0154233945	-0.0181583655	0.0110301237	0.0569832784	-0.0201468273	-0.0821354052	-0.0823943867	-0.0207291319	0.0565152869	0.0539315131167086	-0.0147546248390994	0.0002176989541425	0.0029086081070577	-0.1861192249853758	0.0329097939227835	0.00108305453604	0.0346403659091569	-0.1343978830611689	0.0462789815689604	0.0180627909713236	0.0021417441350601	-0.0261239564236041	0.0010394848636103	1.0805287816749273e-06	0.0006824610992223	-0.0004348865524377	-0.0008417009370449	1.8912631349114842e-07	7.084604674222628e-07	0.0023977359301351	-0.0004933242695287	2.4336883490602545e-07	5.749137590660832e-06	0.0	0.0	0.0	0.0	0.0	0.0	0.0	0.0	0.0	0.0	0.0	0.0	0.0	0.0	0.0	0.0	0.0	0.0	0.0	0.0	0.0	0.0	0.0	0.0	0.0	0.0	0.0	0.0	0.0	0.0	0.0	0.0	0.0	0.0	0.0	0.0	0.0	0.0	0.0	0.0	0.0	0.0	0.0	0.0	0.0	0.0	0.0	0.0	0.0	0.0	0.0	0.0	0.0	0.0	0.0	0.0	0.0	0.0	0.0	0.0	0.0	0.0	0.0	0.0	0.0	0.0	0.0	0.0	0.0	0.0	0.0	0.0	0.0	0.0	0.0	0.0	0.0	0.0	0.0	0.0	0.0	0.0	0.0	0.0	0.0	0.0	0.0	0.0	0.0	0.0	0.0	0.0	0.0	0.0	0.0	0.0	0.0	0.0	0.0	0.0	0.0	0.0	0.0	0.0	0.0	0.0	0.0	0.0	0.0	0.0	0.0	0.0	0.0	0.0	0.0	0.0	0.0	0.0	0.0	0.0	0.0	0.0	0.0	0.0	0.0	0.0	0.0	0.0
890.1586327094011	0.2409160431527652	792382.3913870704	0.058040539848385	890.5608911638136	-6.317849716582828	793098.7008704859	39.91522504132571	816.6677868991079	1.1401444971254475	666946.2741586867	1.29992947432544	817.0826316055662	875.1562973225912	0.602323	39.330887	0.1003256442662365	0.0506189233791016	-0.0109547808	-0.0004052781	-0.0052274276	0.0213686955	0.0014542216	-0.0116242781	-0.0020329082	-0.0067131429	0.0132910097	0.0146214768	0.0427775678	0.0254122427	0.0419903337	-0.0167522687	0.0098729101	0.0023915654	0.0028871948	0.0063884637	0.0054678873	0.0024032859	-0.0030376475	-0.0127288548	0.0002494315	0.0044629255	0.0015432891	-0.0135263426	-0.011138439	0.0062054293	0.0038726738	-0.0075199457	-0.0003287277	-0.000897953	0.0050331165	0.0086122225	0.0009845488	0.0029777314	-0.0056060336	0.007361467	-0.0067114373	-0.0051989903	-0.0006164187	-0.0040634149	-0.0029684511	0.0599690049	-0.0251006043	0.0423855592	-0.0505492554	0.0386326551	-0.0240441604	-0.0010823301	0.016377708	0.010327865	0.0527560205	-0.0059294745	0.0095593755	-0.0196426358	-0.0044123056	-0.0109743027	0.0070958226	-0.0121527291	0.0089314923	-0.0157509484	0.0156371618	0.0560448744	-0.0224706185	-0.0836361352	-0.0802246594	-0.0148702542	0.0619657467	0.052219537875203	-0.0017119752415056	2.930859227528173e-06	0.0027268801358997	-0.2126983243174436	-0.0265790993320677	0.0007064485213039	0.0452405771674484	-0.1152001202640207	0.0191977627971482	0.0132710677088448	0.0003685540964155	-0.026588991407368	-0.0004650349837638	2.1625753612429053e-07	0.000706974464061	-0.0010108430461295	-0.0005759564936918	1.0218036639083663e-06	3.317258826257525e-07	0.0023819912696805	-1.5744660454599692e-05	2.478943328306354e-10	5.673882408834121e-06	0.0	0.0	0.0	0.0	0.0	0.0	0.0	0.0	0.0	0.0	0.0	0.0	0.0	0.0	0.0	0.0	0.0	0.0	0.0	0.0	0.0	0.0	0.0	0.0	0.0	0.0	0.0	0.0	0.0	0.0	0.0	0.0	0.0	0.0	0.0	0.0	0.0	0.0	0.0	0.0	0.0	0.0	0.0	0.0	0.0	0.0	0.0	0.0	0.0	0.0	0.0	0.0	0.0	0.0	0.0	0.0	0.0	0.0	0.0	0.0	0.0	0.0	0.0	0.0	0.0	0.0	0.0	0.0	0.0	0.0	0.0	0.0	0.0	0.0	0.0	0.0	0.0	0.0	0.0	0.0	0.0	0.0	0.0	0.0	0.0	0.0	0.0	0.0	0.0	0.0	0.0	0.0	0.0	0.0	0.0	0.0	0.0	0.0	0.0	0.0	0.0	0.0	0.0	0.0	0.0	0.0	0.0	0.0	0.0	0.0	0.0	0.0	0.0	0.0	0.0	0.0	0.0	0.0	0.0	0.0	0.0	0.0	0.0	0.0	0.0	0.0	0.0	0.0
889.1177435688105	-1.0408891405905931	790530.3619288931	1.083450202999424	893.682569726721	3.121678562907391	798668.5354333555	9.744877050115557	815.1424726778287	-1.5253142212792454	664457.2507633247	2.326583473636711	814.6474924039254	877.3602127685547	0.561393	36.65823	0.2465538154669309	0.1403510047939587	-0.0107419436	-0.0007275283	-0.0100934423	-0.0081693394	-0.0021735248	0.0120338364	0.0034081781	0.0087241153	0.0102728587	-0.0178539321	-0.0378705322	-0.0070576745	-0.040516849	-0.0245426789	0.0172640224	0.0033835888	-0.0046306055	-0.0003411233	0.015579046	-0.0309253367	0.0047376158	-0.0094686343	0.0289258523	-0.0047615855	0.0195559722	-0.0228405271	-0.0187905632	-0.008002102	0.0011461383	0.0015706787	0.001956889	0.0081971413	0.0140555335	0.0045545674	0.0307424294	0.0056815958	0.0279999043	0.001897726	0.0134445946	-0.0081705507	0.0007894525	0.0003179787	-0.0095552619	0.0870835593	-0.0232537125	0.0459936995	-0.0595141539	0.0364607164	-0.0145053351	0.0251435352	0.003453081	0.0240858342	0.0547586601	-0.0111575341	0.0212277122	-0.0148869674	-0.0104935787	0.0048257969	0.0156021623	-0.0057285888	0.019416056	-0.0331222809	0.0081382027	0.0550968674	-0.0247790096	-0.0850079043	-0.0778350419	-0.0089476998	0.0670341672	0.0555700028792784	0.0033504650040754	1.1225615743533994e-05	0.003088025220003	-0.1987801235842852	0.0139182007331583	0.0001937163116484	0.0395135375321837	-0.0103952794266035	0.1048048408374172	0.0001080618343571	0.0109840546629563	-0.026406888744109	0.0001821026632589	3.316137996602066e-08	0.0006973237731437	0.0008928808832677	0.0019037239293971	7.972362717049081e-07	3.6241647993595145e-06	0.0027857708548699	0.0004037795851893	1.630379534157239e-07	7.760519255842573e-06	0.0	0.0	0.0	0.0	0.0	0.0	0.0	0.0	0.0	0.0	0.0	0.0	0.0	0.0	0.0	0.0	0.0	0.0	0.0	0.0	0.0	0.0	0.0	0.0	0.0	0.0	0.0	0.0	0.0	0.0	0.0	0.0	0.0	0.0	0.0	0.0	0.0	0.0	0.0	0.0	0.0	0.0	0.0	0.0	0.0	0.0	0.0	0.0	0.0	0.0	0.0	0.0	0.0	0.0	0.0	0.0	0.0	0.0	0.0	0.0	0.0	0.0	0.0	0.0	0.0	0.0	0.0	0.0	0.0	0.0	0.0	0.0	0.0	0.0	0.0	0.0	0.0	0.0	0.0	0.0	0.0	0.0	0.0	0.0	0.0	0.0	0.0	0.0	0.0	0.0	0.0	0.0	0.0	0.0	0.0	0.0	0.0	0.0	0.0	0.0	0.0	0.0	0.0	0.0	0.0	0.0	0.0	0.0	0.0	0.0	0.0	0.0	0.0	0.0	0.0	0.0	0.0	0.0	0.0	0.0	0.0	0.0	0.0	0.0	0.0	0.0	0.0	0.0
888.773875382203	-0.3438681866075512	789919.0015618997	0.1182453297607657	892.4238902500698	-1.2586794766511955	796420.3998890687	1.584274024942928	816.1849422317615	1.0424695539328468	666157.8599258639	1.0867427708769486	815.0256914758027	869.7267025451661	0.516577	33.73177	0.4026183607998869	0.182129640998575	-0.0146589625	0.0017032598	-0.0092580368	0.0202671361	-0.004663233	-0.0075620001	-0.024552388	0.0267710045	-0.0158200912	0.0130239691	-0.0233170723	-0.0212556798	0.0245595294	-0.0184031868	0.0166240571	0.0093847371	-0.012749055	-0.0013452242	-0.0009228084	0.0009020005	-0.0056356171	0.0043752744	0.0096818016	-0.0082146531	0.0015544696	-0.0188887008	-0.0184680583	-0.0141187062	0.0071390174	-0.005880954	0.0011879244	-0.0122826936	-0.0047428627	-0.0059003344	0.0086908071	0.0073437716	0.0043170232	-0.0104992649	-0.0033290557	-0.0085581116	0.0005598414	0.0020722936	-0.0106706835	0.0612332142	-0.0086816116	0.0559469788	-0.0751186954	0.0440469263	-0.0103043889	0.0491467862	0.0064896352	0.0434481316	0.057122067	0.0041756428	0.0227861096	-0.0031870017	0.0024311801	-0.0028042257	0.0076414843	-0.0236198925	0.0039315631	-0.0260128782	0.0081794695	0.0541394198	-0.0270704183	-0.0862485974	-0.075232084	-0.00298683	0.0716892996	0.0348377148749676	-0.0207322880043108	0.0004298277658936	0.0012136663777095	-0.171901704736328	0.0268784188479572	0.0007224493997662	0.0295501960912556	0.0893045219456354	0.0996998013722389	0.0079752976399384	0.0099400503936638	-0.0250566794315176	0.0013502093125913	1.8230651878085372e-06	0.0006278371841338	0.0035332008524084	0.0026403199691407	1.2483508263459446e-05	6.971289539443149e-06	0.0039013986246454	0.0011156277697755	1.244625320694256e-06	1.522091122838502e-05	0.0	0.0	0.0	0.0	0.0	0.0	0.0	0.0	0.0	0.0	0.0	0.0	0.0	0.0	0.0	0.0	0.0	0.0	0.0	0.0	0.0	0.0	0.0	0.0	0.0	0.0	0.0	0.0	0.0	0.0	0.0	0.0	0.0	0.0	0.0	0.0	0.0	0.0	0.0	0.0	0.0	0.0	0.0	0.0	0.0	0.0	0.0	0.0	0.0	0.0	0.0	0.0	0.0	0.0	0.0	0.0	0.0	0.0	0.0	0.0	0.0	0.0	0.0	0.0	0.0	0.0	0.0	0.0	0.0	0.0	0.0	0.0	0.0	0.0	0.0	0.0	0.0	0.0	0.0	0.0	0.0	0.0	0.0	0.0	0.0	0.0	0.0	0.0	0.0	0.0	0.0	0.0	0.0	0.0	0.0	0.0	0.0	0.0	0.0	0.0	0.0	0.0	0.0	0.0	0.0	0.0	0.0	0.0	0.0	0.0	0.0	0.0	0.0	0.0	0.0	0.0	0.0	0.0	0.0	0.0	0.0	0.0	0.0	0.0	0.0	0.0	0.0	0.0
894.4609110277636	5.687035645560627	800060.3213566168	32.342374433877175	886.7746667490377	-5.649223501032111	786369.3095878669	31.9137261646135	818.350063469035	2.1651212372735245	669696.8263797737	4.6877499720928375	816.1431816581014	883.5048914591472	0.663199	43.306026	0.790228249937998	0.4295003839742345	-0.0074396108	-0.0084498891	-0.0197885393	0.0053006923	-0.0270999632	-0.0346950066	-0.0216544025	0.0226638133	-0.0496248312	-0.0164064876	-0.0331810032	0.005963026	-0.0296821471	-0.0118381073	0.0119476683	-0.0052691692	-0.0242183059	0.0159277794	0.0111638986	0.0154448874	0.0068140578	0.0081015165	-0.0189208847	-0.0083456671	0.0094340218	-0.0158489446	-0.0142237629	-0.0256854482	-0.0134641307	-0.0087950345	0.0179431494	0.0095728115	-0.0046128045	0.0086223488	-0.0157527638	-0.0084532852	0.0099636836	0.0217247198	-0.0162116943	-0.0128446457	-0.0030431005	-0.002600931	-0.0090351816	0.0341100255	0.0122552851	0.0415672411	-0.0403357601	0.0029826286	-0.0062103645	-0.0077499352	-0.0026047115	-0.0087244599	0.0082691031	0.0087855624	0.0133196696	-0.0184433953	0.0244237134	-0.0235718279	-0.0072711149	-0.0398257258	-0.008256723	-0.0032307274	-0.0093887505	0.0531726956	-0.0293432743	-0.0873563013	-0.0724229201	0.00298683	0.0759024438	0.0092790954206662	-0.0255586194543014	0.0006532430284097	8.610161182582843e-05	-0.2596036787347628	-0.0877019739984348	0.0076916362432221	0.0673940700126219	0.1149942055288022	0.0256896835831667	0.0132236673052004	0.0006599598426032	-0.0318055582156401	-0.0067488787841224	4.554736484277879e-05	0.0010115935334084	0.0003629518486987	-0.0031702490037097	1.31734044473804e-07	1.0050478745522348e-05	0.0007949669544357	-0.0031064316702097	9.649917721681826e-06	6.319724586447723e-07	0.0	0.0	0.0	0.0	0.0	0.0	0.0	0.0	0.0	0.0	0.0	0.0	0.0	0.0	0.0	0.0	0.0	0.0	0.0	0.0	0.0	0.0	0.0	0.0	0.0	0.0	0.0	1.0	0.0	0.0	0.0	0.0	0.0	0.0	0.0	0.0	0.0	0.0	0.0	0.0	0.0	0.0	0.0	0.0	0.0	0.0	0.0	0.0	0.0	0.0	0.0	0.0	0.0	0.0	0.0	0.0	0.0	0.0	0.0	0.0	0.0	0.0	0.0	0.0	0.0	0.0	0.0	0.0	0.0	0.0	0.0	0.0	0.0	0.0	0.0	0.0	0.0	0.0	0.0	0.0	0.0	0.0	0.0	0.0	0.0	0.0	0.0	0.0	0.0	0.0	0.0	0.0	0.0	0.0	0.0	0.0	0.0	0.0	0.0	0.0	0.0	0.0	0.0	0.0	0.0	0.0	0.0	0.0	0.0	0.0	0.0	0.0	0.0	0.0	0.0	0.0	0.0	0.0	0.0	0.0	0.0	0.0	0.0	0.0	0.0	0.0	0.0	0.0
892.5217665860631	-1.9391444417004775	796595.1038299069	3.7602811657778576	891.9964132928229	5.22174654378523	795657.6013272606	27.266636967532992	818.4142033262341	0.0641398571990521	669801.8082061145	0.0041139212815148	817.4898468922293	883.851128423055	0.740677	48.365204	0.7597902477647325	0.4520637463410802	-0.0086539263	-0.0123287043	-0.0270297767	0.0058277476	-0.0129072049	0.0194308055	-0.0145319133	0.0396557024	-0.035991988	0.0063247586	-0.0003922675	0.0382673482	-0.043669178	-0.0155745545	0.0061864639	-0.0152224086	-0.0269898768	0.009689921	-0.0176094244	0.0242986036	-0.0064786951	0.0226433702	-0.020695696	0.0050862415	0.0043510493	-0.01744488	-0.0083453634	-0.0152076551	-0.0223115025	-0.0098119145	0.0219467312	-0.0055571274	-0.02556366	-0.0070808006	-0.0322563145	0.0031716238	0.0003016646	0.0158992719	-0.0040413287	-0.0145614322	-0.0018501808	-0.0027567686	-0.0133997491	-0.0006444164	0.0371284553	-0.00027969	0.0116680968	-0.0416706679	0.0122082573	-0.0026137753	-0.0105464629	-0.0221019031	-0.056398023	0.0065732412	-0.0149891425	-0.0159439442	0.0172627455	-0.0197200168	-0.0131373339	-0.023480476	-0.0262414067	0.0046516407	-0.0189053412	0.0521968607	-0.0315960199	-0.0883293083	-0.06941525	0.0089476998	0.0796476241	0.0407003052122973	0.0314212097916311	0.0009872924247696	0.0016565148443741	-0.2628637359862438	-0.0032600572514809	1.0627973282933758e-05	0.0690973436966456	0.1673570710982375	0.0523628655694353	0.0280083892465805	0.0027418696906427	-0.0391290588986583	-0.0073235006830182	5.363366225416806e-05	0.0015310832502946	0.0049353760438763	0.0045724241951776	2.435793669446808e-05	2.0907063020645524e-05	0.0023539643792836	0.0015589974248478	2.430472970682383e-06	5.541148298936023e-06	0.0	0.0	0.0	0.0	0.0	0.0	0.0	0.0	0.0	0.0	0.0	0.0	0.0	0.0	0.0	0.0	0.0	0.0	0.0	0.0	0.0	0.0	0.0	0.0	0.0	0.0	0.0	0.0	1.0	0.0	0.0	0.0	0.0	0.0	0.0	0.0	0.0	0.0	0.0	0.0	0.0	0.0	0.0	0.0	0.0	0.0	0.0	0.0	0.0	0.0	0.0	0.0	0.0	0.0	0.0	0.0	0.0	0.0	0.0	0.0	0.0	0.0	0.0	0.0	0.0	0.0	0.0	0.0	0.0	0.0	0.0	0.0	0.0	0.0	0.0	0.0	0.0	0.0	0.0	0.0	0.0	0.0	0.0	0.0	0.0	0.0	0.0	0.0	0.0	0.0	0.0	0.0	0.0	0.0	0.0	0.0	0.0	0.0	0.0	0.0	0.0	0.0	0.0	0.0	0.0	0.0	0.0	0.0	0.0	0.0	0.0	0.0	0.0	0.0	0.0	0.0	0.0	0.0	0.0	0.0	0.0	0.0	0.0	0.0	0.0	0.0	0.0	0.0
893.8054714249689	1.2837048389058054	798888.2207492109	1.64789811343018	890.2831071630701	-1.713306129752823	792604.0108999306	2.935417894248597	818.4767559557265	0.0625526294924156	669904.2000398099	0.0039128314564154	817.5597805594157	900.5715174662272	0.7938579999999998	51.837872	0.413583052542967	0.3383643644673343	-0.0011119265	-0.0207656079	-0.0301877409	0.0045851344	-0.021279077	0.0345488025	0.0102425439	0.0349894364	-0.0331704308	0.0161677341	-0.0093703983	0.0324089016	-0.0603927351	-0.0139621316	0.0112945505	-0.0153289267	-0.0113654361	0.0020314592	0.0095183388	0.0332265009	-0.0014804481	0.0137639371	-0.0205474696	0.0114342746	-0.004656729	-0.0146130003	-0.0099111089	-0.0087587617	-0.0217858744	-0.0183814991	0.0122341356	-0.0136086902	-0.0112181798	-0.0019034128	-0.0201393287	-0.0045428128	-0.0040981795	0.0056411344	-0.0146350532	-0.0070144865	-0.007377775	-0.0090154281	-0.0213403469	-0.0126196329	0.0532844505	-0.0420698479	0.0498739867	-0.0714238578	0.0238577891	0.0162332683	-0.0219611591	-0.0288464341	-0.0682917593	-0.0027721929	-0.0330762757	0.0031248604	0.002237222	0.0125048704	-0.0058862578	0.0153930181	-0.0123676824	0.0048128455	-0.0185101765	0.051212082	-0.0338271112	-0.0891661178	-0.0662173176	0.0148702542	0.0829017503	0.0513632918251829	0.0106629866128856	0.0001136992835065	0.0026381877471189	-0.2621087551660253	0.0007549808202185	5.699960388978298e-07	0.0687009995346833	0.1910498117283907	0.0236927406301531	0.0365000305614535	0.0005613459585677	-0.0456654562688656	-0.0065363973702072	4.272449058125284e-05	0.0020853338962436	0.0058916364746794	0.0009562604308031	3.4711380349772714e-05	9.144340115197308e-07	0.0024307534678674	7.67890885838003e-05	5.896564125530731e-09	5.908562421549392e-06	0.0	0.0	0.0	0.0	0.0	0.0	0.0	0.0	0.0	0.0	0.0	0.0	0.0	0.0	0.0	0.0	0.0	0.0	0.0	0.0	0.0	0.0	0.0	0.0	0.0	0.0	0.0	0.0	0.0	0.0	0.0	0.0	0.0	0.0	0.0	0.0	0.0	0.0	0.0	0.0	0.0	0.0	0.0	0.0	0.0	0.0	0.0	0.0	0.0	0.0	0.0	0.0	0.0	0.0	0.0	0.0	0.0	0.0	0.0	0.0	0.0	0.0	0.0	0.0	0.0	0.0	0.0	0.0	0.0	0.0	0.0	0.0	0.0	0.0	0.0	0.0	0.0	0.0	0.0	0.0	0.0	0.0	0.0	0.0	0.0	0.0	0.0	0.0	0.0	0.0	0.0	0.0	0.0	0.0	0.0	0.0	0.0	0.0	0.0	0.0	0.0	0.0	0.0	0.0	0.0	0.0	0.0	0.0	0.0	0.0	0.0	0.0	0.0	0.0	0.0	0.0	0.0	0.0	0.0	0.0	0.0	0.0	0.0	0.0	0.0	0.0	0.0	0.0
891.4903828354916	-2.315088589477341	794755.1026881713	5.359635177128184	891.478474183516	1.1953670204459286	794733.8699325698	1.428902313569777	820.2276432550946	1.7508872993680598	672773.3867598067	3.0656063350883778	819.8028706118238	889.0041216125488	0.719699	46.995415	0.3070676708490266	0.2078809282348101	-0.0089560508	-0.011088129	-0.0177503041	-0.0004114598	0.0034144498	0.0156247806	0.0141838108	0.0009998368	-0.0212205575	-0.0163425941	0.003822851	0.0298499587	-0.0107520888	-0.0024113616	0.0101289922	-0.015521924	-0.0127305079	-9.32822e-05	0.0005351457	0.0043379674	-0.0057374353	0.010988399	0.0045882269	0.0455305643	0.009455811	-0.003282884	-0.011728433	-0.0074594464	-0.0178822937	0.0055193494	0.0098598683	-0.0049567846	-0.0091044132	-0.0180143331	-0.0045351149	0.009162602	0.0117154845	0.0210215342	-0.0410560775	-0.0076209973	-0.0050411705	-0.0018799996	-0.0124237042	-0.0031106651	0.0375056619	-0.01887806	0.0240243491	-0.0423783804	0.0084166432	-0.0024903921	-0.0057277034	-0.0386809794	-0.0524338437	0.0029267265	-0.0090065728	-0.0124156422	0.011992769	-0.0126588848	-0.0075230011	-0.010758921	-0.0127834736	0.0001384047	-0.0087843687	0.0502185284	-0.0360350191	-0.0898654396	-0.0628378881	0.0207291319	0.0856447597	0.0478964355894362	-0.0034668562357466	1.201909215933576e-05	0.002294068542173	-0.246761878863353	0.0153468763026722	0.0002355266122495	0.060891424860172	0.1218821393976981	-0.0691676723306926	0.0148552559041599	0.004784166895646	-0.0419653288731693	0.0037001273956962	1.369094274438228e-05	0.0017610888274332	0.0053549468513971	-0.0005366896232823	2.867545578128771e-05	2.880357517388979e-07	0.0022858451672477	-0.0001449083006197	2.0998415588489392e-08	5.225088128629665e-06	0.0	0.0	0.0	0.0	0.0	0.0	0.0	0.0	0.0	0.0	0.0	0.0	0.0	0.0	0.0	0.0	0.0	0.0	0.0	0.0	0.0	0.0	0.0	0.0	0.0	0.0	0.0	0.0	0.0	0.0	0.0	0.0	0.0	0.0	0.0	0.0	0.0	0.0	0.0	0.0	0.0	0.0	0.0	0.0	0.0	0.0	0.0	0.0	0.0	0.0	0.0	0.0	0.0	0.0	0.0	0.0	0.0	0.0	0.0	0.0	0.0	0.0	0.0	0.0	0.0	0.0	0.0	0.0	0.0	0.0	0.0	0.0	0.0	0.0	0.0	0.0	0.0	0.0	0.0	0.0	0.0	0.0	0.0	0.0	0.0	0.0	0.0	0.0	0.0	0.0	0.0	0.0	0.0	0.0	0.0	0.0	0.0	0.0	0.0	0.0	0.0	0.0	0.0	0.0	0.0	0.0	0.0	0.0	0.0	0.0	0.0	0.0	0.0	0.0	0.0	0.0	0.0	0.0	0.0	0.0	0.0	0.0	0.0	0.0	0.0	0.0	0.0	0.0
893.044210389054	1.553827553562428	797527.9617094089	2.4143800662098	892.7932297347428	1.3147555512267672	797079.7510601932	1.7285821594816009	819.2802500396447	-0.9473932154498924	671220.1281050227	0.8975539046804865	818.6794586733296	898.1365050048828	0.662047	43.230782	0.2913115449529939	0.1544396052768108	-0.0015558571	-0.017455104	-0.0211284125	0.0192016612	0.0022039558	-0.0042106369	0.0006596817	0.0251172225	-0.0271357957	0.0024150606	0.0070612157	0.0429884385	-0.0064825484	-0.0091282973	0.0106879474	-0.014015561	-0.0131299488	0.0227632224	0.0209799802	0.0188069605	-0.0219119287	0.0238631273	0.0033015272	0.0033709955	0.0118508177	-0.0104039957	-0.0135673694	-0.0073783165	-0.0131178548	-0.0184905733	0.0101411873	-0.0052105416	0.000388896	-0.0160371612	-0.0208372416	0.0108812548	0.0186747311	0.0194353596	-0.018181105	-0.0096085696	-0.0063168593	-0.0033608459	-0.0171043543	-0.0089303555	0.049680921	-0.0333666063	0.0354542024	-0.0616259074	0.0225407336	0.0088566206	-0.0189263333	-0.029566928	-0.0687125816	-0.0055340702	-0.027059874	-0.0075586931	-0.0020901827	-0.0032677565	-0.0097160155	0.0108829115	-0.0064796913	0.0141318288	-0.0234390161	0.0492163702	-0.0382182304	-0.0904261954	-0.0592862243	0.0264992443	0.0878597406	0.0370523567303564	-0.0108440788590798	0.0001175940463019	0.0013728771392735	-0.2556263710907558	-0.0088644922274028	7.857922244968501e-05	0.0653448415970288	0.1622982918378994	0.0404161524402013	0.0263407355334999	0.0016334653780695	-0.0439814512756302	-0.0020161224024609	4.064749541704711e-06	0.0019343680563106	0.0035680228742736	-0.0017869239771234	1.273078723133964e-05	3.1930973000188663e-06	0.0014651551183059	-0.0008206900489418	6.735321564320941e-07	2.1466795206979754e-06	0.0	0.0	0.0	0.0	0.0	0.0	0.0	0.0	0.0	0.0	0.0	0.0	0.0	0.0	0.0	0.0	0.0	0.0	0.0	0.0	0.0	0.0	0.0	0.0	0.0	0.0	0.0	0.0	0.0	0.0	0.0	0.0	0.0	0.0	0.0	0.0	0.0	0.0	0.0	0.0	0.0	0.0	0.0	0.0	0.0	0.0	0.0	0.0	0.0	0.0	0.0	0.0	0.0	0.0	0.0	0.0	0.0	0.0	0.0	0.0	0.0	0.0	0.0	0.0	0.0	0.0	0.0	0.0	0.0	0.0	0.0	0.0	0.0	0.0	0.0	0.0	0.0	0.0	0.0	0.0	0.0	0.0	0.0	0.0	0.0	0.0	0.0	0.0	0.0	0.0	0.0	0.0	0.0	0.0	0.0	0.0	0.0	0.0	0.0	0.0	0.0	0.0	0.0	0.0	0.0	0.0	0.0	0.0	0.0	0.0	0.0	0.0	0.0	0.0	0.0	0.0	0.0	0.0	0.0	0.0	0.0	0.0	0.0	0.0	0.0	0.0	0.0	0.0
889.0166157025974	-4.0275946864566095	790350.5429952997	16.221518958373515	888.0644368753805	-4.728792859362329	788658.4440427866	22.361481906756158	817.6149077459572	-1.665342293687445	668494.1373684302	2.77336495514416	816.67965903458	887.1932540181477	0.698288	45.597317	0.1926610195327742	0.1220378402990901	-0.0068814594	-0.0085983947	-0.0242294383	0.0096573051	-0.0195143224	0.0106435495	0.0010361046	0.0252633467	-0.0147499763	0.0126676317	0.0141017829	0.0117088067	-0.0050636845	-0.0163238912	0.0087480012	-0.0158343524	-0.0104283325	0.0241051072	0.0056951408	0.0126221937	0.0001628776	0.0215151654	0.0055804159	0.0227386999	0.0001920529	-0.0172587994	-0.0125549605	-0.0070922076	-0.0189182206	-0.0110228928	0.0190602449	-0.0074584476	0.0036378484	-0.0153066574	-0.0200946681	0.0124026468	0.0074110267	0.0130667553	-0.0140401536	-0.0063983439	-0.0047594198	-0.0046675811	-0.0162016025	-0.0226477929	0.0463865127	-0.0349645243	0.0463094466	-0.0504924899	0.0245854382	0.0093397243	-0.0070480176	-0.0279808023	-0.0619642154	0.0024563035	-0.0192882774	-0.0053290604	-0.0072060305	-0.0058345672	-0.0062488497	0.0113174082	-0.0194368527	-0.0005078211	-0.0088592547	0.0482057789	-0.0403752488	-0.0908475206	-0.0555720611	0.0321558829	0.089533037	-0.0001048599150408	-0.0371572166453972	0.0013806587488329	1.0995601782363796e-08	-0.2652299343883584	-0.0096035632976025	9.222842801105956e-05	0.0703469180956529	0.1757948523654136	0.0134965605275141	0.0309038301181775	0.0001821571460728	-0.0461182714618907	-0.0021368201862605	4.566000508410378e-06	0.0021268949626326	0.0035300244887603	-3.7998385513299694e-05	1.2461072891247418e-05	1.443877301617344e-09	0.0009919001088345	-0.0004732550094713	2.239703039897748e-07	9.838658259058929e-07	0.0	0.0	0.0	0.0	0.0	0.0	0.0	0.0	0.0	0.0	0.0	0.0	0.0	0.0	0.0	0.0	0.0	0.0	0.0	0.0	0.0	0.0	0.0	0.0	0.0	0.0	0.0	0.0	0.0	0.0	0.0	0.0	0.0	0.0	0.0	0.0	0.0	0.0	0.0	0.0	0.0	0.0	0.0	0.0	0.0	0.0	0.0	0.0	0.0	0.0	0.0	0.0	0.0	0.0	0.0	0.0	0.0	0.0	0.0	0.0	0.0	0.0	0.0	0.0	0.0	0.0	0.0	0.0	0.0	0.0	0.0	0.0	0.0	0.0	0.0	0.0	0.0	0.0	0.0	0.0	0.0	0.0	0.0	0.0	0.0	0.0	0.0	0.0	0.0	0.0	0.0	0.0	0.0	0.0	0.0	0.0	0.0	0.0	0.0	0.0	0.0	0.0	0.0	0.0	0.0	0.0	0.0	0.0	0.0	0.0	0.0	0.0	0.0	0.0	0.0	0.0	0.0	0.0	0.0	0.0	0.0	0.0	0.0	0.0	0.0	0.0	0.0	0.0
889.6821586478802	0.665542945282823	791534.3434163519	0.4429474120157347	890.9826036428476	2.9181667674671417	793849.9999941877	8.515697282749628	815.9347620118191	-1.6801457341381365	665749.5358592839	2.8228896879425776	815.4028461756951	887.8438865763346	0.671623	43.856075	0.4572498381866247	0.2701726983444842	-0.0055499367	-0.0078004231	-0.0223517763	-0.0018100284	-0.011571037	0.0132596705	0.0238314633	0.0306717041	-0.0074104255	0.0026663199	-0.0014162896	-0.012795462	-0.0039639554	-0.022066355	0.0198382816	-0.0076406741	-0.0170162612	0.0095866644	0.0055379314	0.0238379391	-0.0219448518	-0.0019955084	0.0006330692	0.0024553904	0.0068021616	-0.0224534436	-0.0206819967	-0.0130864314	-0.0126093523	-0.0069762736	0.0065854882	-0.0127913229	-0.0161822404	-0.0051437701	-0.0090559063	0.0102740457	0.012924855	0.0161168447	-0.0075129643	-0.0108947302	-0.0043059857	-0.0051938935	-0.0251454457	-0.0252361443	0.0651688514	-0.0284443411	0.0235996741	-0.0508911504	0.0280255277	0.026653041	-0.0172693872	-0.0173543159	-0.0488670687	0.0118798674	-0.020929796	-0.001699492	0.0011915104	-0.0061312648	0.0031551893	0.0180386822	-0.0181619789	0.0039133839	-0.0112032882	0.0471869279	-0.042504596	-0.0911287655	-0.0517055788	0.037674825	0.0906543325	-0.0312771978026091	-0.0311723378875682	0.0009717146493767	0.0009782631023835	-0.1951841123391204	0.070045822049238	0.0049064171865535	0.0380968377096103	0.1794526560522769	0.0036578036868633	0.0322032557642167	1.3379527811630777e-05	-0.0437912477031355	0.0023270237587552	5.415039573811188e-06	0.0019176733753973	0.0081352571396866	0.0046052326509263	6.618240872882181e-05	2.120816776915768e-05	0.0011071211904121	0.0001152210815775	1.3275897639911934e-08	1.2257173302595052e-06	0.0	0.0	0.0	0.0	0.0	0.0	0.0	0.0	0.0	0.0	0.0	0.0	0.0	0.0	0.0	0.0	0.0	0.0	0.0	0.0	0.0	0.0	0.0	0.0	0.0	0.0	0.0	0.0	0.0	0.0	0.0	0.0	0.0	0.0	0.0	0.0	0.0	0.0	0.0	0.0	0.0	0.0	0.0	0.0	0.0	0.0	0.0	0.0	0.0	0.0	0.0	0.0	0.0	0.0	0.0	0.0	0.0	0.0	0.0	0.0	0.0	0.0	0.0	0.0	0.0	0.0	0.0	0.0	0.0	0.0	0.0	0.0	0.0	0.0	0.0	0.0	0.0	0.0	0.0	0.0	0.0	0.0	0.0	0.0	0.0	0.0	0.0	0.0	0.0	0.0	0.0	0.0	0.0	0.0	0.0	0.0	0.0	0.0	0.0	0.0	0.0	0.0	0.0	0.0	0.0	0.0	0.0	0.0	0.0	0.0	0.0	0.0	0.0	0.0	0.0	0.0	0.0	0.0	0.0	0.0	0.0	0.0	0.0	0.0	0.0	0.0	0.0	0.0
886.5237960054266	-3.1583626424536533	785924.4408838712	9.975254581246825	890.6136070845963	-0.3689965582512968	793192.5971242357	0.1361584600013027	816.0074722588001	0.0727102469810461	665868.1947821964	0.0052867800160447	816.0244631157004	879.6862899627686	0.628825	41.061424	0.4233942964239633	0.194632691844513	-0.0101758053	-0.0045558625	-0.0200268698	-0.0019344859	0.0005566	0.021428357	0.0352964286	0.008986625	0.0254129717	0.0090926639	0.010882685	-0.0299728068	-0.0005579007	-0.0213955878	0.0134440871	-0.0089812144	-0.0168433251	-0.0017581582	0.0123270687	0.0141907142	-0.0012186595	0.0104901246	0.0234149134	0.0246554723	-0.0098760487	-0.0205824407	-0.0141772336	-0.0107273244	-0.0147236578	0.0111329535	0.0096772453	-0.0099708506	0.0008660577	-0.0070399686	-0.0147123068	0.0247797501	0.0109547527	0.0200655138	-0.0220069501	-0.0092950798	-0.0033299904	-0.001484641	-0.0203899497	-0.0327560789	0.0663979513	-0.0312465667	0.0276280119	-0.0445691465	0.022815204	0.0296632337	-0.0014645086	-0.0102027101	-0.0479398806	0.0076071041	-0.0271237386	0.0057463544	-0.0111642007	0.0014737631	0.0114380165	0.0187292189	-0.019915076	0.0006831572	0.0025772987	0.0461599916	-0.0446048127	-0.0912694965	-0.047697375	0.0430324377	0.0912167139	0.0310909989444212	0.0623681967470303	0.0038897919654762	0.000966650215362	-0.2323332402634719	-0.0371491279243515	0.0013800577055398	0.0539787345313241	0.2106476599363134	0.0311950038840365	0.0443724366366447	0.000973128267325	-0.0460533606562405	-0.002262112953105	5.11715501260543e-06	0.0021209120277337	0.0096500150766845	0.0015147579369978	9.312279098023816e-05	2.294491607698133e-06	0.0031838896576801	0.002076768467268	4.312967266638678e-06	1.0137153352282304e-05	0.0	0.0	0.0	0.0	0.0	0.0	0.0	0.0	0.0	0.0	0.0	0.0	0.0	0.0	0.0	0.0	0.0	0.0	0.0	0.0	0.0	0.0	0.0	0.0	0.0	0.0	0.0	0.0	0.0	0.0	0.0	0.0	0.0	0.0	0.0	0.0	0.0	0.0	0.0	0.0	0.0	0.0	0.0	0.0	0.0	0.0	0.0	0.0	0.0	0.0	0.0	0.0	0.0	0.0	0.0	0.0	0.0	0.0	0.0	0.0	0.0	0.0	0.0	0.0	0.0	0.0	0.0	0.0	0.0	0.0	0.0	0.0	0.0	0.0	0.0	0.0	0.0	0.0	0.0	0.0	0.0	0.0	0.0	0.0	0.0	0.0	0.0	0.0	0.0	0.0	0.0	0.0	0.0	0.0	0.0	0.0	0.0	0.0	0.0	0.0	0.0	0.0	0.0	0.0	0.0	0.0	0.0	0.0	0.0	0.0	0.0	0.0	0.0	0.0	0.0	0.0	0.0	0.0	0.0	0.0	0.0	0.0	0.0	0.0	0.0	0.0	0.0	0.0
889.8760077585484	3.3522117531218782	791879.3091842922	11.237323637768457	892.6724251586121	2.058818074015789	796864.0586385579	4.2387318618940855	818.1550082199865	2.1475359611863496	669377.6174754462	4.6119107045885785	816.7839070373226	892.0639852193196	0.74127	48.403965	0.32516596181106	0.1809199514340713	-0.0021896596	-0.0111691766	-0.0158331928	0.0186646486	-0.0020225526	0.0017606792	0.021775885	0.0083459977	0.0042221296	-0.005474895	0.0053940759	0.0076211936	-0.0268149163	-0.0121453222	0.0065272239	-0.015727873	-0.0279081517	0.011560454	0.0097630136	0.0111943217	-0.0016126575	0.0206983859	0.0147000661	0.0041955337	0.0074169264	-0.0142803724	-0.0127293537	-0.0205216266	-0.0150545195	-0.0128640343	0.0129211472	0.0029728583	-0.0095888457	-0.0044232928	-0.0159249707	0.0212182771	0.0239018882	0.0061068464	-0.019440348	-0.0081233796	-0.001008649	-0.0049380342	-0.0199317051	-0.0349581714	0.0677525645	-0.036196244	0.0332502378	-0.0621197539	0.0415740036	0.0285228619	-0.0211848968	-0.0057321769	-0.0510497279	0.0023150602	-0.0338528078	-0.0032566733	-0.0079295593	-0.002622449	-0.0064304369	0.0269383189	-0.0012160476	0.0093243632	-0.0192108145	0.0451251461	-0.0466744595	-0.0912694965	-0.0435584361	0.0482057789	0.0912167139	-0.0097354773493378	-0.040826476293759	0.0016668011665648	9.477951921946936e-05	-0.2379206158188509	-0.0055873755553789	3.121876559684677e-05	0.0566062194316212	0.1873697926079813	-0.023277867328332	0.0351074391819579	0.0005418591073554	-0.0463974231618884	-0.0003440625056478	1.1837900779270964e-07	0.0021527208760633	0.0068387233649422	-0.0028112917117423	4.676813726220637e-05	7.903361088510951e-06	0.0012297590223985	-0.0019541306352816	3.81862653974607e-06	1.512307253170514e-06	0.0	0.0	0.0	0.0	0.0	0.0	0.0	0.0	0.0	0.0	0.0	0.0	0.0	0.0	0.0	0.0	0.0	0.0	0.0	0.0	0.0	0.0	0.0	0.0	0.0	0.0	0.0	0.0	0.0	0.0	0.0	0.0	0.0	0.0	0.0	0.0	0.0	0.0	0.0	0.0	0.0	0.0	0.0	0.0	0.0	0.0	0.0	0.0	0.0	0.0	0.0	0.0	0.0	0.0	0.0	0.0	0.0	0.0	0.0	0.0	0.0	0.0	0.0	0.0	0.0	0.0	0.0	0.0	0.0	0.0	0.0	0.0	0.0	0.0	0.0	0.0	0.0	0.0	0.0	0.0	0.0	0.0	0.0	0.0	0.0	0.0	0.0	0.0	0.0	0.0	0.0	0.0	0.0	0.0	0.0	0.0	0.0	0.0	0.0	0.0	0.0	0.0	0.0	0.0	0.0	0.0	0.0	0.0	0.0	0.0	0.0	0.0	0.0	0.0	0.0	0.0	0.0	0.0	0.0	0.0	0.0	0.0	0.0	0.0	0.0	0.0	0.0	0.0
886.5142455667853	-3.3617621917630918	785907.5075928466	11.301445033967784	889.841699674532	-2.8307254840800624	791818.2504796601	8.013006766220304	816.3255106503525	-1.829497569633986	666387.3393385587	3.347061357296662	815.734536370245	883.4436826375326	0.7542379999999999	49.250736	0.3936090856839569	0.2176348642446326	-0.0080053442	-0.0046561245	-0.0165899624	-0.0003923197	-0.0018242823	-0.0045359157	0.0110557693	0.0018252366	-0.0107210853	0.0115628073	0.0286866965	-0.003375797	-0.0161025358	-0.0183295151	0.0179453593	-0.0103676254	-0.0082029932	0.0087446963	0.0076015545	0.001314071	-0.005843033	0.0104410117	-0.006485333	-0.0032419888	-0.0051521314	-0.0185375285	-0.0201386854	-0.0045874658	-0.0116125023	-0.005827698	0.0018232712	0.0019795149	0.0037935388	-0.0058718031	-0.0188182685	0.0081667051	0.0027236724	0.0106841676	-0.0066440301	-0.0082648797	-0.003957894	-0.0027382397	-0.0154858478	-0.0343533903	0.053795736	-0.0440232471	0.0489613503	-0.0457098692	0.0192924251	0.0225201156	-0.0009755883	-0.0098231012	-0.0573524929	-0.0040602641	-0.0248532082	0.0052927672	-0.0105248017	-0.0038259989	0.0058848402	0.011134402	-0.0085183553	-2.32874e-05	-0.0016627957	0.0440825686	-0.0487121179	-0.0911287655	-0.0393001065	0.0531726956	0.0906543325	0.001736247127539	0.0114717244768768	0.0001316004624733	3.0145540878874283e-06	-0.2867203052815767	-0.0487996894627258	0.0023814096916584	0.0822085334607605	0.2103904954776254	0.023020702869644	0.0442641605873207	0.0005299527606124	-0.0494134114259128	-0.0030159882640244	9.096185208732937e-06	0.0024416852287465	0.0041121073872125	-0.0027266159777297	1.6909427163967616e-05	7.434434690010888e-06	0.0007660238866584	-0.00046373513574	2.150502761198889e-07	5.867925949312413e-07	0.0	0.0	0.0	0.0	0.0	0.0	0.0	0.0	0.0	0.0	0.0	0.0	0.0	0.0	0.0	0.0	0.0	0.0	0.0	0.0	0.0	0.0	0.0	0.0	0.0	0.0	0.0	0.0	0.0	0.0	0.0	0.0	0.0	0.0	0.0	0.0	0.0	0.0	0.0	0.0	0.0	0.0	0.0	0.0	0.0	0.0	0.0	0.0	0.0	0.0	0.0	0.0	0.0	0.0	0.0	0.0	0.0	0.0	0.0	0.0	0.0	0.0	0.0	0.0	0.0	0.0	0.0	0.0	0.0	0.0	0.0	0.0	0.0	0.0	0.0	0.0	0.0	0.0	0.0	0.0	0.0	0.0	0.0	0.0	0.0	0.0	0.0	0.0	0.0	0.0	0.0	0.0	0.0	0.0	0.0	0.0	0.0	0.0	0.0	0.0	0.0	0.0	0.0	0.0	0.0	0.0	0.0	0.0	0.0	0.0	0.0	0.0	0.0	0.0	0.0	0.0	0.0	0.0	0.0	0.0	0.0	0.0	0.0	0.0	0.0	0.0	0.0	0.0
894.9664041167459	8.452158549960586	800964.8644976586	71.43898415367184	904.0055874415806	14.16388776704855	817226.1021255972	200.6157166775476	817.8162302956184	1.4907196452659264	668823.386534936	2.2222450607817694	818.8346445962129	899.081118792216	0.726292	47.425911	0.4384621425624443	0.2480455650902772	0.0019754614	-0.0090994665	0.0023057183	0.0138224049	0.0218631597	-0.0109685248	0.0220831679	0.0152710121	0.0084709611	-0.0097648782	-0.0233702347	0.0277099801	-0.0299505233	-0.0121894745	0.0092355377	-0.0117147159	0.0049517378	-0.0167951754	0.0125126551	0.0180957771	0.0059375845	-0.0017236538	0.0033979309	-0.00989049	0.0034062236	-0.0102267967	-0.0048714941	0.0033882668	-0.012731232	0.0067840362	-0.0177011949	-0.0048361531	0.0018995954	0.0125541392	-0.0096428616	0.0036768547	-0.0037265719	-0.0005949062	0.0109895008	-0.0057972807	0.0006945675	-0.0024318723	-0.0067537655	-0.0006978311	0.0355202105	-0.0340058743	0.0490194785	-0.0541087651	0.0292097178	0.0288146221	-0.0254269266	-0.0248143267	-0.0539889158	0.0059536193	0.0044971587	-0.0002344601	-0.0135102569	0.0218957401	-0.0158270791	0.0288906888	0.0004103271	-0.003292128	-0.0158683938	0.0430324377	-0.0507163915	-0.0908475206	-0.034934058	0.0579119187	0.089533037	0.0131988591854508	0.0114626120579118	0.0001313914751901	0.0001742098837973	-0.2384932445527994	0.0482270607287773	0.0023258493865371	0.0568790276973213	0.1660955445162102	-0.0442949509614152	0.0275877299081363	0.0019620426806741	-0.0453269176687874	0.0040864937571254	1.6699431227024874e-05	0.002054529465353	0.0051043028517734	0.0009921954645608	2.6053907602622065e-05	9.844518398952195e-07	0.0023768850412589	0.0016108611546004	2.594873659400856e-06	5.649582499360323e-06	0.0	0.0	0.0	0.0	0.0	0.0	0.0	0.0	0.0	0.0	0.0	0.0	0.0	0.0	0.0	0.0	0.0	0.0	0.0	0.0	0.0	0.0	0.0	0.0	0.0	0.0	0.0	0.0	0.0	0.0	0.0	0.0	0.0	0.0	0.0	0.0	0.0	0.0	0.0	0.0	0.0	0.0	0.0	0.0	0.0	0.0	0.0	0.0	0.0	0.0	0.0	0.0	0.0	0.0	0.0	0.0	0.0	0.0	0.0	0.0	0.0	0.0	0.0	0.0	0.0	0.0	0.0	0.0	0.0	0.0	0.0	0.0	0.0	0.0	0.0	0.0	0.0	0.0	0.0	0.0	0.0	0.0	0.0	0.0	0.0	0.0	0.0	0.0	0.0	0.0	0.0	0.0	0.0	0.0	0.0	0.0	0.0	0.0	0.0	0.0	0.0	0.0	0.0	0.0	0.0	0.0	0.0	0.0	0.0	0.0	0.0	0.0	0.0	0.0	0.0	0.0	0.0	0.0	0.0	0.0	0.0	0.0	0.0	0.0	0.0	0.0	0.0	0.0
878.2634276696125	-16.702976447133437	771346.6483819766	278.9894221934944	882.5764227037306	-21.429164737849987	778941.1419125141	459.2091013619133	815.273072982741	-2.5431573128773834	664670.1835307218	6.467649118041714	815.0042984549411	861.3828388036092	1.02777	67.112007	0.5247678479934499	0.436898894561229	-0.0215749339	0.0125105586	-0.0190312305	-0.007306349	-0.0520508457	0.01096129	-0.0032596701	0.0443754605	-0.0251699818	0.0253555034	0.0006778127	-0.0543834094	0.0358629284	-0.0170093591	0.0307202361	0.0221734424	0.0149150755	0.0281814915	-0.0116234179	-0.0139385835	-0.0196380626	-0.0293815094	0.0173921639	-0.0066697345	0.0093206557	-0.014866503	-0.0313710722	0.0102336649	0.0154710847	-0.0185012054	0.0171825015	-0.001868676	-0.0016453869	-0.0170202793	0.0458264782	0.0037308155	0.007779369	-0.0189371637	0.0168402369	-0.008026368	-0.0022052603	0.0085090758	-0.0133527842	-0.0256956465	0.0257322856	0.0163292661	-0.0390449389	0.0230569131	-0.0026931774	0.0181275534	-0.0078635494	0.010653776	0.0073937515	0.0278313738	0.0350081491	0.0049806073	0.0089802712	-0.0032390751	-0.0171064889	-0.0165845439	-0.0157055226	-0.0067611049	-0.0030538236	0.0419749335	-0.0526859066	-0.0904261954	-0.0304722578	0.062403154	0.0878597406	-0.0064870872839293	-0.0196859464693801	0.0003875364883952	4.208230142931722e-05	-0.2037948532221207	0.0346983913306787	0.0012039783609369	0.0415323421998257	0.1451370891698644	-0.0209584553463458	0.0210647746527011	0.0004392568505047	-0.0368656879206866	0.0084612297481008	7.1592408850146e-05	0.0013590789458654	0.0054201736940482	0.0003158708422748	2.9378282873652117e-05	9.977438899939188e-08	0.0025882855478242	0.0002114005065653	4.469017417606553e-08	6.699222077075619e-06	0.0	0.0	0.0	0.0	0.0	0.0	0.0	0.0	0.0	0.0	0.0	0.0	0.0	0.0	0.0	0.0	0.0	0.0	0.0	0.0	0.0	0.0	0.0	0.0	0.0	0.0	0.0	0.0	0.0	1.0	0.0	0.0	0.0	0.0	0.0	0.0	0.0	0.0	0.0	0.0	0.0	0.0	0.0	0.0	0.0	0.0	0.0	0.0	0.0	0.0	0.0	0.0	0.0	0.0	0.0	0.0	0.0	0.0	0.0	0.0	0.0	0.0	0.0	0.0	0.0	0.0	0.0	0.0	0.0	0.0	0.0	0.0	0.0	0.0	0.0	0.0	0.0	0.0	0.0	0.0	0.0	0.0	0.0	0.0	0.0	0.0	0.0	0.0	0.0	0.0	0.0	0.0	0.0	0.0	0.0	0.0	0.0	0.0	0.0	0.0	0.0	0.0	0.0	0.0	0.0	0.0	0.0	0.0	0.0	0.0	0.0	0.0	0.0	0.0	0.0	0.0	0.0	0.0	0.0	0.0	0.0	0.0	0.0	0.0	0.0	0.0	0.0	0.0
893.6349654066983	15.37153773708576	798583.4513974307	236.2841724026516	890.6519497462681	8.075527042537487	793260.8955868288	65.21413701475426	814.8556215574415	-0.4174514252995323	663989.6839837644	0.1742656924846109	815.0034800410184	900.9530562642416	0.922956	60.267822	0.3262571761816832	0.1417525048356893	0.0012000983	-0.0167491113	-0.0080093507	0.0059102839	-0.0140219127	0.0032497423	0.0336360395	-0.0185497815	-0.000300892	-0.0077230137	-0.0127902836	0.0222446095	0.0148877551	-0.0213807508	0.0220248398	-0.0006652759	-0.0029501334	0.0063070334	0.0238836669	0.0144491362	-0.0052177791	0.0303909966	0.0230742834	0.0100366623	0.0138875472	-0.0185084685	-0.0217728101	-0.002761941	-0.002417298	-0.0122780898	0.0061516623	-0.0152206716	0.0082825986	-0.0006050775	-0.0176996052	0.0317304441	0.0233033461	0.0208295162	-0.0126781855	-0.0010303783	-0.0023787509	-0.0004278036	-0.0018134404	0.0308816502	-0.0008704036	0.0134104248	-0.0030059171	-0.0024227861	-0.002461603	0.0011485149	-0.0058778942	-0.0124473267	0.0021378408	0.0065640701	0.0121737022	-0.0081242331	0.0105095439	0.0052732311	0.0076381207	-0.0151845245	0.0007774184	-0.0138210766	-0.0079644918	0.0409102371	-0.0546193134	-0.0898654396	-0.0259269352	0.0666271694	0.0856447597	0.0417377422142095	0.0482248294981388	0.0023256341801245	0.0017420391251398	-0.2516903270298343	-0.0478954738077135	0.0022939764112653	0.0633480207203849	0.0801344284099485	-0.0650026607599159	0.0064215266165891	0.0042253459058687	-0.038153689827187	-0.0012880019065003	1.6589489111486638e-06	0.0014557040474291	0.0049078215240148	-0.0005123521700334	2.4086712111582957e-05	2.625047461379344e-07	0.0040906157136087	0.0015023301657844	2.2569959270260817e-06	1.673313691642241e-05	0.0	0.0	0.0	0.0	0.0	0.0	0.0	0.0	0.0	0.0	0.0	0.0	0.0	0.0	0.0	0.0	0.0	0.0	0.0	0.0	0.0	0.0	0.0	0.0	0.0	0.0	0.0	0.0	0.0	0.0	0.0	0.0	0.0	0.0	0.0	0.0	0.0	0.0	0.0	0.0	0.0	0.0	0.0	0.0	0.0	0.0	0.0	0.0	0.0	0.0	0.0	0.0	0.0	0.0	0.0	0.0	0.0	0.0	0.0	0.0	0.0	0.0	0.0	0.0	0.0	0.0	0.0	0.0	0.0	0.0	0.0	0.0	0.0	0.0	0.0	0.0	0.0	0.0	0.0	0.0	0.0	0.0	0.0	0.0	0.0	0.0	0.0	0.0	0.0	0.0	0.0	0.0	0.0	0.0	0.0	0.0	0.0	0.0	0.0	0.0	0.0	0.0	0.0	0.0	0.0	0.0	0.0	0.0	0.0	0.0	0.0	0.0	0.0	0.0	0.0	0.0	0.0	0.0	0.0	0.0	0.0	0.0	0.0	0.0	0.0	0.0	0.0	0.0
866.9322596517015	-26.702705754996718	751571.5428248052	713.0344946379346	874.5526527801118	-16.099296966156317	764842.3424847308	259.18736280449	814.442771605818	-0.4128499516234569	663317.0282209667	0.1704450825554907	813.1677420858189	791.700231203715	1.378231	89.996674	2.003613020307536	1.3184370188690546	-0.0560656394	0.0538750208	-0.0234509702	0.0458661288	-0.0120978871	-0.0321456593	0.0341169833	-0.0648074221	0.0094706109	-0.009288828	0.1065353338	0.0101677251	0.0521509743	-0.0178647021	0.0122104388	-0.0271605733	-0.0094941353	0.008363693	-0.0114577053	-0.0413695577	-0.0636538753	0.0412817212	-0.0055961314	0.0039540121	-0.0592293087	-0.0189542156	-0.0113830282	-0.0006893681	-0.0253877747	-0.0106627865	-0.0286190277	0.0156922576	-0.0166828936	-0.0520565511	-0.0223441202	0.0247574219	-0.0412895574	0.0080774767	-0.0110142925	-0.0219296952	-0.0037351397	0.0332224268	-0.0219151459	-0.1878920627	0.024686279	0.0424460565	-0.1560654882	0.1232525688	-0.0314088829	0.026719804	0.0320308163	0.0910213185	0.1307852277	0.0268183961	-0.0250170835	0.0284810056	-0.0138142141	-0.0039688739	-0.019484611	0.0321603225	-0.0083135331	0.0257137257	0.0130381993	0.0398385309	-0.0565152869	-0.0891661178	-0.0213105486	0.0705658771	0.0829017503	0.0074424051970822	-0.0342953370171272	0.0011761701411183	5.538939511755615e-05	-0.0950464100184831	0.1566439170113512	0.024537316736659	0.0090338200574016	-0.3429143657691185	-0.423048794179067	0.1175902622508367	0.1789702822563625	-0.0148286064712291	0.0233250833559579	0.0005440595135623	0.0002198875698785	0.0025197254141939	-0.0023880961098209	6.349016162934622e-06	5.703003029741716e-06	0.0020112957373877	-0.0020793199762209	4.3235715635116975e-06	4.0453105432339326e-06	0.0	0.0	0.0	0.0	0.0	0.0	0.0	0.0	0.0	0.0	0.0	0.0	0.0	0.0	0.0	0.0	0.0	0.0	0.0	0.0	0.0	0.0	0.0	0.0	0.0	0.0	0.0	0.0	0.0	0.0	1.0	0.0	0.0	0.0	0.0	0.0	0.0	0.0	0.0	0.0	0.0	0.0	0.0	0.0	0.0	0.0	0.0	0.0	0.0	0.0	0.0	0.0	0.0	0.0	0.0	0.0	0.0	0.0	0.0	0.0	0.0	0.0	0.0	0.0	0.0	0.0	0.0	0.0	0.0	0.0	0.0	0.0	0.0	0.0	0.0	0.0	0.0	0.0	0.0	0.0	0.0	0.0	0.0	0.0	0.0	0.0	0.0	0.0	0.0	0.0	0.0	0.0	0.0	0.0	0.0	0.0	0.0	0.0	0.0	0.0	0.0	0.0	0.0	0.0	0.0	0.0	0.0	0.0	0.0	0.0	0.0	0.0	0.0	0.0	0.0	0.0	0.0	0.0	0.0	0.0	0.0	0.0	0.0	0.0	0.0	0.0	0.0	0.0
879.0596302328929	12.127370581191371	772745.8335051904	147.07311721354594	887.7549119429154	13.20225916280367	788108.7836787736	174.29964700183348	811.9886583130259	-2.454113292792158	659325.5812289879	6.022672053859169	812.4973107018681	857.508943766276	1.173055	76.59894599999998	0.8499710247503283	0.5776380489163283	-0.0217519285	0.0059758428	-0.0073942006	0.0163988595	0.0241260624	0.0026865922	0.1067837672	-0.0879051868	0.0970004244	-0.0580319547	0.0518895445	-0.0523534418	0.0441972885	-0.0316781583	0.0100159465	-0.0075055968	0.0264897964	-0.0030231233	-0.0198307688	-0.0224436457	-0.0266097625	0.0107053108	0.0302756146	-0.0234249962	-0.0139682019	-0.0265437516	-0.0091695688	0.0244352865	-0.0042206917	-0.0015616521	-0.0204390942	-0.0004155417	-0.0036166864	-0.0097984515	0.0072378125	0.0348657376	-0.0196325394	-0.0066911634	0.0129056035	-0.0056707652	-0.0035200168	0.0111028145	-0.0039279999	-0.0148828545	-0.0308274451	0.0437466838	-0.0893271063	0.0801804665	-0.0365023279	0.0124922157	0.0337368719	0.051186795	0.1158458269	0.0017628888	0.0018332528	0.0044726662	-0.0164899268	-0.0099416206	0.0428907117	-0.0142606197	0.0032336604	-0.0197672592	0.0191721979	0.0387599986	-0.0583725276	-0.0883293083	-0.0166357513	0.0742024108	0.0796476241	0.0531273617521037	0.0456849565550215	0.0020871152554342	0.0028225165667388	-0.1644066199958302	-0.0693602099773471	0.0048108387281016	0.0270295366984533	-0.2802919082042336	0.0626224575648848	0.0785635538047705	0.0039215721914658	-0.0257072224687969	-0.0108786159975677	0.0001183442860225	0.0006608612870602	0.0039096860945946	0.0013899606804007	1.5285645358266376e-05	1.931990693059977e-06	0.0031887870724807	0.001177491335093	1.3864858442190951e-06	1.0168362993620034e-05	0.0	0.0	0.0	0.0	0.0	0.0	0.0	0.0	0.0	0.0	0.0	0.0	0.0	0.0	0.0	0.0	0.0	0.0	0.0	0.0	0.0	0.0	0.0	0.0	0.0	0.0	0.0	0.0	0.0	0.0	0.0	1.0	0.0	0.0	0.0	0.0	0.0	0.0	0.0	0.0	0.0	0.0	0.0	0.0	0.0	0.0	0.0	0.0	0.0	0.0	0.0	0.0	0.0	0.0	0.0	0.0	0.0	0.0	0.0	0.0	0.0	0.0	0.0	0.0	0.0	0.0	0.0	0.0	0.0	0.0	0.0	0.0	0.0	0.0	0.0	0.0	0.0	0.0	0.0	0.0	0.0	0.0	0.0	0.0	0.0	0.0	0.0	0.0	0.0	0.0	0.0	0.0	0.0	0.0	0.0	0.0	0.0	0.0	0.0	0.0	0.0	0.0	0.0	0.0	0.0	0.0	0.0	0.0	0.0	0.0	0.0	0.0	0.0	0.0	0.0	0.0	0.0	0.0	0.0	0.0	0.0	0.0	0.0	0.0	0.0	0.0	0.0	0.0
891.1244475740225	12.064817341129585	794102.7810641067	145.5598174748211	891.1178781088297	3.3629661659142585	794091.072685183	11.309541433084048	819.9923337836427	8.003675470616827	672387.4274639449	64.05882103895348	818.461817765529	871.7930774701437	0.759645	49.603809	0.2015365899755446	0.1228857528888136	-0.0103105409	-0.0031002265	-0.0002118285	-0.0165358684	-0.0017549956	0.0207623272	0.0043487116	-0.0576583136	0.0695687201	-0.0073956736	-0.0171144244	-0.0717028575	0.0151886991	0.006719406	-0.011411031	0.0067852659	0.0105176806	-0.0094847596	-0.0178403339	-0.001527121	0.0053110343	-0.0047780761	-0.0188893927	-0.0032770301	0.0051032661	0.0054070112	0.0107980652	0.0078456738	0.0092263695	-0.0010615233	-0.0094211549	-0.001722093	-0.0086061297	0.0083460805	0.0027364203	-0.019776582	-0.0157498068	-0.0192996317	-0.0003281639	-0.0043062507	0.0042781054	0.0097546707	-0.0020538646	0.0118315914	-0.0290232934	0.0537125384	-0.0796915043	0.0716833355	-0.0321384085	0.0086893054	0.0289293644	0.0642892511	0.1163589143	0.0032528422	0.0052957194	0.0059552073	-0.0069735087	-0.0072147656	0.0204814446	-0.0196944935	0.001595033	-0.0103620145	0.0176794258	0.037674825	-0.0601897627	-0.0873563013	-0.0119153566	0.0775211985	0.0759024438	0.052792479332453	-0.0003348824196506	1.1214623499110604e-07	0.0027870458740674	-0.1745657989410176	-0.0101591789451873	0.0001032089168403	0.0304732181599157	-0.181576314363042	0.0987155938411916	0.0329699579376662	0.0097447684674191	-0.0268953303252709	-0.001188107856474	1.4116002786152431e-06	0.0007233587933054	0.0043971475505775	0.0004874614559828	1.9334906581549708e-05	2.3761867106896847e-07	0.0033597564554141	0.0001709693829333	2.9230529900627505e-08	1.1287963439696715e-05	0.0	0.0	0.0	0.0	0.0	0.0	0.0	0.0	0.0	0.0	0.0	0.0	0.0	0.0	0.0	0.0	0.0	0.0	0.0	0.0	0.0	0.0	0.0	0.0	0.0	0.0	0.0	0.0	0.0	0.0	0.0	0.0	0.0	0.0	0.0	0.0	0.0	0.0	0.0	0.0	0.0	0.0	0.0	0.0	0.0	0.0	0.0	0.0	0.0	0.0	0.0	0.0	0.0	0.0	0.0	0.0	0.0	0.0	0.0	0.0	0.0	0.0	0.0	0.0	0.0	0.0	0.0	0.0	0.0	0.0	0.0	0.0	0.0	0.0	0.0	0.0	0.0	0.0	0.0	0.0	0.0	0.0	0.0	0.0	0.0	0.0	0.0	0.0	0.0	0.0	0.0	0.0	0.0	0.0	0.0	0.0	0.0	0.0	0.0	0.0	0.0	0.0	0.0	0.0	0.0	0.0	0.0	0.0	0.0	0.0	0.0	0.0	0.0	0.0	0.0	0.0	0.0	0.0	0.0	0.0	0.0	0.0	0.0	0.0	0.0	0.0	0.0	0.0
885.2120196333577	-5.91242794066477	783600.3197033681	34.956804153553456	876.8406647025765	-14.277213406253168	768849.5512760562	203.8388226476952	814.7628740269503	-5.2294597566924494	663838.5408926561	27.34724934686585	813.5667715120902	858.2820626322429	0.680223	44.417671	0.6608737275035816	0.4416692020585707	-0.0153899057	0.0042650933	-0.02091765	-0.0240073453	-0.0044749235	-0.035776712	-0.0054588965	-0.0553778795	0.0090963809	-0.0312687698	0.020496227	-0.0446267723	-0.0009347504	-0.0171788279	-0.0002027496	-0.0044932596	-0.0029646721	-0.0018846775	-0.013017472	-0.008859982	0.0047546861	-0.0019771808	0.0090524925	-0.0019364665	-0.0155755702	-0.0165542371	0.0001233745	-0.0018227754	-0.0045097563	0.0037084899	0.0054803957	-0.0010839329	-0.0008002565	0.0035028406	0.0103372942	0.010662308	-0.0165306574	-0.0181699876	0.004113409	-0.0046607607	-0.0006127748	0.0094737059	-0.0015999573	-0.0313619096	-0.0022301819	0.0336490525	-0.0425294402	0.0266335182	-0.0239765087	-0.0217929349	0.0087934984	0.0036840063	0.0295094937	0.0145238613	-0.011057126	-0.0013875395	0.0121881501	-0.0206850212	0.0021721245	-0.0397551678	-0.0258085785	0.0079036929	-3.44074e-05	0.036583196	-0.0619657467	-0.0862485974	-0.0071623028	0.0805080284	0.0716892996	0.0427026225967068	-0.0100898567357462	0.0001018052089478	0.0018235139766367	-0.2423093243735792	-0.0677435254325616	0.0045891852380321	0.0587138086783804	-0.077756045954203	0.103820268408839	0.0060460026824321	0.0107786481324833	-0.0348783318598516	-0.0079830015345807	6.37283135011178e-05	0.0012164980333259	0.0036112477287966	-0.0007858998217808	1.3041110158738604e-05	6.176385298752502e-07	0.002544256273247	-0.000815500182167	6.65040547114573e-07	6.4732399839567136e-06	0.0	0.0	0.0	0.0	0.0	0.0	0.0	0.0	0.0	0.0	0.0	0.0	0.0	0.0	0.0	0.0	0.0	0.0	0.0	0.0	0.0	0.0	0.0	0.0	0.0	0.0	0.0	0.0	0.0	0.0	0.0	0.0	1.0	0.0	0.0	0.0	0.0	0.0	0.0	0.0	0.0	0.0	0.0	0.0	0.0	0.0	0.0	0.0	0.0	0.0	0.0	0.0	0.0	0.0	0.0	0.0	0.0	0.0	0.0	0.0	0.0	0.0	0.0	0.0	0.0	0.0	0.0	0.0	0.0	0.0	0.0	0.0	0.0	0.0	0.0	0.0	0.0	0.0	0.0	0.0	0.0	0.0	0.0	0.0	0.0	0.0	0.0	0.0	0.0	0.0	0.0	0.0	0.0	0.0	0.0	0.0	0.0	0.0	0.0	0.0	0.0	0.0	0.0	0.0	0.0	0.0	0.0	0.0	0.0	0.0	0.0	0.0	0.0	0.0	0.0	0.0	0.0	0.0	0.0	0.0	0.0	0.0	0.0	0.0	0.0	0.0	0.0	0.0
892.2257238982601	7.013704264902344	796066.7423857743	49.19204751550933	889.7308374380136	12.89017273543709	791620.963088149	166.15655314940574	815.6175764815046	0.8547024545542854	665232.031065563	0.7305162858211203	814.5037962499082	880.7238685811361	0.617987	40.353737	0.0787597974221473	0.0365529927770333	-0.0059912856	0.0042804166	-0.0014343128	-0.0454066413	-0.0048918266	-0.0034362367	-0.0227486363	-0.0286098907	0.0245553572	-0.0353797338	-0.0247893163	-0.0196947035	-0.0722501344	-0.0099436407	-0.0009146048	-0.0157429699	-0.0031125412	-0.022669341	-0.0048472514	-0.0071476524	0.0059548148	0.0029348631	0.0374334497	-0.0070038644	0.0087582272	-0.0103462116	0.0010647938	-0.0004168018	-0.0139012744	0.0246309692	-0.0002662743	-0.0039181147	0.0107065639	0.0135853578	0.0144530743	0.0148156801	0.0152408467	-0.0206267109	0.0146829734	-0.0013639797	0.0066117328	0.0005264364	-0.0026801876	0.0452312766	-0.0203736551	0.0166353102	-0.0185741918	0.0154085802	-0.0049778544	0.0030893879	0.0098327867	0.0272355994	0.0494509836	-0.0171910492	0.0098890304	-0.0071633007	0.000468467	0.0044386974	0.0181064255	-0.0087412798	0.0019590446	-0.0239392822	0.0114243355	0.0354852986	-0.0636992625	-0.0850079043	-0.0023896175	0.0831501106	0.0670341672	0.0518769180457354	0.0091742954490286	8.416769698606697e-05	0.0026912146259239	-0.2298888107335841	0.012420513639995	0.0001542691590813	0.0528488653005016	-0.0936009272365367	-0.0158448812823336	0.0087611335795394	0.0002510602628512	-0.034404064973616	0.0004742668862355	2.2492907937961135e-07	0.0011836396867087	0.0033416659055611	-0.0002695818232355	1.1166731024389484e-05	7.26743594189765e-08	0.0024617028417023	-8.255343154470011e-05	6.815069059805488e-09	6.0599808808451785e-06	0.0	0.0	0.0	0.0	0.0	0.0	0.0	0.0	0.0	0.0	0.0	0.0	0.0	0.0	0.0	0.0	0.0	0.0	0.0	0.0	0.0	0.0	0.0	0.0	0.0	0.0	0.0	0.0	0.0	0.0	0.0	0.0	0.0	0.0	0.0	0.0	0.0	0.0	0.0	0.0	0.0	0.0	0.0	0.0	0.0	0.0	0.0	0.0	0.0	0.0	0.0	0.0	0.0	0.0	0.0	0.0	0.0	0.0	0.0	0.0	0.0	0.0	0.0	0.0	0.0	0.0	0.0	0.0	0.0	0.0	0.0	0.0	0.0	0.0	0.0	0.0	0.0	0.0	0.0	0.0	0.0	0.0	0.0	0.0	0.0	0.0	0.0	0.0	0.0	0.0	0.0	0.0	0.0	0.0	0.0	0.0	0.0	0.0	0.0	0.0	0.0	0.0	0.0	0.0	0.0	0.0	0.0	0.0	0.0	0.0	0.0	0.0	0.0	0.0	0.0	0.0	0.0	0.0	0.0	0.0	0.0	0.0	0.0	0.0	0.0	0.0	0.0	0.0
887.0374562072595	-5.188267691000533	786835.4487146459	26.91812163348	877.4549165948645	-12.275920843149152	769927.1306565006	150.6982325472638	814.5395863484994	-1.077990133005187	663474.7377287844	1.1620627268565409	812.9310807388758	855.9491134592693	0.880881	57.520393	1.2047361819966935	0.8595406432106802	-0.0155173698	0.0079383601	-0.0057270749	0.0107977949	-0.0299247874	-0.0525907555	0.0329819856	-0.0672724219	0.0368875701	-0.0074948199	0.0531582626	-0.0066966428	0.0084797028	-0.0140557236	0.002813434	-0.0290542215	-0.005104316	0.0272729531	-0.0250338744	-0.0243408435	-0.0266426156	0.0172666819	-0.0092319715	0.004414861	-0.0223018618	-0.0151376245	-0.002318466	0.0010047927	-0.01987026	-0.0075305403	0.0030067466	0.0306292463	-0.0143966309	-0.0278021622	-0.0037341454	0.010354887	-0.0192720634	-0.0085211957	-0.0171818482	-0.0117252596	0.0003839764	0.0133689936	0.0011603934	-0.09094283	-0.0247677257	0.0808808153	-0.1345813308	0.1183173037	-0.0452013064	0.0190371734	0.0318929176	0.1062299098	0.1532548414	0.0186029511	-0.0167957186	0.0183373782	-0.0231630311	-0.0221715248	0.0030632943	-0.0120746665	-0.0058326287	0.0001955218	0.0182257772	0.034381321	-0.0653891221	-0.0836361352	0.0023896175	0.0854361313	0.0619657467	0.0526528407312696	0.0007759226855341	6.020560139266007e-07	0.0027723216370724	-0.0732550814198873	0.1566337293136968	0.0245341251587164	0.0053663069538343	-0.2071513636453943	-0.1135504364088576	0.0429116874601463	0.012893701608642	-0.0183482581654021	0.0160558068082138	0.0002577889322626	0.0003366585777042	0.0012856988068146	-0.0020559670987465	1.653021421844486e-06	4.227000711128099e-06	0.0018979548768906	-0.0005637479648117	3.1781176782933373e-07	3.6022327147128124e-06	0.0	0.0	0.0	0.0	0.0	0.0	0.0	0.0	0.0	0.0	0.0	0.0	0.0	0.0	0.0	0.0	0.0	0.0	0.0	0.0	0.0	0.0	0.0	0.0	0.0	0.0	0.0	0.0	0.0	0.0	0.0	0.0	0.0	1.0	0.0	0.0	0.0	0.0	0.0	0.0	0.0	0.0	0.0	0.0	0.0	0.0	0.0	0.0	0.0	0.0	0.0	0.0	0.0	0.0	0.0	0.0	0.0	0.0	0.0	0.0	0.0	0.0	0.0	0.0	0.0	0.0	0.0	0.0	0.0	0.0	0.0	0.0	0.0	0.0	0.0	0.0	0.0	0.0	0.0	0.0	0.0	0.0	0.0	0.0	0.0	0.0	0.0	0.0	0.0	0.0	0.0	0.0	0.0	0.0	0.0	0.0	0.0	0.0	0.0	0.0	0.0	0.0	0.0	0.0	0.0	0.0	0.0	0.0	0.0	0.0	0.0	0.0	0.0	0.0	0.0	0.0	0.0	0.0	0.0	0.0	0.0	0.0	0.0	0.0	0.0	0.0	0.0	0.0
896.4665801533257	9.42912394606617	803652.3293317992	88.90837839027846	896.0706169821999	18.61570038733544	802942.5506188604	346.54430091104075	818.7763572763441	4.236770927844759	670394.7232347195	17.95022789503054	815.990215662848	897.6974802474975	0.907267	59.243332	1.138073375906061	0.8057953096544188	0.000638798	0.0007713678	-0.0008576726	0.0061303266	0.0142176103	-0.0034848033	-0.0011706862	0.0171548511	-0.0127588067	-0.0084728612	-0.0176259474	0.009631907	0.0165089485	0.0096721911	-0.0119055913	0.0216024044	-0.0022590738	-0.0112013423	0.0005700187	0.0023915459	0.010949965	-0.0029000678	-0.0336598981	-0.0081670281	-0.0201026243	0.0052735007	0.0121886721	-0.0081041846	0.0211046843	0.0123740708	-0.0014384165	-0.0074594253	0.0090639331	0.0162540052	0.0105988458	-0.0252638721	-0.0232562601	-0.0023548174	-0.0099780463	-0.0009290422	0.0029649151	0.0076776103	0.0022454522	0.007584101	-0.0270104578	0.0246486875	-0.0365518534	0.044163628	-0.0226013333	-0.0142123536	0.0020170626	0.0098535457	0.0497420053	0.0099860925	0.0456125301	-0.0078835525	0.0153442706	-0.0014404678	-0.0012008468	-0.0152167379	-0.0003668739	-0.0038595104	0.0164452974	0.0332714524	-0.0670341672	-0.0821354052	0.0071623028	0.0873563013	0.0565152869	0.0497330987101776	-0.0029197420210919	8.524893469730393e-06	0.0024733811073162	-0.1933206807053835	-0.1200655992854961	0.0144157481317853	0.0373728855883928	-0.0592524681582915	0.1478988954871028	0.0035108549828493	0.0218740832863049	-0.0332591402562752	-0.0149108820908731	0.0002223344047279	0.0011061704105865	0.0001815839837093	-0.0011041148231053	3.2972743139739334e-08	1.219069542600848e-06	0.0005691690086216	-0.001328785868269	1.7656718837114002e-06	3.2395336037529494e-07	0.0	0.0	0.0	0.0	0.0	0.0	0.0	0.0	0.0	0.0	0.0	0.0	0.0	0.0	0.0	0.0	0.0	0.0	0.0	0.0	0.0	0.0	0.0	0.0	0.0	0.0	0.0	0.0	0.0	0.0	0.0	0.0	0.0	0.0	1.0	0.0	0.0	0.0	0.0	0.0	0.0	0.0	0.0	0.0	0.0	0.0	0.0	0.0	0.0	0.0	0.0	0.0	0.0	0.0	0.0	0.0	0.0	0.0	0.0	0.0	0.0	0.0	0.0	0.0	0.0	0.0	0.0	0.0	0.0	0.0	0.0	0.0	0.0	0.0	0.0	0.0	0.0	0.0	0.0	0.0	0.0	0.0	0.0	0.0	0.0	0.0	0.0	0.0	0.0	0.0	0.0	0.0	0.0	0.0	0.0	0.0	0.0	0.0	0.0	0.0	0.0	0.0	0.0	0.0	0.0	0.0	0.0	0.0	0.0	0.0	0.0	0.0	0.0	0.0	0.0	0.0	0.0	0.0	0.0	0.0	0.0	0.0	0.0	0.0	0.0	0.0	0.0	0.0
889.1467458689999	-7.319834284325793	790581.935689432	53.5799739499913	884.723371233259	-11.347245748940963	782735.4436063429	128.75998608685876	818.0079262901063	-0.7684309862378313	669136.96747344	0.5904861806104461	816.8127010673694	896.3700842844645	0.874835	57.125553	0.9633677022650016	0.7326769287298543	0.0013385294	-0.0081015756	-0.0246646146	0.0123435646	-0.0018865763	0.0102895285	0.0051318387	-0.0013813899	-0.0065341538	0.0123861126	-0.0119658125	0.0522356134	0.0155203591	0.0068381727	-0.0054007342	0.0165587004	0.0164846177	0.0224360227	0.0020513777	-0.0123848747	-0.0056145028	-0.0046363775	0.0192629226	0.0023858686	-0.0125243488	0.0049761137	0.0038176059	0.0083902961	0.0155870676	-0.011269125	0.0152720018	0.0104990097	-0.0004108396	-0.0034649691	0.0109944969	0.0125966071	-0.0010159137	-0.0179272852	-0.0207314359	-0.003173036	-0.0050731623	-0.0039087005	-0.001443626	-0.0470977838	0.0192333383	-0.0308090184	0.0429051535	-0.0245842837	0.0107408754	0.0018325308	-0.0050406689	-0.0170155992	-0.0364650392	0.0043867066	0.0010009563	-0.0001731575	-0.0142165773	0.0116662784	-0.0054507905	0.0142496294	0.000572654	0.0019770435	0.0075130762	0.0321558829	-0.0686332704	-0.0805080284	0.0119153566	0.0889023983	0.0507163915	0.0104015065398357	-0.0393315921703419	0.0015469741426541	0.0001081913382982	-0.2175324343972136	-0.02421175369183	0.0005862090168338	0.047320360014778	0.0959154666625181	0.1551679348208096	0.0091997767450886	0.024077087996555	-0.0470392661122409	-0.0137801258559656	0.0001898918686062	0.0022126925563782	0.0011068178152531	0.0009252338315438	1.2250456761616457e-06	8.560576430332209e-07	0.0007569377527525	0.0001877687441309	3.525710127249542e-08	5.729547615420049e-07	0.0	0.0	0.0	0.0	0.0	0.0	0.0	0.0	0.0	0.0	0.0	0.0	0.0	0.0	0.0	0.0	0.0	0.0	0.0	0.0	0.0	0.0	0.0	0.0	0.0	0.0	0.0	0.0	0.0	0.0	0.0	0.0	0.0	0.0	0.0	1.0	0.0	0.0	0.0	0.0	0.0	0.0	0.0	0.0	0.0	0.0	0.0	0.0	0.0	0.0	0.0	0.0	0.0	0.0	0.0	0.0	0.0	0.0	0.0	0.0	0.0	0.0	0.0	0.0	0.0	0.0	0.0	0.0	0.0	0.0	0.0	0.0	0.0	0.0	0.0	0.0	0.0	0.0	0.0	0.0	0.0	0.0	0.0	0.0	0.0	0.0	0.0	0.0	0.0	0.0	0.0	0.0	0.0	0.0	0.0	0.0	0.0	0.0	0.0	0.0	0.0	0.0	0.0	0.0	0.0	0.0	0.0	0.0	0.0	0.0	0.0	0.0	0.0	0.0	0.0	0.0	0.0	0.0	0.0	0.0	0.0	0.0	0.0	0.0	0.0	0.0	0.0	0.0
893.4942226082061	4.347476739206172	798331.9258342425	18.900553997938733	885.770671051818	1.047299818559054	784589.6816955879	1.0968369099538275	817.8314908410883	-0.1764354490179585	668848.3474113572	0.0311294676701686	817.7164048465886	902.9982669372558	0.720676	47.059166	0.228615702273984	0.1038036677172248	0.0078096957	-0.008033231	-0.012630244	-0.0049853789	-0.0193790995	0.0310405035	-0.0023474288	0.0050484605	-0.0057334814	0.0296076503	0.0130500891	0.0295986444	-0.0005763928	0.0051578447	-0.006422646	-0.0245157267	-0.0096000861	0.0023242945	0.0004158262	0.0157048356	0.0187697321	-0.0062079763	0.0046980332	0.0301284512	0.004398842	0.0061588205	0.003473685	0.0030560076	-0.0200291536	0.0109869045	0.0141148797	-0.0033740657	0.0028272565	-0.0007037398	-0.0019463605	-0.0099407299	0.0005495973	0.0111048721	0.0027025236	0.0023177788	-0.0003314138	-0.0048662305	-0.0035754286	-0.0316860264	0.0157829922	-0.0422212474	0.0527405865	-0.0368387801	0.0101261811	-0.0033031241	-0.0033424196	-0.0037478605	-0.020157366	-0.0182331241	-0.0177252914	0.0003570866	-0.0066797054	0.0067213163	-0.0041259726	0.0221351987	0.0079737289	0.0041461173	0.0065517076	0.0310348036	-0.0701853358	-0.0787565141	0.0166357513	0.0900678015	0.0446048127	0.0579821318742403	0.0475806253344045	0.0022639159072129	0.0033619276166817	-0.2482704893295846	-0.030738054932371	0.0009448280210254	0.0616382358719513	0.0225612748339898	-0.0733541918285283	0.0005090111221348	0.0053808374588165	-0.0462481349497891	0.0007911311624518	6.258885162023403e-07	0.0021388899863339	0.0004918291898752	-0.0006149886253779	2.4189595201329555e-07	3.78211009344199e-07	0.0006242009370086	-0.0001327368157439	1.7619062253830063e-08	3.896268097624143e-07	0.0	0.0	0.0	0.0	0.0	0.0	0.0	0.0	0.0	0.0	0.0	0.0	0.0	0.0	0.0	0.0	0.0	0.0	0.0	0.0	0.0	0.0	0.0	0.0	0.0	0.0	0.0	0.0	0.0	0.0	0.0	0.0	0.0	0.0	0.0	0.0	0.0	0.0	0.0	0.0	0.0	0.0	0.0	0.0	0.0	0.0	0.0	0.0	0.0	0.0	0.0	0.0	0.0	0.0	0.0	0.0	0.0	0.0	0.0	0.0	0.0	0.0	0.0	0.0	0.0	0.0	0.0	0.0	0.0	0.0	0.0	0.0	0.0	0.0	0.0	0.0	0.0	0.0	0.0	0.0	0.0	0.0	0.0	0.0	0.0	0.0	0.0	0.0	0.0	0.0	0.0	0.0	0.0	0.0	0.0	0.0	0.0	0.0	0.0	0.0	0.0	0.0	0.0	0.0	0.0	0.0	0.0	0.0	0.0	0.0	0.0	0.0	0.0	0.0	0.0	0.0	0.0	0.0	0.0	0.0	0.0	0.0	0.0	0.0	0.0	0.0	0.0	0.0
891.4286838336345	-2.0655387745715643	794645.098361366	4.266450429258599	885.8806445629566	0.1099735111386053	784784.5164112794	0.0120941731521529	819.3174136750868	1.4859228339984156	671281.0243512333	2.207966668597883	819.0179914914432	886.7531562601725	0.702647	45.881893	0.4687383874092561	0.2775541885383769	0.0015252757	-0.0002706084	-0.0020886663	0.0086170129	-0.0021142561	-0.0044439791	-0.0229206671	-0.0192171963	-0.0111925046	0.0233512087	0.0174666238	0.0066133753	0.043841975	0.016499634	-0.0056775577	-0.0071272723	0.0111802887	-0.0113225989	0.0089094598	0.0050052546	-0.0047638239	0.0185016423	0.0037874755	-0.00442043	0.0082168016	0.0160353413	0.0079547507	0.0147680516	-0.0022350343	0.0056918913	-0.0156871028	0.0046604052	-0.0024175843	0.0031779224	-0.0118413514	0.0034924364	0.0167528787	-0.0043533276	-4.7979e-06	0.0036671216	-0.000941246	0.0097717639	0.0030760134	-0.006919122	-0.0071173963	-0.0260066262	0.0267075631	-0.0109262229	-0.0043804299	-0.0130306206	0.0085678047	-0.0101929105	-0.0094455375	-0.0089561236	-0.0024275853	0.0047702103	-0.0092920131	0.0018979095	0.0068973534	0.008245285	0.0036453354	-0.0009710824	-0.0001474315	0.0299084066	-0.0716892996	-0.0768835629	0.0213105486	0.0908475206	0.0382182304	0.0279854423044838	-0.0299966895697565	0.0008998013851443	0.0007831849809775	-0.247151531535934	0.0011189577936505	1.252066543971404e-06	0.0610838795405577	-0.0957800550006595	-0.1183413298346493	0.0091738189359293	0.0140046703470332	-0.0419493069983416	0.0042988279514474	1.8479921756146268e-05	0.0017597443576411	0.0024339545339726	0.0019421253440974	5.924134673445776e-06	3.771850852185444e-06	0.0007688758456877	0.000144674908679	2.0930829201305915e-08	5.911700660819758e-07	0.0	0.0	0.0	0.0	0.0	0.0	0.0	0.0	0.0	0.0	0.0	0.0	0.0	0.0	0.0	0.0	0.0	0.0	0.0	0.0	0.0	0.0	0.0	0.0	0.0	0.0	0.0	0.0	0.0	0.0	0.0	0.0	0.0	0.0	0.0	0.0	0.0	0.0	0.0	0.0	0.0	0.0	0.0	0.0	0.0	0.0	0.0	0.0	0.0	0.0	0.0	0.0	0.0	0.0	0.0	0.0	0.0	0.0	0.0	0.0	0.0	0.0	0.0	0.0	0.0	0.0	0.0	0.0	0.0	0.0	0.0	0.0	0.0	0.0	0.0	0.0	0.0	0.0	0.0	0.0	0.0	0.0	0.0	0.0	0.0	0.0	0.0	0.0	0.0	0.0	0.0	0.0	0.0	0.0	0.0	0.0	0.0	0.0	0.0	0.0	0.0	0.0	0.0	0.0	0.0	0.0	0.0	0.0	0.0	0.0	0.0	0.0	0.0	0.0	0.0	0.0	0.0	0.0	0.0	0.0	0.0	0.0	0.0	0.0	0.0	0.0	0.0	0.0
891.9891580619416	0.5604742283070436	795644.6581000513	0.3141313605963761	895.625226900175	9.74458233721839	802144.5470599899	94.9568849268286	815.4557909754785	-3.861622699608233	664968.1470354433	14.91212987412958	815.2265705762354	893.152253326416	0.68665	44.837349	0.5158300838870115	0.3162111045942785	0.0091577802	-0.006741165	0.0075074286	0.0023972494	0.0270852153	0.013162562	-0.0161738567	0.0112512134	-0.0006024534	-0.0136843077	-0.0145795991	0.0135390557	0.0053039834	0.0022037103	0.0113983296	0.0053243726	0.0060080788	0.0022938543	-0.0052538094	-0.0173621638	-0.0055326782	-0.0234608781	-0.0201136793	-0.0025890341	-0.004689373	0.0027767984	-0.0075786046	0.0001798077	0.0082150275	-0.0020144192	-0.0067421239	0.0032467806	-0.0027324437	-0.008820172	0.0137055299	-0.0247809801	-0.0094998623	-0.0099575956	0.0003677762	0.0041584046	0.0044377068	0.0013192884	0.0012990209	-0.0160242772	0.0161603212	-0.0466732193	0.0646503485	-0.0319997904	0.0241910959	0.0127830246	-0.0126228426	-0.0088524025	-0.0434408093	-0.0074814548	0.0118976303	0.0033481961	-0.0127043795	0.0187490409	-0.0068277908	0.0280306483	0.0099947906	-0.0105079946	0.006230725	0.0287768851	-0.0731441312	-0.0748920628	0.0259269352	0.0912382167	0.0315960199	0.0432954473104985	0.0153100050060147	0.0002343962532841	0.0018744957578161	-0.2391283111631565	0.0080232203727775	6.437206515015194e-05	0.0571823491997433	0.0317818671208698	0.1275619221215293	0.0010100870776886	0.0162720439753391	-0.0473866811540345	-0.0054373741556928	2.9565037708997053e-05	0.0022454975507941	0.0034568719410741	0.0010229174071015	1.1949963616985415e-05	1.046360021751256e-06	0.0016072830106271	0.0008384071649394	7.029265742217223e-07	2.583358676250515e-06	0.0	0.0	0.0	0.0	0.0	0.0	0.0	0.0	0.0	0.0	0.0	0.0	0.0	0.0	0.0	0.0	0.0	0.0	0.0	0.0	0.0	0.0	0.0	0.0	0.0	0.0	0.0	0.0	0.0	0.0	0.0	0.0	0.0	0.0	0.0	0.0	1.0	0.0	0.0	0.0	0.0	0.0	0.0	0.0	0.0	0.0	0.0	0.0	0.0	0.0	0.0	0.0	0.0	0.0	0.0	0.0	0.0	0.0	0.0	0.0	0.0	0.0	0.0	0.0	0.0	0.0	0.0	0.0	0.0	0.0	0.0	0.0	0.0	0.0	0.0	0.0	0.0	0.0	0.0	0.0	0.0	0.0	0.0	0.0	0.0	0.0	0.0	0.0	0.0	0.0	0.0	0.0	0.0	0.0	0.0	0.0	0.0	0.0	0.0	0.0	0.0	0.0	0.0	0.0	0.0	0.0	0.0	0.0	0.0	0.0	0.0	0.0	0.0	0.0	0.0	0.0	0.0	0.0	0.0	0.0	0.0	0.0	0.0	0.0	0.0	0.0	0.0	0.0
892.1292944437627	0.1401363818210939	795894.6780047257	0.0196382055099074	892.5316448459378	-3.093582054237231	796612.7370513952	9.570249926298647	817.5545218958762	2.0987309203976565	668395.3962723947	4.404671476233195	815.9838772082105	892.0450612284343	0.603452	39.404594	0.4763703598963726	0.2805542719443913	0.0096897973	-0.0066804631	0.016329507	-0.0097222704	-0.0103637123	-0.0187611193	-0.0332912337	0.030476146	-0.0266499079	0.0140487758	0.0055789722	0.0052897338	-0.0094114436	0.012881581	-0.024217133	0.0473531497	0.0021060442	0.0188096117	-0.0357334362	-0.0123170089	0.0062490003	-0.0274863226	-0.0237671431	-0.0362511424	0.0149831462	0.0098396283	0.0203868557	-0.0094555303	0.0400004551	-0.015812998	0.0205919924	-0.0009648034	-0.0229077939	-0.0122690626	0.0223708704	-0.0312210155	-0.0005610895	-0.0204619998	0.0309773316	0.0008443614	-0.0002186886	-0.0020323393	0.0041817629	-0.0429737934	0.0120552028	-0.0501958787	0.0591922006	-0.0381165199	0.0148378552	0.0113588848	-0.0155312848	-0.012086677	-0.0453075098	-0.0008088356	0.0109798988	0.008204828	-0.0152874435	0.0220815332	-0.0159066911	0.0086399996	0.0078799665	0.0199901194	-0.0003446258	0.0276404327	-0.0745488335	-0.0727850846	0.0304722578	0.0912382167	0.0247790096	0.032881999464692	-0.0104134478458065	0.0001084398960373	0.001081225888796	-0.1351638212282608	0.1039644899348957	0.010808615167423	0.0182692585690252	0.2714008654244253	0.2396189983035555	0.073658429753127	0.0574172643479993	-0.049030257796795	-0.0016435766427604	2.701344180627871e-06	0.0024039661796201	0.003492063354118	3.519141304389982e-05	1.2194506469173856e-05	1.2384355520263623e-09	0.0008385825901892	-0.0007687004204379	5.909003363814043e-07	7.032207605684277e-07	0.0	0.0	0.0	0.0	0.0	0.0	0.0	0.0	0.0	0.0	0.0	0.0	0.0	0.0	0.0	0.0	0.0	0.0	0.0	0.0	0.0	0.0	0.0	0.0	0.0	0.0	0.0	0.0	0.0	0.0	0.0	0.0	0.0	0.0	0.0	0.0	0.0	0.0	0.0	0.0	0.0	0.0	0.0	0.0	0.0	0.0	0.0	0.0	0.0	0.0	0.0	0.0	0.0	0.0	0.0	0.0	0.0	0.0	0.0	0.0	0.0	0.0	0.0	0.0	0.0	0.0	0.0	0.0	0.0	0.0	0.0	0.0	0.0	0.0	0.0	0.0	0.0	0.0	0.0	0.0	0.0	0.0	0.0	0.0	0.0	0.0	0.0	0.0	0.0	0.0	0.0	0.0	0.0	0.0	0.0	0.0	0.0	0.0	0.0	0.0	0.0	0.0	0.0	0.0	0.0	0.0	0.0	0.0	0.0	0.0	0.0	0.0	0.0	0.0	0.0	0.0	0.0	0.0	0.0	0.0	0.0	0.0	0.0	0.0	0.0	0.0	0.0	0.0
892.5017813639226	0.3724869201599858	796559.4297377752	0.1387465056902716	890.6137162245714	-1.9179286213664	793192.7915273414	3.67845019665642	818.2719820028464	0.7174601069701794	669569.0365308665	0.5147490050936612	818.4061550711344	895.0540315043131	0.6108	39.884415	0.3481320636549242	0.172102634800333	0.0117549431	-0.0017343218	0.0095616379	-0.0013013888	-0.0098365466	-0.0100862379	0.0036427303	0.0089499869	-0.0180185424	-0.0083237766	0.0171080323	0.0268890754	0.0224531171	0.0163022375	-0.0203328229	0.0237376931	-0.0009095001	-0.0009077205	-0.0166276556	0.0150416182	0.0179601446	-0.026923685	0.0139802451	-0.0234599958	0.0041757642	0.0167186227	0.0200626415	-0.0008396806	0.0154965907	-0.0054380702	0.0118520176	-0.0108839489	-0.0113720064	0.0090968392	0.0108271204	0.0089990854	-0.0054260936	-0.01007575	0.0227561151	0.0072201624	0.0007515749	-0.0049249025	0.0043196776	-0.0284504209	0.0115511152	-0.0480672981	0.0716169693	-0.0338996201	0.0124167066	0.0069687376	-0.0025478559	-0.0194308705	-0.0431601821	-0.0086064151	-0.0050698392	0.0062513413	-0.0153663436	0.0022154468	-0.0039620672	0.0278555842	0.0075224424	-0.009823213	-0.0075714748	0.0264992443	-0.0759024438	-0.0705658771	0.034934058	0.0908475206	0.0178092284	0.0115938422631813	-0.0212881572015107	0.0004531856370362	0.0001344171784235	-0.2421830806989646	-0.1070192594707038	0.0114531218976578	0.0586526445768412	0.318442203951605	0.0470413385271796	0.1014054372575555	0.0022128875304287	-0.0499168369600791	-0.0008865791632841	7.860226127695348e-07	0.0024916906120991	0.0011076564608019	-0.0023844068933161	1.2269028351561908e-06	5.685396232893335e-06	0.0010232627026996	0.0001846801125103	3.4106743956853995e-08	1.0470665587360898e-06	0.0	0.0	0.0	0.0	0.0	0.0	0.0	0.0	0.0	0.0	0.0	0.0	0.0	0.0	0.0	0.0	0.0	0.0	0.0	0.0	0.0	0.0	0.0	0.0	0.0	0.0	0.0	0.0	0.0	0.0	0.0	0.0	0.0	0.0	0.0	0.0	0.0	0.0	0.0	0.0	0.0	0.0	0.0	0.0	0.0	0.0	0.0	0.0	0.0	0.0	0.0	0.0	0.0	0.0	0.0	0.0	0.0	0.0	0.0	0.0	0.0	0.0	0.0	0.0	0.0	0.0	0.0	0.0	0.0	0.0	0.0	0.0	0.0	0.0	0.0	0.0	0.0	0.0	0.0	0.0	0.0	0.0	0.0	0.0	0.0	0.0	0.0	0.0	0.0	0.0	0.0	0.0	0.0	0.0	0.0	0.0	0.0	0.0	0.0	0.0	0.0	0.0	0.0	0.0	0.0	0.0	0.0	0.0	0.0	0.0	0.0	0.0	0.0	0.0	0.0	0.0	0.0	0.0	0.0	0.0	0.0	0.0	0.0	0.0	0.0	0.0	0.0	0.0
887.5753934129252	-4.926387950997423	787790.0789921089	24.26929824373259	893.4235706081638	2.809854383592437	798205.6765182406	7.895281656993636	815.3777921858941	-2.8941898169522347	664840.9439899431	8.376334696550009	816.3354962197923	882.516174580892	0.601045	39.247417	0.6761077046181293	0.5062672365647535	0.0047708264	0.007612355	0.0146692177	0.0209141632	0.0136503264	-0.0015965025	-0.0131489135	-0.0059797046	0.0014854308	0.0158259706	0.0108946152	0.0304155052	0.0414213772	0.0090310142	-0.0040892146	0.0283793552	0.0157577587	-0.0050961103	-0.0077162965	-0.0049533402	0.0072363313	-0.0117619404	-0.0056340353	-0.0027512322	-0.004234538	0.0099454964	0.0073013834	0.0070960953	0.028223111	-0.0050201413	-0.0105275122	0.0079233535	-0.0062164939	0.0001770815	-0.0072246072	6.34432e-05	-0.0158693282	0.0052472609	0.00029745	0.0056223637	-0.0005065248	0.0005408099	0.0045987186	-0.0360124127	-0.0017257121	-0.0125673885	0.0181177189	-0.0050556343	-0.0048398538	-0.0318020189	-0.0056884313	-0.0251215777	-0.0156426478	0.010389806	-0.0133712691	0.0092299013	-0.0057002337	-0.0083943467	-0.0165817623	-0.0131935729	-0.0023626445	0.0203983772	-0.0087185816	0.0253535154	-0.0772040342	-0.0682378621	0.0393001065	0.0900678015	0.0107296473	0.021581049627926	0.0099872073647447	9.97443109464108e-05	0.000465741703043	-0.2424769769094297	-0.0002938962104651	8.637498252574958e-08	0.0587950843311361	0.0958159014041655	-0.2226263025474394	0.0091806869618927	0.049562470585944	-0.0412413485566936	0.0086754884033855	7.526409903727631e-05	0.0017008488307746	0.0012449885275052	0.0001373320667033	1.549996433619566e-06	1.8860096544999642e-08	0.0009720772028788	-5.118549982079991e-05	2.6199553919051074e-09	9.449340883566716e-07	0.0	0.0	0.0	0.0	0.0	0.0	0.0	0.0	0.0	0.0	0.0	0.0	0.0	0.0	0.0	0.0	0.0	0.0	0.0	0.0	0.0	0.0	0.0	0.0	0.0	0.0	0.0	0.0	0.0	0.0	0.0	0.0	0.0	0.0	0.0	0.0	0.0	1.0	0.0	0.0	0.0	0.0	0.0	0.0	0.0	0.0	0.0	0.0	0.0	0.0	0.0	0.0	0.0	0.0	0.0	0.0	0.0	0.0	0.0	0.0	0.0	0.0	0.0	0.0	0.0	0.0	0.0	0.0	0.0	0.0	0.0	0.0	0.0	0.0	0.0	0.0	0.0	0.0	0.0	0.0	0.0	0.0	0.0	0.0	0.0	0.0	0.0	0.0	0.0	0.0	0.0	0.0	0.0	0.0	0.0	0.0	0.0	0.0	0.0	0.0	0.0	0.0	0.0	0.0	0.0	0.0	0.0	0.0	0.0	0.0	0.0	0.0	0.0	0.0	0.0	0.0	0.0	0.0	0.0	0.0	0.0	0.0	0.0	0.0	0.0	0.0	0.0	0.0
889.1989926095039	1.6235991965786525	790674.8484577566	2.636074351130846	887.3985250894125	-6.025045518751313	787476.1423308647	36.30117350302528	815.6795203276553	0.3017281417611457	665333.0798819538	0.091039871530634	815.8171092576077	886.0935508931478	0.580906	37.932426	0.3208875155556244	0.214058819471744	0.0091652514	-0.0038702938	0.0062052271	-0.0212925884	-0.0065732465	0.0364330351	-0.0089516729	0.0218708748	0.0273033513	0.0339481145	-0.0288116297	-0.0640607114	0.0355357828	0.0079360584	-0.0162750134	-0.0234120693	-0.0055890511	-0.0150341929	0.0108464816	0.001962958	0.0044378497	0.0057793491	-0.0153244654	0.0145755725	0.0153634961	0.009834825	0.0145830343	-0.0007139839	-0.018447863	0.0079182641	-0.0138096749	-0.0074342272	0.0123434527	-0.0003809807	-0.0064912246	-0.0162232881	0.0182187917	0.0023149761	0.0115363389	0.0104777589	0.0013140804	-0.0035146136	0.0058224681	-0.0224505823	0.007568526	-0.0320993499	0.0516833849	-0.0314801517	0.0035172825	-0.0121735515	0.0060233813	-0.0023634671	-0.0242448563	-0.0178648218	-0.0207722671	0.0081197656	0.0043660631	-0.0034779069	-0.0003330719	-0.0010521846	0.006095284	0.0165517562	-0.0008671284	0.0242034423	-0.0784527129	-0.0658046293	0.0435584361	0.0889023983	0.0035839144	0.0315037375062416	0.0099226878783156	9.845973473047136e-05	0.0009924854768621	-0.2192071764616798	0.0232698004477499	0.0005414836128781	0.048051786212302	0.1654092166232743	0.0695933152191087	0.0273602089439252	0.0048432295231862	-0.0451224314067995	-0.0038810828501059	1.5062804089386162e-05	0.0020360338160613	0.0009919418072608	-0.0002530467202443	9.83948548991822e-07	6.403264262644762e-08	0.0011999818727375	0.0002279046698587	5.194053854340304e-08	1.4399564948985977e-06	0.0	0.0	0.0	0.0	0.0	0.0	0.0	0.0	0.0	0.0	0.0	0.0	0.0	0.0	0.0	0.0	0.0	0.0	0.0	0.0	0.0	0.0	0.0	0.0	0.0	0.0	0.0	0.0	0.0	0.0	0.0	0.0	0.0	0.0	0.0	0.0	0.0	0.0	0.0	0.0	0.0	0.0	0.0	0.0	0.0	0.0	0.0	0.0	0.0	0.0	0.0	0.0	0.0	0.0	0.0	0.0	0.0	0.0	0.0	0.0	0.0	0.0	0.0	0.0	0.0	0.0	0.0	0.0	0.0	0.0	0.0	0.0	0.0	0.0	0.0	0.0	0.0	0.0	0.0	0.0	0.0	0.0	0.0	0.0	0.0	0.0	0.0	0.0	0.0	0.0	0.0	0.0	0.0	0.0	0.0	0.0	0.0	0.0	0.0	0.0	0.0	0.0	0.0	0.0	0.0	0.0	0.0	0.0	0.0	0.0	0.0	0.0	0.0	0.0	0.0	0.0	0.0	0.0	0.0	0.0	0.0	0.0	0.0	0.0	0.0	0.0	0.0	0.0
882.6753346374846	-6.523657972019237	779115.7463773955	42.55811333589014	877.1350647071739	-10.263460382238575	769365.9217388582	105.33861901778084	811.5066582894399	-4.172862038215385	658543.0564480937	17.412777589979058	810.3485854583982	875.8932641906738	0.621381	40.575336	0.2539362821416077	0.1980932820857356	0.0064192377	-0.0001497652	-0.0010250317	0.0014757532	-0.0169137045	-0.0127003528	-0.0051216648	-0.0233363838	0.0029421225	0.0086068963	0.0068147395	-0.0200777104	-0.0248070414	-0.0058164112	-0.0062101203	0.0039500441	-0.0079884765	-0.0147659356	0.018967883	-0.0117795307	-0.0192699519	0.0069939212	0.0032248924	0.0171732101	-0.0189429313	-0.0068532129	0.0025954478	-0.0088667146	0.0006598156	-0.0030160888	-0.0167783401	-0.0017162805	0.0065348024	-0.0058440665	-0.0087217158	0.0148910711	0.008061364	0.0017146252	-0.0073444249	0.010516015	-0.0002188614	-0.0038903031	-0.0028814925	-0.0119270886	0.016618461	-0.0516447831	0.0521142905	-0.0324912149	0.0203177528	0.0098887373	-0.0056319957	0.0082081907	-0.0119748223	-0.032038252	-0.0310303731	0.0157123637	-0.0218707392	0.026729557	-0.0040368655	0.0346508513	0.0307782883	0.0069149008	-0.0034791305	0.0230492221	-0.0796476241	-0.0632699305	0.047697375	0.0873563013	-0.0035839144	0.0327294354529357	0.001225697946694	1.5023354565301228e-06	0.0010712159450678	-0.2243040295983718	-0.005096853136692	2.5977911897007116e-05	0.0503122976940672	0.2250018110345308	0.0595925944112565	0.0506258149688187	0.0035512773086645	-0.0487619780674718	-0.0036395466606723	1.3246299895210903e-05	0.0023777305050526	0.0010626651594418	7.072335218100004e-05	1.1292572410914662e-06	5.001792543717763e-09	0.0012501345928235	5.0152720085999865e-05	2.5152953320246543e-09	1.562836500173978e-06	0.0	0.0	0.0	0.0	0.0	0.0	0.0	0.0	0.0	0.0	0.0	0.0	0.0	0.0	0.0	0.0	0.0	0.0	0.0	0.0	0.0	0.0	0.0	0.0	0.0	0.0	0.0	0.0	0.0	0.0	0.0	0.0	0.0	0.0	0.0	0.0	0.0	0.0	0.0	0.0	0.0	0.0	0.0	0.0	0.0	0.0	0.0	0.0	0.0	0.0	0.0	0.0	0.0	0.0	0.0	0.0	0.0	0.0	0.0	0.0	0.0	0.0	0.0	0.0	0.0	0.0	0.0	0.0	0.0	0.0	0.0	0.0	0.0	0.0	0.0	0.0	0.0	0.0	0.0	0.0	0.0	0.0	0.0	0.0	0.0	0.0	0.0	0.0	0.0	0.0	0.0	0.0	0.0	0.0	0.0	0.0	0.0	0.0	0.0	0.0	0.0	0.0	0.0	0.0	0.0	0.0	0.0	0.0	0.0	0.0	0.0	0.0	0.0	0.0	0.0	0.0	0.0	0.0	0.0	0.0	0.0	0.0	0.0	0.0	0.0	0.0	0.0	0.0
888.6508693586887	5.975534721204099	789700.3676119533	35.707015204315745	887.9631953549075	10.828130647733587	788478.6363048976	117.2484133243874	815.4538226073716	3.947164317931765	664964.9368049748	15.580106152753736	814.4117079684464	888.3681837666829	0.555023	36.242294	0.3214634201128558	0.2268171765863641	0.0142771425	-0.0028289763	0.0140764777	0.0040618651	-0.0010272245	-0.0049384602	-0.0144439445	0.0100603437	-0.0124692789	0.0238085303	-0.0364472867	-0.0202092034	0.0047252707	0.0128132597	-0.0150635016	0.0009857005	-0.0062020098	-0.0059326893	0.025647908	0.0129074801	-0.008477434	0.0262801795	-0.0225779567	0.0079107535	0.0003089127	0.0112629365	0.0104177827	-0.0046111271	-0.0006734712	-0.0063435379	-0.0170465619	-0.0160075478	0.0099209671	-0.0026329939	-0.0266342925	-0.0001891515	0.0035531983	0.0290876111	-0.023372169	0.0118919224	0.00388802	-0.004607621	0.0036797768	-0.0400462239	0.0244757407	-0.053696314	0.0693426613	-0.045939253	0.0143268699	0.0037645962	0.0006917106	0.0163518341	-0.0283725918	-0.0306503862	-0.0426316272	0.0195585278	-0.0242319933	0.0208369851	-0.0016943528	0.024247161	0.0057438637	0.0190075526	-0.0063274873	0.0218910524	-0.0807879487	-0.060637674	0.0517055788	0.0854361313	-0.0107296473	0.0427544519921525	0.0100250165392168	0.0001005009566115	0.0018279431651492	-0.2331907611326187	-0.0088867315342468	7.897399736177786e-05	0.05437793107761	0.2743335971600231	0.0493317861254923	0.0752589225307578	0.0024336251223313	-0.053017924916441	-0.0042559468489691	1.811308358125084e-05	0.0028109003624453	0.0006571595707067	-0.000405505588735	4.3185870137141437e-07	1.6443478249540006e-07	0.0016530798733972	0.0004029452805737	1.6236489913661793e-07	2.732673067830903e-06	0.0	0.0	0.0	0.0	0.0	0.0	0.0	0.0	0.0	0.0	0.0	0.0	0.0	0.0	0.0	0.0	0.0	0.0	0.0	0.0	0.0	0.0	0.0	0.0	0.0	0.0	0.0	0.0	0.0	0.0	0.0	0.0	0.0	0.0	0.0	0.0	0.0	0.0	0.0	0.0	0.0	0.0	0.0	0.0	0.0	0.0	0.0	0.0	0.0	0.0	0.0	0.0	0.0	0.0	0.0	0.0	0.0	0.0	0.0	0.0	0.0	0.0	0.0	0.0	0.0	0.0	0.0	0.0	0.0	0.0	0.0	0.0	0.0	0.0	0.0	0.0	0.0	0.0	0.0	0.0	0.0	0.0	0.0	0.0	0.0	0.0	0.0	0.0	0.0	0.0	0.0	0.0	0.0	0.0	0.0	0.0	0.0	0.0	0.0	0.0	0.0	0.0	0.0	0.0	0.0	0.0	0.0	0.0	0.0	0.0	0.0	0.0	0.0	0.0	0.0	0.0	0.0	0.0	0.0	0.0	0.0	0.0	0.0	0.0	0.0	0.0	0.0	0.0
883.8042529863005	-4.846616372388212	781109.9575966727	23.48969026110147	878.0171279411811	-9.946067413726382	770914.0769580804	98.9242569983898	812.4440130721873	-3.0098095351843317	660065.2743768404	9.05895343808652	812.3800660944985	879.2845381317138	0.52664	34.388901	0.0814058266624895	0.0447420578029883	0.0121990754	0.0001793258	-0.000637417	0.0228828948	-0.0063119311	-0.0161933078	-0.019416368	-0.0059545658	-0.0049253048	0.0352968811	-0.0123044898	-0.0205733452	0.0249532491	1.27405e-05	-0.009777877	0.0047243228	-0.0014374972	0.0011515508	0.0132680556	0.017187435	-0.0230311351	-0.0022876867	-0.0035927283	-0.0019749372	0.0070186999	0.0010277536	0.0086615804	0.0003825146	0.0003890044	-0.0224928331	-0.0123273694	-0.0128343241	-0.0072987348	0.0029783497	-0.0156195813	0.0031914605	0.0123964691	0.0040152868	0.0089561137	0.0117697946	0.0003534776	-0.0065812248	0.0045242096	-0.0224507211	0.018101689	-0.063466337	0.0806246729	-0.0478736737	0.016836703	0.011746614	0.0010131793	0.0219739813	-0.0209947761	-0.0278790883	-0.0304305735	0.0186077974	-0.0252446255	0.0271913341	0.0035706628	0.0305428093	0.0168208375	0.0149541089	-0.014622754	0.0207291319	-0.0818729053	-0.0579119187	0.0555720611	0.0831501106	-0.0178092284	0.0345663028241602	-0.0081881491679923	6.704578679729299e-05	0.0011948292909315	-0.2460024464132573	-0.0128116852806386	0.0001641392797301	0.0605172036413075	0.2851832111560668	0.0108496139960437	0.0813294639252858	0.0001177141238631	-0.0532379797509299	-0.0002200548344888	4.8424130181936694e-08	0.0028342824879604	0.0007369377532449	7.977818253819991e-05	5.430772521576411e-07	6.364558409098345e-09	0.000961785326068	-0.0006912945473292	4.778881511670836e-07	9.250310134397292e-07	0.0	0.0	0.0	0.0	0.0	0.0	0.0	0.0	0.0	0.0	0.0	0.0	0.0	0.0	0.0	0.0	0.0	0.0	0.0	0.0	0.0	0.0	0.0	0.0	0.0	0.0	0.0	0.0	0.0	0.0	0.0	0.0	0.0	0.0	0.0	0.0	0.0	0.0	0.0	0.0	0.0	0.0	0.0	0.0	0.0	0.0	0.0	0.0	0.0	0.0	0.0	0.0	0.0	0.0	0.0	0.0	0.0	0.0	0.0	0.0	0.0	0.0	0.0	0.0	0.0	0.0	0.0	0.0	0.0	0.0	0.0	0.0	0.0	0.0	0.0	0.0	0.0	0.0	0.0	0.0	0.0	0.0	0.0	0.0	0.0	0.0	0.0	0.0	0.0	0.0	0.0	0.0	0.0	0.0	0.0	0.0	0.0	0.0	0.0	0.0	0.0	0.0	0.0	0.0	0.0	0.0	0.0	0.0	0.0	0.0	0.0	0.0	0.0	0.0	0.0	0.0	0.0	0.0	0.0	0.0	0.0	0.0	0.0	0.0	0.0	0.0	0.0	0.0
890.6632805407266	6.85902755442612	793281.0793035692	47.04625899237677	883.3016484248174	5.284520483636243	780221.8021099997	27.926156741971027	817.3676961053925	4.92368303320518	668089.9506366373	24.24265461147256	816.6559406757699	886.0544921468099	0.606737	39.619114	0.3670222725488186	0.2137201690718848	0.014796822	-0.003682627	0.0103089598	-0.0081531911	-0.0162824301	-0.010062518	-0.0374045287	0.0142306213	-0.0240475104	0.009191995	-0.0075915407	-0.0150963313	0.0021998207	0.0217318619	-0.0223073286	-0.0272335605	-0.0056088442	-0.0023753539	-0.0094261046	0.0186513551	0.0121493597	0.0192029732	-0.0235042304	-0.0117539127	0.0021187053	0.0224539394	0.0213494857	0.0033100645	-0.0276114482	0.0099968246	0.0069720128	0.003122846	-0.0017806217	0.0149142729	-0.0268236742	-0.0177944319	0.0066837409	-0.0122113683	0.021261001	0.0118202347	0.0025373177	-0.0078310724	0.0040303084	-0.0496979993	0.0218914629	-0.0472996832	0.0682989142	-0.040061397	0.006326269	-0.0140555298	0.005384927	0.0078640484	-0.032476439	-0.0262146944	-0.0370256067	0.0161664561	-0.0054709872	0.0093585146	-0.0083884168	0.0064744492	0.0026377805	0.0288395592	-0.0066361538	0.0195636596	-0.0829017503	-0.0550968674	0.0592862243	0.0805080284	-0.0247790096	0.0308454561802875	-0.0037208466438726	1.384469974721872e-05	0.00095144216697	-0.2901522316783058	-0.0441497852650484	0.0019492035389498	0.0841883175479012	0.1767813309014343	-0.1084018802546325	0.0312516389552824	0.0117509676427396	-0.0498264390302907	0.0034115407206391	1.1638610088579424e-05	0.0024826740264392	0.0011731314394678	0.0004361936862229	1.3762373742677923e-06	1.9026493190072184e-07	0.0013290461269112	0.0003672608008432	1.3488049583598864e-07	1.7663636074576616e-06	0.0	0.0	0.0	0.0	0.0	0.0	0.0	0.0	0.0	0.0	0.0	0.0	0.0	0.0	0.0	0.0	0.0	0.0	0.0	0.0	0.0	0.0	0.0	0.0	0.0	0.0	0.0	0.0	0.0	0.0	0.0	0.0	0.0	0.0	0.0	0.0	0.0	0.0	0.0	0.0	0.0	0.0	0.0	0.0	0.0	0.0	0.0	0.0	0.0	0.0	0.0	0.0	0.0	0.0	0.0	0.0	0.0	0.0	0.0	0.0	0.0	0.0	0.0	0.0	0.0	0.0	0.0	0.0	0.0	0.0	0.0	0.0	0.0	0.0	0.0	0.0	0.0	0.0	0.0	0.0	0.0	0.0	0.0	0.0	0.0	0.0	0.0	0.0	0.0	0.0	0.0	0.0	0.0	0.0	0.0	0.0	0.0	0.0	0.0	0.0	0.0	0.0	0.0	0.0	0.0	0.0	0.0	0.0	0.0	0.0	0.0	0.0	0.0	0.0	0.0	0.0	0.0	0.0	0.0	0.0	0.0	0.0	0.0	0.0	0.0	0.0	0.0	0.0
885.7779128954826	-4.88536764524406	784602.5109734772	23.866817029197488	875.4421884115641	-7.859460013253283	766399.0252508285	61.771111699927296	815.3604670462848	-2.007229059107658	664812.6912219358	4.028968495726214	813.9304049830461	877.4411110687256	0.742303	48.471409	0.7061283569441099	0.4375245936914111	0.0080811783	0.0076570348	0.000304118	0.0251445496	-0.0103145399	-0.0572294474	-0.0302279701	-0.0264383409	-0.0411973876	0.0114945273	-0.0357838579	0.012790481	0.0222700712	0.0194120878	-0.0180637009	-0.0142452032	0.0165491916	0.0041754263	0.0143850302	-0.0075753061	-0.0174934075	0.0127942779	-0.0269898279	0.0041757054	-0.0292642508	0.0164857557	0.015627311	0.0115772009	-0.0099584379	-0.0232540717	-0.024337318	0.0200393466	-0.0088033291	-0.0091096453	-0.0170882458	-0.0007293586	0.0105956131	0.0007247712	-0.039915249	0.0114199185	-0.0006628633	-0.0050179445	0.0102179321	0.0081254587	-0.0016464602	-0.0155660052	0.028039973	-0.014524288	0.0032556613	0.0029138735	0.0003210711	-0.0031674677	-0.0170905294	-0.0156997476	0.0118495645	-0.0060319907	0.013586955	0.0057851106	-0.004794298	-0.0046837708	0.0111611994	5.65222e-05	-0.0085057309	0.0183948351	-0.0838737786	-0.0521968607	0.0628378881	0.0775211985	-0.0315960199	0.0283799747502939	-0.0024654814299936	6.078598681643296e-06	0.0008054229668273	-0.2372787654150983	0.0528734662632074	0.0027956034346865	0.0563012125169132	0.4014767644441832	0.2246954335427488	0.1611835923885701	0.0504880378549638	-0.0423828712679015	0.0074435677623891	5.540670103327974e-05	0.0017963077769115	0.0006616360696338	-0.000511495369834	4.377622886404626e-07	2.616275133616205e-07	0.0018958625088512	0.00056681638194	3.212808108355519e-07	3.5942946524675665e-06	0.0	0.0	0.0	0.0	0.0	0.0	0.0	0.0	0.0	0.0	0.0	0.0	0.0	0.0	0.0	0.0	0.0	0.0	0.0	0.0	0.0	0.0	0.0	0.0	0.0	0.0	0.0	0.0	0.0	0.0	0.0	0.0	0.0	0.0	0.0	0.0	0.0	0.0	1.0	0.0	0.0	0.0	0.0	0.0	0.0	0.0	0.0	0.0	0.0	0.0	0.0	0.0	0.0	0.0	0.0	0.0	0.0	0.0	0.0	0.0	0.0	0.0	0.0	0.0	0.0	0.0	0.0	0.0	0.0	0.0	0.0	0.0	0.0	0.0	0.0	0.0	0.0	0.0	0.0	0.0	0.0	0.0	0.0	0.0	0.0	0.0	0.0	0.0	0.0	0.0	0.0	0.0	0.0	0.0	0.0	0.0	0.0	0.0	0.0	0.0	0.0	0.0	0.0	0.0	0.0	0.0	0.0	0.0	0.0	0.0	0.0	0.0	0.0	0.0	0.0	0.0	0.0	0.0	0.0	0.0	0.0	0.0	0.0	0.0	0.0	0.0	0.0	0.0
894.1940937750439	8.416180879561352	799583.077342172	70.8321005974941	890.7152023810845	15.273013969520434	793373.5717527764	233.26495571316636	815.9651552613935	0.6046882151086947	665799.13460075	0.3656478374913391	814.7314647969696	900.372540262858	0.745128	48.655876	0.4738409279057402	0.3456764516132943	0.0192330693	0.0008588596	0.0191715259	-0.0356248189	0.0246767719	-0.0086616402	-0.0098507023	0.0216298882	-0.0175696133	-0.0303287687	-0.0275870212	0.0232272108	-0.0415322013	0.024375768	-0.0274455974	0.0207128427	-0.0077935625	-0.0302773485	-0.004774198	-0.009898059	0.0455097131	-0.0472772103	0.0073788263	0.0133242042	0.0073613861	0.0223310129	0.0306093142	-0.0123804893	0.0244082845	0.0387601689	0.0071952732	-0.0070617257	0.0139312622	0.0196277188	0.0462398239	-0.0274934276	-0.0065685826	-0.0071161425	0.0106216785	0.0106848428	0.0073995229	-0.0007680583	0.0192636166	0.0258558294	-0.0327572991	-0.030498366	0.0586776028	-0.0207229755	0.0084233382	-0.0305076431	-0.0110634265	-0.0341987417	-0.0365711818	-0.0116184349	0.034708306	0.0072375833	0.0009276151	0.0233549569	-0.0122440405	0.024890675	0.0263050829	-0.0087921343	0.0046273342	0.0172228587	-0.084788324	-0.0492163702	0.0662173176	0.0742024108	-0.0382182304	0.0189799138624948	-0.0094000608877991	8.83611446943304e-05	0.0003602371302277	-0.234541988197094	0.0027367772180043	7.489949540987383e-06	0.0550099442274457	0.0575688251307013	-0.3439079393134818	0.0033141696269292	0.1182726707228455	-0.0438488022124782	-0.0014659309445766	2.1489535342675323e-06	0.001922717455469	0.0003134736037477	-0.0003481624658861	9.826570024657005e-08	1.2121710265188973e-07	0.0013540329095849	-0.0005418295992663	2.935793146410793e-07	1.83340512023895e-06	0.0	0.0	0.0	0.0	0.0	0.0	0.0	0.0	0.0	0.0	0.0	0.0	0.0	0.0	0.0	0.0	0.0	0.0	0.0	0.0	0.0	0.0	0.0	0.0	0.0	0.0	0.0	0.0	0.0	0.0	0.0	0.0	0.0	0.0	0.0	0.0	0.0	0.0	0.0	0.0	0.0	0.0	0.0	0.0	0.0	0.0	0.0	0.0	0.0	0.0	0.0	0.0	0.0	0.0	0.0	0.0	0.0	0.0	0.0	0.0	0.0	0.0	0.0	0.0	0.0	0.0	0.0	0.0	0.0	0.0	0.0	0.0	0.0	0.0	0.0	0.0	0.0	0.0	0.0	0.0	0.0	0.0	0.0	0.0	0.0	0.0	0.0	0.0	0.0	0.0	0.0	0.0	0.0	0.0	0.0	0.0	0.0	0.0	0.0	0.0	0.0	0.0	0.0	0.0	0.0	0.0	0.0	0.0	0.0	0.0	0.0	0.0	0.0	0.0	0.0	0.0	0.0	0.0	0.0	0.0	0.0	0.0	0.0	0.0	0.0	0.0	0.0	0.0
893.1142087017969	-1.0798850732470555	797652.9897850368	1.1661517714217984	887.3750188753203	-3.34018350576423	787434.424123975	11.156825852179423	816.1822559321405	0.2171006707469587	666153.4748984781	0.0471327012387793	815.2745315430394	901.2429575042725	0.679038	44.340263	0.2030078153135952	0.0991052894421183	0.0197360543	-0.0018069579	0.0092796106	-0.0163207147	0.0287821589	0.0344670903	-0.0146199214	0.0112928465	0.0055694707	-0.0224406443	-0.0103185234	0.0271931045	-0.0437552131	0.0251408967	-0.0137483231	-0.014162319	0.0020532218	-0.015371245	0.017114202	0.0054265649	-0.0110843498	0.0228301003	0.0063243685	0.0045607993	-0.004463177	0.0247147842	0.0151026847	0.0012279717	-0.0095059683	0.0124494895	-0.009353339	0.0039099756	0.0067027221	0.0148671861	-0.008816324	-0.0013285304	0.0171759697	-0.0051215916	0.0097596923	0.0154145712	-0.0021082174	-0.0023725775	0.0161711173	0.0206607393	-0.0316504552	-0.0273951825	0.0495670961	-0.0193062425	-0.0080113566	-0.0328185173	0.0013720909	-0.0290635843	-0.0201997859	-0.0279998923	-0.0176837075	0.0101579728	-0.0049831458	0.0131891915	-0.0028557168	0.014071805	0.0161950454	0.0090408815	-0.0080016319	0.0160479313	-0.0856447597	-0.0461599916	0.06941525	0.0705658771	-0.0446048127	0.0449910379004734	0.0260111240379786	0.0006765785737191	0.0020241934913618	-0.286403255384954	-0.0518612671878599	0.0026895910343306	0.0820268246950991	0.0582364469828178	0.0006676218521164	0.0033914837571825	4.4571893742346005e-07	-0.0430664677571294	0.0007823344553488	6.120472000259081e-07	0.0018547206450758	-0.0011807717268521	-0.0014942453305997	1.3942218709332902e-06	2.2327691080193054e-06	0.0015668091683491	0.0002127762587641	4.5273736293689796e-08	2.4548909700227984e-06	0.0	0.0	0.0	0.0	0.0	0.0	0.0	0.0	0.0	0.0	0.0	0.0	0.0	0.0	0.0	0.0	0.0	0.0	0.0	0.0	0.0	0.0	0.0	0.0	0.0	0.0	0.0	0.0	0.0	0.0	0.0	0.0	0.0	0.0	0.0	0.0	0.0	0.0	0.0	0.0	0.0	0.0	0.0	0.0	0.0	0.0	0.0	0.0	0.0	0.0	0.0	0.0	0.0	0.0	0.0	0.0	0.0	0.0	0.0	0.0	0.0	0.0	0.0	0.0	0.0	0.0	0.0	0.0	0.0	0.0	0.0	0.0	0.0	0.0	0.0	0.0	0.0	0.0	0.0	0.0	0.0	0.0	0.0	0.0	0.0	0.0	0.0	0.0	0.0	0.0	0.0	0.0	0.0	0.0	0.0	0.0	0.0	0.0	0.0	0.0	0.0	0.0	0.0	0.0	0.0	0.0	0.0	0.0	0.0	0.0	0.0	0.0	0.0	0.0	0.0	0.0	0.0	0.0	0.0	0.0	0.0	0.0	0.0	0.0	0.0	0.0	0.0	0.0
892.5807639279658	-0.5334447738310928	796700.420134231	0.2845633267277057	898.0524761150409	10.677457239720638	806498.2498563562	114.00809310606267	818.6744664536228	2.4922105214823205	670227.882023124	6.21111328338718	818.5676153462948	902.6879919637043	0.604012	39.441177	0.415190838971704	0.2061070499774085	0.0211157734	-0.0035643565	0.0324856644	-0.0357415288	0.03232803	0.027954826	-0.0258533648	0.0180929799	-0.0003505421	-0.0271850792	0.0150111556	0.0372035085	-0.0418273238	0.0381171502	-0.0242861363	-0.0076121253	0.0101164434	-0.0199291239	0.0155109652	-0.0101704271	0.0216367267	-0.0085733169	-0.0115809939	-0.0018834581	0.0072266887	0.0380958173	0.0252875489	0.0102620617	-0.0069456775	0.0190483231	-0.0133497893	0.0137045019	0.0117861444	0.0210756155	0.0014399114	-0.0135323441	0.00816806	-0.0075127745	0.01437539	0.01375883	0.0029084161	-0.0022737728	0.0122332807	0.0080651079	-0.0235250552	-0.0406412658	0.0704162314	-0.0347151274	0.0045652506	-0.0370116122	-0.0033366145	-0.0250433731	-0.0412513928	-0.0217647508	-0.0042122216	-0.0044321858	0.0012408499	-0.0010967279	-0.0080502989	0.0108192984	0.0162464381	0.0065761482	-0.0001239519	0.0148702542	-0.0864424987	-0.0430324377	0.0724229201	0.0666271694	-0.0507163915	-0.0139068678723788	-0.0588979057728522	0.0034689633044277	0.0001934009740198	-0.2386639035085664	0.0477393518763875	0.0022790457175775	0.0569604588379462	0.0379858154083336	-0.0202506315744841	0.0014429221722359	0.0004100880791654	-0.0446896170476467	-0.0016231492905173	2.634613619306821e-06	0.0019971618718653	-0.0002567248967941	0.000924046830058	6.590767263394128e-08	8.538625441402382e-07	-0.0016520537060352	-0.0032188628743843	1.0361078204089558e-05	2.729281447624639e-06	0.0	0.0	0.0	0.0	0.0	0.0	0.0	0.0	0.0	0.0	0.0	0.0	0.0	0.0	0.0	0.0	0.0	0.0	0.0	0.0	0.0	0.0	0.0	0.0	0.0	0.0	0.0	0.0	0.0	0.0	0.0	0.0	0.0	0.0	0.0	0.0	0.0	0.0	0.0	0.0	0.0	0.0	0.0	0.0	0.0	0.0	0.0	0.0	0.0	0.0	0.0	0.0	0.0	0.0	0.0	0.0	0.0	0.0	0.0	0.0	0.0	0.0	0.0	0.0	0.0	0.0	0.0	0.0	0.0	0.0	0.0	0.0	0.0	0.0	0.0	0.0	0.0	0.0	0.0	0.0	0.0	0.0	0.0	0.0	0.0	0.0	0.0	0.0	0.0	0.0	0.0	0.0	0.0	0.0	0.0	0.0	0.0	0.0	0.0	0.0	0.0	0.0	0.0	0.0	0.0	0.0	0.0	0.0	0.0	0.0	0.0	0.0	0.0	0.0	0.0	0.0	0.0	0.0	0.0	0.0	0.0	0.0	0.0	0.0	0.0	0.0	0.0	0.0
887.7657967690002	-4.814967158965601	788128.1099128977	23.18390874191727	896.8689960876069	-1.1834800274340296	804373.9961431918	1.400624975335251	816.2699607543318	-2.404505699291008	666296.6488298784	5.781647657922938	817.5786186212745	888.4119365437825	0.611879	39.954906	0.771443311069089	0.387415864978272	0.01760199	0.0037240481	0.0420970042	0.0018779783	0.0285286484	0.0266906626	-0.0286797034	-0.0104246342	0.0208184238	-0.0031130387	-0.0079465098	0.0212186256	0.0100469201	0.0337176352	-0.0045372926	0.0156167157	0.0209208143	0.0037020658	0.0058199896	-0.0238402545	0.000911337	0.0027298819	0.0119410563	-0.0100378832	0.0064104363	0.0362120365	0.0033182888	0.0188221086	0.0180354672	-0.0072636175	-0.0123733668	0.0148732928	0.005921644	0.0043151394	-0.0027252836	0.00619265	0.0043383415	-0.0078547714	0.0182137654	0.0164157949	-0.0012405312	-0.0087300182	0.0164090185	0.027944695	-0.0234528121	-0.0384840653	0.0588748074	-0.0151308336	0.0038306388	-0.0355175191	0.0008832936	-0.0264109444	-0.0154898133	-0.0040456406	0.0349219206	-0.0334747834	-0.0041526043	-0.0128168076	0.0324954594	0.0204841736	0.0055418702	-0.0261659386	0.0182913849	0.0136900291	-0.0871809944	-0.0398385309	0.075232084	0.062403154	-0.0565152869	-0.0754239682604804	-0.0615171003881016	0.0037843536401597	0.0056887749881579	-0.2407824741888617	-0.0021185706802953	4.488341727406917e-06	0.0579761998765098	-0.0642906560156433	-0.1022764714239768	0.0041332884509217	0.0104604766069395	-0.0406482611978187	0.004041355849828	1.633255710493902e-05	0.001652281138406	0.0028721727253278	0.0031288976221219	8.249376164116923e-06	9.79000032972008e-06	-0.0065924236056196	-0.0049403698995844	2.4407254744719573e-05	4.346004899593052e-05	0.0	0.0	0.0	0.0	0.0	0.0	0.0	0.0	0.0	0.0	0.0	0.0	0.0	0.0	0.0	0.0	0.0	0.0	0.0	0.0	0.0	0.0	0.0	0.0	0.0	0.0	0.0	0.0	0.0	0.0	0.0	0.0	0.0	0.0	0.0	0.0	0.0	0.0	0.0	1.0	0.0	0.0	0.0	0.0	0.0	0.0	0.0	0.0	0.0	0.0	0.0	0.0	0.0	0.0	0.0	0.0	0.0	0.0	0.0	0.0	0.0	0.0	0.0	0.0	0.0	0.0	0.0	0.0	0.0	0.0	0.0	0.0	0.0	0.0	0.0	0.0	0.0	0.0	0.0	0.0	0.0	0.0	0.0	0.0	0.0	0.0	0.0	0.0	0.0	0.0	0.0	0.0	0.0	0.0	0.0	0.0	0.0	0.0	0.0	0.0	0.0	0.0	0.0	0.0	0.0	0.0	0.0	0.0	0.0	0.0	0.0	0.0	0.0	0.0	0.0	0.0	0.0	0.0	0.0	0.0	0.0	0.0	0.0	0.0	0.0	0.0	0.0	0.0
888.1540553765018	0.3882586075015979	788817.6260817262	0.1507447462990798	888.6995699993976	-8.16942608820932	789786.9257171141	66.73952261071504	814.3768487442189	-1.893112010112873	663209.6517705645	3.5838730828336014	813.8820595786094	884.3062499186198	0.572533	37.385674	0.2264354438254197	0.1267921203358864	0.0183025723	0.0064590259	0.0277374499	-0.0081012727	0.0109271531	0.0174726666	-0.0250148278	0.0224077263	0.0155423445	0.02954811	-0.0478062597	-0.0319072274	0.0304854394	0.023127982	-0.0132226492	0.0146783168	0.0054869205	-0.0055035073	-0.000420854	-0.0218859846	0.0290763752	-0.0390601677	0.0017286008	0.0059700845	0.0181746036	0.0227706564	0.0138232752	0.0008949533	0.0145045217	0.0088006507	0.0007838346	-0.0041002868	0.0071055611	0.0019189973	0.0316948627	-0.0219505009	-0.00193468	0.0035225615	0.0245541307	0.0196935151	0.0070341747	-0.008189726	0.01318401	0.0420653202	-0.0174106626	-0.0431298445	0.073818961	-0.0296225652	0.018363855	-0.0294621115	-0.0014501494	-0.0138138792	-0.0198338419	-0.0177357406	0.0242008041	-0.0191403095	0.0035351478	0.0107932092	0.0150033025	0.0313297574	0.0194215546	-0.0102328477	0.0114010378	0.0125074584	-0.0878597406	-0.036583196	0.0778350419	0.0579119187	-0.0619657467	-0.0508131406600114	0.0246108276004689	0.00060569283518	0.0025819752637341	-0.2475541387875921	-0.0067716645987304	4.585544143769867e-05	0.0612830516308664	-0.0504316360771781	0.0138590199384651	0.0025433499174209	0.0001920724336547	-0.0417199969448974	-0.0010717357470787	1.148617511566343e-06	0.0017405581450822	0.0023673287802232	-0.0005048439451046	5.604245553673064e-06	2.548674089087765e-07	-0.0045451246640478	0.0020472989415718	4.191432956161012e-06	2.0658158211735624e-05	0.0	0.0	0.0	0.0	0.0	0.0	0.0	0.0	0.0	0.0	0.0	0.0	0.0	0.0	0.0	0.0	0.0	0.0	0.0	0.0	0.0	0.0	0.0	0.0	0.0	0.0	0.0	0.0	0.0	0.0	0.0	0.0	0.0	0.0	0.0	0.0	0.0	0.0	0.0	0.0	0.0	0.0	0.0	0.0	0.0	0.0	0.0	0.0	0.0	0.0	0.0	0.0	0.0	0.0	0.0	0.0	0.0	0.0	0.0	0.0	0.0	0.0	0.0	0.0	0.0	0.0	0.0	0.0	0.0	0.0	0.0	0.0	0.0	0.0	0.0	0.0	0.0	0.0	0.0	0.0	0.0	0.0	0.0	0.0	0.0	0.0	0.0	0.0	0.0	0.0	0.0	0.0	0.0	0.0	0.0	0.0	0.0	0.0	0.0	0.0	0.0	0.0	0.0	0.0	0.0	0.0	0.0	0.0	0.0	0.0	0.0	0.0	0.0	0.0	0.0	0.0	0.0	0.0	0.0	0.0	0.0	0.0	0.0	0.0	0.0	0.0	0.0	0.0
886.7868631762085	-1.3671922002932888	786390.9407018996	1.8692145125428044	879.6164112834188	-9.083158715978811	773725.0309991206	82.50377225966184	812.5476125656395	-1.8292361785794355	660233.6226861206	3.3461049970238967	812.1939623343798	881.4785364837646	0.546335	35.674927	0.2698258719392205	0.1632253951274101	0.0175706768	0.0069169488	0.0229721492	0.0068493176	-0.0119120785	-0.0117611748	-0.0328222315	0.0107979481	-0.0206120391	0.0215347968	-0.0143365632	-0.010240649	0.0079558251	0.0195492301	0.0026451188	0.0124217446	0.0007560776	0.0064207853	0.0181023557	-0.0182052464	-0.0109000136	-0.0053682114	-0.0036269317	-0.000191997	0.0183884692	0.0200093509	-0.0007674119	0.0005260298	0.0140397523	-0.0082992197	-0.011490791	0.0148226617	0.0005723935	0.0042416522	0.0012816383	-0.0112816527	0.0199107189	0.0139855008	0.0005366227	0.0169075523	-0.0010549651	-0.0051414225	0.0123805579	0.041113248	-0.0242425438	-0.0323141987	0.0593133789	-0.0220677799	0.0049386551	-0.0384284523	0.000890499	-0.0177833896	-0.0251980624	-0.025313856	0.005105681	-0.0125586198	0.0004546659	0.0028398293	0.0154847683	0.0168940417	0.0102653764	-0.0093491503	0.0058454955	0.0113227445	-0.0884782721	-0.0332714524	0.0802246594	0.0531726956	-0.0670341672	-0.0082366254347618	0.0425765152252496	0.0018127596487259	6.784199855256502e-05	-0.2361650881957615	0.0113890505918305	0.0001297104733832	0.0557739488825118	-0.0278771593267777	0.0225544767504004	0.0007771360121305	0.0005087044214843	-0.0418240041352055	-0.000104007190308	1.0817495635785092e-08	0.0017492473219016	0.0013487476406539	-0.0010185811395693	1.8191201981694613e-06	1.037507537886294e-06	-0.0018015964064904	0.0027435282575573	7.526947300015939e-06	3.245749611879123e-06	0.0	0.0	0.0	0.0	0.0	0.0	0.0	0.0	0.0	0.0	0.0	0.0	0.0	0.0	0.0	0.0	0.0	0.0	0.0	0.0	0.0	0.0	0.0	0.0	0.0	0.0	0.0	0.0	0.0	0.0	0.0	0.0	0.0	0.0	0.0	0.0	0.0	0.0	0.0	0.0	0.0	0.0	0.0	0.0	0.0	0.0	0.0	0.0	0.0	0.0	0.0	0.0	0.0	0.0	0.0	0.0	0.0	0.0	0.0	0.0	0.0	0.0	0.0	0.0	0.0	0.0	0.0	0.0	0.0	0.0	0.0	0.0	0.0	0.0	0.0	0.0	0.0	0.0	0.0	0.0	0.0	0.0	0.0	0.0	0.0	0.0	0.0	0.0	0.0	0.0	0.0	0.0	0.0	0.0	0.0	0.0	0.0	0.0	0.0	0.0	0.0	0.0	0.0	0.0	0.0	0.0	0.0	0.0	0.0	0.0	0.0	0.0	0.0	0.0	0.0	0.0	0.0	0.0	0.0	0.0	0.0	0.0	0.0	0.0	0.0	0.0	0.0	0.0
892.3049700321901	5.518106855981614	796208.1595441477	30.449503274031294	891.1746151911748	11.558203907756024	794192.1947611384	133.59207757326664	818.0679645597138	5.520351994074304	669235.1946388731	30.47428613848014	818.1487212274183	882.4985110168457	0.610085	39.837772	0.3488912408574736	0.1789818427389252	0.01911627	0.0102191833	0.0335495926	-0.0134101263	0.0255725788	-0.004448401	-0.0123913448	0.0047780906	-0.0008388369	-0.0051760331	-0.0414454891	-0.0025311121	-0.0272177484	0.0430506652	-0.0150896004	0.0013860268	0.004863471	-0.01575362	-0.0068964868	-0.0113091418	0.0264988692	-0.0014521802	-0.0286247935	0.0016525665	0.0044667977	0.0438895693	0.021241741	0.0008251141	0.0058944173	0.026619741	-0.0155338336	0.0188246979	-0.0034592269	0.0242835438	-0.0024253628	-0.028220855	-0.0020300224	-0.0004857546	0.0094259891	0.0166896674	0.0045439191	-0.0043906863	0.0204029833	-0.0049213994	-0.019003885	-0.0051019567	0.0429136156	-0.0162242476	-0.0015950599	-0.0727358291	-0.0045171222	-0.0424348382	-0.04074686	-0.0008694738	-0.0044992494	0.0003484617	0.0196100924	0.0081745899	-0.0257554154	0.005398558	-0.0045989005	0.0241644526	0.0004194543	0.0101360905	-0.089036165	-0.0299084066	0.0823943867	0.0482057789	-0.0716892996	0.0029299193431882	0.01116654477795	0.0001246917222779	8.584427357588373e-06	-0.2520301029043992	-0.0158650147086376	0.0002516986917052	0.063519172770002	-0.1552638297370236	-0.1273866704102459	0.0241068568246074	0.0162273637982086	-0.040554126666986	0.0012698774682195	1.6125887842915684e-06	0.0016446371897219	0.0002149851022741	-0.0011337625383798	4.6218594199805234e-08	1.2854174934334071e-06	-0.0003157761938769	0.0014858202126135	2.2076617042108266e-06	9.971460461938152e-08	0.0	0.0	0.0	0.0	0.0	0.0	0.0	0.0	0.0	0.0	0.0	0.0	0.0	0.0	0.0	0.0	0.0	0.0	0.0	0.0	0.0	0.0	0.0	0.0	0.0	0.0	0.0	0.0	0.0	0.0	0.0	0.0	0.0	0.0	0.0	0.0	0.0	0.0	0.0	0.0	0.0	0.0	0.0	0.0	0.0	0.0	0.0	0.0	0.0	0.0	0.0	0.0	0.0	0.0	0.0	0.0	0.0	0.0	0.0	0.0	0.0	0.0	0.0	0.0	0.0	0.0	0.0	0.0	0.0	0.0	0.0	0.0	0.0	0.0	0.0	0.0	0.0	0.0	0.0	0.0	0.0	0.0	0.0	0.0	0.0	0.0	0.0	0.0	0.0	0.0	0.0	0.0	0.0	0.0	0.0	0.0	0.0	0.0	0.0	0.0	0.0	0.0	0.0	0.0	0.0	0.0	0.0	0.0	0.0	0.0	0.0	0.0	0.0	0.0	0.0	0.0	0.0	0.0	0.0	0.0	0.0	0.0	0.0	0.0	0.0	0.0	0.0	0.0
892.7963515309345	0.4913814987444311	797085.325306948	0.2414557773083234	894.3915090189352	3.216893827760373	799936.171405168	10.348405899082785	816.8587310885109	-1.2092334712028787	667258.1865555322	1.4622455878773633	815.4602496960158	892.7658224232991	0.635146	41.474228	0.3917170204123957	0.2936503141228862	0.0229615927	-0.0007747234	0.033575976	-0.0001289292	0.0466057732	0.0313083297	-0.0116516588	0.0286859774	-0.0312954016	-0.0096201976	-0.009804732	0.0240033198	-0.0237114875	0.0417697888	-0.0044847964	0.0198056882	0.0063166336	0.0273691532	-0.004451375	-0.0181321137	-0.0081308151	0.0010691023	-0.0259263908	-1.32879e-05	0.0136974605	0.0406242984	0.0042942887	0.0013764957	0.0195537227	-0.018346143	0.0126289956	0.0121609967	-0.0026769347	-0.008209087	-0.0024687853	-0.0282952749	0.0183943632	-0.0066516055	0.0048194552	0.0180160469	0.0011000259	-0.0048065425	0.0188536953	0.0602653622	-0.0326446037	-0.0573098508	0.085512462	-0.0442608743	0.012618026	-0.0237180929	-0.0082354592	-0.0309346262	-0.0573712962	-0.0375145025	0.0049489071	-0.0015164043	-0.0134073119	0.0312856798	-0.0014557325	0.0531211646	0.0385147698	-0.0041827069	-0.0028489798	0.0089476998	-0.089533037	-0.0264992443	0.0843382767	0.0430324377	-0.0759024438	0.0336850807599518	0.0307551614167636	0.0009458799537711	0.0011346846658044	-0.2573328366978131	-0.0053027337934138	2.811898568381371e-05	0.0662201888429433	-0.0910755491050139	0.0641882806320097	0.0082947556447798	0.0041201353704936	-0.0460592586610438	-0.0055051319940578	3.0306478271998863e-05	0.0021214553084049	0.0003152753401314	0.0001002902378573	9.939854009496997e-08	1.0058131809473811e-08	-9.178153438783518e-05	0.000223994659489	5.0173607479622083e-08	8.42385005458537e-09	0.0	0.0	0.0	0.0	0.0	0.0	0.0	0.0	0.0	0.0	0.0	0.0	0.0	0.0	0.0	0.0	0.0	0.0	0.0	0.0	0.0	0.0	0.0	0.0	0.0	0.0	0.0	0.0	0.0	0.0	0.0	0.0	0.0	0.0	0.0	0.0	0.0	0.0	0.0	0.0	0.0	0.0	0.0	0.0	0.0	0.0	0.0	0.0	0.0	0.0	0.0	0.0	0.0	0.0	0.0	0.0	0.0	0.0	0.0	0.0	0.0	0.0	0.0	0.0	0.0	0.0	0.0	0.0	0.0	0.0	0.0	0.0	0.0	0.0	0.0	0.0	0.0	0.0	0.0	0.0	0.0	0.0	0.0	0.0	0.0	0.0	0.0	0.0	0.0	0.0	0.0	0.0	0.0	0.0	0.0	0.0	0.0	0.0	0.0	0.0	0.0	0.0	0.0	0.0	0.0	0.0	0.0	0.0	0.0	0.0	0.0	0.0	0.0	0.0	0.0	0.0	0.0	0.0	0.0	0.0	0.0	0.0	0.0	0.0	0.0	0.0	0.0	0.0
891.9678563240151	-0.828495206919456	795606.6567152588	0.6864043078885123	892.0391734730114	-2.352335545923779	795733.8870104132	5.533482520616524	817.304649549055	0.4459184605440214	667986.8901745036	0.1988432734539499	816.8118457366656	895.5885232950847	0.650808	42.496925	0.1946154991348987	0.1059210220974334	0.0219609827	0.004080822	0.0407453702	-0.0226021605	0.0091357099	0.0129284156	-0.0162025223	0.0138564075	-0.0226673412	-0.0166093585	-0.0021440255	0.052085269	-0.0289882283	0.0399712949	-0.0089711127	-0.0192988872	-0.0019641026	-0.0116946737	0.0103870798	0.0183591127	0.0267418215	0.0211050426	-0.0103722295	0.0115298224	0.0019544735	0.0414328175	0.0154788676	0.004195205	-0.0147374514	0.0238192027	0.0014831087	-0.0056780656	0.0164149789	0.0146558375	-0.0206051403	-0.0181387317	-0.0022298892	-0.0014953403	0.0194227069	0.0154962254	0.0066360272	-0.0080944506	0.0149181267	0.0046396243	-0.0132988111	-0.0271081919	0.0682054137	-0.0415723345	0.0095452486	-0.0547162951	-0.0040630785	-0.0418812819	-0.0495820983	-0.0201888409	-0.0241379066	0.0020632897	0.021297213	0.0031808111	-0.0054301536	0.0008782565	0.0104221547	0.0230711964	0.0006539486	0.0077577759	-0.0899685475	-0.0230492221	0.0860510014	0.037674825	-0.0796476241	0.0138071001670141	-0.0198779805929377	0.0003951341124532	0.0001906360150219	-0.2571181729410483	0.0002146637567648	4.6080528468386366e-08	0.0661097548565428	-0.0203385580868911	0.0707369910181228	0.0004136569450538	0.0050037218982979	-0.0446558876263291	0.0014033710347147	1.9694502610762184e-06	0.0019941482996953	-0.0003279679676984	-0.0006432433078298	1.0756298783621877e-07	4.137619530678229e-07	-0.0001208844671848	-2.9102932796964823e-05	8.469806973846509e-10	1.4613054406552988e-08	0.0	0.0	0.0	0.0	0.0	0.0	0.0	0.0	0.0	0.0	0.0	0.0	0.0	0.0	0.0	0.0	0.0	0.0	0.0	0.0	0.0	0.0	0.0	0.0	0.0	0.0	0.0	0.0	0.0	0.0	0.0	0.0	0.0	0.0	0.0	0.0	0.0	0.0	0.0	0.0	0.0	0.0	0.0	0.0	0.0	0.0	0.0	0.0	0.0	0.0	0.0	0.0	0.0	0.0	0.0	0.0	0.0	0.0	0.0	0.0	0.0	0.0	0.0	0.0	0.0	0.0	0.0	0.0	0.0	0.0	0.0	0.0	0.0	0.0	0.0	0.0	0.0	0.0	0.0	0.0	0.0	0.0	0.0	0.0	0.0	0.0	0.0	0.0	0.0	0.0	0.0	0.0	0.0	0.0	0.0	0.0	0.0	0.0	0.0	0.0	0.0	0.0	0.0	0.0	0.0	0.0	0.0	0.0	0.0	0.0	0.0	0.0	0.0	0.0	0.0	0.0	0.0	0.0	0.0	0.0	0.0	0.0	0.0	0.0	0.0	0.0	0.0	0.0
873.5937784618698	-18.374077862145327	763166.0897672864	337.606737284179	892.5668065455053	0.5276330724939271	796675.5041468415	0.2783966591893817	810.546171433389	-6.75847811566598	656985.0960253248	45.67702643993598	812.1935601334424	843.5051932779947	1.214612	79.31256899999998	1.9482808635862825	1.4712224769635076	-0.00154365	0.0158268709	0.0515453173	0.047451084	0.0522750256	-0.0021059431	0.1005407864	-0.079265308	0.0932895207	0.0224800902	0.0647002619	-0.0406887932	0.1017025404	0.0155083891	0.0089412584	0.0053051153	0.0203902421	0.0307671637	-0.0065011425	-0.0258759922	-0.0206353215	0.0412683808	-0.0149368277	-0.0101927644	-0.0454104051	0.0211913226	-0.0011481838	0.0194093215	0.0084270414	-0.0206447543	-0.0181668668	0.0119012333	0.0222135463	-0.0546130496	-0.0374741089	0.0013676651	-0.0560187069	0.0087144086	0.0337812902	0.0033474543	0.0028635352	0.0124435796	0.0201024582	-0.0839091791	-0.0549865239	0.0650435516	-0.0847927345	0.0915556681	-0.0483336536	-0.0551994456	0.0391502286	0.0438355975	0.0969115188	0.0161125991	-0.0480199742	0.0142280581	-0.0134950944	-0.0128668004	0.0172232756	-0.0057064653	-0.0026023074	0.028308086	-0.0079682943	0.0065665228	-0.0903423981	-0.0195636596	0.0875278662	0.0321558829	-0.0829017503	0.034520279263944	0.0207131790969299	0.0004290357883014	0.0011916496804606	-0.0832413413437507	0.1738768315972975	0.0302331525663149	0.0069291209087068	-0.3800719549989111	-0.35973339691202	0.1444546909766943	0.1294081168538609	-0.0176188260025654	0.0270370616237636	0.0007310027012471	0.0003104230297086	-0.0007462255443624	-0.000418257576664	5.568525630589602e-07	1.749394004368418e-07	0.0003029454519882	0.000423829919173	1.7963180038619175e-07	9.17759468803348e-08	0.0	0.0	0.0	0.0	0.0	0.0	0.0	0.0	0.0	0.0	0.0	0.0	0.0	0.0	0.0	0.0	0.0	0.0	0.0	0.0	0.0	0.0	0.0	0.0	0.0	0.0	0.0	0.0	0.0	0.0	0.0	0.0	0.0	0.0	0.0	0.0	0.0	0.0	0.0	0.0	1.0	0.0	0.0	0.0	0.0	0.0	0.0	0.0	0.0	0.0	0.0	0.0	0.0	0.0	0.0	0.0	0.0	0.0	0.0	0.0	0.0	0.0	0.0	0.0	0.0	0.0	0.0	0.0	0.0	0.0	0.0	0.0	0.0	0.0	0.0	0.0	0.0	0.0	0.0	0.0	0.0	0.0	0.0	0.0	0.0	0.0	0.0	0.0	0.0	0.0	0.0	0.0	0.0	0.0	0.0	0.0	0.0	0.0	0.0	0.0	0.0	0.0	0.0	0.0	0.0	0.0	0.0	0.0	0.0	0.0	0.0	0.0	0.0	0.0	0.0	0.0	0.0	0.0	0.0	0.0	0.0	0.0	0.0	0.0	0.0	0.0	0.0	0.0
885.5891719310204	11.9953934691506	784268.1814414703	143.88946447974084	880.3443752387901	-12.22243130671518	775006.2190145757	149.38782704737133	813.8257134526754	3.279542019286396	662312.2918767561	10.75539585626509	813.5706735915752	858.7904481506348	1.019045	66.54229	0.4181881543357097	0.2559855036538228	0.0055144744	0.0082746889	0.0306768008	-0.0218041111	0.0395679243	0.028176228	0.0825040342	-0.1060668577	0.1099191769	-0.0022016486	0.0277663466	-0.084884705	0.0070749815	0.0294702303	-0.0207376909	-0.0196703374	0.0286196315	-0.0291058382	-0.0117120503	-0.0062715575	0.0171017356	0.0139378735	0.004651407	0.0008306946	-0.0359449902	0.0318872234	0.0242879515	0.0268945247	-0.0104873414	0.0320259198	-0.0199920555	-0.0097536541	0.0245153074	-0.0026820497	-0.0163561555	-0.0057832528	-0.046974257	-0.030886092	0.0297992463	0.0063135785	0.0081178635	0.0220157845	0.0277724897	-0.1107564615	-0.0814212134	0.0417582775	-0.0635788388	0.1048746895	-0.0405560029	-0.0121854914	0.0537376226	0.0865925784	0.1191621365	0.0079200112	-0.0660330564	0.067577255	-0.0665342309	0.0067651847	0.0021196041	0.0357631378	0.0078830605	0.0346917347	0.0062356961	0.0053741445	-0.0906543325	-0.0160479313	0.0887648233	0.0264992443	-0.0856447597	0.0378765777286673	0.0033562984647233	1.1264739384303996e-05	0.0014346351404357	-0.1114057403727457	-0.0281643990289949	0.0007932333726644	0.0124112389879996	-0.4401583420269475	-0.0600863870280363	0.1937393660559112	0.0036103739060829	-0.0132551835802291	0.0043636424223363	1.9041375190013016e-05	0.0001756998917455	0.0005693665952137	0.0013155921395761	3.241783197452413e-07	1.7307826777144206e-06	0.0011553322863549	0.0008523868343667	7.265633154016842e-07	1.334792691894041e-06	0.0	0.0	0.0	0.0	0.0	0.0	0.0	0.0	0.0	0.0	0.0	0.0	0.0	0.0	0.0	0.0	0.0	0.0	0.0	0.0	0.0	0.0	0.0	0.0	0.0	0.0	0.0	0.0	0.0	0.0	0.0	0.0	0.0	0.0	0.0	0.0	0.0	0.0	0.0	0.0	0.0	0.0	0.0	0.0	0.0	0.0	0.0	0.0	0.0	0.0	0.0	0.0	0.0	0.0	0.0	0.0	0.0	0.0	0.0	0.0	0.0	0.0	0.0	0.0	0.0	0.0	0.0	0.0	0.0	0.0	0.0	0.0	0.0	0.0	0.0	0.0	0.0	0.0	0.0	0.0	0.0	0.0	0.0	0.0	0.0	0.0	0.0	0.0	0.0	0.0	0.0	0.0	0.0	0.0	0.0	0.0	0.0	0.0	0.0	0.0	0.0	0.0	0.0	0.0	0.0	0.0	0.0	0.0	0.0	0.0	0.0	0.0	0.0	0.0	0.0	0.0	0.0	0.0	0.0	0.0	0.0	0.0	0.0	0.0	0.0	0.0	0.0	0.0
889.2278894593218	3.638717528301413	790726.2393922798	13.240265250767944	880.7429403329825	0.3985650941923495	775708.1269463875	0.1588541343085564	816.553907655126	2.728194202450595	666760.284106856	7.443043606285039	813.8628092536181	855.3660453999837	0.745406	48.674019	0.5053137892421116	0.3660337462022943	0.0022361491	0.009536019	0.033006326	-0.0321653632	0.0375696984	0.0106397841	-0.0495110269	-0.0678162601	0.0531258916	0.0215637295	0.0370091304	-0.0468995899	-0.0109104189	0.0372744125	-0.0435114384	-0.0101107875	0.0244697777	0.0230958489	-0.0087672752	-0.0079420997	0.0172230017	0.0257507375	-0.0370278123	-0.0265545666	-0.0129126052	0.0368704652	0.0404413926	0.0259124755	0.0027233041	-0.0132562561	-0.0053911996	0.026446594	0.0132807411	0.013852442	-0.026788999	-0.0375641573	-0.0351317519	-0.0283953849	0.0281855558	0.0083462379	0.0053582375	0.0110175582	0.0312770759	-0.0521492466	-0.0797587812	0.0609875893	-0.0713317334	0.0932266255	-0.0562396646	-0.0783098412	0.0444991168	0.0336304091	0.1017317757	0.01721489	-0.0486843553	0.0411890787	-0.0293196918	-0.0084377649	0.0127904517	0.0140624877	-0.0026041893	0.0498341323	-0.0016000483	0.0041808454	-0.090904137	-0.0125074584	0.0897584821	0.0207291319	-0.0878597406	0.019346329773171	-0.0185302479554963	0.0003433700892921	0.0003742804756922	-0.1396782598722126	-0.0282725194994669	0.0007993353588477	0.0195100162809293	-0.3535241267837392	0.0866342152432083	0.1249793082182053	0.0075054872508065	-0.0199393177074859	-0.0066841341272568	4.467764903115905e-05	0.00039757639064	4.4262500155101137e-05	-0.0005251040950585	1.959168919980328e-09	2.7573431064731005e-07	0.0009270343777915	-0.0002282979085634	5.21199350544226e-08	8.593927376072735e-07	0.0	0.0	0.0	0.0	0.0	0.0	0.0	0.0	0.0	0.0	0.0	0.0	0.0	0.0	0.0	0.0	0.0	0.0	0.0	0.0	0.0	0.0	0.0	0.0	0.0	0.0	0.0	0.0	0.0	0.0	0.0	0.0	0.0	0.0	0.0	0.0	0.0	0.0	0.0	0.0	0.0	1.0	0.0	0.0	0.0	0.0	0.0	0.0	0.0	0.0	0.0	0.0	0.0	0.0	0.0	0.0	0.0	0.0	0.0	0.0	0.0	0.0	0.0	0.0	0.0	0.0	0.0	0.0	0.0	0.0	0.0	0.0	0.0	0.0	0.0	0.0	0.0	0.0	0.0	0.0	0.0	0.0	0.0	0.0	0.0	0.0	0.0	0.0	0.0	0.0	0.0	0.0	0.0	0.0	0.0	0.0	0.0	0.0	0.0	0.0	0.0	0.0	0.0	0.0	0.0	0.0	0.0	0.0	0.0	0.0	0.0	0.0	0.0	0.0	0.0	0.0	0.0	0.0	0.0	0.0	0.0	0.0	0.0	0.0	0.0	0.0	0.0	0.0
888.4045374038456	-0.8233520554762208	789262.6220797409	0.6779086072569178	885.9168016508028	5.173861317820297	784848.5794471878	26.76884093603718	814.8118661878533	-1.7420414672726563	663918.3772805321	3.03470847369747	813.771774479555	869.7792617085775	0.611716	39.944256	0.372857162337659	0.2731481210831056	0.0092472724	0.005337032	0.043737352	-0.0102131231	0.0333704425	-0.0114925539	-0.0125583431	0.0084617176	0.012585431	0.0011974543	-0.0098231152	-0.0448337011	0.0278612365	0.0356297563	-0.0207584498	0.0067886096	0.0025757022	-0.0235235781	-0.0122744876	-0.0086962012	0.0009688498	0.0021027147	-0.0117833242	-0.0041652534	0.0113803527	0.0374052717	0.0268755433	0.0019431594	0.0069009458	0.0133359019	-0.0214730237	0.0015521602	0.0018978945	0.0128382529	0.005611036	-0.0373203537	-0.0125118562	-0.0194964973	0.0310290702	0.0111995892	0.0077408636	0.0083204908	0.0245653756	-0.0012412998	-0.0762134793	0.0681702082	-0.0614621608	0.0723788876	-0.046679671	-0.0787235254	0.0367517819	0.0110528661	0.0745437984	0.0050630962	-0.0220348961	0.0187898249	0.0020945452	-0.0102094474	-0.0055593096	-0.0030253675	-0.0056883217	0.0212652112	0.007349063	0.00298683	-0.0910916402	-0.0089476998	0.0905061192	0.0148702542	-0.089533037	0.0269797103498774	0.0076333805767064	5.826849902883853e-05	0.0007279047705632	-0.1532953903547991	-0.0136171304825865	0.0001854262425797	0.0234994767040302	-0.2539470521166151	0.099577074667124	0.0644891052787188	0.009915593799262	-0.0246824775699933	-0.0047431598625073	2.2497565481301207e-05	0.0006092246989932	-3.728303555083912e-05	-8.154553570594025e-05	1.390024739885134e-09	6.649674393568777e-09	0.00071114824378	-0.0002158861340115	4.660682285843134e-08	5.057318246313783e-07	0.0	0.0	0.0	0.0	0.0	0.0	0.0	0.0	0.0	0.0	0.0	0.0	0.0	0.0	0.0	0.0	0.0	0.0	0.0	0.0	0.0	0.0	0.0	0.0	0.0	0.0	0.0	0.0	0.0	0.0	0.0	0.0	0.0	0.0	0.0	0.0	0.0	0.0	0.0	0.0	0.0	0.0	0.0	0.0	0.0	0.0	0.0	0.0	0.0	0.0	0.0	0.0	0.0	0.0	0.0	0.0	0.0	0.0	0.0	0.0	0.0	0.0	0.0	0.0	0.0	0.0	0.0	0.0	0.0	0.0	0.0	0.0	0.0	0.0	0.0	0.0	0.0	0.0	0.0	0.0	0.0	0.0	0.0	0.0	0.0	0.0	0.0	0.0	0.0	0.0	0.0	0.0	0.0	0.0	0.0	0.0	0.0	0.0	0.0	0.0	0.0	0.0	0.0	0.0	0.0	0.0	0.0	0.0	0.0	0.0	0.0	0.0	0.0	0.0	0.0	0.0	0.0	0.0	0.0	0.0	0.0	0.0	0.0	0.0	0.0	0.0	0.0	0.0
890.8265752997845	2.4220378959389564	793571.9872603427	5.866267569364407	889.1576222506436	3.240820599840845	790601.2772064182	10.502918160352774	815.6553489630171	0.8434827751638068	665293.6482919812	0.711463191998037	814.4167795353667	878.1416778564453	0.739051	48.259052	0.6796712708815781	0.463347766247205	0.0131544906	0.0043377286	0.0452639592	0.0363455337	0.0399773578	-0.0263423153	-0.0182913663	0.024475323	-0.0413448187	0.0039612142	-0.0361791294	0.0152001122	0.0128412949	0.0395080815	-0.0134125816	0.0296905858	0.0456763163	-0.0090708246	-0.008948275	-0.0199256811	-0.0021467271	-0.0291965212	-0.0407301723	-0.033385838	0.0025473431	0.0403944344	0.0144906086	0.0311053273	0.0309143689	-0.0166488231	-0.0239920078	0.0168453083	-0.0056357969	0.0226355262	0.0191149654	-0.0421109574	-0.0187504801	-0.0144118263	0.0204761294	0.0127351793	0.0030679256	4.3054e-05	0.0297824515	0.0942614129	-0.0814698326	0.0238138097	0.0080159645	0.0216290615	-0.0235763086	-0.0715722141	0.0062772231	-0.0502964964	-0.0032597793	0.0027603291	0.0354669772	-0.0115796039	-0.0017955164	0.0142134631	0.0110273832	0.0070101971	0.0198148315	0.0198579973	-0.0020644423	0.0017923027	-0.0912167139	-0.0053741445	0.0910056853	0.0089476998	-0.0906543325	0.020948933883659	-0.0060307764662183	3.637026478549368e-05	0.0004388578308619	-0.1954590115862231	-0.042163621231424	0.0017777709553469	0.0382042252102633	-0.0607710937271264	0.1931759583894887	0.0036931258327911	0.0373169508996974	-0.032481802063838	-0.0077993244938447	6.08294625602859e-05	0.0010550674653143	0.0005340175744814	0.0005713006100322	2.851747698549976e-07	3.263843870232085e-07	0.000315755051768	-0.0003953931920119	1.5633577628943826e-07	9.970125271701237e-08	0.0	0.0	0.0	0.0	0.0	0.0	0.0	0.0	0.0	0.0	0.0	0.0	0.0	0.0	0.0	0.0	0.0	0.0	0.0	0.0	0.0	0.0	0.0	0.0	0.0	0.0	0.0	0.0	0.0	0.0	0.0	0.0	0.0	0.0	0.0	0.0	0.0	0.0	0.0	0.0	0.0	0.0	1.0	0.0	0.0	0.0	0.0	0.0	0.0	0.0	0.0	0.0	0.0	0.0	0.0	0.0	0.0	0.0	0.0	0.0	0.0	0.0	0.0	0.0	0.0	0.0	0.0	0.0	0.0	0.0	0.0	0.0	0.0	0.0	0.0	0.0	0.0	0.0	0.0	0.0	0.0	0.0	0.0	0.0	0.0	0.0	0.0	0.0	0.0	0.0	0.0	0.0	0.0	0.0	0.0	0.0	0.0	0.0	0.0	0.0	0.0	0.0	0.0	0.0	0.0	0.0	0.0	0.0	0.0	0.0	0.0	0.0	0.0	0.0	0.0	0.0	0.0	0.0	0.0	0.0	0.0	0.0	0.0	0.0	0.0	0.0	0.0	0.0
890.0082578035536	-0.8183174962308613	792114.6989585168	0.6696435246375456	887.6388795035226	-1.5187427471209958	787902.7804062691	2.3065795319326288	816.737306192992	1.0819572299749325	667059.8273273852	1.170631447495029	815.1960141836347	883.1581572367351	0.605083	39.511143	0.0801589990223952	0.0498306116103376	0.0157453588	0.0059632455	0.0373011413	-0.0493182996	0.0150439726	0.0128970729	-0.0074036102	0.008320731	0.0026937952	-0.0075350283	-0.0377134728	-0.0283167529	-0.0424721765	0.0423267555	-0.0114129928	-0.0212089363	-0.0089867136	-0.0185154838	-0.0212697104	-0.0048549013	0.0389511031	-0.0314598166	0.0009562305	0.0101407874	0.0266006959	0.0413169726	0.0188333218	-0.0048776639	-0.0167505617	0.0317700972	0.0084245424	0.0074910484	-0.0016011132	0.017292318	0.0217367343	-0.0392804068	0.0005848885	-0.0066954887	0.0245572433	0.0135051222	0.0088670861	0.0002130464	0.023747812	0.05172432	-0.0627716277	0.0455950036	-0.0108491501	0.0196047265	-0.0290144169	-0.0932110118	0.0076680011	-0.0467148403	-0.011660501	0.0005112881	0.0002063224	0.0039643041	0.0262363234	-0.0072375347	-0.0074091143	-0.0082284083	0.0014243435	0.0203627137	0.0035171115	0.0005974684	-0.0912792721	-0.0017923027	0.0912558111	0.00298683	-0.0912167139	0.0240435025009873	0.0030945686173283	9.576354927353198e-06	0.0005780900125149	-0.1989871386588078	-0.0035281270725846	1.2447680640304946e-05	0.0395958813516196	-0.0797931533063689	-0.0190220595792424	0.0063669473145736	0.0003618387506362	-0.0325917058629893	-0.0001099037991512	1.207884506788824e-08	0.0010622192910596	-0.0003898305147169	-0.0009238480891982	1.5196783020444317e-07	8.534952919153499e-07	0.0002592220650528	-5.653298671520003e-05	3.195978586940983e-09	6.719607901023807e-08	0.0	0.0	0.0	0.0	0.0	0.0	0.0	0.0	0.0	0.0	0.0	0.0	0.0	0.0	0.0	0.0	0.0	0.0	0.0	0.0	0.0	0.0	0.0	0.0	0.0	0.0	0.0	0.0	0.0	0.0	0.0	0.0	0.0	0.0	0.0	0.0	0.0	0.0	0.0	0.0	0.0	0.0	0.0	0.0	0.0	0.0	0.0	0.0	0.0	0.0	0.0	0.0	0.0	0.0	0.0	0.0	0.0	0.0	0.0	0.0	0.0	0.0	0.0	0.0	0.0	0.0	0.0	0.0	0.0	0.0	0.0	0.0	0.0	0.0	0.0	0.0	0.0	0.0	0.0	0.0	0.0	0.0	0.0	0.0	0.0	0.0	0.0	0.0	0.0	0.0	0.0	0.0	0.0	0.0	0.0	0.0	0.0	0.0	0.0	0.0	0.0	0.0	0.0	0.0	0.0	0.0	0.0	0.0	0.0	0.0	0.0	0.0	0.0	0.0	0.0	0.0	0.0	0.0	0.0	0.0	0.0	0.0	0.0	0.0	0.0	0.0	0.0	0.0
892.4450176217034	2.436759818149767	796458.1094778025	5.937798411349285	887.8950631773317	0.2561836738091188	788357.6432146779	0.0656300747263369	816.3407183781435	-0.3965878148485444	666412.1684821434	0.1572818948863433	814.9190000808507	882.6697755940755	0.588417	38.422855	0.1376690695698487	0.0832549938078949	0.0155854223	0.0038912439	0.0356399229	0.0169826318	0.0407495025	0.0044184106	-0.0033000264	0.0296378188	-0.0278648344	0.0243311576	-0.0221634091	0.0106399856	-0.0342001466	0.0412203335	-0.0114202144	0.0068804508	0.0359754159	0.0222834275	-0.0130220361	-0.0255319462	0.0138161195	-0.0230833302	-0.0284831052	-0.0336462123	0.0238587645	0.0418951299	0.0139084877	0.026524657	0.0170417687	-0.0205594101	-0.0025244702	0.0360289413	-0.0006261575	0.0155375193	0.0194879011	-0.0500272034	-0.0083808904	-0.0086058375	0.0352562004	0.0128000406	0.0008835883	-0.0010740298	0.0260610928	0.043955692	-0.0615660671	0.0295736329	-0.0047975256	0.0130225726	-0.0285565901	-0.1073620074	0.0030029187	-0.077875274	-0.0317067509	0.0177189599	-0.0052647611	0.0104820513	0.0146367004	6.447e-07	-0.0167456877	0.0137023119	0.0007809413	0.0456860376	-0.0230548695	-0.0005974684	-0.0912792721	0.0017923027	0.0912558111	-0.00298683	-0.0912167139	0.029082670866984	0.0050391683659966	2.5393217820861837e-05	0.0008458017447573	-0.2157652380387986	-0.0167780993799908	0.0002815046188048	0.0465546379459394	-0.118932863749805	-0.0391397104434361	0.0141450260797296	0.001531916933596	-0.034058556375523	-0.0014668505125337	2.1516504261203837e-06	0.0011599852623846	-0.000454103965064	-6.42734503471e-05	2.0621041108684653e-07	4.1310764195211285e-09	0.0002623399297805	3.117864727699999e-06	9.721080460235788e-12	6.882223875723767e-08	0.0	0.0	0.0	0.0	0.0	0.0	0.0	0.0	0.0	0.0	0.0	0.0	0.0	0.0	0.0	0.0	0.0	0.0	0.0	0.0	0.0	0.0	0.0	0.0	0.0	0.0	0.0	0.0	0.0	0.0	0.0	0.0	0.0	0.0	0.0	0.0	0.0	0.0	0.0	0.0	0.0	0.0	0.0	0.0	0.0	0.0	0.0	0.0	0.0	0.0	0.0	0.0	0.0	0.0	0.0	0.0	0.0	0.0	0.0	0.0	0.0	0.0	0.0	0.0	0.0	0.0	0.0	0.0	0.0	0.0	0.0	0.0	0.0	0.0	0.0	0.0	0.0	0.0	0.0	0.0	0.0	0.0	0.0	0.0	0.0	0.0	0.0	0.0	0.0	0.0	0.0	0.0	0.0	0.0	0.0	0.0	0.0	0.0	0.0	0.0	0.0	0.0	0.0	0.0	0.0	0.0	0.0	0.0	0.0	0.0	0.0	0.0	0.0	0.0	0.0	0.0	0.0	0.0	0.0	0.0	0.0	0.0	0.0	0.0	0.0	0.0	0.0	0.0
893.5941756962029	1.1491580744994965	798510.5508381764	1.3205642801873898	892.1421532073579	4.247090030026129	795917.6215294608	18.037773723147343	819.6165470385968	3.275828660453272	671771.2841794722	10.731053412647077	817.9583544727692	884.7441089274089	0.614426	40.12122	0.135873384585324	0.0620705014061128	0.0149369674	-0.0019544427	0.046489095	-0.0463515387	0.01755687	0.0130168659	-0.0076040405	0.047526513	-0.012156487	0.0006309363	-0.044193546	0.0108121189	-0.0540826476	0.0563568913	-0.0333142751	0.0104223576	-0.0198399331	0.0149777914	-0.0657773304	-0.0084118342	0.0659101828	-0.0507371031	0.0106949231	-0.0176429706	0.0644958194	0.0541292225	0.0391994241	-0.0145905535	0.0102451734	0.0371082169	0.0482678835	0.0127827483	-0.0168467637	0.0250396168	0.0409671	-0.0642516685	0.0182609159	-0.0034034514	0.0746434171	0.0139068926	0.0077480991	-0.0031911179	0.0211564059	0.0534716199	-0.0594881939	0.0343130889	0.0166665985	-0.0035554571	-0.0220982091	-0.1038551836	0.0112147286	-0.054296188	-0.0282462941	-0.0025335883	-0.0193457122	0.0105562524	0.0271737212	0.0046741076	-0.011752844	-0.0019878224	0.0006717562	0.0318094128	-0.0060889164	-0.0017923027	-0.0912167139	0.0053741445	0.0910056853	-0.0089476998	-0.0906543325	0.0439973047392214	0.0149146338722374	0.0002224463035428	0.0019357628243159	-0.1925325892892573	0.0232326487495413	0.0005397559679195	0.0370687979384258	-0.1571073713505626	-0.0381745076007576	0.0246827261326835	0.0014572930305603	-0.0342517839396827	-0.0001932275641597	3.7336891551091865e-08	0.0011731847030507	6.126968086395124e-05	0.0005153736459279	3.753973793170432e-09	2.656099949170693e-07	0.0007447706069486	0.000482430677168	2.327393582728715e-07	5.546832569745859e-07	0.0	0.0	0.0	0.0	0.0	0.0	0.0	0.0	0.0	0.0	0.0	0.0	0.0	0.0	0.0	0.0	0.0	0.0	0.0	0.0	0.0	0.0	0.0	0.0	0.0	0.0	0.0	0.0	0.0	0.0	0.0	0.0	0.0	0.0	0.0	0.0	0.0	0.0	0.0	0.0	0.0	0.0	0.0	0.0	0.0	0.0	0.0	0.0	0.0	0.0	0.0	0.0	0.0	0.0	0.0	0.0	0.0	0.0	0.0	0.0	0.0	0.0	0.0	0.0	0.0	0.0	0.0	0.0	0.0	0.0	0.0	0.0	0.0	0.0	0.0	0.0	0.0	0.0	0.0	0.0	0.0	0.0	0.0	0.0	0.0	0.0	0.0	0.0	0.0	0.0	0.0	0.0	0.0	0.0	0.0	0.0	0.0	0.0	0.0	0.0	0.0	0.0	0.0	0.0	0.0	0.0	0.0	0.0	0.0	0.0	0.0	0.0	0.0	0.0	0.0	0.0	0.0	0.0	0.0	0.0	0.0	0.0	0.0	0.0	0.0	0.0	0.0	0.0
895.611997316987	2.017821620784048	802120.8497381227	4.071604093303562	883.8425631337352	-8.299590073622653	781177.6764068108	68.88319539017567	817.6085523113318	-2.007994727264986	668483.7448126317	4.032042824723986	816.5970769014724	889.5349222361247	0.7353579999999998	48.017883	0.447021180288372	0.3837797576502195	0.0148667965	-0.0076076751	0.0413308387	0.0653144471	0.0311134492	0.0009896439	-0.0161431947	-0.0194573289	-0.0210349124	0.016578789	0.0145582675	0.0336691094	-0.006090538	0.0448232481	-0.0192187203	-0.0025158386	0.0514770271	0.0427391129	0.0183812031	-0.0152181985	-0.0160205162	0.0238076046	-0.0509101477	-0.0532564773	0.0119193367	0.0456903748	0.0199858672	0.0424978392	0.0147426162	-0.0552164478	-0.0188724155	0.0472294238	0.0125617901	0.0100180582	-0.0267711807	-0.036364307	-0.009450478	-0.0082582285	0.0109743283	0.0078379759	-0.0009775304	-0.0023830237	0.0215391714	0.0934384171	-0.1086436433	0.0579423043	-0.0530412241	0.0626805071	-0.0521350801	-0.076401849	0.0341157263	-0.0149909868	0.04574487	0.0045399673	-0.0092071327	0.0104909099	-0.0122431933	0.0033617032	0.0192149558	0.025318089	0.0217378047	0.0018284384	-0.0145603813	-0.00298683	-0.0910916402	0.0089476998	0.0905061192	-0.0148702542	-0.089533037	0.0525036385640618	0.0085063338248404	7.235771513962395e-05	0.0027566320624656	-0.1742843161066645	0.0182482731825927	0.0003329994741465	0.0303750228407677	-0.1850784241915306	-0.0279710528409679	0.0342540231012201	0.0007823797970322	-0.0268182689675795	0.0074335149721032	5.525714484048247e-05	0.0007192195504174	5.606552855663693e-05	-5.204152307314309e-06	3.143343492335071e-09	2.708320123772485e-11	0.0011519618913375	0.0004071912843889	1.6580474208228214e-07	1.3270161990938705e-06	0.0	0.0	0.0	0.0	0.0	0.0	0.0	0.0	0.0	0.0	0.0	0.0	0.0	0.0	0.0	0.0	0.0	0.0	0.0	0.0	0.0	0.0	0.0	0.0	0.0	0.0	0.0	0.0	0.0	0.0	0.0	0.0	0.0	0.0	0.0	0.0	0.0	0.0	0.0	0.0	0.0	0.0	0.0	0.0	0.0	0.0	0.0	0.0	0.0	0.0	0.0	0.0	0.0	0.0	0.0	0.0	0.0	0.0	0.0	0.0	0.0	0.0	0.0	0.0	0.0	0.0	0.0	0.0	0.0	0.0	0.0	0.0	0.0	0.0	0.0	0.0	0.0	0.0	0.0	0.0	0.0	0.0	0.0	0.0	0.0	0.0	0.0	0.0	0.0	0.0	0.0	0.0	0.0	0.0	0.0	0.0	0.0	0.0	0.0	0.0	0.0	0.0	0.0	0.0	0.0	0.0	0.0	0.0	0.0	0.0	0.0	0.0	0.0	0.0	0.0	0.0	0.0	0.0	0.0	0.0	0.0	0.0	0.0	0.0	0.0	0.0	0.0	0.0
880.8910083067701	-14.72098901021684	775968.9685157181	216.70751743892495	890.0176750282188	6.175111894483621	792131.4618626361	38.13200690939309	810.7381045428724	-6.870447768459371	657296.2741577695	47.20305253912835	809.7420460114165	861.1832664540609	1.008693	65.866302	0.8790243398522959	0.6714499996786546	0.0024180171	0.0299500688	0.042731544	-0.0721559366	0.0052435073	0.007155538	0.0190877034	0.0793106117	-0.0005375934	-0.0547977404	-0.0437000467	0.0010957314	-0.0372478597	0.0191485227	-0.005393333	0.0337543422	-0.0421349675	-0.0158168366	-0.0757012328	0.0190000683	0.1117549722	-0.0758028305	0.0775103918	0.0427062439	0.0947452386	0.0195510335	0.0096015433	-0.0348964924	0.0277113813	0.0901468556	0.0809712015	-0.0380873923	-0.0080135647	0.0304388465	0.0723713249	-0.0468503005	0.0478070729	-0.0328141861	0.0763392719	0.0153492914	0.0127672187	-0.0034616652	0.0235994571	0.1043178808	-0.0566650478	0.0155793061	0.0564308889	-0.0303456556	0.0061567516	-0.06504078	0.0079426774	-0.0402861637	-0.0505700859	-0.0233130639	-0.0021613273	0.0069998591	0.0083765346	0.0046451952	-0.000385454	0.0257910609	0.0089423013	-0.0221975276	-0.0024683541	-0.0041808454	-0.090904137	0.0125074584	0.0897584821	-0.0207291319	-0.0878597406	0.0489465243980191	-0.0035571141660427	1.2653061190261656e-05	0.0023957622506458	-0.2339442493817074	-0.0596599332750429	0.0035593076383825	0.0547299118187705	0.0042280126486815	0.1893064368402121	1.787609095741075e-05	0.0358369270291372	-0.0390581438023238	-0.0122398748347443	0.0001498145359702	0.001525538597283	0.0003032891893695	0.0002472236608128	9.198433238840845e-08	6.111953846571356e-08	0.0011948805072003	4.2918615862799856e-05	1.8420075875785755e-09	1.427739426487246e-06	0.0	0.0	0.0	0.0	0.0	0.0	0.0	0.0	0.0	0.0	0.0	0.0	0.0	0.0	0.0	0.0	0.0	0.0	0.0	0.0	0.0	0.0	0.0	0.0	0.0	0.0	0.0	0.0	0.0	0.0	0.0	0.0	0.0	0.0	0.0	0.0	0.0	0.0	0.0	0.0	0.0	0.0	0.0	1.0	0.0	0.0	0.0	0.0	0.0	0.0	0.0	0.0	0.0	0.0	0.0	0.0	0.0	0.0	0.0	0.0	0.0	0.0	0.0	0.0	0.0	0.0	0.0	0.0	0.0	0.0	0.0	0.0	0.0	0.0	0.0	0.0	0.0	0.0	0.0	0.0	0.0	0.0	0.0	0.0	0.0	0.0	0.0	0.0	0.0	0.0	0.0	0.0	0.0	0.0	0.0	0.0	0.0	0.0	0.0	0.0	0.0	0.0	0.0	0.0	0.0	0.0	0.0	0.0	0.0	0.0	0.0	0.0	0.0	0.0	0.0	0.0	0.0	0.0	0.0	0.0	0.0	0.0	0.0	0.0	0.0	0.0	0.0	0.0
801.0678868259229	-79.82312148084725	641709.7593037495	6371.730722946098	764.9734787383637	-125.04419628985512	585184.4231730738	15636.051025775814	746.9178983368829	-63.82020620598951	557886.3468559862	4073.018720175021	739.844907042089	745.2850835367839	1.980268	129.308884	3.64969747357955	3.009591712392278	-0.0590210055	0.0449842721	-0.1915006802	-0.1838361978	-0.0460415877	-0.0558632432	-0.0842222563	-0.0757355912	0.0699879295	-0.1701820547	0.1177655899	-0.0758967437	-0.0313423838	-0.2764708443	0.0586872703	0.128953204	0.0726293773	-0.1164838243	0.1607859127	0.1572248921	-0.0504531127	0.0071848686	0.2531230898	0.0016755328	-0.1348595694	-0.271719149	-0.0758323664	0.026435763	0.1138593372	0.0380068287	-0.0472698104	-0.1435357043	0.1355371653	0.120056321	0.0723422898	0.2497932996	0.0323095428	-0.1350374123	-0.0533129057	-0.0155697972	-0.0016311204	-0.0069108801	-0.0198876712	0.0424103692	0.0421949101	-0.024161028	-0.0288136732	0.0241441764	-0.0083636229	0.0611608327	0.0292143323	0.0557168612	0.0534280424	-0.0042481323	0.1072943781	0.0059126217	-0.0004044223	-0.0094150148	0.0291604213	-0.0017220646	0.0017525089	-0.1616832416	-0.0340396998	-0.0053741445	-0.0906543325	0.0160479313	0.0887648233	-0.0264992443	-0.0856447597	-0.0619990588638046	-0.1109455832618237	0.0123089224453062	0.0038438832999975	-0.1731193705151952	0.0608248788665122	0.0036996658891258	0.0299703164475774	3.01613567881752	3.011907666168838	9.097074433036024	9.07158778952662	-0.0317593374647893	0.0072988063375344	5.327257395283376e-05	0.0010086555162023	-0.0013481882778847	-0.0016514774672542	1.817611632625713e-06	2.727377824848347e-06	0.0015649836080591	0.0003701031008588	1.3697630526529918e-07	2.449173693493679e-06	0.0	0.0	0.0	0.0	0.0	0.0	0.0	0.0	0.0	0.0	0.0	0.0	0.0	0.0	0.0	0.0	0.0	0.0	0.0	0.0	0.0	0.0	0.0	0.0	0.0	0.0	0.0	0.0	0.0	0.0	0.0	0.0	0.0	0.0	0.0	0.0	0.0	0.0	0.0	0.0	0.0	0.0	0.0	0.0	1.0	0.0	0.0	0.0	0.0	0.0	0.0	0.0	0.0	0.0	0.0	0.0	0.0	0.0	0.0	0.0	0.0	0.0	0.0	0.0	0.0	0.0	0.0	0.0	0.0	0.0	0.0	0.0	0.0	0.0	0.0	0.0	0.0	0.0	0.0	0.0	0.0	0.0	0.0	0.0	0.0	0.0	0.0	0.0	0.0	0.0	0.0	0.0	0.0	0.0	0.0	0.0	0.0	0.0	0.0	0.0	0.0	0.0	0.0	0.0	0.0	0.0	0.0	0.0	0.0	0.0	0.0	0.0	0.0	0.0	0.0	0.0	0.0	0.0	0.0	0.0	0.0	0.0	0.0	0.0	0.0	0.0	0.0	0.0
902.541324453426	101.47343762750312	814580.8423461444	10296.858543942768	903.9625630564504	138.98908431808673	817148.3154075871	19317.96555958022	814.0989880458914	67.18108970900846	662757.1623373444	4513.298814489843	816.9590220861649	908.0561628112793	2.537123	165.670761	2.88251885987664	1.785599799661591	0.0423778426	-0.0433322463	0.1086113304	-0.0151421755	-0.1484135529	-0.0731453107	0.0916679725	0.0022708799	-0.11589947	0.0006569001	0.0673323655	0.1070711865	0.0624549341	0.0412533861	0.0254055854	0.0102722568	-0.0496998952	-0.0503978507	-0.0001674858	0.0031796074	-0.013584325	0.0187068689	0.0407722507	0.0867158086	-0.0213918142	0.0420587836	-0.0257108645	-0.0471688368	-0.0132398422	0.0576249579	-0.0044844742	-0.0691133885	-0.0091763531	-0.0892324182	-0.0202490858	0.1073612031	-0.0105093372	0.106579765	-0.0808596909	0.0090180079	-0.0068020131	-0.0171596826	-0.0096840749	-0.0156289537	0.0877163384	-0.0964648921	0.0384163592	-0.0332427585	0.0807951776	0.1934560019	-0.0526387401	0.1190221314	0.081335836	-0.0477820248	0.0906343947	-0.0535169974	0.1317719916	-0.0384141914	0.0307145684	-0.1599395186	-0.0482050673	-0.0339750286	0.0321197971	-0.0065665228	-0.0903423981	0.0195636596	0.0875278662	-0.0321558829	-0.0829017503	-0.13324500826063	-0.0712459493968253	0.005075985305455	0.0177542322263753	0.2891490340568055	0.4622684045720007	0.2136920778655429	0.0836071638959836	4.731225397003129	1.715089718185609	22.38449375724742	2.941532741425992	-0.0229619563371296	0.0087973811276597	7.739391470530309e-05	0.0005272514388282	0.0008489725841656	0.0021971608620503	7.207544486648169e-07	4.827515853725618e-06	-0.000118770156675	-0.0016837537647341	2.8350267402562554e-06	1.4106350116604048e-08	0.0	0.0	0.0	0.0	0.0	0.0	0.0	0.0	0.0	0.0	0.0	0.0	0.0	0.0	0.0	0.0	0.0	0.0	0.0	0.0	0.0	0.0	0.0	0.0	0.0	0.0	0.0	0.0	0.0	0.0	0.0	0.0	0.0	0.0	0.0	0.0	0.0	0.0	0.0	0.0	0.0	0.0	0.0	0.0	0.0	1.0	0.0	0.0	0.0	0.0	0.0	0.0	0.0	0.0	0.0	0.0	0.0	0.0	0.0	0.0	0.0	0.0	0.0	0.0	0.0	0.0	0.0	0.0	0.0	0.0	0.0	0.0	0.0	0.0	0.0	0.0	0.0	0.0	0.0	0.0	0.0	0.0	0.0	0.0	0.0	0.0	0.0	0.0	0.0	0.0	0.0	0.0	0.0	0.0	0.0	0.0	0.0	0.0	0.0	0.0	0.0	0.0	0.0	0.0	0.0	0.0	0.0	0.0	0.0	0.0	0.0	0.0	0.0	0.0	0.0	0.0	0.0	0.0	0.0	0.0	0.0	0.0	0.0	0.0	0.0	0.0	0.0	0.0
870.5161228031619	-32.02520165026408	757798.3200602497	1025.613540740077	810.1370500837054	-93.82551297274506	656322.0399183282	8803.226884598751	800.8531687345436	-13.24581931134776	641365.7978721594	175.45172922887323	792.7242870979005	859.1900581359863	1.355027	88.481499	0.4590340797283745	0.2446714203692231	0.0078823469	-0.0204377556	-0.1095423787	0.019902982	-0.0429310203	-0.0233510833	-0.0450586342	0.0043871985	-0.0293651347	0.0100136409	0.0098815781	0.0211393733	-0.028664425	-0.0242829529	0.0333366033	0.0262856237	-6.87396e-05	-0.0096696447	-0.0168659251	-0.0175465854	-0.061665823	-0.0046266588	-0.0146175117	0.018293486	-0.0275578197	-0.0352143093	-0.0366956381	-0.0064152988	0.029404641	-0.004036037	-0.0104545511	0.0192510929	-0.0429858825	-0.0287571682	0.0236178596	0.0194974329	2.29152e-05	0.0197767359	-0.0843601896	-0.0052267932	-0.0126221297	-0.0149366486	-0.0188662976	0.0130796427	0.0707927572	-0.0942249521	0.0288763324	-0.0210039173	0.0532713563	0.1580602078	-0.0322492324	0.0923794123	0.094652387	-0.0280853713	0.1227209979	-0.0250814632	0.0825066774	-0.0123262194	0.0100663633	-0.119635387	-0.032559894	-0.0580558268	0.0138338046	-0.0077577759	-0.0899685475	0.0230492221	0.0860510014	-0.037674825	-0.0796476241	-0.1370198141714667	-0.0037748059108367	1.4249159664487717e-05	0.0187744294755832	0.1345954133813478	-0.1545536206754576	0.0238868216638932	0.0181159253032959	4.545128167713557	-0.1860972292895724	20.658190060943195	0.0346321787492556	-0.0246435362727159	-0.0016815799355862	2.82771107976642e-06	0.0006073038800246	0.0003773073873638	-0.0004716651968018	1.4236086455929662e-07	2.2246805787408077e-07	2.015318798705666e-05	0.000138923344662	1.9299695692092585e-08	4.0615098604164495e-10	0.0	0.0	0.0	0.0	0.0	0.0	0.0	0.0	0.0	0.0	0.0	0.0	0.0	0.0	0.0	0.0	0.0	0.0	0.0	0.0	0.0	0.0	0.0	0.0	0.0	0.0	0.0	0.0	0.0	0.0	0.0	0.0	0.0	0.0	0.0	0.0	0.0	0.0	0.0	0.0	0.0	0.0	0.0	0.0	0.0	0.0	0.0	0.0	0.0	0.0	0.0	0.0	0.0	0.0	0.0	0.0	0.0	0.0	0.0	0.0	0.0	0.0	0.0	0.0	0.0	0.0	0.0	0.0	0.0	0.0	0.0	0.0	0.0	0.0	0.0	0.0	0.0	0.0	0.0	0.0	0.0	0.0	0.0	0.0	0.0	0.0	0.0	0.0	0.0	0.0	0.0	0.0	0.0	0.0	0.0	0.0	0.0	0.0	0.0	0.0	0.0	0.0	0.0	0.0	0.0	0.0	0.0	0.0	0.0	0.0	0.0	0.0	0.0	0.0	0.0	0.0	0.0	0.0	0.0	0.0	0.0	0.0	0.0	0.0	0.0	0.0	0.0	0.0
891.3065115133975	20.79038871023556	794427.2974661821	432.2402627226903	895.1757970785166	85.03874699481116	801339.7076751575	7231.588490447504	809.0135027580615	8.160334023517862	654502.847644868	66.59105137538322	808.8513289952916	915.508172314326	1.197793	78.21431699999998	1.6419057207884975	1.2742439405531	0.033643644	-0.0122073273	0.0694624256	0.0279262186	-0.0414838821	0.0247786728	0.0195443475	0.0644745091	-0.030778444	0.0179008622	-0.0119555424	0.0206123927	0.0460040809	0.0095683159	0.0181523953	-0.0095516447	0.0092616406	-0.0160475194	0.0221345624	-0.0328577584	-0.0031831163	-0.0353576072	-0.0717042391	0.0293387889	-0.0126691619	0.0136294325	-0.0218838106	0.0032246833	-0.0004415601	-0.0154415803	-0.0387194506	0.0036736522	0.0210399377	-0.0155445531	0.0024581305	-0.0472435797	-0.0381371939	0.0535218165	-0.0453358592	0.0055366826	-0.0042902331	-0.0114336707	0.0019397248	0.053967006	-0.0110838378	-0.0010718914	-0.0602120027	0.0532639663	-0.0128970048	0.0611919495	0.0061599474	0.0676051971	0.1446018048	-0.0190203211	0.0829489123	-0.0188733845	0.0518148792	-0.0242451735	0.0210383559	-0.0675431518	-0.030718362	-0.1016620665	0.0310739941	-0.0089476998	-0.089533037	0.0264992443	0.0843382767	-0.0430324377	-0.0759024438	-0.0961036475929972	0.0409161665784695	0.001674132687477	0.0092359110806789	0.0875662570764035	-0.0470291563049443	0.0022117415427548	0.0076678493783707	3.3413180326435	-1.2038101350700567	11.164406195268633	1.4491588412973884	-0.019199198110222	0.0054443381624939	2.964081802758746e-05	0.0003686092080755	0.0008191631404004	0.0004418557530366	6.710282505906454e-07	1.9523650649154087e-07	0.0011369645291571	0.00111681134117	1.2472675717660309e-06	1.292688340561426e-06	0.0	0.0	0.0	0.0	0.0	0.0	0.0	0.0	0.0	0.0	0.0	0.0	0.0	0.0	0.0	0.0	0.0	0.0	0.0	0.0	0.0	0.0	0.0	0.0	0.0	0.0	0.0	0.0	0.0	0.0	0.0	0.0	0.0	0.0	0.0	0.0	0.0	0.0	0.0	0.0	0.0	0.0	0.0	0.0	0.0	0.0	1.0	0.0	0.0	0.0	0.0	0.0	0.0	0.0	0.0	0.0	0.0	0.0	0.0	0.0	0.0	0.0	0.0	0.0	0.0	0.0	0.0	0.0	0.0	0.0	0.0	0.0	0.0	0.0	0.0	0.0	0.0	0.0	0.0	0.0	0.0	0.0	0.0	0.0	0.0	0.0	0.0	0.0	0.0	0.0	0.0	0.0	0.0	0.0	0.0	0.0	0.0	0.0	0.0	0.0	0.0	0.0	0.0	0.0	0.0	0.0	0.0	0.0	0.0	0.0	0.0	0.0	0.0	0.0	0.0	0.0	0.0	0.0	0.0	0.0	0.0	0.0	0.0	0.0	0.0	0.0	0.0	0.0
869.887269337716	-21.41924217568146	756703.8613558281	458.7839353804914	828.389959657347	-66.7858374211695	686229.9252611011	4460.348080046885	808.6614420656555	-0.3520606924059848	653933.3278837055	0.1239467311373814	803.9194597642834	867.0232113698323	0.956794	62.477383	0.5208754474875258	0.3037396888583456	0.0063623613	0.0145839513	-0.061759563	0.1242209194	0.0110220207	0.0396212562	-0.0231129302	-0.0397920586	0.0612714217	0.0138865201	0.0156893603	-0.0302776002	0.0735846232	0.0053111502	0.0109946566	-0.0175062507	0.0282838783	-0.0081579182	0.0399157789	-0.0212276336	-0.0438673542	0.0056147541	-0.05166048	-0.0170434526	-0.0475181215	0.0023788855	-0.0122827504	0.0228359749	-0.0093298015	-0.0529487757	-0.0478250642	0.039211311	0.0014577406	0.0111065545	-0.013953558	-0.0011955477	-0.0525890097	0.0283848694	-0.0542923716	0.0038062246	-0.0096116913	-0.0040719155	0.0031231419	0.0136981795	0.010519975	-0.0068536711	-0.0558814493	0.0507289309	-0.0183582321	-0.0002833233	0.0201987453	0.0418161128	0.1122786116	-0.007657697	0.0389222805	-0.010306779	0.0371605156	-0.0286795578	0.0400576084	-0.0350995307	-0.0492992056	-0.0651344687	0.0179141867	-0.0101360905	-0.089036165	0.0299084066	0.0823943867	-0.0482057789	-0.0716892996	-0.1146742886045046	-0.0185706410115074	0.0003448687075782	0.0131501924669492	0.1226121017247834	0.0350458446483799	0.0012282112271183	0.0150337274893686	3.0561859414554817	-0.2851320911880184	9.340272508750129	0.0813003094252524	-0.0214098495647671	-0.0022106514545451	4.886979853482368e-06	0.0004583816583859	0.0018439044631168	0.0010247413227164	3.3999836691020548e-06	1.0500947784825572e-06	0.0007298198936262	-0.0004071446355308	1.6576675424158937e-07	5.326370771325578e-07	0.0	0.0	0.0	0.0	0.0	0.0	0.0	0.0	0.0	0.0	0.0	0.0	0.0	0.0	0.0	0.0	0.0	0.0	0.0	0.0	0.0	0.0	0.0	0.0	0.0	0.0	0.0	0.0	0.0	0.0	0.0	0.0	0.0	0.0	0.0	0.0	0.0	0.0	0.0	0.0	0.0	0.0	0.0	0.0	0.0	0.0	0.0	1.0	0.0	0.0	0.0	0.0	0.0	0.0	0.0	0.0	0.0	0.0	0.0	0.0	0.0	0.0	0.0	0.0	0.0	0.0	0.0	0.0	0.0	0.0	0.0	0.0	0.0	0.0	0.0	0.0	0.0	0.0	0.0	0.0	0.0	0.0	0.0	0.0	0.0	0.0	0.0	0.0	0.0	0.0	0.0	0.0	0.0	0.0	0.0	0.0	0.0	0.0	0.0	0.0	0.0	0.0	0.0	0.0	0.0	0.0	0.0	0.0	0.0	0.0	0.0	0.0	0.0	0.0	0.0	0.0	0.0	0.0	0.0	0.0	0.0	0.0	0.0	0.0	0.0	0.0	0.0	0.0
877.0506782021685	7.163408864452435	769217.8921348837	51.31442655931573	861.1260324948794	32.73607283753233	741538.043840372	1071.650464824222	803.1328926674508	-5.528549398204632	645022.4432843871	30.5648584483888	802.7076690740026	885.5275082499186	0.990397	64.671608	1.7514943953776922	1.074742345054976	0.0206241768	0.014858731	0.0078573311	0.0122232258	-0.0299691653	-0.0043582799	0.0669491128	-0.0344376254	0.0693180453	-0.0095734278	0.0757614223	-0.0377138132	0.0404076048	-0.0196880159	0.0301932688	0.0040334084	0.0024690242	-0.0078749948	0.0359294341	0.0210952015	0.0218739828	0.0288332625	-0.004085624	0.0067814073	-0.0235047688	-0.0165892625	-0.0349708462	-0.000548381	-0.0004272876	0.0054462003	-0.0009487545	-0.0306329748	0.0453012469	-0.0143801937	-0.0376379099	0.0634387143	-0.028819936	0.0389676936	-0.050635222	0.0060283274	0.003284193	-0.0041972254	0.0005864455	0.0171551964	0.0219326853	-0.0098099456	-0.0043881703	-0.0066488897	0.0508594255	0.0923915715	-0.0209110024	0.0438380627	-0.0131026373	-0.02811962	-0.0474228543	-0.0029609892	0.0139893914	0.017070435	0.0091507089	-0.0162179396	0.0080686843	0.0807787259	0.0111618355	-0.0113227445	-0.0884782721	0.0332714524	0.0802246594	-0.0531726956	-0.0670341672	-0.0654231963686129	0.0492510922358917	0.0024256700864283	0.004280194623086	0.0123640111989402	-0.1102480905258432	0.0121546414645945	0.0001528687729275	2.0474144984487594	-1.0087714430067225	4.191906128458185	1.0176198242258647	-0.0307906991231103	-0.0093808495583432	8.800033843626785e-05	0.0009480671524899	-0.0004388230864722	-0.002282727549589	1.9256570122098788e-07	5.210845065652601e-06	0.0007289216093737	-8.982842524999464e-07	8.069145982893874e-13	5.31326712611945e-07	0.0	0.0	0.0	0.0	0.0	0.0	0.0	0.0	0.0	0.0	0.0	0.0	0.0	0.0	0.0	0.0	0.0	0.0	0.0	0.0	0.0	0.0	0.0	0.0	0.0	0.0	0.0	0.0	0.0	0.0	0.0	0.0	0.0	0.0	0.0	0.0	0.0	0.0	0.0	0.0	0.0	0.0	0.0	0.0	0.0	0.0	0.0	0.0	1.0	0.0	0.0	0.0	0.0	0.0	0.0	0.0	0.0	0.0	0.0	0.0	0.0	0.0	0.0	0.0	0.0	0.0	0.0	0.0	0.0	0.0	0.0	0.0	0.0	0.0	0.0	0.0	0.0	0.0	0.0	0.0	0.0	0.0	0.0	0.0	0.0	0.0	0.0	0.0	0.0	0.0	0.0	0.0	0.0	0.0	0.0	0.0	0.0	0.0	0.0	0.0	0.0	0.0	0.0	0.0	0.0	0.0	0.0	0.0	0.0	0.0	0.0	0.0	0.0	0.0	0.0	0.0	0.0	0.0	0.0	0.0	0.0	0.0	0.0	0.0	0.0	0.0	0.0	0.0
874.6782866235643	-2.372391578604152	765062.1050907341	5.628241802231899	843.7314762264103	-17.394556268469046	711882.8039751976	302.5705877769358	809.820531015896	6.687638348445148	655809.2924548677	44.72450667959415	805.8632421927958	866.2261144205729	0.661555	43.1987	0.4051644151829873	0.2159769087073357	0.0103058758	0.0039405065	-0.0367274414	0.0094976338	-0.006454971	-0.0282285718	0.0552110346	-0.0114160262	0.0976436829	0.0174694637	0.0329276232	-0.0589532105	0.0950626179	0.0133745333	0.02472941	-0.0143067086	-0.0269922371	-0.0140721518	0.0096553425	-0.0084181457	-0.0200931686	0.0221975206	-0.0024035567	0.0169332562	-0.006140673	0.0081347557	-0.0263526423	-0.0236743942	-0.0168108316	0.0091275613	-0.0017520502	0.008947384	-0.01521176	-0.0211423789	-0.0135493153	0.0560667269	-0.0051020534	0.0567009558	-0.0713395466	0.0033724875	-0.0055277172	-0.0091170533	-0.0029046586	0.0290220451	0.0339517034	-0.0054734597	-0.0132577014	-0.0140084175	0.0614078045	0.1306074764	-0.0332462322	0.0523720081	-0.0312049304	-0.0183653602	-0.0507729937	-0.008354946	-0.013460142	0.0283652355	0.0097241982	0.0046177793	0.0292747818	0.0827148112	-0.0094390721	-0.0125074584	-0.0878597406	0.036583196	0.0778350419	-0.0579119187	-0.0619657467	-0.0618688355486654	0.0035543608199474	1.2633480838377804e-05	0.0038277528121478	-0.0161549836424512	-0.0285189948413914	0.0008133330667633	0.0002609834964878	1.9511363255305407	-0.0962781729182187	3.806932960804821	0.0092694865804704	-0.0345021235930421	-0.0037114244699317	1.3774671596008514e-05	0.0011903965324295	-0.0017899398140606	-0.0013511167275884	3.203884537959295e-06	1.8255164115691867e-06	0.0002552050748253	-0.0004737165345484	2.2440735510454554e-07	6.512963021658697e-08	0.0	0.0	0.0	0.0	0.0	0.0	0.0	0.0	0.0	0.0	0.0	0.0	0.0	0.0	0.0	0.0	0.0	0.0	0.0	0.0	0.0	0.0	0.0	0.0	0.0	0.0	0.0	0.0	0.0	0.0	0.0	0.0	0.0	0.0	0.0	0.0	0.0	0.0	0.0	0.0	0.0	0.0	0.0	0.0	0.0	0.0	0.0	0.0	0.0	0.0	0.0	0.0	0.0	0.0	0.0	0.0	0.0	0.0	0.0	0.0	0.0	0.0	0.0	0.0	0.0	0.0	0.0	0.0	0.0	0.0	0.0	0.0	0.0	0.0	0.0	0.0	0.0	0.0	0.0	0.0	0.0	0.0	0.0	0.0	0.0	0.0	0.0	0.0	0.0	0.0	0.0	0.0	0.0	0.0	0.0	0.0	0.0	0.0	0.0	0.0	0.0	0.0	0.0	0.0	0.0	0.0	0.0	0.0	0.0	0.0	0.0	0.0	0.0	0.0	0.0	0.0	0.0	0.0	0.0	0.0	0.0	0.0	0.0	0.0	0.0	0.0	0.0	0.0
878.7320429556552	4.05375633209087	772170.0033170194	16.432940399966824	852.288683457808	8.557207231397683	726395.9999502436	73.2257956010848	809.8552157018804	0.0346846859844163	655865.4703995392	0.0012030274418375	807.4671935814495	871.8725415852865	0.690956	45.1185	0.4482969844730581	0.2937926248764579	0.0153426647	0.0019281472	-0.0118639512	0.0040241346	-0.0491228681	0.0189976819	0.0062223294	0.020272751	0.058600876	0.0229870979	0.0136091706	-0.093448661	0.0367759105	0.0101895067	0.0227220674	-0.0132274233	-0.0260388285	0.0086059219	0.0224822327	0.0022226579	0.0165620016	-0.0070996352	-0.0152151153	0.0246154181	0.0150258214	0.0076178922	-0.0280207247	-0.0295998673	-0.0147866866	0.0055825294	0.0203545924	-0.0090609061	0.0144762981	-0.006132962	0.0068000198	0.0132956809	0.016059912	0.0377759662	-0.0625858327	0.0029248686	0.0048782156	-0.0149957228	-0.0032923684	0.0677419322	0.025876154	0.023141605	-0.0208879426	-0.0214349862	0.0633171026	0.1399043514	-0.033695849	0.0485655488	-0.0621917476	-0.0181386103	-0.0482271357	0.0036329321	-0.0220631524	0.0282955682	-0.0014792099	0.0026626539	0.0336265612	0.0809597157	0.000359107	-0.0136900291	-0.0871809944	0.0398385309	0.075232084	-0.062403154	-0.0565152869	-0.037534501122181	0.0243343344264844	0.0005921598319799	0.001408838774491	-0.0487555451574905	-0.0326005615150392	0.0010627966110958	0.002377103183604	1.6653507730157315	-0.2857855525148092	2.7733931971840944	0.0816733820261947	-0.035975654198119	-0.0014735306050769	2.171292444098313e-06	0.0012942476949826	-0.002056935030321	-0.0002669952162603	4.230981718961652e-06	7.128644550593771e-08	0.0006262099738225	0.0003710048989972	1.3764463507992265e-07	3.921389313147762e-07	0.0	0.0	0.0	0.0	0.0	0.0	0.0	0.0	0.0	0.0	0.0	0.0	0.0	0.0	0.0	0.0	0.0	0.0	0.0	0.0	0.0	0.0	0.0	0.0	0.0	0.0	0.0	0.0	0.0	0.0	0.0	0.0	0.0	0.0	0.0	0.0	0.0	0.0	0.0	0.0	0.0	0.0	0.0	0.0	0.0	0.0	0.0	0.0	0.0	0.0	0.0	0.0	0.0	0.0	0.0	0.0	0.0	0.0	0.0	0.0	0.0	0.0	0.0	0.0	0.0	0.0	0.0	0.0	0.0	0.0	0.0	0.0	0.0	0.0	0.0	0.0	0.0	0.0	0.0	0.0	0.0	0.0	0.0	0.0	0.0	0.0	0.0	0.0	0.0	0.0	0.0	0.0	0.0	0.0	0.0	0.0	0.0	0.0	0.0	0.0	0.0	0.0	0.0	0.0	0.0	0.0	0.0	0.0	0.0	0.0	0.0	0.0	0.0	0.0	0.0	0.0	0.0	0.0	0.0	0.0	0.0	0.0	0.0	0.0	0.0	0.0	0.0	0.0
866.9582323002121	-11.773810655443071	751616.5765531085	138.6226173502248	839.0605557429326	-13.228127714875429	704022.6162036388	174.9833628410554	806.9011371608628	-2.954078541017566	651089.4451514937	8.72658002650047	803.5997179407877	830.4902023925781	0.960938	62.747982	0.5868184829742364	0.354455156329008	-0.0096514856	0.0280427538	-0.0410756148	0.0117442048	-0.02452327	-0.0398893946	0.0421047293	-0.0269385434	0.0248415321	0.011329435	0.0588039945	-0.0431663712	0.0612257511	-0.0017499828	0.0289255218	-0.0188246841	-0.0119924361	0.0181381028	0.0120001842	-0.0135821605	-0.0218286704	0.032475423	0.0129833687	0.0362974963	-0.0074420649	-0.0038203044	-0.0302152311	-0.009775661	-0.022613757	0.0036902621	0.0200024648	0.0124011165	-0.0032796437	-0.0438551378	-0.0166263944	0.0566126152	0.0160111511	0.0313746868	-0.0685225113	-0.0039254177	-0.0034671578	0.0010156949	-0.001234068	-0.0214170582	0.0463437965	0.0083992118	-0.0317047445	-0.0138385752	0.0569088346	0.1101187984	-0.0329544585	0.0246881117	-0.0574846986	0.0020866756	-0.0605436921	-0.002130431	-0.005822786	0.0106477641	-0.0120691542	-0.00722748	0.0004365096	0.0935802434	-0.0146104848	-0.0148702542	-0.0864424987	0.0430324377	0.0724229201	-0.0666271694	-0.0507163915	-0.0548476246792688	-0.0173131235570878	0.0002997442473029	0.0030082619329579	0.0305087857161936	0.079264330873684	0.0062828341488528	0.0009307860058766	1.800669277836036	0.1353185048203045	3.242409848142552	0.0183110977468027	-0.0295172866695806	0.0064583675285384	4.171051113367925e-05	0.0008712702123342	-0.0020340738726154	2.286115770559977e-05	4.13745651925661e-06	5.226325316403037e-10	8.98818560330153e-06	-0.0006172217882191	3.809627358525051e-07	8.078748043939686e-11	0.0	0.0	0.0	0.0	0.0	0.0	0.0	0.0	0.0	0.0	0.0	0.0	0.0	0.0	0.0	0.0	0.0	0.0	0.0	0.0	0.0	0.0	0.0	0.0	0.0	0.0	0.0	0.0	0.0	0.0	0.0	0.0	0.0	0.0	0.0	0.0	0.0	0.0	0.0	0.0	0.0	0.0	0.0	0.0	0.0	0.0	0.0	0.0	0.0	1.0	0.0	0.0	0.0	0.0	0.0	0.0	0.0	0.0	0.0	0.0	0.0	0.0	0.0	0.0	0.0	0.0	0.0	0.0	0.0	0.0	0.0	0.0	0.0	0.0	0.0	0.0	0.0	0.0	0.0	0.0	0.0	0.0	0.0	0.0	0.0	0.0	0.0	0.0	0.0	0.0	0.0	0.0	0.0	0.0	0.0	0.0	0.0	0.0	0.0	0.0	0.0	0.0	0.0	0.0	0.0	0.0	0.0	0.0	0.0	0.0	0.0	0.0	0.0	0.0	0.0	0.0	0.0	0.0	0.0	0.0	0.0	0.0	0.0	0.0	0.0	0.0	0.0	0.0
872.8269216575292	5.868689357317066	761826.8351701585	34.4415147726866	866.0298569914582	26.969301248525653	750007.7132006456	727.3432098337273	803.9102547342707	-2.9908824265921794	646271.6976669199	8.945377689697924	802.5089521980424	838.7042922210693	1.321078	86.264626	2.7498426374415668	1.7833777095222247	-0.0066591184	0.0166939669	0.0092281743	0.1387442333	0.0267999456	0.0041994554	-0.0057468576	-0.1050177999	-0.0104425396	0.0959548109	0.0604713101	0.0846639123	-0.064415064	-0.0161866039	0.0206442058	-0.0243351139	0.0155206856	-0.0051309534	0.0452190199	-0.0326187758	-0.0679716665	0.0278365345	-0.0929151753	-0.0394320807	-0.110014537	-0.0154134534	-0.0190024936	0.0203453738	-0.0160027031	-0.0917486559	-0.1054301811	0.0238655975	-0.0065367082	-0.0250410052	-0.0912228557	-0.0180570654	-0.089806434	-0.0027160395	-0.0496289551	0.0028861593	0.007794315	0.002436261	0.025818426	-0.1653232607	0.0318891929	0.0135217212	-0.0246656252	0.0354015042	-0.0227403006	-0.017755911	-0.0207910805	-0.0434104276	-0.0101928412	0.0729536786	0.0440551686	-0.0061888916	0.0281767806	-0.070871135	-0.0017327837	-0.0188971745	-0.089191978	-0.1858867162	0.027530112	-0.0160479313	-0.0856447597	0.0461599916	0.06941525	-0.0705658771	-0.0446048127	-0.1542051045386898	-0.099357479859421	0.0098719088040152	0.0237792142657882	0.2774735890098156	0.246964803293622	0.0609916140658574	0.076991592597988	2.22634099298935	0.4256717151533138	4.956594217064804	0.1811964090815639	0.0051952974511191	0.0347125841206997	0.0012049634963366	2.6991115605604618e-05	-0.0011387495245505	0.0008953243480649	1.2967504796639896e-06	8.016056882378385e-07	-0.0039400761283363	-0.0039490643139396	1.5595108955631253e-05	1.5524199897085564e-05	0.0	0.0	0.0	0.0	0.0	0.0	0.0	0.0	0.0	0.0	0.0	0.0	0.0	0.0	0.0	0.0	0.0	0.0	0.0	0.0	0.0	0.0	0.0	0.0	0.0	0.0	0.0	0.0	0.0	0.0	0.0	0.0	0.0	0.0	0.0	0.0	0.0	0.0	0.0	0.0	0.0	0.0	0.0	0.0	0.0	0.0	0.0	0.0	0.0	0.0	1.0	0.0	0.0	0.0	0.0	0.0	0.0	0.0	0.0	0.0	0.0	0.0	0.0	0.0	0.0	0.0	0.0	0.0	0.0	0.0	0.0	0.0	0.0	0.0	0.0	0.0	0.0	0.0	0.0	0.0	0.0	0.0	0.0	0.0	0.0	0.0	0.0	0.0	0.0	0.0	0.0	0.0	0.0	0.0	0.0	0.0	0.0	0.0	0.0	0.0	0.0	0.0	0.0	0.0	0.0	0.0	0.0	0.0	0.0	0.0	0.0	0.0	0.0	0.0	0.0	0.0	0.0	0.0	0.0	0.0	0.0	0.0	0.0	0.0	0.0	0.0	0.0	0.0
890.4733863066734	17.646464649144264	792942.8517204741	311.3977146134982	867.1428267491328	1.1129697576745912	751936.6819824766	1.238701681498238	817.7268331749221	13.816578440651485	668677.173694287	190.89783980667536	814.4686255244699	855.520196202596	1.16394	76.00376099999998	1.5810550613544396	0.8911405006584374	-0.0024226204	-0.001112964	-0.0110096734	0.0363818378	0.0566528279	-0.0276059704	0.0274815576	-0.019247398	-0.0145856639	0.022821824	0.0007401519	0.0762398817	-0.1143692025	0.0398297464	-0.0028687923	-0.0554439764	0.0135654986	-0.0094724733	-0.0708195962	-0.0013879926	-0.0262368976	0.0124185901	-0.0346286914	-0.0133744977	-0.0341144697	0.0362947979	0.0093136159	0.0151879208	-0.0472504715	0.0041750701	0.0042876637	0.0292310286	-0.0673896057	-0.0191249128	-0.0267735435	-0.0213947869	-0.0409848788	0.0034403526	-0.0122192412	-0.0067423041	-0.0133030634	0.0175685016	0.0198209048	-0.1867980166	0.0531529155	-0.0089429169	-0.0457076891	0.0326916454	0.0010280526	-0.0109342638	-0.0166482267	-0.0468789164	-0.0180476616	0.0850295043	0.0899995094	-0.0505256345	0.0468172689	-0.0699036046	0.0111825389	-0.0369704162	-0.0667148381	-0.2099722492	0.0446727317	-0.0172228587	-0.084788324	0.0492163702	0.0662173176	-0.0742024108	-0.0382182304	-0.247184325331446	-0.0929792207927562	0.0086451354992281	0.0611000906895621	0.4997406839686249	0.2222670949588093	0.0494026615014283	0.249740751213429	1.9782332050955205	-0.2481077878938293	3.913406613742496	0.0615574744135694	0.0199124808040089	0.0147171833528898	0.0002165954858425	0.00039650689177	0.0028254317968117	0.0039641813213622	7.983064838434592e-06	1.5714733548636956e-05	-0.0056127306082652	-0.0016726544799289	2.7977730092262204e-06	3.150274488095704e-05	0.0	0.0	0.0	0.0	0.0	0.0	0.0	0.0	0.0	0.0	0.0	0.0	0.0	0.0	0.0	0.0	0.0	0.0	0.0	0.0	0.0	0.0	0.0	0.0	0.0	0.0	0.0	0.0	0.0	0.0	0.0	0.0	0.0	0.0	0.0	0.0	0.0	0.0	0.0	0.0	0.0	0.0	0.0	0.0	0.0	0.0	0.0	0.0	0.0	0.0	0.0	1.0	0.0	0.0	0.0	0.0	0.0	0.0	0.0	0.0	0.0	0.0	0.0	0.0	0.0	0.0	0.0	0.0	0.0	0.0	0.0	0.0	0.0	0.0	0.0	0.0	0.0	0.0	0.0	0.0	0.0	0.0	0.0	0.0	0.0	0.0	0.0	0.0	0.0	0.0	0.0	0.0	0.0	0.0	0.0	0.0	0.0	0.0	0.0	0.0	0.0	0.0	0.0	0.0	0.0	0.0	0.0	0.0	0.0	0.0	0.0	0.0	0.0	0.0	0.0	0.0	0.0	0.0	0.0	0.0	0.0	0.0	0.0	0.0	0.0	0.0	0.0	0.0
870.3163818428726	-20.15700446380083	757450.6045040688	406.3048289536866	853.5633557059548	-13.579471043178046	728570.4022040103	184.40203381251104	806.5295146695144	-11.197318505407791	650489.8580330424	125.3799417115478	804.0377953695544	831.10826659139	1.083923	70.778755	0.969964526784296	0.3874568633520602	-0.0158288873	0.0196889888	-0.0365480781	-0.0421573527	0.0068533238	0.0185230083	0.0035362769	0.0460213609	0.0007142913	0.0136604451	0.0079503608	0.0144891874	-0.0011830024	-0.0094658168	-0.0101667896	-0.0144088254	-0.0063369089	-0.0104009284	-0.0090830584	-0.0051924775	-0.0001048055	0.0092375473	0.0014674469	-0.0315741286	-0.0474912806	-0.0139167696	0.0108902239	-0.0048645337	-0.0153565932	0.0120537225	0.003249451	-0.0010037977	-0.0017300855	0.0055219398	-0.0094714672	0.0186870692	-0.0194598922	-0.0307111011	-0.0313196543	-0.0045714351	0.004906142	0.0100264752	0.0085946606	-0.1587734653	0.0213578372	0.0280212108	-0.0421875786	0.0333203443	-0.0061707392	-0.0107203708	-0.0052644581	-0.0301808746	-0.0279912388	0.0661638963	0.0365760463	-0.0149511885	0.0338748289	-0.0537297585	0.0013074485	-0.0137473732	-0.0697512309	-0.1684033764	0.0093659055	-0.0183948351	-0.0838737786	0.0521968607	0.0628378881	-0.0775211985	-0.0315960199	-0.095761348012914	0.151422977318532	0.0229289180600086	0.0091702357732504	0.424568248308077	-0.0751724356605479	0.0056508950831392	0.1802581974713889	1.6987382643338265	-0.279494940761694	2.885711690711901	0.0781174219113828	0.0160267214965211	-0.0038857593074878	1.509912539572808e-05	0.000256855801927	9.16069856415902e-06	-0.0028162710982475	8.391839818338513e-11	7.931382898824412e-06	-0.0030372775531301	0.0025754530551351	6.6329584392047215e-06	9.225054934747968e-06	0.0	0.0	0.0	0.0	0.0	0.0	0.0	0.0	0.0	0.0	0.0	0.0	0.0	0.0	0.0	0.0	0.0	0.0	0.0	0.0	0.0	0.0	0.0	0.0	0.0	0.0	0.0	0.0	0.0	0.0	0.0	0.0	0.0	0.0	0.0	0.0	0.0	0.0	0.0	0.0	0.0	0.0	0.0	0.0	0.0	0.0	0.0	0.0	0.0	0.0	0.0	0.0	1.0	0.0	0.0	0.0	0.0	0.0	0.0	0.0	0.0	0.0	0.0	0.0	0.0	0.0	0.0	0.0	0.0	0.0	0.0	0.0	0.0	0.0	0.0	0.0	0.0	0.0	0.0	0.0	0.0	0.0	0.0	0.0	0.0	0.0	0.0	0.0	0.0	0.0	0.0	0.0	0.0	0.0	0.0	0.0	0.0	0.0	0.0	0.0	0.0	0.0	0.0	0.0	0.0	0.0	0.0	0.0	0.0	0.0	0.0	0.0	0.0	0.0	0.0	0.0	0.0	0.0	0.0	0.0	0.0	0.0	0.0	0.0	0.0	0.0	0.0	0.0
882.3496730938693	12.03329125099674	778540.9456088581	144.8000983313147	858.1414402305306	4.578084524575843	736406.7314409293	20.95885791416082	811.3935179911316	4.864003321617247	658359.4410380248	23.658528312703613	811.1800686938989	886.1910527060827	1.257575	82.117958	2.9124025012260177	1.770961722988996	0.0115661366	0.0187530593	-0.0007063056	0.0644191431	-0.0480734595	0.0331623885	-0.0421698366	0.0359750329	-0.0384719463	0.0360042337	-0.0357870137	0.014985516	-0.0173244493	0.0125032496	0.0315196612	0.0093067372	-0.0255888689	0.112855315	-0.0509576952	-0.0132677883	-0.0401779132	-0.012424104	0.0025723395	-0.0432499813	0.0601404673	0.0162688772	-0.0374197492	-0.0246966226	0.0058978726	-0.0674950951	0.0726033477	0.0282931376	-0.0441757134	-0.0516358863	0.0266261294	-0.0171823275	0.0347291987	0.0194092147	0.0468023667	0.0007583313	-0.0056468583	-0.0120126406	0.0137415455	0.0345435061	-0.0056133378	0.0658135129	-0.0607642545	-0.0078467511	0.0682127377	0.163260914	-0.0775509922	-0.0043633749	-0.1283296146	0.0301881908	-0.0249164704	-0.0126563216	-0.0375741823	0.0263726817	-0.0361343135	0.0222981714	0.0157918985	0.0723456354	-0.0341258093	-0.0195636596	-0.0829017503	0.0550968674	0.0592862243	-0.0805080284	-0.0247790096	-0.0711985555367675	0.0245627924761464	0.0006033307742262	0.0050692343105221	0.0794532683090523	-0.3451149799990247	0.1191043494197272	0.0063128218449902	1.017830274101513	-0.6809079902323134	1.0359784668775611	0.4636356911622082	-0.0180141416234623	-0.0340408631199834	0.0011587803619534	0.0003245092984301	-0.0016000631184585	-0.0016092238170226	2.56020198305114e-06	2.5896012932729764e-06	-0.0014510297197655	0.0015862478333646	2.516182188853888e-06	2.105487247642745e-06	0.0	0.0	0.0	0.0	0.0	0.0	0.0	0.0	0.0	0.0	0.0	0.0	0.0	0.0	0.0	0.0	0.0	0.0	0.0	0.0	0.0	0.0	0.0	0.0	0.0	0.0	0.0	0.0	0.0	0.0	0.0	0.0	0.0	0.0	0.0	0.0	0.0	0.0	0.0	0.0	0.0	0.0	0.0	0.0	0.0	0.0	0.0	0.0	0.0	0.0	0.0	0.0	0.0	1.0	0.0	0.0	0.0	0.0	0.0	0.0	0.0	0.0	0.0	0.0	0.0	0.0	0.0	0.0	0.0	0.0	0.0	0.0	0.0	0.0	0.0	0.0	0.0	0.0	0.0	0.0	0.0	0.0	0.0	0.0	0.0	0.0	0.0	0.0	0.0	0.0	0.0	0.0	0.0	0.0	0.0	0.0	0.0	0.0	0.0	0.0	0.0	0.0	0.0	0.0	0.0	0.0	0.0	0.0	0.0	0.0	0.0	0.0	0.0	0.0	0.0	0.0	0.0	0.0	0.0	0.0	0.0	0.0	0.0	0.0	0.0	0.0	0.0	0.0
892.6370758274034	10.287402733534009	796800.9491416975	105.830655001923	854.0324351323115	-4.109005098219086	729371.400258026	16.88392289719044	815.9991917389638	4.6056737478321566	665854.6809186421	21.2122306714703	811.5924385385244	894.4910125579834	1.026925	67.056824	0.3172500831112255	0.1796047459887108	0.0099070991	-0.0064700696	-0.0405190551	-0.02159087	0.0118581461	-0.0237187548	0.0421366665	0.0520082462	-0.0224663634	-0.0220552685	-0.0396464178	0.0489848766	-0.0323041303	0.0298022541	0.0098024872	-0.0333770769	0.0018346852	-0.0144283511	-0.0179638753	0.0347347119	0.0634888583	-0.0403700489	-0.0171530557	0.0301571795	0.0184357458	0.0240124213	-0.0027194531	-0.0020115588	-0.0309502957	0.0524721407	0.0443828268	0.0030241947	0.0030899311	0.009897504	0.0279734177	-0.0301255023	-0.0018174474	-0.0034833588	-0.0360001373	-0.0114137106	0.0018420881	0.0023658448	-0.0003043996	0.0119419631	0.0122580008	0.0829073086	-0.0765305328	0.000485003	0.0559462807	0.1403700648	-0.0641997618	-0.0383881174	-0.1445634993	0.0409099731	-0.0276578856	0.0066147465	-0.0167305988	0.0101601975	-0.0561774368	-0.0106155983	0.0044911717	0.1022795113	-0.0139422346	-0.0207291319	-0.0818729053	0.0579119187	0.0555720611	-0.0831501106	-0.0178092284	-0.0386616846012941	0.0325368709354734	0.0010586479702716	0.0014947258562099	0.0650019306818592	-0.0144513376271931	0.0002088411592151	0.0042252509923692	0.9861760713890249	-0.0316542027124882	0.972543243780291	0.0010019885493632	-0.0211166229262843	-0.003102481302822	9.6253902343601e-06	0.0004459117638108	-0.0013427455348178	0.0002573175836406	1.80296557127314e-06	6.621233885068864e-08	-3.867516950678378e-05	0.0014123545502587	1.9947453756365005e-06	1.4957687363784578e-09	0.0	0.0	0.0	0.0	0.0	0.0	0.0	0.0	0.0	0.0	0.0	0.0	0.0	0.0	0.0	0.0	0.0	0.0	0.0	0.0	0.0	0.0	0.0	0.0	0.0	0.0	0.0	0.0	0.0	0.0	0.0	0.0	0.0	0.0	0.0	0.0	0.0	0.0	0.0	0.0	0.0	0.0	0.0	0.0	0.0	0.0	0.0	0.0	0.0	0.0	0.0	0.0	0.0	0.0	0.0	0.0	0.0	0.0	0.0	0.0	0.0	0.0	0.0	0.0	0.0	0.0	0.0	0.0	0.0	0.0	0.0	0.0	0.0	0.0	0.0	0.0	0.0	0.0	0.0	0.0	0.0	0.0	0.0	0.0	0.0	0.0	0.0	0.0	0.0	0.0	0.0	0.0	0.0	0.0	0.0	0.0	0.0	0.0	0.0	0.0	0.0	0.0	0.0	0.0	0.0	0.0	0.0	0.0	0.0	0.0	0.0	0.0	0.0	0.0	0.0	0.0	0.0	0.0	0.0	0.0	0.0	0.0	0.0	0.0	0.0	0.0	0.0	0.0
886.8409408468457	-5.796134980557667	786486.8543621184	33.59518071284423	881.9864804156415	27.954045283329947	777900.1516359708	781.4286477024613	818.0221530643788	2.0229613254150536	669160.242904082	4.092372524125031	818.0922040187701	875.0336934967041	0.948011	61.903866	0.3007260054926881	0.1917505879291207	0.0082119126	0.0016064423	0.0260407521	0.0386391879	-0.0147953889	0.0203956992	-0.0331515295	0.0661829234	-0.0554083412	0.0241299648	-0.0301882777	0.0462061235	-0.0349555608	0.0397310975	0.0113480914	7.34001e-05	0.0018460893	0.0736253115	-0.0376313119	0.007235063	-0.0230594917	2.21285e-05	-0.0315239254	-0.0492609952	0.042548084	0.0406768461	-0.0103330523	-0.0043476644	-0.0079725984	-0.0578877389	0.0415986138	0.031016447	-0.0478557447	-0.0310264088	-0.0006941267	-0.0145285316	0.0215285817	0.0179689647	0.0165802415	0.0005549313	-0.0054789336	-0.0206719209	0.0040215159	0.0841318594	0.0032872497	0.0883686107	-0.075908845	-0.0255602046	0.0731641316	0.1691912785	-0.0710361319	-0.0035298211	-0.1377300166	0.0399633459	-0.0394958655	-0.0006346765	-0.0317422856	0.0327306118	-0.0419519684	0.0199520975	0.0391566064	0.0832958478	-0.0411943778	-0.0218910524	-0.0807879487	0.060637674	0.0517055788	-0.0854361313	-0.0107296473	-0.0389389078822688	-0.0002772232809747	7.685274751437852e-08	0.0015162385470638	-0.0173428257432277	-0.0823447564250869	0.0067806589107068	0.0003007736047599	1.0429155365151104	0.0567394651260855	1.0876728163046006	0.0032193669027942	-0.0242454345806675	-0.0031288116543831	9.789462368604132e-06	0.0005878410980054	-0.0012456962171834	9.70493176344e-05	1.5517590655050328e-06	9.418570053302662e-09	-4.010541070000387e-05	-1.4302411932200917e-06	2.045589870783631e-12	1.6084439674159847e-09	0.0	0.0	0.0	0.0	0.0	0.0	0.0	0.0	0.0	0.0	0.0	0.0	0.0	0.0	0.0	0.0	0.0	0.0	0.0	0.0	0.0	0.0	0.0	0.0	0.0	0.0	0.0	0.0	0.0	0.0	0.0	0.0	0.0	0.0	0.0	0.0	0.0	0.0	0.0	0.0	0.0	0.0	0.0	0.0	0.0	0.0	0.0	0.0	0.0	0.0	0.0	0.0	0.0	0.0	0.0	0.0	0.0	0.0	0.0	0.0	0.0	0.0	0.0	0.0	0.0	0.0	0.0	0.0	0.0	0.0	0.0	0.0	0.0	0.0	0.0	0.0	0.0	0.0	0.0	0.0	0.0	0.0	0.0	0.0	0.0	0.0	0.0	0.0	0.0	0.0	0.0	0.0	0.0	0.0	0.0	0.0	0.0	0.0	0.0	0.0	0.0	0.0	0.0	0.0	0.0	0.0	0.0	0.0	0.0	0.0	0.0	0.0	0.0	0.0	0.0	0.0	0.0	0.0	0.0	0.0	0.0	0.0	0.0	0.0	0.0	0.0	0.0	0.0
883.5479907223408	-3.2929501245048414	780657.0519094857	10.84352052247645	871.9601909092495	-10.026289506392004	760314.5745304949	100.52648126598642	809.312773748635	-8.709379315743831	654987.1657527093	75.85328806550649	808.9303877272644	859.504574865977	1.202327	78.510391	0.272618229761644	0.1986151505449983	-0.0087728576	-0.0076686528	-0.0163694301	-0.0543943802	0.0163865396	0.0489395251	0.0725910279	0.0511616859	-0.0194762228	0.0051707152	0.0159826425	0.0063476725	-0.0433854079	0.0010619513	0.031696014	-0.0619794173	-0.0067917874	-0.0333455081	0.0053474557	0.0430223959	0.0704115619	-0.0128405552	0.0157663703	0.0528323812	-0.0037138889	0.0026792766	-0.0287990667	-9.76537e-05	-0.0689368743	0.0692201962	0.044485282	-0.020907989	0.0308933178	0.0176712505	0.0086121136	0.0234036469	0.000301098	-0.0033560282	-0.0583470038	-0.0125513211	-0.0075847607	0.0055392886	-0.0191794681	0.0347893774	0.0212251255	0.0416352795	-0.0712205929	-0.0030308916	0.056611396	0.149174568	-0.0497611038	-0.0298457246	-0.1155270159	0.0170868941	-0.0369883869	-0.000577222	-0.0092890548	0.0057386337	-0.0317226532	-0.024328205	-0.0071165126	0.0939643116	0.0069775886	-0.0230492221	-0.0796476241	0.0632699305	0.047697375	-0.0873563013	-0.0035839144	-0.0457099622627481	-0.0067710543804792	4.584717742340791e-05	0.0020894006500618	-0.0256821512659541	-0.0083393255227263	6.954435017399592e-05	0.0006595728936473	1.239773502247644	0.1968579657325335	1.5370383368753888	0.0387530586723513	-0.023457835221811	0.0007875993588565	6.203127500711699e-07	0.0005502700332936	-0.0014511478161189	-0.0002054515989354	2.1058299842266526e-06	4.221035950515349e-08	-0.0002600521354261	-0.000219946724726	4.837656171773711e-08	6.762711313967466e-08	0.0	0.0	0.0	0.0	0.0	0.0	0.0	0.0	0.0	0.0	0.0	0.0	0.0	0.0	0.0	0.0	0.0	0.0	0.0	0.0	0.0	0.0	0.0	0.0	0.0	0.0	0.0	0.0	0.0	0.0	0.0	0.0	0.0	0.0	0.0	0.0	0.0	0.0	0.0	0.0	0.0	0.0	0.0	0.0	0.0	0.0	0.0	0.0	0.0	0.0	0.0	0.0	0.0	0.0	0.0	0.0	0.0	0.0	0.0	0.0	0.0	0.0	0.0	0.0	0.0	0.0	0.0	0.0	0.0	0.0	0.0	0.0	0.0	0.0	0.0	0.0	0.0	0.0	0.0	0.0	0.0	0.0	0.0	0.0	0.0	0.0	0.0	0.0	0.0	0.0	0.0	0.0	0.0	0.0	0.0	0.0	0.0	0.0	0.0	0.0	0.0	0.0	0.0	0.0	0.0	0.0	0.0	0.0	0.0	0.0	0.0	0.0	0.0	0.0	0.0	0.0	0.0	0.0	0.0	0.0	0.0	0.0	0.0	0.0	0.0	0.0	0.0	0.0
813.3647078488673	-70.18328287347356	661562.1479740732	4925.693194898007	818.1289803145768	-53.83121059467271	669335.0284305691	2897.799234088004	762.3584507219838	-46.9543230266512	581190.4073872233	2204.7084508911066	761.6437560637964	766.2618734741211	2.031615	132.661789	2.55016877629084	1.4749050140100954	-0.0500916092	0.0571585754	-0.0736205396	0.250110648	0.0746858818	-0.0986593333	0.0373334425	-0.1767832792	0.0839080381	0.0248751413	0.0193944663	0.0449357184	0.0153963183	-0.2176314642	0.0246911179	0.0720652702	0.0737681404	-0.031533003	0.0484180953	0.0072895948	-0.1284962683	0.0406321957	-0.1953052985	-0.0522799141	-0.1477686262	-0.21008128	-0.0343743628	0.0726457976	0.0740052184	-0.1241921113	-0.1536840048	-0.0520874142	-0.0045916032	-0.0810939823	-0.1391032597	-0.0360302273	-0.1964371073	0.0476518299	-0.0419107243	-0.0083189909	-0.0098395438	0.0080391811	0.0042038069	-0.1216491711	0.047217552	0.0487241035	-0.0846962931	0.0298050873	-0.0196593566	-0.0150644181	-0.0193727351	-0.0681825406	-0.0666263904	0.0660192826	-0.0377255828	0.0038907462	0.0034174943	-0.0381315974	0.0070099679	-0.0004737127	-0.0951489715	-0.0630245765	-0.0043874394	-0.0242034423	-0.0784527129	0.0658046293	0.0435584361	-0.0889023983	0.0035839144	-0.1306293380929588	-0.0849193758302107	0.0072113003913925	0.0170640239706045	0.20739956991018	0.2330817211761341	0.0543270887464291	0.0430145815989276	2.427152343455134	1.1873788412074902	5.891068498339749	1.409868512547242	-0.003096064583529	0.020361770638282	0.000414601703526	9.5856159053826e-06	-0.0014308068467099	2.034096940899989e-05	2.047208232591928e-06	4.1375503649786924e-10	-0.0007737172892752	-0.0005136651538491	2.638518902788196e-07	5.986384437233635e-07	0.0	0.0	0.0	0.0	0.0	0.0	0.0	0.0	0.0	0.0	0.0	0.0	0.0	0.0	0.0	0.0	0.0	0.0	0.0	0.0	0.0	0.0	0.0	0.0	0.0	0.0	0.0	0.0	0.0	0.0	0.0	0.0	0.0	0.0	0.0	0.0	0.0	0.0	0.0	0.0	0.0	0.0	0.0	0.0	0.0	0.0	0.0	0.0	0.0	0.0	0.0	0.0	0.0	0.0	1.0	0.0	0.0	0.0	0.0	0.0	0.0	0.0	0.0	0.0	0.0	0.0	0.0	0.0	0.0	0.0	0.0	0.0	0.0	0.0	0.0	0.0	0.0	0.0	0.0	0.0	0.0	0.0	0.0	0.0	0.0	0.0	0.0	0.0	0.0	0.0	0.0	0.0	0.0	0.0	0.0	0.0	0.0	0.0	0.0	0.0	0.0	0.0	0.0	0.0	0.0	0.0	0.0	0.0	0.0	0.0	0.0	0.0	0.0	0.0	0.0	0.0	0.0	0.0	0.0	0.0	0.0	0.0	0.0	0.0	0.0	0.0	0.0	0.0
884.3243904200125	70.95968257114521	782029.6274917267	5035.2765505976895	892.9007879727847	74.77180765820788	797271.8171624198	5590.823220476034	806.1016624897627	43.74321176777892	649799.8902687593	1913.468575760752	803.5017584347673	881.6153828786214	2.331	152.211227	3.724956128493596	2.4215522911854506	0.0015204788	0.0074372371	0.0326214014	-0.2671469852	-0.0540802528	0.0547883945	0.0796982906	0.0069440266	-0.0031298973	-0.1387969952	-0.0855007728	0.0122841134	-0.1789041983	-0.0124913155	0.0052138241	-0.0119408513	-0.055235478	-0.0927087241	-0.0256943827	0.1038745206	0.2052216409	-0.1278625877	0.3232552085	0.093722911	0.0676746567	-0.0128618316	0.0024852944	-0.0496598845	-0.0212373082	0.2175930974	0.1367399947	-0.1110581756	0.0833689173	0.1228722492	0.2117213835	0.0428008328	0.115066856	-0.1260443867	0.0955194543	-0.0040478803	0.010246042	0.0025706886	0.0171272863	0.096079286	-0.0776135291	0.1514074468	-0.1179297889	0.0476693196	-0.0062440662	0.0112988409	-0.005889396	-0.0393683692	-0.0734090897	0.0386991091	-0.0690132464	0.0409980803	-0.0513149832	0.0204440407	-0.0366597049	0.0869083905	0.009605587	0.0462679547	-0.0011575713	-0.0253535154	-0.0772040342	0.0682378621	0.0393001065	-0.0900678015	0.0107296473	-0.0025256313154073	0.1281037067775514	0.0164105596901488	6.3788135413660086e-06	-0.0766974728763187	-0.2840970427864987	0.0807111297200336	0.0058825023456136	0.0374004624051735	-2.3897518810499605	0.0013987945881207	5.710914052981825	-0.019092395139842	-0.015996330556313	0.0002558825912668	0.0003645195521758	-0.0032347153992609	-0.0018039085525509	1.0463383714215603e-05	3.254086065966644e-06	-0.0001138864405475	0.0006598308487277	4.3537674893271693e-07	1.2970121340579253e-08	0.0	0.0	0.0	0.0	0.0	0.0	0.0	0.0	0.0	0.0	0.0	0.0	0.0	0.0	0.0	0.0	0.0	0.0	0.0	0.0	0.0	0.0	0.0	0.0	0.0	0.0	0.0	0.0	0.0	0.0	0.0	0.0	0.0	0.0	0.0	0.0	0.0	0.0	0.0	0.0	0.0	0.0	0.0	0.0	0.0	0.0	0.0	0.0	0.0	0.0	0.0	0.0	0.0	0.0	0.0	1.0	0.0	0.0	0.0	0.0	0.0	0.0	0.0	0.0	0.0	0.0	0.0	0.0	0.0	0.0	0.0	0.0	0.0	0.0	0.0	0.0	0.0	0.0	0.0	0.0	0.0	0.0	0.0	0.0	0.0	0.0	0.0	0.0	0.0	0.0	0.0	0.0	0.0	0.0	0.0	0.0	0.0	0.0	0.0	0.0	0.0	0.0	0.0	0.0	0.0	0.0	0.0	0.0	0.0	0.0	0.0	0.0	0.0	0.0	0.0	0.0	0.0	0.0	0.0	0.0	0.0	0.0	0.0	0.0	0.0	0.0	0.0	0.0
898.6406372493349	14.31624682932238	807554.9949158906	204.95492327808316	889.4479502640761	-3.4528377087085573	791117.6562289664	11.92208824267976	819.2946476245343	13.19298513477156	671243.7196262098	174.0548567663034	818.1574739247927	903.5928682759604	1.331301	86.93220499999998	0.6737509463723241	0.4259272756193328	0.011118562	-0.0090707873	0.0210100247	-0.0977255321	-0.0325640334	0.0650307021	0.0016116599	0.1506006079	-0.0079604624	0.0768694433	-0.0345755581	0.0012125053	0.0230082303	0.0436902952	0.0019804049	-0.0289429847	-0.0411624253	0.0308200314	-0.0886681583	-0.0063678529	0.0457920977	0.0054615253	0.0088583103	0.0135770723	0.0864172024	0.0435157631	0.0056295282	-0.0200107853	-0.0287097468	0.0485546302	0.0859209025	0.037550909	-0.0399789946	-0.0159660065	0.026767566	-0.0462343979	0.038416012	0.0185724674	0.0475017039	-0.0166437467	-0.0259265793	-0.0134248136	-0.0010389083	0.0559105186	-0.0354925363	0.1520927472	-0.1759489831	0.0315236304	0.0018104322	0.0542829403	-0.0436911926	-0.057542395	-0.0771080323	0.0657937227	-0.0796900943	0.0251745581	-0.0347082478	0.0140190442	-0.0627304951	0.0227521333	0.0295969495	0.0888125371	-0.0814548177	-0.0264992443	-0.0759024438	0.0705658771	0.034934058	-0.0908475206	0.0178092284	-0.0121370353430165	-0.0096114040276092	9.237908738194236e-05	0.0001473076269176	-0.0247447843359225	0.0519526885403962	0.0026990818465754	0.0006123043518313	0.4410555594828622	0.4036550970776886	0.1945300065507405	0.1629374373967982	-0.0201936698422275	-0.0011012747023854	1.212805970114271e-06	0.0004077843016968	-0.0017343732396519	0.0015003421596089	3.0080505344206272e-06	2.251026595900197e-06	0.0014551318319906	0.0015690182725381	2.461818339558444e-06	2.11740864847232e-06	0.0	0.0	0.0	0.0	0.0	0.0	0.0	0.0	0.0	0.0	0.0	0.0	0.0	0.0	0.0	0.0	0.0	0.0	0.0	0.0	0.0	0.0	0.0	0.0	0.0	0.0	0.0	0.0	0.0	0.0	0.0	0.0	0.0	0.0	0.0	0.0	0.0	0.0	0.0	0.0	0.0	0.0	0.0	0.0	0.0	0.0	0.0	0.0	0.0	0.0	0.0	0.0	0.0	0.0	0.0	0.0	1.0	0.0	0.0	0.0	0.0	0.0	0.0	0.0	0.0	0.0	0.0	0.0	0.0	0.0	0.0	0.0	0.0	0.0	0.0	0.0	0.0	0.0	0.0	0.0	0.0	0.0	0.0	0.0	0.0	0.0	0.0	0.0	0.0	0.0	0.0	0.0	0.0	0.0	0.0	0.0	0.0	0.0	0.0	0.0	0.0	0.0	0.0	0.0	0.0	0.0	0.0	0.0	0.0	0.0	0.0	0.0	0.0	0.0	0.0	0.0	0.0	0.0	0.0	0.0	0.0	0.0	0.0	0.0	0.0	0.0	0.0	0.0
882.566651555186	-16.07398569414886	778923.8944373331	258.3730160957022	854.4133683241807	-35.03458193989536	730022.2039710721	1227.421931703242	814.9959576911573	-4.298689933376977	664218.4110529267	18.47873514331656	812.013123198514	874.6469476928711	1.389791	90.751503	0.3588641362884108	0.1845115608930592	-0.0059719869	-0.0022193561	-0.0317109562	0.0066320699	-0.0290738034	0.0701201874	0.0464476687	0.0138969098	-0.0319464075	-0.0287097867	-0.034767019	0.0237623202	-0.0842382292	0.0216168333	0.0065991998	-0.0514304682	-0.0110590414	-0.0247330466	0.0007531496	0.0288548831	0.1260677081	-0.0880482113	-0.003335026	0.0393695586	0.0423267322	0.0198690938	-0.0015828216	-0.0102403125	-0.0505170767	0.0403810236	0.0508223778	-0.0146305647	0.0209362042	0.0670421046	0.0470126557	-0.081666371	-0.0047002912	-0.0199137843	-0.0117372827	-0.0106489678	0.0129855302	0.0035679848	-0.0052603506	0.1404392065	-0.0724411077	0.1315694634	-0.1041312128	0.0357334206	0.0146419808	0.0772012807	0.0093071851	-0.0226753958	-0.1052741381	-0.0011126829	-0.0618107712	0.0401028318	-0.0780164558	0.0175966999	0.0064588296	0.0509461808	0.0046121161	0.029271843	0.0496236376	-0.0276404327	-0.0745488335	0.0727850846	0.0304722578	-0.0912382167	0.0247790096	0.0261517167087816	0.0382887520517981	0.001466028533684	0.0006839122868163	0.0661625955454496	0.0909073798813721	0.008264151716896	0.0043774890493107	0.2979570330429766	-0.1430985264398855	0.0887783935397734	0.0204771882692666	-0.0195119890597125	0.000681680782515	4.646886892502644e-07	0.0003807177170663	-0.0026541870007696	-0.0009198137611176	7.044708635054323e-06	8.460573551414887e-07	0.0013252368173162	-0.0001298950146744	1.68727148372626e-08	1.7562526219703711e-06	0.0	0.0	0.0	0.0	0.0	0.0	0.0	0.0	0.0	0.0	0.0	0.0	0.0	0.0	0.0	0.0	0.0	0.0	0.0	0.0	0.0	0.0	0.0	0.0	0.0	0.0	0.0	0.0	0.0	0.0	0.0	0.0	0.0	0.0	0.0	0.0	0.0	0.0	0.0	0.0	0.0	0.0	0.0	0.0	0.0	0.0	0.0	0.0	0.0	0.0	0.0	0.0	0.0	0.0	0.0	0.0	0.0	0.0	0.0	0.0	0.0	0.0	0.0	0.0	0.0	0.0	0.0	0.0	0.0	0.0	0.0	0.0	0.0	0.0	0.0	0.0	0.0	0.0	0.0	0.0	0.0	0.0	0.0	0.0	0.0	0.0	0.0	0.0	0.0	0.0	0.0	0.0	0.0	0.0	0.0	0.0	0.0	0.0	0.0	0.0	0.0	0.0	0.0	0.0	0.0	0.0	0.0	0.0	0.0	0.0	0.0	0.0	0.0	0.0	0.0	0.0	0.0	0.0	0.0	0.0	0.0	0.0	0.0	0.0	0.0	0.0	0.0	0.0
807.6216786049093	-74.94497295027668	652252.7757526115	5616.748970517703	826.8010528613995	-27.612315462781226	683599.9810127188	762.4399652161471	784.7078404519688	-30.288117239188523	615766.3948667925	917.370045894829	780.705222107066	659.2506882273356	2.673398	174.569336	9.696794047316317	6.4629489921935	-0.1293207455	0.0411289144	-0.0781632103	0.1389355206	0.1175034849	-0.0487858688	0.0690969358	0.1715714934	0.0123958993	-0.0504553012	0.1114301879	-0.0841600931	0.0601975533	-0.1330545295	-0.1281089448	0.0355494643	-0.1116654418	0.040929645	0.0247558765	0.1092526298	-0.1542791101	0.1307656887	0.1029350853	-0.2797264657	0.0980547381	-0.1392723896	0.1315840903	-0.0969290983	0.0017243193	-0.1223406916	0.0036807773	-0.0462581248	-0.0628786187	0.0832521782	-0.0891897575	0.1317694675	0.1035536831	-0.0766229362	0.1542637471	-0.1208620741	-0.0813675748	0.0734547743	-0.1090858684	-0.0159961421	0.0171527361	-0.1235265662	-0.0659970559	-0.0742334397	0.0090232301	-0.1420985356	-0.0582392868	0.0472028236	-0.0163770465	0.2459190367	-0.010821541	-0.0861544295	-0.0717450205	-0.0535924227	0.2895109023	0.0665710692	0.0741094295	-0.2751598225	-0.4478915123	-0.0287768851	-0.0731441312	0.0748920628	0.0259269352	-0.0912382167	0.0315960199	0.0868231125268721	0.0606713958180904	0.0036810182705154	0.0075382528688538	2.286155580580214	2.2199929850347644	4.928368853603564	5.226507338618056	1.1674547400166944	0.8694977069737178	1.3629505699874471	0.7560262624325531	0.1064692536724512	0.1259812427321637	0.0158712735203403	0.0113357019775687	-0.0009799872321536	0.0016741997686159	9.60374975184074e-07	2.802944865233867e-06	-0.001951959871699	-0.0032771966890152	1.0740018138492187e-05	3.810147340723176e-06	0.0	0.0	0.0	0.0	0.0	0.0	0.0	0.0	0.0	0.0	0.0	0.0	0.0	0.0	0.0	0.0	0.0	0.0	0.0	0.0	0.0	0.0	0.0	0.0	0.0	0.0	0.0	0.0	0.0	0.0	0.0	0.0	0.0	0.0	0.0	0.0	0.0	0.0	0.0	0.0	0.0	0.0	0.0	0.0	0.0	0.0	0.0	0.0	0.0	0.0	0.0	0.0	0.0	0.0	0.0	0.0	0.0	1.0	0.0	0.0	0.0	0.0	0.0	0.0	0.0	0.0	0.0	0.0	0.0	0.0	0.0	0.0	0.0	0.0	0.0	0.0	0.0	0.0	0.0	0.0	0.0	0.0	0.0	0.0	0.0	0.0	0.0	0.0	0.0	0.0	0.0	0.0	0.0	0.0	0.0	0.0	0.0	0.0	0.0	0.0	0.0	0.0	0.0	0.0	0.0	0.0	0.0	0.0	0.0	0.0	0.0	0.0	0.0	0.0	0.0	0.0	0.0	0.0	0.0	0.0	0.0	0.0	0.0	0.0	0.0	0.0	0.0	0.0
802.4539164387919	-5.167762166117427	643932.2880079556	26.705765805554684	812.0807900258473	-14.720262835552262	659475.2095290042	216.68613794774112	763.3564813502156	-21.351359101753133	582713.1176193821	455.8805354920164	762.8188425589539	337.7893778102168	3.149284	205.644119	38.28226508781487	12.645579713714517	-0.3330149113	0.002304341	-0.1353806226	-0.0285945998	0.0807781952	-0.1280084098	0.0521635624	-0.1201755302	-0.2664188749	0.1256476701	0.0226723822	0.1322035449	0.0395626844	-0.2630807326	-0.2307242763	-0.0715300941	0.0467711067	-0.0703210066	0.0354963088	-0.1095211661	-0.0142741504	0.2891854161	0.0577834522	0.0262896504	-0.2054035849	-0.2613980334	0.2266591901	0.0895784146	-0.0613238229	0.0268273348	-0.189185791	-0.038202576	0.0272714763	-0.1961721907	-0.2058252454	0.1658243296	-0.0754842697	0.1124638591	0.0769728956	-0.2261345169	0.0369367675	0.2135252763	-0.0579184747	0.0149584648	0.2015190336	0.0808042978	0.1963778553	-0.0189010881	-0.0158986939	-0.0703635884	0.1702789656	-0.0791950646	0.0966355237	0.1148087609	0.4742716675	0.2762167201	-0.4210469058	0.0909556259	-0.2223907483	-0.2341351679	-0.0534482317	0.1668141381	-0.081181882	-0.0299084066	-0.0716892996	0.0768835629	0.0213105486	-0.0908475206	0.0382182304	-0.3862397414002601	-0.4730628539271321	0.2237884637656831	0.1491811378369398	16.549750853654174	14.26359527307396	203.45015011405783	273.8942533180271	13.39414557961927	12.226690839602576	179.40313580803442	149.49196888722153	0.3092115563845398	0.2027423027120886	0.0411044413090001	0.0956117866017494	-0.0004706146256434	0.0005093726065102	2.2147812586947754e-07	2.594604522629951e-07	0.0211746872339262	0.0231266471056252	0.0005348418063481	0.0004483673794545	0.0	0.0	0.0	0.0	0.0	0.0	0.0	0.0	0.0	0.0	0.0	0.0	0.0	0.0	0.0	0.0	0.0	0.0	0.0	0.0	0.0	0.0	0.0	0.0	0.0	0.0	0.0	0.0	0.0	0.0	0.0	0.0	0.0	0.0	0.0	0.0	0.0	0.0	0.0	0.0	0.0	0.0	0.0	0.0	0.0	0.0	0.0	0.0	0.0	0.0	0.0	0.0	0.0	0.0	0.0	0.0	0.0	0.0	1.0	0.0	0.0	0.0	0.0	0.0	0.0	0.0	0.0	0.0	0.0	0.0	0.0	0.0	0.0	0.0	0.0	0.0	0.0	0.0	0.0	0.0	0.0	0.0	0.0	0.0	0.0	0.0	0.0	0.0	0.0	0.0	0.0	0.0	0.0	0.0	0.0	0.0	0.0	0.0	0.0	0.0	0.0	0.0	0.0	0.0	0.0	0.0	0.0	0.0	0.0	0.0	0.0	0.0	0.0	0.0	0.0	0.0	0.0	0.0	0.0	0.0	0.0	0.0	0.0	0.0	0.0	0.0	0.0	0.0
810.3430463817965	7.889129943004605	656655.8528193304	62.23837125761184	799.2157408478972	-12.865049177950027	638745.8004190532	165.50949035107266	775.419141653753	12.062660303537314	601274.845243043	145.50777359853492	769.9703872029711	600.2944664271672	3.357183	219.21965	32.53411827917038	10.37431021042857	-0.1631016895	-0.1861895515	-0.1947198859	-0.0301045492	-0.0445411526	0.242031612	-0.1362362628	0.0196260039	-0.0253502384	-0.1125674844	-0.0077030101	0.0724265039	0.0894608477	-0.1886346873	-0.0597322951	0.0542134904	0.0951657569	0.0537729625	-0.0354746802	-0.0113327461	-0.0245339379	-0.0650586844	-0.1119353007	-0.1177855381	0.0990022227	-0.1875750124	0.0364835274	0.0910664514	0.0428768931	-0.1523620321	-0.0200532331	0.0612419179	-0.1102606808	0.1592330177	0.0485346429	-0.0852134467	0.0934375383	-0.2479016362	0.1063387096	-0.1841038959	0.0456036224	0.0304528301	-0.2462238661	-0.0527519142	0.067662552	-0.0294870299	-0.0289204207	-0.0852473352	-0.0338432107	-0.144585211	-0.0084889312	0.0345545496	-0.004010123	0.0726688018	-0.0233371833	-0.0286889887	0.108351576	0.1501065712	-0.0836877371	0.1517485028	0.3240403945	-0.1277767978	0.5395649251	-0.0310348036	-0.0701853358	0.0787565141	0.0166357513	-0.0900678015	0.0446048127	0.395336092493423	0.7815758338936831	0.6108607841266062	0.1562906260279683	3.0440305358305864	-13.505720317823588	182.4044813032729	9.266121903069047	6.352416942799891	-7.0417286368193786	40.35320101517112	49.5859421946021	0.1170205834573424	-0.1921909729271974	0.0369373700747027	0.0136938169526968	-0.0098836975902847	-0.0094130829646413	9.768747805619958e-05	8.860613089922025e-05	-0.0013231266869097	-0.0224978139208359	0.0005061516312165	1.750664229612639e-06	0.0	0.0	0.0	0.0	0.0	0.0	0.0	0.0	0.0	0.0	0.0	0.0	0.0	0.0	0.0	0.0	0.0	0.0	0.0	0.0	0.0	0.0	0.0	0.0	0.0	0.0	0.0	0.0	0.0	0.0	0.0	0.0	0.0	0.0	0.0	0.0	0.0	0.0	0.0	0.0	0.0	0.0	0.0	0.0	0.0	0.0	0.0	0.0	0.0	0.0	0.0	0.0	0.0	0.0	0.0	0.0	0.0	0.0	0.0	1.0	0.0	0.0	0.0	0.0	0.0	0.0	0.0	0.0	0.0	0.0	0.0	0.0	0.0	0.0	0.0	0.0	0.0	0.0	0.0	0.0	0.0	0.0	0.0	0.0	0.0	0.0	0.0	0.0	0.0	0.0	0.0	0.0	0.0	0.0	0.0	0.0	0.0	0.0	0.0	0.0	0.0	0.0	0.0	0.0	0.0	0.0	0.0	0.0	0.0	0.0	0.0	0.0	0.0	0.0	0.0	0.0	0.0	0.0	0.0	0.0	0.0	0.0	0.0	0.0	0.0	0.0	0.0	0.0
883.4697993700403	73.12675298824377	780518.8863989392	5347.522002603619	877.7859466849984	78.57020583710118	770508.1681976789	6173.277245284449	811.0338758917532	35.61473423800021	657775.9478439996	1268.4092948433845	810.6185844018678	880.5651858113607	3.177391	207.479416	13.129835071660418	6.68033297505015	0.0193207455	-0.0048684305	0.046800722	-0.094671517	-0.0966360654	-0.1004398379	-0.0065501224	0.060491327	-0.0203994564	0.00131129	-0.0654819005	0.0032021267	-0.0148520845	0.0189901655	0.0999321102	-0.0399182553	-0.1018509729	0.0810746011	-0.0549028751	0.0140818794	-0.002534955	0.0153812884	0.0883642335	0.1758742413	0.0572383417	0.0188653982	-0.0907685871	-0.0892993098	-0.0432875421	0.0736418915	0.128734904	-7.09924e-05	-0.0290212487	-0.1227964739	-0.0022579103	0.0398343831	0.0876839487	0.082698696	-0.0742798125	0.0287062745	0.0128822385	-0.0438579635	-0.0142003402	0.0420550329	0.0823987199	-0.0116442758	0.0438151638	-0.0864165565	0.0495960108	0.0423061209	-0.0443551706	0.0227208845	0.0415811979	-0.0216843246	0.0209070064	-0.1288801247	0.0711255756	-0.0566027524	0.0199177215	-0.0829925619	-0.0625209733	0.0415572212	0.0353960255	-0.0321558829	-0.0686332704	0.0805080284	0.0119153566	-0.0889023983	0.0507163915	0.0602719306265271	-0.3350641618668959	0.1122679925675654	0.0036327056214488	-0.1804709942256579	-3.2245015300562443	10.39741011733506	0.0325697797567974	4.2550306885423765	-2.097386254257515	18.10528616043741	4.399029099548368	-0.0140448516263917	-0.131065435083734	0.0171781482736885	0.0001972578572073	-0.0026257544957046	0.0072579430945801	6.894586671712918e-06	5.267773796416296e-05	-0.0124574110181908	-0.0111342843312811	0.0001239722875698	0.0001551870892761	0.0	0.0	0.0	0.0	0.0	0.0	0.0	0.0	0.0	0.0	0.0	0.0	0.0	0.0	0.0	0.0	0.0	0.0	0.0	0.0	0.0	0.0	0.0	0.0	0.0	0.0	0.0	0.0	0.0	0.0	0.0	0.0	0.0	0.0	0.0	0.0	0.0	0.0	0.0	0.0	0.0	0.0	0.0	0.0	0.0	0.0	0.0	0.0	0.0	0.0	0.0	0.0	0.0	0.0	0.0	0.0	0.0	0.0	0.0	0.0	1.0	0.0	0.0	0.0	0.0	0.0	0.0	0.0	0.0	0.0	0.0	0.0	0.0	0.0	0.0	0.0	0.0	0.0	0.0	0.0	0.0	0.0	0.0	0.0	0.0	0.0	0.0	0.0	0.0	0.0	0.0	0.0	0.0	0.0	0.0	0.0	0.0	0.0	0.0	0.0	0.0	0.0	0.0	0.0	0.0	0.0	0.0	0.0	0.0	0.0	0.0	0.0	0.0	0.0	0.0	0.0	0.0	0.0	0.0	0.0	0.0	0.0	0.0	0.0	0.0	0.0	0.0	0.0
856.9654215605746	-26.504377809465723	734389.7337504933	702.482043066899	843.6614532842265	-34.12449340077194	711764.647757653	1164.4810498593276	795.2799870176403	-15.753888874112818	632470.2577507782	248.1850146578956	797.8843891974041	792.6620385920206	2.242608	146.439346	2.2298522882540217	1.0379235068822017	-0.0379977372	-0.0266847446	-0.0751715042	0.0250297982	0.0176688056	0.0549368549	-0.0403955087	0.0727037461	0.016734715	0.0609865374	-0.0508734396	-0.0697821191	0.0384414398	-0.0775867819	-0.017635012	-0.000600212	-0.0478143891	0.0142414138	-0.0207013432	0.0144708509	0.0259015584	-0.1213331996	-0.0031329788	0.0043849549	0.0688955451	-0.0643103092	-0.0053177535	-0.006531268	-0.0224242952	-0.0500780711	0.041878569	-0.0175683861	-0.0421957918	0.0506283566	0.0923622147	-0.0319339638	0.0202232189	0.0001473134	0.0742855531	-0.0477598294	-0.0334242301	0.0010259215	-0.0850106083	0.0348578876	0.1160939688	-0.0984075399	-0.0081688212	-0.0038211794	-0.0531196814	-0.0273942914	0.0788429814	-0.0066076731	0.0532124096	-0.0325526407	0.0175264723	-0.0095495714	0.0317721887	-0.0442757411	0.006780883	0.0631712374	-0.0332357468	-0.0783732188	-0.0436362301	-0.0332714524	-0.0670341672	0.0821354052	0.0071623028	-0.0873563013	0.0565152869	0.6127803827545506	0.5525084521280235	0.3052655896729044	0.3754997974888135	0.0675279865189537	0.2479989807446116	0.0615034944503662	0.0045600289633039	4.13818740499201	-0.1168432835503665	17.124594998834507	0.0136523529108313	-0.0026071786377365	0.0114376729886551	0.0001308203633954	6.797380449069551e-06	-0.0171069263299936	-0.014481171834289	0.0002926469284598	0.0002097043376942	-0.012788597631867	-0.0003311866136762	1.0968457307830909e-07	0.0001635482293897	0.0	0.0	0.0	0.0	0.0	0.0	0.0	0.0	0.0	0.0	0.0	0.0	0.0	0.0	0.0	0.0	0.0	0.0	0.0	0.0	0.0	0.0	0.0	0.0	0.0	0.0	0.0	0.0	0.0	0.0	0.0	0.0	0.0	0.0	0.0	0.0	0.0	0.0	0.0	0.0	0.0	0.0	0.0	0.0	0.0	0.0	0.0	0.0	0.0	0.0	0.0	0.0	0.0	0.0	0.0	0.0	0.0	0.0	0.0	0.0	0.0	1.0	0.0	0.0	0.0	0.0	0.0	0.0	0.0	0.0	0.0	0.0	0.0	0.0	0.0	0.0	0.0	0.0	0.0	0.0	0.0	0.0	0.0	0.0	0.0	0.0	0.0	0.0	0.0	0.0	0.0	0.0	0.0	0.0	0.0	0.0	0.0	0.0	0.0	0.0	0.0	0.0	0.0	0.0	0.0	0.0	0.0	0.0	0.0	0.0	0.0	0.0	0.0	0.0	0.0	0.0	0.0	0.0	0.0	0.0	0.0	0.0	0.0	0.0	0.0	0.0	0.0	0.0
818.5011114779877	-38.46431008258685	669944.0694907013	1479.5031501293922	792.1563202127234	-51.50513307150311	627511.6356529627	2652.7787327132432	783.1152064606686	-12.164780556971778	613269.4265899356	147.9818859992786	779.2283842427439	771.3271393216451	2.071317	135.254257	5.157320080127376	2.263887725580911	-0.0496858567	0.0183737106	-0.1202198273	-0.0460852231	-0.0815856079	-0.0760147649	-0.3221932959	-0.0598151832	-0.0687496409	-0.0442951334	0.100760145	-0.0428869918	-0.0147861472	-0.1203839914	0.0762786606	-0.0047364387	-0.0878043357	0.147309208	-0.1198875426	-0.1013021279	-0.1447794704	-0.0730015986	0.0573262569	-0.0408617382	0.1366710658	-0.120344882	-0.0821592576	-0.0505667577	-0.0083197226	-0.0782095417	0.0733889686	0.1039488688	-0.1983388093	-0.0244653035	0.0696792529	-0.0133500602	0.2001320143	-0.0042462959	0.0336472532	-0.0334791527	0.0028913511	0.010496156	-0.0815622102	-0.0463266407	0.1370553837	0.0152831871	-0.0196562611	-0.0544643773	0.0045244128	-0.1238211091	0.0617304051	0.0039513472	0.0230968206	0.0104127075	-0.0221757412	0.024633017	0.0778997805	-0.0013067807	0.0115553691	0.0128019423	-0.0291074788	-0.0857448852	0.0992817718	-0.034381321	-0.0653891221	0.0836361352	0.0023896175	-0.0854361313	0.0619657467	1.5740168993779378	0.9612365166233872	0.9239756408902632	2.477529199527337	0.7909427259368158	0.723414739417862	0.5233288852070133	0.625590395712361	4.3450274462136775	0.2068400412216675	18.879263508350157	0.0427828026525811	0.0291797212872523	0.0317868999249888	0.0010104070068412	0.0008514561344017	-0.0473016843906735	-0.0301947580606798	0.0022374493461948	0.0009117234143429	-0.0094536799602465	0.0033349176716205	1.11216758764867e-05	8.937206479076627e-05	0.0	0.0	0.0	0.0	0.0	0.0	0.0	0.0	0.0	0.0	0.0	0.0	0.0	0.0	0.0	0.0	0.0	0.0	0.0	0.0	0.0	0.0	0.0	0.0	0.0	0.0	0.0	0.0	0.0	0.0	0.0	0.0	0.0	0.0	0.0	0.0	0.0	0.0	0.0	0.0	0.0	0.0	0.0	0.0	0.0	0.0	0.0	0.0	0.0	0.0	0.0	0.0	0.0	0.0	0.0	0.0	0.0	0.0	0.0	0.0	0.0	0.0	1.0	0.0	0.0	0.0	0.0	0.0	0.0	0.0	0.0	0.0	0.0	0.0	0.0	0.0	0.0	0.0	0.0	0.0	0.0	0.0	0.0	0.0	0.0	0.0	0.0	0.0	0.0	0.0	0.0	0.0	0.0	0.0	0.0	0.0	0.0	0.0	0.0	0.0	0.0	0.0	0.0	0.0	0.0	0.0	0.0	0.0	0.0	0.0	0.0	0.0	0.0	0.0	0.0	0.0	0.0	0.0	0.0	0.0	0.0	0.0	0.0	0.0	0.0	0.0	0.0	0.0
880.4502850914047	61.949173613416974	775192.7045175357	3837.700111385278	843.914649220256	51.758329007532666	712191.9351685478	2678.9246216519973	802.9343769195024	19.81917045883381	644703.6136391095	392.7995176763108	797.4418737779729	870.3896387812297	2.262709	147.751923	5.277540831171365	2.4716083296857767	0.0100431683	-0.0440400849	-0.0483974167	0.0093888492	-0.073636705	0.0112133898	-0.0213288393	0.0056644355	-0.0610041331	0.0600579869	-0.0455072627	0.0321411467	-0.0524000544	-0.0178309706	0.0859841063	0.0072971952	-0.0665240215	-0.0086576707	0.034540898	-0.0587641828	-0.0295091802	0.0208146269	0.0121306776	0.0355737039	0.0263795508	-0.025652764	-0.089384574	-0.0599526831	-0.0036738377	-0.0042582208	-0.0133648224	0.0180310874	0.0009249785	-0.035683654	-0.0099793319	0.0167768766	0.0472230372	0.0712138184	-0.0662571656	0.003780629	-0.003291348	-0.0425277278	-0.0304479624	0.0375460791	0.0826768955	-0.040202439	0.0168527504	-0.0448310027	-0.0445977399	-0.0427648939	0.0017388804	0.0091586995	0.1318164907	-0.0652068912	-0.018174834	-0.0641038037	0.0758364012	-0.0419370823	0.0312049984	-0.0395348769	-0.072083329	0.0373748422	-0.0025963631	-0.0354852986	-0.0636992625	0.0850079043	-0.0023896175	-0.0831501106	0.0670341672	0.5012476461544821	-1.0727692532234556	1.1508338706616106	0.2512492027754089	0.1900336264865103	-0.6009090994503055	0.3610917458021771	0.0361127791956145	4.7900235945200365	0.4449961483063589	22.94432603605865	0.1980215720074949	-0.0081883384345357	-0.037368059721788	0.0013963718873711	6.704888631849458e-05	-0.0228761848057703	0.0244254995849032	0.0005233198312677	0.0005966050299721	-0.0108374472573802	-0.0013837672971337	1.9148119326167077e-06	0.0001174502630564	0.0	0.0	0.0	0.0	0.0	0.0	0.0	0.0	0.0	0.0	0.0	0.0	0.0	0.0	0.0	0.0	0.0	0.0	0.0	0.0	0.0	0.0	0.0	0.0	0.0	0.0	0.0	0.0	0.0	0.0	0.0	0.0	0.0	0.0	0.0	0.0	0.0	0.0	0.0	0.0	0.0	0.0	0.0	0.0	0.0	0.0	0.0	0.0	0.0	0.0	0.0	0.0	0.0	0.0	0.0	0.0	0.0	0.0	0.0	0.0	0.0	0.0	0.0	1.0	0.0	0.0	0.0	0.0	0.0	0.0	0.0	0.0	0.0	0.0	0.0	0.0	0.0	0.0	0.0	0.0	0.0	0.0	0.0	0.0	0.0	0.0	0.0	0.0	0.0	0.0	0.0	0.0	0.0	0.0	0.0	0.0	0.0	0.0	0.0	0.0	0.0	0.0	0.0	0.0	0.0	0.0	0.0	0.0	0.0	0.0	0.0	0.0	0.0	0.0	0.0	0.0	0.0	0.0	0.0	0.0	0.0	0.0	0.0	0.0	0.0	0.0	0.0	0.0
889.5775712682328	9.12728617682808	791348.2553034878	83.30735295371693	876.6118367678159	32.697187547559906	768448.312361444	1069.1060735203066	812.4454172571541	9.511040337651709	660067.5560221511	90.4598883044379	813.1017200748556	878.0045010019938	1.139268	74.392685	0.8830107804777244	0.5412771092325136	0.0108905177	-0.0416396952	0.0106492977	-0.0645579219	-0.0530613631	0.0271270786	-0.0051299789	0.0544938493	-0.0359045616	0.0566183152	-0.0377305962	0.0312894129	-0.0201579324	0.0193356345	0.0257472515	-0.0121644054	-0.0430753524	0.0337687833	-0.0090342216	0.0213661163	-0.0299626738	-0.0180500942	0.031622142	0.0383091968	0.0257810963	0.0213665451	-0.0306457962	-0.0258812724	-0.0229663007	0.0001401765	0.0504621553	-0.0043244807	-0.0235330591	-0.0224117062	0.0280452213	0.0206197755	0.0490111401	0.0499445656	-0.0132308216	0.0040142416	0.0005110055	-0.0370898258	-0.0264984395	0.0433122963	0.0595373394	-0.0472399408	0.0513636002	-0.034955328	-0.0262145656	-0.0407779502	0.0465023287	0.0178817356	0.1334222322	-0.0659148675	-0.0189094477	-0.0767207481	0.065757037	-0.048025735	0.0110551585	-0.0120170218	-0.0678775256	0.0071058554	0.0143125002	-0.036583196	-0.0619657467	0.0862485974	-0.0071623028	-0.0805080284	0.0716892996	0.4512428097504823	-0.0500048364039998	0.0025004836637907	0.2036200733515099	0.1629259347564158	-0.0271076917300944	0.0007348269509338	0.0265448602162518	4.387744309552431	-0.4022792849676051	19.252300126009743	0.1618286231140476	-0.0030096518035066	0.0051786866310291	2.6818795222399537e-05	9.05800397835053e-06	-0.021407492713676	0.0014686920920942	0.000458280744286	2.1570564613803263e-06	-0.0094124466329831	0.0014250006243971	2.030626779532128e-06	8.859415161875489e-05	0.0	0.0	0.0	0.0	0.0	0.0	0.0	0.0	0.0	0.0	0.0	0.0	0.0	0.0	0.0	0.0	0.0	0.0	0.0	0.0	0.0	0.0	0.0	0.0	0.0	0.0	0.0	0.0	0.0	0.0	0.0	0.0	0.0	0.0	0.0	0.0	0.0	0.0	0.0	0.0	0.0	0.0	0.0	0.0	0.0	0.0	0.0	0.0	0.0	0.0	0.0	0.0	0.0	0.0	0.0	0.0	0.0	0.0	0.0	0.0	0.0	0.0	0.0	0.0	1.0	0.0	0.0	0.0	0.0	0.0	0.0	0.0	0.0	0.0	0.0	0.0	0.0	0.0	0.0	0.0	0.0	0.0	0.0	0.0	0.0	0.0	0.0	0.0	0.0	0.0	0.0	0.0	0.0	0.0	0.0	0.0	0.0	0.0	0.0	0.0	0.0	0.0	0.0	0.0	0.0	0.0	0.0	0.0	0.0	0.0	0.0	0.0	0.0	0.0	0.0	0.0	0.0	0.0	0.0	0.0	0.0	0.0	0.0	0.0	0.0	0.0	0.0	0.0
883.1074407062995	-6.470130561933274	779878.7518308302	41.86258948846299	841.8056493982092	-34.80618736960673	708636.7513587407	1211.4706792081713	811.490218065503	-0.9551991916511042	658516.3740159975	0.912405495730923	808.3992377092936	879.5459493459066	0.803807	52.487511	1.1136864719578106	0.5296446531244416	0.0151040675	-0.0289416886	-0.0435638961	0.0289192979	-0.0417092716	-0.0037346159	-0.0153469139	0.0175202336	-0.0613342773	-0.0369348565	-0.041975332	1.67033e-05	-0.0002148275	0.0179677368	0.0554779037	-0.0100157257	-0.0189285139	0.012055351	0.0682578666	0.0027202862	-0.0264236775	0.0317972401	-0.0315534161	0.00633486	-0.0247086832	0.0160227601	-0.0513883522	-0.0273403709	-0.0193220443	-0.0191389217	-0.0017917549	0.0150262026	0.0330604646	0.0135033999	-0.0173615035	0.0113722518	-0.0038226421	0.036284921	-0.0571310565	0.0089884683	-0.0105964142	-0.0313061396	-0.0239811936	0.0213000995	0.0428061189	-0.0710028547	0.0420804977	-0.0154017263	-0.0507389885	-0.0343848462	0.0251652045	0.0125277461	0.1276240759	-0.0858290868	-0.0187603121	-0.0739659868	0.0604483698	-0.0374077046	0.0261054296	-0.019662987	-0.0569619922	0.0573526894	-0.0119640039	-0.037674825	-0.0601897627	0.0873563013	-0.0119153566	-0.0775211985	0.0759024438	0.3391599525633637	-0.1120828571871186	0.012562566875228	0.1150294734227831	0.2354809250883676	0.0725549903319517	0.0052642266220696	0.0554512660804733	4.085995195283786	-0.3017491142686452	16.695356735882186	0.0910525279619119	0.0017280975337588	0.0047377493372654	2.2446268782758737e-05	2.986321086183247e-06	-0.0156677129677109	0.005739779745965	0.0002454772296385	3.294507153219118e-05	-0.0073439855128117	0.0020684611201713	4.2785314056607205e-06	5.393412321238813e-05	0.0	0.0	0.0	0.0	0.0	0.0	0.0	0.0	0.0	0.0	0.0	0.0	0.0	0.0	0.0	0.0	0.0	0.0	0.0	0.0	0.0	0.0	0.0	0.0	0.0	0.0	0.0	0.0	0.0	0.0	0.0	0.0	0.0	0.0	0.0	0.0	0.0	0.0	0.0	0.0	0.0	0.0	0.0	0.0	0.0	0.0	0.0	0.0	0.0	0.0	0.0	0.0	0.0	0.0	0.0	0.0	0.0	0.0	0.0	0.0	0.0	0.0	0.0	0.0	0.0	1.0	0.0	0.0	0.0	0.0	0.0	0.0	0.0	0.0	0.0	0.0	0.0	0.0	0.0	0.0	0.0	0.0	0.0	0.0	0.0	0.0	0.0	0.0	0.0	0.0	0.0	0.0	0.0	0.0	0.0	0.0	0.0	0.0	0.0	0.0	0.0	0.0	0.0	0.0	0.0	0.0	0.0	0.0	0.0	0.0	0.0	0.0	0.0	0.0	0.0	0.0	0.0	0.0	0.0	0.0	0.0	0.0	0.0	0.0	0.0	0.0	0.0	0.0
889.5700127561786	6.4625720498791	791334.8075950277	41.76483749987855	882.852374881893	41.04672548368376	779428.3158345985	1684.8336729328937	812.9040987146109	1.4138806491079094	660813.0737070139	1.9990584899218036	814.3253919886922	898.9291047668457	0.81679	53.335304	0.8531671251871598	0.5068286170386903	0.0238803676	-0.0114158401	0.0433417733	0.0165503118	-0.0124396569	0.016279295	0.0049183891	8.42568e-05	0.0097299352	-0.0440192176	-0.0630618641	0.0021139403	0.0175065813	0.0219812071	0.021868072	-0.0077346945	-0.0150665666	0.0184010394	0.0032183422	0.0212826402	-0.0012030539	-0.0239317435	0.0030742863	0.0364022112	0.0113352013	0.028023272	-0.0243948514	-0.009341774	-0.006116993	-0.0072227702	0.0200802328	-0.0020139352	0.005990244	-0.0001776131	0.0200502801	-0.0089112064	0.0111412684	0.0283299893	0.0099189033	0.0173507378	0.0037283528	-0.03388742	-0.0028080602	0.0025812135	0.0071932705	-0.0480906801	0.0778431755	-0.0130803384	-0.0313518346	-0.0211855959	0.0294004399	0.0325617708	0.098991249	-0.0835968865	-0.0478577624	-0.0640359492	0.0141878615	-0.02671066	-0.0235865584	0.0009628279	-0.0323752057	0.0624548236	-0.022515106	-0.0387599986	-0.0583725276	0.0883293083	-0.0166357513	-0.0742024108	0.0796476241	0.3052227802902649	-0.0339371722730987	0.0011517316618939	0.0931609456081193	0.3026761917151503	0.0671952666267827	0.0045152038570444	0.0916128770311864	3.647236892594023	-0.438758302689763	13.302336950698905	0.1925088481792017	0.0041573300377918	0.002429232504033	5.9011705586504405e-06	1.728339304312597e-05	-0.0130707486004959	0.002596964367215	0.0001708444689773	6.744223924584414e-06	-0.0061046547121094	0.0012393308007023	1.5359408335694037e-06	3.726680915407951e-05	0.0	0.0	0.0	0.0	0.0	0.0	0.0	0.0	0.0	0.0	0.0	0.0	0.0	0.0	0.0	0.0	0.0	0.0	0.0	0.0	0.0	0.0	0.0	0.0	0.0	0.0	0.0	0.0	0.0	0.0	0.0	0.0	0.0	0.0	0.0	0.0	0.0	0.0	0.0	0.0	0.0	0.0	0.0	0.0	0.0	0.0	0.0	0.0	0.0	0.0	0.0	0.0	0.0	0.0	0.0	0.0	0.0	0.0	0.0	0.0	0.0	0.0	0.0	0.0	0.0	0.0	1.0	0.0	0.0	0.0	0.0	0.0	0.0	0.0	0.0	0.0	0.0	0.0	0.0	0.0	0.0	0.0	0.0	0.0	0.0	0.0	0.0	0.0	0.0	0.0	0.0	0.0	0.0	0.0	0.0	0.0	0.0	0.0	0.0	0.0	0.0	0.0	0.0	0.0	0.0	0.0	0.0	0.0	0.0	0.0	0.0	0.0	0.0	0.0	0.0	0.0	0.0	0.0	0.0	0.0	0.0	0.0	0.0	0.0	0.0	0.0	0.0	0.0
881.3253188425666	-8.244693913611968	776734.3176329517	67.97497772915023	861.3748372560972	-21.477537625795776	741966.610257968	461.2846224674733	812.1437193506913	-0.7603793639195828	659577.4208807744	0.5781767770747493	809.7910913341906	893.0991036097208	0.717923	46.87941	0.2081840715930045	0.1134190145204308	0.0218041847	-0.0065498854	-0.0003183224	0.0610054381	-0.0177821218	0.0307041863	0.0005735952	0.027288915	0.0105411461	-0.0240677099	-0.0080224148	0.0196677674	0.0352590503	0.0219473557	0.0390395759	-0.0139485147	-0.0079985037	0.0283154637	0.0880186754	-0.0092205729	-0.0172855296	0.0113029267	-0.0312733067	-0.0135957475	-0.0262860524	0.0224075673	-0.040153874	-0.013919193	-0.0183323391	-0.0492460421	-0.0213369279	0.0223386046	0.0678318334	0.0169911439	-0.0134466039	0.0024636464	-0.0373270226	0.019095297	-0.0155092862	0.0122753917	-0.0151463672	-0.0326320976	-0.0139675041	0.0086806409	0.0057814984	-0.0661070532	0.0521167451	-0.0010051396	-0.0520049364	-0.0097899202	0.0097193524	0.014905931	0.0842434107	-0.0892487056	-0.0433776801	-0.0466376321	-0.0057202225	-0.0045710856	-0.0020942645	0.0195145757	-0.0045575401	0.0669270571	-0.0405989858	-0.0398385309	-0.0565152869	0.0891661178	-0.0213105486	-0.0705658771	0.0829017503	0.2935897030851606	-0.0116330772051043	0.0001353284852599	0.0861949137576327	0.2683104296335159	-0.0343657620816343	0.0011810056034514	0.0719904866501219	3.551235745955012	-0.0960011466390109	12.611275323348652	0.0092162201560048	0.0042356525685474	7.832253075559965e-05	6.134418823961854e-09	1.7940752681442185e-05	-0.0123203649411269	0.0007503836593689	0.0001517913922825	5.630756362480099e-07	-0.0056096791888889	0.0004949755232204	2.450007685874076e-07	3.146850060225323e-05	0.0	0.0	0.0	0.0	0.0	0.0	0.0	0.0	0.0	0.0	0.0	0.0	0.0	0.0	0.0	0.0	0.0	0.0	0.0	0.0	0.0	0.0	0.0	0.0	0.0	0.0	0.0	0.0	0.0	0.0	0.0	0.0	0.0	0.0	0.0	0.0	0.0	0.0	0.0	0.0	0.0	0.0	0.0	0.0	0.0	0.0	0.0	0.0	0.0	0.0	0.0	0.0	0.0	0.0	0.0	0.0	0.0	0.0	0.0	0.0	0.0	0.0	0.0	0.0	0.0	0.0	0.0	0.0	0.0	0.0	0.0	0.0	0.0	0.0	0.0	0.0	0.0	0.0	0.0	0.0	0.0	0.0	0.0	0.0	0.0	0.0	0.0	0.0	0.0	0.0	0.0	0.0	0.0	0.0	0.0	0.0	0.0	0.0	0.0	0.0	0.0	0.0	0.0	0.0	0.0	0.0	0.0	0.0	0.0	0.0	0.0	0.0	0.0	0.0	0.0	0.0	0.0	0.0	0.0	0.0	0.0	0.0	0.0	0.0	0.0	0.0	0.0	0.0
877.595405182063	-3.7299136605035983	770173.6951966693	13.912255914811352	871.6661042795553	10.29126702345809	759801.7973498965	105.91017694811592	808.6745979959894	-3.4691213547018838	653954.6054439751	12.03480297364863	808.7983965097953	881.3486346232096	0.700358	45.732475	0.0551034969707286	0.0267293509416423	0.0208875575	-0.0028222407	0.0316182571	-0.0001220946	-0.023942693	0.0143263044	-0.0037056506	0.0140224455	0.0463939454	0.0256324337	-0.0390321462	-0.0935990049	0.056123785	0.0063445638	0.0335088398	0.0030299777	-0.0171144666	0.0122495966	-0.005692689	-0.0140664818	0.0157336503	-0.0177621232	0.014532556	0.0327758215	0.0363928238	0.0119737625	-0.0363247683	-0.0129746763	0.001966674	0.0139857467	0.0152532271	0.0119048158	0.0063905622	-0.0054441866	0.0286764593	-0.0178679659	0.0154967469	0.0248021083	0.0398200399	0.02249068	0.0105327477	-0.0363142387	-0.0010170927	0.0025875309	0.0046808825	-0.0287251345	0.0762471091	-0.0150576152	-0.0247004504	-0.0130972258	0.0298932284	0.0468188983	0.0870515646	-0.0792866724	-0.0591648189	-0.0594372495	-0.0119245254	-0.013795557	-0.0240723689	0.0178174735	-0.0243146272	0.0587227728	-0.0238701359	-0.0409102371	-0.0546193134	0.0898654396	-0.0259269352	-0.0666271694	0.0856447597	0.2866094123065323	-0.0069802907786282	4.8724459354202906e-05	0.0821449552226958	0.2780071139927713	0.0096966843592553	9.40256875630275e-05	0.0772879554305897	3.566336946501252	0.01510120054624	12.718759215979876	0.0002280462579377	0.0040760115232978	-0.0001596410452495	2.5485263328384675e-08	1.661386993805645e-05	-0.0123993943015263	-7.902936039939912e-05	0.0001537449790447	6.245639805138114e-09	-0.005837515208972	-0.000227836020083	5.190925204730657e-08	3.407658381497941e-05	0.0	0.0	0.0	0.0	0.0	0.0	0.0	0.0	0.0	0.0	0.0	0.0	0.0	0.0	0.0	0.0	0.0	0.0	0.0	0.0	0.0	0.0	0.0	0.0	0.0	0.0	0.0	0.0	0.0	0.0	0.0	0.0	0.0	0.0	0.0	0.0	0.0	0.0	0.0	0.0	0.0	0.0	0.0	0.0	0.0	0.0	0.0	0.0	0.0	0.0	0.0	0.0	0.0	0.0	0.0	0.0	0.0	0.0	0.0	0.0	0.0	0.0	0.0	0.0	0.0	0.0	0.0	0.0	0.0	0.0	0.0	0.0	0.0	0.0	0.0	0.0	0.0	0.0	0.0	0.0	0.0	0.0	0.0	0.0	0.0	0.0	0.0	0.0	0.0	0.0	0.0	0.0	0.0	0.0	0.0	0.0	0.0	0.0	0.0	0.0	0.0	0.0	0.0	0.0	0.0	0.0	0.0	0.0	0.0	0.0	0.0	0.0	0.0	0.0	0.0	0.0	0.0	0.0	0.0	0.0	0.0	0.0	0.0	0.0	0.0	0.0	0.0	0.0
879.7408357796824	2.145430597619338	773943.9381383341	4.602872449201271	867.506510177216	-4.15959410233927	752567.5451998522	17.302223096215634	809.9179306735973	1.2433326776078957	655967.054426602	1.5458761472076197	807.6370070892576	871.8589711685181	0.7567979999999999	49.417889	0.1320878996420129	0.0803202621005774	0.0196081872	-0.0033845919	0.0042269189	0.0129343203	0.0112292252	0.020217429	0.0159365846	0.0477376391	0.0076439633	0.0061105633	-0.0438362596	-0.0585838728	0.0615760453	0.0162615173	0.0450031458	0.0116356372	0.0024499836	0.0297109302	0.0778156644	-0.012312946	0.0093462275	0.0205900042	0.0090083341	-0.0059483224	-0.0196583091	0.0187514304	-0.0478858928	-0.0064275152	0.0035624147	-0.0393129278	-0.0010364162	0.0117553304	0.0689190275	0.0194319564	0.0072239043	0.0191152341	-0.0147469569	0.0032912148	-0.0102030265	0.0163533229	-0.0183856224	-0.0333475879	-0.0159944095	0.0155256309	0.0155845885	-0.0704801508	0.0358677752	-0.0007618219	-0.0522091157	-0.0065604039	0.012708715	0.0180861198	0.0784345405	-0.0844004655	-0.0467453398	-0.0453801694	0.0032311666	0.0030055093	0.0091697715	0.0261111128	-0.0070853442	0.0662543489	-0.0435765796	-0.0419749335	-0.0526859066	0.0904261954	-0.0304722578	-0.062403154	0.0878597406	0.2873806905387113	0.0007712782321789	5.948701114331397e-07	0.0825876612945065	0.2727297807155651	-0.0052773332772061	2.7850246518707905e-05	0.0743815332891602	3.63245624069036	0.0661192941891077	13.194738340530344	0.0043717610640657	0.0035370457195809	-0.0005389658037169	2.904841375762041e-07	1.2510692422405566e-05	-0.0119523671411345	0.0004470271603917	0.0001428590802764	1.998332821279558e-07	-0.0056251082942103	0.0002124069147616	4.5116697438583925e-08	3.164184332159352e-05	0.0	0.0	0.0	0.0	0.0	0.0	0.0	0.0	0.0	0.0	0.0	0.0	0.0	0.0	0.0	0.0	0.0	0.0	0.0	0.0	0.0	0.0	0.0	0.0	0.0	0.0	0.0	0.0	0.0	0.0	0.0	0.0	0.0	0.0	0.0	0.0	0.0	0.0	0.0	0.0	0.0	0.0	0.0	0.0	0.0	0.0	0.0	0.0	0.0	0.0	0.0	0.0	0.0	0.0	0.0	0.0	0.0	0.0	0.0	0.0	0.0	0.0	0.0	0.0	0.0	0.0	0.0	0.0	0.0	0.0	0.0	0.0	0.0	0.0	0.0	0.0	0.0	0.0	0.0	0.0	0.0	0.0	0.0	0.0	0.0	0.0	0.0	0.0	0.0	0.0	0.0	0.0	0.0	0.0	0.0	0.0	0.0	0.0	0.0	0.0	0.0	0.0	0.0	0.0	0.0	0.0	0.0	0.0	0.0	0.0	0.0	0.0	0.0	0.0	0.0	0.0	0.0	0.0	0.0	0.0	0.0	0.0	0.0	0.0	0.0	0.0	0.0	0.0
873.4265201087577	-6.314315670924657	762873.8860292941	39.8705823920847	853.1446933250922	-14.361816852123752	727855.8677487657	206.2617832939458	807.7531668024955	-2.1647638711018544	652465.1784794601	4.686202617627886	805.267389502977	851.6178265946706	1.174885	76.718422	0.3007372602964295	0.1377166086994629	0.0103607171	-0.0022810213	0.0186376848	0.0631703529	-0.029783234	-0.0350098863	-0.0877756552	-0.0071080826	0.0191756461	0.0048233804	-0.0700501245	-0.1134777081	0.0329603366	0.0046163973	0.0319355347	-0.0030479869	-0.0143403923	0.0246851706	0.0129337814	0.0245735022	-0.0221895164	-0.0243715212	-0.0136681256	0.0228699337	0.0184907858	0.0066041924	-0.0361541668	-0.0199991704	0.0056285183	-0.0293662988	-0.0088035182	0.0135653689	0.0003661099	0.0034070814	0.002537557	-0.0306510454	0.0134801512	0.0339163806	0.0076685431	0.0257636067	0.0225389128	-0.0300442015	0.00352352	-0.0033599936	0.0169140721	-0.0103461399	0.0755036164	-0.0177372444	-0.0124284636	-0.0104477051	0.0381486478	0.0540179688	0.0781379224	-0.0692394469	-0.0571415227	-0.0592834721	-0.006515718	-0.0240249738	-0.0178406888	0.0225741619	-0.0424307922	0.0621065579	-0.0171643862	-0.0430324377	-0.0507163915	0.0908475206	-0.034934058	-0.0579119187	0.089533037	0.2679493230207583	-0.0194313675179529	0.0003775780436177	0.0717968397072826	0.3501434863845105	0.0774137056689454	0.0059928818253981	0.1226004610574998	3.547678889801219	-0.0847773508891411	12.586025505141208	0.0071871992237805	0.0046173071959217	0.0010802614763408	1.1669648572660049e-06	2.131952574151031e-05	-0.0112949260070489	0.0006574411340856	0.0001275753535047	4.322288447877601e-07	-0.0062697024081917	-0.0006445941139813	4.15501571779466e-07	3.930916828728481e-05	0.0	0.0	0.0	0.0	0.0	0.0	0.0	0.0	0.0	0.0	0.0	0.0	0.0	0.0	0.0	0.0	0.0	0.0	0.0	0.0	0.0	0.0	0.0	0.0	0.0	0.0	0.0	0.0	0.0	0.0	0.0	0.0	0.0	0.0	0.0	0.0	0.0	0.0	0.0	0.0	0.0	0.0	0.0	0.0	0.0	0.0	0.0	0.0	0.0	0.0	0.0	0.0	0.0	0.0	0.0	0.0	0.0	0.0	0.0	0.0	0.0	0.0	0.0	0.0	0.0	0.0	0.0	0.0	0.0	0.0	0.0	0.0	0.0	0.0	0.0	0.0	0.0	0.0	0.0	0.0	0.0	0.0	0.0	0.0	0.0	0.0	0.0	0.0	0.0	0.0	0.0	0.0	0.0	0.0	0.0	0.0	0.0	0.0	0.0	0.0	0.0	0.0	0.0	0.0	0.0	0.0	0.0	0.0	0.0	0.0	0.0	0.0	0.0	0.0	0.0	0.0	0.0	0.0	0.0	0.0	0.0	0.0	0.0	0.0	0.0	0.0	0.0	0.0
826.3116296114081	-47.11489049734962	682790.9092310609	2219.812906577245	762.151110066996	-90.99358325809624	580874.3145763542	8279.832194148092	783.302162601671	-24.451004200824517	613562.2779364545	597.851606428738	768.6181187826227	608.4853834119439	2.43487	158.99382	13.593533438519458	6.499651957912538	-0.1487973755	-0.1827673132	-0.1991704304	-0.0775318397	0.0459474349	-0.3322303959	-0.016411093	-0.1617512169	0.0526308176	-0.1099086583	0.1254563957	-0.0406586475	-0.0837369906	-0.1255586544	-0.1407775969	0.0092765365	0.0030911963	-0.0671499512	-0.1823335587	-0.016068654	0.0180496284	0.0158855454	-0.0588766121	0.2475369456	0.1233369503	-0.1563257128	0.1482348896	0.0093946072	0.0493227203	0.2022269704	0.0582243487	-0.0512488543	-0.1049495265	-0.1329961595	-0.0082233475	-0.1453959308	0.1309651524	-0.0165315955	-0.2209082665	-0.0829477652	0.0082273767	0.1412234965	-0.112116624	-0.0117662039	0.0537361149	0.0335376541	-0.0693157824	-0.0880863586	0.0135790964	-0.0641598497	-0.0033983094	0.0255415724	-0.0577263084	-0.0130990819	-0.001631711	0.1353600415	-0.0030782204	0.031765052	0.1234367401	0.0227722548	-0.0086480638	-0.0939028636	0.1188503754	-0.0440825686	-0.0487121179	0.0911287655	-0.0393001065	-0.0531726956	0.0906543325	0.492040423005605	0.2240910999848467	0.0502168210924185	0.2421037778715347	4.972188967923742	4.622045481539232	21.363304433417227	24.722663132742568	6.010275655349908	2.462596765548689	36.12341345329176	6.064382829690865	0.1286229869080935	0.1240056797121718	0.0153774086008777	0.0165438727611595	-0.0121913196510321	-0.0008963936439832	0.0001486282748336	8.035215649734811e-07	-0.0070636308809705	-0.0007939284727787	6.303224198888775e-07	4.9894881222600086e-05	0.0	0.0	0.0	0.0	0.0	0.0	0.0	0.0	0.0	0.0	0.0	0.0	0.0	0.0	0.0	0.0	0.0	0.0	0.0	0.0	0.0	0.0	0.0	0.0	0.0	0.0	0.0	0.0	0.0	0.0	0.0	0.0	0.0	0.0	0.0	0.0	0.0	0.0	0.0	0.0	0.0	0.0	0.0	0.0	0.0	0.0	0.0	0.0	0.0	0.0	0.0	0.0	0.0	0.0	0.0	0.0	0.0	0.0	0.0	0.0	0.0	0.0	0.0	0.0	0.0	0.0	0.0	1.0	0.0	0.0	0.0	0.0	0.0	0.0	0.0	0.0	0.0	0.0	0.0	0.0	0.0	0.0	0.0	0.0	0.0	0.0	0.0	0.0	0.0	0.0	0.0	0.0	0.0	0.0	0.0	0.0	0.0	0.0	0.0	0.0	0.0	0.0	0.0	0.0	0.0	0.0	0.0	0.0	0.0	0.0	0.0	0.0	0.0	0.0	0.0	0.0	0.0	0.0	0.0	0.0	0.0	0.0	0.0	0.0	0.0	0.0	0.0	0.0
861.2968455998945	34.9852159884864	741832.2562403284	1223.9653377610446	871.3586705195439	109.20756045254792	759265.9326895871	11926.291259996906	795.4823165532864	12.180153951615466	632792.115948983	148.35615028505384	793.807392156219	820.1359663085938	2.499819	163.234909	11.747759889808194	5.136955771508854	-0.0085409631	0.0215015825	0.0173042553	0.1772794436	-0.0274608444	0.051979136	0.0972247267	0.045772911	-0.147418042	-0.1129791653	-0.0248333478	0.0849652964	0.1757459193	-0.0467541477	0.0399110505	0.0652256375	0.0326608912	0.1430666163	0.1070935993	0.0893153451	-0.1481815495	0.1150608948	0.0881659605	-0.113976527	-0.0203434049	-0.0424687338	-0.0446246474	0.0138679391	0.0560720929	-0.1879912098	0.036342538	-0.0549683308	0.0631505992	0.0235366684	-0.0480412147	0.1135453286	-0.0023146585	-0.0242747379	0.0342751634	-0.0073125033	-0.0759836473	0.01916202	-0.0750273676	0.0117839517	0.064700064	-0.1494642618	-0.1030075122	0.0335648823	-0.0991932912	-0.0421205612	0.0472297244	-0.0867085122	-0.0126045866	-0.0685119645	0.0202764257	0.027578942	0.1235729446	0.0491272621	0.0784456312	-0.0132793625	0.1121780317	0.0922877617	0.0065254177	-0.0451251461	-0.0466744595	0.0912694965	-0.0435584361	-0.0482057789	0.0912167139	0.273753594870314	-0.218286828135291	0.047649139337366	0.07494103070442	0.7828253934207083	-4.189363574503034	17.550767159372835	0.6128155965842867	3.878191733594264	-2.1320839217556435	15.040371122518884	4.545781849408925	0.0326652791692575	-0.095957707738836	0.0092078816744918	0.0010670204632055	-0.0102864002133962	0.0019049194376359	0.0001058100293501	3.628718063883078e-06	-0.0007657467491579	0.0062978841318126	3.966334453773695e-05	5.863680838458917e-07	0.0	0.0	0.0	0.0	0.0	0.0	0.0	0.0	0.0	0.0	0.0	0.0	0.0	0.0	0.0	0.0	0.0	0.0	0.0	0.0	0.0	0.0	0.0	0.0	0.0	0.0	0.0	0.0	0.0	0.0	0.0	0.0	0.0	0.0	0.0	0.0	0.0	0.0	0.0	0.0	0.0	0.0	0.0	0.0	0.0	0.0	0.0	0.0	0.0	0.0	0.0	0.0	0.0	0.0	0.0	0.0	0.0	0.0	0.0	0.0	0.0	0.0	0.0	0.0	0.0	0.0	0.0	0.0	1.0	0.0	0.0	0.0	0.0	0.0	0.0	0.0	0.0	0.0	0.0	0.0	0.0	0.0	0.0	0.0	0.0	0.0	0.0	0.0	0.0	0.0	0.0	0.0	0.0	0.0	0.0	0.0	0.0	0.0	0.0	0.0	0.0	0.0	0.0	0.0	0.0	0.0	0.0	0.0	0.0	0.0	0.0	0.0	0.0	0.0	0.0	0.0	0.0	0.0	0.0	0.0	0.0	0.0	0.0	0.0	0.0	0.0	0.0	0.0
894.8309625831174	33.53411698322293	800722.4515974285	1124.5370018444803	902.6360743262552	31.27740380671128	814751.8826751129	978.2759888880772	814.2408936550536	18.758577101767173	662988.2329001803	351.8842148829437	815.1244600617359	901.1791914329528	1.959993	127.98494	1.548023014681306	0.8818324336008252	0.042485214	-0.0064169054	0.0873275285	-0.0471504885	-0.0588049669	0.0475055676	0.0892560048	0.0162085937	0.0108933661	-0.0054414154	-0.1385260235	-0.067350817	0.0330092935	0.0437181967	0.0259001126	-0.0116253712	0.0094883402	0.0162589201	0.0703659028	0.0176384235	0.0165213517	-0.0081814625	-0.0177810948	-0.0400557367	-0.0407366921	0.0503518474	-0.0313833056	-0.0083076185	-0.0122117241	-0.0001834495	-0.0176714316	-0.0227302473	0.0771616067	0.0200737748	0.0083503581	-0.0077413182	-0.0024028176	-0.0214175908	0.0095198821	0.0416011029	0.0214798606	-0.0290134895	0.0360457503	-0.0105421986	-0.0400053935	-0.0112874428	0.0888765529	-0.0019027237	-0.0029039749	-0.01785521	0.0197010061	0.0420406712	0.0678534036	-0.0367509454	-0.0137011836	-0.0152306149	0.0191942636	-0.0206098746	0.0147143114	-0.0584535331	-0.0229619829	0.0909181702	-0.0097549973	-0.0461599916	-0.0446048127	0.0912694965	-0.047697375	-0.0430324377	0.0912167139	0.2103631514662112	-0.0633904434041027	0.0040183483149687	0.0442526554947961	0.6234358685008772	-0.1593895249198311	0.0254050206541694	0.388672282133443	3.631821448761002	-0.246370284833262	13.190127035680463	0.0606983172488226	0.0156492652438566	-0.0170160139254009	0.0002895447299094	0.0002448995026725	-0.0079983670435346	0.0022880331698615	6.397387536310042e-05	5.235095786386916e-06	-0.0030391548843776	-0.0022734081352197	5.168384549283112e-06	9.236462411236222e-06	0.0	0.0	0.0	0.0	0.0	0.0	0.0	0.0	0.0	0.0	0.0	0.0	0.0	0.0	0.0	0.0	0.0	0.0	0.0	0.0	0.0	0.0	0.0	0.0	0.0	0.0	0.0	0.0	0.0	0.0	0.0	0.0	0.0	0.0	0.0	0.0	0.0	0.0	0.0	0.0	0.0	0.0	0.0	0.0	0.0	0.0	0.0	0.0	0.0	0.0	0.0	0.0	0.0	0.0	0.0	0.0	0.0	0.0	0.0	0.0	0.0	0.0	0.0	0.0	0.0	0.0	0.0	0.0	0.0	1.0	0.0	0.0	0.0	0.0	0.0	0.0	0.0	0.0	0.0	0.0	0.0	0.0	0.0	0.0	0.0	0.0	0.0	0.0	0.0	0.0	0.0	0.0	0.0	0.0	0.0	0.0	0.0	0.0	0.0	0.0	0.0	0.0	0.0	0.0	0.0	0.0	0.0	0.0	0.0	0.0	0.0	0.0	0.0	0.0	0.0	0.0	0.0	0.0	0.0	0.0	0.0	0.0	0.0	0.0	0.0	0.0	0.0	0.0
884.8237813474198	-10.007181235697658	782913.1240379465	100.1436762840993	855.8004207858792	-46.83565354037603	732394.3602172879	2193.578442554138	808.9633814781322	-5.277512176921391	654421.752572534	27.85213477755356	805.5771376029875	873.1080967712402	0.96208	62.822536	0.1007428175234513	0.0762712680849509	0.0274104846	-0.0142488503	-0.0073161113	-0.006077585	0.0159146496	-0.0183339061	-0.0103510051	-0.0161537905	-0.0118667988	-0.05586177	-0.0052147171	-0.0257066626	0.0196694958	0.0201075789	0.0302238118	-0.005999991	-0.0039874782	0.0082251754	0.0106101508	-0.0080293281	-0.0065531172	-0.0216821939	0.0379432017	0.0312528644	0.0149432744	0.0183448341	-0.0242072613	-0.0063353867	-0.00248872	0.0096773108	0.0147023062	0.0145558653	0.0094217569	0.0126199517	0.05051916	0.007248836	0.0047137339	0.0158627457	-0.015996571	0.0274953822	-0.0139921334	-0.0152837383	-0.006538691	-0.0135476227	-0.0051989026	-0.0596969217	0.0181376573	0.0205478763	-0.0410823458	-0.0167043073	0.0232950137	-0.0101967153	0.037739197	-0.0547484736	-0.0156624521	-0.0162709008	0.0464245675	0.0013537676	0.0145996374	-0.0472942859	0.008553172	0.0784230854	-0.0195540693	-0.0471869279	-0.042504596	0.0911287655	-0.0517055788	-0.037674825	0.0906543325	0.2072493325782574	-0.0031138188879538	9.695868066977916e-06	0.0429522858541331	0.6177392814765597	-0.0056965870243175	3.2451103725622775e-05	0.3816018198791762	3.633500677743072	0.0016792289820699	13.202327175159365	2.8198099742237074e-06	0.0142362273127169	-0.0014130379311397	1.9966761948395656e-06	0.0002026701680993	-0.0082933562324638	-0.0002949891889291	6.877975759854615e-05	8.70186215851069e-08	-0.0031361914168909	-9.703653251329996e-05	9.416088642204717e-09	9.83569660338015e-06	0.0	0.0	0.0	0.0	0.0	0.0	0.0	0.0	0.0	0.0	0.0	0.0	0.0	0.0	0.0	0.0	0.0	0.0	0.0	0.0	0.0	0.0	0.0	0.0	0.0	0.0	0.0	0.0	0.0	0.0	0.0	0.0	0.0	0.0	0.0	0.0	0.0	0.0	0.0	0.0	0.0	0.0	0.0	0.0	0.0	0.0	0.0	0.0	0.0	0.0	0.0	0.0	0.0	0.0	0.0	0.0	0.0	0.0	0.0	0.0	0.0	0.0	0.0	0.0	0.0	0.0	0.0	0.0	0.0	0.0	0.0	0.0	0.0	0.0	0.0	0.0	0.0	0.0	0.0	0.0	0.0	0.0	0.0	0.0	0.0	0.0	0.0	0.0	0.0	0.0	0.0	0.0	0.0	0.0	0.0	0.0	0.0	0.0	0.0	0.0	0.0	0.0	0.0	0.0	0.0	0.0	0.0	0.0	0.0	0.0	0.0	0.0	0.0	0.0	0.0	0.0	0.0	0.0	0.0	0.0	0.0	0.0	0.0	0.0	0.0	0.0	0.0	0.0
887.4981703953551	2.674389047935392	787653.0024551029	7.152356779716774	874.321861044153	18.521440258273856	764438.7166997113	343.0437492408076	811.2327885877681	2.2694071096359494	658098.6372798865	5.150208629266194	808.0456924493642	884.7228627243042	0.7786739999999999	50.846355	0.1773859454059989	0.0937876218237524	0.0384649183	-0.0153612977	0.0384560786	-6.64724e-05	-0.0059565904	0.0112827715	-0.0119165692	-0.0065437961	0.0110536635	-0.0088240723	-0.0873674767	-0.1020148016	-0.0265783036	0.031914957	0.0174928584	-0.0042894326	-0.004967139	0.0034148147	0.0366493644	0.0132064473	0.0143508062	0.003545594	-0.0465183269	-0.0278058643	-0.0571445247	0.0332100233	-0.0210771881	-0.01640363	-0.0009835773	-0.0161512805	-0.0168469827	0.0066075556	0.0416395858	0.0250610602	0.0043327178	-0.0288563597	-0.0385183817	-0.0136551994	0.0067878835	0.0397342483	0.0108840306	-0.0154352301	0.0231191111	-0.0988574966	0.0056506234	0.0158765595	0.0202432695	0.0024110707	-0.0292548847	-0.0507645138	0.0044390015	-0.0023838721	0.035418925	-0.0138011529	-0.0520566812	0.0019993969	0.0512377468	-0.0324606237	-0.0021721237	-0.082178873	-0.0571936638	0.1097621888	-0.0233700509	-0.0482057789	-0.0403752488	0.0908475206	-0.0555720611	-0.0321558829	0.089533037	0.1983996001648478	-0.0088497324134095	7.831776378895221e-05	0.0393624013455714	0.6104045550242176	-0.007334726452342	5.379821213068562e-05	0.3725937207943131	3.56333714780314	-0.0701635299399319	12.697371628913816	0.0049229209336317	0.012776789758727	-0.0014594375539899	2.1299579739960225e-06	0.0001632463565387	-0.0081868504497435	0.0001065057827202	6.702452028646535e-05	1.1343481752863716e-08	-0.0028813756215948	0.000254815795296	6.493108953238376e-08	8.302325472720821e-06	0.0	0.0	0.0	0.0	0.0	0.0	0.0	0.0	0.0	0.0	0.0	0.0	0.0	0.0	0.0	0.0	0.0	0.0	0.0	0.0	0.0	0.0	0.0	0.0	0.0	0.0	0.0	0.0	0.0	0.0	0.0	0.0	0.0	0.0	0.0	0.0	0.0	0.0	0.0	0.0	0.0	0.0	0.0	0.0	0.0	0.0	0.0	0.0	0.0	0.0	0.0	0.0	0.0	0.0	0.0	0.0	0.0	0.0	0.0	0.0	0.0	0.0	0.0	0.0	0.0	0.0	0.0	0.0	0.0	0.0	0.0	0.0	0.0	0.0	0.0	0.0	0.0	0.0	0.0	0.0	0.0	0.0	0.0	0.0	0.0	0.0	0.0	0.0	0.0	0.0	0.0	0.0	0.0	0.0	0.0	0.0	0.0	0.0	0.0	0.0	0.0	0.0	0.0	0.0	0.0	0.0	0.0	0.0	0.0	0.0	0.0	0.0	0.0	0.0	0.0	0.0	0.0	0.0	0.0	0.0	0.0	0.0	0.0	0.0	0.0	0.0	0.0	0.0
890.7417632246512	3.2435928292960625	793420.8887525606	10.520894442260836	885.2648352090414	10.94297416488837	783693.8284576912	119.7486835734143	812.05340300165	0.8206144138819127	659430.7293265603	0.6734080162707551	813.3864432532806	892.1508106409709	0.941427	61.47393	1.169161477917319	0.795498507712614	0.04066297	0.0046276386	0.0500329973	0.0141041317	0.0225498057	-0.0112335026	0.058075394	-0.0331772315	0.0058353736	-0.0109647454	0.0143940396	0.0347123412	-0.0533238704	0.0386419324	0.0121371745	0.0089112736	0.0270372955	-0.0023167565	-0.0038589243	0.0049259266	-0.0031571762	-0.0093995609	0.0043727816	-0.0165027903	0.0055182303	0.0445209451	-0.0101025213	0.0240819931	0.0149416345	-0.010361478	-0.0105972337	-0.0090672082	0.0051014545	-0.0020790002	-0.0065927113	0.0108398846	-0.0320320121	-0.0069539939	0.0188829628	0.0354272672	-0.0022935511	-0.0116663994	0.0259710269	-0.0100381935	-0.035843312	-0.0157744167	0.0228253348	0.0203871215	-0.0308550242	-0.0169909086	-0.0139808811	-0.0199970446	-0.0429788411	-0.0051911377	0.0139592172	0.0228348548	-0.0105431557	0.0213293692	-0.0390584228	0.0331350866	0.0611721937	-0.0650433843	-0.0006022863	-0.0492163702	-0.0382182304	0.0904261954	-0.0592862243	-0.0264992443	0.0878597406	0.2061946600891104	0.0077950599242625	6.076295922284448e-05	0.0425162378492637	0.7263949933242202	0.1159904383000025	0.0134537817770267	0.5276496863264939	2.898786459117616	-0.6645506886855244	8.402962935563645	0.4416276178324047	0.0188597131161591	0.0060829233574321	3.700195657239301e-05	0.0003556887788238	-0.0092991225085412	-0.0011122720587977	8.647367942885759e-05	1.237149132782075e-06	-0.0033026860255156	-0.0004213104039207	1.7750245645190755e-07	1.0907734983136033e-05	0.0	0.0	0.0	0.0	0.0	0.0	0.0	0.0	0.0	0.0	0.0	0.0	0.0	0.0	0.0	0.0	0.0	0.0	0.0	0.0	0.0	0.0	0.0	0.0	0.0	0.0	0.0	0.0	0.0	0.0	0.0	0.0	0.0	0.0	0.0	0.0	0.0	0.0	0.0	0.0	0.0	0.0	0.0	0.0	0.0	0.0	0.0	0.0	0.0	0.0	0.0	0.0	0.0	0.0	0.0	0.0	0.0	0.0	0.0	0.0	0.0	0.0	0.0	0.0	0.0	0.0	0.0	0.0	0.0	0.0	1.0	0.0	0.0	0.0	0.0	0.0	0.0	0.0	0.0	0.0	0.0	0.0	0.0	0.0	0.0	0.0	0.0	0.0	0.0	0.0	0.0	0.0	0.0	0.0	0.0	0.0	0.0	0.0	0.0	0.0	0.0	0.0	0.0	0.0	0.0	0.0	0.0	0.0	0.0	0.0	0.0	0.0	0.0	0.0	0.0	0.0	0.0	0.0	0.0	0.0	0.0	0.0	0.0	0.0	0.0	0.0	0.0	0.0
899.1037777749244	8.362014550273216	808387.6032091407	69.92328733898097	886.4914820534842	1.2266468444428256	785867.1477533829	1.5046624809815414	819.3573858686489	7.303982866998808	671346.525777506	53.34816572141213	817.6809328290232	902.0932603174846	0.760163	49.637642	0.2338617841820099	0.164710112437738	0.047328094	0.0124714705	0.0520973235	0.0071050476	0.0203715694	0.041609482	0.0458214132	-0.0203586849	0.0546676642	-0.0122249826	0.0111729409	0.081869105	-0.0461172148	0.0758835482	-0.015854787	0.0136956179	-0.0048986199	-0.0070220126	0.0219433443	0.0102483988	0.0282259861	0.0150999149	-0.0128412099	-0.0613659772	-0.0181318484	0.0742642682	0.0189093738	-0.0138145787	0.0180797898	-0.0126149119	-0.0143538491	0.0050293728	0.0296746346	0.0328831346	-0.0403098573	0.0002354353	-0.0353137531	-0.0142994643	0.0259554979	0.0448317047	0.0128942025	-0.0122280465	0.045618975	-0.013658675	-0.0598230513	0.018456856	0.0449384456	0.0106332591	-0.0008780681	-0.0088209956	-0.0153503245	-0.0263662763	-0.052090474	0.0066065456	0.0052054854	0.0274533404	-0.0579036761	0.0068419238	-0.0470257327	0.0337531502	0.0351680385	-0.1020751356	0.0093046179	-0.0502185284	-0.0360350191	0.0898654396	-0.0628378881	-0.0207291319	0.0856447597	0.1944692404042598	-0.0117254196848505	0.0001374854667858	0.0378182854634098	0.7141839587741856	-0.0122110345500345	0.0001491093647821	0.5100587269703677	2.746478350761066	-0.1523081083565496	7.543143331199226	0.0231977598711504	0.0192878971528562	0.0004281840366971	1.8334156928222505e-07	0.0003720229765791	-0.0085843663699198	0.0007147561386214	7.369134597301003e-05	5.108763376969757e-07	-0.0033120902820086	-9.404256492999766e-06	8.844004018612826e-11	1.0969942036175806e-05	0.0	0.0	0.0	0.0	0.0	0.0	0.0	0.0	0.0	0.0	0.0	0.0	0.0	0.0	0.0	0.0	0.0	0.0	0.0	0.0	0.0	0.0	0.0	0.0	0.0	0.0	0.0	0.0	0.0	0.0	0.0	0.0	0.0	0.0	0.0	0.0	0.0	0.0	0.0	0.0	0.0	0.0	0.0	0.0	0.0	0.0	0.0	0.0	0.0	0.0	0.0	0.0	0.0	0.0	0.0	0.0	0.0	0.0	0.0	0.0	0.0	0.0	0.0	0.0	0.0	0.0	0.0	0.0	0.0	0.0	0.0	0.0	0.0	0.0	0.0	0.0	0.0	0.0	0.0	0.0	0.0	0.0	0.0	0.0	0.0	0.0	0.0	0.0	0.0	0.0	0.0	0.0	0.0	0.0	0.0	0.0	0.0	0.0	0.0	0.0	0.0	0.0	0.0	0.0	0.0	0.0	0.0	0.0	0.0	0.0	0.0	0.0	0.0	0.0	0.0	0.0	0.0	0.0	0.0	0.0	0.0	0.0	0.0	0.0	0.0	0.0	0.0	0.0
892.2404334109651	-6.8633443639593	796092.9910133869	47.10549585829188	871.5014598895978	-14.990022163886463	759514.7945897002	224.70076447380745	814.3744822989265	-4.982903569722339	663205.7974196445	24.82932798515163	812.0147618578554	898.6793579966227	0.68256	44.570248	0.1225421715224361	0.0541494675356491	0.0489444817	0.0073753571	0.0214864965	-0.0107610748	0.014867224	-0.0040661126	0.0182665393	-0.0022271411	0.0209289067	-0.0001292232	0.0402188304	0.0725933557	-0.0308313178	0.0547132768	0.003296336	-0.0044670735	0.0095651158	-0.0237273818	-0.0089963958	-0.0185416029	0.011042354	-0.0315879671	-0.0336688996	-0.0073251581	-0.0150803783	0.0540422536	0.0076793119	0.0095669309	0.0039591526	0.0192271614	-0.0200197135	0.0243927116	-0.0129750922	0.0012484862	0.015018473	-0.0420512022	-0.0488670295	0.0250731568	0.0104404823	0.0395842195	0.0021837851	-0.0093997782	0.0327346555	-0.053736295	-0.0371265519	0.016708087	0.0089075119	0.0185029766	-0.0258434134	-0.0287117272	-0.0268871578	-0.0504909641	-0.0785125601	0.0211795523	0.009220312	0.0190431531	-0.0291826913	0.0143342017	-0.0518328488	0.018804204	0.0450761941	-0.0659105961	-0.0013990881	-0.051212082	-0.0338271112	0.0891661178	-0.0662173176	-0.0148702542	0.0829017503	0.1699103647191577	-0.024558875685102	0.0006031383749162	0.0288695320389971	0.6882756910627137	-0.0259082677114719	0.0006712383358092	0.473723426907856	2.7555924032824635	0.0091140525213972	7.593289493028022	8.306595336278845e-05	0.019603643447321	0.0003157462944647	9.969572246825121e-08	0.0003843028364096	-0.0078700711373613	0.0007142952325584	6.19380197071274e-05	5.102176792557998e-07	-0.0035412682670746	-0.000229177985066	5.2522548838911835e-08	1.254058093938954e-05	0.0	0.0	0.0	0.0	0.0	0.0	0.0	0.0	0.0	0.0	0.0	0.0	0.0	0.0	0.0	0.0	0.0	0.0	0.0	0.0	0.0	0.0	0.0	0.0	0.0	0.0	0.0	0.0	0.0	0.0	0.0	0.0	0.0	0.0	0.0	0.0	0.0	0.0	0.0	0.0	0.0	0.0	0.0	0.0	0.0	0.0	0.0	0.0	0.0	0.0	0.0	0.0	0.0	0.0	0.0	0.0	0.0	0.0	0.0	0.0	0.0	0.0	0.0	0.0	0.0	0.0	0.0	0.0	0.0	0.0	0.0	0.0	0.0	0.0	0.0	0.0	0.0	0.0	0.0	0.0	0.0	0.0	0.0	0.0	0.0	0.0	0.0	0.0	0.0	0.0	0.0	0.0	0.0	0.0	0.0	0.0	0.0	0.0	0.0	0.0	0.0	0.0	0.0	0.0	0.0	0.0	0.0	0.0	0.0	0.0	0.0	0.0	0.0	0.0	0.0	0.0	0.0	0.0	0.0	0.0	0.0	0.0	0.0	0.0	0.0	0.0	0.0	0.0
894.8650161077165	2.6245826967514176	800783.3970534637	6.888434332086944	894.2243636985878	22.72290380899005	799637.2126321442	516.3303575126147	815.1919469725559	0.817464673629388	664537.9104089064	0.6682484926320019	815.3212806332051	901.2863067321778	0.712104	46.499435	0.2801314349378589	0.1486882388110882	0.0535483431	0.0205575542	0.0644118222	0.035342131	0.0390976537	0.0560623277	0.0230203293	-0.0222693372	0.0313062541	0.0182771752	0.0066086491	0.0932262019	-0.063889688	0.0630043931	0.0055968074	-0.0078652706	0.020637014	-0.0085765576	0.009260452	0.0040414385	-0.0032166313	0.0306162593	-0.0318922603	-0.0275419125	-0.0143810876	0.0638584182	0.0016145338	0.0144822655	-0.0007431063	-0.0209172779	-0.0339348046	0.0019809005	0.0081546226	-0.0002644062	-0.0613610341	-0.0124250156	-0.029167449	1.31287e-05	0.0130685905	0.053532962	0.0094836888	-0.0077242917	0.0442051696	-0.0121911797	-0.0626152874	0.0159479939	0.035418955	0.0148874135	0.0009910166	-0.0009620882	-0.0219230987	-0.0265460278	-0.0586047415	0.0134170304	0.0023584897	0.0271488253	-0.0514239242	0.0080846291	-0.0367233492	0.0401285327	0.0329605531	-0.1022294863	0.0087752932	-0.0521968607	-0.0315960199	0.0883293083	-0.06941525	-0.0089476998	0.0796476241	0.143851937583463	-0.0260584271356947	0.0006790416247863	0.0206933799465165	0.635181940440674	-0.0530937506220396	0.0028189463551153	0.4034560974619799	2.6591591369345338	-0.0964332663479297	7.071127315542414	0.0092993748585307	0.0204570242047415	0.0008533807574204	7.28258717135584e-07	0.0004184898393133	-0.0081410791237286	-0.0002710079863672	6.627716929880962e-05	7.344532867485802e-08	-0.0045077993399307	-0.000966531072856	9.341823147963632e-07	2.0320254889079653e-05	0.0	0.0	0.0	0.0	0.0	0.0	0.0	0.0	0.0	0.0	0.0	0.0	0.0	0.0	0.0	0.0	0.0	0.0	0.0	0.0	0.0	0.0	0.0	0.0	0.0	0.0	0.0	0.0	0.0	0.0	0.0	0.0	0.0	0.0	0.0	0.0	0.0	0.0	0.0	0.0	0.0	0.0	0.0	0.0	0.0	0.0	0.0	0.0	0.0	0.0	0.0	0.0	0.0	0.0	0.0	0.0	0.0	0.0	0.0	0.0	0.0	0.0	0.0	0.0	0.0	0.0	0.0	0.0	0.0	0.0	0.0	0.0	0.0	0.0	0.0	0.0	0.0	0.0	0.0	0.0	0.0	0.0	0.0	0.0	0.0	0.0	0.0	0.0	0.0	0.0	0.0	0.0	0.0	0.0	0.0	0.0	0.0	0.0	0.0	0.0	0.0	0.0	0.0	0.0	0.0	0.0	0.0	0.0	0.0	0.0	0.0	0.0	0.0	0.0	0.0	0.0	0.0	0.0	0.0	0.0	0.0	0.0	0.0	0.0	0.0	0.0	0.0	0.0
887.277630983392	-7.587385124324555	787261.5944435003	57.568413024821545	885.687537998348	-8.536825700239774	784442.4149655752	72.87739303627431	811.466670790042	-3.725276182513881	658478.1578030745	13.87768263600519	812.0072497894	895.5091230570475	0.625385	40.836784	0.1474475293424443	0.0709774302262136	0.0544684255	0.0156192252	0.0504451234	-0.0150820707	0.0224327264	0.0459515073	0.0061353714	-0.0018235761	0.0188870704	0.0361620533	0.0629763039	0.0698169347	-0.0378920519	0.0485404906	0.0131277423	-0.0083321475	0.0238044953	-0.0273780359	0.0090444305	-0.0102667887	0.0041775233	0.0064139534	-0.006926037	0.0026287687	-0.0026398266	0.0538608237	-0.0101189737	0.0210585072	-0.0061057962	0.0174036242	-0.0250952001	-0.00105482	0.011133388	-0.006221757	-0.0227231621	-0.0007112054	-0.0214406744	0.0220032626	0.004611274	0.0498150652	0.0034407321	-0.0150039236	0.0324766126	-0.0437147354	-0.0466534394	0.0177010498	0.0058191225	0.0167735648	-0.0198815958	-0.0211669796	-0.0174906125	-0.0288465425	-0.0627797683	0.0065496393	-0.0132353275	0.02326187	-0.0361107786	0.0108692798	-0.04622566	0.0243530649	0.0629513984	-0.0775153601	-0.0059012133	-0.0531726956	-0.0293432743	0.0873563013	-0.0724229201	-0.00298683	0.0759024438	0.1544718382333627	0.0106199006498996	0.0001127822898137	0.0238615488071941	0.6562820336928326	0.0211000932521585	0.0004452139352497	0.4307061077480002	2.6944004359385048	0.0352412990039709	7.259793709185605	0.0012419491554872	0.0206242922703972	0.0001672680656557	2.79786057882e-08	0.0004253614316547	-0.0092360485049629	-0.0010949693812343	8.530459198602741e-05	1.198957945840627e-06	-0.0041603120580924	0.0003474872818382	1.2074741103936993e-07	1.730819642070902e-05	0.0	0.0	0.0	0.0	0.0	0.0	0.0	0.0	0.0	0.0	0.0	0.0	0.0	0.0	0.0	0.0	0.0	0.0	0.0	0.0	0.0	0.0	0.0	0.0	0.0	0.0	0.0	0.0	0.0	0.0	0.0	0.0	0.0	0.0	0.0	0.0	0.0	0.0	0.0	0.0	0.0	0.0	0.0	0.0	0.0	0.0	0.0	0.0	0.0	0.0	0.0	0.0	0.0	0.0	0.0	0.0	0.0	0.0	0.0	0.0	0.0	0.0	0.0	0.0	0.0	0.0	0.0	0.0	0.0	0.0	0.0	0.0	0.0	0.0	0.0	0.0	0.0	0.0	0.0	0.0	0.0	0.0	0.0	0.0	0.0	0.0	0.0	0.0	0.0	0.0	0.0	0.0	0.0	0.0	0.0	0.0	0.0	0.0	0.0	0.0	0.0	0.0	0.0	0.0	0.0	0.0	0.0	0.0	0.0	0.0	0.0	0.0	0.0	0.0	0.0	0.0	0.0	0.0	0.0	0.0	0.0	0.0	0.0	0.0	0.0	0.0	0.0	0.0
883.1725679194993	-4.105063063892658	779993.7847255226	16.851542758535775	887.4117816082843	1.724243609936252	787499.6701371892	2.9730160264059986	812.6537660008712	1.1870952108291704	660406.1433953987	1.4091950395735524	813.6726285392447	885.5995805460612	0.592197	38.669704	0.2436223350841346	0.1628122681168792	0.0540490913	0.0249895361	0.0712488793	0.0362736403	0.025344937	0.0586466818	0.0297800348	-0.0367262998	0.0753970957	0.0322971211	0.0197022814	-0.0086182832	-0.0097809551	0.0611123004	0.0106407306	0.0092397365	0.0323429036	-0.0170673735	0.0369562561	-0.0157507781	0.0017678201	0.0237263972	-0.0257840705	-0.0282499733	-0.0501393131	0.0660333945	-0.0128186199	0.0153914459	0.0113630446	-0.0315491182	-0.0547449496	0.0061223769	0.0363342658	-0.0013505849	-0.0535574477	0.0104091774	-0.0465058472	-0.0225388257	-0.0008976449	0.0619115614	0.0094569357	-0.0095006955	0.0475135214	-0.0152137169	-0.0583919391	0.0120603784	0.0341536385	0.0156908018	-0.0087285364	-0.0018508079	-0.0201923187	-0.0180098765	-0.0454748346	0.004864939	-0.012320596	0.0220412671	-0.0600993929	0.0189335917	-0.0221766153	0.0322175107	0.0314223296	-0.0701824107	0.0053003719	-0.0541394198	-0.0270704183	0.0862485974	-0.075232084	0.00298683	0.0716892996	0.1470286633730495	-0.0074431748603131	5.5400852001198107e-05	0.0216174278532655	0.6495605145438361	-0.0067215191489964	4.517881967032577e-05	0.4219288620544531	2.809564062573145	0.11516362663464	7.893650221702514	0.0132626608996427	0.018932206782814	-0.0016920854875831	2.863153297289672e-06	0.0003584284536672	-0.0096580674413204	-0.0004220189363574	9.327826670109316e-05	1.7809998264431557e-07	-0.0043320879229554	-0.0001717758648629	2.9506947749431525e-08	1.876698577221603e-05	0.0	0.0	0.0	0.0	0.0	0.0	0.0	0.0	0.0	0.0	0.0	0.0	0.0	0.0	0.0	0.0	0.0	0.0	0.0	0.0	0.0	0.0	0.0	0.0	0.0	0.0	0.0	0.0	0.0	0.0	0.0	0.0	0.0	0.0	0.0	0.0	0.0	0.0	0.0	0.0	0.0	0.0	0.0	0.0	0.0	0.0	0.0	0.0	0.0	0.0	0.0	0.0	0.0	0.0	0.0	0.0	0.0	0.0	0.0	0.0	0.0	0.0	0.0	0.0	0.0	0.0	0.0	0.0	0.0	0.0	0.0	0.0	0.0	0.0	0.0	0.0	0.0	0.0	0.0	0.0	0.0	0.0	0.0	0.0	0.0	0.0	0.0	0.0	0.0	0.0	0.0	0.0	0.0	0.0	0.0	0.0	0.0	0.0	0.0	0.0	0.0	0.0	0.0	0.0	0.0	0.0	0.0	0.0	0.0	0.0	0.0	0.0	0.0	0.0	0.0	0.0	0.0	0.0	0.0	0.0	0.0	0.0	0.0	0.0	0.0	0.0	0.0	0.0
880.1178272126335	-3.0547407068658003	774607.389777487	9.33144078618297	873.8668867829558	-13.54489482532847	763643.3358157353	183.46417582920995	812.3013905979011	-0.3523754029700967	659833.5491672839	0.124168424618338	811.3738682899282	875.9785430386861	0.630905	41.197247	0.4754773114467924	0.2742294840988242	0.059181842	0.0209407088	0.0620868773	-0.0248381443	0.0042265658	-0.0339559492	0.02214112	-0.0401900228	0.0614428787	0.0046303907	0.0299713036	-0.0490784582	-0.0221262251	0.0645427974	0.023375089	0.0007170566	0.0090266663	-0.0408037208	0.0083437283	-0.0181533023	0.0140235376	-0.0103567605	0.0025582107	0.0206118993	-0.0042140974	0.067469365	-0.0144857294	0.0049670807	0.0036497762	0.026086456	-0.03618269	0.0002563158	0.012919062	0.0011976569	-0.0003040787	-0.0035079543	-0.0234697878	0.0058839222	0.0217202037	0.063636153	0.0084991037	-0.0209854317	0.0434799954	-0.0358537049	-0.0450840978	0.0118378922	0.0260505528	0.0132563238	-0.0223693663	-0.0026583482	-0.0142982377	-0.0130595016	-0.0455084108	-0.0015139332	-0.0232559028	0.015370587	-0.0399164289	0.0132569905	-0.0347890883	0.0315896606	0.0378351064	-0.0363350515	-0.013336022	-0.0550968674	-0.0247790096	0.0850079043	-0.0778350419	0.0089476998	0.0670341672	0.1270983360018647	-0.0199303273711848	0.0003972179491225	0.0161539870144429	0.5583985048191664	-0.0911620097246697	0.0083105120170407	0.3118088901842806	2.948184189084828	0.1386201265116833	8.691790012769765	0.019215539474115	0.0150102614123738	-0.0039219453704402	1.538165548871732e-05	0.0002253079476677	-0.0091488277400366	0.0005092397012838	8.370104901686319e-05	2.593250733636139e-07	-0.0044161998080165	-8.411188506110036e-05	7.0748092085317584e-09	1.950282074432497e-05	0.0	0.0	0.0	0.0	0.0	0.0	0.0	0.0	0.0	0.0	0.0	0.0	0.0	0.0	0.0	0.0	0.0	0.0	0.0	0.0	0.0	0.0	0.0	0.0	0.0	0.0	0.0	0.0	0.0	0.0	0.0	0.0	0.0	0.0	0.0	0.0	0.0	0.0	0.0	0.0	0.0	0.0	0.0	0.0	0.0	0.0	0.0	0.0	0.0	0.0	0.0	0.0	0.0	0.0	0.0	0.0	0.0	0.0	0.0	0.0	0.0	0.0	0.0	0.0	0.0	0.0	0.0	0.0	0.0	0.0	0.0	0.0	0.0	0.0	0.0	0.0	0.0	0.0	0.0	0.0	0.0	0.0	0.0	0.0	0.0	0.0	0.0	0.0	0.0	0.0	0.0	0.0	0.0	0.0	0.0	0.0	0.0	0.0	0.0	0.0	0.0	0.0	0.0	0.0	0.0	0.0	0.0	0.0	0.0	0.0	0.0	0.0	0.0	0.0	0.0	0.0	0.0	0.0	0.0	0.0	0.0	0.0	0.0	0.0	0.0	0.0	0.0	0.0
884.6312514626042	4.513424249970626	782572.4510642932	20.370998460222907	884.8569390804737	10.990052297517876	782971.8026388651	120.78124950217796	812.8178473195217	0.5164567216205569	660672.8529211412	0.2667275453070534	812.2132144026021	870.4206805274139	0.640075	41.796062	0.3082172455043144	0.1792078032375509	0.0594356043	0.0248117559	0.0772240895	0.0366487382	0.0540429925	-0.00081802	0.0326984613	-0.0580463185	0.0802605489	0.0169557696	-0.0112896222	-0.0326138587	-0.0333335051	0.0681344797	0.0105601522	0.0122840411	0.0264659236	-0.0180226566	0.0178257142	-0.0008027523	0.0115887025	0.0015552886	-0.0601624444	-0.0187599571	-0.0337856279	0.0715551747	-0.0080059421	0.0089882405	0.0170971018	-0.018057087	-0.0450624087	-0.0051485771	0.0270585539	0.0090003456	-0.0350014612	-0.0294336981	-0.0600140492	-0.0150514062	0.0137282439	0.0716189378	0.0132731896	-0.0168681769	0.0561041166	-0.0322225608	-0.0558616473	0.023897813	0.0357355085	0.0116661304	-0.0124554091	0.0116340946	-0.0162803169	-0.0085515837	-0.0432379607	0.0078357112	-0.0173703904	0.0220032129	-0.0596778709	0.0111296658	-0.0271740138	0.01859013	0.0044610647	-0.027476749	-0.0058840507	-0.0560448744	-0.0224706185	0.0836361352	-0.0802246594	0.0148702542	0.0619657467	0.1112935876453065	-0.0158047483565582	0.0002497900706141	0.0123862626509635	0.5364271012384165	-0.0219714035807498	0.0004827425753081	0.2877540349430503	2.987143206916969	0.0389590178321408	8.923024538630195	0.001517805070445	0.0120606043477718	-0.002949657064602	8.70047679875649e-06	0.0001454581772334	-0.0077864499111526	0.0013623778288839	6.062880221888834e-05	1.85607334863468e-06	-0.0047338064292278	-0.0003176066212113	1.0087396583725825e-07	2.2408923309398457e-05	0.0	0.0	0.0	0.0	0.0	0.0	0.0	0.0	0.0	0.0	0.0	0.0	0.0	0.0	0.0	0.0	0.0	0.0	0.0	0.0	0.0	0.0	0.0	0.0	0.0	0.0	0.0	0.0	0.0	0.0	0.0	0.0	0.0	0.0	0.0	0.0	0.0	0.0	0.0	0.0	0.0	0.0	0.0	0.0	0.0	0.0	0.0	0.0	0.0	0.0	0.0	0.0	0.0	0.0	0.0	0.0	0.0	0.0	0.0	0.0	0.0	0.0	0.0	0.0	0.0	0.0	0.0	0.0	0.0	0.0	0.0	0.0	0.0	0.0	0.0	0.0	0.0	0.0	0.0	0.0	0.0	0.0	0.0	0.0	0.0	0.0	0.0	0.0	0.0	0.0	0.0	0.0	0.0	0.0	0.0	0.0	0.0	0.0	0.0	0.0	0.0	0.0	0.0	0.0	0.0	0.0	0.0	0.0	0.0	0.0	0.0	0.0	0.0	0.0	0.0	0.0	0.0	0.0	0.0	0.0	0.0	0.0	0.0	0.0	0.0	0.0	0.0	0.0
883.6391557178488	-0.9920957447553748	780818.1575177526	0.9842539667617216	871.653853973785	-13.203085106688718	759780.4411473525	174.32145633446544	809.9016844699464	-2.916162849575244	655940.7385072566	8.504005765242807	808.6315488780829	875.5377353757223	0.626257	40.89378	0.1880342819645498	0.1447620006763343	0.0665325436	0.0186409235	0.0627125078	-0.0105208052	-0.0117028142	-0.0224351504	0.0027290884	-0.0340756873	0.0369495971	0.0117009638	0.023295825	-0.0285871316	0.0061324736	0.0609783461	0.0264461802	0.0128980531	0.0235420925	-0.060508232	-0.0063583774	-0.0206807711	0.0215434793	-0.0133236368	0.0126929176	0.0161562322	0.0052154391	0.0632956931	-0.01946833	0.017089405	0.0177872457	0.0505222051	-0.0459196817	0.0003246388	0.0033522004	0.0151924105	0.0196011538	-0.0074645169	-0.024981973	0.0215770877	0.0087632456	0.0692932517	0.0095280394	-0.0204137013	0.0494508448	-0.0431956748	-0.0511872379	0.0135826018	0.0247736103	0.017575329	-0.0214024193	0.0014842671	-0.0076726816	-0.0041924292	-0.0429539244	-0.0001590345	-0.0175564321	0.0106350181	-0.0342066551	0.0108601542	-0.0324258315	0.0069333138	0.0332752983	-0.0267537677	-0.013601254	-0.0569832784	-0.0201468273	0.0821354052	-0.0823943867	0.0207291319	0.0565152869	0.1144623750484328	0.0031687874031263	1.0041213606211936e-05	0.013101635301728	0.5485660125386289	0.0121389113002123	0.0001473531675544	0.3009246701125311	2.957320894706058	-0.0298223122109111	8.745746874265038	0.000889370305605	0.0146451060900376	0.0025845017422658	6.679649255774957e-06	0.0002144791323884	-0.0075697622347314	0.0002166876764212	5.730130029036572e-05	4.695354911281886e-08	-0.0046769104269088	5.689600231899988e-05	3.23715507988364e-09	2.1873491141328256e-05	0.0	0.0	0.0	0.0	0.0	0.0	0.0	0.0	0.0	0.0	0.0	0.0	0.0	0.0	0.0	0.0	0.0	0.0	0.0	0.0	0.0	0.0	0.0	0.0	0.0	0.0	0.0	0.0	0.0	0.0	0.0	0.0	0.0	0.0	0.0	0.0	0.0	0.0	0.0	0.0	0.0	0.0	0.0	0.0	0.0	0.0	0.0	0.0	0.0	0.0	0.0	0.0	0.0	0.0	0.0	0.0	0.0	0.0	0.0	0.0	0.0	0.0	0.0	0.0	0.0	0.0	0.0	0.0	0.0	0.0	0.0	0.0	0.0	0.0	0.0	0.0	0.0	0.0	0.0	0.0	0.0	0.0	0.0	0.0	0.0	0.0	0.0	0.0	0.0	0.0	0.0	0.0	0.0	0.0	0.0	0.0	0.0	0.0	0.0	0.0	0.0	0.0	0.0	0.0	0.0	0.0	0.0	0.0	0.0	0.0	0.0	0.0	0.0	0.0	0.0	0.0	0.0	0.0	0.0	0.0	0.0	0.0	0.0	0.0	0.0	0.0	0.0	0.0
890.3164802050815	6.677324487232681	792663.4349247653	44.58666230779719	893.5698767699205	21.916022796135508	798467.1246706109	480.3120552007312	816.1280822440262	6.226397774079828	666065.0466273121	38.76802924106624	816.6367869566768	874.7669843629201	0.7377129999999998	48.171661	0.158219223391497	0.067462182165552	0.0669949767	0.0201410415	0.0923342795	0.073246264	0.0695686785	0.0198235696	0.0447803196	-0.0639051599	0.0686688502	0.0200209125	-0.0386043944	0.0133851564	-0.0290206187	0.0905820917	0.0045835238	0.0150085097	0.0502921581	-0.0156387447	0.0243980061	-0.0013403077	0.0093419989	0.0217981535	-0.0571720789	-0.0515584303	-0.0621371893	0.0939354451	0.0002196197	0.0327735383	0.0264942482	-0.0217857973	-0.0526343635	-0.0012313086	0.0344538697	0.0123123999	-0.0541342795	-0.023487071	-0.075252235	-0.0327871023	0.0122729292	0.0760042804	0.0120136725	-0.0135221821	0.0641022364	-0.0394606669	-0.0603268256	0.0268669338	0.0329659643	0.0213053222	-0.0098367661	0.0090987123	-0.0177311039	-0.024889309	-0.0601755041	0.0185079453	0.0054397326	0.021593896	-0.0593216664	0.0102036892	-0.0307587826	0.0117985514	0.0077639995	-0.0445007121	0.0006684531	-0.0579119187	-0.0178092284	0.0805080284	-0.0843382767	0.0264992443	0.0507163915	0.0959920195574142	-0.0184703554910186	0.0003411540319646	0.0092144678187109	0.5981478285247874	0.0495818159861585	0.0024583564764852	0.3577808247689185	2.964843974003003	0.0075230792969449	8.790299790181919	5.6596722108121824e-05	0.0154839710777713	0.0008388649877337	7.036944676454612e-07	0.0002397533603372	-0.007123081179565	0.0004466810551664	5.073828549067311e-05	1.9952396504456858e-07	-0.0050442438363562	-0.0003673334094473	1.3493383369625098e-07	2.5444395880617512e-05	0.0	0.0	0.0	0.0	0.0	0.0	0.0	0.0	0.0	0.0	0.0	0.0	0.0	0.0	0.0	0.0	0.0	0.0	0.0	0.0	0.0	0.0	0.0	0.0	0.0	0.0	0.0	0.0	0.0	0.0	0.0	0.0	0.0	0.0	0.0	0.0	0.0	0.0	0.0	0.0	0.0	0.0	0.0	0.0	0.0	0.0	0.0	0.0	0.0	0.0	0.0	0.0	0.0	0.0	0.0	0.0	0.0	0.0	0.0	0.0	0.0	0.0	0.0	0.0	0.0	0.0	0.0	0.0	0.0	0.0	0.0	0.0	0.0	0.0	0.0	0.0	0.0	0.0	0.0	0.0	0.0	0.0	0.0	0.0	0.0	0.0	0.0	0.0	0.0	0.0	0.0	0.0	0.0	0.0	0.0	0.0	0.0	0.0	0.0	0.0	0.0	0.0	0.0	0.0	0.0	0.0	0.0	0.0	0.0	0.0	0.0	0.0	0.0	0.0	0.0	0.0	0.0	0.0	0.0	0.0	0.0	0.0	0.0	0.0	0.0	0.0	0.0	0.0
875.813628972103	-14.502851232978514	767049.5126932844	210.3326938859064	864.1688839305531	-29.400992839367404	746787.8599537777	864.4183799405334	801.7654419572601	-14.362640286766124	642827.8239169207	206.28543600703725	799.4862599845219	864.1749730587005	1.179242	77.002975	0.5487129535430373	0.2519540569073227	0.0608097079	0.0010908607	0.0405845791	-0.1389934978	-0.0115214199	-0.0444157564	0.0007653417	0.0071512547	0.0344264939	-0.0608121704	0.0233664504	-0.0106097331	-0.0220752734	0.0280835427	0.0126192275	0.0269953926	-0.0106303151	-0.0940747576	-0.0574878711	-0.030349132	0.087978994	-0.1000716651	0.0643634553	0.069537542	0.0140129021	0.0278113235	0.0007203492	-0.0197426552	0.0259355356	0.1517221457	0.0026260122	-0.018715074	-0.0046211801	0.0289799623	0.1184038869	-0.041779247	0.0163153667	-0.0152967914	0.0241718284	0.0568132801	0.0096872287	-0.011037544	0.0357046699	-0.041128344	-0.0417477533	0.0082107664	0.0065024313	0.0150055891	-0.0126132853	-0.0135855672	-0.0193698192	-0.0448162237	-0.0487679893	0.0435217463	0.0560756743	0.0215385407	-0.0038596672	0.0082472304	-0.0098071938	-0.0058332703	0.0098166455	-0.0212880938	-0.0048258863	-0.058830636	-0.0154594239	0.0787565141	-0.0860510014	0.0321558829	0.0446048127	0.1047306552102611	0.0087386356528469	7.636375307320715e-05	0.0109685101407705	0.7055353124608388	0.1073874839360513	0.0115320717061156	0.4977800771292134	3.188669642177402	0.223825668174399	10.16761408694376	0.0500979297337162	0.0172331951446741	0.0017492240669027	3.059784836231965e-06	0.0002969830148944	-0.0055639211277509	0.0015591600518141	3.095721831583284e-05	2.430980067172948e-06	-0.0059110830332341	-0.0008668391968778	7.514101932439222e-07	3.4940902625788045e-05	0.0	0.0	0.0	0.0	0.0	0.0	0.0	0.0	0.0	0.0	0.0	0.0	0.0	0.0	0.0	0.0	0.0	0.0	0.0	0.0	0.0	0.0	0.0	0.0	0.0	0.0	0.0	0.0	0.0	0.0	0.0	0.0	0.0	0.0	0.0	0.0	0.0	0.0	0.0	0.0	0.0	0.0	0.0	0.0	0.0	0.0	0.0	0.0	0.0	0.0	0.0	0.0	0.0	0.0	0.0	0.0	0.0	0.0	0.0	0.0	0.0	0.0	0.0	0.0	0.0	0.0	0.0	0.0	0.0	0.0	0.0	1.0	0.0	0.0	0.0	0.0	0.0	0.0	0.0	0.0	0.0	0.0	0.0	0.0	0.0	0.0	0.0	0.0	0.0	0.0	0.0	0.0	0.0	0.0	0.0	0.0	0.0	0.0	0.0	0.0	0.0	0.0	0.0	0.0	0.0	0.0	0.0	0.0	0.0	0.0	0.0	0.0	0.0	0.0	0.0	0.0	0.0	0.0	0.0	0.0	0.0	0.0	0.0	0.0	0.0	0.0	0.0	0.0
885.5953876187821	9.781758646679124	784279.1905716609	95.6828022218818	882.6818015606373	18.51291763008419	779127.1628063322	342.728119178282	808.5795255466943	6.814083589434176	653800.8491333172	46.43173516379615	804.8793614098582	873.6025067087809	1.085454	70.878731	0.9780721475940714	0.4902239091676696	0.0718914579	-0.0096924544	0.0801438663	-0.1186347601	0.0186952503	-0.0392367238	-0.1364607988	-0.0280918241	0.0103259305	0.0132200996	0.0002067018	-0.0699820733	0.0149961544	0.0656532745	0.0097085946	0.0232411295	-0.0040478444	-0.0973406998	-0.025154289	0.0146629558	0.0444881097	-0.0577855633	0.0210985116	0.0414294163	-0.0291247036	0.060334198	-0.0026520445	-0.0117361812	0.0228764987	0.0825798328	-0.0299919838	-0.0334309562	-0.0164388228	0.0345989529	0.0490567986	-0.0053833968	-0.0259893106	-0.0092554387	0.0026663597	0.0783552117	0.0031848955	0.0017841472	0.0392632433	-0.0422724011	-0.0159788098	-0.0133868106	0.0099145654	0.0204695474	-0.0015438358	-0.0102812529	-0.0194141311	-0.0193061804	0.0181180296	0.0023318117	0.0317575205	0.0227720464	0.0816782172	-0.0150861516	0.0376302707	-0.1082326879	-0.0345105193	0.0943408826	0.0209168839	-0.059739273	-0.0130990243	0.0768835629	-0.0875278662	0.037674825	0.0382182304	0.0599926373510015	-0.0447380178592596	0.0020014902419754	0.0035991165363287	0.8639193067708533	0.1583839943100145	0.0250854896535947	0.7463565686114316	3.642364408308424	0.4536947661310222	13.266818482911976	0.2058389408146829	0.0225652663937503	0.0053320712490762	2.8430983805225044e-05	0.0005091912474209	-0.005570202696983	-6.281569232100166e-06	3.102715808547668e-05	3.9458112017667474e-11	-0.0048243284656669	0.0010867545675671	1.181035490128171e-06	2.3274145144643948e-05	0.0	0.0	0.0	0.0	0.0	0.0	0.0	0.0	0.0	0.0	0.0	0.0	0.0	0.0	0.0	0.0	0.0	0.0	0.0	0.0	0.0	0.0	0.0	0.0	0.0	0.0	0.0	0.0	0.0	0.0	0.0	0.0	0.0	0.0	0.0	0.0	0.0	0.0	0.0	0.0	0.0	0.0	0.0	0.0	0.0	0.0	0.0	0.0	0.0	0.0	0.0	0.0	0.0	0.0	0.0	0.0	0.0	0.0	0.0	0.0	0.0	0.0	0.0	0.0	0.0	0.0	0.0	0.0	0.0	0.0	0.0	0.0	1.0	0.0	0.0	0.0	0.0	0.0	0.0	0.0	0.0	0.0	0.0	0.0	0.0	0.0	0.0	0.0	0.0	0.0	0.0	0.0	0.0	0.0	0.0	0.0	0.0	0.0	0.0	0.0	0.0	0.0	0.0	0.0	0.0	0.0	0.0	0.0	0.0	0.0	0.0	0.0	0.0	0.0	0.0	0.0	0.0	0.0	0.0	0.0	0.0	0.0	0.0	0.0	0.0	0.0	0.0	0.0
891.6075089334888	6.0121213147067465	794963.9499865813	36.14560270275118	868.6303176384467	-14.051483922190528	754518.6287206688	197.4442004155789	816.3516857621604	7.772160215466101	666430.0748467211	60.40647441487408	815.1104033519114	890.8421127700806	0.956619	62.465942	0.3770154722240881	0.1778846501693061	0.0827342102	0.0072179284	0.0524059074	0.0215737308	0.0276904669	0.0247827782	0.03389922	-0.0283457539	0.0452179289	-0.0570529536	0.0320528374	0.0242940239	-0.0261799664	0.1019266392	0.0026599002	0.0123740494	0.0592579084	-0.0334148073	0.0602469047	-0.019028174	-0.0089173263	0.0036827843	-0.0034386804	-0.03125749	-0.0535984893	0.1031239964	0.0040040446	0.0384539588	0.0176316709	0.0024862442	-0.0530322248	0.0285875044	0.0464221157	0.0421003288	0.006378294	0.0359398847	-0.0300339405	-0.0237190355	-0.0291695929	0.0739194706	0.0100086734	-0.0210735176	0.0446552623	-0.0047226705	-0.0706838043	-0.0176653065	0.0511481384	0.0192870586	0.0011451219	0.0103427149	0.0069285862	0.0114655974	-0.0034531402	-0.0092452796	0.0401535346	-0.0007698579	0.0103604646	0.0060345132	0.0178515559	-0.0771823887	0.0334803115	0.0566003126	-0.0024861643	-0.060637674	-0.0107296473	0.0748920628	-0.0887648233	0.0430324377	0.0315960199	0.0774400680981131	0.0174474307471116	0.0003044128396752	0.0059969641470403	0.7981232793889887	-0.0657960273818645	0.004329117219235	0.6370007691026338	3.481101696193832	-0.1612627121145919	12.118069019243576	0.0260056623185537	0.0206174973618426	-0.0019477690319077	3.7938042016586616e-06	0.0004250811974655	-0.0052583040813722	0.0003118986156107	2.7649761812175536e-05	9.72807464199335e-08	-0.004433810073575	0.0003905183920919	1.5250461456204297e-07	1.9658671768535147e-05	0.0	0.0	0.0	0.0	0.0	0.0	0.0	0.0	0.0	0.0	0.0	0.0	0.0	0.0	0.0	0.0	0.0	0.0	0.0	0.0	0.0	0.0	0.0	0.0	0.0	0.0	0.0	0.0	0.0	0.0	0.0	0.0	0.0	0.0	0.0	0.0	0.0	0.0	0.0	0.0	0.0	0.0	0.0	0.0	0.0	0.0	0.0	0.0	0.0	0.0	0.0	0.0	0.0	0.0	0.0	0.0	0.0	0.0	0.0	0.0	0.0	0.0	0.0	0.0	0.0	0.0	0.0	0.0	0.0	0.0	0.0	0.0	0.0	0.0	0.0	0.0	0.0	0.0	0.0	0.0	0.0	0.0	0.0	0.0	0.0	0.0	0.0	0.0	0.0	0.0	0.0	0.0	0.0	0.0	0.0	0.0	0.0	0.0	0.0	0.0	0.0	0.0	0.0	0.0	0.0	0.0	0.0	0.0	0.0	0.0	0.0	0.0	0.0	0.0	0.0	0.0	0.0	0.0	0.0	0.0	0.0	0.0	0.0	0.0	0.0	0.0	0.0	0.0
879.6336012638556	-11.973907669633263	773755.2724724197	143.37446488090228	878.37944853151	9.74913089306324	771550.4556025196	95.04555317008	811.1824977517986	-5.169188010361836	658017.0446588467	26.720504686468555	810.2659893353091	881.5094002405802	0.806427	52.65863	0.5305845842652546	0.2985263226694812	0.0833138422	0.0110582294	0.0917720717	0.0173592687	-0.003751643	0.0103275145	-0.056435876	-0.0342946066	0.0454142717	-0.0138242958	0.0019021446	-0.03331714	0.0386549718	0.0807713121	-0.0061345741	0.0375144298	0.0481912402	-0.0407564412	0.0307098046	0.0006356878	0.0393962692	-0.0221137495	-0.0369179959	-0.0018437355	-0.0187065915	0.0826712591	0.0032163253	0.0226741784	0.0379576715	0.0050471166	-0.0439620609	-0.0070870118	0.0423559077	0.0323031074	0.0058222126	-0.0287331668	-0.0337447932	-0.0290880199	0.0046660716	0.0928025952	0.0066659792	-0.0038459257	0.0493832949	0.0003778638	-0.0480516209	-0.0329488618	0.0354909599	0.0253880016	-0.0057005569	0.0232225487	-0.0130627464	0.0134792864	0.0298077737	-0.0278887049	0.0094795954	0.0057907046	0.0129865157	-0.0006884334	0.0340299837	-0.0585925357	-0.0130951308	0.0862474749	0.000170572	-0.0615256851	-0.0083529168	0.0727850846	-0.0897584821	0.0482057789	0.0247790096	0.0407521953193423	-0.0366878727787708	0.0013460000090312	0.0016607414233458	0.6716964509446797	-0.126426828444309	0.0159837429504867	0.4511761222116784	3.513463891984742	0.0323621957909097	12.34442852028057	0.0010473117164091	0.0152606804156722	-0.0053568169461703	2.8695487794778364e-05	0.0002328883667492	-0.0047651602245513	0.0004931438568208	2.27067519656458e-05	2.4319086352019184e-07	-0.005286003015609	-0.000852192942034	7.262328104525648e-07	2.7941827881027444e-05	0.0	0.0	0.0	0.0	0.0	0.0	0.0	0.0	0.0	0.0	0.0	0.0	0.0	0.0	0.0	0.0	0.0	0.0	0.0	0.0	0.0	0.0	0.0	0.0	0.0	0.0	0.0	0.0	0.0	0.0	0.0	0.0	0.0	0.0	0.0	0.0	0.0	0.0	0.0	0.0	0.0	0.0	0.0	0.0	0.0	0.0	0.0	0.0	0.0	0.0	0.0	0.0	0.0	0.0	0.0	0.0	0.0	0.0	0.0	0.0	0.0	0.0	0.0	0.0	0.0	0.0	0.0	0.0	0.0	0.0	0.0	0.0	0.0	1.0	0.0	0.0	0.0	0.0	0.0	0.0	0.0	0.0	0.0	0.0	0.0	0.0	0.0	0.0	0.0	0.0	0.0	0.0	0.0	0.0	0.0	0.0	0.0	0.0	0.0	0.0	0.0	0.0	0.0	0.0	0.0	0.0	0.0	0.0	0.0	0.0	0.0	0.0	0.0	0.0	0.0	0.0	0.0	0.0	0.0	0.0	0.0	0.0	0.0	0.0	0.0	0.0	0.0	0.0
882.9566077215356	3.323006457680094	779612.3711191218	11.042371917783608	876.8356142663337	-1.543834265176315	768840.6944458187	2.3834242383324926	813.3915590950788	2.2090613432802684	661605.8284071231	4.879952018375223	813.9495950672649	871.0606746555965	0.819648	53.521957	0.2937188087015237	0.1637304401494935	0.0878279079	0.0170298453	0.0913856586	0.0075966118	0.0060079659	0.0045145202	0.0138016102	-0.0435989751	0.0583271139	-0.006974271	-0.0214673786	-0.0690860503	0.0187030108	0.0981330594	0.0167785868	0.0201119313	0.0593473616	-0.0409604788	0.037340219	-0.0214895238	0.0088901313	-0.0024435256	0.0097564024	0.0038560622	-0.0404857792	0.1033259573	-0.0125748325	0.0385529958	0.0249841687	0.0187151806	-0.0536574522	0.0207646381	0.0444099434	0.0192569713	0.0139543685	0.0314960087	-0.0332242401	0.0113908483	-0.0306045239	0.0857678895	0.0174965711	-0.0317445587	0.0543035948	-0.0168712243	-0.069002247	0.0022424874	0.0555640989	0.0097432007	-0.0008451711	0.0151092428	0.0056050785	0.0267163436	-0.0076148757	-0.006277863	0.0222837765	-0.0089209011	-0.0170827222	0.0054925105	0.0108369469	-0.0411617148	0.0305995712	0.0315944891	-0.0142046795	-0.062403154	-0.0059704615	0.0705658771	-0.0905061192	0.0531726956	0.0178092284	0.0483087962270332	0.0075566009076908	5.710221727811491e-05	0.002333739792905	0.6363677754900294	-0.0353286754546502	0.00124811530938	0.4049639456821285	3.3825364917361043	-0.1309274002486375	11.441553117926391	0.0171419841358669	0.0160690358211958	0.0008083554055236	6.534384616392254e-07	0.0002582139122228	-0.0058192230965175	-0.0010540628719661	3.386335744704272e-05	1.1110485380576329e-06	-0.0058217073799301	-0.000535704364321	2.869791659526737e-07	3.3892276817532594e-05	0.0	0.0	0.0	0.0	0.0	0.0	0.0	0.0	0.0	0.0	0.0	0.0	0.0	0.0	0.0	0.0	0.0	0.0	0.0	0.0	0.0	0.0	0.0	0.0	0.0	0.0	0.0	0.0	0.0	0.0	0.0	0.0	0.0	0.0	0.0	0.0	0.0	0.0	0.0	0.0	0.0	0.0	0.0	0.0	0.0	0.0	0.0	0.0	0.0	0.0	0.0	0.0	0.0	0.0	0.0	0.0	0.0	0.0	0.0	0.0	0.0	0.0	0.0	0.0	0.0	0.0	0.0	0.0	0.0	0.0	0.0	0.0	0.0	0.0	0.0	0.0	0.0	0.0	0.0	0.0	0.0	0.0	0.0	0.0	0.0	0.0	0.0	0.0	0.0	0.0	0.0	0.0	0.0	0.0	0.0	0.0	0.0	0.0	0.0	0.0	0.0	0.0	0.0	0.0	0.0	0.0	0.0	0.0	0.0	0.0	0.0	0.0	0.0	0.0	0.0	0.0	0.0	0.0	0.0	0.0	0.0	0.0	0.0	0.0	0.0	0.0	0.0	0.0
874.3063462010194	-8.65026152051621	764411.5870073768	74.82702437332341	863.636529030738	-13.199085235595703	745868.0542762607	174.21585105652048	807.2701023333119	-6.121456761766922	651685.0181212359	37.47223288618197	805.9811482350204	845.0508933802446	0.924526	60.370308	0.3945783571023905	0.2131716199917375	0.0779996648	0.0183367656	0.0818305281	0.0307133535	-0.0121337504	-0.0282858859	-0.0955033542	-0.0651738245	0.0525377791	0.0031827374	0.0061591382	-0.0949304168	0.0217177418	0.0713511433	0.0070709408	0.0555133065	0.0324092617	-0.0309243644	-0.0174276175	-0.0086864956	0.0205017004	-0.0343678608	-0.0455399406	-0.0023315165	-0.0064026825	0.0745336319	-0.0066980095	0.0144927701	0.061397212	0.0065199061	-0.0344220187	-0.0107275331	0.0034328889	0.0156802282	0.012137023	-0.0500822286	-0.0341152461	-0.0326154382	0.015314738	0.0986695614	0.0137678061	-0.0118253336	0.0583765972	0.0185203977	-0.0459295564	-0.0222666608	0.0512984185	0.0206903619	-0.0178129114	0.0184626868	0.0021496126	0.0141164935	0.0044033488	-0.0195122896	0.0203119625	0.0227231139	-0.0300735013	0.0110210048	0.0195066233	-0.000147649	-0.0075659002	0.0074886949	0.0145794375	-0.0632699305	-0.0035839144	0.0682378621	-0.0910056853	0.0579119187	0.0107296473	0.109833578224368	0.0615247819973348	0.0037852987998195	0.0120634149055683	0.6408499485076078	0.0044821730175783	2.0089874959507516e-05	0.4106886565022035	3.357052926184167	-0.0254835655519372	11.269804349201678	0.0006494121132398	0.0139540282427647	-0.0021150075784311	4.4732570568209935e-06	0.0001947149041998	-0.0093554052562248	-0.0035361821597073	8.752360750819864e-05	1.250458426663219e-05	-0.0054111403873577	0.0004105669925724	1.685652553899455e-07	2.928044029169364e-05	0.0	0.0	0.0	0.0	0.0	0.0	0.0	0.0	0.0	0.0	0.0	0.0	0.0	0.0	0.0	0.0	0.0	0.0	0.0	0.0	0.0	0.0	0.0	0.0	0.0	0.0	0.0	0.0	0.0	0.0	0.0	0.0	0.0	0.0	0.0	0.0	0.0	0.0	0.0	0.0	0.0	0.0	0.0	0.0	0.0	0.0	0.0	0.0	0.0	0.0	0.0	0.0	0.0	0.0	0.0	0.0	0.0	0.0	0.0	0.0	0.0	0.0	0.0	0.0	0.0	0.0	0.0	0.0	0.0	0.0	0.0	0.0	0.0	0.0	0.0	0.0	0.0	0.0	0.0	0.0	0.0	0.0	0.0	0.0	0.0	0.0	0.0	0.0	0.0	0.0	0.0	0.0	0.0	0.0	0.0	0.0	0.0	0.0	0.0	0.0	0.0	0.0	0.0	0.0	0.0	0.0	0.0	0.0	0.0	0.0	0.0	0.0	0.0	0.0	0.0	0.0	0.0	0.0	0.0	0.0	0.0	0.0	0.0	0.0	0.0	0.0	0.0	0.0
886.3558640879314	12.049517886911984	785626.7178030636	145.1908813070119	881.608649736875	17.972120706137048	777233.811290876	322.99712267596004	814.2999866638497	7.029884330537811	663084.4682807458	49.41927370074105	812.8513153583694	876.5705653978983	0.904648	59.072327	0.3373229239333208	0.1785607616982449	0.0980144449	0.0178153363	0.1075611961	-0.0496205402	-0.0172982393	-0.0170403012	-0.0877953055	0.0193281514	-0.0247202694	0.0102030354	-0.0330847985	-0.1007212165	0.063445408	0.1041154817	0.0027931792	-0.0032607739	0.062182682	-0.0648116042	-0.0181298559	-0.0442324926	0.0059448929	-0.0491294988	-0.0050777347	0.0293524497	0.0064889948	0.1081552759	0.0007838477	0.0512642322	0.0083343193	0.0468627678	-0.0582464408	0.0254621549	-0.0094550942	0.0189531767	0.081958637	-0.0233432683	-0.0124484836	0.0070799626	0.0039861337	0.0909899001	0.0170609126	-0.0364886076	0.0621366758	-0.0001070209	-0.0653923295	-0.0183934737	0.0614776571	0.0065735161	-0.0055582363	0.0045987044	0.0002355417	0.0467108718	0.0529166605	-0.0438075987	0.0087046348	-0.0293412528	0.0200785545	0.0103585308	0.0025707487	-0.0396346081	0.0204444229	0.0740519792	-0.0236330503	-0.064125866	-0.0011949111	0.0658046293	-0.0912558111	0.062403154	0.0035839144	0.1284718534852373	0.0186382752608692	0.0003473853046999	0.0165050171379322	0.6215439275347876	-0.0193060209728201	0.0003727224458029	0.3863168538553693	3.4872856561678134	0.1302327299836463	12.161161247713776	0.0169605639589933	0.0129231864134417	-0.0010308418293229	1.062634877081986e-06	0.0001670087470765	-0.0083552083477813	0.0010001969084435	6.980950653483432e-05	1.0003938556599372e-06	-0.0040592611708045	0.0013518792165532	1.827577416148494e-06	1.647760125280112e-05	0.0	0.0	0.0	0.0	0.0	0.0	0.0	0.0	0.0	0.0	0.0	0.0	0.0	0.0	0.0	0.0	0.0	0.0	0.0	0.0	0.0	0.0	0.0	0.0	0.0	0.0	0.0	0.0	0.0	0.0	0.0	0.0	0.0	0.0	0.0	0.0	0.0	0.0	0.0	0.0	0.0	0.0	0.0	0.0	0.0	0.0	0.0	0.0	0.0	0.0	0.0	0.0	0.0	0.0	0.0	0.0	0.0	0.0	0.0	0.0	0.0	0.0	0.0	0.0	0.0	0.0	0.0	0.0	0.0	0.0	0.0	0.0	0.0	0.0	0.0	0.0	0.0	0.0	0.0	0.0	0.0	0.0	0.0	0.0	0.0	0.0	0.0	0.0	0.0	0.0	0.0	0.0	0.0	0.0	0.0	0.0	0.0	0.0	0.0	0.0	0.0	0.0	0.0	0.0	0.0	0.0	0.0	0.0	0.0	0.0	0.0	0.0	0.0	0.0	0.0	0.0	0.0	0.0	0.0	0.0	0.0	0.0	0.0	0.0	0.0	0.0	0.0	0.0
890.3527037222456	3.996839634314142	792727.9370255128	15.974727062424405	875.4345969658393	-6.17405277103569	766385.7335647416	38.11892761953348	811.0821254059811	-3.2178612578686625	657854.2141530836	10.35463107489209	810.2295195275428	884.7988167978923	1.148546	74.998512	0.9192353528416204	0.6806403133642123	0.0992943185	0.0368335625	0.0899150301	0.0763413698	0.0322050416	0.0269354253	-0.0175670219	-0.0793392769	0.0351309593	-0.0040259275	0.0067341469	0.00428787	-0.0560385083	0.0938277063	-0.0092852493	0.0708800351	0.0470237604	-0.0210755824	0.0415940406	0.0300421464	0.0090655365	0.0115662009	-0.080065529	-0.0513885138	-0.029789911	0.0943234107	0.0062973483	0.0141117394	0.0763817613	-0.0486578112	-0.0555972999	-0.0298701006	0.0345639668	0.030852107	-0.0773985591	-0.0224480714	-0.0601924432	-0.0202020888	0.0044583782	0.1061788583	0.015359151	-0.0026570502	0.0707408487	0.0230056322	-0.0819117317	-0.0127716283	0.0513960849	0.0383296325	-0.001357348	0.0492903809	-0.0125119848	0.0029243715	-0.0369427894	-0.0257289048	0.015703494	0.0211052895	-0.0749553926	0.0132751528	-0.0045121083	0.0344509298	0.0162498477	-0.0915396561	0.0320448326	-0.0649708138	0.0011949111	0.0632699305	-0.0912558111	0.0666271694	-0.0035839144	0.1042342911258629	-0.0242375623593743	0.0005874594291245	0.0108647874465111	0.513414975083478	-0.1081289524513096	0.0116918703582175	0.2635949366399683	2.836826573259117	-0.6504590829086965	8.047585006749063	0.4230970185384224	0.0139151025460153	0.0009919161325735	9.838976140597648e-07	0.0001936300788661	-0.0086741977290001	-0.0003189893812188	7.524170624179049e-05	1.0175422533035293e-07	-0.0054765507594569	-0.0014172895886524	2.008709778102491e-06	2.999260822090795e-05	0.0	0.0	0.0	0.0	0.0	0.0	0.0	0.0	0.0	0.0	0.0	0.0	0.0	0.0	0.0	0.0	0.0	0.0	0.0	0.0	0.0	0.0	0.0	0.0	0.0	0.0	0.0	0.0	0.0	0.0	0.0	0.0	0.0	0.0	0.0	0.0	0.0	0.0	0.0	0.0	0.0	0.0	0.0	0.0	0.0	0.0	0.0	0.0	0.0	0.0	0.0	0.0	0.0	0.0	0.0	0.0	0.0	0.0	0.0	0.0	0.0	0.0	0.0	0.0	0.0	0.0	0.0	0.0	0.0	0.0	0.0	0.0	0.0	0.0	1.0	0.0	0.0	0.0	0.0	0.0	0.0	0.0	0.0	0.0	0.0	0.0	0.0	0.0	0.0	0.0	0.0	0.0	0.0	0.0	0.0	0.0	0.0	0.0	0.0	0.0	0.0	0.0	0.0	0.0	0.0	0.0	0.0	0.0	0.0	0.0	0.0	0.0	0.0	0.0	0.0	0.0	0.0	0.0	0.0	0.0	0.0	0.0	0.0	0.0	0.0	0.0	0.0	0.0
894.315243030223	3.962539307977409	799799.7539162068	15.70171776726608	886.1527128591166	10.718115893277286	785266.630507572	114.87800830172316	818.7120082498454	7.6298828438643795	670289.352452495	58.21511221109599	818.6103070108079	905.4863059743244	1.088369	71.069054	0.2976808811307273	0.1843718042388896	0.1182727319	0.0378043012	0.1002693105	-0.0216872064	0.0102948385	0.0387956985	0.0239630806	0.0086337827	0.0614461679	0.0160446945	0.0436005783	0.0592629206	-0.0411489156	0.1361373627	0.026907307	0.0132412953	0.0785915133	-0.0407468907	0.0171123891	-0.0390618505	-0.0031994952	-0.0043391544	0.0411723306	-0.0002429143	0.0048092158	0.1372814702	-0.0102649588	0.0579318953	0.0174469617	0.0297378957	-0.0502925377	0.0256195091	0.02388581	0.0100278259	0.0254684423	0.047559664	-0.0013032146	0.016034704	0.0078629471	0.0895182905	0.0124444729	-0.0535049862	0.0897861268	0.0021724129	-0.1100645665	0.0315057539	0.0578329973	-0.0069958018	0.0051589327	0.0252441574	-0.0274573977	0.0291362346	-0.0199985882	0.0126821121	0.0248779206	-0.0175038098	-0.0601844473	0.0292607958	-0.0465017372	0.0576651798	0.0788406395	-0.0977484115	-0.0116739477	-0.0658046293	0.0035839144	0.060637674	-0.0910056853	0.0705658771	-0.0107296473	0.1070292423620173	0.0027949512361544	7.81175241248104e-06	0.0114552587205874	0.5602420696335741	0.0468270945500961	0.0021927767840036	0.3138711765873105	2.671618062155815	-0.1652085111033017	7.137543070037193	0.0272938521409697	0.0146931677823486	0.0007780652363333	6.053855119903964e-07	0.0002158891794802	-0.0092154154075225	-0.0005412176785223	8.492388113320308e-05	2.9291657554517573e-07	-0.0058142743294247	-0.0003377235699677	1.1405720971179509e-07	3.380578597780704e-05	0.0	0.0	0.0	0.0	0.0	0.0	0.0	0.0	0.0	0.0	0.0	0.0	0.0	0.0	0.0	0.0	0.0	0.0	0.0	0.0	0.0	0.0	0.0	0.0	0.0	0.0	0.0	0.0	0.0	0.0	0.0	0.0	0.0	0.0	0.0	0.0	0.0	0.0	0.0	0.0	0.0	0.0	0.0	0.0	0.0	0.0	0.0	0.0	0.0	0.0	0.0	0.0	0.0	0.0	0.0	0.0	0.0	0.0	0.0	0.0	0.0	0.0	0.0	0.0	0.0	0.0	0.0	0.0	0.0	0.0	0.0	0.0	0.0	0.0	0.0	0.0	0.0	0.0	0.0	0.0	0.0	0.0	0.0	0.0	0.0	0.0	0.0	0.0	0.0	0.0	0.0	0.0	0.0	0.0	0.0	0.0	0.0	0.0	0.0	0.0	0.0	0.0	0.0	0.0	0.0	0.0	0.0	0.0	0.0	0.0	0.0	0.0	0.0	0.0	0.0	0.0	0.0	0.0	0.0	0.0	0.0	0.0	0.0	0.0	0.0	0.0	0.0	0.0
860.5110373108596	-33.80420571936338	740479.2453338116	1142.72432431704	835.7793392330021	-50.37337362611447	698527.1038887537	2537.476770476125	791.4817764580189	-27.230231791826554	626443.4024651414	741.4855234366016	783.2042813801024	802.7659932334423	2.123234	138.644363	1.927669874181633	0.9443806876314624	0.0534221837	0.0407656849	-0.0104609691	0.0363409447	0.0758497279	-0.0220902854	-0.0376806896	-0.068585948	0.0168319427	-0.0708699793	0.0354505224	0.0137299074	0.0194624339	0.0097525395	-0.0550066735	0.1632821999	-0.0923781604	-0.0192145803	-0.0369904972	0.034214905	0.055311965	0.0867848714	-0.0900464162	0.0526511301	-0.023799783	-0.0068875495	0.049906324	-0.1136556208	0.1564342665	0.0044956498	0.0450874747	-0.0806557508	-0.0127701525	-0.018805427	-0.1352065411	-0.0625611616	-0.0457809887	0.0116720034	-0.039812026	0.0844424247	0.0191239682	0.0635805103	-0.0101074722	0.0657043272	-0.0031883981	-0.0691432019	-0.0052747809	0.0775097271	-0.0018555265	0.0282903959	0.0423683345	-0.0297602753	-0.0718442343	-0.0564228151	0.0253436043	0.0702527965	-0.0327629166	0.0289974749	0.0577616167	0.025695	0.031018902	-0.0758801974	0.0989904268	-0.0666271694	0.0059704615	0.0579119187	-0.0905061192	0.0742024108	-0.0178092284	0.2241247969727879	0.1170955546107705	0.0137113689096039	0.0502319246180933	1.1249078486441275	0.5646657790105534	0.3188474419855951	1.2654176679411593	2.851137638214709	0.1795195760588939	8.128985832044549	0.0322272781883649	0.0318122089569621	0.0171190411746135	0.0002930615707381	0.0010120166387214	-0.0113602898570541	-0.0021448744495316	0.0001290561856362	4.600486404253488e-06	-0.0037504106635415	0.0020638636658831	4.25953323135284e-06	1.4065580145205794e-05	0.0	0.0	0.0	0.0	0.0	0.0	0.0	0.0	0.0	0.0	0.0	0.0	0.0	0.0	0.0	0.0	0.0	0.0	0.0	0.0	0.0	0.0	0.0	0.0	0.0	0.0	0.0	0.0	0.0	0.0	0.0	0.0	0.0	0.0	0.0	0.0	0.0	0.0	0.0	0.0	0.0	0.0	0.0	0.0	0.0	0.0	0.0	0.0	0.0	0.0	0.0	0.0	0.0	0.0	0.0	0.0	0.0	0.0	0.0	0.0	0.0	0.0	0.0	0.0	0.0	0.0	0.0	0.0	0.0	0.0	0.0	0.0	0.0	0.0	0.0	1.0	0.0	0.0	0.0	0.0	0.0	0.0	0.0	0.0	0.0	0.0	0.0	0.0	0.0	0.0	0.0	0.0	0.0	0.0	0.0	0.0	0.0	0.0	0.0	0.0	0.0	0.0	0.0	0.0	0.0	0.0	0.0	0.0	0.0	0.0	0.0	0.0	0.0	0.0	0.0	0.0	0.0	0.0	0.0	0.0	0.0	0.0	0.0	0.0	0.0	0.0	0.0	0.0
754.0289928635783	-106.48204444728128	568559.7220788623	11338.425789672789	734.4878277964406	-101.29151143656156	539472.3691811337	10259.970289103085	755.3973776649718	-36.08439879304706	570625.198183116	1302.083836255656	743.3798509930151	351.9433286330315	4.102932	267.916046	28.150059643228523	10.846905052723669	-0.2246829365	-0.0442477111	-0.3057006393	-0.1454543077	0.0645582064	0.075215796	-0.0344430176	0.0817875898	0.2534933182	0.1002597558	0.1675289781	0.2241684383	0.0548981302	-0.2110558977	-0.108105583	0.0020540966	0.06781798	0.1358872122	-0.0585034251	-0.1573980838	0.6427487847	0.4115141455	-0.1045219242	-0.2034827248	0.0140173476	-0.2282316746	0.1138985153	0.0870940279	0.0794947552	0.2751815774	0.2504059067	0.4874684209	0.2648133728	0.1794004463	-0.4447980968	0.0289927857	0.0304384378	-0.1656045182	0.0450698363	-0.4470593863	-0.6865493745	-0.1992463653	0.3384583915	-0.0291753907	-0.0592877723	0.134273309	0.0268543577	-0.0881022956	0.2343278412	-0.0252434268	0.1218090946	0.0105109234	0.02359056	-0.088662533	-0.0003916784	0.0289059066	0.0271689124	-0.0923066673	-0.0168496315	0.0503005369	-0.0185668229	-0.0253877307	0.0874608374	-0.0674382934	0.0083529168	0.0550968674	-0.0897584821	0.0775211985	-0.0247790096	0.1898097015618844	-0.0343150954109034	0.0011775257730594	0.0360277228070116	10.98255383559338	9.857645986949253	97.17318440401672	120.61648875170688	11.637794098051742	8.786656459837033	135.43825146864796	77.20533174319587	0.2179718747415869	0.1861596657846248	0.0346554211650432	0.047511738178362	-0.0124642011859128	-0.0011039113288586	0.0001553563112029	1.2186202219825805e-06	-0.0015851457563983	0.0021652649071432	4.688372118105851e-06	2.5126870690275384e-06	0.0	0.0	0.0	0.0	0.0	0.0	0.0	0.0	0.0	0.0	0.0	0.0	0.0	0.0	0.0	0.0	0.0	0.0	0.0	0.0	0.0	0.0	0.0	0.0	0.0	0.0	0.0	0.0	0.0	0.0	0.0	0.0	0.0	0.0	0.0	0.0	0.0	0.0	0.0	0.0	0.0	0.0	0.0	0.0	0.0	0.0	0.0	0.0	0.0	0.0	0.0	0.0	0.0	0.0	0.0	0.0	0.0	0.0	0.0	0.0	0.0	0.0	0.0	0.0	0.0	0.0	0.0	0.0	0.0	0.0	0.0	0.0	0.0	0.0	0.0	0.0	1.0	0.0	0.0	0.0	0.0	0.0	0.0	0.0	0.0	0.0	0.0	0.0	0.0	0.0	0.0	0.0	0.0	0.0	0.0	0.0	0.0	0.0	0.0	0.0	0.0	0.0	0.0	0.0	0.0	0.0	0.0	0.0	0.0	0.0	0.0	0.0	0.0	0.0	0.0	0.0	0.0	0.0	0.0	0.0	0.0	0.0	0.0	0.0	0.0	0.0	0.0	0.0
749.8517653488524	-4.177227514725928	562277.6699967904	17.449229709783353	821.0284729275502	86.54064513110961	674087.753357745	7489.283259708646	758.627354322945	3.229976657973225	575515.4627270312	10.432749211051885	760.3517488381696	156.60196762698442	4.707374	307.385315	66.51323698864852	17.005051104521282	-0.3153075431	0.334019002	0.0168960311	-0.0985753246	-0.1224975981	-0.0191966301	0.0838000796	-0.0669069614	-0.2200545672	0.1793443136	0.1880407469	-0.1583801212	0.2130852457	-0.1934038551	-0.0941966459	-0.2875509576	0.0357072933	0.0047613279	0.1595447785	0.1781607437	-0.143308395	0.151810986	0.0104720927	0.2298757781	0.2232914712	-0.175401416	0.0584699288	0.1055899742	-0.2992835441	-0.0145435742	-0.0210381318	-0.3276295882	0.1394603581	-0.2457027554	-0.0974169974	-0.0591409252	0.3033057998	0.187971341	0.3556284994	-0.0963799409	0.1286409258	0.2671148757	0.0808316381	0.0715391746	0.2548858697	0.1919313612	0.1627579495	0.2408379657	0.2231933356	-0.0364854209	-0.016019681	-0.0265526107	0.0314761882	0.0242852127	0.0035427875	-0.0833283982	0.0945455652	0.1235352111	0.3395492128	0.4299822393	-0.3369629205	0.2414985566	0.0644009324	-0.0682378621	0.0107296473	0.0521968607	-0.0887648233	0.0805080284	-0.0315960199	-0.9069294269772428	-1.0967391285391273	1.2028367160687643	0.8225209855172699	42.67130024695285	31.688746411359475	1004.176649123448	1820.8398647655983	29.23905580330478	17.601261705253037	854.9223842687709	309.80441361680704	0.5064528155412567	0.2884809407996697	0.0832212532046625	0.2564944543696661	0.0005212270786338	0.0129854282645466	2.716776675011255e-07	0.0001686213472136	0.019478280049323	0.0210634258057213	0.0004436679066731	0.0003794033936798	0.0	0.0	0.0	0.0	0.0	0.0	0.0	0.0	0.0	0.0	0.0	0.0	0.0	0.0	0.0	0.0	0.0	0.0	0.0	0.0	0.0	0.0	0.0	0.0	0.0	0.0	0.0	0.0	0.0	0.0	0.0	0.0	0.0	0.0	0.0	0.0	0.0	0.0	0.0	0.0	0.0	0.0	0.0	0.0	0.0	0.0	0.0	0.0	0.0	0.0	0.0	0.0	0.0	0.0	0.0	0.0	0.0	0.0	0.0	0.0	0.0	0.0	0.0	0.0	0.0	0.0	0.0	0.0	0.0	0.0	0.0	0.0	0.0	0.0	0.0	0.0	0.0	1.0	0.0	0.0	0.0	0.0	0.0	0.0	0.0	0.0	0.0	0.0	0.0	0.0	0.0	0.0	0.0	0.0	0.0	0.0	0.0	0.0	0.0	0.0	0.0	0.0	0.0	0.0	0.0	0.0	0.0	0.0	0.0	0.0	0.0	0.0	0.0	0.0	0.0	0.0	0.0	0.0	0.0	0.0	0.0	0.0	0.0	0.0	0.0	0.0	0.0	0.0
756.6369340089437	6.785168660091358	572499.4499064547	46.03851374588596	813.0503633273886	-7.978109600161588	661050.8933067987	63.650232792190494	776.6415836534177	18.01422933047263	603172.1494596886	324.51245837086043	773.8928070399353	170.32478234316565	3.997696	261.04425	27.011960082539428	6.995688012641915	-0.2973461799	0.3312736185	-0.1656139291	-0.051179807	0.2656745244	0.0372230374	0.1405105061	0.0585373705	-0.0110827508	0.2017561531	-0.3467746622	0.2121927881	0.1444014844	-0.0915878941	-0.1382216968	-0.1842404615	0.0292043863	0.0985372643	-0.6776902957	-0.0105332143	-0.1011598448	-0.0493596344	0.243393351	0.0006238529	-0.4185104112	-0.0855261174	0.1363360907	0.1689299235	-0.2046835287	0.1136352853	0.2968263559	0.1179297128	-0.4972570081	-0.2067058051	0.1280977161	0.3069169356	-0.4108697109	-0.1125546268	0.1318883017	-0.5502331473	0.5645401444	-0.356325209	0.2761063873	0.0266530488	-0.0322472526	-0.266039836	-0.2103562306	0.0057394419	-0.0303133405	-0.0112905996	-0.0143819647	0.0015283309	-0.0767236925	-0.0350694689	-0.0142015716	0.0534046716	-0.0155888905	0.0258118135	0.0166664096	-0.027275352	-0.1020129894	-0.0058329808	-0.0214346516	-0.0690257386	0.0130990243	0.0492163702	-0.0875278662	0.0831501106	-0.0382182304	0.7258036962692955	1.6327331232465383	2.6658174517463955	0.5267910055181718	27.81031116650101	-14.860989080451844	220.8489964493089	773.4134071776107	24.99069781782174	-4.24835798548304	624.5349774216803	18.04854557281751	0.4100048948610493	-0.0964479206802073	0.0093022014035355	0.16810401381002	-0.0100490920932214	-0.0105703191718552	0.000100984251898	0.0001117316473948	0.0010989220342254	-0.0183793580150976	0.0003378008010471	1.2076296373060914e-06	0.0	0.0	0.0	0.0	0.0	0.0	0.0	0.0	0.0	0.0	0.0	0.0	0.0	0.0	0.0	0.0	0.0	0.0	0.0	0.0	0.0	0.0	0.0	0.0	0.0	0.0	0.0	0.0	0.0	0.0	0.0	0.0	0.0	0.0	0.0	0.0	0.0	0.0	0.0	0.0	0.0	0.0	0.0	0.0	0.0	0.0	0.0	0.0	0.0	0.0	0.0	0.0	0.0	0.0	0.0	0.0	0.0	0.0	0.0	0.0	0.0	0.0	0.0	0.0	0.0	0.0	0.0	0.0	0.0	0.0	0.0	0.0	0.0	0.0	0.0	0.0	0.0	0.0	1.0	0.0	0.0	0.0	0.0	0.0	0.0	0.0	0.0	0.0	0.0	0.0	0.0	0.0	0.0	0.0	0.0	0.0	0.0	0.0	0.0	0.0	0.0	0.0	0.0	0.0	0.0	0.0	0.0	0.0	0.0	0.0	0.0	0.0	0.0	0.0	0.0	0.0	0.0	0.0	0.0	0.0	0.0	0.0	0.0	0.0	0.0	0.0	0.0	0.0
811.5081712732666	54.87123726432287	658545.5120432815	3010.852678917615	753.392681964032	-59.65768136335657	567600.5332369572	3559.0389456517823	759.4371514785939	-17.20443217482375	576744.7870459208	295.9924864581107	752.1436977427849	814.9196064542134	5.012749	327.325928	75.03375669209854	24.108313690640973	0.0887964034	0.0372668006	-0.1586654282	0.2045315045	-0.2380844277	0.1189651629	-0.0397770062	0.0824659059	0.1039957602	0.1055542714	-0.0829199994	-0.1141537818	-0.2945739434	-0.1375810961	0.1378291729	-0.0146297482	0.0741977324	-0.084410868	2.02472e-05	-0.0279857138	-0.0865104742	-0.2562534713	0.0532158259	-0.1558996301	-0.0492524362	-0.134182092	-0.1698080132	0.0679367607	-0.0116273704	-0.0914012509	-0.084697588	-0.0715284654	-0.0507646416	0.0479673455	0.2501629795	-0.0627990229	-0.0119622275	-0.208566561	-0.0441590698	0.0205420059	0.0024554707	-0.0300412899	-0.1176390201	0.0079625598	0.1317151538	0.0385364619	-0.1270132502	-0.0221083094	0.0680067317	-0.0687488827	0.0200337948	0.1211965403	-0.0548981036	0.0797415986	0.1828656878	-0.0193217159	0.048641301	0.0502296047	-0.1145577781	0.3836603436	0.0836871222	-0.0742950312	-0.2977522342	-0.0698017879	0.0154594239	0.0461599916	-0.0860510014	0.0854361313	-0.0446048127	-0.2727294166867864	-0.998533112956082	0.9970683776697636	0.0743813347263147	-2.091487634700087	-29.901798801201096	894.1175715475113	4.374320526103364	4.55390061339773	-20.43679720442401	20.738010796704216	417.6626799747531	-0.0311290371015435	-0.4411339319625928	0.1945991459287774	0.0009690169508692	-0.0005541804569657	0.0094949116362557	3.071159788827121e-07	9.015334698030392e-05	-0.022204785837273	-0.0233037078714983	0.0005430628005601	0.0004930525140791	0.0	0.0	0.0	0.0	0.0	0.0	0.0	0.0	0.0	0.0	0.0	0.0	0.0	0.0	0.0	0.0	0.0	0.0	0.0	0.0	0.0	0.0	0.0	0.0	0.0	0.0	0.0	0.0	0.0	0.0	0.0	0.0	0.0	0.0	0.0	0.0	0.0	0.0	0.0	0.0	0.0	0.0	0.0	0.0	0.0	0.0	0.0	0.0	0.0	0.0	0.0	0.0	0.0	0.0	0.0	0.0	0.0	0.0	0.0	0.0	0.0	0.0	0.0	0.0	0.0	0.0	0.0	0.0	0.0	0.0	0.0	0.0	0.0	0.0	0.0	0.0	0.0	0.0	0.0	1.0	0.0	0.0	0.0	0.0	0.0	0.0	0.0	0.0	0.0	0.0	0.0	0.0	0.0	0.0	0.0	0.0	0.0	0.0	0.0	0.0	0.0	0.0	0.0	0.0	0.0	0.0	0.0	0.0	0.0	0.0	0.0	0.0	0.0	0.0	0.0	0.0	0.0	0.0	0.0	0.0	0.0	0.0	0.0	0.0	0.0	0.0	0.0	0.0
873.3699951537402	61.8618238804736	762775.1484348442	3826.885253818733	878.3390134464611	124.94633148242906	771479.4225421025	15611.585750917044	804.3170200516485	44.87986857305452	646925.8687447639	2014.202603134647	795.9174307094306	644.2428398294549	3.308485	216.039734	21.690422283457664	11.889222800284085	-0.0306283184	-0.1350844971	0.1032700398	-0.3002269158	0.0411329763	-0.1284428412	-0.0077740534	0.0681547269	-0.0465937782	-0.0453931478	0.0703258192	0.0170849267	0.0163388574	0.0603083448	-0.14461263	0.0637790002	-0.0661922185	0.0235872528	-0.1081948229	0.1242637962	0.0322976288	-0.0392728087	0.0516070346	-0.0637692883	0.1187555885	0.0437235499	0.1532710021	-0.0700210067	0.0454130898	0.0708036969	0.1491441928	-0.1358434932	-0.0551710391	-0.0045201734	0.0560835213	-0.0789316062	0.1032083263	-0.0860231867	0.0741622431	0.0194892917	0.0437003076	0.1734675191	0.0191716424	-0.0734689431	-0.0790106884	0.115379697	-0.0337063932	-0.1437217758	0.0546356368	-0.0136403052	-0.0090119619	0.0543161345	-0.0430973057	0.0367227541	0.0136439949	0.1689476006	0.1904964654	-0.0168684336	0.1124378959	-0.1284970037	-0.0504342377	-0.07899913	0.0841948959	-0.0705658771	0.0178092284	0.0430324377	-0.0843382767	0.0873563013	-0.0507163915	-0.1172877260736555	0.1554416906131309	0.0241621191806683	0.0137564106875288	6.230755849195603	8.32224348389569	69.25973660524427	38.82231845228522	5.870430632267059	1.3165300188693294	34.46195580825942	1.733251290584077	0.1854680901772564	0.2165971272787999	0.0469143155454286	0.0343984124739989	0.0080431395523588	0.0085973200093245	6.469209385871852e-05	7.391391134273142e-05	-0.0094750913238072	0.0127296945134657	0.0001620451224061	8.977735559448646e-05	0.0	0.0	0.0	0.0	0.0	0.0	0.0	0.0	0.0	0.0	0.0	0.0	0.0	0.0	0.0	0.0	0.0	0.0	0.0	0.0	0.0	0.0	0.0	0.0	0.0	0.0	0.0	0.0	0.0	0.0	0.0	0.0	0.0	0.0	0.0	0.0	0.0	0.0	0.0	0.0	0.0	0.0	0.0	0.0	0.0	0.0	0.0	0.0	0.0	0.0	0.0	0.0	0.0	0.0	0.0	0.0	0.0	0.0	0.0	0.0	0.0	0.0	0.0	0.0	0.0	0.0	0.0	0.0	0.0	0.0	0.0	0.0	0.0	0.0	0.0	0.0	0.0	0.0	0.0	0.0	1.0	0.0	0.0	0.0	0.0	0.0	0.0	0.0	0.0	0.0	0.0	0.0	0.0	0.0	0.0	0.0	0.0	0.0	0.0	0.0	0.0	0.0	0.0	0.0	0.0	0.0	0.0	0.0	0.0	0.0	0.0	0.0	0.0	0.0	0.0	0.0	0.0	0.0	0.0	0.0	0.0	0.0	0.0	0.0	0.0	0.0	0.0	0.0
883.5979485404603	10.22795338672006	780745.3346649099	104.61103048091834	912.1807415814368	33.84172813497571	832073.70531206	1145.2625631616063	826.9355208425336	22.61850079088515	683822.3556311124	511.5965780272722	825.650043589605	604.8863288993165	2.245353	146.618622	2.272117579076677	0.9270758953221366	-0.0604293704	-0.0797294362	0.1226063952	-0.1071040962	0.1600588345	-0.0380441422	-0.0569922886	0.1173585719	-0.0258192093	0.0876387962	0.0829701765	0.0635974858	0.0124691299	0.1629323544	-0.2055482372	-0.1023737522	0.0166982855	-0.0713429177	0.0359887467	-0.1100062434	-0.0585840159	-0.0124123406	-0.038645159	-0.0113638095	0.0783377495	0.1548387206	0.2244764341	0.0302908598	-0.0883754631	0.0366957419	-0.1114491491	0.0452757248	-0.0003487853	-0.0783111039	0.0382046322	-0.0452903784	0.0870379987	0.0323121452	-0.0126184317	-0.0916305339	0.0758919907	0.1129845745	0.0124144901	-0.1149280805	-0.1812421734	0.0813390314	-0.0473522015	-0.3000744678	0.0210673736	0.0180206734	-0.0419225886	0.0141865358	0.0862468757	0.209153152	0.0922962646	-0.1087379284	0.0693075049	-0.1266051692	0.3018286218	-0.0547245723	0.2671550337	0.2082649687	-0.0669080453	-0.0713178751	0.0201468273	0.0398385309	-0.0823943867	0.0889023983	-0.0565152869	0.0001741492393136	0.117461875312969	0.0137972921520394	3.0327957553505526e-08	6.874036964616195	0.6432811154205922	0.4138105934567612	47.25238419090984	6.381605482473496	0.5111748502064373	40.72488853393578	0.2612997274835736	0.2031528571851225	0.017684767007866	0.0003127509841225	0.0412710833824787	0.0068183091046765	-0.0012248304476823	4.648933904691445e-05	1.500209625569625e-06	-0.008380694016622	0.0010943973071851	1.197705465974216e-06	7.02360322002438e-05	0.0	0.0	0.0	0.0	0.0	0.0	0.0	0.0	0.0	0.0	0.0	0.0	0.0	0.0	0.0	0.0	0.0	0.0	0.0	0.0	0.0	0.0	0.0	0.0	0.0	0.0	0.0	0.0	0.0	0.0	0.0	0.0	0.0	0.0	0.0	0.0	0.0	0.0	0.0	0.0	0.0	0.0	0.0	0.0	0.0	0.0	0.0	0.0	0.0	0.0	0.0	0.0	0.0	0.0	0.0	0.0	0.0	0.0	0.0	0.0	0.0	0.0	0.0	0.0	0.0	0.0	0.0	0.0	0.0	0.0	0.0	0.0	0.0	0.0	0.0	0.0	0.0	0.0	0.0	0.0	0.0	1.0	0.0	0.0	0.0	0.0	0.0	0.0	0.0	0.0	0.0	0.0	0.0	0.0	0.0	0.0	0.0	0.0	0.0	0.0	0.0	0.0	0.0	0.0	0.0	0.0	0.0	0.0	0.0	0.0	0.0	0.0	0.0	0.0	0.0	0.0	0.0	0.0	0.0	0.0	0.0	0.0	0.0	0.0	0.0	0.0	0.0	0.0
811.8111828703046	-71.78676567015566	659037.3966332831	5153.339725381839	750.9113598365288	-161.26938174490795	563867.8703315449	26007.813488384847	779.3932402278512	-47.54228061468245	607453.8229128689	2260.268446045211	766.7262973302702	686.4125143396656	3.231653	211.02269	10.8312692172159	4.752442981318619	-0.008147465	0.0217037108	-0.2131775559	0.0170814411	0.0444547061	-0.047613809	0.0072457639	-0.0608764118	-0.002144911	0.2558434644	0.1187671397	-0.0053260516	-0.0336632387	-0.0506170985	-0.0665377937	0.1078268267	0.0114862935	0.0760144865	-0.0674964185	0.0065468853	-0.2037046608	-0.1474157383	-0.155322919	0.1609514447	0.0519835451	-0.0679835457	0.0669866352	0.0163841675	0.1184495159	-0.0887928802	0.04119936	0.0379321134	-0.1925194226	-0.0544167917	0.1150193363	-0.1594284254	0.0314064093	0.1000687059	-0.2641591576	-0.0514949708	0.024135585	0.0836342195	-0.329411137	-0.0363816626	-0.1551159666	-0.0940406423	-0.124227084	-0.0036580766	0.4083757896	-0.0730644243	0.0962696869	-0.1584260297	0.1154030059	0.0083096511	-0.2348774771	-0.3211949294	-0.1733148259	-0.0477279183	-0.190708638	-0.1094296695	-0.0830594949	-0.0244400297	-0.0120451019	-0.0720576532	0.0224706185	0.036583196	-0.0802246594	0.0900678015	-0.0619657467	-0.0118813715577914	-0.012055520797105	0.0001453355816894	0.0001411669900942	3.005735357924636	-3.868301606691559	14.963757320332496	9.03444504187834	4.201359896890196	-2.1802455855833003	17.6514249831972	4.753470813455468	0.1100313066360096	-0.0931215505491128	0.0086716231766709	0.0121068884400275	0.0050167611496469	-0.0018015479550296	2.5167892432606484e-05	3.2455750342713345e-06	-0.0088709255953582	-0.0004902315787362	2.4032700079018735e-07	7.869332091838124e-05	0.0	0.0	0.0	0.0	0.0	0.0	0.0	0.0	0.0	0.0	0.0	0.0	0.0	0.0	0.0	0.0	0.0	0.0	0.0	0.0	0.0	0.0	0.0	0.0	0.0	0.0	0.0	0.0	0.0	0.0	0.0	0.0	0.0	0.0	0.0	0.0	0.0	0.0	0.0	0.0	0.0	0.0	0.0	0.0	0.0	0.0	0.0	0.0	0.0	0.0	0.0	0.0	0.0	0.0	0.0	0.0	0.0	0.0	0.0	0.0	0.0	0.0	0.0	0.0	0.0	0.0	0.0	0.0	0.0	0.0	0.0	0.0	0.0	0.0	0.0	0.0	0.0	0.0	0.0	0.0	0.0	0.0	1.0	0.0	0.0	0.0	0.0	0.0	0.0	0.0	0.0	0.0	0.0	0.0	0.0	0.0	0.0	0.0	0.0	0.0	0.0	0.0	0.0	0.0	0.0	0.0	0.0	0.0	0.0	0.0	0.0	0.0	0.0	0.0	0.0	0.0	0.0	0.0	0.0	0.0	0.0	0.0	0.0	0.0	0.0	0.0	0.0	0.0
848.587776989774	36.77659411946945	720101.2152564465	1352.517875028195	896.5549632481167	145.64360341158783	803810.8021248318	21212.05921471188	814.2138703866706	34.82063015881943	662944.226730042	1212.476284657285	817.8147495625593	604.293967317899	3.056257	199.56958	5.182512114650266	2.4525526496661905	-0.0432427583	0.0100597548	0.1500137114	0.1194022771	0.0131144745	0.107361803	-0.0932923352	-0.0734763003	-0.1265618285	-0.1478750947	0.2800543981	0.2010907108	-0.1684952674	0.1097926978	-0.2106733493	-0.0235265204	0.0613978296	-0.0938071343	0.0161217127	0.0503133079	-0.0926068806	0.0718037265	-0.0263254753	-0.0098413914	-0.0434449734	0.1137761893	0.2011313344	0.0791909536	-0.0211422852	-0.1003523128	-0.1372287136	-0.0479646174	-0.0629712072	0.0396841515	-0.119469229	0.0309777873	0.0844659658	-0.1720363779	0.0125318072	0.003078843	-0.0321391815	0.1737066615	-0.0325218904	-7.17325e-05	-0.0614822278	-0.0175245242	-0.0848238615	-0.0961977247	0.0851313429	0.0093709136	0.0699694048	0.0269651424	-0.0717880118	-0.0726661793	-0.0221690477	0.1603390183	-0.0240019923	0.0165036847	0.1697092113	-0.1225052294	-0.1766917578	-0.1007088764	-0.0395281318	-0.0727850846	0.0247790096	0.0332714524	-0.0778350419	0.0908475206	-0.0670341672	-0.125266335604067	-0.1133849640462756	0.0128561500717752	0.0156916548356707	4.971207045973145	1.9654716880485088	3.863078956520255	24.712899493933044	4.7069185667201765	0.5055586698299805	22.15508239373512	0.2555895686402593	0.1557502861005962	0.0457189794645866	0.0020902250832832	0.0242581516204175	0.0070749521066915	0.0020581909570446	5.005494731197849e-05	4.236150015660168e-06	-0.0046861601624794	0.0041847654328788	1.7512261728217296e-05	2.1960097068408958e-05	0.0	0.0	0.0	0.0	0.0	0.0	0.0	0.0	0.0	0.0	0.0	0.0	0.0	0.0	0.0	0.0	0.0	0.0	0.0	0.0	0.0	0.0	0.0	0.0	0.0	0.0	0.0	0.0	0.0	0.0	0.0	0.0	0.0	0.0	0.0	0.0	0.0	0.0	0.0	0.0	0.0	0.0	0.0	0.0	0.0	0.0	0.0	0.0	0.0	0.0	0.0	0.0	0.0	0.0	0.0	0.0	0.0	0.0	0.0	0.0	0.0	0.0	0.0	0.0	0.0	0.0	0.0	0.0	0.0	0.0	0.0	0.0	0.0	0.0	0.0	0.0	0.0	0.0	0.0	0.0	0.0	0.0	0.0	1.0	0.0	0.0	0.0	0.0	0.0	0.0	0.0	0.0	0.0	0.0	0.0	0.0	0.0	0.0	0.0	0.0	0.0	0.0	0.0	0.0	0.0	0.0	0.0	0.0	0.0	0.0	0.0	0.0	0.0	0.0	0.0	0.0	0.0	0.0	0.0	0.0	0.0	0.0	0.0	0.0	0.0	0.0	0.0	0.0
841.417476750667	-7.170300239107064	707983.3701814592	51.41320551893882	806.0041684237393	-90.55079482437736	649642.7195164436	8199.446443326486	785.1577454554214	-29.0561249312492	616472.6852486402	844.2583960203614	780.0337406911457	645.0464678694407	2.844617	185.74971	1.6346707052440483	0.6796378244089458	-0.022580478	-0.1145762894	-0.0280588274	-0.1894227817	-0.0958724478	-0.1961288285	-0.0842447067	-0.0420421234	-0.1412514532	0.1769727172	0.0831874341	0.1184985172	0.0800994321	-0.011764387	-0.1537030268	0.1638768539	-0.0412367704	-0.0788931193	0.0067257256	0.0359910933	0.0759039959	-0.0507946055	-0.008190366	0.1816869245	-0.0285516793	-0.0218175607	0.1587604351	-0.0479773063	0.1356411702	0.1410374849	0.0520891099	-0.1524258276	0.0454426493	-0.1277121138	0.0756714684	-0.0715047027	-0.0706256627	0.0984978719	-0.0364382202	0.0022460014	0.0878213251	0.1173284977	-0.0411639153	-0.0089459293	-0.0700347855	0.1193629742	-0.0098874378	-0.0949462883	0.0487339134	-0.0651102621	-0.0733159348	0.1730537619	-0.0447614527	0.0534953285	0.0105103527	0.0930772829	0.1421683388	0.0868588215	-0.0194406055	-0.0113269631	0.0240770298	0.0211220457	0.1664773742	-0.0735000446	0.0270704183	0.0299084066	-0.075232084	0.0912382167	-0.0716892996	0.0754965850038473	0.2007629206079142	0.0403057502910196	0.0056997343472431	5.125259579346846	0.1540525333737008	0.0237321830388552	26.268285755686605	5.325074376648075	0.6181558099278988	28.35641711683389	0.3821166053476165	0.161552343444437	0.0058020573438407	3.366386942121682e-05	0.0260991596723893	0.0022208709885842	-0.0048540811181073	4.932267947934962e-06	2.356210350116581e-05	-0.0021083097977368	0.0025778503647426	6.645312503003555e-06	4.444970203232986e-06	0.0	0.0	0.0	0.0	0.0	0.0	0.0	0.0	0.0	0.0	0.0	0.0	0.0	0.0	0.0	0.0	0.0	0.0	0.0	0.0	0.0	0.0	0.0	0.0	0.0	0.0	0.0	0.0	0.0	0.0	0.0	0.0	0.0	0.0	0.0	0.0	0.0	0.0	0.0	0.0	0.0	0.0	0.0	0.0	0.0	0.0	0.0	0.0	0.0	0.0	0.0	0.0	0.0	0.0	0.0	0.0	0.0	0.0	0.0	0.0	0.0	0.0	0.0	0.0	0.0	0.0	0.0	0.0	0.0	0.0	0.0	0.0	0.0	0.0	0.0	0.0	0.0	0.0	0.0	0.0	0.0	0.0	0.0	0.0	1.0	0.0	0.0	0.0	0.0	0.0	0.0	0.0	0.0	0.0	0.0	0.0	0.0	0.0	0.0	0.0	0.0	0.0	0.0	0.0	0.0	0.0	0.0	0.0	0.0	0.0	0.0	0.0	0.0	0.0	0.0	0.0	0.0	0.0	0.0	0.0	0.0	0.0	0.0	0.0	0.0	0.0	0.0	0.0
815.1354425990945	-26.282034151572475	664445.7897812218	690.745319144422	766.988628610388	-39.015539813351324	588271.5564176437	1522.2123469272024	775.0118610817261	-10.145884373695251	600643.3848173608	102.93896972439352	766.0736757003993	709.7710289293925	2.960796	193.336105	6.587693888364708	2.809274078260368	0.009577248	-0.0030188846	-0.1089452091	0.1162216742	-0.0364758981	-0.1327407391	0.0032350719	-0.0699155405	-0.0914432632	-0.0940652612	0.0450390166	-0.0339982499	-0.0090410651	-0.0558252576	-0.1388717754	0.2463596432	-0.1400608936	0.1841251796	-0.0459682564	-0.0311892763	-0.2014377186	0.0297315676	-0.1603140181	0.0198119543	-0.007081779	-0.0712155015	0.132090121	-0.1487047959	0.2300668679	-0.173349359	0.075276913	-0.06170687	-0.1584134077	-0.0769270468	-0.1006807096	-0.048994576	-0.0265035657	0.0760656305	-0.2020394495	-0.0100491556	-0.100913452	0.1275914363	-0.1658369876	0.0352305528	-0.1237853478	-0.3004360643	-0.2453484103	0.0669850556	0.2026400472	0.0037383111	0.0720637932	-0.1984410251	0.0356078386	-0.0968282491	0.0163975881	-0.0018024739	-0.0548018473	0.1625042288	-0.0036692728	-0.0533736354	0.0452345899	0.1122412381	-0.0193863637	-0.0742024108	0.0293432743	0.0264992443	-0.0724229201	0.0912382167	-0.0759024438	0.0626801857895031	-0.0128163992143442	0.0001642600888214	0.0039288056906066	2.863529560333461	-2.2617300190133847	5.1154226789062855	8.199801542903545	3.7783239126661954	-1.54675046398188	14.275731589025188	2.3924369978281605	0.1065808451131829	-0.0549714983312541	0.003021865628783	0.0113594765450402	0.0021074069820243	-0.0001134640065598	4.441164187884768e-06	1.2874080784625018e-08	-0.0023512875830248	-0.000242977785288	5.9038204143461495e-08	5.528553298086605e-06	0.0	0.0	0.0	0.0	0.0	0.0	0.0	0.0	0.0	0.0	0.0	0.0	0.0	0.0	0.0	0.0	0.0	0.0	0.0	0.0	0.0	0.0	0.0	0.0	0.0	0.0	0.0	0.0	0.0	0.0	0.0	0.0	0.0	0.0	0.0	0.0	0.0	0.0	0.0	0.0	0.0	0.0	0.0	0.0	0.0	0.0	0.0	0.0	0.0	0.0	0.0	0.0	0.0	0.0	0.0	0.0	0.0	0.0	0.0	0.0	0.0	0.0	0.0	0.0	0.0	0.0	0.0	0.0	0.0	0.0	0.0	0.0	0.0	0.0	0.0	0.0	0.0	0.0	0.0	0.0	0.0	0.0	0.0	0.0	0.0	1.0	0.0	0.0	0.0	0.0	0.0	0.0	0.0	0.0	0.0	0.0	0.0	0.0	0.0	0.0	0.0	0.0	0.0	0.0	0.0	0.0	0.0	0.0	0.0	0.0	0.0	0.0	0.0	0.0	0.0	0.0	0.0	0.0	0.0	0.0	0.0	0.0	0.0	0.0	0.0	0.0	0.0	0.0
821.5592182615559	6.423775662461367	674959.5491105388	41.26489376163097	820.5102116968725	53.5215830864845	673237.0074988465	2864.5598560834637	786.7041966594136	11.69233557768746	618903.4930415333	136.7107112612559	783.1838254452786	446.76628563408303	3.350565	218.787491	13.935806086140198	5.124184551915971	-0.145294215	-0.180420242	-0.0977142285	-0.0492692087	0.1566004109	0.2959724894	0.147992568	0.0149483933	-0.1771142724	-0.2102462104	0.0657309574	-0.1863444136	-0.0604627657	-0.0253814181	-0.1246539575	-0.1789240328	-0.0276576581	0.0141294093	0.1613331425	0.0643440074	-0.0485425419	-0.0180362857	0.1974601251	-0.1714986278	0.0900664314	-0.0271636657	0.1001282703	-0.0027289166	-0.2186088543	-0.1529023424	0.0397817593	-0.0820128566	0.0215305038	0.2633491181	0.1034249315	0.359562582	0.1107498491	-0.0243418616	-0.3393378616	-0.1019543945	0.0146837716	0.2012529746	-0.1261146557	0.1312969564	-0.0169533844	-0.1111243818	0.0375179872	0.0054202798	-0.2019160612	0.1855383633	0.0629599768	0.0289652775	-0.0370393349	0.0156689326	-0.0894642132	0.121984926	0.0311805487	-0.6614952945	-0.2204149108	0.2508167601	-0.01087558	0.0475729185	0.0159143154	-0.0748920628	0.0315960199	0.0230492221	-0.06941525	0.0908475206	-0.0796476241	0.0218355883148575	-0.0408445974746456	0.0016682811428658	0.0004767929170559	7.64738116555435	4.783851605220889	22.885236180774477	58.482438691275405	7.811520384119703	4.033196471453508	61.019850711517634	16.266673777345023	0.1995779577515618	0.0929971126383789	0.0086484629590753	0.0398313612202841	0.005650454695681	0.0035430477136567	3.192763826794346e-05	1.2553187101247967e-05	0.0026668203047627	0.0050181078877875	2.518140677347513e-05	7.111930537894621e-06	0.0	0.0	0.0	0.0	0.0	0.0	0.0	0.0	0.0	0.0	0.0	0.0	0.0	0.0	0.0	0.0	0.0	0.0	0.0	0.0	0.0	0.0	0.0	0.0	0.0	0.0	0.0	0.0	0.0	0.0	0.0	0.0	0.0	0.0	0.0	0.0	0.0	0.0	0.0	0.0	0.0	0.0	0.0	0.0	0.0	0.0	0.0	0.0	0.0	0.0	0.0	0.0	0.0	0.0	0.0	0.0	0.0	0.0	0.0	0.0	0.0	0.0	0.0	0.0	0.0	0.0	0.0	0.0	0.0	0.0	0.0	0.0	0.0	0.0	0.0	0.0	0.0	0.0	0.0	0.0	0.0	0.0	0.0	0.0	0.0	0.0	1.0	0.0	0.0	0.0	0.0	0.0	0.0	0.0	0.0	0.0	0.0	0.0	0.0	0.0	0.0	0.0	0.0	0.0	0.0	0.0	0.0	0.0	0.0	0.0	0.0	0.0	0.0	0.0	0.0	0.0	0.0	0.0	0.0	0.0	0.0	0.0	0.0	0.0	0.0	0.0	0.0	0.0
819.5443299590024	-2.0148883025534587	671652.9087679503	4.059774871766758	842.059322951676	21.549111254803503	709063.903369835	464.3641958718992	775.0340142715627	-11.6701823878509	600677.7232778928	136.19315696570536	778.0832793373003	811.1185056533814	3.585655	234.138535	17.73177238583092	7.335078372409629	0.0915550105	0.0924596595	0.0448851361	0.0576326673	-0.1804474326	0.2066070134	-0.0517965029	0.027268659	0.0130233124	-0.0672467131	-0.0153818803	0.1002923375	0.340811926	-0.0571387066	0.048841353	0.0425495799	0.3414598626	0.0094273724	0.1303547691	-0.1516853537	-0.0239028039	-0.1108075883	0.0072881984	0.0262089532	-0.0975285547	-0.0341257663	-0.0767291019	0.2944223404	0.078648956	-0.0740730428	-0.1261207187	0.0089458731	0.1571333605	-0.112617344	0.1467093437	-0.0184195935	-0.0655370538	-0.053124693	0.1305433581	0.0116144795	-0.1004961809	-0.0303677091	-0.0293288243	0.0430057617	-0.0227595708	-0.1321446459	-0.056650584	0.0255136926	0.0032378473	-0.0666954502	-0.1341641123	0.1113990083	0.1114952538	0.0805595786	0.2368184845	0.1218904169	0.3619908593	0.1933744902	-0.3911795754	0.1001119092	0.0356490842	0.1363262448	-0.1339569078	-0.0755688824	0.0338271112	0.0195636596	-0.0662173176	0.0900678015	-0.0829017503	0.0826579144504791	0.0608223261356215	0.0036993553565479	0.0068323308213027	1.221761722765649	-6.425619442788701	41.288585223544175	1.4927017072152866	4.085472925391841	-3.7260474587278622	16.691089024109765	13.88342966469236	0.0584267897543252	-0.1411511679972366	0.0199236522269841	0.0034136897609961	0.0033420115086542	-0.0023084431870267	1.1169040923977122e-05	5.328909947730448e-06	-0.0042592316745485	-0.0069260519793112	4.79701960201206e-05	1.814105445747722e-05	0.0	0.0	0.0	0.0	0.0	0.0	0.0	0.0	0.0	0.0	0.0	0.0	0.0	0.0	0.0	0.0	0.0	0.0	0.0	0.0	0.0	0.0	0.0	0.0	0.0	0.0	0.0	0.0	0.0	0.0	0.0	0.0	0.0	0.0	0.0	0.0	0.0	0.0	0.0	0.0	0.0	0.0	0.0	0.0	0.0	0.0	0.0	0.0	0.0	0.0	0.0	0.0	0.0	0.0	0.0	0.0	0.0	0.0	0.0	0.0	0.0	0.0	0.0	0.0	0.0	0.0	0.0	0.0	0.0	0.0	0.0	0.0	0.0	0.0	0.0	0.0	0.0	0.0	0.0	0.0	0.0	0.0	0.0	0.0	0.0	0.0	0.0	1.0	0.0	0.0	0.0	0.0	0.0	0.0	0.0	0.0	0.0	0.0	0.0	0.0	0.0	0.0	0.0	0.0	0.0	0.0	0.0	0.0	0.0	0.0	0.0	0.0	0.0	0.0	0.0	0.0	0.0	0.0	0.0	0.0	0.0	0.0	0.0	0.0	0.0	0.0	0.0	0.0
862.7268748236753	43.18254486467288	744297.6605430255	1864.7321809894856	872.8376669945654	30.778344042889444	761845.592924516	947.306462022468	799.7922127420832	24.758198470520483	639667.5835628776	612.9683915056828	795.9294586953959	722.7307073354721	3.304263	215.764038	2.98476327445782	1.6420821569394792	0.0330339394	0.073675522	0.0881357805	0.1059704579	0.1691817212	-0.0910080133	0.062417716	0.2038792209	-0.0827114429	-0.0361626055	0.0075307533	-0.0264848699	0.0337927179	0.077485021	-0.0487707222	0.1533018697	-0.188581917	0.0407721488	0.0359012542	0.2307941654	-0.0873959216	0.0666559883	-0.0105561588	0.0492353993	0.0016647212	0.0700097134	0.0518491181	-0.2092554098	0.110593897	-0.0909854436	0.0563521184	-0.1888040125	-0.0517280709	0.0533574797	-0.078004345	0.0278506269	0.0271836402	-0.0063133302	-0.0620055425	0.0689107344	0.0630230218	0.0910559516	-0.0843310097	0.0945623288	-0.1018387842	-0.0593773488	0.0077266451	0.0257031626	0.1826058562	-0.0194992419	0.1603886613	0.1391029466	-0.0670722488	-0.0154647796	0.0615921149	0.0973241219	-0.0572147656	-0.081980005	0.0139459135	-0.1245628362	-0.1889290703	-0.1202340048	-0.0044777227	-0.0762327537	0.0360350191	0.0160479313	-0.0628378881	0.0889023983	-0.0856447597	0.0107281845946545	-0.0719297298558246	0.0051738860371319	0.0001150939446969	2.3106878771037884	1.0889261543381394	1.1857601696016495	5.339278465394412	3.71880874470692	-0.3666641806849209	13.829538479708656	0.1344426213973443	0.084341726814253	0.0259149370599278	0.00067158396282	0.00711352688201	0.0048589082415551	0.0015168967329009	2.3608989299852076e-05	2.300975698285424e-06	-0.0025462012757985	0.00171303039875	2.934473147041584e-06	6.483140936877909e-06	0.0	0.0	0.0	0.0	0.0	0.0	0.0	0.0	0.0	0.0	0.0	0.0	0.0	0.0	0.0	0.0	0.0	0.0	0.0	0.0	0.0	0.0	0.0	0.0	0.0	0.0	0.0	0.0	0.0	0.0	0.0	0.0	0.0	0.0	0.0	0.0	0.0	0.0	0.0	0.0	0.0	0.0	0.0	0.0	0.0	0.0	0.0	0.0	0.0	0.0	0.0	0.0	0.0	0.0	0.0	0.0	0.0	0.0	0.0	0.0	0.0	0.0	0.0	0.0	0.0	0.0	0.0	0.0	0.0	0.0	0.0	0.0	0.0	0.0	0.0	0.0	0.0	0.0	0.0	0.0	0.0	0.0	0.0	0.0	0.0	0.0	0.0	0.0	1.0	0.0	0.0	0.0	0.0	0.0	0.0	0.0	0.0	0.0	0.0	0.0	0.0	0.0	0.0	0.0	0.0	0.0	0.0	0.0	0.0	0.0	0.0	0.0	0.0	0.0	0.0	0.0	0.0	0.0	0.0	0.0	0.0	0.0	0.0	0.0	0.0	0.0	0.0	0.0
780.7288382072495	-81.9980366164258	609537.5188084416	6723.678008948705	783.5636464156114	-89.27402057895404	613971.9879841293	7969.850750331509	766.4637569415729	-33.328455800510255	587466.6907049905	1110.7859660465656	754.5939667729994	382.4874648496111	3.762823	245.707397	22.43567248561495	8.24140482892414	-0.177829024	-0.0975908713	-0.1624502417	-0.0779512642	0.0989477209	0.224321571	0.1177371528	0.1432745264	-0.1535882292	-0.1050349378	0.2190534502	-0.1707365642	-0.0250300902	-0.1370560505	-0.1410379916	-0.0664629401	-0.2813236633	0.1047035533	0.1812552895	0.1306686546	0.1740189195	-0.4127036943	0.0332837494	-0.3108940779	-0.1535366297	-0.1536820596	0.1593600564	-0.2423717229	-0.1373657649	-0.1797744208	0.1031707213	0.0822908929	0.1310242172	0.3838043213	0.2085825491	0.0061699906	-0.2893474529	0.4686933131	0.1995503505	-0.1233446859	-0.1988823218	0.1640960121	0.0311495715	0.1134925235	0.0633396294	-0.182039942	0.0658588751	0.1403535783	-0.4452894585	0.24269492	0.1216484348	-0.1045730174	-0.088828619	0.1967917723	-0.1427791235	-0.0158998779	0.0119488647	0.1933677717	0.2096127228	-0.1191781612	0.054312041	-0.0451269217	-0.0203808606	-0.0768835629	0.0382182304	0.0125074584	-0.0592862243	0.0873563013	-0.0878597406	-0.1044444018138932	-0.1151725864085476	0.0132647246600343	0.0109086330702619	10.683654340479508	8.37296646337572	70.10656739681451	114.14047006684665	9.81823036682816	6.099421622121241	96.39764753610665	37.20294412440011	0.2370583206770372	0.1527165938627842	0.0233223580410505	0.056196647402217	0.0045124977008228	-0.0003464105407323	2.0362635499931056e-05	1.2000026273044462e-07	0.0013530305948739	0.0038992318706724	1.5204009181267384e-05	1.83069179066482e-06	0.0	0.0	0.0	0.0	0.0	0.0	0.0	0.0	0.0	0.0	0.0	0.0	0.0	0.0	0.0	0.0	0.0	0.0	0.0	0.0	0.0	0.0	0.0	0.0	0.0	0.0	0.0	0.0	0.0	0.0	0.0	0.0	0.0	0.0	0.0	0.0	0.0	0.0	0.0	0.0	0.0	0.0	0.0	0.0	0.0	0.0	0.0	0.0	0.0	0.0	0.0	0.0	0.0	0.0	0.0	0.0	0.0	0.0	0.0	0.0	0.0	0.0	0.0	0.0	0.0	0.0	0.0	0.0	0.0	0.0	0.0	0.0	0.0	0.0	0.0	0.0	0.0	0.0	0.0	0.0	0.0	0.0	0.0	0.0	0.0	0.0	0.0	0.0	0.0	1.0	0.0	0.0	0.0	0.0	0.0	0.0	0.0	0.0	0.0	0.0	0.0	0.0	0.0	0.0	0.0	0.0	0.0	0.0	0.0	0.0	0.0	0.0	0.0	0.0	0.0	0.0	0.0	0.0	0.0	0.0	0.0	0.0	0.0	0.0	0.0	0.0	0.0	0.0
801.9224951899309	21.193656982681432	643079.6882916448	449.17109629956144	789.4942298492828	5.930583433671359	623301.1389653122	35.17181986373716	754.4726419635078	-11.99111497806507	569228.9674713955	143.78683841717648	746.5625686480012	502.2548874403636	3.949031	257.866516	12.986621919886222	5.123755874967064	-0.0914154211	-0.2726639518	-0.0819185403	0.1473914452	0.0872643778	-0.2914909068	-0.0547341592	0.2370892997	-0.1145703358	-0.2577261916	-0.2215154698	-0.0863286465	0.0239574888	-0.1268885341	0.1216826666	-0.0279118032	-0.503060971	-0.252606895	0.1303769952	-0.5949217889	-0.0277770939	-0.0321804097	-0.0160781432	0.0367835398	-0.0765438046	-0.1451781475	-0.0870276445	-0.6041042648	-0.0832286094	0.1577381181	-0.4086217925	0.2980283319	0.0863185209	-0.2880909633	0.1741718905	0.0252466378	-0.0683920618	-0.2090886167	0.0601266595	-0.0956554164	-0.1949087788	0.0316903044	-0.1288188863	0.0896636218	0.0236800474	-0.1019955406	-0.0318443234	0.1259257096	-0.1754911788	-0.2524356831	-0.6453657645	0.3339320564	-0.1191694989	-0.0574192276	-0.0250361443	-0.106776834	-0.2935409485	-0.0053628652	0.0104706683	-0.1327087033	-0.1679962079	0.075153245	0.0977486678	-0.0775211985	0.0403752488	0.0089476998	-0.0555720611	0.0854361313	-0.089533037	0.0913536131686925	0.1957980149825857	0.0383368626711208	0.0083454826389751	5.284618621606882	-5.399035718872627	29.149586693662464	27.927193975834214	8.087103745552483	-1.7311266212756775	65.401246991329	2.996799378889344	0.1402770062766127	-0.0967813144004245	0.0093666228170738	0.0196776384899288	-0.0010861109297854	-0.0055986086306082	1.1796369517993062e-06	3.1344418598720624e-05	-0.0094802776692	-0.0108333082640739	0.0001173605679444	8.987566468513217e-05	0.0	0.0	0.0	0.0	0.0	0.0	0.0	0.0	0.0	0.0	0.0	0.0	0.0	0.0	0.0	0.0	0.0	0.0	0.0	0.0	0.0	0.0	0.0	0.0	0.0	0.0	0.0	0.0	0.0	0.0	0.0	0.0	0.0	0.0	0.0	0.0	0.0	0.0	0.0	0.0	0.0	0.0	0.0	0.0	0.0	0.0	0.0	0.0	0.0	0.0	0.0	0.0	0.0	0.0	0.0	0.0	0.0	0.0	0.0	0.0	0.0	0.0	0.0	0.0	0.0	0.0	0.0	0.0	0.0	0.0	0.0	0.0	0.0	0.0	0.0	0.0	0.0	0.0	0.0	0.0	0.0	0.0	0.0	0.0	0.0	0.0	0.0	0.0	0.0	0.0	1.0	0.0	0.0	0.0	0.0	0.0	0.0	0.0	0.0	0.0	0.0	0.0	0.0	0.0	0.0	0.0	0.0	0.0	0.0	0.0	0.0	0.0	0.0	0.0	0.0	0.0	0.0	0.0	0.0	0.0	0.0	0.0	0.0	0.0	0.0	0.0	0.0	0.0
779.9782228375847	-21.944272352346275	608366.0281008768	481.5510890739491	768.4651546973687	-21.02907515191407	590538.6939840508	442.2220017448498	781.9605186909346	27.487876727426737	611462.2527913954	755.5833669822084	768.6778781970859	300.8629191187968	3.968697	259.150696	15.953372901170884	5.513261574243844	-0.2114475592	0.0720090975	-0.1459950809	0.0841626555	0.1386705529	-0.1839773833	0.0281281066	0.1079099776	0.0790465969	0.1611301025	-0.0684282518	-0.1022270678	0.0616156736	-0.0583696355	0.0187801238	-0.2509786818	0.1289751222	0.5040259321	0.1590808382	-0.1756054679	0.1042747837	-0.1335357347	0.0179571778	0.1141340732	0.1177848177	-0.06836573	-0.0131772446	0.0978386435	-0.1893062552	-0.2205947288	0.2726965608	0.3722830403	0.2887967587	-0.1709542765	0.1437483224	-0.1698149534	0.1062725599	0.119388319	-0.1657479209	-0.1425366955	0.024932027	0.1024506247	0.0087474772	0.0458046842	-0.036568288	0.0953956281	0.1880156131	-0.074096257	-0.1872229659	0.1283120021	0.1525589201	0.071542225	0.0761294297	0.3692578676	-0.2253742049	-0.3340026796	0.051891408	0.2995371297	-0.2793477233	-0.0772364057	-0.1607201703	-0.0548571032	0.0222485211	-0.0781455512	0.042504596	0.0053741445	-0.0517055788	0.0831501106	-0.0906543325	-0.2914620754032171	-0.3828156885719096	0.1465478514167852	0.0849501413983506	11.230086117149142	5.94546749554226	35.34858374054956	126.1148341985859	11.086200053160551	2.999096307608069	122.903831618697	8.994578662308351	0.2453280243580647	0.105051018081452	0.0110357163999495	0.0601858395354311	0.0107430870192506	0.0118291979490359	0.0001154139187031	0.0001399299241174	0.0061593744892849	0.0156396521584849	0.0002445987196384	3.7937894099253625e-05	0.0	0.0	0.0	0.0	0.0	0.0	0.0	0.0	0.0	0.0	0.0	0.0	0.0	0.0	0.0	0.0	0.0	0.0	0.0	0.0	0.0	0.0	0.0	0.0	0.0	0.0	0.0	0.0	0.0	0.0	0.0	0.0	0.0	0.0	0.0	0.0	0.0	0.0	0.0	0.0	0.0	0.0	0.0	0.0	0.0	0.0	0.0	0.0	0.0	0.0	0.0	0.0	0.0	0.0	0.0	0.0	0.0	0.0	0.0	0.0	0.0	0.0	0.0	0.0	0.0	0.0	0.0	0.0	0.0	0.0	0.0	0.0	0.0	0.0	0.0	0.0	0.0	0.0	0.0	0.0	0.0	0.0	0.0	0.0	0.0	0.0	0.0	0.0	0.0	0.0	0.0	1.0	0.0	0.0	0.0	0.0	0.0	0.0	0.0	0.0	0.0	0.0	0.0	0.0	0.0	0.0	0.0	0.0	0.0	0.0	0.0	0.0	0.0	0.0	0.0	0.0	0.0	0.0	0.0	0.0	0.0	0.0	0.0	0.0	0.0	0.0	0.0	0.0
774.955515535879	-5.022707301705623	600556.05105948	25.227588638606974	781.9522379609672	13.487083263598493	611449.302452165	181.90141495923856	753.5079012299368	-28.45261746099777	567774.1572159443	809.5514403818753	746.9967009240272	212.6767935836763	3.930831	256.67807	45.03956396616788	11.74974078443482	-0.2686616118	0.3329039081	-0.1397431402	-0.0408710188	0.2055235398	0.0862666003	0.0656450034	-0.2551612401	-0.244799235	0.0092738794	-0.1917781136	0.0252285532	-0.1767945229	-0.1983753519	0.081739867	-0.5027687268	-0.0653090622	-0.1542170558	-0.0737356724	0.2163149264	-0.0500107038	-0.009836135	-0.3287311746	-0.0316226694	0.0720753915	-0.1917444297	-0.0718177282	0.0033347288	-0.518904425	-0.0263154086	-0.1235212975	-0.1290772468	-0.1434757786	0.20890255	-0.2029976524	-0.3176359251	-0.0506193701	-0.1874354067	-0.1457552997	-0.1246195603	0.1192112046	0.2117657393	0.1586712832	0.0387378519	0.292048805	0.1418229246	0.174202222	0.4248123352	0.1838730938	-0.0631728977	-0.1333099293	-0.1198609942	0.0382786594	-0.1974127574	-0.1651885655	-0.0457995219	0.1194755374	-0.0967945366	-0.1179922307	-0.2414722997	0.4300590331	-0.202190619	-0.1302658418	-0.0787565141	0.0446048127	0.0017923027	-0.047697375	0.0805080284	-0.0912167139	-0.1500324208177659	0.1414296545854512	0.02000234719616	0.0225097272964391	33.051673453581714	21.82158733643257	476.1816738815544	1092.4131180821985	22.573523929213582	11.487323876053033	509.5639825827782	131.95860983333804	0.4433280438797517	0.198000019521687	0.0392040077305884	0.196539754490247	-0.004382027118553	-0.0151251141378036	1.9202161667733908e-05	0.0002287690776815	0.0248187028117307	0.0186593283224458	0.0003481705334448	0.000615968009257	0.0	0.0	0.0	0.0	0.0	0.0	0.0	0.0	0.0	0.0	0.0	0.0	0.0	0.0	0.0	0.0	0.0	0.0	0.0	0.0	0.0	0.0	0.0	0.0	0.0	0.0	0.0	0.0	0.0	0.0	0.0	0.0	0.0	0.0	0.0	0.0	0.0	0.0	0.0	0.0	0.0	0.0	0.0	0.0	0.0	0.0	0.0	0.0	0.0	0.0	0.0	0.0	0.0	0.0	0.0	0.0	0.0	0.0	0.0	0.0	0.0	0.0	0.0	0.0	0.0	0.0	0.0	0.0	0.0	0.0	0.0	0.0	0.0	0.0	0.0	0.0	0.0	0.0	0.0	0.0	0.0	0.0	0.0	0.0	0.0	0.0	0.0	0.0	0.0	0.0	0.0	0.0	1.0	0.0	0.0	0.0	0.0	0.0	0.0	0.0	0.0	0.0	0.0	0.0	0.0	0.0	0.0	0.0	0.0	0.0	0.0	0.0	0.0	0.0	0.0	0.0	0.0	0.0	0.0	0.0	0.0	0.0	0.0	0.0	0.0	0.0	0.0	0.0
789.0070483339539	14.051532798074843	622532.1223206583	197.4455739753731	747.6302846437925	-34.32195331717469	558951.0425165582	1177.9964795063186	741.2314587678351	-12.276442462101729	549424.0754670928	150.71103952529432	737.4091095169299	458.92949513118464	4.507143	294.310516	58.600480204271946	18.3199391561646	-0.119093134	-0.2040111654	-0.1852824517	0.1227111309	-0.1721724748	-0.0969578736	0.137594967	0.238765439	0.0176454537	0.2121466406	0.1247129688	-0.0370573496	-0.0797552163	-0.228418695	0.0694497298	0.1583040168	0.251408549	-0.3278171966	-0.1401962803	-0.1094871175	-0.1009695873	0.0147420434	0.0831319251	-0.2662936657	0.4413588404	-0.2171072141	-0.0540495625	0.2348339553	0.227441836	0.1897055193	-0.3285545626	0.1756212265	-0.2467317524	0.2550365197	0.1010057393	-0.0096003407	0.2582869815	0.2992997301	0.0449465656	-0.1878214563	0.0070366921	-0.4218824702	-0.5816604399	-0.1103529876	-0.1912155413	0.2647228054	0.3248117639	0.1949768027	-0.0622102289	0.1648502178	-0.0699090011	-0.1632277347	0.0247165587	-0.0783496633	0.0615709851	0.1296851688	0.0796894909	0.0158129179	0.1538584093	0.0068996478	-0.0281013872	-0.0211915173	-0.0888820531	-0.0793539824	0.0466744595	-0.0017923027	-0.0435584361	0.0775211985	-0.0912167139	-0.0234084198309005	0.1266240009868654	0.0160336376259216	0.0005479541189796	3.831638113960011	-29.220035339621703	853.8104652487411	14.68145063635103	13.308573117456142	-9.26495081175744	177.11811842267628	85.83931354428486	0.1008576538560349	-0.3424703900237168	0.1172859680429967	0.0101722663413437	-0.0076552271493692	-0.0032732000308162	5.860250270843929e-05	1.0713838441735173e-05	-0.029215108171855	-0.0540338109835857	0.0029196527294098	0.0008535225454931	0.0	0.0	0.0	0.0	0.0	0.0	0.0	0.0	0.0	0.0	0.0	0.0	0.0	0.0	0.0	0.0	0.0	0.0	0.0	0.0	0.0	0.0	0.0	0.0	0.0	0.0	0.0	0.0	0.0	0.0	0.0	0.0	0.0	0.0	0.0	0.0	0.0	0.0	0.0	0.0	0.0	0.0	0.0	0.0	0.0	0.0	0.0	0.0	0.0	0.0	0.0	0.0	0.0	0.0	0.0	0.0	0.0	0.0	0.0	0.0	0.0	0.0	0.0	0.0	0.0	0.0	0.0	0.0	0.0	0.0	0.0	0.0	0.0	0.0	0.0	0.0	0.0	0.0	0.0	0.0	0.0	0.0	0.0	0.0	0.0	0.0	0.0	0.0	0.0	0.0	0.0	0.0	0.0	1.0	0.0	0.0	0.0	0.0	0.0	0.0	0.0	0.0	0.0	0.0	0.0	0.0	0.0	0.0	0.0	0.0	0.0	0.0	0.0	0.0	0.0	0.0	0.0	0.0	0.0	0.0	0.0	0.0	0.0	0.0	0.0	0.0	0.0	0.0
830.0716187851997	41.0645704512458	689018.8923126819	1686.2989463453296	827.0661139426294	79.4358292988369	684038.3568321624	6310.0509763939535	769.3126934870909	28.081234719255804	591842.0203603626	788.5557433579376	767.9877288884558	716.0186351296902	3.452002	225.411148	17.993071405073927	9.435962109047615	0.0521432258	-0.2740496346	0.0286129561	0.0497118541	-0.1432976433	-0.0083181118	-0.0018803036	-0.0965599524	0.1847232842	-0.0382810868	-0.133057625	0.1714859314	0.0593124964	-0.0842904492	0.1072293014	0.1045425347	0.0365055602	0.1307560038	0.1111520372	0.1486820531	-0.0210773389	0.111152165	-0.0869113322	0.1089502192	-0.0924979594	-0.0695614346	-0.1422274992	0.0241643757	0.1019635189	-0.0947252172	0.0748217884	-0.1193085836	0.1338091721	-0.1060699607	-0.1271022186	-0.001511685	-0.0334396509	-0.0276166641	-0.0361408613	0.0707156327	-0.0298240706	-0.0762895467	-0.0339320533	0.0565840995	0.2089105434	0.0226276163	-0.079932321	-0.1080064538	-0.0342943109	-0.0555745683	0.0181893262	0.0100495631	0.0457449687	0.0509331844	-0.0917011255	0.1528692189	-0.0335484193	0.0339190658	0.0843317141	0.0020370245	0.1502784795	0.0298054168	-0.0269779314	-0.0799378539	0.0487121179	-0.0053741445	-0.0393001065	0.0742024108	-0.0906543325	-1.4371315457946992	-1.4137231259637986	1.9986130768848545	2.0653470799182614	-0.4002638411629249	-4.231901955122936	17.90899415777333	0.1602111425424991	12.146316962302258	-1.1622561551538837	147.53301574871156	1.3508393701930883	-0.0792272008807718	-0.1800848547368067	0.0324305549055767	0.0062769493594021	0.0214335248147035	0.0290887519640727	0.0004593959859825	0.0008461554908273	-0.0437453048476418	-0.0145301966757868	0.000211126615437	0.0019136516962131	0.0	0.0	0.0	0.0	0.0	0.0	0.0	0.0	0.0	0.0	0.0	0.0	0.0	0.0	0.0	0.0	0.0	0.0	0.0	0.0	0.0	0.0	0.0	0.0	0.0	0.0	0.0	0.0	0.0	0.0	0.0	0.0	0.0	0.0	0.0	0.0	0.0	0.0	0.0	0.0	0.0	0.0	0.0	0.0	0.0	0.0	0.0	0.0	0.0	0.0	0.0	0.0	0.0	0.0	0.0	0.0	0.0	0.0	0.0	0.0	0.0	0.0	0.0	0.0	0.0	0.0	0.0	0.0	0.0	0.0	0.0	0.0	0.0	0.0	0.0	0.0	0.0	0.0	0.0	0.0	0.0	0.0	0.0	0.0	0.0	0.0	0.0	0.0	0.0	0.0	0.0	0.0	0.0	0.0	1.0	0.0	0.0	0.0	0.0	0.0	0.0	0.0	0.0	0.0	0.0	0.0	0.0	0.0	0.0	0.0	0.0	0.0	0.0	0.0	0.0	0.0	0.0	0.0	0.0	0.0	0.0	0.0	0.0	0.0	0.0	0.0	0.0	0.0
850.540987883755	20.469369098555266	723419.9720702738	418.99507129288907	880.4569989984685	53.390885055839135	775204.5270853892	2850.586607045827	794.3846477575195	25.07195427042859	631046.9685928383	628.6028909384625	797.6781129430191	737.2942076836675	2.154654	140.69606	2.540734253737392	1.367195947648103	0.0693712057	-0.1937406013	0.1407013641	-0.0108317592	-0.1616039045	-0.0614899053	0.1065911851	0.0217010589	0.0664370795	-0.1596305041	-0.0368746008	0.103549681	0.0162257484	0.0505335329	0.1610855929	-0.0627138441	-0.1019270662	-0.0098933338	0.005555473	-0.0800758066	-0.0583757797	0.1930025526	0.0880647761	0.0228468175	0.0471452029	0.0617911449	-0.1677845771	-0.0459067318	-0.0593349316	0.0636996061	-0.0146930493	0.0492497667	-0.0628125113	-0.0568479201	-0.1256141214	0.176045142	0.1652132076	0.1269725373	-0.0355677999	0.077922485	0.0237122679	-0.1526654917	-0.0430802773	0.0702695485	0.1574097049	0.099925666	-0.019370708	-0.1337952434	0.006347726	-0.0291938838	0.0662947172	0.0481323796	0.0486294057	0.0232374084	-0.1647108642	0.1735214111	-0.0779394603	-0.0016430652	0.0116118865	-0.0863271415	-0.0016411536	-0.0078151851	0.0585234328	-0.0805080284	0.0507163915	-0.0089476998	-0.034934058	0.0705658771	-0.089533037	-1.411508426540749	0.0256231192539502	0.0006565442403021	1.9923560381955407	0.0497621844333338	0.4500260255962587	0.2025234237139645	0.0024762749995771	11.106195300491486	-1.0401216618107725	123.34757405265916	1.081853071368003	-0.0745571165378152	0.0046700843429565	2.1809687770328364e-05	0.0055587636264333	0.0103211298283567	-0.0111123949863468	0.0001065257209337	0.0001234853223325	-0.039028515235417	0.0047167896122248	2.224810424599182e-05	0.0015232250014811	0.0	0.0	0.0	0.0	0.0	0.0	0.0	0.0	0.0	0.0	0.0	0.0	0.0	0.0	0.0	0.0	0.0	0.0	0.0	0.0	0.0	0.0	0.0	0.0	0.0	0.0	0.0	0.0	0.0	0.0	0.0	0.0	0.0	0.0	0.0	0.0	0.0	0.0	0.0	0.0	0.0	0.0	0.0	0.0	0.0	0.0	0.0	0.0	0.0	0.0	0.0	0.0	0.0	0.0	0.0	0.0	0.0	0.0	0.0	0.0	0.0	0.0	0.0	0.0	0.0	0.0	0.0	0.0	0.0	0.0	0.0	0.0	0.0	0.0	0.0	0.0	0.0	0.0	0.0	0.0	0.0	0.0	0.0	0.0	0.0	0.0	0.0	0.0	0.0	0.0	0.0	0.0	0.0	0.0	0.0	1.0	0.0	0.0	0.0	0.0	0.0	0.0	0.0	0.0	0.0	0.0	0.0	0.0	0.0	0.0	0.0	0.0	0.0	0.0	0.0	0.0	0.0	0.0	0.0	0.0	0.0	0.0	0.0	0.0	0.0	0.0	0.0	0.0
817.1279299568927	-33.41305792686228	667698.0539156365	1116.4324400238545	798.3052842276437	-82.15171477082481	637291.326825779	6748.904239786955	778.1250722008889	-16.25957555663058	605478.6279876386	264.37379728177865	770.9757694401607	790.2532236010234	2.241791	146.385971	5.211662278684758	3.862663149663061	0.1041391903	0.0115069158	-0.0422364266	0.0079702525	-0.0940924531	-0.0121623888	0.1085644241	-0.0144766308	-0.0372132376	-0.1325864074	-0.1241392162	0.0164636455	0.0898536471	-0.0227032478	0.1712759884	0.0519343035	-0.0895970342	-0.0432464981	0.034524544	0.1252536835	0.0778212908	0.1459021927	0.1630578112	0.0567350452	-0.0794709905	-0.0243857838	-0.1594207752	-0.0747010665	0.0334516691	0.0905452659	0.0809923029	-0.0991035206	0.0380531453	0.0293725387	-0.0886984378	0.1466960061	0.0174865635	0.0082904405	0.0931730491	0.0960934638	-0.0345383418	-0.1210315179	-0.0055488477	0.084644062	0.2175458223	0.0055192972	-0.0885146882	-0.1329367708	-0.0185662653	-0.0132688098	-0.0242168012	-0.0306261427	0.1397993941	0.0494994015	-0.1540280701	0.1051980894	-0.078429412	0.0308483378	0.0122692463	0.0406293022	0.0760461251	0.0215851103	-0.1828924565	-0.0810644083	0.0526859066	-0.0125074584	-0.0304722578	0.0666271694	-0.0878597406	-1.7607516619653438	-0.3492432354245949	0.121970837489839	3.100246415113721	-0.2085133266658232	-0.258275511099157	0.0667062396335307	0.0434778073972483	10.617999251472304	-0.4881960490191819	112.7419081042664	0.2383353822779394	-0.1469261199665317	-0.0723690034287165	0.0052372726572655	0.0215872847284196	0.0196114061452203	0.0092902763168636	0.0003846072509927	8.63092340436767e-05	-0.0396881851526734	-0.0006596699172564	4.351643997330714e-07	0.0015751520407128	0.0	0.0	0.0	0.0	0.0	0.0	0.0	0.0	0.0	0.0	0.0	0.0	0.0	0.0	0.0	0.0	0.0	0.0	0.0	0.0	0.0	0.0	0.0	0.0	0.0	0.0	0.0	0.0	0.0	0.0	0.0	0.0	0.0	0.0	0.0	0.0	0.0	0.0	0.0	0.0	0.0	0.0	0.0	0.0	0.0	0.0	0.0	0.0	0.0	0.0	0.0	0.0	0.0	0.0	0.0	0.0	0.0	0.0	0.0	0.0	0.0	0.0	0.0	0.0	0.0	0.0	0.0	0.0	0.0	0.0	0.0	0.0	0.0	0.0	0.0	0.0	0.0	0.0	0.0	0.0	0.0	0.0	0.0	0.0	0.0	0.0	0.0	0.0	0.0	0.0	0.0	0.0	0.0	0.0	0.0	0.0	1.0	0.0	0.0	0.0	0.0	0.0	0.0	0.0	0.0	0.0	0.0	0.0	0.0	0.0	0.0	0.0	0.0	0.0	0.0	0.0	0.0	0.0	0.0	0.0	0.0	0.0	0.0	0.0	0.0	0.0	0.0	0.0
851.7652157488047	34.63728579191206	725503.9827596078	1199.7415670305934	855.6414838518415	57.336199624197775	732122.3488881811	3287.439787345857	789.2099517790901	11.084879578201251	622852.3479871538	122.8745552632232	792.3064618886422	820.9133425930341	2.109108	137.721954	4.371754986132598	2.2489860161272976	0.1245092681	-0.038640255	0.0928209119	0.0306480089	-0.1239179006	0.010305743	-0.1088698436	-0.0100591343	0.0722865855	0.0161452512	0.0374294754	-0.0107143385	0.0349721537	0.014334647	0.1879191733	-0.078486512	0.0151780188	-0.0234104428	-0.0730726697	0.0129143386	-0.0117133254	0.0849951615	0.0624979504	-0.0446121851	0.0977220944	0.0334928491	-0.1898230309	0.0539040616	-0.0732729339	0.0203527511	-0.004540456	0.0393110703	-0.1023038467	-0.0031806375	-0.0560129333	0.0604030346	0.0881393255	0.1011522766	0.1132925631	0.0915409512	0.0124121523	-0.1409366781	-0.0226137474	0.0580087184	0.2073975051	0.0537785905	-0.0361493663	-0.0903249601	-0.0165309924	0.0074116527	0.058591819	-0.0402431208	0.0926700248	0.0166968502	-0.0731489149	0.0764490154	-0.0960712317	-0.0358084618	0.0136664549	-0.0546556263	-0.052988877	-0.0519539332	0.0876147385	-0.0816068982	0.0546193134	-0.0160479313	-0.0259269352	0.062403154	-0.0856447597	-1.0848055211198755	0.6759461408454683	0.4569031853238817	1.1768030186521647	0.0565962257248031	0.2651095523906263	0.0702830747687582	0.0032031327662928	9.611712867478616	-1.0062863839936875	92.385024246854	1.0126122866110916	-0.1182245452964446	0.0287015746700871	0.0008237803885425	0.013977043110551	0.0109153471341794	-0.0086960590110408	0.0001191448030596	7.562144232350561e-05	-0.0285975606557451	0.0110906244969283	0.0001230019517318	0.000817820475459	0.0	0.0	0.0	0.0	0.0	0.0	0.0	0.0	0.0	0.0	0.0	0.0	0.0	0.0	0.0	0.0	0.0	0.0	0.0	0.0	0.0	0.0	0.0	0.0	0.0	0.0	0.0	0.0	0.0	0.0	0.0	0.0	0.0	0.0	0.0	0.0	0.0	0.0	0.0	0.0	0.0	0.0	0.0	0.0	0.0	0.0	0.0	0.0	0.0	0.0	0.0	0.0	0.0	0.0	0.0	0.0	0.0	0.0	0.0	0.0	0.0	0.0	0.0	0.0	0.0	0.0	0.0	0.0	0.0	0.0	0.0	0.0	0.0	0.0	0.0	0.0	0.0	0.0	0.0	0.0	0.0	0.0	0.0	0.0	0.0	0.0	0.0	0.0	0.0	0.0	0.0	0.0	0.0	0.0	0.0	0.0	0.0	1.0	0.0	0.0	0.0	0.0	0.0	0.0	0.0	0.0	0.0	0.0	0.0	0.0	0.0	0.0	0.0	0.0	0.0	0.0	0.0	0.0	0.0	0.0	0.0	0.0	0.0	0.0	0.0	0.0	0.0	0.0
827.0599018429039	-24.70531390590088	684028.0812363938	610.3525351890994	805.7664731261018	-49.875010725739685	649259.6092140769	2487.5166948926485	790.8262773221713	1.6163255430811887	625406.2009032439	2.6125082612166994	786.1915518428998	767.0795242290496	1.722688	112.489265	2.539118242879821	1.5795788395593182	0.0912250597	-0.0119975958	-0.0077472142	0.0195498311	-0.1636909881	0.0058338507	-0.0970726803	0.0151657689	0.0236685494	-0.014493597	-0.0372536594	0.0375539727	-0.0551741611	0.0253167176	0.1461791766	-0.0517122332	-0.0218326559	-0.0217261472	-0.0054383599	0.0431862401	-0.0188404068	0.1177904169	0.1348941861	0.0132653698	0.0149779402	0.0301710392	-0.1358102473	0.0009379894	-0.0559668524	0.0541796961	0.0074427384	0.0011342965	-0.0173711428	0.0319330173	-0.0324341977	0.1217849053	0.0449629295	0.0879646726	0.0386688317	0.0829279174	-0.0236888627	-0.1268258672	-0.0203317508	0.0149393007	0.208785695	0.0439626689	-0.1151223259	-0.1065643641	-0.0142135545	-0.0353302732	-0.0135109989	-0.036459694	0.1089525598	0.0281469631	-0.1025776619	0.0021281212	-0.0572489733	0.0002490772	-0.0327527715	-0.0204199314	0.0026284817	0.0104157712	-0.0272014139	-0.0821354052	0.0565152869	-0.0195636596	-0.0213105486	0.0579119187	-0.0829017503	-1.10263582596302	-0.0178303048431445	0.0003179197707994	1.2158057646971514	-0.1090046855455142	-0.1656009112703172	0.0274236618135595	0.0118820214708764	8.441268347677237	-1.1704445198013786	71.25501131749759	1.3699403739330798	-0.0970236418302499	0.0212009034661947	0.0004494783077829	0.0094135870740046	0.0097050974213479	-0.0012102497128315	9.418891595785366e-05	1.4647043674087294e-06	-0.0273038636954717	0.0012936969602734	1.6736518250206426e-06	0.0007455009727008	0.0	0.0	0.0	0.0	0.0	0.0	0.0	0.0	0.0	0.0	0.0	0.0	0.0	0.0	0.0	0.0	0.0	0.0	0.0	0.0	0.0	0.0	0.0	0.0	0.0	0.0	0.0	0.0	0.0	0.0	0.0	0.0	0.0	0.0	0.0	0.0	0.0	0.0	0.0	0.0	0.0	0.0	0.0	0.0	0.0	0.0	0.0	0.0	0.0	0.0	0.0	0.0	0.0	0.0	0.0	0.0	0.0	0.0	0.0	0.0	0.0	0.0	0.0	0.0	0.0	0.0	0.0	0.0	0.0	0.0	0.0	0.0	0.0	0.0	0.0	0.0	0.0	0.0	0.0	0.0	0.0	0.0	0.0	0.0	0.0	0.0	0.0	0.0	0.0	0.0	0.0	0.0	0.0	0.0	0.0	0.0	0.0	0.0	1.0	0.0	0.0	0.0	0.0	0.0	0.0	0.0	0.0	0.0	0.0	0.0	0.0	0.0	0.0	0.0	0.0	0.0	0.0	0.0	0.0	0.0	0.0	0.0	0.0	0.0	0.0	0.0	0.0	0.0
848.2858469939091	21.22594515100525	719588.8782101738	450.5407475534832	830.7240760109642	24.957602884862357	690102.4904642701	622.8819417584897	789.5450685036514	-1.2812088185199857	623381.4151984355	1.641496036653377	788.5948941995506	828.2885245446364	1.629367	106.395538	1.0152859279437392	0.4930548047155096	0.1295682158	0.0011123244	0.0636123835	0.0819963108	-0.1821466187	-0.0333299422	0.0401603977	-0.0244345785	0.0582314355	-0.0175963365	-0.0864275273	-0.0597043503	0.0053570004	0.0221122057	0.1995863814	0.0015544645	-0.0206929362	0.0329096653	-0.0186286922	-0.0065383534	-0.0395302094	0.1479247603	0.1143347664	0.0371937247	0.0159768824	0.0331445186	-0.2111535595	0.0063315946	-0.0099656612	-0.0145851204	0.0530394801	-0.0200599472	-0.0414358794	-0.070703798	-0.071415251	0.1225321636	0.1045441325	0.0190183376	0.0359513513	0.1056286363	0.0164783551	-0.1427922368	-0.0026204735	0.0611530714	0.2221010734	0.0705381177	-0.043749213	-0.0967627924	-0.0097864403	-0.000989973	0.046357956	-0.0033074762	0.0711550181	-0.0004916159	-0.0717074646	0.0736967942	-0.0585870007	-0.007735172	0.0024121098	0.0065149335	-0.006628634	-0.028956636	0.0839647544	-0.0826498387	0.0583725276	-0.0230492221	-0.0166357513	0.0531726956	-0.0796476241	-1.075373461931406	0.027262364031614	0.0007432364925922	1.156428082626337	0.0994658986973036	0.2084705842428177	0.0434599844945417	0.0098934650036622	8.350656458282025	-0.0906118893952125	69.73346328424729	0.0082105144997702	-0.1057617468604295	-0.0087381050301795	7.635447951844987e-05	0.0111855470989695	0.0121336954302955	0.0024285980089476	0.0001472265647951	5.898088289064248e-06	-0.0299159824618264	-0.0026121187663547	6.8231644495424105e-06	0.0008949660066563	0.0	0.0	0.0	0.0	0.0	0.0	0.0	0.0	0.0	0.0	0.0	0.0	0.0	0.0	0.0	0.0	0.0	0.0	0.0	0.0	0.0	0.0	0.0	0.0	0.0	0.0	0.0	0.0	0.0	0.0	0.0	0.0	0.0	0.0	0.0	0.0	0.0	0.0	0.0	0.0	0.0	0.0	0.0	0.0	0.0	0.0	0.0	0.0	0.0	0.0	0.0	0.0	0.0	0.0	0.0	0.0	0.0	0.0	0.0	0.0	0.0	0.0	0.0	0.0	0.0	0.0	0.0	0.0	0.0	0.0	0.0	0.0	0.0	0.0	0.0	0.0	0.0	0.0	0.0	0.0	0.0	0.0	0.0	0.0	0.0	0.0	0.0	0.0	0.0	0.0	0.0	0.0	0.0	0.0	0.0	0.0	0.0	0.0	0.0	1.0	0.0	0.0	0.0	0.0	0.0	0.0	0.0	0.0	0.0	0.0	0.0	0.0	0.0	0.0	0.0	0.0	0.0	0.0	0.0	0.0	0.0	0.0	0.0	0.0	0.0	0.0	0.0	0.0
829.9401047225506	-18.34574227135852	688800.5774268783	336.5662594871108	774.9095444121918	-55.81453159877231	600484.8020211108	3115.2619375903523	768.9083741865325	-20.63669431711889	591220.0878941766	425.8731523382073	764.1956013909131	756.6374519758225	2.017443	131.736374	9.450279801399551	6.07517785265167	0.0767092944	0.0458454439	-0.0777744003	0.1121943816	-0.173659759	0.1188710435	0.0157166271	-0.0208902433	-0.0233442845	0.0926991091	-0.0988063602	-0.0854693281	-0.0662664029	-0.0930193381	0.2054744263	0.0065609854	0.1262970842	0.0900739745	-0.0157802975	0.0097658658	0.0175297935	-0.1411753518	-0.1398480305	0.057699551	0.0021860386	-0.0791818619	-0.2188194775	0.1024362864	0.018528949	-0.070667722	0.0438153907	-0.053914072	0.0273853669	-0.0651747101	0.0486265764	-0.1535800919	-0.0977576285	0.0146847495	-0.0118822125	0.0780246503	-0.0202563518	-0.0660600423	0.0194393458	-0.0208170181	0.0984249007	-0.0040924213	-0.0536245491	0.0092079091	-0.0020030589	-0.0078964207	0.0232074865	0.0143916974	0.0109767557	-0.0108395102	0.1527915071	-0.1507961943	0.0476905001	-0.046296292	0.032201317	0.013957914	-0.0927692425	-0.0558013915	0.0633960975	-0.0831501106	0.0601897627	-0.0264992443	-0.0119153566	0.0482057789	-0.0759024438	-0.5667288310389722	0.5086446308924337	0.2587193605357001	0.3211815679307999	0.4456803336608033	0.3462144349634997	0.1198644349770953	0.1986309598120049	5.57448942944481	-2.7761670288372144	31.07493239899193	7.707103372002847	-0.0063558608258557	0.0994058860345738	0.0098815301783186	4.0396966837647104e-05	0.0065749460712209	-0.0055587493590746	4.322991583946315e-05	3.0899694437012285e-05	-0.0184955437213467	0.0114204387404797	0.000130426421025	0.0003420851375482	0.0	0.0	0.0	0.0	0.0	0.0	0.0	0.0	0.0	0.0	0.0	0.0	0.0	0.0	0.0	0.0	0.0	0.0	0.0	0.0	0.0	0.0	0.0	0.0	0.0	0.0	0.0	0.0	0.0	0.0	0.0	0.0	0.0	0.0	0.0	0.0	0.0	0.0	0.0	0.0	0.0	0.0	0.0	0.0	0.0	0.0	0.0	0.0	0.0	0.0	0.0	0.0	0.0	0.0	0.0	0.0	0.0	0.0	0.0	0.0	0.0	0.0	0.0	0.0	0.0	0.0	0.0	0.0	0.0	0.0	0.0	0.0	0.0	0.0	0.0	0.0	0.0	0.0	0.0	0.0	0.0	0.0	0.0	0.0	0.0	0.0	0.0	0.0	0.0	0.0	0.0	0.0	0.0	0.0	0.0	0.0	0.0	0.0	0.0	0.0	1.0	0.0	0.0	0.0	0.0	0.0	0.0	0.0	0.0	0.0	0.0	0.0	0.0	0.0	0.0	0.0	0.0	0.0	0.0	0.0	0.0	0.0	0.0	0.0	0.0	0.0	0.0	0.0
897.2131512794847	67.2730465569341	804991.4388288634	4525.662793051423	884.2337897102555	109.3242452980636	781869.3948653602	11951.790609991182	812.066249804286	43.157875617753575	659451.5940711971	1862.6022278374885	812.3704072479226	851.2417258097331	2.228439	145.514099	3.1320040431314484	1.7861803803438314	0.1284159384	-0.0010597815	0.120675164	-0.0672357746	0.0332928375	-0.0647277005	-0.2062304117	-0.0099910756	0.0567910308	-0.010546695	-0.0395562314	0.0423059945	-0.0736720757	0.1124256981	0.0354188183	0.0181611643	0.0624982755	-0.056725002	0.0461173101	0.0206963253	-0.0094724288	0.027910563	0.0081601449	0.0615114783	-0.0306424168	0.1146109485	-0.0358032938	0.0451016263	0.0310361364	0.0207732072	-0.0445952456	0.0099027987	0.0120798692	0.0146766293	-0.0431784946	0.0816911667	0.0073658206	0.0188732388	-0.1024388714	0.1073952113	0.0192538719	-0.0734399018	0.0741232425	0.0174682113	-0.0105164892	-0.030294706	0.0334220114	0.0340145922	0.0223886665	0.0645291565	0.0312399306	-0.0026237086	0.0390275147	0.029910224	0.1502349115	-0.0990613656	-0.0059869153	-0.0391589824	0.0343092054	-0.0491040836	-0.0519676012	-0.0851366674	0.0958517273	-0.0836361352	0.0619657467	-0.0299084066	-0.0071623028	0.0430324377	-0.0716892996	-0.5122589661201715	0.0544698649188006	0.0029669661842723	0.262409248370507	1.0443305494066235	0.5986502157458202	0.3583820808125171	1.0906262964239402	5.044399033365068	-0.5300903960797418	25.44596160781444	0.2809958280159776	0.0227673875489489	0.0291232483748046	0.0008481635959005	0.000518353935804	0.0117792720613965	0.0052043259901756	0.0001387512502963	2.708500901201724e-05	-0.0138472467585852	0.0046482969627615	2.160666465401779e-05	0.0001917462427931	0.0	0.0	0.0	0.0	0.0	0.0	0.0	0.0	0.0	0.0	0.0	0.0	0.0	0.0	0.0	0.0	0.0	0.0	0.0	0.0	0.0	0.0	0.0	0.0	0.0	0.0	0.0	0.0	0.0	0.0	0.0	0.0	0.0	0.0	0.0	0.0	0.0	0.0	0.0	0.0	0.0	0.0	0.0	0.0	0.0	0.0	0.0	0.0	0.0	0.0	0.0	0.0	0.0	0.0	0.0	0.0	0.0	0.0	0.0	0.0	0.0	0.0	0.0	0.0	0.0	0.0	0.0	0.0	0.0	0.0	0.0	0.0	0.0	0.0	0.0	0.0	0.0	0.0	0.0	0.0	0.0	0.0	0.0	0.0	0.0	0.0	0.0	0.0	0.0	0.0	0.0	0.0	0.0	0.0	0.0	0.0	0.0	0.0	0.0	0.0	0.0	1.0	0.0	0.0	0.0	0.0	0.0	0.0	0.0	0.0	0.0	0.0	0.0	0.0	0.0	0.0	0.0	0.0	0.0	0.0	0.0	0.0	0.0	0.0	0.0	0.0	0.0	0.0
862.0423766914731	-35.17077458801157	743117.0592118837	1236.9833851207202	836.1562304310985	-48.07755927915696	699157.2416887443	2311.4517062408518	798.8266371974964	-13.239612606789592	638123.9962962606	175.2873419778619	794.3776900042508	841.6898448791504	1.811587	118.294212	2.4594726449053086	1.3380153809176176	0.1142066496	0.073699307	0.036564089	-0.0349512508	-0.039756164	-0.0458369429	-0.0646671335	0.0008131977	-0.0335224869	-0.0757827296	-0.0419842503	-0.1221333672	0.0657107716	0.0460839834	0.0857675433	0.0313770432	0.0844389624	-0.0434884352	0.0209208215	0.1651620761	0.0413812421	-0.0103812521	0.0567327637	-0.1047882732	-0.0781901041	0.047063328	-0.0784492351	0.0438652762	0.0293600043	0.0219171018	0.0012788149	-0.0730275918	0.0330073256	0.1228617829	0.0100435068	0.058586007	-0.0158739273	-0.1587049736	0.0454000849	0.0896773939	-0.0263556695	-0.0728740286	0.0555897912	-0.0771090824	0.0424007814	-0.0184376686	-0.0429155385	0.0555665718	-0.0224583596	0.0343835263	-0.0489274372	-0.0419438403	0.0009095672	0.0405793898	0.1853962366	-0.0669695664	0.0626540582	0.0057095201	0.0008109615	0.0409626912	-0.0496247574	-0.0330220311	0.0385204258	-0.0841078291	0.0636992625	-0.0332714524	-0.0023896175	0.037674825	-0.0670341672	-0.4708145111082871	0.0414444550118844	0.0017176428512321	0.2216663038701354	0.6520224340313376	-0.3923081153752858	0.1539056573893086	0.42513325448015	3.7304774049353	-1.3139216284297683	13.91646166873281	1.726390045655534	0.0107598290553086	-0.0120075584936403	0.0001441814609781	0.0001157739212994	0.0095717757737916	-0.0022074962876048	9.161889146374376e-05	4.873039859789414e-06	-0.0138681608991074	-2.0914140522200128e-05	4.3740127378233343e-10	0.0001923258867235	0.0	0.0	0.0	0.0	0.0	0.0	0.0	0.0	0.0	0.0	0.0	0.0	0.0	0.0	0.0	0.0	0.0	0.0	0.0	0.0	0.0	0.0	0.0	0.0	0.0	0.0	0.0	0.0	0.0	0.0	0.0	0.0	0.0	0.0	0.0	0.0	0.0	0.0	0.0	0.0	0.0	0.0	0.0	0.0	0.0	0.0	0.0	0.0	0.0	0.0	0.0	0.0	0.0	0.0	0.0	0.0	0.0	0.0	0.0	0.0	0.0	0.0	0.0	0.0	0.0	0.0	0.0	0.0	0.0	0.0	0.0	0.0	0.0	0.0	0.0	0.0	0.0	0.0	0.0	0.0	0.0	0.0	0.0	0.0	0.0	0.0	0.0	0.0	0.0	0.0	0.0	0.0	0.0	0.0	0.0	0.0	0.0	0.0	0.0	0.0	0.0	0.0	1.0	0.0	0.0	0.0	0.0	0.0	0.0	0.0	0.0	0.0	0.0	0.0	0.0	0.0	0.0	0.0	0.0	0.0	0.0	0.0	0.0	0.0	0.0	0.0	0.0	0.0
874.0453303066192	12.002953615146112	763955.2394308071	144.0708954873491	871.5618398468216	35.40560941572312	759620.0406771767	1253.5571780987416	802.4005062969713	3.573869099474905	643846.5725056359	12.772540340181568	803.0036005446295	868.4381879374187	1.618015	105.654221	1.8607798147362813	1.1303361399535647	0.1296099085	0.1121898717	0.1150217336	-0.0894691516	-0.0994182709	-0.0976654166	0.1996787328	-0.0519851635	0.047698157	-0.0517317985	0.0546116983	0.1002441359	-0.0186399446	0.0708188356	0.0958304265	0.053361292	0.0464376916	-0.0271331748	0.0174486081	0.1281956427	0.0412768365	0.0930083958	0.0836738599	0.0349964914	-0.0814830917	0.0778682012	-0.0849175256	0.0295935125	0.0521991771	0.1163641854	0.0390567292	-0.1025485888	0.0917594046	-0.0057516747	-0.0864035687	0.1279633051	-0.0845579524	-0.0157012201	-0.0197446031	0.1056442116	0.0188380609	-0.0744702932	0.0873557082	-0.0741504315	0.022292414	0.044841291	-0.024686654	0.0345193406	-0.0070351224	0.0531474922	0.0186745964	-0.0830089616	-0.0403923763	0.0821697693	0.1061438329	-0.1372097595	-0.0925913338	-0.0770015376	-0.0454129537	0.0255770708	-0.1113028896	-0.0834683056	0.0624747188	-0.0845651116	0.0653891221	-0.036583196	0.0023896175	0.0321558829	-0.0619657467	-0.4621007091411258	0.0087138019671613	7.593034472290442e-05	0.2135370653887313	0.4160399919309583	-0.2359824421003793	0.0556877129796588	0.1730892748859118	2.631159596717694	-1.0993178082176058	6.923000823399619	1.208499643464361	0.0055696047131368	-0.0051902243421718	2.6938428722072693e-05	3.102049666059566e-05	0.0138533937440039	0.0042816179702123	0.0001919165182264	1.8332252442844904e-05	-0.0130046879624688	0.0008634729366386	7.455855123072887e-07	0.0001691219090011	0.0	0.0	0.0	0.0	0.0	0.0	0.0	0.0	0.0	0.0	0.0	0.0	0.0	0.0	0.0	0.0	0.0	0.0	0.0	0.0	0.0	0.0	0.0	0.0	0.0	0.0	0.0	0.0	0.0	0.0	0.0	0.0	0.0	0.0	0.0	0.0	0.0	0.0	0.0	0.0	0.0	0.0	0.0	0.0	0.0	0.0	0.0	0.0	0.0	0.0	0.0	0.0	0.0	0.0	0.0	0.0	0.0	0.0	0.0	0.0	0.0	0.0	0.0	0.0	0.0	0.0	0.0	0.0	0.0	0.0	0.0	0.0	0.0	0.0	0.0	0.0	0.0	0.0	0.0	0.0	0.0	0.0	0.0	0.0	0.0	0.0	0.0	0.0	0.0	0.0	0.0	0.0	0.0	0.0	0.0	0.0	0.0	0.0	0.0	0.0	0.0	0.0	0.0	1.0	0.0	0.0	0.0	0.0	0.0	0.0	0.0	0.0	0.0	0.0	0.0	0.0	0.0	0.0	0.0	0.0	0.0	0.0	0.0	0.0	0.0	0.0	0.0	0.0
837.1324075160248	-36.91292279059439	700790.6677135759	1362.5638689443829	816.4706680496017	-55.091171797219886	666624.3517853629	3035.037209990796	794.794368293033	-7.606138003938327	631698.0878703214	57.85333533495491	790.7009735659077	788.9651896413168	2.115037	138.109116	2.0365594962431026	1.5372894599666154	0.0726690364	0.0897077177	-0.0365860879	0.0137356051	-0.0403664121	0.1344536313	-0.0154653541	-0.045768053	0.0907629778	-0.0157873122	-0.0656789358	-0.0567587437	-0.0548683458	0.0350903249	0.15187484	0.0546711727	-0.1161988939	0.1067201664	-0.0742606951	0.0201772383	0.024509503	0.0762947763	0.0196747113	-0.0413637751	0.0042797787	0.0345945001	-0.1439407281	-0.1049213309	0.0311638877	-0.027038145	0.1224214798	0.0110006145	-0.0488569059	-0.0164798986	-0.0797598968	-0.006688296	-0.0017551743	-0.0745707569	0.0713445654	0.0821284418	-0.0238535561	-0.0582161827	0.0445706373	-0.0989724953	0.0078984552	0.0224867042	-0.1037233068	0.05067433	-0.0205306869	0.0051624831	-0.0471351657	-0.1419174836	-0.0318927081	0.0905144907	0.1197120834	-0.1028074383	-0.0381551904	0.0046346261	-0.0251833237	0.05470474	-0.0126957365	-0.011839283	0.0087438469	-0.0850079043	0.0670341672	-0.0398385309	0.0071623028	0.0264992443	-0.0565152869	-0.4861988215125308	-0.024098112371405	0.0005807190198648	0.2363892940401737	0.5530878709333962	0.1370478790024378	0.0187821211390668	0.3059061929736371	2.1118625580973145	-0.5192970386203797	4.459963464293333	0.2696694143198961	0.0308818451461462	0.0253122404330094	0.0006407095157384	0.0009536883596305	0.0133522727420465	-0.0005011210019573	0.0001782831873779	2.511222586027882e-07	-0.0143136558524796	-0.0013089678900108	1.7133969370793274e-06	0.0002048807438632	0.0	0.0	0.0	0.0	0.0	0.0	0.0	0.0	0.0	0.0	0.0	0.0	0.0	0.0	0.0	0.0	0.0	0.0	0.0	0.0	0.0	0.0	0.0	0.0	0.0	0.0	0.0	0.0	0.0	0.0	0.0	0.0	0.0	0.0	0.0	0.0	0.0	0.0	0.0	0.0	0.0	0.0	0.0	0.0	0.0	0.0	0.0	0.0	0.0	0.0	0.0	0.0	0.0	0.0	0.0	0.0	0.0	0.0	0.0	0.0	0.0	0.0	0.0	0.0	0.0	0.0	0.0	0.0	0.0	0.0	0.0	0.0	0.0	0.0	0.0	0.0	0.0	0.0	0.0	0.0	0.0	0.0	0.0	0.0	0.0	0.0	0.0	0.0	0.0	0.0	0.0	0.0	0.0	0.0	0.0	0.0	0.0	0.0	0.0	0.0	0.0	0.0	0.0	0.0	1.0	0.0	0.0	0.0	0.0	0.0	0.0	0.0	0.0	0.0	0.0	0.0	0.0	0.0	0.0	0.0	0.0	0.0	0.0	0.0	0.0	0.0	0.0	0.0
863.3420912450957	26.20968372907089	745359.5665154553	686.9475211779232	838.1731450217111	21.70247697210937	702534.2210355863	470.99750672493735	797.2577744863261	2.463406193293053	635619.9589788895	6.068370073154573	793.5139379053122	837.4819784545898	2.085607	136.187363	2.5713152488572733	1.9241663062442769	0.1018531612	0.0667591967	0.0122408312	-0.0747986582	-0.0941934366	0.0919370607	-0.0849729879	0.0313091247	0.0074902466	0.0721181577	-0.0452060059	-0.0447414752	0.0156110496	0.0428758969	0.1531976353	0.0305758889	-0.0198420519	0.1450065306	-0.0709416887	-0.0272961076	0.0230604073	-0.0054647481	0.0251628624	0.0819733514	0.0282036122	0.0465020419	-0.1553459267	-0.01426645	0.0371182003	-0.0062099201	0.1239594134	0.0186677315	-0.038316204	-0.046026404	0.0091723504	-0.0468942135	0.0439193054	-0.0044657485	0.0123613699	0.106466948	0.0124031853	-0.0678413173	0.0755869169	-0.0206734652	0.032701897	0.0250597122	-0.0400707634	0.0309803435	-0.0172542473	0.0443128874	-0.0184062519	-0.1638355975	-0.0132644059	0.0485077316	0.0504144099	-0.1230692105	-0.1016123627	-0.0406257085	-0.0659086874	0.0928507881	-0.0520806509	-0.0004928489	0.0907722801	-0.0854361313	0.0686332704	-0.0430324377	0.0119153566	0.0207291319	-0.0507163915	-0.5700052611746713	-0.0838064396621405	0.0070235193288439	0.3249059977668053	0.3080698485590716	-0.2450180223743245	0.060033831288225	0.0949070315912093	2.072704967792191	-0.0391575903051233	4.296105883510428	0.0015333168785038	-0.0058791713130219	-0.0367610164591681	0.0013513723311112	3.456465532785965e-05	0.0189630548738772	0.0056107821318306	0.0003595974501496	3.148087613087064e-05	-0.0160085211917945	-0.0016948653393149	2.872568518411015e-06	0.0002562727507481	0.0	0.0	0.0	0.0	0.0	0.0	0.0	0.0	0.0	0.0	0.0	0.0	0.0	0.0	0.0	0.0	0.0	0.0	0.0	0.0	0.0	0.0	0.0	0.0	0.0	0.0	0.0	0.0	0.0	0.0	0.0	0.0	0.0	0.0	0.0	0.0	0.0	0.0	0.0	0.0	0.0	0.0	0.0	0.0	0.0	0.0	0.0	0.0	0.0	0.0	0.0	0.0	0.0	0.0	0.0	0.0	0.0	0.0	0.0	0.0	0.0	0.0	0.0	0.0	0.0	0.0	0.0	0.0	0.0	0.0	0.0	0.0	0.0	0.0	0.0	0.0	0.0	0.0	0.0	0.0	0.0	0.0	0.0	0.0	0.0	0.0	0.0	0.0	0.0	0.0	0.0	0.0	0.0	0.0	0.0	0.0	0.0	0.0	0.0	0.0	0.0	0.0	0.0	0.0	0.0	1.0	0.0	0.0	0.0	0.0	0.0	0.0	0.0	0.0	0.0	0.0	0.0	0.0	0.0	0.0	0.0	0.0	0.0	0.0	0.0	0.0	0.0	0.0
830.1227153053495	-33.219375939746214	689103.7224659263	1103.5269378261896	813.3120005347512	-24.861144486959915	661476.4102138391	618.0765052014974	798.1440419964531	0.886267510127027	637033.9117744359	0.7854700995067598	793.2957520943488	718.331792210261	2.321752	151.607315	6.437967639801387	3.5485249604732707	0.0297807187	0.0817878875	-0.0548235698	0.0863302274	0.0736510878	0.1149464057	-0.2527282731	-0.2290491876	-0.0477593143	0.0448065725	-0.1389126614	-0.1201275482	-0.1923296277	0.039969288	0.1003699256	0.0448884895	-0.0322845703	0.1197849105	-0.0746657683	-0.0307668207	-0.1284451751	0.0435590867	-0.0834486902	-0.1129882787	-0.0506797166	0.035887465	-0.0922535477	-0.0457300103	0.0442083132	-0.1807969023	0.0079129515	0.1045335828	-0.1148762251	0.0277387326	-0.0827477304	-0.0522714155	0.0180507744	-0.1670432548	-0.0008595401	0.034646833	-0.0811687068	0.0056618761	-0.0105714715	-0.0785301767	0.041011718	-0.1718323609	-0.1546878418	0.1199183931	-0.0822094577	0.0711533701	-0.0363509362	-0.2652473368	0.0225018533	-0.0662390235	0.173931701	-0.1017399024	0.0725002631	0.0363718175	0.1288788964	0.0263271067	0.0966025313	0.1721967295	0.0433282559	-0.0858497193	0.0701853358	-0.0461599916	0.0166357513	0.0148702542	-0.0446048127	-0.4717184311424063	0.098286830032265	0.0096603009577913	0.2225182782794531	1.5955378589153355	1.287468010356264	1.657573877690717	2.545741059232133	3.0948639724834948	1.0221590046913036	9.578183008176318	1.0448090308715163	0.062748229043841	0.0686274003568629	0.0047097200797411	0.0039373402481383	0.0096810902465604	-0.0092819646273168	9.372350836204693e-05	8.615486734276029e-05	-0.0133168102815431	0.0026917109102514	7.245307624366431e-06	0.0001773374360746	0.0	0.0	0.0	0.0	0.0	0.0	0.0	0.0	0.0	0.0	0.0	0.0	0.0	0.0	0.0	0.0	0.0	0.0	0.0	0.0	0.0	0.0	0.0	0.0	0.0	0.0	0.0	0.0	0.0	0.0	0.0	0.0	0.0	0.0	0.0	0.0	0.0	0.0	0.0	0.0	0.0	0.0	0.0	0.0	0.0	0.0	0.0	0.0	0.0	0.0	0.0	0.0	0.0	0.0	0.0	0.0	0.0	0.0	0.0	0.0	0.0	0.0	0.0	0.0	0.0	0.0	0.0	0.0	0.0	0.0	0.0	0.0	0.0	0.0	0.0	0.0	0.0	0.0	0.0	0.0	0.0	0.0	0.0	0.0	0.0	0.0	0.0	0.0	0.0	0.0	0.0	0.0	0.0	0.0	0.0	0.0	0.0	0.0	0.0	0.0	0.0	0.0	0.0	0.0	0.0	0.0	1.0	0.0	0.0	0.0	0.0	0.0	0.0	0.0	0.0	0.0	0.0	0.0	0.0	0.0	0.0	0.0	0.0	0.0	0.0	0.0	0.0	0.0
822.9067717954764	-7.215943509873114	677175.5550668522	52.06984073767991	789.9138271282245	-23.398173406526663	623963.8542883586	547.4745187618917	779.873328213824	-18.27071378262906	608202.4080593069	333.81898212675145	769.2905566918187	467.25717306693394	2.902813	189.549881	21.30120769305983	8.626150078562377	-0.1334831719	-0.0252004824	-0.1609223654	-0.1566661476	0.1228417491	-0.0624374315	-0.1981699412	0.1443344962	0.3165390879	-0.1052134832	-0.0830831267	0.1095663984	0.0192930692	-0.095207057	-0.239636834	0.0442802472	0.1041531381	-0.1554470783	-0.0114454592	-0.0534879359	-0.0148619763	-0.0326989174	0.1037577957	0.1676720901	0.1152421154	-0.1050023309	0.2336405394	0.0935845424	0.0840578164	0.1418855999	-0.0526674383	0.0019441498	0.0064892137	-0.0180034076	0.1544169035	0.0593212411	0.0977880675	-0.0884885666	-0.10669811	-0.0633297527	0.0970203595	0.0749197517	-0.0073033997	-0.0773768861	-0.0263536824	0.1271534415	0.0342403341	-0.1489229719	-0.0226019228	0.0020523067	-0.0795933067	0.0226170146	0.0711557498	0.0418357961	0.1234986352	-0.1269973887	-0.034874925	-0.2011989332	-0.0679203371	0.0096887265	0.1210235991	0.1297704616	0.0132203572	-0.0862485974	0.0716892996	-0.0492163702	0.0213105486	0.0089476998	-0.0382182304	-0.3510559374046806	0.1206624937377257	0.0145594373950066	0.123240271187079	9.343881771619706	7.748343912704371	60.03683338954288	87.30812656200702	8.061004288486757	4.966140316003262	64.97979013900188	24.662549638232974	0.2298265770181406	0.1670783479742996	0.0279151743618211	0.0528202555038753	0.0087591900534778	-0.0009219001930826	7.672341039294443e-05	8.498999660057352e-07	-0.0119958390366359	0.0013209712449071	1.744965029871676e-06	0.0001439001541928	0.0	0.0	0.0	0.0	0.0	0.0	0.0	0.0	0.0	0.0	0.0	0.0	0.0	0.0	0.0	0.0	0.0	0.0	0.0	0.0	0.0	0.0	0.0	0.0	0.0	0.0	0.0	0.0	0.0	0.0	0.0	0.0	0.0	0.0	0.0	0.0	0.0	0.0	0.0	0.0	0.0	0.0	0.0	0.0	0.0	0.0	0.0	0.0	0.0	0.0	0.0	0.0	0.0	0.0	0.0	0.0	0.0	0.0	0.0	0.0	0.0	0.0	0.0	0.0	0.0	0.0	0.0	0.0	0.0	0.0	0.0	0.0	0.0	0.0	0.0	0.0	0.0	0.0	0.0	0.0	0.0	0.0	0.0	0.0	0.0	0.0	0.0	0.0	0.0	0.0	0.0	0.0	0.0	0.0	0.0	0.0	0.0	0.0	0.0	0.0	0.0	0.0	0.0	0.0	0.0	0.0	0.0	1.0	0.0	0.0	0.0	0.0	0.0	0.0	0.0	0.0	0.0	0.0	0.0	0.0	0.0	0.0	0.0	0.0	0.0	0.0	0.0	0.0
818.2416936101112	-4.665078185365246	669519.4691619431	21.762954475570695	831.9299555691806	42.016128440956095	692107.4509733388	1765.3550491669196	772.2767843342514	-7.596543879572664	596411.4316216519	57.707478914272905	772.8434691191237	519.9888700377146	2.958527	193.187881	7.838050656799961	2.5886201492757213	-0.1031892876	-0.1743745168	-0.0205707227	0.2236733832	0.0929903982	0.0667107493	-0.1730811631	-0.0426364724	-0.1331523753	-0.2113568832	0.0510455281	0.2011738855	0.1755356878	-0.1268777806	-0.1682566937	0.181532815	0.1329684494	0.1993892101	0.1199987486	-0.132440829	-0.0906542958	-0.0523580571	0.0990076352	0.0399841069	-0.1102059571	-0.1147961656	0.114166602	0.0996673887	0.1717272127	-0.293578175	0.0218836706	-0.0110433672	0.141053687	-0.1905666144	0.1001650756	0.1218271993	-0.0592735517	-0.1295183689	0.0760577365	-0.0528011109	-0.0427344368	0.1406076009	-0.0356645939	-0.0107312642	0.0032749771	-0.0965004532	-0.0733966064	0.0071417975	-0.1412705827	0.0510466292	0.0543116055	-0.0434076916	-0.091064122	-0.1388284961	-0.0301218672	0.0464089098	0.0862992665	-0.170588064	-0.1213764431	0.0412500408	-0.1312080802	0.0177658946	1.52747e-05	-0.0866326972	0.0731441312	-0.0521968607	0.0259269352	0.00298683	-0.0315960199	-0.1059853015359237	0.2450706358687569	0.0600596165651168	0.0112328841416606	6.857982396359745	-2.4858993752599616	6.179695703917868	47.03192254878015	6.23770640497429	-1.823297883512467	38.90898119465728	3.324415172021041	0.1810723526055598	-0.0487542244125808	0.0023769743980722	0.0327871968781121	0.0048363168941911	-0.0039228731592867	2.3389961101038245e-05	1.5388933823852018e-05	0.0010027186346721	0.012998557671308	0.0001689625015343	1.0054446603186802e-06	0.0	0.0	0.0	0.0	0.0	0.0	0.0	0.0	0.0	0.0	0.0	0.0	0.0	0.0	0.0	0.0	0.0	0.0	0.0	0.0	0.0	0.0	0.0	0.0	0.0	0.0	0.0	0.0	0.0	0.0	0.0	0.0	0.0	0.0	0.0	0.0	0.0	0.0	0.0	0.0	0.0	0.0	0.0	0.0	0.0	0.0	0.0	0.0	0.0	0.0	0.0	0.0	0.0	0.0	0.0	0.0	0.0	0.0	0.0	0.0	0.0	0.0	0.0	0.0	0.0	0.0	0.0	0.0	0.0	0.0	0.0	0.0	0.0	0.0	0.0	0.0	0.0	0.0	0.0	0.0	0.0	0.0	0.0	0.0	0.0	0.0	0.0	0.0	0.0	0.0	0.0	0.0	0.0	0.0	0.0	0.0	0.0	0.0	0.0	0.0	0.0	0.0	0.0	0.0	0.0	0.0	0.0	0.0	1.0	0.0	0.0	0.0	0.0	0.0	0.0	0.0	0.0	0.0	0.0	0.0	0.0	0.0	0.0	0.0	0.0	0.0	0.0	0.0
881.7393261633874	63.49763255327628	777464.2393030645	4031.949339870891	916.9808541211216	85.05089855194103	840853.8868247018	7233.655344492565	829.2879422884683	57.01115795421697	687718.491225042	3250.2721312806766	827.3940730450038	503.2919513974215	2.986192	194.994385	8.149448608277961	2.916686455583163	-0.1149130639	-0.1154970421	0.1155445413	-0.0607720841	0.198574982	0.041780246	0.0346519055	-0.0811338896	-0.1326517496	0.1769927153	-0.0967401996	-0.1248456451	0.0543964709	0.1401192699	-0.1580449854	-0.1112794923	-0.0022810721	0.0262507813	0.0545197377	-0.0103373085	-0.0214784792	0.0265717614	0.0111788052	0.0870054713	0.0452472824	0.1321912473	0.1657454861	0.0192157819	-0.0902549027	-0.0014570489	0.0007245892	0.0275002231	0.0259038738	-0.0631003536	-0.0145088208	-0.0143129505	0.1067171361	0.1171275468	-0.0605515208	-0.0571376572	0.0652345807	0.0956942683	0.0617604894	-0.0638875975	-0.0875126904	0.1248591708	0.0512303952	-0.1594246771	-0.0800042172	0.0377426452	-0.0365673522	0.0204946926	0.0863078634	-0.0306844145	0.0140068628	-0.0766308665	0.0216869566	-0.0805037949	0.0422355667	-0.0828013359	0.1527975547	0.1329781704	-0.0430042228	-0.0870019529	0.0745488335	-0.0550968674	0.0304722578	-0.00298683	-0.0247790096	-0.1596432235793798	-0.0536579220434561	0.0028791725980216	0.0254859588348158	9.921129719197594	3.0631473228378496	9.382871521408685	98.42881490514574	7.92794717165215	1.69024076667786	62.852346356507326	2.8569138493397603	0.2376533429157249	0.0565809903101651	0.0032014084644789	0.0564791113990191	0.0083341320461278	0.0034978151519367	6.945775696229436e-05	1.2234710837117965e-05	0.0077719651069462	0.0067692464722741	4.5822697802395344e-05	6.040344162358925e-05	0.0	0.0	0.0	0.0	0.0	0.0	0.0	0.0	0.0	0.0	0.0	0.0	0.0	0.0	0.0	0.0	0.0	0.0	0.0	0.0	0.0	0.0	0.0	0.0	0.0	0.0	0.0	0.0	0.0	0.0	0.0	0.0	0.0	0.0	0.0	0.0	0.0	0.0	0.0	0.0	0.0	0.0	0.0	0.0	0.0	0.0	0.0	0.0	0.0	0.0	0.0	0.0	0.0	0.0	0.0	0.0	0.0	0.0	0.0	0.0	0.0	0.0	0.0	0.0	0.0	0.0	0.0	0.0	0.0	0.0	0.0	0.0	0.0	0.0	0.0	0.0	0.0	0.0	0.0	0.0	0.0	0.0	0.0	0.0	0.0	0.0	0.0	0.0	0.0	0.0	0.0	0.0	0.0	0.0	0.0	0.0	0.0	0.0	0.0	0.0	0.0	0.0	0.0	0.0	0.0	0.0	0.0	0.0	0.0	1.0	0.0	0.0	0.0	0.0	0.0	0.0	0.0	0.0	0.0	0.0	0.0	0.0	0.0	0.0	0.0	0.0	0.0	0.0
806.5548423579025	-75.18448380548489	650530.713730981	5652.706605097219	800.1148640521161	-116.86599006900552	640183.7956771363	13657.6596348089	770.2336401003361	-59.05430218813228	593259.860342214	3487.410606927245	767.928743573435	658.9151546481451	3.389006	221.297623	21.27081825463353	9.035161815011447	0.001207202	0.0590192557	-0.1033223885	-0.1630200678	-0.1821370448	-0.004149038	0.3103839141	0.0109497004	0.0166682989	-0.045948376	-0.0212503612	0.01218896	-0.1791280842	-0.125806375	0.0842016301	-0.0416386151	0.0468669376	-0.071080952	0.0761281602	0.1071091153	0.1984896082	-0.2047768286	-0.0149069571	0.042982537	-0.1769635013	-0.1146496706	-0.0840835487	0.0518436636	-0.0594522957	0.2524925348	0.1211036414	-0.202669934	0.2163129635	0.0323472194	0.1443079844	-0.1132019469	-0.2458847753	-0.0629733086	-0.0699567615	0.0091989882	-0.0021930966	-0.1109855729	-0.0946483418	-0.0423065905	0.0915393677	0.0841911015	-0.029777582	0.1226680939	-0.0630944883	-0.165834811	0.4657173394	0.3952772175	-0.4269903169	-0.140260396	0.1022855146	-0.3197142204	-0.0544414208	-0.0339899222	0.0587159454	-0.0771308013	0.1602725241	0.133987036	-0.0407435562	-0.0873563013	0.0759024438	-0.0579119187	0.034934058	-0.0089476998	-0.0178092284	-0.4298157097870927	-0.2701724862077129	0.0729931723036568	0.1847415443797823	1.9269244940554984	-7.994205225142096	63.9073171816892	3.7130380057910384	5.010466881876795	-2.917480289775355	25.10477837438417	8.51169124122769	0.0650369687179772	-0.1726163741977477	0.0297964126411768	0.0042298073000231	0.0165457056869817	0.0082115736408539	0.0002737603766802	6.74299416591666e-05	-0.0131792921246196	-0.0209512572315658	0.0004389551795832	0.000173693740906	0.0	0.0	0.0	0.0	0.0	0.0	0.0	0.0	0.0	0.0	0.0	0.0	0.0	0.0	0.0	0.0	0.0	0.0	0.0	0.0	0.0	0.0	0.0	0.0	0.0	0.0	0.0	0.0	0.0	0.0	0.0	0.0	0.0	0.0	0.0	0.0	0.0	0.0	0.0	0.0	0.0	0.0	0.0	0.0	0.0	0.0	0.0	0.0	0.0	0.0	0.0	0.0	0.0	0.0	0.0	0.0	0.0	0.0	0.0	0.0	0.0	0.0	0.0	0.0	0.0	0.0	0.0	0.0	0.0	0.0	0.0	0.0	0.0	0.0	0.0	0.0	0.0	0.0	0.0	0.0	0.0	0.0	0.0	0.0	0.0	0.0	0.0	0.0	0.0	0.0	0.0	0.0	0.0	0.0	0.0	0.0	0.0	0.0	0.0	0.0	0.0	0.0	0.0	0.0	0.0	0.0	0.0	0.0	0.0	0.0	1.0	0.0	0.0	0.0	0.0	0.0	0.0	0.0	0.0	0.0	0.0	0.0	0.0	0.0	0.0	0.0	0.0	0.0
845.1586496718005	38.60380731389796	714293.1431150612	1490.2539391285616	830.6241114232447	30.509247371128595	689936.4144776548	930.8141751527172	801.6856838120464	31.452043711710303	642699.9356291884	989.2310536433356	792.9431157639642	591.4096063646873	3.136383	204.801651	13.681936953211393	6.91632852240483	-0.0648524	-0.125707245	-0.0140774703	-0.0384831381	0.015015949	0.0398397415	-0.0551799022	0.078515727	-0.0008834167	-0.0342703282	0.088195297	-0.0506599588	0.0335503944	0.0206051749	-0.1120602598	-0.0550892356	-0.2475571222	-0.0173877995	-0.0037442753	0.004307167	-0.0518543167	-0.0059119889	-0.0056311941	-0.0708832987	0.0492583686	0.0008187763	0.1093161911	-0.2161791473	-0.0789264735	-0.033339314	-0.009245388	-0.0307153911	-0.0643917967	0.0418174476	-0.0351391448	-0.0021839059	0.0908222189	-0.0621453493	0.0213258494	-0.0169617109	0.0316833449	0.1219414764	-0.0099690369	0.0103364276	-0.0777330819	0.0297502908	0.0003831413	-0.1041183781	-0.0510766164	0.0278118093	-0.0259201788	0.0671427976	-0.0139413153	-0.170081169	0.0132505123	0.087208592	0.1032333407	0.0594495711	-0.0538383508	0.0512095489	-0.0875530465	-0.1543778272	0.0130057865	-0.0876956817	0.0772040342	-0.060637674	0.0393001065	-0.0148702542	-0.0107296473	-0.1670445419874795	0.2627711677996132	0.0690486866267724	0.0279038790078068	7.188328173637558	5.26140367958206	27.68236867951964	51.67206193191147	5.9724278526722046	0.9619609707954098	35.66989445537472	0.9253689093336472	0.1928523694625167	0.1278154007445394	0.0163367766674872	0.037192036407307	0.0143785643054299	-0.0021671413815518	0.0002067431114853	4.696501767634251e-06	0.0007541884499753	0.0139334805745949	0.0001941418809226	5.688002180761456e-07	0.0	0.0	0.0	0.0	0.0	0.0	0.0	0.0	0.0	0.0	0.0	0.0	0.0	0.0	0.0	0.0	0.0	0.0	0.0	0.0	0.0	0.0	0.0	0.0	0.0	0.0	0.0	0.0	0.0	0.0	0.0	0.0	0.0	0.0	0.0	0.0	0.0	0.0	0.0	0.0	0.0	0.0	0.0	0.0	0.0	0.0	0.0	0.0	0.0	0.0	0.0	0.0	0.0	0.0	0.0	0.0	0.0	0.0	0.0	0.0	0.0	0.0	0.0	0.0	0.0	0.0	0.0	0.0	0.0	0.0	0.0	0.0	0.0	0.0	0.0	0.0	0.0	0.0	0.0	0.0	0.0	0.0	0.0	0.0	0.0	0.0	0.0	0.0	0.0	0.0	0.0	0.0	0.0	0.0	0.0	0.0	0.0	0.0	0.0	0.0	0.0	0.0	0.0	0.0	0.0	0.0	0.0	0.0	0.0	0.0	0.0	1.0	0.0	0.0	0.0	0.0	0.0	0.0	0.0	0.0	0.0	0.0	0.0	0.0	0.0	0.0	0.0	0.0
865.1932117061708	20.03456203437031	748559.293582439	401.3836759090322	884.670131435642	54.04602001239732	782641.2414543561	2920.972279180452	822.6564403820136	20.970756569967197	676763.6189020054	439.7726311168222	817.1148866555524	659.1159699227015	2.236473	146.038757	3.4743748486453847	0.9556793764987284	-0.0223886365	-0.0216577666	0.087808789	0.0243007844	0.1325625098	-0.1032187651	-0.0461369502	0.1020603468	-0.0301876018	0.0488841509	0.120928436	-0.077543832	-0.091130547	0.1165541873	-0.1041622589	-0.0413832628	0.0319312806	0.0564500342	0.0250478051	-0.1130248696	-0.0574085086	0.0488380064	0.1248848435	0.0108652141	0.0157821009	0.1017390298	0.1132662046	0.0081165228	-0.0296037348	-0.0336430899	-0.0205855987	0.0436614111	0.0232214922	-0.1036549227	0.0314418552	0.0766258288	0.0985656658	-0.0423045156	-0.0392519985	-0.0241522656	0.0274972862	0.0623041218	0.0032995578	0.0204566992	-0.0703882068	0.0397561938	0.0143776828	-0.1273288445	0.0016943013	0.0140432452	-0.0481756935	0.0414241269	0.0318350489	-0.1176684868	-0.013512021	-0.0229944815	0.0054055183	-5.06931e-05	0.0472233237	0.0769653519	-0.0009492537	-0.0793704621	-0.0120625622	-0.0880200359	0.0784527129	-0.0632699305	0.0435584361	-0.0207291319	-0.0035839144	-0.4397490602619598	-0.2727045182744803	0.0743677542873163	0.1933792360012767	6.0650261744595895	-1.1233019991779685	1.2618073813572206	36.78454249687992	5.165312666521743	-0.8071151861504617	26.68045494292996	0.6514349237146945	0.1811601372242202	-0.0116922322382964	0.0001367082947142	0.0328189953190982	0.0225680608863907	0.0081894965809608	0.0005093173721718	6.706785424956865e-05	0.0062975225315675	0.0055433340815922	3.072855274014164e-05	3.9658790035600334e-05	0.0	0.0	0.0	0.0	0.0	0.0	0.0	0.0	0.0	0.0	0.0	0.0	0.0	0.0	0.0	0.0	0.0	0.0	0.0	0.0	0.0	0.0	0.0	0.0	0.0	0.0	0.0	0.0	0.0	0.0	0.0	0.0	0.0	0.0	0.0	0.0	0.0	0.0	0.0	0.0	0.0	0.0	0.0	0.0	0.0	0.0	0.0	0.0	0.0	0.0	0.0	0.0	0.0	0.0	0.0	0.0	0.0	0.0	0.0	0.0	0.0	0.0	0.0	0.0	0.0	0.0	0.0	0.0	0.0	0.0	0.0	0.0	0.0	0.0	0.0	0.0	0.0	0.0	0.0	0.0	0.0	0.0	0.0	0.0	0.0	0.0	0.0	0.0	0.0	0.0	0.0	0.0	0.0	0.0	0.0	0.0	0.0	0.0	0.0	0.0	0.0	0.0	0.0	0.0	0.0	0.0	0.0	0.0	0.0	0.0	0.0	0.0	1.0	0.0	0.0	0.0	0.0	0.0	0.0	0.0	0.0	0.0	0.0	0.0	0.0	0.0	0.0	0.0
836.6978907352476	-28.495320970923217	700063.3603608123	811.9833172359365	841.2541749879912	-43.41595644765084	707708.5869347256	1884.9452742643148	778.1642016952844	-44.49223868672914	605539.5248000593	1979.5593033568769	774.8418362411311	633.197015610377	2.484479	162.233231	4.764558968587451	2.317770298159872	-0.0421034015	-0.0638005021	-0.0320362968	0.0950012998	0.0142467648	0.1941260479	0.0754893703	0.0890928273	0.0782357202	-0.0162388608	0.1409995538	0.0973150775	0.0200730197	-0.0917042125	0.0110492606	0.2322066787	-0.1616816361	0.0023459357	-0.1175015499	0.0921779196	0.1079390433	-0.0363208572	-0.1534160338	0.0765636531	0.1251342958	-0.0906485431	-0.0047541675	-0.1528918963	0.2005990887	-0.0522672165	0.0489267629	-0.0087123154	-0.1033050341	0.0568682564	-0.0638184114	-0.1451307602	-0.0571475917	0.080437219	0.2501912396	-0.0289872878	-0.0057491645	0.0569220675	-0.0103514502	-0.0047550991	-0.0092901311	-0.0509851582	-0.0486555347	-0.0511759482	-0.0367243973	0.0505894991	0.0754326319	-0.125668181	0.0142417915	-0.1304270206	0.1000475328	0.0318381932	-0.2149134543	0.0284258566	0.0991126601	0.0535643128	0.1375445129	0.0472098793	0.2532230084	-0.0883293083	0.0796476241	-0.0658046293	0.047697375	-0.0264992443	0.0035839144	-0.72888086698336	-0.2891318067214001	0.0835972016579811	0.5312673182544145	4.489755846190775	-1.5752703282688143	2.4814766071241388	20.15790755840424	5.236694572578784	0.0713819060570415	27.42297004647609	0.0050953765123363	0.1425506904156898	-0.0386094468085304	0.0014906893828607	0.0203206993379898	0.0277514396046336	0.0051833787182428	0.0007701424001296	2.686741493673339e-05	-0.0064851504924631	-0.0127826730240306	0.0001633967296392	4.205717690989439e-05	0.0	0.0	0.0	0.0	0.0	0.0	0.0	0.0	0.0	0.0	0.0	0.0	0.0	0.0	0.0	0.0	0.0	0.0	0.0	0.0	0.0	0.0	0.0	0.0	0.0	0.0	0.0	0.0	0.0	0.0	0.0	0.0	0.0	0.0	0.0	0.0	0.0	0.0	0.0	0.0	0.0	0.0	0.0	0.0	0.0	0.0	0.0	0.0	0.0	0.0	0.0	0.0	0.0	0.0	0.0	0.0	0.0	0.0	0.0	0.0	0.0	0.0	0.0	0.0	0.0	0.0	0.0	0.0	0.0	0.0	0.0	0.0	0.0	0.0	0.0	0.0	0.0	0.0	0.0	0.0	0.0	0.0	0.0	0.0	0.0	0.0	0.0	0.0	0.0	0.0	0.0	0.0	0.0	0.0	0.0	0.0	0.0	0.0	0.0	0.0	0.0	0.0	0.0	0.0	0.0	0.0	0.0	0.0	0.0	0.0	0.0	0.0	0.0	1.0	0.0	0.0	0.0	0.0	0.0	0.0	0.0	0.0	0.0	0.0	0.0	0.0	0.0	0.0
842.5509639770758	5.853073241828156	709892.1268986996	34.25846637420476	814.7475464560769	-26.50662853191432	663813.5644561971	702.601356128894	793.3632473764292	15.199045681144751	629425.2422876732	231.01098961752496	789.299776928199	693.5574431498845	2.332487	152.308304	2.745585601415744	1.1491204419661412	0.0017278505	-0.0272830489	-0.0712968628	-0.1228069885	-0.0487716919	0.105140875	0.0394290965	-0.3238409898	-0.017168121	0.0784988584	-0.0533598086	-0.057735129	0.014334139	-0.0254142752	0.0054671654	0.1053326245	-0.0431476961	0.0245453251	-0.0884974263	0.0900964598	0.0935720547	0.044203526	-0.1492198465	0.1785473087	0.0416225783	-0.0293979084	-0.0045573602	-0.0189872802	0.0966748043	0.0992768687	0.1169802039	-0.0677027337	-0.0407336348	-0.0302784944	-0.1175533697	-0.144673971	-0.0349093405	0.1116179285	-0.0583094621	0.0202799731	-0.0131616077	0.0461328684	-0.0079400352	-0.067527937	-0.0312835382	0.0242126156	-0.0701386288	0.0207298025	0.0045328858	0.0088007216	0.0381250832	-0.0476928444	-0.054801413	-0.0937227768	-0.1009147544	0.0933072977	0.0818497225	0.080410452	-0.033509183	-0.0632630179	-0.0546242123	0.0416375946	-0.0062801523	-0.0886234459	0.0807879487	-0.0682378621	0.0517055788	-0.0321558829	0.0107296473	-0.272168642473801	0.4567122245095589	0.2085860560164698	0.0740757699460317	4.166699677363297	-0.3230561688274775	0.1043652882174876	17.361386201339407	5.032231447182397	-0.2044631253963871	25.323353338011444	0.0418051696468587	0.1281406956559025	-0.0144099947597872	0.000207647948977	0.0164200378831786	0.0153058739417717	-0.0124455656628619	0.0002342697771214	0.0001548921046686	0.0018863707385341	0.0083715212309972	7.008236772103689e-05	3.558394563197686e-06	0.0	0.0	0.0	0.0	0.0	0.0	0.0	0.0	0.0	0.0	0.0	0.0	0.0	0.0	0.0	0.0	0.0	0.0	0.0	0.0	0.0	0.0	0.0	0.0	0.0	0.0	0.0	0.0	0.0	0.0	0.0	0.0	0.0	0.0	0.0	0.0	0.0	0.0	0.0	0.0	0.0	0.0	0.0	0.0	0.0	0.0	0.0	0.0	0.0	0.0	0.0	0.0	0.0	0.0	0.0	0.0	0.0	0.0	0.0	0.0	0.0	0.0	0.0	0.0	0.0	0.0	0.0	0.0	0.0	0.0	0.0	0.0	0.0	0.0	0.0	0.0	0.0	0.0	0.0	0.0	0.0	0.0	0.0	0.0	0.0	0.0	0.0	0.0	0.0	0.0	0.0	0.0	0.0	0.0	0.0	0.0	0.0	0.0	0.0	0.0	0.0	0.0	0.0	0.0	0.0	0.0	0.0	0.0	0.0	0.0	0.0	0.0	0.0	0.0	1.0	0.0	0.0	0.0	0.0	0.0	0.0	0.0	0.0	0.0	0.0	0.0	0.0	0.0
850.7965349253622	8.2455709482864	723854.7438410029	67.98944026322468	851.3659585482114	36.61841209213458	724823.9953747148	1340.9081041493878	795.0027519139823	1.63950453755308	632029.3755508048	2.6879751286571385	800.3990267121266	716.3888743293286	2.252379	147.077362	3.990317787573794	1.985272295603886	0.0151941151	0.090381181	0.0601574334	0.1159270631	-0.1053548237	-0.1075151977	0.0293788559	-0.0933037075	-0.1034793937	0.0813047001	-0.057601781	0.1272791182	-0.215052941	-0.0166434241	0.1838839856	-0.0820172409	0.0829446648	0.0257765959	-0.1774474766	0.0083733283	0.0636820529	-0.0845526163	-0.1031443615	-0.0328652776	0.1013279712	0.0077677416	-0.1780234692	0.106766642	-0.063357995	0.0706800205	0.0386731211	0.0164379905	-0.1137254375	0.0016960467	0.0247003726	-0.1892254366	0.0156027819	-0.0393747373	0.0841574057	0.0192995156	-0.0030658312	-0.0169642706	-0.0063810929	-0.0721766143	0.0121525426	0.0575523731	-0.0225386744	0.0477280052	-0.0551289293	-0.0462556098	0.0215125606	0.0797037394	-0.1079466069	-0.0283147896	0.0090098211	0.0797773358	0.051058326	-0.0003062638	0.0378762327	-0.0933956646	-0.0296307526	0.011644706	-0.107204875	-0.0889023983	0.0818729053	-0.0705658771	0.0555720611	-0.037674825	0.0178092284	-0.1641707679123953	0.1079978745614057	0.0116635409097811	0.0269520410369455	3.2180656000820136	-0.9486340772812838	0.8999066125793127	10.35594620643121	4.389681961485167	-0.6425494856972298	19.269307722988263	0.4128698415697745	0.0895296142662178	-0.0386110813896846	0.0014908156060808	0.0080155518306577	0.0118482237016737	-0.003457650240098	0.0001403804048849	1.1955345182849758e-05	0.0056403661094289	0.0037539953708947	1.4092481244699584e-05	3.1813729848394105e-05	0.0	0.0	0.0	0.0	0.0	0.0	0.0	0.0	0.0	0.0	0.0	0.0	0.0	0.0	0.0	0.0	0.0	0.0	0.0	0.0	0.0	0.0	0.0	0.0	0.0	0.0	0.0	0.0	0.0	0.0	0.0	0.0	0.0	0.0	0.0	0.0	0.0	0.0	0.0	0.0	0.0	0.0	0.0	0.0	0.0	0.0	0.0	0.0	0.0	0.0	0.0	0.0	0.0	0.0	0.0	0.0	0.0	0.0	0.0	0.0	0.0	0.0	0.0	0.0	0.0	0.0	0.0	0.0	0.0	0.0	0.0	0.0	0.0	0.0	0.0	0.0	0.0	0.0	0.0	0.0	0.0	0.0	0.0	0.0	0.0	0.0	0.0	0.0	0.0	0.0	0.0	0.0	0.0	0.0	0.0	0.0	0.0	0.0	0.0	0.0	0.0	0.0	0.0	0.0	0.0	0.0	0.0	0.0	0.0	0.0	0.0	0.0	0.0	0.0	0.0	1.0	0.0	0.0	0.0	0.0	0.0	0.0	0.0	0.0	0.0	0.0	0.0	0.0
872.9248623706375	22.12832744527532	761997.8153447964	489.66287552532486	845.8590625911564	-5.506895957055008	715477.5537675899	30.32590308182879	801.124105424087	6.121353510104768	641799.8322915437	37.470968795671965	796.1329413005087	792.7310962524414	2.213682	144.550491	2.8718035711836354	1.5970525341679889	0.0534502088	-0.0102083927	0.0126837048	0.0249805404	-0.001379844	-0.0945918476	0.0336951893	-0.0136175961	0.0220278484	-0.1389430905	-0.0475014425	0.0608999638	-0.0651206839	0.0064619913	-0.0109394002	0.0319223239	0.0278790609	-0.0340182028	0.0336144942	0.0085768057	-0.0116279982	0.0088999184	-0.0959013051	-0.0150463599	-0.0376807391	0.003511382	0.0067541583	-0.0034834334	0.0383830837	-0.0061314416	-0.0332580496	-0.012786376	0.0124721832	0.0367421055	-0.0227828727	-0.0385403316	-0.0413365408	0.0428751502	-0.032699782	0.016565595	-0.0058009835	0.0064108185	0.0153731719	-0.0441279733	-0.0301157808	0.0258535448	-0.0130869332	-0.0078845868	-0.0106682738	-0.0244000994	0.0076884131	0.0319047933	-0.0383106788	-0.0392377644	-0.019879855	0.1194761375	0.1366010446	0.0443237325	-0.0304507948	-0.0668168571	-0.0336139753	0.0339384896	-0.0936740331	-0.0891661178	0.0829017503	-0.0727850846	0.0592862243	-0.0430324377	0.0247790096	-0.3000365863978089	-0.1358658184854136	0.0184595206327113	0.0900219531772498	3.542486148490923	0.3244205484089093	0.1052486922299374	12.549208112250051	4.166648975857655	-0.2230329856275128	17.36096368801564	0.0497437126779223	0.1135037395045233	0.0239741252383055	0.0005747586809419	0.0128830988815106	0.025549840661204	0.0137016169595302	0.0006527943578129	0.0001877343073056	0.0117343082848291	0.0060939421754002	3.713613123712133e-05	0.0001376939909234	0.0	0.0	0.0	0.0	0.0	0.0	0.0	0.0	0.0	0.0	0.0	0.0	0.0	0.0	0.0	0.0	0.0	0.0	0.0	0.0	0.0	0.0	0.0	0.0	0.0	0.0	0.0	0.0	0.0	0.0	0.0	0.0	0.0	0.0	0.0	0.0	0.0	0.0	0.0	0.0	0.0	0.0	0.0	0.0	0.0	0.0	0.0	0.0	0.0	0.0	0.0	0.0	0.0	0.0	0.0	0.0	0.0	0.0	0.0	0.0	0.0	0.0	0.0	0.0	0.0	0.0	0.0	0.0	0.0	0.0	0.0	0.0	0.0	0.0	0.0	0.0	0.0	0.0	0.0	0.0	0.0	0.0	0.0	0.0	0.0	0.0	0.0	0.0	0.0	0.0	0.0	0.0	0.0	0.0	0.0	0.0	0.0	0.0	0.0	0.0	0.0	0.0	0.0	0.0	0.0	0.0	0.0	0.0	0.0	0.0	0.0	0.0	0.0	0.0	0.0	0.0	1.0	0.0	0.0	0.0	0.0	0.0	0.0	0.0	0.0	0.0	0.0	0.0
842.1491856315076	-30.775676739129835	709215.2508598116	947.1422787514172	855.9729800038524	10.113917412695969	732689.7424966755	102.29132543083472	802.5400460254007	1.4159406013136504	644070.5254744522	2.004887786448462	804.4061984312508	609.1418008332253	2.357248	153.925171	5.538308173211742	1.9316365530621888	-0.0527514361	-0.0167118407	0.0358196303	-0.0817732818	-0.0624129865	-0.0531449635	0.0758063562	-0.044328402	0.0260498793	0.1182031125	-0.0961578401	-0.0004039774	0.1518289807	0.0061501092	-0.0592532724	0.1093237665	-0.050688085	-0.0175863757	-0.0624854741	0.0152275178	0.0345176769	0.0162225451	0.0447711162	-0.1104184484	0.0046598769	0.0135728201	0.0708961645	-0.0272857769	0.0862155512	0.0700642437	0.017576005	-0.0164674602	-0.0356187358	0.0020135642	-0.0044479629	0.0356795075	0.0084470252	0.0251228698	0.1976645716	0.0037607396	0.0219122418	0.0529962203	0.0243629767	-0.1008434152	-0.0199980109	0.0971820026	-0.0586502586	-0.0580797753	-0.016541653	-0.0047790942	-0.0982538707	-0.0230068336	-0.0085425464	-0.1103171161	-0.0749645564	0.0104747963	-0.0454772732	0.0571556448	0.0581205994	-0.0866968213	-0.0270450591	0.0469574056	-0.0372298661	-0.0894145591	0.0838737786	-0.0748920628	0.0628378881	-0.0482057789	0.0315960199	-0.2317576103401393	0.0682789760576695	0.0046620185714838	0.0537115899505718	5.327950108656864	1.7854639601659414	3.1878815530514464	28.387052360336693	5.326475293380625	1.1598263175229704	28.371339050994216	1.345197086818894	0.1480590987914353	0.034555359286912	0.0011940728554475	0.021921496734932	0.0164699808342714	-0.0090798598269325	0.0002712602686812	8.244385447674447e-05	0.0048747490093705	-0.0068595592754586	4.705355345353011e-05	2.3763177904358677e-05	0.0	0.0	0.0	0.0	0.0	0.0	0.0	0.0	0.0	0.0	0.0	0.0	0.0	0.0	0.0	0.0	0.0	0.0	0.0	0.0	0.0	0.0	0.0	0.0	0.0	0.0	0.0	0.0	0.0	0.0	0.0	0.0	0.0	0.0	0.0	0.0	0.0	0.0	0.0	0.0	0.0	0.0	0.0	0.0	0.0	0.0	0.0	0.0	0.0	0.0	0.0	0.0	0.0	0.0	0.0	0.0	0.0	0.0	0.0	0.0	0.0	0.0	0.0	0.0	0.0	0.0	0.0	0.0	0.0	0.0	0.0	0.0	0.0	0.0	0.0	0.0	0.0	0.0	0.0	0.0	0.0	0.0	0.0	0.0	0.0	0.0	0.0	0.0	0.0	0.0	0.0	0.0	0.0	0.0	0.0	0.0	0.0	0.0	0.0	0.0	0.0	0.0	0.0	0.0	0.0	0.0	0.0	0.0	0.0	0.0	0.0	0.0	0.0	0.0	0.0	0.0	0.0	1.0	0.0	0.0	0.0	0.0	0.0	0.0	0.0	0.0	0.0	0.0
836.6140028773709	-5.535182754136713	699922.9898104976	30.638248121692488	797.774932762245	-58.19804724160736	636444.8433438046	3387.012702736361	795.4462233226811	-7.093822702719535	632734.6941983167	50.32232053761909	785.4207195466787	736.9222394080559	2.358489	154.006195	2.996469966288458	1.253102947005896	0.0201129265	0.0238117329	-0.0981315309	-0.0031373172	-0.0387497664	-0.0627946248	0.1064057795	-0.0406357103	-0.1035492623	-0.1561027952	0.0906867127	-0.0089404336	0.0273067808	-0.0292505443	-0.0145800265	0.0158270792	-0.1274181406	-0.0488958973	-0.0238794687	0.1724324696	-0.0408445325	0.0654952063	-0.1406937782	-0.100609845	-0.0450687258	-0.0469562755	0.0335417373	-0.1132220899	0.0033236603	0.0446340307	0.0312574603	-0.0947780842	-0.0819434291	0.0778733702	-0.1511341413	-0.0584122112	-0.0648566188	0.0223937461	-0.0289027252	-0.0182885957	-0.0078820969	0.034662429	-0.035949334	-0.0406662291	-0.0063716118	-0.0037883424	-0.0704626391	0.0214777508	-0.0155416439	-0.027730254	0.0950410615	0.032852746	-0.082615508	-0.1436526205	-0.0360115969	0.0776690816	0.1536877448	0.1432313367	-0.096925753	-0.0083932402	-0.048002077	0.0266978584	-0.1043642208	-0.0896476797	0.084788324	-0.0768835629	0.0662173176	-0.0531726956	0.0382182304	-0.2923137813380521	-0.0605561709979127	0.0036670498459284	0.0854473467601505	4.398344316414011	-0.9296057922428532	0.8641669289714626	19.345432725731435	4.059777840999743	-1.2666974523808818	16.481796118272534	1.6045224358682164	0.1381881902523287	-0.0098709085391066	9.743483538740768e-05	0.0190959759252137	0.0196840718383872	0.0032140910041158	0.0003874626841387	1.0330380982738112e-05	0.0065819604794843	0.0017072114701137	2.914571003688121e-06	4.332220375349319e-05	0.0	0.0	0.0	0.0	0.0	0.0	0.0	0.0	0.0	0.0	0.0	0.0	0.0	0.0	0.0	0.0	0.0	0.0	0.0	0.0	0.0	0.0	0.0	0.0	0.0	0.0	0.0	0.0	0.0	0.0	0.0	0.0	0.0	0.0	0.0	0.0	0.0	0.0	0.0	0.0	0.0	0.0	0.0	0.0	0.0	0.0	0.0	0.0	0.0	0.0	0.0	0.0	0.0	0.0	0.0	0.0	0.0	0.0	0.0	0.0	0.0	0.0	0.0	0.0	0.0	0.0	0.0	0.0	0.0	0.0	0.0	0.0	0.0	0.0	0.0	0.0	0.0	0.0	0.0	0.0	0.0	0.0	0.0	0.0	0.0	0.0	0.0	0.0	0.0	0.0	0.0	0.0	0.0	0.0	0.0	0.0	0.0	0.0	0.0	0.0	0.0	0.0	0.0	0.0	0.0	0.0	0.0	0.0	0.0	0.0	0.0	0.0	0.0	0.0	0.0	0.0	0.0	0.0	1.0	0.0	0.0	0.0	0.0	0.0	0.0	0.0	0.0	0.0
833.9493201508915	-2.664682726479441	695471.4685801341	7.100534032797907	815.638452554678	17.863519792432953	665266.0852857897	319.10533937464385	787.6709930325828	-7.775230290098307	620425.5932649352	60.4542060640622	777.2459082393136	540.1256401209831	2.594403	169.411118	12.506499177494527	5.620257884782812	-0.1094583871	-0.0380539255	-0.0980900168	0.0225414396	0.0765498824	-0.0748409234	0.1568003728	-0.0534576919	0.1964928165	-0.145910569	-0.1651307847	0.1091046073	0.068636539	-0.094895497	-0.1619739168	0.0422713375	-0.017827649	0.111309538	0.083746341	0.0278733716	0.055092007	-0.0656913639	0.0804002733	0.1742291117	0.14194932	-0.1061279469	0.1342367112	-0.0262931927	0.0653748524	-0.0378501894	0.1121302772	-0.0582234411	0.140742465	-0.0360159285	0.112035417	-0.0664375984	0.1178496441	-0.1183425527	-0.0815268598	-0.0742163085	0.0269880679	0.0839778542	0.0273059696	0.0309660184	-0.0152587306	0.0536899588	0.010195303	-0.1283604086	-0.061451257	0.0177288363	-0.0535056902	-0.0688195294	0.1272231084	-0.1966526617	0.0802311164	-0.1559111934	-0.1528502632	0.0700023202	-0.0326154312	0.129799932	0.047506028	-0.056108729	-0.105809087	-0.0898654396	0.0856447597	-0.0787565141	0.06941525	-0.0579119187	0.0446048127	-0.4308856378910661	-0.138571856553014	0.019202159428549	0.1856624329407909	9.406724885613857	5.008380569199845	25.083875925938568	88.48647307362702	5.408607771822076	1.3488299308223333	29.253038029414167	1.8193421822821805	0.2431692214735808	0.1049810312212521	0.0110210169162775	0.0591312702720673	0.0233503116000244	0.0036662397616371	0.0005452370518182	1.3441313989809588e-05	0.0181490259149817	0.0115670654354974	0.000133797002789	0.0003293871416626	0.0	0.0	0.0	0.0	0.0	0.0	0.0	0.0	0.0	0.0	0.0	0.0	0.0	0.0	0.0	0.0	0.0	0.0	0.0	0.0	0.0	0.0	0.0	0.0	0.0	0.0	0.0	0.0	0.0	0.0	0.0	0.0	0.0	0.0	0.0	0.0	0.0	0.0	0.0	0.0	0.0	0.0	0.0	0.0	0.0	0.0	0.0	0.0	0.0	0.0	0.0	0.0	0.0	0.0	0.0	0.0	0.0	0.0	0.0	0.0	0.0	0.0	0.0	0.0	0.0	0.0	0.0	0.0	0.0	0.0	0.0	0.0	0.0	0.0	0.0	0.0	0.0	0.0	0.0	0.0	0.0	0.0	0.0	0.0	0.0	0.0	0.0	0.0	0.0	0.0	0.0	0.0	0.0	0.0	0.0	0.0	0.0	0.0	0.0	0.0	0.0	0.0	0.0	0.0	0.0	0.0	0.0	0.0	0.0	0.0	0.0	0.0	0.0	0.0	0.0	0.0	0.0	0.0	0.0	1.0	0.0	0.0	0.0	0.0	0.0	0.0	0.0	0.0
892.8700670065678	58.92074685567627	797216.9565563127	3471.654410030685	940.9880608645352	125.34960830985722	885458.5306895982	15712.524303434626	826.854784942972	39.18379191038912	683688.8353830884	1535.3695484766756	830.6662910996531	699.3332776095073	2.55225	166.658539	6.41048537470934	2.151207609617493	-0.0192489529	0.0361610876	0.1782614421	0.0793860261	0.1247365482	-0.0661148932	-0.0106966785	0.08670316	0.0837765739	0.2095219934	0.0570803549	0.038770909	-0.2039896473	0.0926876609	-0.1585062223	-0.1098157013	0.0221020796	-0.020078662	0.0186595558	-0.0556408697	-0.0148440672	-0.0717102846	0.0446952821	0.0073894419	0.0169441186	0.1011058548	0.1483350625	0.0635419546	-0.0918723117	-0.0423165922	-0.0886921509	0.0188713416	0.0627117938	-0.0721320061	0.0711903916	-0.0722771476	0.0551040598	-0.0240900435	0.1670965021	-0.0368129929	0.0261421238	0.0583781632	0.0246167084	0.0085666794	-0.0727541208	0.0549153264	0.0345193651	-0.1349371806	-0.0095498253	0.0039574672	-0.0619042016	-0.0181776963	0.0811563901	-0.1397596775	0.0091800692	-0.084954831	-0.0249183524	0.1605809293	-0.0120909819	0.039933679	-0.0139084199	-0.1217411698	-0.0781637292	-0.0900678015	0.0864424987	-0.0805080284	0.0724229201	-0.062403154	0.0507163915	-0.3766254641843432	0.0542601737067229	0.0029441664506837	0.1418467402720719	6.738846936930415	-2.667877948683442	7.117572749071369	45.41205803937643	3.941421953805701	-1.4671858180163753	15.534807017941551	2.1526342245883803	0.2027025521388748	-0.0404666693347059	0.0016375513270444	0.0410883246436132	0.0264061062869338	0.0030557946869093	0.0006972824492368	9.337881168543706e-06	0.0190497905794223	0.0009007646644405	8.113769807047833e-07	0.0003628945211198	0.0	0.0	0.0	0.0	0.0	0.0	0.0	0.0	0.0	0.0	0.0	0.0	0.0	0.0	0.0	0.0	0.0	0.0	0.0	0.0	0.0	0.0	0.0	0.0	0.0	0.0	0.0	0.0	0.0	0.0	0.0	0.0	0.0	0.0	0.0	0.0	0.0	0.0	0.0	0.0	0.0	0.0	0.0	0.0	0.0	0.0	0.0	0.0	0.0	0.0	0.0	0.0	0.0	0.0	0.0	0.0	0.0	0.0	0.0	0.0	0.0	0.0	0.0	0.0	0.0	0.0	0.0	0.0	0.0	0.0	0.0	0.0	0.0	0.0	0.0	0.0	0.0	0.0	0.0	0.0	0.0	0.0	0.0	0.0	0.0	0.0	0.0	0.0	0.0	0.0	0.0	0.0	0.0	0.0	0.0	0.0	0.0	0.0	0.0	0.0	0.0	0.0	0.0	0.0	0.0	0.0	0.0	0.0	0.0	0.0	0.0	0.0	0.0	0.0	0.0	0.0	0.0	0.0	0.0	0.0	1.0	0.0	0.0	0.0	0.0	0.0	0.0	0.0
894.7167291697798	1.846662163212045	800518.025456269	3.4101611450389897	858.3093984034155	-82.67866246111976	736695.0233876329	6835.761226359773	831.9841605928427	5.129375649870781	692197.6434773771	26.310494557487296	823.5452718893342	690.0716634032726	1.643478	107.316971	0.9950194242698336	0.8139575861840013	-0.0193796722	-0.0255794205	0.0046586375	-0.0300753588	0.0351511688	-0.0306639755	0.1254937016	-0.0015249841	-0.1203758149	0.0245323021	-0.0483439036	0.0194097586	0.0196230721	0.1147724785	-0.101673501	-0.1637467208	-0.0079987103	0.0307181129	0.0455765291	-0.0411951467	-0.041501391	0.1016013913	0.0909189611	-0.0376186717	0.0538185424	0.0994841581	0.1096941583	-0.0052795269	-0.134435105	0.0183814236	0.0172838204	0.0406923834	0.0235707966	-0.0334686017	-0.0069792828	0.0435489718	0.1101453333	-0.0338991077	-0.0091802853	-0.0283020646	0.0205815562	0.0818814183	0.0691918928	0.0179424965	-0.0638270501	0.0411045236	0.0386928556	-0.1219104394	-0.0522407897	0.034400367	-0.0239947527	-0.0346020169	0.0620109754	-0.1579175882	0.0001255992	-0.0367828168	-0.023515516	0.0530545766	0.0110743209	0.0229564493	-0.0301986255	-0.1071039304	-0.1110022378	-0.0902547308	0.0871809944	-0.0821354052	0.075232084	-0.0666271694	0.0565152869	-0.3302759265927477	0.0463495375915954	0.0021482796349547	0.109082187686698	6.733451129718688	-0.0053958072117268	2.9114735466123295e-05	45.33936411630987	4.393510318008111	0.4520883642024103	19.302932914443737	0.2043838890472111	0.1957137466649949	-0.0069888054738799	4.884340195173396e-05	0.0383038706336497	0.0239944094206516	-0.0024116968662821	0.0005757316834458	5.816281774835368e-06	0.0194730025445422	0.0004232119651199	1.7910836742064778e-07	0.0003791978280997	0.0	0.0	0.0	0.0	0.0	0.0	0.0	0.0	0.0	0.0	0.0	0.0	0.0	0.0	0.0	0.0	0.0	0.0	0.0	0.0	0.0	0.0	0.0	0.0	0.0	0.0	0.0	0.0	0.0	0.0	0.0	0.0	0.0	0.0	0.0	0.0	0.0	0.0	0.0	0.0	0.0	0.0	0.0	0.0	0.0	0.0	0.0	0.0	0.0	0.0	0.0	0.0	0.0	0.0	0.0	0.0	0.0	0.0	0.0	0.0	0.0	0.0	0.0	0.0	0.0	0.0	0.0	0.0	0.0	0.0	0.0	0.0	0.0	0.0	0.0	0.0	0.0	0.0	0.0	0.0	0.0	0.0	0.0	0.0	0.0	0.0	0.0	0.0	0.0	0.0	0.0	0.0	0.0	0.0	0.0	0.0	0.0	0.0	0.0	0.0	0.0	0.0	0.0	0.0	0.0	0.0	0.0	0.0	0.0	0.0	0.0	0.0	0.0	0.0	0.0	0.0	0.0	0.0	0.0	0.0	0.0	1.0	0.0	0.0	0.0	0.0	0.0	0.0
860.2752146587584	-34.44151451102141	740073.4449561728	1186.2179218128983	858.9251703534808	0.6157719500653229	737752.448266756	0.3791750944872505	805.7025127038436	-26.281647888999142	649156.5389772872	690.7250157613332	802.2538524966953	732.8064861596425	1.939154	126.624184	5.696906481816715	2.962801025728899	0.0014710174	0.0117377955	0.0236185263	0.07392908	0.0679333805	-0.0234486979	-0.1409698486	0.0277322856	-0.0057672635	0.0061534443	0.127667972	-0.1051941779	0.0084376447	0.0033110774	-0.0504696063	0.0366678641	-0.0527675329	0.0946488848	0.0047715613	0.0327705141	-0.06551728	0.0231931031	0.0019378202	-0.1013308869	0.0256559876	-8.99003e-05	0.0487530779	-0.0493494986	0.0275593514	-0.1389250348	0.0011899706	0.0018756922	-0.0207482662	0.0310885505	-0.0506085379	-0.0286725394	0.0775785359	-0.0928027966	0.0630222422	-0.0167209552	0.0038989212	0.039805183	-0.025383584	0.0247220768	-0.0260712957	0.0040789572	-0.0148750253	-0.0285794676	-0.0037280761	0.0302271822	0.0670226711	0.0081266964	-0.0397215843	-0.0863764797	-0.0530974234	0.0658111521	0.0357712893	0.1168728414	-0.0624065558	0.0356897655	-0.0951091518	-0.0771673425	-0.040532941	-0.0904261954	0.0878597406	-0.0836361352	0.0778350419	-0.0705658771	0.0619657467	-0.3215452832291987	0.008730643363549	7.622413354148231e-05	0.1033913691669456	4.525766881599353	-2.2076842481193357	4.873869739394235	20.482565866581528	4.284425226107871	-0.1090850919002406	18.35629951810948	0.0118995572748839	0.1436232265939666	-0.0520905200710282	0.0027134222812702	0.0206276312172618	0.0211093513639126	-0.002885058056739	0.0004456047150051	8.323559990754625e-06	0.0070204507036377	-0.0124525518409044	0.0001550660473504	4.928672808220708e-05	0.0	0.0	0.0	0.0	0.0	0.0	0.0	0.0	0.0	0.0	0.0	0.0	0.0	0.0	0.0	0.0	0.0	0.0	0.0	0.0	0.0	0.0	0.0	0.0	0.0	0.0	0.0	0.0	0.0	0.0	0.0	0.0	0.0	0.0	0.0	0.0	0.0	0.0	0.0	0.0	0.0	0.0	0.0	0.0	0.0	0.0	0.0	0.0	0.0	0.0	0.0	0.0	0.0	0.0	0.0	0.0	0.0	0.0	0.0	0.0	0.0	0.0	0.0	0.0	0.0	0.0	0.0	0.0	0.0	0.0	0.0	0.0	0.0	0.0	0.0	0.0	0.0	0.0	0.0	0.0	0.0	0.0	0.0	0.0	0.0	0.0	0.0	0.0	0.0	0.0	0.0	0.0	0.0	0.0	0.0	0.0	0.0	0.0	0.0	0.0	0.0	0.0	0.0	0.0	0.0	0.0	0.0	0.0	0.0	0.0	0.0	0.0	0.0	0.0	0.0	0.0	0.0	0.0	0.0	0.0	0.0	0.0	1.0	0.0	0.0	0.0	0.0	0.0
845.7822479714004	-14.492966687358036	715347.6109835553	210.0460834008697	819.4891943498092	-39.43597600367161	671562.5396560993	1555.1962033621633	793.7227772539223	-11.979735449921236	629995.8471316796	143.51406145009955	790.5129795695075	713.7184143536886	2.136706	139.524094	7.033755806093659	3.3976886818660046	0.0044263043	0.0125862675	-0.0385996705	0.0673813672	-0.0933685241	0.019657115	-0.0217707386	0.1870461179	0.0184238045	0.0952460621	0.0963585476	0.0446170572	-0.0835949029	-0.0378558187	0.0941811387	0.0323731274	0.0273041454	0.0398303753	0.0630811891	-0.0210654155	-0.0426611671	0.0061156031	0.2213770516	0.0053959437	-0.0362300607	-0.0281626101	-0.1069752475	0.0011244161	0.0128343797	-0.0977341751	-0.0212092411	0.0448305664	0.0316927202	0.0378576471	0.0812788767	0.2088798004	0.0317227917	0.0330133331	0.036658743	-0.0026498554	0.0068517901	-0.0356186185	-0.010352572	0.0102465548	0.0255809999	-0.0030853709	0.0075044012	0.0352174514	-0.0076091106	-0.059894323	-0.076434048	0.0305066254	-0.0147171178	0.0275201215	0.0252521807	-0.0030493578	-0.0117139439	0.006360598	-0.0316457812	0.0516918355	0.0192997821	0.0015937287	0.0499436095	-0.090582166	0.0884782721	-0.0850079043	0.0802246594	-0.0742024108	0.0670341672	-0.6711479100752911	-0.3496026268460924	0.1222219966976881	0.450439517198431	1.099007496996336	-3.4267593846030167	11.742679879964845	1.207817478454151	4.945179961101601	0.6607547349937306	24.45480484768084	0.4365968198166352	0.1046398735216154	-0.0389833530723511	0.0015197018167635	0.0109495031306196	0.0233351350795554	0.0022257837156428	0.000544528529181	4.954113148820671e-06	-0.0037031937013847	-0.0107236444050224	0.0001149965493253	1.3713643589975312e-05	0.0	0.0	0.0	0.0	0.0	0.0	0.0	0.0	0.0	0.0	0.0	0.0	0.0	0.0	0.0	0.0	0.0	0.0	0.0	0.0	0.0	0.0	0.0	0.0	0.0	0.0	0.0	0.0	0.0	0.0	0.0	0.0	0.0	0.0	0.0	0.0	0.0	0.0	0.0	0.0	0.0	0.0	0.0	0.0	0.0	0.0	0.0	0.0	0.0	0.0	0.0	0.0	0.0	0.0	0.0	0.0	0.0	0.0	0.0	0.0	0.0	0.0	0.0	0.0	0.0	0.0	0.0	0.0	0.0	0.0	0.0	0.0	0.0	0.0	0.0	0.0	0.0	0.0	0.0	0.0	0.0	0.0	0.0	0.0	0.0	0.0	0.0	0.0	0.0	0.0	0.0	0.0	0.0	0.0	0.0	0.0	0.0	0.0	0.0	0.0	0.0	0.0	0.0	0.0	0.0	0.0	0.0	0.0	0.0	0.0	0.0	0.0	0.0	0.0	0.0	0.0	0.0	0.0	0.0	0.0	0.0	0.0	0.0	1.0	0.0	0.0	0.0	0.0
878.2275367298275	32.44528875842718	771283.6062705406	1052.696762617721	840.6176586398831	21.128464290073907	706638.048017199	446.4120032569283	803.4144187370528	9.691641483130413	645474.7282345963	93.92791463753424	802.0066179012098	788.873949055036	1.998108	130.473785	3.4350687727087363	1.955279006053437	0.0377394078	0.0942189276	-0.0557922022	-0.1176819403	-0.0268437965	0.129954394	-0.1702395231	-0.0905888133	-0.0300647048	0.1392246306	-0.033590003	0.1710385619	0.1642484446	-0.0087690861	0.0351676193	0.0310033016	0.1085255157	0.0351290013	-0.0773604617	-0.1278554667	-0.0175121036	0.0166375819	-0.0252930203	-0.0491495289	0.0173006425	-0.0050899996	-0.0304837534	0.0969167257	0.0447122079	-0.0266111857	0.0038063746	0.0847811428	-0.0726968987	-0.0562916856	0.0040250055	0.0045687132	-0.0451974558	0.0104292818	-0.0124327761	-0.0083523681	1.36101e-05	-0.0339502182	0.0063253626	0.036797564	-0.0166323945	-0.0642590462	0.0499449514	0.05789827	0.104232393	-0.0478475691	-0.0304075644	0.0094492107	0.0510162834	0.1281543178	-0.0136907479	0.0124888751	-0.0146550025	-0.0325591147	-0.011803518	0.019999597	0.0338909543	0.042139014	0.0723886113	-0.0907226157	0.089036165	-0.0862485974	0.0823943867	-0.0775211985	0.0716892996	-0.8707199647564323	-0.1995720546811412	0.0398290050096524	0.7581532570254428	2.147529019968829	1.048521522972493	1.099397384136556	4.611880891608278	3.826134085684544	-1.1190458754170574	14.639302041637102	1.2522636712879285	0.1071130500700134	0.002473176548398	6.11660223954585e-06	0.0114732054953011	0.0401388365800223	0.0168037015004668	0.0016111262019977	0.0002823643841167	-0.0057849020452807	-0.002081708343896	4.333509629046227e-06	3.3465091673492825e-05	0.0	0.0	0.0	0.0	0.0	0.0	0.0	0.0	0.0	0.0	0.0	0.0	0.0	0.0	0.0	0.0	0.0	0.0	0.0	0.0	0.0	0.0	0.0	0.0	0.0	0.0	0.0	0.0	0.0	0.0	0.0	0.0	0.0	0.0	0.0	0.0	0.0	0.0	0.0	0.0	0.0	0.0	0.0	0.0	0.0	0.0	0.0	0.0	0.0	0.0	0.0	0.0	0.0	0.0	0.0	0.0	0.0	0.0	0.0	0.0	0.0	0.0	0.0	0.0	0.0	0.0	0.0	0.0	0.0	0.0	0.0	0.0	0.0	0.0	0.0	0.0	0.0	0.0	0.0	0.0	0.0	0.0	0.0	0.0	0.0	0.0	0.0	0.0	0.0	0.0	0.0	0.0	0.0	0.0	0.0	0.0	0.0	0.0	0.0	0.0	0.0	0.0	0.0	0.0	0.0	0.0	0.0	0.0	0.0	0.0	0.0	0.0	0.0	0.0	0.0	0.0	0.0	0.0	0.0	0.0	0.0	0.0	0.0	0.0	1.0	0.0	0.0	0.0
905.8143268962776	27.5867901664501	820499.5948105565	761.0309916877479	899.3622943828632	58.74463574298011	808852.5365576078	3450.932228575416	827.1341339456337	23.719715208580965	684150.8755379935	562.6248895761871	824.3617091644353	849.9038081181844	1.459934	95.331757	1.3064220771378268	0.5188480466905708	0.0637764107	0.0763008731	0.0698202913	-0.0375184999	0.1179688226	0.0615583752	-0.03783798	0.0331933397	-0.009123965	-0.0419571669	0.024913742	-0.0525913756	0.0410840294	0.1023883914	-0.0190743372	-0.0279442274	0.010945907	-0.0500757797	0.0141187929	0.0226699589	0.0053457911	-0.0034614291	-0.0351014509	-0.101525224	-0.0157854254	0.0968646348	0.0277705713	-0.0013051157	-0.0314041964	-0.0085502622	-0.0333888141	0.0134014909	-0.0015220365	0.0807837445	-0.0232946777	0.0296088977	-0.0448040378	-0.0442162546	-0.0359810178	0.0240820724	-0.007442922	-0.0320697166	0.0259206207	0.0629423164	-0.0602307338	-0.1104171	0.0744491953	0.072780143	0.1061589499	-0.0167510267	0.0118103086	0.0496432573	0.0222732307	0.1856025621	-0.0290391803	0.0865826915	0.0162940338	-0.0496431807	0.0457419516	-0.0167135067	0.045870792	0.01594504	0.0161452625	-0.0908475206	0.089533037	-0.0873563013	0.0843382767	-0.0805080284	0.0759024438	-0.74816592082135	0.1225540439350822	0.015019493684842	0.5597522450784586	2.4798141068831683	0.3322850869143394	0.1104133789856701	6.149478004696766	3.481623586639529	-0.3445104990450152	12.121702799044696	0.1186874839522454	0.1083728164207957	0.0012597663507823	1.5870112585633567e-06	0.0117446673389754	0.0347659057180556	-0.0053729308619666	0.0012086682003967	2.88683860474742e-05	-0.0022761503131619	0.0035087517321188	1.231133871764668e-05	5.180860248107015e-06	0.0	0.0	0.0	0.0	0.0	0.0	0.0	0.0	0.0	0.0	0.0	0.0	0.0	0.0	0.0	0.0	0.0	0.0	0.0	0.0	0.0	0.0	0.0	0.0	0.0	0.0	0.0	0.0	0.0	0.0	0.0	0.0	0.0	0.0	0.0	0.0	0.0	0.0	0.0	0.0	0.0	0.0	0.0	0.0	0.0	0.0	0.0	0.0	0.0	0.0	0.0	0.0	0.0	0.0	0.0	0.0	0.0	0.0	0.0	0.0	0.0	0.0	0.0	0.0	0.0	0.0	0.0	0.0	0.0	0.0	0.0	0.0	0.0	0.0	0.0	0.0	0.0	0.0	0.0	0.0	0.0	0.0	0.0	0.0	0.0	0.0	0.0	0.0	0.0	0.0	0.0	0.0	0.0	0.0	0.0	0.0	0.0	0.0	0.0	0.0	0.0	0.0	0.0	0.0	0.0	0.0	0.0	0.0	0.0	0.0	0.0	0.0	0.0	0.0	0.0	0.0	0.0	0.0	0.0	0.0	0.0	0.0	0.0	0.0	0.0	1.0	0.0	0.0
879.2143790257103	-26.599947870567348	773017.9242855654	707.5572267169005	844.3434650371601	-55.018829345703125	712915.8869509579	3027.071582571604	813.7328659951503	-13.40126795048343	662161.1772006812	179.59398268065434	811.0618821238575	808.9453402512868	0.91036	59.44529	0.2239138443006312	0.0935306250308009	0.046111428	0.092142879	-0.0020119905	-0.005670892	-0.0460189786	0.0303484522	9.78492e-05	0.0328060539	0.0475582238	0.0113296093	0.0695703107	-0.0490370049	-0.0044871511	0.038595352	0.0032660973	-0.0143111252	0.054903477	-0.0462741213	0.0009082808	-0.0352330822	-0.0053237373	-0.019168112	-0.0014060993	-0.0209343696	0.0075495349	0.0406542651	-0.0010358013	0.0467779339	-0.0106942584	0.0080668193	-0.0449535487	0.0354145864	-0.0126132522	0.0244213605	0.0335141104	0.0193047084	-0.010131785	0.0112078902	-0.021235702	0.0106001063	-0.0023124045	-0.0353518121	0.0148538154	0.0520162751	-0.0465096771	-0.0879821651	0.0622320571	0.0767165862	0.1120461431	-0.0294542515	-0.0034323803	0.0334986275	0.0310729031	0.1624108474	-0.0307987212	0.05429667	0.0102479348	-0.0349219405	0.0266447231	-0.0034239747	0.0320116342	0.0270996765	0.029331549	-0.0909568593	0.0899685475	-0.0883293083	0.0860510014	-0.0831501106	0.0796476241	-0.7273747486364499	0.0207911721849001	0.0004322728408221	0.5290740249539387	2.5489666574920733	0.069152550608905	0.0047820752557171	6.497231021006312	3.536395690172455	0.054772103532926	12.506094477470311	0.0029999833254215	0.1087957951815547	0.000422978760759	1.7891103205322098e-07	0.0118365250491868	0.0341107943357965	-0.000655111382259	0.001163546290219	4.291709231654277e-07	-0.001770280096702	0.0005058702164598	2.5590467590118585e-07	3.1338916207792422e-06	0.0	0.0	0.0	0.0	0.0	0.0	0.0	0.0	0.0	0.0	0.0	0.0	0.0	0.0	0.0	0.0	0.0	0.0	0.0	0.0	0.0	0.0	0.0	0.0	0.0	0.0	0.0	0.0	0.0	0.0	0.0	0.0	0.0	0.0	0.0	0.0	0.0	0.0	0.0	0.0	0.0	0.0	0.0	0.0	0.0	0.0	0.0	0.0	0.0	0.0	0.0	0.0	0.0	0.0	0.0	0.0	0.0	0.0	0.0	0.0	0.0	0.0	0.0	0.0	0.0	0.0	0.0	0.0	0.0	0.0	0.0	0.0	0.0	0.0	0.0	0.0	0.0	0.0	0.0	0.0	0.0	0.0	0.0	0.0	0.0	0.0	0.0	0.0	0.0	0.0	0.0	0.0	0.0	0.0	0.0	0.0	0.0	0.0	0.0	0.0	0.0	0.0	0.0	0.0	0.0	0.0	0.0	0.0	0.0	0.0	0.0	0.0	0.0	0.0	0.0	0.0	0.0	0.0	0.0	0.0	0.0	0.0	0.0	0.0	0.0	0.0	0.0	0.0
891.8443894890183	12.630010463308054	795386.4150630399	159.5171643032709	887.9539822169712	43.610517179811154	788462.2745349773	1901.877208690604	822.6556596589357	8.922793663785455	676762.3343688787	79.61624676648987	822.1029708542344	819.7014819482167	0.734788	47.980686	0.2266608469985501	0.1044523753374392	0.0521829057	0.0802973295	0.0709014888	-0.0141909798	0.0609862502	0.0294957333	0.0233536376	0.024650381	0.0152846447	0.0006567913	-0.0059989444	-0.1294303606	-0.0052308719	0.0783230915	-0.0178049213	-0.0238606454	-0.0016349501	-0.037186158	0.0114978259	0.0206270517	0.0066231682	0.0009118288	0.0077129326	-0.0903229089	0.0022876329	0.079780304	0.0205064657	-0.0062492519	-0.030951415	-0.0048664815	-0.0241102451	0.0129060366	0.0022586638	0.0713402123	-0.0028670621	0.0380167361	-0.0121804779	-0.0144262337	0.0009711302	0.020490097	-0.0084842272	-0.0325723552	0.0217263334	0.0567345195	-0.0500586455	-0.0977767055	0.0684003169	0.0739578278	0.0973202051	-0.0188845716	0.0070310431	0.0502326618	0.0105454691	0.1744394268	-0.030561314	0.0734679936	0.0132060101	-0.0426205101	0.0422741726	-0.0109269045	0.0312430072	0.0237344786	0.0155837774	-0.0910506129	0.0903423981	-0.0891661178	0.0875278662	-0.0854361313	0.0829017503	-0.6914864025644931	0.0358883460719567	0.0012879733837805	0.4781534449315842	2.570359501391806	0.0213928438997328	0.0004576537701183	6.606747966395134	3.5782325160401456	0.0418368258676906	12.80374793884699	0.0017503199986834	0.1096703394774102	0.0008745442958554	7.648277254133883e-07	0.0120275833610903	0.0324528566725386	-0.0016579376632578	0.0010531879062083	2.74875729524906e-06	-0.001751905432632	1.8374664069999986e-05	3.376282796853483e-10	3.0691726448855154e-06	0.0	0.0	0.0	0.0	0.0	0.0	0.0	0.0	0.0	0.0	0.0	0.0	0.0	0.0	0.0	0.0	0.0	0.0	0.0	0.0	0.0	0.0	0.0	0.0	0.0	0.0	0.0	0.0	0.0	0.0	0.0	0.0	0.0	0.0	0.0	0.0	0.0	0.0	0.0	0.0	0.0	0.0	0.0	0.0	0.0	0.0	0.0	0.0	0.0	0.0	0.0	0.0	0.0	0.0	0.0	0.0	0.0	0.0	0.0	0.0	0.0	0.0	0.0	0.0	0.0	0.0	0.0	0.0	0.0	0.0	0.0	0.0	0.0	0.0	0.0	0.0	0.0	0.0	0.0	0.0	0.0	0.0	0.0	0.0	0.0	0.0	0.0	0.0	0.0	0.0	0.0	0.0	0.0	0.0	0.0	0.0	0.0	0.0	0.0	0.0	0.0	0.0	0.0	0.0	0.0	0.0	0.0	0.0	0.0	0.0	0.0	0.0	0.0	0.0	0.0	0.0	0.0	0.0	0.0	0.0	0.0	0.0	0.0	0.0	0.0	0.0	0.0	0.0
880.803779720764	-11.040609768254283	775815.2983703843	121.89506405487194	856.3285557883127	-31.62542642865856	733298.5954584973	1000.1675967944952	812.8587542981797	-9.796905360756	660739.3544391885	95.97935464760964	810.4797813652739	798.7103422606787	0.675376	44.101177	0.1558021338811327	0.1288328226973122	0.0450740822	0.0831854636	0.0223044306	0.0035623276	0.0015065149	-0.0117206886	-8.0687e-05	0.0427997071	0.0442989267	0.0129679207	0.0536875561	-0.1138297254	0.0015942632	0.03179211	0.0012409283	-0.0009361097	0.0431650988	-0.0469399471	-0.022028862	-0.0471921056	-0.0146667275	-0.0355747159	-0.0249305366	-0.027579711	0.0040687573	0.0323395803	0.0016209031	0.0321472751	-3.34257e-05	0.0017419791	-0.045201528	0.031660462	-0.0244816414	0.0131658201	0.0316607219	0.0088127971	-0.036283479	0.0107583322	-0.0330010079	0.0161854863	-0.0020634097	-0.0378393963	0.0193643144	0.0537486131	-0.0407927343	-0.0813979656	0.0653931346	0.0695777111	0.1144698163	-0.0266501985	0.0004493926	0.0499650322	0.0236679837	0.1691911719	-0.0393835239	0.0575295836	0.0154712352	-0.02799387	0.0276884254	0.0002285423	0.0149608278	0.0211258377	0.0254710369	-0.0911287655	0.0906543325	-0.0898654396	0.0887648233	-0.0873563013	0.0856447597	-0.6955772883088258	-0.0040908857443326	1.673534617318447e-05	0.4838277640110593	2.574198091678525	0.003838590286719	1.4734775389293976e-05	6.626495815201361	3.645280163939802	0.0670476478996562	13.288067473612989	0.0044953870888762	0.1082588090702508	-0.0014115304071593	1.992418090335575e-06	0.011719969741309	0.0326235286097988	0.0001706719372601	0.0010642946189543	2.9128910168148706e-08	-0.0017176075780431	3.429785458890005e-05	1.1763428294013323e-09	2.950175792151084e-06	0.0	0.0	0.0	0.0	0.0	0.0	0.0	0.0	0.0	0.0	0.0	0.0	0.0	0.0	0.0	0.0	0.0	0.0	0.0	0.0	0.0	0.0	0.0	0.0	0.0	0.0	0.0	0.0	0.0	0.0	0.0	0.0	0.0	0.0	0.0	0.0	0.0	0.0	0.0	0.0	0.0	0.0	0.0	0.0	0.0	0.0	0.0	0.0	0.0	0.0	0.0	0.0	0.0	0.0	0.0	0.0	0.0	0.0	0.0	0.0	0.0	0.0	0.0	0.0	0.0	0.0	0.0	0.0	0.0	0.0	0.0	0.0	0.0	0.0	0.0	0.0	0.0	0.0	0.0	0.0	0.0	0.0	0.0	0.0	0.0	0.0	0.0	0.0	0.0	0.0	0.0	0.0	0.0	0.0	0.0	0.0	0.0	0.0	0.0	0.0	0.0	0.0	0.0	0.0	0.0	0.0	0.0	0.0	0.0	0.0	0.0	0.0	0.0	0.0	0.0	0.0	0.0	0.0	0.0	0.0	0.0	0.0	0.0	0.0	0.0	0.0	0.0	0.0
900.2693442879988	19.465564567234765	810484.8922647433	378.90820392118553	886.543407390644	30.21485160233135	785959.2131878134	912.9372573509054	824.2858620121202	11.427107713940472	679447.1823130641	130.57879070599785	822.826798952755	823.2729396699269	0.7579979999999998	49.496284	0.1686996326107071	0.0771027501265708	0.053314146	0.0702896406	0.0636026676	-0.0250980443	0.0464774269	0.0314167317	0.0244269707	0.0411680841	-2.6208e-05	-0.0153535373	0.0228449086	-0.0613372346	-0.0208970565	0.0848256203	-0.0081684298	-0.0391830773	-0.0176253139	-0.0316075243	0.0004905295	0.0248448856	0.0167451204	-0.0063350718	0.01580649	-0.074983004	-0.0022625872	0.0838255213	0.0125008483	-0.0183608963	-0.045403365	0.0037439948	-0.0078443321	0.0230772628	0.0035181639	0.0800042438	0.001399021	0.0422801143	-0.0152393554	-0.0039889074	0.0025141597	0.0141160391	-0.0141997326	-0.0393110762	0.0197433372	0.0551811314	-0.0417897513	-0.0991733088	0.0678168977	0.0792998252	0.0882370333	-0.0145382927	0.0093127438	0.0455880051	0.014510592	0.1751690074	-0.0179622464	0.0747006433	0.0188213068	-0.043764044	0.0291385245	-0.0098505121	0.0326259075	0.0212710934	0.0188180397	-0.0911913037	0.090904137	-0.0904261954	0.0897584821	-0.0889023983	0.0878597406	-0.6812499605106268	0.014327327798199	0.000205272321837	0.4641015086957306	2.5607046433735405	-0.0134934483049846	0.0001820731471592	6.557208270594812	3.5900974193963435	-0.0551827445434582	12.888799480756283	0.0030451352953485	0.1079352681672152	-0.0003235409030356	1.0467871593709269e-07	0.0116500221143286	0.0314169766576453	-0.0012065519521535	0.000987026422307	1.4557676132454266e-06	-0.0015337781939509	0.0001838293840922	3.379324245571761e-08	2.352475548239285e-06	0.0	0.0	0.0	0.0	0.0	0.0	0.0	0.0	0.0	0.0	0.0	0.0	0.0	0.0	0.0	0.0	0.0	0.0	0.0	0.0	0.0	0.0	0.0	0.0	0.0	0.0	0.0	0.0	0.0	0.0	0.0	0.0	0.0	0.0	0.0	0.0	0.0	0.0	0.0	0.0	0.0	0.0	0.0	0.0	0.0	0.0	0.0	0.0	0.0	0.0	0.0	0.0	0.0	0.0	0.0	0.0	0.0	0.0	0.0	0.0	0.0	0.0	0.0	0.0	0.0	0.0	0.0	0.0	0.0	0.0	0.0	0.0	0.0	0.0	0.0	0.0	0.0	0.0	0.0	0.0	0.0	0.0	0.0	0.0	0.0	0.0	0.0	0.0	0.0	0.0	0.0	0.0	0.0	0.0	0.0	0.0	0.0	0.0	0.0	0.0	0.0	0.0	0.0	0.0	0.0	0.0	0.0	0.0	0.0	0.0	0.0	0.0	0.0	0.0	0.0	0.0	0.0	0.0	0.0	0.0	0.0	0.0	0.0	0.0	0.0	0.0	0.0	0.0
879.1251820568051	-21.14416223119372	772861.0857264107	447.0755964590389	859.3518521197431	-27.19155527090095	738485.6057416328	739.3806780504611	809.5958753156515	-14.689986696468736	655445.4813281159	215.79570914242845	806.9954360884682	801.1532572631836	0.948803	61.955616	0.2489999929472164	0.1373474200344565	0.0415884986	0.0737432788	0.0237371165	0.0243567892	-0.0069679583	-0.0240423059	0.0042212828	0.0055755316	-0.0036352696	-0.0091884983	0.0402064874	-0.0423981907	0.0713872427	0.0160734667	0.0099535287	0.0035272324	0.0583664903	-0.0419287963	-0.0033343133	-0.070107652	-0.0253379489	-0.0081336015	-0.0889373563	-0.0243193173	-0.0358666739	0.0148288866	-0.0057542429	0.0451696276	0.0066420329	0.001547008	-0.0706645468	0.0362053795	-0.0219788892	-0.0200095456	-0.0173311902	-0.0313723402	-0.0628713616	0.0527161734	-0.0432304836	0.0140438574	-0.0011069537	-0.0349349685	0.0205008255	0.0442504681	-0.0498133157	-0.0780535935	0.0664454423	0.0737720431	0.1167052376	-0.0278679028	0.0023694312	0.0518466195	0.0126056521	0.1649556074	-0.040112255	0.058001578	0.0087091995	-0.0381984495	0.0309011317	-0.010012633	0.0092520501	0.032541199	0.0255995341	-0.0912382167	0.0910916402	-0.0908475206	0.0905061192	-0.0900678015	0.089533037	-0.6771084589450851	0.0041415015655417	1.7152035217384487e-05	0.458475865174988	2.6299558997810664	0.0692512564075258	0.0047957365140208	6.916668034793238	3.722301622788762	0.1322042033924186	13.855529371015852	0.017477951394624	0.1083931740464009	0.0004579058791857	2.0967779419283338e-07	0.0117490801798533	0.0310598470482883	-0.000357129609357	0.000964714098663	1.275415578794835e-07	-0.0015868033370428	-5.302514309190004e-05	2.811665799916474e-09	2.517944830450166e-06	0.0	0.0	0.0	0.0	0.0	0.0	0.0	0.0	0.0	0.0	0.0	0.0	0.0	0.0	0.0	0.0	0.0	0.0	0.0	0.0	0.0	0.0	0.0	0.0	0.0	0.0	0.0	0.0	0.0	0.0	0.0	0.0	0.0	0.0	0.0	0.0	0.0	0.0	0.0	0.0	0.0	0.0	0.0	0.0	0.0	0.0	0.0	0.0	0.0	0.0	0.0	0.0	0.0	0.0	0.0	0.0	0.0	0.0	0.0	0.0	0.0	0.0	0.0	0.0	0.0	0.0	0.0	0.0	0.0	0.0	0.0	0.0	0.0	0.0	0.0	0.0	0.0	0.0	0.0	0.0	0.0	0.0	0.0	0.0	0.0	0.0	0.0	0.0	0.0	0.0	0.0	0.0	0.0	0.0	0.0	0.0	0.0	0.0	0.0	0.0	0.0	0.0	0.0	0.0	0.0	0.0	0.0	0.0	0.0	0.0	0.0	0.0	0.0	0.0	0.0	0.0	0.0	0.0	0.0	0.0	0.0	0.0	0.0	0.0	0.0	0.0	0.0	0.0
827.133745844409	-51.99143621239614	684150.2335146033	2703.1094394276565	804.2126459394183	-55.13920618032478	646757.9798888802	3040.3320581963662	770.4944330040989	-39.10144231155255	593661.6712903079	1528.9227908436717	764.9697564180916	591.7488591828619	1.915152	125.056892	5.544191781351512	2.6314037513526114	-0.0842259034	-0.1417405057	-0.1019401123	0.0280640824	0.0638081268	-0.1142565608	-0.0572786529	-0.0804179335	0.0234912243	-0.1204420493	0.0406014512	0.0398974965	0.0270006467	-0.1760945185	-0.0281913086	-0.0011226752	0.0222985995	-0.1898820402	0.0816709382	0.0328495272	0.0378707231	-0.0277772575	-0.0386011061	0.2252921281	-0.1681691374	-0.1777367542	0.0170528019	0.0280216643	0.0056593464	0.1325218429	-0.120191607	-0.0827770309	0.0738527311	-0.0075575006	-0.0070556377	0.0080745981	-0.0814736461	0.0684339364	-0.1864510216	-0.0294792183	-0.0272221693	-0.0022280549	-0.0184447923	-0.0076182116	0.0195419942	-0.0027426378	0.026387819	0.0442778119	-0.0371035647	0.0285838268	-0.0304128224	-0.0846701236	-0.0304218715	-0.0182284488	0.0049372864	0.0200316499	-0.0911868313	-0.046658208	0.0136211497	0.032383638	-0.0550960349	-0.0390687587	0.015873055	-0.0912694965	0.0912167139	-0.0911287655	0.0910056853	-0.0908475206	0.0906543325	-0.9428858323952908	-0.2657773734502057	0.0706376122380901	0.8890336929317604	4.051888929014424	1.421933029233358	2.021893539624754	16.41780389306966	6.446464493914952	2.72416287112619	41.55690447130616	7.421063348422487	0.1288536633309124	0.0204604892845114	0.0004186316217616	0.0166032665537961	0.0290509231273421	-0.0020089239209461	0.0008439561345507	4.0357753201498425e-06	-0.0014098463916653	0.0001769569453775	3.1313760517335545e-08	1.9876668480916664e-06	0.0	0.0	0.0	0.0	0.0	0.0	0.0	0.0	0.0	0.0	0.0	0.0	0.0	0.0	0.0	0.0	0.0	0.0	0.0	0.0	0.0	0.0	0.0	0.0	0.0	0.0	0.0	0.0	0.0	0.0	0.0	0.0	0.0	0.0	0.0	0.0	0.0	0.0	0.0	0.0	0.0	0.0	0.0	0.0	0.0	0.0	0.0	0.0	0.0	0.0	0.0	0.0	0.0	0.0	0.0	0.0	0.0	0.0	0.0	0.0	0.0	0.0	0.0	0.0	0.0	0.0	0.0	0.0	0.0	0.0	0.0	0.0	0.0	0.0	0.0	0.0	0.0	0.0	0.0	0.0	0.0	0.0	0.0	0.0	0.0	0.0	0.0	0.0	0.0	0.0	0.0	0.0	0.0	0.0	0.0	0.0	0.0	0.0	0.0	0.0	0.0	0.0	0.0	0.0	0.0	0.0	0.0	0.0	0.0	0.0	0.0	0.0	0.0	0.0	0.0	0.0	0.0	0.0	0.0	0.0	0.0	0.0	0.0	0.0	0.0	0.0	1.0	0.0
880.6450548453723	53.511309000963365	775535.7126236089	2863.4601909965827	896.3555317172757	92.14288577785736	803453.23924016	8490.311399471271	813.0783604213169	42.58392741721798	661096.4201854169	1813.390874274889	813.3188411908484	593.9511909249226	2.010791	131.301971	3.143687573717424	1.1394098516736704	-0.0887024163	-0.1930062134	0.0699249555	-0.0711498244	-0.0447678534	0.0179581821	0.0211008054	0.0044081295	-0.1292913875	0.0603743727	-0.0029069011	0.0670038359	0.1081077884	0.0239717542	0.0014154955	-0.0599486607	0.0549185107	-0.0181373482	-0.0029139989	-0.1018399435	0.0330061225	0.0048675519	-0.0844440806	0.0137856688	-0.1226390176	0.0280335675	0.0083622528	0.0437534273	-0.054243045	0.0662161376	-0.0393225339	0.0455801377	0.005176545	-0.0763102842	-0.0008170607	-0.0174328839	-0.1104668989	0.0998653751	-0.0371069796	-0.0417454561	-0.0159645295	0.0074861658	0.0169761561	-0.0890643125	0.0366425672	0.0670439814	-0.0103287806	-0.0147001741	-0.0854149127	0.0022620058	-0.070027192	-0.0722624521	-0.0264062762	-0.037386812	-0.0756164599	-0.050910026	0.0432449686	-0.0311681612	-0.0374137647	-0.0023273687	-0.0635483846	0.0019630494	0.0309567251	-0.0912851377	0.0912792721	-0.0912694965	0.0912558111	-0.0912382167	0.0912167139	-1.1078493387363153	-0.1649635063410245	0.0272129584243252	1.2273301573384912	4.895629683484884	0.8437407544704598	0.7118984607543808	23.96718999781831	7.311287968608042	0.8648234746930896	53.45493175991271	0.747919642380229	0.1421412132761745	0.0132875499452621	0.0001765589835478	0.0202041245116229	0.0354132483602918	0.0063623252329496	0.0012540981594277	4.047918236982841e-05	0.0043434751943799	0.0057533215860452	3.3100709272453654e-05	1.8865776764193507e-05	0.0	0.0	0.0	0.0	0.0	0.0	0.0	0.0	0.0	0.0	0.0	0.0	0.0	0.0	0.0	0.0	0.0	0.0	0.0	0.0	0.0	0.0	0.0	0.0	0.0	0.0	0.0	0.0	0.0	0.0	0.0	0.0	0.0	0.0	0.0	0.0	0.0	0.0	0.0	0.0	0.0	0.0	0.0	0.0	0.0	0.0	0.0	0.0	0.0	0.0	0.0	0.0	0.0	0.0	0.0	0.0	0.0	0.0	0.0	0.0	0.0	0.0	0.0	0.0	0.0	0.0	0.0	0.0	0.0	0.0	0.0	0.0	0.0	0.0	0.0	0.0	0.0	0.0	0.0	0.0	0.0	0.0	0.0	0.0	0.0	0.0	0.0	0.0	0.0	0.0	0.0	0.0	0.0	0.0	0.0	0.0	0.0	0.0	0.0	0.0	0.0	0.0	0.0	0.0	0.0	0.0	0.0	0.0	0.0	0.0	0.0	0.0	0.0	0.0	0.0	0.0	0.0	0.0	0.0	0.0	0.0	0.0	0.0	0.0	0.0	0.0	0.0	1.0
