global_signal	global_signal_derivative1	global_signal_power2	global_signal_derivative1_power2	csf	csf_derivative1	csf_power2	csf_derivative1_power2	white_matter	white_matter_derivative1	white_matter_derivative1_power2	white_matter_power2	csf_wm	tcompcor	std_dvars	dvars	framewise_displacement	rmsd	t_comp_cor_00	t_comp_cor_01	t_comp_cor_02	t_comp_cor_03	t_comp_cor_04	t_comp_cor_05	t_comp_cor_06	t_comp_cor_07	t_comp_cor_08	t_comp_cor_09	c_comp_cor_00	c_comp_cor_01	c_comp_cor_02	c_comp_cor_03	c_comp_cor_04	c_comp_cor_05	c_comp_cor_06	c_comp_cor_07	c_comp_cor_08	c_comp_cor_09	c_comp_cor_10	c_comp_cor_11	c_comp_cor_12	c_comp_cor_13	c_comp_cor_14	c_comp_cor_15	c_comp_cor_16	c_comp_cor_17	w_comp_cor_00	w_comp_cor_01	w_comp_cor_02	w_comp_cor_03	w_comp_cor_04	w_comp_cor_05	w_comp_cor_06	w_comp_cor_07	w_comp_cor_08	w_comp_cor_09	w_comp_cor_10	w_comp_cor_11	w_comp_cor_12	w_comp_cor_13	w_comp_cor_14	w_comp_cor_15	w_comp_cor_16	w_comp_cor_17	w_comp_cor_18	w_comp_cor_19	w_comp_cor_20	w_comp_cor_21	w_comp_cor_22	w_comp_cor_23	w_comp_cor_24	w_comp_cor_25	w_comp_cor_26	w_comp_cor_27	w_comp_cor_28	w_comp_cor_29	w_comp_cor_30	w_comp_cor_31	w_comp_cor_32	w_comp_cor_33	w_comp_cor_34	w_comp_cor_35	w_comp_cor_36	w_comp_cor_37	w_comp_cor_38	w_comp_cor_39	w_comp_cor_40	w_comp_cor_41	w_comp_cor_42	w_comp_cor_43	w_comp_cor_44	w_comp_cor_45	w_comp_cor_46	w_comp_cor_47	w_comp_cor_48	w_comp_cor_49	w_comp_cor_50	w_comp_cor_51	w_comp_cor_52	w_comp_cor_53	w_comp_cor_54	w_comp_cor_55	w_comp_cor_56	w_comp_cor_57	w_comp_cor_58	w_comp_cor_59	w_comp_cor_60	w_comp_cor_61	w_comp_cor_62	w_comp_cor_63	w_comp_cor_64	w_comp_cor_65	w_comp_cor_66	w_comp_cor_67	w_comp_cor_68	w_comp_cor_69	w_comp_cor_70	w_comp_cor_71	w_comp_cor_72	w_comp_cor_73	a_comp_cor_00	a_comp_cor_01	a_comp_cor_02	a_comp_cor_03	a_comp_cor_04	a_comp_cor_05	a_comp_cor_06	a_comp_cor_07	a_comp_cor_08	a_comp_cor_09	a_comp_cor_10	a_comp_cor_11	a_comp_cor_12	a_comp_cor_13	a_comp_cor_14	a_comp_cor_15	a_comp_cor_16	a_comp_cor_17	a_comp_cor_18	a_comp_cor_19	a_comp_cor_20	a_comp_cor_21	a_comp_cor_22	a_comp_cor_23	a_comp_cor_24	a_comp_cor_25	a_comp_cor_26	a_comp_cor_27	a_comp_cor_28	a_comp_cor_29	a_comp_cor_30	a_comp_cor_31	a_comp_cor_32	a_comp_cor_33	a_comp_cor_34	a_comp_cor_35	a_comp_cor_36	a_comp_cor_37	a_comp_cor_38	a_comp_cor_39	a_comp_cor_40	a_comp_cor_41	a_comp_cor_42	a_comp_cor_43	a_comp_cor_44	a_comp_cor_45	a_comp_cor_46	a_comp_cor_47	a_comp_cor_48	a_comp_cor_49	a_comp_cor_50	a_comp_cor_51	a_comp_cor_52	a_comp_cor_53	a_comp_cor_54	a_comp_cor_55	a_comp_cor_56	a_comp_cor_57	a_comp_cor_58	a_comp_cor_59	a_comp_cor_60	a_comp_cor_61	a_comp_cor_62	a_comp_cor_63	a_comp_cor_64	a_comp_cor_65	a_comp_cor_66	a_comp_cor_67	a_comp_cor_68	a_comp_cor_69	a_comp_cor_70	a_comp_cor_71	a_comp_cor_72	a_comp_cor_73	edge_comp_00	edge_comp_01	edge_comp_02	edge_comp_03	edge_comp_04	edge_comp_05	edge_comp_06	edge_comp_07	edge_comp_08	edge_comp_09	edge_comp_10	edge_comp_11	edge_comp_12	edge_comp_13	edge_comp_14	edge_comp_15	edge_comp_16	edge_comp_17	edge_comp_18	edge_comp_19	edge_comp_20	edge_comp_21	edge_comp_22	edge_comp_23	cosine00	cosine01	cosine02	cosine03	cosine04	cosine05	trans_x	trans_x_derivative1	trans_x_derivative1_power2	trans_x_power2	trans_y	trans_y_derivative1	trans_y_derivative1_power2	trans_y_power2	trans_z	trans_z_derivative1	trans_z_derivative1_power2	trans_z_power2	rot_x	rot_x_derivative1	rot_x_power2	rot_x_derivative1_power2	rot_y	rot_y_derivative1	rot_y_power2	rot_y_derivative1_power2	rot_z	rot_z_derivative1	rot_z_derivative1_power2	rot_z_power2
765.8709559582345	n/a	586558.32118038	n/a	981.5005230470138	n/a	963343.2767415616	n/a	780.9688960582287	n/a	n/a	609912.4166104083	803.7484269920811	696.7706450065202	n/a	n/a	n/a	n/a	-0.0816467656	0.0284282258	-0.0556804139	0.0281095122	-0.006926455	0.1114027505	-0.0013011872	0.0292421459	-0.0550870237	0.1435980755	0.0924047715	-0.0624724077	0.0038047124	-0.0505909943	0.0641000766	-0.0010428988	0.0060831543	-0.0550064258	0.0858200774	-0.011148675	0.0923355464	-0.1704598267	0.2282106032	0.0600225725	-0.028994341	0.1981759911	-0.02371269	0.102450017	0.0913942051	-0.0469930525	-0.0116937222	0.0205752252	-0.0481906536	0.0496605276	-0.0911507101	0.0145702159	-0.0795353052	0.0133450667	-0.0024258827	0.1215858523	-0.0060965072	0.0469457409	0.0752811091	-0.014912384	0.0877037668	0.0984837345	-0.0001703781	0.0487266363	-0.0157685081	0.0726901177	-0.0502207945	0.0050818834	-0.05093039	0.0106266991	-0.0085791399	0.0054780873	-0.065033988	0.0415166412	-0.0279267344	0.002488702	-0.0524514006	-0.0066590451	0.0615276097	-0.0454046493	0.0919198613	-0.0071108031	-0.0109803214	0.051190114	-0.0767764557	0.1328938842	-0.03348158	0.0151352758	0.0383772776	-0.0737692941	-0.1008539733	0.024400031	0.0824899819	-0.0100535629	-0.0714787683	0.0494335219	0.0022546252	-0.0276890827	-0.0552106526	0.0399140908	0.0542624478	-0.123369999	-0.0174846649	-0.0744547657	0.0881829169	-0.078402001	-0.0054997678	-0.0073450257	0.0674883822	0.0264679955	-0.0684032308	-0.0387946626	0.1134598967	-0.0619207158	-0.0364058349	-0.0042208223	-0.0229788172	0.0569381854	0.0803365374	-0.0804539662	0.0051408881	0.0211155229	-0.016911426	0.046850594	-0.0248278681	0.0575273892	-0.0239096338	0.0131547783	-0.1250597762	0.1163224975	-0.0771800114	0.0030194748	-0.0613301629	0.104236355	-0.0079704747	0.0550433133	0.0350882713	0.1026625322	-0.0234255775	0.0987601519	-0.091599642	0.084643882	-0.1323037688	0.0558491779	-0.037792618	0.078640726	-0.0714397532	0.0162673441	-0.101284973	0.027701106	-0.0056239566	0.0056028735	-0.0212626562	0.0703742046	-0.0165193467	0.0132794733	0.114999284	-0.0712911892	0.0199445798	0.0230201995	-0.0929547227	-0.0262120753	0.0932930416	-0.0065394559	-0.0873064701	0.0743370186	0.0116067652	-0.0498520183	-0.039776919	0.0089533706	0.1837871269	-0.0394226671	-0.0060694206	-0.0126780732	0.0640395717	0.0307524207	-0.0707770789	0.0328179616	-0.0590307514	-0.0447373524	-0.1139621126	0.0812901086	0.0031825688	-0.0137064671	-0.0077073494	-0.0033803329	0.1827341149	0.0759922834	-0.0710133858	-0.0271526944	0.0135787323	0.0051329027	0.0085192726	-0.0708161136	0.1776346102	-0.0086332648	-0.0040521108	0.0813018252	-0.1650767837	0.0858049801	-0.0986953944	0.0031706438	-0.02063935	0.0337531207	0.0576052793	-0.1410555249	0.1109819937	-0.0454146341	0.1493838309	-0.0048034754	0.1201868601	-0.1651876501	0.0061256545	-0.0808894534	0.056924889	-0.1081079743	0.0912851377	0.0912792721	0.0912694965	0.0912558111	0.0912382167	0.0912167139	-0.0848948180147459	n/a	n/a	0.0072071301257568	-0.0492908328691044	n/a	n/a	0.0024295862049299	0.1066760047741866	n/a	n/a	0.0113797699945822	0.0015632657562158	n/a	2.4437998245569568e-06	n/a	-0.0010698464863947	n/a	1.1445715044510853e-06	n/a	-0.0004411646019409	n/a	n/a	1.9462620600567278e-07
765.1565581577024	-0.7143978005320832	585464.5584917414	0.5103642174050782	980.0170930082148	-1.4834300387989288	960433.502588272	2.2005646800109915	781.8571603906763	0.8882643324476476	0.789013524298665	611300.6192541717	804.443549488912	695.0531882159096	1.020403	29.207308	0.1457368394409164	0.0731756710640764	-0.0480170698	0.0104499898	0.0406422838	0.1367443041	0.0571212564	0.0057481192	-0.0192770119	-0.0264986028	-0.0503667495	-0.0098459008	0.0035588624	-0.1088533738	0.0557075971	-0.0621829392	0.0586367779	0.0112238073	0.0855861312	0.0758162885	-0.0365525083	0.0593555221	0.0173782988	-0.0281630923	0.023261114	0.1769968711	0.1142194627	0.0578716254	-0.0889411247	7.24076e-05	0.0683504318	-0.0033440603	0.0781341187	0.0116939036	-0.0627809207	0.0210125081	-0.0686029467	-0.0357470293	0.0788790173	-0.056599285	0.0375479319	-0.0720149631	-0.0252035274	0.1013120916	-0.016963266	0.0145407074	0.0455877739	-0.0281712269	0.0447904714	0.0428213131	0.0387608472	0.013534356	-0.1002418768	-0.0564377399	-0.0758214339	-0.1435964376	-0.0046489597	-0.0259626208	-0.0137687098	-0.0240349026	0.060924251	-0.0528686228	0.0364447242	0.0180832081	0.1261700366	0.0667161029	-0.0833405585	0.0153833034	-0.040850859	0.0638019594	-0.0261497146	0.0903494815	-0.0332038673	-0.0115367878	0.0377123459	0.0460523966	-0.0032068503	0.0322687812	0.1380916326	0.0556340208	-0.0696585366	-0.0583635274	-0.0420463332	-0.0747794506	0.0254534043	-0.0068558717	-0.0379754228	-0.0602497157	0.0438752366	-0.006381504	0.1094475389	-0.0746030363	0.037773041	-0.1869075909	0.0917755376	-0.048213177	-0.0104622506	-0.0236535796	0.020713043	-0.0331101136	-0.197201646	0.0770861258	0.0333905354	0.0684818796	0.0147128735	-0.1319599325	0.0169711813	-0.0302711466	-0.0851857816	-0.0166548483	0.0179997504	0.0920060667	0.0018416693	-0.0334320684	0.0172365767	-0.0524260483	0.0036138075	0.1439471964	-0.0573323518	0.0349987224	0.0137394329	0.0530135419	0.0513706503	0.0450093919	0.0707285784	0.0059252019	-0.0267784324	0.048491287	-0.1000943488	0.0266830745	-0.0742807857	-0.0272474949	0.0216988376	-0.0637952575	0.0305248951	-0.0589646372	-0.0706678211	-0.0357134993	-0.0334034346	0.1133091517	0.12439497	-0.0168453712	-0.052943945	-0.0461474486	0.0807597457	0.0714545045	0.0787313618	0.073536763	0.0624098666	0.0268519798	-0.1587141942	0.0586739893	0.0040703775	-0.1173814742	-0.0760778624	-0.0989701394	-0.0147400044	-0.0699029883	-0.0172225378	0.0050261386	0.1032472853	-0.0277600257	-0.0298575372	-0.0849845954	-0.0535241442	0.0288604011	-0.0307967997	-0.0007348518	-0.0676059872	-0.075387828	0.0927982255	-0.0145371423	0.0777484857	-0.01053029	-0.1061924804	-0.1044678527	-0.0624884153	0.0776149644	0.0048966315	0.1125751341	0.1957465577	0.02170573	-0.0333457583	0.1670201786	-0.0642595647	0.0344582191	-0.0604041206	0.1019173668	0.0338202232	-0.0200065965	0.0522156731	-0.0185087001	0.0041120994	0.0544846163	0.0325534783	-0.1121224674	0.0205645251	-0.057690059	0.0445017851	-0.0678834267	-0.0897805781	-0.0472068083	0.0912694965	0.0912167139	0.0911287655	0.0910056853	0.0908475206	0.0906543325	-0.0920658360299455	-0.0071710180151996	5.142349937431731e-05	0.0084761181638928	0.0055861545039732	0.0548769873730776	0.0030114837431449	3.120512214226007e-05	0.0673589758621773	-0.0393170289120092	0.0015458287624677	0.0045372316292013	0.0011472173792887	-0.0004160483769271	1.3161077153420329e-06	1.7309625194367429e-07	-0.0014822200008295	-0.0004123735144347	2.1969761308590027e-06	1.7005191540730805e-07	-0.0003821503904902	5.901421145069997e-05	3.4826771531479274e-09	1.4603892095181238e-07
766.477703725131	1.32114556742863	587488.0703077498	1.7454256103363164	984.2373918620024	4.22029885378754	968723.2435393168	17.810922415280423	783.2447590641789	1.3875986735025665	1.9254300787060812	613472.3526015036	805.6108499925455	683.4612031293658	1.038357	29.721209	0.1274222616243797	0.062780867524009	0.046260598	-0.0575235757	0.0360766616	0.0505165486	0.0356714639	-0.005947687	0.0480422971	0.0491936162	-0.0566751732	0.1321457021	-0.0133352106	-0.0868487546	-0.0705018591	-0.0661178358	0.0311749147	0.0287699013	-0.0144978754	0.0294571102	-0.01680438	-0.1033127489	0.141700471	-0.0275456946	0.0674707959	-0.0762976186	0.0562884194	-0.0335077706	-0.1571775844	-0.097589184	-0.0135384729	0.1277712875	0.1255986195	-0.0587860401	-0.0996444125	-0.0340818632	-0.0409927119	-0.1417687119	-0.0539242113	-0.1361996064	0.0781012577	-0.0386617152	0.0011298771	0.0097529716	0.0369575582	-0.02494907	0.0160271491	-0.0022968482	0.0210346265	-0.030048181	-0.0218236818	-0.0891464751	-0.0044541332	-0.0640401868	0.0186542823	0.0242306583	0.0274286593	-0.0224146224	0.0023977043	0.0833189634	-0.0032758789	0.04282179	0.0349051437	0.0441758955	-0.0001071406	0.0553007777	0.0024515365	0.0305388767	-0.0335398158	-0.0188931861	-0.0087854921	0.0774487054	-0.0205332312	-0.0563499969	0.0404751114	-0.022913873	-0.0563212148	0.0854655778	0.0901535308	-0.0006002871	0.0045043913	-0.1099818204	0.0512853586	0.1135994558	-0.0314433515	0.0806561233	-0.1036817416	0.0165553885	0.0023920701	-0.0248168312	-0.0060194814	-0.0346236537	-0.004180823	-0.0387402319	-0.0268061285	0.012099634	0.040193561	-0.0996923638	-0.0687755175	-0.0518401803	0.054166939	0.0166402151	-0.0984896167	-0.0344962142	-0.0494223272	-0.0863690107	-0.1216364142	-0.0170508212	0.0011017739	-0.0008604543	-0.1106396108	0.0230312943	-0.0051528324	-0.0632122858	-0.0415308552	-0.1631516194	-0.0528777165	-0.0092170194	-0.1317713717	0.049261889	0.0516983228	0.0445557518	0.0479986798	0.0124911321	0.0249716615	0.0034128967	-0.0362812115	-0.0546955748	0.0064907259	0.0359786947	0.0201787411	-0.0405739387	0.0654924088	-0.026360821	0.0553866146	-0.0372796461	-0.1090054435	0.0636012236	0.0170259618	0.0416873078	0.0095011329	-0.0667369067	0.0536694951	-0.0578540136	0.0313613626	-0.05628405	-0.0327301807	0.1117246222	-0.1224017901	-0.0044438065	-0.0032843577	0.0504500526	-0.0178078347	-0.0858095133	-0.0959402258	-0.0272092733	0.0964610986	0.0311116953	-0.0072322248	-0.0978356453	0.104912582	0.0350687125	-0.078391629	0.0497544374	-0.081860917	-0.01063907	0.0285913127	-0.0637992592	-0.0100972961	0.0382557693	0.0197720278	0.0649819261	0.0348939017	0.0262169754	0.0576553653	0.0525356906	0.0954537385	-0.07536615	-0.0513059388	0.0707134476	0.0501890435	0.0796952122	-0.0015541387	0.0881834941	-0.111545318	0.1927924628	-0.1368664296	-0.0128213727	-0.0918763577	-0.1204860166	0.0223101159	0.0091033008	0.0239794665	0.0201647554	-0.0062574633	-0.0985622195	0.1001420791	0.0182447748	0.0075564322	-0.0855697863	-0.0073889496	-0.0679707995	0.0912382167	0.0910916402	0.0908475206	0.0905061192	0.0900678015	0.089533037	-0.0849402887110528	0.0071255473188927	5.077342459377894e-05	0.007214852646317	-0.0416175730635188	-0.047203727567492	0.002228191896266	0.0017320223876973	0.0910062031823173	0.0236472273201399	0.0005591913599303	0.0082821290176612	0.0016337725855554	0.0004865552062667	2.669212861312377e-06	2.3673596874523118e-07	-0.0010388614497691	0.0004433585510603	1.0792331118163565e-06	1.9656680479837717e-07	-0.0004411518215202	-5.900143102999998e-05	3.4811688635878452e-09	1.946149296305904e-07
765.1912108005532	-1.2864929245778285	585517.5890864166	1.6550640449888143	973.43104726618	-10.806344595822338	947568.003781732	116.77708352365866	781.4710906661667	-1.7736683980122052	3.1458995861071823	610697.0655469681	804.068819820232	683.5182176757467	1.057139	30.25882	0.0687509575070857	0.0358647606419781	0.0508638179	-0.0624896553	0.0474180308	-0.0816529105	0.0254092501	0.0053323459	-0.1026602865	-0.0226826904	-0.0038049773	-0.0152416733	-0.0152773063	-0.0726566521	-0.042119602	0.0879408468	-0.0313182302	0.0254078964	-0.1560826115	-0.0123553406	-0.013961027	-0.0260114309	0.109426335	0.0141862053	-0.0028522406	0.0724357617	0.0513600972	0.0643195287	-0.0904743333	-0.0505325003	-0.0703723457	0.078803319	0.0317171614	0.0095288865	-0.0429564892	0.0974440233	-0.0274882542	0.0194562339	-0.0340892266	-0.011378003	0.0975763602	0.0726719425	0.0049518467	-0.1107369454	0.0117039775	0.0361696412	0.1156536381	0.0430593965	0.0848252519	0.0307516676	-0.0343560767	0.0486473274	0.1108111853	-0.0745188875	-0.0092388167	-0.0543671634	0.0164194163	0.0068497806	-0.0810982739	-0.1093249339	-0.0476079325	0.0134405407	0.0574211245	-0.0940619195	-0.1493271928	-0.0849053643	-0.0840675588	-0.0360303634	0.0044837927	-0.0966290052	-0.0175818367	-0.1080073035	-0.0025234901	-0.1286737084	-0.0742450116	-0.0137478039	-0.0099743402	-0.0326398721	-0.0649676131	-0.0089908009	-0.0909434807	0.0530471341	-0.0110446029	0.0160298981	0.0166616449	0.0794693282	-0.055094234	-0.0357573034	-0.0234205299	0.0698122345	-0.0604183812	0.0378901069	-0.0587836285	0.0077930201	0.0462003396	-0.1241117838	0.0794788022	0.0352213931	-0.0822493563	0.0656791965	-0.0226026919	0.0261242887	-0.0380273928	-0.0847025483	-0.059325632	7.96471e-05	-0.0900061785	0.0732214181	-0.0361448429	-0.0635807072	0.0185823509	-0.0219001536	0.043731047	-0.0310801355	-0.1029477102	0.0678097824	-0.1079278247	0.0072694421	-0.0470578841	-0.0783752911	0.0941193579	0.109046871	0.0423844655	0.0217179922	0.0525843632	-0.039899144	0.0665533841	-0.0515557634	-0.0467060411	0.0300717056	0.0776886143	-0.0448013395	0.0195717344	0.0430478418	0.0139496473	0.0534502047	0.143616712	0.0139037613	-0.0049778425	-0.0620023079	0.0523213863	-0.1458801417	0.0249270197	0.133445298	-0.1000005827	-0.0049859075	-0.007202949	0.0188873595	-0.0016196752	-0.0725522828	0.0666942389	-0.0672577838	0.1177367283	0.1128645291	-0.0680235619	0.0364662241	-0.0320389463	0.0257188586	-0.001983456	-0.0090482023	-0.0728866275	0.0313000763	-0.0371671883	0.0037534288	0.0410455427	-0.0367822292	0.0684905965	0.0963263385	-0.0983550255	0.0100364066	0.1103653812	-0.0265089614	0.0625232259	0.0184894106	0.0284161255	-0.0381427861	0.0190402614	-0.009667023	-0.0298104529	-0.0004273265	0.1030457226	0.1032409251	-0.0064706816	0.0305119101	0.0054647186	0.1752934184	-0.0771340834	-0.0053287407	0.1316087733	0.0976750679	0.0164469423	-0.0372705292	0.0300071656	0.0620237827	-0.0020882242	-0.0551085852	-0.0036878317	-0.084846824	-0.0275084633	-0.0717782449	0.0471803715	-0.0473868521	0.0911913037	0.090904137	0.0904261954	0.0897584821	0.0889023983	0.0878597406	-0.0848649080169252	7.538069412760251e-05	5.682249047159167e-09	0.0072020526127211	-0.0251529178805895	0.0164646551829293	0.0002710848702927	0.0006326692779076	0.0803718981694885	-0.0106343050128287	0.0001130884431058	0.0064596420153666	0.0011371973828971	-0.0004965752026583	1.2932178876680135e-06	2.4658693189513174e-07	-0.0013737501960349	-0.0003348887462658	1.8871896011059263e-06	1.121504723754794e-07	-0.0004412202049401	-6.838341990003705e-08	4.6762921172247815e-15	1.946752692473839e-07
765.704903638702	0.5136928381488133	586303.999456354	0.2638803319653828	974.5470757484436	1.116028482263573	949742.0028498428	1.2455195732235345	781.6674606735642	0.1963700073974905	0.0385611798052904	611004.0190758579	804.2201727693596	691.0949689524707	1.087063	31.115328	0.0722382406986485	0.0444455786789497	-0.0065768151	0.023455615	-0.0003570586	-0.0713845225	-0.0521684898	-0.0619453207	0.1358486452	-0.0074816023	0.0161383762	-0.0036012045	-0.0385212102	0.0637078147	0.0730072088	0.0459636209	0.0616618238	-0.0133214694	-0.0120256132	-0.024847651	-0.0838154886	-0.0265562947	0.0452578458	0.0970031588	0.0605127271	-0.0041289537	0.0577677388	0.0567513564	-0.0732501149	-0.0530301957	-0.0146648168	0.0058172166	0.0449378376	0.0274899531	-0.0233296228	-0.0422947094	0.053506853	-0.0606520855	0.0116477552	-0.0507545263	0.0045013933	0.0646221836	0.0167185913	0.0853651999	0.0129764934	0.028711411	-0.0073803303	0.0323244147	0.0816738113	0.010575949	0.0543808351	-0.0349048604	0.0403260246	0.0462445519	0.0044414099	0.0624639468	0.0229136774	-0.0327165654	-0.0456186629	-0.0553896969	0.0124951774	0.0550032194	-0.0058565175	-0.0709209283	0.0268350194	-0.0537713814	0.0679375333	-0.00062055	-0.045273525	0.0265598234	-0.0011913024	-0.0746768095	0.1012411437	0.0174143958	-0.1258046925	-0.1033951708	0.0025960237	-0.0609449421	0.0202871393	-0.0553660508	0.0363428256	-0.0120438709	-0.0009446867	0.0451381335	0.0442292314	-0.1388779799	0.0249183593	0.0167232629	-0.0276501232	0.0683089143	0.0026008968	-0.0880186709	-0.0729452505	0.0203981743	-0.104802245	-0.0135979868	-0.0587278324	0.0093740911	0.0100543588	0.0361441246	-0.0286615101	-0.0173684795	-0.0267337757	0.0101434822	-0.0164984748	0.0377742643	0.0642935474	0.0218811529	0.0173813878	-0.0577600047	-0.090968845	-0.0126377278	0.0504104566	-0.0321154687	-0.0090026312	-0.067345028	0.0294121435	0.013443125	0.0174469153	-0.0553548322	0.0020174536	0.0353818833	0.0588543407	-0.0257782176	-0.025330618	0.0217590918	-0.0506792827	-0.0356749913	0.0307605422	-0.0647157168	-0.034037005	0.0126054573	-0.0418095917	-0.1052274144	-0.0850856099	-0.0241385778	0.0548464916	0.0536544679	-0.117166924	0.0412447956	-0.0315732155	-0.0476557651	0.0146896828	-0.0654457517	-0.0341001192	-0.0300084877	0.0437898792	-0.0690529089	0.0009260403	-0.0392453885	0.081418525	0.0212003752	0.0419649147	0.1342021606	-0.0370900375	-0.0234578927	-0.0922017064	-0.0118556359	0.0305305019	-0.1129801097	0.004965508	0.0860181129	0.118248694	-0.0596315744	-0.0474836426	0.0510738626	0.0972526293	-0.0685274746	0.0127341535	0.0376003224	0.0541958504	-0.117787223	-0.0221721697	0.0359019003	0.0109254385	0.0714539129	0.00878485	0.0033504835	0.0515795759	-0.0241241555	0.023529484	0.0414088515	-0.1030290351	0.0412480066	-0.0189974593	0.1671209992	-0.1642565674	0.0641587771	0.0003147524	-0.0984044612	-0.0720819885	0.0557132002	-0.0121637758	-0.0071634628	-0.1076361678	0.1182989824	-0.0968844528	-0.0176244259	0.0320081228	-0.0512707541	0.0749926466	-0.0203048804	0.0911287655	0.0906543325	0.0898654396	0.0887648233	0.0873563013	0.0856447597	-0.0850601018280485	-0.0001951938111233	3.810062390083996e-08	0.0072352209229979	-0.0163064993058696	0.0088464185747199	7.82591215991493e-05	0.0002659019196123	0.0447105796726532	-0.0356613184968353	0.0012717296369327	0.0019990359346646	0.0012882859267487	0.0001510885438516	1.6596806290587569e-06	2.2827748083196857e-08	-0.0009747852885793	0.0003989649074556	9.502063588306292e-07	1.5917299738105554e-07	-0.0004418729499523	-6.527450121999556e-07	4.2607605095192023e-13	1.9525170389954781e-07
763.779475191344	-1.9254284473580583	583359.0867235648	3.707274705895663	972.6830467744307	-1.8640289740128535	946112.3094823896	3.4746040159594123	779.4863052368164	-2.1811554367477584	4.757439039254304	607598.9000517433	801.0904024795524	701.6554681977874	1.084865	31.052433	0.0633381364616594	0.0335099003633275	-0.0634324777	0.1129249295	0.0142820767	-0.0436212488	0.0470916263	0.1484684165	0.026048216	-0.0447648574	0.0160694876	0.091370539	-0.0443913576	0.0549534774	0.0569104112	-0.0499191639	0.0296272827	-0.0935147502	-0.010643691	-0.0399291629	0.0507764115	0.0916991346	0.1200414173	0.1021521106	0.1026168695	-0.0279882865	-0.0399510131	0.081368306	0.0194485432	-0.0622300671	0.0270974004	-0.1332366005	-0.0144608163	-0.0149956258	-0.0959635393	-0.0455639926	-0.0946912282	-0.0911041898	0.10607289	0.0808724883	-0.0267474532	-0.042149167	0.0679389282	0.0049685888	0.0382419429	-0.0681895591	0.0045958788	0.0313256419	-0.0497138006	0.0716646027	-0.0121268397	0.0438592309	0.0380135819	0.0215693079	-0.1091041896	-0.0475060578	-0.0530131204	0.1017688675	-0.0394818227	0.0727616576	0.0203212133	-0.0312362353	-0.0242567742	-0.0042268621	-0.0249522038	-0.0194332154	-0.0420891032	-0.0125599461	0.0293021189	0.0603808731	-0.096566903	-0.0346815859	-0.0400060872	0.0219140145	0.034554472	-0.0152062477	0.0174036193	0.0596177638	-0.0347435528	0.0037208979	-0.0238861542	0.0159117312	-0.0020357382	0.0662707145	-0.0778525326	-0.0936058943	0.029866714	-0.0482295595	0.0236064826	0.0378415149	-0.0025461629	0.0642364238	0.0773036284	-0.050306641	-0.1146322314	-0.0674841066	0.0540986899	-0.0335661614	0.0457211545	-0.0444922339	0.0374725458	-0.0128772038	0.0014634096	0.0569154599	0.017407616	-0.0008064547	0.0963924765	-0.1517257689	0.033842203	-0.032448829	0.070598188	0.0241471392	-0.013060022	-0.0463562394	-0.0951840824	0.0894259674	0.0842673317	-0.0141008258	-0.0788912323	0.0265439977	0.066122261	-0.054193848	-0.0219271178	0.0482666008	0.0150393974	0.0209695832	-0.0058093187	-0.1059629516	0.0097559123	0.1053030578	-0.0907518305	0.0227630933	-0.0003027837	0.061901997	0.0156261648	0.040327879	0.04238584	-0.0454794472	-0.0203927869	0.0605300373	0.0959485552	0.0664958436	0.0975285217	0.0128717143	0.0547021735	0.0751878259	-0.0007778537	-0.0472060601	-0.0094409651	0.0361569703	-0.0079563292	0.0121438054	0.0144745141	0.0037246813	0.0028351406	0.0478302245	0.0852518288	-0.0728863846	0.0006482674	-0.0246136075	-0.0606409127	0.1085001121	0.0254949058	0.0242946373	-0.0057274785	0.0704183737	0.0038422497	-0.0417926182	-0.0110032962	-0.0358766345	-0.0839362874	0.0605498211	-0.1121065722	0.0530048261	0.0360119187	-0.0159560721	-0.0154326888	0.0427599931	-0.0045321698	-0.0903639668	0.1496727268	-0.0782497811	0.0172474861	0.019433142	-0.0444052834	0.1018398743	-0.0757190006	0.0112478905	0.016614024	0.07964222	0.063105632	-0.0417965802	0.0158996305	-0.0010811621	0.1233847224	0.0273198568	-0.0352182939	-0.1208689282	0.0236817851	0.0360314793	0.1096707001	0.036624704	0.0910506129	0.0903423981	0.0891661178	0.0875278662	0.0854361313	0.0829017503	-0.0658366255711655	0.019223476256883	0.0003695420393989	0.0043344612665978	-0.0308135462576046	-0.014507046951735	0.0002104544112598	0.0009494746329695	0.0671901067345146	0.0224795270618614	0.0005053291369249	0.0045145104429954	0.0013047531392351	1.6467212486400047e-05	1.7023807543438484e-06	2.7116908707224963e-10	-0.0011007886867557	-0.0001260033981763	1.2117357328893384e-06	1.587685635200038e-08	-0.0004417818367915	9.111316079998129e-08	8.301608070963244e-15	1.951711913188716e-07
764.440056373348	0.6605811820040799	584368.5997880875	0.4363674980179073	985.0409063425932	12.35785956816244	970305.5871682374	152.71669310642395	781.1023704597542	1.6160652229377774	2.6116668047889284	610120.9131378471	804.6440424624967	696.6868952462086	1.138358	32.583569	0.075492257399701	0.0409681311751962	-0.0078699956	0.0494186738	0.100777134	0.1477487543	-0.036837493	-0.067723912	-0.0385985689	-0.0460807601	0.0001431982	4.44136e-05	-0.108986771	-0.0059955533	0.0216744038	-0.004143421	0.05283554	-0.0796426751	0.2127105316	-0.073141211	-0.0378561695	-0.0354573931	-0.1305732391	0.1140144307	-0.0368865074	-0.0366238808	0.0689617744	-0.0348530001	0.0408360772	0.0420518685	0.0611191424	0.0152438763	0.0178288136	-0.0435994939	0.0900547435	0.1125935837	-0.1187666749	-0.0573513842	0.1099936926	0.0532291132	0.1044105599	0.0058608713	-0.0983497913	0.0147009481	-0.0872018436	-0.0469604168	-0.1076190315	-0.0844138991	-0.0528249383	0.0156707914	-0.0326491443	-0.0221696365	0.1007208331	0.0179379983	0.0594589748	0.0324781617	-0.0325678124	0.0253690777	-0.0295673921	-0.0496026478	-0.0274546413	-0.0274326041	-0.040482323	0.0513284601	-0.0331979114	0.0377641189	-0.053175031	-0.0794649777	-0.0350270152	-0.13622699	0.0139265451	0.0841903379	0.0408290159	0.0070527988	0.051522584	-0.0684277663	0.0565226407	0.0675751273	0.032168242	0.0382312548	0.0444256972	-0.1018931619	0.0419810343	-0.0358991661	-0.0447365866	-0.0493448477	0.1140759634	0.0732636849	0.002452183	0.0777876549	0.0546417041	-0.041979223	0.0381332952	0.078909681	-0.0477456531	-0.007487756	0.0414509091	0.0397534304	-0.0826088062	0.0487095927	-0.1212008523	0.0198666119	0.018989944	-0.094425702	-0.0806071223	-0.0443710925	0.0482080205	-0.0398330888	0.0051982683	0.1299395075	0.0304010239	-0.0206528178	0.019603858	0.0079925125	-0.1071473829	-0.0574663053	0.0895279768	0.1435004314	-0.0956652913	-0.1486434853	-0.0842312466	0.032189659	-0.0846152637	-0.0467409203	0.0157710547	-0.0175623392	0.0259863025	-0.0003076902	0.1433210432	-0.0378023423	-0.028957945	-0.1670152872	-0.0643324942	0.0136220055	-0.0113669129	0.1222834394	-0.0021870596	0.0409997338	0.0725149444	0.071572543	-0.0729146797	0.0477924194	0.0375582502	0.1250659634	0.0554280942	-0.0618551938	0.0617235876	0.0213264207	-0.0545592796	-0.0054421722	-0.0106638455	-0.0116962102	-0.0775359012	0.0467505577	0.0887338303	-0.0492767644	0.0457493314	0.0637398713	0.0004832296	0.0184230866	0.0846685082	0.006077305	0.0356387486	0.0576633418	0.0351038505	0.1015334101	0.0387146092	0.0104629125	-0.007069158	0.0559154259	0.0294677458	0.0027845967	0.0109340736	0.1013394283	0.0141637036	-0.0768620921	0.0793705469	-0.063402977	0.0267133278	0.1370813258	0.0387670437	-0.0357861755	-0.0296220794	0.1242050351	-0.0052043939	0.0408831006	-0.0482225021	0.0232813925	-0.0039864182	-0.0076645411	-0.0652872603	0.0885412889	-0.0368354795	0.0495679999	0.0892323022	0.0859192314	-0.0129394222	0.0577458712	0.000831109	0.074715636	-0.0908402564	0.0526894081	0.0909568593	0.0899685475	0.0883293083	0.0860510014	0.0831501106	0.0796476241	-0.0607232535164286	0.0051133720547369	2.614657377016427e-05	0.0036873135176204	-0.0153152611913327	0.0154982850662719	0.0002401968399954	0.0002345572253587	0.0375705736027924	-0.0296195331317222	0.0008773167429411	0.0014115480008428	0.0012118532880522	-9.28998511829e-05	1.4685883917629286e-06	8.630382349804968e-09	-0.0006887685550365	0.0004120201317191	4.744021224070682e-07	1.6976058894190685e-07	-0.0004420831968288	-3.013600373000182e-07	9.081787208146837e-14	1.9543755291837157e-07
763.0120120495203	-1.4280443238277485	582187.3305318573	2.039310590816652	973.9780052358454	-11.062901106747743	948633.1546831966	122.38778089768049	778.9179925775385	-2.184377882215699	4.771506732313143	606713.2391610222	801.1572321312857	673.0516969934739	1.150412	32.928596	0.1043755769413517	0.0553965449128587	0.117805322	-0.0068279399	0.006780204	-0.029000188	0.0175694393	0.0734635421	0.0011053918	0.0207232013	0.0114311813	0.0182274264	-0.0342002535	0.0760317628	-0.1067335955	0.0123393021	0.1231985939	-0.0876926089	-0.0092524386	0.0253060617	0.0030476665	0.1251247448	-0.0249285684	0.1497067577	-0.0170112342	-0.1151879603	-0.1234665131	0.1148498505	-0.0135905469	0.052269771	-0.1025625365	-0.0019773906	-0.0118532248	-0.138498304	-0.0104554476	0.1045422697	0.012952887	-0.0235019233	0.0163604455	0.0761175615	-0.1066675334	-0.0389829193	0.0131576808	0.0352402132	0.0470890973	0.0175026109	0.0252189485	-0.0479311281	-0.0536464078	0.0045403032	0.0702818761	0.0307483426	-0.0142636841	0.0223000122	-0.0071998729	-0.0284182686	0.0203883024	0.0143820322	0.059392102	0.2350731246	-0.056782955	-0.0026140811	-0.0288013077	-0.0021971921	0.0865678836	-0.0742486482	0.0352868008	-0.0351088904	0.0542708329	0.0158348972	-0.0662647954	-0.036190813	0.0258266751	-0.0596068536	-0.0402547312	-0.0624463939	0.1799539128	0.0430630415	-0.096878362	0.0149815934	-0.0153081257	-0.0268656883	-0.0081702342	-0.1779324716	-0.0030227258	0.049249305	0.1087754475	0.0681670539	0.0292440076	0.0223961391	-0.0423283605	0.0868334819	-0.0079111334	-0.0006702454	-0.0033389854	0.1587396178	-0.0130256705	-0.0654778758	-0.0467197754	0.0255895704	0.1165022237	-0.0477545901	0.0931858799	-0.0228913852	-0.0335869044	0.070652828	-0.0777980411	-0.0732148828	0.0965656549	-0.0075862606	0.0730697691	0.1048188656	0.0386981056	-0.0024335589	-0.0530488688	0.0362447117	0.0445387462	-0.0405485328	0.0344954465	-0.1165859186	-0.0076206056	-0.1561620793	-0.0111753958	0.0721484331	-0.1089600107	0.0120520952	0.1182470157	-0.0206371855	-0.0397616901	-0.0770371617	0.0599412184	0.0824701247	-0.003409232	0.0674346057	0.0087640049	0.0401062493	-0.044067035	-0.0277380897	0.0078663078	-0.0386140501	-0.0907794862	0.061558195	-0.0251499904	-0.0012980882	0.1151921366	0.0422380756	0.0665271519	-0.0873168347	-0.1379971343	0.0432380261	-0.1157353366	-0.0943801914	0.0823041329	0.1102409218	-0.0860623874	-0.0707940474	0.0614232192	-0.0751570557	-0.1668944844	-0.0251815088	-0.0367509988	-0.0092845667	0.1106088148	-0.0408012345	-0.0207968194	-0.1045587139	-0.0795420213	-0.0725475967	0.0128122652	0.1586618813	-0.010309315	0.0429271544	-0.0315557213	0.088629905	-0.0323679215	0.095716052	0.1859716089	-0.0356611592	-0.1217336479	-0.046990859	-0.0045281787	0.0363257257	0.0216952909	-0.0226306849	-0.0625820293	0.1108099934	-0.0762386122	-0.0043009065	0.0309704193	0.0751736547	0.1245620705	0.0878318027	-0.0269105588	0.0019331899	-0.0753077216	-0.0163082068	-0.0341708399	0.1010150323	-0.0377236184	-0.0351336607	-0.0321975695	-0.004102656	0.0908475206	0.089533037	0.0873563013	0.0843382767	0.0805080284	0.0759024438	-0.0471564022619901	0.0135668512544384	0.00018405945296	0.0022237262742946	-0.0497354701443271	-0.0344202089529944	0.0011847507843677	0.0024736169904772	0.0759578304194263	0.0383872568166339	0.0014735814859062	0.0057695920020263	0.0010739224903039	-0.0001379307977483	1.1533095151805304e-06	1.9024904967482444e-08	-0.0006801227061077	8.645848928800028e-06	4.625668953632609e-07	7.475070369963259e-11	-0.0002286346451602	0.0002134485516686	4.5560284209423023e-08	5.227380096753056e-08
763.364988608897	0.3529765593766569	582726.1058338614	0.1245924514693826	973.349060231989	-0.6289450038564155	947408.393054496	0.3955718178759465	778.8951683158989	-0.0228242616395846	0.0005209469193922	606677.6832258524	802.2071014372656	690.3270748235686	1.114622	31.904181	0.1017774092654573	0.0555423664681727	-0.0105534681	0.0238459221	-0.0303085703	-0.0183301754	-0.1322941198	-0.0391653028	-0.0358727565	-0.0772222962	0.0375243669	-0.0562957195	0.0091196278	0.1051413681	0.0270760403	0.020753706	0.0805867068	0.0128549931	0.0921989119	-0.007294469	-0.0096688553	0.0849944702	-0.0811327655	0.0060210294	0.0910807282	-0.0940180184	0.0099665745	0.0149327138	0.1975537786	-0.0607174033	0.0407999663	-0.0598588229	-0.0553950542	-0.0731424804	0.0723024287	0.018441061	-0.0210173622	0.0673464542	0.0144900129	-0.0077654259	0.0471621147	-0.0563421265	-0.0448838588	0.0756729842	-0.0430602308	0.0489674287	0.0715035231	-0.0640099123	-0.0014908329	-0.0573092659	-0.0516724222	0.0480864476	-0.1051818834	0.0744536619	0.1247319096	0.0597553274	0.109300155	-0.0359073237	0.0452903895	0.000776471	0.0101193856	0.0453496507	0.0466709948	-0.0673774382	0.0049310943	0.006897024	-0.1219546052	-0.0393274451	-0.0260901883	-0.0671629281	-0.0112200015	-0.0407810222	0.0129754754	-0.0318048849	0.0019211178	0.0204642896	0.0426166618	0.099793168	0.0308875879	-0.1031322964	0.1133116696	-0.062485402	-0.004580513	0.0842690063	0.0559374199	-0.067879675	0.0137402513	0.0141802386	-0.0063846417	-0.0588882255	-0.1598964843	0.0040126478	-0.1127671052	-0.0176961	-0.0120359997	0.1612903113	-0.0009038844	0.0188141572	-0.0307256232	-0.0033391622	0.0370880084	0.0289044557	-0.0722937448	0.0380123011	0.0206536326	0.0859784478	0.0978132907	0.0637180549	0.0100304261	0.1103331616	0.0442948629	0.1525173522	-0.0454769616	0.0757049784	0.0334993472	-0.0758593794	0.0417608879	0.0919781371	0.0015419938	0.0359359506	-0.0648920924	0.0116215793	-0.0389768976	0.0952975639	-0.0422445298	0.0305134341	0.0684794578	0.0824853323	0.1169110621	0.0395851258	0.082888611	-0.0816008171	0.0037695445	-0.0160348608	0.0375392326	-0.0572125108	-0.0607917779	0.0175990372	-0.0096659198	0.0153602643	-0.051270044	0.0448509681	0.0754319035	-0.0086351914	-0.0667659816	-0.0778664767	-0.0694805565	0.1117758878	-0.0397412052	-0.010070788	-0.0407607506	-0.0189923285	0.0320714529	0.0260629784	-0.0395573354	-0.0053439076	-0.1425007436	-0.0666022141	0.053774931	-0.1024416645	0.021053522	0.0160035981	0.0317333134	-0.0772285324	-0.0231234687	-0.1022316586	-0.0535021275	0.0066307967	-0.0091422738	0.1079426653	0.0867601733	-0.028448198	-0.0599757085	-0.0550882243	0.0530113713	0.084091871	-0.0049726021	-0.0118215995	0.0453131549	-0.0028485715	0.004593641	0.0522137879	-0.1193451469	0.0589680912	-0.0098817704	0.0069293213	-0.0582728752	0.0494196009	0.0289290951	0.0503734153	-0.1578452098	0.0028601197	-0.020292345	0.0409674156	-0.1458370623	0.0450046885	-0.016851249	0.0891997475	0.0460110007	0.0229087308	-0.0350299332	0.0623933808	0.0907226157	0.089036165	0.0862485974	0.0823943867	0.0775211985	0.0716892996	-0.0527690798651008	-0.0056126776031106	3.150214987646044e-05	0.0027845757898093	-0.0082052227885753	0.0415302473557518	0.0017247614454299	6.732568101015542e-05	0.0413343135529515	-0.0346235168664748	0.001198787920203	0.0017085254768937	0.0009013455986321	-0.0001725768916718	8.124238881734587e-07	2.9782783539100234e-08	-0.0006802062100557	-8.3503947999981e-08	4.6268048819833915e-07	6.97290933158353e-15	-0.0004561935983428	-0.0002275589531825	5.178307717356073e-08	2.0811259916895192e-07
763.5733323711718	0.2083437622748079	583044.233908416	0.0434071232788216	974.1478084217418	0.7987481897528141	948963.9526528828	0.6379986706333975	779.8170669143265	0.9218985984275604	0.8498970257827004	608114.6578508631	801.9229752781355	692.2713052355197	1.075381	30.780952	0.0987945195550888	0.0534457358458486	-0.021768082	0.0738030228	-0.0743013601	-0.0165297327	0.0023247424	0.0903109726	-0.0512983179	-0.0841338732	0.0525616194	0.0689378401	0.0541182462	0.057753771	0.0322973007	-0.0362237881	-0.0631408659	-0.1053820436	-0.019352701	0.0390567743	-0.0317003076	0.0476681502	0.0515953689	-0.0893004487	-0.0654177752	-0.0666303031	-0.1167789316	-0.028083006	0.0146475663	-0.0882423523	0.0468365404	-0.0619928058	-0.0212517247	-0.0368066122	-0.0516481388	0.0344228645	-0.0931812072	-0.009943828	0.0617279304	0.0435034359	-0.0365501506	0.013710225	-0.0018812681	-0.0896685652	-0.0635174637	-0.0732077951	-0.0972508707	-0.0831337298	0.0952022649	-0.0230564879	-0.0139229815	0.0133742882	0.0707281934	0.0602561205	0.0024591557	0.0962222595	-0.0300390941	0.0566716209	0.0864934638	0.0369449882	-0.0224717842	-0.0664892451	0.0414629449	-0.1004079857	-0.0415821607	0.0789025597	0.1452498579	0.0521849947	0.0433455105	0.1463479122	-0.0354975968	0.0391637623	-0.0276328423	-0.0410706727	0.0374516675	0.0030760655	-0.0610995433	-0.0431408543	-0.049533255	-0.0538536037	0.1578910293	0.1425101216	0.0540465775	0.0117236839	-0.0305408913	-0.0232348822	-0.0518827701	-0.1234484588	0.0137003129	0.1166231853	-0.0974659196	0.063742964	0.0527747686	0.0683103727	-0.0308297735	0.0741754147	-0.0611999474	0.0845828399	-0.1445124522	0.0242406512	0.0440839716	-0.0263838178	-0.0390179055	-0.0458874494	0.0837319526	-0.0187862973	0.0437244901	-0.0674744128	0.0481186424	0.0355159843	0.0093838543	-0.0839347212	0.0726130056	-0.0280503366	-0.0616210741	0.0810508527	0.0167818588	-0.0411865518	-0.0331008008	0.0963685506	0.0491445151	-0.021769153	-0.0269266699	-0.0227750882	-0.0247083152	-0.1153876618	0.1331073933	-0.1396454489	0.1131106151	-0.0440318482	-0.0075113553	-0.1019343853	0.0261980979	-0.0657212073	0.0049571783	-0.0736467308	0.029997449	-0.0409820979	-0.0336141986	-0.0577904415	-0.0118650607	0.1148788795	-0.0362025239	-0.0754137747	-0.0054421772	-0.040195623	-0.1602487213	-0.064854817	0.102517579	-0.0943587821	0.1035312565	-0.0139767716	-0.0470721892	-0.0125945929	0.0375081098	0.0012287982	0.0599911409	0.0520835493	-0.059768482	-0.0460877162	0.0027958227	0.0268071649	-0.0212687542	0.0007288239	0.0502763363	0.1081878824	-0.0659483186	0.0355366827	0.1353117149	0.0013438621	-0.074426828	-0.0309369151	-0.018221939	-0.0127575524	0.0695204799	-0.0385642169	-0.1106812277	-0.1090701433	-0.0280786834	-0.1110126175	0.0496556075	-0.0678407271	0.0338443755	0.0006741344	-0.0741492281	0.0220629648	-0.0257811076	0.0182332892	-0.0248712677	0.113920446	0.0730839033	0.0277371593	0.0166309442	0.0577388952	0.0196901527	-0.0603464997	0.1332831771	0.0868592157	-0.0906061326	0.1273192956	-0.0096440101	-0.0185889161	0.090582166	0.0884782721	0.0850079043	0.0802246594	0.0742024108	0.0670341672	-0.0360306138660746	0.0167384659990262	0.0002801762440005	0.0012982051355661	-0.0532774557210871	-0.0450722329325118	0.0020315061815226	0.0028384872881123	0.0620915823348724	0.0207572687819209	0.0004308642072849	0.0038553645968482	0.0009589019742783	5.755637564620008e-05	9.194929962748216e-07	3.312736377526493e-09	-0.0007531261708391	-7.291996078340006e-05	5.671990292027653e-07	5.317320680652603e-09	-0.0002621388979398	0.0001940547004029	3.765722674849807e-08	6.871680181309289e-08
763.6161394185738	0.0428070474019932	583109.6083805267	0.0018324433072764	977.509869185361	3.3620607636191835	955525.5443547816	11.303452578267608	779.9991091479052	0.182042233578727	0.0331393748063318	608398.6102715257	803.0593109130859	692.5260869531388	1.089328	31.180178	0.0730656771308879	0.0417960906494778	-0.0398429723	0.0491557986	0.0323473517	0.1630066278	-0.000877081	-0.0180244986	-0.0691065275	-0.0276860675	-0.0140089053	-0.0510931496	-0.005224107	-0.0101401732	0.0523297787	-0.0681296263	-0.081632032	0.0113799704	0.1332445523	0.0524801929	0.0070436122	-0.0171328932	-0.0667567065	0.0411070464	-0.0170323761	0.0660012599	0.0949468613	-0.0387670365	0.0045189019	-0.0271874562	0.0935577149	-0.0347925544	0.0168180914	-0.0802793218	0.091605947	-0.0172962528	0.0234018497	-0.0462319379	0.0552277899	-0.0537320728	-0.0261202028	-0.03277483	0.0404692541	0.0192009184	0.0565481746	-0.0376457284	0.0214326518	0.0488869587	-0.0211611415	-0.037630301	-0.0107048443	-0.0132663706	-0.1776954114	0.0596738284	0.0372720028	0.0242456825	-0.0063847569	-0.0850104181	-0.0057401324	-0.0088777261	0.0056523476	-0.0884316332	0.0504713361	0.0001486737	0.1515005042	0.0041192771	-0.0795376042	-0.0853403722	0.0275500374	-0.0761695162	0.0070328624	-0.0725471363	0.0146146134	0.0543623898	0.0323194201	-0.0035232203	-0.0732819587	-0.2407316321	-0.0607274018	0.0035969752	-0.0115488844	-0.0786123706	0.0941535377	-0.1512636307	0.0484798856	0.0081862247	-0.0042983284	-0.0938748128	-0.0100463234	0.0594673533	-0.0724135132	-0.1003013211	0.0846221052	-0.0179180037	-0.0389519363	0.0692708241	0.0887583082	0.02429896	0.0263732087	0.0381588146	-0.0203035681	0.0612045375	-0.0212583893	0.0560227485	0.0178833781	-0.054702313	0.0731307123	-0.0262169961	-0.0538072007	0.1185244072	0.0239603423	0.0389206462	-0.0490117706	-0.0328594203	0.046614119	-0.0965564757	0.034110105	0.0511662463	0.0392995228	-0.0511219852	-0.0281949744	0.0067424877	0.0290893914	0.0685194387	0.0405168026	0.0165285758	-0.1179547133	0.0711979246	-0.0275629763	0.0221426254	-0.037163532	0.0214859505	-0.0222483264	0.0191479926	-0.0115812706	-0.0885981559	-0.0028133409	-0.1274347831	-0.057115625	-0.0981044256	-0.0621196228	-0.0050459946	-0.1243312834	0.1063147355	0.0110546488	0.0197883232	0.0278787617	0.0399312862	-0.0031764566	0.038177159	-0.0241221434	0.0050991461	-0.0119039617	-0.0109086267	-0.0686382239	-0.0586867697	-0.115119659	0.0588078236	0.037180396	0.0224879119	0.0006870229	-0.003222981	0.1252931672	-0.0272917766	0.0842163399	0.0015636616	-0.1447716331	0.1212231973	0.1188742494	-0.0880376955	-0.1637364324	-0.0599880319	0.0323389857	0.0176108915	-0.1392781891	0.0398911861	-0.0495594523	-0.0394643898	0.0176053721	0.0935081538	0.0650302384	-0.0642120908	0.0156625062	0.1171793759	0.0007036439	-0.0686589596	0.038971139	0.0366121773	0.0052658165	0.011352022	-0.1206282781	0.0778218644	-0.0260971505	0.0582551673	0.0827787519	-0.0205189007	-0.0140671953	0.0012352391	0.0188820822	-0.0010962613	-0.0432019758	-0.0139719105	0.0904261954	0.0878597406	0.0836361352	0.0778350419	0.0705658771	0.0619657467	-0.0440217409102103	-0.0079911270441357	6.385811143551701e-05	0.0019379136727656	-0.0160268611879246	0.0372505945331625	0.001387606793074	0.000256860279537	0.0474919594808227	-0.0145996228540496	0.0002131489874804	0.0022554862153281	0.0010058913756716	4.698940139329999e-05	1.011817459650504e-06	2.208003843300663e-09	-0.000623176160124	0.0001299500107151	3.883485265468933e-07	1.6887005284854612e-08	-0.0003496861398222	-8.754724188239995e-05	7.664519561215445e-09	1.222803963837512e-07
764.8744363646435	1.2582969460697768	585032.9034041312	1.583311204488527	980.6345316713506	3.124662485989574	961644.0847062892	9.763515651350549	781.5721248134121	1.5730156655068868	2.474378283930074	610854.9862853518	803.6622876077813	677.138976024163	1.088443	31.154842	0.0502146442515141	0.0302953290850036	0.0881461706	-0.0374907348	-0.0344959222	0.0476214104	0.0805823414	0.0292324258	0.0776548911	0.0654435888	-0.039048953	0.1054104578	0.032129012	-0.0203879249	-0.1041310275	-0.0454917489	-0.0746820679	-0.0418737724	0.005711461	0.0608890026	-0.0025327644	-0.0620387437	0.0282722425	-0.0031930377	-0.0249107705	-0.0937697319	-0.0279255237	-0.050600142	-0.0486416841	-0.0624361644	0.0065703405	0.049084342	0.0718594646	-0.0191775266	-0.0573277404	-0.0802097698	0.0028040284	0.0547426079	0.0827204006	0.0461564946	-0.0713339894	0.1072955677	-0.0403400169	-0.1185178846	-0.0184921124	0.007916318	0.0434164231	-0.0267026517	-0.0348167742	0.0755496538	-0.0748316996	-0.1181788324	0.0499226588	-0.1792224594	-0.0158293414	0.0248625551	-0.0202724904	-0.0511764501	-0.04293185	-0.0471377629	-0.0807718534	-0.0056017968	-0.0986656568	0.0690412739	0.0761778218	-0.0916009219	0.0043683894	0.0645697681	-0.028080081	-0.0186454553	0.0476871948	0.0452375937	0.0472174136	-0.0258695391	0.0471624977	0.0329239232	-0.0857603617	0.0638960113	-0.0818842529	-0.1166809398	0.0166663033	0.0192769986	0.0277271418	0.0801157748	0.0596196447	-0.0335973302	0.0806369149	-0.0071736381	0.0864622018	-0.0665175472	0.0539202853	0.0861245565	-0.0540604766	-0.0256032305	0.1614887343	0.0244427175	0.0645947699	-0.0175416685	0.0562989091	0.0054953585	0.0902591993	0.0638862307	-0.0542043564	-0.0343416214	0.0188059123	-0.0464235902	-0.0960138226	-0.0608710835	0.0540586618	0.0371847383	-0.0767273314	-0.015741079	-0.0133432382	0.0163941201	0.0068504565	0.0088005262	0.0077116327	-0.1003655822	-0.0311100954	0.1136673438	0.0473989975	-0.0173007283	-0.0083778496	-0.0390390601	0.2221403205	0.0098570686	0.0792783023	-0.0095035484	0.0013344033	-0.0690777427	0.0746536402	0.0622642633	0.045406712	0.0346382364	-0.0890707907	0.0028200276	-0.0614891481	0.063953983	0.0287225316	-0.0892396269	0.0077726522	0.065753485	0.006042567	-0.0006460367	0.1140246176	-0.0329042616	0.030464381	0.0241416101	0.0032436145	0.0241264924	-0.010373418	0.0356897798	0.0360875589	0.0902809347	-0.0189859059	0.1931350576	0.0588144927	0.0934515421	0.0310063874	0.0358813765	0.0404804962	0.0044110521	-0.0784003781	-0.0228602267	-0.0274089715	-0.0773221304	0.1052497185	-0.0325144431	0.0018096	0.0196392781	0.044208948	-0.0348769827	-0.0050053518	0.0570318072	-0.0350260294	0.0350658233	-0.0715859618	-0.044439268	-0.0833443795	0.0265346868	-0.0604676526	0.0104390151	0.0597417214	0.035541832	-0.0647693687	0.0221512077	-0.0059302118	-0.0316465991	-0.1433226671	0.0198675668	0.0418668766	0.0449969481	-0.0148111668	-0.0347598427	-0.0663459481	-0.013733585	-0.0505950722	0.0589778406	0.077660811	0.0325325596	-0.06637739	0.013830385	0.0902547308	0.0871809944	0.0821354052	0.075232084	0.0666271694	0.0565152869	-0.0286372288941123	0.015384512016098	0.0002366832099734	0.0008200908787337	-0.0406291429087559	-0.0246022817208312	0.0006052722658711	0.0016507272535001	0.0432147885907028	-0.0042771708901198	1.8294190823289043e-05	0.0018675179529391	0.0011098989296442	0.0001040075539725	1.2318756340253406e-06	1.0817571283363289e-08	-0.0006081940302491	1.4982129874899978e-05	3.698999784306432e-07	2.2446421558837042e-10	-0.0003496622311804	2.3908641799967774e-08	5.716231527191663e-16	1.222636759140555e-07
764.9851657764908	0.1107294118472737	585202.3038580852	0.0122610026480431	977.888146530498	-2.746385140852567	956265.2271248528	7.542631341895774	779.2077988174942	-2.364325995917852	5.590037414972944	607164.7937380045	803.1108384831945	692.0225488052153	1.04266	29.844378	0.0563318066521951	0.0313045893993377	0.0419150611	-0.0289671323	0.0052312983	-0.065864015	0.0408442466	-0.0484820345	-0.1443824884	0.0092425771	-0.0214352635	0.0172080634	0.0147726098	-0.0394923143	-0.0740462137	0.1060884535	-0.0490177863	0.0747484595	-0.0411053566	0.0104971551	0.0003778664	0.0053873246	-0.0873821298	-0.1211356723	-0.0297868763	-0.0474958179	0.0312209177	0.0310738011	-0.0459110281	-0.0013138695	-0.0619787978	0.0101440025	-0.0461574079	-0.0876528633	-0.0785835539	0.0045899205	0.0303190413	-0.1525159726	-0.0873169102	-0.0214449485	0.0316248919	0.0400124255	-0.0132388458	0.0708901326	-0.0281914319	0.0726304898	-0.058310302	0.0613091527	0.0176074756	-0.0825717004	0.0082873135	-0.0302520983	0.0405218085	-0.0227838911	0.07240435	0.0609847229	0.03389889	-0.0872909261	0.2046134065	-0.0162800919	-0.060812026	0.0352053805	0.0347959845	-0.0205200713	-0.0685997658	0.0135434415	0.070313873	-0.0992903699	-0.0227165837	0.0694347569	0.0066013465	-0.0682432756	0.0424067728	0.0095728215	-0.0146874692	0.1233046013	0.045174323	-0.0231522312	-0.0478339056	-0.0832371162	-0.0386974326	0.1052713257	0.0090365619	0.07850513	0.0103242488	-0.0713190442	-0.0037015584	0.1700165647	-0.0124089322	-0.0587850178	0.0642326489	0.0917190012	0.0559397021	0.0435232898	0.0163682617	0.0438928744	0.0168792376	0.0224040448	0.044782144	-0.0831465816	-0.0076820776	0.0942986845	0.1360469637	0.0308291969	-0.0167763098	0.0541547064	-0.0622055729	0.1238011287	-0.0170715588	0.0056220685	0.0762637127	0.0375966913	0.0354618619	-0.1152980471	0.0087124316	-0.0980792752	-0.0016284513	-0.0503600733	-0.0717745277	-0.0461239892	-0.0003645105	-0.0007309313	0.0782462707	-0.0244132068	-0.0490973428	0.054285362	-0.0416361168	0.0066635759	-0.0168099702	-0.0090658472	0.0911784733	0.0363796246	-0.0134135892	-0.0592683928	0.0811327754	-0.0655643748	0.0544404102	0.0382190522	-0.0477595134	0.1212819784	-0.1084858938	-0.0006773849	-0.0623321794	-0.0635634492	0.0788918844	-0.052255475	-0.0305596291	-0.1267254757	0.0137279545	0.0683221773	0.0909763564	-0.0500430064	-0.0480654917	-0.0703905383	0.0703729853	0.1254629811	-0.023970022	0.1160090392	-0.0021979421	0.0189577569	-0.0435894931	0.0243777498	0.0427391959	-0.0027351792	0.0032693798	-0.1095757614	0.1066526027	-0.0081282893	0.0803867969	-0.0310386414	0.0950648156	0.0727955867	0.009400249	0.0513899361	0.1439650997	0.0434705655	-0.0884369087	0.0531736509	-0.0172570089	0.01292885	-0.0244474172	0.0558402488	0.0093189706	0.0056053958	0.0646092034	0.027575677	0.0456864033	-0.0690953598	-0.003744368	0.0300321309	-0.0982726044	-0.0681323317	-0.0294514789	0.0346416042	0.1140469667	-0.0386186849	-0.0162063	0.1102408845	-0.0420269459	0.0615055133	0.0743664615	0.142929875	0.0900678015	0.0864424987	0.0805080284	0.0724229201	0.062403154	0.0507163915	-0.0233793963607666	0.0052578325333456	2.764480294870844e-05	0.0005465961741938	-0.0293035907076557	0.0113255522011001	0.0001282681326598	0.0008587004283618	0.0409019119570785	-0.0023128766336243	5.3493983223652944e-06	0.0016729664017446	0.0008768042103618	-0.0002330947192823	7.687856233081797e-07	5.433314815734081e-08	-0.001123155199034	-0.0005149611687849	1.2614776011171045e-06	2.651850053563103e-07	-0.0003490072135652	6.55017615200002e-07	4.2904807622229787e-13	1.2180603512054514e-07
766.2743358304006	1.2891700539097428	587176.3577523215	1.6619594278976493	976.097379727797	-1.7907668027010004	952766.0947114712	3.206845741655964	780.4136028805294	1.2058040630352025	1.4539634384322029	609045.3915609687	803.2350175144636	677.7630326700615	1.047908	29.994593	0.056999300892608	0.0325978364580103	0.025055551	-0.074194415	-0.0679901018	-0.0091602426	-0.0452133223	-0.0361746612	0.0791363101	0.0909675051	-0.0122131737	0.0075507511	0.0699327978	0.044500907	-0.012783046	0.0166650991	-0.0483837637	0.0047815589	-0.0366169075	-0.0422549062	-0.0719291485	-0.0103342488	-0.0138131127	0.0111342307	-0.0401539471	0.0279906308	0.0144331388	0.046356918	-0.0650089289	0.0418984001	-0.0059491397	0.0173886089	-0.1129292886	0.0830228292	-0.1002138108	0.107862371	0.0715782906	0.0187926218	0.0460330649	0.0384633741	-0.0498669964	0.1530326561	0.0119296971	0.0105042343	0.0880451923	0.0871764001	0.0184132199	0.0357346679	0.0196080868	-0.0786415846	0.0790569106	0.1576473207	-0.0249290451	0.0033545591	-0.0475003961	0.0050004355	-0.045163591	0.0894166483	-0.0449950326	-0.1138636312	-0.0119921276	0.0443515736	-0.130771335	0.070371858	-0.1165493803	0.0094612422	0.0433789413	0.0535405139	0.0202724559	0.0958381922	0.0733611328	0.0181433542	0.0279742207	0.0144486002	-0.0421122732	-0.071109832	-0.0351800367	-0.026590449	-0.0198737942	0.0973659323	0.0440281606	0.0192760778	0.0522442886	-0.1116662593	0.058990937	0.0276948174	0.0088721659	0.0453010343	0.0643717978	-0.0480962509	0.0511879528	0.1629863791	-0.1069320141	-0.0580174086	-0.014939416	-0.0606815399	0.074996054	0.0024222294	0.0460877682	0.0309267773	0.0003350292	0.0174131944	-0.0581389198	0.0671150335	0.049197011	0.0467797047	-0.043671599	0.063657323	0.0733380921	-0.062349316	-0.0185540199	-0.0880732127	0.045022496	-0.0629147036	-0.0436365578	0.0601113912	0.0483318444	-0.0114614268	0.0233363692	-0.0170228158	-0.0432511538	-0.0396687128	-0.1359419013	0.0145271358	-0.0517084247	0.1089835063	0.0100523569	0.1175815046	-0.0918986135	-0.0538848268	0.0432349396	0.0887103391	0.0223153877	0.0611231392	-0.1266988776	-0.0667291246	0.0807231347	-0.001498274	0.0400544666	0.024603087	0.0383212481	0.0181186321	0.0741975216	-0.0346092443	-0.1555566307	0.0207893356	0.022075857	0.0019606585	-0.0576913351	0.0139281024	-0.0410021152	-0.0127004688	0.0086105069	0.0062800164	0.0157447588	-0.0433136526	0.0882435473	0.130316931	-0.010239194	0.1747538832	-0.1904658471	0.0434010789	-0.1282547674	-0.0675305267	-0.104039644	0.0517037599	-0.0740086976	0.0197732059	-0.0266679466	-0.0636703865	-0.0123623956	-0.0154467205	0.0533045915	0.046000404	-0.0256333101	-0.0150444006	-0.0927252328	-0.0163001441	-0.0036496339	-0.0254659185	-0.0603073145	0.0974924649	0.0390546252	-0.0336348733	-0.0393869453	-0.022663165	0.0004006823	-0.0464050274	0.0618059729	-0.036312944	0.0578301993	0.0523685956	-0.1362312103	-0.1366118603	0.0063743387	0.0422783628	-0.0824536796	0.0881544667	0.0689347652	0.0248472196	-0.0168527642	0.0891523266	0.0898654396	0.0856447597	0.0787565141	0.06941525	0.0579119187	0.0446048127	-0.0257513287826327	-0.002371932421866	5.626063413899572e-06	0.0006631309340712	-0.0270846770418273	0.0022189136658283	4.923577856400023e-06	0.00073357973046	0.019153811273	-0.0217481006840784	0.0004729798833648	0.0003668684862817	0.0007073812416655	-0.0001694229686963	5.003882210602245e-07	2.8704142321867473e-08	-0.0006801234650299	0.0004430317340041	4.625679276842777e-07	1.962771173346796e-07	-0.0003497595932815	-7.523797162999838e-07	5.660752374996441e-13	1.223317730924403e-07
767.0752532947203	0.8009174643196957	588404.4442171592	0.641468784652291	975.2433476881548	-0.8540320396422203	951099.5872099992	0.729370724735451	779.2544429653042	-1.1591599152252456	1.3436517090649986	607237.4868811665	802.1545339280797	699.6366955052016	1.05842	30.295485	0.0315183710860309	0.0186429662212504	-0.0482691915	-0.064516604	-0.0376042933	-0.0694035133	-0.0103219112	-0.0732833685	-0.1047702542	-0.0604188633	0.0974053542	0.0047612084	0.063101583	-0.0083525727	0.0086037387	0.0054836076	0.0541367063	0.0812580384	-0.0604802327	-0.0240920944	0.0600450431	-0.0516772159	-0.1098730306	-0.1114440645	-0.0689856958	-0.0501731712	0.0218752168	-0.0159796344	0.029669163	0.0016049583	0.0422752374	-0.0596243709	0.0178064255	0.0180216882	-0.0028255761	-0.015493795	0.0868359811	-0.0552837567	-0.0400319772	0.0200721134	0.07510829	-0.0261911616	0.0775117842	-0.0499195029	-0.0258884861	0.0087923457	0.0644471396	-0.0298270183	-0.0119011378	0.024677145	-0.0940516477	-0.0622002768	-0.0480134422	0.1184420585	-0.071310376	-0.0589383961	-0.0640156751	0.0496946169	-0.085142361	-0.0346836332	-0.1166493248	-0.0209658895	-0.0432652244	0.0267538457	-0.09698665	-0.0782907653	0.0165444406	0.1624684671	0.0674321018	-0.0347088415	0.0005821314	0.0350151732	-0.0195235714	0.0967731018	0.0712600238	0.0491246889	-0.0789772901	-0.0171680373	0.0042081282	0.0696903232	-0.0569512026	-0.1456065329	-0.0176621193	0.020058378	-0.0574630613	-0.0718271276	0.0322581882	-0.0117988346	-0.0651297398	-0.0786505979	0.0469942312	0.0055779633	-0.0022923799	-0.0174737844	-0.0181883142	-0.1135034086	0.0203180954	0.0044990315	-0.0465782683	-0.0419932014	-0.0548481802	-0.0996875207	0.017956741	-0.0358002821	0.0703864935	0.0029762858	0.0250540406	0.0343966216	-0.0134423472	-0.0539278971	0.0306744042	0.0224464078	-0.0059423115	0.0327328424	0.0478298355	-0.0842572327	-0.0844260959	-0.0159935899	-0.0957135993	-0.0453511795	0.0088541363	8.33305e-05	-0.0348607916	0.0093498075	0.0593131886	0.023814156	-0.1160552023	-0.0527855611	0.0084025992	-0.0715468788	0.008799218	0.0587845881	0.0099160404	0.1088663758	-0.013586695	0.0781872331	0.0218049428	-0.0081654978	0.1124774767	-0.1166387666	0.0773352904	0.0205213358	0.0453936145	0.0082550804	-0.0211139805	0.0364798536	-0.0461664126	0.0660537562	0.0153868954	-0.0404734772	0.0757681948	0.0276138302	-0.0224349565	0.0532339067	0.0584029475	-0.0193832884	-0.0093996018	-0.1023380196	0.0596830528	0.1023778998	-0.0675087331	0.0916600486	0.0267713609	0.1007353266	-0.0113107853	0.0662488638	-0.0422593086	0.0034805985	-0.0315542653	-0.0665616749	-0.0580080676	0.0101493927	-0.0915260632	-0.113190834	-0.0897460828	-0.1598682836	0.1339741241	-0.0239599314	0.0600767034	-0.0182229429	-0.0375915809	0.0552728157	0.0085518994	-0.0042976848	0.0359973415	-0.0334630037	0.04593427	0.0164286071	0.0939391197	0.0026163708	-0.0776881313	-0.128988796	0.0509959883	0.0832978754	-0.0403119825	-0.0397109847	-0.0445392051	0.0468677132	0.0330544332	0.0519652563	-0.0139306534	-0.0128618663	0.0896476797	0.084788324	0.0768835629	0.0662173176	0.0531726956	0.0382182304	-0.0258987416168992	-0.0001474128342665	2.1730543706483372e-08	0.0006707448173389	-0.0269516904519804	0.0001329865898468	1.768543307910724e-08	0.0007263936182193	0.0191721383172165	1.8327044216500527e-05	3.3588054971356535e-10	0.0003675708876544	0.0005069742163328	-0.0002004070253327	2.5702285602625664e-07	4.0162975802701475e-08	-0.000506025228488	0.0001740982365419	2.560615318663326e-07	3.031019596699937e-08	-9.9871962802079e-05	0.0002498876304794	6.244382786661968e-08	9.97440895393985e-09
767.4862247080432	0.4109714133229545	589035.105116605	0.1688975025686667	975.7709045843644	0.5275568962096031	952128.8582333887	0.2783162787383099	781.0227558032886	1.7683128379844677	3.1269302929806817	609996.5450825634	803.1511634205709	687.0052357314329	1.065866	30.508612	0.0514696688457687	0.0282855365902556	-0.0434688615	-0.0765221911	-0.0498396362	-0.0402548463	0.0010721108	-0.043584374	0.1656789611	0.0828575227	0.0170863935	-0.0930302161	0.030089051	-0.0374675835	0.0665515328	0.0385632021	-0.0604566781	0.0066238477	-0.023960782	0.0451372381	-0.0177876893	-0.028565554	0.0205413816	0.0478185066	-0.0566816774	0.1299812309	0.0097895927	-0.0641846059	-0.1132693525	0.1216483671	0.0097753554	0.0146804619	0.0205715716	0.0531747485	-0.0262220048	-0.0402189824	0.018730096	0.1121883381	-0.0216003301	-0.0032719275	0.0036209652	-0.0078662727	0.0042154077	-0.029819247	-0.1112662359	-0.061282432	-0.0624930603	0.1055960331	-0.0260676988	-0.0173764696	0.0394074235	0.0114861319	-0.0854782638	0.0387106845	0.0928040865	0.0773262475	0.0214894513	0.0592857107	-0.0185300183	-0.0587589262	0.0087784158	0.1081196733	0.0056805585	0.0461138729	-0.0620677795	-0.0648582407	0.0202645568	0.0792768703	-0.1120346256	-0.0033557766	0.1097800929	-0.0304335203	0.0456911834	-0.1523381887	-0.0615630563	-0.0039978333	-0.0495569462	-0.0570201245	-0.0637206838	-0.0021196114	0.0235670466	-0.1505681618	-0.0555746368	-0.0808688232	0.0093046755	0.0558968031	-0.0225134488	-0.0313900456	-0.0326159908	0.0631394349	-0.0330755835	-0.0576972745	-0.0211107374	-0.0290251738	-0.0654279445	-0.0466970325	-0.0311973662	0.0554521776	0.0774568747	-0.1086227445	0.0521517991	-0.081867772	0.0526138285	-0.0912896237	0.0248734792	-0.0158149139	0.00689714	0.0345359196	-0.0512506783	-0.0451186411	-0.0475551625	-0.0745508755	0.0618490683	-0.1111970666	0.0498428683	0.0336494923	0.0351170367	-0.0456650653	0.0622071763	0.0750479059	-0.0372012482	0.0046236294	-0.0492016159	-0.0012917092	-0.07135941	-0.0087091785	-0.0476202629	0.0732054786	0.0336601421	0.0041930124	0.0893280615	0.0241128188	0.0003404049	0.0367926123	0.0208094539	-0.0070668293	-0.0479041424	0.0036397016	-0.0115126103	-0.0594497689	0.0160074101	0.045168049	0.0037035552	0.0785096102	-0.1398108712	0.2041804591	-0.0759534116	0.0915301728	0.0618942636	0.0024389591	0.08457249	0.0102427852	-0.0519601032	0.0441375906	0.0371740578	-0.0087806619	-0.1369276741	0.0902145434	-0.0392236854	-0.0051991536	0.110981424	-0.0136681885	-0.0739966456	-0.0150033487	-0.0034566293	0.0085682741	0.0129210658	0.0782153587	-0.12340087	-0.0292080583	0.0331102933	-0.0046352633	-0.0204310151	-0.0190142601	0.0541517512	0.0474335035	0.018773268	0.0845328676	0.0720081186	-0.0492668966	-0.0830786319	0.0271285219	0.0327758396	-0.0474777535	0.0099918193	-0.0391014719	0.0134525174	0.0821769655	-0.0023548018	-0.0412748776	0.0138762603	0.1128071961	0.0723470048	-0.1870769416	-0.1533295984	0.0978373187	-0.1106430953	-0.0416574117	0.0373866755	0.0103055275	0.0253389322	-0.0117698608	0.0894145591	0.0838737786	0.0748920628	0.0628378881	0.0482057789	0.0315960199	-0.0278345332951346	-0.0019357916782353	3.747289421525417e-06	0.0007747612437579	-0.0369970948415812	-0.0100454043896008	0.0001009101493506	0.0013687850267169	-0.003818860754535	-0.0229909990717515	0.0005285860383172	1.4583697462527629e-05	0.0005449484605547	3.797424422190005e-05	2.9696882466093744e-07	1.4420432242245094e-09	-0.0003830736136867	0.0001229516148013	1.4674539350298704e-07	1.5117099582247262e-08	-0.0002688955779025	-0.0001690236151004	2.8568982461615268e-08	7.230483181551945e-08
766.5120067497069	-0.9742179583363396	587540.6564914627	0.9491006303450258	979.9385209517044	4.167616367339974	960279.504845014	17.369026185320042	780.5372105962164	-0.4855452070722776	0.2357541481108609	609238.3371253222	803.6096540800088	713.1980705153165	1.14945	32.901066	0.0673444421112182	0.0291933110137102	-0.1362268384	0.0470253012	0.0398973461	-0.0379851712	0.0421184623	0.0857726657	-0.0390152428	-0.0463545428	0.0624386825	0.0115264243	-0.0316031646	-0.0185235758	0.0683661998	-0.0908313935	0.0632860855	0.0584065092	-0.0367150278	-0.0650256081	0.0702473907	-0.0264077205	0.0243728621	0.0504612813	-0.0504315046	-0.0319190694	-0.0807492528	-0.0156309459	0.0281307588	-0.0066810471	0.0685220049	-0.0299328109	0.0938086493	0.0140637237	0.0970320792	-0.0353019172	0.0831590098	0.0664694729	0.0909626422	0.0788752918	0.0586002917	-0.0343838735	0.0081727038	-0.0548457473	0.0557149479	0.0309614164	-0.0302835836	-0.0744914293	0.0205393524	-0.045486911	0.1054562868	-0.0366366284	0.0069896098	0.0119587063	0.0008321864	-0.0828578071	-0.0672611321	-0.0696257435	0.0354184749	0.0080079478	-0.0967225124	0.0471194432	0.1181694545	0.011472305	-0.0236266071	0.0450640043	0.0674346962	0.0295702582	0.0966981034	-0.0599001145	0.0541575078	0.0078571633	0.0425164565	0.0277448418	-0.0614932679	-0.0058763091	0.0862652766	-0.0136302676	0.0104255855	0.0172513632	0.0309326273	0.0022291019	0.0331360447	-0.0948980368	0.0401320024	-0.1845796186	-0.1377760467	-0.0583962714	-0.0099091328	0.0687640649	0.1116947032	0.0100240902	-0.1625413978	0.0708851516	-0.0587266361	-0.0481822597	-0.1056584361	-0.1524400929	-0.0542515667	-0.0879312849	-0.0163657991	-0.0783678797	-0.0223910771	-0.0873002217	-0.0070403579	-0.0569567278	0.0750822068	-0.0343337792	-0.0318356456	-0.0113779792	-0.0634482675	0.1012619279	-0.0716868089	0.0570034224	0.0458359298	0.0454708349	0.0242735536	-0.00721607	0.0728051978	-0.1351367186	0.0262483023	0.0230502052	-0.0484635917	-0.0598638243	0.0012044539	-0.0108250121	0.0505811825	-0.1039839379	0.0456166467	-0.0780624812	0.128399279	0.0866888143	0.0033359992	-0.0051945589	0.0037811637	0.0257345837	0.1364105679	-0.0531722636	-0.0795834282	-0.0380538645	-0.0339484737	0.0276640993	-0.0491154246	-0.1058534114	0.0108781796	-0.0108552433	0.0289984058	0.0338985279	-0.0956217692	-0.1110834247	0.0888931383	0.0148998144	-0.0176820362	-0.0324742137	0.015003478	-0.0550735231	-0.0275481753	-0.0982943822	0.0094527271	0.0428211003	0.0245917346	-0.0492896997	-0.0186143854	-0.104356601	-0.0288572428	0.071889687	-0.0454745916	-0.0467805887	0.0183203372	-0.0487136932	-0.0107896931	-0.0067016644	0.0052155841	-0.0407788574	0.112696829	0.0282607874	0.0592776306	0.0068528183	0.100013138	-0.0518231155	0.0231602105	-0.0853861409	0.0546733201	-0.035376028	0.0424384432	-0.0212414729	0.0726127802	-0.0877018349	0.0370141351	0.0474310141	-0.0770564361	-0.0943555594	-0.0292592559	0.0143048762	-0.1296072889	-0.0436000696	-0.0400367269	-0.0763980073	-0.028189149	0.2235422553	-0.0174583006	0.0669870309	0.0891661178	0.0829017503	0.0727850846	0.0592862243	0.0430324377	0.0247790096	-0.0216438903768789	0.0061906429182557	3.8324059741349455e-05	0.0004684579906463	-0.025517869304565	0.0114792255370162	0.0001317726189296	0.0006511616538448	0.0190571219543613	0.0228759827088963	0.0005233105848977	0.0003631738971833	0.0008149654942957	0.000270017033741	6.641687568926346e-07	7.290919851028834e-08	-0.0001981424007837	0.0001849312129029	3.92604109883284e-08	3.4199553505774703e-08	-0.0003499191501995	-8.102357229699999e-05	6.564819267767184e-09	1.2244341167634026e-07
765.0633961805124	-1.448610569194443	585322.0001752598	2.0984725811818485	985.3174651319332	5.378944180228814	970850.5070940184	28.933040494017423	779.9001686852257	-0.6370419109906607	0.4058223963586328	608244.2731152435	803.3087238491725	701.3989087285806	1.110645	31.790346	0.0411544909517002	0.0271536794960286	-0.0507779791	0.0408902016	0.085007777	0.0953850801	0.0395102745	-0.096282484	-0.0500802175	0.0138992642	0.0707949547	-0.0479183888	-0.082737937	-0.0438401566	0.0359767475	-0.0117141306	-0.0705551257	-0.0800969892	-0.0154860031	-0.0848761046	-0.046737999	-0.0891508218	-0.0988976997	-0.0297761524	0.0435228525	-0.0217252205	-0.0449761379	-0.0452776095	0.0735090532	-0.0232148208	0.0219008327	0.009072882	-0.0065688681	-0.0632636843	0.1041294376	0.0005282696	-0.0320424104	0.089880184	-0.0393149874	0.033270396	-0.183679458	0.0300616155	-0.0571984821	0.0012734883	0.0063629097	-0.0859311931	-0.1600251698	-0.0876811776	-0.0262661189	0.0534155335	0.1054428851	0.0731297635	0.0075143012	-0.0201223495	0.0538824314	-0.11400675	0.0127929617	0.0184826416	-0.1164549167	-0.019449128	-0.0172672244	0.0180426614	0.0203843803	-0.0802433598	-0.0102627913	0.0718420656	0.0061909019	-0.0415939377	0.0117258112	0.0141158837	-0.0848912136	-0.0152947724	-0.0608830428	0.1091200123	-0.0800699833	-0.0113298805	-0.0035688438	-0.0285047164	0.0287771328	0.0392072958	-0.0920303715	0.0044964685	0.0134405207	0.0448631893	-0.0802463287	0.0615099627	-0.0549304504	0.1451082585	0.1359119127	-0.0895260705	-0.0619638397	-0.1303918031	-0.0165254276	-0.1316157928	-0.0481629572	-0.0368726479	-0.0234761928	0.054967411	0.0432132349	-0.0670829939	0.0308007822	-0.1221616457	0.0734784578	0.0465165537	-0.0700576239	-0.0485722111	0.0353004963	-0.0624729503	-0.0188944042	0.0472214921	0.0763645152	-0.1324864739	0.0773299897	0.0590972942	-0.0174570227	0.0204877303	0.0389662351	-0.1441508768	0.1438295621	-0.0629685984	0.0052309083	0.0623188804	-0.0445771231	-0.0183305418	-0.0609516624	0.0662359847	0.11049694	0.1377771218	0.0451960461	0.109946944	-0.1095597307	-0.0323335133	0.0641000143	-0.0485190433	-0.0014909089	0.0552800017	0.0322271372	0.0003449871	0.0654006561	0.0470234004	0.0088572613	-0.0631711831	0.02075583	-0.1613304452	0.0555320576	0.0081108096	0.0184344623	0.0230199627	0.0816842582	0.0480714658	-0.0477609764	-0.0124126184	0.0191747917	-0.031644203	-0.0068142916	-0.0099697164	-0.0086863191	-0.0095138243	0.0363513448	0.0453507654	0.1007897688	0.0546222107	0.0377778341	0.1406122722	-0.0194535525	-0.020151313	0.0481463413	0.087373834	0.0586105184	-0.1506157943	0.0072361154	0.0288729047	-0.1249769438	-0.0461124836	-0.0837108875	0.0824291197	-0.0329890267	-0.0126816719	0.0164642608	0.0557352732	-0.0187363971	-0.0945661504	0.0816428054	-0.0371524318	0.0142182368	-0.0673214107	0.0706122378	-0.0224336401	0.0098068629	-0.0470276997	-0.0758674255	0.1075535578	0.0324634007	-0.0673588071	0.0014710045	0.0150219039	-0.1803632814	0.0538170122	0.0807424998	0.0348284455	0.0463117439	0.1009209974	0.0889023983	0.0818729053	0.0705658771	0.0555720611	0.037674825	0.0178092284	-0.0138988077866315	0.0077450825902473	5.998630432975335e-05	0.0001931768578897	-0.0365938152564808	-0.0110759459519157	0.0001226765787297	0.0013391073150254	0.0191844481677634	0.000127326213402	1.6211964619316754e-08	0.0003680430515016	0.0012589659675681	0.0004440004732723	1.5849953074946822e-06	1.971364202661152e-07	-0.0001982205881891	-7.818740539999046e-08	3.929140158203277e-08	6.113270363182456e-15	-0.0003498750869546	4.4063244899973566e-08	1.9415695511150464e-15	1.2241257647148892e-07
763.9137062770459	-1.1496899034665375	583564.1506379327	1.3217868741328964	980.4040894508362	-4.913375681097023	961192.1786119232	24.14126058359563	780.6655743114941	0.7654056262683753	0.5858457727232838	609438.7389150949	804.3103418582582	685.5269255273403	1.058889	30.308903	0.080669608645452	0.0446001281796238	0.0804974012	-0.0288665057	0.07996007	0.0038899447	0.0422033399	-0.0033919493	-0.02418907	0.0261309881	0.019671156	0.0339454622	-0.089865651	-0.013840966	-0.1370836077	0.0133603765	0.0540204657	-0.0297694859	0.0351536369	0.0425162195	0.0015622976	-0.0063050119	0.0499811287	0.1117814712	-0.0342233646	0.0610533087	-0.0742773739	0.0004520887	0.1484873888	-0.0209481166	-0.0556116225	0.1360932807	-0.0256491533	0.0026092581	0.0399032522	-0.0281094466	-0.0249120428	-0.0044678539	0.0354844426	0.0058057578	-0.0333697608	-0.1709594761	0.1239102919	-0.0694365518	0.001960665	0.1387456315	-0.0631265153	-0.0851844436	-0.0149219311	0.0691257739	-0.0762530822	0.0198491402	0.0196054361	-0.0571532969	0.0183444523	-0.057251485	0.035986726	0.0491874191	0.005714972	-0.0081840252	0.1114307005	0.0013362317	-0.0319102054	-0.0452297453	-0.0040366507	0.0243979478	-0.0897803726	0.0133447959	0.0373513138	0.0347607894	-0.1328591782	0.1080538341	0.0399917052	-0.0452569503	0.0242003862	-0.007106443	-0.0296270216	-0.0272959932	0.0482452306	-0.0384141658	-0.1379383557	0.0695586135	-0.0854938451	-0.0439758968	0.0457137321	0.1472278939	-0.0479482243	-0.1023324318	-0.1194439811	-0.055392574	0.0241022728	0.025914319	-0.0341354611	-0.0506935263	-0.0054184806	0.0714048163	0.0755605991	-0.0407904244	-0.010523945	0.0342670124	0.0127817253	0.0413229262	-0.0628442807	0.0331090466	-0.1256660932	-0.0146269209	-0.0873620669	-0.0266305991	0.0812801353	0.0043781241	0.0254137907	0.022822776	-0.047547036	0.0784043469	0.0441329481	0.0406073067	-0.0224151145	0.1098213934	0.0314885506	-0.0224166716	0.0593722366	-0.1349235094	0.0786361901	-0.1451854914	-0.0391129294	-0.1274000763	0.0392653973	-0.0357656839	0.0462461308	0.0568845278	-0.0882332625	0.0160413549	0.1146934522	0.0038898743	0.0384579619	0.0666572286	-0.0542776144	0.0453149363	-0.0432436083	0.0060286057	0.0233879029	-0.0716300336	-0.0948382761	0.0603163116	-0.0629869362	0.0795824764	-0.0429443867	0.0589982326	0.0835270392	-0.0152881834	-0.0994957351	0.0367761241	-0.030260568	0.0067948402	0.0295314125	0.0497675025	-0.0075988934	-0.0620067745	-0.1052486238	0.058477228	-0.0843416298	-0.0059841161	-0.1327779849	0.0582505147	-0.034639595	0.030579766	0.0509290276	-0.0249317635	0.0376573152	-0.0367203689	-0.100323345	-0.0342572431	-0.0262048049	-0.0795300593	-0.1255312197	0.0461948761	0.0770675863	0.0255450437	-0.0248106793	0.0926317613	-0.0549440118	-0.0025580031	-0.0112145408	-0.0257035977	0.0954122795	-0.0384386262	0.0536528841	-0.0489375881	-0.0765935899	0.0686045498	-0.0116744651	-0.0010077049	-0.0062396431	0.0241476477	-0.1526669487	-0.0897125748	-0.0405551949	0.0410595535	-0.010419738	0.0130700218	0.0757084757	0.0149209048	0.0886234459	0.0807879487	0.0682378621	0.0517055788	0.0321558829	0.0107296473	-0.0159795707756131	-0.0020807629889815	4.32957461631564e-06	0.0002553466821728	-0.0128994942815694	0.0236943209749113	0.0005614208464621	0.0001663969527202	0.0084447621223944	-0.010739686045369	0.000115340856353	7.131400730382717e-05	0.0005989868641566	-0.0006599791034115	3.587852634321573e-07	4.3557241693984733e-07	-0.0001980377182919	1.8286989720000139e-07	3.921893786626194e-08	3.344139930193906e-14	-0.0001269402875395	0.0002229347994151	4.9699924790250887e-08	1.6113836600610938e-08
763.8313818564122	-0.0823244206336539	583438.3799086763	0.0067773102326667	980.086559122259	-0.3175303285771633	960569.6633721092	0.1008255095663213	779.6096956178591	-1.0558786936350089	1.114879815672373	607791.2775013709	803.5074191016814	680.017915277238	1.000646	28.641796	0.0680630033563282	0.041452804139799	0.0903275098	-0.0370029788	0.0149492009	-0.0139644562	-0.0331173226	-0.0387424889	-0.0028633864	0.0761139786	-0.0172555183	0.0105911134	-0.0165430655	0.0562121256	-0.1178293043	0.0351545344	0.0319001692	0.0455684246	-0.0329620403	0.0608689713	-0.0925069568	-0.0375620068	-0.0014589016	-0.0287267198	-0.0146090283	-0.0220048632	-0.0195688916	-0.0157427956	0.0059250448	0.0430822597	-0.0509355708	0.0513799708	-0.0395165762	-0.0794190506	-0.0221452494	0.0355269163	-0.0114467934	0.1150597752	-0.013425454	0.0137207775	-0.0351075883	0.0248107115	0.0474319831	0.0145244565	-0.0147041076	-0.1144965406	0.0527909775	0.0514900528	-0.1146262965	0.0275187833	-0.092835345	0.027940062	-0.0051285199	0.0026516235	-0.1433135811	-0.005041075	-0.0207129631	-0.0576804276	0.0300042588	-0.0482492144	0.0487238789	-0.0215140542	0.0716183771	-0.0932024364	0.0237004179	0.020266239	0.0812400185	-0.0340463007	-0.0593811709	-0.1351182566	0.091657753	0.0418329932	0.0187791746	0.1106123427	-0.0589594989	0.094502145	-0.0734348098	-0.0529633027	0.0331278294	0.1529183404	0.087530625	0.0361047261	0.0908901851	0.1003928777	-0.0176060045	0.1108940778	-0.0904046179	0.0957101996	0.0545111318	-0.0099674626	0.018479177	0.0011849921	0.1352022741	-0.0015782721	-0.0173668959	-0.0404976748	-0.043507158	-0.131620747	-0.0006016974	0.0992007318	0.0309447122	0.0766628196	-0.0133697805	-0.0161350043	-0.049455322	0.0622591713	-0.0691899239	0.0136594006	0.0595708898	0.0730792927	-0.0288033152	0.0284728203	-0.0042369467	-0.0470861324	-0.0272367266	0.0172845146	0.0069511817	-0.0074634217	0.1326534731	0.0820445187	-0.0769314342	-0.063437668	-0.0525403563	0.0701184619	0.0495382195	-0.0730783531	-0.0142050922	0.0286654464	0.0089696123	0.0305874204	-0.0667522679	0.0291379643	-0.1195636047	-0.0076128316	-0.0322763587	0.0162212131	-0.039447244	-0.0946636589	0.0140789331	-0.07624506	0.0276084803	-0.142326248	-0.0432519573	-0.0785572521	0.0361907059	-0.0792817769	0.0771803552	-0.0113646896	0.0629282584	-0.0521105151	0.0729714176	0.0199217423	0.0563179609	-0.0008844563	-0.0154661384	-0.0081845471	-0.0436920134	-0.0044111172	0.1603577652	0.0919178188	0.0532728473	0.0371918348	-0.0163175469	0.1254146154	-0.0245546745	0.0314096745	-0.0771899922	0.0498288276	-0.0074703842	0.0267920706	-0.0359076953	0.1625351487	0.0145845218	-0.1178770625	0.1077341037	-0.0669571703	-0.0380694353	0.0449406573	-0.0531430819	0.0234109644	-0.0875944307	0.0113230862	0.0146475009	-0.0759928865	0.0392638413	-0.0487608352	0.0076262572	-0.1025215446	-0.0384151555	-0.0435430556	-0.0072096876	0.0399273005	0.0982775627	-0.0608652423	0.0296741226	0.0019105856	0.0282323195	0.0645496059	-0.031514378	-0.0264715237	0.0937117608	0.1296946111	0.0883293083	0.0796476241	0.0658046293	0.047697375	0.0264992443	0.0035839144	0.0038913535339588	0.0198709243095719	0.0003948536329167	1.5142632326253644e-05	-0.0476002228928678	-0.0347007286112984	0.0012041405661549	0.0022657812194506	0.01908577842363	0.0106410163012356	0.0001132312279231	0.0003642669380359	0.0005839915531975	-1.499531095910001e-05	3.410461342060285e-07	2.2485935076010486e-10	-0.000198024664143	1.305414890000558e-08	3.9213767608947945e-08	1.704108035035169e-16	-8.494196996305313e-05	4.199831757644687e-05	1.763858679252086e-09	7.215138261204221e-09
763.5318044318265	-0.2995774245857774	582980.8163789209	0.0897466333214471	976.5205022638494	-3.566056858409638	953592.2913416406	12.716761517410418	779.0331210803699	-0.5765745374891367	0.3324381972808118	606892.6037402223	802.7410279902354	686.8832266918323	1.008264	28.859865	0.0897129047003659	0.0477099807374216	0.0421824491	-0.012767648	0.0072482963	-0.056650742	-0.0270775295	0.0130655721	-0.0607765061	0.0282646174	-0.0074595913	-0.0995079839	0.0001196969	0.0394081042	-0.0184149081	0.0820522437	-0.0159842131	0.0923394522	-0.0553416888	0.0054732647	0.0328913276	-0.0036286653	-0.1352412709	0.0058954489	0.0782759967	0.0211818783	-0.0514550485	-0.060330905	0.055018856	-0.0903752616	-0.0632203084	-0.0228218992	-0.0960906895	0.0579836619	0.0384932417	-0.0303044826	0.0211264035	0.0971466174	-0.0233774292	0.1134393078	0.0704255097	-0.1216158136	0.0332474579	-0.0278231572	-0.0589325778	-0.0335674686	0.0965070786	0.1106143493	0.0093084116	-0.0627329424	-0.0170256957	0.0700929948	-0.0832694356	0.0064561308	-0.0631765668	0.0688202363	0.1124259582	0.073222793	-0.0041448152	0.0183522758	0.1011919254	-0.0506097158	0.0305861809	0.020016179	0.0726548135	-0.0123944832	-0.0465466882	-0.0059603316	0.0339209067	-0.09716322	0.1528889691	-0.0426678179	-0.0257544199	-0.0373271677	-0.0146377639	0.0049362569	0.0653465773	0.0325956208	-0.0605379876	0.0458181554	0.0620183303	0.0872608368	-0.0676917189	0.0182872647	0.0522889187	-0.0403795187	0.0995582239	-0.084276763	-0.1040545808	0.096448439	-0.0421597391	0.039607415	0.0586597308	0.0531049029	0.0598150121	0.0015554448	-0.0711195146	0.0382882433	-0.0043527313	-0.0201171707	-0.0685604801	0.0245449882	-0.0119644111	0.0268419611	-0.0187811537	0.1204809413	0.0058806098	0.0669984115	-0.0059422968	-0.010011926	0.0456160076	0.0366677726	-0.0784610059	0.0358534467	0.1163616349	0.0851960333	0.0326813277	0.0532280849	0.0557491603	0.0216263559	-0.0849324374	0.0006238885	-0.0698211303	0.0152046171	0.0331938891	-0.1978599172	-0.0914607059	0.0202470261	-0.0251222253	0.0389160478	-0.0350042894	0.007102929	0.0129690463	0.1105384492	0.1086816427	-0.002932728	0.0188985603	0.0013985381	-0.0555617964	-0.0721330059	-0.0019640818	0.0633245486	0.0559858501	0.0458845892	-0.1058832334	-0.0563873271	0.0040219317	-0.1100578266	0.0179253839	-0.0447183836	-0.0522232216	0.0568664207	0.0460890274	-0.0520475622	0.0167071163	0.0179734164	-0.082930344	0.0504305414	0.0108501261	0.0075269527	-0.073747652	-0.0814922907	0.0469834116	-0.0874523682	0.0344696564	-0.0545314738	0.0098481156	-0.0720776105	-0.026984826	0.038074421	-0.0244155132	-0.0421108328	0.0669158824	0.1020036455	0.0214432662	-0.0285061811	-0.0507849208	0.0538203011	-0.0159597062	0.0026318286	-0.0678822156	0.0248168123	-0.0069451872	-0.0778189752	0.0925190197	-0.0926591462	0.1036378587	-0.03268569	0.0486186138	0.033875677	-0.0038550212	-0.0941261833	-0.1655890049	0.0350779543	-0.0821057972	-0.0155181224	0.0021269745	-0.0738271793	0.0603345465	0.0400205648	0.0284986891	-0.0174350823	0.0880200359	0.0784527129	0.0632699305	0.0435584361	0.0207291319	-0.0035839144	-0.0010010188301521	-0.0048923723641109	2.393530734911608e-05	1.0020386983190789e-06	-0.0203448236302534	0.0272553992626144	0.0007428567889645	0.0004139118485461	0.0034184278643607	-0.0156673505592693	0.000245465873547	1.1685649063837656e-05	-0.0001080016053784	-0.0006919931585759	1.166434676431164e-08	4.788545315158507e-07	-0.0001069983603607	9.10263037823e-05	1.1448649119878217e-08	8.285787980267563e-09	-3.000578203382592e-05	5.493618792922721e-05	3.017984744195369e-09	9.003469554614702e-10
764.0336926813152	0.5018882494887293	583747.4835522464	0.251891814974861	975.8297918059608	-0.6907104578885992	952243.7825760648	0.4770809366366784	780.897763890905	1.864642810535088	3.4768928108801918	609801.3176498157	803.2534801667067	680.8684410927316	0.968115	27.710669	0.0741158646109349	0.0401266860937284	0.0445765346	-0.0082081192	-0.0379634388	-0.0239895026	-0.05598828	-0.0367628838	0.016735568	0.052920772	0.0163810834	-0.1446453059	0.0178345963	0.0577125289	0.0091932021	0.0450191661	-0.0845901686	0.0335381061	-0.0460235094	-0.0032106479	-0.0200491724	0.0301861567	-0.0604202483	-0.1106007976	-0.0465145867	0.0045117378	-0.053577864	-0.0707277166	0.0232746752	0.0234076024	-0.0647908546	0.0306788861	-0.0431974757	0.1380937603	0.031315607	0.1271285187	0.082323907	0.0630649515	-0.0081879579	-0.0109306669	0.0363154154	-0.0933490737	0.00196904	0.0509861015	-0.0394893978	-0.0019245141	-0.1134490557	0.0275785086	-0.0359056426	-0.0714735255	0.0157945399	0.0909900732	-0.0484889869	-0.0476426618	-0.0865411253	0.0731925621	-0.0883683871	0.0789750949	0.0474492156	-0.0158290123	0.1546114777	-0.1037142965	-0.0870504071	-0.0446433636	-0.0689901218	0.1461606888	0.0448278346	-0.0285755044	-0.0063271647	-0.027216283	-0.0990963972	-0.124437864	0.0115642955	0.0163265374	0.090072783	0.079615076	0.100151992	0.0369293882	0.0042265484	-0.0336052304	0.0279329171	0.0027893114	-0.0174204952	-0.0148575877	-0.0733693751	-0.0794766512	0.128875618	0.0511522953	-0.0222470829	-0.0853057739	0.0180144906	-0.1364484663	-0.010565153	0.1468722946	0.1016600826	-0.0829203105	0.0141522116	0.0716484601	0.0044538359	-0.028993427	-0.0515990099	-0.0771492325	-0.0761763973	0.0693613616	0.023066601	0.0764121407	0.0001741892	0.0331539916	0.0137293529	-0.0617377807	-0.0212975013	-0.1323375131	-0.0121592799	0.0177513421	-0.0038478618	0.0183266663	-0.0517284327	0.0775234138	0.0711741612	-0.0544065781	-0.0975466893	-0.0593604372	-0.02101983	-0.0896513267	-0.0307532302	-0.1442295869	-0.0704180123	0.0635331745	0.0330951667	0.1073415325	0.0318792685	-0.0551880266	-0.0286225996	0.0139687096	-0.1294639767	-0.0911247616	-0.0657932593	-0.1179957442	0.0900581151	0.0096084763	0.0992373525	0.0266816266	0.0423565149	0.0014895602	-0.0474839595	-0.0306743604	0.0353215651	0.0001772008	-0.0061708694	0.0389109538	-0.0031896645	-0.1027425857	-0.0449497693	-0.0583348156	0.1069228552	0.0146063986	0.0196432741	-0.1223102017	-0.0050370254	-0.0317549767	-0.0177660754	-0.0056746429	0.1186375344	-0.1116356762	0.0796293715	-0.0134608321	0.1445664137	0.1014391216	0.105075865	0.0644553398	0.0788466164	0.0235754707	0.0177191378	-0.0705456074	0.0306343859	-0.0937437454	-0.0444341856	-0.1120010031	-0.0337808526	-0.0313544907	-0.073755216	0.0094793068	-0.0025051223	-0.1161848403	0.0381909787	-0.0957398517	0.0856466392	-0.0628929434	0.0466150422	-0.0552212596	-0.0363681837	0.0902470118	0.0149567021	-0.043922905	-0.0093004652	0.012132186	0.1010635324	-0.0643260371	-0.0700229363	-0.1058666192	-0.0303209379	-0.0549160725	0.0876956817	0.0772040342	0.060637674	0.0393001065	0.0148702542	-0.0107296473	0.0162510981785004	0.0172521170086525	0.0002976355412802	0.0002640981920072	-0.0533683030764819	-0.0330234794462285	0.0010905501947354	0.0028481757732632	0.0159587107080909	0.0125402828437302	0.0001572586938007	0.0002546804474645	-0.0001720107095499	-6.400910417150002e-05	2.9587684199860066e-08	4.0971654168379405e-09	-0.0001189845279776	-1.1986167616900005e-05	1.415731789805228e-08	1.436682141404223e-10	-0.0001800102164919	-0.000150004434458	2.250133035708664e-08	3.24036780414607e-08
763.1252155218294	-0.9084771594857556	582360.0945652386	0.8253307493073072	973.6102017922836	-2.2195900136771343	947916.8250340112	4.926579828815261	778.7001745550482	-2.197589335856833	4.829398889071675	606373.9618520625	801.5302767914277	690.4090852440248	1.002116	28.683889	0.0796338782424578	0.0491123289291739	-0.0041495818	0.0217539984	-0.0159715668	-0.0693855903	-0.0361407326	0.0121442112	0.0235719138	-0.0072246989	-0.0180604658	-0.1513873579	-0.0095337865	0.0075940801	0.0508745438	-0.0068235757	-0.0259585195	0.0531737583	-0.0482269757	-0.0189140163	0.0432858094	0.1084763518	0.0186285434	-0.0364513777	0.0775729923	0.0193119885	0.017710713	-0.0779707693	0.0093939449	-0.072652238	-0.0272330429	-0.0621773719	-0.0600058363	0.0515091746	0.0918374968	-0.0551322058	0.1738826673	0.0379591603	0.0566388403	0.0168199401	0.0325599289	-0.0612486818	-0.015039046	0.004175519	-0.0626055095	-0.0423528874	-0.0145357166	-0.009302959	0.0229859809	0.0300172667	0.0006537424	5.24432e-05	0.0417315832	0.0969604212	0.0726266509	-0.031612019	-0.0867014612	0.0682292336	-0.0221101718	-0.0404617264	-0.0039679164	0.0695406228	0.0781757469	0.0602761723	0.1095717203	0.0550667308	-0.0276793675	0.0252348581	0.030272233	0.0156808733	0.0310373595	0.0202508018	-0.0778878506	-0.1139113021	-0.0605179563	0.0347701297	0.0295847275	0.046137466	-0.0525827894	-0.0063919998	-0.0424764959	0.0617920263	0.0152540473	0.0712634086	-0.013271736	0.1390384104	0.0151233069	0.1044247813	0.0477349436	0.0331744715	0.0360792252	-0.0652279405	0.0003998911	-0.0746793364	0.0530491384	-0.0751201474	0.0968971444	-0.0699787226	0.1333437681	0.0587060417	0.069766682	0.0010103516	0.0274650888	-0.077681425	0.0181458659	0.0392546501	0.0446618371	0.0131947963	-0.0403195675	-0.0701278327	0.0466069056	0.0121903116	-0.054645298	0.0552661033	0.176038372	0.0481728741	0.0417787761	0.026958649	0.1033828507	-0.0823123816	0.0134242175	-0.0310541594	0.0392416755	-0.0489705437	-0.0017659721	0.0278154445	-0.0011034364	-0.0591347042	0.0253874395	-0.0036140452	0.0134482866	-0.111008803	0.0409653753	-0.0005970846	-0.0155783755	0.0036285579	0.0492364122	-0.0631425487	-0.0440663753	-0.0364273704	0.0115937605	0.0819510712	0.032811544	-0.0126780706	-0.0303654645	0.0639289043	0.0233818109	-0.0447659636	0.0952212964	0.0022647264	-0.022673807	-0.0264801184	0.0088194548	-0.0976473759	-0.0162286282	0.0327264053	0.0359597351	0.0312020635	-0.0135388402	0.0383369804	0.0466505561	-0.0143858082	-0.1192063551	0.0630080488	0.01433618	-0.1249783666	0.0299647872	-0.0665260742	-0.085438571	-0.1095948307	-0.0323949495	0.0505609301	0.0280859371	0.0007441714	-0.0048697756	-0.0007945213	0.0155418902	-0.0061747739	0.020527713	-0.003341758	-0.0664995648	-0.0281296138	-0.0453197807	-0.0843511408	0.1214521056	-0.1562896379	0.1097798336	0.0695803416	0.022675093	0.0592679699	0.0113696661	-0.0787187318	0.0641124209	0.0531887797	-0.141868814	-0.0698884151	0.0354131438	0.0237149357	-0.0316245254	-0.0404566389	-0.1003129527	0.0464472652	0.0873563013	0.0759024438	0.0579119187	0.034934058	0.0089476998	-0.0178092284	0.0118233399270479	-0.0044277582514525	1.96050431333057e-05	0.0001397913670305	-0.0142441710115264	0.0391241320649555	0.001530697709836	0.0002028964078056	-0.013422562745319	-0.0293812734534099	0.000863259229744	0.000180165190652	-0.0001720232666783	-1.2557128399999465e-08	2.959200427867352e-08	1.5768147365407307e-16	-0.0001979794692961	-7.89949413185e-05	3.9195870262765403e-08	6.240200753913259e-09	-0.0002350170074978	-5.500679100590002e-05	3.025747056766763e-09	5.523299381322098e-08
764.3124116670649	1.1871961452354751	584173.4626283249	1.409434687261972	981.047009858218	7.436808065934315	962453.2355517504	55.30611420954569	780.4660680272558	1.7658934722076085	3.118379755185443	609127.2833419251	803.7544173521968	682.1396433800543	1.049665	30.044876	0.0909925692643785	0.0556150660768691	0.0192036706	0.0038435539	-0.077417679	-0.0050831844	-0.0627760737	-0.0565214937	0.0472613248	0.0480061353	0.0920688961	-0.0822567554	0.0429595646	0.0510052641	0.0298106639	0.0139079523	-0.064352192	0.0194008068	0.0412060086	-0.0538050381	-0.0442990418	-0.0404901496	-0.0688365726	-0.0645729126	-0.0671694684	-0.0593773407	0.0085598704	-0.1484538328	0.0230699526	0.0919440921	-0.0309707553	0.006141769	0.0729878715	0.0988426086	0.0871505925	0.0288920217	0.0780497344	0.0346477957	-0.0557579216	-0.0918093861	0.0011634833	-0.0645390859	0.1372512854	0.0099858758	0.0857464881	0.0017045769	0.0374888162	0.0248928357	-0.0901013736	-0.0327895647	0.1543560619	-0.0910197655	0.0733141306	-0.141405884	0.0463361876	-0.0413009411	0.0832181896	-0.0425047923	-0.0216385009	0.0566811992	0.0118831358	-0.0448183509	-0.0186256308	0.0567707515	-0.0199654313	0.1195213254	-0.0262548532	-0.043738924	0.127348087	-0.0207709643	0.0061511521	-0.0015169718	0.084590483	0.0578599861	0.0050736409	0.0927022251	0.0478991913	0.0579025685	-0.0873760243	-0.008969743	0.0891288011	-0.0175765684	-0.0291259768	0.0249632371	-0.2154205113	-0.0238778717	-0.037101563	0.0060593587	-0.1085458354	-0.0016171754	0.0204329222	0.014138574	0.0257004942	0.018344822	-0.0180777951	0.0671679992	-0.0113149314	0.0250778812	-0.0459941306	-0.0436375939	0.0678857643	0.0374761723	0.0787146198	0.0806110445	0.034281019	0.0423777325	0.0117281355	0.0013993569	-0.0380328418	-0.0459348103	-0.1139284608	-0.0537757412	-0.0018695654	0.0386541625	-0.0427106064	-0.016763406	-0.1066383963	-0.0404900337	0.0759232896	-0.0452872839	-0.0760205428	-0.0612916197	-0.0117282638	-0.1139728625	-0.0412683767	0.0145623547	-0.0303404118	-0.0465302497	-0.0404021142	-0.0057693511	-0.0916381677	-0.0229206768	0.134889617	0.0008829521	0.1338186785	-0.0139261871	-0.0262445351	0.0642566527	-0.1228644334	-0.0221420485	0.1275736586	0.0537292336	-0.1821069504	0.0034151896	0.0225768293	-0.1484175819	0.0845282259	0.0106016421	-0.1112476175	0.0627613299	-0.0218624748	-0.0381547152	-0.0159215053	-0.0170417636	0.1525071885	-0.0120140917	0.0215140443	0.064561317	-0.0366976997	0.0379615946	0.0314693468	-0.0921226425	0.1210958976	0.0062216603	-0.0296367392	-0.047961195	0.0054316775	0.0561146478	0.0088474547	0.0652084628	0.0173328813	0.0899500566	-0.091397999	-0.0595515487	-0.018770445	-0.0047326426	0.0566461889	0.0485255713	-0.0084163231	-0.0516812445	-0.1156844961	-0.0171492587	-0.019807211	-0.0852561149	-0.0042499436	-0.1408439539	0.0716419447	0.0213658426	-0.0015594604	-0.080615553	-0.0534374671	0.0221005292	0.1178826167	0.0188258919	-0.0870327923	0.0374277848	0.1073117665	-0.0096682388	0.0596814138	0.0168910219	-0.0023532054	-0.0071979583	0.0870019529	0.0745488335	0.0550968674	0.0304722578	0.00298683	-0.0247790096	0.0136210408640096	0.0017977009369616	3.231728658752969e-06	0.000185532754219	-0.0641085136490886	-0.0498643426375621	0.0024864526666762	0.0041099015222953	0.0047054110153368	0.0181279737606558	0.000328623432667	2.2140892823252892e-05	-8.39841559484236e-05	8.803911072987641e-05	7.053338450369134e-09	7.750885018107441e-09	0.0001360095556508	0.0003339890249469	1.8498599228328064e-08	1.1154866878498104e-07	-0.0002329941045906	2.022902907200004e-06	4.092136171958229e-12	5.428625277397546e-08
763.2573539222245	-1.0550577448403828	582561.7883163559	1.1131468449476745	974.1241517933933	-6.922858064824709	948917.8631071978	47.92596378570851	778.265551936519	-2.200516090736756	4.8422710655913725	605697.2693310546	801.1751768152723	699.7192496388898	1.076463	30.811943	0.0663203553990331	0.0413104535765293	-0.0407460815	0.0252043899	-0.0455199695	-0.0830106834	0.0308776376	0.0240858648	-0.0662181733	-0.0467974626	8.59441e-05	-0.0480439647	0.0451544706	-0.0360214291	0.0256496324	-0.0204618386	-0.0650439192	0.0060999451	-0.0490210308	-0.023489852	0.1161687696	0.0269491278	0.0095723857	-0.0299930967	-0.0558352918	-0.0646582586	0.0441604063	-0.0718346973	0.0088511423	0.0127545616	-0.061577198	-0.0568259381	-0.0360833825	0.0185480781	-0.0281314268	-0.0687009504	0.121888251	-0.0262323273	-0.0659297018	-0.108144429	-0.0640124989	-0.0869687077	-0.0910704012	0.0392710165	0.0268475653	0.0271128195	0.0086577374	-0.0871525581	0.113411922	0.1229147823	-0.0944001768	-0.02991419	0.0197793606	-0.0167380515	0.0224464815	-0.0214538007	-0.0741988855	-0.0885680993	-0.0131096234	0.0324747818	0.1437515292	0.0231283907	-0.084557622	0.0473066029	0.0350589637	-0.0506746018	-0.0663607839	-0.0211731209	0.074342451	0.0777611702	0.0040587567	-0.1141222695	0.0448091036	0.0933445708	0.03671773	0.0277665445	0.0859926709	-0.0842623151	0.0321479024	0.1061615762	-0.0589794611	-0.05650853	-0.0746480801	0.056908983	0.0248893035	0.0153167964	0.0002982431	0.0008983248	-0.0542309783	0.0749862118	0.0251029874	-0.0321447482	-0.0311479517	0.1705093751	0.1014388465	0.0242320557	-0.1211669151	-0.0225436596	-0.0089154872	0.0753451396	0.0225342095	0.0215934526	0.0411712166	-0.0187702026	0.0362098494	0.03826203	-0.0211675975	0.0264553878	-0.0684285852	-0.0807707262	0.0742827439	0.0306387872	-0.0836681181	0.0016494937	0.1231375957	-0.0422933803	-0.0089636719	-0.0314860592	0.0720816152	-0.0201532916	0.0555592556	0.0269665406	0.1552129451	-0.019977491	0.0184673174	0.056864368	-0.0070608917	-0.040755666	-0.0240607042	-0.043070136	-0.1641005632	-0.0165115032	-0.0161990705	0.0346945141	-0.1133938432	0.0215828455	-0.017346	0.0552506451	0.0865898909	0.0590515795	-0.0347310314	-0.0364395521	-0.0196337856	0.0545936868	-0.0051531535	-0.0181498594	0.025096739	0.0115275064	-0.0030307838	0.0900642761	0.0291321687	-0.0353424966	0.0516695822	-0.0806592638	-0.0009300432	-0.0200568068	-0.082234364	-0.1025749428	-0.054900285	-0.0721955097	-0.0893140335	-0.0690584316	0.0097699323	0.0311216715	-0.0445940632	-0.0270484615	0.0684926038	-0.0166901541	0.1612926382	0.0230935158	-0.0987529824	-0.167527195	-0.0127426878	-0.0319901987	0.0296402319	-0.0185673061	-0.0787601831	0.1065650109	0.0157399113	-0.0510726773	-0.0450653759	-0.0378141329	-0.0019640634	-0.1027762253	0.1472740589	-0.1192005675	0.0751757876	0.1087008432	-0.0812743475	0.0806630305	0.0129929346	-0.0646947616	0.0054086279	0.0749276419	0.1214567129	0.0241432161	0.0237840105	0.0181953951	0.0512151939	0.0341104128	-0.0181719664	0.0501562728	0.0866326972	0.0731441312	0.0521968607	0.0259269352	-0.00298683	-0.0315960199	0.0214321982394096	0.0078111573754	6.1014179543265816e-05	0.0004593391213733	-0.0277110083795975	0.036397505269491	0.0013247783898426	0.0007678999854141	0.0046439649224936	-6.144609284319986e-05	3.775622325695138e-09	2.156641020135099e-05	-0.0001720211877209	-8.803703177247641e-05	2.959128902490912e-08	7.750518963308022e-09	-0.0001979813590577	-0.0003339909147085	3.9196618534333934e-08	1.1154993110782055e-07	-0.0002140171178456	1.8976986745e-05	3.601260259199057e-10	4.580332673093744e-08
764.0007770898377	0.7434231676131731	583697.1873938759	0.552678006144004	977.9058029218154	3.781651128422141	956299.7593881604	14.30088525709645	780.1793920385229	1.91384010200386	3.662783936038145	608679.8837615992	803.0065621652401	688.6104676730234	1.144374	32.755764	0.1090410005567221	0.0604422933506411	0.0015645611	0.0429253297	-0.0623276224	-0.0229028399	0.0457282856	-0.2402778224	0.0887185196	-0.0995962742	-0.0250420254	0.0319629416	-0.0067098817	-0.006269882	0.0579204357	0.0633645133	-0.0544141842	0.046460517	0.026507531	0.0277395028	-0.0252165158	-0.0475173716	-0.0548708154	-0.039877874	-0.0138264751	-0.0222397163	0.0275659677	-0.0335418964	-0.0229467825	0.1954180851	-0.0944813875	-0.0208402174	0.0542581418	0.1368004171	0.0717083399	-0.0450605876	0.1413517595	-0.0873923992	0.0937086088	-0.0763083837	-0.0816324682	0.1614108364	0.0515397323	-0.012471696	-0.0863098438	0.0230306893	-0.0347268402	0.1245355707	-0.0162230578	0.0267099689	-0.0525696636	0.0446053939	-0.0363085632	-0.0687584609	0.1679477496	0.0305137409	-0.0792806283	-0.068245205	0.0580846211	-0.0008664903	0.046789265	0.0309947838	-0.057257784	0.0704340183	-0.023437128	-0.054647896	-0.0507664903	0.1163707612	0.1477666869	0.0039791235	-0.0314541347	0.0370246473	-0.0203758918	0.0434810511	-0.008577435	-0.0806755984	-0.0321741316	0.0191920726	0.1685664292	0.0310558449	-0.0185643793	-0.0643092059	-0.0655706771	0.032994472	-0.0260908165	0.0396259436	0.0490442604	0.0544820269	0.0133614208	-0.0996266379	-0.0734044584	0.0987995131	0.0926664208	0.0166824886	0.0691534293	0.1419950891	-0.0716698559	0.083695683	0.0708889937	0.0358186659	-0.0341772639	-0.0484754077	0.0201938947	-0.0128327228	-0.0174392601	0.082714616	0.006442847	0.0355861442	-0.1190516923	-0.0601499606	-0.1210877056	-0.1346237916	0.1178858334	-0.0011895986	0.0275284468	-0.0067793337	0.0422622758	-0.0546729411	-0.0056422526	-0.0666857968	0.0737483676	-0.1171380626	0.0777591289	-0.0710275275	0.0889833291	0.1729936926	0.0002912289	0.0392326333	-0.0477571091	-0.0293921138	0.0457665078	0.0781637151	0.0075663037	0.1068962243	-0.0713605051	-0.0057636901	-0.0538067784	-0.0431688943	0.023398133	-0.0123777683	-0.0532072019	-0.063051504	-0.0169969023	0.051055974	-0.1121465904	-0.0222771214	-0.086093827	0.1000776268	-0.0601613183	0.0696193767	-0.0267264194	0.0707816873	-0.0726218084	-0.0532412623	0.0130626231	0.1518851507	-0.0356730962	-0.0624640979	-0.0028346225	0.0018501147	0.0070327456	-0.0460406177	0.0110960317	0.0125888058	-0.0165559918	-0.0739406717	-0.0433987194	-0.1542372036	-0.04891882	0.1336516472	-0.0228764974	0.0550218825	-0.059162935	-0.0602015549	-0.0542653346	0.0347562173	0.0072274025	-0.0226713839	0.0218869296	-0.0769496745	-0.1409833054	-0.0559103273	-0.0955046041	-0.0171352919	0.101767362	0.0395135086	0.1163953902	0.1382087871	-0.0863797148	-0.1899760237	-0.0302827009	0.1034198732	0.0201097943	-0.0542279433	-0.0475258765	0.0851207324	0.0257046613	-0.1404724128	0.0377730278	-0.0617699126	0.1691007302	0.0171075182	0.0862485974	0.0716892996	0.0492163702	0.0213105486	-0.0089476998	-0.0382182304	0.0202424699941445	-0.0011897282452651	1.415453297581576e-06	0.0004097575914638	-0.0740730442353054	-0.0463620358557079	0.0021494383686859	0.0054868158822855	0.0045174076075795	-0.0001265573149141	1.6016753958266738e-08	2.040697149301714e-05	-0.0007251278556603	-0.0005531066679394	5.258104070545048e-07	3.059269861190257e-07	-0.0007428760929437	-0.000544894733886	5.518648894672968e-07	2.969102710166948e-07	-0.0003432692988369	-0.0001292521809913	1.6706126291007772e-08	1.1783381152397697e-07
763.2386567233223	-0.7621203665154326	582533.2471168214	0.5808274530576173	975.1993972171437	-2.706405704671738	951013.8643326804	7.324631838279727	778.8766011647634	-1.302790873759477	1.697264060750982	606648.759841974	800.5438643515326	694.3750250440819	1.228196	35.155022	0.1241619957990144	0.0591889983246696	-0.0652642021	0.0403203113	-0.0487277537	-0.0206867806	0.0218552078	0.1745674105	0.0472074958	0.0404844707	-0.0424322367	-0.0363397125	0.0544578672	0.0282066959	0.0321047281	-0.1198021081	-0.0260274544	-0.0362896821	-0.0688733564	-0.0412040435	0.0941610079	0.0103932266	0.0659838109	-0.0069533451	-0.0248963933	-0.0148228435	-0.0512569697	-0.0049780773	0.0012060934	0.1001988084	-0.0007023816	-0.0860570014	-0.0228514407	0.0397910791	-0.0046481567	-0.0858669336	-0.0814146216	0.119390098	-0.0856504711	0.0233275095	0.0585377503	-0.0688446773	-0.1027089053	-0.0433201248	0.0189280147	-0.0467466667	-0.0102946478	0.0618028514	0.045564194	-0.0241938259	0.0390806529	-0.0167242542	0.0217027437	0.0018399802	-0.0868742226	0.0436937515	0.0290401706	0.0092987162	-0.0003358456	0.1165665161	-0.0076497124	0.0385494419	0.0787011761	-0.0145576308	-0.0106551737	-0.0547121488	0.0430742061	0.0318650761	0.067196303	-0.075393228	-0.0579625162	0.0145111278	-0.0484289786	0.0311917891	-0.0029588972	-0.0234888676	-0.0377234778	-0.0147974022	0.0885139169	-0.0287521684	-0.0409835822	0.0275019021	0.0240662477	-0.0659535238	-0.0313928968	-0.0311923832	0.0924388293	0.1190000073	0.0421875913	0.0641427933	-0.0797301032	0.1373720694	-0.0348995104	-0.0158498113	-0.0108752809	0.0172185598	0.0113158609	0.1164905202	-0.0595667082	0.0246425216	0.0649727811	0.0045694125	0.0371017885	-0.0181609323	0.0823335588	-0.00866581	0.0083999212	-0.1130878598	-0.0028070452	-0.0606786595	0.0157301831	0.013420396	-0.1311086556	0.0271748013	0.0018869746	0.1247125151	-0.0723468928	-0.1124561647	-0.0113340434	0.0715426207	-0.0781474028	0.1288054961	0.0095760348	0.0385962774	-0.0406455041	-0.0436933917	0.0230810158	-0.0649587362	-0.0647876722	0.0320929477	0.0176878323	0.0131836253	-0.044393342	-0.0264578477	0.0603189836	0.0529014985	-0.0188787815	-0.0242980253	-0.0224234497	0.0012307687	-0.0620786622	0.0446176032	-0.0059414291	-0.0332868505	-0.0015183825	0.011004392	-0.0173260576	0.0419610978	-0.0497872881	-0.0037074825	0.0865127718	0.0361439715	-0.026847618	-0.0769032232	-0.0064850629	0.0481074991	-0.0969581883	0.037631349	0.0587674255	0.0271553167	-0.0782103038	-0.0279626044	0.0758013401	-0.0118791103	0.0425676654	0.0424945717	-0.0123611471	-0.0389253107	0.0464614668	0.0159570795	0.0636108288	0.1113630402	-0.1327004204	0.0135543268	-0.0756978038	-0.017933114	-0.0156116172	-0.0066590701	-0.0225632403	-0.1100448429	0.0533281001	-0.0995224516	0.1004419792	-0.0990373722	0.0026347519	-0.1415724955	0.0637907848	-0.0592744417	-0.0076127684	0.032943016	0.0969821447	-0.0733799669	0.0134717266	-0.0372020635	0.0581578859	-0.0696296626	0.0115038359	-0.0431788137	-0.0772172057	-0.0322946061	-0.0027704079	-0.06267256	0.0858497193	0.0701853358	0.0461599916	0.0166357513	-0.0148702542	-0.0446048127	0.0215729450668504	0.0013304750727059	1.7701639190917738e-06	0.0004653919588573	-0.0533133582604818	0.0207596859748236	0.0004309645617732	0.0028423141690104	0.0202258967052699	0.0157084890976904	0.0002467566297322	0.0004090868975322	8.599749186532376e-05	0.0008111253475256	7.395568607126427e-09	6.579243293985639e-07	-3.800563595013351e-05	0.0007048704569935	1.4444283639740806e-09	4.968423611423193e-07	-0.0001319981902802	0.0002112711085567	4.463548131077691e-08	1.7423522237247884e-08
763.2132502784673	-0.0254064448549797	582494.4654006223	0.0006454874401691	979.5834454189649	4.3840482018212015	959583.7265388902	19.21987863589171	779.1679117013742	0.2913105366108084	0.0848618287404771	607102.6346250805	802.6737065530306	694.6307849019513	1.155789	33.0825	0.1331612534019797	0.0708672921069149	-0.0476051177	0.0511214953	0.0706878846	0.1448898896	0.0165816312	-0.0509568875	-0.0333789173	-0.0553788927	-0.0118519968	-0.0925168737	-0.0602160717	-0.0354715775	0.0771090042	-0.006883999	-0.0190170608	0.0609887826	0.1358906597	0.0425432855	0.0277796063	0.0101965854	-0.0416504535	0.018469583	-0.0170349725	0.0682548871	-0.019147888	-0.0951426921	0.0344400345	0.0169131628	0.0901620883	-0.0021975859	-0.004264826	-0.0796795048	0.0745568049	-0.0497293147	-0.0366286379	-0.0504664581	-0.1039720173	-0.0821434652	0.0571212241	-0.1233993621	0.0320465087	-0.0143814075	-0.2266667577	0.0466083511	-0.0219942668	-0.0531204972	0.0422920607	-0.0759514335	0.0481234583	0.0319100702	0.0938721865	0.0215403678	0.0002284298	-0.0110184507	0.0360501279	-0.0289617007	0.0753674709	-0.0258363216	0.0038281836	-0.1261492288	-0.0476753333	0.03483484	0.0124274771	-0.1801016998	-0.0906552997	-0.0497570743	-0.0517690273	-0.0042127593	0.0576196797	-0.0473435066	-0.0524379033	0.0561604799	0.0107630183	-0.0129404778	-0.1536465535	-0.0701748196	0.0564741502	0.0150407239	-0.041207784	0.1450632023	-0.0422794817	0.0513724319	0.0215499545	-0.0093433409	-0.043132803	-0.0571719824	-0.0344144305	-0.0806038202	0.010607702	0.0136040264	0.0153495978	0.071258087	-0.042750854	-0.1104663451	-0.0116050849	-0.0376210394	-0.0570611191	0.0648921089	0.0612667304	0.0002708927	0.1220049742	0.0486327586	-0.0465444778	-0.0421327802	0.0984866675	0.0603919346	-0.0713881448	0.1000532379	0.0148965823	0.0215185498	-0.024933343	-0.0677006678	0.0782923799	-0.0569116592	-0.0459440802	0.0157598842	-0.0390944426	-0.0427193325	-0.0394195383	0.0863496873	0.0550984951	-0.017275487	-0.0723231818	-0.1934805114	-0.0210143227	0.0161576822	0.0712611215	-0.0484195672	-0.0068627868	0.0022191005	0.0505267196	0.0264344829	0.0942551001	-0.0888707366	0.0197944894	0.0946797268	0.0920928572	0.0360650435	-0.1312983483	-0.032717731	-0.0287926829	0.1702366122	-0.0115036977	-0.0463137508	-0.0876184824	-0.0818207255	0.0500848195	0.1121408379	0.0510553412	0.1309878661	0.0308256804	-0.0028665735	0.0483580734	0.0479812188	0.0577592213	-0.0189778206	0.1113635222	0.0555210969	-0.0265229743	-0.0647512856	-0.0291128326	0.0069622586	0.0553556289	0.0386887701	0.003828662	-0.0817111951	-0.1203388691	-0.146417791	-0.0393347426	-0.0815022416	-0.0468950535	-0.0560474421	0.0440856065	0.0605339221	-0.0029616173	0.0258233162	0.0862179079	0.1169142892	-0.0486757138	-0.1346810335	-0.0300999195	0.02937477	0.0683223915	-0.1409943685	0.058301323	-0.010972364	0.0910840832	-0.0271016948	0.0206480537	-0.0560277887	-0.1104848299	-0.0114959533	0.0066215053	0.0382025305	0.0211184617	-0.0948623442	0.0530329904	-0.0114273489	0.0106741982	0.0062552198	0.0854361313	0.0686332704	0.0430324377	0.0119153566	-0.0207291319	-0.0507163915	0.001114448412693	-0.0204584966541574	0.0004185500853481	1.2419952645539474e-06	-0.0240878213579947	0.0292255369024871	0.0008541320072386	0.0005802231377746	-0.0399022869217731	-0.060128183627043	0.0036153984662874	0.0015921925015875	-0.0003060052754756	-0.0003920027673409	9.363922861889785e-08	1.5366616960294246e-07	-6.397222622145371e-05	-2.59665902713202e-05	4.0924457277288496e-09	6.742638103186208e-10	-0.0001810095570338	-4.901136675359999e-05	2.4021140710558868e-09	3.276445973757249e-08
764.2520863259581	1.038836047490804	584081.2514535798	1.0791803335663162	980.5490588708358	0.9656134518709224	961476.4568524818	0.932409338434078	781.0425749999267	1.8746632985524911	3.5143624829397067	610027.5039625162	803.7135442770349	675.1315655316577	1.11475	31.907843	0.1158954546603908	0.0638492150919516	0.0798668475	-0.0530317415	0.0084863013	0.0565914122	0.0425314744	0.0633564584	0.0838973247	0.0446660694	-0.0578331632	0.0253725356	-0.0018134607	-0.0223560341	-0.1189789709	-0.125325538	-0.0426627366	-0.0343465676	-0.0443864222	0.0398545606	0.0128296709	-0.0496452988	0.0912409677	0.0293288299	-0.0696761635	-0.032290484	0.0804863578	0.0490674035	-0.0233191711	-0.0438297705	-0.0443909492	0.0839327623	0.0658766743	-0.0290023475	-0.0243846064	-0.0650923855	-0.0531847491	-0.0145774084	-0.1094418498	-0.0417578067	-0.0308048129	0.0036552734	-0.0187069569	-0.0158958049	0.0726087029	0.0085327913	-0.0350054725	0.0582136006	-0.0417149569	-0.0850006768	-0.0223847683	-0.067747197	-0.010733916	0.0323499388	0.0221317924	-0.0583748149	-0.034375949	-0.0429391996	-0.0622049311	0.0552256403	0.0177069577	0.0110305445	0.0665487543	-0.0366170024	-0.1272913401	-0.0580674152	-0.0050372781	0.0043585399	-0.2208443511	0.0695391351	0.0310344495	-0.1344399511	-0.0645654121	0.0730609692	-0.0322662419	0.026600892	-0.001768579	0.0472073392	-0.0657961528	-0.0333270296	0.0544257872	-0.0010440329	-0.0578624134	-0.0910126095	-0.0077815273	-0.00255564	0.0166423711	0.035521141	0.0233387468	-0.1181973334	-0.0943674816	0.0045005411	0.084152816	0.0182479333	0.0952744005	0.0843801603	-0.015116435	-0.0451887596	0.0132069246	-0.0201874707	-0.0403321575	-0.0329618091	-0.1719586491	0.0857918065	-0.0259644904	-0.0482774975	-0.1343910145	-0.084282988	0.0271523759	0.0192691295	-0.0750753669	-0.0518197286	-0.0209403314	-0.0157539389	-0.0178116486	-0.0968810055	0.0062892273	-0.0097563634	0.0070372751	0.0502412479	0.0023231643	0.0169407611	-0.0185156953	0.0239525589	-0.0698700808	0.0041653646	-0.0616669657	0.0050241447	-0.0695797356	0.0201994829	0.0568053694	0.0640604825	-0.0192131998	-0.0992268452	0.0717094802	0.1273461052	0.0071517075	0.0022303483	0.1448908162	-0.0051378034	0.0647811032	-0.0206250239	0.0574040577	-0.0596394407	0.0051704492	0.0243794763	0.0134480261	-0.0151346339	0.0406085188	0.0749489282	0.0720089517	-0.0845992263	-0.0501978436	0.0382154353	-0.0085021995	-0.0467965979	0.02281558	0.0642018056	0.095354602	-0.1130838935	-0.0160423758	-0.0592860259	0.0262281732	-0.0423463337	0.0075452377	-0.093923311	-0.1607858425	-0.0187667308	0.0010703693	0.1136826008	0.0398167551	-0.0131937994	0.0830055359	-0.0683460301	6.27019e-05	-0.0091030611	-0.0964740105	0.0912415006	-0.0985081233	0.0262700964	-0.0609962163	-0.0164376959	0.0800998873	-0.0566224051	-0.0532054851	-0.0991967141	0.0571738298	-0.0463195135	-0.0957965642	-0.0717182507	0.1143256094	0.0321867438	-0.0377761676	-0.0745133886	-0.0381969066	-0.0371581084	0.059240723	0.015353723	0.0064688054	-0.0723359556	-0.0409653509	-0.0667862171	0.0850079043	0.0670341672	0.0398385309	0.0071623028	-0.0264992443	-0.0565152869	0.0121891018662836	0.0110746534535906	0.0001226479491171	0.0001485742043066	-0.0604548465769596	-0.0363670252189649	0.0013225605232768	0.0036547884746437	0.0110027152219203	0.0509050021436933	0.0025913192432494	0.0001210597422546	-7.600372414967483e-05	0.0002300015513259	5.776566084619865e-09	5.2900713612332184e-08	-2.7989885396539904e-05	3.5982340824913805e-05	7.834336845114377e-10	1.2947288512402587e-09	-0.0002660011417658	-8.499158473199999e-05	7.223569475256733e-09	7.075660742070921e-08
762.984960966926	-1.267125359032093	582146.0506617016	1.6056066755022107	976.4314412203702	-4.117617650465604	953418.3594036892	16.954775115425882	778.3287066210497	-2.713868378877009	7.365081577868527	605795.5755503961	801.716712908154	684.591854841108	1.063873	30.451569	0.0839794263720127	0.0469144236180119	0.0467583123	-0.037435705	0.0386637274	-0.0448491782	-0.0509295247	-0.0154299573	-0.1238328529	-0.0440530755	-0.0585863026	0.0030607627	-0.0100477907	-0.0307679268	-0.0447470634	0.1281699167	-0.0468843101	0.0371974456	-0.0837684916	0.0201157292	-0.0431924871	0.0086233948	-0.05538899	-0.0954606717	0.0068455086	0.0260958307	0.0035673116	0.0311975787	-0.0455143446	-0.0128747292	-0.0338993279	0.0460478638	-0.1370620041	-0.0604354626	0.0545305079	-0.0303658656	0.0346234157	-0.0599638814	-0.0870956053	0.0745321484	0.0353077796	0.1095163363	-0.1158566778	-0.0292585954	-0.0041253898	-0.0934612854	0.0170397257	-0.0510285932	0.0362709992	0.0703234645	0.0876526695	0.0429483605	-0.026668422	-0.0236852855	0.0756145495	0.0930779497	0.1337880849	0.0270643462	-0.0134755986	-0.0318343305	-0.0758949983	-0.090072332	0.1067637991	0.0321742674	0.0481321922	-0.053909106	0.0984237949	-0.0509437371	-0.0270554541	-0.0047643079	-0.024803216	0.0248131939	-0.1166297155	0.0468099533	-0.0239519254	0.0954762402	0.0685245479	-0.0546725387	0.0679405768	0.0226116131	-0.0589102136	0.0014609086	-0.0342032083	0.0249832269	0.0222477447	-0.0184523011	-0.0658515321	-0.0418443175	-0.0321815669	-0.0286807463	0.0272080123	-0.003441439	-0.0452803002	0.0147973189	-0.0176122417	-0.0430899617	0.0041244973	-0.0025149308	0.0408323483	-0.0065455514	-0.056771904	0.0504760287	-0.0666616417	0.0450611869	-0.0394933896	0.0343896704	-0.0213550851	0.1134833984	0.0121606595	0.0254163361	0.0905472044	-0.0574763561	0.0055446885	0.0076149353	0.0788895809	0.0046161223	0.0045225463	-0.151729213	-0.102513542	-0.0414218263	-0.0250323621	0.0948978467	0.0095726136	0.0365244061	0.0250825306	0.0463099324	0.0447547872	0.0548324848	0.021101701	0.0437302151	-0.0355797713	-0.0271113731	-0.0191771488	-0.0476802509	0.0631284658	-0.0841687053	0.0895750096	-0.0505023788	-0.0609617354	-0.0369488559	-0.0571096785	-0.0557579592	0.0526246201	0.019576782	0.1634689258	-0.0021043855	-0.0257652613	-0.0440657147	0.0822878861	-0.1190531659	0.0094861128	-0.0414219626	0.0259896489	-0.0572221322	-0.0053919206	-0.0202331373	-0.0549169857	-0.0196579256	-0.0475943376	-0.1663067125	-0.0281984773	-0.0184935244	0.0384776108	0.065933046	0.0189240925	0.0726963111	-0.0027368512	0.058517207	-0.0798927133	0.0048723467	0.0927836668	0.0295860865	0.1211046561	-0.017162275	-0.0709097029	0.0575059748	-0.0972375711	-0.041945713	-0.0095391746	0.0165357781	-0.0228158676	0.0524206958	-0.0252739318	-0.0435593204	0.0802427095	-0.0532640949	0.0273408964	-0.1085841309	0.0091352683	0.004046912	-0.0650154252	-0.0874005941	-0.0646852822	-0.0646645497	0.1703320051	0.040490254	-0.0007867754	-0.0284673057	-0.0792785941	-0.0699392089	0.0142277185	-0.1453204542	0.0845651116	0.0653891221	0.036583196	0.0023896175	-0.0321558829	-0.0619657467	0.0019713977000321	-0.0102177041662515	0.000104401478429	3.886408891691855e-06	-0.0187809098702587	0.0416739367067009	0.0017367170006341	0.0003527225755547	0.0022138102581692	-0.0087889049637511	7.724485046184873e-05	4.90095585917518e-06	-0.0003190056830035	-0.0002430019588538	1.0176462578852953e-07	5.904995200679612e-08	-0.00010398101334	-7.599112794346009e-05	1.0812051135213257e-08	5.774651526119321e-09	-0.0001190166178569	0.0001469845239088	2.1604450268725988e-08	1.4164955326095368e-08
763.9021322401853	0.9171712732593278	583546.4676411016	0.8412031444921365	975.3362190940164	-1.0952221263537467	951280.7402766112	1.1995115060548225	779.7373357320333	1.408629110983611	1.9842359723104783	607990.3127344897	802.3912054668009	677.1098150680153	1.038399	29.722424	0.0414575157944423	0.0229217007012151	0.0355046623	-0.0238722858	-0.0716020749	0.0005773092	-0.0703362519	-0.0869479976	0.0717974734	0.0126314101	0.0337926782	-0.0003840395	0.0550806645	0.0769619728	0.0177349518	0.0407603192	-0.0077881309	0.0438190247	0.004063177	-0.0069367119	-0.0651263664	-0.0073465971	-0.002521303	0.0169866074	-0.0934499234	0.0729355957	0.0814918064	0.0396743202	0.0104506763	-0.000132989	0.0058406082	-0.0090827162	-0.0620836934	0.1147828502	-0.0411852323	-0.0791718268	-0.0004165597	0.0366499094	-0.0111325138	-0.0622862732	0.0065828699	-0.0015063267	-0.0439494165	0.0233654692	0.0409553671	-0.0101914945	-0.0215529258	0.0566731745	0.0474472205	-0.1241452438	-0.097771531	-0.0697361601	0.0588320944	0.0791159657	-0.0843020334	-0.0185035808	0.0353963524	0.04953563	0.0147337253	-0.0201553463	0.0799154329	-0.0260485366	-0.0078360122	-0.0489903624	0.0369150176	0.1151397379	0.0708996598	-0.0074969664	-0.0551209382	0.0933103384	0.0564342266	0.0655580506	0.0161395707	0.0222822618	0.0382190085	-0.0856875016	-0.0408602226	-0.0379529678	-0.0366789536	-0.059973889	0.09424053	-0.0306824749	-0.0268268583	0.0516365437	0.0817058721	0.0762208648	-0.0389305317	0.0263642	0.0873912214	-0.0464984211	0.0852708621	-0.0228546298	-0.0441059326	0.0089059369	0.0237279135	0.0020196983	0.0496290767	0.0261746195	0.0605734979	0.1270890497	-0.0108910595	-0.0349209241	0.0238496496	-0.0706555955	0.0496573346	0.0769552175	0.0412593714	0.0695385157	0.0544988317	-0.0259580024	-0.0713815854	-0.0617467937	-0.0463159416	0.0287564919	0.0471693038	-0.0571833214	0.0040662466	0.0514226516	0.0868314548	0.1181664802	0.0267143752	0.0257173625	-0.0181617132	-0.0285857372	-0.0091796403	-0.0803644822	-0.0815738529	-0.0595959524	-0.0411955059	-0.0020067599	0.0207208721	-0.0338027013	-0.1205210405	-0.103329947	-0.0223344087	-0.0166038653	-0.1237279744	0.0013860831	-0.0006700473	0.0356164495	0.0122565433	0.0106906909	0.0521036878	-0.0301939524	-0.0339111354	-0.0098656951	0.0196905167	-0.0511521064	0.0355571063	-0.040106607	-0.0164835832	-0.0288725138	-0.0667113003	0.064400497	0.0138496546	-0.0701924346	0.0127186743	0.0041534625	-0.0141593867	0.0542781619	-0.0163814236	0.0423507399	-0.0359767435	-0.0025061779	0.053344361	0.0173445276	0.0420593578	-0.0475879497	0.0036117986	0.0596535052	-0.0583309066	-0.0368608323	0.0160425631	0.0143437014	-0.0081912789	-0.0375481026	0.0040165149	0.0395179278	-0.0034014673	-0.0185896764	-0.092019976	0.0293906282	-0.0344105969	-0.041327504	-0.05132704	-0.0879616104	-0.0017032463	-0.0289240861	0.0903876855	-0.0845872281	0.0127678038	0.0133944195	-0.0520078565	0.012302152	0.0711283263	0.033326165	0.0620174187	0.0394287885	-0.0197116876	-0.0593672348	0.0165093363	-0.0983244597	0.0841078291	0.0636992625	0.0332714524	-0.0023896175	-0.037674825	-0.0670341672	-0.0020916345646639	-0.004063032264696	1.6508231183960713e-05	4.374935152096743e-06	-0.0370409138392631	-0.0182600039690043	0.000333427744948	0.0013720292980477	-0.0060702390525051	-0.0082840493106743	6.862547298168335e-05	3.6847802154558016e-05	-0.0001720020214225	0.000147003661581	2.9584695373426143e-08	2.1610076518221173e-08	-3.3989764452346805e-05	6.999124888765319e-05	1.1553040875260183e-09	4.898774920853414e-09	-0.0001190029233242	1.3694532700002893e-08	1.8754022587144847e-16	1.4161695759705424e-08
764.0760930831992	0.1739608430139014	583812.2760212857	0.0302623749021072	972.5660815238951	-2.7701375701212783	945884.782930744	7.67366215739742	777.3273801603117	-2.409955571721639	5.807885857672172	604237.8559468937	799.2508471356952	690.2785092210635	1.045335	29.920959	0.030584805751293	0.0191788503834799	-0.0498071036	-0.0318751871	-0.053015485	-0.066199224	-0.0687019559	0.0367849852	-0.0002874114	-0.0776708187	0.0089276324	0.0873204188	0.0861862555	0.0081855342	0.0491599319	0.0018838404	0.0190904912	-0.0207001372	-0.026265338	-0.0510837115	0.0839685759	0.0150895139	-0.0587774269	-0.0842405715	0.0002036027	-0.0240720097	-0.0677477956	-0.0552098101	-0.031684352	-0.0029657066	0.0294645441	-0.051707611	-0.0683814199	-0.0264024004	-0.0313039623	-0.0298778029	0.0943770725	0.0549001131	-0.0782141835	0.1011086371	-0.0189707662	0.0538654383	-0.1292246618	0.0127577172	-0.0582766441	0.0181677692	0.0807109724	-0.0396079251	0.0373157218	0.0241945549	0.0281443938	-0.1915394243	0.0177095014	0.0160992948	-0.0400322116	0.003014467	-0.0062801788	-0.0835009461	0.1488240444	-0.0030862374	-0.0075251037	0.1729060551	0.0784279111	-0.0468388815	-0.0307811324	-0.0428133481	-0.0144046989	0.0694468715	0.0329369987	-0.0148157914	0.0461971369	0.0280157337	0.0788871594	0.0295894812	0.0957176927	-0.0217188311	0.0215665274	0.0364759394	-0.1274362136	-0.1284964602	0.0362480317	0.0106342186	-0.0041300905	0.0068254461	0.00153	0.0607360077	-0.0721943782	-0.0445325516	-0.0239547148	-0.0492049701	0.0018717821	-0.0416934802	0.109377335	-0.0820967245	-0.1139071993	0.001336888	-0.0111341063	0.0354697466	0.0363583266	-0.0027154875	-0.0848393057	-0.0274486287	-0.0254271626	-0.040091755	0.0864841934	-0.0030559913	0.0283849919	0.0014592165	0.0364897945	-0.0063996452	0.1117820399	0.0011013739	-0.0136848738	0.0681662883	0.1080590072	0.0099239666	-0.059474071	-0.0789713265	-0.0658307958	0.0898318907	-0.0880595105	0.0028298086	0.0313866958	0.0424295642	0.0946553965	0.0169825573	0.1173011186	-0.054178436	-0.0228075264	-0.1129073968	0.0646103127	-0.0155585507	-0.06098321	-0.1215318594	0.0467445578	0.0690067099	0.0165725378	0.0613012062	-0.0098215728	0.1173069385	0.0217237026	0.0313037251	-0.0336079317	-0.0207478801	-0.0986737226	0.0015294956	-0.0717370467	-0.012102787	-0.0516484332	-0.017617799	0.0459679349	0.0735425927	-0.0168983321	0.0352745057	0.0231293801	-0.0440098634	0.0144128342	0.0399241978	0.0002547248	0.0060042834	0.126894988	-0.1272222156	0.0677141728	0.0661528762	0.1093147871	-0.0534865763	-0.0597613822	0.0064049677	-0.0174479827	0.0149565184	-0.0095690232	0.016415916	0.1666086787	0.0304089002	0.0060878962	-0.0455451479	-0.0345326363	-0.0165837447	0.0332371246	-0.0671076086	-0.0020486829	0.0334356141	-0.0171980995	-0.0641206428	0.0167395667	-0.0875699412	-0.0288368989	0.0256508766	-0.1024937958	0.0021362509	-0.0004445074	-0.0922235266	0.0520038402	-0.0682221908	0.0688959211	-0.0281443746	-0.0515471629	0.0568511637	-0.0876207367	-0.0475562563	-0.0364580784	-0.15067969	0.0836361352	0.0619657467	0.0299084066	-0.0071623028	-0.0430324377	-0.0716892996	0.005205027315128	0.0072966618797919	5.324127458800827e-05	2.70923093512286e-05	-0.0322219643721268	0.0048189494671362	2.322227396681321e-05	0.0010382549879986	0.0109987558639517	0.0170689949164568	0.000291350587458	0.0001209726305548	-0.0001720003553276	1.666094899983048e-09	2.9584122232820662e-08	2.775872215749523e-18	-5.989757646984728e-06	2.800000680536208e-05	3.5877196669612025e-11	7.840003811003225e-10	-0.0001190006064663	2.3168579000025936e-09	5.367830528804428e-18	1.41611443393472e-08
764.9378463770815	0.861753293882316	585129.9088200076	0.7426187395170213	974.6921349872242	2.126053463329072	950024.7580059532	4.520103328933541	779.3836533829973	2.056273222685604	4.228259566333841	607438.8791606281	802.1764763989802	703.5552161975893	1.050117	30.057814	0.0885838925989237	0.045771995345154	-0.1110660693	0.0698269871	0.0030487692	-0.0187002442	0.0212738877	0.0106729993	0.0112228569	0.0871707883	-0.0856183434	-0.0449465775	0.0035302613	-0.0286769533	0.1052921984	0.0263664022	0.0125712734	0.0448711229	0.0527962632	0.0344278837	0.0645554722	0.0707459276	0.0478837168	0.0677476601	0.0024110121	0.0576766626	-0.0407207529	-0.0116984456	0.0754988269	0.0578264503	0.0493283757	-0.049950619	0.0325871285	0.0817931943	0.0589425473	-0.0218351485	-0.0249736177	0.0006779315	-0.0576633713	-0.0100588395	-0.0335797386	0.0038507501	0.0645886958	0.0297924124	0.0455825726	-0.0431842858	0.093701864	-0.0865763407	-0.0871902238	0.1026776759	-0.0373373105	-0.0991088114	-0.0031596235	-0.0285106323	0.0400050465	0.0184824179	-0.0623405174	-0.1297194379	0.0764663612	0.0446498425	0.0096348247	0.0046392904	-0.0879757643	-0.0026240501	-0.0083277946	0.0808745553	0.0766773288	-0.0913450524	0.0046838184	0.1191232748	0.0067751689	0.080262008	-0.1038889398	-0.0648815219	0.1007553722	0.0155312484	0.0362115686	0.0186485654	-0.0344916822	0.0303639493	0.0092438817	0.026537451	-0.0679663126	-0.0024353306	-0.065436496	0.088077057	-0.0862394602	0.0138846363	0.0306025636	-0.0069185223	0.033796546	0.0303646706	-0.036568721	0.0983617977	0.059090576	-0.0496759657	0.0931314949	0.0087582146	0.1452091089	-0.0479963382	0.0551887291	0.0401841922	-0.1168559226	-0.0687716728	0.0127274601	-0.0269565233	0.0586773048	0.0537900587	-0.0883633525	0.0018050059	-0.040071999	0.0322553146	0.0223034864	0.0739070621	-0.0322480075	0.0434780583	-0.0319650581	-0.0437028068	-0.0153792287	0.0365386691	0.0573307099	-0.0944979067	0.0450191636	0.0105663165	-0.0077513536	0.0930492776	-0.0042163334	-0.05128982	0.0329978554	-0.0130232103	-0.0223752283	-0.0141682829	-0.092226944	-0.0532510524	-0.0279851666	-0.0365443667	-0.058496278	0.0064333852	0.0439222619	-0.0653755465	0.0139007456	0.0040676106	-0.1751001023	-0.0941121261	0.0178026643	0.044286194	0.0919919446	-0.0474445422	-0.0385498843	0.0785852922	-0.0373430611	-0.1382135019	0.1068937299	-0.045656131	0.0180984973	0.040946141	0.0892417682	-0.0887915521	-0.1397085778	0.0054800007	-0.0275430585	-0.0383895341	-0.0863618033	0.1159501799	0.0175016995	-0.0068084409	0.1117456825	-0.0251663947	-0.1610129237	0.0129746292	-0.0400861922	-0.014372429	0.0520791573	0.0004430991	0.0842412508	0.0485340449	-0.0119691699	0.0222670719	0.0943897165	-0.0331402388	-0.0235885646	-0.0905304658	-0.0343081855	0.0153006653	0.0342173617	-0.0102620689	0.0669109574	-0.0650643282	-0.0115418554	-0.0553855655	0.1175573432	0.029387218	-0.0377741542	0.0360929026	0.0589595368	0.0384736869	0.1370250833	-0.0976476281	0.0635668184	0.0163407799	-0.033305059	0.0104681418	0.0831501106	0.0601897627	0.0264992443	-0.0119153566	-0.0482057789	-0.0759024438	-0.0033177478684791	-0.0085227751836071	7.263769683030903e-05	1.1007450918797611e-05	-0.0456603969352471	-0.0134384325631203	0.0001805914697535	0.0020848718482843	-0.0309719523657889	-0.0419707082297406	0.001761540349306	0.0009592618333486	-0.0004730117623566	-0.000301011407029	2.2374012732769667e-07	9.060786716157833e-08	-0.0001979717327287	-0.0001919819750817	3.9192806959603834e-08	3.685707875627634e-08	-0.0001190467568047	-4.615033840000594e-08	2.1298537344350638e-15	1.4172130305717386e-08
763.8311643240087	-1.1066820530728592	583438.0475925708	1.2247451665935587	981.3849281831222	6.692793195897934	963116.377264992	44.79348076305769	779.5791043805647	0.1954509975673772	0.0382010924500829	607743.5799868034	802.2327560021384	689.3913065448361	1.059334	30.321642	0.1043574409590825	0.0535006918081491	-0.0013563172	0.0230700161	0.0505762976	0.0455601084	0.0906115601	0.0259966347	0.0444239842	0.0371841706	-0.0251728544	-0.0141700318	-0.0622391048	-0.0483105471	0.0024915012	-0.1106407758	-0.020197581	-0.0705140203	0.0081915427	-0.037012853	-0.0034012731	0.0001517113	0.0148727729	0.0384312711	-0.0889278485	0.0046830117	0.048593542	-0.0227940789	-0.0031137599	-0.0279643076	-0.0331335376	0.0046828858	0.0979209203	0.0086731476	-0.016442005	-0.1411652812	0.0066155294	0.0440622481	-0.0200366304	0.0038757309	0.0304112616	0.0389157114	-0.0992358533	-0.053304642	0.0685513493	0.0256249937	-0.0600090796	-0.0098255621	0.0568731854	0.0183417111	0.0083531067	-0.0476812567	0.0888740272	0.0706442845	-0.0059080908	-0.0502740541	-0.0484006059	-0.1185874656	0.0720977292	-0.0291883925	-0.0706964776	-0.0341307856	-0.1276589532	-0.0028375687	0.0479351288	-0.0333870514	0.1124838462	0.0158840483	-0.0054142335	-0.0089856351	0.0573652807	-0.0588227352	-0.0622690237	-0.1700647022	0.066083877	-0.0155857328	0.0593221192	0.0065005733	0.115648919	0.0053993999	0.0165945503	-0.0210518452	0.0728114159	-0.0723938559	0.0342655877	0.1437645683	-0.0887116966	-0.0434227751	0.044924682	0.0835853787	0.0492173992	-0.0141678949	0.0348069283	0.1952193986	-0.1393862073	0.0301691307	-0.0313741398	0.0436397862	0.0694434379	0.0015949069	0.0118383655	0.0189295183	-0.0243892773	0.1120307618	-0.0424446544	-0.0684812174	-0.0262811283	-0.1491157437	-0.0299659495	-0.0495140554	-0.0479133765	-0.0133286482	0.0054286556	0.0029329558	0.02383301	0.0117998653	0.0444897207	-0.04497634	0.042067296	0.045939189	0.0670429865	0.0689609408	-0.0426015341	-0.1394127049	0.0351788057	-0.0039185609	-0.0329436896	-0.0366324084	-0.0604318888	-0.072857718	0.1465120695	0.0211076078	-0.1440928077	-0.0217625389	-0.0971307053	-0.0227075184	0.0045836155	0.0221892026	0.1079978249	-0.0004496378	-0.0953164753	-0.0106559941	-0.0680367981	0.0265852758	0.0591768216	-0.0099344946	-0.0394804601	-0.0436690159	-0.1014473714	0.0151509226	-0.03367238	-0.0068515994	-0.0075261639	0.0253111203	-0.1169729245	-0.0865174654	-0.0046095174	0.0495734005	-0.0294030938	0.0164535455	0.0149516169	-0.1315579963	-0.016781078	0.0872919773	0.0062934902	0.0627331615	0.0576193919	0.0740032268	-0.0372409051	-0.0422061525	-0.0959912803	-0.0108045458	-0.0440808767	-0.0064289323	0.0245124762	-0.1214545596	-0.0785452365	-0.0297598595	-0.0534303434	0.0346074127	0.0110433777	-0.0705471468	0.1096606158	-0.0465263646	0.0041706142	-0.0263019442	0.0765081544	0.042774956	-0.032866173	-0.0229806081	0.0467744338	0.0534929221	0.0265726268	0.1010930793	0.135579358	-0.0781930715	-0.0270857201	0.0138188671	-0.0441218502	-0.0534205513	-0.026558779	0.0360803608	0.0826498387	0.0583725276	0.0230492221	-0.0166357513	-0.0531726956	-0.0796476241	0.0111771384370484	0.0144948863055275	0.0002101017290101	0.0001249284236409	-0.0555585995882381	-0.0098982026529909	9.7974415759678e-05	0.0030867579882061	0.0185444910867857	0.0495164434525745	0.002451878172192	0.0003438981496678	-0.000172005533485	0.0003010062288716	2.9585903549459453e-08	9.060474981950205e-08	-4.097687987281162e-05	0.0001569948528558	1.679104684110834e-09	2.4647383823242044e-08	-0.000270003846037	-0.0001509570892323	2.2788042789488585e-08	7.2902076874772e-08
763.1349724762485	-0.696191847760133	582374.9862163246	0.4846830888876682	984.0468406677246	2.6619124846024533	968348.1846281302	7.085778075682407	779.8958998442412	0.3167954636764989	0.1003593658060079	608237.6145938587	804.3555730856286	684.0788714487222	1.06628	30.520468	0.0847267423411272	0.0398380054307418	0.0739554387	-0.0300883317	0.1025629231	-0.0266189185	0.0085625502	-0.0143931686	-0.065589564	0.0382773843	-0.021931834	0.0146704678	-0.1031665702	-0.0837364355	-0.086051975	0.1109248982	0.0262452042	0.0280446503	0.0404191378	0.0165567509	0.0280150603	-0.0320985189	0.0519347569	-0.0170801468	-0.0287598094	0.0061197579	-0.0621694023	0.0343038667	0.0767076712	-0.030184445	-0.087309108	0.1300301395	-0.0060156847	0.0395297136	0.0221558599	-0.0106473346	-0.1264879662	-0.0236626415	-0.0953911053	-0.0179737303	-0.041575649	0.0676194049	-0.0074003356	0.1255586333	0.0569087156	0.0785474744	-0.0721951068	-0.0317502743	-0.0596170537	-0.0014762274	-0.0920588348	-0.0768578787	-0.0595803605	0.0628909222	0.0538409957	-0.0211442668	0.0071071922	0.0800511793	-0.0947363077	-0.0259096027	0.0355279338	-0.0171400354	1.5196e-06	0.0728722049	0.0385360781	0.1094675768	0.0114884873	0.0961486353	0.0481415106	-0.0066304855	0.0440157903	-0.0904333486	0.0307195501	0.0212936964	0.0079980973	-0.0434602939	-0.0311550269	-0.0616055472	0.0350340014	-0.0654038772	0.0435024172	0.0975954595	0.0347522172	0.031637494	-0.0627340725	-0.0077737488	-0.1341386299	-0.0491571852	-0.0205384497	-0.0110825169	-0.052758087	0.03971211	0.011470353	0.0216333711	-0.0182117353	-0.0378089431	-0.1211430257	-0.0084464806	0.0709571321	-0.057094267	-0.0622093649	-0.0109691545	-0.022406902	0.0287986026	-0.1402333917	-0.004557156	-0.0941234487	0.0691963224	-0.0463620332	0.0315892965	0.0329975673	-0.019327139	0.0809547651	0.1182419409	-0.0508123662	-0.0040154973	0.0160635073	0.0230824597	-0.0041384266	0.1752389353	0.0612868831	0.0483464309	0.1151493446	-0.0896447862	-0.0948178171	0.0765681891	-0.0476953382	0.0930497097	0.0510486873	0.0377538972	-0.0602177842	0.0106022378	0.0472058534	-0.0217268793	0.0117848021	-0.0176930291	-0.028695518	-0.0185285678	0.0185419011	-0.0390202783	0.0157861279	-0.0226544889	0.0141829759	-0.0764857159	-0.0817157635	-0.0422891764	0.0839042342	-0.1542797192	-0.0668694787	-0.0590554429	0.0306913965	0.0028900314	-0.1253778143	0.0467382913	-0.0359143971	0.0136708259	-0.0125877153	-0.0745414661	0.040733591	0.0112881642	0.0097767242	-0.1276783007	-0.0275990316	0.0151559739	-0.0246093208	-0.0134904472	-0.0731455817	-0.0112235406	0.0361685836	0.0027319363	-0.0417469447	0.0537792184	0.008281486	-0.0474436438	-0.0267723338	0.0190279504	0.0171605039	-0.0246995246	-0.0057889254	0.0930188779	-0.0675947854	0.0238799062	-0.0392467147	0.0104313301	0.0674044159	0.0703164322	0.0566797495	-0.0719753166	-0.0704320908	0.0787597432	0.0208412743	-0.0365013131	-0.006124103	-0.0537602376	-0.0607169922	0.1078661567	0.0051035897	-0.026509091	0.0094641659	0.0468577704	-0.0379016297	0.0048740625	0.0821354052	0.0565152869	0.0195636596	-0.0213105486	-0.0579119187	-0.0829017503	-0.000737741164869	-0.0119148796019174	0.0001419643559281	5.442620263422691e-07	-0.0327559317345844	0.0228026678536536	0.000519961661244	0.0010729510638007	-0.010165467047571	-0.0287099581343567	0.0008242616960765	0.0001033367202952	-0.0003290089602962	-0.0001570034268112	1.0824689595518653e-07	2.4650076030459844e-08	-0.0001589805506847	-0.0001180036708118	2.5274815496010464e-08	1.3924866325080514e-08	-0.0001190262086361	0.0001509776374009	2.2794246995157643e-08	1.4167238342284404e-08
763.2175683920094	0.0825959157608622	582501.0567022116	0.0068220853003754	972.9834457310764	-11.063394936648251	946696.7856667184	122.39870752425416	779.2342111398508	-0.6616887043903716	0.4378319415178086	607205.9558107456	801.6893952301958	678.1442084055784	1.067538	30.55648	0.0898959070044431	0.04270759840341	0.0633847366	-0.0048008588	-0.028565334	-0.0346118464	-0.0241928723	0.0571514679	0.0410641394	-0.0148675297	0.0777717626	0.0031176276	0.0278271803	0.1400387458	-0.0535075968	-0.0402413328	0.0648503685	0.0100365307	-0.0739973998	0.0509584222	-0.0479679426	-0.0023911095	0.0653153593	0.0293347042	-0.0363809214	0.0537952129	-0.0030771773	0.0911695954	0.1066902833	0.0119074873	-0.0538496146	0.0371013201	-0.0658895847	0.1307397207	-0.1326197675	-0.0106690023	-0.0612282006	-0.0235093681	0.0369409803	-0.0258360129	-0.0702132575	-0.0289183966	0.0267767425	0.0263908722	0.0775053735	-0.0144391041	0.0261660382	-0.0973608385	-0.0996614317	-0.0208478781	0.0308585186	0.0668678348	0.0092628666	-0.0491567527	0.0042899043	-0.0319893692	0.0225986784	0.042739994	-0.0867887472	-0.0376792068	-0.1171975124	-0.03845437	0.0415493248	0.0410788827	-0.0780125278	0.0696424906	-0.026050348	0.0105769423	-0.1952760342	-0.0921727278	-0.1223220481	0.0068784435	-0.0725151483	0.1152029667	0.0081634218	0.059650063	0.0559233549	-0.0728885354	-0.0030000904	0.104919326	-0.0581071516	0.0469546739	-0.0698669658	0.060243252	0.020424352	-0.027030068	0.0059359545	0.0024803222	-0.0433439255	-0.0028385982	-0.1652519488	-0.0782215975	0.0207924546	0.0331224235	-0.0821164826	0.0882461802	-0.0446210857	0.0499960195	-0.0285481468	0.0018613037	-0.0624605893	-0.0460305096	0.1332411668	-0.0793498953	0.0085536066	0.0783644922	-0.011618793	-0.0191736828	0.137781388	-0.118779724	-0.0556748939	-0.0017797475	-0.0409208389	0.0370502969	-0.0834195753	-0.0583313981	0.0028175522	0.0779793098	0.0068416407	0.0409567226	0.0018742821	-0.0099056001	-0.0711564259	0.1144571294	0.0717337648	0.021652844	0.0344835628	0.0750351204	-0.0154709571	0.1186114033	-0.0738675461	-0.043645268	0.0397292904	0.0152432695	0.0279149708	0.0161964524	0.0144725379	-0.0225236869	0.0412982754	-0.0183559954	0.044451521	-0.2068016866	-0.0273800266	0.0682376261	0.1518643955	0.1313502758	0.0432432323	-0.0494673514	0.0142361768	-0.0261638221	0.0178841459	-0.0242844612	-0.1530433742	-0.0052838811	0.0572877158	-0.0279222673	-0.0599734201	-0.0545504079	0.0632217629	-0.0469588954	-0.0251557204	0.0023333731	0.0487834559	0.0514616726	0.0805431916	0.0732332138	0.0224200908	0.0143566763	0.0993590045	0.01531435	0.03971419	0.003087962	-0.052417657	-0.0415972424	0.0021092815	0.0934883998	0.0288066446	0.057574202	-0.0866208107	-0.0542515963	-0.0207590184	0.0262019152	0.0507093461	-0.0767902224	-0.0790183335	-0.0364295533	-0.0283456627	-0.0222230157	0.0532304106	0.0073559457	0.0355379675	-0.0202672101	-0.0003792144	0.1112569161	0.0310181273	-0.00139904	0.0751181287	0.1121414147	-0.1350557972	-0.0297957502	-0.0967154922	-0.0375409965	0.0816068982	0.0546193134	0.0160479313	-0.0259269352	-0.062403154	-0.0856447597	0.016015739883997	0.016753481048866	0.0002806791272547	0.0002565039240318	-0.0619990231601832	-0.0292430914255987	0.0008551583961259	0.0038438788728169	0.0112826470610656	0.0214481141086366	0.000460021598817	0.0001272981247045	-7.999755836478155e-05	0.0002490114019314	6.39960934432663e-09	6.200667829185046e-08	4.100475966861694e-05	0.0001999853103533	1.6813903154810342e-09	3.999412435711249e-08	-0.000118998512494	2.7696142099997693e-08	7.670762872232644e-16	1.4160645975784673e-08
762.4069537772933	-0.8106146147160871	581264.3631679718	0.6570960535913103	974.1153088049456	1.1318630738692264	948900.6348481544	1.2811140179886935	777.008790024766	-2.225421115084828	4.952499139465398	603742.6597757508	800.0241756646852	688.1394107699732	1.044834	29.90662	0.1114186744666358	0.0516763379599691	-0.0242565554	0.0092677825	-0.0324706133	-0.0347967737	-0.0795877412	-0.0113281421	-0.0298845984	-0.0946018753	0.0311722253	-0.0608476358	0.0166762034	0.0394203228	0.0546871284	0.0435804856	-0.0554240429	0.0428344948	0.0065035382	-0.0080645405	0.0346581982	0.0385018458	0.0279498949	-0.0051270915	0.0330671314	0.0853345392	-0.0390767433	-0.0194821599	0.0680958908	-0.0444298445	-0.0236049722	-0.0694070084	-0.0423172006	-0.0282667329	0.0129964894	0.0116858168	-0.0342316751	0.0498724644	-0.0813133008	-0.1136864433	-0.0163674937	-0.0319309509	0.1272158203	0.0188675368	-0.0330208439	0.0288434426	-0.095023425	-0.1522426816	-0.0875329644	0.0594325983	-0.0162630646	0.0289177686	0.0260315987	0.1112980543	-0.1236352838	-0.0564945161	0.0476814815	0.0518695504	0.0685521128	-0.0121013987	-0.065441881	0.0400995953	0.0408756393	-0.0628206373	-0.0496543051	-0.0208497971	-0.1263316242	-0.0647208922	0.0768767161	0.0958073924	0.089391949	0.102418475	0.1159951413	-0.0229891359	-0.1109849738	-0.0241793579	0.0572750768	0.092312082	0.0066304857	0.0026927965	-0.0252143527	0.0269014591	0.1229811389	-0.011039376	0.0825166668	-0.0528359218	0.0799317226	-0.0368303082	-0.0338670307	0.0408929555	-0.0169492336	-0.0235000501	-0.0443885612	-0.0942514341	0.09699813	-0.0985077552	0.0277986419	0.0298734087	-0.1352208036	0.0259160677	0.1422815596	-0.1338403901	0.0036149085	0.0538361647	0.0320911504	0.0720982418	0.0804990689	0.0316269275	-0.0699698616	0.0037778823	0.0979072312	-0.0173724937	0.0156329567	-0.0124768537	0.0534071577	-0.0682135176	-0.1091724834	0.0888116276	-0.0144030842	0.1153331573	0.0337961781	-0.0382122892	-0.0240050696	-0.0238851315	-0.1860846024	0.044368626	0.0557465536	-0.0679149331	0.1571399573	-0.0630760743	-0.0771374292	-0.0044651305	0.0424863156	-0.0168266344	0.1031502956	0.0467657403	0.0687848678	0.0025804443	0.0087117745	0.0562942738	0.085387873	-0.0198269823	-0.0302009982	-0.007980873	0.0754080924	-0.0666971056	-0.0231677692	0.0716261772	0.1075692753	0.0170553713	0.0154079214	0.0750993361	0.0997012502	0.1137259983	-0.0430485004	-0.0176265688	-0.0086156259	0.0716763534	-0.024858042	0.1032223817	-0.0686830987	0.1031365392	-0.0429441523	-0.1696602629	0.0360367008	0.0717422405	-0.0102182513	0.0736012231	-0.0087544661	-0.0490497352	0.0449746328	-0.0479706782	-0.0308939328	0.0635480065	0.0184429942	-0.0470945487	0.0970834326	-0.0589176824	0.0557326547	-0.0063715621	-0.023702617	0.0318084723	-0.093840408	0.0023174893	0.0423785966	-0.0278442619	-0.0007976025	0.0797380319	-0.0523945138	0.043905294	-0.0461339757	-0.0483466168	0.0197803897	-0.0748932217	-0.0023918806	0.0362546763	-0.0812999286	-0.0066523323	-0.0796045907	-0.034211664	-0.0642085595	-0.0398533941	0.0810644083	0.0526859066	0.0125074584	-0.0304722578	-0.0666271694	-0.0878597406	-0.0040797733936983	-0.0200955132776953	0.000403829653894	1.6644550943928542e-05	-0.0316152030480623	0.0303838201121209	0.0009231765246057	0.0009995210637702	-0.0184053494637623	-0.0296879965248279	0.0008813771376581	0.0003387568888832	-0.0005050089036477	-0.0004250113452829	2.550339927634519e-07	1.806346436191961e-07	-0.0001589694805919	-0.0001999742402605	2.527129575965847e-08	3.9989696767770964e-08	-0.0001190398179904	-4.13054963999956e-08	1.7061440328500493e-15	1.4170478267187556e-08
765.0771231228676	2.6701693455743225	585343.0043259636	7.129804334044806	976.939106767828	2.823797962882395	954410.0183323215	7.973834935178764	780.2058461507162	3.197056125950212	10.221167872475778	608721.162367755	802.5965962822787	686.6942935003437	1.03127	29.518354	0.039503976973838	0.0238625048460411	-0.0468907018	0.0057606921	-0.0781681157	0.012705358	-0.0282665794	0.0218760991	0.0801768812	0.0296033701	0.0061108729	0.1016757046	0.0588806553	0.0378194019	0.0323642994	-0.0093194032	-0.0309764971	-0.0003759599	0.005301047	-0.0113874565	0.000187327	-0.0699654806	-0.0079034389	0.0175142781	-0.0454905263	0.043943411	-0.0599199849	0.0440945767	-0.0123370527	0.0899848194	0.0679300383	-0.0009812645	0.0300384483	0.0295450476	-0.0230530324	-0.0810747547	0.0030887395	-0.0979626061	-0.0111267065	0.0006416133	-0.0339169604	0.1654296333	0.0253870093	0.0001277105	0.0894661712	0.053981123	0.058945335	-0.061715797	0.1004320122	-0.0634322899	0.0886297907	0.0044500161	-0.0335851138	0.0437112461	0.0868477732	0.0020219253	0.0274701701	0.0960780469	0.0718144519	0.0395828449	0.0636056234	-0.1438509113	-0.0287254198	0.1128766918	-0.0072419396	-0.097844601	0.0826662357	0.1263632274	-0.0158574389	-0.0674731288	-0.0596631947	0.0109064569	0.0867993059	-0.0168591076	0.0606693923	-0.0240214742	0.0734352824	0.0483854069	-0.0120224721	0.0463972381	-0.0184478627	0.0554805526	0.0305958238	-0.118680912	0.1242168878	-0.0554221986	0.011940298	0.0053284327	0.0881448539	-0.0838254931	-0.0469872753	-0.0506724297	0.0345392508	-0.0881921629	0.0795173948	0.0361174661	-0.092310325	0.0636883083	-0.0338781551	0.0196809717	0.1024030116	0.0415089809	0.0075183117	-0.0960166778	0.0699252057	-0.0124152153	0.0274135532	0.0018212937	0.0717476601	0.0144463899	-0.1049672972	-0.0639543766	0.0318464138	0.0233713379	-0.0006084093	-0.0375039908	0.016914025	-0.095772207	-0.1087575477	0.0898357673	0.0140284536	0.0290432695	-0.0739120594	-0.0108935353	0.0108656463	0.102248961	-0.0041331148	0.0423266166	-0.1155787143	-0.1086212657	-0.0741478841	0.0809802516	0.1212617837	0.021679431	-0.0424628893	-0.013296515	0.0515137031	-0.0648150064	-0.0234918416	0.0101186249	-0.0439695596	0.0481857615	0.0136527802	0.0336986039	-0.0013262976	-0.0110419439	-0.1201639195	-0.0411874574	-0.017338159	0.042625716	-0.1337213033	-0.030217869	0.0071968513	0.02445545	0.0320747125	0.1149473078	-0.0867429822	-0.0823781978	-0.055527271	-0.0106091821	-0.01911698	-0.1382269028	-0.0024210896	-0.0439554322	0.0142108567	0.0985401895	0.0655506616	-0.0018212995	0.1808600695	-0.0452215662	0.0239301203	-0.0733713191	-0.0179210001	0.024361855	-0.0109546326	0.0162447388	0.0851154718	0.0172012141	0.0508865345	-0.0797175497	-0.0285549668	-0.0160074134	-0.0041092337	-0.0009976858	-0.0964888077	-0.0320258745	-0.0312253027	-0.0056203251	-0.0478221341	-0.0556902558	0.0482695771	0.0566607409	-0.005838107	-0.0645917779	0.1145985124	0.0138702968	-0.0544330773	0.1264217049	-0.0751553643	-0.0107718921	0.0291369024	-0.0235264155	0.0805080284	0.0507163915	0.0089476998	-0.034934058	-0.0705658771	-0.089533037	0.0035164831081857	0.007596256501884	5.7703112842414937e-05	1.236565345015536e-05	-0.0309729697655996	0.0006422332824626	4.124635891028117e-07	0.0009593248561007	-0.0184734688252063	-6.811936144399816e-05	4.640247403538063e-09	0.0003412690504358	-9.800008911661658e-05	0.000407008814531	9.604017466864793e-09	1.6565617510599785e-07	-9.912662808364558e-07	0.000157978214311	9.826088395233394e-13	2.4957116196912324e-08	-0.0001780001457092	-5.896032771880002e-05	3.4763202447082972e-09	3.168405187249643e-08
764.3770003638597	-0.7001227590079679	584272.198685252	0.4901718776809292	975.6696168292652	-1.2694899385627425	951931.2012037652	1.6116047041120352	778.3637851107944	-1.8420610399217596	3.3931888747976338	605850.181972003	800.4524673058494	690.7128030274475	1.02634	29.377254	0.0376288865416013	0.0194620019474745	-0.0727569579	-0.0042229967	0.0064152054	0.0467176117	0.0401649681	0.0988235558	0.0837964532	0.0453145877	-0.1002799102	-0.0518694176	0.0111670657	-0.048648447	0.0329057679	-0.0642913577	0.0208472898	-0.0193694692	0.0198577599	-0.028593296	0.1122536605	0.0747002479	-0.024219815	0.0570592207	-0.0571915688	0.0361467839	0.0072655299	0.0876041708	0.0536509442	-0.0213130664	0.0837564335	-0.0577254705	0.001590506	0.0148530247	-0.0364291097	0.0509342648	-0.0184848411	0.0567513984	0.0123676394	-0.0853122574	0.0105846002	0.0661815492	0.0126449032	0.0356297554	0.0650246053	-0.0142087248	-0.0082291519	0.1471634525	0.0339194921	0.009153758	-0.0615790901	-0.0528333842	0.0254474802	-0.008034762	-0.0435664447	-0.0630254055	0.0098147854	0.0291173858	-0.0089586233	0.1378606907	0.0370458752	0.0333164722	-0.020391938	0.1270567209	0.0050602438	0.103613213	-0.0948409469	-0.0421796008	0.0260609818	-0.0846650677	0.055739041	-0.0286447061	-0.0310193789	-0.031040633	-0.068947213	-0.0065699209	-0.0212570543	-0.0104590175	0.0459919552	-0.1244079527	0.1053188602	0.0590638382	0.0291444319	0.1067299823	0.0803064956	-0.0600751141	0.0732209578	0.0933735294	-0.0529385444	0.011560973	0.1255824569	-0.0862306913	0.0231322976	-0.0154942976	0.0266629222	-0.0430370034	0.0358047026	0.0079431946	-0.1076896091	-0.0111493301	0.0422529997	-0.0017838782	0.0007335852	-0.0520757247	0.0449831312	-0.0682186777	0.044514057	-0.0292926257	-0.0172010414	-0.0049035236	0.0552700672	0.0191379918	-0.0575673647	-0.0381318378	-0.0067522336	0.0524839791	-0.0483927623	0.0384240871	0.0400667634	0.0227551359	0.0516625266	0.0203894218	0.0694222033	-0.0221784472	-0.0413317154	0.0754506983	-0.0390176214	-0.0111496572	-0.1074504629	0.0191988034	-0.0216456825	-0.0027857453	-0.1081510031	0.029477692	-0.0045376476	0.0372849343	-0.0936950548	-0.0538971997	0.0030209974	-0.0265956286	0.0433895608	0.0382353197	0.090975244	0.071025236	-0.0305892617	-0.0462843713	0.0692347298	-0.0796300875	-0.1409122758	-0.1110525754	0.0342089173	0.0285019202	0.0460735062	-0.0412047092	0.0703903847	-0.0135596969	0.0440598726	-0.0072291241	0.094908403	0.030577111	0.0540543141	-0.0038180001	-0.0466873971	-0.141328239	0.0864107932	0.0556457545	0.088261621	-0.0654118483	-0.0328151449	-0.0431478412	0.0170961456	0.0800176507	-0.0318984675	0.0356263182	-0.062240111	0.0493452205	0.1133226777	0.0650449885	0.0421525958	0.0410063149	0.048116424	-0.0632555165	0.025487345	0.0425533171	-0.0173185309	-0.0429622227	0.0270034574	-0.0141999469	0.0391061163	-0.0308510489	-0.0073721793	-0.0525134951	-0.0864069579	-0.0395756399	-0.0229702941	0.0278081754	-0.0210414922	0.0376988313	-0.1407633803	-0.1073008749	-0.028867561	-0.003036282	0.0799378539	0.0487121179	0.0053741445	-0.0393001065	-0.0742024108	-0.0906543325	-0.0004877760231636	-0.0040042591313493	1.603409119099425e-05	2.3792544877329687e-07	-0.0202098922812297	0.0107630774843699	0.0001158438369345	0.0004084397460189	-0.0184104680284065	6.300079679980031e-05	3.969100397409729e-09	0.0003389453330249	-0.0003370089622001	-0.0002390088730834	1.1357504060318845e-07	5.712524141263669e-08	-0.0001589800746726	-0.0001579888083917	2.527466414290547e-08	2.4960463577049373e-08	-0.0001190268446028	5.8973301106400006e-05	3.4778502433861203e-09	1.41673897360991e-08
764.3280102641766	-0.0489900996831238	584197.3072743951	0.0024000298669624	982.5557711341164	6.886154304851175	965415.843388958	47.41912111022037	779.8186742879965	1.4548891772020625	2.1167025179396943	608117.1647682884	802.863944805614	684.4318532322351	1.054206	30.174864	0.0420787942005485	0.0231338513529146	0.0127883984	-0.0217616475	0.0332060683	0.1096010622	0.0315399325	-0.06302937	0.0409002931	-0.0189270298	0.0328094134	0.0503833715	-0.0330559622	-0.0538761768	0.0041932214	-0.016021924	-0.0188671631	-0.0775527683	0.0838725163	0.0395121266	-0.0285516773	-0.0545754003	-0.0602303196	0.0204604939	0.1025298112	0.0328151236	-0.016198956	-0.06879901	-0.0362722539	0.0275419995	0.0635566014	0.0394273183	0.0307679465	0.0088884338	0.0166614902	0.0414494168	-0.1251545894	0.0016137267	0.0285096076	-0.0135784573	-0.0009828702	0.0175471753	0.028389574	-0.0251683429	0.0203133058	0.1282056539	0.1254653519	0.0252027417	-0.071128253	-0.0351322024	0.1228782386	0.0556543601	0.0264549439	-0.0087978185	0.0420321082	0.097728443	-0.0495216283	0.0542068404	0.0072035128	-0.0953333813	0.023066825	-0.063792217	-0.088078169	0.0109746619	0.0618640469	0.0886565347	-0.0605182889	0.0033141398	-0.0257427194	0.0949391051	0.1427317366	0.0012469836	-0.0611677922	-0.0550511654	-0.0351070015	0.0039432016	0.0725395673	-0.052081641	0.0065532281	-0.0356747727	0.0244219063	-0.0291107272	0.0399512636	-0.0304694829	0.0244377451	-0.0263513256	-0.023385245	0.0121977437	-0.0789616294	-0.0196097407	-0.0775747473	0.0905763556	0.1270951007	0.0570675566	0.016934631	-0.1017596995	-0.0188349139	-0.0029833084	0.1045327363	0.0670701163	0.0010229715	-0.0439440783	0.0804452704	-0.0113980677	-0.0192951261	-0.0844572091	0.005110778	-0.0210606411	0.0080264345	0.0338484733	-0.0488929583	-0.0314685224	0.0868978457	0.0381708452	-0.03149993	0.1014567042	0.0428114516	0.0184556263	-0.0557230695	0.0479458996	0.012480259	0.0403136168	-0.0602332766	0.0729228204	-0.0208298513	-0.0416423664	-0.0367401376	0.1164525784	0.0283910403	0.0054644659	0.029824483	-0.0569699926	0.1004977891	-0.0137954422	-0.0163606598	-0.1870409371	0.0434931319	0.0131342248	0.0460269155	0.0037045318	0.0101823573	-0.0299356768	-0.0150714827	0.0470889621	-0.0197224503	0.0001877859	0.1292597625	-0.0672017698	-0.0570612775	0.103909639	-0.048266318	0.0922789781	0.0164133239	-0.0475234744	0.067634675	-0.041941672	-0.0747862965	0.0668244075	0.0161385735	-0.0049021592	0.0005750865	0.0748246288	-0.0442796173	-0.0742633239	0.0328739209	-0.0253477323	0.0478204817	-0.055727314	-0.1461200284	0.0095310397	-0.1921621105	0.0125223063	0.0721730937	-0.0152674403	0.0914836873	0.0808125089	-0.0054613765	0.0092355944	-0.0240431079	0.0962533578	-0.0064475196	-0.0135350422	0.0402172759	0.0355876737	-0.0343994925	-0.0223965759	-0.0182190009	0.0250891345	-0.0274168789	-0.0722832548	0.0202434994	0.0068322486	-0.012613986	-0.020503052	0.087725641	0.0978910118	-0.039109229	0.0654922669	0.0456370757	0.0489211399	0.0430985386	-0.0728304721	0.0793539824	0.0466744595	0.0017923027	-0.0435584361	-0.0775211985	-0.0912167139	0.0006999698524907	0.0011877458756543	1.4107402651337998e-06	4.899577943958523e-07	-0.0347397684090111	-0.0145298761277814	0.0002111173002886	0.0012068515091117	-0.0131983662383703	0.0052121017900361	2.716600506969854e-05	0.0001741968713621	-3.301892166126722e-05	0.0003039900405388	1.0902491876729012e-09	9.24099447468012e-08	-0.0001589960995673	-1.6024894699997582e-08	2.5279759677614772e-08	2.567972501460106e-16	-0.0002380021873108	-0.0001189753427079	1.4155132172486046e-08	5.6645041164725136e-08
764.0797291416086	-0.2482811225679597	583817.832485114	0.0616435158236062	979.2423488877037	-3.313422246412756	958915.5778551073	10.978766983022954	778.3679155458559	-1.4507587421405788	2.1047009278973143	605856.6119512006	801.3216767100981	682.6908285881237	1.036914	29.679905	0.0350425259633397	0.0229743759971039	0.0571227275	-0.0821768232	0.0319049523	-0.0115147701	0.0518346626	0.0623499589	-0.0183505565	0.0127524706	-0.0477147497	0.026769188	0.01174953	-0.0509516031	-0.096059982	-0.004552896	0.0061453868	0.0446449821	0.0044195624	0.0527356423	0.0229558662	0.0158358526	0.0054444521	0.0946798976	-0.0539239501	-0.1394604306	0.0083681587	-0.0409361977	0.0437218481	0.042421132	-0.0099542233	0.0999159396	-0.0644965599	-0.0509660303	0.0791257632	0.0222017712	-0.0228453426	0.1067889451	0.0454738084	0.061032862	0.036607663	-0.0528887585	0.0517304473	-0.1295883319	0.1360471445	0.0224518383	0.0444392536	0.0144945293	-0.0889314881	0.007231965	-0.0075139123	-0.0236947762	0.0835732654	-0.0210297448	0.0372204383	0.1007532299	-0.017579169	-0.0583336832	0.0891240766	-0.1377919376	0.0122413606	0.0014798952	-0.0817785283	-0.0390704237	0.129701599	-0.0311052987	0.0373991867	0.0073018602	-0.0936655415	0.0333903776	-0.0314581603	0.0081614494	0.0316473661	0.0689984521	0.0078912794	0.0861016489	-0.0447084197	0.0124233305	0.0457199681	-0.0390281166	-0.0350514764	0.1083195674	0.0369499499	-0.0998301714	0.0728466681	-0.0103519702	-0.0447407203	-0.0071034471	0.0486918688	0.0108604888	0.0417215189	-0.1181322501	-0.0203233046	-0.002441026	-0.0405219509	-0.0051211957	0.0292925345	-0.0847742148	-0.1113390912	0.023392853	-0.0483785173	-0.0529556507	0.1160611202	0.0114840868	-0.0362657979	-0.0372537249	-0.1036782304	0.0378215354	0.0356718917	0.0781585265	0.0401289308	0.0306657835	-0.1380341157	0.030569297	0.0289363469	0.1131105002	-0.0163597885	0.0007533664	0.0755630229	0.0034852976	0.0335078218	-0.1419554679	-0.0737107754	-0.0294525695	0.0688321142	-0.0339337256	-0.0500277428	0.0109976006	0.0209882258	-0.0233835996	0.0057827074	0.0062238049	-0.0250256812	-0.0451648685	-0.0308898931	-0.0649072261	0.0718348539	0.11278412	0.0582438625	-0.0002114861	-0.174290272	-0.0853247575	-0.1127714089	0.0532267097	0.0409385907	0.0368100282	0.0935751467	-0.0555367421	0.0372082041	-0.0732524489	-0.0552541924	0.0165131502	-0.0398609334	0.0463491581	-0.02019396	-0.0784419606	0.0609497165	-0.0177506033	0.0191525597	-0.0418320169	-0.0178318532	-0.0929613482	0.0350693238	-0.0575339572	-0.012281541	0.0935608153	-0.0716367824	0.0093602555	-0.0202079332	0.0079062959	0.0371322301	-0.025173257	-0.0227438774	-0.0622609335	0.0849167351	-0.0454605488	0.051465651	-0.0181018361	-0.0323928102	0.0578348182	-0.0174330143	0.0565273596	-0.002732702	0.0130694191	0.048304898	0.0353028137	0.0120575214	-0.0690441495	-0.0258221701	0.0257089386	0.0495548913	-0.0319172393	-0.0016153263	0.0250162033	-0.0335743289	-0.0095027601	0.0106346985	0.0380686902	-0.0338874376	0.0072557444	-0.0217991803	-0.033511882	0.0787565141	0.0446048127	-0.0017923027	-0.047697375	-0.0805080284	-0.0912167139	0.0056111700960599	0.0049112002435692	2.4119887832434165e-05	3.148522984691687e-05	-0.0348734278935154	-0.0001336594845042	1.7864857797954957e-08	0.0012161559730442	-0.0090496749061657	0.0041486913322046	1.721163976990958e-05	8.189661590728518e-05	-0.0004310089376038	-0.0003979900159425	1.8576870429435643e-07	1.5839605278993754e-07	-0.0001589744887426	2.1610824699989104e-08	2.5272888070971056e-08	4.670277442136591e-16	-0.0001190343160168	0.000118967871294	1.415335440022575e-08	1.4169168389587408e-08
764.9147580364563	0.83502889484771	585094.5870619705	0.697273255230588	979.9616021676496	0.7192532799459741	960324.7417229868	0.5173252807130417	779.9328027902781	1.5648872444221524	2.448872087755157	608295.1768682988	802.8720321378416	680.0670109389524	1.01256	28.982815	0.0304009718367724	0.0159547535022513	0.054802	-0.0822107712	0.0070810523	-0.0200703199	-0.0105718288	-0.0623803447	-0.0234683328	0.0452134117	-0.0345809555	0.0606214016	0.0248748895	-0.013833933	-0.1009236602	0.0654463817	0.0768269444	0.0792588359	-0.0263976657	-0.0164924628	-0.0863699089	-0.0381939506	0.0342586622	0.0027037917	0.0298591884	-0.0047890579	0.1204323819	0.0505811446	0.0424113066	0.0141988779	0.053018382	0.0920059522	0.0852774814	-0.0339011471	0.0044585081	-0.0139399308	0.0567598918	-0.0025028966	0.0359083754	-0.0187478999	0.0093786238	-0.0681454522	-0.0039978348	-0.1315261304	0.1219664596	-0.0158191273	-0.0194184908	0.0129218469	0.071443236	-0.0236910004	-0.0373048661	-0.031632788	-0.0797445359	-0.0492574179	0.0209510678	0.1222166169	-0.0009144298	0.0313644017	-0.1411612947	0.0218796374	-0.0579246773	0.0469381399	-0.0108197672	0.0599719668	-0.0741020363	0.0014857817	-0.0052043914	-0.0951505236	-0.0023838154	0.0244430019	-0.005964425	0.0868414964	-0.1742937086	0.0574671605	0.027117516	0.0774825796	0.0093886387	0.1185069752	-0.0114168026	0.0897741247	0.0278180843	0.0617209763	-0.0864309867	0.071606111	0.1770727873	-0.0058383624	0.0865009369	0.0650869634	0.0717866936	0.1040666632	-0.0480301716	0.0770275895	-0.0326553777	-0.0355378154	-0.0617723243	-0.103785477	-0.0480451237	-0.0168965767	-0.0512092547	0.0443835058	-0.0710110434	0.0425104538	0.1101303235	0.0441042864	-0.0004745056	-0.0372219327	-0.0672530968	0.0950602324	0.0403807402	0.034405686	-0.089046763	0.0531497938	-0.041866597	0.0214259818	0.009600847	0.0162904603	-0.0229200319	-0.0400516263	0.0723250263	-0.0412665178	0.0614168284	0.0166099349	-0.0744291692	0.0239191765	0.0605143495	0.0333673663	-0.0568691697	-0.0191952724	-0.0393212828	0.0182982452	0.0115818918	-0.06340084	0.080866299	0.0496559679	0.043264713	0.089602176	0.0188025284	0.1849658682	-0.0458802878	0.0109320812	-0.0211736681	0.0901256722	0.103972864	-0.03396428	0.0855569623	0.0535769278	0.014929367	0.1587583626	0.0168008675	-0.1081564671	0.0699605173	-0.1487589738	0.0016664504	-0.0612051097	0.0606212541	0.0262206647	0.0324355337	0.0096180663	0.0562262899	-0.0480176917	-0.159379791	0.0243225136	-0.0338891776	-0.0011702833	0.1334267093	0.0124186707	0.0297676901	-0.0884358502	-0.043116202	-0.0663374929	-0.0151510112	-0.0577121136	-0.0887620768	0.1152076912	0.0014433003	0.0378125618	0.0084272581	0.0709798617	-0.0037121476	0.04483365	-0.0683197281	0.0649080819	-0.0078085588	0.0306552815	-0.0105733088	0.040709837	-0.0617410218	-0.0598935105	0.0219496822	-0.056401141	0.0507269894	0.0217494521	0.0208995243	-0.0452723053	0.0349906272	0.0556517085	0.0888185467	-0.0756911368	0.0079715919	0.0528841684	0.0484027493	0.0547485331	0.0781455512	0.042504596	-0.0053741445	-0.0517055788	-0.0831501106	-0.0906543325	0.0010136542267673	-0.0045975158692926	2.113715216839729e-05	1.0274948914432126e-06	-0.0364078493408897	-0.0015344214473742	2.354449178162237e-06	0.0013255314936289	-0.0184669790044864	-0.0094173040983206	8.868561648024783e-05	0.0003410293135521	-0.00029100011471	0.0001400088228938	8.468106676123316e-08	1.9602470488107464e-08	-1.982702971803363e-06	0.0001569917857707	3.9311110743978864e-12	2.4646420799503708e-08	-0.0001190003162457	3.3999771099991535e-08	1.1559844348518189e-15	1.4161075266576612e-08
764.6305525773532	-0.2842054591030774	584659.8819347485	0.0807727429839909	973.8410168994556	-6.120585268194077	948366.3261957656	37.46156402523436	777.2036062017218	-2.729196588556306	7.448514018987378	604045.445492961	799.6489301476842	684.8170330922934	1.018509	29.153086	0.0205909422629878	0.0124165543288793	0.0123848345	-0.0900846147	-0.0179508173	-0.0794223324	-0.0035970305	0.0376963308	-0.0072580743	-0.0465848259	0.030715962	0.0081256465	0.0878622844	-0.0176487242	-0.0161831393	0.0720835466	0.0077707505	-0.0547499981	-0.107332436	-0.0336580048	-0.0291662636	0.0240557874	-0.1409767013	-0.0279842343	-0.0301157199	-0.0604211195	0.0592237432	0.0542613727	-0.0157830866	-0.0557549888	0.0038920499	-0.0466304868	-0.0428186197	-0.0743798291	0.0780494309	0.0807258229	-0.0162028834	-0.0237779326	-0.0511755331	-0.0058220599	-0.011837614	-0.0053493337	-0.0965735754	-0.0378608973	-0.0409645522	0.0386685524	0.1552682698	-0.0101041175	0.0077136084	0.010941474	0.0362404901	-0.0778784381	-0.049658568	0.0618559563	0.0034097687	-0.0688622818	-0.0710116585	-0.0226319621	-0.0755078361	-0.0677236911	0.0900490699	0.0270936765	-0.0048152586	0.0233135276	-0.1107867107	-0.0091124002	-0.0688873772	-0.0375479551	-0.1002406932	-0.0380651995	0.1007447872	-0.0058637746	-0.1342709676	-0.0486903627	-0.1044341021	-0.0046857881	0.089017648	0.0671776995	0.0123115831	0.0574864202	-0.0569704012	-0.0108075616	0.0523576361	0.0487580018	-0.0494175742	-0.0022917375	0.1220181418	-0.0691636497	0.0229132705	1.34025e-05	0.0281801005	0.0474613912	-0.0378152481	-0.0137659465	0.0736211073	0.0538843905	-0.0211282533	-0.0082513323	-0.141537707	-0.0178135652	-0.0362491186	0.0724992215	-0.0041325308	-0.0223514826	0.0837769216	0.0154335308	-0.0272687894	0.0349198466	0.0251231403	-0.0203564765	0.100160018	0.0007967296	0.028946532	0.0500083632	0.0341765044	-0.0097539072	0.011863072	-0.0281357624	0.0155109245	-0.0974866752	-0.06743815	0.1294868112	0.0263322529	0.1434830374	0.0004725142	-0.0606969022	0.0076807356	0.0434720036	-0.0483370516	-0.1307980981	0.0195607792	0.0150214942	0.0645194407	-0.0526038366	0.0405666523	0.0880615577	0.0527697269	0.0238908145	0.0745723113	-0.0576105116	0.0290961329	-0.0707350395	-0.0031593929	-0.0438457072	0.0074792681	0.0065480648	0.1326590123	0.0814965697	0.0468928448	-0.046999637	-0.0541522325	-0.0282349616	0.0591231591	0.0121927241	0.0837376347	0.0774966598	-0.0582389621	0.0434873808	-0.0185717517	-0.1003429547	0.0092681186	0.0368679325	-0.1619817594	-0.0357084501	0.0403915337	-0.0683144339	0.0259128007	0.017837497	0.0269438876	-0.0493619587	-0.027305162	0.0041315367	-0.0530534897	-0.0538165257	0.0410612903	-0.1471019446	0.0766340994	0.0661512741	0.0048905515	-0.0100859763	-0.006782537	0.0847864273	-0.0017026865	-0.0353408665	0.0100691887	0.0128662462	-0.0227119874	-0.0537005305	0.0764376494	0.0214783037	-0.0054101421	-0.040513438	-0.0304582305	0.0725582607	-0.0314176151	-0.0131047116	-0.0584892877	-0.0882561919	0.0423357177	0.0741612749	-0.0593717718	-0.0756554285	0.0775211985	0.0403752488	-0.0089476998	-0.0555720611	-0.0854361313	-0.089533037	0.0053682881070642	0.0043546338802969	1.8962836231429634e-05	2.8818517200446934e-05	-0.0267583448793971	0.0096495044614925	9.311293635236554e-05	0.0007160090206847	-0.0184306025502962	3.63764541902005e-05	1.3232464194517554e-09	0.0003396871103669	-0.000404998574945	-0.0001139984602349	1.6402384570748078e-07	1.2995648935950874e-08	1.5024051593259811e-05	1.7006754565063176e-05	2.2572212627693267e-10	2.892297008362972e-10	-0.0001189969817056	3.3345401000015253e-09	1.1119157678518184e-17	1.4160281655042902e-08
765.5233002783394	0.8927477009862059	586025.9232690406	0.7969984576161562	975.060306332328	1.219289432872415	950742.6009848932	1.4866667211143356	778.91508699251	1.7114807907883005	2.9291664972373463	606708.7127445495	801.4373727247714	687.6904229334326	1.013775	29.017603	0.0338821979152786	0.0221551105031323	-0.0076715221	-0.0636258709	-0.0172703424	-0.0297528986	-0.0420468989	-0.1289957477	0.0428027874	0.0120091938	0.001879686	-0.0470548057	0.0429253884	-0.0006609236	0.0681663899	0.0836445362	0.04743823	0.0326835645	-0.0092213385	0.0372120318	-0.1358197786	0.0490260223	-0.0431468585	0.0457096936	-0.0573754127	-0.0190072096	0.1000060198	-0.0379204696	-0.0909604096	0.0298893163	0.031919946	0.0184368906	-0.0458303098	0.0686241004	-0.0122485193	0.0162887819	0.1038819641	-0.0673633046	-0.0470630668	-0.0487845612	-0.0939406315	0.1192947634	0.042782664	0.1032215956	-0.0304617549	-0.0932579772	-0.0448061203	0.0924822923	0.1124266971	-0.029126325	-0.051492566	-0.0163620427	0.0262178959	0.0163983187	0.0649893079	0.0034505094	0.0816467318	0.046304552	0.0511182368	-0.0798010026	-0.1185081808	0.109306924	-0.0062062933	0.0074849618	-0.0040783327	0.0276048442	-0.0852342061	-0.1381174533	-0.058140993	-0.0056213673	0.0657586779	-0.0216317707	0.0278347141	0.04686451	0.137130305	-0.0601117727	0.0054524429	-0.0111557801	0.0022474338	0.0918012746	-0.121523654	-0.0478292859	-0.0317053152	-0.0135606982	-0.0369144136	-0.0145863289	0.0571029916	0.0036939124	0.0340505316	0.0534057273	0.0537409681	0.0604323935	0.0862074044	-0.0308166665	-0.1300664037	0.1194016341	0.1141886912	0.0042159483	-0.1033335956	-0.0817561765	-0.0156614213	0.0373105596	0.0666035739	-0.0495858378	0.0362374372	-0.0030705112	0.0453458586	0.1173820149	0.0110264184	-0.0684715706	-0.0043261781	-0.0577440652	0.0915333409	-0.0211475259	-0.0092688906	-0.185958061	0.0500058928	-0.0446447085	0.0752754786	0.0151600857	-0.0222183661	-0.0860344231	-0.0396031719	-0.0180498787	0.0226710553	0.059356109	-0.0035758913	0.0696317529	-0.0655918754	-0.0407150439	-0.0206015787	-0.1071501115	-0.1732996224	0.0074635024	0.0475621787	-0.051986373	-0.0422269247	0.1399641599	-0.0946416357	0.0042983231	-0.0626520151	-0.1059819681	0.0604461415	0.1023275287	-0.0381916075	-0.0045609558	-0.0844740894	0.0609174918	-0.0936006812	0.1001096073	0.0361298397	-0.0365110144	-0.0045063142	0.0058560462	-0.0062929187	-0.0373625146	0.106096765	0.0262553642	-0.0497108588	0.0607650717	0.0541404931	0.0772579539	0.0489013787	-0.0190104356	0.0450970633	0.0146823878	-0.0842053498	-0.1096891533	-0.0147502899	-0.0764678047	0.0432985654	-0.0394538985	-0.0438740435	-0.0257178412	-0.0194435649	-0.0646274503	-0.0378254887	0.0590218652	0.0514767382	-0.0023292592	-0.0658630654	0.0654900773	-0.0179357722	-0.0164828986	-0.0151458466	0.0412617514	-0.065560955	-0.0234190561	0.1000900462	-0.1126952467	-0.0574669237	0.0791161467	0.0392422661	0.0543073221	0.05148996	-0.0206207454	0.041962736	-0.0648187644	0.007300308	-0.0021573201	0.0499208284	-0.0227171447	0.0768835629	0.0382182304	-0.0125074584	-0.0592862243	-0.0873563013	-0.0878597406	0.0008576656076542	-0.00451062249941	2.0345715332183715e-05	7.355902945528482e-07	-0.0348902541038427	-0.0081319092244456	6.612794763462345e-05	0.0012173298314307	-0.0385699373526193	-0.0201393348023231	0.00040559280628	0.0014876400673849	-0.0004050003932364	-1.818291400041902e-09	1.6402531852163865e-07	3.3061836154663397e-18	-6.975978203538347e-06	-2.200002979679816e-05	4.8664271896242096e-11	4.840013110600069e-10	-0.0001190017613994	-4.779693799997491e-09	2.2845472821734454e-17	1.4161419216159727e-08
764.431286204203	-1.0920140741363866	584355.1913278122	1.1924947381119495	971.9629181948576	-3.097388137470375	944711.9143458634	9.5938132741422	777.1685616891306	-1.7465253033794852	3.050350635344803	603990.9732779519	798.9208147712419	689.812602397065	1.036109	29.656857	0.0475552273070433	0.0277453251492951	-0.0291812098	-0.0580527969	-0.0282935111	-0.0848522245	-0.004358345	0.0421874511	0.0295429129	-0.0712261846	0.0130717486	0.0029730883	0.0448180284	-0.0273006008	0.0272196422	-0.0260954847	0.0030311993	-0.0803258735	-0.0805120823	-0.0041176957	0.0216379159	0.0381443106	-0.002376217	-0.0023168043	-0.0419245792	-0.1156470766	0.0170902677	0.0480091147	-0.0347807028	0.0384364867	-0.0071525576	-0.0786541548	-0.0542126525	0.0111229236	-0.0219222224	0.0152509877	0.0739943226	0.0291210085	0.0240578735	-0.0195308394	0.0278730583	0.0271260119	-0.1179920364	-0.0559869792	0.0104520448	0.0358231865	-0.0582974777	-0.1074904822	0.0475391775	-0.0482552559	-0.1050127085	-0.0230711796	0.0435270563	0.0764827678	0.0214741967	0.061716523	-0.0057600303	0.0868317284	-0.0239460338	-0.0132210065	-0.0687330431	-0.0074604244	0.0989564868	0.0465519354	0.0578498378	-0.027870961	0.0306705719	-0.033036041	-0.0345798061	0.0974551415	-0.0105563703	0.0385615406	-0.0093198708	0.0427137292	-0.0015019266	0.088489792	-0.0549705368	0.1810611019	-0.0079825356	0.0512915095	0.0417280605	-0.0452832759	0.0231638306	-0.0442157565	-0.0521756023	0.139281782	0.0962820342	0.0475919951	-0.0071600897	0.0374010834	-0.0403496839	-0.051890321	-0.1188496737	-0.0133991032	-0.0104702898	0.0216738701	-0.0928127201	-0.0329401041	0.00814398	0.0757921729	-0.0355011518	0.0051787178	-0.0457687569	0.0994976669	0.0729894465	-0.0043084127	-0.0009147442	-0.0563910682	0.0275941883	-0.0740904403	0.0890240684	-0.0283741152	-0.0278944548	0.0750427679	0.0736491925	-0.0066188737	-0.0354671696	-0.0232659996	-0.0270753579	0.0096004487	0.0293585825	0.011209895	-0.0264832682	-0.0131206229	0.0504068815	0.019514969	0.0932618704	-0.0504084998	0.0233138129	-0.0671791591	0.0487118568	-0.1003789024	-0.0051469986	-0.0495126586	-0.0132782326	0.0151862195	0.021570269	-0.0410258077	-0.0087874333	0.0425935487	-0.0735219314	0.0554067442	0.1378382688	0.0088772758	0.0604072555	0.0141338651	-0.0109530881	0.0868203521	0.1186016726	-0.0594269692	0.0653886869	-0.0573931624	-0.0378806547	-0.0124015523	0.0014413447	-0.1394866866	0.0424379075	0.052059433	-0.1027949654	-0.0195756057	-0.0102740208	-0.0525478949	-0.0566070281	0.0096236691	-0.142317544	-0.007668895	-0.0557862109	0.0137453796	0.0548934779	0.0941858912	0.0131714252	0.0052390273	0.0499283082	-0.0961986012	0.0029776468	-0.0294152116	0.031287282	-0.080360687	0.0192521478	-0.0476991912	0.0162282408	0.0373882747	0.0241058131	-0.0778680571	0.0328058355	0.022805354	-0.0810071397	0.1173553864	0.0011891344	-0.0034782269	0.0252298392	-0.0121272983	0.0047582632	-0.0460636743	0.0060896158	-0.021170204	-0.0089756952	0.0110097977	-0.0325906221	-0.0913749769	-0.0439938119	0.0353050298	0.0762327537	0.0360350191	-0.0160479313	-0.0628378881	-0.0889023983	-0.0856447597	0.0104639242329227	0.0096062586252685	9.228020477554544e-05	0.0001094937103523	-0.0400334457206525	-0.0051431916168097	2.6452420007222564e-05	0.0016026767762684	-0.0147151116466375	0.0238548257059818	0.0005690527094627	0.000216534510773	-0.0005030052130049	-9.80048197685e-05	2.5301424431010485e-07	9.604944697856167e-09	-8.797002129390386e-05	-8.099404309036551e-05	7.738724646449898e-09	6.560035016123984e-09	-0.0001190219257202	-2.0164320799998472e-08	4.0659983332525093e-16	1.4166218802144806e-08
764.1808064905787	-0.2504797136243724	583972.3050085913	0.0627400869373476	975.8247817646374	3.861863569779757	952234.004706002	14.913990231592049	779.605213474583	2.4366517854524545	5.937271923548635	607784.2888767502	802.6340539199568	697.7181654813945	1.022443	29.265707	0.051198100731736	0.0293109005206908	-0.072251186	0.0342051009	0.0115378424	-0.0618939099	-0.0544317023	-0.0775742361	0.035457009	0.0308967889	-0.0721604659	-0.031578619	-0.0482407666	-0.0367377793	0.1335871241	0.0419957667	0.0179686071	0.0460486699	0.0465606353	-0.016977858	0.0083346359	0.0644466707	0.1454284521	0.0581594956	-0.0101248669	-0.02447639	0.0662222886	-0.1411706329	-0.0600012283	-0.0501240856	0.0545120289	-0.0349090144	0.048431817	0.0711517357	0.0040915894	-0.0102308355	0.0141087801	0.0160920912	-0.0402582583	0.1628395791	0.0197094717	0.0958948109	0.0426889482	0.0656211934	-0.1564512253	0.0369437676	-0.1344881095	-0.0068849407	0.0096150505	-0.0132069589	-0.0700782162	0.0118505867	-0.0206598908	-0.1088068289	-0.0329852318	0.0523865646	-9.79219e-05	0.0425771073	-0.1406839611	0.0311196966	0.0796193984	-0.0534235954	0.0150505074	-0.0331135763	0.0303704406	-0.1156617815	0.0324053265	-0.0030350403	0.0251424347	0.0482460628	-0.0268883684	-0.0612607482	-0.053642475	-0.1033191754	0.0364400274	-0.0460543153	-0.0086672303	-0.0065275115	-0.0540043137	0.0628422284	-0.0577133146	-0.0185265193	-0.1012669899	0.1531563921	0.053053624	0.1317901846	-0.0657028721	-0.0965565283	-0.0656901286	-0.0050455115	-0.0510692699	0.0478223529	0.006404054	0.0030112449	0.1071734535	0.0263540728	0.0107265547	-0.0719113784	0.0902891205	-0.0056049033	0.0405689467	-0.009675242	0.1864259829	0.0290923032	-0.0222596875	-0.0217109886	0.0951478702	0.0533075973	-0.103397916	-0.0252786055	-0.0160996164	0.0541927426	0.1163398876	-0.0275115584	-0.0249151689	0.0151989771	0.0696500963	-0.0185572889	-0.0045862842	0.0779080663	-0.0340951808	0.0085768636	-0.0199317387	-0.1615336706	0.004700435	-0.0894243221	0.0311248908	-0.0347854104	-0.0018645909	0.0366405949	0.029296483	0.1194393472	0.0217596114	0.0345240664	-0.0522651795	0.0587616393	-0.1142555739	0.0288165679	-0.0316058588	-0.0316873739	0.0363286711	0.0020162411	0.0715630233	0.1126762825	0.0187842278	0.1500305582	-0.0652204729	-0.0189650799	0.0908411412	0.0612847634	-0.0142315434	0.0706822252	0.0140739707	0.0003979724	-0.0886998588	0.0147898237	0.0898401124	-0.0408411963	-0.0057912617	-0.0715796467	-0.1052776879	0.0437100143	-0.114590615	-0.0012801634	0.0627924288	-0.1547059537	0.0504834307	0.0374925746	-0.0734592169	0.1055257413	-0.0185510087	0.0616882553	0.0104128945	-0.0887696827	0.0121853931	0.019831706	-0.0946737393	0.0338148734	0.1012331804	-0.015060208	-0.0061203139	0.0186924955	-0.0600544522	0.0087345117	0.0683517256	0.0479573196	-0.0827907012	0.1251760179	-0.0319285107	-0.0209221288	0.0670253535	0.0852387614	-0.089626775	-0.0699628631	0.0999563386	0.0599661117	0.059219624	-0.0288270203	0.0817239533	0.0907486404	-0.0302463284	0.074714999	0.0755688824	0.0338271112	-0.0195636596	-0.0662173176	-0.0900678015	-0.0829017503	0.0013722757758785	-0.0090916484570442	8.265807166647418e-05	1.8831408050629391e-06	-0.0274240701072869	0.0126093756133655	0.0001589963533589	0.0007520796212493	-0.0392614879659589	-0.0245463763193214	0.0006025245904097	0.0015414644373011	-0.0004750089440661	2.7996268938800016e-05	2.256334969427913e-07	7.837910744936185e-10	-0.0001589718708276	-7.100184953369614e-05	2.5272055714427137e-08	5.041262637205626e-09	-0.0001190378140878	-1.5888367600001692e-08	2.5244022499278343e-16	1.4170001182801635e-08
763.7284558555322	-0.452350635046514	583281.1542834755	0.2046210970269845	977.0654053688048	1.2406236041674674	954656.8063685067	1.539146927217477	778.9017618081949	-0.703451666388105	0.4948442469442017	606687.95454791	801.165323695474	699.3937468245076	1.025012	29.339243	0.1054782708626442	0.0576169530131607	-0.0639204836	0.0659211804	-0.0073339314	-0.0654603393	-0.0148595721	0.0905768264	-0.030956647	0.0185276308	-0.028810195	0.0592574028	-0.0233019029	0.0267669311	0.0292832107	-0.0740989079	0.0295772673	-0.0817678237	-0.0724296925	-0.0694438787	0.0054696291	-0.0961840695	0.1234530932	0.0161613001	-0.015693429	-0.0021442917	0.0243218242	-0.0953148141	-0.0493227087	-0.0012205371	-0.0183574227	-0.0001823109	0.0209697122	-0.0029142069	-0.0732672042	0.0616450151	-0.0274773757	-0.0185151414	0.0407745978	-0.0232060126	0.0432052112	0.0714881151	-0.0294939626	0.008617695	-0.0128888976	0.0667299993	-0.1225635869	0.0208589249	-0.1597047061	0.1263913315	0.1211888434	0.0294632317	0.0313399832	-0.0575516911	0.0550826918	-0.0529430945	0.0778842227	-0.0327479905	0.1364781555	0.0703804455	0.0297987227	0.1730046066	-0.040517307	0.0057940541	0.0710049876	0.034135489	0.0316012479	-0.0302442834	-0.0324197903	-0.0911434624	-0.0510722889	0.0305385628	-0.0386310002	-0.0198457199	-0.0089440272	0.0078256127	-0.0083993984	-0.0553892888	-0.0658808191	-0.0644235831	0.1353954573	0.0101164647	-0.0821648486	0.0887731275	0.0021585646	-0.0956272578	-0.004859115	-0.0933797107	-0.1187857187	-0.0449703155	-0.0519238986	0.0283081713	-0.0394000947	-0.003850278	-0.0062101227	0.0027791282	-0.0112500243	0.0273566994	0.0208351216	0.0244465883	0.0746926637	0.0986355373	-0.0314369959	-0.0161441859	0.0031313554	-0.0094858605	0.0202349516	-0.109294654	0.0671099374	-0.0913197175	-0.0208489125	0.0023437724	-0.007159211	-0.1164057969	-0.0139750022	0.0210221645	-0.0564586853	0.0696231189	-0.0462673043	-0.0858487647	-0.0216284941	-0.1019640495	0.0445419945	-0.0725246533	-0.1103202317	0.1129653328	0.1370911056	0.1261020491	0.0113418352	-0.0275327995	-0.0356741473	-0.025765955	-0.0336663169	0.0358015776	0.096025944	0.1385807958	-0.0185725657	0.019234205	-0.0798847026	0.0170161899	-0.0158961716	0.0378242764	-0.1274066994	0.0508042946	-0.0220736848	-0.0877019861	-0.0337246525	-0.0433770179	0.0047037055	-0.0527018771	-0.058906793	0.105551347	-0.0493342279	-0.0751666797	0.0180511782	0.0451744811	0.0371342634	0.0655009057	0.0534939035	-0.1358437742	0.027670983	0.0019092185	-0.0104169853	-0.0355904797	0.0031288975	0.0262014405	0.0317304546	0.0632660797	-0.1342014416	0.1175778468	0.0373498835	-0.0223875365	0.055781761	0.0235341535	0.0371916134	0.0745919656	-0.168301926	-0.069520352	-0.0102925654	-0.1125242721	0.0822917379	-0.0276992385	0.0508357008	-0.0775455641	-0.0095330825	0.0584742539	-0.0208122479	-0.0678551691	-0.0218351397	0.0079350177	0.0267249472	-0.0262345824	0.0181226346	0.0342778057	-0.0096389477	-0.0404457894	0.0508313688	-0.0725418775	-0.0057287796	0.001009583	-0.1446645909	0.0448391592	0.0748920628	0.0315960199	-0.0230492221	-0.06941525	-0.0908475206	-0.0796476241	0.0183280792101356	0.0169558034342571	0.0002874992701011	0.000335918487533	-0.0525652080475254	-0.0251411379402385	0.00063207681693	0.0027631010970796	0.0089677372158547	0.0482292251818136	0.002326058161638	8.042031077262541e-05	-0.0001720089661965	0.0003029999778696	2.958708445198868e-08	9.180898658897809e-08	-0.0001589898921039	-1.8021276300015865e-08	2.5277785791209764e-08	3.2476639948151344e-16	-0.000119013727107	2.40869808000024e-08	5.801826440596842e-16	1.4164267239899465e-08
762.8947282589767	-0.8337275965554909	582008.3664053378	0.6951017052581954	979.1344043124806	2.0689989436757514	958704.181708356	4.280756628931376	778.6318639119467	-0.269897896248267	0.0728448743992403	606267.5794989922	802.5696413189467	700.3962590485052	1.043837	29.87808	0.0967019010329729	0.0456190799151323	-0.0881199785	0.1008621932	0.0731831734	0.0216857498	-0.0092754917	-0.0411167027	-0.0492245765	0.02754688	-0.0446942584	-0.0670346903	-0.0792991571	-0.0051870583	0.1107910134	0.0390364644	0.0177191357	0.01197491	0.0910767054	0.0147477361	0.0041417169	0.0199881119	0.0245195995	-0.056504615	0.1078365257	0.1405842056	-0.0135211173	-0.0727798919	0.0218031814	0.0191218005	0.0375655902	-0.0251284194	0.0201367537	0.0193420166	0.1005641544	-0.0687354971	-0.0587656553	0.0274300923	-0.0157584777	0.0386306885	0.0565415519	-0.0341853332	0.0380784089	-0.0117296512	0.0126591435	-0.0316564081	0.0507487469	0.0585013822	-0.0329257082	-0.089623446	-0.0250246299	-0.0300489205	-0.0342236273	-0.0808653935	-0.0400089963	-0.0412547688	0.008866632	-0.043051019	0.0214053978	0.1404608164	0.0169868961	0.0987852443	0.0294480893	0.0470215869	0.0687439685	0.0421211913	0.0542053328	-0.0929680437	-0.0112306542	0.0202347265	-0.0523535325	0.0444207721	0.1541041463	-0.1027580416	-0.0128430439	-0.0107586321	0.0631406852	-0.0070616707	-0.0234695837	-0.0070293385	-0.0038944673	-0.0112793445	-0.0907522672	0.0078166709	-0.0311807346	-0.0989433027	-0.0051258869	-0.1580804598	0.0268304788	0.0227278627	0.0393566758	-0.007669965	0.0339568379	0.0432011784	0.0305509244	-0.076392844	-0.0198682816	0.2017530017	-0.0341925614	0.052467639	-0.0087145881	0.0181732696	0.1118000317	0.0667473967	-0.0578141944	-0.0088156269	0.0949236129	0.018545129	-0.0905112616	0.0450903847	-0.0339177917	0.0096718348	-0.0318084807	0.0284957208	-0.0222267348	0.0031959023	0.0041916339	0.0326461749	0.0154186138	0.046539592	0.0604081551	0.008013817	-0.0154730667	0.0102689917	-0.0065032334	0.0088982897	-0.057677648	-0.0405093434	0.002750693	0.0595828459	0.0498676164	0.0359080116	0.0609891011	0.035626956	0.0348550176	0.1330015922	-0.1245417663	-0.0199618479	-0.1435811694	0.0969890038	0.0339204365	0.0611342457	-0.1206706445	0.0347477073	-0.0132765665	-0.0205709389	-0.0218424638	-0.1397293785	0.016198263	0.0212035995	-0.0265835257	-0.0215786932	0.0774266157	-0.0068296882	-0.0657984526	-0.020783866	-0.0217935193	0.025618523	-0.0573389946	-0.0770301677	0.0537969872	-0.0602260651	0.0948291556	-0.0356874373	0.0339230915	0.1566328393	0.0868379185	0.0363677091	-0.0154106858	0.0967943885	0.0034947528	-0.1035333131	-0.0554802902	0.1004478828	0.0797390562	0.0055004285	0.0886373054	0.0149503441	0.0907583987	-0.0022906127	0.0896855037	-0.0900741641	-0.0474181923	0.0629877334	0.0431562646	0.0329268978	0.0442806015	-0.0380300294	0.087188503	0.0293340594	0.0435904104	-0.0069522119	0.0881262393	0.0545987405	0.0507226598	-0.0515311785	0.0700107244	-0.0640362622	-0.0742024448	0.0662974177	-0.0142289455	0.0931928723	0.0742024108	0.0293432743	-0.0264992443	-0.0724229201	-0.0912382167	-0.0759024438	0.0018676606119782	-0.0164604185981574	0.0002709453804265	3.488156161534785e-06	-0.0316872734305206	0.0208779346170048	0.0004358881538719	0.0010040832974605	-0.0226403088021811	-0.0316080460180358	0.0009990685730782	0.0005125835826581	-0.0005850201969362	-0.0004130112307397	3.422486308232702e-07	1.705782767171217e-07	-0.0001589235072918	6.638481210000017e-08	2.5256681169926813e-08	4.406943277552327e-15	-0.0002610461475507	-0.0001420324204436	2.0173208457095965e-08	6.814509115106182e-08
762.1685228659077	-0.7262053930689945	580900.8572475996	0.5273742729224927	980.705532507463	1.571128194982407	961783.3414907464	2.4684438050686763	777.5744769809482	-1.0573869309984048	1.1180671218462253	604622.0672521952	800.7381726270391	683.4023007725183	1.058114	30.28672	0.0873691112970129	0.0497666811296816	0.0421766962	0.0604470846	0.0512254615	0.0353548947	0.0793152731	0.0444879993	0.0938862438	0.0123199106	0.0682885232	-0.0298371736	-0.0908137717	0.0609764647	-0.0097839071	-0.1044078889	0.0316650887	-0.1131188886	0.0253303624	-0.0523474815	0.0577180973	-0.0320141685	0.0609947199	0.0366214588	-0.0276723116	0.0246695211	0.0268151747	-0.0517500917	0.0177025983	0.0334105128	-0.076792299	-0.0220941923	0.095967199	-0.0027662775	-0.0679457816	-0.0717925197	0.0749377387	0.0488367016	0.1079461863	0.0488841354	-0.0124557321	-0.1018427527	-0.1299601146	0.0399858281	-0.0949509818	-0.1055027947	0.1088477953	-0.0897507711	0.0086533747	-0.0178335891	0.0461641346	0.1273743655	0.029035823	-0.0533956788	-0.1641186985	0.0572405167	0.1078912818	-0.0460884717	-0.0372473553	0.0018775913	0.032435425	0.0612720121	-0.0052655203	0.0069150654	-0.0663665076	0.0208688576	-0.0080044506	0.0693147179	-0.0041677413	-0.0665808427	-0.0544696631	-0.0536385566	0.0278915974	-0.0973002456	-0.1128622816	-0.0334738817	-0.0514524044	-0.0722763933	-0.0696205667	0.0458966397	-0.0612220668	0.0517074696	-0.0309093497	0.0208184964	-0.0423589504	-0.0201041651	0.0163088792	-0.0227222078	-0.0312581962	0.0741691235	-0.0444333596	0.0368191454	-0.0223057558	0.0239732056	-0.0676068467	-0.0648151638	0.0309854032	0.0681456895	0.1164074984	-0.070588951	0.0005277738	-0.023625319	-0.0383043868	-0.0267448407	-0.0686830989	0.0270958058	-0.0107885193	-0.1678366155	0.0327406663	-0.0620175859	-0.0265241891	0.0563265461	0.0332184971	-0.0247149106	0.0523487131	0.0474694732	0.0001049387	0.0834142635	0.0550037575	-0.1276679722	-0.0490439491	0.1493139192	-0.0122611138	0.1180091724	0.104505722	-0.0185825777	0.1198945325	-0.142833166	0.1163234594	0.0707801281	-0.0466630253	0.0887143	-0.0462092271	0.0437608082	0.028500665	0.0267291932	-0.0265279575	0.0136751988	-0.0477602048	-0.0362854761	0.0575213976	-0.0223247096	-0.0195575052	0.0456470802	-0.1099442854	0.0409664478	0.0013094338	-0.0444302115	0.0085125837	0.0520156283	-0.0086390371	-0.1010950875	-0.0712355286	-0.0184517219	0.0006970395	-0.0233324108	-0.025903501	0.0273171748	-0.0002613899	0.0613059318	-0.0243721443	-0.0061885228	0.0100982203	0.0914106321	-0.0116788159	-0.021461366	-0.1107895662	0.0556870557	0.0025897575	0.0199762928	0.1438355632	-0.0211353565	-0.0529522679	0.1170236096	-0.0148963847	-0.0436136176	-0.0240160744	-0.1301754583	-0.1022746914	0.0109452808	0.0594457245	-0.0737355445	0.0989980358	-0.0081939728	-0.0375565436	0.0487058337	-0.0180866786	0.0745724011	0.0309054415	-0.0149724237	0.0600172857	0.050462012	-0.0096854388	0.1766007102	-0.0200043791	0.056079583	-0.0823964573	0.0369982444	0.006068848	-0.0604138092	-0.0927970707	0.0149900037	0.0735000446	0.0270704183	-0.0299084066	-0.075232084	-0.0912382167	-0.0716892996	0.012020664894905	0.0101530042829268	0.0001030834959691	0.0001444963845156	-0.0683403914569282	-0.0366531180264076	0.0013434510610577	0.0046704091044861	0.0089726181603424	0.0316129269625235	0.0009993771511378	8.050787665130624e-05	-0.0004290220547416	0.0001559981421945	1.8405992345470445e-07	2.4335420368166637e-08	-0.0001589390004279	-1.5493136099981e-08	2.5261605857019996e-08	2.4003726621253443e-16	-0.0002840337527231	-2.298760517240001e-05	5.284299915621517e-10	8.06751726859671e-08
759.9006785448481	-2.267844321059556	577449.0412529206	5.143117864562079	978.4447217854588	-2.26081072200418	957354.073589824	5.111265120729063	777.389877090225	-0.1845998907232342	0.03407711965503	604335.0210023551	801.0192668908862	678.8109926866742	1.022441	29.26565	0.0697922931079274	0.0360943661558601	0.0871122762	0.0408067143	0.0922122205	0.0340219634	-0.0060049774	0.0078865524	-0.046704105	-0.0669883572	0.0081927944	0.0090415122	-0.12384212	0.007759302	-0.1020527028	0.041728073	0.0357230936	-0.0938286898	0.0808480863	0.0148636342	0.0313710895	0.0351943784	0.0230119416	0.0010031112	0.0617402342	0.0255878198	-0.0361424506	-0.0825729702	0.0576780625	-0.0153524187	-0.0628321108	0.0669483806	-0.0098877634	-0.1246373764	0.1267325458	-0.1185179744	-0.0682912254	-0.008108972	0.0505858471	0.0734743777	0.0514046844	0.0021057868	-0.0503387948	0.1597975538	0.0459487619	-0.0639562699	-0.0628921271	0.1323603196	-0.0266591635	0.0143774402	-0.0825007968	-0.0086445731	-0.0417392736	-0.0582832812	-0.0653880849	-0.1187088104	-0.0115046593	-0.0489602837	-0.0516847514	-0.0447758319	-0.0615550081	0.1017882241	0.0426048811	-0.102340414	-0.0105834842	0.0514267025	-0.0114783374	0.0058015906	0.0476553506	-0.0113928933	-0.0498820127	0.0005350406	0.084065207	0.0177058652	-0.0687863998	-0.0122310618	-0.0563668339	0.0811867226	-0.0548394173	0.031976052	-0.0422936365	-0.0259848348	0.0038390483	-0.0425952957	-0.0399182021	0.023256789	-0.0873995011	0.0125923383	-0.0381185467	-0.0783262606	-0.0302407772	0.0081335373	0.0753751313	-0.0319651708	0.0255299359	-0.0165576907	0.0766578435	0.0534059855	0.0162737024	0.0673340189	-0.0429508193	-0.0036202068	-0.0094952965	0.0736159602	-0.1348829256	0.0130414078	-0.032776299	-0.091740947	0.0146455636	0.0966919542	0.1085407608	-0.0012189864	0.0346113372	0.0084447705	0.0082711801	-0.0510564236	0.0639695363	0.0769367237	0.0268259317	0.0455329641	-0.0963475176	0.040057725	0.0381930375	-0.0261639357	0.0531965872	0.1372378058	-0.004973401	0.0089870192	-0.0237451873	0.1620661933	0.0678963136	-0.060749237	-0.0025221766	-0.0006277028	-0.0490136769	0.087097241	0.0049076298	0.0495213832	-0.0333602898	-0.0090617049	0.0111554872	-0.0328251711	-0.0741272694	-0.1148105826	-0.0788866175	0.0163566435	0.0135653524	0.0264773463	0.0547093957	-0.0545094198	-0.0257390781	0.0271545196	0.0308574476	0.0573324243	-0.0357005182	-0.0517089992	-0.0445074128	0.0507398832	-0.0101657406	0.0709022917	0.0223737167	0.0532681749	0.1008464792	0.0408364735	-0.0493110524	0.0138077716	0.0645853412	-0.0064502753	-0.0185040292	0.0104629758	-0.0222143974	0.0730933229	-0.0688410002	-0.0478966633	-0.015100448	0.0630587077	0.0177688943	-0.051768606	-0.0675707509	0.0811861328	0.0572142032	0.0250870854	-0.0389370559	0.0244892197	0.0387714023	0.0586780758	0.0017226813	-0.0267713109	-0.0662634602	0.0663967043	-0.0238540641	0.0159467221	0.075836897	0.0495654591	-0.0669539637	0.020932436	-0.1068638436	-0.0206041255	0.0170471881	0.0348816692	-0.0640250917	-0.0123038436	0.0727850846	0.0247790096	-0.0332714524	-0.0778350419	-0.0908475206	-0.0670341672	0.007918571642989	-0.004102093251916	1.682716904741478e-05	6.27037768651495e-05	-0.0384675131990661	0.0298728782578621	0.000892388855409	0.0014797495717203	0.0017056222912827	-0.0072669958690597	5.280922896093076e-05	2.9091474005204478e-06	-0.0005849944936884	-0.0001559724389467	3.422185576457475e-07	2.432740171101324e-08	9.1034634102094e-05	0.0002499736345299	8.287304606102136e-09	6.2486817960135e-08	-0.0001189733116181	0.000165060441105	2.7244949217777174e-08	1.4154648877377529e-08
762.0671731479906	2.166494603142496	580746.3763897695	4.693698865445562	979.1810898347336	0.7363680492748017	958795.6066899366	0.5422379039927768	778.3471442786781	0.957267188453102	0.9163604700889064	605824.2770067734	801.7847884728416	671.0528245499046	1.037922	29.708759	0.0561082456341463	0.0378331561433598	0.1033128312	0.0195161233	-0.054457762	0.0824073143	-0.0146470216	0.0370424897	0.0501455043	-0.0025563357	0.0687843836	0.0756102886	0.0209214882	0.1384266234	-0.0989612195	-0.0441740718	0.0119306203	-0.028125142	0.0491858465	0.1300868344	-0.1245748129	-0.0289495824	0.0673962589	-0.0578619728	0.0002069192	0.0271069089	-0.0893958848	-0.0154535618	0.0171472099	-0.0440138196	-0.0454558993	0.0185095956	0.0656970465	-0.0850573523	0.0132826223	-0.0294337137	-0.1140090139	-0.1005063648	0.013511833	-0.0091402324	-0.0998012752	0.0572546123	0.018181575	-0.0673966824	-0.0392936973	0.0083592972	-0.0399040257	0.0793993854	0.0222190496	-0.0540681876	0.016922746	0.1248016825	-0.030065476	-0.0210426415	0.0291218713	0.0067910993	0.0367571452	-0.0252415283	-0.0206270517	0.0046821762	-0.0099785921	-0.0604187856	0.0446329058	-0.045834592	0.0264307438	-0.0277602572	-0.0313893903	0.1597128833	0.0301132807	0.0270405049	0.0897822395	-0.0857986498	0.0170293448	-0.0058918931	0.1229980166	0.1216045395	-0.0746371598	0.0019405525	-0.0560928379	-0.0592799966	0.0693030878	-0.1070554164	0.0599138005	-0.0347314295	0.0913044377	-0.0220515347	0.0039965465	0.0504231178	-0.0447271355	0.0058168831	0.0726342182	-0.0141404085	-0.0271517898	-0.109961619	0.0568477349	-0.0094850428	0.0836153966	0.0751711902	0.00333224	-0.011942618	-0.015816626	0.0353900205	-0.0200437749	-0.0531472786	0.0018444896	0.0623738429	-0.0534061617	-0.1087930817	0.0945221771	0.1206457366	-0.1291598932	-0.0002342478	0.0967238384	-0.0087560801	-0.0329092704	-0.0444647872	0.0628924481	0.0083780916	-0.0623824162	0.0700607263	0.03258912	-0.0347010203	-0.008424315	0.0834427656	-0.0251751901	-0.1087319532	0.0557500595	0.0503525683	-0.0689142282	0.0408019831	-0.019289052	0.0307565183	-0.0025386078	0.0072543024	0.0299839002	-0.0917645309	0.0310509928	0.0644566594	0.0103181555	-0.1172788631	0.0372016042	0.1198217548	-0.0472634488	-0.0027091487	0.0106249952	-0.0451902013	-0.0359742905	0.0756666177	0.08649308	-0.0688030497	0.0355520053	0.0205280999	-0.0044537357	-0.0155242871	-0.0620407884	0.0369918875	-0.0373264911	0.1068392988	-0.0074215318	0.0431642635	0.0196104447	-0.0084370926	0.0133729213	-0.0130686457	0.0043991893	-0.0055839479	0.059964952	-0.0909408184	0.0897019194	0.0046832426	-0.021367297	-0.1004997409	0.100078464	-0.071642419	-0.0631550596	-0.0982005057	-0.0381456241	-0.1184900506	-0.1088468999	0.0348646085	-0.0121127696	0.0189163649	-0.0045706654	0.0779971035	-0.088246952	0.0511997961	-0.0043163409	-0.0121881546	-0.0490738113	0.0047618429	0.0458402254	0.0473487206	0.0314400734	0.0748743725	-0.0784791527	0.0616043421	0.1100546088	0.0433192167	-0.0420850999	-0.0352126615	-0.0610004068	-0.0238979356	0.0720576532	0.0224706185	-0.036583196	-0.0802246594	-0.0900678015	-0.0619657467	0.0063952559353879	-0.0015233157076011	2.32049074502424e-06	4.089929847911416e-05	-0.0735423545055624	-0.0350748413064963	0.0012302444926758	0.0054084779062218	-0.0021515899005066	-0.0038572121917893	1.4878085892488018e-05	4.629339099962001e-06	-0.0005220089124915	6.298558119689995e-05	2.7249330472055853e-07	3.967183438711277e-09	-0.0001589690743073	-0.0002500037084093	2.5271166586119868e-08	6.250185421844932e-08	-0.000119041550577	-6.823895889998999e-08	4.656555511754523e-15	1.4170890763776449e-08
763.1344494145702	1.0672762665795972	582374.1878832792	1.139078629204083	977.8159113797276	-1.3651784550060029	956123.9565473672	1.863712214012577	777.8925743904915	-0.4545698881865974	0.2066337832459756	605116.8572918663	800.8261858760661	678.3395952435459	1.039771	29.761692	0.0388936939407902	0.0241950364086472	0.0697466838	-0.0556913853	-0.0107257518	0.0008701907	0.0196842083	0.0926803718	-0.1501371912	-0.0045994943	-0.0341879428	-0.0086397885	0.0291564364	-0.0543352098	-0.1243697484	0.0658647922	-0.050337712	0.0096989222	-0.0009626271	0.0080064349	0.0541138605	0.0351681604	-0.0411142095	-0.0354921037	0.0390814084	-0.0513234192	-0.1286890272	0.0264620708	0.092562223	-0.0130407345	-0.0704045096	0.0505455505	-0.036797597	-0.0864629365	0.0344566621	0.1534346732	-0.0817792643	0.039756809	0.0392199972	0.0172999286	-0.050804476	-0.0289244366	0.0139805351	0.0356762414	0.0189555935	0.0605699077	-0.0043202662	-0.0022160632	-0.0282480443	0.1067081648	0.0331373999	-0.0135125083	0.1719305585	-0.0502465043	0.008422027	-0.0680246663	0.0137421485	0.119476991	-0.0170047582	0.1547298851	-0.0052073071	-0.0135733928	-0.0067889333	-0.0543118369	0.0057906289	-0.135422708	-0.0825080843	0.0125233774	0.0739971998	0.0074254726	-0.027432619	0.0433403329	0.01229501	0.1309266548	-0.0068065283	-0.0404464627	-0.0839376645	-0.0429501258	-0.0514506798	-0.0619252823	-0.1479582101	-0.1220654463	-0.0515575174	0.0446148093	0.020150976	0.0453069856	0.0143929318	0.0927364599	-0.0320710259	0.1388721903	0.0030596767	-0.0523607007	-0.0095759818	0.0048865239	-0.0356160695	0.0693220577	-0.0100835313	-0.0394491557	0.1425584959	0.0247844616	-0.0095448352	0.0937637031	-0.1360304006	-0.02723172	-0.0145954363	0.0151906765	-0.1209770523	0.0282869622	0.012236541	0.0687319292	0.1056452513	0.0260105836	-0.0090521381	0.0050809817	-0.0746365831	0.1285234105	-0.0446218256	0.0034854029	0.0050314824	-0.0535855199	-0.0089687574	-0.0832262288	0.0480656878	-0.0002060203	-0.0903583419	0.0475049965	0.0838442842	-0.0353788226	-0.0911148276	0.0278839758	-0.1049836752	-0.0156840341	0.0353950123	-0.0192456649	0.1229285178	-0.022004997	-0.0687906042	-0.0208817311	0.040695719	0.0641396685	0.0153181847	0.0990605671	0.0665682714	0.0804663828	0.0509402709	0.0235910625	0.0785425953	0.0373801425	0.0277575308	0.0002697958	0.0482579546	0.0612321675	0.0006212124	0.121244074	-0.0220394579	-0.0407292046	0.0706485268	-0.076399532	-0.0121228536	0.1348127967	-0.0003932673	0.120508945	0.049504211	0.0836982439	-0.0494632369	-0.1676119189	0.0436510635	-0.0200174149	0.0464023909	-0.0365118606	0.054093537	-0.055509775	-0.0441978907	-0.0085603853	-0.0823931889	-0.013896264	-0.0864260435	-0.0030326474	-0.0541377119	0.034716286	0.0213951543	0.0736123978	-0.0091530781	0.0675347293	-0.0152769537	0.0656898116	0.0608705226	-0.0067560573	-0.0910662909	0.1081757217	0.0119999717	-0.0958035626	0.0876454639	0.0079221544	0.0164121452	0.0004750732	-0.0533045122	-0.0509484493	-0.0746789228	0.0237853411	0.0527178724	-0.0209096831	0.0713178751	0.0201468273	-0.0398385309	-0.0823943867	-0.0889023983	-0.0565152869	0.0104469657885886	0.0040517098532007	1.6416352734523637e-05	0.0001091390941879	-0.051184374614607	0.0223579798909554	0.0004998792648043	0.0026198402046884	-0.0089350340309408	-0.0067834441304341	4.601511427072219e-05	7.98348331340702e-05	-0.0005850063351584	-6.299742266689993e-05	3.4223241217546216e-07	3.968675262672037e-09	-0.0001079651612594	5.10039130479e-05	1.1656476045768246e-08	2.6013991461977434e-09	-0.0001190316849678	9.865609199992713e-09	9.733024488698084e-17	1.4168542026273585e-08
764.0119946083487	0.8775451937784737	583714.3279054274	0.770085567123699	973.9082178636032	-3.907693516124368	948497.2168222596	15.270068615960428	777.3728293112448	-0.519745079246718	0.2701349474011771	604308.5157513698	801.1433396643465	677.7373573638224	1.005325	28.775723	0.0521174607756955	0.0295035693545939	0.0621809829	-0.0467812242	-0.0234522164	-0.0420026196	0.0194397514	-0.0072515386	0.0088944516	0.0506395894	-0.026169886	-0.0033213659	0.0399746768	0.0452341281	-0.0376505232	0.0771282489	0.0566155071	0.0680960682	-0.015329493	0.0086901761	0.0339640601	-0.0019359654	-0.0315377356	0.0105396038	0.0038411591	0.0509668457	-0.01462385	-0.0148289903	0.0139630736	0.0361966279	-0.0253038552	0.0466932248	-0.0822432128	-0.0534355222	0.0220670496	0.1370732831	-0.0001912582	0.0402357891	-0.0201972155	0.0429010187	0.0867903902	-0.0925315704	-0.0426168612	-0.0894791143	-0.0657906985	0.0892443617	0.0532589503	0.0779962228	-0.0017170885	-0.0554962611	-0.0689116491	-0.0078022636	-0.0378989961	0.0981825572	-0.0604033627	0.0093364714	0.0614032013	-0.1115150689	0.0350081899	-0.0527071006	-0.070887633	-0.0856424974	-0.0787757244	-0.0822659737	-0.0956023617	-0.0272899237	0.037823796	0.0304733547	0.013568997	-0.0441677332	-0.1036530035	0.0463964983	0.0294903714	0.0181620202	-0.0998498532	-0.096562821	0.0166403976	-0.0161256727	-0.018893375	0.0577993217	0.0826971622	-0.0005085726	0.0203625374	-0.0673705913	-0.0456334916	0.0460626043	0.0044806333	0.0844273819	0.0208632477	-0.0062598785	0.0153102859	0.0604980959	0.0148230842	-0.10407143	-0.0512615366	0.1094534665	0.0462893192	0.0206703856	-0.0160634276	0.048558243	0.0493210249	0.08532555	-0.0508373886	-0.0897138015	0.0062487668	0.0550124154	-0.063441067	0.1003020698	0.0404003732	0.0457280961	-0.0047285698	0.0362261761	-0.0507771737	-0.0061310168	-0.0299624998	0.0827324357	-0.009557115	0.0771367056	-0.0284231808	-0.0765424124	-0.0575521713	0.0123437935	0.0177586391	0.0983124372	-0.0197746686	-0.1265289214	-0.096441465	0.0569485732	0.0865406854	-0.1139838402	0.1708646517	0.0348162105	-0.0430873171	-0.0131907779	-0.0330384316	0.0177764257	-0.0127563231	0.0618112276	0.0121037538	0.0122637836	0.0084180381	-0.0035188331	-0.05342369	-0.0617813861	-0.025934774	-0.0143466974	-0.0944641604	0.0114244139	-0.0859964615	-0.0056931388	-0.0909597055	-0.0420365707	0.0547411859	0.0406526053	0.0471525544	-0.0195542742	-0.0033609383	0.0012607741	-0.0436468326	0.0272343166	-0.0408402705	0.1338289878	0.0474556696	0.0729972398	-0.1224288509	0.0393852688	-0.0647429694	0.026277617	0.0678393538	-0.0916764263	0.0157019649	0.0769159864	-0.0088382499	-0.0042275377	-0.00662945	0.0526322743	0.0191027253	-0.0180315855	-0.0350860913	0.0019583674	-0.0541191654	0.0533896587	0.0020292604	0.020219151	-0.0376761224	0.0781520538	0.0004284169	-0.0040825678	0.0647071839	0.0172775373	-0.054433246	0.00228963	-0.036722155	0.0598412429	0.0098315947	-0.0291871958	-0.0568403379	0.0849936462	-0.0616345427	-0.076634049	0.1328896353	0.0574028032	0.0705658771	0.0178092284	-0.0430324377	-0.0843382767	-0.0873563013	-0.0507163915	0.0076932770277551	-0.0027536887608334	7.582801791540733e-06	5.918651142578435e-05	-0.0667440202515763	-0.0155596456369693	0.000242102572348	0.0044547642393428	-0.0196926072779035	-0.0107575732469627	0.0001157253821637	0.0003877987814017	-0.0005850422941606	-3.5959002200034763e-08	3.42274485956698e-07	1.2930498392221049e-15	-0.0001588452562317	-5.088009497229999e-05	2.5231815427314425e-08	2.588784064390266e-09	-0.0005290466936119	-0.0004100150086441	1.6811230731342145e-07	2.798904040216837e-07
762.1375097945834	-1.8744848137653207	580853.5838358887	3.513693317036809	967.7620149959216	-6.146202867681609	936563.3176689664	37.77580969069764	776.0699669090477	-1.3028624021970927	1.697450439058779	602284.5935382104	797.9204315375392	684.3916525151844	1.037209	29.688356	0.058992352790027	0.0311812663224826	-0.0103626093	-0.0013104504	-0.039936971	-0.0836180007	0.030680185	0.0647642444	0.0775640609	-0.0489506801	-0.0379646027	-0.0306507142	0.0360146953	0.0304893893	0.0498588144	0.0395369342	-0.0520012274	-0.0406588754	-0.0839241465	-0.0542345789	-0.0175658428	0.1079820977	-0.0336220052	0.0102077396	0.0123441563	0.0487865674	-0.0725260669	0.0038840389	-0.1410449189	-0.08745145	-0.0285228157	-0.0833647828	-0.0816275852	0.0445782915	-0.1367803888	0.0479742282	0.0725070285	-0.0393143174	0.0539253569	0.1669683506	-0.0062357939	-0.1745958792	-0.0162297922	-0.0765296901	0.040763085	0.0855796013	-0.0293778059	0.0597742295	-0.116360611	-0.072786116	0.0495578299	0.005461328	0.0607706196	0.0133169433	0.0198835055	0.0402841888	0.0377751711	-0.0436324487	0.0173173292	0.0321758531	-0.0238044098	-0.0132430059	-0.0405281336	0.0482536558	-0.0413647817	0.077265605	-0.1700967218	0.0448803988	-0.0021010789	0.0292002264	-0.0323299237	-0.0308112119	-0.0446213251	-0.005726261	0.0571542121	-0.0738279479	-0.1162000835	0.0201085408	0.0247616551	-0.0214397221	0.0603383684	-0.0411957342	0.0289832056	-0.0573062504	-0.0270079352	-0.0392914258	-0.1151792197	0.0369058351	0.0941862259	0.0175852732	0.1428183046	-0.0568975341	-0.0013344656	-0.0115928331	0.0607673419	0.0159962897	0.013734824	-0.059876408	0.0224770333	-0.0188145529	0.0149447048	0.0510843351	-0.0109902485	0.0281649689	0.0733369527	0.051419159	0.0233758496	-0.0251997363	0.0494494992	-0.0916874874	0.1188879659	-0.0563084861	0.0085311675	0.0172844284	-0.0106684962	0.1041961209	0.0726462452	-0.0852936311	-0.0708098968	-0.0297043396	-0.0477794461	-0.1401197108	-0.0127718414	0.026097106	-0.0270010267	-0.0462737425	-0.0959295254	-0.0437739093	0.1289024838	0.1315535261	0.150777905	0.0413156762	0.0779107631	-0.0969619466	0.0571271307	-0.0293916397	0.034065188	0.0033121174	0.0351259308	0.0199037198	0.0490520186	0.0249112921	0.0284092896	0.0335843593	0.0174303669	-0.060138441	0.0203574692	0.0707786094	-0.143639538	-0.0002488733	-0.0635554333	-0.0279220461	-0.036319729	-0.1241781132	-0.0755617199	-0.0402734496	0.003746603	-0.0332718802	0.0761612789	0.042903322	0.0604569003	0.0202328784	-0.0647642404	0.0702505713	-0.1582320923	0.0638371209	-0.0021568005	-0.077344551	0.0381903348	0.0263406465	0.0172630747	-0.1057489074	0.0661534338	0.0347063649	-0.0047666138	-0.0133546611	-0.0471175923	0.049440447	0.0079591012	-0.0435790103	0.0544181806	0.0613334008	0.006142995	-0.0283551301	0.0257593029	0.0065272994	-0.0240873735	0.0457329147	-0.0344666758	0.058632389	-0.0508531488	-0.0656369595	0.0171896003	-0.0200428989	0.052689726	0.0008519235	-0.2284403754	0.0253399196	-0.0500557196	-0.1245466953	-0.0114372962	0.0768622333	0.0698017879	0.0154594239	-0.0461599916	-0.0860510014	-0.0854361313	-0.0446048127	0.0119797377221715	0.0042864606944164	1.8373745284776725e-05	0.000143514115892	-0.042831071639398	0.0239129486121783	0.0005718291113286	0.0018345006977792	-0.0268284461944858	-0.0071358389165823	5.092019704341048e-05	0.0007197655252104	-0.000293027665876	0.0002920146282845	8.58652129687367e-08	8.527254313219309e-08	-0.000158948941711	-1.0368547929999949e-07	2.5264766071046877e-08	1.0750678617670622e-14	-0.0003480229160388	0.0001810237775731	3.2769608046835194e-08	1.2111995008814965e-07
763.7683489149989	1.630839120415544	583342.0908043435	2.6596362366777457	977.1640499721874	9.402034976265782	954849.5805580476	88.3982616949251	778.1631782233894	2.0932113143417155	4.381533606488172	605537.9319427265	801.688911964017	691.0536587312606	1.061019	30.369884	0.0878491212834549	0.0485816503934345	-0.0455642119	0.0288371293	-0.0350596747	0.0097266967	-0.0563649667	-0.0629346562	0.0251736264	0.0265123544	0.0483422831	0.0258507243	0.0043706478	0.0463536471	0.0660117033	-0.0077248199	0.0573891943	0.0878065664	0.1058248076	0.0057500554	-0.0023472432	-0.0478903395	0.004631618	0.0810630923	0.0416494854	-0.006140476	0.0279725952	0.1085704694	0.0636690584	0.0309570781	0.048073662	-0.0693842472	-0.0155115642	0.0545668337	-0.0137337726	0.1261068796	-0.0365454775	-0.074628629	-0.0930405785	0.116898822	-0.0748413663	-0.0383509097	0.0225680723	-0.0815768928	-0.0578363924	-0.0641800788	0.0283707504	0.0073549102	0.0334488259	0.0410376922	-0.0213905583	0.0554442141	0.0544796068	0.0307163503	-0.035323374	-0.1177571352	-0.069079546	0.0279824684	-0.1310903727	0.0486921976	-0.0484832496	-0.0214106618	0.0072981957	-0.0571378731	0.0441508357	0.0113284699	0.0439828554	0.0104091849	0.0331873742	0.0187817201	0.0516196512	-0.0438622024	0.0785074572	-0.019509386	-0.0995234868	-0.0739437863	-0.1185225608	0.0020449607	-0.0206742939	-0.0714128736	0.0248092637	0.0383402538	-0.169241529	-0.0312141936	0.011002522	-0.0243601986	-0.0128583846	-0.0579850927	-0.0787938897	0.0151255795	0.1394469341	0.0067136277	0.0724202616	0.0301507793	-0.0358169752	0.0584181968	0.0586891143	-0.1049450058	-0.101706359	-0.093074286	0.125967115	-0.1166767588	-0.0308072653	0.0989336797	0.021270091	0.0156291786	0.0665508619	0.0466285933	-0.0478165316	0.0126772589	-0.0538406912	0.0156165016	0.0116149355	0.0218295546	-0.0899004963	-0.0003890875	0.0565923845	-0.0138438078	-0.0591315675	-0.0698413835	0.0220733619	-0.0300970949	0.055071594	0.0701032454	-0.0193371184	-0.1649076482	0.0505376035	-0.0273540567	0.0090506278	0.0460393438	-0.0576886865	0.0613738749	-0.0368646306	0.0489045536	-0.1034016811	0.0827647553	0.0146991287	0.0346033883	0.0134798069	-0.034433844	0.1192746886	0.0980866403	0.0050438968	0.0075838269	-0.0316366865	-0.0045345254	-0.014497351	-0.0885755518	0.0379666666	0.0076371641	-0.0043922733	-0.0022596439	0.0163797084	0.1490555142	-0.0181749656	-0.2100147585	0.1309817114	0.0154917068	0.1418655116	0.0754724192	0.0986573966	0.0056574488	0.0180490125	0.0179368071	-0.0218626963	-0.0610174498	-0.0275144359	-0.0515405729	-0.0821822754	-0.0631832467	-0.0386424357	-0.090021027	-0.0238747355	0.0201343554	-0.0319126213	0.0538131609	-0.0011783447	-0.0086820646	0.0840954868	-0.0128497331	-0.0564575729	0.0262725318	-0.0757569234	0.0807074742	-0.0048308327	0.0513661506	-0.0610457014	0.120711213	-0.0233486263	0.0407513705	0.0722119561	0.033515891	-0.084294882	-0.0070771888	-0.0759514303	-0.0015460843	0.1054832221	0.0461138633	0.0145208742	0.1150178282	-0.0197658493	0.0147336705	0.0690257386	0.0130990243	-0.0492163702	-0.0875278662	-0.0831501106	-0.0382182304	0.0106354288600698	-0.0013443088621016	1.8071663167251667e-06	0.0001131123470376	-0.0563275627550865	-0.0134964911156885	0.0001821552724358	0.0031727943259282	-0.0580002393435705	-0.0311717931490847	0.0009716806881293	0.0033640277639114	-0.0010770313907288	-0.0007840037248528	1.159996616615213e-06	6.14661840583065e-07	-0.0001587845226667	1.6441904429999928e-07	2.5212524638491764e-08	2.703362212852513e-14	-0.0004005853352733	-5.256241923450001e-05	2.762807915783336e-09	1.6046861083602217e-07
764.9531425679742	1.1847936529752587	585153.3103246194	1.4037360001304575	974.0804740298878	-3.0835759422996034	948832.7698862908	9.508440591928888	777.3085527849627	-0.8546254384267513	0.7303846400061169	604208.5862326531	798.9586936274361	694.0653228759766	1.028448	29.437597	0.1218142137938467	0.0588258728333133	-0.0724696812	-0.0066902043	-0.0652241944	-0.0225783545	0.0169070031	0.0631695461	-0.0578437912	-0.0469609251	0.0655424248	0.1345540074	0.0985661556	0.00562608	-0.0068515863	-0.0145545314	-0.0322721616	-0.0859438398	-0.0726769553	-0.0459125635	0.0116739387	-0.012382846	0.0027103683	-0.0126742504	-0.0063472495	0.02018911	-0.0737070112	-0.0433280946	-0.0152755083	-0.0063243695	0.0261483065	-0.0929269822	0.0483113839	-0.0060684865	-0.0608999725	0.0919284756	-0.0080963893	0.0064124813	0.0069466065	0.0430058921	-0.1343700028	0.1158070208	-0.0199433254	0.1170626884	-0.0352208143	0.0627511651	-0.0930027628	-0.1072961417	0.034938398	0.0653589076	0.0298885178	0.0609733519	0.0502247098	-0.020763029	-0.0014973417	0.1209235945	0.0258021555	-0.0518499362	-0.0104867503	-0.0134112638	0.0680417202	0.0081404641	0.0400720365	-0.0224415708	-0.0657231784	0.0957816981	-0.0006958305	0.0337218498	0.0367920247	0.0326281261	-0.0203308204	-0.0322006378	-0.0665106427	-0.0611834415	0.027091235	-0.0140529514	-0.1435619583	0.0265052077	0.0199999138	-0.0249235135	-0.0386783435	-0.0015326734	0.0233898635	-0.0667038953	0.0150946607	-0.1525410887	0.1198970925	-0.0669278478	0.118181792	-0.0308873159	0.0633242424	0.0232241454	-0.0257606098	0.086429862	0.0270775105	-0.1244417934	0.0241178001	-0.0344585731	0.0068778992	-0.1231917878	-0.0543627559	0.1138513492	0.0004707293	-0.0320736043	0.1118394384	-0.0238068058	-0.0029582818	-0.0578999171	0.0370198434	-0.0141138699	0.05762209	-0.0157768053	0.0924902941	0.006672233	-0.0971870312	0.0340262155	0.0380424799	-0.0451668969	-0.0152127479	-0.0373547843	-0.0142904413	0.004936499	0.0085110081	-0.0723561349	-0.0545555072	0.0554139904	0.1283788468	-0.0253914019	0.0736271544	-0.0215038566	-0.0144880323	0.121413034	-0.0655739266	-0.027338402	-0.0588968216	-0.1433322992	0.0588641582	0.0055425015	0.0453946709	-0.0154666808	-0.0139066704	-0.0459746202	0.1014652747	0.0451346741	-0.0290423774	-0.0430100148	0.0229948779	0.0672115066	0.1363943608	0.0612187812	0.0783265474	-0.0488466199	-0.0289374259	-0.1239979238	0.0163569912	0.1039180308	0.0411520433	-0.1658813306	0.0429020791	0.0403511637	0.0779794595	0.1009456814	-0.0240346069	-0.1330492875	0.0095056054	0.0246906142	0.0404334768	0.0008483954	0.0433119367	0.0147223291	-0.0229096706	0.0022320217	-0.0204735891	0.052667711	0.0094663697	-0.0282026204	0.0774360784	0.0744032994	0.009452063	-0.1015718687	0.0390155419	0.016149851	0.0432023317	-0.0202113421	-0.0849251084	0.0382049097	-0.0291988175	0.0010997747	-0.0461913946	0.0054108136	-0.1060474139	-0.0007922806	-0.0051425582	-0.0146116375	0.1002487122	0.0667200268	-0.0052735399	0.0354154977	0.0952426931	0.0375083538	-0.005517662	-0.0469767367	0.0682378621	0.0107296473	-0.0521968607	-0.0887648233	-0.0805080284	-0.0315960199	0.0282569193749537	0.0176214905148838	0.0003105169279661	0.0007984534925626	-0.0629693050501174	-0.0066417422950309	4.4112740713602346e-05	0.0039651333784947	-0.0101758443543786	0.0478243949891919	0.0022871727560822	0.0001035478083245	-0.000450976330892	0.0006260550598367	2.033796510248107e-07	3.9194493794725925e-07	0.0001420747523179	0.0003008592749846	2.0185235246192628e-08	9.051630334425917e-08	-0.0003329679501999	6.761738507340005e-05	4.572110764164463e-09	1.108676558603231e-07
765.6142542996969	0.6611117317227126	586165.1863868809	0.437068721821404	976.454254583879	2.373780553991196	953462.9112949588	5.63483411850675	779.3289803857202	2.020427600757557	4.082127689902939	607353.6596690463	801.6087433225198	707.3524789134774	1.016364	29.091696	0.1453875880742466	0.0749680167601267	-0.1371685605	0.0363046515	0.0152106215	-0.0068379049	-0.0165275764	-0.0642553868	-0.0420873351	0.0581496373	-0.0717750909	0.0635152409	0.0252801262	-0.0633821379	0.0809744409	0.0351197189	0.0556506489	-0.002488527	0.0453110063	0.0481424505	0.002814608	0.0110813953	0.0090775622	-0.0046341962	-0.0518113867	0.0374299145	-0.0879303424	0.0591398947	-0.0499585424	0.0116924184	0.0853623891	-0.0274685214	0.0731419871	-0.04103287	-0.1005186176	0.0391496856	0.0286703431	-0.0230241742	0.0503891522	-0.044759072	-0.058288577	0.0411060704	0.1619911781	-0.0425983451	-0.0799926608	0.0361062293	-0.0038044683	0.0522037711	-0.0367244929	0.0523170554	-0.0288625524	0.0020483288	-0.07807063	0.009554158	-0.0669711862	0.0027112415	0.0885155021	-0.0503989468	-0.029769003	0.0582980422	0.0512873831	-0.0973121071	0.1638791468	-0.0218087341	0.094082099	0.0495291399	0.0098179837	-0.0073891865	-0.0683120214	-0.0933261011	-0.0422519209	0.0409610997	0.085128968	0.1032449277	0.0795476656	0.0378983425	0.083660037	0.0368124282	-0.0045994991	0.0110430892	-0.0361951938	0.0286108963	0.1751819426	0.1323727733	-0.012731645	0.0949080469	-0.0654162989	0.0017567094	-0.0116259204	-0.0430326968	-0.0306688765	-0.0425661398	-0.1499239391	-0.0074945343	-0.0432782195	0.0671003888	-0.0771706821	0.0294398704	-0.0293166508	-0.1900211745	-0.0082757082	-0.171134369	0.0058543648	0.0064234725	0.0284385736	-0.067485993	0.061751148	0.053140654	-0.0198297038	0.0329835576	-0.026218943	0.1182902425	0.0618052041	-0.0404300433	-0.0398590377	-0.0292721281	-0.0190778375	0.0435491593	-0.0425266571	0.010320073	0.056986327	-0.1280844373	0.0885165546	0.0706728565	0.0642470022	-0.0924881574	-0.0223388532	0.0059064623	0.0155411179	0.0446255981	-0.0748200711	0.0970786336	-0.0138728092	-0.0910559062	0.0538486558	-0.049795423	-0.0517805354	-0.1324973306	-0.0963353758	-0.0252714201	-0.0134446296	-0.0839413718	0.0448076785	-0.0073398637	0.0931262019	-0.0353311504	0.0240195162	0.099737649	-0.0155389562	-0.0263224581	0.0255904327	0.1000935038	0.042645892	0.0704242452	-0.1047142366	0.0778618553	0.0638825839	0.0937485374	-0.0013243764	-0.0074619865	-0.0334726785	-0.1311170817	0.0002046011	0.0599642535	-0.0173403376	-0.0064113441	-0.0542290175	0.0463006681	0.1066612151	-0.0892679706	0.1287612271	0.1672698527	-0.0111903412	-0.0302194649	-0.0254139863	0.1850166217	0.0874448353	-0.0671770231	0.1366333119	-0.028625287	0.0360346327	-0.0243989253	-0.0498419905	0.0612098447	-0.0117600551	0.0663271896	-0.0119038095	-0.1241990632	-0.0028228584	-0.0061880262	0.0052899812	0.0090449297	-0.0612147166	-0.0273085241	-0.0816845102	-0.028456194	-0.0164717103	0.0480061113	0.0898620288	0.1175548057	0.0652431933	-0.0490850807	0.0674382934	0.0083529168	-0.0550968674	-0.0897584821	-0.0775211985	-0.0247790096	0.0026448875854185	-0.0256120317895351	0.0006559761723881	6.995430339500903e-06	-0.0217167187064575	0.0412525863436599	0.0017017758800411	0.0004716158713754	-0.0661234007404658	-0.0559475563860872	0.0031301290655744	0.0043723041254842	-0.0005310089457975	-8.003261490550001e-05	2.819705005169723e-07	6.405219448612062e-09	-3.335962357908784e-05	-0.0001754343758969	1.1128644853384331e-09	3.077722024636562e-08	-0.0005290092304967	-0.0001960412802967	3.8432183580408494e-08	2.798507659507106e-07
765.2698075451117	-0.3444467545851921	585637.8783401323	0.1186435667442715	978.6908978982406	2.2366433143615723	957835.8736288644	5.002573315678319	779.1660643568983	-0.1629160288218827	0.0265416324470925	607099.7558454182	801.6030540802492	694.4344397671837	1.036168	29.658554	0.1330286368519792	0.0683239781553597	-0.0617445614	0.0043350212	0.0028136091	0.0277993288	0.08474037	0.0291844237	-0.0215962902	0.0440987639	0.0948801468	0.0319757836	0.0199959014	-0.0338306642	0.0108642243	-0.0937655602	0.0046281837	-0.0503468652	-0.0502031979	0.0195609759	-0.0120020662	-0.0464954241	-0.027318994	0.039072598	0.0582076956	-0.0111795834	-0.0405389816	0.1804904996	-0.0207385035	-0.0225802927	0.0231545358	0.0116829668	0.0771463419	0.0360641013	-0.0435976381	0.0585619135	-0.013634961	0.020221384	0.0827083799	-0.1190298844	-0.0107370104	-0.024000078	-0.0573907836	0.0091025093	-0.0991783049	-0.0402365615	-0.0352950607	0.0881928869	-0.0443388094	0.1087591969	0.0459908972	0.0243708298	0.035013485	0.0321998268	-0.0385847333	0.028056637	-0.003226936	-0.0172747071	0.0069258642	0.0033399367	-0.0165507312	0.0489449325	0.0706510838	0.0668960533	0.0324243042	-0.0831413012	0.0455237614	0.0417821323	0.061299183	0.1611882115	0.0240444511	0.0195961753	0.0258582459	0.0610068724	0.0594095758	-0.0178396221	0.021764317	-0.0754032051	-0.0313230596	-0.0081856349	-0.086985171	0.0244682865	0.0592675811	-0.0672801084	-0.088412313	-0.0815280069	0.0254424945	0.0279776979	0.0363730349	-0.0088106058	0.070773917	-0.0222325287	-0.0660431689	-0.1041984247	-0.0477201422	0.0582663956	0.0622711856	0.0268104039	-0.0421702236	0.0969680138	-0.1410400261	-0.1140595521	0.0229357422	-0.0508376435	0.0212609658	-0.074320233	-0.0127297286	-0.0477086428	-0.0258211692	-0.0363194879	-0.0686758269	-0.1035207057	-0.0681239292	-0.0640131971	-0.05666135	0.0951381204	-0.0349553985	0.0100772492	0.012009485	-0.0776997568	-0.0185525734	-0.0029435527	0.068243141	0.0058438501	-0.0365845435	0.0259004978	0.0097366583	-0.0083798578	0.0357767153	-0.0594511309	0.0226635152	-0.0050918981	-0.068221397	0.0719851985	0.0342262302	-0.0735046115	0.0153528797	-0.0572063984	0.0031222037	0.0235032239	-0.0121429866	-0.0191525191	0.0657712602	-0.0859417522	0.0057569744	0.0439095806	0.0602079451	0.082713838	0.0233406148	-0.0015886045	0.0507843578	0.0195599873	0.0010652076	0.0714389134	-0.0168872786	0.0097777667	0.047340231	-0.0564631552	-0.0376595698	0.0129998897	0.0715301622	0.0130022453	0.1125346901	0.0753197252	-0.0156783521	0.046855806	-0.0267341072	-0.0403939288	-0.0304506605	0.0441182312	-0.0123467775	-0.0489937149	0.0152901702	-0.0523400439	-0.1736941271	0.0319751822	0.0269752817	-0.0288640461	0.0006427321	-0.0585463141	0.0648886612	-0.0590455508	0.1019979118	-0.0022445852	-0.0900797174	0.0533927983	-0.0309671595	-0.0347532027	0.0850063051	0.0301064283	0.0158969137	-0.0666507311	0.1038968382	-0.0098612009	-0.0193368622	0.1276818021	-0.0243700758	0.0273424292	0.1454028593	0.0628853469	0.0208177342	0.0257463015	0.0666271694	0.0059704615	-0.0579119187	-0.0905061192	-0.0742024108	-0.0178092284	0.0143812035177575	0.011736315932339	0.0001377411116636	0.0002068190146191	-0.057389386844008	-0.0356726681375505	0.0012725392520518	0.0032935417223311	-0.0124247645201336	0.0536986362203322	0.0028835435319235	0.0001543747733807	-3.8970110291138514e-05	0.0004920388355063	1.5186694961034999e-09	2.421022156464563e-07	0.0001130103710447	0.0001463699946237	1.2771343963660769e-08	2.1424175326167682e-08	-0.0005289977293917	1.15011049998991e-08	1.3227541621870403e-16	2.798385977015743e-07
763.4049791736855	-1.8648283714261424	582787.1622271753	3.4775848548758788	983.4246119585904	4.733714060349826	967123.967405904	22.408048805153637	778.6192912196254	-0.5467731372729077	0.2989608636432579	606248.0006593519	802.5670628683625	692.4874960869635	1.040601	29.785439	0.0974580557148487	0.0474516165120295	-0.0384778195	0.0079250642	0.1067471713	0.0949108568	0.0412467761	-0.0208299978	-0.0100228421	-0.0685481528	0.0799966271	-0.063228152	-0.075556376	-0.0830389167	0.0666148228	-0.0215792277	0.0128233934	0.0047571305	0.049666224	-0.0663047742	0.0018645835	0.0151841303	-0.0568172666	-0.0185636892	0.010247195	0.0951698506	0.0647256284	0.1295367655	0.0481622753	-0.1074906893	0.0733523277	-0.023502037	-0.021500667	0.056505531	0.0420440992	-0.0434004531	-0.030157054	0.0451735492	0.113573112	0.0185841988	0.0819020423	-0.051300435	0.1463255621	-0.0702967103	0.0492242602	-0.1044848692	0.0854815908	-0.0096540419	0.000180531	-0.0792153854	0.0012557663	0.0651881746	0.0167437359	-0.0014505247	0.0019951908	-0.0808613591	-0.1248951152	-0.0012570543	0.0264747294	0.0883826825	-0.0475007328	0.0204215551	0.0533097711	-0.0448386651	-0.0432227577	0.0503675715	0.0222961147	0.0978661403	-0.0501386966	-0.0188380208	0.0075969096	-0.0835651189	-0.0453148787	0.0817440237	0.1240515946	-0.0203913473	-0.0406447339	0.0277114542	-0.0682311451	-0.0589753805	-0.109654438	-0.0549792872	0.0855166111	0.0736376096	0.0054078664	0.0795881885	0.0046869812	0.023103548	0.0402543122	0.0543856808	0.0443688889	0.0470466187	0.0624538568	0.0532346601	-0.0231338512	0.0541356738	0.013790095	-0.1466258148	-0.0288114059	0.0855576674	-0.0679294303	0.0772282642	0.0110940557	-0.0429276626	-0.0629831278	-0.066784908	0.08296053	0.0229703795	-0.0639934331	0.0043283598	0.014913534	0.0564419281	-0.0711722807	-0.010595907	-0.0545850662	0.0552390746	0.0177589852	0.0497115963	0.0144224043	-0.0841100654	0.1123821131	-0.0004996195	-0.1524499585	0.0890934706	0.0543073003	-0.0031680531	-0.0745239603	-0.0972301748	-0.0809946115	0.0312196435	-0.0027083921	-0.0477222534	0.0852253485	-0.0122032354	0.0236832051	0.0507507346	0.0220296839	-0.176063625	-0.0046217929	-0.0753562915	0.068556551	-0.0598009686	-0.0574051319	0.0015593358	6.8433e-05	0.0328056883	-0.0309663321	0.0209021045	-0.0742615424	0.1018042119	0.075893422	0.1040060263	-0.0903759858	-0.0313789965	-0.0308014249	-0.0555457826	0.105935158	0.0509256273	-0.0506309659	-0.0220719645	-0.0026747855	0.1062287837	0.0003422951	0.0326783807	0.0713855193	-0.0536965399	0.0332204591	-0.0454610049	0.086036862	0.0008785104	0.0390010566	-0.0373692892	0.0560252341	0.0066161399	0.0587170911	-0.0675393451	-0.0466963098	0.0596364264	0.0469604457	0.1273675826	0.0784286236	-0.0711337673	0.0382791065	0.0813360496	0.0373323113	-0.0130441229	-0.0361751293	0.107268748	0.077925384	0.0523103009	-0.0633772306	-0.0477996446	-0.0779265523	-0.0038407786	-0.0217830864	-0.0290195539	0.0113878845	-0.0207931634	-0.0070747744	0.1414340846	0.1131618576	0.0402772193	0.0658046293	0.0035839144	-0.060637674	-0.0910056853	-0.0705658771	-0.0107296473	-0.0056497385987341	-0.0200309421164916	0.0004012386420742	3.191954623402595e-05	-0.0237382621922392	0.0336511246517688	0.0011323981903288	0.0005635050919074	-0.0369484089151939	-0.0245236443950603	0.0006014091344153	0.0013651849213643	-0.0002329549677091	-0.0001939848574179	5.426801698034783e-08	3.7630124907466855e-08	0.0002080502373074	9.50398662627e-05	4.3284901243665463e-08	9.032576179231905e-09	-0.0004329755620418	9.602216734990007e-05	9.220256622572217e-09	1.8746783732541257e-07
763.0571865182905	-0.3477926553950965	582256.2698972091	0.1209597311467723	983.4796247915788	0.0550128329883818	967232.1723801844	0.0030264117934075	779.2853683150925	0.666077095467017	0.4436586971057776	607285.6852699893	802.4815680393597	683.8674492120067	0.996759	28.530544	0.0934622333515163	0.052371242510687	0.0351573008	0.0176931568	0.0651058821	0.0613791118	0.052727341	-0.011100028	0.0751195058	-4.3141e-06	0.0720695388	0.0338368196	-0.0708132272	-0.010865997	-0.0079231918	-0.0792705415	0.0297648835	-0.0586643537	0.0020172149	-0.0464538636	-0.0911714594	-0.0882341614	0.0161112727	-0.0804114859	-0.0035698387	-0.0725111698	0.0670574983	0.0292494861	-0.0496281286	-0.0406025863	-0.0076853242	0.0426067932	0.1325455075	-0.0025072588	0.0991035681	0.0035582793	0.0938767056	0.0200324521	-0.0096225373	-0.1216932309	0.0544002897	0.005552833	0.0236373884	0.0170937093	0.0473344978	-0.0625486377	-0.0494362283	-0.0248782912	0.0219594193	0.0114619502	0.054645849	0.0185897651	0.0018900598	0.0370816975	0.0448015724	0.0089143977	-0.0631158088	0.1091741628	-0.0046014037	-0.1418319216	-0.0031849363	-0.0359418327	-0.0952267295	-0.0930273763	0.0705203733	-0.0569661386	0.0502037705	-0.08265908	-0.0483017716	0.0166960355	0.0261917344	0.0198849525	-0.099742803	-0.0851388799	-0.0504963803	-0.0565989189	4.89407e-05	0.0355578083	-0.0083896259	-0.1183901842	-0.1404479827	-0.0988798984	-0.0327745114	-0.0820144992	0.0601832045	-0.0348853502	-0.0326425842	0.0951612931	0.1035074076	-0.0428144398	0.0124355703	0.0323973357	-0.0572744503	0.0112897985	-0.0071296017	-0.0601734555	-0.0778023643	-0.0433847243	-0.0081173959	-0.0946715143	0.1402119114	0.0036111619	-0.0699299579	-0.0514165094	-0.0686709299	-0.0466985317	-0.0193748923	-0.0874831604	-0.0149103265	0.0043913923	-0.1104880161	-0.0103429337	0.0896650304	0.0380013388	-0.0100181821	-0.0798321647	-0.101615965	-0.0796288479	0.103167177	-0.0638657571	-0.0104298846	0.0702189617	-0.0467809579	-0.067704864	-0.0114040787	0.0218577006	-0.0980701125	-0.0085620741	0.0119390392	-0.0396299472	0.0107838488	-0.1399898894	-0.0274299129	0.0127535219	-0.0766512046	-0.0848725508	0.0822757652	-0.0415573349	0.0454309568	-0.0142850363	-0.133035329	0.0878613312	0.0632893427	-0.0614224226	0.0142325159	0.0243885108	0.0371077795	0.0345795111	0.0138631779	0.0462839712	-0.0692571161	0.0204079596	-0.0059310834	0.0737064544	-0.0543814098	0.0138472483	-0.0705948481	-0.0035785218	-0.0784632529	-0.0725773427	0.0630251919	0.1564360389	-0.0956810365	0.0190271847	0.0358355864	-0.107282903	-0.0700898476	0.0397773159	-0.0595943417	-0.0922818869	0.0632403876	-0.1273089239	-0.0305658015	0.1332387157	0.0828980417	0.0278942094	0.0577131736	0.0716283026	-0.0608884076	0.0485066515	0.0296287695	-0.0433981339	0.0763028174	0.0271780921	-0.0475031378	0.0452632527	-0.0101847221	0.0288096475	-0.0320080973	-0.034459384	-0.0513529649	0.0473425409	-0.0595269306	-0.0018627466	0.0159232068	0.0656612857	-0.0662765155	0.0322029127	-0.00719298	0.037659731	-0.0144531494	0.0610209513	0.0649708138	0.0011949111	-0.0632699305	-0.0912558111	-0.0666271694	-0.0035839144	0.0128132072419617	0.0184629458406958	0.0003408803691164	0.0001641782798254	-0.0657889101051978	-0.0420506479129586	0.0017682569898996	0.0043281806928297	-0.013150745193954	0.0237976637212399	0.0005663287985892	0.0001729420991563	-0.0002339881953805	-1.0332276713999908e-06	5.475047557742304e-08	1.0675594209466474e-12	5.904651444565978e-05	-0.0001490037228617	3.486490868181509e-09	2.2202109426658292e-08	-0.0003999929950425	3.298256699929997e-05	1.0878497258633115e-09	1.5999439608306942e-07
762.1192988658673	-0.9378876524231146	580825.8257038012	0.8796332485677409	980.4337137395686	-3.045911052010183	961250.2670371624	9.27757413675778	778.2363890685119	-1.0489792465805294	1.1003574597566552	605651.8772703962	801.8462136339314	680.2578252624858	1.000851	28.647665	0.0965938453379605	0.0518940208578852	0.0768018386	-0.0131887298	0.0880672677	0.0176470331	0.00614265	0.0324571637	-0.0511451563	-0.018468035	-0.0042030611	0.0307095768	-0.098416157	-0.0509745854	-0.1062226708	0.0403913783	-0.0468430392	-0.0222549389	0.0335019355	0.060450221	-0.0100778816	-0.0510339457	-0.0116033864	-0.0178215463	-0.0004581422	0.0695890823	-0.0295922773	-1.07137e-05	0.0331408315	-0.021578605	-0.0760136136	0.0759145076	-0.0146972325	-0.0421554048	0.0056013035	-0.0097341267	-0.0254503449	-0.0587109442	0.0230744278	-0.0707580821	-0.0165842087	0.0096458967	0.0635432172	0.0437625279	-0.0570909084	-0.013786438	0.0434470294	-0.0241375403	0.1386053138	0.0246897746	-0.0133042012	-0.0765074068	-0.055292735	-0.05367297	0.0102151301	0.0056718503	-0.1371014031	-0.0007384834	0.0937133357	-0.0250970238	0.0642888984	-0.0122473176	-0.035660582	0.0244234112	-0.0110737179	-0.0422003613	0.0208824603	0.0504354245	-0.0012268815	0.0047478117	-0.1926514798	0.0681069125	0.0527534642	0.0318864622	-0.0774332177	-0.0206760224	-0.0642597999	0.0347386019	-0.0074813434	0.0636912352	-0.0498411591	-0.0229863203	0.1239844975	-0.0673377244	-0.0740544333	-0.1387211253	-0.0237950246	-0.0431840049	0.0063400009	0.0874681432	0.0229068309	-0.0567030655	0.003246695	-0.0212893401	0.0464441535	-0.0539115812	-0.102733747	0.0375980822	-0.0778068887	-0.0165430107	-0.0121181859	0.095936086	-0.0161315025	0.0382481879	-0.1211799429	-0.0189725022	-0.0624391843	-0.0110983962	-0.0339147246	0.0351692709	0.0715583929	-0.025373228	0.0816276765	-0.0865461628	-0.0057044505	-0.0302577494	-0.0572250769	0.0408408045	-0.0834962416	0.0674766881	-0.0604070552	-0.0346961081	0.043891034	0.0185472639	0.0450156838	-0.0473837307	0.0173233928	-0.0473718321	-0.0920339615	-0.0746277373	-0.0919861859	-0.055939686	0.0852586225	-0.0127550293	-0.1098612692	-0.0137237726	0.0093048769	-0.0204170193	-0.0222334069	0.0518057099	-0.0553551299	0.0187221519	-0.1167332329	-0.0268444588	-0.0989748612	0.0306652782	-0.0259880456	0.0108756989	0.0264270621	0.0487147392	-0.0098594291	-0.0446889564	-0.0952536824	0.0267560921	-0.0524458547	0.1276582294	0.0106522228	-0.1023422406	0.0624430899	-0.0190422221	0.0081600455	-0.0514138321	0.0030274981	-0.0235510912	-0.0943345629	0.0417043954	-0.0637860626	0.0863547471	0.013909726	-0.012012958	0.0510627047	-0.0199053754	-0.051389727	0.1026262998	0.0090978337	-0.0505789045	0.1640905001	0.0505844563	-0.0324333461	0.1081225739	0.0277555282	0.0363296936	-0.0510969275	0.0406712854	0.0655555912	0.0436611224	0.0113531306	-0.062617051	-0.0220192459	0.0511345084	0.0246416506	-0.0460123041	0.0612840003	-0.0285842742	-0.0814445372	-0.0815332346	-0.0079803777	0.0453502367	0.1146094337	0.0595300071	0.0785711313	0.0454325819	0.064125866	-0.0011949111	-0.0658046293	-0.0912558111	-0.062403154	0.0035839144	0.0011209723167979	-0.0116922349251638	0.0001367083575452	1.2565789350272517e-06	-0.022896030162073	0.0428928799431248	0.0018397991498153	0.0005242281971825	-0.0369092826477839	-0.0237585374538298	0.000564468101945	0.001362295145574	-0.0003089730708728	-7.498487549230002e-05	9.54643585245683e-08	5.622731552595736e-09	0.0002080402527495	0.0001489937383038	4.328074676407585e-08	2.2199134053753226e-08	-0.0002589677485218	0.0001410252465206	1.9888120156224203e-08	6.706429477445026e-08
763.2356087905026	1.1163099246352886	582528.5945258092	1.2461478478392436	979.8645938093013	-0.569119930267334	960134.6222010668	0.3238974950274951	778.8085449722794	0.5721559037674524	0.3273623782159502	606542.7497218389	802.9938590453659	679.000909448683	0.979251	28.029409	0.0877824884716945	0.0571169729833968	0.0945966067	-0.0030573186	0.0202533168	0.015204442	0.0004382388	0.0043770262	-0.0267069445	0.0454414558	0.012548718	0.0478818157	-0.041771961	0.0677623662	-0.113152071	-0.0243661691	0.0543637214	0.0497048698	-0.0114868075	0.0745970104	-0.0209477346	-0.0708337606	0.087205416	-0.0648722613	-0.014770395	0.0158317584	8.16612e-05	-0.0216656214	0.0312699479	0.0127849496	-0.0511274499	0.1100294041	0.0004862105	0.0026605143	-0.0402564685	-0.0233291157	0.0003323891	-0.1064122908	0.003043918	-0.0470965307	-0.0270245511	-0.0486338708	0.0152827114	-0.0008182572	0.0286373445	-0.0607155874	0.0628839263	-0.022925408	0.0154819714	-0.0768253256	0.0445195937	0.0947974974	-0.0280975893	-0.053525374	3.69175e-05	0.0502501176	-0.0187496272	-0.1702127806	0.0140001875	-0.0911777695	-0.0469217714	-0.0179157044	-0.1096253621	0.0143010287	0.0298397883	0.1207104125	0.1624102066	-0.0051762887	0.113355086	0.01149969	0.012898552	-0.0958130714	0.0446292557	-0.0015224212	-0.0448175254	0.0535667301	0.0358523246	-0.0415139479	0.0009228046	-0.1116324781	0.0967865967	-0.0053458588	0.0814309923	0.0342717815	-0.0014264366	0.0397072136	0.0826356803	-0.0733709148	0.0775490066	-0.022677987	-0.1578366129	-0.0600146448	0.0178048843	-0.0569638282	-0.010163454	-0.0930754416	-0.0374477738	-0.0964625777	-0.041534232	0.0819485291	-0.042598535	-0.0770531744	-0.1116093211	-0.0033914357	-0.0873409603	0.0341208503	-0.0655970571	-0.0068311441	0.1031962718	0.0059742841	-0.1439423191	0.0081118081	-0.0579808179	-0.0251301878	-0.0009057346	-0.0425801316	-0.009746456	0.0262540304	0.0219714504	-0.0243714525	0.0790524648	0.0246341109	-0.0077896238	0.0577247272	0.0022567112	-0.0179848945	-0.0126506948	-0.0058675449	0.0419630102	0.114097059	0.009246228	0.0286576558	0.0390184238	0.1019257668	-0.1402480436	-0.2026944706	0.0261854967	0.0179878748	-0.0444161413	0.0129082784	0.0258773764	-0.0106591078	-0.1522069017	-0.1166719856	-0.0016590183	-0.103138332	-0.006563723	-0.0726345871	0.0658555853	-0.0607709528	0.0538891593	-0.0430517495	-0.036295737	-0.008975337	-0.0143663787	-0.0566035475	-0.0077409658	0.0042052876	0.0649148138	-0.0608460762	-0.0979772519	-0.0051018729	0.0228912108	-0.0481452586	0.0483303421	-0.0707815943	-0.0612782819	0.0460140157	0.0207931594	-0.0137099376	-0.118538298	0.1480166328	0.0751542352	0.1669512041	0.0397390783	-0.045478702	0.0325608203	0.0230395021	-0.0828706928	0.0378279233	-0.0167974651	0.0191298865	0.016148451	0.011954778	-0.0639275156	0.0680324212	0.003623793	-0.044320434	-0.0076365253	-0.0058246226	-0.0395014665	-0.0036173777	0.0498048207	-0.0234484989	-0.0230677361	-0.0384398394	0.1107684694	-0.0034109381	-0.0597112911	0.0013131415	-0.009668843	0.0705537311	0.0632699305	-0.0035839144	-0.0682378621	-0.0910056853	-0.0579119187	0.0107296473	0.0166536299219899	0.015532657605192	0.0002412634522801	0.0002773433895785	-0.0755494004369268	-0.0526533702748538	0.0027723774013008	0.0057077119063791	-0.0213138550625302	0.0155954275852536	0.0002432173615668	0.0004542804176265	-0.000308981376305	-8.305432200002901e-09	9.546949090333205e-08	6.898020402884503e-17	0.0002080276638085	-1.2588940999998416e-08	4.32755089096223e-08	1.5848143550144116e-16	-0.0001789679827671	7.999976575470002e-05	6.399962520806874e-09	3.2029538855725e-08
761.7162926685347	-1.519316121967904	580211.7105166968	2.308321478471591	972.293454170227	-7.571139639074204	945354.5610222714	57.32215543436067	776.7822534601252	-2.0262915121542164	4.1058572922282215	603390.6692905901	799.8564613069383	677.5753218783198	1.004715	28.75828	0.0773057277632629	0.0467718822432208	0.0601866543	-0.0240072067	0.0466656433	-0.0460636869	-0.0313477692	0.0533676676	-0.0926200668	-0.0364931915	-0.0373889737	-0.0602809027	-0.0374956882	-0.0068597459	-0.0419386123	0.1302312212	-0.0691340178	0.0029650244	-0.1141643161	-0.0059155037	0.0211046452	0.0216480377	-0.0326845106	0.0214560462	0.0746701207	0.0084379581	-0.0867440301	0.0055295242	-0.040327396	-0.1278445953	-0.0423681762	0.055219178	-0.1395427071	-0.0863561329	0.046034193	-0.011013255	-0.0175272669	-0.0183523078	0.0737188464	-0.0619222	0.0084507721	0.0313583466	-0.0254241808	0.0014735318	-0.0291686777	0.0123226336	0.0930333271	-0.0181883849	-0.0270105363	0.0198079309	-0.0876313764	-0.0849638354	-0.0486217705	0.0402781507	-0.0068900549	-0.01598978	-0.0133327758	0.0086815813	-0.0118418714	-0.1067974589	0.0618227764	-0.1675167485	-0.0343090578	-0.035641004	0.0454913799	0.0154558649	-0.0428121365	0.0070272066	-0.0206059628	-0.0084025581	-0.0278431357	0.0630794366	0.0160470244	0.0379775746	-0.0440726393	-0.0236396561	0.1162696438	-0.0298137509	0.0045545914	-0.1379217981	0.0574852016	-0.0466685199	-0.0555488445	0.0619479211	-0.1192672924	-0.0223678782	0.028741646	-0.0816273314	0.0922146415	0.0925210567	-0.0765254585	0.0687046503	-0.0389017407	-0.0137732298	-0.0162419873	-0.0145491614	-0.0074899385	-0.0296015748	0.1000307423	-0.0266918069	-0.0287062172	-0.107586807	0.0481320289	0.0131614691	-0.0460900083	0.0546673844	-0.0161971899	0.0960964302	0.0655777569	0.0435806256	0.141575216	-0.0223842306	-0.0299073804	-0.0061515668	0.0472524152	-0.0031596673	-0.0359411178	0.0264649934	0.0118477742	0.0455952547	0.050660386	0.0522673895	0.0777636337	0.0374028871	0.1259476817	-0.0164421005	-0.0538121445	0.0348482011	0.052798025	-0.0608030283	0.0025238945	-0.0692910408	-0.0129009351	-0.0097371354	0.0071978766	-0.0186451717	-0.0311508889	-0.0731573855	-0.0225243091	0.0123533901	0.0106222444	0.02343518	0.009665374	-0.0137821361	0.0077199085	-0.0360161938	0.0834563995	0.005255589	0.0438527599	0.0346763204	-0.0861295867	0.0260736071	-0.0292555011	0.1300245187	0.0634747866	0.1272851618	-0.0164542772	-0.0750023803	-0.0481313201	-0.0765449935	-0.0182966599	-0.0117068698	0.0384412503	-0.0424224236	-0.0236142848	-0.0373186769	0.0216260298	-0.0073860862	-0.0860520862	-0.0994197005	-0.0972124826	0.0977844217	-0.0236902551	0.0871912856	-0.0151623894	0.0139605346	-0.1322793925	-0.1058221923	-0.0464828585	0.0289992135	0.0429843689	0.0623102255	-0.0114088086	-0.0050094889	0.0294087194	0.0115587605	-0.0183348858	-0.0738587691	0.0844333656	0.1183617924	-0.0473769655	0.0163596869	-0.0738897801	-0.0124532962	0.0388179439	0.024872514	-0.0190540927	-0.0869995959	0.0240461893	0.0288785473	0.0689252199	-0.0082285397	0.062403154	-0.0059704615	-0.0705658771	-0.0905061192	-0.0531726956	0.0178092284	0.0017525054746414	-0.0149011244473485	0.0002220435097953	3.071275438648079e-06	-0.0325791792880494	0.0429702211488774	0.0018464399055834	0.0010614029230828	-0.0251495791141422	-0.003835724051612	1.4712779000114788e-05	0.0006325013296184	-0.0003739799440023	-6.499856769729995e-05	1.3986099851596345e-07	4.224813802700485e-09	0.0001190627199658	-8.896494384270001e-05	1.4175931285654511e-08	7.914761232934767e-09	-0.0003369776335356	-0.0001580096507684	2.4967049735983328e-08	1.1355392550325313e-07
762.1642417790032	0.4479491104684712	580894.3314465628	0.2006584055694946	975.4028115272522	3.1093573570251465	951410.6447352684	9.668103173686404	777.5937051171655	0.8114516570403794	0.6584537917135774	604651.9702378414	801.0688397855942	679.5750644132706	1.038338	29.720671	0.051863095832777	0.0267008421391879	0.0479318555	0.0379036751	-0.0288317164	-0.0153845543	-0.1071410355	-0.1010106161	0.0314909972	-0.0070842757	0.0388374191	-0.0425776826	-0.0131650391	0.1189557163	0.0463853671	0.0469438846	-0.000806533	0.0104453178	0.0523884773	-0.0226714783	-0.0614815647	-0.0147580244	-0.0179910688	-0.0490925712	0.0054759374	0.0773513763	0.1078321295	0.0491583975	0.0135149672	0.0297552552	0.0045514751	-0.0299870125	-0.0876461062	0.0021247954	-0.0877669436	-0.0450322256	0.1002008621	-0.0037827252	0.0550309768	-0.0056305618	0.0200527117	-0.0099449745	0.052301395	-0.0148737778	0.0218760535	0.0133808301	-0.0781063915	0.1342548341	0.097726825	-0.0054786291	-0.0045296547	-0.0580529331	-0.0528250611	0.0470575333	0.0571027633	0.0176179122	0.0859446635	0.0730430802	-0.1393768446	-0.0239204913	0.0480038434	-0.0126004321	0.0672764557	0.0253360682	-0.0746842192	-0.1044423079	-0.0403923683	-0.0939570952	0.0172261498	-0.0537628546	-0.1173774266	0.0345948354	-0.1266049101	-0.0987310232	0.0558691636	-0.0024062825	0.0848734254	-0.0666991047	0.0196555273	0.0148837197	0.1231698025	0.0162133705	0.1478929594	-0.0172465589	-0.0807270777	0.0324222664	-0.0037665471	-0.069210277	-0.167766955	-0.0190865722	-0.006934991	-0.0836510555	0.0182087934	-0.0286509394	0.0246195872	-0.0095612121	-0.1319775918	-0.0420966775	-0.0571149409	0.0554241143	0.068871127	0.0097109316	-0.1550130798	0.0415867151	-0.0027026388	0.0909236078	0.0836115547	0.0483887483	0.075178443	-0.0369730297	-0.0362196545	-0.0182743166	0.0287295815	-0.0732829783	-0.0176802254	-0.0146913016	0.0921716491	0.007604993	0.0328124975	-0.023829662	0.0407904454	-0.0205872152	0.0769682179	-0.0230234888	-0.019500195	0.0028148794	-0.1079970246	-0.0078758103	-0.0177400401	0.0460361553	0.0812956549	-0.0093770681	0.0434692451	-0.01077343	0.0105482718	-0.0436061893	-0.0143897655	-0.0091683031	-0.0389043236	0.0274068156	0.0281429935	0.0452104807	0.135002796	0.0423406405	-0.0420168083	0.0541061523	-0.1065937557	0.0177496049	-0.0666902272	-0.1299850711	-0.026237816	-0.0703788766	0.0667719529	-0.0725224676	-0.0170490907	0.0662431191	0.0361105676	0.1238214946	0.0962295733	-0.169234616	-0.0524974082	-0.0374599413	0.0773008918	0.0142858617	-0.0214944122	0.0501802193	-0.0786307649	0.1901443995	0.0249113891	0.0367484497	-0.0739829426	-0.0345019544	0.0836128954	-0.0299805888	-0.0367385814	0.0454142868	0.1994101176	0.0330613919	-0.0107111051	-0.0289479744	-0.0112617945	0.0110390064	-0.0698563203	-0.0175893511	-0.0494839459	-0.0058461406	-0.0502446981	-0.0475369767	0.1092475373	-0.0373618985	-0.0673085388	0.126919368	0.0116652629	0.0304974383	-0.0485759123	-0.0644252079	-0.0393767665	-0.0357377144	-0.0243779131	0.0300143	0.0318581468	-0.048597939	0.0615256851	-0.0083529168	-0.0727850846	-0.0897584821	-0.0482057789	0.0247790096	-0.0003036599367902	-0.0020561654114316	4.227816199167682e-06	9.220935721142826e-08	-0.054078107700846	-0.0214989284127966	0.0004622039228985	0.0029244417325042	-0.036909131429951	-0.0117595523158088	0.0001382870706682	0.0013622839829133	-0.0003089828575756	6.499708642669996e-05	9.547040627558353e-08	4.224621243959904e-09	0.0002080247550277	8.896203506189999e-05	4.3274298704334594e-08	7.914243682354723e-09	-0.0001599677611694	0.0001770098723661	3.1332494915098415e-08	2.55896846135502e-08
761.8759174439746	-0.2883243350286193	580454.913581098	0.0831309221696955	972.7046279690484	-2.698183558203823	946154.2932724048	7.280194513761443	776.7508286942949	-0.8428764228706314	0.7104406642311913	603341.8498772739	799.1045045116023	685.7532572975915	1.005809	28.789579	0.0516251011724251	0.0312533811423785	0.018320697	0.0050153532	-0.0581830524	-0.022635737	-0.0525903179	0.0280302133	-0.0325591607	-0.0363298803	0.0183670087	-0.025079516	0.0294953794	0.0458029819	-0.0082277979	-0.0160169283	-0.0752892195	0.0297656593	0.003963535	0.0363090207	0.1017390986	0.0390725858	-0.012951826	0.0072542285	0.0249560574	-0.0847158675	-0.0314560622	0.0408656537	0.0395774459	-0.1217709467	0.0397050736	-0.0705559122	-0.0639144775	-0.0046133704	-0.0064930476	-0.0133390416	-0.0039237913	-0.0300998447	-0.0207140783	-0.0063628947	0.0292065504	-0.0596567982	-0.006680647	0.0356874529	0.1144855986	0.005224921	-0.0180626956	-0.0767039454	-0.0570804957	0.0261043782	0.0838484333	-0.0701293616	-0.0505768245	0.0499430309	-0.1031521822	0.0475705213	-0.0011558902	0.091474158	0.1611750565	0.0552013519	0.048577472	-0.0331433053	0.0819657042	0.0758700793	-0.1105984754	-0.1598771266	-0.0417387398	0.0410580478	0.0470479559	-0.0553591317	-0.0355157121	0.0068629968	0.0930028862	-0.1279686847	0.0052996059	0.0156262988	0.1541399691	0.0377089596	0.0581399956	-0.0909337606	-0.047459031	0.0288792263	-0.0084606414	0.032883941	-0.1183461009	0.0465684263	0.0348104534	0.0183270974	0.022642493	-0.1233526079	-0.0122810396	0.0584908717	0.0038768472	0.0177376326	0.0274218739	-0.1049244172	0.0541518535	-0.0053383722	0.062667742	-0.0033276604	-0.1038390396	-0.0183077678	-0.1031794705	-0.0583667306	0.0462202701	0.0270147598	0.0396851284	-0.0314450901	0.0229633462	0.0346997595	0.0980985417	-0.0127779234	-0.1313701622	0.0305009221	0.0465105587	-0.0405005069	-0.0802250304	0.0070852479	-0.0987250263	0.0292566658	-0.0541940688	-0.0263111728	-0.0581404872	-0.049951468	-0.0588428151	0.0173376132	-0.0182436918	-0.0904971841	0.0204681738	0.0065720795	-0.0563216239	0.102196356	0.0670072007	-0.0178972612	0.0144007392	0.0201504343	0.0720072207	-0.0868283577	0.0654829892	0.1379004575	0.0928958607	0.0248953196	0.0515080762	-0.0011653215	0.0281600725	-0.0651397975	-0.0525848286	-0.0346539729	-0.0754883241	-0.0581974368	-0.0208112696	-0.0987474139	-0.0378767098	0.0622901964	-0.0126556618	0.1530093803	-0.0692368011	-0.0049088875	-0.0987389566	-0.0426931692	0.0868624526	-0.0552650489	-0.0161852219	0.0217808904	0.013831632	-0.0473892409	0.006389257	-0.0643988678	-0.0637371593	0.0333686538	-0.0129386964	0.0931241166	0.0505852125	0.0213911474	-0.0615650862	-0.0145637542	-0.0686932585	0.0185690165	-0.0197360528	-0.0026469376	0.0255700587	0.0377486173	-0.0281917647	0.0064793956	-0.0139833842	-0.0722429918	-0.0138306354	0.0713489021	0.0372853995	0.0962472152	-0.0169693794	-0.0334366074	0.1110115194	-0.0266281656	-0.1203117056	-0.1919693401	0.040819297	-3.43562e-05	-0.0292779239	-0.0614968212	0.089946097	0.0034054089	0.060637674	-0.0107296473	-0.0748920628	-0.0887648233	-0.0430324377	0.0315960199	-0.0002683461467967	3.531378999350001e-05	1.2470637637050214e-09	7.200965450063608e-08	-0.0294453154449456	0.0246327922559004	0.0006067744543223	0.0008670266016523	-0.0369009477566066	8.183673344402953e-06	6.697250940789142e-11	0.0013616799453358	-0.0003089899349482	-7.077372599973743e-09	9.547477989929287e-08	5.00892029188591e-17	3.808174363806316e-05	-0.0001699430113896	1.4502191985151636e-09	2.888062712017823e-08	-0.0005289939014709	-0.0003690261403015	1.3618029222582244e-07	2.798345477934043e-07
763.3450360105749	1.4691185666002866	582695.6440019858	2.158309362729681	976.227849591862	3.523221622813594	953020.8143187512	12.413090603461256	778.6902416103237	1.9394129160288005	3.7613224588593344	606358.4923791443	801.3448026745106	677.6518262587593	0.991707	28.38595	0.0559249690805631	0.0328919368925087	0.00953426	0.0140801562	-0.0625885099	0.0120972914	-0.0875216733	-0.0894447642	0.0297291699	0.0063022819	0.0016503481	-0.0023570611	0.0158500138	0.0091226492	0.0535943555	0.0511750321	-0.0225115266	0.0664017796	0.0383183037	-0.0271028632	0.0234265537	-0.0192542626	-0.0806082259	0.0055020281	0.0358330458	-0.0166378547	0.0479228927	0.0755551977	-0.0110213141	0.0215805207	0.0415041969	-0.0011041548	0.0066240706	0.0550625392	-0.0185109412	0.0799363088	-0.1233020248	-0.1068450414	0.09275885	-0.0122426236	0.1204478658	-0.0387428023	-0.0350015567	-0.0773644178	-0.0374303433	-0.0551565986	-0.0507588404	0.0143925352	0.0060237455	0.0545868523	-0.043335843	0.2062530051	-0.2104746871	-0.0111636046	0.0966378218	0.0164828658	-0.1406102345	0.0213745143	0.0301538934	-0.0274252334	-0.0854439479	0.0561039698	0.0496503347	0.1381682225	-0.0615621274	-0.0871446897	0.0729510402	-0.0908239152	-0.1403885459	-0.0873334744	0.0341953307	0.0724349956	0.0972346232	0.0943823214	-0.0333606879	0.0323480691	-0.064430279	-0.036444066	0.0545842303	-0.1088983711	0.0623681476	-0.0350711698	-0.0278829773	-0.0446448477	-0.0148130272	0.0914663627	-0.0921098787	0.0601491079	0.0795116953	0.0895522981	-0.0200422746	-0.0104513083	-0.0477516667	0.0133614332	0.0604064127	-0.0170265091	0.0600208947	-0.0153235753	-0.0073011933	-0.0741207166	0.0394692792	-0.0301488172	0.0099355163	-0.0702571228	0.0290983877	0.0097980541	0.0291187821	0.0666744859	-0.045323606	0.0469509404	-0.0415958633	-0.0223833308	-0.0182703925	-0.0800502316	-0.0533295418	-0.0049462192	-0.0004193149	0.1431355379	-0.1359327596	-0.039373407	0.0713976183	-0.0138329141	-0.0487406942	-0.007244284	-0.0088948471	-0.0350639679	-0.030080894	0.099064734	0.0356100949	0.0484512961	-0.0142354148	-0.0144029351	-0.0912076119	0.2508365732	-0.0415116739	0.0446664038	0.0558707225	-0.0416172909	0.0128915983	-0.015669555	-0.1159467422	0.0987050522	0.0347950885	-0.1395966966	0.0891478151	0.1322692884	0.016152809	0.0933738611	-0.0992654722	0.0037606725	0.0759398433	-0.0955153048	-0.0694001471	0.0302121262	0.051828712	0.0487416063	-0.075292308	0.0454346236	0.0182743819	0.0106973517	0.134366539	-0.0881097755	-0.0611365502	0.0021566982	-0.0454317615	0.0157055636	-0.0891577822	0.0099106405	-0.0178160832	-0.06579873	0.0950919974	-0.034919982	0.0399134786	-0.0327341434	0.0518667228	-0.0871483126	-0.0235848399	-0.0951278862	0.048886955	-0.0154645132	-0.0365372481	0.0070457268	-0.0911075955	0.0339385799	-0.0585108325	0.0065695691	-0.0851660339	0.0574643843	0.0102203048	-0.028214946	-0.0591203721	0.0518939244	0.0469022713	-0.0518784591	-0.0512784929	-0.0574494973	0.042860615	0.0631165271	0.0940558357	-0.0626659736	0.0958817399	0.0368263101	0.059739273	-0.0130990243	-0.0768835629	-0.0875278662	-0.037674825	0.0382182304	-0.0002361670648696	3.21790819271e-05	1.0354933136710135e-09	5.577488252912185e-08	-0.0549611356007062	-0.0255158201557606	0.0006510570782211	0.0030207264265192	-0.0516245064657852	-0.0147235587091786	0.0002167831810626	0.0026650896678358	-0.0002319270352302	7.7062899718e-05	5.3790149670670436e-08	5.938690512946525e-09	0.0002740611781528	0.0002359794345147	7.510952937050079e-08	5.568629351389497e-08	-0.0005289680130297	2.5888441200017445e-08	6.702113877667608e-16	2.798071588085889e-07
763.391283030779	0.0462470202041913	582766.251007379	0.0021387868777668	973.5169674699956	-2.710882121866348	947735.2859519764	7.348881878654593	777.7755253651478	-0.914716245175896	0.8367058091886896	604934.7678570317	799.3611353137075	692.7133070537794	1.044832	29.906544	0.0593975782026055	0.0346284584205092	-0.0512384327	0.0494392388	-0.0706900193	-0.0159662888	-0.0231377901	0.0768820759	-0.0569238076	0.0057608442	-0.0374399955	0.0553543081	0.0684598805	0.0218225061	0.0122517648	-0.0690512894	-0.041731173	-0.0424764045	-0.022473106	-0.0455663001	0.0435675711	-0.010910651	-0.0096923032	0.0305900471	0.0673475833	-0.0313917505	-0.00455506	0.0082099873	-0.0622615066	0.0834804541	0.0310409256	-0.0612451999	0.0133110235	0.0004212188	-0.0040027336	0.0600203973	0.0687916227	-0.0104523382	0.0149882905	-0.0576674362	0.0218067087	-0.0272188582	0.0148229326	0.0430426911	0.0770729578	0.050075375	0.0286628614	-0.0491782771	0.0206447254	0.0493489506	-0.1201516943	-0.0409304805	-0.0001729525	0.0447863638	-0.0749858507	0.0837813714	0.0207856715	-0.1026203859	-0.053443891	-0.048725489	0.0286633169	0.0568813977	0.0099509137	0.049865269	-0.0127778262	-0.0615931977	0.018737498	-0.1078802044	0.046582231	0.0872354299	-0.0963707773	-0.0031931095	-0.0429850995	-0.0668821632	0.0370488766	-0.0288277212	0.0604279709	-0.0388977315	0.0241034335	0.0819245532	0.0292326371	-0.0266561049	-0.09870079	-0.1248174814	0.02670218	-0.0329694575	-0.0479749468	0.0624769343	-0.03870449	-0.0384045379	0.0821763721	-0.043975882	-0.0559117898	-0.0651097002	-0.0917481118	0.0365687575	-0.0312545041	0.0494091514	0.0233035364	-0.0477804084	-0.122381783	0.0119627789	0.019269081	-0.0085579001	0.0956664748	-0.0101025855	-0.0035491857	-0.0441207744	-0.0088928334	-0.0083735141	0.0461059897	0.0279195967	-0.0353088267	0.0283995956	0.0103004135	-0.009193121	-0.0982350091	0.0064097577	-0.0008354927	0.0160697305	0.0126346848	-0.0309988203	0.0248598484	-0.0530236547	0.030896327	0.0757974839	-0.0372172399	-0.0781996082	0.0068254088	-0.1060308422	0.0344230881	0.0287907384	-0.1063725573	0.0032656115	-0.0452504061	0.0035517918	-0.0023200496	0.0409440765	-0.0290662569	0.1331340252	0.040902331	0.0064538915	0.0561840511	-0.030618567	0.0170204919	0.1167419252	0.0245469042	0.1186928477	-0.0049719771	0.052001889	-0.093124836	-0.0694792027	0.1138868936	-0.1390467084	0.0440853259	-0.0821822416	-0.1281800841	-0.0221083899	-0.011462255	-0.0324300869	-0.0146992016	0.064488678	0.0503273893	0.0589744357	0.0268434011	0.0218161775	-0.0419105332	0.0487922357	0.0980029397	-0.0029007689	0.0262933317	0.0241416471	0.0316017184	-0.0607356167	0.0207402836	0.0134180906	-0.00426443	-0.0022123846	-0.021051489	-0.0868194362	0.0617556308	0.0105143815	0.0039721457	-0.0222871287	-0.03134307	0.0059690702	0.0133827467	0.0283107663	-0.12253503	0.0575881478	-0.0940522092	0.0553991343	0.002693551	-0.0351409347	0.019155138	-0.1281448675	0.0810793005	-0.0796911227	0.0532085327	0.0491336171	-0.1065311815	-0.0901058952	0.058830636	-0.0154594239	-0.0787565141	-0.0860510014	-0.0321558829	0.0446048127	0.0096608899991963	0.0098970570640659	9.795173852937672e-05	9.333279557657107e-05	-0.0597525284607343	-0.004791392860028	2.2957445539128212e-05	0.0035703646574508	-0.0209170051131337	0.0307075013526515	0.000942950639323	0.0004375211029028	-0.0003089592241971	-7.70321889669e-05	9.54558022164739e-08	5.933958137032191e-09	0.0002080609741927	-6.600020396010001e-05	4.328936898201537e-08	4.356026922774801e-09	-0.0003919678674395	0.0001370001455902	1.8769039891736e-08	1.5363880910506945e-07
763.8905259134324	0.4992428826533341	583528.7355803003	0.2492434558800108	977.8097382458774	4.292770775881763	956111.8842084712	18.427880934264515	779.0586730911209	1.2831477259730946	1.6464680866699235	606932.416118498	801.6436943975739	692.8963837339925	1.016608	29.098682	0.0665428949585618	0.0436628472091229	-0.0699886839	0.0432363825	-0.040367841	0.0112755066	-0.0586353107	-0.1002483177	-0.0638877014	0.0532007636	-0.0813219952	0.070019569	0.0290131147	-0.0275903253	0.0436554259	0.0130712732	0.0213451937	0.05408231	0.0730646908	-0.0547694158	0.0419503772	0.0149513327	0.0229300838	0.0285451706	-0.0151819198	-0.0332364727	0.0412756043	-0.0545577998	-0.1175577762	0.1177247394	0.0846866715	-0.0005748844	0.0151972653	0.004946301	0.013805251	-0.0014947682	-0.0156526899	-0.0890820962	-0.0895127253	0.0209359384	-0.0209692515	0.0791559049	-0.0444774577	0.0368371747	0.0293507699	-0.0222611233	-0.001132583	-0.0085888924	0.0481675845	-0.0300114242	-0.0415563365	0.0393898819	-0.0799416625	-0.0344562336	0.0375381965	0.0077468756	-0.0449157433	-0.0044229429	-0.1019397992	0.0741540143	0.01311626	0.064719284	0.0248666939	-0.0605562324	0.0142276527	-0.0176165838	0.0461674265	0.0369695077	0.0637526859	-0.0141481267	-0.0116590982	-0.0284921408	0.0906826338	-0.0033582216	-0.0492404807	-0.023112589	-0.0113928736	0.0836235061	0.0806468536	0.0908215772	-0.0045436791	0.1195908989	-0.0082500752	0.0063260081	-0.0334067835	0.0994090905	0.0368030051	0.0438878026	0.0147145213	0.1320249373	0.0858555979	0.0024487226	-0.080336798	-0.0327154313	-0.0155931278	0.0341181733	0.0997000873	0.0327028714	0.0821601521	0.0968611406	-0.0517112662	0.0151602218	0.032657097	0.0010369175	0.0421071486	-0.0338170744	0.0433766371	0.0879776611	-0.0543039834	0.0664313387	-0.0441711566	-0.0102641037	0.0344291582	-0.0024856916	-0.0373459632	-0.0991249964	0.0601335565	-0.0173494143	-0.0278879092	0.0362110059	-0.0206437037	0.0556399874	0.0663016372	-0.020020168	0.0125815979	0.0321381515	0.0372703928	-0.0163574554	-0.0231190805	0.0132512779	-0.0246938182	0.0874666633	0.0477986012	0.0012034588	-0.0732059266	0.1205953828	0.041159409	0.0504170026	-0.0808899195	-0.0404369925	-0.0616718565	-0.0162469412	0.051348997	-0.008954988	-0.0910720872	0.0237939324	-0.0130879979	-0.0430597915	-0.0161180295	-0.0297147855	0.0651026592	-0.0102809817	0.0763016354	-0.0304691918	0.0062359018	-0.0972165729	0.0705474284	0.0618372962	-0.1367409356	0.0019748099	0.0426256821	0.0114093028	-0.0405730871	0.0014183454	-0.0782260663	-0.0029206705	0.110395218	-0.0224410861	0.0508185592	-0.038410723	0.0164106795	0.1102639959	-0.0688846377	0.0130167776	-0.0414387056	-0.0453068742	-0.1418614022	0.0073913972	0.1134781648	-0.0476383062	0.0223588203	-0.018502587	-0.1021491657	0.060979643	-0.0005100956	0.0701465392	-0.0222846653	-0.0896563333	-0.0195825726	-0.0267651523	-0.0817739114	0.1696718337	-0.0096789806	-0.0483112109	0.0366251476	-0.0198308577	-0.0274249824	0.0142893669	0.0621484964	0.0388377018	0.0060234476	-0.1451161844	0.0579119187	-0.0178092284	-0.0805080284	-0.0843382767	-0.0264992443	0.0507163915	-0.0003088348214674	-0.0099697248206637	9.939541299975784e-05	9.537894695080082e-08	-0.0462803152367286	0.0134722132240057	0.000181500529153	0.0021418675784109	-0.0611671847081112	-0.0402501795949775	0.0016200769574279	0.0037414244851161	-0.0003089651523252	-5.9281281000072615e-09	9.545946535133405e-08	3.5142702770095703e-17	0.0002080516431732	-9.331019499984102e-09	4.3285486227068545e-08	8.706792490908357e-17	-0.0003349675802088	5.700028723070003e-05	3.249032744382305e-09	1.1220327979093885e-07
763.5291268274274	-0.361399086005008	582976.7275138537	0.1306092993652552	975.5519107471812	-2.257827498696201	951701.530562476	5.097785013868745	778.2084650033945	-0.8502080877264007	0.7228537924353831	605608.4150029395	800.2143067656062	688.9170408438015	1.035632	29.643215	0.0602747129634671	0.0346910990325108	-0.0354202474	0.01356781	-0.0194595706	0.064194281	0.0336119405	0.0902921283	0.0397043293	0.0741994748	-0.0873789076	-0.0541648729	0.036927688	-0.0224401619	-0.0048456412	-0.1068244292	0.0046303983	-0.051901201	-0.022707437	-0.0188179581	0.0352892744	0.0231212144	0.03576243	0.046696273	0.1163115213	-0.0502898338	0.0317981337	0.0177003526	-0.0559780365	0.0934342307	0.0694036456	-0.02033863	0.0109705708	-0.020655851	-0.0108016599	-0.0273968844	-0.0239501908	0.1206756161	0.019440045	0.0327541616	0.0863051825	0.0133372132	0.0255552496	-0.1032332519	-0.001445956	-0.0203639618	0.0108358222	-0.029845374	0.0078899144	-0.0924479071	-0.0295201783	-0.0055938879	-0.0086207971	-0.0458007584	0.0636140304	0.0006141698	0.0678954648	0.0418737601	0.0320319217	-0.0689498167	0.0375150441	0.0488250431	-0.1545597644	0.0595745445	-0.0245505452	0.0886041842	-0.0841346706	-0.0382549998	0.0528031845	0.0312565521	-0.0119572135	0.0680917032	0.0618595594	-0.0596776576	-0.0991473448	0.0579473	-0.0104618164	-0.0552661347	-0.0957571611	0.0818811965	-0.0418233413	-0.0519110336	0.0316500023	-0.0402811373	0.0905725708	-0.0481486935	-0.0512255158	0.0183518425	-0.0621126969	-0.1070868997	-0.1287755663	0.0386801605	0.0407740391	-0.0252955882	-0.0252188989	0.0770364836	0.0428959622	-0.0139710254	0.0555466491	-0.1276812701	-0.0088010604	-0.0043223392	-0.022562207	0.0740133668	0.0493712036	-0.0654044564	-0.0090130336	-0.0612626982	-0.0003296126	0.0116422852	-0.0077931889	0.0234440298	-0.0527832491	-0.0458738154	0.0331857255	0.0971158601	-0.032741302	-0.0531142563	0.0003207944	0.021941924	0.004417649	0.032402556	-0.1264930321	-0.050090141	0.0516042719	0.0275233667	0.0292408743	0.0709346708	0.007402981	-0.0023505063	0.0227853436	-0.0449026001	0.0047074638	0.0253935498	0.0210822926	0.0312423119	-0.0768724909	0.0526352537	0.0031206271	0.0632928196	-0.0204630268	0.0023688858	-0.0392832458	0.0549876193	-0.1079280228	0.0014568024	0.0076148234	0.003992292	0.0254647369	-0.0034601644	-0.0621550207	0.0350520454	-0.0471009514	-0.0173436714	0.1370232793	-0.0549752712	-0.1426148764	0.0271744029	-0.0794171777	0.1389844848	-0.0731437958	0.0810623324	-0.0766340838	0.0019762219	0.01970131	0.0608281396	-0.0907917304	0.0523331813	-0.0324741065	0.1066586551	0.0291912178	0.093938461	0.0417325883	0.0031178077	-0.0921245606	0.0264808697	-0.0342053467	-0.031967621	-0.0008176508	-0.0322863518	0.066371529	-0.0775062088	0.0665202652	-0.0138422725	-0.0656665516	-0.0538448003	-0.0118060583	-0.0269438567	0.093517861	-0.0387714742	-0.014158547	-0.0188192098	0.0296538118	-0.0871996965	-0.0556144055	-0.010826947	-0.016210735	0.0189909303	0.0527654622	-0.1247520852	0.0647268007	0.0323573211	0.0569832784	-0.0201468273	-0.0821354052	-0.0823943867	-0.0207291319	0.0565152869	-0.0002465994873688	6.223533409859997e-05	3.87323681036436e-09	6.081130717055497e-08	-0.0612452928899074	-0.0149649776531788	0.0002239505561601	0.0037509859011705	-0.0301201920275815	0.0310469926805297	0.0009639157545048	0.0009072259677783	-0.0001639428750997	0.0001450222772255	2.687726629595583e-08	2.1031460891669783e-08	0.0002960312762123	8.797963303909997e-05	8.763451649588306e-08	7.74041582969469e-09	-0.0003859758158574	-5.100823564860004e-05	2.6018401039831114e-09	1.4897733042678557e-07
762.6100199960681	-0.9191068313592724	581574.0425984034	0.8447573674512818	979.7989586483347	4.2470479011535645	960005.9993683612	18.037415874692897	777.8002166977158	-0.4082483056787396	0.1666666790895616	604973.1770950136	801.7527139840687	690.0779160453645	1.020492	29.209862	0.057332962574361	0.0363673788470288	-0.035799162	0.047825223	0.0656652595	0.1332434562	0.0202279276	-0.0326980511	-0.0471456026	-0.0586502297	0.006914717	-0.0979983675	-0.035778878	-0.0533522476	0.0357205041	-0.0289731649	0.0162752324	0.0897777304	0.1093460846	0.0485814755	0.00575357	0.0782385685	-0.0183963118	-0.0171156484	0.1563752911	0.0236576912	0.172341746	0.0346589353	0.0037759134	-0.0342604667	0.0764533748	-0.0636727975	-0.0018650534	0.0228744943	0.0210315475	-0.124053919	-0.0548581032	0.0066242953	-0.0310622672	0.1178387628	0.0210932404	0.0358959659	-0.0476523748	0.0777994418	0.072449377	0.038209891	-0.0131063855	-0.026635331	0.0808389041	-0.0558494371	0.0506454064	-0.0100861183	-0.008743148	0.0076428905	0.0403787995	0.0003029662	0.1178817019	-0.1562040444	-0.0028613315	-0.0553231276	-0.0403687336	-0.0737560242	0.0213288983	-0.069477277	-0.0156173207	0.030613839	-0.0591556019	0.0257273069	0.0750977455	0.0522916984	0.0741800837	0.0123886243	-0.0243294204	0.0596839479	-0.1107618834	0.0483336601	0.0554204908	-0.0353437998	0.0833913861	0.1299455811	0.0692040242	-0.0125304347	-0.0962874892	0.0288399212	-0.0855400481	-0.0276984938	-0.0879287485	-0.0065405845	0.0198266315	0.0148344415	-0.0762895068	0.0316409647	-0.0010710581	0.0618607169	-0.0389747502	0.0071162675	0.0679987201	-0.0787682664	-0.1494340416	0.0655088959	0.0304330503	-0.0109630905	-0.0510508825	0.0048754894	-0.0200711589	-0.0564163537	0.0868715155	0.0515362382	-0.0907226158	0.0215823921	0.0138472659	0.0717573727	-0.0285032292	-0.0115879078	0.0026678003	0.0125178448	0.1650535815	-0.0082969334	-0.0461339837	0.0157790704	0.0256870927	0.1457968083	-0.0131351125	-0.0766432636	0.0080855697	0.0409293209	-0.0243958902	0.0146528676	-0.0350744447	0.0645823842	0.0243799998	0.0944260563	-0.0075549477	-0.087555283	0.0264734453	-0.034170029	0.0646899116	0.0785886395	-0.0322952799	-0.0378740802	0.0063092004	-0.1508367518	-0.0730509096	-0.0387877299	0.0179536679	-0.143233268	-0.0323074226	0.0009217124	0.0516182631	-0.0153501098	-0.010581042	-0.0335923384	0.043185876	-0.023871244	0.0619839583	-0.0933501779	-0.0556933331	-0.0985798584	-0.0071910399	-0.0244857005	-0.0623077983	0.0276991723	0.076586961	0.0467692111	-0.022940739	0.0210971486	-0.0971268406	-0.0521530958	-0.0529446374	0.0154257308	-0.0180915415	-0.0081889905	-0.042527262	0.0103067777	0.0627523468	-0.0147455438	-0.036572193	-0.0821534732	0.0563723547	0.0807904568	0.0743575812	-0.0896814999	-0.0115666287	0.0903600665	0.0009725727	-0.0659526064	0.0233402608	0.0514535859	0.155935883	0.009364994	-0.0209071449	-0.0143064527	0.006546178	-0.0115298606	0.053521718	-0.032351667	0.0499600173	-0.024337117	-0.0236319386	0.0369610631	0.0927338709	0.0250778379	0.0560448744	-0.0224706185	-0.0836361352	-0.0802246594	-0.0148702542	0.0619657467	-0.0002092384153371	3.736107203170002e-05	1.3958497033578775e-09	4.378071445278076e-08	-0.0302885186041095	0.0309567742857979	0.0009583218741818	0.0009173943592314	-0.0488085660925179	-0.0186883740649364	0.0003492553251909	0.0023822761240076	-0.0002119616244902	-4.80187493905e-05	4.4927730256524554e-08	2.305800293027644e-09	0.0002080389678789	-8.799230833339997e-05	4.3280212156117995e-08	7.742646325840131e-09	-0.0003689778105494	1.6998005308000027e-05	2.8893218445079707e-10	1.3614462467782892e-07
763.2790896797159	0.6690696836477628	582594.9687422958	0.4476542415765173	977.8715268915348	-1.9274317567999333	956232.7231051816	3.714993177120877	779.3941985809051	1.5939818831893715	2.540778243935936	607455.3167815714	801.6773159883379	683.4749557181729	1.005518	28.781261	0.0720161509535199	0.0435201282428903	0.0047358405	0.0039927258	-0.004321429	0.1091289637	0.0825519299	0.0738338258	0.0440474839	0.0165091781	0.0678741476	-0.0778865809	0.0300356493	-0.0330041936	-0.0138387935	-0.1607937589	-0.0418460659	-0.0389632759	-0.0046132017	0.0693638901	-0.0256121178	-0.0533407522	0.0024307391	0.0675119759	0.0061771582	-0.1775833911	0.1184648444	0.0154469149	-0.0531046801	-0.008923506	-0.0441840245	0.0649284627	0.1094952579	0.0327013201	0.0530106787	-0.0269424403	-0.0353455106	-0.007223469	0.00851663	-0.0287182251	0.1358425795	0.0568111405	-0.0114520486	-0.0148761317	-0.0029589187	0.0182800965	0.0416374411	-0.0400153434	0.0980398697	0.1308021996	0.1332874896	0.0244054904	-0.0790501013	0.000787248	-0.0686870659	-0.1627254291	-0.0039371504	0.0387022158	0.008265727	0.0572594205	0.0058424258	-0.0196587498	-0.1483351225	-0.0752968586	0.0744191657	0.0397199909	0.0943077317	0.0490883614	0.0304886952	-0.0594195225	0.0336992231	-0.0928266477	0.0356085432	0.0343379579	0.0308302576	-0.0441147195	0.0811519132	0.044245348	-0.0566503723	0.080009083	-0.0103597219	-0.0420640752	0.0399735412	-0.0263811946	-0.0112690233	0.0986057569	0.0423272351	0.0637646139	-0.0381182955	-0.0550622246	-0.0085086943	0.0499388388	0.0705179681	0.0895679144	-0.0302312652	-0.001993242	-0.0270853138	-0.0536778463	-0.0581242914	0.0155303815	0.0359127356	-0.0352890664	0.0554310026	-0.0075858111	-0.0173759991	-0.0437272459	-0.0671471897	-0.096445473	-0.0631798252	-0.0198456677	-0.1422252311	-0.0117256474	-0.0712512483	0.0270494328	0.0689920292	0.031628665	-0.0151249543	0.0360209877	-0.0536115488	-0.1071546491	-0.0385520932	0.0940304357	-0.0442643505	-0.0706279977	0.0166422811	-0.0080951027	0.0360269371	0.1644214412	-0.1144753009	-0.0809333695	-0.0589139023	-0.0381937686	-0.0296747928	-1.4734e-05	-0.0286109693	0.0164674125	-0.0012371025	-0.0232786931	0.0019074533	-0.1122994361	0.0422204348	0.0423540333	-0.0057100549	-0.0912119469	-0.0187202344	-0.0091479776	-0.043158388	-0.0979044904	-0.0891648281	0.0433881585	-0.0601403952	0.0489318064	0.075561649	0.0972905374	-0.0787309239	-0.0267171957	-0.0293123591	-0.0139264781	-0.016222834	0.0234372995	-0.1101976046	0.0644963123	0.0107358388	0.0904046097	0.0084398192	0.0148917934	0.1261368508	-0.0073578835	0.0571979907	0.0218205639	-0.0089634571	0.0649078079	-0.0076265256	-0.0354151825	0.0122429302	0.011819875	0.0894837964	0.0060042274	-0.0656389306	0.0215206803	0.0574760293	-0.0887049887	0.0904141243	0.0123940509	-0.0907755324	-0.0346230642	0.0167875885	0.0743448898	-0.0055737598	-0.0862278215	0.0111077507	0.0135472199	-0.034416765	0.0663318928	-0.1278129238	-0.0663900188	0.0231603519	-0.0106369248	0.0123618421	-0.0038131975	-0.0945571599	0.020790947	0.0550968674	-0.0247790096	-0.0850079043	-0.0778350419	-0.0089476998	0.0670341672	-0.0002298946248373	-2.065620950020001e-05	4.2667899091615316e-10	5.285153852908291e-08	-0.0615275135730257	-0.0312389949689162	0.0009758748066679	0.0037856349264788	-0.0208778562128344	0.0279307098796835	0.000780124554383	0.0004358848800437	-0.000308444648681	-9.64830241908e-05	9.513810129994553e-08	9.308973957002496e-09	0.0002080816570328	4.26891539e-08	4.329797599351581e-08	1.822363860697885e-15	-0.0005289678951131	-0.0001599900845637	2.5596827158699893e-08	2.798070340603836e-07
762.0273109645843	-1.251778715131536	580685.6226559153	1.5669499516563592	980.2687064951116	2.397179603576774	960926.7369335992	5.746470051804499	777.1368689551368	-2.257329625768307	5.095537039371284	603941.7130893936	800.4567012045284	688.835007924196	1.015154	29.05706	0.0385780620066213	0.0290820501586161	0.0214210971	0.031963894	0.0826468748	0.0522803102	0.0889462757	-0.024245173	-0.0358010499	-0.0471057146	0.0277832456	-0.0594837879	-0.083658019	-0.0987779202	-0.0383365952	-0.0711723439	-0.051239769	-0.0191821957	0.08220955	-0.01673686	-0.0438173653	0.0629353748	-0.0670080283	-0.0736509118	0.0056854326	0.0573175288	0.0878658341	-0.100829416	-0.1187261601	-0.0380332181	-0.0387611757	-0.0120804468	0.0612288726	-0.040932306	0.0040865854	-0.0047841127	-0.0703773371	0.0894510866	0.0523789325	0.0053051158	-0.0039997716	0.0689722405	-0.0795353412	0.031734615	-0.0885732842	-0.0687399968	0.1011384738	-0.0244867167	0.0343965663	0.1002353183	-0.0899962695	-0.0187622747	-0.0044913611	0.017020014	-0.0656069921	-0.1229323843	-0.0832537509	0.0420963613	-0.0100837539	0.0498763314	-0.0126100388	0.0108248575	-0.0613491794	0.0064845483	0.0213277915	-0.0420583032	-0.1247970404	-0.0124803086	-0.0517743684	0.0225767086	0.0041594686	-0.1401075268	-0.0245247712	-0.0200245028	0.0061279958	-0.0122900614	0.0551148173	-0.0601128016	0.1523867706	-0.0528351298	0.0706732443	-0.0472295706	0.0515682228	0.0494684772	0.1310556568	-0.0708344323	0.0541004381	0.1285016875	-0.041821	-0.0123886718	-0.0256972563	-0.04303682	0.1046435413	-0.0294260059	-0.0756791585	0.0299089205	0.0246200239	0.0784767821	0.0102072031	0.0233511076	0.0958769815	0.0042490003	-0.0924286112	0.1265336108	-0.0613601529	-0.023914273	-0.0267069472	-0.0521493164	-0.1221482703	0.0343065241	0.0785900351	0.0277777149	0.0150110246	0.0048329102	0.0297834766	-0.0269518569	0.0751256189	0.0365733204	0.0293566999	-0.0004000508	0.0280921281	0.0878243481	0.0191167901	0.0435395341	0.0783433727	0.070163637	0.0842362354	0.0765479278	-0.0054810087	-0.0167398901	-0.009077294	-0.0996298698	-0.0972528755	0.0342231128	-0.0255018901	-0.0095192214	-0.0447918408	-0.096018925	0.1662813189	0.0232469193	0.0666458187	0.0048965133	0.0732029888	0.0278418774	0.0051965199	-0.0005771915	0.028474405	-0.1007033109	-0.052001784	-0.0122764272	-0.0099629679	0.111441092	0.1632008924	-0.0863494015	-0.0366995168	0.0869353584	0.0165640636	0.1668810602	0.1223880987	-0.0109399611	-0.0156008833	0.0293310578	0.0895347823	-0.0572970409	0.0051906966	-0.0530524378	0.027122924	-0.0255812837	0.0090447675	0.0473748673	0.0996118391	-0.069329951	-0.1023493451	0.0541554764	-0.0647682755	-0.0860582484	-0.0136364253	0.0665897383	-0.04749379	0.0848478079	0.0680722899	-0.0370166623	-0.0133897779	0.0500512485	0.1100353871	0.0301699439	0.0769280837	0.0545367812	-0.0617373886	0.0064976289	-0.0081885913	0.0708256857	-0.0449434351	0.0893667459	-0.0473824404	0.0160940945	-0.0389330659	-0.0961330631	0.059619366	-0.0123157082	-0.076720495	-0.0059690245	0.0541394198	-0.0270704183	-0.0862485974	-0.075232084	-0.00298683	0.0716892996	0.0074051154662981	0.0076350100911354	5.82933790917394e-05	5.483573506920733e-05	-0.0336314950418454	0.0278960185311803	0.0007781878498919	0.0011310774587496	-0.0178308228285288	0.0030470333843055	9.284412445072832e-06	0.0003179382427423	-0.000308444648681	0.0	9.513810129994553e-08	0.0	0.0002080816570328	0.0	4.329797599351581e-08	0.0	-0.0005289678951131	0.0	0.0	2.798070340603836e-07
762.3331838682586	0.3058729036742988	581151.8832267162	0.0935582332021469	980.7761289856652	0.5074224905536084	961921.815188106	0.2574775839196268	777.3733834160698	0.2365144609329945	0.055939090230425	604309.3772437479	800.9228630085694	688.6324371467568	1.045647	29.929892	0.151821362119054	0.0908164177256585	0.0678183378	0.0651224216	-0.0131174132	0.0388073048	0.1664937252	-0.0890002441	0.1222388425	-0.1501073667	-0.0197396038	0.0934115378	-0.0316413817	0.0237375842	-0.0499177159	-0.084767281	-0.0053751492	0.010966407	-0.0038940691	0.073717798	-0.0519754668	-0.0942870049	0.0439648513	-0.0806437482	0.0121316398	-0.0567774327	0.011765452	-0.0442268989	-0.0620119256	0.1093086824	-0.1506507419	-0.0042100199	0.2271389821	0.0211902018	-0.0184407963	-0.1186731269	0.0412000942	-0.008802363	0.0740694492	-0.0713699666	-0.0865234709	-0.0170497748	-0.1112546053	-0.0095557443	-0.1101978854	0.0239803845	0.0310445399	-0.0965130942	-0.0609915171	-0.0607476373	0.028357817	0.1100661443	0.0387873494	0.0955672782	-0.0403927908	-0.0149028668	0.0363591612	0.0498820027	0.0383947257	0.0690157405	0.0111521976	-0.0819569178	0.0160253942	-0.0441322355	-0.0468107213	0.05242726	-0.0628579639	-0.0198444314	-0.0925054445	0.066379389	0.1653497452	0.1001329607	0.1062193606	-0.0450766192	0.0647933184	0.1327240628	-0.027219436	0.0077133666	0.1243410354	0.0351949552	-0.0537385313	0.0104331501	-0.0244768946	-0.0024412699	0.0686371835	-0.0734698063	-0.1488467624	-0.0298688247	-0.0700560762	-0.0243212793	-0.0171255969	0.0410241833	0.0451804088	-0.0416513433	-0.0553906397	0.0076216207	-0.0772516518	0.0813818781	0.0381315114	0.0494068931	0.0717111225	-0.0418581515	-0.0480814362	-0.0359918439	-0.0354976971	0.070543347	-0.1029013397	-0.1130119045	-0.0896460945	-0.0356041719	-0.1987132799	0.0114181139	0.1084273003	-0.0038038949	0.116132151	-0.0454795056	0.1022269584	0.0547597283	0.0460637191	-0.0279938062	0.064692339	0.0702628993	0.0233407211	0.0888928704	-0.0163801303	-0.0040631148	0.054850944	-0.030711322	0.1207436801	0.0860681251	-0.1192799923	0.0104218525	0.0103038187	-0.0823879826	0.0482809635	-0.0651028618	-0.0298551606	0.0061473377	0.0369098609	0.0872248772	0.058852184	0.0175751891	0.0341313305	0.0345167012	0.1135092063	-0.0861672004	0.049795592	0.0072932255	-0.019291324	0.0685737896	0.0912086226	0.0768919868	0.0161550124	-0.0095281108	0.0089175084	0.0603832345	-0.1749017633	0.00042538	-0.0927553284	0.0652502317	-0.0026211427	-0.0635538625	-0.0792741512	-0.013719351	-0.0805976942	0.0878378018	-0.002572388	-0.0297276412	-0.0403012184	-0.0038896267	-0.0067233304	-0.031639753	0.0512990433	-0.0058961983	-0.0216497866	-0.0091974027	-0.003060395	0.0534933537	-0.1296437757	0.0096178918	-0.01749889	-0.0900430507	0.0324334364	0.0583154883	0.011344832	0.145332144	0.0928792799	0.0933535121	-0.0500444314	-0.1044048507	0.0148838351	0.0145880044	0.0068237667	0.1435263618	-0.0651082618	0.0423434376	-0.0393687416	-0.0779149441	-0.0097121978	-0.0174712418	0.0136137568	0.0120611819	0.0531726956	-0.0293432743	-0.0873563013	-0.0724229201	0.00298683	0.0759024438	0.0176341919433866	0.0102290764770884	0.0001046340055741	0.0003109647254962	-0.1120871603924058	-0.0784556653505604	0.0061552914255991	0.0125635315248329	-0.0087070540777887	0.0091237687507401	8.324315621698159e-05	7.581279071353683e-05	-0.0002481137874529	6.03308612281e-05	6.156045152422284e-08	3.6398128165242597e-09	-0.0006399556425311	-0.0008480372995639	4.095432244073931e-07	7.191672614516319e-07	-0.0003570790250918	0.0001718888700213	2.9545783637199383e-08	1.2750543016051036e-07
761.7751276039907	-0.5580562642679752	580301.3450360763	0.3114267940887281	975.1852694424716	-5.590859543193574	950986.309737586	31.257710431718657	776.6793364791183	-0.6940469369515085	0.4817011506917713	603230.7917136435	799.8522665242323	679.9732882361911	1.061504	30.383753	0.0546734613198323	0.0291073941000036	0.0913434206	-0.0121799646	0.0524083433	-0.0063305078	0.0912881897	0.0291296691	-0.0700961733	0.0021538688	-0.074060822	0.0264321176	-0.0557803536	-0.064489323	-0.1258346023	0.0122242266	-0.0898863106	0.0461355738	-0.0265275557	0.0426682792	-0.0108723612	0.069478923	0.0456673195	-0.0058329306	0.0405343394	-0.0142942161	-0.1379769206	-0.0180271524	-0.0688117966	-0.0815980732	-0.1032878789	0.0335768884	-0.0317623045	-0.0884201008	0.024120864	0.0625351809	-0.0414079327	0.0439419815	-0.067965257	0.0398048246	-0.0100002274	-0.061395789	0.1709804702	0.0039635235	0.0540338199	-0.0852811524	-0.0483051891	-0.0483022429	0.0540413933	-0.0271788351	-0.0142484035	0.0745287764	0.0150990922	-0.0273745758	0.0810425972	-0.0680735808	-0.0401777638	0.0782377504	-0.0138437945	0.0359823568	-0.0514640266	0.124967329	0.1415837947	-0.0136770492	0.0355192152	-0.0183394631	-0.130433085	0.0797337299	0.1054894622	0.0689209621	0.0961091587	0.023913197	-0.0100932604	-0.0101007695	0.0854782483	-0.0017156562	-0.0039215677	0.0315792153	0.0283920896	0.0360640726	0.0684817759	0.0096675967	0.0388074724	-0.0554763892	0.0003734093	-0.0938215643	0.0452844138	0.0306189225	0.0954182965	-0.0266598708	-0.0525355076	0.0552564478	0.0598656936	-0.0190845224	0.0168559276	-0.0871927568	-0.0772054824	-0.1539968696	-0.033272946	-0.0231031843	0.0260658218	-0.0104474099	0.0188225848	0.0159255841	-0.0761457738	0.0106096642	-0.1182342217	0.0010616267	-0.0934885775	0.056171471	0.1329685528	-0.0277381145	-0.0341313244	-0.0039373891	-0.0592153721	-0.0479735879	-0.032673353	-0.0978574114	0.0088496195	0.0645238367	0.0604521534	-0.1469371858	-0.0957678723	-0.0330987629	-0.0915295429	-0.0213334439	0.0634710531	-0.0357064182	-0.0322761308	0.0613965189	0.0023587165	-0.0992092897	0.0739207378	0.0385432017	0.0835970215	0.0112386612	0.0311952319	-0.0257281553	0.0036463365	-0.059538387	0.0354098769	-0.0051673005	0.1448003974	-0.0685011303	-0.0578831791	0.021210983	-0.0301335458	0.0500335396	-0.0051704976	0.0886508119	0.0212576134	0.1030517527	0.1006446468	-0.016920723	-0.0348797575	-0.0318761376	-0.0387016083	-0.0456608041	0.0888690929	0.0314973858	0.0450238264	-0.0584494974	0.0451037671	-0.0458358016	-0.054804278	0.0159522785	0.0229690298	-0.0717104481	0.0370593128	-0.0071496293	-0.131674783	-0.0065543135	0.0336994558	0.0438274605	0.0220125983	0.0129943563	0.0033332129	0.0380633183	-0.0992425061	0.0332182363	0.028540918	-0.0019563677	0.0221033762	-0.0055363224	0.0412559142	0.0633780043	0.0843439472	-0.0219361486	-0.0690197651	0.035671891	-0.0204503685	0.0555507524	0.0912219314	-0.0477207109	0.0227148839	0.0211613814	-0.0971429744	0.0044842761	-0.0124819915	-0.1014985427	-0.0532851447	0.0790062978	0.0521968607	-0.0315960199	-0.0883293083	-0.06941525	0.0089476998	0.0796476241	0.0327987076956475	0.0151645157522609	0.0002299625380005	0.0010757552265045	-0.0895559551103275	0.0225312052820782	0.0005076552114631	0.0080202690957229	-0.0192609382424819	-0.0105538841646932	0.0001113844709617	0.0003709837419807	-0.0001891306917987	5.8983095654199975e-05	3.5770418580254854e-08	3.479005572952504e-09	-0.0006844639014853	-4.450825895419995e-05	4.6849083243647844e-07	1.9809851151341204e-09	-0.0003820647928994	-2.498576780759999e-05	6.242885929353e-10	1.459735059732614e-07
762.6814233717107	0.9062957677200528	581682.9535562986	0.8213720185872802	975.8343953219328	0.6491258794611667	952252.7670933222	0.4213644073862331	778.4141373963686	1.7348009172502543	3.009534222492324	605928.5692985326	802.074147439485	674.6704000521652	1.028084	29.427179	0.1352541450850153	0.0693968767143952	0.0789358466	-0.0409547102	0.0043269952	0.0305646767	-0.0438226361	-0.015927367	-0.0164809249	0.0775706512	-0.0500890965	0.0182054985	-0.0105511525	0.0399940759	-0.0706589306	0.0108758162	0.0239415167	0.1352050179	-0.0462157677	0.0185937406	-0.0041690534	-0.047270765	0.0232551475	0.0401193323	0.126824977	0.0111075103	0.0217419114	0.0864980612	-0.0185092557	0.0391379915	-0.022259545	0.1128976596	-0.0700011635	-0.1360484845	0.0060958234	0.1050604534	-0.0326264182	-0.0134231896	-0.0377884666	-0.0920835046	0.0251051507	0.0371473428	0.003471835	0.0462933001	0.0057113115	0.0445002075	-0.0827916075	0.0126611511	0.0668893265	0.0304036614	0.0736506837	0.0205792162	0.0087432179	-0.0404544181	-0.034066987	0.0168567587	-0.0235176765	0.0628582124	0.0727831313	0.0154538804	0.0604983013	0.0863398345	-0.0495026829	0.0137730404	-0.1015471411	0.0149338819	0.1099330699	0.043542695	-0.0015408378	-0.0696962668	0.0365526752	0.0368975984	0.0545613451	-0.0325768255	0.0636620352	-0.0080352077	0.06149771	-0.0230905933	0.0719907356	0.0022724381	-0.0784268386	0.076689936	0.001142456	0.1097577735	0.0477877978	0.0187745241	0.1271235894	-0.1383896597	0.0632131109	0.0358219764	0.1024633733	0.0218087524	-0.0438522475	0.1034864156	0.0052310069	0.028652947	0.0087832185	-0.0576775499	0.0704802719	0.0302783962	-0.0024290779	0.0608315588	0.0201075021	0.0127857675	-0.0604289224	0.0364643241	-0.0667865642	0.0653561466	0.0736945562	0.0839382117	-0.0582856933	0.0376158264	-0.0827108768	-0.1271736222	-0.0556001599	-0.0408094135	-0.0211100272	0.0284637499	0.0196259571	-0.0508848867	-0.0714806256	-0.0054743454	-0.0386457367	-0.0334536081	-0.1063915645	-0.0375983723	0.0488487312	0.0561127912	-0.0345081249	-0.1234248363	0.005496284	-0.0181233141	-0.0092861176	0.0522998737	-0.0750788707	0.0412440304	-0.0110955193	0.0408722793	0.0523174937	0.1175842853	0.0674457749	-0.1055558212	0.0293538057	0.0029668407	0.005442294	0.0269039609	-0.1342020546	-0.0244268105	-0.0468245233	-0.0676388814	0.0176595202	-0.0100164196	-0.0684629063	0.0193250286	-0.0696006695	0.0623414674	0.0638171595	-0.0532282724	-0.1159023639	-0.0470431827	0.0840485772	0.0436102033	-0.0953937453	-0.1094412567	0.0962489853	-0.0487307832	0.0087406845	-0.0227186521	0.1247566233	-0.0730587592	-0.0684286445	0.0089811115	-0.0186232443	0.0278111961	-0.0166628249	0.073244222	-0.1152673042	-0.0007754772	-0.0456310157	0.0298507571	-0.0482728063	0.0411235081	-0.0241496481	0.0320973445	-0.0470658998	-0.0208189625	-0.0092548057	-0.0856410898	0.0305911924	0.0223564117	0.0933872787	-0.0249012641	-0.007135427	-0.051353899	-0.014328259	0.0113532272	0.0585896282	0.0784032611	-0.0439661286	0.0452294583	0.1251653461	0.0108336386	0.051212082	-0.0338271112	-0.0891661178	-0.0662173176	0.0148702542	0.0829017503	0.0061302341019882	-0.0266684735936593	0.0007112074838157	3.757977014517908e-05	-0.049063655747787	0.0404922993625405	0.0016396263076655	0.0024072423153373	-0.0445926154279874	-0.0253316771855054	0.0006416938690306	0.0019885013507083	-0.0001704712306231	1.8659461175600013e-05	2.9060440470154146e-08	3.4817549136372423e-10	0.0001510327557345	0.0008354966572198	2.281089330475714e-08	6.9805466422546e-07	-0.0003809870124286	1.0777804708000114e-06	1.1616107432378942e-12	1.451511036392702e-07
763.5887743840882	0.9073510123774896	583067.8163653939	0.823285859662455	973.4415395043112	-2.39285581762158	947588.4308325236	5.725758963925441	777.5001557496217	-0.9139816467468336	0.8353624505900537	604506.492190686	799.7736774798561	678.1921690813881	1.002096	28.683302	0.0488529508438351	0.0263631329324421	0.0357710245	-0.0414208621	-0.0764409179	0.0091144958	-0.0079224541	0.0435080297	-0.0388097116	-0.0414996711	-0.0290310715	-0.03603606	0.1018547641	0.0357403359	-0.0578839361	-0.009122899	-0.0065678561	0.0531160109	-0.0154278078	-0.0824939749	-0.0563763891	0.0563921025	-0.0765826525	-0.0040630165	-0.0120515729	0.0696010867	0.0490451891	-0.0229873575	0.0253943519	-0.0363596319	-0.0214018897	-0.0079890372	-0.0281279088	-0.0083466245	0.0451180788	-0.0215421005	0.0719607362	0.0502658492	0.0393453183	0.0403484621	-0.019818055	0.0318296395	-0.0676901125	0.0078759854	0.1561637216	-0.0850027363	-0.0501527295	-0.0196971939	0.021432721	0.0050973344	0.0566812263	-0.0286370055	-0.0082247417	0.0688692045	0.1453107124	0.0620985365	-0.0377870526	0.0165638505	-0.0371413852	0.0343993598	-0.049893669	-0.0707208062	-0.051711186	0.0260660747	0.0505550263	-0.0311862899	0.0317076291	0.066046229	-0.0159721508	0.0247813575	0.0200723386	-0.0355581039	0.0021875893	-0.1256064558	0.0184721018	-0.0203554054	-0.1563293478	0.0415503089	-0.058316893	0.0588837736	0.0478724042	-0.053846996	0.0153389539	0.0556498449	-0.0747679054	0.0122545389	0.0826114844	-0.0945514463	-0.0438065677	-0.1028671712	-0.0028783758	-0.0550378078	0.033452414	-0.0072348146	-0.0062847413	-0.0070617936	-0.0271273264	0.0878659817	-0.1955859474	-0.0617250945	0.0312964446	-0.0126464085	0.0152386966	-0.0930902568	0.0816744723	0.0400305063	-0.0596826493	0.0474512933	0.019901871	-0.0184292724	0.022910074	-0.0045768183	-0.0452533404	0.0105459707	0.0084192191	-0.0201335321	0.1164408418	-0.0563144245	0.0714394606	0.0180138517	0.0109520681	0.0635653117	-0.0266562964	-0.0456305299	0.0180577278	0.1200289706	-0.0153716676	-0.0135671736	-0.0113637685	0.0035601466	0.0020690411	0.0011719427	0.066580862	-0.0224071738	-0.0932579141	-0.0514822211	0.072493764	-0.0030156114	0.0123852823	-0.1084588744	0.0064230126	0.1270058718	-0.0153274342	0.0643131385	0.0383867704	-0.0338898991	-0.1839843248	0.0409582435	0.0082922101	-0.021733789	0.0091431656	0.0512838927	-0.0184485166	0.0442965723	0.0516201309	-0.0339673245	-0.006893494	0.0074491986	0.0131600935	-0.0927041626	0.1586279191	0.0823712393	0.0239722853	0.0041728901	-0.0360170701	0.0057527632	0.0392035594	0.0223524719	0.0324650242	0.001938921	-0.0497030695	0.0538334935	-0.0543019574	-0.0200457534	0.0640125631	0.0077682859	0.1235521603	0.0128053667	-0.0455736384	-0.0250041246	-0.0057425576	0.0747148876	0.0099412181	0.0003985019	-0.0344561124	-0.0401502187	0.0512775465	-0.1073481788	0.0467095365	0.0184914467	-0.0913755668	-0.0104553506	-0.1203986507	-0.0278047334	0.0449018804	0.0013401297	-0.0900774585	-0.0337714591	-0.0987121316	-0.0616624353	-0.028232901	-0.1084759593	0.0502185284	-0.0360350191	-0.0898654396	-0.0628378881	0.0207291319	0.0856447597	0.0060362306250993	-9.40034768889004e-05	8.836653667202031e-09	3.6436080159386685e-05	-0.0491221252272993	-5.846947951230336e-05	3.418680034439662e-09	0.0024129831868464	-0.0306633037602068	0.0139293116677805	0.0001940257235381	0.0009402381974907	-1.200352544736924e-05	0.0001584677051757	1.440846231656409e-10	2.511201358366232e-08	0.0002819996480056	0.0001309668922711	7.95238014752823e-08	1.7152326871149913e-08	2.50017145176357e-05	0.0004059887269462	1.648268464074251e-07	6.250857288213558e-10
765.4865305141825	1.897756130094308	585969.6283986404	3.601478329310524	973.8076821240512	0.3661426197400033	948301.4017638172	0.1340604179900726	778.8159340752495	1.3157783256277753	1.731272602191832	606554.2591695033	801.6292721603496	687.1999976344555	0.97113	27.796942	0.0845435912014188	0.0559051140346119	-0.0194008311	-0.0625347874	-0.0427204647	0.0037514325	-0.0382468387	-0.0610413126	-0.00084921	0.0484639121	-0.0387407494	-0.0427188926	0.0624129209	-0.0336486133	0.0461370242	0.0525232103	0.041478914	0.0387457215	0.0310074075	-0.0480623433	0.0529705404	-0.0417755702	-0.0829148605	0.0737564845	-0.0607926156	-0.0464620437	0.0344896241	0.0115229562	0.0965324461	0.0217518864	0.0414770394	0.0712758237	-0.0019804784	-0.0186368554	-0.0783204297	-0.0265801684	-0.0161330743	-0.0740653833	0.0064280949	-0.0595098613	-0.01290964	0.0579084039	-0.1080452169	0.0046707143	-0.0574798376	-0.0596781674	-0.0209114014	0.0392533536	-0.146560565	-0.0965643083	-0.0056802702	-0.0571616616	0.0247309371	-0.0955847539	0.022863947	-0.0818094211	-0.0497900465	0.095893038	-0.0111829201	-0.0477527611	0.0279167954	-0.0874918674	0.0884429543	0.0673309678	-0.0621952029	0.0303200974	0.0721737576	-0.0803284038	0.0072282529	-0.1409051164	0.0140783332	0.0590582588	-0.0612159888	-0.1283299283	-0.0136750125	-0.0091300742	-0.0003011431	-0.1129767106	0.0035992595	0.0690490865	-0.0256891663	-0.006934212	-0.084637329	-0.0438522972	-0.0667376273	-0.0100856861	0.0070268176	-0.0179525865	-0.0295225219	0.0064874319	0.0697526552	-0.0776386236	-0.0754343344	-0.0141359076	-0.0939208103	0.1048811326	0.0801471723	0.0299948461	-0.0902240665	0.026515598	0.0084647923	-0.0473049615	-0.0674712378	0.106209043	0.0281959915	-0.0199805837	0.0040807724	0.0917720486	0.0751757033	0.0001569673	-0.0773769396	-0.0265197935	-0.0146402783	-0.0500179702	-0.0238818555	-0.144063932	0.07100159	0.0142526297	0.0076639586	-0.0069984051	-0.056181343	0.1058487573	0.0496987522	-0.0122334771	-0.0009230866	-0.0592365395	-0.0394635165	-0.021545961	0.0449868974	-0.0383035756	0.0143123694	0.063882171	-0.0026695024	0.093483585	0.01866576	0.0991484267	-0.0022467067	-0.1500142116	-0.0356919825	0.0505618027	0.0058051135	-0.0868874811	-0.067481544	-0.0038904459	0.0842750902	0.0189908259	0.0790589571	-0.0488866242	-0.0613052421	-0.134916366	0.0228070563	-0.0192024501	0.0145503335	-0.0991467173	0.0352188325	0.0594048992	0.0879243193	0.0038870363	-0.0689552021	0.0413826968	0.0864247027	-0.0241879869	-0.0166418944	-0.0012689953	-0.0379952825	0.012123298	0.0229478532	0.1629395185	-0.0841535475	0.0317911572	-0.021902803	-0.0821014741	-0.1243452964	-0.0578087664	-0.0541383291	0.0111843849	0.0367498482	0.0443148159	0.0616394826	0.0041180533	-0.0583851313	0.0584893882	-0.0401004793	0.035060558	-0.0293089907	-0.0415660916	-0.0339312498	-0.1050967371	0.1474545586	0.050323147	0.0697552324	0.0510114341	-0.1015058176	0.0315997191	0.0162990864	-0.0038464605	0.0232445842	-0.0038784223	0.0496552864	-0.0990932043	-0.0092612562	-0.0873033416	0.0492163702	-0.0382182304	-0.0904261954	-0.0592862243	0.0264992443	0.0878597406	0.0060778882183996	4.1657593300300014e-05	1.7353550795732003e-09	3.694072519536066e-05	-0.0407170632563094	0.0084050619709898	7.064506673618059e-05	0.0016578792402183	-0.0851387396930221	-0.0544754359328153	0.0029675731200702	0.0072486049965161	-0.0001704719400246	-0.0001584684145772	2.9060682335750816e-08	2.511223841862108e-08	0.0002540190987792	-2.798054922639997e-05	6.452570254459697e-08	7.829111350109918e-10	-0.000220978035765	-0.0002459797502826	6.050603754910781e-08	4.8831292290557615e-08
764.9241899789548	-0.5623405352276905	585109.0164149601	0.3162268775601654	970.8261960636486	-2.9814860604026308	942503.5029634138	8.8892591283752	777.6125847068993	-1.2033493683502456	1.4480497023089351	604681.3318945445	798.4948839154993	684.0204692440735	1.001028	28.652742	0.1256417554611677	0.0638529999472513	-0.0227382048	-0.0736509552	-0.0674068416	-0.0143124664	0.0337234549	0.0391244684	0.0083300447	-0.0538370503	0.0801893109	-0.0368068692	0.0903852247	-0.0189537105	0.0013551321	-0.0360270252	0.0741147268	-0.0421318929	-0.1062718043	-0.0224040015	-0.03245566	0.0660741253	-0.0644376346	-0.0053770262	0.04384142	-0.0697708434	-0.0538213248	0.0136139711	0.0535531962	-0.0041835762	0.0361226085	-0.0349646371	0.0317803224	0.0045327441	-0.0396205942	0.097826545	0.0940872036	-0.0691544839	-0.066968191	0.0707318425	0.0858806481	-0.065460202	-0.0347962442	0.0223676724	-0.0135032369	0.1611683396	0.023936582	0.041588631	-0.0869740965	0.0680727146	-0.031939009	-0.089266167	0.0075129587	-0.101362077	-0.0210298006	0.0444425632	-0.0159580208	0.0157678567	0.0414838779	-0.0782813745	-0.1174224363	0.0151613574	0.1135613817	0.0093599265	-0.0646905411	0.0152492449	0.0433187058	-0.0537776445	0.0030139651	0.0104957065	0.0156122736	0.0129106607	0.0415269549	-0.0070554318	-0.0049299569	-0.0189974521	-0.0289227335	-0.1323345956	0.0051344125	-0.0731231172	0.0148073697	0.0266808938	-0.0718322609	0.0593262032	-0.008845534	-0.1393796746	0.044102885	-0.0573081567	0.1385425705	0.0728139618	-0.0891145675	-0.0596818787	0.049793928	0.0063241815	0.080493151	0.012750276	0.0167108439	0.0174062205	0.0396127917	-0.0097733361	-0.0758069809	0.0823379212	-0.0436727836	-0.0317903063	0.1043695351	-0.0364170751	-0.0143437709	-0.0176094196	0.0357369302	-0.0573197393	0.047234633	0.0604939876	-0.0008278617	0.0783609484	-0.0282830859	0.009418062	-0.0645029564	-0.0087228862	-0.080938934	-0.0527182138	-0.1081273061	-0.0484466485	0.1133367916	-0.0604530995	0.0243894172	0.030891715	-0.0626426803	0.0207001912	0.0558961961	-0.0301471691	0.1686043671	-0.0311587688	0.0192271707	0.0965236935	0.0068519082	-0.0051983679	0.0444246786	0.031719086	-0.0652575952	0.0444457616	0.1007670826	-0.0822508427	0.0071733536	-0.0297303409	0.0869599176	0.0410298306	0.0644348757	-0.0223288089	0.044776823	-0.0124038343	0.1613226776	0.0234334921	-0.0194027077	0.0263237665	0.0102060644	0.0356537522	-0.0425514381	-0.0936689425	0.0495235828	0.1055243644	0.0631982697	-0.0073169153	0.0215696575	-0.1443899418	0.0594556326	-0.0100983788	-0.0304561225	0.0638408881	-0.0038000927	0.0777623208	-0.0038857973	0.0053572573	0.0058383829	0.0050757108	0.0906473088	-0.0079292891	-0.1370800604	0.0555393666	-0.0111148863	-0.0684057922	-0.0095561147	0.0537246542	0.0769053107	-0.0432217553	-0.041281273	-0.0434032479	-0.0294661988	0.0244544524	0.0129464906	-0.0273762435	0.0071081486	-0.0665247208	0.0612593346	-0.0132111631	-0.0320180623	0.1532533588	-0.096497668	-0.0029120519	0.096515752	-0.0743434332	-0.0640115285	0.0534840653	0.0482057789	-0.0403752488	-0.0908475206	-0.0555720611	0.0321558829	0.089533037	0.0232717957999568	0.0171939075815572	0.0002956304579231	0.0005415764797548	-0.0672189801581595	-0.02650191690185	0.0007023515994725	0.004518391293503	-0.0302205865749982	0.0549181531180239	0.0030160035418947	0.0009132838529369	4.308020428532997e-05	0.0002135521443099	1.855904001265763e-09	4.560451833936915e-08	0.0004209915729542	0.0001669724741749	1.772339044984515e-07	2.7879807132121036e-08	-0.0003810089744748	-0.0001600309387098	2.560990134433977e-08	1.451678386303388e-07
764.6191377149854	-0.3050522639694009	584642.4257600078	0.093056883752857	974.4371371052482	3.610941041599631	949527.7341698722	13.038895205908627	776.9228381365986	-0.6897465703007128	0.4757503312415962	603609.0964182273	799.6009616169551	698.3222952132185	1.017856	29.134422	0.0879842858012894	0.0527219844062204	-0.0633956102	-0.0336184893	0.0004267934	-0.023924068	-0.0321309873	-0.0667250971	0.0301716144	0.0487336702	-0.0364942007	-0.0522239626	0.0079121601	-0.0691526299	0.0909112447	0.0144956643	0.0558641859	0.0518626809	0.0178062993	0.044944848	-0.0414333682	0.069981874	0.0269174189	0.0913373624	-0.1032558557	-0.0830314477	-0.003998214	0.0185167358	0.0184679209	-0.0171936386	0.0192471271	-0.0283149153	0.0140824456	-0.0512107893	0.0110494018	-0.0464439785	0.0555939451	0.0320458236	8.07314e-05	0.0702013563	-0.0388659385	-0.0756365113	-0.0107629069	0.1308282896	-0.1370531874	-0.0775661237	0.0063842247	0.0295070793	0.1093670806	-0.13623681	-0.0078515773	0.0527963825	-0.0274468695	-0.0105423047	0.0028148339	-0.0822757807	0.0749601294	0.0145772327	0.096452884	-0.0651305668	0.0046695886	-0.0051393805	-0.0128077693	0.044152401	-0.0654326936	-0.0847904851	0.1161567576	0.0524012475	-0.0399321071	-0.0270681769	-0.0988323107	-0.0405388642	-0.0187871895	0.0601762829	0.1289088672	0.0253887733	0.0145381041	-0.0289016975	-0.0520232845	-0.0600595145	0.0587502465	0.1718355037	-0.0116733407	0.0750960373	0.024969976	0.0001977438	-0.0503737557	0.0217026253	-0.0244339873	-0.0576560697	-0.0388199338	0.0171900996	-0.0601056738	0.0583682394	0.0303161548	0.0519416405	0.0326048558	-0.0807201786	0.0895893488	-0.0383436895	-0.053885607	-0.0914036824	0.051106639	0.0066546191	0.0088137557	-0.0181417025	0.039995084	0.0388990183	-0.0473848435	-0.0234241544	0.0095537728	0.0895100131	0.0160804605	-0.0131652889	0.0809010965	-0.0593965103	0.0939344259	0.0022607975	0.0955931164	-0.0509858159	-0.1062061929	0.0146948821	-0.0587857219	0.0528264202	-0.0100638339	-0.0817127504	0.0418445095	-0.0757027375	-0.0230844564	-0.0009785927	0.0572181521	0.0230276389	-0.0838093851	0.0691933851	0.057469879	-0.110965078	-0.0681770699	0.0177997527	0.0268932824	0.0459964002	-0.0417483226	-0.0355647616	0.0019933265	-0.0780348885	-0.071412661	0.1001976563	-0.143646625	-0.1096272831	0.0031572929	-0.0445020795	0.0418666776	0.0042315301	-0.073897769	0.0158549222	0.0128072165	0.1285148903	0.0861806747	-0.0908974937	0.0405327715	-0.0412064495	-0.1010653672	-0.097297051	0.0185921116	0.0069550066	-0.0236354723	-0.0011397928	0.1046519235	-0.009768061	0.0644591999	0.0347662702	-0.0067647526	0.0265571819	-0.01812561	-0.1108404815	-0.0030371649	0.0997003783	-0.1037869988	-0.0244464608	0.0897288349	0.019778848	-0.0171450308	0.0453969564	-0.0363780401	0.0231196556	0.0399893442	-0.0587311472	-0.0564368239	0.0976041817	-0.0345487053	0.0078814498	0.0353132072	-0.1009299675	0.0685920726	-0.009388163	0.0178994902	-0.061636566	0.0894106635	0.101692806	0.0341845585	0.001202754	0.0982774072	-0.0554213296	0.0471869279	-0.042504596	-0.0911287655	-0.0517055788	0.037674825	0.0906543325	0.0092067903690775	-0.0140650054308793	0.0001978243777706	8.476498890013823e-05	-0.037871921884431	0.0293470582737285	0.0008612498293216	0.0014342824672204	-0.0716931556145255	-0.0414725690395273	0.0017199739827383	0.0051399085619685	5.407048879271583e-05	1.099028450738586e-05	2.923617758283208e-09	1.2078635355328564e-10	0.0003699897868674	-5.100178608679999e-05	1.368924423861841e-07	2.601182184043705e-09	-0.0003810099650237	-9.905489000111391e-10	9.811871233132782e-19	1.4516859344736114e-07
764.9207086674375	0.3015709524520389	585103.6905482947	0.0909450393628299	975.4183452779596	0.9812081727113764	951440.9483047927	0.9627694781955982	778.1849656205278	1.2621274839292482	1.5929657856895747	605571.8407178221	799.9500335883205	691.9868386352366	0.983474	28.150282	0.1118817929810811	0.0614746197808682	-0.0394698383	-0.0262083915	-0.0520779211	-0.0070845812	-0.0087200096	-0.0069179772	0.0156355977	-0.0384476581	0.0561040732	0.0586927561	0.0639703582	0.0002314448	0.0100706418	-0.0528930311	0.0543938442	-0.0048640643	-0.0353007875	-0.0440054944	-0.0645644363	0.0007753998	0.0090960915	0.0251835203	0.0014683345	-0.0488082866	-0.0500699899	0.0140283847	0.0227951472	-0.0462051005	0.0411359252	-0.0304578059	0.0901411243	0.0316682746	-0.0317922615	-0.0540044964	0.0347713284	0.0488757702	-0.1538366649	0.0301784691	-0.0103130212	0.0482939009	-0.1110649303	-0.0003423146	0.0218006107	-0.0090465087	0.0118360105	-0.0483281164	-0.0694146402	0.0202020699	0.0364444253	-0.1367543059	0.156091788	0.0473735737	-0.0306529729	0.0029700458	-0.0664140963	-0.0485270893	-0.0588376452	0.0042064114	0.0058619925	-0.0699019187	-0.0643986696	-0.1017686645	-0.0215461161	0.0034794045	-0.0191478701	-0.0371674045	0.0170751967	-0.1112726221	0.0520637626	0.1124998169	0.0264245062	0.1000174387	0.0200681833	0.0215265848	-0.006212644	0.0055765323	-0.0202310048	0.0414946552	0.1600533358	0.0542993962	0.0796369637	-0.0803478096	0.0420679129	-0.0130541896	0.0861960051	-0.0251500106	-0.1220492637	-0.0530908434	-0.1274627573	-0.0414858381	0.0076086437	-0.0841473058	0.0410730704	-0.0302916415	0.0799163599	-0.0336134707	0.0954315767	-0.0061924689	0.002106247	-0.0176639777	0.0270327101	-0.144310705	0.0855932457	-0.0389241914	0.0146861611	-0.039205502	0.0195732603	-0.0446314648	-0.0469518009	0.0101177593	-0.0162305701	0.0593780139	0.0194772522	-0.0386655236	-0.0124433036	-0.0945763334	0.0337185964	0.0533174415	-0.0905955655	0.0739612387	-0.0046887282	0.0094334164	-0.0270887112	0.0452918538	-0.0172201749	-0.0261815902	0.0546161642	-0.0328630229	-0.0316796535	-0.064795041	0.0121358087	-0.0738302368	-0.0578486213	0.1418884194	-0.034624309	0.0225185751	0.0658179006	-0.0303713104	-0.0262197005	-0.027952157	-0.0119563994	0.0694291234	0.0693735902	-0.1258239272	0.0359780105	0.0399778305	0.0310441229	0.0110605093	0.0330837049	0.0540536545	0.092456655	0.0547470775	0.1265078862	0.0238319178	0.0999625906	-0.0427356207	0.1040807324	0.0781954273	-0.1362797771	-0.0222578453	0.0833087655	-0.0723919548	-0.0235433054	-0.0160840935	0.0114957916	0.0786480837	-0.0592013496	0.0244299255	-0.0646101677	0.0573149765	0.1577042007	-0.0140103392	0.0883606447	0.0458209758	0.073869988	-0.1164230352	0.0068468928	-0.0645844085	-0.0149027196	0.0436217756	0.0487514729	-0.0338066338	-0.0475048815	-0.0345166766	-0.0798153674	0.0400326299	-0.0684909199	-0.0855324299	-0.0257257035	-0.004248502	-0.0195182284	-0.0902886632	-0.0127094411	-0.0188309361	0.0159487717	-0.0418766295	0.0357472681	-0.0577607078	-0.0112420901	0.0444703583	0.0461599916	-0.0446048127	-0.0912694965	-0.047697375	0.0430324377	0.0912167139	0.0219171649854104	0.0127103746163328	0.0001615536228875	0.0004803621209976	-0.0824269294297579	-0.0445550075453269	0.0019851486973641	0.0067941986952182	-0.0332571528580984	0.038436002756427	0.001477326307892	0.0011060382162269	0.0003590670605815	0.0003049965717887	1.289291539946386e-07	9.302290880291097e-08	0.0003519312561444	-1.8058530722999997e-05	1.2385560905137528e-07	3.261105318735347e-10	-0.0003815630237718	-5.530587480999513e-07	3.0587397884988543e-13	1.455903411098792e-07
765.4081497871861	0.4874411197486097	585849.6357606434	0.2375988452217784	976.1285073973916	0.7101621194319705	952826.8629538596	0.5043302358761084	778.5042535821955	0.3192879616676691	0.1019448024658949	606068.8728455714	800.3564379243668	697.0684249272765	0.96879	27.729986	0.1093762855475239	0.0578877906690251	-0.0672600262	-0.0454843653	-0.0058944331	0.0088335969	-0.0216574944	-0.0902290334	-0.0192932131	0.0633619182	-0.0398691576	0.0074146206	0.0460186889	-0.0919210795	0.0441122733	0.0192421453	0.0280761328	0.0270877524	0.0225102642	0.0220112956	-0.0223136695	0.0095930035	-0.0303922002	0.0174986578	-0.050393201	-0.0472011943	-0.0054250252	-0.0120298738	-0.0038813702	0.0382622004	0.0774851048	-0.0314671486	-0.0001375552	0.0526851374	-0.0038280097	0.0417266517	0.0162029048	-0.1349243212	-0.0205968674	0.0279248673	-0.0094535764	-0.0355861735	0.120837403	-0.01624731	-0.0170071105	-0.0232882513	0.0377187231	-0.0897748298	0.0437732934	0.0892798058	-0.0353206956	-0.0748284164	-0.0266651878	0.0857940155	0.0104651275	0.0071362204	-0.0404805289	-0.0689614048	0.0832119735	0.0047744501	-0.0252947655	0.0135474435	0.0263082399	-0.0466684645	0.1286602204	0.0402335353	0.0092030793	-0.0425768548	-0.0512552874	-0.0796273061	-0.0273507609	-0.0146835513	-0.046039096	0.0873125898	-0.0459360961	-0.0898453512	-0.0286318877	0.0338121056	0.0893277274	-0.0335313772	0.0145819834	0.0289578145	-0.0577340393	-0.0219433968	0.0321833447	0.1234261986	-0.0650567906	0.0820505616	0.0494662213	0.0467016247	-0.008549734	0.0507844323	0.0193302448	0.0395691191	0.0327131469	-0.0005536912	0.1140085104	0.0930174915	0.0826129344	0.0078854557	-0.0193317258	0.0756896772	0.0892793681	-0.0429481584	0.0423033786	-0.0728308171	0.0487817953	0.0475151133	-0.0318022717	-0.0313020664	0.039423384	0.030358259	0.0096715706	0.0483545254	-0.0188019359	-0.0900697082	0.030945155	-0.0076297787	-0.0758232909	-0.0482724238	0.0271587158	-0.1222546328	0.0234131196	0.0255697026	0.0161490729	-0.0080265493	-0.0241491878	0.0132403316	-0.0068485919	-0.0370926705	-0.0778184456	-0.0635421659	-0.0814338957	-0.0350816443	-0.0346376988	0.0172184571	-0.0056360665	-0.0175021989	-0.0271247079	-0.0595446098	-0.0925731291	0.045117252	-0.0495444673	-0.0216892838	0.0375678495	0.0366274896	-0.025386122	-0.0029220223	0.0029433647	0.0748357343	-0.062422576	-0.0425819092	0.0306180565	-0.0289840242	-0.0525622141	-0.0035907285	0.0105938229	-0.0530909811	0.0823946547	0.1124882547	-0.0670092448	-0.1026594743	-0.0565236862	0.0552413533	0.1180858017	-0.0478256624	-0.0501572026	-0.0422892521	-0.0251484597	-0.1016651177	0.0613419747	0.0937523475	-0.0669479142	-0.0413221136	0.0658672545	-0.0725351596	-0.0232505124	-0.0478274936	0.0885787088	0.0117381158	-0.032049571	0.0573425845	-0.0270895708	0.025152493	0.0491041585	-0.0495300957	-0.0448666716	0.0668455942	-0.0427263227	-0.0201853614	0.0586589865	0.0104267196	0.0187760723	-0.1371801137	0.022141882	-0.1650969806	0.052599631	-0.0383468678	0.00345328	0.0382679814	-0.0066463855	-0.0318620573	0.0451251461	-0.0466744595	-0.0912694965	-0.0435584361	0.0482057789	0.0912167139	0.0069869448129935	-0.0149302201724168	0.0002229114743968	4.881739781981677e-05	-0.0398030301710292	0.0426238992587287	0.0018167967880182	0.0015842812107958	-0.0630712587168886	-0.0298141058587901	0.0008888809081591	0.0039779836761326	-8.043294699136292e-05	-0.0004395000075728	6.4694589617153985e-09	1.9316025665654659e-07	0.0003520154017968	8.414565239999328e-08	1.2391484310216254e-07	7.080490817820496e-15	-0.0003809859718453	5.770519264999699e-07	3.3298892587732673e-13	1.4515031074290773e-07
765.9991475946033	0.5909978074172386	586754.6941156589	0.3492784083719835	976.4219000122764	0.2933926148848513	953399.726823584	0.0860792264689707	777.9422193189283	-0.5620342632671509	0.3158825130862491	605194.0965988595	799.9091783744057	692.4819874912079	0.990663	28.356045	0.1001089229730376	0.0516496036417675	-0.0449160366	-0.0639167669	-0.0420956754	-0.0191103811	0.0273643714	-0.0123992923	0.0183844031	-0.0595899665	0.0780368338	0.0340912549	0.0533795837	-0.0422990469	0.007591935	-0.0565304496	0.0535484539	-0.0120644281	-0.0552665121	0.0062532378	-0.0584533901	-0.0137569518	-0.0080705364	0.0282920813	-0.0016684627	-0.1710579946	-0.0329868021	-0.0283044536	0.0545292124	0.0032246279	0.0110099665	-0.0181712148	0.0096588726	0.0485683838	-0.0833383307	-0.0470115217	0.0537093676	0.0412802021	0.0055650309	-0.0138565553	0.0486896367	-0.0328993201	0.0321488662	-0.129655451	0.0391946977	0.0382657664	-0.0432607896	-0.1353568691	-0.1395059618	0.0155423019	-0.0313598326	-0.0517693122	-0.0092511521	-0.0067882944	0.0452680371	-0.0045107577	-0.0613267425	0.0637301803	0.088901225	-0.0608289106	0.0172927674	0.0922394504	0.0132689571	-0.081316343	0.206226684	-0.0165698354	0.0228335497	0.0439372563	-0.0788303157	-0.0695279343	-0.053026105	-0.0198206511	-0.1147058603	0.1234496993	-0.132538269	0.0071473391	-0.0332620867	0.0622011409	-0.0405957773	0.0360814208	0.0420882675	0.03733628	-0.0549644861	-0.0207633755	0.0314890303	-0.0865216155	0.0549436062	-0.0400977769	-0.084055964	-0.0300807143	0.0099057893	-0.0116344497	-0.0578555301	0.0606143332	0.063193368	0.0053861853	0.081949402	-0.0579604991	-0.0525846211	-0.0731008333	0.0159436529	0.0264834997	-0.023444415	0.056116979	0.069105855	-0.0343774543	-0.0055397408	-0.019785087	-0.0033263659	-0.0840197944	-0.0097651453	0.0283434315	-0.0915274941	0.0290245753	0.096096583	-0.0274517407	-0.0447094674	0.008003944	-0.0015314571	0.0059055815	0.0067781701	-0.1184959536	-0.0302140383	-0.0489645767	0.0620076739	-0.0288403619	-0.0022664878	0.0785173713	0.0655920557	-0.0843089854	-0.0593435463	-0.0524471435	0.0784071982	-0.0152428422	0.0266035774	0.1617796623	0.0920803679	-0.0819189685	0.0170108729	-0.0357187509	-0.1334066736	-0.0249759983	-0.0061313617	-0.0491248261	-0.0005481835	-0.0331952432	0.0846106562	-0.1090470765	0.0724374131	-0.0718208679	-0.0024635597	0.0869326309	-0.0766071807	-0.032230412	-0.0691464777	-0.0005137859	0.0284220007	-0.0502072946	0.0953375857	-0.0640108847	-0.0248421465	0.1072091769	0.0425186995	0.0096103227	-0.0769451277	0.0483743354	0.0346624537	-0.0282816703	-0.1056706912	0.0346418717	0.1392158525	-0.0420261474	0.1833005196	0.0258788304	0.035993195	0.0468173352	0.0713581841	-0.0671747459	0.0159667425	-0.0604841004	-0.0294372098	0.0436681884	0.0678399045	-0.0513116206	0.0039472744	-0.0250049636	-0.0756209215	0.0596139856	-0.0227236615	-0.1196583816	-0.0251191677	-0.0799162603	0.0381041777	-0.1156350374	-0.0158687792	-0.0769354485	0.0457846126	-0.0145830569	0.0209580008	-0.0247302088	0.0046195326	0.0833671579	0.0440825686	-0.0487121179	-0.0911287655	-0.0393001065	0.0531726956	0.0906543325	0.0213526487092821	0.0143657038962886	0.0002063734484358	0.000455935606902	-0.0782288233993	-0.0384257932282708	0.0014765415852218	0.0061197488104388	-0.0468271637663235	0.016244094950565	0.0002638706207629	0.002192783266398	0.000436048577362	0.0005164815243533	1.9013836181942408e-07	2.6675316499837335e-07	0.0003519397588067	-7.56429901000084e-08	1.238615938289182e-07	5.721861951269967e-15	-0.0002760765212305	0.0001049094506148	1.1005992828299164e-08	7.621824557473471e-08
765.3746741325505	-0.6244734620528334	585798.3918035078	0.3899671048082515	977.3901318636808	0.9682318514044256	955291.4698645034	0.9374729180740414	778.2848012654989	0.3425819465705899	0.1173623901160945	605727.2318808772	801.0863106165481	703.1246453412193	1.03192	29.536957	0.1081515774191561	0.0540605311949631	-0.0881651401	-0.0276706533	0.0561980482	-0.0378925589	-0.0250116638	-0.0396546017	0.0214529549	0.0656373364	-0.0821605132	-0.0807926294	-0.0417127169	-0.0929021143	0.0748572977	0.0401312567	-0.0414991542	0.0718310652	-0.0259212238	-0.0273746221	0.0134989106	0.0223116683	0.0464534734	-0.009385579	0.0250977529	-0.0427370959	-0.1110810705	0.0364142216	-0.129600158	-0.1046185274	0.0210223799	-0.0141850305	-0.0680093481	0.0751860001	0.0209481946	0.0574662522	-0.0506230557	0.0734670976	0.033838276	-0.0472945572	-0.0273624369	0.049039536	0.115664197	-0.0546936334	0.0170922657	-0.0461748898	0.0389874343	-0.0514874481	0.2159190247	-0.0168817112	0.1077425248	-0.1480330189	-0.0105383319	-0.0520575755	-0.0256154491	0.0961513369	0.0370801364	-0.0548088049	-0.0393850137	0.0033427012	0.0177616503	-0.0025056531	0.005620127	-0.0730806814	-0.054597331	0.0665731958	-0.0813600229	-0.0102350977	0.0069460779	0.017173148	-0.1086165594	0.0561798866	0.0542872535	-0.0125860476	-0.0315990464	-0.0077879235	-0.0411471171	0.0797238455	-0.0518769917	0.0535750917	0.1037987494	-0.1457940552	-0.0238329643	0.0148641756	0.0931915169	0.0901092894	0.0359440434	-0.034413937	-0.0386726778	-0.0455603039	0.0157446897	-0.0201723483	-0.0365710817	-0.0026524463	0.0917601008	0.1208119962	0.032419252	-0.0497633217	0.1338621723	0.0022985331	-0.0281671292	-0.0118321201	0.064387161	0.0575875118	-0.0294585387	-0.0287063779	0.055094165	0.0479936969	-0.0924853479	-0.0621664661	0.0633219537	-0.009548956	-0.0384079106	-0.005625374	-0.0597679525	0.0110071372	-0.0516749566	-0.0181243222	-0.0298644287	0.0222060278	0.0264334399	-0.0377833593	-0.1066860046	0.0416785326	0.027624385	-0.0611474667	0.0750155617	-0.0078330964	-0.080801964	-0.0953536845	-0.0711327043	-0.0687008215	0.0623483023	-0.1844524109	-0.0748537694	-0.0580294888	-0.0795546959	-0.0300658286	-0.1381348866	-0.0379904897	-0.0067266686	-0.0275123153	0.0005222571	0.0385756082	-0.0688963486	0.0704929568	-0.0422527185	0.1574537686	0.0257873341	-0.0330898282	-0.0804220322	-0.1291032902	0.0313874101	0.0116300228	0.0529746636	-0.0672923516	0.0491776987	0.0358033125	0.0176896023	0.0654716854	-0.0929337263	-0.034516684	-0.1110927659	-0.1369771436	-0.1103952477	-0.0708542822	0.0165388267	0.0099022647	0.0004066111	0.0996108343	-0.0149876836	0.0173106293	0.0212487886	-0.0303984035	0.004748336	0.0412364725	-0.0708613752	0.0332983109	0.0979757175	0.0204423213	0.0029596798	0.0462069625	-0.0110571615	-0.0067229907	0.1011790813	-0.0418280744	-0.0564226214	0.0395535282	-0.0232566339	-0.0075548278	0.0100763314	0.0036411358	0.0070688469	-0.1730237329	0.0153075732	-0.125950002	0.0417330791	-0.0335185265	-0.1049732324	0.0521855483	-0.0731387493	0.0185755781	0.0430324377	-0.0507163915	-0.0908475206	-0.034934058	0.0579119187	0.089533037	0.0072059660611927	-0.0141466826480894	0.0002001286299457	5.192594687506103e-05	-0.0428410554599594	0.0353877679393406	0.0012522941197286	0.0018353560329233	-0.0809460477007775	-0.0341188839344539	0.0011640982409327	0.0065522626383765	5.1067060013057855e-05	-0.0003849815173489	2.6078446183772527e-09	1.4821076870029381e-07	0.0003519903960056	5.0637198900009394e-08	1.238972388801791e-07	2.564125912439112e-15	-0.0003810092246281	-0.0001049327033976	1.1010872242328696e-08	1.4516802925170597e-07
765.1837593765739	-0.1909147559765642	585506.1856136665	0.036448444049591	979.564093546434	2.173961682753202	959545.813365447	4.726109398079132	777.6929093552782	-0.5918919102207383	0.3503360333847545	604806.2612614769	801.101565822287	699.3300029981575	1.020175	29.200794	0.1125222813409782	0.0622665388490193	-0.0362205396	0.0119334615	-0.0036396288	-0.0547152295	0.0283951641	-0.1256376096	0.0212750058	-0.0146846858	0.1065642839	0.0007550381	-0.028953697	0.0381133097	0.0457036551	-0.0733643974	0.0459107094	0.0834752842	-0.0406274758	-0.0231877071	-0.0504128352	-0.090942003	-0.0107233603	-0.1018082468	-0.0147836148	-0.0714359895	0.0296398718	-0.0571009031	-0.0302257434	0.0158589845	-0.0200920488	-0.0622973797	0.013065745	0.1014669164	-0.0701419123	-0.0675802825	0.0104341793	0.0285579291	0.0820166936	-0.080677678	-0.0345028086	-0.0552817423	0.0834326383	0.0855396906	-0.0068033933	0.0201928436	0.0667554856	-0.0870421472	-0.019897121	0.0279623527	-0.0512199122	0.0209897077	-0.0806127816	-0.0867444348	0.1435853029	-0.0053753909	0.0819738083	0.006565789	-0.0566520847	0.0690579987	0.0082920123	-0.064840387	0.0203976822	-0.0213113319	0.1573058002	-0.0112845502	0.0925422464	-0.0146585004	-0.0002181825	0.0180404048	0.0625243554	0.0581185136	0.041110501	-0.0099287093	-0.0861609239	-0.1125086592	-0.0233890329	9.43874e-05	0.0678953878	0.0202463152	-0.0625310472	0.0223543765	0.0397713425	0.0621072148	-0.0330659652	-0.080505603	0.0947317173	0.0777192107	0.0222908173	-0.0743186419	0.0184724685	-0.1475843218	-0.0043284509	0.1217099081	0.0732746496	0.1212380704	-0.0542303806	-0.0197791738	0.0418398066	-0.0269853341	-0.0184027534	0.0722974969	0.0389000653	0.0059414281	-0.0063900193	0.0406947635	0.0547335551	-0.0246542158	-0.0356526072	-0.133065446	-0.0811993487	0.0866856664	-0.0383575027	0.007180871	-0.0143246238	-0.0825971337	-0.0491866474	0.0700001055	0.0652176048	0.0214565925	0.0605502857	-0.0168422568	0.0404158228	0.0086839104	0.1145393185	0.023969014	0.0211257126	0.0257463534	0.0022211531	0.023380192	-0.0712752894	0.0289220883	0.105082493	0.0112672674	0.0629585702	-0.1061340662	-0.0523755752	-0.0029554424	-0.0169896673	-0.0485472896	-0.1677349102	0.0198762528	0.0698677329	-0.0950843138	0.0122278974	-0.0134516742	-0.0350755052	-0.0552800044	0.0615354201	0.132881882	-0.130087138	0.0791389553	-0.0044448234	-0.0183328821	0.0790871106	-0.0147106831	0.0223783573	-0.0889128701	0.0619161925	0.0221677592	0.157264129	0.0588836143	-0.0702982453	-0.1090719903	-0.0193354894	-0.0622735217	-0.0300242715	0.0131213407	0.130522117	0.1703970217	0.0523470979	-0.078567527	0.0148523171	-0.0303649811	-0.0696103595	0.0207935373	0.0054885254	-0.039095221	0.0235104921	-0.0469373452	-0.0560405822	-0.0044971311	0.0327886196	-0.0422936203	0.0273023726	0.0180797609	-0.023087267	0.0899592979	-0.0149298728	-0.0942801022	-0.0101950255	-0.0402332815	0.0094244128	0.0382904678	-0.0613638801	-0.013226743	0.0146555851	-0.0795326048	0.0339446085	-0.0067999152	0.0732572773	0.0190583518	0.0419749335	-0.0526859066	-0.0904261954	-0.0304722578	0.062403154	0.0878597406	0.0247093873879151	0.0175034213267223	0.0003063697581407	0.000610553825086	-0.0864398078131074	-0.0435987523531479	0.0019008512067511	0.0074718403747669	-0.0405276354215118	0.0404184122792657	0.0016336480511766	0.0016424892328589	0.0002000535306466	0.0001489864706335	4.002141512417012e-08	2.2196968431839317e-08	0.0002809618127825	-7.102858322310002e-05	7.893954024202856e-08	5.045059634680846e-09	-0.0003810280784083	-1.8853780199979808e-08	3.5546502782915063e-16	1.451823965355216e-07
764.1641988501343	-1.0195605264395908	583946.9228042676	1.0395036670737756	975.086328939958	-4.4777646064760575	950793.348885604	20.05037587100968	777.232568483095	-0.4603408721832238	0.2119137186024112	604090.4655108289	799.7591742737544	700.5246490608193	0.9828420000000002	28.132177	0.0967101683613801	0.0548736481131884	-0.0436231554	0.0238835204	0.0257645694	-0.0731009851	0.0413727597	-0.0313124693	0.0422814425	0.0163616472	-0.06607194	-0.0549857314	-0.0470209415	-0.0430583876	0.0614281609	0.0071403939	-0.06700045	0.0132544537	-0.0999706478	-0.0711743136	0.0045726672	-0.0501633784	0.0433850894	0.0466532863	0.0568453	0.084931274	-0.045759538	-0.0261806799	-0.0737836515	-0.1184963761	-0.0231793951	-0.0546625771	-0.0467712945	-0.0106268205	-0.0204528084	-0.0351028097	0.0302569699	0.0229465812	-0.0287215553	0.0947968472	0.0525086502	-0.0882901822	-0.0061407245	0.1016237663	0.0252557972	-0.0092448989	-0.0749563178	-0.019610712	-0.034277801	-0.0329734494	0.0178645903	-0.0443815946	-0.0112477601	0.0980916616	0.040453539	0.0461733988	-0.006188114	-0.0220848675	-0.0750675766	-0.1005144376	0.0171837252	0.0057401894	0.0625689104	-0.1637714256	-0.0459721649	-0.0616736241	-0.0700915611	0.0161684985	0.0432802764	-0.0161113737	-0.0487413515	-0.0654540924	-0.016418579	0.0348786603	0.0920593721	0.0377672422	-0.0522485261	-0.1128602119	0.0257019324	0.0620739664	-0.0426419761	-0.049022818	0.0924108969	-0.0492336472	-0.0617777402	0.0092416911	-0.0254290891	0.0322468213	-0.0637626106	-0.1349683596	0.0463219461	0.0228932459	0.1138062107	0.0552613684	0.1115852023	-0.0150248228	-0.036046635	0.0594545458	-0.0617189726	-0.004285146	-0.0862606091	0.135395268	0.0654225232	-0.0938203932	-0.0232985902	0.0171395145	0.0305802053	-0.0077710341	-0.0705891506	-0.0431287713	0.1278856774	0.0013917209	0.0131142928	-0.013428995	-0.028171057	-0.0087463114	0.0313335622	-0.0302026548	-0.0154550881	0.0415873049	-0.1176727104	0.0267877769	-0.0369962903	-0.0174210569	-0.0163937301	-0.0021163616	-0.058418696	-0.0392615048	0.0083165019	0.0753090239	0.0179362904	0.0091568448	0.0791121823	-0.1421423196	-0.0143084455	0.0103486269	0.0739707332	0.0537302307	0.0272523959	-0.009241624	-0.0032412164	-0.0742501308	-0.0262120184	0.0745215071	-0.0418666362	0.0627445491	-0.0370348149	0.0400557301	0.0003248239	0.0706587121	-0.0010590064	-0.0425411376	-0.021164533	-0.009154896	-0.1539189672	0.0464623201	0.0052511797	0.0172176217	0.014509846	0.0505062088	-0.0159899734	0.0394703119	0.0887730302	0.0985447335	0.0787255033	0.0411442253	-0.0186742564	0.0192158567	0.0436418144	0.0660141521	-0.0511487597	0.0362794	0.1598239942	-0.149479334	0.0792767436	-0.0583879127	0.079496734	0.0491333957	0.0290921469	-0.0111713228	0.0108731501	0.0120210857	0.005464521	-0.0401998356	0.1113954285	0.0015508024	0.0090393051	0.1485107313	-0.0945907642	0.0255802552	0.07697953	-0.0184740644	-0.038086089	0.0068496702	0.1032790934	-0.0939673639	-0.0903112341	0.0038220131	0.0346565924	-0.0304540515	0.0756523047	0.1641994549	0.0409102371	-0.0546193134	-0.0898654396	-0.0259269352	0.0666271694	0.0856447597	0.0263843119561499	0.0016749245682348	2.805372309276533e-06	0.0006961319173994	-0.0615814959605103	0.024858311852597	0.0006179356681609	0.0037922806447343	-0.05775500053889	-0.0172273651173782	0.0002967821088874	0.0033356400872471	0.000345879660045	0.0001458261293984	1.1963273923284478e-07	2.12652600153189e-08	-0.0006320658935436	-0.0009130277063261	3.995072937810695e-07	8.336195925190991e-07	-0.0003808905776694	1.3750073889998596e-07	1.8906453198042107e-14	1.4507763215732926e-07
763.9934181324766	-0.1707807176577489	583685.9429497452	0.0291660535236957	978.9287372935902	3.8424083536322087	958301.472699223	14.76410195606258	779.0445154550913	1.811946971996349	3.283151829326738	606910.3570606579	802.2405673788891	696.2908119871663	0.998915	28.592247	0.1281149300302193	0.0659649841312263	-0.0319633884	0.0773490736	-0.0022485335	-0.0515699723	-0.0096633393	-0.0488945165	-0.0168139686	0.0762636248	0.143916224	0.0452765176	-0.0478261353	0.0612914075	0.0596012442	-0.0978254998	0.0599373389	0.0710950498	-0.0392697771	-0.0522726966	-0.0244231681	-0.1280705663	-0.0178077337	-0.0982134882	0.0117335419	-0.0477917402	-0.0458104954	0.0339298615	0.0103748275	0.0476007386	0.0255787834	-0.0433391987	0.0602804804	0.0379146358	-0.046569315	-0.0237169064	-0.0805291311	0.0527571007	-0.0878260241	-0.0326238071	-0.0444036052	0.0030133189	0.0560151802	-0.0219531733	-0.0215917519	0.0113733397	0.1458543534	0.0852286224	-0.1328929373	-0.0829473058	0.0396846289	-0.0276792957	-0.023253416	-0.0406526989	0.0753726552	-0.0089407976	0.0640805434	0.0616252899	-0.0087851484	0.0554030851	-0.0109425327	-0.0522983801	-0.0060614383	-0.0315312689	-0.0309343334	0.0133802872	-0.0148217101	-0.0129504435	-0.007444166	0.0249285694	0.0184058122	-0.161741839	-0.1461323832	-0.1062416805	0.0004834204	0.0597010483	-0.0737246214	0.1870254285	-0.0542546289	0.0482966447	-0.0987168488	-0.0146443298	-0.0224764678	-0.0011316661	-0.126631126	0.0547927408	-0.01119975	0.0187430426	-0.0082565132	0.0433132003	0.0399930207	0.021429419	-0.0442721743	0.0210546569	-0.0728343802	0.0459320083	-0.0040128493	0.0011078065	0.0005148778	0.1349304115	-0.0164890406	-0.0351219851	-0.0114101207	-0.0226508405	-0.021287334	0.0112472986	0.070036053	-0.0444332525	-0.0325017133	-0.0262185558	-0.1264043247	0.0333050309	-0.0092643824	0.0114901098	-0.1076126301	-0.0679682853	-0.0646938431	-0.0467292166	0.0609427182	0.0263906566	0.0100058421	-0.0205679202	-0.039748859	0.0937533213	0.0068292017	-0.038073697	0.0134243816	0.055288873	-0.0308466006	0.0739880073	0.1108449439	0.1091541355	0.0739372454	-0.036179739	0.1685594042	-0.0564596264	0.0075500858	-0.028077031	0.1061966103	-0.0314713905	-0.0393458303	0.044990481	0.001375288	0.0097950529	-0.0144474394	0.0250538087	0.0275637877	-0.067292829	0.0550651319	-0.0492590443	0.005006466	-0.0885809854	0.0776665296	-0.008814227	0.0801375324	-0.0884205509	0.0257649521	-0.0345285035	-0.0740650366	-0.0683977493	-0.0323859668	0.0856909601	-0.0761111295	-0.0213985305	0.0002527552	-0.1021618481	0.0513816695	0.0080935443	-0.1093032039	-0.008091837	0.0092014501	0.0716877495	-0.1205047676	-0.071312485	-0.0348668551	-0.0518565149	0.0231681264	0.0879573182	0.0231433266	-0.075881046	-0.0135752232	-0.0331313268	-0.0038422161	-0.0635121072	0.0060598717	0.0249077872	-0.0111761915	0.0614297672	-0.0275432741	-0.0059190254	-0.0168811109	0.0472304667	-0.0274860187	0.0703162518	-0.0452956749	0.0330980542	0.0374889382	0.0387059222	0.0378029096	0.0068166005	0.0154927356	-0.0514606045	0.0398385309	-0.0565152869	-0.0891661178	-0.0213105486	0.0705658771	0.0829017503	0.0203469857643341	-0.0060373261918157	3.644930754638505e-05	0.000413999829694	-0.0971145923805636	-0.0355330964200532	0.0012626009411968	0.009431244053243	-0.0360098824270664	0.0217451181118236	0.0004728501616971	0.0012967116324111	3.406705693216749e-05	-0.0003118126031128	1.1605643680195406e-09	9.722709946000083e-08	0.0003519936345139	0.0009840595280575	1.2389951873830506e-07	9.6837315476075e-07	-0.0003810062326296	-1.1565496020002905e-07	1.3376069818870304e-14	1.4516574930260089e-07
762.9956281227305	-0.9977900097460406	582162.3285344001	0.9955849035490038	971.5949349836868	-7.333802309903376	943996.7176859546	53.7846563207441	777.8843005297779	-1.1602149253134255	1.3460986729200382	605103.9850107018	800.1115916614523	695.8910841847277	1.035288	29.633362	0.069400467986128	0.0400849957379782	-0.0476335544	0.0975559133	0.0372196118	-0.0504505318	0.0488411233	0.1149299372	-0.0012035465	0.1335576493	-0.1212254783	-0.0390830962	-0.0567828282	-0.0419823891	0.0352725997	0.0154066232	-0.1325491922	-0.0441075767	-0.0957553294	-0.0018957107	-0.0233989821	-0.00514544	0.0449477974	0.1024702988	0.0025670503	0.0438967538	-0.0250507864	-0.0674600554	0.1897393439	-0.0751003954	-0.0063805667	-0.0261905757	0.012232895	0.0138396815	-0.0413592905	0.0485526971	-0.0024331312	-0.0721764364	0.0045330444	-0.0247300452	-0.0260721505	-0.0299636614	0.0500215358	0.0884414051	-0.0008079534	-0.0931871187	0.1147326291	0.0601427498	0.1668187187	-0.0283979516	-0.0176653589	0.0548277732	0.0681671539	-0.0099967945	0.0144947019	0.0737810738	-0.024257689	0.0242298509	0.0067878515	0.1120894963	-0.0147562378	0.0635798809	0.0230539146	0.018954241	-0.0394469734	0.0432742353	-0.1504924222	-0.1147258317	0.0235327797	0.0191043984	0.0545742626	-0.0094799864	-0.0051075587	-0.0157573242	-0.0701891326	0.0695802849	0.1408386302	-0.0932472991	-0.0641611738	0.1017034161	0.0482823624	0.113996425	-0.1090073016	-0.0282378309	-0.0250984457	0.0632658666	-0.0342974283	0.0306271899	-0.0102860483	-0.0238337871	0.0247976249	0.0046702882	-0.0296413638	0.008598218	-0.0210709988	-0.1545299961	0.0415586663	-0.0889352277	0.0395033512	-0.0769296609	0.0728847254	-0.0062672345	-0.0016832336	0.1400247467	-0.0388472005	-0.0073437617	0.020360408	0.0063465776	-0.0870992332	-0.0485767148	0.0423518908	-0.0938798475	-0.0101275058	-0.0905713066	-0.0247869656	-0.0190660728	0.0117429965	-0.0223140699	-0.0693909687	-0.0508457389	0.0307134327	-0.0813216966	0.0611336079	0.0761858835	-0.0519352515	0.0430289514	0.0818493072	-0.1095889074	-0.0980317293	0.0399782703	-0.0077951953	-0.0055364498	0.0424459805	0.0287366539	-0.0197860201	-0.0167461105	-0.0184678246	0.043358676	-0.0434899814	-0.06096547	0.069175353	-0.0365314425	0.1770391286	0.0289104966	-0.1329299695	-0.0473816769	0.0622494551	-0.1259449599	-0.0428758733	-0.0162340189	0.0134309318	-0.1747284585	0.1310521223	-0.0710437977	0.1318469843	0.0066718116	-0.1506374456	-0.0123810324	-0.0234124921	0.0104979323	-0.0330645046	-0.0715055194	0.078475809	0.089126659	0.0444849974	0.0326483878	0.0025736748	0.0293809662	-0.0804071498	-0.1237226564	-0.0100230481	-0.0466386201	0.0862452337	0.1372839449	-0.006219719	0.0761236874	-0.0231797469	-0.053753438	-0.0063573727	-0.0446805063	0.0994168403	-0.0781061658	-0.0282016923	-0.0436135166	0.0859408257	0.0613805871	0.0956470471	-0.0895442642	-0.0842911147	0.0069901466	0.0377068538	0.0129426096	-0.0506497149	0.0296851928	-0.0166777867	0.006021971	0.0069610041	-0.0245438084	-0.0663392223	-0.0389191877	-0.1657044043	-0.0048038324	0.0387599986	-0.0583725276	-0.0883293083	-0.0166357513	0.0742024108	0.0796476241	0.0164583230444748	-0.0038886627198593	1.5121697748823542e-05	0.0002708763974362	-0.0681894199136792	0.0289251724668843	0.000836665602239	0.004649796988164	-0.020377609824294	0.0156322726027724	0.0002443679467273	0.0004152469821511	3.398723716011392e-05	-7.981977205356786e-08	1.1551322897778286e-09	6.371196010683531e-15	-6.700646723678538e-05	-0.0004190001017506	4.489866651554393e-09	1.7556108526708474e-07	-0.0003809989502201	7.282409500029754e-09	5.3033488126123606e-17	1.4516020006881822e-07
759.4575331284591	-3.5380949942714324	576775.7446255645	12.518116188488568	971.97530633753	0.3803713538432021	944735.9961299353	0.1446823668245104	776.7569637584972	-1.1273367712806248	1.2708881958814238	603351.3807473194	800.5263505602452	689.1662088993926	1.17252	33.561401	0.0585352611145455	0.0333475296033181	0.031097831	0.0725503409	0.0795859453	-0.0412549395	-0.0968619073	0.0733280901	-0.0812579878	-0.1078725478	0.0807600422	0.0767808813	-0.1056349335	0.0715328491	-0.0862355708	-0.0133442635	0.2094904996	0.0413199419	0.1078262483	-0.1478577502	0.1397808118	0.1418318176	-0.1165414889	0.0080437587	-0.3152087815	0.0722194181	0.0034701384	0.0714507189	-0.0216047798	0.021581621	-0.0490701006	0.014644375	-0.1200640708	-0.0844166529	0.0544022849	0.0055760522	-0.0326676801	-0.0683695953	0.0055872302	0.0929244527	-0.0419972602	0.0214822856	0.0738875343	-0.0465440495	0.026692886	0.1155354714	-0.0715987718	0.0700811387	0.0326829006	0.002604852	-0.0018427697	-0.1216566161	0.1155569183	0.0135986871	0.0813800207	-0.0144843159	-0.0276574347	-0.1246472751	-0.007998555	0.1390958823	0.0132318128	-0.0422084586	0.0087502331	0.0253933717	0.0656492203	0.1290143049	-0.0047167027	0.0674110698	0.0692268072	-0.10757478	0.0036103705	-0.072782278	-0.0659858163	-0.0088983815	0.0237648631	0.091298405	-0.0151501358	0.0068853682	-0.0412098859	-0.0175591428	-0.0879940719	-0.0700770193	0.0787819402	-0.0120865699	0.0201054308	-0.0164200473	-0.1038997879	0.0622558997	0.0008592197	-0.0163864779	0.113684705	0.0656448251	-0.1750173396	0.0163344843	-0.0365819588	-0.1200227519	-0.072170715	0.1468936479	-0.0038037627	0.0217495198	-0.0723780151	-0.0128273748	0.040138271	0.0310903902	-0.1168951848	0.0663909676	0.000145936	-0.0044171203	0.0822103452	0.0640767844	0.065020397	0.1089522696	-0.0379693809	0.1166112201	-0.171051806	-0.013712249	0.0709926237	-0.1199643388	-0.0647315157	-0.0945389774	0.0541023994	-0.0882882192	0.1689896054	-0.0603516359	-0.0255248532	0.0174827727	-0.0462065427	-0.037725211	-0.1067102393	-0.0637554353	0.1008911536	0.0683497703	0.0268765378	-0.1460607084	-0.006284058	0.0306466394	-0.088030713	-0.0725097097	0.0427367449	-0.0426927934	-0.0509106287	0.1035784736	-0.1111185375	0.0378332652	0.0005643457	-0.1560152346	0.0533035197	0.0188998973	-0.0866207906	-0.0280579966	0.0271646167	0.0700117181	-0.1404102958	-0.1412625331	-0.0835714704	-0.0548695464	-0.0192885294	0.1207310385	-0.0872014114	0.0617833748	-0.0566096855	0.029443778	0.0001063604	0.029794537	0.0514963865	0.0195692683	0.0173482195	0.0703805223	-0.0711031178	-0.0246352216	0.0235268443	-0.1069195829	-0.0128807003	-0.1013039946	-0.0142398566	-0.0016525351	-0.0299290327	0.0943244302	-0.0203185194	0.0127426815	0.0027973318	-0.0706874071	-0.0696751805	-0.0595858138	0.0486671364	-0.0430257339	-0.0964122814	0.092122271	-0.0345732625	0.1415820609	-0.0482850623	0.0824780149	0.1340166595	0.1497887129	0.0231612195	0.098364289	0.0852531353	0.2110855352	-0.0459484509	-0.0328062908	0.0205589587	-0.0908197514	0.037674825	-0.0601897627	-0.0873563013	-0.0119153566	0.0775211985	0.0759024438	0.0206604767450357	0.0042021537005609	1.7658095723137674e-05	0.0004268552993321	-0.080624738900795	-0.0124353189871157	0.0001546371583113	0.0065003485228213	-0.0214765375672243	-0.0010989277429303	1.2076421841818838e-06	0.0004612416658763	0.0005590358394044	0.0005250486022442	3.125210697385821e-07	2.7567603471867855e-07	0.0001618760564521	0.0002288825236888	2.6203857652483467e-08	5.2387209650193186e-08	-0.0004430450379657	-6.204608774560002e-05	3.849717004534697e-09	1.962889056660286e-07
757.8193058287707	-1.638227299688424	574290.1002867998	2.683788685444425	961.8211701349778	-10.154136202552197	925099.963319818	103.10648201998112	775.6552304104641	-1.1017333480331215	1.2138163701682718	601641.0364631102	797.7011098906189	660.2050058078496	1.354368	38.766491	0.0989769392942494	0.0534503443144506	0.1409555626	0.149175299	-0.1411690316	0.0108693198	-0.0116621211	0.0166378643	0.0678743975	-0.0339849409	0.0716144788	0.1051643967	0.0195278731	0.2761134976	-0.0343873083	-0.0445093884	-0.0035594781	0.0557322756	0.0471980821	-0.0567095911	0.083233356	0.2692796646	0.1708941208	-0.1666857009	-0.1405795946	-0.0205077311	0.096919024	0.001230257	-0.0835665834	-0.1209360425	-0.0644990764	-0.1366736963	-0.0298003786	-0.0228623979	0.0552862668	-0.0632897769	-0.0535188756	-0.0068936447	-0.0786134724	-0.0836721604	-0.116886521	-0.0352665957	0.0311794493	-0.005151846	0.0991118686	-0.0923736721	0.0949331762	0.1970888602	-0.0930228496	0.0209686368	0.0223698166	0.0448311636	0.1908622458	-0.0361042121	0.0466023727	0.0450910742	-0.1655486999	0.0432682299	-0.0449944702	-0.1454843345	-0.0162487335	0.0056304159	0.0041775176	0.0360373229	0.0754271314	-0.0928234729	0.0043393024	-0.0638331796	0.0622609907	-0.0789012153	-0.0423307461	0.0228680025	0.055188691	-0.0338650128	0.1181807149	-0.057579103	-0.011174595	-0.0802711637	0.0307616387	0.0673074246	0.0180021375	-0.0105996899	-0.0282510115	0.0229299087	0.0600813281	-0.0959464169	-0.1174458879	-0.0417263136	-0.0450129572	-0.0003172179	-0.0492143155	0.0224467043	-0.0299482032	-0.1042538039	0.0574291105	0.0250262607	-0.0880454643	-0.0231494684	0.0950215722	0.1267839108	0.0939080202	-0.0359122219	0.0057873268	0.0352104334	0.0626914239	0.1619058602	0.0218270017	-0.127842585	0.054304109	0.1045662729	-0.0591107694	-0.0200188779	-0.0573248318	0.0401464365	-0.1775140189	-0.0132478597	-0.0221865464	-0.1311146094	0.1953279822	0.1286448896	0.0133057635	-0.0081114646	0.0899230403	0.1476755597	-0.0579474977	0.0548557858	-0.1479427926	-0.1306574543	-0.0043927989	0.0673432648	0.018387359	-0.1539517645	-0.0338910909	0.1085803299	-0.0973311896	0.048586628	0.1408300157	0.0480958654	-0.0722004174	0.0258067377	-0.0307389769	-0.0154844873	-0.083792731	0.1710962894	-0.009030662	0.0339053058	0.0546066924	0.029547773	-0.0476944211	0.0075034609	-0.0126118081	0.1948382728	0.0510615765	-0.050954101	0.0443894591	0.0513609146	-0.0761463842	-0.067036458	-0.0046623144	0.0408510945	-0.042295145	-0.0254208372	-0.0911439028	-0.0343517301	-0.0090072726	0.0388758962	-0.0702408029	0.0047977896	-0.0086691679	-0.0182973065	-0.0125564398	-0.0471785032	0.0017993873	-0.1143995233	-0.0603941596	-0.046405242	-0.1501856147	-0.0014565057	-0.0939489138	-0.0919992579	-0.0076579629	-0.0223599834	-0.1858504468	0.0777473155	-0.0672794824	-0.0189916467	0.1466711311	0.0524883106	-0.0178812216	-0.0318186853	0.0885252574	-0.0938671882	-0.0616670748	0.171035098	0.1052768199	0.2028944518	-0.1262843125	0.0224258688	-0.0144133381	0.05252831	-0.0234691341	0.031916906	0.036583196	-0.0619657467	-0.0862485974	-0.0071623028	0.0805080284	0.0716892996	0.0184204562417704	-0.0022400205032652	5.017691855048927e-06	0.0003393132081549	-0.0747774112984558	0.0058473276023391	3.41912400890778e-05	0.0055916612404984	-0.0035894013277157	0.0178871362395086	0.0003199496428507	1.288380189140723e-05	2.3819094087973425e-05	-0.0005352167453164	5.673492431717305e-10	2.864569644671086e-07	-0.0005610080775622	-0.0007228841340143	3.1473006309003545e-07	5.225614712096044e-07	-0.0006449932576177	-0.000201948219652	4.0783083420612446e-08	4.160163023722928e-07
767.8883053016922	10.06899947292152	589652.4494191048	101.38475038569382	974.6843599189413	12.863189783963437	950009.6014705964	165.46165141826128	778.0028792372694	2.347648826805312	5.511455014000356	605288.4801014813	799.6740518810219	684.8425903158214	1.310087	37.499027	0.1575069201603375	0.0769336715441885	0.0119998018	-0.0491149501	-0.130698257	0.0487001118	0.0039947709	-0.0304183925	0.0358967276	0.0827488317	0.0889552789	0.112339386	0.1684831527	0.0813577766	-0.0718160855	0.0723403741	0.0028243693	-0.0219670183	0.0995832812	-0.1220182496	-0.1380810139	-0.153625708	-0.0146478692	-0.1286979529	-0.0659654277	0.1422354213	-0.1688030451	0.0190427352	-0.010723871	-0.0944286711	0.0040791171	0.0456723206	0.0030128473	-0.0315378388	-0.0810520669	0.05386017	0.1248441451	-0.0481029176	-0.0394801354	-0.0440635892	0.1723396044	-0.0727901309	-0.0732874109	0.0165208162	-0.0648727644	0.0378898259	-0.1151673378	0.0477426229	-0.1027520718	0.0050534694	-0.0871748834	0.077175321	0.0919756763	0.0702524537	-0.0179733092	0.0011908388	0.0788780569	-0.0195815016	0.0739814132	-0.0083153016	0.0075568279	-0.0334553989	-0.1085003925	-0.1489190769	0.0082001581	0.1095989108	-0.0298186151	0.0023996453	-0.0134378946	0.085224688	-0.011323253	0.0632835884	0.0070399335	-0.0524850945	0.0288664798	0.0086876429	0.0390760865	-0.057558449	-0.0189655495	0.127343943	-0.1356566629	0.0224538396	-0.0138309991	0.0750243327	0.071366384	-0.0082579904	-0.0147835319	-0.0154284866	0.0847619541	0.069712011	-0.0664932054	0.0684674531	0.0559476112	-0.121150136	-0.0063928762	0.0096555122	0.0052424572	0.0004936409	0.0193783173	-0.0628846628	0.0245613914	0.0694727336	-0.0910811105	0.072164605	0.1527009933	0.026426442	-0.0753595347	0.0444598979	0.1531092993	0.0463275972	-0.0938152002	-0.0471960391	0.0648694599	-0.0555278732	0.0484583759	0.0004176282	-0.0752066647	0.1269834081	0.0422236805	-0.0518294137	-0.1117294943	-0.0220758507	0.0754929281	-0.1019942449	-0.0298382447	-0.0664801071	-0.0513589843	0.0126331344	0.0713486419	0.1034651212	0.0462320436	-0.1135993011	-0.0352596328	-0.1146897354	0.0398065644	0.0355973432	0.0005655757	0.0721226048	0.049737822	0.0099968467	-0.0138008529	-0.0580993507	-0.0327219804	0.02150583	0.0685170766	0.0126709701	-0.0594362532	-0.068407097	0.1265602195	0.107984449	-0.0866611816	-0.0281418476	0.007974618	-0.1203175163	-0.1469925051	0.0014365094	-0.0632425452	0.0053632364	-0.133123834	0.150846506	-0.070016354	0.0268204533	-0.0651635802	0.0937695503	0.0042097335	0.0531999906	-0.012180788	-0.0595318718	-0.024535815	-0.0219284741	0.0869124165	-0.0007951636	0.0011408752	0.1654508287	-0.0411732125	-0.0176792898	-0.0029449981	-0.0127647842	-0.0497594185	-0.0714094983	-0.0977914459	0.0505793059	-0.0032476822	0.046099303	-0.1743406863	-0.0253066779	0.0805402658	-0.0420598616	0.0449942823	-0.1731219475	0.032891659	-0.1389732574	-0.1312747477	0.1072268169	0.1192769307	-0.0866102013	-0.0425611048	0.0543682975	0.068893397	-0.0140157435	-0.1656755335	0.0758872359	0.0354852986	-0.0636992625	-0.0850079043	-0.0023896175	0.0831501106	0.0670341672	0.0281865504916396	0.0097660942498691	9.53765968973282e-05	0.0007944816286177	-0.1235729871962689	-0.048795575897813	0.0023810082271992	0.0152702831646092	-0.0422804112052546	-0.0386910098775389	0.0014969942453438	0.0017876331716854	0.0005409748808824	0.0005171557867944	2.926538217457268e-07	2.674501078149624e-07	-0.0001251062784211	0.0004359017991411	1.565158090037779e-08	1.900103784944479e-07	-0.0003929660408509	0.0002520272167668	6.351771799121961e-08	1.544223092620312e-07
765.7922829298913	-2.0960223718009274	586437.8205949747	4.393309783089985	957.563981663097	-17.12037825584423	916928.778978484	293.1073516231839	778.2153244476776	0.2124452104081911	0.0451329674253805	605619.0912052041	798.2607700709792	695.3371581923185	1.396906	39.984077	0.0919900171827934	0.0550797480540336	-0.0627889111	-0.1109685295	0.0725720325	-0.1223592315	0.0133364324	0.1977343178	-0.1111356325	-0.1114194269	-0.0382524557	0.026986625	0.0222280807	-0.1099757974	0.0367367009	0.1106240949	0.0844977692	-0.2427274272	-0.1312489671	0.3012050226	0.3508991459	-0.0412629388	-0.0299366282	-0.2167625252	-0.0726712711	0.0695386779	0.1437894239	0.0813436744	0.0218300902	0.0644549542	0.0143314823	0.0583994852	-0.0865742076	-0.0880532177	-0.0346855267	-0.0029055435	0.1326085191	0.0605591344	-0.1092964951	-0.0244510994	0.0869605362	-0.0074072497	0.0459625064	-0.0141284572	-0.0785078513	0.065773652	-0.0560940012	-0.0688929264	-0.0155535365	-0.0068494179	0.0404437944	0.0857045434	-0.0442565826	0.0787778751	-0.1019278057	-0.0905074369	0.058698045	-0.1195391311	0.0023592093	0.0151245967	-0.0509984412	0.0211685171	-0.1753015139	0.0736994414	0.0674501133	-0.0062927049	-0.0276059098	0.0335585027	-0.0075313397	0.1141678733	0.0310444832	0.0736699648	-0.1371546743	0.0402226469	0.0146933123	-0.0352103174	-0.0830076884	-0.0430585595	0.0453430252	-0.2026210597	0.0114438159	-0.1288451118	0.0162668642	-0.0854952079	-0.0018774442	0.0816618933	0.0215473239	-0.0264804444	-0.0090521087	0.0368449271	-0.1153641345	-0.0284375575	-0.0469306943	0.0292774168	-0.0734113325	-0.0245654838	-0.0751745371	0.0494391717	0.0499944781	0.0386010066	-0.0269817474	-0.0054312536	0.0231327269	0.0201035467	-0.022034651	-0.0927300817	-0.0170826545	0.0116683238	0.0824658281	-0.1184010894	0.1986424833	0.0751786028	0.1098596097	-0.0485968191	0.2272202737	0.0680653052	-0.2499835888	-0.0431318804	-0.0645773431	-0.0656668915	0.1437926923	0.0981671354	-0.0471500437	-0.0151967386	-0.1517532741	0.0260026598	-0.0328688923	0.0913992369	0.0276854624	0.0439415089	0.0873608813	0.071662439	-0.1068709236	0.0256806655	-0.0987897804	-0.1607393567	-0.1525175885	0.0164310364	0.0414811447	-0.0574129089	0.0412223225	0.0661568871	-0.0827199683	-0.0389734058	0.0614217777	-0.0406872563	-0.0384357302	0.064361852	0.0471669058	-0.0387398674	0.0436392402	0.1743346473	-0.0630076201	0.0824009042	0.0254224936	-0.0157784594	-0.0128049707	0.006806165	-0.0542675702	-0.0639884656	-0.0221052288	-0.0206088706	0.031952242	-0.0048783023	-0.0602716659	-0.003124484	0.0198938119	0.0485873957	-0.0298998542	-0.0419741187	-0.0156830693	-0.0255280533	-0.0572170873	-0.0202427435	0.0324145118	-0.041110914	0.047655659	-0.0157003903	0.0305369001	0.023237335	0.0595276989	0.0302644235	0.1247557085	-0.0729768762	0.0754816485	0.0373351446	0.0420931377	-0.0736300044	-0.0391708568	0.2576250022	-0.0657141637	-0.0493724775	-0.0839591264	-0.0290025633	-0.0331076491	0.0695456823	-0.0494943945	-0.0107427602	-0.0789521968	-0.2682353642	0.0418677746	0.0070580261	0.034381321	-0.0653891221	-0.0836361352	0.0023896175	0.0854361313	0.0619657467	0.0144648214972136	-0.0137217289944259	0.0001882858465964	0.0002092310609462	-0.0713634838845536	0.0522095033117153	0.002725832236056	0.0050927468321409	-0.0345976027338537	0.0076828084714009	5.902554600822949e-05	0.0011969941149295	0.000735003730509	0.0001940288496266	5.402304838621467e-07	3.7647194487421776e-08	1.734418262322457e-05	0.0001424504610443	3.008206708677651e-10	2.029213385174063e-08	-0.000424006258285	-3.10402174341e-05	9.63495098356205e-10	1.7978130706484613e-07
763.2548665374258	-2.537416392465502	582557.9912930636	6.438481948752644	967.6132802963256	10.049298633228544	936275.4602058156	100.98840301980913	778.3133178573471	0.0979934096694705	0.0096027083386486	605771.6207541118	800.201955839783	678.8615904205582	1.323969	37.896389	0.053870664495955	0.0245565863521097	0.0227644611	-0.0279930361	-0.0010786195	0.0228413758	-0.1244965186	-0.1297501935	-0.0812984019	0.0027527979	-0.049191802	0.0647888894	-0.022025827	-0.0242452377	0.0703031528	0.2379402119	-0.2453371359	-0.203852186	0.0467464333	-0.0157696379	-0.1344032669	-0.0256240356	0.132242093	0.1014289877	0.0027724943	-0.1098028684	0.0322715854	0.1351325752	0.0641788663	0.2270644655	0.0433691476	0.0292646141	-0.0566045242	-0.0522393565	-0.0122926224	-0.0747934064	-0.0665278718	0.0668022402	-0.0184898058	0.0538252379	0.0361213144	0.0879367857	-0.0650934873	-0.0522680251	0.0210870556	-0.07441037	0.0185300807	0.080919567	-0.1376009912	-0.012539926	0.0535052645	0.0173010866	-0.0399494933	0.0500975333	-0.0719412915	0.0750825309	-0.028479907	0.0254940198	-0.0095574056	0.0300630349	0.0727795621	0.0536445321	-0.0662662934	0.0731400884	-0.0838282673	0.0283069594	0.0447310043	-0.1060717569	0.0448149391	0.0577236801	0.0462369202	-0.0823360655	-0.0204601873	0.1817740066	-0.0821365101	-0.0017906391	-0.0448048905	0.0827887547	-0.0509074837	0.0055395675	-0.0893285017	-0.0802860638	-0.0387627068	-0.0330450691	-0.0188587535	-0.0014991721	-0.0792104651	0.0467570634	-0.0201128828	0.0047845282	0.0115844995	0.0088483783	0.0311679734	-0.049341717	0.161980756	0.0499959626	-0.1388099889	0.1815015507	-0.0183546601	0.043361427	-0.0298382857	-0.0725027589	0.0399575447	0.0088705789	-0.0271352343	-0.0216121134	0.0493627712	0.0533269135	0.0178054299	0.0205856636	0.0494007982	-0.1881100662	0.1249784682	-0.2024291338	0.0928034433	0.2136754288	0.0035422701	-0.0579248936	-0.0386175135	0.0937353593	-0.0880325899	0.0323814726	-0.1037689665	0.094326569	0.0635308537	0.0692108145	-0.0827508144	0.0472510501	0.0015627444	-0.0235432259	-0.0996095555	-0.0175888675	-0.0621734447	0.0173588602	0.0530791452	0.1715013003	0.0297507791	0.0295353135	0.0622843408	0.0076584478	-0.0721182792	0.0612231825	-0.0970326152	-0.0719731336	-0.0337891195	-0.0254460872	0.0983617876	0.0635541115	-0.0218508339	-0.0139281177	0.0390965236	-0.026530535	-0.0193725316	0.0433991952	-0.0327611211	-0.1560429369	-0.0295756748	-0.0075000772	0.0164465317	-0.0278166216	-0.0086951084	-0.078768252	-0.022918686	0.0046580556	-0.0244314305	-0.0502695343	0.0871873358	-0.0816750866	0.0938731937	0.1152733594	0.0645653936	0.024445005	-0.0886829838	-0.0688442387	-0.0420067582	0.0705479377	0.0305683553	0.0428073443	-0.0061152504	0.0132318297	-0.0455963366	0.0285615411	-0.0018336652	-0.0023402153	-0.0501740785	-0.0279968651	-0.0583317529	-0.1592297475	0.0958750427	-0.0486188882	-0.0506291852	0.0167306977	-0.1993247891	0.0276651492	-0.0263482334	0.1236707749	0.0121131801	0.100318591	-0.0487947445	0.0268232917	0.0253085919	-0.0887657591	0.0332714524	-0.0670341672	-0.0821354052	0.0071623028	0.0873563013	0.0565152869	0.0123429714030436	-0.0021218500941699	4.502247822129237e-06	0.0001523489430563	-0.0560425925591374	0.0153208913254162	0.0002347297110052	0.0031407721807494	-0.0444962929911838	-0.0098986902573301	9.79840688105619e-05	0.0019799200899572	0.0008420799327209	0.0001070762022119	7.090986130912355e-07	1.14653130801237e-08	0.0002657472097582	0.0002484030271349	7.062157949426877e-08	6.170406388981936e-08	-0.0005991116853189	-0.0001751054270339	3.066191057672448e-08	3.589348114856526e-07
762.6630722748697	-0.5917942625560499	581654.9618117431	0.350220449194259	961.1191899993204	-6.494090297005187	923750.0973849496	42.17320878565691	777.9070098464554	-0.4063080108917347	0.165086199714798	605139.3159682532	797.912065940054	684.7836137939107	1.250903	35.804985	0.0523430149067787	0.0327491751978127	0.0216665808	-0.0287012817	0.0172267309	-0.0489344461	-0.0554675988	0.2092726255	-0.0492647916	-0.1138862058	0.0016937283	0.0461587723	0.0350093059	0.0596196098	0.0308297734	0.0095260076	0.0519751849	-0.1750723338	-0.0945990526	0.2544445306	0.2320841839	-0.1504545516	0.0493723504	-0.1319951531	0.0103511076	0.035929194	0.0983856756	-0.1743126739	0.1005361975	-0.0143679586	0.0250144189	0.0426654067	-0.0176547237	-0.0029301179	-0.0301294244	-0.0056879726	0.0032342473	0.0341653364	-0.0100462218	-0.0106683897	0.0312082949	0.0441315515	0.0515499944	-0.0234583027	0.0440764731	0.0186464751	0.0545119727	-0.0837319252	-0.0982390014	-0.0609619864	-0.0600861348	0.0299605322	0.0458561784	-0.1529935251	-0.1915961868	0.0579953429	0.0220495011	0.0326961002	0.0314265405	0.082904876	-0.0545923391	-0.0016107876	-0.0800237159	0.0374576597	-0.0090527181	-0.0344655884	-0.0100159338	-0.0484580889	0.0040442239	-0.0398224419	-0.1026250117	-0.0336820334	0.0870417658	-0.0274057212	0.0784045657	0.0256902308	-0.0217793534	-0.0085687466	0.1365593874	-0.0298836734	0.1375383525	-0.1429095452	0.0258226993	-0.0594291741	0.0660715651	0.0759702306	0.0753809956	-0.0251103273	-0.0319610985	0.0415583671	0.0371168234	0.023812152	-0.0660143271	0.0124688646	-0.0286881276	-0.0424405755	-0.0220181645	0.0160683668	-0.03018348	0.0651943756	0.0765126338	-0.0456825825	-0.0532272488	-0.0816618577	0.0249668507	-0.0222550623	-0.01237585	-0.0727979979	0.1582799381	-0.0262703766	0.058068228	0.0264641447	0.0678176847	0.0481430597	0.0818213574	0.0500896513	-0.2719470016	0.0147035124	-0.0892226321	0.082820275	0.0306244035	0.0179754454	-0.1578421083	-0.0004255726	0.0423912337	0.0219778178	0.0429261185	-0.0145882961	0.0712270603	0.0404157798	0.0058793911	0.0380093894	0.0572697555	0.1713567317	-0.1188191	-0.0424837317	-0.1733147116	-0.0681658394	-0.0457185722	0.0315392702	0.0221733226	-0.0305342309	-0.0502009434	0.1176315937	0.0523729281	-0.096481532	0.0245598758	0.0231758681	-0.1018301904	-0.050918724	0.0548674224	-0.0203297858	0.1536857285	-0.0373735105	-0.0555489479	0.0019383878	0.0783134423	0.1065385846	-0.0211497706	-0.0578932343	-0.0155593387	0.0494075894	0.0998503789	-0.0001796915	-0.0796898804	0.0630143415	0.031613029	-0.1021466922	-0.0114936355	-0.0681344659	-0.0402108274	-0.0672683862	0.0109319362	-0.037427399	0.0476063104	0.0366031202	-0.0844586459	0.0134303938	-0.029411599	-0.0004389968	0.0405517312	0.0280978466	0.0215073611	-0.0267370458	0.0037523774	-0.0376928262	-0.0084365601	-0.0728558199	-0.1001355663	0.147666191	0.0266749449	-0.172776655	0.0390336347	-0.016484057	-0.036106605	0.1069551897	0.0334574942	-0.0571444773	-0.0627211632	-0.0285447065	-0.1456481068	-0.0180135292	0.0321558829	-0.0686332704	-0.0805080284	0.0119153566	0.0889023983	0.0507163915	0.0041787190770321	-0.0081642523260115	6.665501604278417e-05	1.746169312475201e-05	-0.0562085328128887	-0.0001659402537513	2.753616781504619e-08	0.0031593991609775	-0.0173601563348029	0.0271361366563809	0.0007363699126337	0.0003013750279687	0.0006210448519351	-0.0002210350807858	3.856967081150903e-07	4.8856506937985135e-08	0.0001493140378505	-0.0001164331719077	2.2294681899220546e-08	1.3556683520488022e-08	-0.0005990462245997	6.546071920003442e-08	4.285105758185755e-15	3.588563792071542e-07
762.6162410029394	-0.046831271930273	581583.5310414534	0.0021931680306071	967.4172510884024	6.298061089082012	935896.137703441	39.66557348180889	778.5179497200447	0.6109398735893592	0.3732475291413822	606090.1980363021	800.5044583191583	666.0193627008973	1.221282	34.957123	0.0796051446971488	0.0500296429438131	0.0713407479	-0.0269146483	0.0081045128	0.0353861218	-0.1298547504	-0.0331319878	-0.0876993621	0.0073849812	-0.0748422039	0.0553405022	-0.0192692878	-0.0421755655	0.0453198232	0.2763926712	-0.3543156001	-0.1564898459	0.1052331409	-0.0585991324	-0.0403998781	0.0219216833	0.2598800776	0.0196695791	-0.1993307122	-0.0068626211	0.0110095252	0.1700170868	0.0818538854	0.0584608022	0.024391652	0.0755226313	-0.0084646824	-0.0512310407	0.0561469146	-0.0088359475	0.0161222571	0.0449597448	0.115344949	-0.1618646587	-0.0506915655	0.0521599137	0.0098543633	-0.0157117314	-0.0282213661	-0.0100069971	-0.0844214969	0.1719346975	0.0437179374	-0.0885428586	-0.0144717491	-0.0142722701	0.0002639147	-0.0378538606	-0.0656049293	0.0520887668	-0.036497169	-0.0888500706	-0.0121923236	0.0412084496	-0.111484778	-0.0675992537	0.0445606467	0.0114466371	0.0193547601	-0.0303036512	0.023137136	-0.0069019361	-0.003397505	0.0771264797	0.1109669204	0.0101911903	-0.1116840636	0.0460288204	0.0084244045	-0.0004058707	0.005371979	-0.0743837644	-0.0257751998	0.0034473866	0.0230087192	0.080465316	0.0025363629	0.0424469249	-0.0014634034	-0.0694349125	-0.0056519604	-0.0838161868	-0.0865759779	0.1190277001	-0.0789330773	0.0496656066	-0.0274639377	-0.0796226446	0.0767280185	0.1115505328	-0.0814276994	-0.0982665276	-0.1247463117	-0.0487198584	-0.0233875165	0.0119340334	0.1079493921	-0.0446296469	-0.0596905087	-0.0238591661	0.0229549777	0.075278348	-0.0259077673	0.0833862649	0.0609363154	-0.2311973311	0.2102147456	-0.2370528794	0.0527472585	0.1466057573	-0.0526656363	0.1174383436	0.1798409188	0.0789566963	0.0507711128	0.0227661431	0.0870384261	0.0026815975	0.0228285421	-0.0236428518	-0.0129022314	-0.1926238833	-0.0865093543	-0.0777157206	0.0055197878	-0.0361518784	0.0035368167	-0.0611445583	0.095991361	0.0157443338	0.007137558	0.1079294749	-0.0943973623	-0.1504558901	-0.0475793744	0.0028743468	-0.0153116281	-0.0026492315	0.1075527607	-0.0107656989	0.073771257	0.0640309775	-0.0863980352	0.0314523258	0.1157972486	0.0451791768	-0.0586613259	0.0316860243	-0.0215145537	0.0472685483	-0.036313127	-0.082905075	0.0959554899	-0.1089414935	-0.0382164143	0.011371442	-0.0380917385	-0.1012478239	0.0373555074	0.0889016933	-0.1172344603	-0.1307351632	0.0330466082	0.0643718816	-0.0456429646	-0.044309364	0.0057507072	0.0111371615	-0.0495127124	-0.0034095002	0.0401734719	-0.0289414132	-0.0014934161	0.0581744429	-0.0969831271	0.0176714763	-0.0701245667	0.0556078159	-0.0513066055	-0.0309387202	-0.0153191981	-0.1487465916	-0.0532065268	-0.0408765916	0.0067518896	-0.0392587007	0.0352102246	-0.0495059689	0.0783988609	0.1191180225	0.0320968461	0.0812072211	-0.0826588397	0.145533306	-0.0392522001	0.003326278	0.0310348036	-0.0701853358	-0.0787565141	0.0166357513	0.0900678015	0.0446048127	0.0066034493496403	0.0024247302726082	5.879316894902635e-06	4.36055433132649e-05	-0.0664469714938178	-0.0102384386809291	0.0001048256266231	0.0044152000207002	-0.0634775344906444	-0.0461173781558415	0.0021268125679688	0.0040293973850109	0.0006860789193702	6.503406743509999e-05	4.7070428360418137e-07	4.2294299271531324e-09	0.0003508460680632	0.0002015320302127	1.230929634754076e-07	4.061515920165264e-08	-0.0004491203704921	0.0001499258541075	2.247776172989334e-08	2.017091071909612e-07
767.103221471572	4.486980468632623	588447.3523920637	20.13299372589064	973.0799278345976	5.662676746195189	946884.5459545857	32.06590793189973	776.7856463183153	-1.732303401729382	3.000875075643189	603395.9403261628	798.3662252075133	686.1805986831276	1.244447	35.62019	0.0645639413183597	0.0281381585125119	-0.0099465738	-0.0839449662	-0.0769980967	-0.0112227317	-0.0059207824	0.0415572667	0.0755571217	-0.0181698132	0.1664186606	0.0124099129	0.1516368769	0.1178831841	-0.0832613183	-0.0064555293	0.016162853	-0.0767481412	0.0137544462	-0.0931065785	-0.2124641025	-0.069207575	-0.1675085976	-0.0281588638	-0.1885304446	0.1881990732	-0.1301370286	-0.0455849246	0.0572149271	0.1530345568	-0.0131590907	-0.0553540621	0.034710686	0.0843733013	-0.0757350052	0.1307415282	0.0267964432	-0.0080168399	-0.0802786565	0.0735658171	-0.0563328908	0.0472376075	-0.1007725429	0.0268018455	0.0702709538	0.1183073009	-0.0060200887	0.047704888	-0.0562863272	0.0172474467	0.0088383136	0.0678397523	-0.0058155792	-0.0193553538	-0.0551842609	-0.1062629469	0.1190830362	0.1010263863	0.0484462337	0.0407146684	0.0467270229	-0.0011241427	0.0324021087	0.0380591072	-0.01051977	-0.0117874465	0.0301781039	0.0187230748	0.0128286805	-0.0254082979	0.0779180213	0.0077331428	-0.0898216866	0.1010192249	-0.0738505834	0.0666062817	0.1150230547	0.0949630671	-0.031640425	-0.0910263437	0.0729409356	0.0125572447	0.0332323352	-0.172865426	0.1429895205	0.0743804786	-0.092057223	-0.0603748347	0.0880345474	0.0457829246	-0.0100250321	-0.0406101611	0.0434108591	-0.0560182444	0.0256052044	0.0059936688	0.0748049954	0.1113161162	0.0486757521	-0.0262719043	-0.0460699787	0.0800092919	0.1477059276	-0.0312353818	0.1612509914	0.0635242779	-0.0383488192	-0.0169866007	0.1204371906	-0.021837	-0.0132945139	-0.068674988	0.1494781055	0.0624587221	-0.0200070309	0.0402566005	0.011224132	0.0278732332	-0.0099187822	0.0285288838	-0.1489754541	-0.0267305169	-0.0190753066	-0.0379765693	-0.0250067426	-0.056338219	0.1353278171	0.0996804951	-0.1423422788	0.0548954069	0.0169872811	0.1178757853	-0.0206208515	0.060718475	0.217380403	0.0188151809	0.0522460759	-0.0233501051	0.0716590237	0.0258364566	-0.0257252322	-0.002806582	0.0416425941	0.015217562	0.0636506597	-0.0131461387	0.0723885462	0.0420706969	0.0254769294	-0.017676878	-0.1697536935	-0.0159453174	-0.0210471893	0.0130301343	-0.0863329315	-0.104621264	-0.075476545	0.0771208905	-0.0042330311	0.05952473	-0.0655468179	-0.1773848792	0.050362895	-0.1260045523	0.0814498886	0.0720139566	0.0451293886	-0.0367778442	0.0043781789	-0.1808090671	-0.0635537179	0.0992803658	-0.0214978146	0.0281034326	0.0800914365	-0.0379308577	0.004993611	0.036633529	-0.0073837334	-0.0629261548	-0.0376145301	0.0912454732	0.0616028622	-0.023177735	-0.0716640635	-0.0878629353	0.0010042565	0.0122731587	-0.0057757167	-0.0457621475	0.0262952086	-0.1267956162	0.0550499882	-0.0076931225	-0.041292807	-0.0082677318	-0.0414119025	0.0048918136	0.1160463783	0.1033386153	-0.1073101393	0.0012149296	0.0299084066	-0.0716892996	-0.0768835629	0.0213105486	0.0908475206	0.0382182304	0.0205648031275416	0.0139613537779012	0.0001949193993117	0.0004229111276745	-0.0720606987333667	-0.0056137272395488	3.151393352005324e-05	0.005192744301941	-0.0472103578557749	0.0162671766348695	0.00026462103567	0.0022288178888703	0.0004881731209753	-0.0001979057983949	2.383129960427649e-07	3.9166705038322806e-08	0.0005773537765738	0.0002265077085106	3.333373833240294e-07	5.1305742014722935e-08	-0.0005991405369074	-0.0001500201664153	2.2506050331274307e-08	3.589693829656876e-07
767.2667036190279	0.1634821474558521	588698.1944824092	0.0267264125367769	964.6917170177808	-8.388210816816809	930630.108882714	70.36208070736251	778.0439086318374	1.2582623135220956	1.5832240496299763	605352.323759107	799.8434689424395	703.3225750909648	1.172273	33.554333	0.077740439278837	0.0340595789708322	-0.1444484682	-0.0300417794	0.0383803475	-0.0548601557	0.0142043471	0.0505950793	0.0323175758	-0.0008957454	-0.0299145375	-0.0657407849	0.0101893606	-0.0828738008	0.1505487335	0.0503178519	0.0492534609	-0.0048198789	-0.0490416404	0.1227696454	0.1035652398	0.0296587094	-0.0186133296	0.0058529127	-0.0441282443	0.2421565797	-0.0961790453	-0.1825855695	0.0178143292	0.0080122684	0.0735569562	-0.0145279548	-0.0009655764	-0.0033474905	0.0081175854	-0.0163355896	-0.0615539992	0.0772053487	-0.0042473053	-0.0533118034	-0.0551219439	-0.0097853989	0.0012223993	-0.0744200844	-0.0973770269	-0.0208144425	-0.1379570432	-0.0595633382	-0.0155246844	0.1035844552	-0.0829414105	-0.0349012742	-0.0087717273	0.0544089708	0.0701955162	0.033828844	0.0992526717	-0.0489748229	-0.1266177616	-0.0344113292	-0.0898491102	0.0737433396	0.0210687509	0.183916503	-0.0743970519	-0.0324665929	0.0616765096	-0.070642526	0.0039820163	0.0583986159	0.0364672326	-0.0930137458	-0.0107329738	-0.0560984235	-0.0179845106	-0.0319659908	0.1164827004	-0.0195493758	-0.1054213193	-0.0045010703	-0.1126580262	0.0497759848	0.1647708968	0.0288533041	0.0119562331	0.0092208704	0.0065160335	0.0213185665	0.0087975658	-0.0310491662	0.05138818	-0.0884470517	0.0903388485	0.0157906713	0.0051395592	-0.0444972434	-0.0047770421	0.0598506392	0.0266814213	-0.0971984653	0.1034966266	0.179248885	0.00328101	-0.0181638068	0.0076901522	-0.075572902	0.0802199848	0.0569760674	-0.0544075418	-0.0020165194	0.019446952	0.0168674135	0.0053275925	-0.0203496147	0.0137676294	0.0803183971	0.0487606605	-0.0433510374	0.0625062144	0.046556777	0.1439878083	0.0386852175	0.0741027634	-0.0930545827	-0.0684070189	0.0368959117	-0.006976723	0.0637491453	0.2135876447	-0.0614927733	-0.0093186225	0.0269616487	-0.0383042813	0.0667937571	0.1165938314	-0.0559317266	-0.0569033758	0.0830928915	0.0338480795	-0.0518578543	0.0260355561	-0.0187529313	0.0098972701	-0.0458530195	0.0488181859	0.0941711285	0.0106188475	-0.0275875566	-0.0264155766	0.0349012224	-1.83835e-05	-0.1089454412	-0.0070393213	0.0174886776	0.0235093478	0.044151231	0.0522312731	0.2078379641	0.0102166972	0.0084979052	0.0533185202	-0.0200577564	0.0301509069	0.0133531664	0.1616738211	-0.1045280254	0.0433660709	0.1113248912	0.0776745227	-0.0279442822	0.0593122824	-0.0516532457	0.0027434187	-0.000106503	0.0037414194	-0.0327259109	0.0752586369	0.0006613996	0.1366880074	0.0043794339	0.0141388517	-0.0408253182	0.0593352621	-0.0152176457	0.0630026926	0.0153147965	-0.0318586609	-0.0194689714	-0.0147575909	-0.0078982864	-0.0385258523	0.0262873359	-0.0306161083	0.0493715301	0.0825001836	-0.017528007	0.0675589057	-0.0472303589	-0.030173586	0.1139341361	0.0184923696	-0.0585347352	0.0287768851	-0.0731441312	-0.0748920628	0.0259269352	0.0912382167	0.0315960199	0.0110934061527956	-0.009471396974746	8.970736065322766e-05	0.0001230636600708	-0.0633039286195469	0.0087567701138197	7.668102282628759e-05	0.0040073873786686	-0.0654250627298012	-0.0182147048740263	0.0003317754736478	0.0042804388331984	0.0008050504233148	0.0003168773023395	6.481061840793386e-07	1.0041122473795889e-07	0.0002348259063988	-0.000342527870175	5.514320631601799e-08	1.1732534184662165e-07	-0.000432594363097	0.0001665461738104	2.7737628010883964e-08	1.871378829832991e-07
765.6535040633395	-1.6131995556884249	586225.2882844702	2.6024128064733314	980.3823527856308	15.69063576785004	961149.557653489	246.196050799335	778.7171221667223	0.6732135348848942	0.4532164635522147	606400.356355622	800.8390954127888	697.5954855359647	1.073124	30.71637	0.0571777843524412	0.0245534779255539	-0.0591824413	-0.0467264161	0.0996799313	0.0323959208	0.0586129026	0.0319948082	0.1567237828	0.0645976759	-0.0852681175	-0.0434865033	-0.0943133107	-0.0476345463	-0.007637095	-0.1195574742	0.0287276529	-0.0049143941	-0.0006823737	-0.0931278565	-0.0038562128	0.0003668881	-0.0102202113	0.0538632526	-0.0622325771	0.0713602543	-0.0724941203	-0.1421404653	0.0052176105	0.0710389107	0.055134852	0.0532252258	0.0291247305	0.0120712569	0.0367734954	0.0201641066	0.0551963805	0.041985565	-0.0197756394	0.0080492892	-0.078929527	0.0104547865	-0.0789912823	0.073846112	0.0340967717	0.0218736504	0.0573520346	-0.0559312253	0.104739543	-0.0217581793	0.1182661557	0.0035820655	-0.0712646906	-0.0293853901	0.0048965263	-0.013020585	0.0372041789	-0.0586113241	-0.0345503435	-0.0362975318	0.0101044822	0.0325897499	-0.0112658665	0.0342209984	0.1052099181	-0.0335744674	0.0239291728	0.0944560074	-0.0060829866	0.0309748004	-0.0732924471	0.0173726699	-0.050843167	-0.0507609232	-0.0018519198	-0.0008621648	-0.0405862795	0.0291124564	0.0021321688	-0.0728728404	-0.0964952336	0.1242754859	-0.0712270473	-0.0254809579	-0.010766853	-0.0506068427	0.1099940862	0.0241963072	-0.0707133067	-0.0332213706	0.0988650956	0.0682101332	0.1508162213	0.0691251083	0.0654025833	-0.0142951311	0.0536668738	0.1039848871	-0.0998529412	0.0360334127	-0.0050051481	-0.1337688778	-0.013611223	-0.0027270271	-0.0598903713	-0.1040870049	-0.000632261	-0.0837363388	0.010478212	-0.0153177432	0.0144963476	0.0190323914	-0.0104249985	0.0962856035	0.0033716356	-0.0530800643	-0.0420687632	-0.0601410552	0.0770589084	0.0110747082	-0.1185762676	0.0147488157	-0.0082448357	0.0108631834	0.0912491642	0.0008003356	0.0585788705	0.007315239	-0.0806506214	-0.0711830578	0.0144996784	0.0622500707	-0.004158731	-0.0190236723	-0.0191715884	-0.0960989529	0.0777732822	0.0531374725	-0.0183824389	0.0362955854	0.0562849882	0.0778300018	-0.0298153976	0.0107268403	-0.0602758245	0.0198285672	-0.0436282166	-0.043885603	0.0451870884	0.0787504688	-0.0881862381	-0.0407923457	-0.0933884385	-0.0650626693	-0.0148323308	-0.0308087597	0.0114024252	0.086751177	0.0835019326	-0.0691811159	0.0593664073	-0.0485320643	0.0083603746	0.0659114687	0.0821558108	0.0845732206	0.1216406717	-0.0763492307	0.0469424122	-0.0002960128	-0.1273117627	-0.1200573485	-0.0195548141	-0.0238441545	-0.1344654378	0.0174176484	-0.0073571524	-0.1042132479	0.0027986202	0.0892728262	0.0277635335	-0.0498146194	0.1575999118	-0.0655712644	0.0641685228	-0.0161003766	-0.0593012693	-0.0162962404	0.005382559	-0.0739012646	0.0672662793	0.0543596377	-0.0252220367	-0.0750944757	0.0258815638	-0.095212751	-0.0781571397	0.0151704772	0.0324734893	0.0304504382	-0.0744188318	0.0845091634	0.0276404327	-0.0745488335	-0.0727850846	0.0304722578	0.0912382167	0.0247790096	0.0215474216716131	0.0104540155188175	0.0001092864404676	0.0004642913806943	-0.0785350794015329	-0.015231150781986	0.0002319879541435	0.006167758696605	-0.0578601934434885	0.0075648692863126	5.7227247318997184e-05	0.0033478019853179	0.0009516201114079	0.0001465696880931	9.05580836435984e-07	2.1482673467708624e-08	0.0004002148155437	0.0001653889091448	1.601718985806778e-07	2.7353491268139977e-08	-0.0005991907411655	-0.0001665963780684	2.7754353185542565e-08	3.590295442984612e-07
764.1382005163618	-1.515303546977634	583907.1894883836	2.296144839482999	978.6886161890895	-1.693736596541271	957831.407458115	2.868743658463208	778.5653022101692	-0.1518199565531404	0.0230492992077974	606163.9298056121	803.1438919945416	690.1939269598078	1.135481	32.501221	0.090099938209635	0.0439338331014281	0.0576240404	-0.0408869828	0.1690141969	-0.0698321334	-0.0351494643	-0.0723894907	-0.0846888558	0.0491265558	0.0035824958	-0.0307501082	-0.162732543	-0.0435573126	-0.0921389792	0.1352129979	0.0841969983	0.0307622557	0.0257930227	-0.0440172513	0.1638490799	-0.0896362673	-0.0179085694	0.0582109644	0.0641231065	-0.0522305168	-0.0165579898	-0.0546875239	0.0680571383	0.0485457073	-0.0533257645	0.1616470029	-0.0560768775	0.0147320284	0.142338871	0.0842323153	0.0390786859	-0.0711795125	0.0005605215	0.2006091745	0.0371930196	-0.0078606149	-0.0021712494	0.0125079966	-0.0154301834	-0.0252601874	0.04927557	-0.0228453977	0.0175938935	0.014518944	0.1076495301	0.050963129	-0.0021359122	0.0072458636	0.0171718337	0.0954019266	-0.0103558541	-0.0095033285	-0.1670096401	-0.0044851421	0.0968830443	0.0227932429	0.0329116908	-0.0207218589	-0.0008752647	-0.0280672068	0.0037340847	-0.0667993436	0.0104696468	-0.10103108	0.0677785631	0.0898740509	0.1310995043	0.0134042725	-0.0105517597	0.0452471614	0.0432110627	0.0502498557	0.0804188223	-0.1924399116	-0.0125869398	-0.116315731	0.010504886	0.0757737819	0.1065546562	0.1078018742	-0.0125909531	-0.0557017087	-0.1173316728	0.0408026054	0.0257541683	0.1024983408	0.0615772295	0.0394600399	-0.0154086748	-0.0971877718	0.0171841589	-0.0279940985	-0.022814704	-0.0202570282	-0.0592395036	0.0193239641	-0.0239624346	0.0239773646	-0.2195873039	0.0175929588	-0.0394093953	0.1088827516	0.0417570763	0.0246440811	0.0414442073	0.0873226416	0.0296285999	0.1140033075	-0.0315811479	0.0851090851	-0.0029789893	-0.0487670308	-0.0636600419	-0.1764422458	-0.1224277439	0.0659277382	-0.0377615934	0.0335119109	-0.011652781	-0.0113410834	-0.0092296811	0.0132197808	0.0730360636	0.1139500691	-0.1305783967	0.032871821	0.0658021352	0.0529743894	-0.1068896364	0.0523397715	-0.0159739454	0.0368307581	-0.1676973912	-0.0051045991	-0.0641699677	0.070806532	0.0196859198	0.0718312506	-0.0476985751	0.0436455622	0.076038141	0.1154716625	-0.0403509834	-0.0477173133	0.0234829825	0.0372757167	-0.0319186722	0.0482448588	-0.0128866123	-0.0039505278	-0.043320447	0.045722478	-0.0262941859	-0.0391118168	0.0055380801	-0.0550882009	-0.0644065727	-0.0167420639	0.0597969383	-0.0299479082	0.0844198673	-0.0436334506	-0.0083323725	0.0166270402	-0.0650410977	0.0686417446	0.105297975	0.0005403534	-0.0036385297	-0.1955907949	0.0474819171	0.010884825	0.0388313164	0.1184827634	-0.0658473004	0.0061753614	-0.0238802194	-0.0313570918	0.1617818511	0.0755602669	0.0087766868	-0.1001832775	0.0422296056	-0.0036227947	0.0441871267	0.0628897229	0.0460359562	-0.0457659816	-0.0943619392	0.0859067181	0.0320544193	-0.0250742003	-0.019279427	0.0497148539	0.0732063379	-0.0086768698	0.0264992443	-0.0759024438	-0.0705658771	0.034934058	0.0908475206	0.0178092284	0.0200413719614118	-0.0015060497102012	2.2681857295974182e-06	0.0004016565900956	-0.0553753580531974	0.0231597213483355	0.0005363726929325	0.0030664302795198	-0.0665915978251945	-0.0087314043817059	7.62374224768747e-05	0.0044344409009124	0.0003860162993512	-0.0005656038120566	1.4900858336479528e-07	3.199076722130707e-07	9.793555360615436e-05	-0.0003022792619375	9.591372660143934e-09	9.137275219750733e-08	-0.0003330185597719	0.0002661721813935	7.084763014782748e-08	1.1090136115255054e-07
762.1041908142018	-2.034009702160006	580802.7976565694	4.137195468481036	965.7744251598012	-12.914191029288304	932720.2402927444	166.77632994095052	777.1216803885795	-1.4436218215896588	2.0840439637698447	603918.1061299696	799.1265712439426	678.7722033805956	1.106747	31.678749	0.0833774762833055	0.0374838441532384	0.0641993992	0.0278204793	0.0107163321	-0.0708147977	-0.0289477949	0.019928644	0.1217882162	-0.0437049185	0.1148189417	-0.0449204555	-0.0316795267	0.1760089703	0.0071550757	-0.0039334603	0.1196344664	-0.1152648194	-0.0937441915	0.0129454208	-0.0961789738	0.0187194067	-0.042607278	0.1350262029	0.0579664538	0.0182748089	0.0281216567	-0.0356094063	-0.0118464449	0.0862534262	-0.0666976878	-0.0274250802	-0.1125962209	0.0434382846	-0.0306604995	-0.0906060262	0.0007947404	-0.0351601905	0.082469483	-0.060612651	-0.0341616652	-0.024263308	0.0378356571	-0.0542725533	-0.0745961893	0.0844486362	0.1123091829	0.0231036582	0.1067373899	0.0922587417	0.0073096835	0.1027957703	0.0423801124	-0.0567340477	0.0250156265	-0.0595901592	-0.0504231993	-0.0811620736	-0.0402682553	-0.0883433294	0.0390504799	0.017680079	0.1178858087	-0.0019127327	-0.0051032471	0.0145304705	0.0409727725	0.0963644072	-0.0501653103	0.0412939506	0.0678893828	0.049574445	-0.0156028978	-0.0424749584	-0.0807827584	-0.0861099418	0.0274637266	0.0032507121	-0.1745407385	0.0265763783	0.1086200993	-0.0189561371	0.0080424214	0.0063926866	-0.1043572606	0.0874335487	0.0601216746	0.0044469762	0.1682431232	-0.0215956622	0.0191774802	0.1559357701	0.0614825378	0.0355215817	0.0250571577	-0.0282032424	-0.1142562977	0.1152451168	0.0679686962	-0.06606604	0.0293780139	0.02917704	0.0123134129	0.0084503302	-0.0128680602	0.131448732	0.0396586416	-0.0446021875	0.1708708899	-0.0751031129	-0.0260752245	0.0064981851	-0.0162820779	0.0209866054	0.0010801081	0.085761019	0.1331601603	0.0401325999	-0.0616795809	-0.0257429217	0.1272903364	0.0087029355	0.0788186462	0.0159443223	-0.0010895259	-0.0822019515	0.0588958286	-0.037948373	-0.0775369184	-0.1138136667	0.0022725486	-0.0406361299	-0.0181983885	0.0573207738	-0.0192572873	-0.0470110401	0.0403099171	0.0352024335	-0.0036551483	-0.09260469	0.0786140937	-0.0112870418	-0.0152482271	-0.1054229102	-0.101472577	0.0114139005	0.0444974874	0.0021036186	0.076041772	0.1616034495	-0.0761662927	-0.0446812525	0.0365194597	0.0582867249	0.0417542527	0.0617782574	-0.0125402325	0.1266322745	0.0522216114	0.0284380889	0.012212117	-0.0678828642	0.020718134	0.0902496683	-0.0406946594	-0.0566508496	-0.1354481807	0.0075373059	-0.0684009311	0.0944403747	0.0539399759	0.0416053424	-0.0438348198	0.107151772	0.1457760291	0.0311344984	-0.0280819034	0.1135133996	-0.0551159434	-0.0260800271	-0.0337863327	-0.0367935421	0.0015792539	-0.1285239468	0.0401238305	-0.0320734688	-0.0597943681	0.0370001307	0.0792268876	0.0057557705	0.045857719	-0.0009114996	0.0673314639	0.1298214351	-0.0600644577	0.0390184259	-0.020555558	0.0462725093	0.0576674409	0.0986743608	0.0295227365	-0.0033036375	0.0253535154	-0.0772040342	-0.0682378621	0.0393001065	0.0900678015	0.0107296473	0.0361274141898064	0.0160860422283946	0.0002587607545736	0.0013051900560418	-0.0702019754670288	-0.0148266174138314	0.0002198285839361	0.0049283173594733	-0.0411731718003522	0.0254184260248422	0.0006460963815803	0.0016952300761013	0.0005670574919117	0.0001810411925605	3.2155419913318773e-07	3.277591340372804e-08	0.0004079195211534	0.0003099839675472	1.6639833573801917e-07	9.609006013633187e-08	-0.0002831159075549	4.990265221699997e-05	2.490274698290852e-09	8.015461711063468e-08
760.6910588467836	-1.4131319674182805	578650.8870094407	1.99694195733946	968.0343882387334	2.2599630789321736	937090.5768127388	5.10743311813659	776.193957033816	-0.9277233547635432	0.8606706229737232	602477.0589358134	798.390438864922	696.8227963596161	1.110918	31.798138	0.0858368764903566	0.0519764227769468	0.0036640854	0.1523049117	0.0308950193	-0.1178161789	0.0250107484	-0.016529211	0.1117516271	-0.1223636702	-0.1399158418	-0.0251514822	-0.0965545862	0.0466397554	0.0639349451	0.0733694484	0.0033145747	-0.0466963439	0.0749282735	0.0035658931	0.0587918668	0.1168967233	-0.0710697352	0.085017394	0.0701653843	-0.0370178227	-0.0023933243	-0.0285691575	-0.0131092999	-0.0892979972	-0.1068405787	-0.0586674226	0.0017470851	0.0738346912	0.0768015882	-0.0539205638	-0.080167768	0.0235022868	-0.0029106083	0.0136375747	0.0042882681	-0.0310722981	0.0486756895	0.0615966098	-0.0154032608	0.0572890526	0.0004064918	0.0658317807	0.1022217435	0.0122515207	-0.0908015537	-0.1334642833	0.02366578	0.089461638	0.0242721107	0.002875476	0.0060657324	0.1108372556	0.0334647538	-0.0320236382	-0.1443914555	-0.1200926994	-0.0239622139	-0.1163733452	-0.0903054699	0.0226390989	0.1003962216	-0.0149885786	0.0296779198	0.0841145646	-0.0222745529	-0.055133999	0.0385885848	0.0943978073	-0.014602909	-0.1043153834	0.0520046097	-0.001754859	0.0065193127	-0.1173087509	-0.008882774	0.0178518038	0.0241856808	0.023643908	-0.0209332653	-0.0644222708	-0.012419231	-0.000240922	-0.0300896287	-0.0702978341	0.0528741466	0.0124406919	0.0610133653	0.0165840004	-0.1017400732	-0.0234717279	0.1561255304	0.0035163696	0.0038358556	-0.0091890005	0.03747945	-0.0640228047	-0.0295958346	-0.0070778244	-0.0733194884	0.1076183864	0.0578572568	-0.0224139149	-0.102842713	-0.003941896	0.0532259016	-0.0349052206	0.1313086449	0.1292914579	-0.0667285061	0.0362365335	0.0366826403	0.0460060926	-0.050173163	0.077305283	-0.0084575411	0.0123171275	0.11764732	-0.0415089791	0.0158435753	0.0076278355	-0.1130874312	-0.0153336309	0.033736542	-0.0510450273	0.0185581469	-0.097653998	0.0238741334	-0.0822239981	0.0121195351	0.0029794586	-0.005588444	-0.037983929	0.0330360722	0.1009544751	-0.0363180178	-0.0132074225	0.0257146592	-0.1263001386	-0.048750814	-0.0469759813	-0.120860085	-0.0774434388	-0.0504698503	0.0162696368	0.0172710291	-0.0220557325	-0.011202849	0.1793030727	0.0511932148	-0.0223310667	0.0718605814	0.0053388512	-0.0635028934	0.0221015724	-0.0441434252	0.0513149543	0.1321502029	0.0735603908	0.0780801236	0.0497383344	-0.0349140771	-0.0405285696	-0.0348471901	-0.0232139566	0.0081616462	-0.0774095677	-0.0457432794	-0.0014718439	-0.069016789	-0.0351895362	-0.0290083198	-0.0531200301	0.0339189055	-0.047935714	0.0011243453	-0.0923580322	-0.1592404397	-0.0311190434	0.1743343472	0.0822544314	0.0465518171	0.0753745629	-0.0760062203	0.001004091	0.0211652095	-0.0324677659	0.0685546215	0.0248693172	0.080992211	0.117063228	-0.0146565457	-0.0305243553	-0.0692696752	0.0648859409	0.0053062616	-0.0746595918	0.0242034423	-0.0784527129	-0.0658046293	0.0435584361	0.0889023983	0.0035839144	0.0361819949263519	5.458073654549672e-05	2.979056801848921e-09	0.0013091367568505	-0.0870023261679335	-0.0168003507009047	0.0002822517836733	0.0075694047586314	-0.0306414198091857	0.0105317519911665	0.0001109178000034	0.0009388966079227	0.0005378713542296	-2.9186137682100043e-05	2.893055937007838e-07	8.518306327985e-10	-0.0004811435941651	-0.0008890631153185	2.3149915820611045e-07	7.904332230198365e-07	-0.0005338705157891	-0.0002507546082342	6.287787355068712e-08	2.850177276289197e-07
760.29231190014	-0.3987469466435414	578044.3995344598	0.1589991274575472	975.832730293274	7.798342054540626	952249.5175116257	60.81413879961691	777.1931624541412	0.999205420325211	0.9984114720072816	604029.2117654692	799.9357981110805	689.0645150030639	1.147658	32.849781	0.0618487000151293	0.0331440814398603	0.006109998	0.150895053	0.0270256654	0.0584363351	-0.0468318931	0.0694031575	0.1044224012	0.1218488665	-0.0426525468	-0.0007121711	-0.0683498679	0.1388099602	0.0040151834	-0.0697202	0.0524146701	-0.0374085592	0.1193686637	0.0188500433	-0.0366671463	0.0944960036	-5.00919e-05	0.0166832638	0.0897346105	0.0016679635	-0.1438085445	0.076303363	0.0493802671	-0.013594623	0.0630781768	-0.0349230791	-0.0052001595	0.0181026287	0.0562135064	-0.0751850783	-0.0415737857	0.0619407663	-0.0514112974	-0.0157290862	-0.0140782599	0.0768343485	0.0376889603	-0.0187514505	-0.0445221177	0.0262809711	0.028690115	0.0022168407	-0.0289668933	0.0490691448	0.0249627163	0.0966355666	0.00187862	0.06124576	0.122386829	0.0411532393	0.0318345839	0.0196530086	-0.011446352	-0.0193663933	0.0760091885	0.019582889	0.0131219842	-0.0254657437	-0.0672092522	0.0022093663	-0.0155020178	-0.0434408452	-0.0638996248	-0.0644295887	0.0109401295	-0.0368979396	0.0016964356	-0.0335715531	0.0643975255	0.0177476865	-0.0647804069	0.0114081713	-0.0187019608	-0.0398435363	-0.0058783471	0.036701787	0.0607398321	-0.0953193128	-0.1273140994	-0.0540251026	0.0174630013	-0.0267170077	-0.0479256091	0.0692432423	0.0156419012	0.0096600536	-0.014727869	0.1339628524	-0.1298808691	0.0247631512	-0.0344839957	-0.047088725	0.1023996475	0.1383718275	0.0731234184	0.0008464081	0.0593921202	-0.0165469899	-0.0261138602	0.0282200169	0.1064146718	-0.0862672177	0.0893374102	0.0337349429	-0.1013318773	0.0599992247	-0.0198648896	0.0765062815	-0.026273656	0.0540991927	0.0225396988	-0.0261808217	-0.0006372789	0.0110141971	0.0158823263	-0.0276090169	-0.0105762457	0.0536622002	-0.0395133186	-0.0078594063	-0.0347395158	0.0481014606	0.0618559154	0.0367759292	-0.0261823467	-0.0230975543	-0.0500942526	-0.0611541731	0.02259543	-0.0102500253	0.0724213759	-0.021087708	0.0632204387	-0.0563281564	-0.0468237556	-0.0087593039	0.0432352733	0.1049276277	-0.1291635096	-0.0266585913	-0.0229959822	-0.013046688	0.0359911359	0.0772821711	0.0555795434	-0.038581764	-0.0152069964	0.0364379437	0.0971449348	-0.0103032197	0.0240346818	0.0573033682	-0.0385000112	-0.1370152326	0.0910685977	-0.0025809755	-0.0148708991	0.056163401	-0.1202805872	0.0183017613	-0.0476887986	0.1009184394	0.0661934542	-0.0317155739	-0.0636407367	0.0055278402	-0.0561986928	-0.0282937491	-0.0351273641	0.0345505016	-0.0373662044	0.0378438477	-0.0289020295	-0.0320686873	0.0147523336	-0.1795306045	0.0015618217	-0.0487434723	-0.0850830883	-0.1019617988	-0.0209058026	-0.0906926424	0.0159705782	0.0378910546	0.0419138576	-0.0239641271	0.0493555201	-0.0519151373	-0.0530517447	0.0629610187	-0.0227930636	0.0005471296	-0.0396940586	-0.0682660615	0.1197901873	0.1449580543	0.0230492221	-0.0796476241	-0.0632699305	0.047697375	0.0873563013	-0.0035839144	0.0358551808316178	-0.000326814094734	1.068074525168675e-07	0.001285593992468	-0.0947980374523496	-0.007795711284416	6.07731144299725e-05	0.008986667904817	-0.0346181304268498	-0.0039767106176641	1.5814227336642402e-05	0.0011984149542503	0.0009469885118472	0.0004091171576176	8.967872415705744e-07	1.673768486571042e-07	-6.417273380709965e-05	0.000416970860358	4.11813976427687e-09	1.7386469838769102e-07	-0.0003649692533984	0.0001689012623907	2.852763643717209e-08	1.332025559261855e-07
760.0481289076478	-0.2441829924922558	577673.1582560163	0.059625333822473	972.6751816055992	-3.1575486876748755	946097.0089114852	9.970113715037328	777.6753198892862	0.4821574351450408	0.2324757922656442	604778.9031649036	800.5004535396214	675.9166564536163	1.081218	30.948034	0.0922393461383082	0.0498373918098225	0.0409254997	0.0647188082	0.0451812414	0.207068332	-0.083359184	0.0315218748	0.0348527103	-0.0429348109	-0.0282632842	-0.0813842286	-0.0580584709	0.0357028089	0.0020035277	-0.0447600816	-0.0694384343	0.0608897738	0.1483593028	0.1364018646	0.0034233983	0.0825375134	-0.0828935384	0.058897264	0.0562455183	-0.0771191685	0.0278365142	0.0265869743	0.114042331	-0.1057464823	0.1063811305	-0.0068839223	-0.0221405591	-0.10897325	0.1441538568	-0.0371148703	0.0137514689	-0.0434414543	0.0653083503	0.043926087	-0.0615897425	0.0618735333	-0.040000255	0.0118588498	0.0449706692	0.0647880748	-0.0305166	0.1103515604	-0.0226915415	-0.0989078458	-0.0806504544	-0.0693217045	0.0302028697	0.0112319572	-0.1040406469	0.0153628173	-0.0309791784	0.1294492869	8.40119e-05	0.0500286606	0.0397267972	-0.0151850708	0.0518008928	0.0881089653	-0.0016718911	0.0345414749	-0.0774460417	0.1088725521	0.0098188406	-0.0140503066	0.0189647417	-0.0404476652	0.0718562288	0.1204635977	0.0218806431	0.0432981192	0.0264672552	0.0462694738	0.0228899703	0.1145003936	-0.0445010863	0.0319512585	0.0745595764	0.0715158194	-0.0260142193	0.1110775652	0.0149056515	-0.0623963589	0.0750892889	0.0001988735	-0.0293504467	0.008066419	-0.1484835561	0.0064543847	-0.043197821	-0.0016143926	0.0237126705	-0.0143618366	0.0748156333	-0.108857604	0.037215845	-0.1271535988	-0.0175098858	-0.0354765803	-0.0240795044	-0.0245199766	0.0774330124	0.0036291872	0.0051688793	0.2168099138	-0.0042479054	-0.0083791918	-0.0268123055	0.0444758854	0.0892296962	0.0177456177	0.1147963391	0.0130543881	0.0183116917	0.0297473176	-0.0362413701	-0.0567029912	0.0142873885	0.001935516	0.0076893146	0.0338086623	-0.0642013547	0.027734206	-0.0761591115	-0.0048091372	-0.0029616042	-0.0001245336	0.090647323	0.0174898408	-0.0011651285	0.034695787	-0.083651303	-0.0327534153	0.0302069741	0.0237548653	0.0651494875	-0.0497367717	0.1233551055	0.0784719193	-0.0355223255	-0.0872195403	0.0605258948	-0.0122180061	-0.0098034872	-0.1312875812	0.0700507875	-0.029667537	-0.0442771994	0.0697088496	-0.064353863	0.0235668829	0.0534086304	-0.0038844752	-0.1315661156	0.0391195185	-0.0266980571	0.0140830524	-0.0543254697	0.0766691805	0.0477935757	-0.1217071961	-0.0623537299	-0.0760458241	0.0947495381	-0.0130997472	-0.0085850276	-0.0227085351	-0.0361899122	0.0135412702	0.0649935677	-0.05711304	-0.0139941218	-0.122097547	0.0163579249	0.1351300285	0.016729337	-0.1079296854	-0.1056348876	0.0989764695	-0.0267731066	-0.1792204517	-0.0564265881	-0.0032300251	0.0059830236	0.0234573211	-0.0083227089	0.0303832592	0.0054392133	-0.0078111069	0.1478526287	0.0766297788	-0.0052117937	-0.0028107012	-0.034278843	0.0202131251	0.0633919353	-0.0670779276	0.0218910524	-0.0807879487	-0.060637674	0.0517055788	0.0854361313	-0.0107296473	0.0182742549613976	-0.0175809258702202	0.0003090889544541	0.0003339483943941	-0.0563019095665566	0.038496127885793	0.0014819518621993	0.0031699050208407	-0.0491366890702948	-0.014518558643445	0.0002107885450831	0.0024144142127908	0.0009485673855271	1.578873679900037e-06	8.99780084885718e-07	2.4928420970810845e-12	0.0003663276726615	0.0004305004064685	1.341959637575911e-07	1.8533059996962957e-07	-0.0003641738587699	7.953946285000116e-07	6.326526150466715e-13	1.326225994113591e-07
762.4053568652087	2.3572279575608945	581261.9281767661	5.556523643906706	976.5325467369772	3.85736513137806	953615.8148366066	14.87926575677128	778.2212297594225	0.5459098701362564	0.2980175863121843	605628.2824482679	800.7329248375939	668.433247190697	1.051592	30.100044	0.0623810418065532	0.0299915356652766	0.07654751	0.0041351855	-0.0531492357	0.1603365322	-0.0261670685	0.1068562244	0.0916424669	0.0540217237	-0.0016713056	0.062558427	0.0640092337	0.0546045864	-0.0974594477	-0.1036674342	-0.0852670292	-0.0234869337	0.0853346964	-0.0162213873	-0.0097122178	-0.0266397542	-0.0250260454	0.0080160943	0.0264031468	0.0156590479	-0.1119813983	-0.0641671308	-0.0917212824	0.0120645867	0.0452815626	0.0599063536	0.1006989845	-0.1796920937	-0.0118985644	-0.0497065207	0.0803198704	0.0221171199	-0.0272794727	0.0174532173	0.0877912324	0.0680935764	-0.0477271279	-0.0893260327	-0.0319222181	-0.0754644559	0.0220931428	-0.0059150915	-0.0979685141	-0.0536350712	-0.0529186157	-0.0114872776	0.103220993	-0.1107270189	-0.0040343	-0.0137112506	0.0956964565	0.0504315475	-0.0305661972	-0.0243937932	0.0054277782	0.0288154732	0.1458274565	0.017547482	0.0353042778	0.0615164653	-0.006960074	0.1481816982	-0.085045029	0.0629361898	-0.0666147567	-0.019743754	-0.041425731	-0.0001419553	-0.0289118067	-0.1561700567	0.0271268691	-0.0325022805	0.0384248712	-0.0798689273	-0.0284957735	-0.0009303026	-0.1352923353	-0.0805650236	-0.0651855323	0.0520896573	0.0725360428	0.0631611787	0.046256543	-0.0204368438	0.0174515849	-0.0737543779	0.0709912982	0.0434068456	0.1351131296	-0.041178283	0.0356570064	-0.0355639673	-0.0613357302	-0.0244499568	0.064559096	-0.0499710471	0.0550088303	-0.0169453829	0.0475518049	-0.0206671853	-0.076263697	-0.0487445153	0.100574679	0.191586357	-0.1107171842	0.0099746218	-0.0171312674	-0.0628054229	0.0890047914	-0.0393366542	-0.0631300065	-0.0896090206	0.0118491519	0.0268332799	-0.0425556218	0.0028143992	-0.0093618873	-0.0273923373	0.096848186	0.0470991113	0.013150499	-0.0624988468	0.1236113208	-0.0055125013	0.1403751723	0.02913419	-0.0530830864	-0.0102865441	0.1375429832	0.0413960867	-0.0229765575	-0.0478025318	-0.0850839193	-0.0401046855	0.1152331351	-0.062551851	0.1004783228	0.0080847678	-0.0256902378	0.0747078589	-0.0303806005	-0.0868957121	0.0622369315	0.110261707	-0.106494862	-0.034413917	-0.0860645367	-0.0111515214	0.0543048417	-0.0521263343	0.0775038133	-0.0221752728	0.0814451546	0.008895178	0.0299100915	-0.049034127	0.0731026739	0.0012267052	-0.0079015289	-0.094822059	0.0596345376	0.0070315188	-0.0498419766	-0.0251924451	-0.0341908501	-0.1052948152	-0.02454856	-0.0296137834	-0.0100055269	-0.0266852709	0.0603819311	-0.0443319732	-0.0886923845	0.0546518413	-0.0593530309	-0.0700321289	-0.0064520459	0.0313431868	-0.1188275209	-0.1155045797	-0.0113041458	-0.0586214374	-0.0833110442	-0.0556416669	0.0325724494	0.0133597279	-0.0826378209	-0.0154897746	0.0038371742	0.0502419874	0.0171745007	0.0089924285	-0.0283411684	0.0570772166	0.0447236964	-0.0692543705	0.0207291319	-0.0818729053	-0.0579119187	0.0555720611	0.0831501106	-0.0178092284	0.0359298374219605	0.0176555824605629	0.0003117195920217	0.0012909532171685	-0.0769567912235089	-0.0206548816569523	0.0004266241362627	0.0059223477154187	-0.0391416448403418	0.009995044229953	9.99009091587168e-05	0.0015320683608074	0.0010301075256209	8.154014009380001e-05	1.0611215143408132e-06	6.6487944465165335e-09	0.0004377464112519	7.141873859040001e-05	1.916219205639176e-07	5.1006362218438915e-09	-0.0004927256492674	-0.0001285517904975	1.6525562840113133e-08	2.427785654459809e-07
762.7740566475949	0.3686997823862157	581824.2614946283	0.1359395295316428	973.4069843725724	-3.1255623644048	947521.1572253054	9.769140093783724	777.7340390317075	-0.4871907277149603	0.2373548051714326	604870.2354685736	800.382621278659	681.8886816873091	1.073433	30.725206	0.1028702279018601	0.0512963288666404	0.081830208	-0.0463240227	0.0312120448	0.0250164456	0.0058949672	0.0064226336	-0.1552159582	0.0390079548	-0.0693704902	-0.0148847502	0.0035803611	-0.1000246367	-0.150032076	0.0661944071	-0.0463752909	0.0457879169	0.0623377144	0.0198407401	0.0755182498	0.0525007522	0.0127595893	-0.027060649	0.0022068991	-0.0858955491	-0.0156312291	-0.1061088869	0.0464150645	0.0193615929	-0.0574621785	0.1045312651	-0.0454539936	-0.0047768543	0.0923255903	0.0813607798	0.0103968324	0.0453531453	-0.0631214493	0.0596134485	-0.1136924326	0.0020823335	-0.0035483761	-0.0291685401	0.0856300042	-0.0754525902	-0.0407803899	-0.0181737436	-0.062063043	0.163503807	-0.0991610551	0.0044997677	-0.1098596472	-0.005484015	0.013344851	-0.0115950056	0.0987545496	-0.0194696679	0.0138155474	-0.0165274502	-0.072023118	-0.0102204584	-0.1153060439	-0.1162067761	-0.0372244169	0.117775425	0.0431239148	0.0875490951	-0.0470225588	-0.0006583901	-0.0600500531	0.0607626091	0.0493128793	-0.0705971236	0.0509313593	0.0081066025	0.0100291443	0.0800844823	0.0147735061	0.0124584717	-0.0174732156	0.1370618082	-0.0439692897	0.0499737401	-0.0474828709	-0.0471919929	-0.0662355284	0.0334124529	-0.0971215345	0.0134791896	0.0827237089	0.0402581251	-0.0756189615	-0.0826626291	0.0038952568	0.0310086785	-0.085724846	0.010069143	0.0193784355	0.0319046248	-0.0329436788	-0.0992856534	-0.100984897	-0.0521415768	-0.0487454191	-0.0216615891	-0.1339409525	0.0699972225	-0.0542961716	0.1092606167	0.0630961268	-0.0480590744	-0.0100911701	0.1396035055	0.024311626	0.0125300793	-0.0451268081	0.0065760772	0.0700507304	0.0941774246	-0.0049167845	-0.0996028492	0.0674469165	-0.0022836024	-0.0047575861	0.0318233251	0.1014263836	0.0421096994	0.0704923784	0.0519599644	-0.0164650933	0.0120352884	-0.0942919963	-0.0295927241	-0.0440690623	0.0456463929	0.0278035442	0.0723093226	-0.0412007931	-0.1123444108	0.0338305985	-0.011329743	-0.083634123	-0.0947712174	-0.0205645254	0.0245133754	-0.0932656504	-0.0183417204	-0.030547628	-0.1120130277	-0.0410355345	-0.0452968241	-0.039228012	0.0425888254	0.0437005121	0.0125483655	0.1031324423	-0.0058610814	0.000352233	-0.0057091977	-0.0097641346	0.0201567558	-0.0199676376	-0.0035753672	-0.1031551154	0.0889394987	0.0770401025	0.0468016856	-0.0437572482	0.0443605516	0.0450837457	0.0522194019	-0.0032984074	0.0103128152	-0.1257296292	0.0233611312	0.010165554	0.1386109689	-0.0570958939	0.0930016455	-0.0100371918	0.0377535057	-0.0639633142	0.0384912913	0.044141534	-0.0007750283	0.090956767	-0.0736581039	-0.104287962	0.0414771441	-0.0159213806	-0.0352349453	0.1769799187	-0.0211623923	-0.0123191019	0.0016912675	0.0859901338	-0.0747047633	-0.0373140565	-0.0429876647	0.0661724285	-0.1007693094	0.0195636596	-0.0829017503	-0.0550968674	0.0592862243	0.0805080284	-0.0247790096	0.0223082490463042	-0.0136215883756563	0.0001855476698758	0.0004976579755119	-0.091084391378672	-0.014127600155163	0.0001995890861441	0.008296366352823	-0.0271069450703862	0.0120346997699555	0.0001448339985529	0.0007347864710489	0.0003269879782293	-0.0007031195473916	1.0692113790648521e-07	4.943770979241684e-07	-4.159345587040342e-05	-0.0004793398671223	1.7300155712431963e-09	2.2976670821282758e-07	-0.0005719930267752	-7.926737750780003e-05	6.283317136964082e-09	3.271760226794547e-07
763.7309316668424	0.9568750192474909	583284.935984703	0.915609802459886	975.0477600097656	1.640775637193201	950718.1343000616	2.692144691606755	778.867524797136	1.1334857654284178	1.2847899804288463	606634.6211836172	801.8007703180941	674.0700508096063	1.011268	28.945839	0.0742947434100284	0.0425737753479364	0.0845763225	-0.0689801478	-0.0127512224	0.0152606356	-0.0430679071	0.0198800811	-0.0029693757	0.0928835217	-0.0482677309	0.0440555808	0.0410139352	0.0186060297	-0.1434426047	0.0378043823	0.053270945	0.1163022582	-0.0052969133	0.0137307506	-0.0348584073	0.0131210945	0.0338215044	0.0296357992	0.125300633	0.0319424618	0.0554987626	-0.0090534063	0.0503117988	0.1029523338	-0.0468453062	0.0579311487	0.033695486	0.0566879984	-0.0165603962	-0.0774984918	-0.0794358911	0.0723613539	0.037914784	0.1506339584	0.0172312558	0.0188602806	-0.0895300273	0.0473658883	0.0489934968	0.1516402206	0.027139197	0.0480176074	0.0234667281	-0.0913470009	-0.0183646565	0.0291860873	-0.0553901081	-0.0277285945	-0.0122573146	0.0269946259	0.0285303752	0.0215221126	0.0588112356	0.0401631983	0.0459175872	0.0961896726	-0.0606640682	0.0407240996	0.0462293727	-0.0416380254	-0.0227645438	0.0022249246	-0.0682505668	0.1056145662	0.0055183733	0.0644339358	-0.0156353331	0.1273702479	0.0377122992	0.0636785616	-0.0642634727	0.0268111986	0.0417778485	0.0052551932	0.0122424508	0.006536823	-0.0341661289	0.1114645704	-0.0565326234	-0.1206283365	0.0482046401	0.0128404125	0.0708239885	0.0739839215	0.029732063	-0.0832264046	-0.0107037428	-0.046376043	-0.0968356127	0.0006090787	0.0099953969	0.0008791145	-0.0544487367	-0.0652301023	0.1283945373	0.1554315184	0.0323637142	0.1035862943	-0.0028739433	0.0166483201	-0.1008917468	0.0783842062	-0.0012359084	0.0100432427	-0.0953314455	0.0978590287	-0.0909968058	0.0059167539	0.0408604584	0.1371540078	0.1440056312	0.0582198266	-0.0451869925	0.0921720682	-0.0519706519	0.0399817204	-0.0938530025	-0.0102794191	0.0309984962	-0.0010160859	0.003517775	0.0719291728	-0.1083682827	0.0427023613	0.0486395761	0.109197602	0.0134800573	0.0019580118	0.1086706804	-0.003183795	0.0026459397	0.1194940369	-0.0320094832	0.0831423002	-0.020050781	0.0266470448	-0.000395016	0.0042222318	-0.0071041124	-0.0081717493	0.0247942284	-0.0028502123	0.0198800645	0.0648382099	0.1119764085	0.0048825939	-0.0787284861	-0.0858600886	-0.0557437323	0.0470999013	0.0592907214	-0.1064087057	0.0422498524	-0.0333839715	0.0752820009	0.085992213	0.0467629891	-0.0676669636	-0.0309291999	0.0747505093	-0.1330720331	-0.0223706889	-0.0135739232	-0.1054047375	-0.0063738319	-0.0070470557	-0.1162380295	0.0678889275	0.0325567757	-0.0292956951	0.0680222098	0.000375466	-0.0483432209	0.0507437153	-0.0830481694	0.0259282853	0.0027430729	-0.006279585	-0.0428647226	-0.0490512265	-0.0081080357	-0.0772578273	-0.0330359708	0.0014889011	0.1029322523	-0.0027803775	0.026291711	-0.059617059	-0.0109334479	-0.0235354041	0.087155555	-0.0286921261	-0.0789326784	0.0027305836	0.1287193981	0.0391343163	0.0183948351	-0.0838737786	-0.0521968607	0.0628378881	0.0775211985	-0.0315960199	0.0237350846319657	0.0014268355856614	2.035859788509995e-06	0.0005633542424865	-0.0986131320317582	-0.0075287406530862	5.668193582143285e-05	0.0097245498091129	-0.0438065590704468	-0.0166996140000606	0.000278877107751	0.0019190146175925	0.0009170859100755	0.0005900979318462	8.41046566459008e-07	3.482155691691625e-07	0.0003132503892209	0.0003548438450913	9.812580634704533e-08	1.2591415439918093e-07	-0.0005441437402883	2.78492864869e-05	7.755827578294306e-10	2.960924100949409e-07
763.320243084247	-0.4106885825954123	582657.7935021939	0.1686651118742287	970.393154924566	-4.654605085199592	941662.8751244528	21.665348499165894	777.1423660828186	-1.725158714317331	2.9761725895850266	603950.2571608017	799.6552990823907	683.4481869770515	1.009784	28.903355	0.0924759939722789	0.0503634160227495	0.0506502367	-0.0132213371	-0.0228586998	-0.0871307358	0.0434611964	-0.0336848727	-0.0865018609	0.0396691435	0.0185839586	-0.0701429544	0.0300876152	-0.0207962833	-0.0531191248	0.0680528858	-0.0332274259	0.0435723976	-0.0441682981	-0.0593253816	-0.0067020247	0.0777116006	-0.0712584879	-0.0455587935	0.0523874273	0.043935317	0.1426557251	-0.0696137818	-0.0066883887	0.0181260741	-0.0911046415	-0.0165239812	-0.0005829083	0.0245949545	-0.0273920647	-0.0369403182	-0.0980305524	0.0500744919	-0.0954976363	-0.0764712195	0.0025050203	-0.128746866	0.0311009478	0.0891265271	-0.0161251879	0.0374005393	-0.0339882513	-0.0770366444	-0.0313685542	-0.0650660791	-0.0047251944	-0.0023645399	-0.0153586815	0.0792344214	0.0006165908	0.0560514735	-0.0803630838	-0.1196525944	-0.0102140672	-0.0751557962	0.1017200497	0.069993868	0.0517883104	0.1829804067	-0.0318115437	-0.0294411433	-0.0405090706	0.1841269151	0.0258305671	-0.0252864471	-0.0419748971	0.0413227412	0.0261421983	0.0630095504	-0.0468962894	0.0314750082	-0.0120680449	-0.0879178202	0.0372749036	0.0152556054	0.0427151052	0.0508713916	-0.1907995616	0.0038954342	-0.0670589694	0.120576553	0.0770269866	0.1803808316	-0.045052451	-0.0056802372	-0.0521717095	-0.084471017	0.0490611801	-0.1417279999	-0.0275018077	-0.1112875379	-0.0329926059	0.0227240078	-0.029488383	0.0082525919	0.0628472336	0.0538737592	-0.0684054416	0.004319776	0.0135218543	0.0528063546	-0.0789630002	0.0382009232	-0.0739998369	-0.0595802933	0.0826690351	0.0297674221	-0.0733982991	-0.0044261731	0.0047100657	-0.0695743398	0.0174652482	0.0618371738	0.0180134344	0.0979530647	0.0418820354	0.0576194996	-0.0390468633	-0.0086537981	-0.1792710925	0.0377671001	-0.0552769876	-0.0014333009	0.0355087114	-0.0736774933	-0.0333022217	0.0428163711	0.05020246	0.0362930875	0.0222247259	0.0026222177	-0.0049409402	0.0777316878	0.0731869529	0.0168351787	0.0885694897	-0.0026273366	-0.1120308512	-0.046225865	-0.0771189872	0.0046755057	0.0382338355	-0.0132941792	0.0853279673	0.0093655081	0.0155962447	-0.0639516884	-0.0963129931	-0.1436024509	0.0697841619	0.0282166112	-0.0340876491	-0.010621544	0.0581676306	0.0127384619	0.0813845125	-0.0754835967	0.1264575673	0.124969282	-0.0311662456	-0.118301687	0.0214384115	-0.1018044771	-0.010482454	-0.0512005765	0.0836831833	-0.0237650278	0.063923329	0.0240229652	-0.0048130654	-0.0323147135	0.063748187	-0.0054783081	-0.0419477516	-0.0003076382	0.0042169331	0.0511851828	-0.0503307424	-0.0111092319	0.070078004	0.0421835208	0.0707170782	-0.0262901707	0.0556652332	-0.0239488587	-0.0708314695	-0.0063544189	-0.0215448918	0.1211653589	0.0606153729	-0.005944171	-0.0173926824	-0.0728280264	0.0084955836	-0.1173712581	-0.0023124301	0.044914074	0.0172228587	-0.084788324	-0.0492163702	0.0662173176	0.0742024108	-0.0382182304	0.0223560183330846	-0.001379066298881	1.901823856709612e-06	0.0004997915557092	-0.0891458205824733	0.0094673114492848	8.962998607776082e-05	0.0079469773273225	-0.0115187523699802	0.0322878067004666	0.0010425024615266	0.0001326816561609	0.0004119860887872	-0.0005050998212882	1.6973253735417467e-07	2.551258294654725e-07	-4.163825746372751e-05	-0.0003548886466846	1.7337444846156601e-09	1.2594595154564636e-07	-0.0006709914627883	-0.0001268477224999	1.6090344703436998e-08	4.502295431347826e-07
763.3283272530505	0.0080841688035206	582670.1351869401	6.535378524381726e-05	972.1414253494956	1.7482704249296148	945058.950880549	3.056449478683576	776.7796642544033	-0.3627018284153109	0.1315526163358096	603386.6467991836	799.2401734901376	679.7064479687397	1.009077	28.883125	0.0694224994363864	0.0374103706222188	0.0381420533	-0.0212039017	-0.0798236134	-0.0228266354	0.0190939562	-0.0812733544	0.0671746421	0.0095986422	-0.0085933868	-0.0423977137	0.0534099181	0.0069312787	0.0107505739	-0.0067688775	0.0148092619	0.0943330114	0.0325682251	-0.0060855735	-0.0250211881	0.0659664231	0.0926488428	0.0189186718	0.0179287454	0.0300676483	0.0640192895	-0.0114332537	-0.1204692638	0.0764867773	-0.1425958521	-0.0432773663	0.0026490005	0.1187124009	0.0840684157	0.0628584399	-0.073856303	-0.0910230213	0.1347877903	-0.1030260458	0.049767732	0.0179757178	-0.1371951033	-0.1180360389	-0.0425871073	0.0533382831	-0.1787414668	-0.0455221641	-0.0781838999	0.0570105981	-4.15429e-05	-0.0908509334	-0.0413788653	0.053559104	-0.0150944712	-0.0618165471	-0.0932615959	0.0276423346	0.0330316265	-0.0103275871	-0.0193878071	-0.1197986194	0.0110487584	0.0867433219	-0.0089958734	0.0742188376	-0.0429388311	0.0147120627	0.0026796531	0.0601675356	0.093715205	-0.0594137421	0.0077269019	-0.0371039025	0.0190302383	-0.0590006851	0.1159169169	0.017309654	-0.0356394221	-0.0088085839	0.0553717545	-0.0004718203	0.0618111596	0.005218335	0.078945946	0.0305427871	-0.0664096119	0.0070090418	-0.0834855277	0.0031720271	0.0305696663	0.0159345974	0.0552522464	-0.0843692941	0.0101480883	0.0463309118	0.0895416446	-0.0901927461	-0.0142049739	0.0264281081	-0.0643293724	0.0715580998	0.2159054592	0.0780928402	0.0533709457	0.0888725807	-0.0580341944	-0.0145867474	-0.1119832728	-0.0571111286	-0.0225040326	-0.149569016	0.0012248116	0.0311954404	-0.0365803969	-0.004471533	0.1383673164	0.1494498675	-0.0381044888	0.0170890184	0.0634412889	0.0527160748	0.0601735065	-0.1274904998	0.0339167971	0.0054823384	-0.0420178376	0.0695062072	0.0779552473	-0.0945309105	-0.0016255362	-0.0711775365	-0.0012544023	-0.0164863917	-0.0013178288	0.0244873791	-0.0318894268	-0.0296872418	0.0838596871	0.04319138	0.0735611364	0.0298758727	-0.0694399845	0.0733351262	0.1566904396	0.0940377516	0.0494498716	0.0042285033	-0.1616732209	-0.0183465973	-0.0548467638	0.0923454012	-0.0793447636	0.0204471676	0.0267247004	-0.0970536739	0.0640713145	0.0379436669	-0.1125811974	-0.008573786	-0.042016342	0.0025715933	-0.0167388082	-0.0998583335	0.0309041752	-0.0441196544	-0.0076332257	-0.0276563627	-0.024246038	-0.0537115055	-0.0011385973	0.0280261209	0.0839515002	-0.0621885964	0.0259019661	0.0460776306	0.0174509684	-0.000446321	-0.031140653	-0.0608173725	-0.0441203502	0.0148996622	-0.0357993527	-0.0354274481	-0.061909522	0.0589884677	0.0248551049	0.048889357	0.1586614139	-0.0412086267	0.0705515489	0.0720160322	0.0424322831	0.05283573	-0.050425186	-0.0272189954	-0.0327498042	0.0467600571	-0.1587516438	-0.015720213	0.04390557	-0.0633236143	0.0160479313	-0.0856447597	-0.0461599916	0.06941525	0.0705658771	-0.0446048127	0.0232041193513765	0.0008481010182918	7.192753372277571e-07	0.0005384311548729	-0.1205461213107383	-0.0314003007282649	0.0009859788858254	0.0145313673630632	-0.0117178027231261	-0.0001990503531459	3.962104308750775e-08	0.0001373069006581	0.0001899167119015	-0.0002220693768857	3.6068357459477364e-08	4.931480815040308e-08	-0.0003560441760901	-0.0003144059186263	1.2676745532767813e-07	9.885108166729317e-08	-0.0004679658115667	0.0002030256512216	4.121941505395477e-08	2.1899200079528017e-07
764.5318231776662	1.2034959246157086	584508.9086513662	1.4484024405666194	973.3871700980446	1.2457447485489863	947482.5829114796	1.5518799785373778	776.4028130150414	-0.3768512393619403	0.1420168566086304	602801.3280576693	798.7745594125513	687.4760428366512	1.024584	29.326975	0.1697647719704687	0.0840713215430033	-0.0206839289	-0.0734157994	-0.0249342795	0.0099319012	-0.0835578048	-0.0213310397	-0.0235569043	-0.0532244524	-0.0310222867	-0.0173623282	0.0500084995	-0.041103339	0.0040536202	0.0180358713	-0.0313569628	0.0371882981	-0.0005464047	-0.0331789965	-0.0008317869	0.0495024978	-0.0297606515	-0.0463108372	0.0560160306	-0.0470035746	0.1409458393	-0.0495886105	0.0592175437	0.0367632132	0.0442294743	-0.0519878582	-0.0936563018	0.038044285	0.019606137	0.0401124123	-0.0575281784	-0.0949004077	0.040690596	0.0435814208	-0.0669612359	-2.58401e-05	-0.0133747314	0.0147678912	0.0993278246	-0.0149131326	0.0178330232	0.0176139168	0.0226453585	-0.0432839115	0.0407423293	0.0845777769	0.0232106563	-0.0068536243	-0.0629515052	0.0197821318	0.0378948516	0.0125393982	0.0293815239	-0.0189492938	0.0166213478	-0.0418999523	-0.1273925421	0.0449695075	0.0880195407	-0.0248040375	-0.0474412665	0.0213069886	0.0294475412	-0.0219142108	0.0623598879	0.0590542252	-0.0104569571	-0.0733855346	0.0155735076	-0.0979688559	-0.0976852021	0.05012857	-0.0063252506	-0.0280813887	0.0244732858	0.1081898435	0.0262523599	0.1194032236	0.0272207971	-0.0250744397	0.0208401761	-0.011735397	-0.0160282906	0.0366133013	-0.0748662499	-0.0667871475	0.0300235832	-0.035929582	-0.0918583277	0.0348304327	-0.0349501533	-0.0214989222	-0.024665966	0.0162599172	-0.0546700836	0.0267502801	0.0149015209	-0.0700111773	0.0568786447	-0.0048984644	0.0331755099	0.0515772904	-0.0051662433	0.0248150448	0.0789300112	-0.0643456469	-0.0692241729	0.0395007895	-0.0077697747	-0.0060640001	0.0492029015	0.023355494	-0.0083308064	0.0276514975	0.0361541402	-0.0169874337	-0.0806081647	0.0556404219	-0.0103042691	-0.0111780359	-5.09685e-05	-0.0386969823	-0.0312335064	0.0660977593	-0.0708266517	0.0467795999	-0.0386849939	0.0213327056	-0.0436880643	-0.0679486934	0.0965074729	0.1024855361	-0.0465660222	0.0347571699	0.0407429383	0.0440033159	0.0234397647	0.058462147	0.0399102309	-0.0409471503	-0.0218889485	-0.0667905292	-0.0084649786	0.0117306428	-0.0700980133	0.1550357481	-0.0553345216	-0.0216354449	0.0610280304	0.0138614769	0.100616484	-0.0577921059	0.0520122342	-0.044263268	0.0167192184	-0.0002902913	-0.0709199652	-0.0340978714	0.0106193624	-0.0069733312	-0.024105611	-0.0390038719	-0.004408607	0.0294421384	0.04333338	0.080025637	-0.1477626558	0.0553613536	-0.0246858214	0.035874237	0.0348277591	-0.0674834189	0.0460384636	0.025298211	-0.0026574451	0.0758225582	-0.0284814973	-0.0384551635	-0.0421438769	-0.0543839887	-0.0243479477	-0.0266654449	0.0771651075	-0.0087003524	-0.0910230717	-0.0266368746	0.1160370603	0.0168059982	-0.0412311976	-0.0553108638	-0.108796079	-0.0984390125	0.0346072901	-0.0380584638	0.0037786619	-0.031774193	0.0148702542	-0.0864424987	-0.0430324377	0.0724229201	0.0666271694	-0.0507163915	0.0178660053020109	-0.0053381140493656	2.84954616040344e-05	0.0003191941454514	-0.0764312944218659	0.0441148268888724	0.0019461179514351	0.0058417427670019	-0.0416323148732118	-0.0299145121500856	0.0008948780371776	0.0017332496417022	0.0012660649093804	0.0010761481974789	1.6029203547644007e-06	1.1580949429370855e-06	0.0002000929931513	0.0005561371692413	4.003720590824618e-08	3.092885510118375e-07	-0.0006436268224893	-0.0001756610109225	3.085679075834979e-08	4.1425548662767284e-07
766.7536798104074	2.2218566327412645	587911.2055028009	4.936646896456351	977.4989828413184	4.111812743273731	955504.261455812	16.907004035748244	779.2451843628296	2.84237134778823	8.07907487872748	607223.0573526603	801.4971181534312	681.5375189740664	0.991436	28.378191	0.0593023093630735	0.0312524316002753	-0.0048619784	-0.1035678567	-0.0662506248	0.0511442056	-0.0572354111	-0.0325210357	0.0456648514	0.0545430859	-0.0122370238	0.0237471622	0.0825584594	-0.0385844941	0.0177578766	0.027165813	0.032857781	0.0314891152	0.061942921	-0.003245275	-0.0823954269	-0.0309612849	-0.0099618226	0.0061701779	0.0467964584	0.0201514359	0.0614901062	0.0368412754	-0.1268930111	0.0035338525	0.0582455518	0.0534418533	-0.0503802394	0.0342108253	-0.0378429857	0.0425357007	-0.0062515822	-0.0053789043	0.0322757258	-0.0513986057	0.0236205695	-0.0469440703	-0.096863643	-0.0534069476	0.0701326772	-0.108820772	0.054282692	-0.0287792392	-0.001244569	-0.0270630962	0.0584287489	-0.0322700902	-0.0340600672	-0.0247043819	0.0274062925	-0.0045122849	-0.0132246381	-0.0035987638	0.1131211229	0.0488499538	0.0588317104	-0.1047108757	-0.0415464207	-0.0284363816	0.003250861	-0.0030454447	0.0789257008	-0.0326409229	0.0779242808	0.0179123386	0.0703758584	0.0179662655	-0.0518612538	-0.0105940146	0.0235583126	0.1259162567	-0.0534548485	0.0437453356	-0.1265100899	0.038922155	-0.1271228901	0.0749873476	-0.1343434129	0.059549936	0.0695503699	0.0032903567	0.0534439498	0.0679447088	-0.0200665697	0.0278366837	-0.007107705	-0.0324597629	0.0492861182	-0.075821711	-0.0369169315	-0.0109207705	-0.0665745031	-0.014041233	0.0009599436	-0.0846644587	0.0719410274	0.0002054872	-0.0726637179	0.0272527613	0.0662636177	-0.0603567855	-0.0144548689	0.1064935333	0.0727757172	-0.026554133	-0.0310417202	-0.0884617871	-0.0681193094	-0.039639669	0.03199343	-0.0388833552	0.0317109067	-0.0007037688	0.0139030914	-0.0098092032	0.029097456	0.0459728023	-0.0718532675	0.0145125672	0.0683068586	-0.0376278183	-0.0089989235	-0.0265197927	-0.0901180636	-0.0277455665	-0.07985226	-0.0352093049	-0.0168267559	0.0147650538	0.0533203235	-0.0676824993	0.0571881218	-0.0345691609	0.0396108447	0.0203368905	-0.0254518584	0.096487647	-0.124898688	0.0196227881	0.056176542	0.0115458385	-0.0322013772	0.0018616051	0.0144069201	-0.0409274061	0.0943381241	-0.0074869853	0.0525909442	-0.065288464	0.0786391456	-0.0762909334	0.0015287478	-0.1996669469	-0.0290016525	0.0439170583	0.0034613464	0.0562077959	0.0288686356	0.0934536535	0.0376168498	-0.065251471	0.0875031116	-0.022982252	-0.0411029965	0.0686508654	0.0222734839	0.0672777201	0.0528283719	0.1417818658	-0.0690525557	0.0136469396	0.1222660165	0.0073630787	0.0551618607	0.026123809	-0.079194792	0.0874744082	0.0132348385	-0.0159794304	-0.080787702	-0.0529669973	0.0211457335	-0.0730941556	0.0191595974	-0.015733005	0.0329538267	0.0523710518	-0.0575525163	-0.0379963879	0.030675632	0.02804737	0.0389669355	-0.0653050763	0.0239261436	-0.0440348227	-0.0348225062	0.0756404389	0.0136900291	-0.0871809944	-0.0398385309	0.075232084	0.062403154	-0.0565152869	0.0207231064053843	0.0028571011033734	8.163026714897506e-06	0.0004294471390888	-0.0846223445391984	-0.0081910501173324	6.70933020246527e-05	0.0071609411953108	-0.0563072644568194	-0.0146749495836076	0.0002153541452814	0.0031705080306101	0.0007080832355359	-0.0005579816738445	5.013818684469889e-07	3.113435483463101e-07	0.0002282416256964	2.814863254510001e-05	5.209423970053557e-08	7.923455141590636e-10	-0.0007290806872749	-8.545386478559999e-05	7.302363006795606e-09	5.315586485572405e-07
767.6157583282146	0.8620785178071628	589233.9524338	0.7431793708645947	974.378894892606	-3.120087948712353	949414.2308121362	9.73494880770006	778.3838034277563	-0.8613809350732708	0.7419771153077025	605881.34543866	799.9969994291362	690.1367850479255	0.998125	28.569643	0.0374568951769125	0.0210817930251406	-0.0449458456	-0.1345885518	-0.0161230484	-0.0178054787	-0.001110834	0.0103778111	-0.0750477973	-0.0517455213	0.055746194	-0.0147858011	0.0710415195	-0.0691287086	0.0076491871	0.0302111983	0.0683980566	-0.013887474	-0.0343489158	-0.0652573618	-0.0135686716	-0.0230925865	-0.0673079808	-0.0694947121	0.0287077678	-0.0814266614	-0.005875412	0.0033666832	0.01440331	-0.1006978636	0.0577249491	0.0406454658	-0.0122252738	0.048933813	0.0764109529	0.0190558997	0.1233642621	-0.0110646216	-0.044793561	0.0247450553	-0.0279560655	-0.0927008935	0.0883519551	0.0859642545	0.0597092521	0.0191708257	-0.0478963725	-0.0065465418	-0.0293731413	0.0556968574	-0.1440693352	-0.0806426149	-0.0060231983	0.0935048671	0.0844299934	-0.094551269	0.0186889318	0.0008975605	-0.0430292138	0.1317349834	0.0562427264	0.0519746265	-0.0266102663	0.0041901831	0.0632439708	-0.1007418584	0.0927514511	-0.0825598201	-0.1228256481	-0.0163536382	0.0252942824	-0.1072627399	0.0309125082	-0.1434637229	0.0058811309	0.0181445668	0.035678468	-0.0751745236	0.0468981949	0.0688267037	-0.0758968929	0.0239623631	-0.0048040183	0.0135632038	0.0907704289	-0.0703132673	-0.0649853517	0.0652436774	0.180080655	0.0657375512	-0.0821605441	0.0782580406	-0.0515901935	-0.0045190221	0.1235461056	-0.0984715216	0.0986470303	0.0005420589	-0.1317200492	0.0751543202	0.0579974411	-0.019240672	-0.0695362736	0.0125932208	0.0496594502	-0.0659601582	-0.0257705017	0.0595949834	0.0567390528	-0.0420398965	0.0310742205	0.0295214847	-0.0509923242	0.1349367713	-0.009882988	-0.0892370222	0.0033640918	-0.0062465675	0.1337446216	-0.1064532318	0.0266518324	-0.0597820984	-0.0030100695	-0.0608356391	-0.0590099595	0.0642175712	-0.0819599544	-0.0597040706	0.0083801714	0.0660018486	-0.0070619096	0.0416981339	-0.0214678925	0.0388459696	-0.0060042616	0.1313665013	-0.1363265873	0.0343623575	0.0556558923	-0.0902370184	-0.071895945	0.0329850873	0.0149278138	-0.0040705601	0.0317551445	0.0037838639	-0.0247698406	-0.0433094857	0.0373985148	0.052173483	0.0323436278	-0.1251539551	0.1725854148	0.0921739662	-0.1538143153	0.0536356721	-0.1656802269	-0.0906301909	0.0244417742	-0.0645277999	0.0001102136	0.0077554341	-0.1468338643	-0.0291051237	0.1448342843	0.0739691179	-0.0494714979	0.0709436772	-0.0320376817	-0.046300465	0.0634217069	-0.0311311703	-0.0258788271	0.0232384943	-0.0454018455	-0.0105354705	-0.0557642218	-0.1475859395	0.0532494695	0.0077171555	-0.0230668337	0.111642495	0.0735726248	-0.0425416612	0.0014514926	-0.0481347525	0.0585362108	-0.0410556873	0.0495194127	-0.034319352	-0.1185327664	-0.0063844037	-0.0096926581	0.0911842524	0.0369038301	-0.016457133	0.0058065432	-0.0249288287	0.0840042273	0.0258952447	-0.0826677849	-0.0518018853	0.0125074584	-0.0878597406	-0.036583196	0.0778350419	0.0579119187	-0.0619657467	0.0357913552353466	0.0150682488299623	0.0002270521228016	0.0012810211095827	-0.0845716816638457	5.0662875352699976e-05	2.566726939003214e-09	0.0071523693394508	-0.0423932728116369	0.0139139916451824	0.0001935991635022	0.0017971895796818	0.0006721203200118	-3.596291552410006e-05	4.517457245727644e-07	1.293331292993557e-09	0.0003052362449429	7.699461924650001e-05	9.316916522684206e-08	5.928171392913511e-09	-0.0007846029890326	-5.5522301757700006e-05	3.082725992473097e-09	6.156018503988902e-07
767.5250101167572	-0.0907482114573667	589094.6411547284	0.0082352378827109	972.4357138113542	-1.9431810812518504	945631.217495798	3.7759527145351113	779.6888701292845	1.305066701528176	1.7031990954376333	607914.7342034803	801.356529279346	696.1617188278069	1.017019	29.110447	0.0554378157753098	0.0403815686912582	-0.0618191617	-0.0890591546	0.0274008665	-0.0532340129	0.0056094918	-0.0154168568	0.1125054782	0.1138447541	-0.0329792316	-0.1435289067	0.0015466385	-0.081636108	0.1253142649	0.0254588035	0.0599642722	0.0448871877	-0.0231248995	0.0798609392	-0.1231086005	0.0494261029	-0.0038351513	0.0854014781	-0.0454458468	-0.0436043947	-0.0197565121	-0.0760221812	-0.0236108488	0.0048449556	0.0681998774	0.0482881123	-0.0299242633	0.082987314	-0.0518475941	-0.0097939526	0.1772302539	-0.0285394926	-0.0076595173	0.0122310242	-0.1187164642	0.0363654066	-0.0606916952	-0.0713216532	0.053304492	0.0949727447	-0.0659599118	0.0503059842	0.0036488339	0.138488108	-0.0157552756	0.0509031247	0.0831640949	0.0702731368	-0.0426887926	0.0316428421	-0.0224344309	0.0450768259	-0.0235071659	-0.0338978116	0.0493594906	-0.0016675142	0.1591735592	0.0625360771	0.0139679014	0.0275620497	-0.0593130108	-0.0974029819	-0.0335644887	0.0732234505	-0.0767714416	0.0884676952	0.0728966027	0.0456113759	-0.0678917356	0.1042851127	-0.0390895335	0.0822934971	-0.0009984922	-0.035603878	0.0283042191	-0.1100773602	0.0150405949	0.0367381357	-0.0384805562	0.0305205449	-0.0507881907	-0.1298270466	0.0870510307	-0.0487292908	-0.068309777	-0.0069862407	0.1304100459	0.1594352695	-0.0569867357	0.0717862605	0.0570139258	-0.0240338528	-0.0624618252	-0.0090721539	-0.0461131106	-0.1438328868	-0.1119720029	-0.034342494	0.0137333971	-0.0607853215	0.0554960099	0.1025926391	0.0353969978	-0.0892522448	-0.0567029846	-0.0187349389	0.0199216431	0.016917347	0.1329131439	0.0272002264	0.0884227672	-0.0496395905	0.0294616056	-0.0032644299	0.0581363937	-0.1418527162	0.1384942798	-0.0358104592	-0.0009289363	0.0156930016	-0.0131877756	0.0462801692	-0.0329032561	0.0265367341	-0.1034898554	0.0028152503	-0.062305833	0.010263959	-0.0457035372	0.0201857541	0.0840670357	-0.0957528087	-0.0552890904	0.1429010267	0.0238475988	-0.0860487212	0.0988081333	0.0767743	0.1112869096	-0.0159310121	0.0720721304	0.1036837211	0.1241334243	0.0303569652	0.0277194554	-0.0575144141	-0.0393418104	0.0798649985	-0.0414994143	-0.0905349279	0.028409397	0.0988179517	0.0167157743	-0.0556000587	0.0893821353	-0.0607417222	-0.0171176894	0.0670499899	-0.0272404085	0.0900439395	-0.0307479565	-0.0065358628	-0.0149224111	0.0546159502	-0.1056144953	0.0338397418	-0.0586317166	-0.0476497427	0.1310969594	0.1024293569	-0.0079590854	-0.0873621777	0.110338726	0.0266615673	-0.0583400172	0.0503896027	0.0519370136	-0.0704839649	0.0221767888	-0.0256067276	0.0395700152	0.0278850475	0.1234687421	0.0057934917	0.1172787424	0.0763291004	0.0601608368	0.1031718056	-0.0573197107	-0.0848577994	0.0032028483	-0.0535342621	0.0622125028	-0.0781032706	-0.0391754628	-0.0647801485	0.0113227445	-0.0884782721	-0.0332714524	0.0802246594	0.0531726956	-0.0670341672	0.0357368947494336	-5.446048591300351e-05	2.965944525880453e-09	0.001277125646332	-0.0846325312019047	-6.084953805900184e-05	3.7026662819939135e-09	0.0071626653376413	-0.0828175806302198	-0.0404243078185828	0.0016341246626115	0.0068587516614429	0.0004870973101045	-0.0001850230099072	2.3726378951103946e-07	3.423351419515681e-08	0.0002798302277551	-2.540601718780002e-05	7.830495636547114e-08	6.4546570934679e-10	-0.0006970680574726	8.753493155999994e-05	7.662364243213872e-09	4.859038767486241e-07
765.611790070063	-1.9132200466942777	586161.4130942861	3.660410947072854	974.7307066483932	2.29499283703899	950099.9504832758	5.266992122060271	778.223767346448	-1.4651027828365386	2.146526164275369	605632.2320628983	800.6003455621335	702.8275361750011	1.122179	32.120491	0.1153359481289739	0.0687992545595772	-0.0674308768	0.016336338	0.0416580103	-0.1043302693	0.0736997202	-0.0613406725	-0.0949315955	-0.0905493394	0.1539172413	0.0405364881	-0.0598233204	-0.0515332795	0.0537071735	-0.0566537712	0.0327055457	0.0261141828	-0.1066955688	-0.0634396082	-0.0085567896	-0.0324558029	0.0385295422	-0.0249943094	-0.0225112978	-0.0622320602	-0.0072436741	-0.1043434103	0.0151747517	-0.0571867091	-0.0099510766	0.0045485601	0.0550535564	0.0881659084	0.003163109	-0.1086202378	-0.0223799416	-0.041169682	-0.0108558689	0.0226886667	0.0139133928	0.1085639856	0.0465442413	-0.0114188905	-0.0172016979	-0.1251604491	0.0421338525	-0.0366381669	-0.0273372305	-0.0706772063	-0.012285312	-0.0391563302	-0.0867022574	0.0251264828	-0.0693484173	-0.0600525331	0.0718994032	0.0677933687	0.0745207302	-0.0973925354	0.0371504818	0.0741739465	0.0404819214	0.0184944201	-0.0579853996	0.0438378	-0.1184831519	-0.0205127909	0.0054325435	-0.0252050723	0.0490419931	0.0325253965	-0.0006704505	0.0153511727	-0.0391658504	0.0167250089	-0.0400431488	0.0386143693	0.0174479489	-0.0099722289	0.0131665195	0.0425145179	-0.0089229258	0.0031339937	-0.0905448313	-0.0150797918	-0.0374027528	-0.0180958851	0.1368804308	-0.0331044235	0.1085134428	0.0858133165	-0.0757759902	-0.0449127379	-0.0702895376	-0.005366605	-0.0519021261	-0.064296253	-0.0711242195	0.0709545009	-0.0450678478	0.0549524396	0.0076718985	-0.0235494072	-0.0499526514	-0.0251395411	0.0346470871	-0.030456137	-0.0725890197	-0.1253353814	-0.0337351956	-0.0203435173	-0.0299854926	0.0456211626	0.0545563372	-0.0814131248	-0.0461127729	-0.0312525343	-0.0739090623	0.0421110023	-0.0061594314	0.0399536025	-0.1080484768	0.0350424141	0.0879972863	-0.0023901065	0.0088986953	-0.0114391732	0.0102537375	0.0349430234	-0.0198639648	0.0263610511	-0.0332230198	-0.0082188207	0.108319077	0.0856553498	0.0153439535	-0.0020410421	-0.0257000998	-0.0475227055	0.0305791834	-0.056592172	0.0033389227	-0.0252511451	-0.1425629666	-0.07452252	0.0356125107	-0.0050324636	0.0130312228	-0.1013898717	-0.001940408	-0.0099419237	0.0502351158	-0.0514724813	0.0886964449	0.1086674387	0.0817543797	0.0044990079	-0.1000488164	0.0321579787	0.0508481127	0.0344679795	-0.0753293948	-0.0527870699	-0.0240091208	-0.0172981818	-0.1210682267	-0.0429799031	-0.0797086896	-0.0660958369	0.0006522166	0.0176662493	-0.0009042382	-0.081255322	0.1027892174	0.0488948171	0.0255055368	0.0646308536	0.0564094411	-0.0297870807	0.000269119	0.0129208128	0.0353669632	-0.0827343267	0.0989600936	0.0465565339	0.0575889294	0.0984791872	-0.0199763645	-0.0306642937	-0.0495232919	-0.0187485052	-0.052781865	0.0380558693	0.083213771	0.0475792425	0.093528097	0.0910205936	-0.0020496473	0.0241146974	-0.0390072606	-0.0952376968	0.0101360905	-0.089036165	-0.0299084066	0.0823943867	0.0482057789	-0.0716892996	0.0493789380938096	0.013642043344376	0.0001861053466098	0.0024382795272722	-0.0932012993084754	-0.0085687681065707	7.342378686418323e-05	0.008686482192788	-0.0244786580989426	0.0583389225312771	0.0034034298821103	0.0005992047023249	0.000322419518263	-0.0001646777918414	1.03954345756945e-07	2.71187751257924e-08	-0.0002356100184541	-0.0005154402462092	5.5512080795941356e-08	2.656786474122007e-07	-0.0006814618125883	1.5606244884300052e-05	2.435548793887416e-10	4.643902020161313e-07
764.5906010459613	-1.021189024101659	584598.7872078244	1.0428270229456986	973.9408029426228	-0.7899037057703708	948560.6876365208	0.6239478643897646	777.3021405194256	-0.9216268270223508	0.8493960082872862	604198.6176560809	800.4058428141909	696.4807102592404	1.099008	31.457249	0.077685962078381	0.0360938207407074	-0.0276528419	0.0744636651	-0.0189736096	-0.085571101	0.1083206892	-0.157968914	0.0448711486	0.0175731029	0.0035667039	0.0378278115	-0.0640876883	0.0042500774	0.0749151212	0.0199520064	-0.024181679	0.0423465065	-0.0325896609	0.0026808397	-0.038933164	-0.0933342655	0.0739921876	0.0033149106	0.0308561125	0.045588779	-0.0134115159	-0.0078276709	0.0204894382	-0.0220376109	-0.0490907644	-0.0486059759	0.073302951	0.0544516325	-0.0136755697	0.0203835965	0.1008218677	-0.0484694647	-0.0467932607	0.0095477586	0.00966428	0.1160093272	-0.0585228374	0.0042123838	-0.0193715448	0.0324187068	-0.0246201611	-0.011946324	0.0220697841	0.0849087317	-0.0432318744	0.0820331815	0.0560040063	-0.0659036511	-0.1060076406	-0.0726974113	-0.0573049265	0.0158382955	0.0157120487	-0.0846581978	-0.0644251042	-0.0796156229	-0.0304472808	0.0590196052	-0.0239639069	0.1055882631	-0.0726541506	-0.0232729509	-0.0101570616	-0.1356147802	-0.2041519627	-0.1840144707	-0.0961826269	-0.0567371529	0.0545319462	0.0621207884	0.0369604234	0.0476131582	-0.0899296742	0.0286389523	0.00197501	-0.0086535921	-0.0408436745	-0.083828943	-0.0118642054	-0.0009225156	-0.0699613953	-0.0659428634	-0.000889323	0.037814313	-0.0611599882	0.0089149986	0.0318537148	-0.034607714	0.0140394927	-0.0729740562	-0.0399281554	-0.1524509536	-0.062995948	0.0390617601	0.0278650101	0.0447494699	0.082974021	-0.041799364	-0.0486369047	0.0411283643	0.0479714797	-0.0321296106	-0.0840009983	-0.0744000179	-0.0280558095	0.0120868362	0.1244555303	0.0215945177	0.0056012848	0.0026833419	-0.0501210383	-0.0411496464	-0.0178819125	-0.0069677034	-0.0310687977	0.0184367808	0.0857982833	-0.0821129758	0.0559608937	-0.0080022875	0.1233777051	-0.0149249399	-0.042063667	0.0239239405	0.0661054786	-0.045322371	-0.0702118272	0.020494573	-0.074318467	0.030657139	0.149461141	-0.0853290808	0.0245305404	0.036983314	0.153081092	-0.0546318961	8.14535e-05	0.1423368438	0.045031638	0.0131622261	0.0571702161	-0.0217289648	-0.0396243432	-0.0287639502	-0.0784796753	-0.1475044803	-0.1034795915	-0.0896460836	-0.0425665626	0.0166286596	0.0189374391	-0.1013079961	0.0796754215	-0.0600552348	-0.0694548725	0.0721363349	-0.0417619031	-0.008511835	0.0117369875	-0.0089903877	0.0255562766	0.0232870059	0.0453494809	-0.0925556851	-0.0159266162	0.0565962026	0.0583415981	-0.0304443607	0.0698683172	-0.0588872827	0.0472067997	0.0405860676	0.0443538702	-0.0459415592	-0.0574591378	-0.0238236892	-0.0257163526	-0.0064001822	0.0951588252	0.0899029211	0.0726194991	0.161632279	-8.48659e-05	-0.0398171184	0.1052337097	0.0919060254	-0.0266530816	-0.1057022536	0.0246597244	-0.0375736763	0.0065137662	-0.0646346505	0.0357726305	-0.0615386421	-0.0116590363	0.1032563463	0.0089476998	-0.089533037	-0.0264992443	0.0843382767	0.0430324377	-0.0759024438	0.0436593531034787	-0.0057195849903309	3.271365246161852e-05	0.0019061391134142	-0.1175949852257218	-0.0243936859172464	0.0005950519126292	0.0138285805502377	-0.0406699122075764	-0.0161912541086338	0.0002621567096103	0.0016540417589719	0.0002212714949	-0.000101148023363	4.896107445528073e-08	1.0230922630241994e-08	-0.000469107271362	-0.0002334972529079	2.200616320447011e-07	5.452096711553581e-08	-0.0009744452775608	-0.0002929834649725	8.583931074729212e-08	9.495435989605444e-07
764.6790640987291	0.0884630527677927	584734.0710709082	0.0078257117049972	971.9080269119956	-2.032776030627133	944605.2127759684	4.132178390692203	777.013828655621	-0.2883118638046653	0.0831237308105199	603750.4899220667	799.5370782166951	706.2088974636607	1.053194	30.145899	0.1246603444016627	0.0618725534605396	-0.0573373356	0.1223900941	-0.0050308781	-0.1030207993	0.07860406	0.0121568891	0.0035108367	-0.0543314589	-0.0133551224	0.0688519389	-0.0331218901	0.0485442309	0.0037575879	-0.0936754184	0.0361646346	-0.0024817427	-0.0668764591	-0.0016169063	0.0162063866	-0.0678670539	0.0343478513	0.024292243	-0.0685433682	0.0657676979	-0.0282554963	-0.0056746175	0.020322425	-0.0764534102	-0.0602838383	-0.0651377053	0.0270426474	0.047297637	-0.0677345934	-0.0725045567	-0.0669965969	-0.0134076312	0.0600474538	0.0682568834	0.0304681436	0.0228566199	0.1223893891	0.022334358	-0.1257671441	-0.0375700684	-0.0260978386	0.0499300603	0.0064445402	0.0423706567	-0.0080374556	0.0328872199	-0.0855177936	0.0123610604	0.0150241733	-0.0434063866	-0.0773563204	0.0082248925	0.0964916897	0.0174926284	0.1643448742	0.1658749533	-0.0184694654	-0.0918702845	-0.0224917749	-0.0756574264	0.037544973	-0.0318210424	-0.0052601499	0.0823888518	-0.0402518758	0.0011609988	0.0395662464	-0.0213068865	0.044946149	-0.0326168583	0.0241199965	0.0238542772	0.0304717978	-0.0759184609	0.0713037805	-0.0419525017	-0.0261556357	0.0407600033	0.0560301719	-0.0302676825	0.0083476861	-0.0756294658	-0.033365676	0.0841789816	-0.034716296	-0.0466509085	-0.0154589079	0.0164704178	-0.0365672052	0.0397837828	0.0216034572	-0.051745883	-0.0275128908	0.0094161111	-0.0674021316	-0.0275431398	-0.0388892249	0.025261134	-0.0213159549	0.0503844666	0.022363884	-0.0985346624	-0.0241713947	-0.0725774534	-0.0729723461	0.0532805782	-0.0143217843	-0.0591609926	-0.0218113028	0.0034933491	0.0006164914	0.0141978258	-0.0682651222	0.0054498437	0.0581333673	-0.1160102369	-0.0260573824	-0.0082311369	-0.044891765	-0.0329152552	0.0437226336	0.0031401819	0.0129907076	0.0750068891	-0.0510590481	0.0005379998	-0.1263965901	-0.0570023597	-0.0196857008	0.0381726342	-0.0497792914	-0.0385548915	-0.0269992477	0.1052813893	0.0174238728	0.0779902158	-0.0597629508	-0.0549054536	-0.1918243214	0.1550196875	-0.0163209006	0.0041817908	0.0621167463	-0.0082270932	0.0848480599	0.0806727039	0.0222579889	0.0410941009	-0.0462503326	0.0510065243	-0.0715046283	-0.0585698798	-0.0359074828	-0.1188038534	0.0127928678	0.0193445875	0.0191957993	-0.0343956339	0.0422190322	0.0388930204	-0.0047815898	-0.0113487197	-0.0429690425	0.0011273765	-0.021134134	-0.0101291088	-0.0073468961	0.0306381027	0.0213242196	-0.0595489918	-0.0488985067	-0.0339778286	-0.0088334917	-0.104148401	0.0386127511	-0.0485198905	0.0132331446	-0.0387445648	0.0500310341	0.1133706031	0.069113748	-0.0097636682	-0.0320790993	-0.0397224125	-0.0736181066	0.0238145505	0.00996864	-0.0092952764	0.0770830156	-0.0233929989	0.1189827661	0.0486679863	0.0199463016	0.0813646587	-0.112122891	0.0599545014	0.0077577759	-0.0899685475	-0.0230492221	0.0860510014	0.037674825	-0.0796476241	0.0460983417681291	0.0024389886646504	5.948665706293142e-06	0.0021250571137712	-0.145069866781327	-0.0274748815556051	0.0007548691164945	0.0210452662479519	0.0109011694408707	0.0515710816484471	0.0026595764623907	0.0001188354951785	0.0006733999081134	0.0004521284132134	4.5346743624713553e-07	2.04420102034867e-07	-0.000260260149838	0.000208847121524	6.77353455936982e-08	4.361712016886044e-08	-0.000771912961639	0.0002025323159217	4.101933899264778e-08	5.958496203462924e-07
763.8964540233663	-0.7826100753627543	583537.7924694731	0.612478530059296	972.3190754543652	0.4110485423695991	945404.3844924317	0.1689609041841721	776.7561688580671	-0.2576597975538561	0.0663885712754941	603350.1458590621	798.9466410508855	695.4180272132074	1.011819	28.961601	0.0945843777600912	0.0407278036228999	-0.0321804489	0.1393153749	-0.0368755758	-0.0221786542	0.0973528591	-0.1262954362	-0.0821797944	-0.0278422947	-0.0280489233	0.0637052837	-0.0424196362	0.0326544699	0.0514227593	-0.0224503069	-0.0336630781	0.024845256	-0.0299109558	0.0221282017	0.0107595814	-0.0527512918	0.0320566292	0.0440126679	0.0518703553	0.0676600063	-0.0906536816	0.0505484277	0.0255724956	0.102611336	-0.0363515353	-0.1012190323	0.060621862	-0.0388093461	-0.051466442	0.0122556707	0.0137757093	0.2119137389	0.0716694208	-0.1028371983	-0.1345674804	-0.0325607308	-0.0380638806	-0.0816250199	0.0216023841	0.0429312539	-0.0186927457	0.1223633448	0.0569825372	-0.0653760187	-0.0279906607	-0.0327907847	0.0246830744	-0.1485821599	0.0390535662	-0.0461835696	0.0113064493	-0.0250648491	-0.0327880602	-0.0073896519	-0.1042841937	0.079940399	-0.0454001916	-0.1220102586	-0.0900849432	-0.0672189654	0.0710900463	0.005877991	-0.040995903	-0.0709549609	-0.0259110261	-0.0341816066	0.0877670187	-0.1075378732	-0.1049039724	0.0436903561	0.0425531658	0.0449678765	0.1412052521	-0.0023833375	-0.062177127	-0.0384004969	0.0369881269	-0.0622889507	-0.0262627074	-0.0071141011	0.0165278995	0.0275449019	-0.0376728921	-0.0283799383	0.0030263753	-0.0611929965	-0.0076669513	0.0664477288	-0.030401085	-0.1080517476	0.0291572135	-0.1232038442	0.0823396043	-0.0204836313	-0.1778573802	-0.0018801929	0.0636617672	0.0932386311	0.0002677961	0.0301699174	0.0363987234	-0.0970523495	-0.0838352071	-0.0084432767	4.09e-08	0.0452791693	0.0010165961	-0.0493006951	-0.0491597366	0.085236385	-0.0959610743	0.0378185774	0.184134673	-0.0356953698	0.1110086582	-0.0307770083	0.0442639963	0.0406735459	0.1175283992	-0.064646348	0.0707495224	0.0737558268	-0.0947117767	0.0172392252	0.0684438187	0.0251771059	0.0613248351	-0.0341373176	-0.0085906433	0.051329826	-0.0418691469	0.0410885955	0.0362365129	0.1867750809	-0.1156119414	-0.1198052573	0.0396492899	-0.0289818075	-0.0224570714	0.0353321101	-0.0567487574	0.0235420735	-0.0254918789	-0.1148408463	0.0114039761	-0.0872347039	-0.025237261	0.0925232087	0.0036974591	0.0163435778	-0.0432523109	0.0701355001	0.116566576	0.0865897951	0.0753325756	0.0436467577	0.0760237942	-0.0725277837	-0.0867488852	-0.0657540976	0.1860637229	0.0273458829	-0.0697090058	0.0703705438	-0.0011016218	0.045703051	0.0234334251	0.0421829095	0.0120525389	-0.1062607976	0.0145928055	-0.0059761314	0.0244370852	-0.09917504	0.0261401722	-0.0843401569	-0.0120643259	0.0506592229	0.0469071214	0.1046641501	0.0980237916	-0.0319906377	0.0273500922	0.0090711691	0.0983457072	0.1227515637	-0.0121237905	-0.0443042117	0.0249094571	-0.0354665221	-0.0737729889	0.0379348034	0.0386414756	0.0073268694	-0.0230927042	-0.0042542111	0.0065665228	-0.0903423981	-0.0195636596	0.0875278662	0.0321558829	-0.0829017503	0.0558249563662798	0.0097266145981506	9.460703154095824e-05	0.003116425753297	-0.116558397027731	0.0285114697535959	0.0008129039075102	0.0135858599176741	-0.0079108288681339	-0.0188119983090046	0.0003538912803779	6.258121338090068e-05	0.000567677201078	-0.0001057227070354	3.22257404623752e-07	1.1177290782893016e-08	-0.0005983065037928	-0.0003380463539548	3.5797067248076375e-07	1.1427533742213393e-07	-0.0010788298026356	-0.0003069168409966	9.419794728733225e-08	1.1638737430547678e-06
764.7644990841088	0.8680450607424746	584864.7390593679	0.7535022274794063	974.1411255489696	1.8220500946043785	948950.9324858134	3.3198665472478246	776.0127800835503	-0.7433887745168022	0.5526268700775929	602195.8348530006	798.7303926775405	693.8214221257326	0.990871	28.362	0.063983579259458	0.0369658849777642	-0.0328372034	0.0900030851	-0.0866828777	-0.0049253838	0.0504282189	-0.0456958978	-0.0611133321	0.0079435499	-0.0450811194	-0.0025965027	0.0188075941	0.0452729699	-0.0094364154	-0.1324256645	0.008022932	0.0848378229	-0.03218624	0.0453324909	0.0298171806	-0.1123608145	-0.018803949	0.0330865842	0.0137914197	-0.0240392002	-0.0004986862	0.1025858157	0.0237675189	0.0463418847	-0.035283602	-0.0952771351	0.0127141225	-0.0433979064	0.0353287342	0.0259740671	-0.0491716192	-0.0694851586	-0.0273270939	-0.0848444114	-0.0148025758	0.0100033959	0.1126347032	-0.0156550317	0.0266215793	0.1319025224	0.0098797893	-0.0468232081	0.1253012244	-0.0624242941	0.0552074505	0.0036993799	-0.0013992036	0.0181620966	-0.0327478226	-0.0008702117	0.1040923461	0.0151005673	0.0129360797	0.0176091874	0.0896449185	0.088455062	0.0426842455	0.0494796722	-0.0210306682	0.0638620646	0.0629436579	0.0580370346	-0.0307734074	-0.0212162721	-0.0443346605	-0.0344941054	-0.0020126484	-0.0245467412	0.0706766712	0.0818205318	-0.0457167477	-0.0170867269	-0.0263891737	0.0065962681	-0.006736356	0.0175013471	-0.0092728215	-0.0027039231	0.155694978	-0.0824168357	-0.0322433219	0.0046385677	0.0122121244	0.0179622345	-0.0354518819	-0.1369501798	-0.1286864251	0.007467302	0.0397043493	0.0057285562	0.033728718	-0.052429011	0.0236542449	0.0587214602	-0.0046584289	-0.0425151447	-0.0295519997	-0.1824776545	0.0329121236	0.060505362	0.0157520777	-0.0863384825	-0.0259600246	0.0300532004	-0.0635853222	0.0593720317	-0.071321098	0.0379083013	-0.0008138132	-0.0794469379	-0.0478782486	-0.0081710359	-0.0751974467	-0.0603090681	0.0906452346	-0.0500838186	-0.0368496403	-0.0034028967	-0.120887314	-0.0528882622	0.0097055717	0.0376953221	-0.0850546982	-0.1340265488	-0.0221202292	0.0390698785	0.0284864661	0.0115781547	0.0457617635	-0.0507825299	-0.0439983217	0.016193332	-0.02428586	0.0745851303	-0.0142090002	-0.0611645331	0.0054904563	-0.0231607297	-0.0302483047	0.041087522	0.0063685599	0.019446498	0.0362044097	-0.0964017683	0.0602251144	-0.0498963543	-0.0462877409	0.0135703695	-0.099054652	-0.0033726603	-0.0282544397	-0.0093896065	0.0197726121	-0.0242498619	-0.0604321743	0.0175870704	-0.0547373833	-0.1211345869	0.0025835841	0.0671545071	0.0591952017	0.0042532359	0.1111573339	-0.0508003672	0.0006788826	-0.0031415593	0.0017651373	0.0242625117	-0.029369639	0.0668150016	0.0086365659	-0.0078500059	0.0067735132	-0.1216485431	0.0139755551	-0.0319857374	0.0233956442	0.0304754338	-0.0216247797	0.1109173037	0.0660930362	-0.0645036463	-0.0730913192	-0.0554081313	-0.1128605771	0.0730818419	-0.0317725363	-0.0177694697	-0.0869814736	-0.0490738488	0.0555014088	0.0260221946	0.0353814369	0.0338144672	-0.0318823421	0.115196336	0.0053741445	-0.0906543325	-0.0160479313	0.0887648233	0.0264992443	-0.0856447597	0.0587457323774742	0.0029207760111943	8.530932507568667e-06	0.0034510610725658	-0.1476437615117589	-0.0310853644840278	0.0009662998851048	0.0217986803133411	0.0099149228829418	0.0178257517510757	0.0003177574254909	9.830569577468292e-05	0.0006187797483528	5.110254727480005e-05	3.8288837697155457e-07	2.611470337973174e-09	-0.0004093326450278	0.0001889738587649	1.6755321428545492e-07	3.5711119296534154e-08	-0.0010758724684122	2.9573342234000877e-06	8.745825708893398e-12	1.15750156828736e-06
764.4499893193611	-0.3145097647477541	584383.7861703712	0.0989163921216876	971.3525733514266	-2.7885521975430265	943525.8217564386	7.776023358422043	776.8194810792849	0.806700995734559	0.650766496519129	603448.5061842893	798.7186935685842	686.6954477704618	1.016345	29.091154	0.0703560650037005	0.0330791786022918	-0.0679122625	0.0226776627	-0.0385655173	0.1141248469	-0.0021844381	0.0662692968	-0.1282473198	0.038719995	0.0127962331	-0.1439639196	0.0257600241	-0.0163426819	0.0195737971	-0.0623610327	-0.0330356597	0.0194056419	-0.0519311482	0.0076534583	0.0337967983	0.0014868724	-0.0342367012	-0.0134928124	0.074908369	0.0071275946	-0.0024589198	0.044913553	-0.0488980863	0.0729177156	0.0421105451	-0.0981208819	0.0626784206	0.0337081122	0.03985819	0.0015992555	-0.022360122	-0.0995251703	-0.0184874601	0.0666897904	0.0106969995	-0.0566886839	0.0553153165	-0.0152381689	0.0333849238	-0.1524793453	-0.067812267	-0.1164726663	-0.1161799403	0.0289450222	0.1126292059	-0.0348373466	0.0310664378	0.0228417023	-0.0870113742	0.0111724198	-0.0139081701	0.0611263571	0.0437595508	0.0687961853	-0.0299278481	0.082024834	-0.0107670921	0.0925943528	-0.0671083053	-0.0227410591	0.0599332045	-0.0455826844	-0.0348535365	0.1530687005	-0.0125062425	0.0279953498	0.0309630118	-0.0326486891	-0.0283573961	0.1584340463	-0.0633030672	-0.1329686697	-0.0369107676	0.0218584838	0.0699563277	-0.0078790987	0.0265135449	0.0066154107	0.0008716671	0.0883900023	-0.0192418062	0.0452520011	0.0413438654	-0.0354243511	0.0128588337	0.0407479746	-0.0139704703	0.0776649354	0.024451313	0.0364274206	-0.0738017053	0.0220652589	-0.0660046838	0.0564782841	-0.0844874724	-0.0097258416	-0.0179019208	-0.0036492695	0.0507528489	-0.0161758209	0.0229246866	-0.04382898	-0.0887642744	0.0520188551	0.0031887303	-0.0537255172	-0.0347737837	-0.0140773232	-0.0435670305	-0.0024528594	-0.0245905225	-0.0763812399	-0.0324154534	-0.0781352463	0.0019043314	-0.0436193515	-0.1426940106	-0.0189126956	-0.0604086064	0.0787616983	-0.0352920293	-0.0705001184	0.0685749851	0.0863800025	-0.1061351432	0.0155609305	-0.016328454	0.0602750695	-0.0004035553	-0.0068542959	-0.0625060283	-0.0027162736	0.0149601237	0.0487776583	-0.0105081032	0.0361161481	-0.0701574125	-0.047185411	0.116166671	0.129038215	0.0455156	-0.1330087734	0.0634454896	-0.062042051	0.0627342396	-0.062874372	0.0282237127	-0.0178819178	-0.0343450474	-0.002145913	-0.07100638	0.0633628084	0.0491662427	0.0497326079	-0.0342983084	-0.0223438385	-0.0211250604	0.085094365	-0.088760231	0.0337683723	-0.046276097	-0.0237529365	-0.0145550508	0.0262786138	-0.0935813528	-0.1458289208	0.0130980275	0.0382776229	0.0433705369	0.0297091555	-0.0551400999	0.0757730599	0.0457870248	-0.049123369	0.0770150826	-0.05012652	0.1015361459	0.0601391983	-0.0748655061	0.0166307485	0.0782146304	-0.0010071583	0.0484878304	0.1797331259	0.0106194563	0.0702011027	0.0717269145	-0.1479920751	-0.022345082	0.0632334943	0.0343515852	-0.0467255518	0.0001937655	0.0601358311	-0.0108747613	0.0232378483	0.0041808454	-0.090904137	-0.0125074584	0.0897584821	0.0207291319	-0.0878597406	0.0447077942856566	-0.0140379380918176	0.0001970637058697	0.0019987868698885	-0.130017711889522	0.0176260496222369	0.0003106776252855	0.0169046054049867	-0.0076534439564142	-0.017568366839356	0.0003086475134021	5.857520439397304e-05	0.0009028182651308	0.0002840385167779	8.150808198537875e-07	8.067787901344617e-08	-0.0003739387409031	3.539390412470001e-05	1.3983018194819573e-07	1.2527284491884564e-09	-0.0009728306803091	0.000103041788103	1.0617610095484146e-08	9.463995325506664e-07
764.4540191857599	0.0040298663988096	584389.9474492621	1.6239823192255018e-05	976.8062255165794	5.453652165152789	954150.4022079464	29.742321938475705	778.1723738890869	1.3528928098020288	1.8303189548140284	605552.2434841768	800.5848392389672	685.864210933869	0.998341	28.575817	0.0924195127236121	0.0404191702465329	-0.0272790626	-0.014344016	0.0200053007	0.1530777322	0.0057664846	0.0771594818	0.0032602658	-0.0162103971	-0.0296289601	-0.1380943933	-0.0035366308	-0.0412210226	-0.0180189463	-0.0788979332	-0.0510185518	0.0414553552	0.0717506998	-0.0134186565	0.0228056845	-0.0355639832	-0.0434379675	0.0196276534	0.0679277379	0.0002270702	0.1015479178	0.1054491435	-0.0839707116	-0.1032706586	0.104827486	0.0045368437	-0.0262106158	-0.1198975115	-0.0499134353	-0.054778056	0.0714337803	-0.0766344051	0.0799087134	0.0730871427	0.0914916081	-0.0046173436	-0.0583561924	-0.0051772759	-0.0133035362	0.0137029101	-0.065461639	-0.0040359924	0.1789968756	0.0435549899	-0.0057745023	0.0795621906	-0.0186552293	-0.0244739329	-0.0706011864	0.0409738892	-0.0381377801	-0.0598428774	0.112313566	0.0190429563	-0.0239465549	-0.0492379057	0.0115252288	0.0636521636	0.0475286351	-0.0831128878	-0.0075575728	0.0172101679	-0.0286139649	-0.0699162668	0.0416921592	0.0339645122	0.0306017018	0.0770176751	-0.0329666147	-0.0360460786	0.0788981992	0.0800232751	-0.0322892972	0.029039941	-0.0356691468	0.0237084424	0.0145714506	0.0066711264	-0.1166149084	0.0448927989	-0.001005762	0.0015449886	-0.0700914173	-0.0841119175	-0.0167120257	-0.019191539	0.0254028805	0.0898324786	-0.0516478603	0.0206831237	-0.02464518	0.0144577287	-0.0060809465	0.0330765702	-0.0359483628	-0.0507029806	-0.0360568828	0.1414903305	0.0105981757	-0.0643493226	0.0540150392	0.0019210447	0.0014708717	0.0844983432	0.0451053057	0.0432997821	-0.1162366401	-0.1417935939	0.115051527	-0.0316801478	0.0606329993	0.0334184217	-0.1020188189	-0.0769239517	-0.037778068	0.0091708276	0.004930637	-0.0817654321	0.0462051198	-0.0355114902	0.0430771968	-0.0364403236	-0.0898368957	-0.0220712029	0.0217680256	0.0562498465	-0.0440822338	0.0258029567	-0.1205275893	-0.002440597	0.0614153332	0.033018959	-0.054339902	0.0414781263	0.0241754763	0.0511885806	0.0897757662	-0.0434377524	0.0731471076	-0.0903052913	-0.0764211102	-0.0007987301	-0.0054220071	0.0665316694	-0.0156059004	0.083541472	-0.1206330409	0.0666953553	0.0557381882	-0.0010411164	-0.0719139554	0.0437051984	-0.0358261358	0.0218664827	-0.0711188536	-0.0376638409	0.0081910059	0.0908803155	0.033528539	0.003232748	0.0078362976	0.0488663409	-0.0133081487	0.0329472029	0.0214390214	-0.0120675173	-0.0221617388	-0.0521926731	0.0404476244	0.0218519998	-0.0419847183	0.0859902614	0.0296149115	0.0940233635	0.0494311975	-0.0541680986	0.0950167188	0.0893882112	-0.0543069696	-0.0854108241	0.0345119492	0.1005662703	-0.0178472147	0.0888435793	-0.1164020979	0.0188065089	-0.1142401777	0.0451353875	-0.0243209765	-0.0711890173	0.0636624749	0.0042142342	-0.0405841766	-0.0537689564	0.0167339777	0.0703751148	0.00298683	-0.0910916402	-0.0089476998	0.0905061192	0.0148702542	-0.089533037	0.0277104974734783	-0.0169972968121783	0.0002889080989212	0.0007678716702276	-0.1056779535332737	0.0243397583562482	0.0005924238368405	0.0111678298629807	-0.0201379550662466	-0.0124845111098324	0.0001558630176515	0.0004055372342501	0.0011580064348462	0.0002551881697153	1.3409789031452062e-06	6.512100196269574e-08	1.5010472183663026e-05	0.0003889492130867	2.2531427517652147e-10	1.5128149036081218e-07	-0.0008450091342042	0.0001278215461048	1.6338347648647073e-08	7.140404368885317e-07
764.6670758429399	0.2130566571800045	584715.7368781924	0.0453931391687179	974.4914930950512	-2.31473242152822	949633.670114622	5.357986183273896	778.6198899094406	0.4475160203537598	0.2002705884732667	606248.9329625894	800.718020979514	685.5793368634016	1.025872	29.363842	0.0581025899564337	0.0268809618771711	-0.0224916416	-0.010578675	-0.0161246973	0.1218188632	0.0607495515	-0.0395740779	0.0207492109	-0.0217157053	0.0134497063	-0.1040470991	0.03504687	-0.0231387218	0.0257889172	-0.0168134569	-0.0547291626	0.0540731631	0.0313439988	0.0355320362	-0.0218162395	-0.0824848653	-0.0939214196	0.0481246507	0.0392552855	0.0374725007	0.02792074	0.1016798837	-0.0995445933	0.0359862604	0.0332487062	-0.0193585071	0.1068416992	0.0955533281	0.2344236634	0.1077677166	0.0129270572	0.0480623191	-0.0201425907	-0.0827855129	-0.0232614241	0.0374960168	0.0015822567	-0.0427453597	-0.0545461854	0.0336664516	-0.0468345067	-0.0501969434	-0.0157032489	-0.0852677445	0.0198295067	-0.0094493529	-0.0177546851	-0.1589896078	0.0490728798	0.1058093461	-0.0795048928	-0.0637744322	0.0519847387	0.0245032608	-0.1167500782	-0.0626695566	-0.0523783305	-0.0264944008	-0.0824449663	-0.0748661135	0.0325710492	0.0783780087	-0.0744791524	0.0558969744	-0.0383499558	0.1111212956	-0.0077654943	0.0693313311	0.0222699073	0.0054488968	-0.0376750709	-0.0246222919	-0.1002382526	0.0642670755	-0.039900506	-0.0421231675	0.0399480776	-0.0188325813	-0.0349581053	0.039756446	-0.0055262793	-0.0892727096	0.0066990198	-0.0371459301	-0.0553170045	0.0046841467	0.0800878139	-0.0602478174	-0.0383072566	-0.0105103621	0.0400854568	0.030990425	-0.0354361199	0.0913099039	0.0078298328	0.0021200067	-0.1215118713	0.0751400141	0.0328402227	-0.0177993144	-0.0037999684	0.0259731255	-0.1463435474	0.0836033762	-0.1062182017	-0.1143225167	0.0737953465	0.0980600114	-0.0370687167	0.0302412559	-0.0943895691	0.0369957198	0.0286157769	-0.0419023146	-0.0125708277	0.0146117076	-0.0801294252	0.0032517557	-0.0327481815	0.0138808078	0.0344377515	0.0481802848	-0.0774576374	-0.0255836351	0.0882757525	0.001165637	0.1192638146	0.0304138963	-0.1004826702	-0.0646415991	-0.0670303251	0.0191274816	0.0560073892	0.0029042099	-0.0063457087	-0.0407636956	-0.0445031666	0.0293661948	0.1235699111	0.0082276824	-0.0480111204	0.1214195396	0.0584657765	0.0576394851	0.0624896011	0.0908152528	-0.0740043077	-0.0007557729	0.1025903187	0.0512699918	0.0259928951	0.0123341035	-0.01076399	-0.0309022659	-0.0734988372	-0.0169047082	0.0724007158	0.1077986994	-0.0298364325	-0.0399954187	-0.152287252	0.1695174198	-0.0410637348	0.0410210187	0.0160339219	0.0246854736	0.0459722463	0.0822485185	-0.0400113124	0.0605936047	-0.1255485574	0.0647050105	0.0251224825	0.0506832127	0.0066017168	-0.0711841022	0.0656925381	0.0691741225	-0.053984771	-0.0018749538	0.0732784262	0.088428328	0.103624998	-0.0141692714	-0.0358781623	0.1267742433	0.0917201064	-0.1254463745	0.0413558931	0.0112801194	0.0012611525	0.0654920544	-0.105099416	-0.07291351	0.0838787488	-0.0665969272	0.0017923027	-0.0912167139	-0.0053741445	0.0910056853	0.0089476998	-0.0906543325	0.0297432351976283	0.00203273772415	4.132022655182522e-06	0.0008846600400214	-0.1124273358062453	-0.0067493822729716	4.555416106670331e-05	0.0126399058364902	-0.0249594615374206	-0.0048215064711739	2.3246924651572747e-05	0.0006229747202379	0.0008069111107514	-0.0003510953240947	6.511055406540582e-07	1.2326792660123257e-07	-0.0002907466874202	-0.0003057571596038	8.45336362458195e-08	9.348744064902219e-08	-0.0006118823481401	0.0002331267860641	5.434809838057668e-08	3.7440000796544253e-07
763.68721117807	-0.979864664869865	583218.1565169381	0.9601347614605328	976.555833903226	2.064340808174848	953661.2967304252	4.261502972295983	779.6641534570459	1.0442635476052828	1.0904863568571708	607876.192185892	801.4606082534592	684.5858442830635	1.026999	29.396109	0.107626974845402	0.0499769886394999	-0.0237232164	-0.0673319782	0.0577208558	0.1074801127	0.0342844581	0.0887631166	0.065583287	-0.0498055651	0.0131943665	-0.0324145413	-0.0103151186	-0.0929869564	-0.0186631998	-0.1537976784	-0.0004865686	0.0184976182	0.029646918	-0.0160359771	0.0703966944	0.0403961815	-0.0584312907	0.0249187084	-0.0350652787	0.0366734446	0.0190920883	0.1649023521	-0.0766553109	0.0181890731	0.0581540474	0.0309265972	0.0735891911	0.034969769	0.0607560298	0.0338028172	-0.0930379726	0.0319263961	-0.0607714024	-0.0585372301	0.0583287265	-0.1204197451	-0.1166153903	0.1400632291	0.0132308188	0.0108080524	-0.0121429904	0.0090986675	0.0489875429	0.0012273515	0.022335251	0.0965944486	-0.0226737632	0.1028358747	0.1394299062	0.002967665	0.0693570343	-0.0599056601	0.0074809743	0.0777165116	0.0344633844	-0.0729490669	-0.0275138177	0.081967346	-0.0737285802	0.0518051385	-0.0347706513	-0.0699002812	0.01408033	0.0328394493	0.0471093393	-0.0124239873	-0.0772887503	0.1135858565	-0.033506037	-0.1313807896	-0.0982665036	0.050142296	0.0105133372	0.0690041176	0.0083650737	-0.1295957153	0.0565783238	0.0010344732	0.1406908781	-0.0111313908	0.0510437739	0.024915817	-0.0750196804	-0.0882587318	0.083099494	0.0067154791	-0.0609462034	0.0188976628	-0.1209725617	-0.0766554372	0.0908100158	-0.0969773717	0.0371721519	-0.0297968625	-0.0327982605	-0.0737081918	-0.0012386214	-0.039956922	-0.0098919946	-0.1066127522	-0.0272520441	-0.0380245521	-0.0331557375	0.0077408808	-0.016558519	0.0195669226	-0.1081911569	0.032365897	0.0069771201	-0.0331944439	0.0462324797	0.0803861012	-0.030816015	-0.0702708765	-0.1088654991	0.1300503626	0.0335156843	0.0245793881	-0.1954792845	0.0273936077	-0.0149473923	0.0104903828	-0.0365440463	0.0296544676	-0.0491288492	-0.0196667463	-0.0542456354	0.0137520687	0.0691268603	-0.1016829191	-0.0667818164	-0.082149377	0.0913740568	0.0007664722	-0.101253696	-0.0087124364	0.0563691593	0.0398721748	-0.020539872	-0.0809572617	-0.0455068797	0.1265062332	-0.0389438753	0.060335405	0.0250758357	-0.0174568623	0.0155097353	-0.0122946553	0.0963859936	-0.1648712545	0.0410935413	-0.0590554532	0.0635427998	0.0017591796	-0.0472768569	0.0655511442	-0.1380064971	0.0751864788	0.0282044012	0.0696219911	0.1275284241	-0.0436289173	0.0117941272	0.03641427	0.0180189984	0.018460284	0.0440311279	0.0055938618	-0.0444838543	0.0304332744	0.0117883725	0.0111487592	-0.0123303377	0.1078277175	0.0334948963	-0.0202790323	0.1073222566	-0.0085792857	-0.016254662	-0.0362645562	-0.0161358582	0.0577284831	-0.070431379	-5.13475e-05	-0.0999168512	-0.0100364782	-0.0728634883	0.0370495302	-0.0426962323	-0.0632595707	0.0210221474	0.0098485998	0.0457318778	0.0967083653	-0.0256923104	-0.0668057606	0.0005974684	-0.0912792721	-0.0017923027	0.0912558111	0.00298683	-0.0912167139	0.0394066953059422	0.0096634601083139	9.338246126497411e-05	0.0015528876349353	-0.1019278914725418	0.0104994443337034	0.0001102383313165	0.0103892950600382	-0.007737137560511	0.0172223239769096	0.0002966084431656	5.986329763027011e-05	0.0014561306734406	0.0006492195626892	2.120316538134576e-06	4.214860405783562e-07	0.0003669838346631	0.0006577305220833	1.3467713490403352e-07	4.326094396799704e-07	-0.0007097671918971	-9.788484375700005e-05	9.58144263733231e-09	5.037694666934948e-07
763.4357845498147	-0.2514266282553308	582834.197131191	0.0632153493958443	979.0065990794787	2.4507651762527303	958453.9210411672	6.006249949133076	780.2575670763537	0.5934136193077393	0.3521397235799105	608801.8709799105	803.279608157461	690.560624779115	1.000453	28.636263	0.0361079627502949	0.0178943195849159	-0.0247727382	-0.0224256269	0.1135243865	0.1026386219	-0.0468329882	-0.0170057384	0.0752946468	0.0339296937	0.0091441125	-0.0229210864	-0.0747657359	-0.0764437035	0.0512039119	-0.0130170432	-0.060315206	0.0373752844	-0.0299619726	0.0432067152	-0.0707483368	-0.0440231978	-0.0760567846	0.0158303351	0.0639475282	-0.0196037349	-0.024730691	-0.0304949178	-0.012530236	-0.0126320353	0.0642877951	0.1174437905	0.0519541753	0.0105928076	0.0305330634	-0.0318736058	-0.0500868033	0.0225894151	0.0690317684	-0.0053229977	0.0100860929	-0.0426048952	0.032078583	0.0256199874	-0.0336801	-0.0736156074	0.0233180356	-0.0316287528	-0.0264412538	-0.0800657673	0.0716180127	-0.0474643175	0.0197204578	0.028137894	-0.0407867187	-0.0021640411	-0.0228853598	-0.1101335629	0.0212905912	0.0839774641	-0.0292411239	0.0846269263	-0.0231110904	-0.0534851702	-0.0474706495	0.0069468281	-0.0352037804	-0.0031261832	0.1336661578	-0.1787747992	0.06353871	0.0471328945	0.0090156647	-0.0848803061	-0.0308979349	0.009682051	0.0512522215	-0.0638816418	0.0087117124	0.0496124591	-0.0283450194	0.0154857265	0.0210534388	0.0142517059	0.0885478099	-0.0140172602	-0.0134287885	-0.0892303162	0.0971009358	0.0232839868	0.133311718	-0.0332380086	0.0525327231	0.0239817408	0.0440117639	0.1364023486	0.0003424832	0.1071349692	0.0719997031	-0.0080021309	0.0524167763	-0.0728959105	-0.0501452431	-0.0290304194	-0.0797559715	-0.0922375074	0.0082845025	0.0355295389	-0.0626313972	0.0208915379	-0.0510583971	-0.0695174323	-0.0016744641	-0.0131263996	0.0124705652	-0.0292343654	0.0165915404	0.0260938616	-0.0123140166	-0.0160458752	-0.0425633906	0.0283088874	-0.1159333408	0.0846552909	-0.0336562534	-0.0525107386	-0.0107553025	-0.090483845	0.0357789786	-0.0740920303	0.0454258759	0.0165198105	0.0480503294	-0.0495435568	-0.0819911279	0.0351240221	-0.0261247821	-0.0330532519	0.0011948216	-0.0405943961	-0.0177289779	-0.0798545756	-0.0612000906	-0.0312144659	-0.0308299062	-0.0244799917	-0.0100893722	0.0513583253	-0.0838695373	-0.1039889923	-0.0570913656	0.0202070119	0.1314935054	-0.0573429408	-0.0926631484	0.0660042858	-0.0574215167	0.0664051123	0.0206704123	0.1556795303	0.1330193517	-0.0501129843	-0.0248857853	0.022271742	0.1198712655	0.0146771919	0.1352470402	-0.0212180454	0.0613787542	0.0469922193	-0.0407476031	-0.0007213023	-0.0104670695	0.0732665089	-0.0193084569	0.1116151044	-0.0434051302	0.0573294298	0.0177554123	0.1337720065	0.0098903216	-0.0466097878	0.0060694283	-0.001072973	-0.0360596196	0.0066386268	-0.0663455389	0.0075198136	-0.0544970124	-0.0433890653	-0.0577267326	0.101032173	-0.0134792278	0.0153668047	0.0231250561	0.0399106988	-0.0861727516	0.0777578653	-0.0032870257	-0.0427572247	-0.1189097529	-0.0045555998	-0.0005974684	-0.0912792721	0.0017923027	0.0912558111	-0.00298683	-0.0912167139	0.0291752524679651	-0.0102314428379771	0.0001046824225467	0.0008511953565695	-0.0899423155569678	0.011985575915574	0.0001436540300279	0.0080896201277491	-0.0138737246859648	-0.0061365871254537	3.765770154828532e-05	0.0001924802366619	0.0013940977156978	-6.203295774280006e-05	1.9435084409138243e-06	3.848087846320017e-09	0.0002740057684429	-9.297806622020002e-05	7.507916113998414e-08	8.6449207980479e-09	-0.0007096910784343	7.611346280003185e-08	5.7932592194118316e-15	5.036614268092397e-07
762.4831711173963	-0.9526134324183886	581380.5862372406	0.9074723516239438	975.4160898382014	-3.5905092412773456	951436.5483152462	12.89175661169802	778.9457671935852	-1.3117998827684687	1.7208189324313683	606756.508228803	801.6965278795558	677.7318192879134	1.067959	30.568508	0.1288694120346208	0.0705053017129362	0.0893975802	-0.0145259206	0.0721079695	0.0016187021	0.0854931575	0.0521370306	0.0268901161	0.0635329553	0.0597511442	0.0737796277	-0.0480127949	-0.0094189756	-0.120532871	-0.149587285	0.0465375308	0.0132760879	-0.025967857	0.0089301236	0.0131514777	0.0222542272	0.0990154522	0.0530581574	-0.1508387846	0.0481885065	0.0378737436	0.0496450741	-0.0454344	0.0346980642	-0.0630365351	0.0901163764	0.1218154475	0.0262737448	0.0199772993	0.0333134995	-0.089838056	0.0323237482	0.0351192407	-0.0273785138	0.0305706701	-0.026406557	0.0146794215	-4.83713e-05	-0.073587431	-0.0276010176	0.001339442	0.0279895068	-0.0362318392	0.0336038153	0.033921375	-0.0862786966	0.0187818035	-0.02581579	-0.0559613253	0.0540369741	0.0867286488	-0.0164110307	0.0628168157	-0.0718783408	-0.0233321007	0.0121335417	0.1298681256	-0.0716483512	0.0130372421	-0.1080474922	-0.1480660063	0.0338889998	0.0092767998	0.0859030339	-0.1260559805	-0.0283030454	-0.1034761566	-0.0224646895	-0.0426932606	-0.1306504461	0.0380505481	0.0252300322	-0.1516276442	-0.0456423348	-0.0041356188	-0.0592048639	-0.0177324805	0.0479432354	0.0762571449	0.0106286048	0.0410731996	-0.071729284	0.0184164038	0.0250151227	0.0205572023	0.0410106131	-0.0857082893	-0.0001223993	-0.0173350998	0.0176425463	-0.1769436666	0.0943874499	-0.0211818377	0.0753250147	-0.0348030958	-0.0308473625	0.0739701739	0.0791489073	-0.082224613	-0.0271336065	-0.1041865379	-0.0980698983	-0.0502637626	-0.0232093797	-0.0836346306	-0.007444055	-0.040317531	0.0058629693	-0.0268593284	0.006231264	-0.0468809419	0.0781557983	-0.0620238367	0.0249330604	-0.0778727887	-0.0317074635	0.036646096	-0.0236300394	-0.0272908877	-0.0246373678	0.0830427149	-0.0950501914	0.0572552043	-0.0618743433	0.0881633543	0.0096147091	-0.0349352058	-0.0959870907	0.0869052731	-0.0638961399	0.0208119212	-0.0627958199	-0.0522048281	0.0225409795	0.0106734289	0.062688038	-0.0065926148	0.084386778	-0.0309043379	0.1078618363	-0.0009468282	0.0587525281	0.0445541663	-0.117994255	-0.0956107714	0.0848836589	0.050739581	0.1154567323	0.0496698535	-0.0117918765	-0.0323315703	0.0054714944	0.0467923562	-0.1039059778	-0.0992493302	0.0273466111	0.0333747762	0.0725519157	0.0211622741	-0.0675273938	-0.143046084	-0.0669566985	-0.0048841563	0.0082812236	0.0378154771	-0.0907824358	-0.0819040833	0.0172869155	-0.0207574507	0.0560665966	0.0185797639	0.1717428242	-0.1282943751	0.0528249284	0.0341896684	-0.0260971309	0.0136629538	-0.0728413481	-0.030401701	0.0789663591	-0.0065789887	0.0210511634	-0.0105544891	-0.0050984055	0.0821737536	-0.0069212254	0.037447479	0.0336626888	-0.0394236776	-0.0147284003	0.0301817692	0.064947266	-0.015055848	0.0365749332	-0.0731451229	0.0139977752	-0.0017923027	-0.0912167139	0.0053741445	0.0910056853	-0.0089476998	-0.0906543325	0.0450398806581517	0.0158646281901865	0.0002516864276128	0.0020285908497005	-0.1130582791637522	-0.0231159636067844	0.0005343477734701	0.0127821744874689	0.041714481735795	0.0555882064217597	0.0030900486931881	0.0017400979864859	0.001259902451693	-0.0001341952640047	1.5873541877820325e-06	1.8008368881317955e-08	-0.0002769464028529	-0.0005509521712958	7.669931005316077e-08	3.035482950555565e-07	-0.0007088262374171	8.648410171999436e-07	7.479499850314331e-13	5.02434634850883e-07
762.1901911559943	-0.2929799614020112	580933.8874944111	0.0858372577831239	978.7199591723356	3.30386933413422	957892.7584822983	10.915552577032493	779.3865797254774	0.4408125318922202	0.1943156882732297	607443.4406561779	803.0013751894653	684.8872789377531	1.000631	28.641382	0.105825007930919	0.0469827583670778	0.0951580611	0.0376763985	0.1054645058	-0.0807859145	0.0986575247	-0.0252695792	-0.0248928098	0.074275889	-0.062218697	0.0662127868	-0.1165907152	-0.0577453496	-0.0997155329	0.040028409	-0.0145928293	0.0972904885	-0.0511180978	-0.0029750892	-0.0124826919	0.0432700086	0.054137547	-0.0514813167	0.0695552971	0.0128198779	-0.12014091	0.0218690153	0.0497957381	0.0010521224	-0.079753302	0.1103502006	0.0145162524	0.0132341126	0.0488573587	0.0170203259	-0.1161944582	-0.0107376283	0.0556736907	0.0912330263	0.0258832881	-0.0059597005	0.0984006318	-0.0126619423	-0.1033493851	-0.1165074766	-0.0292471448	-0.0632268504	0.0493903297	0.095478085	-0.0189479994	-0.0334269373	0.059687428	0.0466289217	-0.0166451344	0.0375772378	0.0231615703	0.0655567198	0.0103100465	-0.000179575	0.0351634057	-0.1308099001	0.0590534273	0.0969493601	0.0511869672	-0.0445712771	-0.0254971651	-0.0426571194	0.049857072	0.0465584296	0.0239560348	0.0348148209	-0.0200479365	-0.1068006136	0.0731986068	-0.0595200844	0.0806356977	0.0687458332	0.0175394583	0.1059427942	0.0176031596	0.0171602188	-0.0696782816	-0.0643272515	-0.0482731111	-0.0376565283	-0.0213648493	-0.0377820095	0.0661787142	-0.0172561349	-0.0598930179	-0.1306826819	-0.0088865292	-0.0708523661	-0.0480172175	-0.0223651374	0.0242628672	0.006622996	0.1172658847	-0.0291642741	-0.0768764363	0.0866768971	-0.0496358391	-0.1065357141	-0.148821731	0.0015788383	-0.0670514769	0.0369817994	-0.0656745941	0.0259506115	0.0098096381	-0.0358171723	-0.0230878563	-0.0028096449	-0.0903084671	0.0655209215	0.0954061678	-0.0474574507	-0.0875584466	0.0691914957	0.0019243605	-0.0411780681	-0.0417432111	-0.065416188	0.0036928667	-0.0454252674	0.0421626112	-0.0970670163	0.1090413379	-0.0543559772	-0.0619615367	-0.0512593172	0.0080856027	0.0240974464	-0.0158263045	-0.0666673915	-0.0200965491	-0.0483191418	-0.0177677499	-0.0780822881	0.0515960212	0.01639177	0.0781939954	0.0727679385	0.1152638607	0.0563766809	-0.0731514539	0.0035780794	0.0529389538	-0.0594607525	-0.0586093319	0.0285910186	0.1269569299	-0.0680177448	0.043179247	0.0088170642	-0.0677462469	-0.1178069863	-0.1245362389	0.0016759658	0.0349300573	-0.0777631864	-0.049753493	-0.0626253119	0.0363423106	0.0189310053	-0.0324295796	0.0335382613	0.0027964688	-0.0054935299	0.1246165267	0.0957595278	0.0819057333	0.0010258319	0.025732664	0.0048648286	0.0381754742	-0.0226414684	-0.0736702653	0.0661437613	0.0240406131	0.0195161929	-0.0967781469	0.0053659656	0.0904603482	0.1232751976	0.0328139339	-0.0136651245	-0.0307111977	-0.0464138198	0.0326123036	-0.0709998906	0.1123198019	-0.0401960974	0.0884386903	0.0018270369	-0.0292465374	0.0438565588	0.0493060475	-0.0271126619	0.0227179482	0.0978304314	-0.00298683	-0.0910916402	0.0089476998	0.0905061192	-0.0148702542	-0.089533037	0.024303256642014	-0.0207366240161376	0.0004300075755866	0.0005906482834075	-0.099975976267288	0.0130823028964641	0.0001711466490748	0.0099951958305973	0.0184156089556779	-0.023298872780117	0.000542837472824	0.0003391346532084	0.0007927997841179	-0.0004671026675751	6.285314976973889e-07	2.1818490205577445e-07	-0.0003509526362666	-7.400623341369999e-05	1.2316775290247642e-07	5.476922584083044e-09	-0.0011418615011923	-0.0004330352637751	1.87519539672857e-07	1.3038476879051328e-06
761.9128662224977	-0.2773249334966294	580511.2157153817	0.0769091187389099	971.9374178106136	-6.7825413617219965	944662.3441403632	46.00286732346967	777.2815452094551	-2.1050345160223287	4.431170313645359	604166.6005231981	800.6343472541583	677.8784287590481	1.005149	28.770693	0.0882782476138829	0.0417960469601637	0.112248572	0.0433930918	0.0180105938	-0.0725473045	0.056786756	0.0019445975	0.0145380694	-0.011338691	0.0872876848	0.0691970465	-0.0256837847	0.0843286022	-0.0782672768	-0.0186372422	0.0472069526	0.0810534907	-0.12617719	0.0431279186	-0.0001785125	-0.0371517789	0.0137730198	0.0340830319	-0.0347532088	0.0862761563	0.0102948423	0.1012105619	0.037743282	0.0318544942	-0.1378258807	0.0335228967	-0.0217535215	0.0216989202	-0.1021979258	-0.0198675048	0.0417143275	0.1369074279	0.0038634595	0.0153902591	-0.0925390486	0.0539043914	0.0144938755	-0.0412212236	-0.0206612386	-0.1027153532	0.087932986	-0.0773453512	-0.0477059862	-0.0174043573	0.0510574665	-0.0304743277	-0.026005341	0.0662870928	-0.0904485671	0.0358134087	-0.08022616	-0.0806564331	-0.0959680773	-0.0067726585	-0.0571969305	-0.0235205016	0.0217818882	-0.0849179183	-0.0151283619	-0.0937966896	-0.0739213054	-0.1129193426	0.0296238455	-0.0084137625	0.0613986293	0.0500181097	0.0363718425	0.0468113123	0.1629193326	0.0027736594	0.0241870477	-0.0024478293	-0.0176670002	-0.1322999975	-0.0607356509	-0.0375946194	-0.0445505257	0.0202362413	-0.0471314024	-0.1067077612	-0.108401668	0.0029722139	0.1112074976	-0.0384052327	-0.0269816286	-0.0582476142	-0.0560433448	0.0315317195	-0.0143080759	0.0310835648	0.0223081814	0.0039418942	0.0014983559	-0.084824817	-0.0925982644	0.07862809	-0.033499355	0.133284504	-0.0639778582	0.1213846761	-0.0616140052	0.0165348932	-0.0003693171	-0.0935972341	-0.0688997214	0.0414151583	-0.0387485136	-0.0222947682	-0.0168111346	0.0147687301	-0.0609993265	-0.0500882295	0.0455579517	0.0302459167	0.0301253661	0.0460870547	-0.0877077072	0.1128386834	0.0886231029	-0.0415835664	0.0508306683	0.0282501906	0.0780139506	0.0578399289	-0.0169880854	0.0890899854	-0.0527125648	-0.1676922593	-0.093368745	-0.0411502317	0.0647707925	0.0115454113	0.0256585963	0.0715592125	0.0222357497	0.0527110131	0.062080137	-0.0517774854	0.1022892721	-0.0200749006	0.0686537374	0.062608223	-0.0094145411	-0.0067377846	0.0285297512	0.0523963358	0.0337763366	0.0920602501	-0.0710383467	0.0748431571	0.0085371856	-0.0270143353	-0.0830442313	0.1046485965	0.0753553195	-0.0899815224	0.0920407406	0.0345923198	0.1231194419	0.0070584251	-0.104334055	0.0291790408	-0.0510544549	0.0036256359	0.0271925912	-0.0262966716	-0.0363269873	-0.0663886167	-0.0740659822	-0.0348698736	-0.0471351113	0.0367346949	-0.1317349929	-0.0275740637	-0.0165107939	-0.0287133645	-0.0360946445	-0.038535918	-0.0159739728	0.0717869451	-0.0426032824	0.0300613697	0.0685308201	0.0003320948	0.0375006513	-0.015348052	-0.0636064113	0.0084414631	-0.0596339357	-0.0600629002	0.020951658	-0.0017532514	0.0042337918	0.0786390142	0.0447355099	0.0299528676	-0.0041808454	-0.090904137	0.0125074584	0.0897584821	-0.0207291319	-0.0878597406	0.0459058228094306	0.0216025661674165	0.0004666708650176	0.0021073445678108	-0.1302278015455584	-0.0302518252782704	0.000915172932667	0.0169592802953893	0.0285848263715138	0.0101692174158358	0.0001034129828505	0.0008170922986895	0.0009947653350214	0.0002019655509035	9.895580717602382e-07	4.079008375175426e-08	-0.0004909778167863	-0.0001400251805197	2.410592165762416e-07	1.9607051179574586e-08	-0.0009587594575683	0.000183102043624	3.35263583792852e-08	9.192196974766608e-07
761.213613542579	-0.6992526799186862	579446.1654425508	0.4889543103734646	969.5217537446456	-2.41566406596803	939972.4309840932	5.835432879609198	775.8593100699577	-1.4222351394973884	2.022752792021156	601957.6690222308	798.9515769883349	682.2600867917113	0.990311	28.345991	0.0640297610880505	0.0432597484341657	0.0772222274	0.07998435	-0.006060879	-0.0703845905	0.0119965709	-0.0312883233	-0.0157434428	-0.0117889996	-0.0283739466	-0.0543757621	-0.0401504983	0.0578346893	0.0014317578	0.0193377011	-0.0408728509	0.0648958712	-0.0768358852	0.0076413156	0.0260199876	0.0657098797	0.0103533123	-0.0188820796	0.024598708	0.0534043966	0.0227424047	-0.0574941224	0.0805243672	-0.073069166	-0.0912876305	-0.0697581635	-0.1342871235	0.0316596242	0.0092745443	0.0145919494	0.0070649555	0.1142470143	-0.0086150857	-0.0496830974	0.0946777024	0.0032678044	0.0062488959	-0.0061266121	0.0399612095	0.0704946524	-0.0069583524	-0.0780838469	-0.0275036299	0.0291563919	0.0579847528	0.046716172	-0.047606868	-0.0826342923	0.1158540342	-0.0297766626	0.0097194189	-0.0719760141	-0.0102280436	-0.1149519111	-0.0790233997	-0.0967083984	0.1249164137	0.009711009	0.0638907351	0.0255912136	-0.0557109578	-0.1053705344	0.1000545802	-0.0057831874	0.0447759193	-0.115920796	0.1352246147	0.0092018452	0.0262960079	-0.071931569	-0.187157317	-0.0018165365	-0.0380894531	0.0377361762	0.0027035218	0.0770393676	-0.0562875716	-0.0494366446	0.0475019118	0.0215097349	0.0184174893	0.0208378175	-0.1101707156	0.0276784361	0.0760101486	-0.0362338664	-0.0607379539	0.0033214726	-0.0079617044	-0.0248787394	0.0079176831	0.0287215445	0.0337295216	-0.0604160837	0.0704197251	0.0300127678	0.0136549146	-0.0911755309	-0.0314362801	0.1167320073	0.0197179831	-0.0010914532	-0.0366091992	-0.027401872	0.0911167102	0.0382342148	-0.1299533019	-0.0006288468	-0.0523056454	-0.0193392991	-0.0295287236	0.0395431997	0.0839233984	0.0327865821	0.0319710863	0.0262137236	-0.0022044885	-0.1390622778	0.0160487221	0.0162386799	0.0094363966	0.1051881944	0.1019784154	0.0118933305	0.0375469189	0.0259267149	0.0220811078	0.0311213806	0.01939093	-0.0816952282	0.171104746	-0.0784122213	-0.0543850699	-0.0244452427	-0.0137156942	0.0750668313	-0.0668618819	0.0804016815	-0.0501202284	-0.0715010024	-0.005049111	0.0421129228	-0.0040505054	0.0693027147	0.0832427817	-0.0102903731	0.0920308274	0.0136965583	0.0226934546	-0.1157925639	0.0717010593	0.0016749964	0.0340372501	0.0768338771	0.0156375003	-0.0461256385	-0.0372943112	-0.0169221804	-0.1071444279	-0.0226756593	-0.0241045992	0.0130016526	0.0922007615	-0.0480806369	0.048209163	0.0004021297	0.0512804434	0.0236829308	0.002925486	0.0716774529	-0.0105759241	0.0299701692	-0.0860461235	-0.0482254186	0.0292825825	0.0309396557	-0.0940520967	0.0045570629	0.0403865033	0.0323365679	-0.0034295364	-0.0025540121	0.0857007696	0.0424040751	0.0003571221	0.0047684944	-0.0729412165	-0.0095202022	-0.0289611772	-0.1099294405	-0.0584083024	-0.1083979901	-0.0574051284	-0.0643779345	-0.012865052	-0.1264192294	-0.0053741445	-0.0906543325	0.0160479313	0.0887648233	-0.0264992443	-0.0856447597	0.0421867083833689	-0.0037191144260616	1.3831812114140214e-05	0.0017797183642234	-0.0888570556309531	0.0413707459146053	0.0017115386175308	0.0078955763354022	0.0212907695504753	-0.0072940568210385	5.320326490853829e-05	0.0004532968680514	0.0009302731599787	-6.449217504270004e-05	8.65408152176756e-07	4.1592406417382615e-09	-0.0005418916104868	-5.091379370049994e-05	2.9364651751597775e-07	2.5922143889770675e-09	-0.0008412485477846	0.0001175109097837	1.3808813918192885e-08	7.076991191496984e-07
762.2448378261033	1.0312242835243524	581017.1927925425	1.063423522930314	971.7676385966214	2.245884851975802	944332.3434236536	5.0439987683343706	774.5778780642214	-1.281432005736292	1.6420679853253364	599970.8891864718	798.0216920653917	676.8791384764501	0.999309	28.603537	0.0879822388951875	0.0487297736123418	0.0908361265	0.0477062456	-0.1075635911	0.0005524523	0.0324078092	-0.000883894	0.0057402905	-0.0241943635	0.0069411284	-0.0574856537	0.050522995	0.0715536451	-0.0169772257	-0.0066564002	-0.0868006692	0.0425409124	-0.0099212817	0.0189316095	-0.0124185038	-0.074592774	-0.0264545281	0.0313574195	-0.0628233577	0.0010167115	0.0316959268	0.0376310841	-0.05595239	-0.0941970104	-0.1360401301	-0.1122366793	-0.0923779393	-0.0035878861	-0.0008426205	0.03991092	0.039790295	-0.2005091145	-0.0135651326	-0.0222743585	0.0233964643	0.0083403627	0.0508503265	-0.0851649097	0.0583020889	-0.0320873367	0.0074081116	-0.0887517732	-0.0481244446	-0.0781158137	-0.0097730063	-0.0545391439	-0.0072788075	-0.0465209689	-0.0460741557	0.0147901247	0.0332303965	-0.0204250115	-0.1140156961	0.0155383505	-0.1004776792	0.0131168685	-0.0208717795	-0.0097977173	-0.0087507931	0.0047523917	0.0364251785	0.0675518685	-0.0789966483	0.0224617928	-0.0881001309	0.0323652236	0.0341435551	0.0231893099	-0.0885554652	-0.0708842593	0.0030455178	-0.0123293111	0.0531292429	0.0896289251	0.0701535102	-0.0069529272	0.1346848617	0.0979336475	0.065151826	-0.0942933509	0.0012639615	0.0336540018	-0.052943114	0.0193149447	0.0850134772	0.0291844103	0.0610458327	0.0262684226	0.0365159977	0.0349009717	0.0482942704	0.0269122544	-0.043543692	-0.0092688497	-0.0610919144	0.0018143185	-0.0609268527	-0.0040810506	0.0604230228	0.1642384374	-0.0276067355	0.0011979491	-0.0408081485	0.0173981043	0.0293273629	-0.0835840378	-0.036556955	0.0140543579	0.0129624281	-0.1387784664	-0.0503113694	-0.0154709307	-0.0861093836	-0.0968520571	0.0517162165	-0.0177887053	-0.0070240486	0.0199283004	0.0338671574	-0.0171965817	-0.0365324064	-0.0249077647	0.0472541013	-0.0108887569	-0.0308444248	0.0362240609	0.1150613541	-0.0697460175	-0.0678666466	0.0310783033	-0.049988194	0.0298581917	-0.0681235118	-0.0299274159	0.012091702	-0.0774706698	-0.020669973	-0.0747702954	0.0700414949	0.0272634567	0.0168956429	-0.0795779761	-0.0172049825	-0.0667541123	-0.0706481953	-0.0131592045	-0.0974918227	0.0270770911	-0.0386918946	-0.0433030979	0.0841969222	0.0545847847	0.1581702998	0.0152536667	-0.0569296833	0.0689041001	-0.0719845882	-0.0427115924	-0.0120705789	0.1156291683	-0.0173184951	0.0208027732	0.0792869352	0.0868676367	0.0696189245	-8.17097e-05	-0.0158124981	-0.0208550534	-0.0255651782	-0.073031362	-0.074983818	-0.0483785835	-0.1019208806	-0.0787078737	-0.0948431862	-0.0098916769	-0.0149046156	0.042566722	-0.0245530303	0.0217163663	-0.0107840064	0.0506788777	0.0757523607	0.0296262103	-0.0298952305	0.004263975	-0.1414616488	0.0266323243	0.0233612502	-0.0629211434	0.0076299144	-0.0276421329	0.003465575	0.0330410616	0.1074917223	-0.0163557732	-0.0065665228	-0.0903423981	0.0195636596	0.0875278662	-0.0321558829	-0.0829017503	0.0736286037240745	0.0314418953407055	0.0009885927826158	0.0054211712863567	-0.1237536903817471	-0.034896634750794	0.0012177751169303	0.0153149758831013	0.0168610511544073	-0.0044297183960679	1.9622405068463228e-05	0.0002842950460315	0.0010972418340221	0.0001669686740433	1.2039396423281817e-06	2.7878538111811144e-08	-0.0005190464163851	2.2845194101699952e-05	2.694091823622146e-07	5.219028935443463e-10	-0.0009957144877919	-0.0001544659400072	2.3859726622338795e-08	9.914473411986856e-07
763.7129819129555	1.468144086852135	583257.5187423782	2.155447059758889	969.7473459677262	-2.020292628895163	940409.9150114488	4.081582306368129	777.1280820462797	2.550203982058292	6.50354035010597	603928.0559049292	799.0318505112651	673.766074383225	0.981137	28.083382	0.1084437742406707	0.0520487263561683	0.0737801292	-0.0070662304	-0.1194169425	-0.0134196086	0.0580962249	0.0126993376	-0.0704554321	-0.0391620932	-0.0671599175	-0.0432169863	0.0755065349	-0.008547129	-0.0655863403	0.0106450742	-0.0698776333	0.0010683979	-0.050665595	-0.0868082392	0.065895694	0.0191909188	0.0274616627	0.0048452784	-0.0051351238	-0.0151925971	0.0416789046	-0.0410908007	-0.0018010696	-0.0594615307	-0.0979857993	-0.0227978451	-0.0179476207	-0.1269381812	-0.0929179697	0.0707890785	-0.0341470987	-0.0042932361	0.0471561814	-0.1165089881	-9.34499e-05	-0.012952611	-0.1392206244	0.0144916555	0.0927458107	-0.12719741	0.090581353	0.0146662405	-0.0098886336	-0.0963287458	0.0414255409	0.0780588452	0.021668063	0.0818093677	0.0187798024	0.0005913206	0.0447785419	-0.0921081117	-0.1046589953	-0.0067379382	0.0847439945	0.0320497057	-0.0040435715	0.0496034888	0.0397005711	0.0028799832	0.0175576042	-0.0027547467	0.0275730012	0.0796938755	-0.1238120825	0.0624739845	-0.023798624	-0.1105973132	0.0239788489	0.1125996601	0.0835584795	-0.0405675004	0.0276581048	-0.0216453213	-0.0216119336	-0.0511609502	0.0421911586	0.0316380428	-0.0796590419	-0.004485182	0.0403555388	-0.0048377313	-0.0546704931	-0.0361190629	0.021999181	0.0473442734	0.0047394987	-0.0043664958	0.005640201	0.0444349582	0.0873311609	-0.0499640819	-0.0956543181	-0.1202920038	-0.0199882411	0.0114197824	0.0253021411	-0.1176682911	0.0653314263	0.0334993769	-0.1187685381	-0.0186063618	-0.0109754521	-0.0085007785	0.0921194569	-0.0316865868	-0.0435167154	-0.1440293521	-0.0537165875	-0.035307769	0.0103048063	-0.030703183	0.0763734995	-0.0419058533	0.0513599797	0.1236850759	-0.0078151679	0.1715930615	-0.0093029053	0.044260126	0.0074369229	-0.0779878171	-0.0062607162	0.0345260481	0.0055204347	-0.0178338925	-0.0107249926	0.0075624804	0.0150847443	-0.058217065	-0.0292844109	0.0003541866	-0.0648350929	0.0740281317	0.0256511892	-0.0102680697	-0.0225772662	0.0168547113	-0.0007155121	0.003073309	0.0199472292	0.038114614	-0.0107071055	0.0296476023	-0.0693853009	-0.0783978426	-0.0030325203	-0.0523695706	-0.0095893207	0.009660988	0.0339459807	0.0891502094	-0.1122157696	-0.1176326901	0.0709920253	0.0759564644	-0.0036466997	-0.0207515883	-0.0035908824	0.067984944	0.0447252907	-0.0130589131	-0.0037853228	0.0337023312	-0.0036770576	0.1462327312	0.0663600312	-0.1032445291	-0.032602661	-0.0587997186	0.0653438776	-0.1537773787	-0.0911483667	-0.0565711309	0.0507121983	0.1124742487	-0.0042402432	0.0817357835	-0.0140015889	0.0343047176	0.0561239943	0.0334198939	0.0363433255	0.0143206307	0.0324870833	0.0175008351	-0.0592467535	-0.1541064016	0.061726445	-0.0633106453	-0.122050948	0.0107230305	0.0206241012	0.0356160427	0.0499663733	0.0040387458	-0.0077577759	-0.0899685475	0.0230492221	0.0860510014	-0.037674825	-0.0796476241	0.0393090528257147	-0.0343195508983597	0.0011778315738651	0.0015452016340548	-0.1015984443684629	0.0221552460132842	0.0004908549259091	0.0103222438980916	0.037748307254489	0.0208872561000817	0.0004362774673904	0.0014249347005793	0.0009410275136826	-0.0001562143203394	8.85532781507656e-07	2.4402913879131905e-08	-0.000803055149914	-0.0002840087335289	6.448975738033971e-07	8.066096072068976e-08	-0.0011771258585024	-0.0001814113707105	3.2910085423062496e-08	1.3856252867550125e-06
764.3817765309294	0.6687946179739583	584279.5002925798	0.4472862410309329	971.9840885942632	2.236742626536966	944753.0684804204	5.003017577367485	776.6639702370217	-0.4641118092580427	0.2153997714927738	603206.9226643333	798.910935397467	684.5631439922214	0.999751	28.61619	0.0857353626545033	0.0438232012871506	0.048706592	-0.052609586	-0.0919605317	-0.0274217555	0.1057112753	0.0099423232	-0.0323730112	-0.0506676633	-0.0505970297	-0.0522487077	0.1136426336	-0.0178434968	-0.0500942134	0.0587320171	0.0191547755	-0.0162258742	0.064895178	-0.04625101	0.077091764	-0.0684953124	0.0627195244	0.0504702912	0.0511177213	0.0157004315	0.0028866865	-0.0024612827	-0.0368787861	-0.1782049219	-0.1235158414	-0.0201013316	-0.048112676	-0.0608122952	-0.0399985128	0.0244145149	0.0333301169	-0.1201052859	0.0738787502	-0.0557568074	0.0329333509	0.0541417322	0.002515321	-0.1234818331	-0.0122090219	0.0261980765	0.1416103238	0.018404521	0.0279148812	-0.0173593291	-0.1212026921	0.040065565	-0.0702036011	0.1905440696	-0.0395677176	0.0097891419	-0.0271652358	0.03204697	-0.1023797865	0.104847833	0.0180296963	0.0964612604	-0.1004944365	-0.0976916946	-0.0297918291	0.0247071936	0.0884623722	-0.0239593478	0.0316979064	0.0348062918	0.033942362	0.0770003802	-0.0550161342	0.018842135	0.0237576537	-0.0163636352	-0.0849127402	-0.1079781035	-0.0998944488	-0.027757722	0.0769918384	0.1059102303	0.0123021446	-0.03389594	-0.020381072	0.0687282391	-0.0148692708	0.1114726069	-0.0439156256	-0.0465463729	-0.0617319897	-0.0914107882	0.0094360709	0.0566893957	0.0738960715	-0.0599189035	-0.0985022248	0.0230503678	0.0083310649	-0.0458866838	0.0637942144	-0.0165104071	0.1192927124	-4.86083e-05	0.0740374009	0.0827154939	-0.1367816412	0.0626890854	-0.0020784389	-0.0214837659	0.0384524611	-0.0238985008	0.0661914716	-0.0156939469	0.0726287551	0.041068799	-0.0593354588	0.1111790175	-0.0647698986	-0.0607956491	0.1870081648	0.0271021553	0.0879933633	0.2191739955	0.0716757935	0.0235248925	-0.0989188244	0.0110004227	0.0139311692	-0.0366371427	-0.0323347995	-0.0162238705	-0.0314088423	-0.0260976899	-0.0447910369	0.0595311789	0.0456148404	0.0963609674	0.038001483	-0.0758794102	-0.0418641732	0.1092707244	0.0380644021	-0.0820270867	-0.1042828135	-0.01197423	-0.0038329323	-0.1210673151	0.0307256512	0.0039566423	-0.0247003997	0.0266134832	0.0393448328	-0.0790047105	-0.0502894139	-0.0059442937	0.0270921901	0.0022774331	0.0090087397	0.073709192	-0.0046786905	0.051214405	-0.0112103062	0.0056264069	0.0820984663	-0.0150407442	0.0149121882	0.098901149	0.076788961	0.0195178458	-0.1023481649	-0.051746272	0.0850542312	-0.0968811772	0.0628497673	0.0965102135	0.0178372132	-0.0510580118	-0.0709288148	-0.0301226017	-0.1140291812	0.0226964513	0.0643201119	0.1111055877	-0.0183379761	0.095637997	-0.0049752593	0.0463872842	0.0116225491	0.088977853	-0.0733372185	-0.1258794777	-0.0353678631	-0.0185591204	-0.0330404904	-0.1113193036	0.0011735862	0.0434077827	-0.0354631893	0.1574528801	0.0689087596	-0.0280998927	-0.0089476998	-0.089533037	0.0264992443	0.0843382767	-0.0430324377	-0.0759024438	0.0511069781532711	0.0117979253275564	0.0001391910420345	0.0026119232159589	-0.1333881672891692	-0.0317897229207062	0.0010105864833752	0.0177924031727633	0.0210866474583184	-0.0166616597961706	0.0002776109071633	0.0004446467010314	0.0012580580811398	0.0003170305674572	1.5827101355211556e-06	1.0050838070223424e-07	-0.0006992964538328	0.0001037586960812	4.890155303431293e-07	1.0765867012470844e-08	-0.0012660576871654	-8.893182866299997e-05	7.908870149345183e-09	1.602902067230602e-06
764.2739671822593	-0.1078093486701163	584114.6969125092	0.0116228556606747	966.2390356497332	-5.745052944530016	933617.8740133264	33.00563333545301	776.4001084519579	-0.2638617850637956	0.0696230416170527	602797.128404212	797.7492974866173	685.626427539685	1.014585	29.04077	0.0742514021782706	0.0397549916331576	0.0065188964	-0.036339016	-0.0820871395	-0.062120277	0.0668369383	-0.0168657436	-0.0606845624	-0.0833142379	-0.0691195984	-0.1243944129	0.0872635748	-0.0329574289	-0.0104326868	0.0048346147	0.0006038671	-0.0484027702	-0.0601051451	-0.0102906002	-0.0540294434	0.1097081786	-0.0284627356	-0.1084241814	-0.0005104796	-0.0183289912	0.058875505	-0.0275019882	0.0054481673	-0.0608108343	-0.1005859365	-0.0876462144	-0.0367651595	-0.0080850927	-0.0354656628	0.0345981435	0.0176757522	-0.048605266	-0.0444719394	-0.0113630548	-0.0913408895	-0.0404196953	-0.0397820105	0.0089389324	-0.0841316345	-0.0574839234	-0.0342150345	0.0133959762	0.006499058	-0.0811500673	0.0177215725	0.0658214703	-0.070047955	-0.0599744178	0.0671600922	-0.0841248794	0.0172257351	0.0028317285	-0.0501296753	0.0245749127	-0.0204513382	-0.017581088	-0.0772404663	0.0037321255	0.0691018995	-0.0369464365	-0.0776168739	-0.0673590974	-0.0093310532	-0.1316913082	0.0453461808	-0.0716465035	0.0264083466	0.0074923316	0.0005865616	0.0614184648	-0.0968139393	0.0719392125	0.0777740959	-0.0262252059	-0.0340778069	0.04052236	0.0893713614	-0.060701982	0.0620581425	-0.1051110836	-0.0138740003	-0.059848362	0.1353928003	0.00769107	0.0323838562	0.0198652672	0.0894184683	0.039113672	0.0751189191	-0.0263698632	0.0020956043	0.1111369775	0.0037531713	0.137578207	0.0225064388	-0.0869155364	-0.0512195992	0.110675643	0.0803950265	0.0420266925	-0.0462994977	-0.0425975392	-0.0528933958	-0.0782186153	0.1249639074	-0.0498459404	0.0320375583	-0.0065856012	-0.0144051875	-0.1415033425	0.0696801288	-0.0639872101	0.0640010097	-0.0368344872	0.0347493857	0.0132582117	0.0618725727	0.0826092231	0.0083959745	-0.0437709577	0.0354763879	0.1170543357	0.0077711673	0.1048981743	0.0639307769	0.0300576539	0.0157727886	0.1434324395	-0.0259827218	-0.0848768037	-0.0542481956	-0.0081515343	0.0459762156	-0.0415645945	-0.0899980308	0.06695472	-0.0057666712	0.0854902548	-0.0603076463	-0.0803403248	0.0379371299	0.0188727348	-0.0133706104	-0.0225815832	0.0260193626	0.0196869052	0.0240014637	0.0364277572	-0.0899969376	0.0131792949	0.0809116529	-0.0180217016	0.0485456611	0.0496447505	0.0491895244	-0.0095408734	0.041419255	-0.0866241048	0.0451568443	0.1123146369	0.0568664607	0.0214710732	-0.0216469818	0.0253470691	0.0881032692	0.0010673962	-0.0775572758	-0.0257332865	-0.0491233005	0.0592462526	0.026833857	0.0583734338	-0.0698611617	-0.0944681065	0.062308835	0.1061794425	0.0647675043	0.0385676238	0.0272422757	0.062534112	0.0281285236	0.0237644632	0.1161797986	0.0735615696	-0.1243501804	0.1471292037	-0.0486399385	-0.0922828387	0.0185964096	-0.0928214514	-0.1126666953	-0.0778962961	0.0185303821	0.0016110703	0.0397115706	-0.1003766456	-0.0101360905	-0.089036165	0.0299084066	0.0823943867	-0.0482057789	-0.0716892996	0.0508773602632999	-0.0002296178899712	5.2724375394827176e-08	0.0025885057873616	-0.1092601354797011	0.024128031809468	0.0005821619189987	0.0119377772050426	0.0454737673215248	0.0243871198632063	0.0005947316152223	0.0020678635144121	0.0010977787103667	-0.0001602793707731	1.2051180969343749e-06	2.568947669542089e-08	-0.0003511941281848	0.000348102325648	1.2333731567148176e-07	1.2117522912154622e-07	-0.001264306731274	1.7509558913999038e-06	3.065846533628032e-12	1.5984715107447467e-06
763.9248861077555	-0.3490810745038288	583581.2316147472	0.1218575965767477	969.6602899377996	3.421254288066393	940241.0778822576	11.704980903612682	777.7363636371967	1.336255185238883	1.7855779200778024	604873.8513236099	798.7597351548831	677.1057952470212	1.058904	30.309336	0.1256947338447874	0.0673951627182757	-0.0120911381	-0.0902711487	-0.1037882718	0.0535953131	-0.0608355287	-0.0037490269	0.0487771621	0.0024820257	0.0412752874	-0.0071893347	0.129427946	0.0119655918	0.0280777178	-0.0386438177	0.0509867457	-0.0329215944	0.0861726986	-0.0116055862	-0.0278664011	0.0275611014	0.0173015729	0.0424783347	0.0244205115	-0.0250139534	0.0358027023	0.0099354707	0.0293158812	-0.1363564277	0.0456923826	-0.0343706104	-0.0032238007	-0.0191537147	-0.1189862809	0.0517008589	-0.0291720805	0.0115227851	-0.0385484556	0.0282148605	-0.0064838278	-0.0837927118	-0.1327465248	-0.0793582885	0.0185520106	0.0538130682	0.0005461573	-0.0358350352	0.0291762117	-0.077675607	-0.0629181507	-0.1384175319	-0.2021529314	-0.1737441792	-0.0251515093	0.0823913768	-0.0531667399	-0.0500846924	0.0127357675	0.0111520117	0.0234002185	0.0121103877	0.0059559454	-0.116639979	0.0483411348	0.0441459554	-0.061869278	-0.0392469899	0.0687230114	-0.0913049378	-0.0032754346	-0.0458340479	-0.1616348802	-0.0230276448	-0.0148375912	-0.0663728696	0.0672160973	-0.0349250208	0.0658574096	-0.0211165494	-0.056012474	-0.0211687851	0.0195098666	0.0522100602	0.0778946291	0.0517218493	0.0075436758	0.1413509352	-0.0169970815	0.0336797274	0.0659516388	0.0254807979	0.0483778907	0.0084098907	-0.0110985663	0.0870524547	-0.1305995683	-0.0016184082	0.0460821062	0.0743291962	-0.0143611225	-0.0447377214	-0.0773983174	-0.113111812	0.12478956	-0.0286469675	-0.0212042313	0.0043184209	0.0690966825	-0.0163431368	0.0562305781	0.0608262217	-0.0037619145	0.0164653212	0.0040157824	-0.0702969959	0.0066888524	0.0414370835	-0.0192011572	0.0703452294	-0.0007236116	0.0010858472	0.0635689134	0.0004806918	0.1554436004	-0.1856094827	0.0432870267	0.0429728022	0.0193200372	0.0138772305	0.0546156581	0.0001362242	0.0214765261	-0.0647862153	-0.0407857709	0.0433225231	-0.0385619291	-0.0596487007	-0.0402714397	0.0099414766	-0.1104318124	-0.0291121521	-0.0042453564	-0.0833849346	0.0058298499	0.021155213	0.0541553439	0.125489204	-0.1991362348	-0.0556964852	0.0037249698	0.0409237559	0.0458623997	-0.1097769759	0.0516232137	-0.0743135656	-0.0460037831	-0.0215699034	0.0160028353	-0.1266497579	-0.0674187084	0.0599982921	0.0272380968	0.0923534469	0.0075386722	-0.1866105725	0.0294698076	0.0135740984	0.0456721277	-0.0054654175	-0.0722493248	-0.0919678061	-0.1345351336	0.1224091545	-0.0299443104	-0.0137535712	-0.0486640342	0.0215503781	0.0399133408	-0.0326663886	-0.0366910061	0.0846719912	0.0129177167	0.0634449951	-0.079609747	-0.0219322872	-0.0724575171	0.0487042126	0.012371145	0.1102839583	0.0193746169	0.0011884221	0.1066483734	0.1002999734	-0.1073107662	-0.0405660989	-0.120507295	0.0619060365	0.0280889862	0.1088258013	-0.0381927717	0.004241633	-0.0113227445	-0.0884782721	0.0332714524	0.0802246594	-0.0531726956	-0.0670341672	0.0384416934387985	-0.0124356668245014	0.00015464580937	0.0014777637944425	-0.0898360410229344	0.0194240944567667	0.0003772954454653	0.0080705142666743	0.0001098967764505	-0.0453638705450743	0.0020578807508302	1.2077301474211172e-08	0.0018333201336302	0.0007355414232635	3.3610627123738547e-06	5.410211853364955e-07	-0.0003519462726591	-7.521444743000048e-07	1.2386617883863357e-07	5.657213102200306e-13	-0.0010311782586429	0.0002331284726311	5.4348884751309564e-08	1.0633286010978037e-06
765.5901580973302	1.6652719895747623	586128.2901754951	2.773130799262287	968.3497122417796	-1.3105776960200046	937701.1651987372	1.7176138973051036	778.4270310502153	0.6906674130185593	0.4770214754057491	605948.6426696528	799.2633592082528	692.6514164759823	1.062303	30.406624	0.0555610953453203	0.0336853275161004	-0.0984936894	-0.0657406897	-0.074979929	-0.0017979587	-0.0536662814	0.0576195334	-0.0546862032	-0.0720812383	-0.0073033924	0.1161728727	0.1170012138	-0.0188939371	0.0301295758	-0.0028864226	0.0348729251	-0.1029532903	0.0212776486	-0.0352919694	0.0379103364	0.0032809132	0.0421076321	-0.036344855	0.009705893	0.0119351712	0.0284688398	0.0181554433	0.0626717454	-0.0844673959	0.1053639097	-0.0276761698	0.0043069265	-0.0345863169	-0.1587852543	-0.0477686228	-0.0634631392	-0.0759910591	0.1952645328	0.0518461936	0.0743321614	0.0771855277	-0.0251524191	0.1159013242	0.1424133836	0.0455100284	-0.0283532149	-0.0613906749	0.0074753404	0.078853957	-0.0065654583	-0.000664906	0.0321114767	-0.0164263297	0.0954223487	-0.0193630606	-0.0633582722	-0.0401100745	-0.0305835329	-0.0689577736	0.0576510271	-0.0207455279	-0.0919044969	-0.1227032361	-0.070057433	-0.1094896466	-0.1090570066	-0.0238909419	0.0440027302	-0.0160560501	0.0107108561	-0.0218339983	0.0488851236	-0.0074834856	-0.0073748962	-0.0072240558	0.0382755187	-0.0509509502	0.0468216673	-0.0218991816	-0.0022667876	0.0868434611	0.0890200577	0.0150271587	-0.1019093411	0.0369459141	-0.0070315612	0.0337478154	0.0543485104	0.0428606522	-0.0420313424	0.0360845717	-0.0301428394	-0.1185212688	-0.0691167556	0.0083319197	-0.0793266995	0.0097018149	0.0076336428	-0.0153045785	0.1563365451	0.0214851789	0.0490377587	-0.0688721075	0.1243125839	-0.1009661643	-0.0029741357	-0.0340756392	0.1248404483	-0.0410048289	0.0969297462	0.0474416131	0.0192105668	-0.0754055319	-0.1034234126	-0.0066825964	0.1011084913	0.1278944513	-0.0582278017	0.0170716003	0.0296187451	0.0565778234	0.0112968366	-0.1334239345	0.0912242842	0.1570012155	0.0619632278	-0.0460706379	0.0190842473	0.0889839455	-0.0336019708	-0.0163980402	0.0738243229	-0.0699892808	-0.0459624782	0.0151715924	0.0868587591	0.0891952511	0.0643502298	-0.010126971	-0.1029963473	-0.0071626788	-0.0347602248	-0.0346869744	-0.0799027049	0.0007538565	0.0084712523	0.025112288	-0.0850248499	0.016381933	-0.1036089748	0.0432049147	0.09847331	0.0433277932	0.04134054	0.1435208638	-0.024430533	-0.0271520856	0.0389691286	-0.0352176199	0.0098350863	-0.0332776604	-0.0067783692	-0.0417258337	-0.0802935529	-0.0380971451	-0.0475376956	0.0467821427	0.081516658	-0.0799847786	-0.0357884255	0.0498447648	-0.0488077928	0.0057548206	-0.0283923228	-0.0187395353	-0.0044753058	0.0051436256	0.0832643436	-0.0544343609	0.0622457954	0.0945998546	0.0453548259	0.038385386	-0.0320331757	-0.0589910876	-0.0584044764	0.0601231513	-0.1467097333	0.136434299	0.0272845427	-0.0363955151	-0.0335022981	0.0387908051	0.0022781731	0.0561803294	-0.0813507859	0.0064351846	0.0017538407	0.0050537969	0.1049167678	-0.0662253721	-0.0125074584	-0.0878597406	0.036583196	0.0778350419	-0.0579119187	-0.0619657467	0.0338724656322853	-0.0045692278065131	2.0877842747813412e-05	0.0011473439280103	-0.0835666853598411	0.0062693556630932	3.930482043035994e-05	0.0069833909020306	7.532096957163503e-05	-3.4575806878864965e-05	1.195486421324566e-09	5.673248457211171e-09	0.001402238323828	-0.0004310818098021	1.966272316811959e-06	1.858315267423401e-07	-0.0003520475618308	-1.0128917170000413e-07	1.2393748579101097e-07	1.0259496303672914e-14	-0.0014937538810457	-0.0004625756224027	2.139762064413377e-07	2.231300657139091e-06
768.6044441569957	3.0142860596654373	590752.7915778842	9.085920449493388	973.8154677694494	5.465755527669785	948316.5652670314	29.87448348825281	781.8739804562864	3.4469494060710986	11.8814602080139	611326.9213145573	802.9397588782264	697.4449958206911	1.07578	30.792387	0.1661942246299729	0.0815947185919716	-0.1145745187	-0.0914216907	-0.0346989432	0.0885179653	-0.0743005963	-0.1491662908	-0.046016842	-0.0124622524	0.0015831983	0.1260265462	0.080871048	-0.0867029208	0.057229351	0.0086330462	0.0724738193	-0.0224298221	0.0899820324	0.0531188011	-0.1044385801	-0.0104914367	-0.0017652416	0.0105113131	-0.0080095314	-0.1279962987	-0.0129013954	0.0030114307	0.1523599609	-0.0753726113	0.2068084834	0.048269104	0.0106763299	-0.0048440056	-0.0853986165	0.0046946985	-0.0048882893	0.0308267293	-0.0975901476	-0.0944933585	0.0555457858	-0.0672904783	0.0108031148	0.0132748454	0.0806080525	0.1021962265	0.0168592569	0.0864962621	0.0445500042	-0.0457574311	0.0570449533	0.0823949816	-0.014671544	0.0967792134	-0.0044967202	-0.1146443073	-0.1305936031	-0.0137589022	-0.027255087	-0.0403308961	0.0301287	-0.0814196037	0.0570757605	-0.1261960556	-0.0070002333	-0.0237316445	0.1071702787	0.0321699839	-0.0590039226	0.0768269759	0.0145968051	0.0089335898	0.1993163638	-0.0334117565	-0.0610962026	0.0529189196	-0.0142613559	0.038347651	0.0630459291	0.1032295915	0.0752971933	-0.108553899	-0.0646171832	0.0474237292	-0.0479873191	-0.1112510768	-0.064592752	0.1002815254	-0.1038884883	-0.0147589294	0.0101851296	0.1761917616	-0.130027905	0.0221494884	0.0241259781	0.0115839858	0.062296164	0.0451561038	0.1088448279	0.0062870557	-0.0170644118	0.0050569504	0.0736091853	-0.0063152973	0.086781794	-0.1676481195	0.0506384181	0.0760978511	0.1075112818	0.0250236972	-0.1112868627	0.0802974904	-0.0311723757	-0.0384884874	-0.0474635574	-0.0377829633	-0.0132227788	0.0497847365	0.0755074058	-0.0104419556	0.0002755785	0.0550684684	0.0576979611	-0.0026138082	-0.1084810794	-0.0799587785	-0.0542233852	0.0848129266	-0.0712128735	0.0146677711	0.0256530659	-0.0314953409	0.0849041898	-0.0402356985	-0.0985597388	0.062793712	0.0919793435	-0.0558501761	-0.0153193523	0.0590364995	0.0122740227	0.0533809806	-0.014445002	-0.1259571387	-0.018015442	-0.0667778548	0.0317684288	-0.0860830787	0.0090507511	0.0834038619	0.0132998419	-0.1014260316	0.0991138725	0.1160633294	-0.0047050315	0.0791855616	-0.0577632818	0.0289198753	-0.0504075844	0.0498971886	-0.0991329687	-0.0462930186	-0.0104892862	0.0015795961	-0.225315348	0.0748717097	-0.0180703668	-0.2252330273	-0.0324613469	0.0862095321	0.0544949836	0.0004908506	0.0177984087	-0.1474023662	0.0031388235	-0.068998755	-0.0569749108	-0.0719805907	0.1561673695	0.0309288334	0.0709539824	0.1780939155	-0.047035955	0.1510089196	-0.0398519532	-0.0554369156	-0.0286752148	0.0606153948	-0.074106942	-0.1402706884	0.0777491042	-0.1564630364	-0.1167304125	0.0290878423	-0.1295862473	0.0472777408	0.1363608302	-0.0473291611	-0.0265606007	-0.1765768607	-0.0253720777	-0.036016493	-0.0136900291	-0.0871809944	0.0398385309	0.075232084	-0.062403154	-0.0565152869	-0.0221021442175555	-0.0559746098498407	0.0031331569478418	0.0004885047790136	-0.0493887069533798	0.0341779784064613	0.0011681342079525	0.0024392443745268	0.0027462961416375	0.0026709751720658	7.134108369792277e-06	7.542142497573019e-06	0.0006236054566241	-0.0007786328672039	3.888837655313523e-07	6.062691418901663e-07	-0.0006908565047791	-0.0003388089429483	4.772827101955947e-07	1.1479149982174443e-07	-0.0011437824671658	0.0003499714138798	1.224799905330962e-07	1.3082383321958846e-06
767.8640705455826	-0.7403736114130197	589615.2308348315	0.5481530844767571	971.1779277107933	-2.6375400586561	943186.5672726308	6.956617561015623	780.3691272449207	-1.5048532113656847	2.2645831877576144	608975.9747569993	801.1102319285312	691.7426132764086	1.126061	32.231606	0.2004836514666556	0.1060452216637241	-0.0965226576	-0.1496617841	-0.0140873253	-0.0410023929	0.0095085197	0.0487107077	0.0628020011	-0.090297562	0.0735075935	0.108006537	0.0750187252	-0.0901775584	0.0507298959	0.0096621341	0.0553666921	-0.0978348994	-0.0998652834	0.0329947126	-0.0779320591	0.0064476361	-0.0211075817	0.0346526356	-0.0124866672	-0.0192411824	-0.0817298073	-0.0314646554	0.0368779437	-0.0235798008	0.1235916534	0.0258033164	0.0170222523	0.0026210624	-0.1208287598	0.0699242382	0.0026062956	-0.0001880909	-0.0540376071	0.0844739491	-0.0882871806	-0.1063839249	-0.0197973163	-0.0155019833	-0.0503017637	-0.0197112143	-0.0063609152	0.0533020098	0.096932865	0.0043290421	0.116493991	-0.0816326736	0.0639295392	-0.044600901	0.0875829491	-0.0121521471	-0.0575315841	0.1381365361	-0.0259654593	-0.0610292833	-0.0951599015	0.0689302699	-0.097350563	0.017895373	0.0376569404	0.1652111539	-0.0739074488	-0.0136912114	-0.066883166	0.0322862671	-0.0106895146	-0.0619810861	0.0359148735	0.116085731	-0.0843408857	0.0069042287	0.1304501127	-0.0280272508	0.0486225627	-0.0034591659	0.0308471464	-0.0861636775	-0.0143222306	0.0300826865	-0.0235190388	0.0403211791	-0.0349948777	-0.0439323671	-0.0059102453	-0.0447288319	-0.1009177429	0.0066485654	-0.078713542	0.0888912321	-0.0192349085	0.0098684022	-0.0592866934	0.0750024132	0.0199562561	-0.0335383188	0.1106942703	0.0675459893	-0.1084332298	-0.0260655528	0.0899841077	-0.1522516338	0.0058400165	0.007163417	0.0655528857	-0.0959275937	0.0198027943	-0.0054222039	0.0758165191	-0.0312456398	-0.0841732308	0.0365716045	0.0503399295	-0.159037266	0.0022057224	-0.0477875018	-0.0490829851	-0.0507674333	0.0544414009	0.0507974174	-0.0237282519	-0.0132990493	0.0509597877	0.1423384582	0.0242573975	0.0539329139	0.0151055943	-0.2091021312	0.1529374709	0.040638943	-0.043434823	-0.0236439618	-0.1367116047	0.0281779875	-0.019251452	0.0026393608	0.0847474085	-0.0643713286	0.0494263748	-0.0327731792	0.0012177416	-0.0824424043	0.0204098501	-0.0864953323	-0.0245833086	-0.0825383398	-0.0029922897	-0.0147421762	-0.067715611	0.0420250709	0.0415165261	-0.0064244451	-0.0415093261	-0.042420254	-0.0343834996	-0.0130883481	-0.039339847	0.0235711104	0.0218669375	-0.012138992	0.0406305799	-0.0451316334	-0.070458218	-0.0233449818	0.0246757445	-0.0806881546	0.0653503215	-0.1147069992	-0.0040336786	-0.0334221837	0.0934003939	-0.0128157736	0.0019225893	-0.0066370625	0.0827460435	-0.0571880184	0.0076730459	0.0668429646	0.1148942681	-0.0452969071	-0.031738485	-0.0011342786	-0.1156221387	-0.0032100473	-0.0397506938	-0.0674360812	-0.0339557758	-0.0956199927	0.066443516	0.019635223	0.0914554233	0.0536505829	-0.0280843415	0.0421136195	0.0100297743	-0.0987243159	0.0054356036	-0.1359405516	-0.0148702542	-0.0864424987	0.0430324377	0.0724229201	-0.0666271694	-0.0507163915	0.0483473998121439	0.0704495440296994	0.0049631382539925	0.0023374710685952	-0.1050812021861276	-0.0556924952327477	0.0031016540252496	0.0110420590528818	1.8398592644075507e-05	-0.0027278975489934	7.441425037804333e-06	3.385082112826293e-10	0.001596215041268	0.0009726095846439	2.547902457970203e-06	9.4596940414118e-07	-0.0004275701135816	0.0002632863911975	1.8281620202818238e-07	6.931972378980301e-08	-0.0013401607844287	-0.0001963783172628	3.856444349100815e-08	1.7960309281205482e-06
766.4543637936988	-1.4097067518838458	587452.2917784036	1.9872731263069023	977.3215232762424	6.143595565449118	955157.3598589948	37.74376647180607	780.7735196820967	0.4043924371759431	0.163533243245099	609607.2890367694	803.5422295490777	716.2266430733224	1.151711	32.965794	0.1292018148725603	0.073034220526479	-0.1795625326	0.0140606586	0.118857829	-0.0230014846	-0.0704486333	-0.0040461087	0.0599990333	0.0408225602	-0.1704639812	0.0683812169	-0.0871474196	-0.0969912644	0.1172626473	0.0051778816	0.05755771	0.0415548277	0.0055108439	0.0067881299	-0.0576644128	0.0925225939	0.0874872618	-0.1581512696	-0.0803109069	-0.0235375692	-0.101482488	0.0357031234	0.0673767609	0.0119812603	0.1574637877	0.0996678343	0.0607412772	0.0184069638	-0.0499895605	0.0433210695	-0.0010528224	0.1542436699	0.0243051305	0.0089449593	0.1024470943	0.0190768179	0.0889408178	0.1259918159	-0.1051473685	0.0284993621	0.0180813953	-0.0308270755	-0.1183778515	0.0550460069	0.0168663785	0.0065590132	0.1072601113	-0.0072064186	0.0191407383	0.0146486309	0.0756941485	0.0211252958	-0.014613117	0.0543465202	0.0161469008	-0.0476931269	-0.0238601445	0.0262832786	0.0338200682	-0.0438333728	-0.0281603569	0.0390374496	-0.0510769228	-0.0127674184	0.0431027219	-0.0575512054	-0.0011909874	0.07348613	0.1317198408	-0.0734647226	0.0287904714	-0.0566326815	-0.0071838902	0.0115635138	0.0944437358	0.1552773167	0.1357357359	-0.0658518547	-0.0809193665	0.0953264998	0.0766102672	0.0048659719	-0.0149861441	-0.0127912397	0.0326665427	0.12328164	-0.0111247578	-0.0117185139	0.0635730622	0.0245315765	0.0332938539	-0.0091055096	0.0222152521	-0.0539804189	0.0026186051	-0.023656813	-0.0905622313	0.0220143454	-0.0733049376	-0.1536108092	0.1012543105	0.0691000173	0.0309326712	-0.0680359222	-0.0497084721	0.0885348535	0.0241592113	-0.0591582959	-0.0543510006	0.093980588	-0.0515702756	0.073863413	0.0842383833	0.0253239017	-0.1308738755	-0.0814747064	-0.0860319473	-0.0334304456	-0.0516906203	0.0620468056	-0.0225733808	-0.0550025651	0.1052057306	-0.1144370307	0.050136881	0.0048925874	-0.0702155001	-0.0096227026	0.1354504551	-0.0502202707	-0.0427468386	-0.0337584146	0.1184778486	-0.1093945448	0.0247631467	-0.0404160635	0.1071953009	0.0188438904	0.0460223757	-0.0317591953	0.0507845127	-0.0876934951	-0.0625638309	0.0905107431	-0.0033842641	0.0575061481	0.085168601	-0.0176951284	-0.0318387832	0.118376623	0.0729503841	-0.0044637068	-0.0384394065	-0.0592030485	-0.0614525404	-0.0926425074	0.0480777545	0.0693158696	-0.0612991677	-0.016765131	0.0117101149	0.0106666564	0.1417035439	0.0761564854	-0.0092950525	0.015554074	0.0421753639	0.0006997173	-0.0162855415	-0.1338680836	-0.0444848235	-0.0369501262	0.1763122431	0.0144175647	0.1296827392	0.0033781531	0.0032442976	0.0278380966	0.0621738441	0.0080962542	-0.0902895843	-0.1981983204	-0.0201851912	-0.0842175268	0.1030768948	-0.1514371097	-0.0799776819	-0.0470008088	-0.1166939751	0.0346790898	-0.0443908072	0.0606597502	-0.0565120846	-0.0301569507	-0.0375196495	-0.0055681342	-0.0160479313	-0.0856447597	0.0461599916	0.06941525	-0.0705658771	-0.0446048127	0.0293692284374031	-0.0189781713747408	0.000360170988729	0.0008625515790083	-0.0408338225204971	0.0642473796656304	0.0041277257938996	0.0016674010616354	-0.01422151103759	-0.014239909630234	0.0002027750262772	0.0002022513761922	0.0012647893180824	-0.0003314257231856	1.5996920191353422e-06	1.0984300998909807e-07	-0.000396676144015	3.089396956660001e-05	1.5735196323060902e-07	9.544373555820078e-10	-0.0010677533931418	0.0002724073912868	7.42057868277342e-08	1.1400973085658272e-06
765.8603275199198	-0.594036273779011	586542.0412689188	0.3528790945652521	978.5732850594954	1.2517617832530732	957605.6742321324	1.5669075620129138	779.9971745121586	-0.7763451699380539	0.6027118228861458	608395.5922469508	803.0702257883122	699.0779361886952	1.107758	31.707705	0.1177544720016763	0.0727852394533667	-0.0602390521	0.0308045129	0.1159453564	0.0665151751	0.0027517217	-0.0757375357	-0.0447899269	-0.0366429904	0.1902186289	0.079603872	-0.0861805738	0.0072462061	0.0595088739	-0.0116463934	0.0180469665	-0.0578185979	-0.0317855569	-0.0701564881	-0.0727780649	-0.1650601048	0.086292141	-0.1192045934	0.0222449096	-0.1007508439	0.0569540767	-0.0379534397	0.0950404068	0.0049434933	0.1306105244	0.0638391995	0.0141154735	-0.0250424957	-0.0289068339	-0.0236320719	0.0924955981	0.0260679678	-0.0302923159	-0.0406777781	0.0883483545	0.0126866857	0.0618535756	-0.0570693824	-0.0219391336	-0.0618023436	-0.003495358	-0.0051460883	-0.0934894913	0.1293604746	0.0871338358	0.0297215248	-0.0201055139	-0.0267871571	0.0987466249	-0.1359966146	-0.0056711533	-0.0449893578	-0.092390178	0.0162161732	0.0756073246	0.0128934816	0.0390501656	0.0035831613	-0.0808231097	0.0189065357	0.06685678	0.0869368456	-0.0131630349	-0.0649468715	0.0359991137	-0.0283727681	0.0526211807	0.0791442846	-0.0322344492	-0.0717573235	0.0427575146	-0.0217057146	0.075975073	-0.023505382	0.007738419	0.0394370677	-0.0613402234	0.0145097604	-0.0548512135	0.0084240936	-0.0279436406	0.0013987192	-0.0262328455	0.00332804	0.0159469312	-0.086263275	-0.0468554831	0.0203994616	0.0165850826	0.0005018202	0.068044309	0.0922556015	-0.1426270307	0.088491399	0.0117495277	0.0721436563	0.0635379511	-0.024319879	-0.0721317898	-0.0940733445	0.0924269058	0.0032761689	0.0618066826	-0.0191462246	-0.0877914561	0.0134818197	0.0232894976	-0.103023986	-0.0328950173	-0.0165516388	-0.0893154844	-0.0671319038	0.051361275	-0.1083194253	-0.0229921072	0.0337683879	0.0094862177	-0.053980504	0.0615876112	0.067147908	-0.0558592936	0.0463164326	0.0817005072	0.0090399568	-0.0125818986	0.0442965768	0.0456490813	0.044281658	0.0582040123	0.1482499991	0.072544754	0.0009370505	0.0186250788	-0.1220889848	0.0859283143	-0.0487378084	-0.081711756	-0.0498173463	-0.0451247032	-0.0312269898	-0.071621807	0.0429009833	0.0166432798	0.0226117471	-0.0293380387	0.0630361798	0.0041101963	0.032433215	0.0280788874	-0.0517697531	-5.81161e-05	-0.0302869901	-0.0172941808	-0.0544408206	0.1158111374	-0.0425201087	0.0020631593	-0.0424343088	-0.0025403106	0.0219498078	0.0470716734	-0.0178185256	0.0157011924	-0.0798268092	0.0335815713	-0.0036798207	0.0118359496	-0.0673868099	-0.0784458885	-0.0840238933	-0.0332804625	0.0423758844	0.0380360915	0.0389734927	0.0403922424	-0.0676468895	0.056461038	0.011128133	-0.0487857572	-0.0158797727	-0.1148540497	-0.0311265083	0.093320056	-0.1439935407	0.0125561312	-0.0952766789	0.1143462539	-0.0811313315	-0.0404893007	0.1208983601	0.0047894404	-0.0838032609	0.0675570263	0.0296056972	0.0234106194	-0.0010112424	-0.0172228587	-0.084788324	0.0492163702	0.0662173176	-0.0742024108	-0.0382182304	0.0272309506600123	-0.0021382777773908	4.572231853283348e-06	0.000741524673848	-0.1062247835782272	-0.0653909610577301	0.0042759777880535	0.0112837046462412	0.0107791256479004	0.0250006366854904	0.0006250318346798	0.0001161895497332	0.0015086878136927	0.0002438984956102	2.276138919184859e-06	5.948647616096752e-08	-0.0005199101553023	-0.0001232340112873	2.703065695864618e-07	1.5186621537958394e-08	-0.0012051128158655	-0.0001373594227237	1.886761101098814e-08	1.452296898963275e-06
764.7247511333961	-1.1355763865236668	584803.9449960346	1.2895337296301483	974.7720211635936	-3.8012638959017977	950180.4932433576	14.449607206286514	779.488771707804	-0.5084028043546596	0.2584734114756822	607602.7452185409	802.052154976077	688.8801735507868	1.039629	29.757633	0.072407311162383	0.0433349119649439	-0.0149750769	-0.0408536469	0.1588403542	0.0728926913	-0.033372469	0.0033695789	0.0674376993	-0.0947839898	0.0771344631	0.0487113394	-0.1272834888	-0.0277413101	-0.0185555591	-0.0069213262	-0.0492414077	-0.1580117662	-0.0079188066	0.009168388	-0.0401235577	-0.1104075028	-0.0704410905	0.0522324835	-0.0897715829	0.079492217	0.1617217597	-0.023125593	0.1135040739	0.0203952378	0.0988439793	0.048659376	-0.0565984523	-0.0712722433	-0.0615457492	-0.0374826297	-0.0035918396	0.0123157404	0.0757546561	0.0263761355	-0.0535134417	0.0254738664	0.0140769536	0.0161920807	-0.1486833533	-0.0274216519	-0.0680085025	-0.0358298292	0.0275250912	-0.0494387998	-0.0644883883	-0.0935675214	-0.0790618721	0.0573375451	0.0735307857	-0.023068146	-0.1719695496	0.0902287958	0.1037527124	0.0025495514	0.1136865161	0.0279354864	-0.0144744111	-0.0660843019	0.0904152999	0.1437998474	0.0343663749	-0.0313504239	0.1023509157	-0.1029443191	0.0117132875	0.0091843425	-0.0609727363	-0.0315973645	-0.073228457	0.0872810144	-0.0248728805	-0.0382735145	0.0280178033	-0.0731743669	-0.0504769572	-0.0784116438	-0.0208351032	-0.0305368814	-0.059744742	-0.0403854018	0.0834192562	-0.0132648697	-0.0159104355	-0.1194774133	-0.0915551873	0.1771644721	-0.0570864765	-0.0769496845	-0.0387580684	-0.04749523	0.0001135845	-0.0978785307	-0.0350152103	0.0329213888	-0.0256616461	-0.0071213935	0.0628351384	0.0277392949	-0.0988089221	-0.0944740761	0.0801208871	-0.0639962404	0.0796173056	0.0254015477	0.0769540251	0.0046162172	0.0398649548	-0.0719250817	0.0472926693	-0.0778160752	0.094063382	-0.0059522467	0.0031358285	-0.0357819514	0.0112504901	-0.0108235343	0.0148788996	-0.0031057608	0.0019175292	-0.0392636384	0.0862622109	0.0691861284	0.0458370248	-0.0567262025	-0.046479312	-0.0956544051	-0.0138838636	-0.0700365923	-0.0274966563	0.064472306	-0.068949407	-0.1525239531	0.0237917709	0.01547507	-0.0415573103	0.086623366	0.0188474776	-0.0719600376	-0.0906724207	-0.0557178114	0.0296139266	-0.0045881613	-0.001961967	-0.0262969006	0.0969417553	0.07575357	-0.0718237154	-0.1084819965	-0.0014759737	0.1489468302	-0.0827480479	-0.0103241951	-0.0480693064	0.0381852805	-0.0760097066	0.0907057338	-0.0418999994	-0.0640430832	0.0819859439	0.0035360084	-0.1067235857	-0.0533692426	-0.017781186	0.0192721389	-0.2205058533	0.1835908591	0.0277726991	-0.0061069634	0.0048820238	-0.0961784039	0.0534617778	0.0650152026	0.0203845825	0.1441689612	0.0555212585	-0.0177824541	0.0392399953	0.0148522469	0.0483661659	-0.0941299638	-0.0944058977	-0.0058321231	-0.0422719003	-0.0079409363	0.0481878625	0.0033436738	-0.0969620125	0.002626358	-0.0609197636	-0.0051004104	-0.0101326113	-0.1010283358	0.0651584227	0.0820860426	-0.1266895298	0.0011216544	-0.0183948351	-0.0838737786	0.0521968607	0.0628378881	-0.0775211985	-0.0315960199	0.0331966363432627	0.0059656856832503	3.558940567133878e-05	0.0011020166645068	-0.0674953353491076	0.0387294482291196	0.001499970160132	0.0045556202938884	0.0002284286858724	-0.010550696962028	0.0001113172063845	5.21796645293916e-08	0.0018057003000561	0.0002970124863634	3.2605535736226893e-06	8.821641705576889e-08	-0.0005200475754525	-1.3742015019999314e-07	2.7044948073402373e-07	1.888429768098868e-14	-0.0011590331166194	4.6079699246100126e-05	2.12333868261104e-09	1.3433577654204796e-06
764.9844186277356	0.2596674943395101	585201.1607432147	0.0674272076165595	979.6369277780706	4.864906614476922	959688.5102664566	23.667316367581307	780.0491454207504	0.5603737129464434	0.314018698161383	608476.669271643	803.1920429425514	691.2205084565678	1.007011	28.82398	0.0795170763494918	0.0491087800483733	0.0296433999	-0.0389474661	0.1753841871	0.0072154415	-0.0839779383	-0.0162524344	0.0584889299	-0.0231093831	0.0052704789	0.1121997594	-0.1294760776	0.0070534238	-0.0756840924	0.0788452168	0.1108457531	-0.1201461972	0.0620562458	-0.0084169183	-0.0228493105	-0.078159925	-0.0957963748	-0.0412211008	-0.0109168814	-0.0519560798	-0.0289545874	-0.0584574715	-0.1705680465	0.0176843917	0.0584625344	0.1137168099	-0.002758642	-0.0391878775	-0.0372785982	-0.0873308327	-0.020403139	-0.0677933349	-0.1311665911	0.1177222826	0.0373340617	0.0357876684	0.0782758748	0.0285538754	-0.065990328	0.055968092	0.1182459637	0.0437100964	0.0338330525	0.0389811666	-0.0728822729	0.0041998364	0.0925677871	-0.0400743454	-0.0353701005	0.0528389969	0.0275857485	-0.0304091498	0.0108844097	-0.0744996627	-0.0603490953	-0.0804149372	0.1119138154	0.0559812903	0.0438732563	0.0923865707	0.0331850675	-0.104864834	0.0797480295	-0.021456161	0.0095245172	-0.0195991447	-0.016279817	-0.0972680039	0.1063530828	-0.0821282984	-0.0587570514	0.0339469518	0.0268593457	0.0482912383	-0.0319840302	-0.0432053152	0.0333136446	-0.0976449131	0.026546972	0.0087306792	0.0568150262	0.1294164899	0.0474837221	0.0428753546	-0.0844204949	-0.0194466258	0.0554452737	0.0451997444	-0.0083363443	0.0368503459	-0.0107863238	-0.0194880347	-0.0478176669	-0.0967578108	0.0199708788	-0.0645176403	0.0540997637	0.03675837	-0.1328390375	-0.0452716967	0.0358885286	0.0017305201	0.1408479769	0.0599725492	-0.0062506278	0.1014460507	0.108600382	0.0481419909	-0.0328417683	-0.0563420972	-0.011561066	-0.1199802588	-0.1263538274	0.0727469242	-0.0168938626	0.0081583485	0.0538229576	-0.0281443519	0.0112191674	-0.0459897629	-0.0596549762	-0.0803408891	0.0263326304	-0.0167352115	0.1078221185	-0.0466097708	-0.1166755397	0.0284594786	-0.0135989405	-0.047407276	0.0675238216	-0.0013056403	-0.0608175567	0.033155277	-0.0236200007	-0.0545375245	0.019383886	0.029242465	0.0029515986	0.0091552886	0.0248738605	0.0355860251	0.0286680511	0.0870913807	-0.018503074	0.0169602959	0.0751692397	-0.0615303425	0.0701794236	-0.0572510489	-0.035749134	-0.0128910812	0.0609750218	0.1108239316	0.0340558426	0.021727468	-0.0156326294	-0.050851433	0.0465683404	0.0103697753	0.0066715057	-0.0652841908	0.0599709846	0.0592709844	0.0363580879	0.0356495519	0.0210398913	0.0804309215	-0.0615738829	-0.0338290195	0.0387178806	-0.0587322576	0.0197844939	0.1356717283	-0.0215017109	-0.0270387789	0.008953746	-0.0406104443	0.0256024037	0.0346828349	-0.1719934746	-0.0784740985	-0.1051977543	-0.0883167224	-0.0734028431	-0.0042976811	0.1380217122	0.0643484951	0.0276117232	-0.0342573136	0.0685711529	-0.0422599737	0.0146777909	-0.0786975622	-0.0174236801	0.1348903159	-0.0195636596	-0.0829017503	0.0550968674	0.0592862243	-0.0805080284	-0.0247790096	0.034488276581186	0.0012916402379233	1.6683345042225662e-06	0.0011894412215403	-0.1066658198507752	-0.0391704845016676	0.0015343268560953	0.011377597124438	-0.0089873953032935	-0.0092158239891659	8.493141179928569e-05	8.077327433766206e-05	0.0022336572629185	0.0004279569628624	4.9892247681885644e-06	1.8314716206240962e-07	-0.0005209830537435	-9.354782909999896e-07	2.714233422879027e-07	8.751196329322615e-13	-0.0013269232278807	-0.0001678901112613	2.818708945933171e-08	1.7607252526893362e-06
762.1762700556195	-2.8081485721161243	580912.6666358967	7.885698403077828	970.9656713659114	-8.67125641215921	942774.334971055	75.1906877654122	777.4919067932678	-2.557238627482548	6.539469397888824	604493.6651290315	800.3909606617185	678.2409351932429	1.051797	30.105925	0.0980908752691802	0.0509755732957058	0.0764919446	-0.0499578088	0.1394050814	-0.0754873994	-0.1163118671	0.1067687299	0.0455141363	-0.0406751642	0.0049461393	0.0206746129	-0.0965719999	0.0586727091	-0.0604440284	0.1723576831	0.0450052605	-0.1562905808	-0.0460399472	-0.0558874071	0.0632305924	0.0350030163	-0.0957972165	0.170777107	0.1298502179	-0.0649491161	-0.0601988272	-0.0417031106	-0.2225556669	0.000183346	-0.0431093165	0.0461601412	-0.1281342253	-0.0329455788	-0.0108373368	0.0035327801	0.0249733051	0.0460815987	-0.0059621448	-0.0423774528	-0.0148447525	-0.0169070932	0.0399503089	-0.0486389902	0.062855762	-0.0331550678	0.0656605095	-0.008384605	0.0795193321	0.051206612	-0.0285952038	-0.0891269429	0.1620449897	0.0158029918	-0.0362973965	-0.1821905369	0.0190698661	0.0910678956	0.0991330513	-0.1393060995	0.1344549723	-0.0308004933	0.0810634228	0.0760976849	-0.1201452971	-0.0594015399	0.1620049071	-0.017216637	0.0164033812	-0.0530449422	-0.0393199466	0.003504311	-0.110305602	0.0679928174	0.0038788361	0.0013175947	-0.0836756831	-0.0427137349	0.0149691475	-0.0569192861	-0.0372968399	-0.0471662681	0.0501555176	0.0269263355	0.070775922	-0.0653668653	-0.0073179438	-0.03949268	-0.0701427165	-0.0095933758	-0.0043564763	0.0482995797	-0.0131410989	-0.0123320855	-0.0339746792	0.0058748777	0.0730565539	0.0869985803	0.0469277843	0.0276785861	0.0024455941	-0.01930684	0.0450959483	0.0551687422	-0.0972947548	0.0606202673	0.0046282236	-0.0112356616	0.1566116017	0.0212646139	0.1065287144	-0.0179135333	0.0488383079	0.0479745381	-0.0617239655	0.0428697023	0.0095808319	-0.1166648622	-0.0021204682	-0.0578066449	0.0235075717	0.0751714105	-0.0182595094	-0.0302231393	0.0821694522	-0.0174825915	-0.1228048117	-0.1165566021	-0.0908370649	-0.1209785035	-0.0549698778	-0.0793017921	-0.0594049057	0.1356001266	0.119767684	0.02887195	0.0214115894	-0.1242797601	0.1045443513	0.174426396	0.0507367106	-0.0831443536	-0.0314868133	-0.0667684253	-0.0848430322	0.002224618	-0.0728491475	0.0387055569	0.0532599044	0.0745354308	0.0724336007	-0.0101128405	-0.0301120529	0.0813491181	-0.0985286339	0.032662832	0.0451691604	0.0300883336	0.0211468313	0.0060130491	-0.0321868153	0.0052890449	0.0090943908	-0.0376845659	-0.0766475734	0.0226581588	0.0661809493	0.1099859713	-0.1436686495	-0.0843042782	-0.0347199805	-0.0231844423	0.026774086	-0.0228254923	-0.0773286499	0.2229875346	0.0321498752	0.0187200859	-0.0702960277	0.0377009777	0.0407881002	0.0138591725	0.0211021458	-0.1493355623	0.0229006353	-0.0211249868	-0.144320321	-0.0797438014	-0.0018207226	0.0814262474	0.0459273203	0.0321453267	-0.0293951752	-0.0614865038	0.0160617488	0.0034311944	0.0163413026	-0.0348144705	0.0087416492	0.0449597349	0.0596250864	0.1022850448	-0.0207291319	-0.0818729053	0.0579119187	0.0555720611	-0.0831501106	-0.0178092284	0.0465248088941905	0.0120365323130045	0.000144878110122	0.0021645578426409	-0.0974889176369941	0.009176902213781	8.421553424130028e-05	0.0095040890620326	0.0322146482208012	0.0412020435240947	0.0016976083905613	0.0010377835599899	0.0019808284895665	-0.0002528287733519	3.923681505078303e-06	6.392238863467685e-08	-0.000326050999581	0.0001949320541625	1.0630925432776927e-07	3.7998505740011856e-08	-0.0010611761110292	0.0002657471168515	7.062153011488481e-08	1.126094738619057e-06
760.1939509767504	-1.982319078869068	577894.8431016421	3.929588930448311	968.6514263586564	-2.3142450072549536	938285.5857866596	5.35572995360448	776.8499898824606	-0.6419169108072538	0.4120573203803278	603495.9067803791	800.3212390779028	692.1237367003228	1.05237	30.122314	0.0969071700514125	0.0467221022896712	0.0306112804	0.0552145853	0.1009379841	-0.0607781356	-0.2182110168	0.0107263844	0.0221206085	-0.038598196	-0.0165878129	-0.0002965518	-0.0897848265	0.1348235107	0.0412155441	0.1069914673	0.1448894014	-0.0874508702	0.0707541778	-0.0129994883	0.0538450948	0.1115984378	-0.0638016693	-0.034867771	-0.0064222177	-0.0531699658	0.0579195489	0.0105922999	-0.1433872514	0.084527527	0.0138837208	-0.0418436444	-0.1455639198	-0.052881652	0.0268287736	-0.0910358289	0.0481832344	0.099577291	0.0275240582	-0.0254977679	0.0848284619	0.0363325842	0.1499365613	0.0878010556	-0.0103933213	0.0895201268	-0.1095870475	-0.0187976191	0.0274203288	-0.1403333055	-0.0465264507	0.0793681503	-0.0080486009	-0.055135735	0.0463151707	-0.1250447669	-0.0020792406	0.0903991291	0.0660574704	-0.0247223807	-0.0418855146	-0.0362667732	-0.0337967575	-0.0544743594	0.0479294919	0.0105153517	0.0584715913	0.0368491127	-0.082297678	-0.0969482414	0.0336540223	0.1721370974	-0.0789497052	-0.0342604622	0.0418159987	-0.0491821507	0.0173776433	-0.0585466369	-0.051126137	0.0866271216	0.013955335	-0.0851937456	-0.1583261778	-0.1101865661	-0.0030994482	-0.0007299235	-0.0093743964	0.0131380085	-0.0137678325	0.0841659034	-0.0119301002	-0.0134723854	0.0208866974	-0.036891822	0.063703267	0.0324921923	-0.0390337049	0.0446937984	0.0129957904	-0.1131663041	-0.1067677831	0.0031043299	-0.0699020733	-0.0052159454	-0.0682347058	0.1053595672	0.1403035703	0.0275942662	0.13119204	0.0316262476	0.0702788466	0.1175292808	0.0904631182	0.0001067917	0.0387583597	-0.0368213771	0.0102439561	0.0770850875	0.0827612369	0.0385731371	0.054902066	0.0012088387	-0.1356327314	-0.0603464468	-0.0389293295	-0.0184014606	-0.0884042442	1.41614e-05	-0.1548577364	-0.0305634556	0.0900333401	-0.0978043857	-0.0596041327	-0.0154799083	0.0490487798	0.0248002514	-0.060337681	-0.0172901067	-0.0440111139	-0.1132844019	-0.0229840977	0.0057173653	0.0470218108	-0.0610713681	-0.0253921178	0.0956326048	-0.0138674499	0.012701905	0.0048260659	0.0459168462	-0.0583123368	0.1113527443	-0.0553807664	-0.0504864634	0.056432199	-0.0270477564	-0.0313299753	-0.1119065274	-0.0731968819	0.0860686388	0.0254796373	0.0007878865	0.0454673788	0.02893932	-0.1197744265	0.0510625209	0.0483839119	0.1334834646	-0.1027254594	0.0214068055	0.0926439832	0.0057146673	0.043221259	-0.0475764685	0.0403615153	0.1106235738	0.0152017293	0.000757072	0.0036536132	0.0469697502	0.0626178832	-0.0068557285	-0.1554221902	-0.0823039986	0.0482106006	-0.0660155993	-0.1199230131	-0.0581554506	0.0490204812	0.0309074104	0.0386808591	0.0929963326	0.1120445423	0.115871605	-0.0310879713	0.0299159869	-0.0150107723	-0.0763294584	0.015283407	0.0416467415	0.0012163816	0.0559208553	-0.0218910524	-0.0807879487	0.060637674	0.0517055788	-0.0854361313	-0.0107296473	0.0467025862270418	0.0001777773328512	3.1604780075721596e-08	0.0021811315602942	-0.0617843430229783	0.0357045746140158	0.0012748166483678	0.003817305042781	0.0144048247980208	-0.0178098234227804	0.0003171898103506	0.0002074989774616	0.0017171194534246	-0.0002637090361419	2.948499217329197e-06	6.954245574289006e-08	-0.0005202608761327	-0.0001942098765516	2.7067137923436454e-07	3.771747615022654e-08	-0.0014675570919709	-0.0004063809809417	1.651455016711384e-07	2.153723818194085e-06
759.4506155711432	-0.7433354056072403	576765.2374913883	0.5525475252292805	969.6001236655496	0.948697306893223	940124.3998122492	0.9000265801064541	776.3004566226994	-0.5495332597612332	0.301986803583807	602642.3989526115	799.3583545121212	681.1129801996032	1.095583	31.359219	0.1282103611407148	0.0643377602879482	0.0659389166	0.1044598223	-0.037645699	-0.0307904357	-0.1157780408	0.0045424122	0.0482094299	-0.031923033	0.0833038156	-0.0399276664	-0.0158712774	0.1471074365	0.0533170466	0.0427961253	-0.0307484013	-0.0464101214	0.0627944932	0.0864804362	-0.0435576326	0.1191823215	0.0632861661	-0.0759508358	0.0057100831	-0.2154686219	-0.1368120423	0.0037755768	-0.0919533431	0.0042187979	-0.0639864543	-0.0990725296	0.0376493954	0.0331476669	0.1224661855	0.0608289657	0.009172588	-0.0288386471	-0.071142623	0.0179144275	-0.0176201947	0.0410676219	0.1119585986	0.0343793774	-0.0714486032	0.0623951404	0.0219968775	0.038991439	0.0025633359	0.068279421	0.0581969963	-0.0472218667	-0.0813780228	0.058684342	-0.0857114569	0.0694255436	0.1192704106	-0.0029273548	0.0023158044	-0.0567462964	0.0845086868	0.0195322076	-0.0696988198	-0.002560386	0.0259721083	-0.0228166779	0.0821126373	0.0367235576	-0.0205792197	-0.0704500467	0.0311154449	-0.0256017691	-0.1531700148	-0.0312886068	-0.0425730756	0.0236543676	-0.124616272	-0.0299236445	-0.0678413397	0.0716078608	0.0513422575	-0.0338739359	0.0233367317	0.071297318	-0.0719580294	0.0342171917	0.0465458865	-0.0013701872	-0.0358356172	0.116259454	0.0566239245	-0.063129397	-0.1015817267	-0.0373375499	-0.0497388128	-0.0045314939	0.05695887	-0.0572996685	0.0389199945	-0.0858826431	0.0736606386	0.037291457	-0.0650713881	-0.0193040097	0.0085408871	0.1246731922	0.0664129566	-0.0427814267	-0.0418301303	0.0164803904	-0.0336809229	0.0197195902	0.1211079617	0.0891241353	0.0209613847	0.0777092332	-0.0297609071	-0.014901137	-0.034827558	-0.0147851953	-0.1302768405	-0.0863611966	-0.0037514139	-0.0086200878	-0.0432912067	-0.054972381	-0.1101559421	0.036180987	-0.0121569791	-0.1626194247	-0.1456675483	7.49497e-05	-0.0938107601	-0.0315991505	0.0381322875	-0.0669577366	0.0032428465	0.0953424148	0.0227496895	-0.1518983485	0.0287214277	0.0062576478	-0.0138510765	-0.000310115	-0.012177487	-0.0102501034	-0.0034953391	0.0110653871	0.0513501312	-0.060132994	0.0190032894	0.0272633954	0.0605379771	-0.1116900707	-0.0075537109	-0.024533394	0.0387781654	0.0765740908	0.0231466362	-0.1304188513	0.0564797127	0.065931143	-0.0555946696	0.0235855447	-0.1325462263	-0.0752327653	0.0508427218	0.0645181546	0.0751804337	-0.005845333	0.0199039858	0.0277263626	-0.0213758949	0.1917514106	0.0299357864	0.0107074434	-0.0827392148	-0.033271258	-0.0679212841	-0.047127147	-0.0082406111	-0.0809457933	-0.146284159	-0.0735397469	-0.0402743724	-0.0185645921	-0.0983028461	0.0998734164	-0.0546441821	-0.0101254061	0.0037686801	-0.0124405425	0.0285436019	-0.0571272305	-0.0700557868	0.0643475524	0.0568836701	-0.0434569857	-0.1677568814	-0.0140213317	-0.0128857497	-0.0058540853	-0.0230492221	-0.0796476241	0.0632699305	0.047697375	-0.0873563013	-0.0035839144	0.0535428452240438	0.006840258997002	4.678914314606685e-05	0.0028668362746859	-0.1126680120739109	-0.0508836690509326	0.0025891477760848	0.0126940809446869	0.044662818769666	0.0302579939716452	0.0009155461991881	0.001994767380452	0.0014816379598499	-0.0002354814935747	2.1952510440681737e-06	5.54515338161715e-08	-0.0006837872058234	-0.0001635263296907	4.675649428477729e-07	2.6740860502111542e-08	-0.0010619961328136	0.0004055609591573	1.644796915925893e-07	1.1278357861110414e-06
760.0401462348738	0.5895306637305566	577661.0238887282	0.3475464034785906	966.8197537768972	-2.7803698886524444	934740.43629322	7.730456717725206	776.9924623185808	0.6920056958814484	0.4788718831323677	603717.2864998912	799.5914217334389	691.4128289263242	1.034953	29.623791	0.0641003866731509	0.0307042364140237	-0.0056819098	0.1562274105	-0.0370307159	-0.0287710686	-0.0867971186	0.0497824866	-0.0335536923	0.1026090945	-0.0016945622	0.1191683067	0.0118665881	0.0979794025	0.0750385728	-0.0229654902	-0.1042259064	0.0269882981	0.051577417	0.0878327393	0.0138891369	0.1459378623	-0.0014992999	-0.0313362351	-0.0116725311	0.0115690973	-0.0517421975	-0.0760740316	0.0865622416	0.0429955495	-0.0500302541	-0.0576518978	-0.1338871151	0.0342405294	0.0597768368	-0.065957114	0.0005761731	0.0041487609	0.0156892311	0.0102034758	0.0530241719	-0.0093163251	-0.0896711444	0.0329689516	0.0733626548	0.0561480054	0.0396719007	0.0352098877	0.0125814688	0.0393694901	-0.0349239426	0.0013484473	-0.0346938937	-0.0737370754	0.1172651044	0.1453725999	-0.1468142598	0.0463664304	-0.0013934904	0.0910451996	-0.0569759377	-0.0538050445	0.0244667115	-0.0695000842	-0.0408291888	0.1035084478	-0.0151822267	0.0591879149	-0.0929680548	-0.0290126398	0.0038510548	0.0596056107	0.1291007339	-0.0901515956	0.0281909015	-0.0010207112	0.1028021239	-0.1087907982	-0.0897296228	-0.0298355069	-0.102802788	0.0262961479	-0.0302057127	-0.0599084271	0.0719884257	-0.0114171432	0.0006799735	-0.085012238	0.0797233767	0.0161855358	-0.0015260531	-0.0836521163	0.047015202	-0.0563266395	-0.107658923	0.0819628706	0.0866325644	-0.1263333845	0.0342181367	0.1016504617	0.0480418484	0.0001365421	-0.0016408861	0.0221771435	0.0239545535	0.0988633792	0.040739579	-0.0009537649	-0.0167636807	0.0738728638	0.0148677887	-0.0080360708	-0.1000956884	0.0332143815	0.0372374212	0.0959360843	0.0246989882	0.0522714703	-0.0048671042	0.0825405405	-0.0327417011	-0.0126119133	0.0629077881	-0.0469382631	0.0271320829	0.0442385985	0.076488484	0.0572096397	-0.0683605821	0.0608199588	0.1401787106	-0.0347317245	0.1551956113	0.0161487844	-0.1153115862	0.0365335748	0.0074023322	-0.0788215603	-0.0486268277	-0.101429966	-0.0765559902	-0.0810340923	-0.0299886541	0.0484344451	0.0503404791	0.0605710229	-0.041680641	-0.0472374044	-0.0518225206	0.1327173586	0.0887530484	-0.121651861	-0.0349604356	0.0891310168	0.0055344129	-0.0140676635	-0.0116839293	-0.03940379	-0.124070045	0.0044074383	0.1453742349	0.0554349303	-0.0223068921	-0.0823399488	0.1301032741	0.068091398	-0.0315442836	0.0205973754	-0.0662394921	-0.020457148	-0.0192868012	-0.04288346	0.0547684698	0.1189156309	-0.0529769009	0.0398326698	-0.0652359881	0.0382509566	-0.011004472	-0.0531998273	0.0528085408	-0.0323199183	-0.1903082387	-0.0308881167	-0.0030000483	-0.0640291077	0.0100717624	-0.0332931553	-0.1195416845	-0.0020691911	-0.0740483223	-0.0480463799	-0.0491822668	0.032723047	0.0662929732	0.0325487346	-0.0693478812	-0.0431705871	0.046054329	-0.0496555225	0.0953837375	0.046046599	-0.0242034423	-0.0784527129	0.0658046293	0.0435584361	-0.0889023983	0.0035839144	0.0443123966425957	-0.0092304485814481	8.520118101475725e-05	0.0019635884962107	-0.0884360027219486	0.0242320093519623	0.0005871902772335	0.0078209265774365	0.0340741920195455	-0.0105886267501204	0.0001121190164533	0.0011610505617848	0.0014231588789236	-5.84790809262999e-05	2.025381194659078e-06	3.419802905984733e-09	-0.0005423998641171	0.0001413873417063	2.941976125942485e-07	1.9990380394774056e-08	-0.0012631157499734	-0.0002011196171598	4.044910040650455e-08	1.5954613978308646e-06
761.4927983085652	1.4526520736914108	579871.2818758091	2.110198047199956	971.274105938998	4.454352162100804	943373.3888676	19.841253184012107	777.6279854531044	0.6355231345236234	0.4038896545147315	604705.2837598536	800.4265987619704	681.2695337841261	1.004462	28.751015	0.094976021482051	0.0465660433041231	0.0109489977	0.1018843188	-0.079654129	0.0185325381	-0.077526147	0.0040677606	-0.0427297447	0.1893641354	0.0703075211	0.1043625829	0.0362954427	0.0576237801	0.0437321912	0.0327305037	-0.0959218513	0.0549638623	0.0435267632	0.0195611962	0.0449399364	-0.061766914	-0.0476650644	-0.0394031152	-0.0424923546	-0.0567002204	-0.0628030233	0.0156093573	-0.1010991107	0.0780971494	0.0267760312	-0.0365593099	-0.0395808239	-0.0704826057	0.0700738522	0.0318958589	0.0305151849	-0.0261109486	-0.0327543551	0.0429906077	0.0132180861	0.0763482014	-0.0146845996	-0.0002254939	-0.0082520188	-0.1060722099	0.0391463449	0.077117667	0.0210329077	0.0536296331	0.0037442937	0.0674077687	-0.0335362263	0.0433165374	-0.059328429	0.0450107758	-0.0129148477	-0.0025663403	0.0350410601	0.0255540606	-0.147367891	0.1012762426	-0.030814122	-0.0489179871	-0.0205290776	0.0174848489	-0.0166773014	0.0509711905	0.0659527246	0.0654545619	0.0070552748	0.0421977252	-0.0488780331	-0.0113297857	0.0083872424	-0.0433691686	0.0925654871	0.0111170254	0.0657329024	0.0261500992	0.1032882261	-0.1211623153	-0.012511988	-0.0385726521	0.0654650863	-0.0650617205	-0.1728672076	0.0350588287	-0.0439504345	-0.0008796064	-0.0119089475	-0.0800113446	0.0266258383	0.0396534958	0.162094279	0.0425956731	0.0160344166	0.0272371613	0.0448976898	-0.0832133288	0.1506769862	0.0549218553	-0.0421942533	0.0264131582	0.0391744863	0.0521477205	0.0325721284	0.0556876989	-0.0509485406	0.1195022819	-0.0306878347	-0.0736940701	0.0036422318	-0.0247605385	0.0280916853	0.0537180522	-0.0122301216	-0.1082596184	-0.0529311824	-0.0065908743	-0.0191102375	-0.0199879004	0.0343906372	0.1028897219	-0.0394202662	0.0948147139	0.0779695113	0.0395809967	-0.0045719653	0.057596281	0.0369821016	0.0088307318	-0.0728475276	-0.022242167	-0.0281883215	-0.0338171089	0.0087786774	0.0282919844	-0.0466895805	-0.0534539469	0.0587372955	0.00608756	0.0390649572	-0.1047583041	0.0168819286	0.0979654162	-0.0563301863	-0.0067124477	-0.1030145187	0.0075598726	-0.0945781932	0.0433141088	0.0235837579	-0.0441267283	-0.0710781141	-0.0347601652	-0.0569828348	0.0051406814	0.005263237	0.0826861737	-0.065907211	0.0293932071	0.0287561636	-0.0185192236	0.0124545017	-0.0016748204	-0.032565163	0.0194138964	-0.013911798	-0.0368373785	0.0458192275	-0.1217550774	-0.0570375099	-0.0476985562	0.1516699858	-0.0252040257	0.1319165637	-0.071816108	-0.0157821821	-0.0545303277	-0.0506262413	-0.0826549775	-0.1542539753	-0.0162904078	-0.0933787418	0.020481929	-0.0237149048	0.0011980874	-0.1041897677	-0.0007300324	-0.0315130606	0.0169630946	-0.0419669657	0.0577321869	-0.0268520883	0.050550066	0.0285863284	0.0190329869	-0.0310840654	-0.0123527214	0.0049664611	0.0260206478	-0.0253535154	-0.0772040342	0.0682378621	0.0393001065	-0.0900678015	0.0107296473	0.0465338707185196	0.0022214740759239	4.934947070001946e-06	0.0021654011240478	-0.1267003780881452	-0.0382643753661965	0.0014641624221651	0.0160529858076789	0.022335228733965	-0.0117389632855805	0.0001378032590202	0.0004988624425985	0.000997919668709	-0.0004252392102146	9.9584366519628e-07	1.8082838590393686e-07	-0.0008212067527217	-0.0002788068886046	6.743805307157193e-07	7.773328113337783e-08	-0.0014140938262412	-0.0001509780762677	2.2794379513525623e-08	1.999661349413477e-06
762.5092305899828	1.0164322814176785	581420.3267349276	1.0331345827079468	967.7656190178612	-3.5084869211367504	936570.2933530242	12.309480475787634	778.5034443165089	0.8754588634044467	0.7664282215134056	606067.6128126676	800.4895928097611	684.4507605171744	1.046748	29.961403	0.0838750207277082	0.0448254227699221	-0.0182160393	0.1117348381	-0.0896111494	-0.0164039559	0.0798230407	0.1015272306	-0.0873546101	0.1275337149	-0.0073549197	-0.0114818038	0.0572296643	0.0167669672	-0.006719611	-0.0725752307	-0.069263662	0.0303114019	0.0063178508	-0.0340698199	0.1306699591	0.0804721607	0.0158725854	-0.0447084736	0.0113605604	-0.0630480609	-0.0091972114	-0.0124465852	0.0492705745	0.1397284218	-0.018416839	-0.0570507707	0.1522519801	0.0388802696	0.0817307156	-0.0104137436	-0.1158736675	-0.017067149	0.0159925951	0.0042994238	-0.0324568852	-0.0399821683	-0.0506289551	0.0443843159	0.0388720635	-0.0200851656	0.0334254909	0.0630244971	0.0070931107	0.0836093851	0.0036442383	0.0021698483	0.033373708	0.0453262817	-0.0010729293	0.0822844997	0.0770754637	0.0500480889	-0.0365630765	-0.0006981923	-0.0906042942	-0.018863662	0.0903742675	-0.1061288596	-0.0787978278	0.0907921954	0.0162118556	0.0970917662	0.0048269803	0.0479374324	-0.001695225	0.0748231153	-0.0508712817	0.0150392886	-0.0065926732	0.0130405177	-0.0125672902	0.0023927394	0.0690011854	-0.052562609	-0.026613583	0.0634819015	0.0337917975	0.0237327111	0.0064353501	0.0599185891	-0.035435404	0.1171138953	-0.1314277806	0.0795171801	0.0052848426	0.0018346354	-0.0402068088	0.0588187422	0.156670895	0.071276167	-0.0611566482	-0.0370848212	0.020953851	-0.0278897068	-0.0078900754	0.0423137148	-0.0616720706	0.0757393558	0.0511047193	-0.0025508662	-0.020303942	-0.0704283571	-0.1147864009	0.0447453752	-0.0759819228	-0.0036800824	-0.0406110466	0.0920467416	-0.0358985957	0.1133973655	0.0388898246	0.0200092185	-0.0412151244	0.0394213055	-0.0949447984	0.0880163299	0.0902216901	0.0746631753	-0.0935084102	0.0950280819	-0.0307717168	-0.0679403875	0.0771588211	0.0552012171	-0.0599840084	-0.0059570274	0.0035976142	-0.0459561955	0.0910892104	-0.0669939017	-0.0173643502	-0.0100277228	-0.0499149	-0.0645441943	0.0130466369	-0.0213977979	0.0763811604	-0.0854975205	0.0569746365	-0.0029503044	-0.0864896179	0.0037737787	-0.0565310783	-0.005998906	0.0654081401	-0.0346276807	-0.0609541877	-0.0357725059	0.016080436	-0.010748143	-0.0050927205	0.0827386303	0.0348553193	0.0615066603	-0.1594749368	0.0359447634	-0.0208120337	-0.0866598188	-0.0843630714	-0.083455557	0.1007605599	0.0232972426	-0.067240386	0.012306067	-0.0118117399	-0.0860828897	-0.0310396388	-0.0934721139	0.0138306317	-0.0010048259	0.008279814	0.0166191539	-0.0417999509	-0.0935520087	0.1101329005	-0.0762697242	-0.0704509625	-0.029242909	-0.0556884695	-0.0081836234	0.0847122393	-0.036445241	0.0069628685	-0.0396684657	-0.0480765795	-0.0614216337	0.0489584109	-0.0362724469	0.0692356841	0.1179506175	-0.0371116695	-0.0146814403	0.0638563044	-0.0314171486	0.0161347155	0.0620386743	-0.0264992443	-0.0759024438	0.0705658771	0.034934058	-0.0908475206	0.0178092284	0.0466145607758932	8.069005737360024e-05	6.510885358954899e-09	0.0021729172763294	-0.1155959672931459	0.0111044107949992	0.000123307939104	0.013362427654438	0.0614743909520854	0.0391391622181204	0.0015318740191363	0.0037791007429298	0.0014799156004932	0.0004819959317841	2.1901501845831487e-06	2.323200782565192e-07	-0.0008989642000112	-7.775744728950006e-05	8.081366329017768e-07	6.0462206089793806e-09	-0.0013028320521706	0.0001112617740706	1.2379182369337245e-08	1.697371356163057e-06
762.3554849001767	-0.1537456898061009	581185.8853573836	0.0236377371339538	977.1861908219078	9.420571804046515	954892.85153303	88.74717311519625	778.3220620599237	-0.1813822565851524	0.032899523003922	605785.2322892117	801.1626771459189	681.1671726183581	1.027163	29.400791	0.0578971793753276	0.0285206418169551	0.034747998	0.0912625829	-0.0116501448	0.1086719791	0.1153222484	-0.0292148181	-0.0182081234	0.0002843135	0.0017098778	-0.0616771681	-0.0100750897	-0.0463867582	0.0292846053	-0.0391429643	-0.106497704	0.0808524343	0.0750971504	0.0558710936	0.0330486592	0.0688530351	-0.0519989127	0.0115423987	0.1277051255	0.0429902522	0.0073657931	0.122541932	-0.0416862158	0.0772647824	-0.0199472983	-0.0555480706	0.1055738132	-0.015454664	0.053525582	0.0380290674	-0.0085247117	-0.0161725971	0.0061598404	0.049815212	-0.0164482536	-0.0096446967	-0.0372322396	0.0006224837	-0.1054377762	0.0568465781	-0.0169390119	0.1121344399	-0.0111671378	0.0255013914	-0.0292079398	-0.0073747039	0.1690724733	0.0117772001	-0.0633600247	-0.0029621642	0.0357790036	-0.0213700053	-0.023581779	-0.0155188577	0.0948411422	0.0673700367	-0.0548507689	0.0887390251	0.049607245	0.0319349698	0.0792261718	0.0250576677	0.0824121716	0.0483658293	-0.0328218893	0.0115781593	-0.0204012567	-0.0506910803	-0.1528938005	0.0454371537	-0.0365073055	0.0224781857	0.1347567223	0.0847707987	0.0406975818	0.0104517559	0.0389235339	-0.0946511514	-0.0717687855	-0.0256853186	-0.0407938585	-0.0600549108	0.0299903178	-0.0916682682	-0.1422248492	-0.0500895653	-0.0396238616	-0.0205702527	0.0742194967	0.0650889868	0.1105053039	-0.0934874401	0.0497815812	0.1104281013	-0.0988925044	0.0349497297	0.0542406935	0.0167360197	0.0015313536	-0.0041313349	-0.003097447	-0.0483175448	-0.1235540484	0.0510688457	-0.0367549103	-0.0273742421	0.0083099091	-0.0694987456	0.0296231082	0.1133805582	0.058946534	-0.0298324881	-0.0562351534	-0.0622839609	-0.0695713433	-0.0253422233	0.0660564535	-0.0157193071	-0.0249202199	0.0203910042	-0.0930567304	-0.0414641386	-0.0083899636	-0.0545920727	0.0250744245	0.0775778857	-0.0166608842	0.0843975482	-0.0792216903	0.0383790689	-0.1060226917	0.0497707041	0.0171451595	0.1012850498	0.0405582337	-0.098834998	0.0444251891	0.0299707848	0.0105609275	-0.0796982127	0.0305769216	-0.0634066041	0.1719246011	-0.0463156989	-0.0336087497	0.0276650807	-0.0022993574	-0.1056454406	-0.0535312577	-0.0388566731	-0.0738584961	-0.017373998	-0.0027544072	-0.0231028463	0.0006946395	-0.0422596047	7.54781e-05	-0.1253562596	-0.165906763	-0.0223712408	-0.0608874106	0.0547704555	-0.1001252244	-0.0037495195	-0.0265400331	0.1237702635	-0.0550595351	-0.018121723	-0.0592882688	0.0388088126	0.018022201	-0.1213596526	-0.0659082486	0.0388995497	0.0443158468	-0.0826289009	-0.0234881074	0.1286197407	0.0083981298	-0.0671333881	0.0304658598	0.123682654	0.0376539011	-0.056741938	-0.0379510346	-0.0772052015	-0.0151053217	0.0426106518	-0.0204167622	-0.0315767693	-0.0164425659	0.0547619611	0.0024738413	-0.0547751688	-0.0495899078	0.0196220636	-0.0276404327	-0.0745488335	0.0727850846	0.0304722578	-0.0912382167	0.0247790096	0.0307839198451489	-0.0158306409307443	0.0002506091922781	0.0009476497210325	-0.1159315076717604	-0.0003355403786144	1.1258734568075944e-07	0.0134401144710474	0.0550124713276716	-0.0064619196244138	4.175640523238421e-05	0.0030263720015778	0.0010480674813269	-0.0004318481191662	1.0984454454149118e-06	1.864927980274708e-07	-0.0007151366775541	0.0001838275224571	5.114204675831168e-07	3.3792558012715634e-08	-0.0012131261249629	8.970592720769998e-05	8.047153376193168e-09	1.4716749950675016e-06
762.3516369640429	-0.0038479361338659	581180.0183817558	1.4806612490310962e-05	974.2600437077608	-2.926147114146943	949182.632765448	8.562336933630482	778.2915512863938	-0.0305107735299543	0.0009309073013961	605737.7388037813	800.7487582794554	673.1512120762898	1.026859	29.392115	0.0860360964626938	0.0413528576212727	0.1235956621	0.017787732	-0.0616622455	0.0013839745	0.132834817	0.0391824266	0.0063061814	0.0206650333	-0.1309132598	0.0264346577	0.0127412306	-0.0441801113	-0.1140857048	-0.0911671408	-0.0383642357	0.0651168954	0.0321475235	0.0371343786	0.0070281433	0.0793992062	0.0505031726	0.1107278641	-0.0699479715	-0.0498062462	-0.0351310507	-0.0643259663	0.0075909026	0.0869067898	-0.1171686124	0.0559577373	0.0737514379	-0.0873287983	-0.0159009093	0.0466880711	0.1056056831	-0.0701659746	-0.0350907661	-0.0088697407	0.0019664031	-0.1055685277	-0.0821708657	0.0086647106	-0.0266153873	-0.0161733004	0.0561017816	0.1031489767	0.0822474625	0.0922597385	0.0193192993	-0.0405531985	-0.0151166268	-0.1531780747	0.0086010123	0.1177033511	-0.0785669871	0.1013906912	-0.0349497912	0.0487452582	-0.0223982169	0.0653993575	-0.0206211454	-0.0412327796	0.1627685644	-0.0487472537	-0.0530776947	0.003413506	-0.0344612916	0.0529305544	-0.0226707817	-0.0310232958	0.0096602287	0.1267630377	0.1250847903	0.0507256361	-0.012654602	0.0100166855	0.0608668222	0.0582044823	0.0668259567	0.0940673717	0.0254241043	-0.1546947092	0.0171042602	-0.0143462561	0.0280697767	-0.0195765839	-0.0048892544	-0.0133674396	-0.079949183	0.0320324626	-0.087384062	0.0004724709	-0.0802511709	-0.1311268295	0.0425574185	0.1434697218	-0.0270175917	0.0225256993	-0.0169570292	-0.004553495	0.0044893595	-0.0211832073	-0.0108296256	0.0140661606	-0.1690111226	-0.0558301588	-0.0716898819	0.0162404365	-0.0317891129	0.023454586	-0.0753948842	-0.0588919209	0.050168504	-0.0370925945	-0.0313743744	-0.045774716	-0.0091016783	0.0042664047	-0.1544674507	-0.1106450784	0.1347664091	0.039273403	0.0919651427	-0.0083743201	0.0500964624	0.0106416886	-0.0746547558	-0.0115638323	-0.0257871332	-0.1250010866	0.0251706919	0.0966668641	-0.0696205928	-0.0122485321	-0.0198358228	0.1303182058	-0.0292621249	-0.0617697945	-0.0109028914	0.0417051943	0.07391518	0.0106528243	0.0349093681	0.0206653387	0.0126013902	0.0044735658	-0.0248453803	0.058490271	0.1615520357	0.0746233627	0.0617504751	-0.0793822132	-0.0637996771	-0.0035995666	0.0226051263	-0.0330584747	-0.0667438226	-0.0102661414	-0.0481453714	-0.1154156026	0.1408946038	-0.0066154644	-0.0623093314	0.0771313285	0.0402219187	0.0223998843	0.0154507369	0.0183013613	-0.0266967034	-0.0417875191	-0.0486382587	-0.0163698841	0.0921251298	-0.0580271875	0.0466671193	0.0305258782	-0.1354987809	-0.017551698	-0.0355714393	-0.020082259	0.0010120663	0.0730457248	0.027601354	0.0331140523	0.0499634997	-0.0091662776	-0.0668690608	0.0447181656	0.0582640377	-0.0032322765	0.037807359	-0.1560345092	0.0174001182	-0.025428754	-0.0503555738	0.0448877631	0.0483634368	0.0219982541	-0.0452780116	-0.0036209317	-0.0287768851	-0.0731441312	0.0748920628	0.0259269352	-0.0912382167	0.0315960199	0.0602639876206723	0.0294800677755234	0.0008690743960494	0.0036317482039445	-0.1268349074264563	-0.0109033997546959	0.0001188841262107	0.0160870937418777	0.0486411081234621	-0.0063713632042095	4.059426907995477e-05	0.0023659573994783	0.0014799172445106	0.0004318497631837	2.190155050599847e-06	1.8649421796181784e-07	-0.000779113076152	-6.39763985979e-05	6.070171854310321e-07	4.092979577557382e-09	-0.0015029252777466	-0.0002897991527837	8.398354895415034e-08	2.258784390489695e-06
763.8613897512441	1.5097527872012506	583484.2227527021	2.2793534784619447	971.5803399519486	-2.67970375581217	943968.356981144	7.180812218913851	777.5929701979812	-0.6985810884125385	0.4880155370876469	604650.8273013185	800.5534244614478	675.3607894584072	1.034275	29.604364	0.0774586819316235	0.0352688603003759	0.0647477265	-0.027722889	-0.0787208433	0.0244553049	-0.0400910894	0.0123801158	-0.0847985955	0.0274911995	-0.061361615	-0.0186913961	0.0676419299	0.01131317	-0.0744897666	0.0385558786	-0.0246856332	0.1023329908	-0.0479011101	-0.0700661479	0.0334430472	-0.0182482605	0.0487790862	0.04912684	0.0328363683	-0.0429599156	0.1046575041	-0.062828689	0.0522025139	0.0035902201	-0.0407508173	-0.0362895326	-0.024406151	-0.134567512	-0.0802677626	-0.0584350772	-0.0895155382	0.0393273586	-0.1157937562	-0.0127008951	-0.1052981085	0.1251664139	0.0517871686	-0.0157131957	0.0492439008	-0.0710117287	0.0234883224	-0.0055609752	-0.0716054189	-0.0141689513	-0.103311591	-0.0597079832	0.0140696227	0.0161405293	0.0554686616	-0.0207525299	-0.0106754885	-0.0439909953	0.0349665209	0.0065233232	-0.045731774	-0.0796325018	-0.0948312113	0.0936096533	-0.0250838271	-0.1175359202	-0.0963677907	0.01770059	-0.0118842405	0.0731095648	0.0541421919	-0.0199847474	0.0640681809	0.0576353152	-0.0172426047	0.0676821046	0.0490978233	-0.0752234796	-0.0661812427	-0.0147411404	0.0003079108	0.0066505218	-0.1615587392	0.0060314669	-0.0317601346	-0.0213322745	0.1485714259	-0.0407146294	-0.036944153	0.0596476676	0.062848727	0.1074187291	-0.0103833195	0.0209403507	0.0122594337	0.0487199738	0.1644683299	0.0088236082	0.0337320007	-0.11474352	-0.0754173148	-0.0623171916	0.0092242844	-0.0712844096	0.0400379011	0.0570615988	-0.0676729633	0.0667366293	-0.0251084454	0.0378402652	0.047828824	0.0873834076	-0.0423575502	-0.1216210086	-0.0396086106	-0.1183848785	0.0402224453	-0.1091155088	0.0022284257	0.1303927646	0.0735894654	0.0271485616	-0.0721188729	0.0536969498	0.0015462499	0.0207160292	0.0026539411	-0.0025416102	-0.0550964875	-0.0813991914	-0.0269564527	0.1101953129	-0.0841426587	0.0317489333	0.0655688746	0.0799292809	0.0146551248	0.0247425229	0.1305538457	-0.0288764517	0.0354986081	0.0001288946	-0.0627178575	0.1124574289	0.0542394588	-0.0059683454	0.0437732927	-0.0442444564	0.0108072188	0.0058150513	0.0270661906	-0.0594264202	-0.0017306927	0.0536675497	0.1256283622	0.0944655316	0.0406973245	0.0162336417	-0.0886296058	-0.0034851252	0.0087406416	0.0769806987	0.0816656231	0.0162460405	-0.0129502495	-0.0580443422	-0.0671740992	-0.1222452969	-0.0692165377	-0.0392467636	-0.0145297708	-0.0107932146	0.0494285346	0.0489129602	-0.0712517247	0.0353569546	-0.036251823	-0.0768855265	-0.0553320882	-0.0167226356	-0.0452598717	0.0827740473	0.0060379714	0.0705544303	-0.0567430944	-0.0566668587	0.0215989346	0.0182011592	0.0120932422	0.0854832661	0.050098899	-0.1016756037	-0.0947858347	-0.0193838247	0.0277255064	-0.0245798638	0.0811162132	0.0613424706	0.0169275186	0.0655426089	0.0953192736	0.167036986	-0.0299084066	-0.0716892996	0.0768835629	0.0213105486	-0.0908475206	0.0382182304	0.039263647688017	-0.0210003399326553	0.000441014277287	0.0015416340297687	-0.1103459705319522	0.0164889368945041	0.0002718850399109	0.0121762332126384	0.039198911689013	-0.009442196434449	8.915507350672319e-05	0.001536554677603	0.0010750250817902	-0.0004048921627204	1.155678926478026e-06	1.6393766343240298e-07	-0.0006812506382127	9.786243793929994e-05	4.641024320652111e-07	9.577056759423334e-09	-0.001395135705006	0.0001077895727406	1.1618591991601105e-08	1.9464036353825885e-06
765.5790959973461	1.7177062461020114	586111.3522281138	2.950514747897864	971.406442642212	-0.173897309736617	943630.4768067972	0.0302402743336329	777.549014667133	-0.0439555308482795	0.001932088692154	604582.4702098293	799.6325891790395	672.1569101857734	1.024749	29.331718	0.0570317996233588	0.0359724794593011	-0.0076008397	-0.0794978215	-0.1221223361	0.0612487882	-0.0996010193	0.0440781618	-0.0190897219	0.0049851161	-0.027951126	-0.0815186439	0.1228150503	0.0089737031	-0.028985913	0.0559613026	-0.052646621	-0.0176827345	0.0596382304	-0.1957765299	-0.0527182341	-0.0317739729	0.0679107406	-0.0215623534	-0.0874139049	0.0679006881	0.0762347834	-0.0725043137	-0.0235627349	-0.0947804751	-1.1497e-06	-0.0583709257	0.0134934881	-0.04835389	-0.0337358228	0.1324085759	0.1392008822	-0.0789061136	-0.0312622182	-0.0430721926	-0.052735506	-0.0769987103	-0.012815286	0.0107860871	0.0481523039	-0.0207056258	-0.0770194496	0.1092854601	-0.0527699689	0.0471638018	0.0144596824	0.0517922249	-0.0010940017	-0.0133743397	0.0459054659	-0.1354843252	0.0718301805	0.0249491953	0.0192666265	-0.0007467416	-0.0413763986	-0.0396728757	0.0379189006	-0.1229390732	0.100677474	-0.1436993932	0.0684675025	0.0471737528	-0.0546906184	0.0005959611	0.0357610727	-0.0570699525	0.0611567527	-0.0924371528	0.0018305969	0.056108342	-0.0024544085	0.0948048931	-0.0738870154	-0.0405260015	0.0504333033	-0.0719356395	-0.0240584206	0.0550822669	-0.0464843374	0.0527587665	0.0634492557	0.0495271751	-0.0035681461	-0.0046219476	0.0321276418	0.0703776519	0.1631316515	-0.0470262754	-0.0652977066	-0.1043242723	-0.0999480787	-0.0218795283	0.0073647065	0.0121933033	-0.1057118066	0.0435903927	-0.0438115992	-0.0074442905	0.1172966891	0.0244883311	-0.0395044249	0.040162093	0.0223490886	0.0087078617	0.0492517752	-0.050971545	0.0816203583	-0.02495268	-0.0596102887	-0.1022772921	-0.0404769199	0.0208108058	0.1321773852	-0.103520313	-0.0156675547	-0.0806657572	0.1094991317	-0.0626089663	-0.0188487653	-0.0351222249	0.0025355824	-0.0252425164	-0.0756249733	0.1013600894	0.004457524	0.0231644351	-0.0183924712	0.0300811433	0.053328735	0.0151275368	0.0930257718	0.0312086114	-0.0338237697	0.0240741328	0.0086258997	0.1460335103	0.0159205754	0.023659723	0.0215048298	0.0256387988	-0.0775102226	-0.0603992022	0.0465484918	0.0182882495	-0.0022676678	0.0863408292	0.0090695756	0.0840208369	-0.0425663024	-0.011524306	-0.0776436876	0.0341454967	0.0340372945	-0.0367145491	0.076334124	0.0991931756	0.0363373581	0.1163154545	-0.0713873755	-0.0799366591	0.1114821899	-0.038791995	-0.0499505927	0.0685791645	-0.0044068889	0.1409311297	0.1589899612	0.0181352637	0.0160471575	-0.0977695131	0.0307501399	0.1351226861	0.0219919897	-0.0488405988	-0.0376837876	0.1268916132	0.0073405569	0.0883255271	-0.0629985209	-0.0731047165	0.0732199256	-0.0340000768	0.0114384099	0.02478961	-0.1598628326	0.0543928569	0.0365884056	0.0292808521	-0.0181918186	0.0085942146	-0.0419811591	-0.0560187824	0.0185120188	-0.0512746202	-0.1027578519	-0.0005090762	-0.0310348036	-0.0701853358	0.0787565141	0.0166357513	-0.0900678015	0.0446048127	0.0431516253740085	0.0038879776859914	1.5116370486767767e-05	0.0018620627724187	-0.1242171618027612	-0.0138711912708089	0.0001924099472713	0.0154299032863333	0.0056811950873196	-0.0335177166016934	0.0011234373261914	3.227597762018436e-05	0.0009750355397896	-9.998954200059989e-05	9.506943038527968e-07	9.997908509489726e-09	-0.0006661801133216	1.5070524891100044e-05	4.437959433851798e-07	2.2712072049326599e-10	-0.0013951739194116	-3.821440559999279e-08	1.4603407953607601e-15	1.9465102654063257e-06
769.5884292743704	4.009333277024211	592266.3504729925	16.074753326253703	972.6446624885906	1.23821984637857	946037.6394675444	1.533188387965769	779.5575788343275	2.0085641671945496	4.034330013737934	607710.0187180387	800.9631977862432	689.0953351201822	1.058038	30.284542	0.0899114300782754	0.0496893387848391	-0.0717174955	-0.1070485787	-0.1025058985	0.0281986085	-0.0087448005	-0.091906141	-0.0206915735	0.0079000999	0.0738626206	-0.1036519332	0.0997687781	-0.0389718565	0.0282189111	0.0645624981	0.1060918284	-0.0082096622	0.0829483737	-0.0298447422	0.0153387154	-0.101626801	0.0358947495	0.0055619991	-0.0051650799	0.0779180878	-0.0256911577	0.0636672208	0.0240202408	-0.084301064	0.0620422909	-0.0293196667	0.0850967048	0.1021007314	0.0106470772	0.1342360711	0.0242320871	-0.0136185446	-0.013464864	0.0134824232	0.1025699896	0.0991098532	-0.0184609933	0.07792867	0.0727716098	-0.054860957	-0.0361707237	-0.1085922338	0.0158525372	-0.1447682192	-0.0913043242	0.0584209478	0.0163784011	0.008098366	0.0104687571	-0.0695525317	-0.0160567729	-0.1554330575	-0.0868866656	-0.0870899245	-0.0066846595	-0.0490362356	0.0248963973	0.0344180465	-0.0301618321	-0.0795193744	-0.0801692348	-0.0147807857	0.0412849557	-0.0476054591	-0.0503292191	-0.0647222889	0.0279717029	0.0436847008	-0.0058344818	0.1433097954	-0.0038685082	-0.0248670451	-0.0194920952	-0.1072389878	-0.039139161	0.0387209786	0.1150713647	0.0185812304	0.0527359896	0.0857092879	0.0463515208	-0.0998443572	0.037592095	0.0021870378	-0.0752542838	0.0285280758	0.0143712926	0.0382814736	0.153727366	0.0396677024	0.008119186	0.0173083376	0.0589614338	-0.1066710958	0.0538820355	0.0051274293	0.0329336325	0.0864644495	0.0919175598	-0.0525671749	-0.0147410881	0.0831644217	-0.0409759867	-0.0031600535	0.0163815981	0.0106992502	0.1459828177	0.0749849413	-0.0966099532	-0.0754931028	-0.0535295916	0.0606092269	-0.0101885554	-0.0497651258	-0.0005550383	0.1394731778	-0.1149706017	-0.1102985366	0.031412861	0.0174852876	0.0471696938	-0.0644430046	-0.0304026265	0.1093713129	0.0136759329	0.0299370504	-0.0055985518	0.0332077328	-0.0273395029	-0.012311058	0.0087938159	-0.0415783961	0.0638821974	-0.0677530087	-0.0764175975	-0.0416896995	-0.0643586022	0.0713601195	-0.0908519062	0.0070783856	0.0434708913	0.0945211863	0.0630247515	0.0223675662	-0.0307572156	-0.0633660804	-0.0660442239	0.0172744384	-0.0904865476	0.0568119911	0.025187033	0.0883223882	0.0598104005	0.0675686885	-0.073798683	-0.1493403025	0.0363688377	-0.0241541484	0.0164527325	-0.075961591	-0.0374891596	0.0016522769	0.0145654425	0.0268439177	-0.1082038245	-0.0299439383	0.0398492	-0.0198690081	0.0199728323	0.0390937221	0.0197762105	-0.1238728055	0.1285240322	-0.0295390248	-0.112133964	0.0834615028	0.0364722223	0.1084662403	-0.0482293186	-0.0496529667	0.083182254	0.0759656188	0.0829677718	0.0828260028	0.1715776653	0.0320556661	0.1278148397	0.0316300009	0.0141683098	0.0113183324	0.1109590544	0.0687377333	0.1258779973	0.0566370064	-0.0831061703	-0.0308504046	-0.0321558829	-0.0686332704	0.0805080284	0.0119153566	-0.0889023983	0.0507163915	0.0324657817633351	-0.0106858436106733	0.0001141872536717	0.0010540269855045	-0.1020983396628167	0.0221188221399444	0.0004892422928584	0.0104240709619038	-0.0365411844603329	-0.0422223795476525	0.001782729334666	0.001335258161764	0.0009639101935538	-1.112534623580008e-05	9.29122861236924e-07	1.2377332886643102e-10	-0.0008871410449864	-0.0002209609316647	7.870192336995617e-07	4.88237333221764e-08	-0.0013295725017121	6.560141769949997e-05	4.303546004184268e-09	1.7677630373089723e-06
769.7435823981216	0.1551531237512335	592505.1826430938	0.0240724918097656	969.859740040519	-2.784922448071597	940627.9153514632	7.755793041773099	780.8022671032238	1.2446882688963117	1.5492488867280965	609652.1803135341	801.7155403544583	701.3348680771782	1.136458	32.529186	0.1418930550264607	0.0668372953839841	-0.1488739117	-0.0904919027	-0.05540237	-0.0752720136	0.0410085984	0.0650920954	-0.0085605459	-0.0826882548	0.0520021362	0.0325753971	0.0831784186	-0.0580676473	0.0335787368	-0.002019387	0.0774362034	-0.1235399637	-0.017335459	0.0378375921	0.0684550923	-0.0408444554	0.0399683858	-0.0962223735	0.0016916032	0.059664193	-0.05573503	0.0822714704	-0.0567939686	0.0700400594	0.0423457956	-0.0067701274	0.0655852606	-0.0067732863	-0.0829395373	-0.0791076327	-0.1178056325	-0.0105699169	-0.093073696	0.059027185	0.026680936	-0.0228543401	-0.1152248785	0.016761915	0.1183144334	0.0043363921	-0.0469749394	-0.0693931804	0.0196800194	-0.059595327	0.0300913784	-0.0456999473	-0.0521504988	-0.0535843541	0.1143886806	-0.0363164695	0.0620860551	0.0812280812	0.0200395199	0.0682072767	0.0649479623	-0.039374276	0.0046294651	-0.0057229261	0.0497523464	-0.0036142653	0.0352385265	-0.0141595693	0.0302470225	0.1392031134	-0.0979682731	-0.1389100219	0.0817387352	0.0355754919	-0.0078630405	-0.1230115378	-0.0441311928	0.0047757786	0.0035121086	-0.0877615193	0.0385055119	-0.0395509129	0.0664544594	-0.0291360076	-0.0289291253	0.1110395706	-0.033277618	-0.1013658061	0.0244058746	0.1053353043	0.0059189073	-0.0751938404	0.0878627913	-0.140349794	0.0272498477	-0.0517966069	-0.0804131653	-0.0999394953	0.0330511671	-0.0459515597	-0.0072156322	-0.0077336177	-0.0024649912	0.0925783001	0.0769858753	-0.0947037082	-0.0221217608	-0.0461026517	0.0343379329	-0.0623128959	0.0228805337	0.0213710304	0.0288427625	-0.0278142641	0.0088596333	0.033771066	0.0511195421	-0.0542575	-0.0518913791	0.1424229247	-0.0050242872	0.1134644276	-0.0012389967	-0.1288392403	-0.0747399451	-0.0161200442	0.0046624848	0.0175379866	-0.0304063405	0.1253861562	-0.0710186326	-0.0010601122	0.0645043278	-0.0109064137	0.0969286439	-0.0233390874	-0.0980660147	-0.0054289834	-0.0456298599	0.0550536479	-0.0343679851	0.0660308199	-0.1050480672	0.0231461004	-0.0355796566	0.002185247	-0.0162360682	-0.101457003	-0.06881398	0.0121786134	0.0499219429	-0.0593791006	0.0145566199	0.0943737659	-0.0652802505	-0.1234080887	0.0551313359	-0.0740059101	0.0670270754	-0.0818191401	0.0357972001	-0.0346022466	0.0058469787	-0.0337823858	-0.0380693185	-0.1034619958	-0.0859391477	0.0791812219	0.0778058136	-0.0708109782	-0.0224219888	-0.066135825	0.0650381291	0.0475109456	0.0183856842	-0.0638170413	0.0413533924	-0.001529131	0.1010942516	-0.0822738099	0.0076659496	0.0346995782	0.1543142498	-0.0487266276	0.0010564605	0.0740692066	0.0492271232	-0.001187815	-0.1214075378	-0.0301333355	-0.1136447016	0.0222115653	-0.0085207388	0.0871559197	-0.0317242483	0.0303209458	0.0380661309	0.0337126628	0.1001920645	0.0049210942	0.0710152956	-0.0931073403	-0.0332714524	-0.0670341672	0.0821354052	0.0071623028	-0.0873563013	0.0565152869	0.029449502416071	-0.0030162793472641	9.097941100731964e-06	0.0008672731925541	-0.1216407646717385	-0.0195424250089217	0.0003819063752293	0.0147964756299252	0.0059850197868769	0.0425262042472098	0.0018084780476754	3.582046184930801e-05	0.001731369224335	0.0007674590307812	2.9976393909743795e-06	5.88993363927619e-07	-0.0001842092952193	0.000702931749767	3.3933064445191224e-08	4.941130448306368e-07	-0.0013953446496251	-6.577214791299996e-05	4.325975441089545e-09	1.946986691237393e-06
768.2422052051263	-1.5013771929952782	590196.0858584354	2.254133475646381	977.2607741355896	7.401034095070599	955038.620664092	54.77530567639749	781.9759807185726	1.1737136153487882	1.377603650855123	611486.4344207734	804.1591227577411	719.7654006785103	1.096926	31.39765	0.1381553576191692	0.0732342043584489	-0.1936119762	0.0129545484	0.0551333195	-0.0331172442	0.0815903538	-0.0761083946	0.0254003628	0.0543319059	-0.1389366995	0.0093579968	-0.0232480741	-0.1065598455	0.155240651	0.0241291658	0.0699308287	0.0586644479	-0.0117952503	0.031353997	-0.0678160277	0.0636972163	0.0230317205	-0.051689463	0.0146893359	0.1099953214	-0.1525562133	0.0055634916	-0.004044859	0.1012565011	0.1472675216	0.0208740131	0.0468905787	0.0871525006	-0.0405134363	-0.0688078562	-0.0818738198	0.0352479345	-0.0677792873	0.0255862866	-0.0394387526	-0.108155441	0.0230451033	-0.084480027	0.0325469499	0.0150660245	0.0652546316	0.0659972355	0.0540134965	0.0772471057	-0.0970588808	0.0166381794	0.0940188061	0.091161381	-0.0476464349	0.1106943406	0.010462547	0.0406779418	0.065799416	-0.0141513355	-0.0407049515	-0.0082008169	-0.0056601386	-0.0554782274	0.0387195062	0.0698739719	0.0292044871	-0.0401017872	0.062061514	0.020401785	-0.0524411717	0.0194116572	0.0827053407	-0.0675536517	-0.0471101556	0.131983803	-0.0216873456	-0.0722929406	-0.0130020517	0.0176704314	-0.0805889193	-0.1404355615	0.0311597799	0.073779424	-0.0519386012	0.0271902019	0.193077118	-0.0653252873	0.1219638468	0.0153401314	0.0348877947	-0.0079567975	0.0785959184	-0.0397759225	0.1037236921	-0.063248023	-0.0891610094	0.0011566083	-0.097547829	0.0154066931	0.0406007696	0.0380565366	0.1523759823	-0.0056478697	0.0027278286	-0.1437041149	0.0875001697	0.073126438	-0.0319559033	-0.068773816	-0.0447229302	0.0620643143	-0.0221244996	0.0281274731	-0.0326489193	0.101933916	0.0041063868	-0.0159023185	-0.0583038149	0.1761612861	0.0368948849	-0.0732023622	0.0340383374	0.0939883801	0.0103077386	-0.0831306784	-0.0736516893	-0.0859659157	-0.0385256562	-0.0045018107	0.0120350802	-0.1375141766	0.0242440256	0.0595177402	-0.0495926926	-0.0055082307	0.0029451659	0.0303645378	-0.0268267979	0.048521436	-0.0100215253	-0.0438863086	-0.080555805	0.0991778853	0.0857426856	-0.066945497	-0.0207554295	-0.0016788476	0.1441052293	0.0315985685	-0.0024744624	-0.137763377	0.039265223	-0.0195287682	-0.0608223964	0.0225005527	-0.0796101298	0.081142767	-0.0313647052	0.0554290492	0.0780352055	0.1794586136	0.0583738655	-0.0159725274	-0.0167190839	-0.0744070193	0.0525546149	0.017890545	0.0686630385	0.0547109534	-0.0202907269	0.0317049661	-0.0722228551	0.0052785854	-0.0056087003	-0.0771517347	0.0310403152	0.0243201165	0.1707332738	0.0024767142	0.059026174	-0.0438830967	0.0775678808	-0.0311208018	0.0477652253	0.0492623789	0.0403455124	-0.0537969131	0.0474991976	-0.0430077418	0.1624963043	-0.0218892393	0.0050083076	0.1058657458	0.134889415	-0.0407524178	-0.0560142121	0.1116657574	-0.0055553963	-0.0895485796	0.094381928	0.0920857208	-0.034381321	-0.0653891221	0.0836361352	0.0023896175	-0.0854361313	0.0619657467	0.0284036914162584	-0.0010458109998125	1.0937206473290268e-06	0.00080676968607	-0.0880663255569658	0.0335744391147727	0.0011272429618715	0.0077556776971054	-0.032631507354992	-0.0386165271418688	0.0014912361684986	0.0010648152722588	0.0015051278271535	-0.0002262413971815	2.265409776071816e-06	5.1185169798637246e-08	-0.0012550516071709	-0.0010708423119516	1.575154536662259e-06	1.1467032570658475e-06	-0.0013940567515039	1.287898121200013e-06	1.6586815705905228e-12	1.9433942264136065e-06
766.2585123857511	-1.9836928193751648	587152.1078036244	3.9350372016405895	979.5050010681152	2.2442269325256348	959430.0471174484	5.03655452467342	781.8734842477976	-0.1024964707750086	0.0105055265213322	611326.145369791	804.2950986918543	690.1878372927225	1.105814	31.652067	0.1586896256553349	0.0745977585132549	-0.0524921968	-0.078507511	0.1312071683	0.0701306162	-0.0174395643	-0.0081457842	0.1491300579	-0.024627477	-0.0380040575	-0.0302730695	-0.1053373714	-0.0621520413	0.0255516594	-0.1229231736	7.40971e-05	-0.0234327908	-0.0384165619	-0.1273826614	-0.0047992545	-0.036072354	0.0636462054	-0.0186438639	-0.1727131649	0.0267475814	0.0166785008	-0.0246887913	0.0640977084	0.0189853088	0.0999500943	0.1565407046	0.0262058428	-0.0498053857	-0.0721490031	-0.0036192033	0.0541614176	-0.0295287183	0.0163796898	-0.0657211775	-0.0295078783	0.001743509	0.1360541105	0.0905825267	-0.0216851688	0.0501014014	0.0657430421	0.0578054259	-0.0408315428	-0.0204574268	0.0948165916	0.0552767736	-0.0138140497	-0.0819559717	-0.1225188837	-0.107433958	-0.0797007395	0.005843057	-0.0066552443	0.0528434894	-0.0824693468	0.0594756549	-0.0331082202	0.1029919435	0.0409840546	0.0393820028	-0.0908108588	-0.057107326	0.059546447	0.0844223437	0.1183560614	0.017617085	-0.0206096408	-0.0859719793	-0.070328451	-0.0604130927	-0.0164268902	0.0938949065	-0.0593805	-0.0136730867	0.0258265235	0.078401899	0.0830579782	0.037086987	0.0052804407	-0.0161965326	-0.0847326031	0.0128181251	-0.042873862	-0.1185176098	-0.0779237259	-0.1193489979	0.0449213826	0.0264168106	-0.0431190578	-0.0103048153	-0.0072289935	-0.0211819801	-0.0193814475	-0.0237638399	-0.1102657799	0.0776787104	-0.0298894005	-0.1959862368	-0.1075621341	-0.1226807823	0.0414349304	-0.0282155307	0.0648377197	-0.0494624342	-0.047923563	-0.0182063693	-0.001396811	-0.1147239232	0.0073199832	-0.1014286589	-0.093177682	0.0313115357	0.054583553	-0.0149816756	0.0134983619	-0.1002612096	0.0437044332	0.0421993661	-0.0618468255	0.0473152433	0.034564895	-0.0145888108	-0.0892068946	0.0142388733	0.0457032763	0.0606448462	0.0610020012	0.0040434835	0.0256800127	-0.0487542864	0.0414310617	0.0259027569	0.0107233263	0.0480795852	0.2126863391	0.0519613023	0.0351680666	-0.0358304041	-0.0515005263	-0.0092044374	0.0964541753	-0.0859324893	-0.0528730964	0.0114755207	-0.076554943	0.1590629036	0.044653744	-0.0335591612	0.0630860868	-0.111246158	-0.023727369	0.0557943026	0.0225993634	0.0085078466	0.0336970751	0.0344282081	-0.1182282891	0.0212631963	0.1640654904	0.0650148077	-0.0758432511	0.038587113	0.0432491582	-0.0255058286	0.0491251564	-0.0052880157	0.0042746287	0.0060223576	0.055985261	0.081317879	0.0506715589	-0.1867656488	0.0340550969	0.1008969243	0.0128624524	-0.0286233454	0.1333754871	-0.0657905678	0.0032645065	-0.0027496978	-0.1227903908	-0.0073524283	-0.0171318135	-0.0675587804	-0.0779434572	0.0730840108	-0.0536877372	0.0518599885	-0.0526711483	-0.0070868081	0.034500411	0.0490489477	-0.0608918565	0.0498554144	-0.0426337764	0.0438859127	-0.0354852986	-0.0636992625	0.0850079043	-0.0023896175	-0.0831501106	0.0670341672	0.0383319484182465	0.009928257001988	9.857028709752568e-05	0.0014693382695391	-0.1071531942526888	-0.019086868695723	0.0003643085566077	0.0114818070385544	0.0155673570668568	0.0481988644218488	0.0023231305315557	0.000242342606047	0.0022907143273372	0.0007855865001837	5.24737212946792e-06	6.171461492708746e-07	-0.000412098529045	0.0008429530781259	1.698251976410527e-07	7.105698919219298e-07	-0.0013950298839098	-9.73132405900079e-07	9.469866794128762e-13	1.94610837700139e-06
765.0710416515168	-1.187470734234353	585333.698773737	1.4100867446630727	981.2673017328436	1.7623006647284	962885.5174500556	3.105703632902161	781.0416756478157	-0.831808599981855	0.6919055470037736	610026.0990987478	804.775607079901	691.9718317674848	1.074841	30.765512	0.0982624512447402	0.0514763743166867	0.0486789112	-0.0436572323	0.1644020284	-0.0637116445	-0.0341198438	-0.0270295914	-0.0261426431	0.0454278969	-0.0599786323	0.1265738456	-0.1472157286	-0.0497751869	-0.1020280174	0.1120105204	0.0539721221	0.0001750061	-0.003907962	-0.0880996506	0.1118562774	-0.0669618382	-0.015524773	-0.0393177955	-0.0195944704	-0.0259658208	-0.0459599684	-0.0056869039	-0.0416611163	0.0329741036	0.0018676166	0.1741770556	0.0122566631	0.0232329579	0.0150735203	-0.0880802571	0.0644952098	0.0124556695	-0.0363115602	-0.0824048883	-0.0468750524	-0.0554617961	0.1215143311	0.0163095458	0.0724817982	0.0053427049	0.0121304613	-0.0665259656	-0.0178967445	0.0488865863	-0.0515308995	0.1006765909	-0.0494994114	0.0109263425	-0.0488977145	0.1273959778	0.0826322982	-0.0063850913	-0.0003525522	0.0398017802	-0.0606442768	-0.0164843086	-0.0047969028	0.0468007623	-0.062160467	0.0262177372	0.0163081476	-0.031136819	0.0005745992	-0.0647160604	0.0245701038	-0.0343357495	-0.0312468684	-0.0218874249	0.0900992818	0.0057606288	0.0281849224	0.0443400831	0.0550872955	-0.1189662784	0.0214502048	-0.0230258979	0.0001941006	-0.0417058923	-0.1403641077	-0.0797052043	-0.009299399	0.0724723011	-0.0650239205	0.0572840712	-0.0080171113	0.0352156622	0.0383467468	-0.0443342863	0.0072259941	0.114671066	0.1053191371	-0.0168714234	0.025273015	0.0703490807	-0.0398472547	0.0524026353	0.0443902692	0.103725561	-0.1843374934	-0.0417244161	-0.0146084394	0.0594138917	0.0679355763	-0.0097802425	-0.0208925683	0.0767299235	0.0041905657	0.0479760136	0.0554532643	-0.0269808961	-0.1517749663	0.0004340931	0.0215198224	0.0653379715	-0.0042671065	-0.0595322704	0.0035069998	0.0165393148	-0.0426528329	0.0388541118	-0.0512632627	-0.0407076756	0.0704015228	0.0530067748	-0.1225081416	0.0611016397	-0.015539928	0.0266404036	0.0363236957	0.0172040971	0.0504708472	0.0390866526	-0.0480867249	-0.0237492931	-0.0328446872	-0.0047395381	0.034328521	0.0028232601	0.0370154371	0.0300524959	-0.0631750722	0.0391328327	-0.1927425398	0.1260682054	-0.0874981993	-0.0959220903	-0.0936799646	-0.0892773411	-0.007135507	-0.040772588	-0.0617346209	0.0173275762	0.0184667996	0.0202304743	-0.0553845074	0.0633933584	0.1019634067	-0.1281810382	-0.0341247746	-0.0302869411	-0.0091261031	0.0408066375	-0.1062867114	0.0576068081	-0.0205776874	0.0260571177	-0.0376481139	-0.0503374981	-0.0690690499	-0.0704990263	-0.0759208014	-0.000989796	0.0272755414	0.1255388159	-0.0294299958	0.0180950343	-0.0156243978	-0.0747171357	0.0742215818	0.0274226782	-0.0708906073	-0.1039421118	-0.039261766	0.022235477	0.0424574855	-0.0083995625	0.048349186	-0.036036644	-0.017331892	0.0481476175	-0.0516818718	0.0360940639	0.0480213208	-0.0129016326	-0.045914747	0.0304035683	-0.036583196	-0.0619657467	0.0862485974	-0.0071623028	-0.0805080284	0.0716892996	0.0270597473957252	-0.0112722010225212	0.0001270625158921	0.0007322299291204	-0.0713746667672836	0.0357785274854051	0.0012801030290238	0.0050943430561407	-0.013330200602752	-0.0288975576696088	0.0008350688392683	0.0001776942481096	0.0018592087674669	-0.0004315055598703	3.4566572410257893e-06	1.8619704819898114e-07	-0.0004267981226853	-1.469959364030002e-05	1.821566375276964e-07	2.160780531899488e-10	-0.0013951080317433	-7.814783349992596e-08	6.1070838807321504e-15	1.946326420234665e-06
763.7386156675781	-1.3324259839387196	583296.6730618285	1.775359002675065	967.9529312307184	-13.314370502125255	936932.8770781398	177.27246186786317	778.6560366518862	-2.3856389959295257	5.691273418899636	606305.2234144235	801.5382933668549	678.8877205186795	1.022611	29.2705	0.105988679830518	0.054131560477718	0.0613113305	-0.008395456	0.0698806552	-0.0799190693	-0.0858981903	0.0512066244	0.0754378308	0.023182382	0.0909981317	0.0674553877	-0.0543314469	0.1258184511	-0.0090899587	0.0804477699	0.0912858359	-0.0856229174	-0.1394800534	0.0754584934	-0.0688445183	-0.019798284	-0.0074367471	0.0709715784	-0.0485602529	0.0528414439	0.0358059829	0.0743926988	-0.0101928267	0.0445474949	-0.0108911653	0.0670561111	-0.0939560216	0.0009385585	0.0052807382	-0.0779548178	0.0716056151	-0.0220397491	0.182365674	0.071575403	0.0392098801	0.059237133	-0.016408816	0.0837189541	-0.0225491147	0.048219553	-0.0659159172	-0.0472600422	-0.1017514126	-0.0175814996	0.0967747076	-0.0459671616	0.1167677161	0.056275545	0.0351999907	0.0121965588	-0.0087378031	-0.0084129576	-0.1223550367	0.051765639	-0.1160862539	0.0044032033	0.0066056496	0.0269636565	-0.0213397794	-0.0459109618	0.0623343572	0.0398939605	0.0423196749	0.0731144258	0.0514913152	-0.0687055902	-0.0348960362	0.0757016713	0.0160415616	-0.0066867405	0.0644928546	-0.0397753765	0.032248429	-0.0200060188	0.0887355356	-0.0957169451	-0.1549827661	0.1506213637	0.0722706712	-0.0004320805	0.2014429664	-0.0645058446	0.0008429366	-0.0831705231	0.087935483	-0.0319413768	0.0127285415	-0.0680107358	-0.0159262096	0.0177419562	0.0178219623	-0.0350186702	0.0007536342	0.092269309	0.0558475347	-0.0288731668	0.0511666478	0.0602883869	-0.0704551711	0.0715015159	0.0549808612	0.0319134564	0.1953495007	-0.0661614522	-0.0264002643	-0.0134742844	-0.0439655526	-0.0544878817	0.0457816574	0.0579729066	0.1161811123	0.0743993372	-0.025385212	-0.1002512087	0.0310936645	0.0321960423	-0.0680630786	-0.0580086904	-0.005550245	0.184364553	0.0246821243	-0.0305942784	0.0615275847	-0.0480625046	0.0371160743	-0.0323263413	0.1094064881	-0.0371358665	-0.0527436966	-0.0046705238	-0.0289152107	0.0272825558	-0.0429751456	-0.0019539288	0.023586638	-0.0359339758	0.0379905601	-0.0079233871	0.0998603628	0.0417753594	-0.0014670403	-0.0189591275	0.0843527614	-0.0791469546	0.0256822018	0.0593722575	0.0141182599	0.0338678593	0.0486315595	-0.0362916704	0.1028056367	-0.0183404738	0.0327760975	0.0047061902	0.0233260788	0.0401837035	0.1384499487	-0.0099813075	0.1246807288	-0.0900468741	0.00760358	-0.1218368186	-0.0033522436	0.073746784	-0.0806137196	-0.0319897941	-0.018860526	-0.0362954226	-0.0291892054	-0.1142563205	-0.0884126551	0.0417262327	-0.0314832209	0.0052631373	-0.0288554845	0.0094191704	-0.0070217611	-0.1179088648	-0.026096763	0.0118193307	-0.1233452042	-0.0312370083	0.0321233203	0.0182859508	-0.0156839058	0.0283841462	-0.0104745088	0.0820352347	0.0171617088	0.0084059228	0.0010320927	0.0399283231	-0.0419744599	0.0414774603	0.0221008764	0.1033432993	-0.037674825	-0.0601897627	0.0873563013	-0.0119153566	-0.0775211985	0.0759024438	0.0385798811044679	0.0115201337087427	0.0001327134806673	0.0014884072260348	-0.107344222422796	-0.0359695556555123	0.001293808934055	0.0115227820875546	0.021630314265721	0.034960514868473	0.0012222375998687	0.0004678704952338	0.0020620142892038	0.0002028055217368	4.251902928880652e-06	4.1130079646976186e-08	-0.0006939382199981	-0.0002671400973128	4.815502531741314e-07	7.136383159229226e-08	-0.0013942841388372	8.238929061000263e-07	6.787995207219467e-13	1.9440282598129924e-06
763.1622515681864	-0.5763640993916397	582416.6222186239	0.3321955750675359	972.6383313265712	4.685400095852856	946025.323565737	21.95297405821795	778.3742395578562	-0.2817970940300256	0.0794096022037671	605866.4568072709	801.0605193474801	694.5825340930193	1.033606	29.58522	0.0845992301212424	0.0559358554122375	0.0121831005	0.0483184793	0.0619316283	-0.0595293996	-0.1222698738	-0.0387445505	0.0067654681	0.012234813	0.0406080165	-0.1156240924	-0.0738345978	0.0912662501	0.0672942285	0.0411101579	0.0405081564	-0.0715516652	0.0101647098	0.0112500319	-0.0448901334	0.0430422939	-0.1098338241	-0.0159351995	0.0699863093	-0.0490720823	-0.0234044894	0.076800598	0.0030015826	-0.0004759134	-0.0081413481	-0.0275542472	-0.0839765254	0.0558057989	0.07688897	0.0850711307	0.0019315735	0.077295932	0.0227807221	0.0231905818	-0.0358797012	-0.0255975334	-0.0286959984	0.0796756291	0.074213456	-0.0595245971	-0.0341197946	-0.0637725697	0.0263920521	0.0235775993	0.1013480852	0.0259851654	0.0094749326	-0.0079074508	-0.0630457852	0.1170477627	0.0227306787	0.141788653	0.0813118771	-0.0514187409	-0.0290715355	-0.0867447465	0.0717808059	0.0493639066	0.0370921783	-0.0036994412	-0.0115914086	-0.0279052109	-0.081560753	-0.1309283746	0.0766060103	0.0344415535	-0.040562063	0.0193360509	-0.0190965864	-0.1451834068	0.0746403317	0.0532716908	0.0971970629	0.0934782053	0.0674307677	0.0361143288	-0.0470939001	0.0190391865	0.0337069512	-0.0177974095	-0.0901115447	-0.0220218271	0.0771639724	-0.0998230357	0.0645842975	0.0468348978	0.036640795	0.0163092853	0.148272966	0.0164481804	-0.0907275183	0.0721541616	0.0166305071	0.0051785455	-0.0049931099	-0.0968426181	0.0229036776	0.0126637632	-0.032511007	0.092685552	0.1006725387	0.022053039	0.0422702185	-0.0046460748	0.0617435001	-0.0245604167	0.0505820457	0.1045527176	-0.0304072447	0.0049374353	-0.0009952261	0.0586272061	0.0538877166	0.0367485883	-0.1549364353	-0.0043961416	-0.1062982702	-0.0033786651	0.0182514304	-0.0513020568	-0.0215449264	0.031915318	-0.0113769614	-0.0576577949	-0.1411074425	-0.0496585435	0.0288463584	0.049547525	-0.0738222625	-0.02592933	0.0791271236	-0.0559554144	-0.0417616041	0.0503346781	-0.0267337193	-0.0389628834	0.1165055197	-0.0120546381	0.0988878468	-0.0271885552	-0.0974256371	0.0006578648	-0.1159726888	-0.0744319727	-0.1068715304	0.006987423	0.0062594623	0.0355921015	0.0574521797	-0.0492676417	-0.0432215151	-0.0079650341	0.101609489	-0.0380533122	0.0661212978	-0.1226567766	-0.0614173307	0.0239761785	0.0206901507	-0.0137172359	0.0203229861	-0.0823879402	-0.0661047205	-0.0154394471	0.1035104879	-0.0690204308	0.0082612512	-0.0222673246	0.0768077249	0.0683520901	-0.0185657172	-0.037981202	0.0286366558	0.0246064875	0.0269528777	0.0069238525	-0.1471428502	-0.0664021255	0.0487164806	-0.0047319295	0.0069512903	0.008231222	0.1244354908	-0.0036509252	0.0358838919	0.0737850727	0.1410664891	0.0476905194	-0.0162515196	0.0509472468	0.0256729141	-0.0553760013	0.0340426403	-0.0066890073	-0.0804642062	-0.0502332991	-0.0387599986	-0.0583725276	0.0883293083	-0.0166357513	-0.0742024108	0.0796476241	0.0382313850722084	-0.0003484960322595	1.2144948450061746e-07	0.0014616388045394	-0.0802563270689944	0.0270878953538016	0.0007337540746985	0.0064410780346054	0.0159771381762396	-0.0056531760894813	3.195839989868418e-05	0.0002552689443026	0.0011424398664326	-0.0009195744227711	1.305168848414537e-06	8.456171190149853e-07	-0.0008037981747281	-0.00010985995473	6.460915056962252e-07	1.206920965327766e-08	-0.00139504301425	-7.588754127999843e-07	5.758918921523467e-13	1.9461450116077256e-06
762.7382576726778	-0.4239938955086018	581769.6497175522	0.1797708234285591	970.396080493927	-2.242250832644231	941668.553037976	5.027688796493748	777.0784551030523	-1.2957844548038793	1.6790573533113866	603850.9253853465	799.6755728951509	691.7467234830343	1.052437	30.124222	0.1133836251236782	0.0645978437794448	0.0298753166	0.1126896252	-0.0280355823	-0.1299719144	0.0211981243	0.0214707092	0.0536617319	-0.0346702233	0.1693353583	0.0421059507	-0.0207098687	0.1219147463	0.0590010778	-0.0449979825	0.0357999029	-0.0232281788	-0.0127145432	0.070829213	-0.0010564187	-0.0004217367	0.0558940403	-0.0647765329	-0.0099254503	-0.0440754131	-0.0759153678	0.0259767155	-0.0241314807	-0.107155304	-0.0744494235	-0.1086827414	-0.0235645722	0.0261458808	0.0572614464	-0.1876634864	0.0645873711	-0.0393745075	0.0040553375	0.0253960408	-0.011868287	0.0227369871	-0.0123262667	0.0015271385	-0.0299983237	0.0374596166	-0.0180180545	0.0161515227	0.0017089083	-0.0447340681	-0.0942596187	0.0935868388	0.0715086167	-0.0405834662	-0.0134451691	0.0114765673	0.0758597854	-0.0046416534	-0.042927021	0.1124064423	-0.01662774	-0.077366228	-0.044522866	-0.0272852003	-0.1121793755	0.0722798117	0.0221347092	0.0378329775	0.1012436841	-0.0561243244	0.0013117852	0.1320414698	-0.0537093965	0.0224347387	-0.0609488022	0.0640403222	0.0174332562	0.0915633084	0.0160065405	-0.1829931171	-0.0469509181	0.1020634903	-0.0432715838	-0.0706555013	0.004223509	0.0275733524	0.0425765938	-0.0073731127	0.0281350407	-0.0089031851	0.0539940975	-0.0892486208	-0.0897014284	0.0353541712	-0.0330059682	-0.0956920802	0.0065640051	-0.0535931588	-0.0810119922	-0.0220992066	-0.018439058	0.0717601952	0.0686196033	0.0323197473	-0.0050137896	0.1382427792	0.0841357938	-0.078421289	0.0066217835	-0.017969625	-0.0460150325	0.0212886505	0.0438467149	0.074903535	0.1286678634	0.0561371406	-0.020266706	0.0081623845	-0.0333730819	-0.0173824835	0.0570749077	0.0142737406	0.030397017	-0.0114425029	0.0315825987	0.0093782818	0.0078484191	-0.0945356199	-0.0058012484	0.0934016079	0.0712146457	0.094423383	0.0078540466	0.0042005793	0.0311823948	-0.0180063719	-0.0003599164	0.0536356395	0.0771830906	-0.05948987	-0.1178406687	-0.0232954712	0.0715495754	-0.0495820458	0.0473053332	-0.0638611431	-0.0040420807	0.011147608	0.0659564711	-0.0742152816	-0.0174839246	-0.0473168752	-0.0976371598	-0.0081911838	0.0549159012	-0.0222785187	0.1306005536	-0.0268717313	-0.1515884178	0.1160342713	0.0187063804	-0.0336308167	0.0506189135	-0.0915986738	0.0036066881	0.0344682416	0.0968749731	0.0110714281	0.0158465643	-0.0426986467	-0.0798220592	0.0430169553	-0.0258254973	0.077828615	0.0526411169	-0.0334257992	0.0612028272	0.0463347572	-0.0450709847	-0.1004216006	-0.033441443	-0.1123419356	-0.0705233506	-0.0875062245	0.0114520713	0.0577657567	-0.0213669615	0.0654700473	-0.0357705951	0.0147635895	0.04708293	-0.0229041995	-0.0464341026	0.0270229075	0.024060255	-0.0695299212	0.0097959874	0.062050111	-0.0311970343	0.0012058552	-0.0106082697	-0.0694588267	-0.0398385309	-0.0565152869	0.0891661178	-0.0213105486	-0.0705658771	0.0829017503	0.0546916817057336	0.0164602966335252	0.0002709413652636	0.0029911800478012	-0.1358314566364384	-0.0555751295674439	0.0030885950264381	0.0184501846119766	0.0133842678163205	-0.0025928703599191	6.7229767033470045e-06	0.0001791386249789	0.0015281737551212	0.0003857338886886	2.3353150258412296e-06	1.4879063288282926e-07	-0.0011575948585931	-0.0003537966838649	1.340025856641179e-06	1.251720935138707e-07	-0.0014306190129522	-3.557599870220008e-05	1.2656516836589415e-09	2.046670760220327e-06
761.8730901353662	-0.8651675373116632	580450.6054724117	0.7485148676179281	972.3567954410206	1.9607149470936065	945477.7376403308	3.844403103756284	776.631694392757	-0.4467607102952797	0.1995951322635429	603156.7887353648	799.4821822906541	698.3168646593607	1.059213	30.318176	0.1171914040351385	0.0640546078852137	-0.0326082606	0.1781174615	0.0062992052	-0.0336412374	0.0166948669	0.0257808926	-0.0218459819	0.0395954636	-0.1072591427	-0.0530425715	-0.0688844617	0.0556746932	0.0679059987	-0.0195622995	-0.1188969055	-0.00080107	0.0247084298	-0.007616806	0.0108451554	0.0332514522	-0.0024042674	-0.0071242692	0.0110300486	0.0052529248	-0.0134203405	-0.0601298941	0.0230784417	0.0114548867	-0.0330791213	-0.1600428647	0.02882181	-0.0252632977	-0.0322425953	-0.0286929211	-0.0865880179	-0.0413661893	0.020494799	-0.0435979044	0.0128780884	0.0264229417	-0.0514967975	-0.0140004007	-0.0212428389	0.0418163251	0.1079152419	-0.0421894987	-0.164083828	-0.064148083	0.0544472375	-0.0302189612	-0.0895832756	-0.0250562076	0.0834607885	-0.0495597444	0.0164765495	-0.0364563939	-0.0095025158	-0.0241800067	-0.0726540096	0.0587818466	-0.0077563177	0.0211099126	0.0524392305	-0.055652897	0.054866312	0.0009232981	0.0739155326	-0.0610407315	-0.0797898429	0.0558876751	-0.0496957915	-0.0154910079	0.0849790031	-0.0740655285	0.0023582285	0.0208503064	-0.0251295584	0.0018528884	-0.0285455795	0.1095627903	-0.0274760969	-0.026826367	0.0146707631	0.0282694723	-0.0415698888	-0.0273482265	0.0641178064	-0.0266669144	-0.0335753895	0.0347966496	-0.0103653347	0.0746592384	0.0111481474	-0.0936907389	0.0283774557	-0.1627981478	0.0135541512	0.0471182397	-0.0164533532	-0.1904589787	0.0025343177	-0.0581174825	0.0061303602	0.0571438934	0.0773187383	-0.1187463776	-0.1037611432	0.0276705449	0.0410667391	-0.0204323364	0.0170831731	0.0077757657	-0.0310630693	-0.0368056056	-0.0202413478	0.0189442125	-0.0259644763	0.0491749433	0.0692041035	0.018067005	-0.0254595257	0.0851181956	0.0441355011	0.0261635585	0.0225182438	0.0352007642	0.0451716131	-0.0126621485	0.1124796929	0.0867157966	0.0416680653	0.0444530358	0.0935255256	0.0252791571	0.0379324319	-0.0298275679	-0.0313498921	-0.0444089451	-0.0995497888	-0.0016737249	-0.0539655186	-0.0055682749	0.01147005	0.0232131002	0.0695463331	-0.0264943235	-0.0073187867	-0.0349965779	-0.0343287031	-0.0019284311	0.0106636908	0.0162496185	-0.0199867047	0.0124295231	0.0946605818	-0.1580728502	0.1019156334	-0.0232335104	0.0091286864	-0.1119268193	-0.1742599025	0.1227282234	0.0618411894	-0.0033489985	0.0802321031	0.0018718948	-0.0136335185	0.0667841285	-0.0994937288	0.0862806584	0.0521103622	0.072028997	-0.0216666169	-0.0038754549	-0.0531739595	-0.0885950874	-0.0177382089	-0.1094394981	0.1187559285	-0.1068656002	-0.0834506308	0.0537259674	0.0965281403	-0.0004323521	0.0230075901	-0.1060408679	0.0586739732	-0.0504138085	-0.0713756436	-0.0169043263	0.0188683812	-0.03336584	-0.0276417213	-0.1055785604	0.0236445892	-0.0423180377	-0.0283014102	-0.0311558708	-0.0107900848	0.0165734214	-0.0409102371	-0.0546193134	0.0898654396	-0.0259269352	-0.0666271694	0.0856447597	0.0470247933984637	-0.0076668883072699	5.878117631615192e-05	0.0022113311941681	-0.0907445349746325	0.0450869216618058	0.0020328305049378	0.0082345706277623	0.0549310204591932	0.0415467526428727	0.001726132655168	0.0030174170086883	0.0014128802626179	-0.0001152934925033	1.9962306364952257e-06	1.329258941360852e-08	-0.000991387947627	0.000166206910966	9.828500627000751e-07	2.7624737252893088e-08	-0.0012543025879578	0.0001763164249944	3.10874817228059e-08	1.5732749821576344e-06
760.787131330884	-1.0859588044821749	578797.0591986757	1.1793065250323544	973.1625976129012	0.8058021718806003	947045.4413926896	0.6493171402074925	775.930482583719	-0.701211809038	0.4916980011343445	602068.1138026031	799.1973611723888	675.4141720347634	1.082753	30.99197	0.1135425215599979	0.0562807865924684	0.0742955599	0.132067431	-0.0507735979	0.1033034605	0.1001370632	-0.0103084501	0.0389933561	-0.0097030471	0.0441020987	-0.0023407766	-0.0106176948	0.079493507	-0.0042936621	-0.0992869356	-0.0617415121	0.0401613474	0.0539222558	0.0947438701	0.0398322183	-0.0231908236	-0.0328540631	0.0032141426	-0.0667727055	-0.0063632768	0.013630047	0.0426304206	-0.0052570456	0.0884777341	-0.0914763786	-0.118069291	0.0234823711	-0.1750255846	0.1280361596	-0.0401672416	0.0655879375	0.0249329448	0.0528514842	0.036831649	0.0587585305	-0.002561974	0.0468725429	-0.0376968662	-0.0269898567	0.0378316424	0.0344136515	0.0439335849	0.0206303493	0.0723649598	0.0234939969	-0.0908523103	-0.1125172178	0.0333899267	0.0109554609	0.0481577765	-0.018513141	0.0112227262	0.0050614488	-0.0422437248	0.0397061083	-0.0216342173	-0.1296316446	0.1990766527	0.0114613504	0.0746402951	0.034519357	-0.0493481656	-0.0801037903	0.0013868681	-0.0363010651	-0.1127916482	0.0179163124	0.1166462513	-0.0542949034	-0.0059176651	-0.0483165117	0.1137089082	0.0147396535	-0.0209019087	-0.0430793842	0.0443260059	-0.0078813973	0.0369674455	-0.0519479322	-0.0151349659	-0.12315675	-0.0835950417	-0.0072287606	0.0659919825	0.0215357183	0.0905584158	0.0275864552	-0.0940166431	0.0251338376	-0.012827599	-0.010215134	-0.0322544835	-0.0243682455	-0.0872423065	0.1000197761	0.0004581591	-0.0422437825	0.079116934	0.0058842539	0.1116130256	0.0166549977	-0.113455474	-0.1029536473	0.1243898624	0.0250413705	0.0831362621	0.0274454983	-0.0423879036	0.1001188934	0.0557626703	-0.0050049606	-0.1163420619	-0.0150295141	-0.0673652088	-0.0193321239	-0.0441614357	0.0250642443	-0.0510514501	0.0975269484	0.0269199581	-0.159756467	0.1120386467	-0.0102808754	-0.0880253682	-0.0461120393	-0.0389654129	0.0692347884	-0.0070771715	0.0212324189	-0.0833093575	0.0248092201	0.0414523015	0.0921398795	0.0060395863	0.0833477459	0.130101282	-0.0700575967	-0.0099739884	-0.0181696764	-0.0391092882	0.0621054615	0.0220365431	-0.0118926607	-0.036383011	-0.0185573723	-0.100034116	-0.0772787305	-0.06166678	-0.062016392	0.0001638319	0.032214441	-0.0475702332	0.0321920181	-0.0874276012	-0.0077353851	-0.042251028	-0.1279326659	-0.0187302535	0.0373180991	0.0567978004	-0.0875345878	0.0326810756	-0.0049302763	-0.0179676544	0.1390791925	0.0104208637	-0.0307282929	-0.0146605877	-0.0426493475	-0.0945741657	-0.0458341437	0.0821860268	-0.0765649522	-0.0390843013	-0.0716317032	-0.1762001641	-0.0118276061	0.1158530337	0.0535658299	-0.0624534959	0.0043025648	0.0314692301	0.0347647442	-0.0734709905	-0.062190764	-0.0319258053	0.0371225904	-0.0614705695	0.0280057067	-0.1799682645	-0.0344296459	0.0790284062	-0.0672649549	-0.0874286876	0.0081718659	-0.0004524719	-0.0419749335	-0.0526859066	0.0904261954	-0.0304722578	-0.062403154	0.0878597406	0.0637168877299672	0.0166920943315034	0.0002786260131718	0.0040598417819932	-0.1250606941447216	-0.034316159170089	0.0011775987801868	0.0156401772199596	0.0145547192987578	-0.0403763011604354	0.0016302456953981	0.0002118398538656	0.0012418613479109	-0.0001710189147069	1.5422196074350775e-06	2.9247469187560075e-08	-0.0008948880781132	9.649986951379994e-05	8.008246723491367e-07	9.312224816180414e-09	-0.0014299431416964	-0.0001756405537386	3.084960411760204e-08	2.044737388484571e-06
762.1778761462318	1.39074481534783	580915.1148867807	1.9341711414168692	972.9145809737118	-0.248016639189359	946562.7818712532	0.0615122533147846	777.5503356062973	1.6198530225782406	2.623923814755862	604584.5244014655	799.5841911636281	672.7700645943877	1.0119	28.963923	0.0746400007383732	0.0383771821124065	0.0737782564	0.0388978109	-0.0849297292	0.1277844336	0.0617909625	0.021891542	-0.0135916406	-0.1035510144	-0.0975946743	-0.0877984015	0.0291423275	-0.0220437852	-0.0933506885	-0.0695222795	-0.1630740212	0.003780122	0.0394974277	0.0191638527	0.0273505685	0.0253408482	-0.063852436	0.1116015923	0.0705046936	-0.0294325995	0.0716381384	-0.0803151722	0.0079121386	0.0209718395	-0.060053757	-0.0723724464	0.0672447934	-0.104752275	0.1089531158	-0.0221350354	-0.0033716326	-0.1319778549	0.0141525482	0.0870738253	0.0195240559	-0.0486470876	-0.075214186	-0.0926302206	-0.0185718702	0.0107783446	-0.0276753318	-0.1139234564	0.0019218215	-0.0715516936	0.0405685078	-0.0042468358	0.0207285283	0.0426752099	-0.0312905712	-0.1105885165	0.0683221849	-0.0342771732	-0.0537652438	0.0136671095	0.0246110165	0.0972093845	0.0265461518	-0.0115995424	-0.017777672	0.0425073817	-0.0203890299	-0.043878319	0.0014080247	-0.081329602	0.0632635726	0.0208368294	0.1769795732	0.0350045809	0.062139709	0.0216876539	-0.0779588995	0.1047448604	-0.0368750386	0.0748821678	-0.0130028587	0.0299466308	-0.0699366305	-0.0349589577	0.0078755435	0.0443336273	0.0887006946	0.0122502407	-0.0270945911	-0.0284829713	-0.084970804	0.0222009836	-0.0465362079	-0.0107885488	-0.0287130835	0.0850914176	-0.1115672402	0.0553017018	0.0365918311	-0.0560605766	0.0149351741	0.113009809	0.0211170675	0.0140160117	0.0445560082	0.026865808	-0.0641224009	-0.1003768162	-0.1072065162	0.1272317151	0.0444383433	-0.012971663	-0.0199263677	0.0177577881	0.1160156457	-0.0667808276	0.0973893635	-0.0385479785	-0.0822677682	-0.1095439051	0.0029960587	0.0434722094	-0.0765173872	-0.0035402267	-0.0187893235	0.014286333	0.0358855765	0.0356043332	0.042501202	-0.003073096	-0.0056153956	0.0359682737	-0.0071748342	0.0183772931	0.0315434165	0.1375838616	-0.082452214	0.1109550882	-0.1438459442	0.0309601475	0.047465154	0.0572385632	-0.0246271924	0.0429323621	0.0054513546	-0.0188968479	-0.0131353697	0.050314271	0.0178776948	0.1181327276	0.0363638482	-0.0032490112	0.0122295869	0.0515527865	-0.0006139782	-0.0250847576	-0.0170047986	0.0077652888	-0.0140522209	0.0773055143	-0.0299506784	-0.0480931416	0.0086541328	-0.0501825158	-0.0123127003	-0.099828115	0.0244961807	0.0014319356	0.0920978442	0.0160350406	0.0730346359	0.0380200075	0.0002739789	-0.0527769806	0.1060823023	0.0323100175	0.0130301533	0.0430621607	-0.0926790363	0.0173480174	-0.0354400237	-0.045203772	0.0080559084	0.1275839575	0.0806635294	-0.0680990581	0.0681232877	0.013823846	-0.0531456055	-0.0476543285	-0.1399376051	0.068318598	-0.0063206246	-0.0563012607	0.0309434867	-0.017554884	0.0109767395	-0.0164079056	0.0529921326	0.0193190335	-0.0118289605	-0.1611826874	-0.0430324377	-0.0507163915	0.0908475206	-0.034934058	-0.0579119187	0.089533037	0.0672311612243845	0.0035142734944172	1.235011819356396e-05	0.0045200290395791	-0.0926709322341281	0.0323897619105934	0.0010490966766249	0.0085879016811423	0.0301085235812053	0.0155538042824475	0.0002419208276566	0.0009065231922399	0.0014449936867171	0.0002031323388061	2.088006754652276e-06	4.1262747068876774e-08	-0.0008124056881759	8.248238993729994e-05	6.600030021805577e-07	6.8033446497687985e-09	-0.0012519146494216	0.0001780284922747	3.1694144061638494e-08	1.5672902894364075e-06
764.6783950370171	2.5005188907853158	584733.0478363885	6.252594723174224	976.4063179709694	3.49173699725759	953369.297773626	12.19222725801745	778.7725039187136	1.2221683124163292	1.493695383874578	606486.6128598228	801.2314070666498	670.0905552882986	1.030468	29.495394	0.1018244301338547	0.0475435625731348	0.0554843211	-0.0565087358	-0.0867698432	0.1272964277	-0.0462633228	0.0548845115	0.0009992701	-0.009231034	-0.0605119678	0.0348068918	0.0796508432	0.0042156231	-0.1149566067	-0.05207047	0.0293532797	-0.0007739039	0.0992020575	-0.0537171044	0.0477451518	-0.0153312314	0.1112390281	0.0046273722	0.0376772641	-0.0214491597	0.0270080371	-0.1044244303	-0.0601880149	0.0370347648	0.0530209327	0.0162514212	0.0442081042	-0.0643839046	0.0771315434	0.0357269724	0.027110886	-0.0203806406	0.1280610089	0.0920025148	-0.0734404704	0.0406895506	-0.0093151238	-0.0428393819	0.088706824	-0.1208308796	-0.0485147482	-0.0594267317	-0.0289710634	-0.0031880914	-0.092897802	-0.0014093438	-0.0263700681	-0.0065323022	0.0055579354	0.046137628	0.0508875074	-0.1079636874	0.0215387546	0.0992805645	0.1038615647	-0.0895156125	-0.0224309769	0.0699229547	-0.0217099718	0.0253080214	0.0133788814	0.0006454729	-0.1848689319	0.0573860762	-0.0461932359	0.044525458	-0.0438523684	-0.0164341351	0.0508587443	-0.0171557879	-0.0255617417	-0.0834370526	-0.0842851686	0.085738754	0.0022433376	-0.0517437082	0.0298605444	0.0285966613	-0.0641234166	-0.1116198187	-0.0065096581	0.1000237962	-0.1386407162	0.0266455333	-0.0457553952	0.0156086945	0.0891868728	0.0848476773	-0.0740381627	-0.1630842919	0.007263323	0.0457336752	0.1162734591	0.0599933908	-0.0564012981	-0.0172585776	0.0577229733	-0.0415586009	0.0545753255	-0.0353687563	-0.0839202456	0.0048110176	0.0484534831	0.1702965492	-0.0043395872	0.0221575522	-0.0346387546	0.0358644188	-0.0195454109	0.0128375273	0.0807620095	0.0069320421	0.0774661615	-0.058417522	0.0297040331	-0.0351574472	-0.08732697	-0.0477568252	0.1093101175	0.0391535055	-0.0028200981	-0.0719736083	0.0223229819	0.036083562	-0.0873966185	0.1109854608	-0.0894452528	-0.0557239875	-0.0239616637	-0.0088812645	-0.0956035545	-0.0213164366	0.0030224303	-0.0525087038	0.0097432337	0.0869627995	0.0023579517	0.0865232321	0.0515014382	0.0259272994	-0.0424415175	0.0151828118	-0.0311666786	0.1026126347	0.0693895011	-0.0542949732	-0.061794077	-0.0207488834	0.1474365666	0.0432716014	-0.0321439489	0.0590561383	0.0414195026	-0.0898571345	-0.0554655193	0.076726119	0.0056110173	0.0598331392	-0.0423615663	0.1808241892	0.036522976	0.0412850869	-0.0701176132	-0.0132513625	0.0252542464	0.0442677698	0.0839513662	-0.0107817063	0.0126483646	0.0931649644	0.0298631478	0.0693456776	-0.0522662588	0.0232159368	-0.0765711759	0.0152516545	0.0511083384	0.0584904043	-0.0724878302	-0.0602178081	0.0569566876	-0.0393417177	-0.0751025899	0.103275785	0.0209890005	0.0808964479	0.0347242974	0.0198288025	-0.0582285145	0.0316290224	0.0512224543	-0.0675558013	-0.0281249522	-0.0338540806	-0.0633046891	0.0013735577	-0.0440825686	-0.0487121179	0.0911287655	-0.0393001065	-0.0531726956	0.0906543325	0.0498872852046332	-0.0173438760197512	0.0003008100353885	0.0024887412250884	-0.1252169313686693	-0.0325459991345411	0.0010592420596655	0.015679279901386	0.0153969031540981	-0.0147116204271072	0.0002164317755912	0.0002370646267366	0.0017942025689125	0.0003492088821954	3.2191628582922143e-06	1.2194684340416078e-07	-0.0005210317958836	0.0002913738922923	2.7147413232168944e-07	8.489874510956485e-08	-0.0011480387328602	0.0001038759165614	1.0790206041470964e-08	1.3179929321472534e-06
766.0769891269242	1.3985940899070783	586873.9532697735	1.9560654283230088	973.7255935885688	-2.6807243824006264	948141.5316094108	7.18628321439722	779.8224516172667	1.0499476985530691	1.1023901696968863	608123.0560463642	802.2636385492984	677.3279067949939	1.022502	29.267397	0.0984882580027878	0.050073778649568	0.037983327	-0.0963058057	-0.0549916284	0.0210647614	-0.0226815225	0.029452356	-0.1565105632	0.0021323031	-0.0625404675	-0.1238584327	0.0732566084	-0.074155585	-0.1221750086	0.1098530942	0.016295621	0.0680216935	0.0485502317	-0.0551075589	0.0742815877	0.0032704134	0.0550954964	0.0386663636	0.0879059956	0.0504485933	0.0569868436	0.0161096453	0.1107182514	-0.0157003268	-0.0223775333	0.0857134059	-0.024283538	0.0232861017	-0.0187233757	0.2127294112	-0.0399905522	0.0093960148	0.0687639934	-0.0709920381	0.0581257811	0.0302583472	-0.0342511211	0.0289026041	-0.0086208523	0.0335415752	0.0554189222	-0.0150608732	0.0062796113	-0.0600361854	-0.1593392015	0.0173158938	-0.043285366	0.049919355	-0.0869698816	0.1069820104	0.1471991492	-0.0241714501	0.1077603435	-0.0563908449	0.0286405326	0.0284950168	0.0079190922	0.063808932	0.0019918331	-0.0073142261	0.0184466061	0.0331392552	-0.0234325242	-0.0154657307	-0.0756647852	-0.0563931678	0.1446163657	-0.0149284894	-0.0525326423	0.0429258187	-0.0054945845	-0.0035125648	0.0264040972	-0.0171085489	-0.1223408376	-0.0467102655	-0.0537815829	0.0123943585	-0.0271509611	0.0189040408	-0.0673026362	-0.0132555241	-0.0272879463	-0.1086211208	0.1223294791	-0.0561892068	0.0487785275	0.0195879956	0.0016649918	0.0188976123	-0.0369632133	-0.0359181636	-0.0551711928	0.1079492162	0.2168936124	-0.058735694	0.0617105648	-0.0695022765	0.0168105987	-0.0315576668	-0.1417221428	0.1210380603	-0.039129829	0.0454815263	0.0525608225	-0.0221154219	-0.005596548	-0.0072064187	-0.098774423	0.033494672	-0.1315538976	0.1773097679	-0.0330138149	-0.0054985141	-0.0350737568	0.0230159962	0.0367775622	0.0012681877	0.0834655241	-0.0340888891	0.0412123813	-0.0004559422	0.0672420236	-0.0801704753	0.0008479275	0.0793813332	-0.0422519883	0.0578994561	0.0250274077	-0.0543980927	-0.0293729289	-0.0245721708	-0.0856959876	0.0790750692	0.0048595353	-0.0176218577	-0.0455540165	0.0961166265	-0.1162461192	-0.0760348136	-0.0690033828	-0.0208087428	0.0483521502	0.0199142459	-0.0967804608	-0.0887034873	-0.0769150653	-0.0415555602	0.0085830983	-0.0086056827	-0.0772039226	0.05521343	-0.0405500394	-0.0630615272	0.0499928045	0.0835818299	-0.0480219404	0.0819077133	0.041629429	0.030523071	0.0206180743	-0.0788609588	0.0662679937	-0.0989646488	-0.1010801418	-0.0898059047	-0.0097169598	-0.1158037444	0.073604266	0.0411893787	0.005334979	0.0345990288	0.0085890666	0.0450163009	-0.0392854661	0.1165999144	0.023473936	0.0702418646	-0.0340617641	-0.0199323242	0.1538127223	-0.033892406	-0.0303735732	0.1068380407	-0.0018976007	-0.0089626071	0.0190944324	-0.0717894044	0.0046158386	0.0980367208	0.0717464626	-0.0577049356	-0.0263780898	-0.0452148728	0.1049162395	0.0022216079	-0.0451251461	-0.0466744595	0.0912694965	-0.0435584361	-0.0482057789	0.0912167139	0.0386884489365968	-0.0111988362680364	0.0001254139337582	0.0014967960811196	-0.0945045161247151	0.0307124152439541	0.000943252450117	0.0089311035679665	0.0146429367341909	-0.0007539664199072	5.684653623476818e-07	0.0002144155962015	0.001265876875306	-0.0005283256936065	1.6024442634344822e-06	2.791280385247893e-07	-0.0009688164757473	-0.0004477846798636	9.386053636794188e-07	2.0051111952063626e-07	-0.0012883891608078	-0.0001403504279476	1.969824262507449e-08	1.6599466296870272e-06
767.9267328318914	1.8497437049671817	589711.4669978631	3.421551774065716	975.349235426296	1.6236418377271775	951306.13104666	2.636212817218086	780.2321895335888	0.4097379163221148	0.1678851600719884	608762.269584378	802.6545663520176	680.2023218279182	1.005163	28.771082	0.0854901969555547	0.0464720138109886	0.0316062737	-0.0833895355	-0.0896424122	-0.0173992546	0.081325434	-0.0535192021	-0.0790543054	0.1125581609	0.0432201538	-0.0211132287	0.0871941464	-0.0046354509	-0.0682414042	0.0504804433	0.0542377982	0.0311631308	0.0386204522	-0.0427701349	-0.0282484553	-0.068367812	0.0795616712	-0.0040102489	-0.0325926671	0.0609769612	0.0954394298	-0.0092971318	-0.0275896821	0.0198140944	-0.0538011426	0.0718039876	0.0943149276	0.0265505353	-0.0405627108	0.0384582521	-0.0437909784	0.1231147459	-0.0257638416	-0.0441117586	-0.0452457359	0.131134414	0.0367915822	-0.0433516995	0.0525989063	0.1086317726	0.0809725572	-0.1258125007	0.054271659	-0.0364315391	0.0766467896	0.0609503261	-0.0426150226	0.1597956725	0.0083844137	0.0458797725	-0.0663310367	-0.0737873366	0.0457642466	0.1117358328	-0.0715451358	0.0605823595	0.1298755177	-0.025744546	-0.013785032	-0.0423321671	0.0310489864	-0.0931386498	0.0305973518	-0.0536388651	-0.0274594461	-0.0458957427	-0.0873184291	0.0012048663	-0.0444532824	-0.1392042614	-0.0228196907	-0.0220406372	-0.025274485	0.0501343483	0.0061360504	0.0055432428	-0.0805435647	0.1287763427	0.0334574292	0.0703378356	-0.0643849741	-0.1642903991	-0.0154111615	-0.0255628951	0.0145176514	0.0049788106	-0.0155085696	-0.09610715	-0.0111648925	-0.0808682416	0.1060146021	0.0607342689	-0.0777303782	0.0683125005	-0.099689886	0.0192399623	-0.0039828455	0.1000507074	0.022884061	0.0107063823	-0.1279354797	0.0446796645	-0.0058350643	-0.0255571037	-0.0863524361	0.0644129029	0.0738042609	0.0571773313	-0.0295352162	0.0549036933	-0.0467233424	0.0608780515	0.0428784677	0.0310194959	0.094751592	0.0591608338	-0.0735496139	0.0720789051	-0.0971020516	0.0659694892	0.0683766452	0.0163821165	0.0172378544	-0.1221225282	-0.0483442834	0.0665501409	0.0431296837	-0.0821021127	0.0219345594	0.0615932339	0.150060242	-0.0376835143	-0.0744736132	0.053877235	-0.0483115282	0.0157241154	-0.0053039291	0.025214907	0.0103563704	-0.0761368615	-0.1072469102	-0.0470806391	-0.0337309141	0.0027683102	0.02629777	-0.0027761819	0.0779616381	-0.026866935	-0.0621450924	-0.0394112191	0.0628787265	0.0044526688	0.0372371033	-0.0308977732	-0.0004173767	-0.0424223773	-0.0474750363	0.047209496	0.1416967602	0.0456025202	-0.0555839216	-0.0096903255	-0.0848689369	0.0092603559	0.0073848654	-0.0114373641	-0.0811227218	-0.0304634713	-0.0060777011	-0.0118327125	-0.0487699316	0.0706854728	0.0118379446	0.0082886865	-0.1325922112	0.0415884308	0.0420345616	0.0534313769	-0.0481954414	0.0899016139	0.1493805117	0.0061264413	0.0297031593	-0.0171701682	0.0059351711	-0.0231995169	0.0610804339	0.0028523487	0.0049857292	0.0595015666	0.1451724987	0.0876454349	-0.0091286454	-0.0793484222	0.0332788798	0.0107040991	-0.0461599916	-0.0446048127	0.0912694965	-0.047697375	-0.0430324377	0.0912167139	0.0359962710364669	-0.0026921779001298	7.247821845947828e-06	0.0012957315285307	-0.125051773866673	-0.0305472577419578	0.0009331349555536	0.0156379461472015	-0.007025764749386	-0.0216687014835769	0.0004695326239843	4.936137031371492e-05	0.0015732292191697	0.0003073523438637	2.475050176049304e-06	9.446546327851009e-08	-0.0009697535318173	-9.370560699999966e-07	9.404219124721272e-07	8.780740783238385e-13	-0.0015917409574719	-0.0003033517966641	9.202231253933749e-08	2.533639275693561e-06
767.8431326008891	-0.0836002310022649	589583.0762823466	0.006988998623632	970.730509671298	-4.618725754997968	942317.722406698	21.332627599881548	781.161932753371	0.9297432197822671	0.8644224547310974	610213.9651829822	802.1023811352197	692.9542359090054	1.061236	30.376101	0.0949301740175487	0.0578564280239194	-0.0042515627	-0.0876532651	-0.048581842	-0.1106773743	0.1412179968	0.0015138177	-0.1059777819	-0.0112315674	0.0220184853	0.0019996087	0.1128541014	-0.0629317453	-0.0383385707	0.04627654	0.0420073367	-0.0684662242	-0.0283357381	0.0090186196	-0.0839553753	0.0406654148	-0.0117504471	-0.0652755281	0.0549776294	0.0925320438	0.0532547316	0.0921210119	0.0606469679	0.0110382297	-0.0879143035	0.0304253719	0.1053670237	0.1360020489	-0.0812764346	0.0822426347	0.0295283607	0.0255632113	0.0994982291	0.028706592	0.1951026278	-0.0063870243	0.0368645396	0.0530472275	0.0038926425	0.0679565562	-0.041789457	0.1046548558	0.0208898139	-0.0978895715	-0.0338675729	-0.1215706568	0.0066001134	0.0771172564	-0.0043921968	-0.0235610052	0.0090501723	0.0801858395	-0.1465649352	0.010300768	-0.0290228678	-0.0180709645	0.0651217022	0.0132158671	0.0339724622	-0.02404707	0.0319256316	0.077324082	0.0141623172	0.0429697344	0.0401797814	0.0473740406	-0.0154278675	0.029299938	0.0433160336	0.0779377126	-0.0025507721	0.0312638369	-0.0062943549	0.0465821304	-0.0663020537	0.0001748598	-0.0961338292	0.0198108671	0.0039342724	-0.1076243296	-0.0660976249	-0.0597837982	0.0115573428	-0.0328731194	0.0697010551	0.0456227586	0.0313563831	0.1053652142	-0.0960515708	-0.0186079976	-0.1420704397	0.0435748005	0.0476185134	0.0225285735	0.1164883082	0.0470187494	-0.1091954354	-0.111411446	0.0660531824	-0.0062334428	-0.1177002141	0.0307597027	-0.0510186595	-0.1668895897	-0.0021238637	0.0052159039	0.0952379233	0.0374579893	-0.0467625225	0.0383657551	-0.0066841331	0.1306088375	-0.0221316243	-0.0187975017	0.0117720406	0.0592589399	-0.0249896214	-0.0756405947	0.0472327883	0.0490613435	-0.1967279654	-0.0028876997	-0.0165339667	-0.0167321185	0.0962666376	-0.0350586404	0.1199411354	-0.0274216029	0.0348012295	0.0168255784	-0.0481878712	-0.0791773154	-0.0656486049	-0.0413631758	0.0776807368	0.0748276774	0.1466226148	0.0231534799	-0.0397755508	-0.0583786655	0.0275088499	0.0195923069	0.1529133279	-0.0999184178	0.0345885954	-0.0111936182	0.0049600406	0.0003358194	-0.0226431585	-0.0001755173	0.0045789096	-0.0701820027	-0.0113460131	-0.0391645651	0.0182804613	-0.045842325	0.0317122175	0.1530460161	0.0319065419	0.0934074218	-0.0066705221	-0.089680115	0.0078477695	-0.0168718772	0.0307751367	-0.0457209525	-0.0408470923	0.0022288497	-0.0305629361	-0.028590104	0.011245471	0.0540624848	-0.031137951	-0.0445206267	0.0211657695	0.1252618608	0.1007983223	0.0057705343	0.0954715742	0.0677258618	0.0886185529	0.0305018555	0.024046167	-0.0068582125	0.0146361633	-0.0503450554	-0.0950905562	0.0243141391	0.0157239202	0.0722914801	0.1086203281	-0.07230161	0.0764272868	-0.0390155871	0.0201835915	0.106855765	-0.0471869279	-0.042504596	0.0911287655	-0.0517055788	-0.037674825	0.0906543325	0.0366137157084125	0.0006174446719455	3.812379229140073e-07	0.0013405641779764	-0.1158104365740939	0.009241337292579	8.540231495521299e-05	0.0134120572194822	0.0373967265534531	0.0444224913028391	0.0019733577335508	0.0013985151569137	0.001163410943497	-0.0004098182756726	1.3535250234485798e-06	1.6795101907534505e-07	-0.001354439102158	-0.0003846855703406	1.834505281454569e-06	1.4798298802834966e-07	-0.0016102151264622	-1.847416899029993e-05	3.4129491988215945e-10	2.5927927534876782e-06
766.5355324526026	-1.3076001482864967	587576.722512395	1.7098181477988683	971.7291240258652	0.9986143545671666	944257.4904800752	0.9972306291475987	779.6298944055139	-1.5320383478571102	2.347141499304744	607822.7722507528	802.1105985666198	693.7802058211805	1.028339	29.434458	0.0962370273104226	0.0534194043194976	-0.0048472422	-0.0317326327	-0.0055079037	-0.1291322782	0.149400985	-0.109639097	0.0394486557	0.0680321424	-0.0053455956	-0.1016371292	0.0244133747	-0.0677659189	0.069917976	0.0152480258	0.0693741962	0.0787281478	-0.0422512284	0.0909018162	-0.0936822061	0.1096961875	-0.0155982154	0.0777825284	-0.0496355723	0.007761385	0.0378649197	-0.0574689358	-0.0225668935	0.065459214	-0.0746844332	-0.0163645358	0.0990628199	0.1712252544	-0.0720601734	-0.0988216301	0.1089375319	-0.0293357866	-0.0578851806	0.1287187423	-0.0109490893	0.0681238402	0.0474635351	0.0844097819	-0.0919408192	-0.0834517562	-0.0141551767	-0.0433966624	-0.0916602865	-0.0154514341	-0.0705851132	0.0610198175	-0.1066517695	0.0397144621	0.0093851087	0.0130111988	-0.0093945965	0.0032087918	0.0525747436	-0.1320760161	-0.0417031166	0.0816951171	-0.0403350945	-0.0891125468	0.0776409039	-0.0081472134	-0.0001565482	0.0047464109	-0.0415851752	0.0028562496	-0.0138106847	0.0193603923	0.0467160018	0.0123404378	-0.059113538	0.1051339637	0.0829350311	0.0172415148	-0.0911595487	0.0630574775	-0.0454081045	0.0028380173	0.1689111584	0.0554029971	0.0363286323	0.0057196245	0.0805072564	0.0279667444	-0.0672576405	0.0728900322	0.1258498747	-0.0321124514	-0.1348915295	-0.0868843068	-0.0222492256	0.0440093603	0.0351758642	0.0488501003	0.0409755514	0.0561443118	-0.0543359823	-0.0105816054	-0.0405333017	0.040978592	0.0106038297	0.0328675311	-0.0176492041	0.0896007431	-0.132209808	-0.1613209922	-0.1003477181	0.0600840039	0.0888270378	0.0126226222	0.128986495	-0.0871970418	0.1000058428	0.0198596078	-0.0144784264	0.0584962659	-0.1161443655	-0.0919839084	-0.0931012394	0.0449063769	0.0102310173	0.0317221824	0.0605997387	0.0093836922	0.1152014684	0.097951685	0.0303385695	-0.0538947262	-0.0690212629	0.0263917668	-0.013790518	0.0692248931	0.0890561285	-0.0268328515	-0.0291934048	0.0128614027	-0.0783503077	-0.015885265	-0.0684058921	0.0110215295	-0.0364367562	0.0931595691	0.0624476906	-0.0627052168	0.0474321926	-0.035614322	0.0125363195	0.064185168	-0.0183844545	0.0442928144	-0.0925352521	0.0622290201	0.0577961737	0.1287737824	-0.0588870261	0.0090886263	-0.0716030422	0.0602600817	-0.0003257851	0.0239854605	-0.059698539	0.0260717048	0.0034474217	0.0147098594	0.059814484	-0.0471526645	0.015518276	0.0066467149	0.0533602325	0.1211466791	-0.1467051409	-0.0198612889	0.0323456679	0.0070035587	0.0367966628	-0.0499184415	-0.0994453589	0.0163803434	0.0250091688	0.0299944005	0.1429408992	0.0814026827	0.0119749363	0.0149492084	0.1558392753	-0.0446188881	0.0210439044	-0.0187169728	-0.055682839	0.0795858859	0.0262230601	-0.0577745971	0.0155567314	0.0549581843	-0.0349605696	-0.0872469614	-0.0495298589	-0.0308065919	-0.0482057789	-0.0403752488	0.0908475206	-0.0555720611	-0.0321558829	0.089533037	0.0523327354153195	0.015719019706907	0.0002470875805461	0.0027387151960498	-0.111054570771742	0.0047558658023519	2.261825952998033e-05	0.0123331176892958	-0.0069400762827456	-0.0443368028361987	0.0019657520857359	4.816465881032799e-05	0.0010617894964208	-0.0001016214470762	1.127396934709536e-06	1.0326918505860948e-08	-0.000968781002365	0.000385658099793	9.38536630543334e-07	1.4873216993594757e-07	-0.0014689878940321	0.00014122723243	1.994513117986548e-08	2.1579254328128645e-06
765.8627245437257	-0.6728079088769618	586545.7128455386	0.4526704822473902	973.5380347425288	1.808910716663604	947776.3050903452	3.2721579808604337	778.2743871419638	-1.35550726355018	1.8373999415372972	605711.0216811993	800.9930608659411	694.4408822316286	1.076841	30.822744	0.0905669704050919	0.0471939601936495	-0.0645813739	-0.0255855505	0.0284399834	-0.0827116504	0.0075605161	0.0378056082	0.0655011806	-0.1093244043	-0.0091750611	0.0196271429	-0.0278934965	-0.0803256839	0.0692868465	-0.0403002523	0.0097425816	0.0068207954	-0.1319853467	-0.0306086672	-0.0309836916	0.037402418	-0.0340847577	0.0232113341	-0.0077002765	-0.0573390395	-0.0019593638	-0.0611738531	-0.0207178055	0.0009042975	-0.0193048076	-0.0349438661	-0.0176840674	-0.0420988394	-0.0053757682	-0.0639550452	0.0699248355	-0.0186521299	-0.1919584327	-0.0343129562	-0.1057290449	-0.1449092634	-0.0996054099	-0.0114277313	-0.0464009897	0.0548988155	0.0256699954	-0.0211938112	-0.0348902816	0.0209807339	-0.0399317277	-0.0245648118	-0.0167449332	-0.0121491755	-0.0570111045	0.1504024372	-0.0503294396	-0.021866215	-0.0419346952	0.037742771	0.114902123	0.0036899448	-0.0780988101	0.006902049	-0.0078866767	-0.0862700781	-0.0327614859	0.0309243109	-0.0446862	-0.0251150718	0.1738107919	0.1147710129	0.0130473874	-0.0004574012	-0.019581074	-0.1154598823	0.0385253414	-0.0079765468	-0.0793860472	-0.0138493813	-0.0189405335	-0.0548492694	0.0867349272	-0.0960449986	-0.0829727575	-0.0201132049	-0.077005366	-0.0501147768	-0.0334610408	-0.0143708468	0.0863533106	-0.0117818295	0.0191620329	0.0510539153	0.0108723538	0.0939012299	-0.0038785099	-0.1822550686	-0.1054475136	-0.057603628	-0.0514466039	0.0307169378	0.0840045186	-0.0707070878	0.0138604365	-0.0282277335	-0.0016713963	-0.0235435865	-0.0715859518	-0.0974177368	0.0424227011	-0.000958329	-0.0428290524	-0.0014254613	0.1383518066	-0.0137444086	-0.0307795065	-0.115209945	0.0192602876	0.0699485894	-0.1060429323	-0.0264814584	0.0971449868	0.1142091422	-0.0387255615	-0.1558776479	-0.016926557	-0.0373191303	0.0411628928	-0.0196918072	0.0007970923	0.1178055298	0.0518693911	-0.0082310528	-0.0877751117	0.0507934406	0.0170882099	0.1290540292	0.1167875708	-0.0037072554	-0.0863334421	-0.0169356466	0.0739889799	-0.0098629506	0.002397005	-0.0091876733	0.0758331509	0.0334390141	-0.0745397068	0.1092868558	-0.038624343	0.0394049028	-0.0483404844	0.0908557222	0.0564262823	-0.0727314185	-0.056926883	-0.0022650964	-0.1091111875	-0.0625193895	0.1013120364	0.0435092222	-0.0705183362	0.0894953574	0.0425255475	0.0198929539	-0.0069500502	0.0070598881	-0.0042471797	0.0287030915	-0.0865557384	0.0026906003	0.100516066	0.007761505	-0.0158882634	0.0629072554	0.029636364	-0.007280274	-0.0009627945	-0.0799722365	-0.0102355149	0.0097433025	0.086462855	-0.0887363781	0.0637359406	-0.0446353834	-0.1055715395	0.0178333205	-0.0694659245	-0.0056190874	-0.0543747142	-0.0211288146	-0.04951238	0.0267182333	0.0724268572	0.0300778972	-0.0012463111	0.0737224335	-0.0187450277	0.0184221549	0.0336442307	0.0377839757	-0.0492163702	-0.0382182304	0.0904261954	-0.0592862243	-0.0264992443	0.0878597406	0.0638027788869806	0.0114700434716611	0.0001315618972417	0.0040707945937009	-0.1069324912504754	0.0041220795212666	1.699153957964548e-05	0.0114345576850329	0.0193614374525736	0.0263015137353192	0.0006917696247691	0.0003748652602299	0.0018727871070664	0.0008109976106456	3.5073315483941354e-06	6.577171244728722e-07	-0.0009099729666759	5.880803568909993e-05	8.280508000809387e-07	3.4583850616104516e-09	-0.0015726489212343	-0.0001036610272022	1.0745608560615254e-08	2.473224629459408e-06
766.2987904391645	0.4360658954387872	587213.8362285265	0.1901534651648313	978.9996473138982	5.461612571369415	958440.3094407372	29.829211879740427	779.6730701801655	1.3986830382017388	1.9563142413532464	607890.0963641653	803.3117480636446	709.157777321575	1.086291	31.093233	0.0908352358153905	0.0441099354658356	-0.1035636443	0.0883610795	0.0215211837	-0.0478938602	-0.0450780685	-0.0838719467	-0.0614903984	0.0992465498	-0.0241367443	-0.0405725507	-0.0599157274	-0.0083282294	0.0758298404	-0.0187921964	0.0131653856	0.1081968275	0.0088085249	-0.0279135922	-0.0455545103	-0.04759556	0.0895470238	-0.020269747	0.0458875325	-0.0045542252	0.0187043844	0.0219827887	0.0154719759	0.0249136289	0.0148020072	-0.0435059533	-0.0286512784	0.0351110359	-0.0023598058	0.0388458622	-0.0951019231	0.0910147793	-0.030212841	-0.0201469867	-0.0846525059	0.0600848226	0.0227287616	-0.0499279173	-0.0928836918	-0.0311928007	-0.1440578113	0.0918118499	0.0529535006	0.0495981318	0.0030065667	0.0117321323	-0.066232739	-0.0580477827	-0.0203977729	0.0830314918	-0.054249451	-0.0636016356	-0.0337965604	0.018387639	0.0822545503	0.0454543659	0.0830323704	0.0191001027	0.0050844091	0.0453990018	-0.0094729887	-0.0550546059	0.1007114027	-0.0507492108	-0.0587359272	0.0198698748	0.05398644	0.0666264797	-0.0275675864	-0.0511376304	-0.0270657818	0.0110216708	-0.0333325684	-0.0247694955	0.0088912778	-0.0575907838	-0.0770161247	-0.0633181678	0.0318631449	-0.0426502683	0.0055094479	0.0635864623	-0.0370580482	0.0379455561	-0.112624367	0.0617748744	-0.0577746574	-0.0068029361	-0.1126129245	-0.0837699953	0.0270580979	-0.0254292137	-0.070099538	-0.0243119713	0.0232061173	0.0372664479	-0.0510281069	-0.0505567447	-0.0318978945	0.0080908493	0.0881316793	0.0216872853	-0.0963220015	-0.0238165975	-0.0331312884	-0.0098284591	-0.0239684206	-0.0479192941	-0.1107225258	0.0490960907	-0.0352778503	-0.0267556259	0.0463858703	0.0706820619	0.0190960203	-0.0670780698	0.0414166948	-0.0092929449	-0.0356862186	-0.0598932013	0.0896337017	0.0884444821	0.0271369788	-0.0149475812	-0.0208353491	0.0434183672	-0.0599959177	0.0123018026	-0.0518956709	0.0613390703	-0.0551923796	-0.0256016235	-0.0619850617	0.0096357522	-0.0321384892	0.0849201077	0.0087597164	-0.0471635394	-0.0941498364	-0.0833357447	0.0810129691	0.1572279538	0.0313339664	-0.0547141949	0.0849774765	-0.0286714024	-0.0672570432	0.0021571823	0.0325216102	-0.0014099808	-0.0121138785	0.0033154439	0.0120883262	0.0136665829	-0.0259257615	0.0007126021	0.078612642	0.0507711082	0.0732912791	-0.0095095529	-0.0288770062	0.0107824375	0.0043398768	-0.1181344632	0.0542713926	0.0056295818	-0.0529614901	-0.0091719681	0.0424870228	0.0362120527	-0.0442298421	-0.0024180269	0.1099809702	-0.0521868852	0.0138527138	-0.0265402295	-0.0603252077	-0.0281617696	0.0339262362	0.0473545036	0.0671003183	-0.0244418208	-0.0502346157	0.0047617661	0.0370435536	0.0769096741	-0.090971147	-0.0232598548	-0.0451589832	0.0781148427	0.0501729282	-0.0372577417	-0.0345858775	-0.0152480924	-0.0443428619	-0.0566152975	-0.0502185284	-0.0360350191	0.0898654396	-0.0628378881	-0.0207291319	0.0856447597	0.0397492340994318	-0.0240535447875488	0.0005785730168466	0.0015800016114914	-0.080422626320896	0.0265098649295793	0.0007027729385845	0.0064677988243504	0.0032353920515362	-0.0161260454010374	0.0002600493402763	1.046776172714362e-05	0.001481223651993	-0.0003915634550733	2.19402350722348e-06	1.5332193934901846e-07	-0.0009696905710911	-5.97176044152e-05	9.402998036629836e-07	3.5661922770903143e-09	-0.0016042834756902	-3.163455445590003e-05	1.0007450356233046e-09	2.5737254703726287e-06
766.0947960518823	-0.2039943872821368	586901.2365377751	0.0416137100426144	970.9311519969592	-8.068495316938993	942707.3019181424	65.10061667946646	779.3814617764126	-0.291608403752889	0.0850354611393079	607435.4629607378	801.5381436266388	690.775222664852	1.051626	30.101007	0.0929846764237146	0.0543597337264483	-0.0485768422	0.0331132223	-0.0076530623	0.0359122561	0.0519917587	0.0340384358	-0.0258336338	0.0889057123	0.0703631433	-0.1271992986	-0.0122437808	0.0350336633	0.0393562537	-0.0703166608	-0.0448346607	0.0131570413	-0.0792670098	0.056531743	0.0096754257	-0.0928640928	-0.0372370462	0.0612896274	-0.0325683208	0.0064925832	-0.0152569647	0.0040124852	0.0946116747	-0.0600006968	0.0300672688	-0.0280020716	-0.0161249651	0.0507831556	0.0633523614	-1.2745e-05	-0.0098342334	-0.0113139821	-0.0634176219	-0.0492844533	0.0616525418	0.0352624922	-0.0053150359	-0.146231503	0.0002167334	-0.1579617428	-0.0257924623	-0.0302605417	0.1407737488	0.0646618729	0.0604465403	0.028671806	0.0108647017	-0.0858172361	0.0060994908	0.0059023148	0.0355249931	0.110297874	0.1314956015	-0.0080980221	0.0495861752	0.0136674655	-0.028912034	-0.0943070944	-0.0657588956	-0.0506735418	-0.0966048408	0.1263089125	-0.048303064	0.0039109904	0.0438967567	-0.0324738278	0.0052207161	-0.0394693443	0.0233311646	-0.0295486796	-0.0175911006	0.0266872616	0.0256732296	-0.0087369914	0.013145527	0.0179772527	0.0101537222	-0.0177035957	0.0009881697	-0.0365687903	0.0540851672	0.1302384792	0.0636059308	-0.1673645882	0.0025175955	-0.0481127201	-0.03617629	-0.1018387156	-0.1265187337	0.052333484	-0.069488391	-0.0131276157	-0.0313109534	-0.0022049984	-0.0631080554	0.056131945	0.0148227909	0.0413587109	0.0150860832	0.0039669997	0.0414689738	-0.0469265532	-0.0113216401	-0.0095000556	-0.0621502977	-0.0928494521	-0.1140158581	0.0255024387	-0.0062310659	-0.0170160885	-0.0712798193	-0.1156274767	-0.05798405	-0.0878331084	0.0538170997	0.0209963907	-0.0560003095	-0.0745939013	0.0130062205	-0.0972107778	0.0960301928	0.0319050906	-0.0682114133	0.0664391299	-0.0265971289	-0.0988559325	-0.0298708304	-0.0681233608	-0.0053120034	0.0278035767	-0.0071616414	0.0292471408	0.0709614014	-0.0279522008	0.0294209245	-0.0683714221	0.0414853579	0.0376961742	-0.0365603307	0.0063659368	-0.1845063896	-0.0195689918	-0.0484485028	-0.0847539634	-0.0325774707	0.0548625333	0.0161362235	0.0502588034	0.0312606949	0.0699405435	-0.0645855502	0.0053098908	-0.0460328065	0.0279629109	0.0612381218	0.0271428317	0.0363993059	-0.0081547273	-0.0380274796	-0.0277254715	-0.0935573381	-0.0606415439	0.0250903341	-0.0205805147	0.0495999573	-0.0025386083	0.043268195	-0.0094669746	0.0094486288	0.0128423281	0.0935828842	0.026974591	0.0207536085	-0.0423205893	-0.0067625097	-0.1276372034	0.0994918563	-0.0541603332	-0.0803293437	0.0447049908	0.076629613	0.0081784805	0.1112042149	0.0478844979	0.0698105047	-0.0271712739	0.0512326627	-0.0669041627	-0.0424527966	0.1187515111	-0.0110468025	0.0131121619	0.0630648156	-0.0080560851	0.0937672332	-0.020221176	-0.051212082	-0.0338271112	0.0891661178	-0.0662173176	-0.0148702542	0.0829017503	0.0556567576421684	0.0159075235427366	0.0002530493052627	0.003097674671239	-0.1262963718570233	-0.0458737455361273	0.0021044005295133	0.0159507735442475	0.0267321029578369	0.0234967109063007	0.0005520954234142	0.0007146053285483	0.0015972413400902	0.0001160176880972	2.551179898493138e-06	1.346010395141919e-08	-0.000969752639147	-6.20680559000001e-08	9.404201811325716e-07	3.852443563205537e-15	-0.0015662293030723	3.805417261790005e-05	1.4481200536329336e-09	2.4530742298023425e-06
765.1516770162942	-0.9431190355880972	585457.0888408475	0.8894735152886225	976.9444457834416	6.013293786482336	954420.4501471156	36.15970216254707	778.8825167177675	-0.498945058645063	0.2489461715463253	606657.9748486035	802.0579623651975	693.0375102207951	1.084739	31.048826	0.165826400152074	0.0879714172860417	-0.0493412658	0.0217338276	0.1061247244	0.1105125873	-0.0283124842	-0.0357840155	-0.0047166305	-0.1342624545	0.0538041822	-0.0216538156	-0.0824778835	-0.011529223	0.0498884673	-0.0469747271	-0.0456879259	0.0325488888	0.0293167466	-0.0631014519	0.0373977206	0.0188658222	-0.1492438393	-0.0759983726	-0.0583399523	0.0743792517	0.0726688246	0.0772274125	0.1250791793	-0.1133985644	0.0642964485	-0.0511101706	-0.1722924615	-0.0502343074	0.0932587335	-0.0620744099	0.0072630453	0.0859609075	0.0654293809	-0.1056257906	-0.0296485944	0.0549017975	-0.0040693657	-0.06596397	-0.0419635581	0.0087762681	-0.0084072111	0.0704037906	-0.069478958	-0.002610677	0.181754066	0.0399807642	-0.1208228798	0.0421240859	-0.045066333	-0.0736931455	-0.0524863049	-0.0580349536	0.0547712017	-0.0074349298	-0.0506717179	0.032862669	-0.0432932947	-0.056324413	-0.0774967738	0.0065045213	-0.1467817389	0.0377280573	0.023994126	0.1085360191	-0.0766791203	0.0158772449	-0.0318947139	-0.0663873766	-0.0132867968	0.0956871305	-0.0803074158	-0.1069443187	0.138438928	0.0106675462	-0.1021827679	0.0340266335	0.0440999109	0.0675945617	0.0819566452	0.1162200109	0.0304782151	-0.0768756836	0.0893461823	0.0021808646	0.0144564835	-0.0739913624	-0.0237719871	0.1560732699	-0.0033077946	-0.0418952045	-0.0164756759	0.0443899454	0.0026689705	-0.03441238	0.0040984044	0.0512352758	-0.0179518273	0.0212125464	-0.0510269068	-0.0282215124	0.1408225581	-0.0281561316	0.0184497631	0.0432594344	0.1022069132	-0.0956673992	-0.1224818868	-0.0104134666	0.0391960546	0.0022530268	-0.0460243615	0.0492667798	0.0989321959	-0.0868873555	0.1167758305	0.0007927024	-0.0055129065	0.1163778895	-0.0430296647	0.0578040017	-0.005318062	0.1788238011	-0.0239096446	0.0549566629	0.03409762	0.0249530188	-0.0024390527	-0.1318639387	0.0272981344	-0.0542841304	0.0451851167	-0.038058289	0.0673659792	0.0256706826	0.0104233676	-0.0351100865	-0.1362330177	0.0731432459	-0.0132392178	0.116596388	-0.0784885706	0.0406654181	0.0433342197	-0.1079493449	0.0552672993	0.0211133928	0.0431967208	-0.0725590066	-0.0095951793	0.1248948281	0.0111088995	-0.0186903205	-0.0807376667	0.0811154263	-0.0379819354	-0.0175697656	-0.0235611706	0.0417932549	-0.0355249552	0.0272600604	-0.0168790016	-0.0420728097	0.0106608488	0.1111434329	0.0193405143	-0.1413465544	-0.0535651298	0.0832110392	0.0853460613	-0.0863179504	0.0350098408	-0.0543190808	0.0780494669	0.1205529966	0.0910135144	-0.0478839371	0.0066707635	-0.0401322439	-0.0296535392	-0.1240550847	0.0639171854	0.0968412511	0.0734021831	0.051279229	-0.0038005666	0.0147241807	-0.1131847289	0.0560177781	0.0311095721	0.0265191666	0.0277543844	0.0742895324	0.0200299381	0.0715818373	0.1015047128	-0.0459559052	-0.0521968607	-0.0315960199	0.0883293083	-0.06941525	-0.0089476998	0.0796476241	0.0290305152777676	-0.0266262423644008	0.0007089567824478	0.0008427708172926	-0.0503738171146039	0.0759225547424194	0.0057642343186156	0.0025375214506955	0.0034497397886781	-0.0232823631691588	0.0005420684347406	1.1900704609588825e-05	0.0020849579196637	0.0004877165795734	4.347049526768384e-06	2.3786746199087407e-07	-0.0007330550074722	0.0002366976316748	5.373696439800671e-07	5.60257688404593e-08	-0.0014907387167987	7.549058627360009e-05	5.698828615931858e-09	2.2223019217626346e-06
765.2029770096453	0.0512999933511082	585535.5960244238	0.0026316893178237	976.98704143004	0.0425956465984427	954503.6791222228	0.0018143891091394	779.6089003279402	0.7263836101726611	0.5276331491274684	607790.0374705401	802.7687871605699	684.4524299470291	1.026686	29.387163	0.0795987982842611	0.0506980810609746	-0.0034553208	0.0026042317	0.0498517098	0.1156877745	-0.0627802389	0.0099259899	0.0345343184	-0.0469263785	0.0838317686	-0.0263592335	-0.0564276326	0.0581465921	0.0286109278	-0.0097325496	-0.0555408415	-0.0097344521	0.0014746314	0.0314671396	-0.0376072921	-0.1409086355	-0.0963271539	-0.0636170805	-0.0030013052	0.0094043394	-0.0227625729	0.0023324835	-0.0633599429	-0.0854355711	0.0767636856	0.0057607827	-0.0464734004	0.0246365362	0.135820798	-0.0850765573	0.0478426131	-0.0796723434	0.0409612661	-0.1352394576	-0.0658463394	0.0139801148	-0.0205161965	0.0061699492	0.0092785788	0.158961326	-0.0352944079	0.0923194282	-0.0196937974	-0.0878612622	0.064950767	-0.0315440505	0.1526269004	0.0385988917	-0.0221266924	-0.009443233	0.0246791987	0.0084824812	-0.0529487008	0.0121463174	0.03975243	0.0574862262	-0.0033267797	-0.0171375703	0.0288247726	0.0150826019	-0.0119442702	-0.024667703	-0.0420641013	-0.0308375096	-0.1126319198	-0.0246801973	-0.057120729	-0.0274260689	-0.0634465836	-0.0308795971	-0.0448722661	0.0821960821	0.0528823781	-0.077614551	0.0379454528	0.0760920539	0.0341009834	0.0679439482	-0.0063670233	-0.0219147025	0.0117688927	0.1147751486	-0.0076850858	0.145900163	0.0588916663	0.065177268	0.1292706011	-0.0699641319	-0.1057642824	0.0137630713	-0.0077287209	0.0931341638	0.0102641443	-0.0543686768	-0.0372720322	-0.0171612743	-0.104115404	0.0131726026	-0.0397349265	-0.0016470436	0.0967176114	-0.0210412115	0.1051284968	0.0580805368	-0.0793210872	-0.124996181	-0.0041940327	0.1141877902	0.0856835489	-0.0152679076	-0.0179850618	0.0003198507	0.0637989271	-0.0384314075	0.0721572748	0.0210040755	0.1065428731	-0.0090668519	-0.1081507312	0.0432418473	-0.0466344058	-0.0702083319	-0.0694728331	-0.0551933652	0.0419479248	5.78572e-05	0.0533168163	-0.0990263191	0.036958423	-0.0130338225	-0.0206711148	0.0568222694	-0.0178030967	0.0977123782	-0.030203299	0.0465596012	0.0054122863	0.0492248935	-0.0463320933	0.0054304073	0.0812244518	3.84822e-05	-0.0202684847	-0.0662344166	0.0002573151	0.0068511359	-0.0389256719	-0.0065795326	0.0054357541	0.0504565141	0.0433670976	0.0759252819	0.1424958853	-0.0253185719	-0.0202369775	0.070764776	0.0035548433	0.0167584537	-0.0447061731	-0.029173141	0.0258172661	-0.0452750464	0.0589178763	-0.1677227997	0.0516739326	0.1923758463	-0.0294193937	0.0430789259	-0.0856845139	-0.0234537195	-0.0046763616	-0.0159834295	0.0273534702	0.0866275784	-0.0320095842	-0.094003671	0.0160969306	-0.0928998028	-0.1137087229	0.016046031	0.0685491637	0.0661037625	0.0226809636	-0.0264151781	-0.0746449301	-0.034307474	-0.0031692249	0.0329221845	-0.0761365703	0.0157738127	-0.0417002502	-0.0033248271	-0.0939702121	-0.0401056637	0.0132709246	-0.0749240074	-0.0531726956	-0.0293432743	0.0873563013	-0.0724229201	-0.00298683	0.0759024438	0.0342755951129163	0.0052450798351487	2.7510862477083512e-05	0.0011748164203445	-0.0978855854580018	-0.0475117683433979	0.0022573681311167	0.0095815878404557	0.0036886245588476	0.0002388847701694	5.706593341893473e-08	1.360595113613365e-05	0.0021991912798578	0.0001142333601941	4.83644228540259e-06	1.3049260581235056e-08	-0.0004649753580812	0.0002680796493909	2.162020836227402e-07	7.186669841760146e-08	-0.0013409904196729	0.0001497482971258	2.242455249207688e-08	1.7982553056545004e-06
764.4137381278075	-0.7892388818378322	584328.3630385282	0.6228980126046316	974.7663938348944	-2.220647595145578	950169.5225498844	4.931275741825842	780.7467303805881	1.137830052647928	1.2946572287087863	609565.4569999787	802.7474986502023	681.8503876705007	1.017453	29.122887	0.0691525038622481	0.0501193620675898	0.0486118493	-0.0162500077	0.0950272027	0.0486964203	-0.0187419359	0.025259122	-0.0032295024	-0.0398404032	-0.0158193962	0.0594550595	-0.0834680846	-0.0137000162	-0.0691147282	-0.0209749352	-0.1071813244	-0.0616373838	-0.025294332	0.0590555347	-0.0026288191	0.0175556334	-0.1025928315	-0.0501275981	0.0091929649	0.0548683426	0.0515235377	-0.0512185201	-0.0004999526	-0.090441963	0.0527397362	0.1143828027	-0.0838956571	7.6824e-06	0.0992688425	-0.0188520128	0.0020477395	-0.0787723826	-0.024607559	-0.0027322624	-0.0604375963	-0.072862048	-0.0009885663	-0.0212852714	-0.0040028251	0.0204178693	0.0055037211	0.0060312243	-0.1316480924	-0.0032119723	0.0300033253	0.0941183941	0.0111348665	0.0440083365	-0.0709081214	0.0173700138	-0.0180750389	-0.0370724886	-0.041507334	0.02574392	-0.0044531845	-0.0746039173	0.0614430432	0.0501672322	-0.0373280717	-0.0617186274	-0.0490278706	0.0010127745	-0.036348466	0.0172789494	-0.0336660516	-0.0769652386	-0.0329663437	-0.0773072113	-0.0793612316	-0.0949180786	0.0740829407	-0.0157681859	0.0241657295	-0.043286083	-0.0175108353	0.0193586545	-0.0762582702	-0.0730408956	0.0319854038	-0.0531867263	0.0161841418	0.0284588704	0.0335232907	-0.0197280919	-0.0176879134	-0.0429780713	-0.0676873312	-0.0303013758	-0.0724482404	-0.0050799131	-0.0834992957	0.023851027	0.1196904699	0.0241058297	0.0335650154	-0.0453539996	-0.004242744	-0.0002828097	-0.0728331411	-0.0665036084	0.0029481979	-0.0305451557	0.0931767375	0.0748385131	0.0839130502	-0.157728691	-0.0226258696	0.0454548332	0.0781332273	-0.0312769603	-0.0443553544	0.0616866695	-0.0034429153	-0.0291161572	0.0155307937	-0.0529553962	-0.0146497451	0.052571547	-0.1116908738	-0.005137383	-0.0404878451	-0.0153511339	0.085947775	0.0421151314	0.0319849693	0.1202141103	-0.0182010076	0.0332016978	-0.0905231453	0.021714178	0.0614068274	-0.0579836114	0.0099024719	0.0415670272	-0.0028069293	-0.0327968736	0.0366572827	0.0152074328	0.0791077041	0.0842160619	0.0414993168	-0.0206876053	0.0522973932	0.0562124047	-0.056238953	0.0057366111	0.0139857775	0.0333171482	0.0692367894	0.0188271252	-0.0653988332	0.0215611356	0.0339490718	-0.0352927975	0.0459467839	-0.0737758992	0.0168916249	-0.0708697743	0.0208258583	-0.0960679588	-0.0043843495	-0.0489887019	-0.0193888142	-0.0061065814	0.0900477737	0.0034900507	-0.0922957407	0.035263749	-0.0748946984	0.0151162344	-0.0363545753	0.1432066241	-0.0233632781	0.1437101445	0.0802749877	0.0467469181	-0.0345353667	-0.1102023268	-0.0238429727	-0.0381236433	0.074534398	0.0145024559	-0.0780889874	0.0721100605	0.0139445762	0.0528571758	-0.0324778268	0.0496247748	0.030571197	0.0069314491	-0.0567933338	0.0296661569	0.1326408586	0.0172071422	0.0126664724	-0.1215895256	-0.0541394198	-0.0270704183	0.0862485974	-0.075232084	0.00298683	0.0716892996	0.023563285041348	-0.0107123100715682	0.0001147535870694	0.0005552284019398	-0.0493669573035759	0.0485186281544259	0.0023540572779874	0.002437096473413	0.0108101539770615	0.0071215294182139	5.0716181254486016e-05	0.0001168594290077	0.0022042014358242	5.010155966399688e-06	4.858503969689464e-06	2.5101662807650396e-11	-0.000441008587475	2.3966770606199996e-05	1.9448857422669477e-07	5.744060932902118e-10	-0.0013680142174611	-2.702379778820002e-05	7.302856468975242e-10	1.8714628991757055e-06
764.694683471748	0.280945343940516	584757.9589299569	0.0789302862818548	979.7781128016384	5.011718966743956	959965.15032514	25.117327001621103	780.8941108772347	0.1473804966465195	0.0217210107917747	609795.6124027468	804.785005789955	684.2283685052023	0.98816	28.284405	0.1230387914976192	0.055055656836989	0.0553004526	-0.0002959832	0.0388529986	0.0244854295	-0.0155354775	-0.0377746308	0.0535058831	0.0819381256	0.0552545335	0.155122047	-0.0414633671	0.0424122872	-0.045054525	-0.0256787926	-0.0158209317	0.0956858497	0.0291401724	0.1406484981	-0.0222100502	-0.1002048411	-0.0835736238	-0.0914396201	0.0033763499	-0.0071755037	-0.0633025381	-0.064867961	-0.0763753242	0.0036675082	0.0258282404	0.0747112927	-0.0488088064	0.0791709545	0.0679746218	-0.1242671906	-0.0320313811	0.0212791204	0.0471379924	-0.0936011633	-0.0451590285	-0.0058694261	0.0225608652	-0.0511630074	0.0557141177	0.0405123295	-0.07448284	-0.0071580279	0.0434678639	0.0581687283	-0.1384397427	0.0356311552	0.1163500306	-0.018197965	-0.0002206836	-0.0901100753	0.0087923669	0.0021179058	0.0766907506	-0.0140048946	0.0346480156	-0.0020627026	-0.0456430205	0.0085254067	-0.0723456673	-0.0511568251	-0.061184705	-0.0802542422	0.0780830576	-0.0342986942	0.0673936656	0.0367451313	-0.0066726861	-0.0224762952	0.0483718661	0.1243154044	0.0015218411	0.0076473174	-0.0235112321	0.0583635608	0.1065191625	0.0681485757	0.0399253028	-0.0838835837	0.0311317814	0.0432658275	0.0344940116	0.0515823682	-0.0483341845	-0.0219754947	0.0509817452	-0.0602600267	0.0466489444	0.0379268735	0.1277901594	0.0019996528	-0.0537571728	0.0530099492	0.0074924685	-0.0080308294	-0.062670943	-0.0478378624	-0.0265476553	0.0310108835	-0.0642259199	0.0002977618	0.0343799805	0.0437627309	0.0561547357	0.0287550349	-0.1077698658	-0.0838915901	-0.0768844122	0.0443380385	0.0985523711	-0.0344774409	0.0413095808	0.072288806	0.0089991666	0.1239682122	0.1622626807	-0.076603249	-0.0178808309	-0.0881827152	-0.0342085772	-0.0099007936	0.0225712462	-0.0727393487	-0.0574085971	-0.0129417337	0.0065264826	-0.0247293873	-0.0793210976	0.0484997417	-0.0031071699	-0.0418031738	0.0024516599	0.089683772	0.1799378737	0.0590161704	0.0360372295	0.0323216553	-0.01693526	0.0260366589	0.0318096053	-0.0787358638	0.0287943453	0.0735917178	-0.0006795919	-0.1334110061	-0.0628333094	-0.0470649989	0.0618078183	0.0261785964	0.0283751265	0.0536909988	-0.0406952874	-0.0139921674	0.0262012139	0.1242346464	0.0066137804	-0.0337435066	0.0284988965	-0.0666764945	-0.0164471199	-0.0485167168	0.040550042	0.1049537343	0.051513537	0.0663141241	0.0175888589	-0.0627458539	0.0844009158	-0.0876428988	-0.0238724429	-0.0002665201	0.0949478818	0.0451926512	0.0071664156	0.1270303606	-0.0657774656	-0.0500735449	-0.0868490578	-0.1041410941	-0.0686697498	0.061993779	0.0709026959	-0.0235225429	-0.0598431033	-0.0186095149	0.0393451981	0.0147444431	0.0275094742	0.0456384691	0.0276058105	-0.1241507541	-0.1029153722	-0.0765307667	-0.0184193881	0.0684590002	0.0707390762	-0.098083669	-0.0550968674	-0.0247790096	0.0850079043	-0.0778350419	0.0089476998	0.0670341672	0.0414783775888025	0.0179150925474544	0.0003209505409838	0.0017204558073992	-0.0832574808009383	-0.0338905234973624	0.0011485675829252	0.0069318081093186	-0.0118791997583258	-0.0226893537353873	0.0005148067729295	0.0001411153868982	0.0020381647722276	-0.0001660366635966	4.154115638749584e-06	2.756817365829053e-08	-0.0011310130174673	-0.0006900044299922	1.279190445680487e-06	4.761061134089988e-07	-0.0014828495582205	-0.0001148353407594	1.3187155487327531e-08	2.1988428123147323e-06
764.8429858560507	0.148302384302724	584984.793013199	0.0219935971898728	972.8324251608416	-6.945687640796791	946402.9274443244	48.242576803517295	781.3415643044779	0.4474534272432038	0.2002145695516891	610494.6401097685	803.2643342440829	678.0228106144805	1.058599	30.300608	0.130015560297748	0.0881224897112878	0.072007014	-0.0245578019	0.043743812	-0.038072499	0.0250723538	0.0901570675	-0.0564805745	0.1263186531	0.1091792778	0.0164425387	-0.0079045042	-0.0180155539	-0.0866521075	-0.0221242765	-0.0854493354	0.0123737806	-0.1662680801	0.0201136834	0.0096645649	0.0494548861	-0.0473749745	0.0227345464	0.0153900911	0.0198944334	-0.1679575117	0.1572221173	0.0408289948	-0.0323970641	-0.0683955918	0.1030960209	-0.0930257114	0.1930309127	0.0252777984	-0.0665336542	-0.1991217534	0.0093428688	-0.1194754023	0.0787255544	0.0277144697	-0.0285248289	-0.1254841148	-0.0825268983	0.0001846325	0.051385826	-0.1032646046	0.150354583	-0.0508085531	0.0264860128	-0.0390058174	0.0001403587	-0.0236239198	-0.0996267232	0.021841821	-0.0224713534	-0.0229400613	-0.0323332642	0.108427234	0.0973757894	0.0044224497	0.0959347948	-0.030920899	0.022418888	0.1247972956	-0.0825413938	0.0279672444	0.0177589702	-0.0337809114	-0.0249932828	-0.0499466396	0.0900865469	-0.0763686584	-0.0016665241	-0.046032965	-0.0035092643	0.0840560056	-0.1312714426	-0.0225550176	0.036474906	-0.0466517706	0.0475441471	0.0765379797	0.0784997209	0.0294810366	0.0011792572	-0.0668607872	0.0185958192	-0.0009251803	-0.1312161123	-0.0011992226	0.0191733736	0.0106630985	-0.0033242529	-0.015088284	-0.1115048214	0.0196575321	0.0036577269	-0.0601412862	-0.1923699838	0.0038079987	-0.0721828863	-0.0079053161	-0.073335157	-0.0478328516	-0.0227519821	-0.0922871937	0.0008446988	0.0225191247	-0.0624333044	0.0091155478	-0.1834618269	-0.1636760252	0.0916679106	-0.0336860926	0.1396402772	0.0121619413	-0.040349334	-0.1078723495	0.1309785247	-0.0349951854	0.0180891873	0.0858606297	-0.0707527305	-0.095766388	-0.0778820143	0.0551292255	0.07274854	-0.1318504061	0.0705230516	0.0940901724	0.013980018	-0.0646490369	0.0669664568	0.0619948858	0.0983775026	-0.0979931919	-0.0547101623	-0.0409743993	-0.0318277039	-0.1504533037	-0.0665211434	-0.0621799415	-0.0861329011	0.0657241153	0.0077822701	0.0222275418	-0.046117315	0.0092200624	-0.0064639326	-0.0863391538	0.1016506145	-0.0351152309	-0.0860484988	0.0045006306	0.1257518785	-0.0454349812	-0.0379033748	0.0551709142	-0.0248977933	0.0073622893	0.0534913404	-0.0527043239	0.118335762	0.0944867706	-0.015278572	-0.0066384816	0.0711267925	-0.0115798813	-0.0003636779	0.0243570901	-0.0567298949	2.31882e-05	0.0133448924	0.0519933988	-0.0332170507	0.0018709182	-0.0551550499	-0.1061308384	0.055309727	0.094243836	0.0469332837	-0.0618065869	-0.1527976878	-0.0549949285	0.0591164176	0.0848839743	0.0551380339	-0.0130287709	-0.0936205216	0.0275454094	-0.074004671	-0.0382220476	-0.0164721948	-0.0095898087	-0.0050729406	0.0156490692	-0.0579425312	0.007668773	0.1030970161	0.1108868537	-0.0401526397	-0.0560448744	-0.0224706185	0.0836361352	-0.0802246594	0.0148702542	0.0619657467	0.0205387171475592	-0.0209396604412432	0.0004384693793945	0.0004218389020674	-0.0804256688660416	0.0028318119348966	8.019158834623343e-06	0.0064682882125501	0.0685219724509522	0.080401172209278	0.0064643484926259	0.004695260708569	0.0016762317602175	-0.00036193301201	2.809752913961859e-06	1.3099550518270304e-07	-0.0011471280431554	-1.6115025688100007e-05	1.315902747393537e-06	2.5969405292812306e-10	-0.0013440392816721	0.0001388102765484	1.9268292875443324e-08	1.8064415906776544e-06
763.6919072871912	-1.1510785688595888	583225.3292559477	1.3249818716878392	974.780111616308	1.947686455466396	950196.2660027018	3.793482528807254	780.8625016083588	-0.4790626961190583	0.2295010668128611	609746.2464180641	804.6772224026804	677.4540892809039	1.001503	28.666319	0.1111329189366417	0.0650726962845228	0.0840440409	0.0041516321	0.0419259376	-0.0482525775	0.0076271441	-0.0605035295	-0.0491739191	0.1210192033	0.0474615249	0.0116039265	-0.0370889157	0.0016699622	-0.0500446114	0.0391885081	0.0132976701	0.1456240523	-0.0445202635	0.0212765587	0.0511183863	-0.010546427	-0.0372342242	-0.0033300337	0.0055611139	0.0748425331	-0.0201443472	-0.0307335902	0.0452445318	0.0580241399	-0.0698136582	0.0891188859	-0.0508531128	0.110339942	0.0047041087	0.1057929928	0.013408659	0.0566526909	-0.0976890238	-0.100831144	0.0176601463	0.0463381548	0.0186575269	0.0044787241	-0.051693663	-0.1361030468	-0.0977022246	-0.0385346265	0.1308159973	-0.0896433359	0.0481909882	0.0108598117	0.0630693132	-0.0394812824	-0.0747981119	-0.0294844772	-0.1106280937	-0.0298985712	-0.1133290527	-0.0193829513	0.0454085871	-0.0124068924	0.047525729	0.0330795111	0.0959618692	0.039371993	0.0194959312	-0.0444497198	0.0690099555	0.020015501	-0.0775526513	0.1144908213	0.0457227694	0.0661443845	0.0495166329	0.0755858497	-0.0385422263	0.0403851774	-0.0729384081	-0.1072780425	-0.0133568163	0.043524827	-0.0325802717	-0.0196348793	-0.0284805239	0.0611695623	-0.094524029	0.0625496204	0.0121538921	0.0497787313	0.082523876	-0.0177288687	0.1189105386	0.0308817561	-0.0419902203	0.0533687779	0.0133984356	0.0011716629	-0.0033852294	0.0045041621	0.129323767	-0.0164017211	0.0421878218	-0.0595006336	-0.0869944236	0.066592232	-0.0320346638	0.1198556171	-0.049107898	-0.0333474236	-0.0691099877	-0.0460002045	-0.0869891254	-0.0081805362	-0.0475182008	-0.0216784321	-0.0915072842	-0.0671763435	0.0821278842	-0.0042899589	0.0006958889	0.1069274829	-0.0387868161	-0.0339569263	-0.0665790147	-0.0934603372	0.0632748619	-0.0019399048	-0.0405602739	-0.0029392676	-0.0782336585	-0.0842834182	-0.0804792373	-0.0109875929	-0.1248784572	-0.0352201401	-0.04039365	-0.0350920469	-0.1523981653	0.058109398	0.0461294444	0.0918610726	0.018552173	-0.0396739293	0.0013762961	0.0495139882	0.1108063855	0.0293674619	0.0964847872	0.046854071	-0.0258061919	-0.0095724396	-0.0805879202	-0.0614529643	0.0162759182	-0.035267443	0.1840849709	0.0035991307	-0.0108386931	0.0828464453	0.0375704782	-0.0872985534	0.0812824941	0.0559431963	0.0610971844	-0.0082734113	-0.0301767779	-0.0243164481	0.0176564585	-0.0311553352	-0.0586270357	-0.000868591	-0.0496961595	-0.0042740412	0.0032161566	0.0141492426	0.0929999968	-0.0420993949	-0.048433656	0.0446440284	-0.0527600989	-0.0100465883	-0.0849201767	-0.0476691719	0.0129466046	0.0564735947	0.0481204804	-0.0310160909	0.016816015	-0.0468567444	0.0204805225	-0.1158910911	0.0032067775	-0.1235454855	0.0898044588	-0.0953878497	-0.01966182	0.1643974979	0.0277857023	0.054818277	0.034429224	-0.0861668988	-0.0569832784	-0.0201468273	0.0821354052	-0.0823943867	0.0207291319	0.0565152869	0.050469412682645	0.0299306955350858	0.000895846535214	0.0025471616165311	-0.0814225885499269	-0.0009969196838852	9.938488561179556e-07	0.0066296379261706	0.0174623086018215	-0.0510596638491307	0.0026070892723862	0.0003049322217052	0.0017149552934719	3.872353325439989e-05	2.9410716586072904e-06	1.4995120277046142e-09	-0.0007377692904602	0.0004093587526951	5.44303525946147e-07	1.675745884081698e-07	-0.0014788697930933	-0.0001348305114212	1.8179266810102386e-08	2.18705586492382e-06
763.6028440696344	-0.0890632175567134	583089.3034712345	0.0079322567215544	968.1178097724916	-6.662301843816408	937252.0935986862	44.38626585811951	778.0665939147766	-2.795907693582194	7.817099831032104	605387.6245661419	800.6307875345011	678.1039550662379	1.009251	28.888092	0.0676128160112988	0.0402129372624635	0.0783659171	0.0355610273	-0.0420378878	-0.0917455384	0.0738815702	0.0117751755	0.0398424769	0.0145806372	-0.0069509726	-0.048501863	0.0226510107	0.0755241748	-0.0281829017	0.0008157071	-0.0715857054	0.0968996816	-0.095332757	0.011834025	0.0316218738	0.0331042666	-0.0484924792	0.0939495702	-0.001009781	0.0461282975	-0.0474420768	0.0029056323	0.0748513523	0.0383813332	-0.1489701689	-0.052761035	-0.0450147815	0.0222790639	-0.1161600563	-0.0063622929	0.0953024917	0.1122033295	0.0107413655	-0.0024526886	0.1055759178	0.0798446457	0.0125648676	0.0016178285	0.0496879824	-0.0710533267	0.0160262539	0.0484069835	0.021086516	0.1504931457	0.1454949518	-0.0745973812	-0.0648511403	0.0284630134	-0.0229185992	-0.0298195991	0.0434458711	-0.039105381	0.0967005917	0.0376885606	0.1151822338	-0.096411584	0.1037434585	-0.0629457437	-0.0700600977	0.1134317518	-0.0807157373	0.0600182702	-0.0528181823	0.0851248797	0.0436209698	-0.0119752908	-0.0972112789	0.0755730188	0.0357221542	-0.0332039155	-0.0178984376	-0.0387590759	0.1583054762	0.040480028	-0.011424695	0.0742838787	0.0926188818	-0.0920606327	-0.0190167049	-0.0125061877	0.0524647137	-0.0160412086	0.0370621531	0.1372463502	-0.0221346387	0.0178269106	0.049606376	0.0707623484	-0.0167312975	0.0358033513	0.1485641912	0.0262746143	-0.0060913957	0.0393630258	0.0886311732	-0.0489374274	0.0185481241	-0.0243213503	0.0247945967	0.135262937	-0.0612888728	-0.0129275076	-0.0048661252	-0.0755256552	-0.0025750913	0.0065916517	-0.1249237042	-0.0970952856	0.0405128906	0.0602309996	0.0002778286	-0.0456340888	-0.0039295207	-0.0145842493	-0.0950616186	-0.0180750287	0.0123515942	-0.048866438	0.0286317861	0.0261735604	-0.07015474	0.0736270541	-0.0009302078	-0.0241873434	-0.1101652776	-0.0088878487	-0.1202708596	-0.1780826769	0.0594842197	-0.0521039521	0.069374674	-0.1759444742	0.0249296528	-0.0588224758	0.0567690942	-0.1560551173	-0.0027794857	-0.081160216	-0.0411478059	0.0181470729	-0.1007078146	0.0811811825	-0.0531210171	0.0574375015	0.0399454482	0.0085210051	0.076174679	0.0086571819	-0.0185424535	0.0523011333	0.0800387804	0.0051868428	-0.0130895874	0.0119064904	-0.0004758013	-0.0828409036	-0.0028762387	-0.0527837709	-0.0341848403	0.0641459211	0.0774787555	-0.0484668566	-0.0081663468	-0.0663281347	-0.0853128365	-0.0810996559	-0.0842761788	0.1243933129	-0.0675208724	-0.0814081923	-0.0681077764	-0.095920726	-0.1286478991	-0.0779965656	-0.0305380452	-0.0032538174	-0.0011263567	-0.0382356093	0.0585865626	-0.0417385979	-0.0438392788	-0.035045	0.082077806	-0.0244572496	0.0965427978	0.0212008552	-0.0607274491	-0.0648420158	0.059731153	-0.0302315895	-0.0352937413	-0.0128177441	0.0666599714	-0.0186777112	-0.0501057759	-0.0298654729	-0.0579119187	-0.0178092284	0.0805080284	-0.0843382767	0.0264992443	0.0507163915	0.0711234515190568	0.0206540388364118	0.000426589320256	0.0050585453559836	-0.1150498094294363	-0.0336272208795093	0.0011307899840793	0.0132364586497496	0.0254918151843241	0.0080295065825025	6.447297595845254e-05	0.0006498326413917	0.0016509716231862	-6.398367028570009e-05	2.725707300566076e-06	4.09391006322918e-09	-0.0007376874607538	8.18297064000221e-08	5.441827897533893e-07	6.696100849513816e-15	-0.0014368942988279	4.197549426540018e-05	1.761942118824643e-09	2.0646652260041223e-06
763.5509784700216	-0.0518655996128245	583010.0967225274	0.0026900404231978	971.6639637080106	3.546153935518987	944130.858368762	12.5752077343968	776.4091846362965	-1.657409278480145	2.747005516392075	602811.2219875987	799.5486314060652	679.3680589097755	0.994169	28.456406	0.0827770183881757	0.0389277903815245	0.0418142814	0.0473648561	-0.078120303	-0.0181295506	-0.0255645913	-0.1091976017	-0.0176174356	-0.066330604	-0.0287748354	-0.0921823363	0.0314407445	0.0419952785	0.0572449946	0.0114902106	-0.0204696686	0.0734870153	-0.0198057993	-0.0216795137	0.0660454717	0.0254991616	0.0185745408	-0.0148958994	0.0107052168	-0.0175037817	0.0630622385	0.0732243682	0.0201126364	0.0818159304	-0.0966676449	-0.1136409319	0.0160403931	0.003093773	2.49878e-05	0.0119360705	0.0310087621	0.0079053649	0.1504360559	0.0869829511	0.0546550853	-0.0221233634	0.1250450894	0.0348696409	0.0624371254	-0.0848779127	0.0692049767	-0.0279665179	0.0206090263	-0.1070367411	0.0005613298	-0.0630515738	0.0525182013	-0.1406416535	-0.0135114416	-0.0095791667	-0.0109468498	0.0793700924	0.0804316983	-0.0573520029	0.0123641089	0.0006273095	0.0159806712	0.1049488669	-0.0366879053	-0.0649998302	0.0644836995	-0.0216645064	0.0012501149	0.0757389636	0.0951912779	-0.1420108254	-0.0378524899	0.0059007867	-0.0766852269	0.0829190595	0.091161219	-0.0818163064	0.0868153724	-0.0542406405	-0.0959259722	-0.0930849237	0.0772532813	-0.0004841026	-0.0044572276	0.0721441657	-0.0766065254	0.0431429848	-0.082372921	0.0633682148	-0.0377564223	-0.0278068762	-0.0199824947	-0.0658470957	0.0473685585	0.0392601402	0.1020539564	0.0567089591	-0.0186520852	-0.0103786404	0.00871484	0.018827262	0.0126075652	-0.0514067668	0.0501558161	0.1139143746	0.015422347	-0.0070247376	-0.0789649681	-0.0251353115	0.0321247098	0.0238234194	0.0240435337	-0.0717035669	-0.0186520633	-0.0005236854	0.0611950644	-0.0187140179	0.0032485095	-0.0391936363	-0.0274326313	-0.052005739	-0.1496218062	-0.0615934526	0.1785736519	0.0176283858	-0.0656292825	-0.0810642048	-0.0313064058	0.0098966168	-0.0271506611	0.0082235076	0.0607780839	0.0401436795	0.0521084357	-0.1063530433	-0.0367664561	-0.0450303605	0.0096260925	0.0965383253	0.0175149964	-0.0907671602	-0.0451989484	-0.0745683757	-0.0105473341	0.0813922445	0.0474984748	-0.1155629806	-0.1009967511	-0.0214533091	0.0465129584	0.0288048744	0.0343058847	-0.0036939949	0.0101762632	-0.028870915	-0.1322216544	0.0710039713	-0.0552481977	-0.0432925257	-0.0476770859	0.0066100298	-0.0020592652	-0.0611688039	0.0019368848	-0.071566745	-0.0233895691	0.015175833	-0.041248417	-0.083524377	-0.0023344632	0.0268673672	0.0128323183	-0.0920980058	-0.0935431758	-0.0121305729	0.0762396671	-0.0771259407	-0.0298465858	-0.0749111705	-0.0452343742	0.0197823035	-0.0648773024	0.0989346641	0.1035704811	-0.0560187674	-0.0236801429	-0.0431752019	0.1374347004	0.0273024796	0.0423339957	0.0782958181	0.0886591844	-0.0389653324	-0.0239437094	-0.0191772763	-0.0856691865	-0.0250401892	0.0067109072	-0.0253874004	-0.1516428517	-0.0091696153	-0.058830636	-0.0154594239	0.0787565141	-0.0860510014	0.0321558829	0.0446048127	0.0515647509265875	-0.0195587005924693	0.0003825427688658	0.002658923538121	-0.0900989639767289	0.0249508454527074	0.0006225446888048	0.0081178233096798	0.0110421827588851	-0.0144496324254389	0.0002087918772302	0.0001219298000806	0.0013358670066599	-0.0003151046165262	1.7845406594824812e-06	9.929091935618652e-08	-0.0008889538241474	-0.0001512663633935	7.902389014662866e-07	2.288151269432465e-08	-0.0014269084803966	9.985818431299844e-06	9.971656974288767e-11	2.0360678114277344e-06
764.8609217872671	1.3099433172454835	585012.229677268	1.715951494396102	969.7894113930788	-1.874552314931748	940491.5024501344	3.5139463814159746	777.9480154593069	1.5388308230104712	2.368000301847084	605203.114757074	800.0581448694904	672.0903918614806	1.041508	29.811399	0.1119587539589528	0.0627480131057711	0.0150749902	-0.0227905477	-0.1292348637	0.0254130801	-0.0459664846	0.0853897018	0.0848253655	-0.0372254163	-0.0005332568	-0.0020878717	0.1238340258	0.0375931547	0.0092761387	0.0030833702	-0.0335546129	-0.0507636494	-0.0086063851	-0.0905798759	0.0678752353	-0.0585255109	0.0112788552	0.0938724797	0.0417744391	0.0137184119	-0.0274331669	0.0030405603	-0.0331014934	-0.1024675958	0.0091757222	-0.0900137862	-0.0295500251	-0.0882690011	-0.0737216793	-0.0860693111	-0.0790700162	-0.0049696725	-0.017059443	-0.0324130632	-0.084742813	-0.1443796711	0.0693736015	-0.0012719709	-0.044224887	0.045757178	-0.0647375279	-0.1145745069	-0.0678506963	0.0159525767	0.0054874774	0.050310998	0.0475061632	0.0418403323	0.0075443726	0.0678047506	-0.0853334253	0.0555697797	-0.083029402	0.0120634835	0.0496294006	-0.0371772493	0.0820010722	-0.0132251299	-0.0049077156	0.0403562764	0.1132796009	-0.0204553726	0.0114056768	-0.0060708576	-0.0432600814	-0.0791377245	0.0095592236	-0.0021468016	-0.074206381	-0.0080039011	-0.0266763428	-0.0666447753	-0.1400378406	-0.0218701226	0.0102801182	0.0176441813	0.0750511009	0.0305368386	0.114708591	0.0750309475	-0.05649304	0.05178327	0.1084656899	-0.00498656	0.0021141547	0.0235394085	-0.0314308294	0.0639004396	-0.05632576	0.0821611677	-0.0248021035	0.0949329868	-0.0304471856	0.0809034314	-0.0578914503	0.0213449808	-0.0434245963	-0.0036617087	0.1174495802	0.0199211925	-0.0040205394	-0.0345779232	0.0591872423	0.0052739089	0.0254750436	0.0243618905	0.0032849531	-0.0738932267	0.0204221967	0.0138915371	0.0682711021	-0.0354322199	0.004924466	0.035721568	0.0761778757	0.0233789282	0.0455002893	0.012686289	-0.1086830519	-0.1005147508	-0.0092113435	-0.1039772517	0.1021027026	-0.0175490047	-0.0841393745	0.0693202751	0.1717029574	0.0391283388	-0.0313425079	0.0023863002	-0.0323874628	-0.1035793532	0.0854658089	-0.0672048203	-0.1185402003	-0.0657938597	-0.019831134	-0.0405489098	-0.0273338729	0.1247987673	0.0409524322	-0.0050852517	0.0410671954	-0.0110149063	0.020262846	-0.0163612042	-3.30076e-05	0.0220673951	-0.0018872719	-0.0406701602	-0.058567342	0.0231210812	0.0462631403	0.0119799576	-0.0109955451	0.0239341444	0.0272759869	0.0898484801	0.0409457327	-0.0182764687	0.0157612093	0.0251268351	0.1219331578	-0.0195523751	0.0318996308	0.0717222636	-0.0309280472	-0.0871062448	0.030080234	0.1641281815	-0.0291541931	0.0166298045	-0.0120997523	-0.0841324069	-0.0673716558	-0.0008051257	0.0332507692	0.0009225051	-0.0827111495	-0.1200825195	-0.0724217245	0.0609613566	-0.0618884008	0.116318554	0.0464646543	0.0622841862	-0.0038119978	0.012828524	-0.1170803908	0.0074295001	-0.0688405026	-0.0785601229	-0.0116462767	0.0038822426	-0.0150736473	0.0802189769	-0.059739273	-0.0130990243	0.0768835629	-0.0875278662	0.037674825	0.0382182304	0.059780598941785	0.0082158480151975	6.750015860882471e-05	0.0035737200098385	-0.1144674344791951	-0.0243684705024661	0.0005938223546295	0.0131027935562488	0.0043009169111059	-0.0067412658477792	4.5444665230434215e-05	1.8497886276236715e-05	0.0023288634566337	0.0009929964499738	5.423604999643865e-06	9.860419496605696e-07	-0.0007390241945772	0.0001499296295702	5.461567601704792e-07	2.2478893823057403e-08	-0.0017366457927228	-0.0003097373123261	9.593720264705789e-08	3.015938609381802e-06
766.4722379929866	1.611316205719504	587479.6916139775	2.5963399148143	970.6330047954212	0.8435934023424352	942128.4299981884	0.7116498284756857	778.6127765873173	0.6647611280103547	0.4419073573135992	606237.8558650117	800.7099959718063	695.6330884657906	1.060665	30.359732	0.1303719240523667	0.0645209995650058	-0.1065755519	0.0361874263	-0.0608730083	-0.0068725041	-0.0357503539	0.0474998467	-0.048093716	0.0304476927	-0.1022642623	0.099598248	0.0821215903	-0.0364275717	0.0064756857	0.0032600841	0.0431115118	-0.0178607848	0.0350788155	-0.0393005214	0.0665464013	0.0384577877	0.0220050295	-0.0815196097	-0.0378710094	-0.0692860502	-0.0012229437	-0.0536108851	0.0764694489	0.0232919073	0.0770061396	-0.114424092	-0.0096876199	-0.0678501034	-0.0050140904	0.0551451111	-0.0367658542	0.0397230782	0.0218321153	0.0133188766	0.0722337386	-0.0608061887	-0.0752894471	0.0652328265	0.0770135844	-0.0897495798	-0.0668960484	0.0177135027	0.0882823396	-0.0488981474	-0.0421162972	0.0256167179	0.0645209055	-0.0402190949	0.0411580206	-0.0719423018	-0.0140047277	-0.0297731621	-0.0201685971	-0.0592125411	-0.000550456	0.0153366846	-0.0068050761	-0.0162267765	0.0176607362	0.0578361079	-0.100427128	-0.0832067986	-0.0391555398	0.0634023307	0.0029912228	0.0413148862	-0.049201596	-0.0440858846	0.0624492849	-0.0243089238	-0.087356685	0.0814654521	-0.0701858151	-0.030459494	-0.0666829353	0.0290990825	-0.0609420171	0.0286186657	0.0342072376	-0.0165540451	-0.0251505171	-0.0693716924	0.0572703534	-0.0635533	-0.0820196224	0.0663247	-0.0959656741	0.0537116488	0.0205277035	0.1290772249	0.0527739421	0.0159652186	-0.0016453244	0.0235721238	-0.0488460695	-0.0111261547	-0.0923547845	-0.1312105998	0.0915648438	-0.0401493073	0.0300502229	0.0019842655	-0.0311321878	0.1027372266	0.1020179669	0.0772268335	-0.0203521344	-0.0277381047	-0.1003841948	-0.0261068322	0.04246554	-0.0188507867	0.0880695364	-0.0491980261	0.015295816	0.0860924796	-0.007145076	-0.0528799024	0.0206384826	-0.0312263608	0.0939916569	-0.0678604097	-0.0375005798	0.1179458838	0.0342625862	-0.1660134752	-0.0854378604	-0.0130357822	0.0834679234	-0.0464264391	0.0319616741	0.0305558686	0.0122293391	0.0146513645	-0.0157172522	0.0048814627	-0.0107451988	-0.0561382559	-0.0563718502	-0.0541546405	0.0887041465	0.0392887589	0.047852472	-0.0664432277	-0.0278494628	-0.0281741539	-0.0562839445	-0.0607796013	-0.0348831817	0.0035623502	0.0991099803	-0.0093640347	-0.1059667922	-0.0130953678	-0.0444844221	-0.0253445965	-0.0891417508	-0.0210000692	0.0409130484	0.0551657874	-0.0886156423	-0.0486494591	-0.0205815543	0.0844175358	0.1018611537	-0.022848679	-0.048712847	-0.0230535198	0.0231192664	0.1224667116	0.0037643915	-0.014108094	0.1156503751	-0.0663064576	0.0643497068	0.0215060177	-0.0336657318	0.0557084718	-0.0039845134	-0.0207558894	0.0799764579	-0.1101731062	-0.0998522385	0.0214264777	0.0043093386	0.0683185358	-0.0603244765	0.0334316229	-0.0335995702	-0.0161352512	-0.032973879	0.0119394155	-0.0114014897	-0.0433759847	0.0224845973	0.0808837272	-0.060637674	-0.0107296473	0.0748920628	-0.0887648233	0.0430324377	0.0315960199	0.0367746026335424	-0.0230059963082426	0.0005292758661348	0.0013523713988549	-0.0785660845228477	0.0359013499563473	0.0012889069286881	0.0061726296372512	-0.0009366882066359	-0.0052376051177418	2.743250736939509e-05	8.773847964507785e-07	0.0016388979843631	-0.0006899654722706	2.685986603149432e-06	4.760523529255922e-07	-0.0013158781809388	-0.0005768539863615	1.731535387070805e-06	3.327605215812689e-07	-0.0016789257979543	5.771999476849991e-05	3.3315977960756563e-09	2.818791835036483e-06
767.5337290161256	1.0614910231389558	589108.0251773993	1.126763192204587	974.485847343098	3.8528425476768007	949622.6666719958	14.84439569718866	780.9804183455917	2.3676417582744307	5.605727495524838	609930.4138392555	802.9094863424899	688.078669096863	1.068813	30.592957	0.1352530601844385	0.0677543731106033	-0.0706102208	-0.0492523089	-0.0364335868	0.1467521768	-0.0171449801	0.0086001391	-0.0271772006	-0.0671577039	-0.0374277619	0.0714980169	0.0836219877	-0.0467285926	0.0343818405	0.0277933072	-0.0096376806	-0.1026230587	0.0860975485	-0.0084509339	0.0441908738	-0.066758197	0.0531439222	0.06447043	0.0163529849	0.0255806766	-0.0401739031	0.0085991663	-0.0733698941	-0.0249195764	0.1157243534	0.0161284805	0.0646409922	-0.0569239099	0.0407067348	0.0993071179	0.0206121136	-0.0456280737	0.111558405	0.0143659168	-0.0836606399	0.0076967174	-0.032342453	-0.1804377513	-0.0061614579	0.0495397377	0.0368300517	0.0419685638	-0.00787293	0.1117493128	0.0334747721	-0.028927386	-0.0709943802	-0.0029337951	0.0911244972	-0.0144065202	0.0797211611	-0.0061896651	-0.0477546833	-0.0501741729	0.0907692125	0.0263768478	0.0029551518	-0.0278175691	-0.1476141114	-0.0634596789	0.0331916316	-0.0157252219	0.0590260773	0.020680858	0.0046079519	0.0267565569	0.0343951494	-0.0284524163	0.0237868612	0.0154365898	-0.0044868372	0.0003207997	0.03177563	0.1368945909	0.1079404304	0.1228875051	-0.1113927758	0.0960808825	0.0835502511	-0.0264054883	-0.0317880576	0.0482511412	0.0443755215	-0.021044543	-0.0720128319	-0.0889419633	0.0701119243	0.0396568884	0.0373025411	0.0461727496	0.109640253	-0.0065916716	-0.0012618007	-0.0049924855	-0.0029545662	-0.0014323783	0.0211682329	0.101505953	0.0861435822	-0.1091346823	-0.0016635519	0.0411262272	0.0513537622	0.0965549909	-0.0626402444	-0.0580968475	0.034762738	0.0012014865	-0.0186102433	0.098595884	0.054334854	-0.0204147388	0.0005949609	-0.1164876268	0.0933394072	0.0172617222	0.097626367	0.0035209726	0.1032380573	-0.0216563137	-0.0251828152	0.0873191756	0.0280675803	-0.0322599173	-0.1499018644	0.0455966033	0.0272193974	-0.0115405812	0.0634718471	0.0170986318	0.0355661112	0.089061075	-0.0361377913	0.0585237864	0.0875765142	-0.0252217502	-0.0482957802	0.046957167	-0.0319546511	0.1192038566	-0.0859955653	0.0718812457	0.0032943665	-0.044052331	-0.0455057799	0.0156539913	0.0677923238	-0.0058384142	0.0696400125	-0.0135472275	0.009327612	-0.0666133396	0.0658230509	0.0056507776	-0.0175697803	-0.0391047648	0.005814612	-0.0404748082	0.0305291936	-0.034079298	0.075632175	0.0713260385	-0.0555828962	0.1732079816	-0.0530374787	-0.0565882885	-0.0286558085	-0.0136999378	0.1183809375	-0.0218372478	-0.1286376389	-0.0824319278	0.0710271761	0.0210363489	-0.0404140197	-0.077078157	0.0994414616	0.0308179277	-0.1169343618	-0.0491570482	-0.0551803552	-0.0469941019	-0.0271101669	-0.0231279884	-0.0184594595	0.0306187943	0.1319793114	0.0080051841	0.0179310525	0.0090683258	-0.0728447359	-0.0978962179	-0.0986279772	-0.0691949092	-0.0015184376	0.0718785218	-0.0615256851	-0.0083529168	0.0727850846	-0.0897584821	0.0482057789	0.0247790096	0.0385067553647786	0.0017321527312361	3.000353084329018e-06	0.0014827702087229	-0.1049515614923137	-0.026385476969466	0.0006961933949062	0.0110148302596749	-0.0235169676103623	-0.0225802794037263	0.0005098690179503	0.0005530477655868	0.002455992866285	0.0008170948819219	6.03190095924281e-06	6.676440460629639e-07	-0.0007386985600734	0.0005771796208653	5.456755626545145e-07	3.331363147423268e-07	-0.0013820972791414	0.0002968285188129	8.810716958066017e-08	1.910192889010061e-06
766.840559375863	-0.6931696402625676	588044.4435038865	0.4804841501817373	978.633518522436	4.147671179337976	957723.5635756032	17.20317621191088	780.8890663124062	-0.0913520331855579	0.0083451939671352	609787.7338862615	803.1799102039644	693.190597372082	1.047538	29.984001	0.1043257829655999	0.0548326033871286	-0.0104518702	-0.1041297319	0.0724359374	0.0809327328	0.035671171	0.0136906013	0.020660906	-0.0972288146	-0.1232216711	0.0207846762	-0.014550537	-0.1289329466	-0.0620943543	-0.0814121599	0.0342306417	-0.0385580654	0.1051033525	0.0707649598	-0.0646893741	0.1003115	-0.0035383874	-0.0242056888	-0.0317350428	0.0438745992	0.0688638465	-0.0104572692	-0.0632715522	-0.0524688823	0.0760966479	0.1027218736	-0.0387718956	-0.1041943066	-0.0025865858	0.019731146	-0.0703747272	0.0087795015	-0.0362251625	-0.0543098274	-0.1201455416	0.005655552	-0.0157545445	0.0886044127	0.0334575952	-0.0182296139	0.0436430939	-0.0286117325	0.0046000601	-0.0052482476	-0.0460114672	-0.0447376882	-0.1024614261	0.0138509714	-0.0562193821	-0.062154413	0.0733795332	0.0815891638	-0.0066222627	-0.0690430927	-0.0817058191	0.0473950786	0.0191839414	-0.0279294792	-0.0059832601	0.1571759455	0.021698502	0.1560244453	0.062826399	-0.0227190485	0.0242956177	-0.0172094224	-0.0431785763	0.1134602093	0.0601029948	0.0234321914	0.0322870321	-0.0516961512	-0.1162296808	0.0917067677	0.0121553315	-0.061172539	0.0038538276	0.0093749294	0.0355596486	-0.0517577253	0.0648633265	-0.0826238222	0.0823635514	0.086843712	-0.0407014721	-0.0453290919	0.0872344645	0.0918163919	0.0077950038	-0.1326402263	0.0317305168	0.0375268443	0.1085613864	0.0869242523	-0.0102289996	0.1457722746	-0.0401673551	-0.0251149679	-0.0253850089	-0.1510484418	-0.0401291462	-0.0218096986	0.0453911709	0.0518293788	0.0852167405	0.0271624573	0.0157238687	0.038683604	0.0204904316	-0.1270824113	0.0471293951	0.0520020085	0.0257524505	0.0857598226	0.0022834203	-0.0215475259	-0.0023561268	0.1263700077	-0.0230850138	0.0326037987	0.0238146964	0.0934978072	-0.0338304559	-0.0805033215	-0.0191515686	-0.0141213103	-0.0354847988	0.0524118902	0.0534544392	-0.0394309951	-0.0203568472	0.0235534565	-0.0727900112	-0.1772698599	0.1748116261	-0.1120491531	0.0054045007	-0.0541217407	0.0025636059	-0.0525087697	0.0233702736	0.0192108487	-0.0018752703	-0.040570174	0.0422962039	-0.0708252738	-0.0575157572	0.0401190821	-0.0354889053	-0.0497697406	0.0294049457	-0.1440498456	-0.0417170307	0.0338337115	-0.0344097759	0.0530614195	0.094693732	-0.0119980919	0.0251968249	0.067364062	0.0226485642	0.101513541	-0.0131838548	0.0347874773	-2.75662e-05	0.0463464824	0.0451830007	0.0547526096	0.064801368	-0.0256276094	-0.1637307802	0.1024468916	0.0083837391	0.1245131515	0.0300663471	0.059434272	0.0649311784	0.0028403054	0.0254970884	-0.0635199559	-0.0031206094	-0.0071317097	-0.0882701163	0.0220911374	0.0348780741	0.054394299	-0.0119954656	0.1014629975	0.0217121078	-0.0423971963	-0.0050330049	-0.1334395065	0.0022309733	-0.0297944836	0.0399379361	-0.0350988126	-0.062403154	-0.0059704615	0.0705658771	-0.0905061192	0.0531726956	0.0178092284	0.0368369109445581	-0.0016698444202205	2.788380387741541e-06	0.0013569580079373	-0.0645399725741526	0.0404115889181611	0.0016330965188904	0.0041654080598723	-0.001318372491994	0.0221985951183683	0.0004927776252292	1.7381060276464694e-06	0.0021938200689238	-0.0002621727973612	4.812846494812826e-06	6.873457567619697e-08	-0.0002560775775957	0.0004826209824776	6.557572574728175e-08	2.3292301272774042e-07	-0.0014382185894795	-5.612131033809996e-05	3.1496014740653244e-09	2.0684727111244024e-06
767.0598808314732	0.2193214556101566	588380.8607811938	0.0481019008909578	980.7394593845714	2.1059408621354123	961849.8871939414	4.434986914811644	782.3862336763033	1.4971673638971197	2.2415101155186505	612128.2186461911	804.5094521276811	683.6860838990036	1.026514	29.382223	0.0773801348813462	0.0373899662322681	0.025981996	-0.1151747905	0.0342184888	0.0471314927	-0.0395301921	-0.0952636563	0.0560358643	0.0142412746	-0.0821827583	0.1442467215	-0.0054926004	-0.0890782092	-0.04356601	0.0344735145	0.0303217272	0.0229484119	0.0464061222	0.0915703899	-0.0924277514	-0.0520431062	0.0195268782	0.0127930488	0.0363978924	-0.1036677703	0.0129843258	-0.0382254463	-0.0267270513	0.0100161255	0.0747829872	0.1533992543	0.031062824	-0.0342734339	-0.0535442097	-0.0436470351	-0.0082274261	-0.0580186318	0.0219225387	0.1129118568	-0.0988894073	-0.040384057	0.0434529676	0.0335625663	-0.034106465	-0.0251895414	0.0262597793	-0.10512734	-0.0389753631	-0.0907394831	0.0240884798	-0.0769580696	0.004864904	0.0333234473	0.0891233917	-0.0594509786	-0.0398205481	-0.0139219658	0.0034299896	-0.1356196586	0.121811215	0.0030438137	-0.0612569963	-0.0071150655	-0.1199328131	0.0465464856	0.0353984695	-0.0417020714	-0.0979808174	0.0503880411	-0.0361901503	0.0757127515	-0.0453641078	-0.0323269721	0.0207114489	0.0012384062	0.0160764035	0.1340371684	-0.0212690533	0.0346041876	0.042660936	-0.0249328535	0.0018917289	-0.0719823963	0.0873322611	-0.0763345002	0.0093899265	0.0055164913	-0.059452902	0.144746016	0.1104609937	-0.0028737665	0.06712476	-0.0602149719	0.0592370049	-0.0156510096	-0.0357199046	-0.0941460497	-0.0181387704	0.0703445374	0.0672190185	-0.0051996089	0.00115038	0.0974849679	-0.0372986347	-0.1036702391	-0.0505688196	0.05873772	0.0644677166	0.0250315317	-0.0520924796	-0.0085303142	0.0570969894	0.010725786	0.0088241561	-0.0897158501	0.1194042975	-0.0701306227	-0.0585418272	0.0592566303	-0.0293629211	-0.0984280553	-0.1109865576	0.0463374891	0.0290081676	0.007885308	-0.0043255102	-0.0413585833	0.0890279471	-0.0480735999	0.0061038185	-0.0630624516	0.0636007753	-0.0826467931	-0.0526397491	-0.0156098526	-0.0568954245	0.057815619	0.0719746585	0.1146778532	0.0031288385	0.0378647201	-0.090324069	-0.0892527155	-0.0555659923	0.0268008353	0.1147952269	0.0340895311	0.031399071	0.0189703626	-0.025587433	-0.0392695651	-0.0017563796	0.0803313001	-0.0076063014	-0.0335813274	0.0512129491	-0.0424128659	0.0370244226	-0.04630356	-0.0523257817	-0.0031968566	-0.0484634116	-0.1133877931	-0.0701233652	0.1344776374	0.0674620634	0.0040097086	-0.0429306886	-0.0650844566	0.0249332383	-0.0613086244	0.0929739478	0.0606474608	-0.0015023064	-0.0363948207	0.0217860102	0.1397691668	0.0448015246	0.1270831574	-0.0912821845	0.0343416586	-0.0074774431	0.0119111736	-0.0278824981	0.0691969939	-0.0660836174	-0.1247430519	-0.0604367386	-0.0831513114	0.0395241684	0.0559730739	0.0609237087	0.0951922361	0.056621687	-0.0595425225	-0.0166974641	0.0394498225	-0.0637004802	-0.0189787474	-0.0248518494	-0.0125343147	-0.0632699305	-0.0035839144	0.0682378621	-0.0910056853	0.0579119187	0.0107296473	0.0306584144934305	-0.0061784964511275	3.8173818396596336e-05	0.0009399383792509	-0.0791948182852735	-0.0146548457111208	0.0002147645028167	0.0062718192432374	-0.0276768305885468	-0.0263584580965528	0.0006947683132277	0.0007660069514271	0.0023890926154173	0.0001952725464935	5.707763525041474e-06	3.813136741405612e-08	-0.0005991413301391	-0.0003430637525433	3.5897033348085e-07	1.1769273830915917e-07	-0.0013727881960655	6.543039341399995e-05	4.281136382310808e-09	1.8845474312567697e-06
767.3027211471059	0.2428403156327476	588753.4658797533	0.0589714188966125	975.0776081085204	-5.661851276051038	950776.3418346331	32.05655987212077	781.1801029239689	-1.2061307523343885	1.454751391726718	610242.3532043026	803.6496316090095	686.0808133781801	1.065758	30.505526	0.1209746119034825	0.0686530417292288	0.0196444942	-0.1298441813	0.0370107448	-0.0186113291	-0.015563534	0.0426836809	-0.0593369061	-0.0242115231	0.0355992058	-0.0256841735	0.0449557015	-0.0620239303	-0.0525011815	0.0281672387	0.0670982406	-0.0018724529	-0.1024053992	-0.0053807717	-0.139009687	0.0147197487	0.0071032401	0.0402690136	-0.0054760552	-0.0530854427	0.0544288966	0.0641108029	0.0714821568	-0.0057235633	0.0196842386	0.0885904428	0.0200490169	0.0996222026	0.0295831068	0.1291586647	-0.018279653	0.0121635817	0.0337215601	0.0948522611	0.0085059752	-0.03642557	-0.0437423023	-0.0004325099	0.0050563027	0.0226098669	0.0676235434	0.0505290968	-0.0629243347	0.0053304157	-0.0509675431	0.0113038293	0.0475072254	0.0005795058	0.1433468877	-0.0594975214	-0.036649846	-0.107352838	-0.0018312817	-0.0184832408	0.0887100799	0.1271861326	0.1063407256	-0.0203485389	-0.1174130355	-0.0072618312	0.0233030981	-0.0401415353	-0.0244472734	0.0133363391	0.0201002717	-0.0017824242	-0.0590725719	0.0112176615	0.049917437	-0.021534274	0.0228594237	-0.0006341282	-0.0624540591	-0.0309830099	0.0122147536	0.0156746664	0.1252323674	-0.1006790287	-0.0308842981	-0.0727474535	0.0518372688	-0.0219197478	0.0452323781	0.0355374347	0.0333451037	-0.0164384107	-0.0709364982	-0.0101367877	0.010680634	-0.0030959101	-0.1739158439	-0.0522542758	0.0632004934	-0.0325841175	0.0111417015	-0.1474816477	0.02574338	0.1171049282	-0.0069387203	-0.0496732743	-0.0903271699	0.0829449145	0.0318813666	-0.0591170629	-0.0226200106	-0.0306459199	-0.0473293563	0.0852882488	-0.0824338816	0.0953500629	0.0701971037	0.0365691856	-0.0274561176	-0.1266136339	-0.0612544645	-0.0565285755	-0.0139356281	0.0514116942	-0.0402813527	0.055409339	0.0289222551	-0.0578844075	0.0316110567	0.0059103677	0.1509561222	-0.0542839926	-0.0906287559	0.0272517824	0.1024478009	0.0189343863	0.028230767	-0.0277127301	0.0428033748	0.0142210098	-0.042449219	-0.0046843263	-0.0383135707	-0.0409102648	-0.0878153383	0.0118123964	0.124399079	0.0870484951	-0.0090167857	0.0360157256	0.0733054775	0.0034818291	0.0673370221	0.0281055309	0.0395627592	0.0253614422	0.0037505297	-0.0031845483	0.0755119146	-0.0739572502	0.0757912781	-0.0637283342	-0.0490967298	-0.0682669514	-0.0037463157	0.0190309889	0.0005274392	0.0832896741	0.0947597865	0.0328155737	-0.0952659972	-0.077902531	0.0415566795	-0.0178914424	-0.0244940263	0.0147035218	0.0325201512	0.0224643542	-0.0367490374	0.0300122411	-0.0079717888	0.1017322382	0.0350791551	-0.0655521418	-0.0352752103	0.0261622252	0.0204472239	0.0357369514	-0.0037230025	-0.0320879294	-0.036530662	-0.0675334421	0.0371358948	-0.0188794861	0.0594711669	-0.0096193164	0.0805756695	-0.1493260783	-0.0683961871	0.1328304991	-0.0629673383	0.1015329545	-0.064125866	-0.0011949111	0.0658046293	-0.0912558111	0.062403154	0.0035839144	0.0397621078271868	0.0091036933337563	8.287723231507896e-05	0.0015810252188608	-0.0951466382177841	-0.0159518199325106	0.0002544605591592	0.0090528827641458	0.0263192005675989	0.0539960311561457	0.0029155713806154	0.0006927003185174	0.0018618899751521	-0.0005272026402651	3.4666342795718878e-06	2.779426239025977e-07	-0.0009037731069427	-0.0003046317768036	8.168058288328611e-07	9.28005194385184e-08	-0.0013661612635129	6.626932552600056e-06	4.3916235056710294e-11	1.8663965979231635e-06
767.5154900021473	0.2127688550414177	589080.0273932363	0.0452705856756358	972.5453052304008	-2.5323028781195944	945844.3707256934	6.412557866532781	780.8184316595037	-0.3616712644651443	0.1308061035398163	609677.4232192071	803.4526226939532	687.3171690705815	1.033722	29.588558	0.1418267233826615	0.0700529566756399	-0.0061955317	-0.0823057116	0.052005667	-0.0731997037	-0.0387218034	-0.0621798252	0.0905894449	0.0907718876	-0.0952867418	-0.0030525511	-0.0045953798	-0.0547421501	0.0299686762	0.0724883231	0.068365724	0.1134285618	-0.0536917899	0.0253858844	-0.0422587647	0.0734757465	0.0460074452	0.0438940974	-0.0276721	-0.0044834925	0.0126472421	-0.1124289885	-0.0234442966	0.0479779098	0.0548758841	0.1002633157	-0.1419811539	0.104960331	-0.1425420135	-0.0220281356	0.0118113166	0.0922550133	0.101433933	-0.0358636905	0.0184876168	0.0328154975	-0.0671065378	-0.0758758315	-0.1100905686	-0.0066152659	0.0163076449	-0.0893399026	0.0220717109	0.0287275368	-0.0278478741	-0.0720118258	0.002479861	-0.0115053864	0.041821524	-0.0300633496	0.1218135461	0.0205552725	-0.1190221488	0.0141609869	-0.0621874847	0.0175045134	-0.1512150314	-0.0608386093	0.1206498243	-0.0648732872	-0.0758385265	0.007550608	0.0672980636	-0.0338380759	-0.0680579215	-0.1352164725	0.0110534898	-0.0189830125	0.0530940013	0.0238274029	0.0001348951	0.0136861991	0.0240132166	0.0317562273	0.124755729	-0.0148820328	-0.0078716487	0.0911855274	-0.0511107431	-0.0733292875	-0.1929195671	0.0360118258	0.0217390268	0.0081411926	0.0057669434	0.0503317744	-0.0515570757	-0.0886258378	0.0183603101	-0.0854029759	-0.0073654723	-0.0232694014	-0.0340908298	0.0250275218	-0.0724641089	-0.0425287627	0.0905995069	-0.1001766816	-0.0281290781	-0.0205298314	0.0170189717	0.1690455176	0.0397171892	-0.1191362026	-0.0152743344	-0.0272502287	-0.1302120884	-0.0398889174	0.0021494342	0.011875458	0.0413328025	0.0130607358	0.04072684	0.0827216008	0.0569563001	0.0365113598	0.0223952306	-0.0483729177	0.1551458768	0.0028660834	0.1087127986	0.0530656954	0.1470475215	-0.0249624958	0.0161827075	-0.0313029376	0.0459984698	-0.0343431142	0.0081321341	-0.0548222861	-0.0484130215	0.0408172572	0.0254232624	-0.0139755949	0.0314601434	0.0859945467	0.0904778786	0.1160794929	-0.0037606686	-0.0303838161	0.0075408528	-0.0568192734	-0.0724641784	-0.0130180564	-0.1039199884	0.038741163	0.053697642	0.0039910761	-0.1750621094	-0.0118218236	-0.0366207876	0.003737187	0.1213435393	-0.0060471653	-0.1165945381	0.0319392185	0.0300988516	0.0461833201	-0.1042475503	0.0213626358	-0.0354098179	0.0955628883	-0.0931499218	-0.0838926765	-0.037611715	0.0612687964	-0.1128040933	-0.076702676	-0.0383543555	-0.0119118654	-0.0733740176	0.0812356437	0.0767139928	0.0473930277	-0.0436241216	0.0757440054	-0.0396075864	-0.0899938581	-0.0306237419	0.0628561479	-0.0310409566	-0.0482491992	0.0663428869	-0.050925368	0.0046370161	0.0265304463	-0.031029817	0.0462322432	0.0718988855	-0.0852534592	-0.1399435389	-0.0769535147	-0.025266185	0.0065754386	0.0156801156	0.0980726684	-0.0649708138	0.0011949111	0.0632699305	-0.0912558111	0.0666271694	-0.0035839144	0.0250836542617065	-0.0146784535654803	0.0002154569990739	0.0006291897111208	-0.066421161740962	0.028725476476822	0.0008251529988204	0.004411770727019	-0.0234068114703802	-0.0497260120379791	0.0024726762732012	0.0005478788232099	0.0023866417380332	0.0005247517628811	5.696058785722135e-06	2.753644126468225e-07	-0.0005989596872759	0.0003048134196668	3.587527069816439e-07	9.291122080896876e-08	-0.0012217908200132	0.0001443704434996	2.0842824956300032e-08	1.492772807868528e-06
767.0921626854656	-0.4233273166817071	588430.3860534648	0.1792060170489343	973.4653954289176	0.9200901985168456	947634.876097579	0.8465659734067685	780.4145393257027	-0.4038923338010818	0.1631290173032845	609046.8531909487	802.7541329881699	691.3872002339566	1.065294	30.492233	0.1446787165908815	0.0696720682000892	-0.0237665752	-0.0255046137	0.0202306531	-0.114509575	0.0660307872	-0.0385439345	0.105144204	-0.0596991905	0.113429331	-0.009634774	-0.0235943731	-0.0224758555	0.0525642781	-0.0332837859	0.0267250295	0.0143933434	-0.1307676636	-0.1134725085	0.0101581094	0.006038072	0.061252697	0.0725773903	0.0510737799	0.0014900693	-0.0135939551	-0.0532698251	-0.000685729	0.0433301938	-0.0841337069	-0.0060697691	0.0197681214	0.1945769076	0.0390049447	-0.0017275779	0.0425956949	-0.1398617646	0.0079636891	-0.0608168884	0.0182367649	-0.0834418619	-0.0468375896	0.0423939777	-0.0254370853	0.0306831097	0.0757448371	0.0069539048	-0.0471922529	0.0956757176	0.0711875847	-0.0316864897	-0.0684113159	-0.0571959854	0.0108565428	-0.0381175624	0.0277436079	-0.0905403757	-0.0308159616	0.0237327205	0.0065687769	0.0092317913	0.0314715803	0.008728417	-0.0668251294	0.067542659	-0.0332079291	0.0320552706	0.0028618036	-0.0160759622	-0.0147208473	0.0098496901	0.0145546629	0.0856980631	0.011348459	9.04045e-05	-0.0167752036	-0.0541943931	-0.0988917767	0.0070256559	-0.0911441533	-0.0605896949	0.0368275796	-0.0388809286	0.0376906907	-0.0335005791	0.1045301397	-0.0089663296	0.0570107659	-0.1268953433	-0.143741885	0.1385781883	-0.0545958154	-0.0144847511	-0.0529497673	0.0185641067	0.0560709209	-0.0659950892	0.0075694868	0.0528275081	0.0718802014	-0.0429634543	0.0347139834	-0.0241161486	-0.0124058542	0.02147954	-0.0012214058	-0.0563505883	-0.0545810922	-0.1796846089	-0.0254474178	-0.0928308522	-0.0650170171	0.1225267183	-0.0137404324	-0.055722406	-0.0145581692	0.0626742074	-0.0940199363	-0.0841670348	-0.0931852157	0.0293877581	0.0954068325	0.0296696354	0.0250603516	0.0614326199	-0.012591932	-0.0084586915	-0.0161900188	0.0113759599	-0.0275981433	0.0172856496	0.0218932536	0.0267310361	0.0339884876	-0.0039121429	-0.0032526705	0.0016902052	0.0456199645	-0.038046498	0.0493046924	-0.037352933	-0.0725899439	-0.0277084909	-0.0127320322	-0.0203140236	0.0297099419	0.1007811273	0.0267556514	0.1416525269	0.0241154141	0.0147246027	-0.030544769	0.0339706917	0.0265092139	0.0674947356	0.0690878858	0.0772427719	-0.0751311869	-0.0154950251	-0.004423218	0.0765144572	0.0717075963	-0.0830645204	0.0719155902	0.1003180697	-0.0720122459	-0.1061848371	0.0398037603	0.1065052202	-0.0199021715	0.0737984573	0.043140995	0.01634985	0.0151909345	0.1581763935	-0.0593412441	0.028170434	0.0056561674	-0.0322431361	-0.0037022481	0.0420802845	0.001422503	-0.1176944025	-0.0100279194	0.0585205255	-0.0630376528	0.145601582	0.0366279816	-0.1149337316	-0.0177234633	-0.0415687494	0.0258383837	-0.0781614229	0.02279448	-0.042723064	0.0349408716	-0.0130217267	-0.1309551703	0.088627578	-0.0702794608	-0.0493718855	-0.0658046293	0.0035839144	0.060637674	-0.0910056853	0.0705658771	-0.0107296473	0.0442365066578531	0.0191528523961466	0.0003668317549085	0.0019568685212902	-0.090155151698724	-0.0237339899577619	0.0005633022793151	0.0081279513778199	0.0175910892219377	0.0409979006923179	0.0016808278611771	0.0003094464200141	0.0016180809839517	-0.0007685607540815	2.618186070626102e-06	5.90685632714324e-07	-0.000832817483203	-0.0002338577959271	6.935849603285792e-07	5.468946871588116e-08	-0.0010083298991287	0.0002134609208845	4.5565564744858816e-08	1.0167291854768942e-06
766.2923354002187	-0.7998272852469199	587203.9432931213	0.6397236862254578	973.0804533958436	-0.3849420330740258	946885.5687810606	0.1481803688271644	780.4869852839289	0.0724459582262397	0.005248416863318	609159.9341975958	802.9211923333262	698.4106611570623	1.062201	30.403715	0.1277445653152092	0.0592974745702907	-0.0761940994	0.0077015348	0.0791622533	-0.0844872924	-0.1001164114	0.0574545293	0.1742387031	-0.0069332357	-0.1011210042	-0.0588932286	-0.0982074123	-0.0056989389	0.1155584711	0.0102507352	-0.017570832	-0.0045348523	-0.0696642436	-0.1046418107	-0.0093239177	0.022004126	0.023978923	0.0100084472	0.0164563375	0.0787051624	-0.0659250218	-0.0993271353	-0.0423541208	0.0179377862	0.0593576036	0.0013513531	-0.0887130412	0.1105571028	0.0263720532	-0.0048706877	-0.0628202682	0.0663065154	-0.0127320407	0.0473152571	-0.091313051	-0.0275210279	-0.0994502112	0.0645454282	-0.1350997904	0.0429630747	0.0353506409	0.0197497503	0.0166115734	-0.0658233103	0.0506855361	0.067472109	0.11204718	0.0411074241	-0.0035655564	0.0918341117	-0.0863109528	-0.0554256952	0.0862671519	-0.033051919	-0.1316193102	0.041404243	0.0175016482	-0.0104972974	0.0282947821	-0.0242203979	0.0892645772	0.0071564573	-0.1004286654	0.0289192423	0.011490138	-0.0524713526	0.0510558712	-0.0649862243	0.1393054564	-0.0410477045	0.0456019288	0.1874388054	0.1079998419	-0.0176449216	-0.0142740602	-0.0151778884	0.0187052907	0.091672089	-0.088108995	0.0577147222	-0.0038565165	0.0798073193	-0.0723534696	0.0631427358	-0.1550345003	-0.1144894588	-0.0950060203	-0.0411617915	0.0886594682	-6.6703e-05	0.0423907564	0.0039467011	-0.0997345932	0.082315883	0.0359675656	0.1070324686	0.0289998757	-0.0441875254	-0.0497057486	-0.0130536603	0.129428393	0.0024562524	-0.0168591563	-0.083520432	-0.0091878402	-0.0816265061	-0.0320842726	0.0591068619	-0.0433149802	0.0641785626	0.0258124337	0.0328306701	0.0610050773	0.065463287	-0.0620010526	0.0167078132	0.0218227095	0.1207690639	-0.0931251382	-0.0347622391	0.1297950931	-0.0274602844	0.0590013551	-0.044061621	0.1627516476	0.0442796335	0.0048808877	0.0076984419	-0.1410654317	-0.0240105025	0.0104781195	0.0863562521	-0.0019434882	0.1237423084	-0.0354991914	0.0011059658	-0.031344225	0.0091191089	0.0529051067	-0.0162198683	-0.0847777695	-0.0435531535	-0.0067027923	0.0687999254	0.1298279585	0.0562489279	0.0066545108	-0.0429533879	-0.064154182	-0.0609132985	-0.0146375238	-0.018206719	-0.0202292422	-0.0982360151	-0.0153855979	-0.0268243911	-0.0392767519	-0.042974601	-0.0681194987	0.0020239844	0.1066599379	-0.0342323131	-0.0823910816	-0.0814580243	0.1063804845	0.0618365459	-0.0205285908	-0.0986562059	-0.0512651883	-0.0770233579	0.023606437	-0.1118604981	0.0658788993	-0.0125117933	0.0753101309	0.0246260419	-0.0814354769	-0.1379856262	0.0408803045	0.0223592379	-0.0651732448	0.0559996382	-0.0380346499	-0.0408384313	-0.0296981086	-5.50144e-05	-0.0935637146	-0.1251286061	0.0256699563	-0.0225974241	-0.0838205791	0.0198845143	-0.1384673382	0.1342747408	-0.0885794131	-0.0999573517	-0.0666271694	0.0059704615	0.0579119187	-0.0905061192	0.0742024108	-0.0178092284	0.0302020318076188	-0.0140344748502343	0.0001969664843218	0.0009121627253084	-0.0648341521034154	0.0253209995953086	0.0006411530205056	0.0042034672789688	0.0041896094119664	-0.0134014798099713	0.000179599661097	1.755282702483744e-05	0.0022751662839697	0.000657085300018	5.176381619712494e-06	4.31761091499745e-07	-0.0009879320759715	-0.0001551145927685	9.76009786733358e-07	2.4060536889737633e-08	-0.0016958822275361	-0.0006875523284074	4.727282042984374e-07	2.876016529672805e-06
764.7944000531497	-1.4979353470689605	584910.4743526572	2.2438103039986066	977.1605123173108	4.0800589214671845	954842.6668322294	16.646880802643963	779.8151781695025	-0.6718071144264286	0.4513247989939645	608111.7121035329	803.2790925622667	700.5981346486985	1.065508	30.498377	0.1043960568188633	0.0480084709028408	-0.0307893086	0.1101254471	0.1029935461	-0.0516387066	0.0347333562	0.1258048764	0.1361071571	0.0013052336	0.0558824515	-0.0175992633	-0.1155690339	0.0759502884	0.0320153439	-0.0052362015	0.1039052821	-0.0666692247	0.0611331215	-0.1400443147	0.0709449126	-0.063702785	0.0607140781	0.0296655493	0.0051193778	-0.0004275044	-0.0681896585	-0.0215885784	-0.0243397699	-0.0036530572	0.002855602	0.0063248761	-0.0118236909	-0.0198821428	-0.0572447364	-0.1219931622	0.0541644946	-0.0499616165	-0.0696664713	-0.0419997939	0.0167919727	0.0443681729	-0.0290067337	0.0061102656	-0.0874019759	-0.0452291043	-0.0323685239	-0.0792205229	0.0294227636	0.0258977264	0.0397248878	-0.1114909697	-0.0190521809	-0.0721094383	-0.0158482745	-0.0283912352	0.0789614862	0.0943092334	-0.0375717845	0.0317698732	-0.1081442476	0.0109483445	-0.0877041103	0.0747895178	-0.1007316425	0.0332843722	0.0971796213	-0.0551751027	0.0292488923	-0.0066141215	-0.1069550402	-0.0050646466	0.1034863803	-0.0434532222	0.0532133326	-0.0994901362	-0.0351354363	-0.0896974834	0.0002247346	0.0230997426	0.0457028733	-0.0120507378	-0.0628988656	-0.1324659634	0.1109388319	0.0599479034	-0.0159182238	0.0183683099	-0.0630900867	0.0380239087	-0.0283135985	0.0925215278	-0.055723656	0.0119885179	-0.0080232349	-0.0150815686	-0.047959812	0.0386761115	-0.0859858406	-0.0865677676	-0.052133533	0.0267400931	-0.0199175232	0.067349497	-0.0965881916	0.032042551	0.0728839927	-0.083622131	0.1247696135	-0.0562462727	-0.0287623651	0.035581933	0.1006240996	-0.0093296294	0.0003859117	-0.0425750485	-0.0723337759	-0.1201533426	0.004238134	0.0236014173	0.0207500863	0.1326047644	0.1031690061	-0.0606174124	0.0741735344	0.0616671637	0.0374951621	0.0099730534	0.0569522221	-0.0224837815	-0.011480873	0.0189735494	-0.0677320938	0.0718648589	0.039107603	0.0768930433	-0.1142458096	0.0674546443	-0.0297015944	0.0436895774	-0.0252881102	0.0851322612	-0.0288639781	0.0317484573	0.0172783859	0.1513817355	-0.1066320381	-0.088961588	-0.0855020955	-0.0545241602	0.0273995235	-0.0648284909	0.012370075	-0.0306872395	0.0261217203	-0.0681827424	0.0453805786	-0.0773733981	0.0053219486	0.121833917	-0.06196821	-0.0232109639	-0.0921070057	0.0541054479	-0.0122462377	0.0712251495	-0.1256500391	-0.0573165982	0.1203399162	0.0044564336	0.0570946128	0.0085328774	0.0538568656	0.0018715503	0.0273478335	-0.0232228475	-0.0152794911	0.0153904702	-0.034389055	-0.0288399095	0.0565170495	-0.1348266139	0.0245822648	-0.0481938312	0.0239990492	0.0174962794	-0.1026021052	0.0094260078	0.0725673332	-0.0087107488	-0.0139299585	-0.1609256463	-0.0207731958	-0.1380548693	-0.1379481724	0.0997829254	-0.0999763348	-0.0128216466	-0.0633816202	0.0815320669	-0.1491997974	-0.0503798828	-0.0674382934	0.0083529168	0.0550968674	-0.0897584821	0.0775211985	-0.0247790096	0.0441978309445261	0.0139957991369072	0.0001958823934806	0.0019534482602009	-0.0912150109853229	-0.0263808588819075	0.0006959497153471	0.0083201782290525	0.0274790614406299	0.0232894520286635	0.0005423985757954	0.0007550988176579	0.0021101558490948	-0.0001650104348749	4.452757707468996e-06	2.7228443617603664e-08	-0.0004356862281087	0.0005522458478628	1.8982248936358618e-07	3.0497547648170295e-07	-0.0015985395748461	9.734265269000018e-05	9.475592032726e-09	2.55532877234915e-06
763.1721785364678	-1.6222215166819751	582431.7740920982	2.631602649185968	980.1228261860934	2.962313868782644	960640.7544110152	8.775303457181996	778.9231934418549	-0.8919847276475821	0.7956367543565311	606721.3412816573	801.9580680012641	689.2037058173765	1.133051	32.431671	0.1315455908809438	0.0701118888856628	0.0723387255	0.1094896873	0.0762229466	0.0900382481	0.0377138794	-0.0126398455	-0.0130809854	-0.1515669185	0.0120641531	-0.0004869875	-0.0990996949	0.0743797763	-0.076342514	-0.0678552228	-0.0336433441	-0.2015788305	0.1018712161	-0.0277050354	-0.0622714273	-0.0007113122	-0.0105251737	0.0086839915	0.1578117487	0.0757610436	0.1304315492	-0.041983477	0.0427350383	0.068999668	-0.0938485201	-0.0012887476	0.1085776663	-0.0956340381	-0.0107257679	-0.0419292221	-0.1170150942	-0.014642103	0.0162086312	-0.0468352814	-0.0638299396	-0.0339899673	-0.1093532386	0.0570210101	0.0003284217	-0.0114152851	0.0128497316	0.0121900858	0.0517645993	-0.0022786319	-0.076057572	0.0148445196	0.0437448943	0.0020738786	0.0088916043	-0.0174937603	0.1285879667	0.0423596929	0.0237361953	-0.0717876764	-0.0603253226	-0.1354443116	0.0587204247	-0.0232996789	0.0791296334	-0.0378524124	-0.0006624171	-0.0123095519	0.0546390668	-0.0627420482	0.0438420693	0.0754457592	-0.0687869186	0.0368818564	-0.0276904597	0.0708275198	0.0182301211	-0.009540867	0.0134412103	0.0047140774	0.0763459057	-0.0766289778	-0.0265250084	0.0068994518	0.0441441512	0.0806001383	-0.0251560791	-0.0471947858	0.0399610972	-0.1118076369	0.0915145356	0.1023287107	-0.0818335456	0.1171013874	0.0254642809	-0.0214485635	-0.0136461434	0.0066378055	-0.0187474106	0.0417145443	0.0794102084	0.0131640098	-0.0393690272	-0.0325572051	-0.0685997163	0.0182615663	-0.0362912679	-0.2181383516	0.0226872546	0.0514448052	0.0333177384	0.023623057	0.1337407113	-0.0357176588	0.0031797146	-0.0392799708	0.0813540939	0.0778338964	0.0042973137	0.0496769755	-0.0334953321	0.1239794151	0.0804321951	0.0402038519	0.0139322739	-0.0342771816	0.0101339139	0.0045871851	-0.0232805645	-0.0065938093	-0.0279299024	-0.0545452548	-0.0046906764	0.1383090112	0.026373967	-0.0650833889	-0.0089300836	-0.0163086677	-0.0192874961	-0.02594973	-0.112744039	-0.05735864	0.0500287468	0.0212255687	0.0851174202	-0.1387820662	-0.0739109586	0.0295012428	0.1070396421	-0.1187868009	-0.0942778717	-0.079492492	0.0554871956	0.0292142539	0.0321463812	0.0068636047	-0.0049905025	0.0072715585	-0.0380964389	0.0349098364	-0.0071414064	-0.05368556	-0.0087012846	0.0733255699	-0.0475098578	-0.0288408763	-0.0395153311	-0.1087367432	-0.0982238424	0.094155897	-0.0395906649	-0.1039043042	0.0081483681	-0.036478823	-0.0199530358	0.0248267583	0.0492905998	0.0623372417	-0.1616907914	0.0324652277	0.166302966	0.0133200735	0.0198001033	0.1038390191	0.0896083836	-0.087583401	-0.0442915151	0.0583791826	0.0497112782	-0.0653186632	0.0797598621	0.013728144	-0.0560987236	-0.0971364339	0.0239248902	0.0781250645	0.004136759	-0.0295787435	0.081512292	0.0530893442	-0.0185431992	-0.0344205025	-0.0682378621	0.0107296473	0.0521968607	-0.0887648233	0.0805080284	-0.0315960199	0.0301505921540297	-0.0140472387904963	0.0001973249176372	0.0009090582072386	-0.0566415277580745	0.0345734832272484	0.0011953257424648	0.0032082626667687	0.0774373141672839	0.049958252726654	0.0024958270155002	0.0059965376254426	0.0018238619220006	-0.0002862939270942	3.3264723105237226e-06	8.19642126910191e-08	-0.0008039545143367	-0.000368268286228	6.463428611223592e-07	1.3562153064130816e-07	-0.0015937694654374	4.770109408699843e-06	2.275394377096677e-11	2.540101108960616e-06
762.9870089150253	-0.1851696214424691	582149.1757730969	0.0342877887051473	972.5188423720272	-7.603983814066282	945792.8987686278	57.820569844582	778.3188242869334	-0.6043691549215282	0.3652620754205621	605780.1922393943	801.1118270850293	669.2525231790947	1.11521	31.921015	0.1332473726916823	0.0796170998677375	0.1544595239	0.012646136	-0.0510194984	0.0399043718	0.0118457015	0.021671879	0.0397489753	-0.0447077205	-0.0880249618	0.0218717125	-0.0050929132	0.0664988569	-0.1456110987	0.0007867083	0.016094302	0.0228760866	0.1411269177	0.2582583766	-0.0388276518	0.0302828154	0.1269475795	0.0392697558	-0.0814525135	-0.0126865356	-0.1079095211	-0.0371080412	-0.0441962923	-0.0566771514	-0.0927417995	0.0023056374	0.0261945355	-0.0852793001	0.0319336063	0.0372406368	0.0445284629	-0.0563476203	0.0236841274	-0.0031543952	0.0666548262	0.0619328372	0.05427163	-0.0254954767	-0.0659449657	0.0446012737	0.1485445159	-0.03489987	-0.0684168516	0.077931403	-0.1685106524	0.0885202823	0.1001268348	-0.0265523455	0.0691805817	0.0438098221	-0.1850673073	-0.0180673915	0.1191653433	0.0250499624	-0.0230224422	-0.0025384923	-0.0045594646	-0.0430883019	-0.0544172105	0.1067226314	-0.0230985337	-0.0302411517	-0.014982595	0.062976108	0.0197617057	-0.2004205519	-0.0538583307	0.0156586954	-0.0235174316	0.0205206085	-0.0715500032	0.102625466	0.062524784	0.0590614953	0.0516509787	-0.0444816567	-0.1327158284	0.0462341964	0.0151041027	0.0589183	0.0960053878	-0.0524618542	-0.0385836063	-0.0659214465	0.0176441161	-0.1168971062	-0.0166212455	0.0572281475	-0.036281678	0.0459696801	-0.0856411269	0.0278240716	-0.0134997433	-0.1118637826	-0.0502737471	-0.1195758629	-0.0953259855	-0.1047418072	-0.0245766101	0.0858811104	-0.0971565715	-0.0366318136	0.0221438666	0.1349379645	-0.0454871931	0.081213708	0.0648450417	-0.0199570218	0.0617090431	0.0203906797	-0.0815559356	0.096071184	-0.1252678778	-0.0005254176	0.0701634889	-0.200595522	0.0410254631	0.0362242163	0.1017149257	0.0752207098	0.0686348432	0.0176895724	0.022106986	0.0333177313	0.0560674911	-0.1048675073	-0.0195224294	0.0356152074	-0.1079607095	-0.0129719315	0.0313769832	-0.1308134672	0.2153410469	0.0053841445	0.0300300165	-0.087484106	-0.0456604874	0.0486319825	-0.0730687205	-0.0238762147	-0.0469551702	-0.0438121963	0.0484847551	0.1012923303	0.162398049	-0.0390582207	0.0516077462	-0.0600410794	0.0773877155	-0.2002061218	0.0426137986	-0.0254144833	0.0801812434	-0.0893258275	-0.0546250149	-0.0515092924	-0.0721888581	0.0123888401	0.0847684917	-0.1062789004	0.0475714122	-0.0988194145	-0.0139009889	-0.0268148069	0.0822405561	0.0368929664	-0.0525478079	-0.0603297991	-0.002696564	-0.0024261265	0.0785412895	-0.0903744759	-0.108796074	0.0198825146	-0.075648805	-0.009192569	-0.0217198418	0.1202466682	0.0170361674	0.0076023918	-0.0143443968	-0.0589952836	-0.0613775882	0.0356579963	-0.0070187695	-0.0141556408	0.0092138725	-0.0783174649	-0.0297903062	-0.0993166924	0.0138434218	0.0396370135	-0.028030801	0.0590452575	-0.1193744498	-0.0472311051	-0.0690257386	0.0130990243	0.0492163702	-0.0875278662	0.0831501106	-0.0382182304	0.0445339839894955	0.0143833918354658	0.0002068819606925	0.0019832757299766	-0.1090389912797462	-0.0523974635216717	0.0027454941835049	0.0118895016193045	0.0201727060921541	-0.0572646080751298	0.0032792353379982	0.0004069380710804	0.0017969623149761	-2.6899607024500043e-05	3.229073561444264e-06	7.23588858072532e-10	-0.000667952721864	0.0001360017924727	4.4616083864552613e-07	1.8496487555787374e-08	-0.0016149062511285	-2.113678569110001e-05	4.4676370935149024e-10	2.607922199933906e-06
764.7555158740875	1.7685069590621652	584850.9990598416	3.1276168642513067	969.9328293366866	-2.5860130353405566	940769.69342507	6.687463418951279	778.6829012392519	0.3640769523185554	0.1325520272095676	606347.0606823786	801.0738898277777	674.9401850281627	1.075137	30.773972	0.0509815039231417	0.0261083684417905	0.0611412628	-0.0515133903	-0.062179445	0.0314642604	-0.1288206591	0.0431115864	-0.1251736406	-0.0658041776	-0.0615471311	-0.1319115634	0.0662773462	0.0679890958	-0.0747818578	0.0819724657	-0.0697759126	0.0464260844	-0.0181278983	-0.030599557	0.0038570803	0.0693776814	-0.0580514359	-0.0236228675	0.0140868529	-0.0355871376	0.0814887836	-0.102827096	0.0538078605	-0.0324985506	-0.0747501166	-0.0206190944	-0.0722721771	0.0171087754	0.0431454477	0.1493118244	-0.0529320634	0.0299927606	0.0734462099	0.0300910555	0.083506403	0.0678684542	-0.0255799466	-0.0567262627	0.0026500453	-0.0167406493	0.036653761	-0.0158659303	0.0117452324	-0.0810144822	0.0135026314	-0.1062141153	0.0650202433	0.0780110985	-0.0409181782	-0.090569811	0.0242788945	-0.067079606	0.0001897834	0.0625777804	0.0609307754	0.0037680062	-0.0074326076	0.00618197	0.1472962912	-0.0867678538	0.0921147107	-0.0768695569	-0.0159596552	0.0190092467	0.0971855406	-0.0036498466	0.003703327	-0.0829952605	0.0579339392	-0.0297241534	-0.0772893006	0.0517865055	-0.0298208417	0.0705825313	-0.059252152	0.0014908614	0.0630677078	-0.0197319255	-0.0649850216	-0.0556316653	0.0169628534	0.0702291929	0.0370451098	0.0351216982	-0.1567990477	0.0084387327	0.0030571778	0.0075731725	0.0818804492	-0.04693278	0.0961655375	0.0189259719	-0.0329377333	-0.0648113151	-0.1062067337	-0.1007905336	-0.1326624283	0.0471443614	0.0484653049	0.1080025498	-0.0699026084	0.0563833077	-0.0054295837	0.0426557391	0.0605570883	-0.065059119	-0.0238240835	0.0413472379	-0.1343343868	0.0226316236	0.0262602247	0.0065516336	0.011970195	-0.0524860312	0.0325194839	0.0619494781	-0.122286934	-0.0244428887	0.0602241415	0.0033345298	-0.0130235153	-0.01877309	-0.0452315009	-0.0953612535	0.0333128472	0.0055529722	-0.0628637305	-0.0913270915	0.0537190428	-0.0107003904	-0.0873680721	-0.0124298944	-0.030348852	-0.0053615435	0.0438069487	0.1257438257	-0.0157472802	0.0202098102	0.0652706229	-0.117929648	0.0293063394	-0.0621889435	0.0500375677	0.085662959	0.061020831	0.0779119992	0.0800794493	0.0315916751	-0.1449263699	-0.0285438266	-0.0757148961	0.0261729988	0.0123002842	-0.0453474431	0.0312173192	0.033045984	-0.087505556	-0.0128059494	0.050494146	-0.0144389461	0.061892784	0.0678475438	-0.0051807338	0.0637274694	0.0047627787	0.0385846948	-0.0183882089	0.0082384579	-0.0157641673	-0.0181678675	-0.0129685565	-0.0974544885	-0.068867149	-0.0046480468	0.0156268135	0.0869845375	0.0051814265	0.0039193958	-0.0637366499	-0.0179091371	0.0192491449	0.0127520525	0.0537536578	0.1188402032	-0.0866108913	0.0871836022	0.0391566723	-0.0628615936	0.0733594684	0.1125924771	0.1087157452	-0.0222878707	-0.0992372541	0.0341335299	-0.0216889585	0.0699177079	-0.0698017879	0.0154594239	0.0461599916	-0.0860510014	0.0854361313	-0.0446048127	0.0444572795597935	-7.670442970200003e-05	5.883569535909064e-09	0.0019764497058576	-0.0987361737267633	0.0103028175529829	0.00010614804953	0.0097488320022015	0.0254333864991309	0.0052606804069768	2.7674758344349583e-05	0.0006468571488141	0.0020346804656133	0.0002377181506372	4.139924597148356e-06	5.650991914237063e-08	-0.0010660735783658	-0.0003981208565018	1.1365128744896614e-06	1.5850021638172685e-07	-0.0015439192275979	7.09870235306e-05	5.039157509733958e-09	2.3836865813464963e-06
765.9374730420008	1.1819571679133103	586660.2126099656	1.3970227467816536	971.1128115870736	1.1799822503869564	943060.0928285512	1.3923581112282657	778.3264288916603	-0.356472347591648	0.1270725345975007	605792.0299112446	801.0297725078292	675.6772901734954	1.014314	29.033012	0.0622990371985519	0.0360653141045341	0.0329149664	-0.0476722521	-0.109225451	0.0204220695	-0.0824155038	-0.0160033778	-0.0292351174	0.0377707207	0.0219599037	-0.0561866567	0.0939006969	0.0498427904	-0.001990286	0.0714244081	0.060832895	0.0397273714	0.08062722	-0.09124462	0.0911127648	0.0065694827	-0.018266723	0.005000859	-0.0871611564	-0.0483577667	0.1094157402	0.088275195	-0.001491179	-0.0700660146	0.0014969372	-0.056039628	0.0386467066	-0.0039018382	0.104112208	0.2057398857	0.022382559	0.0247985163	-0.1850631926	-0.0355943061	-0.0353559534	0.0744795572	-0.0700585616	0.0060521218	0.0139950338	0.0134430786	0.0163580157	-0.1268792522	0.0782135846	-0.085446132	-0.1306073364	0.0472481517	-0.0220418773	-0.0713019348	-0.0065833839	-0.1231492547	-0.0866793559	0.0186412676	-0.0818404374	0.0510036183	0.09155137	-0.0558865496	-0.0052510757	-0.0073260468	0.0729598632	0.0163656733	-0.0102871399	0.0470539731	-0.0472240368	0.0483158346	0.1098665827	-0.0032954294	0.0344469175	-0.0667543526	0.0518206653	-0.0084544337	0.1054624228	-0.1217386385	-0.039963164	-0.0507486716	0.0759368968	0.0050132317	0.0640250734	0.0936810901	-0.1199468521	-0.0617684737	0.0268719166	-0.0490397784	-0.0295893772	0.0651213873	-0.0203366628	-0.0233802378	-0.1011334064	-0.0301365544	-0.0836655453	0.0449150965	-0.0530521062	0.0442330667	0.0200349459	0.0300279123	-0.0169473157	0.0559242834	0.0431308705	0.0697445695	0.084604753	0.0579099748	-0.0239988123	0.1054226371	-0.0312690187	0.0771871629	0.0174935455	0.0448267964	0.0665734913	0.137299418	-0.0552148107	-0.0813796255	-0.0669700935	0.0340998414	0.1079386277	-0.0826457333	0.0295353421	0.1097377793	0.0092502804	-0.0421164818	-0.073197453	-0.1303678121	0.1323677705	-0.0352555635	-0.0626353923	-0.0192999424	-0.0400773394	0.0354348997	-0.0770634719	0.0027039148	-0.0416621639	0.0590291345	-0.0241426767	0.0006668088	0.0249781865	-0.0612319817	0.061212759	-0.0045228639	0.0978215666	0.0003893456	-0.0209914595	-0.0061743687	0.0919263124	-0.1115642589	-0.0647861492	0.0348453873	0.0365832354	0.0627407783	0.0172187234	-0.0019355972	0.0567639674	-0.0144168519	-0.0073460356	-0.0327762814	-0.1138961512	-0.1137902195	-0.0061446867	-0.1049570231	0.0171688839	-0.0758665813	-0.1062164121	0.0197734311	-0.0968734804	0.093938327	0.0626227845	0.0738739084	-0.0584623682	-0.0165429064	0.0320982439	0.0495408238	-0.0545531091	-0.1007265582	0.0012368346	-0.0078183187	0.032461658	0.005630319	-0.0642872121	0.1135683752	-0.0693756186	0.0703268223	-0.0783155924	0.009726397	0.0684719434	0.0047999635	0.0368648687	0.1051958784	-0.0212032407	0.0588287969	-0.1082845352	0.0423477328	-0.0004582273	0.0627349713	0.0165036595	-0.0607051934	-0.0432115592	0.0025497488	-0.0653411889	0.1021830103	-0.0705658771	0.0178092284	0.0430324377	-0.0843382767	0.0873563013	-0.0507163915	0.0404532638560795	-0.0040040157037139	1.603214175558829e-05	0.0016364665566095	-0.0977619470368296	0.0009742266899337	9.491176433791776e-07	0.0095573982884318	-0.0060140357259683	-0.0314474222250992	0.0009889403646036	3.616862571322306e-05	0.001611249242882	-0.0004234312227313	2.5961241226878183e-06	1.7929400038372394e-07	-0.0009782404030578	8.783317530799994e-05	9.56954286174687e-07	7.71466668468585e-09	-0.0015377161740411	6.203053556800035e-06	3.8477873428529556e-11	2.3645710319075986e-06
767.8974997577626	1.9600267157618416	589666.570134223	3.841704726500152	966.5598694627936	-4.55294212427998	934237.9812559326	20.72928198704309	779.2290045935829	0.9025757019226148	0.8146428977011009	607197.841599906	800.556198112207	684.5219643190292	1.021203	29.230223	0.0715121286613718	0.0328244254688175	0.0020462328	-0.0758733937	-0.0861606043	-0.0397360006	0.0371485093	0.0358565548	-0.0678207126	0.0116844797	0.1548421167	-0.0675660648	0.1115152252	8.88429e-05	-0.0015609512	0.0340898389	0.03816605	-0.0984741074	-0.0005788061	-0.0281801298	0.0701923561	0.0205909253	0.0115868739	0.0236715255	0.0170033016	0.0001108799	-0.0040707537	-0.0245292614	-0.0105255372	-0.1210338321	-0.0201544689	-0.0392256156	-0.0114854992	0.0136372608	-0.0502767959	0.018871784	0.0146824269	-0.032830517	-0.1330695099	-0.0378333897	0.0410765819	-0.0134576145	0.0234687404	0.0592312964	0.1572907177	-0.0568863719	-0.0136060614	-0.0499007049	-0.0567048838	0.0088484841	0.007410808	0.001543543	0.0398869137	-0.0586639586	-0.1366643623	0.0151520693	-0.0842490388	-0.0074511136	-0.0022844915	-0.0972768374	0.0060693469	0.0061995374	0.0274247091	0.0845152404	0.0422526775	-0.0037103037	-0.0686558247	0.2294596985	-0.1305459875	-0.0480917274	0.0259251274	-0.0102087645	-0.0064738562	-0.1305101927	-0.0568990194	-0.0654954912	-0.0866824414	-0.0123910102	0.0655366321	-0.0052864602	0.0785891165	-0.0195201143	-0.0266509049	0.1368762704	0.0849318994	0.0240243468	-0.0714756079	0.0250450021	0.0266636077	0.0117811137	-0.0341003274	0.0484448636	-0.016498612	0.0306224144	-0.0968740568	0.0514493378	-0.0275375249	-0.0305034638	-0.0437099527	-0.0569901914	-0.0424618346	0.0371778603	0.1109820142	0.1850413209	0.1073034713	0.0136411083	-0.0638542715	0.0031393831	0.0513016252	-0.0275418894	0.0825260199	0.0352909482	0.0326250794	0.0651055946	-0.012231221	-0.0565278215	-0.056342709	-0.036615463	0.0498674106	0.0347555754	0.0154340219	0.0937976799	-0.0146823739	-0.0749569845	-0.078852611	-0.0290400005	-0.0522275416	-0.1069175229	-0.0597805901	0.0198537058	-0.0370194081	0.0458917619	-0.0251103089	-0.0109236545	-0.1295204579	-0.0287797878	-0.014130511	-0.0166438001	-7.5755e-05	-0.1011770223	0.1314078296	-0.1646122991	-0.0401721223	0.047667526	-0.0260192321	0.0797640128	0.0354974917	-0.0726204759	-0.0717500916	-0.0776658004	0.0173477314	0.12315687	-0.1046171282	0.0138445481	-0.0193927442	0.0106730449	-0.0351268401	0.0642078811	0.0611575257	-0.0286629816	0.0996511866	0.0028120438	-0.0987476524	0.0486542184	-0.1221472583	-0.0081372086	-0.017842283	-0.1953997861	-0.0478712321	0.0346191164	0.0643968262	-0.0616985981	-0.0895424294	0.0274199083	0.1679846898	-0.0013292118	0.0132385131	0.0162374195	-0.0211205559	-0.0390282646	-0.0127351246	0.0835703575	0.038684632	-0.0162610798	-0.0639818395	0.0149467757	0.0589404361	0.1168023938	0.0963075201	0.0228760455	-0.0244558786	-0.0061292365	0.1147246114	0.0304585493	0.0854196443	0.0869393433	0.0081305374	-0.0352764734	0.1023288706	0.0268420982	-0.0595338214	0.0148652945	-0.0713178751	0.0201468273	0.0398385309	-0.0823943867	0.0889023983	-0.0565152869	0.0447601955342236	0.004306931678144	1.854966048020112e-05	0.0020034751042619	-0.1162952293395989	-0.0185332823027693	0.0003434825529141	0.0135245803671499	0.0149831246511951	0.0209971603771634	0.0004408807439043	0.0002244940243132	0.0018530622605551	0.000241813017673	3.433839741493577e-06	5.8473535516170965e-08	-0.0010716286232916	-9.338822023379995e-05	1.14838790625785e-06	8.721359678436726e-09	-0.0017560100222001	-0.0002182938481589	4.76522041440645e-08	3.0835711980671955e-06
766.4528559190028	-1.4446438387598164	587449.9803463956	2.0869958208666985	970.36187544736	3.802005984566449	941602.169321718	14.455249506679094	779.7370118378877	0.5080072443048493	0.2580713602662068	607989.8076298783	801.6289945279087	696.1126299471761	1.071997	30.684097	0.1077278464315123	0.0507299269341907	-0.043588628	0.0078858037	-0.0215791815	-0.0944357206	0.0313907618	-0.0402358559	0.0711840603	-0.0260296619	-0.0490474371	-0.0878263864	0.0177471005	-0.0462121007	0.1169876802	0.0141246886	0.0735418696	-0.007402411	0.0500883105	0.0805406295	-0.0337138466	0.1268826211	0.0873517204	-0.0257269003	-0.059819027	0.0447604801	0.0070515536	0.0378920849	-0.0524108074	-0.0491871721	0.0064600967	-0.0386267334	0.0067847454	0.0009309076	-0.0719206103	0.0064787117	0.0632201098	0.1151785184	0.0310264879	0.1063190201	0.0220253728	-0.088988952	0.0410529356	0.0462995638	-0.0055818598	-0.0218186751	0.062548699	0.1007479666	0.0094102023	0.0324569496	0.0243937808	-0.0613211528	-0.0954553559	0.094931311	-0.006533111	-0.0178865868	-0.0772652803	0.0090703388	-0.0944788227	0.1700865886	-0.0132203779	-0.162930362	-0.0273050105	0.0896863811	0.0075963048	0.0455562886	-0.0120310626	-0.0634921153	-0.0768305427	0.0657152839	-0.086989105	0.0289597524	0.0513412951	-0.1303452279	0.0353964027	0.0897335018	-0.0957410259	-0.0241052436	0.0363904693	-0.0738321887	0.0115809583	0.0323318285	-0.0727853203	-0.0368135676	0.0619361355	0.0837116922	-0.0228145555	-0.033472927	0.0292830723	-0.1230446025	0.013794929	0.0669253027	-0.0576129775	-0.0413921019	-0.094424747	0.0664092653	-0.0094822864	0.0691913584	-0.0073980324	0.0141017834	-0.053625339	0.0814172332	0.0870541855	0.0310975815	0.0350812661	-0.0455450281	0.0143678284	-0.0154616945	-0.0141993447	-0.0918104478	0.0727036802	0.1569383965	0.0574634621	-0.044682744	0.0184211367	0.1143378709	0.0223818635	0.0336387137	0.0659205543	-0.0076741964	-0.0322894006	-0.0322794998	0.023121612	0.0387084971	0.0295770349	-0.0162661504	-0.1142646503	0.0374028284	-0.0716629151	0.0715162365	0.0276095967	-0.0275311056	0.0302761541	-0.0619971396	-0.0753853212	-0.0049362741	-0.1351238895	-0.0661159309	0.0372886163	0.0046617467	0.0554294424	0.1711817744	-0.0184300711	0.0136514422	0.1023437703	0.0586486451	-0.0603185028	-0.0440893962	0.0377755325	0.023400891	-0.0120809602	-0.0783223318	0.0917245559	-0.0445169471	0.0493532513	-0.0025052398	0.0579138104	0.1288103237	-0.0686392808	0.053498256	0.1165450475	-0.1040451472	0.0005788895	-0.072938108	0.0345459662	0.0882392903	-0.0455263129	-0.0996899485	-0.0025425104	0.0279914273	-0.0079248592	0.0601781129	-0.0590711849	-0.0320824088	0.0125368574	0.111408324	-0.0426717396	0.1029336105	0.0382347774	-0.0518055186	0.0204701477	0.0481179692	0.0092898005	0.0839070502	0.1088887606	0.0200466159	-0.0477281245	0.1169993664	-0.0170642941	0.0341501353	0.0695365451	-0.0141068832	-0.0209192958	-0.0746384803	-0.0883474831	0.0419209145	-0.0051527073	0.1053327444	0.0016353281	-0.0831046708	0.0470965302	-0.0377715939	-0.0720576532	0.0224706185	0.036583196	-0.0802246594	0.0900678015	-0.0619657467	0.0332803331061057	-0.0114798624281178	0.0001317872413685	0.0011075805716533	-0.0857682974594666	0.0305269318801323	0.0009318935700142	0.0073562008490955	0.003792743868658	-0.0111903807825371	0.0001252246220581	1.4384906053242853e-05	0.0012868539824658	-0.0005662082780893	1.6559931721880895e-06	3.2059181417685005e-07	-0.0009718575181274	9.977110516419996e-05	9.445070355407496e-07	9.954273425685848e-09	-0.0013313759786391	0.000424634043561	1.8031407095096526e-07	1.7725619964972212e-06
765.8220923280657	-0.6307635909371356	586483.4770977363	0.3978627076519102	973.3197734139184	2.9578979665583347	947351.3813185216	8.749160380569931	780.171616081719	0.4346042438312452	0.1888808487561284	608667.7505395612	802.8958914891742	701.9450897778735	1.030553	29.497828	0.1144623658228986	0.0582416015180233	-0.0557795569	0.0956815288	-0.0079512067	-0.0512984156	0.0738325926	-0.0194874262	-0.0277668728	-0.0640573227	-0.0301975804	0.0797474282	-0.0151071684	-0.0123573671	0.0428173353	-0.0393935609	0.0220814076	0.009935004	-0.0052420678	0.0486090217	0.0113883001	-0.0399750382	0.1212011757	-0.0071382923	-0.0330438339	-0.0957546947	-0.0349315831	-0.0331433127	0.0586649524	0.0102031722	-0.0146418601	-0.0391574507	0.1095181493	-0.0510427402	-0.0438717354	-0.0449130494	0.0148947923	0.1332076787	-0.046731187	0.0179650901	0.062140629	-0.0491264439	0.0204501687	-0.0001777313	0.0813321798	-0.0258884035	-0.1707279499	0.0860748462	0.0969158872	0.2043121077	0.0397939967	-0.0290855792	-0.102694877	-0.0184183937	-0.0637186014	0.0793390955	0.0285330457	-0.0121427497	-0.017136171	-0.0291955837	-0.0780399292	-0.0449030557	-0.090717696	0.1280168653	-0.0186073978	0.0541061005	0.0099920846	0.0619500879	-0.0546828229	-0.0875813625	0.1883445983	-0.0071682876	-0.0013484068	-0.0211724848	-0.0366625835	0.0928689089	-0.0048622512	-0.0546784986	-0.0726709333	-0.0803904975	-0.0326100551	-0.0459094012	-0.0556340484	0.0746862453	-0.0459053131	0.0047409524	0.0567471364	0.0343878047	0.0557959463	0.1027255401	0.0157182298	0.0022749155	-0.0482999478	-0.0644216206	0.0994486747	0.0483544235	-0.0092466047	-0.0750593717	0.0066731501	0.0593047091	-0.0390139284	-0.1228229577	-0.054863828	0.0079837066	0.0027802595	-0.0236492803	0.000800781	-0.037381032	-0.0993752743	-0.0341222673	-0.0272540206	0.1543716187	0.0070171688	-0.0707569299	0.0064695098	0.0652979355	-0.0418052618	-0.062323042	0.0684622279	0.0693573636	-0.0582376148	-0.0068485752	0.0240095628	-0.1206002037	0.0038159465	-0.075352809	-0.0347508557	0.0715037481	-0.0069487631	0.0436791951	-0.0420243048	-0.045441545	-0.0328985457	-0.0114280817	-0.0255806685	-0.0215928358	0.0881263033	0.060183237	0.0600045067	-0.1651227248	0.1052268658	0.0125346474	0.0096021698	-0.0586719261	0.1245157363	-0.0042869248	-0.0084468218	0.0482199456	-0.1244804197	-0.1325825478	0.0346299681	-0.1122664077	-0.1029163969	0.0598358851	-0.0056424259	0.0032063855	-0.1257788928	0.0612071225	0.003275103	-0.0091294691	0.0502897951	0.077605664	-0.0263778416	-0.0366686369	0.0617116982	-0.0573633375	-0.0024290252	-0.0529552381	-0.0729866893	0.0196351372	-0.0489835214	0.0102095852	0.0618763556	0.0985388362	-0.1184892841	0.0822985007	0.0486349799	-0.1192197499	0.0061884554	-0.1320699857	-0.0377614684	-0.1126019954	0.0942901796	0.086738434	0.1064396677	0.005910785	-0.1509415814	-0.081175163	-0.0300146837	0.0336489483	0.1004907701	-0.0182295683	-0.003580849	0.1187830493	-0.0316420455	-0.0467043744	0.0680272826	-0.0211325227	0.0210447774	-0.0301374602	0.0173137535	-0.0330289314	-0.0727850846	0.0247790096	0.0332714524	-0.0778350419	0.0908475206	-0.0670341672	0.0708010671266805	0.0375207340205747	0.0014078054814427	0.0050127911062767	-0.1115353649896206	-0.025767067530154	0.0006639417691035	0.0124401376433678	-0.0083378762459318	-0.0121306201145898	0.0001471519443644	6.952018029247377e-05	0.0018195122657891	0.0005326582833233	3.3106248853569846e-06	2.8372484679292496e-07	-0.0007456915152221	0.0002261660029053	5.560558358742314e-07	5.1151060870160175e-08	-0.0013093213817161	2.2054596923000045e-05	4.864052454360031e-10	1.7143224806189571e-06
765.9533820151202	0.1312896870545046	586684.5834204006	0.0172369819268697	973.2420299703424	-0.0777434435759687	947200.0489007928	0.0060440430190498	780.5973097884262	0.4256937067071931	0.1812151319301097	609332.1600489282	802.5020685032774	692.1555098082458	1.005573	28.782841	0.0942070276192973	0.0488091531592211	-0.0374102229	0.0963015741	-0.0149599822	0.0529768276	0.0472159337	-0.059388214	-0.0306365538	-0.0518352407	-0.0581613556	0.0414858471	-0.016035328	0.0148326204	0.0454710832	-0.0743556232	-0.0460942868	-0.0293510107	-0.0020809276	0.0273450624	-0.0327346089	-0.0172918888	0.0790165003	0.0072311126	0.0096041682	-0.0011629024	0.1121381231	0.0567081993	0.0046818721	0.0565933014	0.0257539922	-0.0648337002	0.0742208738	-0.017855664	-0.0432663876	-0.0392102592	-0.0807011228	-0.0871095109	-0.0895240371	-0.0364339928	0.1514347325	0.0351184513	0.1067407882	-0.2236966343	0.0542787446	0.0699661706	-0.1421689649	0.0759185742	-0.0112373233	-0.0015424521	0.0533411569	0.0694435402	-0.0095767575	0.0947170226	0.0520674248	0.0206608249	0.0577022761	-0.0722949048	-0.023223255	-0.027326304	-0.0483823634	0.0097514609	0.019236486	0.0349639245	0.0768605437	-0.0634177127	-0.0936381919	-0.0291739461	-0.0019346899	-0.0777336495	-0.0641947142	0.0302760317	0.0541937278	0.0485548635	0.1124745224	0.1122909031	0.051054362	0.0551439384	0.0433064966	-0.0127502123	-0.039257603	0.0208783886	-0.0521673383	-0.0185648515	-0.0491264625	-0.0338146444	0.0898162488	-0.0710150808	-0.0027421182	0.0858861085	0.0168182518	0.0574342957	0.1015467762	0.0041219419	0.0083603026	-0.0110018092	0.0012033912	0.0149782409	0.1670956092	0.0964207419	0.001893055	0.0029387088	-0.0565135963	-0.0409583047	0.0151988505	-0.0304942358	0.0272432705	-0.0900838479	-0.0470688232	-0.0026352822	-0.0355570977	0.0460375366	-0.0359519989	-0.1112476544	-0.0863783639	-0.0409802348	-0.0580595951	-0.0019131105	-0.1136778106	-0.0305571948	0.1633483552	-0.0234981355	-0.0616299643	-0.0609432104	-0.0684451047	-0.0470117082	-0.1224927239	0.1089893176	0.0059294606	0.0338295934	0.0739561235	-0.0828000938	-0.0455176103	0.0324134237	0.0454477897	0.1289606113	0.1581530171	0.069392279	-0.080331173	-0.052836806	-0.0470135921	0.0469091596	0.0160202132	0.148089331	0.0663367268	-0.062108468	0.0270052468	0.0933489086	0.061129126	0.0290793234	-0.0156462063	-0.0167560906	-0.0589785708	0.0083226607	-0.0629602811	0.0387556138	0.0079447194	0.0277633529	0.0099887817	-0.0804172942	-0.0600336041	-0.0711859658	0.0644542809	0.0159781759	-0.0645994056	-0.0198479774	0.0549973269	-0.0571638794	0.020249965	-0.0408068654	-0.0584006054	0.0273338637	0.0112541385	0.0400835162	-0.0822520761	0.0390977689	-0.094112757	-0.0119940354	0.0164214826	-0.0842826411	0.0669287329	-0.0347962145	0.0424406287	0.1514662319	0.0824024762	-0.0880980499	-0.0101745822	-0.1106370926	0.0125823931	-0.1218339115	-0.085161407	-0.0986069889	0.0629738888	0.0815859916	-0.0255697414	-0.091626454	-0.0057751169	-0.007273049	-0.085097851	0.0624199686	0.0668921466	0.0643426248	-0.0735000446	0.0270704183	0.0299084066	-0.075232084	0.0912382167	-0.0716892996	0.0550204941763183	-0.0157805729503621	0.0002490264826417	0.0030272547794062	-0.0768205657442848	0.0347147992453358	0.0012051172866439	0.0059013993212719	0.0133502207134625	0.0216880969593943	0.00047037354972	0.0001782283930981	0.0015399202231203	-0.0002795920426688	2.3713542935748745e-06	7.817171032371213e-08	-0.0008520502512654	-0.0001063587360432	7.259896306814313e-07	1.1312180732728354e-08	-0.0013638417722881	-5.452039057200005e-05	2.9724729881234316e-09	1.8600643798379456e-06
767.8579212083549	1.9045391932347684	589605.7871624161	3.6272695385673424	978.1172772320834	4.875247261741038	956713.4080199044	23.76803586311349	779.0464303414743	-1.5508794469518534	2.4052270589776867	606913.3406277936	801.8195822138808	689.6701228490294	1.015304	29.061361	0.1323489651777941	0.0676583150403879	-0.0304009131	0.0301230651	-0.1083211059	0.0248921446	0.0656746383	-0.1005744841	-0.0028101715	-0.0283087557	-0.0110754027	0.1516141258	0.0714907313	8.3326e-05	0.0228556687	-0.0258016426	-0.0049809688	-0.0379701986	0.0116035801	0.0096743529	0.0044667835	-0.1655880997	0.0056299324	0.1025259451	0.0210532485	-0.0462316448	-0.0175099064	-0.0244178107	-0.0536614436	0.0221824464	0.0241174585	-0.0801031417	0.0838725935	-0.0924614535	-0.0907656785	0.0763713469	-0.0278891692	0.0598363501	-0.0374068122	-0.0279230748	0.0797558985	-0.0384096464	0.111388104	0.0174119246	0.0292761264	0.0163734547	-0.0372250383	-0.0391913802	0.0703942951	-0.0761536762	-0.0273874348	0.1191802942	0.0196564099	0.0180538565	0.055222593	0.0981586614	-0.0057185854	0.0973067726	-0.0422830586	0.0549232137	0.0026400329	0.0550733456	-0.1444585368	-0.0187034628	-0.0675741505	-0.0198989794	0.081236946	0.0432212642	0.1187019795	0.0452441677	-0.0312184847	0.0055205475	-0.0775660347	0.1298782964	-0.0437646658	-0.0931752154	0.1508730491	0.0254583284	-0.1183648415	-0.0105085329	-0.1029888058	-0.0197644529	-0.0265042803	0.0249808339	-0.0257292968	-0.0348718699	-0.1412696698	-0.0318343561	-0.0170818795	-0.0015975707	-0.0427301343	-0.0089716365	0.0822138606	-0.0039678437	0.0594415697	0.0121424625	0.0530158633	0.0350100915	-0.0391242177	0.1389813499	-0.0939054157	-0.0436976889	-0.00812987	-0.0226502645	0.0741890358	-0.0035042516	-0.0068653438	-0.0099209195	-0.0618496997	0.0365248507	0.0046111604	0.052502624	0.1064333949	-0.1183329315	-0.0458857014	0.0323637281	-0.109691598	-0.0134853088	-0.0361978613	0.0136125116	0.0649690979	6.61054e-05	-0.1501617992	-0.0130375954	-0.0936620647	-0.0195000687	0.0220377548	-0.0494871494	0.0256176219	-0.0321957778	-0.0020505306	-0.0673763584	0.1409453791	0.0349237421	-0.021198613	-0.001449781	0.0344696664	0.0376770428	0.061413113	0.0198760574	-0.0583091179	-0.0241949343	0.1182743755	-0.1161907506	-0.0740070757	-0.0247015693	-0.0406484858	-0.0597033082	-0.0520154258	0.0365491079	-0.0755150472	0.0132860662	-0.1017255359	0.0217960732	-0.0316769122	-0.1148538686	-0.0354840787	-0.0869315432	-0.0350288469	-0.0077379812	-0.0972858338	0.0350047306	0.08821895	0.0326054789	0.1029060403	0.1130915358	0.0624963812	0.0826751047	-0.0311350639	0.067004802	-0.0635210656	0.0599803373	-0.04616613	-0.0070899067	-0.1042955112	0.0602603261	-0.1073354776	0.0840085989	0.0368324449	-0.1168694946	-0.0976835439	-0.0413726275	0.0716298765	0.182151055	0.0547389912	-0.0210747591	-0.1056888492	-0.134999946	-0.093821046	-0.0564245236	0.008342438	0.0457961936	-0.0011829159	-0.0352671473	0.0092962823	0.0156769284	-0.0506590782	-0.0676904196	0.093776057	0.030027781	0.0828936178	-0.0826684527	-0.0742024108	0.0293432743	0.0264992443	-0.0724229201	0.0912382167	-0.0759024438	0.0726644904450495	0.0176439962687311	0.000311310604331	0.0052801281716386	-0.1119934376868059	-0.0351728719425211	0.0012371309206849	0.0125425300849084	-0.0301939637473793	-0.0435441844608418	0.0018960960003598	0.000911675446778	0.0019800358456575	0.0004401156225372	3.920541950088611e-06	1.937017612013071e-07	-0.0006479264166132	0.0002041238346521	4.198086413452221e-07	4.166653987311867e-08	-0.0014393605652127	-7.551879292460001e-05	5.703088084788616e-09	2.071758836689423e-06
769.564434132743	1.7065129243881074	592229.418282049	2.9121863611036503	973.9517938223752	-4.1654834097082585	948582.0966898224	17.35125203655474	778.7605665510481	-0.2858637904262195	0.0817181066768455	606468.0200149094	800.4530204824365	700.7056782211865	1.037631	29.700438	0.0747044743057311	0.0370751527736751	-0.1023371872	-0.0681514127	-0.0468437149	0.012501899	-0.0173208967	-0.064940408	-0.0173081271	-0.0482616576	-0.1025261068	0.0533195182	0.0774914622	-0.0512289779	0.027463865	0.0034451931	0.024673727	-0.0717084762	0.0120992051	-0.0292666591	0.021268612	0.033418226	-0.0366728526	0.0366617187	0.0202260564	-0.0006994331	-0.0335783426	0.0096651473	0.0604406037	0.062765533	0.048135253	-0.0574987656	0.0367447457	-0.1358287838	-0.080720537	0.0761756039	0.0664446999	-0.0900195975	0.0040641656	0.0497243563	-0.1999927761	0.0089927408	0.0400582884	-0.0361302277	-0.0239210654	0.1147663748	0.0377571124	-0.0293782107	0.0249872512	0.0044489492	0.086214836	-0.0167417231	-0.0825231048	-0.0051240303	0.0744577286	0.0292443685	-0.0020668192	0.0372396505	0.1661964314	-0.0713644345	-0.0712641664	0.0148875221	0.0861876462	0.0146864167	0.0218777722	-0.0122979998	-0.1047434706	0.0009084647	0.0139836831	0.0479422672	0.0666045886	0.0253149969	0.0186705589	-0.0138765243	0.1107300757	0.0063880258	0.0153462907	-0.1187813054	0.0081489209	-0.0192768238	-0.015764296	-0.0557828474	-0.0508076613	0.0123052015	-0.0906530281	0.0489818031	-0.0885100548	0.0646643779	-0.0927775826	0.0390791673	0.1336544226	0.002089146	-0.031272145	-0.0611926621	0.0900169402	-0.0784571096	-0.0570451737	-0.0077329312	-0.0177195733	0.0522196675	0.0301960882	-0.0828250313	0.0037066115	0.0260488438	0.0886702565	-0.0549356941	0.0123530104	-0.0199384418	0.0203920184	0.0123581878	0.0910875951	0.0722531413	0.0993966903	-0.0366912024	0.0194236321	-0.0830218319	0.0717609561	-0.0299489617	-0.0561307809	-0.0295021518	0.0521829304	-0.1714807085	0.0410841856	0.0740715959	-0.0778738576	-0.0092174953	0.0656584583	0.0697119446	0.0108293138	-0.0738428427	0.0023925868	0.0604390797	0.0291286681	-0.0454092927	0.0590339107	-0.1324641819	0.104058732	0.0163494379	-0.1325111555	0.0448872568	0.0291077594	-0.0234542875	-0.038222629	0.0352981401	0.0169088381	0.0779949474	0.00270697	-0.0092155567	-0.1436616269	-0.0409605943	0.119638981	-0.0077444659	-0.0221453363	0.0415627951	0.0259636284	0.0666067101	-0.0343043692	-0.0596230585	-0.0309291414	0.0781860137	0.0020527188	-0.057307992	-0.0177684772	0.1087726597	-0.0407654928	-0.0640079293	0.0045588365	0.0284644663	-0.0752472725	3.7719e-06	-0.0401867592	-0.0614012129	0.0702917243	-0.047191833	-0.1247000666	-0.0609079129	0.0634014886	0.0345175017	0.0811950416	-0.0554211879	-0.0509228822	0.069908715	0.0996173031	0.0880599303	0.0810459044	-0.0651803335	-0.0330669751	0.0415914974	-0.1052420365	0.008232958	-0.0541294168	0.0181660488	-0.0479771531	0.0218098032	0.0310450922	-0.0837909582	-0.0431737904	0.0631858286	-0.0057320539	-0.0616413643	0.0098899052	0.0738327181	-0.0748920628	0.0315960199	0.0230492221	-0.06941525	0.0908475206	-0.0796476241	0.0634321152144536	-0.0092323752305958	8.523675239852053e-05	0.0040236332405797	-0.0895292183485452	0.0224642193382607	0.0005046411504774	0.0080154809381014	-0.0335833533649889	-0.0033893896176095	1.1487961979959716e-05	0.0011278416232377	0.001551871733192	-0.0004281641124655	2.408305876280342e-06	1.833245072033693e-07	-0.0009290543458764	-0.0002811279292631	8.631419775918255e-07	7.903291261181477e-08	-0.0013562828045561	8.307776065659997e-05	6.901914315715309e-09	1.83950304593456e-06
769.7022209192476	0.1377867865045345	592441.5088880222	0.0189851985352461	976.996800292622	3.04500647024679	954522.7477820214	9.272064403844814	779.7915816206831	1.031015069635032	1.0629920738145298	608074.9107664865	802.3145266345525	705.013791892076	1.009696	28.900852	0.0720839204754149	0.0393607882419709	-0.1302173404	-0.0572293553	0.0122295647	-0.0148888557	-0.0287661938	0.0197256437	-0.0394071257	-0.0368215487	0.0046115262	-0.0004960182	0.0157076089	-0.0727489637	0.0715286723	-0.0019060553	0.0331038565	-0.0621578835	-0.0207466638	0.0133381066	-0.0626704667	0.0111703597	-0.1575491781	-0.0045315778	-0.045905611	-0.1088956305	-0.0282379234	0.020147388	0.0508677336	0.0092178333	0.0636754689	-0.0491723566	-0.0223445935	0.052447755	-0.0033218025	0.0130348452	0.0057656636	0.0247112945	0.0359719257	0.1006458468	-0.0669553211	0.0577578203	0.1315033416	-0.0602892113	0.0783792751	0.0396981193	-0.0654121784	-0.0034788516	0.0608504446	-0.0345690773	-0.0353786632	-0.0269572558	-0.0129815781	-0.0680807643	-0.0936087496	-0.019918765	0.077651685	-0.1308159651	0.0462266258	0.0213526822	0.0488147183	-0.0335335566	0.0779930243	-0.0820455742	0.0518820732	-0.0428460297	0.0051151346	-0.0836990764	-0.1345428828	0.1412060278	0.0241485373	-0.0258719129	0.0384258735	0.0448215944	-0.1744660645	-0.0251353281	0.0037867803	-0.0399819119	0.0927720162	0.0130095744	-0.0419823005	0.0682630994	-0.0238803573	-0.1006030595	0.0168995887	-0.0202301776	0.1060271308	-0.0057496048	-0.1101217564	-0.1329987455	-0.020380253	0.064876666	0.0670110143	-0.0939236782	-0.0158067028	-0.0540104366	-0.0708253672	-0.0811376126	0.0494322905	0.0577258226	0.0789290348	0.003812218	-0.0419242772	-0.0687721402	0.0298520169	-0.0623313676	0.0496565348	-0.0112699599	-0.0308626605	-0.0228623331	0.0545761378	-0.0089734792	0.0033535852	0.0267748694	-0.0304967721	0.0324660725	-0.0147693553	-0.0316992904	0.0175375944	-0.0397693678	-0.0053672219	-0.1374563643	-0.082400059	-0.1075181846	0.0903434129	-0.0470464757	0.0207516736	0.0671506954	-0.0735650084	0.0281627169	-0.016044779	0.083079178	-0.0660539279	-0.0504596175	-0.009122886	0.0552348333	-0.0428526755	-0.0057671255	-0.093004855	0.0240273728	-0.0616388002	-0.0619408658	-0.0472141948	-0.0840281046	0.0455361436	-0.1130381749	-0.0340416319	-0.0499331487	0.125105641	0.1461712257	0.0297004545	-0.0405186854	0.0873706037	0.0361706321	0.1225670276	0.0213579492	-0.0652977583	0.0389093806	0.0856306416	0.0164817154	-0.0759991442	0.086834291	-0.0323775922	-0.0629923998	0.050989103	-0.0726765935	-0.0682437344	-0.0704622036	0.0003642758	-0.0124778614	-0.071863393	-0.07975206	0.0185231399	-0.0747546709	-0.0603032658	-0.0468970735	0.1418335465	-0.0086744841	0.1194913528	-0.0159952741	-0.0184008393	0.0206325023	0.1280722058	-0.0363046701	-0.0161774379	0.063351906	0.0027728715	-0.0197438224	-0.0829684042	0.0990173147	-0.0660006374	0.1170798728	0.0763805344	0.0011891302	0.097456871	0.0283599909	0.0515363546	0.0079113169	0.0493775885	0.0404176796	0.0048232285	-0.0481587148	-0.0755688824	0.0338271112	0.0195636596	-0.0662173176	0.0900678015	-0.0829017503	0.0610729318674287	-0.0023591833470249	5.565746064879623e-06	0.0037299030068835	-0.1124760010808927	-0.0229467827323475	0.0005265548377655	0.0126508508191489	-0.0350680183333764	-0.0014846649683875	2.2042300683570733e-06	0.00122976590983	0.0019257054373638	0.0003738337041717	3.708341431492504e-06	1.3975163837480885e-07	-0.0004592461319294	0.000469808213947	2.109070096921159e-07	2.207197578920702e-07	-0.0012940589341218	6.222387043430008e-05	3.871810051824564e-09	1.674588524980449e-06
767.80338579725	-1.898835121997536	589522.0392417208	3.605574820531396	978.9616648500617	1.9648645574396824	958365.9412460044	3.860692729082639	779.7260686055319	-0.0655130151512821	0.0042919551542121	607972.7420630385	802.9621116199168	710.4051895681927	1.045169	29.916206	0.149588632578251	0.0711443349575742	-0.1243834327	0.0538164707	0.0407594476	-0.0434298827	0.0449541268	0.0045911629	-0.0390502504	0.1323384979	0.0086800553	-0.0076292156	-0.055266856	-0.0178283633	0.0669288191	-0.037429185	0.0369599189	-0.0100098246	0.0081770924	-0.0996756098	-0.0151871605	0.0325383721	0.0656767885	-0.1337204686	0.0608823185	0.0090129686	-0.1211004925	0.1452377383	-0.0278469072	-0.0441909149	0.0682729006	-0.0771615391	0.0260397473	0.0161670942	-0.0601419169	-0.0650592457	-0.0204121046	0.0696670503	0.0961043209	-0.0801553643	-0.0219780772	0.0318882537	-0.0354892775	0.0567047663	0.0292739351	0.1560922353	0.1146636167	-0.020171569	-0.0033333403	0.0133967987	-0.0759932636	-0.0500612949	-0.0026713033	0.0496677446	-0.0081551452	-0.0449693021	-0.010321971	0.1024928685	-0.0509425654	-0.0433128841	-0.0545866088	0.031012493	0.0191650122	0.0466985691	0.0363562489	0.0029146469	-0.0544624725	0.0300238849	-0.0204460089	-0.0756253799	0.035946185	0.0861173716	0.1309963132	0.0548956968	-0.0066065753	-0.0539113279	0.0428799703	0.0394624304	-0.1072101795	-0.035287415	-0.1080408685	0.0653861773	-0.0069741666	-0.0297039582	0.0759696291	0.0371334239	0.0055922695	0.0725722703	-0.0598482505	0.0683349714	-0.0771415931	-0.1297018301	0.1317096288	0.1383372805	-0.0691381158	-0.0569049518	-0.0027956852	0.0047743241	-0.0780080369	-0.0629704282	-0.029659276	-0.0271306588	-0.0936835206	0.0995279006	-0.0158432147	-0.0415317025	0.0948278364	-0.0587810258	-0.012427582	-0.0374148202	-0.0021402322	0.0982584887	-0.0373318053	0.0587096238	-0.0315835262	0.0167071927	-0.007700321	0.0679671379	0.0557459456	0.0963921632	0.0547775308	0.0552948834	0.045177394	0.0796379026	0.1034147173	0.1336220413	-0.0544791496	0.0256342591	-0.045036369	-0.083465494	-0.0222545391	0.0308100123	0.0259695576	0.0065994323	0.0689542211	0.0165619514	0.0371060968	0.0327334946	-0.0285439726	0.0462282064	0.0200645545	-0.0421943604	0.1468339814	0.0715164643	-0.0245641353	0.0457052132	0.073420069	-0.0201944828	0.01363762	0.0442683083	0.0726448243	0.1348120166	-0.1180393064	0.1057066962	-0.0246105735	-0.0381180215	-0.0879823629	0.0331495829	-0.0512698298	0.1527377349	-0.0214140725	-0.0503006389	-0.0172011136	0.0227076806	0.0007796854	0.031029244	0.1652743011	0.1071858971	0.1140158685	-0.0429837646	0.015003419	-0.0317057293	0.0968987705	0.1483678778	0.1391581553	0.0340911274	0.0277838763	0.0057382767	0.1079544504	-0.0347415869	0.1323173463	-3.46587e-05	0.0179108516	-0.0267770091	0.0400897917	0.096440753	0.1341790703	-0.0568492276	0.0490764647	-0.0004412817	0.0580509143	0.0707486433	0.0176570948	0.0170258505	-0.1556782567	0.0034615225	0.0833502691	0.1996539486	0.0118779271	-0.0042617366	0.003342365	0.0329638912	-0.0762327537	0.0360350191	0.0160479313	-0.0628378881	0.0889023983	-0.0856447597	0.0324493292435192	-0.0286236026239095	0.0008193106271714	0.0010529589683543	-0.0912150010093171	0.0212610000715755	0.0004520301240435	0.0083201764091297	-0.0074833052326255	0.0275847131007509	0.0007609163968507	5.599985720464018e-05	0.0011752790449463	-0.0007504263924175	1.3812808334898868e-06	5.631397704367436e-07	-0.0009993508715511	-0.0005401047396217	9.98702164469943e-07	2.917131297618243e-07	-0.0014459141377229	-0.0001518552036011	2.3060002860731588e-08	2.0906676936669577e-06
765.9259785481298	-1.8774072491202105	586642.6046149102	3.5246579790491164	978.4593997001648	-0.5022651498968571	957382.7968616068	0.2522702808009123	778.9547083628428	-0.7713602426890702	0.5949966240013413	606770.4376806414	802.6206121291442	698.5197067044612	1.068671	30.588909	0.1291332285432427	0.0635055012776646	-0.0414874335	0.0465631626	0.0281176236	0.0237834128	0.0981141464	-0.0834001346	-0.0367292266	-0.0323287428	0.1615721025	0.0150066366	-0.0424939684	0.0045976484	0.0609764759	-0.0002877113	0.0283938685	0.0489407187	0.0215779167	0.03994355	0.0315341243	-0.1321843366	0.0065453617	-0.0117177387	-0.0287250712	-0.0660941657	-0.0080968236	-0.0159338806	0.0567011793	-0.092168767	-0.0092797346	-0.0181289184	0.087876624	-0.0988620405	0.0902108258	0.0427604393	0.0386899614	0.0058866508	0.0046797179	0.0986280371	-0.0056677504	0.0340455845	0.0568632884	0.0924872368	-0.046985765	0.0309235826	-0.0288226258	0.0141949882	0.0298976209	0.0473468311	-0.0448068316	0.0069065877	0.0369494053	0.0250738309	0.0180173619	-0.0445194721	0.1039469228	-0.0067784661	-0.0230173006	-0.0098188233	0.0115014952	0.0467937277	-0.134653911	-0.0653222393	-0.0986263875	-0.0416515108	-0.0315125878	-0.0321933042	-0.0801633703	-0.1268046208	-0.0112214246	0.0670411364	0.0239283461	-0.0132731549	-0.0064860315	-0.0134852957	-0.1043604056	-0.0283640278	-0.0188472466	-0.0728623737	0.0292836419	-0.017045051	-0.0545958449	0.0382444301	-0.0970737576	-0.0335917652	-0.1089027581	0.0080151932	0.1466492875	-0.0868996126	0.0244661435	-0.0582918654	0.0829503434	0.0095913511	-0.0202886921	0.0616648264	-0.0502595288	-0.0038464821	-0.037161183	0.0347945127	0.0053235898	0.0141724404	0.1200027267	-0.0634555272	-0.0362108653	0.0096849605	0.0426560751	-0.0049384609	-0.0620703955	0.0304115677	-0.0270905398	0.1164458339	0.108746764	0.014056814	0.0087363388	0.0422403702	-0.0538289009	0.0085083515	-0.0465069736	-0.1192286727	-0.0670536849	-0.0470804846	-0.0219395805	-0.0055343435	0.0268996601	-0.0244613197	0.001255128	-0.0134605914	0.0201184062	0.0185144673	-0.0230494932	0.0098395165	-0.0604552803	-0.0685394885	0.0076195579	0.0353306539	-0.006164823	0.2018671293	0.0775706766	-0.0316765576	0.0171336304	-0.01745952	-0.0029184299	0.0379885164	-0.0449043517	-0.0774799611	0.0191319851	-0.0143849203	-0.0141656443	-0.0598214976	-0.0743337805	-0.0281568378	0.0180241643	0.0263783285	-0.0506842074	0.1392168477	0.0402384283	-0.0912516178	0.0537218869	0.0056057333	0.2389713013	0.1055838287	0.0430486819	-0.0153403289	0.0378927298	0.0924390847	-0.0392509049	0.0574819561	0.0373663549	-0.0162729238	-0.0054733067	0.041044499	-0.059401335	-0.0935104545	0.0985124187	0.0577248995	-0.0293680248	0.0504103363	0.0298745065	-0.0295947723	-0.0608820172	-0.1337588336	0.06549292	0.0758803399	0.027016477	0.0442998314	-0.070582194	-0.0187358965	0.0235968831	0.0638617907	-0.0060156189	-0.1118719166	0.0005226948	0.0019270832	-0.0608706945	0.1382442675	0.0523222411	0.0361474632	0.0773562454	-0.0233285062	0.0262626823	-0.1039048659	-0.0768835629	0.0382182304	0.0125074584	-0.0592862243	0.0873563013	-0.0878597406	0.0730095791868876	0.0405602499433684	0.0016451338754685	0.0053303986530464	-0.1188830427898324	-0.0276680417805152	0.0007655205359683	0.0141331778629691	-0.0219103770317445	-0.014427071799119	0.0002081404006969	0.0004800646216731	0.0018311131131781	0.0006558340682318	3.3529752332527933e-06	4.301183250534734e-07	-0.0010959879811669	-9.663710961580006e-05	1.201189654862297e-06	9.338730954896156e-09	-0.0016230002602801	-0.0001770861225571	3.135949480234365e-08	2.634129844869273e-06
764.9119843406113	-1.0139942075185218	585090.3437878916	1.028184252881115	975.2079331658103	-3.2514665343544493	951030.5129095316	10.572034624026934	780.5797459599492	1.6250375971063704	2.6407471920092465	609304.7398028987	802.6502085953194	689.2357368469238	1.042811	29.848717	0.1873637798333358	0.0970699095052112	0.0090589116	0.0393563773	0.051361839	0.0779440379	0.1036301579	-0.0274820051	0.0668377179	-0.1369693202	0.0105113585	-0.026349814	-0.0559548665	0.0111823995	0.0087174987	-0.0874543008	-0.1099230707	-0.0730919725	-0.0415084029	0.0265362853	-0.0708548757	0.0043748847	-0.0808812913	-0.0318394204	-0.0080793427	0.0692294192	0.0906118059	0.0200448579	0.029573407	-0.0151456679	-0.0135540109	0.0024326752	0.0593571432	0.0119169641	0.0348735241	-0.0377569798	-0.0016727193	-0.0276668412	0.0169201943	0.0074444912	0.0041886202	-0.0798493163	-0.0599058909	-0.1280565964	-0.0471038736	-0.0031620976	0.0197624989	0.0071575995	0.0234500475	-0.0650217965	0.0942576635	-0.0419556621	-0.0049429797	0.0227926265	-0.0378855044	-0.0490545075	-0.0416904424	0.1199580872	0.0278094991	-0.0648699087	-0.0269562967	-0.0677891537	-0.1563947784	-0.0111457229	-0.0136631668	0.0124528278	-0.0830126301	-0.0847746422	0.0614350657	-0.0001637247	-0.0496143328	-0.0199972984	0.1497252113	0.0321783919	-0.0817460253	-0.1269200937	0.0064720287	-0.0221538191	-0.019312908	0.0563214487	-0.0204693697	0.0715891748	0.0663281815	0.0736213954	-0.1581342914	0.0347772562	0.0731000101	-0.0452310166	-0.0196477779	0.0339767794	0.0648218054	-0.0505926688	-0.0230909727	0.0159745493	0.0971706823	-0.0488456736	-0.028736134	0.0364079496	0.0688126477	-0.040624311	-0.1010337644	0.0775405539	0.0124783249	-0.0980656497	-0.03681468	-0.0465813993	-0.0123080027	-0.1231708394	-0.0555239477	-0.0226427146	0.034528612	-0.1056611622	-0.005984335	-0.0465376047	0.0316650733	0.0143128632	0.0021866453	0.0078018836	-0.0014941171	-0.0372542101	-0.0197666755	0.0318705314	-0.0176238338	0.0500699693	0.0357158646	-0.1132149598	-0.0979425263	0.0300861311	0.0471893676	0.0468797193	0.0341051918	-0.0986587329	0.0549623653	-0.0523308247	-0.0283561782	0.0310584864	0.0549888716	0.0287656574	-0.0186017279	0.0817632692	0.0839746993	0.0612367774	-0.0194423413	0.0981458512	0.0322145906	-0.0553919373	-0.0220937776	-0.1481837867	-0.064552579	0.0766759802	-0.0291307331	-0.0430036683	0.010482018	0.1093524015	0.1054133274	0.0722530671	0.027308112	-0.0778666394	0.003196737	0.0227265787	-0.035398601	-0.0153938705	-0.0608565553	0.0404166706	-0.060069532	-0.0803082089	-0.0512843033	0.1602871294	0.1530590245	-0.0276871769	0.0217357107	0.1070824486	-0.0866584785	0.0430990969	-0.0066296112	-0.0480599379	-0.0092726479	0.0208421301	-0.089232041	0.0287555285	0.1418647904	-0.0118038038	0.0711720989	0.1026968909	0.0685587651	-0.1223853378	-0.0545734844	0.0795476534	0.0882951093	-0.103273703	0.0146624751	0.0355561118	-0.0201062484	0.037548686	-0.0051917797	0.1621323373	0.0874579597	-0.0055208294	-0.0692812036	-0.0676864212	0.0439909717	0.0736414954	-0.0775211985	0.0403752488	0.0089476998	-0.0555720611	0.0854361313	-0.089533037	0.0475491932067626	-0.0254603859801249	0.0006482312542569	0.002260925774614	-0.0653964702466822	0.0534865725431502	0.0028608134424136	0.0042766983207251	0.0498899595134361	0.0718003365451806	0.0051552883280011	0.0024890080602522	0.0015428849985403	-0.0002882281146378	2.3804941187207013e-06	8.307544606766083e-08	-0.0008905698701859	0.0002054181109809	7.931146936829308e-07	4.2196600319002424e-08	-0.0013843167906013	0.0002386834696788	5.6969798697910714e-08	1.9163329767406837e-06
766.2055320450336	1.2935477044222807	587070.9173364129	1.6732656636161525	978.4362884868276	3.2283553210172613	957337.5706278784	10.422278078740463	781.5779123621302	0.9981664021810276	0.9963361664430168	610864.0330923457	804.8660292875093	680.0616213174447	1.078233	30.862587	0.106322739199819	0.0724525354308552	0.0130757476	-0.01751648	0.0124941483	0.1425001619	-0.0667836419	0.0076704999	0.0575077418	0.0334432515	0.1023370665	0.0208784872	0.0134193075	0.0157957015	0.033862621	-0.02562292	-0.0089783091	0.026152841	0.0657075592	0.0723874505	-0.0260783654	-0.1054678162	-0.0922213709	-0.0151693061	-0.0309113501	0.072197622	-0.097550022	0.0501317899	-0.0953609793	-0.096663975	0.0728520715	0.0363140858	0.0837741765	0.0315965999	0.0825406437	-0.014928732	0.0557320788	-0.1149188997	-0.0843584898	0.041145465	0.058432553	0.1370399694	-0.0072300376	0.0767773094	0.0092623194	-0.0717077862	-0.059150145	0.0786363573	-0.0676814143	-0.0596131742	0.0916662029	-0.0569343439	0.0238543614	0.0541170312	-0.0069942964	0.0184192511	-0.1358765936	-0.0095118925	0.0667766535	0.0689317806	0.1044466414	-0.1004876513	0.0192354761	-0.1061990456	0.0109076725	-0.1066926616	-0.0759226728	0.0563256823	0.1343364497	-0.0043480698	-0.0650892815	-0.0009404601	-0.0750689264	0.0227790272	-0.0428024546	0.0277053167	0.0417042178	-0.0332120248	-0.0015340912	-0.0047513514	-0.0185403837	-0.0184775102	-0.0506571501	0.0469479833	0.0331185005	6.7556e-06	-0.0330991779	0.0639012525	-0.0453588657	0.0630166759	-0.0574901335	-0.1483937063	-0.0664216213	0.0959868081	0.0468343517	-0.0381155516	0.0268846439	-0.0380260879	-0.0577197274	-0.0013807838	0.0047154185	0.074697573	-0.0473329171	-0.0004967035	0.0013309691	-0.030077377	0.0556073567	0.0473172525	0.00172039	0.0847045923	-0.157404346	-0.0414172091	0.0980748841	-0.0324569371	0.040334461	-0.0761585773	0.0020655243	-0.0377719689	-0.1067775654	-0.037341175	-0.1176636811	0.0215019758	-0.0087522	0.0043444057	-0.0697898174	0.0468829431	-0.055314503	-0.0704210616	-0.0765459737	0.101464331	0.0040323477	0.025245155	-0.0003820363	-0.1412757074	-0.0886416781	0.0324557452	0.0306731861	-0.1472256541	0.0473403241	-0.0274603766	-0.0174682254	0.1220532824	-0.0350928505	0.0521243633	-0.014166574	0.018943247	0.039258471	0.0110007023	0.0252507839	-0.1066155864	0.0158439957	0.0386082997	0.0496592838	-0.0631601814	-0.0272920617	0.0208665731	-0.0119974983	-0.1575841628	-0.0294834065	-0.0351238028	-0.0039663503	0.0203799801	0.1379573134	-0.0204172225	-0.047801234	-0.1320345537	0.0860277735	0.078074278	-0.0243173187	-0.0296964091	-0.0208703442	-0.0894971481	-0.022398764	-0.0254239699	0.0487972732	0.0638951637	-0.0223705656	-0.0861785407	0.0296260796	0.1073252043	-0.0332086585	-0.0501800679	-0.0574333676	0.0538889417	-0.1174882662	-0.0350775518	0.0389579747	0.0580838873	0.040056233	-0.0319640931	-0.0274497501	0.0476661974	0.0282764752	-0.0461918199	0.0416645586	-0.010700137	0.0029201466	0.0577868161	-0.1100592123	-0.0006647663	-0.091822642	0.0246266792	-0.0781455512	0.042504596	0.0053741445	-0.0517055788	0.0831501106	-0.0906543325	0.0389289789379176	-0.0086202142688449	7.430809404079886e-05	0.0015154654011488	-0.0801149596147325	-0.0147184893680503	0.0002166339292774	0.0064184067540702	-0.0177435460017676	-0.0676335055152037	0.004574291068275	0.0003148334247168	0.0017678388242612	0.0002249538257209	3.125254108565222e-06	5.060422370646906e-08	-0.0009297626844901	-3.9192814304199984e-05	8.644586494702373e-07	1.536076693083503e-09	-0.0014271807515306	-4.286396092930008e-05	1.8373191465485638e-09	2.0368448975394484e-06
767.8794899281361	1.6739578831025028	589638.9110522944	2.8021349944010123	975.6014907143332	-2.8347977724944258	951798.2686840292	8.036078410939359	782.6011871475357	1.0232747854055333	1.0470912864467403	612464.6181247322	804.7473584022345	680.59273760312	1.085777	31.078522	0.0792016671889913	0.0645349787769379	0.0649049059	-0.0823469188	0.0313484578	-0.0006390956	0.066952698	0.1335703122	-0.0622437486	0.094477526	0.0355302125	0.0030983941	0.0018317336	-0.0849592513	-0.1271044909	-0.057900927	-0.0322748951	-0.0517097668	-0.0533606597	0.0203378233	0.0220645091	0.0944247636	-0.0402233464	0.0664505829	-0.0984717638	-0.0216619268	-0.0938262348	0.0434726484	-0.0250879567	-0.05490397	-0.0425020439	0.1572244491	-0.0015166292	-0.0065738006	-0.132516733	-0.0511133983	0.0835014774	-0.1300085083	0.0449039361	0.0120275997	0.0382444953	0.0309794151	-0.0405283491	-0.0397078916	0.1159951671	-0.0810126304	-0.0378610027	0.0789451298	-0.0450608743	-0.0014942256	-0.0364644925	0.052941136	-0.065263695	0.0535872733	0.0372111896	0.0983548437	-0.0231746628	0.0444692933	0.0313057944	0.0449416089	0.0587169149	-0.0071654205	0.1018419798	-0.1008908699	-0.0152232432	-0.0537294474	-0.0218572174	0.0543465414	0.0676240528	-0.0332918492	0.0735076173	0.0365460781	-0.0275440534	-0.0817143155	-0.0778589138	-0.1138551655	-0.0885567904	0.0604305371	-0.0940447637	0.0087300511	-0.0225169813	-0.0503742567	0.0884131755	-0.0686819291	0.0089565966	0.017284458	-0.0214077978	-0.1052147017	-0.124761725	-0.0644105245	0.0092447736	-0.049695668	-0.0062823298	0.0789714612	0.0191256852	-0.0587146214	0.1107651669	0.036991596	0.019657796	-0.0089279339	0.0337180978	0.048602774	0.0462823697	0.0411662628	-0.0379747078	-0.0549534898	-0.1415254334	0.0109998523	0.0687354675	-0.0382116332	-0.0292383226	-0.0736169144	-0.0599505333	-0.1090761534	0.1005357604	-0.0355676469	0.0678701836	0.0023700451	-0.0713832018	0.0234526778	-0.0350625043	-0.0740400805	0.055854836	-0.0383403182	-0.0403921069	0.0391737411	-0.0776259508	-0.0725997661	-0.0170128927	0.0944247191	-0.0473180836	0.0951886888	-0.0106033356	-0.0106198814	0.0284100703	-0.0219715607	0.0860377084	-0.1501029314	-0.0984620606	-0.0533098066	-0.0823355988	0.0463792843	0.1200593781	-0.0051360521	-0.0754412885	-0.0561641729	-0.0522330513	0.0039130328	-0.0425021863	-0.0098138735	-0.0045539901	0.0365430715	-0.0470880408	0.0692357478	0.0234749777	-0.0455152954	0.039525932	0.0874884202	-0.0255294014	0.0556457627	0.0104356481	0.0504931319	-0.0880644386	-0.0117238746	0.0513435861	0.0012847472	0.0038420275	0.1412524912	-0.1037987509	0.0903490672	-0.0018557061	-0.0016114839	-0.0236431428	-0.0300188874	0.0826179753	-0.1420380869	-0.0026050945	0.0240490205	-0.0892961535	0.0729189189	0.0621541336	0.0649414684	0.0126128143	-0.0629142345	-0.0513040769	0.0520326957	0.0818339865	0.0556319363	-0.041318698	-0.0469268445	-0.0098099158	-0.060935957	0.0245560813	-0.035697356	-0.0103225398	-0.0001098997	0.1074527433	-0.1206591496	0.0151698509	0.0323573542	0.0790382616	0.0180265545	-0.0787565141	0.0446048127	0.0017923027	-0.047697375	0.0805080284	-0.0912167139	0.0425680887170187	0.003639109779101	1.324311998434924e-05	0.0018120421770199	-0.080967845996156	-0.0008528863814235	7.274151796176737e-07	0.0065557920852572	0.0466110885204642	0.0643546345222318	0.00414151898449	0.0021725935730625	0.0018437774181795	7.593859391829996e-05	3.3995151677886625e-06	5.766670046288464e-09	-0.0010347931592986	-0.0001050304748084	1.0707968825311776e-06	1.1031400638498933e-08	-0.0014010490901327	2.613166139789997e-05	6.828637274144955e-10	1.9629385529616665e-06
767.0655592586345	-0.8139306695015875	588389.5722007618	0.6624831347553025	975.5639928470958	-0.0374978672373345	951725.1041397684	0.0014060900473487	781.5553156993053	-1.0458714482304003	1.093847086223555	610828.7114978408	805.1165624196323	686.938305668385	1.059053	30.313591	0.0699679910086166	0.0369755408934457	0.0544965046	-0.0319970367	0.071947653	-0.0823385069	0.0231536019	-0.0391669541	0.0043112504	0.0773049634	-0.0704902126	-0.0468548091	-0.0669570792	-0.0353385373	-0.0258222552	0.0644112642	0.0473751601	0.0798883791	-0.1087281928	-0.0044332254	-0.0229218282	0.0370900344	-0.0207938774	-0.0122920994	0.0011625027	0.004150725	-0.0141473107	-0.0294687369	-0.0832631924	0.0685404678	-0.060363565	0.076221153	-0.0249291031	0.0004184176	-0.0369529079	0.0156694011	-0.087818356	-0.0042922953	-0.0609074249	0.020927991	0.0188175286	-0.0344994624	0.0184401911	0.0151895742	-0.0374007816	-0.0600506491	0.07188838	0.0730170081	0.0204106947	0.0407945749	-0.0091483325	-0.001965796	-0.0056246914	0.0506239448	0.1053702698	-0.0449938195	0.0948164719	-0.0941103308	0.0726305686	-0.104402746	-0.0133493108	-0.0088277534	-0.0048502798	0.1303180869	0.0067111682	0.0445964499	-0.0014107248	0.0200213864	0.0757278127	0.1032187906	-0.0753855418	-0.0029484005	0.0472237591	0.0018252725	-0.0457794848	-0.0374638181	0.0494037433	0.1245889964	0.0630687571	0.0080119657	-0.0563661062	0.000172354	0.0575632535	0.0201114477	0.0878437769	-0.0274000185	-0.0216433533	0.0133031852	0.0115314006	0.0503741864	0.0082956928	0.0670156179	0.0216956855	0.1133634335	-0.0210531278	0.0930507272	-0.0085513448	0.026347123	-0.0002466411	-0.1097198931	-0.0774868931	-0.057466762	0.0891585531	0.0084960412	-0.0900336008	0.0214581205	-0.051445153	0.0958450729	-0.0527499553	-0.0602620971	-0.0075845551	0.012493996	-0.0280574593	-0.0228941282	-0.1128276819	-0.026931652	0.0728616182	-0.1308261727	-0.0488177499	0.0068306885	0.011168317	0.0432841802	0.0580402944	0.0279342158	-0.0108613902	0.0507640447	-0.0593136196	0.0444477646	0.029418426	-0.0254063755	0.0930893971	-0.0186895583	-0.0875631399	0.0458054547	0.0757861482	-0.1109348	-0.0180740191	-0.0271037734	-0.0169283523	0.070325917	-0.0242683186	-0.0634344644	-0.0385495573	-0.0456919794	-0.0022138017	0.0350543152	-0.0582091674	0.0412714111	0.0110101948	0.0134995155	-0.0862416949	-0.0032599868	-0.0134379958	0.0953660935	0.0608095846	-0.0631777364	-0.1081443406	0.007504955	-0.0309628581	-0.0479940857	-0.0890885476	-0.0031236203	-0.054306156	-0.0048258187	-0.0145826575	0.0625439216	0.0441844171	-0.0870860278	0.0547661239	0.0800989638	0.0455338589	0.101556243	-0.1029616518	0.0641828064	0.0785532142	-0.0479805061	0.0391894266	-0.0372092494	-0.0285253979	0.0389799213	0.0233186771	0.0726886629	-0.0257372236	-0.0015870401	0.0670158794	0.0876095641	-0.022950269	-0.0125841072	0.0583238142	-0.0463599137	-0.0726891639	0.0041976449	-0.0407746838	-0.0338728231	0.0298134084	0.033913065	0.0636131945	0.1029274179	-0.0442187859	-0.083778934	0.0140681143	0.1799301323	-0.0793539824	0.0466744595	-0.0017923027	-0.0435584361	0.0775211985	-0.0912167139	0.0305312505157786	-0.01203683820124	0.0001448854738828	0.0009321572580572	-0.0820820271336231	-0.001114181137467	1.2413996070874786e-06	0.0067374591783648	0.0183704586565198	-0.0282406298639444	0.0007975331751123	0.0003374737512509	0.0018729027791014	2.912536092190008e-05	3.507764819965748e-06	8.48286648830944e-10	-0.0013610169171918	-0.0003262237578932	1.852367048882271e-06	1.0642194021396123e-07	-0.0016172268074369	-0.0002161777173041	4.673280545885456e-08	2.615422546692548e-06
765.024898208432	-2.040661050202516	585263.0948788218	4.164297521813635	972.1664893410424	-3.3975035060534537	945107.6829976873	11.543030073645513	779.3256796072195	-2.229636092085798	4.971277103131628	607348.5148952545	802.4309951442087	688.3755456908228	1.029938	29.480228	0.0955637144914291	0.0523168983346448	0.0400779885	0.057135531	0.0091188584	-0.1141931257	0.045687362	-0.0230740833	0.1126932739	-0.1135921625	-0.0034254583	-0.0396688459	-0.0459478912	0.066247861	0.04753836	0.0059317392	0.0223620548	0.0538568448	-0.07397327	-0.0406740776	-0.0117548682	-0.0032822562	-0.0141629549	0.0981888035	0.0277910733	0.0740423222	0.0299626179	0.0024974289	-0.0679544808	-0.0499300829	-0.0996619352	-0.0259708615	0.0329012732	-0.0583725538	-0.0361962255	-0.0333900137	-0.0631958665	-0.031080138	0.0006441763	0.0197235231	0.0286000905	-0.0358043547	0.0885979956	0.0473948322	-0.0309498409	0.1018537208	-0.0037519276	-0.0206448766	-0.0089101767	-0.0777477475	0.0063278224	-0.0120915234	-0.03900268	-0.0302239064	0.0104597359	0.0267390825	-0.062665503	-0.0478645035	-0.0226392504	-0.0529890166	-0.0759451505	0.0006436387	0.0114346249	-0.0481216702	0.0129797301	-0.0768139013	0.0445532067	-0.0803300309	0.0497023054	-0.0129939851	0.0334747646	0.1052397813	-0.1232500096	0.0153149638	-0.0275772974	0.0747201689	0.1046953994	0.0855765035	0.0640669199	0.0653856172	0.0923294049	0.0104031075	-0.0380780928	0.0006942971	-0.0660313501	0.0808909542	0.0560103847	-0.0223319732	0.0247817381	-0.0142657128	0.0619327201	-0.0555517771	0.04020436	-0.079996618	-0.1140204057	-0.0926354034	0.1235905751	0.0923420686	0.0211388843	-0.0454453648	0.0423484671	-0.0543759369	0.0657051616	0.027133872	-0.03260582	0.1223272072	0.0035205101	-0.0180244313	-0.0323215366	-0.0579988806	-0.0013376773	0.0723167663	0.0463114601	-0.0513210208	0.0215916082	-0.0870642403	0.0184010016	0.0857774764	-0.0635511024	0.0323811936	0.0152747936	-0.0166672943	-0.0321379968	-0.0002466603	-0.0536479649	-0.0351610563	-0.0367865179	-0.0307935877	-0.0213313363	-0.0653662786	0.0405189329	0.0485464688	0.080967352	0.0242528223	0.0098005754	0.0608052052	0.0465602785	0.0766749799	-0.005206067	0.0359466653	-0.0405191354	0.0030582409	0.0313368326	-0.0593404848	0.0902627562	0.0492005917	0.0057283606	0.0647754286	0.0373279496	-0.031930721	-0.0653750396	0.0543169274	0.1018585646	-0.1196081141	0.1089889283	-0.0387888949	0.0287247576	-0.0279523944	0.0041441714	0.0003762213	-0.013669462	0.001928515	0.0775246034	0.0797949489	0.0302486686	0.0440264012	-0.0059850989	0.0587643678	-0.127598582	-0.0309167756	-0.1075249274	0.0366736289	-0.080700048	-0.0360642818	0.0315455819	-0.1025136536	-0.0213787501	-0.105041696	-0.0539691643	-0.0599579444	-0.0451080125	-0.0241338609	-0.006738354	0.0553453844	0.1502815139	0.0183640233	-0.0986877475	0.0221502292	0.014045498	0.0158314967	-0.1568059006	-0.0308875664	0.0281736832	0.0463950686	-0.0589583506	0.0748954045	0.0738064532	-0.0515562232	-0.0211626756	-0.085701954	-0.0322699991	0.0912255389	-0.0799378539	0.0487121179	-0.0053741445	-0.0393001065	0.0742024108	-0.0906543325	0.0774926214771625	0.0469613709613839	0.0022053703625727	0.0060051063834027	-0.1011114513049022	-0.0190294241712791	0.0003621189842904	0.0102235255849836	0.0072977645976237	-0.0110726940588961	0.0001226045537219	5.32573681223298e-05	0.001824238148249	-4.866463085239996e-05	3.3278448215269405e-06	2.368246296000358e-09	-0.001328241164419	3.27757527727999e-05	1.7642245908571413e-06	1.0742499698237003e-09	-0.0019057909298091	-0.0002885641223722	8.326925272043808e-08	3.632039068142634e-06
764.885448896073	-0.1394493123590336	585049.749932947	0.0194461107174073	976.576642296531	4.41015295548857	953701.9382791666	19.44944909080457	779.921259424708	0.5955798174884421	0.354715318999566	608277.1709026226	803.2833090347599	698.7783859944547	1.01196	28.965651	0.0375264266369205	0.0196310683117378	-0.0181401479	0.107172729	0.0002026933	-0.0390862027	-0.0557376486	0.0183514466	-0.0093927614	0.0192735934	0.0394193777	-0.0274302325	-0.0720825395	0.04800672	0.0416507984	0.0045794268	-0.050935532	0.0135670325	0.0110591997	-0.0341049113	0.0310940603	-0.0234376822	0.0409628972	-0.0258883077	0.005621298	-0.0233076442	-0.0094936899	-0.01955008	0.0746384733	-0.0072988612	-0.0219533747	-0.0397547782	-0.0072977017	0.0363141007	0.0446757443	-0.04309342	0.0103314148	-0.013662323	0.0220510836	0.0200574066	0.0431909208	-0.1111532751	-0.0115401303	0.1260673191	0.0596903921	-0.0468345367	0.0390188837	0.0470356341	0.0298289047	0.036342299	0.0127677403	-0.0775486394	0.0038426102	-0.1596192806	-0.0248659053	-0.1024692336	-0.0262525704	-0.0642581035	0.0257413848	-0.0056907578	0.0514291018	-0.0040796759	0.0568003369	0.029358454	-0.1019669141	-0.0567333326	0.1356202519	-0.0539325503	0.023867349	-0.0178375103	0.0666651783	0.0293443312	0.0057540792	0.051653428	-0.0489558239	0.0054885998	-0.0927887266	0.0271132812	0.0259364223	-0.0045313938	0.0780365849	-0.0533951014	-0.0181991725	-0.0828485837	-0.0312736976	0.0139596011	0.0432724523	-0.0550022957	0.0365011638	0.0898301104	-0.0385178529	-0.0660691824	0.04236509	-0.1267776858	0.0017911233	0.0473810955	-0.1100145056	0.0281023853	0.0501224371	-0.0226264458	0.0470053851	0.0310281439	0.0273876695	-0.1437245776	-0.0380238834	0.0546323856	0.0538705946	-0.0218716201	-0.019241856	-0.0141459436	0.0128864253	0.0083219166	-0.0257324703	-0.0010440709	-0.0100309034	-0.0150653815	0.011428977	0.010955513	0.0244290073	0.0025466366	-0.0981495701	0.0230797933	0.0182887293	-0.0492402683	0.057075866	0.0236681528	-0.0086040848	-0.150808206	-0.1025749114	0.0229486902	-0.0311409755	0.0132146382	0.046827775	0.0797693736	0.0248204835	0.0167161732	-0.0779822041	0.012040332	-0.0087061368	0.0792718489	0.0086221376	0.0039076966	-0.1248050768	-0.1253070088	-0.0134162987	0.010629451	-0.0183969667	0.1387204971	0.0064206018	-0.0330815337	0.0196115583	0.0383858812	0.0952702595	0.0532248189	0.0383832375	-0.0945460498	-0.024165881	-0.0009479598	0.0692645753	-0.0550883843	0.0783370625	-0.0176206535	-0.0074187813	-0.0191157978	-0.0731232345	-0.0932058119	-0.0577171251	0.0296628416	0.0339319752	-0.0987754686	-0.0258169314	-0.0210166139	0.0812339414	0.076182397	0.059230624	-0.0407745475	-0.0697979493	0.008990273	0.0032655416	-0.0632946614	-0.0334268767	-0.0723352062	-0.0619151129	-0.0281111979	-0.0262169242	0.0522092833	-0.0235665381	0.0354368636	-0.0513666867	0.1069499617	0.024320079	0.0233008127	-0.1131249811	0.0294472404	0.069778276	0.0615960061	0.0260153785	-0.0414064307	0.0214622646	0.0273638742	-0.0553977871	0.008891054	-0.0805080284	0.0507163915	-0.0089476998	-0.034934058	0.0705658771	-0.089533037	0.0775460287303957	5.340725323320361e-05	2.852334697915537e-09	0.0060133865718553	-0.1037519819865195	-0.0026405306816172	6.972402280562283e-06	0.010764473766131	0.0007741583154086	-0.0065236062822151	4.255743892535631e-05	5.993210973162814e-07	0.0019710732737456	0.0001468351254965	3.885129850474196e-06	2.15605540796022e-08	-0.0010602319882375	0.0002680091761815	1.1240918688820426e-06	7.18289185174863e-08	-0.0017544575830901	0.000151333346719	2.29017818291731e-08	3.0781214108623547e-06
765.8064246394393	0.920975743366398	586459.4800190413	0.8481963198692896	976.005273992365	-0.5713683041659579	952586.2948609114	0.3264617390054825	779.3877635646511	-0.5334958600568598	0.2846178326978085	607445.2859943085	801.661560145606	692.2431201624128	1.002331	28.690027	0.1486086380033277	0.0678888473676698	-0.0347016349	0.1227121479	-0.0588188014	0.0186516363	-0.0077506833	0.0566763908	-0.050739142	0.1560005942	0.0020974838	0.0207137325	0.0095428948	0.0738864262	0.0161944235	-0.0790353119	-0.0631296932	0.0226815657	0.0052401311	0.0243459964	-0.0076308466	-0.0073417481	0.0851554704	-0.0252905002	0.082857361	0.0463019142	-0.013339582	0.0911216219	0.0587166165	0.0911644218	0.0075933709	-0.0605446978	0.0215288379	-0.0189367956	0.0116404982	0.0473913242	0.0682352253	0.0791526113	0.0832800735	-0.1374933035	-0.0061175247	0.0217395395	0.0212657301	0.076549035	-0.0266338858	-0.0009292221	-0.0057683983	0.0662249627	-0.0162003681	-0.0236142609	0.09126092	-0.0230496385	0.086160346	0.059032566	0.0030332694	0.027765211	0.0607187888	-0.0396841892	-0.037376586	0.0747709706	-0.0223042754	0.1000673344	-0.0365189099	-0.1003136364	0.0765012674	0.0510695668	-0.00509807	0.0458841977	-0.130960447	-0.0714191265	-0.1070813391	0.0894724905	-0.0199069707	0.0199919259	0.0860300703	0.0234128168	0.1454168093	0.0145887589	0.0114338534	0.0487192508	0.0531174128	-0.0568888378	-0.0075776712	-0.114507997	0.020812778	0.105388038	0.0456249896	-0.0260443513	0.0483738057	0.0770834957	0.0164575597	0.0264880723	0.0167160359	-0.0171103119	0.0146528161	-0.0291599729	-0.0187683586	-0.03012738	-0.0242952121	-0.0753347924	0.0628389468	-0.0476697853	0.118289129	0.0374752002	0.0428490767	0.035745145	0.0352916357	-0.0782673886	0.0021006479	0.0345837764	-0.0600576406	0.0196766525	-0.0548070652	-0.0735989483	0.0053225308	0.0228449663	-0.0521917738	0.0710591739	0.1140121837	-0.0794275343	-0.024992958	-0.0482245883	-0.015746564	0.0709705212	-0.0657323873	0.1189940963	0.0349156582	0.0090785352	-0.0494133284	-0.0383742748	0.0169972141	-0.0466614143	0.0125034243	-0.1083436382	-0.0247934038	-0.0046043364	-0.1385762641	0.02246475	-0.0831886227	-0.0449723315	-0.0650828649	-0.0981360117	0.0688547057	0.0676478355	0.0689181019	0.0467558781	-0.0047017052	0.1015256531	0.0146876888	-0.0002122479	-0.1005336486	-0.0215259526	-0.0352386733	0.0079347999	-0.0946311626	0.0570008411	0.0237265581	-0.0219047116	0.0246864278	-0.0207676929	-0.0255541002	-0.0623863811	0.0685424286	0.0847284997	-0.0474522886	-0.0381261174	0.0305876707	-0.0086622265	-0.0312048478	-0.1258260787	-0.059134533	0.0778461118	0.0354787189	0.1015127571	0.0602310627	-0.0304212434	0.0809318379	0.0245136456	0.014037098	-0.0828513209	0.1239151786	-0.0128663597	-0.072003987	-0.0036344187	-0.0594656737	0.0263801526	0.1072002894	-0.0893773365	-0.0176560095	0.0075730158	0.0842554055	0.059293716	-0.0092028229	-0.0004762348	-0.1124593153	-0.050613446	-0.0069809799	0.0888631175	-0.0223588599	0.0016330291	0.063039606	0.0162953317	-0.0810644083	0.0526859066	-0.0125074584	-0.0304722578	0.0666271694	-0.0878597406	0.0483809588919115	-0.0291650698384842	0.0008506012986836	0.0023407171833008	-0.0630041629398476	0.0407478190466718	0.0016603847570603	0.0039695245477508	0.0233538201195102	0.0225796618041016	0.0005098411271876	0.0005454009141744	0.0014600199721301	-0.0005110533016154	2.1316583190187783e-06	2.6117547709210294e-07	-0.001361055420683	-0.0003008234324454	1.8524718581705785e-06	9.049473750829229e-08	-0.0014440125708697	0.0003104450122203	9.637610561252429e-08	2.0851723048297203e-06
766.1741524237996	0.3677277843602269	587022.8318423276	0.1352237233904815	976.7452228719538	0.7399488795888374	954031.2304031828	0.5475243444047757	779.9504156484976	0.5626520838465012	0.3165773674568102	608322.6508702642	803.1008417535903	688.1725847444183	1.032984	29.567423	0.182245106386913	0.0935948551611815	-0.0078661898	0.0375920407	-0.016122913	0.0744396072	0.0240547647	-0.0145252015	-0.1138425393	0.0431841156	0.0995380379	-0.0483884245	-0.0019581095	-0.0156044916	0.018600454	0.0018833218	-0.0508546302	0.0229525339	0.0260624323	0.0358657638	0.0844505314	-0.1017232059	-0.1564138497	-0.0331450022	-0.0033263327	-0.0872637936	0.0005321318	0.0534609314	-0.0559217071	-0.0125343412	0.0060394314	-0.0001194246	0.0202831794	0.0220402143	0.1321717788	-0.0531352673	0.0593411329	-0.0056580442	0.0503857411	-0.0319209198	0.0270049491	0.0212271713	-0.0200472945	0.1398192204	0.0870708354	0.0164642091	-0.0142034989	-0.1015835556	0.0095541328	0.02046691	-0.1096279929	0.0768661995	-0.0132160591	-0.1249414041	-0.0212535391	0.0649258355	0.0561653649	0.0228320014	-0.0106528899	0.0432208776	-0.0583680542	0.0455964864	-0.0127428206	-0.0015614822	-0.018894373	-0.0393944969	-0.0416038169	-0.1984439092	0.0844765602	0.0301768275	-0.0116845923	0.0378469102	-0.0702962584	0.0426516129	-0.0827413964	-0.0584922974	-0.0954542744	-0.1274924906	0.0408395239	-0.0633341576	0.1252574186	-0.0539109892	0.0765329415	0.0491750441	-0.0473970681	-0.0090104079	0.0089569331	0.0053529688	0.0642626087	-0.0210238956	0.0652063995	0.1053950405	0.0104340964	-0.0019108976	0.000731858	-0.0490592535	-0.0167937956	-0.0173961773	0.0061254475	0.0432625248	-0.0548793383	-0.099919553	-0.044702537	-0.0101234456	-0.0171400975	0.0326904613	0.037292306	0.0653039372	-0.0822928427	0.094061913	0.0052886859	-0.0242849586	-0.0141805003	0.0768075845	0.1134934768	-0.021006463	-0.0472411213	0.0337088251	-0.0273213141	-0.0315979217	0.0144926175	0.0127606528	-0.0103707985	-0.1292626696	-0.0256966249	0.1254444848	0.0391143836	-0.0574866835	-0.0298064952	0.073394483	-0.046455538	0.0288648992	0.0149072763	0.0798828179	0.0060964229	-0.1178960812	-0.0275218069	0.0208879988	0.0137281642	0.1080000231	-0.1305899472	-0.0193715387	0.0865042586	-0.081624611	-0.0132514972	-0.0541785228	0.0859443635	0.0161137772	-0.0945858157	-0.0195857309	-0.0209622174	-0.0500661373	0.1179453651	-0.0173985328	0.0058702971	0.0208168668	0.0436573396	0.0674878057	0.1161819557	0.060795889	0.0215413328	0.1654530229	-0.0010826861	0.0618137572	-0.0025433425	0.0524089661	-0.1374328905	0.0065111628	-0.0280485426	0.0326290018	-0.0342738803	-0.0180252379	0.0628106921	0.0355214367	-0.0276258838	-0.0485475503	-0.1326635782	-0.029210276	0.0251587962	0.0554121584	-0.0553731833	-0.1173021814	-0.0317379187	0.0391717942	-0.0568937211	0.0776887677	0.0352822808	0.0414147672	0.0262519445	0.0503779922	-0.0918583712	-0.0472229965	0.0310636575	-0.0457461826	-0.0404993333	-0.0505526926	-0.060632432	0.0953593327	0.0969803692	-0.1164925124	-0.0143320009	-0.021782349	-0.0816068982	0.0546193134	-0.0160479313	-0.0259269352	0.062403154	-0.0856447597	0.0696960394120935	0.021315080520182	0.0004543326575818	0.004857537909732	-0.1222512859161213	-0.0592471229762737	0.0035102215809656	0.0149453769081452	-0.0251404878245722	-0.0484943079440823	0.0023516979029754	0.0006320441280574	0.002174750040407	0.0007147300682768	4.729537738250247e-06	5.108390704991018e-07	-0.0012168490992119	0.000144206321471	1.4807217302528126e-06	2.079546315222623e-08	-0.0012391770616902	0.0002048355091795	4.1957585820825034e-08	1.5355597902191577e-06
765.2440352656938	-0.9301171581057588	585598.4335097225	0.8651179278027331	980.6435102549466	3.898287382992749	961661.6942051436	15.19664452040045	781.1785095260666	1.228093877568995	1.508214572122449	610239.8637453669	804.152340767852	681.5205858408898	1.081036	30.942841	0.1924088243366702	0.100317958388081	0.0927847525	-0.0097625988	0.0770212695	0.0212004028	0.0295069315	0.0607323218	-0.0876854298	0.0068770838	-0.021351231	0.0030891699	-0.0860817765	-0.0523465834	-0.1300719846	-0.033933648	-0.0855867046	-0.0472565996	-0.0126807147	-0.0369427002	-0.0108283785	0.1163065531	-0.016734434	-0.0256588555	-0.0314309037	0.1141636603	0.0204534493	0.0903977259	0.0335932108	0.0305573702	-0.0662216321	0.1024009283	-0.0210134893	-0.1318933986	0.0202762953	-0.0807920324	-0.0227199156	0.0413823564	0.0341865842	-0.0934611744	0.0446669244	-0.0843581596	0.0049591558	0.0145898781	0.1659380324	0.0528343335	-0.059038215	-0.020263156	0.0009224145	0.0648882468	0.1082495082	0.0630678491	-0.0175922453	0.0107480657	-0.0392339558	0.0778440659	-0.0190539655	0.0232239951	-0.0350426665	-0.0009877466	0.0439161391	0.0086255142	-0.0260782318	-0.1245752004	-0.0286778146	-0.0411878031	0.0565985651	-0.0605323269	0.012314763	-0.0431183727	-0.0228802005	-0.189529244	0.0157026038	-0.0285266735	0.0513994644	0.0547139819	0.0014629254	0.0416147415	-0.0770640983	0.0464358032	0.1190809336	0.0237795809	0.0051497324	0.0246987678	-0.0855804538	-0.017519854	-0.0070915576	-0.0611652056	0.1462688864	-0.1247098991	0.0653545286	-0.0837594432	-0.0705076418	-0.0477359119	0.0036177837	0.0852056365	0.1105634402	-0.0115183102	0.0588162978	-0.1568852468	0.0870137292	0.0419561278	0.0412816668	0.0372188209	-0.0924964248	-0.0369490625	-0.0939792441	-0.1123807334	0.0542773101	0.0439219614	0.0676246293	-0.0443744672	-0.1065032336	-0.1123951784	0.0326625613	0.0264553736	0.0124714861	0.0276294466	0.0805817061	0.0336149384	-0.0440738681	0.006965114	-0.0161644925	-0.083017301	-0.0658160122	-0.0165402749	-0.0525851275	0.0066091843	-0.0530876264	0.0092758213	-0.060298554	0.0213260868	0.1384565645	-0.007729411	-0.012746693	-0.0443857022	0.1672995792	0.0459307049	0.0745273191	-0.0399494997	-0.0292447851	-0.0121925994	-0.0248422844	0.0228428929	-0.0456970149	0.020388353	-0.0689772237	0.0397409083	-0.031753499	0.0125559742	-0.0491243612	-0.1006503991	0.1617814617	-0.0749163378	-0.1225501358	0.0010847391	0.1580798526	0.0500842079	-0.1025628559	0.0127781436	0.0684065771	0.0059759291	0.0835996297	-0.0634634726	0.0408173953	-0.0573494226	-0.0283083763	0.0676760632	-0.0300555812	-0.005868547	0.0589755208	0.0142902688	0.0150319217	-0.0990025025	0.1338912845	0.0139408584	0.0064569796	-0.0799330067	-0.1325937154	0.0597665856	0.0961656619	0.0550619788	0.0300699027	-0.0602789283	0.0052177155	-0.0557730091	0.0379481675	0.0214392963	-0.0148989498	0.0220238179	0.0763352965	-0.0537304407	-0.0137509683	0.0054975288	-0.1166136839	-0.0571580686	0.0305866095	0.0719491425	0.1227900083	0.008747202	0.1393446324	-0.1086523606	-0.0821354052	0.0565152869	-0.0195636596	-0.0213105486	0.0579119187	-0.0829017503	0.0502087168652707	-0.0194873225468227	0.0003797557400439	0.0025209152492569	-0.0658399185875708	0.0564113673285505	0.0031822423638766	0.0043348948796179	0.0463768251864848	0.071517313011057	0.0051147260603215	0.0021508099143777	0.0017430318148619	-0.000431718225545	3.038159907620769e-06	1.863806262678096e-07	-0.0007750585985617	0.0004417905006502	6.007158312044265e-07	1.9517884646475446e-07	-0.0012128293588807	2.634770280949997e-05	6.942014433377323e-10	1.47095505376297e-06
763.7211121325994	-1.522923133094423	583269.9371170545	2.3192948693141338	977.9315243417568	-2.7119859131897783	956350.066301392	7.354867593339796	779.9716060512417	-1.2069034748249123	1.4566159975444477	608355.7062461533	804.6503262991977	675.8865920058729	1.070026	30.627682	0.120273025589915	0.0584014796017469	0.1147733897	0.0138701152	0.0232962507	-0.0192259251	-0.0893484898	-0.0819762965	-0.0470875602	0.081713014	0.0034286853	0.0218454567	-0.0456356969	0.060494451	-0.0706465109	0.0967384216	0.0133329749	0.1304813	-0.0164225542	0.0265695651	-0.0479052397	-0.0877317903	0.0243106933	-0.0765182578	-0.0138936965	0.0072969662	0.0570499077	0.0226144365	-0.0179456545	0.0388076343	0.0120028955	0.0448317685	-0.1168609926	-0.0343353931	-0.0046868787	0.0675056117	0.0471768618	0.0684298787	-0.057685305	0.0661333469	0.1144276238	0.1222189507	0.0006483715	0.004734971	-0.0367188119	-0.0508706088	0.0717132133	-0.0199513393	-0.133451934	0.0186171423	0.0402998897	-0.0308519676	-0.0107381233	-0.008441202	0.0750208459	0.0125809031	0.0300640191	0.0506792959	-0.0179050305	0.0021089433	-0.1217925665	0.0212078682	0.0477003015	0.0657461563	0.0398413697	0.0160358116	0.0991898901	-0.0076063521	0.1675380471	0.0890375691	0.0324404169	0.0524376521	0.1102710567	0.000164804	0.0081676709	0.08641513	0.0103872266	-0.0345183188	0.0669169601	0.0634305809	-0.0101746374	0.069313274	0.0158360046	-0.01159965	0.021767099	-0.0486308108	0.0431805376	0.1330397884	-0.0100690105	-0.0448792785	-0.0042978629	0.0123853611	-0.0300862214	0.0921701551	-0.0939797776	-0.0285913526	-0.1365396435	-0.1438614035	0.0714128793	0.077579766	-0.0209633217	0.1197271597	0.0071179658	0.0861510109	-0.0754613761	0.0792629557	0.0040992602	0.1585711942	0.0149163692	0.0707521105	-0.0391354637	0.0324287765	-0.0418881416	-0.0253610253	-0.0796033768	0.0177827343	-0.0831346309	-0.1084761367	0.0169424508	0.0007807063	-0.0701929317	0.0376966731	-0.021331867	0.0149126622	0.0790325905	0.1525019168	0.0335574614	0.1352159243	0.1170853885	0.0265503204	0.1081046562	-0.0139973092	0.023449564	0.0621463553	0.0282885591	0.019243168	0.0336706572	-0.0331859743	-0.0304924712	0.0304075264	0.0242626529	0.0860664784	0.0083543307	-0.0322396552	0.0910107912	-0.0068295749	0.0065365771	-0.0752859425	0.0442424843	-0.0304044518	0.016560054	0.0939208913	0.0595382389	-0.0319161941	0.0397685448	0.0149390948	-0.0561525346	-0.0368022225	-0.0099077738	0.078050936	0.0248106704	-0.0037690345	-0.0422523612	0.074099768	-0.1033929867	-0.0350149391	0.0173120378	-0.078517149	0.1545309172	-0.0191820941	-0.1327551741	0.028505346	0.0975107554	-0.0038986208	0.0687193282	0.1539727013	0.0563757884	0.0803150038	-0.0344416454	0.057399869	-0.0688966553	0.0096041407	-0.11724758	0.016698084	-0.0116774013	0.0476747548	-0.0199570013	-0.0371678603	0.0414246342	0.0548731247	-0.0945191272	-0.0615348043	-0.026844626	-0.0151179934	0.077184894	0.017550176	-0.0382109454	0.0845971108	0.0641439797	-0.0055564215	-0.0125806206	0.0284297412	-0.0826498387	0.0583725276	-0.0230492221	-0.0166357513	0.0531726956	-0.0796476241	0.0646366935657312	0.0144279767004604	0.000208166511669	0.0041779021551102	-0.0877296599193897	-0.0218897413318189	0.0004791607755739	0.0076964932295717	0.0056318213997741	-0.0407450037867107	0.001660155333579	3.17174122789535e-05	0.0020912955466242	0.0003482637317622	4.373517063330211e-06	1.212876268610031e-07	-0.0008587230750518	-8.366447649009998e-05	7.374053196264193e-07	6.999744626362493e-09	-0.0016451072260468	-0.0004322778671661	1.868641544416724e-07	2.706377785191397e-06
764.3570879305029	0.6359757979034839	584241.7578695985	0.404465215518973	968.0160707126964	-9.91545362906038	937055.113158048	98.31622067004666	779.4706411504889	-0.5009649007528196	0.2509658317862824	607574.4804155541	801.496928031609	674.5840986538203	1.057813	30.278111	0.0532844229226425	0.0238719187155156	0.0747803034	0.0010649708	-0.0910722875	-0.0349602911	-0.0327654183	0.0115121237	0.0494048854	-0.0264985628	-0.0368750021	-0.0596840136	0.0766540024	0.0957076126	-0.0376377332	0.0230023507	-0.0470006877	0.0142285773	-0.0911198026	-0.000117609	0.0409228159	0.0342558138	-0.0592520448	0.083365434	0.0513665561	0.0272727856	0.0427738085	-0.0483165864	0.0016444765	0.0388122866	-0.0725913334	-0.0702781991	-0.0308966647	0.0047424909	-0.1310358945	0.0653016721	-0.165031633	-0.0298087186	0.0367677974	0.0296248968	-0.0282215475	0.0471662586	0.0128005704	-0.0013028336	-0.0451034142	-0.0898191484	-0.0593820114	0.0017239923	0.0042458902	-0.0154056451	-0.0064570078	-0.0231940048	0.1140425947	0.1282038464	0.0753190972	-0.0085699168	0.0133249821	-0.0180071795	0.0383618257	0.0768814683	0.009321253	0.0463659135	-0.0442924365	0.0344380224	-0.0122049094	0.0963493908	-0.0338538066	0.0820937908	-0.0459640498	-0.1914792485	-0.0190728397	0.0549042308	-0.0148320979	-0.0509784076	-0.0202960782	-0.0133310297	-0.0446922566	-0.1159374995	0.0689611012	-0.0333053245	0.0264357251	-0.0922095128	-0.0643458595	-0.0521045241	-0.0434013843	-0.033505379	0.0721811188	0.0364558177	-0.0311202642	-0.0687385851	0.0006337875	-0.0129615951	0.0121876492	0.0380197649	0.085417665	0.0188430004	-0.0222537382	-0.0919770676	0.0215252313	0.0324528414	-0.0186112028	-0.0259010137	0.0253570874	0.0730611115	0.0704950436	0.1036153636	-0.026823589	-0.0134603106	0.0237865375	-0.0383583676	0.0006705165	0.0134484826	-0.0387024115	-0.0825121598	-0.0782215346	0.0045253885	0.0899741847	0.0112427244	-0.0771021811	0.0217014803	0.0206194005	-0.0134825474	-0.091140499	0.1143753338	-0.0977785694	0.0050892041	0.0085571617	-0.0026738187	0.0887639022	-0.0523585963	-0.0215336479	-0.0821819784	-0.0994876737	-0.0568176983	-0.030640326	0.1381756109	-0.1775993244	-0.0277328635	-0.0008523456	-0.0314730415	0.0019486328	0.0153495514	0.0133588646	0.0475996472	0.005194023	-0.0510817136	-0.0540761863	-0.0359438792	-0.0273319068	0.0186982252	-0.1213752791	-0.0613044573	-0.1643441776	-0.0596227756	0.0082525616	0.0738479164	-0.0834628089	-0.0171488499	0.1096585266	0.0875012032	0.1353414671	0.0654729763	0.0069569876	-0.054267542	-0.0591527907	-0.0631475985	0.0424857084	-0.0080192414	-0.0392453541	-0.040186365	-0.1182135992	-0.1093189676	0.0244603604	-0.05035977	-0.0462970737	-0.0145710211	0.0179682766	-0.0631508511	-0.0983438526	-0.0633305015	-0.0124942873	0.0268045079	-0.0153787946	-0.0415524368	-0.036499126	-0.1279051871	-0.1037314661	0.0157960502	0.0569098905	0.0536166268	0.0420076651	0.0034806984	0.0388329485	0.0370622559	0.0741002323	-0.014957746	-0.0728659025	-0.0239701938	0.1272794518	0.0254587263	0.0858452006	-0.0529986619	-0.0831501106	0.0601897627	-0.0264992443	-0.0119153566	0.0482057789	-0.0759024438	0.0748539003188994	0.0102172067531682	0.0001043913138369	0.0056031063929517	-0.0739697594937354	0.0137599004256543	0.0001893348597239	0.005471525319561	0.0153581941629141	0.00972637276314	9.460232712755164e-05	0.0002358741279457	0.0023308681182518	0.0002395725716276	5.432946184682687e-06	5.739501707626165e-08	-0.0008417614542897	1.6961620762099942e-05	7.085623459279108e-07	2.8769657887729977e-10	-0.0015100225588229	0.0001350846672239	1.82478673189918e-08	2.2801681281540586e-06
765.5502333701312	1.1931454396283243	586067.1598130623	1.4235960401058674	974.9090421633286	6.892971450632217	950447.6404918188	47.51305541923081	779.9492902784376	0.4786491279487563	0.2291049876861049	608320.8954058385	802.6108983634605	686.245342368107	1.026519	29.38236	0.0927369285072632	0.0444647185685228	0.0005805117	0.01702721	-0.0698555136	-0.0005686863	-0.1009465891	0.0167601565	0.0215870409	-0.0303426914	-0.0323549246	0.0424982593	0.0534651057	0.0226672884	0.0113329096	0.0155354608	-0.0350533404	0.0389094338	0.0510235975	-0.0971108764	0.0717525844	0.0336046834	0.0258214246	-0.0643689346	0.011848767	-0.0126843476	0.026799973	-0.0242289359	0.0417909164	0.0855294873	0.0627134118	-0.0611023671	0.0116541992	-0.1133701729	-0.0321924513	0.0041141534	-0.0511795673	-0.0528622684	-0.0118670042	-0.0014175486	0.1018650148	-0.0342707934	0.0112067543	0.070983468	-0.0957650022	-0.0348059064	-0.0477662105	0.0701351382	-0.0566086004	-0.0208975997	0.0059404192	0.0307722364	-0.0056390482	-0.0742995435	-0.1050317211	0.0619999559	-0.1501054249	0.0087388069	-0.1096221343	-0.1255420707	-0.0364356367	-0.058037442	-0.0028997788	-0.0850562276	0.0436649717	0.0360716385	0.0473183141	-0.0420812186	-0.0344377581	0.0266964432	-0.0131336046	-0.0089930051	-0.0431085612	0.0538866203	0.027566799	0.0102105356	0.0271976629	0.0358404621	-0.030466572	-0.1083563594	-0.0510618325	0.0986160453	0.0348724643	-0.0493518599	0.1285742342	-0.08751287	0.0878434676	0.0144569892	-0.0912281226	-0.1277008617	0.1223073916	-0.0402413139	-0.0889597843	-0.0420957754	0.0460122635	0.0557881282	-0.0010775799	0.076774418	0.009657428	-0.0298304504	0.0088521579	0.0152868081	0.0256163569	0.0028388334	0.0729237436	-0.0044115921	0.0416257838	-0.0118322049	-0.0143339766	0.0757948378	0.0422352853	0.0501607444	-0.0185578343	-0.1194069808	-0.0719559316	-0.0426128271	-0.0461823163	0.0462219596	-0.0044854487	0.053231927	-0.1518625492	0.0300958937	0.0712467247	-0.0287593799	0.0286693025	-0.0383893027	-0.0397610511	-0.0383736338	0.0278429428	0.0264432321	0.0712875618	0.0205586951	0.052874443	0.0347087116	-0.0919794201	0.0060885378	0.0676485522	0.0353799282	-0.0044743478	-0.0164642402	-0.0277082804	0.0459980503	-0.0052433769	-0.1206827541	0.0003464427	0.0909074734	0.0889308679	0.0201538873	0.0998603276	-0.010619006	-0.0217681028	0.1116331566	-0.032287141	-0.0538600099	0.0590476523	0.0660674118	0.1237734707	0.080811271	-0.0305606428	0.0250099121	-0.110157958	0.0101574099	0.0465684964	-0.1026236159	0.1275574893	-0.0557967327	0.0392202177	0.0012394429	0.0221602556	-0.0308989555	0.1386924836	-0.1034330266	0.0860879505	-0.0979526984	-0.097716711	0.0114814859	0.0583162977	0.0554493163	0.0162630786	-0.0163114755	0.0587614662	0.0741553934	-0.1459322978	0.0195357394	-0.0493373942	-0.1106596383	-0.0247209001	0.1012682713	-0.1042225055	-0.0355233769	-0.0639366406	-0.04582749	0.0149798436	0.0133893382	-0.054897525	-0.0269618554	-0.051249311	0.007754147	-0.0661246399	-0.0086959806	0.0652104228	0.078187951	-0.0836361352	0.0619657467	-0.0299084066	-0.0071623028	0.0430324377	-0.0716892996	0.0473290944274964	-0.0275248058914029	0.0007576149393594	0.0022400431793268	-0.0442178180543351	0.0297519414394002	0.0008851780194135	0.0019552154334862	0.0248429804815941	0.00948478631868	8.99611715110193e-05	0.0006171736792088	0.0025622020323824	0.0002313339141306	6.564879254744502e-06	5.351537982698383e-08	-0.0009501680110119	-0.0001084065567221	9.0281924915031e-07	1.1751981540363553e-08	-0.0016897899851257	-0.0001797674263027	3.2316327559532586e-08	2.855390193831113e-06
767.382305160099	1.832071789967813	588875.6022728273	3.356487043595866	971.3961961052636	-3.5128460580650653	943610.5698077756	12.340087427663269	780.2930996410839	0.3438093626463114	0.1182048778432629	608857.3213474905	801.9999308015102	688.0610360856097	1.012555	28.98267	0.137353265543945	0.0675100345509165	-0.0678946517	-0.007866074	-0.0830052989	0.037159225	-0.0974881491	0.064954316	0.0312363942	-0.0121869832	-0.0857059628	0.1591540173	0.1046763303	0.0199880313	0.0277755446	0.0157502048	-0.0331185779	-0.0518866966	0.0528820244	-0.0373939598	0.0581614282	-0.0188458182	-0.0298681088	0.0526157445	0.0203771687	-0.0813982847	-0.0131992898	-0.1125097767	-0.0080808908	0.062763701	0.1256734892	-0.0237667816	-0.0850459896	-0.0450627558	-0.0316763989	-0.0593265357	0.1355505549	-0.0126629413	-0.0852501244	-0.0831910298	0.0020403932	0.0581059522	-0.1271599009	-0.1601673262	-0.0538131047	-0.0860725705	-0.0094895836	-0.1043713984	-0.010330761	-0.0471822444	-0.0486696333	0.030296743	0.0326498942	-0.0553048491	-0.0395295039	0.0449114151	-0.0171879987	0.0103318351	-0.047001124	0.0585606578	0.1501812235	0.0776015228	0.0500249226	-0.0209694742	-0.0086677967	0.0858496003	0.0136279798	-0.0375717926	0.0338501018	0.0247527435	0.0428135623	-0.0128911516	-0.0438016372	0.0377800771	0.0118282194	-0.0415811462	0.0326371663	0.0015734285	0.0737533796	0.001086345	-0.0871685817	0.0316044155	0.0268370534	0.0023461451	-0.0122224876	-0.0847116523	-0.0421895566	-0.0702646871	-0.0452155739	0.0337004429	0.0770530376	0.0274752572	0.0560271704	-0.1259893944	-0.0510785145	0.0406290213	0.0440937023	-0.0014399816	0.1494311333	0.0045905431	0.1226067968	-0.0557830252	-0.0074870715	-0.0904190573	0.1018060762	-0.0509119362	0.0535311483	0.0465693386	0.0949315385	0.0797068751	-0.0194202865	-0.0773916114	-0.0293881337	-0.0292863344	0.12265203	-0.0090563952	0.0002985193	-0.1369508136	0.039500985	-0.0176187612	0.0491751937	0.0808024396	0.037775708	0.0053709798	0.0520857202	-0.095837109	0.076467557	0.016208437	0.1220320789	0.0099988394	-0.0806471284	-0.0260737012	-0.0116962871	-0.0042945611	-0.0167944501	0.083327549	0.0035511648	-0.0590470275	-0.017699022	0.064070505	-0.0198616363	-0.0960276163	0.0384758508	-0.0115506561	-0.0816979472	-0.0454123333	0.0522513654	-0.0001992662	-0.0390857173	0.10565364	0.0215741403	0.0318899542	0.0019707159	-0.1669566068	-0.0954393179	-0.0776441297	0.0979945879	0.0449754821	-0.0926466784	-0.0688403876	-0.0098564575	-0.0052051008	0.0093942309	-0.0596080067	0.0180099093	-0.0425871068	-0.0488075152	0.0592390936	-0.0760780884	0.0554380062	-0.0017417668	-0.0337064199	0.0013121764	0.1322587509	-0.0548593204	0.0693843049	0.0651352198	0.1252609741	0.0577929457	-0.0445728563	0.0173813035	-0.0265900726	-0.0400265357	-0.0718072908	-0.1658214502	-0.0062745547	-0.0054001582	-0.1008374384	-0.1379752697	-0.0104273699	-0.0140482835	0.0616617395	0.0059059943	0.0614537162	0.0666790389	-0.0919379685	-0.0795951245	-0.0611656111	0.1067601559	-0.0113322231	0.0202664613	0.109443691	-0.0841078291	0.0636992625	-0.0332714524	-0.0023896175	0.037674825	-0.0670341672	0.0638380239406473	0.0165089295131509	0.0002725447536701	0.0040752933006466	-0.0991108490111543	-0.0548930309568192	0.0030132448476263	0.0098229603917118	-0.0062867243250508	-0.0311297048066448	0.0009690585213488	3.952290273918544e-05	0.0024861467490442	-7.605528333819991e-05	6.180925657783045e-06	5.7844061236538685e-09	-0.0012507062864826	-0.0003005382754707	1.5642662150470958e-06	9.032325502290245e-08	-0.001369951538588	0.0003198384465376	1.0229663188364909e-07	1.8767672180796288e-06
769.7177601707748	2.335455010675787	592465.4303223144	5.45435010689064	978.4546358585358	7.058439753272182	957373.4744330598	49.82157175057306	781.4088398701435	1.115740229059611	1.2448762587419933	610599.7750272036	803.6330067905013	701.561985567001	1.058223	30.289846	0.157529269558779	0.0708357710526149	-0.1147037314	-0.0356351234	-0.0072192612	0.1065613193	-0.0798956241	0.0365570599	-0.0706747413	0.025235884	0.0192330975	0.00197261	0.0825310511	-0.0226985418	-0.0004370784	0.0298038009	0.0938255212	-0.0264205211	0.1254258492	-0.0729377872	0.0378424551	-0.0346932115	-0.0102735141	-0.103378438	0.0262424756	-0.0871975489	-0.0518609527	0.0302420094	-0.0168456317	0.1011805529	0.1420445568	-0.0286579846	-0.0079472259	0.1156762337	0.0555738303	0.0088744462	-0.0976801411	-0.0437819456	0.0657006807	-0.017273355	-0.0504194622	0.0548876355	0.0607338544	-0.0061568167	0.0098823212	-0.0093049123	0.1061063701	-0.0162829519	-0.0492466625	0.0265011967	-0.0922214192	0.0274770519	0.0605208854	0.0193122875	-0.084055213	0.1462200904	0.0524537187	-0.0390060653	-0.0537421863	-0.0154534922	0.1142703436	-0.0017740582	-0.0554537907	-0.0376226503	-0.0144405177	-0.0866674957	0.0679182571	0.148369932	0.0317859365	-0.0722377835	0.0659295651	-0.1417176014	0.0314511441	0.0439609204	0.0572385465	0.0495334737	0.0688711697	-0.0496789906	0.067681568	-0.0050347124	-0.0679054602	-0.046570689	-0.0477141548	-0.1542982069	0.0810043154	0.0366788595	-0.0478129737	0.0076093875	0.053858241	-0.0344387098	0.0198866481	0.0961636489	-0.0159524759	-0.0487036591	-0.120729594	0.0122166334	-0.0469422746	0.0152434482	-0.1280727445	-0.1557862259	-0.0462445559	0.10076041	-0.0974787497	0.0302947645	0.0764462293	-0.0878564237	0.0529566921	0.0457066052	0.0467914264	0.0866855975	-0.0422644023	-0.0513797475	-0.0220454031	0.1388549818	-0.1182793696	0.0879580765	-0.0110276839	0.0472996413	-0.1116241373	0.0387729247	0.0412722189	0.0007743565	-0.0382728664	0.0338431396	0.0545720602	0.052565804	-0.0723510161	-0.083541752	0.0369607846	-0.020656515	-0.1039231817	0.1267258898	-0.060470681	0.0174557479	-0.064086835	-0.0602535415	-0.0004484724	0.0298981383	0.0829773295	-0.0242391676	-0.0422080238	-0.0761649061	0.0442194581	0.0307775908	-0.1372654686	0.0025796686	0.0140043243	-0.0129329277	0.0344870285	-0.0360018395	-0.0076349025	0.0687810508	-0.0474649163	-0.0192219391	-0.0871520631	0.0028660934	-0.1047679537	0.0417321113	-0.1136998596	-0.0108742407	0.0096002368	-0.0632791607	0.1207733898	0.0167761556	0.0606853067	-0.0332658708	-0.0064052808	-0.0488094621	0.020795048	0.0561549708	0.2054270901	0.087148093	0.0118942243	0.0129420865	-0.0352867791	-0.0894574241	0.0474912094	0.1098298062	0.151012874	0.057486835	0.0952922243	0.001249297	-0.0780254715	-0.0184545976	-0.1145652613	-0.0145483848	0.1178749662	-0.0518183299	0.0788239555	-0.0266836159	0.0891709067	-0.0525455497	0.1200259256	0.0274518616	0.0653625878	-0.1388897454	0.0351965538	0.0041185916	-0.0624910003	0.094736385	-0.0422359304	0.042981154	-0.0845651116	0.0653891221	-0.036583196	0.0023896175	0.0321558829	-0.0619657467	0.0441055224106179	-0.0197325015300294	0.0003893716166326	0.0019452971071135	-0.0585229352823972	0.0405879137287571	0.001647378740853	0.0034249339540676	-0.0327906141841083	-0.0265038898590575	0.000702456177661	0.001075224378571	0.0016187637431509	-0.0008673830058933	2.620396056139913e-06	7.523532789124968e-07	-0.0009267900943317	0.0003239161921509	8.589398789513614e-07	1.049216995375388e-07	-0.0015927516293625	-0.0002228000907744	4.963988044912539e-08	2.5368577528368985e-06
769.3547928904806	-0.3629672802942423	591906.7973435542	0.131745246564199	973.2756907289678	-5.178945129567978	947265.5701639494	26.821472655075883	781.0553647977812	-0.3534750723623574	0.1249446267815738	610047.482879395	802.718282134994	692.2263455917747	1.094222	31.320255	0.1239878485165601	0.0738990353968671	-0.0376987139	-0.0831376773	0.0015983006	0.0528959989	0.115073176	0.0752194309	0.035715178	0.10573223	0.1034029651	-0.0288884857	0.0709509007	-0.0796621764	0.0344243039	-0.0104785136	0.0424810423	-0.1191204732	0.0258212837	0.0687120682	-0.011131935	0.0650193817	-0.008154516	0.0606958878	0.0776647438	0.0511794573	-0.0037278188	0.0547677866	-0.0213685905	-0.0011106103	0.0288866147	-0.0001778894	0.0858119032	0.0503097734	0.0855628407	-0.1002835935	0.0374897041	0.0051014487	0.0490070821	0.1105804859	-0.0297501278	0.0658582098	-0.0487858294	-0.0141418743	-0.0148331206	0.0477568512	0.1192842765	0.0148257619	0.0728470387	0.0994114967	0.0825528121	0.1928679695	0.011371257	0.109857869	-0.0662373384	-0.01696099	-0.0644610627	-0.0122940545	0.0343990472	0.0290184599	-0.0587421785	-0.0857849483	0.0238537134	-0.0188133169	0.1436348911	0.1227339608	-0.0174817304	-0.0287709075	-0.0237123976	-0.0698458816	-0.1402523289	-0.0215445074	0.0012686248	-0.0028249971	-0.0344776291	-0.0040455791	0.002383829	-0.1389216362	-0.1062006079	0.0053432995	0.0248134582	0.0480331292	-0.056693485	0.0163113327	0.0116040894	-0.1047266668	0.0103155461	0.1052007766	-0.0067468897	0.0284778885	0.0818957898	0.0468141949	0.0537255648	-0.1176073193	0.0886905834	0.0481118118	0.0213400032	-0.0167022978	-0.0531491825	-0.0195984941	-0.0780027459	0.0308365251	-0.0899350948	-0.0280488297	0.0433850266	-0.0637284249	-0.0157760431	-0.0049590868	-0.015994757	-0.021963612	-0.0295959214	0.0754061553	0.0806785048	0.0966300221	0.1853591159	0.1663392123	0.1303320165	0.0336629611	-0.0300676051	-0.0291204593	0.0288014698	0.0650793875	0.031254437	0.0651781961	-0.0780791402	0.0309603186	0.0869657174	-0.0564849326	-0.0990214102	-0.0715827156	-0.0019270107	-0.0412431224	-0.0376008467	0.0358422812	-0.0936582558	0.0175658521	0.1163908908	-0.1130608833	-0.1409545319	-0.1262030118	-0.0271472997	0.0414698629	-0.1133466008	0.0522832346	0.0148896212	0.031173875	0.0032572932	-0.0767099277	-0.0267122771	0.0157301084	-0.0855210792	-0.0183203374	0.024787724	-0.0145653278	0.0435110764	0.0410003439	0.0116465851	-0.0388468314	0.0898792149	0.0080983607	0.0022669865	0.1282164264	0.1121350581	-0.0782956893	-0.0053905749	0.0502532413	0.0235298545	-0.0637168383	0.0268427797	-0.1316248142	0.1579046697	0.024455364	0.0845039395	-0.0781779302	-0.1147894218	0.0730694916	-0.0375553021	0.0090089668	0.0153217852	0.0905982951	-0.0580878157	-0.1061284778	0.0905786752	-0.0723891083	-0.0912577242	0.0804790964	0.0532563414	0.0998916752	0.0024090026	-0.0156526448	0.0884330856	-0.0286509307	-0.1304760257	-0.0028931882	0.0278220534	-0.0750310515	-0.0452545467	-0.1214016281	0.0307428904	-0.0528481162	0.0029783293	-0.0623314122	-0.0850079043	0.0670341672	-0.0398385309	0.0071623028	0.0264992443	-0.0565152869	0.0771959102366821	0.0330903878260641	0.0010949737664793	0.0059592085572698	-0.1147873454640944	-0.0562644101816972	0.0031656838530942	0.0131761346786933	-0.0322925635770445	0.0004980506070638	2.480544071966216e-07	0.0010428096623774	0.002213809273364	0.0005950455302131	4.900951498832442e-06	3.540791830265893e-07	-0.0009276682293317	-8.781349999999492e-07	8.605683437114115e-07	7.711210782249108e-13	-0.0015059752965409	8.677633282159992e-05	7.530131937965081e-09	2.2679615937914515e-06
768.2324047099568	-1.1223881805237852	590181.0276464428	1.259755227779493	986.791777784174	13.516087055206183	973758.0127024506	182.6846092839122	783.603701915111	2.548337117329765	6.494022063560579	614034.761655066	806.7781093472827	699.6822069508496	1.115431	31.927341	0.1402465759054575	0.0824517949820474	0.0235438329	-0.088066475	0.1354054411	-0.0290292914	0.0246443682	-0.0464819819	-0.1279086543	0.0230926645	0.0024839882	0.0807286151	-0.088767808	-0.1525473687	-0.0855656531	0.0006026137	0.0107702569	-0.0382520053	0.010773334	-0.0088631441	-0.1100158805	0.1205177449	-0.0181922069	-0.2309293185	-0.0700208323	-0.1008033758	-0.010241192	0.0565912331	-0.080572281	0.0510466014	-0.0277059925	0.1695024972	0.025713013	0.0671376423	-0.0157297426	0.0264209772	0.05888264	-0.053184908	0.030531969	0.0262462239	-0.1537638055	-0.0223089927	-0.0170308009	-0.0376728695	0.0482540032	-0.0039873113	0.0319323546	0.0338769526	0.0605274199	-0.069040942	-0.0302684888	-0.092514634	-0.0610926451	0.0794663004	-0.0485188256	-0.0555728561	0.0633921322	0.1446347583	0.1007064122	0.0544179777	-0.1098110038	0.034509881	-0.0021667451	0.0550090948	0.0652676737	-0.0612198715	-0.0119648705	-0.0824588609	-0.0342511854	-0.0719106274	0.0050225501	-0.0024385928	-0.0169909102	0.0483492124	-0.0657882893	-0.0016291191	-0.1491086928	-0.0697030185	-0.0593633689	-0.0152403747	-0.0585620684	0.0147247774	0.0427991329	-0.0613403273	-0.0608000953	0.0117941718	0.0818217359	0.0062974559	-0.0443897179	-0.0785609833	-0.0816852696	-0.0615129183	-0.168799108	0.0620067272	0.0319884032	0.0779898375	0.082797704	-0.0030387001	0.0592847548	0.1147323945	0.0897119331	0.0889818561	0.0288138896	0.0439796456	-0.1152240919	-0.1230916677	-0.0958051179	-0.0229974323	0.0190396912	-0.1068000938	0.0685946537	-0.117408794	0.052874579	0.1095800437	0.0376255667	-0.0783534125	-0.0374874564	0.0309659701	0.0331796827	-0.0049069255	-0.0856303348	-0.1152520918	-0.0422059982	0.0896121929	0.1234179525	-0.0209475727	-0.0938194618	0.0335730087	-0.1066851563	-0.0499938593	-0.0201956993	0.0768535109	-0.0189577771	0.0286676414	0.0756786247	0.0416284089	0.0081145413	-0.0218107861	-0.066815749	0.0130300478	-0.0701753016	0.0589621278	0.0754558486	0.0622878843	0.0637467455	-0.0878621832	-0.0948784176	-0.1001439084	0.0656677227	-0.1033665291	0.1304341168	-0.0478911937	-0.0132750523	-0.0567921463	0.0800442749	0.00114973	-0.0126564118	0.048226632	-0.0700771899	0.0582325503	-0.0071193476	0.0544000889	-0.0637875865	-0.0444437378	-0.0585316435	-0.0395911484	-0.0583299018	0.1149924197	0.0623795008	-0.0040276064	0.0340303345	-0.1057996817	-0.0828102331	-0.0573598755	-0.0727449133	0.0581844048	-0.0192509926	-0.0608906379	-0.0087990172	0.1192626095	0.0321483356	0.0605348036	0.0189583884	-0.0825381056	0.083678434	0.0639591283	0.0533418216	-0.0468058659	-0.0268612775	-0.0070616869	0.0001277182	-0.049980111	0.0898925407	-0.0121043208	-0.0486302645	-0.0480999902	0.0003814958	0.1384902921	0.0583319611	-0.078937662	0.0470243898	-0.0786586012	-0.0854361313	0.0686332704	-0.0430324377	0.0119153566	0.0207291319	-0.0507163915	0.0804733914159641	0.003277481179282	1.074188288054776e-05	0.0064759667259869	-0.0512517578089415	0.0635355876551529	0.0040367708986856	0.0026267426785063	-0.0077263194180119	0.0245662441590326	0.0006035003520812	5.969601174914774e-05	0.0015021083841885	-0.0007117008891755	2.2563295978493864e-06	5.065181556531972e-07	-0.0011641557748833	-0.0002364875455515	1.3552586681941363e-06	5.592635920102006e-08	-0.0015351321200536	-2.915682351269989e-05	8.50120357350729e-10	2.35663062602026e-06
766.1185699658479	-2.1138347441088854	586937.6632465158	4.468297325401877	979.164075417952	-7.627702366222024	958762.2865890928	58.18184338766907	781.4100899911142	-2.193611923996741	4.811933273100684	610601.7287399212	805.8142459883228	683.8357638286126	1.080695	30.933067	0.1382353885535012	0.0788177401175004	0.0866203721	-0.0368305482	0.0933903102	-0.0893812711	0.041646062	-0.0038415071	0.0309037068	0.0685446422	0.0019164274	0.0122048157	-0.0951359171	-0.0262923518	-0.0411534857	0.0969038489	0.0763214737	0.0994341227	-0.0714366386	-0.0106336337	0.0081149484	-0.0150479987	0.1423084956	-0.0091410322	-0.0149222886	-0.0436109854	0.0022370885	0.0071990973	0.011702351	0.0719505192	-0.0833098935	0.0458178506	-0.0157783529	-0.0438715823	-0.0698432938	-0.0849952339	0.0449194474	0.1292812764	0.0293056865	0.0522668083	-0.0661547902	-0.0299465714	-0.0178798263	0.0091805178	0.0219706454	-0.0113360203	-0.0412309512	-0.0190820183	-0.0051062291	0.0103984441	-0.0022027304	0.2158324453	0.1059089468	-0.0227743825	0.0291238544	-0.0133681903	-0.0407408705	-0.0409474438	0.0153297034	-0.0075002272	0.0714441369	-0.0235954401	0.0140168301	0.1564886751	0.0557714224	-0.0917453028	0.0053480649	0.0609292988	0.059142784	-0.0220513714	-0.1065467648	0.0485748576	-0.0047441992	0.073846476	-0.068678251	-0.034819792	0.0219175589	0.0634681589	-0.0156353624	0.0883147013	-0.0519108754	-0.0245323741	0.1133901104	0.0503330939	0.0128912896	-0.025083542	-0.0437687322	0.0058065344	-0.0581628108	0.0834480709	0.0040907535	0.1326640755	-0.0290825244	0.0504754778	0.0218916847	0.0894578599	0.0391649424	-0.1238871446	-0.0286460603	-0.0013903888	0.0337291183	0.1424504487	-0.1273329746	-0.0056233176	-0.1417513809	0.0506538487	-0.0269411448	0.0874967806	-0.0230181331	-0.0873113571	-0.0143202093	0.1250236995	-0.0131483004	-0.0876878663	0.0226973809	0.0849630871	0.0651419384	-0.1216401217	0.1393112072	-0.0069059757	0.0283764043	0.0144258063	-0.0068792451	0.0012785421	-0.0294446397	0.0121230764	0.0802227993	-0.0886947744	0.001412549	-0.0153214294	-0.0319137417	0.0552633824	0.0627553583	0.1720107108	0.0186936615	0.0348505253	0.0425321677	-0.0666066541	0.0372753749	0.0272896339	-0.005659857	0.0081555142	0.0064928665	0.0179094342	-0.0116171469	-0.1348517277	0.0846551251	0.0575590875	0.0308946265	0.03774733	-0.1356069131	-0.0003600702	-0.1692501186	-0.0351977064	-0.0466995007	0.0843783045	0.0168281748	-0.0048698199	-0.048308964	-0.028502356	-0.1075346821	0.0932544589	-0.0414171862	0.0496497756	-0.075690746	-0.0271087582	0.0429010623	-0.0045413179	0.097505428	0.0265319789	0.1156248692	-0.1466547183	0.0366848962	0.0020736048	0.057544717	-0.054756855	-0.0627303079	-0.0968609477	-0.0464115281	0.0367766733	-0.1220018877	-0.0725354721	0.0112671418	-0.0715376079	0.0514346039	0.1090162723	-0.0965363039	-0.0235197988	0.0158630906	0.0261607249	0.0375523306	-0.0975436411	-0.1157121883	0.0478964321	0.0096265395	0.0038509293	0.0046816497	-0.1019661901	0.0406907191	-0.0967352275	0.0717300988	-0.009680828	-0.0858497193	0.0701853358	-0.0461599916	0.0166357513	0.0148702542	-0.0446048127	0.0869943192447664	0.0065209278288023	4.252249974844828e-05	0.0075680115808603	-0.1109318827617471	-0.0596801249528056	0.0035617173143824	0.012305882613066	-0.0345947439293752	-0.0268684245113633	0.0007219122357228	0.001196796307539	0.0021552046768116	0.000653096292623	4.644907198950592e-06	4.265347674380375e-07	-0.0009897379575802	0.0001744178173031	9.795812246750255e-07	3.0421574992777594e-08	-0.001610936235338	-7.580411528440014e-05	5.746263894050628e-09	2.595115554324968e-06
765.9380167238055	-0.1805532420423787	586661.0454627966	0.0325994732120138	969.0985496260904	-10.065525791861546	939151.998887392	101.31480946663	780.9245293877863	-0.48556060332794	0.2357690995041931	609843.1205995354	803.5048807716666	689.9686345864964	1.054163	30.173641	0.152445876094122	0.0941853412138761	0.0556279374	0.0232599158	0.0532696194	-0.0725905595	-0.0922278501	-0.0241919783	-0.02650493	-0.0932822062	-0.0335298093	-0.055088053	-0.063982319	0.1031663503	0.0155356562	0.0093536817	0.0370816474	-0.0570289884	-0.1254572724	-0.0315915984	-0.046462798	0.0619038337	0.0759307772	-0.0743610866	0.0157470432	0.0697415936	0.1807668774	-0.058346413	-0.0353468143	-0.0571873375	-0.0660286843	0.0051191118	-0.1307111894	0.0726111388	-0.0140390714	-0.0335386516	-0.0613705055	-0.08613274	-0.1006630211	-0.1075848321	-0.0265166499	0.0704391459	0.0110108657	0.0620969789	-0.0091133233	-0.0963513225	-0.063337962	0.0436569682	-0.0489613833	0.0052085267	-0.0170772022	-0.0194207554	-0.0478968813	0.1139722738	0.0428886262	-0.0087703147	0.0693882029	-0.0164338217	0.0087324976	-0.0058034742	-0.0806891164	0.0007827624	-0.0018584483	-0.0305176157	0.000523879	0.1134126754	-0.0082241586	-0.0422191084	-0.0236418778	0.0177388042	0.0057182253	-0.0847844389	0.0415122876	-0.0523167618	-0.0428266284	0.0041553357	-0.0023963144	0.0754338836	0.0799475503	0.0016956495	-0.0473243824	0.0371938941	-0.0507227554	-0.0677544497	-0.0461479703	0.0812562749	0.0376667441	-0.1527511771	-0.0304232932	0.0661739694	-0.0811034426	0.0151706027	-0.009878638	-0.1084551959	0.0989613427	-0.0442928544	-0.0519464928	0.0038323269	-0.0499024147	-0.0340217022	-0.0648336212	0.0324537531	-0.1116267791	-0.0515729135	-0.0548212845	0.0714793126	0.050164336	-0.0318102403	0.0637249155	-0.1044606374	0.0482386572	-0.1027764807	0.0296667017	-0.0117263172	-0.0527246076	-0.131191592	-0.0618562867	0.0567816075	-0.036249708	0.1005849946	0.0333043572	0.0477576203	0.0456979088	0.0472180139	-0.0580450086	0.0824397711	-0.0224289709	0.0589156903	0.0396661001	0.0241971634	-0.018349131	-0.0443999876	-0.1096539315	0.007847248	-0.0025612107	0.0814208269	-0.0230375226	-0.0198503214	-0.05542856	-0.1275722953	-0.0353845294	0.0344280642	-0.0683584916	0.0382486295	-0.0030357513	-0.0212251027	-0.0990010844	0.0191454459	0.0370011706	0.0157032993	0.0089042162	-0.093386272	-0.0049704696	-0.0544727379	-0.0123503734	-0.0925273254	-0.0435899302	0.018132177	-0.0560555402	-0.0427506588	-0.0508248913	-0.0291492947	-0.0018533023	-0.0947618003	-0.0073355428	-0.0884150818	-0.0066313711	-0.0151054404	0.0287694785	-0.047872398	-0.0120006737	0.0696959551	0.0211118771	0.0349464108	0.0064540689	-0.0311811562	-0.0186908015	0.0446044141	-0.0586927223	-0.035695756	0.0523906838	0.0638928815	-0.0393362776	-0.0803155585	0.0520267341	-0.0593029012	-0.0426702505	-0.0292097963	0.1028636059	-0.0066518736	-0.0965216517	0.0895288657	0.0555382148	0.0663564234	0.0235497256	0.0357665923	0.0516709451	-0.0298944948	-0.0144637482	0.0319370875	0.0510460344	-0.053056924	-0.0862485974	0.0716892996	-0.0492163702	0.0213105486	0.0089476998	-0.0382182304	0.0875124205383457	0.0005181012935792	2.6842895040853657e-07	0.0076584237484802	-0.0572996441160142	0.0536322386457329	0.0028764170221528	0.0032832492158218	0.0316896874461747	0.0662844313755499	0.0043936258427799	0.0010042362904362	0.0016007733741236	-0.0005544313026879	2.5624753953030547e-06	3.0739406940031253e-07	-0.0009042920277648	8.544592981539988e-05	8.177440714789739e-07	7.301006922018242e-09	-0.0016112810984198	-3.4486308180003457e-07	1.1893054518861732e-13	2.5962267781249176e-06
766.021800064465	0.0837833406594654	586789.3981740031	0.00701964817206	974.5899928916584	5.491443265568023	949825.6542445628	30.15594913895239	780.4926743836733	-0.4318550041130038	0.1864987445774425	609168.8147665786	803.3594431464322	688.8912928097646	1.06417	30.460073	0.1831702776051799	0.0889049453687967	-0.0030181799	0.0151606395	0.006491599	0.0108433056	-0.2231943501	0.0334820388	0.0893307821	-0.0706668778	0.0228955252	-0.051056018	-0.0414726623	0.0793448567	0.0772966533	0.0564720793	-0.0240749238	0.0111520786	0.0768704764	0.0551785477	-0.0330577635	-0.0414455788	0.0618347096	-0.0266158094	0.0207126201	-0.0024604971	0.0385511186	0.0241169157	-0.0130103035	-0.1145703258	0.0646608602	-0.0323886299	-0.07801009	0.0538370618	-0.0279058351	-0.0011959771	0.0751562342	-0.0283644422	0.0781090663	-0.0013238231	-0.1066291977	-0.0774486539	-0.0184668473	-0.034927981	-0.1093618493	0.0336488822	-0.015931659	0.0230784462	-0.0178151017	-0.0879196201	0.0412023555	-0.0151453325	-0.0365758903	-0.1398742483	-0.0563448195	-0.0660697305	0.0574322152	-0.1052313438	0.0606871327	0.0919210488	-0.0505034572	-0.1682127394	0.0613176548	-0.0195814077	-0.1603633282	0.0539301345	0.0677846439	-0.0132700342	-0.0111548948	-0.0130668581	0.0258735021	-0.004180887	0.0239814356	-0.0006934126	0.1361638848	-0.1156842343	-0.0355127005	0.0197550374	-0.0098132316	-0.0342439072	-0.0570558958	-0.1205001031	0.0484007094	0.0704682756	0.0102649318	0.0116756665	-0.0264105181	0.0501986511	-0.0411906376	-0.0301876636	-0.0498153087	0.0440799103	0.0015657066	-0.0593647799	0.1067151663	-0.1829788144	0.0360378	-0.0534858883	-0.0026242561	-0.0953890868	0.0956298626	0.0595192205	-0.054598161	0.0859380211	-0.0023838874	0.0369329554	0.1383321092	0.0425410541	0.0958574426	-0.0026819948	-0.0268085642	-0.1136790727	0.0858208675	0.0220994888	-0.0042264666	0.034051043	0.0145416383	0.0437164064	0.0274435393	-0.0468708786	-0.0054823562	0.0150892235	0.0218506391	0.0671175411	0.0941827904	-0.107726624	0.0111234869	-0.0103190731	0.0354159853	0.0802702846	0.0386581183	0.1239999779	0.0544545755	-0.01432865	0.0398198822	-0.0451141986	-0.0831963292	-0.0235089125	-0.0171356479	0.0283551609	0.1314527091	0.0479295268	-0.0682921546	-0.078859586	0.0639094162	-0.1211533285	-0.1253158593	0.1401421681	-0.1220217756	0.1175470773	0.0705816526	-0.0582601015	-0.0115199851	-0.0264774914	-0.0362521435	0.0915232849	0.0378956849	-0.0759453476	0.0652381616	0.0649846403	-0.0278205595	-0.0046616859	-0.0578599129	0.0560978959	0.0304067324	0.0048346922	0.022503907	-0.0177493288	-0.0548201095	-0.0342611335	0.0946311069	-0.0458535944	0.1810923216	0.0503665381	-0.0407440246	0.0286090472	0.0198579599	-0.0342357458	0.0502145872	0.0224550992	-0.0345655996	-0.0229112345	-0.0966482399	-0.0877420887	-0.1038244903	-0.0698579201	-0.0844135243	0.0467055019	-0.043004076	0.1145105957	0.0203107203	0.1117730115	-0.0230926114	-0.0111981916	-0.0592482577	-0.0421959725	-0.0410155281	-0.0671397916	-0.063287942	-0.0832892444	-0.0557806437	0.0178200234	-0.0866326972	0.0731441312	-0.0521968607	0.0259269352	0.00298683	-0.0315960199	0.0590102715981402	-0.0285021489402054	0.0008123724942096	0.0034822121540862	-0.0908158966019101	-0.0335162524858958	0.0011233391806983	0.0082475270756088	-0.0271987298560389	-0.0588884173022136	0.0034678456923596	0.0007397709057817	0.0023490268567215	0.0007482534825979	5.51792717359889e-06	5.598832742198858e-07	-0.0007709650833984	0.0001333269443663	5.943871598195019e-07	1.7776074094081118e-08	-0.0012475923478468	0.000363688750573	1.3226950729334984e-07	1.556486666405891e-06
767.0693773026776	1.0475772382126252	588395.4295955176	1.0974180700211913	973.9379177526994	-0.6520751389590487	948555.0676364638	0.4252019868484626	780.5696681941952	0.0769938105219125	0.0059280468586841	609289.006904796	802.4581985987796	701.3711561197599	1.044746	29.904085	0.1133405837580109	0.0551890590655173	-0.0611653483	0.0928773593	-0.0213915123	-0.0118018567	-0.0936825966	0.1059665285	-0.0459086852	0.1384327647	0.0334662373	0.0618333844	0.0199865098	0.0770452912	0.0192987723	-0.0582756854	-0.0288604557	0.0286243088	0.0583007751	0.0245126091	0.0083671075	0.0160055357	-0.0243825963	-0.0402993956	-0.0325733791	-0.0903146265	-0.0029040416	-0.0365074249	0.0658816679	-0.0318288642	0.0717335556	-0.0291520023	-0.0449497011	-0.0189570001	0.1472128923	-0.054338117	-0.068321116	0.0221596169	0.0599615763	-0.094862696	0.0687668981	0.0257401664	-0.0764021541	0.0216574618	0.0161144173	0.0944828289	0.077478397	-0.1656368467	-0.0001971638	0.0483724938	-0.0270788269	-0.0277155582	-0.0334112388	-0.0066657466	-0.057715276	0.0395591011	-0.0199056311	0.0890477509	-0.0662057235	-0.0087949453	-0.0538709195	0.1258459237	0.1523781792	0.0165435306	0.0856018552	0.0351361934	0.030112487	0.1005250678	-0.0285392171	0.0227590588	-0.0387418243	-0.0015669619	-0.0611202922	-0.1130469438	-0.0262313847	0.1336089461	-0.0261611501	0.0672182253	0.0093763033	-0.0926254188	-0.0474810816	-0.1009219373	0.0336785008	-0.0361783309	-0.1203504427	-0.1553567583	-0.0690933387	0.0019545507	-0.1106683035	-0.0224810991	-0.0818003737	0.0787626478	0.0311738944	0.0088663841	0.0695788627	-0.0049813694	0.0751202307	0.0544804065	0.0942664171	-0.0363822398	0.0831914389	0.0564907679	0.0734831331	0.0041520851	0.0362795052	0.0008605343	0.0904405149	-0.0366461709	0.0230666529	0.1236321541	-0.0186595283	-0.0158429347	-0.0928954604	0.1509217553	0.0291057053	-0.0497400627	-0.081025978	0.0432416007	-0.0315437124	0.0885486037	0.0049973584	0.0523940282	-0.0211150813	-0.0075670937	0.0462151187	0.0730537569	0.116278196	0.0337017546	0.0164666715	-0.1097053987	0.0208462374	-0.0736834388	0.1243753554	0.0138176601	0.0629874837	-0.0477130925	0.0417744524	-0.0463049425	-0.0978070391	-0.0884415049	0.0845732959	0.0813856098	0.0667706189	-0.0813784735	0.0165513257	0.06278314	0.0829713826	-0.0159591976	0.0513983438	0.1656007105	0.0830682775	-0.0939876514	-0.1092892762	0.0154878626	-0.1458072389	0.0796524185	-0.0890808325	0.0370403721	-0.0137603141	-0.0758080195	0.0535364845	0.0199723352	-0.0363176624	-0.0150889811	-0.0625104638	-0.0151362936	0.0142623423	0.0209566577	-0.1237058919	0.014095719	-0.052339951	0.0236809174	-0.1252815207	-0.1200839804	0.0074741105	-0.0432152893	0.1024066138	-0.0888301804	0.067390367	-0.0528159971	0.102517379	-0.0009211367	-0.106762906	-0.0674426182	-0.0776783619	-0.0117996924	0.0837257875	-0.0881691063	-0.0880648731	0.0104497373	0.0600406515	0.0588009924	-0.0427560965	0.0506533048	-0.0389062903	-0.053824447	0.0219971661	-0.0028446711	0.0783230894	-0.0083361594	0.0140919577	-0.0050939744	-0.0870019529	0.0745488335	-0.0550968674	0.0304722578	-0.00298683	-0.0247790096	0.0536928722945333	-0.0053173993036068	2.8274735353999112e-05	0.002882924535237	-0.0653675955388592	0.0254483010630509	0.0006476160269956	0.0042729225465318	-0.0014309666935758	0.0257677631624631	0.0006639776183967	2.0476656781232574e-06	0.0017617006091948	-0.0005873262475266	3.1035890364373293e-06	3.449521210337944e-07	-0.0010753163099224	-0.000304351226524	1.156305166385127e-06	9.262966908666316e-08	-0.0014920572783739	-0.0002444649305271	5.976310225761986e-08	2.22623492194853e-06
767.6249711126828	0.5555938100052344	589248.0962757472	0.3086844817161325	976.5036276470532	2.5657098943538585	953559.3348078548	6.582867261985288	780.8249965587536	0.2553283645584088	0.0651925737480717	609687.6752509775	802.8950545576461	694.4889159864474	1.055501	30.211922	0.1070142298419748	0.0591206270957433	-0.0518778773	0.0360208928	0.0045811612	0.0694993337	0.0218896731	0.0026571456	-0.0854270617	0.1343106398	0.1662524335	-0.0538922634	0.0056781433	-0.0288128063	0.036328558	0.0317251589	-0.0841902464	0.0613936723	0.0729011111	0.0634821987	0.0651853115	-0.0623041685	-0.1251654558	0.0375421732	-0.0003761243	0.0365508564	-0.060462549	0.0884981843	-0.0134026058	0.0044651017	0.0771284383	-0.0069106148	-0.0793071339	0.0278853796	0.1255687087	-0.0449224954	0.0030005344	-0.0616832551	-0.0417595816	-0.0412224183	0.142872455	-0.0460141021	-0.0817835223	-0.0171487341	-0.067117306	-0.0472702287	0.1744236796	0.0900076446	0.0003169611	-0.0275587639	-0.0153219852	0.066320594	-0.0551492856	0.0205546821	0.0654922145	-0.1294323743	0.0766939684	0.0955168929	-0.0474067874	0.0113611963	-0.0016619897	0.0482383066	0.0206363569	0.0631170776	-0.01349441	-0.0171984691	-0.0383887254	0.0184291027	-0.0409655631	0.1279915908	-0.1289069169	0.0223236202	-0.0376515269	0.0252860547	0.102246736	-0.0182258232	0.0585003363	-0.0632835609	-0.0245422598	-0.0320771805	0.1146642633	0.0015759953	0.0431834595	0.0049488695	-0.0493771794	0.020014698	-0.0047509721	-0.0269309694	0.0546537637	-0.0501308173	0.1027870077	-0.0012224053	-0.062313433	-0.012068798	0.0357774214	-0.0094267939	0.0238908643	-0.0829478992	-0.0328399346	0.0865333113	0.0307173462	0.0244723707	-0.0689371324	0.0156198142	0.0145198896	-0.0125072415	0.0813083725	0.0790926677	-0.0452933909	0.1033929445	-0.0015791973	-0.0836401981	-0.0704021298	0.0363243874	0.1419091618	0.0239515099	-0.0546992508	0.0044673564	-0.0967835527	-0.0477154187	0.018479565	0.0438536567	0.0342294665	0.1044794375	-0.0118005699	-0.0266264653	-0.0536316475	0.0252257902	-0.0458478128	0.0998280254	0.1257459177	-0.1291808784	0.0134600598	0.1156888228	0.1112749311	-0.039421462	-0.0442256535	0.0001955063	-0.0052055183	-0.0086183635	0.0293251843	0.0047422998	0.0240815107	-0.0188698973	-0.0728212561	0.0648732133	0.0283074142	-0.0369014526	0.0040092225	0.0170959422	-0.0765897873	-0.0615189425	0.0426658718	0.0780601316	-0.0506274802	0.0511100015	0.128248378	-0.0369198973	-0.0172619977	-0.0551634412	0.0499330906	-0.0852764818	-0.041413268	0.0082870551	-0.0795727741	0.0819138768	-0.0167874152	-0.0636686732	0.032228184	0.0467908685	-0.0665296105	-0.0007386325	0.0279929789	-0.0490008182	-0.0782432127	-0.0860320262	-0.0098688106	0.0746666251	0.0698453032	0.0812203442	-0.0555439316	-0.1550378821	-0.0279263776	-0.0333846406	-0.1273296703	0.0762049525	0.0772303317	-0.0008892902	0.0403714552	-0.0008853946	-0.0834358415	-0.0911473303	0.0097468518	-0.0257563309	-0.0489347279	-0.0605210602	-0.0047542613	-0.0791940032	0.1169996412	-0.1141705271	0.0029048286	-0.029015804	-0.0873563013	0.0759024438	-0.0579119187	0.034934058	-0.0089476998	-0.0178092284	0.0598064647371643	0.0061135924426309	3.737601255459482e-05	0.0035768132243576	-0.1050053654901574	-0.0396377699512982	0.001571152806712	0.0110261267817215	-0.0367742324437614	-0.0353432657501856	0.0012491464338882	0.0013523441718277	0.0021127596977066	0.0003510590885118	4.463753540253284e-06	1.2324248362673584e-07	-0.0011014276179956	-2.6111308073200083e-05	1.2131427976834616e-06	6.818004092935637e-10	-0.0013508356410017	0.0001412216373722	1.994355086208519e-08	1.8247569290004733e-06
766.3407037045549	-1.2842674081279029	587278.0741543925	1.649342775579561	978.7196658307856	2.216038183732394	957892.1842839246	4.910825231759968	780.9514489846903	0.1264524259366908	0.0159902160252742	609885.1656712873	803.9157515981149	685.4434056916925	1.077173	30.832253	0.1114980215739095	0.0576622511712219	0.0584460806	-0.0208495085	0.1036869855	0.0239596524	0.0439434621	0.0436155502	-0.0107024204	0.0550409161	0.0128143148	-0.0148524498	-0.0978832305	-0.0577932769	-0.0800339394	-0.0529743776	-0.0550660646	-0.0351315883	-0.018239043	-0.0628608212	0.0632392413	0.0726130362	-0.0809795888	0.022627237	-0.114708521	-0.0515231084	0.0212476345	0.0216672661	-0.0980651971	0.0285604384	-0.0126831871	0.0840117566	-0.0034447196	-0.0095092946	0.1142099752	-0.0417591045	0.0010355076	-0.0551891478	-0.0396394625	0.0618884385	-0.0495428859	-0.1006868519	0.1433367547	-0.048304928	-0.0823514365	-0.0606743085	-0.0437487051	-0.0107380346	0.0142912718	-0.0783870081	0.0376065252	-0.1021323872	0.0245245654	-0.0550534171	0.0428489345	0.0576642694	-0.0110260548	0.0056093158	-0.1124872401	-0.0232207827	-0.0392725629	0.0826137618	0.0059050989	-0.0241831114	0.0789185899	0.0161387027	-0.0899283655	0.1380136491	-0.1259266352	0.0768388672	-0.0072114271	-0.027878848	0.006637284	-0.0413778648	-0.0553915452	0.0104925264	0.0454399504	-0.0796101346	0.0509591247	0.0393715351	0.064951739	0.1004690356	0.1093840236	-0.0433060767	0.0580268615	0.0425837373	0.0584109146	-0.0581539507	0.0011778893	-0.0274146378	0.0219082096	0.046264685	0.0372269232	0.0588124518	-0.0513470662	0.0582206138	0.0852071755	0.0099500593	0.0099541678	-0.04984479	-0.0033613865	-0.006093285	-0.0203182513	-0.0638917858	-0.0900511754	-0.0578713619	-0.0392024769	-0.0435730405	-0.0101304002	0.018882194	0.0486030285	-0.0982720958	-0.0360077365	0.0765306214	0.0027117712	-0.1012141585	0.070115122	-0.1211032217	0.0346360944	-0.0428054043	-0.0032924279	-0.0538604378	-0.0291475027	-0.017001257	0.0078411015	-0.05389754	-0.0499806998	-0.0038155994	0.0279331637	-0.0582436932	0.084141179	0.0025381475	0.1451616754	-0.0409350993	0.0049596996	-0.0099556372	-0.1270129647	0.0468494451	0.0181967267	-0.1433989983	-0.0341629392	-0.0778301211	0.0330728999	0.0282245263	-0.0029731303	0.179381328	-0.0158188457	-0.0344269372	0.058549895	0.0063297508	0.0082703709	0.0572059741	0.044899416	-0.0325678739	0.077408215	-0.0120480399	0.0450767969	0.1424371126	0.0411141528	-0.0582553721	-0.0269125556	0.0194546948	0.0959776532	-0.0228219073	-0.0288377079	0.1064939065	-0.0546263706	-0.1262808303	0.036847553	-0.0715850111	0.0340102872	0.0680059499	0.0521809791	0.0498501206	-0.0011880325	-0.0156529016	-0.0159152098	-0.1376018197	-0.075601582	0.0752790525	0.044345372	-0.0013248411	0.0313264801	-0.0891448876	-0.0084317865	0.0037914774	-0.0149523138	0.0113900508	-0.0138877973	-0.0368679885	-0.0520860883	0.0368409276	0.047504493	-0.0826293174	0.0610481478	-0.0415040492	0.0458196912	0.0506732721	0.1230612838	0.0118454289	-0.0551035692	-0.0394138219	-0.0876956817	0.0772040342	-0.060637674	0.0393001065	-0.0148702542	-0.0107296473	0.0731775559453495	0.0133710912081852	0.0001787860800976	0.0053549546941347	-0.0835371836948013	0.0214681817953561	0.0004608828295984	0.0069784610596589	0.0120008214955618	0.0487750539393232	0.0023790058867838	0.0001440197165683	0.002000929155048	-0.0001118305426586	4.003717483521103e-06	1.2506070271316992e-08	-0.0007779757780745	0.0003234518399211	6.052463112706236e-07	1.0462109274834496e-07	-0.0014732271510429	-0.0001223915100412	1.4979681730165198e-08	2.17039823856998e-06
764.9369339694326	-1.403769735122296	585128.5129505561	1.970569469245321	976.2340766516598	-2.485589179125782	953032.9724159188	6.178153567387178	781.6072472008141	0.6557982161237987	0.4300713002711566	610909.8888768345	805.5542948373308	683.5298845815254	1.051537	30.098471	0.0714115191308323	0.0406557692626413	0.1052124506	0.0253541704	0.0867266142	-0.0766080367	-0.0562966898	-0.0049924436	-0.0199149321	0.0420346657	-0.0674149482	0.0009498677	-0.1031864414	0.0424812507	-0.034140742	0.1403105426	0.0495607079	0.050589212	-0.035040768	-0.1285608319	0.0947708552	-0.0594229507	0.0858160638	0.0351410077	0.0577801462	-0.020490716	-0.0057519978	0.0377817049	-0.0424604809	-0.0249492159	-0.0222294711	0.0649601869	-0.1143467872	0.0186251751	-0.0704872355	-0.0502000111	-0.0335334384	-0.0715100105	-0.0563423332	0.0177788916	0.0776149896	-0.0411054022	0.0297426319	-0.0293399954	-0.0952597697	0.0380402642	-0.0238245673	-0.0461576821	0.0699758861	0.0806073811	0.0094395354	-0.0312768311	-0.0425450443	-0.0407308437	-0.0872422154	0.0157432598	0.051608928	-0.0086512637	-0.1091586037	0.1356546631	-0.0589106242	-0.076680931	-0.0181029131	-0.0859300988	-0.0757557713	-0.0795636793	0.0236451524	0.0789021019	0.0101077326	0.0182900442	0.0767573166	-0.0347358879	0.0033453906	0.0213273975	-0.0312933745	0.0626601127	-0.0494417021	0.0477345371	0.1268731827	0.0950845993	-0.0943894952	-0.0429936388	0.004852939	0.0335575239	0.0203859186	-0.1606346846	-0.0200952313	-0.0381541744	0.0839976989	0.0628266012	-0.1216973879	-0.093322418	0.0398442109	-0.0055171224	0.0596197763	0.0338883533	-0.0195577292	-0.0893660795	0.0671647602	-0.0071401883	0.0249791413	-0.1579791707	0.0711327213	-0.0262001057	-0.1229529352	0.0530777506	0.0148546978	0.0808845563	0.0536838028	-0.040579255	0.0371581656	0.0381346274	-0.0724549007	-0.0268921253	-0.0778081906	0.0250746329	-0.0563618398	-0.0249643883	-0.1150938762	-0.0431225336	-0.0092702065	0.1147047524	0.1352796628	-0.0408547997	0.0555048388	-0.0868702507	-0.0344759995	0.0367934804	0.010116784	0.0834086414	-0.0928816196	0.079806494	0.0517563777	-0.0520930561	0.0118711916	0.0503379643	-0.0077789576	0.0636666542	0.1494397753	-0.0550844212	0.0400495504	0.0194326005	0.0591700494	-0.0133369751	0.0568403173	0.1133624636	-0.1219427442	0.0055836743	0.0427193696	0.049058729	0.1102031445	0.0283470671	0.0201794958	-0.0259835651	-0.1368355328	-0.0355120475	-0.0593298922	-0.0607110396	0.0625178811	0.0704599748	-0.0582633351	0.0385058982	0.0040602375	-0.1202663569	-0.0378259889	0.024365223	-0.0294844235	-0.0607462293	-0.0227297302	0.038802233	-0.0347652242	0.0105192503	-0.0274092669	0.0775242761	-0.0297497364	0.0935614172	0.034711224	-0.018000593	-0.0578582337	0.0367478152	0.0429746355	0.0445137368	-0.0986668337	-0.0417926111	0.0320634702	0.0045838724	-0.0567686146	-0.0232880574	0.0689179443	0.0170758444	0.0184702222	-0.0312583258	-0.1015808796	-0.000438921	-0.045122269	0.0273243675	0.0446900829	0.0359109102	0.030835998	-0.0873185781	-0.0484109785	0.0316563146	-0.0880200359	0.0784527129	-0.0632699305	0.0435584361	-0.0207291319	-0.0035839144	0.0432895929174179	-0.0298879630279315	0.000893290333959	0.0018739888549557	-0.0612632770116903	0.022273906683111	0.0004961269189279	0.0037531891102111	0.0175810499185615	0.0055802284229996	3.113894925285371e-05	0.0003090933162389	0.0019847563000691	-1.6172854978899805e-05	3.939257570663984e-06	2.6156123816852417e-10	-0.0010219509132265	-0.000243975135152	1.0443836690444771e-06	5.952386657243669e-08	-0.001459986721238	1.3240429804900087e-05	1.7530898141848656e-10	2.1315612261912857e-06
764.0709264013592	-0.866007568073428	583804.3805718313	0.7499691079604531	967.0873905528676	-9.146686098792202	935258.0209663548	83.66186658983851	779.7024444946655	-1.90480270614853	3.628273349350763	607935.901950957	802.3031297587804	682.2194319392737	1.053427	30.152554	0.0531548424691624	0.0371381275673477	0.0748922476	0.0800300573	-0.0576109705	-0.0217770097	-0.1140184065	-0.0521991982	0.0063421289	-0.0522609734	0.0223611508	-0.0630794683	0.024734939	0.1633104194	0.034044306	0.0278411907	-0.0054891233	0.0256172551	-0.063254687	0.1272103042	-0.1195175393	0.0599600465	-0.0442028642	-0.0841932263	0.0293027339	-0.0010690657	0.0354277397	-0.0685568635	-0.0377992021	-0.0309715802	-0.0235341776	-0.0336461692	-0.0626709437	-0.0244888801	0.0133078147	-0.0645901778	0.0353944067	0.0104132139	0.0011026806	0.0581891816	-0.0348085499	-0.0292193211	0.0168032217	0.0553052233	0.0407418066	0.0421697083	-0.0544215665	-0.0218162218	-0.0199589132	-0.0227015394	-0.0376568377	0.0701671483	-0.0666203276	-0.0534675368	-0.031628701	-0.0122269109	0.0204829863	0.0126185238	0.0190940207	-0.0602547934	0.0767541922	0.1895874235	0.0155861799	0.0101753627	0.0334124895	0.0430694113	0.0501364616	-3.69657e-05	0.0916012511	-0.0069353686	0.0694304984	-0.0894368142	-0.020670154	-0.0274500029	0.1870938245	-0.0147491085	0.0358104628	0.0980954251	-0.0339220939	0.0703072269	0.0046630751	-0.0633864942	-0.0094561957	0.0701249889	0.0872440269	0.0257501083	-0.0005832953	-0.0060467366	-0.0321351869	-0.122546808	-0.0176857837	-0.0250119651	0.128094389	-0.026482736	-0.0629489046	0.0439796911	0.0652416888	0.0186428637	-0.0593614605	0.0708605162	0.0231188204	-0.0717508762	0.0059703894	-0.0592201845	0.0312926734	0.1186732713	0.0706207471	-0.0167079508	0.0779708601	-0.0094631748	-0.011561583	-0.0012089247	0.0109898989	0.0400882563	0.1074790525	-0.0614788	0.0946019981	-0.0116099275	0.0280341253	0.1188132673	0.0016034382	-0.0831927021	-0.1158786256	-0.0869220935	-0.0173215439	0.0116262743	0.0339956531	0.0715509681	-0.0117788685	0.0505463659	0.0005220761	-0.0394674557	-0.0083332853	0.1128329444	-0.0141752503	-0.0078012847	0.0040847937	0.1014114992	-0.0135694759	0.0472888235	0.1223234439	0.0134631272	-0.0079335438	-0.0607196244	-0.0939837771	-0.0997393137	-0.0150386041	0.0893971398	0.0330031119	-0.0301602443	0.048407373	0.0559904848	0.0807241545	-0.0677280162	-0.1294228467	-0.0100667746	-0.0392532521	-0.0093599679	0.0031339656	-0.0901117011	-0.017760881	0.0378837042	-0.0255553325	0.1579498099	0.1547786091	0.0177594047	0.0651548949	-0.029863797	0.0554366284	0.0923512627	0.0633594263	0.0416860299	-0.0081149635	-0.0409213709	-0.0691729198	0.0241392904	-0.0166384525	0.0432593045	-0.0531119517	-0.0418587363	-0.0090365317	0.0161253576	-0.1166227305	-0.0178859787	0.0268460865	-0.0878250246	-0.0200793276	-0.031907247	0.0067356179	-0.0534117395	-0.1198991656	-0.1358550627	0.0580594772	0.0749421686	-0.0185419065	-0.0176431358	-0.0107547389	0.0903431491	0.1716223111	0.0311623927	-0.0263176006	0.0432041926	-0.0883293083	0.0796476241	-0.0658046293	0.047697375	-0.0264992443	0.0035839144	0.0795321493271643	0.0362425564097464	0.0013135228951136	0.0063253627765983	-0.0690451681794996	-0.0077818911678093	6.05578301476284e-05	0.0047672352489353	0.0132523310474397	-0.0043287188711217	1.8737807065205976e-05	0.0001756242781909	0.0019272361797704	-5.752012029869996e-05	3.7142392926160057e-06	3.3085642391769154e-09	-0.0010294392114411	-7.488298214599872e-06	1.0597450900524736e-06	5.6074610150779625e-11	-0.0014910118231344	-3.102510189640002e-05	9.62556947682004e-10	2.2231162567265675e-06
765.0929466690942	1.0220202677350017	585367.2170427975	1.0445254276611244	971.9113894809376	4.823998928069955	944611.7490027668	23.27096565802007	778.9962964444547	-0.7061480502107997	0.4986450688165141	606835.2298741768	802.3587247572642	675.2834575101945	1.018373	29.149206	0.0965224913510915	0.0552778954939612	0.0473493896	0.0491348616	-0.1166811121	0.0301112305	-0.0536187055	-0.0142916417	0.0370287721	-0.0117078528	-0.0406330886	0.0251690777	0.0654132338	0.0618125121	0.0248097323	0.0261870059	-0.0983890254	0.0422371682	0.028628767	-0.0158706955	0.0395512616	-0.0169661376	0.0556824992	0.0163437553	-0.1513424739	-0.0179292918	-0.0464018492	0.006288871	-0.005176997	0.0825359685	-0.0123389736	-0.0846252353	-0.0292671423	-0.1021149908	-0.0641781812	0.0765820727	0.0134754987	0.0778848928	0.0190585298	-0.071784806	0.0019926609	0.0562680574	0.0225881188	0.0556216798	-0.1521189003	-0.0663704834	0.0594440653	-0.001916071	-0.0766765583	0.0254024441	-0.0683302179	0.0220659045	0.0431855941	-0.1289383657	0.1732404258	0.0400560984	0.0320552953	-0.0342491642	0.0275894024	0.1201534304	0.03381211	-0.1516399252	0.0257616416	0.0055831858	0.0280934273	0.0336025611	0.0919567222	0.0396604395	-0.0590060589	0.0064748819	0.0347453542	0.0521664843	0.050401734	0.0290068952	-0.1784387413	0.0417323453	0.0083665828	0.0662308608	0.0022009916	0.095710385	0.0595625335	-0.0477852928	0.0455391542	-0.0006795102	0.0163667986	0.0494702354	-0.0606567568	-0.1082231371	0.0700195807	-0.029554392	0.0836213131	-0.0260008912	0.0180147958	-0.0207650989	-0.060851137	-0.0861825981	0.0042309116	0.1237318055	-0.0577815854	0.0887617652	0.0198070563	0.0987389908	-0.0330777092	0.0038104349	0.071991308	0.0807344548	0.0115502148	0.0518270879	-0.0228698455	0.0730745089	-0.040478442	0.0122446257	0.001320114	-0.1909129476	-0.0584918874	0.0160741944	-0.0043228656	-0.027895361	0.063939105	-0.0038247676	-0.0389386239	-0.0326327408	0.1039061703	-0.0250558829	0.0198059277	0.0299224845	0.1164743859	-0.0188562974	0.0357778395	-0.1342825779	-0.0277423971	0.0602923022	0.1436530371	0.0624793745	0.0051706284	0.0014176646	-0.1700987193	-0.1541626291	0.0395777099	-0.0974925601	-0.081577935	-0.0694251317	-0.0394444826	0.0047837155	-0.0201839824	-0.1128215283	-0.0433816201	0.0106578222	0.0981809415	-0.0060067566	-0.0137741362	0.0363935684	0.056944353	0.030623256	0.0891423821	-0.1116921753	-0.027543368	0.0078107364	-0.0074562451	0.0409076614	0.1132498351	-0.0232044918	-0.0226348282	0.0408945549	-0.0416082187	0.1564827757	0.0015849513	0.0211679378	-0.0214318024	-0.07447152	0.0583425211	-0.0026617537	-0.0017117186	0.0585900176	0.0117437658	-0.2068978091	0.0012662537	0.1164306384	0.0002053824	-0.072850033	-0.0865402832	-0.045566671	-0.0939769248	0.0564367734	-0.0242469999	-0.0697039419	-0.0533775458	0.0560484445	-0.0474900005	0.0434476403	0.1267712148	0.0442990286	0.0331215442	-0.0185029304	0.0380335731	-0.004542965	-0.0295040355	0.0601069895	0.1063409534	-0.0813619101	-0.0030294126	-0.0346113287	-0.0886234459	0.0807879487	-0.0682378621	0.0517055788	-0.0321558829	0.0107296473	0.0749520426464869	-0.0045801066806774	2.0977377206385785e-05	0.0056178086968807	-0.0989943034488476	-0.029949135269348	0.0008969507033817	0.0097998721153225	-0.0313628111313164	-0.0446151421787561	0.0019905109116306	0.0009836259220586	0.0018131346580246	-0.0001141015217458	3.287457288129983e-06	1.30191572647073e-08	-0.0010150531514465	1.4386059994599912e-05	1.0303329002614713e-06	2.0695872216822804e-10	-0.0017100863858402	-0.0002190745627058	4.79936640247375e-08	2.9243954470359976e-06
767.5618142229108	2.468867553816608	589151.1386531662	6.095306998288402	972.1354191953486	0.2240297144110172	945047.2732541162	0.0501893129390819	780.7766675290403	1.7803710845855676	3.16972119882839	609612.2045577535	802.6119453426221	694.3992171949435	1.053251	30.147543	0.1148352946619644	0.0718655464283874	-0.0479058268	0.080540432	-0.1201439098	-0.0080148259	-0.021937187	0.0294624839	0.0018950247	-0.0004481637	-0.1241049084	0.1024739326	0.0997272269	0.0464697427	0.0014099428	-0.0654691793	0.0191010057	-0.0067439448	-0.0116920022	-0.0671303606	0.1527651949	-0.0061412877	-0.0509948736	-0.0745791627	0.0961946611	-0.0530632137	-0.0739901991	-0.0127590667	0.0237110637	0.1296032637	0.0196490105	-0.0690718276	0.0590630305	-0.0414049802	-0.0182991591	0.0135361097	0.0455235524	-0.0253651664	0.062600673	-0.1255669643	0.0343905612	0.0495962868	0.0759137726	0.0648860876	-0.0110801039	-0.090391008	-0.0096805823	0.0533622734	-0.0776199295	0.0212454706	0.0728164054	-0.1228044571	-0.0330654465	0.0424196756	0.0105002676	0.16991142	0.0468048613	0.0886084862	-0.0550453666	-0.0458566751	0.0686212077	-0.0197006447	-0.0148709676	-0.0187457878	-0.0067257279	0.0190188494	0.0375973072	-0.0863299531	0.0361933919	-0.0545394595	0.0032421966	0.0339243311	0.0388156656	-0.0257863266	-0.0697301114	-0.0460754298	-0.0413576387	0.0994476425	0.0238796572	-0.139046661	-0.0147104539	0.1205407388	0.0009208486	0.0179982376	0.0852542699	0.030622918	-0.0021920763	0.0967699377	0.0031168952	-0.0347426081	-0.1088404664	0.116842984	0.0827344621	-0.0117079126	-0.0262214844	-0.0438339107	-0.0305649621	-0.0898014532	0.047521625	0.0395357274	-0.0694536218	0.0464155497	-0.0071976744	0.0199367813	0.1001084224	0.003791271	-0.0041133093	-0.0667557608	0.027146994	0.0274910402	-0.0518304159	0.028229183	-0.0565947778	-0.0314855354	-0.0747969901	0.0265249983	-0.1535873546	-0.0525960738	0.0339848069	-0.0149666782	-0.0777462494	-0.0242149388	0.0880309877	-0.027701934	0.029711462	0.0763159546	-0.1376198219	-0.0097380849	0.1471865718	-0.0209530432	-0.1286133386	-0.0201126386	-0.0494332943	-0.0432724835	-0.0219503308	-0.1179710431	-0.0312607399	-0.0137013068	-0.0513691702	0.0171238065	-0.1366902463	0.0739342989	0.0447815741	-0.040845129	-0.0944169839	0.0040222314	0.0458829154	-0.0846767818	0.0029369871	-0.1225618387	-0.0369077975	-0.0377558037	-0.0436851438	0.0312129979	0.0355635495	0.0805519434	0.0276343697	0.0209913895	0.0148254339	0.0363548027	-0.0140467556	-0.0459281156	-0.0106003425	-0.0410478776	0.118744017	-0.0324183991	0.0256712935	-0.0859842389	-0.0637878201	0.0296607671	-0.0255455075	0.1083372087	0.0062569712	-0.0053810965	0.0533073515	0.0490620072	-0.0198106441	0.0185335892	-0.0034534331	-0.1292207848	0.1061788277	0.0182726537	-0.0309231412	0.0502233949	-0.0227176075	-0.0661434994	0.0302785168	-0.0630237241	-0.1354950076	-0.1184040055	0.0684706358	0.0406382087	-0.0830427129	0.0638995232	-0.1174394014	0.0039566857	0.0208927595	0.0083236834	-0.0027638188	-0.0176875225	0.0362865524	-0.0504351541	-0.0889023983	0.0818729053	-0.0705658771	0.0555720611	-0.037674825	0.0178092284	0.0714129476570804	-0.0035390949894065	1.252519334404225e-05	0.0050998090930729	-0.0691680775621677	0.0298262258866799	0.0008896037506432	0.004784222953646	0.0306768830038066	0.062039694135123	0.0038489236483796	0.0009410711508292	0.0016221796185203	-0.0001909550395043	2.6314667147426657e-06	3.646382711208879e-08	-0.0010567628476525	-4.170969620599999e-05	1.116747716178621e-06	1.7396987575968095e-09	-0.0015541455285354	0.0001559408573048	2.4317550976956024e-08	2.4153683238665776e-06
767.9408655705588	0.3790513476479873	589733.1730132591	0.1436799241537553	972.6200781518764	0.4846589565278236	945989.8164241622	0.2348943041426388	780.5732321982628	-0.2034353307775518	0.0413859338085719	609294.570824443	802.4293301326738	689.618471745391	1.08544	31.068897	0.1692795858342272	0.0973099192885298	-0.0462467193	0.0149401961	-0.0554335226	0.0726916925	0.0685704544	0.0070820457	-0.0578217796	-0.0533783803	0.0573438439	0.0228797741	0.1044282373	-0.0268541158	0.0385191151	0.045509196	0.003316575	-0.0302280945	0.1018035604	-0.0685192378	0.0615106625	-0.0633088385	0.0226918745	0.0815768885	-0.006286263	0.0890886711	-0.0858822887	-0.1751941045	-0.0915697593	-0.0592733002	0.0310701481	-0.0428978427	0.0392061296	0.0038342881	0.076390246	0.1148684332	0.0502676553	0.0834411524	-0.0504195156	0.0776500903	-0.0347843518	0.052569723	0.0273865931	-0.030223423	0.0339669325	0.1278509115	0.0092735266	0.0126582151	-0.1131415513	-0.0137442133	-0.0619120678	0.003888619	-0.1369357868	-0.0646003469	0.017376945	-0.029086814	0.0048906819	0.1274434713	0.0257121267	-0.0932509752	0.0314761931	-0.1033654749	-0.0037504148	-0.0565405951	-0.0247374327	-0.0081399826	-0.0486800373	0.0705275284	0.2307289369	0.0563170709	-0.0371571006	0.0606323008	-0.0430766068	-0.0879639039	-0.0258502393	0.0814628641	-0.0176394051	-0.0550636416	0.0362981979	-0.0300625356	0.0154629089	0.0169875311	0.022845996	-0.0086230401	-0.0325860985	0.042620553	-0.0330731366	0.0606970873	0.0386717892	0.0250043199	-0.0764467963	-0.026606693	0.0334128012	0.0281975262	-0.0901493242	0.1092694045	0.0154523126	0.0760241915	-0.150440503	-0.0350837884	0.0313536746	-0.0198019778	0.0585926168	0.0084037373	0.0976312272	-0.0131381964	0.0024447989	0.0735767906	-0.0505935317	0.0781262873	0.0145630199	0.0058478446	0.1519803789	0.1281888503	-0.0227231537	0.0446662701	-0.0389225059	-0.0195957804	0.0273851412	0.0116423392	0.0082039512	-0.0273802534	0.0577963625	-0.0535340899	0.0287093755	-0.0287817812	0.0199680386	0.1188204381	0.0504252381	-0.0064671518	-0.0168510651	0.0743282898	0.0520131404	0.0104299695	0.0644847651	0.0039082694	0.0943017838	-0.0553757111	0.0193579009	0.0810284041	0.0572347159	0.0127695366	-0.099838391	0.0664787754	-0.0825028539	0.0917598687	0.0289789288	0.0278246291	-0.0161172453	-0.0875479941	-0.0587568026	0.0854215056	0.0274081515	-0.0452368982	0.054400793	-0.0340240944	-0.0321425988	0.0097688421	-0.1289335019	0.0288829505	0.0130159829	0.124251839	0.1239666654	0.0044958944	-0.0205164199	0.0576982216	-0.0599222362	-0.0356194344	0.0130049394	0.1453953182	-0.0927792329	-0.0216668499	-0.0976160666	0.096241014	-0.0090270936	-0.0048502178	0.0603437385	-0.1526831822	0.0666188035	-0.0211641579	-0.0987551205	-0.1280673038	0.030202963	0.1097992298	-0.0064333408	0.0291803524	0.0123126318	-0.0190555299	0.0105910136	0.0572001192	-0.063807115	-0.1540309175	0.1159786941	0.0107165239	0.0553518917	0.0064996728	-0.0924631612	-0.0596587946	0.0608612862	0.0405564111	-0.0394330222	-0.0241444276	-0.0891661178	0.0829017503	-0.0727850846	0.0592862243	-0.0430324377	0.0247790096	0.0913154398857329	0.0199024922286525	0.0003961091969115	0.0083385095615248	-0.117437608134054	-0.0482695305718863	0.0023299475816302	0.0137915918042476	-0.0453507493555918	-0.0760276323593984	0.0057802008821758	0.0020566904671137	0.002004111341932	0.0003819317234116	4.0164622708604814e-06	1.458718413482313e-07	-0.0010816547793897	-2.489193173719996e-05	1.1699770617765805e-06	6.196082656094223e-10	-0.0016489204868723	-9.47749583369e-05	8.982292727761134e-09	2.718938772027183e-06
768.2699328425194	0.3290672719606391	590238.6897098493	0.1082852694756172	976.922338919206	4.302260767329585	954377.256279372	18.509447710103352	781.3050982042834	0.7318660060205957	0.5356278507685386	610437.6564800049	803.4031835608436	693.8733033890765	1.037444	29.695072	0.09973740635686	0.0616663629077528	0.0018458639	-0.0474617796	-0.0073353893	0.0642230487	0.1236848867	-0.0192096862	0.0386725759	-0.0633122037	-0.1069492914	-0.0149896051	0.0334932569	-0.0910260872	-0.069678555	-0.0837821566	0.0298267095	-0.0867203502	0.0232958377	0.0870512754	-0.0315137248	0.094952795	-0.0063376197	-0.0131495331	-0.0025507504	0.134644925	-0.0566642725	-0.0790164585	-0.0050748522	0.1030052704	-0.0527622522	-0.0021452658	0.1113006699	0.0021486457	0.0174998953	-0.0135246861	-0.0410782972	-0.0025580922	0.0242963319	0.0818376181	-0.0528570006	-0.0593558932	-0.0002143326	-0.1362909447	0.096125265	-0.0043734011	-0.0444744899	-0.0067276013	0.001308366	-0.0537902066	0.000679711	0.1182165028	-0.0218116035	-0.0451548096	0.0232637044	-0.0467668599	0.0806918103	0.1255005134	0.0041363571	-0.0955008354	0.0263422687	0.0066210029	0.0010440547	-0.0404845146	0.0097290674	0.0357406693	0.0839529291	-0.1045025794	-0.0093321134	0.0198185416	0.0032021376	0.0015148227	0.001153166	-0.0252207715	0.0725104527	-0.0644128615	-0.0012737813	-0.1096187354	0.1549200147	-0.0198198788	0.0080367042	-0.0985762294	0.0205933073	0.0705630826	-0.0386535351	0.0585191129	0.0991845439	0.0139845858	-0.0715823109	0.0996782596	-0.0095884822	-0.0240729351	0.0249918001	0.0793878883	-0.0802516847	-0.0498858985	0.0572830753	0.0444371417	0.0367722633	-0.1028421277	0.000358054	-0.0636304593	0.0823077804	-0.0766133844	0.0233130856	-0.0733846044	-0.1104899251	-0.0957531039	-0.0203057289	0.0144973296	0.0047696936	0.020340025	0.0658277497	0.0482054207	0.0152066774	0.0418704623	0.0815677862	-0.0019809683	0.0197851933	-0.0105935871	0.121546148	-0.0144455952	-0.0754947338	-0.0846572467	-0.0037966341	-0.1470332768	-0.07893306	0.0422380236	0.0054786335	0.0580945522	-0.0741941821	-0.0244391922	-0.1142667627	0.1036310894	0.0694823193	-0.0888689637	0.0234163236	-0.0041256556	-0.1086414249	0.0701133422	-0.0762135729	-0.0909989316	0.0209648671	-0.0119048468	0.0214091927	0.0913824603	0.0013341241	-0.0405050669	-0.0930311795	0.0143782187	0.0699697723	0.0421850017	0.0037395724	0.0088607951	0.0349625945	0.0335873633	0.0613677943	0.0029327332	-0.0346721081	0.0109520951	0.0589945378	0.0971233591	0.0287273732	0.0116285125	-0.011066121	0.0288176855	0.0962063719	0.006202886	0.0498864711	-0.0294706672	-0.0031611256	0.0531620352	0.0519347344	-0.0461120329	0.0624618219	-0.1153680656	-0.0141829994	0.0021598407	-0.0662652747	0.0319976227	-0.0010977329	0.0117900387	0.1172088317	0.0433203236	0.0697568919	-0.0063035426	0.0054614507	0.0094148299	-0.0527914878	-0.0871352974	0.0521250799	0.1053564386	0.0001534398	0.0674015496	0.0402205015	0.0170513271	-0.0466566373	-0.047264845	0.007838777	0.0052682934	0.0741776317	-0.0920500839	-0.0894145591	0.0838737786	-0.0748920628	0.0628378881	-0.0482057789	0.0315960199	0.0912946794235267	-2.0760462206198534e-05	4.3099679101499774e-10	0.0083347184910445	-0.0745012793193353	0.0429363288147187	0.0018435283320856	0.0055504406202176	-0.0041309996898917	0.0412197496657001	0.0016990677625029	1.7065158437885323e-05	0.0018260810645029	-0.000178030277429	3.3345720541360444e-06	3.169477968148228e-08	-0.0010490987652918	3.255601409789992e-05	1.1006082193367794e-06	1.0598940539426586e-09	-0.00174954554363	-0.0001006250567577	1.0125402047490372e-08	3.0609096092355927e-06
768.7879003017287	0.5179674592092169	591034.8356503407	0.2682902887996518	981.0597608956424	4.137421976436372	962478.254448615	17.118260611098652	781.9332935001041	0.6281952958207739	0.3946293296913497	611419.67548392	804.5738162786741	689.2005338425677	0.978138	27.997561	0.0605820004707059	0.0327355798579152	0.0233144336	-0.0694907745	-0.0425779339	0.0342255614	0.1001726241	-0.0718053386	0.0241467989	-0.0191321368	-0.0611008684	0.0856170139	0.0365326925	-0.0677174083	-0.081695785	-0.0441013569	0.0267975968	0.0001735264	0.0660886448	-0.0032631104	-0.0361076817	-0.0006920959	0.0520821897	0.021983586	0.0869280298	-0.0274338843	-0.0195455867	-0.0667166734	0.0015009475	0.0556677215	-0.0350078615	0.0611821529	0.1398345283	-0.0697198789	0.0084563399	0.051236534	0.0169638879	0.1501668077	-0.0080364673	-0.0231031402	-0.0148159387	-0.0575338654	-0.0794932069	0.0585862689	-0.0176802938	0.0469325663	-0.0477633546	-0.0144109152	0.0065700284	0.0609158533	-0.071753578	-0.028435641	-0.1111931349	0.0680973874	-0.0513042694	-0.0770952459	-0.1855245641	0.0305042916	0.1230826033	0.0577753987	-0.0878004354	0.0181852272	0.1255375592	0.0488093206	-0.0937640431	-0.0008942813	0.0635584221	-0.019187548	0.0414788664	-0.0097635684	-0.0855023955	-0.0165094156	-0.0162176743	-0.0711714264	0.0597934424	0.0068195836	-0.1068021837	-0.0210097607	0.0793976901	0.0972870361	0.0892287395	0.1088375732	0.037732738	0.014712591	0.078959265	0.0171119663	0.0630361186	-0.0582296172	-0.0660710315	0.0290857346	0.0109692216	0.1351389427	0.078385496	-0.0203929967	-0.0021333959	0.0462983396	-0.0774980883	-0.0502845836	0.0220592035	-0.0498826342	-0.0096521922	0.0227222019	0.06276184	-0.0534764812	0.0108769248	-0.0551385237	-0.1325304481	-0.0228135899	-0.0634433917	0.0477710944	-0.024220395	0.0994654219	0.0674620577	0.0430094027	0.0382293092	0.0027449402	0.0052433041	0.1262205208	0.1313243563	0.0909765322	-0.069632072	0.0320441607	0.0547134151	-0.0171383382	-0.0560478173	-0.0137537578	0.0655800494	-0.0187050828	0.0075902817	-0.0986415275	0.0356483084	-0.0445535802	0.0069669459	0.0530888895	-0.0197565858	0.116355549	0.055539678	-0.1264570866	0.0615054939	0.1149519777	0.0961585152	0.0684935277	-0.0275039523	-0.0693279858	0.0690944585	0.0925517466	-0.1494164971	0.0484401469	-0.045274865	-0.0292306461	0.075049711	-0.0436872393	0.065336895	-0.0860103252	0.0146945059	0.0738046741	-0.0099103622	0.0437206259	0.0992998953	0.0355162851	-0.0210249566	0.0215132899	-0.0565937679	0.0153687494	0.0057355965	0.0606828609	-0.0458142744	0.0083459925	0.0464110675	0.0452279999	-0.0736389002	0.0817535111	-0.0052818884	0.0175039658	0.0800311919	0.0514819781	-0.0074046919	0.0368512396	-0.0175803073	0.0466803135	-0.0366093581	0.0264460105	0.0241623814	0.0960655321	0.092014421	0.0124090121	0.0260339511	0.0371966332	-0.0392256441	-0.1013473288	0.0929278368	-0.0159049034	0.012326092	0.0916732419	-0.0617032346	0.0205549612	-0.1415475699	0.0327863604	-0.0972857013	0.0574989189	0.0569648879	-0.0849713128	-0.0896476797	0.084788324	-0.0768835629	0.0662173176	-0.0531726956	0.0382182304	0.0636211463087192	-0.0276735331148074	0.0007658244350563	0.0040476502576354	-0.0646226631285173	0.0098786161908179	9.75870578454914e-05	0.0041760885898218	-0.0063690033509971	-0.0022380036611054	5.008660387121174e-06	4.056420368501229e-05	0.0016009968231862	-0.0002250842413167	2.563190827852304e-06	5.0662915689114485e-08	-0.0011863595762626	-0.0001372608109708	1.4074490441899758e-06	1.8840530228361693e-08	-0.001696053645838	5.349189779200016e-05	2.8613831293897917e-09	2.876597969560372e-06
770.647122598378	1.859222296649364	593896.9875691595	3.4567075483581347	981.4998547163876	0.4400938207452327	963341.96480829	0.193682571058137	782.1738636142857	0.240570114181537	0.0578739798373177	611795.9529212991	803.9760064836486	686.7708855377716	0.972815	27.845196	0.0759702192558668	0.0372693587019221	0.0133066385	-0.1096539671	-0.0667330363	0.0476807683	0.1153279089	-0.0127541735	0.0911934764	-0.0414084679	-0.0482009641	0.079269987	0.0905012713	-0.0693144268	-0.1272214676	-0.0613724839	0.0980957377	-0.0538492892	0.0681449557	-0.0269152745	-0.1130884409	0.0587731838	0.0662983985	0.0119346685	0.1416079448	0.1567571383	-0.0590114843	-0.0791733746	0.0388552261	-0.0036751751	-0.0274333423	0.0443968434	0.0754026934	0.0723654398	-0.0290813321	-0.0035038731	0.0169026737	0.034282473	0.0243529937	-0.0114033213	-0.1053025264	-0.1153002984	0.0049666455	-0.0961334803	0.031631149	-0.0242456287	-0.0156812823	-0.0071913724	-0.0178427753	-0.0279678725	-0.091734538	-0.009559046	-0.0650623806	0.0159389684	0.0837440278	-0.0056928337	-0.0760974308	-0.0304044297	-0.0547120598	-0.0190658435	0.0742755101	-0.025016335	-0.0478428275	0.000111961	-0.0560602516	-0.0082897136	-0.0419984353	0.0580053384	0.0786458327	0.0034917618	0.0449727404	0.0852737613	-0.014295094	0.0604493334	0.113704419	-0.1186302409	0.0509042582	0.0722272885	0.0667736485	-0.0835163503	0.0777698254	0.0600905889	-0.0958029209	0.0141943284	-0.0462190992	-0.039860467	0.0011350205	0.009065028	0.0988417668	0.0193497056	-0.0408824128	0.0894793879	-0.1075666464	0.0578793839	0.0787623799	-0.0570766554	0.0806080209	0.1424647413	-0.0690617242	-0.022804156	0.0430431595	0.0745910423	-0.0387109726	-0.018486835	0.0570014297	-0.0773595354	-0.1410001949	-0.0391860426	0.0193268828	-0.0501272057	-0.0329468216	-0.01479507	-0.0035134968	0.1099597189	-2.61578e-05	-0.0044534108	0.089325271	0.0235995123	0.0487387875	0.0411966752	0.1085225423	-0.0369322503	0.0133064708	0.0424095027	0.0157039404	-0.0517740796	-0.0772360044	-0.0175022284	0.1067363111	0.0560103817	-0.0058499927	-0.0094364433	0.0352439568	0.0247817389	0.0128095618	0.0794918999	-0.0472981439	0.037577763	0.0430859566	0.0013483294	0.022098333	0.1072626797	0.0480232686	-0.0728339732	-0.0962545306	-0.0009407021	-0.0077156164	0.1883440116	-0.0732252807	0.0447017587	-0.0317255368	0.0536511265	0.0016347743	0.0188646612	0.0813416716	0.0351278309	0.0352431761	-0.0896519697	-0.0868494879	-0.0264866119	-0.0257469359	-0.0651129555	0.0718184991	-0.0312617879	-0.0239890485	-0.0116432888	0.0640525259	-0.0167054056	-0.0567328814	-0.1433199023	0.0495321249	-0.0161001743	-0.0622962004	0.0456456096	0.0925604418	0.0356134769	-0.1067478897	-0.1410094508	-0.0462008399	-0.0097511588	-0.0464952893	0.0701833875	0.1070397101	0.0818216767	0.0289322435	0.0042890397	0.0617131598	-0.021014854	-0.0524987979	-0.1320562863	0.0711915936	-0.0023378012	0.0330225715	0.0560352298	-0.041164836	0.0622351225	-0.093444977	-0.0487682473	-0.1549222435	0.1278317348	0.0569620146	0.0327978063	-0.0898654396	0.0856447597	-0.0787565141	0.06941525	-0.0579119187	0.0446048127	0.0779320091386353	0.014310862829916	0.0002048007949366	0.0060733980483843	-0.0930004568148774	-0.02837779368636	0.0008052991745056	0.0086490849677758	0.0078776877743536	0.0142466911253507	0.0002029682080211	6.205796467020017e-05	0.001716681363355	0.0001156845401688	2.9469949032903817e-06	1.3382912834066726e-08	-0.0009509832994489	0.0002353762768137	9.043692358307162e-07	5.540199168667955e-08	-0.0017256902611403	-2.9636615302299985e-05	8.783289665765213e-10	2.9780068773944763e-06
771.3010347884731	0.6539121900950704	594905.2862657694	0.4276011523549315	980.2059900543908	-1.2938646619968497	960803.7829385084	1.6740857635642217	781.769879681928	-0.4039839323576188	0.1632030176031251	611164.1447778962	804.3833246305237	699.5222660853573	0.982899	28.133823	0.0751195945591017	0.0372355725120384	-0.0110684486	-0.1338109336	-0.0244052772	-0.040831647	0.1318370151	-0.0779824167	-0.0206086682	-0.0227068691	-0.0753668433	0.0942230392	0.0642290662	-0.1147004523	-0.0979959435	0.0411910288	0.1035259881	-0.0359675226	0.0338442008	0.0260253051	-0.0610083213	-0.0324252601	0.068328152	-0.061079824	0.0288780085	0.0466827296	0.0095499805	-0.0063661669	0.147944144	-0.0426484524	-0.0363908925	0.0589070296	0.0652377901	-0.0355054272	-0.0201867919	0.0537578949	0.106526349	0.1313371911	-0.0229762796	0.0409281257	0.0272048281	0.0088253624	0.0111161168	0.0510369801	0.0451956513	-0.0384849278	0.0549907553	0.0024647177	0.043978946	-0.0821163406	-0.0226073389	-0.048451132	0.0814946067	0.0884422504	0.1246631726	0.1260744669	-0.0753582161	-0.0198643749	0.0489821847	0.0426328634	0.0157593151	0.008821061	-0.0028057717	0.0500462344	-0.0560668878	0.032340949	-0.1049176917	0.0891801849	-0.0838906765	-0.0543059304	-0.0728730608	-0.0336089842	0.1090551626	0.041030208	0.0116509867	-0.0280569914	-0.0823105948	0.0070866447	0.0170890674	-0.0159318202	-0.0266508426	0.103232965	0.02950547	0.0244531572	0.0353937499	0.0210196027	-0.0560726271	-0.0238485657	5.36198e-05	0.0045046137	-0.0121199383	-0.0841413941	0.0565981284	-0.0846870393	0.015057148	-0.1484372426	0.0005461771	0.0309815214	0.0587374441	-0.0196175272	-0.0279056159	-0.0700585762	0.0541424061	-0.0218729027	0.0142711387	-0.0643335459	-0.1354752992	0.054244546	-0.0141611069	-0.0195945275	0.0058908712	0.1272255048	0.0214809708	0.0148954777	0.0184578441	0.0365001196	-0.0156397018	-0.0144044738	0.1035266198	0.0301408968	-0.0213250499	-0.0329495572	-0.0440537862	0.0440385566	-0.0053870585	0.1060629689	-0.0063050318	-0.0001135493	0.0038454537	0.0684299836	0.0260182602	-0.0594957116	0.0749173787	-0.1267037363	-0.0474191972	0.0008273417	-0.0186773355	-0.0107711851	0.0260844833	0.1033723098	-0.0318326127	-0.0114224067	-0.0106438063	0.1378535029	-0.10617017	-0.0498347231	-0.1088726102	-0.0284060265	0.0097632792	-0.015186158	0.0624181475	-0.0067712905	-0.1059984339	0.0208706366	0.0830400094	-0.0032291431	-0.0137896349	-0.0138697385	0.0956020063	0.0235142742	-0.0011079212	-0.1697321997	0.0136919616	0.0248297867	0.0653953331	-0.0214694163	-0.0115666009	0.0472566196	-0.100169029	0.0093671021	0.1031392366	0.0011342678	0.0204209303	0.0975755921	-0.0217607812	0.0167226035	0.0540978596	-0.0936835866	0.0084783518	0.0181225651	-0.0558505642	0.1016352699	0.0958867672	0.0939102235	0.0891135865	0.0425160948	0.0625658088	0.0037919947	0.0050732188	-0.0268958768	0.1517138657	-0.0534485045	0.1264903323	0.0307732512	0.0970524211	0.0748644424	-0.1313123714	-0.0725355108	-0.0944504525	0.0076578553	-0.0682146694	-0.0370288084	-0.0900678015	0.0864424987	-0.0805080284	0.0724229201	-0.062403154	0.0507163915	0.0824473218640235	0.0045153127253882	2.0388049008052623e-05	0.0067975608825498	-0.0800401371899681	0.0129603196249093	0.0001679698847798	0.0064064235613889	-0.0166824860200307	-0.0245601737943843	0.0006032021368103	0.0002783053398085	0.0016157635725822	-0.0001009177907727	2.6106919224835944e-06	1.0184400494462629e-08	-0.0014708621063785	-0.0005198788069296	2.163435335980198e-06	2.702739738945444e-07	-0.0016848110905543	4.087917058599993e-05	1.6711065877992816e-09	2.8385884108547697e-06
770.9248027114604	-0.3762320770126734	594325.0514357041	0.1415505757732702	970.8753520358692	-9.33063801852154	942598.9491907732	87.06080583267958	781.6511928798916	-0.1186868020364499	0.0140865569776394	610978.5873305575	803.3223682362036	690.1327526535596	1.010607	28.926929	0.0811509282631734	0.0433385921224608	-0.0340992409	-0.1659739188	-0.0243423556	-0.0649678229	0.0951819521	-0.0146965009	0.0546980748	-0.0865726889	0.0105503912	-0.0765827749	0.081959874	-0.0715861855	0.0058392629	0.0667658471	0.084351719	-0.0307629973	-0.1057734732	0.0750534557	-0.0850133523	0.0488480609	-0.0618117633	0.1400114481	-0.0384946625	-0.0628322583	0.0167798304	0.0053619418	0.0975091268	-0.0239589168	-0.0149141739	-0.0047939169	0.0801515403	0.0159586258	-0.0098030001	0.0445654879	0.1127215242	-0.0032945922	-0.0495328063	0.0782266335	-0.0006503817	-0.0820633361	0.0375669773	-0.0880097962	0.0683846135	-0.0020228517	0.0838160673	-0.0145279387	0.0903272634	-0.0006203548	0.019070585	0.0324815492	0.1458768685	0.1178605385	0.1322164278	-0.0825167748	0.0331826595	-0.061421197	-0.0036419635	0.0034785724	-0.0785224419	0.0176067424	-0.0036990105	0.0547916005	0.0061537144	0.077001668	0.1013665361	0.0453543122	0.0819589806	-0.0794201069	0.0780227765	0.054007513	-0.0964385347	0.0111322439	-0.0289821463	-0.0282781448	0.0781059455	-0.1033019814	0.0912760143	-0.0904075553	-0.1283686495	0.0144054662	0.0346831406	0.0959531981	0.0359145485	0.0278189904	0.0646516839	-0.1003136531	-0.0439894745	-0.07238225	-0.0275551893	-0.039708773	-0.0269707172	-0.2129869986	-0.0129354296	0.0792032393	-0.0875002537	0.0649956477	0.035471985	-0.0145581722	-0.0740079759	-0.0259147539	-0.0205217448	0.009151223	0.0465580044	-0.0215025768	-0.0925316367	0.0770791117	-0.0133543762	-0.0838110092	-0.0339824704	0.1047808667	0.0734857533	0.0992293921	0.0550720415	0.0546459973	0.07213044	-0.116587109	0.0112035	-0.155631724	0.1031551231	-0.0149196019	-0.0286156824	0.0722377058	-0.0965684644	0.0374249334	-0.0386365541	-0.0946217717	-0.0165650541	-0.00809561	0.0350714857	-0.1520580852	0.0294641513	0.0281763833	0.0349047619	0.0261857292	0.0246138844	0.0279846816	-0.0285849439	0.0172813191	0.0278378599	-0.1344738572	-0.0600540627	-0.0998598411	0.096286731	-0.086601061	-0.168965908	-0.0117295068	0.032850038	-0.0248480982	-0.0724528697	0.1099531114	-0.0333807588	-0.0131735636	-0.0392184284	-0.0584123146	-0.0155606946	0.0352976375	0.0015092771	0.0274270966	0.0645139734	-0.1401838983	-0.0589227187	-0.0736295349	0.0859415095	-0.1354562781	-0.0758433356	0.0421097646	0.0148590295	0.0099916687	-0.0822397917	0.028557011	-0.044064849	0.0058720847	-0.1590290926	-0.0475389551	0.0029676471	0.0449123584	0.0190102194	-0.0543080271	-0.1117992808	0.0466124308	0.1520576166	0.0108306202	0.0684098023	0.0485071195	-0.0249072546	0.0157574168	0.0543038647	-0.0022829803	-0.05514543	0.0157522778	0.0792848895	0.0856184263	-0.0478833709	0.0418603697	-0.0575211597	-0.017550287	-0.1784837785	0.1254623248	0.0022340771	-0.0794866901	-0.0902547308	0.0871809944	-0.0821354052	0.075232084	-0.0666271694	0.0565152869	0.0954464250855124	0.0129991032214889	0.0001689766845629	0.0091100200616043	-0.1084920503313213	-0.0284519131413532	0.0008095113614031	0.0117705249850939	-0.0153056917527294	0.0013767942673012	1.895562454473723e-06	0.0002342642000295	0.0018696754422486	0.0002539118696664	3.4956862593474983e-06	6.447123755748689e-08	-0.0009740906104904	0.0004967714958881	9.488525174455602e-07	2.467819191269006e-07	-0.0017005900776604	-1.5778987106099913e-05	2.4897643409446733e-10	2.8920066122370048e-06
770.4922671544232	-0.4325355570372267	593658.333744763	0.1870870081015039	975.9758827469566	5.100530711087345	952528.9237037012	26.01541353474517	782.1851867584137	0.5339938785220966	0.2851494622990716	611813.6663842945	803.9561035330274	714.5789468457274	1.167776	33.425602	0.1387576458749796	0.0810057146409307	-0.1406401095	-0.0698431955	0.0529772978	-0.0149484686	-0.1080167669	0.0096061394	0.0006726316	-0.0768603899	0.0136865476	0.01311033	-0.0086417713	-0.0466761183	0.0965069552	-0.0665174779	0.0713911673	0.0315502147	-0.0694028976	-0.0262477436	-0.093615662	0.0516262126	0.0119839359	-0.017676224	0.0038792303	-0.0397767479	0.0413517073	-0.0295443627	0.0838655445	-0.0194257363	0.1257669476	-0.01563031	-0.101501352	0.0224129248	-0.0830452838	0.0634008618	-0.090009173	-0.0933069509	0.1144991869	0.0299917151	-0.0100792495	-0.132561883	-0.050867731	0.159980972	0.0153113644	-0.0403445017	-0.0378880352	0.0051520742	0.0646266406	0.1955495377	0.0137873707	-0.060343535	0.0120009783	-0.0534206612	-0.0309796291	-0.0127178484	0.0030071966	-0.1071380402	-0.0396167386	-0.1223395723	-0.0560081018	0.0170946053	-0.087655831	0.0453364451	0.0001939736	-0.0120327085	-0.0086926498	0.1291775405	0.041590336	0.0114796486	0.0661501211	0.0429385883	-0.0458034381	-0.0825158049	0.0176466956	0.1085665151	-0.0759841397	0.0501888107	-0.0953381991	0.0019022365	-0.0021200863	0.0728553596	-0.0174335744	-0.0924716414	-0.0132922249	0.0513456279	-0.0176195557	-0.0168245486	-0.1390236289	0.0535583587	-0.0058024127	-0.0696908656	-0.0497082188	0.0198631654	-0.0324771901	0.0003759683	0.0630480721	0.0882894244	-0.041520975	0.1126151033	0.0726141365	-0.1494304568	-0.0295668354	0.1344938329	0.0241808269	-0.0985936983	0.101212431	-0.0061138993	0.0401523305	-0.0959212948	0.1042907093	0.0075091487	-0.1488364274	-0.0485852642	-0.1135103858	-0.0466846281	0.1016005612	0.1116738767	-0.0436226907	-0.007397204	-0.1351226971	-0.0487310796	0.0528562439	-0.0121509254	0.0346285782	0.0710725123	0.0671266754	-0.0706481323	0.0038759148	-0.010820923	-0.0289199986	-0.0133640049	-0.0647602052	0.0772326265	-0.0875352231	-0.1159649422	0.0334525797	0.1802442029	0.0644467838	-0.1108347498	0.113010505	0.0356287407	-0.0828307605	-0.0484799953	0.038309885	-0.0008827096	0.0170231697	0.0008669328	0.0542131114	-0.1044646575	0.0064225053	0.0026350671	-0.0679781243	0.048699984	0.00273984	-0.0250405046	-0.0064754298	0.0746996684	-0.0109619688	-0.0004696298	-0.0563408036	-0.0778163237	-0.0939908387	0.0588450274	-0.0466943724	0.0158494923	0.0711619025	0.088353788	-0.0729679022	0.0302589393	-0.0923096997	-0.051037634	-0.0818941807	0.0785810482	-0.1288279442	0.0365457878	0.031546679	-0.0202928017	0.1204602048	0.0187569855	0.1212478221	0.1589739222	0.0279383852	-0.0734682977	0.005913507	-0.0912373237	-0.0168096956	0.1348699305	-0.0056332816	0.0449614416	0.0961532125	0.0526492712	-0.0008074086	0.0192085342	0.0620168448	0.0268265142	-0.049497792	0.0856436004	-0.0775467489	0.0298924676	0.0594754056	0.0588852195	-0.0904261954	0.0878597406	-0.0836361352	0.0778350419	-0.0705658771	0.0619657467	0.0554517835838481	-0.0399946415016643	0.0015995713488466	0.0030749003026299	-0.0397156910254921	0.0687763593058292	0.0047301875993645	0.0015773361136323	-0.0002288836720083	0.015076808080721	0.0002273101419028	5.2387735312003055e-08	0.0020311279373928	0.0001614524951441	4.125480698057529e-06	2.6066908188287865e-08	-0.0010571753021042	-8.308469161379995e-05	1.1176196193791066e-06	6.903065980560241e-09	-0.0016469305246831	5.365955297729997e-05	2.8793476257236623e-09	2.7123801531329507e-06
770.8204997884272	0.3282326340040526	594164.2428940808	0.1077366620252383	977.7022344740956	1.72635172713899	955901.6592956394	2.9802902857957743	781.9617677064272	-0.2234190519865251	0.0499160727905576	611464.2061545603	804.480327885036	697.7384567801067	1.177911	33.715706	0.1346217113905854	0.0727242017125015	-0.0816063684	-0.0794859182	-0.0110784326	0.0126327719	-0.0276100092	-0.0858837068	0.0419321629	0.2032278307	0.1597104003	0.023224106	0.0119279691	-0.053247634	0.1159705793	0.0474154591	0.0011901285	0.0935948034	0.0186577929	0.0832228063	-0.0533776404	-0.096273901	0.0303754813	0.0275500405	-0.0949210983	-0.1233651778	0.0468131622	0.0159653242	-0.0348372539	-0.0487344688	0.1005439293	-0.0068968577	-0.0657569057	0.1167888551	0.0057990427	0.0555549875	0.0231589842	-0.0794590735	0.0188318242	-0.1199119578	0.0769841479	-0.0601813761	-0.0292812916	0.0104563491	0.0315769259	-0.072052984	-0.0212056971	-0.0605357629	-0.023999225	-0.0474532643	-0.0955033603	0.046990374	0.0764629529	-0.0053042722	0.0443650434	0.063492479	-0.0115532433	0.0503699796	0.1344897762	0.1495890998	-0.1356214026	0.0860706713	-0.057116577	-0.0287530193	-0.0221103734	-0.062529011	-0.0906031603	0.0534065176	0.0282185631	-0.0689390281	0.0305777931	-0.0919998976	-0.071915915	0.0485788144	-0.1070234811	0.0308200307	-0.0972645227	0.0524284861	-0.0417278344	0.0312323472	0.0213454466	0.0369600796	-0.009158647	-0.0411255979	-0.083263991	-0.0276710504	-0.0909601772	-0.0466394048	-0.0108374284	0.0975227966	0.0143457946	0.0540933213	-0.0017346454	0.0290190927	-0.0268801337	0.0508030649	-0.0409083781	0.0357124321	0.1187605012	-0.0932034971	-0.0675440218	-0.0292375804	0.0604961974	0.075894894	0.0204720993	-0.0412379569	0.0911233978	0.1109214785	-0.039692127	-0.0452754118	-0.0556690973	-0.0835280448	-0.0285779498	-0.025166751	0.0110142138	-0.0215130094	-0.1100243435	0.0941609358	-0.0663735741	-0.0357593464	0.0054651051	-0.0742647247	-0.0388335836	0.0482314893	0.0211742713	0.021451511	0.0912559032	-0.1381202238	-0.0782450838	0.0362634504	-0.0001441131	-0.1096906103	0.0243446182	0.0164796685	0.0599896257	0.0144450434	0.0634298202	0.0230625563	0.1595544177	-0.0520290012	-0.1030772503	0.0350326759	-0.0236554481	0.0410871809	0.0268646207	-0.0081193157	-0.0108704459	-0.0831881794	-0.1231883679	-0.0096375808	0.0828838279	-0.0015842882	-0.1505692772	-0.0886232759	-0.0633828438	-0.0866844174	-0.0395984718	0.0423546399	-0.006314261	0.0801269386	0.0537517192	-0.0105860888	-0.0139312162	0.0222023223	-0.1142847605	-0.0445845311	-0.0710283482	-0.0052401823	0.0303548486	0.0127712047	-0.0435946769	0.0745657869	-0.131828755	0.0091141642	0.0928734003	0.0526354289	-0.0512079812	0.0214588003	0.1637162097	0.0265941715	-0.1049752315	0.0164975248	-0.0506897467	-0.0384166993	-0.1602439262	0.1133215301	0.0656661993	0.0941591692	-0.0320691288	-0.0185681285	-0.0354136717	-0.0985008466	-0.0589349218	-0.0660781141	-0.0815435952	0.0759997325	-0.0628167158	-0.0723791717	-0.1538643674	0.0629592395	0.0112735886	0.0461644236	-0.090582166	0.0884782721	-0.0850079043	0.0802246594	-0.0742024108	0.0670341672	0.0485839005390289	-0.0068678830448192	4.716781751731507e-05	0.0023603953915862	-0.0924154062838198	-0.0526997152583277	0.0027772599883088	0.0085406073186034	-0.0497974077392768	-0.0495685240672685	0.0024570385782073	0.0024797818175517	0.0018143911555179	-0.0002167367818748	3.2920152652215806e-06	4.69748326174879e-08	-0.0013499964580971	-0.0002928211559929	1.822490436874715e-06	8.574422939701828e-08	-0.0016467766821475	1.5384253560001354e-07	2.3667525759841422e-14	2.711873440864728e-06
770.5263572277753	-0.2941425606519487	593710.8671827052	0.0865198459868853	975.0989097681912	-2.603324705904356	950817.8838311152	6.777299524372002	782.2251064999325	0.2633387935053406	0.0693473201648484	611876.1172388308	803.8944686644433	704.7799388572109	1.173358	33.585396	0.107227957510563	0.0610090852310563	-0.1207832856	-0.0386710454	0.0434368157	-0.0073505914	0.0615520089	0.1931672388	0.0557578857	0.1168353816	0.1012346167	-0.120613818	-0.0050645146	-0.0431635702	0.0348701013	-0.1271786431	-0.0268217606	0.0245225665	-0.0863859903	-0.1409160631	0.022595797	0.0019188656	-0.0365690772	0.1013075936	-0.1078107163	0.0211111498	0.0292860861	0.1001665288	-0.0123223457	-0.0471922887	0.0476057761	0.0195354161	0.0003682392	0.0533351487	0.0494232011	0.0263540602	0.0481264566	-0.0010432903	0.0713010631	-0.1050118984	-0.1276205295	-0.0848256027	-0.0973524142	0.0081411454	-0.0750444463	-0.1016800918	0.0254605371	0.0191260052	-0.0579008707	-0.0272692108	0.0638001956	-0.0608600207	0.0149169642	0.0849005296	0.0001812998	-0.0180691915	0.1195365141	0.0299745532	0.0700195562	-0.0818867042	0.0771571141	-0.0388387427	-0.002226767	-0.0551355101	0.1015175243	-0.1314195826	0.0493940326	0.0194543257	0.0953138002	0.0377155016	-0.038694691	-0.0886482267	0.0571649506	0.1048325015	-0.0424337276	0.0954335399	0.0027851736	0.0014148471	-0.0623213655	-0.028442935	0.1005621939	-0.078708028	-0.1415047017	-0.0132166943	0.104124267	0.0053315193	-0.0182862626	-0.0141997303	0.0771482401	0.1155465943	0.0499562288	-0.0535985442	0.0425542168	0.0474717046	0.007745126	-0.0079487512	0.0083180225	-0.1182347343	0.0035408056	-0.0776604199	-0.0700725424	0.0050903056	0.0031112662	-0.0452478611	0.00549246	-0.0622297022	0.017787551	-0.0319595329	-0.0104578734	-0.0467071854	-0.0422916783	-0.115055782	-0.0768662891	0.0128602583	0.0005868563	-0.057350934	0.0295663033	-0.0462407139	0.0818404418	-0.0514702984	-0.0461532069	0.018851468	0.0343183705	0.0713087607	0.061156532	-0.0171549772	0.0285402823	-0.0447341376	0.027196314	-0.1489147796	-0.0297073817	0.0400013682	-0.0597990618	0.0637307245	0.0951745727	-0.1229194067	-0.024074621	-0.0380171636	0.045749344	0.0273072783	-0.0196990965	0.1012157468	-0.0789471866	0.0901354855	-0.0120832016	0.0543513767	-0.0040951936	-0.0048744703	0.0421200922	-0.093435597	-0.074755221	-0.0235487469	-0.0184462449	0.1279301357	-0.1932339935	-0.0896546491	-0.029849987	-0.1485769928	-0.0017652473	0.0266273215	0.0113384757	0.0796841954	0.1332746396	-0.0486535419	0.024724676	-0.0748321801	-0.0832875556	-0.0665993989	-0.0616631109	-0.0552713476	-0.0093697072	0.0394024612	0.1270108672	-0.085674445	0.0980837324	0.0034096195	-0.1183879873	0.0076399618	0.065784708	0.0424128725	0.1113493862	-0.0305623115	0.0898679848	-0.1276312282	-0.0806444928	0.0771938681	0.1198721576	0.0303105342	0.0821324771	-0.0471845488	-0.1358051021	-0.0334949083	-0.0549164643	-0.103396352	-0.0592442715	0.0780831227	0.039621628	0.0585392923	-0.0329926912	-0.0052663213	-0.0152635181	-0.0498830504	-0.0907226157	0.089036165	-0.0862485974	0.0823943867	-0.0775211985	0.0716892996	0.0553708806654356	0.0067869801264067	4.606309923623954e-05	0.0030659344256659	-0.0867185379787116	0.0056968683051082	3.2454308485746494e-05	0.0075201048291652	0.0079808022938863	0.0577782100331631	0.0033383215546363	6.369320525410081e-05	0.0019672924865868	0.0001529013310689	3.870239727780875e-06	2.337881704264141e-08	-0.0010263633184917	0.0003236331396054	1.0534216615452949e-06	1.0473840905084832e-07	-0.0013839931719041	0.0002627835102434	6.905517325584311e-08	1.915437099877172e-06
767.8391040141088	-2.6872532136665086	589576.8896531893	7.221329834360978	988.424817605452	13.32590783726073	976983.620058371	177.57981968716692	781.8970528909036	-0.3280536090288706	0.107619170396867	611363.0013194806	806.4011625979094	708.0046789261166	1.214973	34.776558	0.0941708130463942	0.0566520084469539	0.0059092511	-0.0001848031	0.177868942	0.0139321028	0.0055041962	-0.103633145	-0.0972515786	0.0429642862	0.0204076273	0.0027143083	-0.1609837153	-0.0839415855	-0.0410527012	0.0283698881	0.0207383986	0.0168262714	0.114692581	-0.1434061859	-0.0376775395	-0.0844527582	-0.0988212144	-0.0901403364	-0.03788795	-0.0468295507	-0.0442221441	0.0181608564	0.0875634727	-0.0450506854	-0.0084224208	0.0554575479	-0.0639867134	0.0261941794	-0.0147684966	-0.0056799097	-0.0603340588	0.0346430702	-0.0067807692	0.0829892524	-0.1292114759	0.0572951328	0.0239278995	0.003432542	-0.0607645206	0.0546796999	-0.054185392	-0.009862405	0.0510835429	-0.0248577073	-0.0017117837	-0.0080796842	-0.1024056679	0.0469031703	-0.0452799221	-0.1078379171	-0.1104150488	-0.0556206944	-0.0616951806	0.0510400466	-0.0914481514	-0.0525139678	-0.0291944375	0.0496127633	-0.0921834494	-0.0950347302	-0.0356918055	-0.0336708461	-0.1135779938	-0.0005533228	-0.0584887129	-0.0345454204	-0.0841662527	-0.0218883493	-0.1402440806	0.128799023	0.1219841296	0.0787806715	0.0002076761	-0.0792359749	0.0334937822	0.0333748143	-0.0470318509	-0.0887093124	0.0102389011	-0.0364301405	-0.0167797258	0.0064760809	-0.0188021315	-0.0137349635	0.0703568531	-0.0432651086	0.0715359379	0.0687959692	-0.0492820814	0.0480980901	-0.0636609965	-0.0792130231	0.0571388816	0.0266130582	-0.0030953765	0.0648938102	-0.0415029724	-0.1921425076	-0.169950005	-0.0411130718	0.0536057587	0.018691173	-0.0343060853	-0.0020253639	0.0887787697	-0.0150728477	0.0816871391	0.0207103304	-0.0742369164	-0.0330782066	0.0516748312	-0.003049547	0.0381000912	-0.0230055995	0.0814348978	0.004566425	-0.0091477838	0.0280420795	0.006698343	-0.0284625816	0.0507386688	0.0895536635	-0.0547878147	-0.0014658215	0.0032557577	0.1243359611	-0.0278302436	-0.1178510742	-0.0300603649	0.0942160719	0.0471514092	-0.0330327768	0.1613997542	0.0457334121	-0.0257677098	0.1082239053	0.0978775256	-0.0561674741	0.0893992327	0.0646163	0.0270196045	-0.0381083577	0.07763007	0.0018542659	-0.0724476182	-0.0514567576	-0.068455481	-0.1016140189	0.0866964724	-0.0272836527	-0.0385625781	0.045343709	0.0379635975	-0.0907908561	-0.0124956235	-0.0481573969	0.0671949571	-0.0638351279	-0.0154742891	0.081053985	0.0068190847	-0.0555163261	0.0201679946	0.0211997533	-0.0103386317	-0.0501416432	0.057346951	0.0409161632	0.0693508739	-0.0550600511	-0.0535312664	0.0637488632	0.0352434	0.1682761115	-0.0383474367	-0.0242944682	-0.0230572534	-0.0159738602	0.0652799108	0.0608724691	-0.0455059829	-0.0027554544	0.0589814921	0.0822215957	0.0569365746	-0.0456610575	-0.0368521668	-0.1540420503	0.0667338166	0.0561716176	0.0644188457	0.0686387253	0.1399568792	-0.0835984556	-0.2041743735	0.0174776684	-0.0908475206	0.089533037	-0.0873563013	0.0843382767	-0.0805080284	0.0759024438	0.0647071833778341	0.0093363027123984	8.716654833753957e-05	0.0041870195806926	-0.0693275643378683	0.0173909736408433	0.0003024459641765	0.0048063111770212	-0.0438351599278661	-0.0518159622217524	0.002684893940966	0.0019215212459015	0.0020691760886945	0.0001018836021076	4.281489686025069e-06	1.0380268378440075e-08	-0.0010601174036584	-3.375408516670007e-05	1.1238489095394272e-06	1.1393382654408415e-09	-0.0015609069740577	-0.0001769138021536	3.1298493392443184e-08	2.436430581661965e-06
765.8748025962599	-1.964301417848901	586564.21325186	3.858480060163203	967.234761649912	-21.190055955539947	935543.084143962	449.018471398914	781.629665523678	-0.2673873672256377	0.071496004151858	610944.9340266568	804.2276185442587	673.537016255322	1.128166	32.29184	0.0936384974295577	0.0492299145685017	0.1102110623	-0.0077325651	0.0343944898	-0.0825499113	-0.0576785832	0.0346080536	0.0870764114	-0.0292866418	0.0473296676	-0.033050259	-0.0433818165	0.1204059807	-0.0386677551	0.113044492	0.1287934323	-0.0493408399	-0.0473898784	0.1105448789	0.0587940332	-0.0430963207	-0.0252105879	0.1339052844	-0.0989844925	0.0027758472	0.0972660782	0.0728504219	-0.0655882197	-0.0132955721	-0.092052568	0.0799360654	-0.0351872899	0.0097247154	-0.0471085032	-0.0443177175	-0.0806557723	-0.0237372888	-0.054463524	0.0014582668	0.1125280251	0.1050898667	-0.0235791058	0.0216783531	-0.1013660827	0.1815232057	0.0745801767	-0.1023847114	0.1216732286	0.0368114277	0.1698457808	-0.0188750699	0.0922641969	-0.1238639867	0.0805321366	0.0450026838	-0.0057847366	0.1194844497	-0.0505936059	0.0732036035	0.1133000368	0.027477997	0.0138958783	-0.0561607836	-0.0260785402	-0.0035738143	-0.0404044469	-0.105322703	-0.0989708442	0.0449993742	0.0543739308	0.0553170229	-0.0037514637	-0.0235499349	-0.0034917733	0.180778631	-0.0786202679	-0.1174206093	-0.0504734391	-0.0083230146	0.0026552074	-0.00716604	0.0271466994	-0.0023413248	-0.0517252561	0.0452700072	-0.05536944	0.1255611841	0.0264087513	0.0427638644	0.049987543	0.016363947	0.0363074594	-0.0459434559	0.1007487034	0.0708433659	0.0326184738	0.0011322957	-0.0778201966	-0.0161114262	-0.1292771282	-0.0996083351	-0.0468040972	0.0034496144	-0.0768048134	0.1205580941	-0.0282557758	0.047293244	0.1436399246	-0.0639456159	-0.0675436662	0.0677483002	0.0286193057	-0.0381502744	0.0057219543	0.0417720723	-0.0366362701	-0.005457148	-0.1736295582	-0.0171990453	-0.0088712219	0.1206977891	0.0050545982	-0.0782348534	-0.044250103	-0.0471708241	0.1108883036	0.0626084206	-0.1304271447	-0.04515944	-0.0745627215	-0.1085423665	0.0653075631	-0.1259751957	0.0393201237	-0.0823599791	-0.0511517627	0.1202363452	-0.0234400605	0.0081678253	-0.0717704359	-0.0115071098	-8.98277e-05	0.0844973677	-0.0121846549	0.1503095443	0.2111862995	-0.0533498155	-0.0248853155	0.0273488338	0.1511900008	-0.0413741249	0.1111737838	-0.0203649672	0.0951039779	0.0341848106	-0.0279774203	0.0187728246	0.0096315366	0.054727999	0.1218259719	-0.0347025541	-0.0334537029	0.0642518538	-0.0073542039	0.039555821	0.0646611853	0.0680654142	-0.0274542472	0.0176963797	0.0571592533	-0.0052703853	0.0010870278	-0.1409098625	-0.1114976516	0.0149928749	-0.0653544969	-0.0444453806	-0.0297477948	-0.0157916456	-0.1553179663	-0.0725340381	0.0052575938	-0.0511413462	0.0181177606	0.0497375644	-0.1406915494	-0.0575241838	0.0670350492	0.1172181338	-0.0224330313	-0.0037699183	-0.1085423288	0.0447947022	0.0228560176	-0.0680740668	0.0810832209	-0.0773916617	-0.0032369402	-0.0111739678	0.0770939745	-0.0131353533	-0.0909568593	0.0899685475	-0.0883293083	0.0860510014	-0.0831501106	0.0796476241	0.0955347221089937	0.0308275387311596	0.0009503371442211	0.0091268831284426	-0.0940298070060805	-0.0247022426682122	0.0006102007928392	0.0088416046056007	-0.0397410872543702	0.0040940726734959	1.6761431055865882e-05	0.0015793540161594	0.0025798092595395	0.000510633170845	6.655415815605743e-06	2.607462351672189e-07	-0.0008910143513829	0.0001691030522755	7.939065743702899e-07	2.8595842288890522e-08	-0.0015603503300444	5.566440133000176e-07	3.0985255754275016e-13	2.434693152469668e-06
766.2745436694662	0.3997410732063144	587176.6762758486	0.159792925608136	975.6997443979436	8.464982748031616	951989.9912182124	71.65593292447289	780.5632213787273	-1.0664441449506512	1.1373031142995256	609278.9425691362	802.8965167119258	697.6979010476607	1.172234	33.553211	0.2352333898676845	0.1320068494852611	0.0396919044	0.1125814061	0.0045770208	-0.0270367453	-0.0939787337	-0.0639116491	-0.0413202677	-0.1077653198	-0.0084717013	-0.0775225015	-0.0504297562	0.1451477677	0.0493579636	-0.0116414459	0.0141907307	-0.106560851	-0.016973251	-0.0348090918	-0.0609705039	0.0479073088	-0.0033398403	-0.0884769611	0.1407049348	-0.0433013419	0.0407446599	-0.0067928911	0.1056526342	-0.019408516	-0.0557851669	-0.0405350155	-0.0445707809	0.0118201137	0.0261953292	0.0449853808	-0.0704166259	-0.0173532971	0.0493280667	0.001594059	-0.0664607741	0.0432643163	-0.0441974079	0.0557129286	0.0285370327	0.1115920338	-0.0312000439	0.0250129736	-0.0885765285	-0.0261268189	0.0856565196	-0.0524326224	0.0043321243	0.0358599331	-0.126356965	0.0326332627	-0.0372514517	0.0102339314	-0.0722259625	-0.0543177558	0.0432414732	0.1449813745	-0.0711250719	-0.0075436969	0.0062348917	0.0232614376	0.0580303302	-0.1123954227	-0.0862220563	-0.0060286656	0.100937141	-0.0459856706	0.0181531049	0.094911754	0.1187071772	-0.1033497239	-0.0264202975	-0.0489665784	0.0490876015	0.1222603293	-0.1471377073	-0.0057517215	-0.0428791375	-0.0223872774	-0.0548893267	0.1087765533	0.0123588894	-0.0771448691	-0.0383333916	-0.0254152204	0.0201012291	0.0790947729	-0.0136307222	0.0465536446	0.0284091188	0.0167133694	-0.0885289965	-0.0451865906	-0.095734368	0.0139259681	0.0050292622	0.0517485793	-0.0150842526	0.0313799871	-0.007940071	0.0735582521	0.0464656814	-0.1331590151	0.0587322401	-0.0283559152	0.0406539708	-0.0480855577	0.0105144781	0.008456566	-0.0619722658	0.0694125359	0.0395794916	0.1474309577	0.0662686036	0.001010741	-0.0734401197	0.0055450096	-0.0687132429	0.0237596753	-0.0619969653	0.0646053678	-0.0808264284	0.1375510353	0.034884175	-0.0699191669	-0.0578969406	0.1148621308	-0.0287775631	0.0041769285	-0.0980033625	0.0637028533	-0.0537727988	0.1449629804	-0.0889257769	0.038478325	-0.0407612631	-0.1370088044	0.0279777075	0.0071252308	-0.0111338322	-0.0252061148	0.0307096306	-0.0474154519	-0.0541801453	0.0415015464	0.1234267029	0.0006188355	0.0477886661	-0.0169172283	-0.0474211977	-0.0163377466	0.0816277947	-0.0520851628	-0.0764952468	-0.0931314674	-0.0835291852	0.0157354476	-0.0894157922	0.0495096371	0.0297540957	-0.1058742674	-0.0828643108	-0.0174344982	-0.0241900126	-0.0387917507	-0.0489798551	-0.0624961772	0.0548467073	-0.0712899225	0.0110363158	0.042455956	0.1658438143	0.0597960787	-0.0737169296	-0.0597270572	0.1294380347	0.104166741	-0.0550833707	-0.000209402	0.0238454652	-0.1173241051	0.0140310574	-0.0283453241	0.1175352371	-0.0958638812	0.0075386648	0.0962836917	0.0260545075	-0.0286647912	-0.0206475642	0.0443800053	0.0509393851	-0.0375870631	0.0523187174	0.0383484803	-0.0352574115	0.0414123961	-0.0910506129	0.0903423981	-0.0891661178	0.0875278662	-0.0854361313	0.0829017503	0.0698359372345862	-0.0256987848744075	0.000660427544021	0.004877058129433	-0.0483257444832361	0.0457040625228444	0.002088861331092	0.002335377579859	0.0629114288859824	0.1026525161403526	0.0105375390699453	0.003957847884476	0.001690129498848	-0.0008896797606914	2.856537722876192e-06	7.915300765840844e-07	-0.0009530495723968	-6.20352210139e-05	9.083034874457232e-07	3.8483686462434205e-09	-0.0018321958749406	-0.0002718455448961	7.390000027991185e-08	3.3569417241493507e-06
766.745154407564	0.4706107380977755	587898.1318074791	0.2214744668129331	972.76320494305	-2.936539454893591	946268.2528910744	8.623263970146748	780.2965979590431	-0.2666234196842652	0.0710880479241318	608862.7807864565	802.6425853311985	675.068790543856	1.124267	32.180241	0.1565695932900742	0.1025693943688509	0.0656551872	0.0087744668	-0.0908195187	-0.0162996918	-0.0344099635	-0.0135990019	0.1382394066	0.0375300914	-0.008715102	-0.0714756627	0.0424663365	0.0439928559	0.0568362428	0.0695417148	-0.0312714952	0.0798823525	0.0672527333	0.1322296622	0.0484343565	-0.0400610821	0.0104145849	0.061155312	-0.0581475565	0.0708733934	-0.0493610483	0.0328205073	-0.0803990738	-0.0813894943	-0.0354652015	-0.0251675722	-0.0389050691	-0.0431218048	0.0296345293	-0.0743802577	0.0100017867	-0.0235342992	-0.0738046952	0.0374037471	0.0059832659	0.0753754888	0.018443341	0.1368839355	0.102850586	-0.0407045461	0.0478601981	0.0469520808	-0.0845370966	0.0746922077	-0.0023238469	0.0129799824	0.0176596494	-0.0131061348	0.0285613986	-0.0553726034	0.0022787533	-0.0387061899	0.0490588129	0.0227856365	0.0263472315	-0.0587931453	-0.0592985428	-0.0454045963	-0.0716641758	-0.0546510908	-0.0945129028	-0.0473751592	-0.1243608948	0.0549018214	-0.0738756954	0.1599420006	0.0389582063	-0.0251733136	-0.0068615011	-0.0496258801	0.045779573	0.0673289511	-0.1444027425	-0.0039468858	-0.0470964128	-0.0776752453	0.051153855	0.1123826263	0.1308796435	-0.0052424706	0.0110371496	0.0580557784	-0.0406400875	0.0891682756	-0.0771978722	0.0023520729	-0.1311109126	0.0560962578	0.0247961405	-0.1037522323	-0.0461417937	0.0472594171	-0.050976936	0.0125103507	0.0299703747	-0.0518481416	0.1541900238	-0.0959167327	0.028574829	0.1154262183	0.0208113419	0.0601049332	-0.0035753451	0.0313928704	0.0035914118	0.0626999732	0.0446086298	-0.0455309533	0.0939873268	-0.0411013429	-0.0565209406	-0.0214609645	-0.0621224672	0.0688702662	-0.1124678227	-0.0164628657	-0.0074924849	0.0799833977	-0.0258730388	0.0947540521	0.0326085266	-0.0756957792	-0.1274410552	0.1708885234	-0.0147237074	-0.0081050551	-0.0538621216	-0.0658909951	0.0274487913	-0.0071237272	-0.0399899851	-0.0539655467	0.0571776233	0.0253431225	0.0107178145	0.0101413123	-0.103501325	0.0556314309	0.0789965592	0.033854248	0.0397129258	0.0363114904	0.0032617039	0.0484849466	-0.0993908818	0.0133983743	0.0192272764	0.246087744	0.0953725511	0.0810297286	0.0635317872	0.0359755832	-0.0019730781	-0.098927497	-0.0713318458	0.0833680391	-0.1143295618	-0.001245304	0.0807419139	0.0504429631	0.0435061333	0.0709659112	0.023287359	-0.0029438269	-0.0181074763	-0.0544034218	-0.0905884311	-0.023025477	0.1317681374	-0.0143517048	-0.0053115894	0.0083363543	0.0098933051	-0.0505343651	-0.1002546986	0.0083936572	-0.070286434	0.0751317538	-0.0258587385	-0.007871064	-0.0069919933	0.0317875663	0.0404694661	0.0720424274	-0.0086225165	-0.0288285776	-0.0113511064	-0.0499019585	0.017262843	-0.0899002591	0.0489528928	-0.021875904	0.0283761374	-0.0208699618	-0.1277737762	0.0711129587	-0.0911287655	0.0906543325	-0.0898654396	0.0887648233	-0.0873563013	0.0856447597	0.0718318725454594	0.0019959353108732	3.983757765190523e-06	0.0051598179133871	-0.0993559537679544	-0.0510302092847183	0.0026040822596421	0.0098716055491398	-0.0258827632734153	-0.0887941921593977	0.00788440856124	0.0006699174346676	0.0016968896524362	6.760153588199853e-06	2.879434492545048e-06	4.569967653605135e-11	-0.0012260439628344	-0.0002729943904375	1.5031837988026793e-06	7.452593721039676e-08	-0.0018169652882647	1.523058667590011e-05	2.3197077049210595e-10	3.301362858758824e-06
768.3167037248314	1.5715493172674542	590310.5572225904	2.4697672566038014	966.6210196234964	-6.142185319553619	934356.1955779678	37.72644049973999	781.8328720413529	1.5362740823097738	2.360138055976737	611262.6398044304	803.1112198579985	704.6104577148265	1.182757	33.854412	0.0939188426276464	0.0495622029857255	-0.0676892542	0.0823082806	0.00136574	-0.0773921323	-0.0022301577	0.0997577251	-0.0911142685	-0.14803455	-0.0001552124	-0.0157583754	-0.0028971922	0.0387952645	0.0576810695	-0.0181961473	-0.0519390761	-0.0088195257	-0.0821681373	0.0023001342	0.0720084868	0.0422167232	-0.0657139322	0.0784896384	0.0263361618	0.0471400591	0.008306052	-0.0322459288	-0.017230062	0.0376953518	-0.0068667254	-0.0809887926	0.0445777069	0.0112996908	-0.0542194777	0.0144055041	-0.028108567	0.0186010824	-0.1864310932	0.0068418643	0.051644322	0.0197029897	0.0424607605	-0.0782712338	-0.060763516	0.0494260156	-0.0047675062	0.0275523443	0.003369005	-0.0235375493	0.0645824359	-0.039870109	-0.0308483164	0.0459252769	-0.0436537515	0.0248262626	-0.0648211399	-0.0297397589	0.006110486	-0.0405495819	8.62251e-05	-0.0581925538	-0.0189126313	0.1348391674	0.0193168187	-0.03913567	0.0025154257	-0.0535088511	0.0385910303	-0.0740310873	-0.1010403809	0.041193325	-0.0102487769	-0.0520154921	0.0390297162	-0.0303658252	0.0004560634	0.0518913242	-0.0932644443	0.1130286199	0.0632764573	-0.1278858836	0.1032512816	0.1111256385	0.0140043167	-0.0988349889	0.038877015	0.0899638405	0.1339805801	-0.0657956973	0.0305771772	-0.0659934215	0.0730583415	0.0002101561	-0.0822035239	0.0187921594	0.0267647263	0.0131332449	0.0712755751	0.0270688	0.0788450257	-0.0730326864	-0.0440965178	0.1331511804	0.0416710828	0.0259401981	0.0335634539	-0.0407078167	-0.0490212776	-0.0145652715	-0.0022033075	0.0306521112	-0.0313617642	-0.0229631311	-0.0111388954	-0.0385430114	-0.0077696444	-0.1409311641	-0.0665643319	0.0375111122	0.0029716518	0.0428976823	-0.0249909212	-0.0111173946	-0.1157490014	-0.1014428268	-0.1012580955	0.087850881	0.0104912506	-0.1213894097	0.0285838777	0.0070283679	0.0037165774	0.0609713017	-0.0659233528	0.0243290751	0.0203281684	-0.0899214506	-0.0360194838	0.0175697028	0.0474582758	0.0028927551	0.0132340751	0.100544869	0.0029293213	-0.0336447916	0.0692638428	0.0672068105	-0.0403789343	0.0606782841	-0.0351061197	-0.0551988049	0.0426396208	0.042908916	-0.0375609559	0.0520780921	0.0636633751	-0.0082454829	0.1602157221	0.0488439	-0.0576083981	-0.0041282225	0.0203463717	0.0866626947	0.0401584218	0.0749141795	-0.0297189506	0.0443562797	-0.022061065	0.2024523298	0.0187914765	0.0139221459	-0.0789697745	0.0844104637	-0.0164685536	-0.0409681049	0.1085940749	0.0249677882	-0.0052719332	-0.0918746094	0.0492468707	-0.0175376189	0.0450251461	-0.0278468725	0.0347319842	-0.0153149889	-0.0085199721	-0.0435515451	-0.0779470503	0.0200805352	-0.1670630206	-0.0059336168	0.0034635049	-0.003803039	0.0943539167	-0.02812778	0.1902155958	0.0726607974	0.0071858694	-0.0174973766	0.0062218484	-0.0351549823	-0.0911913037	0.090904137	-0.0904261954	0.0897584821	-0.0889023983	0.0878597406	0.0821874574000531	0.0103555848545936	0.0001072381376806	0.0067547781538855	-0.0986110971463176	0.0007448566216367	5.548113867961865e-07	0.0097241484804004	0.0181402434001256	0.0440230066735409	0.0019380251165786	0.0003290684306158	0.0021626709980428	0.0004657813456066	4.677145845775441e-06	2.169522619150951e-07	-0.0009159665875644	0.0003100773752699	8.389947895343716e-07	9.614797865433236e-08	-0.0018170144569456	-4.916868090020649e-08	2.4175591814663302e-15	3.301541536749314e-06
766.8942026021623	-1.4225011226691322	588126.7179848064	2.023509443994941	978.3038314906032	11.682811867106809	957078.3867091944	136.48809312221164	780.9547740489513	-0.8780979924015355	0.7710560842596071	609890.3591098486	803.462313978829	706.0536035829496	1.07136	30.665882	0.0629679011713533	0.0421295358143647	-0.0667778692	0.1336385044	0.0008709765	0.0399777598	0.0184766497	-0.0678161879	-0.0702508652	0.0051478561	-0.0175261452	0.023286727	-0.0328624166	0.0477927674	0.064017715	-0.0516145968	-0.0483889173	0.056192719	0.0063287113	-0.0506455546	0.0155969263	-0.0446289197	0.0225911039	-0.0343173154	0.0806585507	0.0341096861	-0.0296379999	0.0426716241	0.0672257295	0.0963903267	0.0397808834	-0.1226426755	0.0035716605	0.0423601173	0.0040752661	-0.0076380709	-0.0750354087	-0.0085984511	-0.0306178227	-0.0392688357	0.0339797082	0.0130902509	0.0537512432	-0.1310873065	0.0820164873	-0.0827625429	0.0207847222	0.0087992628	0.060283572	0.1169230564	-0.0513182182	0.0362169812	0.0600937101	-0.0599640572	-0.0505153966	-0.0762461797	0.0624415473	-0.0634798384	0.0540405504	-0.0532550628	0.0273073976	0.0277410054	0.0082064763	-0.0568210993	0.0339450371	0.0144358359	0.0103914136	-0.0834780529	-0.0912004867	0.0173215637	0.0612157318	-0.0039085844	-0.0623318631	0.0925044134	0.0897381405	-0.017787916	0.1076404529	0.0192638757	-0.0056786915	-0.0646662073	-0.0046978686	0.020933246	-0.0419306065	0.0142445045	-0.0215412997	-0.0128466749	-0.0315891156	-0.0857621047	-0.0638084305	-0.1510757426	-0.0068052389	-0.0432464669	-0.0194200328	0.0165401211	-0.0761579498	-0.0685225486	-0.0561960471	0.0117747667	-0.0269921861	0.0519235985	0.0097518849	0.1364280727	-0.0145880744	0.0449673206	0.0193619442	0.014794971	0.0782086863	-0.052939377	-0.070213644	0.0215635492	-0.0117012335	-0.0250432121	-0.0674820656	0.0155152712	-0.0910453127	0.0435218782	-0.0770333361	-0.010425739	-0.0141668766	-0.0194016406	0.1262680665	-0.0476437712	0.0119976887	-0.0127351029	0.0704568248	-0.0715461019	0.0439104247	-0.0289147165	-0.0276424111	0.097921628	-0.0319448499	-0.0533425918	-0.0965069489	0.0017109794	0.0376387884	0.0357570692	0.0606490348	0.053900139	-0.0062920173	-0.0063756141	0.0309851065	-0.084189145	0.0144647461	-0.0965716624	0.0611893098	-0.1442448293	-0.0571972935	-0.0375410411	0.0107205873	0.0033670583	-0.0450541611	0.0677318048	0.0578330212	0.0085254348	0.080370479	0.0218414212	-0.0036780906	0.0422445283	-0.0549054231	-0.1401066285	-0.0697068269	-0.0561409002	0.0423518189	0.0203459588	0.0202663052	0.0507555638	0.048136335	-0.0084325025	0.0101240908	-0.135513697	-0.009125498	-0.0386299417	0.0969286178	-0.1129394254	0.0203147249	-0.021972081	0.0441381633	0.1071689126	0.0175372357	-0.0721202666	0.110429217	-0.0845831778	0.0073228419	0.0555658575	0.04421054	-0.051324224	0.0194166783	-0.0880382378	0.0528998048	0.0326529325	0.0247522377	0.0961527107	0.0103059121	-0.045319132	0.0465490634	-0.0413329314	-0.052112365	0.0688594816	-0.1213130762	0.0243747507	-0.0099774472	0.0196319052	-0.0912382167	0.0910916402	-0.0908475206	0.0905061192	-0.0900678015	0.089533037	0.0794414805533136	-0.0027459768467394	7.540388842829381e-06	0.0063109488325025	-0.0589766509053788	0.0396344462409388	0.0015708893288258	0.0034782453520149	0.0174563260263056	-0.0006839173738199	4.6774297421284346e-07	0.0003047233183366	0.0022180145969403	5.534359889749997e-05	4.9195887522402416e-06	3.0629139389273596e-09	-0.0011549024751971	-0.0002389358876327	1.333799727216388e-06	5.709035839882624e-08	-0.0017132227292787	0.0001037917276669	1.0772722732079944e-08	2.935132120117158e-06
765.751604866888	-1.1425977352743075	586375.5203562146	1.3055295846539765	974.95162933523	-3.35220215537322	950530.6795434196	11.237259290488865	781.2348167259056	0.280042676954281	0.0784239009157197	610327.8388647593	804.1963116303202	681.3826799365684	1.077739	30.848457	0.1289635545060893	0.0700329224363184	0.0533221404	0.0074479594	-0.0026217388	0.0582677964	0.0762462362	0.0249399511	0.0706279797	-0.0032140996	-0.0365284096	-0.0326797876	-0.0020247326	-0.0305777342	-0.0162642753	-0.0737584204	-0.0495865091	0.0716023381	0.0178478188	0.1032157025	0.1095644525	-0.0777590198	0.0758319132	0.0906816487	-0.0739001118	0.0223278602	0.0064318562	0.0033144774	0.0168276929	-0.0895675244	-0.019203319	0.0131990686	0.0280617953	-0.0504126198	0.0333607396	-0.0776481917	0.009080746	0.0723712968	0.0220064386	0.0118231903	0.0975890769	0.0929846227	-0.0512872035	-0.1005955423	0.0298049258	0.0434340816	-0.0828475128	0.0662371553	0.0245215253	0.0031624053	-0.0986471552	0.0352872019	-0.0097567788	-0.0175046177	-0.0118896912	-0.0089401387	0.0727724251	-0.0731148386	-0.02384327	0.0174601145	0.0709033706	-0.0166252108	0.0640012279	0.0581494086	0.009944262	0.0955267651	-0.0843387615	0.0295616816	-0.0091522874	0.0687567381	0.0359967056	-0.0882324417	0.1457316725	-0.0177931851	0.0075636851	-0.0824893509	0.0388127334	-0.0468148047	-0.1032989808	0.0157456392	0.0401682712	-0.0033023874	-0.0640204808	-0.0293469611	0.065344905	0.0228621566	0.0100167794	0.0864433901	0.0357849474	-0.0195693271	0.0406628625	-0.0269911064	-0.0870059066	0.0318530684	0.054927797	-0.0094562197	-0.005628761	-0.042125191	-0.0227931362	0.1264084585	-0.118367738	-0.0085113859	-0.0564552029	0.0230495256	-0.0106121369	0.0236545329	-0.0305317556	0.0127857098	-0.050872959	0.0774619082	-0.0465915808	0.0368293347	-0.0699911902	-0.088457718	0.1291878644	0.0540284098	0.0283844418	0.0194139518	-0.0121350352	0.0243385444	0.1066136012	0.0286767525	0.040185792	-0.1110390021	-0.0150560948	0.0087764861	0.022200444	0.0030781005	0.0216258611	0.0647972173	0.1394965062	0.0631001335	-0.1005362818	-0.1365702323	-0.0456729454	0.0481962681	-0.0139384517	-0.0263889876	-0.0401755482	-0.0347327444	0.088144224	-0.0718725298	0.0510806265	0.082758502	-0.0620295993	-0.0366368745	0.0932203603	0.0402580287	0.0002253839	-0.072043698	-0.032792536	-0.0481498371	0.009196342	0.079236739	0.0397713598	-0.107241551	-0.0728793146	-0.0348855457	0.0153016781	0.011078423	0.0100513883	0.0080752508	-0.061520147	-0.0376175561	-0.0110006355	-0.0063189806	-0.0123591583	-0.0459578708	0.1459746263	0.0034042395	-0.0033687032	-0.0124815316	0.0629678113	-0.0297196321	-0.1101093687	0.0867005067	-0.0627181481	0.0019049263	-0.046039122	0.0495703586	-0.1098764881	-0.139595667	0.0564154199	0.0443000331	0.0256631027	0.0130676403	-0.0687648796	0.0276072804	-0.0305699276	0.1147331916	0.0379126572	0.0587982286	-0.0719593469	-0.0169809577	0.0409063991	0.0004039644	0.0709395397	-0.1001268805	-0.0487518573	0.0281451917	0.0134012998	0.0694179568	-0.0912694965	0.0912167139	-0.0911287655	0.0910056853	-0.0908475206	0.0906543325	0.095947430776448	0.0165059502231344	0.0002724463927685	0.0092059094726012	-0.1047484045745505	-0.0457717536691716	0.0020950534339513	0.0109722282609137	-0.0178514094820627	-0.0353077355083683	0.0012466361867288	0.0003186728204962	0.0027709640865466	0.0005529494896063	7.678241968931033e-06	3.057531380558677e-07	-0.0012079065987815	-5.3004123584400034e-05	1.4590383513798915e-06	2.809437116950352e-09	-0.0017348314181963	-2.1608688917599837e-05	4.669354367376017e-10	3.009640049560985e-06
766.3886455548643	0.6370406879763095	587351.5560354195	0.4058208381373298	977.2397286675192	2.288099332289221	954997.4872861666	5.235398554422378	781.646528662146	0.4117119362404082	0.169506718442826	610971.2957695831	803.7151281852189	686.2253711743665	1.083756	31.020697	0.2131514596106074	0.1246936930187739	0.0835955782	0.0364173001	0.0069995318	0.0135140321	0.0213478596	-0.0025090795	-0.0426497772	-0.0540843019	-0.1014083998	0.0216475237	-0.0505725175	-0.0319205784	-0.0702063314	-0.0292155339	-0.2013760686	-0.0671797122	-0.1002626527	-0.0230408626	-0.0515242941	0.0745629701	0.0024719646	-0.1025438375	0.0499299788	-0.0065688565	0.0155681852	-0.0160686738	-0.1257085707	-0.025511168	-0.0815135889	0.0494261247	0.0780571226	-0.0207580546	-0.0441016464	0.0265156652	-0.0071569016	-0.0663207697	0.0834085019	0.0234459886	0.0117281082	0.0644287444	0.0363072952	-0.0359533454	0.0494730432	-0.0090900304	-0.1322245549	-0.0095173367	0.0363947786	-0.166849649	0.0372185229	-0.0467263376	0.0177574344	0.0084550556	-0.1427937521	-0.0112406895	-0.0094171267	-0.126481007	0.0135031002	-0.0770468249	0.0043541786	-0.0247841239	0.0302341247	-0.004906861	0.0703877366	0.0471313835	-0.0259172785	-0.016898467	-0.0013792161	0.0509672873	0.0446645322	-0.0163810183	0.0135017267	-0.0743850502	-0.0322785794	-0.1221128877	0.0261369239	-0.0280318758	-0.0328157806	0.0021218632	-0.0503348681	0.0454470663	-0.0867421284	-0.0363944889	-0.1476771783	-0.0120075099	-0.0143797625	0.0838272529	0.1163340547	0.0443820493	-0.0262061578	-0.0492215385	-0.0857254597	0.0764937636	-0.0044790862	0.0065329901	0.001078231	0.021142881	0.0202531683	0.0588147715	0.0716439015	-0.0319821026	0.0013236025	0.0364225326	-0.0372731883	-0.0287026178	-0.0968377896	-0.1175738358	-0.047460809	-0.0145522026	0.0842697106	-0.1342656317	0.0597111204	-0.0684142231	-0.0446442278	-0.0585942049	-0.0128257256	0.0200433661	0.0107138799	-0.0265363442	0.0305565467	-0.0082332343	-0.1259950696	-0.1020447323	0.0500114348	-0.044909349	-0.0671781097	-0.0434887455	0.0348822601	-0.001312374	0.1368560098	0.0733714955	-0.063529956	-0.1134387371	-0.0644270483	-0.0630306299	0.0519267227	-0.0200659824	-0.1638254936	0.0008227653	0.0052825796	-0.038705714	0.0400107217	-0.0523154218	0.0158604784	-0.0591665824	0.1182736616	-0.060122049	0.0292348135	0.0503817381	0.00683768	-0.0444928097	0.0172076343	-0.0300432804	-0.0431868838	-0.0052622868	-0.0243412344	-0.0901902987	-0.0165174885	0.0925943077	0.05002963	-0.0045478635	-0.0343652215	-0.0149075744	-0.0524544329	-0.0733391035	0.0680486424	0.0138798364	-0.0008325715	-0.0135645765	0.0231270364	-0.0411993949	-0.1137601169	0.0493151141	0.0257176923	0.0902151622	-0.0497584938	0.0239407722	-0.1425612151	-0.0131412696	0.1049845108	0.0944862533	0.0222994472	0.0095719645	0.0444877169	-0.0558421467	0.045464693	-0.0287423679	-0.0640422412	-0.0806199929	-0.0420746251	0.0903472753	0.0305191385	-0.0679208193	-0.0437612068	0.0159227619	0.0446000358	0.0012068291	-0.0181477343	0.0331128586	0.0173316472	0.0270726003	-0.0912851377	0.0912792721	-0.0912694965	0.0912558111	-0.0912382167	0.0912167139	0.0843177440860927	-0.0116296866903553	0.0001352496125158	0.0071094819677678	-0.059697347388564	0.0450510571859864	0.002029597753575	0.0035637732852308	0.0781624973234329	0.0960139068054956	0.0092186703000543	0.0061093759878356	0.0018412727006592	-0.0009296913858874	3.390285158192824e-06	8.643260729932345e-07	-0.0012438246473525	-3.5918048571000104e-05	1.5470997533615713e-06	1.2901062131487224e-09	-0.0019783581623133	-0.000243526744117	5.9305275100226794e-08	3.913901018391657e-06
