
Wed Mar 11 14:21:35 CET 2026
cd /out/sourcedata/freesurfer/sub-v2s18x29518_ses-1
setenv SUBJECTS_DIR /out/sourcedata/freesurfer
/opt/freesurfer/bin/recon-all -autorecon1 -i /work/fmriprep_25_2_wf/sub_v2s18x29518_ses_1_wf/anat_fit_wf/anat_validate/sub-v2s18x29518_ses-1_run-1_T1w_noise_corrected_ras_valid.nii.gz -noskullstrip -noT2pial -noFLAIRpial -openmp 16 -subjid sub-v2s18x29518_ses-1 -sd /out/sourcedata/freesurfer

subjid sub-v2s18x29518_ses-1
setenv SUBJECTS_DIR /out/sourcedata/freesurfer
FREESURFER_HOME /opt/freesurfer
Actual FREESURFER_HOME /opt/freesurfer
build-stamp.txt: freesurfer-linux-ubuntu22_x86_64-7.3.2-20220804-6354275
Linux dna020 5.14.0-427.37.1.el9_4.x86_64 #1 SMP PREEMPT_DYNAMIC Fri Sep 13 12:41:50 EDT 2024 x86_64 x86_64 x86_64 GNU/Linux
cputime      unlimited
filesize     unlimited
datasize     unlimited
stacksize    8192 kbytes
coredumpsize 0 kbytes
memoryuse    67108864 kbytes
vmemoryuse   unlimited
descriptors  1024 
memorylocked unlimited
maxproc      2061970 
maxlocks     unlimited
maxsignal    2061970 
maxmessage   819200 
maxnice      0 
maxrtprio    0 
maxrttime    unlimited

               total        used        free      shared  buff/cache   available
Mem:           503Gi        53Gi       313Gi        34Gi       136Gi       412Gi
Swap:             0B          0B          0B

########################################
program versions used
7.3.2 (freesurfer-linux-ubuntu22_x86_64-7.3.2-20220804-6354275)
7.3.2

ProgramName: lta_convert  ProgramArguments: lta_convert -all-info  ProgramVersion: 7.3.2  TimeStamp: 2026/03/11-13:21:35-GMT  BuildTime: Aug  4 2022 06:17:15  BuildStamp: freesurfer-linux-ubuntu22_x86_64-7.3.2-20220804-6354275  User: oesteban  Machine: dna020  Platform: Linux  PlatformVersion: 5.14.0-427.37.1.el9_4.x86_64  CompilerName: GCC  CompilerVersion: 8.4.0
ProgramName: mri_and  ProgramArguments: mri_and -all-info  ProgramVersion: 7.3.2  TimeStamp: 2026/03/11-13:21:35-GMT  BuildTime: Aug  4 2022 06:17:15  BuildStamp: freesurfer-linux-ubuntu22_x86_64-7.3.2-20220804-6354275  User: oesteban  Machine: dna020  Platform: Linux  PlatformVersion: 5.14.0-427.37.1.el9_4.x86_64  CompilerName: GCC  CompilerVersion: 8.4.0
ProgramName: mri_annotation2label  ProgramArguments: mri_annotation2label -all-info  ProgramVersion: 7.3.2  TimeStamp: 2026/03/11-13:21:35-GMT  BuildTime: Aug  4 2022 06:17:15  BuildStamp: freesurfer-linux-ubuntu22_x86_64-7.3.2-20220804-6354275  User: oesteban  Machine: dna020  Platform: Linux  PlatformVersion: 5.14.0-427.37.1.el9_4.x86_64  CompilerName: GCC  CompilerVersion: 8.4.0
ProgramName: mri_aparc2aseg  ProgramArguments: mri_aparc2aseg -all-info  ProgramVersion: 7.3.2  TimeStamp: 2026/03/11-13:21:35-GMT  BuildTime: Aug  4 2022 06:17:15  BuildStamp: freesurfer-linux-ubuntu22_x86_64-7.3.2-20220804-6354275  User: oesteban  Machine: dna020  Platform: Linux  PlatformVersion: 5.14.0-427.37.1.el9_4.x86_64  CompilerName: GCC  CompilerVersion: 8.4.0
ProgramName: mri_surf2volseg  ProgramArguments: mri_surf2volseg -all-info  ProgramVersion: 7.3.2  TimeStamp: 2026/03/11-13:21:35-GMT  BuildTime: Aug  4 2022 06:17:15  BuildStamp: freesurfer-linux-ubuntu22_x86_64-7.3.2-20220804-6354275  User: oesteban  Machine: dna020  Platform: Linux  PlatformVersion: 5.14.0-427.37.1.el9_4.x86_64  CompilerName: GCC  CompilerVersion: 8.4.0
ProgramName: mri_binarize  ProgramArguments: mri_binarize -all-info  ProgramVersion: 7.3.2  TimeStamp: 2026/03/11-13:21:35-GMT  BuildTime: Aug  4 2022 06:17:15  BuildStamp: freesurfer-linux-ubuntu22_x86_64-7.3.2-20220804-6354275  User: oesteban  Machine: dna020  Platform: Linux  PlatformVersion: 5.14.0-427.37.1.el9_4.x86_64  CompilerName: GCC  CompilerVersion: 8.4.0
ProgramName: mri_ca_label  ProgramArguments: mri_ca_label -all-info  ProgramVersion: 7.3.2  TimeStamp: 2026/03/11-13:21:35-GMT  BuildTime: Aug  4 2022 06:17:15  BuildStamp: freesurfer-linux-ubuntu22_x86_64-7.3.2-20220804-6354275  User: oesteban  Machine: dna020  Platform: Linux  PlatformVersion: 5.14.0-427.37.1.el9_4.x86_64  CompilerName: GCC  CompilerVersion: 8.4.0
ProgramName: mri_ca_normalize  ProgramArguments: mri_ca_normalize -all-info  ProgramVersion: 7.3.2  TimeStamp: 2026/03/11-13:21:35-GMT  BuildTime: Aug  4 2022 06:17:15  BuildStamp: freesurfer-linux-ubuntu22_x86_64-7.3.2-20220804-6354275  User: oesteban  Machine: dna020  Platform: Linux  PlatformVersion: 5.14.0-427.37.1.el9_4.x86_64  CompilerName: GCC  CompilerVersion: 8.4.0
ProgramName: mri_ca_register  ProgramArguments: mri_ca_register -all-info  ProgramVersion: 7.3.2  TimeStamp: 2026/03/11-13:21:35-GMT  BuildTime: Aug  4 2022 06:17:15  BuildStamp: freesurfer-linux-ubuntu22_x86_64-7.3.2-20220804-6354275  User: oesteban  Machine: dna020  Platform: Linux  PlatformVersion: 5.14.0-427.37.1.el9_4.x86_64  CompilerName: GCC  CompilerVersion: 8.4.0
ProgramName: mri_cc  ProgramArguments: mri_cc -all-info  ProgramVersion: 7.3.2  TimeStamp: 2026/03/11-13:21:35-GMT  BuildTime: Aug  4 2022 06:17:15  BuildStamp: freesurfer-linux-ubuntu22_x86_64-7.3.2-20220804-6354275  User: oesteban  Machine: dna020  Platform: Linux  PlatformVersion: 5.14.0-427.37.1.el9_4.x86_64  CompilerName: GCC  CompilerVersion: 8.4.0
ProgramName: mri_compute_overlap  ProgramArguments: mri_compute_overlap -all-info  ProgramVersion: 7.3.2  TimeStamp: 2026/03/11-13:21:35-GMT  BuildTime: Aug  4 2022 06:17:15  BuildStamp: freesurfer-linux-ubuntu22_x86_64-7.3.2-20220804-6354275  User: oesteban  Machine: dna020  Platform: Linux  PlatformVersion: 5.14.0-427.37.1.el9_4.x86_64  CompilerName: GCC  CompilerVersion: 8.4.0
ProgramName: mri_compute_seg_overlap  ProgramArguments: mri_compute_seg_overlap -all-info  ProgramVersion: 7.3.2  TimeStamp: 2026/03/11-13:21:35-GMT  BuildTime: Aug  4 2022 06:17:15  BuildStamp: freesurfer-linux-ubuntu22_x86_64-7.3.2-20220804-6354275  User: oesteban  Machine: dna020  Platform: Linux  PlatformVersion: 5.14.0-427.37.1.el9_4.x86_64  CompilerName: GCC  CompilerVersion: 8.4.0
ProgramName: mri_concat  ProgramArguments: mri_concat -all-info  ProgramVersion: 7.3.2  TimeStamp: 2026/03/11-13:21:35-GMT  BuildTime: Aug  4 2022 06:17:15  BuildStamp: freesurfer-linux-ubuntu22_x86_64-7.3.2-20220804-6354275  User: oesteban  Machine: dna020  Platform: Linux  PlatformVersion: 5.14.0-427.37.1.el9_4.x86_64  CompilerName: GCC  CompilerVersion: 8.4.0
ProgramName: mri_concatenate_lta  ProgramArguments: mri_concatenate_lta -all-info  ProgramVersion: 7.3.2  TimeStamp: 2026/03/11-13:21:35-GMT  BuildTime: Aug  4 2022 06:17:15  BuildStamp: freesurfer-linux-ubuntu22_x86_64-7.3.2-20220804-6354275  User: oesteban  Machine: dna020  Platform: Linux  PlatformVersion: 5.14.0-427.37.1.el9_4.x86_64  CompilerName: GCC  CompilerVersion: 8.4.0
mri_convert -all-info 
ProgramName: mri_convert  ProgramArguments: mri_convert -all-info  ProgramVersion: 7.3.2  TimeStamp: 2026/03/11-13:21:35-GMT  BuildTime: Aug  4 2022 06:17:15  BuildStamp: freesurfer-linux-ubuntu22_x86_64-7.3.2-20220804-6354275  User: oesteban  Machine: dna020  Platform: Linux  PlatformVersion: 5.14.0-427.37.1.el9_4.x86_64  CompilerName: GCC  CompilerVersion: 8.4.0
ProgramName: mri_diff  ProgramArguments: mri_diff -all-info  ProgramVersion: 7.3.2  TimeStamp: 2026/03/11-13:21:35-GMT  BuildTime: Aug  4 2022 06:17:15  BuildStamp: freesurfer-linux-ubuntu22_x86_64-7.3.2-20220804-6354275  User: oesteban  Machine: dna020  Platform: Linux  PlatformVersion: 5.14.0-427.37.1.el9_4.x86_64  CompilerName: GCC  CompilerVersion: 8.4.0
ProgramName: mri_edit_wm_with_aseg  ProgramArguments: mri_edit_wm_with_aseg -all-info  ProgramVersion: 7.3.2  TimeStamp: 2026/03/11-13:21:35-GMT  BuildTime: Aug  4 2022 06:17:15  BuildStamp: freesurfer-linux-ubuntu22_x86_64-7.3.2-20220804-6354275  User: oesteban  Machine: dna020  Platform: Linux  PlatformVersion: 5.14.0-427.37.1.el9_4.x86_64  CompilerName: GCC  CompilerVersion: 8.4.0
ProgramName: mri_em_register  ProgramArguments: mri_em_register -all-info  ProgramVersion: 7.3.2  TimeStamp: 2026/03/11-13:21:35-GMT  BuildTime: Aug  4 2022 06:17:15  BuildStamp: freesurfer-linux-ubuntu22_x86_64-7.3.2-20220804-6354275  User: oesteban  Machine: dna020  Platform: Linux  PlatformVersion: 5.14.0-427.37.1.el9_4.x86_64  CompilerName: GCC  CompilerVersion: 8.4.0
ProgramName: mri_fill  ProgramArguments: mri_fill -all-info  ProgramVersion: 7.3.2  TimeStamp: 2026/03/11-13:21:35-GMT  BuildTime: Aug  4 2022 06:17:15  BuildStamp: freesurfer-linux-ubuntu22_x86_64-7.3.2-20220804-6354275  User: oesteban  Machine: dna020  Platform: Linux  PlatformVersion: 5.14.0-427.37.1.el9_4.x86_64  CompilerName: GCC  CompilerVersion: 8.4.0
ProgramName: mri_fuse_segmentations  ProgramArguments: mri_fuse_segmentations -all-info  ProgramVersion: 7.3.2  TimeStamp: 2026/03/11-13:21:35-GMT  BuildTime: Aug  4 2022 06:17:15  BuildStamp: freesurfer-linux-ubuntu22_x86_64-7.3.2-20220804-6354275  User: oesteban  Machine: dna020  Platform: Linux  PlatformVersion: 5.14.0-427.37.1.el9_4.x86_64  CompilerName: GCC  CompilerVersion: 8.4.0
ProgramName: mri_fwhm  ProgramArguments: mri_fwhm -all-info  ProgramVersion: 7.3.2  TimeStamp: 2026/03/11-13:21:35-GMT  BuildTime: Aug  4 2022 06:17:15  BuildStamp: freesurfer-linux-ubuntu22_x86_64-7.3.2-20220804-6354275  User: oesteban  Machine: dna020  Platform: Linux  PlatformVersion: 5.14.0-427.37.1.el9_4.x86_64  CompilerName: GCC  CompilerVersion: 8.4.0
ProgramName: mri_gcut  ProgramArguments: mri_gcut -all-info  ProgramVersion: 7.3.2  TimeStamp: 2026/03/11-13:21:35-GMT  BuildTime: Aug  4 2022 06:17:15  BuildStamp: freesurfer-linux-ubuntu22_x86_64-7.3.2-20220804-6354275  User: oesteban  Machine: dna020  Platform: Linux  PlatformVersion: 5.14.0-427.37.1.el9_4.x86_64  CompilerName: GCC  CompilerVersion: 8.4.0
ProgramName: mri_info  ProgramArguments: mri_info -all-info  ProgramVersion: 7.3.2  TimeStamp: 2026/03/11-13:21:35-GMT  BuildTime: Aug  4 2022 06:17:15  BuildStamp: freesurfer-linux-ubuntu22_x86_64-7.3.2-20220804-6354275  User: oesteban  Machine: dna020  Platform: Linux  PlatformVersion: 5.14.0-427.37.1.el9_4.x86_64  CompilerName: GCC  CompilerVersion: 8.4.0
ProgramName: mri_label2label  ProgramArguments: mri_label2label -all-info  ProgramVersion: 7.3.2  TimeStamp: 2026/03/11-13:21:35-GMT  BuildTime: Aug  4 2022 06:17:15  BuildStamp: freesurfer-linux-ubuntu22_x86_64-7.3.2-20220804-6354275  User: oesteban  Machine: dna020  Platform: Linux  PlatformVersion: 5.14.0-427.37.1.el9_4.x86_64  CompilerName: GCC  CompilerVersion: 8.4.0
ProgramName: mri_label2vol  ProgramArguments: mri_label2vol -all-info  ProgramVersion: 7.3.2  TimeStamp: 2026/03/11-13:21:35-GMT  BuildTime: Aug  4 2022 06:17:15  BuildStamp: freesurfer-linux-ubuntu22_x86_64-7.3.2-20220804-6354275  User: oesteban  Machine: dna020  Platform: Linux  PlatformVersion: 5.14.0-427.37.1.el9_4.x86_64  CompilerName: GCC  CompilerVersion: 8.4.0
ProgramName: mri_log_likelihood  ProgramArguments: mri_log_likelihood -all-info  ProgramVersion: 7.3.2  TimeStamp: 2026/03/11-13:21:35-GMT  BuildTime: Aug  4 2022 06:17:15  BuildStamp: freesurfer-linux-ubuntu22_x86_64-7.3.2-20220804-6354275  User: oesteban  Machine: dna020  Platform: Linux  PlatformVersion: 5.14.0-427.37.1.el9_4.x86_64  CompilerName: GCC  CompilerVersion: 8.4.0
ProgramName: mri_mask  ProgramArguments: mri_mask -all-info  ProgramVersion: 7.3.2  TimeStamp: 2026/03/11-13:21:35-GMT  BuildTime: Aug  4 2022 06:17:15  BuildStamp: freesurfer-linux-ubuntu22_x86_64-7.3.2-20220804-6354275  User: oesteban  Machine: dna020  Platform: Linux  PlatformVersion: 5.14.0-427.37.1.el9_4.x86_64  CompilerName: GCC  CompilerVersion: 8.4.0
ProgramName: mri_matrix_multiply  ProgramArguments: mri_matrix_multiply -all-info  ProgramVersion: 7.3.2  TimeStamp: 2026/03/11-13:21:35-GMT  BuildTime: Aug  4 2022 06:17:15  BuildStamp: freesurfer-linux-ubuntu22_x86_64-7.3.2-20220804-6354275  User: oesteban  Machine: dna020  Platform: Linux  PlatformVersion: 5.14.0-427.37.1.el9_4.x86_64  CompilerName: GCC  CompilerVersion: 8.4.0
ProgramName: mri_normalize  ProgramArguments: mri_normalize -all-info  ProgramVersion: 7.3.2  TimeStamp: 2026/03/11-13:21:35-GMT  BuildTime: Aug  4 2022 06:17:15  BuildStamp: freesurfer-linux-ubuntu22_x86_64-7.3.2-20220804-6354275  User: oesteban  Machine: dna020  Platform: Linux  PlatformVersion: 5.14.0-427.37.1.el9_4.x86_64  CompilerName: GCC  CompilerVersion: 8.4.0
ProgramName: mri_normalize_tp2  ProgramArguments: mri_normalize_tp2 -all-info  ProgramVersion: 7.3.2  TimeStamp: 2026/03/11-13:21:35-GMT  BuildTime: Aug  4 2022 06:17:15  BuildStamp: freesurfer-linux-ubuntu22_x86_64-7.3.2-20220804-6354275  User: oesteban  Machine: dna020  Platform: Linux  PlatformVersion: 5.14.0-427.37.1.el9_4.x86_64  CompilerName: GCC  CompilerVersion: 8.4.0
ProgramName: mri_or  ProgramArguments: mri_or -all-info  ProgramVersion: 7.3.2  TimeStamp: 2026/03/11-13:21:35-GMT  BuildTime: Aug  4 2022 06:17:15  BuildStamp: freesurfer-linux-ubuntu22_x86_64-7.3.2-20220804-6354275  User: oesteban  Machine: dna020  Platform: Linux  PlatformVersion: 5.14.0-427.37.1.el9_4.x86_64  CompilerName: GCC  CompilerVersion: 8.4.0
ProgramName: mri_relabel_hypointensities  ProgramArguments: mri_relabel_hypointensities -all-info  ProgramVersion: 7.3.2  TimeStamp: 2026/03/11-13:21:35-GMT  BuildTime: Aug  4 2022 06:17:15  BuildStamp: freesurfer-linux-ubuntu22_x86_64-7.3.2-20220804-6354275  User: oesteban  Machine: dna020  Platform: Linux  PlatformVersion: 5.14.0-427.37.1.el9_4.x86_64  CompilerName: GCC  CompilerVersion: 8.4.0
ProgramName: mri_relabel_nonwm_hypos  ProgramArguments: mri_relabel_nonwm_hypos -all-info  ProgramVersion: 7.3.2  TimeStamp: 2026/03/11-13:21:35-GMT  BuildTime: Aug  4 2022 06:17:15  BuildStamp: freesurfer-linux-ubuntu22_x86_64-7.3.2-20220804-6354275  User: oesteban  Machine: dna020  Platform: Linux  PlatformVersion: 5.14.0-427.37.1.el9_4.x86_64  CompilerName: GCC  CompilerVersion: 8.4.0
ProgramName: mri_remove_neck  ProgramArguments: mri_remove_neck -all-info  ProgramVersion: 7.3.2  TimeStamp: 2026/03/11-13:21:35-GMT  BuildTime: Aug  4 2022 06:17:15  BuildStamp: freesurfer-linux-ubuntu22_x86_64-7.3.2-20220804-6354275  User: oesteban  Machine: dna020  Platform: Linux  PlatformVersion: 5.14.0-427.37.1.el9_4.x86_64  CompilerName: GCC  CompilerVersion: 8.4.0
7.3.2

ProgramName: mri_robust_register  ProgramArguments: mri_robust_register -all-info  ProgramVersion: 7.3.2  TimeStamp: 2026/03/11-13:21:35-GMT  BuildTime: Aug  4 2022 06:17:15  BuildStamp: freesurfer-linux-ubuntu22_x86_64-7.3.2-20220804-6354275  User: oesteban  Machine: dna020  Platform: Linux  PlatformVersion: 5.14.0-427.37.1.el9_4.x86_64  CompilerName: GCC  CompilerVersion: 8.4.0
7.3.2

ProgramName: mri_robust_template  ProgramArguments: mri_robust_template -all-info  ProgramVersion: 7.3.2  TimeStamp: 2026/03/11-13:21:35-GMT  BuildTime: Aug  4 2022 06:17:15  BuildStamp: freesurfer-linux-ubuntu22_x86_64-7.3.2-20220804-6354275  User: oesteban  Machine: dna020  Platform: Linux  PlatformVersion: 5.14.0-427.37.1.el9_4.x86_64  CompilerName: GCC  CompilerVersion: 8.4.0
ProgramName: mris_anatomical_stats  ProgramArguments: mris_anatomical_stats -all-info  ProgramVersion: 7.3.2  TimeStamp: 2026/03/11-13:21:35-GMT  BuildTime: Aug  4 2022 06:17:15  BuildStamp: freesurfer-linux-ubuntu22_x86_64-7.3.2-20220804-6354275  User: oesteban  Machine: dna020  Platform: Linux  PlatformVersion: 5.14.0-427.37.1.el9_4.x86_64  CompilerName: GCC  CompilerVersion: 8.4.0
ProgramName: mris_ca_label  ProgramArguments: mris_ca_label -all-info  ProgramVersion: 7.3.2  TimeStamp: 2026/03/11-13:21:35-GMT  BuildTime: Aug  4 2022 06:17:15  BuildStamp: freesurfer-linux-ubuntu22_x86_64-7.3.2-20220804-6354275  User: oesteban  Machine: dna020  Platform: Linux  PlatformVersion: 5.14.0-427.37.1.el9_4.x86_64  CompilerName: GCC  CompilerVersion: 8.4.0
ProgramName: mris_calc  ProgramArguments: mris_calc -all-info  ProgramVersion: 7.3.2  TimeStamp: 2026/03/11-13:21:35-GMT  BuildTime: Aug  4 2022 06:17:15  BuildStamp: freesurfer-linux-ubuntu22_x86_64-7.3.2-20220804-6354275  User: oesteban  Machine: dna020  Platform: Linux  PlatformVersion: 5.14.0-427.37.1.el9_4.x86_64  CompilerName: GCC  CompilerVersion: 8.4.0
ProgramName: mris_convert  ProgramArguments: mris_convert -all-info  ProgramVersion: 7.3.2  TimeStamp: 2026/03/11-13:21:35-GMT  BuildTime: Aug  4 2022 06:17:15  BuildStamp: freesurfer-linux-ubuntu22_x86_64-7.3.2-20220804-6354275  User: oesteban  Machine: dna020  Platform: Linux  PlatformVersion: 5.14.0-427.37.1.el9_4.x86_64  CompilerName: GCC  CompilerVersion: 8.4.0
ProgramName: mris_curvature  ProgramArguments: mris_curvature -all-info  ProgramVersion: 7.3.2  TimeStamp: 2026/03/11-13:21:35-GMT  BuildTime: Aug  4 2022 06:17:15  BuildStamp: freesurfer-linux-ubuntu22_x86_64-7.3.2-20220804-6354275  User: oesteban  Machine: dna020  Platform: Linux  PlatformVersion: 5.14.0-427.37.1.el9_4.x86_64  CompilerName: GCC  CompilerVersion: 8.4.0
ProgramName: mris_curvature_stats  ProgramArguments: mris_curvature_stats -all-info  ProgramVersion: 7.3.2  TimeStamp: 2026/03/11-13:21:35-GMT  BuildTime: Aug  4 2022 06:17:15  BuildStamp: freesurfer-linux-ubuntu22_x86_64-7.3.2-20220804-6354275  User: oesteban  Machine: dna020  Platform: Linux  PlatformVersion: 5.14.0-427.37.1.el9_4.x86_64  CompilerName: GCC  CompilerVersion: 8.4.0
ProgramName: mris_diff  ProgramArguments: mris_diff -all-info  ProgramVersion: 7.3.2  TimeStamp: 2026/03/11-13:21:35-GMT  BuildTime: Aug  4 2022 06:17:15  BuildStamp: freesurfer-linux-ubuntu22_x86_64-7.3.2-20220804-6354275  User: oesteban  Machine: dna020  Platform: Linux  PlatformVersion: 5.14.0-427.37.1.el9_4.x86_64  CompilerName: GCC  CompilerVersion: 8.4.0
ProgramName: mris_divide_parcellation  ProgramArguments: mris_divide_parcellation -all-info  ProgramVersion: 7.3.2  TimeStamp: 2026/03/11-13:21:35-GMT  BuildTime: Aug  4 2022 06:17:15  BuildStamp: freesurfer-linux-ubuntu22_x86_64-7.3.2-20220804-6354275  User: oesteban  Machine: dna020  Platform: Linux  PlatformVersion: 5.14.0-427.37.1.el9_4.x86_64  CompilerName: GCC  CompilerVersion: 8.4.0
ProgramName: mri_segment  ProgramArguments: mri_segment -all-info  ProgramVersion: 7.3.2  TimeStamp: 2026/03/11-13:21:35-GMT  BuildTime: Aug  4 2022 06:17:15  BuildStamp: freesurfer-linux-ubuntu22_x86_64-7.3.2-20220804-6354275  User: oesteban  Machine: dna020  Platform: Linux  PlatformVersion: 5.14.0-427.37.1.el9_4.x86_64  CompilerName: GCC  CompilerVersion: 8.4.0
ProgramName: mri_segstats  ProgramArguments: mri_segstats -all-info  ProgramVersion: 7.3.2  TimeStamp: 2026/03/11-13:21:35-GMT  BuildTime: Aug  4 2022 06:17:15  BuildStamp: freesurfer-linux-ubuntu22_x86_64-7.3.2-20220804-6354275  User: oesteban  Machine: dna020  Platform: Linux  PlatformVersion: 5.14.0-427.37.1.el9_4.x86_64  CompilerName: GCC  CompilerVersion: 8.4.0
ProgramName: mris_euler_number  ProgramArguments: mris_euler_number -all-info  ProgramVersion: 7.3.2  TimeStamp: 2026/03/11-13:21:35-GMT  BuildTime: Aug  4 2022 06:17:15  BuildStamp: freesurfer-linux-ubuntu22_x86_64-7.3.2-20220804-6354275  User: oesteban  Machine: dna020  Platform: Linux  PlatformVersion: 5.14.0-427.37.1.el9_4.x86_64  CompilerName: GCC  CompilerVersion: 8.4.0
ProgramName: mris_fix_topology  ProgramArguments: mris_fix_topology -all-info  ProgramVersion: 7.3.2  TimeStamp: 2026/03/11-13:21:35-GMT  BuildTime: Aug  4 2022 06:17:15  BuildStamp: freesurfer-linux-ubuntu22_x86_64-7.3.2-20220804-6354275  User: oesteban  Machine: dna020  Platform: Linux  PlatformVersion: 5.14.0-427.37.1.el9_4.x86_64  CompilerName: GCC  CompilerVersion: 8.4.0
ProgramName: mris_topo_fixer  ProgramArguments: mris_topo_fixer -all-info  ProgramVersion: 7.3.2  TimeStamp: 2026/03/11-13:21:35-GMT  BuildTime: Aug  4 2022 06:17:15  BuildStamp: freesurfer-linux-ubuntu22_x86_64-7.3.2-20220804-6354275  User: oesteban  Machine: dna020  Platform: Linux  PlatformVersion: 5.14.0-427.37.1.el9_4.x86_64  CompilerName: GCC  CompilerVersion: 8.4.0
ProgramName: mris_jacobian  ProgramArguments: mris_jacobian -all-info  ProgramVersion: 7.3.2  TimeStamp: 2026/03/11-13:21:35-GMT  BuildTime: Aug  4 2022 06:17:15  BuildStamp: freesurfer-linux-ubuntu22_x86_64-7.3.2-20220804-6354275  User: oesteban  Machine: dna020  Platform: Linux  PlatformVersion: 5.14.0-427.37.1.el9_4.x86_64  CompilerName: GCC  CompilerVersion: 8.4.0
ProgramName: mris_label2annot  ProgramArguments: mris_label2annot -all-info  ProgramVersion: 7.3.2  TimeStamp: 2026/03/11-13:21:35-GMT  BuildTime: Aug  4 2022 06:17:15  BuildStamp: freesurfer-linux-ubuntu22_x86_64-7.3.2-20220804-6354275  User: oesteban  Machine: dna020  Platform: Linux  PlatformVersion: 5.14.0-427.37.1.el9_4.x86_64  CompilerName: GCC  CompilerVersion: 8.4.0
ProgramName: mris_left_right_register  ProgramArguments: mris_left_right_register -all-info  ProgramVersion: 7.3.2  TimeStamp: 2026/03/11-13:21:35-GMT  BuildTime: Aug  4 2022 06:17:15  BuildStamp: freesurfer-linux-ubuntu22_x86_64-7.3.2-20220804-6354275  User: oesteban  Machine: dna020  Platform: Linux  PlatformVersion: 5.14.0-427.37.1.el9_4.x86_64  CompilerName: GCC  CompilerVersion: 8.4.0
ProgramName: mris_place_surface  ProgramArguments: mris_place_surface -all-info  ProgramVersion: 7.3.2  TimeStamp: 2026/03/11-13:21:35-GMT  BuildTime: Aug  4 2022 06:17:15  BuildStamp: freesurfer-linux-ubuntu22_x86_64-7.3.2-20220804-6354275  User: oesteban  Machine: dna020  Platform: Linux  PlatformVersion: 5.14.0-427.37.1.el9_4.x86_64  CompilerName: GCC  CompilerVersion: 8.4.0
ProgramName: mrisp_paint  ProgramArguments: mrisp_paint -all-info  ProgramVersion: 7.3.2  TimeStamp: 2026/03/11-13:21:35-GMT  BuildTime: Aug  4 2022 06:17:15  BuildStamp: freesurfer-linux-ubuntu22_x86_64-7.3.2-20220804-6354275  User: oesteban  Machine: dna020  Platform: Linux  PlatformVersion: 5.14.0-427.37.1.el9_4.x86_64  CompilerName: GCC  CompilerVersion: 8.4.0
ProgramName: mris_register  ProgramArguments: mris_register -all-info  ProgramVersion: 7.3.2  TimeStamp: 2026/03/11-13:21:35-GMT  BuildTime: Aug  4 2022 06:17:15  BuildStamp: freesurfer-linux-ubuntu22_x86_64-7.3.2-20220804-6354275  User: oesteban  Machine: dna020  Platform: Linux  PlatformVersion: 5.14.0-427.37.1.el9_4.x86_64  CompilerName: GCC  CompilerVersion: 8.4.0
ProgramName: mris_smooth  ProgramArguments: mris_smooth -all-info  ProgramVersion: 7.3.2  TimeStamp: 2026/03/11-13:21:35-GMT  BuildTime: Aug  4 2022 06:17:15  BuildStamp: freesurfer-linux-ubuntu22_x86_64-7.3.2-20220804-6354275  User: oesteban  Machine: dna020  Platform: Linux  PlatformVersion: 5.14.0-427.37.1.el9_4.x86_64  CompilerName: GCC  CompilerVersion: 8.4.0
ProgramName: mris_sphere  ProgramArguments: mris_sphere -all-info  ProgramVersion: 7.3.2  TimeStamp: 2026/03/11-13:21:35-GMT  BuildTime: Aug  4 2022 06:17:15  BuildStamp: freesurfer-linux-ubuntu22_x86_64-7.3.2-20220804-6354275  User: oesteban  Machine: dna020  Platform: Linux  PlatformVersion: 5.14.0-427.37.1.el9_4.x86_64  CompilerName: GCC  CompilerVersion: 8.4.0
ProgramName: mris_surface_stats  ProgramArguments: mris_surface_stats -all-info  ProgramVersion: 7.3.2  TimeStamp: 2026/03/11-13:21:35-GMT  BuildTime: Aug  4 2022 06:17:15  BuildStamp: freesurfer-linux-ubuntu22_x86_64-7.3.2-20220804-6354275  User: oesteban  Machine: dna020  Platform: Linux  PlatformVersion: 5.14.0-427.37.1.el9_4.x86_64  CompilerName: GCC  CompilerVersion: 8.4.0
ProgramName: mri_stats2seg  ProgramArguments: mri_stats2seg -all-info  ProgramVersion: 7.3.2  TimeStamp: 2026/03/11-13:21:35-GMT  BuildTime: Aug  4 2022 06:17:15  BuildStamp: freesurfer-linux-ubuntu22_x86_64-7.3.2-20220804-6354275  User: oesteban  Machine: dna020  Platform: Linux  PlatformVersion: 5.14.0-427.37.1.el9_4.x86_64  CompilerName: GCC  CompilerVersion: 8.4.0
ProgramName: mris_thickness  ProgramArguments: mris_thickness -all-info  ProgramVersion: 7.3.2  TimeStamp: 2026/03/11-13:21:35-GMT  BuildTime: Aug  4 2022 06:17:15  BuildStamp: freesurfer-linux-ubuntu22_x86_64-7.3.2-20220804-6354275  User: oesteban  Machine: dna020  Platform: Linux  PlatformVersion: 5.14.0-427.37.1.el9_4.x86_64  CompilerName: GCC  CompilerVersion: 8.4.0
ProgramName: mris_thickness_diff  ProgramArguments: mris_thickness_diff -all-info  ProgramVersion: 7.3.2  TimeStamp: 2026/03/11-13:21:35-GMT  BuildTime: Aug  4 2022 06:17:15  BuildStamp: freesurfer-linux-ubuntu22_x86_64-7.3.2-20220804-6354275  User: oesteban  Machine: dna020  Platform: Linux  PlatformVersion: 5.14.0-427.37.1.el9_4.x86_64  CompilerName: GCC  CompilerVersion: 8.4.0
ProgramName: mris_topo_fixer  ProgramArguments: mris_topo_fixer -all-info  ProgramVersion: 7.3.2  TimeStamp: 2026/03/11-13:21:35-GMT  BuildTime: Aug  4 2022 06:17:15  BuildStamp: freesurfer-linux-ubuntu22_x86_64-7.3.2-20220804-6354275  User: oesteban  Machine: dna020  Platform: Linux  PlatformVersion: 5.14.0-427.37.1.el9_4.x86_64  CompilerName: GCC  CompilerVersion: 8.4.0
ProgramName: mri_surf2surf  ProgramArguments: mri_surf2surf -all-info  ProgramVersion: 7.3.2  TimeStamp: 2026/03/11-13:21:35-GMT  BuildTime: Aug  4 2022 06:17:15  BuildStamp: freesurfer-linux-ubuntu22_x86_64-7.3.2-20220804-6354275  User: oesteban  Machine: dna020  Platform: Linux  PlatformVersion: 5.14.0-427.37.1.el9_4.x86_64  CompilerName: GCC  CompilerVersion: 8.4.0
ProgramName: mri_surf2vol  ProgramArguments: mri_surf2vol -all-info  ProgramVersion: 7.3.2  TimeStamp: 2026/03/11-13:21:35-GMT  BuildTime: Aug  4 2022 06:17:15  BuildStamp: freesurfer-linux-ubuntu22_x86_64-7.3.2-20220804-6354275  User: oesteban  Machine: dna020  Platform: Linux  PlatformVersion: 5.14.0-427.37.1.el9_4.x86_64  CompilerName: GCC  CompilerVersion: 8.4.0
ProgramName: mri_surfcluster  ProgramArguments: mri_surfcluster -all-info  ProgramVersion: 7.3.2  TimeStamp: 2026/03/11-13:21:35-GMT  BuildTime: Aug  4 2022 06:17:15  BuildStamp: freesurfer-linux-ubuntu22_x86_64-7.3.2-20220804-6354275  User: oesteban  Machine: dna020  Platform: Linux  PlatformVersion: 5.14.0-427.37.1.el9_4.x86_64  CompilerName: GCC  CompilerVersion: 8.4.0
ProgramName: mris_volmask  ProgramArguments: mris_volmask -all-info  ProgramVersion: 7.3.2  TimeStamp: 2026/03/11-13:21:35-GMT  BuildTime: Aug  4 2022 06:17:15  BuildStamp: freesurfer-linux-ubuntu22_x86_64-7.3.2-20220804-6354275  User: oesteban  Machine: dna020  Platform: Linux  PlatformVersion: 5.14.0-427.37.1.el9_4.x86_64  CompilerName: GCC  CompilerVersion: 8.4.0
ProgramName: mri_tessellate  ProgramArguments: mri_tessellate -all-info  ProgramVersion: 7.3.2  TimeStamp: 2026/03/11-13:21:35-GMT  BuildTime: Aug  4 2022 06:17:15  BuildStamp: freesurfer-linux-ubuntu22_x86_64-7.3.2-20220804-6354275  User: oesteban  Machine: dna020  Platform: Linux  PlatformVersion: 5.14.0-427.37.1.el9_4.x86_64  CompilerName: GCC  CompilerVersion: 8.4.0
ProgramName: mri_vol2surf  ProgramArguments: mri_vol2surf -all-info  ProgramVersion: 7.3.2  TimeStamp: 2026/03/11-13:21:35-GMT  BuildTime: Aug  4 2022 06:17:15  BuildStamp: freesurfer-linux-ubuntu22_x86_64-7.3.2-20220804-6354275  User: oesteban  Machine: dna020  Platform: Linux  PlatformVersion: 5.14.0-427.37.1.el9_4.x86_64  CompilerName: GCC  CompilerVersion: 8.4.0
ProgramName: mri_vol2vol  ProgramArguments: mri_vol2vol -all-info  ProgramVersion: 7.3.2  TimeStamp: 2026/03/11-13:21:36-GMT  BuildTime: Aug  4 2022 06:17:15  BuildStamp: freesurfer-linux-ubuntu22_x86_64-7.3.2-20220804-6354275  User: oesteban  Machine: dna020  Platform: Linux  PlatformVersion: 5.14.0-427.37.1.el9_4.x86_64  CompilerName: GCC  CompilerVersion: 8.4.0
ProgramName: mri_voldiff  ProgramArguments: mri_voldiff -all-info  ProgramVersion: 7.3.2  TimeStamp: 2026/03/11-13:21:36-GMT  BuildTime: Aug  4 2022 06:17:15  BuildStamp: freesurfer-linux-ubuntu22_x86_64-7.3.2-20220804-6354275  User: oesteban  Machine: dna020  Platform: Linux  PlatformVersion: 5.14.0-427.37.1.el9_4.x86_64  CompilerName: GCC  CompilerVersion: 8.4.0
ProgramName: mri_watershed  ProgramArguments: mri_watershed -all-info  ProgramVersion: 7.3.2  TimeStamp: 2026/03/11-13:21:36-GMT  BuildTime: Aug  4 2022 06:17:15  BuildStamp: freesurfer-linux-ubuntu22_x86_64-7.3.2-20220804-6354275  User: oesteban  Machine: dna020  Platform: Linux  PlatformVersion: 5.14.0-427.37.1.el9_4.x86_64  CompilerName: GCC  CompilerVersion: 8.4.0
ProgramName: tkregister2  ProgramArguments: tkregister2_cmdl -all-info  ProgramVersion: 7.3.2  TimeStamp: 2026/03/11-13:21:36-GMT  BuildTime: Aug  4 2022 06:17:15  BuildStamp: freesurfer-linux-ubuntu22_x86_64-7.3.2-20220804-6354275  User: oesteban  Machine: dna020  Platform: Linux  PlatformVersion: 5.14.0-427.37.1.el9_4.x86_64  CompilerName: GCC  CompilerVersion: 8.4.0
mri_motion_correct.fsl 7.3.2
mri_convert -all-info 
ProgramName: mri_convert  ProgramArguments: mri_convert -all-info  ProgramVersion: 7.3.2  TimeStamp: 2026/03/11-13:21:36-GMT  BuildTime: Aug  4 2022 06:17:15  BuildStamp: freesurfer-linux-ubuntu22_x86_64-7.3.2-20220804-6354275  User: oesteban  Machine: dna020  Platform: Linux  PlatformVersion: 5.14.0-427.37.1.el9_4.x86_64  CompilerName: GCC  CompilerVersion: 8.4.0
Program nu_correct, built from:
Package MNI N3, version 1.12.0, compiled by nicks@terrier (x86_64-unknown-linux-gnu) on 2015-06-19 at 01:25:34
#######################################
GCADIR /opt/freesurfer/average
GCA RB_all_2020-01-02.gca
GCASkull RB_all_withskull_2020_01_02.gca
AvgCurvTif folding.atlas.acfb40.noaparc.i12.2016-08-02.tif
GCSDIR /opt/freesurfer/average
GCS DKaparc.atlas.acfb40.noaparc.i12.2016-08-02.gcs
#######################################
/out/sourcedata/freesurfer/sub-v2s18x29518_ses-1

 mri_convert /work/fmriprep_25_2_wf/sub_v2s18x29518_ses_1_wf/anat_fit_wf/anat_validate/sub-v2s18x29518_ses-1_run-1_T1w_noise_corrected_ras_valid.nii.gz /out/sourcedata/freesurfer/sub-v2s18x29518_ses-1/mri/orig/001.mgz 

mri_convert /work/fmriprep_25_2_wf/sub_v2s18x29518_ses_1_wf/anat_fit_wf/anat_validate/sub-v2s18x29518_ses-1_run-1_T1w_noise_corrected_ras_valid.nii.gz /out/sourcedata/freesurfer/sub-v2s18x29518_ses-1/mri/orig/001.mgz 
reading from /work/fmriprep_25_2_wf/sub_v2s18x29518_ses_1_wf/anat_fit_wf/anat_validate/sub-v2s18x29518_ses-1_run-1_T1w_noise_corrected_ras_valid.nii.gz...
TR=0.00, TE=0.00, TI=0.00, flip angle=0.00
i_ras = (0.999877, 0, 0.0157074)
j_ras = (0, 1, 0)
k_ras = (-0.0157074, 0, 0.999877)
writing to /out/sourcedata/freesurfer/sub-v2s18x29518_ses-1/mri/orig/001.mgz...
#--------------------------------------------
#@# MotionCor Wed Mar 11 14:21:43 CET 2026
Found 1 runs
/out/sourcedata/freesurfer/sub-v2s18x29518_ses-1/mri/orig/001.mgz
Checking for (invalid) multi-frame inputs...
Only one run found so motion
correction will not be performed. I'll
copy the run to rawavg and continue.

 cp /out/sourcedata/freesurfer/sub-v2s18x29518_ses-1/mri/orig/001.mgz /out/sourcedata/freesurfer/sub-v2s18x29518_ses-1/mri/rawavg.mgz 


 mri_info /out/sourcedata/freesurfer/sub-v2s18x29518_ses-1/mri/rawavg.mgz 

rawavg.mgz ========================================
Volume information for /out/sourcedata/freesurfer/sub-v2s18x29518_ses-1/mri/rawavg.mgz
          type: MGH
    dimensions: 160 x 480 x 512
   voxel sizes: 1.200000, 0.500000, 0.500000
          type: FLOAT (3)
           fov: 256.000
           dof: 1
        xstart: -96.0, xend: 96.0
        ystart: -120.0, yend: 120.0
        zstart: -128.0, zend: 128.0
            TR: 0.00 msec, TE: 0.00 msec, TI: 0.00 msec, flip angle: 0.00 degrees
       nframes: 1
       PhEncDir: UNKNOWN
       FieldStrength: 0.000000
ras xform present
    xform info: x_r =   0.9999, y_r =   0.0000, z_r =  -0.0157, c_r =     3.2129
              : x_a =   0.0000, y_a =   1.0000, z_a =   0.0000, c_a =    42.1620
              : x_s =   0.0157, y_s =   0.0000, z_s =   0.9999, c_s =   -23.9229

talairach xfm : 
Orientation   : RAS
Primary Slice Direction: axial

voxel to ras transform:
                1.1999   0.0000  -0.0079   -90.7647
                0.0000   0.5000   0.0000   -77.8380
                0.0188   0.0000   0.4999  -153.4150
                0.0000   0.0000   0.0000     1.0000

voxel-to-ras determinant 0.3

ras to voxel transform:
                0.8332   0.0000   0.0131    77.6360
                0.0000   2.0000   0.0000   155.6760
               -0.0314   0.0000   1.9998   303.9408
                0.0000   0.0000   0.0000     1.0000
/out/sourcedata/freesurfer/sub-v2s18x29518_ses-1

 mri_convert /out/sourcedata/freesurfer/sub-v2s18x29518_ses-1/mri/rawavg.mgz /out/sourcedata/freesurfer/sub-v2s18x29518_ses-1/mri/orig.mgz --conform 

mri_convert /out/sourcedata/freesurfer/sub-v2s18x29518_ses-1/mri/rawavg.mgz /out/sourcedata/freesurfer/sub-v2s18x29518_ses-1/mri/orig.mgz --conform 
reading from /out/sourcedata/freesurfer/sub-v2s18x29518_ses-1/mri/rawavg.mgz...
TR=0.00, TE=0.00, TI=0.00, flip angle=0.00
i_ras = (0.999877, 0, 0.0157074)
j_ras = (0, 1, 0)
k_ras = (-0.0157074, 0, 0.999877)
changing data type from float to uchar (noscale = 0)...
MRIchangeType: Building histogram -0.000320435 1001.14 1000, flo=0, fhi=0.999, dest_type=0
Reslicing using trilinear interpolation 
writing to /out/sourcedata/freesurfer/sub-v2s18x29518_ses-1/mri/orig.mgz...

 mri_add_xform_to_header -c /out/sourcedata/freesurfer/sub-v2s18x29518_ses-1/mri/transforms/talairach.xfm /out/sourcedata/freesurfer/sub-v2s18x29518_ses-1/mri/orig.mgz /out/sourcedata/freesurfer/sub-v2s18x29518_ses-1/mri/orig.mgz 

INFO: extension is mgz

 mri_info /out/sourcedata/freesurfer/sub-v2s18x29518_ses-1/mri/orig.mgz 

orig.mgz ========================================
Volume information for /out/sourcedata/freesurfer/sub-v2s18x29518_ses-1/mri/orig.mgz
          type: MGH
    dimensions: 256 x 256 x 256
   voxel sizes: 1.000000, 1.000000, 1.000000
          type: UCHAR (0)
           fov: 256.000
           dof: 1
        xstart: -128.0, xend: 128.0
        ystart: -128.0, yend: 128.0
        zstart: -128.0, zend: 128.0
            TR: 0.00 msec, TE: 0.00 msec, TI: 0.00 msec, flip angle: 0.00 degrees
       nframes: 1
       PhEncDir: UNKNOWN
       FieldStrength: 0.000000
ras xform present
    xform info: x_r =  -1.0000, y_r =   0.0000, z_r =   0.0000, c_r =     3.2129
              : x_a =   0.0000, y_a =   0.0000, z_a =   1.0000, c_a =    42.1620
              : x_s =   0.0000, y_s =  -1.0000, z_s =   0.0000, c_s =   -23.9229

talairach xfm : /out/sourcedata/freesurfer/sub-v2s18x29518_ses-1/mri/transforms/talairach.xfm
Orientation   : LIA
Primary Slice Direction: coronal

voxel to ras transform:
               -1.0000   0.0000   0.0000   131.2129
                0.0000   0.0000   1.0000   -85.8380
                0.0000  -1.0000   0.0000   104.0771
                0.0000   0.0000   0.0000     1.0000

voxel-to-ras determinant -1

ras to voxel transform:
               -1.0000  -0.0000  -0.0000   131.2129
               -0.0000  -0.0000  -1.0000   104.0771
               -0.0000   1.0000  -0.0000    85.8380
               -0.0000  -0.0000  -0.0000     1.0000
#--------------------------------------------
#@# Talairach Wed Mar 11 14:22:05 CET 2026
/out/sourcedata/freesurfer/sub-v2s18x29518_ses-1/mri

 mri_nu_correct.mni --no-rescale --i orig.mgz --o orig_nu.mgz --ants-n4 --n 1 --proto-iters 1000 --distance 50 

/usr/bin/bc
/out/sourcedata/freesurfer/sub-v2s18x29518_ses-1/mri
/opt/freesurfer/bin/mri_nu_correct.mni
--no-rescale --i orig.mgz --o orig_nu.mgz --ants-n4 --n 1 --proto-iters 1000 --distance 50
nIters 1
mri_nu_correct.mni 7.3.2
Linux dna020 5.14.0-427.37.1.el9_4.x86_64 #1 SMP PREEMPT_DYNAMIC Fri Sep 13 12:41:50 EDT 2024 x86_64 x86_64 x86_64 GNU/Linux
Wed Mar 11 14:22:05 CET 2026
tmpdir is ./tmp.mri_nu_correct.mni.1636701
cd /out/sourcedata/freesurfer/sub-v2s18x29518_ses-1/mri
AntsN4BiasFieldCorrectionFs -i orig.mgz -o ./tmp.mri_nu_correct.mni.1636701/nu0.mgz --dtype uchar
AntsN4BiasFieldCorrectionFs done
mri_convert ./tmp.mri_nu_correct.mni.1636701/nu0.mgz orig_nu.mgz --like orig.mgz --conform
mri_convert ./tmp.mri_nu_correct.mni.1636701/nu0.mgz orig_nu.mgz --like orig.mgz --conform 
reading from ./tmp.mri_nu_correct.mni.1636701/nu0.mgz...
TR=0.00, TE=0.00, TI=0.00, flip angle=0.00
i_ras = (-1, 0, 0)
j_ras = (0, 0, -1)
k_ras = (0, 1, 0)
INFO: transform src into the like-volume: orig.mgz
writing to orig_nu.mgz...
 
 
Wed Mar 11 14:25:00 CET 2026
mri_nu_correct.mni done

 talairach_avi --i orig_nu.mgz --xfm transforms/talairach.auto.xfm 

talairach_avi log file is transforms/talairach_avi.log...
mv -f /out/sourcedata/freesurfer/sub-v2s18x29518_ses-1/mri/talsrcimg_to_711-2C_as_mni_average_305_t4_vox2vox.txt /out/sourcedata/freesurfer/sub-v2s18x29518_ses-1/mri/transforms/talsrcimg_to_711-2C_as_mni_average_305_t4_vox2vox.txt
Started at Wed Mar 11 14:25:00 CET 2026
Ended   at Wed Mar 11 14:26:32 CET 2026
talairach_avi done

 cp transforms/talairach.auto.xfm transforms/talairach.xfm 

lta_convert --src orig.mgz --trg /opt/freesurfer/average/mni305.cor.mgz --inxfm transforms/talairach.xfm --outlta transforms/talairach.xfm.lta --subject fsaverage --ltavox2vox
7.3.2

--src: orig.mgz src image (geometry).
--trg: /opt/freesurfer/average/mni305.cor.mgz trg image (geometry).
--inmni: transforms/talairach.xfm input MNI/XFM transform.
--outlta: transforms/talairach.xfm.lta output LTA.
--s: fsaverage subject name
--ltavox2vox: output LTA as VOX_TO_VOX transform.
 LTA read, type : 1
 1.04794   0.00296   0.05079  -0.48154;
-0.05073   0.99125   0.27592  -42.99652;
-0.06356  -0.27168   1.09203   11.21725;
 0.00000   0.00000   0.00000   1.00000;
setting subject to fsaverage
Writing  LTA to file transforms/talairach.xfm.lta...
lta_convert successful.
#--------------------------------------------
#@# Talairach Failure Detection Wed Mar 11 14:26:34 CET 2026
/out/sourcedata/freesurfer/sub-v2s18x29518_ses-1/mri

 talairach_afd -T 0.005 -xfm transforms/talairach.xfm 

talairach_afd: Talairach Transform: transforms/talairach.xfm OK (p=0.7145, pval=0.4932 >= threshold=0.0050)

 awk -f /opt/freesurfer/bin/extract_talairach_avi_QA.awk /out/sourcedata/freesurfer/sub-v2s18x29518_ses-1/mri/transforms/talairach_avi.log 


 tal_QC_AZS /out/sourcedata/freesurfer/sub-v2s18x29518_ses-1/mri/transforms/talairach_avi.log 

TalAviQA: 0.97694
z-score: 0
#--------------------------------------------
#@# Nu Intensity Correction Wed Mar 11 14:26:34 CET 2026

 mri_nu_correct.mni --i orig.mgz --o nu.mgz --uchar transforms/talairach.xfm --n 2 --ants-n4 

/usr/bin/bc
/out/sourcedata/freesurfer/sub-v2s18x29518_ses-1/mri
/opt/freesurfer/bin/mri_nu_correct.mni
--i orig.mgz --o nu.mgz --uchar transforms/talairach.xfm --n 2 --ants-n4
nIters 2
mri_nu_correct.mni 7.3.2
Linux dna020 5.14.0-427.37.1.el9_4.x86_64 #1 SMP PREEMPT_DYNAMIC Fri Sep 13 12:41:50 EDT 2024 x86_64 x86_64 x86_64 GNU/Linux
Wed Mar 11 14:26:34 CET 2026
tmpdir is ./tmp.mri_nu_correct.mni.1638789
cd /out/sourcedata/freesurfer/sub-v2s18x29518_ses-1/mri
AntsN4BiasFieldCorrectionFs -i orig.mgz -o ./tmp.mri_nu_correct.mni.1638789/nu0.mgz --dtype uchar
AntsN4BiasFieldCorrectionFs done
mri_binarize --i ./tmp.mri_nu_correct.mni.1638789/nu0.mgz --min -1 --o ./tmp.mri_nu_correct.mni.1638789/ones.mgz

7.3.2
cwd /out/sourcedata/freesurfer/sub-v2s18x29518_ses-1/mri
cmdline mri_binarize --i ./tmp.mri_nu_correct.mni.1638789/nu0.mgz --min -1 --o ./tmp.mri_nu_correct.mni.1638789/ones.mgz 
sysname  Linux
hostname dna020
machine  x86_64
user     oesteban

input      ./tmp.mri_nu_correct.mni.1638789/nu0.mgz
frame      0
nErode3d   0
nErode2d   0
output     ./tmp.mri_nu_correct.mni.1638789/ones.mgz
Binarizing based on threshold
min        -1
max        +infinity
binval        1
binvalnot     0
fstart = 0, fend = 0, nframes = 1
Starting parallel 1
Found 16777216 values in range
Counting number of voxels in first frame
Found 16777215 voxels in final mask
Writing output to ./tmp.mri_nu_correct.mni.1638789/ones.mgz
Count: 16777215 16777215.000000 16777216 99.999994
mri_binarize done
mri_segstats --id 1 --seg ./tmp.mri_nu_correct.mni.1638789/ones.mgz --i orig.mgz --sum ./tmp.mri_nu_correct.mni.1638789/sum.junk --avgwf ./tmp.mri_nu_correct.mni.1638789/input.mean.dat

7.3.2
cwd 
cmdline mri_segstats --id 1 --seg ./tmp.mri_nu_correct.mni.1638789/ones.mgz --i orig.mgz --sum ./tmp.mri_nu_correct.mni.1638789/sum.junk --avgwf ./tmp.mri_nu_correct.mni.1638789/input.mean.dat 
sysname  Linux
hostname dna020
machine  x86_64
user     oesteban
whitesurfname  white
UseRobust  0
Loading ./tmp.mri_nu_correct.mni.1638789/ones.mgz
Loading orig.mgz
Voxel Volume is 1 mm^3
Generating list of segmentation ids
Found   1 segmentations
Computing statistics for each segmentation

Reporting on   1 segmentations
Using PrintSegStat
Computing spatial average of each frame

Writing to ./tmp.mri_nu_correct.mni.1638789/input.mean.dat
mri_segstats done
mri_segstats --id 1 --seg ./tmp.mri_nu_correct.mni.1638789/ones.mgz --i ./tmp.mri_nu_correct.mni.1638789/nu0.mgz --sum ./tmp.mri_nu_correct.mni.1638789/sum.junk --avgwf ./tmp.mri_nu_correct.mni.1638789/output.mean.dat

7.3.2
cwd 
cmdline mri_segstats --id 1 --seg ./tmp.mri_nu_correct.mni.1638789/ones.mgz --i ./tmp.mri_nu_correct.mni.1638789/nu0.mgz --sum ./tmp.mri_nu_correct.mni.1638789/sum.junk --avgwf ./tmp.mri_nu_correct.mni.1638789/output.mean.dat 
sysname  Linux
hostname dna020
machine  x86_64
user     oesteban
whitesurfname  white
UseRobust  0
Loading ./tmp.mri_nu_correct.mni.1638789/ones.mgz
Loading ./tmp.mri_nu_correct.mni.1638789/nu0.mgz
Voxel Volume is 1 mm^3
Generating list of segmentation ids
Found   1 segmentations
Computing statistics for each segmentation

Reporting on   1 segmentations
Using PrintSegStat
Computing spatial average of each frame

Writing to ./tmp.mri_nu_correct.mni.1638789/output.mean.dat
mri_segstats done
mris_calc -o ./tmp.mri_nu_correct.mni.1638789/nu0.mgz ./tmp.mri_nu_correct.mni.1638789/nu0.mgz mul 1.27382541947261270507
Saving result to './tmp.mri_nu_correct.mni.1638789/nu0.mgz' (type = MGH )                       [ ok ]
mri_convert ./tmp.mri_nu_correct.mni.1638789/nu0.mgz nu.mgz --like orig.mgz
mri_convert ./tmp.mri_nu_correct.mni.1638789/nu0.mgz nu.mgz --like orig.mgz 
reading from ./tmp.mri_nu_correct.mni.1638789/nu0.mgz...
TR=0.00, TE=0.00, TI=0.00, flip angle=0.00
i_ras = (-1, 0, 0)
j_ras = (0, 0, -1)
k_ras = (0, 1, 0)
INFO: transform src into the like-volume: orig.mgz
writing to nu.mgz...
mri_make_uchar nu.mgz transforms/talairach.xfm nu.mgz
type change took 0 minutes and 6 seconds.
FIRST_PERCENTILE 0.010000
WM_PERCENTILE    0.900000
MAX_R 50.000000
i1 = 3, i2 = 62
#mri_make_uchar# mapping  6 123 to  3 110  :  b -2.91356 m 0.915215 : thresh 3.18347 maxsat 281.806 : nzero 11865269 nsat 0
 
 
Wed Mar 11 14:29:50 CET 2026
mri_nu_correct.mni done

 mri_add_xform_to_header -c /out/sourcedata/freesurfer/sub-v2s18x29518_ses-1/mri/transforms/talairach.xfm nu.mgz nu.mgz 

INFO: extension is mgz
#--------------------------------------------
#@# Intensity Normalization Wed Mar 11 14:29:51 CET 2026
/out/sourcedata/freesurfer/sub-v2s18x29518_ses-1/mri

 mri_normalize -g 1 -seed 1234 -mprage nu.mgz T1.mgz 

using max gradient = 1.000
setting seed for random number genererator to 1234
assuming input volume is MGH (Van der Kouwe) MP-RAGE
reading mri_src from nu.mgz...
normalizing image...
NOT doing gentle normalization with control points/label
talairach transform
 1.04794   0.00296   0.05079  -0.48154;
-0.05073   0.99125   0.27592  -42.99652;
-0.06356  -0.27168   1.09203   11.21725;
 0.00000   0.00000   0.00000   1.00000;
processing without aseg, no1d=0
MRInormInit(): 
INFO: Modifying talairach volume c_(r,a,s) based on average_305
MRInormalize(): 
MRIsplineNormalize(): npeaks = 18
Starting OpenSpline(): npoints = 18
building Voronoi diagram...
performing soap bubble smoothing, sigma = 8...

Iterating 2 times
---------------------------------
3d normalization pass 1 of 2
white matter peak found at 110
white matter peak found at 110
gm peak at 63 (63), valley at 42 (42)
csf peak at 32, setting threshold to 52
building Voronoi diagram...
performing soap bubble smoothing, sigma = 8...
---------------------------------
3d normalization pass 2 of 2
white matter peak found at 110
white matter peak found at 110
gm peak at 65 (65), valley at 44 (44)
csf peak at 11, setting threshold to 47
building Voronoi diagram...
performing soap bubble smoothing, sigma = 8...
Done iterating ---------------------------------
writing output to T1.mgz
3D bias adjustment took 1 minutes and 40 seconds.

Started at Wed Mar 11 14:21:35 CET 2026 
Ended   at Wed Mar 11 14:31:31 CET 2026
#@#%# recon-all-run-time-hours 0.166
recon-all -s sub-v2s18x29518_ses-1 finished without error at Wed Mar 11 14:31:31 CET 2026



#New# invocation of recon-all 




Wed Mar 11 14:42:59 CET 2026
cd /out/sourcedata/freesurfer/sub-v2s18x29518_ses-1
setenv SUBJECTS_DIR /out/sourcedata/freesurfer
/opt/freesurfer/bin/recon-all -openmp 16 -subjid sub-v2s18x29518_ses-1 -sd /out/sourcedata/freesurfer -gcareg

subjid sub-v2s18x29518_ses-1
setenv SUBJECTS_DIR /out/sourcedata/freesurfer
FREESURFER_HOME /opt/freesurfer
Actual FREESURFER_HOME /opt/freesurfer
build-stamp.txt: freesurfer-linux-ubuntu22_x86_64-7.3.2-20220804-6354275
Linux dna020 5.14.0-427.37.1.el9_4.x86_64 #1 SMP PREEMPT_DYNAMIC Fri Sep 13 12:41:50 EDT 2024 x86_64 x86_64 x86_64 GNU/Linux
cputime      unlimited
filesize     unlimited
datasize     unlimited
stacksize    8192 kbytes
coredumpsize 0 kbytes
memoryuse    67108864 kbytes
vmemoryuse   unlimited
descriptors  1024 
memorylocked unlimited
maxproc      2061970 
maxlocks     unlimited
maxsignal    2061970 
maxmessage   819200 
maxnice      0 
maxrtprio    0 
maxrttime    unlimited

               total        used        free      shared  buff/cache   available
Mem:           503Gi        53Gi       312Gi        34Gi       138Gi       412Gi
Swap:             0B          0B          0B

########################################
program versions used
7.3.2 (freesurfer-linux-ubuntu22_x86_64-7.3.2-20220804-6354275)
7.3.2

ProgramName: lta_convert  ProgramArguments: lta_convert -all-info  ProgramVersion: 7.3.2  TimeStamp: 2026/03/11-13:42:59-GMT  BuildTime: Aug  4 2022 06:17:15  BuildStamp: freesurfer-linux-ubuntu22_x86_64-7.3.2-20220804-6354275  User: oesteban  Machine: dna020  Platform: Linux  PlatformVersion: 5.14.0-427.37.1.el9_4.x86_64  CompilerName: GCC  CompilerVersion: 8.4.0
ProgramName: mri_and  ProgramArguments: mri_and -all-info  ProgramVersion: 7.3.2  TimeStamp: 2026/03/11-13:42:59-GMT  BuildTime: Aug  4 2022 06:17:15  BuildStamp: freesurfer-linux-ubuntu22_x86_64-7.3.2-20220804-6354275  User: oesteban  Machine: dna020  Platform: Linux  PlatformVersion: 5.14.0-427.37.1.el9_4.x86_64  CompilerName: GCC  CompilerVersion: 8.4.0
ProgramName: mri_annotation2label  ProgramArguments: mri_annotation2label -all-info  ProgramVersion: 7.3.2  TimeStamp: 2026/03/11-13:42:59-GMT  BuildTime: Aug  4 2022 06:17:15  BuildStamp: freesurfer-linux-ubuntu22_x86_64-7.3.2-20220804-6354275  User: oesteban  Machine: dna020  Platform: Linux  PlatformVersion: 5.14.0-427.37.1.el9_4.x86_64  CompilerName: GCC  CompilerVersion: 8.4.0
ProgramName: mri_aparc2aseg  ProgramArguments: mri_aparc2aseg -all-info  ProgramVersion: 7.3.2  TimeStamp: 2026/03/11-13:42:59-GMT  BuildTime: Aug  4 2022 06:17:15  BuildStamp: freesurfer-linux-ubuntu22_x86_64-7.3.2-20220804-6354275  User: oesteban  Machine: dna020  Platform: Linux  PlatformVersion: 5.14.0-427.37.1.el9_4.x86_64  CompilerName: GCC  CompilerVersion: 8.4.0
ProgramName: mri_surf2volseg  ProgramArguments: mri_surf2volseg -all-info  ProgramVersion: 7.3.2  TimeStamp: 2026/03/11-13:42:59-GMT  BuildTime: Aug  4 2022 06:17:15  BuildStamp: freesurfer-linux-ubuntu22_x86_64-7.3.2-20220804-6354275  User: oesteban  Machine: dna020  Platform: Linux  PlatformVersion: 5.14.0-427.37.1.el9_4.x86_64  CompilerName: GCC  CompilerVersion: 8.4.0
ProgramName: mri_binarize  ProgramArguments: mri_binarize -all-info  ProgramVersion: 7.3.2  TimeStamp: 2026/03/11-13:42:59-GMT  BuildTime: Aug  4 2022 06:17:15  BuildStamp: freesurfer-linux-ubuntu22_x86_64-7.3.2-20220804-6354275  User: oesteban  Machine: dna020  Platform: Linux  PlatformVersion: 5.14.0-427.37.1.el9_4.x86_64  CompilerName: GCC  CompilerVersion: 8.4.0
ProgramName: mri_ca_label  ProgramArguments: mri_ca_label -all-info  ProgramVersion: 7.3.2  TimeStamp: 2026/03/11-13:42:59-GMT  BuildTime: Aug  4 2022 06:17:15  BuildStamp: freesurfer-linux-ubuntu22_x86_64-7.3.2-20220804-6354275  User: oesteban  Machine: dna020  Platform: Linux  PlatformVersion: 5.14.0-427.37.1.el9_4.x86_64  CompilerName: GCC  CompilerVersion: 8.4.0
ProgramName: mri_ca_normalize  ProgramArguments: mri_ca_normalize -all-info  ProgramVersion: 7.3.2  TimeStamp: 2026/03/11-13:42:59-GMT  BuildTime: Aug  4 2022 06:17:15  BuildStamp: freesurfer-linux-ubuntu22_x86_64-7.3.2-20220804-6354275  User: oesteban  Machine: dna020  Platform: Linux  PlatformVersion: 5.14.0-427.37.1.el9_4.x86_64  CompilerName: GCC  CompilerVersion: 8.4.0
ProgramName: mri_ca_register  ProgramArguments: mri_ca_register -all-info  ProgramVersion: 7.3.2  TimeStamp: 2026/03/11-13:42:59-GMT  BuildTime: Aug  4 2022 06:17:15  BuildStamp: freesurfer-linux-ubuntu22_x86_64-7.3.2-20220804-6354275  User: oesteban  Machine: dna020  Platform: Linux  PlatformVersion: 5.14.0-427.37.1.el9_4.x86_64  CompilerName: GCC  CompilerVersion: 8.4.0
ProgramName: mri_cc  ProgramArguments: mri_cc -all-info  ProgramVersion: 7.3.2  TimeStamp: 2026/03/11-13:42:59-GMT  BuildTime: Aug  4 2022 06:17:15  BuildStamp: freesurfer-linux-ubuntu22_x86_64-7.3.2-20220804-6354275  User: oesteban  Machine: dna020  Platform: Linux  PlatformVersion: 5.14.0-427.37.1.el9_4.x86_64  CompilerName: GCC  CompilerVersion: 8.4.0
ProgramName: mri_compute_overlap  ProgramArguments: mri_compute_overlap -all-info  ProgramVersion: 7.3.2  TimeStamp: 2026/03/11-13:42:59-GMT  BuildTime: Aug  4 2022 06:17:15  BuildStamp: freesurfer-linux-ubuntu22_x86_64-7.3.2-20220804-6354275  User: oesteban  Machine: dna020  Platform: Linux  PlatformVersion: 5.14.0-427.37.1.el9_4.x86_64  CompilerName: GCC  CompilerVersion: 8.4.0
ProgramName: mri_compute_seg_overlap  ProgramArguments: mri_compute_seg_overlap -all-info  ProgramVersion: 7.3.2  TimeStamp: 2026/03/11-13:42:59-GMT  BuildTime: Aug  4 2022 06:17:15  BuildStamp: freesurfer-linux-ubuntu22_x86_64-7.3.2-20220804-6354275  User: oesteban  Machine: dna020  Platform: Linux  PlatformVersion: 5.14.0-427.37.1.el9_4.x86_64  CompilerName: GCC  CompilerVersion: 8.4.0
ProgramName: mri_concat  ProgramArguments: mri_concat -all-info  ProgramVersion: 7.3.2  TimeStamp: 2026/03/11-13:42:59-GMT  BuildTime: Aug  4 2022 06:17:15  BuildStamp: freesurfer-linux-ubuntu22_x86_64-7.3.2-20220804-6354275  User: oesteban  Machine: dna020  Platform: Linux  PlatformVersion: 5.14.0-427.37.1.el9_4.x86_64  CompilerName: GCC  CompilerVersion: 8.4.0
ProgramName: mri_concatenate_lta  ProgramArguments: mri_concatenate_lta -all-info  ProgramVersion: 7.3.2  TimeStamp: 2026/03/11-13:42:59-GMT  BuildTime: Aug  4 2022 06:17:15  BuildStamp: freesurfer-linux-ubuntu22_x86_64-7.3.2-20220804-6354275  User: oesteban  Machine: dna020  Platform: Linux  PlatformVersion: 5.14.0-427.37.1.el9_4.x86_64  CompilerName: GCC  CompilerVersion: 8.4.0
mri_convert -all-info 
ProgramName: mri_convert  ProgramArguments: mri_convert -all-info  ProgramVersion: 7.3.2  TimeStamp: 2026/03/11-13:42:59-GMT  BuildTime: Aug  4 2022 06:17:15  BuildStamp: freesurfer-linux-ubuntu22_x86_64-7.3.2-20220804-6354275  User: oesteban  Machine: dna020  Platform: Linux  PlatformVersion: 5.14.0-427.37.1.el9_4.x86_64  CompilerName: GCC  CompilerVersion: 8.4.0
ProgramName: mri_diff  ProgramArguments: mri_diff -all-info  ProgramVersion: 7.3.2  TimeStamp: 2026/03/11-13:42:59-GMT  BuildTime: Aug  4 2022 06:17:15  BuildStamp: freesurfer-linux-ubuntu22_x86_64-7.3.2-20220804-6354275  User: oesteban  Machine: dna020  Platform: Linux  PlatformVersion: 5.14.0-427.37.1.el9_4.x86_64  CompilerName: GCC  CompilerVersion: 8.4.0
ProgramName: mri_edit_wm_with_aseg  ProgramArguments: mri_edit_wm_with_aseg -all-info  ProgramVersion: 7.3.2  TimeStamp: 2026/03/11-13:42:59-GMT  BuildTime: Aug  4 2022 06:17:15  BuildStamp: freesurfer-linux-ubuntu22_x86_64-7.3.2-20220804-6354275  User: oesteban  Machine: dna020  Platform: Linux  PlatformVersion: 5.14.0-427.37.1.el9_4.x86_64  CompilerName: GCC  CompilerVersion: 8.4.0
ProgramName: mri_em_register  ProgramArguments: mri_em_register -all-info  ProgramVersion: 7.3.2  TimeStamp: 2026/03/11-13:42:59-GMT  BuildTime: Aug  4 2022 06:17:15  BuildStamp: freesurfer-linux-ubuntu22_x86_64-7.3.2-20220804-6354275  User: oesteban  Machine: dna020  Platform: Linux  PlatformVersion: 5.14.0-427.37.1.el9_4.x86_64  CompilerName: GCC  CompilerVersion: 8.4.0
ProgramName: mri_fill  ProgramArguments: mri_fill -all-info  ProgramVersion: 7.3.2  TimeStamp: 2026/03/11-13:42:59-GMT  BuildTime: Aug  4 2022 06:17:15  BuildStamp: freesurfer-linux-ubuntu22_x86_64-7.3.2-20220804-6354275  User: oesteban  Machine: dna020  Platform: Linux  PlatformVersion: 5.14.0-427.37.1.el9_4.x86_64  CompilerName: GCC  CompilerVersion: 8.4.0
ProgramName: mri_fuse_segmentations  ProgramArguments: mri_fuse_segmentations -all-info  ProgramVersion: 7.3.2  TimeStamp: 2026/03/11-13:42:59-GMT  BuildTime: Aug  4 2022 06:17:15  BuildStamp: freesurfer-linux-ubuntu22_x86_64-7.3.2-20220804-6354275  User: oesteban  Machine: dna020  Platform: Linux  PlatformVersion: 5.14.0-427.37.1.el9_4.x86_64  CompilerName: GCC  CompilerVersion: 8.4.0
ProgramName: mri_fwhm  ProgramArguments: mri_fwhm -all-info  ProgramVersion: 7.3.2  TimeStamp: 2026/03/11-13:42:59-GMT  BuildTime: Aug  4 2022 06:17:15  BuildStamp: freesurfer-linux-ubuntu22_x86_64-7.3.2-20220804-6354275  User: oesteban  Machine: dna020  Platform: Linux  PlatformVersion: 5.14.0-427.37.1.el9_4.x86_64  CompilerName: GCC  CompilerVersion: 8.4.0
ProgramName: mri_gcut  ProgramArguments: mri_gcut -all-info  ProgramVersion: 7.3.2  TimeStamp: 2026/03/11-13:42:59-GMT  BuildTime: Aug  4 2022 06:17:15  BuildStamp: freesurfer-linux-ubuntu22_x86_64-7.3.2-20220804-6354275  User: oesteban  Machine: dna020  Platform: Linux  PlatformVersion: 5.14.0-427.37.1.el9_4.x86_64  CompilerName: GCC  CompilerVersion: 8.4.0
ProgramName: mri_info  ProgramArguments: mri_info -all-info  ProgramVersion: 7.3.2  TimeStamp: 2026/03/11-13:42:59-GMT  BuildTime: Aug  4 2022 06:17:15  BuildStamp: freesurfer-linux-ubuntu22_x86_64-7.3.2-20220804-6354275  User: oesteban  Machine: dna020  Platform: Linux  PlatformVersion: 5.14.0-427.37.1.el9_4.x86_64  CompilerName: GCC  CompilerVersion: 8.4.0
ProgramName: mri_label2label  ProgramArguments: mri_label2label -all-info  ProgramVersion: 7.3.2  TimeStamp: 2026/03/11-13:42:59-GMT  BuildTime: Aug  4 2022 06:17:15  BuildStamp: freesurfer-linux-ubuntu22_x86_64-7.3.2-20220804-6354275  User: oesteban  Machine: dna020  Platform: Linux  PlatformVersion: 5.14.0-427.37.1.el9_4.x86_64  CompilerName: GCC  CompilerVersion: 8.4.0
ProgramName: mri_label2vol  ProgramArguments: mri_label2vol -all-info  ProgramVersion: 7.3.2  TimeStamp: 2026/03/11-13:42:59-GMT  BuildTime: Aug  4 2022 06:17:15  BuildStamp: freesurfer-linux-ubuntu22_x86_64-7.3.2-20220804-6354275  User: oesteban  Machine: dna020  Platform: Linux  PlatformVersion: 5.14.0-427.37.1.el9_4.x86_64  CompilerName: GCC  CompilerVersion: 8.4.0
ProgramName: mri_log_likelihood  ProgramArguments: mri_log_likelihood -all-info  ProgramVersion: 7.3.2  TimeStamp: 2026/03/11-13:42:59-GMT  BuildTime: Aug  4 2022 06:17:15  BuildStamp: freesurfer-linux-ubuntu22_x86_64-7.3.2-20220804-6354275  User: oesteban  Machine: dna020  Platform: Linux  PlatformVersion: 5.14.0-427.37.1.el9_4.x86_64  CompilerName: GCC  CompilerVersion: 8.4.0
ProgramName: mri_mask  ProgramArguments: mri_mask -all-info  ProgramVersion: 7.3.2  TimeStamp: 2026/03/11-13:42:59-GMT  BuildTime: Aug  4 2022 06:17:15  BuildStamp: freesurfer-linux-ubuntu22_x86_64-7.3.2-20220804-6354275  User: oesteban  Machine: dna020  Platform: Linux  PlatformVersion: 5.14.0-427.37.1.el9_4.x86_64  CompilerName: GCC  CompilerVersion: 8.4.0
ProgramName: mri_matrix_multiply  ProgramArguments: mri_matrix_multiply -all-info  ProgramVersion: 7.3.2  TimeStamp: 2026/03/11-13:42:59-GMT  BuildTime: Aug  4 2022 06:17:15  BuildStamp: freesurfer-linux-ubuntu22_x86_64-7.3.2-20220804-6354275  User: oesteban  Machine: dna020  Platform: Linux  PlatformVersion: 5.14.0-427.37.1.el9_4.x86_64  CompilerName: GCC  CompilerVersion: 8.4.0
ProgramName: mri_normalize  ProgramArguments: mri_normalize -all-info  ProgramVersion: 7.3.2  TimeStamp: 2026/03/11-13:42:59-GMT  BuildTime: Aug  4 2022 06:17:15  BuildStamp: freesurfer-linux-ubuntu22_x86_64-7.3.2-20220804-6354275  User: oesteban  Machine: dna020  Platform: Linux  PlatformVersion: 5.14.0-427.37.1.el9_4.x86_64  CompilerName: GCC  CompilerVersion: 8.4.0
ProgramName: mri_normalize_tp2  ProgramArguments: mri_normalize_tp2 -all-info  ProgramVersion: 7.3.2  TimeStamp: 2026/03/11-13:42:59-GMT  BuildTime: Aug  4 2022 06:17:15  BuildStamp: freesurfer-linux-ubuntu22_x86_64-7.3.2-20220804-6354275  User: oesteban  Machine: dna020  Platform: Linux  PlatformVersion: 5.14.0-427.37.1.el9_4.x86_64  CompilerName: GCC  CompilerVersion: 8.4.0
ProgramName: mri_or  ProgramArguments: mri_or -all-info  ProgramVersion: 7.3.2  TimeStamp: 2026/03/11-13:42:59-GMT  BuildTime: Aug  4 2022 06:17:15  BuildStamp: freesurfer-linux-ubuntu22_x86_64-7.3.2-20220804-6354275  User: oesteban  Machine: dna020  Platform: Linux  PlatformVersion: 5.14.0-427.37.1.el9_4.x86_64  CompilerName: GCC  CompilerVersion: 8.4.0
ProgramName: mri_relabel_hypointensities  ProgramArguments: mri_relabel_hypointensities -all-info  ProgramVersion: 7.3.2  TimeStamp: 2026/03/11-13:42:59-GMT  BuildTime: Aug  4 2022 06:17:15  BuildStamp: freesurfer-linux-ubuntu22_x86_64-7.3.2-20220804-6354275  User: oesteban  Machine: dna020  Platform: Linux  PlatformVersion: 5.14.0-427.37.1.el9_4.x86_64  CompilerName: GCC  CompilerVersion: 8.4.0
ProgramName: mri_relabel_nonwm_hypos  ProgramArguments: mri_relabel_nonwm_hypos -all-info  ProgramVersion: 7.3.2  TimeStamp: 2026/03/11-13:42:59-GMT  BuildTime: Aug  4 2022 06:17:15  BuildStamp: freesurfer-linux-ubuntu22_x86_64-7.3.2-20220804-6354275  User: oesteban  Machine: dna020  Platform: Linux  PlatformVersion: 5.14.0-427.37.1.el9_4.x86_64  CompilerName: GCC  CompilerVersion: 8.4.0
ProgramName: mri_remove_neck  ProgramArguments: mri_remove_neck -all-info  ProgramVersion: 7.3.2  TimeStamp: 2026/03/11-13:42:59-GMT  BuildTime: Aug  4 2022 06:17:15  BuildStamp: freesurfer-linux-ubuntu22_x86_64-7.3.2-20220804-6354275  User: oesteban  Machine: dna020  Platform: Linux  PlatformVersion: 5.14.0-427.37.1.el9_4.x86_64  CompilerName: GCC  CompilerVersion: 8.4.0
7.3.2

ProgramName: mri_robust_register  ProgramArguments: mri_robust_register -all-info  ProgramVersion: 7.3.2  TimeStamp: 2026/03/11-13:42:59-GMT  BuildTime: Aug  4 2022 06:17:15  BuildStamp: freesurfer-linux-ubuntu22_x86_64-7.3.2-20220804-6354275  User: oesteban  Machine: dna020  Platform: Linux  PlatformVersion: 5.14.0-427.37.1.el9_4.x86_64  CompilerName: GCC  CompilerVersion: 8.4.0
7.3.2

ProgramName: mri_robust_template  ProgramArguments: mri_robust_template -all-info  ProgramVersion: 7.3.2  TimeStamp: 2026/03/11-13:42:59-GMT  BuildTime: Aug  4 2022 06:17:15  BuildStamp: freesurfer-linux-ubuntu22_x86_64-7.3.2-20220804-6354275  User: oesteban  Machine: dna020  Platform: Linux  PlatformVersion: 5.14.0-427.37.1.el9_4.x86_64  CompilerName: GCC  CompilerVersion: 8.4.0
ProgramName: mris_anatomical_stats  ProgramArguments: mris_anatomical_stats -all-info  ProgramVersion: 7.3.2  TimeStamp: 2026/03/11-13:42:59-GMT  BuildTime: Aug  4 2022 06:17:15  BuildStamp: freesurfer-linux-ubuntu22_x86_64-7.3.2-20220804-6354275  User: oesteban  Machine: dna020  Platform: Linux  PlatformVersion: 5.14.0-427.37.1.el9_4.x86_64  CompilerName: GCC  CompilerVersion: 8.4.0
ProgramName: mris_ca_label  ProgramArguments: mris_ca_label -all-info  ProgramVersion: 7.3.2  TimeStamp: 2026/03/11-13:42:59-GMT  BuildTime: Aug  4 2022 06:17:15  BuildStamp: freesurfer-linux-ubuntu22_x86_64-7.3.2-20220804-6354275  User: oesteban  Machine: dna020  Platform: Linux  PlatformVersion: 5.14.0-427.37.1.el9_4.x86_64  CompilerName: GCC  CompilerVersion: 8.4.0
ProgramName: mris_calc  ProgramArguments: mris_calc -all-info  ProgramVersion: 7.3.2  TimeStamp: 2026/03/11-13:42:59-GMT  BuildTime: Aug  4 2022 06:17:15  BuildStamp: freesurfer-linux-ubuntu22_x86_64-7.3.2-20220804-6354275  User: oesteban  Machine: dna020  Platform: Linux  PlatformVersion: 5.14.0-427.37.1.el9_4.x86_64  CompilerName: GCC  CompilerVersion: 8.4.0
ProgramName: mris_convert  ProgramArguments: mris_convert -all-info  ProgramVersion: 7.3.2  TimeStamp: 2026/03/11-13:42:59-GMT  BuildTime: Aug  4 2022 06:17:15  BuildStamp: freesurfer-linux-ubuntu22_x86_64-7.3.2-20220804-6354275  User: oesteban  Machine: dna020  Platform: Linux  PlatformVersion: 5.14.0-427.37.1.el9_4.x86_64  CompilerName: GCC  CompilerVersion: 8.4.0
ProgramName: mris_curvature  ProgramArguments: mris_curvature -all-info  ProgramVersion: 7.3.2  TimeStamp: 2026/03/11-13:42:59-GMT  BuildTime: Aug  4 2022 06:17:15  BuildStamp: freesurfer-linux-ubuntu22_x86_64-7.3.2-20220804-6354275  User: oesteban  Machine: dna020  Platform: Linux  PlatformVersion: 5.14.0-427.37.1.el9_4.x86_64  CompilerName: GCC  CompilerVersion: 8.4.0
ProgramName: mris_curvature_stats  ProgramArguments: mris_curvature_stats -all-info  ProgramVersion: 7.3.2  TimeStamp: 2026/03/11-13:42:59-GMT  BuildTime: Aug  4 2022 06:17:15  BuildStamp: freesurfer-linux-ubuntu22_x86_64-7.3.2-20220804-6354275  User: oesteban  Machine: dna020  Platform: Linux  PlatformVersion: 5.14.0-427.37.1.el9_4.x86_64  CompilerName: GCC  CompilerVersion: 8.4.0
ProgramName: mris_diff  ProgramArguments: mris_diff -all-info  ProgramVersion: 7.3.2  TimeStamp: 2026/03/11-13:42:59-GMT  BuildTime: Aug  4 2022 06:17:15  BuildStamp: freesurfer-linux-ubuntu22_x86_64-7.3.2-20220804-6354275  User: oesteban  Machine: dna020  Platform: Linux  PlatformVersion: 5.14.0-427.37.1.el9_4.x86_64  CompilerName: GCC  CompilerVersion: 8.4.0
ProgramName: mris_divide_parcellation  ProgramArguments: mris_divide_parcellation -all-info  ProgramVersion: 7.3.2  TimeStamp: 2026/03/11-13:42:59-GMT  BuildTime: Aug  4 2022 06:17:15  BuildStamp: freesurfer-linux-ubuntu22_x86_64-7.3.2-20220804-6354275  User: oesteban  Machine: dna020  Platform: Linux  PlatformVersion: 5.14.0-427.37.1.el9_4.x86_64  CompilerName: GCC  CompilerVersion: 8.4.0
ProgramName: mri_segment  ProgramArguments: mri_segment -all-info  ProgramVersion: 7.3.2  TimeStamp: 2026/03/11-13:42:59-GMT  BuildTime: Aug  4 2022 06:17:15  BuildStamp: freesurfer-linux-ubuntu22_x86_64-7.3.2-20220804-6354275  User: oesteban  Machine: dna020  Platform: Linux  PlatformVersion: 5.14.0-427.37.1.el9_4.x86_64  CompilerName: GCC  CompilerVersion: 8.4.0
ProgramName: mri_segstats  ProgramArguments: mri_segstats -all-info  ProgramVersion: 7.3.2  TimeStamp: 2026/03/11-13:42:59-GMT  BuildTime: Aug  4 2022 06:17:15  BuildStamp: freesurfer-linux-ubuntu22_x86_64-7.3.2-20220804-6354275  User: oesteban  Machine: dna020  Platform: Linux  PlatformVersion: 5.14.0-427.37.1.el9_4.x86_64  CompilerName: GCC  CompilerVersion: 8.4.0
ProgramName: mris_euler_number  ProgramArguments: mris_euler_number -all-info  ProgramVersion: 7.3.2  TimeStamp: 2026/03/11-13:42:59-GMT  BuildTime: Aug  4 2022 06:17:15  BuildStamp: freesurfer-linux-ubuntu22_x86_64-7.3.2-20220804-6354275  User: oesteban  Machine: dna020  Platform: Linux  PlatformVersion: 5.14.0-427.37.1.el9_4.x86_64  CompilerName: GCC  CompilerVersion: 8.4.0
ProgramName: mris_fix_topology  ProgramArguments: mris_fix_topology -all-info  ProgramVersion: 7.3.2  TimeStamp: 2026/03/11-13:42:59-GMT  BuildTime: Aug  4 2022 06:17:15  BuildStamp: freesurfer-linux-ubuntu22_x86_64-7.3.2-20220804-6354275  User: oesteban  Machine: dna020  Platform: Linux  PlatformVersion: 5.14.0-427.37.1.el9_4.x86_64  CompilerName: GCC  CompilerVersion: 8.4.0
ProgramName: mris_topo_fixer  ProgramArguments: mris_topo_fixer -all-info  ProgramVersion: 7.3.2  TimeStamp: 2026/03/11-13:42:59-GMT  BuildTime: Aug  4 2022 06:17:15  BuildStamp: freesurfer-linux-ubuntu22_x86_64-7.3.2-20220804-6354275  User: oesteban  Machine: dna020  Platform: Linux  PlatformVersion: 5.14.0-427.37.1.el9_4.x86_64  CompilerName: GCC  CompilerVersion: 8.4.0
ProgramName: mris_jacobian  ProgramArguments: mris_jacobian -all-info  ProgramVersion: 7.3.2  TimeStamp: 2026/03/11-13:42:59-GMT  BuildTime: Aug  4 2022 06:17:15  BuildStamp: freesurfer-linux-ubuntu22_x86_64-7.3.2-20220804-6354275  User: oesteban  Machine: dna020  Platform: Linux  PlatformVersion: 5.14.0-427.37.1.el9_4.x86_64  CompilerName: GCC  CompilerVersion: 8.4.0
ProgramName: mris_label2annot  ProgramArguments: mris_label2annot -all-info  ProgramVersion: 7.3.2  TimeStamp: 2026/03/11-13:42:59-GMT  BuildTime: Aug  4 2022 06:17:15  BuildStamp: freesurfer-linux-ubuntu22_x86_64-7.3.2-20220804-6354275  User: oesteban  Machine: dna020  Platform: Linux  PlatformVersion: 5.14.0-427.37.1.el9_4.x86_64  CompilerName: GCC  CompilerVersion: 8.4.0
ProgramName: mris_left_right_register  ProgramArguments: mris_left_right_register -all-info  ProgramVersion: 7.3.2  TimeStamp: 2026/03/11-13:42:59-GMT  BuildTime: Aug  4 2022 06:17:15  BuildStamp: freesurfer-linux-ubuntu22_x86_64-7.3.2-20220804-6354275  User: oesteban  Machine: dna020  Platform: Linux  PlatformVersion: 5.14.0-427.37.1.el9_4.x86_64  CompilerName: GCC  CompilerVersion: 8.4.0
ProgramName: mris_place_surface  ProgramArguments: mris_place_surface -all-info  ProgramVersion: 7.3.2  TimeStamp: 2026/03/11-13:42:59-GMT  BuildTime: Aug  4 2022 06:17:15  BuildStamp: freesurfer-linux-ubuntu22_x86_64-7.3.2-20220804-6354275  User: oesteban  Machine: dna020  Platform: Linux  PlatformVersion: 5.14.0-427.37.1.el9_4.x86_64  CompilerName: GCC  CompilerVersion: 8.4.0
ProgramName: mrisp_paint  ProgramArguments: mrisp_paint -all-info  ProgramVersion: 7.3.2  TimeStamp: 2026/03/11-13:42:59-GMT  BuildTime: Aug  4 2022 06:17:15  BuildStamp: freesurfer-linux-ubuntu22_x86_64-7.3.2-20220804-6354275  User: oesteban  Machine: dna020  Platform: Linux  PlatformVersion: 5.14.0-427.37.1.el9_4.x86_64  CompilerName: GCC  CompilerVersion: 8.4.0
ProgramName: mris_register  ProgramArguments: mris_register -all-info  ProgramVersion: 7.3.2  TimeStamp: 2026/03/11-13:42:59-GMT  BuildTime: Aug  4 2022 06:17:15  BuildStamp: freesurfer-linux-ubuntu22_x86_64-7.3.2-20220804-6354275  User: oesteban  Machine: dna020  Platform: Linux  PlatformVersion: 5.14.0-427.37.1.el9_4.x86_64  CompilerName: GCC  CompilerVersion: 8.4.0
ProgramName: mris_smooth  ProgramArguments: mris_smooth -all-info  ProgramVersion: 7.3.2  TimeStamp: 2026/03/11-13:42:59-GMT  BuildTime: Aug  4 2022 06:17:15  BuildStamp: freesurfer-linux-ubuntu22_x86_64-7.3.2-20220804-6354275  User: oesteban  Machine: dna020  Platform: Linux  PlatformVersion: 5.14.0-427.37.1.el9_4.x86_64  CompilerName: GCC  CompilerVersion: 8.4.0
ProgramName: mris_sphere  ProgramArguments: mris_sphere -all-info  ProgramVersion: 7.3.2  TimeStamp: 2026/03/11-13:42:59-GMT  BuildTime: Aug  4 2022 06:17:15  BuildStamp: freesurfer-linux-ubuntu22_x86_64-7.3.2-20220804-6354275  User: oesteban  Machine: dna020  Platform: Linux  PlatformVersion: 5.14.0-427.37.1.el9_4.x86_64  CompilerName: GCC  CompilerVersion: 8.4.0
ProgramName: mris_surface_stats  ProgramArguments: mris_surface_stats -all-info  ProgramVersion: 7.3.2  TimeStamp: 2026/03/11-13:42:59-GMT  BuildTime: Aug  4 2022 06:17:15  BuildStamp: freesurfer-linux-ubuntu22_x86_64-7.3.2-20220804-6354275  User: oesteban  Machine: dna020  Platform: Linux  PlatformVersion: 5.14.0-427.37.1.el9_4.x86_64  CompilerName: GCC  CompilerVersion: 8.4.0
ProgramName: mri_stats2seg  ProgramArguments: mri_stats2seg -all-info  ProgramVersion: 7.3.2  TimeStamp: 2026/03/11-13:42:59-GMT  BuildTime: Aug  4 2022 06:17:15  BuildStamp: freesurfer-linux-ubuntu22_x86_64-7.3.2-20220804-6354275  User: oesteban  Machine: dna020  Platform: Linux  PlatformVersion: 5.14.0-427.37.1.el9_4.x86_64  CompilerName: GCC  CompilerVersion: 8.4.0
ProgramName: mris_thickness  ProgramArguments: mris_thickness -all-info  ProgramVersion: 7.3.2  TimeStamp: 2026/03/11-13:42:59-GMT  BuildTime: Aug  4 2022 06:17:15  BuildStamp: freesurfer-linux-ubuntu22_x86_64-7.3.2-20220804-6354275  User: oesteban  Machine: dna020  Platform: Linux  PlatformVersion: 5.14.0-427.37.1.el9_4.x86_64  CompilerName: GCC  CompilerVersion: 8.4.0
ProgramName: mris_thickness_diff  ProgramArguments: mris_thickness_diff -all-info  ProgramVersion: 7.3.2  TimeStamp: 2026/03/11-13:42:59-GMT  BuildTime: Aug  4 2022 06:17:15  BuildStamp: freesurfer-linux-ubuntu22_x86_64-7.3.2-20220804-6354275  User: oesteban  Machine: dna020  Platform: Linux  PlatformVersion: 5.14.0-427.37.1.el9_4.x86_64  CompilerName: GCC  CompilerVersion: 8.4.0
ProgramName: mris_topo_fixer  ProgramArguments: mris_topo_fixer -all-info  ProgramVersion: 7.3.2  TimeStamp: 2026/03/11-13:42:59-GMT  BuildTime: Aug  4 2022 06:17:15  BuildStamp: freesurfer-linux-ubuntu22_x86_64-7.3.2-20220804-6354275  User: oesteban  Machine: dna020  Platform: Linux  PlatformVersion: 5.14.0-427.37.1.el9_4.x86_64  CompilerName: GCC  CompilerVersion: 8.4.0
ProgramName: mri_surf2surf  ProgramArguments: mri_surf2surf -all-info  ProgramVersion: 7.3.2  TimeStamp: 2026/03/11-13:42:59-GMT  BuildTime: Aug  4 2022 06:17:15  BuildStamp: freesurfer-linux-ubuntu22_x86_64-7.3.2-20220804-6354275  User: oesteban  Machine: dna020  Platform: Linux  PlatformVersion: 5.14.0-427.37.1.el9_4.x86_64  CompilerName: GCC  CompilerVersion: 8.4.0
ProgramName: mri_surf2vol  ProgramArguments: mri_surf2vol -all-info  ProgramVersion: 7.3.2  TimeStamp: 2026/03/11-13:42:59-GMT  BuildTime: Aug  4 2022 06:17:15  BuildStamp: freesurfer-linux-ubuntu22_x86_64-7.3.2-20220804-6354275  User: oesteban  Machine: dna020  Platform: Linux  PlatformVersion: 5.14.0-427.37.1.el9_4.x86_64  CompilerName: GCC  CompilerVersion: 8.4.0
ProgramName: mri_surfcluster  ProgramArguments: mri_surfcluster -all-info  ProgramVersion: 7.3.2  TimeStamp: 2026/03/11-13:42:59-GMT  BuildTime: Aug  4 2022 06:17:15  BuildStamp: freesurfer-linux-ubuntu22_x86_64-7.3.2-20220804-6354275  User: oesteban  Machine: dna020  Platform: Linux  PlatformVersion: 5.14.0-427.37.1.el9_4.x86_64  CompilerName: GCC  CompilerVersion: 8.4.0
ProgramName: mris_volmask  ProgramArguments: mris_volmask -all-info  ProgramVersion: 7.3.2  TimeStamp: 2026/03/11-13:42:59-GMT  BuildTime: Aug  4 2022 06:17:15  BuildStamp: freesurfer-linux-ubuntu22_x86_64-7.3.2-20220804-6354275  User: oesteban  Machine: dna020  Platform: Linux  PlatformVersion: 5.14.0-427.37.1.el9_4.x86_64  CompilerName: GCC  CompilerVersion: 8.4.0
ProgramName: mri_tessellate  ProgramArguments: mri_tessellate -all-info  ProgramVersion: 7.3.2  TimeStamp: 2026/03/11-13:42:59-GMT  BuildTime: Aug  4 2022 06:17:15  BuildStamp: freesurfer-linux-ubuntu22_x86_64-7.3.2-20220804-6354275  User: oesteban  Machine: dna020  Platform: Linux  PlatformVersion: 5.14.0-427.37.1.el9_4.x86_64  CompilerName: GCC  CompilerVersion: 8.4.0
ProgramName: mri_vol2surf  ProgramArguments: mri_vol2surf -all-info  ProgramVersion: 7.3.2  TimeStamp: 2026/03/11-13:42:59-GMT  BuildTime: Aug  4 2022 06:17:15  BuildStamp: freesurfer-linux-ubuntu22_x86_64-7.3.2-20220804-6354275  User: oesteban  Machine: dna020  Platform: Linux  PlatformVersion: 5.14.0-427.37.1.el9_4.x86_64  CompilerName: GCC  CompilerVersion: 8.4.0
ProgramName: mri_vol2vol  ProgramArguments: mri_vol2vol -all-info  ProgramVersion: 7.3.2  TimeStamp: 2026/03/11-13:42:59-GMT  BuildTime: Aug  4 2022 06:17:15  BuildStamp: freesurfer-linux-ubuntu22_x86_64-7.3.2-20220804-6354275  User: oesteban  Machine: dna020  Platform: Linux  PlatformVersion: 5.14.0-427.37.1.el9_4.x86_64  CompilerName: GCC  CompilerVersion: 8.4.0
ProgramName: mri_voldiff  ProgramArguments: mri_voldiff -all-info  ProgramVersion: 7.3.2  TimeStamp: 2026/03/11-13:42:59-GMT  BuildTime: Aug  4 2022 06:17:15  BuildStamp: freesurfer-linux-ubuntu22_x86_64-7.3.2-20220804-6354275  User: oesteban  Machine: dna020  Platform: Linux  PlatformVersion: 5.14.0-427.37.1.el9_4.x86_64  CompilerName: GCC  CompilerVersion: 8.4.0
ProgramName: mri_watershed  ProgramArguments: mri_watershed -all-info  ProgramVersion: 7.3.2  TimeStamp: 2026/03/11-13:42:59-GMT  BuildTime: Aug  4 2022 06:17:15  BuildStamp: freesurfer-linux-ubuntu22_x86_64-7.3.2-20220804-6354275  User: oesteban  Machine: dna020  Platform: Linux  PlatformVersion: 5.14.0-427.37.1.el9_4.x86_64  CompilerName: GCC  CompilerVersion: 8.4.0
ProgramName: tkregister2  ProgramArguments: tkregister2_cmdl -all-info  ProgramVersion: 7.3.2  TimeStamp: 2026/03/11-13:42:59-GMT  BuildTime: Aug  4 2022 06:17:15  BuildStamp: freesurfer-linux-ubuntu22_x86_64-7.3.2-20220804-6354275  User: oesteban  Machine: dna020  Platform: Linux  PlatformVersion: 5.14.0-427.37.1.el9_4.x86_64  CompilerName: GCC  CompilerVersion: 8.4.0
mri_motion_correct.fsl 7.3.2
mri_convert -all-info 
ProgramName: mri_convert  ProgramArguments: mri_convert -all-info  ProgramVersion: 7.3.2  TimeStamp: 2026/03/11-13:42:59-GMT  BuildTime: Aug  4 2022 06:17:15  BuildStamp: freesurfer-linux-ubuntu22_x86_64-7.3.2-20220804-6354275  User: oesteban  Machine: dna020  Platform: Linux  PlatformVersion: 5.14.0-427.37.1.el9_4.x86_64  CompilerName: GCC  CompilerVersion: 8.4.0
Program nu_correct, built from:
Package MNI N3, version 1.12.0, compiled by nicks@terrier (x86_64-unknown-linux-gnu) on 2015-06-19 at 01:25:34
#######################################
GCADIR /opt/freesurfer/average
GCA RB_all_2020-01-02.gca
GCASkull RB_all_withskull_2020_01_02.gca
AvgCurvTif folding.atlas.acfb40.noaparc.i12.2016-08-02.tif
GCSDIR /opt/freesurfer/average
GCS DKaparc.atlas.acfb40.noaparc.i12.2016-08-02.gcs
#######################################
#-------------------------------------
#@# EM Registration Wed Mar 11 14:42:59 CET 2026
/out/sourcedata/freesurfer/sub-v2s18x29518_ses-1/mri

 mri_em_register -uns 3 -mask brainmask.mgz nu.mgz /opt/freesurfer/average/RB_all_2020-01-02.gca transforms/talairach.lta 

setting unknown_nbr_spacing = 3
using MR volume brainmask.mgz to mask input volume...

== Number of threads available to mri_em_register for OpenMP = 16 == 
reading 1 input volumes...
logging results to talairach.log
reading '/opt/freesurfer/average/RB_all_2020-01-02.gca'...
GCAread took 0 minutes and 1 seconds.
average std = 7.2   using min determinant for regularization = 5.2
0 singular and 884 ill-conditioned covariance matrices regularized
reading 'nu.mgz'...
MRImask(): AllowDiffGeom = 1
MRImask(): AllowDiffGeom = 1
MRImask(): AllowDiffGeom = 1
MRImask(): AllowDiffGeom = 1
MRImask(): AllowDiffGeom = 1
freeing gibbs priors...done.
accounting for voxel sizes in initial transform
bounding unknown intensity as < 5.9 or > 519.0 
total sample mean = 79.1 (1017 zeros)
************************************************
spacing=8, using 2841 sample points, tol=1.00e-05...
************************************************
register_mri: find_optimal_transform
find_optimal_transform: nsamples 2841, passno 0, spacing 8
resetting wm mean[0]: 98 --> 107
resetting gm mean[0]: 61 --> 61
input volume #1 is the most T1-like
using real data threshold=26.9
skull bounding box = (62, 41, 36) --> (197, 171, 193)
finding center of left hemi white matter
using (107, 84, 115) as brain centroid of Right_Cerebral_White_Matter...
MRImask(): AllowDiffGeom = 1
mean wm in atlas = 107, using box (90,68,96) --> (123, 99,134) to find MRI wm
before smoothing, mri peak at 109
robust fit to distribution - 108 +- 4.2
after smoothing, mri peak at 109, scaling input intensities by 0.982
scaling channel 0 by 0.981651
initial log_p = -4.275
************************************************
First Search limited to translation only.
************************************************
max log p =    -3.920717 @ (-10.526, 10.526, -10.526)
max log p =    -3.558465 @ (5.263, 5.263, 5.263)
max log p =    -3.558465 @ (0.000, 0.000, 0.000)
max log p =    -3.535469 @ (1.316, 3.947, 1.316)
max log p =    -3.521986 @ (-0.658, 0.658, -1.974)
max log p =    -3.521986 @ (0.000, 0.000, 0.000)
max log p =    -3.521986 @ (0.000, 0.000, 0.000)
max log p =    -3.521986 @ (0.000, 0.000, 0.000)
Found translation: (-4.6, 20.4, -5.9): log p = -3.522
****************************************
Nine parameter search.  iteration 0 nscales = 0 ...
****************************************
Result so far: scale 1.000: max_log_p=-3.132, old_max_log_p =-3.522 (thresh=-3.5)
 1.00000   0.00000   0.00000  -4.60527;
 0.00000   1.19413   0.31997  -34.42898;
 0.00000  -0.25882   0.96593   30.96887;
 0.00000   0.00000   0.00000   1.00000;
iteration took 0 minutes and 13 seconds.
****************************************
Nine parameter search.  iteration 1 nscales = 0 ...
****************************************
Result so far: scale 1.000: max_log_p=-3.132, old_max_log_p =-3.132 (thresh=-3.1)
 1.00000   0.00000   0.00000  -4.60527;
 0.00000   1.19413   0.31997  -34.42898;
 0.00000  -0.25882   0.96593   30.96887;
 0.00000   0.00000   0.00000   1.00000;
reducing scale to 0.2500
iteration took 0 minutes and 13 seconds.
****************************************
Nine parameter search.  iteration 2 nscales = 1 ...
****************************************
Result so far: scale 0.250: max_log_p=-3.000, old_max_log_p =-3.132 (thresh=-3.1)
 1.03472   0.08945  -0.00990  -17.15746;
-0.06295   1.14689   0.30731  -21.95056;
 0.03451  -0.26083   0.98423   22.85615;
 0.00000   0.00000   0.00000   1.00000;
iteration took 0 minutes and 13 seconds.
****************************************
Nine parameter search.  iteration 3 nscales = 1 ...
****************************************
Result so far: scale 0.250: max_log_p=-3.000, old_max_log_p =-3.000 (thresh=-3.0)
 1.03472   0.08945  -0.00990  -17.15746;
-0.06295   1.14689   0.30731  -21.95056;
 0.03451  -0.26083   0.98423   22.85615;
 0.00000   0.00000   0.00000   1.00000;
reducing scale to 0.0625
iteration took 0 minutes and 13 seconds.
****************************************
Nine parameter search.  iteration 4 nscales = 2 ...
****************************************
Result so far: scale 0.062: max_log_p=-2.959, old_max_log_p =-3.000 (thresh=-3.0)
 1.03804   0.09737   0.00043  -19.02127;
-0.07247   1.15269   0.27462  -17.34884;
 0.02390  -0.22363   0.99264   19.58162;
 0.00000   0.00000   0.00000   1.00000;
iteration took 0 minutes and 12 seconds.
****************************************
Nine parameter search.  iteration 5 nscales = 2 ...
****************************************
Result so far: scale 0.062: max_log_p=-2.952, old_max_log_p =-2.959 (thresh=-3.0)
 1.03804   0.09737   0.00043  -19.02127;
-0.07255   1.15404   0.27494  -17.50896;
 0.02395  -0.22415   0.99497   19.38043;
 0.00000   0.00000   0.00000   1.00000;
iteration took 0 minutes and 12 seconds.
****************************************
Nine parameter search.  iteration 6 nscales = 2 ...
****************************************
Result so far: scale 0.062: max_log_p=-2.950, old_max_log_p =-2.952 (thresh=-2.9)
 1.03804   0.09737   0.00043  -19.02127;
-0.07272   1.15675   0.27559  -17.82958;
 0.02395  -0.22415   0.99497   19.38043;
 0.00000   0.00000   0.00000   1.00000;
min search scale 0.025000 reached
***********************************************
Computing MAP estimate using 2841 samples...
***********************************************
dt = 5.00e-06, momentum=0.80, tol=1.00e-05
l_intensity = 1.0000
Aligning input volume to GCA...
Transform matrix
 1.03804   0.09737   0.00043  -19.02127;
-0.07272   1.15675   0.27559  -17.82958;
 0.02395  -0.22415   0.99497   19.38043;
 0.00000   0.00000   0.00000   1.00000;
nsamples 2841
Quasinewton: input matrix
 1.03804   0.09737   0.00043  -19.02127;
-0.07272   1.15675   0.27559  -17.82958;
 0.02395  -0.22415   0.99497   19.38043;
 0.00000   0.00000   0.00000   1.00000;
 IFLAG= -1  LINE SEARCH FAILED. SEE DOCUMENTATION OF ROUTINE MCSRCH ERROR RETURN OF LINE SEARCH: INFO= 4 POSSIBLE CAUSES: FUNCTION OR GRADIENT ARE INCORRECT OR INCORRECT TOLERANCESoutof QuasiNewtonEMA: 009: -log(p) =   -0.0  tol 0.000010
Resulting transform:
 1.03804   0.09737   0.00043  -19.02127;
-0.07272   1.15675   0.27559  -17.82958;
 0.02395  -0.22415   0.99497   19.38043;
 0.00000   0.00000   0.00000   1.00000;

pass 1, spacing 8: log(p) = -2.950 (old=-4.275)
transform before final EM align:
 1.03804   0.09737   0.00043  -19.02127;
-0.07272   1.15675   0.27559  -17.82958;
 0.02395  -0.22415   0.99497   19.38043;
 0.00000   0.00000   0.00000   1.00000;

**************************************************
 EM alignment process ...
 Computing final MAP estimate using 315638 samples. 
**************************************************
dt = 5.00e-06, momentum=0.80, tol=1.00e-07
l_intensity = 1.0000
Aligning input volume to GCA...
Transform matrix
 1.03804   0.09737   0.00043  -19.02127;
-0.07272   1.15675   0.27559  -17.82958;
 0.02395  -0.22415   0.99497   19.38043;
 0.00000   0.00000   0.00000   1.00000;
nsamples 315638
Quasinewton: input matrix
 1.03804   0.09737   0.00043  -19.02127;
-0.07272   1.15675   0.27559  -17.82958;
 0.02395  -0.22415   0.99497   19.38043;
 0.00000   0.00000   0.00000   1.00000;
 IFLAG= -1  LINE SEARCH FAILED. SEE DOCUMENTATION OF ROUTINE MCSRCH ERROR RETURN OF LINE SEARCH: INFO= 6 POSSIBLE CAUSES: FUNCTION OR GRADIENT ARE INCORRECT OR INCORRECT TOLERANCESoutof QuasiNewtonEMA: 011: -log(p) =    3.6  tol 0.000000
final transform:
 1.03804   0.09737   0.00043  -19.02127;
-0.07272   1.15675   0.27559  -17.82958;
 0.02395  -0.22415   0.99497   19.38043;
 0.00000   0.00000   0.00000   1.00000;

writing output transformation to transforms/talairach.lta...
#VMPC# mri_em_register VmPeak  891280
FSRUNTIME@ mri_em_register  0.0339 hours 16 threads
registration took 2 minutes and 2 seconds.

Started at Wed Mar 11 14:42:59 CET 2026 
Ended   at Wed Mar 11 14:45:01 CET 2026
#@#%# recon-all-run-time-hours 0.034
recon-all -s sub-v2s18x29518_ses-1 finished without error at Wed Mar 11 14:45:01 CET 2026



#New# invocation of recon-all 




Wed Mar 11 14:45:03 CET 2026
cd /out/sourcedata/freesurfer/sub-v2s18x29518_ses-1
setenv SUBJECTS_DIR /out/sourcedata/freesurfer
/opt/freesurfer/bin/recon-all -autorecon2-volonly -openmp 16 -subjid sub-v2s18x29518_ses-1 -sd /out/sourcedata/freesurfer -nogcareg

subjid sub-v2s18x29518_ses-1
setenv SUBJECTS_DIR /out/sourcedata/freesurfer
FREESURFER_HOME /opt/freesurfer
Actual FREESURFER_HOME /opt/freesurfer
build-stamp.txt: freesurfer-linux-ubuntu22_x86_64-7.3.2-20220804-6354275
Linux dna020 5.14.0-427.37.1.el9_4.x86_64 #1 SMP PREEMPT_DYNAMIC Fri Sep 13 12:41:50 EDT 2024 x86_64 x86_64 x86_64 GNU/Linux
cputime      unlimited
filesize     unlimited
datasize     unlimited
stacksize    8192 kbytes
coredumpsize 0 kbytes
memoryuse    67108864 kbytes
vmemoryuse   unlimited
descriptors  1024 
memorylocked unlimited
maxproc      2061970 
maxlocks     unlimited
maxsignal    2061970 
maxmessage   819200 
maxnice      0 
maxrtprio    0 
maxrttime    unlimited

               total        used        free      shared  buff/cache   available
Mem:           503Gi        52Gi       312Gi        34Gi       138Gi       413Gi
Swap:             0B          0B          0B

########################################
program versions used
7.3.2 (freesurfer-linux-ubuntu22_x86_64-7.3.2-20220804-6354275)
7.3.2

ProgramName: lta_convert  ProgramArguments: lta_convert -all-info  ProgramVersion: 7.3.2  TimeStamp: 2026/03/11-13:45:03-GMT  BuildTime: Aug  4 2022 06:17:15  BuildStamp: freesurfer-linux-ubuntu22_x86_64-7.3.2-20220804-6354275  User: oesteban  Machine: dna020  Platform: Linux  PlatformVersion: 5.14.0-427.37.1.el9_4.x86_64  CompilerName: GCC  CompilerVersion: 8.4.0
ProgramName: mri_and  ProgramArguments: mri_and -all-info  ProgramVersion: 7.3.2  TimeStamp: 2026/03/11-13:45:03-GMT  BuildTime: Aug  4 2022 06:17:15  BuildStamp: freesurfer-linux-ubuntu22_x86_64-7.3.2-20220804-6354275  User: oesteban  Machine: dna020  Platform: Linux  PlatformVersion: 5.14.0-427.37.1.el9_4.x86_64  CompilerName: GCC  CompilerVersion: 8.4.0
ProgramName: mri_annotation2label  ProgramArguments: mri_annotation2label -all-info  ProgramVersion: 7.3.2  TimeStamp: 2026/03/11-13:45:03-GMT  BuildTime: Aug  4 2022 06:17:15  BuildStamp: freesurfer-linux-ubuntu22_x86_64-7.3.2-20220804-6354275  User: oesteban  Machine: dna020  Platform: Linux  PlatformVersion: 5.14.0-427.37.1.el9_4.x86_64  CompilerName: GCC  CompilerVersion: 8.4.0
ProgramName: mri_aparc2aseg  ProgramArguments: mri_aparc2aseg -all-info  ProgramVersion: 7.3.2  TimeStamp: 2026/03/11-13:45:03-GMT  BuildTime: Aug  4 2022 06:17:15  BuildStamp: freesurfer-linux-ubuntu22_x86_64-7.3.2-20220804-6354275  User: oesteban  Machine: dna020  Platform: Linux  PlatformVersion: 5.14.0-427.37.1.el9_4.x86_64  CompilerName: GCC  CompilerVersion: 8.4.0
ProgramName: mri_surf2volseg  ProgramArguments: mri_surf2volseg -all-info  ProgramVersion: 7.3.2  TimeStamp: 2026/03/11-13:45:03-GMT  BuildTime: Aug  4 2022 06:17:15  BuildStamp: freesurfer-linux-ubuntu22_x86_64-7.3.2-20220804-6354275  User: oesteban  Machine: dna020  Platform: Linux  PlatformVersion: 5.14.0-427.37.1.el9_4.x86_64  CompilerName: GCC  CompilerVersion: 8.4.0
ProgramName: mri_binarize  ProgramArguments: mri_binarize -all-info  ProgramVersion: 7.3.2  TimeStamp: 2026/03/11-13:45:03-GMT  BuildTime: Aug  4 2022 06:17:15  BuildStamp: freesurfer-linux-ubuntu22_x86_64-7.3.2-20220804-6354275  User: oesteban  Machine: dna020  Platform: Linux  PlatformVersion: 5.14.0-427.37.1.el9_4.x86_64  CompilerName: GCC  CompilerVersion: 8.4.0
ProgramName: mri_ca_label  ProgramArguments: mri_ca_label -all-info  ProgramVersion: 7.3.2  TimeStamp: 2026/03/11-13:45:03-GMT  BuildTime: Aug  4 2022 06:17:15  BuildStamp: freesurfer-linux-ubuntu22_x86_64-7.3.2-20220804-6354275  User: oesteban  Machine: dna020  Platform: Linux  PlatformVersion: 5.14.0-427.37.1.el9_4.x86_64  CompilerName: GCC  CompilerVersion: 8.4.0
ProgramName: mri_ca_normalize  ProgramArguments: mri_ca_normalize -all-info  ProgramVersion: 7.3.2  TimeStamp: 2026/03/11-13:45:03-GMT  BuildTime: Aug  4 2022 06:17:15  BuildStamp: freesurfer-linux-ubuntu22_x86_64-7.3.2-20220804-6354275  User: oesteban  Machine: dna020  Platform: Linux  PlatformVersion: 5.14.0-427.37.1.el9_4.x86_64  CompilerName: GCC  CompilerVersion: 8.4.0
ProgramName: mri_ca_register  ProgramArguments: mri_ca_register -all-info  ProgramVersion: 7.3.2  TimeStamp: 2026/03/11-13:45:03-GMT  BuildTime: Aug  4 2022 06:17:15  BuildStamp: freesurfer-linux-ubuntu22_x86_64-7.3.2-20220804-6354275  User: oesteban  Machine: dna020  Platform: Linux  PlatformVersion: 5.14.0-427.37.1.el9_4.x86_64  CompilerName: GCC  CompilerVersion: 8.4.0
ProgramName: mri_cc  ProgramArguments: mri_cc -all-info  ProgramVersion: 7.3.2  TimeStamp: 2026/03/11-13:45:03-GMT  BuildTime: Aug  4 2022 06:17:15  BuildStamp: freesurfer-linux-ubuntu22_x86_64-7.3.2-20220804-6354275  User: oesteban  Machine: dna020  Platform: Linux  PlatformVersion: 5.14.0-427.37.1.el9_4.x86_64  CompilerName: GCC  CompilerVersion: 8.4.0
ProgramName: mri_compute_overlap  ProgramArguments: mri_compute_overlap -all-info  ProgramVersion: 7.3.2  TimeStamp: 2026/03/11-13:45:03-GMT  BuildTime: Aug  4 2022 06:17:15  BuildStamp: freesurfer-linux-ubuntu22_x86_64-7.3.2-20220804-6354275  User: oesteban  Machine: dna020  Platform: Linux  PlatformVersion: 5.14.0-427.37.1.el9_4.x86_64  CompilerName: GCC  CompilerVersion: 8.4.0
ProgramName: mri_compute_seg_overlap  ProgramArguments: mri_compute_seg_overlap -all-info  ProgramVersion: 7.3.2  TimeStamp: 2026/03/11-13:45:03-GMT  BuildTime: Aug  4 2022 06:17:15  BuildStamp: freesurfer-linux-ubuntu22_x86_64-7.3.2-20220804-6354275  User: oesteban  Machine: dna020  Platform: Linux  PlatformVersion: 5.14.0-427.37.1.el9_4.x86_64  CompilerName: GCC  CompilerVersion: 8.4.0
ProgramName: mri_concat  ProgramArguments: mri_concat -all-info  ProgramVersion: 7.3.2  TimeStamp: 2026/03/11-13:45:03-GMT  BuildTime: Aug  4 2022 06:17:15  BuildStamp: freesurfer-linux-ubuntu22_x86_64-7.3.2-20220804-6354275  User: oesteban  Machine: dna020  Platform: Linux  PlatformVersion: 5.14.0-427.37.1.el9_4.x86_64  CompilerName: GCC  CompilerVersion: 8.4.0
ProgramName: mri_concatenate_lta  ProgramArguments: mri_concatenate_lta -all-info  ProgramVersion: 7.3.2  TimeStamp: 2026/03/11-13:45:03-GMT  BuildTime: Aug  4 2022 06:17:15  BuildStamp: freesurfer-linux-ubuntu22_x86_64-7.3.2-20220804-6354275  User: oesteban  Machine: dna020  Platform: Linux  PlatformVersion: 5.14.0-427.37.1.el9_4.x86_64  CompilerName: GCC  CompilerVersion: 8.4.0
mri_convert -all-info 
ProgramName: mri_convert  ProgramArguments: mri_convert -all-info  ProgramVersion: 7.3.2  TimeStamp: 2026/03/11-13:45:03-GMT  BuildTime: Aug  4 2022 06:17:15  BuildStamp: freesurfer-linux-ubuntu22_x86_64-7.3.2-20220804-6354275  User: oesteban  Machine: dna020  Platform: Linux  PlatformVersion: 5.14.0-427.37.1.el9_4.x86_64  CompilerName: GCC  CompilerVersion: 8.4.0
ProgramName: mri_diff  ProgramArguments: mri_diff -all-info  ProgramVersion: 7.3.2  TimeStamp: 2026/03/11-13:45:03-GMT  BuildTime: Aug  4 2022 06:17:15  BuildStamp: freesurfer-linux-ubuntu22_x86_64-7.3.2-20220804-6354275  User: oesteban  Machine: dna020  Platform: Linux  PlatformVersion: 5.14.0-427.37.1.el9_4.x86_64  CompilerName: GCC  CompilerVersion: 8.4.0
ProgramName: mri_edit_wm_with_aseg  ProgramArguments: mri_edit_wm_with_aseg -all-info  ProgramVersion: 7.3.2  TimeStamp: 2026/03/11-13:45:03-GMT  BuildTime: Aug  4 2022 06:17:15  BuildStamp: freesurfer-linux-ubuntu22_x86_64-7.3.2-20220804-6354275  User: oesteban  Machine: dna020  Platform: Linux  PlatformVersion: 5.14.0-427.37.1.el9_4.x86_64  CompilerName: GCC  CompilerVersion: 8.4.0
ProgramName: mri_em_register  ProgramArguments: mri_em_register -all-info  ProgramVersion: 7.3.2  TimeStamp: 2026/03/11-13:45:03-GMT  BuildTime: Aug  4 2022 06:17:15  BuildStamp: freesurfer-linux-ubuntu22_x86_64-7.3.2-20220804-6354275  User: oesteban  Machine: dna020  Platform: Linux  PlatformVersion: 5.14.0-427.37.1.el9_4.x86_64  CompilerName: GCC  CompilerVersion: 8.4.0
ProgramName: mri_fill  ProgramArguments: mri_fill -all-info  ProgramVersion: 7.3.2  TimeStamp: 2026/03/11-13:45:03-GMT  BuildTime: Aug  4 2022 06:17:15  BuildStamp: freesurfer-linux-ubuntu22_x86_64-7.3.2-20220804-6354275  User: oesteban  Machine: dna020  Platform: Linux  PlatformVersion: 5.14.0-427.37.1.el9_4.x86_64  CompilerName: GCC  CompilerVersion: 8.4.0
ProgramName: mri_fuse_segmentations  ProgramArguments: mri_fuse_segmentations -all-info  ProgramVersion: 7.3.2  TimeStamp: 2026/03/11-13:45:03-GMT  BuildTime: Aug  4 2022 06:17:15  BuildStamp: freesurfer-linux-ubuntu22_x86_64-7.3.2-20220804-6354275  User: oesteban  Machine: dna020  Platform: Linux  PlatformVersion: 5.14.0-427.37.1.el9_4.x86_64  CompilerName: GCC  CompilerVersion: 8.4.0
ProgramName: mri_fwhm  ProgramArguments: mri_fwhm -all-info  ProgramVersion: 7.3.2  TimeStamp: 2026/03/11-13:45:03-GMT  BuildTime: Aug  4 2022 06:17:15  BuildStamp: freesurfer-linux-ubuntu22_x86_64-7.3.2-20220804-6354275  User: oesteban  Machine: dna020  Platform: Linux  PlatformVersion: 5.14.0-427.37.1.el9_4.x86_64  CompilerName: GCC  CompilerVersion: 8.4.0
ProgramName: mri_gcut  ProgramArguments: mri_gcut -all-info  ProgramVersion: 7.3.2  TimeStamp: 2026/03/11-13:45:03-GMT  BuildTime: Aug  4 2022 06:17:15  BuildStamp: freesurfer-linux-ubuntu22_x86_64-7.3.2-20220804-6354275  User: oesteban  Machine: dna020  Platform: Linux  PlatformVersion: 5.14.0-427.37.1.el9_4.x86_64  CompilerName: GCC  CompilerVersion: 8.4.0
ProgramName: mri_info  ProgramArguments: mri_info -all-info  ProgramVersion: 7.3.2  TimeStamp: 2026/03/11-13:45:03-GMT  BuildTime: Aug  4 2022 06:17:15  BuildStamp: freesurfer-linux-ubuntu22_x86_64-7.3.2-20220804-6354275  User: oesteban  Machine: dna020  Platform: Linux  PlatformVersion: 5.14.0-427.37.1.el9_4.x86_64  CompilerName: GCC  CompilerVersion: 8.4.0
ProgramName: mri_label2label  ProgramArguments: mri_label2label -all-info  ProgramVersion: 7.3.2  TimeStamp: 2026/03/11-13:45:03-GMT  BuildTime: Aug  4 2022 06:17:15  BuildStamp: freesurfer-linux-ubuntu22_x86_64-7.3.2-20220804-6354275  User: oesteban  Machine: dna020  Platform: Linux  PlatformVersion: 5.14.0-427.37.1.el9_4.x86_64  CompilerName: GCC  CompilerVersion: 8.4.0
ProgramName: mri_label2vol  ProgramArguments: mri_label2vol -all-info  ProgramVersion: 7.3.2  TimeStamp: 2026/03/11-13:45:03-GMT  BuildTime: Aug  4 2022 06:17:15  BuildStamp: freesurfer-linux-ubuntu22_x86_64-7.3.2-20220804-6354275  User: oesteban  Machine: dna020  Platform: Linux  PlatformVersion: 5.14.0-427.37.1.el9_4.x86_64  CompilerName: GCC  CompilerVersion: 8.4.0
ProgramName: mri_log_likelihood  ProgramArguments: mri_log_likelihood -all-info  ProgramVersion: 7.3.2  TimeStamp: 2026/03/11-13:45:03-GMT  BuildTime: Aug  4 2022 06:17:15  BuildStamp: freesurfer-linux-ubuntu22_x86_64-7.3.2-20220804-6354275  User: oesteban  Machine: dna020  Platform: Linux  PlatformVersion: 5.14.0-427.37.1.el9_4.x86_64  CompilerName: GCC  CompilerVersion: 8.4.0
ProgramName: mri_mask  ProgramArguments: mri_mask -all-info  ProgramVersion: 7.3.2  TimeStamp: 2026/03/11-13:45:03-GMT  BuildTime: Aug  4 2022 06:17:15  BuildStamp: freesurfer-linux-ubuntu22_x86_64-7.3.2-20220804-6354275  User: oesteban  Machine: dna020  Platform: Linux  PlatformVersion: 5.14.0-427.37.1.el9_4.x86_64  CompilerName: GCC  CompilerVersion: 8.4.0
ProgramName: mri_matrix_multiply  ProgramArguments: mri_matrix_multiply -all-info  ProgramVersion: 7.3.2  TimeStamp: 2026/03/11-13:45:03-GMT  BuildTime: Aug  4 2022 06:17:15  BuildStamp: freesurfer-linux-ubuntu22_x86_64-7.3.2-20220804-6354275  User: oesteban  Machine: dna020  Platform: Linux  PlatformVersion: 5.14.0-427.37.1.el9_4.x86_64  CompilerName: GCC  CompilerVersion: 8.4.0
ProgramName: mri_normalize  ProgramArguments: mri_normalize -all-info  ProgramVersion: 7.3.2  TimeStamp: 2026/03/11-13:45:03-GMT  BuildTime: Aug  4 2022 06:17:15  BuildStamp: freesurfer-linux-ubuntu22_x86_64-7.3.2-20220804-6354275  User: oesteban  Machine: dna020  Platform: Linux  PlatformVersion: 5.14.0-427.37.1.el9_4.x86_64  CompilerName: GCC  CompilerVersion: 8.4.0
ProgramName: mri_normalize_tp2  ProgramArguments: mri_normalize_tp2 -all-info  ProgramVersion: 7.3.2  TimeStamp: 2026/03/11-13:45:03-GMT  BuildTime: Aug  4 2022 06:17:15  BuildStamp: freesurfer-linux-ubuntu22_x86_64-7.3.2-20220804-6354275  User: oesteban  Machine: dna020  Platform: Linux  PlatformVersion: 5.14.0-427.37.1.el9_4.x86_64  CompilerName: GCC  CompilerVersion: 8.4.0
ProgramName: mri_or  ProgramArguments: mri_or -all-info  ProgramVersion: 7.3.2  TimeStamp: 2026/03/11-13:45:03-GMT  BuildTime: Aug  4 2022 06:17:15  BuildStamp: freesurfer-linux-ubuntu22_x86_64-7.3.2-20220804-6354275  User: oesteban  Machine: dna020  Platform: Linux  PlatformVersion: 5.14.0-427.37.1.el9_4.x86_64  CompilerName: GCC  CompilerVersion: 8.4.0
ProgramName: mri_relabel_hypointensities  ProgramArguments: mri_relabel_hypointensities -all-info  ProgramVersion: 7.3.2  TimeStamp: 2026/03/11-13:45:03-GMT  BuildTime: Aug  4 2022 06:17:15  BuildStamp: freesurfer-linux-ubuntu22_x86_64-7.3.2-20220804-6354275  User: oesteban  Machine: dna020  Platform: Linux  PlatformVersion: 5.14.0-427.37.1.el9_4.x86_64  CompilerName: GCC  CompilerVersion: 8.4.0
ProgramName: mri_relabel_nonwm_hypos  ProgramArguments: mri_relabel_nonwm_hypos -all-info  ProgramVersion: 7.3.2  TimeStamp: 2026/03/11-13:45:03-GMT  BuildTime: Aug  4 2022 06:17:15  BuildStamp: freesurfer-linux-ubuntu22_x86_64-7.3.2-20220804-6354275  User: oesteban  Machine: dna020  Platform: Linux  PlatformVersion: 5.14.0-427.37.1.el9_4.x86_64  CompilerName: GCC  CompilerVersion: 8.4.0
ProgramName: mri_remove_neck  ProgramArguments: mri_remove_neck -all-info  ProgramVersion: 7.3.2  TimeStamp: 2026/03/11-13:45:03-GMT  BuildTime: Aug  4 2022 06:17:15  BuildStamp: freesurfer-linux-ubuntu22_x86_64-7.3.2-20220804-6354275  User: oesteban  Machine: dna020  Platform: Linux  PlatformVersion: 5.14.0-427.37.1.el9_4.x86_64  CompilerName: GCC  CompilerVersion: 8.4.0
7.3.2

ProgramName: mri_robust_register  ProgramArguments: mri_robust_register -all-info  ProgramVersion: 7.3.2  TimeStamp: 2026/03/11-13:45:03-GMT  BuildTime: Aug  4 2022 06:17:15  BuildStamp: freesurfer-linux-ubuntu22_x86_64-7.3.2-20220804-6354275  User: oesteban  Machine: dna020  Platform: Linux  PlatformVersion: 5.14.0-427.37.1.el9_4.x86_64  CompilerName: GCC  CompilerVersion: 8.4.0
7.3.2

ProgramName: mri_robust_template  ProgramArguments: mri_robust_template -all-info  ProgramVersion: 7.3.2  TimeStamp: 2026/03/11-13:45:03-GMT  BuildTime: Aug  4 2022 06:17:15  BuildStamp: freesurfer-linux-ubuntu22_x86_64-7.3.2-20220804-6354275  User: oesteban  Machine: dna020  Platform: Linux  PlatformVersion: 5.14.0-427.37.1.el9_4.x86_64  CompilerName: GCC  CompilerVersion: 8.4.0
ProgramName: mris_anatomical_stats  ProgramArguments: mris_anatomical_stats -all-info  ProgramVersion: 7.3.2  TimeStamp: 2026/03/11-13:45:03-GMT  BuildTime: Aug  4 2022 06:17:15  BuildStamp: freesurfer-linux-ubuntu22_x86_64-7.3.2-20220804-6354275  User: oesteban  Machine: dna020  Platform: Linux  PlatformVersion: 5.14.0-427.37.1.el9_4.x86_64  CompilerName: GCC  CompilerVersion: 8.4.0
ProgramName: mris_ca_label  ProgramArguments: mris_ca_label -all-info  ProgramVersion: 7.3.2  TimeStamp: 2026/03/11-13:45:03-GMT  BuildTime: Aug  4 2022 06:17:15  BuildStamp: freesurfer-linux-ubuntu22_x86_64-7.3.2-20220804-6354275  User: oesteban  Machine: dna020  Platform: Linux  PlatformVersion: 5.14.0-427.37.1.el9_4.x86_64  CompilerName: GCC  CompilerVersion: 8.4.0
ProgramName: mris_calc  ProgramArguments: mris_calc -all-info  ProgramVersion: 7.3.2  TimeStamp: 2026/03/11-13:45:03-GMT  BuildTime: Aug  4 2022 06:17:15  BuildStamp: freesurfer-linux-ubuntu22_x86_64-7.3.2-20220804-6354275  User: oesteban  Machine: dna020  Platform: Linux  PlatformVersion: 5.14.0-427.37.1.el9_4.x86_64  CompilerName: GCC  CompilerVersion: 8.4.0
ProgramName: mris_convert  ProgramArguments: mris_convert -all-info  ProgramVersion: 7.3.2  TimeStamp: 2026/03/11-13:45:03-GMT  BuildTime: Aug  4 2022 06:17:15  BuildStamp: freesurfer-linux-ubuntu22_x86_64-7.3.2-20220804-6354275  User: oesteban  Machine: dna020  Platform: Linux  PlatformVersion: 5.14.0-427.37.1.el9_4.x86_64  CompilerName: GCC  CompilerVersion: 8.4.0
ProgramName: mris_curvature  ProgramArguments: mris_curvature -all-info  ProgramVersion: 7.3.2  TimeStamp: 2026/03/11-13:45:03-GMT  BuildTime: Aug  4 2022 06:17:15  BuildStamp: freesurfer-linux-ubuntu22_x86_64-7.3.2-20220804-6354275  User: oesteban  Machine: dna020  Platform: Linux  PlatformVersion: 5.14.0-427.37.1.el9_4.x86_64  CompilerName: GCC  CompilerVersion: 8.4.0
ProgramName: mris_curvature_stats  ProgramArguments: mris_curvature_stats -all-info  ProgramVersion: 7.3.2  TimeStamp: 2026/03/11-13:45:03-GMT  BuildTime: Aug  4 2022 06:17:15  BuildStamp: freesurfer-linux-ubuntu22_x86_64-7.3.2-20220804-6354275  User: oesteban  Machine: dna020  Platform: Linux  PlatformVersion: 5.14.0-427.37.1.el9_4.x86_64  CompilerName: GCC  CompilerVersion: 8.4.0
ProgramName: mris_diff  ProgramArguments: mris_diff -all-info  ProgramVersion: 7.3.2  TimeStamp: 2026/03/11-13:45:03-GMT  BuildTime: Aug  4 2022 06:17:15  BuildStamp: freesurfer-linux-ubuntu22_x86_64-7.3.2-20220804-6354275  User: oesteban  Machine: dna020  Platform: Linux  PlatformVersion: 5.14.0-427.37.1.el9_4.x86_64  CompilerName: GCC  CompilerVersion: 8.4.0
ProgramName: mris_divide_parcellation  ProgramArguments: mris_divide_parcellation -all-info  ProgramVersion: 7.3.2  TimeStamp: 2026/03/11-13:45:03-GMT  BuildTime: Aug  4 2022 06:17:15  BuildStamp: freesurfer-linux-ubuntu22_x86_64-7.3.2-20220804-6354275  User: oesteban  Machine: dna020  Platform: Linux  PlatformVersion: 5.14.0-427.37.1.el9_4.x86_64  CompilerName: GCC  CompilerVersion: 8.4.0
ProgramName: mri_segment  ProgramArguments: mri_segment -all-info  ProgramVersion: 7.3.2  TimeStamp: 2026/03/11-13:45:03-GMT  BuildTime: Aug  4 2022 06:17:15  BuildStamp: freesurfer-linux-ubuntu22_x86_64-7.3.2-20220804-6354275  User: oesteban  Machine: dna020  Platform: Linux  PlatformVersion: 5.14.0-427.37.1.el9_4.x86_64  CompilerName: GCC  CompilerVersion: 8.4.0
ProgramName: mri_segstats  ProgramArguments: mri_segstats -all-info  ProgramVersion: 7.3.2  TimeStamp: 2026/03/11-13:45:03-GMT  BuildTime: Aug  4 2022 06:17:15  BuildStamp: freesurfer-linux-ubuntu22_x86_64-7.3.2-20220804-6354275  User: oesteban  Machine: dna020  Platform: Linux  PlatformVersion: 5.14.0-427.37.1.el9_4.x86_64  CompilerName: GCC  CompilerVersion: 8.4.0
ProgramName: mris_euler_number  ProgramArguments: mris_euler_number -all-info  ProgramVersion: 7.3.2  TimeStamp: 2026/03/11-13:45:03-GMT  BuildTime: Aug  4 2022 06:17:15  BuildStamp: freesurfer-linux-ubuntu22_x86_64-7.3.2-20220804-6354275  User: oesteban  Machine: dna020  Platform: Linux  PlatformVersion: 5.14.0-427.37.1.el9_4.x86_64  CompilerName: GCC  CompilerVersion: 8.4.0
ProgramName: mris_fix_topology  ProgramArguments: mris_fix_topology -all-info  ProgramVersion: 7.3.2  TimeStamp: 2026/03/11-13:45:03-GMT  BuildTime: Aug  4 2022 06:17:15  BuildStamp: freesurfer-linux-ubuntu22_x86_64-7.3.2-20220804-6354275  User: oesteban  Machine: dna020  Platform: Linux  PlatformVersion: 5.14.0-427.37.1.el9_4.x86_64  CompilerName: GCC  CompilerVersion: 8.4.0
ProgramName: mris_topo_fixer  ProgramArguments: mris_topo_fixer -all-info  ProgramVersion: 7.3.2  TimeStamp: 2026/03/11-13:45:03-GMT  BuildTime: Aug  4 2022 06:17:15  BuildStamp: freesurfer-linux-ubuntu22_x86_64-7.3.2-20220804-6354275  User: oesteban  Machine: dna020  Platform: Linux  PlatformVersion: 5.14.0-427.37.1.el9_4.x86_64  CompilerName: GCC  CompilerVersion: 8.4.0
ProgramName: mris_jacobian  ProgramArguments: mris_jacobian -all-info  ProgramVersion: 7.3.2  TimeStamp: 2026/03/11-13:45:03-GMT  BuildTime: Aug  4 2022 06:17:15  BuildStamp: freesurfer-linux-ubuntu22_x86_64-7.3.2-20220804-6354275  User: oesteban  Machine: dna020  Platform: Linux  PlatformVersion: 5.14.0-427.37.1.el9_4.x86_64  CompilerName: GCC  CompilerVersion: 8.4.0
ProgramName: mris_label2annot  ProgramArguments: mris_label2annot -all-info  ProgramVersion: 7.3.2  TimeStamp: 2026/03/11-13:45:03-GMT  BuildTime: Aug  4 2022 06:17:15  BuildStamp: freesurfer-linux-ubuntu22_x86_64-7.3.2-20220804-6354275  User: oesteban  Machine: dna020  Platform: Linux  PlatformVersion: 5.14.0-427.37.1.el9_4.x86_64  CompilerName: GCC  CompilerVersion: 8.4.0
ProgramName: mris_left_right_register  ProgramArguments: mris_left_right_register -all-info  ProgramVersion: 7.3.2  TimeStamp: 2026/03/11-13:45:03-GMT  BuildTime: Aug  4 2022 06:17:15  BuildStamp: freesurfer-linux-ubuntu22_x86_64-7.3.2-20220804-6354275  User: oesteban  Machine: dna020  Platform: Linux  PlatformVersion: 5.14.0-427.37.1.el9_4.x86_64  CompilerName: GCC  CompilerVersion: 8.4.0
ProgramName: mris_place_surface  ProgramArguments: mris_place_surface -all-info  ProgramVersion: 7.3.2  TimeStamp: 2026/03/11-13:45:03-GMT  BuildTime: Aug  4 2022 06:17:15  BuildStamp: freesurfer-linux-ubuntu22_x86_64-7.3.2-20220804-6354275  User: oesteban  Machine: dna020  Platform: Linux  PlatformVersion: 5.14.0-427.37.1.el9_4.x86_64  CompilerName: GCC  CompilerVersion: 8.4.0
ProgramName: mrisp_paint  ProgramArguments: mrisp_paint -all-info  ProgramVersion: 7.3.2  TimeStamp: 2026/03/11-13:45:03-GMT  BuildTime: Aug  4 2022 06:17:15  BuildStamp: freesurfer-linux-ubuntu22_x86_64-7.3.2-20220804-6354275  User: oesteban  Machine: dna020  Platform: Linux  PlatformVersion: 5.14.0-427.37.1.el9_4.x86_64  CompilerName: GCC  CompilerVersion: 8.4.0
ProgramName: mris_register  ProgramArguments: mris_register -all-info  ProgramVersion: 7.3.2  TimeStamp: 2026/03/11-13:45:03-GMT  BuildTime: Aug  4 2022 06:17:15  BuildStamp: freesurfer-linux-ubuntu22_x86_64-7.3.2-20220804-6354275  User: oesteban  Machine: dna020  Platform: Linux  PlatformVersion: 5.14.0-427.37.1.el9_4.x86_64  CompilerName: GCC  CompilerVersion: 8.4.0
ProgramName: mris_smooth  ProgramArguments: mris_smooth -all-info  ProgramVersion: 7.3.2  TimeStamp: 2026/03/11-13:45:03-GMT  BuildTime: Aug  4 2022 06:17:15  BuildStamp: freesurfer-linux-ubuntu22_x86_64-7.3.2-20220804-6354275  User: oesteban  Machine: dna020  Platform: Linux  PlatformVersion: 5.14.0-427.37.1.el9_4.x86_64  CompilerName: GCC  CompilerVersion: 8.4.0
ProgramName: mris_sphere  ProgramArguments: mris_sphere -all-info  ProgramVersion: 7.3.2  TimeStamp: 2026/03/11-13:45:03-GMT  BuildTime: Aug  4 2022 06:17:15  BuildStamp: freesurfer-linux-ubuntu22_x86_64-7.3.2-20220804-6354275  User: oesteban  Machine: dna020  Platform: Linux  PlatformVersion: 5.14.0-427.37.1.el9_4.x86_64  CompilerName: GCC  CompilerVersion: 8.4.0
ProgramName: mris_surface_stats  ProgramArguments: mris_surface_stats -all-info  ProgramVersion: 7.3.2  TimeStamp: 2026/03/11-13:45:03-GMT  BuildTime: Aug  4 2022 06:17:15  BuildStamp: freesurfer-linux-ubuntu22_x86_64-7.3.2-20220804-6354275  User: oesteban  Machine: dna020  Platform: Linux  PlatformVersion: 5.14.0-427.37.1.el9_4.x86_64  CompilerName: GCC  CompilerVersion: 8.4.0
ProgramName: mri_stats2seg  ProgramArguments: mri_stats2seg -all-info  ProgramVersion: 7.3.2  TimeStamp: 2026/03/11-13:45:03-GMT  BuildTime: Aug  4 2022 06:17:15  BuildStamp: freesurfer-linux-ubuntu22_x86_64-7.3.2-20220804-6354275  User: oesteban  Machine: dna020  Platform: Linux  PlatformVersion: 5.14.0-427.37.1.el9_4.x86_64  CompilerName: GCC  CompilerVersion: 8.4.0
ProgramName: mris_thickness  ProgramArguments: mris_thickness -all-info  ProgramVersion: 7.3.2  TimeStamp: 2026/03/11-13:45:03-GMT  BuildTime: Aug  4 2022 06:17:15  BuildStamp: freesurfer-linux-ubuntu22_x86_64-7.3.2-20220804-6354275  User: oesteban  Machine: dna020  Platform: Linux  PlatformVersion: 5.14.0-427.37.1.el9_4.x86_64  CompilerName: GCC  CompilerVersion: 8.4.0
ProgramName: mris_thickness_diff  ProgramArguments: mris_thickness_diff -all-info  ProgramVersion: 7.3.2  TimeStamp: 2026/03/11-13:45:03-GMT  BuildTime: Aug  4 2022 06:17:15  BuildStamp: freesurfer-linux-ubuntu22_x86_64-7.3.2-20220804-6354275  User: oesteban  Machine: dna020  Platform: Linux  PlatformVersion: 5.14.0-427.37.1.el9_4.x86_64  CompilerName: GCC  CompilerVersion: 8.4.0
ProgramName: mris_topo_fixer  ProgramArguments: mris_topo_fixer -all-info  ProgramVersion: 7.3.2  TimeStamp: 2026/03/11-13:45:03-GMT  BuildTime: Aug  4 2022 06:17:15  BuildStamp: freesurfer-linux-ubuntu22_x86_64-7.3.2-20220804-6354275  User: oesteban  Machine: dna020  Platform: Linux  PlatformVersion: 5.14.0-427.37.1.el9_4.x86_64  CompilerName: GCC  CompilerVersion: 8.4.0
ProgramName: mri_surf2surf  ProgramArguments: mri_surf2surf -all-info  ProgramVersion: 7.3.2  TimeStamp: 2026/03/11-13:45:03-GMT  BuildTime: Aug  4 2022 06:17:15  BuildStamp: freesurfer-linux-ubuntu22_x86_64-7.3.2-20220804-6354275  User: oesteban  Machine: dna020  Platform: Linux  PlatformVersion: 5.14.0-427.37.1.el9_4.x86_64  CompilerName: GCC  CompilerVersion: 8.4.0
ProgramName: mri_surf2vol  ProgramArguments: mri_surf2vol -all-info  ProgramVersion: 7.3.2  TimeStamp: 2026/03/11-13:45:03-GMT  BuildTime: Aug  4 2022 06:17:15  BuildStamp: freesurfer-linux-ubuntu22_x86_64-7.3.2-20220804-6354275  User: oesteban  Machine: dna020  Platform: Linux  PlatformVersion: 5.14.0-427.37.1.el9_4.x86_64  CompilerName: GCC  CompilerVersion: 8.4.0
ProgramName: mri_surfcluster  ProgramArguments: mri_surfcluster -all-info  ProgramVersion: 7.3.2  TimeStamp: 2026/03/11-13:45:03-GMT  BuildTime: Aug  4 2022 06:17:15  BuildStamp: freesurfer-linux-ubuntu22_x86_64-7.3.2-20220804-6354275  User: oesteban  Machine: dna020  Platform: Linux  PlatformVersion: 5.14.0-427.37.1.el9_4.x86_64  CompilerName: GCC  CompilerVersion: 8.4.0
ProgramName: mris_volmask  ProgramArguments: mris_volmask -all-info  ProgramVersion: 7.3.2  TimeStamp: 2026/03/11-13:45:03-GMT  BuildTime: Aug  4 2022 06:17:15  BuildStamp: freesurfer-linux-ubuntu22_x86_64-7.3.2-20220804-6354275  User: oesteban  Machine: dna020  Platform: Linux  PlatformVersion: 5.14.0-427.37.1.el9_4.x86_64  CompilerName: GCC  CompilerVersion: 8.4.0
ProgramName: mri_tessellate  ProgramArguments: mri_tessellate -all-info  ProgramVersion: 7.3.2  TimeStamp: 2026/03/11-13:45:03-GMT  BuildTime: Aug  4 2022 06:17:15  BuildStamp: freesurfer-linux-ubuntu22_x86_64-7.3.2-20220804-6354275  User: oesteban  Machine: dna020  Platform: Linux  PlatformVersion: 5.14.0-427.37.1.el9_4.x86_64  CompilerName: GCC  CompilerVersion: 8.4.0
ProgramName: mri_vol2surf  ProgramArguments: mri_vol2surf -all-info  ProgramVersion: 7.3.2  TimeStamp: 2026/03/11-13:45:03-GMT  BuildTime: Aug  4 2022 06:17:15  BuildStamp: freesurfer-linux-ubuntu22_x86_64-7.3.2-20220804-6354275  User: oesteban  Machine: dna020  Platform: Linux  PlatformVersion: 5.14.0-427.37.1.el9_4.x86_64  CompilerName: GCC  CompilerVersion: 8.4.0
ProgramName: mri_vol2vol  ProgramArguments: mri_vol2vol -all-info  ProgramVersion: 7.3.2  TimeStamp: 2026/03/11-13:45:03-GMT  BuildTime: Aug  4 2022 06:17:15  BuildStamp: freesurfer-linux-ubuntu22_x86_64-7.3.2-20220804-6354275  User: oesteban  Machine: dna020  Platform: Linux  PlatformVersion: 5.14.0-427.37.1.el9_4.x86_64  CompilerName: GCC  CompilerVersion: 8.4.0
ProgramName: mri_voldiff  ProgramArguments: mri_voldiff -all-info  ProgramVersion: 7.3.2  TimeStamp: 2026/03/11-13:45:03-GMT  BuildTime: Aug  4 2022 06:17:15  BuildStamp: freesurfer-linux-ubuntu22_x86_64-7.3.2-20220804-6354275  User: oesteban  Machine: dna020  Platform: Linux  PlatformVersion: 5.14.0-427.37.1.el9_4.x86_64  CompilerName: GCC  CompilerVersion: 8.4.0
ProgramName: mri_watershed  ProgramArguments: mri_watershed -all-info  ProgramVersion: 7.3.2  TimeStamp: 2026/03/11-13:45:03-GMT  BuildTime: Aug  4 2022 06:17:15  BuildStamp: freesurfer-linux-ubuntu22_x86_64-7.3.2-20220804-6354275  User: oesteban  Machine: dna020  Platform: Linux  PlatformVersion: 5.14.0-427.37.1.el9_4.x86_64  CompilerName: GCC  CompilerVersion: 8.4.0
ProgramName: tkregister2  ProgramArguments: tkregister2_cmdl -all-info  ProgramVersion: 7.3.2  TimeStamp: 2026/03/11-13:45:03-GMT  BuildTime: Aug  4 2022 06:17:15  BuildStamp: freesurfer-linux-ubuntu22_x86_64-7.3.2-20220804-6354275  User: oesteban  Machine: dna020  Platform: Linux  PlatformVersion: 5.14.0-427.37.1.el9_4.x86_64  CompilerName: GCC  CompilerVersion: 8.4.0
mri_motion_correct.fsl 7.3.2
mri_convert -all-info 
ProgramName: mri_convert  ProgramArguments: mri_convert -all-info  ProgramVersion: 7.3.2  TimeStamp: 2026/03/11-13:45:03-GMT  BuildTime: Aug  4 2022 06:17:15  BuildStamp: freesurfer-linux-ubuntu22_x86_64-7.3.2-20220804-6354275  User: oesteban  Machine: dna020  Platform: Linux  PlatformVersion: 5.14.0-427.37.1.el9_4.x86_64  CompilerName: GCC  CompilerVersion: 8.4.0
Program nu_correct, built from:
Package MNI N3, version 1.12.0, compiled by nicks@terrier (x86_64-unknown-linux-gnu) on 2015-06-19 at 01:25:34
#######################################
GCADIR /opt/freesurfer/average
GCA RB_all_2020-01-02.gca
GCASkull RB_all_withskull_2020_01_02.gca
AvgCurvTif folding.atlas.acfb40.noaparc.i12.2016-08-02.tif
GCSDIR /opt/freesurfer/average
GCS DKaparc.atlas.acfb40.noaparc.i12.2016-08-02.gcs
#######################################
#--------------------------------------
#@# CA Normalize Wed Mar 11 14:45:03 CET 2026
/out/sourcedata/freesurfer/sub-v2s18x29518_ses-1/mri

 mri_ca_normalize -c ctrl_pts.mgz -mask brainmask.mgz nu.mgz /opt/freesurfer/average/RB_all_2020-01-02.gca transforms/talairach.lta norm.mgz 

writing control point volume to ctrl_pts.mgz
using MR volume brainmask.mgz to mask input volume...
reading 1 input volume
reading atlas from '/opt/freesurfer/average/RB_all_2020-01-02.gca'...
reading transform from 'transforms/talairach.lta'...
reading input volume from nu.mgz...
resetting wm mean[0]: 98 --> 107
resetting gm mean[0]: 61 --> 61
input volume #1 is the most T1-like
using real data threshold=26.9
skull bounding box = (62, 41, 36) --> (197, 171, 193)
finding center of left hemi white matter
using (107, 84, 115) as brain centroid of Right_Cerebral_White_Matter...
mean wm in atlas = 107, using box (90,68,96) --> (123, 99,134) to find MRI wm
before smoothing, mri peak at 109
robust fit to distribution - 108 +- 4.2
after smoothing, mri peak at 109, scaling input intensities by 0.982
scaling channel 0 by 0.981651
using 246437 sample points...
INFO: compute sample coordinates transform
 1.03804   0.09737   0.00043  -19.02127;
-0.07272   1.15675   0.27559  -17.82958;
 0.02395  -0.22415   0.99497   19.38043;
 0.00000   0.00000   0.00000   1.00000;
INFO: transform used
finding control points in Left_Cerebral_White_Matter....
found 40230 control points for structure...
bounding box (127, 46, 32) --> (195, 146, 193)
Left_Cerebral_White_Matter: limiting intensities to 95.0 --> 132.0
6 of 7776 (0.1%) samples deleted
finding control points in Right_Cerebral_White_Matter....
found 39478 control points for structure...
bounding box (67, 44, 31) --> (134, 138, 194)
Right_Cerebral_White_Matter: limiting intensities to 94.0 --> 132.0
11 of 7586 (0.1%) samples deleted
finding control points in Left_Cerebellum_White_Matter....
found 3105 control points for structure...
bounding box (128, 120, 59) --> (174, 162, 111)
Left_Cerebellum_White_Matter: limiting intensities to 88.0 --> 132.0
16 of 156 (10.3%) samples deleted
finding control points in Right_Cerebellum_White_Matter....
found 2710 control points for structure...
bounding box (83, 120, 56) --> (128, 157, 113)
Right_Cerebellum_White_Matter: limiting intensities to 94.0 --> 132.0
44 of 95 (46.3%) samples deleted
finding control points in Brain_Stem....
found 3475 control points for structure...
bounding box (111, 111, 94) --> (146, 170, 123)
Brain_Stem: limiting intensities to 88.0 --> 132.0
9 of 359 (2.5%) samples deleted
using 15972 total control points for intensity normalization...
bias field = 0.996 +- 0.044
172 of 15886 control points discarded
finding control points in Left_Cerebral_White_Matter....
found 40230 control points for structure...
bounding box (127, 46, 32) --> (195, 146, 193)
Left_Cerebral_White_Matter: limiting intensities to 92.0 --> 132.0
4 of 8004 (0.0%) samples deleted
finding control points in Right_Cerebral_White_Matter....
found 39478 control points for structure...
bounding box (67, 44, 31) --> (134, 138, 194)
Right_Cerebral_White_Matter: limiting intensities to 91.0 --> 132.0
10 of 7745 (0.1%) samples deleted
finding control points in Left_Cerebellum_White_Matter....
found 3105 control points for structure...
bounding box (128, 120, 59) --> (174, 162, 111)
Left_Cerebellum_White_Matter: limiting intensities to 88.0 --> 132.0
81 of 188 (43.1%) samples deleted
finding control points in Right_Cerebellum_White_Matter....
found 2710 control points for structure...
bounding box (83, 120, 56) --> (128, 157, 113)
Right_Cerebellum_White_Matter: limiting intensities to 88.0 --> 132.0
55 of 148 (37.2%) samples deleted
finding control points in Brain_Stem....
found 3475 control points for structure...
bounding box (111, 111, 94) --> (146, 170, 123)
Brain_Stem: limiting intensities to 88.0 --> 132.0
133 of 467 (28.5%) samples deleted
using 16552 total control points for intensity normalization...
bias field = 1.020 +- 0.040
147 of 16157 control points discarded
finding control points in Left_Cerebral_White_Matter....
found 40230 control points for structure...
bounding box (127, 46, 32) --> (195, 146, 193)
Left_Cerebral_White_Matter: limiting intensities to 92.0 --> 132.0
6 of 8016 (0.1%) samples deleted
finding control points in Right_Cerebral_White_Matter....
found 39478 control points for structure...
bounding box (67, 44, 31) --> (134, 138, 194)
Right_Cerebral_White_Matter: limiting intensities to 91.0 --> 132.0
9 of 7744 (0.1%) samples deleted
finding control points in Left_Cerebellum_White_Matter....
found 3105 control points for structure...
bounding box (128, 120, 59) --> (174, 162, 111)
Left_Cerebellum_White_Matter: limiting intensities to 88.0 --> 132.0
152 of 214 (71.0%) samples deleted
finding control points in Right_Cerebellum_White_Matter....
found 2710 control points for structure...
bounding box (83, 120, 56) --> (128, 157, 113)
Right_Cerebellum_White_Matter: limiting intensities to 88.0 --> 132.0
92 of 172 (53.5%) samples deleted
finding control points in Brain_Stem....
found 3475 control points for structure...
bounding box (111, 111, 94) --> (146, 170, 123)
Brain_Stem: limiting intensities to 88.0 --> 132.0
199 of 552 (36.1%) samples deleted
using 16698 total control points for intensity normalization...
bias field = 1.019 +- 0.039
112 of 16065 control points discarded
writing normalized volume to norm.mgz...
writing control points to ctrl_pts.mgz
freeing GCA...done.
normalization took 1 minutes and 22 seconds.
#--------------------------------------
#@# CA Reg Wed Mar 11 14:46:26 CET 2026
/out/sourcedata/freesurfer/sub-v2s18x29518_ses-1/mri

 mri_ca_register -nobigventricles -T transforms/talairach.lta -align-after -mask brainmask.mgz norm.mgz /opt/freesurfer/average/RB_all_2020-01-02.gca transforms/talairach.m3z 

not handling expanded ventricles...
using previously computed transform transforms/talairach.lta
renormalizing sequences with structure alignment, equivalent to:
	-renormalize
	-regularize_mean 0.500
	-regularize 0.500
using MR volume brainmask.mgz to mask input volume...

== Number of threads available to mri_ca_register for OpenMP = 16 == 
reading 1 input volumes...
logging results to talairach.log
reading input volume 'norm.mgz'...
reading GCA '/opt/freesurfer/average/RB_all_2020-01-02.gca'...
label assignment complete, 0 changed (0.00%)
freeing gibbs priors...done.
average std[0] = 5.0
Starting GCAMregister()
label assignment complete, 0 changed (0.00%)
npasses = 1, nlevels = 6
#pass# 1 of 1 ************************
enabling zero nodes
setting smoothness cost coefficient to 0.156

#GCAMreg# pass 0 level1 5 level2 0 tsec 0 sigma 2
l_jacobian=1.00 l_label=1.00 l_log_likelihood=0.20 l_smoothness=0.16 
tol=2.50e-01, dt=5.00e-02, exp_k=20.0, momentum=0.90, levels=6, niter=500, lbl_dist=10.00, avgs=256, sigma=2.0,type=2, relabel=0, neg=no

blurring input image with Gaussian with sigma=2.000...
GCAMRegisterLevel(): init RMS 0.789987
#FOTS# QuadFit found better minimum quadopt=(dt=227.023,rms=0.733589) vs oldopt=(dt=92.48,rms=0.751797)
#GCMRL#    0 dt 227.022801 rms  0.734  7.139% neg 0  invalid 762 tFOTS 4.7700 tGradient 2.9470 tsec 8.0590
#FOTS# QuadFit found better minimum quadopt=(dt=138.305,rms=0.72073) vs oldopt=(dt=92.48,rms=0.722379)
#GCMRL#    1 dt 138.305085 rms  0.721  1.753% neg 0  invalid 762 tFOTS 4.6560 tGradient 2.8570 tsec 7.8550
#FOTS# QuadFit found better minimum quadopt=(dt=517.888,rms=0.709033) vs oldopt=(dt=369.92,rms=0.709704)
#GCMRL#    2 dt 517.888000 rms  0.709  1.623% neg 0  invalid 762 tFOTS 4.4810 tGradient 3.0410 tsec 7.8560
#FOTS# QuadFit found better minimum quadopt=(dt=110.976,rms=0.70372) vs oldopt=(dt=92.48,rms=0.703923)
#GCMRL#    3 dt 110.976000 rms  0.704  0.749% neg 0  invalid 762 tFOTS 4.5210 tGradient 2.9750 tsec 7.8190
#FOTS# QuadFit found better minimum quadopt=(dt=1183.74,rms=0.696304) vs oldopt=(dt=1479.68,rms=0.697043)
#GCMRL#    4 dt 1183.744000 rms  0.696  1.054% neg 0  invalid 762 tFOTS 4.5830 tGradient 2.7800 tsec 7.7070
#FOTS# QuadFit found better minimum quadopt=(dt=129.472,rms=0.693258) vs oldopt=(dt=92.48,rms=0.69383)
#GCMRL#    5 dt 129.472000 rms  0.693  0.437% neg 0  invalid 762 tFOTS 4.5640 tGradient 2.8800 tsec 7.7780
#GCMRL#    6 dt 369.920000 rms  0.691  0.294% neg 0  invalid 762 tFOTS 4.6210 tGradient 2.9370 tsec 7.9080
#FOTS# QuadFit found better minimum quadopt=(dt=129.472,rms=0.690343) vs oldopt=(dt=92.48,rms=0.690448)
#GCMRL#    7 dt 129.472000 rms  0.690  0.000% neg 0  invalid 762 tFOTS 4.4230 tGradient 2.8640 tsec 7.6230
#GCMRL#    8 dt 129.472000 rms  0.690  0.048% neg 0  invalid 762 tFOTS 0.0000 tGradient 2.9100 tsec 3.2490
#GCMRL#    9 dt 129.472000 rms  0.689  0.088% neg 0  invalid 762 tFOTS 0.0000 tGradient 3.2880 tsec 3.5830
#GCMRL#   10 dt 129.472000 rms  0.688  0.132% neg 0  invalid 762 tFOTS 0.0000 tGradient 2.7050 tsec 3.0020
#GCMRL#   11 dt 129.472000 rms  0.687  0.166% neg 0  invalid 762 tFOTS 0.0000 tGradient 2.9770 tsec 3.2810
#GCMRL#   12 dt 129.472000 rms  0.686  0.189% neg 0  invalid 762 tFOTS 0.0000 tGradient 2.7660 tsec 3.0940
#GCMRL#   13 dt 129.472000 rms  0.685  0.203% neg 0  invalid 762 tFOTS 0.0000 tGradient 2.8470 tsec 3.1500
#GCMRL#   14 dt 129.472000 rms  0.683  0.191% neg 0  invalid 762 tFOTS 0.0000 tGradient 2.9400 tsec 3.2340
#GCMRL#   15 dt 129.472000 rms  0.682  0.185% neg 0  invalid 762 tFOTS 0.0000 tGradient 3.1770 tsec 3.5320
#GCMRL#   16 dt 129.472000 rms  0.681  0.174% neg 0  invalid 762 tFOTS 0.0000 tGradient 3.2840 tsec 3.5750
#GCMRL#   17 dt 129.472000 rms  0.680  0.160% neg 0  invalid 762 tFOTS 0.0000 tGradient 2.9720 tsec 3.2570
#GCMRL#   18 dt 129.472000 rms  0.679  0.153% neg 0  invalid 762 tFOTS 0.0000 tGradient 3.2240 tsec 3.6910
#GCMRL#   19 dt 129.472000 rms  0.678  0.153% neg 0  invalid 762 tFOTS 0.0000 tGradient 2.9250 tsec 3.2380
#GCMRL#   20 dt 129.472000 rms  0.677  0.152% neg 0  invalid 762 tFOTS 0.0000 tGradient 2.7920 tsec 3.1430
#GCMRL#   21 dt 129.472000 rms  0.676  0.130% neg 0  invalid 762 tFOTS 0.0000 tGradient 3.3640 tsec 3.7260
#GCMRL#   22 dt 129.472000 rms  0.675  0.106% neg 0  invalid 762 tFOTS 0.0000 tGradient 3.2130 tsec 3.6540
#GCMRL#   23 dt 129.472000 rms  0.674  0.096% neg 0  invalid 762 tFOTS 0.0000 tGradient 3.4300 tsec 3.7770
#GCMRL#   24 dt 369.920000 rms  0.674  0.000% neg 0  invalid 762 tFOTS 4.6170 tGradient 2.9690 tsec 7.9790
#GCMRL#   25 dt 369.920000 rms  0.674  0.022% neg 0  invalid 762 tFOTS 0.0000 tGradient 2.9130 tsec 3.2300
#GCMRL#   26 dt 369.920000 rms  0.674  0.001% neg 0  invalid 762 tFOTS 0.0000 tGradient 3.1040 tsec 3.4120
#GCMRL#   27 dt 369.920000 rms  0.674  0.033% neg 0  invalid 762 tFOTS 0.0000 tGradient 2.9900 tsec 3.3030

#GCAMreg# pass 0 level1 5 level2 1 tsec 147.66 sigma 0.5
l_jacobian=1.00 l_label=1.00 l_log_likelihood=0.20 l_smoothness=0.16 
tol=2.50e-01, dt=5.00e-02, exp_k=20.0, momentum=0.90, levels=6, niter=500, lbl_dist=10.00, avgs=256, sigma=0.5,type=2, relabel=0, neg=no

blurring input image with Gaussian with sigma=0.500...
GCAMRegisterLevel(): init RMS 0.674504
#FOTS# QuadFit found better minimum quadopt=(dt=110.976,rms=0.673329) vs oldopt=(dt=92.48,rms=0.673354)
#GCMRL#   29 dt 110.976000 rms  0.673  0.174% neg 0  invalid 762 tFOTS 4.5660 tGradient 2.8010 tsec 7.7970
#GCMRL#   30 dt 369.920000 rms  0.673  0.000% neg 0  invalid 762 tFOTS 4.7890 tGradient 2.9000 tsec 8.0380
#GCMRL#   31 dt 369.920000 rms  0.673  0.012% neg 0  invalid 762 tFOTS 0.0000 tGradient 2.7880 tsec 3.1210
setting smoothness cost coefficient to 0.615

#GCAMreg# pass 0 level1 4 level2 0 tsec 0 sigma 2
l_jacobian=1.00 l_label=1.00 l_log_likelihood=0.20 l_smoothness=0.62 
tol=2.50e-01, dt=5.00e-02, exp_k=20.0, momentum=0.90, levels=6, niter=500, lbl_dist=10.00, avgs=64, sigma=2.0,type=2, relabel=0, neg=no

blurring input image with Gaussian with sigma=2.000...
GCAMRegisterLevel(): init RMS 0.681601
#FOTS# QuadFit found better minimum quadopt=(dt=70.7023,rms=0.678695) vs oldopt=(dt=103.68,rms=0.679198)
#GCMRL#   33 dt  70.702259 rms  0.679  0.426% neg 0  invalid 762 tFOTS 4.6350 tGradient 2.2590 tsec 7.2370
#FOTS# QuadFit found better minimum quadopt=(dt=331.776,rms=0.670007) vs oldopt=(dt=414.72,rms=0.670964)
#GCMRL#   34 dt 331.776000 rms  0.670  1.280% neg 0  invalid 762 tFOTS 4.7050 tGradient 2.2710 tsec 7.4000
#FOTS# QuadFit found better minimum quadopt=(dt=80.5926,rms=0.666744) vs oldopt=(dt=103.68,rms=0.666984)
#GCMRL#   35 dt  80.592593 rms  0.667  0.487% neg 0  invalid 762 tFOTS 4.9470 tGradient 2.1740 tsec 7.5300
#FOTS# QuadFit found better minimum quadopt=(dt=153.333,rms=0.662431) vs oldopt=(dt=103.68,rms=0.662826)
#GCMRL#   36 dt 153.333333 rms  0.662  0.647% neg 0  invalid 762 tFOTS 4.5400 tGradient 2.4560 tsec 7.3310
#FOTS# QuadFit found better minimum quadopt=(dt=36.288,rms=0.661477) vs oldopt=(dt=25.92,rms=0.661577)
#GCMRL#   37 dt  36.288000 rms  0.661  0.000% neg 0  invalid 762 tFOTS 4.6670 tGradient 2.3500 tsec 7.3760
#GCMRL#   38 dt  36.288000 rms  0.661  0.039% neg 0  invalid 762 tFOTS 0.0000 tGradient 2.3810 tsec 2.7040
#GCMRL#   39 dt  36.288000 rms  0.661  0.018% neg 0  invalid 762 tFOTS 0.0000 tGradient 2.2650 tsec 2.5670
#GCMRL#   40 dt  36.288000 rms  0.660  0.095% neg 0  invalid 762 tFOTS 0.0000 tGradient 2.3600 tsec 2.6630
#GCMRL#   41 dt  36.288000 rms  0.659  0.202% neg 0  invalid 762 tFOTS 0.0000 tGradient 2.5600 tsec 2.9410
#GCMRL#   42 dt  36.288000 rms  0.658  0.234% neg 0  invalid 762 tFOTS 0.0000 tGradient 2.4080 tsec 2.7360
#GCMRL#   43 dt  36.288000 rms  0.656  0.222% neg 0  invalid 762 tFOTS 0.0000 tGradient 2.4690 tsec 2.7950
#GCMRL#   44 dt  36.288000 rms  0.655  0.212% neg 0  invalid 762 tFOTS 0.0000 tGradient 2.1720 tsec 2.5320
#GCMRL#   45 dt  36.288000 rms  0.654  0.155% neg 0  invalid 762 tFOTS 0.0000 tGradient 2.3280 tsec 2.6380
#GCMRL#   46 dt  36.288000 rms  0.653  0.142% neg 0  invalid 762 tFOTS 0.0000 tGradient 2.3680 tsec 2.7270
#GCMRL#   47 dt  36.288000 rms  0.652  0.170% neg 0  invalid 762 tFOTS 0.0000 tGradient 2.5420 tsec 2.8540
#GCMRL#   48 dt  36.288000 rms  0.651  0.170% neg 0  invalid 762 tFOTS 0.0000 tGradient 2.3760 tsec 2.6910
#GCMRL#   49 dt  36.288000 rms  0.650  0.136% neg 0  invalid 762 tFOTS 0.0000 tGradient 2.3880 tsec 2.7040
#GCMRL#   50 dt  36.288000 rms  0.649  0.119% neg 0  invalid 762 tFOTS 0.0000 tGradient 2.1790 tsec 2.5130
#GCMRL#   51 dt  36.288000 rms  0.648  0.079% neg 0  invalid 762 tFOTS 0.0000 tGradient 2.2810 tsec 2.6250
#FOTS# QuadFit found better minimum quadopt=(dt=31.104,rms=0.648387) vs oldopt=(dt=25.92,rms=0.648387)
#GCMRL#   52 dt  31.104000 rms  0.648  0.000% neg 0  invalid 762 tFOTS 5.0930 tGradient 2.2270 tsec 7.7360

#GCAMreg# pass 0 level1 4 level2 1 tsec 94.602 sigma 0.5
l_jacobian=1.00 l_label=1.00 l_log_likelihood=0.20 l_smoothness=0.62 
tol=2.50e-01, dt=5.00e-02, exp_k=20.0, momentum=0.90, levels=6, niter=500, lbl_dist=10.00, avgs=64, sigma=0.5,type=2, relabel=0, neg=no

blurring input image with Gaussian with sigma=0.500...
GCAMRegisterLevel(): init RMS 0.648948
#GCMRL#   54 dt   6.480000 rms  0.648  0.088% neg 0  invalid 762 tFOTS 5.1030 tGradient 2.2210 tsec 7.6750
#GCMRL#   55 dt   0.450000 rms  0.648  0.000% neg 0  invalid 762 tFOTS 4.9990 tGradient 2.1810 tsec 7.5460
setting smoothness cost coefficient to 2.353

#GCAMreg# pass 0 level1 3 level2 0 tsec 0 sigma 2
l_jacobian=1.00 l_label=1.00 l_log_likelihood=0.20 l_smoothness=2.35 
tol=2.50e-01, dt=5.00e-02, exp_k=20.0, momentum=0.90, levels=6, niter=500, lbl_dist=10.00, avgs=16, sigma=2.0,type=2, relabel=0, neg=no

blurring input image with Gaussian with sigma=2.000...
GCAMRegisterLevel(): init RMS 0.673211
#GCMRL#   57 dt   0.000000 rms  0.673  0.081% neg 0  invalid 762 tFOTS 4.4360 tGradient 2.2660 tsec 7.0630

#GCAMreg# pass 0 level1 3 level2 1 tsec 23.258 sigma 0.5
l_jacobian=1.00 l_label=1.00 l_log_likelihood=0.20 l_smoothness=2.35 
tol=2.50e-01, dt=5.00e-02, exp_k=20.0, momentum=0.90, levels=6, niter=500, lbl_dist=10.00, avgs=16, sigma=0.5,type=2, relabel=0, neg=no

blurring input image with Gaussian with sigma=0.500...
GCAMRegisterLevel(): init RMS 0.673211
#GCMRL#   59 dt   0.000000 rms  0.673  0.081% neg 0  invalid 762 tFOTS 4.2860 tGradient 1.9890 tsec 6.6310
setting smoothness cost coefficient to 8.000

#GCAMreg# pass 0 level1 2 level2 0 tsec 0 sigma 2
l_jacobian=1.00 l_label=1.00 l_log_likelihood=0.20 l_smoothness=8.00 
tol=2.50e-01, dt=5.00e-02, exp_k=20.0, momentum=0.90, levels=6, niter=500, lbl_dist=10.00, avgs=4, sigma=2.0,type=2, relabel=0, neg=no

blurring input image with Gaussian with sigma=2.000...
GCAMRegisterLevel(): init RMS 0.746683
#FOTS# QuadFit found better minimum quadopt=(dt=2.50937,rms=0.722004) vs oldopt=(dt=2.88,rms=0.722554)
#GCMRL#   61 dt   2.509367 rms  0.722  3.305% neg 0  invalid 762 tFOTS 4.6590 tGradient 1.7850 tsec 6.7890
#FOTS# QuadFit found better minimum quadopt=(dt=1.75862,rms=0.719413) vs oldopt=(dt=0.72,rms=0.720284)
#GCMRL#   62 dt   1.758621 rms  0.719  0.359% neg 0  invalid 762 tFOTS 4.4600 tGradient 1.6220 tsec 6.4340
#FOTS# QuadFit found better minimum quadopt=(dt=1.27273,rms=0.718912) vs oldopt=(dt=0.72,rms=0.718983)
#GCMRL#   63 dt   1.272727 rms  0.719  0.000% neg 0  invalid 762 tFOTS 4.7240 tGradient 1.6930 tsec 6.7820

#GCAMreg# pass 0 level1 2 level2 1 tsec 31.863 sigma 0.5
l_jacobian=1.00 l_label=1.00 l_log_likelihood=0.20 l_smoothness=8.00 
tol=2.50e-01, dt=5.00e-02, exp_k=20.0, momentum=0.90, levels=6, niter=500, lbl_dist=10.00, avgs=4, sigma=0.5,type=2, relabel=0, neg=no

blurring input image with Gaussian with sigma=0.500...
GCAMRegisterLevel(): init RMS 0.719377
#GCMRL#   65 dt   0.000000 rms  0.719  0.064% neg 0  invalid 762 tFOTS 4.5210 tGradient 1.7220 tsec 6.6000
setting smoothness cost coefficient to 20.000

#GCAMreg# pass 0 level1 1 level2 0 tsec 0 sigma 2
l_jacobian=1.00 l_label=1.00 l_log_likelihood=0.20 l_smoothness=20.00 
tol=2.50e-01, dt=5.00e-02, exp_k=20.0, momentum=0.90, levels=6, niter=500, lbl_dist=10.00, avgs=1, sigma=2.0,type=2, relabel=0, neg=no

blurring input image with Gaussian with sigma=2.000...
GCAMRegisterLevel(): init RMS 0.768953
#GCMRL#   67 dt   0.320000 rms  0.767  0.198% neg 0  invalid 762 tFOTS 4.8280 tGradient 1.6290 tsec 6.8080
#FOTS# QuadFit found better minimum quadopt=(dt=1.09548,rms=0.761481) vs oldopt=(dt=1.28,rms=0.761546)
#GCMRL#   68 dt   1.095477 rms  0.761  0.775% neg 0  invalid 762 tFOTS 4.8600 tGradient 1.6200 tsec 6.8510
#FOTS# QuadFit found better minimum quadopt=(dt=0.112,rms=0.760639) vs oldopt=(dt=0.08,rms=0.760808)
#GCMRL#   69 dt   0.112000 rms  0.761  0.000% neg 0  invalid 762 tFOTS 4.7130 tGradient 1.5680 tsec 6.7130
#GCMRL#   70 dt   0.112000 rms  0.760  0.053% neg 0  invalid 762 tFOTS 0.0000 tGradient 1.6380 tsec 1.9950
#GCMRL#   71 dt   0.112000 rms  0.760  0.054% neg 0  invalid 762 tFOTS 0.0000 tGradient 1.6870 tsec 2.0560
#GCMRL#   72 dt   0.112000 rms  0.759  0.087% neg 0  invalid 762 tFOTS 0.0000 tGradient 1.6260 tsec 1.9950
#GCMRL#   73 dt   0.112000 rms  0.758  0.196% neg 0  invalid 762 tFOTS 0.0000 tGradient 1.6730 tsec 2.0360
#GCMRL#   74 dt   0.112000 rms  0.756  0.264% neg 0  invalid 762 tFOTS 0.0000 tGradient 1.6360 tsec 2.0000
#GCMRL#   75 dt   0.112000 rms  0.754  0.230% neg 0  invalid 762 tFOTS 0.0000 tGradient 1.6090 tsec 1.9700
#GCMRL#   76 dt   0.112000 rms  0.753  0.143% neg 0  invalid 762 tFOTS 0.0000 tGradient 1.6270 tsec 1.9920
#GCMRL#   77 dt   0.112000 rms  0.752  0.070% neg 0  invalid 762 tFOTS 0.0000 tGradient 1.6490 tsec 2.0080
#GCMRL#   78 dt   0.112000 rms  0.752  0.004% neg 0  invalid 762 tFOTS 0.0000 tGradient 1.7360 tsec 2.1810
#FOTS# QuadFit found better minimum quadopt=(dt=0.448,rms=0.751648) vs oldopt=(dt=0.32,rms=0.751782)
#GCMRL#   79 dt   0.448000 rms  0.752  0.088% neg 0  invalid 762 tFOTS 4.7030 tGradient 1.6500 tsec 6.7070
#FOTS# QuadFit found better minimum quadopt=(dt=0.448,rms=0.75078) vs oldopt=(dt=0.32,rms=0.750956)
#GCMRL#   80 dt   0.448000 rms  0.751  0.115% neg 0  invalid 762 tFOTS 4.4280 tGradient 1.5020 tsec 6.2830
#GCMRL#   81 dt   0.320000 rms  0.751  0.000% neg 0  invalid 762 tFOTS 4.4520 tGradient 1.6210 tsec 6.4590
#GCMRL#   82 dt   0.320000 rms  0.750  0.058% neg 0  invalid 762 tFOTS 0.0000 tGradient 1.6170 tsec 1.9980
#GCMRL#   83 dt   0.320000 rms  0.749  0.083% neg 0  invalid 762 tFOTS 0.0000 tGradient 1.6510 tsec 2.0020
#GCMRL#   84 dt   0.320000 rms  0.749  0.082% neg 0  invalid 762 tFOTS 0.0000 tGradient 1.6230 tsec 1.9690

#GCAMreg# pass 0 level1 1 level2 1 tsec 75.504 sigma 0.5
l_jacobian=1.00 l_label=1.00 l_log_likelihood=0.20 l_smoothness=20.00 
tol=2.50e-01, dt=5.00e-02, exp_k=20.0, momentum=0.90, levels=6, niter=500, lbl_dist=10.00, avgs=1, sigma=0.5,type=2, relabel=0, neg=no

blurring input image with Gaussian with sigma=0.500...
GCAMRegisterLevel(): init RMS 0.748845
#FOTS# QuadFit found better minimum quadopt=(dt=0.448,rms=0.747988) vs oldopt=(dt=0.32,rms=0.748009)
#GCMRL#   86 dt   0.448000 rms  0.748  0.115% neg 0  invalid 762 tFOTS 4.6400 tGradient 1.5970 tsec 6.6090
#FOTS# QuadFit found better minimum quadopt=(dt=0.028,rms=0.747973) vs oldopt=(dt=0.02,rms=0.747975)
#GCMRL#   87 dt   0.028000 rms  0.748  0.000% neg 0  invalid 762 tFOTS 4.6590 tGradient 1.6770 tsec 6.7380
resetting metric properties...
setting smoothness cost coefficient to 40.000

#GCAMreg# pass 0 level1 0 level2 0 tsec 0 sigma 2
l_jacobian=1.00 l_label=1.00 l_log_likelihood=0.20 l_smoothness=40.00 
tol=2.50e-01, dt=5.00e-02, exp_k=20.0, momentum=0.90, levels=6, niter=500, lbl_dist=10.00, avgs=0, sigma=2.0,type=2, relabel=0, neg=no

blurring input image with Gaussian with sigma=2.000...
GCAMRegisterLevel(): init RMS 0.727341
#FOTS# QuadFit found better minimum quadopt=(dt=0.225033,rms=0.721882) vs oldopt=(dt=0.32,rms=0.72252)
#GCMRL#   89 dt   0.225033 rms  0.722  0.750% neg 0  invalid 762 tFOTS 4.9890 tGradient 1.1800 tsec 6.5900
#GCMRL#   90 dt   0.020000 rms  0.722  0.000% neg 0  invalid 762 tFOTS 4.7830 tGradient 1.0540 tsec 6.2180

#GCAMreg# pass 0 level1 0 level2 1 tsec 24.012 sigma 0.5
l_jacobian=1.00 l_label=1.00 l_log_likelihood=0.20 l_smoothness=40.00 
tol=2.50e-01, dt=5.00e-02, exp_k=20.0, momentum=0.90, levels=6, niter=500, lbl_dist=10.00, avgs=0, sigma=0.5,type=2, relabel=0, neg=no

blurring input image with Gaussian with sigma=0.500...
GCAMRegisterLevel(): init RMS 0.722101
#FOTS# QuadFit found better minimum quadopt=(dt=0.007,rms=0.721645) vs oldopt=(dt=0.005,rms=0.721648)
#GCMRL#   92 dt   0.007000 rms  0.722  0.063% neg 0  invalid 762 tFOTS 4.7590 tGradient 1.1460 tsec 6.2640
#FOTS# QuadFit found better minimum quadopt=(dt=0.0015,rms=0.721642) vs oldopt=(dt=0.00125,rms=0.721642)
#GCMRL#   93 dt   0.001500 rms  0.722  0.000% neg 0  invalid 762 tFOTS 4.5900 tGradient 1.0770 tsec 6.0650
GCAMregister done in 8.37955 min
Starting GCAmapRenormalizeWithAlignment() without scales
renormalizing by structure alignment....
renormalizing input #0
gca peak = 0.10253 (16)
mri peak = 0.21436 (17)
Left_Lateral_Ventricle (4): linear fit = 0.70 x + 0.0 (1679 voxels, overlap=0.347)
Left_Lateral_Ventricle (4): linear fit = 0.70 x + 0.0 (1679 voxels, peak = 11), gca=11.3
gca peak = 0.17690 (16)
mri peak = 0.11974 (13)
Right_Lateral_Ventricle (43): linear fit = 0.80 x + 0.0 (1040 voxels, overlap=0.507)
Right_Lateral_Ventricle (43): linear fit = 0.80 x + 0.0 (1040 voxels, peak = 13), gca=12.7
gca peak = 0.28275 (96)
mri peak = 0.15376 (102)
Right_Pallidum (52): linear fit = 1.09 x + 0.0 (887 voxels, overlap=0.383)
Right_Pallidum (52): linear fit = 1.09 x + 0.0 (887 voxels, peak = 104), gca=104.2
gca peak = 0.18948 (93)
mri peak = 0.15669 (105)
Left_Pallidum (13): linear fit = 1.09 x + 0.0 (785 voxels, overlap=0.109)
Left_Pallidum (13): linear fit = 1.09 x + 0.0 (785 voxels, peak = 101), gca=100.9
gca peak = 0.20755 (55)
mri peak = 0.09927 (68)
Right_Hippocampus (53): linear fit = 1.15 x + 0.0 (873 voxels, overlap=0.127)
Right_Hippocampus (53): linear fit = 1.15 x + 0.0 (873 voxels, peak = 64), gca=63.5
gca peak = 0.31831 (58)
mri peak = 0.09134 (65)
Left_Hippocampus (17): linear fit = 1.12 x + 0.0 (841 voxels, overlap=0.618)
Left_Hippocampus (17): linear fit = 1.12 x + 0.0 (841 voxels, peak = 65), gca=64.7
gca peak = 0.11957 (102)
mri peak = 0.18624 (105)
Right_Cerebral_White_Matter (41): linear fit = 1.05 x + 0.0 (55755 voxels, overlap=0.490)
Right_Cerebral_White_Matter (41): linear fit = 1.05 x + 0.0 (55755 voxels, peak = 108), gca=107.6
gca peak = 0.11429 (102)
mri peak = 0.17618 (105)
Left_Cerebral_White_Matter (2): linear fit = 1.01 x + 0.0 (59088 voxels, overlap=0.597)
Left_Cerebral_White_Matter (2): linear fit = 1.01 x + 0.0 (59088 voxels, peak = 104), gca=103.5
gca peak = 0.14521 (59)
mri peak = 0.05296 (58)
Left_Cerebral_Cortex (3): linear fit = 0.96 x + 0.0 (21047 voxels, overlap=0.824)
Left_Cerebral_Cortex (3): linear fit = 0.96 x + 0.0 (21047 voxels, peak = 57), gca=56.9
gca peak = 0.14336 (58)
mri peak = 0.04678 (58)
Right_Cerebral_Cortex (42): linear fit = 1.02 x + 0.0 (20226 voxels, overlap=0.994)
Right_Cerebral_Cortex (42): linear fit = 1.02 x + 0.0 (20226 voxels, peak = 59), gca=59.4
gca peak = 0.13305 (70)
mri peak = 0.09551 (71)
Right_Caudate (50): linear fit = 1.12 x + 0.0 (387 voxels, overlap=0.443)
Right_Caudate (50): linear fit = 1.12 x + 0.0 (387 voxels, peak = 78), gca=78.1
gca peak = 0.15761 (71)
mri peak = 0.13492 (76)
Left_Caudate (11): linear fit = 1.01 x + 0.0 (807 voxels, overlap=0.824)
Left_Caudate (11): linear fit = 1.01 x + 0.0 (807 voxels, peak = 72), gca=72.1
gca peak = 0.13537 (57)
mri peak = 0.05939 (56)
Left_Cerebellum_Cortex (8): linear fit = 1.04 x + 0.0 (28509 voxels, overlap=0.965)
Left_Cerebellum_Cortex (8): linear fit = 1.04 x + 0.0 (28509 voxels, peak = 60), gca=59.6
gca peak = 0.13487 (56)
mri peak = 0.04763 (52)
Right_Cerebellum_Cortex (47): linear fit = 1.04 x + 0.0 (29087 voxels, overlap=0.961)
Right_Cerebellum_Cortex (47): linear fit = 1.04 x + 0.0 (29087 voxels, peak = 59), gca=58.5
gca peak = 0.19040 (84)
mri peak = 0.07930 (86)
Left_Cerebellum_White_Matter (7): linear fit = 1.02 x + 0.0 (8727 voxels, overlap=0.906)
Left_Cerebellum_White_Matter (7): linear fit = 1.02 x + 0.0 (8727 voxels, peak = 86), gca=86.1
gca peak = 0.18871 (83)
mri peak = 0.07741 (83)
Right_Cerebellum_White_Matter (46): linear fit = 1.05 x + 0.0 (7040 voxels, overlap=0.891)
Right_Cerebellum_White_Matter (46): linear fit = 1.05 x + 0.0 (7040 voxels, peak = 88), gca=87.6
gca peak = 0.24248 (57)
mri peak = 0.10250 (62)
Left_Amygdala (18): linear fit = 1.08 x + 0.0 (414 voxels, overlap=0.632)
Left_Amygdala (18): linear fit = 1.08 x + 0.0 (414 voxels, peak = 61), gca=61.3
gca peak = 0.35833 (56)
mri peak = 0.08749 (68)
Right_Amygdala (54): linear fit = 1.21 x + 0.0 (501 voxels, overlap=0.210)
Right_Amygdala (54): linear fit = 1.21 x + 0.0 (501 voxels, peak = 67), gca=67.5
gca peak = 0.12897 (85)
mri peak = 0.06732 (92)
Left_Thalamus (10): linear fit = 1.07 x + 0.0 (5137 voxels, overlap=0.782)
Left_Thalamus (10): linear fit = 1.07 x + 0.0 (5137 voxels, peak = 91), gca=90.5
gca peak = 0.13127 (83)
mri peak = 0.07382 (90)
Right_Thalamus (49): linear fit = 1.08 x + 0.0 (4238 voxels, overlap=0.612)
Right_Thalamus (49): linear fit = 1.08 x + 0.0 (4238 voxels, peak = 89), gca=89.2
gca peak = 0.12974 (78)
mri peak = 0.06989 (91)
Left_Putamen (12): linear fit = 1.15 x + 0.0 (2227 voxels, overlap=0.522)
Left_Putamen (12): linear fit = 1.15 x + 0.0 (2227 voxels, peak = 90), gca=90.1
gca peak = 0.17796 (79)
mri peak = 0.07077 (91)
Right_Putamen (51): linear fit = 1.14 x + 0.0 (2276 voxels, overlap=0.791)
Right_Putamen (51): linear fit = 1.14 x + 0.0 (2276 voxels, peak = 90), gca=90.5
gca peak = 0.10999 (80)
mri peak = 0.07406 (93)
Brain_Stem (16): linear fit = 1.18 x + 0.0 (12061 voxels, overlap=0.210)
Brain_Stem (16): linear fit = 1.18 x + 0.0 (12061 voxels, peak = 95), gca=94.8
gca peak = 0.13215 (88)
mri peak = 0.10050 (101)
Right_VentralDC (60): linear fit = 1.16 x + 0.0 (1271 voxels, overlap=0.013)
Right_VentralDC (60): linear fit = 1.16 x + 0.0 (1271 voxels, peak = 103), gca=102.5
gca peak = 0.11941 (89)
mri peak = 0.09612 (102)
Left_VentralDC (28): linear fit = 1.13 x + 0.0 (1383 voxels, overlap=0.197)
Left_VentralDC (28): linear fit = 1.13 x + 0.0 (1383 voxels, peak = 101), gca=101.0
gca peak = 0.20775 (25)
mri peak = 0.18182 (18)
Third_Ventricle (14): linear fit = 0.79 x + 0.0 (62 voxels, overlap=0.474)
Third_Ventricle (14): linear fit = 0.79 x + 0.0 (62 voxels, peak = 20), gca=19.6
gca peak = 0.13297 (21)
mri peak = 0.17686 (18)
Fourth_Ventricle (15): linear fit = 0.87 x + 0.0 (549 voxels, overlap=0.683)
Fourth_Ventricle (15): linear fit = 0.87 x + 0.0 (549 voxels, peak = 18), gca=18.2
gca peak Unknown = 0.94777 ( 0)
gca peak Left_Inf_Lat_Vent = 0.19087 (28)
gca peak CSF = 0.16821 (33)
gca peak Left_Accumbens_area = 0.32850 (63)
gca peak Left_undetermined = 0.98480 (28)
gca peak Left_vessel = 0.40887 (53)
gca peak Left_choroid_plexus = 0.10898 (46)
gca peak Right_Inf_Lat_Vent = 0.17798 (26)
gca peak Right_Accumbens_area = 0.30137 (64)
gca peak Right_vessel = 0.47828 (52)
gca peak Right_choroid_plexus = 0.11612 (45)
gca peak Fifth_Ventricle = 0.59466 (35)
gca peak WM_hypointensities = 0.10053 (78)
gca peak non_WM_hypointensities = 0.07253 (60)
gca peak Optic_Chiasm = 0.25330 (73)
not using caudate to estimate GM means
estimating mean gm scale to be 1.09 x + 0.0
estimating mean wm scale to be 1.03 x + 0.0
estimating mean csf scale to be 0.79 x + 0.0
Left_Pallidum too bright - rescaling by 1.015 (from 1.085) to 102.4 (was 100.9)
Right_Pallidum too bright - rescaling by 0.983 (from 1.085) to 102.4 (was 104.2)
saving intensity scales to talairach.label_intensities.txt
GCAmapRenormalizeWithAlignment() took 3.5934 min
noneg pre
Starting GCAMregister()
label assignment complete, 0 changed (0.00%)
npasses = 1, nlevels = 6
#pass# 1 of 1 ************************
enabling zero nodes
setting smoothness cost coefficient to 0.008

#GCAMreg# pass 0 level1 5 level2 0 tsec 0 sigma 2
l_jacobian=1.00 l_label=1.00 l_log_likelihood=0.20 l_smoothness=0.01 
tol=5.00e-02, dt=5.00e-02, exp_k=20.0, momentum=0.90, levels=6, niter=500, lbl_dist=10.00, avgs=256, sigma=2.0,type=2, relabel=0, neg=no

blurring input image with Gaussian with sigma=2.000...
GCAMRegisterLevel(): init RMS 0.742321
#FOTS# QuadFit found better minimum quadopt=(dt=211.288,rms=0.722545) vs oldopt=(dt=92.48,rms=0.729186)
#GCMRL#   95 dt 211.287671 rms  0.723  2.664% neg 0  invalid 762 tFOTS 4.9580 tGradient 2.2260 tsec 7.6000
#FOTS# QuadFit found better minimum quadopt=(dt=221.952,rms=0.715307) vs oldopt=(dt=369.92,rms=0.717263)
#GCMRL#   96 dt 221.952000 rms  0.715  1.002% neg 0  invalid 762 tFOTS 4.8550 tGradient 2.5250 tsec 7.7540
#FOTS# QuadFit found better minimum quadopt=(dt=129.472,rms=0.712099) vs oldopt=(dt=92.48,rms=0.71243)
#GCMRL#   97 dt 129.472000 rms  0.712  0.448% neg 0  invalid 762 tFOTS 5.0950 tGradient 2.1720 tsec 7.6640
#GCMRL#   98 dt 369.920000 rms  0.708  0.559% neg 0  invalid 762 tFOTS 4.8030 tGradient 2.1930 tsec 7.4040
#FOTS# QuadFit found better minimum quadopt=(dt=129.472,rms=0.705913) vs oldopt=(dt=92.48,rms=0.706014)
#GCMRL#   99 dt 129.472000 rms  0.706  0.312% neg 0  invalid 762 tFOTS 5.0580 tGradient 2.3170 tsec 7.7410
#FOTS# QuadFit found better minimum quadopt=(dt=295.936,rms=0.703771) vs oldopt=(dt=369.92,rms=0.703783)
#GCMRL#  100 dt 295.936000 rms  0.704  0.303% neg 0  invalid 762 tFOTS 4.9280 tGradient 2.2650 tsec 7.5430
#FOTS# QuadFit found better minimum quadopt=(dt=129.472,rms=0.702475) vs oldopt=(dt=92.48,rms=0.702583)
#GCMRL#  101 dt 129.472000 rms  0.702  0.184% neg 0  invalid 762 tFOTS 4.7410 tGradient 2.1410 tsec 7.2290
#GCMRL#  102 dt 369.920000 rms  0.701  0.237% neg 0  invalid 762 tFOTS 4.8900 tGradient 2.2340 tsec 7.4750
#FOTS# QuadFit found better minimum quadopt=(dt=110.976,rms=0.699603) vs oldopt=(dt=92.48,rms=0.699651)
#GCMRL#  103 dt 110.976000 rms  0.700  0.172% neg 0  invalid 762 tFOTS 4.7310 tGradient 2.1040 tsec 7.1940
#FOTS# QuadFit found better minimum quadopt=(dt=1183.74,rms=0.696031) vs oldopt=(dt=1479.68,rms=0.696113)
#GCMRL#  104 dt 1183.744000 rms  0.696  0.510% neg 0  invalid 762 tFOTS 4.7500 tGradient 2.2360 tsec 7.3420
#GCMRL#  105 dt  92.480000 rms  0.694  0.278% neg 0  invalid 762 tFOTS 4.9630 tGradient 2.1510 tsec 7.4700
#GCMRL#  106 dt 1479.680000 rms  0.692  0.289% neg 0  invalid 762 tFOTS 4.8760 tGradient 2.1440 tsec 7.3780
#FOTS# QuadFit found better minimum quadopt=(dt=129.472,rms=0.690155) vs oldopt=(dt=92.48,rms=0.690305)
#GCMRL#  107 dt 129.472000 rms  0.690  0.280% neg 0  invalid 762 tFOTS 5.0460 tGradient 2.1230 tsec 7.5190
#FOTS# QuadFit found better minimum quadopt=(dt=129.472,rms=0.689709) vs oldopt=(dt=92.48,rms=0.689783)
#GCMRL#  108 dt 129.472000 rms  0.690  0.065% neg 0  invalid 762 tFOTS 4.7690 tGradient 2.1230 tsec 7.2510
#FOTS# QuadFit found better minimum quadopt=(dt=887.808,rms=0.688058) vs oldopt=(dt=1479.68,rms=0.688348)
#GCMRL#  109 dt 887.808000 rms  0.688  0.239% neg 0  invalid 762 tFOTS 4.7790 tGradient 2.1910 tsec 7.3210
#GCMRL#  110 dt  92.480000 rms  0.687  0.106% neg 0  invalid 762 tFOTS 4.8000 tGradient 2.1260 tsec 7.2790
#FOTS# QuadFit found better minimum quadopt=(dt=517.888,rms=0.686793) vs oldopt=(dt=369.92,rms=0.686876)
#GCMRL#  111 dt 517.888000 rms  0.687  0.077% neg 0  invalid 762 tFOTS 4.7760 tGradient 2.1080 tsec 7.2350
#FOTS# QuadFit found better minimum quadopt=(dt=443.904,rms=0.685868) vs oldopt=(dt=369.92,rms=0.685897)
#GCMRL#  112 dt 443.904000 rms  0.686  0.135% neg 0  invalid 762 tFOTS 4.9100 tGradient 2.0680 tsec 7.3290
#FOTS# QuadFit found better minimum quadopt=(dt=129.472,rms=0.68546) vs oldopt=(dt=92.48,rms=0.685497)
#GCMRL#  113 dt 129.472000 rms  0.685  0.059% neg 0  invalid 762 tFOTS 5.1400 tGradient 2.3880 tsec 7.9660
#FOTS# QuadFit found better minimum quadopt=(dt=517.888,rms=0.684939) vs oldopt=(dt=369.92,rms=0.685003)
#GCMRL#  114 dt 517.888000 rms  0.685  0.076% neg 0  invalid 762 tFOTS 5.3340 tGradient 2.4280 tsec 8.1100
#FOTS# QuadFit found better minimum quadopt=(dt=129.472,rms=0.684531) vs oldopt=(dt=92.48,rms=0.684569)
#GCMRL#  115 dt 129.472000 rms  0.685  0.060% neg 0  invalid 762 tFOTS 5.0690 tGradient 2.0690 tsec 7.5000
#FOTS# QuadFit found better minimum quadopt=(dt=443.904,rms=0.684099) vs oldopt=(dt=369.92,rms=0.6841)
#GCMRL#  116 dt 443.904000 rms  0.684  0.063% neg 0  invalid 762 tFOTS 5.1500 tGradient 2.0090 tsec 7.5010
#FOTS# QuadFit found better minimum quadopt=(dt=110.976,rms=0.683687) vs oldopt=(dt=92.48,rms=0.683696)
#GCMRL#  117 dt 110.976000 rms  0.684  0.060% neg 0  invalid 762 tFOTS 4.8800 tGradient 2.0160 tsec 7.2390
#FOTS# QuadFit found better minimum quadopt=(dt=517.888,rms=0.683232) vs oldopt=(dt=369.92,rms=0.6833)
#GCMRL#  118 dt 517.888000 rms  0.683  0.067% neg 0  invalid 762 tFOTS 5.7080 tGradient 2.2970 tsec 8.3950
#FOTS# QuadFit found better minimum quadopt=(dt=129.472,rms=0.682855) vs oldopt=(dt=92.48,rms=0.68289)
#GCMRL#  119 dt 129.472000 rms  0.683  0.055% neg 0  invalid 762 tFOTS 4.9390 tGradient 2.2910 tsec 7.5930
#FOTS# QuadFit found better minimum quadopt=(dt=295.936,rms=0.682627) vs oldopt=(dt=369.92,rms=0.682662)
#GCMRL#  120 dt 295.936000 rms  0.683  0.000% neg 0  invalid 762 tFOTS 5.2930 tGradient 2.1090 tsec 7.8210
#GCMRL#  121 dt 295.936000 rms  0.683  0.004% neg 0  invalid 762 tFOTS 0.0000 tGradient 2.1950 tsec 2.5280
#GCMRL#  122 dt 295.936000 rms  0.682  0.067% neg 0  invalid 762 tFOTS 0.0000 tGradient 2.2340 tsec 2.5650
#GCMRL#  123 dt 295.936000 rms  0.681  0.221% neg 0  invalid 762 tFOTS 0.0000 tGradient 2.0900 tsec 2.4560
#GCMRL#  124 dt 295.936000 rms  0.680  0.157% neg 0  invalid 762 tFOTS 0.0000 tGradient 2.4070 tsec 2.8530
#GCMRL#  125 dt 295.936000 rms  0.679  0.092% neg 0  invalid 762 tFOTS 0.0000 tGradient 2.5220 tsec 2.9450
#GCMRL#  126 dt 295.936000 rms  0.677  0.243% neg 0  invalid 762 tFOTS 0.0000 tGradient 2.4710 tsec 2.8780
#GCMRL#  127 dt 295.936000 rms  0.676  0.210% neg 0  invalid 762 tFOTS 0.0000 tGradient 2.2450 tsec 2.6110
#GCMRL#  128 dt 295.936000 rms  0.675  0.191% neg 0  invalid 762 tFOTS 0.0000 tGradient 2.1700 tsec 2.5470
#GCMRL#  129 dt 295.936000 rms  0.673  0.175% neg 0  invalid 762 tFOTS 0.0000 tGradient 2.0570 tsec 2.3890
#GCMRL#  130 dt 295.936000 rms  0.673  0.111% neg 0  invalid 762 tFOTS 0.0000 tGradient 2.1550 tsec 2.4920
#GCMRL#  131 dt 295.936000 rms  0.671  0.204% neg 0  invalid 762 tFOTS 0.0000 tGradient 2.0920 tsec 2.4280
#GCMRL#  132 dt 295.936000 rms  0.670  0.152% neg 0  invalid 762 tFOTS 0.0000 tGradient 2.2500 tsec 2.6260
#GCMRL#  133 dt 295.936000 rms  0.670  0.092% neg 0  invalid 762 tFOTS 0.0000 tGradient 2.5670 tsec 3.0270
#GCMRL#  134 dt 295.936000 rms  0.669  0.149% neg 0  invalid 762 tFOTS 0.0000 tGradient 2.3960 tsec 2.8630
#GCMRL#  135 dt 295.936000 rms  0.668  0.124% neg 0  invalid 762 tFOTS 0.0000 tGradient 2.4120 tsec 2.8100
#GCMRL#  136 dt 295.936000 rms  0.667  0.127% neg 0  invalid 762 tFOTS 0.0000 tGradient 2.1290 tsec 2.5090
#GCMRL#  137 dt 295.936000 rms  0.666  0.123% neg 0  invalid 762 tFOTS 0.0000 tGradient 2.1650 tsec 2.5480
#GCMRL#  138 dt 295.936000 rms  0.666  0.071% neg 0  invalid 762 tFOTS 0.0000 tGradient 2.4650 tsec 2.8200
#GCMRL#  139 dt 295.936000 rms  0.665  0.116% neg 0  invalid 762 tFOTS 0.0000 tGradient 2.1930 tsec 2.5250
#GCMRL#  140 dt 295.936000 rms  0.664  0.109% neg 0  invalid 762 tFOTS 0.0000 tGradient 2.3270 tsec 2.8010
#GCMRL#  141 dt 295.936000 rms  0.664  0.072% neg 0  invalid 762 tFOTS 0.0000 tGradient 2.4710 tsec 2.8880
#GCMRL#  142 dt 295.936000 rms  0.663  0.087% neg 0  invalid 762 tFOTS 0.0000 tGradient 2.1600 tsec 2.5710
#GCMRL#  143 dt 295.936000 rms  0.663  0.069% neg 0  invalid 762 tFOTS 0.0000 tGradient 2.2080 tsec 2.5380
#GCMRL#  144 dt 295.936000 rms  0.662  0.091% neg 0  invalid 762 tFOTS 0.0000 tGradient 2.0800 tsec 2.4920
#GCMRL#  145 dt 295.936000 rms  0.662  0.071% neg 0  invalid 762 tFOTS 0.0000 tGradient 2.2780 tsec 2.7060
#GCMRL#  146 dt 295.936000 rms  0.661  0.047% neg 0  invalid 762 tFOTS 0.0000 tGradient 2.4200 tsec 2.8350
#GCMRL#  147 dt 295.936000 rms  0.661  0.079% neg 0  invalid 762 tFOTS 0.0000 tGradient 2.4380 tsec 2.7990
#GCMRL#  148 dt 295.936000 rms  0.660  0.061% neg 0  invalid 762 tFOTS 0.0000 tGradient 2.6380 tsec 3.0480
#GCMRL#  149 dt 295.936000 rms  0.660  0.065% neg 0  invalid 762 tFOTS 0.0000 tGradient 2.4950 tsec 2.9180
#GCMRL#  150 dt 295.936000 rms  0.659  0.073% neg 0  invalid 762 tFOTS 0.0000 tGradient 2.3630 tsec 2.7780
#GCMRL#  151 dt 295.936000 rms  0.659  0.057% neg 0  invalid 762 tFOTS 0.0000 tGradient 2.3650 tsec 2.7520
#GCMRL#  152 dt 295.936000 rms  0.659  0.074% neg 0  invalid 762 tFOTS 0.0000 tGradient 2.4370 tsec 2.8030
#GCMRL#  153 dt 295.936000 rms  0.658  0.055% neg 0  invalid 762 tFOTS 0.0000 tGradient 2.4690 tsec 3.0870
#GCMRL#  154 dt 295.936000 rms  0.658  0.049% neg 0  invalid 762 tFOTS 0.0000 tGradient 2.8390 tsec 3.2280
#GCMRL#  155 dt 295.936000 rms  0.657  0.068% neg 0  invalid 762 tFOTS 0.0000 tGradient 2.9860 tsec 3.3070
#GCMRL#  156 dt 295.936000 rms  0.657  0.051% neg 0  invalid 762 tFOTS 0.0000 tGradient 2.6950 tsec 3.1250
#GCMRL#  157 dt 295.936000 rms  0.657  0.070% neg 0  invalid 762 tFOTS 0.0000 tGradient 2.7090 tsec 3.1180
#GCMRL#  158 dt 295.936000 rms  0.656  0.049% neg 0  invalid 762 tFOTS 0.0000 tGradient 2.6150 tsec 3.0250
#GCMRL#  159 dt 295.936000 rms  0.656  0.030% neg 0  invalid 762 tFOTS 0.0000 tGradient 2.3030 tsec 2.6910
#GCMRL#  160 dt 295.936000 rms  0.656  0.084% neg 0  invalid 762 tFOTS 0.0000 tGradient 2.6010 tsec 2.9820
#GCMRL#  161 dt 295.936000 rms  0.655  0.055% neg 0  invalid 762 tFOTS 0.0000 tGradient 2.4520 tsec 2.8660
#GCMRL#  162 dt 295.936000 rms  0.655  0.055% neg 0  invalid 762 tFOTS 0.0000 tGradient 2.6020 tsec 2.9740
#GCMRL#  163 dt 295.936000 rms  0.654  0.058% neg 0  invalid 762 tFOTS 0.0000 tGradient 2.4080 tsec 2.7720
#GCMRL#  164 dt 295.936000 rms  0.654  0.020% neg 0  invalid 762 tFOTS 0.0000 tGradient 2.4650 tsec 2.8630
#GCMRL#  165 dt 295.936000 rms  0.654  0.048% neg 0  invalid 762 tFOTS 0.0000 tGradient 2.2780 tsec 2.6170
#GCMRL#  166 dt 295.936000 rms  0.654  0.055% neg 0  invalid 762 tFOTS 0.0000 tGradient 2.3100 tsec 2.6720
#GCMRL#  167 dt 295.936000 rms  0.653  0.043% neg 0  invalid 762 tFOTS 0.0000 tGradient 2.6200 tsec 3.0320
#GCMRL#  168 dt 295.936000 rms  0.653  0.044% neg 0  invalid 762 tFOTS 0.0000 tGradient 2.6170 tsec 3.0340
#GCMRL#  169 dt 295.936000 rms  0.653  0.013% neg 0  invalid 762 tFOTS 0.0000 tGradient 2.6640 tsec 3.1010
#GCMRL#  170 dt 295.936000 rms  0.653  0.050% neg 0  invalid 762 tFOTS 0.0000 tGradient 2.6320 tsec 3.0400
#GCMRL#  171 dt 295.936000 rms  0.652  0.037% neg 0  invalid 762 tFOTS 0.0000 tGradient 2.4070 tsec 2.7630
#GCMRL#  172 dt 295.936000 rms  0.652  0.009% neg 0  invalid 762 tFOTS 0.0000 tGradient 2.2490 tsec 2.6960
#GCMRL#  173 dt 295.936000 rms  0.652  0.047% neg 0  invalid 762 tFOTS 0.0000 tGradient 2.0470 tsec 2.4510
#GCMRL#  174 dt 295.936000 rms  0.652  0.022% neg 0  invalid 762 tFOTS 0.0000 tGradient 2.3550 tsec 2.6880
#GCMRL#  175 dt 295.936000 rms  0.652  0.049% neg 0  invalid 762 tFOTS 0.0000 tGradient 2.2610 tsec 2.5880
#GCMRL#  176 dt 295.936000 rms  0.651  0.025% neg 0  invalid 762 tFOTS 0.0000 tGradient 2.2000 tsec 2.5490
#GCMRL#  177 dt 295.936000 rms  0.651  0.007% neg 0  invalid 762 tFOTS 0.0000 tGradient 2.1340 tsec 2.4830
#GCMRL#  178 dt 295.936000 rms  0.651  0.047% neg 0  invalid 762 tFOTS 0.0000 tGradient 2.5350 tsec 3.0080
#GCMRL#  179 dt 295.936000 rms  0.651  0.023% neg 0  invalid 762 tFOTS 0.0000 tGradient 2.1280 tsec 2.4920
#GCMRL#  180 dt 295.936000 rms  0.651  0.035% neg 0  invalid 762 tFOTS 0.0000 tGradient 2.1910 tsec 2.6130
#GCMRL#  181 dt 295.936000 rms  0.651  0.031% neg 0  invalid 762 tFOTS 0.0000 tGradient 2.0910 tsec 2.5140
#GCMRL#  182 dt 295.936000 rms  0.650  0.023% neg 0  invalid 762 tFOTS 0.0000 tGradient 2.0830 tsec 2.4800
#GCMRL#  183 dt 295.936000 rms  0.650  0.033% neg 0  invalid 762 tFOTS 0.0000 tGradient 2.0960 tsec 2.4530
#GCMRL#  184 dt 295.936000 rms  0.650  0.029% neg 0  invalid 762 tFOTS 0.0000 tGradient 2.1160 tsec 2.4590
#GCMRL#  185 dt 295.936000 rms  0.650  0.030% neg 0  invalid 762 tFOTS 0.0000 tGradient 2.1320 tsec 2.4470
#GCMRL#  186 dt 295.936000 rms  0.650  0.024% neg 0  invalid 762 tFOTS 0.0000 tGradient 2.2680 tsec 2.6500
#GCMRL#  187 dt 295.936000 rms  0.650  0.019% neg 0  invalid 762 tFOTS 0.0000 tGradient 2.1130 tsec 2.4670
#FOTS# QuadFit found better minimum quadopt=(dt=295.936,rms=0.649463) vs oldopt=(dt=369.92,rms=0.649465)
#GCMRL#  188 dt 295.936000 rms  0.649  0.000% neg 0  invalid 762 tFOTS 5.1200 tGradient 2.1440 tsec 7.6430
#GCMRL#  189 dt 295.936000 rms  0.649  0.001% neg 0  invalid 762 tFOTS 0.0000 tGradient 2.1510 tsec 2.4940

#GCAMreg# pass 0 level1 5 level2 1 tsec 401.917 sigma 0.5
l_jacobian=1.00 l_label=1.00 l_log_likelihood=0.20 l_smoothness=0.01 
tol=5.00e-02, dt=5.00e-02, exp_k=20.0, momentum=0.90, levels=6, niter=500, lbl_dist=10.00, avgs=256, sigma=0.5,type=2, relabel=0, neg=no

blurring input image with Gaussian with sigma=0.500...
GCAMRegisterLevel(): init RMS 0.649945
#FOTS# QuadFit found better minimum quadopt=(dt=295.936,rms=0.648413) vs oldopt=(dt=369.92,rms=0.64845)
#GCMRL#  191 dt 295.936000 rms  0.648  0.236% neg 0  invalid 762 tFOTS 5.0290 tGradient 2.1390 tsec 7.5270
#FOTS# QuadFit found better minimum quadopt=(dt=110.976,rms=0.648127) vs oldopt=(dt=92.48,rms=0.648141)
#GCMRL#  192 dt 110.976000 rms  0.648  0.000% neg 0  invalid 762 tFOTS 5.0540 tGradient 2.2540 tsec 7.6870
#GCMRL#  193 dt 110.976000 rms  0.648  0.012% neg 0  invalid 762 tFOTS 0.0000 tGradient 2.1360 tsec 2.4760
#GCMRL#  194 dt 110.976000 rms  0.648  0.022% neg 0  invalid 762 tFOTS 0.0000 tGradient 2.2200 tsec 2.6700
#GCMRL#  195 dt 110.976000 rms  0.648  0.025% neg 0  invalid 762 tFOTS 0.0000 tGradient 2.6890 tsec 3.1310
#GCMRL#  196 dt 110.976000 rms  0.647  0.043% neg 0  invalid 762 tFOTS 0.0000 tGradient 2.2020 tsec 2.5750
#GCMRL#  197 dt 110.976000 rms  0.647  0.038% neg 0  invalid 762 tFOTS 0.0000 tGradient 2.1190 tsec 2.4890
#GCMRL#  198 dt 110.976000 rms  0.647  0.037% neg 0  invalid 762 tFOTS 0.0000 tGradient 2.2090 tsec 2.6210
#GCMRL#  199 dt 110.976000 rms  0.647  0.027% neg 0  invalid 762 tFOTS 0.0000 tGradient 2.1960 tsec 2.5990
#GCMRL#  200 dt 110.976000 rms  0.647  0.025% neg 0  invalid 762 tFOTS 0.0000 tGradient 2.2190 tsec 2.5970
#GCMRL#  201 dt 110.976000 rms  0.647  0.018% neg 0  invalid 762 tFOTS 0.0000 tGradient 2.2230 tsec 2.6050
#GCMRL#  202 dt 110.976000 rms  0.646  0.019% neg 0  invalid 762 tFOTS 0.0000 tGradient 2.2810 tsec 2.6170
#GCMRL#  203 dt 110.976000 rms  0.646  0.022% neg 0  invalid 762 tFOTS 0.0000 tGradient 2.1910 tsec 2.5760
#GCMRL#  204 dt 110.976000 rms  0.646  0.027% neg 0  invalid 762 tFOTS 0.0000 tGradient 2.1740 tsec 2.5080
#GCMRL#  205 dt 110.976000 rms  0.646  0.027% neg 0  invalid 762 tFOTS 0.0000 tGradient 2.1990 tsec 2.5330
#GCMRL#  206 dt 110.976000 rms  0.646  0.013% neg 0  invalid 762 tFOTS 0.0000 tGradient 2.3440 tsec 2.7440
#GCMRL#  207 dt 110.976000 rms  0.646  0.014% neg 0  invalid 762 tFOTS 0.0000 tGradient 2.2720 tsec 2.6550
#GCMRL#  208 dt 110.976000 rms  0.646  0.004% neg 0  invalid 762 tFOTS 0.0000 tGradient 2.1820 tsec 2.6910
#FOTS# QuadFit found better minimum quadopt=(dt=517.888,rms=0.645666) vs oldopt=(dt=369.92,rms=0.645671)
#GCMRL#  209 dt 517.888000 rms  0.646  0.007% neg 0  invalid 762 tFOTS 6.2190 tGradient 2.3050 tsec 8.9470
#FOTS# QuadFit found better minimum quadopt=(dt=32.368,rms=0.645649) vs oldopt=(dt=23.12,rms=0.64565)
#GCMRL#  210 dt  32.368000 rms  0.646  0.000% neg 0  invalid 762 tFOTS 6.0560 tGradient 2.3270 tsec 8.7870
setting smoothness cost coefficient to 0.031

#GCAMreg# pass 0 level1 4 level2 0 tsec 0 sigma 2
l_jacobian=1.00 l_label=1.00 l_log_likelihood=0.20 l_smoothness=0.03 
tol=5.00e-02, dt=5.00e-02, exp_k=20.0, momentum=0.90, levels=6, niter=500, lbl_dist=10.00, avgs=64, sigma=2.0,type=2, relabel=0, neg=no

blurring input image with Gaussian with sigma=2.000...
GCAMRegisterLevel(): init RMS 0.648378
#FOTS# QuadFit found better minimum quadopt=(dt=145.152,rms=0.644548) vs oldopt=(dt=103.68,rms=0.644994)
#GCMRL#  212 dt 145.152000 rms  0.645  0.591% neg 0  invalid 762 tFOTS 4.9720 tGradient 2.1260 tsec 7.4510
#FOTS# QuadFit found better minimum quadopt=(dt=331.776,rms=0.634282) vs oldopt=(dt=414.72,rms=0.63563)
#GCMRL#  213 dt 331.776000 rms  0.634  1.593% neg 0  invalid 762 tFOTS 4.9030 tGradient 1.9200 tsec 7.1640
#FOTS# QuadFit found better minimum quadopt=(dt=60.0889,rms=0.62972) vs oldopt=(dt=25.92,rms=0.630912)
#GCMRL#  214 dt  60.088889 rms  0.630  0.719% neg 0  invalid 762 tFOTS 5.1250 tGradient 1.9110 tsec 7.4720
#FOTS# QuadFit found better minimum quadopt=(dt=331.776,rms=0.626115) vs oldopt=(dt=414.72,rms=0.626357)
#GCMRL#  215 dt 331.776000 rms  0.626  0.573% neg 0  invalid 762 tFOTS 5.0580 tGradient 1.8960 tsec 7.3460
#FOTS# QuadFit found better minimum quadopt=(dt=111.527,rms=0.620535) vs oldopt=(dt=103.68,rms=0.620553)
#GCMRL#  216 dt 111.527426 rms  0.621  0.891% neg 0  invalid 762 tFOTS 5.2920 tGradient 2.0980 tsec 7.7700
#FOTS# QuadFit found better minimum quadopt=(dt=36.288,rms=0.619373) vs oldopt=(dt=25.92,rms=0.619608)
#GCMRL#  217 dt  36.288000 rms  0.619  0.187% neg 0  invalid 762 tFOTS 4.9560 tGradient 1.8520 tsec 7.2810
#FOTS# QuadFit found better minimum quadopt=(dt=145.152,rms=0.617843) vs oldopt=(dt=103.68,rms=0.618056)
#GCMRL#  218 dt 145.152000 rms  0.618  0.247% neg 0  invalid 762 tFOTS 5.2150 tGradient 1.8320 tsec 7.4230
#FOTS# QuadFit found better minimum quadopt=(dt=124.416,rms=0.615813) vs oldopt=(dt=103.68,rms=0.615868)
#GCMRL#  219 dt 124.416000 rms  0.616  0.329% neg 0  invalid 762 tFOTS 4.6870 tGradient 1.9670 tsec 7.0590
#FOTS# QuadFit found better minimum quadopt=(dt=70.2836,rms=0.614385) vs oldopt=(dt=103.68,rms=0.614671)
#GCMRL#  220 dt  70.283636 rms  0.614  0.232% neg 0  invalid 762 tFOTS 5.1240 tGradient 1.9200 tsec 7.4080
#FOTS# QuadFit found better minimum quadopt=(dt=145.152,rms=0.612848) vs oldopt=(dt=103.68,rms=0.613062)
#GCMRL#  221 dt 145.152000 rms  0.613  0.250% neg 0  invalid 762 tFOTS 5.1820 tGradient 1.9800 tsec 7.5720
#FOTS# QuadFit found better minimum quadopt=(dt=70.6415,rms=0.611695) vs oldopt=(dt=103.68,rms=0.611922)
#GCMRL#  222 dt  70.641509 rms  0.612  0.188% neg 0  invalid 762 tFOTS 5.3090 tGradient 2.1520 tsec 7.8210
#FOTS# QuadFit found better minimum quadopt=(dt=145.152,rms=0.610313) vs oldopt=(dt=103.68,rms=0.610418)
#GCMRL#  223 dt 145.152000 rms  0.610  0.226% neg 0  invalid 762 tFOTS 4.8950 tGradient 1.9850 tsec 7.2630
#FOTS# QuadFit found better minimum quadopt=(dt=36.288,rms=0.609461) vs oldopt=(dt=25.92,rms=0.609635)
#GCMRL#  224 dt  36.288000 rms  0.609  0.140% neg 0  invalid 762 tFOTS 4.6960 tGradient 1.9320 tsec 6.9920
#FOTS# QuadFit found better minimum quadopt=(dt=331.776,rms=0.607632) vs oldopt=(dt=414.72,rms=0.607823)
#GCMRL#  225 dt 331.776000 rms  0.608  0.300% neg 0  invalid 762 tFOTS 5.0970 tGradient 1.9780 tsec 7.4580
#FOTS# QuadFit found better minimum quadopt=(dt=71.5294,rms=0.60568) vs oldopt=(dt=25.92,rms=0.606081)
#GCMRL#  226 dt  71.529412 rms  0.606  0.321% neg 0  invalid 762 tFOTS 5.0100 tGradient 1.9280 tsec 7.3030
#FOTS# QuadFit found better minimum quadopt=(dt=36.288,rms=0.604878) vs oldopt=(dt=25.92,rms=0.605026)
#GCMRL#  227 dt  36.288000 rms  0.605  0.132% neg 0  invalid 762 tFOTS 4.7160 tGradient 1.8840 tsec 6.9720
#FOTS# QuadFit found better minimum quadopt=(dt=497.664,rms=0.602534) vs oldopt=(dt=414.72,rms=0.602573)
#GCMRL#  228 dt 497.664000 rms  0.603  0.388% neg 0  invalid 762 tFOTS 5.1610 tGradient 1.8950 tsec 7.4070
#FOTS# QuadFit found better minimum quadopt=(dt=61.9574,rms=0.600105) vs oldopt=(dt=25.92,rms=0.600704)
#GCMRL#  229 dt  61.957447 rms  0.600  0.403% neg 0  invalid 762 tFOTS 5.2100 tGradient 2.0720 tsec 7.6570
#FOTS# QuadFit found better minimum quadopt=(dt=62.208,rms=0.599428) vs oldopt=(dt=103.68,rms=0.599557)
#GCMRL#  230 dt  62.208000 rms  0.599  0.113% neg 0  invalid 762 tFOTS 5.2550 tGradient 2.0680 tsec 7.7170
#FOTS# QuadFit found better minimum quadopt=(dt=145.152,rms=0.59869) vs oldopt=(dt=103.68,rms=0.598765)
#GCMRL#  231 dt 145.152000 rms  0.599  0.123% neg 0  invalid 762 tFOTS 5.0690 tGradient 1.8030 tsec 7.2260
#FOTS# QuadFit found better minimum quadopt=(dt=36.288,rms=0.598076) vs oldopt=(dt=25.92,rms=0.598206)
#GCMRL#  232 dt  36.288000 rms  0.598  0.103% neg 0  invalid 762 tFOTS 4.7080 tGradient 1.7510 tsec 6.8240
#FOTS# QuadFit found better minimum quadopt=(dt=145.152,rms=0.597228) vs oldopt=(dt=103.68,rms=0.59738)
#GCMRL#  233 dt 145.152000 rms  0.597  0.142% neg 0  invalid 762 tFOTS 5.2600 tGradient 1.9370 tsec 7.5550
#FOTS# QuadFit found better minimum quadopt=(dt=82.944,rms=0.596627) vs oldopt=(dt=103.68,rms=0.596673)
#GCMRL#  234 dt  82.944000 rms  0.597  0.101% neg 0  invalid 762 tFOTS 4.7610 tGradient 1.8710 tsec 6.9910
#FOTS# QuadFit found better minimum quadopt=(dt=82.944,rms=0.596061) vs oldopt=(dt=103.68,rms=0.596072)
#GCMRL#  235 dt  82.944000 rms  0.596  0.095% neg 0  invalid 762 tFOTS 5.1920 tGradient 1.8600 tsec 7.4120
#FOTS# QuadFit found better minimum quadopt=(dt=124.416,rms=0.595324) vs oldopt=(dt=103.68,rms=0.595346)
#GCMRL#  236 dt 124.416000 rms  0.595  0.124% neg 0  invalid 762 tFOTS 4.9620 tGradient 1.8750 tsec 7.1930
#FOTS# QuadFit found better minimum quadopt=(dt=36.288,rms=0.594932) vs oldopt=(dt=25.92,rms=0.595016)
#GCMRL#  237 dt  36.288000 rms  0.595  0.066% neg 0  invalid 762 tFOTS 5.3020 tGradient 1.8450 tsec 7.5130
#FOTS# QuadFit found better minimum quadopt=(dt=497.664,rms=0.593529) vs oldopt=(dt=414.72,rms=0.593542)
#GCMRL#  238 dt 497.664000 rms  0.594  0.236% neg 0  invalid 762 tFOTS 4.7670 tGradient 1.8110 tsec 6.9210
#FOTS# QuadFit found better minimum quadopt=(dt=36.288,rms=0.592104) vs oldopt=(dt=25.92,rms=0.592376)
#GCMRL#  239 dt  36.288000 rms  0.592  0.240% neg 0  invalid 762 tFOTS 4.9480 tGradient 1.8570 tsec 7.1650
#FOTS# QuadFit found better minimum quadopt=(dt=145.152,rms=0.591325) vs oldopt=(dt=103.68,rms=0.591394)
#GCMRL#  240 dt 145.152000 rms  0.591  0.132% neg 0  invalid 762 tFOTS 4.9420 tGradient 1.8280 tsec 7.1320
#FOTS# QuadFit found better minimum quadopt=(dt=36.288,rms=0.590962) vs oldopt=(dt=25.92,rms=0.591039)
#GCMRL#  241 dt  36.288000 rms  0.591  0.061% neg 0  invalid 762 tFOTS 5.4290 tGradient 1.7820 tsec 7.5810
#FOTS# QuadFit found better minimum quadopt=(dt=331.776,rms=0.590173) vs oldopt=(dt=414.72,rms=0.590212)
#GCMRL#  242 dt 331.776000 rms  0.590  0.133% neg 0  invalid 762 tFOTS 4.9540 tGradient 1.8820 tsec 7.2060
#FOTS# QuadFit found better minimum quadopt=(dt=68.3146,rms=0.589259) vs oldopt=(dt=103.68,rms=0.589466)
#GCMRL#  243 dt  68.314607 rms  0.589  0.155% neg 0  invalid 762 tFOTS 5.0330 tGradient 1.8720 tsec 7.2630
#FOTS# QuadFit found better minimum quadopt=(dt=82.944,rms=0.588876) vs oldopt=(dt=103.68,rms=0.588883)
#GCMRL#  244 dt  82.944000 rms  0.589  0.065% neg 0  invalid 762 tFOTS 4.8560 tGradient 1.9120 tsec 7.1300
#GCMRL#  245 dt 103.680000 rms  0.588  0.068% neg 0  invalid 762 tFOTS 5.6060 tGradient 1.9870 tsec 7.9920
#FOTS# QuadFit found better minimum quadopt=(dt=36.288,rms=0.588231) vs oldopt=(dt=25.92,rms=0.588287)
#GCMRL#  246 dt  36.288000 rms  0.588  0.000% neg 0  invalid 762 tFOTS 5.4410 tGradient 1.8870 tsec 7.7200
#GCMRL#  247 dt  36.288000 rms  0.588  0.028% neg 0  invalid 762 tFOTS 0.0000 tGradient 1.8790 tsec 2.2400
#GCMRL#  248 dt  36.288000 rms  0.588  0.047% neg 0  invalid 762 tFOTS 0.0000 tGradient 1.9300 tsec 2.2740
#GCMRL#  249 dt  36.288000 rms  0.587  0.062% neg 0  invalid 762 tFOTS 0.0000 tGradient 1.9660 tsec 2.3050
#GCMRL#  250 dt  36.288000 rms  0.587  0.085% neg 0  invalid 762 tFOTS 0.0000 tGradient 1.9140 tsec 2.2510
#GCMRL#  251 dt  36.288000 rms  0.586  0.100% neg 0  invalid 762 tFOTS 0.0000 tGradient 1.9890 tsec 2.3310
#GCMRL#  252 dt  36.288000 rms  0.586  0.110% neg 0  invalid 762 tFOTS 0.0000 tGradient 2.1080 tsec 2.4580
#GCMRL#  253 dt  36.288000 rms  0.585  0.118% neg 0  invalid 762 tFOTS 0.0000 tGradient 1.9330 tsec 2.2860
#GCMRL#  254 dt  36.288000 rms  0.584  0.119% neg 0  invalid 762 tFOTS 0.0000 tGradient 2.0770 tsec 2.4280
#GCMRL#  255 dt  36.288000 rms  0.584  0.127% neg 0  invalid 762 tFOTS 0.0000 tGradient 1.9210 tsec 2.2730
#GCMRL#  256 dt  36.288000 rms  0.583  0.128% neg 0  invalid 762 tFOTS 0.0000 tGradient 2.0600 tsec 2.4160
#GCMRL#  257 dt  36.288000 rms  0.582  0.121% neg 0  invalid 762 tFOTS 0.0000 tGradient 1.8680 tsec 2.2170
#GCMRL#  258 dt  36.288000 rms  0.581  0.124% neg 0  invalid 762 tFOTS 0.0000 tGradient 2.1120 tsec 2.5280
#GCMRL#  259 dt  36.288000 rms  0.581  0.124% neg 0  invalid 762 tFOTS 0.0000 tGradient 1.8950 tsec 2.2380
#GCMRL#  260 dt  36.288000 rms  0.580  0.117% neg 0  invalid 762 tFOTS 0.0000 tGradient 1.9380 tsec 2.2810
#GCMRL#  261 dt  36.288000 rms  0.579  0.124% neg 0  invalid 762 tFOTS 0.0000 tGradient 2.0790 tsec 2.5720
#GCMRL#  262 dt  36.288000 rms  0.579  0.121% neg 0  invalid 762 tFOTS 0.0000 tGradient 2.1200 tsec 2.5250
#GCMRL#  263 dt  36.288000 rms  0.578  0.124% neg 0  invalid 762 tFOTS 0.0000 tGradient 1.9360 tsec 2.2790
#GCMRL#  264 dt  36.288000 rms  0.577  0.114% neg 0  invalid 762 tFOTS 0.0000 tGradient 1.8570 tsec 2.2020
#GCMRL#  265 dt  36.288000 rms  0.577  0.110% neg 0  invalid 762 tFOTS 0.0000 tGradient 2.1800 tsec 2.5780
#GCMRL#  266 dt  36.288000 rms  0.576  0.103% neg 0  invalid 762 tFOTS 0.0000 tGradient 2.0610 tsec 2.4080
#GCMRL#  267 dt  36.288000 rms  0.575  0.099% neg 0  invalid 762 tFOTS 0.0000 tGradient 2.0260 tsec 2.4130
#GCMRL#  268 dt  36.288000 rms  0.575  0.088% neg 0  invalid 762 tFOTS 0.0000 tGradient 2.0370 tsec 2.3860
#GCMRL#  269 dt  36.288000 rms  0.574  0.101% neg 0  invalid 762 tFOTS 0.0000 tGradient 1.8600 tsec 2.2050
#GCMRL#  270 dt  36.288000 rms  0.574  0.098% neg 0  invalid 762 tFOTS 0.0000 tGradient 1.8460 tsec 2.1960
#GCMRL#  271 dt  36.288000 rms  0.573  0.090% neg 0  invalid 762 tFOTS 0.0000 tGradient 2.1070 tsec 2.4590
#GCMRL#  272 dt  36.288000 rms  0.573  0.089% neg 0  invalid 762 tFOTS 0.0000 tGradient 2.2250 tsec 2.6210
#GCMRL#  273 dt  36.288000 rms  0.572  0.081% neg 0  invalid 762 tFOTS 0.0000 tGradient 1.9420 tsec 2.2720
#GCMRL#  274 dt  36.288000 rms  0.572  0.076% neg 0  invalid 762 tFOTS 0.0000 tGradient 1.8250 tsec 2.1480
#GCMRL#  275 dt  36.288000 rms  0.571  0.070% neg 0  invalid 762 tFOTS 0.0000 tGradient 2.0650 tsec 2.4230
#GCMRL#  276 dt  36.288000 rms  0.571  0.077% neg 0  invalid 762 tFOTS 0.0000 tGradient 2.0910 tsec 2.4160
#GCMRL#  277 dt  36.288000 rms  0.571  0.077% neg 0  invalid 762 tFOTS 0.0000 tGradient 2.0080 tsec 2.3370
#GCMRL#  278 dt  36.288000 rms  0.570  0.069% neg 0  invalid 762 tFOTS 0.0000 tGradient 1.8770 tsec 2.2140
#GCMRL#  279 dt  36.288000 rms  0.570  0.076% neg 0  invalid 762 tFOTS 0.0000 tGradient 2.0600 tsec 2.4030
#GCMRL#  280 dt  36.288000 rms  0.569  0.069% neg 0  invalid 762 tFOTS 0.0000 tGradient 1.9920 tsec 2.3330
#GCMRL#  281 dt  36.288000 rms  0.569  0.065% neg 0  invalid 762 tFOTS 0.0000 tGradient 1.8650 tsec 2.2060
#GCMRL#  282 dt  36.288000 rms  0.569  0.067% neg 0  invalid 762 tFOTS 0.0000 tGradient 1.8720 tsec 2.2150
#GCMRL#  283 dt  36.288000 rms  0.568  0.057% neg 0  invalid 762 tFOTS 0.0000 tGradient 1.7690 tsec 2.1100
#GCMRL#  284 dt  36.288000 rms  0.568  0.060% neg 0  invalid 762 tFOTS 0.0000 tGradient 1.8530 tsec 2.2000
#GCMRL#  285 dt  36.288000 rms  0.568  0.060% neg 0  invalid 762 tFOTS 0.0000 tGradient 1.8010 tsec 2.1380
#GCMRL#  286 dt  36.288000 rms  0.567  0.056% neg 0  invalid 762 tFOTS 0.0000 tGradient 1.8460 tsec 2.1840
#GCMRL#  287 dt  36.288000 rms  0.567  0.055% neg 0  invalid 762 tFOTS 0.0000 tGradient 1.8170 tsec 2.1590
#GCMRL#  288 dt  36.288000 rms  0.567  0.050% neg 0  invalid 762 tFOTS 0.0000 tGradient 1.8100 tsec 2.1590
#GCMRL#  289 dt  36.288000 rms  0.566  0.051% neg 0  invalid 762 tFOTS 0.0000 tGradient 1.7630 tsec 2.1010
#GCMRL#  290 dt  36.288000 rms  0.566  0.054% neg 0  invalid 762 tFOTS 0.0000 tGradient 1.7550 tsec 2.0890
#GCMRL#  291 dt  36.288000 rms  0.566  0.046% neg 0  invalid 762 tFOTS 0.0000 tGradient 1.8420 tsec 2.1790
#GCMRL#  292 dt  36.288000 rms  0.566  0.046% neg 0  invalid 762 tFOTS 0.0000 tGradient 1.9390 tsec 2.2800
#GCMRL#  293 dt  36.288000 rms  0.565  0.047% neg 0  invalid 762 tFOTS 0.0000 tGradient 1.7550 tsec 2.0980
#GCMRL#  294 dt  36.288000 rms  0.565  0.051% neg 0  invalid 762 tFOTS 0.0000 tGradient 1.7690 tsec 2.1120
#GCMRL#  295 dt  36.288000 rms  0.565  0.050% neg 0  invalid 762 tFOTS 0.0000 tGradient 1.7920 tsec 2.1510
#GCMRL#  296 dt  36.288000 rms  0.564  0.051% neg 0  invalid 762 tFOTS 0.0000 tGradient 1.8460 tsec 2.2210
#GCMRL#  297 dt  36.288000 rms  0.564  0.046% neg 0  invalid 762 tFOTS 0.0000 tGradient 1.8300 tsec 2.1850
#GCMRL#  298 dt  36.288000 rms  0.564  0.048% neg 0  invalid 762 tFOTS 0.0000 tGradient 1.8140 tsec 2.1530
#GCMRL#  299 dt  36.288000 rms  0.564  0.042% neg 0  invalid 762 tFOTS 0.0000 tGradient 1.7850 tsec 2.1770
#GCMRL#  300 dt  36.288000 rms  0.563  0.039% neg 0  invalid 762 tFOTS 0.0000 tGradient 1.8490 tsec 2.1800
#GCMRL#  301 dt  36.288000 rms  0.563  0.038% neg 0  invalid 762 tFOTS 0.0000 tGradient 1.8260 tsec 2.1600
#GCMRL#  302 dt  36.288000 rms  0.563  0.039% neg 0  invalid 762 tFOTS 0.0000 tGradient 1.7870 tsec 2.1250
#GCMRL#  303 dt  36.288000 rms  0.563  0.036% neg 0  invalid 762 tFOTS 0.0000 tGradient 1.8980 tsec 2.2310
#GCMRL#  304 dt  36.288000 rms  0.563  0.033% neg 0  invalid 762 tFOTS 0.0000 tGradient 1.8160 tsec 2.1470
#GCMRL#  305 dt  36.288000 rms  0.562  0.038% neg 0  invalid 762 tFOTS 0.0000 tGradient 2.0950 tsec 2.5120
#GCMRL#  306 dt  36.288000 rms  0.562  0.039% neg 0  invalid 762 tFOTS 0.0000 tGradient 1.9830 tsec 2.3070
#GCMRL#  307 dt  36.288000 rms  0.562  0.037% neg 0  invalid 762 tFOTS 0.0000 tGradient 1.7780 tsec 2.1060
#GCMRL#  308 dt  36.288000 rms  0.562  0.034% neg 0  invalid 762 tFOTS 0.0000 tGradient 1.7290 tsec 2.0510
#GCMRL#  309 dt  36.288000 rms  0.562  0.036% neg 0  invalid 762 tFOTS 0.0000 tGradient 2.0590 tsec 2.4710
#GCMRL#  310 dt  36.288000 rms  0.561  0.031% neg 0  invalid 762 tFOTS 0.0000 tGradient 2.0410 tsec 2.4320
#GCMRL#  311 dt  36.288000 rms  0.561  0.028% neg 0  invalid 762 tFOTS 0.0000 tGradient 1.9420 tsec 2.2800
#GCMRL#  312 dt  36.288000 rms  0.561  0.028% neg 0  invalid 762 tFOTS 0.0000 tGradient 1.7570 tsec 2.0910
#GCMRL#  313 dt  36.288000 rms  0.561  0.023% neg 0  invalid 762 tFOTS 0.0000 tGradient 1.7860 tsec 2.1520
#GCMRL#  314 dt  36.288000 rms  0.561  0.032% neg 0  invalid 762 tFOTS 0.0000 tGradient 2.0530 tsec 2.4400
#GCMRL#  315 dt  36.288000 rms  0.561  0.032% neg 0  invalid 762 tFOTS 0.0000 tGradient 1.7920 tsec 2.1330
#GCMRL#  316 dt  36.288000 rms  0.560  0.026% neg 0  invalid 762 tFOTS 0.0000 tGradient 1.8180 tsec 2.1640
#GCMRL#  317 dt  36.288000 rms  0.560  0.030% neg 0  invalid 762 tFOTS 0.0000 tGradient 1.7590 tsec 2.1030
#GCMRL#  318 dt  36.288000 rms  0.560  0.028% neg 0  invalid 762 tFOTS 0.0000 tGradient 1.8390 tsec 2.1820
#GCMRL#  319 dt  36.288000 rms  0.560  0.029% neg 0  invalid 762 tFOTS 0.0000 tGradient 1.7810 tsec 2.1130
#GCMRL#  320 dt  36.288000 rms  0.560  0.028% neg 0  invalid 762 tFOTS 0.0000 tGradient 2.0650 tsec 2.3960
#GCMRL#  321 dt  36.288000 rms  0.560  0.027% neg 0  invalid 762 tFOTS 0.0000 tGradient 2.0920 tsec 2.5300
#GCMRL#  322 dt  36.288000 rms  0.559  0.026% neg 0  invalid 762 tFOTS 0.0000 tGradient 1.8410 tsec 2.1790
#GCMRL#  323 dt  36.288000 rms  0.559  0.026% neg 0  invalid 762 tFOTS 0.0000 tGradient 1.8380 tsec 2.1780
#GCMRL#  324 dt  36.288000 rms  0.559  0.026% neg 0  invalid 762 tFOTS 0.0000 tGradient 1.8970 tsec 2.2380
#GCMRL#  325 dt  36.288000 rms  0.559  0.031% neg 0  invalid 762 tFOTS 0.0000 tGradient 1.7500 tsec 2.0880
#GCMRL#  326 dt  36.288000 rms  0.559  0.023% neg 0  invalid 762 tFOTS 0.0000 tGradient 1.8310 tsec 2.1650
#GCMRL#  327 dt  36.288000 rms  0.559  0.021% neg 0  invalid 762 tFOTS 0.0000 tGradient 1.7650 tsec 2.1330
#GCMRL#  328 dt 103.680000 rms  0.559  0.000% neg 0  invalid 762 tFOTS 4.9790 tGradient 1.8070 tsec 7.1770
#GCMRL#  329 dt 103.680000 rms  0.559  0.007% neg 0  invalid 762 tFOTS 0.0000 tGradient 1.9030 tsec 2.2780
#GCMRL#  330 dt 103.680000 rms  0.559  0.014% neg 0  invalid 762 tFOTS 0.0000 tGradient 1.9200 tsec 2.2870
#GCMRL#  331 dt 103.680000 rms  0.559  0.007% neg 0  invalid 762 tFOTS 0.0000 tGradient 1.9050 tsec 2.3170
#GCMRL#  332 dt 103.680000 rms  0.558  0.025% neg 0  invalid 762 tFOTS 0.0000 tGradient 2.2150 tsec 2.6420
#GCMRL#  333 dt 103.680000 rms  0.558  0.024% neg 0  invalid 762 tFOTS 0.0000 tGradient 1.9950 tsec 2.3540
#GCMRL#  334 dt 103.680000 rms  0.558  0.020% neg 0  invalid 762 tFOTS 0.0000 tGradient 1.8960 tsec 2.2940
#FOTS# QuadFit found better minimum quadopt=(dt=36.288,rms=0.558126) vs oldopt=(dt=25.92,rms=0.558138)
#GCMRL#  335 dt  36.288000 rms  0.558  0.000% neg 0  invalid 762 tFOTS 5.3940 tGradient 1.9790 tsec 7.8090
#GCMRL#  336 dt  36.288000 rms  0.558  0.002% neg 0  invalid 762 tFOTS 0.0000 tGradient 1.8870 tsec 2.2500
#GCMRL#  337 dt  36.288000 rms  0.558  0.004% neg 0  invalid 762 tFOTS 0.0000 tGradient 1.9600 tsec 2.3240
#GCMRL#  338 dt  36.288000 rms  0.558  0.006% neg 0  invalid 762 tFOTS 0.0000 tGradient 1.8990 tsec 2.2610
#GCMRL#  339 dt  36.288000 rms  0.558  0.005% neg 0  invalid 762 tFOTS 0.0000 tGradient 1.8900 tsec 2.2470
#GCMRL#  340 dt  36.288000 rms  0.558  0.012% neg 0  invalid 762 tFOTS 0.0000 tGradient 1.8960 tsec 2.2580

#GCAMreg# pass 0 level1 4 level2 1 tsec 492.959 sigma 0.5
l_jacobian=1.00 l_label=1.00 l_log_likelihood=0.20 l_smoothness=0.03 
tol=5.00e-02, dt=5.00e-02, exp_k=20.0, momentum=0.90, levels=6, niter=500, lbl_dist=10.00, avgs=64, sigma=0.5,type=2, relabel=0, neg=no

blurring input image with Gaussian with sigma=0.500...
GCAMRegisterLevel(): init RMS 0.55853
#FOTS# QuadFit found better minimum quadopt=(dt=145.152,rms=0.555887) vs oldopt=(dt=103.68,rms=0.556127)
#GCMRL#  342 dt 145.152000 rms  0.556  0.473% neg 0  invalid 762 tFOTS 5.0590 tGradient 1.9010 tsec 7.3430
#FOTS# QuadFit found better minimum quadopt=(dt=62.208,rms=0.555523) vs oldopt=(dt=103.68,rms=0.555614)
#GCMRL#  343 dt  62.208000 rms  0.556  0.065% neg 0  invalid 762 tFOTS 5.0170 tGradient 1.8950 tsec 7.2910
#FOTS# QuadFit found better minimum quadopt=(dt=248.832,rms=0.554976) vs oldopt=(dt=414.72,rms=0.555128)
#GCMRL#  344 dt 248.832000 rms  0.555  0.098% neg 0  invalid 762 tFOTS 5.2780 tGradient 1.9600 tsec 7.6680
#FOTS# QuadFit found better minimum quadopt=(dt=36.288,rms=0.5547) vs oldopt=(dt=25.92,rms=0.554757)
#GCMRL#  345 dt  36.288000 rms  0.555  0.000% neg 0  invalid 762 tFOTS 5.9100 tGradient 2.2100 tsec 8.5530
#GCMRL#  346 dt  36.288000 rms  0.555  0.022% neg 0  invalid 762 tFOTS 0.0000 tGradient 1.8540 tsec 2.2610
#GCMRL#  347 dt  36.288000 rms  0.554  0.032% neg 0  invalid 762 tFOTS 0.0000 tGradient 1.9190 tsec 2.3030
#GCMRL#  348 dt  36.288000 rms  0.554  0.036% neg 0  invalid 762 tFOTS 0.0000 tGradient 1.7500 tsec 2.1020
#GCMRL#  349 dt  36.288000 rms  0.554  0.040% neg 0  invalid 762 tFOTS 0.0000 tGradient 2.1100 tsec 2.4910
#GCMRL#  350 dt  36.288000 rms  0.554  0.046% neg 0  invalid 762 tFOTS 0.0000 tGradient 1.7630 tsec 2.0870
#GCMRL#  351 dt  36.288000 rms  0.553  0.040% neg 0  invalid 762 tFOTS 0.0000 tGradient 1.7830 tsec 2.1120
#GCMRL#  352 dt  36.288000 rms  0.553  0.041% neg 0  invalid 762 tFOTS 0.0000 tGradient 1.8110 tsec 2.1580
#GCMRL#  353 dt  36.288000 rms  0.553  0.032% neg 0  invalid 762 tFOTS 0.0000 tGradient 1.7730 tsec 2.1690
#GCMRL#  354 dt  36.288000 rms  0.553  0.038% neg 0  invalid 762 tFOTS 0.0000 tGradient 1.8750 tsec 2.2240
#GCMRL#  355 dt  36.288000 rms  0.553  0.048% neg 0  invalid 762 tFOTS 0.0000 tGradient 1.7320 tsec 2.0950
#GCMRL#  356 dt  36.288000 rms  0.552  0.046% neg 0  invalid 762 tFOTS 0.0000 tGradient 1.8200 tsec 2.2310
#GCMRL#  357 dt  36.288000 rms  0.552  0.040% neg 0  invalid 762 tFOTS 0.0000 tGradient 1.9380 tsec 2.3040
#GCMRL#  358 dt  36.288000 rms  0.552  0.041% neg 0  invalid 762 tFOTS 0.0000 tGradient 1.7440 tsec 2.1000
#GCMRL#  359 dt  36.288000 rms  0.552  0.033% neg 0  invalid 762 tFOTS 0.0000 tGradient 1.7460 tsec 2.1340
#GCMRL#  360 dt  36.288000 rms  0.552  0.030% neg 0  invalid 762 tFOTS 0.0000 tGradient 2.0100 tsec 2.3510
#GCMRL#  361 dt  36.288000 rms  0.551  0.027% neg 0  invalid 762 tFOTS 0.0000 tGradient 2.0660 tsec 2.4810
#GCMRL#  362 dt  36.288000 rms  0.551  0.030% neg 0  invalid 762 tFOTS 0.0000 tGradient 2.1320 tsec 2.5310
#GCMRL#  363 dt  36.288000 rms  0.551  0.037% neg 0  invalid 762 tFOTS 0.0000 tGradient 1.8020 tsec 2.2070
#GCMRL#  364 dt  36.288000 rms  0.551  0.032% neg 0  invalid 762 tFOTS 0.0000 tGradient 2.0660 tsec 2.4860
#GCMRL#  365 dt  36.288000 rms  0.551  0.033% neg 0  invalid 762 tFOTS 0.0000 tGradient 2.0610 tsec 2.4660
#GCMRL#  366 dt  36.288000 rms  0.551  0.030% neg 0  invalid 762 tFOTS 0.0000 tGradient 2.1390 tsec 2.4890
#GCMRL#  367 dt  36.288000 rms  0.550  0.025% neg 0  invalid 762 tFOTS 0.0000 tGradient 1.7740 tsec 2.1250
#GCMRL#  368 dt  36.288000 rms  0.550  0.020% neg 0  invalid 762 tFOTS 0.0000 tGradient 1.7860 tsec 2.1640
#FOTS# QuadFit found better minimum quadopt=(dt=36.288,rms=0.550226) vs oldopt=(dt=25.92,rms=0.550237)
#GCMRL#  369 dt  36.288000 rms  0.550  0.000% neg 0  invalid 762 tFOTS 5.3090 tGradient 1.7950 tsec 7.5320
#GCMRL#  370 dt  36.288000 rms  0.550  0.005% neg 0  invalid 762 tFOTS 0.0000 tGradient 2.0980 tsec 2.4810
#GCMRL#  371 dt  36.288000 rms  0.550  0.002% neg 0  invalid 762 tFOTS 0.0000 tGradient 1.8310 tsec 2.2200
#GCMRL#  372 dt  36.288000 rms  0.550  0.010% neg 0  invalid 762 tFOTS 0.0000 tGradient 1.9020 tsec 2.2600
setting smoothness cost coefficient to 0.118

#GCAMreg# pass 0 level1 3 level2 0 tsec 0 sigma 2
l_jacobian=1.00 l_label=1.00 l_log_likelihood=0.20 l_smoothness=0.12 
tol=5.00e-02, dt=5.00e-02, exp_k=20.0, momentum=0.90, levels=6, niter=500, lbl_dist=10.00, avgs=16, sigma=2.0,type=2, relabel=0, neg=no

blurring input image with Gaussian with sigma=2.000...
GCAMRegisterLevel(): init RMS 0.562879
#FOTS# QuadFit found better minimum quadopt=(dt=31.6878,rms=0.560895) vs oldopt=(dt=32,rms=0.560899)
#GCMRL#  374 dt  31.687805 rms  0.561  0.352% neg 0  invalid 762 tFOTS 5.0170 tGradient 1.8600 tsec 7.2900
#FOTS# QuadFit found better minimum quadopt=(dt=114.939,rms=0.555986) vs oldopt=(dt=128,rms=0.556084)
#GCMRL#  375 dt 114.938776 rms  0.556  0.875% neg 0  invalid 762 tFOTS 5.3720 tGradient 1.6820 tsec 7.4590
#FOTS# QuadFit found better minimum quadopt=(dt=67.2248,rms=0.552066) vs oldopt=(dt=32,rms=0.553007)
#GCMRL#  376 dt  67.224806 rms  0.552  0.705% neg 0  invalid 762 tFOTS 5.2610 tGradient 1.5900 tsec 7.2670
#FOTS# QuadFit found better minimum quadopt=(dt=38.4,rms=0.54762) vs oldopt=(dt=32,rms=0.547789)
#GCMRL#  377 dt  38.400000 rms  0.548  0.805% neg 0  invalid 762 tFOTS 4.9700 tGradient 1.9450 tsec 7.2800
#GCMRL#  378 dt  32.000000 rms  0.546  0.220% neg 0  invalid 762 tFOTS 4.9200 tGradient 1.6650 tsec 6.9650
#FOTS# QuadFit found better minimum quadopt=(dt=80.6076,rms=0.543613) vs oldopt=(dt=128,rms=0.54402)
#GCMRL#  379 dt  80.607595 rms  0.544  0.513% neg 0  invalid 762 tFOTS 5.1790 tGradient 1.6330 tsec 7.1780
#FOTS# QuadFit found better minimum quadopt=(dt=25.6,rms=0.541802) vs oldopt=(dt=32,rms=0.541898)
#GCMRL#  380 dt  25.600000 rms  0.542  0.333% neg 0  invalid 762 tFOTS 4.8810 tGradient 1.6610 tsec 6.9170
#FOTS# QuadFit found better minimum quadopt=(dt=179.2,rms=0.536873) vs oldopt=(dt=128,rms=0.537653)
#GCMRL#  381 dt 179.200000 rms  0.537  0.910% neg 0  invalid 762 tFOTS 4.8680 tGradient 1.7420 tsec 6.9780
#FOTS# QuadFit found better minimum quadopt=(dt=25.6,rms=0.535367) vs oldopt=(dt=32,rms=0.535414)
#GCMRL#  382 dt  25.600000 rms  0.535  0.281% neg 0  invalid 762 tFOTS 4.8480 tGradient 1.9780 tsec 7.1840
#FOTS# QuadFit found better minimum quadopt=(dt=44.8,rms=0.533967) vs oldopt=(dt=32,rms=0.53416)
#GCMRL#  383 dt  44.800000 rms  0.534  0.262% neg 0  invalid 762 tFOTS 5.2360 tGradient 1.8230 tsec 7.4840
#GCMRL#  384 dt  32.000000 rms  0.533  0.112% neg 0  invalid 762 tFOTS 5.3160 tGradient 1.9000 tsec 7.5920
#FOTS# QuadFit found better minimum quadopt=(dt=44.8,rms=0.532382) vs oldopt=(dt=32,rms=0.532539)
#GCMRL#  385 dt  44.800000 rms  0.532  0.185% neg 0  invalid 762 tFOTS 5.2480 tGradient 2.0160 tsec 7.6370
#FOTS# QuadFit found better minimum quadopt=(dt=25.6,rms=0.531925) vs oldopt=(dt=32,rms=0.531925)
#GCMRL#  386 dt  25.600000 rms  0.532  0.086% neg 0  invalid 762 tFOTS 5.1500 tGradient 1.7740 tsec 7.2970
#FOTS# QuadFit found better minimum quadopt=(dt=102.4,rms=0.530639) vs oldopt=(dt=128,rms=0.530681)
#GCMRL#  387 dt 102.400000 rms  0.531  0.242% neg 0  invalid 762 tFOTS 4.8350 tGradient 1.8060 tsec 7.0200
#FOTS# QuadFit found better minimum quadopt=(dt=24.6941,rms=0.529849) vs oldopt=(dt=32,rms=0.529995)
#GCMRL#  388 dt  24.694064 rms  0.530  0.149% neg 0  invalid 762 tFOTS 5.2760 tGradient 1.7900 tsec 7.4610
#FOTS# QuadFit found better minimum quadopt=(dt=102.4,rms=0.528756) vs oldopt=(dt=128,rms=0.528785)
#GCMRL#  389 dt 102.400000 rms  0.529  0.206% neg 0  invalid 762 tFOTS 5.2680 tGradient 1.7310 tsec 7.3820
#FOTS# QuadFit found better minimum quadopt=(dt=25.6,rms=0.527965) vs oldopt=(dt=32,rms=0.528032)
#GCMRL#  390 dt  25.600000 rms  0.528  0.150% neg 0  invalid 762 tFOTS 5.1940 tGradient 1.8870 tsec 7.4540
#FOTS# QuadFit found better minimum quadopt=(dt=44.8,rms=0.527324) vs oldopt=(dt=32,rms=0.527415)
#GCMRL#  391 dt  44.800000 rms  0.527  0.121% neg 0  invalid 762 tFOTS 4.9480 tGradient 1.8080 tsec 7.1380
#GCMRL#  392 dt  32.000000 rms  0.527  0.088% neg 0  invalid 762 tFOTS 5.1000 tGradient 1.6880 tsec 7.1120
#FOTS# QuadFit found better minimum quadopt=(dt=44.8,rms=0.526218) vs oldopt=(dt=32,rms=0.526308)
#GCMRL#  393 dt  44.800000 rms  0.526  0.122% neg 0  invalid 762 tFOTS 4.8200 tGradient 1.5910 tsec 6.8090
#GCMRL#  394 dt  32.000000 rms  0.526  0.085% neg 0  invalid 762 tFOTS 5.0880 tGradient 1.7610 tsec 7.2200
#FOTS# QuadFit found better minimum quadopt=(dt=44.8,rms=0.525285) vs oldopt=(dt=32,rms=0.525319)
#GCMRL#  395 dt  44.800000 rms  0.525  0.092% neg 0  invalid 762 tFOTS 5.1410 tGradient 1.7040 tsec 7.2310
#FOTS# QuadFit found better minimum quadopt=(dt=25.6,rms=0.524874) vs oldopt=(dt=32,rms=0.524885)
#GCMRL#  396 dt  25.600000 rms  0.525  0.078% neg 0  invalid 762 tFOTS 5.0230 tGradient 1.6480 tsec 7.0270
#FOTS# QuadFit found better minimum quadopt=(dt=44.8,rms=0.524269) vs oldopt=(dt=32,rms=0.524346)
#GCMRL#  397 dt  44.800000 rms  0.524  0.115% neg 0  invalid 762 tFOTS 4.9410 tGradient 1.5850 tsec 6.9450
#FOTS# QuadFit found better minimum quadopt=(dt=25.6,rms=0.523948) vs oldopt=(dt=32,rms=0.523977)
#GCMRL#  398 dt  25.600000 rms  0.524  0.061% neg 0  invalid 762 tFOTS 5.3660 tGradient 1.5630 tsec 7.3260
#FOTS# QuadFit found better minimum quadopt=(dt=44.8,rms=0.523449) vs oldopt=(dt=32,rms=0.523506)
#GCMRL#  399 dt  44.800000 rms  0.523  0.095% neg 0  invalid 762 tFOTS 5.2750 tGradient 1.7720 tsec 7.3800
#FOTS# QuadFit found better minimum quadopt=(dt=11.2,rms=0.523283) vs oldopt=(dt=8,rms=0.52332)
#GCMRL#  400 dt  11.200000 rms  0.523  0.000% neg 0  invalid 762 tFOTS 4.7510 tGradient 1.5210 tsec 6.6350
#GCMRL#  401 dt  11.200000 rms  0.523  0.025% neg 0  invalid 762 tFOTS 0.0000 tGradient 1.6010 tsec 1.9560
#GCMRL#  402 dt  11.200000 rms  0.523  0.026% neg 0  invalid 762 tFOTS 0.0000 tGradient 1.5560 tsec 1.9330
#GCMRL#  403 dt  11.200000 rms  0.523  0.047% neg 0  invalid 762 tFOTS 0.0000 tGradient 1.7970 tsec 2.2670
#GCMRL#  404 dt  11.200000 rms  0.522  0.066% neg 0  invalid 762 tFOTS 0.0000 tGradient 1.8010 tsec 2.1160
#GCMRL#  405 dt  11.200000 rms  0.522  0.089% neg 0  invalid 762 tFOTS 0.0000 tGradient 1.7750 tsec 2.0860
#GCMRL#  406 dt  11.200000 rms  0.521  0.089% neg 0  invalid 762 tFOTS 0.0000 tGradient 1.6290 tsec 1.9810
#GCMRL#  407 dt  11.200000 rms  0.521  0.090% neg 0  invalid 762 tFOTS 0.0000 tGradient 1.5920 tsec 1.9320
#GCMRL#  408 dt  11.200000 rms  0.521  0.093% neg 0  invalid 762 tFOTS 0.0000 tGradient 1.5960 tsec 1.9140
#GCMRL#  409 dt  11.200000 rms  0.520  0.095% neg 0  invalid 762 tFOTS 0.0000 tGradient 1.5770 tsec 1.8960
#GCMRL#  410 dt  11.200000 rms  0.519  0.109% neg 0  invalid 762 tFOTS 0.0000 tGradient 1.6250 tsec 1.9490
#GCMRL#  411 dt  11.200000 rms  0.519  0.105% neg 0  invalid 762 tFOTS 0.0000 tGradient 1.5640 tsec 1.8910
#GCMRL#  412 dt  11.200000 rms  0.518  0.109% neg 0  invalid 762 tFOTS 0.0000 tGradient 1.5270 tsec 1.8540
#GCMRL#  413 dt  11.200000 rms  0.518  0.107% neg 0  invalid 762 tFOTS 0.0000 tGradient 1.6340 tsec 1.9560
#GCMRL#  414 dt  11.200000 rms  0.517  0.103% neg 0  invalid 762 tFOTS 0.0000 tGradient 1.5400 tsec 1.8670
#GCMRL#  415 dt  11.200000 rms  0.517  0.101% neg 0  invalid 762 tFOTS 0.0000 tGradient 1.5840 tsec 1.9070
#GCMRL#  416 dt  11.200000 rms  0.516  0.097% neg 0  invalid 762 tFOTS 0.0000 tGradient 1.5280 tsec 1.8530
#GCMRL#  417 dt  11.200000 rms  0.516  0.100% neg 0  invalid 762 tFOTS 0.0000 tGradient 1.6070 tsec 1.9330
#GCMRL#  418 dt  11.200000 rms  0.515  0.096% neg 0  invalid 762 tFOTS 0.0000 tGradient 1.5910 tsec 1.9200
#GCMRL#  419 dt  11.200000 rms  0.515  0.090% neg 0  invalid 762 tFOTS 0.0000 tGradient 1.5310 tsec 1.8570
#GCMRL#  420 dt  11.200000 rms  0.514  0.092% neg 0  invalid 762 tFOTS 0.0000 tGradient 1.5830 tsec 1.9650
#GCMRL#  421 dt  11.200000 rms  0.514  0.085% neg 0  invalid 762 tFOTS 0.0000 tGradient 1.5820 tsec 1.8980
#GCMRL#  422 dt  11.200000 rms  0.513  0.077% neg 0  invalid 762 tFOTS 0.0000 tGradient 1.5030 tsec 1.8510
#GCMRL#  423 dt  11.200000 rms  0.513  0.082% neg 0  invalid 762 tFOTS 0.0000 tGradient 1.5090 tsec 1.8310
#GCMRL#  424 dt  11.200000 rms  0.513  0.071% neg 0  invalid 762 tFOTS 0.0000 tGradient 1.5650 tsec 1.9080
#GCMRL#  425 dt  11.200000 rms  0.512  0.071% neg 0  invalid 762 tFOTS 0.0000 tGradient 1.7660 tsec 2.0690
#GCMRL#  426 dt  11.200000 rms  0.512  0.062% neg 0  invalid 762 tFOTS 0.0000 tGradient 1.5940 tsec 1.9050
#GCMRL#  427 dt  11.200000 rms  0.512  0.057% neg 0  invalid 762 tFOTS 0.0000 tGradient 1.4920 tsec 1.8020
#GCMRL#  428 dt  11.200000 rms  0.511  0.055% neg 0  invalid 762 tFOTS 0.0000 tGradient 1.5920 tsec 1.9030
#GCMRL#  429 dt  11.200000 rms  0.511  0.056% neg 0  invalid 762 tFOTS 0.0000 tGradient 1.4970 tsec 1.8070
#GCMRL#  430 dt  11.200000 rms  0.511  0.051% neg 0  invalid 762 tFOTS 0.0000 tGradient 1.4970 tsec 1.8120
#GCMRL#  431 dt  11.200000 rms  0.511  0.048% neg 0  invalid 762 tFOTS 0.0000 tGradient 1.5330 tsec 1.8510
#GCMRL#  432 dt  11.200000 rms  0.510  0.047% neg 0  invalid 762 tFOTS 0.0000 tGradient 1.5620 tsec 1.8740
#GCMRL#  433 dt  11.200000 rms  0.510  0.052% neg 0  invalid 762 tFOTS 0.0000 tGradient 1.5070 tsec 1.8170
#GCMRL#  434 dt  11.200000 rms  0.510  0.040% neg 0  invalid 762 tFOTS 0.0000 tGradient 1.5190 tsec 1.8310
#GCMRL#  435 dt  11.200000 rms  0.510  0.038% neg 0  invalid 762 tFOTS 0.0000 tGradient 1.5690 tsec 1.8820
#GCMRL#  436 dt  11.200000 rms  0.510  0.042% neg 0  invalid 762 tFOTS 0.0000 tGradient 1.6320 tsec 1.9430
#GCMRL#  437 dt  11.200000 rms  0.509  0.037% neg 0  invalid 762 tFOTS 0.0000 tGradient 1.5910 tsec 1.9320
#GCMRL#  438 dt  11.200000 rms  0.509  0.036% neg 0  invalid 762 tFOTS 0.0000 tGradient 1.8120 tsec 2.1320
#GCMRL#  439 dt  11.200000 rms  0.509  0.040% neg 0  invalid 762 tFOTS 0.0000 tGradient 1.5190 tsec 1.8410
#GCMRL#  440 dt  11.200000 rms  0.509  0.032% neg 0  invalid 762 tFOTS 0.0000 tGradient 1.5170 tsec 1.8340
#GCMRL#  441 dt  11.200000 rms  0.509  0.032% neg 0  invalid 762 tFOTS 0.0000 tGradient 1.5140 tsec 1.8370
#GCMRL#  442 dt  11.200000 rms  0.508  0.030% neg 0  invalid 762 tFOTS 0.0000 tGradient 1.5980 tsec 1.9200
#GCMRL#  443 dt  11.200000 rms  0.508  0.032% neg 0  invalid 762 tFOTS 0.0000 tGradient 1.5330 tsec 1.8560
#GCMRL#  444 dt  11.200000 rms  0.508  0.031% neg 0  invalid 762 tFOTS 0.0000 tGradient 1.5110 tsec 1.8310
#GCMRL#  445 dt  11.200000 rms  0.508  0.036% neg 0  invalid 762 tFOTS 0.0000 tGradient 1.5130 tsec 1.8330
#GCMRL#  446 dt  11.200000 rms  0.508  0.040% neg 0  invalid 762 tFOTS 0.0000 tGradient 1.7210 tsec 2.0910
#GCMRL#  447 dt  11.200000 rms  0.508  0.029% neg 0  invalid 762 tFOTS 0.0000 tGradient 1.5040 tsec 1.8440
#GCMRL#  448 dt  11.200000 rms  0.507  0.029% neg 0  invalid 762 tFOTS 0.0000 tGradient 1.5970 tsec 2.0220
#GCMRL#  449 dt  11.200000 rms  0.507  0.023% neg 0  invalid 762 tFOTS 0.0000 tGradient 1.5640 tsec 1.9270
#GCMRL#  450 dt  11.200000 rms  0.507  0.025% neg 0  invalid 762 tFOTS 0.0000 tGradient 1.7790 tsec 2.1840
#GCMRL#  451 dt  11.200000 rms  0.507  0.024% neg 0  invalid 762 tFOTS 0.0000 tGradient 1.6640 tsec 1.9980
#GCMRL#  452 dt  11.200000 rms  0.507  0.021% neg 0  invalid 762 tFOTS 0.0000 tGradient 1.7420 tsec 2.0800
#FOTS# QuadFit found better minimum quadopt=(dt=11.2,rms=0.506962) vs oldopt=(dt=8,rms=0.506969)
#GCMRL#  453 dt  11.200000 rms  0.507  0.000% neg 0  invalid 762 tFOTS 5.1960 tGradient 1.5500 tsec 7.1280
#GCMRL#  454 dt  11.200000 rms  0.507  0.003% neg 0  invalid 762 tFOTS 0.0000 tGradient 1.7400 tsec 2.0670
#GCMRL#  455 dt  11.200000 rms  0.507  0.002% neg 0  invalid 762 tFOTS 0.0000 tGradient 1.6620 tsec 1.9870
#GCMRL#  456 dt  11.200000 rms  0.507  0.006% neg 0  invalid 762 tFOTS 0.0000 tGradient 1.7730 tsec 2.0920
#GCMRL#  457 dt  11.200000 rms  0.507  0.007% neg 0  invalid 762 tFOTS 0.0000 tGradient 1.7790 tsec 2.1610
#GCMRL#  458 dt  11.200000 rms  0.507  0.010% neg 0  invalid 762 tFOTS 0.0000 tGradient 1.8110 tsec 2.1590

#GCAMreg# pass 0 level1 3 level2 1 tsec 324.082 sigma 0.5
l_jacobian=1.00 l_label=1.00 l_log_likelihood=0.20 l_smoothness=0.12 
tol=5.00e-02, dt=5.00e-02, exp_k=20.0, momentum=0.90, levels=6, niter=500, lbl_dist=10.00, avgs=16, sigma=0.5,type=2, relabel=0, neg=no

blurring input image with Gaussian with sigma=0.500...
GCAMRegisterLevel(): init RMS 0.507345
#FOTS# QuadFit found better minimum quadopt=(dt=72.96,rms=0.504544) vs oldopt=(dt=32,rms=0.504938)
#GCMRL#  460 dt  72.960000 rms  0.505  0.552% neg 0  invalid 762 tFOTS 4.8300 tGradient 1.6070 tsec 6.8030
#FOTS# QuadFit found better minimum quadopt=(dt=25.6,rms=0.50405) vs oldopt=(dt=32,rms=0.504119)
#GCMRL#  461 dt  25.600000 rms  0.504  0.098% neg 0  invalid 762 tFOTS 5.1490 tGradient 1.9030 tsec 7.4600
#FOTS# QuadFit found better minimum quadopt=(dt=44.8,rms=0.5038) vs oldopt=(dt=32,rms=0.503825)
#GCMRL#  462 dt  44.800000 rms  0.504  0.000% neg 0  invalid 762 tFOTS 4.7110 tGradient 1.7670 tsec 6.8660
#GCMRL#  463 dt  44.800000 rms  0.504  0.035% neg 0  invalid 762 tFOTS 0.0000 tGradient 1.6070 tsec 1.9270
#GCMRL#  464 dt  44.800000 rms  0.503  0.117% neg 0  invalid 762 tFOTS 0.0000 tGradient 1.6130 tsec 1.9960
#GCMRL#  465 dt  44.800000 rms  0.503  0.034% neg 0  invalid 762 tFOTS 0.0000 tGradient 1.5950 tsec 1.9020
#GCMRL#  466 dt  44.800000 rms  0.502  0.074% neg 0  invalid 762 tFOTS 0.0000 tGradient 1.5740 tsec 1.8940
#GCMRL#  467 dt  44.800000 rms  0.502  0.033% neg 0  invalid 762 tFOTS 0.0000 tGradient 1.5150 tsec 1.8340
#GCMRL#  468 dt  44.800000 rms  0.502  0.080% neg 0  invalid 762 tFOTS 0.0000 tGradient 1.5540 tsec 1.8720
#GCMRL#  469 dt  44.800000 rms  0.502  0.047% neg 0  invalid 762 tFOTS 0.0000 tGradient 1.5740 tsec 1.9130
#GCMRL#  470 dt  44.800000 rms  0.501  0.084% neg 0  invalid 762 tFOTS 0.0000 tGradient 1.6470 tsec 2.0100
#GCMRL#  471 dt  44.800000 rms  0.501  0.027% neg 0  invalid 762 tFOTS 0.0000 tGradient 1.5440 tsec 1.8650
#GCMRL#  472 dt  44.800000 rms  0.501  0.087% neg 0  invalid 762 tFOTS 0.0000 tGradient 1.5630 tsec 1.8930
#GCMRL#  473 dt  44.800000 rms  0.500  0.077% neg 0  invalid 762 tFOTS 0.0000 tGradient 1.5260 tsec 1.8550
#GCMRL#  474 dt  44.800000 rms  0.500  0.051% neg 0  invalid 762 tFOTS 0.0000 tGradient 1.5970 tsec 1.9210
#GCMRL#  475 dt  44.800000 rms  0.500  0.052% neg 0  invalid 762 tFOTS 0.0000 tGradient 1.4680 tsec 1.8020
#GCMRL#  476 dt  44.800000 rms  0.500  0.047% neg 0  invalid 762 tFOTS 0.0000 tGradient 1.5980 tsec 1.9430
#GCMRL#  477 dt  44.800000 rms  0.499  0.021% neg 0  invalid 762 tFOTS 0.0000 tGradient 1.5730 tsec 1.8940
#GCMRL#  478 dt  44.800000 rms  0.499  0.089% neg 0  invalid 762 tFOTS 0.0000 tGradient 1.6610 tsec 1.9810
#GCMRL#  479 dt  44.800000 rms  0.499 -0.009% neg 0  invalid 762 tFOTS 0.0000 tGradient 1.7230 tsec 2.5350
#FOTS# QuadFit found better minimum quadopt=(dt=11.2,rms=0.498885) vs oldopt=(dt=8,rms=0.498907)
#GCMRL#  480 dt  11.200000 rms  0.499  0.022% neg 0  invalid 762 tFOTS 4.5600 tGradient 1.8710 tsec 6.7760
#FOTS# QuadFit found better minimum quadopt=(dt=44.8,rms=0.498721) vs oldopt=(dt=32,rms=0.498744)
#GCMRL#  481 dt  44.800000 rms  0.499  0.033% neg 0  invalid 762 tFOTS 4.7800 tGradient 1.8790 tsec 6.9950
#FOTS# QuadFit found better minimum quadopt=(dt=11.2,rms=0.498666) vs oldopt=(dt=8,rms=0.498676)
setting smoothness cost coefficient to 0.400

#GCAMreg# pass 0 level1 2 level2 0 tsec 0 sigma 2
l_jacobian=1.00 l_label=1.00 l_log_likelihood=0.20 l_smoothness=0.40 
tol=5.00e-02, dt=5.00e-02, exp_k=20.0, momentum=0.90, levels=6, niter=500, lbl_dist=10.00, avgs=4, sigma=2.0,type=2, relabel=0, neg=no

blurring input image with Gaussian with sigma=2.000...
GCAMRegisterLevel(): init RMS 0.526393
#GCMRL#  483 dt   0.000000 rms  0.526  0.096% neg 0  invalid 762 tFOTS 4.5090 tGradient 1.6280 tsec 6.5090
#GCMRL#  484 dt   0.150000 rms  0.526  0.000% neg 0  invalid 762 tFOTS 4.4220 tGradient 1.5250 tsec 6.6310

#GCAMreg# pass 0 level1 2 level2 1 tsec 24.781 sigma 0.5
l_jacobian=1.00 l_label=1.00 l_log_likelihood=0.20 l_smoothness=0.40 
tol=5.00e-02, dt=5.00e-02, exp_k=20.0, momentum=0.90, levels=6, niter=500, lbl_dist=10.00, avgs=4, sigma=0.5,type=2, relabel=0, neg=no

blurring input image with Gaussian with sigma=0.500...
GCAMRegisterLevel(): init RMS 0.526393
#GCMRL#  486 dt   0.000000 rms  0.526  0.096% neg 0  invalid 762 tFOTS 4.7940 tGradient 1.4790 tsec 6.6560
#GCMRL#  487 dt   0.150000 rms  0.526  0.000% neg 0  invalid 762 tFOTS 4.8180 tGradient 1.8910 tsec 7.3350
setting smoothness cost coefficient to 1.000

#GCAMreg# pass 0 level1 1 level2 0 tsec 0 sigma 2
l_jacobian=1.00 l_label=1.00 l_log_likelihood=0.20 l_smoothness=1.00 
tol=5.00e-02, dt=5.00e-02, exp_k=20.0, momentum=0.90, levels=6, niter=500, lbl_dist=10.00, avgs=1, sigma=2.0,type=2, relabel=0, neg=no

blurring input image with Gaussian with sigma=2.000...
GCAMRegisterLevel(): init RMS 0.57997
#FOTS# QuadFit found better minimum quadopt=(dt=1.05119,rms=0.576557) vs oldopt=(dt=1.28,rms=0.576588)
#GCMRL#  489 dt   1.051195 rms  0.577  0.588% neg 0  invalid 762 tFOTS 4.8990 tGradient 1.6810 tsec 6.9410
#FOTS# QuadFit found better minimum quadopt=(dt=0.192,rms=0.57651) vs oldopt=(dt=0.32,rms=0.576529)
#GCMRL#  490 dt   0.192000 rms  0.577  0.000% neg 0  invalid 762 tFOTS 5.0910 tGradient 1.5170 tsec 7.0050

#GCAMreg# pass 0 level1 1 level2 1 tsec 25.466 sigma 0.5
l_jacobian=1.00 l_label=1.00 l_log_likelihood=0.20 l_smoothness=1.00 
tol=5.00e-02, dt=5.00e-02, exp_k=20.0, momentum=0.90, levels=6, niter=500, lbl_dist=10.00, avgs=1, sigma=0.5,type=2, relabel=0, neg=no

blurring input image with Gaussian with sigma=0.500...
GCAMRegisterLevel(): init RMS 0.57694
#FOTS# QuadFit found better minimum quadopt=(dt=0.384,rms=0.576322) vs oldopt=(dt=0.32,rms=0.576325)
#GCMRL#  492 dt   0.384000 rms  0.576  0.107% neg 0  invalid 762 tFOTS 4.7140 tGradient 1.7710 tsec 6.8520
#FOTS# QuadFit found better minimum quadopt=(dt=0.028,rms=0.576301) vs oldopt=(dt=0.02,rms=0.576301)
#GCMRL#  493 dt   0.028000 rms  0.576  0.000% neg 0  invalid 762 tFOTS 4.6870 tGradient 1.4400 tsec 6.5820
#GCMRL#  494 dt   0.028000 rms  0.576  0.000% neg 0  invalid 762 tFOTS 0.0000 tGradient 1.5310 tsec 1.9040
resetting metric properties...
setting smoothness cost coefficient to 2.000

#GCAMreg# pass 0 level1 0 level2 0 tsec 0 sigma 2
l_jacobian=1.00 l_label=1.00 l_log_likelihood=0.20 l_smoothness=2.00 
tol=5.00e-02, dt=5.00e-02, exp_k=20.0, momentum=0.90, levels=6, niter=500, lbl_dist=10.00, avgs=0, sigma=2.0,type=2, relabel=0, neg=no

blurring input image with Gaussian with sigma=2.000...
GCAMRegisterLevel(): init RMS 0.50671
#FOTS# QuadFit found better minimum quadopt=(dt=0.448,rms=0.492106) vs oldopt=(dt=0.32,rms=0.495963)
#GCMRL#  496 dt   0.448000 rms  0.492  2.882% neg 0  invalid 762 tFOTS 4.2760 tGradient 0.9710 tsec 5.6210
#FOTS# QuadFit found better minimum quadopt=(dt=0.448,rms=0.488858) vs oldopt=(dt=0.32,rms=0.489765)
#GCMRL#  497 dt   0.448000 rms  0.489  0.660% neg 0  invalid 762 tFOTS 4.1970 tGradient 0.9660 tsec 5.5320
#FOTS# QuadFit found better minimum quadopt=(dt=0.384,rms=0.487244) vs oldopt=(dt=0.32,rms=0.487507)
#GCMRL#  498 dt   0.384000 rms  0.487  0.330% neg 0  invalid 762 tFOTS 4.2290 tGradient 0.9480 tsec 5.5440
#FOTS# QuadFit found better minimum quadopt=(dt=0.384,rms=0.486173) vs oldopt=(dt=0.32,rms=0.486347)
#GCMRL#  499 dt   0.384000 rms  0.486  0.220% neg 0  invalid 762 tFOTS 4.2710 tGradient 1.0040 tsec 5.6390
#FOTS# QuadFit found better minimum quadopt=(dt=0.384,rms=0.485375) vs oldopt=(dt=0.32,rms=0.485507)
#GCMRL#  500 dt   0.384000 rms  0.485  0.164% neg 0  invalid 762 tFOTS 4.1900 tGradient 0.9570 tsec 5.5110
#FOTS# QuadFit found better minimum quadopt=(dt=0.433333,rms=0.484688) vs oldopt=(dt=0.32,rms=0.484862)
#GCMRL#  501 dt   0.433333 rms  0.485  0.142% neg 0  invalid 762 tFOTS 4.2160 tGradient 1.0010 tsec 5.5780
#FOTS# QuadFit found better minimum quadopt=(dt=0.384,rms=0.484179) vs oldopt=(dt=0.32,rms=0.484259)
#GCMRL#  502 dt   0.384000 rms  0.484  0.105% neg 0  invalid 762 tFOTS 4.2490 tGradient 0.9330 tsec 5.5440
#FOTS# QuadFit found better minimum quadopt=(dt=0.448,rms=0.483744) vs oldopt=(dt=0.32,rms=0.483866)
#GCMRL#  503 dt   0.448000 rms  0.484  0.090% neg 0  invalid 762 tFOTS 4.6650 tGradient 0.9910 tsec 6.0240
#FOTS# QuadFit found better minimum quadopt=(dt=0.448,rms=0.483349) vs oldopt=(dt=0.32,rms=0.483453)
#GCMRL#  504 dt   0.448000 rms  0.483  0.082% neg 0  invalid 762 tFOTS 4.3970 tGradient 0.9310 tsec 5.6890
#FOTS# QuadFit found better minimum quadopt=(dt=0.448,rms=0.483059) vs oldopt=(dt=0.32,rms=0.483136)
#GCMRL#  505 dt   0.448000 rms  0.483  0.060% neg 0  invalid 762 tFOTS 4.3380 tGradient 0.9830 tsec 5.6880
#FOTS# QuadFit found better minimum quadopt=(dt=0.448,rms=0.482785) vs oldopt=(dt=0.32,rms=0.482856)
#GCMRL#  506 dt   0.448000 rms  0.483  0.057% neg 0  invalid 762 tFOTS 4.5200 tGradient 0.9970 tsec 5.8860
#FOTS# QuadFit found better minimum quadopt=(dt=0.112,rms=0.482733) vs oldopt=(dt=0.08,rms=0.482749)
#GCMRL#  507 dt   0.112000 rms  0.483  0.000% neg 0  invalid 762 tFOTS 3.9800 tGradient 0.9290 tsec 5.2960
#GCMRL#  508 dt   0.112000 rms  0.483  0.015% neg 0  invalid 762 tFOTS 0.0000 tGradient 0.9850 tsec 1.3300
#GCMRL#  509 dt   0.112000 rms  0.483  0.017% neg 0  invalid 762 tFOTS 0.0000 tGradient 0.9260 tsec 1.2740
#GCMRL#  510 dt   0.112000 rms  0.482  0.030% neg 0  invalid 762 tFOTS 0.0000 tGradient 0.9120 tsec 1.2500
#GCMRL#  511 dt   0.112000 rms  0.482  0.035% neg 0  invalid 762 tFOTS 0.0000 tGradient 0.9060 tsec 1.2460
#GCMRL#  512 dt   0.112000 rms  0.482  0.038% neg 0  invalid 762 tFOTS 0.0000 tGradient 0.8980 tsec 1.2370
#GCMRL#  513 dt   0.112000 rms  0.482  0.042% neg 0  invalid 762 tFOTS 0.0000 tGradient 0.9560 tsec 1.3030
#GCMRL#  514 dt   0.112000 rms  0.482  0.039% neg 0  invalid 762 tFOTS 0.0000 tGradient 0.9290 tsec 1.2740
#GCMRL#  515 dt   0.112000 rms  0.481  0.041% neg 0  invalid 762 tFOTS 0.0000 tGradient 0.9260 tsec 1.2680
#GCMRL#  516 dt   0.112000 rms  0.481  0.033% neg 0  invalid 762 tFOTS 0.0000 tGradient 0.8990 tsec 1.2390
#GCMRL#  517 dt   0.112000 rms  0.481  0.036% neg 0  invalid 762 tFOTS 0.0000 tGradient 1.0340 tsec 1.4370
#GCMRL#  518 dt   0.112000 rms  0.481  0.032% neg 0  invalid 762 tFOTS 0.0000 tGradient 0.9840 tsec 1.3290
#GCMRL#  519 dt   0.112000 rms  0.481  0.029% neg 0  invalid 762 tFOTS 0.0000 tGradient 0.9530 tsec 1.3120
#GCMRL#  520 dt   0.112000 rms  0.481  0.024% neg 0  invalid 762 tFOTS 0.0000 tGradient 0.9350 tsec 1.2750
#GCMRL#  521 dt   0.112000 rms  0.481  0.018% neg 0  invalid 762 tFOTS 0.0000 tGradient 0.9100 tsec 1.2810
#GCMRL#  522 dt   0.050000 rms  0.481  0.000% neg 0  invalid 762 tFOTS 3.6060 tGradient 0.9110 tsec 4.9630

#GCAMreg# pass 0 level1 0 level2 1 tsec 101.699 sigma 0.5
l_jacobian=1.00 l_label=1.00 l_log_likelihood=0.20 l_smoothness=2.00 
tol=5.00e-02, dt=5.00e-02, exp_k=20.0, momentum=0.90, levels=6, niter=500, lbl_dist=10.00, avgs=0, sigma=0.5,type=2, relabel=0, neg=no

blurring input image with Gaussian with sigma=0.500...
GCAMRegisterLevel(): init RMS 0.48121
#FOTS# QuadFit found better minimum quadopt=(dt=0.211538,rms=0.478911) vs oldopt=(dt=0.08,rms=0.479982)
#GCMRL#  524 dt   0.211538 rms  0.479  0.478% neg 0  invalid 762 tFOTS 4.1150 tGradient 0.9270 tsec 5.4130
#FOTS# QuadFit found better minimum quadopt=(dt=0.112,rms=0.478395) vs oldopt=(dt=0.08,rms=0.478541)
#GCMRL#  525 dt   0.112000 rms  0.478  0.108% neg 0  invalid 762 tFOTS 4.0510 tGradient 0.9330 tsec 5.3500
#FOTS# QuadFit found better minimum quadopt=(dt=0.448,rms=0.476888) vs oldopt=(dt=0.32,rms=0.477304)
#GCMRL#  526 dt   0.448000 rms  0.477  0.315% neg 0  invalid 762 tFOTS 4.4480 tGradient 0.9300 tsec 5.7410
#GCMRL#  527 dt   0.320000 rms  0.477  0.000% neg 0  invalid 762 tFOTS 4.2280 tGradient 0.9100 tsec 5.5290
#GCMRL#  528 dt   0.160000 rms  0.477  0.005% neg 0  invalid 762 tFOTS 0.0000 tGradient 0.9190 tsec 1.6510
#GCMRL#  529 dt   0.160000 rms  0.477  0.007% neg 0  invalid 762 tFOTS 0.0000 tGradient 0.9260 tsec 1.2800
#GCMRL#  530 dt   0.160000 rms  0.477  0.010% neg 0  invalid 762 tFOTS 0.0000 tGradient 0.9250 tsec 1.2870
#GCMRL#  531 dt   0.160000 rms  0.477  0.006% neg 0  invalid 762 tFOTS 0.0000 tGradient 0.9260 tsec 1.2860
GCAMregister done in 28.241 min
********************* ALLOWING NEGATIVE NODES IN DEFORMATION********************************
noneg post
Starting GCAMregister()
label assignment complete, 0 changed (0.00%)
npasses = 1, nlevels = 6
#pass# 1 of 1 ************************
enabling zero nodes
setting smoothness cost coefficient to 0.008

#GCAMreg# pass 0 level1 5 level2 0 tsec 0 sigma 2
l_jacobian=1.00 l_label=1.00 l_log_likelihood=0.20 l_smoothness=0.01 
tol=2.50e-01, dt=5.00e-02, exp_k=20.0, momentum=0.90, levels=6, niter=500, lbl_dist=10.00, avgs=256, sigma=2.0,type=2, relabel=0, neg=yes

blurring input image with Gaussian with sigma=2.000...
GCAMRegisterLevel(): init RMS 0.475028
#GCMRL#  533 dt   0.000000 rms  0.474  0.117% neg 0  invalid 762 tFOTS 5.0710 tGradient 2.2960 tsec 7.7330

#GCAMreg# pass 0 level1 5 level2 1 tsec 22.831 sigma 0.5
l_jacobian=1.00 l_label=1.00 l_log_likelihood=0.20 l_smoothness=0.01 
tol=2.50e-01, dt=5.00e-02, exp_k=20.0, momentum=0.90, levels=6, niter=500, lbl_dist=10.00, avgs=256, sigma=0.5,type=2, relabel=0, neg=yes

blurring input image with Gaussian with sigma=0.500...
GCAMRegisterLevel(): init RMS 0.475028
#GCMRL#  535 dt 369.920000 rms  0.474  0.221% neg 0  invalid 762 tFOTS 5.0530 tGradient 2.3750 tsec 7.7920
#FOTS# QuadFit found better minimum quadopt=(dt=55.488,rms=0.473895) vs oldopt=(dt=92.48,rms=0.473923)
#GCMRL#  536 dt  55.488000 rms  0.474  0.000% neg 0  invalid 762 tFOTS 5.4450 tGradient 2.7070 tsec 8.5380
#GCMRL#  537 dt  55.488000 rms  0.474  0.011% neg 0  invalid 762 tFOTS 0.0000 tGradient 2.1370 tsec 2.4710
#GCMRL#  538 dt  55.488000 rms  0.474  0.001% neg 0  invalid 762 tFOTS 0.0000 tGradient 2.4510 tsec 2.8050
#GCMRL#  539 dt  55.488000 rms  0.474  0.002% neg 0  invalid 762 tFOTS 0.0000 tGradient 2.4690 tsec 2.9000
#GCMRL#  540 dt  55.488000 rms  0.474  0.011% neg 0  invalid 762 tFOTS 0.0000 tGradient 2.5780 tsec 2.9420
#GCMRL#  541 dt  55.488000 rms  0.474  0.022% neg 0  invalid 762 tFOTS 0.0000 tGradient 2.8280 tsec 3.2060
#GCMRL#  542 dt  55.488000 rms  0.474  0.022% neg 0  invalid 762 tFOTS 0.0000 tGradient 2.3020 tsec 2.6740
setting smoothness cost coefficient to 0.031

#GCAMreg# pass 0 level1 4 level2 0 tsec 0 sigma 2
l_jacobian=1.00 l_label=1.00 l_log_likelihood=0.20 l_smoothness=0.03 
tol=2.50e-01, dt=5.00e-02, exp_k=20.0, momentum=0.90, levels=6, niter=500, lbl_dist=10.00, avgs=64, sigma=2.0,type=2, relabel=0, neg=yes

blurring input image with Gaussian with sigma=2.000...
GCAMRegisterLevel(): init RMS 0.474048
#FOTS# QuadFit found better minimum quadopt=(dt=9.072,rms=0.473472) vs oldopt=(dt=6.48,rms=0.473479)
#GCMRL#  544 dt   9.072000 rms  0.473  0.121% neg 0  invalid 762 tFOTS 5.6460 tGradient 1.8980 tsec 7.9230
#FOTS# QuadFit found better minimum quadopt=(dt=9.072,rms=0.47346) vs oldopt=(dt=6.48,rms=0.473464)
#GCMRL#  545 dt   9.072000 rms  0.473  0.000% neg 0  invalid 762 tFOTS 5.6030 tGradient 1.9130 tsec 7.9260
#GCMRL#  546 dt   9.072000 rms  0.473  0.001% neg 0  invalid 762 tFOTS 0.0000 tGradient 1.9210 tsec 2.2810

#GCAMreg# pass 0 level1 4 level2 1 tsec 27.765 sigma 0.5
l_jacobian=1.00 l_label=1.00 l_log_likelihood=0.20 l_smoothness=0.03 
tol=2.50e-01, dt=5.00e-02, exp_k=20.0, momentum=0.90, levels=6, niter=500, lbl_dist=10.00, avgs=64, sigma=0.5,type=2, relabel=0, neg=yes

blurring input image with Gaussian with sigma=0.500...
GCAMRegisterLevel(): init RMS 0.473986
#FOTS# QuadFit found better minimum quadopt=(dt=145.152,rms=0.47143) vs oldopt=(dt=103.68,rms=0.471805)
#GCMRL#  548 dt 145.152000 rms  0.471  0.539% neg 0  invalid 762 tFOTS 5.3940 tGradient 2.4560 tsec 8.2100
#FOTS# QuadFit found better minimum quadopt=(dt=31.104,rms=0.471143) vs oldopt=(dt=25.92,rms=0.471153)
#GCMRL#  549 dt  31.104000 rms  0.471  0.000% neg 0  invalid 762 tFOTS 5.4970 tGradient 1.8390 tsec 7.7530
#GCMRL#  550 dt  31.104000 rms  0.471  0.030% neg 0  invalid 762 tFOTS 0.0000 tGradient 1.9400 tsec 2.2910
#GCMRL#  551 dt  31.104000 rms  0.471  0.050% neg 0  invalid 762 tFOTS 0.0000 tGradient 1.8640 tsec 2.2150
#GCMRL#  552 dt  31.104000 rms  0.470  0.072% neg 0  invalid 762 tFOTS 0.0000 tGradient 1.8960 tsec 2.2530
#GCMRL#  553 dt  31.104000 rms  0.470  0.090% neg 0  invalid 762 tFOTS 0.0000 tGradient 1.8630 tsec 2.2280
#GCMRL#  554 dt  31.104000 rms  0.470  0.106% neg 0  invalid 762 tFOTS 0.0000 tGradient 1.9010 tsec 2.2660
#GCMRL#  555 dt  31.104000 rms  0.469  0.097% neg 0  invalid 762 tFOTS 0.0000 tGradient 1.9100 tsec 2.3130
#GCMRL#  556 dt  31.104000 rms  0.469  0.094% neg 0  invalid 762 tFOTS 0.0000 tGradient 2.1450 tsec 2.5160
#FOTS# QuadFit found better minimum quadopt=(dt=36.288,rms=0.468561) vs oldopt=(dt=25.92,rms=0.468569)
setting smoothness cost coefficient to 0.118

#GCAMreg# pass 0 level1 3 level2 0 tsec 0 sigma 2
l_jacobian=1.00 l_label=1.00 l_log_likelihood=0.20 l_smoothness=0.12 
tol=2.50e-01, dt=5.00e-02, exp_k=20.0, momentum=0.90, levels=6, niter=500, lbl_dist=10.00, avgs=16, sigma=2.0,type=2, relabel=0, neg=yes

blurring input image with Gaussian with sigma=2.000...
GCAMRegisterLevel(): init RMS 0.469379
#FOTS# QuadFit found better minimum quadopt=(dt=44.8,rms=0.466231) vs oldopt=(dt=32,rms=0.466408)
iter 0, gcam->neg = 2
after 1 iterations, nbhd size=0, neg = 0
#GCMRL#  558 dt  44.800000 rms  0.466  0.670% neg 0  invalid 762 tFOTS 5.7960 tGradient 1.7740 tsec 9.1860
#FOTS# QuadFit found better minimum quadopt=(dt=94.8722,rms=0.461518) vs oldopt=(dt=128,rms=0.462073)
iter 0, gcam->neg = 2
after 0 iterations, nbhd size=0, neg = 0
#GCMRL#  559 dt  94.872247 rms  0.462  1.012% neg 0  invalid 762 tFOTS 5.8480 tGradient 1.9030 tsec 9.1520
#FOTS# QuadFit found better minimum quadopt=(dt=20.6784,rms=0.460492) vs oldopt=(dt=32,rms=0.460881)
#GCMRL#  560 dt  20.678363 rms  0.460  0.000% neg 0  invalid 762 tFOTS 5.9400 tGradient 1.6790 tsec 8.0510
#GCMRL#  561 dt  20.678363 rms  0.460  0.074% neg 0  invalid 762 tFOTS 0.0000 tGradient 2.0470 tsec 2.4470
#GCMRL#  562 dt  20.678363 rms  0.460  0.115% neg 0  invalid 762 tFOTS 0.0000 tGradient 1.8530 tsec 2.1970
#GCMRL#  563 dt  20.678363 rms  0.459  0.227% neg 0  invalid 762 tFOTS 0.0000 tGradient 1.7800 tsec 2.1270
#GCMRL#  564 dt  20.678363 rms  0.457  0.291% neg 0  invalid 762 tFOTS 0.0000 tGradient 1.7170 tsec 2.0590
#GCMRL#  565 dt  20.678363 rms  0.456  0.258% neg 0  invalid 762 tFOTS 0.0000 tGradient 1.7160 tsec 2.0630
iter 0, gcam->neg = 1
after 0 iterations, nbhd size=0, neg = 0
#GCMRL#  566 dt  20.678363 rms  0.455  0.237% neg 0  invalid 762 tFOTS 0.0000 tGradient 1.6880 tsec 3.1770
iter 0, gcam->neg = 4
after 3 iterations, nbhd size=0, neg = 0
#GCMRL#  567 dt  20.678363 rms  0.454  0.181% neg 0  invalid 762 tFOTS 0.0000 tGradient 1.7910 tsec 4.8360
iter 0, gcam->neg = 3
after 2 iterations, nbhd size=0, neg = 0
#GCMRL#  568 dt  20.678363 rms  0.454  0.138% neg 0  invalid 762 tFOTS 0.0000 tGradient 1.8680 tsec 4.5350
iter 0, gcam->neg = 4
after 3 iterations, nbhd size=0, neg = 0
#GCMRL#  569 dt  20.678363 rms  0.453  0.133% neg 0  invalid 762 tFOTS 0.0000 tGradient 1.5530 tsec 4.4400
iter 0, gcam->neg = 3
after 8 iterations, nbhd size=1, neg = 0
#GCMRL#  570 dt  20.678363 rms  0.452  0.141% neg 0  invalid 762 tFOTS 0.0000 tGradient 1.6200 tsec 6.8400
iter 0, gcam->neg = 2
after 1 iterations, nbhd size=0, neg = 0
#GCMRL#  571 dt  20.678363 rms  0.452  0.157% neg 0  invalid 762 tFOTS 0.0000 tGradient 2.0480 tsec 3.9820
iter 0, gcam->neg = 1
after 7 iterations, nbhd size=1, neg = 0
#GCMRL#  572 dt  20.678363 rms  0.451  0.139% neg 0  invalid 762 tFOTS 0.0000 tGradient 1.8570 tsec 7.4470
iter 0, gcam->neg = 1
after 1 iterations, nbhd size=0, neg = 0
#GCMRL#  573 dt  20.678363 rms  0.450  0.117% neg 0  invalid 762 tFOTS 0.0000 tGradient 2.0290 tsec 4.3710
iter 0, gcam->neg = 1
after 1 iterations, nbhd size=0, neg = 0
#GCMRL#  574 dt  20.678363 rms  0.450  0.105% neg 0  invalid 762 tFOTS 0.0000 tGradient 1.9890 tsec 4.2220
#GCMRL#  575 dt  32.000000 rms  0.450  0.000% neg 0  invalid 762 tFOTS 5.3440 tGradient 1.8100 tsec 7.5430

#GCAMreg# pass 0 level1 3 level2 1 tsec 97.9 sigma 0.5
l_jacobian=1.00 l_label=1.00 l_log_likelihood=0.20 l_smoothness=0.12 
tol=2.50e-01, dt=5.00e-02, exp_k=20.0, momentum=0.90, levels=6, niter=500, lbl_dist=10.00, avgs=16, sigma=0.5,type=2, relabel=0, neg=yes

blurring input image with Gaussian with sigma=0.500...
GCAMRegisterLevel(): init RMS 0.450448
#FOTS# QuadFit found better minimum quadopt=(dt=71.04,rms=0.44667) vs oldopt=(dt=32,rms=0.447407)
#GCMRL#  577 dt  71.040000 rms  0.447  0.839% neg 0  invalid 762 tFOTS 5.4890 tGradient 1.7180 tsec 7.5660
#FOTS# QuadFit found better minimum quadopt=(dt=11.2,rms=0.445817) vs oldopt=(dt=8,rms=0.445994)
#GCMRL#  578 dt  11.200000 rms  0.446  0.000% neg 0  invalid 762 tFOTS 5.3800 tGradient 1.6710 tsec 7.4360
#GCMRL#  579 dt  11.200000 rms  0.445  0.073% neg 0  invalid 762 tFOTS 0.0000 tGradient 1.6710 tsec 2.0180
#GCMRL#  580 dt  11.200000 rms  0.445  0.064% neg 0  invalid 762 tFOTS 0.0000 tGradient 1.6460 tsec 1.9950
#GCMRL#  581 dt  11.200000 rms  0.445  0.044% neg 0  invalid 762 tFOTS 0.0000 tGradient 1.6450 tsec 2.0250
#FOTS# QuadFit found better minimum quadopt=(dt=38.4,rms=0.44456) vs oldopt=(dt=32,rms=0.444569)
#GCMRL#  582 dt  38.400000 rms  0.445  0.102% neg 0  invalid 762 tFOTS 5.3250 tGradient 1.6500 tsec 7.3350
#FOTS# QuadFit found better minimum quadopt=(dt=19.2,rms=0.444314) vs oldopt=(dt=32,rms=0.444405)
setting smoothness cost coefficient to 0.400

#GCAMreg# pass 0 level1 2 level2 0 tsec 0 sigma 2
l_jacobian=1.00 l_label=1.00 l_log_likelihood=0.20 l_smoothness=0.40 
tol=2.50e-01, dt=5.00e-02, exp_k=20.0, momentum=0.90, levels=6, niter=500, lbl_dist=10.00, avgs=4, sigma=2.0,type=2, relabel=0, neg=yes

blurring input image with Gaussian with sigma=2.000...
GCAMRegisterLevel(): init RMS 0.452053
#FOTS# QuadFit found better minimum quadopt=(dt=3.456,rms=0.451194) vs oldopt=(dt=2.88,rms=0.451202)
#GCMRL#  584 dt   3.456000 rms  0.451  0.190% neg 0  invalid 762 tFOTS 5.4620 tGradient 1.5940 tsec 7.4200
#FOTS# QuadFit found better minimum quadopt=(dt=2.304,rms=0.451132) vs oldopt=(dt=2.88,rms=0.45114)
#GCMRL#  585 dt   2.304000 rms  0.451  0.000% neg 0  invalid 762 tFOTS 5.4420 tGradient 1.5610 tsec 7.3920
#GCMRL#  586 dt   2.304000 rms  0.451  0.002% neg 0  invalid 762 tFOTS 0.0000 tGradient 1.5550 tsec 1.9080

#GCAMreg# pass 0 level1 2 level2 1 tsec 25.899 sigma 0.5
l_jacobian=1.00 l_label=1.00 l_log_likelihood=0.20 l_smoothness=0.40 
tol=2.50e-01, dt=5.00e-02, exp_k=20.0, momentum=0.90, levels=6, niter=500, lbl_dist=10.00, avgs=4, sigma=0.5,type=2, relabel=0, neg=yes

blurring input image with Gaussian with sigma=0.500...
GCAMRegisterLevel(): init RMS 0.451697
#FOTS# QuadFit found better minimum quadopt=(dt=8.94118,rms=0.450214) vs oldopt=(dt=11.52,rms=0.450301)
#GCMRL#  588 dt   8.941176 rms  0.450  0.328% neg 0  invalid 762 tFOTS 5.3940 tGradient 1.5710 tsec 7.3230
#FOTS# QuadFit found better minimum quadopt=(dt=13.6812,rms=0.449484) vs oldopt=(dt=11.52,rms=0.449497)
#GCMRL#  589 dt  13.681159 rms  0.449  0.000% neg 0  invalid 762 tFOTS 5.4160 tGradient 1.5860 tsec 7.3890
#GCMRL#  590 dt  13.681159 rms  0.448  0.240% neg 0  invalid 762 tFOTS 0.0000 tGradient 1.5520 tsec 1.9070
#GCMRL#  591 dt  13.681159 rms  0.447  0.377% neg 0  invalid 762 tFOTS 0.0000 tGradient 1.5630 tsec 1.9380
#GCMRL#  592 dt  13.681159 rms  0.445  0.440% neg 0  invalid 762 tFOTS 0.0000 tGradient 1.5680 tsec 1.9200
#GCMRL#  593 dt  13.681159 rms  0.442  0.528% neg 0  invalid 762 tFOTS 0.0000 tGradient 1.5470 tsec 1.8980
iter 0, gcam->neg = 2
after 2 iterations, nbhd size=0, neg = 0
#GCMRL#  594 dt  13.681159 rms  0.440  0.514% neg 0  invalid 762 tFOTS 0.0000 tGradient 1.5510 tsec 4.0220
iter 0, gcam->neg = 1
after 0 iterations, nbhd size=0, neg = 0
#GCMRL#  595 dt  13.681159 rms  0.438  0.432% neg 0  invalid 762 tFOTS 0.0000 tGradient 1.5900 tsec 3.0650
iter 0, gcam->neg = 2
after 2 iterations, nbhd size=0, neg = 0
#GCMRL#  596 dt  13.681159 rms  0.437  0.212% neg 0  invalid 762 tFOTS 0.0000 tGradient 1.5600 tsec 4.0330
iter 0, gcam->neg = 2
after 0 iterations, nbhd size=0, neg = 0
#GCMRL#  597 dt  13.681159 rms  0.437 -0.001% neg 0  invalid 762 tFOTS 0.0000 tGradient 1.5840 tsec 3.3210
#FOTS# QuadFit found better minimum quadopt=(dt=0.000984375,rms=0.437285) vs oldopt=(dt=0.000703125,rms=0.437285)
#GCMRL#  598 dt   0.000984 rms  0.437  0.000% neg 0  invalid 762 tFOTS 5.4410 tGradient 1.5780 tsec 7.3830
#FOTS# QuadFit found better minimum quadopt=(dt=0.0005625,rms=0.437285) vs oldopt=(dt=0.000703125,rms=0.437285)
setting smoothness cost coefficient to 1.000

#GCAMreg# pass 0 level1 1 level2 0 tsec 0 sigma 2
l_jacobian=1.00 l_label=1.00 l_log_likelihood=0.20 l_smoothness=1.00 
tol=2.50e-01, dt=5.00e-02, exp_k=20.0, momentum=0.90, levels=6, niter=500, lbl_dist=10.00, avgs=1, sigma=2.0,type=2, relabel=0, neg=yes

blurring input image with Gaussian with sigma=2.000...
GCAMRegisterLevel(): init RMS 0.444125
#GCMRL#  600 dt   0.000000 rms  0.443  0.144% neg 0  invalid 762 tFOTS 5.2560 tGradient 1.4860 tsec 7.1100

#GCAMreg# pass 0 level1 1 level2 1 tsec 21.323 sigma 0.5
l_jacobian=1.00 l_label=1.00 l_log_likelihood=0.20 l_smoothness=1.00 
tol=2.50e-01, dt=5.00e-02, exp_k=20.0, momentum=0.90, levels=6, niter=500, lbl_dist=10.00, avgs=1, sigma=0.5,type=2, relabel=0, neg=yes

blurring input image with Gaussian with sigma=0.500...
GCAMRegisterLevel(): init RMS 0.444125
#GCMRL#  602 dt   0.000000 rms  0.443  0.144% neg 0  invalid 762 tFOTS 5.3280 tGradient 1.4540 tsec 7.1540
resetting metric properties...
setting smoothness cost coefficient to 2.000

#GCAMreg# pass 0 level1 0 level2 0 tsec 0 sigma 2
l_jacobian=1.00 l_label=1.00 l_log_likelihood=0.20 l_smoothness=2.00 
tol=2.50e-01, dt=5.00e-02, exp_k=20.0, momentum=0.90, levels=6, niter=500, lbl_dist=10.00, avgs=0, sigma=2.0,type=2, relabel=0, neg=yes

blurring input image with Gaussian with sigma=2.000...
GCAMRegisterLevel(): init RMS 0.43376
#FOTS# QuadFit found better minimum quadopt=(dt=2.05303,rms=0.405867) vs oldopt=(dt=1.28,rms=0.40994)
iter 0, gcam->neg = 773
after 13 iterations, nbhd size=1, neg = 0
#GCMRL#  604 dt   2.053026 rms  0.407  6.090% neg 0  invalid 762 tFOTS 5.5320 tGradient 0.9250 tsec 14.4500
#FOTS# QuadFit found better minimum quadopt=(dt=0.024,rms=0.407274) vs oldopt=(dt=0.02,rms=0.407274)
#GCMRL#  605 dt   0.024000 rms  0.407  0.000% neg 0  invalid 762 tFOTS 5.5700 tGradient 0.9290 tsec 6.8870

#GCAMreg# pass 0 level1 0 level2 1 tsec 29.741 sigma 0.5
l_jacobian=1.00 l_label=1.00 l_log_likelihood=0.20 l_smoothness=2.00 
tol=2.50e-01, dt=5.00e-02, exp_k=20.0, momentum=0.90, levels=6, niter=500, lbl_dist=10.00, avgs=0, sigma=0.5,type=2, relabel=0, neg=yes

blurring input image with Gaussian with sigma=0.500...
GCAMRegisterLevel(): init RMS 0.407978
#FOTS# QuadFit found better minimum quadopt=(dt=0.064,rms=0.407158) vs oldopt=(dt=0.08,rms=0.407175)
#GCMRL#  607 dt   0.064000 rms  0.407  0.201% neg 0  invalid 762 tFOTS 5.4560 tGradient 0.9220 tsec 6.7340
#GCMRL#  608 dt   0.050000 rms  0.407  0.000% neg 0  invalid 762 tFOTS 5.1660 tGradient 0.9170 tsec 6.4710
label assignment complete, 0 changed (0.00%)
GCAMregister done in 7.10643 min
Starting GCAMcomputeMaxPriorLabels()
Morphing with label term set to 0 *******************************
Starting GCAMregister()
label assignment complete, 0 changed (0.00%)
npasses = 1, nlevels = 6
#pass# 1 of 1 ************************
enabling zero nodes
setting smoothness cost coefficient to 0.008

#GCAMreg# pass 0 level1 5 level2 0 tsec 0 sigma 2
l_jacobian=1.00 l_log_likelihood=0.20 l_smoothness=0.01 
tol=2.50e-01, dt=5.00e-02, exp_k=20.0, momentum=0.90, levels=6, niter=500, lbl_dist=10.00, avgs=256, sigma=2.0,type=2, relabel=0, neg=yes

blurring input image with Gaussian with sigma=2.000...
GCAMRegisterLevel(): init RMS 0.3942

#GCAMreg# pass 0 level1 5 level2 1 tsec 13.665 sigma 0.5
l_jacobian=1.00 l_log_likelihood=0.20 l_smoothness=0.01 
tol=2.50e-01, dt=5.00e-02, exp_k=20.0, momentum=0.90, levels=6, niter=500, lbl_dist=10.00, avgs=256, sigma=0.5,type=2, relabel=0, neg=yes

blurring input image with Gaussian with sigma=0.500...
GCAMRegisterLevel(): init RMS 0.3942
setting smoothness cost coefficient to 0.031

#GCAMreg# pass 0 level1 4 level2 0 tsec 0 sigma 2
l_jacobian=1.00 l_log_likelihood=0.20 l_smoothness=0.03 
tol=2.50e-01, dt=5.00e-02, exp_k=20.0, momentum=0.90, levels=6, niter=500, lbl_dist=10.00, avgs=64, sigma=2.0,type=2, relabel=0, neg=yes

blurring input image with Gaussian with sigma=2.000...
GCAMRegisterLevel(): init RMS 0.39436

#GCAMreg# pass 0 level1 4 level2 1 tsec 13.227 sigma 0.5
l_jacobian=1.00 l_log_likelihood=0.20 l_smoothness=0.03 
tol=2.50e-01, dt=5.00e-02, exp_k=20.0, momentum=0.90, levels=6, niter=500, lbl_dist=10.00, avgs=64, sigma=0.5,type=2, relabel=0, neg=yes

blurring input image with Gaussian with sigma=0.500...
GCAMRegisterLevel(): init RMS 0.39436
#FOTS# QuadFit found better minimum quadopt=(dt=15.552,rms=0.394326) vs oldopt=(dt=25.92,rms=0.394335)
#GCMRL#  613 dt  15.552000 rms  0.394  0.009% neg 0  invalid 762 tFOTS 4.4130 tGradient 1.2920 tsec 6.0240
#FOTS# QuadFit found better minimum quadopt=(dt=9.072,rms=0.394321) vs oldopt=(dt=6.48,rms=0.394321)
#GCMRL#  614 dt   9.072000 rms  0.394  0.000% neg 0  invalid 762 tFOTS 4.6800 tGradient 1.2780 tsec 6.3050
setting smoothness cost coefficient to 0.118

#GCAMreg# pass 0 level1 3 level2 0 tsec 0 sigma 2
l_jacobian=1.00 l_log_likelihood=0.20 l_smoothness=0.12 
tol=2.50e-01, dt=5.00e-02, exp_k=20.0, momentum=0.90, levels=6, niter=500, lbl_dist=10.00, avgs=16, sigma=2.0,type=2, relabel=0, neg=yes

blurring input image with Gaussian with sigma=2.000...
GCAMRegisterLevel(): init RMS 0.394927
#FOTS# QuadFit found better minimum quadopt=(dt=11.2,rms=0.394622) vs oldopt=(dt=8,rms=0.394659)
#GCMRL#  616 dt  11.200000 rms  0.395  0.077% neg 0  invalid 762 tFOTS 4.7410 tGradient 1.1160 tsec 6.1800
#GCMRL#  617 dt   8.000000 rms  0.395  0.000% neg 0  invalid 762 tFOTS 4.7280 tGradient 1.1130 tsec 6.1880
#GCMRL#  618 dt   8.000000 rms  0.395  0.005% neg 0  invalid 762 tFOTS 0.0000 tGradient 1.1020 tsec 1.4050
iter 0, gcam->neg = 2
after 1 iterations, nbhd size=0, neg = 0

#GCAMreg# pass 0 level1 3 level2 1 tsec 23.777 sigma 0.5
l_jacobian=1.00 l_log_likelihood=0.20 l_smoothness=0.12 
tol=2.50e-01, dt=5.00e-02, exp_k=20.0, momentum=0.90, levels=6, niter=500, lbl_dist=10.00, avgs=16, sigma=0.5,type=2, relabel=0, neg=yes

blurring input image with Gaussian with sigma=0.500...
GCAMRegisterLevel(): init RMS 0.394525
#FOTS# QuadFit found better minimum quadopt=(dt=64.4156,rms=0.392548) vs oldopt=(dt=32,rms=0.392872)
iter 0, gcam->neg = 3
after 9 iterations, nbhd size=1, neg = 0
#GCMRL#  620 dt  64.415584 rms  0.393  0.486% neg 0  invalid 762 tFOTS 4.7290 tGradient 1.1040 tsec 11.7200
#FOTS# QuadFit found better minimum quadopt=(dt=25.6,rms=0.391837) vs oldopt=(dt=32,rms=0.391891)
iter 0, gcam->neg = 1
after 1 iterations, nbhd size=0, neg = 0
#GCMRL#  621 dt  25.600000 rms  0.392  0.000% neg 0  invalid 762 tFOTS 4.7230 tGradient 1.1060 tsec 7.7710
#GCMRL#  622 dt  25.600000 rms  0.392  0.082% neg 0  invalid 762 tFOTS 0.0000 tGradient 1.1110 tsec 1.4240
#GCMRL#  623 dt  25.600000 rms  0.391  0.111% neg 0  invalid 762 tFOTS 0.0000 tGradient 1.1080 tsec 1.4090
iter 0, gcam->neg = 2
after 0 iterations, nbhd size=0, neg = 0
#GCMRL#  624 dt  25.600000 rms  0.391  0.141% neg 0  invalid 762 tFOTS 0.0000 tGradient 1.1150 tsec 2.5370
iter 0, gcam->neg = 7
after 5 iterations, nbhd size=0, neg = 0
#GCMRL#  625 dt  25.600000 rms  0.390  0.120% neg 0  invalid 762 tFOTS 0.0000 tGradient 1.1120 tsec 4.9690
iter 0, gcam->neg = 7
after 2 iterations, nbhd size=0, neg = 0
#GCMRL#  626 dt  25.600000 rms  0.390  0.123% neg 0  invalid 762 tFOTS 0.0000 tGradient 1.1050 tsec 3.4760
iter 0, gcam->neg = 4
after 10 iterations, nbhd size=1, neg = 0
#GCMRL#  627 dt  25.600000 rms  0.389  0.103% neg 0  invalid 762 tFOTS 0.0000 tGradient 1.1160 tsec 7.4030
#FOTS# QuadFit found better minimum quadopt=(dt=44.8,rms=0.389035) vs oldopt=(dt=32,rms=0.389063)
#GCMRL#  628 dt  44.800000 rms  0.389  0.000% neg 0  invalid 762 tFOTS 4.4350 tGradient 1.0980 tsec 5.8810
iter 0, gcam->neg = 1
after 1 iterations, nbhd size=0, neg = 0
#GCMRL#  629 dt  44.800000 rms  0.389  0.038% neg 0  invalid 762 tFOTS 0.0000 tGradient 1.1180 tsec 3.0050
iter 0, gcam->neg = 1
after 0 iterations, nbhd size=0, neg = 0
#GCMRL#  630 dt  44.800000 rms  0.389  0.065% neg 0  invalid 762 tFOTS 0.0000 tGradient 1.1080 tsec 2.5160
iter 0, gcam->neg = 2
after 0 iterations, nbhd size=0, neg = 0
#GCMRL#  631 dt  44.800000 rms  0.388  0.052% neg 0  invalid 762 tFOTS 0.0000 tGradient 1.1190 tsec 2.5300
iter 0, gcam->neg = 4
after 0 iterations, nbhd size=0, neg = 0
#GCMRL#  632 dt  44.800000 rms  0.388  0.074% neg 0  invalid 762 tFOTS 0.0000 tGradient 1.1140 tsec 2.5270
setting smoothness cost coefficient to 0.400

#GCAMreg# pass 0 level1 2 level2 0 tsec 0 sigma 2
l_jacobian=1.00 l_log_likelihood=0.20 l_smoothness=0.40 
tol=2.50e-01, dt=5.00e-02, exp_k=20.0, momentum=0.90, levels=6, niter=500, lbl_dist=10.00, avgs=4, sigma=2.0,type=2, relabel=0, neg=yes

blurring input image with Gaussian with sigma=2.000...
GCAMRegisterLevel(): init RMS 0.391289
#FOTS# QuadFit found better minimum quadopt=(dt=0.432,rms=0.391288) vs oldopt=(dt=0.72,rms=0.391288)
#GCMRL#  634 dt   0.432000 rms  0.391  0.001% neg 0  invalid 762 tFOTS 4.8110 tGradient 1.0020 tsec 6.1410
#FOTS# QuadFit found better minimum quadopt=(dt=0.144,rms=0.391287) vs oldopt=(dt=0.18,rms=0.391287)
#GCMRL#  635 dt   0.144000 rms  0.391  0.000% neg 0  invalid 762 tFOTS 4.8240 tGradient 1.0050 tsec 6.1780

#GCAMreg# pass 0 level1 2 level2 1 tsec 20.657 sigma 0.5
l_jacobian=1.00 l_log_likelihood=0.20 l_smoothness=0.40 
tol=2.50e-01, dt=5.00e-02, exp_k=20.0, momentum=0.90, levels=6, niter=500, lbl_dist=10.00, avgs=4, sigma=0.5,type=2, relabel=0, neg=yes

blurring input image with Gaussian with sigma=0.500...
GCAMRegisterLevel(): init RMS 0.391287
#FOTS# QuadFit found better minimum quadopt=(dt=8.45714,rms=0.391018) vs oldopt=(dt=11.52,rms=0.391062)
#GCMRL#  637 dt   8.457143 rms  0.391  0.069% neg 0  invalid 762 tFOTS 4.8770 tGradient 1.0030 tsec 6.2080
#FOTS# QuadFit found better minimum quadopt=(dt=18.087,rms=0.390601) vs oldopt=(dt=11.52,rms=0.390654)
iter 0, gcam->neg = 6
after 1 iterations, nbhd size=0, neg = 0
#GCMRL#  638 dt  18.086957 rms  0.391  0.107% neg 0  invalid 762 tFOTS 4.8040 tGradient 1.0080 tsec 7.7310
#FOTS# QuadFit found better minimum quadopt=(dt=61.0909,rms=0.389155) vs oldopt=(dt=46.08,rms=0.38924)
iter 0, gcam->neg = 90
after 14 iterations, nbhd size=1, neg = 0
#GCMRL#  639 dt  61.090909 rms  0.389  0.324% neg 0  invalid 762 tFOTS 4.8140 tGradient 1.0010 tsec 14.0320
#FOTS# QuadFit found better minimum quadopt=(dt=7.45763,rms=0.38914) vs oldopt=(dt=11.52,rms=0.389197)
iter 0, gcam->neg = 5
after 1 iterations, nbhd size=0, neg = 0
#GCMRL#  640 dt   7.457627 rms  0.389  0.000% neg 0  invalid 762 tFOTS 4.9420 tGradient 0.9990 tsec 7.9060
iter 0, gcam->neg = 2
after 2 iterations, nbhd size=0, neg = 0
#GCMRL#  641 dt   7.457627 rms  0.389  0.028% neg 0  invalid 762 tFOTS 0.0000 tGradient 1.0110 tsec 3.4290
iter 0, gcam->neg = 9
after 3 iterations, nbhd size=0, neg = 0
#GCMRL#  642 dt   7.457627 rms  0.389  0.028% neg 0  invalid 762 tFOTS 0.0000 tGradient 0.9990 tsec 3.8980
iter 0, gcam->neg = 13
after 5 iterations, nbhd size=0, neg = 0
#GCMRL#  643 dt   7.457627 rms  0.389  0.022% neg 0  invalid 762 tFOTS 0.0000 tGradient 0.9980 tsec 4.9850
#FOTS# QuadFit found better minimum quadopt=(dt=24,rms=0.388602) vs oldopt=(dt=11.52,rms=0.388654)
iter 0, gcam->neg = 17
after 6 iterations, nbhd size=0, neg = 0
#GCMRL#  644 dt  24.000000 rms  0.389  0.047% neg 0  invalid 762 tFOTS 4.9290 tGradient 1.0160 tsec 10.3310
#FOTS# QuadFit found better minimum quadopt=(dt=9.216,rms=0.388578) vs oldopt=(dt=11.52,rms=0.388579)
iter 0, gcam->neg = 4
after 10 iterations, nbhd size=1, neg = 0
setting smoothness cost coefficient to 1.000

#GCAMreg# pass 0 level1 1 level2 0 tsec 0 sigma 2
l_jacobian=1.00 l_log_likelihood=0.20 l_smoothness=1.00 
tol=2.50e-01, dt=5.00e-02, exp_k=20.0, momentum=0.90, levels=6, niter=500, lbl_dist=10.00, avgs=1, sigma=2.0,type=2, relabel=0, neg=yes

blurring input image with Gaussian with sigma=2.000...
GCAMRegisterLevel(): init RMS 0.394116
#GCMRL#  646 dt   0.000050 rms  0.394  0.000% neg 0  invalid 762 tFOTS 6.2350 tGradient 0.9150 tsec 7.4720

#GCAMreg# pass 0 level1 1 level2 1 tsec 20.299 sigma 0.5
l_jacobian=1.00 l_log_likelihood=0.20 l_smoothness=1.00 
tol=2.50e-01, dt=5.00e-02, exp_k=20.0, momentum=0.90, levels=6, niter=500, lbl_dist=10.00, avgs=1, sigma=0.5,type=2, relabel=0, neg=yes

blurring input image with Gaussian with sigma=0.500...
GCAMRegisterLevel(): init RMS 0.394116
resetting metric properties...
setting smoothness cost coefficient to 2.000

#GCAMreg# pass 0 level1 0 level2 0 tsec 0 sigma 2
l_jacobian=1.00 l_log_likelihood=0.20 l_smoothness=2.00 
tol=2.50e-01, dt=5.00e-02, exp_k=20.0, momentum=0.90, levels=6, niter=500, lbl_dist=10.00, avgs=0, sigma=2.0,type=2, relabel=0, neg=yes

blurring input image with Gaussian with sigma=2.000...
GCAMRegisterLevel(): init RMS 0.384951
#FOTS# QuadFit found better minimum quadopt=(dt=1.12974,rms=0.375816) vs oldopt=(dt=1.28,rms=0.37595)
iter 0, gcam->neg = 617
after 14 iterations, nbhd size=1, neg = 0
#GCMRL#  649 dt   1.129744 rms  0.378  1.917% neg 0  invalid 762 tFOTS 4.6390 tGradient 0.3940 tsec 13.2050
#FOTS# QuadFit found better minimum quadopt=(dt=2.34375e-05,rms=0.377571) vs oldopt=(dt=1.95313e-05,rms=0.377571)
#GCMRL#  650 dt   0.000023 rms  0.378  0.000% neg 0  invalid 762 tFOTS 6.1480 tGradient 0.4020 tsec 6.9050

#GCAMreg# pass 0 level1 0 level2 1 tsec 27.803 sigma 0.5
l_jacobian=1.00 l_log_likelihood=0.20 l_smoothness=2.00 
tol=2.50e-01, dt=5.00e-02, exp_k=20.0, momentum=0.90, levels=6, niter=500, lbl_dist=10.00, avgs=0, sigma=0.5,type=2, relabel=0, neg=yes

blurring input image with Gaussian with sigma=0.500...
GCAMRegisterLevel(): init RMS 0.377571
#GCMRL#  652 dt   0.080000 rms  0.377  0.034% neg 0  invalid 762 tFOTS 4.9960 tGradient 0.3970 tsec 5.7280
#FOTS# QuadFit found better minimum quadopt=(dt=0.064,rms=0.377404) vs oldopt=(dt=0.08,rms=0.377409)
#GCMRL#  653 dt   0.064000 rms  0.377  0.000% neg 0  invalid 762 tFOTS 4.9210 tGradient 0.3960 tsec 5.6770
#GCMRL#  654 dt   0.064000 rms  0.377  0.003% neg 0  invalid 762 tFOTS 0.0000 tGradient 0.3980 tsec 0.7090
GCAMregister done in 4.94017 min
writing output transformation to transforms/talairach.m3z...
GCAMwrite
Calls to gcamLogLikelihoodEnergy 4752 tmin = 2.14915
Calls to gcamLabelEnergy         4182 tmin = 1.67415
Calls to gcamJacobianEnergy      4752 tmin = 1.00807
Calls to gcamSmoothnessEnergy    4752 tmin = 5.98077
Calls to gcamLogLikelihoodTerm 656 tmin = 1.04598
Calls to gcamLabelTerm         610 tmin = 6.03913
Calls to gcamJacobianTerm      656 tmin = 1.42272
Calls to gcamSmoothnessTerm    656 tmin = 0.5736
Calls to gcamComputeGradient    656 tmin = 20.1967
Calls to gcamComputeMetricProperties    6554 tmin = 2.84623
mri_ca_register took 0 hours, 52 minutes and 29 seconds.
#VMPC# mri_ca_register VmPeak  3131612
FSRUNTIME@ mri_ca_register  0.8746 hours 16 threads
#--------------------------------------
#@# SubCort Seg Wed Mar 11 15:38:54 CET 2026

 mri_ca_label -relabel_unlikely 9 .3 -prior 0.5 -align norm.mgz transforms/talairach.m3z /opt/freesurfer/average/RB_all_2020-01-02.gca aseg.auto_noCCseg.mgz 

sysname  Linux
hostname dna020
machine  x86_64

setenv SUBJECTS_DIR /out/sourcedata/freesurfer
cd /out/sourcedata/freesurfer/sub-v2s18x29518_ses-1/mri
mri_ca_label -relabel_unlikely 9 .3 -prior 0.5 -align norm.mgz transforms/talairach.m3z /opt/freesurfer/average/RB_all_2020-01-02.gca aseg.auto_noCCseg.mgz 

relabeling unlikely voxels with window_size = 9 and prior threshold 0.30
using Gibbs prior factor = 0.500
renormalizing sequences with structure alignment, equivalent to:
	-renormalize
	-renormalize_mean 0.500
	-regularize 0.500

== Number of threads available to for OpenMP = 16 == 
reading 1 input volumes
reading classifier array from /opt/freesurfer/average/RB_all_2020-01-02.gca
reading input volume from norm.mgz
average std[0] = 7.2
reading transform from transforms/talairach.m3z
setting orig areas to linear transform determinant scaled 6.32
Atlas used for the 3D morph was /opt/freesurfer/average/RB_all_2020-01-02.gca
average std = 7.2   using min determinant for regularization = 5.2
0 singular and 0 ill-conditioned covariance matrices regularized
labeling volume...
renormalizing by structure alignment....
renormalizing input #0
gca peak = 0.15521 (20)
mri peak = 0.16129 (17)
Left_Lateral_Ventricle (4): linear fit = 0.75 x + 0.0 (3529 voxels, overlap=0.330)
Left_Lateral_Ventricle (4): linear fit = 0.75 x + 0.0 (3529 voxels, peak = 15), gca=14.9
gca peak = 0.20380 (13)
mri peak = 0.14099 (13)
Right_Lateral_Ventricle (43): linear fit = 0.92 x + 0.0 (2113 voxels, overlap=0.621)
Right_Lateral_Ventricle (43): linear fit = 0.92 x + 0.0 (2113 voxels, peak = 12), gca=11.9
gca peak = 0.26283 (96)
mri peak = 0.17561 (105)
Right_Pallidum (52): linear fit = 1.09 x + 0.0 (735 voxels, overlap=0.137)
Right_Pallidum (52): linear fit = 1.09 x + 0.0 (735 voxels, peak = 104), gca=104.2
gca peak = 0.15814 (97)
mri peak = 0.19457 (105)
Left_Pallidum (13): linear fit = 1.08 x + 0.0 (660 voxels, overlap=0.211)
Left_Pallidum (13): linear fit = 1.08 x + 0.0 (660 voxels, peak = 104), gca=104.3
gca peak = 0.27624 (56)
mri peak = 0.09635 (68)
Right_Hippocampus (53): linear fit = 1.21 x + 0.0 (1057 voxels, overlap=0.219)
Right_Hippocampus (53): linear fit = 1.21 x + 0.0 (1057 voxels, peak = 67), gca=67.5
gca peak = 0.28723 (59)
mri peak = 0.08666 (67)
Left_Hippocampus (17): linear fit = 1.14 x + 0.0 (1153 voxels, overlap=0.551)
Left_Hippocampus (17): linear fit = 1.14 x + 0.0 (1153 voxels, peak = 68), gca=67.6
gca peak = 0.07623 (103)
mri peak = 0.19921 (105)
Right_Cerebral_White_Matter (41): linear fit = 1.00 x + 0.0 (45611 voxels, overlap=0.512)
Right_Cerebral_White_Matter (41): linear fit = 1.00 x + 0.0 (45611 voxels, peak = 104), gca=103.5
gca peak = 0.07837 (105)
mri peak = 0.18260 (105)
Left_Cerebral_White_Matter (2): linear fit = 1.00 x + 0.0 (55608 voxels, overlap=0.572)
Left_Cerebral_White_Matter (2): linear fit = 1.00 x + 0.0 (55608 voxels, peak = 105), gca=105.0
gca peak = 0.10165 (58)
mri peak = 0.05653 (59)
Left_Cerebral_Cortex (3): linear fit = 0.99 x + 0.0 (25133 voxels, overlap=0.844)
Left_Cerebral_Cortex (3): linear fit = 0.99 x + 0.0 (25133 voxels, peak = 57), gca=57.1
gca peak = 0.11113 (58)
mri peak = 0.04484 (59)
Right_Cerebral_Cortex (42): linear fit = 1.02 x + 0.0 (26254 voxels, overlap=0.968)
Right_Cerebral_Cortex (42): linear fit = 1.02 x + 0.0 (26254 voxels, peak = 59), gca=59.4
gca peak = 0.27796 (67)
mri peak = 0.11968 (79)
Right_Caudate (50): linear fit = 1.14 x + 0.0 (985 voxels, overlap=0.057)
Right_Caudate (50): linear fit = 1.14 x + 0.0 (985 voxels, peak = 77), gca=76.7
gca peak = 0.14473 (69)
mri peak = 0.13195 (78)
Left_Caudate (11): linear fit = 1.01 x + 0.0 (772 voxels, overlap=0.794)
Left_Caudate (11): linear fit = 1.01 x + 0.0 (772 voxels, peak = 70), gca=70.0
gca peak = 0.14301 (56)
mri peak = 0.06606 (56)
Left_Cerebellum_Cortex (8): linear fit = 1.04 x + 0.0 (22460 voxels, overlap=0.995)
Left_Cerebellum_Cortex (8): linear fit = 1.04 x + 0.0 (22460 voxels, peak = 59), gca=58.5
gca peak = 0.14610 (55)
mri peak = 0.05127 (59)
Right_Cerebellum_Cortex (47): linear fit = 1.04 x + 0.0 (23651 voxels, overlap=0.983)
Right_Cerebellum_Cortex (47): linear fit = 1.04 x + 0.0 (23651 voxels, peak = 57), gca=57.5
gca peak = 0.16309 (85)
mri peak = 0.09179 (87)
Left_Cerebellum_White_Matter (7): linear fit = 1.07 x + 0.0 (6535 voxels, overlap=0.915)
Left_Cerebellum_White_Matter (7): linear fit = 1.07 x + 0.0 (6535 voxels, peak = 91), gca=90.5
gca peak = 0.15172 (84)
mri peak = 0.08690 (85)
Right_Cerebellum_White_Matter (46): linear fit = 1.05 x + 0.0 (5781 voxels, overlap=0.876)
Right_Cerebellum_White_Matter (46): linear fit = 1.05 x + 0.0 (5781 voxels, peak = 89), gca=88.6
gca peak = 0.30461 (58)
mri peak = 0.09783 (66)
Left_Amygdala (18): linear fit = 1.12 x + 0.0 (543 voxels, overlap=0.508)
Left_Amygdala (18): linear fit = 1.12 x + 0.0 (543 voxels, peak = 65), gca=64.7
gca peak = 0.32293 (57)
mri peak = 0.11817 (68)
Right_Amygdala (54): linear fit = 1.18 x + 0.0 (562 voxels, overlap=0.040)
Right_Amygdala (54): linear fit = 1.18 x + 0.0 (562 voxels, peak = 68), gca=67.5
gca peak = 0.11083 (90)
mri peak = 0.08219 (92)
Left_Thalamus (10): linear fit = 1.05 x + 0.0 (4148 voxels, overlap=0.811)
Left_Thalamus (10): linear fit = 1.05 x + 0.0 (4148 voxels, peak = 95), gca=94.9
gca peak = 0.11393 (83)
mri peak = 0.08835 (90)
Right_Thalamus (49): linear fit = 1.10 x + 0.0 (4300 voxels, overlap=0.597)
Right_Thalamus (49): linear fit = 1.10 x + 0.0 (4300 voxels, peak = 91), gca=90.9
gca peak = 0.08575 (81)
mri peak = 0.07966 (90)
Left_Putamen (12): linear fit = 1.12 x + 0.0 (2031 voxels, overlap=0.464)
Left_Putamen (12): linear fit = 1.12 x + 0.0 (2031 voxels, peak = 91), gca=91.1
gca peak = 0.08618 (78)
mri peak = 0.08504 (91)
Right_Putamen (51): linear fit = 1.13 x + 0.0 (2019 voxels, overlap=0.556)
Right_Putamen (51): linear fit = 1.13 x + 0.0 (2019 voxels, peak = 89), gca=88.5
gca peak = 0.08005 (78)
mri peak = 0.07355 (93)
Brain_Stem (16): linear fit = 1.15 x + 0.0 (10180 voxels, overlap=0.367)
Brain_Stem (16): linear fit = 1.15 x + 0.0 (10180 voxels, peak = 90), gca=90.1
gca peak = 0.12854 (88)
mri peak = 0.10340 (102)
Right_VentralDC (60): linear fit = 1.16 x + 0.0 (1459 voxels, overlap=0.023)
Right_VentralDC (60): linear fit = 1.16 x + 0.0 (1459 voxels, peak = 103), gca=102.5
gca peak = 0.15703 (87)
mri peak = 0.11033 (102)
Left_VentralDC (28): linear fit = 1.15 x + 0.0 (1500 voxels, overlap=0.157)
Left_VentralDC (28): linear fit = 1.15 x + 0.0 (1500 voxels, peak = 100), gca=100.5
gca peak = 0.17522 (25)
mri peak = 0.21262 (17)
Third_Ventricle (14): linear fit = 0.75 x + 0.0 (84 voxels, overlap=0.313)
Third_Ventricle (14): linear fit = 0.75 x + 0.0 (84 voxels, peak = 19), gca=18.9
gca peak = 0.17113 (14)
mri peak = 0.19643 (18)
Fourth_Ventricle (15): linear fit = 1.15 x + 0.0 (494 voxels, overlap=0.786)
Fourth_Ventricle (15): linear fit = 1.15 x + 0.0 (494 voxels, peak = 16), gca=16.2
gca peak Unknown = 0.94777 ( 0)
gca peak Left_Inf_Lat_Vent = 0.16627 (28)
gca peak CSF = 0.20346 (36)
gca peak Left_Accumbens_area = 0.70646 (62)
gca peak Left_undetermined = 1.00000 (28)
gca peak Left_vessel = 0.89917 (53)
gca peak Left_choroid_plexus = 0.11689 (35)
gca peak Right_Inf_Lat_Vent = 0.25504 (23)
gca peak Right_Accumbens_area = 0.31650 (65)
gca peak Right_vessel = 0.77268 (52)
gca peak Right_choroid_plexus = 0.13275 (38)
gca peak Fifth_Ventricle = 0.60973 (33)
gca peak WM_hypointensities = 0.11013 (77)
gca peak non_WM_hypointensities = 0.11354 (41)
gca peak Optic_Chiasm = 0.51646 (76)
not using caudate to estimate GM means
estimating mean gm scale to be 1.11 x + 0.0
estimating mean wm scale to be 1.00 x + 0.0
estimating mean csf scale to be 0.89 x + 0.0
Left_Pallidum too bright - rescaling by 0.970 (from 1.075) to 101.1 (was 104.3)
Right_Pallidum too bright - rescaling by 0.971 (from 1.085) to 101.1 (was 104.2)
saving intensity scales to aseg.auto_noCCseg.label_intensities.txt
renormalizing by structure alignment....
renormalizing input #0
gca peak = 0.19722 (15)
mri peak = 0.16129 (17)
Left_Lateral_Ventricle (4): linear fit = 1.02 x + 0.0 (3529 voxels, overlap=0.897)
Left_Lateral_Ventricle (4): linear fit = 1.02 x + 0.0 (3529 voxels, peak = 15), gca=15.4
gca peak = 0.22777 (12)
mri peak = 0.14099 (13)
Right_Lateral_Ventricle (43): linear fit = 0.96 x + 0.0 (2113 voxels, overlap=0.665)
Right_Lateral_Ventricle (43): linear fit = 0.96 x + 0.0 (2113 voxels, peak = 12), gca=11.6
gca peak = 0.28405 (101)
mri peak = 0.17561 (105)
Right_Pallidum (52): linear fit = 1.02 x + 0.0 (735 voxels, overlap=1.003)
Right_Pallidum (52): linear fit = 1.02 x + 0.0 (735 voxels, peak = 104), gca=103.5
gca peak = 0.14964 (100)
mri peak = 0.19457 (105)
Left_Pallidum (13): linear fit = 1.03 x + 0.0 (660 voxels, overlap=0.591)
Left_Pallidum (13): linear fit = 1.03 x + 0.0 (660 voxels, peak = 104), gca=103.5
gca peak = 0.27487 (67)
mri peak = 0.09635 (68)
Right_Hippocampus (53): linear fit = 0.99 x + 0.0 (1057 voxels, overlap=0.928)
Right_Hippocampus (53): linear fit = 0.99 x + 0.0 (1057 voxels, peak = 66), gca=66.0
gca peak = 0.24749 (65)
mri peak = 0.08666 (67)
Left_Hippocampus (17): linear fit = 1.00 x + 0.0 (1153 voxels, overlap=1.002)
Left_Hippocampus (17): linear fit = 1.00 x + 0.0 (1153 voxels, peak = 65), gca=65.0
gca peak = 0.07897 (104)
mri peak = 0.19921 (105)
Right_Cerebral_White_Matter (41): linear fit = 1.00 x + 0.0 (45611 voxels, overlap=0.538)
Right_Cerebral_White_Matter (41): linear fit = 1.00 x + 0.0 (45611 voxels, peak = 105), gca=104.5
gca peak = 0.07840 (105)
mri peak = 0.18260 (105)
Left_Cerebral_White_Matter (2): linear fit = 1.00 x + 0.0 (55608 voxels, overlap=0.572)
Left_Cerebral_White_Matter (2): linear fit = 1.00 x + 0.0 (55608 voxels, peak = 105), gca=105.0
gca peak = 0.10203 (57)
mri peak = 0.05653 (59)
Left_Cerebral_Cortex (3): linear fit = 1.02 x + 0.0 (25133 voxels, overlap=0.827)
Left_Cerebral_Cortex (3): linear fit = 1.02 x + 0.0 (25133 voxels, peak = 58), gca=58.4
gca peak = 0.11158 (60)
mri peak = 0.04484 (59)
Right_Cerebral_Cortex (42): linear fit = 1.02 x + 0.0 (26254 voxels, overlap=0.957)
Right_Cerebral_Cortex (42): linear fit = 1.02 x + 0.0 (26254 voxels, peak = 62), gca=61.5
gca peak = 0.21878 (76)
mri peak = 0.11968 (79)
Right_Caudate (50): linear fit = 1.00 x + 0.0 (985 voxels, overlap=0.945)
Right_Caudate (50): linear fit = 1.00 x + 0.0 (985 voxels, peak = 76), gca=76.0
gca peak = 0.14697 (70)
mri peak = 0.13195 (78)
Left_Caudate (11): linear fit = 1.00 x + 0.0 (772 voxels, overlap=0.941)
Left_Caudate (11): linear fit = 1.00 x + 0.0 (772 voxels, peak = 70), gca=70.0
gca peak = 0.13268 (58)
mri peak = 0.06606 (56)
Left_Cerebellum_Cortex (8): linear fit = 1.02 x + 0.0 (22460 voxels, overlap=1.000)
Left_Cerebellum_Cortex (8): linear fit = 1.02 x + 0.0 (22460 voxels, peak = 59), gca=59.4
gca peak = 0.15509 (58)
mri peak = 0.05127 (59)
Right_Cerebellum_Cortex (47): linear fit = 0.99 x + 0.0 (23651 voxels, overlap=0.997)
Right_Cerebellum_Cortex (47): linear fit = 0.99 x + 0.0 (23651 voxels, peak = 57), gca=57.1
gca peak = 0.15279 (90)
mri peak = 0.09179 (87)
Left_Cerebellum_White_Matter (7): linear fit = 0.99 x + 0.0 (6535 voxels, overlap=0.985)
Left_Cerebellum_White_Matter (7): linear fit = 0.99 x + 0.0 (6535 voxels, peak = 89), gca=88.7
gca peak = 0.16187 (89)
mri peak = 0.08690 (85)
Right_Cerebellum_White_Matter (46): linear fit = 0.99 x + 0.0 (5781 voxels, overlap=0.984)
Right_Cerebellum_White_Matter (46): linear fit = 0.99 x + 0.0 (5781 voxels, peak = 88), gca=87.7
gca peak = 0.25727 (65)
mri peak = 0.09783 (66)
Left_Amygdala (18): linear fit = 1.00 x + 0.0 (543 voxels, overlap=1.004)
Left_Amygdala (18): linear fit = 1.00 x + 0.0 (543 voxels, peak = 65), gca=65.0
gca peak = 0.28022 (68)
mri peak = 0.11817 (68)
Right_Amygdala (54): linear fit = 1.00 x + 0.0 (562 voxels, overlap=0.974)
Right_Amygdala (54): linear fit = 1.00 x + 0.0 (562 voxels, peak = 68), gca=68.0
gca peak = 0.11026 (95)
mri peak = 0.08219 (92)
Left_Thalamus (10): linear fit = 0.99 x + 0.0 (4148 voxels, overlap=0.796)
Left_Thalamus (10): linear fit = 0.99 x + 0.0 (4148 voxels, peak = 94), gca=93.6
gca peak = 0.10547 (91)
mri peak = 0.08835 (90)
Right_Thalamus (49): linear fit = 1.00 x + 0.0 (4300 voxels, overlap=0.852)
Right_Thalamus (49): linear fit = 1.00 x + 0.0 (4300 voxels, peak = 91), gca=90.5
gca peak = 0.08343 (86)
mri peak = 0.07966 (90)
Left_Putamen (12): linear fit = 1.00 x + 0.0 (2031 voxels, overlap=0.840)
Left_Putamen (12): linear fit = 1.00 x + 0.0 (2031 voxels, peak = 86), gca=85.6
gca peak = 0.08413 (86)
mri peak = 0.08504 (91)
Right_Putamen (51): linear fit = 0.99 x + 0.0 (2019 voxels, overlap=0.839)
Right_Putamen (51): linear fit = 0.99 x + 0.0 (2019 voxels, peak = 85), gca=84.7
gca peak = 0.06890 (91)
mri peak = 0.07355 (93)
Brain_Stem (16): linear fit = 1.00 x + 0.0 (10180 voxels, overlap=0.842)
Brain_Stem (16): linear fit = 1.00 x + 0.0 (10180 voxels, peak = 91), gca=91.5
gca peak = 0.10134 (104)
mri peak = 0.10340 (102)
Right_VentralDC (60): linear fit = 1.00 x + 0.0 (1459 voxels, overlap=0.824)
Right_VentralDC (60): linear fit = 1.00 x + 0.0 (1459 voxels, peak = 105), gca=104.5
gca peak = 0.13440 (99)
mri peak = 0.11033 (102)
Left_VentralDC (28): linear fit = 1.00 x + 0.0 (1500 voxels, overlap=0.895)
Left_VentralDC (28): linear fit = 1.00 x + 0.0 (1500 voxels, peak = 99), gca=99.5
gca peak = 0.22070 (19)
mri peak = 0.21262 (17)
Third_Ventricle (14): linear fit = 0.89 x + 0.0 (84 voxels, overlap=0.995)
Third_Ventricle (14): linear fit = 0.89 x + 0.0 (84 voxels, peak = 17), gca=17.0
gca peak = 0.17407 (17)
mri peak = 0.19643 (18)
Fourth_Ventricle (15): linear fit = 0.93 x + 0.0 (494 voxels, overlap=0.704)
Fourth_Ventricle (15): linear fit = 0.93 x + 0.0 (494 voxels, peak = 16), gca=15.7
gca peak Unknown = 0.94777 ( 0)
gca peak Left_Inf_Lat_Vent = 0.19128 (32)
gca peak CSF = 0.24533 (32)
gca peak Left_Accumbens_area = 0.78267 (63)
gca peak Left_undetermined = 1.00000 (28)
gca peak Left_vessel = 0.89837 (53)
gca peak Left_choroid_plexus = 0.11689 (35)
gca peak Right_Inf_Lat_Vent = 0.27049 (28)
gca peak Right_Accumbens_area = 0.31807 (74)
gca peak Right_vessel = 0.77268 (52)
gca peak Right_choroid_plexus = 0.13275 (38)
gca peak Fifth_Ventricle = 0.73673 (29)
gca peak WM_hypointensities = 0.09569 (76)
gca peak non_WM_hypointensities = 0.14695 (41)
gca peak Optic_Chiasm = 0.68013 (76)
not using caudate to estimate GM means
estimating mean gm scale to be 1.01 x + 0.0
estimating mean wm scale to be 1.00 x + 0.0
estimating mean csf scale to be 0.95 x + 0.0
Left_Pallidum too bright - rescaling by 0.982 (from 1.035) to 101.6 (was 103.5)
Right_Pallidum too bright - rescaling by 0.982 (from 1.025) to 101.6 (was 103.5)
saving intensity scales to aseg.auto_noCCseg.label_intensities.txt
saving sequentially combined intensity scales to aseg.auto_noCCseg.label_intensities.txt
46710 voxels changed in iteration 0 of unlikely voxel relabeling
221 voxels changed in iteration 1 of unlikely voxel relabeling
11 voxels changed in iteration 2 of unlikely voxel relabeling
0 voxels changed in iteration 3 of unlikely voxel relabeling
29592 gm and wm labels changed (%29 to gray, %71 to white out of all changed labels)
213 hippocampal voxels changed.
0 amygdala voxels changed.
Reclassifying using Gibbs Priors
pass 1: 58115 changed. image ll: -2.080, PF=0.500
pass 2: 15263 changed. image ll: -2.080, PF=0.500
pass 3: 4530 changed.
32705 voxels changed in iteration 0 of unlikely voxel relabeling
233 voxels changed in iteration 1 of unlikely voxel relabeling
3 voxels changed in iteration 2 of unlikely voxel relabeling
0 voxels changed in iteration 3 of unlikely voxel relabeling
6209 voxels changed in iteration 0 of unlikely voxel relabeling
63 voxels changed in iteration 1 of unlikely voxel relabeling
8 voxels changed in iteration 2 of unlikely voxel relabeling
0 voxels changed in iteration 3 of unlikely voxel relabeling
5517 voxels changed in iteration 0 of unlikely voxel relabeling
50 voxels changed in iteration 1 of unlikely voxel relabeling
2 voxels changed in iteration 2 of unlikely voxel relabeling
0 voxels changed in iteration 3 of unlikely voxel relabeling
4560 voxels changed in iteration 0 of unlikely voxel relabeling
24 voxels changed in iteration 1 of unlikely voxel relabeling
1 voxels changed in iteration 2 of unlikely voxel relabeling
0 voxels changed in iteration 3 of unlikely voxel relabeling
 !!!!!!!!! ventricle segment 0 with volume 166 above threshold 100 - not erasing !!!!!!!!!!
 !!!!!!!!! ventricle segment 1 with volume 12796 above threshold 100 - not erasing !!!!!!!!!!
 !!!!!!!!! ventricle segment 0 with volume 306 above threshold 100 - not erasing !!!!!!!!!!
 !!!!!!!!! ventricle segment 0 with volume 10132 above threshold 100 - not erasing !!!!!!!!!!
 !!!!!!!!! ventricle segment 3 with volume 288 above threshold 100 - not erasing !!!!!!!!!!
writing labeled volume to aseg.auto_noCCseg.mgz
mri_ca_label utimesec    1749.294750
mri_ca_label stimesec    2.731747
mri_ca_label ru_maxrss   2113316
mri_ca_label ru_ixrss    0
mri_ca_label ru_idrss    0
mri_ca_label ru_isrss    0
mri_ca_label ru_minflt   3762402
mri_ca_label ru_majflt   8
mri_ca_label ru_nswap    0
mri_ca_label ru_inblock  1142
mri_ca_label ru_oublock  672
mri_ca_label ru_msgsnd   0
mri_ca_label ru_msgrcv   0
mri_ca_label ru_nsignals 0
mri_ca_label ru_nvcsw    2527
mri_ca_label ru_nivcsw   2736
auto-labeling took 28 minutes and 0 seconds.
#--------------------------------------
#@# CC Seg Wed Mar 11 16:06:54 CET 2026

 mri_cc -aseg aseg.auto_noCCseg.mgz -o aseg.auto.mgz -lta /out/sourcedata/freesurfer/sub-v2s18x29518_ses-1/mri/transforms/cc_up.lta sub-v2s18x29518_ses-1 

will read input aseg from aseg.auto_noCCseg.mgz
writing aseg with cc labels to aseg.auto.mgz
will write lta as /out/sourcedata/freesurfer/sub-v2s18x29518_ses-1/mri/transforms/cc_up.lta
reading aseg from /out/sourcedata/freesurfer/sub-v2s18x29518_ses-1/mri/aseg.auto_noCCseg.mgz
reading norm from /out/sourcedata/freesurfer/sub-v2s18x29518_ses-1/mri/norm.mgz
31168 voxels in left wm, 60737 in right wm, xrange [125, 135]
searching rotation angles z=[-11  3], y=[-7  7]
searching scale 1 Z rot -11.4  searching scale 1 Z rot -11.2  searching scale 1 Z rot -10.9  searching scale 1 Z rot -10.7  searching scale 1 Z rot -10.4  searching scale 1 Z rot -10.2  searching scale 1 Z rot -9.9  searching scale 1 Z rot -9.7  searching scale 1 Z rot -9.4  searching scale 1 Z rot -9.2  searching scale 1 Z rot -8.9  searching scale 1 Z rot -8.7  searching scale 1 Z rot -8.4  searching scale 1 Z rot -8.2  searching scale 1 Z rot -7.9  searching scale 1 Z rot -7.7  searching scale 1 Z rot -7.4  searching scale 1 Z rot -7.2  searching scale 1 Z rot -6.9  searching scale 1 Z rot -6.7  searching scale 1 Z rot -6.4  searching scale 1 Z rot -6.2  searching scale 1 Z rot -5.9  searching scale 1 Z rot -5.7  searching scale 1 Z rot -5.4  searching scale 1 Z rot -5.2  searching scale 1 Z rot -4.9  searching scale 1 Z rot -4.7  searching scale 1 Z rot -4.4  searching scale 1 Z rot -4.2  searching scale 1 Z rot -3.9  searching scale 1 Z rot -3.7  searching scale 1 Z rot -3.4  searching scale 1 Z rot -3.2  searching scale 1 Z rot -2.9  searching scale 1 Z rot -2.7  searching scale 1 Z rot -2.4  searching scale 1 Z rot -2.2  searching scale 1 Z rot -1.9  searching scale 1 Z rot -1.7  searching scale 1 Z rot -1.4  searching scale 1 Z rot -1.2  searching scale 1 Z rot -0.9  searching scale 1 Z rot -0.7  searching scale 1 Z rot -0.4  searching scale 1 Z rot -0.2  searching scale 1 Z rot 0.1  searching scale 1 Z rot 0.3  searching scale 1 Z rot 0.6  searching scale 1 Z rot 0.8  searching scale 1 Z rot 1.1  searching scale 1 Z rot 1.3  searching scale 1 Z rot 1.6  searching scale 1 Z rot 1.8  searching scale 1 Z rot 2.1  searching scale 1 Z rot 2.3  global minimum found at slice 131.1, rotations (-0.18, -4.43)
final transformation (x=131.1, yr=-0.182, zr=-4.426):
 0.99701   0.07717  -0.00318  -8.94057;
-0.07717   0.99702   0.00025   53.34478;
 0.00318   0.00000   0.99999   25.58299;
 0.00000   0.00000   0.00000   1.00000;
updating x range to be [126, 131] in xformed coordinates
best xformed slice 128
min_x_fornix = 133
min_x_fornix = 138
min_x_fornix = 142
min_x_fornix = 139
min_x_fornix = 137
cc center is found at 128 85 102
eigenvectors:
-0.00060   0.00114   1.00000;
-0.17679  -0.98425   0.00102;
 0.98425  -0.17679   0.00079;
writing aseg with callosum to /out/sourcedata/freesurfer/sub-v2s18x29518_ses-1/mri/aseg.auto.mgz...
corpus callosum segmentation took 0.6 minutes
#VMPC# mri_cc VmPeak  554920
mri_cc done
#--------------------------------------
#@# Merge ASeg Wed Mar 11 16:07:31 CET 2026

 cp aseg.auto.mgz aseg.presurf.mgz 

#--------------------------------------------
#@# Intensity Normalization2 Wed Mar 11 16:07:31 CET 2026
/out/sourcedata/freesurfer/sub-v2s18x29518_ses-1/mri

 mri_normalize -seed 1234 -mprage -aseg aseg.presurf.mgz -mask brainmask.mgz norm.mgz brain.mgz 

setting seed for random number genererator to 1234
assuming input volume is MGH (Van der Kouwe) MP-RAGE
using segmentation for initial intensity normalization
using MR volume brainmask.mgz to mask input volume...
reading mri_src from norm.mgz...
Reading aseg aseg.presurf.mgz
normalizing image...
NOT doing gentle normalization with control points/label
processing with aseg
removing outliers in the aseg WM...
798 control points removed
Building bias image
building Voronoi diagram...
performing soap bubble smoothing, sigma = 0...
Smoothing with sigma 8
Applying bias correction
building Voronoi diagram...
performing soap bubble smoothing, sigma = 8...

Iterating 2 times
---------------------------------
3d normalization pass 1 of 2
white matter peak found at 110
white matter peak found at 110
gm peak at 66 (66), valley at 35 (35)
csf peak at 33, setting threshold to 55
building Voronoi diagram...
performing soap bubble smoothing, sigma = 8...
---------------------------------
3d normalization pass 2 of 2
white matter peak found at 110
white matter peak found at 110
gm peak at 66 (66), valley at 35 (35)
csf peak at 34, setting threshold to 55
building Voronoi diagram...
performing soap bubble smoothing, sigma = 8...
Done iterating ---------------------------------
writing output to brain.mgz
3D bias adjustment took 2 minutes and 18 seconds.
#--------------------------------------------
#@# Mask BFS Wed Mar 11 16:09:50 CET 2026
/out/sourcedata/freesurfer/sub-v2s18x29518_ses-1/mri

 mri_mask -T 5 brain.mgz brainmask.mgz brain.finalsurfs.mgz 

threshold mask volume at 5
DoAbs = 0
Found 1470329 voxels in mask (pct=  8.76)
Writing masked volume to brain.finalsurfs.mgz...done.
#--------------------------------------------
#@# WM Segmentation Wed Mar 11 16:09:51 CET 2026

 AntsDenoiseImageFs -i brain.mgz -o antsdn.brain.mgz 


 mri_segment -wsizemm 13 -mprage antsdn.brain.mgz wm.seg.mgz 

wsizemm = 13, voxres = 1, wsize = 13
Widening wm low from 89 to 79
assuming input volume is MGH (Van der Kouwe) MP-RAGE
wm mean:  110
wsize:    13
wm low:   79
wm hi:    125
gray low: 30
gray hi:  99
Doing initial trinary intensity segmentation 
Using local statistics to label ambiguous voxels
Autodetecting stats
Computing class statistics for intensity windows...
CCS WM (104.0): 103.6 +- 5.3 [79.0 --> 122.0]
CCS GM (73.0) : 71.8 +- 9.7 [30.0 --> 95.0]
 white_mean 103.594
 white_sigma 5.29562
 gray_mean 71.7937
 gray_sigma 9.65998
setting bottom of white matter range wm_low to 81.5
setting top of gray matter range gray_hi to 91.1
 wm_low 81.4537
 wm_hi  125
 gray_low 30
 gray_hi  91.1137
Redoing initial intensity segmentation...
Recomputing local statistics to label ambiguous voxels...
 wm_low 81.4537
 wm_hi  125
 gray_low 30
 gray_hi  91.1137
using local geometry to label remaining ambiguous voxels...
polvwsize = 5, polvlen = 3, gray_hi = 91.1137, wm_low = 81.4537
MRIcpolvMedianCurveSegment(): wsize=5, len=3, gmhi=91.1137, wmlow=81.4537
    116456 voxels processed (0.69%)
     55866 voxels white (0.33%)
     60590 voxels non-white (0.36%)

Reclassifying voxels using Gaussian border classifier niter=1
MRIreclassify(): wm_low=76.4537, gray_hi=91.1137, wsize=13
    201393 voxels tested (1.20%)
     42147 voxels changed (0.25%)
     47497 multi-scale searches  (0.28%)
Recovering bright white
MRIrecoverBrightWhite()
 wm_low 81.4537
 wm_hi 125
 slack 5.29562
 pct_thresh 0.33
 intensity_thresh 130.296
 nvox_thresh 8.58
        1 voxels tested (0.00%)
        0 voxels changed (0.00%)

removing voxels with positive offset direction...
MRIremoveWrongDirection() wsize=3, lowthr=76.4537, hithr=91.1137
  smoothing input volume with sigma = 0.250
    71910 voxels tested (0.43%)
    14012 voxels changed (0.08%)
thicken = 1
removing 1-dimensional structures...
MRIremove1dStructures(): max_iter=10000, thresh=2, WM_MIN_VAL=5
 1418 sparsely connected voxels removed in 1 iterations
thickening thin strands....
thickness 4
nsegments 20
wm_hi 125
1127 diagonally connected voxels added...
MRIthickenThinWMStrands(): thickness=4, nsegments=20
  20 segments, 4301 filled
MRIfindBrightNonWM(): 5 bright non-wm voxels segmented.
MRIfilterMorphology() WM_MIN_VAL=5, DIAGONAL_FILL=230
white matter segmentation took 0.9 minutes
writing output to wm.seg.mgz...

 mri_edit_wm_with_aseg -keep-in wm.seg.mgz brain.mgz aseg.presurf.mgz wm.asegedit.mgz 

preserving editing changes in input volume...
auto filling took 0.41 minutes
reading wm segmentation from wm.seg.mgz...
0 voxels added to wm to prevent paths from MTL structures to cortex
3611 additional wm voxels added
0 additional wm voxels added
SEG EDIT: 56077 voxels turned on, 37005 voxels turned off.
propagating editing to output volume from wm.seg.mgz
writing edited volume to wm.asegedit.mgz....

 mri_pretess wm.asegedit.mgz wm norm.mgz wm.mgz 


Iteration Number : 1
pass   1 (xy+):   7 found -   7 modified     |    TOTAL:   7
pass   2 (xy+):   0 found -   7 modified     |    TOTAL:   7
pass   1 (xy-):   6 found -   6 modified     |    TOTAL:  13
pass   2 (xy-):   0 found -   6 modified     |    TOTAL:  13
pass   1 (yz+):  17 found -  17 modified     |    TOTAL:  30
pass   2 (yz+):   0 found -  17 modified     |    TOTAL:  30
pass   1 (yz-):  17 found -  17 modified     |    TOTAL:  47
pass   2 (yz-):   0 found -  17 modified     |    TOTAL:  47
pass   1 (xz+):   7 found -   7 modified     |    TOTAL:  54
pass   2 (xz+):   0 found -   7 modified     |    TOTAL:  54
pass   1 (xz-):   8 found -   8 modified     |    TOTAL:  62
pass   2 (xz-):   0 found -   8 modified     |    TOTAL:  62
Iteration Number : 1
pass   1 (+++):   6 found -   6 modified     |    TOTAL:   6
pass   2 (+++):   0 found -   6 modified     |    TOTAL:   6
pass   1 (+++):   6 found -   6 modified     |    TOTAL:  12
pass   2 (+++):   0 found -   6 modified     |    TOTAL:  12
pass   1 (+++):   2 found -   2 modified     |    TOTAL:  14
pass   2 (+++):   0 found -   2 modified     |    TOTAL:  14
pass   1 (+++):  12 found -  12 modified     |    TOTAL:  26
pass   2 (+++):   0 found -  12 modified     |    TOTAL:  26
Iteration Number : 1
pass   1 (++):  57 found -  57 modified     |    TOTAL:  57
pass   2 (++):   0 found -  57 modified     |    TOTAL:  57
pass   1 (+-):  63 found -  63 modified     |    TOTAL: 120
pass   2 (+-):   0 found -  63 modified     |    TOTAL: 120
pass   1 (--):  56 found -  56 modified     |    TOTAL: 176
pass   2 (--):   0 found -  56 modified     |    TOTAL: 176
pass   1 (-+):  65 found -  65 modified     |    TOTAL: 241
pass   2 (-+):   0 found -  65 modified     |    TOTAL: 241
Iteration Number : 2
pass   1 (xy+):   0 found -   0 modified     |    TOTAL:   0
pass   1 (xy-):   0 found -   0 modified     |    TOTAL:   0
pass   1 (yz+):   0 found -   0 modified     |    TOTAL:   0
pass   1 (yz-):   2 found -   2 modified     |    TOTAL:   2
pass   2 (yz-):   0 found -   2 modified     |    TOTAL:   2
pass   1 (xz+):   3 found -   3 modified     |    TOTAL:   5
pass   2 (xz+):   0 found -   3 modified     |    TOTAL:   5
pass   1 (xz-):   0 found -   0 modified     |    TOTAL:   5
Iteration Number : 2
pass   1 (+++):   2 found -   2 modified     |    TOTAL:   2
pass   2 (+++):   0 found -   2 modified     |    TOTAL:   2
pass   1 (+++):   0 found -   0 modified     |    TOTAL:   2
pass   1 (+++):   0 found -   0 modified     |    TOTAL:   2
pass   1 (+++):   0 found -   0 modified     |    TOTAL:   2
Iteration Number : 2
pass   1 (++):   0 found -   0 modified     |    TOTAL:   0
pass   1 (+-):   1 found -   1 modified     |    TOTAL:   1
pass   2 (+-):   0 found -   1 modified     |    TOTAL:   1
pass   1 (--):   1 found -   1 modified     |    TOTAL:   2
pass   2 (--):   0 found -   1 modified     |    TOTAL:   2
pass   1 (-+):   0 found -   0 modified     |    TOTAL:   2
Iteration Number : 3
pass   1 (xy+):   0 found -   0 modified     |    TOTAL:   0
pass   1 (xy-):   1 found -   1 modified     |    TOTAL:   1
pass   2 (xy-):   0 found -   1 modified     |    TOTAL:   1
pass   1 (yz+):   0 found -   0 modified     |    TOTAL:   1
pass   1 (yz-):   0 found -   0 modified     |    TOTAL:   1
pass   1 (xz+):   0 found -   0 modified     |    TOTAL:   1
pass   1 (xz-):   0 found -   0 modified     |    TOTAL:   1
Iteration Number : 3
pass   1 (+++):   0 found -   0 modified     |    TOTAL:   0
pass   1 (+++):   0 found -   0 modified     |    TOTAL:   0
pass   1 (+++):   0 found -   0 modified     |    TOTAL:   0
pass   1 (+++):   0 found -   0 modified     |    TOTAL:   0
Iteration Number : 3
pass   1 (++):   0 found -   0 modified     |    TOTAL:   0
pass   1 (+-):   0 found -   0 modified     |    TOTAL:   0
pass   1 (--):   0 found -   0 modified     |    TOTAL:   0
pass   1 (-+):   0 found -   0 modified     |    TOTAL:   0
Iteration Number : 4
pass   1 (xy+):   0 found -   0 modified     |    TOTAL:   0
pass   1 (xy-):   0 found -   0 modified     |    TOTAL:   0
pass   1 (yz+):   0 found -   0 modified     |    TOTAL:   0
pass   1 (yz-):   0 found -   0 modified     |    TOTAL:   0
pass   1 (xz+):   0 found -   0 modified     |    TOTAL:   0
pass   1 (xz-):   0 found -   0 modified     |    TOTAL:   0
Iteration Number : 4
pass   1 (+++):   0 found -   0 modified     |    TOTAL:   0
pass   1 (+++):   0 found -   0 modified     |    TOTAL:   0
pass   1 (+++):   0 found -   0 modified     |    TOTAL:   0
pass   1 (+++):   0 found -   0 modified     |    TOTAL:   0
Iteration Number : 4
pass   1 (++):   0 found -   0 modified     |    TOTAL:   0
pass   1 (+-):   0 found -   0 modified     |    TOTAL:   0
pass   1 (--):   0 found -   0 modified     |    TOTAL:   0
pass   1 (-+):   0 found -   0 modified     |    TOTAL:   0

Total Number of Modified Voxels = 339 (out of 585879: 0.057862)
binarizing input wm segmentation...
Ambiguous edge configurations... 

mri_pretess done

#--------------------------------------------
#@# Fill Wed Mar 11 16:11:44 CET 2026
/out/sourcedata/freesurfer/sub-v2s18x29518_ses-1/mri

 mri_fill -a ../scripts/ponscc.cut.log -xform transforms/talairach.lta -segmentation aseg.presurf.mgz -ctab /opt/freesurfer/SubCorticalMassLUT.txt wm.mgz filled.mgz 

logging cutting plane coordinates to ../scripts/ponscc.cut.log...
INFO: Using transforms/talairach.lta and its offset for Talairach volume ...
using segmentation aseg.presurf.mgz...
reading input volume...done.
searching for cutting planes...voxel to talairach voxel transform
 1.03804   0.09737   0.00043  -19.02127;
-0.07272   1.15675   0.27559  -17.82961;
 0.02395  -0.22415   0.99497   19.38043;
 0.00000   0.00000   0.00000   1.00000;
voxel to talairach voxel transform
 1.03804   0.09737   0.00043  -19.02127;
-0.07272   1.15675   0.27559  -17.82961;
 0.02395  -0.22415   0.99497   19.38043;
 0.00000   0.00000   0.00000   1.00000;
reading segmented volume aseg.presurf.mgz
removing CC from segmentation
Looking for area (min, max) = (350, 1400)
area[0] = 1340 (min = 350, max = 1400), aspect = 0.49 (min = 0.10, max = 0.75)
no need to search
using seed (126, 120, 151), TAL = (2.0, 23.0, 8.0)
talairach voxel to voxel transform
 0.95751  -0.07657   0.02080   16.44478;
 0.06234   0.81547  -0.22590   20.10331;
-0.00901   0.18556   0.95366  -15.34528;
 0.00000   0.00000   0.00000   1.00000;
segmentation indicates cc at (126,  120,  151) --> (2.0, 23.0, 8.0)
done.
filling took 1.0 minutes
talairach cc position changed to (2.00, 23.00, 8.00)
Erasing brainstem...done.
seed_search_size = 9, min_neighbors = 5
search rh wm seed point around talairach space:(20.00, 23.00, 8.00) SRC: (113.81, 90.58, 149.95)
search lh wm seed point around talairach space (-16.00, 23.00, 8.00), SRC: (148.28, 92.83, 149.63)
compute mri_fill using aseg
Erasing Brain Stem and Cerebellum ...
Define left and right masks using aseg:
Building Voronoi diagram ...
Using the Voronoi diagram for separating WM into two hemispheres ...
Find the largest connected component for each hemisphere ...
Embedding colortable
mri_fill done, writing output to filled.mgz...
 cp filled.mgz filled.auto.mgz

Started at Wed Mar 11 14:45:03 CET 2026 
Ended   at Wed Mar 11 16:12:47 CET 2026
#@#%# recon-all-run-time-hours 1.462
recon-all -s sub-v2s18x29518_ses-1 finished without error at Wed Mar 11 16:12:47 CET 2026



#New# invocation of recon-all 




Wed Mar 11 17:00:05 CET 2026
cd /out/sourcedata/freesurfer/sub-v2s18x29518_ses-1
setenv SUBJECTS_DIR /out/sourcedata/freesurfer
/opt/freesurfer/bin/recon-all -parallel -subjid sub-v2s18x29518_ses-1 -sd /out/sourcedata/freesurfer -cortribbon

subjid sub-v2s18x29518_ses-1
setenv SUBJECTS_DIR /out/sourcedata/freesurfer
FREESURFER_HOME /opt/freesurfer
Actual FREESURFER_HOME /opt/freesurfer
build-stamp.txt: freesurfer-linux-ubuntu22_x86_64-7.3.2-20220804-6354275
Linux dna020 5.14.0-427.37.1.el9_4.x86_64 #1 SMP PREEMPT_DYNAMIC Fri Sep 13 12:41:50 EDT 2024 x86_64 x86_64 x86_64 GNU/Linux
cputime      unlimited
filesize     unlimited
datasize     unlimited
stacksize    8192 kbytes
coredumpsize 0 kbytes
memoryuse    67108864 kbytes
vmemoryuse   unlimited
descriptors  1024 
memorylocked unlimited
maxproc      2061970 
maxlocks     unlimited
maxsignal    2061970 
maxmessage   819200 
maxnice      0 
maxrtprio    0 
maxrttime    unlimited

               total        used        free      shared  buff/cache   available
Mem:           503Gi       133Gi       241Gi        36Gi       128Gi       329Gi
Swap:             0B          0B          0B

########################################
program versions used
7.3.2 (freesurfer-linux-ubuntu22_x86_64-7.3.2-20220804-6354275)
7.3.2

ProgramName: lta_convert  ProgramArguments: lta_convert -all-info  ProgramVersion: 7.3.2  TimeStamp: 2026/03/11-16:00:05-GMT  BuildTime: Aug  4 2022 06:17:15  BuildStamp: freesurfer-linux-ubuntu22_x86_64-7.3.2-20220804-6354275  User: oesteban  Machine: dna020  Platform: Linux  PlatformVersion: 5.14.0-427.37.1.el9_4.x86_64  CompilerName: GCC  CompilerVersion: 8.4.0
ProgramName: mri_and  ProgramArguments: mri_and -all-info  ProgramVersion: 7.3.2  TimeStamp: 2026/03/11-16:00:05-GMT  BuildTime: Aug  4 2022 06:17:15  BuildStamp: freesurfer-linux-ubuntu22_x86_64-7.3.2-20220804-6354275  User: oesteban  Machine: dna020  Platform: Linux  PlatformVersion: 5.14.0-427.37.1.el9_4.x86_64  CompilerName: GCC  CompilerVersion: 8.4.0
ProgramName: mri_annotation2label  ProgramArguments: mri_annotation2label -all-info  ProgramVersion: 7.3.2  TimeStamp: 2026/03/11-16:00:05-GMT  BuildTime: Aug  4 2022 06:17:15  BuildStamp: freesurfer-linux-ubuntu22_x86_64-7.3.2-20220804-6354275  User: oesteban  Machine: dna020  Platform: Linux  PlatformVersion: 5.14.0-427.37.1.el9_4.x86_64  CompilerName: GCC  CompilerVersion: 8.4.0
ProgramName: mri_aparc2aseg  ProgramArguments: mri_aparc2aseg -all-info  ProgramVersion: 7.3.2  TimeStamp: 2026/03/11-16:00:05-GMT  BuildTime: Aug  4 2022 06:17:15  BuildStamp: freesurfer-linux-ubuntu22_x86_64-7.3.2-20220804-6354275  User: oesteban  Machine: dna020  Platform: Linux  PlatformVersion: 5.14.0-427.37.1.el9_4.x86_64  CompilerName: GCC  CompilerVersion: 8.4.0
ProgramName: mri_surf2volseg  ProgramArguments: mri_surf2volseg -all-info  ProgramVersion: 7.3.2  TimeStamp: 2026/03/11-16:00:05-GMT  BuildTime: Aug  4 2022 06:17:15  BuildStamp: freesurfer-linux-ubuntu22_x86_64-7.3.2-20220804-6354275  User: oesteban  Machine: dna020  Platform: Linux  PlatformVersion: 5.14.0-427.37.1.el9_4.x86_64  CompilerName: GCC  CompilerVersion: 8.4.0
ProgramName: mri_binarize  ProgramArguments: mri_binarize -all-info  ProgramVersion: 7.3.2  TimeStamp: 2026/03/11-16:00:05-GMT  BuildTime: Aug  4 2022 06:17:15  BuildStamp: freesurfer-linux-ubuntu22_x86_64-7.3.2-20220804-6354275  User: oesteban  Machine: dna020  Platform: Linux  PlatformVersion: 5.14.0-427.37.1.el9_4.x86_64  CompilerName: GCC  CompilerVersion: 8.4.0
ProgramName: mri_ca_label  ProgramArguments: mri_ca_label -all-info  ProgramVersion: 7.3.2  TimeStamp: 2026/03/11-16:00:05-GMT  BuildTime: Aug  4 2022 06:17:15  BuildStamp: freesurfer-linux-ubuntu22_x86_64-7.3.2-20220804-6354275  User: oesteban  Machine: dna020  Platform: Linux  PlatformVersion: 5.14.0-427.37.1.el9_4.x86_64  CompilerName: GCC  CompilerVersion: 8.4.0
ProgramName: mri_ca_normalize  ProgramArguments: mri_ca_normalize -all-info  ProgramVersion: 7.3.2  TimeStamp: 2026/03/11-16:00:05-GMT  BuildTime: Aug  4 2022 06:17:15  BuildStamp: freesurfer-linux-ubuntu22_x86_64-7.3.2-20220804-6354275  User: oesteban  Machine: dna020  Platform: Linux  PlatformVersion: 5.14.0-427.37.1.el9_4.x86_64  CompilerName: GCC  CompilerVersion: 8.4.0
ProgramName: mri_ca_register  ProgramArguments: mri_ca_register -all-info  ProgramVersion: 7.3.2  TimeStamp: 2026/03/11-16:00:05-GMT  BuildTime: Aug  4 2022 06:17:15  BuildStamp: freesurfer-linux-ubuntu22_x86_64-7.3.2-20220804-6354275  User: oesteban  Machine: dna020  Platform: Linux  PlatformVersion: 5.14.0-427.37.1.el9_4.x86_64  CompilerName: GCC  CompilerVersion: 8.4.0
ProgramName: mri_cc  ProgramArguments: mri_cc -all-info  ProgramVersion: 7.3.2  TimeStamp: 2026/03/11-16:00:05-GMT  BuildTime: Aug  4 2022 06:17:15  BuildStamp: freesurfer-linux-ubuntu22_x86_64-7.3.2-20220804-6354275  User: oesteban  Machine: dna020  Platform: Linux  PlatformVersion: 5.14.0-427.37.1.el9_4.x86_64  CompilerName: GCC  CompilerVersion: 8.4.0
ProgramName: mri_compute_overlap  ProgramArguments: mri_compute_overlap -all-info  ProgramVersion: 7.3.2  TimeStamp: 2026/03/11-16:00:05-GMT  BuildTime: Aug  4 2022 06:17:15  BuildStamp: freesurfer-linux-ubuntu22_x86_64-7.3.2-20220804-6354275  User: oesteban  Machine: dna020  Platform: Linux  PlatformVersion: 5.14.0-427.37.1.el9_4.x86_64  CompilerName: GCC  CompilerVersion: 8.4.0
ProgramName: mri_compute_seg_overlap  ProgramArguments: mri_compute_seg_overlap -all-info  ProgramVersion: 7.3.2  TimeStamp: 2026/03/11-16:00:05-GMT  BuildTime: Aug  4 2022 06:17:15  BuildStamp: freesurfer-linux-ubuntu22_x86_64-7.3.2-20220804-6354275  User: oesteban  Machine: dna020  Platform: Linux  PlatformVersion: 5.14.0-427.37.1.el9_4.x86_64  CompilerName: GCC  CompilerVersion: 8.4.0
ProgramName: mri_concat  ProgramArguments: mri_concat -all-info  ProgramVersion: 7.3.2  TimeStamp: 2026/03/11-16:00:05-GMT  BuildTime: Aug  4 2022 06:17:15  BuildStamp: freesurfer-linux-ubuntu22_x86_64-7.3.2-20220804-6354275  User: oesteban  Machine: dna020  Platform: Linux  PlatformVersion: 5.14.0-427.37.1.el9_4.x86_64  CompilerName: GCC  CompilerVersion: 8.4.0
ProgramName: mri_concatenate_lta  ProgramArguments: mri_concatenate_lta -all-info  ProgramVersion: 7.3.2  TimeStamp: 2026/03/11-16:00:05-GMT  BuildTime: Aug  4 2022 06:17:15  BuildStamp: freesurfer-linux-ubuntu22_x86_64-7.3.2-20220804-6354275  User: oesteban  Machine: dna020  Platform: Linux  PlatformVersion: 5.14.0-427.37.1.el9_4.x86_64  CompilerName: GCC  CompilerVersion: 8.4.0
mri_convert -all-info 
ProgramName: mri_convert  ProgramArguments: mri_convert -all-info  ProgramVersion: 7.3.2  TimeStamp: 2026/03/11-16:00:05-GMT  BuildTime: Aug  4 2022 06:17:15  BuildStamp: freesurfer-linux-ubuntu22_x86_64-7.3.2-20220804-6354275  User: oesteban  Machine: dna020  Platform: Linux  PlatformVersion: 5.14.0-427.37.1.el9_4.x86_64  CompilerName: GCC  CompilerVersion: 8.4.0
ProgramName: mri_diff  ProgramArguments: mri_diff -all-info  ProgramVersion: 7.3.2  TimeStamp: 2026/03/11-16:00:05-GMT  BuildTime: Aug  4 2022 06:17:15  BuildStamp: freesurfer-linux-ubuntu22_x86_64-7.3.2-20220804-6354275  User: oesteban  Machine: dna020  Platform: Linux  PlatformVersion: 5.14.0-427.37.1.el9_4.x86_64  CompilerName: GCC  CompilerVersion: 8.4.0
ProgramName: mri_edit_wm_with_aseg  ProgramArguments: mri_edit_wm_with_aseg -all-info  ProgramVersion: 7.3.2  TimeStamp: 2026/03/11-16:00:05-GMT  BuildTime: Aug  4 2022 06:17:15  BuildStamp: freesurfer-linux-ubuntu22_x86_64-7.3.2-20220804-6354275  User: oesteban  Machine: dna020  Platform: Linux  PlatformVersion: 5.14.0-427.37.1.el9_4.x86_64  CompilerName: GCC  CompilerVersion: 8.4.0
ProgramName: mri_em_register  ProgramArguments: mri_em_register -all-info  ProgramVersion: 7.3.2  TimeStamp: 2026/03/11-16:00:05-GMT  BuildTime: Aug  4 2022 06:17:15  BuildStamp: freesurfer-linux-ubuntu22_x86_64-7.3.2-20220804-6354275  User: oesteban  Machine: dna020  Platform: Linux  PlatformVersion: 5.14.0-427.37.1.el9_4.x86_64  CompilerName: GCC  CompilerVersion: 8.4.0
ProgramName: mri_fill  ProgramArguments: mri_fill -all-info  ProgramVersion: 7.3.2  TimeStamp: 2026/03/11-16:00:05-GMT  BuildTime: Aug  4 2022 06:17:15  BuildStamp: freesurfer-linux-ubuntu22_x86_64-7.3.2-20220804-6354275  User: oesteban  Machine: dna020  Platform: Linux  PlatformVersion: 5.14.0-427.37.1.el9_4.x86_64  CompilerName: GCC  CompilerVersion: 8.4.0
ProgramName: mri_fuse_segmentations  ProgramArguments: mri_fuse_segmentations -all-info  ProgramVersion: 7.3.2  TimeStamp: 2026/03/11-16:00:05-GMT  BuildTime: Aug  4 2022 06:17:15  BuildStamp: freesurfer-linux-ubuntu22_x86_64-7.3.2-20220804-6354275  User: oesteban  Machine: dna020  Platform: Linux  PlatformVersion: 5.14.0-427.37.1.el9_4.x86_64  CompilerName: GCC  CompilerVersion: 8.4.0
ProgramName: mri_fwhm  ProgramArguments: mri_fwhm -all-info  ProgramVersion: 7.3.2  TimeStamp: 2026/03/11-16:00:05-GMT  BuildTime: Aug  4 2022 06:17:15  BuildStamp: freesurfer-linux-ubuntu22_x86_64-7.3.2-20220804-6354275  User: oesteban  Machine: dna020  Platform: Linux  PlatformVersion: 5.14.0-427.37.1.el9_4.x86_64  CompilerName: GCC  CompilerVersion: 8.4.0
ProgramName: mri_gcut  ProgramArguments: mri_gcut -all-info  ProgramVersion: 7.3.2  TimeStamp: 2026/03/11-16:00:05-GMT  BuildTime: Aug  4 2022 06:17:15  BuildStamp: freesurfer-linux-ubuntu22_x86_64-7.3.2-20220804-6354275  User: oesteban  Machine: dna020  Platform: Linux  PlatformVersion: 5.14.0-427.37.1.el9_4.x86_64  CompilerName: GCC  CompilerVersion: 8.4.0
ProgramName: mri_info  ProgramArguments: mri_info -all-info  ProgramVersion: 7.3.2  TimeStamp: 2026/03/11-16:00:05-GMT  BuildTime: Aug  4 2022 06:17:15  BuildStamp: freesurfer-linux-ubuntu22_x86_64-7.3.2-20220804-6354275  User: oesteban  Machine: dna020  Platform: Linux  PlatformVersion: 5.14.0-427.37.1.el9_4.x86_64  CompilerName: GCC  CompilerVersion: 8.4.0
ProgramName: mri_label2label  ProgramArguments: mri_label2label -all-info  ProgramVersion: 7.3.2  TimeStamp: 2026/03/11-16:00:05-GMT  BuildTime: Aug  4 2022 06:17:15  BuildStamp: freesurfer-linux-ubuntu22_x86_64-7.3.2-20220804-6354275  User: oesteban  Machine: dna020  Platform: Linux  PlatformVersion: 5.14.0-427.37.1.el9_4.x86_64  CompilerName: GCC  CompilerVersion: 8.4.0
ProgramName: mri_label2vol  ProgramArguments: mri_label2vol -all-info  ProgramVersion: 7.3.2  TimeStamp: 2026/03/11-16:00:05-GMT  BuildTime: Aug  4 2022 06:17:15  BuildStamp: freesurfer-linux-ubuntu22_x86_64-7.3.2-20220804-6354275  User: oesteban  Machine: dna020  Platform: Linux  PlatformVersion: 5.14.0-427.37.1.el9_4.x86_64  CompilerName: GCC  CompilerVersion: 8.4.0
ProgramName: mri_log_likelihood  ProgramArguments: mri_log_likelihood -all-info  ProgramVersion: 7.3.2  TimeStamp: 2026/03/11-16:00:05-GMT  BuildTime: Aug  4 2022 06:17:15  BuildStamp: freesurfer-linux-ubuntu22_x86_64-7.3.2-20220804-6354275  User: oesteban  Machine: dna020  Platform: Linux  PlatformVersion: 5.14.0-427.37.1.el9_4.x86_64  CompilerName: GCC  CompilerVersion: 8.4.0
ProgramName: mri_mask  ProgramArguments: mri_mask -all-info  ProgramVersion: 7.3.2  TimeStamp: 2026/03/11-16:00:05-GMT  BuildTime: Aug  4 2022 06:17:15  BuildStamp: freesurfer-linux-ubuntu22_x86_64-7.3.2-20220804-6354275  User: oesteban  Machine: dna020  Platform: Linux  PlatformVersion: 5.14.0-427.37.1.el9_4.x86_64  CompilerName: GCC  CompilerVersion: 8.4.0
ProgramName: mri_matrix_multiply  ProgramArguments: mri_matrix_multiply -all-info  ProgramVersion: 7.3.2  TimeStamp: 2026/03/11-16:00:05-GMT  BuildTime: Aug  4 2022 06:17:15  BuildStamp: freesurfer-linux-ubuntu22_x86_64-7.3.2-20220804-6354275  User: oesteban  Machine: dna020  Platform: Linux  PlatformVersion: 5.14.0-427.37.1.el9_4.x86_64  CompilerName: GCC  CompilerVersion: 8.4.0
ProgramName: mri_normalize  ProgramArguments: mri_normalize -all-info  ProgramVersion: 7.3.2  TimeStamp: 2026/03/11-16:00:05-GMT  BuildTime: Aug  4 2022 06:17:15  BuildStamp: freesurfer-linux-ubuntu22_x86_64-7.3.2-20220804-6354275  User: oesteban  Machine: dna020  Platform: Linux  PlatformVersion: 5.14.0-427.37.1.el9_4.x86_64  CompilerName: GCC  CompilerVersion: 8.4.0
ProgramName: mri_normalize_tp2  ProgramArguments: mri_normalize_tp2 -all-info  ProgramVersion: 7.3.2  TimeStamp: 2026/03/11-16:00:05-GMT  BuildTime: Aug  4 2022 06:17:15  BuildStamp: freesurfer-linux-ubuntu22_x86_64-7.3.2-20220804-6354275  User: oesteban  Machine: dna020  Platform: Linux  PlatformVersion: 5.14.0-427.37.1.el9_4.x86_64  CompilerName: GCC  CompilerVersion: 8.4.0
ProgramName: mri_or  ProgramArguments: mri_or -all-info  ProgramVersion: 7.3.2  TimeStamp: 2026/03/11-16:00:05-GMT  BuildTime: Aug  4 2022 06:17:15  BuildStamp: freesurfer-linux-ubuntu22_x86_64-7.3.2-20220804-6354275  User: oesteban  Machine: dna020  Platform: Linux  PlatformVersion: 5.14.0-427.37.1.el9_4.x86_64  CompilerName: GCC  CompilerVersion: 8.4.0
ProgramName: mri_relabel_hypointensities  ProgramArguments: mri_relabel_hypointensities -all-info  ProgramVersion: 7.3.2  TimeStamp: 2026/03/11-16:00:05-GMT  BuildTime: Aug  4 2022 06:17:15  BuildStamp: freesurfer-linux-ubuntu22_x86_64-7.3.2-20220804-6354275  User: oesteban  Machine: dna020  Platform: Linux  PlatformVersion: 5.14.0-427.37.1.el9_4.x86_64  CompilerName: GCC  CompilerVersion: 8.4.0
ProgramName: mri_relabel_nonwm_hypos  ProgramArguments: mri_relabel_nonwm_hypos -all-info  ProgramVersion: 7.3.2  TimeStamp: 2026/03/11-16:00:05-GMT  BuildTime: Aug  4 2022 06:17:15  BuildStamp: freesurfer-linux-ubuntu22_x86_64-7.3.2-20220804-6354275  User: oesteban  Machine: dna020  Platform: Linux  PlatformVersion: 5.14.0-427.37.1.el9_4.x86_64  CompilerName: GCC  CompilerVersion: 8.4.0
ProgramName: mri_remove_neck  ProgramArguments: mri_remove_neck -all-info  ProgramVersion: 7.3.2  TimeStamp: 2026/03/11-16:00:05-GMT  BuildTime: Aug  4 2022 06:17:15  BuildStamp: freesurfer-linux-ubuntu22_x86_64-7.3.2-20220804-6354275  User: oesteban  Machine: dna020  Platform: Linux  PlatformVersion: 5.14.0-427.37.1.el9_4.x86_64  CompilerName: GCC  CompilerVersion: 8.4.0
7.3.2

ProgramName: mri_robust_register  ProgramArguments: mri_robust_register -all-info  ProgramVersion: 7.3.2  TimeStamp: 2026/03/11-16:00:05-GMT  BuildTime: Aug  4 2022 06:17:15  BuildStamp: freesurfer-linux-ubuntu22_x86_64-7.3.2-20220804-6354275  User: oesteban  Machine: dna020  Platform: Linux  PlatformVersion: 5.14.0-427.37.1.el9_4.x86_64  CompilerName: GCC  CompilerVersion: 8.4.0
7.3.2

ProgramName: mri_robust_template  ProgramArguments: mri_robust_template -all-info  ProgramVersion: 7.3.2  TimeStamp: 2026/03/11-16:00:05-GMT  BuildTime: Aug  4 2022 06:17:15  BuildStamp: freesurfer-linux-ubuntu22_x86_64-7.3.2-20220804-6354275  User: oesteban  Machine: dna020  Platform: Linux  PlatformVersion: 5.14.0-427.37.1.el9_4.x86_64  CompilerName: GCC  CompilerVersion: 8.4.0
ProgramName: mris_anatomical_stats  ProgramArguments: mris_anatomical_stats -all-info  ProgramVersion: 7.3.2  TimeStamp: 2026/03/11-16:00:05-GMT  BuildTime: Aug  4 2022 06:17:15  BuildStamp: freesurfer-linux-ubuntu22_x86_64-7.3.2-20220804-6354275  User: oesteban  Machine: dna020  Platform: Linux  PlatformVersion: 5.14.0-427.37.1.el9_4.x86_64  CompilerName: GCC  CompilerVersion: 8.4.0
ProgramName: mris_ca_label  ProgramArguments: mris_ca_label -all-info  ProgramVersion: 7.3.2  TimeStamp: 2026/03/11-16:00:05-GMT  BuildTime: Aug  4 2022 06:17:15  BuildStamp: freesurfer-linux-ubuntu22_x86_64-7.3.2-20220804-6354275  User: oesteban  Machine: dna020  Platform: Linux  PlatformVersion: 5.14.0-427.37.1.el9_4.x86_64  CompilerName: GCC  CompilerVersion: 8.4.0
ProgramName: mris_calc  ProgramArguments: mris_calc -all-info  ProgramVersion: 7.3.2  TimeStamp: 2026/03/11-16:00:05-GMT  BuildTime: Aug  4 2022 06:17:15  BuildStamp: freesurfer-linux-ubuntu22_x86_64-7.3.2-20220804-6354275  User: oesteban  Machine: dna020  Platform: Linux  PlatformVersion: 5.14.0-427.37.1.el9_4.x86_64  CompilerName: GCC  CompilerVersion: 8.4.0
ProgramName: mris_convert  ProgramArguments: mris_convert -all-info  ProgramVersion: 7.3.2  TimeStamp: 2026/03/11-16:00:05-GMT  BuildTime: Aug  4 2022 06:17:15  BuildStamp: freesurfer-linux-ubuntu22_x86_64-7.3.2-20220804-6354275  User: oesteban  Machine: dna020  Platform: Linux  PlatformVersion: 5.14.0-427.37.1.el9_4.x86_64  CompilerName: GCC  CompilerVersion: 8.4.0
ProgramName: mris_curvature  ProgramArguments: mris_curvature -all-info  ProgramVersion: 7.3.2  TimeStamp: 2026/03/11-16:00:05-GMT  BuildTime: Aug  4 2022 06:17:15  BuildStamp: freesurfer-linux-ubuntu22_x86_64-7.3.2-20220804-6354275  User: oesteban  Machine: dna020  Platform: Linux  PlatformVersion: 5.14.0-427.37.1.el9_4.x86_64  CompilerName: GCC  CompilerVersion: 8.4.0
ProgramName: mris_curvature_stats  ProgramArguments: mris_curvature_stats -all-info  ProgramVersion: 7.3.2  TimeStamp: 2026/03/11-16:00:05-GMT  BuildTime: Aug  4 2022 06:17:15  BuildStamp: freesurfer-linux-ubuntu22_x86_64-7.3.2-20220804-6354275  User: oesteban  Machine: dna020  Platform: Linux  PlatformVersion: 5.14.0-427.37.1.el9_4.x86_64  CompilerName: GCC  CompilerVersion: 8.4.0
ProgramName: mris_diff  ProgramArguments: mris_diff -all-info  ProgramVersion: 7.3.2  TimeStamp: 2026/03/11-16:00:05-GMT  BuildTime: Aug  4 2022 06:17:15  BuildStamp: freesurfer-linux-ubuntu22_x86_64-7.3.2-20220804-6354275  User: oesteban  Machine: dna020  Platform: Linux  PlatformVersion: 5.14.0-427.37.1.el9_4.x86_64  CompilerName: GCC  CompilerVersion: 8.4.0
ProgramName: mris_divide_parcellation  ProgramArguments: mris_divide_parcellation -all-info  ProgramVersion: 7.3.2  TimeStamp: 2026/03/11-16:00:05-GMT  BuildTime: Aug  4 2022 06:17:15  BuildStamp: freesurfer-linux-ubuntu22_x86_64-7.3.2-20220804-6354275  User: oesteban  Machine: dna020  Platform: Linux  PlatformVersion: 5.14.0-427.37.1.el9_4.x86_64  CompilerName: GCC  CompilerVersion: 8.4.0
ProgramName: mri_segment  ProgramArguments: mri_segment -all-info  ProgramVersion: 7.3.2  TimeStamp: 2026/03/11-16:00:05-GMT  BuildTime: Aug  4 2022 06:17:15  BuildStamp: freesurfer-linux-ubuntu22_x86_64-7.3.2-20220804-6354275  User: oesteban  Machine: dna020  Platform: Linux  PlatformVersion: 5.14.0-427.37.1.el9_4.x86_64  CompilerName: GCC  CompilerVersion: 8.4.0
ProgramName: mri_segstats  ProgramArguments: mri_segstats -all-info  ProgramVersion: 7.3.2  TimeStamp: 2026/03/11-16:00:05-GMT  BuildTime: Aug  4 2022 06:17:15  BuildStamp: freesurfer-linux-ubuntu22_x86_64-7.3.2-20220804-6354275  User: oesteban  Machine: dna020  Platform: Linux  PlatformVersion: 5.14.0-427.37.1.el9_4.x86_64  CompilerName: GCC  CompilerVersion: 8.4.0
ProgramName: mris_euler_number  ProgramArguments: mris_euler_number -all-info  ProgramVersion: 7.3.2  TimeStamp: 2026/03/11-16:00:05-GMT  BuildTime: Aug  4 2022 06:17:15  BuildStamp: freesurfer-linux-ubuntu22_x86_64-7.3.2-20220804-6354275  User: oesteban  Machine: dna020  Platform: Linux  PlatformVersion: 5.14.0-427.37.1.el9_4.x86_64  CompilerName: GCC  CompilerVersion: 8.4.0
ProgramName: mris_fix_topology  ProgramArguments: mris_fix_topology -all-info  ProgramVersion: 7.3.2  TimeStamp: 2026/03/11-16:00:05-GMT  BuildTime: Aug  4 2022 06:17:15  BuildStamp: freesurfer-linux-ubuntu22_x86_64-7.3.2-20220804-6354275  User: oesteban  Machine: dna020  Platform: Linux  PlatformVersion: 5.14.0-427.37.1.el9_4.x86_64  CompilerName: GCC  CompilerVersion: 8.4.0
ProgramName: mris_topo_fixer  ProgramArguments: mris_topo_fixer -all-info  ProgramVersion: 7.3.2  TimeStamp: 2026/03/11-16:00:05-GMT  BuildTime: Aug  4 2022 06:17:15  BuildStamp: freesurfer-linux-ubuntu22_x86_64-7.3.2-20220804-6354275  User: oesteban  Machine: dna020  Platform: Linux  PlatformVersion: 5.14.0-427.37.1.el9_4.x86_64  CompilerName: GCC  CompilerVersion: 8.4.0
ProgramName: mris_jacobian  ProgramArguments: mris_jacobian -all-info  ProgramVersion: 7.3.2  TimeStamp: 2026/03/11-16:00:05-GMT  BuildTime: Aug  4 2022 06:17:15  BuildStamp: freesurfer-linux-ubuntu22_x86_64-7.3.2-20220804-6354275  User: oesteban  Machine: dna020  Platform: Linux  PlatformVersion: 5.14.0-427.37.1.el9_4.x86_64  CompilerName: GCC  CompilerVersion: 8.4.0
ProgramName: mris_label2annot  ProgramArguments: mris_label2annot -all-info  ProgramVersion: 7.3.2  TimeStamp: 2026/03/11-16:00:05-GMT  BuildTime: Aug  4 2022 06:17:15  BuildStamp: freesurfer-linux-ubuntu22_x86_64-7.3.2-20220804-6354275  User: oesteban  Machine: dna020  Platform: Linux  PlatformVersion: 5.14.0-427.37.1.el9_4.x86_64  CompilerName: GCC  CompilerVersion: 8.4.0
ProgramName: mris_left_right_register  ProgramArguments: mris_left_right_register -all-info  ProgramVersion: 7.3.2  TimeStamp: 2026/03/11-16:00:05-GMT  BuildTime: Aug  4 2022 06:17:15  BuildStamp: freesurfer-linux-ubuntu22_x86_64-7.3.2-20220804-6354275  User: oesteban  Machine: dna020  Platform: Linux  PlatformVersion: 5.14.0-427.37.1.el9_4.x86_64  CompilerName: GCC  CompilerVersion: 8.4.0
ProgramName: mris_place_surface  ProgramArguments: mris_place_surface -all-info  ProgramVersion: 7.3.2  TimeStamp: 2026/03/11-16:00:05-GMT  BuildTime: Aug  4 2022 06:17:15  BuildStamp: freesurfer-linux-ubuntu22_x86_64-7.3.2-20220804-6354275  User: oesteban  Machine: dna020  Platform: Linux  PlatformVersion: 5.14.0-427.37.1.el9_4.x86_64  CompilerName: GCC  CompilerVersion: 8.4.0
ProgramName: mrisp_paint  ProgramArguments: mrisp_paint -all-info  ProgramVersion: 7.3.2  TimeStamp: 2026/03/11-16:00:05-GMT  BuildTime: Aug  4 2022 06:17:15  BuildStamp: freesurfer-linux-ubuntu22_x86_64-7.3.2-20220804-6354275  User: oesteban  Machine: dna020  Platform: Linux  PlatformVersion: 5.14.0-427.37.1.el9_4.x86_64  CompilerName: GCC  CompilerVersion: 8.4.0
ProgramName: mris_register  ProgramArguments: mris_register -all-info  ProgramVersion: 7.3.2  TimeStamp: 2026/03/11-16:00:05-GMT  BuildTime: Aug  4 2022 06:17:15  BuildStamp: freesurfer-linux-ubuntu22_x86_64-7.3.2-20220804-6354275  User: oesteban  Machine: dna020  Platform: Linux  PlatformVersion: 5.14.0-427.37.1.el9_4.x86_64  CompilerName: GCC  CompilerVersion: 8.4.0
ProgramName: mris_smooth  ProgramArguments: mris_smooth -all-info  ProgramVersion: 7.3.2  TimeStamp: 2026/03/11-16:00:05-GMT  BuildTime: Aug  4 2022 06:17:15  BuildStamp: freesurfer-linux-ubuntu22_x86_64-7.3.2-20220804-6354275  User: oesteban  Machine: dna020  Platform: Linux  PlatformVersion: 5.14.0-427.37.1.el9_4.x86_64  CompilerName: GCC  CompilerVersion: 8.4.0
ProgramName: mris_sphere  ProgramArguments: mris_sphere -all-info  ProgramVersion: 7.3.2  TimeStamp: 2026/03/11-16:00:05-GMT  BuildTime: Aug  4 2022 06:17:15  BuildStamp: freesurfer-linux-ubuntu22_x86_64-7.3.2-20220804-6354275  User: oesteban  Machine: dna020  Platform: Linux  PlatformVersion: 5.14.0-427.37.1.el9_4.x86_64  CompilerName: GCC  CompilerVersion: 8.4.0
ProgramName: mris_surface_stats  ProgramArguments: mris_surface_stats -all-info  ProgramVersion: 7.3.2  TimeStamp: 2026/03/11-16:00:05-GMT  BuildTime: Aug  4 2022 06:17:15  BuildStamp: freesurfer-linux-ubuntu22_x86_64-7.3.2-20220804-6354275  User: oesteban  Machine: dna020  Platform: Linux  PlatformVersion: 5.14.0-427.37.1.el9_4.x86_64  CompilerName: GCC  CompilerVersion: 8.4.0
ProgramName: mri_stats2seg  ProgramArguments: mri_stats2seg -all-info  ProgramVersion: 7.3.2  TimeStamp: 2026/03/11-16:00:06-GMT  BuildTime: Aug  4 2022 06:17:15  BuildStamp: freesurfer-linux-ubuntu22_x86_64-7.3.2-20220804-6354275  User: oesteban  Machine: dna020  Platform: Linux  PlatformVersion: 5.14.0-427.37.1.el9_4.x86_64  CompilerName: GCC  CompilerVersion: 8.4.0
ProgramName: mris_thickness  ProgramArguments: mris_thickness -all-info  ProgramVersion: 7.3.2  TimeStamp: 2026/03/11-16:00:06-GMT  BuildTime: Aug  4 2022 06:17:15  BuildStamp: freesurfer-linux-ubuntu22_x86_64-7.3.2-20220804-6354275  User: oesteban  Machine: dna020  Platform: Linux  PlatformVersion: 5.14.0-427.37.1.el9_4.x86_64  CompilerName: GCC  CompilerVersion: 8.4.0
ProgramName: mris_thickness_diff  ProgramArguments: mris_thickness_diff -all-info  ProgramVersion: 7.3.2  TimeStamp: 2026/03/11-16:00:06-GMT  BuildTime: Aug  4 2022 06:17:15  BuildStamp: freesurfer-linux-ubuntu22_x86_64-7.3.2-20220804-6354275  User: oesteban  Machine: dna020  Platform: Linux  PlatformVersion: 5.14.0-427.37.1.el9_4.x86_64  CompilerName: GCC  CompilerVersion: 8.4.0
ProgramName: mris_topo_fixer  ProgramArguments: mris_topo_fixer -all-info  ProgramVersion: 7.3.2  TimeStamp: 2026/03/11-16:00:06-GMT  BuildTime: Aug  4 2022 06:17:15  BuildStamp: freesurfer-linux-ubuntu22_x86_64-7.3.2-20220804-6354275  User: oesteban  Machine: dna020  Platform: Linux  PlatformVersion: 5.14.0-427.37.1.el9_4.x86_64  CompilerName: GCC  CompilerVersion: 8.4.0
ProgramName: mri_surf2surf  ProgramArguments: mri_surf2surf -all-info  ProgramVersion: 7.3.2  TimeStamp: 2026/03/11-16:00:06-GMT  BuildTime: Aug  4 2022 06:17:15  BuildStamp: freesurfer-linux-ubuntu22_x86_64-7.3.2-20220804-6354275  User: oesteban  Machine: dna020  Platform: Linux  PlatformVersion: 5.14.0-427.37.1.el9_4.x86_64  CompilerName: GCC  CompilerVersion: 8.4.0
ProgramName: mri_surf2vol  ProgramArguments: mri_surf2vol -all-info  ProgramVersion: 7.3.2  TimeStamp: 2026/03/11-16:00:06-GMT  BuildTime: Aug  4 2022 06:17:15  BuildStamp: freesurfer-linux-ubuntu22_x86_64-7.3.2-20220804-6354275  User: oesteban  Machine: dna020  Platform: Linux  PlatformVersion: 5.14.0-427.37.1.el9_4.x86_64  CompilerName: GCC  CompilerVersion: 8.4.0
ProgramName: mri_surfcluster  ProgramArguments: mri_surfcluster -all-info  ProgramVersion: 7.3.2  TimeStamp: 2026/03/11-16:00:06-GMT  BuildTime: Aug  4 2022 06:17:15  BuildStamp: freesurfer-linux-ubuntu22_x86_64-7.3.2-20220804-6354275  User: oesteban  Machine: dna020  Platform: Linux  PlatformVersion: 5.14.0-427.37.1.el9_4.x86_64  CompilerName: GCC  CompilerVersion: 8.4.0
ProgramName: mris_volmask  ProgramArguments: mris_volmask -all-info  ProgramVersion: 7.3.2  TimeStamp: 2026/03/11-16:00:06-GMT  BuildTime: Aug  4 2022 06:17:15  BuildStamp: freesurfer-linux-ubuntu22_x86_64-7.3.2-20220804-6354275  User: oesteban  Machine: dna020  Platform: Linux  PlatformVersion: 5.14.0-427.37.1.el9_4.x86_64  CompilerName: GCC  CompilerVersion: 8.4.0
ProgramName: mri_tessellate  ProgramArguments: mri_tessellate -all-info  ProgramVersion: 7.3.2  TimeStamp: 2026/03/11-16:00:06-GMT  BuildTime: Aug  4 2022 06:17:15  BuildStamp: freesurfer-linux-ubuntu22_x86_64-7.3.2-20220804-6354275  User: oesteban  Machine: dna020  Platform: Linux  PlatformVersion: 5.14.0-427.37.1.el9_4.x86_64  CompilerName: GCC  CompilerVersion: 8.4.0
ProgramName: mri_vol2surf  ProgramArguments: mri_vol2surf -all-info  ProgramVersion: 7.3.2  TimeStamp: 2026/03/11-16:00:06-GMT  BuildTime: Aug  4 2022 06:17:15  BuildStamp: freesurfer-linux-ubuntu22_x86_64-7.3.2-20220804-6354275  User: oesteban  Machine: dna020  Platform: Linux  PlatformVersion: 5.14.0-427.37.1.el9_4.x86_64  CompilerName: GCC  CompilerVersion: 8.4.0
ProgramName: mri_vol2vol  ProgramArguments: mri_vol2vol -all-info  ProgramVersion: 7.3.2  TimeStamp: 2026/03/11-16:00:06-GMT  BuildTime: Aug  4 2022 06:17:15  BuildStamp: freesurfer-linux-ubuntu22_x86_64-7.3.2-20220804-6354275  User: oesteban  Machine: dna020  Platform: Linux  PlatformVersion: 5.14.0-427.37.1.el9_4.x86_64  CompilerName: GCC  CompilerVersion: 8.4.0
ProgramName: mri_voldiff  ProgramArguments: mri_voldiff -all-info  ProgramVersion: 7.3.2  TimeStamp: 2026/03/11-16:00:06-GMT  BuildTime: Aug  4 2022 06:17:15  BuildStamp: freesurfer-linux-ubuntu22_x86_64-7.3.2-20220804-6354275  User: oesteban  Machine: dna020  Platform: Linux  PlatformVersion: 5.14.0-427.37.1.el9_4.x86_64  CompilerName: GCC  CompilerVersion: 8.4.0
ProgramName: mri_watershed  ProgramArguments: mri_watershed -all-info  ProgramVersion: 7.3.2  TimeStamp: 2026/03/11-16:00:06-GMT  BuildTime: Aug  4 2022 06:17:15  BuildStamp: freesurfer-linux-ubuntu22_x86_64-7.3.2-20220804-6354275  User: oesteban  Machine: dna020  Platform: Linux  PlatformVersion: 5.14.0-427.37.1.el9_4.x86_64  CompilerName: GCC  CompilerVersion: 8.4.0
ProgramName: tkregister2  ProgramArguments: tkregister2_cmdl -all-info  ProgramVersion: 7.3.2  TimeStamp: 2026/03/11-16:00:06-GMT  BuildTime: Aug  4 2022 06:17:15  BuildStamp: freesurfer-linux-ubuntu22_x86_64-7.3.2-20220804-6354275  User: oesteban  Machine: dna020  Platform: Linux  PlatformVersion: 5.14.0-427.37.1.el9_4.x86_64  CompilerName: GCC  CompilerVersion: 8.4.0
mri_motion_correct.fsl 7.3.2
mri_convert -all-info 
ProgramName: mri_convert  ProgramArguments: mri_convert -all-info  ProgramVersion: 7.3.2  TimeStamp: 2026/03/11-16:00:06-GMT  BuildTime: Aug  4 2022 06:17:15  BuildStamp: freesurfer-linux-ubuntu22_x86_64-7.3.2-20220804-6354275  User: oesteban  Machine: dna020  Platform: Linux  PlatformVersion: 5.14.0-427.37.1.el9_4.x86_64  CompilerName: GCC  CompilerVersion: 8.4.0
Program nu_correct, built from:
Package MNI N3, version 1.12.0, compiled by nicks@terrier (x86_64-unknown-linux-gnu) on 2015-06-19 at 01:25:34
#######################################
GCADIR /opt/freesurfer/average
GCA RB_all_2020-01-02.gca
GCASkull RB_all_withskull_2020_01_02.gca
AvgCurvTif folding.atlas.acfb40.noaparc.i12.2016-08-02.tif
GCSDIR /opt/freesurfer/average
GCS DKaparc.atlas.acfb40.noaparc.i12.2016-08-02.gcs
#######################################
#@# white curv lh Wed Mar 11 17:00:06 CET 2026
cd /out/sourcedata/freesurfer/sub-v2s18x29518_ses-1/mri
mris_place_surface --curv-map ../surf/lh.white 2 10 ../surf/lh.curv
   Update not needed
#@# white area lh Wed Mar 11 17:00:06 CET 2026
cd /out/sourcedata/freesurfer/sub-v2s18x29518_ses-1/mri
mris_place_surface --area-map ../surf/lh.white ../surf/lh.area
   Update not needed
#@# pial curv lh Wed Mar 11 17:00:06 CET 2026
cd /out/sourcedata/freesurfer/sub-v2s18x29518_ses-1/mri
mris_place_surface --curv-map ../surf/lh.pial 2 10 ../surf/lh.curv.pial
   Update not needed
#@# pial area lh Wed Mar 11 17:00:06 CET 2026
cd /out/sourcedata/freesurfer/sub-v2s18x29518_ses-1/mri
mris_place_surface --area-map ../surf/lh.pial ../surf/lh.area.pial
   Update not needed
#@# thickness lh Wed Mar 11 17:00:06 CET 2026
cd /out/sourcedata/freesurfer/sub-v2s18x29518_ses-1/mri
mris_place_surface --thickness ../surf/lh.white ../surf/lh.pial 20 5 ../surf/lh.thickness
   Update not needed
#@# area and vertex vol lh Wed Mar 11 17:00:06 CET 2026
cd /out/sourcedata/freesurfer/sub-v2s18x29518_ses-1/mri
mris_place_surface --thickness ../surf/lh.white ../surf/lh.pial 20 5 ../surf/lh.thickness
   Update not needed
#@# white curv rh Wed Mar 11 17:00:06 CET 2026
cd /out/sourcedata/freesurfer/sub-v2s18x29518_ses-1/mri
mris_place_surface --curv-map ../surf/rh.white 2 10 ../surf/rh.curv
   Update not needed
#@# white area rh Wed Mar 11 17:00:06 CET 2026
cd /out/sourcedata/freesurfer/sub-v2s18x29518_ses-1/mri
mris_place_surface --area-map ../surf/rh.white ../surf/rh.area
   Update not needed
#@# pial curv rh Wed Mar 11 17:00:06 CET 2026
cd /out/sourcedata/freesurfer/sub-v2s18x29518_ses-1/mri
mris_place_surface --curv-map ../surf/rh.pial 2 10 ../surf/rh.curv.pial
   Update not needed
#@# pial area rh Wed Mar 11 17:00:06 CET 2026
cd /out/sourcedata/freesurfer/sub-v2s18x29518_ses-1/mri
mris_place_surface --area-map ../surf/rh.pial ../surf/rh.area.pial
   Update not needed
#@# thickness rh Wed Mar 11 17:00:06 CET 2026
cd /out/sourcedata/freesurfer/sub-v2s18x29518_ses-1/mri
mris_place_surface --thickness ../surf/rh.white ../surf/rh.pial 20 5 ../surf/rh.thickness
   Update not needed
#@# area and vertex vol rh Wed Mar 11 17:00:06 CET 2026
cd /out/sourcedata/freesurfer/sub-v2s18x29518_ses-1/mri
mris_place_surface --thickness ../surf/rh.white ../surf/rh.pial 20 5 ../surf/rh.thickness
   Update not needed
#--------------------------------------------
#@# Cortical ribbon mask Wed Mar 11 17:00:06 CET 2026
/out/sourcedata/freesurfer/sub-v2s18x29518_ses-1/mri

 mris_volmask --aseg_name aseg.presurf --label_left_white 2 --label_left_ribbon 3 --label_right_white 41 --label_right_ribbon 42 --save_ribbon sub-v2s18x29518_ses-1 

SUBJECTS_DIR is /out/sourcedata/freesurfer
loading input data...
Running hemis serially
Processing left hemi
computing distance to left white surface 
computing distance to left pial surface 
Processing right hemi
computing distance to right white surface 
computing distance to right pial surface 
 hemi masks overlap voxels = 354
writing volume /out/sourcedata/freesurfer/sub-v2s18x29518_ses-1/mri/ribbon.mgz
mris_volmask took 4.64 minutes
 writing ribbon files

Started at Wed Mar 11 17:00:05 CET 2026 
Ended   at Wed Mar 11 17:04:44 CET 2026
#@#%# recon-all-run-time-hours 0.078
recon-all -s sub-v2s18x29518_ses-1 finished without error at Wed Mar 11 17:04:44 CET 2026



#New# invocation of recon-all 




Wed Mar 11 17:11:31 CET 2026
cd /out/sourcedata/freesurfer/sub-v2s18x29518_ses-1
setenv SUBJECTS_DIR /out/sourcedata/freesurfer
/opt/freesurfer/bin/recon-all -autorecon3 -openmp 16 -subjid sub-v2s18x29518_ses-1 -sd /out/sourcedata/freesurfer -nosphere -nosurfreg -nojacobian_white -noavgcurv -nocortparc -nopial -noparcstats -nocortparc2 -noparcstats2 -nocortparc3 -noparcstats3 -nopctsurfcon -nocortribbon -nobalabels

subjid sub-v2s18x29518_ses-1
setenv SUBJECTS_DIR /out/sourcedata/freesurfer
FREESURFER_HOME /opt/freesurfer
Actual FREESURFER_HOME /opt/freesurfer
build-stamp.txt: freesurfer-linux-ubuntu22_x86_64-7.3.2-20220804-6354275
Linux dna020 5.14.0-427.37.1.el9_4.x86_64 #1 SMP PREEMPT_DYNAMIC Fri Sep 13 12:41:50 EDT 2024 x86_64 x86_64 x86_64 GNU/Linux
cputime      unlimited
filesize     unlimited
datasize     unlimited
stacksize    8192 kbytes
coredumpsize 0 kbytes
memoryuse    67108864 kbytes
vmemoryuse   unlimited
descriptors  1024 
memorylocked unlimited
maxproc      2061970 
maxlocks     unlimited
maxsignal    2061970 
maxmessage   819200 
maxnice      0 
maxrtprio    0 
maxrttime    unlimited

               total        used        free      shared  buff/cache   available
Mem:           503Gi       130Gi       243Gi        36Gi       128Gi       332Gi
Swap:             0B          0B          0B

########################################
program versions used
7.3.2 (freesurfer-linux-ubuntu22_x86_64-7.3.2-20220804-6354275)
7.3.2

ProgramName: lta_convert  ProgramArguments: lta_convert -all-info  ProgramVersion: 7.3.2  TimeStamp: 2026/03/11-16:11:31-GMT  BuildTime: Aug  4 2022 06:17:15  BuildStamp: freesurfer-linux-ubuntu22_x86_64-7.3.2-20220804-6354275  User: oesteban  Machine: dna020  Platform: Linux  PlatformVersion: 5.14.0-427.37.1.el9_4.x86_64  CompilerName: GCC  CompilerVersion: 8.4.0
ProgramName: mri_and  ProgramArguments: mri_and -all-info  ProgramVersion: 7.3.2  TimeStamp: 2026/03/11-16:11:32-GMT  BuildTime: Aug  4 2022 06:17:15  BuildStamp: freesurfer-linux-ubuntu22_x86_64-7.3.2-20220804-6354275  User: oesteban  Machine: dna020  Platform: Linux  PlatformVersion: 5.14.0-427.37.1.el9_4.x86_64  CompilerName: GCC  CompilerVersion: 8.4.0
ProgramName: mri_annotation2label  ProgramArguments: mri_annotation2label -all-info  ProgramVersion: 7.3.2  TimeStamp: 2026/03/11-16:11:32-GMT  BuildTime: Aug  4 2022 06:17:15  BuildStamp: freesurfer-linux-ubuntu22_x86_64-7.3.2-20220804-6354275  User: oesteban  Machine: dna020  Platform: Linux  PlatformVersion: 5.14.0-427.37.1.el9_4.x86_64  CompilerName: GCC  CompilerVersion: 8.4.0
ProgramName: mri_aparc2aseg  ProgramArguments: mri_aparc2aseg -all-info  ProgramVersion: 7.3.2  TimeStamp: 2026/03/11-16:11:32-GMT  BuildTime: Aug  4 2022 06:17:15  BuildStamp: freesurfer-linux-ubuntu22_x86_64-7.3.2-20220804-6354275  User: oesteban  Machine: dna020  Platform: Linux  PlatformVersion: 5.14.0-427.37.1.el9_4.x86_64  CompilerName: GCC  CompilerVersion: 8.4.0
ProgramName: mri_surf2volseg  ProgramArguments: mri_surf2volseg -all-info  ProgramVersion: 7.3.2  TimeStamp: 2026/03/11-16:11:32-GMT  BuildTime: Aug  4 2022 06:17:15  BuildStamp: freesurfer-linux-ubuntu22_x86_64-7.3.2-20220804-6354275  User: oesteban  Machine: dna020  Platform: Linux  PlatformVersion: 5.14.0-427.37.1.el9_4.x86_64  CompilerName: GCC  CompilerVersion: 8.4.0
ProgramName: mri_binarize  ProgramArguments: mri_binarize -all-info  ProgramVersion: 7.3.2  TimeStamp: 2026/03/11-16:11:32-GMT  BuildTime: Aug  4 2022 06:17:15  BuildStamp: freesurfer-linux-ubuntu22_x86_64-7.3.2-20220804-6354275  User: oesteban  Machine: dna020  Platform: Linux  PlatformVersion: 5.14.0-427.37.1.el9_4.x86_64  CompilerName: GCC  CompilerVersion: 8.4.0
ProgramName: mri_ca_label  ProgramArguments: mri_ca_label -all-info  ProgramVersion: 7.3.2  TimeStamp: 2026/03/11-16:11:32-GMT  BuildTime: Aug  4 2022 06:17:15  BuildStamp: freesurfer-linux-ubuntu22_x86_64-7.3.2-20220804-6354275  User: oesteban  Machine: dna020  Platform: Linux  PlatformVersion: 5.14.0-427.37.1.el9_4.x86_64  CompilerName: GCC  CompilerVersion: 8.4.0
ProgramName: mri_ca_normalize  ProgramArguments: mri_ca_normalize -all-info  ProgramVersion: 7.3.2  TimeStamp: 2026/03/11-16:11:32-GMT  BuildTime: Aug  4 2022 06:17:15  BuildStamp: freesurfer-linux-ubuntu22_x86_64-7.3.2-20220804-6354275  User: oesteban  Machine: dna020  Platform: Linux  PlatformVersion: 5.14.0-427.37.1.el9_4.x86_64  CompilerName: GCC  CompilerVersion: 8.4.0
ProgramName: mri_ca_register  ProgramArguments: mri_ca_register -all-info  ProgramVersion: 7.3.2  TimeStamp: 2026/03/11-16:11:32-GMT  BuildTime: Aug  4 2022 06:17:15  BuildStamp: freesurfer-linux-ubuntu22_x86_64-7.3.2-20220804-6354275  User: oesteban  Machine: dna020  Platform: Linux  PlatformVersion: 5.14.0-427.37.1.el9_4.x86_64  CompilerName: GCC  CompilerVersion: 8.4.0
ProgramName: mri_cc  ProgramArguments: mri_cc -all-info  ProgramVersion: 7.3.2  TimeStamp: 2026/03/11-16:11:32-GMT  BuildTime: Aug  4 2022 06:17:15  BuildStamp: freesurfer-linux-ubuntu22_x86_64-7.3.2-20220804-6354275  User: oesteban  Machine: dna020  Platform: Linux  PlatformVersion: 5.14.0-427.37.1.el9_4.x86_64  CompilerName: GCC  CompilerVersion: 8.4.0
ProgramName: mri_compute_overlap  ProgramArguments: mri_compute_overlap -all-info  ProgramVersion: 7.3.2  TimeStamp: 2026/03/11-16:11:32-GMT  BuildTime: Aug  4 2022 06:17:15  BuildStamp: freesurfer-linux-ubuntu22_x86_64-7.3.2-20220804-6354275  User: oesteban  Machine: dna020  Platform: Linux  PlatformVersion: 5.14.0-427.37.1.el9_4.x86_64  CompilerName: GCC  CompilerVersion: 8.4.0
ProgramName: mri_compute_seg_overlap  ProgramArguments: mri_compute_seg_overlap -all-info  ProgramVersion: 7.3.2  TimeStamp: 2026/03/11-16:11:32-GMT  BuildTime: Aug  4 2022 06:17:15  BuildStamp: freesurfer-linux-ubuntu22_x86_64-7.3.2-20220804-6354275  User: oesteban  Machine: dna020  Platform: Linux  PlatformVersion: 5.14.0-427.37.1.el9_4.x86_64  CompilerName: GCC  CompilerVersion: 8.4.0
ProgramName: mri_concat  ProgramArguments: mri_concat -all-info  ProgramVersion: 7.3.2  TimeStamp: 2026/03/11-16:11:32-GMT  BuildTime: Aug  4 2022 06:17:15  BuildStamp: freesurfer-linux-ubuntu22_x86_64-7.3.2-20220804-6354275  User: oesteban  Machine: dna020  Platform: Linux  PlatformVersion: 5.14.0-427.37.1.el9_4.x86_64  CompilerName: GCC  CompilerVersion: 8.4.0
ProgramName: mri_concatenate_lta  ProgramArguments: mri_concatenate_lta -all-info  ProgramVersion: 7.3.2  TimeStamp: 2026/03/11-16:11:32-GMT  BuildTime: Aug  4 2022 06:17:15  BuildStamp: freesurfer-linux-ubuntu22_x86_64-7.3.2-20220804-6354275  User: oesteban  Machine: dna020  Platform: Linux  PlatformVersion: 5.14.0-427.37.1.el9_4.x86_64  CompilerName: GCC  CompilerVersion: 8.4.0
mri_convert -all-info 
ProgramName: mri_convert  ProgramArguments: mri_convert -all-info  ProgramVersion: 7.3.2  TimeStamp: 2026/03/11-16:11:32-GMT  BuildTime: Aug  4 2022 06:17:15  BuildStamp: freesurfer-linux-ubuntu22_x86_64-7.3.2-20220804-6354275  User: oesteban  Machine: dna020  Platform: Linux  PlatformVersion: 5.14.0-427.37.1.el9_4.x86_64  CompilerName: GCC  CompilerVersion: 8.4.0
ProgramName: mri_diff  ProgramArguments: mri_diff -all-info  ProgramVersion: 7.3.2  TimeStamp: 2026/03/11-16:11:32-GMT  BuildTime: Aug  4 2022 06:17:15  BuildStamp: freesurfer-linux-ubuntu22_x86_64-7.3.2-20220804-6354275  User: oesteban  Machine: dna020  Platform: Linux  PlatformVersion: 5.14.0-427.37.1.el9_4.x86_64  CompilerName: GCC  CompilerVersion: 8.4.0
ProgramName: mri_edit_wm_with_aseg  ProgramArguments: mri_edit_wm_with_aseg -all-info  ProgramVersion: 7.3.2  TimeStamp: 2026/03/11-16:11:32-GMT  BuildTime: Aug  4 2022 06:17:15  BuildStamp: freesurfer-linux-ubuntu22_x86_64-7.3.2-20220804-6354275  User: oesteban  Machine: dna020  Platform: Linux  PlatformVersion: 5.14.0-427.37.1.el9_4.x86_64  CompilerName: GCC  CompilerVersion: 8.4.0
ProgramName: mri_em_register  ProgramArguments: mri_em_register -all-info  ProgramVersion: 7.3.2  TimeStamp: 2026/03/11-16:11:32-GMT  BuildTime: Aug  4 2022 06:17:15  BuildStamp: freesurfer-linux-ubuntu22_x86_64-7.3.2-20220804-6354275  User: oesteban  Machine: dna020  Platform: Linux  PlatformVersion: 5.14.0-427.37.1.el9_4.x86_64  CompilerName: GCC  CompilerVersion: 8.4.0
ProgramName: mri_fill  ProgramArguments: mri_fill -all-info  ProgramVersion: 7.3.2  TimeStamp: 2026/03/11-16:11:32-GMT  BuildTime: Aug  4 2022 06:17:15  BuildStamp: freesurfer-linux-ubuntu22_x86_64-7.3.2-20220804-6354275  User: oesteban  Machine: dna020  Platform: Linux  PlatformVersion: 5.14.0-427.37.1.el9_4.x86_64  CompilerName: GCC  CompilerVersion: 8.4.0
ProgramName: mri_fuse_segmentations  ProgramArguments: mri_fuse_segmentations -all-info  ProgramVersion: 7.3.2  TimeStamp: 2026/03/11-16:11:32-GMT  BuildTime: Aug  4 2022 06:17:15  BuildStamp: freesurfer-linux-ubuntu22_x86_64-7.3.2-20220804-6354275  User: oesteban  Machine: dna020  Platform: Linux  PlatformVersion: 5.14.0-427.37.1.el9_4.x86_64  CompilerName: GCC  CompilerVersion: 8.4.0
ProgramName: mri_fwhm  ProgramArguments: mri_fwhm -all-info  ProgramVersion: 7.3.2  TimeStamp: 2026/03/11-16:11:32-GMT  BuildTime: Aug  4 2022 06:17:15  BuildStamp: freesurfer-linux-ubuntu22_x86_64-7.3.2-20220804-6354275  User: oesteban  Machine: dna020  Platform: Linux  PlatformVersion: 5.14.0-427.37.1.el9_4.x86_64  CompilerName: GCC  CompilerVersion: 8.4.0
ProgramName: mri_gcut  ProgramArguments: mri_gcut -all-info  ProgramVersion: 7.3.2  TimeStamp: 2026/03/11-16:11:32-GMT  BuildTime: Aug  4 2022 06:17:15  BuildStamp: freesurfer-linux-ubuntu22_x86_64-7.3.2-20220804-6354275  User: oesteban  Machine: dna020  Platform: Linux  PlatformVersion: 5.14.0-427.37.1.el9_4.x86_64  CompilerName: GCC  CompilerVersion: 8.4.0
ProgramName: mri_info  ProgramArguments: mri_info -all-info  ProgramVersion: 7.3.2  TimeStamp: 2026/03/11-16:11:32-GMT  BuildTime: Aug  4 2022 06:17:15  BuildStamp: freesurfer-linux-ubuntu22_x86_64-7.3.2-20220804-6354275  User: oesteban  Machine: dna020  Platform: Linux  PlatformVersion: 5.14.0-427.37.1.el9_4.x86_64  CompilerName: GCC  CompilerVersion: 8.4.0
ProgramName: mri_label2label  ProgramArguments: mri_label2label -all-info  ProgramVersion: 7.3.2  TimeStamp: 2026/03/11-16:11:32-GMT  BuildTime: Aug  4 2022 06:17:15  BuildStamp: freesurfer-linux-ubuntu22_x86_64-7.3.2-20220804-6354275  User: oesteban  Machine: dna020  Platform: Linux  PlatformVersion: 5.14.0-427.37.1.el9_4.x86_64  CompilerName: GCC  CompilerVersion: 8.4.0
ProgramName: mri_label2vol  ProgramArguments: mri_label2vol -all-info  ProgramVersion: 7.3.2  TimeStamp: 2026/03/11-16:11:32-GMT  BuildTime: Aug  4 2022 06:17:15  BuildStamp: freesurfer-linux-ubuntu22_x86_64-7.3.2-20220804-6354275  User: oesteban  Machine: dna020  Platform: Linux  PlatformVersion: 5.14.0-427.37.1.el9_4.x86_64  CompilerName: GCC  CompilerVersion: 8.4.0
ProgramName: mri_log_likelihood  ProgramArguments: mri_log_likelihood -all-info  ProgramVersion: 7.3.2  TimeStamp: 2026/03/11-16:11:32-GMT  BuildTime: Aug  4 2022 06:17:15  BuildStamp: freesurfer-linux-ubuntu22_x86_64-7.3.2-20220804-6354275  User: oesteban  Machine: dna020  Platform: Linux  PlatformVersion: 5.14.0-427.37.1.el9_4.x86_64  CompilerName: GCC  CompilerVersion: 8.4.0
ProgramName: mri_mask  ProgramArguments: mri_mask -all-info  ProgramVersion: 7.3.2  TimeStamp: 2026/03/11-16:11:32-GMT  BuildTime: Aug  4 2022 06:17:15  BuildStamp: freesurfer-linux-ubuntu22_x86_64-7.3.2-20220804-6354275  User: oesteban  Machine: dna020  Platform: Linux  PlatformVersion: 5.14.0-427.37.1.el9_4.x86_64  CompilerName: GCC  CompilerVersion: 8.4.0
ProgramName: mri_matrix_multiply  ProgramArguments: mri_matrix_multiply -all-info  ProgramVersion: 7.3.2  TimeStamp: 2026/03/11-16:11:32-GMT  BuildTime: Aug  4 2022 06:17:15  BuildStamp: freesurfer-linux-ubuntu22_x86_64-7.3.2-20220804-6354275  User: oesteban  Machine: dna020  Platform: Linux  PlatformVersion: 5.14.0-427.37.1.el9_4.x86_64  CompilerName: GCC  CompilerVersion: 8.4.0
ProgramName: mri_normalize  ProgramArguments: mri_normalize -all-info  ProgramVersion: 7.3.2  TimeStamp: 2026/03/11-16:11:32-GMT  BuildTime: Aug  4 2022 06:17:15  BuildStamp: freesurfer-linux-ubuntu22_x86_64-7.3.2-20220804-6354275  User: oesteban  Machine: dna020  Platform: Linux  PlatformVersion: 5.14.0-427.37.1.el9_4.x86_64  CompilerName: GCC  CompilerVersion: 8.4.0
ProgramName: mri_normalize_tp2  ProgramArguments: mri_normalize_tp2 -all-info  ProgramVersion: 7.3.2  TimeStamp: 2026/03/11-16:11:32-GMT  BuildTime: Aug  4 2022 06:17:15  BuildStamp: freesurfer-linux-ubuntu22_x86_64-7.3.2-20220804-6354275  User: oesteban  Machine: dna020  Platform: Linux  PlatformVersion: 5.14.0-427.37.1.el9_4.x86_64  CompilerName: GCC  CompilerVersion: 8.4.0
ProgramName: mri_or  ProgramArguments: mri_or -all-info  ProgramVersion: 7.3.2  TimeStamp: 2026/03/11-16:11:32-GMT  BuildTime: Aug  4 2022 06:17:15  BuildStamp: freesurfer-linux-ubuntu22_x86_64-7.3.2-20220804-6354275  User: oesteban  Machine: dna020  Platform: Linux  PlatformVersion: 5.14.0-427.37.1.el9_4.x86_64  CompilerName: GCC  CompilerVersion: 8.4.0
ProgramName: mri_relabel_hypointensities  ProgramArguments: mri_relabel_hypointensities -all-info  ProgramVersion: 7.3.2  TimeStamp: 2026/03/11-16:11:32-GMT  BuildTime: Aug  4 2022 06:17:15  BuildStamp: freesurfer-linux-ubuntu22_x86_64-7.3.2-20220804-6354275  User: oesteban  Machine: dna020  Platform: Linux  PlatformVersion: 5.14.0-427.37.1.el9_4.x86_64  CompilerName: GCC  CompilerVersion: 8.4.0
ProgramName: mri_relabel_nonwm_hypos  ProgramArguments: mri_relabel_nonwm_hypos -all-info  ProgramVersion: 7.3.2  TimeStamp: 2026/03/11-16:11:32-GMT  BuildTime: Aug  4 2022 06:17:15  BuildStamp: freesurfer-linux-ubuntu22_x86_64-7.3.2-20220804-6354275  User: oesteban  Machine: dna020  Platform: Linux  PlatformVersion: 5.14.0-427.37.1.el9_4.x86_64  CompilerName: GCC  CompilerVersion: 8.4.0
ProgramName: mri_remove_neck  ProgramArguments: mri_remove_neck -all-info  ProgramVersion: 7.3.2  TimeStamp: 2026/03/11-16:11:32-GMT  BuildTime: Aug  4 2022 06:17:15  BuildStamp: freesurfer-linux-ubuntu22_x86_64-7.3.2-20220804-6354275  User: oesteban  Machine: dna020  Platform: Linux  PlatformVersion: 5.14.0-427.37.1.el9_4.x86_64  CompilerName: GCC  CompilerVersion: 8.4.0
7.3.2

ProgramName: mri_robust_register  ProgramArguments: mri_robust_register -all-info  ProgramVersion: 7.3.2  TimeStamp: 2026/03/11-16:11:32-GMT  BuildTime: Aug  4 2022 06:17:15  BuildStamp: freesurfer-linux-ubuntu22_x86_64-7.3.2-20220804-6354275  User: oesteban  Machine: dna020  Platform: Linux  PlatformVersion: 5.14.0-427.37.1.el9_4.x86_64  CompilerName: GCC  CompilerVersion: 8.4.0
7.3.2

ProgramName: mri_robust_template  ProgramArguments: mri_robust_template -all-info  ProgramVersion: 7.3.2  TimeStamp: 2026/03/11-16:11:32-GMT  BuildTime: Aug  4 2022 06:17:15  BuildStamp: freesurfer-linux-ubuntu22_x86_64-7.3.2-20220804-6354275  User: oesteban  Machine: dna020  Platform: Linux  PlatformVersion: 5.14.0-427.37.1.el9_4.x86_64  CompilerName: GCC  CompilerVersion: 8.4.0
ProgramName: mris_anatomical_stats  ProgramArguments: mris_anatomical_stats -all-info  ProgramVersion: 7.3.2  TimeStamp: 2026/03/11-16:11:32-GMT  BuildTime: Aug  4 2022 06:17:15  BuildStamp: freesurfer-linux-ubuntu22_x86_64-7.3.2-20220804-6354275  User: oesteban  Machine: dna020  Platform: Linux  PlatformVersion: 5.14.0-427.37.1.el9_4.x86_64  CompilerName: GCC  CompilerVersion: 8.4.0
ProgramName: mris_ca_label  ProgramArguments: mris_ca_label -all-info  ProgramVersion: 7.3.2  TimeStamp: 2026/03/11-16:11:32-GMT  BuildTime: Aug  4 2022 06:17:15  BuildStamp: freesurfer-linux-ubuntu22_x86_64-7.3.2-20220804-6354275  User: oesteban  Machine: dna020  Platform: Linux  PlatformVersion: 5.14.0-427.37.1.el9_4.x86_64  CompilerName: GCC  CompilerVersion: 8.4.0
ProgramName: mris_calc  ProgramArguments: mris_calc -all-info  ProgramVersion: 7.3.2  TimeStamp: 2026/03/11-16:11:32-GMT  BuildTime: Aug  4 2022 06:17:15  BuildStamp: freesurfer-linux-ubuntu22_x86_64-7.3.2-20220804-6354275  User: oesteban  Machine: dna020  Platform: Linux  PlatformVersion: 5.14.0-427.37.1.el9_4.x86_64  CompilerName: GCC  CompilerVersion: 8.4.0
ProgramName: mris_convert  ProgramArguments: mris_convert -all-info  ProgramVersion: 7.3.2  TimeStamp: 2026/03/11-16:11:32-GMT  BuildTime: Aug  4 2022 06:17:15  BuildStamp: freesurfer-linux-ubuntu22_x86_64-7.3.2-20220804-6354275  User: oesteban  Machine: dna020  Platform: Linux  PlatformVersion: 5.14.0-427.37.1.el9_4.x86_64  CompilerName: GCC  CompilerVersion: 8.4.0
ProgramName: mris_curvature  ProgramArguments: mris_curvature -all-info  ProgramVersion: 7.3.2  TimeStamp: 2026/03/11-16:11:32-GMT  BuildTime: Aug  4 2022 06:17:15  BuildStamp: freesurfer-linux-ubuntu22_x86_64-7.3.2-20220804-6354275  User: oesteban  Machine: dna020  Platform: Linux  PlatformVersion: 5.14.0-427.37.1.el9_4.x86_64  CompilerName: GCC  CompilerVersion: 8.4.0
ProgramName: mris_curvature_stats  ProgramArguments: mris_curvature_stats -all-info  ProgramVersion: 7.3.2  TimeStamp: 2026/03/11-16:11:32-GMT  BuildTime: Aug  4 2022 06:17:15  BuildStamp: freesurfer-linux-ubuntu22_x86_64-7.3.2-20220804-6354275  User: oesteban  Machine: dna020  Platform: Linux  PlatformVersion: 5.14.0-427.37.1.el9_4.x86_64  CompilerName: GCC  CompilerVersion: 8.4.0
ProgramName: mris_diff  ProgramArguments: mris_diff -all-info  ProgramVersion: 7.3.2  TimeStamp: 2026/03/11-16:11:32-GMT  BuildTime: Aug  4 2022 06:17:15  BuildStamp: freesurfer-linux-ubuntu22_x86_64-7.3.2-20220804-6354275  User: oesteban  Machine: dna020  Platform: Linux  PlatformVersion: 5.14.0-427.37.1.el9_4.x86_64  CompilerName: GCC  CompilerVersion: 8.4.0
ProgramName: mris_divide_parcellation  ProgramArguments: mris_divide_parcellation -all-info  ProgramVersion: 7.3.2  TimeStamp: 2026/03/11-16:11:32-GMT  BuildTime: Aug  4 2022 06:17:15  BuildStamp: freesurfer-linux-ubuntu22_x86_64-7.3.2-20220804-6354275  User: oesteban  Machine: dna020  Platform: Linux  PlatformVersion: 5.14.0-427.37.1.el9_4.x86_64  CompilerName: GCC  CompilerVersion: 8.4.0
ProgramName: mri_segment  ProgramArguments: mri_segment -all-info  ProgramVersion: 7.3.2  TimeStamp: 2026/03/11-16:11:32-GMT  BuildTime: Aug  4 2022 06:17:15  BuildStamp: freesurfer-linux-ubuntu22_x86_64-7.3.2-20220804-6354275  User: oesteban  Machine: dna020  Platform: Linux  PlatformVersion: 5.14.0-427.37.1.el9_4.x86_64  CompilerName: GCC  CompilerVersion: 8.4.0
ProgramName: mri_segstats  ProgramArguments: mri_segstats -all-info  ProgramVersion: 7.3.2  TimeStamp: 2026/03/11-16:11:32-GMT  BuildTime: Aug  4 2022 06:17:15  BuildStamp: freesurfer-linux-ubuntu22_x86_64-7.3.2-20220804-6354275  User: oesteban  Machine: dna020  Platform: Linux  PlatformVersion: 5.14.0-427.37.1.el9_4.x86_64  CompilerName: GCC  CompilerVersion: 8.4.0
ProgramName: mris_euler_number  ProgramArguments: mris_euler_number -all-info  ProgramVersion: 7.3.2  TimeStamp: 2026/03/11-16:11:32-GMT  BuildTime: Aug  4 2022 06:17:15  BuildStamp: freesurfer-linux-ubuntu22_x86_64-7.3.2-20220804-6354275  User: oesteban  Machine: dna020  Platform: Linux  PlatformVersion: 5.14.0-427.37.1.el9_4.x86_64  CompilerName: GCC  CompilerVersion: 8.4.0
ProgramName: mris_fix_topology  ProgramArguments: mris_fix_topology -all-info  ProgramVersion: 7.3.2  TimeStamp: 2026/03/11-16:11:32-GMT  BuildTime: Aug  4 2022 06:17:15  BuildStamp: freesurfer-linux-ubuntu22_x86_64-7.3.2-20220804-6354275  User: oesteban  Machine: dna020  Platform: Linux  PlatformVersion: 5.14.0-427.37.1.el9_4.x86_64  CompilerName: GCC  CompilerVersion: 8.4.0
ProgramName: mris_topo_fixer  ProgramArguments: mris_topo_fixer -all-info  ProgramVersion: 7.3.2  TimeStamp: 2026/03/11-16:11:32-GMT  BuildTime: Aug  4 2022 06:17:15  BuildStamp: freesurfer-linux-ubuntu22_x86_64-7.3.2-20220804-6354275  User: oesteban  Machine: dna020  Platform: Linux  PlatformVersion: 5.14.0-427.37.1.el9_4.x86_64  CompilerName: GCC  CompilerVersion: 8.4.0
ProgramName: mris_jacobian  ProgramArguments: mris_jacobian -all-info  ProgramVersion: 7.3.2  TimeStamp: 2026/03/11-16:11:32-GMT  BuildTime: Aug  4 2022 06:17:15  BuildStamp: freesurfer-linux-ubuntu22_x86_64-7.3.2-20220804-6354275  User: oesteban  Machine: dna020  Platform: Linux  PlatformVersion: 5.14.0-427.37.1.el9_4.x86_64  CompilerName: GCC  CompilerVersion: 8.4.0
ProgramName: mris_label2annot  ProgramArguments: mris_label2annot -all-info  ProgramVersion: 7.3.2  TimeStamp: 2026/03/11-16:11:32-GMT  BuildTime: Aug  4 2022 06:17:15  BuildStamp: freesurfer-linux-ubuntu22_x86_64-7.3.2-20220804-6354275  User: oesteban  Machine: dna020  Platform: Linux  PlatformVersion: 5.14.0-427.37.1.el9_4.x86_64  CompilerName: GCC  CompilerVersion: 8.4.0
ProgramName: mris_left_right_register  ProgramArguments: mris_left_right_register -all-info  ProgramVersion: 7.3.2  TimeStamp: 2026/03/11-16:11:32-GMT  BuildTime: Aug  4 2022 06:17:15  BuildStamp: freesurfer-linux-ubuntu22_x86_64-7.3.2-20220804-6354275  User: oesteban  Machine: dna020  Platform: Linux  PlatformVersion: 5.14.0-427.37.1.el9_4.x86_64  CompilerName: GCC  CompilerVersion: 8.4.0
ProgramName: mris_place_surface  ProgramArguments: mris_place_surface -all-info  ProgramVersion: 7.3.2  TimeStamp: 2026/03/11-16:11:32-GMT  BuildTime: Aug  4 2022 06:17:15  BuildStamp: freesurfer-linux-ubuntu22_x86_64-7.3.2-20220804-6354275  User: oesteban  Machine: dna020  Platform: Linux  PlatformVersion: 5.14.0-427.37.1.el9_4.x86_64  CompilerName: GCC  CompilerVersion: 8.4.0
ProgramName: mrisp_paint  ProgramArguments: mrisp_paint -all-info  ProgramVersion: 7.3.2  TimeStamp: 2026/03/11-16:11:32-GMT  BuildTime: Aug  4 2022 06:17:15  BuildStamp: freesurfer-linux-ubuntu22_x86_64-7.3.2-20220804-6354275  User: oesteban  Machine: dna020  Platform: Linux  PlatformVersion: 5.14.0-427.37.1.el9_4.x86_64  CompilerName: GCC  CompilerVersion: 8.4.0
ProgramName: mris_register  ProgramArguments: mris_register -all-info  ProgramVersion: 7.3.2  TimeStamp: 2026/03/11-16:11:32-GMT  BuildTime: Aug  4 2022 06:17:15  BuildStamp: freesurfer-linux-ubuntu22_x86_64-7.3.2-20220804-6354275  User: oesteban  Machine: dna020  Platform: Linux  PlatformVersion: 5.14.0-427.37.1.el9_4.x86_64  CompilerName: GCC  CompilerVersion: 8.4.0
ProgramName: mris_smooth  ProgramArguments: mris_smooth -all-info  ProgramVersion: 7.3.2  TimeStamp: 2026/03/11-16:11:32-GMT  BuildTime: Aug  4 2022 06:17:15  BuildStamp: freesurfer-linux-ubuntu22_x86_64-7.3.2-20220804-6354275  User: oesteban  Machine: dna020  Platform: Linux  PlatformVersion: 5.14.0-427.37.1.el9_4.x86_64  CompilerName: GCC  CompilerVersion: 8.4.0
ProgramName: mris_sphere  ProgramArguments: mris_sphere -all-info  ProgramVersion: 7.3.2  TimeStamp: 2026/03/11-16:11:32-GMT  BuildTime: Aug  4 2022 06:17:15  BuildStamp: freesurfer-linux-ubuntu22_x86_64-7.3.2-20220804-6354275  User: oesteban  Machine: dna020  Platform: Linux  PlatformVersion: 5.14.0-427.37.1.el9_4.x86_64  CompilerName: GCC  CompilerVersion: 8.4.0
ProgramName: mris_surface_stats  ProgramArguments: mris_surface_stats -all-info  ProgramVersion: 7.3.2  TimeStamp: 2026/03/11-16:11:32-GMT  BuildTime: Aug  4 2022 06:17:15  BuildStamp: freesurfer-linux-ubuntu22_x86_64-7.3.2-20220804-6354275  User: oesteban  Machine: dna020  Platform: Linux  PlatformVersion: 5.14.0-427.37.1.el9_4.x86_64  CompilerName: GCC  CompilerVersion: 8.4.0
ProgramName: mri_stats2seg  ProgramArguments: mri_stats2seg -all-info  ProgramVersion: 7.3.2  TimeStamp: 2026/03/11-16:11:32-GMT  BuildTime: Aug  4 2022 06:17:15  BuildStamp: freesurfer-linux-ubuntu22_x86_64-7.3.2-20220804-6354275  User: oesteban  Machine: dna020  Platform: Linux  PlatformVersion: 5.14.0-427.37.1.el9_4.x86_64  CompilerName: GCC  CompilerVersion: 8.4.0
ProgramName: mris_thickness  ProgramArguments: mris_thickness -all-info  ProgramVersion: 7.3.2  TimeStamp: 2026/03/11-16:11:32-GMT  BuildTime: Aug  4 2022 06:17:15  BuildStamp: freesurfer-linux-ubuntu22_x86_64-7.3.2-20220804-6354275  User: oesteban  Machine: dna020  Platform: Linux  PlatformVersion: 5.14.0-427.37.1.el9_4.x86_64  CompilerName: GCC  CompilerVersion: 8.4.0
ProgramName: mris_thickness_diff  ProgramArguments: mris_thickness_diff -all-info  ProgramVersion: 7.3.2  TimeStamp: 2026/03/11-16:11:32-GMT  BuildTime: Aug  4 2022 06:17:15  BuildStamp: freesurfer-linux-ubuntu22_x86_64-7.3.2-20220804-6354275  User: oesteban  Machine: dna020  Platform: Linux  PlatformVersion: 5.14.0-427.37.1.el9_4.x86_64  CompilerName: GCC  CompilerVersion: 8.4.0
ProgramName: mris_topo_fixer  ProgramArguments: mris_topo_fixer -all-info  ProgramVersion: 7.3.2  TimeStamp: 2026/03/11-16:11:32-GMT  BuildTime: Aug  4 2022 06:17:15  BuildStamp: freesurfer-linux-ubuntu22_x86_64-7.3.2-20220804-6354275  User: oesteban  Machine: dna020  Platform: Linux  PlatformVersion: 5.14.0-427.37.1.el9_4.x86_64  CompilerName: GCC  CompilerVersion: 8.4.0
ProgramName: mri_surf2surf  ProgramArguments: mri_surf2surf -all-info  ProgramVersion: 7.3.2  TimeStamp: 2026/03/11-16:11:32-GMT  BuildTime: Aug  4 2022 06:17:15  BuildStamp: freesurfer-linux-ubuntu22_x86_64-7.3.2-20220804-6354275  User: oesteban  Machine: dna020  Platform: Linux  PlatformVersion: 5.14.0-427.37.1.el9_4.x86_64  CompilerName: GCC  CompilerVersion: 8.4.0
ProgramName: mri_surf2vol  ProgramArguments: mri_surf2vol -all-info  ProgramVersion: 7.3.2  TimeStamp: 2026/03/11-16:11:32-GMT  BuildTime: Aug  4 2022 06:17:15  BuildStamp: freesurfer-linux-ubuntu22_x86_64-7.3.2-20220804-6354275  User: oesteban  Machine: dna020  Platform: Linux  PlatformVersion: 5.14.0-427.37.1.el9_4.x86_64  CompilerName: GCC  CompilerVersion: 8.4.0
ProgramName: mri_surfcluster  ProgramArguments: mri_surfcluster -all-info  ProgramVersion: 7.3.2  TimeStamp: 2026/03/11-16:11:32-GMT  BuildTime: Aug  4 2022 06:17:15  BuildStamp: freesurfer-linux-ubuntu22_x86_64-7.3.2-20220804-6354275  User: oesteban  Machine: dna020  Platform: Linux  PlatformVersion: 5.14.0-427.37.1.el9_4.x86_64  CompilerName: GCC  CompilerVersion: 8.4.0
ProgramName: mris_volmask  ProgramArguments: mris_volmask -all-info  ProgramVersion: 7.3.2  TimeStamp: 2026/03/11-16:11:32-GMT  BuildTime: Aug  4 2022 06:17:15  BuildStamp: freesurfer-linux-ubuntu22_x86_64-7.3.2-20220804-6354275  User: oesteban  Machine: dna020  Platform: Linux  PlatformVersion: 5.14.0-427.37.1.el9_4.x86_64  CompilerName: GCC  CompilerVersion: 8.4.0
ProgramName: mri_tessellate  ProgramArguments: mri_tessellate -all-info  ProgramVersion: 7.3.2  TimeStamp: 2026/03/11-16:11:32-GMT  BuildTime: Aug  4 2022 06:17:15  BuildStamp: freesurfer-linux-ubuntu22_x86_64-7.3.2-20220804-6354275  User: oesteban  Machine: dna020  Platform: Linux  PlatformVersion: 5.14.0-427.37.1.el9_4.x86_64  CompilerName: GCC  CompilerVersion: 8.4.0
ProgramName: mri_vol2surf  ProgramArguments: mri_vol2surf -all-info  ProgramVersion: 7.3.2  TimeStamp: 2026/03/11-16:11:32-GMT  BuildTime: Aug  4 2022 06:17:15  BuildStamp: freesurfer-linux-ubuntu22_x86_64-7.3.2-20220804-6354275  User: oesteban  Machine: dna020  Platform: Linux  PlatformVersion: 5.14.0-427.37.1.el9_4.x86_64  CompilerName: GCC  CompilerVersion: 8.4.0
ProgramName: mri_vol2vol  ProgramArguments: mri_vol2vol -all-info  ProgramVersion: 7.3.2  TimeStamp: 2026/03/11-16:11:32-GMT  BuildTime: Aug  4 2022 06:17:15  BuildStamp: freesurfer-linux-ubuntu22_x86_64-7.3.2-20220804-6354275  User: oesteban  Machine: dna020  Platform: Linux  PlatformVersion: 5.14.0-427.37.1.el9_4.x86_64  CompilerName: GCC  CompilerVersion: 8.4.0
ProgramName: mri_voldiff  ProgramArguments: mri_voldiff -all-info  ProgramVersion: 7.3.2  TimeStamp: 2026/03/11-16:11:32-GMT  BuildTime: Aug  4 2022 06:17:15  BuildStamp: freesurfer-linux-ubuntu22_x86_64-7.3.2-20220804-6354275  User: oesteban  Machine: dna020  Platform: Linux  PlatformVersion: 5.14.0-427.37.1.el9_4.x86_64  CompilerName: GCC  CompilerVersion: 8.4.0
ProgramName: mri_watershed  ProgramArguments: mri_watershed -all-info  ProgramVersion: 7.3.2  TimeStamp: 2026/03/11-16:11:32-GMT  BuildTime: Aug  4 2022 06:17:15  BuildStamp: freesurfer-linux-ubuntu22_x86_64-7.3.2-20220804-6354275  User: oesteban  Machine: dna020  Platform: Linux  PlatformVersion: 5.14.0-427.37.1.el9_4.x86_64  CompilerName: GCC  CompilerVersion: 8.4.0
ProgramName: tkregister2  ProgramArguments: tkregister2_cmdl -all-info  ProgramVersion: 7.3.2  TimeStamp: 2026/03/11-16:11:32-GMT  BuildTime: Aug  4 2022 06:17:15  BuildStamp: freesurfer-linux-ubuntu22_x86_64-7.3.2-20220804-6354275  User: oesteban  Machine: dna020  Platform: Linux  PlatformVersion: 5.14.0-427.37.1.el9_4.x86_64  CompilerName: GCC  CompilerVersion: 8.4.0
mri_motion_correct.fsl 7.3.2
mri_convert -all-info 
ProgramName: mri_convert  ProgramArguments: mri_convert -all-info  ProgramVersion: 7.3.2  TimeStamp: 2026/03/11-16:11:32-GMT  BuildTime: Aug  4 2022 06:17:15  BuildStamp: freesurfer-linux-ubuntu22_x86_64-7.3.2-20220804-6354275  User: oesteban  Machine: dna020  Platform: Linux  PlatformVersion: 5.14.0-427.37.1.el9_4.x86_64  CompilerName: GCC  CompilerVersion: 8.4.0
Program nu_correct, built from:
Package MNI N3, version 1.12.0, compiled by nicks@terrier (x86_64-unknown-linux-gnu) on 2015-06-19 at 01:25:34
#######################################
GCADIR /opt/freesurfer/average
GCA RB_all_2020-01-02.gca
GCASkull RB_all_withskull_2020_01_02.gca
AvgCurvTif folding.atlas.acfb40.noaparc.i12.2016-08-02.tif
GCSDIR /opt/freesurfer/average
GCS DKaparc.atlas.acfb40.noaparc.i12.2016-08-02.gcs
#######################################
#--------------------------------------------
#@# WhiteSurfs lh Wed Mar 11 17:11:32 CET 2026
cd /out/sourcedata/freesurfer/sub-v2s18x29518_ses-1/mri
mris_place_surface --adgws-in ../surf/autodet.gw.stats.lh.dat --seg aseg.presurf.mgz --threads 16 --wm wm.mgz --invol brain.finalsurfs.mgz --lh --i ../surf/lh.white.preaparc --o ../surf/lh.white --white --nsmooth 0 --rip-label ../label/lh.cortex.label --rip-bg --rip-surf ../surf/lh.white.preaparc --aparc ../label/lh.aparc.annot
   Update not needed
#--------------------------------------------
#@# WhiteSurfs rh Wed Mar 11 17:11:32 CET 2026
cd /out/sourcedata/freesurfer/sub-v2s18x29518_ses-1/mri
mris_place_surface --adgws-in ../surf/autodet.gw.stats.rh.dat --seg aseg.presurf.mgz --threads 16 --wm wm.mgz --invol brain.finalsurfs.mgz --rh --i ../surf/rh.white.preaparc --o ../surf/rh.white --white --nsmooth 0 --rip-label ../label/rh.cortex.label --rip-bg --rip-surf ../surf/rh.white.preaparc --aparc ../label/rh.aparc.annot
   Update not needed
#@# white curv lh Wed Mar 11 17:11:32 CET 2026
cd /out/sourcedata/freesurfer/sub-v2s18x29518_ses-1/mri
mris_place_surface --curv-map ../surf/lh.white 2 10 ../surf/lh.curv
   Update not needed
#@# white area lh Wed Mar 11 17:11:32 CET 2026
cd /out/sourcedata/freesurfer/sub-v2s18x29518_ses-1/mri
mris_place_surface --area-map ../surf/lh.white ../surf/lh.area
   Update not needed
#@# pial curv lh Wed Mar 11 17:11:32 CET 2026
cd /out/sourcedata/freesurfer/sub-v2s18x29518_ses-1/mri
mris_place_surface --curv-map ../surf/lh.pial 2 10 ../surf/lh.curv.pial
   Update not needed
#@# pial area lh Wed Mar 11 17:11:32 CET 2026
cd /out/sourcedata/freesurfer/sub-v2s18x29518_ses-1/mri
mris_place_surface --area-map ../surf/lh.pial ../surf/lh.area.pial
   Update not needed
#@# thickness lh Wed Mar 11 17:11:32 CET 2026
cd /out/sourcedata/freesurfer/sub-v2s18x29518_ses-1/mri
mris_place_surface --thickness ../surf/lh.white ../surf/lh.pial 20 5 ../surf/lh.thickness
   Update not needed
#@# area and vertex vol lh Wed Mar 11 17:11:32 CET 2026
cd /out/sourcedata/freesurfer/sub-v2s18x29518_ses-1/mri
mris_place_surface --thickness ../surf/lh.white ../surf/lh.pial 20 5 ../surf/lh.thickness
   Update not needed
#@# white curv rh Wed Mar 11 17:11:32 CET 2026
cd /out/sourcedata/freesurfer/sub-v2s18x29518_ses-1/mri
mris_place_surface --curv-map ../surf/rh.white 2 10 ../surf/rh.curv
   Update not needed
#@# white area rh Wed Mar 11 17:11:32 CET 2026
cd /out/sourcedata/freesurfer/sub-v2s18x29518_ses-1/mri
mris_place_surface --area-map ../surf/rh.white ../surf/rh.area
   Update not needed
#@# pial curv rh Wed Mar 11 17:11:32 CET 2026
cd /out/sourcedata/freesurfer/sub-v2s18x29518_ses-1/mri
mris_place_surface --curv-map ../surf/rh.pial 2 10 ../surf/rh.curv.pial
   Update not needed
#@# pial area rh Wed Mar 11 17:11:32 CET 2026
cd /out/sourcedata/freesurfer/sub-v2s18x29518_ses-1/mri
mris_place_surface --area-map ../surf/rh.pial ../surf/rh.area.pial
   Update not needed
#@# thickness rh Wed Mar 11 17:11:32 CET 2026
cd /out/sourcedata/freesurfer/sub-v2s18x29518_ses-1/mri
mris_place_surface --thickness ../surf/rh.white ../surf/rh.pial 20 5 ../surf/rh.thickness
   Update not needed
#@# area and vertex vol rh Wed Mar 11 17:11:32 CET 2026
cd /out/sourcedata/freesurfer/sub-v2s18x29518_ses-1/mri
mris_place_surface --thickness ../surf/rh.white ../surf/rh.pial 20 5 ../surf/rh.thickness
   Update not needed

#-----------------------------------------
#@# Curvature Stats lh Wed Mar 11 17:11:32 CET 2026
/out/sourcedata/freesurfer/sub-v2s18x29518_ses-1/surf

 mris_curvature_stats -m --writeCurvatureFiles -G -o ../stats/lh.curv.stats -F smoothwm sub-v2s18x29518_ses-1 lh curv sulc 

             Toggling save flag on curvature files                       [ ok ]
                 Outputting results using filestem   [ ../stats/lh.curv.stats ]
             Toggling save flag on curvature files                       [ ok ]
                                   Setting surface [ sub-v2s18x29518_ses-1/lh.smoothwm ]
                                Reading surface...                       [ ok ]
                                   Setting texture                     [ curv ]
                                Reading texture...                       [ ok ]
                                   Setting texture                     [ sulc ]
                                Reading texture...Gb_filter = 0
                       [ ok ]
      Calculating Discrete Principal Curvatures...
      Determining geometric order for vno faces... [####################] [ ok ]
                      Determining KH curvatures... [####################] [ ok ]
                    Determining k1k2 curvatures... [####################] [ ok ]
                                   deltaViolations                      [ 232 ]
Gb_filter = 0

#-----------------------------------------
#@# Curvature Stats rh Wed Mar 11 17:11:34 CET 2026
/out/sourcedata/freesurfer/sub-v2s18x29518_ses-1/surf

 mris_curvature_stats -m --writeCurvatureFiles -G -o ../stats/rh.curv.stats -F smoothwm sub-v2s18x29518_ses-1 rh curv sulc 

             Toggling save flag on curvature files                       [ ok ]
                 Outputting results using filestem   [ ../stats/rh.curv.stats ]
             Toggling save flag on curvature files                       [ ok ]
                                   Setting surface [ sub-v2s18x29518_ses-1/rh.smoothwm ]
                                Reading surface...                       [ ok ]
                                   Setting texture                     [ curv ]
                                Reading texture...                       [ ok ]
                                   Setting texture                     [ sulc ]
                                Reading texture...Gb_filter = 0
                       [ ok ]
      Calculating Discrete Principal Curvatures...
      Determining geometric order for vno faces... [####################] [ ok ]
                      Determining KH curvatures... [####################] [ ok ]
                    Determining k1k2 curvatures... [####################] [ ok ]
                                   deltaViolations                      [ 253 ]
Gb_filter = 0

WARN:    S lookup   min:                          -0.576593
WARN:    S explicit min:                          0.000000	vertex = 509
#-----------------------------------------
#@# Relabel Hypointensities Wed Mar 11 17:11:37 CET 2026
/out/sourcedata/freesurfer/sub-v2s18x29518_ses-1/mri

 mri_relabel_hypointensities aseg.presurf.mgz ../surf aseg.presurf.hypos.mgz 

reading input surface ../surf/lh.white...
relabeling lh hypointensities...
1032 voxels changed to hypointensity...
reading input surface ../surf/rh.white...
relabeling rh hypointensities...
2254 voxels changed to hypointensity...
3337 hypointense voxels neighboring cortex changed
#-----------------------------------------
#@# APas-to-ASeg Wed Mar 11 17:11:52 CET 2026
/out/sourcedata/freesurfer/sub-v2s18x29518_ses-1/mri

 mri_surf2volseg --o aseg.mgz --i aseg.presurf.hypos.mgz --fix-presurf-with-ribbon /out/sourcedata/freesurfer/sub-v2s18x29518_ses-1/mri/ribbon.mgz --threads 16 --lh-cortex-mask /out/sourcedata/freesurfer/sub-v2s18x29518_ses-1/label/lh.cortex.label --lh-white /out/sourcedata/freesurfer/sub-v2s18x29518_ses-1/surf/lh.white --lh-pial /out/sourcedata/freesurfer/sub-v2s18x29518_ses-1/surf/lh.pial --rh-cortex-mask /out/sourcedata/freesurfer/sub-v2s18x29518_ses-1/label/rh.cortex.label --rh-white /out/sourcedata/freesurfer/sub-v2s18x29518_ses-1/surf/rh.white --rh-pial /out/sourcedata/freesurfer/sub-v2s18x29518_ses-1/surf/rh.pial 

SUBJECTS_DIR /out/sourcedata/freesurfer
outvol aseg.mgz
16 avail.processors, using 16
Loading aseg.presurf.hypos.mgz
Loading /out/sourcedata/freesurfer/sub-v2s18x29518_ses-1/mri/ribbon.mgz
Loading /out/sourcedata/freesurfer/sub-v2s18x29518_ses-1/surf/lh.white
Loading /out/sourcedata/freesurfer/sub-v2s18x29518_ses-1/surf/lh.pial
Loading /out/sourcedata/freesurfer/sub-v2s18x29518_ses-1/label/lh.cortex.label
Loading /out/sourcedata/freesurfer/sub-v2s18x29518_ses-1/surf/rh.white
Loading /out/sourcedata/freesurfer/sub-v2s18x29518_ses-1/surf/rh.pial
Loading /out/sourcedata/freesurfer/sub-v2s18x29518_ses-1/label/rh.cortex.label
Done loading
  0 144  64 240 176 208 128  16  80  48 112 192 224 160  96  32  17  33 225 241   1 209  49  65 193  18 242  34   2 226  81 210 161  50 177  97  66 194 113 243   3  19 
 35 227 211  51 129 145 162 244   4  82 195 228 178  36  20 212  67  52  98 245   5  21  37 229 213  53 196 163 146 246   6  83  68  22 179 
 38 230 214  54 247 197   7  23  39 
 99 
231  55 215  69 248 164 147  84 130  24 198 114   8  40 232 180  56 216 249  70  25   9  57  41 233 199 
100 250 165 217 148  85  26  58 181  42 234  10 251  71 200 218  27  59 
252  43 235 201  11 101 166  86 219 
 72 149  28  44 182 115 220  60 253  29 236 202  12  45 102 167 221 131 254  30 150  87  46 183  61  73 222 255  31 203  47  13 103 237 223 168  62 184 151  88  74  14 204 238  63 104  15 205 185 169 116 152  75 206 239 
186  89 170 105 207 187 153  76 132 171  90 188 106 117  77 154 189 172  91 107 190  78 155 118 173 191  92  79 
108 156 174 119 
 93 109 157 175 133 120  94 158 110 121 159 
 95 111 122 134 123 135 124 136 125 126 137 127 138 139 
140 141 142 143 
nrelabeled = 121788
ndotcheck = 0
Starting Surf2VolSeg free
free done
#VMPC# mri_surf2volseg VmPeak  1955128
mri_surf2volseg done

 mri_brainvol_stats sub-v2s18x29518_ses-1 

ComputeBrainVolumeStats2 VoxelVol=1, KeepCSF=1
  #CBVS2 MaskVol              1474522.0
  #CBVS2 BrainSegVol          1226421.0
  #CBVS2 BrainSegVolNotVent   1197541.0
  #CBVS2 SupraTentVol         1098431.0
  #CBVS2 SupraTentVolNotVent  1069551.0
  #CBVS2 lhCtxGM               259112.6
  #CBVS2 rhCtxGM               255092.0
  #CBVS2 lhCerebralWM          251114.0
  #CBVS2 rhCerebralWM          248763.0
  #CBVS2 SubCortGMVol           56735.0
  #CBVS2 CerebellumVol         127990.0
  #CBVS2 CerebellumGMVol        98193.0
  #CBVS2 VentChorVol            24843.0
  #CBVS2 3rd4th5thCSF            4037.0
  #CBVS2 AllCSF                 28880.0
  #CBVS2 CCVol                   3570.0
#-----------------------------------------
#@# AParc-to-ASeg aparc Wed Mar 11 17:12:00 CET 2026
/out/sourcedata/freesurfer/sub-v2s18x29518_ses-1/mri

 mri_surf2volseg --o aparc+aseg.mgz --label-cortex --i aseg.mgz --threads 16 --lh-annot /out/sourcedata/freesurfer/sub-v2s18x29518_ses-1/label/lh.aparc.annot 1000 --lh-cortex-mask /out/sourcedata/freesurfer/sub-v2s18x29518_ses-1/label/lh.cortex.label --lh-white /out/sourcedata/freesurfer/sub-v2s18x29518_ses-1/surf/lh.white --lh-pial /out/sourcedata/freesurfer/sub-v2s18x29518_ses-1/surf/lh.pial --rh-annot /out/sourcedata/freesurfer/sub-v2s18x29518_ses-1/label/rh.aparc.annot 2000 --rh-cortex-mask /out/sourcedata/freesurfer/sub-v2s18x29518_ses-1/label/rh.cortex.label --rh-white /out/sourcedata/freesurfer/sub-v2s18x29518_ses-1/surf/rh.white --rh-pial /out/sourcedata/freesurfer/sub-v2s18x29518_ses-1/surf/rh.pial 

SUBJECTS_DIR /out/sourcedata/freesurfer
outvol aparc+aseg.mgz
16 avail.processors, using 16
Loading aseg.mgz
Loading /out/sourcedata/freesurfer/sub-v2s18x29518_ses-1/surf/lh.white
Loading /out/sourcedata/freesurfer/sub-v2s18x29518_ses-1/surf/lh.pial
Loading /out/sourcedata/freesurfer/sub-v2s18x29518_ses-1/label/lh.cortex.label
Ripping lh vertices labeled not in lh.cortex.label
  ripped 8548 vertices from lh hemi
Loading /out/sourcedata/freesurfer/sub-v2s18x29518_ses-1/label/lh.aparc.annot
Loading /out/sourcedata/freesurfer/sub-v2s18x29518_ses-1/surf/rh.white
Loading /out/sourcedata/freesurfer/sub-v2s18x29518_ses-1/surf/rh.pial
Loading /out/sourcedata/freesurfer/sub-v2s18x29518_ses-1/label/rh.cortex.label
Ripping rh vertices labeled not in rh.cortex.label
  ripped 8117 vertices from rh hemi
Loading /out/sourcedata/freesurfer/sub-v2s18x29518_ses-1/label/rh.aparc.annot
Done loading
144  96  80 176   0  48 160 208 112 224  64 128  16 240 192  32   1  33 209 241  17 225  49   2  34 210 242  18 226   3  50 211 243  35  19 
 65   4 227 212 244  36  20  51   5  37 213  21 245 228  52   6 214  38 246  22 229   7 215  39 
 53 247  23   8  40 230 216 248  24  54   9  41  25 249 217 231  10  55  42 250 218  26  11 232  43 251  66 219 
 27  56  12  44 233 252 220  28  13  57  45 253  29 221 234  14  46  58 254  30 222  15 235  47 255  31 223  59 
236  60 237  61 238  62 239 
 63  67  68 193  69 194 195  70 145 196 197  97 198 161  81 199 
200 201 202 113 203 204 205 206 207  71 177 146  72 129 162  98 114 147 178  82  73 148 163 149 115  74  99 
179 
130 164 150  83  75 180 116 131 151 165 100 132  76 152 181  84 117 166 101 133  77 153 182 167 118 154  85 183  78 134 102 119 
168 155 184  79 
135 103  86 185 169 156 120 186 157 136 104 170 121  87 187 158 188 171 105 159 
122 189 137  88 190 172 106 191 123 138 173 107  89 174 139 
124 108  90 175 109 140 125  91 110 141  92 111 126 142 143  93 127  94  95 
nrelabeled = 512913
ndotcheck = 30328
Starting Surf2VolSeg free
free done
#VMPC# mri_surf2volseg VmPeak  1939348
mri_surf2volseg done
#-----------------------------------------
#@# AParc-to-ASeg aparc.a2009s Wed Mar 11 17:12:36 CET 2026
/out/sourcedata/freesurfer/sub-v2s18x29518_ses-1/mri

 mri_surf2volseg --o aparc.a2009s+aseg.mgz --label-cortex --i aseg.mgz --threads 16 --lh-annot /out/sourcedata/freesurfer/sub-v2s18x29518_ses-1/label/lh.aparc.a2009s.annot 11100 --lh-cortex-mask /out/sourcedata/freesurfer/sub-v2s18x29518_ses-1/label/lh.cortex.label --lh-white /out/sourcedata/freesurfer/sub-v2s18x29518_ses-1/surf/lh.white --lh-pial /out/sourcedata/freesurfer/sub-v2s18x29518_ses-1/surf/lh.pial --rh-annot /out/sourcedata/freesurfer/sub-v2s18x29518_ses-1/label/rh.aparc.a2009s.annot 12100 --rh-cortex-mask /out/sourcedata/freesurfer/sub-v2s18x29518_ses-1/label/rh.cortex.label --rh-white /out/sourcedata/freesurfer/sub-v2s18x29518_ses-1/surf/rh.white --rh-pial /out/sourcedata/freesurfer/sub-v2s18x29518_ses-1/surf/rh.pial 

SUBJECTS_DIR /out/sourcedata/freesurfer
outvol aparc.a2009s+aseg.mgz
16 avail.processors, using 16
Loading aseg.mgz
Loading /out/sourcedata/freesurfer/sub-v2s18x29518_ses-1/surf/lh.white
Loading /out/sourcedata/freesurfer/sub-v2s18x29518_ses-1/surf/lh.pial
Loading /out/sourcedata/freesurfer/sub-v2s18x29518_ses-1/label/lh.cortex.label
Ripping lh vertices labeled not in lh.cortex.label
  ripped 8548 vertices from lh hemi
Loading /out/sourcedata/freesurfer/sub-v2s18x29518_ses-1/label/lh.aparc.a2009s.annot
Loading /out/sourcedata/freesurfer/sub-v2s18x29518_ses-1/surf/rh.white
Loading /out/sourcedata/freesurfer/sub-v2s18x29518_ses-1/surf/rh.pial
Loading /out/sourcedata/freesurfer/sub-v2s18x29518_ses-1/label/rh.cortex.label
Ripping rh vertices labeled not in rh.cortex.label
  ripped 8117 vertices from rh hemi
Loading /out/sourcedata/freesurfer/sub-v2s18x29518_ses-1/label/rh.aparc.a2009s.annot
Done loading
  0 224 176 208 240  16 112  32  80 144 128  48 160  96  64 192  17  33 225 209   1  34  49  18 241 210   2  35  19 
 50 242 211   3 226  36  20 212   4  51 243  37  21 213   5  38 244  52  22 227 214   6  39 
 23 245  53 215   7  40  65 228  24   8 216 246  41  54  25 229   9 217  42 247  26  55  10 230 218  43  27  11 248  56 219 
 44  28 231  12 249 220  45  57  29  13 232  46 250 221  58  30  14 233  47  66  15  31 251 222  59 
234 252 223  60 235 253  61 236 254  62 237 255 238  63 239 
 67  68 193  69 194  70 195 113  81 196 197  97 161 145 198 199 
 71 200 201 202 177 203 204 205 206 207 129  72 114  82 146  98 162  73 178 115 147  74 130  83  99 
163 116 148  75 179 
131 164 100  84 149 117  76 132 118 150 180  85 101 165  77 119 
133 151  78  86 102 166 181 120  79 
152  87 103 121 167 134 182 104 153 122  88 183 168 105 123 135 154  89 106 184 169 124  90 155 107 185 136  91 125 108 170 186 156 109  92 187 126 171 110 137  93 157 188 111  94 172 189 158 127  95 138 190 173 159 
191 174 139 
175 140 141 142 143 
nrelabeled = 512913
ndotcheck = 30328
Starting Surf2VolSeg free
free done
#VMPC# mri_surf2volseg VmPeak  1939444
mri_surf2volseg done
#-----------------------------------------
#@# AParc-to-ASeg aparc.DKTatlas Wed Mar 11 17:13:15 CET 2026
/out/sourcedata/freesurfer/sub-v2s18x29518_ses-1/mri

 mri_surf2volseg --o aparc.DKTatlas+aseg.mgz --label-cortex --i aseg.mgz --threads 16 --lh-annot /out/sourcedata/freesurfer/sub-v2s18x29518_ses-1/label/lh.aparc.DKTatlas.annot 1000 --lh-cortex-mask /out/sourcedata/freesurfer/sub-v2s18x29518_ses-1/label/lh.cortex.label --lh-white /out/sourcedata/freesurfer/sub-v2s18x29518_ses-1/surf/lh.white --lh-pial /out/sourcedata/freesurfer/sub-v2s18x29518_ses-1/surf/lh.pial --rh-annot /out/sourcedata/freesurfer/sub-v2s18x29518_ses-1/label/rh.aparc.DKTatlas.annot 2000 --rh-cortex-mask /out/sourcedata/freesurfer/sub-v2s18x29518_ses-1/label/rh.cortex.label --rh-white /out/sourcedata/freesurfer/sub-v2s18x29518_ses-1/surf/rh.white --rh-pial /out/sourcedata/freesurfer/sub-v2s18x29518_ses-1/surf/rh.pial 

SUBJECTS_DIR /out/sourcedata/freesurfer
outvol aparc.DKTatlas+aseg.mgz
16 avail.processors, using 16
Loading aseg.mgz
Loading /out/sourcedata/freesurfer/sub-v2s18x29518_ses-1/surf/lh.white
Loading /out/sourcedata/freesurfer/sub-v2s18x29518_ses-1/surf/lh.pial
Loading /out/sourcedata/freesurfer/sub-v2s18x29518_ses-1/label/lh.cortex.label
Ripping lh vertices labeled not in lh.cortex.label
  ripped 8548 vertices from lh hemi
Loading /out/sourcedata/freesurfer/sub-v2s18x29518_ses-1/label/lh.aparc.DKTatlas.annot
Loading /out/sourcedata/freesurfer/sub-v2s18x29518_ses-1/surf/rh.white
Loading /out/sourcedata/freesurfer/sub-v2s18x29518_ses-1/surf/rh.pial
Loading /out/sourcedata/freesurfer/sub-v2s18x29518_ses-1/label/rh.cortex.label
Ripping rh vertices labeled not in rh.cortex.label
  ripped 8117 vertices from rh hemi
Loading /out/sourcedata/freesurfer/sub-v2s18x29518_ses-1/label/rh.aparc.DKTatlas.annot
Done loading
 80   0 128 208  48 112 160 224 192 176  96  16  64 240 144  32 225 241  17   1  33 209 226  49  18   2 242 210  34 227  19 
  3 243 211  35 228   4  20  50  65 244 229 212  36   5  21 245 230 213  37  22   6  51 246 231 214  38  52  23   7 247 232 215  39 
 53   8  54 248 216  40   9  24  55 233 249 217  10  41  56 234  11 250 218  42  57  25  66  12 251  58  26 235 219 
 43  13  59 
 27 252 236 220  14  44  60  28 253  15 237 221  61  45  29 254 238  30 222  62  46 255 239 
 31 223  47  63  67  68 193  69 194 113 145  81 195 161 196  70 177 197 198 199 
200  97 201 202 203 204 205 206 207  71 129 146 114  72  82 162 178 147  98 115  73 148 163 130  83  74 179 
116 149  99 
164 131  75 150 117  84 180 132 151 100 165  76 118 181 133  85 152  77 166 101 119 
182 153  78  86 134 120 167 102  79 
154 183 121  87 135 155 103 168 184 122  88 156 185 104 136 169 123 157 186  89 105 158 187 170 106 137  90 124 188 159 
107 189 171  91 125 108 138 190 172 191  92 109 139 
173 126 110  93 111 174  94 140 175 127  95 141 142 143 
nrelabeled = 512913
ndotcheck = 30328
Starting Surf2VolSeg free
free done
#VMPC# mri_surf2volseg VmPeak  1939356
mri_surf2volseg done
#-----------------------------------------
#@# WMParc Wed Mar 11 17:13:52 CET 2026
/out/sourcedata/freesurfer/sub-v2s18x29518_ses-1/mri

 mri_surf2volseg --o wmparc.mgz --label-wm --i aparc+aseg.mgz --threads 16 --lh-annot /out/sourcedata/freesurfer/sub-v2s18x29518_ses-1/label/lh.aparc.annot 3000 --lh-cortex-mask /out/sourcedata/freesurfer/sub-v2s18x29518_ses-1/label/lh.cortex.label --lh-white /out/sourcedata/freesurfer/sub-v2s18x29518_ses-1/surf/lh.white --lh-pial /out/sourcedata/freesurfer/sub-v2s18x29518_ses-1/surf/lh.pial --rh-annot /out/sourcedata/freesurfer/sub-v2s18x29518_ses-1/label/rh.aparc.annot 4000 --rh-cortex-mask /out/sourcedata/freesurfer/sub-v2s18x29518_ses-1/label/rh.cortex.label --rh-white /out/sourcedata/freesurfer/sub-v2s18x29518_ses-1/surf/rh.white --rh-pial /out/sourcedata/freesurfer/sub-v2s18x29518_ses-1/surf/rh.pial 

SUBJECTS_DIR /out/sourcedata/freesurfer
outvol wmparc.mgz
16 avail.processors, using 16
Loading aparc+aseg.mgz
Loading /out/sourcedata/freesurfer/sub-v2s18x29518_ses-1/surf/lh.white
Loading /out/sourcedata/freesurfer/sub-v2s18x29518_ses-1/surf/lh.pial
Loading /out/sourcedata/freesurfer/sub-v2s18x29518_ses-1/label/lh.cortex.label
Ripping lh vertices labeled not in lh.cortex.label
  ripped 8548 vertices from lh hemi
Loading /out/sourcedata/freesurfer/sub-v2s18x29518_ses-1/label/lh.aparc.annot
Loading /out/sourcedata/freesurfer/sub-v2s18x29518_ses-1/surf/rh.white
Loading /out/sourcedata/freesurfer/sub-v2s18x29518_ses-1/surf/rh.pial
Loading /out/sourcedata/freesurfer/sub-v2s18x29518_ses-1/label/rh.cortex.label
Ripping rh vertices labeled not in rh.cortex.label
  ripped 8117 vertices from rh hemi
Loading /out/sourcedata/freesurfer/sub-v2s18x29518_ses-1/label/rh.aparc.annot
Done loading
224  32 192   0  96 112 160  64  80  16 176  48 208 128 144 240 209  33  49   1 225  65 241  17 210  50  34   2 226  18  66 242 211  51  35   3 227 243  19 
  4  52  36  67 212 193   5 228 244 213  20  53  37   6  68  21 245 229  38 214   7 246 194 215  54  22  39 
230   8  69 247  55  40 231  23   9 248 195 216  41  10 249 232  24  56 217  42 196  11 250  57  70 218 233 197  25  43  12 251  58 219 
234 198  26  44  13 252  59 
220 235 199 
 27  14  45 253  60 221 254  15 200 222  61 236  28  46 255 201 223  62 237  29  47  71 202  63 238  30 203  31 239 
204 205 206 207 129  72 177  81 161  73 130  97 178  74  82 145  75 131 132 113 179 
162 133  76  83  98 134  77  84 180 135  78 163  85 136 181 114 146  79 
 99 
182 137  86 183 164 138 184  87 115 185 186 139 
100  88 187 147 165 188 189 190 191  89 140 116 101 166  90 141 167 102  91 117 148 142 168  92 103 143 118 169  93 104 149 170 119 
 94 171 105 172 120  95 150 173 106 121 174 151 175 122 107 123 152 108 124 153 109 125 126 154 110 127 155 156 111 157 158 159 

nrelabeled = 496307
ndotcheck = 4260
Starting Surf2VolSeg free
free done
#VMPC# mri_surf2volseg VmPeak  1939348
mri_surf2volseg done

 mri_segstats --seed 1234 --seg mri/wmparc.mgz --sum stats/wmparc.stats --pv mri/norm.mgz --excludeid 0 --brainmask mri/brainmask.mgz --in mri/norm.mgz --in-intensity-name norm --in-intensity-units MR --subject sub-v2s18x29518_ses-1 --surf-wm-vol --ctab /opt/freesurfer/WMParcStatsLUT.txt --etiv 

setting seed for random number genererator to 1234

7.3.2
cwd 
cmdline mri_segstats --seed 1234 --seg mri/wmparc.mgz --sum stats/wmparc.stats --pv mri/norm.mgz --excludeid 0 --brainmask mri/brainmask.mgz --in mri/norm.mgz --in-intensity-name norm --in-intensity-units MR --subject sub-v2s18x29518_ses-1 --surf-wm-vol --ctab /opt/freesurfer/WMParcStatsLUT.txt --etiv 
sysname  Linux
hostname dna020
machine  x86_64
user     oesteban
whitesurfname  white
UseRobust  0
atlas_icv (eTIV) = 1600821 mm^3    (det: 1.216942 )
Loading mri/wmparc.mgz
Getting Brain Volume Statistics
Loading mri/norm.mgz
Loading mri/norm.mgz
Voxel Volume is 1 mm^3
Generating list of segmentation ids
Found 390 segmentations
Computing statistics for each segmentation

Reporting on  70 segmentations
Using PrintSegStat
mri_segstats done
#--------------------------------------------
#@# ASeg Stats Wed Mar 11 17:17:50 CET 2026
/out/sourcedata/freesurfer/sub-v2s18x29518_ses-1

 mri_segstats --seed 1234 --seg mri/aseg.mgz --sum stats/aseg.stats --pv mri/norm.mgz --empty --brainmask mri/brainmask.mgz --brain-vol-from-seg --excludeid 0 --excl-ctxgmwm --supratent --subcortgray --in mri/norm.mgz --in-intensity-name norm --in-intensity-units MR --etiv --surf-wm-vol --surf-ctx-vol --totalgray --euler --ctab /opt/freesurfer/ASegStatsLUT.txt --subject sub-v2s18x29518_ses-1 

setting seed for random number genererator to 1234

7.3.2
cwd 
cmdline mri_segstats --seed 1234 --seg mri/aseg.mgz --sum stats/aseg.stats --pv mri/norm.mgz --empty --brainmask mri/brainmask.mgz --brain-vol-from-seg --excludeid 0 --excl-ctxgmwm --supratent --subcortgray --in mri/norm.mgz --in-intensity-name norm --in-intensity-units MR --etiv --surf-wm-vol --surf-ctx-vol --totalgray --euler --ctab /opt/freesurfer/ASegStatsLUT.txt --subject sub-v2s18x29518_ses-1 
sysname  Linux
hostname dna020
machine  x86_64
user     oesteban
whitesurfname  white
UseRobust  0
atlas_icv (eTIV) = 1600821 mm^3    (det: 1.216942 )
Computing euler number
orig.nofix lheno =   -4, rheno = -8
orig.nofix lhholes =    3, rhholes = 5
Loading mri/aseg.mgz
Getting Brain Volume Statistics
Loading mri/norm.mgz
Loading mri/norm.mgz
Voxel Volume is 1 mm^3
Generating list of segmentation ids
Found  50 segmentations
Computing statistics for each segmentation

Reporting on  45 segmentations
Using PrintSegStat
mri_segstats done

Started at Wed Mar 11 17:11:31 CET 2026 
Ended   at Wed Mar 11 17:18:30 CET 2026
#@#%# recon-all-run-time-hours 0.116
recon-all -s sub-v2s18x29518_ses-1 finished without error at Wed Mar 11 17:18:30 CET 2026
