#!ascii label  , from subject sub-v2s18x29510_ses-1 vox2ras=TkReg
4073
139012  -9.458  -87.911  47.237 0.0000000000
10352  -8.740  -69.865  30.875 0.0000000000
23021  -26.843  -53.091  32.374 0.0000000000
3536  -17.253  -81.493  12.160 0.0000000000
132286  -12.994  -49.077  24.422 0.0000000000
17773  -6.391  -57.571  36.066 0.0000000000
5688  -8.403  -76.032  53.489 0.0000000000
130358  -6.171  -84.585  33.277 0.0000000000
126421  -6.930  -69.327  19.056 0.0000000000
29857  -20.440  -45.707  32.459 0.0000000000
24843  -21.111  -50.403  34.404 0.0000000000
27798  -25.160  -47.013  28.631 0.0000000000
29903  -17.290  -45.311  24.649 0.0000000000
13872  -4.893  -63.608  46.784 0.0000000000
120552  -8.082  -67.283  49.908 0.0000000000
10030  -8.584  -69.715  51.364 0.0000000000
9335  -4.081  -69.940  55.823 0.0000000000
3618  -11.412  -80.150  47.522 0.0000000000
2269  -7.254  -83.322  48.020 0.0000000000
1119  -7.218  -86.606  41.668 0.0000000000
133116  -4.162  -89.511  36.221 0.0000000000
1889  -10.531  -83.801  39.580 0.0000000000
109  -17.779  -90.703  37.545 0.0000000000
13421  -5.767  -64.669  32.205 0.0000000000
16233  -8.161  -60.602  28.200 0.0000000000
120616  -9.771  -66.554  27.230 0.0000000000
3960  -7.426  -80.542  15.137 0.0000000000
4364  -6.251  -79.544  19.185 0.0000000000
7404  -7.850  -74.677  18.617 0.0000000000
181  -16.162  -90.705  22.312 0.0000000000
2114  -15.094  -84.899  22.006 0.0000000000
1665  -19.469  -84.913  26.271 0.0000000000
28818  -25.007  -46.380  32.217 0.0000000000
3469  -13.742  -81.099  19.642 0.0000000000
707  -21.779  -87.776  16.624 0.0000000000
21225  -16.841  -53.602  33.226 0.0000000000
22990  -13.158  -51.138  36.002 0.0000000000
124545  -11.036  -59.001  34.706 0.0000000000
13927  -4.783  -63.694  40.624 0.0000000000
9312  -6.670  -70.095  57.651 0.0000000000
4495  -4.037  -78.899  56.205 0.0000000000
276  -8.206  -90.662  32.372 0.0000000000
130  -13.638  -90.807  29.922 0.0000000000
132943  -6.207  -52.593  27.976 0.0000000000
11112  -6.723  -68.496  23.954 0.0000000000
12378  -13.954  -66.535  19.518 0.0000000000
12306  -14.997  -66.453  25.048 0.0000000000
129827  -17.948  -48.995  31.566 0.0000000000
13789  -9.066  -63.585  50.969 0.0000000000
11998  -8.754  -65.880  53.635 0.0000000000
11396  -4.310  -66.656  52.614 0.0000000000
11355  -5.153  -67.637  56.093 0.0000000000
1424  -11.810  -85.538  50.821 0.0000000000
137981  -11.764  -82.517  50.805 0.0000000000
2279  -11.293  -83.454  46.644 0.0000000000
2770  -9.429  -82.236  43.287 0.0000000000
1094  -8.360  -86.888  44.574 0.0000000000
1129  -9.207  -86.792  40.353 0.0000000000
1101  -10.293  -86.633  43.436 0.0000000000
10273  -5.691  -68.422  34.063 0.0000000000
11624  -8.215  -67.992  33.497 0.0000000000
131502  -8.570  -65.505  29.735 0.0000000000
11676  -11.650  -67.850  30.468 0.0000000000
4417  -11.060  -79.650  14.403 0.0000000000
5528  -6.547  -76.616  14.610 0.0000000000
6120  -10.798  -77.091  18.966 0.0000000000
184  -19.939  -90.590  22.761 0.0000000000
973  -18.743  -87.259  23.902 0.0000000000
976  -22.847  -87.852  23.952 0.0000000000
25839  -23.836  -49.415  33.278 0.0000000000
28816  -23.356  -46.226  32.855 0.0000000000
25847  -25.967  -49.647  31.596 0.0000000000
25870  -26.456  -49.885  29.792 0.0000000000
3998  -13.016  -80.783  10.619 0.0000000000
119857  -12.060  -82.535  15.082 0.0000000000
3083  -15.333  -81.588  14.701 0.0000000000
2574  -17.916  -83.712  21.970 0.0000000000
1382  -18.238  -86.972  19.587 0.0000000000
1370  -22.039  -86.817  20.806 0.0000000000
29899  -13.710  -44.963  25.722 0.0000000000
32023  -15.234  -42.985  24.171 0.0000000000
28897  -14.643  -45.915  23.811 0.0000000000
18609  -11.510  -57.301  36.164 0.0000000000
20361  -8.849  -54.202  35.282 0.0000000000
17806  -6.774  -57.142  33.808 0.0000000000
15357  -7.507  -60.934  36.496 0.0000000000
12100  -7.429  -66.774  43.219 0.0000000000
13292  -4.422  -64.087  43.559 0.0000000000
11531  -3.916  -67.976  41.025 0.0000000000
9978  -10.301  -69.581  56.057 0.0000000000
7601  -8.210  -73.479  56.038 0.0000000000
6926  -6.167  -74.338  59.572 0.0000000000
5686  -5.959  -76.563  55.038 0.0000000000
1087  -4.684  -87.118  45.990 0.0000000000
1428  -5.460  -85.857  49.561 0.0000000000
1207  -4.418  -86.892  34.627 0.0000000000
478  -14.300  -88.660  39.148 0.0000000000
122733  -14.590  -88.031  35.577 0.0000000000
261  -11.654  -90.364  35.804 0.0000000000
856  -11.177  -87.009  33.989 0.0000000000
567  -12.303  -89.497  31.038 0.0000000000
119521  -13.357  -87.513  31.715 0.0000000000
589  -15.254  -89.240  28.632 0.0000000000
1628  -14.355  -84.907  30.076 0.0000000000
20382  -20.295  -55.587  35.029 0.0000000000
20480  -4.591  -54.456  30.161 0.0000000000
15441  -12.596  -61.827  28.754 0.0000000000
17928  -10.942  -57.975  27.782 0.0000000000
6682  -7.576  -75.504  20.739 0.0000000000
5425  -5.075  -77.116  22.138 0.0000000000
8593  -8.152  -72.671  23.115 0.0000000000
10421  -4.752  -69.322  24.116 0.0000000000
11761  -5.774  -67.308  21.529 0.0000000000
11756  -14.790  -67.854  22.294 0.0000000000
14805  -15.489  -62.672  22.217 0.0000000000
14779  -12.139  -62.829  23.338 0.0000000000
26801  -21.528  -48.231  33.701 0.0000000000
131888  -23.726  -51.873  33.204 0.0000000000
31976  -25.433  -43.669  30.495 0.0000000000
31985  -25.426  -43.264  28.544 0.0000000000
30951  -23.965  -44.238  26.746 0.0000000000
30964  -22.421  -44.078  25.429 0.0000000000
32027  -21.097  -43.524  24.291 0.0000000000
26854  -10.282  -47.116  26.807 0.0000000000
15196  -7.497  -62.240  48.456 0.0000000000
12662  -9.813  -65.344  47.295 0.0000000000
11467  -6.657  -67.511  46.968 0.0000000000
11420  -3.741  -67.139  50.262 0.0000000000
127874  -6.490  -69.760  53.338 0.0000000000
132732  -5.918  -74.158  54.098 0.0000000000
3568  -9.456  -79.878  53.177 0.0000000000
5100  -8.902  -77.719  49.856 0.0000000000
5106  -6.229  -78.003  49.516 0.0000000000
3633  -8.934  -80.201  46.300 0.0000000000
2294  -5.821  -83.321  44.222 0.0000000000
451  -6.101  -89.506  42.362 0.0000000000
118124  -5.971  -88.705  40.139 0.0000000000
133466  -7.038  -86.237  37.696 0.0000000000
2386  -8.828  -83.910  36.084 0.0000000000
133455  -17.721  -89.164  38.976 0.0000000000
138289  -20.417  -88.710  38.414 0.0000000000
126262  -4.209  -61.953  30.525 0.0000000000
125080  -5.802  -59.092  27.482 0.0000000000
14073  -6.132  -63.348  28.427 0.0000000000
14076  -8.843  -64.371  28.226 0.0000000000
14111  -11.116  -63.527  26.337 0.0000000000
3077  -4.217  -82.778  15.317 0.0000000000
3041  -3.136  -82.083  18.184 0.0000000000
4416  -5.124  -79.486  14.649 0.0000000000
6723  -4.925  -75.926  17.886 0.0000000000
9196  -6.241  -71.693  17.462 0.0000000000
629  -15.267  -87.731  24.220 0.0000000000
2098  -16.177  -84.019  25.045 0.0000000000
2973  -18.526  -81.881  24.844 0.0000000000
31971  -24.072  -43.702  31.616 0.0000000000
28828  -25.862  -46.304  30.585 0.0000000000
718  -13.345  -87.288  48.636 0.0000000000
436  -13.344  -88.621  46.080 0.0000000000
1450  -14.183  -86.341  46.430 0.0000000000
11673  -3.943  -66.644  30.623 0.0000000000
3066  -8.320  -82.846  16.528 0.0000000000
3912  -10.380  -80.548  18.977 0.0000000000
4924  -13.101  -78.677  17.646 0.0000000000
1023  -15.289  -87.636  19.151 0.0000000000
704  -17.983  -88.399  17.145 0.0000000000
120526  -19.575  -84.917  14.263 0.0000000000
1736  -22.571  -85.636  19.339 0.0000000000
2158  -18.611  -84.331  18.546 0.0000000000
3073  -18.087  -80.975  16.019 0.0000000000
3887  -16.366  -79.668  20.455 0.0000000000
24847  -18.018  -50.433  31.927 0.0000000000
24837  -16.121  -49.188  35.987 0.0000000000
22083  -15.690  -53.127  33.064 0.0000000000
19512  -14.675  -56.015  33.849 0.0000000000
22066  -13.868  -52.158  36.703 0.0000000000
20400  -10.761  -54.558  33.649 0.0000000000
16111  -9.279  -60.543  38.568 0.0000000000
16082  -5.777  -60.557  40.510 0.0000000000
16920  -3.448  -59.318  38.136 0.0000000000
125873  -8.405  -68.060  60.286 0.0000000000
11302  -5.121  -66.783  60.754 0.0000000000
8729  -3.883  -70.973  60.732 0.0000000000
6938  -4.377  -74.565  58.422 0.0000000000
5694  -3.387  -75.728  53.089 0.0000000000
3583  -5.673  -80.770  51.471 0.0000000000
3576  -4.358  -81.020  51.609 0.0000000000
1111  -13.027  -85.985  42.485 0.0000000000
1539  -12.269  -85.066  37.970 0.0000000000
1564  -10.081  -85.606  34.936 0.0000000000
251  -8.552  -90.729  36.126 0.0000000000
122122  -7.185  -87.220  33.040 0.0000000000
1259  -9.706  -86.261  30.528 0.0000000000
120993  -14.906  -90.745  25.655 0.0000000000
343  -16.994  -90.644  25.523 0.0000000000
143528  -19.224  -51.994  33.875 0.0000000000
124034  -22.225  -54.228  34.181 0.0000000000
24006  -8.878  -50.349  26.661 0.0000000000
127556  -7.476  -56.782  27.226 0.0000000000
133800  -10.053  -54.643  27.535 0.0000000000
11717  -3.643  -67.023  27.098 0.0000000000
9704  -7.589  -70.270  27.945 0.0000000000
11818  -8.864  -68.688  14.912 0.0000000000
11823  -13.601  -67.173  15.081 0.0000000000
12978  -9.509  -66.156  18.858 0.0000000000
132338  -10.451  -68.367  21.172 0.0000000000
9739  -11.612  -70.381  24.664 0.0000000000
9707  -11.976  -70.379  28.034 0.0000000000
12304  -11.809  -66.644  25.906 0.0000000000
14116  -7.451  -62.643  23.430 0.0000000000
27762  -18.064  -47.231  33.137 0.0000000000
26798  -17.730  -48.100  32.408 0.0000000000
11372  -7.606  -67.256  54.668 0.0000000000
1072  -11.054  -86.919  48.548 0.0000000000
1813  -11.234  -84.775  47.933 0.0000000000
1448  -9.976  -85.746  46.711 0.0000000000
1830  -9.564  -84.796  45.032 0.0000000000
136791  -8.533  -87.179  45.779 0.0000000000
753  -9.166  -87.370  44.132 0.0000000000
736  -9.372  -87.994  45.743 0.0000000000
10304  -6.819  -69.217  32.607 0.0000000000
10994  -7.253  -68.949  33.508 0.0000000000
10306  -8.411  -69.450  32.279 0.0000000000
11011  -9.851  -68.298  32.226 0.0000000000
126482  -10.195  -69.651  31.080 0.0000000000
4958  -11.863  -79.119  13.899 0.0000000000
4931  -10.539  -78.332  15.608 0.0000000000
5519  -11.469  -77.397  16.303 0.0000000000
131139  -24.657  -50.998  32.625 0.0000000000
25843  -24.561  -49.397  32.750 0.0000000000
24859  -26.364  -50.918  31.711 0.0000000000
24863  -26.904  -50.885  31.023 0.0000000000
2674  -14.239  -82.790  10.885 0.0000000000
4001  -14.943  -80.848  10.829 0.0000000000
3101  -14.132  -82.014  13.274 0.0000000000
3526  -16.420  -80.846  13.265 0.0000000000
2110  -20.348  -84.292  22.668 0.0000000000
1710  -19.971  -85.432  21.705 0.0000000000
1712  -22.340  -85.562  21.806 0.0000000000
27852  -12.394  -47.057  25.490 0.0000000000
29918  -13.576  -45.091  25.034 0.0000000000
26919  -13.711  -48.333  23.853 0.0000000000
26937  -14.728  -48.589  22.937 0.0000000000
25965  -13.355  -50.023  23.075 0.0000000000
17790  -9.071  -57.474  35.827 0.0000000000
18623  -8.302  -56.539  35.379 0.0000000000
18607  -5.988  -57.049  35.066 0.0000000000
136496  -6.341  -58.838  34.721 0.0000000000
16966  -4.749  -57.712  35.624 0.0000000000
10849  -6.514  -68.146  43.489 0.0000000000
12106  -5.182  -67.255  42.332 0.0000000000
5701  -10.264  -76.268  53.652 0.0000000000
7627  -10.373  -72.902  53.860 0.0000000000
6972  -8.532  -74.658  55.028 0.0000000000
6334  -7.385  -75.474  56.355 0.0000000000
5687  -7.414  -76.067  53.815 0.0000000000
193  -4.031  -89.097  45.106 0.0000000000
1588  -4.937  -84.832  33.545 0.0000000000
1234  -3.628  -86.724  32.278 0.0000000000
1610  -3.900  -85.976  31.655 0.0000000000
1612  -5.557  -85.230  31.123 0.0000000000
1156  -15.253  -86.766  38.664 0.0000000000
1196  -14.356  -86.603  35.343 0.0000000000
839  -12.377  -87.477  35.394 0.0000000000
1211  -11.791  -86.330  34.103 0.0000000000
879  -11.256  -87.473  32.720 0.0000000000
124015  -12.484  -86.022  32.114 0.0000000000
1261  -13.641  -85.958  30.910 0.0000000000
132622  -3.954  -59.705  32.047 0.0000000000
20443  -4.757  -55.209  31.426 0.0000000000
18715  -4.266  -56.900  30.505 0.0000000000
8642  -7.521  -71.576  19.954 0.0000000000
8016  -8.579  -73.249  21.822 0.0000000000
9157  -7.831  -70.785  20.962 0.0000000000
9776  -5.714  -69.344  21.688 0.0000000000
121525  -5.962  -67.365  20.186 0.0000000000
26799  -19.893  -48.917  33.092 0.0000000000
27771  -20.008  -47.358  32.670 0.0000000000
25837  -21.003  -49.004  33.955 0.0000000000
24850  -22.717  -50.159  34.051 0.0000000000
24844  -22.455  -50.990  34.205 0.0000000000
1057  -15.528  -87.267  15.373 0.0000000000
29875  -25.699  -45.386  29.300 0.0000000000
31986  -25.630  -43.902  29.126 0.0000000000
29879  -25.272  -45.217  28.542 0.0000000000
125824  -23.470  -45.688  27.003 0.0000000000
29892  -22.775  -45.368  26.336 0.0000000000
121475  -23.148  -44.405  26.085 0.0000000000
29891  -22.232  -45.037  25.790 0.0000000000
30963  -21.618  -44.617  25.296 0.0000000000
12635  -9.976  -65.560  50.239 0.0000000000
13217  -9.649  -64.579  48.715 0.0000000000
12049  -10.281  -66.640  48.085 0.0000000000
118292  -9.495  -67.203  45.989 0.0000000000
137437  -8.177  -67.476  48.419 0.0000000000
132548  -4.761  -67.454  47.947 0.0000000000
11434  -5.500  -66.705  49.584 0.0000000000
10732  -3.647  -68.107  54.488 0.0000000000
10749  -3.848  -68.013  52.445 0.0000000000
136630  -5.046  -69.806  54.527 0.0000000000
8793  -6.901  -72.034  54.219 0.0000000000
8778  -5.874  -71.671  55.678 0.0000000000
2679  -12.341  -82.081  55.072 0.0000000000
123500  -11.584  -81.080  49.297 0.0000000000
3580  -11.435  -80.761  52.018 0.0000000000
4053  -11.251  -79.623  49.470 0.0000000000
4537  -9.886  -79.106  51.276 0.0000000000
4062  -10.698  -78.897  48.381 0.0000000000
4570  -9.483  -78.537  48.012 0.0000000000
139315  -10.360  -79.776  46.306 0.0000000000
2317  -7.547  -83.564  42.425 0.0000000000
2768  -7.676  -82.340  42.823 0.0000000000
1856  -6.193  -84.288  42.159 0.0000000000
1474  -5.118  -85.748  42.811 0.0000000000
769  -6.382  -87.379  41.702 0.0000000000
215  -6.970  -89.884  40.933 0.0000000000
457  -7.869  -88.988  40.851 0.0000000000
1497  -9.554  -85.579  40.216 0.0000000000
1506  -7.748  -85.663  39.241 0.0000000000
1887  -8.739  -84.381  38.974 0.0000000000
1550  -8.124  -84.675  36.457 0.0000000000
1916  -9.262  -83.779  37.601 0.0000000000
1135  -20.237  -87.211  40.827 0.0000000000
12834  -5.817  -65.727  34.146 0.0000000000
13410  -4.306  -64.470  33.432 0.0000000000
14027  -4.111  -63.531  32.596 0.0000000000
13432  -4.861  -64.189  31.645 0.0000000000
14057  -5.065  -63.133  28.895 0.0000000000
128224  -6.667  -64.259  30.617 0.0000000000
12275  -9.470  -66.430  28.681 0.0000000000
120749  -8.087  -65.259  28.186 0.0000000000
13482  -9.006  -65.807  27.475 0.0000000000
13467  -10.739  -64.348  27.913 0.0000000000
13491  -10.447  -64.617  26.471 0.0000000000
3509  -5.721  -81.679  16.005 0.0000000000
3516  -4.422  -81.323  14.135 0.0000000000
3975  -6.095  -80.313  13.260 0.0000000000
6147  -5.417  -76.503  16.175 0.0000000000
125983  -5.511  -74.731  18.897 0.0000000000
8064  -6.573  -73.466  18.035 0.0000000000
179  -14.558  -91.062  22.026 0.0000000000
367  -13.898  -89.579  23.463 0.0000000000
640  -16.529  -89.014  22.913 0.0000000000
1318  -19.544  -86.165  25.233 0.0000000000
1694  -17.773  -85.931  24.860 0.0000000000
2091  -17.654  -84.451  25.825 0.0000000000
2971  -17.112  -82.447  24.694 0.0000000000
28817  -24.214  -46.331  32.630 0.0000000000
29859  -23.009  -45.497  32.580 0.0000000000
30926  -23.568  -44.871  32.292 0.0000000000
29861  -24.535  -45.031  32.026 0.0000000000
29866  -25.286  -44.877  31.372 0.0000000000
28822  -25.587  -46.483  31.482 0.0000000000
1084  -14.028  -86.627  47.565 0.0000000000
122966  -9.485  -82.755  13.862 0.0000000000
3057  -12.780  -82.118  17.185 0.0000000000
129836  -11.168  -82.140  17.373 0.0000000000
3467  -11.959  -80.772  19.517 0.0000000000
4373  -10.994  -79.624  18.942 0.0000000000
4353  -12.687  -79.656  20.273 0.0000000000
1366  -15.398  -86.257  20.017 0.0000000000
127495  -20.751  -88.741  17.823 0.0000000000
123621  -18.800  -88.893  18.291 0.0000000000
134320  -20.256  -88.310  16.869 0.0000000000
1060  -19.689  -86.906  15.226 0.0000000000
1406  -20.590  -86.638  15.701 0.0000000000
2598  -20.131  -83.431  19.501 0.0000000000
128293  -19.033  -81.902  19.473 0.0000000000
123723  -17.950  -82.591  17.718 0.0000000000
3484  -18.102  -80.822  18.490 0.0000000000
123231  -17.282  -80.198  17.720 0.0000000000
4358  -17.714  -79.468  20.727 0.0000000000
30982  -19.514  -44.438  24.400 0.0000000000
33041  -16.341  -42.157  23.189 0.0000000000
26790  -16.630  -48.103  36.657 0.0000000000
24829  -14.800  -49.417  37.068 0.0000000000
23893  -14.474  -50.677  35.812 0.0000000000
22996  -14.118  -51.491  35.373 0.0000000000
125350  -14.486  -54.628  32.703 0.0000000000
22094  -13.112  -53.898  33.596 0.0000000000
129196  -15.654  -53.976  36.579 0.0000000000
133014  -8.778  -56.004  33.716 0.0000000000
136284  -9.135  -53.844  34.457 0.0000000000
19509  -11.014  -56.222  34.099 0.0000000000
14541  -6.078  -62.655  45.427 0.0000000000
13917  -4.459  -63.470  41.946 0.0000000000
15279  -4.534  -61.848  42.433 0.0000000000
15294  -4.110  -61.397  40.970 0.0000000000
16094  -3.955  -60.026  39.823 0.0000000000
15327  -3.960  -61.453  39.058 0.0000000000
14605  -6.064  -62.005  38.973 0.0000000000
13943  -6.274  -63.105  39.978 0.0000000000
9976  -8.289  -69.553  56.273 0.0000000000
9962  -9.887  -68.934  57.951 0.0000000000
10677  -6.942  -68.400  58.597 0.0000000000
11289  -6.113  -67.307  61.273 0.0000000000
10676  -5.710  -68.558  59.454 0.0000000000
9930  -3.825  -68.927  60.486 0.0000000000
130062  -5.843  -71.441  60.410 0.0000000000
5653  -4.829  -76.535  58.491 0.0000000000
6911  -4.858  -75.037  60.119 0.0000000000
6319  -3.772  -76.226  57.426 0.0000000000
6956  -3.717  -75.146  56.372 0.0000000000
123080  -3.533  -77.501  55.526 0.0000000000
3602  -7.423  -80.546  48.466 0.0000000000
139124  -5.432  -78.618  50.535 0.0000000000
3153  -6.716  -81.585  50.028 0.0000000000
1432  -3.921  -85.434  49.128 0.0000000000
2694  -4.732  -82.592  50.646 0.0000000000
2715  -3.720  -82.299  49.315 0.0000000000
135828  -3.034  -89.567  35.676 0.0000000000
442  -14.958  -88.640  44.928 0.0000000000
1104  -13.203  -87.144  44.019 0.0000000000
138905  -12.532  -87.030  39.825 0.0000000000
1155  -11.613  -86.812  38.072 0.0000000000
1552  -11.302  -85.539  36.663 0.0000000000
139644  -10.635  -87.426  37.162 0.0000000000
94  -17.980  -90.303  38.595 0.0000000000
102  -15.750  -90.382  37.706 0.0000000000
131856  -15.834  -91.176  37.081 0.0000000000
270  -9.603  -89.560  34.710 0.0000000000
119  -9.750  -91.073  36.060 0.0000000000
257  -7.893  -90.559  34.569 0.0000000000
523  -7.623  -88.997  34.534 0.0000000000
544  -7.575  -89.302  32.536 0.0000000000
888  -8.351  -87.424  31.562 0.0000000000
889  -9.366  -88.060  31.251 0.0000000000
569  -13.084  -89.535  30.310 0.0000000000
914  -12.288  -87.851  29.280 0.0000000000
319  -12.520  -89.484  28.807 0.0000000000
118336  -13.005  -90.565  26.166 0.0000000000
29  -13.519  -91.049  28.308 0.0000000000
935  -15.790  -87.245  27.796 0.0000000000
605  -15.787  -89.450  26.954 0.0000000000
949  -16.784  -87.649  26.686 0.0000000000
620  -18.447  -88.590  25.327 0.0000000000
23913  -16.818  -51.492  31.466 0.0000000000
23914  -17.315  -51.198  31.394 0.0000000000
22085  -18.245  -53.001  33.901 0.0000000000
126070  -21.627  -54.967  34.369 0.0000000000
21227  -23.852  -54.272  33.674 0.0000000000
22137  -5.540  -51.826  30.183 0.0000000000
23062  -6.568  -50.440  28.710 0.0000000000
24005  -7.690  -49.793  27.401 0.0000000000
23070  -8.150  -51.663  27.172 0.0000000000
16256  -6.347  -59.864  27.501 0.0000000000
18764  -6.311  -57.598  26.678 0.0000000000
17927  -7.363  -58.305  27.321 0.0000000000
19646  -10.416  -56.511  27.455 0.0000000000
20519  -11.435  -55.416  25.783 0.0000000000
21315  -11.095  -54.171  25.694 0.0000000000
3908  -3.933  -80.392  17.899 0.0000000000
3459  -3.091  -80.826  20.021 0.0000000000
4350  -3.716  -79.620  20.617 0.0000000000
133391  -5.052  -67.442  23.828 0.0000000000
10408  -4.270  -68.555  25.434 0.0000000000
11093  -5.054  -67.510  26.052 0.0000000000
10394  -5.734  -68.205  27.478 0.0000000000
10403  -7.325  -69.971  26.207 0.0000000000
12418  -13.329  -66.645  17.567 0.0000000000
12416  -11.325  -66.321  17.328 0.0000000000
12376  -11.770  -66.298  19.001 0.0000000000
11777  -9.851  -67.085  20.040 0.0000000000
11779  -12.387  -66.863  20.509 0.0000000000
11734  -15.526  -67.294  24.263 0.0000000000
11128  -14.078  -69.218  23.270 0.0000000000
10426  -13.798  -69.818  24.889 0.0000000000
9717  -11.724  -70.548  26.080 0.0000000000
10404  -13.946  -69.419  26.616 0.0000000000
11713  -13.509  -68.089  27.609 0.0000000000
12305  -13.852  -66.748  25.846 0.0000000000
14777  -9.658  -62.920  22.770 0.0000000000
15526  -7.804  -60.655  22.882 0.0000000000
26808  -18.215  -48.256  32.041 0.0000000000
142596  -19.752  -49.914  33.361 0.0000000000
12624  -9.476  -65.043  51.854 0.0000000000
129323  -9.081  -66.677  51.588 0.0000000000
11410  -6.394  -66.611  51.253 0.0000000000
11385  -7.085  -67.145  53.029 0.0000000000
120470  -4.777  -67.449  55.087 0.0000000000
9986  -3.428  -68.892  55.989 0.0000000000
1792  -12.408  -84.670  52.376 0.0000000000
2228  -12.393  -83.638  53.236 0.0000000000
2239  -11.592  -84.339  50.787 0.0000000000
121272  -11.489  -83.173  48.006 0.0000000000
3198  -11.542  -81.420  46.600 0.0000000000
3655  -10.733  -80.653  45.274 0.0000000000
2748  -10.954  -82.821  44.964 0.0000000000
1839  -9.431  -84.095  43.941 0.0000000000
1477  -8.030  -86.110  42.822 0.0000000000
772  -8.657  -87.539  41.121 0.0000000000
763  -9.365  -87.039  42.250 0.0000000000
1122  -10.364  -86.099  41.885 0.0000000000
1868  -11.098  -84.572  41.095 0.0000000000
12212  -6.399  -66.939  34.791 0.0000000000
12836  -7.772  -66.128  33.028 0.0000000000
13434  -7.385  -64.694  31.257 0.0000000000
12846  -8.818  -65.962  31.993 0.0000000000
12269  -10.632  -66.551  30.329 0.0000000000
12284  -11.099  -66.663  28.739 0.0000000000
3962  -9.517  -80.303  15.231 0.0000000000
4442  -7.605  -79.150  12.890 0.0000000000
4941  -8.726  -78.384  14.275 0.0000000000
122112  -9.143  -77.775  17.145 0.0000000000
6710  -9.268  -75.795  19.333 0.0000000000
183  -17.878  -90.609  22.440 0.0000000000
654  -17.940  -89.408  22.446 0.0000000000
643  -19.415  -88.932  22.722 0.0000000000
133873  -20.526  -87.310  24.164 0.0000000000
1320  -21.459  -86.298  25.537 0.0000000000
27765  -22.335  -47.567  33.480 0.0000000000
28815  -22.422  -46.141  32.813 0.0000000000
27766  -23.640  -47.857  33.319 0.0000000000
27774  -24.363  -47.733  32.921 0.0000000000
131167  -25.468  -47.912  32.038 0.0000000000
27779  -25.754  -47.432  31.455 0.0000000000
25848  -26.590  -49.930  31.025 0.0000000000
3098  -10.680  -82.424  12.788 0.0000000000
3108  -12.577  -81.894  12.489 0.0000000000
3081  -13.708  -82.406  15.458 0.0000000000
3059  -14.513  -81.826  16.891 0.0000000000
2116  -16.453  -84.035  21.175 0.0000000000
1720  -16.441  -85.152  20.123 0.0000000000
1722  -18.271  -85.499  20.540 0.0000000000
1012  -20.179  -87.481  19.890 0.0000000000
675  -22.347  -88.544  18.672 0.0000000000
30959  -14.576  -44.067  25.170 0.0000000000
30979  -15.724  -43.478  24.403 0.0000000000
30977  -14.174  -44.179  25.301 0.0000000000
30994  -14.653  -43.661  24.541 0.0000000000
31016  -15.326  -43.658  23.548 0.0000000000
19476  -13.738  -56.165  36.500 0.0000000000
20348  -11.966  -54.953  36.185 0.0000000000
129860  -9.821  -55.149  35.668 0.0000000000
119080  -8.002  -55.382  34.214 0.0000000000
124231  -8.518  -58.034  33.727 0.0000000000
16169  -8.742  -59.833  34.559 0.0000000000
15358  -8.471  -61.367  36.298 0.0000000000
13287  -6.410  -65.005  44.869 0.0000000000
13266  -3.866  -63.462  46.023 0.0000000000
12711  -5.236  -65.287  43.340 0.0000000000
12720  -4.276  -66.156  42.067 0.0000000000
132042  -4.381  -66.344  40.883 0.0000000000
8782  -11.289  -71.454  54.744 0.0000000000
8781  -9.358  -71.018  54.851 0.0000000000
137819  -7.994  -72.284  56.735 0.0000000000
8204  -7.073  -72.559  58.923 0.0000000000
6940  -7.310  -74.416  57.580 0.0000000000
6333  -6.569  -75.996  57.112 0.0000000000
5058  -4.590  -78.711  55.723 0.0000000000
1820  -6.101  -84.813  46.863 0.0000000000
1808  -6.325  -84.781  49.200 0.0000000000
1077  -5.714  -86.684  48.490 0.0000000000
835  -4.559  -88.250  35.288 0.0000000000
268  -3.121  -89.779  33.767 0.0000000000
850  -3.754  -88.996  33.520 0.0000000000
467  -13.517  -90.358  41.026 0.0000000000
265  -16.496  -90.074  35.685 0.0000000000
132577  -14.989  -90.662  35.743 0.0000000000
130403  -13.410  -89.240  35.848 0.0000000000
510  -11.125  -88.326  35.027 0.0000000000
140792  -10.025  -88.516  33.534 0.0000000000
293  -9.543  -90.564  31.888 0.0000000000
133810  -10.869  -89.908  32.251 0.0000000000
285  -12.722  -90.378  32.061 0.0000000000
298  -14.111  -90.141  32.005 0.0000000000
135362  -14.753  -90.843  30.278 0.0000000000
570  -14.478  -88.187  30.841 0.0000000000
915  -14.539  -87.016  29.960 0.0000000000
1637  -15.125  -85.476  29.227 0.0000000000
21210  -18.283  -54.303  34.710 0.0000000000
21287  -4.955  -53.693  29.058 0.0000000000
16235  -10.335  -60.472  28.636 0.0000000000
142852  -9.868  -59.090  28.284 0.0000000000
141473  -11.549  -59.698  28.585 0.0000000000
4867  -7.482  -77.859  20.461 0.0000000000
4865  -5.841  -78.558  21.203 0.0000000000
5427  -7.610  -76.877  21.717 0.0000000000
6665  -7.415  -74.987  23.385 0.0000000000
123930  -5.576  -73.471  23.870 0.0000000000
8582  -4.703  -72.251  24.737 0.0000000000
9755  -6.359  -70.674  23.421 0.0000000000
10454  -4.692  -68.214  22.947 0.0000000000
11137  -6.091  -67.333  22.854 0.0000000000
12422  -17.141  -66.317  17.894 0.0000000000
12380  -15.895  -66.578  19.873 0.0000000000
12338  -13.976  -67.083  20.962 0.0000000000
12341  -16.474  -66.062  21.670 0.0000000000
12928  -16.484  -65.395  23.198 0.0000000000
13507  -15.269  -65.093  24.377 0.0000000000
13505  -13.230  -64.832  24.472 0.0000000000
14781  -14.119  -62.934  23.206 0.0000000000
29856  -19.685  -45.386  32.679 0.0000000000
126677  -19.829  -46.850  32.618 0.0000000000
27772  -20.868  -46.903  32.785 0.0000000000
26802  -22.547  -48.465  33.738 0.0000000000
24851  -23.496  -50.229  33.425 0.0000000000
23011  -25.398  -52.672  33.019 0.0000000000
2225  -17.852  -83.353  12.304 0.0000000000
141651  -24.920  -42.425  30.160 0.0000000000
32984  -25.113  -42.299  29.565 0.0000000000
32993  -25.224  -42.518  28.178 0.0000000000
30945  -24.648  -44.189  27.441 0.0000000000
32999  -24.777  -42.484  27.416 0.0000000000
32998  -24.189  -42.511  26.608 0.0000000000
33011  -23.622  -42.574  25.768 0.0000000000
32010  -21.849  -43.787  24.828 0.0000000000
30962  -19.945  -45.038  25.010 0.0000000000
29904  -18.219  -45.706  25.085 0.0000000000
130452  -14.125  -45.229  25.869 0.0000000000
27829  -12.075  -45.812  26.448 0.0000000000
26873  -11.523  -47.800  25.758 0.0000000000
16956  -10.376  -59.233  36.827 0.0000000000
13832  -6.543  -63.402  47.858 0.0000000000
13804  -7.749  -63.110  49.571 0.0000000000
13216  -8.266  -64.092  48.518 0.0000000000
13248  -6.791  -64.830  47.020 0.0000000000
12689  -9.511  -66.144  45.121 0.0000000000
11491  -8.184  -67.560  44.914 0.0000000000
11490  -5.450  -67.932  45.102 0.0000000000
11480  -4.030  -67.858  46.658 0.0000000000
10079  -3.685  -68.292  48.942 0.0000000000
10774  -6.141  -68.880  50.943 0.0000000000
12018  -3.983  -66.556  51.248 0.0000000000
10761  -4.246  -68.187  51.660 0.0000000000
121569  -7.436  -69.276  51.825 0.0000000000
8276  -8.036  -72.046  52.570 0.0000000000
7648  -6.644  -73.777  52.871 0.0000000000
7647  -4.186  -74.163  51.880 0.0000000000
3134  -11.649  -81.760  53.171 0.0000000000
141708  -9.975  -80.884  54.323 0.0000000000
5067  -8.942  -77.954  52.766 0.0000000000
5088  -7.839  -76.843  51.631 0.0000000000
5716  -6.890  -76.501  51.400 0.0000000000
5108  -8.099  -77.566  49.506 0.0000000000
4568  -7.925  -79.090  47.782 0.0000000000
3196  -7.937  -81.625  46.921 0.0000000000
3213  -9.356  -81.017  44.541 0.0000000000
133307  -7.646  -81.791  45.173 0.0000000000
2739  -6.791  -83.088  46.237 0.0000000000
1453  -5.327  -85.285  45.473 0.0000000000
122952  -4.579  -87.479  44.180 0.0000000000
79  -4.983  -90.098  43.230 0.0000000000
87  -5.486  -90.296  41.633 0.0000000000
119193  -4.847  -89.259  40.062 0.0000000000
809  -4.845  -88.976  38.240 0.0000000000
798  -8.115  -87.666  39.800 0.0000000000
1153  -6.187  -87.034  39.000 0.0000000000
139653  -5.686  -88.016  37.002 0.0000000000
1180  -6.557  -86.520  36.415 0.0000000000
1562  -6.659  -84.999  35.232 0.0000000000
1943  -7.860  -84.183  34.680 0.0000000000
128470  -17.131  -86.806  38.678 0.0000000000
1147  -18.601  -86.756  39.623 0.0000000000
132519  -18.820  -89.093  39.699 0.0000000000
96  -19.282  -90.076  39.060 0.0000000000
778  -22.015  -87.862  41.283 0.0000000000
239  -20.473  -89.491  39.427 0.0000000000
246  -19.129  -90.155  37.563 0.0000000000
515  -17.123  -88.855  35.862 0.0000000000
16203  -3.977  -60.136  30.821 0.0000000000
17043  -4.192  -58.442  30.340 0.0000000000
15435  -4.688  -61.430  28.538 0.0000000000
131682  -5.355  -61.749  27.972 0.0000000000
15437  -6.268  -61.672  28.007 0.0000000000
13456  -7.273  -64.675  28.802 0.0000000000
14075  -7.748  -63.964  28.273 0.0000000000
14720  -9.527  -62.274  28.753 0.0000000000
133217  -10.651  -62.270  28.859 0.0000000000
14736  -12.746  -63.053  27.887 0.0000000000
14762  -12.934  -62.600  26.096 0.0000000000
3075  -3.674  -82.613  15.338 0.0000000000
3958  -3.509  -80.827  15.532 0.0000000000
4389  -5.594  -79.727  17.571 0.0000000000
134396  -6.273  -77.834  13.575 0.0000000000
4930  -5.629  -78.366  15.700 0.0000000000
4907  -6.004  -78.614  17.743 0.0000000000
6692  -5.757  -75.417  19.465 0.0000000000
8050  -5.920  -72.966  19.494 0.0000000000
9817  -6.233  -70.748  17.743 0.0000000000
119045  -12.501  -88.963  23.752 0.0000000000
1333  -13.623  -87.356  24.021 0.0000000000
136372  -14.453  -86.105  23.969 0.0000000000
971  -17.014  -87.132  23.956 0.0000000000
1691  -15.384  -85.320  24.433 0.0000000000
2102  -15.222  -83.930  23.189 0.0000000000
2989  -16.243  -82.852  23.278 0.0000000000
2550  -18.749  -82.876  23.401 0.0000000000
2552  -20.158  -83.213  23.129 0.0000000000
977  -24.126  -87.834  23.811 0.0000000000
1321  -22.461  -86.352  25.495 0.0000000000
1667  -21.350  -85.023  26.562 0.0000000000
29858  -22.056  -45.424  32.428 0.0000000000
31972  -24.922  -43.399  31.054 0.0000000000
30936  -25.640  -44.786  30.620 0.0000000000
27787  -26.113  -47.908  30.621 0.0000000000
1067  -12.393  -86.449  50.031 0.0000000000
724  -11.002  -87.963  48.022 0.0000000000
435  -11.396  -88.388  46.350 0.0000000000
421  -13.778  -88.296  47.251 0.0000000000
731  -15.003  -88.060  46.480 0.0000000000
740  -15.531  -87.719  45.627 0.0000000000
11654  -4.826  -66.968  32.097 0.0000000000
11048  -6.438  -68.204  30.874 0.0000000000
2619  -6.313  -83.181  17.276 0.0000000000
3490  -7.669  -81.627  17.815 0.0000000000
3079  -10.253  -82.588  15.885 0.0000000000
3054  -9.704  -82.147  17.675 0.0000000000
3929  -8.622  -80.443  17.507 0.0000000000
120107  -10.474  -79.940  16.985 0.0000000000
131614  -12.232  -79.440  16.773 0.0000000000
1392  -16.950  -87.542  19.016 0.0000000000
684  -17.018  -88.586  18.217 0.0000000000
702  -16.023  -88.375  16.986 0.0000000000
1410  -17.548  -86.363  15.046 0.0000000000
1787  -19.406  -84.760  13.701 0.0000000000
2654  -18.118  -82.528  13.105 0.0000000000
1359  -24.213  -86.411  21.001 0.0000000000
1029  -23.953  -87.793  19.242 0.0000000000
1395  -22.665  -87.270  17.649 0.0000000000
1735  -20.631  -85.269  19.212 0.0000000000
1393  -20.726  -86.467  17.263 0.0000000000
2184  -18.197  -84.906  16.723 0.0000000000
2642  -17.950  -83.060  14.832 0.0000000000
3520  -17.522  -80.946  13.843 0.0000000000
120720  -17.190  -80.115  15.753 0.0000000000
142555  -15.850  -80.887  17.237 0.0000000000
3899  -14.677  -80.828  19.799 0.0000000000
129880  -14.015  -79.421  21.001 0.0000000000
25830  -18.071  -48.989  34.017 0.0000000000
24840  -17.500  -50.242  34.196 0.0000000000
123684  -16.666  -51.929  32.612 0.0000000000
23895  -16.426  -51.527  34.482 0.0000000000
22107  -16.216  -53.287  32.554 0.0000000000
20405  -15.767  -54.527  33.110 0.0000000000
19513  -15.506  -56.114  34.349 0.0000000000
22980  -12.950  -50.852  37.043 0.0000000000
123800  -11.292  -52.747  36.470 0.0000000000
22993  -11.106  -52.106  36.203 0.0000000000
22093  -11.884  -53.549  34.083 0.0000000000
20402  -13.198  -55.390  33.411 0.0000000000
16129  -11.637  -60.213  37.702 0.0000000000
16939  -8.193  -59.224  37.221 0.0000000000
14558  -5.445  -61.951  43.518 0.0000000000
15281  -7.116  -61.968  42.143 0.0000000000
16097  -7.735  -60.570  39.568 0.0000000000
16922  -6.204  -59.130  38.383 0.0000000000
17755  -4.272  -57.786  36.666 0.0000000000
16125  -4.963  -60.384  36.771 0.0000000000
11320  -4.841  -67.498  58.439 0.0000000000
10675  -3.186  -68.261  58.984 0.0000000000
9311  -3.536  -70.514  58.788 0.0000000000
8192  -5.501  -72.505  61.088 0.0000000000
8202  -4.817  -72.539  60.537 0.0000000000
122068  -5.320  -72.249  57.714 0.0000000000
6958  -5.259  -74.204  55.967 0.0000000000
120935  -3.761  -74.626  54.228 0.0000000000
142700  -3.534  -75.026  51.683 0.0000000000
5714  -5.480  -76.831  51.604 0.0000000000
5076  -4.792  -77.754  53.090 0.0000000000
4521  -4.342  -79.865  54.636 0.0000000000
2696  -6.193  -82.584  50.612 0.0000000000
3577  -4.922  -80.857  52.138 0.0000000000
123410  -4.080  -80.038  54.094 0.0000000000
129536  -3.468  -78.159  52.329 0.0000000000
5095  -3.367  -77.072  50.809 0.0000000000
1095  -11.730  -86.522  44.622 0.0000000000
140877  -12.022  -85.504  43.457 0.0000000000
2325  -12.067  -84.089  40.703 0.0000000000
1510  -12.786  -85.450  40.061 0.0000000000
2363  -11.661  -83.482  38.654 0.0000000000
143722  -11.260  -83.793  36.547 0.0000000000
1945  -9.880  -83.979  35.066 0.0000000000
140634  -8.446  -84.829  33.767 0.0000000000
485  -14.949  -88.555  38.178 0.0000000000
234  -13.927  -90.154  38.517 0.0000000000
13  -12.740  -91.118  36.396 0.0000000000
493  -10.127  -89.464  37.554 0.0000000000
827  -9.404  -88.439  36.318 0.0000000000
1209  -8.660  -85.974  33.940 0.0000000000
1225  -7.386  -85.879  32.999 0.0000000000
1614  -7.127  -85.679  31.478 0.0000000000
902  -11.004  -87.746  30.483 0.0000000000
54  -13.719  -91.332  23.542 0.0000000000
56  -16.263  -91.424  23.994 0.0000000000
141  -15.094  -90.485  27.866 0.0000000000
40  -16.230  -90.679  25.837 0.0000000000
49  -17.344  -91.290  24.486 0.0000000000
157  -18.567  -91.069  24.064 0.0000000000
25842  -17.523  -49.696  31.513 0.0000000000
24848  -18.709  -50.286  32.434 0.0000000000
23898  -20.715  -51.217  34.449 0.0000000000
125872  -19.991  -53.737  35.071 0.0000000000
130749  -20.653  -53.023  34.888 0.0000000000
23001  -21.952  -52.561  34.451 0.0000000000
22097  -23.101  -53.128  33.702 0.0000000000
22099  -24.886  -53.387  33.382 0.0000000000
124396  -9.310  -47.885  27.521 0.0000000000
25901  -9.233  -48.727  26.383 0.0000000000
24955  -11.455  -49.923  25.792 0.0000000000
18742  -5.040  -57.225  28.614 0.0000000000
19614  -6.163  -56.081  27.322 0.0000000000
21289  -6.649  -53.715  27.442 0.0000000000
18766  -8.672  -56.879  27.795 0.0000000000
20513  -8.788  -55.154  27.835 0.0000000000
130653  -8.946  -53.376  27.586 0.0000000000
23071  -9.704  -52.153  26.983 0.0000000000
139441  -11.518  -51.971  26.047 0.0000000000
24971  -12.467  -51.070  23.549 0.0000000000
9110  -4.408  -71.560  25.671 0.0000000000
124846  -4.108  -66.605  28.993 0.0000000000
11063  -5.822  -67.849  29.301 0.0000000000
9675  -7.884  -70.089  28.946 0.0000000000
9207  -7.293  -71.282  16.001 0.0000000000
10525  -7.167  -70.187  15.417 0.0000000000
11184  -7.190  -68.636  16.821 0.0000000000
12442  -11.329  -67.000  14.596 0.0000000000
12428  -9.127  -66.979  16.897 0.0000000000
11791  -6.697  -66.958  18.848 0.0000000000
12351  -7.039  -66.655  19.671 0.0000000000
11152  -8.490  -68.436  21.570 0.0000000000
10456  -8.988  -69.353  22.569 0.0000000000
11156  -13.017  -68.334  21.816 0.0000000000
10443  -10.620  -69.845  23.184 0.0000000000
9756  -9.267  -70.150  24.008 0.0000000000
132079  -9.030  -70.632  26.201 0.0000000000
120144  -9.978  -70.478  27.995 0.0000000000
9677  -9.669  -70.225  29.433 0.0000000000
10356  -12.071  -69.196  29.743 0.0000000000
137540  -12.198  -67.147  28.392 0.0000000000
12298  -10.201  -66.731  25.987 0.0000000000
13515  -11.408  -64.602  23.973 0.0000000000
12926  -9.238  -65.289  23.761 0.0000000000
12910  -8.757  -65.139  24.400 0.0000000000
137288  -18.456  -46.921  34.364 0.0000000000
26793  -18.094  -48.033  33.318 0.0000000000
1078  -10.126  -87.397  47.713 0.0000000000
1442  -10.756  -86.426  47.981 0.0000000000
722  -9.209  -87.570  47.092 0.0000000000
1447  -9.087  -86.632  46.474 0.0000000000
1089  -8.825  -87.592  46.466 0.0000000000
735  -8.787  -87.848  45.962 0.0000000000
425  -9.390  -88.177  46.486 0.0000000000
10330  -7.249  -69.202  31.499 0.0000000000
10305  -7.604  -69.409  32.412 0.0000000000
10331  -8.215  -69.613  31.624 0.0000000000
10307  -9.146  -69.365  32.143 0.0000000000
10353  -9.547  -69.863  31.005 0.0000000000
5542  -12.092  -78.672  13.788 0.0000000000
4944  -11.670  -78.777  14.001 0.0000000000
5530  -11.642  -77.889  14.669 0.0000000000
23909  -25.356  -51.693  32.596 0.0000000000
23915  -25.543  -50.922  32.260 0.0000000000
23916  -26.300  -51.682  32.213 0.0000000000
23917  -26.800  -51.825  31.621 0.0000000000
3120  -16.779  -81.947  11.269 0.0000000000
128937  -15.582  -81.343  10.883 0.0000000000
3543  -16.435  -81.212  11.755 0.0000000000
125472  -16.280  -81.023  12.338 0.0000000000
3535  -16.948  -81.107  12.458 0.0000000000
2563  -20.598  -83.804  22.778 0.0000000000
2120  -20.725  -84.912  22.383 0.0000000000
2121  -21.671  -84.932  22.265 0.0000000000
26896  -12.465  -48.136  25.224 0.0000000000
27853  -13.135  -47.222  24.839 0.0000000000
26897  -13.094  -48.269  24.600 0.0000000000
25946  -13.403  -49.304  23.623 0.0000000000
25964  -12.930  -50.098  23.691 0.0000000000
17774  -7.864  -57.890  36.081 0.0000000000
17789  -8.106  -57.239  35.639 0.0000000000
17787  -5.517  -57.345  34.972 0.0000000000
17772  -4.930  -57.383  35.794 0.0000000000
10871  -4.550  -69.194  42.114 0.0000000000
5700  -9.367  -76.462  53.331 0.0000000000
6359  -9.247  -75.281  53.942 0.0000000000
6973  -9.194  -74.656  54.306 0.0000000000
136687  -8.637  -75.580  53.967 0.0000000000
6357  -7.883  -75.674  54.528 0.0000000000
78  -3.828  -89.682  44.176 0.0000000000
195  -3.507  -89.263  44.845 0.0000000000
1972  -5.595  -84.612  33.383 0.0000000000
1598  -4.361  -85.093  32.189 0.0000000000
2007  -5.127  -84.676  31.967 0.0000000000
1611  -4.586  -85.422  31.275 0.0000000000
2008  -5.969  -84.917  32.038 0.0000000000
1902  -16.120  -84.908  38.774 0.0000000000
1566  -13.759  -85.838  35.162 0.0000000000
1213  -12.928  -86.003  35.028 0.0000000000
1579  -12.421  -85.632  34.246 0.0000000000
1601  -12.082  -85.916  32.739 0.0000000000
1590  -12.463  -85.169  33.328 0.0000000000
1616  -12.523  -85.285  32.489 0.0000000000
1974  -13.003  -84.315  33.549 0.0000000000
125917  -3.980  -58.989  31.995 0.0000000000
18688  -4.771  -57.304  31.525 0.0000000000
19562  -4.563  -56.544  31.495 0.0000000000
18698  -4.378  -57.210  31.324 0.0000000000
9800  -7.282  -70.044  19.604 0.0000000000
140251  -7.983  -71.320  20.622 0.0000000000
9782  -7.353  -70.083  20.454 0.0000000000
10470  -6.444  -69.225  20.691 0.0000000000
124422  -6.398  -68.189  19.602 0.0000000000
25831  -20.627  -49.718  34.038 0.0000000000
25832  -21.327  -49.717  34.283 0.0000000000
138131  -21.894  -50.267  34.357 0.0000000000
23899  -21.660  -51.100  34.454 0.0000000000
28834  -25.346  -46.218  28.782 0.0000000000
30942  -25.610  -44.654  28.980 0.0000000000
28851  -21.796  -46.556  26.636 0.0000000000
29881  -22.691  -46.115  26.701 0.0000000000
28852  -21.970  -45.850  26.251 0.0000000000
12042  -9.627  -66.748  50.072 0.0000000000
12043  -10.086  -66.330  49.591 0.0000000000
128896  -9.659  -67.232  48.805 0.0000000000
11451  -9.247  -67.433  48.319 0.0000000000
132621  -6.411  -67.141  49.141 0.0000000000
11435  -6.818  -67.005  49.780 0.0000000000
9988  -4.214  -69.556  55.057 0.0000000000
10001  -3.865  -68.863  54.417 0.0000000000
9336  -4.918  -70.302  55.325 0.0000000000
8792  -5.874  -70.844  54.940 0.0000000000
140884  -5.445  -70.908  55.519 0.0000000000
124465  -13.295  -82.454  54.476 0.0000000000
3170  -11.520  -80.669  48.365 0.0000000000
142156  -11.500  -80.328  49.671 0.0000000000
126371  -11.396  -79.923  48.205 0.0000000000
4052  -10.867  -78.917  49.174 0.0000000000
4074  -11.039  -79.467  47.679 0.0000000000
4073  -10.272  -78.966  47.604 0.0000000000
4089  -11.143  -79.830  46.906 0.0000000000
1857  -7.033  -84.454  42.142 0.0000000000
2316  -6.729  -83.657  42.348 0.0000000000
139125  -6.477  -84.940  41.947 0.0000000000
1484  -5.937  -85.832  41.795 0.0000000000
1118  -6.393  -86.464  41.696 0.0000000000
770  -7.240  -88.274  41.365 0.0000000000
126122  -7.049  -87.257  41.520 0.0000000000
1877  -9.916  -84.535  39.970 0.0000000000
1508  -9.093  -84.774  39.605 0.0000000000
1888  -9.648  -83.907  39.169 0.0000000000
1900  -9.212  -83.912  38.470 0.0000000000
2361  -10.073  -83.405  38.191 0.0000000000
142963  -5.923  -65.467  33.404 0.0000000000
136071  -4.829  -65.222  33.715 0.0000000000
13411  -5.262  -65.083  32.907 0.0000000000
13420  -4.642  -64.426  32.612 0.0000000000
129277  -5.703  -63.923  30.630 0.0000000000
13433  -6.297  -64.359  31.443 0.0000000000
12282  -9.336  -66.484  27.899 0.0000000000
12892  -8.760  -66.068  27.867 0.0000000000
12901  -9.476  -66.221  27.175 0.0000000000
138331  -10.077  -65.222  26.780 0.0000000000
13490  -9.556  -65.700  26.048 0.0000000000
3942  -6.433  -81.043  15.514 0.0000000000
132439  -5.539  -81.105  14.141 0.0000000000
120528  -6.535  -80.656  14.270 0.0000000000
6117  -7.889  -75.932  18.196 0.0000000000
6725  -6.581  -75.491  17.870 0.0000000000
6708  -7.242  -75.220  18.290 0.0000000000
7403  -6.748  -74.480  18.296 0.0000000000
8065  -7.450  -73.863  18.310 0.0000000000
74  -15.431  -90.966  22.326 0.0000000000
381  -15.136  -90.512  22.334 0.0000000000
136664  -16.446  -89.760  22.399 0.0000000000
128207  -19.057  -85.461  25.635 0.0000000000
2092  -18.553  -84.702  26.071 0.0000000000
2078  -18.106  -83.816  26.354 0.0000000000
2079  -18.991  -84.132  26.598 0.0000000000
29860  -23.899  -45.604  32.509 0.0000000000
132517  -24.604  -45.790  32.274 0.0000000000
29862  -25.190  -45.664  31.778 0.0000000000
3493  -13.181  -81.820  17.966 0.0000000000
3492  -12.195  -81.780  18.074 0.0000000000
3468  -12.839  -80.993  19.628 0.0000000000
3897  -12.485  -80.261  20.049 0.0000000000
3898  -13.193  -80.630  20.120 0.0000000000
1707  -14.782  -85.736  21.698 0.0000000000
1357  -14.374  -86.438  21.306 0.0000000000
1718  -15.086  -85.970  20.830 0.0000000000
695  -21.514  -88.372  17.122 0.0000000000
137578  -20.655  -88.506  17.204 0.0000000000
706  -21.135  -88.085  16.529 0.0000000000
1061  -20.832  -86.945  15.770 0.0000000000
1407  -21.309  -87.020  16.037 0.0000000000
3046  -18.467  -81.851  19.057 0.0000000000
3916  -18.019  -80.360  19.133 0.0000000000
133425  -18.471  -44.552  24.159 0.0000000000
23888  -13.609  -50.314  36.665 0.0000000000
134085  -13.693  -52.125  34.929 0.0000000000
22081  -13.618  -53.110  34.210 0.0000000000
22995  -12.912  -52.101  35.230 0.0000000000
18639  -9.207  -57.284  33.701 0.0000000000
18640  -10.194  -56.790  33.882 0.0000000000
17809  -10.593  -57.888  34.349 0.0000000000
131801  -11.639  -58.141  34.693 0.0000000000
130432  -6.892  -62.981  46.628 0.0000000000
118205  -7.193  -62.853  45.575 0.0000000000
14525  -5.766  -62.974  46.459 0.0000000000
13926  -4.567  -63.607  41.023 0.0000000000
14580  -4.283  -62.319  41.248 0.0000000000
14591  -4.412  -62.536  40.414 0.0000000000
14597  -3.976  -61.588  39.868 0.0000000000
14598  -4.379  -62.213  39.695 0.0000000000
14599  -5.544  -62.515  39.547 0.0000000000
13928  -5.715  -63.711  40.369 0.0000000000
9975  -7.531  -70.024  56.714 0.0000000000
10713  -8.309  -68.936  56.803 0.0000000000
9961  -7.120  -69.422  57.339 0.0000000000
10696  -6.583  -68.935  58.041 0.0000000000
9960  -6.364  -69.530  57.998 0.0000000000
9948  -5.636  -69.188  58.953 0.0000000000
9298  -5.578  -70.063  58.922 0.0000000000
5027  -4.769  -77.259  57.436 0.0000000000
5643  -4.467  -76.664  57.933 0.0000000000
5026  -4.071  -77.261  57.009 0.0000000000
5661  -3.516  -76.314  56.492 0.0000000000
5035  -3.960  -78.176  56.266 0.0000000000
142035  -7.538  -82.175  48.725 0.0000000000
3154  -7.272  -81.956  49.327 0.0000000000
2717  -7.227  -82.633  49.262 0.0000000000
250  -3.912  -89.695  36.746 0.0000000000
249  -3.570  -89.620  36.402 0.0000000000
256  -3.670  -89.593  35.835 0.0000000000
475  -11.698  -89.077  39.410 0.0000000000
800  -12.014  -88.155  39.598 0.0000000000
811  -11.533  -88.062  38.632 0.0000000000
821  -11.070  -87.672  37.734 0.0000000000
132980  -17.497  -90.653  38.063 0.0000000000
108  -16.679  -90.699  37.739 0.0000000000
17  -16.328  -91.111  36.777 0.0000000000
139193  -8.168  -90.502  33.490 0.0000000000
125323  -8.188  -90.580  34.868 0.0000000000
128  -7.899  -90.563  34.112 0.0000000000
127  -7.741  -90.434  33.752 0.0000000000
280  -7.875  -90.342  32.716 0.0000000000
555  -8.530  -89.282  31.584 0.0000000000
292  -8.780  -90.469  31.826 0.0000000000
311  -13.523  -90.314  30.496 0.0000000000
310  -13.035  -89.506  29.581 0.0000000000
136  -12.918  -91.061  29.156 0.0000000000
137402  -12.577  -91.112  28.358 0.0000000000
24  -13.808  -91.225  29.608 0.0000000000
1285  -16.149  -86.566  27.924 0.0000000000
132537  -15.792  -87.813  27.478 0.0000000000
936  -16.346  -87.256  27.289 0.0000000000
23005  -17.310  -52.819  32.790 0.0000000000
23019  -17.312  -52.031  31.895 0.0000000000
22153  -5.624  -51.877  29.221 0.0000000000
23050  -6.111  -51.176  29.438 0.0000000000
22154  -6.410  -51.620  28.214 0.0000000000
23069  -6.935  -50.908  27.832 0.0000000000
17064  -7.497  -59.862  27.711 0.0000000000
17088  -6.860  -59.012  27.315 0.0000000000
17089  -7.990  -59.107  27.743 0.0000000000
20530  -11.323  -54.852  25.481 0.0000000000
3894  -4.372  -80.350  18.803 0.0000000000
3893  -3.552  -80.451  19.430 0.0000000000
4363  -5.367  -80.010  19.450 0.0000000000
11111  -5.744  -67.785  24.162 0.0000000000
11731  -4.883  -67.577  24.774 0.0000000000
10422  -6.519  -68.775  24.789 0.0000000000
10409  -6.495  -69.067  25.648 0.0000000000
10410  -7.312  -69.652  25.307 0.0000000000
12400  -14.921  -66.788  18.695 0.0000000000
12399  -13.634  -66.600  18.576 0.0000000000
12398  -12.550  -66.464  18.356 0.0000000000
12377  -12.781  -66.442  19.416 0.0000000000
123252  -11.900  -66.444  19.614 0.0000000000
12356  -12.600  -66.535  20.121 0.0000000000
12307  -15.447  -66.668  24.608 0.0000000000
11113  -14.850  -68.564  24.464 0.0000000000
11103  -14.676  -68.565  25.107 0.0000000000
10411  -13.856  -69.795  25.795 0.0000000000
11727  -14.705  -67.792  25.545 0.0000000000
11726  -14.207  -67.434  26.089 0.0000000000
12914  -14.222  -66.289  25.341 0.0000000000
135530  -18.732  -48.687  32.103 0.0000000000
24849  -18.782  -49.313  32.095 0.0000000000
12615  -9.105  -65.231  52.661 0.0000000000
12022  -9.392  -66.051  51.996 0.0000000000
12021  -8.840  -66.607  52.409 0.0000000000
11399  -8.132  -66.997  52.742 0.0000000000
11386  -7.985  -67.101  53.772 0.0000000000
11356  -6.304  -67.527  55.833 0.0000000000
11371  -6.151  -67.415  54.755 0.0000000000
11354  -4.056  -67.652  55.381 0.0000000000
11339  -4.205  -67.761  56.364 0.0000000000
1422  -12.027  -85.340  51.364 0.0000000000
125008  -11.734  -84.508  51.581 0.0000000000
1805  -11.587  -85.018  50.240 0.0000000000
1823  -11.092  -84.375  46.958 0.0000000000
2259  -11.431  -84.136  48.484 0.0000000000
2729  -11.527  -82.276  47.371 0.0000000000
2741  -11.466  -82.442  46.389 0.0000000000
2749  -11.349  -82.161  45.379 0.0000000000
2288  -10.772  -83.562  45.433 0.0000000000
1462  -8.879  -85.302  44.546 0.0000000000
1838  -8.508  -85.111  43.720 0.0000000000
124890  -8.026  -85.296  42.972 0.0000000000
1467  -8.238  -86.224  43.801 0.0000000000
1109  -8.436  -86.714  42.384 0.0000000000
1100  -8.441  -86.723  43.632 0.0000000000
754  -9.718  -87.195  43.969 0.0000000000
764  -9.459  -87.086  43.164 0.0000000000
1478  -10.821  -85.754  42.882 0.0000000000
1486  -10.540  -85.374  41.362 0.0000000000
132473  -4.457  -67.986  34.795 0.0000000000
11623  -7.474  -68.349  33.869 0.0000000000
11612  -6.987  -67.696  34.445 0.0000000000
11613  -7.668  -67.465  33.943 0.0000000000
12213  -7.458  -66.556  33.746 0.0000000000
12227  -8.210  -66.990  33.417 0.0000000000
12239  -8.544  -66.463  32.674 0.0000000000
11635  -8.816  -67.394  32.934 0.0000000000
11033  -10.926  -68.501  31.270 0.0000000000
11637  -10.111  -67.414  32.000 0.0000000000
11675  -11.101  -67.196  30.772 0.0000000000
12277  -11.450  -66.964  29.904 0.0000000000
3963  -10.278  -80.089  14.806 0.0000000000
4430  -9.351  -79.387  13.846 0.0000000000
4431  -10.305  -79.403  14.106 0.0000000000
4922  -10.771  -77.950  16.734 0.0000000000
5505  -9.939  -78.129  16.693 0.0000000000
6119  -9.744  -76.442  19.321 0.0000000000
383  -18.911  -90.550  22.628 0.0000000000
655  -18.972  -89.705  22.387 0.0000000000
656  -19.961  -89.708  22.404 0.0000000000
993  -22.035  -88.320  23.270 0.0000000000
127880  -20.943  -88.026  23.510 0.0000000000
975  -21.536  -87.487  24.155 0.0000000000
1339  -21.005  -86.781  24.816 0.0000000000
1340  -22.068  -86.953  24.910 0.0000000000
126141  -22.994  -47.958  33.510 0.0000000000
136779  -23.096  -47.427  33.355 0.0000000000
25844  -25.296  -49.433  32.226 0.0000000000
26810  -24.935  -48.456  32.534 0.0000000000
136173  -24.966  -47.633  32.464 0.0000000000
26811  -25.612  -48.789  31.889 0.0000000000
26815  -26.067  -49.116  31.330 0.0000000000
3547  -13.573  -81.659  10.726 0.0000000000
3116  -12.699  -82.104  10.855 0.0000000000
3539  -12.213  -81.145  10.784 0.0000000000
3533  -11.608  -81.424  11.374 0.0000000000
3534  -12.871  -81.487  11.787 0.0000000000
3091  -14.803  -81.890  13.959 0.0000000000
129554  -14.024  -82.359  14.022 0.0000000000
122436  -14.381  -82.257  14.711 0.0000000000
3072  -14.233  -82.118  16.262 0.0000000000
3501  -15.162  -81.624  16.277 0.0000000000
2117  -17.285  -84.068  21.202 0.0000000000
2132  -17.749  -84.734  20.846 0.0000000000
1709  -18.808  -85.001  21.391 0.0000000000
1369  -21.240  -86.460  21.031 0.0000000000
1013  -20.589  -86.872  20.481 0.0000000000
125147  -21.492  -87.194  20.399 0.0000000000
130715  -21.055  -88.230  19.327 0.0000000000
1027  -21.970  -88.045  19.666 0.0000000000
30950  -14.115  -44.318  25.522 0.0000000000
137855  -13.932  -45.193  24.668 0.0000000000
29931  -14.136  -44.407  24.785 0.0000000000
29932  -14.954  -44.752  23.750 0.0000000000
29949  -15.950  -45.386  22.755 0.0000000000
28898  -15.593  -46.261  22.829 0.0000000000
133702  -12.200  -55.723  36.223 0.0000000000
19496  -10.853  -56.275  35.906 0.0000000000
19492  -6.913  -56.338  34.419 0.0000000000
19493  -7.656  -55.816  34.511 0.0000000000
18638  -7.278  -56.165  34.092 0.0000000000
135796  -7.900  -56.290  33.631 0.0000000000
130479  -7.474  -57.852  33.702 0.0000000000
16981  -8.052  -58.838  34.061 0.0000000000
16141  -6.690  -60.074  35.796 0.0000000000
16142  -7.922  -60.634  35.760 0.0000000000
14636  -8.977  -62.012  36.864 0.0000000000
15348  -8.130  -61.607  37.125 0.0000000000
12700  -7.532  -65.533  43.989 0.0000000000
12699  -6.422  -65.227  43.877 0.0000000000
12712  -6.990  -65.897  43.416 0.0000000000
123433  -4.273  -67.444  41.753 0.0000000000
12105  -4.233  -66.848  41.862 0.0000000000
12112  -4.204  -66.854  41.581 0.0000000000
12726  -4.203  -66.330  41.413 0.0000000000
135769  -4.074  -67.097  41.070 0.0000000000
8224  -11.662  -72.337  56.186 0.0000000000
127450  -11.432  -72.139  54.765 0.0000000000
139485  -9.143  -72.513  54.772 0.0000000000
8248  -9.866  -72.209  54.223 0.0000000000
8234  -9.224  -71.748  54.800 0.0000000000
8780  -8.715  -71.254  55.425 0.0000000000
140120  -8.484  -72.384  55.714 0.0000000000
8223  -7.927  -73.006  56.827 0.0000000000
7600  -7.765  -73.900  56.879 0.0000000000
5674  -6.438  -76.352  55.867 0.0000000000
5664  -6.801  -76.056  56.362 0.0000000000
5663  -5.916  -76.598  56.776 0.0000000000
139053  -5.245  -77.316  55.219 0.0000000000
1446  -5.592  -85.472  46.591 0.0000000000
1440  -5.977  -85.636  47.649 0.0000000000
1082  -5.249  -87.181  47.658 0.0000000000
851  -4.094  -88.649  34.343 0.0000000000
867  -4.058  -87.670  33.899 0.0000000000
134141  -3.973  -88.861  31.165 0.0000000000
877  -3.696  -88.607  32.026 0.0000000000
910  -5.995  -87.592  29.481 0.0000000000
802  -14.557  -87.565  39.149 0.0000000000
122333  -14.438  -88.561  39.969 0.0000000000
135656  -14.162  -89.703  40.200 0.0000000000
226  -12.830  -90.493  40.610 0.0000000000
477  -13.811  -90.117  39.864 0.0000000000
133302  -16.254  -89.342  35.496 0.0000000000
263  -14.513  -89.912  35.654 0.0000000000
129403  -14.289  -88.811  35.728 0.0000000000
838  -11.567  -87.552  34.924 0.0000000000
511  -11.966  -88.283  35.505 0.0000000000
526  -10.866  -87.718  34.326 0.0000000000
525  -10.236  -88.465  34.247 0.0000000000
855  -10.564  -87.872  33.427 0.0000000000
536  -9.814  -89.070  33.012 0.0000000000
869  -10.581  -88.131  32.878 0.0000000000
880  -12.056  -88.247  32.341 0.0000000000
891  -13.220  -88.851  32.226 0.0000000000
558  -13.424  -90.073  32.182 0.0000000000
142381  -13.911  -89.408  32.083 0.0000000000
559  -14.322  -89.228  31.591 0.0000000000
132035  -13.992  -88.199  31.613 0.0000000000
1627  -13.829  -84.937  30.694 0.0000000000
142656  -14.105  -86.622  30.606 0.0000000000
1262  -14.243  -85.812  30.172 0.0000000000
1272  -15.033  -86.449  29.048 0.0000000000
1636  -14.643  -85.304  29.682 0.0000000000
20380  -17.361  -55.695  34.955 0.0000000000
20461  -4.441  -55.419  31.040 0.0000000000
22152  -4.958  -52.446  29.802 0.0000000000
118709  -11.009  -61.272  28.978 0.0000000000
16236  -11.301  -60.423  28.810 0.0000000000
126893  -12.192  -60.277  28.789 0.0000000000
6094  -7.791  -76.459  20.900 0.0000000000
126762  -7.740  -77.113  20.982 0.0000000000
6677  -8.133  -75.898  21.495 0.0000000000
131385  -8.536  -73.163  22.633 0.0000000000
7320  -8.341  -74.401  23.066 0.0000000000
7319  -7.715  -73.943  23.542 0.0000000000
7318  -6.509  -74.156  23.714 0.0000000000
118457  -7.194  -72.466  23.830 0.0000000000
7984  -6.293  -72.692  24.157 0.0000000000
9129  -6.811  -71.550  23.787 0.0000000000
11150  -5.354  -67.629  21.552 0.0000000000
10455  -4.938  -68.776  22.363 0.0000000000
11136  -4.858  -67.803  22.297 0.0000000000
11744  -5.488  -67.225  22.958 0.0000000000
11753  -5.825  -67.237  22.222 0.0000000000
12981  -17.634  -65.214  18.739 0.0000000000
12402  -16.637  -66.469  18.585 0.0000000000
12382  -17.110  -65.803  20.157 0.0000000000
12360  -16.513  -66.249  20.314 0.0000000000
12957  -17.242  -65.289  20.679 0.0000000000
14819  -16.316  -63.013  21.848 0.0000000000
14153  -16.680  -63.819  22.254 0.0000000000
14132  -16.237  -63.925  23.132 0.0000000000
12927  -16.012  -65.110  23.828 0.0000000000
140645  -15.582  -63.615  23.280 0.0000000000
14131  -14.697  -63.687  23.644 0.0000000000
14804  -14.526  -62.493  22.490 0.0000000000
27763  -20.708  -47.683  33.167 0.0000000000
27764  -21.504  -47.428  33.337 0.0000000000
131209  -23.195  -50.951  33.666 0.0000000000
23908  -23.851  -51.092  33.067 0.0000000000
126396  -24.465  -51.822  32.841 0.0000000000
2218  -17.669  -84.095  12.585 0.0000000000
32976  -24.630  -42.632  30.653 0.0000000000
32977  -25.316  -42.964  30.222 0.0000000000
32985  -25.510  -43.074  29.372 0.0000000000
32994  -25.369  -42.581  28.849 0.0000000000
136837  -24.156  -46.336  27.807 0.0000000000
28840  -24.098  -45.743  27.549 0.0000000000
29882  -24.077  -45.013  27.197 0.0000000000
31991  -25.088  -43.327  27.738 0.0000000000
31990  -24.430  -43.353  27.005 0.0000000000
31997  -23.118  -43.391  25.558 0.0000000000
31998  -23.759  -43.421  26.277 0.0000000000
32011  -22.503  -43.315  25.031 0.0000000000
137161  -20.793  -44.904  25.176 0.0000000000
30961  -18.989  -45.228  24.894 0.0000000000
27802  -11.334  -46.160  27.113 0.0000000000
27827  -11.007  -46.642  26.495 0.0000000000
27851  -11.633  -46.939  25.901 0.0000000000
26872  -10.414  -47.656  26.202 0.0000000000
131463  -10.680  -58.517  36.400 0.0000000000
15209  -8.255  -61.694  48.009 0.0000000000
14491  -7.617  -62.399  47.789 0.0000000000
14490  -7.055  -62.804  48.120 0.0000000000
14459  -7.281  -62.051  51.319 0.0000000000
119944  -7.365  -61.761  50.819 0.0000000000
124363  -8.021  -62.776  50.507 0.0000000000
12651  -10.010  -65.102  48.000 0.0000000000
13231  -9.267  -64.641  47.857 0.0000000000
13230  -7.868  -64.479  47.695 0.0000000000
13249  -8.527  -65.014  46.653 0.0000000000
13270  -8.152  -65.216  45.933 0.0000000000
133480  -9.851  -65.958  45.915 0.0000000000
11468  -8.076  -67.512  46.871 0.0000000000
11492  -9.032  -67.328  45.344 0.0000000000
11481  -7.395  -67.577  46.037 0.0000000000
11500  -6.900  -67.882  44.428 0.0000000000
130461  -5.561  -67.618  46.153 0.0000000000
11489  -3.929  -68.024  45.798 0.0000000000
11433  -4.287  -66.809  49.483 0.0000000000
11448  -4.010  -67.442  48.533 0.0000000000
136004  -3.672  -67.738  49.442 0.0000000000
10061  -4.133  -68.678  49.423 0.0000000000
10787  -3.894  -68.106  50.083 0.0000000000
11397  -5.768  -66.644  52.243 0.0000000000
12008  -5.270  -66.384  51.453 0.0000000000
12007  -4.449  -66.477  51.789 0.0000000000
10010  -5.590  -69.261  53.340 0.0000000000
10018  -6.119  -69.049  52.738 0.0000000000
10751  -6.598  -68.938  52.085 0.0000000000
10019  -7.215  -69.513  52.467 0.0000000000
9367  -8.001  -70.261  52.468 0.0000000000
9358  -7.292  -70.276  53.049 0.0000000000
8247  -6.702  -72.718  54.427 0.0000000000
8264  -7.102  -72.558  53.751 0.0000000000
6988  -6.143  -74.120  53.348 0.0000000000
7008  -5.765  -74.210  52.614 0.0000000000
6987  -5.210  -74.258  53.368 0.0000000000
2689  -11.848  -82.594  51.718 0.0000000000
125342  -11.984  -82.753  53.329 0.0000000000
135525  -11.882  -82.124  52.505 0.0000000000
3574  -10.435  -80.200  52.387 0.0000000000
3569  -11.245  -80.936  52.929 0.0000000000
122171  -10.171  -80.596  53.501 0.0000000000
4542  -9.581  -78.365  50.514 0.0000000000
4536  -9.151  -78.617  51.732 0.0000000000
4529  -8.943  -78.354  52.422 0.0000000000
5079  -8.467  -77.460  52.237 0.0000000000
4535  -8.570  -77.744  51.688 0.0000000000
5089  -8.074  -77.161  50.851 0.0000000000
5099  -8.274  -77.403  50.201 0.0000000000
4086  -9.098  -79.551  46.802 0.0000000000
4569  -8.622  -78.720  47.787 0.0000000000
3617  -8.314  -80.193  47.126 0.0000000000
3181  -7.929  -81.213  47.507 0.0000000000
3182  -8.303  -80.859  46.751 0.0000000000
133161  -10.446  -81.812  44.026 0.0000000000
3654  -10.062  -80.795  44.705 0.0000000000
3223  -9.568  -81.334  44.040 0.0000000000
2304  -6.285  -82.873  43.464 0.0000000000
2756  -7.197  -82.049  44.333 0.0000000000
2295  -6.478  -82.645  44.371 0.0000000000
2747  -6.930  -82.498  45.319 0.0000000000
2287  -6.275  -83.244  45.255 0.0000000000
1829  -5.664  -84.132  45.096 0.0000000000
1460  -5.304  -84.734  44.560 0.0000000000
759  -4.839  -87.666  43.190 0.0000000000
1099  -4.798  -86.565  43.363 0.0000000000
750  -4.580  -88.777  44.129 0.0000000000
446  -5.440  -89.897  43.048 0.0000000000
136216  -5.383  -90.366  42.203 0.0000000000
202  -5.814  -90.046  42.567 0.0000000000
464  -7.486  -89.582  40.589 0.0000000000
214  -6.112  -89.816  40.850 0.0000000000
796  -5.146  -88.514  39.352 0.0000000000
784  -8.826  -87.571  40.702 0.0000000000
458  -8.241  -88.266  40.610 0.0000000000
799  -8.648  -87.536  40.184 0.0000000000
1521  -7.534  -85.584  38.331 0.0000000000
1154  -6.827  -86.284  38.932 0.0000000000
819  -5.971  -87.538  37.427 0.0000000000
126302  -6.606  -86.843  37.135 0.0000000000
118443  -6.111  -87.342  36.752 0.0000000000
1169  -7.126  -86.116  36.794 0.0000000000
1549  -7.487  -85.341  36.446 0.0000000000
1563  -7.485  -84.629  35.518 0.0000000000
1942  -7.049  -84.452  34.559 0.0000000000
123582  -8.314  -84.108  35.421 0.0000000000
123987  -18.415  -85.670  39.532 0.0000000000
1500  -19.058  -85.216  40.191 0.0000000000
790  -20.248  -88.418  40.639 0.0000000000
1148  -19.443  -87.617  40.228 0.0000000000
805  -19.566  -88.812  40.190 0.0000000000
228  -18.944  -89.776  39.418 0.0000000000
218  -19.895  -89.634  39.651 0.0000000000
815  -21.028  -88.245  38.855 0.0000000000
488  -20.271  -89.567  38.712 0.0000000000
247  -19.763  -89.944  38.163 0.0000000000
133497  -19.374  -89.503  37.539 0.0000000000
502  -18.607  -89.240  36.851 0.0000000000
495  -19.167  -88.571  37.328 0.0000000000
123734  -4.043  -62.713  32.243 0.0000000000
140059  -4.103  -62.051  31.687 0.0000000000
15403  -4.114  -61.037  31.723 0.0000000000
15414  -4.120  -60.998  30.769 0.0000000000
136588  -4.339  -60.977  29.697 0.0000000000
132594  -4.434  -61.802  29.391 0.0000000000
14072  -5.425  -62.932  28.338 0.0000000000
14716  -5.197  -62.371  28.126 0.0000000000
14717  -5.872  -62.712  28.195 0.0000000000
12874  -8.232  -65.180  30.586 0.0000000000
12873  -7.333  -64.615  30.000 0.0000000000
12881  -7.915  -65.183  29.291 0.0000000000
131522  -7.951  -64.857  28.157 0.0000000000
142759  -7.765  -63.094  28.422 0.0000000000
132741  -9.003  -63.302  28.612 0.0000000000
133523  -10.079  -62.985  28.726 0.0000000000
14104  -11.528  -63.964  27.266 0.0000000000
13468  -11.629  -63.897  27.932 0.0000000000
14105  -12.218  -63.460  27.678 0.0000000000
14751  -12.833  -62.991  27.023 0.0000000000
122734  -12.217  -62.721  26.235 0.0000000000
3064  -3.921  -83.579  15.687 0.0000000000
2630  -3.633  -84.040  15.993 0.0000000000
3076  -3.921  -82.624  15.132 0.0000000000
3973  -4.420  -80.768  13.914 0.0000000000
3515  -3.869  -81.306  14.474 0.0000000000
3959  -4.289  -79.851  15.301 0.0000000000
3940  -3.865  -80.110  16.282 0.0000000000
4403  -5.440  -79.311  15.648 0.0000000000
4954  -7.340  -77.876  13.349 0.0000000000
4968  -7.187  -78.529  12.887 0.0000000000
5540  -6.523  -77.022  13.886 0.0000000000
6131  -4.958  -76.326  17.061 0.0000000000
5515  -5.139  -76.814  16.034 0.0000000000
5493  -4.911  -76.986  17.101 0.0000000000
4921  -5.684  -78.501  16.699 0.0000000000
5494  -5.379  -77.340  18.051 0.0000000000
5479  -6.482  -77.632  19.108 0.0000000000
6116  -5.021  -76.319  18.413 0.0000000000
8062  -5.846  -73.065  18.707 0.0000000000
8049  -5.691  -73.500  19.334 0.0000000000
8654  -5.983  -72.241  18.379 0.0000000000
9178  -6.059  -71.848  18.740 0.0000000000
140851  -6.179  -71.310  17.624 0.0000000000
628  -14.376  -88.050  24.255 0.0000000000
627  -13.707  -88.210  24.190 0.0000000000
968  -14.505  -87.399  24.315 0.0000000000
124246  -14.274  -86.900  24.191 0.0000000000
969  -14.983  -86.815  24.457 0.0000000000
991  -18.328  -87.907  23.393 0.0000000000
990  -17.490  -87.891  23.445 0.0000000000
972  -17.863  -87.201  23.839 0.0000000000
133167  -16.433  -84.804  25.069 0.0000000000
1693  -16.978  -85.832  24.772 0.0000000000
123196  -15.804  -84.681  24.688 0.0000000000
121873  -15.259  -84.594  24.256 0.0000000000
2538  -15.643  -83.950  24.513 0.0000000000
2549  -15.649  -83.323  23.562 0.0000000000
2969  -16.056  -82.850  24.012 0.0000000000
127907  -17.825  -82.203  24.635 0.0000000000
2991  -17.385  -82.388  23.950 0.0000000000
2992  -18.498  -82.369  24.067 0.0000000000
2551  -19.490  -82.698  23.605 0.0000000000
2993  -19.414  -81.886  24.260 0.0000000000
1683  -21.865  -85.727  26.064 0.0000000000
30925  -22.633  -44.799  32.246 0.0000000000
30932  -23.150  -44.122  31.873 0.0000000000
32961  -24.031  -42.929  31.290 0.0000000000
126554  -25.643  -45.573  31.029 0.0000000000
29872  -25.852  -45.459  30.178 0.0000000000
28831  -25.832  -46.266  29.654 0.0000000000
26816  -26.293  -48.975  30.781 0.0000000000
26830  -25.555  -48.215  29.098 0.0000000000
1437  -13.534  -85.918  49.532 0.0000000000
1068  -13.180  -86.281  49.915 0.0000000000
712  -12.838  -86.948  49.450 0.0000000000
716  -11.565  -87.505  48.704 0.0000000000
717  -12.470  -87.528  48.845 0.0000000000
420  -12.509  -88.371  47.498 0.0000000000
414  -13.065  -87.940  48.099 0.0000000000
1085  -14.636  -87.486  46.850 0.0000000000
1091  -14.941  -87.096  46.022 0.0000000000
739  -15.261  -87.848  46.248 0.0000000000
11652  -3.292  -67.106  31.147 0.0000000000
11653  -4.006  -66.651  31.661 0.0000000000
123999  -5.721  -67.528  31.425 0.0000000000
11047  -5.563  -67.317  30.298 0.0000000000
2634  -7.450  -83.714  16.111 0.0000000000
3052  -6.910  -82.309  17.502 0.0000000000
135400  -11.503  -82.525  14.464 0.0000000000
120589  -10.548  -82.565  14.002 0.0000000000
3088  -11.056  -82.602  15.193 0.0000000000
3491  -11.291  -81.761  18.139 0.0000000000
3055  -10.497  -81.895  17.967 0.0000000000
3044  -9.756  -81.507  18.404 0.0000000000
3477  -9.248  -81.162  18.470 0.0000000000
3911  -9.659  -80.460  18.552 0.0000000000
132698  -9.236  -80.180  17.980 0.0000000000
4372  -10.322  -79.953  18.779 0.0000000000
4374  -11.758  -79.227  18.970 0.0000000000
4933  -13.038  -79.185  16.409 0.0000000000
668  -13.654  -88.340  19.695 0.0000000000
673  -13.992  -88.757  18.949 0.0000000000
1035  -14.849  -88.366  18.774 0.0000000000
1733  -17.764  -86.017  19.869 0.0000000000
1732  -16.867  -85.794  19.658 0.0000000000
1024  -17.810  -87.717  19.090 0.0000000000
693  -18.449  -88.820  17.808 0.0000000000
685  -17.886  -88.829  18.252 0.0000000000
692  -17.455  -88.746  17.787 0.0000000000
691  -16.538  -88.595  17.725 0.0000000000
703  -16.953  -88.368  17.148 0.0000000000
1049  -16.387  -87.730  16.395 0.0000000000
1059  -18.186  -86.923  15.657 0.0000000000
1418  -19.776  -85.535  14.393 0.0000000000
1417  -19.678  -85.610  14.200 0.0000000000
2202  -19.346  -84.630  13.708 0.0000000000
1790  -18.979  -84.246  13.355 0.0000000000
1386  -24.825  -86.942  19.413 0.0000000000
1385  -24.210  -86.775  19.035 0.0000000000
1396  -23.517  -87.466  18.408 0.0000000000
1384  -23.233  -86.727  18.581 0.0000000000
2143  -19.198  -84.122  19.136 0.0000000000
2145  -20.614  -84.306  19.460 0.0000000000
2144  -19.860  -84.642  19.266 0.0000000000
1745  -20.605  -85.974  18.383 0.0000000000
1744  -19.612  -85.784  18.006 0.0000000000
1755  -18.955  -85.573  17.091 0.0000000000
2170  -18.253  -84.629  17.729 0.0000000000
3060  -18.045  -81.201  16.960 0.0000000000
119392  -17.886  -82.480  16.594 0.0000000000
133183  -17.997  -81.846  15.534 0.0000000000
3084  -17.978  -81.590  14.712 0.0000000000
137433  -18.038  -80.954  15.352 0.0000000000
3511  -17.303  -80.370  14.787 0.0000000000
127446  -17.794  -80.399  15.632 0.0000000000
3914  -16.612  -80.215  18.426 0.0000000000
3947  -16.639  -80.351  16.976 0.0000000000
3913  -15.511  -80.779  18.705 0.0000000000
3900  -15.772  -80.354  19.612 0.0000000000
33934  -21.947  -42.009  23.918 0.0000000000
32024  -16.369  -43.309  23.921 0.0000000000
32025  -17.659  -43.824  23.616 0.0000000000
32042  -16.762  -42.973  23.504 0.0000000000
25829  -17.539  -49.381  35.052 0.0000000000
23896  -17.152  -51.194  33.352 0.0000000000
22997  -15.232  -52.165  34.574 0.0000000000
23894  -15.593  -51.500  34.962 0.0000000000
22998  -16.170  -52.421  33.912 0.0000000000
23004  -16.442  -52.668  32.491 0.0000000000
22106  -16.053  -53.260  32.557 0.0000000000
21224  -16.168  -53.957  32.824 0.0000000000
21223  -15.512  -53.842  32.592 0.0000000000
20403  -14.543  -55.233  32.999 0.0000000000
20378  -15.168  -55.394  33.409 0.0000000000
18645  -14.939  -57.024  34.565 0.0000000000
21191  -11.022  -53.905  36.123 0.0000000000
21192  -12.190  -54.119  36.327 0.0000000000
21219  -10.064  -53.893  34.162 0.0000000000
22078  -9.659  -53.517  34.832 0.0000000000
22092  -10.760  -53.428  34.497 0.0000000000
125694  -11.388  -52.765  35.061 0.0000000000
21220  -11.276  -53.995  33.716 0.0000000000
21221  -12.327  -54.182  33.573 0.0000000000
20401  -12.123  -54.883  33.470 0.0000000000
18643  -13.392  -57.463  34.640 0.0000000000
17812  -13.877  -58.115  35.081 0.0000000000
16127  -9.573  -60.249  37.844 0.0000000000
127281  -9.350  -59.577  37.159 0.0000000000
16126  -8.694  -60.027  37.855 0.0000000000
120743  -3.990  -63.561  44.852 0.0000000000
14523  -3.881  -62.582  45.248 0.0000000000
14539  -3.824  -62.409  44.582 0.0000000000
139794  -4.958  -61.468  41.974 0.0000000000
15296  -6.084  -61.463  41.950 0.0000000000
15315  -6.568  -61.178  41.039 0.0000000000
15316  -7.775  -61.286  40.852 0.0000000000
16083  -7.146  -60.885  40.281 0.0000000000
16909  -3.612  -59.650  39.057 0.0000000000
140832  -4.889  -59.411  39.266 0.0000000000
16911  -4.727  -58.854  38.601 0.0000000000
16937  -5.172  -58.297  37.668 0.0000000000
16935  -3.668  -58.527  37.364 0.0000000000
16952  -3.734  -58.403  36.522 0.0000000000
16124  -3.905  -60.240  37.262 0.0000000000
15338  -6.409  -61.478  38.126 0.0000000000
121868  -11.520  -70.585  56.697 0.0000000000
125967  -11.286  -69.926  57.504 0.0000000000
120064  -9.169  -68.457  59.582 0.0000000000
9949  -9.884  -68.804  59.081 0.0000000000
10657  -9.391  -68.306  60.723 0.0000000000
11288  -5.122  -67.139  61.079 0.0000000000
11301  -4.236  -67.457  60.155 0.0000000000
9946  -3.468  -69.506  60.266 0.0000000000
10651  -3.303  -68.392  59.911 0.0000000000
9310  -3.185  -69.723  59.340 0.0000000000
9322  -3.304  -69.743  57.746 0.0000000000
8752  -3.768  -71.109  60.032 0.0000000000
7578  -6.665  -73.367  59.329 0.0000000000
8203  -6.344  -72.520  60.346 0.0000000000
7577  -5.869  -73.400  60.685 0.0000000000
6925  -4.487  -74.714  59.443 0.0000000000
7576  -4.745  -73.792  59.719 0.0000000000
8212  -5.179  -72.824  58.817 0.0000000000
8222  -5.494  -72.887  57.411 0.0000000000
7599  -5.530  -73.548  56.688 0.0000000000
6950  -4.868  -74.316  57.083 0.0000000000
6356  -3.402  -75.382  54.855 0.0000000000
123883  -3.495  -74.923  54.310 0.0000000000
6372  -3.380  -75.304  53.889 0.0000000000
142366  -3.733  -74.535  52.889 0.0000000000
134975  -3.478  -75.324  52.329 0.0000000000
5723  -6.554  -76.784  50.623 0.0000000000
5707  -6.223  -76.420  52.127 0.0000000000
5096  -5.660  -77.138  50.711 0.0000000000
4042  -5.535  -79.666  50.939 0.0000000000
4540  -5.145  -78.056  50.898 0.0000000000
4534  -4.933  -78.989  52.178 0.0000000000
4528  -4.645  -79.551  53.816 0.0000000000
4038  -4.946  -80.226  52.796 0.0000000000
1429  -5.945  -85.566  49.472 0.0000000000
2248  -6.292  -83.792  50.006 0.0000000000
1799  -5.650  -84.276  50.143 0.0000000000
3141  -4.112  -81.597  50.916 0.0000000000
2687  -5.123  -81.920  51.232 0.0000000000
3572  -4.582  -80.386  52.537 0.0000000000
133210  -3.853  -80.007  52.174 0.0000000000
4527  -3.713  -79.345  53.286 0.0000000000
4532  -3.617  -79.188  52.219 0.0000000000
119593  -3.309  -78.808  49.700 0.0000000000
125845  -12.408  -88.512  46.379 0.0000000000
737  -11.259  -87.968  45.810 0.0000000000
738  -12.553  -88.381  45.830 0.0000000000
1112  -13.312  -87.068  43.326 0.0000000000
1103  -12.722  -86.114  43.507 0.0000000000
1488  -12.541  -84.987  41.957 0.0000000000
1870  -12.137  -84.430  41.381 0.0000000000
131917  -12.592  -84.789  41.222 0.0000000000
1523  -12.485  -85.478  38.729 0.0000000000
1509  -12.653  -84.980  39.318 0.0000000000
137258  -12.464  -84.293  39.280 0.0000000000
1901  -12.400  -84.409  38.544 0.0000000000
2375  -11.547  -83.666  37.277 0.0000000000
140092  -11.823  -84.227  37.198 0.0000000000
120490  -10.749  -85.628  35.999 0.0000000000
1551  -11.008  -84.676  35.864 0.0000000000
1578  -9.869  -84.778  34.691 0.0000000000
1210  -9.477  -85.700  34.462 0.0000000000
1157  -16.073  -86.635  38.383 0.0000000000
486  -16.197  -88.671  38.257 0.0000000000
245  -14.560  -90.551  37.681 0.0000000000
235  -14.700  -89.655  38.080 0.0000000000
101  -13.685  -90.628  38.147 0.0000000000
122  -13.287  -90.947  36.011 0.0000000000
20  -13.881  -91.124  36.161 0.0000000000
121  -12.149  -90.890  36.131 0.0000000000
113  -8.908  -90.906  36.338 0.0000000000
11  -10.115  -90.972  36.644 0.0000000000
243  -9.329  -90.669  36.868 0.0000000000
500  -9.659  -89.035  37.023 0.0000000000
499  -8.809  -89.867  36.592 0.0000000000
143679  -7.389  -87.703  33.539 0.0000000000
853  -7.961  -87.565  34.187 0.0000000000
1226  -7.760  -86.705  33.513 0.0000000000
1600  -6.969  -85.673  32.395 0.0000000000
137644  -7.268  -86.565  32.422 0.0000000000
1246  -9.140  -86.480  31.110 0.0000000000
1258  -8.935  -85.974  30.806 0.0000000000
1626  -9.363  -85.951  30.303 0.0000000000
557  -10.305  -89.937  31.678 0.0000000000
890  -10.244  -88.945  31.022 0.0000000000
566  -11.228  -89.250  31.039 0.0000000000
133192  -12.167  -87.727  28.659 0.0000000000
37  -13.941  -90.523  26.750 0.0000000000
127440  -14.634  -91.090  24.465 0.0000000000
55  -14.979  -91.356  23.333 0.0000000000
46  -15.627  -91.175  24.775 0.0000000000
137  -14.964  -90.728  28.677 0.0000000000
335  -16.210  -90.349  26.193 0.0000000000
150  -16.780  -90.846  25.502 0.0000000000
48  -16.953  -91.031  25.275 0.0000000000
151  -17.409  -90.990  25.069 0.0000000000
57  -18.105  -91.241  24.128 0.0000000000
152  -18.096  -90.799  24.609 0.0000000000
346  -19.399  -89.666  24.509 0.0000000000
25835  -17.210  -49.057  31.872 0.0000000000
139044  -18.215  -50.993  32.219 0.0000000000
23906  -19.088  -51.287  33.326 0.0000000000
24841  -19.818  -50.835  33.807 0.0000000000
23897  -19.874  -51.694  34.253 0.0000000000
124265  -19.760  -54.813  35.194 0.0000000000
138026  -19.108  -54.131  34.971 0.0000000000
126017  -21.408  -54.210  34.609 0.0000000000
22087  -21.556  -53.364  34.600 0.0000000000
135689  -21.262  -52.592  34.709 0.0000000000
22088  -22.466  -53.280  34.143 0.0000000000
23008  -22.722  -52.509  33.981 0.0000000000
21226  -23.066  -53.863  33.706 0.0000000000
138899  -24.545  -53.969  33.630 0.0000000000
21228  -25.467  -54.163  33.807 0.0000000000
25876  -9.504  -48.527  28.063 0.0000000000
25875  -8.662  -48.629  27.575 0.0000000000
24928  -8.549  -49.363  26.858 0.0000000000
24929  -9.532  -49.803  26.333 0.0000000000
24954  -9.998  -49.388  25.937 0.0000000000
127431  -4.975  -58.844  28.535 0.0000000000
17902  -4.614  -57.851  29.438 0.0000000000
17903  -5.545  -58.171  27.811 0.0000000000
19643  -6.466  -56.967  26.766 0.0000000000
19642  -6.172  -57.006  26.814 0.0000000000
20496  -6.072  -54.579  27.711 0.0000000000
19615  -6.799  -55.892  27.235 0.0000000000
17906  -10.406  -58.594  28.178 0.0000000000
17905  -9.508  -58.451  28.105 0.0000000000
18745  -10.058  -57.856  27.920 0.0000000000
20515  -10.635  -55.220  27.123 0.0000000000
19645  -9.400  -56.072  27.850 0.0000000000
20514  -9.718  -55.220  27.725 0.0000000000
21307  -9.141  -54.304  27.692 0.0000000000
21308  -9.886  -53.935  27.490 0.0000000000
22165  -9.547  -52.960  27.351 0.0000000000
122838  -10.632  -53.770  26.927 0.0000000000
22189  -11.523  -53.433  24.884 0.0000000000
22176  -11.298  -53.625  25.371 0.0000000000
23082  -11.509  -52.933  24.976 0.0000000000
24041  -11.950  -52.157  24.668 0.0000000000
24042  -12.177  -51.845  23.719 0.0000000000
24056  -12.489  -51.391  23.455 0.0000000000
124726  -3.152  -82.602  17.537 0.0000000000
5441  -4.811  -77.845  21.794 0.0000000000
4864  -4.525  -78.608  21.370 0.0000000000
4853  -4.162  -78.069  22.001 0.0000000000
9114  -5.089  -71.219  24.675 0.0000000000
130891  -4.499  -69.687  24.999 0.0000000000
11091  -3.732  -67.656  26.673 0.0000000000
10400  -3.885  -68.705  26.255 0.0000000000
10392  -3.674  -68.951  27.129 0.0000000000
11071  -3.457  -68.015  28.274 0.0000000000
11061  -3.360  -67.850  29.080 0.0000000000
11709  -3.521  -67.006  27.734 0.0000000000
10395  -6.416  -69.195  27.302 0.0000000000
10384  -5.718  -68.028  28.313 0.0000000000
10385  -6.333  -69.067  28.078 0.0000000000
10368  -6.675  -68.899  29.483 0.0000000000
122528  -7.025  -69.578  28.684 0.0000000000
9828  -8.094  -70.990  16.628 0.0000000000
11205  -7.822  -70.074  14.915 0.0000000000
11197  -8.167  -69.088  15.310 0.0000000000
141621  -7.002  -69.501  16.183 0.0000000000
11806  -7.817  -68.285  16.474 0.0000000000
11824  -14.424  -67.352  15.557 0.0000000000
11825  -15.100  -67.594  14.900 0.0000000000
12443  -12.121  -66.677  15.026 0.0000000000
12994  -10.212  -66.093  17.981 0.0000000000
12415  -10.535  -66.323  17.177 0.0000000000
12396  -9.128  -66.223  18.415 0.0000000000
119980  -8.832  -66.506  17.761 0.0000000000
12395  -8.671  -66.177  18.935 0.0000000000
12372  -7.119  -66.586  19.447 0.0000000000
12373  -8.666  -66.287  19.187 0.0000000000
134176  -10.377  -67.622  20.563 0.0000000000
11764  -9.515  -67.905  20.640 0.0000000000
11153  -9.378  -68.646  21.402 0.0000000000
11140  -8.954  -69.001  21.899 0.0000000000
10465  -9.646  -69.231  22.093 0.0000000000
11769  -14.443  -67.455  21.547 0.0000000000
11768  -13.572  -67.488  21.299 0.0000000000
11755  -14.064  -68.166  22.007 0.0000000000
141813  -13.204  -69.820  23.786 0.0000000000
10459  -12.258  -69.499  22.900 0.0000000000
9758  -11.151  -70.219  23.970 0.0000000000
9757  -10.206  -70.215  23.939 0.0000000000
9738  -10.721  -70.417  24.628 0.0000000000
9725  -9.442  -70.557  25.418 0.0000000000
9726  -10.328  -70.548  25.354 0.0000000000
127376  -12.159  -70.500  26.981 0.0000000000
9716  -10.529  -70.586  27.061 0.0000000000
119850  -11.013  -70.514  27.996 0.0000000000
121619  -10.026  -70.311  28.832 0.0000000000
9694  -10.758  -70.372  28.735 0.0000000000
9679  -11.444  -70.041  29.334 0.0000000000
9695  -12.064  -69.989  28.842 0.0000000000
139344  -13.302  -67.456  27.118 0.0000000000
11698  -13.110  -68.061  28.373 0.0000000000
11712  -12.802  -67.378  27.651 0.0000000000
12294  -11.685  -66.820  27.324 0.0000000000
121402  -10.706  -66.713  25.742 0.0000000000
14129  -12.619  -63.512  23.672 0.0000000000
13504  -12.264  -64.725  24.293 0.0000000000
14128  -11.521  -63.702  23.580 0.0000000000
14126  -8.852  -63.981  22.972 0.0000000000
13514  -9.558  -64.741  23.271 0.0000000000
13513  -8.579  -64.622  23.422 0.0000000000
12916  -9.139  -65.522  24.388 0.0000000000
13501  -8.202  -64.519  24.157 0.0000000000
12601  -8.243  -65.284  54.355 0.0000000000
11373  -8.300  -66.780  54.623 0.0000000000
11358  -8.144  -66.682  55.442 0.0000000000
11968  -7.748  -66.886  56.028 0.0000000000
1073  -11.469  -86.442  49.367 0.0000000000
1436  -11.411  -85.326  49.066 0.0000000000
1443  -11.128  -85.636  48.213 0.0000000000
131988  -10.737  -85.481  47.357 0.0000000000
1822  -10.504  -84.834  46.436 0.0000000000
1831  -10.333  -84.333  45.609 0.0000000000
1456  -9.677  -85.362  45.961 0.0000000000
1455  -8.722  -86.106  45.395 0.0000000000
1454  -8.342  -86.894  45.119 0.0000000000
122359  -8.698  -87.236  44.437 0.0000000000
734  -8.490  -87.396  45.187 0.0000000000
744  -9.778  -87.563  44.909 0.0000000000
10303  -6.355  -68.888  33.326 0.0000000000
10291  -6.576  -68.771  33.643 0.0000000000
10292  -7.037  -69.278  33.083 0.0000000000
11008  -7.766  -69.268  32.907 0.0000000000
10995  -8.009  -68.834  33.314 0.0000000000
11636  -9.444  -67.846  32.556 0.0000000000
11010  -9.300  -68.778  32.467 0.0000000000
10308  -9.823  -68.996  31.980 0.0000000000
10335  -11.083  -69.047  30.976 0.0000000000
139982  -11.625  -79.430  14.095 0.0000000000
4957  -10.464  -79.062  14.107 0.0000000000
4923  -11.219  -77.609  16.821 0.0000000000
137406  -11.105  -77.328  18.309 0.0000000000
994  -23.171  -88.768  22.809 0.0000000000
24852  -24.174  -50.250  32.852 0.0000000000
24857  -24.966  -50.210  32.422 0.0000000000
24858  -25.739  -50.245  31.939 0.0000000000
24862  -26.406  -50.309  31.423 0.0000000000
135262  -26.997  -52.502  30.579 0.0000000000
133132  -15.132  -82.431  10.819 0.0000000000
3549  -15.070  -81.613  10.433 0.0000000000
4000  -14.405  -80.786  10.636 0.0000000000
119492  -14.100  -81.538  12.144 0.0000000000
139476  -15.104  -81.221  11.795 0.0000000000
3525  -15.272  -81.468  12.949 0.0000000000
3518  -15.878  -80.962  13.869 0.0000000000
2108  -18.780  -83.787  22.515 0.0000000000
2119  -19.698  -84.703  22.181 0.0000000000
1711  -21.191  -85.668  21.769 0.0000000000
1358  -22.136  -86.252  21.405 0.0000000000
28861  -12.485  -45.953  25.860 0.0000000000
28880  -13.117  -45.426  25.536 0.0000000000
125984  -13.119  -46.202  25.018 0.0000000000
28896  -13.817  -46.041  24.545 0.0000000000
27877  -14.539  -47.176  23.450 0.0000000000
26920  -14.380  -48.210  23.221 0.0000000000
25980  -14.052  -49.186  23.111 0.0000000000
24987  -13.356  -50.409  23.090 0.0000000000
18608  -10.666  -57.737  36.092 0.0000000000
18624  -9.614  -57.039  35.733 0.0000000000
18622  -7.258  -56.315  35.007 0.0000000000
17805  -6.222  -57.202  34.334 0.0000000000
16980  -6.802  -58.180  34.062 0.0000000000
16979  -5.887  -57.845  34.544 0.0000000000
16967  -5.235  -58.106  35.016 0.0000000000
16151  -5.609  -59.109  35.265 0.0000000000
11513  -7.419  -67.461  43.487 0.0000000000
11524  -6.605  -67.562  42.801 0.0000000000
11512  -6.274  -68.243  42.886 0.0000000000
11523  -5.435  -68.292  42.327 0.0000000000
6991  -11.281  -74.212  54.032 0.0000000000
8266  -11.030  -72.801  53.903 0.0000000000
6990  -10.776  -73.691  53.726 0.0000000000
6960  -9.068  -73.932  54.664 0.0000000000
6959  -8.448  -74.061  55.491 0.0000000000
135542  -8.006  -74.224  56.206 0.0000000000
6344  -7.950  -75.310  55.346 0.0000000000
5675  -7.281  -75.820  55.587 0.0000000000
129362  -6.981  -76.099  54.860 0.0000000000
733  -4.360  -88.125  46.188 0.0000000000
1081  -4.803  -87.711  47.031 0.0000000000
424  -4.076  -88.552  46.477 0.0000000000
1574  -4.586  -85.559  34.107 0.0000000000
1224  -4.005  -86.410  33.719 0.0000000000
1223  -3.677  -86.205  32.998 0.0000000000
1243  -3.907  -87.236  31.415 0.0000000000
899  -4.616  -89.024  30.128 0.0000000000
1244  -4.322  -86.436  30.933 0.0000000000
1623  -5.650  -85.816  30.466 0.0000000000
1624  -6.243  -85.536  30.759 0.0000000000
1144  -14.835  -86.966  38.898 0.0000000000
127845  -14.689  -87.737  38.726 0.0000000000
121979  -14.796  -87.313  35.366 0.0000000000
513  -13.704  -88.128  35.796 0.0000000000
1195  -13.467  -86.627  35.400 0.0000000000
857  -11.958  -86.852  34.784 0.0000000000
870  -11.052  -87.165  33.081 0.0000000000
1235  -11.570  -86.604  32.883 0.0000000000
1236  -11.927  -86.776  32.441 0.0000000000
1247  -12.654  -87.252  32.032 0.0000000000
903  -13.759  -87.008  31.169 0.0000000000
1248  -13.128  -86.432  31.528 0.0000000000
1617  -13.021  -85.046  31.639 0.0000000000
141897  -4.510  -55.892  31.425 0.0000000000
19587  -4.255  -56.103  30.620 0.0000000000
14724  -13.122  -62.405  28.264 0.0000000000
16237  -12.859  -60.928  28.840 0.0000000000
15443  -14.060  -61.388  28.226 0.0000000000
8033  -6.958  -73.531  20.424 0.0000000000
8015  -7.968  -73.856  21.163 0.0000000000
8620  -8.003  -72.925  20.875 0.0000000000
9158  -8.265  -71.675  21.433 0.0000000000
9771  -7.690  -70.953  21.882 0.0000000000
9143  -7.271  -71.242  22.947 0.0000000000
9777  -7.193  -70.098  21.263 0.0000000000
11160  -5.821  -67.257  20.826 0.0000000000
127827  -14.796  -62.183  21.595 0.0000000000
26809  -19.541  -48.044  32.609 0.0000000000
26800  -20.589  -48.358  33.400 0.0000000000
128534  -22.011  -49.255  34.177 0.0000000000
23907  -23.027  -51.730  33.728 0.0000000000
1409  -16.090  -86.480  15.036 0.0000000000
30939  -25.766  -44.562  29.781 0.0000000000
31980  -25.642  -43.697  29.904 0.0000000000
30941  -25.293  -44.223  28.271 0.0000000000
28839  -23.378  -46.446  27.320 0.0000000000
29893  -23.435  -45.055  26.678 0.0000000000
29907  -21.256  -45.495  25.762 0.0000000000
26840  -10.315  -46.957  27.236 0.0000000000
13197  -9.689  -64.531  50.281 0.0000000000
13207  -9.615  -64.449  49.544 0.0000000000
13198  -10.056  -65.094  49.731 0.0000000000
12652  -10.243  -65.401  48.621 0.0000000000
12663  -10.349  -65.879  47.791 0.0000000000
12674  -10.196  -66.169  46.740 0.0000000000
11469  -9.644  -67.322  47.561 0.0000000000
138429  -8.712  -67.507  47.631 0.0000000000
126077  -7.471  -67.454  47.702 0.0000000000
126081  -6.071  -67.491  47.837 0.0000000000
11450  -6.866  -67.343  48.482 0.0000000000
11449  -5.317  -67.150  48.714 0.0000000000
11382  -3.759  -67.361  53.562 0.0000000000
10748  -3.666  -67.330  52.654 0.0000000000
10740  -3.721  -68.142  53.460 0.0000000000
10009  -4.559  -69.083  53.784 0.0000000000
10002  -5.632  -69.672  53.827 0.0000000000
9357  -6.899  -70.776  53.594 0.0000000000
131331  -6.619  -71.257  54.250 0.0000000000
8779  -6.500  -71.888  54.832 0.0000000000
8233  -6.312  -72.717  55.270 0.0000000000
3155  -11.676  -81.878  50.086 0.0000000000
3139  -11.793  -81.481  51.780 0.0000000000
3594  -11.642  -80.898  50.244 0.0000000000
3579  -11.034  -80.125  51.382 0.0000000000
4039  -10.304  -79.677  51.624 0.0000000000
121774  -10.647  -79.485  50.866 0.0000000000
4551  -10.321  -78.593  49.739 0.0000000000
4550  -9.640  -78.084  49.436 0.0000000000
4559  -9.569  -78.207  48.680 0.0000000000
4571  -10.129  -78.556  48.325 0.0000000000
4087  -9.968  -79.366  46.820 0.0000000000
129040  -9.717  -79.845  46.163 0.0000000000
2305  -8.383  -83.404  42.681 0.0000000000
2769  -8.647  -82.426  42.860 0.0000000000
2775  -7.951  -82.885  42.520 0.0000000000
129286  -6.417  -83.176  42.761 0.0000000000
2303  -5.674  -83.562  43.208 0.0000000000
1847  -5.322  -84.302  43.320 0.0000000000
130513  -5.446  -85.131  42.486 0.0000000000
1107  -5.230  -86.632  42.548 0.0000000000
760  -5.665  -87.806  42.295 0.0000000000
761  -6.511  -88.465  41.776 0.0000000000
207  -7.307  -89.609  40.666 0.0000000000
465  -7.870  -89.026  40.436 0.0000000000
1507  -8.700  -85.686  39.761 0.0000000000
131730  -8.370  -84.986  39.281 0.0000000000
1536  -7.630  -85.586  37.149 0.0000000000
1537  -8.118  -84.941  37.617 0.0000000000
1928  -8.707  -84.255  37.089 0.0000000000
1929  -9.398  -83.699  36.641 0.0000000000
122265  -19.868  -85.905  40.881 0.0000000000
1492  -20.509  -85.801  41.754 0.0000000000
142597  -4.306  -63.570  31.642 0.0000000000
14035  -4.237  -63.150  31.110 0.0000000000
14056  -4.613  -62.703  29.256 0.0000000000
14047  -4.690  -63.210  29.964 0.0000000000
14048  -5.284  -63.540  29.636 0.0000000000
14058  -5.781  -63.449  28.718 0.0000000000
12883  -9.154  -65.955  29.383 0.0000000000
12882  -8.367  -65.687  28.750 0.0000000000
12891  -8.328  -65.720  28.149 0.0000000000
13465  -8.404  -65.571  27.956 0.0000000000
13466  -9.524  -64.830  27.747 0.0000000000
13483  -9.899  -65.127  27.279 0.0000000000
13492  -10.791  -64.466  27.386 0.0000000000
3499  -5.254  -82.522  16.414 0.0000000000
3507  -4.178  -81.920  14.473 0.0000000000
3508  -4.704  -81.860  14.851 0.0000000000
129667  -5.228  -80.705  13.435 0.0000000000
4439  -5.491  -79.742  13.156 0.0000000000
5503  -7.408  -76.625  16.813 0.0000000000
6163  -5.881  -76.294  15.224 0.0000000000
124960  -5.949  -75.771  17.429 0.0000000000
6724  -5.266  -75.575  17.935 0.0000000000
6706  -5.207  -75.524  18.572 0.0000000000
6707  -5.793  -75.019  18.353 0.0000000000
7402  -5.935  -74.212  18.512 0.0000000000
8079  -6.229  -72.626  17.842 0.0000000000
73  -13.923  -91.199  22.109 0.0000000000
366  -13.145  -90.122  23.131 0.0000000000
380  -14.198  -90.614  22.347 0.0000000000
639  -15.004  -88.670  23.782 0.0000000000
129127  -15.824  -88.517  23.493 0.0000000000
133964  -19.135  -86.686  24.540 0.0000000000
1337  -18.258  -86.611  24.380 0.0000000000
1317  -18.640  -86.066  25.033 0.0000000000
1680  -18.142  -85.301  25.450 0.0000000000
2090  -16.830  -84.190  25.497 0.0000000000
2527  -16.698  -83.384  25.335 0.0000000000
2528  -17.347  -83.547  25.905 0.0000000000
2514  -17.900  -83.004  26.346 0.0000000000
2956  -18.152  -82.350  26.097 0.0000000000
137481  -24.045  -44.362  31.952 0.0000000000
128269  -24.761  -44.237  31.537 0.0000000000
140606  -13.592  -85.435  49.389 0.0000000000
1079  -13.833  -87.039  48.256 0.0000000000
11672  -3.434  -66.955  30.208 0.0000000000
2641  -8.089  -83.384  14.783 0.0000000000
3078  -9.115  -82.739  15.497 0.0000000000
3080  -12.683  -82.478  15.711 0.0000000000
127135  -11.795  -82.509  15.855 0.0000000000
3070  -12.329  -82.366  16.485 0.0000000000
3466  -11.102  -80.645  19.277 0.0000000000
3895  -10.923  -80.091  19.283 0.0000000000
3896  -11.658  -80.194  19.624 0.0000000000
134077  -12.087  -79.878  19.936 0.0000000000
4893  -12.885  -78.623  19.746 0.0000000000
1365  -14.660  -86.725  20.470 0.0000000000
1378  -14.962  -87.115  19.747 0.0000000000
1026  -19.838  -88.268  19.102 0.0000000000
1025  -18.730  -87.920  19.139 0.0000000000
686  -19.791  -88.777  18.393 0.0000000000
694  -19.659  -88.698  17.716 0.0000000000
705  -19.246  -88.150  16.891 0.0000000000
1051  -18.652  -87.571  16.259 0.0000000000
141792  -19.727  -87.456  15.896 0.0000000000
1412  -20.336  -86.577  15.283 0.0000000000
1770  -19.783  -85.515  14.920 0.0000000000
3036  -19.665  -82.558  19.540 0.0000000000
134201  -18.601  -83.515  18.971 0.0000000000
2626  -18.109  -83.664  18.248 0.0000000000
2610  -18.257  -82.717  18.698 0.0000000000
3045  -18.100  -81.474  18.054 0.0000000000
3496  -17.820  -80.538  17.377 0.0000000000
3503  -17.888  -80.354  16.398 0.0000000000
3915  -17.610  -80.422  18.180 0.0000000000
118997  -17.298  -80.057  18.875 0.0000000000
4366  -17.184  -79.611  19.989 0.0000000000
32041  -15.543  -42.609  23.625 0.0000000000
24830  -15.463  -48.924  36.940 0.0000000000
23889  -14.179  -49.712  36.834 0.0000000000
22082  -14.667  -53.024  34.067 0.0000000000
141542  -14.956  -54.180  32.464 0.0000000000
22095  -14.306  -53.991  32.963 0.0000000000
127668  -13.827  -54.512  33.007 0.0000000000
119875  -13.903  -55.110  32.924 0.0000000000
125841  -14.696  -53.658  36.549 0.0000000000
20373  -8.448  -54.541  34.377 0.0000000000
21202  -9.276  -53.783  35.310 0.0000000000
20374  -8.836  -54.586  34.005 0.0000000000
20375  -10.159  -55.102  33.691 0.0000000000
19510  -11.966  -56.203  34.137 0.0000000000
134263  -11.929  -56.793  34.391 0.0000000000
14559  -7.706  -62.541  43.872 0.0000000000
13910  -4.243  -63.233  43.198 0.0000000000
14556  -4.067  -62.417  43.714 0.0000000000
14568  -4.354  -62.358  42.557 0.0000000000
15295  -4.453  -61.389  41.498 0.0000000000
16065  -4.121  -60.896  40.846 0.0000000000
16081  -4.444  -60.493  40.470 0.0000000000
16080  -3.932  -60.555  40.254 0.0000000000
135341  -3.532  -60.200  39.147 0.0000000000
15337  -3.599  -60.536  38.733 0.0000000000
15345  -3.927  -60.874  38.132 0.0000000000
14604  -4.840  -62.002  39.149 0.0000000000
9977  -9.174  -69.254  56.217 0.0000000000
121906  -10.012  -69.191  56.960 0.0000000000
10699  -9.073  -68.748  57.172 0.0000000000
10698  -8.168  -68.576  57.668 0.0000000000
10678  -8.110  -68.245  58.889 0.0000000000
10656  -7.580  -67.606  61.018 0.0000000000
118770  -7.065  -67.911  60.065 0.0000000000
10655  -5.571  -67.780  60.640 0.0000000000
10654  -4.511  -67.823  60.847 0.0000000000
10653  -3.971  -68.153  60.669 0.0000000000
9947  -4.449  -68.546  60.455 0.0000000000
9297  -4.379  -69.619  60.247 0.0000000000
9285  -4.834  -70.952  60.759 0.0000000000
5646  -5.307  -76.089  58.829 0.0000000000
138509  -5.385  -74.909  59.935 0.0000000000
5645  -4.944  -76.027  59.317 0.0000000000
6309  -4.453  -75.491  59.243 0.0000000000
6937  -4.021  -75.124  58.394 0.0000000000
6949  -3.955  -74.972  57.291 0.0000000000
6331  -3.587  -75.625  56.701 0.0000000000
121623  -3.360  -76.222  55.563 0.0000000000
5684  -3.317  -76.399  54.572 0.0000000000
4060  -6.978  -79.847  48.839 0.0000000000
4050  -5.868  -78.813  49.825 0.0000000000
4051  -6.382  -79.543  49.480 0.0000000000
3592  -6.549  -80.522  49.721 0.0000000000
3584  -6.227  -81.149  50.798 0.0000000000
1427  -4.643  -85.758  49.565 0.0000000000
1798  -4.964  -84.622  50.172 0.0000000000
2247  -4.341  -84.019  50.020 0.0000000000
2706  -4.271  -83.064  50.144 0.0000000000
3152  -3.705  -81.700  49.920 0.0000000000
3591  -3.556  -80.167  50.115 0.0000000000
3600  -3.553  -80.645  49.420 0.0000000000
441  -13.642  -88.492  45.485 0.0000000000
746  -13.296  -88.190  45.067 0.0000000000
747  -13.579  -88.232  44.350 0.0000000000
755  -13.520  -88.104  43.842 0.0000000000
786  -12.692  -88.285  41.151 0.0000000000
801  -12.404  -88.245  40.464 0.0000000000
812  -12.246  -86.746  38.903 0.0000000000
1171  -12.111  -85.968  38.260 0.0000000000
1538  -11.877  -84.832  37.267 0.0000000000
124468  -11.724  -85.831  37.578 0.0000000000
1182  -10.598  -86.668  36.528 0.0000000000
237  -17.217  -89.875  38.581 0.0000000000
130672  -16.938  -90.397  38.205 0.0000000000
107  -15.766  -90.867  37.388 0.0000000000
8  -14.101  -91.243  37.161 0.0000000000
260  -10.344  -90.327  35.578 0.0000000000
120  -10.897  -91.016  36.122 0.0000000000
259  -9.021  -90.619  35.380 0.0000000000
118  -8.782  -90.930  35.910 0.0000000000
258  -8.163  -90.591  35.318 0.0000000000
507  -7.950  -89.610  35.257 0.0000000000
506  -7.683  -90.207  34.570 0.0000000000
522  -7.421  -89.697  33.998 0.0000000000
868  -7.214  -88.462  33.048 0.0000000000
887  -7.559  -87.384  32.002 0.0000000000
554  -7.752  -88.701  31.980 0.0000000000
901  -10.068  -87.125  30.803 0.0000000000
568  -12.656  -88.788  30.118 0.0000000000
136373  -11.976  -88.015  30.121 0.0000000000
577  -12.681  -88.695  29.522 0.0000000000
588  -12.570  -88.439  28.939 0.0000000000
36  -11.920  -90.829  26.314 0.0000000000
123371  -12.738  -90.707  27.301 0.0000000000
925  -15.395  -87.925  28.232 0.0000000000
596  -15.605  -88.688  27.600 0.0000000000
597  -16.115  -88.248  26.793 0.0000000000
618  -16.943  -89.572  25.666 0.0000000000
619  -17.672  -88.955  25.350 0.0000000000
606  -16.974  -88.375  26.024 0.0000000000
24854  -17.024  -50.664  31.093 0.0000000000
23905  -18.289  -51.779  32.804 0.0000000000
23007  -18.773  -52.473  33.953 0.0000000000
20383  -21.089  -55.571  34.622 0.0000000000
20384  -21.808  -55.737  34.298 0.0000000000
123079  -22.452  -55.258  34.054 0.0000000000
21212  -23.114  -54.736  33.780 0.0000000000
22138  -6.235  -51.330  29.881 0.0000000000
23044  -7.429  -51.577  30.001 0.0000000000
23051  -6.707  -50.602  29.299 0.0000000000
24895  -7.805  -49.192  27.923 0.0000000000
23987  -6.877  -49.870  28.061 0.0000000000
23988  -7.423  -50.556  27.445 0.0000000000
23989  -8.448  -50.988  26.940 0.0000000000
16255  -5.683  -59.971  27.577 0.0000000000
17925  -6.175  -58.173  26.954 0.0000000000
17087  -6.106  -58.881  27.317 0.0000000000
17926  -6.334  -58.087  26.891 0.0000000000
18765  -6.738  -57.578  26.768 0.0000000000
18768  -10.622  -57.260  27.517 0.0000000000
19647  -11.129  -56.581  27.000 0.0000000000
20518  -11.142  -55.184  25.901 0.0000000000
21314  -10.856  -54.532  26.447 0.0000000000
139179  -11.227  -54.625  25.491 0.0000000000
21354  -11.529  -53.867  24.948 0.0000000000
3475  -3.341  -81.268  18.236 0.0000000000
141458  -3.179  -81.682  18.887 0.0000000000
3465  -3.281  -81.011  19.130 0.0000000000
6071  -4.389  -76.547  22.596 0.0000000000
10420  -4.570  -68.339  24.359 0.0000000000
11100  -4.598  -67.787  25.077 0.0000000000
11725  -4.524  -67.508  25.864 0.0000000000
11719  -4.371  -67.188  26.342 0.0000000000
11711  -4.022  -66.715  26.969 0.0000000000
10401  -5.785  -68.302  26.691 0.0000000000
10402  -6.521  -69.246  26.499 0.0000000000
10396  -7.120  -69.895  27.131 0.0000000000
12433  -14.034  -66.874  16.894 0.0000000000
12432  -13.112  -66.666  16.555 0.0000000000
12431  -12.288  -66.519  16.108 0.0000000000
12417  -12.287  -66.440  17.245 0.0000000000
12397  -11.575  -66.313  18.162 0.0000000000
12965  -10.333  -66.194  18.984 0.0000000000
12374  -9.748  -66.279  19.170 0.0000000000
12355  -11.206  -66.545  19.720 0.0000000000
11778  -11.627  -66.924  20.321 0.0000000000
11766  -11.955  -67.483  20.887 0.0000000000
11745  -15.504  -67.654  23.570 0.0000000000
11144  -14.596  -68.519  22.884 0.0000000000
11129  -14.677  -68.873  23.804 0.0000000000
10446  -13.893  -69.631  23.948 0.0000000000
9740  -12.403  -70.325  24.747 0.0000000000
126305  -12.126  -70.455  25.371 0.0000000000
9728  -13.102  -70.265  25.376 0.0000000000
9719  -13.398  -70.096  26.369 0.0000000000
9709  -13.427  -69.614  27.335 0.0000000000
10387  -12.989  -69.437  28.225 0.0000000000
11087  -13.864  -68.746  27.244 0.0000000000
12300  -13.406  -67.074  26.457 0.0000000000
130071  -12.902  -66.576  25.875 0.0000000000
14800  -10.511  -61.941  22.667 0.0000000000
14778  -11.065  -62.830  23.149 0.0000000000
14776  -7.291  -62.163  23.322 0.0000000000
137530  -7.321  -61.881  24.055 0.0000000000
16294  -7.561  -60.858  23.546 0.0000000000
27769  -18.136  -47.542  32.698 0.0000000000
24842  -20.449  -50.428  34.140 0.0000000000
132322  -8.305  -63.197  51.647 0.0000000000
13777  -8.008  -63.303  52.363 0.0000000000
13187  -9.120  -63.959  51.729 0.0000000000
128064  -9.716  -65.761  51.146 0.0000000000
135858  -9.473  -66.362  51.200 0.0000000000
11424  -8.537  -67.110  50.634 0.0000000000
11423  -7.400  -66.970  50.618 0.0000000000
119915  -8.204  -67.065  51.155 0.0000000000
11398  -7.327  -66.937  52.094 0.0000000000
11384  -5.464  -66.860  53.223 0.0000000000
121618  -6.739  -67.282  53.920 0.0000000000
11370  -4.314  -67.163  54.131 0.0000000000
11369  -3.849  -67.589  54.541 0.0000000000
10722  -3.602  -68.356  55.408 0.0000000000
9974  -3.521  -69.509  56.380 0.0000000000
1791  -13.217  -84.084  53.229 0.0000000000
2229  -12.883  -83.736  53.558 0.0000000000
2232  -12.164  -84.128  52.568 0.0000000000
134462  -11.813  -83.881  52.040 0.0000000000
2697  -11.685  -83.547  51.214 0.0000000000
133385  -11.507  -84.391  49.339 0.0000000000
2718  -11.532  -83.352  49.045 0.0000000000
118156  -11.577  -82.198  49.221 0.0000000000
3183  -11.547  -81.235  47.634 0.0000000000
3636  -11.374  -80.451  46.699 0.0000000000
137666  -11.474  -81.559  45.797 0.0000000000
2758  -11.010  -81.910  44.587 0.0000000000
2757  -10.528  -82.570  44.201 0.0000000000
1840  -10.276  -83.610  44.692 0.0000000000
2307  -10.011  -83.099  43.813 0.0000000000
2306  -9.368  -83.025  43.150 0.0000000000
1848  -8.335  -84.419  42.933 0.0000000000
1858  -7.795  -84.359  42.519 0.0000000000
1108  -7.579  -86.312  41.915 0.0000000000
762  -8.927  -87.044  41.938 0.0000000000
773  -9.208  -87.200  41.414 0.0000000000
752  -8.964  -87.057  43.172 0.0000000000
1121  -9.743  -86.872  41.570 0.0000000000
1130  -9.966  -86.345  40.930 0.0000000000
1498  -10.238  -85.081  40.687 0.0000000000
128268  -10.709  -84.268  40.304 0.0000000000
138194  -5.957  -68.392  34.268 0.0000000000
11611  -6.035  -67.604  34.890 0.0000000000
12195  -5.132  -66.843  35.392 0.0000000000
12827  -6.618  -66.351  34.261 0.0000000000
12835  -6.819  -65.810  33.420 0.0000000000
12844  -7.269  -65.472  32.596 0.0000000000
13422  -6.842  -64.842  32.064 0.0000000000
12845  -8.073  -65.726  32.344 0.0000000000
12860  -8.193  -65.362  31.607 0.0000000000
12861  -8.824  -65.622  31.281 0.0000000000
127166  -9.402  -66.782  32.285 0.0000000000
12256  -9.545  -66.167  31.447 0.0000000000
12268  -9.892  -66.123  30.522 0.0000000000
139758  -9.929  -66.270  29.655 0.0000000000
122824  -9.877  -66.622  28.393 0.0000000000
12283  -10.027  -66.709  27.771 0.0000000000
3961  -8.700  -80.341  14.969 0.0000000000
139980  -8.080  -80.133  14.159 0.0000000000
3977  -8.838  -79.844  13.864 0.0000000000
4955  -8.779  -78.855  13.573 0.0000000000
4942  -10.020  -78.721  14.409 0.0000000000
5518  -9.189  -78.185  15.805 0.0000000000
5517  -8.163  -77.416  16.503 0.0000000000
6118  -8.393  -76.673  18.048 0.0000000000
382  -17.469  -90.145  22.199 0.0000000000
121358  -18.222  -90.128  22.241 0.0000000000
642  -18.627  -88.731  22.814 0.0000000000
992  -19.288  -88.050  23.371 0.0000000000
644  -20.261  -88.675  22.947 0.0000000000
142088  -20.110  -87.813  23.626 0.0000000000
974  -19.633  -87.272  24.048 0.0000000000
1338  -20.046  -86.724  24.699 0.0000000000
1319  -20.481  -86.238  25.422 0.0000000000
1681  -19.975  -85.614  25.874 0.0000000000
28806  -21.905  -46.793  33.164 0.0000000000
123870  -21.351  -46.085  32.582 0.0000000000
28807  -22.807  -46.833  33.215 0.0000000000
27773  -23.738  -47.028  33.074 0.0000000000
26804  -24.167  -48.550  33.163 0.0000000000
128169  -24.608  -47.028  32.586 0.0000000000
27775  -25.322  -47.121  32.112 0.0000000000
27780  -25.898  -48.323  31.385 0.0000000000
25860  -26.622  -49.816  30.386 0.0000000000
25849  -26.808  -50.521  30.667 0.0000000000
3107  -10.759  -81.710  11.352 0.0000000000
3099  -11.849  -82.242  12.827 0.0000000000
3089  -12.352  -82.450  14.182 0.0000000000
3109  -13.389  -81.884  12.708 0.0000000000
3100  -13.157  -82.278  13.491 0.0000000000
120415  -12.866  -82.505  15.001 0.0000000000
3058  -13.723  -82.022  17.065 0.0000000000
3494  -14.297  -81.685  17.793 0.0000000000
2115  -15.708  -84.299  21.439 0.0000000000
2130  -16.034  -84.625  20.666 0.0000000000
2131  -16.835  -84.539  20.604 0.0000000000
1721  -17.303  -85.195  20.179 0.0000000000
1367  -18.722  -86.404  20.245 0.0000000000
1723  -19.268  -85.883  20.943 0.0000000000
1368  -19.668  -86.681  20.448 0.0000000000
1383  -19.205  -87.301  19.780 0.0000000000
674  -20.976  -88.742  18.545 0.0000000000
696  -22.248  -88.112  17.176 0.0000000000
30960  -15.936  -44.355  24.656 0.0000000000
30980  -17.117  -44.470  24.060 0.0000000000
32008  -15.090  -43.497  24.700 0.0000000000
29919  -14.009  -44.277  25.385 0.0000000000
30993  -14.288  -43.985  25.055 0.0000000000
32040  -15.200  -43.003  24.116 0.0000000000
32066  -15.513  -42.774  23.550 0.0000000000
140741  -16.298  -44.813  22.507 0.0000000000
23881  -14.074  -49.809  37.098 0.0000000000
23880  -13.550  -50.265  36.968 0.0000000000
134982  -14.355  -55.663  36.556 0.0000000000
20349  -12.896  -55.354  36.337 0.0000000000
20347  -11.161  -55.266  35.944 0.0000000000
19495  -9.736  -56.113  35.606 0.0000000000
133316  -8.790  -54.964  35.323 0.0000000000
20360  -8.379  -54.735  34.690 0.0000000000
17808  -9.828  -58.602  34.228 0.0000000000
132436  -10.259  -59.712  34.511 0.0000000000
16982  -9.209  -59.292  34.278 0.0000000000
16170  -9.732  -60.209  34.638 0.0000000000
16153  -9.290  -60.617  35.047 0.0000000000
16168  -7.598  -59.325  34.550 0.0000000000
16152  -8.345  -60.261  35.114 0.0000000000
123282  -9.295  -61.664  36.141 0.0000000000
119526  -5.521  -64.541  46.535 0.0000000000
13871  -4.159  -63.530  46.404 0.0000000000
13268  -4.918  -64.466  45.666 0.0000000000
13286  -5.186  -64.642  44.502 0.0000000000
13293  -4.537  -64.216  44.088 0.0000000000
12099  -6.185  -66.523  42.790 0.0000000000
12710  -4.533  -65.148  42.876 0.0000000000
136711  -4.402  -65.222  42.515 0.0000000000
123627  -4.389  -64.467  42.388 0.0000000000
13307  -4.413  -64.672  41.472 0.0000000000
13320  -4.652  -64.697  40.919 0.0000000000
13321  -5.234  -64.573  40.563 0.0000000000
139345  -11.725  -72.126  57.156 0.0000000000
8769  -11.675  -71.423  56.350 0.0000000000
136473  -11.340  -70.821  55.465 0.0000000000
8250  -11.165  -72.093  54.317 0.0000000000
9352  -10.579  -70.836  54.657 0.0000000000
9339  -10.651  -70.304  55.243 0.0000000000
9337  -9.091  -70.480  55.296 0.0000000000
9326  -8.275  -70.452  55.935 0.0000000000
8755  -7.307  -70.949  57.464 0.0000000000
132362  -7.242  -71.821  58.313 0.0000000000
8213  -7.616  -72.497  57.640 0.0000000000
7588  -7.423  -73.412  57.948 0.0000000000
6927  -6.878  -74.085  58.471 0.0000000000
6335  -7.627  -74.732  56.714 0.0000000000
6322  -7.043  -75.258  57.327 0.0000000000
6321  -6.193  -75.720  58.024 0.0000000000
124907  -5.486  -76.580  57.784 0.0000000000
5662  -5.030  -77.410  57.213 0.0000000000
5047  -4.560  -77.999  56.408 0.0000000000
123517  -6.464  -84.263  47.142 0.0000000000
2257  -6.743  -83.972  48.722 0.0000000000
1812  -6.380  -84.868  47.796 0.0000000000
1441  -6.211  -85.678  48.794 0.0000000000
1434  -5.770  -86.393  49.194 0.0000000000
729  -4.967  -87.976  47.842 0.0000000000
1071  -5.333  -87.063  48.805 0.0000000000
1065  -5.184  -86.566  49.274 0.0000000000
505  -4.774  -88.794  36.162 0.0000000000
504  -4.111  -89.372  35.486 0.0000000000
521  -3.896  -89.276  34.738 0.0000000000
520  -3.457  -89.550  33.944 0.0000000000
533  -3.230  -89.780  33.012 0.0000000000
866  -3.691  -87.558  33.076 0.0000000000
543  -3.353  -89.748  32.205 0.0000000000
126  -16.984  -90.423  36.112 0.0000000000
135916  -16.132  -90.985  36.240 0.0000000000
264  -15.690  -90.121  35.556 0.0000000000
131346  -12.758  -90.398  35.854 0.0000000000
512  -12.835  -88.239  35.759 0.0000000000
262  -12.321  -89.193  35.771 0.0000000000
130139  -11.344  -89.183  35.483 0.0000000000
509  -10.558  -89.100  35.050 0.0000000000
524  -9.308  -89.376  33.624 0.0000000000
535  -8.827  -90.274  32.700 0.0000000000
282  -8.826  -90.664  31.921 0.0000000000
545  -9.543  -90.728  31.802 0.0000000000
283  -10.531  -90.161  31.940 0.0000000000
294  -11.424  -90.126  31.830 0.0000000000
546  -11.452  -89.363  32.392 0.0000000000
284  -11.813  -90.162  31.906 0.0000000000
295  -12.414  -90.256  31.887 0.0000000000
296  -13.211  -90.169  32.045 0.0000000000
304  -13.792  -90.407  31.507 0.0000000000
118744  -14.184  -90.788  30.829 0.0000000000
136597  -14.468  -91.130  29.949 0.0000000000
312  -14.666  -90.547  30.791 0.0000000000
578  -14.884  -89.710  30.514 0.0000000000
125357  -14.801  -88.417  29.958 0.0000000000
904  -14.226  -87.369  30.845 0.0000000000
916  -14.961  -87.478  29.007 0.0000000000
1284  -15.484  -86.901  28.393 0.0000000000
1641  -15.778  -85.873  28.587 0.0000000000
21209  -17.438  -54.347  34.321 0.0000000000
22084  -17.759  -53.573  34.019 0.0000000000
20381  -18.013  -55.161  34.991 0.0000000000
136733  -18.728  -55.697  35.263 0.0000000000
21288  -5.557  -53.018  28.459 0.0000000000
16234  -9.306  -60.540  28.411 0.0000000000
17065  -8.638  -59.820  28.106 0.0000000000
17066  -9.663  -59.759  28.341 0.0000000000
17067  -10.648  -59.539  28.473 0.0000000000
17907  -11.377  -58.805  28.222 0.0000000000
17068  -12.214  -59.406  28.444 0.0000000000
4878  -6.830  -78.988  19.796 0.0000000000
4352  -5.997  -79.555  20.002 0.0000000000
4866  -7.067  -78.361  20.903 0.0000000000
5443  -7.399  -77.621  21.255 0.0000000000
5426  -6.686  -77.193  22.081 0.0000000000
6678  -8.440  -75.498  22.052 0.0000000000
6672  -7.658  -75.799  22.772 0.0000000000
6671  -6.561  -75.805  23.123 0.0000000000
6670  -5.164  -75.574  23.049 0.0000000000
7317  -4.975  -74.202  23.569 0.0000000000
7983  -4.536  -73.694  23.980 0.0000000000
7971  -4.381  -73.200  24.605 0.0000000000
7972  -5.038  -72.904  24.239 0.0000000000
8583  -6.050  -71.850  24.363 0.0000000000
9754  -5.435  -70.097  23.828 0.0000000000
10438  -4.648  -68.529  23.593 0.0000000000
11124  -4.721  -67.808  23.497 0.0000000000
11732  -5.317  -67.390  23.585 0.0000000000
11126  -6.900  -68.116  23.184 0.0000000000
12434  -16.997  -66.686  16.966 0.0000000000
12421  -16.417  -66.721  17.824 0.0000000000
12401  -15.916  -66.764  18.418 0.0000000000
12379  -14.986  -66.770  19.621 0.0000000000
127284  -14.313  -66.660  20.195 0.0000000000
127212  -15.141  -66.762  20.206 0.0000000000
12340  -15.673  -66.661  21.345 0.0000000000
124589  -16.067  -66.570  22.136 0.0000000000
12945  -16.939  -65.334  21.425 0.0000000000
12937  -16.707  -65.363  22.258 0.0000000000
12330  -16.095  -66.780  22.842 0.0000000000
12313  -16.167  -65.732  23.743 0.0000000000
12920  -15.815  -65.619  24.155 0.0000000000
12311  -15.409  -65.944  24.570 0.0000000000
12919  -14.652  -65.706  24.868 0.0000000000
13517  -14.822  -64.417  24.171 0.0000000000
14130  -13.588  -63.540  23.685 0.0000000000
14780  -13.138  -62.846  23.316 0.0000000000
15532  -13.926  -61.922  21.915 0.0000000000
129632  -19.524  -46.159  32.725 0.0000000000
28814  -20.455  -46.333  32.560 0.0000000000
26803  -23.381  -48.584  33.510 0.0000000000
25838  -23.034  -49.343  33.772 0.0000000000
23020  -26.141  -52.367  32.691 0.0000000000
33891  -24.658  -41.495  29.380 0.0000000000
29878  -24.735  -45.834  28.164 0.0000000000
30946  -24.717  -45.029  27.870 0.0000000000
32028  -22.097  -42.849  24.394 0.0000000000
143505  -21.157  -44.226  24.819 0.0000000000
32009  -20.433  -44.305  24.610 0.0000000000
30981  -18.077  -45.110  24.549 0.0000000000
29902  -16.611  -45.521  24.870 0.0000000000
29885  -13.586  -45.075  25.923 0.0000000000
28843  -12.719  -45.634  26.277 0.0000000000
28862  -12.912  -45.514  26.116 0.0000000000
27828  -11.690  -46.176  26.331 0.0000000000
25924  -12.524  -49.167  25.099 0.0000000000
131081  -12.306  -57.988  36.487 0.0000000000
17777  -11.460  -58.237  36.390 0.0000000000
140762  -10.172  -58.689  36.441 0.0000000000
16955  -8.678  -58.775  36.612 0.0000000000
14507  -7.827  -62.656  46.846 0.0000000000
13851  -5.852  -63.457  47.233 0.0000000000
15947  -7.729  -60.971  50.275 0.0000000000
15185  -7.607  -61.525  49.636 0.0000000000
124056  -7.419  -62.101  49.098 0.0000000000
13206  -8.685  -63.837  49.233 0.0000000000
13819  -7.421  -63.520  48.824 0.0000000000
13818  -6.921  -63.504  48.368 0.0000000000
13214  -6.445  -63.812  47.912 0.0000000000
13229  -6.377  -64.151  47.751 0.0000000000
13247  -5.576  -64.129  47.326 0.0000000000
13269  -6.993  -65.281  45.942 0.0000000000
12687  -7.877  -65.339  44.718 0.0000000000
12087  -8.713  -66.554  43.996 0.0000000000
11493  -9.504  -66.853  45.169 0.0000000000
128295  -8.996  -67.218  44.730 0.0000000000
11502  -8.526  -67.234  44.057 0.0000000000
11501  -7.668  -67.641  44.021 0.0000000000
10839  -5.725  -68.377  44.160 0.0000000000
124041  -4.702  -68.866  43.704 0.0000000000
10838  -3.964  -68.474  44.901 0.0000000000
11466  -5.091  -67.502  47.152 0.0000000000
11464  -3.681  -68.191  47.708 0.0000000000
10062  -5.396  -69.187  49.425 0.0000000000
10042  -6.463  -69.189  50.187 0.0000000000
10775  -7.151  -69.151  50.830 0.0000000000
11422  -5.982  -66.514  50.317 0.0000000000
11421  -4.724  -66.431  50.161 0.0000000000
12032  -3.902  -66.707  50.717 0.0000000000
11395  -3.733  -66.825  52.032 0.0000000000
10760  -3.665  -67.414  51.814 0.0000000000
10772  -3.843  -67.641  50.988 0.0000000000
10762  -5.781  -68.652  51.637 0.0000000000
10763  -6.937  -69.061  51.460 0.0000000000
10020  -8.085  -69.624  51.881 0.0000000000
8821  -8.451  -71.128  52.292 0.0000000000
8806  -7.158  -71.680  53.684 0.0000000000
133602  -7.322  -73.405  52.399 0.0000000000
7660  -5.196  -74.140  51.537 0.0000000000
7659  -4.349  -74.227  51.144 0.0000000000
2682  -12.498  -83.078  53.986 0.0000000000
120237  -12.126  -82.352  54.569 0.0000000000
143532  -11.660  -81.386  52.501 0.0000000000
3131  -11.006  -81.397  53.905 0.0000000000
5699  -8.625  -76.847  52.800 0.0000000000
5078  -8.009  -76.746  52.360 0.0000000000
5698  -7.790  -76.349  52.950 0.0000000000
5098  -7.406  -77.130  50.116 0.0000000000
5107  -7.167  -77.708  49.294 0.0000000000
4558  -8.765  -78.232  48.419 0.0000000000
124195  -8.000  -78.450  48.244 0.0000000000
133219  -7.382  -78.938  48.351 0.0000000000
4061  -7.553  -79.765  48.101 0.0000000000
128081  -7.781  -82.011  47.994 0.0000000000
121310  -7.583  -82.505  47.516 0.0000000000
3635  -10.883  -80.091  46.157 0.0000000000
3634  -10.260  -80.242  45.643 0.0000000000
3653  -9.430  -80.527  45.394 0.0000000000
3222  -8.803  -81.374  43.967 0.0000000000
3212  -8.558  -81.202  44.985 0.0000000000
3197  -8.550  -80.943  45.987 0.0000000000
3211  -8.053  -81.562  45.920 0.0000000000
2740  -7.530  -82.326  46.363 0.0000000000
2277  -7.282  -82.987  47.090 0.0000000000
1821  -6.270  -83.979  46.224 0.0000000000
123276  -5.753  -84.701  46.018 0.0000000000
1452  -4.874  -86.290  45.284 0.0000000000
1466  -4.926  -85.657  43.584 0.0000000000
1093  -4.733  -86.431  44.295 0.0000000000
123812  -4.579  -87.270  45.168 0.0000000000
742  -4.337  -88.414  45.137 0.0000000000
196  -4.263  -89.407  44.370 0.0000000000
124410  -3.984  -89.948  43.344 0.0000000000
83  -4.800  -90.259  42.681 0.0000000000
89  -4.489  -90.076  41.111 0.0000000000
205  -6.316  -90.065  41.374 0.0000000000
90  -5.499  -90.137  41.205 0.0000000000
232  -4.253  -89.700  37.949 0.0000000000
491  -4.682  -89.329  37.465 0.0000000000
771  -7.981  -87.880  41.172 0.0000000000
474  -7.706  -88.661  39.946 0.0000000000
129213  -8.379  -86.698  39.807 0.0000000000
1141  -6.828  -87.156  39.376 0.0000000000
797  -6.010  -87.732  39.450 0.0000000000
810  -5.581  -87.707  38.615 0.0000000000
818  -5.313  -88.410  37.550 0.0000000000
497  -5.128  -88.710  36.902 0.0000000000
836  -5.186  -87.755  35.879 0.0000000000
1190  -5.055  -86.906  35.402 0.0000000000
139210  -5.660  -86.218  35.420 0.0000000000
1548  -6.975  -85.609  36.053 0.0000000000
1191  -6.327  -85.968  35.694 0.0000000000
1208  -5.108  -85.892  34.866 0.0000000000
1575  -5.513  -84.903  34.194 0.0000000000
1957  -6.402  -84.480  33.903 0.0000000000
1958  -7.361  -84.325  34.073 0.0000000000
1903  -16.756  -84.792  38.727 0.0000000000
1146  -17.716  -86.140  39.018 0.0000000000
141909  -18.014  -87.075  39.195 0.0000000000
1514  -19.251  -86.346  40.209 0.0000000000
804  -18.739  -87.918  39.694 0.0000000000
227  -18.215  -89.968  38.953 0.0000000000
95  -18.655  -90.130  39.009 0.0000000000
110  -18.586  -90.495  37.765 0.0000000000
462  -21.468  -88.452  40.852 0.0000000000
470  -21.508  -88.669  40.450 0.0000000000
219  -20.594  -89.322  39.959 0.0000000000
238  -19.924  -89.914  38.911 0.0000000000
111  -19.342  -90.220  38.337 0.0000000000
141741  -18.094  -90.582  37.273 0.0000000000
253  -17.549  -90.180  36.335 0.0000000000
266  -17.000  -89.621  35.825 0.0000000000
138479  -16.644  -88.851  35.595 0.0000000000
131589  -16.728  -88.061  35.558 0.0000000000
842  -15.528  -87.826  35.249 0.0000000000
1581  -14.092  -85.032  34.861 0.0000000000
16186  -3.907  -60.087  31.969 0.0000000000
17010  -3.848  -59.379  31.847 0.0000000000
17042  -4.106  -59.334  30.310 0.0000000000
17062  -4.622  -60.044  28.811 0.0000000000
17063  -5.140  -60.006  27.933 0.0000000000
14715  -4.862  -62.237  28.375 0.0000000000
15436  -5.096  -61.692  28.012 0.0000000000
16230  -5.300  -60.945  27.857 0.0000000000
16231  -5.749  -60.827  27.757 0.0000000000
16232  -6.916  -60.708  27.846 0.0000000000
13448  -6.356  -64.026  29.425 0.0000000000
13455  -6.686  -63.967  28.541 0.0000000000
12890  -7.921  -65.236  28.454 0.0000000000
14074  -6.941  -63.975  28.372 0.0000000000
137735  -6.315  -63.385  28.392 0.0000000000
132508  -7.100  -62.441  28.296 0.0000000000
15438  -7.616  -61.481  28.327 0.0000000000
130506  -8.853  -61.383  28.526 0.0000000000
15439  -9.973  -61.344  28.737 0.0000000000
15440  -11.688  -62.028  28.878 0.0000000000
14078  -11.209  -63.694  28.348 0.0000000000
14079  -11.828  -63.433  28.267 0.0000000000
14723  -12.309  -62.806  28.438 0.0000000000
14752  -13.628  -62.643  26.693 0.0000000000
2617  -3.140  -83.629  16.437 0.0000000000
3050  -3.166  -82.819  16.727 0.0000000000
3086  -3.944  -82.036  14.557 0.0000000000
3498  -3.342  -81.519  16.075 0.0000000000
3924  -3.455  -80.835  16.667 0.0000000000
3925  -3.753  -80.410  17.166 0.0000000000
3909  -4.921  -80.329  18.022 0.0000000000
4370  -5.628  -80.010  18.558 0.0000000000
3988  -6.970  -79.670  12.986 0.0000000000
4440  -6.063  -79.431  12.943 0.0000000000
142410  -5.713  -78.680  13.767 0.0000000000
5526  -5.793  -76.660  14.366 0.0000000000
126011  -5.505  -77.063  14.866 0.0000000000
4940  -5.585  -78.707  14.625 0.0000000000
4404  -5.675  -79.238  16.655 0.0000000000
4390  -5.961  -79.166  17.456 0.0000000000
4890  -6.533  -78.656  18.933 0.0000000000
4891  -7.212  -78.277  19.780 0.0000000000
5480  -7.326  -77.660  19.858 0.0000000000
6093  -6.979  -76.077  20.162 0.0000000000
6691  -5.389  -75.030  19.072 0.0000000000
7354  -5.851  -74.115  19.831 0.0000000000
141892  -6.228  -73.839  20.163 0.0000000000
8641  -6.220  -72.228  19.351 0.0000000000
9179  -7.046  -71.046  19.312 0.0000000000
123702  -6.629  -69.912  18.281 0.0000000000
636  -12.255  -88.359  23.577 0.0000000000
637  -13.355  -88.906  23.971 0.0000000000
988  -13.014  -87.991  24.049 0.0000000000
1348  -13.140  -87.290  23.566 0.0000000000
1352  -13.462  -86.691  23.035 0.0000000000
1700  -14.159  -86.117  23.222 0.0000000000
1703  -14.539  -85.501  22.602 0.0000000000
989  -16.497  -87.940  23.612 0.0000000000
970  -15.999  -86.976  24.326 0.0000000000
1336  -17.423  -86.524  24.357 0.0000000000
1335  -16.568  -86.352  24.461 0.0000000000
1334  -15.629  -86.107  24.489 0.0000000000
1690  -14.852  -85.313  24.139 0.0000000000
2097  -14.910  -84.595  23.690 0.0000000000
2106  -14.817  -84.658  22.884 0.0000000000
2572  -16.083  -83.604  21.869 0.0000000000
2573  -16.902  -83.511  21.760 0.0000000000
2560  -17.380  -83.071  22.517 0.0000000000
2990  -16.665  -82.534  23.893 0.0000000000
3005  -16.944  -82.622  23.188 0.0000000000
2561  -18.326  -83.236  22.767 0.0000000000
2562  -19.386  -83.421  23.050 0.0000000000
127976  -20.094  -83.801  22.926 0.0000000000
140167  -20.673  -83.271  22.757 0.0000000000
1341  -23.228  -87.056  24.816 0.0000000000
1682  -20.922  -85.676  26.032 0.0000000000
1666  -20.394  -85.032  26.460 0.0000000000
132302  -21.126  -45.266  32.272 0.0000000000
31973  -25.375  -44.158  30.949 0.0000000000
133951  -25.621  -44.171  30.343 0.0000000000
27786  -25.950  -47.017  30.890 0.0000000000
28829  -25.980  -47.094  30.096 0.0000000000
27792  -26.010  -47.996  29.730 0.0000000000
27791  -25.626  -47.194  29.206 0.0000000000
138784  -13.532  -84.156  52.878 0.0000000000
1796  -12.664  -85.065  52.159 0.0000000000
1425  -12.395  -85.588  51.061 0.0000000000
1064  -12.811  -85.927  50.592 0.0000000000
1063  -12.055  -86.016  50.516 0.0000000000
131564  -11.403  -86.974  49.119 0.0000000000
715  -10.895  -87.382  48.213 0.0000000000
723  -10.138  -87.892  47.618 0.0000000000
426  -10.371  -88.401  46.769 0.0000000000
419  -11.488  -88.316  47.644 0.0000000000
427  -11.635  -88.552  46.955 0.0000000000
428  -12.970  -88.595  46.728 0.0000000000
1080  -14.165  -87.471  47.564 0.0000000000
422  -14.567  -88.276  46.602 0.0000000000
143737  -14.556  -88.473  46.206 0.0000000000
131920  -16.080  -87.936  44.353 0.0000000000
1097  -15.226  -86.774  45.173 0.0000000000
1105  -16.034  -87.066  43.757 0.0000000000
11006  -5.293  -68.120  33.718 0.0000000000
11007  -5.853  -68.272  32.684 0.0000000000
11031  -6.468  -68.527  31.788 0.0000000000
3065  -4.934  -83.493  16.604 0.0000000000
3051  -5.952  -82.891  17.251 0.0000000000
3500  -6.240  -82.130  17.175 0.0000000000
128079  -6.476  -81.450  16.718 0.0000000000
3943  -7.094  -80.929  16.635 0.0000000000
128718  -9.933  -82.670  14.836 0.0000000000
128976  -11.054  -82.503  16.087 0.0000000000
3068  -10.557  -82.377  16.925 0.0000000000
138859  -8.832  -82.352  17.430 0.0000000000
3042  -8.304  -81.830  18.071 0.0000000000
3928  -8.155  -81.004  18.022 0.0000000000
3944  -7.997  -80.527  16.629 0.0000000000
3945  -8.852  -80.340  16.273 0.0000000000
3946  -9.697  -80.211  16.574 0.0000000000
4405  -10.850  -80.066  15.520 0.0000000000
4392  -10.627  -79.640  18.079 0.0000000000
4407  -12.411  -79.580  15.412 0.0000000000
4945  -12.642  -79.366  14.552 0.0000000000
1731  -16.080  -85.862  19.699 0.0000000000
1379  -15.712  -86.730  19.426 0.0000000000
1391  -16.107  -87.507  19.018 0.0000000000
1037  -16.569  -88.210  18.613 0.0000000000
1036  -15.697  -88.171  18.635 0.0000000000
682  -15.211  -88.518  18.274 0.0000000000
690  -15.491  -88.577  17.610 0.0000000000
130373  -15.196  -88.447  16.710 0.0000000000
1048  -15.375  -87.943  16.107 0.0000000000
1058  -16.844  -86.956  15.816 0.0000000000
1411  -19.177  -86.351  14.650 0.0000000000
1416  -18.413  -85.805  14.282 0.0000000000
123414  -18.112  -85.011  13.372 0.0000000000
2226  -18.200  -83.052  12.439 0.0000000000
3110  -17.799  -82.000  12.348 0.0000000000
2122  -22.703  -84.911  21.832 0.0000000000
133709  -23.040  -86.150  21.441 0.0000000000
1371  -23.124  -86.870  20.844 0.0000000000
1372  -24.212  -87.100  20.415 0.0000000000
1015  -23.688  -87.631  19.979 0.0000000000
676  -23.368  -88.146  18.616 0.0000000000
1045  -22.634  -87.755  17.507 0.0000000000
1403  -22.009  -87.392  16.840 0.0000000000
139779  -22.294  -84.958  19.517 0.0000000000
2599  -20.957  -83.632  19.387 0.0000000000
129035  -21.495  -85.064  19.472 0.0000000000
1746  -21.778  -86.117  18.764 0.0000000000
1394  -21.681  -86.760  17.489 0.0000000000
1402  -21.594  -87.061  16.337 0.0000000000
1401  -20.149  -86.271  16.658 0.0000000000
1762  -19.027  -85.477  15.985 0.0000000000
2193  -18.643  -84.994  15.551 0.0000000000
2169  -17.834  -83.838  17.205 0.0000000000
2183  -17.914  -84.244  16.220 0.0000000000
2192  -18.190  -84.247  15.100 0.0000000000
2648  -18.041  -82.835  13.920 0.0000000000
120554  -17.803  -81.537  13.267 0.0000000000
3528  -17.490  -81.345  12.868 0.0000000000
3527  -16.989  -80.896  13.133 0.0000000000
3519  -16.884  -80.615  13.926 0.0000000000
3510  -16.119  -80.819  15.375 0.0000000000
3948  -17.102  -80.032  16.347 0.0000000000
139023  -16.198  -80.696  16.418 0.0000000000
3495  -15.182  -81.445  17.097 0.0000000000
3482  -14.509  -81.304  18.801 0.0000000000
4357  -16.899  -79.223  21.108 0.0000000000
4356  -15.872  -79.327  21.229 0.0000000000
3886  -15.435  -79.976  20.666 0.0000000000
3885  -14.378  -80.148  20.738 0.0000000000
122361  -13.808  -80.624  20.289 0.0000000000
4354  -13.371  -79.297  20.660 0.0000000000
4880  -13.441  -78.585  20.467 0.0000000000
33042  -17.592  -41.917  22.886 0.0000000000
27759  -18.436  -47.555  34.799 0.0000000000
127134  -17.599  -49.699  33.326 0.0000000000
23904  -16.790  -51.312  31.444 0.0000000000
23903  -16.745  -51.993  31.824 0.0000000000
22108  -16.674  -52.951  32.445 0.0000000000
24836  -15.183  -49.269  36.652 0.0000000000
24839  -16.470  -50.429  35.305 0.0000000000
23017  -16.585  -52.583  32.428 0.0000000000
21208  -16.593  -54.566  33.859 0.0000000000
123030  -16.725  -55.316  34.518 0.0000000000
20404  -15.056  -54.626  32.653 0.0000000000
20379  -15.971  -55.276  34.003 0.0000000000
23879  -12.818  -50.839  36.972 0.0000000000
21193  -13.263  -54.397  36.438 0.0000000000
126069  -13.595  -53.350  36.568 0.0000000000
127297  -12.484  -53.056  36.591 0.0000000000
21203  -10.310  -53.059  35.905 0.0000000000
22063  -11.137  -52.157  36.280 0.0000000000
22064  -11.834  -51.833  36.745 0.0000000000
137529  -11.880  -51.742  36.604 0.0000000000
22988  -11.891  -51.682  36.511 0.0000000000
22080  -12.483  -52.891  34.535 0.0000000000
21222  -13.121  -54.728  33.289 0.0000000000
19531  -13.935  -55.721  33.484 0.0000000000
19511  -12.796  -56.643  34.247 0.0000000000
119959  -13.908  -56.614  34.202 0.0000000000
18626  -14.703  -57.914  35.145 0.0000000000
16940  -11.098  -59.736  37.291 0.0000000000
16954  -7.678  -58.410  36.652 0.0000000000
14524  -4.447  -62.890  46.081 0.0000000000
124052  -6.155  -62.346  44.362 0.0000000000
128970  -6.713  -62.225  43.462 0.0000000000
14557  -4.386  -62.127  43.506 0.0000000000
14569  -6.359  -61.881  42.751 0.0000000000
16110  -8.232  -60.292  38.719 0.0000000000
16096  -6.504  -60.262  39.736 0.0000000000
16109  -7.068  -59.937  38.947 0.0000000000
16923  -7.474  -59.433  38.012 0.0000000000
118585  -6.384  -58.667  37.652 0.0000000000
17756  -5.643  -57.941  36.839 0.0000000000
17771  -4.033  -57.716  36.143 0.0000000000
16953  -4.409  -58.471  35.734 0.0000000000
15347  -6.326  -60.574  36.615 0.0000000000
15346  -4.910  -60.987  37.621 0.0000000000
138098  -6.022  -60.971  37.296 0.0000000000
124883  -7.106  -61.239  37.296 0.0000000000
135411  -10.438  -69.177  58.711 0.0000000000
122140  -6.012  -67.385  57.698 0.0000000000
11286  -3.760  -67.915  60.398 0.0000000000
11319  -3.751  -67.806  58.221 0.0000000000
131704  -4.216  -67.722  57.370 0.0000000000
10695  -3.360  -68.400  57.622 0.0000000000
9973  -3.221  -68.987  56.980 0.0000000000
9323  -3.836  -70.390  57.046 0.0000000000
8742  -6.591  -71.892  59.807 0.0000000000
137004  -6.063  -71.955  60.988 0.0000000000
8730  -4.455  -71.388  60.837 0.0000000000
7568  -5.232  -73.424  60.919 0.0000000000
138939  -5.202  -72.814  60.875 0.0000000000
8741  -4.282  -71.541  60.744 0.0000000000
8753  -4.441  -71.952  59.592 0.0000000000
8765  -4.604  -71.375  57.975 0.0000000000
9324  -5.015  -70.894  56.256 0.0000000000
8232  -5.754  -72.578  56.381 0.0000000000
137948  -5.884  -73.488  55.651 0.0000000000
6971  -5.566  -74.134  54.983 0.0000000000
6957  -4.110  -74.754  56.132 0.0000000000
6970  -4.392  -74.534  55.136 0.0000000000
125744  -4.795  -74.381  54.216 0.0000000000
6986  -3.973  -74.320  53.277 0.0000000000
7018  -3.984  -74.296  51.724 0.0000000000
5697  -6.824  -76.270  53.042 0.0000000000
127554  -6.418  -76.275  54.007 0.0000000000
5696  -5.804  -76.481  53.202 0.0000000000
5077  -4.947  -77.350  52.211 0.0000000000
5695  -5.049  -77.105  53.552 0.0000000000
5685  -4.941  -77.819  54.651 0.0000000000
5057  -4.594  -79.605  54.821 0.0000000000
4512  -4.112  -80.139  55.285 0.0000000000
2249  -6.796  -83.217  49.741 0.0000000000
2707  -6.761  -82.486  50.074 0.0000000000
3138  -5.703  -81.351  51.443 0.0000000000
2695  -5.482  -82.655  50.713 0.0000000000
2688  -5.736  -81.889  51.189 0.0000000000
3578  -5.161  -80.909  52.033 0.0000000000
4033  -4.555  -80.167  53.291 0.0000000000
4027  -4.226  -79.922  54.848 0.0000000000
4511  -3.972  -79.648  55.190 0.0000000000
5056  -3.530  -78.136  54.713 0.0000000000
5065  -3.462  -77.860  53.802 0.0000000000
133635  -3.416  -77.280  52.526 0.0000000000
4037  -3.491  -79.071  50.912 0.0000000000
125561  -3.336  -78.051  51.270 0.0000000000
5705  -3.411  -76.343  52.379 0.0000000000
5713  -3.450  -75.997  51.468 0.0000000000
267  -3.009  -89.640  34.579 0.0000000000
434  -10.228  -88.269  46.151 0.0000000000
745  -11.073  -87.097  45.163 0.0000000000
1102  -10.922  -86.543  44.372 0.0000000000
1096  -12.489  -86.581  44.332 0.0000000000
1469  -11.854  -85.960  44.063 0.0000000000
1468  -11.337  -85.824  43.570 0.0000000000
1869  -11.754  -84.486  41.576 0.0000000000
1879  -11.791  -84.174  40.959 0.0000000000
1878  -11.291  -83.771  39.899 0.0000000000
1123  -13.103  -86.371  41.745 0.0000000000
1499  -12.779  -85.086  40.685 0.0000000000
1890  -12.613  -84.636  39.936 0.0000000000
2350  -11.870  -83.664  39.559 0.0000000000
2349  -11.199  -83.446  39.144 0.0000000000
2374  -10.936  -83.249  37.568 0.0000000000
131190  -10.119  -83.571  36.312 0.0000000000
1917  -11.474  -84.316  36.571 0.0000000000
2398  -10.396  -83.789  35.789 0.0000000000
1944  -9.077  -83.852  35.210 0.0000000000
1960  -9.196  -84.298  34.557 0.0000000000
1959  -8.350  -84.343  34.114 0.0000000000
1589  -7.653  -84.697  33.559 0.0000000000
484  -14.279  -89.306  38.699 0.0000000000
483  -13.474  -90.278  39.337 0.0000000000
16  -15.459  -91.170  36.482 0.0000000000
15  -14.475  -91.269  36.579 0.0000000000
6  -12.713  -91.254  37.253 0.0000000000
138094  -10.821  -91.016  36.242 0.0000000000
124628  -11.825  -91.201  36.870 0.0000000000
120518  -10.391  -88.366  37.399 0.0000000000
820  -10.129  -87.887  36.752 0.0000000000
1181  -9.972  -87.279  35.978 0.0000000000
837  -8.385  -88.233  35.026 0.0000000000
854  -8.946  -86.931  34.692 0.0000000000
125153  -8.219  -85.346  33.587 0.0000000000
1991  -6.997  -84.979  33.033 0.0000000000
1599  -6.599  -85.245  32.262 0.0000000000
1613  -6.497  -85.363  31.436 0.0000000000
1245  -7.837  -86.144  31.456 0.0000000000
1615  -8.020  -85.749  30.820 0.0000000000
556  -9.431  -89.799  31.490 0.0000000000
126251  -10.587  -86.618  30.211 0.0000000000
1270  -11.039  -86.510  29.502 0.0000000000
129090  -14.052  -91.395  22.545 0.0000000000
64  -15.781  -91.304  22.814 0.0000000000
25  -14.618  -91.043  29.059 0.0000000000
31  -14.879  -90.701  28.257 0.0000000000
38  -15.066  -90.606  26.689 0.0000000000
334  -15.449  -90.143  27.434 0.0000000000
145  -15.504  -90.352  26.789 0.0000000000
39  -15.812  -90.813  25.823 0.0000000000
47  -16.512  -91.147  25.139 0.0000000000
65  -16.899  -91.401  23.286 0.0000000000
66  -17.851  -91.336  23.546 0.0000000000
67  -18.572  -91.159  23.554 0.0000000000
167  -19.658  -90.802  23.288 0.0000000000
345  -18.460  -89.559  24.788 0.0000000000
354  -18.940  -90.542  24.249 0.0000000000
128353  -15.689  -84.830  28.991 0.0000000000
26797  -17.402  -48.757  31.834 0.0000000000
24855  -17.501  -50.325  31.311 0.0000000000
24856  -17.904  -49.609  31.492 0.0000000000
121580  -18.505  -53.634  34.504 0.0000000000
133019  -19.073  -53.248  34.593 0.0000000000
22999  -19.754  -52.617  34.582 0.0000000000
21211  -20.738  -54.684  34.928 0.0000000000
22086  -20.854  -53.789  34.926 0.0000000000
23000  -20.604  -52.181  34.638 0.0000000000
131839  -21.426  -51.900  34.589 0.0000000000
23900  -22.217  -51.789  34.324 0.0000000000
23009  -23.429  -52.536  33.472 0.0000000000
22098  -23.831  -53.383  33.435 0.0000000000
23010  -24.235  -52.605  33.127 0.0000000000
26834  -9.878  -47.614  27.726 0.0000000000
26839  -9.680  -47.484  27.129 0.0000000000
25886  -8.649  -48.790  27.008 0.0000000000
25887  -9.144  -48.105  26.974 0.0000000000
26853  -9.575  -47.796  26.431 0.0000000000
25922  -10.017  -48.584  25.931 0.0000000000
25923  -11.543  -48.948  25.696 0.0000000000
130127  -12.539  -50.211  25.075 0.0000000000
17883  -4.158  -57.588  30.823 0.0000000000
20479  -4.617  -55.615  29.698 0.0000000000
18743  -5.878  -57.489  26.941 0.0000000000
19613  -5.464  -56.415  28.015 0.0000000000
20495  -5.292  -55.112  28.477 0.0000000000
17904  -8.507  -58.399  27.870 0.0000000000
125368  -7.997  -57.613  27.587 0.0000000000
18767  -9.708  -57.110  27.756 0.0000000000
19644  -8.222  -55.905  27.703 0.0000000000
20497  -7.493  -54.908  27.437 0.0000000000
21306  -8.021  -54.312  27.420 0.0000000000
22163  -7.546  -53.154  27.348 0.0000000000
22164  -7.756  -52.296  27.349 0.0000000000
136947  -9.681  -51.393  26.794 0.0000000000
22175  -10.774  -53.245  26.660 0.0000000000
23081  -10.997  -52.438  26.425 0.0000000000
24007  -10.510  -51.226  26.471 0.0000000000
24930  -11.339  -50.871  26.102 0.0000000000
24022  -12.333  -51.259  24.959 0.0000000000
24986  -12.845  -50.771  23.223 0.0000000000
4876  -4.222  -79.175  20.901 0.0000000000
120881  -4.122  -69.817  25.851 0.0000000000
128986  -3.208  -68.688  29.790 0.0000000000
126614  -3.219  -67.641  29.792 0.0000000000
143603  -3.892  -66.655  29.792 0.0000000000
11072  -4.813  -67.201  27.642 0.0000000000
11062  -4.856  -67.009  28.590 0.0000000000
137914  -4.933  -66.865  29.450 0.0000000000
132219  -6.372  -68.183  30.088 0.0000000000
10350  -7.030  -68.966  30.364 0.0000000000
10370  -8.311  -69.872  29.896 0.0000000000
7381  -9.388  -74.427  19.763 0.0000000000
7380  -8.528  -73.996  19.146 0.0000000000
8656  -8.153  -73.228  18.479 0.0000000000
8667  -7.414  -72.357  17.320 0.0000000000
9197  -7.054  -71.810  16.632 0.0000000000
9206  -6.951  -71.301  16.031 0.0000000000
128540  -8.242  -70.258  14.825 0.0000000000
10543  -7.536  -70.511  15.281 0.0000000000
9835  -6.563  -70.833  16.162 0.0000000000
10508  -6.386  -70.417  16.965 0.0000000000
120045  -6.595  -69.619  17.196 0.0000000000
11173  -6.741  -68.522  18.116 0.0000000000
12441  -10.149  -67.285  15.285 0.0000000000
12430  -11.442  -66.531  15.714 0.0000000000
120502  -9.950  -66.693  16.471 0.0000000000
11808  -9.367  -67.553  15.812 0.0000000000
11799  -8.126  -67.162  17.341 0.0000000000
11797  -6.906  -67.862  17.931 0.0000000000
133633  -6.582  -67.397  18.819 0.0000000000
11785  -6.400  -66.875  19.497 0.0000000000
11773  -6.088  -66.936  20.165 0.0000000000
11774  -6.300  -66.907  20.281 0.0000000000
11776  -8.692  -67.206  20.065 0.0000000000
11775  -7.379  -66.943  20.115 0.0000000000
11754  -6.447  -67.321  21.692 0.0000000000
11138  -6.916  -67.719  22.380 0.0000000000
11127  -7.919  -68.790  22.881 0.0000000000
10440  -7.674  -69.137  23.663 0.0000000000
11780  -13.219  -66.848  20.680 0.0000000000
11767  -12.733  -67.437  21.103 0.0000000000
11142  -12.008  -68.905  22.015 0.0000000000
11143  -13.659  -68.872  22.578 0.0000000000
10457  -10.435  -69.403  22.349 0.0000000000
139505  -9.870  -69.576  22.683 0.0000000000
10441  -8.661  -69.576  23.419 0.0000000000
10424  -8.369  -69.831  24.218 0.0000000000
9735  -8.071  -70.102  24.983 0.0000000000
9714  -8.152  -70.501  26.243 0.0000000000
128666  -8.580  -70.625  26.961 0.0000000000
126071  -10.831  -70.573  26.093 0.0000000000
9715  -9.482  -70.634  27.034 0.0000000000
9705  -8.243  -70.534  27.589 0.0000000000
9692  -8.413  -70.424  28.341 0.0000000000
9676  -8.759  -70.225  29.222 0.0000000000
9660  -9.213  -70.082  30.150 0.0000000000
9661  -10.206  -69.957  30.338 0.0000000000
10354  -10.807  -69.492  30.756 0.0000000000
11050  -11.934  -68.621  30.145 0.0000000000
11073  -12.927  -68.773  28.750 0.0000000000
11064  -12.441  -68.681  29.474 0.0000000000
11690  -12.167  -67.890  29.828 0.0000000000
11689  -12.022  -67.252  29.258 0.0000000000
118300  -11.082  -66.685  27.825 0.0000000000
12292  -9.826  -66.533  26.418 0.0000000000
129515  -13.475  -65.642  25.001 0.0000000000
12918  -12.325  -65.464  24.731 0.0000000000
132449  -11.436  -65.953  24.882 0.0000000000
140032  -10.613  -64.480  23.522 0.0000000000
13503  -10.252  -65.339  23.858 0.0000000000
12911  -11.034  -66.455  25.266 0.0000000000
12303  -10.212  -66.514  25.375 0.0000000000
12297  -9.792  -66.395  25.654 0.0000000000
133967  -9.386  -65.749  25.114 0.0000000000
13498  -9.467  -65.141  25.424 0.0000000000
14110  -10.090  -64.063  25.593 0.0000000000
14760  -10.167  -62.669  25.458 0.0000000000
14761  -11.275  -62.473  25.810 0.0000000000
133729  -12.073  -62.163  25.551 0.0000000000
15487  -12.987  -62.132  25.261 0.0000000000
15488  -13.919  -62.062  24.988 0.0000000000
3  -9.540  -90.878  36.727 0.0000000000
9  -16.506  -91.027  37.292 0.0000000000
10  -17.067  -91.020  37.081 0.0000000000
12  -10.887  -91.076  36.532 0.0000000000
14  -13.598  -91.299  36.799 0.0000000000
18  -9.455  -90.971  36.268 0.0000000000
19  -10.208  -90.998  36.220 0.0000000000
21  -14.780  -91.057  36.023 0.0000000000
30  -14.536  -90.812  28.062 0.0000000000
63  -14.694  -91.195  22.331 0.0000000000
68  -19.135  -90.963  23.092 0.0000000000
75  -16.447  -91.041  22.529 0.0000000000
76  -17.427  -91.108  22.710 0.0000000000
77  -18.361  -91.087  22.919 0.0000000000
80  -5.470  -90.150  42.690 0.0000000000
84  -6.053  -90.220  41.977 0.0000000000
86  -4.638  -90.317  41.909 0.0000000000
93  -12.593  -90.468  39.626 0.0000000000
103  -18.737  -90.357  38.541 0.0000000000
105  -13.240  -90.797  38.237 0.0000000000
112  -8.524  -90.775  35.849 0.0000000000
114  -11.537  -91.029  36.306 0.0000000000
115  -16.762  -90.875  36.464 0.0000000000
116  -17.550  -90.689  36.822 0.0000000000
117  -8.179  -90.564  35.174 0.0000000000
123  -14.207  -90.863  35.848 0.0000000000
124  -15.596  -90.840  35.904 0.0000000000
125  -16.319  -90.615  35.909 0.0000000000
129  -14.220  -90.507  31.420 0.0000000000
131  -14.185  -91.068  30.328 0.0000000000
132  -14.442  -90.895  30.688 0.0000000000
133  -14.934  -90.825  29.486 0.0000000000
158  -19.338  -90.828  23.761 0.0000000000
166  -19.053  -90.966  23.525 0.0000000000
178  -13.683  -91.138  22.105 0.0000000000
180  -15.433  -90.817  22.258 0.0000000000
182  -17.000  -90.651  22.317 0.0000000000
192  -3.602  -88.771  45.751 0.0000000000
198  -4.665  -89.770  43.698 0.0000000000
199  -5.248  -89.958  43.179 0.0000000000
203  -6.395  -90.001  41.913 0.0000000000
206  -6.743  -89.958  41.311 0.0000000000
213  -4.650  -89.784  40.624 0.0000000000
220  -21.176  -89.118  39.931 0.0000000000
236  -15.817  -89.587  38.023 0.0000000000
252  -8.923  -90.619  36.628 0.0000000000
255  -3.295  -89.580  35.409 0.0000000000
269  -3.431  -89.561  34.756 0.0000000000
275  -8.043  -90.641  32.989 0.0000000000
279  -3.153  -89.876  32.257 0.0000000000
281  -8.383  -90.844  32.151 0.0000000000
291  -8.041  -90.081  31.977 0.0000000000
297  -13.788  -90.323  31.931 0.0000000000
303  -13.102  -89.871  31.144 0.0000000000
305  -14.534  -90.013  31.374 0.0000000000
344  -17.615  -90.076  25.146 0.0000000000
365  -12.117  -89.912  23.204 0.0000000000
368  -14.697  -89.606  23.147 0.0000000000
369  -15.686  -89.476  22.859 0.0000000000
413  -11.994  -88.049  48.218 0.0000000000
418  -10.577  -88.293  47.408 0.0000000000
429  -13.988  -88.559  46.405 0.0000000000
431  -15.443  -88.095  45.909 0.0000000000
433  -4.060  -88.734  45.635 0.0000000000
440  -4.228  -89.154  44.724 0.0000000000
445  -4.786  -89.629  43.728 0.0000000000
452  -7.002  -89.472  41.377 0.0000000000
469  -20.980  -88.994  40.437 0.0000000000
479  -19.596  -89.361  39.897 0.0000000000
487  -19.878  -89.187  37.939 0.0000000000
496  -4.454  -89.457  36.851 0.0000000000
498  -8.275  -90.037  35.890 0.0000000000
501  -17.723  -89.442  36.284 0.0000000000
508  -8.612  -88.967  35.837 0.0000000000
514  -15.368  -88.941  35.433 0.0000000000
534  -7.443  -89.587  33.291 0.0000000000
547  -12.555  -89.859  32.306 0.0000000000
579  -15.065  -89.221  29.578 0.0000000000
638  -14.153  -88.811  23.983 0.0000000000
641  -17.264  -88.728  22.931 0.0000000000
653  -17.087  -89.583  22.390 0.0000000000
677  -23.916  -87.659  18.742 0.0000000000
683  -16.114  -88.496  18.219 0.0000000000
687  -21.934  -88.586  17.816 0.0000000000
688  -22.813  -88.273  17.904 0.0000000000
689  -23.339  -87.926  18.213 0.0000000000
711  -11.977  -87.095  49.514 0.0000000000
714  -4.914  -87.667  48.323 0.0000000000
725  -13.842  -87.668  47.806 0.0000000000
726  -14.442  -87.976  47.152 0.0000000000
730  -9.035  -88.001  46.827 0.0000000000
743  -8.911  -87.639  45.108 0.0000000000
748  -15.772  -87.448  44.747 0.0000000000
751  -5.277  -89.149  43.221 0.0000000000
777  -21.386  -88.147  41.186 0.0000000000
783  -8.329  -88.266  40.285 0.0000000000
785  -9.471  -87.063  40.955 0.0000000000
792  -22.124  -88.188  40.847 0.0000000000
803  -17.887  -87.973  39.081 0.0000000000
813  -15.496  -87.562  38.301 0.0000000000
814  -16.695  -87.718  38.497 0.0000000000
826  -5.475  -87.928  36.510 0.0000000000
840  -13.185  -87.397  35.613 0.0000000000
841  -14.004  -87.316  35.629 0.0000000000
852  -7.316  -88.659  33.801 0.0000000000
878  -7.356  -87.984  32.477 0.0000000000
967  -13.869  -87.632  24.205 0.0000000000
987  -12.380  -87.794  23.416 0.0000000000
1014  -22.569  -87.545  20.219 0.0000000000
1016  -24.540  -87.349  19.756 0.0000000000
1017  -24.994  -87.033  19.650 0.0000000000
1022  -14.481  -87.972  19.393 0.0000000000
1028  -23.121  -88.162  19.340 0.0000000000
1030  -24.494  -87.318  19.261 0.0000000000
1039  -18.259  -88.582  18.655 0.0000000000
1040  -19.049  -88.631  18.672 0.0000000000
1044  -21.976  -87.620  16.816 0.0000000000
1050  -17.467  -87.649  16.499 0.0000000000
1052  -20.494  -87.593  16.136 0.0000000000
1053  -21.350  -87.340  16.241 0.0000000000
1054  -21.653  -87.297  16.462 0.0000000000
1066  -11.760  -86.495  49.868 0.0000000000
1074  -13.459  -86.609  49.080 0.0000000000
1083  -9.894  -86.609  47.318 0.0000000000
1088  -5.128  -86.430  46.439 0.0000000000
1090  -12.216  -87.248  45.180 0.0000000000
1110  -9.985  -86.833  42.408 0.0000000000
1117  -5.777  -86.561  41.892 0.0000000000
1120  -8.255  -87.119  41.552 0.0000000000
1142  -7.443  -86.534  39.388 0.0000000000
1158  -16.638  -85.668  38.606 0.0000000000
1168  -6.352  -86.910  38.180 0.0000000000
1170  -11.145  -86.668  37.279 0.0000000000
1179  -5.858  -86.980  36.002 0.0000000000
1192  -9.712  -86.552  35.200 0.0000000000
1193  -10.320  -86.155  35.650 0.0000000000
1194  -12.690  -86.744  35.238 0.0000000000
1212  -12.350  -86.308  34.703 0.0000000000
1227  -11.882  -85.995  33.381 0.0000000000
1253  -4.415  -88.066  30.805 0.0000000000
1254  -4.882  -87.395  30.429 0.0000000000
1255  -5.601  -86.921  30.142 0.0000000000
1256  -6.361  -86.123  30.154 0.0000000000
1260  -11.352  -87.024  29.938 0.0000000000
1271  -14.700  -86.009  29.561 0.0000000000
1349  -13.821  -86.743  23.718 0.0000000000
1380  -16.483  -86.574  19.304 0.0000000000
1381  -17.331  -86.670  19.366 0.0000000000
1397  -24.299  -87.263  18.961 0.0000000000
1421  -13.291  -85.129  51.993 0.0000000000
1423  -12.584  -85.336  51.659 0.0000000000
1430  -11.620  -85.915  50.140 0.0000000000
1431  -13.363  -85.620  50.392 0.0000000000
1435  -11.206  -86.217  48.685 0.0000000000
1459  -5.030  -85.518  44.485 0.0000000000
1461  -8.399  -86.235  44.562 0.0000000000
1475  -5.555  -85.776  42.171 0.0000000000
1476  -6.983  -85.449  41.876 0.0000000000
1479  -12.338  -85.331  42.758 0.0000000000
1485  -6.423  -85.659  41.787 0.0000000000
1487  -11.272  -85.038  42.051 0.0000000000
1489  -12.872  -85.502  41.473 0.0000000000
1522  -8.083  -84.910  38.688 0.0000000000
1524  -15.771  -85.834  38.701 0.0000000000
1561  -5.930  -85.387  34.991 0.0000000000
1565  -10.486  -85.126  35.314 0.0000000000
1576  -6.318  -84.724  34.513 0.0000000000
1577  -9.029  -84.942  33.983 0.0000000000
1587  -4.251  -85.344  33.170 0.0000000000
1597  -3.822  -85.772  32.476 0.0000000000
1622  -4.878  -86.000  30.558 0.0000000000
1679  -17.169  -85.144  25.281 0.0000000000
1692  -16.202  -85.514  24.721 0.0000000000
1701  -14.555  -85.368  23.476 0.0000000000
1708  -15.406  -85.128  21.125 0.0000000000
1719  -15.733  -85.408  20.316 0.0000000000
1724  -20.282  -86.174  21.106 0.0000000000
1734  -19.911  -85.356  18.816 0.0000000000
1743  -18.818  -85.095  18.086 0.0000000000
1763  -20.025  -85.962  15.646 0.0000000000
1771  -20.127  -86.037  15.023 0.0000000000
1778  -17.807  -85.424  13.885 0.0000000000
1779  -19.225  -85.214  13.669 0.0000000000
1780  -19.710  -85.052  13.937 0.0000000000
1786  -19.042  -84.760  13.391 0.0000000000
1788  -17.217  -84.701  13.076 0.0000000000
1793  -13.089  -84.660  52.649 0.0000000000
1795  -12.018  -85.039  51.846 0.0000000000
1800  -11.722  -85.073  51.201 0.0000000000
1802  -4.433  -84.911  49.769 0.0000000000
1803  -5.522  -85.128  49.834 0.0000000000
1804  -6.038  -84.669  49.766 0.0000000000
1836  -5.147  -84.832  43.812 0.0000000000
1837  -5.386  -84.042  44.021 0.0000000000
1846  -5.166  -84.955  43.023 0.0000000000
1849  -8.850  -83.977  43.180 0.0000000000
1855  -5.579  -84.356  42.589 0.0000000000
1859  -12.025  -84.703  42.183 0.0000000000
1867  -5.871  -85.067  41.986 0.0000000000
1880  -12.369  -84.343  40.572 0.0000000000
1915  -8.609  -84.350  38.093 0.0000000000
1918  -12.114  -84.226  37.694 0.0000000000
1930  -11.016  -83.912  36.022 0.0000000000
1946  -10.460  -84.308  35.426 0.0000000000
1973  -6.823  -84.570  33.499 0.0000000000
1988  -4.965  -84.595  32.779 0.0000000000
1989  -5.675  -84.616  32.698 0.0000000000
1990  -6.373  -84.753  32.828 0.0000000000
1992  -12.813  -84.521  32.684 0.0000000000
2107  -15.402  -84.069  22.322 0.0000000000
2109  -19.564  -84.091  22.628 0.0000000000
2111  -21.105  -84.323  22.584 0.0000000000
2118  -18.789  -84.281  22.023 0.0000000000
2146  -21.607  -84.374  19.418 0.0000000000
2159  -19.273  -84.886  18.690 0.0000000000
2227  -13.008  -83.321  54.056 0.0000000000
2233  -12.706  -84.257  52.980 0.0000000000
2235  -11.973  -84.522  52.070 0.0000000000
2237  -5.021  -83.605  50.470 0.0000000000
2238  -5.928  -83.378  50.391 0.0000000000
2250  -11.556  -84.074  49.899 0.0000000000
2258  -7.110  -83.288  48.989 0.0000000000
2268  -6.692  -84.091  47.874 0.0000000000
2270  -11.365  -83.827  47.541 0.0000000000
2276  -6.795  -83.612  47.093 0.0000000000
2278  -10.938  -83.941  46.119 0.0000000000
2289  -11.199  -83.079  45.801 0.0000000000
2315  -6.003  -83.716  42.539 0.0000000000
2335  -11.860  -83.876  40.308 0.0000000000
2336  -12.093  -83.910  40.199 0.0000000000
2348  -10.505  -83.456  38.903 0.0000000000
2351  -12.303  -83.981  39.755 0.0000000000
2362  -11.036  -83.248  38.382 0.0000000000
2364  -12.212  -83.764  38.959 0.0000000000
2376  -12.023  -83.669  38.134 0.0000000000
2387  -10.873  -83.571  36.594 0.0000000000
2397  -9.623  -83.707  35.790 0.0000000000
2539  -16.170  -83.284  24.670 0.0000000000
2558  -15.778  -83.369  22.727 0.0000000000
2559  -16.555  -83.116  22.493 0.0000000000
2597  -19.325  -83.391  19.390 0.0000000000
2618  -5.739  -83.537  17.062 0.0000000000
2629  -3.366  -83.387  15.899 0.0000000000
2635  -17.806  -83.291  15.825 0.0000000000
2639  -3.740  -83.257  15.644 0.0000000000
2649  -18.728  -83.780  13.325 0.0000000000
2660  -18.445  -83.419  12.879 0.0000000000
2680  -12.851  -82.697  54.490 0.0000000000
2685  -11.951  -83.217  52.619 0.0000000000
2693  -4.131  -82.252  50.412 0.0000000000
2705  -3.877  -82.518  49.787 0.0000000000
2708  -11.610  -83.155  50.138 0.0000000000
2728  -7.476  -82.657  48.455 0.0000000000
2755  -6.962  -82.332  43.506 0.0000000000
2767  -7.273  -83.005  42.464 0.0000000000
2771  -9.990  -82.359  43.606 0.0000000000
2954  -16.690  -82.831  24.998 0.0000000000
2955  -17.320  -82.730  25.585 0.0000000000
2970  -16.525  -82.720  24.435 0.0000000000
2972  -17.958  -82.117  25.331 0.0000000000
3006  -17.801  -82.686  23.309 0.0000000000
3035  -18.774  -82.712  19.290 0.0000000000
3043  -8.929  -81.833  18.109 0.0000000000
3056  -11.893  -82.129  17.284 0.0000000000
3063  -3.293  -82.443  15.993 0.0000000000
3067  -9.510  -82.508  16.688 0.0000000000
3069  -11.485  -82.367  16.637 0.0000000000
3071  -13.262  -82.315  16.362 0.0000000000
3082  -14.839  -81.990  15.486 0.0000000000
3087  -9.009  -82.878  14.500 0.0000000000
3090  -13.444  -82.448  14.495 0.0000000000
3092  -17.902  -81.515  13.878 0.0000000000
3102  -17.927  -81.936  12.786 0.0000000000
3103  -18.112  -82.631  12.499 0.0000000000
3117  -13.709  -82.213  10.825 0.0000000000
3118  -14.491  -82.154  10.753 0.0000000000
3119  -15.962  -82.012  11.000 0.0000000000
3136  -4.724  -81.415  51.507 0.0000000000
3137  -5.227  -81.294  51.671 0.0000000000
3142  -4.530  -81.939  50.984 0.0000000000
3143  -6.286  -81.919  50.856 0.0000000000
3144  -11.816  -81.634  50.945 0.0000000000
3169  -7.633  -81.445  48.442 0.0000000000
3214  -11.225  -81.271  45.120 0.0000000000
3221  -7.974  -81.556  44.107 0.0000000000
3224  -10.676  -81.227  44.560 0.0000000000
3233  -8.279  -81.784  43.325 0.0000000000
3234  -9.110  -81.729  43.411 0.0000000000
3235  -9.846  -81.776  43.667 0.0000000000
3476  -8.589  -81.370  18.221 0.0000000000
3478  -10.543  -81.207  18.825 0.0000000000
3479  -11.512  -81.285  18.998 0.0000000000
3480  -12.499  -81.417  18.924 0.0000000000
3481  -13.509  -81.480  18.821 0.0000000000
3483  -15.244  -81.235  17.910 0.0000000000
3488  -3.248  -81.742  17.116 0.0000000000
3489  -6.995  -81.582  17.414 0.0000000000
3502  -17.537  -80.063  16.168 0.0000000000
3506  -3.556  -81.861  15.167 0.0000000000
3512  -17.824  -80.863  14.776 0.0000000000
3517  -4.718  -81.216  13.929 0.0000000000
3540  -13.346  -80.970  11.166 0.0000000000
3541  -14.288  -80.906  11.094 0.0000000000
3542  -15.548  -81.064  11.382 0.0000000000
3544  -16.954  -81.707  11.582 0.0000000000
3545  -11.751  -81.624  10.831 0.0000000000
3546  -12.776  -81.352  10.732 0.0000000000
3548  -14.240  -81.655  10.716 0.0000000000
3550  -16.272  -81.499  11.215 0.0000000000
3551  -13.531  -81.008  10.329 0.0000000000
3552  -14.119  -81.120  10.429 0.0000000000
3553  -14.666  -81.117  10.394 0.0000000000
3573  -4.807  -80.430  52.620 0.0000000000
3582  -3.731  -80.936  50.568 0.0000000000
3585  -11.609  -80.753  51.117 0.0000000000
3593  -7.111  -81.004  49.119 0.0000000000
3603  -11.453  -80.164  48.944 0.0000000000
3616  -7.793  -80.540  47.865 0.0000000000
3656  -11.306  -80.761  45.821 0.0000000000
3884  -13.361  -79.997  20.554 0.0000000000
3888  -17.968  -79.891  19.970 0.0000000000
3901  -16.660  -79.883  19.461 0.0000000000
3907  -3.539  -80.840  17.621 0.0000000000
3910  -8.865  -80.704  18.276 0.0000000000
3926  -4.363  -80.114  17.210 0.0000000000
3927  -7.628  -80.976  17.467 0.0000000000
3930  -16.162  -80.556  17.774 0.0000000000
3931  -17.379  -80.130  16.792 0.0000000000
3941  -5.186  -79.724  16.467 0.0000000000
3974  -4.839  -80.722  13.572 0.0000000000
3976  -7.214  -80.207  13.703 0.0000000000
3978  -9.619  -79.983  14.295 0.0000000000
3985  -4.889  -80.247  13.377 0.0000000000
3986  -5.464  -80.140  13.140 0.0000000000
3987  -6.246  -79.728  12.940 0.0000000000
3989  -7.934  -79.683  13.404 0.0000000000
3999  -13.759  -80.772  10.559 0.0000000000
4002  -15.575  -81.100  11.119 0.0000000000
4003  -14.058  -80.797  10.519 0.0000000000
4004  -14.546  -80.817  10.573 0.0000000000
4005  -15.045  -80.982  10.595 0.0000000000
4024  -4.132  -80.049  55.333 0.0000000000
4032  -4.206  -80.078  53.361 0.0000000000
4043  -6.018  -80.047  50.321 0.0000000000
4044  -10.855  -79.194  50.019 0.0000000000
4045  -11.328  -79.981  50.402 0.0000000000
4063  -11.177  -79.442  48.626 0.0000000000
4070  -7.972  -79.780  47.591 0.0000000000
4071  -8.508  -79.373  47.365 0.0000000000
4072  -9.345  -78.993  47.365 0.0000000000
4088  -10.689  -79.561  46.877 0.0000000000
4341  -13.936  -78.837  21.023 0.0000000000
4351  -4.759  -79.669  20.253 0.0000000000
4362  -3.962  -79.993  19.805 0.0000000000
4365  -11.571  -79.762  19.514 0.0000000000
4371  -6.181  -79.329  18.244 0.0000000000
4391  -9.858  -79.882  18.056 0.0000000000
4418  -11.643  -79.735  14.836 0.0000000000
4419  -12.102  -79.458  14.235 0.0000000000
4427  -4.487  -80.075  14.092 0.0000000000
4428  -5.277  -79.537  13.569 0.0000000000
4429  -8.484  -79.277  13.371 0.0000000000
4432  -11.236  -79.186  14.086 0.0000000000
4441  -6.771  -79.205  12.785 0.0000000000
4504  -4.120  -79.789  55.517 0.0000000000
4520  -3.740  -79.273  54.224 0.0000000000
4533  -4.730  -80.004  53.317 0.0000000000
4541  -8.773  -77.797  50.823 0.0000000000
4543  -10.293  -78.913  50.493 0.0000000000
4547  -6.688  -78.679  49.022 0.0000000000
4548  -7.467  -78.248  48.707 0.0000000000
4549  -8.840  -77.841  49.043 0.0000000000
4560  -10.315  -78.421  48.934 0.0000000000
4877  -5.255  -79.140  20.749 0.0000000000
4879  -12.845  -79.107  20.283 0.0000000000
4892  -12.258  -79.306  19.785 0.0000000000
4908  -12.506  -78.750  18.857 0.0000000000
4932  -11.319  -78.082  15.510 0.0000000000
4943  -11.052  -78.802  14.420 0.0000000000
4952  -5.935  -78.802  13.315 0.0000000000
4953  -6.635  -77.734  13.435 0.0000000000
4956  -9.679  -78.960  13.928 0.0000000000
4959  -12.324  -79.064  13.956 0.0000000000
4967  -6.493  -78.588  13.005 0.0000000000
4969  -7.972  -78.668  13.102 0.0000000000
5028  -4.827  -77.005  57.704 0.0000000000
5036  -4.431  -78.004  56.404 0.0000000000
5037  -4.790  -77.486  57.103 0.0000000000
5045  -3.888  -78.926  55.682 0.0000000000
5046  -4.206  -79.109  55.857 0.0000000000
5066  -4.751  -78.637  54.185 0.0000000000
5075  -3.506  -78.135  53.189 0.0000000000
5086  -4.774  -78.448  52.673 0.0000000000
5087  -5.047  -77.598  51.544 0.0000000000
5097  -6.356  -77.358  49.983 0.0000000000
5105  -5.651  -77.871  50.090 0.0000000000
5114  -8.067  -77.889  48.825 0.0000000000
5442  -6.210  -77.859  21.590 0.0000000000
5496  -10.342  -77.415  18.344 0.0000000000
5506  -10.921  -77.611  17.622 0.0000000000
5507  -11.451  -77.194  17.599 0.0000000000
5516  -6.878  -76.569  15.805 0.0000000000
5527  -5.910  -76.523  14.394 0.0000000000
5529  -7.826  -77.533  15.258 0.0000000000
5538  -5.836  -77.627  13.965 0.0000000000
5539  -6.046  -76.925  13.850 0.0000000000
5541  -7.437  -77.488  14.003 0.0000000000
5635  -4.902  -75.742  59.609 0.0000000000
5644  -4.815  -76.307  58.886 0.0000000000
5672  -3.612  -77.131  56.230 0.0000000000
5673  -5.320  -77.352  56.238 0.0000000000
5706  -5.257  -76.818  52.559 0.0000000000
5708  -7.285  -76.452  52.240 0.0000000000
5715  -6.099  -76.601  51.193 0.0000000000
6072  -5.511  -76.366  22.625 0.0000000000
6073  -7.171  -76.492  22.515 0.0000000000
6074  -8.094  -76.183  22.070 0.0000000000
6084  -7.880  -76.488  21.432 0.0000000000
6103  -5.202  -75.708  18.782 0.0000000000
6104  -7.529  -77.120  20.365 0.0000000000
6132  -5.114  -75.997  17.206 0.0000000000
6162  -5.656  -76.555  15.058 0.0000000000
6298  -4.978  -74.946  60.305 0.0000000000
6310  -5.059  -75.614  59.746 0.0000000000
6311  -5.815  -75.278  59.025 0.0000000000
6320  -4.046  -75.894  58.348 0.0000000000
6332  -3.767  -75.431  57.429 0.0000000000
6343  -3.492  -75.467  55.826 0.0000000000
6345  -8.024  -74.806  55.889 0.0000000000
6358  -8.594  -75.215  54.539 0.0000000000
6384  -3.506  -74.908  53.021 0.0000000000
6664  -5.830  -74.971  23.398 0.0000000000
6673  -8.179  -75.233  22.730 0.0000000000
6912  -5.030  -74.255  60.669 0.0000000000
6913  -5.261  -74.192  60.586 0.0000000000
6939  -6.652  -74.878  58.283 0.0000000000
6969  -3.648  -74.946  55.194 0.0000000000
6985  -3.595  -74.716  53.579 0.0000000000
7005  -3.709  -74.591  52.248 0.0000000000
7006  -3.909  -74.304  52.415 0.0000000000
7007  -4.507  -74.172  52.504 0.0000000000
7325  -8.569  -74.690  22.288 0.0000000000
7334  -8.251  -74.889  21.432 0.0000000000
7335  -8.577  -74.120  21.829 0.0000000000
7355  -6.249  -74.995  20.056 0.0000000000
7356  -7.062  -74.409  20.545 0.0000000000
7379  -5.560  -74.324  19.277 0.0000000000
7401  -5.660  -73.876  18.905 0.0000000000
7566  -4.810  -74.309  60.325 0.0000000000
7567  -5.031  -73.548  60.701 0.0000000000
7587  -5.211  -73.578  57.996 0.0000000000
7614  -8.794  -73.240  55.147 0.0000000000
7615  -9.534  -73.066  54.277 0.0000000000
7626  -9.886  -73.871  53.847 0.0000000000
7628  -11.377  -72.865  54.475 0.0000000000
7636  -7.270  -73.126  53.143 0.0000000000
7637  -11.237  -73.446  54.058 0.0000000000
7982  -4.264  -73.811  24.215 0.0000000000
7985  -7.775  -73.190  23.527 0.0000000000
7986  -8.351  -73.542  23.149 0.0000000000
7997  -8.623  -73.869  22.511 0.0000000000
8032  -6.012  -73.449  19.861 0.0000000000
8051  -9.417  -73.628  19.757 0.0000000000
8063  -6.007  -73.459  18.406 0.0000000000
8191  -4.902  -72.064  60.985 0.0000000000
8249  -10.639  -72.098  54.115 0.0000000000
8265  -7.525  -72.244  53.158 0.0000000000
8605  -8.465  -72.490  22.207 0.0000000000
8621  -8.405  -72.449  21.399 0.0000000000
8628  -6.862  -72.658  20.033 0.0000000000
8629  -8.097  -72.028  20.605 0.0000000000
8640  -5.804  -72.683  19.056 0.0000000000
8643  -8.889  -73.197  19.222 0.0000000000
8655  -7.317  -73.077  17.720 0.0000000000
8666  -6.855  -72.488  17.362 0.0000000000
8673  -6.707  -71.769  16.898 0.0000000000
8731  -5.302  -71.798  61.118 0.0000000000
8754  -6.557  -71.064  58.753 0.0000000000
8766  -5.443  -71.776  56.731 0.0000000000
8767  -7.726  -71.715  57.163 0.0000000000
8768  -8.134  -71.527  56.253 0.0000000000
8794  -10.085  -71.329  54.444 0.0000000000
8795  -10.868  -71.371  54.413 0.0000000000
8807  -7.615  -71.216  52.993 0.0000000000
9128  -5.940  -70.940  24.202 0.0000000000
9130  -7.572  -71.979  23.301 0.0000000000
9144  -8.049  -71.837  22.518 0.0000000000
9166  -7.653  -70.741  20.193 0.0000000000
9187  -6.071  -71.494  18.097 0.0000000000
9198  -7.680  -71.682  16.957 0.0000000000
9205  -6.626  -71.243  16.454 0.0000000000
9214  -6.860  -71.037  15.752 0.0000000000
9284  -3.954  -70.298  60.581 0.0000000000
9296  -3.576  -70.349  60.219 0.0000000000
9325  -7.782  -70.923  56.632 0.0000000000
9338  -9.913  -70.547  54.839 0.0000000000
9340  -11.070  -70.886  54.760 0.0000000000
9351  -6.150  -70.339  54.132 0.0000000000
9678  -10.583  -70.181  29.505 0.0000000000
9693  -9.277  -70.416  28.593 0.0000000000
9696  -12.534  -69.887  28.395 0.0000000000
9706  -8.968  -70.583  27.753 0.0000000000
9708  -12.780  -70.104  27.701 0.0000000000
9718  -12.633  -70.424  26.170 0.0000000000
9722  -4.395  -70.824  25.521 0.0000000000
9723  -7.863  -70.243  25.648 0.0000000000
9724  -8.555  -70.455  25.535 0.0000000000
9727  -11.219  -70.501  25.338 0.0000000000
9734  -5.034  -70.314  24.476 0.0000000000
9736  -8.931  -70.377  24.772 0.0000000000
9737  -9.821  -70.436  24.659 0.0000000000
9759  -12.082  -70.197  24.102 0.0000000000
9769  -5.591  -69.786  22.817 0.0000000000
9770  -6.661  -70.345  22.329 0.0000000000
9799  -6.531  -70.677  18.556 0.0000000000
9827  -6.302  -71.093  17.034 0.0000000000
9836  -7.156  -70.944  15.529 0.0000000000
9929  -3.460  -68.802  60.236 0.0000000000
9945  -3.147  -68.930  59.636 0.0000000000
9959  -3.093  -68.998  58.362 0.0000000000
9963  -10.624  -69.404  57.791 0.0000000000
9964  -11.068  -70.033  56.200 0.0000000000
9987  -3.596  -69.045  55.276 0.0000000000
9989  -8.850  -69.839  55.686 0.0000000000
9990  -9.669  -69.889  55.431 0.0000000000
10029  -7.911  -69.325  51.218 0.0000000000
10031  -9.118  -69.992  51.168 0.0000000000
10332  -9.011  -69.681  31.666 0.0000000000
10333  -9.696  -69.482  31.551 0.0000000000
10334  -10.472  -69.158  31.410 0.0000000000
10351  -7.857  -69.491  30.624 0.0000000000
10355  -11.512  -69.229  30.383 0.0000000000
10369  -7.462  -69.511  29.658 0.0000000000
10371  -11.119  -69.819  30.096 0.0000000000
10372  -12.500  -69.370  29.012 0.0000000000
10386  -6.914  -69.701  27.836 0.0000000000
10405  -14.252  -69.187  26.086 0.0000000000
10412  -14.302  -69.287  25.389 0.0000000000
10423  -7.453  -69.405  24.480 0.0000000000
10425  -13.054  -70.082  24.335 0.0000000000
10427  -14.415  -69.234  24.586 0.0000000000
10439  -4.854  -69.151  23.242 0.0000000000
10442  -9.617  -69.821  23.286 0.0000000000
10444  -11.658  -69.879  23.404 0.0000000000
10445  -12.574  -69.875  23.624 0.0000000000
10458  -11.315  -69.478  22.597 0.0000000000
10460  -13.227  -69.491  23.228 0.0000000000
10464  -5.529  -68.462  21.137 0.0000000000
10469  -5.810  -68.018  20.487 0.0000000000
10474  -6.763  -68.770  18.668 0.0000000000
10475  -6.830  -69.150  19.892 0.0000000000
10492  -6.537  -69.733  17.773 0.0000000000
10524  -6.961  -70.720  15.544 0.0000000000
10526  -7.746  -70.713  15.411 0.0000000000
10652  -3.652  -68.289  60.390 0.0000000000
10679  -9.078  -68.552  58.289 0.0000000000
10697  -7.537  -68.876  57.406 0.0000000000
10711  -3.533  -68.410  56.397 0.0000000000
10712  -7.762  -69.277  56.797 0.0000000000
10731  -3.709  -67.837  55.036 0.0000000000
10741  -4.764  -68.693  52.997 0.0000000000
10750  -5.256  -68.605  52.268 0.0000000000
10773  -4.756  -68.448  50.983 0.0000000000
10788  -5.042  -68.888  50.228 0.0000000000
10801  -3.700  -67.896  48.740 0.0000000000
10975  -6.631  -68.373  34.222 0.0000000000
10996  -8.736  -68.385  32.912 0.0000000000
11009  -8.549  -69.120  32.661 0.0000000000
11032  -10.360  -68.370  31.784 0.0000000000
11049  -11.428  -68.569  30.741 0.0000000000
11074  -13.350  -68.821  27.954 0.0000000000
11085  -3.544  -67.938  27.461 0.0000000000
11086  -4.870  -67.356  26.799 0.0000000000
11092  -4.116  -67.668  25.972 0.0000000000
11094  -5.864  -68.346  26.002 0.0000000000
11095  -14.237  -68.625  26.553 0.0000000000
11096  -14.470  -68.557  25.858 0.0000000000
11101  -4.716  -67.493  25.662 0.0000000000
11102  -5.401  -67.779  25.131 0.0000000000
11110  -4.812  -67.623  24.095 0.0000000000
11114  -15.257  -68.163  24.076 0.0000000000
11125  -5.967  -67.531  23.431 0.0000000000
11130  -15.127  -68.252  23.472 0.0000000000
11135  -4.883  -67.505  22.956 0.0000000000
11139  -8.178  -68.544  22.161 0.0000000000
11141  -10.976  -69.005  21.827 0.0000000000
11145  -15.256  -67.847  22.912 0.0000000000
11151  -7.509  -67.827  21.605 0.0000000000
11154  -11.466  -68.288  21.342 0.0000000000
11155  -12.235  -68.134  21.422 0.0000000000
11165  -6.361  -67.478  19.363 0.0000000000
11183  -6.833  -69.066  17.078 0.0000000000
11195  -6.647  -70.112  16.176 0.0000000000
11196  -7.466  -69.373  15.746 0.0000000000
11285  -3.398  -68.001  59.829 0.0000000000
11287  -4.352  -67.803  60.668 0.0000000000
11299  -3.385  -67.931  58.978 0.0000000000
11300  -3.709  -67.729  59.508 0.0000000000
11318  -3.422  -68.049  58.180 0.0000000000
11338  -3.723  -68.021  57.072 0.0000000000
11340  -5.244  -67.614  57.137 0.0000000000
11353  -3.823  -67.956  55.802 0.0000000000
11357  -7.361  -67.291  55.563 0.0000000000
11383  -4.137  -66.851  53.354 0.0000000000
11409  -3.703  -66.944  51.191 0.0000000000
11411  -7.598  -66.960  51.390 0.0000000000
11412  -9.275  -66.790  50.775 0.0000000000
11432  -3.837  -67.202  49.492 0.0000000000
11436  -9.708  -67.039  49.445 0.0000000000
11437  -10.121  -66.780  48.820 0.0000000000
11452  -9.958  -67.151  48.201 0.0000000000
11465  -4.000  -67.801  47.487 0.0000000000
11470  -10.116  -67.038  47.570 0.0000000000
11482  -10.000  -67.050  46.822 0.0000000000
11503  -9.140  -66.673  44.512 0.0000000000
11514  -8.194  -66.892  43.614 0.0000000000
11521  -4.125  -67.310  41.345 0.0000000000
11634  -4.689  -67.199  32.980 0.0000000000
11655  -10.732  -67.646  31.390 0.0000000000
11656  -11.252  -67.945  31.000 0.0000000000
11674  -4.755  -66.852  31.003 0.0000000000
11687  -3.605  -66.863  29.212 0.0000000000
11688  -4.447  -66.650  29.997 0.0000000000
11695  -3.464  -67.017  28.460 0.0000000000
11696  -3.741  -66.791  28.184 0.0000000000
11697  -12.669  -68.006  29.135 0.0000000000
11710  -3.852  -66.757  27.316 0.0000000000
11718  -3.965  -66.947  26.621 0.0000000000
11720  -12.414  -66.903  26.767 0.0000000000
11721  -13.972  -67.900  26.860 0.0000000000
11722  -14.375  -67.998  26.253 0.0000000000
11728  -15.179  -67.204  25.026 0.0000000000
11733  -15.106  -67.950  24.746 0.0000000000
11742  -4.938  -67.468  23.449 0.0000000000
11743  -5.143  -67.351  23.187 0.0000000000
11752  -5.307  -67.376  22.490 0.0000000000
11757  -15.401  -67.208  22.141 0.0000000000
11762  -6.001  -67.170  21.215 0.0000000000
11763  -6.770  -67.227  20.930 0.0000000000
11765  -11.156  -67.584  20.717 0.0000000000
11792  -7.308  -66.987  18.159 0.0000000000
11798  -7.391  -67.737  17.363 0.0000000000
11807  -8.578  -67.915  16.143 0.0000000000
11809  -13.764  -67.008  16.022 0.0000000000
11810  -14.653  -67.192  16.360 0.0000000000
11819  -9.503  -68.167  14.863 0.0000000000
11985  -8.392  -66.030  55.005 0.0000000000
11997  -8.558  -66.356  54.132 0.0000000000
12009  -8.630  -66.563  53.271 0.0000000000
12010  -9.087  -65.947  52.959 0.0000000000
12019  -4.533  -66.316  51.172 0.0000000000
12020  -5.163  -66.291  50.800 0.0000000000
12033  -4.280  -66.404  50.697 0.0000000000
12034  -9.764  -66.291  50.512 0.0000000000
12041  -4.007  -66.682  50.159 0.0000000000
12059  -10.260  -66.621  47.379 0.0000000000
12071  -9.856  -66.564  45.925 0.0000000000
12098  -4.563  -66.166  42.472 0.0000000000
12101  -8.054  -66.247  43.650 0.0000000000
12257  -10.381  -66.735  31.260 0.0000000000
12274  -8.793  -66.147  28.299 0.0000000000
12276  -10.415  -66.521  29.303 0.0000000000
12293  -10.360  -66.699  26.882 0.0000000000
12299  -11.038  -66.806  26.350 0.0000000000
12302  -9.689  -66.090  24.893 0.0000000000
12310  -10.416  -66.053  24.675 0.0000000000
12312  -15.896  -66.343  24.062 0.0000000000
12321  -15.877  -66.923  23.559 0.0000000000
12322  -16.264  -66.219  23.379 0.0000000000
12331  -16.448  -66.093  22.621 0.0000000000
12339  -14.743  -67.081  21.120 0.0000000000
12350  -6.476  -66.737  19.779 0.0000000000
12352  -8.043  -66.531  19.559 0.0000000000
12353  -9.193  -66.521  19.507 0.0000000000
12354  -10.262  -66.551  19.573 0.0000000000
12357  -14.019  -66.817  20.619 0.0000000000
12358  -14.909  -66.889  20.671 0.0000000000
12359  -15.767  -66.548  20.575 0.0000000000
12375  -10.545  -66.355  19.274 0.0000000000
12381  -16.785  -66.272  19.478 0.0000000000
12393  -6.672  -66.727  19.405 0.0000000000
12394  -7.212  -66.544  18.954 0.0000000000
12403  -17.285  -66.073  18.723 0.0000000000
12413  -8.125  -66.411  18.449 0.0000000000
12414  -9.685  -66.331  17.619 0.0000000000
12429  -10.664  -66.556  16.038 0.0000000000
12444  -12.937  -66.752  15.506 0.0000000000
12634  -9.659  -64.765  51.049 0.0000000000
12643  -10.225  -65.622  49.342 0.0000000000
12672  -9.236  -65.561  45.755 0.0000000000
12673  -9.548  -65.456  46.532 0.0000000000
12688  -8.801  -65.605  44.926 0.0000000000
12701  -8.493  -65.854  44.186 0.0000000000
12702  -9.072  -66.159  44.452 0.0000000000
12740  -4.365  -65.603  41.146 0.0000000000
12843  -6.344  -65.227  32.741 0.0000000000
12859  -7.584  -65.209  31.994 0.0000000000
12875  -9.097  -65.695  30.548 0.0000000000
12902  -9.388  -66.005  26.766 0.0000000000
12907  -9.586  -66.232  26.129 0.0000000000
12912  -12.285  -66.152  25.287 0.0000000000
12913  -13.350  -66.259  25.477 0.0000000000
12917  -9.685  -65.744  24.258 0.0000000000
12956  -16.793  -65.847  20.867 0.0000000000
12966  -10.938  -66.203  18.721 0.0000000000
12979  -10.242  -66.144  18.538 0.0000000000
12980  -10.786  -66.186  18.029 0.0000000000
12993  -9.800  -66.120  18.365 0.0000000000
13215  -6.899  -63.999  48.348 0.0000000000
13218  -10.139  -65.024  49.200 0.0000000000
13228  -5.893  -63.816  47.480 0.0000000000
13246  -4.777  -63.887  46.961 0.0000000000
13250  -9.112  -64.889  47.127 0.0000000000
13267  -4.329  -63.884  46.381 0.0000000000
13285  -3.668  -63.216  45.519 0.0000000000
13464  -7.600  -64.596  28.403 0.0000000000
13497  -8.797  -65.071  24.684 0.0000000000
13502  -8.503  -65.008  23.958 0.0000000000
13506  -14.280  -64.942  24.565 0.0000000000
13512  -8.084  -64.327  23.718 0.0000000000
13516  -12.194  -64.117  23.923 0.0000000000
13518  -15.615  -64.344  23.729 0.0000000000
13519  -16.277  -64.640  23.382 0.0000000000
13531  -16.644  -64.577  22.768 0.0000000000
13544  -16.921  -64.634  21.906 0.0000000000
13545  -17.222  -64.647  21.121 0.0000000000
13788  -7.912  -62.713  51.290 0.0000000000
13803  -7.304  -62.944  49.132 0.0000000000
13805  -8.966  -63.655  50.058 0.0000000000
13850  -5.261  -63.829  47.206 0.0000000000
13870  -3.733  -63.129  45.784 0.0000000000
13891  -3.615  -62.804  45.253 0.0000000000
13901  -3.786  -62.948  44.609 0.0000000000
13942  -4.974  -62.985  40.127 0.0000000000
14036  -4.735  -63.625  30.773 0.0000000000
14077  -10.181  -63.908  28.419 0.0000000000
14093  -12.200  -63.431  28.050 0.0000000000
14117  -7.680  -63.530  23.712 0.0000000000
14119  -12.991  -64.127  24.050 0.0000000000
14120  -13.965  -64.212  24.151 0.0000000000
14125  -7.882  -63.613  23.306 0.0000000000
14127  -10.207  -63.889  23.048 0.0000000000
14152  -15.985  -63.278  22.690 0.0000000000
14468  -7.426  -62.187  49.697 0.0000000000
14469  -7.484  -62.386  50.085 0.0000000000
14480  -7.209  -62.839  48.647 0.0000000000
14506  -6.852  -63.009  47.539 0.0000000000
14540  -4.921  -62.408  45.157 0.0000000000
14688  -4.279  -62.761  30.458 0.0000000000
14718  -6.800  -63.379  28.292 0.0000000000
14719  -8.326  -62.295  28.570 0.0000000000
14721  -10.743  -63.144  28.644 0.0000000000
14722  -11.433  -62.917  28.640 0.0000000000
14737  -13.448  -62.594  27.549 0.0000000000
14750  -12.020  -63.282  26.772 0.0000000000
14769  -7.278  -62.462  23.827 0.0000000000
14782  -15.110  -63.043  22.991 0.0000000000
14798  -7.625  -61.786  22.944 0.0000000000
14803  -13.607  -62.347  22.705 0.0000000000
15278  -4.389  -61.766  41.707 0.0000000000
15280  -5.213  -61.711  42.683 0.0000000000
15313  -3.808  -60.964  40.298 0.0000000000
15314  -5.043  -60.989  41.270 0.0000000000
15326  -3.443  -59.931  38.633 0.0000000000
15367  -8.849  -61.054  35.590 0.0000000000
15368  -9.675  -61.284  35.516 0.0000000000
15442  -13.383  -61.577  28.520 0.0000000000
15496  -7.192  -62.084  23.517 0.0000000000
15497  -7.229  -61.697  23.726 0.0000000000
15512  -7.401  -61.465  23.354 0.0000000000
16093  -3.734  -60.318  39.734 0.0000000000
16095  -5.006  -59.904  39.828 0.0000000000
16108  -5.804  -59.572  39.186 0.0000000000
16123  -3.461  -60.042  37.987 0.0000000000
16128  -10.295  -60.037  37.499 0.0000000000
16138  -3.569  -59.300  37.218 0.0000000000
16139  -4.025  -59.443  36.424 0.0000000000
16140  -5.197  -59.672  35.984 0.0000000000
16213  -4.447  -60.477  29.283 0.0000000000
16229  -4.961  -60.861  28.159 0.0000000000
16310  -7.986  -60.086  23.194 0.0000000000
16910  -4.070  -59.335  39.242 0.0000000000
16921  -3.693  -58.835  38.373 0.0000000000
16936  -3.990  -58.221  37.539 0.0000000000
16938  -6.992  -58.510  37.125 0.0000000000
17754  -3.765  -57.931  36.752 0.0000000000
17775  -8.962  -58.115  36.142 0.0000000000
17776  -9.896  -58.105  36.108 0.0000000000
17788  -6.882  -56.947  35.324 0.0000000000
17793  -14.419  -58.805  35.461 0.0000000000
17807  -7.455  -56.908  33.574 0.0000000000
17822  -6.823  -56.529  33.930 0.0000000000
17864  -4.199  -57.913  31.346 0.0000000000
17908  -12.151  -58.647  28.043 0.0000000000
18620  -6.197  -56.904  34.633 0.0000000000
18621  -6.585  -56.534  34.703 0.0000000000
18625  -10.548  -56.974  35.895 0.0000000000
18637  -6.498  -56.679  34.103 0.0000000000
18641  -11.346  -57.259  34.432 0.0000000000
18744  -9.066  -57.724  27.969 0.0000000000
19491  -6.651  -56.490  34.346 0.0000000000
19494  -8.514  -55.721  35.234 0.0000000000
19506  -6.751  -56.411  34.203 0.0000000000
19507  -8.376  -54.966  33.978 0.0000000000
19508  -9.543  -55.599  33.728 0.0000000000
19577  -4.319  -56.295  31.232 0.0000000000
19612  -4.618  -56.444  29.529 0.0000000000
20351  -15.164  -55.583  36.657 0.0000000000
20362  -9.829  -53.986  35.767 0.0000000000
20376  -11.466  -55.504  33.735 0.0000000000
20377  -12.524  -55.770  33.761 0.0000000000
20398  -8.678  -54.091  34.455 0.0000000000
20399  -9.438  -54.237  34.064 0.0000000000
20531  -11.664  -55.235  25.534 0.0000000000
21194  -14.342  -54.729  36.515 0.0000000000
21201  -8.591  -54.054  34.808 0.0000000000
21207  -8.943  -53.769  34.865 0.0000000000
22065  -12.703  -51.913  37.199 0.0000000000
22074  -9.874  -53.506  35.497 0.0000000000
22075  -10.544  -52.719  35.997 0.0000000000
22079  -10.471  -53.012  35.489 0.0000000000
22096  -15.277  -53.800  32.607 0.0000000000
22206  -11.805  -53.191  24.590 0.0000000000
22979  -12.310  -51.233  36.826 0.0000000000
22989  -12.383  -51.281  36.064 0.0000000000
22994  -12.008  -52.105  35.644 0.0000000000
23006  -18.001  -52.415  33.078 0.0000000000
23018  -16.824  -52.271  31.929 0.0000000000
23878  -12.155  -51.231  36.862 0.0000000000
23890  -15.161  -50.328  35.824 0.0000000000
24907  -7.138  -49.334  28.039 0.0000000000
24908  -7.937  -49.164  27.510 0.0000000000
25836  -17.423  -48.394  32.247 0.0000000000
25966  -13.960  -49.756  22.973 0.0000000000
27801  -10.988  -46.472  26.967 0.0000000000
27811  -11.500  -46.125  26.786 0.0000000000
27876  -13.824  -47.261  24.140 0.0000000000
29886  -13.989  -44.528  25.727 0.0000000000
29890  -21.204  -46.259  26.268 0.0000000000
29900  -14.001  -44.342  25.789 0.0000000000
30978  -14.620  -43.739  24.681 0.0000000000
33025  -15.676  -42.530  23.554 0.0000000000
118340  -4.525  -62.168  44.428 0.0000000000
118351  -14.852  -86.069  24.317 0.0000000000
118609  -11.333  -65.383  24.422 0.0000000000
118741  -9.078  -67.160  50.027 0.0000000000
118878  -11.564  -71.781  55.399 0.0000000000
118906  -8.377  -66.962  51.831 0.0000000000
118951  -15.973  -90.353  22.291 0.0000000000
118985  -14.006  -91.318  29.024 0.0000000000
119032  -5.197  -79.401  51.655 0.0000000000
119046  -8.765  -67.863  60.926 0.0000000000
119104  -16.154  -88.407  35.321 0.0000000000
119456  -11.398  -82.450  13.681 0.0000000000
119653  -3.209  -77.947  50.119 0.0000000000
119748  -4.098  -63.867  45.474 0.0000000000
119967  -5.533  -86.260  47.337 0.0000000000
120209  -3.373  -77.031  53.951 0.0000000000
120448  -3.683  -66.890  52.842 0.0000000000
120666  -8.661  -67.468  45.990 0.0000000000
120676  -3.778  -80.273  51.236 0.0000000000
120819  -4.289  -80.063  53.994 0.0000000000
120824  -13.424  -66.537  20.175 0.0000000000
120832  -13.142  -91.312  28.971 0.0000000000
120871  -9.228  -67.410  46.805 0.0000000000
121004  -7.903  -66.324  19.145 0.0000000000
121011  -3.218  -83.079  16.197 0.0000000000
121185  -7.451  -85.266  42.309 0.0000000000
121290  -6.778  -67.703  45.324 0.0000000000
121301  -12.826  -69.062  22.499 0.0000000000
121357  -3.879  -69.963  26.748 0.0000000000
121557  -4.576  -59.368  29.094 0.0000000000
121597  -10.835  -66.864  15.164 0.0000000000
121853  -5.510  -76.730  54.220 0.0000000000
121938  -11.109  -66.322  19.230 0.0000000000
122727  -16.078  -80.006  20.084 0.0000000000
122843  -8.555  -84.065  34.751 0.0000000000
122891  -11.666  -85.237  42.886 0.0000000000
123223  -11.966  -61.136  28.975 0.0000000000
123474  -3.593  -89.263  32.770 0.0000000000
123530  -3.604  -80.690  18.522 0.0000000000
123570  -5.200  -80.471  52.142 0.0000000000
123736  -18.903  -54.979  35.173 0.0000000000
123932  -6.552  -83.936  49.473 0.0000000000
124274  -11.730  -82.306  53.973 0.0000000000
124471  -8.775  -66.944  51.224 0.0000000000
124502  -7.699  -60.543  23.172 0.0000000000
124752  -20.005  -86.133  14.661 0.0000000000
124895  -9.897  -80.995  18.762 0.0000000000
125166  -14.591  -66.977  25.515 0.0000000000
125383  -18.080  -84.348  21.440 0.0000000000
125878  -11.710  -66.403  16.594 0.0000000000
126407  -4.946  -61.554  38.471 0.0000000000
126456  -3.384  -76.871  53.194 0.0000000000
126662  -7.569  -67.362  49.153 0.0000000000
126663  -9.939  -70.607  26.171 0.0000000000
127199  -11.532  -82.289  48.312 0.0000000000
127357  -4.250  -65.540  41.813 0.0000000000
127643  -7.554  -62.653  23.198 0.0000000000
127786  -13.060  -79.302  15.247 0.0000000000
127796  -14.897  -91.124  37.176 0.0000000000
128130  -5.989  -67.115  20.797 0.0000000000
128156  -16.279  -66.279  20.965 0.0000000000
128241  -15.092  -90.502  27.411 0.0000000000
128281  -3.397  -77.128  51.759 0.0000000000
128644  -7.363  -76.755  50.865 0.0000000000
128812  -6.353  -76.637  19.446 0.0000000000
128841  -10.365  -66.140  48.714 0.0000000000
129092  -4.012  -66.619  27.862 0.0000000000
129160  -11.602  -72.609  55.312 0.0000000000
129377  -14.245  -88.631  44.741 0.0000000000
129433  -16.710  -90.250  22.233 0.0000000000
129542  -8.575  -65.255  27.807 0.0000000000
130061  -18.170  -90.564  38.158 0.0000000000
130144  -16.382  -80.666  14.498 0.0000000000
130245  -6.501  -78.938  20.506 0.0000000000
130249  -15.895  -66.676  19.108 0.0000000000
130374  -9.936  -77.041  18.963 0.0000000000
130484  -7.596  -81.909  43.516 0.0000000000
131029  -4.234  -79.721  55.495 0.0000000000
131152  -6.492  -84.678  48.483 0.0000000000
131287  -4.040  -61.672  40.547 0.0000000000
131433  -11.484  -70.305  28.614 0.0000000000
131724  -11.468  -83.371  37.994 0.0000000000
131794  -12.965  -70.276  26.905 0.0000000000
131877  -10.146  -81.358  44.150 0.0000000000
131951  -5.066  -68.354  21.750 0.0000000000
132786  -10.283  -55.829  27.499 0.0000000000
132806  -7.020  -73.304  23.969 0.0000000000
132821  -11.132  -66.393  16.563 0.0000000000
132942  -7.964  -72.632  18.024 0.0000000000
132974  -7.808  -70.420  27.008 0.0000000000
133095  -15.712  -67.333  23.007 0.0000000000
133129  -6.345  -68.751  28.782 0.0000000000
133207  -19.723  -90.244  22.434 0.0000000000
133226  -7.723  -66.475  19.385 0.0000000000
133231  -20.857  -89.132  39.212 0.0000000000
133396  -10.261  -87.863  45.584 0.0000000000
133511  -9.219  -87.692  35.505 0.0000000000
133620  -3.686  -60.799  39.485 0.0000000000
133643  -23.996  -55.028  33.987 0.0000000000
133844  -9.609  -58.811  36.516 0.0000000000
133928  -8.253  -67.836  20.833 0.0000000000
133957  -10.801  -66.992  20.142 0.0000000000
134146  -15.061  -88.404  29.013 0.0000000000
134191  -12.981  -87.458  44.610 0.0000000000
134194  -11.979  -66.579  20.054 0.0000000000
134314  -8.079  -78.253  13.530 0.0000000000
135032  -3.324  -76.169  53.713 0.0000000000
135053  -7.194  -78.520  20.267 0.0000000000
135089  -13.656  -90.470  35.814 0.0000000000
135130  -11.469  -86.590  33.423 0.0000000000
135135  -4.739  -76.845  58.179 0.0000000000
135251  -6.297  -73.516  54.704 0.0000000000
135687  -8.848  -67.410  49.175 0.0000000000
135702  -20.995  -87.548  19.979 0.0000000000
135805  -5.044  -62.696  28.414 0.0000000000
135839  -11.380  -70.538  27.369 0.0000000000
135882  -4.982  -75.499  59.858 0.0000000000
135945  -16.891  -80.192  17.476 0.0000000000
136101  -6.648  -73.482  53.761 0.0000000000
136206  -17.927  -88.532  22.999 0.0000000000
136211  -16.684  -85.351  24.974 0.0000000000
136215  -5.642  -74.706  19.493 0.0000000000
136394  -16.325  -89.120  26.225 0.0000000000
136539  -8.650  -90.180  34.442 0.0000000000
136898  -9.625  -88.150  47.130 0.0000000000
136933  -23.459  -51.418  33.427 0.0000000000
136937  -11.313  -70.569  26.688 0.0000000000
137303  -10.709  -69.599  56.868 0.0000000000
137363  -10.939  -60.316  37.794 0.0000000000
137380  -17.399  -65.649  19.494 0.0000000000
137391  -3.899  -80.444  14.731 0.0000000000
137409  -5.173  -67.041  53.887 0.0000000000
137450  -9.046  -59.105  28.128 0.0000000000
137602  -8.099  -65.268  45.277 0.0000000000
137797  -20.331  -87.107  15.453 0.0000000000
137850  -6.472  -83.124  50.210 0.0000000000
138240  -10.188  -69.014  21.751 0.0000000000
138271  -17.164  -81.997  11.563 0.0000000000
138332  -17.885  -91.153  24.494 0.0000000000
138392  -17.151  -90.839  37.568 0.0000000000
138531  -6.908  -82.679  42.861 0.0000000000
138760  -21.012  -86.781  16.150 0.0000000000
138766  -11.363  -84.097  40.517 0.0000000000
138776  -11.550  -81.503  48.568 0.0000000000
139027  -18.281  -90.320  36.941 0.0000000000
139052  -11.674  -69.579  29.817 0.0000000000
139123  -15.558  -90.458  26.490 0.0000000000
139255  -7.143  -66.975  34.333 0.0000000000
139321  -7.244  -62.727  44.753 0.0000000000
139387  -7.319  -59.817  35.219 0.0000000000
139445  -14.661  -89.109  30.904 0.0000000000
139523  -8.114  -81.597  18.064 0.0000000000
139541  -13.296  -56.039  33.782 0.0000000000
139633  -5.159  -67.475  24.231 0.0000000000
139704  -5.221  -87.427  48.343 0.0000000000
139775  -15.480  -54.974  33.229 0.0000000000
139791  -8.144  -75.706  22.390 0.0000000000
139825  -15.043  -82.984  10.947 0.0000000000
139855  -15.315  -83.918  23.930 0.0000000000
139880  -7.689  -72.774  52.658 0.0000000000
139890  -4.999  -85.284  49.874 0.0000000000
140351  -13.930  -89.855  38.811 0.0000000000
140508  -9.115  -75.823  53.601 0.0000000000
140700  -6.548  -59.517  35.237 0.0000000000
140759  -9.933  -66.710  31.805 0.0000000000
141120  -12.010  -69.631  29.385 0.0000000000
141147  -4.845  -76.419  17.617 0.0000000000
141205  -14.898  -80.831  11.015 0.0000000000
141240  -8.244  -57.105  33.449 0.0000000000
141319  -4.942  -75.835  18.394 0.0000000000
141576  -4.280  -62.149  43.120 0.0000000000
141620  -4.628  -70.767  25.012 0.0000000000
141779  -19.814  -83.962  19.441 0.0000000000
142063  -13.789  -49.912  37.047 0.0000000000
142105  -17.796  -83.555  16.530 0.0000000000
142118  -23.360  -86.087  19.267 0.0000000000
142139  -3.788  -80.218  15.496 0.0000000000
142432  -3.762  -68.218  49.428 0.0000000000
142663  -11.284  -55.568  26.031 0.0000000000
142876  -8.076  -80.698  17.486 0.0000000000
142984  -15.042  -80.439  20.330 0.0000000000
143081  -7.455  -61.494  50.394 0.0000000000
143110  -14.242  -91.268  29.464 0.0000000000
143385  -15.702  -83.412  24.161 0.0000000000
143422  -12.632  -66.744  26.261 0.0000000000
143586  -11.458  -83.042  47.187 0.0000000000
