
Wed Mar 11 13:17:20 CET 2026
cd /out/sourcedata/freesurfer/sub-v2s18x29496_ses-1
setenv SUBJECTS_DIR /out/sourcedata/freesurfer
/opt/freesurfer/bin/recon-all -autorecon1 -i /work/fmriprep_25_2_wf/sub_v2s18x29496_ses_1_wf/anat_fit_wf/anat_validate/sub-v2s18x29496_ses-1_run-1_T1w_noise_corrected_ras_valid.nii.gz -noskullstrip -noT2pial -noFLAIRpial -openmp 16 -subjid sub-v2s18x29496_ses-1 -sd /out/sourcedata/freesurfer

subjid sub-v2s18x29496_ses-1
setenv SUBJECTS_DIR /out/sourcedata/freesurfer
FREESURFER_HOME /opt/freesurfer
Actual FREESURFER_HOME /opt/freesurfer
build-stamp.txt: freesurfer-linux-ubuntu22_x86_64-7.3.2-20220804-6354275
Linux dna055 5.14.0-427.37.1.el9_4.x86_64 #1 SMP PREEMPT_DYNAMIC Fri Sep 13 12:41:50 EDT 2024 x86_64 x86_64 x86_64 GNU/Linux
cputime      unlimited
filesize     unlimited
datasize     unlimited
stacksize    8192 kbytes
coredumpsize 0 kbytes
memoryuse    67108864 kbytes
vmemoryuse   unlimited
descriptors  1024 
memorylocked unlimited
maxproc      2061970 
maxlocks     unlimited
maxsignal    2061970 
maxmessage   819200 
maxnice      0 
maxrtprio    0 
maxrttime    unlimited

               total        used        free      shared  buff/cache   available
Mem:           503Gi        72Gi       411Gi       7.0Gi        19Gi       421Gi
Swap:             0B          0B          0B

########################################
program versions used
7.3.2 (freesurfer-linux-ubuntu22_x86_64-7.3.2-20220804-6354275)
7.3.2

ProgramName: lta_convert  ProgramArguments: lta_convert -all-info  ProgramVersion: 7.3.2  TimeStamp: 2026/03/11-12:17:20-GMT  BuildTime: Aug  4 2022 06:17:15  BuildStamp: freesurfer-linux-ubuntu22_x86_64-7.3.2-20220804-6354275  User: oesteban  Machine: dna055  Platform: Linux  PlatformVersion: 5.14.0-427.37.1.el9_4.x86_64  CompilerName: GCC  CompilerVersion: 8.4.0
ProgramName: mri_and  ProgramArguments: mri_and -all-info  ProgramVersion: 7.3.2  TimeStamp: 2026/03/11-12:17:20-GMT  BuildTime: Aug  4 2022 06:17:15  BuildStamp: freesurfer-linux-ubuntu22_x86_64-7.3.2-20220804-6354275  User: oesteban  Machine: dna055  Platform: Linux  PlatformVersion: 5.14.0-427.37.1.el9_4.x86_64  CompilerName: GCC  CompilerVersion: 8.4.0
ProgramName: mri_annotation2label  ProgramArguments: mri_annotation2label -all-info  ProgramVersion: 7.3.2  TimeStamp: 2026/03/11-12:17:20-GMT  BuildTime: Aug  4 2022 06:17:15  BuildStamp: freesurfer-linux-ubuntu22_x86_64-7.3.2-20220804-6354275  User: oesteban  Machine: dna055  Platform: Linux  PlatformVersion: 5.14.0-427.37.1.el9_4.x86_64  CompilerName: GCC  CompilerVersion: 8.4.0
ProgramName: mri_aparc2aseg  ProgramArguments: mri_aparc2aseg -all-info  ProgramVersion: 7.3.2  TimeStamp: 2026/03/11-12:17:20-GMT  BuildTime: Aug  4 2022 06:17:15  BuildStamp: freesurfer-linux-ubuntu22_x86_64-7.3.2-20220804-6354275  User: oesteban  Machine: dna055  Platform: Linux  PlatformVersion: 5.14.0-427.37.1.el9_4.x86_64  CompilerName: GCC  CompilerVersion: 8.4.0
ProgramName: mri_surf2volseg  ProgramArguments: mri_surf2volseg -all-info  ProgramVersion: 7.3.2  TimeStamp: 2026/03/11-12:17:20-GMT  BuildTime: Aug  4 2022 06:17:15  BuildStamp: freesurfer-linux-ubuntu22_x86_64-7.3.2-20220804-6354275  User: oesteban  Machine: dna055  Platform: Linux  PlatformVersion: 5.14.0-427.37.1.el9_4.x86_64  CompilerName: GCC  CompilerVersion: 8.4.0
ProgramName: mri_binarize  ProgramArguments: mri_binarize -all-info  ProgramVersion: 7.3.2  TimeStamp: 2026/03/11-12:17:20-GMT  BuildTime: Aug  4 2022 06:17:15  BuildStamp: freesurfer-linux-ubuntu22_x86_64-7.3.2-20220804-6354275  User: oesteban  Machine: dna055  Platform: Linux  PlatformVersion: 5.14.0-427.37.1.el9_4.x86_64  CompilerName: GCC  CompilerVersion: 8.4.0
ProgramName: mri_ca_label  ProgramArguments: mri_ca_label -all-info  ProgramVersion: 7.3.2  TimeStamp: 2026/03/11-12:17:20-GMT  BuildTime: Aug  4 2022 06:17:15  BuildStamp: freesurfer-linux-ubuntu22_x86_64-7.3.2-20220804-6354275  User: oesteban  Machine: dna055  Platform: Linux  PlatformVersion: 5.14.0-427.37.1.el9_4.x86_64  CompilerName: GCC  CompilerVersion: 8.4.0
ProgramName: mri_ca_normalize  ProgramArguments: mri_ca_normalize -all-info  ProgramVersion: 7.3.2  TimeStamp: 2026/03/11-12:17:20-GMT  BuildTime: Aug  4 2022 06:17:15  BuildStamp: freesurfer-linux-ubuntu22_x86_64-7.3.2-20220804-6354275  User: oesteban  Machine: dna055  Platform: Linux  PlatformVersion: 5.14.0-427.37.1.el9_4.x86_64  CompilerName: GCC  CompilerVersion: 8.4.0
ProgramName: mri_ca_register  ProgramArguments: mri_ca_register -all-info  ProgramVersion: 7.3.2  TimeStamp: 2026/03/11-12:17:20-GMT  BuildTime: Aug  4 2022 06:17:15  BuildStamp: freesurfer-linux-ubuntu22_x86_64-7.3.2-20220804-6354275  User: oesteban  Machine: dna055  Platform: Linux  PlatformVersion: 5.14.0-427.37.1.el9_4.x86_64  CompilerName: GCC  CompilerVersion: 8.4.0
ProgramName: mri_cc  ProgramArguments: mri_cc -all-info  ProgramVersion: 7.3.2  TimeStamp: 2026/03/11-12:17:20-GMT  BuildTime: Aug  4 2022 06:17:15  BuildStamp: freesurfer-linux-ubuntu22_x86_64-7.3.2-20220804-6354275  User: oesteban  Machine: dna055  Platform: Linux  PlatformVersion: 5.14.0-427.37.1.el9_4.x86_64  CompilerName: GCC  CompilerVersion: 8.4.0
ProgramName: mri_compute_overlap  ProgramArguments: mri_compute_overlap -all-info  ProgramVersion: 7.3.2  TimeStamp: 2026/03/11-12:17:20-GMT  BuildTime: Aug  4 2022 06:17:15  BuildStamp: freesurfer-linux-ubuntu22_x86_64-7.3.2-20220804-6354275  User: oesteban  Machine: dna055  Platform: Linux  PlatformVersion: 5.14.0-427.37.1.el9_4.x86_64  CompilerName: GCC  CompilerVersion: 8.4.0
ProgramName: mri_compute_seg_overlap  ProgramArguments: mri_compute_seg_overlap -all-info  ProgramVersion: 7.3.2  TimeStamp: 2026/03/11-12:17:20-GMT  BuildTime: Aug  4 2022 06:17:15  BuildStamp: freesurfer-linux-ubuntu22_x86_64-7.3.2-20220804-6354275  User: oesteban  Machine: dna055  Platform: Linux  PlatformVersion: 5.14.0-427.37.1.el9_4.x86_64  CompilerName: GCC  CompilerVersion: 8.4.0
ProgramName: mri_concat  ProgramArguments: mri_concat -all-info  ProgramVersion: 7.3.2  TimeStamp: 2026/03/11-12:17:20-GMT  BuildTime: Aug  4 2022 06:17:15  BuildStamp: freesurfer-linux-ubuntu22_x86_64-7.3.2-20220804-6354275  User: oesteban  Machine: dna055  Platform: Linux  PlatformVersion: 5.14.0-427.37.1.el9_4.x86_64  CompilerName: GCC  CompilerVersion: 8.4.0
ProgramName: mri_concatenate_lta  ProgramArguments: mri_concatenate_lta -all-info  ProgramVersion: 7.3.2  TimeStamp: 2026/03/11-12:17:20-GMT  BuildTime: Aug  4 2022 06:17:15  BuildStamp: freesurfer-linux-ubuntu22_x86_64-7.3.2-20220804-6354275  User: oesteban  Machine: dna055  Platform: Linux  PlatformVersion: 5.14.0-427.37.1.el9_4.x86_64  CompilerName: GCC  CompilerVersion: 8.4.0
mri_convert -all-info 
ProgramName: mri_convert  ProgramArguments: mri_convert -all-info  ProgramVersion: 7.3.2  TimeStamp: 2026/03/11-12:17:20-GMT  BuildTime: Aug  4 2022 06:17:15  BuildStamp: freesurfer-linux-ubuntu22_x86_64-7.3.2-20220804-6354275  User: oesteban  Machine: dna055  Platform: Linux  PlatformVersion: 5.14.0-427.37.1.el9_4.x86_64  CompilerName: GCC  CompilerVersion: 8.4.0
ProgramName: mri_diff  ProgramArguments: mri_diff -all-info  ProgramVersion: 7.3.2  TimeStamp: 2026/03/11-12:17:20-GMT  BuildTime: Aug  4 2022 06:17:15  BuildStamp: freesurfer-linux-ubuntu22_x86_64-7.3.2-20220804-6354275  User: oesteban  Machine: dna055  Platform: Linux  PlatformVersion: 5.14.0-427.37.1.el9_4.x86_64  CompilerName: GCC  CompilerVersion: 8.4.0
ProgramName: mri_edit_wm_with_aseg  ProgramArguments: mri_edit_wm_with_aseg -all-info  ProgramVersion: 7.3.2  TimeStamp: 2026/03/11-12:17:20-GMT  BuildTime: Aug  4 2022 06:17:15  BuildStamp: freesurfer-linux-ubuntu22_x86_64-7.3.2-20220804-6354275  User: oesteban  Machine: dna055  Platform: Linux  PlatformVersion: 5.14.0-427.37.1.el9_4.x86_64  CompilerName: GCC  CompilerVersion: 8.4.0
ProgramName: mri_em_register  ProgramArguments: mri_em_register -all-info  ProgramVersion: 7.3.2  TimeStamp: 2026/03/11-12:17:20-GMT  BuildTime: Aug  4 2022 06:17:15  BuildStamp: freesurfer-linux-ubuntu22_x86_64-7.3.2-20220804-6354275  User: oesteban  Machine: dna055  Platform: Linux  PlatformVersion: 5.14.0-427.37.1.el9_4.x86_64  CompilerName: GCC  CompilerVersion: 8.4.0
ProgramName: mri_fill  ProgramArguments: mri_fill -all-info  ProgramVersion: 7.3.2  TimeStamp: 2026/03/11-12:17:20-GMT  BuildTime: Aug  4 2022 06:17:15  BuildStamp: freesurfer-linux-ubuntu22_x86_64-7.3.2-20220804-6354275  User: oesteban  Machine: dna055  Platform: Linux  PlatformVersion: 5.14.0-427.37.1.el9_4.x86_64  CompilerName: GCC  CompilerVersion: 8.4.0
ProgramName: mri_fuse_segmentations  ProgramArguments: mri_fuse_segmentations -all-info  ProgramVersion: 7.3.2  TimeStamp: 2026/03/11-12:17:20-GMT  BuildTime: Aug  4 2022 06:17:15  BuildStamp: freesurfer-linux-ubuntu22_x86_64-7.3.2-20220804-6354275  User: oesteban  Machine: dna055  Platform: Linux  PlatformVersion: 5.14.0-427.37.1.el9_4.x86_64  CompilerName: GCC  CompilerVersion: 8.4.0
ProgramName: mri_fwhm  ProgramArguments: mri_fwhm -all-info  ProgramVersion: 7.3.2  TimeStamp: 2026/03/11-12:17:20-GMT  BuildTime: Aug  4 2022 06:17:15  BuildStamp: freesurfer-linux-ubuntu22_x86_64-7.3.2-20220804-6354275  User: oesteban  Machine: dna055  Platform: Linux  PlatformVersion: 5.14.0-427.37.1.el9_4.x86_64  CompilerName: GCC  CompilerVersion: 8.4.0
ProgramName: mri_gcut  ProgramArguments: mri_gcut -all-info  ProgramVersion: 7.3.2  TimeStamp: 2026/03/11-12:17:20-GMT  BuildTime: Aug  4 2022 06:17:15  BuildStamp: freesurfer-linux-ubuntu22_x86_64-7.3.2-20220804-6354275  User: oesteban  Machine: dna055  Platform: Linux  PlatformVersion: 5.14.0-427.37.1.el9_4.x86_64  CompilerName: GCC  CompilerVersion: 8.4.0
ProgramName: mri_info  ProgramArguments: mri_info -all-info  ProgramVersion: 7.3.2  TimeStamp: 2026/03/11-12:17:20-GMT  BuildTime: Aug  4 2022 06:17:15  BuildStamp: freesurfer-linux-ubuntu22_x86_64-7.3.2-20220804-6354275  User: oesteban  Machine: dna055  Platform: Linux  PlatformVersion: 5.14.0-427.37.1.el9_4.x86_64  CompilerName: GCC  CompilerVersion: 8.4.0
ProgramName: mri_label2label  ProgramArguments: mri_label2label -all-info  ProgramVersion: 7.3.2  TimeStamp: 2026/03/11-12:17:20-GMT  BuildTime: Aug  4 2022 06:17:15  BuildStamp: freesurfer-linux-ubuntu22_x86_64-7.3.2-20220804-6354275  User: oesteban  Machine: dna055  Platform: Linux  PlatformVersion: 5.14.0-427.37.1.el9_4.x86_64  CompilerName: GCC  CompilerVersion: 8.4.0
ProgramName: mri_label2vol  ProgramArguments: mri_label2vol -all-info  ProgramVersion: 7.3.2  TimeStamp: 2026/03/11-12:17:20-GMT  BuildTime: Aug  4 2022 06:17:15  BuildStamp: freesurfer-linux-ubuntu22_x86_64-7.3.2-20220804-6354275  User: oesteban  Machine: dna055  Platform: Linux  PlatformVersion: 5.14.0-427.37.1.el9_4.x86_64  CompilerName: GCC  CompilerVersion: 8.4.0
ProgramName: mri_log_likelihood  ProgramArguments: mri_log_likelihood -all-info  ProgramVersion: 7.3.2  TimeStamp: 2026/03/11-12:17:20-GMT  BuildTime: Aug  4 2022 06:17:15  BuildStamp: freesurfer-linux-ubuntu22_x86_64-7.3.2-20220804-6354275  User: oesteban  Machine: dna055  Platform: Linux  PlatformVersion: 5.14.0-427.37.1.el9_4.x86_64  CompilerName: GCC  CompilerVersion: 8.4.0
ProgramName: mri_mask  ProgramArguments: mri_mask -all-info  ProgramVersion: 7.3.2  TimeStamp: 2026/03/11-12:17:21-GMT  BuildTime: Aug  4 2022 06:17:15  BuildStamp: freesurfer-linux-ubuntu22_x86_64-7.3.2-20220804-6354275  User: oesteban  Machine: dna055  Platform: Linux  PlatformVersion: 5.14.0-427.37.1.el9_4.x86_64  CompilerName: GCC  CompilerVersion: 8.4.0
ProgramName: mri_matrix_multiply  ProgramArguments: mri_matrix_multiply -all-info  ProgramVersion: 7.3.2  TimeStamp: 2026/03/11-12:17:21-GMT  BuildTime: Aug  4 2022 06:17:15  BuildStamp: freesurfer-linux-ubuntu22_x86_64-7.3.2-20220804-6354275  User: oesteban  Machine: dna055  Platform: Linux  PlatformVersion: 5.14.0-427.37.1.el9_4.x86_64  CompilerName: GCC  CompilerVersion: 8.4.0
ProgramName: mri_normalize  ProgramArguments: mri_normalize -all-info  ProgramVersion: 7.3.2  TimeStamp: 2026/03/11-12:17:21-GMT  BuildTime: Aug  4 2022 06:17:15  BuildStamp: freesurfer-linux-ubuntu22_x86_64-7.3.2-20220804-6354275  User: oesteban  Machine: dna055  Platform: Linux  PlatformVersion: 5.14.0-427.37.1.el9_4.x86_64  CompilerName: GCC  CompilerVersion: 8.4.0
ProgramName: mri_normalize_tp2  ProgramArguments: mri_normalize_tp2 -all-info  ProgramVersion: 7.3.2  TimeStamp: 2026/03/11-12:17:21-GMT  BuildTime: Aug  4 2022 06:17:15  BuildStamp: freesurfer-linux-ubuntu22_x86_64-7.3.2-20220804-6354275  User: oesteban  Machine: dna055  Platform: Linux  PlatformVersion: 5.14.0-427.37.1.el9_4.x86_64  CompilerName: GCC  CompilerVersion: 8.4.0
ProgramName: mri_or  ProgramArguments: mri_or -all-info  ProgramVersion: 7.3.2  TimeStamp: 2026/03/11-12:17:21-GMT  BuildTime: Aug  4 2022 06:17:15  BuildStamp: freesurfer-linux-ubuntu22_x86_64-7.3.2-20220804-6354275  User: oesteban  Machine: dna055  Platform: Linux  PlatformVersion: 5.14.0-427.37.1.el9_4.x86_64  CompilerName: GCC  CompilerVersion: 8.4.0
ProgramName: mri_relabel_hypointensities  ProgramArguments: mri_relabel_hypointensities -all-info  ProgramVersion: 7.3.2  TimeStamp: 2026/03/11-12:17:21-GMT  BuildTime: Aug  4 2022 06:17:15  BuildStamp: freesurfer-linux-ubuntu22_x86_64-7.3.2-20220804-6354275  User: oesteban  Machine: dna055  Platform: Linux  PlatformVersion: 5.14.0-427.37.1.el9_4.x86_64  CompilerName: GCC  CompilerVersion: 8.4.0
ProgramName: mri_relabel_nonwm_hypos  ProgramArguments: mri_relabel_nonwm_hypos -all-info  ProgramVersion: 7.3.2  TimeStamp: 2026/03/11-12:17:21-GMT  BuildTime: Aug  4 2022 06:17:15  BuildStamp: freesurfer-linux-ubuntu22_x86_64-7.3.2-20220804-6354275  User: oesteban  Machine: dna055  Platform: Linux  PlatformVersion: 5.14.0-427.37.1.el9_4.x86_64  CompilerName: GCC  CompilerVersion: 8.4.0
ProgramName: mri_remove_neck  ProgramArguments: mri_remove_neck -all-info  ProgramVersion: 7.3.2  TimeStamp: 2026/03/11-12:17:21-GMT  BuildTime: Aug  4 2022 06:17:15  BuildStamp: freesurfer-linux-ubuntu22_x86_64-7.3.2-20220804-6354275  User: oesteban  Machine: dna055  Platform: Linux  PlatformVersion: 5.14.0-427.37.1.el9_4.x86_64  CompilerName: GCC  CompilerVersion: 8.4.0
7.3.2

ProgramName: mri_robust_register  ProgramArguments: mri_robust_register -all-info  ProgramVersion: 7.3.2  TimeStamp: 2026/03/11-12:17:21-GMT  BuildTime: Aug  4 2022 06:17:15  BuildStamp: freesurfer-linux-ubuntu22_x86_64-7.3.2-20220804-6354275  User: oesteban  Machine: dna055  Platform: Linux  PlatformVersion: 5.14.0-427.37.1.el9_4.x86_64  CompilerName: GCC  CompilerVersion: 8.4.0
7.3.2

ProgramName: mri_robust_template  ProgramArguments: mri_robust_template -all-info  ProgramVersion: 7.3.2  TimeStamp: 2026/03/11-12:17:21-GMT  BuildTime: Aug  4 2022 06:17:15  BuildStamp: freesurfer-linux-ubuntu22_x86_64-7.3.2-20220804-6354275  User: oesteban  Machine: dna055  Platform: Linux  PlatformVersion: 5.14.0-427.37.1.el9_4.x86_64  CompilerName: GCC  CompilerVersion: 8.4.0
ProgramName: mris_anatomical_stats  ProgramArguments: mris_anatomical_stats -all-info  ProgramVersion: 7.3.2  TimeStamp: 2026/03/11-12:17:21-GMT  BuildTime: Aug  4 2022 06:17:15  BuildStamp: freesurfer-linux-ubuntu22_x86_64-7.3.2-20220804-6354275  User: oesteban  Machine: dna055  Platform: Linux  PlatformVersion: 5.14.0-427.37.1.el9_4.x86_64  CompilerName: GCC  CompilerVersion: 8.4.0
ProgramName: mris_ca_label  ProgramArguments: mris_ca_label -all-info  ProgramVersion: 7.3.2  TimeStamp: 2026/03/11-12:17:21-GMT  BuildTime: Aug  4 2022 06:17:15  BuildStamp: freesurfer-linux-ubuntu22_x86_64-7.3.2-20220804-6354275  User: oesteban  Machine: dna055  Platform: Linux  PlatformVersion: 5.14.0-427.37.1.el9_4.x86_64  CompilerName: GCC  CompilerVersion: 8.4.0
ProgramName: mris_calc  ProgramArguments: mris_calc -all-info  ProgramVersion: 7.3.2  TimeStamp: 2026/03/11-12:17:21-GMT  BuildTime: Aug  4 2022 06:17:15  BuildStamp: freesurfer-linux-ubuntu22_x86_64-7.3.2-20220804-6354275  User: oesteban  Machine: dna055  Platform: Linux  PlatformVersion: 5.14.0-427.37.1.el9_4.x86_64  CompilerName: GCC  CompilerVersion: 8.4.0
ProgramName: mris_convert  ProgramArguments: mris_convert -all-info  ProgramVersion: 7.3.2  TimeStamp: 2026/03/11-12:17:21-GMT  BuildTime: Aug  4 2022 06:17:15  BuildStamp: freesurfer-linux-ubuntu22_x86_64-7.3.2-20220804-6354275  User: oesteban  Machine: dna055  Platform: Linux  PlatformVersion: 5.14.0-427.37.1.el9_4.x86_64  CompilerName: GCC  CompilerVersion: 8.4.0
ProgramName: mris_curvature  ProgramArguments: mris_curvature -all-info  ProgramVersion: 7.3.2  TimeStamp: 2026/03/11-12:17:21-GMT  BuildTime: Aug  4 2022 06:17:15  BuildStamp: freesurfer-linux-ubuntu22_x86_64-7.3.2-20220804-6354275  User: oesteban  Machine: dna055  Platform: Linux  PlatformVersion: 5.14.0-427.37.1.el9_4.x86_64  CompilerName: GCC  CompilerVersion: 8.4.0
ProgramName: mris_curvature_stats  ProgramArguments: mris_curvature_stats -all-info  ProgramVersion: 7.3.2  TimeStamp: 2026/03/11-12:17:21-GMT  BuildTime: Aug  4 2022 06:17:15  BuildStamp: freesurfer-linux-ubuntu22_x86_64-7.3.2-20220804-6354275  User: oesteban  Machine: dna055  Platform: Linux  PlatformVersion: 5.14.0-427.37.1.el9_4.x86_64  CompilerName: GCC  CompilerVersion: 8.4.0
ProgramName: mris_diff  ProgramArguments: mris_diff -all-info  ProgramVersion: 7.3.2  TimeStamp: 2026/03/11-12:17:21-GMT  BuildTime: Aug  4 2022 06:17:15  BuildStamp: freesurfer-linux-ubuntu22_x86_64-7.3.2-20220804-6354275  User: oesteban  Machine: dna055  Platform: Linux  PlatformVersion: 5.14.0-427.37.1.el9_4.x86_64  CompilerName: GCC  CompilerVersion: 8.4.0
ProgramName: mris_divide_parcellation  ProgramArguments: mris_divide_parcellation -all-info  ProgramVersion: 7.3.2  TimeStamp: 2026/03/11-12:17:21-GMT  BuildTime: Aug  4 2022 06:17:15  BuildStamp: freesurfer-linux-ubuntu22_x86_64-7.3.2-20220804-6354275  User: oesteban  Machine: dna055  Platform: Linux  PlatformVersion: 5.14.0-427.37.1.el9_4.x86_64  CompilerName: GCC  CompilerVersion: 8.4.0
ProgramName: mri_segment  ProgramArguments: mri_segment -all-info  ProgramVersion: 7.3.2  TimeStamp: 2026/03/11-12:17:21-GMT  BuildTime: Aug  4 2022 06:17:15  BuildStamp: freesurfer-linux-ubuntu22_x86_64-7.3.2-20220804-6354275  User: oesteban  Machine: dna055  Platform: Linux  PlatformVersion: 5.14.0-427.37.1.el9_4.x86_64  CompilerName: GCC  CompilerVersion: 8.4.0
ProgramName: mri_segstats  ProgramArguments: mri_segstats -all-info  ProgramVersion: 7.3.2  TimeStamp: 2026/03/11-12:17:21-GMT  BuildTime: Aug  4 2022 06:17:15  BuildStamp: freesurfer-linux-ubuntu22_x86_64-7.3.2-20220804-6354275  User: oesteban  Machine: dna055  Platform: Linux  PlatformVersion: 5.14.0-427.37.1.el9_4.x86_64  CompilerName: GCC  CompilerVersion: 8.4.0
ProgramName: mris_euler_number  ProgramArguments: mris_euler_number -all-info  ProgramVersion: 7.3.2  TimeStamp: 2026/03/11-12:17:21-GMT  BuildTime: Aug  4 2022 06:17:15  BuildStamp: freesurfer-linux-ubuntu22_x86_64-7.3.2-20220804-6354275  User: oesteban  Machine: dna055  Platform: Linux  PlatformVersion: 5.14.0-427.37.1.el9_4.x86_64  CompilerName: GCC  CompilerVersion: 8.4.0
ProgramName: mris_fix_topology  ProgramArguments: mris_fix_topology -all-info  ProgramVersion: 7.3.2  TimeStamp: 2026/03/11-12:17:21-GMT  BuildTime: Aug  4 2022 06:17:15  BuildStamp: freesurfer-linux-ubuntu22_x86_64-7.3.2-20220804-6354275  User: oesteban  Machine: dna055  Platform: Linux  PlatformVersion: 5.14.0-427.37.1.el9_4.x86_64  CompilerName: GCC  CompilerVersion: 8.4.0
ProgramName: mris_topo_fixer  ProgramArguments: mris_topo_fixer -all-info  ProgramVersion: 7.3.2  TimeStamp: 2026/03/11-12:17:21-GMT  BuildTime: Aug  4 2022 06:17:15  BuildStamp: freesurfer-linux-ubuntu22_x86_64-7.3.2-20220804-6354275  User: oesteban  Machine: dna055  Platform: Linux  PlatformVersion: 5.14.0-427.37.1.el9_4.x86_64  CompilerName: GCC  CompilerVersion: 8.4.0
ProgramName: mris_jacobian  ProgramArguments: mris_jacobian -all-info  ProgramVersion: 7.3.2  TimeStamp: 2026/03/11-12:17:21-GMT  BuildTime: Aug  4 2022 06:17:15  BuildStamp: freesurfer-linux-ubuntu22_x86_64-7.3.2-20220804-6354275  User: oesteban  Machine: dna055  Platform: Linux  PlatformVersion: 5.14.0-427.37.1.el9_4.x86_64  CompilerName: GCC  CompilerVersion: 8.4.0
ProgramName: mris_label2annot  ProgramArguments: mris_label2annot -all-info  ProgramVersion: 7.3.2  TimeStamp: 2026/03/11-12:17:21-GMT  BuildTime: Aug  4 2022 06:17:15  BuildStamp: freesurfer-linux-ubuntu22_x86_64-7.3.2-20220804-6354275  User: oesteban  Machine: dna055  Platform: Linux  PlatformVersion: 5.14.0-427.37.1.el9_4.x86_64  CompilerName: GCC  CompilerVersion: 8.4.0
ProgramName: mris_left_right_register  ProgramArguments: mris_left_right_register -all-info  ProgramVersion: 7.3.2  TimeStamp: 2026/03/11-12:17:21-GMT  BuildTime: Aug  4 2022 06:17:15  BuildStamp: freesurfer-linux-ubuntu22_x86_64-7.3.2-20220804-6354275  User: oesteban  Machine: dna055  Platform: Linux  PlatformVersion: 5.14.0-427.37.1.el9_4.x86_64  CompilerName: GCC  CompilerVersion: 8.4.0
ProgramName: mris_place_surface  ProgramArguments: mris_place_surface -all-info  ProgramVersion: 7.3.2  TimeStamp: 2026/03/11-12:17:21-GMT  BuildTime: Aug  4 2022 06:17:15  BuildStamp: freesurfer-linux-ubuntu22_x86_64-7.3.2-20220804-6354275  User: oesteban  Machine: dna055  Platform: Linux  PlatformVersion: 5.14.0-427.37.1.el9_4.x86_64  CompilerName: GCC  CompilerVersion: 8.4.0
ProgramName: mrisp_paint  ProgramArguments: mrisp_paint -all-info  ProgramVersion: 7.3.2  TimeStamp: 2026/03/11-12:17:21-GMT  BuildTime: Aug  4 2022 06:17:15  BuildStamp: freesurfer-linux-ubuntu22_x86_64-7.3.2-20220804-6354275  User: oesteban  Machine: dna055  Platform: Linux  PlatformVersion: 5.14.0-427.37.1.el9_4.x86_64  CompilerName: GCC  CompilerVersion: 8.4.0
ProgramName: mris_register  ProgramArguments: mris_register -all-info  ProgramVersion: 7.3.2  TimeStamp: 2026/03/11-12:17:21-GMT  BuildTime: Aug  4 2022 06:17:15  BuildStamp: freesurfer-linux-ubuntu22_x86_64-7.3.2-20220804-6354275  User: oesteban  Machine: dna055  Platform: Linux  PlatformVersion: 5.14.0-427.37.1.el9_4.x86_64  CompilerName: GCC  CompilerVersion: 8.4.0
ProgramName: mris_smooth  ProgramArguments: mris_smooth -all-info  ProgramVersion: 7.3.2  TimeStamp: 2026/03/11-12:17:21-GMT  BuildTime: Aug  4 2022 06:17:15  BuildStamp: freesurfer-linux-ubuntu22_x86_64-7.3.2-20220804-6354275  User: oesteban  Machine: dna055  Platform: Linux  PlatformVersion: 5.14.0-427.37.1.el9_4.x86_64  CompilerName: GCC  CompilerVersion: 8.4.0
ProgramName: mris_sphere  ProgramArguments: mris_sphere -all-info  ProgramVersion: 7.3.2  TimeStamp: 2026/03/11-12:17:21-GMT  BuildTime: Aug  4 2022 06:17:15  BuildStamp: freesurfer-linux-ubuntu22_x86_64-7.3.2-20220804-6354275  User: oesteban  Machine: dna055  Platform: Linux  PlatformVersion: 5.14.0-427.37.1.el9_4.x86_64  CompilerName: GCC  CompilerVersion: 8.4.0
ProgramName: mris_surface_stats  ProgramArguments: mris_surface_stats -all-info  ProgramVersion: 7.3.2  TimeStamp: 2026/03/11-12:17:21-GMT  BuildTime: Aug  4 2022 06:17:15  BuildStamp: freesurfer-linux-ubuntu22_x86_64-7.3.2-20220804-6354275  User: oesteban  Machine: dna055  Platform: Linux  PlatformVersion: 5.14.0-427.37.1.el9_4.x86_64  CompilerName: GCC  CompilerVersion: 8.4.0
ProgramName: mri_stats2seg  ProgramArguments: mri_stats2seg -all-info  ProgramVersion: 7.3.2  TimeStamp: 2026/03/11-12:17:21-GMT  BuildTime: Aug  4 2022 06:17:15  BuildStamp: freesurfer-linux-ubuntu22_x86_64-7.3.2-20220804-6354275  User: oesteban  Machine: dna055  Platform: Linux  PlatformVersion: 5.14.0-427.37.1.el9_4.x86_64  CompilerName: GCC  CompilerVersion: 8.4.0
ProgramName: mris_thickness  ProgramArguments: mris_thickness -all-info  ProgramVersion: 7.3.2  TimeStamp: 2026/03/11-12:17:21-GMT  BuildTime: Aug  4 2022 06:17:15  BuildStamp: freesurfer-linux-ubuntu22_x86_64-7.3.2-20220804-6354275  User: oesteban  Machine: dna055  Platform: Linux  PlatformVersion: 5.14.0-427.37.1.el9_4.x86_64  CompilerName: GCC  CompilerVersion: 8.4.0
ProgramName: mris_thickness_diff  ProgramArguments: mris_thickness_diff -all-info  ProgramVersion: 7.3.2  TimeStamp: 2026/03/11-12:17:21-GMT  BuildTime: Aug  4 2022 06:17:15  BuildStamp: freesurfer-linux-ubuntu22_x86_64-7.3.2-20220804-6354275  User: oesteban  Machine: dna055  Platform: Linux  PlatformVersion: 5.14.0-427.37.1.el9_4.x86_64  CompilerName: GCC  CompilerVersion: 8.4.0
ProgramName: mris_topo_fixer  ProgramArguments: mris_topo_fixer -all-info  ProgramVersion: 7.3.2  TimeStamp: 2026/03/11-12:17:21-GMT  BuildTime: Aug  4 2022 06:17:15  BuildStamp: freesurfer-linux-ubuntu22_x86_64-7.3.2-20220804-6354275  User: oesteban  Machine: dna055  Platform: Linux  PlatformVersion: 5.14.0-427.37.1.el9_4.x86_64  CompilerName: GCC  CompilerVersion: 8.4.0
ProgramName: mri_surf2surf  ProgramArguments: mri_surf2surf -all-info  ProgramVersion: 7.3.2  TimeStamp: 2026/03/11-12:17:21-GMT  BuildTime: Aug  4 2022 06:17:15  BuildStamp: freesurfer-linux-ubuntu22_x86_64-7.3.2-20220804-6354275  User: oesteban  Machine: dna055  Platform: Linux  PlatformVersion: 5.14.0-427.37.1.el9_4.x86_64  CompilerName: GCC  CompilerVersion: 8.4.0
ProgramName: mri_surf2vol  ProgramArguments: mri_surf2vol -all-info  ProgramVersion: 7.3.2  TimeStamp: 2026/03/11-12:17:21-GMT  BuildTime: Aug  4 2022 06:17:15  BuildStamp: freesurfer-linux-ubuntu22_x86_64-7.3.2-20220804-6354275  User: oesteban  Machine: dna055  Platform: Linux  PlatformVersion: 5.14.0-427.37.1.el9_4.x86_64  CompilerName: GCC  CompilerVersion: 8.4.0
ProgramName: mri_surfcluster  ProgramArguments: mri_surfcluster -all-info  ProgramVersion: 7.3.2  TimeStamp: 2026/03/11-12:17:21-GMT  BuildTime: Aug  4 2022 06:17:15  BuildStamp: freesurfer-linux-ubuntu22_x86_64-7.3.2-20220804-6354275  User: oesteban  Machine: dna055  Platform: Linux  PlatformVersion: 5.14.0-427.37.1.el9_4.x86_64  CompilerName: GCC  CompilerVersion: 8.4.0
ProgramName: mris_volmask  ProgramArguments: mris_volmask -all-info  ProgramVersion: 7.3.2  TimeStamp: 2026/03/11-12:17:21-GMT  BuildTime: Aug  4 2022 06:17:15  BuildStamp: freesurfer-linux-ubuntu22_x86_64-7.3.2-20220804-6354275  User: oesteban  Machine: dna055  Platform: Linux  PlatformVersion: 5.14.0-427.37.1.el9_4.x86_64  CompilerName: GCC  CompilerVersion: 8.4.0
ProgramName: mri_tessellate  ProgramArguments: mri_tessellate -all-info  ProgramVersion: 7.3.2  TimeStamp: 2026/03/11-12:17:21-GMT  BuildTime: Aug  4 2022 06:17:15  BuildStamp: freesurfer-linux-ubuntu22_x86_64-7.3.2-20220804-6354275  User: oesteban  Machine: dna055  Platform: Linux  PlatformVersion: 5.14.0-427.37.1.el9_4.x86_64  CompilerName: GCC  CompilerVersion: 8.4.0
ProgramName: mri_vol2surf  ProgramArguments: mri_vol2surf -all-info  ProgramVersion: 7.3.2  TimeStamp: 2026/03/11-12:17:21-GMT  BuildTime: Aug  4 2022 06:17:15  BuildStamp: freesurfer-linux-ubuntu22_x86_64-7.3.2-20220804-6354275  User: oesteban  Machine: dna055  Platform: Linux  PlatformVersion: 5.14.0-427.37.1.el9_4.x86_64  CompilerName: GCC  CompilerVersion: 8.4.0
ProgramName: mri_vol2vol  ProgramArguments: mri_vol2vol -all-info  ProgramVersion: 7.3.2  TimeStamp: 2026/03/11-12:17:21-GMT  BuildTime: Aug  4 2022 06:17:15  BuildStamp: freesurfer-linux-ubuntu22_x86_64-7.3.2-20220804-6354275  User: oesteban  Machine: dna055  Platform: Linux  PlatformVersion: 5.14.0-427.37.1.el9_4.x86_64  CompilerName: GCC  CompilerVersion: 8.4.0
ProgramName: mri_voldiff  ProgramArguments: mri_voldiff -all-info  ProgramVersion: 7.3.2  TimeStamp: 2026/03/11-12:17:21-GMT  BuildTime: Aug  4 2022 06:17:15  BuildStamp: freesurfer-linux-ubuntu22_x86_64-7.3.2-20220804-6354275  User: oesteban  Machine: dna055  Platform: Linux  PlatformVersion: 5.14.0-427.37.1.el9_4.x86_64  CompilerName: GCC  CompilerVersion: 8.4.0
ProgramName: mri_watershed  ProgramArguments: mri_watershed -all-info  ProgramVersion: 7.3.2  TimeStamp: 2026/03/11-12:17:21-GMT  BuildTime: Aug  4 2022 06:17:15  BuildStamp: freesurfer-linux-ubuntu22_x86_64-7.3.2-20220804-6354275  User: oesteban  Machine: dna055  Platform: Linux  PlatformVersion: 5.14.0-427.37.1.el9_4.x86_64  CompilerName: GCC  CompilerVersion: 8.4.0
ProgramName: tkregister2  ProgramArguments: tkregister2_cmdl -all-info  ProgramVersion: 7.3.2  TimeStamp: 2026/03/11-12:17:21-GMT  BuildTime: Aug  4 2022 06:17:15  BuildStamp: freesurfer-linux-ubuntu22_x86_64-7.3.2-20220804-6354275  User: oesteban  Machine: dna055  Platform: Linux  PlatformVersion: 5.14.0-427.37.1.el9_4.x86_64  CompilerName: GCC  CompilerVersion: 8.4.0
mri_motion_correct.fsl 7.3.2
mri_convert -all-info 
ProgramName: mri_convert  ProgramArguments: mri_convert -all-info  ProgramVersion: 7.3.2  TimeStamp: 2026/03/11-12:17:21-GMT  BuildTime: Aug  4 2022 06:17:15  BuildStamp: freesurfer-linux-ubuntu22_x86_64-7.3.2-20220804-6354275  User: oesteban  Machine: dna055  Platform: Linux  PlatformVersion: 5.14.0-427.37.1.el9_4.x86_64  CompilerName: GCC  CompilerVersion: 8.4.0
Program nu_correct, built from:
Package MNI N3, version 1.12.0, compiled by nicks@terrier (x86_64-unknown-linux-gnu) on 2015-06-19 at 01:25:34
#######################################
GCADIR /opt/freesurfer/average
GCA RB_all_2020-01-02.gca
GCASkull RB_all_withskull_2020_01_02.gca
AvgCurvTif folding.atlas.acfb40.noaparc.i12.2016-08-02.tif
GCSDIR /opt/freesurfer/average
GCS DKaparc.atlas.acfb40.noaparc.i12.2016-08-02.gcs
#######################################
/out/sourcedata/freesurfer/sub-v2s18x29496_ses-1

 mri_convert /work/fmriprep_25_2_wf/sub_v2s18x29496_ses_1_wf/anat_fit_wf/anat_validate/sub-v2s18x29496_ses-1_run-1_T1w_noise_corrected_ras_valid.nii.gz /out/sourcedata/freesurfer/sub-v2s18x29496_ses-1/mri/orig/001.mgz 

mri_convert /work/fmriprep_25_2_wf/sub_v2s18x29496_ses_1_wf/anat_fit_wf/anat_validate/sub-v2s18x29496_ses-1_run-1_T1w_noise_corrected_ras_valid.nii.gz /out/sourcedata/freesurfer/sub-v2s18x29496_ses-1/mri/orig/001.mgz 
reading from /work/fmriprep_25_2_wf/sub_v2s18x29496_ses_1_wf/anat_fit_wf/anat_validate/sub-v2s18x29496_ses-1_run-1_T1w_noise_corrected_ras_valid.nii.gz...
TR=0.00, TE=0.00, TI=0.00, flip angle=0.00
i_ras = (0.999924, 0.00872618, 0.00872651)
j_ras = (-0.00872651, 0.999962, -1.91251e-08)
k_ras = (-0.00872618, -7.61328e-05, 0.999962)
writing to /out/sourcedata/freesurfer/sub-v2s18x29496_ses-1/mri/orig/001.mgz...
#--------------------------------------------
#@# MotionCor Wed Mar 11 13:17:28 CET 2026
Found 1 runs
/out/sourcedata/freesurfer/sub-v2s18x29496_ses-1/mri/orig/001.mgz
Checking for (invalid) multi-frame inputs...
Only one run found so motion
correction will not be performed. I'll
copy the run to rawavg and continue.

 cp /out/sourcedata/freesurfer/sub-v2s18x29496_ses-1/mri/orig/001.mgz /out/sourcedata/freesurfer/sub-v2s18x29496_ses-1/mri/rawavg.mgz 


 mri_info /out/sourcedata/freesurfer/sub-v2s18x29496_ses-1/mri/rawavg.mgz 

rawavg.mgz ========================================
Volume information for /out/sourcedata/freesurfer/sub-v2s18x29496_ses-1/mri/rawavg.mgz
          type: MGH
    dimensions: 160 x 480 x 512
   voxel sizes: 1.200000, 0.500000, 0.500000
          type: FLOAT (3)
           fov: 256.000
           dof: 1
        xstart: -96.0, xend: 96.0
        ystart: -120.0, yend: 120.0
        zstart: -128.0, zend: 128.0
            TR: 0.00 msec, TE: 0.00 msec, TI: 0.00 msec, flip angle: 0.00 degrees
       nframes: 1
       PhEncDir: UNKNOWN
       FieldStrength: 0.000000
ras xform present
    xform info: x_r =   0.9999, y_r =  -0.0087, z_r =  -0.0087, c_r =     1.2692
              : x_a =   0.0087, y_a =   1.0000, z_a =  -0.0001, c_a =    27.6264
              : x_s =   0.0087, y_s =  -0.0000, z_s =   1.0000, c_s =   -22.5456

talairach xfm : 
Orientation   : RAS
Primary Slice Direction: axial

voxel to ras transform:
                1.1999  -0.0044  -0.0044   -92.5594
                0.0105   0.5000  -0.0000   -93.1970
                0.0105  -0.0000   0.5000  -151.3785
                0.0000   0.0000   0.0000     1.0000

voxel-to-ras determinant 0.3

ras to voxel transform:
                0.8333   0.0073   0.0073    78.9055
               -0.0175   1.9999  -0.0000   184.7714
               -0.0175  -0.0002   1.9999   301.1159
                0.0000   0.0000   0.0000     1.0000
/out/sourcedata/freesurfer/sub-v2s18x29496_ses-1

 mri_convert /out/sourcedata/freesurfer/sub-v2s18x29496_ses-1/mri/rawavg.mgz /out/sourcedata/freesurfer/sub-v2s18x29496_ses-1/mri/orig.mgz --conform 

mri_convert /out/sourcedata/freesurfer/sub-v2s18x29496_ses-1/mri/rawavg.mgz /out/sourcedata/freesurfer/sub-v2s18x29496_ses-1/mri/orig.mgz --conform 
reading from /out/sourcedata/freesurfer/sub-v2s18x29496_ses-1/mri/rawavg.mgz...
TR=0.00, TE=0.00, TI=0.00, flip angle=0.00
i_ras = (0.999924, 0.00872618, 0.00872651)
j_ras = (-0.00872651, 0.999962, -1.91251e-08)
k_ras = (-0.00872618, -7.61328e-05, 0.999962)
changing data type from float to uchar (noscale = 0)...
MRIchangeType: Building histogram -0.000322774 1022.39 1000, flo=0, fhi=0.999, dest_type=0
Reslicing using trilinear interpolation 
writing to /out/sourcedata/freesurfer/sub-v2s18x29496_ses-1/mri/orig.mgz...

 mri_add_xform_to_header -c /out/sourcedata/freesurfer/sub-v2s18x29496_ses-1/mri/transforms/talairach.xfm /out/sourcedata/freesurfer/sub-v2s18x29496_ses-1/mri/orig.mgz /out/sourcedata/freesurfer/sub-v2s18x29496_ses-1/mri/orig.mgz 

INFO: extension is mgz

 mri_info /out/sourcedata/freesurfer/sub-v2s18x29496_ses-1/mri/orig.mgz 

orig.mgz ========================================
Volume information for /out/sourcedata/freesurfer/sub-v2s18x29496_ses-1/mri/orig.mgz
          type: MGH
    dimensions: 256 x 256 x 256
   voxel sizes: 1.000000, 1.000000, 1.000000
          type: UCHAR (0)
           fov: 256.000
           dof: 1
        xstart: -128.0, xend: 128.0
        ystart: -128.0, yend: 128.0
        zstart: -128.0, zend: 128.0
            TR: 0.00 msec, TE: 0.00 msec, TI: 0.00 msec, flip angle: 0.00 degrees
       nframes: 1
       PhEncDir: UNKNOWN
       FieldStrength: 0.000000
ras xform present
    xform info: x_r =  -1.0000, y_r =   0.0000, z_r =  -0.0000, c_r =     1.2692
              : x_a =  -0.0000, y_a =   0.0000, z_a =   1.0000, c_a =    27.6264
              : x_s =   0.0000, y_s =  -1.0000, z_s =   0.0000, c_s =   -22.5456

talairach xfm : /out/sourcedata/freesurfer/sub-v2s18x29496_ses-1/mri/transforms/talairach.xfm
Orientation   : LIA
Primary Slice Direction: coronal

voxel to ras transform:
               -1.0000   0.0000  -0.0000   129.2692
               -0.0000   0.0000   1.0000  -100.3736
                0.0000  -1.0000   0.0000   105.4544
                0.0000   0.0000   0.0000     1.0000

voxel-to-ras determinant -1

ras to voxel transform:
               -1.0000  -0.0000  -0.0000   129.2692
               -0.0000   0.0000  -1.0000   105.4544
               -0.0000   1.0000   0.0000   100.3736
               -0.0000  -0.0000  -0.0000     1.0000
#--------------------------------------------
#@# Talairach Wed Mar 11 13:17:48 CET 2026
/out/sourcedata/freesurfer/sub-v2s18x29496_ses-1/mri

 mri_nu_correct.mni --no-rescale --i orig.mgz --o orig_nu.mgz --ants-n4 --n 1 --proto-iters 1000 --distance 50 

/usr/bin/bc
/out/sourcedata/freesurfer/sub-v2s18x29496_ses-1/mri
/opt/freesurfer/bin/mri_nu_correct.mni
--no-rescale --i orig.mgz --o orig_nu.mgz --ants-n4 --n 1 --proto-iters 1000 --distance 50
nIters 1
mri_nu_correct.mni 7.3.2
Linux dna055 5.14.0-427.37.1.el9_4.x86_64 #1 SMP PREEMPT_DYNAMIC Fri Sep 13 12:41:50 EDT 2024 x86_64 x86_64 x86_64 GNU/Linux
Wed Mar 11 13:17:48 CET 2026
tmpdir is ./tmp.mri_nu_correct.mni.3220568
cd /out/sourcedata/freesurfer/sub-v2s18x29496_ses-1/mri
AntsN4BiasFieldCorrectionFs -i orig.mgz -o ./tmp.mri_nu_correct.mni.3220568/nu0.mgz --dtype uchar
AntsN4BiasFieldCorrectionFs done
mri_convert ./tmp.mri_nu_correct.mni.3220568/nu0.mgz orig_nu.mgz --like orig.mgz --conform
mri_convert ./tmp.mri_nu_correct.mni.3220568/nu0.mgz orig_nu.mgz --like orig.mgz --conform 
reading from ./tmp.mri_nu_correct.mni.3220568/nu0.mgz...
TR=0.00, TE=0.00, TI=0.00, flip angle=0.00
i_ras = (-1, -3.15254e-10, 0)
j_ras = (1.86265e-09, 7.27596e-12, -1)
k_ras = (-1.54739e-09, 1, 7.27596e-12)
INFO: transform src into the like-volume: orig.mgz
writing to orig_nu.mgz...
 
 
Wed Mar 11 13:20:43 CET 2026
mri_nu_correct.mni done

 talairach_avi --i orig_nu.mgz --xfm transforms/talairach.auto.xfm 

talairach_avi log file is transforms/talairach_avi.log...
mv -f /out/sourcedata/freesurfer/sub-v2s18x29496_ses-1/mri/talsrcimg_to_711-2C_as_mni_average_305_t4_vox2vox.txt /out/sourcedata/freesurfer/sub-v2s18x29496_ses-1/mri/transforms/talsrcimg_to_711-2C_as_mni_average_305_t4_vox2vox.txt
Started at Wed Mar 11 13:20:44 CET 2026
Ended   at Wed Mar 11 13:22:11 CET 2026
talairach_avi done

 cp transforms/talairach.auto.xfm transforms/talairach.xfm 

lta_convert --src orig.mgz --trg /opt/freesurfer/average/mni305.cor.mgz --inxfm transforms/talairach.xfm --outlta transforms/talairach.xfm.lta --subject fsaverage --ltavox2vox
7.3.2

--src: orig.mgz src image (geometry).
--trg: /opt/freesurfer/average/mni305.cor.mgz trg image (geometry).
--inmni: transforms/talairach.xfm input MNI/XFM transform.
--outlta: transforms/talairach.xfm.lta output LTA.
--s: fsaverage subject name
--ltavox2vox: output LTA as VOX_TO_VOX transform.
 LTA read, type : 1
 1.05265   0.02683   0.00759  -0.90066;
 0.03110   0.95189   0.42150  -31.80479;
-0.01924  -0.40781   1.03932   11.52858;
 0.00000   0.00000   0.00000   1.00000;
setting subject to fsaverage
Writing  LTA to file transforms/talairach.xfm.lta...
lta_convert successful.
#--------------------------------------------
#@# Talairach Failure Detection Wed Mar 11 13:22:13 CET 2026
/out/sourcedata/freesurfer/sub-v2s18x29496_ses-1/mri

 talairach_afd -T 0.005 -xfm transforms/talairach.xfm 

talairach_afd: Talairach Transform: transforms/talairach.xfm OK (p=0.5721, pval=0.2115 >= threshold=0.0050)

 awk -f /opt/freesurfer/bin/extract_talairach_avi_QA.awk /out/sourcedata/freesurfer/sub-v2s18x29496_ses-1/mri/transforms/talairach_avi.log 


 tal_QC_AZS /out/sourcedata/freesurfer/sub-v2s18x29496_ses-1/mri/transforms/talairach_avi.log 

TalAviQA: 0.97728
z-score: 0
#--------------------------------------------
#@# Nu Intensity Correction Wed Mar 11 13:22:13 CET 2026

 mri_nu_correct.mni --i orig.mgz --o nu.mgz --uchar transforms/talairach.xfm --n 2 --ants-n4 

/usr/bin/bc
/out/sourcedata/freesurfer/sub-v2s18x29496_ses-1/mri
/opt/freesurfer/bin/mri_nu_correct.mni
--i orig.mgz --o nu.mgz --uchar transforms/talairach.xfm --n 2 --ants-n4
nIters 2
mri_nu_correct.mni 7.3.2
Linux dna055 5.14.0-427.37.1.el9_4.x86_64 #1 SMP PREEMPT_DYNAMIC Fri Sep 13 12:41:50 EDT 2024 x86_64 x86_64 x86_64 GNU/Linux
Wed Mar 11 13:22:13 CET 2026
tmpdir is ./tmp.mri_nu_correct.mni.3224345
cd /out/sourcedata/freesurfer/sub-v2s18x29496_ses-1/mri
AntsN4BiasFieldCorrectionFs -i orig.mgz -o ./tmp.mri_nu_correct.mni.3224345/nu0.mgz --dtype uchar
AntsN4BiasFieldCorrectionFs done
mri_binarize --i ./tmp.mri_nu_correct.mni.3224345/nu0.mgz --min -1 --o ./tmp.mri_nu_correct.mni.3224345/ones.mgz

7.3.2
cwd /out/sourcedata/freesurfer/sub-v2s18x29496_ses-1/mri
cmdline mri_binarize --i ./tmp.mri_nu_correct.mni.3224345/nu0.mgz --min -1 --o ./tmp.mri_nu_correct.mni.3224345/ones.mgz 
sysname  Linux
hostname dna055
machine  x86_64
user     oesteban

input      ./tmp.mri_nu_correct.mni.3224345/nu0.mgz
frame      0
nErode3d   0
nErode2d   0
output     ./tmp.mri_nu_correct.mni.3224345/ones.mgz
Binarizing based on threshold
min        -1
max        +infinity
binval        1
binvalnot     0
fstart = 0, fend = 0, nframes = 1
Starting parallel 1
Found 16777216 values in range
Counting number of voxels in first frame
Found 16777215 voxels in final mask
Writing output to ./tmp.mri_nu_correct.mni.3224345/ones.mgz
Count: 16777215 16777215.000000 16777216 99.999994
mri_binarize done
mri_segstats --id 1 --seg ./tmp.mri_nu_correct.mni.3224345/ones.mgz --i orig.mgz --sum ./tmp.mri_nu_correct.mni.3224345/sum.junk --avgwf ./tmp.mri_nu_correct.mni.3224345/input.mean.dat

7.3.2
cwd 
cmdline mri_segstats --id 1 --seg ./tmp.mri_nu_correct.mni.3224345/ones.mgz --i orig.mgz --sum ./tmp.mri_nu_correct.mni.3224345/sum.junk --avgwf ./tmp.mri_nu_correct.mni.3224345/input.mean.dat 
sysname  Linux
hostname dna055
machine  x86_64
user     oesteban
whitesurfname  white
UseRobust  0
Loading ./tmp.mri_nu_correct.mni.3224345/ones.mgz
Loading orig.mgz
Voxel Volume is 1 mm^3
Generating list of segmentation ids
Found   1 segmentations
Computing statistics for each segmentation

Reporting on   1 segmentations
Using PrintSegStat
Computing spatial average of each frame

Writing to ./tmp.mri_nu_correct.mni.3224345/input.mean.dat
mri_segstats done
mri_segstats --id 1 --seg ./tmp.mri_nu_correct.mni.3224345/ones.mgz --i ./tmp.mri_nu_correct.mni.3224345/nu0.mgz --sum ./tmp.mri_nu_correct.mni.3224345/sum.junk --avgwf ./tmp.mri_nu_correct.mni.3224345/output.mean.dat

7.3.2
cwd 
cmdline mri_segstats --id 1 --seg ./tmp.mri_nu_correct.mni.3224345/ones.mgz --i ./tmp.mri_nu_correct.mni.3224345/nu0.mgz --sum ./tmp.mri_nu_correct.mni.3224345/sum.junk --avgwf ./tmp.mri_nu_correct.mni.3224345/output.mean.dat 
sysname  Linux
hostname dna055
machine  x86_64
user     oesteban
whitesurfname  white
UseRobust  0
Loading ./tmp.mri_nu_correct.mni.3224345/ones.mgz
Loading ./tmp.mri_nu_correct.mni.3224345/nu0.mgz
Voxel Volume is 1 mm^3
Generating list of segmentation ids
Found   1 segmentations
Computing statistics for each segmentation

Reporting on   1 segmentations
Using PrintSegStat
Computing spatial average of each frame

Writing to ./tmp.mri_nu_correct.mni.3224345/output.mean.dat
mri_segstats done
mris_calc -o ./tmp.mri_nu_correct.mni.3224345/nu0.mgz ./tmp.mri_nu_correct.mni.3224345/nu0.mgz mul 1.34856919299970164980
Saving result to './tmp.mri_nu_correct.mni.3224345/nu0.mgz' (type = MGH )                       [ ok ]
mri_convert ./tmp.mri_nu_correct.mni.3224345/nu0.mgz nu.mgz --like orig.mgz
mri_convert ./tmp.mri_nu_correct.mni.3224345/nu0.mgz nu.mgz --like orig.mgz 
reading from ./tmp.mri_nu_correct.mni.3224345/nu0.mgz...
TR=0.00, TE=0.00, TI=0.00, flip angle=0.00
i_ras = (-1, -3.15254e-10, 0)
j_ras = (1.86265e-09, 7.27596e-12, -1)
k_ras = (-1.54739e-09, 1, 7.27596e-12)
INFO: transform src into the like-volume: orig.mgz
writing to nu.mgz...
mri_make_uchar nu.mgz transforms/talairach.xfm nu.mgz
type change took 0 minutes and 6 seconds.
FIRST_PERCENTILE 0.010000
WM_PERCENTILE    0.900000
MAX_R 50.000000
i1 = 4, i2 = 56
#mri_make_uchar# mapping  9 123 to  3 110  :  b -5.71538 m 0.938387 : thresh 6.09065 maxsat 277.834 : nzero 11797743 nsat 0
 
 
Wed Mar 11 13:25:28 CET 2026
mri_nu_correct.mni done

 mri_add_xform_to_header -c /out/sourcedata/freesurfer/sub-v2s18x29496_ses-1/mri/transforms/talairach.xfm nu.mgz nu.mgz 

INFO: extension is mgz
#--------------------------------------------
#@# Intensity Normalization Wed Mar 11 13:25:29 CET 2026
/out/sourcedata/freesurfer/sub-v2s18x29496_ses-1/mri

 mri_normalize -g 1 -seed 1234 -mprage nu.mgz T1.mgz 

using max gradient = 1.000
setting seed for random number genererator to 1234
assuming input volume is MGH (Van der Kouwe) MP-RAGE
reading mri_src from nu.mgz...
normalizing image...
NOT doing gentle normalization with control points/label
talairach transform
 1.05265   0.02683   0.00759  -0.90066;
 0.03110   0.95189   0.42150  -31.80479;
-0.01924  -0.40781   1.03932   11.52858;
 0.00000   0.00000   0.00000   1.00000;
processing without aseg, no1d=0
MRInormInit(): 
INFO: Modifying talairach volume c_(r,a,s) based on average_305
MRInormalize(): 
MRIsplineNormalize(): npeaks = 20
Starting OpenSpline(): npoints = 20
building Voronoi diagram...
performing soap bubble smoothing, sigma = 8...

Iterating 2 times
---------------------------------
3d normalization pass 1 of 2
white matter peak found at 110
white matter peak found at 110
gm peak at 65 (65), valley at 30 (30)
csf peak at 33, setting threshold to 54
building Voronoi diagram...
performing soap bubble smoothing, sigma = 8...
---------------------------------
3d normalization pass 2 of 2
white matter peak found at 110
white matter peak found at 110
gm peak at 65 (65), valley at 30 (30)
csf peak at 33, setting threshold to 54
building Voronoi diagram...
performing soap bubble smoothing, sigma = 8...
Done iterating ---------------------------------
writing output to T1.mgz
3D bias adjustment took 1 minutes and 37 seconds.

Started at Wed Mar 11 13:17:20 CET 2026 
Ended   at Wed Mar 11 13:27:06 CET 2026
#@#%# recon-all-run-time-hours 0.163
recon-all -s sub-v2s18x29496_ses-1 finished without error at Wed Mar 11 13:27:06 CET 2026



#New# invocation of recon-all 




Wed Mar 11 13:38:26 CET 2026
cd /out/sourcedata/freesurfer/sub-v2s18x29496_ses-1
setenv SUBJECTS_DIR /out/sourcedata/freesurfer
/opt/freesurfer/bin/recon-all -openmp 16 -subjid sub-v2s18x29496_ses-1 -sd /out/sourcedata/freesurfer -gcareg

subjid sub-v2s18x29496_ses-1
setenv SUBJECTS_DIR /out/sourcedata/freesurfer
FREESURFER_HOME /opt/freesurfer
Actual FREESURFER_HOME /opt/freesurfer
build-stamp.txt: freesurfer-linux-ubuntu22_x86_64-7.3.2-20220804-6354275
Linux dna055 5.14.0-427.37.1.el9_4.x86_64 #1 SMP PREEMPT_DYNAMIC Fri Sep 13 12:41:50 EDT 2024 x86_64 x86_64 x86_64 GNU/Linux
cputime      unlimited
filesize     unlimited
datasize     unlimited
stacksize    8192 kbytes
coredumpsize 0 kbytes
memoryuse    67108864 kbytes
vmemoryuse   unlimited
descriptors  1024 
memorylocked unlimited
maxproc      2061970 
maxlocks     unlimited
maxsignal    2061970 
maxmessage   819200 
maxnice      0 
maxrtprio    0 
maxrttime    unlimited

               total        used        free      shared  buff/cache   available
Mem:           503Gi        74Gi       407Gi       6.9Gi        21Gi       419Gi
Swap:             0B          0B          0B

########################################
program versions used
7.3.2 (freesurfer-linux-ubuntu22_x86_64-7.3.2-20220804-6354275)
7.3.2

ProgramName: lta_convert  ProgramArguments: lta_convert -all-info  ProgramVersion: 7.3.2  TimeStamp: 2026/03/11-12:38:26-GMT  BuildTime: Aug  4 2022 06:17:15  BuildStamp: freesurfer-linux-ubuntu22_x86_64-7.3.2-20220804-6354275  User: oesteban  Machine: dna055  Platform: Linux  PlatformVersion: 5.14.0-427.37.1.el9_4.x86_64  CompilerName: GCC  CompilerVersion: 8.4.0
ProgramName: mri_and  ProgramArguments: mri_and -all-info  ProgramVersion: 7.3.2  TimeStamp: 2026/03/11-12:38:26-GMT  BuildTime: Aug  4 2022 06:17:15  BuildStamp: freesurfer-linux-ubuntu22_x86_64-7.3.2-20220804-6354275  User: oesteban  Machine: dna055  Platform: Linux  PlatformVersion: 5.14.0-427.37.1.el9_4.x86_64  CompilerName: GCC  CompilerVersion: 8.4.0
ProgramName: mri_annotation2label  ProgramArguments: mri_annotation2label -all-info  ProgramVersion: 7.3.2  TimeStamp: 2026/03/11-12:38:26-GMT  BuildTime: Aug  4 2022 06:17:15  BuildStamp: freesurfer-linux-ubuntu22_x86_64-7.3.2-20220804-6354275  User: oesteban  Machine: dna055  Platform: Linux  PlatformVersion: 5.14.0-427.37.1.el9_4.x86_64  CompilerName: GCC  CompilerVersion: 8.4.0
ProgramName: mri_aparc2aseg  ProgramArguments: mri_aparc2aseg -all-info  ProgramVersion: 7.3.2  TimeStamp: 2026/03/11-12:38:26-GMT  BuildTime: Aug  4 2022 06:17:15  BuildStamp: freesurfer-linux-ubuntu22_x86_64-7.3.2-20220804-6354275  User: oesteban  Machine: dna055  Platform: Linux  PlatformVersion: 5.14.0-427.37.1.el9_4.x86_64  CompilerName: GCC  CompilerVersion: 8.4.0
ProgramName: mri_surf2volseg  ProgramArguments: mri_surf2volseg -all-info  ProgramVersion: 7.3.2  TimeStamp: 2026/03/11-12:38:26-GMT  BuildTime: Aug  4 2022 06:17:15  BuildStamp: freesurfer-linux-ubuntu22_x86_64-7.3.2-20220804-6354275  User: oesteban  Machine: dna055  Platform: Linux  PlatformVersion: 5.14.0-427.37.1.el9_4.x86_64  CompilerName: GCC  CompilerVersion: 8.4.0
ProgramName: mri_binarize  ProgramArguments: mri_binarize -all-info  ProgramVersion: 7.3.2  TimeStamp: 2026/03/11-12:38:26-GMT  BuildTime: Aug  4 2022 06:17:15  BuildStamp: freesurfer-linux-ubuntu22_x86_64-7.3.2-20220804-6354275  User: oesteban  Machine: dna055  Platform: Linux  PlatformVersion: 5.14.0-427.37.1.el9_4.x86_64  CompilerName: GCC  CompilerVersion: 8.4.0
ProgramName: mri_ca_label  ProgramArguments: mri_ca_label -all-info  ProgramVersion: 7.3.2  TimeStamp: 2026/03/11-12:38:26-GMT  BuildTime: Aug  4 2022 06:17:15  BuildStamp: freesurfer-linux-ubuntu22_x86_64-7.3.2-20220804-6354275  User: oesteban  Machine: dna055  Platform: Linux  PlatformVersion: 5.14.0-427.37.1.el9_4.x86_64  CompilerName: GCC  CompilerVersion: 8.4.0
ProgramName: mri_ca_normalize  ProgramArguments: mri_ca_normalize -all-info  ProgramVersion: 7.3.2  TimeStamp: 2026/03/11-12:38:26-GMT  BuildTime: Aug  4 2022 06:17:15  BuildStamp: freesurfer-linux-ubuntu22_x86_64-7.3.2-20220804-6354275  User: oesteban  Machine: dna055  Platform: Linux  PlatformVersion: 5.14.0-427.37.1.el9_4.x86_64  CompilerName: GCC  CompilerVersion: 8.4.0
ProgramName: mri_ca_register  ProgramArguments: mri_ca_register -all-info  ProgramVersion: 7.3.2  TimeStamp: 2026/03/11-12:38:26-GMT  BuildTime: Aug  4 2022 06:17:15  BuildStamp: freesurfer-linux-ubuntu22_x86_64-7.3.2-20220804-6354275  User: oesteban  Machine: dna055  Platform: Linux  PlatformVersion: 5.14.0-427.37.1.el9_4.x86_64  CompilerName: GCC  CompilerVersion: 8.4.0
ProgramName: mri_cc  ProgramArguments: mri_cc -all-info  ProgramVersion: 7.3.2  TimeStamp: 2026/03/11-12:38:26-GMT  BuildTime: Aug  4 2022 06:17:15  BuildStamp: freesurfer-linux-ubuntu22_x86_64-7.3.2-20220804-6354275  User: oesteban  Machine: dna055  Platform: Linux  PlatformVersion: 5.14.0-427.37.1.el9_4.x86_64  CompilerName: GCC  CompilerVersion: 8.4.0
ProgramName: mri_compute_overlap  ProgramArguments: mri_compute_overlap -all-info  ProgramVersion: 7.3.2  TimeStamp: 2026/03/11-12:38:26-GMT  BuildTime: Aug  4 2022 06:17:15  BuildStamp: freesurfer-linux-ubuntu22_x86_64-7.3.2-20220804-6354275  User: oesteban  Machine: dna055  Platform: Linux  PlatformVersion: 5.14.0-427.37.1.el9_4.x86_64  CompilerName: GCC  CompilerVersion: 8.4.0
ProgramName: mri_compute_seg_overlap  ProgramArguments: mri_compute_seg_overlap -all-info  ProgramVersion: 7.3.2  TimeStamp: 2026/03/11-12:38:26-GMT  BuildTime: Aug  4 2022 06:17:15  BuildStamp: freesurfer-linux-ubuntu22_x86_64-7.3.2-20220804-6354275  User: oesteban  Machine: dna055  Platform: Linux  PlatformVersion: 5.14.0-427.37.1.el9_4.x86_64  CompilerName: GCC  CompilerVersion: 8.4.0
ProgramName: mri_concat  ProgramArguments: mri_concat -all-info  ProgramVersion: 7.3.2  TimeStamp: 2026/03/11-12:38:26-GMT  BuildTime: Aug  4 2022 06:17:15  BuildStamp: freesurfer-linux-ubuntu22_x86_64-7.3.2-20220804-6354275  User: oesteban  Machine: dna055  Platform: Linux  PlatformVersion: 5.14.0-427.37.1.el9_4.x86_64  CompilerName: GCC  CompilerVersion: 8.4.0
ProgramName: mri_concatenate_lta  ProgramArguments: mri_concatenate_lta -all-info  ProgramVersion: 7.3.2  TimeStamp: 2026/03/11-12:38:26-GMT  BuildTime: Aug  4 2022 06:17:15  BuildStamp: freesurfer-linux-ubuntu22_x86_64-7.3.2-20220804-6354275  User: oesteban  Machine: dna055  Platform: Linux  PlatformVersion: 5.14.0-427.37.1.el9_4.x86_64  CompilerName: GCC  CompilerVersion: 8.4.0
mri_convert -all-info 
ProgramName: mri_convert  ProgramArguments: mri_convert -all-info  ProgramVersion: 7.3.2  TimeStamp: 2026/03/11-12:38:26-GMT  BuildTime: Aug  4 2022 06:17:15  BuildStamp: freesurfer-linux-ubuntu22_x86_64-7.3.2-20220804-6354275  User: oesteban  Machine: dna055  Platform: Linux  PlatformVersion: 5.14.0-427.37.1.el9_4.x86_64  CompilerName: GCC  CompilerVersion: 8.4.0
ProgramName: mri_diff  ProgramArguments: mri_diff -all-info  ProgramVersion: 7.3.2  TimeStamp: 2026/03/11-12:38:26-GMT  BuildTime: Aug  4 2022 06:17:15  BuildStamp: freesurfer-linux-ubuntu22_x86_64-7.3.2-20220804-6354275  User: oesteban  Machine: dna055  Platform: Linux  PlatformVersion: 5.14.0-427.37.1.el9_4.x86_64  CompilerName: GCC  CompilerVersion: 8.4.0
ProgramName: mri_edit_wm_with_aseg  ProgramArguments: mri_edit_wm_with_aseg -all-info  ProgramVersion: 7.3.2  TimeStamp: 2026/03/11-12:38:26-GMT  BuildTime: Aug  4 2022 06:17:15  BuildStamp: freesurfer-linux-ubuntu22_x86_64-7.3.2-20220804-6354275  User: oesteban  Machine: dna055  Platform: Linux  PlatformVersion: 5.14.0-427.37.1.el9_4.x86_64  CompilerName: GCC  CompilerVersion: 8.4.0
ProgramName: mri_em_register  ProgramArguments: mri_em_register -all-info  ProgramVersion: 7.3.2  TimeStamp: 2026/03/11-12:38:26-GMT  BuildTime: Aug  4 2022 06:17:15  BuildStamp: freesurfer-linux-ubuntu22_x86_64-7.3.2-20220804-6354275  User: oesteban  Machine: dna055  Platform: Linux  PlatformVersion: 5.14.0-427.37.1.el9_4.x86_64  CompilerName: GCC  CompilerVersion: 8.4.0
ProgramName: mri_fill  ProgramArguments: mri_fill -all-info  ProgramVersion: 7.3.2  TimeStamp: 2026/03/11-12:38:26-GMT  BuildTime: Aug  4 2022 06:17:15  BuildStamp: freesurfer-linux-ubuntu22_x86_64-7.3.2-20220804-6354275  User: oesteban  Machine: dna055  Platform: Linux  PlatformVersion: 5.14.0-427.37.1.el9_4.x86_64  CompilerName: GCC  CompilerVersion: 8.4.0
ProgramName: mri_fuse_segmentations  ProgramArguments: mri_fuse_segmentations -all-info  ProgramVersion: 7.3.2  TimeStamp: 2026/03/11-12:38:26-GMT  BuildTime: Aug  4 2022 06:17:15  BuildStamp: freesurfer-linux-ubuntu22_x86_64-7.3.2-20220804-6354275  User: oesteban  Machine: dna055  Platform: Linux  PlatformVersion: 5.14.0-427.37.1.el9_4.x86_64  CompilerName: GCC  CompilerVersion: 8.4.0
ProgramName: mri_fwhm  ProgramArguments: mri_fwhm -all-info  ProgramVersion: 7.3.2  TimeStamp: 2026/03/11-12:38:26-GMT  BuildTime: Aug  4 2022 06:17:15  BuildStamp: freesurfer-linux-ubuntu22_x86_64-7.3.2-20220804-6354275  User: oesteban  Machine: dna055  Platform: Linux  PlatformVersion: 5.14.0-427.37.1.el9_4.x86_64  CompilerName: GCC  CompilerVersion: 8.4.0
ProgramName: mri_gcut  ProgramArguments: mri_gcut -all-info  ProgramVersion: 7.3.2  TimeStamp: 2026/03/11-12:38:26-GMT  BuildTime: Aug  4 2022 06:17:15  BuildStamp: freesurfer-linux-ubuntu22_x86_64-7.3.2-20220804-6354275  User: oesteban  Machine: dna055  Platform: Linux  PlatformVersion: 5.14.0-427.37.1.el9_4.x86_64  CompilerName: GCC  CompilerVersion: 8.4.0
ProgramName: mri_info  ProgramArguments: mri_info -all-info  ProgramVersion: 7.3.2  TimeStamp: 2026/03/11-12:38:26-GMT  BuildTime: Aug  4 2022 06:17:15  BuildStamp: freesurfer-linux-ubuntu22_x86_64-7.3.2-20220804-6354275  User: oesteban  Machine: dna055  Platform: Linux  PlatformVersion: 5.14.0-427.37.1.el9_4.x86_64  CompilerName: GCC  CompilerVersion: 8.4.0
ProgramName: mri_label2label  ProgramArguments: mri_label2label -all-info  ProgramVersion: 7.3.2  TimeStamp: 2026/03/11-12:38:26-GMT  BuildTime: Aug  4 2022 06:17:15  BuildStamp: freesurfer-linux-ubuntu22_x86_64-7.3.2-20220804-6354275  User: oesteban  Machine: dna055  Platform: Linux  PlatformVersion: 5.14.0-427.37.1.el9_4.x86_64  CompilerName: GCC  CompilerVersion: 8.4.0
ProgramName: mri_label2vol  ProgramArguments: mri_label2vol -all-info  ProgramVersion: 7.3.2  TimeStamp: 2026/03/11-12:38:26-GMT  BuildTime: Aug  4 2022 06:17:15  BuildStamp: freesurfer-linux-ubuntu22_x86_64-7.3.2-20220804-6354275  User: oesteban  Machine: dna055  Platform: Linux  PlatformVersion: 5.14.0-427.37.1.el9_4.x86_64  CompilerName: GCC  CompilerVersion: 8.4.0
ProgramName: mri_log_likelihood  ProgramArguments: mri_log_likelihood -all-info  ProgramVersion: 7.3.2  TimeStamp: 2026/03/11-12:38:26-GMT  BuildTime: Aug  4 2022 06:17:15  BuildStamp: freesurfer-linux-ubuntu22_x86_64-7.3.2-20220804-6354275  User: oesteban  Machine: dna055  Platform: Linux  PlatformVersion: 5.14.0-427.37.1.el9_4.x86_64  CompilerName: GCC  CompilerVersion: 8.4.0
ProgramName: mri_mask  ProgramArguments: mri_mask -all-info  ProgramVersion: 7.3.2  TimeStamp: 2026/03/11-12:38:26-GMT  BuildTime: Aug  4 2022 06:17:15  BuildStamp: freesurfer-linux-ubuntu22_x86_64-7.3.2-20220804-6354275  User: oesteban  Machine: dna055  Platform: Linux  PlatformVersion: 5.14.0-427.37.1.el9_4.x86_64  CompilerName: GCC  CompilerVersion: 8.4.0
ProgramName: mri_matrix_multiply  ProgramArguments: mri_matrix_multiply -all-info  ProgramVersion: 7.3.2  TimeStamp: 2026/03/11-12:38:26-GMT  BuildTime: Aug  4 2022 06:17:15  BuildStamp: freesurfer-linux-ubuntu22_x86_64-7.3.2-20220804-6354275  User: oesteban  Machine: dna055  Platform: Linux  PlatformVersion: 5.14.0-427.37.1.el9_4.x86_64  CompilerName: GCC  CompilerVersion: 8.4.0
ProgramName: mri_normalize  ProgramArguments: mri_normalize -all-info  ProgramVersion: 7.3.2  TimeStamp: 2026/03/11-12:38:26-GMT  BuildTime: Aug  4 2022 06:17:15  BuildStamp: freesurfer-linux-ubuntu22_x86_64-7.3.2-20220804-6354275  User: oesteban  Machine: dna055  Platform: Linux  PlatformVersion: 5.14.0-427.37.1.el9_4.x86_64  CompilerName: GCC  CompilerVersion: 8.4.0
ProgramName: mri_normalize_tp2  ProgramArguments: mri_normalize_tp2 -all-info  ProgramVersion: 7.3.2  TimeStamp: 2026/03/11-12:38:26-GMT  BuildTime: Aug  4 2022 06:17:15  BuildStamp: freesurfer-linux-ubuntu22_x86_64-7.3.2-20220804-6354275  User: oesteban  Machine: dna055  Platform: Linux  PlatformVersion: 5.14.0-427.37.1.el9_4.x86_64  CompilerName: GCC  CompilerVersion: 8.4.0
ProgramName: mri_or  ProgramArguments: mri_or -all-info  ProgramVersion: 7.3.2  TimeStamp: 2026/03/11-12:38:26-GMT  BuildTime: Aug  4 2022 06:17:15  BuildStamp: freesurfer-linux-ubuntu22_x86_64-7.3.2-20220804-6354275  User: oesteban  Machine: dna055  Platform: Linux  PlatformVersion: 5.14.0-427.37.1.el9_4.x86_64  CompilerName: GCC  CompilerVersion: 8.4.0
ProgramName: mri_relabel_hypointensities  ProgramArguments: mri_relabel_hypointensities -all-info  ProgramVersion: 7.3.2  TimeStamp: 2026/03/11-12:38:26-GMT  BuildTime: Aug  4 2022 06:17:15  BuildStamp: freesurfer-linux-ubuntu22_x86_64-7.3.2-20220804-6354275  User: oesteban  Machine: dna055  Platform: Linux  PlatformVersion: 5.14.0-427.37.1.el9_4.x86_64  CompilerName: GCC  CompilerVersion: 8.4.0
ProgramName: mri_relabel_nonwm_hypos  ProgramArguments: mri_relabel_nonwm_hypos -all-info  ProgramVersion: 7.3.2  TimeStamp: 2026/03/11-12:38:26-GMT  BuildTime: Aug  4 2022 06:17:15  BuildStamp: freesurfer-linux-ubuntu22_x86_64-7.3.2-20220804-6354275  User: oesteban  Machine: dna055  Platform: Linux  PlatformVersion: 5.14.0-427.37.1.el9_4.x86_64  CompilerName: GCC  CompilerVersion: 8.4.0
ProgramName: mri_remove_neck  ProgramArguments: mri_remove_neck -all-info  ProgramVersion: 7.3.2  TimeStamp: 2026/03/11-12:38:26-GMT  BuildTime: Aug  4 2022 06:17:15  BuildStamp: freesurfer-linux-ubuntu22_x86_64-7.3.2-20220804-6354275  User: oesteban  Machine: dna055  Platform: Linux  PlatformVersion: 5.14.0-427.37.1.el9_4.x86_64  CompilerName: GCC  CompilerVersion: 8.4.0
7.3.2

ProgramName: mri_robust_register  ProgramArguments: mri_robust_register -all-info  ProgramVersion: 7.3.2  TimeStamp: 2026/03/11-12:38:26-GMT  BuildTime: Aug  4 2022 06:17:15  BuildStamp: freesurfer-linux-ubuntu22_x86_64-7.3.2-20220804-6354275  User: oesteban  Machine: dna055  Platform: Linux  PlatformVersion: 5.14.0-427.37.1.el9_4.x86_64  CompilerName: GCC  CompilerVersion: 8.4.0
7.3.2

ProgramName: mri_robust_template  ProgramArguments: mri_robust_template -all-info  ProgramVersion: 7.3.2  TimeStamp: 2026/03/11-12:38:26-GMT  BuildTime: Aug  4 2022 06:17:15  BuildStamp: freesurfer-linux-ubuntu22_x86_64-7.3.2-20220804-6354275  User: oesteban  Machine: dna055  Platform: Linux  PlatformVersion: 5.14.0-427.37.1.el9_4.x86_64  CompilerName: GCC  CompilerVersion: 8.4.0
ProgramName: mris_anatomical_stats  ProgramArguments: mris_anatomical_stats -all-info  ProgramVersion: 7.3.2  TimeStamp: 2026/03/11-12:38:26-GMT  BuildTime: Aug  4 2022 06:17:15  BuildStamp: freesurfer-linux-ubuntu22_x86_64-7.3.2-20220804-6354275  User: oesteban  Machine: dna055  Platform: Linux  PlatformVersion: 5.14.0-427.37.1.el9_4.x86_64  CompilerName: GCC  CompilerVersion: 8.4.0
ProgramName: mris_ca_label  ProgramArguments: mris_ca_label -all-info  ProgramVersion: 7.3.2  TimeStamp: 2026/03/11-12:38:26-GMT  BuildTime: Aug  4 2022 06:17:15  BuildStamp: freesurfer-linux-ubuntu22_x86_64-7.3.2-20220804-6354275  User: oesteban  Machine: dna055  Platform: Linux  PlatformVersion: 5.14.0-427.37.1.el9_4.x86_64  CompilerName: GCC  CompilerVersion: 8.4.0
ProgramName: mris_calc  ProgramArguments: mris_calc -all-info  ProgramVersion: 7.3.2  TimeStamp: 2026/03/11-12:38:26-GMT  BuildTime: Aug  4 2022 06:17:15  BuildStamp: freesurfer-linux-ubuntu22_x86_64-7.3.2-20220804-6354275  User: oesteban  Machine: dna055  Platform: Linux  PlatformVersion: 5.14.0-427.37.1.el9_4.x86_64  CompilerName: GCC  CompilerVersion: 8.4.0
ProgramName: mris_convert  ProgramArguments: mris_convert -all-info  ProgramVersion: 7.3.2  TimeStamp: 2026/03/11-12:38:26-GMT  BuildTime: Aug  4 2022 06:17:15  BuildStamp: freesurfer-linux-ubuntu22_x86_64-7.3.2-20220804-6354275  User: oesteban  Machine: dna055  Platform: Linux  PlatformVersion: 5.14.0-427.37.1.el9_4.x86_64  CompilerName: GCC  CompilerVersion: 8.4.0
ProgramName: mris_curvature  ProgramArguments: mris_curvature -all-info  ProgramVersion: 7.3.2  TimeStamp: 2026/03/11-12:38:26-GMT  BuildTime: Aug  4 2022 06:17:15  BuildStamp: freesurfer-linux-ubuntu22_x86_64-7.3.2-20220804-6354275  User: oesteban  Machine: dna055  Platform: Linux  PlatformVersion: 5.14.0-427.37.1.el9_4.x86_64  CompilerName: GCC  CompilerVersion: 8.4.0
ProgramName: mris_curvature_stats  ProgramArguments: mris_curvature_stats -all-info  ProgramVersion: 7.3.2  TimeStamp: 2026/03/11-12:38:26-GMT  BuildTime: Aug  4 2022 06:17:15  BuildStamp: freesurfer-linux-ubuntu22_x86_64-7.3.2-20220804-6354275  User: oesteban  Machine: dna055  Platform: Linux  PlatformVersion: 5.14.0-427.37.1.el9_4.x86_64  CompilerName: GCC  CompilerVersion: 8.4.0
ProgramName: mris_diff  ProgramArguments: mris_diff -all-info  ProgramVersion: 7.3.2  TimeStamp: 2026/03/11-12:38:26-GMT  BuildTime: Aug  4 2022 06:17:15  BuildStamp: freesurfer-linux-ubuntu22_x86_64-7.3.2-20220804-6354275  User: oesteban  Machine: dna055  Platform: Linux  PlatformVersion: 5.14.0-427.37.1.el9_4.x86_64  CompilerName: GCC  CompilerVersion: 8.4.0
ProgramName: mris_divide_parcellation  ProgramArguments: mris_divide_parcellation -all-info  ProgramVersion: 7.3.2  TimeStamp: 2026/03/11-12:38:26-GMT  BuildTime: Aug  4 2022 06:17:15  BuildStamp: freesurfer-linux-ubuntu22_x86_64-7.3.2-20220804-6354275  User: oesteban  Machine: dna055  Platform: Linux  PlatformVersion: 5.14.0-427.37.1.el9_4.x86_64  CompilerName: GCC  CompilerVersion: 8.4.0
ProgramName: mri_segment  ProgramArguments: mri_segment -all-info  ProgramVersion: 7.3.2  TimeStamp: 2026/03/11-12:38:26-GMT  BuildTime: Aug  4 2022 06:17:15  BuildStamp: freesurfer-linux-ubuntu22_x86_64-7.3.2-20220804-6354275  User: oesteban  Machine: dna055  Platform: Linux  PlatformVersion: 5.14.0-427.37.1.el9_4.x86_64  CompilerName: GCC  CompilerVersion: 8.4.0
ProgramName: mri_segstats  ProgramArguments: mri_segstats -all-info  ProgramVersion: 7.3.2  TimeStamp: 2026/03/11-12:38:26-GMT  BuildTime: Aug  4 2022 06:17:15  BuildStamp: freesurfer-linux-ubuntu22_x86_64-7.3.2-20220804-6354275  User: oesteban  Machine: dna055  Platform: Linux  PlatformVersion: 5.14.0-427.37.1.el9_4.x86_64  CompilerName: GCC  CompilerVersion: 8.4.0
ProgramName: mris_euler_number  ProgramArguments: mris_euler_number -all-info  ProgramVersion: 7.3.2  TimeStamp: 2026/03/11-12:38:26-GMT  BuildTime: Aug  4 2022 06:17:15  BuildStamp: freesurfer-linux-ubuntu22_x86_64-7.3.2-20220804-6354275  User: oesteban  Machine: dna055  Platform: Linux  PlatformVersion: 5.14.0-427.37.1.el9_4.x86_64  CompilerName: GCC  CompilerVersion: 8.4.0
ProgramName: mris_fix_topology  ProgramArguments: mris_fix_topology -all-info  ProgramVersion: 7.3.2  TimeStamp: 2026/03/11-12:38:26-GMT  BuildTime: Aug  4 2022 06:17:15  BuildStamp: freesurfer-linux-ubuntu22_x86_64-7.3.2-20220804-6354275  User: oesteban  Machine: dna055  Platform: Linux  PlatformVersion: 5.14.0-427.37.1.el9_4.x86_64  CompilerName: GCC  CompilerVersion: 8.4.0
ProgramName: mris_topo_fixer  ProgramArguments: mris_topo_fixer -all-info  ProgramVersion: 7.3.2  TimeStamp: 2026/03/11-12:38:26-GMT  BuildTime: Aug  4 2022 06:17:15  BuildStamp: freesurfer-linux-ubuntu22_x86_64-7.3.2-20220804-6354275  User: oesteban  Machine: dna055  Platform: Linux  PlatformVersion: 5.14.0-427.37.1.el9_4.x86_64  CompilerName: GCC  CompilerVersion: 8.4.0
ProgramName: mris_jacobian  ProgramArguments: mris_jacobian -all-info  ProgramVersion: 7.3.2  TimeStamp: 2026/03/11-12:38:26-GMT  BuildTime: Aug  4 2022 06:17:15  BuildStamp: freesurfer-linux-ubuntu22_x86_64-7.3.2-20220804-6354275  User: oesteban  Machine: dna055  Platform: Linux  PlatformVersion: 5.14.0-427.37.1.el9_4.x86_64  CompilerName: GCC  CompilerVersion: 8.4.0
ProgramName: mris_label2annot  ProgramArguments: mris_label2annot -all-info  ProgramVersion: 7.3.2  TimeStamp: 2026/03/11-12:38:26-GMT  BuildTime: Aug  4 2022 06:17:15  BuildStamp: freesurfer-linux-ubuntu22_x86_64-7.3.2-20220804-6354275  User: oesteban  Machine: dna055  Platform: Linux  PlatformVersion: 5.14.0-427.37.1.el9_4.x86_64  CompilerName: GCC  CompilerVersion: 8.4.0
ProgramName: mris_left_right_register  ProgramArguments: mris_left_right_register -all-info  ProgramVersion: 7.3.2  TimeStamp: 2026/03/11-12:38:26-GMT  BuildTime: Aug  4 2022 06:17:15  BuildStamp: freesurfer-linux-ubuntu22_x86_64-7.3.2-20220804-6354275  User: oesteban  Machine: dna055  Platform: Linux  PlatformVersion: 5.14.0-427.37.1.el9_4.x86_64  CompilerName: GCC  CompilerVersion: 8.4.0
ProgramName: mris_place_surface  ProgramArguments: mris_place_surface -all-info  ProgramVersion: 7.3.2  TimeStamp: 2026/03/11-12:38:26-GMT  BuildTime: Aug  4 2022 06:17:15  BuildStamp: freesurfer-linux-ubuntu22_x86_64-7.3.2-20220804-6354275  User: oesteban  Machine: dna055  Platform: Linux  PlatformVersion: 5.14.0-427.37.1.el9_4.x86_64  CompilerName: GCC  CompilerVersion: 8.4.0
ProgramName: mrisp_paint  ProgramArguments: mrisp_paint -all-info  ProgramVersion: 7.3.2  TimeStamp: 2026/03/11-12:38:26-GMT  BuildTime: Aug  4 2022 06:17:15  BuildStamp: freesurfer-linux-ubuntu22_x86_64-7.3.2-20220804-6354275  User: oesteban  Machine: dna055  Platform: Linux  PlatformVersion: 5.14.0-427.37.1.el9_4.x86_64  CompilerName: GCC  CompilerVersion: 8.4.0
ProgramName: mris_register  ProgramArguments: mris_register -all-info  ProgramVersion: 7.3.2  TimeStamp: 2026/03/11-12:38:26-GMT  BuildTime: Aug  4 2022 06:17:15  BuildStamp: freesurfer-linux-ubuntu22_x86_64-7.3.2-20220804-6354275  User: oesteban  Machine: dna055  Platform: Linux  PlatformVersion: 5.14.0-427.37.1.el9_4.x86_64  CompilerName: GCC  CompilerVersion: 8.4.0
ProgramName: mris_smooth  ProgramArguments: mris_smooth -all-info  ProgramVersion: 7.3.2  TimeStamp: 2026/03/11-12:38:26-GMT  BuildTime: Aug  4 2022 06:17:15  BuildStamp: freesurfer-linux-ubuntu22_x86_64-7.3.2-20220804-6354275  User: oesteban  Machine: dna055  Platform: Linux  PlatformVersion: 5.14.0-427.37.1.el9_4.x86_64  CompilerName: GCC  CompilerVersion: 8.4.0
ProgramName: mris_sphere  ProgramArguments: mris_sphere -all-info  ProgramVersion: 7.3.2  TimeStamp: 2026/03/11-12:38:26-GMT  BuildTime: Aug  4 2022 06:17:15  BuildStamp: freesurfer-linux-ubuntu22_x86_64-7.3.2-20220804-6354275  User: oesteban  Machine: dna055  Platform: Linux  PlatformVersion: 5.14.0-427.37.1.el9_4.x86_64  CompilerName: GCC  CompilerVersion: 8.4.0
ProgramName: mris_surface_stats  ProgramArguments: mris_surface_stats -all-info  ProgramVersion: 7.3.2  TimeStamp: 2026/03/11-12:38:26-GMT  BuildTime: Aug  4 2022 06:17:15  BuildStamp: freesurfer-linux-ubuntu22_x86_64-7.3.2-20220804-6354275  User: oesteban  Machine: dna055  Platform: Linux  PlatformVersion: 5.14.0-427.37.1.el9_4.x86_64  CompilerName: GCC  CompilerVersion: 8.4.0
ProgramName: mri_stats2seg  ProgramArguments: mri_stats2seg -all-info  ProgramVersion: 7.3.2  TimeStamp: 2026/03/11-12:38:26-GMT  BuildTime: Aug  4 2022 06:17:15  BuildStamp: freesurfer-linux-ubuntu22_x86_64-7.3.2-20220804-6354275  User: oesteban  Machine: dna055  Platform: Linux  PlatformVersion: 5.14.0-427.37.1.el9_4.x86_64  CompilerName: GCC  CompilerVersion: 8.4.0
ProgramName: mris_thickness  ProgramArguments: mris_thickness -all-info  ProgramVersion: 7.3.2  TimeStamp: 2026/03/11-12:38:26-GMT  BuildTime: Aug  4 2022 06:17:15  BuildStamp: freesurfer-linux-ubuntu22_x86_64-7.3.2-20220804-6354275  User: oesteban  Machine: dna055  Platform: Linux  PlatformVersion: 5.14.0-427.37.1.el9_4.x86_64  CompilerName: GCC  CompilerVersion: 8.4.0
ProgramName: mris_thickness_diff  ProgramArguments: mris_thickness_diff -all-info  ProgramVersion: 7.3.2  TimeStamp: 2026/03/11-12:38:26-GMT  BuildTime: Aug  4 2022 06:17:15  BuildStamp: freesurfer-linux-ubuntu22_x86_64-7.3.2-20220804-6354275  User: oesteban  Machine: dna055  Platform: Linux  PlatformVersion: 5.14.0-427.37.1.el9_4.x86_64  CompilerName: GCC  CompilerVersion: 8.4.0
ProgramName: mris_topo_fixer  ProgramArguments: mris_topo_fixer -all-info  ProgramVersion: 7.3.2  TimeStamp: 2026/03/11-12:38:26-GMT  BuildTime: Aug  4 2022 06:17:15  BuildStamp: freesurfer-linux-ubuntu22_x86_64-7.3.2-20220804-6354275  User: oesteban  Machine: dna055  Platform: Linux  PlatformVersion: 5.14.0-427.37.1.el9_4.x86_64  CompilerName: GCC  CompilerVersion: 8.4.0
ProgramName: mri_surf2surf  ProgramArguments: mri_surf2surf -all-info  ProgramVersion: 7.3.2  TimeStamp: 2026/03/11-12:38:26-GMT  BuildTime: Aug  4 2022 06:17:15  BuildStamp: freesurfer-linux-ubuntu22_x86_64-7.3.2-20220804-6354275  User: oesteban  Machine: dna055  Platform: Linux  PlatformVersion: 5.14.0-427.37.1.el9_4.x86_64  CompilerName: GCC  CompilerVersion: 8.4.0
ProgramName: mri_surf2vol  ProgramArguments: mri_surf2vol -all-info  ProgramVersion: 7.3.2  TimeStamp: 2026/03/11-12:38:26-GMT  BuildTime: Aug  4 2022 06:17:15  BuildStamp: freesurfer-linux-ubuntu22_x86_64-7.3.2-20220804-6354275  User: oesteban  Machine: dna055  Platform: Linux  PlatformVersion: 5.14.0-427.37.1.el9_4.x86_64  CompilerName: GCC  CompilerVersion: 8.4.0
ProgramName: mri_surfcluster  ProgramArguments: mri_surfcluster -all-info  ProgramVersion: 7.3.2  TimeStamp: 2026/03/11-12:38:26-GMT  BuildTime: Aug  4 2022 06:17:15  BuildStamp: freesurfer-linux-ubuntu22_x86_64-7.3.2-20220804-6354275  User: oesteban  Machine: dna055  Platform: Linux  PlatformVersion: 5.14.0-427.37.1.el9_4.x86_64  CompilerName: GCC  CompilerVersion: 8.4.0
ProgramName: mris_volmask  ProgramArguments: mris_volmask -all-info  ProgramVersion: 7.3.2  TimeStamp: 2026/03/11-12:38:26-GMT  BuildTime: Aug  4 2022 06:17:15  BuildStamp: freesurfer-linux-ubuntu22_x86_64-7.3.2-20220804-6354275  User: oesteban  Machine: dna055  Platform: Linux  PlatformVersion: 5.14.0-427.37.1.el9_4.x86_64  CompilerName: GCC  CompilerVersion: 8.4.0
ProgramName: mri_tessellate  ProgramArguments: mri_tessellate -all-info  ProgramVersion: 7.3.2  TimeStamp: 2026/03/11-12:38:26-GMT  BuildTime: Aug  4 2022 06:17:15  BuildStamp: freesurfer-linux-ubuntu22_x86_64-7.3.2-20220804-6354275  User: oesteban  Machine: dna055  Platform: Linux  PlatformVersion: 5.14.0-427.37.1.el9_4.x86_64  CompilerName: GCC  CompilerVersion: 8.4.0
ProgramName: mri_vol2surf  ProgramArguments: mri_vol2surf -all-info  ProgramVersion: 7.3.2  TimeStamp: 2026/03/11-12:38:26-GMT  BuildTime: Aug  4 2022 06:17:15  BuildStamp: freesurfer-linux-ubuntu22_x86_64-7.3.2-20220804-6354275  User: oesteban  Machine: dna055  Platform: Linux  PlatformVersion: 5.14.0-427.37.1.el9_4.x86_64  CompilerName: GCC  CompilerVersion: 8.4.0
ProgramName: mri_vol2vol  ProgramArguments: mri_vol2vol -all-info  ProgramVersion: 7.3.2  TimeStamp: 2026/03/11-12:38:26-GMT  BuildTime: Aug  4 2022 06:17:15  BuildStamp: freesurfer-linux-ubuntu22_x86_64-7.3.2-20220804-6354275  User: oesteban  Machine: dna055  Platform: Linux  PlatformVersion: 5.14.0-427.37.1.el9_4.x86_64  CompilerName: GCC  CompilerVersion: 8.4.0
ProgramName: mri_voldiff  ProgramArguments: mri_voldiff -all-info  ProgramVersion: 7.3.2  TimeStamp: 2026/03/11-12:38:26-GMT  BuildTime: Aug  4 2022 06:17:15  BuildStamp: freesurfer-linux-ubuntu22_x86_64-7.3.2-20220804-6354275  User: oesteban  Machine: dna055  Platform: Linux  PlatformVersion: 5.14.0-427.37.1.el9_4.x86_64  CompilerName: GCC  CompilerVersion: 8.4.0
ProgramName: mri_watershed  ProgramArguments: mri_watershed -all-info  ProgramVersion: 7.3.2  TimeStamp: 2026/03/11-12:38:26-GMT  BuildTime: Aug  4 2022 06:17:15  BuildStamp: freesurfer-linux-ubuntu22_x86_64-7.3.2-20220804-6354275  User: oesteban  Machine: dna055  Platform: Linux  PlatformVersion: 5.14.0-427.37.1.el9_4.x86_64  CompilerName: GCC  CompilerVersion: 8.4.0
ProgramName: tkregister2  ProgramArguments: tkregister2_cmdl -all-info  ProgramVersion: 7.3.2  TimeStamp: 2026/03/11-12:38:26-GMT  BuildTime: Aug  4 2022 06:17:15  BuildStamp: freesurfer-linux-ubuntu22_x86_64-7.3.2-20220804-6354275  User: oesteban  Machine: dna055  Platform: Linux  PlatformVersion: 5.14.0-427.37.1.el9_4.x86_64  CompilerName: GCC  CompilerVersion: 8.4.0
mri_motion_correct.fsl 7.3.2
mri_convert -all-info 
ProgramName: mri_convert  ProgramArguments: mri_convert -all-info  ProgramVersion: 7.3.2  TimeStamp: 2026/03/11-12:38:26-GMT  BuildTime: Aug  4 2022 06:17:15  BuildStamp: freesurfer-linux-ubuntu22_x86_64-7.3.2-20220804-6354275  User: oesteban  Machine: dna055  Platform: Linux  PlatformVersion: 5.14.0-427.37.1.el9_4.x86_64  CompilerName: GCC  CompilerVersion: 8.4.0
Program nu_correct, built from:
Package MNI N3, version 1.12.0, compiled by nicks@terrier (x86_64-unknown-linux-gnu) on 2015-06-19 at 01:25:34
#######################################
GCADIR /opt/freesurfer/average
GCA RB_all_2020-01-02.gca
GCASkull RB_all_withskull_2020_01_02.gca
AvgCurvTif folding.atlas.acfb40.noaparc.i12.2016-08-02.tif
GCSDIR /opt/freesurfer/average
GCS DKaparc.atlas.acfb40.noaparc.i12.2016-08-02.gcs
#######################################
#-------------------------------------
#@# EM Registration Wed Mar 11 13:38:26 CET 2026
/out/sourcedata/freesurfer/sub-v2s18x29496_ses-1/mri

 mri_em_register -uns 3 -mask brainmask.mgz nu.mgz /opt/freesurfer/average/RB_all_2020-01-02.gca transforms/talairach.lta 

setting unknown_nbr_spacing = 3
using MR volume brainmask.mgz to mask input volume...

== Number of threads available to mri_em_register for OpenMP = 16 == 
reading 1 input volumes...
logging results to talairach.log
reading '/opt/freesurfer/average/RB_all_2020-01-02.gca'...
GCAread took 0 minutes and 1 seconds.
average std = 7.2   using min determinant for regularization = 5.2
0 singular and 884 ill-conditioned covariance matrices regularized
reading 'nu.mgz'...
MRImask(): AllowDiffGeom = 1
MRImask(): AllowDiffGeom = 1
MRImask(): AllowDiffGeom = 1
MRImask(): AllowDiffGeom = 1
MRImask(): AllowDiffGeom = 1
freeing gibbs priors...done.
accounting for voxel sizes in initial transform
bounding unknown intensity as < 5.9 or > 519.0 
total sample mean = 79.1 (1017 zeros)
************************************************
spacing=8, using 2841 sample points, tol=1.00e-05...
************************************************
register_mri: find_optimal_transform
find_optimal_transform: nsamples 2841, passno 0, spacing 8
resetting wm mean[0]: 98 --> 107
resetting gm mean[0]: 61 --> 61
input volume #1 is the most T1-like
using real data threshold=24.1
skull bounding box = (60, 44, 45) --> (196, 178, 191)
finding center of left hemi white matter
using (105, 89, 118) as brain centroid of Right_Cerebral_White_Matter...
MRImask(): AllowDiffGeom = 1
mean wm in atlas = 107, using box (88,73,100) --> (121, 105,135) to find MRI wm
before smoothing, mri peak at 108
robust fit to distribution - 108 +- 5.2
after smoothing, mri peak at 108, scaling input intensities by 0.991
scaling channel 0 by 0.990741
initial log_p = -4.266
************************************************
First Search limited to translation only.
************************************************
max log p =    -3.939463 @ (-10.526, 10.526, -10.526)
max log p =    -3.795354 @ (5.263, 5.263, 5.263)
max log p =    -3.666323 @ (2.632, -2.632, -7.895)
max log p =    -3.666323 @ (0.000, 0.000, 0.000)
max log p =    -3.666323 @ (0.000, 0.000, 0.000)
max log p =    -3.666323 @ (0.000, 0.000, 0.000)
max log p =    -3.666323 @ (0.000, 0.000, 0.000)
max log p =    -3.666323 @ (0.000, 0.000, 0.000)
Found translation: (-2.6, 13.2, -13.2): log p = -3.666
****************************************
Nine parameter search.  iteration 0 nscales = 0 ...
****************************************
Result so far: scale 1.000: max_log_p=-3.447, old_max_log_p =-3.666 (thresh=-3.7)
 1.06375   0.00000   0.00000  -10.88298;
 0.00000   1.07260   0.40226  -34.74672;
 0.00000  -0.39034   0.83330   55.53661;
 0.00000   0.00000   0.00000   1.00000;
iteration took 0 minutes and 12 seconds.
****************************************
Nine parameter search.  iteration 1 nscales = 0 ...
****************************************
Result so far: scale 1.000: max_log_p=-3.417, old_max_log_p =-3.447 (thresh=-3.4)
 0.98397   0.00000   0.00000  -0.55661;
 0.00000   0.99215   0.37209  -23.19394;
 0.00000  -0.41961   0.89580   51.79528;
 0.00000   0.00000   0.00000   1.00000;
iteration took 0 minutes and 12 seconds.
****************************************
Nine parameter search.  iteration 2 nscales = 0 ...
****************************************
Result so far: scale 1.000: max_log_p=-3.408, old_max_log_p =-3.417 (thresh=-3.4)
 1.05777   0.00000   0.00000  -10.10852;
 0.00000   0.99215   0.37209  -23.19394;
 0.00000  -0.41961   0.89580   51.79528;
 0.00000   0.00000   0.00000   1.00000;
iteration took 0 minutes and 12 seconds.
****************************************
Nine parameter search.  iteration 3 nscales = 0 ...
****************************************
Result so far: scale 1.000: max_log_p=-3.408, old_max_log_p =-3.408 (thresh=-3.4)
 1.05777   0.00000   0.00000  -10.10852;
 0.00000   0.99215   0.37209  -23.19394;
 0.00000  -0.41961   0.89580   51.79528;
 0.00000   0.00000   0.00000   1.00000;
reducing scale to 0.2500
iteration took 0 minutes and 12 seconds.
****************************************
Nine parameter search.  iteration 4 nscales = 1 ...
****************************************
Result so far: scale 0.250: max_log_p=-3.258, old_max_log_p =-3.408 (thresh=-3.4)
 1.03738   0.01455  -0.02834  -5.90798;
 0.00000   1.03411   0.42293  -34.95897;
 0.03396  -0.44433   0.86567   53.32539;
 0.00000   0.00000   0.00000   1.00000;
iteration took 0 minutes and 11 seconds.
****************************************
Nine parameter search.  iteration 5 nscales = 1 ...
****************************************
Result so far: scale 0.250: max_log_p=-3.252, old_max_log_p =-3.258 (thresh=-3.3)
 1.03738   0.01455  -0.02834  -5.90798;
 0.00000   1.03411   0.42293  -34.95897;
 0.03332  -0.43600   0.84944   54.30218;
 0.00000   0.00000   0.00000   1.00000;
iteration took 0 minutes and 11 seconds.
****************************************
Nine parameter search.  iteration 6 nscales = 1 ...
****************************************
Result so far: scale 0.250: max_log_p=-3.251, old_max_log_p =-3.252 (thresh=-3.2)
 1.03738   0.01455  -0.02834  -5.90798;
-0.00107   1.02817   0.38751  -30.34455;
 0.03331  -0.40193   0.86282   49.28265;
 0.00000   0.00000   0.00000   1.00000;
reducing scale to 0.0625
iteration took 0 minutes and 11 seconds.
****************************************
Nine parameter search.  iteration 7 nscales = 2 ...
****************************************
Result so far: scale 0.062: max_log_p=-3.221, old_max_log_p =-3.251 (thresh=-3.2)
 1.04087   0.03148  -0.02207  -9.75257;
-0.01811   1.03142   0.38929  -29.61051;
 0.03338  -0.40288   0.86485   49.61983;
 0.00000   0.00000   0.00000   1.00000;
iteration took 0 minutes and 11 seconds.
****************************************
Nine parameter search.  iteration 8 nscales = 2 ...
****************************************
Result so far: scale 0.062: max_log_p=-3.219, old_max_log_p =-3.221 (thresh=-3.2)
 1.03950   0.01787  -0.03547  -6.21163;
-0.00108   1.03306   0.38921  -31.52562;
 0.04190  -0.40261   0.86464   48.03577;
 0.00000   0.00000   0.00000   1.00000;
min search scale 0.025000 reached
***********************************************
Computing MAP estimate using 2841 samples...
***********************************************
dt = 5.00e-06, momentum=0.80, tol=1.00e-05
l_intensity = 1.0000
Aligning input volume to GCA...
Transform matrix
 1.03950   0.01787  -0.03547  -6.21163;
-0.00108   1.03306   0.38921  -31.52562;
 0.04190  -0.40261   0.86464   48.03577;
 0.00000   0.00000   0.00000   1.00000;
nsamples 2841
Quasinewton: input matrix
 1.03950   0.01787  -0.03547  -6.21163;
-0.00108   1.03306   0.38921  -31.52562;
 0.04190  -0.40261   0.86464   48.03577;
 0.00000   0.00000   0.00000   1.00000;
 IFLAG= -1  LINE SEARCH FAILED. SEE DOCUMENTATION OF ROUTINE MCSRCH ERROR RETURN OF LINE SEARCH: INFO= 3 POSSIBLE CAUSES: FUNCTION OR GRADIENT ARE INCORRECT OR INCORRECT TOLERANCESoutof QuasiNewtonEMA: 011: -log(p) =   -0.0  tol 0.000010
Resulting transform:
 1.03950   0.01787  -0.03547  -6.21163;
-0.00108   1.03306   0.38921  -31.52562;
 0.04190  -0.40261   0.86464   48.03577;
 0.00000   0.00000   0.00000   1.00000;

pass 1, spacing 8: log(p) = -3.219 (old=-4.266)
transform before final EM align:
 1.03950   0.01787  -0.03547  -6.21163;
-0.00108   1.03306   0.38921  -31.52562;
 0.04190  -0.40261   0.86464   48.03577;
 0.00000   0.00000   0.00000   1.00000;

**************************************************
 EM alignment process ...
 Computing final MAP estimate using 315638 samples. 
**************************************************
dt = 5.00e-06, momentum=0.80, tol=1.00e-07
l_intensity = 1.0000
Aligning input volume to GCA...
Transform matrix
 1.03950   0.01787  -0.03547  -6.21163;
-0.00108   1.03306   0.38921  -31.52562;
 0.04190  -0.40261   0.86464   48.03577;
 0.00000   0.00000   0.00000   1.00000;
nsamples 315638
Quasinewton: input matrix
 1.03950   0.01787  -0.03547  -6.21163;
-0.00108   1.03306   0.38921  -31.52562;
 0.04190  -0.40261   0.86464   48.03577;
 0.00000   0.00000   0.00000   1.00000;
 IFLAG= -1  LINE SEARCH FAILED. SEE DOCUMENTATION OF ROUTINE MCSRCH ERROR RETURN OF LINE SEARCH: INFO= 6 POSSIBLE CAUSES: FUNCTION OR GRADIENT ARE INCORRECT OR INCORRECT TOLERANCESoutof QuasiNewtonEMA: 013: -log(p) =    3.8  tol 0.000000
final transform:
 1.03950   0.01787  -0.03547  -6.21163;
-0.00108   1.03306   0.38921  -31.52562;
 0.04190  -0.40261   0.86464   48.03577;
 0.00000   0.00000   0.00000   1.00000;

writing output transformation to transforms/talairach.lta...
#VMPC# mri_em_register VmPeak  891284
FSRUNTIME@ mri_em_register  0.0387 hours 16 threads
registration took 2 minutes and 19 seconds.

Started at Wed Mar 11 13:38:26 CET 2026 
Ended   at Wed Mar 11 13:40:45 CET 2026
#@#%# recon-all-run-time-hours 0.039
recon-all -s sub-v2s18x29496_ses-1 finished without error at Wed Mar 11 13:40:45 CET 2026



#New# invocation of recon-all 




Wed Mar 11 13:40:47 CET 2026
cd /out/sourcedata/freesurfer/sub-v2s18x29496_ses-1
setenv SUBJECTS_DIR /out/sourcedata/freesurfer
/opt/freesurfer/bin/recon-all -autorecon2-volonly -openmp 16 -subjid sub-v2s18x29496_ses-1 -sd /out/sourcedata/freesurfer -nogcareg

subjid sub-v2s18x29496_ses-1
setenv SUBJECTS_DIR /out/sourcedata/freesurfer
FREESURFER_HOME /opt/freesurfer
Actual FREESURFER_HOME /opt/freesurfer
build-stamp.txt: freesurfer-linux-ubuntu22_x86_64-7.3.2-20220804-6354275
Linux dna055 5.14.0-427.37.1.el9_4.x86_64 #1 SMP PREEMPT_DYNAMIC Fri Sep 13 12:41:50 EDT 2024 x86_64 x86_64 x86_64 GNU/Linux
cputime      unlimited
filesize     unlimited
datasize     unlimited
stacksize    8192 kbytes
coredumpsize 0 kbytes
memoryuse    67108864 kbytes
vmemoryuse   unlimited
descriptors  1024 
memorylocked unlimited
maxproc      2061970 
maxlocks     unlimited
maxsignal    2061970 
maxmessage   819200 
maxnice      0 
maxrtprio    0 
maxrttime    unlimited

               total        used        free      shared  buff/cache   available
Mem:           503Gi       124Gi       357Gi       6.9Gi        21Gi       369Gi
Swap:             0B          0B          0B

########################################
program versions used
7.3.2 (freesurfer-linux-ubuntu22_x86_64-7.3.2-20220804-6354275)
7.3.2

ProgramName: lta_convert  ProgramArguments: lta_convert -all-info  ProgramVersion: 7.3.2  TimeStamp: 2026/03/11-12:40:47-GMT  BuildTime: Aug  4 2022 06:17:15  BuildStamp: freesurfer-linux-ubuntu22_x86_64-7.3.2-20220804-6354275  User: oesteban  Machine: dna055  Platform: Linux  PlatformVersion: 5.14.0-427.37.1.el9_4.x86_64  CompilerName: GCC  CompilerVersion: 8.4.0
ProgramName: mri_and  ProgramArguments: mri_and -all-info  ProgramVersion: 7.3.2  TimeStamp: 2026/03/11-12:40:47-GMT  BuildTime: Aug  4 2022 06:17:15  BuildStamp: freesurfer-linux-ubuntu22_x86_64-7.3.2-20220804-6354275  User: oesteban  Machine: dna055  Platform: Linux  PlatformVersion: 5.14.0-427.37.1.el9_4.x86_64  CompilerName: GCC  CompilerVersion: 8.4.0
ProgramName: mri_annotation2label  ProgramArguments: mri_annotation2label -all-info  ProgramVersion: 7.3.2  TimeStamp: 2026/03/11-12:40:47-GMT  BuildTime: Aug  4 2022 06:17:15  BuildStamp: freesurfer-linux-ubuntu22_x86_64-7.3.2-20220804-6354275  User: oesteban  Machine: dna055  Platform: Linux  PlatformVersion: 5.14.0-427.37.1.el9_4.x86_64  CompilerName: GCC  CompilerVersion: 8.4.0
ProgramName: mri_aparc2aseg  ProgramArguments: mri_aparc2aseg -all-info  ProgramVersion: 7.3.2  TimeStamp: 2026/03/11-12:40:47-GMT  BuildTime: Aug  4 2022 06:17:15  BuildStamp: freesurfer-linux-ubuntu22_x86_64-7.3.2-20220804-6354275  User: oesteban  Machine: dna055  Platform: Linux  PlatformVersion: 5.14.0-427.37.1.el9_4.x86_64  CompilerName: GCC  CompilerVersion: 8.4.0
ProgramName: mri_surf2volseg  ProgramArguments: mri_surf2volseg -all-info  ProgramVersion: 7.3.2  TimeStamp: 2026/03/11-12:40:47-GMT  BuildTime: Aug  4 2022 06:17:15  BuildStamp: freesurfer-linux-ubuntu22_x86_64-7.3.2-20220804-6354275  User: oesteban  Machine: dna055  Platform: Linux  PlatformVersion: 5.14.0-427.37.1.el9_4.x86_64  CompilerName: GCC  CompilerVersion: 8.4.0
ProgramName: mri_binarize  ProgramArguments: mri_binarize -all-info  ProgramVersion: 7.3.2  TimeStamp: 2026/03/11-12:40:47-GMT  BuildTime: Aug  4 2022 06:17:15  BuildStamp: freesurfer-linux-ubuntu22_x86_64-7.3.2-20220804-6354275  User: oesteban  Machine: dna055  Platform: Linux  PlatformVersion: 5.14.0-427.37.1.el9_4.x86_64  CompilerName: GCC  CompilerVersion: 8.4.0
ProgramName: mri_ca_label  ProgramArguments: mri_ca_label -all-info  ProgramVersion: 7.3.2  TimeStamp: 2026/03/11-12:40:47-GMT  BuildTime: Aug  4 2022 06:17:15  BuildStamp: freesurfer-linux-ubuntu22_x86_64-7.3.2-20220804-6354275  User: oesteban  Machine: dna055  Platform: Linux  PlatformVersion: 5.14.0-427.37.1.el9_4.x86_64  CompilerName: GCC  CompilerVersion: 8.4.0
ProgramName: mri_ca_normalize  ProgramArguments: mri_ca_normalize -all-info  ProgramVersion: 7.3.2  TimeStamp: 2026/03/11-12:40:47-GMT  BuildTime: Aug  4 2022 06:17:15  BuildStamp: freesurfer-linux-ubuntu22_x86_64-7.3.2-20220804-6354275  User: oesteban  Machine: dna055  Platform: Linux  PlatformVersion: 5.14.0-427.37.1.el9_4.x86_64  CompilerName: GCC  CompilerVersion: 8.4.0
ProgramName: mri_ca_register  ProgramArguments: mri_ca_register -all-info  ProgramVersion: 7.3.2  TimeStamp: 2026/03/11-12:40:47-GMT  BuildTime: Aug  4 2022 06:17:15  BuildStamp: freesurfer-linux-ubuntu22_x86_64-7.3.2-20220804-6354275  User: oesteban  Machine: dna055  Platform: Linux  PlatformVersion: 5.14.0-427.37.1.el9_4.x86_64  CompilerName: GCC  CompilerVersion: 8.4.0
ProgramName: mri_cc  ProgramArguments: mri_cc -all-info  ProgramVersion: 7.3.2  TimeStamp: 2026/03/11-12:40:48-GMT  BuildTime: Aug  4 2022 06:17:15  BuildStamp: freesurfer-linux-ubuntu22_x86_64-7.3.2-20220804-6354275  User: oesteban  Machine: dna055  Platform: Linux  PlatformVersion: 5.14.0-427.37.1.el9_4.x86_64  CompilerName: GCC  CompilerVersion: 8.4.0
ProgramName: mri_compute_overlap  ProgramArguments: mri_compute_overlap -all-info  ProgramVersion: 7.3.2  TimeStamp: 2026/03/11-12:40:48-GMT  BuildTime: Aug  4 2022 06:17:15  BuildStamp: freesurfer-linux-ubuntu22_x86_64-7.3.2-20220804-6354275  User: oesteban  Machine: dna055  Platform: Linux  PlatformVersion: 5.14.0-427.37.1.el9_4.x86_64  CompilerName: GCC  CompilerVersion: 8.4.0
ProgramName: mri_compute_seg_overlap  ProgramArguments: mri_compute_seg_overlap -all-info  ProgramVersion: 7.3.2  TimeStamp: 2026/03/11-12:40:48-GMT  BuildTime: Aug  4 2022 06:17:15  BuildStamp: freesurfer-linux-ubuntu22_x86_64-7.3.2-20220804-6354275  User: oesteban  Machine: dna055  Platform: Linux  PlatformVersion: 5.14.0-427.37.1.el9_4.x86_64  CompilerName: GCC  CompilerVersion: 8.4.0
ProgramName: mri_concat  ProgramArguments: mri_concat -all-info  ProgramVersion: 7.3.2  TimeStamp: 2026/03/11-12:40:48-GMT  BuildTime: Aug  4 2022 06:17:15  BuildStamp: freesurfer-linux-ubuntu22_x86_64-7.3.2-20220804-6354275  User: oesteban  Machine: dna055  Platform: Linux  PlatformVersion: 5.14.0-427.37.1.el9_4.x86_64  CompilerName: GCC  CompilerVersion: 8.4.0
ProgramName: mri_concatenate_lta  ProgramArguments: mri_concatenate_lta -all-info  ProgramVersion: 7.3.2  TimeStamp: 2026/03/11-12:40:48-GMT  BuildTime: Aug  4 2022 06:17:15  BuildStamp: freesurfer-linux-ubuntu22_x86_64-7.3.2-20220804-6354275  User: oesteban  Machine: dna055  Platform: Linux  PlatformVersion: 5.14.0-427.37.1.el9_4.x86_64  CompilerName: GCC  CompilerVersion: 8.4.0
mri_convert -all-info 
ProgramName: mri_convert  ProgramArguments: mri_convert -all-info  ProgramVersion: 7.3.2  TimeStamp: 2026/03/11-12:40:48-GMT  BuildTime: Aug  4 2022 06:17:15  BuildStamp: freesurfer-linux-ubuntu22_x86_64-7.3.2-20220804-6354275  User: oesteban  Machine: dna055  Platform: Linux  PlatformVersion: 5.14.0-427.37.1.el9_4.x86_64  CompilerName: GCC  CompilerVersion: 8.4.0
ProgramName: mri_diff  ProgramArguments: mri_diff -all-info  ProgramVersion: 7.3.2  TimeStamp: 2026/03/11-12:40:48-GMT  BuildTime: Aug  4 2022 06:17:15  BuildStamp: freesurfer-linux-ubuntu22_x86_64-7.3.2-20220804-6354275  User: oesteban  Machine: dna055  Platform: Linux  PlatformVersion: 5.14.0-427.37.1.el9_4.x86_64  CompilerName: GCC  CompilerVersion: 8.4.0
ProgramName: mri_edit_wm_with_aseg  ProgramArguments: mri_edit_wm_with_aseg -all-info  ProgramVersion: 7.3.2  TimeStamp: 2026/03/11-12:40:48-GMT  BuildTime: Aug  4 2022 06:17:15  BuildStamp: freesurfer-linux-ubuntu22_x86_64-7.3.2-20220804-6354275  User: oesteban  Machine: dna055  Platform: Linux  PlatformVersion: 5.14.0-427.37.1.el9_4.x86_64  CompilerName: GCC  CompilerVersion: 8.4.0
ProgramName: mri_em_register  ProgramArguments: mri_em_register -all-info  ProgramVersion: 7.3.2  TimeStamp: 2026/03/11-12:40:48-GMT  BuildTime: Aug  4 2022 06:17:15  BuildStamp: freesurfer-linux-ubuntu22_x86_64-7.3.2-20220804-6354275  User: oesteban  Machine: dna055  Platform: Linux  PlatformVersion: 5.14.0-427.37.1.el9_4.x86_64  CompilerName: GCC  CompilerVersion: 8.4.0
ProgramName: mri_fill  ProgramArguments: mri_fill -all-info  ProgramVersion: 7.3.2  TimeStamp: 2026/03/11-12:40:48-GMT  BuildTime: Aug  4 2022 06:17:15  BuildStamp: freesurfer-linux-ubuntu22_x86_64-7.3.2-20220804-6354275  User: oesteban  Machine: dna055  Platform: Linux  PlatformVersion: 5.14.0-427.37.1.el9_4.x86_64  CompilerName: GCC  CompilerVersion: 8.4.0
ProgramName: mri_fuse_segmentations  ProgramArguments: mri_fuse_segmentations -all-info  ProgramVersion: 7.3.2  TimeStamp: 2026/03/11-12:40:48-GMT  BuildTime: Aug  4 2022 06:17:15  BuildStamp: freesurfer-linux-ubuntu22_x86_64-7.3.2-20220804-6354275  User: oesteban  Machine: dna055  Platform: Linux  PlatformVersion: 5.14.0-427.37.1.el9_4.x86_64  CompilerName: GCC  CompilerVersion: 8.4.0
ProgramName: mri_fwhm  ProgramArguments: mri_fwhm -all-info  ProgramVersion: 7.3.2  TimeStamp: 2026/03/11-12:40:48-GMT  BuildTime: Aug  4 2022 06:17:15  BuildStamp: freesurfer-linux-ubuntu22_x86_64-7.3.2-20220804-6354275  User: oesteban  Machine: dna055  Platform: Linux  PlatformVersion: 5.14.0-427.37.1.el9_4.x86_64  CompilerName: GCC  CompilerVersion: 8.4.0
ProgramName: mri_gcut  ProgramArguments: mri_gcut -all-info  ProgramVersion: 7.3.2  TimeStamp: 2026/03/11-12:40:48-GMT  BuildTime: Aug  4 2022 06:17:15  BuildStamp: freesurfer-linux-ubuntu22_x86_64-7.3.2-20220804-6354275  User: oesteban  Machine: dna055  Platform: Linux  PlatformVersion: 5.14.0-427.37.1.el9_4.x86_64  CompilerName: GCC  CompilerVersion: 8.4.0
ProgramName: mri_info  ProgramArguments: mri_info -all-info  ProgramVersion: 7.3.2  TimeStamp: 2026/03/11-12:40:48-GMT  BuildTime: Aug  4 2022 06:17:15  BuildStamp: freesurfer-linux-ubuntu22_x86_64-7.3.2-20220804-6354275  User: oesteban  Machine: dna055  Platform: Linux  PlatformVersion: 5.14.0-427.37.1.el9_4.x86_64  CompilerName: GCC  CompilerVersion: 8.4.0
ProgramName: mri_label2label  ProgramArguments: mri_label2label -all-info  ProgramVersion: 7.3.2  TimeStamp: 2026/03/11-12:40:48-GMT  BuildTime: Aug  4 2022 06:17:15  BuildStamp: freesurfer-linux-ubuntu22_x86_64-7.3.2-20220804-6354275  User: oesteban  Machine: dna055  Platform: Linux  PlatformVersion: 5.14.0-427.37.1.el9_4.x86_64  CompilerName: GCC  CompilerVersion: 8.4.0
ProgramName: mri_label2vol  ProgramArguments: mri_label2vol -all-info  ProgramVersion: 7.3.2  TimeStamp: 2026/03/11-12:40:48-GMT  BuildTime: Aug  4 2022 06:17:15  BuildStamp: freesurfer-linux-ubuntu22_x86_64-7.3.2-20220804-6354275  User: oesteban  Machine: dna055  Platform: Linux  PlatformVersion: 5.14.0-427.37.1.el9_4.x86_64  CompilerName: GCC  CompilerVersion: 8.4.0
ProgramName: mri_log_likelihood  ProgramArguments: mri_log_likelihood -all-info  ProgramVersion: 7.3.2  TimeStamp: 2026/03/11-12:40:48-GMT  BuildTime: Aug  4 2022 06:17:15  BuildStamp: freesurfer-linux-ubuntu22_x86_64-7.3.2-20220804-6354275  User: oesteban  Machine: dna055  Platform: Linux  PlatformVersion: 5.14.0-427.37.1.el9_4.x86_64  CompilerName: GCC  CompilerVersion: 8.4.0
ProgramName: mri_mask  ProgramArguments: mri_mask -all-info  ProgramVersion: 7.3.2  TimeStamp: 2026/03/11-12:40:48-GMT  BuildTime: Aug  4 2022 06:17:15  BuildStamp: freesurfer-linux-ubuntu22_x86_64-7.3.2-20220804-6354275  User: oesteban  Machine: dna055  Platform: Linux  PlatformVersion: 5.14.0-427.37.1.el9_4.x86_64  CompilerName: GCC  CompilerVersion: 8.4.0
ProgramName: mri_matrix_multiply  ProgramArguments: mri_matrix_multiply -all-info  ProgramVersion: 7.3.2  TimeStamp: 2026/03/11-12:40:48-GMT  BuildTime: Aug  4 2022 06:17:15  BuildStamp: freesurfer-linux-ubuntu22_x86_64-7.3.2-20220804-6354275  User: oesteban  Machine: dna055  Platform: Linux  PlatformVersion: 5.14.0-427.37.1.el9_4.x86_64  CompilerName: GCC  CompilerVersion: 8.4.0
ProgramName: mri_normalize  ProgramArguments: mri_normalize -all-info  ProgramVersion: 7.3.2  TimeStamp: 2026/03/11-12:40:48-GMT  BuildTime: Aug  4 2022 06:17:15  BuildStamp: freesurfer-linux-ubuntu22_x86_64-7.3.2-20220804-6354275  User: oesteban  Machine: dna055  Platform: Linux  PlatformVersion: 5.14.0-427.37.1.el9_4.x86_64  CompilerName: GCC  CompilerVersion: 8.4.0
ProgramName: mri_normalize_tp2  ProgramArguments: mri_normalize_tp2 -all-info  ProgramVersion: 7.3.2  TimeStamp: 2026/03/11-12:40:48-GMT  BuildTime: Aug  4 2022 06:17:15  BuildStamp: freesurfer-linux-ubuntu22_x86_64-7.3.2-20220804-6354275  User: oesteban  Machine: dna055  Platform: Linux  PlatformVersion: 5.14.0-427.37.1.el9_4.x86_64  CompilerName: GCC  CompilerVersion: 8.4.0
ProgramName: mri_or  ProgramArguments: mri_or -all-info  ProgramVersion: 7.3.2  TimeStamp: 2026/03/11-12:40:48-GMT  BuildTime: Aug  4 2022 06:17:15  BuildStamp: freesurfer-linux-ubuntu22_x86_64-7.3.2-20220804-6354275  User: oesteban  Machine: dna055  Platform: Linux  PlatformVersion: 5.14.0-427.37.1.el9_4.x86_64  CompilerName: GCC  CompilerVersion: 8.4.0
ProgramName: mri_relabel_hypointensities  ProgramArguments: mri_relabel_hypointensities -all-info  ProgramVersion: 7.3.2  TimeStamp: 2026/03/11-12:40:48-GMT  BuildTime: Aug  4 2022 06:17:15  BuildStamp: freesurfer-linux-ubuntu22_x86_64-7.3.2-20220804-6354275  User: oesteban  Machine: dna055  Platform: Linux  PlatformVersion: 5.14.0-427.37.1.el9_4.x86_64  CompilerName: GCC  CompilerVersion: 8.4.0
ProgramName: mri_relabel_nonwm_hypos  ProgramArguments: mri_relabel_nonwm_hypos -all-info  ProgramVersion: 7.3.2  TimeStamp: 2026/03/11-12:40:48-GMT  BuildTime: Aug  4 2022 06:17:15  BuildStamp: freesurfer-linux-ubuntu22_x86_64-7.3.2-20220804-6354275  User: oesteban  Machine: dna055  Platform: Linux  PlatformVersion: 5.14.0-427.37.1.el9_4.x86_64  CompilerName: GCC  CompilerVersion: 8.4.0
ProgramName: mri_remove_neck  ProgramArguments: mri_remove_neck -all-info  ProgramVersion: 7.3.2  TimeStamp: 2026/03/11-12:40:48-GMT  BuildTime: Aug  4 2022 06:17:15  BuildStamp: freesurfer-linux-ubuntu22_x86_64-7.3.2-20220804-6354275  User: oesteban  Machine: dna055  Platform: Linux  PlatformVersion: 5.14.0-427.37.1.el9_4.x86_64  CompilerName: GCC  CompilerVersion: 8.4.0
7.3.2

ProgramName: mri_robust_register  ProgramArguments: mri_robust_register -all-info  ProgramVersion: 7.3.2  TimeStamp: 2026/03/11-12:40:48-GMT  BuildTime: Aug  4 2022 06:17:15  BuildStamp: freesurfer-linux-ubuntu22_x86_64-7.3.2-20220804-6354275  User: oesteban  Machine: dna055  Platform: Linux  PlatformVersion: 5.14.0-427.37.1.el9_4.x86_64  CompilerName: GCC  CompilerVersion: 8.4.0
7.3.2

ProgramName: mri_robust_template  ProgramArguments: mri_robust_template -all-info  ProgramVersion: 7.3.2  TimeStamp: 2026/03/11-12:40:48-GMT  BuildTime: Aug  4 2022 06:17:15  BuildStamp: freesurfer-linux-ubuntu22_x86_64-7.3.2-20220804-6354275  User: oesteban  Machine: dna055  Platform: Linux  PlatformVersion: 5.14.0-427.37.1.el9_4.x86_64  CompilerName: GCC  CompilerVersion: 8.4.0
ProgramName: mris_anatomical_stats  ProgramArguments: mris_anatomical_stats -all-info  ProgramVersion: 7.3.2  TimeStamp: 2026/03/11-12:40:48-GMT  BuildTime: Aug  4 2022 06:17:15  BuildStamp: freesurfer-linux-ubuntu22_x86_64-7.3.2-20220804-6354275  User: oesteban  Machine: dna055  Platform: Linux  PlatformVersion: 5.14.0-427.37.1.el9_4.x86_64  CompilerName: GCC  CompilerVersion: 8.4.0
ProgramName: mris_ca_label  ProgramArguments: mris_ca_label -all-info  ProgramVersion: 7.3.2  TimeStamp: 2026/03/11-12:40:48-GMT  BuildTime: Aug  4 2022 06:17:15  BuildStamp: freesurfer-linux-ubuntu22_x86_64-7.3.2-20220804-6354275  User: oesteban  Machine: dna055  Platform: Linux  PlatformVersion: 5.14.0-427.37.1.el9_4.x86_64  CompilerName: GCC  CompilerVersion: 8.4.0
ProgramName: mris_calc  ProgramArguments: mris_calc -all-info  ProgramVersion: 7.3.2  TimeStamp: 2026/03/11-12:40:48-GMT  BuildTime: Aug  4 2022 06:17:15  BuildStamp: freesurfer-linux-ubuntu22_x86_64-7.3.2-20220804-6354275  User: oesteban  Machine: dna055  Platform: Linux  PlatformVersion: 5.14.0-427.37.1.el9_4.x86_64  CompilerName: GCC  CompilerVersion: 8.4.0
ProgramName: mris_convert  ProgramArguments: mris_convert -all-info  ProgramVersion: 7.3.2  TimeStamp: 2026/03/11-12:40:48-GMT  BuildTime: Aug  4 2022 06:17:15  BuildStamp: freesurfer-linux-ubuntu22_x86_64-7.3.2-20220804-6354275  User: oesteban  Machine: dna055  Platform: Linux  PlatformVersion: 5.14.0-427.37.1.el9_4.x86_64  CompilerName: GCC  CompilerVersion: 8.4.0
ProgramName: mris_curvature  ProgramArguments: mris_curvature -all-info  ProgramVersion: 7.3.2  TimeStamp: 2026/03/11-12:40:48-GMT  BuildTime: Aug  4 2022 06:17:15  BuildStamp: freesurfer-linux-ubuntu22_x86_64-7.3.2-20220804-6354275  User: oesteban  Machine: dna055  Platform: Linux  PlatformVersion: 5.14.0-427.37.1.el9_4.x86_64  CompilerName: GCC  CompilerVersion: 8.4.0
ProgramName: mris_curvature_stats  ProgramArguments: mris_curvature_stats -all-info  ProgramVersion: 7.3.2  TimeStamp: 2026/03/11-12:40:48-GMT  BuildTime: Aug  4 2022 06:17:15  BuildStamp: freesurfer-linux-ubuntu22_x86_64-7.3.2-20220804-6354275  User: oesteban  Machine: dna055  Platform: Linux  PlatformVersion: 5.14.0-427.37.1.el9_4.x86_64  CompilerName: GCC  CompilerVersion: 8.4.0
ProgramName: mris_diff  ProgramArguments: mris_diff -all-info  ProgramVersion: 7.3.2  TimeStamp: 2026/03/11-12:40:48-GMT  BuildTime: Aug  4 2022 06:17:15  BuildStamp: freesurfer-linux-ubuntu22_x86_64-7.3.2-20220804-6354275  User: oesteban  Machine: dna055  Platform: Linux  PlatformVersion: 5.14.0-427.37.1.el9_4.x86_64  CompilerName: GCC  CompilerVersion: 8.4.0
ProgramName: mris_divide_parcellation  ProgramArguments: mris_divide_parcellation -all-info  ProgramVersion: 7.3.2  TimeStamp: 2026/03/11-12:40:48-GMT  BuildTime: Aug  4 2022 06:17:15  BuildStamp: freesurfer-linux-ubuntu22_x86_64-7.3.2-20220804-6354275  User: oesteban  Machine: dna055  Platform: Linux  PlatformVersion: 5.14.0-427.37.1.el9_4.x86_64  CompilerName: GCC  CompilerVersion: 8.4.0
ProgramName: mri_segment  ProgramArguments: mri_segment -all-info  ProgramVersion: 7.3.2  TimeStamp: 2026/03/11-12:40:48-GMT  BuildTime: Aug  4 2022 06:17:15  BuildStamp: freesurfer-linux-ubuntu22_x86_64-7.3.2-20220804-6354275  User: oesteban  Machine: dna055  Platform: Linux  PlatformVersion: 5.14.0-427.37.1.el9_4.x86_64  CompilerName: GCC  CompilerVersion: 8.4.0
ProgramName: mri_segstats  ProgramArguments: mri_segstats -all-info  ProgramVersion: 7.3.2  TimeStamp: 2026/03/11-12:40:48-GMT  BuildTime: Aug  4 2022 06:17:15  BuildStamp: freesurfer-linux-ubuntu22_x86_64-7.3.2-20220804-6354275  User: oesteban  Machine: dna055  Platform: Linux  PlatformVersion: 5.14.0-427.37.1.el9_4.x86_64  CompilerName: GCC  CompilerVersion: 8.4.0
ProgramName: mris_euler_number  ProgramArguments: mris_euler_number -all-info  ProgramVersion: 7.3.2  TimeStamp: 2026/03/11-12:40:48-GMT  BuildTime: Aug  4 2022 06:17:15  BuildStamp: freesurfer-linux-ubuntu22_x86_64-7.3.2-20220804-6354275  User: oesteban  Machine: dna055  Platform: Linux  PlatformVersion: 5.14.0-427.37.1.el9_4.x86_64  CompilerName: GCC  CompilerVersion: 8.4.0
ProgramName: mris_fix_topology  ProgramArguments: mris_fix_topology -all-info  ProgramVersion: 7.3.2  TimeStamp: 2026/03/11-12:40:48-GMT  BuildTime: Aug  4 2022 06:17:15  BuildStamp: freesurfer-linux-ubuntu22_x86_64-7.3.2-20220804-6354275  User: oesteban  Machine: dna055  Platform: Linux  PlatformVersion: 5.14.0-427.37.1.el9_4.x86_64  CompilerName: GCC  CompilerVersion: 8.4.0
ProgramName: mris_topo_fixer  ProgramArguments: mris_topo_fixer -all-info  ProgramVersion: 7.3.2  TimeStamp: 2026/03/11-12:40:48-GMT  BuildTime: Aug  4 2022 06:17:15  BuildStamp: freesurfer-linux-ubuntu22_x86_64-7.3.2-20220804-6354275  User: oesteban  Machine: dna055  Platform: Linux  PlatformVersion: 5.14.0-427.37.1.el9_4.x86_64  CompilerName: GCC  CompilerVersion: 8.4.0
ProgramName: mris_jacobian  ProgramArguments: mris_jacobian -all-info  ProgramVersion: 7.3.2  TimeStamp: 2026/03/11-12:40:48-GMT  BuildTime: Aug  4 2022 06:17:15  BuildStamp: freesurfer-linux-ubuntu22_x86_64-7.3.2-20220804-6354275  User: oesteban  Machine: dna055  Platform: Linux  PlatformVersion: 5.14.0-427.37.1.el9_4.x86_64  CompilerName: GCC  CompilerVersion: 8.4.0
ProgramName: mris_label2annot  ProgramArguments: mris_label2annot -all-info  ProgramVersion: 7.3.2  TimeStamp: 2026/03/11-12:40:48-GMT  BuildTime: Aug  4 2022 06:17:15  BuildStamp: freesurfer-linux-ubuntu22_x86_64-7.3.2-20220804-6354275  User: oesteban  Machine: dna055  Platform: Linux  PlatformVersion: 5.14.0-427.37.1.el9_4.x86_64  CompilerName: GCC  CompilerVersion: 8.4.0
ProgramName: mris_left_right_register  ProgramArguments: mris_left_right_register -all-info  ProgramVersion: 7.3.2  TimeStamp: 2026/03/11-12:40:48-GMT  BuildTime: Aug  4 2022 06:17:15  BuildStamp: freesurfer-linux-ubuntu22_x86_64-7.3.2-20220804-6354275  User: oesteban  Machine: dna055  Platform: Linux  PlatformVersion: 5.14.0-427.37.1.el9_4.x86_64  CompilerName: GCC  CompilerVersion: 8.4.0
ProgramName: mris_place_surface  ProgramArguments: mris_place_surface -all-info  ProgramVersion: 7.3.2  TimeStamp: 2026/03/11-12:40:48-GMT  BuildTime: Aug  4 2022 06:17:15  BuildStamp: freesurfer-linux-ubuntu22_x86_64-7.3.2-20220804-6354275  User: oesteban  Machine: dna055  Platform: Linux  PlatformVersion: 5.14.0-427.37.1.el9_4.x86_64  CompilerName: GCC  CompilerVersion: 8.4.0
ProgramName: mrisp_paint  ProgramArguments: mrisp_paint -all-info  ProgramVersion: 7.3.2  TimeStamp: 2026/03/11-12:40:48-GMT  BuildTime: Aug  4 2022 06:17:15  BuildStamp: freesurfer-linux-ubuntu22_x86_64-7.3.2-20220804-6354275  User: oesteban  Machine: dna055  Platform: Linux  PlatformVersion: 5.14.0-427.37.1.el9_4.x86_64  CompilerName: GCC  CompilerVersion: 8.4.0
ProgramName: mris_register  ProgramArguments: mris_register -all-info  ProgramVersion: 7.3.2  TimeStamp: 2026/03/11-12:40:48-GMT  BuildTime: Aug  4 2022 06:17:15  BuildStamp: freesurfer-linux-ubuntu22_x86_64-7.3.2-20220804-6354275  User: oesteban  Machine: dna055  Platform: Linux  PlatformVersion: 5.14.0-427.37.1.el9_4.x86_64  CompilerName: GCC  CompilerVersion: 8.4.0
ProgramName: mris_smooth  ProgramArguments: mris_smooth -all-info  ProgramVersion: 7.3.2  TimeStamp: 2026/03/11-12:40:48-GMT  BuildTime: Aug  4 2022 06:17:15  BuildStamp: freesurfer-linux-ubuntu22_x86_64-7.3.2-20220804-6354275  User: oesteban  Machine: dna055  Platform: Linux  PlatformVersion: 5.14.0-427.37.1.el9_4.x86_64  CompilerName: GCC  CompilerVersion: 8.4.0
ProgramName: mris_sphere  ProgramArguments: mris_sphere -all-info  ProgramVersion: 7.3.2  TimeStamp: 2026/03/11-12:40:48-GMT  BuildTime: Aug  4 2022 06:17:15  BuildStamp: freesurfer-linux-ubuntu22_x86_64-7.3.2-20220804-6354275  User: oesteban  Machine: dna055  Platform: Linux  PlatformVersion: 5.14.0-427.37.1.el9_4.x86_64  CompilerName: GCC  CompilerVersion: 8.4.0
ProgramName: mris_surface_stats  ProgramArguments: mris_surface_stats -all-info  ProgramVersion: 7.3.2  TimeStamp: 2026/03/11-12:40:48-GMT  BuildTime: Aug  4 2022 06:17:15  BuildStamp: freesurfer-linux-ubuntu22_x86_64-7.3.2-20220804-6354275  User: oesteban  Machine: dna055  Platform: Linux  PlatformVersion: 5.14.0-427.37.1.el9_4.x86_64  CompilerName: GCC  CompilerVersion: 8.4.0
ProgramName: mri_stats2seg  ProgramArguments: mri_stats2seg -all-info  ProgramVersion: 7.3.2  TimeStamp: 2026/03/11-12:40:48-GMT  BuildTime: Aug  4 2022 06:17:15  BuildStamp: freesurfer-linux-ubuntu22_x86_64-7.3.2-20220804-6354275  User: oesteban  Machine: dna055  Platform: Linux  PlatformVersion: 5.14.0-427.37.1.el9_4.x86_64  CompilerName: GCC  CompilerVersion: 8.4.0
ProgramName: mris_thickness  ProgramArguments: mris_thickness -all-info  ProgramVersion: 7.3.2  TimeStamp: 2026/03/11-12:40:48-GMT  BuildTime: Aug  4 2022 06:17:15  BuildStamp: freesurfer-linux-ubuntu22_x86_64-7.3.2-20220804-6354275  User: oesteban  Machine: dna055  Platform: Linux  PlatformVersion: 5.14.0-427.37.1.el9_4.x86_64  CompilerName: GCC  CompilerVersion: 8.4.0
ProgramName: mris_thickness_diff  ProgramArguments: mris_thickness_diff -all-info  ProgramVersion: 7.3.2  TimeStamp: 2026/03/11-12:40:48-GMT  BuildTime: Aug  4 2022 06:17:15  BuildStamp: freesurfer-linux-ubuntu22_x86_64-7.3.2-20220804-6354275  User: oesteban  Machine: dna055  Platform: Linux  PlatformVersion: 5.14.0-427.37.1.el9_4.x86_64  CompilerName: GCC  CompilerVersion: 8.4.0
ProgramName: mris_topo_fixer  ProgramArguments: mris_topo_fixer -all-info  ProgramVersion: 7.3.2  TimeStamp: 2026/03/11-12:40:48-GMT  BuildTime: Aug  4 2022 06:17:15  BuildStamp: freesurfer-linux-ubuntu22_x86_64-7.3.2-20220804-6354275  User: oesteban  Machine: dna055  Platform: Linux  PlatformVersion: 5.14.0-427.37.1.el9_4.x86_64  CompilerName: GCC  CompilerVersion: 8.4.0
ProgramName: mri_surf2surf  ProgramArguments: mri_surf2surf -all-info  ProgramVersion: 7.3.2  TimeStamp: 2026/03/11-12:40:48-GMT  BuildTime: Aug  4 2022 06:17:15  BuildStamp: freesurfer-linux-ubuntu22_x86_64-7.3.2-20220804-6354275  User: oesteban  Machine: dna055  Platform: Linux  PlatformVersion: 5.14.0-427.37.1.el9_4.x86_64  CompilerName: GCC  CompilerVersion: 8.4.0
ProgramName: mri_surf2vol  ProgramArguments: mri_surf2vol -all-info  ProgramVersion: 7.3.2  TimeStamp: 2026/03/11-12:40:48-GMT  BuildTime: Aug  4 2022 06:17:15  BuildStamp: freesurfer-linux-ubuntu22_x86_64-7.3.2-20220804-6354275  User: oesteban  Machine: dna055  Platform: Linux  PlatformVersion: 5.14.0-427.37.1.el9_4.x86_64  CompilerName: GCC  CompilerVersion: 8.4.0
ProgramName: mri_surfcluster  ProgramArguments: mri_surfcluster -all-info  ProgramVersion: 7.3.2  TimeStamp: 2026/03/11-12:40:48-GMT  BuildTime: Aug  4 2022 06:17:15  BuildStamp: freesurfer-linux-ubuntu22_x86_64-7.3.2-20220804-6354275  User: oesteban  Machine: dna055  Platform: Linux  PlatformVersion: 5.14.0-427.37.1.el9_4.x86_64  CompilerName: GCC  CompilerVersion: 8.4.0
ProgramName: mris_volmask  ProgramArguments: mris_volmask -all-info  ProgramVersion: 7.3.2  TimeStamp: 2026/03/11-12:40:48-GMT  BuildTime: Aug  4 2022 06:17:15  BuildStamp: freesurfer-linux-ubuntu22_x86_64-7.3.2-20220804-6354275  User: oesteban  Machine: dna055  Platform: Linux  PlatformVersion: 5.14.0-427.37.1.el9_4.x86_64  CompilerName: GCC  CompilerVersion: 8.4.0
ProgramName: mri_tessellate  ProgramArguments: mri_tessellate -all-info  ProgramVersion: 7.3.2  TimeStamp: 2026/03/11-12:40:48-GMT  BuildTime: Aug  4 2022 06:17:15  BuildStamp: freesurfer-linux-ubuntu22_x86_64-7.3.2-20220804-6354275  User: oesteban  Machine: dna055  Platform: Linux  PlatformVersion: 5.14.0-427.37.1.el9_4.x86_64  CompilerName: GCC  CompilerVersion: 8.4.0
ProgramName: mri_vol2surf  ProgramArguments: mri_vol2surf -all-info  ProgramVersion: 7.3.2  TimeStamp: 2026/03/11-12:40:48-GMT  BuildTime: Aug  4 2022 06:17:15  BuildStamp: freesurfer-linux-ubuntu22_x86_64-7.3.2-20220804-6354275  User: oesteban  Machine: dna055  Platform: Linux  PlatformVersion: 5.14.0-427.37.1.el9_4.x86_64  CompilerName: GCC  CompilerVersion: 8.4.0
ProgramName: mri_vol2vol  ProgramArguments: mri_vol2vol -all-info  ProgramVersion: 7.3.2  TimeStamp: 2026/03/11-12:40:48-GMT  BuildTime: Aug  4 2022 06:17:15  BuildStamp: freesurfer-linux-ubuntu22_x86_64-7.3.2-20220804-6354275  User: oesteban  Machine: dna055  Platform: Linux  PlatformVersion: 5.14.0-427.37.1.el9_4.x86_64  CompilerName: GCC  CompilerVersion: 8.4.0
ProgramName: mri_voldiff  ProgramArguments: mri_voldiff -all-info  ProgramVersion: 7.3.2  TimeStamp: 2026/03/11-12:40:48-GMT  BuildTime: Aug  4 2022 06:17:15  BuildStamp: freesurfer-linux-ubuntu22_x86_64-7.3.2-20220804-6354275  User: oesteban  Machine: dna055  Platform: Linux  PlatformVersion: 5.14.0-427.37.1.el9_4.x86_64  CompilerName: GCC  CompilerVersion: 8.4.0
ProgramName: mri_watershed  ProgramArguments: mri_watershed -all-info  ProgramVersion: 7.3.2  TimeStamp: 2026/03/11-12:40:48-GMT  BuildTime: Aug  4 2022 06:17:15  BuildStamp: freesurfer-linux-ubuntu22_x86_64-7.3.2-20220804-6354275  User: oesteban  Machine: dna055  Platform: Linux  PlatformVersion: 5.14.0-427.37.1.el9_4.x86_64  CompilerName: GCC  CompilerVersion: 8.4.0
ProgramName: tkregister2  ProgramArguments: tkregister2_cmdl -all-info  ProgramVersion: 7.3.2  TimeStamp: 2026/03/11-12:40:48-GMT  BuildTime: Aug  4 2022 06:17:15  BuildStamp: freesurfer-linux-ubuntu22_x86_64-7.3.2-20220804-6354275  User: oesteban  Machine: dna055  Platform: Linux  PlatformVersion: 5.14.0-427.37.1.el9_4.x86_64  CompilerName: GCC  CompilerVersion: 8.4.0
mri_motion_correct.fsl 7.3.2
mri_convert -all-info 
ProgramName: mri_convert  ProgramArguments: mri_convert -all-info  ProgramVersion: 7.3.2  TimeStamp: 2026/03/11-12:40:48-GMT  BuildTime: Aug  4 2022 06:17:15  BuildStamp: freesurfer-linux-ubuntu22_x86_64-7.3.2-20220804-6354275  User: oesteban  Machine: dna055  Platform: Linux  PlatformVersion: 5.14.0-427.37.1.el9_4.x86_64  CompilerName: GCC  CompilerVersion: 8.4.0
Program nu_correct, built from:
Package MNI N3, version 1.12.0, compiled by nicks@terrier (x86_64-unknown-linux-gnu) on 2015-06-19 at 01:25:34
#######################################
GCADIR /opt/freesurfer/average
GCA RB_all_2020-01-02.gca
GCASkull RB_all_withskull_2020_01_02.gca
AvgCurvTif folding.atlas.acfb40.noaparc.i12.2016-08-02.tif
GCSDIR /opt/freesurfer/average
GCS DKaparc.atlas.acfb40.noaparc.i12.2016-08-02.gcs
#######################################
#--------------------------------------
#@# CA Normalize Wed Mar 11 13:40:48 CET 2026
/out/sourcedata/freesurfer/sub-v2s18x29496_ses-1/mri

 mri_ca_normalize -c ctrl_pts.mgz -mask brainmask.mgz nu.mgz /opt/freesurfer/average/RB_all_2020-01-02.gca transforms/talairach.lta norm.mgz 

writing control point volume to ctrl_pts.mgz
using MR volume brainmask.mgz to mask input volume...
reading 1 input volume
reading atlas from '/opt/freesurfer/average/RB_all_2020-01-02.gca'...
reading transform from 'transforms/talairach.lta'...
reading input volume from nu.mgz...
resetting wm mean[0]: 98 --> 107
resetting gm mean[0]: 61 --> 61
input volume #1 is the most T1-like
using real data threshold=23.1
skull bounding box = (60, 44, 44) --> (196, 178, 192)
finding center of left hemi white matter
using (105, 89, 118) as brain centroid of Right_Cerebral_White_Matter...
mean wm in atlas = 107, using box (88,73,100) --> (121, 105,136) to find MRI wm
before smoothing, mri peak at 109
robust fit to distribution - 108 +- 5.3
after smoothing, mri peak at 108, scaling input intensities by 0.991
scaling channel 0 by 0.990741
using 246437 sample points...
INFO: compute sample coordinates transform
 1.03950   0.01787  -0.03547  -6.21163;
-0.00108   1.03306   0.38921  -31.52562;
 0.04190  -0.40261   0.86464   48.03577;
 0.00000   0.00000   0.00000   1.00000;
INFO: transform used
finding control points in Left_Cerebral_White_Matter....
found 40230 control points for structure...
bounding box (126, 45, 30) --> (193, 159, 203)
Left_Cerebral_White_Matter: limiting intensities to 96.0 --> 132.0
2 of 5282 (0.0%) samples deleted
finding control points in Right_Cerebral_White_Matter....
found 39478 control points for structure...
bounding box (67, 44, 32) --> (132, 151, 204)
Right_Cerebral_White_Matter: limiting intensities to 94.0 --> 132.0
5 of 4943 (0.1%) samples deleted
finding control points in Left_Cerebellum_White_Matter....
found 3105 control points for structure...
bounding box (129, 128, 67) --> (176, 171, 123)
Left_Cerebellum_White_Matter: limiting intensities to 88.0 --> 132.0
0 of 33 (0.0%) samples deleted
finding control points in Right_Cerebellum_White_Matter....
found 2710 control points for structure...
bounding box (85, 128, 65) --> (128, 169, 125)
Right_Cerebellum_White_Matter: limiting intensities to 88.0 --> 132.0
0 of 63 (0.0%) samples deleted
finding control points in Brain_Stem....
found 3475 control points for structure...
bounding box (114, 115, 101) --> (146, 176, 135)
Brain_Stem: limiting intensities to 88.0 --> 132.0
1 of 101 (1.0%) samples deleted
using 10422 total control points for intensity normalization...
bias field = 0.988 +- 0.042
83 of 10414 control points discarded
finding control points in Left_Cerebral_White_Matter....
found 40230 control points for structure...
bounding box (126, 45, 30) --> (193, 159, 203)
Left_Cerebral_White_Matter: limiting intensities to 92.0 --> 131.0
1 of 5499 (0.0%) samples deleted
finding control points in Right_Cerebral_White_Matter....
found 39478 control points for structure...
bounding box (67, 44, 32) --> (132, 151, 204)
Right_Cerebral_White_Matter: limiting intensities to 90.0 --> 131.0
5 of 5297 (0.1%) samples deleted
finding control points in Left_Cerebellum_White_Matter....
found 3105 control points for structure...
bounding box (129, 128, 67) --> (176, 171, 123)
Left_Cerebellum_White_Matter: limiting intensities to 88.0 --> 131.0
17 of 115 (14.8%) samples deleted
finding control points in Right_Cerebellum_White_Matter....
found 2710 control points for structure...
bounding box (85, 128, 65) --> (128, 169, 125)
Right_Cerebellum_White_Matter: limiting intensities to 88.0 --> 131.0
38 of 135 (28.1%) samples deleted
finding control points in Brain_Stem....
found 3475 control points for structure...
bounding box (114, 115, 101) --> (146, 176, 135)
Brain_Stem: limiting intensities to 88.0 --> 131.0
45 of 193 (23.3%) samples deleted
using 11239 total control points for intensity normalization...
bias field = 1.023 +- 0.043
67 of 11050 control points discarded
finding control points in Left_Cerebral_White_Matter....
found 40230 control points for structure...
bounding box (126, 45, 30) --> (193, 159, 203)
Left_Cerebral_White_Matter: limiting intensities to 92.0 --> 129.0
2 of 5431 (0.0%) samples deleted
finding control points in Right_Cerebral_White_Matter....
found 39478 control points for structure...
bounding box (67, 44, 32) --> (132, 151, 204)
Right_Cerebral_White_Matter: limiting intensities to 90.0 --> 129.0
9 of 5334 (0.2%) samples deleted
finding control points in Left_Cerebellum_White_Matter....
found 3105 control points for structure...
bounding box (129, 128, 67) --> (176, 171, 123)
Left_Cerebellum_White_Matter: limiting intensities to 88.0 --> 129.0
44 of 115 (38.3%) samples deleted
finding control points in Right_Cerebellum_White_Matter....
found 2710 control points for structure...
bounding box (85, 128, 65) --> (128, 169, 125)
Right_Cerebellum_White_Matter: limiting intensities to 88.0 --> 129.0
89 of 162 (54.9%) samples deleted
finding control points in Brain_Stem....
found 3475 control points for structure...
bounding box (114, 115, 101) --> (146, 176, 135)
Brain_Stem: limiting intensities to 88.0 --> 107.0
46 of 269 (17.1%) samples deleted
using 11311 total control points for intensity normalization...
bias field = 1.021 +- 0.043
70 of 10937 control points discarded
writing normalized volume to norm.mgz...
writing control points to ctrl_pts.mgz
freeing GCA...done.
normalization took 1 minutes and 22 seconds.
#--------------------------------------
#@# CA Reg Wed Mar 11 13:42:10 CET 2026
/out/sourcedata/freesurfer/sub-v2s18x29496_ses-1/mri

 mri_ca_register -nobigventricles -T transforms/talairach.lta -align-after -mask brainmask.mgz norm.mgz /opt/freesurfer/average/RB_all_2020-01-02.gca transforms/talairach.m3z 

not handling expanded ventricles...
using previously computed transform transforms/talairach.lta
renormalizing sequences with structure alignment, equivalent to:
	-renormalize
	-regularize_mean 0.500
	-regularize 0.500
using MR volume brainmask.mgz to mask input volume...

== Number of threads available to mri_ca_register for OpenMP = 16 == 
reading 1 input volumes...
logging results to talairach.log
reading input volume 'norm.mgz'...
reading GCA '/opt/freesurfer/average/RB_all_2020-01-02.gca'...
label assignment complete, 0 changed (0.00%)
freeing gibbs priors...done.
average std[0] = 5.0
Starting GCAMregister()
label assignment complete, 0 changed (0.00%)
npasses = 1, nlevels = 6
#pass# 1 of 1 ************************
enabling zero nodes
setting smoothness cost coefficient to 0.156

#GCAMreg# pass 0 level1 5 level2 0 tsec 0 sigma 2
l_jacobian=1.00 l_label=1.00 l_log_likelihood=0.20 l_smoothness=0.16 
tol=2.50e-01, dt=5.00e-02, exp_k=20.0, momentum=0.90, levels=6, niter=500, lbl_dist=10.00, avgs=256, sigma=2.0,type=2, relabel=0, neg=no

blurring input image with Gaussian with sigma=2.000...
GCAMRegisterLevel(): init RMS 0.93095
#FOTS# QuadFit found better minimum quadopt=(dt=221.952,rms=0.785788) vs oldopt=(dt=369.92,rms=0.823412)
#GCMRL#    0 dt 221.952000 rms  0.786 15.593% neg 0  invalid 762 tFOTS 4.3380 tGradient 2.5300 tsec 7.1860
#FOTS# QuadFit found better minimum quadopt=(dt=234.105,rms=0.751555) vs oldopt=(dt=369.92,rms=0.758819)
#GCMRL#    1 dt 234.105263 rms  0.752  4.357% neg 0  invalid 762 tFOTS 4.1570 tGradient 3.1950 tsec 7.6650
#FOTS# QuadFit found better minimum quadopt=(dt=195.282,rms=0.736888) vs oldopt=(dt=92.48,rms=0.741659)
#GCMRL#    2 dt 195.282051 rms  0.737  1.952% neg 0  invalid 762 tFOTS 4.2790 tGradient 2.8250 tsec 7.4190
#FOTS# QuadFit found better minimum quadopt=(dt=221.952,rms=0.729054) vs oldopt=(dt=369.92,rms=0.731656)
#GCMRL#    3 dt 221.952000 rms  0.729  1.063% neg 0  invalid 762 tFOTS 4.8700 tGradient 3.1080 tsec 8.2980
#FOTS# QuadFit found better minimum quadopt=(dt=177.548,rms=0.722909) vs oldopt=(dt=92.48,rms=0.724863)
#GCMRL#    4 dt 177.548387 rms  0.723  0.843% neg 0  invalid 762 tFOTS 4.6100 tGradient 2.8970 tsec 7.8260
#FOTS# QuadFit found better minimum quadopt=(dt=295.936,rms=0.718571) vs oldopt=(dt=369.92,rms=0.71868)
#GCMRL#    5 dt 295.936000 rms  0.719  0.600% neg 0  invalid 762 tFOTS 4.3400 tGradient 2.8960 tsec 7.5570
#FOTS# QuadFit found better minimum quadopt=(dt=147.692,rms=0.715013) vs oldopt=(dt=92.48,rms=0.715799)
#GCMRL#    6 dt 147.692308 rms  0.715  0.495% neg 0  invalid 762 tFOTS 4.6790 tGradient 2.7790 tsec 7.7710
#FOTS# QuadFit found better minimum quadopt=(dt=517.888,rms=0.711531) vs oldopt=(dt=369.92,rms=0.711818)
#GCMRL#    7 dt 517.888000 rms  0.712  0.487% neg 0  invalid 762 tFOTS 4.2370 tGradient 2.7470 tsec 7.2960
#FOTS# QuadFit found better minimum quadopt=(dt=129.472,rms=0.708515) vs oldopt=(dt=92.48,rms=0.708868)
#GCMRL#    8 dt 129.472000 rms  0.709  0.424% neg 0  invalid 762 tFOTS 4.8020 tGradient 2.9330 tsec 8.0530
#FOTS# QuadFit found better minimum quadopt=(dt=517.888,rms=0.706288) vs oldopt=(dt=369.92,rms=0.706658)
#GCMRL#    9 dt 517.888000 rms  0.706  0.314% neg 0  invalid 762 tFOTS 4.4200 tGradient 2.9840 tsec 7.7290
#FOTS# QuadFit found better minimum quadopt=(dt=129.472,rms=0.70463) vs oldopt=(dt=92.48,rms=0.704875)
#GCMRL#   10 dt 129.472000 rms  0.705  0.000% neg 0  invalid 762 tFOTS 4.5110 tGradient 3.0590 tsec 7.9110
#GCMRL#   11 dt 129.472000 rms  0.704  0.073% neg 0  invalid 762 tFOTS 0.0000 tGradient 2.6710 tsec 2.9810
#GCMRL#   12 dt 129.472000 rms  0.703  0.139% neg 0  invalid 762 tFOTS 0.0000 tGradient 2.6470 tsec 2.9830
#GCMRL#   13 dt 129.472000 rms  0.702  0.209% neg 0  invalid 762 tFOTS 0.0000 tGradient 2.8640 tsec 3.1950
#GCMRL#   14 dt 129.472000 rms  0.700  0.243% neg 0  invalid 762 tFOTS 0.0000 tGradient 2.7240 tsec 3.0210
#GCMRL#   15 dt 129.472000 rms  0.698  0.248% neg 0  invalid 762 tFOTS 0.0000 tGradient 2.6390 tsec 2.9380
#GCMRL#   16 dt 129.472000 rms  0.696  0.257% neg 0  invalid 762 tFOTS 0.0000 tGradient 2.7290 tsec 3.0260
#GCMRL#   17 dt 129.472000 rms  0.695  0.249% neg 0  invalid 762 tFOTS 0.0000 tGradient 2.7950 tsec 3.0970
#GCMRL#   18 dt 129.472000 rms  0.693  0.249% neg 0  invalid 762 tFOTS 0.0000 tGradient 2.6570 tsec 2.9560
#GCMRL#   19 dt 129.472000 rms  0.691  0.226% neg 0  invalid 762 tFOTS 0.0000 tGradient 2.7210 tsec 3.0230
#GCMRL#   20 dt 129.472000 rms  0.690  0.196% neg 0  invalid 762 tFOTS 0.0000 tGradient 2.6780 tsec 2.9820
#GCMRL#   21 dt 129.472000 rms  0.689  0.176% neg 0  invalid 762 tFOTS 0.0000 tGradient 2.6190 tsec 2.9700
#GCMRL#   22 dt 129.472000 rms  0.688  0.142% neg 0  invalid 762 tFOTS 0.0000 tGradient 2.7070 tsec 3.0420
#GCMRL#   23 dt 129.472000 rms  0.687  0.151% neg 0  invalid 762 tFOTS 0.0000 tGradient 2.7410 tsec 3.0530
#GCMRL#   24 dt 129.472000 rms  0.686  0.132% neg 0  invalid 762 tFOTS 0.0000 tGradient 2.6210 tsec 2.9280
#GCMRL#   25 dt 129.472000 rms  0.685  0.108% neg 0  invalid 762 tFOTS 0.0000 tGradient 2.5860 tsec 2.8940
#GCMRL#   26 dt 129.472000 rms  0.685  0.096% neg 0  invalid 762 tFOTS 0.0000 tGradient 2.8070 tsec 3.1340
#FOTS# QuadFit found better minimum quadopt=(dt=129.472,rms=0.68448) vs oldopt=(dt=92.48,rms=0.684483)
#GCMRL#   27 dt 129.472000 rms  0.684  0.000% neg 0  invalid 762 tFOTS 4.8000 tGradient 2.6910 tsec 7.8560
#GCMRL#   28 dt 129.472000 rms  0.684  0.005% neg 0  invalid 762 tFOTS 0.0000 tGradient 2.7160 tsec 3.0370
#GCMRL#   29 dt 129.472000 rms  0.684  0.007% neg 0  invalid 762 tFOTS 0.0000 tGradient 2.5610 tsec 2.8630
#GCMRL#   30 dt 129.472000 rms  0.684  0.013% neg 0  invalid 762 tFOTS 0.0000 tGradient 2.8010 tsec 3.0990
#GCMRL#   31 dt 129.472000 rms  0.684  0.009% neg 0  invalid 762 tFOTS 0.0000 tGradient 2.9290 tsec 3.2820
#GCMRL#   32 dt 129.472000 rms  0.684  0.018% neg 0  invalid 762 tFOTS 0.0000 tGradient 2.7020 tsec 3.0350
#GCMRL#   33 dt 129.472000 rms  0.684  0.020% neg 0  invalid 762 tFOTS 0.0000 tGradient 2.8350 tsec 3.1330

#GCAMreg# pass 0 level1 5 level2 1 tsec 172.24 sigma 0.5
l_jacobian=1.00 l_label=1.00 l_log_likelihood=0.20 l_smoothness=0.16 
tol=2.50e-01, dt=5.00e-02, exp_k=20.0, momentum=0.90, levels=6, niter=500, lbl_dist=10.00, avgs=256, sigma=0.5,type=2, relabel=0, neg=no

blurring input image with Gaussian with sigma=0.500...
GCAMRegisterLevel(): init RMS 0.684496
#FOTS# QuadFit found better minimum quadopt=(dt=129.472,rms=0.683539) vs oldopt=(dt=92.48,rms=0.683605)
#GCMRL#   35 dt 129.472000 rms  0.684  0.140% neg 0  invalid 762 tFOTS 4.7870 tGradient 3.0220 tsec 8.1260
#FOTS# QuadFit found better minimum quadopt=(dt=295.936,rms=0.683376) vs oldopt=(dt=369.92,rms=0.683384)
#GCMRL#   36 dt 295.936000 rms  0.683  0.000% neg 0  invalid 762 tFOTS 4.7240 tGradient 2.9240 tsec 7.9850
#GCMRL#   37 dt 295.936000 rms  0.683  0.041% neg 0  invalid 762 tFOTS 0.0000 tGradient 2.9400 tsec 3.2440
#GCMRL#   38 dt 295.936000 rms  0.683  0.010% neg 0  invalid 762 tFOTS 0.0000 tGradient 2.8450 tsec 3.1480
setting smoothness cost coefficient to 0.615

#GCAMreg# pass 0 level1 4 level2 0 tsec 0 sigma 2
l_jacobian=1.00 l_label=1.00 l_log_likelihood=0.20 l_smoothness=0.62 
tol=2.50e-01, dt=5.00e-02, exp_k=20.0, momentum=0.90, levels=6, niter=500, lbl_dist=10.00, avgs=64, sigma=2.0,type=2, relabel=0, neg=no

blurring input image with Gaussian with sigma=2.000...
GCAMRegisterLevel(): init RMS 0.696271
#FOTS# QuadFit found better minimum quadopt=(dt=36.288,rms=0.694676) vs oldopt=(dt=25.92,rms=0.69484)
#GCMRL#   40 dt  36.288000 rms  0.695  0.229% neg 0  invalid 762 tFOTS 4.2780 tGradient 2.2330 tsec 6.8350
#FOTS# QuadFit found better minimum quadopt=(dt=73.4426,rms=0.693508) vs oldopt=(dt=103.68,rms=0.693662)
#GCMRL#   41 dt  73.442623 rms  0.694  0.000% neg 0  invalid 762 tFOTS 4.4010 tGradient 2.2290 tsec 6.9890
#GCMRL#   42 dt  73.442623 rms  0.691  0.354% neg 0  invalid 762 tFOTS 0.0000 tGradient 2.1580 tsec 2.4770
#GCMRL#   43 dt  73.442623 rms  0.688  0.495% neg 0  invalid 762 tFOTS 0.0000 tGradient 2.1420 tsec 2.4500
#GCMRL#   44 dt  73.442623 rms  0.684  0.533% neg 0  invalid 762 tFOTS 0.0000 tGradient 2.1350 tsec 2.4440
#GCMRL#   45 dt  73.442623 rms  0.680  0.583% neg 0  invalid 762 tFOTS 0.0000 tGradient 2.3050 tsec 2.6040
#GCMRL#   46 dt  73.442623 rms  0.676  0.644% neg 0  invalid 762 tFOTS 0.0000 tGradient 2.0990 tsec 2.4070
#GCMRL#   47 dt  73.442623 rms  0.671  0.636% neg 0  invalid 762 tFOTS 0.0000 tGradient 2.0430 tsec 2.3530
#GCMRL#   48 dt  73.442623 rms  0.668  0.553% neg 0  invalid 762 tFOTS 0.0000 tGradient 2.3090 tsec 2.6470
#GCMRL#   49 dt  73.442623 rms  0.665  0.329% neg 0  invalid 762 tFOTS 0.0000 tGradient 2.4130 tsec 2.7180
#GCMRL#   50 dt  73.442623 rms  0.665  0.088% neg 0  invalid 762 tFOTS 0.0000 tGradient 2.0860 tsec 2.4060
#GCMRL#   51 dt  73.442623 rms  0.665 -0.078% neg 0  invalid 762 tFOTS 0.0000 tGradient 2.0710 tsec 2.6060

#GCAMreg# pass 0 level1 4 level2 1 tsec 55.644 sigma 0.5
l_jacobian=1.00 l_label=1.00 l_log_likelihood=0.20 l_smoothness=0.62 
tol=2.50e-01, dt=5.00e-02, exp_k=20.0, momentum=0.90, levels=6, niter=500, lbl_dist=10.00, avgs=64, sigma=0.5,type=2, relabel=0, neg=no

blurring input image with Gaussian with sigma=0.500...
GCAMRegisterLevel(): init RMS 0.665407
#GCMRL#   53 dt   0.000000 rms  0.665  0.090% neg 0  invalid 762 tFOTS 4.3480 tGradient 2.0190 tsec 6.6950
setting smoothness cost coefficient to 2.353

#GCAMreg# pass 0 level1 3 level2 0 tsec 0 sigma 2
l_jacobian=1.00 l_label=1.00 l_log_likelihood=0.20 l_smoothness=2.35 
tol=2.50e-01, dt=5.00e-02, exp_k=20.0, momentum=0.90, levels=6, niter=500, lbl_dist=10.00, avgs=16, sigma=2.0,type=2, relabel=0, neg=no

blurring input image with Gaussian with sigma=2.000...
GCAMRegisterLevel(): init RMS 0.705363
#FOTS# QuadFit found better minimum quadopt=(dt=0.7,rms=0.704722) vs oldopt=(dt=0.5,rms=0.704734)
#GCMRL#   55 dt   0.700000 rms  0.705  0.091% neg 0  invalid 762 tFOTS 3.9600 tGradient 1.7920 tsec 6.0720
#FOTS# QuadFit found better minimum quadopt=(dt=0.175,rms=0.704722) vs oldopt=(dt=0.125,rms=0.704723)

#GCAMreg# pass 0 level1 3 level2 1 tsec 21.675 sigma 0.5
l_jacobian=1.00 l_label=1.00 l_log_likelihood=0.20 l_smoothness=2.35 
tol=2.50e-01, dt=5.00e-02, exp_k=20.0, momentum=0.90, levels=6, niter=500, lbl_dist=10.00, avgs=16, sigma=0.5,type=2, relabel=0, neg=no

blurring input image with Gaussian with sigma=0.500...
GCAMRegisterLevel(): init RMS 0.705284
#FOTS# QuadFit found better minimum quadopt=(dt=0.4,rms=0.704707) vs oldopt=(dt=0.5,rms=0.704708)
#GCMRL#   57 dt   0.400000 rms  0.705  0.082% neg 0  invalid 762 tFOTS 3.9240 tGradient 1.7890 tsec 6.0320
#FOTS# QuadFit found better minimum quadopt=(dt=0.04375,rms=0.704712) vs oldopt=(dt=0.03125,rms=0.704712)
setting smoothness cost coefficient to 8.000

#GCAMreg# pass 0 level1 2 level2 0 tsec 0 sigma 2
l_jacobian=1.00 l_label=1.00 l_log_likelihood=0.20 l_smoothness=8.00 
tol=2.50e-01, dt=5.00e-02, exp_k=20.0, momentum=0.90, levels=6, niter=500, lbl_dist=10.00, avgs=4, sigma=2.0,type=2, relabel=0, neg=no

blurring input image with Gaussian with sigma=2.000...
GCAMRegisterLevel(): init RMS 0.816212
#FOTS# QuadFit found better minimum quadopt=(dt=2.74883,rms=0.784752) vs oldopt=(dt=2.88,rms=0.784826)
#GCMRL#   59 dt   2.748833 rms  0.785  3.854% neg 0  invalid 762 tFOTS 3.8770 tGradient 1.6700 tsec 5.8630
#FOTS# QuadFit found better minimum quadopt=(dt=1.89818,rms=0.781024) vs oldopt=(dt=2.88,rms=0.782049)
#GCMRL#   60 dt   1.898182 rms  0.781  0.475% neg 0  invalid 762 tFOTS 3.8600 tGradient 1.6150 tsec 5.7930
#FOTS# QuadFit found better minimum quadopt=(dt=1.11765,rms=0.780448) vs oldopt=(dt=0.72,rms=0.780527)
#GCMRL#   61 dt   1.117647 rms  0.780  0.000% neg 0  invalid 762 tFOTS 3.9160 tGradient 1.5660 tsec 5.8550

#GCAMreg# pass 0 level1 2 level2 1 tsec 28.937 sigma 0.5
l_jacobian=1.00 l_label=1.00 l_log_likelihood=0.20 l_smoothness=8.00 
tol=2.50e-01, dt=5.00e-02, exp_k=20.0, momentum=0.90, levels=6, niter=500, lbl_dist=10.00, avgs=4, sigma=0.5,type=2, relabel=0, neg=no

blurring input image with Gaussian with sigma=0.500...
GCAMRegisterLevel(): init RMS 0.780915
#GCMRL#   63 dt   0.000000 rms  0.780  0.059% neg 0  invalid 762 tFOTS 3.8590 tGradient 1.6040 tsec 5.7840
setting smoothness cost coefficient to 20.000

#GCAMreg# pass 0 level1 1 level2 0 tsec 0 sigma 2
l_jacobian=1.00 l_label=1.00 l_log_likelihood=0.20 l_smoothness=20.00 
tol=2.50e-01, dt=5.00e-02, exp_k=20.0, momentum=0.90, levels=6, niter=500, lbl_dist=10.00, avgs=1, sigma=2.0,type=2, relabel=0, neg=no

blurring input image with Gaussian with sigma=2.000...
GCAMRegisterLevel(): init RMS 0.878624
#FOTS# QuadFit found better minimum quadopt=(dt=0.448,rms=0.875509) vs oldopt=(dt=0.32,rms=0.875917)
#GCMRL#   65 dt   0.448000 rms  0.876  0.355% neg 0  invalid 762 tFOTS 4.0700 tGradient 1.4260 tsec 5.8130
#FOTS# QuadFit found better minimum quadopt=(dt=0.903562,rms=0.867852) vs oldopt=(dt=1.28,rms=0.868898)
#GCMRL#   66 dt   0.903562 rms  0.868  0.875% neg 0  invalid 762 tFOTS 3.9930 tGradient 1.3680 tsec 5.7330
#FOTS# QuadFit found better minimum quadopt=(dt=0.205805,rms=0.865542) vs oldopt=(dt=0.32,rms=0.865899)
#GCMRL#   67 dt   0.205805 rms  0.866  0.266% neg 0  invalid 762 tFOTS 4.1160 tGradient 1.5330 tsec 5.9680
#GCMRL#   68 dt   0.320000 rms  0.865  0.000% neg 0  invalid 762 tFOTS 4.0770 tGradient 1.4010 tsec 5.8560
#GCMRL#   69 dt   0.320000 rms  0.862  0.287% neg 0  invalid 762 tFOTS 0.0000 tGradient 1.3870 tsec 1.6930
#GCMRL#   70 dt   0.320000 rms  0.859  0.346% neg 0  invalid 762 tFOTS 0.0000 tGradient 1.3310 tsec 1.6400
#GCMRL#   71 dt   0.320000 rms  0.856  0.307% neg 0  invalid 762 tFOTS 0.0000 tGradient 1.4520 tsec 1.7590
#GCMRL#   72 dt   0.320000 rms  0.854  0.271% neg 0  invalid 762 tFOTS 0.0000 tGradient 1.5020 tsec 1.8040
#GCMRL#   73 dt   0.320000 rms  0.852  0.225% neg 0  invalid 762 tFOTS 0.0000 tGradient 1.4720 tsec 1.7770
#GCMRL#   74 dt   0.320000 rms  0.852  0.077% neg 0  invalid 762 tFOTS 0.0000 tGradient 1.5200 tsec 1.8250
#GCMRL#   75 dt   0.320000 rms  0.852 -0.055% neg 0  invalid 762 tFOTS 0.0000 tGradient 1.4930 tsec 2.0330
#FOTS# QuadFit found better minimum quadopt=(dt=0.448,rms=0.850826) vs oldopt=(dt=0.32,rms=0.85094)
#GCMRL#   76 dt   0.448000 rms  0.851  0.084% neg 0  invalid 762 tFOTS 4.0240 tGradient 1.4680 tsec 5.8100
#FOTS# QuadFit found better minimum quadopt=(dt=0.448,rms=0.848999) vs oldopt=(dt=0.32,rms=0.849348)
#GCMRL#   77 dt   0.448000 rms  0.849  0.215% neg 0  invalid 762 tFOTS 4.0020 tGradient 1.4660 tsec 5.7790
#FOTS# QuadFit found better minimum quadopt=(dt=0.112,rms=0.848874) vs oldopt=(dt=0.08,rms=0.848884)

#GCAMreg# pass 0 level1 1 level2 1 tsec 62.733 sigma 0.5
l_jacobian=1.00 l_label=1.00 l_log_likelihood=0.20 l_smoothness=20.00 
tol=2.50e-01, dt=5.00e-02, exp_k=20.0, momentum=0.90, levels=6, niter=500, lbl_dist=10.00, avgs=1, sigma=0.5,type=2, relabel=0, neg=no

blurring input image with Gaussian with sigma=0.500...
GCAMRegisterLevel(): init RMS 0.849356
#GCMRL#   79 dt   0.320000 rms  0.849  0.098% neg 0  invalid 762 tFOTS 4.2630 tGradient 1.4080 tsec 5.9860
#FOTS# QuadFit found better minimum quadopt=(dt=0.448,rms=0.847836) vs oldopt=(dt=0.32,rms=0.847967)
#GCMRL#   80 dt   0.448000 rms  0.848  0.000% neg 0  invalid 762 tFOTS 4.0630 tGradient 1.3930 tsec 5.7930
resetting metric properties...
setting smoothness cost coefficient to 40.000

#GCAMreg# pass 0 level1 0 level2 0 tsec 0 sigma 2
l_jacobian=1.00 l_label=1.00 l_log_likelihood=0.20 l_smoothness=40.00 
tol=2.50e-01, dt=5.00e-02, exp_k=20.0, momentum=0.90, levels=6, niter=500, lbl_dist=10.00, avgs=0, sigma=2.0,type=2, relabel=0, neg=no

blurring input image with Gaussian with sigma=2.000...
GCAMRegisterLevel(): init RMS 0.777039
#FOTS# QuadFit found better minimum quadopt=(dt=0.256,rms=0.770913) vs oldopt=(dt=0.32,rms=0.771345)
#GCMRL#   82 dt   0.256000 rms  0.771  0.788% neg 0  invalid 762 tFOTS 4.1780 tGradient 0.9580 tsec 5.4590
#FOTS# QuadFit found better minimum quadopt=(dt=0.028,rms=0.770477) vs oldopt=(dt=0.02,rms=0.770507)
#GCMRL#   83 dt   0.028000 rms  0.770  0.000% neg 0  invalid 762 tFOTS 4.1950 tGradient 0.9660 tsec 5.5110

#GCAMreg# pass 0 level1 0 level2 1 tsec 21.993 sigma 0.5
l_jacobian=1.00 l_label=1.00 l_log_likelihood=0.20 l_smoothness=40.00 
tol=2.50e-01, dt=5.00e-02, exp_k=20.0, momentum=0.90, levels=6, niter=500, lbl_dist=10.00, avgs=0, sigma=0.5,type=2, relabel=0, neg=no

blurring input image with Gaussian with sigma=0.500...
GCAMRegisterLevel(): init RMS 0.771006
#FOTS# QuadFit found better minimum quadopt=(dt=0.007,rms=0.770436) vs oldopt=(dt=0.005,rms=0.770444)
#GCMRL#   85 dt   0.007000 rms  0.770  0.074% neg 0  invalid 762 tFOTS 4.2940 tGradient 0.9510 tsec 5.5760
#GCMRL#   86 dt   0.005000 rms  0.770  0.000% neg 0  invalid 762 tFOTS 4.2120 tGradient 0.9680 tsec 5.5350
GCAMregister done in 7.67858 min
Starting GCAmapRenormalizeWithAlignment() without scales
renormalizing by structure alignment....
renormalizing input #0
gca peak = 0.10253 (16)
mri peak = 0.17776 (12)
Left_Lateral_Ventricle (4): linear fit = 0.61 x + 0.0 (1250 voxels, overlap=0.350)
Left_Lateral_Ventricle (4): linear fit = 0.61 x + 0.0 (1250 voxels, peak = 10), gca=9.7
gca peak = 0.17690 (16)
mri peak = 0.06291 (12)
Right_Lateral_Ventricle (43): linear fit = 0.75 x + 0.0 (849 voxels, overlap=0.630)
Right_Lateral_Ventricle (43): linear fit = 0.75 x + 0.0 (849 voxels, peak = 12), gca=12.1
gca peak = 0.28275 (96)
mri peak = 0.10798 (101)
Right_Pallidum (52): linear fit = 1.04 x + 0.0 (1088 voxels, overlap=0.825)
Right_Pallidum (52): linear fit = 1.04 x + 0.0 (1088 voxels, peak = 100), gca=100.3
gca peak = 0.18948 (93)
mri peak = 0.12621 (101)
Left_Pallidum (13): linear fit = 1.04 x + 0.0 (891 voxels, overlap=0.966)
Left_Pallidum (13): linear fit = 1.04 x + 0.0 (891 voxels, peak = 97), gca=97.2
gca peak = 0.20755 (55)
mri peak = 0.08866 (59)
Right_Hippocampus (53): linear fit = 1.04 x + 0.0 (1014 voxels, overlap=0.904)
Right_Hippocampus (53): linear fit = 1.04 x + 0.0 (1014 voxels, peak = 57), gca=57.5
gca peak = 0.31831 (58)
mri peak = 0.09061 (63)
Left_Hippocampus (17): linear fit = 1.10 x + 0.0 (936 voxels, overlap=0.882)
Left_Hippocampus (17): linear fit = 1.10 x + 0.0 (936 voxels, peak = 64), gca=63.5
gca peak = 0.11957 (102)
mri peak = 0.15283 (103)
Right_Cerebral_White_Matter (41): linear fit = 1.03 x + 0.0 (63796 voxels, overlap=0.711)
Right_Cerebral_White_Matter (41): linear fit = 1.03 x + 0.0 (63796 voxels, peak = 106), gca=105.6
gca peak = 0.11429 (102)
mri peak = 0.13950 (104)
Left_Cerebral_White_Matter (2): linear fit = 1.04 x + 0.0 (66460 voxels, overlap=0.597)
Left_Cerebral_White_Matter (2): linear fit = 1.04 x + 0.0 (66460 voxels, peak = 107), gca=106.6
gca peak = 0.14521 (59)
mri peak = 0.04159 (58)
Left_Cerebral_Cortex (3): linear fit = 0.96 x + 0.0 (18521 voxels, overlap=0.981)
Left_Cerebral_Cortex (3): linear fit = 0.96 x + 0.0 (18521 voxels, peak = 57), gca=56.9
gca peak = 0.14336 (58)
mri peak = 0.04059 (56)
Right_Cerebral_Cortex (42): linear fit = 1.02 x + 0.0 (21037 voxels, overlap=0.975)
Right_Cerebral_Cortex (42): linear fit = 1.02 x + 0.0 (21037 voxels, peak = 59), gca=59.4
gca peak = 0.13305 (70)
mri peak = 0.07979 (72)
Right_Caudate (50): linear fit = 1.03 x + 0.0 (452 voxels, overlap=0.978)
Right_Caudate (50): linear fit = 1.03 x + 0.0 (452 voxels, peak = 72), gca=72.4
gca peak = 0.15761 (71)
mri peak = 0.09770 (72)
Left_Caudate (11): linear fit = 1.00 x + 0.0 (1070 voxels, overlap=0.852)
Left_Caudate (11): linear fit = 1.00 x + 0.0 (1070 voxels, peak = 71), gca=71.0
gca peak = 0.13537 (57)
mri peak = 0.04461 (55)
Left_Cerebellum_Cortex (8): linear fit = 1.02 x + 0.0 (31138 voxels, overlap=0.770)
Left_Cerebellum_Cortex (8): linear fit = 1.02 x + 0.0 (31138 voxels, peak = 58), gca=58.4
gca peak = 0.13487 (56)
mri peak = 0.04493 (59)
Right_Cerebellum_Cortex (47): linear fit = 1.04 x + 0.0 (30876 voxels, overlap=0.940)
Right_Cerebellum_Cortex (47): linear fit = 1.04 x + 0.0 (30876 voxels, peak = 59), gca=58.5
gca peak = 0.19040 (84)
mri peak = 0.06158 (86)
Left_Cerebellum_White_Matter (7): linear fit = 1.05 x + 0.0 (9943 voxels, overlap=0.828)
Left_Cerebellum_White_Matter (7): linear fit = 1.05 x + 0.0 (9943 voxels, peak = 89), gca=88.6
gca peak = 0.18871 (83)
mri peak = 0.08947 (86)
Right_Cerebellum_White_Matter (46): linear fit = 1.05 x + 0.0 (8351 voxels, overlap=0.827)
Right_Cerebellum_White_Matter (46): linear fit = 1.05 x + 0.0 (8351 voxels, peak = 88), gca=87.6
gca peak = 0.24248 (57)
mri peak = 0.08342 (68)
Left_Amygdala (18): linear fit = 1.10 x + 0.0 (471 voxels, overlap=0.864)
Left_Amygdala (18): linear fit = 1.10 x + 0.0 (471 voxels, peak = 62), gca=62.4
gca peak = 0.35833 (56)
mri peak = 0.07128 (62)
Right_Amygdala (54): linear fit = 1.12 x + 0.0 (467 voxels, overlap=0.526)
Right_Amygdala (54): linear fit = 1.12 x + 0.0 (467 voxels, peak = 62), gca=62.4
gca peak = 0.12897 (85)
mri peak = 0.06200 (92)
Left_Thalamus (10): linear fit = 1.07 x + 0.0 (6007 voxels, overlap=0.862)
Left_Thalamus (10): linear fit = 1.07 x + 0.0 (6007 voxels, peak = 91), gca=90.5
gca peak = 0.13127 (83)
mri peak = 0.06397 (90)
Right_Thalamus (49): linear fit = 1.08 x + 0.0 (4579 voxels, overlap=0.816)
Right_Thalamus (49): linear fit = 1.08 x + 0.0 (4579 voxels, peak = 89), gca=89.2
gca peak = 0.12974 (78)
mri peak = 0.07085 (81)
Left_Putamen (12): linear fit = 1.07 x + 0.0 (2576 voxels, overlap=0.797)
Left_Putamen (12): linear fit = 1.07 x + 0.0 (2576 voxels, peak = 83), gca=83.1
gca peak = 0.17796 (79)
mri peak = 0.08253 (84)
Right_Putamen (51): linear fit = 1.04 x + 0.0 (2403 voxels, overlap=0.880)
Right_Putamen (51): linear fit = 1.04 x + 0.0 (2403 voxels, peak = 83), gca=82.6
gca peak = 0.10999 (80)
mri peak = 0.07679 (90)
Brain_Stem (16): linear fit = 1.15 x + 0.0 (12274 voxels, overlap=0.336)
Brain_Stem (16): linear fit = 1.15 x + 0.0 (12274 voxels, peak = 92), gca=92.4
gca peak = 0.13215 (88)
mri peak = 0.11432 (98)
Right_VentralDC (60): linear fit = 1.16 x + 0.0 (1003 voxels, overlap=0.156)
Right_VentralDC (60): linear fit = 1.16 x + 0.0 (1003 voxels, peak = 103), gca=102.5
gca peak = 0.11941 (89)
mri peak = 0.09353 (98)
Left_VentralDC (28): linear fit = 1.14 x + 0.0 (1197 voxels, overlap=0.198)
Left_VentralDC (28): linear fit = 1.14 x + 0.0 (1197 voxels, peak = 102), gca=101.9
gca peak = 0.20775 (25)
uniform distribution in MR - rejecting arbitrary fit
gca peak = 0.13297 (21)
mri peak = 0.18805 (18)
Fourth_Ventricle (15): linear fit = 0.82 x + 0.0 (405 voxels, overlap=0.685)
Fourth_Ventricle (15): linear fit = 0.82 x + 0.0 (405 voxels, peak = 17), gca=17.3
gca peak Unknown = 0.94777 ( 0)
gca peak Left_Inf_Lat_Vent = 0.19087 (28)
gca peak Third_Ventricle = 0.20775 (25)
gca peak CSF = 0.16821 (33)
gca peak Left_Accumbens_area = 0.32850 (63)
gca peak Left_undetermined = 0.98480 (28)
gca peak Left_vessel = 0.40887 (53)
gca peak Left_choroid_plexus = 0.10898 (46)
gca peak Right_Inf_Lat_Vent = 0.17798 (26)
gca peak Right_Accumbens_area = 0.30137 (64)
gca peak Right_vessel = 0.47828 (52)
gca peak Right_choroid_plexus = 0.11612 (45)
gca peak Fifth_Ventricle = 0.59466 (35)
gca peak WM_hypointensities = 0.10053 (78)
gca peak non_WM_hypointensities = 0.07253 (60)
gca peak Optic_Chiasm = 0.25330 (73)
not using caudate to estimate GM means
estimating mean gm scale to be 1.06 x + 0.0
estimating mean wm scale to be 1.04 x + 0.0
estimating mean csf scale to be 0.73 x + 0.0
saving intensity scales to talairach.label_intensities.txt
GCAmapRenormalizeWithAlignment() took 3.4608 min
noneg pre
Starting GCAMregister()
label assignment complete, 0 changed (0.00%)
npasses = 1, nlevels = 6
#pass# 1 of 1 ************************
enabling zero nodes
setting smoothness cost coefficient to 0.008

#GCAMreg# pass 0 level1 5 level2 0 tsec 0 sigma 2
l_jacobian=1.00 l_label=1.00 l_log_likelihood=0.20 l_smoothness=0.01 
tol=5.00e-02, dt=5.00e-02, exp_k=20.0, momentum=0.90, levels=6, niter=500, lbl_dist=10.00, avgs=256, sigma=2.0,type=2, relabel=0, neg=no

blurring input image with Gaussian with sigma=2.000...
GCAMRegisterLevel(): init RMS 0.796731
#FOTS# QuadFit found better minimum quadopt=(dt=212.204,rms=0.753891) vs oldopt=(dt=92.48,rms=0.767709)
#GCMRL#   88 dt 212.203666 rms  0.754  5.377% neg 0  invalid 762 tFOTS 4.4500 tGradient 2.6300 tsec 7.4020
#FOTS# QuadFit found better minimum quadopt=(dt=283.104,rms=0.740109) vs oldopt=(dt=369.92,rms=0.741326)
#GCMRL#   89 dt 283.103825 rms  0.740  1.828% neg 0  invalid 762 tFOTS 4.7720 tGradient 2.7330 tsec 7.8330
#FOTS# QuadFit found better minimum quadopt=(dt=144,rms=0.733684) vs oldopt=(dt=92.48,rms=0.734764)
#GCMRL#   90 dt 144.000000 rms  0.734  0.868% neg 0  invalid 762 tFOTS 4.6900 tGradient 2.6760 tsec 7.7510
#FOTS# QuadFit found better minimum quadopt=(dt=443.904,rms=0.727588) vs oldopt=(dt=369.92,rms=0.727744)
#GCMRL#   91 dt 443.904000 rms  0.728  0.831% neg 0  invalid 762 tFOTS 4.4230 tGradient 2.4630 tsec 7.2200
#FOTS# QuadFit found better minimum quadopt=(dt=129.472,rms=0.723505) vs oldopt=(dt=92.48,rms=0.723784)
#GCMRL#   92 dt 129.472000 rms  0.724  0.561% neg 0  invalid 762 tFOTS 4.8080 tGradient 2.4740 tsec 7.6650
#FOTS# QuadFit found better minimum quadopt=(dt=443.904,rms=0.720465) vs oldopt=(dt=369.92,rms=0.720536)
#GCMRL#   93 dt 443.904000 rms  0.720  0.420% neg 0  invalid 762 tFOTS 4.5370 tGradient 2.8140 tsec 7.6840
#FOTS# QuadFit found better minimum quadopt=(dt=129.472,rms=0.717855) vs oldopt=(dt=92.48,rms=0.718056)
#GCMRL#   94 dt 129.472000 rms  0.718  0.362% neg 0  invalid 762 tFOTS 4.7010 tGradient 2.4430 tsec 7.4800
#GCMRL#   95 dt 369.920000 rms  0.716  0.243% neg 0  invalid 762 tFOTS 4.5320 tGradient 2.8920 tsec 7.7510
#FOTS# QuadFit found better minimum quadopt=(dt=129.472,rms=0.714395) vs oldopt=(dt=92.48,rms=0.714567)
#GCMRL#   96 dt 129.472000 rms  0.714  0.239% neg 0  invalid 762 tFOTS 4.4050 tGradient 2.6040 tsec 7.3330
#FOTS# QuadFit found better minimum quadopt=(dt=443.904,rms=0.712862) vs oldopt=(dt=369.92,rms=0.712913)
#GCMRL#   97 dt 443.904000 rms  0.713  0.215% neg 0  invalid 762 tFOTS 4.5180 tGradient 2.3800 tsec 7.2760
#FOTS# QuadFit found better minimum quadopt=(dt=129.472,rms=0.711316) vs oldopt=(dt=92.48,rms=0.711452)
#GCMRL#   98 dt 129.472000 rms  0.711  0.217% neg 0  invalid 762 tFOTS 4.4810 tGradient 2.7410 tsec 7.5350
#GCMRL#   99 dt 369.920000 rms  0.710  0.166% neg 0  invalid 762 tFOTS 4.6510 tGradient 2.4180 tsec 7.4070
#FOTS# QuadFit found better minimum quadopt=(dt=129.472,rms=0.709073) vs oldopt=(dt=92.48,rms=0.709189)
#GCMRL#  100 dt 129.472000 rms  0.709  0.149% neg 0  invalid 762 tFOTS 4.0640 tGradient 2.8760 tsec 7.2640
#FOTS# QuadFit found better minimum quadopt=(dt=443.904,rms=0.708008) vs oldopt=(dt=369.92,rms=0.70803)
#GCMRL#  101 dt 443.904000 rms  0.708  0.150% neg 0  invalid 762 tFOTS 4.4730 tGradient 2.7130 tsec 7.5150
#FOTS# QuadFit found better minimum quadopt=(dt=129.472,rms=0.706883) vs oldopt=(dt=92.48,rms=0.706943)
#GCMRL#  102 dt 129.472000 rms  0.707  0.159% neg 0  invalid 762 tFOTS 4.5310 tGradient 2.6930 tsec 7.6390
#GCMRL#  103 dt 369.920000 rms  0.706  0.125% neg 0  invalid 762 tFOTS 4.5840 tGradient 2.4390 tsec 7.3690
#FOTS# QuadFit found better minimum quadopt=(dt=129.472,rms=0.705159) vs oldopt=(dt=92.48,rms=0.705225)
#GCMRL#  104 dt 129.472000 rms  0.705  0.119% neg 0  invalid 762 tFOTS 4.8300 tGradient 2.4540 tsec 7.6160
#GCMRL#  105 dt 369.920000 rms  0.704  0.118% neg 0  invalid 762 tFOTS 5.1680 tGradient 2.7300 tsec 8.2620
#FOTS# QuadFit found better minimum quadopt=(dt=129.472,rms=0.703623) vs oldopt=(dt=92.48,rms=0.703687)
#GCMRL#  106 dt 129.472000 rms  0.704  0.100% neg 0  invalid 762 tFOTS 4.7340 tGradient 2.5140 tsec 7.6310
#GCMRL#  107 dt 369.920000 rms  0.703  0.110% neg 0  invalid 762 tFOTS 5.1830 tGradient 2.4060 tsec 7.9320
#FOTS# QuadFit found better minimum quadopt=(dt=129.472,rms=0.702199) vs oldopt=(dt=92.48,rms=0.702263)
#GCMRL#  108 dt 129.472000 rms  0.702  0.093% neg 0  invalid 762 tFOTS 4.3980 tGradient 2.4250 tsec 7.1550
#FOTS# QuadFit found better minimum quadopt=(dt=443.904,rms=0.701437) vs oldopt=(dt=369.92,rms=0.701461)
#GCMRL#  109 dt 443.904000 rms  0.701  0.108% neg 0  invalid 762 tFOTS 4.5480 tGradient 2.3640 tsec 7.2400
#FOTS# QuadFit found better minimum quadopt=(dt=129.472,rms=0.700742) vs oldopt=(dt=92.48,rms=0.700791)
#GCMRL#  110 dt 129.472000 rms  0.701  0.099% neg 0  invalid 762 tFOTS 4.5490 tGradient 2.4980 tsec 7.4190
#FOTS# QuadFit found better minimum quadopt=(dt=295.936,rms=0.70025) vs oldopt=(dt=369.92,rms=0.700264)
#GCMRL#  111 dt 295.936000 rms  0.700  0.070% neg 0  invalid 762 tFOTS 4.7940 tGradient 2.7920 tsec 7.9690
#FOTS# QuadFit found better minimum quadopt=(dt=129.472,rms=0.699741) vs oldopt=(dt=92.48,rms=0.699813)
#GCMRL#  112 dt 129.472000 rms  0.700  0.073% neg 0  invalid 762 tFOTS 4.5870 tGradient 2.5250 tsec 7.4390
#FOTS# QuadFit found better minimum quadopt=(dt=517.888,rms=0.699042) vs oldopt=(dt=369.92,rms=0.69911)
#GCMRL#  113 dt 517.888000 rms  0.699  0.100% neg 0  invalid 762 tFOTS 4.7580 tGradient 2.5340 tsec 7.6180
#FOTS# QuadFit found better minimum quadopt=(dt=129.472,rms=0.69838) vs oldopt=(dt=92.48,rms=0.698424)
#GCMRL#  114 dt 129.472000 rms  0.698  0.095% neg 0  invalid 762 tFOTS 4.4770 tGradient 2.5740 tsec 7.4030
#FOTS# QuadFit found better minimum quadopt=(dt=295.936,rms=0.698024) vs oldopt=(dt=369.92,rms=0.69807)
#GCMRL#  115 dt 295.936000 rms  0.698  0.051% neg 0  invalid 762 tFOTS 4.9140 tGradient 2.6330 tsec 7.9280
#FOTS# QuadFit found better minimum quadopt=(dt=129.472,rms=0.697577) vs oldopt=(dt=92.48,rms=0.697633)
#GCMRL#  116 dt 129.472000 rms  0.698  0.064% neg 0  invalid 762 tFOTS 4.3910 tGradient 2.5620 tsec 7.2800
#FOTS# QuadFit found better minimum quadopt=(dt=443.904,rms=0.697124) vs oldopt=(dt=369.92,rms=0.697129)
#GCMRL#  117 dt 443.904000 rms  0.697  0.065% neg 0  invalid 762 tFOTS 4.5840 tGradient 2.5420 tsec 7.4530
#FOTS# QuadFit found better minimum quadopt=(dt=129.472,rms=0.69659) vs oldopt=(dt=92.48,rms=0.696633)
#GCMRL#  118 dt 129.472000 rms  0.697  0.077% neg 0  invalid 762 tFOTS 4.4910 tGradient 2.7510 tsec 7.5780
#FOTS# QuadFit found better minimum quadopt=(dt=295.936,rms=0.696275) vs oldopt=(dt=369.92,rms=0.696307)
#GCMRL#  119 dt 295.936000 rms  0.696  0.000% neg 0  invalid 762 tFOTS 4.7040 tGradient 2.5160 tsec 7.5800
#GCMRL#  120 dt 295.936000 rms  0.696  0.010% neg 0  invalid 762 tFOTS 0.0000 tGradient 2.6970 tsec 3.0220
#GCMRL#  121 dt 295.936000 rms  0.695  0.145% neg 0  invalid 762 tFOTS 0.0000 tGradient 2.6230 tsec 3.0120
#GCMRL#  122 dt 295.936000 rms  0.694  0.214% neg 0  invalid 762 tFOTS 0.0000 tGradient 2.5990 tsec 2.9320
#GCMRL#  123 dt 295.936000 rms  0.693  0.144% neg 0  invalid 762 tFOTS 0.0000 tGradient 2.6870 tsec 3.0190
#GCMRL#  124 dt 295.936000 rms  0.692  0.170% neg 0  invalid 762 tFOTS 0.0000 tGradient 2.8090 tsec 3.1410
#GCMRL#  125 dt 295.936000 rms  0.690  0.284% neg 0  invalid 762 tFOTS 0.0000 tGradient 2.8700 tsec 3.1990
#GCMRL#  126 dt 295.936000 rms  0.688  0.194% neg 0  invalid 762 tFOTS 0.0000 tGradient 2.8190 tsec 3.1500
#GCMRL#  127 dt 295.936000 rms  0.687  0.161% neg 0  invalid 762 tFOTS 0.0000 tGradient 2.7400 tsec 3.0730
#GCMRL#  128 dt 295.936000 rms  0.685  0.249% neg 0  invalid 762 tFOTS 0.0000 tGradient 2.6010 tsec 2.9330
#GCMRL#  129 dt 295.936000 rms  0.684  0.189% neg 0  invalid 762 tFOTS 0.0000 tGradient 2.7100 tsec 3.0460
#GCMRL#  130 dt 295.936000 rms  0.683  0.162% neg 0  invalid 762 tFOTS 0.0000 tGradient 2.7440 tsec 3.0780
#GCMRL#  131 dt 295.936000 rms  0.682  0.187% neg 0  invalid 762 tFOTS 0.0000 tGradient 2.5630 tsec 2.8960
#GCMRL#  132 dt 295.936000 rms  0.681  0.150% neg 0  invalid 762 tFOTS 0.0000 tGradient 2.8850 tsec 3.2190
#GCMRL#  133 dt 295.936000 rms  0.680  0.167% neg 0  invalid 762 tFOTS 0.0000 tGradient 3.1080 tsec 3.4940
#GCMRL#  134 dt 295.936000 rms  0.679  0.149% neg 0  invalid 762 tFOTS 0.0000 tGradient 3.2100 tsec 3.5970
#GCMRL#  135 dt 295.936000 rms  0.678  0.105% neg 0  invalid 762 tFOTS 0.0000 tGradient 2.6140 tsec 2.9690
#GCMRL#  136 dt 295.936000 rms  0.677  0.175% neg 0  invalid 762 tFOTS 0.0000 tGradient 2.9860 tsec 3.3930
#GCMRL#  137 dt 295.936000 rms  0.676  0.117% neg 0  invalid 762 tFOTS 0.0000 tGradient 2.9690 tsec 3.3040
#GCMRL#  138 dt 295.936000 rms  0.675  0.084% neg 0  invalid 762 tFOTS 0.0000 tGradient 2.7210 tsec 3.0930
#GCMRL#  139 dt 295.936000 rms  0.674  0.145% neg 0  invalid 762 tFOTS 0.0000 tGradient 2.8130 tsec 3.1440
#GCMRL#  140 dt 295.936000 rms  0.674  0.096% neg 0  invalid 762 tFOTS 0.0000 tGradient 2.9010 tsec 3.2320
#GCMRL#  141 dt 295.936000 rms  0.673  0.118% neg 0  invalid 762 tFOTS 0.0000 tGradient 2.8090 tsec 3.1440
#GCMRL#  142 dt 295.936000 rms  0.672  0.138% neg 0  invalid 762 tFOTS 0.0000 tGradient 2.9830 tsec 3.3140
#GCMRL#  143 dt 295.936000 rms  0.671  0.072% neg 0  invalid 762 tFOTS 0.0000 tGradient 3.2840 tsec 3.6800
#GCMRL#  144 dt 295.936000 rms  0.670  0.148% neg 0  invalid 762 tFOTS 0.0000 tGradient 2.7820 tsec 3.1200
#GCMRL#  145 dt 295.936000 rms  0.670  0.119% neg 0  invalid 762 tFOTS 0.0000 tGradient 2.7660 tsec 3.1060
#GCMRL#  146 dt 295.936000 rms  0.669  0.062% neg 0  invalid 762 tFOTS 0.0000 tGradient 2.7270 tsec 3.0600
#GCMRL#  147 dt 295.936000 rms  0.668  0.134% neg 0  invalid 762 tFOTS 0.0000 tGradient 3.0850 tsec 3.4940
#GCMRL#  148 dt 295.936000 rms  0.668  0.098% neg 0  invalid 762 tFOTS 0.0000 tGradient 2.8020 tsec 3.1800
#GCMRL#  149 dt 295.936000 rms  0.667  0.104% neg 0  invalid 762 tFOTS 0.0000 tGradient 2.8950 tsec 3.2080
#GCMRL#  150 dt 295.936000 rms  0.666  0.099% neg 0  invalid 762 tFOTS 0.0000 tGradient 2.7110 tsec 3.0380
#GCMRL#  151 dt 295.936000 rms  0.666  0.058% neg 0  invalid 762 tFOTS 0.0000 tGradient 2.6280 tsec 2.9560
#GCMRL#  152 dt 295.936000 rms  0.665  0.089% neg 0  invalid 762 tFOTS 0.0000 tGradient 2.7190 tsec 3.0500
#GCMRL#  153 dt 295.936000 rms  0.665  0.089% neg 0  invalid 762 tFOTS 0.0000 tGradient 2.7450 tsec 3.0620
#GCMRL#  154 dt 295.936000 rms  0.664  0.067% neg 0  invalid 762 tFOTS 0.0000 tGradient 2.7600 tsec 3.0660
#GCMRL#  155 dt 295.936000 rms  0.664  0.106% neg 0  invalid 762 tFOTS 0.0000 tGradient 2.4860 tsec 2.8170
#GCMRL#  156 dt 295.936000 rms  0.663  0.062% neg 0  invalid 762 tFOTS 0.0000 tGradient 2.8950 tsec 3.2590
#GCMRL#  157 dt 295.936000 rms  0.663  0.045% neg 0  invalid 762 tFOTS 0.0000 tGradient 2.7190 tsec 3.0400
#GCMRL#  158 dt 295.936000 rms  0.662  0.082% neg 0  invalid 762 tFOTS 0.0000 tGradient 2.6950 tsec 3.0250
#GCMRL#  159 dt 295.936000 rms  0.662  0.066% neg 0  invalid 762 tFOTS 0.0000 tGradient 2.8640 tsec 3.2290
#GCMRL#  160 dt 295.936000 rms  0.661  0.072% neg 0  invalid 762 tFOTS 0.0000 tGradient 2.9510 tsec 3.3720
#GCMRL#  161 dt 295.936000 rms  0.661  0.048% neg 0  invalid 762 tFOTS 0.0000 tGradient 3.0270 tsec 3.4390
#GCMRL#  162 dt 295.936000 rms  0.661  0.043% neg 0  invalid 762 tFOTS 0.0000 tGradient 2.8890 tsec 3.2580
#GCMRL#  163 dt 295.936000 rms  0.660  0.069% neg 0  invalid 762 tFOTS 0.0000 tGradient 2.7350 tsec 3.1050
#GCMRL#  164 dt 295.936000 rms  0.660  0.050% neg 0  invalid 762 tFOTS 0.0000 tGradient 2.8070 tsec 3.1790
#GCMRL#  165 dt 295.936000 rms  0.660  0.061% neg 0  invalid 762 tFOTS 0.0000 tGradient 2.7320 tsec 3.1070
#GCMRL#  166 dt 295.936000 rms  0.659  0.038% neg 0  invalid 762 tFOTS 0.0000 tGradient 2.7690 tsec 3.1470
#GCMRL#  167 dt 295.936000 rms  0.659  0.032% neg 0  invalid 762 tFOTS 0.0000 tGradient 2.7900 tsec 3.1590
#GCMRL#  168 dt 295.936000 rms  0.659  0.052% neg 0  invalid 762 tFOTS 0.0000 tGradient 2.7680 tsec 3.1400
#GCMRL#  169 dt 295.936000 rms  0.659  0.040% neg 0  invalid 762 tFOTS 0.0000 tGradient 3.3140 tsec 3.6920
#GCMRL#  170 dt 295.936000 rms  0.658  0.027% neg 0  invalid 762 tFOTS 0.0000 tGradient 3.0510 tsec 3.4210
#GCMRL#  171 dt 295.936000 rms  0.658  0.045% neg 0  invalid 762 tFOTS 0.0000 tGradient 2.8550 tsec 3.2220
#GCMRL#  172 dt 295.936000 rms  0.658  0.038% neg 0  invalid 762 tFOTS 0.0000 tGradient 3.2450 tsec 3.6160
#GCMRL#  173 dt 295.936000 rms  0.658  0.024% neg 0  invalid 762 tFOTS 0.0000 tGradient 3.0160 tsec 3.3800
#GCMRL#  174 dt 295.936000 rms  0.657  0.032% neg 0  invalid 762 tFOTS 0.0000 tGradient 3.0620 tsec 3.4660
#GCMRL#  175 dt 295.936000 rms  0.657  0.037% neg 0  invalid 762 tFOTS 0.0000 tGradient 2.9860 tsec 3.3570
#GCMRL#  176 dt 295.936000 rms  0.657  0.036% neg 0  invalid 762 tFOTS 0.0000 tGradient 3.0940 tsec 3.5120
#GCMRL#  177 dt 295.936000 rms  0.657  0.026% neg 0  invalid 762 tFOTS 0.0000 tGradient 3.0210 tsec 3.3570
#GCMRL#  178 dt 295.936000 rms  0.657  0.021% neg 0  invalid 762 tFOTS 0.0000 tGradient 2.6810 tsec 2.9970
#GCMRL#  179 dt 295.936000 rms  0.656  0.040% neg 0  invalid 762 tFOTS 0.0000 tGradient 2.7320 tsec 3.0950
#GCMRL#  180 dt 295.936000 rms  0.656  0.020% neg 0  invalid 762 tFOTS 0.0000 tGradient 2.8090 tsec 3.1830
#GCMRL#  181 dt 295.936000 rms  0.656  0.024% neg 0  invalid 762 tFOTS 0.0000 tGradient 2.7820 tsec 3.1560
#GCMRL#  182 dt 295.936000 rms  0.656  0.031% neg 0  invalid 762 tFOTS 0.0000 tGradient 2.9090 tsec 3.2820
#GCMRL#  183 dt 295.936000 rms  0.656  0.023% neg 0  invalid 762 tFOTS 0.0000 tGradient 2.7710 tsec 3.1520
#GCMRL#  184 dt 295.936000 rms  0.656  0.018% neg 0  invalid 762 tFOTS 0.0000 tGradient 3.1200 tsec 3.5630
#FOTS# QuadFit found better minimum quadopt=(dt=129.472,rms=0.655615) vs oldopt=(dt=92.48,rms=0.655623)
#GCMRL#  185 dt 129.472000 rms  0.656  0.000% neg 0  invalid 762 tFOTS 5.5780 tGradient 3.2620 tsec 9.2710
#GCMRL#  186 dt 129.472000 rms  0.656  0.001% neg 0  invalid 762 tFOTS 0.0000 tGradient 2.8140 tsec 3.1760
#GCMRL#  187 dt 129.472000 rms  0.656  0.001% neg 0  invalid 762 tFOTS 0.0000 tGradient 2.8460 tsec 3.1930
#GCMRL#  188 dt 129.472000 rms  0.656  0.001% neg 0  invalid 762 tFOTS 0.0000 tGradient 2.9580 tsec 3.3020
#GCMRL#  189 dt 129.472000 rms  0.656  0.006% neg 0  invalid 762 tFOTS 0.0000 tGradient 2.6990 tsec 3.0610
#GCMRL#  190 dt 129.472000 rms  0.656  0.006% neg 0  invalid 762 tFOTS 0.0000 tGradient 2.6330 tsec 2.9840

#GCAMreg# pass 0 level1 5 level2 1 tsec 487.25 sigma 0.5
l_jacobian=1.00 l_label=1.00 l_log_likelihood=0.20 l_smoothness=0.01 
tol=5.00e-02, dt=5.00e-02, exp_k=20.0, momentum=0.90, levels=6, niter=500, lbl_dist=10.00, avgs=256, sigma=0.5,type=2, relabel=0, neg=no

blurring input image with Gaussian with sigma=0.500...
GCAMRegisterLevel(): init RMS 0.65613
#FOTS# QuadFit found better minimum quadopt=(dt=295.936,rms=0.654688) vs oldopt=(dt=369.92,rms=0.654758)
#GCMRL#  192 dt 295.936000 rms  0.655  0.220% neg 0  invalid 762 tFOTS 5.0620 tGradient 2.9020 tsec 8.3710
#FOTS# QuadFit found better minimum quadopt=(dt=129.472,rms=0.654397) vs oldopt=(dt=92.48,rms=0.654435)
#GCMRL#  193 dt 129.472000 rms  0.654  0.000% neg 0  invalid 762 tFOTS 4.9040 tGradient 2.7260 tsec 8.0080
#GCMRL#  194 dt 129.472000 rms  0.654  0.024% neg 0  invalid 762 tFOTS 0.0000 tGradient 2.9700 tsec 3.2940
#GCMRL#  195 dt 129.472000 rms  0.654  0.035% neg 0  invalid 762 tFOTS 0.0000 tGradient 2.8080 tsec 3.1420
#GCMRL#  196 dt 129.472000 rms  0.654  0.035% neg 0  invalid 762 tFOTS 0.0000 tGradient 3.2120 tsec 3.5600
#GCMRL#  197 dt 129.472000 rms  0.654  0.030% neg 0  invalid 762 tFOTS 0.0000 tGradient 3.1450 tsec 3.5030
#GCMRL#  198 dt 129.472000 rms  0.653  0.032% neg 0  invalid 762 tFOTS 0.0000 tGradient 3.2480 tsec 3.6280
#GCMRL#  199 dt 129.472000 rms  0.653  0.036% neg 0  invalid 762 tFOTS 0.0000 tGradient 2.7670 tsec 3.1140
#GCMRL#  200 dt 129.472000 rms  0.653  0.035% neg 0  invalid 762 tFOTS 0.0000 tGradient 2.8710 tsec 3.2520
#GCMRL#  201 dt 129.472000 rms  0.653  0.032% neg 0  invalid 762 tFOTS 0.0000 tGradient 3.2030 tsec 3.5480
#GCMRL#  202 dt 129.472000 rms  0.652  0.032% neg 0  invalid 762 tFOTS 0.0000 tGradient 2.7830 tsec 3.1280
#GCMRL#  203 dt 129.472000 rms  0.652  0.024% neg 0  invalid 762 tFOTS 0.0000 tGradient 3.2820 tsec 3.6700
#GCMRL#  204 dt 129.472000 rms  0.652  0.026% neg 0  invalid 762 tFOTS 0.0000 tGradient 2.8110 tsec 3.1600
#GCMRL#  205 dt 129.472000 rms  0.652  0.020% neg 0  invalid 762 tFOTS 0.0000 tGradient 2.9440 tsec 3.2820
#GCMRL#  206 dt 129.472000 rms  0.652  0.019% neg 0  invalid 762 tFOTS 0.0000 tGradient 2.7330 tsec 3.1000
#FOTS# QuadFit found better minimum quadopt=(dt=517.888,rms=0.651853) vs oldopt=(dt=369.92,rms=0.651859)
#GCMRL#  207 dt 517.888000 rms  0.652  0.000% neg 0  invalid 762 tFOTS 5.2430 tGradient 2.5750 tsec 8.1940
setting smoothness cost coefficient to 0.031

#GCAMreg# pass 0 level1 4 level2 0 tsec 0 sigma 2
l_jacobian=1.00 l_label=1.00 l_log_likelihood=0.20 l_smoothness=0.03 
tol=5.00e-02, dt=5.00e-02, exp_k=20.0, momentum=0.90, levels=6, niter=500, lbl_dist=10.00, avgs=64, sigma=2.0,type=2, relabel=0, neg=no

blurring input image with Gaussian with sigma=2.000...
GCAMRegisterLevel(): init RMS 0.655152
#FOTS# QuadFit found better minimum quadopt=(dt=175,rms=0.650844) vs oldopt=(dt=103.68,rms=0.651343)
#GCMRL#  209 dt 175.000000 rms  0.651  0.658% neg 0  invalid 762 tFOTS 5.9090 tGradient 2.7020 tsec 8.9540
#FOTS# QuadFit found better minimum quadopt=(dt=189.37,rms=0.643802) vs oldopt=(dt=103.68,rms=0.645068)
#GCMRL#  210 dt 189.369863 rms  0.644  1.082% neg 0  invalid 762 tFOTS 5.3120 tGradient 2.4270 tsec 8.0770
#FOTS# QuadFit found better minimum quadopt=(dt=70.7692,rms=0.640446) vs oldopt=(dt=25.92,rms=0.641349)
#GCMRL#  211 dt  70.769231 rms  0.640  0.521% neg 0  invalid 762 tFOTS 5.1540 tGradient 2.1200 tsec 7.6480
#FOTS# QuadFit found better minimum quadopt=(dt=145.152,rms=0.636989) vs oldopt=(dt=103.68,rms=0.637563)
#GCMRL#  212 dt 145.152000 rms  0.637  0.540% neg 0  invalid 762 tFOTS 5.2040 tGradient 2.3360 tsec 7.9310
#FOTS# QuadFit found better minimum quadopt=(dt=79.7153,rms=0.634939) vs oldopt=(dt=103.68,rms=0.635097)
#GCMRL#  213 dt  79.715302 rms  0.635  0.322% neg 0  invalid 762 tFOTS 4.9970 tGradient 2.2210 tsec 7.6020
#FOTS# QuadFit found better minimum quadopt=(dt=145.152,rms=0.631961) vs oldopt=(dt=103.68,rms=0.632364)
#GCMRL#  214 dt 145.152000 rms  0.632  0.469% neg 0  invalid 762 tFOTS 4.7550 tGradient 2.6080 tsec 7.7470
#FOTS# QuadFit found better minimum quadopt=(dt=63.0616,rms=0.630264) vs oldopt=(dt=103.68,rms=0.630765)
#GCMRL#  215 dt  63.061584 rms  0.630  0.269% neg 0  invalid 762 tFOTS 5.2960 tGradient 2.1180 tsec 7.8590
#FOTS# QuadFit found better minimum quadopt=(dt=331.776,rms=0.626513) vs oldopt=(dt=414.72,rms=0.626871)
#GCMRL#  216 dt 331.776000 rms  0.627  0.595% neg 0  invalid 762 tFOTS 5.3870 tGradient 2.2580 tsec 8.0950
#FOTS# QuadFit found better minimum quadopt=(dt=59.4286,rms=0.623464) vs oldopt=(dt=25.92,rms=0.624214)
#GCMRL#  217 dt  59.428571 rms  0.623  0.487% neg 0  invalid 762 tFOTS 5.3300 tGradient 2.7650 tsec 8.5290
#FOTS# QuadFit found better minimum quadopt=(dt=145.152,rms=0.621446) vs oldopt=(dt=103.68,rms=0.621796)
#GCMRL#  218 dt 145.152000 rms  0.621  0.324% neg 0  invalid 762 tFOTS 5.4490 tGradient 2.7120 tsec 8.6580
#FOTS# QuadFit found better minimum quadopt=(dt=69.1745,rms=0.620288) vs oldopt=(dt=103.68,rms=0.620555)
#GCMRL#  219 dt  69.174468 rms  0.620  0.186% neg 0  invalid 762 tFOTS 5.5900 tGradient 2.4840 tsec 8.4380
#FOTS# QuadFit found better minimum quadopt=(dt=145.152,rms=0.618911) vs oldopt=(dt=103.68,rms=0.619024)
#GCMRL#  220 dt 145.152000 rms  0.619  0.222% neg 0  invalid 762 tFOTS 5.6140 tGradient 2.8440 tsec 8.8180
#FOTS# QuadFit found better minimum quadopt=(dt=65.28,rms=0.617513) vs oldopt=(dt=103.68,rms=0.61793)
#GCMRL#  221 dt  65.280000 rms  0.618  0.226% neg 0  invalid 762 tFOTS 5.6660 tGradient 2.7220 tsec 8.7410
#FOTS# QuadFit found better minimum quadopt=(dt=145.152,rms=0.616313) vs oldopt=(dt=103.68,rms=0.616424)
#GCMRL#  222 dt 145.152000 rms  0.616  0.194% neg 0  invalid 762 tFOTS 5.4580 tGradient 2.2170 tsec 8.0440
#FOTS# QuadFit found better minimum quadopt=(dt=66.8273,rms=0.615031) vs oldopt=(dt=103.68,rms=0.615361)
#GCMRL#  223 dt  66.827309 rms  0.615  0.208% neg 0  invalid 762 tFOTS 4.7090 tGradient 2.2210 tsec 7.2930
#FOTS# QuadFit found better minimum quadopt=(dt=124.416,rms=0.614026) vs oldopt=(dt=103.68,rms=0.614074)
#GCMRL#  224 dt 124.416000 rms  0.614  0.163% neg 0  invalid 762 tFOTS 4.6750 tGradient 2.2280 tsec 7.2820
#FOTS# QuadFit found better minimum quadopt=(dt=72.6486,rms=0.612837) vs oldopt=(dt=103.68,rms=0.613011)
#GCMRL#  225 dt  72.648649 rms  0.613  0.194% neg 0  invalid 762 tFOTS 6.0700 tGradient 2.6910 tsec 9.1060
#GCMRL#  226 dt 103.680000 rms  0.612  0.113% neg 0  invalid 762 tFOTS 4.8080 tGradient 2.3030 tsec 7.4630
#FOTS# QuadFit found better minimum quadopt=(dt=81.036,rms=0.611013) vs oldopt=(dt=103.68,rms=0.611093)
#GCMRL#  227 dt  81.035971 rms  0.611  0.185% neg 0  invalid 762 tFOTS 5.4090 tGradient 2.1190 tsec 7.8860
#FOTS# QuadFit found better minimum quadopt=(dt=82.944,rms=0.610371) vs oldopt=(dt=103.68,rms=0.610424)
#GCMRL#  228 dt  82.944000 rms  0.610  0.105% neg 0  invalid 762 tFOTS 4.8190 tGradient 2.2680 tsec 7.4990
#GCMRL#  229 dt 103.680000 rms  0.609  0.177% neg 0  invalid 762 tFOTS 5.3410 tGradient 2.5780 tsec 8.3220
#FOTS# QuadFit found better minimum quadopt=(dt=63.5259,rms=0.608722) vs oldopt=(dt=103.68,rms=0.608928)
#GCMRL#  230 dt  63.525926 rms  0.609  0.093% neg 0  invalid 762 tFOTS 5.0350 tGradient 2.3270 tsec 7.7170
#FOTS# QuadFit found better minimum quadopt=(dt=145.152,rms=0.607572) vs oldopt=(dt=103.68,rms=0.607768)
#GCMRL#  231 dt 145.152000 rms  0.608  0.189% neg 0  invalid 762 tFOTS 5.1600 tGradient 2.2660 tsec 7.8210
#FOTS# QuadFit found better minimum quadopt=(dt=62.208,rms=0.606975) vs oldopt=(dt=103.68,rms=0.607109)
#GCMRL#  232 dt  62.208000 rms  0.607  0.098% neg 0  invalid 762 tFOTS 5.3670 tGradient 2.8430 tsec 8.5850
#FOTS# QuadFit found better minimum quadopt=(dt=248.832,rms=0.605584) vs oldopt=(dt=414.72,rms=0.60601)
#GCMRL#  233 dt 248.832000 rms  0.606  0.229% neg 0  invalid 762 tFOTS 4.6920 tGradient 2.3560 tsec 7.4220
#FOTS# QuadFit found better minimum quadopt=(dt=36.288,rms=0.604708) vs oldopt=(dt=25.92,rms=0.604862)
#GCMRL#  234 dt  36.288000 rms  0.605  0.145% neg 0  invalid 762 tFOTS 5.1560 tGradient 2.3350 tsec 7.9230
#FOTS# QuadFit found better minimum quadopt=(dt=145.152,rms=0.603915) vs oldopt=(dt=103.68,rms=0.604046)
#GCMRL#  235 dt 145.152000 rms  0.604  0.131% neg 0  invalid 762 tFOTS 5.4210 tGradient 2.7850 tsec 8.6170
#FOTS# QuadFit found better minimum quadopt=(dt=82.944,rms=0.603159) vs oldopt=(dt=103.68,rms=0.603206)
#GCMRL#  236 dt  82.944000 rms  0.603  0.125% neg 0  invalid 762 tFOTS 4.8410 tGradient 2.6030 tsec 7.8000
#FOTS# QuadFit found better minimum quadopt=(dt=36.288,rms=0.602909) vs oldopt=(dt=25.92,rms=0.602972)
#GCMRL#  237 dt  36.288000 rms  0.603  0.000% neg 0  invalid 762 tFOTS 5.0010 tGradient 2.3190 tsec 7.6990
#GCMRL#  238 dt  36.288000 rms  0.603  0.045% neg 0  invalid 762 tFOTS 0.0000 tGradient 2.3080 tsec 2.6520
#GCMRL#  239 dt  36.288000 rms  0.602  0.068% neg 0  invalid 762 tFOTS 0.0000 tGradient 2.3640 tsec 2.7060
#GCMRL#  240 dt  36.288000 rms  0.602  0.097% neg 0  invalid 762 tFOTS 0.0000 tGradient 2.3090 tsec 2.6680
#GCMRL#  241 dt  36.288000 rms  0.601  0.126% neg 0  invalid 762 tFOTS 0.0000 tGradient 2.6560 tsec 3.0020
#GCMRL#  242 dt  36.288000 rms  0.600  0.144% neg 0  invalid 762 tFOTS 0.0000 tGradient 2.2040 tsec 2.5420
#GCMRL#  243 dt  36.288000 rms  0.599  0.156% neg 0  invalid 762 tFOTS 0.0000 tGradient 2.5290 tsec 2.8630
#GCMRL#  244 dt  36.288000 rms  0.598  0.169% neg 0  invalid 762 tFOTS 0.0000 tGradient 2.5590 tsec 2.9080
#GCMRL#  245 dt  36.288000 rms  0.597  0.170% neg 0  invalid 762 tFOTS 0.0000 tGradient 2.1220 tsec 2.4570
#GCMRL#  246 dt  36.288000 rms  0.596  0.173% neg 0  invalid 762 tFOTS 0.0000 tGradient 2.3300 tsec 2.6710
#GCMRL#  247 dt  36.288000 rms  0.595  0.179% neg 0  invalid 762 tFOTS 0.0000 tGradient 2.1870 tsec 2.5260
#GCMRL#  248 dt  36.288000 rms  0.594  0.182% neg 0  invalid 762 tFOTS 0.0000 tGradient 2.1220 tsec 2.4570
#GCMRL#  249 dt  36.288000 rms  0.593  0.170% neg 0  invalid 762 tFOTS 0.0000 tGradient 2.3820 tsec 2.7150
#GCMRL#  250 dt  36.288000 rms  0.592  0.159% neg 0  invalid 762 tFOTS 0.0000 tGradient 2.1490 tsec 2.4840
#GCMRL#  251 dt  36.288000 rms  0.591  0.155% neg 0  invalid 762 tFOTS 0.0000 tGradient 2.2420 tsec 2.5710
#GCMRL#  252 dt  36.288000 rms  0.590  0.150% neg 0  invalid 762 tFOTS 0.0000 tGradient 2.2550 tsec 2.5800
#GCMRL#  253 dt  36.288000 rms  0.589  0.154% neg 0  invalid 762 tFOTS 0.0000 tGradient 2.2640 tsec 2.5940
#GCMRL#  254 dt  36.288000 rms  0.588  0.145% neg 0  invalid 762 tFOTS 0.0000 tGradient 2.1080 tsec 2.4430
#GCMRL#  255 dt  36.288000 rms  0.588  0.133% neg 0  invalid 762 tFOTS 0.0000 tGradient 2.2430 tsec 2.5640
#GCMRL#  256 dt  36.288000 rms  0.587  0.132% neg 0  invalid 762 tFOTS 0.0000 tGradient 2.4760 tsec 2.8760
#GCMRL#  257 dt  36.288000 rms  0.586  0.118% neg 0  invalid 762 tFOTS 0.0000 tGradient 2.5500 tsec 2.9820
#GCMRL#  258 dt  36.288000 rms  0.585  0.114% neg 0  invalid 762 tFOTS 0.0000 tGradient 2.3480 tsec 2.7980
#GCMRL#  259 dt  36.288000 rms  0.585  0.118% neg 0  invalid 762 tFOTS 0.0000 tGradient 2.6260 tsec 3.0060
#GCMRL#  260 dt  36.288000 rms  0.584  0.110% neg 0  invalid 762 tFOTS 0.0000 tGradient 2.7780 tsec 3.1650
#GCMRL#  261 dt  36.288000 rms  0.584  0.102% neg 0  invalid 762 tFOTS 0.0000 tGradient 2.6860 tsec 3.0580
#GCMRL#  262 dt  36.288000 rms  0.583  0.089% neg 0  invalid 762 tFOTS 0.0000 tGradient 2.1570 tsec 2.6180
#GCMRL#  263 dt  36.288000 rms  0.582  0.088% neg 0  invalid 762 tFOTS 0.0000 tGradient 2.2880 tsec 2.6080
#GCMRL#  264 dt  36.288000 rms  0.582  0.084% neg 0  invalid 762 tFOTS 0.0000 tGradient 2.4720 tsec 2.8460
#GCMRL#  265 dt  36.288000 rms  0.581  0.087% neg 0  invalid 762 tFOTS 0.0000 tGradient 2.6370 tsec 2.9970
#GCMRL#  266 dt  36.288000 rms  0.581  0.089% neg 0  invalid 762 tFOTS 0.0000 tGradient 2.9190 tsec 3.3000
#GCMRL#  267 dt  36.288000 rms  0.580  0.087% neg 0  invalid 762 tFOTS 0.0000 tGradient 2.3790 tsec 2.7150
#GCMRL#  268 dt  36.288000 rms  0.580  0.082% neg 0  invalid 762 tFOTS 0.0000 tGradient 2.2420 tsec 2.5590
#GCMRL#  269 dt  36.288000 rms  0.580  0.075% neg 0  invalid 762 tFOTS 0.0000 tGradient 2.0870 tsec 2.4110
#GCMRL#  270 dt  36.288000 rms  0.579  0.068% neg 0  invalid 762 tFOTS 0.0000 tGradient 2.2230 tsec 2.5920
#GCMRL#  271 dt  36.288000 rms  0.579  0.071% neg 0  invalid 762 tFOTS 0.0000 tGradient 2.1090 tsec 2.4560
#GCMRL#  272 dt  36.288000 rms  0.578  0.071% neg 0  invalid 762 tFOTS 0.0000 tGradient 2.1430 tsec 2.4800
#GCMRL#  273 dt  36.288000 rms  0.578  0.065% neg 0  invalid 762 tFOTS 0.0000 tGradient 2.0220 tsec 2.3380
#GCMRL#  274 dt  36.288000 rms  0.578  0.059% neg 0  invalid 762 tFOTS 0.0000 tGradient 2.5790 tsec 2.9690
#GCMRL#  275 dt  36.288000 rms  0.577  0.063% neg 0  invalid 762 tFOTS 0.0000 tGradient 2.7380 tsec 3.1930
#GCMRL#  276 dt  36.288000 rms  0.577  0.062% neg 0  invalid 762 tFOTS 0.0000 tGradient 2.7080 tsec 3.1180
#GCMRL#  277 dt  36.288000 rms  0.577  0.063% neg 0  invalid 762 tFOTS 0.0000 tGradient 2.8830 tsec 3.2990
#GCMRL#  278 dt  36.288000 rms  0.576  0.055% neg 0  invalid 762 tFOTS 0.0000 tGradient 2.6880 tsec 3.0830
#GCMRL#  279 dt  36.288000 rms  0.576  0.059% neg 0  invalid 762 tFOTS 0.0000 tGradient 2.7140 tsec 3.1570
#GCMRL#  280 dt  36.288000 rms  0.576  0.052% neg 0  invalid 762 tFOTS 0.0000 tGradient 2.9050 tsec 3.3890
#GCMRL#  281 dt  36.288000 rms  0.575  0.048% neg 0  invalid 762 tFOTS 0.0000 tGradient 2.8620 tsec 3.2900
#GCMRL#  282 dt  36.288000 rms  0.575  0.055% neg 0  invalid 762 tFOTS 0.0000 tGradient 2.7060 tsec 3.1350
#GCMRL#  283 dt  36.288000 rms  0.575  0.042% neg 0  invalid 762 tFOTS 0.0000 tGradient 3.2790 tsec 3.7090
#GCMRL#  284 dt  36.288000 rms  0.574  0.041% neg 0  invalid 762 tFOTS 0.0000 tGradient 2.8660 tsec 3.2910
#GCMRL#  285 dt  36.288000 rms  0.574  0.047% neg 0  invalid 762 tFOTS 0.0000 tGradient 3.1750 tsec 3.6080
#GCMRL#  286 dt  36.288000 rms  0.574  0.040% neg 0  invalid 762 tFOTS 0.0000 tGradient 3.0090 tsec 3.4300
#GCMRL#  287 dt  36.288000 rms  0.574  0.044% neg 0  invalid 762 tFOTS 0.0000 tGradient 2.6240 tsec 3.0450
#GCMRL#  288 dt  36.288000 rms  0.573  0.045% neg 0  invalid 762 tFOTS 0.0000 tGradient 2.8220 tsec 3.2620
#GCMRL#  289 dt  36.288000 rms  0.573  0.047% neg 0  invalid 762 tFOTS 0.0000 tGradient 2.7580 tsec 3.2590
#GCMRL#  290 dt  36.288000 rms  0.573  0.036% neg 0  invalid 762 tFOTS 0.0000 tGradient 2.9980 tsec 3.4450
#GCMRL#  291 dt  36.288000 rms  0.573  0.032% neg 0  invalid 762 tFOTS 0.0000 tGradient 2.8940 tsec 3.2980
#GCMRL#  292 dt  36.288000 rms  0.573  0.039% neg 0  invalid 762 tFOTS 0.0000 tGradient 2.9320 tsec 3.3270
#GCMRL#  293 dt  36.288000 rms  0.572  0.036% neg 0  invalid 762 tFOTS 0.0000 tGradient 2.7950 tsec 3.2060
#GCMRL#  294 dt  36.288000 rms  0.572  0.041% neg 0  invalid 762 tFOTS 0.0000 tGradient 2.9270 tsec 3.3770
#GCMRL#  295 dt  36.288000 rms  0.572  0.040% neg 0  invalid 762 tFOTS 0.0000 tGradient 3.1580 tsec 3.6430
#GCMRL#  296 dt  36.288000 rms  0.572  0.038% neg 0  invalid 762 tFOTS 0.0000 tGradient 2.9100 tsec 3.3150
#GCMRL#  297 dt  36.288000 rms  0.572  0.036% neg 0  invalid 762 tFOTS 0.0000 tGradient 2.4950 tsec 3.0240
#GCMRL#  298 dt  36.288000 rms  0.571  0.034% neg 0  invalid 762 tFOTS 0.0000 tGradient 2.5300 tsec 2.9050
#GCMRL#  299 dt  36.288000 rms  0.571  0.031% neg 0  invalid 762 tFOTS 0.0000 tGradient 2.7050 tsec 3.0920
#GCMRL#  300 dt  36.288000 rms  0.571  0.030% neg 0  invalid 762 tFOTS 0.0000 tGradient 2.6740 tsec 3.0470
#GCMRL#  301 dt  36.288000 rms  0.571  0.027% neg 0  invalid 762 tFOTS 0.0000 tGradient 2.7580 tsec 3.1420
#GCMRL#  302 dt  36.288000 rms  0.571  0.033% neg 0  invalid 762 tFOTS 0.0000 tGradient 2.7350 tsec 3.1050
#GCMRL#  303 dt  36.288000 rms  0.570  0.030% neg 0  invalid 762 tFOTS 0.0000 tGradient 2.8110 tsec 3.1920
#GCMRL#  304 dt  36.288000 rms  0.570  0.031% neg 0  invalid 762 tFOTS 0.0000 tGradient 2.6910 tsec 3.0760
#GCMRL#  305 dt  36.288000 rms  0.570  0.029% neg 0  invalid 762 tFOTS 0.0000 tGradient 2.9050 tsec 3.2820
#GCMRL#  306 dt  36.288000 rms  0.570  0.030% neg 0  invalid 762 tFOTS 0.0000 tGradient 2.6960 tsec 3.0760
#GCMRL#  307 dt  36.288000 rms  0.570  0.033% neg 0  invalid 762 tFOTS 0.0000 tGradient 2.6560 tsec 3.0450
#GCMRL#  308 dt  36.288000 rms  0.570  0.030% neg 0  invalid 762 tFOTS 0.0000 tGradient 2.7140 tsec 3.1150
#GCMRL#  309 dt  36.288000 rms  0.569  0.029% neg 0  invalid 762 tFOTS 0.0000 tGradient 2.8600 tsec 3.2420
#GCMRL#  310 dt  36.288000 rms  0.569  0.024% neg 0  invalid 762 tFOTS 0.0000 tGradient 2.7260 tsec 3.0930
#GCMRL#  311 dt  36.288000 rms  0.569  0.027% neg 0  invalid 762 tFOTS 0.0000 tGradient 2.5630 tsec 2.9470
#GCMRL#  312 dt  36.288000 rms  0.569  0.031% neg 0  invalid 762 tFOTS 0.0000 tGradient 2.7370 tsec 3.1300
#GCMRL#  313 dt  36.288000 rms  0.569  0.026% neg 0  invalid 762 tFOTS 0.0000 tGradient 2.9070 tsec 3.3560
#GCMRL#  314 dt  36.288000 rms  0.569  0.027% neg 0  invalid 762 tFOTS 0.0000 tGradient 3.0530 tsec 3.4850
#GCMRL#  315 dt  36.288000 rms  0.569  0.023% neg 0  invalid 762 tFOTS 0.0000 tGradient 3.0590 tsec 3.5360
#GCMRL#  316 dt  36.288000 rms  0.568  0.028% neg 0  invalid 762 tFOTS 0.0000 tGradient 3.4030 tsec 3.8300
#GCMRL#  317 dt  36.288000 rms  0.568  0.024% neg 0  invalid 762 tFOTS 0.0000 tGradient 3.3730 tsec 3.8260
#GCMRL#  318 dt  36.288000 rms  0.568  0.031% neg 0  invalid 762 tFOTS 0.0000 tGradient 3.1320 tsec 3.5720
#GCMRL#  319 dt  36.288000 rms  0.568  0.025% neg 0  invalid 762 tFOTS 0.0000 tGradient 2.8780 tsec 3.3220
#GCMRL#  320 dt  36.288000 rms  0.568  0.022% neg 0  invalid 762 tFOTS 0.0000 tGradient 2.9530 tsec 3.3570
#GCMRL#  321 dt  36.288000 rms  0.568  0.023% neg 0  invalid 762 tFOTS 0.0000 tGradient 2.7180 tsec 3.1240
#GCMRL#  322 dt  36.288000 rms  0.568  0.025% neg 0  invalid 762 tFOTS 0.0000 tGradient 2.7780 tsec 3.1560
#GCMRL#  323 dt  36.288000 rms  0.567  0.029% neg 0  invalid 762 tFOTS 0.0000 tGradient 2.6310 tsec 3.0440
#GCMRL#  324 dt  36.288000 rms  0.567  0.032% neg 0  invalid 762 tFOTS 0.0000 tGradient 2.6790 tsec 3.0650
#GCMRL#  325 dt  36.288000 rms  0.567  0.020% neg 0  invalid 762 tFOTS 0.0000 tGradient 2.7070 tsec 3.1560
#GCMRL#  326 dt  36.288000 rms  0.567  0.024% neg 0  invalid 762 tFOTS 0.0000 tGradient 2.8020 tsec 3.1540
#GCMRL#  327 dt  36.288000 rms  0.567  0.015% neg 0  invalid 762 tFOTS 0.0000 tGradient 2.3180 tsec 2.6540
#GCMRL#  328 dt 103.680000 rms  0.567  0.016% neg 0  invalid 762 tFOTS 5.3250 tGradient 2.1220 tsec 7.7780
#FOTS# QuadFit found better minimum quadopt=(dt=9.072,rms=0.566737) vs oldopt=(dt=6.48,rms=0.566738)
#GCMRL#  329 dt   9.072000 rms  0.567  0.000% neg 0  invalid 762 tFOTS 5.7120 tGradient 2.0280 tsec 8.1530
#GCMRL#  330 dt   9.072000 rms  0.567  0.002% neg 0  invalid 762 tFOTS 0.0000 tGradient 2.0660 tsec 2.3760

#GCAMreg# pass 0 level1 4 level2 1 tsec 536.222 sigma 0.5
l_jacobian=1.00 l_label=1.00 l_log_likelihood=0.20 l_smoothness=0.03 
tol=5.00e-02, dt=5.00e-02, exp_k=20.0, momentum=0.90, levels=6, niter=500, lbl_dist=10.00, avgs=64, sigma=0.5,type=2, relabel=0, neg=no

blurring input image with Gaussian with sigma=0.500...
GCAMRegisterLevel(): init RMS 0.567374
#FOTS# QuadFit found better minimum quadopt=(dt=145.152,rms=0.564903) vs oldopt=(dt=103.68,rms=0.565015)
#GCMRL#  332 dt 145.152000 rms  0.565  0.435% neg 0  invalid 762 tFOTS 5.5570 tGradient 2.5900 tsec 8.5770
#FOTS# QuadFit found better minimum quadopt=(dt=75,rms=0.564059) vs oldopt=(dt=103.68,rms=0.564162)
#GCMRL#  333 dt  75.000000 rms  0.564  0.149% neg 0  invalid 762 tFOTS 5.3170 tGradient 2.3130 tsec 8.0130
#FOTS# QuadFit found better minimum quadopt=(dt=36.288,rms=0.563913) vs oldopt=(dt=25.92,rms=0.563939)
#GCMRL#  334 dt  36.288000 rms  0.564  0.000% neg 0  invalid 762 tFOTS 5.0540 tGradient 2.1070 tsec 7.5420
#GCMRL#  335 dt  36.288000 rms  0.564  0.016% neg 0  invalid 762 tFOTS 0.0000 tGradient 2.1410 tsec 2.4860
#GCMRL#  336 dt  36.288000 rms  0.564  0.039% neg 0  invalid 762 tFOTS 0.0000 tGradient 2.3730 tsec 2.7660
#GCMRL#  337 dt  36.288000 rms  0.563  0.050% neg 0  invalid 762 tFOTS 0.0000 tGradient 2.3500 tsec 2.6910
#GCMRL#  338 dt  36.288000 rms  0.563  0.055% neg 0  invalid 762 tFOTS 0.0000 tGradient 2.5690 tsec 2.9800
#GCMRL#  339 dt  36.288000 rms  0.563  0.053% neg 0  invalid 762 tFOTS 0.0000 tGradient 2.7910 tsec 3.1560
#GCMRL#  340 dt  36.288000 rms  0.562  0.049% neg 0  invalid 762 tFOTS 0.0000 tGradient 2.3230 tsec 2.6880
#GCMRL#  341 dt  36.288000 rms  0.562  0.036% neg 0  invalid 762 tFOTS 0.0000 tGradient 2.0570 tsec 2.3880
#GCMRL#  342 dt  36.288000 rms  0.562  0.042% neg 0  invalid 762 tFOTS 0.0000 tGradient 2.1050 tsec 2.4350
#GCMRL#  343 dt  36.288000 rms  0.562  0.036% neg 0  invalid 762 tFOTS 0.0000 tGradient 2.0620 tsec 2.3920
#GCMRL#  344 dt  36.288000 rms  0.562  0.039% neg 0  invalid 762 tFOTS 0.0000 tGradient 2.0600 tsec 2.3870
#GCMRL#  345 dt  36.288000 rms  0.561  0.039% neg 0  invalid 762 tFOTS 0.0000 tGradient 2.0740 tsec 2.3950
#GCMRL#  346 dt  36.288000 rms  0.561  0.033% neg 0  invalid 762 tFOTS 0.0000 tGradient 2.1090 tsec 2.4720
#GCMRL#  347 dt  36.288000 rms  0.561  0.037% neg 0  invalid 762 tFOTS 0.0000 tGradient 2.5470 tsec 2.9250
#GCMRL#  348 dt  36.288000 rms  0.561  0.031% neg 0  invalid 762 tFOTS 0.0000 tGradient 2.3140 tsec 2.6400
#GCMRL#  349 dt  36.288000 rms  0.561  0.034% neg 0  invalid 762 tFOTS 0.0000 tGradient 2.2590 tsec 2.6110
#GCMRL#  350 dt  36.288000 rms  0.560  0.035% neg 0  invalid 762 tFOTS 0.0000 tGradient 2.5070 tsec 2.8780
#GCMRL#  351 dt  36.288000 rms  0.560  0.038% neg 0  invalid 762 tFOTS 0.0000 tGradient 2.5390 tsec 2.8740
#GCMRL#  352 dt  36.288000 rms  0.560  0.033% neg 0  invalid 762 tFOTS 0.0000 tGradient 2.1560 tsec 2.4830
#GCMRL#  353 dt  36.288000 rms  0.560  0.037% neg 0  invalid 762 tFOTS 0.0000 tGradient 2.1420 tsec 2.4640
#GCMRL#  354 dt  36.288000 rms  0.560  0.036% neg 0  invalid 762 tFOTS 0.0000 tGradient 2.1940 tsec 2.5490
#GCMRL#  355 dt  36.288000 rms  0.559  0.033% neg 0  invalid 762 tFOTS 0.0000 tGradient 2.1040 tsec 2.4280
#GCMRL#  356 dt  36.288000 rms  0.559  0.029% neg 0  invalid 762 tFOTS 0.0000 tGradient 2.1040 tsec 2.4250
#GCMRL#  357 dt  36.288000 rms  0.559  0.033% neg 0  invalid 762 tFOTS 0.0000 tGradient 2.0560 tsec 2.3770
#GCMRL#  358 dt  36.288000 rms  0.559  0.037% neg 0  invalid 762 tFOTS 0.0000 tGradient 2.0830 tsec 2.4110
#GCMRL#  359 dt  36.288000 rms  0.559  0.036% neg 0  invalid 762 tFOTS 0.0000 tGradient 2.0910 tsec 2.4140
#GCMRL#  360 dt  36.288000 rms  0.558  0.036% neg 0  invalid 762 tFOTS 0.0000 tGradient 2.1940 tsec 2.5150
#GCMRL#  361 dt  36.288000 rms  0.558  0.033% neg 0  invalid 762 tFOTS 0.0000 tGradient 2.4790 tsec 2.8310
#GCMRL#  362 dt  36.288000 rms  0.558  0.034% neg 0  invalid 762 tFOTS 0.0000 tGradient 2.0900 tsec 2.4140
#GCMRL#  363 dt  36.288000 rms  0.558  0.027% neg 0  invalid 762 tFOTS 0.0000 tGradient 2.1000 tsec 2.4480
#GCMRL#  364 dt  36.288000 rms  0.558  0.031% neg 0  invalid 762 tFOTS 0.0000 tGradient 2.3820 tsec 2.7080
#GCMRL#  365 dt  36.288000 rms  0.558  0.033% neg 0  invalid 762 tFOTS 0.0000 tGradient 2.2180 tsec 2.5930
#GCMRL#  366 dt  36.288000 rms  0.557  0.028% neg 0  invalid 762 tFOTS 0.0000 tGradient 2.3700 tsec 2.6760
#GCMRL#  367 dt  36.288000 rms  0.557  0.030% neg 0  invalid 762 tFOTS 0.0000 tGradient 2.4070 tsec 2.8170
#GCMRL#  368 dt  36.288000 rms  0.557  0.028% neg 0  invalid 762 tFOTS 0.0000 tGradient 2.4480 tsec 2.7700
#GCMRL#  369 dt  36.288000 rms  0.557  0.026% neg 0  invalid 762 tFOTS 0.0000 tGradient 2.0140 tsec 2.3740
#GCMRL#  370 dt  36.288000 rms  0.557  0.024% neg 0  invalid 762 tFOTS 0.0000 tGradient 2.4720 tsec 2.7920
#GCMRL#  371 dt  36.288000 rms  0.557  0.029% neg 0  invalid 762 tFOTS 0.0000 tGradient 2.5810 tsec 2.9460
#GCMRL#  372 dt  36.288000 rms  0.556  0.034% neg 0  invalid 762 tFOTS 0.0000 tGradient 2.3910 tsec 2.7620
#GCMRL#  373 dt  36.288000 rms  0.556  0.028% neg 0  invalid 762 tFOTS 0.0000 tGradient 2.4630 tsec 2.7850
#GCMRL#  374 dt  36.288000 rms  0.556  0.027% neg 0  invalid 762 tFOTS 0.0000 tGradient 2.5850 tsec 2.9630
#GCMRL#  375 dt  36.288000 rms  0.556  0.023% neg 0  invalid 762 tFOTS 0.0000 tGradient 2.4440 tsec 2.7470
#GCMRL#  376 dt  36.288000 rms  0.556  0.022% neg 0  invalid 762 tFOTS 0.0000 tGradient 2.5300 tsec 2.9060
#FOTS# QuadFit found better minimum quadopt=(dt=145.152,rms=0.555832) vs oldopt=(dt=103.68,rms=0.555835)
#GCMRL#  377 dt 145.152000 rms  0.556  0.000% neg 0  invalid 762 tFOTS 4.7380 tGradient 2.0380 tsec 7.1410
setting smoothness cost coefficient to 0.118

#GCAMreg# pass 0 level1 3 level2 0 tsec 0 sigma 2
l_jacobian=1.00 l_label=1.00 l_log_likelihood=0.20 l_smoothness=0.12 
tol=5.00e-02, dt=5.00e-02, exp_k=20.0, momentum=0.90, levels=6, niter=500, lbl_dist=10.00, avgs=16, sigma=2.0,type=2, relabel=0, neg=no

blurring input image with Gaussian with sigma=2.000...
GCAMRegisterLevel(): init RMS 0.569026
#FOTS# QuadFit found better minimum quadopt=(dt=25.5462,rms=0.567276) vs oldopt=(dt=32,rms=0.567401)
#GCMRL#  379 dt  25.546218 rms  0.567  0.307% neg 0  invalid 762 tFOTS 4.8680 tGradient 1.8030 tsec 7.0330
#FOTS# QuadFit found better minimum quadopt=(dt=44.8,rms=0.565395) vs oldopt=(dt=32,rms=0.565723)
#GCMRL#  380 dt  44.800000 rms  0.565  0.332% neg 0  invalid 762 tFOTS 4.6200 tGradient 1.8940 tsec 6.8700
#FOTS# QuadFit found better minimum quadopt=(dt=176.185,rms=0.559379) vs oldopt=(dt=128,rms=0.559726)
#GCMRL#  381 dt 176.184758 rms  0.559  1.064% neg 0  invalid 762 tFOTS 4.7070 tGradient 2.3050 tsec 7.3600
#GCMRL#  382 dt  32.000000 rms  0.556  0.632% neg 0  invalid 762 tFOTS 4.6060 tGradient 1.9530 tsec 6.9630
#FOTS# QuadFit found better minimum quadopt=(dt=44.8,rms=0.553849) vs oldopt=(dt=32,rms=0.553941)
#GCMRL#  383 dt  44.800000 rms  0.554  0.359% neg 0  invalid 762 tFOTS 4.8630 tGradient 2.3420 tsec 7.5440
#FOTS# QuadFit found better minimum quadopt=(dt=31.5748,rms=0.551823) vs oldopt=(dt=32,rms=0.551827)
#GCMRL#  384 dt  31.574751 rms  0.552  0.366% neg 0  invalid 762 tFOTS 4.0950 tGradient 1.7970 tsec 6.2360
#GCMRL#  385 dt  32.000000 rms  0.551  0.237% neg 0  invalid 762 tFOTS 4.6640 tGradient 1.8230 tsec 6.8910
#FOTS# QuadFit found better minimum quadopt=(dt=44.8,rms=0.548977) vs oldopt=(dt=32,rms=0.549137)
#GCMRL#  386 dt  44.800000 rms  0.549  0.280% neg 0  invalid 762 tFOTS 4.7150 tGradient 1.8320 tsec 6.9050
#FOTS# QuadFit found better minimum quadopt=(dt=25.6,rms=0.547936) vs oldopt=(dt=32,rms=0.547941)
#GCMRL#  387 dt  25.600000 rms  0.548  0.190% neg 0  invalid 762 tFOTS 5.3940 tGradient 2.0430 tsec 7.8140
#FOTS# QuadFit found better minimum quadopt=(dt=80.5275,rms=0.54615) vs oldopt=(dt=128,rms=0.546621)
#GCMRL#  388 dt  80.527473 rms  0.546  0.326% neg 0  invalid 762 tFOTS 5.0030 tGradient 1.8620 tsec 7.2190
#FOTS# QuadFit found better minimum quadopt=(dt=24.1702,rms=0.544883) vs oldopt=(dt=32,rms=0.54508)
#GCMRL#  389 dt  24.170213 rms  0.545  0.232% neg 0  invalid 762 tFOTS 5.0950 tGradient 1.9220 tsec 7.3570
#FOTS# QuadFit found better minimum quadopt=(dt=82.2857,rms=0.54349) vs oldopt=(dt=128,rms=0.543865)
#GCMRL#  390 dt  82.285714 rms  0.543  0.256% neg 0  invalid 762 tFOTS 5.1250 tGradient 2.1370 tsec 7.6600
#FOTS# QuadFit found better minimum quadopt=(dt=25.3451,rms=0.542278) vs oldopt=(dt=32,rms=0.54242)
#GCMRL#  391 dt  25.345133 rms  0.542  0.223% neg 0  invalid 762 tFOTS 5.2420 tGradient 2.2580 tsec 7.8580
#FOTS# QuadFit found better minimum quadopt=(dt=44.8,rms=0.541345) vs oldopt=(dt=32,rms=0.541492)
#GCMRL#  392 dt  44.800000 rms  0.541  0.172% neg 0  invalid 762 tFOTS 4.6750 tGradient 1.7720 tsec 6.8010
#GCMRL#  393 dt  32.000000 rms  0.541  0.108% neg 0  invalid 762 tFOTS 5.1690 tGradient 1.7800 tsec 7.3100
#FOTS# QuadFit found better minimum quadopt=(dt=38.4,rms=0.540037) vs oldopt=(dt=32,rms=0.540056)
#GCMRL#  394 dt  38.400000 rms  0.540  0.134% neg 0  invalid 762 tFOTS 4.8780 tGradient 1.8710 tsec 7.1050
#FOTS# QuadFit found better minimum quadopt=(dt=25.6,rms=0.539564) vs oldopt=(dt=32,rms=0.539577)
#GCMRL#  395 dt  25.600000 rms  0.540  0.088% neg 0  invalid 762 tFOTS 4.9010 tGradient 2.0590 tsec 7.3710
#FOTS# QuadFit found better minimum quadopt=(dt=44.8,rms=0.538807) vs oldopt=(dt=32,rms=0.538923)
#GCMRL#  396 dt  44.800000 rms  0.539  0.140% neg 0  invalid 762 tFOTS 4.4120 tGradient 2.4350 tsec 7.2060
#FOTS# QuadFit found better minimum quadopt=(dt=25.6,rms=0.538359) vs oldopt=(dt=32,rms=0.538384)
#GCMRL#  397 dt  25.600000 rms  0.538  0.083% neg 0  invalid 762 tFOTS 4.5540 tGradient 1.9080 tsec 6.8260
#GCMRL#  398 dt  32.000000 rms  0.538  0.105% neg 0  invalid 762 tFOTS 4.5620 tGradient 1.9340 tsec 6.8650
#FOTS# QuadFit found better minimum quadopt=(dt=0.7,rms=0.537776) vs oldopt=(dt=0.5,rms=0.537781)
#GCMRL#  399 dt   0.700000 rms  0.538  0.000% neg 0  invalid 762 tFOTS 3.7440 tGradient 1.9560 tsec 6.1100
#GCMRL#  400 dt   0.700000 rms  0.538  0.004% neg 0  invalid 762 tFOTS 0.0000 tGradient 1.9800 tsec 2.3280

#GCAMreg# pass 0 level1 3 level2 1 tsec 164.033 sigma 0.5
l_jacobian=1.00 l_label=1.00 l_log_likelihood=0.20 l_smoothness=0.12 
tol=5.00e-02, dt=5.00e-02, exp_k=20.0, momentum=0.90, levels=6, niter=500, lbl_dist=10.00, avgs=16, sigma=0.5,type=2, relabel=0, neg=no

blurring input image with Gaussian with sigma=0.500...
GCAMRegisterLevel(): init RMS 0.538323
#FOTS# QuadFit found better minimum quadopt=(dt=62.887,rms=0.534982) vs oldopt=(dt=32,rms=0.535393)
#GCMRL#  402 dt  62.886957 rms  0.535  0.621% neg 0  invalid 762 tFOTS 4.6900 tGradient 1.9060 tsec 6.9560
#FOTS# QuadFit found better minimum quadopt=(dt=25.6,rms=0.53358) vs oldopt=(dt=32,rms=0.533598)
#GCMRL#  403 dt  25.600000 rms  0.534  0.262% neg 0  invalid 762 tFOTS 4.7500 tGradient 1.8530 tsec 6.9660
#FOTS# QuadFit found better minimum quadopt=(dt=38.4,rms=0.533014) vs oldopt=(dt=32,rms=0.533034)
#GCMRL#  404 dt  38.400000 rms  0.533  0.106% neg 0  invalid 762 tFOTS 4.7730 tGradient 1.8370 tsec 6.9710
#FOTS# QuadFit found better minimum quadopt=(dt=44.8,rms=0.532148) vs oldopt=(dt=32,rms=0.532223)
#GCMRL#  405 dt  44.800000 rms  0.532  0.162% neg 0  invalid 762 tFOTS 4.7930 tGradient 1.7860 tsec 6.9340
#FOTS# QuadFit found better minimum quadopt=(dt=11.2,rms=0.531822) vs oldopt=(dt=8,rms=0.531884)
#GCMRL#  406 dt  11.200000 rms  0.532  0.061% neg 0  invalid 762 tFOTS 5.3560 tGradient 1.8510 tsec 7.5770
#FOTS# QuadFit found better minimum quadopt=(dt=44.8,rms=0.531419) vs oldopt=(dt=32,rms=0.531473)
#GCMRL#  407 dt  44.800000 rms  0.531  0.076% neg 0  invalid 762 tFOTS 4.9820 tGradient 2.0490 tsec 7.4000
#FOTS# QuadFit found better minimum quadopt=(dt=38.4,rms=0.530684) vs oldopt=(dt=32,rms=0.530706)
#GCMRL#  408 dt  38.400000 rms  0.531  0.138% neg 0  invalid 762 tFOTS 5.3140 tGradient 1.8810 tsec 7.5590
#FOTS# QuadFit found better minimum quadopt=(dt=11.2,rms=0.530502) vs oldopt=(dt=8,rms=0.530545)
#GCMRL#  409 dt  11.200000 rms  0.531  0.000% neg 0  invalid 762 tFOTS 5.6920 tGradient 1.8610 tsec 7.9670
#GCMRL#  410 dt  11.200000 rms  0.530  0.031% neg 0  invalid 762 tFOTS 0.0000 tGradient 1.8570 tsec 2.2040
#GCMRL#  411 dt  11.200000 rms  0.530  0.043% neg 0  invalid 762 tFOTS 0.0000 tGradient 1.8430 tsec 2.2060
#GCMRL#  412 dt  11.200000 rms  0.530  0.065% neg 0  invalid 762 tFOTS 0.0000 tGradient 2.3220 tsec 2.7240
#GCMRL#  413 dt  11.200000 rms  0.529  0.094% neg 0  invalid 762 tFOTS 0.0000 tGradient 2.3180 tsec 2.6700
#GCMRL#  414 dt  11.200000 rms  0.529  0.109% neg 0  invalid 762 tFOTS 0.0000 tGradient 1.9090 tsec 2.2620
#GCMRL#  415 dt  11.200000 rms  0.528  0.116% neg 0  invalid 762 tFOTS 0.0000 tGradient 2.0570 tsec 2.5720
#GCMRL#  416 dt  11.200000 rms  0.527  0.124% neg 0  invalid 762 tFOTS 0.0000 tGradient 1.7610 tsec 2.1350
#GCMRL#  417 dt  11.200000 rms  0.527  0.117% neg 0  invalid 762 tFOTS 0.0000 tGradient 1.8060 tsec 2.1510
#GCMRL#  418 dt  11.200000 rms  0.526  0.120% neg 0  invalid 762 tFOTS 0.0000 tGradient 1.8500 tsec 2.1960
#GCMRL#  419 dt  11.200000 rms  0.526  0.120% neg 0  invalid 762 tFOTS 0.0000 tGradient 1.8340 tsec 2.1810
#GCMRL#  420 dt  11.200000 rms  0.525  0.127% neg 0  invalid 762 tFOTS 0.0000 tGradient 1.7820 tsec 2.1250
#GCMRL#  421 dt  11.200000 rms  0.524  0.130% neg 0  invalid 762 tFOTS 0.0000 tGradient 2.1250 tsec 2.5260
#GCMRL#  422 dt  11.200000 rms  0.524  0.122% neg 0  invalid 762 tFOTS 0.0000 tGradient 2.3490 tsec 2.7540
#GCMRL#  423 dt  11.200000 rms  0.523  0.128% neg 0  invalid 762 tFOTS 0.0000 tGradient 1.8420 tsec 2.1830
#GCMRL#  424 dt  11.200000 rms  0.522  0.113% neg 0  invalid 762 tFOTS 0.0000 tGradient 1.9370 tsec 2.3620
#GCMRL#  425 dt  11.200000 rms  0.522  0.123% neg 0  invalid 762 tFOTS 0.0000 tGradient 2.1130 tsec 2.5300
#GCMRL#  426 dt  11.200000 rms  0.521  0.117% neg 0  invalid 762 tFOTS 0.0000 tGradient 1.8880 tsec 2.2530
#GCMRL#  427 dt  11.200000 rms  0.520  0.120% neg 0  invalid 762 tFOTS 0.0000 tGradient 1.8270 tsec 2.1710
#GCMRL#  428 dt  11.200000 rms  0.520  0.114% neg 0  invalid 762 tFOTS 0.0000 tGradient 1.8170 tsec 2.1610
#GCMRL#  429 dt  11.200000 rms  0.519  0.104% neg 0  invalid 762 tFOTS 0.0000 tGradient 1.8240 tsec 2.1710
#GCMRL#  430 dt  11.200000 rms  0.519  0.106% neg 0  invalid 762 tFOTS 0.0000 tGradient 1.8220 tsec 2.1650
#GCMRL#  431 dt  11.200000 rms  0.518  0.086% neg 0  invalid 762 tFOTS 0.0000 tGradient 1.8270 tsec 2.1670
#GCMRL#  432 dt  11.200000 rms  0.518  0.087% neg 0  invalid 762 tFOTS 0.0000 tGradient 1.8440 tsec 2.1860
#GCMRL#  433 dt  11.200000 rms  0.517  0.080% neg 0  invalid 762 tFOTS 0.0000 tGradient 1.8780 tsec 2.2280
#GCMRL#  434 dt  11.200000 rms  0.517  0.078% neg 0  invalid 762 tFOTS 0.0000 tGradient 2.2610 tsec 2.6710
#GCMRL#  435 dt  11.200000 rms  0.517  0.074% neg 0  invalid 762 tFOTS 0.0000 tGradient 2.0030 tsec 2.3350
#GCMRL#  436 dt  11.200000 rms  0.516  0.071% neg 0  invalid 762 tFOTS 0.0000 tGradient 2.1160 tsec 2.5160
#GCMRL#  437 dt  11.200000 rms  0.516  0.064% neg 0  invalid 762 tFOTS 0.0000 tGradient 2.1320 tsec 2.4890
#GCMRL#  438 dt  11.200000 rms  0.516  0.058% neg 0  invalid 762 tFOTS 0.0000 tGradient 1.8760 tsec 2.2470
#GCMRL#  439 dt  11.200000 rms  0.515  0.057% neg 0  invalid 762 tFOTS 0.0000 tGradient 1.7920 tsec 2.1210
#GCMRL#  440 dt  11.200000 rms  0.515  0.054% neg 0  invalid 762 tFOTS 0.0000 tGradient 1.7500 tsec 2.0790
#GCMRL#  441 dt  11.200000 rms  0.515  0.050% neg 0  invalid 762 tFOTS 0.0000 tGradient 1.8580 tsec 2.1820
#GCMRL#  442 dt  11.200000 rms  0.515  0.049% neg 0  invalid 762 tFOTS 0.0000 tGradient 1.8970 tsec 2.2380
#GCMRL#  443 dt  11.200000 rms  0.514  0.054% neg 0  invalid 762 tFOTS 0.0000 tGradient 1.7680 tsec 2.1070
#GCMRL#  444 dt  11.200000 rms  0.514  0.053% neg 0  invalid 762 tFOTS 0.0000 tGradient 1.7700 tsec 2.1200
#GCMRL#  445 dt  11.200000 rms  0.514  0.048% neg 0  invalid 762 tFOTS 0.0000 tGradient 2.1060 tsec 2.4790
#GCMRL#  446 dt  11.200000 rms  0.514  0.038% neg 0  invalid 762 tFOTS 0.0000 tGradient 1.7650 tsec 2.1040
#GCMRL#  447 dt  11.200000 rms  0.513  0.036% neg 0  invalid 762 tFOTS 0.0000 tGradient 1.7180 tsec 2.0440
#GCMRL#  448 dt  11.200000 rms  0.513  0.036% neg 0  invalid 762 tFOTS 0.0000 tGradient 1.7080 tsec 2.0250
#GCMRL#  449 dt  11.200000 rms  0.513  0.044% neg 0  invalid 762 tFOTS 0.0000 tGradient 1.9780 tsec 2.3770
#GCMRL#  450 dt  11.200000 rms  0.513  0.041% neg 0  invalid 762 tFOTS 0.0000 tGradient 1.9830 tsec 2.3120
#GCMRL#  451 dt  11.200000 rms  0.513  0.041% neg 0  invalid 762 tFOTS 0.0000 tGradient 1.7820 tsec 2.1120
#GCMRL#  452 dt  11.200000 rms  0.512  0.030% neg 0  invalid 762 tFOTS 0.0000 tGradient 1.6840 tsec 2.0130
#GCMRL#  453 dt  11.200000 rms  0.512  0.031% neg 0  invalid 762 tFOTS 0.0000 tGradient 1.7050 tsec 2.0180
#GCMRL#  454 dt  11.200000 rms  0.512  0.030% neg 0  invalid 762 tFOTS 0.0000 tGradient 1.7990 tsec 2.1660
#GCMRL#  455 dt  11.200000 rms  0.512  0.038% neg 0  invalid 762 tFOTS 0.0000 tGradient 1.8860 tsec 2.1930
#GCMRL#  456 dt  11.200000 rms  0.512  0.028% neg 0  invalid 762 tFOTS 0.0000 tGradient 1.6600 tsec 2.0100
#GCMRL#  457 dt  11.200000 rms  0.512  0.041% neg 0  invalid 762 tFOTS 0.0000 tGradient 1.9610 tsec 2.3070
#GCMRL#  458 dt  11.200000 rms  0.511  0.041% neg 0  invalid 762 tFOTS 0.0000 tGradient 1.7220 tsec 2.0300
#GCMRL#  459 dt  11.200000 rms  0.511  0.032% neg 0  invalid 762 tFOTS 0.0000 tGradient 1.9470 tsec 2.2790
#GCMRL#  460 dt  11.200000 rms  0.511  0.036% neg 0  invalid 762 tFOTS 0.0000 tGradient 1.9350 tsec 2.2470
#GCMRL#  461 dt  11.200000 rms  0.511  0.022% neg 0  invalid 762 tFOTS 0.0000 tGradient 1.7820 tsec 2.0900
#GCMRL#  462 dt  11.200000 rms  0.511  0.036% neg 0  invalid 762 tFOTS 0.0000 tGradient 1.6930 tsec 1.9940
#GCMRL#  463 dt  11.200000 rms  0.511  0.027% neg 0  invalid 762 tFOTS 0.0000 tGradient 1.6980 tsec 1.9960
#GCMRL#  464 dt  11.200000 rms  0.510  0.027% neg 0  invalid 762 tFOTS 0.0000 tGradient 1.7170 tsec 2.0310
#GCMRL#  465 dt  11.200000 rms  0.510  0.029% neg 0  invalid 762 tFOTS 0.0000 tGradient 2.0460 tsec 2.4250
#GCMRL#  466 dt  11.200000 rms  0.510  0.028% neg 0  invalid 762 tFOTS 0.0000 tGradient 1.9500 tsec 2.2630
#GCMRL#  467 dt  11.200000 rms  0.510  0.023% neg 0  invalid 762 tFOTS 0.0000 tGradient 1.7370 tsec 2.0620
#GCMRL#  468 dt  11.200000 rms  0.510  0.023% neg 0  invalid 762 tFOTS 0.0000 tGradient 1.8500 tsec 2.2200
#FOTS# QuadFit found better minimum quadopt=(dt=44.8,rms=0.509852) vs oldopt=(dt=32,rms=0.509855)
#GCMRL#  469 dt  44.800000 rms  0.510  0.000% neg 0  invalid 762 tFOTS 4.5280 tGradient 1.8730 tsec 6.7540
#GCMRL#  470 dt  44.800000 rms  0.510  0.003% neg 0  invalid 762 tFOTS 0.0000 tGradient 1.6970 tsec 2.0090
#GCMRL#  471 dt  44.800000 rms  0.510  0.010% neg 0  invalid 762 tFOTS 0.0000 tGradient 1.7420 tsec 2.0320
#GCMRL#  472 dt  44.800000 rms  0.510  0.030% neg 0  invalid 762 tFOTS 0.0000 tGradient 1.7150 tsec 2.0140
#GCMRL#  473 dt  44.800000 rms  0.510  0.005% neg 0  invalid 762 tFOTS 0.0000 tGradient 1.7520 tsec 2.0770
#GCMRL#  474 dt  44.800000 rms  0.510  0.013% neg 0  invalid 762 tFOTS 0.0000 tGradient 1.6610 tsec 1.9850
#GCMRL#  475 dt  44.800000 rms  0.509  0.067% neg 0  invalid 762 tFOTS 0.0000 tGradient 1.7840 tsec 2.1200
#GCMRL#  476 dt  44.800000 rms  0.509  0.045% neg 0  invalid 762 tFOTS 0.0000 tGradient 1.7680 tsec 2.0600
#GCMRL#  477 dt  44.800000 rms  0.509 -0.013% neg 0  invalid 762 tFOTS 0.0000 tGradient 1.6600 tsec 2.1570
#FOTS# QuadFit found better minimum quadopt=(dt=11.2,rms=0.50895) vs oldopt=(dt=8,rms=0.508953)
#GCMRL#  478 dt  11.200000 rms  0.509  0.005% neg 0  invalid 762 tFOTS 4.1540 tGradient 1.6320 tsec 6.1150
#GCMRL#  479 dt  32.000000 rms  0.509  0.013% neg 0  invalid 762 tFOTS 3.9520 tGradient 1.7600 tsec 6.0250
#FOTS# QuadFit found better minimum quadopt=(dt=19.2,rms=0.508859) vs oldopt=(dt=32,rms=0.508863)
setting smoothness cost coefficient to 0.400

#GCAMreg# pass 0 level1 2 level2 0 tsec 0 sigma 2
l_jacobian=1.00 l_label=1.00 l_log_likelihood=0.20 l_smoothness=0.40 
tol=5.00e-02, dt=5.00e-02, exp_k=20.0, momentum=0.90, levels=6, niter=500, lbl_dist=10.00, avgs=4, sigma=2.0,type=2, relabel=0, neg=no

blurring input image with Gaussian with sigma=2.000...
GCAMRegisterLevel(): init RMS 0.537044
#GCMRL#  481 dt   0.000000 rms  0.536  0.102% neg 0  invalid 762 tFOTS 4.0690 tGradient 1.5260 tsec 5.9310
#GCMRL#  482 dt   0.150000 rms  0.536  0.000% neg 0  invalid 762 tFOTS 4.0860 tGradient 1.5680 tsec 6.2340

#GCAMreg# pass 0 level1 2 level2 1 tsec 23.621 sigma 0.5
l_jacobian=1.00 l_label=1.00 l_log_likelihood=0.20 l_smoothness=0.40 
tol=5.00e-02, dt=5.00e-02, exp_k=20.0, momentum=0.90, levels=6, niter=500, lbl_dist=10.00, avgs=4, sigma=0.5,type=2, relabel=0, neg=no

blurring input image with Gaussian with sigma=0.500...
GCAMRegisterLevel(): init RMS 0.537044
#GCMRL#  484 dt   0.000000 rms  0.536  0.102% neg 0  invalid 762 tFOTS 4.4510 tGradient 1.5570 tsec 6.3470
#GCMRL#  485 dt   0.150000 rms  0.536  0.000% neg 0  invalid 762 tFOTS 4.2400 tGradient 1.5450 tsec 6.3720
setting smoothness cost coefficient to 1.000

#GCAMreg# pass 0 level1 1 level2 0 tsec 0 sigma 2
l_jacobian=1.00 l_label=1.00 l_log_likelihood=0.20 l_smoothness=1.00 
tol=5.00e-02, dt=5.00e-02, exp_k=20.0, momentum=0.90, levels=6, niter=500, lbl_dist=10.00, avgs=1, sigma=2.0,type=2, relabel=0, neg=no

blurring input image with Gaussian with sigma=2.000...
GCAMRegisterLevel(): init RMS 0.591447
#FOTS# QuadFit found better minimum quadopt=(dt=1.024,rms=0.588435) vs oldopt=(dt=1.28,rms=0.588504)
#GCMRL#  487 dt   1.024000 rms  0.588  0.509% neg 0  invalid 762 tFOTS 4.2710 tGradient 1.3860 tsec 5.9820
#FOTS# QuadFit found better minimum quadopt=(dt=0.112,rms=0.588407) vs oldopt=(dt=0.08,rms=0.588413)
#GCMRL#  488 dt   0.112000 rms  0.588  0.000% neg 0  invalid 762 tFOTS 4.7040 tGradient 1.4010 tsec 6.5160
#GCMRL#  489 dt   0.112000 rms  0.588  0.002% neg 0  invalid 762 tFOTS 0.0000 tGradient 1.4790 tsec 1.8150

#GCAMreg# pass 0 level1 1 level2 1 tsec 25.675 sigma 0.5
l_jacobian=1.00 l_label=1.00 l_log_likelihood=0.20 l_smoothness=1.00 
tol=5.00e-02, dt=5.00e-02, exp_k=20.0, momentum=0.90, levels=6, niter=500, lbl_dist=10.00, avgs=1, sigma=0.5,type=2, relabel=0, neg=no

blurring input image with Gaussian with sigma=0.500...
GCAMRegisterLevel(): init RMS 0.588889
#GCMRL#  491 dt   0.320000 rms  0.588  0.105% neg 0  invalid 762 tFOTS 4.7580 tGradient 1.4460 tsec 6.5440
#GCMRL#  492 dt   0.020000 rms  0.588  0.000% neg 0  invalid 762 tFOTS 4.7660 tGradient 1.5530 tsec 6.9070
#GCMRL#  493 dt   0.020000 rms  0.588  0.000% neg 0  invalid 762 tFOTS 0.0000 tGradient 1.3840 tsec 1.7040
resetting metric properties...
setting smoothness cost coefficient to 2.000

#GCAMreg# pass 0 level1 0 level2 0 tsec 0 sigma 2
l_jacobian=1.00 l_label=1.00 l_log_likelihood=0.20 l_smoothness=2.00 
tol=5.00e-02, dt=5.00e-02, exp_k=20.0, momentum=0.90, levels=6, niter=500, lbl_dist=10.00, avgs=0, sigma=2.0,type=2, relabel=0, neg=no

blurring input image with Gaussian with sigma=2.000...
GCAMRegisterLevel(): init RMS 0.514735
#FOTS# QuadFit found better minimum quadopt=(dt=0.448,rms=0.499504) vs oldopt=(dt=0.32,rms=0.50352)
#GCMRL#  495 dt   0.448000 rms  0.500  2.959% neg 0  invalid 762 tFOTS 3.9420 tGradient 0.9130 tsec 5.2010
#FOTS# QuadFit found better minimum quadopt=(dt=0.448,rms=0.496209) vs oldopt=(dt=0.32,rms=0.497123)
#GCMRL#  496 dt   0.448000 rms  0.496  0.660% neg 0  invalid 762 tFOTS 4.1760 tGradient 0.8710 tsec 5.3820
#FOTS# QuadFit found better minimum quadopt=(dt=0.448,rms=0.494371) vs oldopt=(dt=0.32,rms=0.494891)
#GCMRL#  497 dt   0.448000 rms  0.494  0.370% neg 0  invalid 762 tFOTS 3.9890 tGradient 0.9130 tsec 5.2470
#FOTS# QuadFit found better minimum quadopt=(dt=0.448,rms=0.49323) vs oldopt=(dt=0.32,rms=0.493548)
#GCMRL#  498 dt   0.448000 rms  0.493  0.231% neg 0  invalid 762 tFOTS 4.0620 tGradient 0.9880 tsec 5.3990
#FOTS# QuadFit found better minimum quadopt=(dt=0.448,rms=0.492368) vs oldopt=(dt=0.32,rms=0.492604)
#GCMRL#  499 dt   0.448000 rms  0.492  0.175% neg 0  invalid 762 tFOTS 4.1190 tGradient 0.9240 tsec 5.4000
#FOTS# QuadFit found better minimum quadopt=(dt=0.448,rms=0.491774) vs oldopt=(dt=0.32,rms=0.491942)
#GCMRL#  500 dt   0.448000 rms  0.492  0.121% neg 0  invalid 762 tFOTS 4.0010 tGradient 0.9040 tsec 5.2520
#FOTS# QuadFit found better minimum quadopt=(dt=0.448,rms=0.491258) vs oldopt=(dt=0.32,rms=0.491398)
#GCMRL#  501 dt   0.448000 rms  0.491  0.105% neg 0  invalid 762 tFOTS 3.9800 tGradient 0.8560 tsec 5.1810
#FOTS# QuadFit found better minimum quadopt=(dt=0.448,rms=0.490892) vs oldopt=(dt=0.32,rms=0.490993)
#GCMRL#  502 dt   0.448000 rms  0.491  0.074% neg 0  invalid 762 tFOTS 4.3770 tGradient 0.9420 tsec 5.7410
#FOTS# QuadFit found better minimum quadopt=(dt=0.448,rms=0.490555) vs oldopt=(dt=0.32,rms=0.490648)
#GCMRL#  503 dt   0.448000 rms  0.491  0.069% neg 0  invalid 762 tFOTS 4.4370 tGradient 0.9670 tsec 5.7650
#FOTS# QuadFit found better minimum quadopt=(dt=0.448,rms=0.490306) vs oldopt=(dt=0.32,rms=0.490372)
#GCMRL#  504 dt   0.448000 rms  0.490  0.051% neg 0  invalid 762 tFOTS 4.1320 tGradient 0.9340 tsec 5.4190
#FOTS# QuadFit found better minimum quadopt=(dt=0.448,rms=0.490046) vs oldopt=(dt=0.32,rms=0.490113)
#GCMRL#  505 dt   0.448000 rms  0.490  0.053% neg 0  invalid 762 tFOTS 3.9130 tGradient 0.8930 tsec 5.1540
#FOTS# QuadFit found better minimum quadopt=(dt=0.448,rms=0.489889) vs oldopt=(dt=0.32,rms=0.489934)
#GCMRL#  506 dt   0.448000 rms  0.490  0.000% neg 0  invalid 762 tFOTS 3.9230 tGradient 0.9350 tsec 5.2920
#GCMRL#  507 dt   0.448000 rms  0.490  0.038% neg 0  invalid 762 tFOTS 0.0000 tGradient 0.9180 tsec 1.2550
#GCMRL#  508 dt   0.448000 rms  0.489  0.059% neg 0  invalid 762 tFOTS 0.0000 tGradient 0.8990 tsec 1.2320
#GCMRL#  509 dt   0.448000 rms  0.489  0.076% neg 0  invalid 762 tFOTS 0.0000 tGradient 0.8870 tsec 1.2240
#GCMRL#  510 dt   0.448000 rms  0.489  0.080% neg 0  invalid 762 tFOTS 0.0000 tGradient 0.8270 tsec 1.1620
#GCMRL#  511 dt   0.448000 rms  0.488  0.071% neg 0  invalid 762 tFOTS 0.0000 tGradient 0.8590 tsec 1.1930
#GCMRL#  512 dt   0.448000 rms  0.488 -0.003% neg 0  invalid 762 tFOTS 0.0000 tGradient 0.9190 tsec 1.6750
#FOTS# QuadFit found better minimum quadopt=(dt=0.028,rms=0.488285) vs oldopt=(dt=0.02,rms=0.488285)
#GCMRL#  513 dt   0.028000 rms  0.488  0.000% neg 0  invalid 762 tFOTS 4.3550 tGradient 0.9290 tsec 5.6730
#FOTS# QuadFit found better minimum quadopt=(dt=0.028,rms=0.488276) vs oldopt=(dt=0.02,rms=0.488276)
#GCMRL#  514 dt   0.028000 rms  0.488  0.002% neg 0  invalid 762 tFOTS 4.1130 tGradient 0.9830 tsec 5.4370
#FOTS# QuadFit found better minimum quadopt=(dt=0.007,rms=0.488287) vs oldopt=(dt=0.005,rms=0.488287)

#GCAMreg# pass 0 level1 0 level2 1 tsec 98.155 sigma 0.5
l_jacobian=1.00 l_label=1.00 l_log_likelihood=0.20 l_smoothness=2.00 
tol=5.00e-02, dt=5.00e-02, exp_k=20.0, momentum=0.90, levels=6, niter=500, lbl_dist=10.00, avgs=0, sigma=0.5,type=2, relabel=0, neg=no

blurring input image with Gaussian with sigma=0.500...
GCAMRegisterLevel(): init RMS 0.488923
#FOTS# QuadFit found better minimum quadopt=(dt=0.448,rms=0.484717) vs oldopt=(dt=0.32,rms=0.485677)
#GCMRL#  516 dt   0.448000 rms  0.485  0.860% neg 0  invalid 762 tFOTS 4.0800 tGradient 0.8960 tsec 5.3190
#FOTS# QuadFit found better minimum quadopt=(dt=0.448,rms=0.48444) vs oldopt=(dt=0.32,rms=0.484509)
#GCMRL#  517 dt   0.448000 rms  0.484  0.057% neg 0  invalid 762 tFOTS 4.0860 tGradient 0.8920 tsec 5.3230
#FOTS# QuadFit found better minimum quadopt=(dt=0.448,rms=0.484373) vs oldopt=(dt=0.32,rms=0.484384)
#GCMRL#  518 dt   0.448000 rms  0.484  0.000% neg 0  invalid 762 tFOTS 4.1110 tGradient 0.8750 tsec 5.3540
#GCMRL#  519 dt   0.448000 rms  0.484  0.005% neg 0  invalid 762 tFOTS 0.0000 tGradient 0.8930 tsec 1.2250
#GCMRL#  520 dt   0.448000 rms  0.484  0.006% neg 0  invalid 762 tFOTS 0.0000 tGradient 0.8640 tsec 1.1940
GCAMregister done in 30.7164 min
********************* ALLOWING NEGATIVE NODES IN DEFORMATION********************************
noneg post
Starting GCAMregister()
label assignment complete, 0 changed (0.00%)
npasses = 1, nlevels = 6
#pass# 1 of 1 ************************
enabling zero nodes
setting smoothness cost coefficient to 0.008

#GCAMreg# pass 0 level1 5 level2 0 tsec 0 sigma 2
l_jacobian=1.00 l_label=1.00 l_log_likelihood=0.20 l_smoothness=0.01 
tol=2.50e-01, dt=5.00e-02, exp_k=20.0, momentum=0.90, levels=6, niter=500, lbl_dist=10.00, avgs=256, sigma=2.0,type=2, relabel=0, neg=yes

blurring input image with Gaussian with sigma=2.000...
GCAMRegisterLevel(): init RMS 0.482802
#GCMRL#  522 dt   0.000000 rms  0.482  0.135% neg 0  invalid 762 tFOTS 4.8560 tGradient 2.4450 tsec 7.6430

#GCAMreg# pass 0 level1 5 level2 1 tsec 24.834 sigma 0.5
l_jacobian=1.00 l_label=1.00 l_log_likelihood=0.20 l_smoothness=0.01 
tol=2.50e-01, dt=5.00e-02, exp_k=20.0, momentum=0.90, levels=6, niter=500, lbl_dist=10.00, avgs=256, sigma=0.5,type=2, relabel=0, neg=yes

blurring input image with Gaussian with sigma=0.500...
GCAMRegisterLevel(): init RMS 0.482802
#FOTS# QuadFit found better minimum quadopt=(dt=295.936,rms=0.481682) vs oldopt=(dt=369.92,rms=0.481757)
#GCMRL#  524 dt 295.936000 rms  0.482  0.232% neg 0  invalid 762 tFOTS 4.9900 tGradient 2.4410 tsec 7.7700
#FOTS# QuadFit found better minimum quadopt=(dt=73.984,rms=0.481423) vs oldopt=(dt=92.48,rms=0.481429)
#GCMRL#  525 dt  73.984000 rms  0.481  0.000% neg 0  invalid 762 tFOTS 4.8480 tGradient 2.3780 tsec 7.5920
#GCMRL#  526 dt  73.984000 rms  0.481  0.005% neg 0  invalid 762 tFOTS 0.0000 tGradient 2.3720 tsec 2.7030
#GCMRL#  527 dt  73.984000 rms  0.481  0.022% neg 0  invalid 762 tFOTS 0.0000 tGradient 2.3650 tsec 2.6870
#GCMRL#  528 dt  73.984000 rms  0.481  0.031% neg 0  invalid 762 tFOTS 0.0000 tGradient 2.3590 tsec 2.6810
#GCMRL#  529 dt  73.984000 rms  0.481  0.023% neg 0  invalid 762 tFOTS 0.0000 tGradient 2.4590 tsec 2.7840
#GCMRL#  530 dt  73.984000 rms  0.481  0.028% neg 0  invalid 762 tFOTS 0.0000 tGradient 2.3670 tsec 2.6910
setting smoothness cost coefficient to 0.031

#GCAMreg# pass 0 level1 4 level2 0 tsec 0 sigma 2
l_jacobian=1.00 l_label=1.00 l_log_likelihood=0.20 l_smoothness=0.03 
tol=2.50e-01, dt=5.00e-02, exp_k=20.0, momentum=0.90, levels=6, niter=500, lbl_dist=10.00, avgs=64, sigma=2.0,type=2, relabel=0, neg=yes

blurring input image with Gaussian with sigma=2.000...
GCAMRegisterLevel(): init RMS 0.481496
#FOTS# QuadFit found better minimum quadopt=(dt=9.072,rms=0.480822) vs oldopt=(dt=6.48,rms=0.480828)
#GCMRL#  532 dt   9.072000 rms  0.481  0.140% neg 0  invalid 762 tFOTS 5.1520 tGradient 1.9940 tsec 7.4810
#FOTS# QuadFit found better minimum quadopt=(dt=9.072,rms=0.480815) vs oldopt=(dt=6.48,rms=0.480817)
#GCMRL#  533 dt   9.072000 rms  0.481  0.000% neg 0  invalid 762 tFOTS 5.0500 tGradient 2.0780 tsec 7.4840

#GCAMreg# pass 0 level1 4 level2 1 tsec 26.921 sigma 0.5
l_jacobian=1.00 l_label=1.00 l_log_likelihood=0.20 l_smoothness=0.03 
tol=2.50e-01, dt=5.00e-02, exp_k=20.0, momentum=0.90, levels=6, niter=500, lbl_dist=10.00, avgs=64, sigma=0.5,type=2, relabel=0, neg=yes

blurring input image with Gaussian with sigma=0.500...
GCAMRegisterLevel(): init RMS 0.481449
#FOTS# QuadFit found better minimum quadopt=(dt=145.152,rms=0.478754) vs oldopt=(dt=103.68,rms=0.479161)
#GCMRL#  535 dt 145.152000 rms  0.479  0.560% neg 0  invalid 762 tFOTS 4.7550 tGradient 2.1370 tsec 7.2300
#FOTS# QuadFit found better minimum quadopt=(dt=36.288,rms=0.478397) vs oldopt=(dt=25.92,rms=0.478444)
#GCMRL#  536 dt  36.288000 rms  0.478  0.000% neg 0  invalid 762 tFOTS 5.1090 tGradient 2.4290 tsec 7.9580
#GCMRL#  537 dt  36.288000 rms  0.478  0.045% neg 0  invalid 762 tFOTS 0.0000 tGradient 2.0570 tsec 2.3720
#GCMRL#  538 dt  36.288000 rms  0.478  0.066% neg 0  invalid 762 tFOTS 0.0000 tGradient 1.9730 tsec 2.2980
#GCMRL#  539 dt  36.288000 rms  0.477  0.090% neg 0  invalid 762 tFOTS 0.0000 tGradient 1.9710 tsec 2.2940
#GCMRL#  540 dt  36.288000 rms  0.477  0.108% neg 0  invalid 762 tFOTS 0.0000 tGradient 1.9810 tsec 2.3030
#GCMRL#  541 dt  36.288000 rms  0.476  0.115% neg 0  invalid 762 tFOTS 0.0000 tGradient 1.9730 tsec 2.2950
#GCMRL#  542 dt  36.288000 rms  0.476  0.104% neg 0  invalid 762 tFOTS 0.0000 tGradient 1.9680 tsec 2.2870
#GCMRL#  543 dt  36.288000 rms  0.475  0.093% neg 0  invalid 762 tFOTS 0.0000 tGradient 1.9900 tsec 2.3340
#FOTS# QuadFit found better minimum quadopt=(dt=124.416,rms=0.475322) vs oldopt=(dt=103.68,rms=0.475325)
setting smoothness cost coefficient to 0.118

#GCAMreg# pass 0 level1 3 level2 0 tsec 0 sigma 2
l_jacobian=1.00 l_label=1.00 l_log_likelihood=0.20 l_smoothness=0.12 
tol=2.50e-01, dt=5.00e-02, exp_k=20.0, momentum=0.90, levels=6, niter=500, lbl_dist=10.00, avgs=16, sigma=2.0,type=2, relabel=0, neg=yes

blurring input image with Gaussian with sigma=2.000...
GCAMRegisterLevel(): init RMS 0.476208
#GCMRL#  545 dt  32.000000 rms  0.474  0.480% neg 0  invalid 762 tFOTS 5.2490 tGradient 1.8310 tsec 7.4220
#FOTS# QuadFit found better minimum quadopt=(dt=67.236,rms=0.47143) vs oldopt=(dt=32,rms=0.471865)
iter 0, gcam->neg = 7
after 9 iterations, nbhd size=1, neg = 0
#GCMRL#  546 dt  67.235955 rms  0.471  0.518% neg 0  invalid 762 tFOTS 5.2310 tGradient 1.8860 tsec 12.7270
#FOTS# QuadFit found better minimum quadopt=(dt=23.3383,rms=0.469854) vs oldopt=(dt=32,rms=0.470137)
iter 0, gcam->neg = 1
after 0 iterations, nbhd size=0, neg = 0
#GCMRL#  547 dt  23.338346 rms  0.470  0.342% neg 0  invalid 762 tFOTS 5.0680 tGradient 1.5960 tsec 8.0520
#FOTS# QuadFit found better minimum quadopt=(dt=44.8,rms=0.468174) vs oldopt=(dt=32,rms=0.468426)
iter 0, gcam->neg = 1
after 0 iterations, nbhd size=0, neg = 0
#GCMRL#  548 dt  44.800000 rms  0.468  0.358% neg 0  invalid 762 tFOTS 5.2840 tGradient 1.6530 tsec 8.2840
#FOTS# QuadFit found better minimum quadopt=(dt=25.6,rms=0.467659) vs oldopt=(dt=32,rms=0.467735)
#GCMRL#  549 dt  25.600000 rms  0.468  0.000% neg 0  invalid 762 tFOTS 5.2460 tGradient 1.5460 tsec 7.1570
#GCMRL#  550 dt  25.600000 rms  0.467  0.154% neg 0  invalid 762 tFOTS 0.0000 tGradient 1.6920 tsec 2.0140
#GCMRL#  551 dt  25.600000 rms  0.466  0.206% neg 0  invalid 762 tFOTS 0.0000 tGradient 1.7050 tsec 2.0290
iter 0, gcam->neg = 2
after 2 iterations, nbhd size=0, neg = 0
#GCMRL#  552 dt  25.600000 rms  0.465  0.223% neg 0  invalid 762 tFOTS 0.0000 tGradient 1.6760 tsec 4.0580
iter 0, gcam->neg = 3
after 1 iterations, nbhd size=0, neg = 0
#GCMRL#  553 dt  25.600000 rms  0.464  0.261% neg 0  invalid 762 tFOTS 0.0000 tGradient 1.6860 tsec 3.5550
iter 0, gcam->neg = 2
after 0 iterations, nbhd size=0, neg = 0
#GCMRL#  554 dt  25.600000 rms  0.463  0.239% neg 0  invalid 762 tFOTS 0.0000 tGradient 1.6900 tsec 3.1070
#GCMRL#  555 dt  25.600000 rms  0.462  0.234% neg 0  invalid 762 tFOTS 0.0000 tGradient 1.6540 tsec 1.9790
iter 0, gcam->neg = 3
after 1 iterations, nbhd size=0, neg = 0
#GCMRL#  556 dt  25.600000 rms  0.461  0.166% neg 0  invalid 762 tFOTS 0.0000 tGradient 1.6630 tsec 3.5610
iter 0, gcam->neg = 1
after 3 iterations, nbhd size=0, neg = 0
#GCMRL#  557 dt  25.600000 rms  0.460  0.203% neg 0  invalid 762 tFOTS 0.0000 tGradient 1.7030 tsec 4.5990
iter 0, gcam->neg = 1
after 7 iterations, nbhd size=1, neg = 0
#GCMRL#  558 dt  25.600000 rms  0.459  0.126% neg 0  invalid 762 tFOTS 0.0000 tGradient 1.6920 tsec 6.3630
iter 0, gcam->neg = 1
after 6 iterations, nbhd size=1, neg = 0
#GCMRL#  559 dt  25.600000 rms  0.459  0.155% neg 0  invalid 762 tFOTS 0.0000 tGradient 1.6830 tsec 6.0180
#GCMRL#  560 dt  25.600000 rms  0.458  0.098% neg 0  invalid 762 tFOTS 0.0000 tGradient 1.7120 tsec 2.0410
iter 0, gcam->neg = 3
after 6 iterations, nbhd size=1, neg = 0
#GCMRL#  561 dt  25.600000 rms  0.458  0.128% neg 0  invalid 762 tFOTS 0.0000 tGradient 1.6550 tsec 5.9780
iter 0, gcam->neg = 2
after 8 iterations, nbhd size=1, neg = 0
#GCMRL#  562 dt  25.600000 rms  0.457  0.112% neg 0  invalid 762 tFOTS 0.0000 tGradient 1.6390 tsec 6.8710
iter 0, gcam->neg = 2
after 0 iterations, nbhd size=0, neg = 0
#GCMRL#  563 dt  25.600000 rms  0.457  0.101% neg 0  invalid 762 tFOTS 0.0000 tGradient 1.6030 tsec 3.0390
#FOTS# QuadFit found better minimum quadopt=(dt=11.2,rms=0.456385) vs oldopt=(dt=8,rms=0.456413)
#GCMRL#  564 dt  11.200000 rms  0.456  0.000% neg 0  invalid 762 tFOTS 5.3370 tGradient 1.6100 tsec 7.3230
#GCMRL#  565 dt  11.200000 rms  0.456  0.023% neg 0  invalid 762 tFOTS 0.0000 tGradient 1.5780 tsec 1.9080
#GCMRL#  566 dt  11.200000 rms  0.456  0.016% neg 0  invalid 762 tFOTS 0.0000 tGradient 1.5830 tsec 1.9170
#GCMRL#  567 dt  11.200000 rms  0.456  0.025% neg 0  invalid 762 tFOTS 0.0000 tGradient 1.5740 tsec 1.9060

#GCAMreg# pass 0 level1 3 level2 1 tsec 123.24 sigma 0.5
l_jacobian=1.00 l_label=1.00 l_log_likelihood=0.20 l_smoothness=0.12 
tol=2.50e-01, dt=5.00e-02, exp_k=20.0, momentum=0.90, levels=6, niter=500, lbl_dist=10.00, avgs=16, sigma=0.5,type=2, relabel=0, neg=yes

blurring input image with Gaussian with sigma=0.500...
GCAMRegisterLevel(): init RMS 0.456661
#FOTS# QuadFit found better minimum quadopt=(dt=69.6471,rms=0.452839) vs oldopt=(dt=32,rms=0.453492)
#GCMRL#  569 dt  69.647059 rms  0.453  0.837% neg 0  invalid 762 tFOTS 5.6090 tGradient 1.6480 tsec 7.6110
#FOTS# QuadFit found better minimum quadopt=(dt=24.8136,rms=0.451823) vs oldopt=(dt=32,rms=0.451963)
#GCMRL#  570 dt  24.813559 rms  0.452  0.000% neg 0  invalid 762 tFOTS 5.2850 tGradient 1.6540 tsec 7.3210
#GCMRL#  571 dt  24.813559 rms  0.452  0.039% neg 0  invalid 762 tFOTS 0.0000 tGradient 1.6780 tsec 2.0590
#GCMRL#  572 dt  24.813559 rms  0.451  0.074% neg 0  invalid 762 tFOTS 0.0000 tGradient 1.6730 tsec 2.0050
#GCMRL#  573 dt  24.813559 rms  0.451  0.102% neg 0  invalid 762 tFOTS 0.0000 tGradient 1.6350 tsec 1.9660
#GCMRL#  574 dt  24.813559 rms  0.450  0.080% neg 0  invalid 762 tFOTS 0.0000 tGradient 1.6340 tsec 1.9650
#GCMRL#  575 dt  24.813559 rms  0.450  0.097% neg 0  invalid 762 tFOTS 0.0000 tGradient 1.6480 tsec 1.9830
iter 0, gcam->neg = 1
after 1 iterations, nbhd size=0, neg = 0
#GCMRL#  576 dt  24.813559 rms  0.450  0.052% neg 0  invalid 762 tFOTS 0.0000 tGradient 1.6450 tsec 3.5990
#FOTS# QuadFit found better minimum quadopt=(dt=11.2,rms=0.449756) vs oldopt=(dt=8,rms=0.449765)
setting smoothness cost coefficient to 0.400

#GCAMreg# pass 0 level1 2 level2 0 tsec 0 sigma 2
l_jacobian=1.00 l_label=1.00 l_log_likelihood=0.20 l_smoothness=0.40 
tol=2.50e-01, dt=5.00e-02, exp_k=20.0, momentum=0.90, levels=6, niter=500, lbl_dist=10.00, avgs=4, sigma=2.0,type=2, relabel=0, neg=yes

blurring input image with Gaussian with sigma=2.000...
GCAMRegisterLevel(): init RMS 0.456141
#FOTS# QuadFit found better minimum quadopt=(dt=0.432,rms=0.455426) vs oldopt=(dt=0.72,rms=0.455427)
#GCMRL#  578 dt   0.432000 rms  0.455  0.157% neg 0  invalid 762 tFOTS 5.0430 tGradient 1.5180 tsec 6.9060
#FOTS# QuadFit found better minimum quadopt=(dt=0.216,rms=0.455411) vs oldopt=(dt=0.18,rms=0.455411)
#GCMRL#  579 dt   0.216000 rms  0.455  0.000% neg 0  invalid 762 tFOTS 5.1680 tGradient 1.6430 tsec 7.1790

#GCAMreg# pass 0 level1 2 level2 1 tsec 25.567 sigma 0.5
l_jacobian=1.00 l_label=1.00 l_log_likelihood=0.20 l_smoothness=0.40 
tol=2.50e-01, dt=5.00e-02, exp_k=20.0, momentum=0.90, levels=6, niter=500, lbl_dist=10.00, avgs=4, sigma=0.5,type=2, relabel=0, neg=yes

blurring input image with Gaussian with sigma=0.500...
GCAMRegisterLevel(): init RMS 0.456135
#FOTS# QuadFit found better minimum quadopt=(dt=2.304,rms=0.455326) vs oldopt=(dt=2.88,rms=0.45533)
#GCMRL#  581 dt   2.304000 rms  0.455  0.177% neg 0  invalid 762 tFOTS 5.0050 tGradient 1.4420 tsec 6.7870
#FOTS# QuadFit found better minimum quadopt=(dt=1.25,rms=0.455303) vs oldopt=(dt=0.72,rms=0.455308)
#GCMRL#  582 dt   1.250000 rms  0.455  0.000% neg 0  invalid 762 tFOTS 5.2430 tGradient 1.4520 tsec 7.0940
#GCMRL#  583 dt   1.250000 rms  0.455  0.001% neg 0  invalid 762 tFOTS 0.0000 tGradient 1.6100 tsec 1.9500
setting smoothness cost coefficient to 1.000

#GCAMreg# pass 0 level1 1 level2 0 tsec 0 sigma 2
l_jacobian=1.00 l_label=1.00 l_log_likelihood=0.20 l_smoothness=1.00 
tol=2.50e-01, dt=5.00e-02, exp_k=20.0, momentum=0.90, levels=6, niter=500, lbl_dist=10.00, avgs=1, sigma=2.0,type=2, relabel=0, neg=yes

blurring input image with Gaussian with sigma=2.000...
GCAMRegisterLevel(): init RMS 0.465534
#FOTS# QuadFit found better minimum quadopt=(dt=1.024,rms=0.464305) vs oldopt=(dt=1.28,rms=0.464366)
#GCMRL#  585 dt   1.024000 rms  0.464  0.264% neg 0  invalid 762 tFOTS 5.2280 tGradient 1.3450 tsec 6.9150
#FOTS# QuadFit found better minimum quadopt=(dt=0.112,rms=0.464319) vs oldopt=(dt=0.08,rms=0.464321)
#GCMRL#  586 dt   0.112000 rms  0.464  0.000% neg 0  invalid 762 tFOTS 5.6270 tGradient 1.4550 tsec 7.7780
#GCMRL#  587 dt   0.112000 rms  0.464  0.002% neg 0  invalid 762 tFOTS 0.0000 tGradient 1.5070 tsec 1.8700
#GCMRL#  588 dt   0.112000 rms  0.464  0.000% neg 0  invalid 762 tFOTS 0.0000 tGradient 1.4660 tsec 1.7930

#GCAMreg# pass 0 level1 1 level2 1 tsec 29.612 sigma 0.5
l_jacobian=1.00 l_label=1.00 l_log_likelihood=0.20 l_smoothness=1.00 
tol=2.50e-01, dt=5.00e-02, exp_k=20.0, momentum=0.90, levels=6, niter=500, lbl_dist=10.00, avgs=1, sigma=0.5,type=2, relabel=0, neg=yes

blurring input image with Gaussian with sigma=0.500...
GCAMRegisterLevel(): init RMS 0.465005
#GCMRL#  590 dt   1.280000 rms  0.464  0.271% neg 0  invalid 762 tFOTS 5.3210 tGradient 1.3750 tsec 7.0860
#FOTS# QuadFit found better minimum quadopt=(dt=0.448,rms=0.463693) vs oldopt=(dt=0.32,rms=0.463705)
#GCMRL#  591 dt   0.448000 rms  0.464  0.000% neg 0  invalid 762 tFOTS 5.7010 tGradient 1.5300 tsec 7.5850
#GCMRL#  592 dt   0.448000 rms  0.464  0.006% neg 0  invalid 762 tFOTS 0.0000 tGradient 1.3550 tsec 1.6790
resetting metric properties...
setting smoothness cost coefficient to 2.000

#GCAMreg# pass 0 level1 0 level2 0 tsec 0 sigma 2
l_jacobian=1.00 l_label=1.00 l_log_likelihood=0.20 l_smoothness=2.00 
tol=2.50e-01, dt=5.00e-02, exp_k=20.0, momentum=0.90, levels=6, niter=500, lbl_dist=10.00, avgs=0, sigma=2.0,type=2, relabel=0, neg=yes

blurring input image with Gaussian with sigma=2.000...
GCAMRegisterLevel(): init RMS 0.456044
#FOTS# QuadFit found better minimum quadopt=(dt=2.447,rms=0.418752) vs oldopt=(dt=1.28,rms=0.427013)
iter 0, gcam->neg = 694
after 14 iterations, nbhd size=1, neg = 0
#GCMRL#  594 dt   2.447002 rms  0.422  7.508% neg 0  invalid 762 tFOTS 5.3320 tGradient 0.8610 tsec 12.9430
#FOTS# QuadFit found better minimum quadopt=(dt=0.112,rms=0.421268) vs oldopt=(dt=0.08,rms=0.421315)
#GCMRL#  595 dt   0.112000 rms  0.421  0.000% neg 0  invalid 762 tFOTS 5.3000 tGradient 0.9290 tsec 6.6040

#GCAMreg# pass 0 level1 0 level2 1 tsec 30.354 sigma 0.5
l_jacobian=1.00 l_label=1.00 l_log_likelihood=0.20 l_smoothness=2.00 
tol=2.50e-01, dt=5.00e-02, exp_k=20.0, momentum=0.90, levels=6, niter=500, lbl_dist=10.00, avgs=0, sigma=0.5,type=2, relabel=0, neg=yes

blurring input image with Gaussian with sigma=0.500...
GCAMRegisterLevel(): init RMS 0.42205
#FOTS# QuadFit found better minimum quadopt=(dt=0.064,rms=0.421147) vs oldopt=(dt=0.08,rms=0.421162)
#GCMRL#  597 dt   0.064000 rms  0.421  0.214% neg 0  invalid 762 tFOTS 5.1390 tGradient 0.8940 tsec 6.3770
label assignment complete, 0 changed (0.00%)
GCAMregister done in 7.05505 min
Starting GCAMcomputeMaxPriorLabels()
Morphing with label term set to 0 *******************************
Starting GCAMregister()
label assignment complete, 0 changed (0.00%)
npasses = 1, nlevels = 6
#pass# 1 of 1 ************************
enabling zero nodes
setting smoothness cost coefficient to 0.008

#GCAMreg# pass 0 level1 5 level2 0 tsec 0 sigma 2
l_jacobian=1.00 l_log_likelihood=0.20 l_smoothness=0.01 
tol=2.50e-01, dt=5.00e-02, exp_k=20.0, momentum=0.90, levels=6, niter=500, lbl_dist=10.00, avgs=256, sigma=2.0,type=2, relabel=0, neg=yes

blurring input image with Gaussian with sigma=2.000...
GCAMRegisterLevel(): init RMS 0.403808

#GCAMreg# pass 0 level1 5 level2 1 tsec 16.784 sigma 0.5
l_jacobian=1.00 l_log_likelihood=0.20 l_smoothness=0.01 
tol=2.50e-01, dt=5.00e-02, exp_k=20.0, momentum=0.90, levels=6, niter=500, lbl_dist=10.00, avgs=256, sigma=0.5,type=2, relabel=0, neg=yes

blurring input image with Gaussian with sigma=0.500...
GCAMRegisterLevel(): init RMS 0.403808
#FOTS# QuadFit found better minimum quadopt=(dt=27.744,rms=0.4038) vs oldopt=(dt=23.12,rms=0.4038)
#GCMRL#  600 dt  27.744000 rms  0.404  0.002% neg 0  invalid 762 tFOTS 4.7600 tGradient 1.7600 tsec 6.8330
#FOTS# QuadFit found better minimum quadopt=(dt=8.092,rms=0.4038) vs oldopt=(dt=5.78,rms=0.4038)
#GCMRL#  601 dt   8.092000 rms  0.404  0.000% neg 0  invalid 762 tFOTS 4.5130 tGradient 1.7290 tsec 6.5820
#GCMRL#  602 dt   8.092000 rms  0.404  0.000% neg 0  invalid 762 tFOTS 0.0000 tGradient 1.8060 tsec 2.1090
setting smoothness cost coefficient to 0.031

#GCAMreg# pass 0 level1 4 level2 0 tsec 0 sigma 2
l_jacobian=1.00 l_log_likelihood=0.20 l_smoothness=0.03 
tol=2.50e-01, dt=5.00e-02, exp_k=20.0, momentum=0.90, levels=6, niter=500, lbl_dist=10.00, avgs=64, sigma=2.0,type=2, relabel=0, neg=yes

blurring input image with Gaussian with sigma=2.000...
GCAMRegisterLevel(): init RMS 0.404013

#GCAMreg# pass 0 level1 4 level2 1 tsec 15.51 sigma 0.5
l_jacobian=1.00 l_log_likelihood=0.20 l_smoothness=0.03 
tol=2.50e-01, dt=5.00e-02, exp_k=20.0, momentum=0.90, levels=6, niter=500, lbl_dist=10.00, avgs=64, sigma=0.5,type=2, relabel=0, neg=yes

blurring input image with Gaussian with sigma=0.500...
GCAMRegisterLevel(): init RMS 0.404013
#FOTS# QuadFit found better minimum quadopt=(dt=36.288,rms=0.403881) vs oldopt=(dt=25.92,rms=0.403908)
#GCMRL#  605 dt  36.288000 rms  0.404  0.033% neg 0  invalid 762 tFOTS 4.6300 tGradient 1.2780 tsec 6.2270
#FOTS# QuadFit found better minimum quadopt=(dt=124.416,rms=0.403738) vs oldopt=(dt=103.68,rms=0.403738)
#GCMRL#  606 dt 124.416000 rms  0.404  0.035% neg 0  invalid 762 tFOTS 4.3740 tGradient 1.2820 tsec 5.9570
#FOTS# QuadFit found better minimum quadopt=(dt=145.152,rms=0.403536) vs oldopt=(dt=103.68,rms=0.403571)
#GCMRL#  607 dt 145.152000 rms  0.404  0.050% neg 0  invalid 762 tFOTS 4.3370 tGradient 1.2980 tsec 5.9450
#FOTS# QuadFit found better minimum quadopt=(dt=36.288,rms=0.40352) vs oldopt=(dt=25.92,rms=0.403522)
#GCMRL#  608 dt  36.288000 rms  0.404  0.000% neg 0  invalid 762 tFOTS 4.4770 tGradient 1.2150 tsec 6.0150
#GCMRL#  609 dt  36.288000 rms  0.404  0.004% neg 0  invalid 762 tFOTS 0.0000 tGradient 1.2420 tsec 1.5200
#GCMRL#  610 dt  36.288000 rms  0.403  0.007% neg 0  invalid 762 tFOTS 0.0000 tGradient 1.2360 tsec 1.5150
#GCMRL#  611 dt  36.288000 rms  0.403  0.010% neg 0  invalid 762 tFOTS 0.0000 tGradient 1.5530 tsec 1.9370
#GCMRL#  612 dt  36.288000 rms  0.403  0.013% neg 0  invalid 762 tFOTS 0.0000 tGradient 1.2440 tsec 1.5360
#GCMRL#  613 dt  36.288000 rms  0.403  0.015% neg 0  invalid 762 tFOTS 0.0000 tGradient 1.2220 tsec 1.5130
#GCMRL#  614 dt  36.288000 rms  0.403  0.013% neg 0  invalid 762 tFOTS 0.0000 tGradient 1.3920 tsec 1.6810
setting smoothness cost coefficient to 0.118

#GCAMreg# pass 0 level1 3 level2 0 tsec 0 sigma 2
l_jacobian=1.00 l_log_likelihood=0.20 l_smoothness=0.12 
tol=2.50e-01, dt=5.00e-02, exp_k=20.0, momentum=0.90, levels=6, niter=500, lbl_dist=10.00, avgs=16, sigma=2.0,type=2, relabel=0, neg=yes

blurring input image with Gaussian with sigma=2.000...
GCAMRegisterLevel(): init RMS 0.404071
#FOTS# QuadFit found better minimum quadopt=(dt=2.8,rms=0.404047) vs oldopt=(dt=2,rms=0.404052)
#GCMRL#  616 dt   2.800000 rms  0.404  0.006% neg 0  invalid 762 tFOTS 4.5310 tGradient 1.0670 tsec 5.9080
#FOTS# QuadFit found better minimum quadopt=(dt=2.8,rms=0.404035) vs oldopt=(dt=2,rms=0.404037)
#GCMRL#  617 dt   2.800000 rms  0.404  0.000% neg 0  invalid 762 tFOTS 4.8700 tGradient 1.0340 tsec 6.2840
#GCMRL#  618 dt   2.800000 rms  0.404  0.001% neg 0  invalid 762 tFOTS 0.0000 tGradient 1.0570 tsec 1.3530

#GCAMreg# pass 0 level1 3 level2 1 tsec 24.437 sigma 0.5
l_jacobian=1.00 l_log_likelihood=0.20 l_smoothness=0.12 
tol=2.50e-01, dt=5.00e-02, exp_k=20.0, momentum=0.90, levels=6, niter=500, lbl_dist=10.00, avgs=16, sigma=0.5,type=2, relabel=0, neg=yes

blurring input image with Gaussian with sigma=0.500...
GCAMRegisterLevel(): init RMS 0.404031
#FOTS# QuadFit found better minimum quadopt=(dt=117.593,rms=0.400986) vs oldopt=(dt=128,rms=0.401026)
iter 0, gcam->neg = 3
after 7 iterations, nbhd size=1, neg = 0
#GCMRL#  620 dt 117.593496 rms  0.401  0.746% neg 0  invalid 762 tFOTS 4.5880 tGradient 1.0560 tsec 10.2530
#FOTS# QuadFit found better minimum quadopt=(dt=19.2,rms=0.400104) vs oldopt=(dt=32,rms=0.400387)
#GCMRL#  621 dt  19.200000 rms  0.400  0.000% neg 0  invalid 762 tFOTS 4.5660 tGradient 1.0650 tsec 5.9690
#GCMRL#  622 dt  19.200000 rms  0.400  0.036% neg 0  invalid 762 tFOTS 0.0000 tGradient 1.0560 tsec 1.3470
#GCMRL#  623 dt  19.200000 rms  0.400  0.041% neg 0  invalid 762 tFOTS 0.0000 tGradient 1.0350 tsec 1.3280
#GCMRL#  624 dt  19.200000 rms  0.400  0.065% neg 0  invalid 762 tFOTS 0.0000 tGradient 1.1860 tsec 1.5090
#GCMRL#  625 dt  19.200000 rms  0.399  0.117% neg 0  invalid 762 tFOTS 0.0000 tGradient 1.0690 tsec 1.3590
#GCMRL#  626 dt  19.200000 rms  0.398  0.158% neg 0  invalid 762 tFOTS 0.0000 tGradient 1.0590 tsec 1.3520
iter 0, gcam->neg = 3
after 0 iterations, nbhd size=0, neg = 0
#GCMRL#  627 dt  19.200000 rms  0.398  0.163% neg 0  invalid 762 tFOTS 0.0000 tGradient 1.0650 tsec 2.3910
iter 0, gcam->neg = 1
after 0 iterations, nbhd size=0, neg = 0
#GCMRL#  628 dt  19.200000 rms  0.397  0.147% neg 0  invalid 762 tFOTS 0.0000 tGradient 1.0350 tsec 2.3760
#GCMRL#  629 dt  19.200000 rms  0.397  0.119% neg 0  invalid 762 tFOTS 0.0000 tGradient 1.0390 tsec 1.3340
#GCMRL#  630 dt  19.200000 rms  0.396  0.093% neg 0  invalid 762 tFOTS 0.0000 tGradient 1.0560 tsec 1.3760
#GCMRL#  631 dt  32.000000 rms  0.396  0.000% neg 0  invalid 762 tFOTS 4.3550 tGradient 1.0550 tsec 5.7390
#GCMRL#  632 dt  32.000000 rms  0.396  0.006% neg 0  invalid 762 tFOTS 0.0000 tGradient 1.0480 tsec 1.3360
#GCMRL#  633 dt  32.000000 rms  0.396  0.013% neg 0  invalid 762 tFOTS 0.0000 tGradient 1.0560 tsec 1.3520
#GCMRL#  634 dt  32.000000 rms  0.396  0.025% neg 0  invalid 762 tFOTS 0.0000 tGradient 1.0600 tsec 1.3530
#GCMRL#  635 dt  32.000000 rms  0.396  0.036% neg 0  invalid 762 tFOTS 0.0000 tGradient 1.0660 tsec 1.3540
iter 0, gcam->neg = 1
after 1 iterations, nbhd size=0, neg = 0
#GCMRL#  636 dt  32.000000 rms  0.396  0.044% neg 0  invalid 762 tFOTS 0.0000 tGradient 1.0490 tsec 2.8880
iter 0, gcam->neg = 1
after 0 iterations, nbhd size=0, neg = 0
#GCMRL#  637 dt  32.000000 rms  0.396  0.049% neg 0  invalid 762 tFOTS 0.0000 tGradient 1.0550 tsec 2.4220
#GCMRL#  638 dt  32.000000 rms  0.395  0.054% neg 0  invalid 762 tFOTS 0.0000 tGradient 1.0650 tsec 1.3520
iter 0, gcam->neg = 2
after 1 iterations, nbhd size=0, neg = 0
#GCMRL#  639 dt  32.000000 rms  0.395  0.057% neg 0  invalid 762 tFOTS 0.0000 tGradient 1.0610 tsec 2.8920
iter 0, gcam->neg = 1
after 0 iterations, nbhd size=0, neg = 0
#GCMRL#  640 dt  32.000000 rms  0.395  0.060% neg 0  invalid 762 tFOTS 0.0000 tGradient 1.2570 tsec 2.6380
#GCMRL#  641 dt  32.000000 rms  0.395  0.063% neg 0  invalid 762 tFOTS 0.0000 tGradient 1.1360 tsec 1.4230
iter 0, gcam->neg = 2
after 11 iterations, nbhd size=1, neg = 0
#GCMRL#  642 dt  32.000000 rms  0.395  0.058% neg 0  invalid 762 tFOTS 0.0000 tGradient 1.0640 tsec 7.5910
iter 0, gcam->neg = 2
after 1 iterations, nbhd size=0, neg = 0
#GCMRL#  643 dt  32.000000 rms  0.394  0.060% neg 0  invalid 762 tFOTS 0.0000 tGradient 1.0740 tsec 2.9090
iter 0, gcam->neg = 3
after 5 iterations, nbhd size=0, neg = 0
setting smoothness cost coefficient to 0.400

#GCAMreg# pass 0 level1 2 level2 0 tsec 0 sigma 2
l_jacobian=1.00 l_log_likelihood=0.20 l_smoothness=0.40 
tol=2.50e-01, dt=5.00e-02, exp_k=20.0, momentum=0.90, levels=6, niter=500, lbl_dist=10.00, avgs=4, sigma=2.0,type=2, relabel=0, neg=yes

blurring input image with Gaussian with sigma=2.000...
GCAMRegisterLevel(): init RMS 0.398608
#FOTS# QuadFit found better minimum quadopt=(dt=0.000210938,rms=0.398608) vs oldopt=(dt=0.000175781,rms=0.398608)
#GCMRL#  645 dt   0.000211 rms  0.399  0.000% neg 0  invalid 762 tFOTS 5.5200 tGradient 0.9710 tsec 6.7970

#GCAMreg# pass 0 level1 2 level2 1 tsec 21.673 sigma 0.5
l_jacobian=1.00 l_log_likelihood=0.20 l_smoothness=0.40 
tol=2.50e-01, dt=5.00e-02, exp_k=20.0, momentum=0.90, levels=6, niter=500, lbl_dist=10.00, avgs=4, sigma=0.5,type=2, relabel=0, neg=yes

blurring input image with Gaussian with sigma=0.500...
GCAMRegisterLevel(): init RMS 0.398608
#FOTS# QuadFit found better minimum quadopt=(dt=9e-05,rms=0.398608) vs oldopt=(dt=0.0001125,rms=0.398608)
#GCMRL#  647 dt   0.000090 rms  0.399  0.000% neg 0  invalid 762 tFOTS 5.7630 tGradient 0.9670 tsec 7.0290
setting smoothness cost coefficient to 1.000

#GCAMreg# pass 0 level1 1 level2 0 tsec 0 sigma 2
l_jacobian=1.00 l_log_likelihood=0.20 l_smoothness=1.00 
tol=2.50e-01, dt=5.00e-02, exp_k=20.0, momentum=0.90, levels=6, niter=500, lbl_dist=10.00, avgs=1, sigma=2.0,type=2, relabel=0, neg=yes

blurring input image with Gaussian with sigma=2.000...
GCAMRegisterLevel(): init RMS 0.408105

#GCAMreg# pass 0 level1 1 level2 1 tsec 15.185 sigma 0.5
l_jacobian=1.00 l_log_likelihood=0.20 l_smoothness=1.00 
tol=2.50e-01, dt=5.00e-02, exp_k=20.0, momentum=0.90, levels=6, niter=500, lbl_dist=10.00, avgs=1, sigma=0.5,type=2, relabel=0, neg=yes

blurring input image with Gaussian with sigma=0.500...
GCAMRegisterLevel(): init RMS 0.408105
#FOTS# QuadFit found better minimum quadopt=(dt=4e-05,rms=0.408105) vs oldopt=(dt=5e-05,rms=0.408105)
#GCMRL#  650 dt   0.000040 rms  0.408  0.000% neg 0  invalid 762 tFOTS 5.5550 tGradient 0.9030 tsec 6.7360
resetting metric properties...
setting smoothness cost coefficient to 2.000

#GCAMreg# pass 0 level1 0 level2 0 tsec 0 sigma 2
l_jacobian=1.00 l_log_likelihood=0.20 l_smoothness=2.00 
tol=2.50e-01, dt=5.00e-02, exp_k=20.0, momentum=0.90, levels=6, niter=500, lbl_dist=10.00, avgs=0, sigma=2.0,type=2, relabel=0, neg=yes

blurring input image with Gaussian with sigma=2.000...
GCAMRegisterLevel(): init RMS 0.392149
iter 0, gcam->neg = 523
after 18 iterations, nbhd size=1, neg = 0
#GCMRL#  652 dt   1.280000 rms  0.384  2.177% neg 0  invalid 762 tFOTS 4.4680 tGradient 0.3790 tsec 12.7840
#FOTS# QuadFit found better minimum quadopt=(dt=2.34375e-05,rms=0.383611) vs oldopt=(dt=1.95313e-05,rms=0.383611)
#GCMRL#  653 dt   0.000023 rms  0.384  0.000% neg 0  invalid 762 tFOTS 5.9310 tGradient 0.3650 tsec 6.6570

#GCAMreg# pass 0 level1 0 level2 1 tsec 29.585 sigma 0.5
l_jacobian=1.00 l_log_likelihood=0.20 l_smoothness=2.00 
tol=2.50e-01, dt=5.00e-02, exp_k=20.0, momentum=0.90, levels=6, niter=500, lbl_dist=10.00, avgs=0, sigma=0.5,type=2, relabel=0, neg=yes

blurring input image with Gaussian with sigma=0.500...
GCAMRegisterLevel(): init RMS 0.383611
#GCMRL#  655 dt   0.080000 rms  0.383  0.031% neg 0  invalid 762 tFOTS 4.7350 tGradient 0.3660 tsec 5.4130
#FOTS# QuadFit found better minimum quadopt=(dt=0.028,rms=0.383478) vs oldopt=(dt=0.02,rms=0.38348)
#GCMRL#  656 dt   0.028000 rms  0.383  0.000% neg 0  invalid 762 tFOTS 4.6940 tGradient 0.3580 tsec 5.3920
#GCMRL#  657 dt   0.028000 rms  0.383  0.001% neg 0  invalid 762 tFOTS 0.0000 tGradient 0.3750 tsec 0.6790
GCAMregister done in 4.86 min
writing output transformation to transforms/talairach.m3z...
GCAMwrite
Calls to gcamLogLikelihoodEnergy 4731 tmin = 2.18083
Calls to gcamLabelEnergy         4159 tmin = 1.52368
Calls to gcamJacobianEnergy      4731 tmin = 1.04483
Calls to gcamSmoothnessEnergy    4731 tmin = 5.99068
Calls to gcamLogLikelihoodTerm 659 tmin = 1.11633
Calls to gcamLabelTerm         599 tmin = 6.09292
Calls to gcamJacobianTerm      659 tmin = 1.45257
Calls to gcamSmoothnessTerm    659 tmin = 0.575767
Calls to gcamComputeGradient    659 tmin = 23.1449
Calls to gcamComputeMetricProperties    6496 tmin = 2.59165
mri_ca_register took 0 hours, 53 minutes and 59 seconds.
#VMPC# mri_ca_register VmPeak  3130332
FSRUNTIME@ mri_ca_register  0.8998 hours 16 threads
#--------------------------------------
#@# SubCort Seg Wed Mar 11 14:36:09 CET 2026

 mri_ca_label -relabel_unlikely 9 .3 -prior 0.5 -align norm.mgz transforms/talairach.m3z /opt/freesurfer/average/RB_all_2020-01-02.gca aseg.auto_noCCseg.mgz 

sysname  Linux
hostname dna055
machine  x86_64

setenv SUBJECTS_DIR /out/sourcedata/freesurfer
cd /out/sourcedata/freesurfer/sub-v2s18x29496_ses-1/mri
mri_ca_label -relabel_unlikely 9 .3 -prior 0.5 -align norm.mgz transforms/talairach.m3z /opt/freesurfer/average/RB_all_2020-01-02.gca aseg.auto_noCCseg.mgz 

relabeling unlikely voxels with window_size = 9 and prior threshold 0.30
using Gibbs prior factor = 0.500
renormalizing sequences with structure alignment, equivalent to:
	-renormalize
	-renormalize_mean 0.500
	-regularize 0.500

== Number of threads available to for OpenMP = 16 == 
reading 1 input volumes
reading classifier array from /opt/freesurfer/average/RB_all_2020-01-02.gca
reading input volume from norm.mgz
average std[0] = 7.2
reading transform from transforms/talairach.m3z
setting orig areas to linear transform determinant scaled 7.32
Atlas used for the 3D morph was /opt/freesurfer/average/RB_all_2020-01-02.gca
average std = 7.2   using min determinant for regularization = 5.2
0 singular and 0 ill-conditioned covariance matrices regularized
labeling volume...
renormalizing by structure alignment....
renormalizing input #0
gca peak = 0.15521 (20)
mri peak = 0.19389 (12)
Left_Lateral_Ventricle (4): linear fit = 0.55 x + 0.0 (1398 voxels, overlap=0.092)
Left_Lateral_Ventricle (4): linear fit = 0.55 x + 0.0 (1398 voxels, peak = 11), gca=10.9
gca peak = 0.20380 (13)
mri peak = 0.19802 (12)
Right_Lateral_Ventricle (43): linear fit = 0.81 x + 0.0 (642 voxels, overlap=0.638)
Right_Lateral_Ventricle (43): linear fit = 0.81 x + 0.0 (642 voxels, peak = 11), gca=10.6
gca peak = 0.26283 (96)
mri peak = 0.20337 (101)
Right_Pallidum (52): linear fit = 1.04 x + 0.0 (772 voxels, overlap=0.849)
Right_Pallidum (52): linear fit = 1.04 x + 0.0 (772 voxels, peak = 100), gca=100.3
gca peak = 0.15814 (97)
mri peak = 0.12970 (101)
Left_Pallidum (13): linear fit = 1.03 x + 0.0 (818 voxels, overlap=0.955)
Left_Pallidum (13): linear fit = 1.03 x + 0.0 (818 voxels, peak = 100), gca=100.4
gca peak = 0.27624 (56)
mri peak = 0.09472 (63)
Right_Hippocampus (53): linear fit = 1.02 x + 0.0 (1121 voxels, overlap=0.796)
Right_Hippocampus (53): linear fit = 1.02 x + 0.0 (1121 voxels, peak = 57), gca=57.4
gca peak = 0.28723 (59)
mri peak = 0.08691 (64)
Left_Hippocampus (17): linear fit = 1.04 x + 0.0 (979 voxels, overlap=0.895)
Left_Hippocampus (17): linear fit = 1.04 x + 0.0 (979 voxels, peak = 62), gca=61.7
gca peak = 0.07623 (103)
mri peak = 0.16798 (103)
Right_Cerebral_White_Matter (41): linear fit = 1.00 x + 0.0 (43528 voxels, overlap=0.665)
Right_Cerebral_White_Matter (41): linear fit = 1.00 x + 0.0 (43528 voxels, peak = 103), gca=103.0
gca peak = 0.07837 (105)
mri peak = 0.14245 (104)
Left_Cerebral_White_Matter (2): linear fit = 1.01 x + 0.0 (48400 voxels, overlap=0.572)
Left_Cerebral_White_Matter (2): linear fit = 1.01 x + 0.0 (48400 voxels, peak = 107), gca=106.6
gca peak = 0.10165 (58)
mri peak = 0.04620 (59)
Left_Cerebral_Cortex (3): linear fit = 0.99 x + 0.0 (25305 voxels, overlap=0.949)
Left_Cerebral_Cortex (3): linear fit = 0.99 x + 0.0 (25305 voxels, peak = 57), gca=57.1
gca peak = 0.11113 (58)
mri peak = 0.04564 (56)
Right_Cerebral_Cortex (42): linear fit = 1.02 x + 0.0 (25781 voxels, overlap=0.974)
Right_Cerebral_Cortex (42): linear fit = 1.02 x + 0.0 (25781 voxels, peak = 59), gca=59.4
gca peak = 0.27796 (67)
mri peak = 0.10165 (72)
Right_Caudate (50): linear fit = 1.07 x + 0.0 (690 voxels, overlap=1.010)
Right_Caudate (50): linear fit = 1.07 x + 0.0 (690 voxels, peak = 71), gca=71.4
gca peak = 0.14473 (69)
mri peak = 0.12724 (72)
Left_Caudate (11): linear fit = 0.95 x + 0.0 (874 voxels, overlap=0.883)
Left_Caudate (11): linear fit = 0.95 x + 0.0 (874 voxels, peak = 66), gca=65.9
gca peak = 0.14301 (56)
mri peak = 0.05044 (55)
Left_Cerebellum_Cortex (8): linear fit = 1.04 x + 0.0 (26379 voxels, overlap=0.995)
Left_Cerebellum_Cortex (8): linear fit = 1.04 x + 0.0 (26379 voxels, peak = 59), gca=58.5
gca peak = 0.14610 (55)
mri peak = 0.05257 (59)
Right_Cerebellum_Cortex (47): linear fit = 1.04 x + 0.0 (28745 voxels, overlap=0.996)
Right_Cerebellum_Cortex (47): linear fit = 1.04 x + 0.0 (28745 voxels, peak = 57), gca=57.5
gca peak = 0.16309 (85)
mri peak = 0.07771 (91)
Left_Cerebellum_White_Matter (7): linear fit = 1.05 x + 0.0 (7116 voxels, overlap=0.805)
Left_Cerebellum_White_Matter (7): linear fit = 1.05 x + 0.0 (7116 voxels, peak = 90), gca=89.7
gca peak = 0.15172 (84)
mri peak = 0.10952 (86)
Right_Cerebellum_White_Matter (46): linear fit = 1.05 x + 0.0 (6369 voxels, overlap=0.702)
Right_Cerebellum_White_Matter (46): linear fit = 1.05 x + 0.0 (6369 voxels, peak = 89), gca=88.6
gca peak = 0.30461 (58)
mri peak = 0.06843 (62)
Left_Amygdala (18): linear fit = 1.13 x + 0.0 (568 voxels, overlap=0.803)
Left_Amygdala (18): linear fit = 1.13 x + 0.0 (568 voxels, peak = 66), gca=65.8
gca peak = 0.32293 (57)
mri peak = 0.07531 (61)
Right_Amygdala (54): linear fit = 1.12 x + 0.0 (421 voxels, overlap=0.616)
Right_Amygdala (54): linear fit = 1.12 x + 0.0 (421 voxels, peak = 64), gca=63.6
gca peak = 0.11083 (90)
mri peak = 0.07219 (92)
Left_Thalamus (10): linear fit = 1.02 x + 0.0 (4603 voxels, overlap=0.809)
Left_Thalamus (10): linear fit = 1.02 x + 0.0 (4603 voxels, peak = 92), gca=92.2
gca peak = 0.11393 (83)
mri peak = 0.07742 (92)
Right_Thalamus (49): linear fit = 1.04 x + 0.0 (4616 voxels, overlap=0.779)
Right_Thalamus (49): linear fit = 1.04 x + 0.0 (4616 voxels, peak = 87), gca=86.7
gca peak = 0.08575 (81)
mri peak = 0.09718 (81)
Left_Putamen (12): linear fit = 1.02 x + 0.0 (1838 voxels, overlap=0.712)
Left_Putamen (12): linear fit = 1.02 x + 0.0 (1838 voxels, peak = 83), gca=83.0
gca peak = 0.08618 (78)
mri peak = 0.09704 (83)
Right_Putamen (51): linear fit = 1.02 x + 0.0 (1958 voxels, overlap=0.844)
Right_Putamen (51): linear fit = 1.02 x + 0.0 (1958 voxels, peak = 80), gca=79.9
gca peak = 0.08005 (78)
mri peak = 0.07708 (90)
Brain_Stem (16): linear fit = 1.13 x + 0.0 (12841 voxels, overlap=0.492)
Brain_Stem (16): linear fit = 1.13 x + 0.0 (12841 voxels, peak = 89), gca=88.5
gca peak = 0.12854 (88)
mri peak = 0.09859 (98)
Right_VentralDC (60): linear fit = 1.16 x + 0.0 (1625 voxels, overlap=0.245)
Right_VentralDC (60): linear fit = 1.16 x + 0.0 (1625 voxels, peak = 103), gca=102.5
gca peak = 0.15703 (87)
mri peak = 0.07673 (100)
Left_VentralDC (28): linear fit = 1.16 x + 0.0 (1639 voxels, overlap=0.159)
Left_VentralDC (28): linear fit = 1.16 x + 0.0 (1639 voxels, peak = 101), gca=101.4
gca peak = 0.17522 (25)
mri peak = 0.13018 (14)
Third_Ventricle (14): linear fit = 0.52 x + 0.0 (68 voxels, overlap=0.045)
Third_Ventricle (14): linear fit = 0.52 x + 0.0 (68 voxels, peak = 13), gca=13.1
gca peak = 0.17113 (14)
mri peak = 0.18321 (18)
Fourth_Ventricle (15): linear fit = 1.07 x + 0.0 (247 voxels, overlap=0.728)
Fourth_Ventricle (15): linear fit = 1.07 x + 0.0 (247 voxels, peak = 15), gca=14.9
gca peak Unknown = 0.94777 ( 0)
gca peak Left_Inf_Lat_Vent = 0.16627 (28)
gca peak Third_Ventricle = 0.17522 (25)
gca peak CSF = 0.20346 (36)
gca peak Left_Accumbens_area = 0.70646 (62)
gca peak Left_undetermined = 1.00000 (28)
gca peak Left_vessel = 0.89917 (53)
gca peak Left_choroid_plexus = 0.11689 (35)
gca peak Right_Inf_Lat_Vent = 0.25504 (23)
gca peak Right_Accumbens_area = 0.31650 (65)
gca peak Right_vessel = 0.77268 (52)
gca peak Right_choroid_plexus = 0.13275 (38)
gca peak Fifth_Ventricle = 0.60973 (33)
gca peak WM_hypointensities = 0.11013 (77)
gca peak non_WM_hypointensities = 0.11354 (41)
gca peak Optic_Chiasm = 0.51646 (76)
not using caudate to estimate GM means
estimating mean gm scale to be 1.05 x + 0.0
estimating mean wm scale to be 1.01 x + 0.0
estimating mean csf scale to be 0.81 x + 0.0
Left_Pallidum too bright - rescaling by 1.012 (from 1.035) to 101.6 (was 100.4)
Right_Pallidum too bright - rescaling by 1.013 (from 1.045) to 101.6 (was 100.3)
saving intensity scales to aseg.auto_noCCseg.label_intensities.txt
renormalizing by structure alignment....
renormalizing input #0
gca peak = 0.26886 (11)
mri peak = 0.19389 (12)
Left_Lateral_Ventricle (4): linear fit = 1.04 x + 0.0 (1398 voxels, overlap=0.975)
Left_Lateral_Ventricle (4): linear fit = 1.04 x + 0.0 (1398 voxels, peak = 11), gca=11.5
gca peak = 0.19846 (11)
mri peak = 0.19802 (12)
Right_Lateral_Ventricle (43): linear fit = 1.04 x + 0.0 (642 voxels, overlap=0.736)
Right_Lateral_Ventricle (43): linear fit = 1.04 x + 0.0 (642 voxels, peak = 11), gca=11.5
gca peak = 0.21403 (101)
mri peak = 0.20337 (101)
Right_Pallidum (52): linear fit = 1.00 x + 0.0 (772 voxels, overlap=1.002)
Right_Pallidum (52): linear fit = 1.00 x + 0.0 (772 voxels, peak = 100), gca=100.5
gca peak = 0.17013 (99)
mri peak = 0.12970 (101)
Left_Pallidum (13): linear fit = 1.00 x + 0.0 (818 voxels, overlap=1.003)
Left_Pallidum (13): linear fit = 1.00 x + 0.0 (818 voxels, peak = 99), gca=98.5
gca peak = 0.30363 (57)
mri peak = 0.09472 (63)
Right_Hippocampus (53): linear fit = 1.00 x + 0.0 (1121 voxels, overlap=1.002)
Right_Hippocampus (53): linear fit = 1.00 x + 0.0 (1121 voxels, peak = 57), gca=57.0
gca peak = 0.33711 (59)
mri peak = 0.08691 (64)
Left_Hippocampus (17): linear fit = 1.03 x + 0.0 (979 voxels, overlap=0.898)
Left_Hippocampus (17): linear fit = 1.03 x + 0.0 (979 voxels, peak = 61), gca=61.1
gca peak = 0.07698 (103)
mri peak = 0.16798 (103)
Right_Cerebral_White_Matter (41): linear fit = 1.00 x + 0.0 (43528 voxels, overlap=0.665)
Right_Cerebral_White_Matter (41): linear fit = 1.00 x + 0.0 (43528 voxels, peak = 103), gca=103.0
gca peak = 0.07855 (106)
mri peak = 0.14245 (104)
Left_Cerebral_White_Matter (2): linear fit = 1.00 x + 0.0 (48400 voxels, overlap=0.643)
Left_Cerebral_White_Matter (2): linear fit = 1.00 x + 0.0 (48400 voxels, peak = 106), gca=106.0
gca peak = 0.10199 (57)
mri peak = 0.04620 (59)
Left_Cerebral_Cortex (3): linear fit = 1.02 x + 0.0 (25305 voxels, overlap=0.959)
Left_Cerebral_Cortex (3): linear fit = 1.02 x + 0.0 (25305 voxels, peak = 58), gca=58.4
gca peak = 0.11159 (60)
mri peak = 0.04564 (56)
Right_Cerebral_Cortex (42): linear fit = 0.96 x + 0.0 (25781 voxels, overlap=0.978)
Right_Cerebral_Cortex (42): linear fit = 0.96 x + 0.0 (25781 voxels, peak = 58), gca=57.9
gca peak = 0.22830 (72)
mri peak = 0.10165 (72)
Right_Caudate (50): linear fit = 1.01 x + 0.0 (690 voxels, overlap=1.006)
Right_Caudate (50): linear fit = 1.01 x + 0.0 (690 voxels, peak = 73), gca=73.1
gca peak = 0.14803 (66)
mri peak = 0.12724 (72)
Left_Caudate (11): linear fit = 1.01 x + 0.0 (874 voxels, overlap=0.805)
Left_Caudate (11): linear fit = 1.01 x + 0.0 (874 voxels, peak = 67), gca=67.0
gca peak = 0.13268 (58)
mri peak = 0.05044 (55)
Left_Cerebellum_Cortex (8): linear fit = 0.96 x + 0.0 (26379 voxels, overlap=0.992)
Left_Cerebellum_Cortex (8): linear fit = 0.96 x + 0.0 (26379 voxels, peak = 56), gca=56.0
gca peak = 0.15509 (58)
mri peak = 0.05257 (59)
Right_Cerebellum_Cortex (47): linear fit = 0.96 x + 0.0 (28745 voxels, overlap=0.987)
Right_Cerebellum_Cortex (47): linear fit = 0.96 x + 0.0 (28745 voxels, peak = 56), gca=56.0
gca peak = 0.14653 (90)
mri peak = 0.07771 (91)
Left_Cerebellum_White_Matter (7): linear fit = 1.00 x + 0.0 (7116 voxels, overlap=0.968)
Left_Cerebellum_White_Matter (7): linear fit = 1.00 x + 0.0 (7116 voxels, peak = 90), gca=89.6
gca peak = 0.16520 (89)
mri peak = 0.10952 (86)
Right_Cerebellum_White_Matter (46): linear fit = 1.00 x + 0.0 (6369 voxels, overlap=0.929)
Right_Cerebellum_White_Matter (46): linear fit = 1.00 x + 0.0 (6369 voxels, peak = 89), gca=88.6
gca peak = 0.23828 (66)
mri peak = 0.06843 (62)
Left_Amygdala (18): linear fit = 1.00 x + 0.0 (568 voxels, overlap=1.016)
Left_Amygdala (18): linear fit = 1.00 x + 0.0 (568 voxels, peak = 66), gca=66.0
gca peak = 0.30499 (64)
mri peak = 0.07531 (61)
Right_Amygdala (54): linear fit = 0.99 x + 0.0 (421 voxels, overlap=0.995)
Right_Amygdala (54): linear fit = 0.99 x + 0.0 (421 voxels, peak = 63), gca=63.0
gca peak = 0.09536 (90)
mri peak = 0.07219 (92)
Left_Thalamus (10): linear fit = 0.99 x + 0.0 (4603 voxels, overlap=0.852)
Left_Thalamus (10): linear fit = 0.99 x + 0.0 (4603 voxels, peak = 89), gca=88.7
gca peak = 0.10133 (87)
mri peak = 0.07742 (92)
Right_Thalamus (49): linear fit = 1.02 x + 0.0 (4616 voxels, overlap=0.908)
Right_Thalamus (49): linear fit = 1.02 x + 0.0 (4616 voxels, peak = 89), gca=89.2
gca peak = 0.08550 (83)
mri peak = 0.09718 (81)
Left_Putamen (12): linear fit = 1.00 x + 0.0 (1838 voxels, overlap=0.768)
Left_Putamen (12): linear fit = 1.00 x + 0.0 (1838 voxels, peak = 83), gca=83.0
gca peak = 0.08450 (82)
mri peak = 0.09704 (83)
Right_Putamen (51): linear fit = 1.01 x + 0.0 (1958 voxels, overlap=0.929)
Right_Putamen (51): linear fit = 1.01 x + 0.0 (1958 voxels, peak = 83), gca=83.2
gca peak = 0.07693 (89)
mri peak = 0.07708 (90)
Brain_Stem (16): linear fit = 0.99 x + 0.0 (12841 voxels, overlap=0.879)
Brain_Stem (16): linear fit = 0.99 x + 0.0 (12841 voxels, peak = 88), gca=87.7
gca peak = 0.10134 (104)
mri peak = 0.09859 (98)
Right_VentralDC (60): linear fit = 1.00 x + 0.0 (1625 voxels, overlap=0.832)
Right_VentralDC (60): linear fit = 1.00 x + 0.0 (1625 voxels, peak = 105), gca=104.5
gca peak = 0.12189 (101)
mri peak = 0.07673 (100)
Left_VentralDC (28): linear fit = 1.00 x + 0.0 (1639 voxels, overlap=0.880)
Left_VentralDC (28): linear fit = 1.00 x + 0.0 (1639 voxels, peak = 101), gca=101.0
gca peak = 0.19553 (20)
mri peak = 0.13018 (14)
Third_Ventricle (14): linear fit = 0.64 x + 0.0 (68 voxels, overlap=0.424)
Third_Ventricle (14): linear fit = 0.64 x + 0.0 (68 voxels, peak = 13), gca=12.9
gca peak = 0.16806 (17)
mri peak = 0.18321 (18)
Fourth_Ventricle (15): linear fit = 0.98 x + 0.0 (247 voxels, overlap=0.681)
Fourth_Ventricle (15): linear fit = 0.98 x + 0.0 (247 voxels, peak = 17), gca=16.6
gca peak Unknown = 0.94777 ( 0)
gca peak Left_Inf_Lat_Vent = 0.18810 (29)
gca peak Third_Ventricle = 0.19553 (20)
gca peak CSF = 0.24532 (29)
gca peak Left_Accumbens_area = 0.56770 (59)
gca peak Left_undetermined = 1.00000 (28)
gca peak Left_vessel = 0.89917 (53)
gca peak Left_choroid_plexus = 0.11689 (35)
gca peak Right_Inf_Lat_Vent = 0.25784 (24)
gca peak Right_Accumbens_area = 0.31505 (69)
gca peak Right_vessel = 0.77268 (52)
gca peak Right_choroid_plexus = 0.13275 (38)
gca peak Fifth_Ventricle = 0.91795 (26)
gca peak WM_hypointensities = 0.10368 (77)
gca peak non_WM_hypointensities = 0.14635 (41)
gca peak Optic_Chiasm = 0.74221 (76)
not using caudate to estimate GM means
estimating mean gm scale to be 1.00 x + 0.0
estimating mean wm scale to be 1.00 x + 0.0
estimating mean csf scale to be 1.02 x + 0.0
Right_Pallidum too bright - rescaling by 1.009 (from 0.995) to 101.4 (was 100.5)
saving intensity scales to aseg.auto_noCCseg.label_intensities.txt
saving sequentially combined intensity scales to aseg.auto_noCCseg.label_intensities.txt
48127 voxels changed in iteration 0 of unlikely voxel relabeling
136 voxels changed in iteration 1 of unlikely voxel relabeling
13 voxels changed in iteration 2 of unlikely voxel relabeling
0 voxels changed in iteration 3 of unlikely voxel relabeling
29749 gm and wm labels changed (%23 to gray, %77 to white out of all changed labels)
351 hippocampal voxels changed.
1 amygdala voxels changed.
Reclassifying using Gibbs Priors
pass 1: 64118 changed. image ll: -2.097, PF=0.500
pass 2: 17224 changed. image ll: -2.096, PF=0.500
pass 3: 5454 changed.
pass 4: 2036 changed.
31979 voxels changed in iteration 0 of unlikely voxel relabeling
216 voxels changed in iteration 1 of unlikely voxel relabeling
6 voxels changed in iteration 2 of unlikely voxel relabeling
0 voxels changed in iteration 3 of unlikely voxel relabeling
7754 voxels changed in iteration 0 of unlikely voxel relabeling
71 voxels changed in iteration 1 of unlikely voxel relabeling
2 voxels changed in iteration 2 of unlikely voxel relabeling
0 voxels changed in iteration 3 of unlikely voxel relabeling
6513 voxels changed in iteration 0 of unlikely voxel relabeling
78 voxels changed in iteration 1 of unlikely voxel relabeling
14 voxels changed in iteration 2 of unlikely voxel relabeling
2 voxels changed in iteration 3 of unlikely voxel relabeling
8 voxels changed in iteration 4 of unlikely voxel relabeling
5326 voxels changed in iteration 0 of unlikely voxel relabeling
22 voxels changed in iteration 1 of unlikely voxel relabeling
1 voxels changed in iteration 2 of unlikely voxel relabeling
1 voxels changed in iteration 3 of unlikely voxel relabeling
0 voxels changed in iteration 4 of unlikely voxel relabeling
 !!!!!!!!! ventricle segment 0 with volume 6317 above threshold 100 - not erasing !!!!!!!!!!
 !!!!!!!!! ventricle segment 5 with volume 148 above threshold 100 - not erasing !!!!!!!!!!
 !!!!!!!!! ventricle segment 4 with volume 4068 above threshold 100 - not erasing !!!!!!!!!!
 !!!!!!!!! ventricle segment 2 with volume 262 above threshold 100 - not erasing !!!!!!!!!!
writing labeled volume to aseg.auto_noCCseg.mgz
mri_ca_label utimesec    1821.922360
mri_ca_label stimesec    3.383346
mri_ca_label ru_maxrss   2131036
mri_ca_label ru_ixrss    0
mri_ca_label ru_idrss    0
mri_ca_label ru_isrss    0
mri_ca_label ru_minflt   3970442
mri_ca_label ru_majflt   12
mri_ca_label ru_nswap    0
mri_ca_label ru_inblock  1142
mri_ca_label ru_oublock  704
mri_ca_label ru_msgsnd   0
mri_ca_label ru_msgrcv   0
mri_ca_label ru_nsignals 0
mri_ca_label ru_nvcsw    2409
mri_ca_label ru_nivcsw   2387
auto-labeling took 29 minutes and 9 seconds.
#--------------------------------------
#@# CC Seg Wed Mar 11 15:05:18 CET 2026

 mri_cc -aseg aseg.auto_noCCseg.mgz -o aseg.auto.mgz -lta /out/sourcedata/freesurfer/sub-v2s18x29496_ses-1/mri/transforms/cc_up.lta sub-v2s18x29496_ses-1 

will read input aseg from aseg.auto_noCCseg.mgz
writing aseg with cc labels to aseg.auto.mgz
will write lta as /out/sourcedata/freesurfer/sub-v2s18x29496_ses-1/mri/transforms/cc_up.lta
reading aseg from /out/sourcedata/freesurfer/sub-v2s18x29496_ses-1/mri/aseg.auto_noCCseg.mgz
reading norm from /out/sourcedata/freesurfer/sub-v2s18x29496_ses-1/mri/norm.mgz
22697 voxels in left wm, 45204 in right wm, xrange [124, 132]
searching rotation angles z=[-8  6], y=[-8  6]
searching scale 1 Z rot -8.4  searching scale 1 Z rot -8.2  searching scale 1 Z rot -7.9  searching scale 1 Z rot -7.7  searching scale 1 Z rot -7.4  searching scale 1 Z rot -7.2  searching scale 1 Z rot -6.9  searching scale 1 Z rot -6.7  searching scale 1 Z rot -6.4  searching scale 1 Z rot -6.2  searching scale 1 Z rot -5.9  searching scale 1 Z rot -5.7  searching scale 1 Z rot -5.4  searching scale 1 Z rot -5.2  searching scale 1 Z rot -4.9  searching scale 1 Z rot -4.7  searching scale 1 Z rot -4.4  searching scale 1 Z rot -4.2  searching scale 1 Z rot -3.9  searching scale 1 Z rot -3.7  searching scale 1 Z rot -3.4  searching scale 1 Z rot -3.2  searching scale 1 Z rot -2.9  searching scale 1 Z rot -2.7  searching scale 1 Z rot -2.4  searching scale 1 Z rot -2.2  searching scale 1 Z rot -1.9  searching scale 1 Z rot -1.7  searching scale 1 Z rot -1.4  searching scale 1 Z rot -1.2  searching scale 1 Z rot -0.9  searching scale 1 Z rot -0.7  searching scale 1 Z rot -0.4  searching scale 1 Z rot -0.2  searching scale 1 Z rot 0.1  searching scale 1 Z rot 0.3  searching scale 1 Z rot 0.6  searching scale 1 Z rot 0.8  searching scale 1 Z rot 1.1  searching scale 1 Z rot 1.3  searching scale 1 Z rot 1.6  searching scale 1 Z rot 1.8  searching scale 1 Z rot 2.1  searching scale 1 Z rot 2.3  searching scale 1 Z rot 2.6  searching scale 1 Z rot 2.8  searching scale 1 Z rot 3.1  searching scale 1 Z rot 3.3  searching scale 1 Z rot 3.6  searching scale 1 Z rot 3.8  searching scale 1 Z rot 4.1  searching scale 1 Z rot 4.3  searching scale 1 Z rot 4.6  searching scale 1 Z rot 4.8  searching scale 1 Z rot 5.1  searching scale 1 Z rot 5.3  global minimum found at slice 128.5, rotations (-1.03, -1.43)
final transformation (x=128.5, yr=-1.026, zr=-1.426):
 0.99953   0.02488  -0.01791  -0.96858;
-0.02487   0.99969   0.00045   39.18093;
 0.01791  -0.00000   0.99984   28.71419;
 0.00000   0.00000   0.00000   1.00000;
updating x range to be [125, 131] in xformed coordinates
best xformed slice 128
min_x_fornix = 151
min_x_fornix = 157
min_x_fornix = 155
min_x_fornix = 152
min_x_fornix = 148
cc center is found at 128 92 97
eigenvectors:
 0.00076   0.00006   1.00000;
-0.27457  -0.96157   0.00026;
 0.96157  -0.27457  -0.00072;
writing aseg with callosum to /out/sourcedata/freesurfer/sub-v2s18x29496_ses-1/mri/aseg.auto.mgz...
corpus callosum segmentation took 0.6 minutes
#VMPC# mri_cc VmPeak  554080
mri_cc done
#--------------------------------------
#@# Merge ASeg Wed Mar 11 15:05:53 CET 2026

 cp aseg.auto.mgz aseg.presurf.mgz 

#--------------------------------------------
#@# Intensity Normalization2 Wed Mar 11 15:05:53 CET 2026
/out/sourcedata/freesurfer/sub-v2s18x29496_ses-1/mri

 mri_normalize -seed 1234 -mprage -aseg aseg.presurf.mgz -mask brainmask.mgz norm.mgz brain.mgz 

setting seed for random number genererator to 1234
assuming input volume is MGH (Van der Kouwe) MP-RAGE
using segmentation for initial intensity normalization
using MR volume brainmask.mgz to mask input volume...
reading mri_src from norm.mgz...
Reading aseg aseg.presurf.mgz
normalizing image...
NOT doing gentle normalization with control points/label
processing with aseg
removing outliers in the aseg WM...
537 control points removed
Building bias image
building Voronoi diagram...
performing soap bubble smoothing, sigma = 0...
Smoothing with sigma 8
Applying bias correction
building Voronoi diagram...
performing soap bubble smoothing, sigma = 8...

Iterating 2 times
---------------------------------
3d normalization pass 1 of 2
white matter peak found at 110
white matter peak found at 110
gm peak at 63 (63), valley at  0 (-1)
csf peak at 31, setting threshold to 52
building Voronoi diagram...
performing soap bubble smoothing, sigma = 8...
---------------------------------
3d normalization pass 2 of 2
white matter peak found at 110
white matter peak found at 110
gm peak at 64 (64), valley at  0 (-1)
csf peak at 32, setting threshold to 53
building Voronoi diagram...
performing soap bubble smoothing, sigma = 8...
Done iterating ---------------------------------
writing output to brain.mgz
3D bias adjustment took 2 minutes and 16 seconds.
#--------------------------------------------
#@# Mask BFS Wed Mar 11 15:08:10 CET 2026
/out/sourcedata/freesurfer/sub-v2s18x29496_ses-1/mri

 mri_mask -T 5 brain.mgz brainmask.mgz brain.finalsurfs.mgz 

threshold mask volume at 5
DoAbs = 0
Found 1527291 voxels in mask (pct=  9.10)
Writing masked volume to brain.finalsurfs.mgz...done.
#--------------------------------------------
#@# WM Segmentation Wed Mar 11 15:08:11 CET 2026

 AntsDenoiseImageFs -i brain.mgz -o antsdn.brain.mgz 


 mri_segment -wsizemm 13 -mprage antsdn.brain.mgz wm.seg.mgz 

wsizemm = 13, voxres = 1, wsize = 13
Widening wm low from 89 to 79
assuming input volume is MGH (Van der Kouwe) MP-RAGE
wm mean:  110
wsize:    13
wm low:   79
wm hi:    125
gray low: 30
gray hi:  99
Doing initial trinary intensity segmentation 
Using local statistics to label ambiguous voxels
Autodetecting stats
Computing class statistics for intensity windows...
CCS WM (104.0): 103.7 +- 4.7 [79.0 --> 122.0]
CCS GM (72.0) : 71.2 +- 9.2 [30.0 --> 95.0]
 white_mean 103.733
 white_sigma 4.7137
 gray_mean 71.18
 gray_sigma 9.20553
setting bottom of white matter range wm_low to 80.4
setting top of gray matter range gray_hi to 89.6
 wm_low 80.3855
 wm_hi  125
 gray_low 30
 gray_hi  89.591
Redoing initial intensity segmentation...
Recomputing local statistics to label ambiguous voxels...
 wm_low 80.3855
 wm_hi  125
 gray_low 30
 gray_hi  89.591
using local geometry to label remaining ambiguous voxels...
polvwsize = 5, polvlen = 3, gray_hi = 89.591, wm_low = 80.3855
MRIcpolvMedianCurveSegment(): wsize=5, len=3, gmhi=89.591, wmlow=80.3855
    111146 voxels processed (0.66%)
     52378 voxels white (0.31%)
     58768 voxels non-white (0.35%)

Reclassifying voxels using Gaussian border classifier niter=1
MRIreclassify(): wm_low=75.3855, gray_hi=89.591, wsize=13
    189944 voxels tested (1.13%)
     40743 voxels changed (0.24%)
     48268 multi-scale searches  (0.29%)
Recovering bright white
MRIrecoverBrightWhite()
 wm_low 80.3855
 wm_hi 125
 slack 4.7137
 pct_thresh 0.33
 intensity_thresh 129.714
 nvox_thresh 8.58
        0 voxels tested (0.00%)
        0 voxels changed (0.00%)

removing voxels with positive offset direction...
MRIremoveWrongDirection() wsize=3, lowthr=75.3855, hithr=89.591
  smoothing input volume with sigma = 0.250
    66896 voxels tested (0.40%)
    14224 voxels changed (0.08%)
thicken = 1
removing 1-dimensional structures...
MRIremove1dStructures(): max_iter=10000, thresh=2, WM_MIN_VAL=5
 1286 sparsely connected voxels removed in 1 iterations
thickening thin strands....
thickness 4
nsegments 20
wm_hi 125
984 diagonally connected voxels added...
MRIthickenThinWMStrands(): thickness=4, nsegments=20
  20 segments, 4003 filled
MRIfindBrightNonWM(): 0 bright non-wm voxels segmented.
MRIfilterMorphology() WM_MIN_VAL=5, DIAGONAL_FILL=230
white matter segmentation took 0.9 minutes
writing output to wm.seg.mgz...

 mri_edit_wm_with_aseg -keep-in wm.seg.mgz brain.mgz aseg.presurf.mgz wm.asegedit.mgz 

preserving editing changes in input volume...
auto filling took 0.42 minutes
reading wm segmentation from wm.seg.mgz...
0 voxels added to wm to prevent paths from MTL structures to cortex
2675 additional wm voxels added
0 additional wm voxels added
SEG EDIT: 37028 voxels turned on, 40629 voxels turned off.
propagating editing to output volume from wm.seg.mgz
writing edited volume to wm.asegedit.mgz....

 mri_pretess wm.asegedit.mgz wm norm.mgz wm.mgz 


Iteration Number : 1
pass   1 (xy+):   7 found -   7 modified     |    TOTAL:   7
pass   2 (xy+):   0 found -   7 modified     |    TOTAL:   7
pass   1 (xy-):   9 found -   9 modified     |    TOTAL:  16
pass   2 (xy-):   0 found -   9 modified     |    TOTAL:  16
pass   1 (yz+):  25 found -  25 modified     |    TOTAL:  41
pass   2 (yz+):   0 found -  25 modified     |    TOTAL:  41
pass   1 (yz-):  11 found -  11 modified     |    TOTAL:  52
pass   2 (yz-):   0 found -  11 modified     |    TOTAL:  52
pass   1 (xz+):   8 found -   8 modified     |    TOTAL:  60
pass   2 (xz+):   0 found -   8 modified     |    TOTAL:  60
pass   1 (xz-):   6 found -   6 modified     |    TOTAL:  66
pass   2 (xz-):   0 found -   6 modified     |    TOTAL:  66
Iteration Number : 1
pass   1 (+++):   0 found -   0 modified     |    TOTAL:   0
pass   1 (+++):   0 found -   0 modified     |    TOTAL:   0
pass   1 (+++):   8 found -   8 modified     |    TOTAL:   8
pass   2 (+++):   0 found -   8 modified     |    TOTAL:   8
pass   1 (+++):   2 found -   2 modified     |    TOTAL:  10
pass   2 (+++):   0 found -   2 modified     |    TOTAL:  10
Iteration Number : 1
pass   1 (++):  57 found -  57 modified     |    TOTAL:  57
pass   2 (++):   0 found -  57 modified     |    TOTAL:  57
pass   1 (+-):  47 found -  47 modified     |    TOTAL: 104
pass   2 (+-):   0 found -  47 modified     |    TOTAL: 104
pass   1 (--):  48 found -  48 modified     |    TOTAL: 152
pass   2 (--):   0 found -  48 modified     |    TOTAL: 152
pass   1 (-+):  41 found -  41 modified     |    TOTAL: 193
pass   2 (-+):   0 found -  41 modified     |    TOTAL: 193
Iteration Number : 2
pass   1 (xy+):   2 found -   2 modified     |    TOTAL:   2
pass   2 (xy+):   0 found -   2 modified     |    TOTAL:   2
pass   1 (xy-):   0 found -   0 modified     |    TOTAL:   2
pass   1 (yz+):   0 found -   0 modified     |    TOTAL:   2
pass   1 (yz-):   0 found -   0 modified     |    TOTAL:   2
pass   1 (xz+):   0 found -   0 modified     |    TOTAL:   2
pass   1 (xz-):   2 found -   2 modified     |    TOTAL:   4
pass   2 (xz-):   0 found -   2 modified     |    TOTAL:   4
Iteration Number : 2
pass   1 (+++):   0 found -   0 modified     |    TOTAL:   0
pass   1 (+++):   0 found -   0 modified     |    TOTAL:   0
pass   1 (+++):   0 found -   0 modified     |    TOTAL:   0
pass   1 (+++):   0 found -   0 modified     |    TOTAL:   0
Iteration Number : 2
pass   1 (++):   0 found -   0 modified     |    TOTAL:   0
pass   1 (+-):   0 found -   0 modified     |    TOTAL:   0
pass   1 (--):   0 found -   0 modified     |    TOTAL:   0
pass   1 (-+):   1 found -   1 modified     |    TOTAL:   1
pass   2 (-+):   0 found -   1 modified     |    TOTAL:   1
Iteration Number : 3
pass   1 (xy+):   0 found -   0 modified     |    TOTAL:   0
pass   1 (xy-):   0 found -   0 modified     |    TOTAL:   0
pass   1 (yz+):   0 found -   0 modified     |    TOTAL:   0
pass   1 (yz-):   0 found -   0 modified     |    TOTAL:   0
pass   1 (xz+):   0 found -   0 modified     |    TOTAL:   0
pass   1 (xz-):   0 found -   0 modified     |    TOTAL:   0
Iteration Number : 3
pass   1 (+++):   0 found -   0 modified     |    TOTAL:   0
pass   1 (+++):   0 found -   0 modified     |    TOTAL:   0
pass   1 (+++):   0 found -   0 modified     |    TOTAL:   0
pass   1 (+++):   0 found -   0 modified     |    TOTAL:   0
Iteration Number : 3
pass   1 (++):   0 found -   0 modified     |    TOTAL:   0
pass   1 (+-):   0 found -   0 modified     |    TOTAL:   0
pass   1 (--):   0 found -   0 modified     |    TOTAL:   0
pass   1 (-+):   0 found -   0 modified     |    TOTAL:   0

Total Number of Modified Voxels = 274 (out of 576525: 0.047526)
binarizing input wm segmentation...
Ambiguous edge configurations... 

mri_pretess done

#--------------------------------------------
#@# Fill Wed Mar 11 15:10:00 CET 2026
/out/sourcedata/freesurfer/sub-v2s18x29496_ses-1/mri

 mri_fill -a ../scripts/ponscc.cut.log -xform transforms/talairach.lta -segmentation aseg.presurf.mgz -ctab /opt/freesurfer/SubCorticalMassLUT.txt wm.mgz filled.mgz 

logging cutting plane coordinates to ../scripts/ponscc.cut.log...
INFO: Using transforms/talairach.lta and its offset for Talairach volume ...
using segmentation aseg.presurf.mgz...
reading input volume...done.
searching for cutting planes...voxel to talairach voxel transform
 1.03950   0.01787  -0.03547  -6.21165;
-0.00108   1.03305   0.38921  -31.52562;
 0.04190  -0.40261   0.86464   48.03577;
 0.00000   0.00000   0.00000   1.00000;
voxel to talairach voxel transform
 1.03950   0.01787  -0.03547  -6.21165;
-0.00108   1.03305   0.38921  -31.52562;
 0.04190  -0.40261   0.86464   48.03577;
 0.00000   0.00000   0.00000   1.00000;
reading segmented volume aseg.presurf.mgz
removing CC from segmentation
Looking for area (min, max) = (350, 1400)
area[0] = 834 (min = 350, max = 1400), aspect = 0.50 (min = 0.10, max = 0.75)
no need to search
using seed (124, 119, 145), TAL = (4.0, 17.0, 9.0)
talairach voxel to voxel transform
 0.96039  -0.00107   0.03988   4.01612;
 0.01577   0.82351  -0.37005   43.83546;
-0.03919   0.38351   0.98231  -35.33923;
 0.00000   0.00000   0.00000   1.00000;
segmentation indicates cc at (124,  119,  145) --> (4.0, 17.0, 9.0)
done.
filling took 1.0 minutes
talairach cc position changed to (4.00, 17.00, 9.00)
Erasing brainstem...done.
seed_search_size = 9, min_neighbors = 5
search rh wm seed point around talairach space:(22.00, 17.00, 9.00) SRC: (111.47, 89.85, 148.58)
search lh wm seed point around talairach space (-14.00, 17.00, 9.00), SRC: (146.05, 90.42, 147.17)
compute mri_fill using aseg
Erasing Brain Stem and Cerebellum ...
Define left and right masks using aseg:
Building Voronoi diagram ...
Using the Voronoi diagram for separating WM into two hemispheres ...
Find the largest connected component for each hemisphere ...
Embedding colortable
mri_fill done, writing output to filled.mgz...
 cp filled.mgz filled.auto.mgz

Started at Wed Mar 11 13:40:47 CET 2026 
Ended   at Wed Mar 11 15:11:03 CET 2026
#@#%# recon-all-run-time-hours 1.504
recon-all -s sub-v2s18x29496_ses-1 finished without error at Wed Mar 11 15:11:03 CET 2026



#New# invocation of recon-all 




Wed Mar 11 15:57:36 CET 2026
cd /out/sourcedata/freesurfer/sub-v2s18x29496_ses-1
setenv SUBJECTS_DIR /out/sourcedata/freesurfer
/opt/freesurfer/bin/recon-all -parallel -subjid sub-v2s18x29496_ses-1 -sd /out/sourcedata/freesurfer -cortribbon

subjid sub-v2s18x29496_ses-1
setenv SUBJECTS_DIR /out/sourcedata/freesurfer
FREESURFER_HOME /opt/freesurfer
Actual FREESURFER_HOME /opt/freesurfer
build-stamp.txt: freesurfer-linux-ubuntu22_x86_64-7.3.2-20220804-6354275
Linux dna055 5.14.0-427.37.1.el9_4.x86_64 #1 SMP PREEMPT_DYNAMIC Fri Sep 13 12:41:50 EDT 2024 x86_64 x86_64 x86_64 GNU/Linux
cputime      unlimited
filesize     unlimited
datasize     unlimited
stacksize    8192 kbytes
coredumpsize 0 kbytes
memoryuse    67108864 kbytes
vmemoryuse   unlimited
descriptors  1024 
memorylocked unlimited
maxproc      2061970 
maxlocks     unlimited
maxsignal    2061970 
maxmessage   819200 
maxnice      0 
maxrtprio    0 
maxrttime    unlimited

               total        used        free      shared  buff/cache   available
Mem:           503Gi       113Gi       353Gi       7.0Gi        36Gi       379Gi
Swap:             0B          0B          0B

########################################
program versions used
7.3.2 (freesurfer-linux-ubuntu22_x86_64-7.3.2-20220804-6354275)
7.3.2

ProgramName: lta_convert  ProgramArguments: lta_convert -all-info  ProgramVersion: 7.3.2  TimeStamp: 2026/03/11-14:57:36-GMT  BuildTime: Aug  4 2022 06:17:15  BuildStamp: freesurfer-linux-ubuntu22_x86_64-7.3.2-20220804-6354275  User: oesteban  Machine: dna055  Platform: Linux  PlatformVersion: 5.14.0-427.37.1.el9_4.x86_64  CompilerName: GCC  CompilerVersion: 8.4.0
ProgramName: mri_and  ProgramArguments: mri_and -all-info  ProgramVersion: 7.3.2  TimeStamp: 2026/03/11-14:57:36-GMT  BuildTime: Aug  4 2022 06:17:15  BuildStamp: freesurfer-linux-ubuntu22_x86_64-7.3.2-20220804-6354275  User: oesteban  Machine: dna055  Platform: Linux  PlatformVersion: 5.14.0-427.37.1.el9_4.x86_64  CompilerName: GCC  CompilerVersion: 8.4.0
ProgramName: mri_annotation2label  ProgramArguments: mri_annotation2label -all-info  ProgramVersion: 7.3.2  TimeStamp: 2026/03/11-14:57:36-GMT  BuildTime: Aug  4 2022 06:17:15  BuildStamp: freesurfer-linux-ubuntu22_x86_64-7.3.2-20220804-6354275  User: oesteban  Machine: dna055  Platform: Linux  PlatformVersion: 5.14.0-427.37.1.el9_4.x86_64  CompilerName: GCC  CompilerVersion: 8.4.0
ProgramName: mri_aparc2aseg  ProgramArguments: mri_aparc2aseg -all-info  ProgramVersion: 7.3.2  TimeStamp: 2026/03/11-14:57:36-GMT  BuildTime: Aug  4 2022 06:17:15  BuildStamp: freesurfer-linux-ubuntu22_x86_64-7.3.2-20220804-6354275  User: oesteban  Machine: dna055  Platform: Linux  PlatformVersion: 5.14.0-427.37.1.el9_4.x86_64  CompilerName: GCC  CompilerVersion: 8.4.0
ProgramName: mri_surf2volseg  ProgramArguments: mri_surf2volseg -all-info  ProgramVersion: 7.3.2  TimeStamp: 2026/03/11-14:57:36-GMT  BuildTime: Aug  4 2022 06:17:15  BuildStamp: freesurfer-linux-ubuntu22_x86_64-7.3.2-20220804-6354275  User: oesteban  Machine: dna055  Platform: Linux  PlatformVersion: 5.14.0-427.37.1.el9_4.x86_64  CompilerName: GCC  CompilerVersion: 8.4.0
ProgramName: mri_binarize  ProgramArguments: mri_binarize -all-info  ProgramVersion: 7.3.2  TimeStamp: 2026/03/11-14:57:36-GMT  BuildTime: Aug  4 2022 06:17:15  BuildStamp: freesurfer-linux-ubuntu22_x86_64-7.3.2-20220804-6354275  User: oesteban  Machine: dna055  Platform: Linux  PlatformVersion: 5.14.0-427.37.1.el9_4.x86_64  CompilerName: GCC  CompilerVersion: 8.4.0
ProgramName: mri_ca_label  ProgramArguments: mri_ca_label -all-info  ProgramVersion: 7.3.2  TimeStamp: 2026/03/11-14:57:36-GMT  BuildTime: Aug  4 2022 06:17:15  BuildStamp: freesurfer-linux-ubuntu22_x86_64-7.3.2-20220804-6354275  User: oesteban  Machine: dna055  Platform: Linux  PlatformVersion: 5.14.0-427.37.1.el9_4.x86_64  CompilerName: GCC  CompilerVersion: 8.4.0
ProgramName: mri_ca_normalize  ProgramArguments: mri_ca_normalize -all-info  ProgramVersion: 7.3.2  TimeStamp: 2026/03/11-14:57:36-GMT  BuildTime: Aug  4 2022 06:17:15  BuildStamp: freesurfer-linux-ubuntu22_x86_64-7.3.2-20220804-6354275  User: oesteban  Machine: dna055  Platform: Linux  PlatformVersion: 5.14.0-427.37.1.el9_4.x86_64  CompilerName: GCC  CompilerVersion: 8.4.0
ProgramName: mri_ca_register  ProgramArguments: mri_ca_register -all-info  ProgramVersion: 7.3.2  TimeStamp: 2026/03/11-14:57:36-GMT  BuildTime: Aug  4 2022 06:17:15  BuildStamp: freesurfer-linux-ubuntu22_x86_64-7.3.2-20220804-6354275  User: oesteban  Machine: dna055  Platform: Linux  PlatformVersion: 5.14.0-427.37.1.el9_4.x86_64  CompilerName: GCC  CompilerVersion: 8.4.0
ProgramName: mri_cc  ProgramArguments: mri_cc -all-info  ProgramVersion: 7.3.2  TimeStamp: 2026/03/11-14:57:36-GMT  BuildTime: Aug  4 2022 06:17:15  BuildStamp: freesurfer-linux-ubuntu22_x86_64-7.3.2-20220804-6354275  User: oesteban  Machine: dna055  Platform: Linux  PlatformVersion: 5.14.0-427.37.1.el9_4.x86_64  CompilerName: GCC  CompilerVersion: 8.4.0
ProgramName: mri_compute_overlap  ProgramArguments: mri_compute_overlap -all-info  ProgramVersion: 7.3.2  TimeStamp: 2026/03/11-14:57:36-GMT  BuildTime: Aug  4 2022 06:17:15  BuildStamp: freesurfer-linux-ubuntu22_x86_64-7.3.2-20220804-6354275  User: oesteban  Machine: dna055  Platform: Linux  PlatformVersion: 5.14.0-427.37.1.el9_4.x86_64  CompilerName: GCC  CompilerVersion: 8.4.0
ProgramName: mri_compute_seg_overlap  ProgramArguments: mri_compute_seg_overlap -all-info  ProgramVersion: 7.3.2  TimeStamp: 2026/03/11-14:57:36-GMT  BuildTime: Aug  4 2022 06:17:15  BuildStamp: freesurfer-linux-ubuntu22_x86_64-7.3.2-20220804-6354275  User: oesteban  Machine: dna055  Platform: Linux  PlatformVersion: 5.14.0-427.37.1.el9_4.x86_64  CompilerName: GCC  CompilerVersion: 8.4.0
ProgramName: mri_concat  ProgramArguments: mri_concat -all-info  ProgramVersion: 7.3.2  TimeStamp: 2026/03/11-14:57:36-GMT  BuildTime: Aug  4 2022 06:17:15  BuildStamp: freesurfer-linux-ubuntu22_x86_64-7.3.2-20220804-6354275  User: oesteban  Machine: dna055  Platform: Linux  PlatformVersion: 5.14.0-427.37.1.el9_4.x86_64  CompilerName: GCC  CompilerVersion: 8.4.0
ProgramName: mri_concatenate_lta  ProgramArguments: mri_concatenate_lta -all-info  ProgramVersion: 7.3.2  TimeStamp: 2026/03/11-14:57:36-GMT  BuildTime: Aug  4 2022 06:17:15  BuildStamp: freesurfer-linux-ubuntu22_x86_64-7.3.2-20220804-6354275  User: oesteban  Machine: dna055  Platform: Linux  PlatformVersion: 5.14.0-427.37.1.el9_4.x86_64  CompilerName: GCC  CompilerVersion: 8.4.0
mri_convert -all-info 
ProgramName: mri_convert  ProgramArguments: mri_convert -all-info  ProgramVersion: 7.3.2  TimeStamp: 2026/03/11-14:57:36-GMT  BuildTime: Aug  4 2022 06:17:15  BuildStamp: freesurfer-linux-ubuntu22_x86_64-7.3.2-20220804-6354275  User: oesteban  Machine: dna055  Platform: Linux  PlatformVersion: 5.14.0-427.37.1.el9_4.x86_64  CompilerName: GCC  CompilerVersion: 8.4.0
ProgramName: mri_diff  ProgramArguments: mri_diff -all-info  ProgramVersion: 7.3.2  TimeStamp: 2026/03/11-14:57:36-GMT  BuildTime: Aug  4 2022 06:17:15  BuildStamp: freesurfer-linux-ubuntu22_x86_64-7.3.2-20220804-6354275  User: oesteban  Machine: dna055  Platform: Linux  PlatformVersion: 5.14.0-427.37.1.el9_4.x86_64  CompilerName: GCC  CompilerVersion: 8.4.0
ProgramName: mri_edit_wm_with_aseg  ProgramArguments: mri_edit_wm_with_aseg -all-info  ProgramVersion: 7.3.2  TimeStamp: 2026/03/11-14:57:36-GMT  BuildTime: Aug  4 2022 06:17:15  BuildStamp: freesurfer-linux-ubuntu22_x86_64-7.3.2-20220804-6354275  User: oesteban  Machine: dna055  Platform: Linux  PlatformVersion: 5.14.0-427.37.1.el9_4.x86_64  CompilerName: GCC  CompilerVersion: 8.4.0
ProgramName: mri_em_register  ProgramArguments: mri_em_register -all-info  ProgramVersion: 7.3.2  TimeStamp: 2026/03/11-14:57:36-GMT  BuildTime: Aug  4 2022 06:17:15  BuildStamp: freesurfer-linux-ubuntu22_x86_64-7.3.2-20220804-6354275  User: oesteban  Machine: dna055  Platform: Linux  PlatformVersion: 5.14.0-427.37.1.el9_4.x86_64  CompilerName: GCC  CompilerVersion: 8.4.0
ProgramName: mri_fill  ProgramArguments: mri_fill -all-info  ProgramVersion: 7.3.2  TimeStamp: 2026/03/11-14:57:36-GMT  BuildTime: Aug  4 2022 06:17:15  BuildStamp: freesurfer-linux-ubuntu22_x86_64-7.3.2-20220804-6354275  User: oesteban  Machine: dna055  Platform: Linux  PlatformVersion: 5.14.0-427.37.1.el9_4.x86_64  CompilerName: GCC  CompilerVersion: 8.4.0
ProgramName: mri_fuse_segmentations  ProgramArguments: mri_fuse_segmentations -all-info  ProgramVersion: 7.3.2  TimeStamp: 2026/03/11-14:57:36-GMT  BuildTime: Aug  4 2022 06:17:15  BuildStamp: freesurfer-linux-ubuntu22_x86_64-7.3.2-20220804-6354275  User: oesteban  Machine: dna055  Platform: Linux  PlatformVersion: 5.14.0-427.37.1.el9_4.x86_64  CompilerName: GCC  CompilerVersion: 8.4.0
ProgramName: mri_fwhm  ProgramArguments: mri_fwhm -all-info  ProgramVersion: 7.3.2  TimeStamp: 2026/03/11-14:57:36-GMT  BuildTime: Aug  4 2022 06:17:15  BuildStamp: freesurfer-linux-ubuntu22_x86_64-7.3.2-20220804-6354275  User: oesteban  Machine: dna055  Platform: Linux  PlatformVersion: 5.14.0-427.37.1.el9_4.x86_64  CompilerName: GCC  CompilerVersion: 8.4.0
ProgramName: mri_gcut  ProgramArguments: mri_gcut -all-info  ProgramVersion: 7.3.2  TimeStamp: 2026/03/11-14:57:36-GMT  BuildTime: Aug  4 2022 06:17:15  BuildStamp: freesurfer-linux-ubuntu22_x86_64-7.3.2-20220804-6354275  User: oesteban  Machine: dna055  Platform: Linux  PlatformVersion: 5.14.0-427.37.1.el9_4.x86_64  CompilerName: GCC  CompilerVersion: 8.4.0
ProgramName: mri_info  ProgramArguments: mri_info -all-info  ProgramVersion: 7.3.2  TimeStamp: 2026/03/11-14:57:36-GMT  BuildTime: Aug  4 2022 06:17:15  BuildStamp: freesurfer-linux-ubuntu22_x86_64-7.3.2-20220804-6354275  User: oesteban  Machine: dna055  Platform: Linux  PlatformVersion: 5.14.0-427.37.1.el9_4.x86_64  CompilerName: GCC  CompilerVersion: 8.4.0
ProgramName: mri_label2label  ProgramArguments: mri_label2label -all-info  ProgramVersion: 7.3.2  TimeStamp: 2026/03/11-14:57:36-GMT  BuildTime: Aug  4 2022 06:17:15  BuildStamp: freesurfer-linux-ubuntu22_x86_64-7.3.2-20220804-6354275  User: oesteban  Machine: dna055  Platform: Linux  PlatformVersion: 5.14.0-427.37.1.el9_4.x86_64  CompilerName: GCC  CompilerVersion: 8.4.0
ProgramName: mri_label2vol  ProgramArguments: mri_label2vol -all-info  ProgramVersion: 7.3.2  TimeStamp: 2026/03/11-14:57:36-GMT  BuildTime: Aug  4 2022 06:17:15  BuildStamp: freesurfer-linux-ubuntu22_x86_64-7.3.2-20220804-6354275  User: oesteban  Machine: dna055  Platform: Linux  PlatformVersion: 5.14.0-427.37.1.el9_4.x86_64  CompilerName: GCC  CompilerVersion: 8.4.0
ProgramName: mri_log_likelihood  ProgramArguments: mri_log_likelihood -all-info  ProgramVersion: 7.3.2  TimeStamp: 2026/03/11-14:57:36-GMT  BuildTime: Aug  4 2022 06:17:15  BuildStamp: freesurfer-linux-ubuntu22_x86_64-7.3.2-20220804-6354275  User: oesteban  Machine: dna055  Platform: Linux  PlatformVersion: 5.14.0-427.37.1.el9_4.x86_64  CompilerName: GCC  CompilerVersion: 8.4.0
ProgramName: mri_mask  ProgramArguments: mri_mask -all-info  ProgramVersion: 7.3.2  TimeStamp: 2026/03/11-14:57:36-GMT  BuildTime: Aug  4 2022 06:17:15  BuildStamp: freesurfer-linux-ubuntu22_x86_64-7.3.2-20220804-6354275  User: oesteban  Machine: dna055  Platform: Linux  PlatformVersion: 5.14.0-427.37.1.el9_4.x86_64  CompilerName: GCC  CompilerVersion: 8.4.0
ProgramName: mri_matrix_multiply  ProgramArguments: mri_matrix_multiply -all-info  ProgramVersion: 7.3.2  TimeStamp: 2026/03/11-14:57:36-GMT  BuildTime: Aug  4 2022 06:17:15  BuildStamp: freesurfer-linux-ubuntu22_x86_64-7.3.2-20220804-6354275  User: oesteban  Machine: dna055  Platform: Linux  PlatformVersion: 5.14.0-427.37.1.el9_4.x86_64  CompilerName: GCC  CompilerVersion: 8.4.0
ProgramName: mri_normalize  ProgramArguments: mri_normalize -all-info  ProgramVersion: 7.3.2  TimeStamp: 2026/03/11-14:57:36-GMT  BuildTime: Aug  4 2022 06:17:15  BuildStamp: freesurfer-linux-ubuntu22_x86_64-7.3.2-20220804-6354275  User: oesteban  Machine: dna055  Platform: Linux  PlatformVersion: 5.14.0-427.37.1.el9_4.x86_64  CompilerName: GCC  CompilerVersion: 8.4.0
ProgramName: mri_normalize_tp2  ProgramArguments: mri_normalize_tp2 -all-info  ProgramVersion: 7.3.2  TimeStamp: 2026/03/11-14:57:36-GMT  BuildTime: Aug  4 2022 06:17:15  BuildStamp: freesurfer-linux-ubuntu22_x86_64-7.3.2-20220804-6354275  User: oesteban  Machine: dna055  Platform: Linux  PlatformVersion: 5.14.0-427.37.1.el9_4.x86_64  CompilerName: GCC  CompilerVersion: 8.4.0
ProgramName: mri_or  ProgramArguments: mri_or -all-info  ProgramVersion: 7.3.2  TimeStamp: 2026/03/11-14:57:36-GMT  BuildTime: Aug  4 2022 06:17:15  BuildStamp: freesurfer-linux-ubuntu22_x86_64-7.3.2-20220804-6354275  User: oesteban  Machine: dna055  Platform: Linux  PlatformVersion: 5.14.0-427.37.1.el9_4.x86_64  CompilerName: GCC  CompilerVersion: 8.4.0
ProgramName: mri_relabel_hypointensities  ProgramArguments: mri_relabel_hypointensities -all-info  ProgramVersion: 7.3.2  TimeStamp: 2026/03/11-14:57:36-GMT  BuildTime: Aug  4 2022 06:17:15  BuildStamp: freesurfer-linux-ubuntu22_x86_64-7.3.2-20220804-6354275  User: oesteban  Machine: dna055  Platform: Linux  PlatformVersion: 5.14.0-427.37.1.el9_4.x86_64  CompilerName: GCC  CompilerVersion: 8.4.0
ProgramName: mri_relabel_nonwm_hypos  ProgramArguments: mri_relabel_nonwm_hypos -all-info  ProgramVersion: 7.3.2  TimeStamp: 2026/03/11-14:57:36-GMT  BuildTime: Aug  4 2022 06:17:15  BuildStamp: freesurfer-linux-ubuntu22_x86_64-7.3.2-20220804-6354275  User: oesteban  Machine: dna055  Platform: Linux  PlatformVersion: 5.14.0-427.37.1.el9_4.x86_64  CompilerName: GCC  CompilerVersion: 8.4.0
ProgramName: mri_remove_neck  ProgramArguments: mri_remove_neck -all-info  ProgramVersion: 7.3.2  TimeStamp: 2026/03/11-14:57:36-GMT  BuildTime: Aug  4 2022 06:17:15  BuildStamp: freesurfer-linux-ubuntu22_x86_64-7.3.2-20220804-6354275  User: oesteban  Machine: dna055  Platform: Linux  PlatformVersion: 5.14.0-427.37.1.el9_4.x86_64  CompilerName: GCC  CompilerVersion: 8.4.0
7.3.2

ProgramName: mri_robust_register  ProgramArguments: mri_robust_register -all-info  ProgramVersion: 7.3.2  TimeStamp: 2026/03/11-14:57:36-GMT  BuildTime: Aug  4 2022 06:17:15  BuildStamp: freesurfer-linux-ubuntu22_x86_64-7.3.2-20220804-6354275  User: oesteban  Machine: dna055  Platform: Linux  PlatformVersion: 5.14.0-427.37.1.el9_4.x86_64  CompilerName: GCC  CompilerVersion: 8.4.0
7.3.2

ProgramName: mri_robust_template  ProgramArguments: mri_robust_template -all-info  ProgramVersion: 7.3.2  TimeStamp: 2026/03/11-14:57:36-GMT  BuildTime: Aug  4 2022 06:17:15  BuildStamp: freesurfer-linux-ubuntu22_x86_64-7.3.2-20220804-6354275  User: oesteban  Machine: dna055  Platform: Linux  PlatformVersion: 5.14.0-427.37.1.el9_4.x86_64  CompilerName: GCC  CompilerVersion: 8.4.0
ProgramName: mris_anatomical_stats  ProgramArguments: mris_anatomical_stats -all-info  ProgramVersion: 7.3.2  TimeStamp: 2026/03/11-14:57:36-GMT  BuildTime: Aug  4 2022 06:17:15  BuildStamp: freesurfer-linux-ubuntu22_x86_64-7.3.2-20220804-6354275  User: oesteban  Machine: dna055  Platform: Linux  PlatformVersion: 5.14.0-427.37.1.el9_4.x86_64  CompilerName: GCC  CompilerVersion: 8.4.0
ProgramName: mris_ca_label  ProgramArguments: mris_ca_label -all-info  ProgramVersion: 7.3.2  TimeStamp: 2026/03/11-14:57:36-GMT  BuildTime: Aug  4 2022 06:17:15  BuildStamp: freesurfer-linux-ubuntu22_x86_64-7.3.2-20220804-6354275  User: oesteban  Machine: dna055  Platform: Linux  PlatformVersion: 5.14.0-427.37.1.el9_4.x86_64  CompilerName: GCC  CompilerVersion: 8.4.0
ProgramName: mris_calc  ProgramArguments: mris_calc -all-info  ProgramVersion: 7.3.2  TimeStamp: 2026/03/11-14:57:36-GMT  BuildTime: Aug  4 2022 06:17:15  BuildStamp: freesurfer-linux-ubuntu22_x86_64-7.3.2-20220804-6354275  User: oesteban  Machine: dna055  Platform: Linux  PlatformVersion: 5.14.0-427.37.1.el9_4.x86_64  CompilerName: GCC  CompilerVersion: 8.4.0
ProgramName: mris_convert  ProgramArguments: mris_convert -all-info  ProgramVersion: 7.3.2  TimeStamp: 2026/03/11-14:57:36-GMT  BuildTime: Aug  4 2022 06:17:15  BuildStamp: freesurfer-linux-ubuntu22_x86_64-7.3.2-20220804-6354275  User: oesteban  Machine: dna055  Platform: Linux  PlatformVersion: 5.14.0-427.37.1.el9_4.x86_64  CompilerName: GCC  CompilerVersion: 8.4.0
ProgramName: mris_curvature  ProgramArguments: mris_curvature -all-info  ProgramVersion: 7.3.2  TimeStamp: 2026/03/11-14:57:36-GMT  BuildTime: Aug  4 2022 06:17:15  BuildStamp: freesurfer-linux-ubuntu22_x86_64-7.3.2-20220804-6354275  User: oesteban  Machine: dna055  Platform: Linux  PlatformVersion: 5.14.0-427.37.1.el9_4.x86_64  CompilerName: GCC  CompilerVersion: 8.4.0
ProgramName: mris_curvature_stats  ProgramArguments: mris_curvature_stats -all-info  ProgramVersion: 7.3.2  TimeStamp: 2026/03/11-14:57:36-GMT  BuildTime: Aug  4 2022 06:17:15  BuildStamp: freesurfer-linux-ubuntu22_x86_64-7.3.2-20220804-6354275  User: oesteban  Machine: dna055  Platform: Linux  PlatformVersion: 5.14.0-427.37.1.el9_4.x86_64  CompilerName: GCC  CompilerVersion: 8.4.0
ProgramName: mris_diff  ProgramArguments: mris_diff -all-info  ProgramVersion: 7.3.2  TimeStamp: 2026/03/11-14:57:36-GMT  BuildTime: Aug  4 2022 06:17:15  BuildStamp: freesurfer-linux-ubuntu22_x86_64-7.3.2-20220804-6354275  User: oesteban  Machine: dna055  Platform: Linux  PlatformVersion: 5.14.0-427.37.1.el9_4.x86_64  CompilerName: GCC  CompilerVersion: 8.4.0
ProgramName: mris_divide_parcellation  ProgramArguments: mris_divide_parcellation -all-info  ProgramVersion: 7.3.2  TimeStamp: 2026/03/11-14:57:36-GMT  BuildTime: Aug  4 2022 06:17:15  BuildStamp: freesurfer-linux-ubuntu22_x86_64-7.3.2-20220804-6354275  User: oesteban  Machine: dna055  Platform: Linux  PlatformVersion: 5.14.0-427.37.1.el9_4.x86_64  CompilerName: GCC  CompilerVersion: 8.4.0
ProgramName: mri_segment  ProgramArguments: mri_segment -all-info  ProgramVersion: 7.3.2  TimeStamp: 2026/03/11-14:57:36-GMT  BuildTime: Aug  4 2022 06:17:15  BuildStamp: freesurfer-linux-ubuntu22_x86_64-7.3.2-20220804-6354275  User: oesteban  Machine: dna055  Platform: Linux  PlatformVersion: 5.14.0-427.37.1.el9_4.x86_64  CompilerName: GCC  CompilerVersion: 8.4.0
ProgramName: mri_segstats  ProgramArguments: mri_segstats -all-info  ProgramVersion: 7.3.2  TimeStamp: 2026/03/11-14:57:36-GMT  BuildTime: Aug  4 2022 06:17:15  BuildStamp: freesurfer-linux-ubuntu22_x86_64-7.3.2-20220804-6354275  User: oesteban  Machine: dna055  Platform: Linux  PlatformVersion: 5.14.0-427.37.1.el9_4.x86_64  CompilerName: GCC  CompilerVersion: 8.4.0
ProgramName: mris_euler_number  ProgramArguments: mris_euler_number -all-info  ProgramVersion: 7.3.2  TimeStamp: 2026/03/11-14:57:36-GMT  BuildTime: Aug  4 2022 06:17:15  BuildStamp: freesurfer-linux-ubuntu22_x86_64-7.3.2-20220804-6354275  User: oesteban  Machine: dna055  Platform: Linux  PlatformVersion: 5.14.0-427.37.1.el9_4.x86_64  CompilerName: GCC  CompilerVersion: 8.4.0
ProgramName: mris_fix_topology  ProgramArguments: mris_fix_topology -all-info  ProgramVersion: 7.3.2  TimeStamp: 2026/03/11-14:57:36-GMT  BuildTime: Aug  4 2022 06:17:15  BuildStamp: freesurfer-linux-ubuntu22_x86_64-7.3.2-20220804-6354275  User: oesteban  Machine: dna055  Platform: Linux  PlatformVersion: 5.14.0-427.37.1.el9_4.x86_64  CompilerName: GCC  CompilerVersion: 8.4.0
ProgramName: mris_topo_fixer  ProgramArguments: mris_topo_fixer -all-info  ProgramVersion: 7.3.2  TimeStamp: 2026/03/11-14:57:36-GMT  BuildTime: Aug  4 2022 06:17:15  BuildStamp: freesurfer-linux-ubuntu22_x86_64-7.3.2-20220804-6354275  User: oesteban  Machine: dna055  Platform: Linux  PlatformVersion: 5.14.0-427.37.1.el9_4.x86_64  CompilerName: GCC  CompilerVersion: 8.4.0
ProgramName: mris_jacobian  ProgramArguments: mris_jacobian -all-info  ProgramVersion: 7.3.2  TimeStamp: 2026/03/11-14:57:36-GMT  BuildTime: Aug  4 2022 06:17:15  BuildStamp: freesurfer-linux-ubuntu22_x86_64-7.3.2-20220804-6354275  User: oesteban  Machine: dna055  Platform: Linux  PlatformVersion: 5.14.0-427.37.1.el9_4.x86_64  CompilerName: GCC  CompilerVersion: 8.4.0
ProgramName: mris_label2annot  ProgramArguments: mris_label2annot -all-info  ProgramVersion: 7.3.2  TimeStamp: 2026/03/11-14:57:36-GMT  BuildTime: Aug  4 2022 06:17:15  BuildStamp: freesurfer-linux-ubuntu22_x86_64-7.3.2-20220804-6354275  User: oesteban  Machine: dna055  Platform: Linux  PlatformVersion: 5.14.0-427.37.1.el9_4.x86_64  CompilerName: GCC  CompilerVersion: 8.4.0
ProgramName: mris_left_right_register  ProgramArguments: mris_left_right_register -all-info  ProgramVersion: 7.3.2  TimeStamp: 2026/03/11-14:57:36-GMT  BuildTime: Aug  4 2022 06:17:15  BuildStamp: freesurfer-linux-ubuntu22_x86_64-7.3.2-20220804-6354275  User: oesteban  Machine: dna055  Platform: Linux  PlatformVersion: 5.14.0-427.37.1.el9_4.x86_64  CompilerName: GCC  CompilerVersion: 8.4.0
ProgramName: mris_place_surface  ProgramArguments: mris_place_surface -all-info  ProgramVersion: 7.3.2  TimeStamp: 2026/03/11-14:57:36-GMT  BuildTime: Aug  4 2022 06:17:15  BuildStamp: freesurfer-linux-ubuntu22_x86_64-7.3.2-20220804-6354275  User: oesteban  Machine: dna055  Platform: Linux  PlatformVersion: 5.14.0-427.37.1.el9_4.x86_64  CompilerName: GCC  CompilerVersion: 8.4.0
ProgramName: mrisp_paint  ProgramArguments: mrisp_paint -all-info  ProgramVersion: 7.3.2  TimeStamp: 2026/03/11-14:57:36-GMT  BuildTime: Aug  4 2022 06:17:15  BuildStamp: freesurfer-linux-ubuntu22_x86_64-7.3.2-20220804-6354275  User: oesteban  Machine: dna055  Platform: Linux  PlatformVersion: 5.14.0-427.37.1.el9_4.x86_64  CompilerName: GCC  CompilerVersion: 8.4.0
ProgramName: mris_register  ProgramArguments: mris_register -all-info  ProgramVersion: 7.3.2  TimeStamp: 2026/03/11-14:57:36-GMT  BuildTime: Aug  4 2022 06:17:15  BuildStamp: freesurfer-linux-ubuntu22_x86_64-7.3.2-20220804-6354275  User: oesteban  Machine: dna055  Platform: Linux  PlatformVersion: 5.14.0-427.37.1.el9_4.x86_64  CompilerName: GCC  CompilerVersion: 8.4.0
ProgramName: mris_smooth  ProgramArguments: mris_smooth -all-info  ProgramVersion: 7.3.2  TimeStamp: 2026/03/11-14:57:36-GMT  BuildTime: Aug  4 2022 06:17:15  BuildStamp: freesurfer-linux-ubuntu22_x86_64-7.3.2-20220804-6354275  User: oesteban  Machine: dna055  Platform: Linux  PlatformVersion: 5.14.0-427.37.1.el9_4.x86_64  CompilerName: GCC  CompilerVersion: 8.4.0
ProgramName: mris_sphere  ProgramArguments: mris_sphere -all-info  ProgramVersion: 7.3.2  TimeStamp: 2026/03/11-14:57:36-GMT  BuildTime: Aug  4 2022 06:17:15  BuildStamp: freesurfer-linux-ubuntu22_x86_64-7.3.2-20220804-6354275  User: oesteban  Machine: dna055  Platform: Linux  PlatformVersion: 5.14.0-427.37.1.el9_4.x86_64  CompilerName: GCC  CompilerVersion: 8.4.0
ProgramName: mris_surface_stats  ProgramArguments: mris_surface_stats -all-info  ProgramVersion: 7.3.2  TimeStamp: 2026/03/11-14:57:36-GMT  BuildTime: Aug  4 2022 06:17:15  BuildStamp: freesurfer-linux-ubuntu22_x86_64-7.3.2-20220804-6354275  User: oesteban  Machine: dna055  Platform: Linux  PlatformVersion: 5.14.0-427.37.1.el9_4.x86_64  CompilerName: GCC  CompilerVersion: 8.4.0
ProgramName: mri_stats2seg  ProgramArguments: mri_stats2seg -all-info  ProgramVersion: 7.3.2  TimeStamp: 2026/03/11-14:57:36-GMT  BuildTime: Aug  4 2022 06:17:15  BuildStamp: freesurfer-linux-ubuntu22_x86_64-7.3.2-20220804-6354275  User: oesteban  Machine: dna055  Platform: Linux  PlatformVersion: 5.14.0-427.37.1.el9_4.x86_64  CompilerName: GCC  CompilerVersion: 8.4.0
ProgramName: mris_thickness  ProgramArguments: mris_thickness -all-info  ProgramVersion: 7.3.2  TimeStamp: 2026/03/11-14:57:36-GMT  BuildTime: Aug  4 2022 06:17:15  BuildStamp: freesurfer-linux-ubuntu22_x86_64-7.3.2-20220804-6354275  User: oesteban  Machine: dna055  Platform: Linux  PlatformVersion: 5.14.0-427.37.1.el9_4.x86_64  CompilerName: GCC  CompilerVersion: 8.4.0
ProgramName: mris_thickness_diff  ProgramArguments: mris_thickness_diff -all-info  ProgramVersion: 7.3.2  TimeStamp: 2026/03/11-14:57:36-GMT  BuildTime: Aug  4 2022 06:17:15  BuildStamp: freesurfer-linux-ubuntu22_x86_64-7.3.2-20220804-6354275  User: oesteban  Machine: dna055  Platform: Linux  PlatformVersion: 5.14.0-427.37.1.el9_4.x86_64  CompilerName: GCC  CompilerVersion: 8.4.0
ProgramName: mris_topo_fixer  ProgramArguments: mris_topo_fixer -all-info  ProgramVersion: 7.3.2  TimeStamp: 2026/03/11-14:57:36-GMT  BuildTime: Aug  4 2022 06:17:15  BuildStamp: freesurfer-linux-ubuntu22_x86_64-7.3.2-20220804-6354275  User: oesteban  Machine: dna055  Platform: Linux  PlatformVersion: 5.14.0-427.37.1.el9_4.x86_64  CompilerName: GCC  CompilerVersion: 8.4.0
ProgramName: mri_surf2surf  ProgramArguments: mri_surf2surf -all-info  ProgramVersion: 7.3.2  TimeStamp: 2026/03/11-14:57:36-GMT  BuildTime: Aug  4 2022 06:17:15  BuildStamp: freesurfer-linux-ubuntu22_x86_64-7.3.2-20220804-6354275  User: oesteban  Machine: dna055  Platform: Linux  PlatformVersion: 5.14.0-427.37.1.el9_4.x86_64  CompilerName: GCC  CompilerVersion: 8.4.0
ProgramName: mri_surf2vol  ProgramArguments: mri_surf2vol -all-info  ProgramVersion: 7.3.2  TimeStamp: 2026/03/11-14:57:36-GMT  BuildTime: Aug  4 2022 06:17:15  BuildStamp: freesurfer-linux-ubuntu22_x86_64-7.3.2-20220804-6354275  User: oesteban  Machine: dna055  Platform: Linux  PlatformVersion: 5.14.0-427.37.1.el9_4.x86_64  CompilerName: GCC  CompilerVersion: 8.4.0
ProgramName: mri_surfcluster  ProgramArguments: mri_surfcluster -all-info  ProgramVersion: 7.3.2  TimeStamp: 2026/03/11-14:57:36-GMT  BuildTime: Aug  4 2022 06:17:15  BuildStamp: freesurfer-linux-ubuntu22_x86_64-7.3.2-20220804-6354275  User: oesteban  Machine: dna055  Platform: Linux  PlatformVersion: 5.14.0-427.37.1.el9_4.x86_64  CompilerName: GCC  CompilerVersion: 8.4.0
ProgramName: mris_volmask  ProgramArguments: mris_volmask -all-info  ProgramVersion: 7.3.2  TimeStamp: 2026/03/11-14:57:36-GMT  BuildTime: Aug  4 2022 06:17:15  BuildStamp: freesurfer-linux-ubuntu22_x86_64-7.3.2-20220804-6354275  User: oesteban  Machine: dna055  Platform: Linux  PlatformVersion: 5.14.0-427.37.1.el9_4.x86_64  CompilerName: GCC  CompilerVersion: 8.4.0
ProgramName: mri_tessellate  ProgramArguments: mri_tessellate -all-info  ProgramVersion: 7.3.2  TimeStamp: 2026/03/11-14:57:36-GMT  BuildTime: Aug  4 2022 06:17:15  BuildStamp: freesurfer-linux-ubuntu22_x86_64-7.3.2-20220804-6354275  User: oesteban  Machine: dna055  Platform: Linux  PlatformVersion: 5.14.0-427.37.1.el9_4.x86_64  CompilerName: GCC  CompilerVersion: 8.4.0
ProgramName: mri_vol2surf  ProgramArguments: mri_vol2surf -all-info  ProgramVersion: 7.3.2  TimeStamp: 2026/03/11-14:57:36-GMT  BuildTime: Aug  4 2022 06:17:15  BuildStamp: freesurfer-linux-ubuntu22_x86_64-7.3.2-20220804-6354275  User: oesteban  Machine: dna055  Platform: Linux  PlatformVersion: 5.14.0-427.37.1.el9_4.x86_64  CompilerName: GCC  CompilerVersion: 8.4.0
ProgramName: mri_vol2vol  ProgramArguments: mri_vol2vol -all-info  ProgramVersion: 7.3.2  TimeStamp: 2026/03/11-14:57:36-GMT  BuildTime: Aug  4 2022 06:17:15  BuildStamp: freesurfer-linux-ubuntu22_x86_64-7.3.2-20220804-6354275  User: oesteban  Machine: dna055  Platform: Linux  PlatformVersion: 5.14.0-427.37.1.el9_4.x86_64  CompilerName: GCC  CompilerVersion: 8.4.0
ProgramName: mri_voldiff  ProgramArguments: mri_voldiff -all-info  ProgramVersion: 7.3.2  TimeStamp: 2026/03/11-14:57:36-GMT  BuildTime: Aug  4 2022 06:17:15  BuildStamp: freesurfer-linux-ubuntu22_x86_64-7.3.2-20220804-6354275  User: oesteban  Machine: dna055  Platform: Linux  PlatformVersion: 5.14.0-427.37.1.el9_4.x86_64  CompilerName: GCC  CompilerVersion: 8.4.0
ProgramName: mri_watershed  ProgramArguments: mri_watershed -all-info  ProgramVersion: 7.3.2  TimeStamp: 2026/03/11-14:57:36-GMT  BuildTime: Aug  4 2022 06:17:15  BuildStamp: freesurfer-linux-ubuntu22_x86_64-7.3.2-20220804-6354275  User: oesteban  Machine: dna055  Platform: Linux  PlatformVersion: 5.14.0-427.37.1.el9_4.x86_64  CompilerName: GCC  CompilerVersion: 8.4.0
ProgramName: tkregister2  ProgramArguments: tkregister2_cmdl -all-info  ProgramVersion: 7.3.2  TimeStamp: 2026/03/11-14:57:36-GMT  BuildTime: Aug  4 2022 06:17:15  BuildStamp: freesurfer-linux-ubuntu22_x86_64-7.3.2-20220804-6354275  User: oesteban  Machine: dna055  Platform: Linux  PlatformVersion: 5.14.0-427.37.1.el9_4.x86_64  CompilerName: GCC  CompilerVersion: 8.4.0
mri_motion_correct.fsl 7.3.2
mri_convert -all-info 
ProgramName: mri_convert  ProgramArguments: mri_convert -all-info  ProgramVersion: 7.3.2  TimeStamp: 2026/03/11-14:57:36-GMT  BuildTime: Aug  4 2022 06:17:15  BuildStamp: freesurfer-linux-ubuntu22_x86_64-7.3.2-20220804-6354275  User: oesteban  Machine: dna055  Platform: Linux  PlatformVersion: 5.14.0-427.37.1.el9_4.x86_64  CompilerName: GCC  CompilerVersion: 8.4.0
Program nu_correct, built from:
Package MNI N3, version 1.12.0, compiled by nicks@terrier (x86_64-unknown-linux-gnu) on 2015-06-19 at 01:25:34
#######################################
GCADIR /opt/freesurfer/average
GCA RB_all_2020-01-02.gca
GCASkull RB_all_withskull_2020_01_02.gca
AvgCurvTif folding.atlas.acfb40.noaparc.i12.2016-08-02.tif
GCSDIR /opt/freesurfer/average
GCS DKaparc.atlas.acfb40.noaparc.i12.2016-08-02.gcs
#######################################
#@# white curv lh Wed Mar 11 15:57:36 CET 2026
cd /out/sourcedata/freesurfer/sub-v2s18x29496_ses-1/mri
mris_place_surface --curv-map ../surf/lh.white 2 10 ../surf/lh.curv
   Update not needed
#@# white area lh Wed Mar 11 15:57:36 CET 2026
cd /out/sourcedata/freesurfer/sub-v2s18x29496_ses-1/mri
mris_place_surface --area-map ../surf/lh.white ../surf/lh.area
   Update not needed
#@# pial curv lh Wed Mar 11 15:57:36 CET 2026
cd /out/sourcedata/freesurfer/sub-v2s18x29496_ses-1/mri
mris_place_surface --curv-map ../surf/lh.pial 2 10 ../surf/lh.curv.pial
   Update not needed
#@# pial area lh Wed Mar 11 15:57:36 CET 2026
cd /out/sourcedata/freesurfer/sub-v2s18x29496_ses-1/mri
mris_place_surface --area-map ../surf/lh.pial ../surf/lh.area.pial
   Update not needed
#@# thickness lh Wed Mar 11 15:57:36 CET 2026
cd /out/sourcedata/freesurfer/sub-v2s18x29496_ses-1/mri
mris_place_surface --thickness ../surf/lh.white ../surf/lh.pial 20 5 ../surf/lh.thickness
   Update not needed
#@# area and vertex vol lh Wed Mar 11 15:57:36 CET 2026
cd /out/sourcedata/freesurfer/sub-v2s18x29496_ses-1/mri
mris_place_surface --thickness ../surf/lh.white ../surf/lh.pial 20 5 ../surf/lh.thickness
   Update not needed
#@# white curv rh Wed Mar 11 15:57:36 CET 2026
cd /out/sourcedata/freesurfer/sub-v2s18x29496_ses-1/mri
mris_place_surface --curv-map ../surf/rh.white 2 10 ../surf/rh.curv
   Update not needed
#@# white area rh Wed Mar 11 15:57:36 CET 2026
cd /out/sourcedata/freesurfer/sub-v2s18x29496_ses-1/mri
mris_place_surface --area-map ../surf/rh.white ../surf/rh.area
   Update not needed
#@# pial curv rh Wed Mar 11 15:57:36 CET 2026
cd /out/sourcedata/freesurfer/sub-v2s18x29496_ses-1/mri
mris_place_surface --curv-map ../surf/rh.pial 2 10 ../surf/rh.curv.pial
   Update not needed
#@# pial area rh Wed Mar 11 15:57:36 CET 2026
cd /out/sourcedata/freesurfer/sub-v2s18x29496_ses-1/mri
mris_place_surface --area-map ../surf/rh.pial ../surf/rh.area.pial
   Update not needed
#@# thickness rh Wed Mar 11 15:57:36 CET 2026
cd /out/sourcedata/freesurfer/sub-v2s18x29496_ses-1/mri
mris_place_surface --thickness ../surf/rh.white ../surf/rh.pial 20 5 ../surf/rh.thickness
   Update not needed
#@# area and vertex vol rh Wed Mar 11 15:57:36 CET 2026
cd /out/sourcedata/freesurfer/sub-v2s18x29496_ses-1/mri
mris_place_surface --thickness ../surf/rh.white ../surf/rh.pial 20 5 ../surf/rh.thickness
   Update not needed
#--------------------------------------------
#@# Cortical ribbon mask Wed Mar 11 15:57:36 CET 2026
/out/sourcedata/freesurfer/sub-v2s18x29496_ses-1/mri

 mris_volmask --aseg_name aseg.presurf --label_left_white 2 --label_left_ribbon 3 --label_right_white 41 --label_right_ribbon 42 --save_ribbon sub-v2s18x29496_ses-1 

SUBJECTS_DIR is /out/sourcedata/freesurfer
loading input data...
Running hemis serially
Processing left hemi
computing distance to left white surface 
computing distance to left pial surface 
Processing right hemi
computing distance to right white surface 
computing distance to right pial surface 
 hemi masks overlap voxels = 286
writing volume /out/sourcedata/freesurfer/sub-v2s18x29496_ses-1/mri/ribbon.mgz
mris_volmask took 4.56 minutes
 writing ribbon files

Started at Wed Mar 11 15:57:36 CET 2026 
Ended   at Wed Mar 11 16:02:10 CET 2026
#@#%# recon-all-run-time-hours 0.076
recon-all -s sub-v2s18x29496_ses-1 finished without error at Wed Mar 11 16:02:10 CET 2026



#New# invocation of recon-all 




Wed Mar 11 16:09:10 CET 2026
cd /out/sourcedata/freesurfer/sub-v2s18x29496_ses-1
setenv SUBJECTS_DIR /out/sourcedata/freesurfer
/opt/freesurfer/bin/recon-all -autorecon3 -openmp 16 -subjid sub-v2s18x29496_ses-1 -sd /out/sourcedata/freesurfer -nosphere -nosurfreg -nojacobian_white -noavgcurv -nocortparc -nopial -noparcstats -nocortparc2 -noparcstats2 -nocortparc3 -noparcstats3 -nopctsurfcon -nocortribbon -nobalabels

subjid sub-v2s18x29496_ses-1
setenv SUBJECTS_DIR /out/sourcedata/freesurfer
FREESURFER_HOME /opt/freesurfer
Actual FREESURFER_HOME /opt/freesurfer
build-stamp.txt: freesurfer-linux-ubuntu22_x86_64-7.3.2-20220804-6354275
Linux dna055 5.14.0-427.37.1.el9_4.x86_64 #1 SMP PREEMPT_DYNAMIC Fri Sep 13 12:41:50 EDT 2024 x86_64 x86_64 x86_64 GNU/Linux
cputime      unlimited
filesize     unlimited
datasize     unlimited
stacksize    8192 kbytes
coredumpsize 0 kbytes
memoryuse    67108864 kbytes
vmemoryuse   unlimited
descriptors  1024 
memorylocked unlimited
maxproc      2061970 
maxlocks     unlimited
maxsignal    2061970 
maxmessage   819200 
maxnice      0 
maxrtprio    0 
maxrttime    unlimited

               total        used        free      shared  buff/cache   available
Mem:           503Gi       150Gi       316Gi       7.0Gi        36Gi       342Gi
Swap:             0B          0B          0B

########################################
program versions used
7.3.2 (freesurfer-linux-ubuntu22_x86_64-7.3.2-20220804-6354275)
7.3.2

ProgramName: lta_convert  ProgramArguments: lta_convert -all-info  ProgramVersion: 7.3.2  TimeStamp: 2026/03/11-15:09:10-GMT  BuildTime: Aug  4 2022 06:17:15  BuildStamp: freesurfer-linux-ubuntu22_x86_64-7.3.2-20220804-6354275  User: oesteban  Machine: dna055  Platform: Linux  PlatformVersion: 5.14.0-427.37.1.el9_4.x86_64  CompilerName: GCC  CompilerVersion: 8.4.0
ProgramName: mri_and  ProgramArguments: mri_and -all-info  ProgramVersion: 7.3.2  TimeStamp: 2026/03/11-15:09:10-GMT  BuildTime: Aug  4 2022 06:17:15  BuildStamp: freesurfer-linux-ubuntu22_x86_64-7.3.2-20220804-6354275  User: oesteban  Machine: dna055  Platform: Linux  PlatformVersion: 5.14.0-427.37.1.el9_4.x86_64  CompilerName: GCC  CompilerVersion: 8.4.0
ProgramName: mri_annotation2label  ProgramArguments: mri_annotation2label -all-info  ProgramVersion: 7.3.2  TimeStamp: 2026/03/11-15:09:10-GMT  BuildTime: Aug  4 2022 06:17:15  BuildStamp: freesurfer-linux-ubuntu22_x86_64-7.3.2-20220804-6354275  User: oesteban  Machine: dna055  Platform: Linux  PlatformVersion: 5.14.0-427.37.1.el9_4.x86_64  CompilerName: GCC  CompilerVersion: 8.4.0
ProgramName: mri_aparc2aseg  ProgramArguments: mri_aparc2aseg -all-info  ProgramVersion: 7.3.2  TimeStamp: 2026/03/11-15:09:10-GMT  BuildTime: Aug  4 2022 06:17:15  BuildStamp: freesurfer-linux-ubuntu22_x86_64-7.3.2-20220804-6354275  User: oesteban  Machine: dna055  Platform: Linux  PlatformVersion: 5.14.0-427.37.1.el9_4.x86_64  CompilerName: GCC  CompilerVersion: 8.4.0
ProgramName: mri_surf2volseg  ProgramArguments: mri_surf2volseg -all-info  ProgramVersion: 7.3.2  TimeStamp: 2026/03/11-15:09:10-GMT  BuildTime: Aug  4 2022 06:17:15  BuildStamp: freesurfer-linux-ubuntu22_x86_64-7.3.2-20220804-6354275  User: oesteban  Machine: dna055  Platform: Linux  PlatformVersion: 5.14.0-427.37.1.el9_4.x86_64  CompilerName: GCC  CompilerVersion: 8.4.0
ProgramName: mri_binarize  ProgramArguments: mri_binarize -all-info  ProgramVersion: 7.3.2  TimeStamp: 2026/03/11-15:09:10-GMT  BuildTime: Aug  4 2022 06:17:15  BuildStamp: freesurfer-linux-ubuntu22_x86_64-7.3.2-20220804-6354275  User: oesteban  Machine: dna055  Platform: Linux  PlatformVersion: 5.14.0-427.37.1.el9_4.x86_64  CompilerName: GCC  CompilerVersion: 8.4.0
ProgramName: mri_ca_label  ProgramArguments: mri_ca_label -all-info  ProgramVersion: 7.3.2  TimeStamp: 2026/03/11-15:09:10-GMT  BuildTime: Aug  4 2022 06:17:15  BuildStamp: freesurfer-linux-ubuntu22_x86_64-7.3.2-20220804-6354275  User: oesteban  Machine: dna055  Platform: Linux  PlatformVersion: 5.14.0-427.37.1.el9_4.x86_64  CompilerName: GCC  CompilerVersion: 8.4.0
ProgramName: mri_ca_normalize  ProgramArguments: mri_ca_normalize -all-info  ProgramVersion: 7.3.2  TimeStamp: 2026/03/11-15:09:10-GMT  BuildTime: Aug  4 2022 06:17:15  BuildStamp: freesurfer-linux-ubuntu22_x86_64-7.3.2-20220804-6354275  User: oesteban  Machine: dna055  Platform: Linux  PlatformVersion: 5.14.0-427.37.1.el9_4.x86_64  CompilerName: GCC  CompilerVersion: 8.4.0
ProgramName: mri_ca_register  ProgramArguments: mri_ca_register -all-info  ProgramVersion: 7.3.2  TimeStamp: 2026/03/11-15:09:10-GMT  BuildTime: Aug  4 2022 06:17:15  BuildStamp: freesurfer-linux-ubuntu22_x86_64-7.3.2-20220804-6354275  User: oesteban  Machine: dna055  Platform: Linux  PlatformVersion: 5.14.0-427.37.1.el9_4.x86_64  CompilerName: GCC  CompilerVersion: 8.4.0
ProgramName: mri_cc  ProgramArguments: mri_cc -all-info  ProgramVersion: 7.3.2  TimeStamp: 2026/03/11-15:09:10-GMT  BuildTime: Aug  4 2022 06:17:15  BuildStamp: freesurfer-linux-ubuntu22_x86_64-7.3.2-20220804-6354275  User: oesteban  Machine: dna055  Platform: Linux  PlatformVersion: 5.14.0-427.37.1.el9_4.x86_64  CompilerName: GCC  CompilerVersion: 8.4.0
ProgramName: mri_compute_overlap  ProgramArguments: mri_compute_overlap -all-info  ProgramVersion: 7.3.2  TimeStamp: 2026/03/11-15:09:10-GMT  BuildTime: Aug  4 2022 06:17:15  BuildStamp: freesurfer-linux-ubuntu22_x86_64-7.3.2-20220804-6354275  User: oesteban  Machine: dna055  Platform: Linux  PlatformVersion: 5.14.0-427.37.1.el9_4.x86_64  CompilerName: GCC  CompilerVersion: 8.4.0
ProgramName: mri_compute_seg_overlap  ProgramArguments: mri_compute_seg_overlap -all-info  ProgramVersion: 7.3.2  TimeStamp: 2026/03/11-15:09:10-GMT  BuildTime: Aug  4 2022 06:17:15  BuildStamp: freesurfer-linux-ubuntu22_x86_64-7.3.2-20220804-6354275  User: oesteban  Machine: dna055  Platform: Linux  PlatformVersion: 5.14.0-427.37.1.el9_4.x86_64  CompilerName: GCC  CompilerVersion: 8.4.0
ProgramName: mri_concat  ProgramArguments: mri_concat -all-info  ProgramVersion: 7.3.2  TimeStamp: 2026/03/11-15:09:10-GMT  BuildTime: Aug  4 2022 06:17:15  BuildStamp: freesurfer-linux-ubuntu22_x86_64-7.3.2-20220804-6354275  User: oesteban  Machine: dna055  Platform: Linux  PlatformVersion: 5.14.0-427.37.1.el9_4.x86_64  CompilerName: GCC  CompilerVersion: 8.4.0
ProgramName: mri_concatenate_lta  ProgramArguments: mri_concatenate_lta -all-info  ProgramVersion: 7.3.2  TimeStamp: 2026/03/11-15:09:10-GMT  BuildTime: Aug  4 2022 06:17:15  BuildStamp: freesurfer-linux-ubuntu22_x86_64-7.3.2-20220804-6354275  User: oesteban  Machine: dna055  Platform: Linux  PlatformVersion: 5.14.0-427.37.1.el9_4.x86_64  CompilerName: GCC  CompilerVersion: 8.4.0
mri_convert -all-info 
ProgramName: mri_convert  ProgramArguments: mri_convert -all-info  ProgramVersion: 7.3.2  TimeStamp: 2026/03/11-15:09:10-GMT  BuildTime: Aug  4 2022 06:17:15  BuildStamp: freesurfer-linux-ubuntu22_x86_64-7.3.2-20220804-6354275  User: oesteban  Machine: dna055  Platform: Linux  PlatformVersion: 5.14.0-427.37.1.el9_4.x86_64  CompilerName: GCC  CompilerVersion: 8.4.0
ProgramName: mri_diff  ProgramArguments: mri_diff -all-info  ProgramVersion: 7.3.2  TimeStamp: 2026/03/11-15:09:10-GMT  BuildTime: Aug  4 2022 06:17:15  BuildStamp: freesurfer-linux-ubuntu22_x86_64-7.3.2-20220804-6354275  User: oesteban  Machine: dna055  Platform: Linux  PlatformVersion: 5.14.0-427.37.1.el9_4.x86_64  CompilerName: GCC  CompilerVersion: 8.4.0
ProgramName: mri_edit_wm_with_aseg  ProgramArguments: mri_edit_wm_with_aseg -all-info  ProgramVersion: 7.3.2  TimeStamp: 2026/03/11-15:09:10-GMT  BuildTime: Aug  4 2022 06:17:15  BuildStamp: freesurfer-linux-ubuntu22_x86_64-7.3.2-20220804-6354275  User: oesteban  Machine: dna055  Platform: Linux  PlatformVersion: 5.14.0-427.37.1.el9_4.x86_64  CompilerName: GCC  CompilerVersion: 8.4.0
ProgramName: mri_em_register  ProgramArguments: mri_em_register -all-info  ProgramVersion: 7.3.2  TimeStamp: 2026/03/11-15:09:10-GMT  BuildTime: Aug  4 2022 06:17:15  BuildStamp: freesurfer-linux-ubuntu22_x86_64-7.3.2-20220804-6354275  User: oesteban  Machine: dna055  Platform: Linux  PlatformVersion: 5.14.0-427.37.1.el9_4.x86_64  CompilerName: GCC  CompilerVersion: 8.4.0
ProgramName: mri_fill  ProgramArguments: mri_fill -all-info  ProgramVersion: 7.3.2  TimeStamp: 2026/03/11-15:09:10-GMT  BuildTime: Aug  4 2022 06:17:15  BuildStamp: freesurfer-linux-ubuntu22_x86_64-7.3.2-20220804-6354275  User: oesteban  Machine: dna055  Platform: Linux  PlatformVersion: 5.14.0-427.37.1.el9_4.x86_64  CompilerName: GCC  CompilerVersion: 8.4.0
ProgramName: mri_fuse_segmentations  ProgramArguments: mri_fuse_segmentations -all-info  ProgramVersion: 7.3.2  TimeStamp: 2026/03/11-15:09:10-GMT  BuildTime: Aug  4 2022 06:17:15  BuildStamp: freesurfer-linux-ubuntu22_x86_64-7.3.2-20220804-6354275  User: oesteban  Machine: dna055  Platform: Linux  PlatformVersion: 5.14.0-427.37.1.el9_4.x86_64  CompilerName: GCC  CompilerVersion: 8.4.0
ProgramName: mri_fwhm  ProgramArguments: mri_fwhm -all-info  ProgramVersion: 7.3.2  TimeStamp: 2026/03/11-15:09:10-GMT  BuildTime: Aug  4 2022 06:17:15  BuildStamp: freesurfer-linux-ubuntu22_x86_64-7.3.2-20220804-6354275  User: oesteban  Machine: dna055  Platform: Linux  PlatformVersion: 5.14.0-427.37.1.el9_4.x86_64  CompilerName: GCC  CompilerVersion: 8.4.0
ProgramName: mri_gcut  ProgramArguments: mri_gcut -all-info  ProgramVersion: 7.3.2  TimeStamp: 2026/03/11-15:09:10-GMT  BuildTime: Aug  4 2022 06:17:15  BuildStamp: freesurfer-linux-ubuntu22_x86_64-7.3.2-20220804-6354275  User: oesteban  Machine: dna055  Platform: Linux  PlatformVersion: 5.14.0-427.37.1.el9_4.x86_64  CompilerName: GCC  CompilerVersion: 8.4.0
ProgramName: mri_info  ProgramArguments: mri_info -all-info  ProgramVersion: 7.3.2  TimeStamp: 2026/03/11-15:09:10-GMT  BuildTime: Aug  4 2022 06:17:15  BuildStamp: freesurfer-linux-ubuntu22_x86_64-7.3.2-20220804-6354275  User: oesteban  Machine: dna055  Platform: Linux  PlatformVersion: 5.14.0-427.37.1.el9_4.x86_64  CompilerName: GCC  CompilerVersion: 8.4.0
ProgramName: mri_label2label  ProgramArguments: mri_label2label -all-info  ProgramVersion: 7.3.2  TimeStamp: 2026/03/11-15:09:10-GMT  BuildTime: Aug  4 2022 06:17:15  BuildStamp: freesurfer-linux-ubuntu22_x86_64-7.3.2-20220804-6354275  User: oesteban  Machine: dna055  Platform: Linux  PlatformVersion: 5.14.0-427.37.1.el9_4.x86_64  CompilerName: GCC  CompilerVersion: 8.4.0
ProgramName: mri_label2vol  ProgramArguments: mri_label2vol -all-info  ProgramVersion: 7.3.2  TimeStamp: 2026/03/11-15:09:10-GMT  BuildTime: Aug  4 2022 06:17:15  BuildStamp: freesurfer-linux-ubuntu22_x86_64-7.3.2-20220804-6354275  User: oesteban  Machine: dna055  Platform: Linux  PlatformVersion: 5.14.0-427.37.1.el9_4.x86_64  CompilerName: GCC  CompilerVersion: 8.4.0
ProgramName: mri_log_likelihood  ProgramArguments: mri_log_likelihood -all-info  ProgramVersion: 7.3.2  TimeStamp: 2026/03/11-15:09:10-GMT  BuildTime: Aug  4 2022 06:17:15  BuildStamp: freesurfer-linux-ubuntu22_x86_64-7.3.2-20220804-6354275  User: oesteban  Machine: dna055  Platform: Linux  PlatformVersion: 5.14.0-427.37.1.el9_4.x86_64  CompilerName: GCC  CompilerVersion: 8.4.0
ProgramName: mri_mask  ProgramArguments: mri_mask -all-info  ProgramVersion: 7.3.2  TimeStamp: 2026/03/11-15:09:10-GMT  BuildTime: Aug  4 2022 06:17:15  BuildStamp: freesurfer-linux-ubuntu22_x86_64-7.3.2-20220804-6354275  User: oesteban  Machine: dna055  Platform: Linux  PlatformVersion: 5.14.0-427.37.1.el9_4.x86_64  CompilerName: GCC  CompilerVersion: 8.4.0
ProgramName: mri_matrix_multiply  ProgramArguments: mri_matrix_multiply -all-info  ProgramVersion: 7.3.2  TimeStamp: 2026/03/11-15:09:10-GMT  BuildTime: Aug  4 2022 06:17:15  BuildStamp: freesurfer-linux-ubuntu22_x86_64-7.3.2-20220804-6354275  User: oesteban  Machine: dna055  Platform: Linux  PlatformVersion: 5.14.0-427.37.1.el9_4.x86_64  CompilerName: GCC  CompilerVersion: 8.4.0
ProgramName: mri_normalize  ProgramArguments: mri_normalize -all-info  ProgramVersion: 7.3.2  TimeStamp: 2026/03/11-15:09:10-GMT  BuildTime: Aug  4 2022 06:17:15  BuildStamp: freesurfer-linux-ubuntu22_x86_64-7.3.2-20220804-6354275  User: oesteban  Machine: dna055  Platform: Linux  PlatformVersion: 5.14.0-427.37.1.el9_4.x86_64  CompilerName: GCC  CompilerVersion: 8.4.0
ProgramName: mri_normalize_tp2  ProgramArguments: mri_normalize_tp2 -all-info  ProgramVersion: 7.3.2  TimeStamp: 2026/03/11-15:09:10-GMT  BuildTime: Aug  4 2022 06:17:15  BuildStamp: freesurfer-linux-ubuntu22_x86_64-7.3.2-20220804-6354275  User: oesteban  Machine: dna055  Platform: Linux  PlatformVersion: 5.14.0-427.37.1.el9_4.x86_64  CompilerName: GCC  CompilerVersion: 8.4.0
ProgramName: mri_or  ProgramArguments: mri_or -all-info  ProgramVersion: 7.3.2  TimeStamp: 2026/03/11-15:09:10-GMT  BuildTime: Aug  4 2022 06:17:15  BuildStamp: freesurfer-linux-ubuntu22_x86_64-7.3.2-20220804-6354275  User: oesteban  Machine: dna055  Platform: Linux  PlatformVersion: 5.14.0-427.37.1.el9_4.x86_64  CompilerName: GCC  CompilerVersion: 8.4.0
ProgramName: mri_relabel_hypointensities  ProgramArguments: mri_relabel_hypointensities -all-info  ProgramVersion: 7.3.2  TimeStamp: 2026/03/11-15:09:10-GMT  BuildTime: Aug  4 2022 06:17:15  BuildStamp: freesurfer-linux-ubuntu22_x86_64-7.3.2-20220804-6354275  User: oesteban  Machine: dna055  Platform: Linux  PlatformVersion: 5.14.0-427.37.1.el9_4.x86_64  CompilerName: GCC  CompilerVersion: 8.4.0
ProgramName: mri_relabel_nonwm_hypos  ProgramArguments: mri_relabel_nonwm_hypos -all-info  ProgramVersion: 7.3.2  TimeStamp: 2026/03/11-15:09:10-GMT  BuildTime: Aug  4 2022 06:17:15  BuildStamp: freesurfer-linux-ubuntu22_x86_64-7.3.2-20220804-6354275  User: oesteban  Machine: dna055  Platform: Linux  PlatformVersion: 5.14.0-427.37.1.el9_4.x86_64  CompilerName: GCC  CompilerVersion: 8.4.0
ProgramName: mri_remove_neck  ProgramArguments: mri_remove_neck -all-info  ProgramVersion: 7.3.2  TimeStamp: 2026/03/11-15:09:10-GMT  BuildTime: Aug  4 2022 06:17:15  BuildStamp: freesurfer-linux-ubuntu22_x86_64-7.3.2-20220804-6354275  User: oesteban  Machine: dna055  Platform: Linux  PlatformVersion: 5.14.0-427.37.1.el9_4.x86_64  CompilerName: GCC  CompilerVersion: 8.4.0
7.3.2

ProgramName: mri_robust_register  ProgramArguments: mri_robust_register -all-info  ProgramVersion: 7.3.2  TimeStamp: 2026/03/11-15:09:10-GMT  BuildTime: Aug  4 2022 06:17:15  BuildStamp: freesurfer-linux-ubuntu22_x86_64-7.3.2-20220804-6354275  User: oesteban  Machine: dna055  Platform: Linux  PlatformVersion: 5.14.0-427.37.1.el9_4.x86_64  CompilerName: GCC  CompilerVersion: 8.4.0
7.3.2

ProgramName: mri_robust_template  ProgramArguments: mri_robust_template -all-info  ProgramVersion: 7.3.2  TimeStamp: 2026/03/11-15:09:10-GMT  BuildTime: Aug  4 2022 06:17:15  BuildStamp: freesurfer-linux-ubuntu22_x86_64-7.3.2-20220804-6354275  User: oesteban  Machine: dna055  Platform: Linux  PlatformVersion: 5.14.0-427.37.1.el9_4.x86_64  CompilerName: GCC  CompilerVersion: 8.4.0
ProgramName: mris_anatomical_stats  ProgramArguments: mris_anatomical_stats -all-info  ProgramVersion: 7.3.2  TimeStamp: 2026/03/11-15:09:10-GMT  BuildTime: Aug  4 2022 06:17:15  BuildStamp: freesurfer-linux-ubuntu22_x86_64-7.3.2-20220804-6354275  User: oesteban  Machine: dna055  Platform: Linux  PlatformVersion: 5.14.0-427.37.1.el9_4.x86_64  CompilerName: GCC  CompilerVersion: 8.4.0
ProgramName: mris_ca_label  ProgramArguments: mris_ca_label -all-info  ProgramVersion: 7.3.2  TimeStamp: 2026/03/11-15:09:10-GMT  BuildTime: Aug  4 2022 06:17:15  BuildStamp: freesurfer-linux-ubuntu22_x86_64-7.3.2-20220804-6354275  User: oesteban  Machine: dna055  Platform: Linux  PlatformVersion: 5.14.0-427.37.1.el9_4.x86_64  CompilerName: GCC  CompilerVersion: 8.4.0
ProgramName: mris_calc  ProgramArguments: mris_calc -all-info  ProgramVersion: 7.3.2  TimeStamp: 2026/03/11-15:09:10-GMT  BuildTime: Aug  4 2022 06:17:15  BuildStamp: freesurfer-linux-ubuntu22_x86_64-7.3.2-20220804-6354275  User: oesteban  Machine: dna055  Platform: Linux  PlatformVersion: 5.14.0-427.37.1.el9_4.x86_64  CompilerName: GCC  CompilerVersion: 8.4.0
ProgramName: mris_convert  ProgramArguments: mris_convert -all-info  ProgramVersion: 7.3.2  TimeStamp: 2026/03/11-15:09:10-GMT  BuildTime: Aug  4 2022 06:17:15  BuildStamp: freesurfer-linux-ubuntu22_x86_64-7.3.2-20220804-6354275  User: oesteban  Machine: dna055  Platform: Linux  PlatformVersion: 5.14.0-427.37.1.el9_4.x86_64  CompilerName: GCC  CompilerVersion: 8.4.0
ProgramName: mris_curvature  ProgramArguments: mris_curvature -all-info  ProgramVersion: 7.3.2  TimeStamp: 2026/03/11-15:09:10-GMT  BuildTime: Aug  4 2022 06:17:15  BuildStamp: freesurfer-linux-ubuntu22_x86_64-7.3.2-20220804-6354275  User: oesteban  Machine: dna055  Platform: Linux  PlatformVersion: 5.14.0-427.37.1.el9_4.x86_64  CompilerName: GCC  CompilerVersion: 8.4.0
ProgramName: mris_curvature_stats  ProgramArguments: mris_curvature_stats -all-info  ProgramVersion: 7.3.2  TimeStamp: 2026/03/11-15:09:10-GMT  BuildTime: Aug  4 2022 06:17:15  BuildStamp: freesurfer-linux-ubuntu22_x86_64-7.3.2-20220804-6354275  User: oesteban  Machine: dna055  Platform: Linux  PlatformVersion: 5.14.0-427.37.1.el9_4.x86_64  CompilerName: GCC  CompilerVersion: 8.4.0
ProgramName: mris_diff  ProgramArguments: mris_diff -all-info  ProgramVersion: 7.3.2  TimeStamp: 2026/03/11-15:09:10-GMT  BuildTime: Aug  4 2022 06:17:15  BuildStamp: freesurfer-linux-ubuntu22_x86_64-7.3.2-20220804-6354275  User: oesteban  Machine: dna055  Platform: Linux  PlatformVersion: 5.14.0-427.37.1.el9_4.x86_64  CompilerName: GCC  CompilerVersion: 8.4.0
ProgramName: mris_divide_parcellation  ProgramArguments: mris_divide_parcellation -all-info  ProgramVersion: 7.3.2  TimeStamp: 2026/03/11-15:09:10-GMT  BuildTime: Aug  4 2022 06:17:15  BuildStamp: freesurfer-linux-ubuntu22_x86_64-7.3.2-20220804-6354275  User: oesteban  Machine: dna055  Platform: Linux  PlatformVersion: 5.14.0-427.37.1.el9_4.x86_64  CompilerName: GCC  CompilerVersion: 8.4.0
ProgramName: mri_segment  ProgramArguments: mri_segment -all-info  ProgramVersion: 7.3.2  TimeStamp: 2026/03/11-15:09:10-GMT  BuildTime: Aug  4 2022 06:17:15  BuildStamp: freesurfer-linux-ubuntu22_x86_64-7.3.2-20220804-6354275  User: oesteban  Machine: dna055  Platform: Linux  PlatformVersion: 5.14.0-427.37.1.el9_4.x86_64  CompilerName: GCC  CompilerVersion: 8.4.0
ProgramName: mri_segstats  ProgramArguments: mri_segstats -all-info  ProgramVersion: 7.3.2  TimeStamp: 2026/03/11-15:09:10-GMT  BuildTime: Aug  4 2022 06:17:15  BuildStamp: freesurfer-linux-ubuntu22_x86_64-7.3.2-20220804-6354275  User: oesteban  Machine: dna055  Platform: Linux  PlatformVersion: 5.14.0-427.37.1.el9_4.x86_64  CompilerName: GCC  CompilerVersion: 8.4.0
ProgramName: mris_euler_number  ProgramArguments: mris_euler_number -all-info  ProgramVersion: 7.3.2  TimeStamp: 2026/03/11-15:09:10-GMT  BuildTime: Aug  4 2022 06:17:15  BuildStamp: freesurfer-linux-ubuntu22_x86_64-7.3.2-20220804-6354275  User: oesteban  Machine: dna055  Platform: Linux  PlatformVersion: 5.14.0-427.37.1.el9_4.x86_64  CompilerName: GCC  CompilerVersion: 8.4.0
ProgramName: mris_fix_topology  ProgramArguments: mris_fix_topology -all-info  ProgramVersion: 7.3.2  TimeStamp: 2026/03/11-15:09:10-GMT  BuildTime: Aug  4 2022 06:17:15  BuildStamp: freesurfer-linux-ubuntu22_x86_64-7.3.2-20220804-6354275  User: oesteban  Machine: dna055  Platform: Linux  PlatformVersion: 5.14.0-427.37.1.el9_4.x86_64  CompilerName: GCC  CompilerVersion: 8.4.0
ProgramName: mris_topo_fixer  ProgramArguments: mris_topo_fixer -all-info  ProgramVersion: 7.3.2  TimeStamp: 2026/03/11-15:09:10-GMT  BuildTime: Aug  4 2022 06:17:15  BuildStamp: freesurfer-linux-ubuntu22_x86_64-7.3.2-20220804-6354275  User: oesteban  Machine: dna055  Platform: Linux  PlatformVersion: 5.14.0-427.37.1.el9_4.x86_64  CompilerName: GCC  CompilerVersion: 8.4.0
ProgramName: mris_jacobian  ProgramArguments: mris_jacobian -all-info  ProgramVersion: 7.3.2  TimeStamp: 2026/03/11-15:09:10-GMT  BuildTime: Aug  4 2022 06:17:15  BuildStamp: freesurfer-linux-ubuntu22_x86_64-7.3.2-20220804-6354275  User: oesteban  Machine: dna055  Platform: Linux  PlatformVersion: 5.14.0-427.37.1.el9_4.x86_64  CompilerName: GCC  CompilerVersion: 8.4.0
ProgramName: mris_label2annot  ProgramArguments: mris_label2annot -all-info  ProgramVersion: 7.3.2  TimeStamp: 2026/03/11-15:09:10-GMT  BuildTime: Aug  4 2022 06:17:15  BuildStamp: freesurfer-linux-ubuntu22_x86_64-7.3.2-20220804-6354275  User: oesteban  Machine: dna055  Platform: Linux  PlatformVersion: 5.14.0-427.37.1.el9_4.x86_64  CompilerName: GCC  CompilerVersion: 8.4.0
ProgramName: mris_left_right_register  ProgramArguments: mris_left_right_register -all-info  ProgramVersion: 7.3.2  TimeStamp: 2026/03/11-15:09:10-GMT  BuildTime: Aug  4 2022 06:17:15  BuildStamp: freesurfer-linux-ubuntu22_x86_64-7.3.2-20220804-6354275  User: oesteban  Machine: dna055  Platform: Linux  PlatformVersion: 5.14.0-427.37.1.el9_4.x86_64  CompilerName: GCC  CompilerVersion: 8.4.0
ProgramName: mris_place_surface  ProgramArguments: mris_place_surface -all-info  ProgramVersion: 7.3.2  TimeStamp: 2026/03/11-15:09:10-GMT  BuildTime: Aug  4 2022 06:17:15  BuildStamp: freesurfer-linux-ubuntu22_x86_64-7.3.2-20220804-6354275  User: oesteban  Machine: dna055  Platform: Linux  PlatformVersion: 5.14.0-427.37.1.el9_4.x86_64  CompilerName: GCC  CompilerVersion: 8.4.0
ProgramName: mrisp_paint  ProgramArguments: mrisp_paint -all-info  ProgramVersion: 7.3.2  TimeStamp: 2026/03/11-15:09:10-GMT  BuildTime: Aug  4 2022 06:17:15  BuildStamp: freesurfer-linux-ubuntu22_x86_64-7.3.2-20220804-6354275  User: oesteban  Machine: dna055  Platform: Linux  PlatformVersion: 5.14.0-427.37.1.el9_4.x86_64  CompilerName: GCC  CompilerVersion: 8.4.0
ProgramName: mris_register  ProgramArguments: mris_register -all-info  ProgramVersion: 7.3.2  TimeStamp: 2026/03/11-15:09:10-GMT  BuildTime: Aug  4 2022 06:17:15  BuildStamp: freesurfer-linux-ubuntu22_x86_64-7.3.2-20220804-6354275  User: oesteban  Machine: dna055  Platform: Linux  PlatformVersion: 5.14.0-427.37.1.el9_4.x86_64  CompilerName: GCC  CompilerVersion: 8.4.0
ProgramName: mris_smooth  ProgramArguments: mris_smooth -all-info  ProgramVersion: 7.3.2  TimeStamp: 2026/03/11-15:09:10-GMT  BuildTime: Aug  4 2022 06:17:15  BuildStamp: freesurfer-linux-ubuntu22_x86_64-7.3.2-20220804-6354275  User: oesteban  Machine: dna055  Platform: Linux  PlatformVersion: 5.14.0-427.37.1.el9_4.x86_64  CompilerName: GCC  CompilerVersion: 8.4.0
ProgramName: mris_sphere  ProgramArguments: mris_sphere -all-info  ProgramVersion: 7.3.2  TimeStamp: 2026/03/11-15:09:10-GMT  BuildTime: Aug  4 2022 06:17:15  BuildStamp: freesurfer-linux-ubuntu22_x86_64-7.3.2-20220804-6354275  User: oesteban  Machine: dna055  Platform: Linux  PlatformVersion: 5.14.0-427.37.1.el9_4.x86_64  CompilerName: GCC  CompilerVersion: 8.4.0
ProgramName: mris_surface_stats  ProgramArguments: mris_surface_stats -all-info  ProgramVersion: 7.3.2  TimeStamp: 2026/03/11-15:09:10-GMT  BuildTime: Aug  4 2022 06:17:15  BuildStamp: freesurfer-linux-ubuntu22_x86_64-7.3.2-20220804-6354275  User: oesteban  Machine: dna055  Platform: Linux  PlatformVersion: 5.14.0-427.37.1.el9_4.x86_64  CompilerName: GCC  CompilerVersion: 8.4.0
ProgramName: mri_stats2seg  ProgramArguments: mri_stats2seg -all-info  ProgramVersion: 7.3.2  TimeStamp: 2026/03/11-15:09:10-GMT  BuildTime: Aug  4 2022 06:17:15  BuildStamp: freesurfer-linux-ubuntu22_x86_64-7.3.2-20220804-6354275  User: oesteban  Machine: dna055  Platform: Linux  PlatformVersion: 5.14.0-427.37.1.el9_4.x86_64  CompilerName: GCC  CompilerVersion: 8.4.0
ProgramName: mris_thickness  ProgramArguments: mris_thickness -all-info  ProgramVersion: 7.3.2  TimeStamp: 2026/03/11-15:09:10-GMT  BuildTime: Aug  4 2022 06:17:15  BuildStamp: freesurfer-linux-ubuntu22_x86_64-7.3.2-20220804-6354275  User: oesteban  Machine: dna055  Platform: Linux  PlatformVersion: 5.14.0-427.37.1.el9_4.x86_64  CompilerName: GCC  CompilerVersion: 8.4.0
ProgramName: mris_thickness_diff  ProgramArguments: mris_thickness_diff -all-info  ProgramVersion: 7.3.2  TimeStamp: 2026/03/11-15:09:10-GMT  BuildTime: Aug  4 2022 06:17:15  BuildStamp: freesurfer-linux-ubuntu22_x86_64-7.3.2-20220804-6354275  User: oesteban  Machine: dna055  Platform: Linux  PlatformVersion: 5.14.0-427.37.1.el9_4.x86_64  CompilerName: GCC  CompilerVersion: 8.4.0
ProgramName: mris_topo_fixer  ProgramArguments: mris_topo_fixer -all-info  ProgramVersion: 7.3.2  TimeStamp: 2026/03/11-15:09:10-GMT  BuildTime: Aug  4 2022 06:17:15  BuildStamp: freesurfer-linux-ubuntu22_x86_64-7.3.2-20220804-6354275  User: oesteban  Machine: dna055  Platform: Linux  PlatformVersion: 5.14.0-427.37.1.el9_4.x86_64  CompilerName: GCC  CompilerVersion: 8.4.0
ProgramName: mri_surf2surf  ProgramArguments: mri_surf2surf -all-info  ProgramVersion: 7.3.2  TimeStamp: 2026/03/11-15:09:10-GMT  BuildTime: Aug  4 2022 06:17:15  BuildStamp: freesurfer-linux-ubuntu22_x86_64-7.3.2-20220804-6354275  User: oesteban  Machine: dna055  Platform: Linux  PlatformVersion: 5.14.0-427.37.1.el9_4.x86_64  CompilerName: GCC  CompilerVersion: 8.4.0
ProgramName: mri_surf2vol  ProgramArguments: mri_surf2vol -all-info  ProgramVersion: 7.3.2  TimeStamp: 2026/03/11-15:09:10-GMT  BuildTime: Aug  4 2022 06:17:15  BuildStamp: freesurfer-linux-ubuntu22_x86_64-7.3.2-20220804-6354275  User: oesteban  Machine: dna055  Platform: Linux  PlatformVersion: 5.14.0-427.37.1.el9_4.x86_64  CompilerName: GCC  CompilerVersion: 8.4.0
ProgramName: mri_surfcluster  ProgramArguments: mri_surfcluster -all-info  ProgramVersion: 7.3.2  TimeStamp: 2026/03/11-15:09:10-GMT  BuildTime: Aug  4 2022 06:17:15  BuildStamp: freesurfer-linux-ubuntu22_x86_64-7.3.2-20220804-6354275  User: oesteban  Machine: dna055  Platform: Linux  PlatformVersion: 5.14.0-427.37.1.el9_4.x86_64  CompilerName: GCC  CompilerVersion: 8.4.0
ProgramName: mris_volmask  ProgramArguments: mris_volmask -all-info  ProgramVersion: 7.3.2  TimeStamp: 2026/03/11-15:09:10-GMT  BuildTime: Aug  4 2022 06:17:15  BuildStamp: freesurfer-linux-ubuntu22_x86_64-7.3.2-20220804-6354275  User: oesteban  Machine: dna055  Platform: Linux  PlatformVersion: 5.14.0-427.37.1.el9_4.x86_64  CompilerName: GCC  CompilerVersion: 8.4.0
ProgramName: mri_tessellate  ProgramArguments: mri_tessellate -all-info  ProgramVersion: 7.3.2  TimeStamp: 2026/03/11-15:09:10-GMT  BuildTime: Aug  4 2022 06:17:15  BuildStamp: freesurfer-linux-ubuntu22_x86_64-7.3.2-20220804-6354275  User: oesteban  Machine: dna055  Platform: Linux  PlatformVersion: 5.14.0-427.37.1.el9_4.x86_64  CompilerName: GCC  CompilerVersion: 8.4.0
ProgramName: mri_vol2surf  ProgramArguments: mri_vol2surf -all-info  ProgramVersion: 7.3.2  TimeStamp: 2026/03/11-15:09:10-GMT  BuildTime: Aug  4 2022 06:17:15  BuildStamp: freesurfer-linux-ubuntu22_x86_64-7.3.2-20220804-6354275  User: oesteban  Machine: dna055  Platform: Linux  PlatformVersion: 5.14.0-427.37.1.el9_4.x86_64  CompilerName: GCC  CompilerVersion: 8.4.0
ProgramName: mri_vol2vol  ProgramArguments: mri_vol2vol -all-info  ProgramVersion: 7.3.2  TimeStamp: 2026/03/11-15:09:10-GMT  BuildTime: Aug  4 2022 06:17:15  BuildStamp: freesurfer-linux-ubuntu22_x86_64-7.3.2-20220804-6354275  User: oesteban  Machine: dna055  Platform: Linux  PlatformVersion: 5.14.0-427.37.1.el9_4.x86_64  CompilerName: GCC  CompilerVersion: 8.4.0
ProgramName: mri_voldiff  ProgramArguments: mri_voldiff -all-info  ProgramVersion: 7.3.2  TimeStamp: 2026/03/11-15:09:10-GMT  BuildTime: Aug  4 2022 06:17:15  BuildStamp: freesurfer-linux-ubuntu22_x86_64-7.3.2-20220804-6354275  User: oesteban  Machine: dna055  Platform: Linux  PlatformVersion: 5.14.0-427.37.1.el9_4.x86_64  CompilerName: GCC  CompilerVersion: 8.4.0
ProgramName: mri_watershed  ProgramArguments: mri_watershed -all-info  ProgramVersion: 7.3.2  TimeStamp: 2026/03/11-15:09:10-GMT  BuildTime: Aug  4 2022 06:17:15  BuildStamp: freesurfer-linux-ubuntu22_x86_64-7.3.2-20220804-6354275  User: oesteban  Machine: dna055  Platform: Linux  PlatformVersion: 5.14.0-427.37.1.el9_4.x86_64  CompilerName: GCC  CompilerVersion: 8.4.0
ProgramName: tkregister2  ProgramArguments: tkregister2_cmdl -all-info  ProgramVersion: 7.3.2  TimeStamp: 2026/03/11-15:09:10-GMT  BuildTime: Aug  4 2022 06:17:15  BuildStamp: freesurfer-linux-ubuntu22_x86_64-7.3.2-20220804-6354275  User: oesteban  Machine: dna055  Platform: Linux  PlatformVersion: 5.14.0-427.37.1.el9_4.x86_64  CompilerName: GCC  CompilerVersion: 8.4.0
mri_motion_correct.fsl 7.3.2
mri_convert -all-info 
ProgramName: mri_convert  ProgramArguments: mri_convert -all-info  ProgramVersion: 7.3.2  TimeStamp: 2026/03/11-15:09:10-GMT  BuildTime: Aug  4 2022 06:17:15  BuildStamp: freesurfer-linux-ubuntu22_x86_64-7.3.2-20220804-6354275  User: oesteban  Machine: dna055  Platform: Linux  PlatformVersion: 5.14.0-427.37.1.el9_4.x86_64  CompilerName: GCC  CompilerVersion: 8.4.0
Program nu_correct, built from:
Package MNI N3, version 1.12.0, compiled by nicks@terrier (x86_64-unknown-linux-gnu) on 2015-06-19 at 01:25:34
#######################################
GCADIR /opt/freesurfer/average
GCA RB_all_2020-01-02.gca
GCASkull RB_all_withskull_2020_01_02.gca
AvgCurvTif folding.atlas.acfb40.noaparc.i12.2016-08-02.tif
GCSDIR /opt/freesurfer/average
GCS DKaparc.atlas.acfb40.noaparc.i12.2016-08-02.gcs
#######################################
#--------------------------------------------
#@# WhiteSurfs lh Wed Mar 11 16:09:11 CET 2026
cd /out/sourcedata/freesurfer/sub-v2s18x29496_ses-1/mri
mris_place_surface --adgws-in ../surf/autodet.gw.stats.lh.dat --seg aseg.presurf.mgz --threads 16 --wm wm.mgz --invol brain.finalsurfs.mgz --lh --i ../surf/lh.white.preaparc --o ../surf/lh.white --white --nsmooth 0 --rip-label ../label/lh.cortex.label --rip-bg --rip-surf ../surf/lh.white.preaparc --aparc ../label/lh.aparc.annot
   Update not needed
#--------------------------------------------
#@# WhiteSurfs rh Wed Mar 11 16:09:11 CET 2026
cd /out/sourcedata/freesurfer/sub-v2s18x29496_ses-1/mri
mris_place_surface --adgws-in ../surf/autodet.gw.stats.rh.dat --seg aseg.presurf.mgz --threads 16 --wm wm.mgz --invol brain.finalsurfs.mgz --rh --i ../surf/rh.white.preaparc --o ../surf/rh.white --white --nsmooth 0 --rip-label ../label/rh.cortex.label --rip-bg --rip-surf ../surf/rh.white.preaparc --aparc ../label/rh.aparc.annot
   Update not needed
#@# white curv lh Wed Mar 11 16:09:11 CET 2026
cd /out/sourcedata/freesurfer/sub-v2s18x29496_ses-1/mri
mris_place_surface --curv-map ../surf/lh.white 2 10 ../surf/lh.curv
   Update not needed
#@# white area lh Wed Mar 11 16:09:11 CET 2026
cd /out/sourcedata/freesurfer/sub-v2s18x29496_ses-1/mri
mris_place_surface --area-map ../surf/lh.white ../surf/lh.area
   Update not needed
#@# pial curv lh Wed Mar 11 16:09:11 CET 2026
cd /out/sourcedata/freesurfer/sub-v2s18x29496_ses-1/mri
mris_place_surface --curv-map ../surf/lh.pial 2 10 ../surf/lh.curv.pial
   Update not needed
#@# pial area lh Wed Mar 11 16:09:11 CET 2026
cd /out/sourcedata/freesurfer/sub-v2s18x29496_ses-1/mri
mris_place_surface --area-map ../surf/lh.pial ../surf/lh.area.pial
   Update not needed
#@# thickness lh Wed Mar 11 16:09:11 CET 2026
cd /out/sourcedata/freesurfer/sub-v2s18x29496_ses-1/mri
mris_place_surface --thickness ../surf/lh.white ../surf/lh.pial 20 5 ../surf/lh.thickness
   Update not needed
#@# area and vertex vol lh Wed Mar 11 16:09:11 CET 2026
cd /out/sourcedata/freesurfer/sub-v2s18x29496_ses-1/mri
mris_place_surface --thickness ../surf/lh.white ../surf/lh.pial 20 5 ../surf/lh.thickness
   Update not needed
#@# white curv rh Wed Mar 11 16:09:11 CET 2026
cd /out/sourcedata/freesurfer/sub-v2s18x29496_ses-1/mri
mris_place_surface --curv-map ../surf/rh.white 2 10 ../surf/rh.curv
   Update not needed
#@# white area rh Wed Mar 11 16:09:11 CET 2026
cd /out/sourcedata/freesurfer/sub-v2s18x29496_ses-1/mri
mris_place_surface --area-map ../surf/rh.white ../surf/rh.area
   Update not needed
#@# pial curv rh Wed Mar 11 16:09:11 CET 2026
cd /out/sourcedata/freesurfer/sub-v2s18x29496_ses-1/mri
mris_place_surface --curv-map ../surf/rh.pial 2 10 ../surf/rh.curv.pial
   Update not needed
#@# pial area rh Wed Mar 11 16:09:11 CET 2026
cd /out/sourcedata/freesurfer/sub-v2s18x29496_ses-1/mri
mris_place_surface --area-map ../surf/rh.pial ../surf/rh.area.pial
   Update not needed
#@# thickness rh Wed Mar 11 16:09:11 CET 2026
cd /out/sourcedata/freesurfer/sub-v2s18x29496_ses-1/mri
mris_place_surface --thickness ../surf/rh.white ../surf/rh.pial 20 5 ../surf/rh.thickness
   Update not needed
#@# area and vertex vol rh Wed Mar 11 16:09:11 CET 2026
cd /out/sourcedata/freesurfer/sub-v2s18x29496_ses-1/mri
mris_place_surface --thickness ../surf/rh.white ../surf/rh.pial 20 5 ../surf/rh.thickness
   Update not needed

#-----------------------------------------
#@# Curvature Stats lh Wed Mar 11 16:09:11 CET 2026
/out/sourcedata/freesurfer/sub-v2s18x29496_ses-1/surf

 mris_curvature_stats -m --writeCurvatureFiles -G -o ../stats/lh.curv.stats -F smoothwm sub-v2s18x29496_ses-1 lh curv sulc 

             Toggling save flag on curvature files                       [ ok ]
                 Outputting results using filestem   [ ../stats/lh.curv.stats ]
             Toggling save flag on curvature files                       [ ok ]
                                   Setting surface [ sub-v2s18x29496_ses-1/lh.smoothwm ]
                                Reading surface...                       [ ok ]
                                   Setting texture                     [ curv ]
                                Reading texture...                       [ ok ]
                                   Setting texture                     [ sulc ]
                                Reading texture...Gb_filter = 0
                       [ ok ]
      Calculating Discrete Principal Curvatures...
      Determining geometric order for vno faces... [####################] [ ok ]
                      Determining KH curvatures... [####################] [ ok ]
                    Determining k1k2 curvatures... [####################] [ ok ]
                                   deltaViolations                      [ 240 ]
Gb_filter = 0

WARN:    S lookup   min:                          -0.115058
WARN:    S explicit min:                          0.000000	vertex = 1692

#-----------------------------------------
#@# Curvature Stats rh Wed Mar 11 16:09:14 CET 2026
/out/sourcedata/freesurfer/sub-v2s18x29496_ses-1/surf

 mris_curvature_stats -m --writeCurvatureFiles -G -o ../stats/rh.curv.stats -F smoothwm sub-v2s18x29496_ses-1 rh curv sulc 

             Toggling save flag on curvature files                       [ ok ]
                 Outputting results using filestem   [ ../stats/rh.curv.stats ]
             Toggling save flag on curvature files                       [ ok ]
                                   Setting surface [ sub-v2s18x29496_ses-1/rh.smoothwm ]
                                Reading surface...                       [ ok ]
                                   Setting texture                     [ curv ]
                                Reading texture...                       [ ok ]
                                   Setting texture                     [ sulc ]
                                Reading texture...Gb_filter = 0
                       [ ok ]
      Calculating Discrete Principal Curvatures...
      Determining geometric order for vno faces... [####################] [ ok ]
                      Determining KH curvatures... [####################] [ ok ]
                    Determining k1k2 curvatures... [####################] [ ok ]
                                   deltaViolations                      [ 247 ]
Gb_filter = 0

WARN:    S lookup   min:                          -0.157698
WARN:    S explicit min:                          0.000000	vertex = 524
#-----------------------------------------
#@# Relabel Hypointensities Wed Mar 11 16:09:16 CET 2026
/out/sourcedata/freesurfer/sub-v2s18x29496_ses-1/mri

 mri_relabel_hypointensities aseg.presurf.mgz ../surf aseg.presurf.hypos.mgz 

reading input surface ../surf/lh.white...
relabeling lh hypointensities...
1536 voxels changed to hypointensity...
reading input surface ../surf/rh.white...
relabeling rh hypointensities...
1578 voxels changed to hypointensity...
3167 hypointense voxels neighboring cortex changed
#-----------------------------------------
#@# APas-to-ASeg Wed Mar 11 16:09:31 CET 2026
/out/sourcedata/freesurfer/sub-v2s18x29496_ses-1/mri

 mri_surf2volseg --o aseg.mgz --i aseg.presurf.hypos.mgz --fix-presurf-with-ribbon /out/sourcedata/freesurfer/sub-v2s18x29496_ses-1/mri/ribbon.mgz --threads 16 --lh-cortex-mask /out/sourcedata/freesurfer/sub-v2s18x29496_ses-1/label/lh.cortex.label --lh-white /out/sourcedata/freesurfer/sub-v2s18x29496_ses-1/surf/lh.white --lh-pial /out/sourcedata/freesurfer/sub-v2s18x29496_ses-1/surf/lh.pial --rh-cortex-mask /out/sourcedata/freesurfer/sub-v2s18x29496_ses-1/label/rh.cortex.label --rh-white /out/sourcedata/freesurfer/sub-v2s18x29496_ses-1/surf/rh.white --rh-pial /out/sourcedata/freesurfer/sub-v2s18x29496_ses-1/surf/rh.pial 

SUBJECTS_DIR /out/sourcedata/freesurfer
outvol aseg.mgz
16 avail.processors, using 16
Loading aseg.presurf.hypos.mgz
Loading /out/sourcedata/freesurfer/sub-v2s18x29496_ses-1/mri/ribbon.mgz
Loading /out/sourcedata/freesurfer/sub-v2s18x29496_ses-1/surf/lh.white
Loading /out/sourcedata/freesurfer/sub-v2s18x29496_ses-1/surf/lh.pial
Loading /out/sourcedata/freesurfer/sub-v2s18x29496_ses-1/label/lh.cortex.label
Loading /out/sourcedata/freesurfer/sub-v2s18x29496_ses-1/surf/rh.white
Loading /out/sourcedata/freesurfer/sub-v2s18x29496_ses-1/surf/rh.pial
Loading /out/sourcedata/freesurfer/sub-v2s18x29496_ses-1/label/rh.cortex.label
Done loading
160   0  16  80 192 208 240 128  64  48 144 224 176  32  96 112   1  33 241  17  49 225 209 193  65  34  18   2 242  50 226 210  97  81  35   3 243  51  19 
113 177 227 211 194 161  66   4  36 244  52  20 228 212 145 195   5  67  37 245  21  53 229 213  82  98   6  38 246  22 178  54 196 230 214 162  68  39 
 23 247   7 146  55 197 231 215  24  40 248  83   8  69  56  99 
198 114 232 216  41 249  25 179 
  9  57 199 
233 217 147  42 250  26 163  70  58  10 200  84 100  43 234 251 218  27 129  59 
 11  71 180 201  44  28 252 235 219 
 60  12 148 202  29  45 253 236 220  72  61 101 164  85  13 115  46  30 254 203 237 221  62 181  14  31 255  47 204 238 222  15 102  86  63  73 205 239 
223 149 206 165 182 207  87 116 103  74 150 183 166  75  88 104 151 184 117  76 105  89 167 152 185 130 186  77 106 153  90 187 168 118  78 154  91 107 188 169 189  79 
 92 155 190 108 131 119 
170 191  93 156 109  94 171 157 110  95 120 172 158 111 132 159 
121 173 133 174 122 175 134 123 124 135 125 136 126 137 127 138 139 
140 141 142 143 
nrelabeled = 129743
ndotcheck = 0
Starting Surf2VolSeg free
free done
#VMPC# mri_surf2volseg VmPeak  1967480
mri_surf2volseg done

 mri_brainvol_stats sub-v2s18x29496_ses-1 

ComputeBrainVolumeStats2 VoxelVol=1, KeepCSF=1
  #CBVS2 MaskVol              1528456.0
  #CBVS2 BrainSegVol          1238011.0
  #CBVS2 BrainSegVolNotVent   1222011.0
  #CBVS2 SupraTentVol         1090340.0
  #CBVS2 SupraTentVolNotVent  1074340.0
  #CBVS2 lhCtxGM               260437.6
  #CBVS2 rhCtxGM               258456.4
  #CBVS2 lhCerebralWM          249675.5
  #CBVS2 rhCerebralWM          246367.5
  #CBVS2 SubCortGMVol           60422.0
  #CBVS2 CerebellumVol         147671.0
  #CBVS2 CerebellumGMVol       114722.0
  #CBVS2 VentChorVol            12378.0
  #CBVS2 3rd4th5thCSF            3622.0
  #CBVS2 AllCSF                 16000.0
  #CBVS2 CCVol                   3367.0
#-----------------------------------------
#@# AParc-to-ASeg aparc Wed Mar 11 16:09:40 CET 2026
/out/sourcedata/freesurfer/sub-v2s18x29496_ses-1/mri

 mri_surf2volseg --o aparc+aseg.mgz --label-cortex --i aseg.mgz --threads 16 --lh-annot /out/sourcedata/freesurfer/sub-v2s18x29496_ses-1/label/lh.aparc.annot 1000 --lh-cortex-mask /out/sourcedata/freesurfer/sub-v2s18x29496_ses-1/label/lh.cortex.label --lh-white /out/sourcedata/freesurfer/sub-v2s18x29496_ses-1/surf/lh.white --lh-pial /out/sourcedata/freesurfer/sub-v2s18x29496_ses-1/surf/lh.pial --rh-annot /out/sourcedata/freesurfer/sub-v2s18x29496_ses-1/label/rh.aparc.annot 2000 --rh-cortex-mask /out/sourcedata/freesurfer/sub-v2s18x29496_ses-1/label/rh.cortex.label --rh-white /out/sourcedata/freesurfer/sub-v2s18x29496_ses-1/surf/rh.white --rh-pial /out/sourcedata/freesurfer/sub-v2s18x29496_ses-1/surf/rh.pial 

SUBJECTS_DIR /out/sourcedata/freesurfer
outvol aparc+aseg.mgz
16 avail.processors, using 16
Loading aseg.mgz
Loading /out/sourcedata/freesurfer/sub-v2s18x29496_ses-1/surf/lh.white
Loading /out/sourcedata/freesurfer/sub-v2s18x29496_ses-1/surf/lh.pial
Loading /out/sourcedata/freesurfer/sub-v2s18x29496_ses-1/label/lh.cortex.label
Ripping lh vertices labeled not in lh.cortex.label
  ripped 8407 vertices from lh hemi
Loading /out/sourcedata/freesurfer/sub-v2s18x29496_ses-1/label/lh.aparc.annot
Loading /out/sourcedata/freesurfer/sub-v2s18x29496_ses-1/surf/rh.white
Loading /out/sourcedata/freesurfer/sub-v2s18x29496_ses-1/surf/rh.pial
Loading /out/sourcedata/freesurfer/sub-v2s18x29496_ses-1/label/rh.cortex.label
Ripping rh vertices labeled not in rh.cortex.label
  ripped 8711 vertices from rh hemi
Loading /out/sourcedata/freesurfer/sub-v2s18x29496_ses-1/label/rh.aparc.annot
Done loading
  0 112 224  80 160  16 192 240  32 208 176  64 144 128  48  96   1  33  17  49 225 209 241  34  18   2 226  50 210 242  35  19 
227   3  51 211 243 228  36  20   4  52  37  21   5 212  53 244 229  38  22   6  54 213 245 230  39 
 23   7  55 214  40 246 231   8  24  56  41 215   9  25  57 247 232  42  10  26  58 216 248 233  43  11  27  59 
217  44  12 249 234  28  60  45  13 218  29 250 235  61  46  14  30 219 
 65 251 236  47  62  15  31 220 237 252 221 238 253 239 
222  63 254 223 255 193 194 195 196 197 198 199 
200 201 202 203 204 205 206  66 207 113  67 145 161  81 177 129  68  97 114 146 162  82 178  69 130 147 163 115  98  70 131  83 179 
148 164  71 116 180 149 132  99 
 84  72 165 150 181 117 133 100  73  85 151 182 166 118 152  74 183 101 134  86 167 153 119 
184  75 102  87 154 135 185 168 120  76 186 103 155  88 169 136 187 121 156 188 170  77 104  89 189 122 137 157 190 191 171  90 105  78 158 123 138 172 159 
 91  79 
106 173 139 
124  92 174 107 140 125  93 175 108 141  94 109 126 142  95 110 127 143 111 
nrelabeled = 517857
ndotcheck = 22642
Starting Surf2VolSeg free
free done
#VMPC# mri_surf2volseg VmPeak  1951740
mri_surf2volseg done
#-----------------------------------------
#@# AParc-to-ASeg aparc.a2009s Wed Mar 11 16:10:05 CET 2026
/out/sourcedata/freesurfer/sub-v2s18x29496_ses-1/mri

 mri_surf2volseg --o aparc.a2009s+aseg.mgz --label-cortex --i aseg.mgz --threads 16 --lh-annot /out/sourcedata/freesurfer/sub-v2s18x29496_ses-1/label/lh.aparc.a2009s.annot 11100 --lh-cortex-mask /out/sourcedata/freesurfer/sub-v2s18x29496_ses-1/label/lh.cortex.label --lh-white /out/sourcedata/freesurfer/sub-v2s18x29496_ses-1/surf/lh.white --lh-pial /out/sourcedata/freesurfer/sub-v2s18x29496_ses-1/surf/lh.pial --rh-annot /out/sourcedata/freesurfer/sub-v2s18x29496_ses-1/label/rh.aparc.a2009s.annot 12100 --rh-cortex-mask /out/sourcedata/freesurfer/sub-v2s18x29496_ses-1/label/rh.cortex.label --rh-white /out/sourcedata/freesurfer/sub-v2s18x29496_ses-1/surf/rh.white --rh-pial /out/sourcedata/freesurfer/sub-v2s18x29496_ses-1/surf/rh.pial 

SUBJECTS_DIR /out/sourcedata/freesurfer
outvol aparc.a2009s+aseg.mgz
16 avail.processors, using 16
Loading aseg.mgz
Loading /out/sourcedata/freesurfer/sub-v2s18x29496_ses-1/surf/lh.white
Loading /out/sourcedata/freesurfer/sub-v2s18x29496_ses-1/surf/lh.pial
Loading /out/sourcedata/freesurfer/sub-v2s18x29496_ses-1/label/lh.cortex.label
Ripping lh vertices labeled not in lh.cortex.label
  ripped 8407 vertices from lh hemi
Loading /out/sourcedata/freesurfer/sub-v2s18x29496_ses-1/label/lh.aparc.a2009s.annot
Loading /out/sourcedata/freesurfer/sub-v2s18x29496_ses-1/surf/rh.white
Loading /out/sourcedata/freesurfer/sub-v2s18x29496_ses-1/surf/rh.pial
Loading /out/sourcedata/freesurfer/sub-v2s18x29496_ses-1/label/rh.cortex.label
Ripping rh vertices labeled not in rh.cortex.label
  ripped 8711 vertices from rh hemi
Loading /out/sourcedata/freesurfer/sub-v2s18x29496_ses-1/label/rh.aparc.a2009s.annot
Done loading
  0 208  80  96 128  16  32  48  64 192 160 144 240 224 176 112 241  17   1 225  33 209  49 242  18   2  34  50 226 210  19 
  3 243  35  51 227 211  20   4  36  52 244  21   5 228 212  37  53 245  22   6  38  54 229 213  23 246   7  39 
 55 214  24 230   8  40 247  56 215  25   9  41 231  57 248 216  26  10  42  58 232  27 249 217  11  43  59 
 28  12 233  44 250 218  60  29  13  45 234  65  30 251 219 
 61  14  46  31 235 220  15  62 252  47 193 221 236 253 222 237 254 223 238 255  63 239 
194 195 196 197 198 199 
200 201 202 203 204 205 206 207  66 113 161  67 145  81 177  68  97 162 129 114 146  82  69 178 115 163  98 147  70 130  83  71 179 
148 116 131 164  99 
 72  84 149 180 117 100  73 165 132  85 150 181  74 118 101 166 182  86 151 133  75 102 119 
183 152  87 167  76 103 120 153 134 184  88  77 121 104 168 185 154  89  78 122 186 135 105  90 155 169 187  79 
123 106 188  91 136 156 170 189 190 124 107  92 191 157 171 137  93 108 158 125 172 138 109  94 159 
173 126  95 110 139 
174 111 127 140 175 141 142 143 
nrelabeled = 517857
ndotcheck = 22642
Starting Surf2VolSeg free
free done
#VMPC# mri_surf2volseg VmPeak  1951828
mri_surf2volseg done
#-----------------------------------------
#@# AParc-to-ASeg aparc.DKTatlas Wed Mar 11 16:10:34 CET 2026
/out/sourcedata/freesurfer/sub-v2s18x29496_ses-1/mri

 mri_surf2volseg --o aparc.DKTatlas+aseg.mgz --label-cortex --i aseg.mgz --threads 16 --lh-annot /out/sourcedata/freesurfer/sub-v2s18x29496_ses-1/label/lh.aparc.DKTatlas.annot 1000 --lh-cortex-mask /out/sourcedata/freesurfer/sub-v2s18x29496_ses-1/label/lh.cortex.label --lh-white /out/sourcedata/freesurfer/sub-v2s18x29496_ses-1/surf/lh.white --lh-pial /out/sourcedata/freesurfer/sub-v2s18x29496_ses-1/surf/lh.pial --rh-annot /out/sourcedata/freesurfer/sub-v2s18x29496_ses-1/label/rh.aparc.DKTatlas.annot 2000 --rh-cortex-mask /out/sourcedata/freesurfer/sub-v2s18x29496_ses-1/label/rh.cortex.label --rh-white /out/sourcedata/freesurfer/sub-v2s18x29496_ses-1/surf/rh.white --rh-pial /out/sourcedata/freesurfer/sub-v2s18x29496_ses-1/surf/rh.pial 

SUBJECTS_DIR /out/sourcedata/freesurfer
outvol aparc.DKTatlas+aseg.mgz
16 avail.processors, using 16
Loading aseg.mgz
Loading /out/sourcedata/freesurfer/sub-v2s18x29496_ses-1/surf/lh.white
Loading /out/sourcedata/freesurfer/sub-v2s18x29496_ses-1/surf/lh.pial
Loading /out/sourcedata/freesurfer/sub-v2s18x29496_ses-1/label/lh.cortex.label
Ripping lh vertices labeled not in lh.cortex.label
  ripped 8407 vertices from lh hemi
Loading /out/sourcedata/freesurfer/sub-v2s18x29496_ses-1/label/lh.aparc.DKTatlas.annot
Loading /out/sourcedata/freesurfer/sub-v2s18x29496_ses-1/surf/rh.white
Loading /out/sourcedata/freesurfer/sub-v2s18x29496_ses-1/surf/rh.pial
Loading /out/sourcedata/freesurfer/sub-v2s18x29496_ses-1/label/rh.cortex.label
Ripping rh vertices labeled not in rh.cortex.label
  ripped 8711 vertices from rh hemi
Loading /out/sourcedata/freesurfer/sub-v2s18x29496_ses-1/label/rh.aparc.DKTatlas.annot
Done loading
  0 176  80 192 160 224 112 240 208  48  64  16 144 128  32  96   1  49  33 241 225  17 209   2 242  50 226  34  18 210   3 243  51 227  35  19 
211   4 244 228  52  36  20   5 212 245 229  53  37  21   6 213 230 246  38  54   7  22  39 
 55 214 231 247   8  23  56  40 215 232 248   9  24  57  41 216 233 249  10  25  58  42  11 217 234 250  26  59 
 43  12 218 235 251  27  60  13  44 219 
236 252 193  61  28  14  45 253 220 237  65  62  29  15  46 254 221 238  30  47 255 222 239 
 31 223  63 194 195 196 197 198 199 
200 201 202 203 204 205 206 207  66 161 113 145  67 177  81  97 129 162  68 146 178 114  82  69 147  98 130 163 179 
115  70 148  83 131 180  99 
164  71 116 149 181  72 100 132  84 182 165 150 117  73 183 101 151 133  85 166  74 184 102 118 152 185  86 167  75 103 134 153 119 
186  87  76 154 187 104 168 120 188 135  88 155 189  77 105 121 169 190 191 136  89 156 122  78 106 170  90 157 123 171  79 
137 107  91 158 172 108 138 124 159 
 92 109 173 139 
125  93 110 174 140  94 111 175 126  95 141 127 142 143 
nrelabeled = 517857
ndotcheck = 22642
Starting Surf2VolSeg free
free done
#VMPC# mri_surf2volseg VmPeak  1951756
mri_surf2volseg done
#-----------------------------------------
#@# WMParc Wed Mar 11 16:11:05 CET 2026
/out/sourcedata/freesurfer/sub-v2s18x29496_ses-1/mri

 mri_surf2volseg --o wmparc.mgz --label-wm --i aparc+aseg.mgz --threads 16 --lh-annot /out/sourcedata/freesurfer/sub-v2s18x29496_ses-1/label/lh.aparc.annot 3000 --lh-cortex-mask /out/sourcedata/freesurfer/sub-v2s18x29496_ses-1/label/lh.cortex.label --lh-white /out/sourcedata/freesurfer/sub-v2s18x29496_ses-1/surf/lh.white --lh-pial /out/sourcedata/freesurfer/sub-v2s18x29496_ses-1/surf/lh.pial --rh-annot /out/sourcedata/freesurfer/sub-v2s18x29496_ses-1/label/rh.aparc.annot 4000 --rh-cortex-mask /out/sourcedata/freesurfer/sub-v2s18x29496_ses-1/label/rh.cortex.label --rh-white /out/sourcedata/freesurfer/sub-v2s18x29496_ses-1/surf/rh.white --rh-pial /out/sourcedata/freesurfer/sub-v2s18x29496_ses-1/surf/rh.pial 

SUBJECTS_DIR /out/sourcedata/freesurfer
outvol wmparc.mgz
16 avail.processors, using 16
Loading aparc+aseg.mgz
Loading /out/sourcedata/freesurfer/sub-v2s18x29496_ses-1/surf/lh.white
Loading /out/sourcedata/freesurfer/sub-v2s18x29496_ses-1/surf/lh.pial
Loading /out/sourcedata/freesurfer/sub-v2s18x29496_ses-1/label/lh.cortex.label
Ripping lh vertices labeled not in lh.cortex.label
  ripped 8407 vertices from lh hemi
Loading /out/sourcedata/freesurfer/sub-v2s18x29496_ses-1/label/lh.aparc.annot
Loading /out/sourcedata/freesurfer/sub-v2s18x29496_ses-1/surf/rh.white
Loading /out/sourcedata/freesurfer/sub-v2s18x29496_ses-1/surf/rh.pial
Loading /out/sourcedata/freesurfer/sub-v2s18x29496_ses-1/label/rh.cortex.label
Ripping rh vertices labeled not in rh.cortex.label
  ripped 8711 vertices from rh hemi
Loading /out/sourcedata/freesurfer/sub-v2s18x29496_ses-1/label/rh.aparc.annot
Done loading
  0 144 208 176 160  80 240 112 224  96 192  16  64  48  32 128  65  33 225  17   1  49 241 209 193  34  18 226   2  50 242  66 210 194  35 227  19 
  3  51 243 211  36  20   4 195 228  52  37  21   5 244 212 229  53 196  38  22  67   6  54 245 230 213 197  39 
 23   7  55 246 231 214  40  24 198   8  56  41 247 232 215  25   9  57 199 
 68  42  26  10 248 233 216  58 200  43  27  11  59 
249 234 217  44 201  28  12  60  45 250 235 218  29  13 202  61  46  30  14 251 236 219 
 62 203  47  31  15 129 252 237  69  63 220 204 238 253 221 205  81 239 
254 222 206 255 223 207  70 177 130  71  72 131  97  82  73 161 178 132 113  74  83 145 179 
133  75  84  98  76 180 134 114  85 162  77 181  99 
135  78  86 146 182 115  79 
 87 163 136 183 100  88 184 116 137 147 185 164 101 186  89 187 188 117 189 138 190  90 191 165 102 148 118  91 139 
103 166 119 
 92 149 140 120  93 104 167 121  94 141 150 105 122 168  95 123 142 151 169 106 124 170 125 143 152 107 126 171 127 108 172 153 173 109 174 175 154 110 155 111 156 157 158 159 

nrelabeled = 492676
ndotcheck = 4095
Starting Surf2VolSeg free
free done
#VMPC# mri_surf2volseg VmPeak  1951740
mri_surf2volseg done

 mri_segstats --seed 1234 --seg mri/wmparc.mgz --sum stats/wmparc.stats --pv mri/norm.mgz --excludeid 0 --brainmask mri/brainmask.mgz --in mri/norm.mgz --in-intensity-name norm --in-intensity-units MR --subject sub-v2s18x29496_ses-1 --surf-wm-vol --ctab /opt/freesurfer/WMParcStatsLUT.txt --etiv 

setting seed for random number genererator to 1234

7.3.2
cwd 
cmdline mri_segstats --seed 1234 --seg mri/wmparc.mgz --sum stats/wmparc.stats --pv mri/norm.mgz --excludeid 0 --brainmask mri/brainmask.mgz --in mri/norm.mgz --in-intensity-name norm --in-intensity-units MR --subject sub-v2s18x29496_ses-1 --surf-wm-vol --ctab /opt/freesurfer/WMParcStatsLUT.txt --etiv 
sysname  Linux
hostname dna055
machine  x86_64
user     oesteban
whitesurfname  white
UseRobust  0
atlas_icv (eTIV) = 1595092 mm^3    (det: 1.221312 )
Loading mri/wmparc.mgz
Getting Brain Volume Statistics
Loading mri/norm.mgz
Loading mri/norm.mgz
Voxel Volume is 1 mm^3
Generating list of segmentation ids
Found 390 segmentations
Computing statistics for each segmentation

Reporting on  70 segmentations
Using PrintSegStat
mri_segstats done
#--------------------------------------------
#@# ASeg Stats Wed Mar 11 16:14:49 CET 2026
/out/sourcedata/freesurfer/sub-v2s18x29496_ses-1

 mri_segstats --seed 1234 --seg mri/aseg.mgz --sum stats/aseg.stats --pv mri/norm.mgz --empty --brainmask mri/brainmask.mgz --brain-vol-from-seg --excludeid 0 --excl-ctxgmwm --supratent --subcortgray --in mri/norm.mgz --in-intensity-name norm --in-intensity-units MR --etiv --surf-wm-vol --surf-ctx-vol --totalgray --euler --ctab /opt/freesurfer/ASegStatsLUT.txt --subject sub-v2s18x29496_ses-1 

setting seed for random number genererator to 1234

7.3.2
cwd 
cmdline mri_segstats --seed 1234 --seg mri/aseg.mgz --sum stats/aseg.stats --pv mri/norm.mgz --empty --brainmask mri/brainmask.mgz --brain-vol-from-seg --excludeid 0 --excl-ctxgmwm --supratent --subcortgray --in mri/norm.mgz --in-intensity-name norm --in-intensity-units MR --etiv --surf-wm-vol --surf-ctx-vol --totalgray --euler --ctab /opt/freesurfer/ASegStatsLUT.txt --subject sub-v2s18x29496_ses-1 
sysname  Linux
hostname dna055
machine  x86_64
user     oesteban
whitesurfname  white
UseRobust  0
atlas_icv (eTIV) = 1595092 mm^3    (det: 1.221312 )
Computing euler number
orig.nofix lheno =  -10, rheno = -20
orig.nofix lhholes =    6, rhholes = 11
Loading mri/aseg.mgz
Getting Brain Volume Statistics
Loading mri/norm.mgz
Loading mri/norm.mgz
Voxel Volume is 1 mm^3
Generating list of segmentation ids
Found  50 segmentations
Computing statistics for each segmentation

Reporting on  45 segmentations
Using PrintSegStat
mri_segstats done

Started at Wed Mar 11 16:09:10 CET 2026 
Ended   at Wed Mar 11 16:15:29 CET 2026
#@#%# recon-all-run-time-hours 0.105
recon-all -s sub-v2s18x29496_ses-1 finished without error at Wed Mar 11 16:15:29 CET 2026
