#!ascii label  , from subject sub-v2s18x29500_ses-1 vox2ras=TkReg
2743
29382  0.814  -45.681  79.054 0.3333329856
132357  -0.809  -45.134  79.496 0.3333329856
30272  -1.812  -44.975  79.505 0.3333329856
30290  -1.073  -44.522  78.352 0.4444440007
139093  -2.435  -44.379  77.803 0.3333329856
30282  -2.793  -44.561  78.383 0.4444440007
129990  -3.541  -44.197  77.916 0.4444440007
31198  -4.541  -43.630  78.102 0.5555559993
31212  -5.012  -43.316  77.469 0.6666669846
128319  -5.279  -42.828  76.089 0.7777780294
31220  0.632  -43.101  76.709 0.3333329856
30297  0.650  -43.817  77.527 0.4444440007
30289  0.378  -44.297  78.207 0.4444440007
30280  -0.258  -44.891  78.936 0.3333329856
30291  -1.677  -44.087  77.617 0.4444440007
30298  -2.548  -43.949  77.077 0.6666669846
31210  -3.229  -43.997  77.053 0.6666669846
31211  -4.145  -43.744  77.199 0.7777780294
31224  -3.785  -43.550  76.437 0.6666669846
31225  -4.697  -43.316  76.605 0.6666669846
32154  -4.289  -43.082  75.728 0.7777780294
32156  -6.115  -42.392  76.585 0.5555559993
32162  -5.898  -42.305  75.662 0.5555559993
128299  0.484  -42.661  75.676 0.2222220004
126992  0.615  -43.723  77.947 0.4444440007
31209  -0.301  -43.784  78.094 0.5555559993
31223  -2.965  -43.638  76.434 0.6666669846
31235  -2.823  -43.130  76.009 0.6666669846
31236  -3.438  -43.291  75.936 0.6666669846
32161  -5.033  -42.581  75.231 0.6666669846
32167  -4.216  -42.551  74.939 0.7777780294
33027  -5.721  -42.065  74.793 0.5555559993
33036  -6.524  -41.606  74.672 0.5555559993
33872  -7.835  -40.915  75.465 0.5555559993
34744  -9.015  -39.901  75.324 0.3333329856
32168  -4.880  -42.240  74.617 0.6666669846
33879  -7.286  -41.164  74.639 0.5555559993
130054  -8.166  -40.514  73.997 0.5555559993
34751  -8.646  -40.243  74.526 0.3333329856
33041  -6.589  -41.226  73.858 0.7777780294
33888  -7.001  -40.761  73.141 0.6666669846
34757  -9.163  -39.464  73.326 0.4444440007
34765  -8.360  -39.965  72.703 0.7777780294
32165  0.169  -42.021  74.393 0.1111110002
136456  0.560  -41.709  75.864 0.2222220004
32146  0.621  -42.551  77.788 0.3333329856
32152  0.779  -42.242  77.447 0.2222220004
31208  0.488  -43.203  77.912 0.3333329856
125612  -0.219  -43.009  78.040 0.5555559993
33033  0.006  -41.486  74.155 0.1111110002
31222  -2.140  -43.464  76.870 0.6666669846
32159  -2.970  -42.519  75.664 0.6666669846
32160  -3.496  -42.821  75.461 0.7777780294
33035  -5.212  -41.784  74.157 0.7777780294
33887  -6.104  -40.964  72.997 0.7777780294
33897  -7.417  -40.332  72.533 0.7777780294
35779  -10.283  -38.369  73.420 0.5555559993
34766  -9.089  -39.444  72.357 0.6666669846
35778  -9.746  -38.945  72.902 0.6666669846
36808  -10.801  -37.894  73.056 0.5555559993
33902  -7.777  -39.916  71.941 0.7777780294
129945  -8.466  -39.686  71.924 0.7777780294
35794  -9.754  -38.982  71.931 0.6666669846
33032  0.245  -41.429  74.887 0.2222220004
33017  0.716  -41.641  76.946 0.2222220004
31221  -1.289  -42.976  77.406 0.7777780294
33892  -0.592  -40.811  73.235 0.1111110002
143680  -1.123  -43.515  77.733 0.5555559993
32153  -2.260  -42.804  76.457 0.6666669846
132931  -3.571  -42.223  74.943 0.7777780294
33026  -3.553  -41.455  74.517 0.7777780294
32166  -4.263  -41.865  74.290 0.7777780294
33039  -4.788  -41.341  73.635 0.7777780294
33886  -5.255  -40.923  73.061 0.7777780294
33895  -5.616  -40.317  72.490 0.7777780294
33896  -6.547  -40.453  72.477 0.8888890147
34772  -7.302  -39.553  71.397 0.8888890147
34773  -8.120  -39.563  71.323 0.7777780294
35808  -10.423  -38.381  71.515 0.6666669846
34780  -8.411  -39.201  70.662 0.7777780294
120130  -10.898  -37.887  72.246 0.6666669846
35807  -9.724  -38.924  71.015 0.7777780294
35823  -9.508  -38.685  70.222 0.6666669846
122602  -10.804  -38.090  70.856 0.5555559993
119878  0.434  -41.318  77.522 0.3333329856
33877  -0.065  -40.891  74.198 0.2222220004
33010  0.527  -41.963  77.835 0.3333329856
122410  -0.079  -41.833  78.090 0.4444440007
33018  -1.541  -42.305  77.162 0.6666669846
33883  -0.384  -40.479  73.577 0.1111110002
33019  -2.415  -42.022  76.191 0.6666669846
130810  -3.002  -40.795  75.141 0.7777780294
33871  -2.999  -39.659  75.201 0.4444440007
35748  -3.260  -38.474  75.361 0.4444440007
33025  -3.045  -41.761  75.323 0.7777780294
33878  -3.506  -40.406  74.287 0.7777780294
34749  -3.441  -39.274  74.496 0.6666669846
33034  -4.043  -41.134  73.806 0.8888890147
34754  -3.780  -39.784  73.850 0.7777780294
33885  -4.547  -40.700  73.318 0.8888890147
33894  -4.889  -40.340  72.838 0.7777780294
34762  -4.869  -39.606  72.535 0.7777780294
34763  -5.565  -39.489  71.979 0.8888890147
34771  -6.382  -39.367  71.502 0.8888890147
35822  -8.684  -38.744  70.029 0.7777780294
35824  -10.214  -38.410  70.592 0.6666669846
36853  -10.412  -37.764  69.317 0.6666669846
35749  -3.482  -37.481  75.736 0.2222220004
122711  -3.648  -37.672  74.958 0.2222220004
36763  -3.824  -36.890  75.295 0.1111110002
35777  -3.811  -37.952  74.068 0.5555559993
36789  -4.208  -37.427  73.568 0.2222220004
34750  -3.761  -38.940  73.837 0.7777780294
135119  -4.523  -37.790  72.740 0.6666669846
35793  -4.914  -38.641  72.244 0.8888890147
36824  -5.734  -37.811  71.283 0.6666669846
35805  -5.596  -38.606  71.577 0.8888890147
34778  -6.922  -38.999  71.049 0.8888890147
34779  -7.608  -39.122  70.813 0.7777780294
35836  -8.217  -38.047  69.545 0.8888890147
35838  -9.944  -38.213  69.785 0.6666669846
36866  -10.057  -37.354  68.629 0.6666669846
36854  -11.215  -37.591  69.625 0.6666669846
37829  -11.712  -37.147  69.079 0.6666669846
37839  -10.518  -36.871  68.181 0.7777780294
37840  -11.374  -36.854  68.308 0.7777780294
37841  -12.182  -36.706  68.518 0.6666669846
37787  -4.787  -35.832  73.451 0.1111110002
37802  -5.129  -36.166  72.507 0.4444440007
36837  -6.275  -37.602  70.741 0.8888890147
140068  -7.492  -38.042  69.918 0.8888890147
36851  -8.239  -37.152  69.035 0.8888890147
37838  -9.158  -36.278  68.222 0.8888890147
37849  -11.843  -36.432  67.738 0.6666669846
37848  -10.950  -36.408  67.649 0.7777780294
38784  -12.379  -36.036  67.214 0.6666669846
126281  -13.903  -35.864  67.876 0.6666669846
38795  -13.930  -35.604  66.895 0.6666669846
37788  -5.123  -35.128  73.810 0.1111110002
136448  -5.819  -35.308  72.288 0.4444440007
37811  -6.350  -35.580  71.280 0.5555559993
138373  -5.752  -36.644  71.461 0.5555559993
126788  -6.884  -35.699  70.534 0.6666669846
37818  -6.448  -36.619  70.588 0.7777780294
37827  -7.603  -36.661  69.386 0.6666669846
36850  -7.575  -37.397  69.596 0.8888890147
38759  -7.970  -35.085  69.401 0.6666669846
37837  -8.570  -36.491  68.619 0.7777780294
38771  -9.155  -35.363  67.895 0.7777780294
134495  -10.561  -35.841  67.280 0.7777780294
38783  -11.390  -35.884  67.018 0.7777780294
38794  -12.935  -35.660  66.729 0.6666669846
39804  -14.944  -35.015  66.799 0.7777780294
120586  -16.298  -34.530  67.958 0.6666669846
39805  -15.902  -34.643  67.071 0.7777780294
125797  -17.048  -34.275  68.051 0.6666669846
39681  -5.409  -34.274  74.507 0.1111110002
39682  -5.919  -33.625  74.061 0.1111110002
38721  -5.823  -34.285  73.296 0.1111110002
39699  -6.361  -33.825  72.976 0.1111110002
38730  -6.627  -34.670  71.882 0.4444440007
39718  -6.932  -33.981  72.206 0.4444440007
38740  -6.969  -34.800  71.129 0.4444440007
38751  -7.525  -34.221  70.905 0.4444440007
142653  -7.303  -34.983  70.544 0.5555559993
125730  -7.729  -34.596  70.228 0.6666669846
39785  -8.331  -34.536  69.086 0.6666669846
39786  -8.755  -34.506  68.467 0.7777780294
38781  -9.862  -35.293  67.312 0.7777780294
38782  -10.578  -35.273  66.804 0.8888890147
38793  -12.078  -35.563  66.576 0.7777780294
39842  -12.658  -34.584  65.703 0.8888890147
39825  -13.306  -35.185  66.146 0.7777780294
39826  -14.165  -35.020  66.095 0.7777780294
121612  -12.877  -33.778  65.375 0.8888890147
39843  -13.502  -34.522  65.602 0.8888890147
125274  -14.819  -34.764  65.969 0.8888890147
39827  -15.515  -34.592  66.171 0.7777780294
39806  -16.709  -34.343  67.291 0.7777780294
135441  -34.576  -29.247  66.042 0.2222220004
39845  -15.092  -34.335  65.479 0.7777780294
125060  -15.966  -34.173  65.472 0.7777780294
124772  -17.142  -34.147  66.672 0.7777780294
39807  -17.424  -34.189  67.432 0.7777780294
44230  -34.008  -29.417  65.785 0.3333329856
40761  -16.622  -33.901  65.004 0.7777780294
39846  -16.841  -34.079  65.808 0.7777780294
45193  -33.769  -29.311  65.105 0.3333329856
44250  -33.247  -29.285  64.328 0.3333329856
134778  -31.862  -29.477  63.181 0.5555559993
44287  -31.603  -29.234  62.349 0.4444440007
40636  -5.936  -32.923  75.020 0.1111110002
41490  -6.893  -32.160  73.706 0.1111110002
39719  -7.625  -33.510  71.770 0.3333329856
39700  -7.201  -33.360  72.427 0.1111110002
40681  -7.976  -33.000  71.992 0.3333329856
39738  -8.334  -33.202  70.915 0.4444440007
39767  -8.181  -34.090  69.903 0.5555559993
39768  -8.627  -33.681  69.372 0.7777780294
39802  -9.366  -34.404  67.773 0.7777780294
39803  -10.000  -34.592  66.976 0.7777780294
135640  -11.061  -34.090  66.040 0.8888890147
40757  -11.977  -33.856  65.610 0.8888890147
45165  -36.146  -28.874  66.920 0.1111110002
39844  -14.311  -34.436  65.524 0.8888890147
40759  -14.554  -33.831  65.026 0.8888890147
44211  -35.407  -28.930  66.307 0.1111110002
40776  -14.854  -33.135  64.566 0.8888890147
40760  -15.337  -33.820  64.889 0.8888890147
39829  -17.762  -34.070  66.874 0.7777780294
141419  -34.352  -29.133  65.466 0.3333329856
128784  -15.992  -33.770  64.807 0.8888890147
39847  -17.684  -33.952  66.033 0.7777780294
45201  -34.472  -28.880  64.906 0.3333329856
45194  -35.775  -28.340  65.376 0.3333329856
120227  -17.919  -33.892  65.106 0.8888890147
39848  -18.537  -33.954  65.686 0.7777780294
44270  -32.685  -29.218  63.537 0.3333329856
45200  -34.010  -28.893  64.309 0.3333329856
45210  -33.584  -28.788  63.579 0.3333329856
140990  -34.593  -28.545  64.307 0.3333329856
44288  -32.398  -28.950  62.602 0.3333329856
45227  -33.955  -28.265  62.948 0.3333329856
44302  -32.117  -28.779  61.783 0.4444440007
123058  -32.597  -28.340  61.225 0.4444440007
44318  -31.011  -28.932  60.720 0.5555559993
45239  -28.022  -29.025  61.222 0.8888890147
44298  -28.810  -29.284  60.738 0.8888890147
41491  -7.574  -32.069  73.002 0.1111110002
40667  -8.192  -32.444  72.086 0.1111110002
39720  -8.183  -33.097  71.388 0.4444440007
39755  -8.448  -33.353  70.327 0.4444440007
40708  -8.913  -32.659  70.291 0.3333329856
40717  -8.735  -33.032  69.959 0.4444440007
129796  -9.276  -32.339  69.828 0.3333329856
40738  -9.428  -33.503  68.201 0.7777780294
41542  -9.563  -32.176  69.042 0.4444440007
40739  -9.994  -33.124  67.554 0.7777780294
40746  -10.661  -33.173  66.595 0.7777780294
40747  -11.433  -33.144  65.938 0.7777780294
41582  -12.330  -32.902  65.526 0.8888890147
41583  -13.265  -32.989  65.204 0.8888890147
40775  -14.093  -33.059  64.903 0.7777780294
40777  -15.628  -33.179  64.404 0.8888890147
45195  -36.288  -28.436  66.193 0.1111110002
40778  -16.431  -33.350  64.437 0.8888890147
39831  -19.235  -34.265  66.247 0.6666669846
45202  -35.105  -28.454  64.734 0.3333329856
41594  -17.049  -32.895  64.099 0.8888890147
40779  -17.317  -33.599  64.647 0.8888890147
40762  -18.750  -33.767  64.804 0.8888890147
124267  -20.020  -34.067  64.974 0.8888890147
40763  -20.734  -33.959  64.610 0.6666669846
40783  -22.396  -33.563  64.103 0.7777780294
45212  -35.056  -28.053  63.891 0.2222220004
139919  -20.764  -33.536  63.672 0.8888890147
40799  -23.159  -33.122  63.429 0.6666669846
46196  -34.309  -27.704  62.408 0.2222220004
46184  -34.640  -27.890  63.131 0.2222220004
41612  -22.794  -32.881  62.859 0.8888890147
41628  -23.190  -32.451  62.325 0.8888890147
42489  -24.505  -31.495  62.078 0.8888890147
118914  -32.870  -28.440  62.018 0.3333329856
42503  -23.193  -31.280  61.325 0.8888890147
43372  -23.761  -30.519  61.089 0.8888890147
120506  -24.469  -28.841  61.041 0.7777780294
45240  -31.841  -28.678  60.970 0.5555559993
45235  -25.024  -27.946  61.390 0.8888890147
46205  -25.072  -27.137  61.155 0.8888890147
46206  -25.720  -27.420  61.077 0.8888890147
46207  -26.511  -27.852  60.860 0.8888890147
44316  -29.271  -29.116  60.057 0.8888890147
122415  -30.167  -29.154  60.428 0.7777780294
45259  -31.541  -28.611  60.120 0.5555559993
47253  -25.505  -26.448  60.692 0.8888890147
128872  -27.429  -28.389  60.463 0.8888890147
45258  -28.316  -28.894  60.143 0.8888890147
124963  -8.585  -31.526  72.422 0.1111110002
41555  -10.083  -32.232  68.070 0.6666669846
41564  -10.522  -32.491  67.226 0.5555559993
41565  -10.920  -31.687  67.396 0.4444440007
41573  -11.083  -32.400  66.549 0.6666669846
41574  -11.721  -32.417  65.984 0.7777780294
42449  -13.006  -32.218  65.488 0.7777780294
41584  -13.739  -32.251  65.076 0.7777780294
41591  -14.481  -32.312  64.638 0.7777780294
41592  -15.248  -32.378  64.282 0.7777780294
41593  -16.136  -32.411  63.989 0.8888890147
46177  -35.718  -27.920  64.481 0.2222220004
47210  -36.876  -27.158  64.975 0.1111110002
41595  -17.832  -33.112  64.178 0.8888890147
41607  -18.331  -32.545  63.682 0.8888890147
137586  -19.500  -33.823  64.687 0.8888890147
40781  -20.018  -33.755  64.228 0.8888890147
40782  -21.586  -33.769  64.291 0.6666669846
40798  -22.560  -33.261  63.462 0.7777780294
46185  -35.727  -27.494  63.734 0.2222220004
140227  -36.760  -26.790  64.242 0.2222220004
40795  -19.059  -32.975  63.824 0.8888890147
40796  -19.806  -33.145  63.574 0.8888890147
41610  -21.167  -33.051  62.901 0.8888890147
41611  -22.005  -32.960  62.853 0.8888890147
141570  -35.229  -27.600  63.264 0.2222220004
42487  -22.741  -31.895  61.757 0.8888890147
42488  -23.602  -31.851  61.879 0.8888890147
49261  -24.250  -24.550  61.602 0.6666669846
49237  -25.427  -23.723  62.656 0.3333329856
49264  -27.280  -24.441  61.242 0.3333329856
48326  -27.864  -25.440  60.175 0.4444440007
46195  -33.598  -28.078  62.222 0.3333329856
46197  -34.995  -27.365  62.644 0.2222220004
43371  -22.828  -30.555  60.941 0.8888890147
121523  -23.313  -28.880  60.673 0.7777780294
120012  -23.895  -27.895  60.875 0.7777780294
122941  -24.760  -24.780  61.240 0.7777780294
136117  -25.923  -24.074  61.614 0.3333329856
47262  -27.036  -25.637  59.928 0.6666669846
48337  -27.763  -25.903  59.542 0.6666669846
46247  -28.979  -27.354  58.277 0.8888890147
45290  -29.802  -28.324  58.542 0.8888890147
45241  -33.298  -27.945  61.479 0.4444440007
46209  -34.698  -27.093  61.832 0.2222220004
44296  -23.274  -29.879  60.726 0.8888890147
47252  -24.701  -26.112  60.984 0.7777780294
142791  -25.510  -25.538  60.650 0.8888890147
47261  -26.194  -25.961  60.209 0.7777780294
47271  -26.835  -26.570  59.747 0.8888890147
46231  -27.522  -27.083  59.244 0.8888890147
45274  -29.464  -28.701  59.235 0.8888890147
45276  -31.156  -28.504  59.263 0.8888890147
45260  -32.323  -28.290  60.374 0.5555559993
46220  -33.698  -27.470  60.968 0.4444440007
46218  -26.224  -26.966  60.373 0.8888890147
46219  -27.015  -27.574  59.934 0.8888890147
45257  -27.917  -28.154  59.372 0.8888890147
45277  -32.778  -27.810  59.764 0.5555559993
132038  -12.405  -31.183  66.511 0.5555559993
43307  -12.808  -30.367  66.705 0.4444440007
42439  -13.173  -30.929  66.079 0.5555559993
43308  -13.445  -30.159  66.077 0.5555559993
43325  -13.788  -30.703  65.575 0.6666669846
48238  -25.884  -24.130  68.174 0.1111110002
42460  -14.885  -31.622  64.483 0.7777780294
42461  -15.596  -31.311  64.062 0.7777780294
48260  -22.191  -24.918  65.417 0.4444440007
49213  -22.971  -24.008  65.671 0.3333329856
137777  -23.841  -23.722  66.129 0.2222220004
49201  -24.398  -23.666  66.880 0.2222220004
49203  -26.456  -23.633  66.397 0.1111110002
41605  -16.932  -31.997  63.713 0.8888890147
41606  -17.575  -32.505  63.820 0.8888890147
125787  -24.808  -23.609  65.903 0.2222220004
49214  -25.831  -23.541  65.698 0.2222220004
46186  -36.313  -26.812  63.557 0.2222220004
41608  -19.120  -32.365  63.330 0.8888890147
41625  -20.624  -32.407  62.561 0.8888890147
41626  -21.437  -32.455  62.304 0.8888890147
124642  -21.817  -31.760  61.796 0.8888890147
49234  -22.745  -24.028  63.787 0.4444440007
124163  -23.725  -23.646  64.004 0.4444440007
49225  -25.366  -23.553  63.921 0.4444440007
141311  -30.290  -25.511  60.844 0.2222220004
47244  -36.057  -26.441  62.746 0.2222220004
47232  -35.639  -27.100  63.020 0.2222220004
49250  -24.373  -23.954  62.317 0.5555559993
48328  -30.440  -25.615  59.947 0.5555559993
48339  -29.671  -26.078  59.202 0.5555559993
47255  -35.256  -26.429  61.521 0.2222220004
47243  -35.424  -26.759  62.284 0.2222220004
43370  -22.026  -30.431  61.329 0.8888890147
120787  -22.410  -28.429  60.907 0.7777780294
136556  -23.013  -27.943  60.694 0.7777780294
47250  -22.912  -26.497  61.184 0.7777780294
48309  -23.312  -25.678  61.374 0.7777780294
48348  -29.939  -26.268  58.209 0.6666669846
47281  -29.323  -26.798  58.157 0.7777780294
46249  -30.225  -27.845  57.927 0.8888890147
45292  -31.587  -28.108  58.563 0.8888890147
47254  -34.669  -26.700  61.028 0.2222220004
131198  -34.237  -27.156  61.220 0.4444440007
128188  -30.679  -26.773  57.350 0.7777780294
122161  -33.517  -27.406  60.104 0.5555559993
42418  -12.125  -30.556  67.339 0.4444440007
43309  -13.862  -29.413  65.912 0.4444440007
43326  -14.445  -30.287  65.138 0.5555559993
43327  -15.133  -29.783  64.719 0.5555559993
133025  -23.274  -24.778  67.797 0.1111110002
48237  -24.829  -24.288  68.347 0.1111110002
122432  -23.309  -24.189  66.862 0.2222220004
49192  -24.078  -24.089  67.727 0.2222220004
123366  -15.665  -30.167  64.247 0.7777780294
124960  -37.494  -25.821  64.285 0.1111110002
43347  -17.071  -30.921  63.556 0.7777780294
47215  -21.685  -25.650  64.664 0.4444440007
143172  -36.580  -26.151  63.165 0.2222220004
48276  -36.968  -26.138  63.838 0.1111110002
42471  -18.412  -31.593  63.207 0.8888890147
42484  -20.067  -31.497  62.519 0.8888890147
49212  -22.597  -24.260  64.779 0.4444440007
48281  -22.064  -24.794  63.242 0.6666669846
49248  -22.780  -24.424  62.610 0.4444440007
42485  -20.879  -31.712  62.031 0.8888890147
42486  -21.202  -31.064  61.782 0.8888890147
128629  -22.241  -25.294  62.287 0.6666669846
48341  -31.218  -25.054  59.681 0.4444440007
48299  -35.846  -26.063  62.013 0.2222220004
48300  -36.466  -25.655  62.543 0.1111110002
143530  -21.731  -30.969  61.566 0.8888890147
45234  -21.640  -28.867  61.664 0.7777780294
48308  -22.577  -25.869  61.617 0.7777780294
138513  -30.614  -25.691  58.023 0.6666669846
47282  -30.063  -26.740  57.758 0.7777780294
47263  -34.572  -26.448  60.233 0.5555559993
48318  -35.626  -25.709  61.281 0.2222220004
135508  -31.125  -25.312  57.580 0.7777780294
48354  -30.654  -26.098  57.404 0.7777780294
46269  -31.454  -27.150  57.246 0.8888890147
47275  -33.623  -26.814  58.590 0.7777780294
46235  -33.969  -26.774  59.557 0.5555559993
138145  -34.502  -26.200  59.504 0.5555559993
47294  -32.094  -26.533  56.777 0.8888890147
47295  -32.909  -26.606  56.988 0.8888890147
47283  -33.675  -26.375  57.682 0.8888890147
45173  -14.371  -28.238  66.144 0.3333329856
44201  -14.470  -28.784  65.730 0.5555559993
44217  -14.656  -29.428  65.304 0.5555559993
44218  -15.486  -29.094  64.792 0.4444440007
47193  -22.110  -25.895  66.978 0.2222220004
47166  -23.795  -25.593  69.251 0.1111110002
44219  -16.433  -28.883  64.510 0.3333329856
44237  -16.404  -29.602  64.126 0.2222220004
135763  -21.897  -25.856  66.363 0.2222220004
43338  -17.045  -29.849  63.776 0.5555559993
46176  -21.424  -26.616  64.775 0.3333329856
47204  -21.695  -25.899  65.677 0.3333329856
48249  -22.157  -25.422  66.320 0.3333329856
43337  -16.308  -30.466  63.834 0.7777780294
125891  -17.813  -30.933  63.300 0.6666669846
46183  -21.301  -27.353  63.903 0.5555559993
43349  -18.514  -30.446  63.049 0.8888890147
43350  -19.494  -30.399  62.690 0.8888890147
46193  -21.435  -27.684  62.977 0.7777780294
47226  -21.559  -26.350  63.860 0.5555559993
122464  -21.762  -25.463  63.802 0.6666669846
50152  -31.464  -23.828  59.858 0.4444440007
121214  -20.476  -30.493  62.266 0.7777780294
44279  -20.642  -29.480  62.597 0.7777780294
135284  -21.170  -28.742  62.631 0.7777780294
47239  -21.578  -26.799  62.921 0.7777780294
47240  -21.946  -26.242  62.122 0.6666669846
141822  -22.369  -26.652  61.553 0.7777780294
49274  -31.381  -24.350  60.281 0.4444440007
43360  -21.238  -30.177  61.878 0.7777780294
44294  -21.625  -29.679  61.577 0.8888890147
45222  -21.927  -28.041  61.518 0.7777780294
50157  -31.485  -23.874  58.852 0.5555559993
49283  -31.553  -24.421  59.309 0.5555559993
47264  -35.082  -26.087  60.772 0.3333329856
48319  -36.136  -25.273  61.797 0.2222220004
49242  -36.660  -24.832  62.242 0.1111110002
51080  -31.031  -23.433  58.227 0.6666669846
50163  -31.404  -23.907  57.592 0.6666669846
49298  -31.520  -24.776  57.034 0.7777780294
48355  -31.362  -25.650  56.893 0.7777780294
47276  -34.170  -26.261  58.721 0.7777780294
48330  -34.905  -25.790  59.988 0.5555559993
48331  -35.414  -25.367  60.538 0.2222220004
51096  -31.174  -23.139  57.027 0.7777780294
50170  -31.795  -23.926  56.808 0.7777780294
49304  -32.065  -24.683  56.514 0.7777780294
48361  -31.838  -25.300  56.605 0.8888890147
48356  -33.384  -25.906  56.763 0.8888890147
48357  -33.976  -25.703  57.248 0.8888890147
48342  -34.687  -25.559  59.025 0.7777780294
48363  -33.149  -25.299  56.406 0.8888890147
48364  -33.857  -25.175  56.732 0.8888890147
49299  -34.366  -25.098  57.447 0.7777780294
49284  -34.937  -24.657  58.919 0.6666669846
45187  -15.893  -28.477  65.010 0.2222220004
45188  -16.838  -28.173  64.952 0.2222220004
45189  -17.707  -27.738  65.189 0.2222220004
44220  -17.427  -28.421  64.611 0.2222220004
45192  -21.372  -26.939  66.411 0.1111110002
44238  -17.200  -29.086  64.206 0.3333329856
125475  -17.998  -28.577  64.337 0.3333329856
44239  -18.616  -28.779  64.160 0.4444440007
122228  -19.712  -28.278  64.744 0.2222220004
44241  -20.080  -28.522  64.292 0.2222220004
46168  -20.969  -27.400  65.421 0.2222220004
127592  -21.683  -26.306  66.382 0.1111110002
44258  -17.810  -29.258  63.913 0.4444440007
142890  -18.877  -29.070  63.813 0.4444440007
44242  -20.593  -28.402  63.906 0.2222220004
46175  -21.187  -27.278  64.805 0.1111110002
46169  -21.367  -26.744  65.607 0.1111110002
43348  -17.736  -30.105  63.485 0.6666669846
44259  -18.404  -29.450  63.567 0.4444440007
131174  -19.775  -28.986  63.572 0.4444440007
51986  -30.425  -22.037  62.042 0.2222220004
136578  -30.715  -22.278  62.364 0.2222220004
44260  -19.138  -29.453  63.276 0.5555559993
44261  -20.312  -28.919  63.393 0.6666669846
44262  -20.766  -28.826  63.074 0.6666669846
45207  -21.082  -28.233  63.377 0.5555559993
51999  -30.548  -22.639  60.989 0.2222220004
51045  -30.899  -23.135  60.486 0.3333329856
43351  -19.939  -29.554  62.876 0.7777780294
51998  -30.075  -22.311  60.596 0.3333329856
51044  -30.677  -22.937  60.011 0.5555559993
51061  -31.170  -23.425  59.558 0.5555559993
52014  -30.159  -22.641  59.542 0.6666669846
49276  -35.680  -24.575  60.330 0.2222220004
51079  -30.446  -22.757  57.739 0.7777780294
49293  -35.191  -23.816  58.812 0.6666669846
124527  -31.857  -23.143  56.458 0.7777780294
50171  -32.327  -23.890  56.373 0.8888890147
50172  -33.563  -24.358  56.317 0.8888890147
135731  -34.358  -24.390  56.864 0.8888890147
49292  -34.769  -24.284  57.897 0.7777780294
51078  -29.724  -22.204  57.521 0.7777780294
123212  -31.401  -22.533  56.621 0.8888890147
132180  -32.588  -23.160  56.121 0.8888890147
52979  -30.643  -20.907  63.217 0.2222220004
133760  -29.764  -20.206  62.717 0.2222220004
52994  -30.052  -20.973  62.449 0.2222220004
120556  -30.431  -21.615  62.387 0.2222220004
51985  -29.773  -21.534  61.580 0.4444440007
142637  -28.495  -20.661  60.768 0.7777780294
136056  -28.746  -21.419  60.375 0.5555559993
52013  -29.365  -22.155  59.734 0.6666669846
51059  -29.727  -22.486  58.549 0.6666669846
53005  -28.151  -20.710  59.961 0.7777780294
132968  -28.883  -22.123  58.813 0.6666669846
52025  -28.896  -22.178  57.957 0.7777780294
50173  -34.196  -23.585  56.446 0.8888890147
50164  -34.705  -23.597  57.122 0.8888890147
53026  -27.685  -20.948  57.973 0.7777780294
52039  -28.369  -21.486  57.530 0.8888890147
51095  -30.594  -22.205  56.979 0.7777780294
51111  -31.253  -21.848  56.634 1.0000000000
51113  -33.032  -22.491  56.059 0.8888890147
51097  -34.561  -22.553  56.846 0.8888890147
53025  -27.413  -20.111  58.439 1.0000000000
52040  -29.172  -21.701  57.162 0.8888890147
142272  -31.815  -21.565  56.541 1.0000000000
52057  -33.479  -21.827  56.463 0.8888890147
53058  -33.080  -20.842  56.883 1.0000000000
52042  -33.988  -20.479  57.244 0.8888890147
53038  -27.919  -20.787  57.092 1.0000000000
53039  -28.729  -21.036  56.767 1.0000000000
52053  -29.696  -20.968  56.652 1.0000000000
52055  -31.205  -20.916  56.704 1.0000000000
53053  -28.332  -20.314  56.459 1.0000000000
53055  -30.689  -20.247  56.557 1.0000000000
53056  -31.613  -19.947  56.790 1.0000000000
135976  -30.042  -20.099  56.363 1.0000000000
53988  -29.856  -19.660  55.938 1.0000000000
130754  -30.689  -19.498  56.150 1.0000000000
52978  -30.171  -20.340  63.074 0.2222220004
54957  -30.390  -19.235  63.817 0.3333329856
53914  -29.888  -19.562  63.209 0.3333329856
54956  -29.825  -18.788  63.402 0.3333329856
53924  -29.381  -19.598  62.605 0.5555559993
52992  -28.654  -20.180  61.459 0.6666669846
53014  -27.590  -19.936  59.465 0.8888890147
53028  -34.705  -20.348  57.941 0.8888890147
53027  -34.039  -19.731  57.706 1.0000000000
53037  -27.493  -20.181  57.447 1.0000000000
136957  -27.701  -20.131  56.763 1.0000000000
53041  -33.192  -19.767  57.442 0.8888890147
53963  -27.411  -19.498  56.852 1.0000000000
53054  -29.241  -20.313  56.296 1.0000000000
53989  -31.468  -19.318  56.477 1.0000000000
53964  -32.210  -19.067  56.937 1.0000000000
53965  -32.862  -19.126  57.469 0.8888890147
53951  -33.423  -18.645  57.728 0.7777780294
53986  -27.931  -19.645  56.180 1.0000000000
53987  -28.834  -19.734  55.907 1.0000000000
138794  -31.951  -18.650  56.473 1.0000000000
55011  -32.839  -18.588  57.253 0.8888890147
54012  -29.452  -19.166  55.509 1.0000000000
54013  -30.470  -19.098  55.649 1.0000000000
55060  -30.859  -18.686  55.330 1.0000000000
55030  -31.386  -18.772  55.984 1.0000000000
53922  -28.482  -19.278  61.575 0.7777780294
53923  -28.854  -18.976  62.342 0.5555559993
54964  -28.445  -18.371  61.755 0.5555559993
53933  -28.105  -19.734  60.571 0.7777780294
54985  -27.525  -18.940  59.895 0.7777780294
53942  -27.289  -19.196  58.857 1.0000000000
122704  -27.170  -18.494  58.190 1.0000000000
55009  -27.157  -18.678  57.117 1.0000000000
137999  -27.530  -18.698  56.162 1.0000000000
55029  -28.402  -19.048  55.620 1.0000000000
55031  -32.168  -18.278  56.146 1.0000000000
138943  -32.936  -18.213  56.954 1.0000000000
56077  -27.203  -17.897  56.608 1.0000000000
56095  -27.546  -17.742  55.891 1.0000000000
55057  -28.154  -18.133  55.471 1.0000000000
55058  -28.982  -18.559  55.209 1.0000000000
55059  -29.935  -18.720  55.163 1.0000000000
55061  -31.684  -18.412  55.477 1.0000000000
55032  -32.828  -18.110  56.384 0.8888890147
56061  -33.374  -18.063  57.031 0.6666669846
137684  -27.346  -17.224  56.237 1.0000000000
140741  -27.934  -17.508  55.515 1.0000000000
140896  -28.711  -17.995  55.115 1.0000000000
56097  -29.307  -18.042  54.817 1.0000000000
55077  -30.223  -18.325  54.730 1.0000000000
122258  -30.984  -18.462  54.881 1.0000000000
123291  -32.032  -18.286  55.080 1.0000000000
55078  -31.427  -18.373  54.643 1.0000000000
56000  -28.929  -17.729  62.612 0.3333329856
125693  -27.978  -17.758  61.073 0.7777780294
121710  -27.535  -17.976  60.186 0.6666669846
57115  -27.893  -16.938  61.212 0.5555559993
54984  -27.225  -18.257  59.198 0.8888890147
126770  -27.526  -17.156  60.323 0.5555559993
56027  -27.274  -17.373  59.430 0.8888890147
56042  -27.139  -17.626  58.515 0.8888890147
56060  -27.083  -17.818  57.599 1.0000000000
127221  -27.145  -17.116  57.970 0.8888890147
120125  -27.143  -16.993  57.093 0.8888890147
57150  -27.386  -16.390  56.294 0.7777780294
55033  -33.511  -18.118  56.484 0.5555559993
57168  -27.728  -16.941  55.612 1.0000000000
57169  -28.216  -16.467  55.090 1.0000000000
56104  -29.124  -17.230  54.536 1.0000000000
56105  -29.788  -17.579  54.353 1.0000000000
56106  -30.641  -17.910  54.078 1.0000000000
55063  -33.107  -18.129  55.727 0.7777780294
55034  -34.406  -18.288  56.512 0.4444440007
57181  -29.141  -15.845  54.145 0.8888890147
125138  -29.499  -16.690  54.086 1.0000000000
55097  -31.485  -18.120  53.718 1.0000000000
55080  -32.646  -18.415  54.889 0.8888890147
55081  -33.566  -18.748  54.898 0.7777780294
55082  -34.421  -18.973  54.908 0.5555559993
55065  -35.066  -18.902  55.538 0.4444440007
55066  -36.067  -19.189  55.820 0.3333329856
56116  -30.550  -17.003  53.432 1.0000000000
136052  -31.202  -17.481  53.205 1.0000000000
54037  -33.248  -19.165  53.837 0.7777780294
54039  -35.182  -19.521  54.348 0.6666669846
54014  -35.894  -19.419  54.980 0.4444440007
54015  -36.707  -19.692  55.127 0.3333329856
55099  -32.830  -18.918  53.075 0.8888890147
54059  -34.002  -19.451  53.359 0.7777780294
54040  -36.324  -19.933  54.163 0.4444440007
122727  -28.031  -16.411  61.723 0.3333329856
57129  -27.340  -16.697  59.565 0.5555559993
57130  -27.458  -16.355  60.208 0.5555559993
57136  -27.217  -16.733  58.675 0.5555559993
58171  -27.233  -15.890  58.185 0.6666669846
58172  -27.366  -15.061  57.528 0.6666669846
58181  -27.263  -16.004  57.242 0.7777780294
58182  -27.555  -15.310  56.453 0.7777780294
58196  -28.063  -14.972  55.594 0.8888890147
58197  -28.559  -14.692  55.018 0.7777780294
58210  -29.110  -14.837  54.373 0.8888890147
137897  -29.629  -15.322  53.854 1.0000000000
57191  -29.831  -15.962  53.673 1.0000000000
54016  -37.602  -19.836  55.313 0.3333329856
58216  -29.789  -14.588  53.777 1.0000000000
58224  -30.802  -15.455  52.759 1.0000000000
57202  -31.169  -16.003  52.406 1.0000000000
56117  -31.912  -17.866  52.838 1.0000000000
55114  -32.606  -18.296  52.530 1.0000000000
54081  -33.562  -19.282  52.848 0.8888890147
133229  -35.643  -19.964  53.388 0.6666669846
56129  -31.725  -17.174  52.406 1.0000000000
56130  -32.410  -17.579  52.111 1.0000000000
55115  -33.300  -18.749  52.303 1.0000000000
139552  -34.723  -19.119  51.836 1.0000000000
54083  -35.177  -19.710  52.585 0.7777780294
58146  -27.981  -15.498  61.835 0.2222220004
58154  -27.648  -15.830  60.886 0.4444440007
141873  -27.429  -15.598  59.961 0.5555559993
120180  -27.493  -14.933  60.192 0.4444440007
130023  -27.402  -15.024  59.360 0.4444440007
58161  -27.310  -15.914  59.218 0.5555559993
58166  -27.325  -15.118  58.547 0.5555559993
59153  -27.427  -14.351  58.093 0.5555559993
59159  -27.604  -14.175  57.225 0.5555559993
140473  -27.568  -14.681  56.886 0.5555559993
59169  -27.855  -14.299  56.338 0.5555559993
59180  -28.374  -14.124  55.547 0.6666669846
59985  -28.755  -13.305  55.522 0.5555559993
59181  -28.878  -13.962  54.882 0.6666669846
59195  -29.498  -13.855  54.257 0.5555559993
59212  -30.825  -14.574  52.809 1.0000000000
58225  -31.413  -15.264  52.369 1.0000000000
57203  -31.618  -16.491  52.188 1.0000000000
57204  -32.282  -16.728  51.790 1.0000000000
55130  -33.891  -18.455  51.654 1.0000000000
120129  -34.778  -18.363  51.389 1.0000000000
54106  -36.475  -19.350  51.811 1.0000000000
55131  -35.481  -18.648  51.384 1.0000000000
122240  -36.114  -18.887  51.453 1.0000000000
59140  -27.665  -14.071  60.548 0.3333329856
59147  -27.488  -14.081  59.456 0.4444440007
133475  -28.236  -12.636  61.419 0.2222220004
59949  -27.581  -13.123  58.806 0.3333329856
59946  -27.715  -12.972  59.966 0.3333329856
60833  -28.664  -12.042  61.226 0.2222220004
120709  -27.478  -13.900  58.587 0.5555559993
60836  -28.234  -12.012  59.926 0.3333329856
142288  -28.406  -11.771  58.477 0.3333329856
60840  -29.047  -11.213  58.449 0.3333329856
59956  -27.961  -13.426  56.774 0.5555559993
59966  -28.488  -12.797  56.237 0.5555559993
124239  -28.675  -11.661  57.725 0.3333329856
60860  -28.875  -11.941  56.539 0.3333329856
59967  -29.227  -12.250  55.635 0.5555559993
60003  -29.911  -12.914  54.064 0.5555559993
60014  -30.640  -12.895  53.334 0.7777780294
60031  -31.209  -13.554  52.781 1.0000000000
59213  -31.713  -14.319  52.400 1.0000000000
58234  -32.600  -15.908  51.576 1.0000000000
56147  -34.399  -17.633  51.283 1.0000000000
58235  -33.484  -15.822  51.409 1.0000000000
57218  -34.075  -16.638  51.264 1.0000000000
56148  -35.393  -17.741  51.061 1.0000000000
120627  -36.169  -18.278  51.090 1.0000000000
56168  -36.342  -17.429  50.694 1.0000000000
56149  -37.006  -18.076  50.870 1.0000000000
129590  -32.316  -10.535  63.753 0.1111110002
61724  -33.127  -10.211  63.893 0.1111110002
62651  -34.007  -9.785  64.016 0.1111110002
61742  -28.614  -11.853  60.534 0.3333329856
123519  -29.869  -10.957  61.140 0.2222220004
61736  -31.200  -10.336  61.963 0.1111110002
61737  -32.098  -9.990  61.929 0.1111110002
61729  -32.486  -10.142  62.826 0.1111110002
61730  -33.314  -9.657  62.586 0.1111110002
61743  -29.222  -11.407  60.806 0.3333329856
138287  -30.656  -10.512  61.010 0.2222220004
119551  -31.669  -10.056  60.869 0.1111110002
61745  -32.539  -9.673  61.070 0.2222220004
61749  -29.410  -10.910  59.233 0.3333329856
61755  -29.765  -10.608  58.431 0.2222220004
61750  -30.231  -10.342  59.203 0.2222220004
61752  -31.707  -9.848  59.765 0.1111110002
61764  -30.152  -10.506  57.635 0.2222220004
61756  -30.964  -9.882  58.095 0.2222220004
60861  -29.559  -11.283  56.207 0.2222220004
61781  -30.208  -10.694  56.726 0.2222220004
61801  -31.206  -10.614  55.642 0.2222220004
60880  -29.851  -11.392  55.504 0.3333329856
60899  -29.930  -11.957  54.716 0.4444440007
60900  -30.916  -11.459  54.349 0.3333329856
60915  -30.484  -12.222  53.978 0.4444440007
60916  -31.295  -11.968  53.599 0.5555559993
60015  -31.692  -12.628  52.953 0.7777780294
60032  -32.178  -13.421  52.526 0.8888890147
59214  -32.612  -14.200  52.066 1.0000000000
59215  -33.551  -14.136  51.831 0.8888890147
59224  -33.023  -15.015  51.615 1.0000000000
59225  -33.920  -14.933  51.530 1.0000000000
57219  -34.874  -16.976  51.041 1.0000000000
128218  -34.291  -15.667  51.262 1.0000000000
57231  -35.649  -16.749  50.697 0.8888890147
57232  -36.616  -16.465  50.238 0.8888890147
143133  -37.817  -17.327  50.330 1.0000000000
57233  -37.699  -16.714  50.035 0.8888890147
56170  -38.453  -17.327  50.240 0.8888890147
57235  -39.716  -16.903  50.150 0.7777780294
61725  -33.658  -9.668  63.230 0.1111110002
62663  -33.262  -9.406  61.105 0.2222220004
61744  -32.298  -9.748  60.314 0.2222220004
62662  -32.901  -9.510  60.344 0.2222220004
62671  -32.487  -9.622  59.523 0.2222220004
61757  -31.708  -9.671  58.776 0.2222220004
62683  -32.447  -9.589  58.538 0.2222220004
61766  -31.725  -9.787  57.700 0.2222220004
61820  -31.508  -10.845  54.849 0.3333329856
60917  -32.326  -11.954  53.423 0.5555559993
60016  -32.763  -12.702  52.858 0.7777780294
60033  -33.198  -13.440  52.358 0.7777780294
59226  -34.638  -14.876  51.257 0.8888890147
58236  -35.209  -15.257  50.820 0.8888890147
122072  -35.782  -15.771  50.464 0.8888890147
57234  -39.160  -16.266  49.815 0.8888890147
133162  -40.470  -16.910  50.220 0.8888890147
57252  -40.189  -16.296  49.944 0.8888890147
136934  -41.553  -15.858  49.764 0.8888890147
142271  -32.029  -9.876  57.144 0.2222220004
62702  -32.634  -9.706  57.516 0.2222220004
62717  -33.145  -9.893  56.854 0.2222220004
61783  -32.413  -10.059  56.614 0.2222220004
61784  -33.283  -10.224  56.210 0.3333329856
61785  -34.220  -10.396  55.996 0.3333329856
134511  -32.629  -10.402  55.809 0.3333329856
61802  -32.060  -10.559  55.367 0.3333329856
61822  -33.534  -11.151  54.738 0.3333329856
60902  -33.891  -11.788  53.948 0.4444440007
60903  -34.574  -11.634  54.496 0.3333329856
60901  -32.925  -11.451  54.007 0.3333329856
60918  -33.349  -12.187  53.381 0.4444440007
60017  -33.802  -12.871  52.769 0.4444440007
60034  -34.178  -13.493  52.194 0.4444440007
59234  -35.814  -14.778  50.451 0.7777780294
129049  -36.980  -14.872  49.752 0.8888890147
58256  -37.805  -15.063  49.596 0.8888890147
58260  -42.282  -15.434  49.710 0.8888890147
58257  -38.786  -15.309  49.571 0.8888890147
59246  -39.441  -14.631  49.449 0.8888890147
58259  -40.790  -15.726  49.698 0.8888890147
60065  -39.136  -13.745  49.288 0.8888890147
122959  -39.958  -14.031  49.332 0.8888890147
60018  -34.797  -13.049  52.714 0.3333329856
60035  -35.079  -13.480  52.064 0.6666669846
59227  -35.186  -14.440  51.017 0.7777780294
60052  -35.637  -13.909  50.804 0.7777780294
142942  -36.414  -14.667  50.033 0.8888890147
135081  -42.581  -14.482  49.460 0.8888890147
59244  -37.403  -14.082  49.635 0.8888890147
59245  -38.452  -14.384  49.467 0.8888890147
59248  -41.834  -14.726  49.474 0.8888890147
60968  -39.911  -13.165  48.982 0.8888890147
142918  -39.879  -12.498  48.720 0.8888890147
61886  -40.295  -11.313  48.115 0.8888890147
62809  -40.068  -10.673  47.993 0.8888890147
62822  -40.313  -10.123  47.437 0.8888890147
63777  -41.359  -9.259  46.300 0.8888890147
64747  -43.370  -8.542  45.551 0.8888890147
141601  -34.714  -12.191  53.883 0.3333329856
60045  -35.317  -13.666  51.600 0.5555559993
59236  -36.683  -14.237  49.879 0.8888890147
60053  -36.093  -13.312  50.595 0.7777780294
60054  -36.624  -13.521  50.018 0.8888890147
60063  -37.316  -13.071  49.744 0.8888890147
60064  -38.194  -13.468  49.444 0.8888890147
60966  -37.993  -12.702  49.496 0.8888890147
130214  -38.261  -11.999  49.308 0.8888890147
60974  -39.241  -12.338  48.861 0.8888890147
61884  -38.860  -11.503  48.792 0.8888890147
61885  -39.412  -10.924  48.383 0.8888890147
62808  -39.598  -10.197  48.099 0.8888890147
63766  -40.298  -9.290  47.139 0.8888890147
63776  -40.753  -8.906  46.538 0.8888890147
124392  -41.259  -8.604  46.159 0.8888890147
134138  -42.400  -8.095  45.417 0.8888890147
142796  -44.192  -7.739  45.032 0.7777780294
134323  -44.304  -8.760  45.793 0.7777780294
64735  -45.178  -8.803  45.987 0.6666669846
64748  -44.802  -8.185  45.395 0.6666669846
60046  -35.687  -13.270  51.350 0.5555559993
60954  -36.668  -12.570  50.384 0.6666669846
60965  -37.401  -12.201  49.821 0.6666669846
61875  -38.117  -11.058  49.270 0.8888890147
141309  -38.633  -10.798  48.793 0.8888890147
62795  -38.216  -10.274  49.192 0.8888890147
62807  -38.859  -10.207  48.589 0.7777780294
63754  -39.224  -9.572  48.385 0.8888890147
63765  -39.814  -9.547  47.785 0.8888890147
64719  -39.867  -8.765  47.696 0.8888890147
64720  -40.295  -8.409  47.081 0.8888890147
65686  -40.483  -7.488  47.302 0.8888890147
64731  -40.845  -8.002  46.414 0.8888890147
65692  -40.924  -7.204  46.696 0.8888890147
64746  -41.899  -7.258  45.455 0.8888890147
65703  -43.385  -7.652  45.073 0.8888890147
64749  -45.554  -8.394  45.655 0.6666669846
60942  -36.154  -12.839  52.167 0.5555559993
60953  -36.205  -12.633  51.147 0.5555559993
61852  -36.770  -11.892  50.957 0.5555559993
133842  -37.107  -11.783  50.368 0.7777780294
61865  -37.317  -11.072  50.612 0.5555559993
61874  -37.528  -11.379  49.832 0.7777780294
62794  -37.670  -10.543  49.866 0.5555559993
63744  -37.980  -9.751  49.799 0.4444440007
63753  -38.541  -9.408  49.076 0.6666669846
64707  -39.127  -8.833  48.728 0.6666669846
64708  -39.582  -8.323  48.386 0.7777780294
65664  -40.048  -7.579  48.804 0.4444440007
65679  -41.355  -6.840  48.657 0.5555559993
65677  -39.977  -7.918  47.867 0.8888890147
139931  -40.352  -7.386  48.107 0.7777780294
66656  -40.778  -6.960  47.942 0.5555559993
66657  -41.402  -6.440  47.689 0.5555559993
67594  -41.670  -6.010  47.074 0.5555559993
65693  -41.299  -7.258  46.044 0.7777780294
67604  -41.799  -5.926  46.397 0.5555559993
67611  -42.098  -5.887  45.747 0.8888890147
66673  -42.277  -6.515  45.326 0.8888890147
65714  -44.000  -7.184  44.596 0.8888890147
137409  -44.790  -7.517  44.772 0.7777780294
65704  -45.546  -7.903  45.143 0.7777780294
64750  -46.195  -8.237  45.594 0.6666669846
60022  -38.575  -12.425  54.208 0.3333329856
60931  -37.073  -12.593  52.942 0.5555559993
60943  -36.639  -12.148  51.839 0.5555559993
61853  -37.166  -11.368  51.531 0.5555559993
62785  -37.671  -10.201  50.571 0.5555559993
63735  -38.268  -9.461  50.669 0.4444440007
64677  -38.496  -8.960  49.944 0.4444440007
64693  -39.417  -8.157  49.218 0.3333329856
64695  -41.284  -7.649  50.117 0.1111110002
65665  -40.845  -7.339  49.271 0.2222220004
66640  -42.218  -6.745  49.130 0.4444440007
66650  -43.023  -6.312  49.090 0.4444440007
66649  -42.132  -6.368  48.434 0.5555559993
67584  -42.628  -5.938  48.297 0.5555559993
67595  -42.622  -5.389  47.710 0.5555559993
68561  -42.724  -4.806  46.910 0.5555559993
67605  -42.282  -5.341  46.240 0.5555559993
66681  -43.876  -6.363  44.427 0.8888890147
65712  -42.998  -6.346  44.873 0.8888890147
65715  -45.581  -7.191  44.509 0.7777780294
132078  -44.681  -6.814  44.337 0.7777780294
65705  -46.284  -7.696  44.967 0.6666669846
64751  -47.001  -7.968  45.530 0.6666669846
136184  -40.324  -11.739  56.094 0.1111110002
60906  -39.725  -12.165  54.898 0.1111110002
60932  -38.238  -12.383  53.594 0.4444440007
60922  -39.048  -12.285  54.297 0.3333329856
60933  -39.015  -12.053  53.800 0.1111110002
61829  -39.679  -11.908  54.344 0.1111110002
61840  -38.499  -11.670  53.053 0.1111110002
61841  -39.376  -11.401  53.533 0.1111110002
61839  -37.488  -11.879  52.537 0.4444440007
61854  -37.843  -10.967  52.144 0.3333329856
62762  -38.866  -10.775  52.660 0.2222220004
62775  -37.535  -10.666  51.287 0.4444440007
62776  -38.261  -10.119  51.596 0.4444440007
62777  -39.569  -9.934  52.329 0.2222220004
63727  -39.809  -9.084  51.540 0.3333329856
63736  -39.008  -8.828  50.751 0.4444440007
64679  -40.933  -8.171  50.810 0.2222220004
118761  -42.082  -8.166  51.535 0.2222220004
64682  -43.123  -7.603  51.413 0.1111110002
65636  -43.796  -7.364  51.523 0.1111110002
65637  -44.510  -7.045  51.586 0.1111110002
63737  -39.931  -8.434  50.774 0.3333329856
64680  -41.728  -7.882  50.957 0.1111110002
64681  -42.441  -7.747  51.190 0.1111110002
141950  -43.484  -7.271  51.009 0.1111110002
65651  -43.426  -6.954  50.497 0.2222220004
65652  -44.621  -6.630  50.899 0.1111110002
66643  -44.773  -6.089  50.133 0.1111110002
65649  -42.172  -7.483  50.402 0.1111110002
65650  -42.913  -7.341  50.723 0.1111110002
66641  -43.423  -6.604  49.910 0.3333329856
66629  -44.031  -6.595  50.356 0.2222220004
67585  -43.248  -5.599  48.459 0.4444440007
67596  -43.335  -4.898  47.871 0.5555559993
68585  -43.740  -4.840  44.754 0.8888890147
68578  -43.460  -4.454  45.488 0.5555559993
68569  -42.807  -4.820  45.958 0.6666669846
67621  -44.186  -5.443  44.331 0.8888890147
67619  -42.917  -5.706  45.056 0.8888890147
131975  -44.732  -6.024  44.150 0.7777780294
66682  -45.301  -6.492  44.181 0.7777780294
65716  -46.474  -7.109  44.518 0.6666669846
65706  -46.893  -7.511  44.897 0.6666669846
60867  -40.609  -11.612  56.352 0.1111110002
60907  -40.118  -11.958  55.465 0.1111110002
123628  -40.650  -11.585  55.651 0.1111110002
61807  -41.050  -11.477  56.187 0.1111110002
60923  -40.021  -12.040  54.916 0.1111110002
60908  -40.454  -11.635  55.173 0.1111110002
61842  -40.140  -11.116  53.949 0.1111110002
62751  -40.754  -10.749  54.210 0.1111110002
62763  -39.745  -10.683  53.212 0.1111110002
62764  -40.575  -10.238  53.281 0.1111110002
63712  -40.628  -9.415  52.355 0.1111110002
63713  -41.296  -9.520  53.010 0.1111110002
63703  -41.807  -9.351  53.391 0.1111110002
142319  -41.706  -9.139  52.850 0.1111110002
63714  -42.152  -8.765  52.632 0.1111110002
64658  -43.355  -8.209  52.898 0.1111110002
64666  -40.749  -8.726  51.593 0.2222220004
63729  -42.001  -8.551  52.005 0.1111110002
64668  -42.605  -8.188  51.903 0.2222220004
64669  -43.424  -7.825  52.132 0.1111110002
64659  -44.040  -7.678  52.613 0.1111110002
65629  -44.684  -7.276  52.283 0.1111110002
65638  -45.188  -6.840  51.975 0.1111110002
136335  -45.060  -6.652  51.397 0.1111110002
67587  -45.506  -4.738  49.058 0.1111110002
67575  -46.002  -5.091  49.670 0.1111110002
68571  -43.891  -3.911  46.738 0.4444440007
67597  -44.072  -4.524  47.986 0.3333329856
123108  -44.834  -5.059  48.998 0.3333329856
67586  -44.080  -5.126  48.610 0.3333329856
69521  -43.898  -3.862  45.889 0.5555559993
68570  -43.326  -4.292  46.385 0.5555559993
68586  -44.473  -4.580  44.349 0.8888890147
66697  -45.548  -5.851  43.982 0.7777780294
138384  -47.497  -7.580  45.072 0.5555559993
61823  -41.015  -11.170  55.167 0.1111110002
62732  -41.241  -11.137  55.689 0.1111110002
62752  -41.230  -10.464  54.408 0.1111110002
62743  -41.684  -10.368  55.259 0.1111110002
62733  -41.787  -10.599  56.025 0.1111110002
62753  -41.617  -10.068  54.586 0.1111110002
63696  -42.194  -9.655  54.720 0.1111110002
62765  -41.256  -10.048  53.742 0.1111110002
63704  -42.060  -9.431  54.031 0.1111110002
63705  -42.778  -9.015  54.096 0.1111110002
63715  -42.581  -8.787  53.317 0.1111110002
126932  -43.265  -8.514  53.539 0.1111110002
64639  -43.693  -8.528  54.165 0.1111110002
119731  -43.910  -8.046  53.324 0.1111110002
65619  -45.517  -7.228  53.350 0.1111110002
65631  -45.994  -6.785  52.930 0.1111110002
66644  -45.689  -5.705  50.278 0.1111110002
66631  -46.127  -5.960  51.025 0.1111110002
67622  -44.992  -5.211  44.006 0.8888890147
66698  -46.369  -5.908  43.788 0.7777780294
64646  -45.014  -7.624  53.919 0.1111110002
66699  -47.256  -6.046  43.532 0.7777780294
30279  0.553  -45.065  78.690 0.2222220004
30281  -1.802  -44.859  78.739 0.3333329856
132583  0.638  -44.776  77.240 0.2222220004
30288  0.630  -44.529  78.124 0.4444440007
31207  0.686  -43.117  77.754 0.3333329856
32158  0.705  -42.286  76.515 0.2222220004
134577  0.791  -42.624  77.424 0.2222220004
126543  -5.949  -41.624  74.204 0.7777780294
33029  -7.063  -41.470  75.370 0.5555559993
33880  -8.000  -40.712  74.616 0.4444440007
123778  -7.500  -40.833  73.918 0.5555559993
33040  -5.641  -41.345  73.611 0.7777780294
33889  -7.871  -40.478  73.299 0.7777780294
34756  -8.630  -40.075  73.687 0.4444440007
130079  -9.304  -39.503  74.399 0.4444440007
32164  0.422  -42.116  75.272 0.1111110002
128501  -0.025  -42.576  74.007 0.1111110002
32147  0.286  -42.431  78.075 0.4444440007
32148  -0.495  -42.413  77.999 0.6666669846
32170  -0.189  -41.850  73.831 0.1111110002
125051  -0.292  -41.156  73.709 0.1111110002
33901  -6.933  -40.053  71.887 0.7777780294
35795  -10.316  -38.401  72.520 0.6666669846
34774  -9.006  -39.393  71.371 0.6666669846
33876  0.142  -40.650  74.946 0.2222220004
132424  0.522  -40.714  76.869 0.2222220004
33043  -0.623  -41.459  73.320 0.1111110002
34764  -6.193  -40.000  72.006 0.8888890147
136370  -9.123  -39.108  70.616 0.7777780294
36825  -11.148  -37.820  71.447 0.5555559993
36839  -10.692  -37.993  70.125 0.6666669846
136526  0.089  -41.407  77.935 0.3333329856
35761  -3.575  -38.437  74.561 0.3333329856
33884  -4.029  -40.408  73.638 0.7777780294
34755  -4.238  -39.802  73.206 0.7777780294
35792  -4.186  -38.568  73.082 0.7777780294
35821  -7.881  -38.632  70.184 0.7777780294
36764  -4.264  -36.320  74.832 0.1111110002
36777  -3.986  -37.075  74.488 0.2222220004
36790  -4.620  -36.819  73.035 0.2222220004
36778  -4.402  -36.482  73.979 0.1111110002
36807  -5.082  -37.496  72.040 0.7777780294
35806  -6.301  -38.477  71.076 0.8888890147
35820  -7.021  -38.381  70.505 0.8888890147
35837  -9.071  -38.273  69.521 0.8888890147
36852  -9.596  -37.814  69.114 0.7777780294
36865  -9.145  -37.145  68.620 0.8888890147
36867  -10.888  -37.342  68.785 0.7777780294
133939  -9.776  -36.801  68.239 0.8888890147
37847  -9.960  -36.179  67.725 0.7777780294
127239  -5.267  -35.366  73.062 0.1111110002
37819  -7.070  -36.628  69.927 0.7777780294
133846  -8.822  -37.722  69.102 0.8888890147
38770  -8.479  -35.513  68.559 0.8888890147
38785  -13.198  -35.986  67.441 0.6666669846
38786  -14.668  -35.377  67.687 0.6666669846
38712  -5.429  -34.560  73.900 0.1111110002
119021  -6.188  -34.432  72.643 0.3333329856
38720  -5.572  -34.779  73.189 0.3333329856
38750  -7.410  -35.672  69.790 0.6666669846
36838  -6.944  -37.476  70.160 0.7777780294
37828  -7.946  -36.139  68.996 0.6666669846
38792  -11.328  -35.086  66.352 0.8888890147
39824  -12.485  -35.192  66.170 0.6666669846
38774  -15.472  -34.881  67.780 0.6666669846
38713  -5.785  -34.028  73.703 0.1111110002
41480  -6.370  -32.360  74.609 0.1111110002
143226  -6.163  -33.685  73.490 0.1111110002
40665  -6.620  -33.222  73.228 0.1111110002
38741  -7.289  -34.080  71.529 0.4444440007
39737  -7.848  -33.569  71.179 0.4444440007
39754  -8.040  -33.753  70.639 0.5555559993
125850  -9.779  -33.907  67.423 0.7777780294
142721  -10.599  -34.616  66.487 0.7777780294
39823  -11.867  -34.691  65.907 0.8888890147
40758  -13.739  -33.798  65.208 0.8888890147
39828  -16.364  -34.340  66.416 0.7777780294
130795  -18.210  -34.204  67.503 0.6666669846
139117  -17.264  -33.942  65.268 0.7777780294
44301  -31.307  -29.053  61.534 0.4444440007
44286  -30.754  -29.441  62.107 0.4444440007
40651  -6.954  -32.586  73.247 0.1111110002
40666  -7.539  -32.658  72.582 0.1111110002
40695  -8.548  -32.789  71.132 0.4444440007
40728  -9.062  -33.209  69.112 0.5555559993
135036  -9.044  -33.753  68.592 0.7777780294
130997  -10.263  -33.917  66.726 0.7777780294
45180  -34.954  -28.843  65.476 0.3333329856
142175  -18.093  -33.563  64.601 0.8888890147
39849  -19.325  -34.027  65.320 0.6666669846
45226  -33.202  -28.637  62.796 0.3333329856
45211  -34.307  -28.397  63.683 0.3333329856
44300  -30.449  -29.301  61.253 0.5555559993
44317  -30.700  -28.812  59.916 0.7777780294
40682  -8.420  -32.603  71.626 0.1111110002
42360  -8.218  -31.523  72.867 0.1111110002
40707  -8.616  -32.924  70.646 0.3333329856
40729  -9.498  -32.827  68.634 0.5555559993
126220  -19.880  -34.351  65.639 0.6666669846
143011  -36.273  -27.752  64.927 0.2222220004
40780  -18.580  -33.287  64.206 0.8888890147
39851  -21.382  -34.363  65.777 0.6666669846
40797  -21.742  -33.404  63.509 0.8888890147
40765  -22.367  -33.868  64.918 0.6666669846
46208  -33.979  -27.569  61.693 0.3333329856
41627  -22.333  -32.474  62.266 0.8888890147
41629  -24.056  -32.309  62.508 0.7777780294
42504  -23.886  -31.248  61.515 0.8888890147
43373  -24.414  -30.801  61.573 0.8888890147
134681  -23.948  -29.645  60.832 0.8888890147
46204  -24.294  -27.050  61.041 0.8888890147
44329  -29.977  -28.947  59.746 0.8888890147
134072  -28.723  -28.666  59.445 0.8888890147
41556  -10.398  -31.365  68.584 0.3333329856
42438  -12.307  -31.979  65.888 0.6666669846
42430  -11.637  -31.744  66.518 0.4444440007
143681  -12.895  -31.576  65.888 0.5555559993
42450  -13.468  -31.501  65.504 0.5555559993
42451  -14.216  -31.332  64.965 0.6666669846
42462  -16.369  -31.419  63.763 0.8888890147
46178  -36.295  -27.342  64.304 0.2222220004
129144  -19.311  -33.495  64.222 0.8888890147
41609  -20.447  -32.955  63.091 0.8888890147
49260  -23.649  -24.968  61.525 0.7777780294
49262  -25.001  -24.235  61.642 0.4444440007
49249  -23.590  -24.384  62.076 0.5555559993
49252  -27.477  -24.138  62.141 0.2222220004
48312  -27.911  -24.976  60.956 0.3333329856
49251  -26.740  -24.079  61.594 0.3333329856
49263  -26.440  -24.452  60.946 0.4444440007
49273  -27.085  -24.914  60.526 0.3333329856
131892  -28.386  -25.287  60.763 0.4444440007
121645  -28.867  -25.543  60.549 0.4444440007
42502  -22.409  -31.212  61.408 0.8888890147
44295  -22.352  -29.559  60.912 0.7777780294
46203  -23.331  -27.154  60.889 0.7777780294
48310  -24.178  -25.378  61.225 0.7777780294
48311  -24.910  -25.250  60.971 0.8888890147
48325  -26.273  -25.123  60.447 0.7777780294
135241  -25.503  -24.707  60.963 0.7777780294
47272  -27.447  -26.256  59.434 0.7777780294
48338  -28.595  -25.957  59.491 0.6666669846
47273  -28.148  -26.433  58.995 0.6666669846
45289  -28.849  -28.176  58.686 0.8888890147
47280  -28.694  -26.814  58.497 0.7777780294
136323  -29.472  -27.846  58.219 0.8888890147
46232  -28.262  -27.353  58.709 0.8888890147
45291  -30.694  -28.294  58.478 0.8888890147
45275  -30.297  -28.651  59.164 0.8888890147
45261  -33.047  -27.872  60.671 0.5555559993
119782  -32.000  -28.239  59.461 0.7777780294
46233  -32.450  -27.740  58.766 0.7777780294
136995  -11.698  -31.175  67.128 0.4444440007
43293  -13.151  -29.564  66.621 0.3333329856
131210  -14.968  -30.704  64.606 0.7777780294
49202  -25.496  -23.615  66.648 0.2222220004
49193  -25.149  -23.810  67.573 0.1111110002
48261  -22.595  -24.693  66.308 0.3333329856
120855  -24.031  -23.638  65.089 0.4444440007
140182  -26.940  -23.836  66.955 0.1111110002
42470  -17.677  -31.781  63.483 0.8888890147
49224  -24.584  -23.573  64.248 0.4444440007
127536  -25.150  -23.565  64.927 0.2222220004
42472  -19.203  -31.445  62.866 0.8888890147
41624  -19.876  -32.351  62.963 0.8888890147
49235  -23.576  -23.850  62.974 0.5555559993
49236  -24.502  -23.650  63.323 0.4444440007
48327  -29.640  -25.760  60.249 0.3333329856
48340  -30.540  -25.702  58.882 0.5555559993
47274  -28.989  -26.465  58.661 0.6666669846
46202  -22.520  -27.417  61.125 0.7777780294
47251  -23.745  -26.322  61.149 0.7777780294
48293  -22.949  -25.007  61.764 0.6666669846
46248  -29.653  -27.271  57.932 0.8888890147
46268  -30.231  -27.204  57.652 0.8888890147
140047  -30.727  -27.410  57.546 0.8888890147
46250  -31.142  -27.853  57.863 0.8888890147
46221  -34.106  -26.974  60.537 0.5555559993
46251  -32.047  -27.636  57.868 0.8888890147
46234  -33.268  -27.346  59.101 0.5555559993
135572  -14.041  -29.979  65.604 0.5555559993
47194  -22.581  -25.034  67.099 0.3333329856
48236  -23.963  -24.606  68.352 0.1111110002
44236  -15.808  -29.444  64.441 0.5555559993
47222  -37.873  -25.802  64.913 0.1111110002
46194  -21.807  -27.280  62.009 0.7777780294
48349  -31.177  -25.104  58.602 0.5555559993
47293  -31.304  -26.325  56.924 0.7777780294
46270  -32.357  -27.104  57.301 0.8888890147
46252  -32.982  -27.209  57.946 0.8888890147
47307  -32.673  -25.990  56.512 0.8888890147
47306  -31.951  -25.899  56.574 0.8888890147
44202  -15.145  -28.784  65.252 0.3333329856
47182  -22.628  -25.694  67.914 0.1111110002
48221  -23.485  -25.315  68.540 0.1111110002
45221  -21.480  -28.222  62.421 0.7777780294
47227  -21.749  -25.785  62.962 0.6666669846
49275  -31.008  -23.639  60.881 0.3333329856
51046  -30.852  -23.186  61.068 0.3333329856
139790  -31.123  -23.449  60.275 0.4444440007
44280  -21.137  -29.301  62.280 0.7777780294
49291  -31.359  -24.499  58.110 0.6666669846
49267  -35.889  -24.905  61.088 0.2222220004
51060  -30.630  -22.955  58.916 0.7777780294
48350  -34.302  -25.717  58.022 0.7777780294
48343  -35.166  -25.031  59.752 0.2222220004
48362  -32.444  -25.360  56.408 0.8888890147
119432  -34.642  -25.097  58.247 0.7777780294
49305  -32.772  -24.616  56.248 0.8888890147
45190  -18.268  -27.949  64.930 0.3333329856
141282  -20.702  -27.582  65.605 0.2222220004
44222  -19.207  -28.261  64.746 0.3333329856
44240  -19.356  -28.749  64.089 0.3333329856
44223  -20.108  -28.037  65.279 0.2222220004
128906  -20.487  -27.900  64.904 0.2222220004
45199  -20.890  -27.810  64.350 0.4444440007
118649  -30.226  -22.034  61.589 0.2222220004
51028  -30.681  -22.779  61.458 0.2222220004
51969  -30.935  -21.738  63.012 0.2222220004
50158  -35.071  -23.319  57.997 0.7777780294
138852  -32.918  -23.881  56.112 0.8888890147
132935  -33.403  -23.349  56.112 0.8888890147
51112  -32.070  -22.346  56.279 0.8888890147
53916  -31.093  -20.424  64.097 0.2222220004
141852  -30.110  -21.593  62.013 0.2222220004
52993  -29.362  -20.497  62.092 0.6666669846
51997  -29.450  -21.796  60.748 0.5555559993
53006  -29.035  -21.095  61.254 0.5555559993
52012  -28.479  -21.529  59.427 0.7777780294
53015  -27.819  -20.847  58.991 0.7777780294
52024  -28.290  -21.587  58.472 0.7777780294
51114  -33.971  -22.679  56.337 0.8888890147
127405  -34.536  -23.074  56.730 0.8888890147
52041  -29.866  -21.716  56.989 1.0000000000
52056  -32.588  -21.693  56.383 1.0000000000
51098  -34.875  -22.086  57.345 0.8888890147
52058  -34.276  -21.934  56.771 0.8888890147
52054  -30.468  -21.337  56.766 1.0000000000
127462  -33.922  -21.240  56.834 0.8888890147
53057  -32.066  -20.803  56.771 1.0000000000
52026  -34.545  -21.239  57.325 0.8888890147
52027  -35.248  -21.401  58.095 0.7777780294
53040  -32.405  -19.888  57.109 0.8888890147
54965  -29.381  -18.866  62.857 0.4444440007
135346  -28.914  -19.694  62.116 0.7777780294
53950  -27.278  -19.372  57.821 1.0000000000
55010  -32.478  -18.394  56.700 0.8888890147
54992  -33.361  -18.242  57.456 0.7777780294
120725  -28.896  -18.284  62.461 0.3333329856
54976  -28.017  -18.612  60.864 0.6666669846
55062  -32.422  -18.140  55.694 1.0000000000
56096  -28.450  -17.333  55.056 1.0000000000
55079  -31.960  -18.446  54.298 1.0000000000
57151  -27.812  -15.949  55.570 0.7777780294
57180  -28.771  -16.527  54.573 1.0000000000
58209  -28.469  -15.632  54.837 1.0000000000
138427  -30.053  -17.172  53.893 1.0000000000
55064  -33.997  -18.481  55.705 0.6666669846
57182  -30.080  -16.565  53.645 1.0000000000
57192  -30.500  -16.132  53.082 1.0000000000
125306  -32.478  -18.745  53.885 0.8888890147
55098  -32.173  -18.409  53.364 1.0000000000
54038  -34.174  -19.346  54.109 0.7777780294
54060  -34.731  -19.685  53.427 0.7777780294
54041  -37.313  -20.057  54.451 0.5555559993
58217  -30.218  -15.216  53.317 1.0000000000
57193  -31.104  -16.717  52.749 1.0000000000
139258  -33.900  -19.145  52.160 0.8888890147
54082  -34.310  -19.506  52.659 0.7777780294
54061  -36.433  -20.159  53.263 0.7777780294
55129  -33.083  -18.015  51.875 1.0000000000
54084  -36.182  -19.866  52.510 1.0000000000
127040  -27.701  -14.942  61.003 0.3333329856
126251  -27.417  -14.504  58.815 0.4444440007
59953  -27.676  -13.371  57.787 0.5555559993
59984  -28.251  -13.580  56.060 0.5555559993
60002  -29.342  -13.053  54.834 0.5555559993
59203  -30.245  -14.362  53.290 1.0000000000
60030  -30.533  -13.802  53.112 1.0000000000
57216  -31.818  -15.942  51.904 1.0000000000
58226  -32.189  -15.125  51.953 1.0000000000
56145  -32.859  -17.313  51.653 1.0000000000
56146  -33.525  -17.497  51.480 1.0000000000
54105  -35.697  -19.304  51.874 1.0000000000
55132  -36.748  -18.805  51.318 1.0000000000
124784  -28.097  -13.560  62.061 0.2222220004
59941  -27.878  -13.230  61.170 0.2222220004
121468  -28.178  -12.459  60.705 0.3333329856
61734  -29.362  -11.484  61.791 0.2222220004
124365  -27.985  -12.250  59.067 0.3333329856
60843  -28.001  -12.399  58.130 0.5555559993
61748  -28.937  -11.345  59.988 0.3333329856
61763  -29.361  -10.982  57.821 0.2222220004
60846  -28.234  -12.436  57.142 0.4444440007
60847  -29.310  -11.178  57.066 0.2222220004
57217  -33.089  -16.683  51.449 1.0000000000
55133  -37.576  -18.744  51.198 1.0000000000
56169  -37.232  -17.322  50.450 1.0000000000
56150  -37.927  -17.931  50.694 1.0000000000
135994  -32.970  -10.071  63.254 0.1111110002
61735  -30.274  -10.777  61.941 0.2222220004
119217  -31.712  -10.427  62.847 0.1111110002
61738  -32.899  -9.594  61.906 0.2222220004
119585  -29.876  -10.747  60.186 0.2222220004
120990  -30.893  -10.235  60.006 0.1111110002
61739  -33.731  -9.400  61.824 0.2222220004
142403  -30.436  -10.187  58.449 0.2222220004
61751  -30.957  -9.828  59.036 0.1111110002
61765  -30.976  -10.322  57.208 0.2222220004
61800  -30.345  -10.817  55.944 0.2222220004
123775  -31.801  -10.338  56.100 0.2222220004
61782  -31.025  -10.493  56.422 0.2222220004
60881  -30.582  -11.072  55.140 0.2222220004
124292  -31.910  -11.301  54.098 0.3333329856
57230  -34.935  -16.109  50.930 1.0000000000
141757  -34.739  -15.513  51.065 0.8888890147
134843  -38.492  -16.678  49.923 0.8888890147
134227  -39.012  -16.970  50.024 0.8888890147
56171  -39.332  -17.513  50.324 0.7777780294
62684  -33.344  -9.561  58.486 0.2222220004
59216  -34.398  -14.114  51.677 0.7777780294
58244  -36.469  -15.386  50.039 0.8888890147
58245  -37.251  -15.742  49.782 0.8888890147
58246  -38.161  -15.960  49.715 0.8888890147
57236  -41.145  -16.485  50.047 0.8888890147
58258  -39.827  -15.534  49.645 0.8888890147
57237  -41.724  -16.887  50.375 0.7777780294
61803  -33.493  -10.636  55.516 0.4444440007
61804  -34.591  -11.011  55.270 0.3333329856
61821  -32.464  -10.911  54.693 0.3333329856
60919  -34.316  -12.468  53.334 0.4444440007
59217  -34.903  -14.112  51.487 0.7777780294
125222  -41.377  -15.200  49.570 0.8888890147
59247  -40.502  -14.822  49.471 0.8888890147
59235  -36.168  -14.054  50.264 0.7777780294
60066  -40.723  -13.939  49.216 0.8888890147
131400  -41.224  -14.545  49.380 0.8888890147
60975  -40.485  -12.586  48.601 0.8888890147
124980  -39.851  -11.882  48.505 0.8888890147
126434  -41.838  -8.780  45.884 0.8888890147
60967  -38.793  -12.897  49.185 0.8888890147
64732  -41.534  -8.034  45.780 0.8888890147
65702  -42.683  -7.129  45.084 0.8888890147
134847  -39.498  -9.018  48.151 0.8888890147
66664  -40.903  -6.878  47.251 0.6666669846
66665  -41.285  -6.518  46.708 0.6666669846
66672  -41.656  -6.506  45.844 0.8888890147
65713  -43.361  -6.935  44.731 0.8888890147
64692  -38.889  -8.683  49.435 0.6666669846
64678  -39.190  -8.352  50.014 0.4444440007
65678  -40.649  -7.187  48.562 0.5555559993
65666  -41.787  -7.202  49.562 0.3333329856
66658  -42.037  -5.916  47.666 0.5555559993
127119  -42.080  -5.480  46.967 0.5555559993
133238  -42.534  -5.971  45.254 0.7777780294
63726  -38.918  -9.389  51.438 0.4444440007
64694  -40.152  -7.836  49.899 0.3333329856
65667  -42.720  -6.954  49.914 0.4444440007
68562  -43.591  -4.332  47.267 0.5555559993
67612  -42.573  -5.428  45.599 0.6666669846
67620  -43.452  -5.646  44.681 0.8888890147
60887  -40.430  -11.724  55.872 0.1111110002
142172  -39.525  -12.239  54.739 0.2222220004
61830  -40.323  -11.480  54.647 0.1111110002
64667  -41.523  -8.410  51.560 0.2222220004
64670  -44.114  -7.429  52.016 0.1111110002
137079  -44.004  -7.018  50.974 0.1111110002
66630  -45.341  -6.280  50.877 0.1111110002
66642  -43.909  -6.175  49.647 0.3333329856
67573  -44.428  -5.588  49.349 0.1111110002
66651  -43.732  -5.738  49.071 0.2222220004
68579  -44.080  -4.074  45.007 0.8888890147
67613  -43.139  -5.115  45.229 0.8888890147
66683  -46.026  -6.526  44.174 0.7777780294
61831  -40.827  -11.102  54.807 0.1111110002
63728  -41.470  -8.924  52.326 0.2222220004
64657  -42.829  -8.374  52.571 0.1111110002
65630  -45.343  -7.041  52.630 0.1111110002
65639  -45.929  -6.556  52.308 0.1111110002
66619  -45.672  -6.414  51.577 0.1111110002
67574  -45.221  -5.398  49.568 0.1111110002
68563  -44.494  -3.979  47.494 0.4444440007
62742  -41.252  -10.791  54.991 0.1111110002
62744  -42.313  -9.894  55.507 0.1111110002
138531  -41.572  -9.844  54.050 0.1111110002
64645  -44.376  -7.951  53.777 0.1111110002
65618  -44.705  -7.531  53.102 0.1111110002
65614  -45.724  -7.391  54.157 0.1111110002
65620  -46.204  -6.929  53.618 0.1111110002
136807  -46.323  -6.543  52.689 0.1111110002
66684  -46.814  -6.583  44.089 0.6666669846
66685  -47.580  -6.749  43.988 0.5555559993
33024  0.476  -41.074  75.868 0.1111110002
33856  0.190  -40.609  77.797 0.2222220004
120311  0.451  -39.970  77.288 0.1111110002
33005  -0.484  -40.951  78.032 0.4444440007
33011  -0.927  -41.650  77.941 0.5555559993
34747  0.111  -40.067  75.020 0.1111110002
34748  -0.143  -40.098  74.187 0.1111110002
33870  -2.570  -41.080  76.054 0.6666669846
34753  -0.503  -39.729  73.361 0.1111110002
34760  -0.805  -39.401  72.683 0.1111110002
34721  0.171  -39.717  77.993 0.1111110002
33849  -0.286  -40.034  78.221 0.3333329856
33850  -0.915  -40.079  78.206 0.3333329856
34735  0.392  -39.370  76.710 0.1111110002
33857  -1.310  -40.703  77.874 0.3333329856
120905  -1.949  -41.241  77.109 0.6666669846
33864  -2.413  -40.404  76.779 0.5555559993
34743  -0.066  -39.496  74.682 0.1111110002
35776  -0.615  -38.855  73.140 0.1111110002
132828  -0.722  -38.144  72.800 0.1111110002
35791  -0.883  -38.595  72.450 0.1111110002
118706  0.182  -38.942  78.186 0.2222220004
34728  0.415  -39.336  77.595 0.1111110002
130582  -0.103  -39.380  78.384 0.2222220004
34722  -0.611  -39.397  78.413 0.2222220004
34723  -1.281  -39.353  78.257 0.2222220004
128591  0.165  -38.628  76.525 0.1111110002
33858  -2.048  -40.066  77.462 0.4444440007
35746  0.064  -39.130  75.595 0.1111110002
136624  -0.275  -38.264  74.601 0.1111110002
35718  0.352  -38.748  77.459 0.1111110002
36747  -0.163  -37.776  76.290 0.1111110002
34724  -1.883  -39.293  77.847 0.4444440007
34729  -2.289  -39.116  77.351 0.2222220004
36762  -0.337  -37.792  75.183 0.1111110002
33865  -2.719  -40.117  76.065 0.4444440007
134223  -17.682  -34.223  68.049 0.5555559993
39830  -18.367  -34.076  66.599 0.6666669846
44243  -26.368  -29.938  64.127 0.5555559993
132986  -26.739  -29.972  64.400 0.6666669846
119775  -27.123  -29.688  64.011 0.6666669846
44264  -26.537  -29.503  63.614 0.7777780294
44265  -27.008  -29.308  63.433 0.7777780294
44283  -27.415  -29.124  62.816 0.7777780294
44284  -28.200  -29.308  62.185 0.7777780294
45208  -26.223  -29.012  62.861 0.7777780294
45209  -26.637  -29.032  62.976 0.7777780294
45225  -27.477  -28.861  62.097 0.7777780294
42490  -25.209  -31.169  62.674 0.7777780294
43362  -25.639  -30.345  63.021 0.7777780294
44263  -26.069  -29.523  63.355 0.6666669846
44281  -24.736  -29.878  61.450 0.7777780294
135961  -25.952  -28.980  62.616 0.7777780294
45237  -26.187  -28.190  61.870 0.7777780294
44297  -25.423  -28.900  61.807 0.6666669846
118807  -25.561  -27.889  61.504 0.7777780294
143051  -31.157  -22.543  62.885 0.1111110002
51081  -35.298  -22.455  58.031 0.6666669846
49265  -30.918  -24.126  61.308 0.2222220004
51015  -31.349  -22.160  63.342 0.1111110002
120662  -35.747  -22.018  58.792 0.6666669846
53906  -31.634  -19.966  64.726 0.1111110002
52945  -32.277  -20.298  65.341 0.1111110002
52965  -31.696  -20.770  64.443 0.1111110002
51970  -31.540  -21.573  63.891 0.1111110002
53018  -36.022  -20.824  59.832 0.4444440007
52015  -35.667  -21.132  59.040 0.5555559993
53887  -32.089  -19.562  65.281 0.1111110002
53915  -30.485  -20.022  63.683 0.1111110002
52928  -32.866  -20.145  66.375 0.1111110002
128297  -37.560  -19.828  52.276 0.7777780294
54108  -38.060  -19.396  51.677 0.6666669846
54109  -38.956  -19.335  51.722 0.6666669846
139391  -30.437  -18.120  64.659 0.2222220004
54955  -29.408  -18.268  63.004 0.2222220004
55982  -30.071  -18.023  63.963 0.2222220004
54947  -30.826  -19.054  64.431 0.2222220004
54948  -31.520  -19.349  64.890 0.2222220004
54085  -36.887  -19.742  52.194 0.8888890147
54107  -37.212  -19.363  51.701 0.8888890147
55134  -38.473  -18.718  51.156 0.6666669846
55116  -39.805  -19.211  51.754 0.6666669846
55136  -40.223  -18.666  51.194 0.6666669846
55137  -41.039  -18.535  51.362 0.5555559993
56151  -38.897  -18.070  50.664 0.7777780294
56152  -39.788  -18.135  50.674 0.6666669846
56153  -40.649  -18.087  50.737 0.6666669846
56172  -40.182  -17.518  50.409 0.5555559993
123825  -30.928  -17.409  66.551 0.1111110002
124474  -30.059  -17.262  65.211 0.1111110002
55965  -30.618  -17.894  65.294 0.1111110002
57041  -31.156  -17.919  66.006 0.1111110002
57084  -28.915  -17.132  62.813 0.2222220004
55981  -29.461  -17.723  63.278 0.2222220004
55999  -28.412  -17.702  61.920 0.3333329856
56131  -41.823  -18.253  51.688 0.6666669846
56173  -41.078  -17.353  50.448 0.6666669846
58247  -42.076  -16.307  50.058 0.6666669846
121404  -29.472  -16.875  63.980 0.1111110002
57039  -29.640  -16.583  65.732 0.1111110002
57100  -28.419  -17.109  62.144 0.1111110002
121391  -28.410  -16.455  62.401 0.1111110002
57238  -43.117  -16.062  50.222 0.7777780294
135075  -43.754  -15.493  50.235 0.5555559993
59249  -43.389  -14.355  49.617 0.5555559993
59238  -43.871  -14.813  50.017 0.3333329856
60067  -41.678  -13.966  49.200 0.7777780294
60862  -37.563  -11.745  55.907 0.2222220004
61788  -38.150  -11.547  56.427 0.2222220004
60863  -38.507  -12.066  56.064 0.2222220004
61789  -38.907  -11.760  56.532 0.1111110002
60883  -36.181  -12.015  55.044 0.2222220004
60884  -37.148  -12.236  55.268 0.2222220004
60885  -37.986  -12.265  55.520 0.2222220004
60886  -38.807  -12.280  55.662 0.2222220004
60920  -35.278  -12.697  53.414 0.2222220004
60904  -35.572  -12.284  54.281 0.2222220004
60005  -37.209  -12.845  54.091 0.2222220004
60036  -35.854  -13.129  52.501 0.4444440007
60020  -36.621  -12.873  53.335 0.4444440007
60921  -37.706  -12.678  53.744 0.3333329856
60068  -43.531  -13.606  49.395 0.5555559993
60077  -41.968  -13.252  48.824 0.7777780294
60969  -42.898  -13.202  48.980 0.7777780294
61768  -37.764  -10.928  56.789 0.1111110002
137733  -37.431  -11.168  56.378 0.1111110002
122389  -38.462  -11.324  56.821 0.1111110002
60882  -35.314  -11.613  54.907 0.2222220004
61806  -36.658  -11.639  55.551 0.2222220004
59987  -38.380  -12.436  55.083 0.3333329856
59988  -38.868  -12.363  55.337 0.2222220004
59182  -38.532  -12.449  54.840 0.3333329856
59197  -38.683  -12.431  54.675 0.3333329856
60076  -41.032  -13.261  48.876 0.7777780294
132363  -42.367  -12.609  48.490 0.7777780294
64737  -46.762  -8.575  46.144 0.5555559993
63783  -47.234  -8.927  46.618 0.3333329856
64738  -47.633  -8.349  46.195 0.3333329856
62719  -34.869  -10.013  56.557 0.2222220004
62720  -35.949  -10.199  56.554 0.2222220004
126389  -37.223  -10.236  57.257 0.1111110002
60007  -39.252  -12.357  55.092 0.1111110002
60023  -39.124  -12.359  54.717 0.3333329856
126613  -44.113  -11.043  47.726 0.6666669846
125907  -40.803  -11.994  48.236 0.7777780294
61888  -42.683  -11.994  48.196 0.7777780294
63768  -45.144  -9.982  46.876 0.5555559993
127998  -44.717  -9.413  46.316 0.5555559993
63781  -45.618  -9.370  46.498 0.5555559993
63782  -46.528  -9.255  46.680 0.5555559993
64736  -45.978  -8.761  46.120 0.5555559993
62718  -33.904  -9.949  56.663 0.2222220004
62705  -35.417  -9.631  57.334 0.1111110002
62687  -36.449  -9.507  57.883 0.1111110002
61887  -41.774  -11.891  48.070 0.7777780294
61902  -42.540  -11.435  47.714 0.7777780294
126092  -40.996  -11.495  47.829 0.7777780294
61901  -41.581  -11.085  47.445 0.7777780294
62824  -42.383  -10.790  47.164 0.7777780294
62839  -43.806  -10.511  47.143 0.7777780294
63780  -44.262  -9.986  46.751 0.6666669846
133122  -41.737  -10.491  46.948 0.7777780294
62838  -42.994  -10.398  46.903 0.7777780294
126170  -43.526  -10.016  46.681 0.7777780294
64734  -43.683  -9.377  46.180 0.7777780294
62837  -42.224  -10.184  46.636 0.7777780294
137760  -47.332  -5.401  43.197 0.6666669846
126444  -47.054  -4.808  43.133 0.6666669846
67631  -47.698  -5.047  42.876 0.5555559993
67637  -49.522  -5.285  42.062 0.5555559993
67642  -50.001  -5.069  41.778 0.6666669846
67643  -50.622  -5.343  41.575 0.4444440007
67645  -52.138  -5.994  40.918 0.4444440007
66746  -52.854  -6.205  40.647 0.4444440007
61900  -40.675  -10.887  47.603 0.7777780294
62823  -41.058  -10.390  47.057 0.7777780294
63767  -40.849  -9.674  46.764 0.7777780294
62836  -41.518  -9.942  46.588 0.7777780294
63778  -42.026  -9.535  46.181 0.7777780294
68591  -45.992  -4.235  43.536 0.7777780294
134195  -46.448  -4.705  43.351 0.6666669846
68593  -47.468  -4.235  42.819 0.7777780294
69539  -48.201  -4.052  42.402 0.7777780294
68599  -48.781  -4.816  42.231 0.7777780294
68600  -49.505  -4.541  41.893 0.7777780294
68606  -51.123  -4.764  41.064 0.5555559993
69531  -44.862  -3.692  44.556 0.4444440007
69533  -46.046  -3.048  44.223 0.5555559993
69535  -45.605  -3.677  43.959 0.6666669846
69536  -46.309  -3.613  43.587 0.6666669846
125746  -47.032  -3.504  43.247 0.6666669846
125454  -48.928  -3.910  42.113 0.7777780294
68605  -50.270  -4.340  41.532 0.7777780294
67659  -52.372  -5.454  40.456 0.4444440007
67660  -53.097  -5.604  39.990 0.4444440007
69547  -50.832  -3.682  41.231 0.7777780294
68618  -51.871  -4.580  40.516 0.4444440007
69529  -45.206  -2.994  45.276 0.4444440007
70485  -45.839  -2.631  44.996 0.5555559993
70491  -46.723  -2.892  43.875 0.5555559993
70492  -47.451  -2.695  43.559 0.5555559993
137857  -47.767  -3.354  42.873 0.6666669846
69541  -50.335  -3.107  41.643 0.7777780294
69548  -51.458  -3.597  40.823 0.7777780294
69557  -52.227  -3.418  40.383 0.4444440007
68619  -52.699  -4.450  39.966 0.4444440007
69571  -53.404  -3.749  39.527 0.4444440007
69524  -45.910  -2.829  46.925 0.3333329856
69523  -45.128  -3.010  46.257 0.4444440007
123559  -46.613  -2.418  46.494 0.4444440007
70481  -46.459  -2.269  45.517 0.3333329856
69549  -51.983  -2.541  40.900 0.5555559993
69558  -52.981  -2.986  39.995 0.5555559993
70510  -51.171  -2.610  41.378 0.7777780294
70519  -53.534  -1.951  40.476 0.6666669846
70529  -53.730  -2.566  39.827 0.5555559993
70512  -53.393  -1.541  41.085 0.6666669846
70520  -54.154  -1.632  40.305 0.5555559993
71521  -54.727  -1.245  40.012 0.5555559993
72502  -55.407  -0.417  39.970 0.4444440007
74367  -55.463  0.980  39.985 0.2222220004
140608  -54.841  1.784  40.167 0.3333329856
139572  -51.893  -1.940  41.438 0.7777780294
70511  -52.623  -1.764  41.251 0.6666669846
71507  -54.002  -1.260  40.903 0.3333329856
71499  -54.398  -0.711  41.273 0.3333329856
71508  -54.537  -0.961  40.667 0.5555559993
71509  -55.042  -0.659  40.337 0.3333329856
123297  -55.293  -0.258  40.691 0.3333329856
72493  -55.454  0.165  41.062 0.3333329856
74358  -55.584  1.085  41.107 0.2222220004
72503  -55.513  -0.082  40.380 0.3333329856
74357  -55.491  1.458  40.794 0.2222220004
134411  -54.974  2.300  40.589 0.2222220004
75206  -54.339  2.638  40.776 0.1111110002
73487  -55.615  0.288  40.019 0.3333329856
74368  -55.553  0.847  40.564 0.2222220004
74356  -55.270  1.684  40.442 0.2222220004
74355  -53.825  1.886  40.448 0.1111110002
75205  -53.421  2.687  40.945 0.1111110002
136672  -52.725  3.134  41.259 0.1111110002
74365  -54.260  1.366  39.726 0.3333329856
132077  -52.848  1.970  40.740 0.1111110002
74345  -51.421  2.168  41.220 0.1111110002
120040  -50.499  1.956  41.325 0.1111110002
75193  -48.964  2.581  41.585 0.1111110002
74342  -47.683  1.991  41.123 0.1111110002
71500  -54.902  -0.476  41.039 0.3333329856
141855  -55.526  0.679  41.286 0.2222220004
74346  -55.544  1.805  41.415 0.2222220004
76121  -54.692  3.557  41.475 0.1111110002
77959  -54.245  5.301  41.567 0.1111110002
75207  -54.998  2.924  41.068 0.1111110002
76120  -54.303  3.284  41.076 0.1111110002
76119  -53.527  3.606  41.235 0.1111110002
77958  -54.081  4.931  41.359 0.1111110002
75196  -52.579  3.957  41.407 0.1111110002
77944  -52.828  5.457  41.266 0.1111110002
78835  -52.759  6.200  41.074 0.1111110002
76108  -50.601  3.434  41.588 0.1111110002
77942  -51.066  5.216  41.457 0.1111110002
77943  -51.947  5.687  41.348 0.1111110002
119550  -49.975  2.620  41.549 0.1111110002
76107  -49.442  3.334  41.673 0.1111110002
140181  -50.444  5.650  41.421 0.1111110002
79755  -50.991  8.151  40.696 0.1111110002
75191  -47.530  2.710  41.054 0.1111110002
77940  -48.664  5.315  41.279 0.1111110002
78832  -49.600  6.561  41.166 0.1111110002
77013  -47.751  4.078  41.190 0.1111110002
119154  -55.237  3.301  42.023 0.1111110002
76110  -54.799  3.782  41.831 0.1111110002
125973  -54.019  5.942  41.134 0.1111110002
78855  -53.575  6.704  40.842 0.1111110002
78854  -52.723  6.881  40.811 0.1111110002
79737  -50.099  7.274  41.052 0.1111110002
78852  -48.562  6.604  40.543 0.1111110002
141793  -46.674  -9.692  47.118 0.4444440007
63769  -46.067  -9.908  47.104 0.4444440007
62827  -45.480  -10.459  47.481 0.4444440007
62826  -44.642  -10.517  47.309 0.6666669846
62810  -44.990  -10.996  47.893 0.6666669846
39788  -16.708  -34.323  68.710 0.3333329856
39790  -18.287  -34.259  68.410 0.3333329856
45238  -27.017  -28.418  61.618 0.7777780294
48329  -30.851  -24.952  60.784 0.2222220004
51029  -30.791  -22.826  62.105 0.2222220004
54946  -30.271  -18.629  63.899 0.2222220004
55989  -29.795  -18.286  63.504 0.2222220004
60019  -35.763  -13.110  52.884 0.3333329856
59237  -43.217  -15.153  49.804 0.6666669846
64733  -42.685  -9.013  45.922 0.7777780294
134179  -35.765  -13.184  52.215 0.4444440007
60037  -36.636  -12.874  53.075 0.4444440007
141087  -38.169  -12.574  54.208 0.3333329856
69522  -44.480  -3.506  46.528 0.4444440007
69528  -44.535  -3.432  45.536 0.4444440007
68587  -45.258  -4.393  43.916 0.7777780294
67629  -45.867  -5.078  43.621 0.7777780294
67630  -46.709  -5.331  43.394 0.6666669846
33869  0.357  -40.363  75.792 0.1111110002
39808  -18.895  -34.351  67.084 0.5555559993
43361  -25.091  -30.606  62.118 0.7777780294
50139  -30.797  -23.273  61.855 0.2222220004
53905  -30.958  -19.665  64.355 0.2222220004
56174  -41.800  -17.350  50.721 0.5555559993
61786  -35.332  -10.574  55.933 0.3333329856
121797  0.433  -40.022  76.492 0.1111110002
34742  0.225  -39.746  75.700 0.1111110002
143374  -0.235  -39.129  74.159 0.1111110002
124864  -0.381  -38.759  73.762 0.1111110002
33851  -1.518  -39.939  77.987 0.3333329856
35747  -0.191  -38.832  74.544 0.1111110002
130110  -0.327  -38.215  73.892 0.1111110002
44245  -27.393  -30.145  64.691 0.6666669846
45223  -26.287  -28.672  62.498 0.7777780294
45224  -26.783  -28.671  62.404 0.7777780294
42474  -25.576  -31.177  63.580 0.6666669846
44282  -25.583  -29.639  62.418 0.7777780294
45236  -25.891  -28.442  62.131 0.7777780294
50140  -31.262  -22.848  62.933 0.2222220004
51955  -31.941  -21.375  64.471 0.1111110002
53889  -32.701  -20.047  66.081 0.1111110002
52016  -36.090  -21.701  59.605 0.4444440007
54086  -38.477  -19.870  52.479 0.5555559993
54930  -31.300  -18.918  64.987 0.2222220004
55135  -39.366  -18.706  51.161 0.6666669846
55117  -40.584  -19.074  51.892 0.5555559993
56154  -41.449  -17.914  50.958 0.5555559993
57040  -30.442  -17.328  65.905 0.1111110002
57046  -29.513  -16.681  64.795 0.1111110002
57066  -29.663  -17.456  63.794 0.1111110002
57065  -29.277  -17.056  63.381 0.1111110002
123556  -42.986  -13.877  49.335 0.6666669846
136262  -42.448  -13.755  49.164 0.7777780294
61787  -36.553  -10.977  56.051 0.2222220004
60905  -36.709  -12.586  54.538 0.2222220004
59986  -37.634  -12.532  54.807 0.2222220004
60004  -36.296  -12.836  53.695 0.3333329856
60006  -37.882  -12.588  54.514 0.3333329856
60021  -37.544  -12.759  53.904 0.3333329856
60069  -44.170  -13.292  49.568 0.4444440007
60976  -41.418  -12.623  48.484 0.7777780294
61767  -36.920  -10.564  56.676 0.1111110002
61805  -35.780  -11.235  55.429 0.2222220004
129275  -47.288  -9.490  47.187 0.3333329856
133716  -36.424  -9.950  57.101 0.1111110002
61891  -45.309  -11.366  48.542 0.5555559993
60977  -43.210  -12.455  48.581 0.7777780294
142737  -34.426  -9.700  57.158 0.1111110002
61889  -43.475  -11.661  48.118 0.7777780294
62825  -43.234  -10.985  47.471 0.7777780294
63779  -42.829  -9.778  46.380 0.7777780294
68592  -46.684  -4.162  43.210 0.7777780294
123591  -51.453  -5.886  41.342 0.4444440007
140922  -52.433  -6.574  41.475 0.3333329856
67644  -51.750  -5.405  40.826 0.4444440007
69540  -49.634  -3.603  41.868 0.7777780294
69532  -45.477  -3.174  44.556 0.6666669846
70487  -47.203  -2.200  44.367 0.5555559993
70499  -48.529  -3.188  42.548 0.6666669846
140053  -49.174  -3.088  42.258 0.6666669846
70475  -45.791  -2.572  45.924 0.4444440007
70486  -46.504  -2.441  44.656 0.5555559993
70493  -48.237  -2.479  43.243 0.5555559993
70500  -49.792  -2.581  42.220 0.7777780294
69517  -45.254  -3.423  47.204 0.3333329856
68565  -46.131  -3.429  47.812 0.2222220004
70482  -47.248  -2.017  45.939 0.4444440007
70518  -52.792  -2.307  40.644 0.6666669846
73476  -55.547  0.450  40.763 0.3333329856
75208  -55.356  2.297  41.102 0.2222220004
75204  -52.364  2.433  41.088 0.1111110002
75195  -51.716  3.075  41.403 0.1111110002
75194  -50.848  2.638  41.430 0.1111110002
139654  -48.638  3.242  41.612 0.1111110002
74343  -48.448  1.764  41.319 0.1111110002
76106  -48.143  3.652  41.494 0.1111110002
76122  -55.184  3.096  41.555 0.1111110002
77032  -54.396  4.339  41.637 0.1111110002
77031  -54.190  4.043  41.351 0.1111110002
77030  -53.586  4.469  41.308 0.1111110002
77018  -52.936  4.803  41.358 0.1111110002
77017  -51.986  4.775  41.433 0.1111110002
125753  -53.606  5.296  41.229 0.1111110002
77016  -50.850  4.406  41.554 0.1111110002
119349  -49.796  4.164  41.674 0.1111110002
76109  -51.539  3.905  41.514 0.1111110002
139963  -51.148  5.912  41.392 0.1111110002
119214  -50.129  4.999  41.539 0.1111110002
78834  -51.751  6.546  41.200 0.1111110002
77015  -49.156  4.790  41.571 0.1111110002
79738  -51.019  7.212  41.138 0.1111110002
78833  -50.474  6.429  41.305 0.1111110002
77941  -49.573  5.727  41.360 0.1111110002
77029  -47.516  4.432  40.548 0.1111110002
78831  -48.929  6.202  41.114 0.1111110002
77014  -48.368  4.456  41.409 0.1111110002
77005  -54.751  3.928  42.199 0.1111110002
78856  -54.130  6.925  41.059 0.1111110002
139571  -53.911  7.386  40.884 0.1111110002
63755  -46.756  -10.020  47.562 0.3333329856
62811  -45.797  -10.827  48.102 0.3333329856
31188  -3.722  -43.946  79.628 0.1111110002
30273  -2.737  -44.664  79.235 0.2222220004
122855  -3.406  -44.332  78.727 0.1111110002
29372  0.950  -46.254  79.512 0.1111110002
29374  0.010  -45.530  80.088 0.2222220004
31189  -4.460  -43.504  79.511 0.1111110002
121882  -4.135  -43.853  78.802 0.3333329856
30278  0.742  -45.262  78.506 0.1111110002
29383  0.358  -45.401  79.360 0.2222220004
31190  -4.862  -43.323  78.962 0.1111110002
32140  -6.276  -42.204  79.488 0.1111110002
31199  -5.317  -43.073  78.334 0.3333329856
32149  -5.669  -42.857  77.759 0.3333329856
33006  -6.834  -41.829  78.955 0.1111110002
33002  -7.390  -41.281  79.364 0.1111110002
32155  -5.545  -42.916  76.991 0.6666669846
32150  -6.221  -42.438  77.503 0.2222220004
33007  -7.387  -41.381  78.508 0.1111110002
33012  -6.824  -41.927  78.043 0.2222220004
33013  -7.370  -41.416  77.660 0.2222220004
33020  -6.754  -41.821  76.126 0.3333329856
33028  -6.416  -41.886  75.307 0.4444440007
33859  -7.868  -40.832  77.346 0.1111110002
33866  -7.911  -40.809  76.442 0.2222220004
33021  -7.414  -41.296  76.040 0.2222220004
37753  -11.071  -36.979  76.132 0.1111110002
37767  -12.359  -36.290  75.015 0.1111110002
38714  -12.922  -35.953  74.473 0.1111110002
35762  -9.793  -38.904  73.838 0.4444440007
118694  -12.165  -35.782  76.716 0.1111110002
38697  -12.278  -36.031  75.862 0.1111110002
129573  -11.743  -36.618  75.548 0.1111110002
38722  -12.914  -36.142  73.770 0.2222220004
121048  -13.522  -35.627  73.845 0.1111110002
36767  -11.254  -37.234  75.177 0.1111110002
36779  -10.764  -37.796  74.741 0.2222220004
36780  -11.325  -37.371  74.301 0.2222220004
37776  -11.874  -36.949  73.811 0.2222220004
37777  -12.418  -36.480  74.192 0.2222220004
38723  -14.026  -35.372  73.034 0.1111110002
36792  -11.342  -37.460  73.458 0.3333329856
37789  -11.857  -37.029  72.856 0.3333329856
129581  -12.586  -36.597  72.507 0.2222220004
37803  -13.118  -36.237  72.005 0.2222220004
36809  -11.501  -37.418  72.114 0.3333329856
36810  -12.088  -36.951  71.983 0.2222220004
36826  -11.804  -37.397  71.342 0.3333329856
37812  -12.972  -36.493  71.208 0.2222220004
36840  -11.435  -37.708  70.569 0.5555559993
36841  -12.100  -37.315  70.669 0.3333329856
37820  -12.694  -36.885  70.343 0.2222220004
37821  -13.378  -36.228  70.511 0.2222220004
37830  -12.476  -36.857  69.361 0.3333329856
37831  -13.197  -36.422  69.610 0.2222220004
140289  -13.992  -35.698  70.676 0.2222220004
37842  -12.934  -36.460  68.719 0.4444440007
38760  -13.848  -35.902  69.885 0.3333329856
38761  -14.414  -35.482  69.466 0.3333329856
38772  -13.723  -35.987  68.883 0.4444440007
35702  -0.337  -38.810  78.503 0.1111110002
35704  -1.730  -38.569  78.176 0.1111110002
39770  -15.736  -34.539  69.733 0.2222220004
140861  -16.234  -34.161  70.240 0.2222220004
128742  -13.292  -36.182  68.134 0.5555559993
38762  -15.093  -35.006  69.174 0.2222220004
39787  -15.839  -34.606  68.757 0.2222220004
39726  -20.503  -34.929  72.352 0.1111110002
39771  -16.534  -34.216  69.503 0.2222220004
39725  -19.827  -34.794  71.988 0.1111110002
39744  -19.779  -34.787  71.040 0.1111110002
39758  -17.543  -34.088  70.438 0.2222220004
119552  -18.327  -34.336  70.146 0.2222220004
39709  -23.133  -35.080  73.712 0.1111110002
39708  -22.176  -35.192  73.731 0.1111110002
120477  -21.730  -35.053  72.957 0.1111110002
39727  -21.242  -35.011  72.263 0.1111110002
119409  -20.663  -34.942  71.595 0.1111110002
140994  -17.028  -34.184  69.159 0.2222220004
39772  -17.404  -34.129  69.645 0.2222220004
119400  -19.287  -34.621  70.216 0.1111110002
39773  -18.224  -34.258  69.241 0.2222220004
135685  -18.891  -34.453  69.595 0.2222220004
120473  -19.015  -34.377  68.891 0.2222220004
39691  -24.477  -35.209  74.529 0.1111110002
39710  -24.076  -35.025  73.743 0.1111110002
39690  -23.560  -35.209  74.501 0.1111110002
119225  -20.179  -34.782  70.204 0.1111110002
39774  -19.644  -34.615  69.481 0.3333329856
126686  -19.148  -34.441  67.935 0.3333329856
120476  -22.663  -35.046  72.922 0.1111110002
39728  -22.166  -35.008  72.113 0.1111110002
143828  -22.131  -34.973  71.395 0.1111110002
133008  -27.798  -33.186  70.967 0.1111110002
41534  -28.470  -32.674  70.420 0.1111110002
120518  -33.355  -29.834  65.857 0.2222220004
119408  -21.515  -34.996  71.563 0.1111110002
41533  -27.729  -32.757  70.084 0.1111110002
138306  -32.621  -30.128  65.614 0.2222220004
138637  -21.136  -34.964  71.054 0.1111110002
41546  -28.444  -32.286  69.651 0.1111110002
42405  -28.284  -31.851  68.959 0.1111110002
42422  -29.333  -31.356  68.666 0.2222220004
43295  -29.370  -30.905  67.413 0.2222220004
43313  -29.658  -30.870  66.746 0.2222220004
44210  -30.935  -30.854  65.904 0.3333329856
120166  -31.920  -30.571  65.816 0.2222220004
44229  -32.150  -30.093  65.087 0.3333329856
42421  -28.577  -31.400  68.501 0.2222220004
43279  -28.938  -31.026  68.025 0.2222220004
124331  -28.992  -30.762  66.912 0.2222220004
44209  -29.919  -30.868  66.002 0.2222220004
44228  -31.300  -30.472  65.127 0.3333329856
125407  -28.638  -30.922  67.327 0.2222220004
44208  -29.085  -30.789  66.285 0.2222220004
44226  -29.285  -30.696  65.400 0.3333329856
120475  -23.693  -34.946  72.864 0.1111110002
39731  -25.102  -34.811  72.532 0.1111110002
138284  -23.829  -34.865  72.110 0.1111110002
39746  -25.194  -34.612  71.823 0.1111110002
39747  -26.017  -34.387  71.805 0.1111110002
40699  -26.562  -33.991  71.445 0.1111110002
39729  -23.116  -34.916  72.179 0.1111110002
39730  -24.452  -34.827  72.331 0.1111110002
119402  -23.262  -34.819  70.879 0.1111110002
39745  -24.336  -34.764  71.618 0.1111110002
40710  -26.507  -33.798  70.726 0.1111110002
118896  -32.953  -29.770  65.052 0.2222220004
43292  -12.518  -29.699  67.525 0.1111110002
39775  -20.624  -34.749  69.320 0.3333329856
119844  -21.141  -34.865  70.295 0.2222220004
137593  -22.480  -34.892  70.858 0.1111110002
40721  -27.028  -32.943  69.717 0.1111110002
41544  -26.908  -32.708  69.015 0.1111110002
119465  -19.862  -34.609  68.664 0.3333329856
137555  -20.595  -34.726  68.471 0.3333329856
125080  -21.320  -34.747  68.641 0.3333329856
41545  -27.636  -32.332  69.204 0.1111110002
133429  -27.581  -31.376  67.578 0.2222220004
44227  -30.325  -30.704  65.223 0.3333329856
44249  -32.456  -29.712  64.399 0.2222220004
39791  -20.147  -34.702  67.845 0.4444440007
39792  -21.033  -34.727  67.840 0.4444440007
43294  -27.987  -31.048  67.081 0.2222220004
39810  -20.608  -34.691  67.074 0.5555559993
119401  -24.065  -34.771  70.920 0.1111110002
119654  -24.886  -34.611  70.995 0.1111110002
126356  -26.482  -33.574  70.019 0.1111110002
136167  -12.929  -29.018  67.161 0.2222220004
39759  -23.710  -34.779  70.227 0.2222220004
40709  -25.327  -34.427  70.292 0.1111110002
40720  -26.441  -33.343  69.296 0.1111110002
41558  -27.227  -32.203  68.619 0.1111110002
39777  -22.508  -34.787  69.503 0.2222220004
40719  -25.747  -33.997  69.568 0.1111110002
138496  -26.432  -33.108  68.689 0.1111110002
41557  -26.733  -32.586  68.350 0.1111110002
42420  -27.798  -31.684  68.403 0.2222220004
44247  -30.701  -30.247  64.427 0.3333329856
44248  -31.655  -30.008  64.473 0.2222220004
126573  -21.911  -34.668  67.963 0.4444440007
40731  -26.113  -33.237  67.998 0.2222220004
42419  -27.099  -31.915  68.021 0.2222220004
42442  -27.358  -31.155  66.795 0.2222220004
43312  -28.364  -30.811  66.584 0.2222220004
44225  -28.414  -30.662  65.806 0.2222220004
143236  -29.136  -30.474  64.793 0.4444440007
44269  -31.308  -29.861  63.777 0.4444440007
41566  -25.998  -33.061  67.106 0.2222220004
42440  -26.148  -32.079  65.943 0.4444440007
42441  -26.758  -31.441  66.449 0.2222220004
43310  -27.057  -30.872  66.061 0.3333329856
44224  -26.984  -30.299  65.085 0.4444440007
137450  -28.409  -30.400  64.928 0.4444440007
124818  -29.094  -30.156  64.226 0.4444440007
132333  -31.058  -29.643  62.967 0.4444440007
39850  -20.660  -34.375  65.503 0.5555559993
43329  -26.761  -30.570  65.369 0.4444440007
135751  -28.045  -30.022  64.121 0.5555559993
44266  -28.639  -29.852  63.462 0.4444440007
44268  -30.474  -29.899  63.620 0.4444440007
127141  -29.091  -29.678  62.593 0.5555559993
44285  -29.829  -29.557  61.848 0.4444440007
140122  -27.702  -29.606  63.456 0.5555559993
141753  -28.211  -29.547  62.895 0.5555559993
44200  -13.630  -28.723  66.469 0.2222220004
39778  -23.339  -34.758  69.531 0.2222220004
39760  -24.531  -34.680  70.256 0.1111110002
126629  -22.988  -34.722  68.808 0.2222220004
138323  -24.461  -34.543  69.000 0.2222220004
39811  -21.628  -34.524  67.045 0.4444440007
39815  -24.900  -34.222  67.833 0.2222220004
39833  -21.031  -34.547  66.315 0.5555559993
40741  -25.431  -33.717  67.417 0.2222220004
41575  -25.911  -32.827  66.410 0.3333329856
119789  -25.672  -32.384  65.134 0.4444440007
43328  -26.213  -30.715  64.984 0.4444440007
44244  -26.503  -30.236  64.750 0.4444440007
139013  -26.243  -30.252  64.499 0.4444440007
48287  -36.928  -25.541  63.231 0.1111110002
39779  -24.133  -34.686  69.570 0.2222220004
127522  -23.791  -34.657  68.870 0.2222220004
39795  -24.335  -34.495  68.312 0.2222220004
39812  -22.697  -34.559  67.330 0.2222220004
39813  -23.557  -34.514  67.197 0.2222220004
39835  -24.041  -34.343  66.713 0.3333329856
39834  -22.379  -34.375  66.431 0.4444440007
40748  -23.869  -34.041  65.823 0.3333329856
40767  -24.785  -33.614  65.697 0.4444440007
41585  -25.079  -33.134  64.982 0.4444440007
40785  -23.789  -33.423  64.343 0.5555559993
126537  -24.540  -33.007  64.198 0.4444440007
42463  -25.731  -31.617  64.512 0.4444440007
43339  -25.980  -30.683  64.362 0.4444440007
136648  -24.371  -32.669  63.295 0.5555559993
42473  -24.907  -31.949  62.892 0.4444440007
49277  -36.181  -24.061  60.881 0.1111110002
119439  -36.448  -23.111  60.590 0.1111110002
50147  -35.899  -23.770  60.103 0.1111110002
49285  -35.427  -24.241  59.575 0.2222220004
141011  -35.647  -23.567  59.426 0.3333329856
50165  -34.880  -22.867  57.309 0.6666669846
51987  -36.995  -21.801  61.146 0.1111110002
143711  -36.693  -22.269  60.687 0.1111110002
50154  -36.021  -23.035  59.744 0.3333329856
51062  -35.991  -22.392  59.433 0.4444440007
128324  -37.964  -20.933  62.138 0.1111110002
51973  -38.275  -21.326  62.588 0.1111110002
51988  -37.496  -21.345  61.623 0.1111110002
51031  -37.403  -22.140  61.739 0.1111110002
52995  -36.973  -20.944  61.072 0.1111110002
52000  -36.550  -21.479  60.407 0.1111110002
53016  -35.043  -19.888  58.618 0.5555559993
53017  -35.493  -20.142  59.290 0.4444440007
53953  -34.325  -19.239  58.439 0.5555559993
52967  -39.023  -20.463  63.280 0.1111110002
140274  -38.515  -20.654  62.647 0.1111110002
52996  -37.510  -20.491  61.590 0.1111110002
53008  -36.476  -20.458  60.479 0.1111110002
53945  -35.432  -19.333  59.648 0.4444440007
53007  -35.884  -19.882  60.015 0.3333329856
53944  -35.079  -19.226  59.023 0.4444440007
54062  -37.126  -20.200  53.569 0.3333329856
54019  -40.463  -19.668  55.427 0.2222220004
54020  -41.435  -19.504  55.167 0.2222220004
54021  -41.998  -19.277  54.586 0.2222220004
54042  -38.176  -20.090  54.634 0.3333329856
54043  -39.048  -19.923  54.740 0.2222220004
135025  -40.723  -19.629  54.543 0.2222220004
128439  -37.910  -20.218  53.822 0.3333329856
142551  -40.202  -19.715  54.019 0.2222220004
54066  -40.809  -19.543  53.656 0.3333329856
54063  -37.746  -20.163  53.006 0.3333329856
55068  -43.436  -18.912  55.746 0.2222220004
55086  -44.077  -18.604  55.080 0.1111110002
55083  -42.013  -19.115  53.960 0.2222220004
55084  -42.608  -18.968  54.288 0.2222220004
55103  -43.184  -18.529  53.838 0.1111110002
54064  -39.097  -19.983  53.185 0.3333329856
55100  -40.777  -19.358  52.742 0.2222220004
55102  -42.462  -18.734  53.457 0.2222220004
56107  -43.879  -18.332  54.235 0.1111110002
54087  -39.443  -19.689  52.413 0.3333329856
55119  -42.184  -18.512  52.573 0.2222220004
55118  -41.359  -18.847  52.217 0.3333329856
56108  -44.585  -17.980  54.670 0.1111110002
56120  -44.209  -17.656  53.764 0.1111110002
57183  -44.906  -17.102  54.023 0.1111110002
56119  -43.613  -17.996  53.531 0.1111110002
56134  -43.767  -17.391  52.912 0.1111110002
57205  -43.668  -16.978  51.980 0.1111110002
57206  -44.340  -16.687  52.530 0.1111110002
56132  -42.612  -17.921  52.004 0.4444440007
56155  -42.219  -17.618  51.254 0.4444440007
56156  -42.970  -17.289  51.517 0.1111110002
57195  -45.383  -16.424  53.906 0.1111110002
136559  -44.429  -17.020  53.286 0.1111110002
136519  -45.319  -15.671  52.825 0.1111110002
58227  -44.869  -16.016  52.235 0.1111110002
57221  -43.500  -16.683  51.036 0.1111110002
57220  -42.516  -16.921  50.692 0.4444440007
57222  -44.226  -16.367  51.609 0.1111110002
59205  -45.844  -15.115  53.033 0.1111110002
58238  -44.613  -15.595  51.397 0.1111110002
58228  -45.262  -15.071  52.132 0.1111110002
58237  -43.997  -15.979  50.765 0.2222220004
59228  -44.866  -14.737  51.176 0.2222220004
59240  -45.172  -13.837  50.867 0.1111110002
58248  -44.286  -15.213  50.617 0.2222220004
59239  -44.480  -14.407  50.386 0.2222220004
60056  -44.629  -13.625  50.067 0.2222220004
60956  -45.218  -13.087  50.280 0.2222220004
60944  -45.778  -13.125  50.955 0.2222220004
60055  -44.007  -14.039  49.808 0.3333329856
133339  -45.805  -12.547  50.433 0.2222220004
60955  -44.731  -13.005  49.762 0.3333329856
59989  -39.329  -12.272  55.440 0.1111110002
60971  -45.231  -12.401  49.704 0.2222220004
61866  -46.006  -11.929  50.003 0.2222220004
123981  -43.684  -12.860  49.134 0.4444440007
60978  -44.024  -12.201  48.723 0.3333329856
61876  -44.848  -11.977  48.962 0.3333329856
61877  -45.632  -11.668  49.263 0.3333329856
65719  -48.711  -7.272  44.834 0.4444440007
65717  -47.191  -7.115  44.535 0.4444440007
119069  -48.360  -6.958  44.008 0.4444440007
66700  -48.115  -6.391  43.432 0.4444440007
66701  -49.011  -6.694  43.449 0.4444440007
67632  -47.914  -5.728  43.082 0.4444440007
66709  -49.554  -6.309  42.712 0.4444440007
66708  -48.659  -6.043  42.901 0.4444440007
124494  -49.082  -5.646  42.419 0.4444440007
66710  -50.263  -6.220  42.298 0.4444440007
67636  -48.362  -5.357  42.642 0.4444440007
70483  -48.201  -1.929  46.324 0.3333329856
71469  -47.808  -1.693  45.139 0.4444440007
70488  -47.948  -1.921  44.068 0.4444440007
70494  -49.139  -2.236  42.891 0.5555559993
70501  -50.569  -2.037  42.063 0.6666669846
71471  -49.254  -1.269  44.689 0.2222220004
71477  -49.624  -1.405  43.770 0.3333329856
70495  -50.066  -1.670  42.865 0.4444440007
71486  -50.936  -1.269  42.747 0.3333329856
71487  -51.822  -0.947  42.527 0.4444440007
70502  -51.419  -1.600  41.953 0.5555559993
71497  -53.159  -1.166  41.649 0.4444440007
36765  -10.067  -38.177  76.009 0.2222220004
124839  -9.862  -38.807  74.639 0.2222220004
36750  -9.939  -37.953  76.859 0.1111110002
36766  -10.653  -37.678  75.608 0.2222220004
29373  0.791  -45.872  79.806 0.2222220004
30262  -2.229  -44.711  80.201 0.1111110002
30271  -1.122  -45.133  80.345 0.1111110002
29389  0.782  -45.370  77.842 0.2222220004
123697  -6.797  -41.896  77.123 0.2222220004
33873  -8.441  -40.457  75.183 0.2222220004
34738  -9.105  -39.550  76.368 0.1111110002
126757  -8.499  -40.325  75.970 0.2222220004
36791  -10.789  -37.854  73.885 0.4444440007
35763  -10.297  -38.336  74.285 0.3333329856
36855  -12.006  -37.355  69.926 0.5555559993
37850  -12.652  -36.338  67.936 0.5555559993
39789  -17.476  -34.215  68.760 0.2222220004
135488  -32.003  -29.698  63.885 0.2222220004
44299  -29.565  -29.408  60.947 0.6666669846
39852  -22.038  -34.149  65.735 0.5555559993
40784  -23.117  -33.416  64.066 0.4444440007
128786  -23.314  -33.765  64.913 0.4444440007
123435  -23.562  -32.831  63.009 0.5555559993
43275  -11.852  -30.097  68.221 0.3333329856
143343  -35.272  -20.586  58.585 0.5555559993
53952  -33.584  -19.091  57.880 0.7777780294
56078  -33.995  -17.872  57.247 0.4444440007
65718  -47.905  -7.253  44.571 0.4444440007
64752  -48.224  -7.577  45.284 0.4444440007
141667  -15.104  -35.040  68.396 0.3333329856
39832  -20.167  -34.630  66.288 0.5555559993
127328  -21.704  -34.380  66.270 0.5555559993
39853  -22.907  -34.188  65.706 0.4444440007
120849  -28.920  -29.466  61.550 0.6666669846
50153  -35.604  -22.947  58.873 0.3333329856
51063  -36.342  -22.326  60.076 0.3333329856
133550  -36.987  -20.113  52.765 0.3333329856
61890  -44.476  -11.559  48.325 0.5555559993
67638  -50.151  -5.640  41.966 0.4444440007
68598  -48.091  -4.710  42.562 0.6666669846
70503  -52.282  -1.322  41.817 0.3333329856
39809  -19.680  -34.672  67.067 0.5555559993
119681  -27.641  -30.484  65.411 0.3333329856
136021  -38.389  -20.114  53.282 0.3333329856
139895  -46.996  -1.988  45.105 0.4444440007
71476  -48.785  -1.720  43.838 0.4444440007
28447  0.844  -46.496  78.885 0.1111110002
29363  0.990  -46.591  80.193 0.1111110002
29365  -0.165  -45.504  80.948 0.2222220004
29381  0.832  -45.960  78.318 0.2222220004
32139  -5.573  -42.772  79.212 0.2222220004
32143  -6.133  -42.463  78.479 0.1111110002
33860  -8.483  -40.161  77.014 0.2222220004
37766  -11.821  -36.813  74.677 0.1111110002
38731  -13.188  -36.022  72.961 0.2222220004
37790  -12.497  -36.566  73.362 0.2222220004
141057  -12.636  -36.647  71.794 0.2222220004
36827  -12.393  -36.958  71.228 0.2222220004
38773  -14.494  -35.485  68.569 0.2222220004
119405  -18.903  -34.536  70.813 0.2222220004
120474  -24.627  -34.944  73.054 0.1111110002
119407  -22.789  -34.895  71.499 0.1111110002
119403  -21.742  -34.955  70.907 0.2222220004
40711  -27.095  -33.278  70.448 0.1111110002
118735  -27.067  -33.601  71.055 0.1111110002
42432  -28.247  -31.155  67.845 0.2222220004
44246  -29.759  -30.470  64.675 0.4444440007
40687  -26.693  -34.292  72.295 0.1111110002
125721  -25.783  -34.250  71.066 0.1111110002
120497  -22.892  -34.817  70.210 0.1111110002
142492  -25.967  -34.002  70.341 0.1111110002
39776  -21.631  -34.791  69.462 0.2222220004
126630  -22.159  -34.721  68.764 0.2222220004
43311  -27.647  -30.865  66.361 0.2222220004
139944  -27.823  -30.705  66.014 0.2222220004
41567  -26.574  -32.460  67.603 0.2222220004
40730  -25.897  -33.645  68.736 0.2222220004
39796  -25.125  -34.260  68.720 0.2222220004
126628  -29.946  -30.110  64.105 0.4444440007
39793  -22.642  -34.659  68.174 0.3333329856
129556  -25.487  -33.857  68.126 0.2222220004
41576  -26.426  -32.284  66.797 0.2222220004
42453  -26.458  -31.081  65.711 0.3333329856
43330  -27.278  -30.611  65.720 0.3333329856
40750  -25.311  -33.530  66.511 0.4444440007
42452  -26.002  -31.518  65.304 0.4444440007
44267  -29.588  -29.893  63.485 0.4444440007
126572  -30.149  -29.704  62.791 0.4444440007
40740  -24.724  -34.071  67.048 0.2222220004
39814  -24.191  -34.439  67.501 0.2222220004
40749  -24.529  -33.943  66.356 0.3333329856
41596  -25.290  -32.550  64.475 0.4444440007
121392  -23.274  -34.422  66.507 0.3333329856
40766  -24.256  -33.572  64.965 0.4444440007
40800  -23.742  -33.109  63.721 0.5555559993
41613  -25.149  -32.254  63.766 0.4444440007
128581  -36.927  -20.016  61.070 0.2222220004
137819  -34.524  -18.543  58.919 0.4444440007
54044  -39.908  -19.752  54.735 0.2222220004
55067  -41.861  -19.369  56.003 0.2222220004
54045  -41.440  -19.421  54.201 0.2222220004
54018  -39.483  -19.740  55.651 0.1111110002
135102  -39.503  -19.890  53.963 0.3333329856
54065  -40.031  -19.792  53.165 0.3333329856
54088  -40.150  -19.489  52.367 0.3333329856
55085  -43.324  -18.852  54.740 0.1111110002
55101  -41.591  -19.101  53.251 0.3333329856
56118  -43.008  -18.081  52.939 0.1111110002
56133  -43.225  -17.546  52.255 0.1111110002
57194  -44.990  -16.387  53.180 0.1111110002
60970  -44.448  -12.624  49.303 0.3333329856
66686  -49.077  -7.082  44.326 0.4444440007
136151  -49.705  -5.839  42.261 0.4444440007
71470  -48.536  -1.530  44.645 0.3333329856
71478  -50.466  -0.924  43.767 0.2222220004
71479  -51.405  -0.694  43.398 0.3333329856
34745  -9.615  -38.981  75.490 0.1111110002
35750  -10.230  -38.306  75.141 0.2222220004
29395  0.444  -45.675  76.998 0.1111110002
30304  0.392  -44.196  76.207 0.1111110002
31233  0.318  -43.322  75.430 0.1111110002
122424  -8.700  -39.738  77.704 0.1111110002
139517  -34.087  -29.938  67.127 0.1111110002
44169  -34.752  -29.904  67.658 0.1111110002
119620  -34.024  -29.679  66.401 0.1111110002
44189  -34.743  -29.563  66.778 0.1111110002
49238  -26.313  -23.573  63.679 0.2222220004
49239  -27.262  -23.651  63.658 0.1111110002
123806  -26.657  -23.743  62.556 0.1111110002
54988  -35.136  -18.596  59.529 0.3333329856
53943  -33.963  -18.587  58.337 0.4444440007
54987  -34.766  -18.031  59.335 0.3333329856
54978  -35.424  -18.051  60.046 0.3333329856
56043  -34.260  -17.758  58.433 0.2222220004
54977  -35.135  -17.582  59.541 0.3333329856
54986  -34.277  -18.106  58.728 0.3333329856
54993  -33.785  -18.148  58.131 0.4444440007
56044  -34.684  -17.438  58.676 0.2222220004
123626  -35.048  -17.282  59.091 0.2222220004
56045  -35.124  -17.315  58.641 0.2222220004
133854  -35.482  -17.168  59.073 0.2222220004
56079  -34.811  -17.969  57.357 0.2222220004
128095  -35.751  -17.324  58.691 0.2222220004
55012  -35.760  -18.319  57.382 0.2222220004
56046  -36.623  -17.648  58.788 0.2222220004
142457  -47.738  -7.859  45.634 0.3333329856
65694  -49.042  -7.478  45.634 0.3333329856
66727  -50.813  -6.025  41.893 0.3333329856
66728  -53.475  -6.662  41.004 0.2222220004
66756  -53.781  -6.345  40.176 0.3333329856
132517  -54.235  -5.509  39.049 0.2222220004
67689  -55.625  -5.297  37.542 0.2222220004
68633  -54.212  -4.523  38.815 0.2222220004
68641  -54.717  -4.493  38.214 0.2222220004
67688  -55.107  -4.765  37.734 0.2222220004
69593  -55.023  -3.971  37.837 0.2222220004
122577  -53.518  -4.880  39.391 0.3333329856
69572  -54.092  -3.334  39.197 0.2222220004
68648  -55.471  -4.380  37.128 0.2222220004
69581  -54.598  -3.656  38.526 0.2222220004
69582  -55.039  -3.015  38.101 0.2222220004
70570  -55.709  -2.940  36.505 0.2222220004
70545  -55.241  -1.995  38.493 0.2222220004
70557  -55.494  -2.298  37.350 0.2222220004
71552  -55.989  -1.843  36.273 0.2222220004
70571  -56.362  -2.652  35.731 0.3333329856
140190  -56.064  -0.849  37.346 0.3333329856
70530  -54.370  -2.091  39.611 0.3333329856
70544  -54.720  -2.617  38.914 0.2222220004
70531  -54.996  -1.600  39.309 0.4444440007
71539  -55.718  -1.382  38.147 0.3333329856
125369  -56.287  -0.401  35.967 0.3333329856
121951  -55.622  -1.105  38.984 0.3333329856
71540  -55.869  -0.640  38.564 0.4444440007
72524  -55.987  -0.160  38.087 0.4444440007
72534  -56.089  0.199  36.862 0.4444440007
73527  -55.842  0.602  36.239 0.3333329856
73513  -55.578  0.515  37.246 0.3333329856
73512  -55.155  0.658  37.644 0.4444440007
71522  -55.146  -1.000  39.688 0.4444440007
71523  -55.629  -0.547  39.275 0.4444440007
129298  -55.782  -0.294  38.938 0.4444440007
73496  -55.503  0.444  38.316 0.4444440007
73514  -55.817  0.256  37.588 0.4444440007
73495  -55.150  0.851  38.636 0.4444440007
134626  -54.636  0.727  38.289 0.4444440007
73486  -55.608  0.408  39.267 0.3333329856
74373  -55.382  0.787  39.146 0.3333329856
134116  -26.088  -23.544  64.721 0.2222220004
56062  -33.868  -17.856  57.742 0.4444440007
55035  -35.401  -18.620  56.558 0.2222220004
55036  -36.359  -18.940  56.687 0.1111110002
67672  -53.770  -5.757  39.597 0.2222220004
72512  -55.593  -0.232  39.666 0.4444440007
74366  -55.110  1.247  39.571 0.3333329856
54017  -38.499  -19.818  55.465 0.2222220004
65707  -49.474  -7.119  45.107 0.3333329856
66687  -49.818  -7.047  44.291 0.3333329856
137441  -50.904  -6.485  42.314 0.3333329856
56063  -34.571  -17.571  58.053 0.2222220004
56028  -34.620  -17.660  59.026 0.2222220004
56064  -35.298  -17.576  58.067 0.2222220004
56065  -36.174  -17.968  58.103 0.2222220004
140482  -53.801  -4.163  39.239 0.2222220004
69594  -55.303  -3.373  37.251 0.2222220004
72546  -56.271  0.604  35.466 0.4444440007
73497  -55.803  0.075  38.629 0.4444440007
73526  -55.464  0.652  36.534 0.3333329856
141673  -55.686  0.137  39.242 0.3333329856
73485  -54.525  1.029  38.964 0.3333329856
34730  -2.583  -38.665  76.812 0.1111110002
43297  -31.415  -30.932  67.450 0.1111110002
43280  -29.832  -31.097  68.098 0.1111110002
43314  -31.102  -30.910  66.676 0.1111110002
45178  -19.108  -27.793  65.594 0.1111110002
47146  -19.325  -26.492  69.745 0.1111110002
127619  -19.332  -26.937  68.949 0.1111110002
44163  -19.650  -27.430  69.007 0.1111110002
45146  -19.119  -27.167  68.108 0.1111110002
44183  -19.489  -27.632  68.167 0.1111110002
45162  -18.990  -27.415  67.312 0.1111110002
44204  -19.805  -27.855  66.799 0.1111110002
44205  -20.284  -27.897  66.551 0.1111110002
118973  -19.700  -27.949  65.550 0.1111110002
44185  -20.499  -28.182  68.011 0.1111110002
119966  -20.517  -27.691  65.903 0.1111110002
48313  -28.844  -25.269  61.484 0.1111110002
141573  -30.944  -23.579  62.907 0.1111110002
50133  -31.862  -22.896  63.783 0.1111110002
119046  -29.951  -25.077  62.041 0.2222220004
48315  -30.309  -25.108  61.521 0.1111110002
49266  -30.827  -23.480  62.260 0.1111110002
53935  -36.276  -19.470  60.599 0.1111110002
54979  -36.029  -18.487  60.696 0.1111110002
53934  -35.676  -18.935  60.112 0.1111110002
53925  -36.718  -19.031  61.178 0.1111110002
48294  -28.187  -24.751  61.890 0.1111110002
56001  -36.580  -17.507  61.170 0.1111110002
54966  -36.007  -17.900  60.683 0.1111110002
56014  -35.668  -17.422  60.102 0.1111110002
56002  -37.141  -17.195  61.610 0.1111110002
57101  -36.788  -16.993  60.983 0.1111110002
56015  -36.255  -17.258  60.571 0.1111110002
57118  -37.290  -16.855  60.645 0.1111110002
57117  -36.649  -16.985  60.400 0.1111110002
57102  -37.347  -16.861  61.310 0.1111110002
57116  -36.162  -17.034  59.966 0.1111110002
56029  -35.575  -17.230  59.521 0.1111110002
122123  -37.924  -16.713  61.282 0.1111110002
57131  -36.861  -16.950  59.946 0.1111110002
120272  -38.725  -16.739  61.183 0.1111110002
57119  -38.151  -16.905  60.609 0.1111110002
56017  -39.120  -17.317  60.490 0.1111110002
57132  -37.590  -17.032  60.036 0.1111110002
56016  -38.518  -17.501  59.937 0.1111110002
56031  -37.092  -17.352  59.459 0.1111110002
60957  -46.370  -12.128  50.717 0.1111110002
62798  -48.337  -10.367  49.805 0.1111110002
128463  -48.197  -10.014  48.958 0.1111110002
62786  -47.086  -11.017  49.915 0.1111110002
62787  -47.795  -10.799  50.201 0.1111110002
129444  -48.962  -9.856  49.554 0.1111110002
63757  -49.099  -9.437  48.756 0.1111110002
64710  -49.637  -8.793  48.241 0.1111110002
62797  -47.622  -10.581  49.463 0.1111110002
61878  -46.390  -11.333  49.579 0.1111110002
64711  -50.406  -8.456  48.469 0.1111110002
65680  -50.817  -7.829  47.937 0.1111110002
65688  -51.067  -7.190  47.483 0.1111110002
143434  -50.513  -7.499  47.240 0.1111110002
141267  -47.389  -10.382  48.790 0.1111110002
63756  -48.387  -9.589  48.245 0.1111110002
64724  -50.117  -8.185  47.726 0.1111110002
66659  -51.663  -6.640  47.255 0.1111110002
62796  -46.859  -10.787  49.162 0.1111110002
65697  -50.919  -6.860  46.803 0.1111110002
66667  -51.448  -6.307  46.239 0.1111110002
61892  -46.093  -11.060  48.832 0.2222220004
62812  -46.666  -10.505  48.310 0.2222220004
62813  -47.564  -9.935  48.077 0.1111110002
64709  -48.892  -9.101  47.920 0.1111110002
64723  -49.390  -8.512  47.474 0.1111110002
66675  -52.281  -5.935  45.973 0.1111110002
65696  -50.239  -7.204  46.537 0.1111110002
66689  -52.429  -6.285  45.292 0.1111110002
66676  -53.088  -5.764  45.773 0.1111110002
62828  -46.169  -10.374  47.696 0.2222220004
64721  -47.921  -8.922  46.866 0.1111110002
135768  -49.149  -8.209  46.774 0.2222220004
65695  -49.536  -7.604  46.309 0.1111110002
119165  -51.608  -6.514  45.355 0.1111110002
65721  -52.768  -7.065  44.510 0.1111110002
66691  -54.142  -6.593  44.818 0.1111110002
66674  -50.297  -6.956  45.379 0.1111110002
65722  -53.472  -7.138  44.425 0.1111110002
66703  -54.849  -7.040  44.152 0.1111110002
67633  -56.997  -5.349  43.520 0.1111110002
132963  -57.538  -5.237  42.766 0.1111110002
64739  -48.440  -8.353  46.537 0.2222220004
141820  -48.914  -7.910  46.227 0.2222220004
65708  -49.870  -7.111  45.882 0.1111110002
142602  -51.022  -6.656  45.646 0.1111110002
66705  -56.311  -6.284  43.665 0.1111110002
66688  -51.265  -7.034  44.261 0.1111110002
66704  -55.577  -6.783  43.880 0.1111110002
67634  -57.755  -4.550  43.435 0.1111110002
66716  -56.831  -6.286  42.802 0.1111110002
65720  -51.991  -6.984  44.504 0.1111110002
65730  -54.044  -7.361  43.771 0.1111110002
66715  -56.020  -7.034  42.934 0.1111110002
118824  -50.506  -7.006  43.774 0.1111110002
65727  -51.754  -7.136  43.589 0.1111110002
65729  -53.077  -7.368  43.749 0.1111110002
65743  -54.136  -7.327  42.754 0.1111110002
66730  -55.990  -6.994  41.282 0.1111110002
128682  -56.170  -6.888  40.552 0.1111110002
66749  -56.801  -6.705  40.027 0.1111110002
65741  -52.393  -7.202  43.005 0.1111110002
65742  -53.316  -7.343  42.876 0.1111110002
66714  -54.680  -7.145  42.147 0.1111110002
66729  -54.990  -6.960  41.342 0.1111110002
66712  -52.094  -6.831  42.237 0.1111110002
66713  -53.539  -6.982  41.934 0.1111110002
133676  -54.164  -6.894  41.389 0.1111110002
129115  -55.281  -6.852  40.576 0.1111110002
66748  -55.730  -6.740  39.756 0.1111110002
66758  -56.530  -6.525  39.156 0.1111110002
66757  -55.693  -6.445  38.956 0.1111110002
140404  -49.824  -6.790  43.315 0.2222220004
126050  -50.483  -6.722  42.843 0.2222220004
128023  -52.732  -7.003  42.249 0.1111110002
66747  -54.353  -6.741  40.688 0.2222220004
121296  -54.740  -6.615  39.965 0.1111110002
67673  -54.904  -6.045  38.860 0.1111110002
123349  -54.382  -6.203  39.474 0.1111110002
67679  -54.838  -5.326  38.266 0.1111110002
71564  -56.641  -1.280  35.404 0.1111110002
130218  -51.507  -6.488  41.952 0.1111110002
68553  -45.819  -4.105  48.506 0.1111110002
68564  -45.340  -3.879  47.921 0.1111110002
68554  -46.729  -3.777  48.555 0.1111110002
69518  -47.615  -2.829  47.691 0.1111110002
70470  -48.454  -2.339  47.313 0.1111110002
139505  -49.188  -1.940  47.417 0.1111110002
70472  -50.241  -1.437  47.512 0.1111110002
70473  -50.524  -1.487  48.013 0.1111110002
70476  -47.526  -2.415  46.881 0.1111110002
71452  -51.296  -1.211  47.999 0.1111110002
71451  -50.848  -1.192  47.532 0.1111110002
124170  -54.872  0.190  42.646 0.2222220004
71489  -53.672  -0.604  42.094 0.2222220004
72485  -54.789  -0.203  41.834 0.2222220004
72492  -55.229  -0.024  41.438 0.2222220004
73494  -53.823  0.557  38.561 0.1111110002
72523  -53.186  -0.195  38.256 0.1111110002
73511  -54.146  0.356  37.683 0.2222220004
73484  -53.582  0.809  39.316 0.1111110002
73493  -52.960  0.145  38.988 0.1111110002
74347  -55.589  1.234  41.745 0.1111110002
74338  -55.575  1.565  42.336 0.1111110002
73464  -55.431  0.534  41.704 0.1111110002
74364  -53.384  1.168  39.943 0.1111110002
73483  -52.567  0.557  39.733 0.1111110002
72511  -52.197  -0.145  39.311 0.1111110002
73482  -51.573  -0.022  39.823 0.1111110002
121638  -51.440  -0.748  39.254 0.1111110002
75197  -55.454  2.582  41.741 0.1111110002
66693  -55.866  -6.151  44.412 0.1111110002
66692  -55.147  -6.364  44.689 0.1111110002
66750  -57.549  -6.065  40.296 0.1111110002
66732  -57.948  -5.252  41.292 0.1111110002
66759  -57.290  -6.253  39.383 0.1111110002
68552  -44.896  -4.484  48.382 0.1111110002
48314  -29.696  -25.466  61.299 0.2222220004
44221  -18.663  -28.247  64.688 0.1111110002
69525  -46.831  -2.880  47.360 0.1111110002
71498  -53.855  -0.966  41.447 0.3333329856
71490  -54.248  -0.531  41.791 0.2222220004
48316  -30.600  -24.484  61.848 0.1111110002
49254  -31.360  -23.097  63.118 0.1111110002
63770  -48.136  -9.344  47.569 0.1111110002
43296  -30.370  -30.966  67.299 0.1111110002
134828  -30.386  -30.931  66.514 0.1111110002
139464  -48.326  -7.885  45.942 0.2222220004
29357  -0.263  -45.388  81.864 0.1111110002
70477  -49.032  -1.797  46.714 0.1111110002
56030  -36.160  -17.121  59.375 0.1111110002
66711  -51.451  -6.870  42.708 0.1111110002
54994  -37.095  -18.438  58.182 0.1111110002
120706  -30.820  -31.129  68.191 0.1111110002
45177  -18.580  -27.471  66.065 0.1111110002
44203  -19.327  -27.652  67.006 0.1111110002
44184  -19.939  -27.996  68.042 0.1111110002
44164  -20.042  -27.956  69.125 0.1111110002
48317  -30.739  -23.858  62.431 0.1111110002
49253  -31.355  -23.357  63.370 0.1111110002
127886  -37.906  -17.656  59.517 0.1111110002
65687  -49.835  -7.869  46.997 0.1111110002
66666  -50.678  -6.822  46.111 0.1111110002
64722  -48.656  -8.763  47.204 0.2222220004
135448  -50.774  -6.895  44.875 0.1111110002
65731  -55.014  -7.249  43.211 0.1111110002
132324  -56.623  -6.840  42.067 0.1111110002
137664  -55.667  -7.128  42.077 0.1111110002
141090  -55.370  -7.190  42.589 0.1111110002
66702  -51.082  -6.992  43.385 0.2222220004
66731  -57.073  -6.619  41.107 0.1111110002
140232  -55.066  -6.464  39.374 0.1111110002
125437  -49.730  -1.800  47.857 0.1111110002
72484  -54.328  -0.182  42.478 0.2222220004
73449  -55.528  1.005  42.359 0.2222220004
119598  -35.055  -9.086  60.750 0.1111110002
62673  -34.230  -9.291  60.095 0.1111110002
62665  -35.935  -8.855  60.987 0.1111110002
135530  -33.532  -9.366  60.435 0.1111110002
62674  -35.159  -9.303  59.624 0.1111110002
62672  -33.361  -9.474  59.600 0.1111110002
62703  -33.610  -9.688  57.431 0.1111110002
62661  -35.906  -8.825  61.771 0.1111110002
134220  -36.826  -8.766  62.653 0.1111110002
63613  -36.560  -8.797  62.065 0.1111110002
120654  -34.655  -9.223  61.779 0.1111110002
125377  -35.380  -8.980  61.525 0.1111110002
62664  -34.061  -9.216  61.014 0.1111110002
62658  -35.723  -9.016  62.475 0.1111110002
120390  -34.760  -9.264  62.489 0.1111110002
62660  -35.274  -9.111  62.164 0.1111110002
61731  -34.121  -9.381  62.506 0.1111110002
62657  -35.087  -9.218  62.850 0.1111110002
49194  -26.182  -23.824  67.278 0.1111110002
62685  -34.289  -9.456  59.061 0.1111110002
59117  -28.192  -14.594  62.472 0.1111110002
140295  -28.268  -13.703  62.766 0.1111110002
60812  -28.767  -12.733  63.773 0.1111110002
60823  -29.314  -12.177  63.540 0.1111110002
59938  -28.241  -13.009  62.577 0.1111110002
60806  -30.515  -12.280  65.422 0.1111110002
60814  -30.273  -12.144  64.691 0.1111110002
60829  -29.245  -11.818  62.739 0.1111110002
60822  -28.601  -12.533  63.065 0.1111110002
61722  -30.039  -11.478  63.294 0.1111110002
136344  -29.923  -11.178  62.579 0.1111110002
71574  -57.677  -0.600  34.692 0.1111110002
136445  -57.018  0.267  34.976 0.2222220004
72569  -57.379  0.916  34.050 0.2222220004
71480  -52.332  -0.467  43.088 0.1111110002
72476  -53.826  -0.040  43.182 0.1111110002
73448  -55.390  0.978  43.085 0.1111110002
71481  -53.221  -0.330  42.773 0.1111110002
72486  -55.217  0.413  42.324 0.1111110002
71488  -52.748  -0.758  42.279 0.1111110002
73551  -56.655  1.007  34.446 0.2222220004
133041  -55.823  0.853  35.487 0.2222220004
73550  -56.161  1.036  34.732 0.2222220004
73542  -56.294  0.919  35.008 0.2222220004
72477  -54.562  0.333  43.466 0.1111110002
143878  -53.811  -0.304  42.593 0.1111110002
59934  -28.421  -13.332  63.450 0.1111110002
60813  -29.364  -12.569  64.364 0.1111110002
60824  -30.125  -11.927  63.986 0.1111110002
72558  -57.796  0.597  34.250 0.1111110002
72557  -56.941  0.882  34.559 0.2222220004
72570  -58.201  0.413  33.916 0.1111110002
34736  -2.504  -39.591  76.836 0.1111110002
34737  -2.775  -39.059  76.114 0.1111110002
35734  -2.966  -38.076  76.220 0.1111110002
122175  -13.756  -35.691  72.178 0.1111110002
37813  -13.574  -35.943  71.341 0.1111110002
38732  -14.362  -35.198  72.261 0.1111110002
39703  -15.309  -34.348  73.376 0.1111110002
38742  -14.305  -35.339  71.443 0.1111110002
38752  -14.531  -35.268  70.692 0.1111110002
39722  -15.490  -34.322  72.390 0.1111110002
39769  -14.977  -34.993  70.124 0.1111110002
39740  -15.607  -34.307  71.489 0.1111110002
39757  -15.665  -34.421  70.607 0.1111110002
41521  -8.750  -32.274  71.456 0.1111110002
41532  -9.272  -32.037  70.462 0.2222220004
41543  -9.661  -31.634  69.551 0.2222220004
42404  -10.297  -30.806  69.426 0.2222220004
42393  -9.708  -31.121  70.113 0.1111110002
43274  -11.099  -30.447  68.797 0.2222220004
44161  -12.191  -29.366  68.506 0.2222220004
46147  -14.321  -27.229  67.130 0.1111110002
47192  -16.359  -26.369  66.372 0.1111110002
46159  -14.773  -27.593  66.328 0.1111110002
45174  -15.231  -28.140  65.622 0.1111110002
45175  -16.315  -27.758  65.400 0.1111110002
122785  -17.154  -27.546  65.400 0.1111110002
135259  -29.500  -25.209  61.967 0.1111110002
55983  -30.614  -18.570  64.505 0.1111110002
53991  -37.878  -19.554  56.142 0.1111110002
53995  -40.992  -19.576  56.092 0.1111110002
120138  -42.125  -18.979  56.707 0.1111110002
119127  -42.493  -19.206  55.239 0.1111110002
142794  -54.247  -4.922  34.402 0.1111110002
67725  -53.593  -5.254  34.447 0.1111110002
132661  -53.066  -5.679  33.779 0.1111110002
68674  -52.125  -5.134  35.438 0.1111110002
68673  -51.235  -5.208  35.413 0.1111110002
136857  -53.293  -4.046  35.596 0.1111110002
69624  -54.015  -3.648  35.162 0.1111110002
69635  -54.742  -3.364  34.628 0.1111110002
71464  -49.669  -1.186  45.558 0.1111110002
71463  -48.900  -1.518  45.649 0.1111110002
133046  -49.924  -0.920  44.684 0.1111110002
72568  -56.530  1.076  34.137 0.1111110002
72579  -56.989  0.665  33.563 0.1111110002
72545  -54.926  0.614  35.898 0.1111110002
72556  -54.686  0.213  35.022 0.1111110002
142370  -54.480  -1.370  34.445 0.1111110002
71582  -55.278  -0.983  33.898 0.1111110002
129775  -54.061  -2.383  34.913 0.1111110002
70592  -54.946  -2.243  34.287 0.1111110002
69622  -52.451  -4.370  35.872 0.1111110002
68659  -51.546  -4.648  36.071 0.1111110002
71465  -50.256  -0.835  45.524 0.1111110002
71472  -50.498  -0.664  44.739 0.1111110002
73525  -54.059  0.011  36.740 0.1111110002
72544  -53.946  -0.413  35.802 0.1111110002
71572  -53.898  -1.012  34.984 0.1111110002
70580  -53.450  -2.001  35.415 0.1111110002
69623  -53.440  -2.973  35.587 0.1111110002
69606  -51.950  -3.764  36.429 0.1111110002
136889  -54.843  0.569  36.894 0.1111110002
71562  -52.732  -1.893  36.546 0.1111110002
70569  -52.977  -2.391  35.985 0.1111110002
69607  -52.744  -3.365  36.030 0.1111110002
71538  -52.483  -0.971  38.023 0.1111110002
40696  -8.850  -32.523  70.920 0.2222220004
42417  -11.345  -30.838  67.903 0.2222220004
45161  -13.900  -27.939  66.783 0.1111110002
46160  -15.805  -27.260  65.952 0.1111110002
46161  -16.961  -26.856  65.837 0.1111110002
39741  -16.327  -33.958  71.045 0.1111110002
72533  -53.280  -0.542  37.446 0.1111110002
73541  -55.532  0.829  35.088 0.1111110002
39739  -14.910  -34.739  71.888 0.1111110002
39756  -15.003  -34.812  71.040 0.1111110002
42383  -9.372  -31.088  71.564 0.2222220004
46148  -15.270  -26.782  66.608 0.1111110002
46149  -17.189  -26.204  66.527 0.1111110002
68676  -53.807  -4.585  35.014 0.1111110002
67713  -52.684  -5.417  34.717 0.1111110002
68675  -53.009  -4.907  35.274 0.1111110002
71457  -50.055  -1.189  46.306 0.1111110002
134378  -55.902  0.380  33.835 0.1111110002
71573  -54.863  -0.293  34.386 0.1111110002
71563  -53.381  -1.489  35.873 0.1111110002
71551  -53.312  -1.000  36.620 0.1111110002
42392  -9.523  -31.254  70.857 0.1111110002
44147  -11.322  -29.460  69.699 0.1111110002
135100  -10.326  -30.464  70.108 0.1111110002
43261  -11.623  -29.740  69.038 0.1111110002
32134  -5.034  -43.038  79.788 0.1111110002
36751  -10.442  -37.526  76.439 0.1111110002
39780  -24.918  -34.511  69.563 0.2222220004
39794  -23.462  -34.598  68.024 0.2222220004
40650  -6.383  -32.927  74.102 0.1111110002
40718  -9.141  -32.751  69.548 0.3333329856
40764  -21.448  -34.098  65.137 0.5555559993
41500  -8.159  -32.002  72.445 0.1111110002
41522  -9.097  -31.886  71.257 0.2222220004
42431  -26.967  -31.708  67.242 0.2222220004
43260  -10.954  -30.070  69.538 0.1111110002
43352  -26.018  -30.183  63.918 0.4444440007
46138  -19.034  -26.505  68.971 0.1111110002
48271  -22.078  -24.776  64.295 0.4444440007
49223  -23.129  -23.781  64.688 0.4444440007
52966  -32.042  -20.720  64.860 0.1111110002
52980  -31.209  -21.109  63.759 0.1111110002
53907  -32.094  -20.131  65.060 0.1111110002
57047  -29.967  -17.516  64.503 0.1111110002
57104  -39.234  -16.471  61.750 0.1111110002
57140  -27.177  -16.545  57.858 0.8888890147
59129  -27.898  -14.311  61.516 0.2222220004
59183  -38.961  -12.414  55.067 0.1111110002
59196  -30.036  -13.719  53.601 1.0000000000
59204  -38.197  -12.540  54.431 0.3333329856
59970  -40.058  -11.939  55.902 0.1111110002
60828  -28.543  -12.346  62.108 0.1111110002
60839  -28.618  -11.531  59.185 0.3333329856
60851  -41.068  -11.498  56.847 0.1111110002
65728  -52.401  -7.265  43.872 0.1111110002
72567  -55.608  0.784  34.481 0.1111110002
75192  -48.041  2.757  41.478 0.1111110002
76105  -47.719  3.349  41.250 0.1111110002
78853  -49.250  7.043  40.816 0.1111110002
79756  -52.060  7.473  40.800 0.1111110002
119404  -20.587  -34.896  70.850 0.1111110002
119406  -23.575  -34.842  71.533 0.1111110002
120340  -48.857  3.959  41.658 0.1111110002
120498  -22.061  -34.860  70.213 0.1111110002
122084  -32.723  -19.533  66.231 0.1111110002
124054  -25.552  -33.017  65.735 0.4444440007
126411  -38.688  -20.091  53.941 0.3333329856
127538  -7.379  -41.366  76.792 0.2222220004
128253  -53.466  5.959  41.063 0.1111110002
129810  -31.618  -10.160  56.859 0.2222220004
130814  -14.358  -35.484  70.170 0.1111110002
133895  -28.128  -12.950  61.881 0.1111110002
136317  -32.892  -9.547  59.094 0.2222220004
137297  -32.831  -10.709  55.222 0.3333329856
138291  -0.333  -39.348  73.843 0.1111110002
141120  -28.719  -11.779  57.092 0.3333329856
142027  -9.888  -30.774  70.495 0.1111110002
142277  -22.821  -33.655  64.479 0.4444440007
143155  -11.294  -37.550  72.760 0.4444440007
143600  -43.991  -8.202  45.350 0.7777780294
143701  -11.925  -35.164  66.205 0.7777780294
