#!ascii label  , from subject sub-v2s18x29524_ses-1 vox2ras=TkReg
8825
49263  13.228  -26.392  75.602 0.5000000000
51318  15.785  -23.729  73.627 0.3750000000
53257  16.607  -22.214  76.139 0.3750000000
55069  17.892  -20.495  76.392 0.5000000000
56042  19.228  -19.269  77.531 0.6250000000
57030  19.657  -18.228  77.720 0.7500000000
58811  20.585  -16.847  77.490 1.0000000000
58810  21.276  -16.794  77.188 1.0000000000
59763  20.405  -16.242  77.400 1.0000000000
58821  23.125  -16.299  76.702 1.0000000000
58822  22.654  -16.308  76.795 1.0000000000
59761  22.038  -16.241  76.870 1.0000000000
59772  21.732  -15.700  76.802 1.0000000000
60677  20.478  -15.165  76.459 1.0000000000
58820  23.711  -16.126  76.567 1.0000000000
59770  23.287  -15.890  76.686 1.0000000000
60675  22.196  -15.096  76.505 1.0000000000
60692  21.785  -14.584  75.837 1.0000000000
60710  20.434  -14.711  74.856 1.0000000000
129660  20.747  -14.532  74.082 1.0000000000
57146  8.038  -18.072  67.874 1.0000000000
49242  12.890  -25.488  76.858 0.7500000000
49250  13.698  -25.748  76.174 0.6250000000
130921  13.085  -26.097  76.253 0.6250000000
120513  14.300  -26.255  74.475 0.5000000000
49262  13.965  -25.972  75.393 0.3750000000
50312  15.190  -24.685  74.519 0.5000000000
50313  14.761  -25.380  74.467 0.5000000000
53265  16.228  -22.571  75.342 0.3750000000
52287  15.824  -23.338  74.723 0.3750000000
51302  15.607  -24.010  74.620 0.3750000000
54146  17.173  -21.282  76.378 0.3750000000
55051  18.940  -19.715  77.276 0.6250000000
55059  18.482  -20.163  76.874 0.6250000000
55060  17.662  -20.623  77.074 0.6250000000
57012  19.068  -18.381  78.183 0.6250000000
58812  19.828  -16.870  77.788 1.0000000000
59764  19.503  -16.164  77.568 1.0000000000
54252  10.110  -20.869  66.686 1.0000000000
59774  19.494  -15.268  76.384 1.0000000000
60711  19.567  -14.894  74.690 1.0000000000
118297  19.279  -14.725  73.827 1.0000000000
56208  9.720  -19.518  66.338 1.0000000000
58819  24.508  -16.007  76.306 0.8750000000
59769  23.942  -15.750  76.430 1.0000000000
60673  23.587  -15.557  76.446 1.0000000000
60691  22.710  -14.696  75.744 1.0000000000
60709  22.154  -14.408  74.908 1.0000000000
114322  20.080  -14.618  73.304 1.0000000000
115371  18.801  -14.544  72.151 1.0000000000
56209  9.002  -19.190  66.653 1.0000000000
57158  8.473  -18.301  67.252 1.0000000000
58835  25.113  -16.363  75.850 0.8750000000
130438  24.153  -16.646  76.175 1.0000000000
60690  23.504  -15.005  76.001 1.0000000000
60708  22.858  -14.439  74.832 1.0000000000
60726  21.653  -14.378  73.891 1.0000000000
132184  19.821  -14.572  72.233 1.0000000000
60757  19.224  -14.499  71.402 1.0000000000
114323  21.464  -14.471  72.687 1.0000000000
60756  20.778  -14.533  71.902 1.0000000000
57147  7.454  -18.538  68.162 1.0000000000
51262  11.993  -24.793  76.593 1.0000000000
52262  12.809  -24.364  77.102 0.8750000000
50262  13.583  -24.945  77.298 0.7500000000
137350  12.548  -25.485  76.778 0.8750000000
50282  14.147  -25.095  76.905 0.7500000000
49251  13.339  -25.552  76.703 0.6250000000
117999  14.965  -24.975  75.146 0.5000000000
50302  14.905  -24.872  75.858 0.5000000000
49273  14.514  -25.464  75.228 0.5000000000
50303  14.360  -25.327  76.068 0.6250000000
116517  15.683  -23.629  75.750 0.3750000000
51281  15.354  -24.309  75.570 0.5000000000
55052  18.198  -20.128  77.563 0.6250000000
56033  18.813  -19.073  78.124 0.6250000000
58813  18.931  -16.804  77.987 0.8750000000
59765  18.618  -16.191  77.519 0.8750000000
59775  18.986  -15.576  77.082 1.0000000000
54219  11.220  -21.750  68.328 1.0000000000
54220  10.666  -21.783  67.694 1.0000000000
60695  19.017  -15.123  75.402 1.0000000000
54233  10.900  -21.186  67.040 1.0000000000
54251  10.773  -20.555  66.553 1.0000000000
114555  19.117  -14.639  72.959 1.0000000000
55197  10.273  -20.158  66.344 1.0000000000
57168  9.616  -18.557  66.267 1.0000000000
58009  7.611  -17.488  69.538 1.0000000000
60689  24.081  -15.290  76.078 1.0000000000
114330  22.609  -14.283  74.087 1.0000000000
132248  20.062  -14.475  71.263 1.0000000000
137500  19.488  -14.448  70.765 1.0000000000
58040  8.842  -17.845  66.989 1.0000000000
114324  22.353  -14.388  73.140 1.0000000000
121383  21.003  -14.445  70.931 1.0000000000
121382  20.103  -14.419  70.454 1.0000000000
60777  19.263  -14.407  70.066 1.0000000000
60776  20.837  -14.453  70.070 1.0000000000
132906  20.064  -14.374  69.693 1.0000000000
57902  4.400  -17.957  80.381 1.0000000000
58789  4.639  -17.175  80.693 1.0000000000
59739  4.102  -16.278  80.575 1.0000000000
57912  4.996  -18.525  80.128 1.0000000000
57001  6.012  -18.363  80.009 1.0000000000
52268  12.289  -24.088  76.625 0.8750000000
57016  6.315  -18.671  79.335 1.0000000000
58792  1.607  -16.835  80.679 1.0000000000
51248  13.847  -24.227  77.756 0.8750000000
51249  13.306  -24.611  77.388 0.7500000000
51261  14.648  -24.372  77.063 0.6250000000
50261  14.147  -24.579  77.460 0.7500000000
51280  15.546  -23.760  76.445 0.5000000000
131819  15.193  -24.299  76.278 0.5000000000
50281  14.771  -24.686  76.546 0.5000000000
57941  7.553  -17.515  77.117 1.0000000000
121256  7.514  -17.465  76.061 1.0000000000
124791  15.894  -23.228  75.885 0.3750000000
52275  15.896  -23.348  76.584 0.3750000000
57950  7.423  -17.461  75.096 0.8750000000
57964  7.238  -17.481  74.099 0.8750000000
58848  7.844  -16.896  74.547 0.8750000000
56043  18.576  -19.680  77.860 0.7500000000
58855  7.784  -16.902  73.612 0.8750000000
57921  18.742  -17.939  78.478 0.7500000000
59787  18.452  -15.334  76.184 1.0000000000
120858  11.642  -21.583  68.909 1.0000000000
58861  7.796  -16.887  72.717 0.8750000000
55158  13.248  -20.146  69.215 1.0000000000
57993  7.406  -17.286  71.347 1.0000000000
57145  14.052  -19.149  68.122 1.0000000000
56174  13.096  -20.089  68.294 1.0000000000
55159  12.616  -20.660  68.744 1.0000000000
55177  11.741  -20.886  67.423 1.0000000000
135595  7.999  -16.878  70.527 1.0000000000
58874  7.907  -16.833  71.034 1.0000000000
57144  14.264  -18.910  68.645 1.0000000000
56189  13.541  -19.532  67.835 1.0000000000
56204  13.401  -19.352  67.021 1.0000000000
56190  12.902  -19.928  67.457 1.0000000000
55195  12.225  -20.279  67.056 1.0000000000
59768  24.625  -15.560  76.007 1.0000000000
133337  24.646  -14.976  75.668 1.0000000000
57157  14.034  -18.959  67.435 1.0000000000
56225  12.387  -19.345  66.121 1.0000000000
56226  11.729  -19.328  65.837 1.0000000000
56207  11.094  -19.954  66.108 1.0000000000
57167  10.243  -18.925  65.928 1.0000000000
58010  6.933  -17.821  69.874 1.0000000000
114332  24.142  -14.433  74.630 1.0000000000
114325  23.225  -14.331  73.355 1.0000000000
57165  13.813  -18.756  66.750 1.0000000000
57166  13.141  -18.948  66.237 1.0000000000
57179  11.519  -18.501  65.472 1.0000000000
57180  10.680  -18.424  65.583 1.0000000000
58050  9.833  -17.879  65.946 1.0000000000
58039  9.359  -17.679  66.461 1.0000000000
58029  8.516  -17.623  67.534 1.0000000000
58018  8.283  -17.380  68.315 1.0000000000
58019  7.746  -17.764  68.659 1.0000000000
58834  26.148  -16.434  75.598 1.0000000000
115396  22.961  -14.539  72.399 1.0000000000
60754  22.592  -14.536  71.600 1.0000000000
60775  21.563  -14.469  70.363 1.0000000000
127538  13.810  -18.181  66.271 1.0000000000
57177  13.073  -18.146  65.709 1.0000000000
122776  12.252  -17.961  65.343 1.0000000000
125723  11.009  -17.923  65.271 1.0000000000
58049  10.385  -17.669  65.529 1.0000000000
58929  9.810  -17.197  65.849 1.0000000000
58028  8.926  -17.168  67.053 1.0000000000
58897  9.002  -16.353  67.279 1.0000000000
136702  22.563  -14.530  70.487 1.0000000000
60774  22.197  -14.518  70.190 1.0000000000
132305  20.830  -14.456  69.229 1.0000000000
136220  20.054  -14.328  69.046 1.0000000000
58038  13.631  -17.407  65.791 1.0000000000
58046  12.859  -17.365  65.300 1.0000000000
131058  11.550  -17.745  65.174 1.0000000000
58048  11.041  -17.202  64.947 1.0000000000
60799  21.610  -14.515  69.745 1.0000000000
58788  5.537  -17.065  80.845 1.0000000000
59738  4.988  -16.259  80.821 1.0000000000
57901  5.268  -17.921  80.473 1.0000000000
57900  6.071  -17.651  80.477 1.0000000000
57911  6.964  -18.369  79.760 1.0000000000
59740  3.160  -16.167  80.626 1.0000000000
52276  11.806  -23.821  76.058 1.0000000000
59741  2.218  -16.021  80.702 1.0000000000
57926  7.151  -18.345  78.997 1.0000000000
121969  0.778  -16.488  80.695 1.0000000000
53246  13.520  -23.318  77.728 0.8750000000
52267  12.920  -23.696  77.256 1.0000000000
57033  6.366  -18.580  78.376 1.0000000000
51247  14.517  -23.947  77.524 0.8750000000
51242  14.104  -23.676  77.933 0.8750000000
53243  13.908  -23.151  77.958 0.8750000000
57934  6.993  -18.076  77.793 1.0000000000
59743  -0.055  -16.262  80.753 1.0000000000
52266  15.890  -23.414  77.009 0.3750000000
51246  15.230  -23.835  76.965 0.6250000000
127734  -1.471  -16.805  80.918 1.0000000000
58795  -2.198  -16.958  80.926 1.0000000000
58796  -2.816  -16.986  80.620 0.8750000000
53251  16.271  -23.057  76.993 0.3750000000
55053  17.429  -20.659  77.808 0.6250000000
54141  17.052  -21.396  77.302 0.5000000000
53250  16.658  -22.305  76.853 0.5000000000
54181  11.864  -21.999  71.372 1.0000000000
55047  17.797  -20.113  78.119 0.6250000000
55122  12.956  -20.855  70.603 1.0000000000
54180  12.461  -21.461  70.992 1.0000000000
54193  11.764  -21.834  70.504 1.0000000000
57013  18.228  -18.592  78.667 0.7500000000
56139  14.068  -19.522  70.703 1.0000000000
55141  13.411  -20.200  70.175 1.0000000000
54192  12.297  -21.277  70.113 1.0000000000
128548  14.591  -18.717  70.615 1.0000000000
56121  14.526  -18.980  71.441 1.0000000000
56138  14.350  -19.093  70.032 1.0000000000
54204  12.193  -21.218  69.208 1.0000000000
54205  11.678  -21.681  69.651 1.0000000000
59776  17.884  -15.893  76.916 0.8750000000
56173  13.749  -19.513  68.733 1.0000000000
54218  11.944  -21.224  68.268 1.0000000000
58868  7.845  -16.866  71.849 1.0000000000
60712  18.620  -14.861  74.481 1.0000000000
57133  14.601  -18.432  69.837 1.0000000000
56155  14.297  -19.003  69.318 1.0000000000
60728  18.284  -14.685  73.531 1.0000000000
132220  14.872  -17.400  68.727 1.0000000000
113962  14.564  -18.246  68.965 1.0000000000
55176  12.460  -20.564  67.849 1.0000000000
58001  8.073  -16.955  70.009 1.0000000000
58873  8.359  -16.425  70.551 1.0000000000
59786  25.475  -15.851  75.889 1.0000000000
114070  25.388  -15.077  75.527 1.0000000000
114228  24.918  -14.511  75.028 1.0000000000
124821  14.427  -18.480  68.062 1.0000000000
58008  8.197  -17.155  69.194 1.0000000000
58887  8.581  -16.698  68.752 1.0000000000
60725  24.769  -14.413  74.187 1.0000000000
114326  24.192  -14.393  73.571 1.0000000000
60800  19.417  -14.362  69.265 1.0000000000
58017  14.680  -17.733  67.900 1.0000000000
57156  14.369  -18.164  67.081 1.0000000000
58898  8.666  -16.906  67.832 1.0000000000
58886  8.860  -16.174  68.180 1.0000000000
57946  26.774  -17.016  75.315 1.0000000000
60753  23.515  -14.684  71.628 1.0000000000
121358  23.065  -14.593  70.800 1.0000000000
58037  14.249  -17.336  66.488 1.0000000000
58047  11.987  -17.165  64.877 1.0000000000
58910  9.399  -16.629  66.419 1.0000000000
130712  22.861  -14.618  70.093 1.0000000000
60798  22.391  -14.598  69.553 1.0000000000
58950  10.886  -16.317  64.855 1.0000000000
58928  10.355  -16.810  65.346 1.0000000000
116256  9.854  -16.477  65.731 1.0000000000
59883  9.673  -15.735  65.928 1.0000000000
115298  21.763  -14.561  69.008 1.0000000000
60823  20.455  -14.319  68.488 1.0000000000
58926  13.385  -16.720  65.294 1.0000000000
58927  12.709  -16.772  64.926 1.0000000000
58949  12.239  -16.357  64.644 1.0000000000
130294  11.520  -16.557  64.714 1.0000000000
59882  10.259  -15.996  65.310 1.0000000000
59897  11.588  -15.747  64.551 1.0000000000
59898  10.773  -15.472  64.806 1.0000000000
63701  -4.095  -11.831  71.955 0.8750000000
121560  5.752  -16.305  81.092 1.0000000000
59751  4.605  -15.427  80.192 1.0000000000
57899  6.850  -17.887  80.326 1.0000000000
59753  2.688  -15.322  80.215 1.0000000000
59752  3.666  -15.387  80.086 1.0000000000
53260  12.151  -23.180  75.818 1.0000000000
113828  2.130  -14.675  79.687 1.0000000000
53254  12.455  -23.439  76.642 1.0000000000
126172  1.597  -14.075  79.115 1.0000000000
123706  1.199  -14.540  79.944 1.0000000000
59754  1.736  -15.293  80.358 0.8750000000
59742  1.430  -15.957  80.654 1.0000000000
120619  12.589  -22.694  76.398 1.0000000000
60661  0.716  -13.820  79.352 0.8750000000
60639  0.723  -15.384  80.511 1.0000000000
61653  -0.351  -13.598  79.389 0.8750000000
60640  -0.355  -15.181  80.596 0.8750000000
59744  -0.957  -16.109  80.765 1.0000000000
52256  15.675  -23.199  77.752 0.7500000000
52257  14.788  -23.342  78.058 0.8750000000
52258  14.143  -23.177  78.066 0.8750000000
53266  12.363  -22.311  74.545 1.0000000000
129198  -1.126  -13.222  79.026 0.8750000000
61654  -1.368  -13.739  79.567 0.8750000000
60651  -0.818  -14.301  80.204 0.8750000000
59745  -1.808  -16.084  80.744 0.8750000000
53245  16.213  -22.889  77.462 0.6250000000
53240  15.975  -22.651  78.187 0.7500000000
54160  12.566  -21.828  73.738 1.0000000000
61655  -2.153  -13.879  79.480 0.8750000000
60642  -2.168  -15.280  80.391 0.8750000000
53244  16.573  -22.305  77.484 0.6250000000
55091  13.107  -21.146  73.317 1.0000000000
54169  12.513  -21.623  72.780 1.0000000000
58839  7.958  -16.920  75.526 0.8750000000
61664  -2.450  -13.390  78.827 0.8750000000
60662  -2.751  -14.252  79.200 0.8750000000
126218  17.329  -20.027  78.566 0.7500000000
55048  17.111  -20.660  78.440 0.6250000000
55100  13.069  -21.026  72.412 1.0000000000
118092  12.487  -21.541  71.878 1.0000000000
58838  8.259  -16.100  74.966 0.8750000000
57014  17.503  -18.997  78.904 0.7500000000
56108  13.978  -19.798  72.592 1.0000000000
55108  13.526  -20.350  72.060 1.0000000000
55109  13.055  -20.961  71.518 1.0000000000
126424  17.835  -17.880  78.770 0.7500000000
57113  14.802  -18.382  72.048 1.0000000000
56122  14.012  -19.674  71.721 1.0000000000
55121  13.524  -20.270  71.146 1.0000000000
58803  18.360  -17.403  78.456 0.8750000000
57124  14.858  -18.203  71.224 1.0000000000
58854  8.118  -16.266  73.147 0.8750000000
58000  15.115  -17.475  71.020 1.0000000000
118635  14.880  -17.940  70.434 1.0000000000
60696  17.986  -14.995  75.260 1.0000000000
58007  14.876  -17.627  69.634 1.0000000000
58872  15.113  -17.146  70.311 1.0000000000
58880  8.514  -16.497  69.650 1.0000000000
62700  -4.262  -12.087  74.444 0.8750000000
59785  26.605  -15.814  75.578 1.0000000000
134608  25.932  -15.439  75.573 1.0000000000
131355  25.676  -14.609  74.957 1.0000000000
135821  14.913  -17.059  68.053 1.0000000000
59839  8.879  -15.950  69.152 1.0000000000
63676  -4.307  -11.504  73.870 0.8750000000
58833  27.201  -16.652  75.320 1.0000000000
60724  25.459  -14.468  74.272 1.0000000000
114327  25.185  -14.450  73.420 1.0000000000
58027  14.680  -17.180  67.328 1.0000000000
63684  -4.293  -11.343  73.107 0.8750000000
60752  24.477  -14.754  71.669 1.0000000000
121359  24.092  -14.758  70.866 1.0000000000
60772  24.657  -14.705  70.124 1.0000000000
60797  23.206  -14.681  69.425 1.0000000000
58909  14.101  -16.607  65.867 1.0000000000
60796  24.179  -14.637  69.284 1.0000000000
115368  22.627  -14.649  68.837 1.0000000000
60842  21.077  -14.296  67.771 0.8750000000
58948  13.032  -16.192  64.773 1.0000000000
116597  22.002  -14.511  68.187 0.8750000000
59896  12.548  -15.612  64.475 1.0000000000
130584  -3.494  -11.212  72.178 0.8750000000
119818  12.058  -14.929  64.268 1.0000000000
60886  11.307  -14.981  64.494 1.0000000000
129233  -3.619  -12.021  71.648 0.8750000000
59843  -0.420  -15.756  68.756 0.5000000000
58932  1.678  -16.869  65.713 0.2500000000
58912  1.438  -16.653  66.547 0.2500000000
132446  0.515  -16.360  67.571 0.2500000000
58933  0.735  -17.127  65.915 0.2500000000
58913  0.365  -16.740  66.795 0.3750000000
60649  3.169  -14.702  79.325 1.0000000000
57910  7.578  -17.845  80.005 1.0000000000
57925  7.823  -17.739  79.223 1.0000000000
58805  8.523  -16.934  79.133 1.0000000000
53253  12.935  -23.029  77.243 1.0000000000
53259  12.450  -22.488  75.503 1.0000000000
57924  8.184  -17.256  78.439 1.0000000000
61660  1.151  -13.513  78.488 0.8750000000
54137  13.845  -22.701  77.981 0.8750000000
54143  13.072  -22.236  76.877 1.0000000000
54148  12.812  -21.913  75.976 1.0000000000
57933  7.663  -17.685  78.212 1.0000000000
61661  0.301  -13.259  78.620 0.8750000000
53242  14.630  -22.658  78.539 0.8750000000
54142  13.605  -21.812  77.490 0.8750000000
137538  12.747  -21.826  74.374 1.0000000000
58817  8.141  -17.116  77.557 0.8750000000
61672  -0.028  -12.779  78.060 0.8750000000
62663  -1.500  -12.688  78.550 0.8750000000
61663  -1.871  -13.166  79.062 0.8750000000
54136  14.243  -21.718  78.379 0.8750000000
55054  14.055  -21.073  77.792 0.8750000000
55062  13.863  -21.016  77.092 1.0000000000
132809  13.674  -20.749  75.585 1.0000000000
54153  13.262  -21.302  75.307 1.0000000000
54159  13.160  -21.336  74.300 1.0000000000
58827  8.065  -16.994  76.539 0.8750000000
62671  -1.950  -12.008  78.123 0.8750000000
62664  -2.204  -12.616  78.486 0.8750000000
55070  14.509  -19.790  76.327 0.8750000000
55071  14.028  -20.548  76.299 1.0000000000
55079  13.607  -20.634  74.741 1.0000000000
55090  13.572  -20.582  73.807 1.0000000000
62672  -2.544  -12.125  77.956 0.8750000000
61673  -2.743  -12.953  78.168 0.8750000000
56062  14.709  -19.269  75.562 1.0000000000
56063  14.114  -20.026  75.306 1.0000000000
56075  13.956  -19.959  74.267 1.0000000000
55099  13.558  -20.475  72.922 1.0000000000
62680  -2.852  -11.768  77.443 0.8750000000
57963  15.382  -17.951  74.429 1.0000000000
56074  14.474  -19.351  74.610 1.0000000000
56091  14.372  -19.260  73.151 1.0000000000
56092  13.946  -19.908  73.416 1.0000000000
63659  -2.985  -11.018  76.986 0.8750000000
62673  -3.043  -12.475  77.594 0.8750000000
57974  15.285  -17.926  73.490 1.0000000000
57102  14.815  -18.551  72.907 1.0000000000
59812  8.349  -15.561  72.702 0.8750000000
62681  -3.290  -11.960  76.974 0.8750000000
58814  17.812  -16.616  77.878 0.8750000000
57962  15.482  -17.194  74.001 1.0000000000
57983  15.172  -17.791  72.608 1.0000000000
58860  8.149  -16.265  72.286 1.0000000000
58867  8.261  -16.298  71.436 1.0000000000
59788  17.488  -15.401  75.944 1.0000000000
57973  15.399  -17.036  73.172 1.0000000000
57992  15.122  -17.658  71.786 1.0000000000
119215  8.649  -15.666  70.992 1.0000000000
60713  17.662  -14.787  74.331 1.0000000000
57982  15.349  -17.060  72.303 1.0000000000
57991  15.311  -16.954  71.542 1.0000000000
59824  8.811  -15.733  70.064 1.0000000000
60716  -4.345  -14.019  75.530 0.8750000000
128453  -4.143  -15.695  76.084 0.8750000000
130899  -4.305  -15.853  76.787 0.8750000000
62691  -4.228  -12.686  75.139 0.8750000000
58840  -4.609  -16.466  75.707 0.8750000000
63675  -4.364  -10.580  73.863 0.8750000000
59784  27.777  -16.034  75.221 1.0000000000
60687  27.351  -15.267  75.086 1.0000000000
60706  26.224  -14.573  74.411 1.0000000000
114328  26.006  -14.495  73.515 1.0000000000
121381  18.789  -14.463  70.729 1.0000000000
60758  18.338  -14.489  71.395 1.0000000000
58885  15.183  -16.533  68.561 1.0000000000
59866  9.281  -15.769  66.734 1.0000000000
60723  26.796  -14.557  73.681 1.0000000000
60738  25.862  -14.595  72.573 1.0000000000
119991  14.687  -16.309  66.796 1.0000000000
131376  9.457  -15.219  66.396 1.0000000000
64618  -4.237  -10.567  73.066 0.8750000000
60751  25.446  -14.754  71.694 1.0000000000
121360  25.070  -14.890  70.898 1.0000000000
60824  19.603  -14.259  68.507 1.0000000000
116916  18.964  -14.341  68.830 1.0000000000
63690  -3.904  -10.843  72.610 0.8750000000
63691  -4.117  -11.329  72.597 0.8750000000
129812  21.886  -14.374  67.447 0.8750000000
60843  20.106  -14.104  67.791 1.0000000000
60844  19.266  -14.125  67.749 1.0000000000
63689  -3.462  -10.264  72.374 0.8750000000
60795  25.198  -14.613  69.417 1.0000000000
60821  22.897  -14.604  68.192 1.0000000000
60856  22.319  -14.302  66.829 0.8750000000
60857  21.441  -14.185  66.890 0.8750000000
61766  20.561  -14.020  67.018 0.8750000000
59895  13.299  -15.551  64.631 1.0000000000
60819  24.141  -14.567  68.504 1.0000000000
60840  23.718  -14.499  67.754 1.0000000000
60855  23.196  -14.356  66.862 0.8750000000
61765  21.923  -14.058  66.013 0.8750000000
114064  20.982  -13.851  66.211 0.8750000000
116603  24.131  -14.339  66.749 0.8750000000
60869  23.541  -14.209  66.063 0.8750000000
60870  22.771  -14.229  66.219 0.8750000000
136898  -2.833  -11.536  71.843 0.8750000000
62720  -2.410  -12.221  71.643 0.8750000000
61716  -1.872  -12.974  71.409 0.8750000000
136960  -3.406  -12.861  71.019 0.8750000000
60787  -1.879  -14.232  70.461 0.7500000000
60786  -0.830  -14.260  70.503 0.7500000000
60809  -0.353  -14.794  69.952 0.7500000000
124675  -2.448  -13.534  70.815 0.7500000000
59831  0.111  -15.274  69.378 0.6250000000
59853  0.097  -16.162  68.163 0.5000000000
58899  1.271  -16.342  67.326 0.3750000000
59737  6.328  -15.892  81.265 1.0000000000
58787  6.597  -16.901  80.983 1.0000000000
59750  5.566  -15.431  80.507 1.0000000000
60647  5.152  -14.850  79.474 0.8750000000
60657  5.636  -14.361  78.629 0.8750000000
60666  6.002  -13.765  77.924 0.8750000000
60648  4.211  -14.855  79.366 1.0000000000
60658  4.809  -14.548  78.446 0.8750000000
60667  5.267  -14.169  77.695 0.8750000000
58799  7.418  -17.337  80.603 1.0000000000
60660  2.437  -14.263  78.772 1.0000000000
60659  3.882  -14.486  78.425 1.0000000000
60668  4.433  -14.241  77.483 0.8750000000
61667  5.494  -13.704  77.079 0.8750000000
58806  8.161  -17.391  79.843 1.0000000000
61659  1.945  -13.773  78.235 1.0000000000
53238  15.934  -22.086  78.873 0.7500000000
53239  15.302  -22.052  79.035 0.8750000000
54131  16.423  -21.305  78.835 0.7500000000
54132  14.773  -21.973  78.904 0.8750000000
120243  14.584  -20.609  78.305 0.8750000000
118477  8.443  -16.444  77.059 0.8750000000
62670  -0.866  -12.377  77.813 0.8750000000
54134  16.866  -21.423  78.089 0.6250000000
58826  8.340  -16.282  76.056 0.8750000000
55061  14.361  -20.282  77.337 0.8750000000
63654  -2.426  -11.556  77.501 0.8750000000
56053  14.825  -19.388  77.303 0.8750000000
58847  8.149  -16.258  74.007 0.8750000000
56030  16.839  -18.985  79.072 0.7500000000
57078  15.009  -18.626  74.972 1.0000000000
63660  -3.548  -11.234  76.379 0.8750000000
114117  15.642  -17.140  74.862 1.0000000000
57077  15.503  -17.886  75.456 1.0000000000
61683  -3.584  -12.939  77.071 0.8750000000
62699  -4.049  -11.722  75.453 0.8750000000
128613  15.473  -16.487  72.701 1.0000000000
62690  -3.852  -12.492  76.164 0.8750000000
61688  -4.203  -13.270  75.623 0.8750000000
60698  -4.074  -13.636  76.411 0.8750000000
63668  -3.818  -10.712  75.551 0.8750000000
59792  -4.145  -14.662  76.183 0.8750000000
60729  17.352  -14.684  73.591 1.0000000000
57999  15.268  -16.842  70.899 1.0000000000
58866  15.439  -16.253  71.246 1.0000000000
59838  8.971  -15.537  68.471 1.0000000000
123025  -4.234  -11.167  74.686 0.8750000000
61689  -4.294  -13.519  74.886 0.8750000000
60740  18.342  -14.576  72.737 1.0000000000
58871  15.372  -16.318  70.433 1.0000000000
59851  9.055  -15.496  67.589 1.0000000000
127423  28.144  -16.807  74.885 1.0000000000
58879  15.217  -16.635  69.499 1.0000000000
127439  9.227  -15.144  66.906 1.0000000000
59783  28.846  -16.171  74.896 1.0000000000
58896  15.079  -16.417  67.749 1.0000000000
130180  26.651  -14.622  72.342 1.0000000000
60750  26.376  -14.714  71.694 1.0000000000
60778  18.438  -14.449  70.166 1.0000000000
126055  10.153  -15.163  65.296 1.0000000000
118603  9.689  -14.861  65.884 1.0000000000
64611  -4.336  -9.696  73.472 0.8750000000
121361  26.015  -14.880  70.902 1.0000000000
59881  13.831  -15.927  65.176 1.0000000000
60771  25.614  -14.757  70.160 1.0000000000
116955  20.126  -13.713  66.278 0.8750000000
61752  19.700  -13.902  67.058 0.8750000000
61767  19.259  -13.714  66.313 0.8750000000
59894  13.977  -15.061  64.717 1.0000000000
120981  13.050  -14.831  64.235 1.0000000000
61815  10.830  -13.798  64.611 1.0000000000
60887  10.693  -14.574  64.755 1.0000000000
115369  24.835  -14.547  68.693 1.0000000000
134746  24.529  -14.503  68.089 1.0000000000
60839  24.742  -14.428  67.404 0.8750000000
61782  21.309  -13.729  65.531 0.8750000000
61783  20.583  -13.614  65.513 0.8750000000
61784  19.636  -13.548  65.469 0.8750000000
63700  -2.611  -10.880  71.919 0.8750000000
116614  21.949  -13.710  65.062 0.8750000000
61805  21.143  -13.543  64.825 0.8750000000
61806  20.291  -13.441  64.733 0.8750000000
130972  11.980  -13.547  63.928 1.0000000000
128985  -1.886  -11.598  71.777 0.8750000000
127522  25.153  -14.238  66.503 0.8750000000
60854  24.401  -14.114  65.927 0.8750000000
120893  21.843  -13.494  64.167 0.8750000000
61830  20.899  -13.342  63.904 0.8750000000
62719  -1.358  -12.318  71.633 0.8750000000
61780  23.842  -13.842  65.332 0.8750000000
61803  23.508  -13.583  64.597 0.8750000000
61804  22.656  -13.586  64.432 0.8750000000
61829  22.503  -13.383  63.700 0.8750000000
62791  21.859  -13.222  63.207 0.8750000000
61715  -0.870  -13.004  71.397 0.8750000000
61725  -0.370  -13.607  70.921 0.8750000000
60785  0.143  -14.169  70.437 0.8750000000
61828  23.257  -13.355  63.761 0.8750000000
60808  0.561  -14.662  69.852 0.7500000000
59842  0.553  -15.660  68.763 0.7500000000
58931  2.500  -16.486  65.450 0.1250000000
137338  1.304  -15.405  68.705 0.6250000000
58911  2.282  -16.359  66.270 0.2500000000
59736  7.092  -16.090  81.439 1.0000000000
60646  5.970  -14.698  79.662 0.8750000000
60656  6.342  -14.179  79.010 0.8750000000
58786  7.745  -16.547  81.223 1.0000000000
115047  3.127  -14.333  78.407 1.0000000000
60679  5.018  -14.005  77.018 0.8750000000
61676  5.980  -13.218  77.037 0.8750000000
62676  5.800  -12.837  76.292 0.8750000000
62683  6.003  -12.174  76.193 0.8750000000
60670  2.695  -14.000  77.928 1.0000000000
60669  3.487  -14.178  77.674 1.0000000000
60681  3.818  -13.939  76.861 0.8750000000
60680  4.553  -13.839  76.661 0.8750000000
133941  4.732  -13.506  76.104 0.8750000000
61684  5.225  -13.146  75.866 0.8750000000
61669  2.240  -13.635  77.394 1.0000000000
61668  2.996  -13.842  77.104 1.0000000000
61679  3.325  -13.573  76.324 0.8750000000
61685  4.474  -13.207  75.570 0.8750000000
62684  5.538  -12.372  75.533 0.8750000000
63663  5.581  -11.729  75.056 0.8750000000
64592  5.922  -10.820  75.110 0.8750000000
61670  1.503  -13.373  77.622 0.8750000000
61680  2.518  -13.472  76.598 1.0000000000
61687  2.830  -13.218  75.786 1.0000000000
62687  3.231  -12.875  75.035 0.8750000000
62686  4.049  -12.841  74.974 0.8750000000
62685  4.830  -12.676  75.153 0.8750000000
62694  5.132  -12.118  74.870 0.8750000000
61671  0.694  -13.064  77.831 0.8750000000
61682  1.142  -12.911  76.881 0.8750000000
62677  1.347  -12.569  75.945 0.8750000000
62688  2.290  -12.651  75.341 1.0000000000
62696  3.589  -12.479  74.543 0.8750000000
62695  4.366  -12.175  74.475 0.8750000000
63670  5.140  -11.430  74.434 0.8750000000
55045  15.690  -20.846  79.199 0.8750000000
55046  15.070  -20.986  78.952 0.8750000000
62669  0.163  -12.513  77.342 0.8750000000
62678  0.480  -12.262  76.470 0.8750000000
63656  -0.122  -11.560  76.172 0.8750000000
63665  0.315  -11.172  75.425 1.0000000000
63666  -0.667  -10.760  75.918 0.8750000000
56035  16.619  -20.328  78.908 0.7500000000
55044  16.111  -20.844  79.177 0.7500000000
120832  -0.507  -11.941  76.936 0.8750000000
63657  -1.111  -11.186  76.633 0.8750000000
56036  15.108  -20.031  78.731 0.8750000000
59800  8.347  -15.594  74.249 0.8750000000
62679  -1.534  -11.631  77.363 0.8750000000
63658  -2.172  -10.930  76.961 0.8750000000
57000  16.211  -18.953  79.123 0.7500000000
56032  15.771  -19.366  79.092 0.7500000000
55049  15.502  -20.073  79.001 0.8750000000
56045  14.836  -19.656  78.209 1.0000000000
57046  15.320  -18.711  77.045 1.0000000000
59807  8.332  -15.571  73.535 0.8750000000
60732  8.462  -14.824  73.128 0.8750000000
64589  -2.614  -10.273  76.397 0.8750000000
63667  -1.695  -10.403  76.305 0.8750000000
56998  17.311  -18.434  78.958 0.7500000000
57031  15.541  -18.539  78.598 0.7500000000
57045  15.691  -18.154  77.837 0.8750000000
57061  15.223  -18.608  75.985 1.0000000000
57060  15.705  -17.986  76.588 1.0000000000
64590  -3.203  -10.361  76.178 0.8750000000
58804  17.321  -17.206  78.560 0.8750000000
133832  15.968  -17.086  75.969 1.0000000000
130586  -4.070  -10.399  74.733 0.8750000000
59777  17.078  -15.819  76.542 1.0000000000
136222  15.573  -16.580  74.339 1.0000000000
58853  15.523  -16.211  73.352 1.0000000000
64604  -4.203  -9.724  74.248 0.8750000000
59797  17.078  -15.027  75.035 1.0000000000
58859  15.479  -16.349  72.029 1.0000000000
128148  9.086  -14.763  68.294 1.0000000000
118833  -4.213  -9.083  73.789 0.8750000000
59782  29.923  -15.919  74.845 1.0000000000
60685  29.375  -15.282  74.885 1.0000000000
60741  17.553  -14.586  72.883 1.0000000000
60704  28.136  -14.895  74.664 1.0000000000
59865  15.054  -15.344  66.608 1.0000000000
58830  29.983  -16.132  74.775 0.8750000000
60722  27.695  -14.649  73.871 1.0000000000
114329  27.289  -14.649  72.818 1.0000000000
137079  14.380  -15.360  65.341 1.0000000000
64617  -4.091  -9.838  72.892 0.8750000000
57955  30.469  -16.889  74.446 0.8750000000
58852  31.675  -16.523  74.177 0.8750000000
121362  27.033  -14.687  70.908 1.0000000000
130432  18.909  -14.277  68.294 1.0000000000
58925  14.497  -15.779  65.934 1.0000000000
64625  -2.684  -9.983  71.864 0.8750000000
57969  31.263  -17.092  73.604 0.8750000000
60770  26.537  -14.739  70.158 1.0000000000
60794  26.129  -14.628  69.443 1.0000000000
128982  11.515  -14.181  64.293 1.0000000000
63699  -1.718  -10.886  71.664 0.8750000000
64624  -1.743  -10.249  71.485 1.0000000000
123044  -0.992  -10.762  71.393 1.0000000000
115370  25.690  -14.511  68.738 1.0000000000
60885  12.417  -14.135  63.975 1.0000000000
63698  -1.024  -11.558  71.601 1.0000000000
63697  -0.198  -11.386  71.218 0.8750000000
60818  25.257  -14.448  68.050 1.0000000000
60838  25.654  -14.325  67.293 0.8750000000
62718  -0.511  -12.254  71.428 0.8750000000
61779  24.629  -13.675  65.257 0.8750000000
128107  24.208  -13.525  64.747 0.7500000000
62792  20.812  -13.053  62.898 0.8750000000
61714  -0.042  -12.884  71.121 0.8750000000
60784  0.940  -13.968  70.211 1.0000000000
61827  24.212  -13.212  63.964 0.7500000000
128732  22.827  -13.106  63.094 0.7500000000
59830  0.982  -15.140  69.297 0.7500000000
136518  1.122  -15.926  68.102 0.6250000000
59840  2.020  -15.283  68.285 0.7500000000
59886  3.013  -15.937  65.993 0.2500000000
125175  2.710  -15.285  67.427 0.3750000000
59852  1.878  -15.836  67.667 0.5000000000
59868  2.707  -15.799  66.668 0.2500000000
60638  7.021  -15.294  81.196 1.0000000000
59749  6.298  -15.155  80.556 0.8750000000
61652  6.888  -14.012  79.599 0.8750000000
61658  6.642  -13.562  78.633 0.8750000000
60644  7.314  -14.443  80.776 0.8750000000
60645  6.620  -14.582  80.122 0.8750000000
58798  8.094  -17.169  80.500 1.0000000000
59733  7.878  -15.576  81.525 0.8750000000
122157  6.546  -13.071  77.741 0.8750000000
62675  6.380  -12.435  76.941 0.8750000000
63655  6.358  -11.544  76.531 0.8750000000
64588  6.328  -10.610  76.209 0.8750000000
63662  5.949  -11.556  75.761 0.8750000000
59766  8.812  -15.859  77.621 0.8750000000
136923  8.900  -15.086  77.206 0.8750000000
130439  1.849  -13.338  76.909 1.0000000000
63664  1.234  -11.590  74.974 1.0000000000
62689  0.787  -11.955  75.686 1.0000000000
129891  1.545  -12.188  75.325 1.0000000000
121902  6.290  -9.889  75.582 0.8750000000
59778  8.631  -15.620  76.637 0.8750000000
62697  2.898  -12.397  74.512 0.8750000000
59791  8.499  -15.397  75.686 0.8750000000
63671  3.431  -11.929  73.967 0.8750000000
63681  4.279  -11.406  73.861 0.8750000000
60715  8.449  -14.879  73.983 0.8750000000
64593  -0.237  -10.353  75.220 1.0000000000
64594  -1.204  -9.992  75.629 1.0000000000
57015  15.762  -18.554  78.905 0.7500000000
59817  8.453  -15.589  71.849 1.0000000000
60762  8.728  -14.895  71.407 1.0000000000
64596  -2.839  -9.615  75.815 0.8750000000
57932  16.068  -17.602  78.177 0.8750000000
57931  16.528  -17.302  78.403 0.7500000000
57940  16.065  -17.356  77.274 1.0000000000
64597  -3.519  -9.814  75.230 0.8750000000
58837  15.794  -16.257  74.950 1.0000000000
117574  8.930  -14.954  70.554 1.0000000000
60859  14.845  -15.030  65.839 1.0000000000
60883  14.649  -14.280  64.697 1.0000000000
59822  15.622  -15.506  70.847 1.0000000000
59837  15.551  -15.086  68.957 1.0000000000
58895  15.271  -15.588  67.458 1.0000000000
130741  15.147  -14.387  65.522 1.0000000000
62800  13.344  -12.936  63.077 1.0000000000
62801  12.337  -12.398  63.298 1.0000000000
130073  12.093  -11.778  63.190 1.0000000000
65552  -3.867  -8.486  73.728 0.7500000000
58878  15.382  -15.877  69.022 1.0000000000
136062  14.619  -14.835  65.203 1.0000000000
136608  13.742  -13.908  63.846 1.0000000000
61839  12.704  -13.248  63.490 1.0000000000
60703  29.082  -14.839  74.710 1.0000000000
115674  17.874  -14.508  72.132 1.0000000000
60759  17.378  -14.504  71.384 1.0000000000
60884  13.822  -14.325  64.188 1.0000000000
60894  13.221  -13.999  63.837 1.0000000000
59781  30.680  -15.698  74.774 1.0000000000
60720  29.625  -14.502  74.243 1.0000000000
60748  28.850  -14.573  72.236 1.0000000000
121380  17.918  -14.481  70.687 1.0000000000
121379  17.648  -14.471  69.962 1.0000000000
133780  10.461  -14.079  64.884 1.0000000000
60872  10.080  -14.291  65.327 1.0000000000
65570  -3.750  -7.966  72.383 1.0000000000
58844  30.262  -16.550  74.629 0.8750000000
129120  31.462  -16.088  74.679 0.8750000000
120506  28.047  -14.612  71.294 1.0000000000
60801  18.495  -14.410  69.431 1.0000000000
60845  18.316  -14.229  67.729 1.0000000000
121503  -2.326  -9.490  71.412 1.0000000000
64623  -1.432  -9.756  71.039 0.8750000000
58858  32.034  -16.719  73.259 0.8750000000
137604  27.301  -14.655  70.112 1.0000000000
61753  18.839  -13.967  67.020 1.0000000000
64631  -0.457  -10.484  70.892 0.8750000000
129980  -0.841  -9.767  70.452 0.8750000000
64630  0.292  -10.927  70.554 0.8750000000
57989  31.650  -17.079  71.640 0.7500000000
115071  26.579  -14.473  68.728 1.0000000000
61807  19.460  -13.420  64.617 0.8750000000
61832  19.182  -13.294  63.876 0.8750000000
60837  27.041  -14.252  68.001 1.0000000000
61831  20.001  -13.291  63.985 0.8750000000
133019  0.132  -12.184  71.089 0.8750000000
121588  0.518  -11.733  70.685 0.8750000000
63706  1.127  -11.971  70.196 0.8750000000
60853  25.990  -14.128  66.637 0.8750000000
61764  25.116  -13.890  65.740 0.7500000000
61802  24.846  -13.272  64.606 0.7500000000
62816  21.640  -12.817  62.467 0.8750000000
61724  0.442  -13.446  70.645 0.8750000000
61735  1.649  -13.520  69.788 1.0000000000
62728  1.391  -12.705  70.065 1.0000000000
117996  23.731  -12.781  63.097 0.7500000000
62790  23.116  -12.646  62.568 0.7500000000
62815  22.406  -12.767  62.505 0.7500000000
62835  22.050  -12.418  61.846 0.7500000000
59841  1.711  -14.853  68.992 0.7500000000
59867  3.354  -15.219  66.525 0.2500000000
61651  7.325  -13.740  80.135 0.8750000000
61657  7.145  -13.327  79.352 0.8750000000
59748  9.383  -16.014  80.497 0.8750000000
59735  9.170  -15.696  81.292 0.8750000000
58784  8.464  -15.924  81.390 0.8750000000
62668  6.941  -12.306  77.795 0.8750000000
123119  9.098  -16.375  79.594 0.8750000000
136748  7.624  -15.070  81.441 0.8750000000
59758  9.019  -16.134  78.665 0.8750000000
63653  6.790  -11.563  77.303 0.8750000000
120646  6.625  -10.878  76.945 0.8750000000
59757  9.243  -15.127  78.262 0.8750000000
62698  2.108  -11.999  74.746 1.0000000000
63672  2.642  -11.866  74.131 0.8750000000
124387  8.457  -15.119  74.797 0.8750000000
63673  1.908  -11.272  74.189 1.0000000000
64600  5.530  -10.577  74.245 0.8750000000
65537  5.787  -9.922  74.003 0.8750000000
121385  8.516  -14.056  73.597 1.0000000000
64610  2.245  -10.772  73.612 0.8750000000
63682  3.533  -11.080  73.459 0.8750000000
63680  4.907  -10.887  73.875 0.8750000000
65544  6.151  -9.211  74.116 0.8750000000
64606  5.203  -10.262  73.669 0.8750000000
60743  8.549  -14.836  72.263 1.0000000000
130275  -0.731  -9.621  74.990 0.8750000000
56999  16.471  -18.377  79.013 0.7500000000
65541  -3.103  -8.554  74.513 0.7500000000
64603  -1.684  -9.215  75.338 0.7500000000
65535  -3.057  -9.118  75.214 0.7500000000
65542  -3.674  -9.098  74.478 0.7500000000
58825  16.345  -16.688  76.861 0.8750000000
58836  16.301  -16.294  75.855 1.0000000000
59823  9.064  -15.015  69.785 1.0000000000
124373  16.831  -16.692  77.992 0.8750000000
121259  11.187  -9.274  63.077 0.8750000000
66603  10.699  -8.459  63.952 0.8750000000
119287  10.365  -7.481  65.277 0.8750000000
128595  9.027  -15.215  69.095 1.0000000000
58846  15.533  -16.032  74.105 1.0000000000
59811  15.657  -15.759  72.645 1.0000000000
64693  11.514  -10.471  63.050 0.8750000000
65651  11.072  -9.964  63.576 0.8750000000
65644  10.435  -8.951  64.497 0.8750000000
66582  10.159  -8.483  65.164 0.8750000000
66494  -3.864  -8.067  73.034 0.7500000000
59816  15.649  -15.573  71.730 1.0000000000
129481  15.382  -14.554  66.356 1.0000000000
61838  13.690  -13.495  63.475 1.0000000000
63770  11.615  -11.349  63.454 1.0000000000
64683  10.608  -10.019  64.477 0.8750000000
65635  10.188  -9.487  65.258 0.8750000000
60848  9.182  -14.676  67.370 1.0000000000
61813  14.286  -13.807  64.002 1.0000000000
62802  11.750  -12.069  63.710 1.0000000000
64694  11.058  -10.869  64.002 1.0000000000
133945  10.611  -10.904  64.768 1.0000000000
60860  9.425  -14.539  66.599 1.0000000000
64616  -3.690  -9.157  72.505 0.8750000000
62778  11.229  -12.357  64.341 1.0000000000
63755  10.868  -11.569  64.615 1.0000000000
65569  -3.255  -8.611  71.780 1.0000000000
60701  30.934  -14.798  74.628 1.0000000000
137443  29.667  -14.337  72.737 1.0000000000
60779  16.906  -14.539  70.582 1.0000000000
123837  16.834  -14.505  69.821 1.0000000000
60802  17.342  -14.423  69.117 1.0000000000
60826  17.428  -14.352  68.159 1.0000000000
61840  11.865  -12.840  63.776 1.0000000000
65584  -2.603  -8.422  70.935 0.8750000000
65583  -1.655  -8.859  70.217 0.8750000000
133843  31.196  -15.489  74.752 0.8750000000
60825  18.264  -14.368  68.599 1.0000000000
120613  -0.152  -10.188  70.119 0.8750000000
58851  32.634  -16.271  73.829 0.8750000000
60769  27.782  -14.564  70.471 1.0000000000
130500  28.052  -14.492  69.642 1.0000000000
61768  18.507  -13.738  66.366 0.8750000000
61786  18.203  -13.516  65.158 0.8750000000
61814  11.383  -13.285  64.264 1.0000000000
58865  32.194  -16.773  72.310 0.8750000000
134914  27.678  -14.508  69.131 1.0000000000
60817  28.123  -14.356  68.796 1.0000000000
61785  18.942  -13.517  65.088 0.8750000000
61808  18.648  -13.437  64.498 0.8750000000
62794  18.814  -13.058  63.147 0.8750000000
64638  0.606  -10.691  69.624 0.8750000000
58876  32.454  -16.334  70.392 0.7500000000
62793  19.793  -13.067  63.166 0.8750000000
62818  19.237  -12.729  62.430 0.8750000000
63713  1.276  -11.448  69.493 0.8750000000
61751  26.618  -14.083  67.163 1.0000000000
61762  26.533  -13.784  66.407 0.7500000000
61777  26.232  -13.279  65.314 0.7500000000
62817  20.130  -12.686  62.303 0.8750000000
62736  1.928  -12.714  69.474 0.8750000000
61778  25.477  -13.413  65.145 0.7500000000
61801  25.458  -12.957  64.536 0.6250000000
63803  21.648  -12.032  61.330 0.7500000000
62836  21.058  -12.510  61.911 0.7500000000
62777  25.073  -12.767  64.031 0.7500000000
120057  24.647  -12.515  63.377 0.7500000000
63784  23.714  -12.076  62.304 0.7500000000
62814  22.882  -12.274  61.953 0.7500000000
63802  22.491  -11.689  61.244 0.7500000000
63801  23.367  -11.586  61.586 0.7500000000
60806  2.090  -14.133  69.264 0.7500000000
60875  4.159  -14.644  65.680 0.2500000000
60831  2.341  -14.513  68.653 0.7500000000
61648  7.801  -13.755  81.018 0.8750000000
60637  8.223  -14.679  81.717 0.8750000000
125613  7.558  -13.072  80.166 0.8750000000
62662  7.033  -12.854  78.519 0.8750000000
133447  9.318  -14.395  82.222 0.8750000000
62657  8.076  -12.865  81.119 0.8750000000
62661  7.375  -12.523  79.330 0.8750000000
62667  7.258  -12.156  78.561 0.8750000000
59731  9.688  -15.036  81.737 0.8750000000
61647  8.533  -13.676  82.066 0.8750000000
62659  7.677  -12.193  80.205 0.8750000000
63649  7.458  -11.598  79.216 0.8750000000
64581  7.250  -10.766  78.596 0.8750000000
64585  6.950  -10.782  77.663 0.8750000000
60678  8.714  -14.632  76.324 0.8750000000
65531  6.393  -9.220  76.841 0.8750000000
128217  6.430  -9.747  76.374 0.8750000000
60697  8.565  -14.599  75.401 0.8750000000
118153  8.638  -13.797  75.635 0.8750000000
64599  6.044  -9.927  74.669 0.8750000000
63674  0.784  -10.685  74.611 1.0000000000
65538  0.644  -9.814  74.116 0.8750000000
64601  1.498  -10.413  73.820 0.8750000000
64609  2.837  -10.595  73.269 0.8750000000
64608  3.550  -10.120  73.031 0.8750000000
64607  4.365  -10.542  73.403 0.8750000000
66480  6.387  -9.186  75.066 0.8750000000
123539  12.722  -6.549  69.573 0.7500000000
68473  11.979  -6.389  70.032 0.7500000000
64602  0.059  -9.950  74.671 1.0000000000
115925  1.282  -9.602  73.410 0.8750000000
65548  2.103  -10.109  73.261 0.8750000000
65546  4.898  -9.836  73.206 0.8750000000
65545  5.590  -9.568  73.535 0.8750000000
67452  6.563  -7.858  74.659 0.8750000000
113785  12.731  -6.442  68.700 0.7500000000
116965  11.347  -6.412  70.466 0.8750000000
117589  -1.122  -8.968  74.610 0.8750000000
65539  -0.201  -9.339  74.352 0.8750000000
133334  2.724  -9.815  72.903 0.8750000000
65557  3.940  -9.393  72.633 0.8750000000
65555  5.301  -9.275  73.042 0.8750000000
66488  6.353  -8.280  73.838 0.8750000000
119218  12.649  -6.195  67.833 0.7500000000
68483  11.839  -6.251  69.115 0.7500000000
65540  -2.110  -8.669  74.728 0.8750000000
65558  1.972  -9.331  72.742 0.8750000000
137206  2.639  -9.333  72.607 0.8750000000
66500  4.396  -8.807  72.278 0.8750000000
66499  5.293  -8.693  72.584 0.8750000000
68512  12.446  -6.003  67.044 0.7500000000
69405  11.832  -5.918  67.575 0.7500000000
68484  10.860  -6.347  69.020 0.7500000000
66481  -2.588  -8.126  73.879 0.8750000000
69418  11.802  -5.974  66.854 0.7500000000
115641  11.214  -6.121  67.055 0.8750000000
127940  10.800  -6.361  68.166 0.8750000000
66516  4.035  -8.360  71.672 0.8750000000
129985  16.632  -16.545  77.348 0.8750000000
58824  16.676  -16.168  76.638 1.0000000000
68543  11.495  -6.398  65.627 0.7500000000
67609  10.482  -6.831  65.960 0.7500000000
68527  10.148  -6.928  66.755 0.8750000000
66493  -3.458  -7.965  73.434 0.7500000000
66506  -2.924  -7.500  72.882 0.7500000000
59790  16.117  -15.764  75.101 1.0000000000
129703  11.128  -7.855  63.394 0.8750000000
67625  10.939  -7.189  64.402 0.8750000000
135058  9.939  -8.105  65.745 0.8750000000
59799  15.852  -15.604  74.403 1.0000000000
60731  16.060  -15.177  72.920 1.0000000000
121202  15.874  -15.120  72.169 1.0000000000
65636  9.878  -8.896  65.861 0.8750000000
66507  -3.521  -7.593  72.534 0.8750000000
62825  12.907  -12.504  62.872 1.0000000000
64707  12.102  -10.428  62.274 1.0000000000
66522  -3.485  -7.271  71.960 0.8750000000
67499  -2.546  -7.185  71.223 0.8750000000
67526  -2.083  -7.365  70.536 0.8750000000
67549  -1.718  -7.586  69.651 0.8750000000
60714  16.790  -14.840  74.119 1.0000000000
60871  15.426  -13.870  65.102 1.0000000000
62799  14.014  -13.013  62.938 1.0000000000
63809  13.518  -11.462  61.623 1.0000000000
61770  9.569  -13.594  66.602 1.0000000000
66521  -3.339  -7.570  71.568 0.8750000000
66532  -2.775  -7.517  70.924 0.8750000000
66542  -2.199  -7.616  70.292 0.8750000000
65597  -1.687  -8.416  69.219 0.8750000000
60730  16.669  -14.777  73.105 1.0000000000
60760  16.488  -14.604  71.406 1.0000000000
60780  16.245  -14.633  70.099 1.0000000000
114728  10.599  -12.170  65.058 1.0000000000
66531  -2.246  -7.973  70.048 0.8750000000
61692  31.790  -14.170  74.310 1.0000000000
135348  31.303  -14.453  74.403 1.0000000000
61699  31.117  -14.010  73.938 1.0000000000
113741  16.657  -14.252  67.601 1.0000000000
62779  10.763  -12.996  64.754 1.0000000000
61789  10.364  -13.588  65.089 1.0000000000
61790  9.893  -13.532  65.739 1.0000000000
65596  -0.915  -9.334  69.642 0.8750000000
59794  32.481  -15.164  74.627 1.0000000000
126886  31.733  -15.210  74.701 1.0000000000
60747  29.727  -14.341  71.898 1.0000000000
60846  17.447  -14.174  67.419 1.0000000000
61787  16.781  -13.562  65.775 1.0000000000
61809  17.707  -13.434  64.445 0.8750000000
59793  33.537  -14.941  74.273 1.0000000000
60768  29.449  -14.322  70.366 0.8750000000
60792  28.934  -14.340  69.790 0.8750000000
61754  17.959  -13.979  66.871 0.8750000000
119122  17.421  -13.495  65.239 0.8750000000
61834  17.639  -13.298  63.692 0.8750000000
62819  18.341  -12.743  62.430 0.8750000000
58856  33.384  -16.009  72.603 0.8750000000
58864  32.802  -16.455  72.135 0.8750000000
61833  18.332  -13.322  63.790 0.8750000000
58863  33.140  -16.100  71.472 0.7500000000
61742  27.883  -14.089  68.102 1.0000000000
62838  19.592  -12.394  61.710 0.8750000000
59828  32.106  -16.047  69.372 0.7500000000
61750  27.579  -13.784  67.344 1.0000000000
61761  27.289  -13.456  66.508 0.8750000000
61776  26.808  -13.299  65.804 0.7500000000
63805  19.974  -11.963  61.110 0.7500000000
129126  19.182  -11.992  61.084 0.8750000000
62745  1.875  -11.973  69.081 0.8750000000
62766  26.730  -12.737  65.136 0.6250000000
61800  26.088  -12.876  64.745 0.6250000000
63823  21.711  -11.467  60.727 0.7500000000
63804  20.853  -11.916  61.066 0.7500000000
62776  26.545  -12.147  64.485 0.6250000000
62788  25.424  -12.148  63.561 0.6250000000
62789  24.355  -12.182  62.778 0.6250000000
64726  23.166  -11.005  60.959 0.7500000000
61734  2.274  -13.395  69.148 0.7500000000
63800  24.012  -11.375  61.858 0.6250000000
137216  3.403  -14.615  67.104 0.7500000000
127014  2.513  -13.914  68.820 0.7500000000
59734  9.767  -15.391  81.159 0.8750000000
60655  9.747  -14.679  79.378 0.8750000000
60643  10.008  -15.128  80.609 0.8750000000
60635  10.091  -14.530  81.987 0.8750000000
61645  9.195  -13.510  82.461 0.8750000000
62656  8.697  -12.747  82.165 0.8750000000
64578  7.473  -10.763  79.622 0.8750000000
64582  6.823  -10.032  78.116 0.8750000000
65527  6.400  -9.338  77.715 0.8750000000
63643  8.945  -11.904  82.239 0.8750000000
63645  8.189  -11.840  81.105 0.8750000000
63647  7.709  -11.450  80.149 0.8750000000
64586  6.603  -10.032  77.118 0.8750000000
67450  10.490  -7.391  74.207 1.0000000000
129177  6.100  -8.654  77.345 0.8750000000
114799  13.978  -7.565  71.693 0.7500000000
68456  11.294  -6.647  72.262 1.0000000000
68451  11.847  -6.854  72.916 1.0000000000
67460  11.400  -7.089  73.713 1.0000000000
66460  6.328  -8.454  76.470 0.8750000000
123199  6.448  -9.121  75.978 0.8750000000
67541  14.221  -7.262  69.803 0.6250000000
122031  14.310  -7.506  70.959 0.6250000000
67488  13.054  -7.279  71.899 0.8750000000
68455  12.155  -6.852  72.093 1.0000000000
67461  10.514  -6.940  73.279 1.0000000000
123459  8.521  -13.203  74.902 0.8750000000
66471  6.505  -8.319  75.482 0.8750000000
67576  16.076  -7.207  68.286 0.6250000000
67540  14.909  -7.441  69.074 0.6250000000
67516  13.752  -7.150  70.451 0.6250000000
68462  12.475  -6.841  71.292 0.8750000000
68452  11.100  -6.730  72.955 1.0000000000
121386  8.535  -14.121  74.615 0.8750000000
67443  6.567  -7.321  75.364 0.8750000000
129646  6.445  -8.595  74.619 0.8750000000
67560  16.486  -6.945  68.264 0.6250000000
123562  13.428  -6.826  69.910 0.6250000000
133808  12.003  -6.546  70.729 1.0000000000
68463  11.514  -6.577  71.348 1.0000000000
68457  10.569  -6.717  72.496 1.0000000000
129457  6.528  -7.467  74.064 0.8750000000
137466  16.348  -7.013  67.833 0.6250000000
68495  14.385  -7.174  68.468 0.6250000000
68482  13.679  -6.965  69.103 0.7500000000
68474  10.778  -6.514  70.850 1.0000000000
68475  10.193  -6.750  71.026 1.0000000000
65550  -0.566  -8.739  73.866 0.8750000000
65549  0.369  -9.080  73.672 0.8750000000
66498  6.062  -8.179  72.921 0.8750000000
68496  13.559  -6.729  68.160 0.7500000000
134888  10.455  -6.616  70.534 1.0000000000
68486  10.147  -6.738  70.229 1.0000000000
65559  0.943  -8.829  72.922 0.8750000000
66502  2.621  -8.831  72.264 0.8750000000
137250  12.890  -6.271  66.493 0.7500000000
68499  10.173  -6.697  69.402 1.0000000000
67562  9.599  -7.106  68.945 0.8750000000
60783  8.841  -14.155  70.937 1.0000000000
65551  -1.547  -8.499  73.947 0.8750000000
66491  -1.087  -8.163  73.280 0.8750000000
66490  -0.031  -8.329  73.175 0.8750000000
66501  3.569  -8.846  72.200 0.8750000000
66515  4.825  -8.199  71.834 0.8750000000
67492  5.267  -7.505  71.409 0.8750000000
115217  12.911  -6.355  65.779 0.7500000000
117206  10.163  -6.714  68.383 0.8750000000
127773  9.206  -7.765  68.530 0.8750000000
60782  9.129  -14.143  70.034 1.0000000000
130573  -1.851  -7.571  72.780 0.8750000000
66504  0.519  -8.062  72.422 0.8750000000
66503  1.543  -8.504  72.297 0.8750000000
66517  3.158  -8.390  71.668 0.8750000000
128833  3.617  -7.986  71.190 0.8750000000
67493  4.428  -7.704  71.055 0.8750000000
126183  11.596  -6.562  64.719 0.7500000000
67591  9.664  -7.606  66.935 0.8750000000
66559  9.375  -8.427  67.150 0.8750000000
115470  9.786  -10.029  66.948 0.8750000000
66505  -0.797  -7.624  72.425 0.8750000000
66519  1.132  -7.932  71.722 0.8750000000
66518  2.165  -8.212  71.689 0.8750000000
67495  1.777  -7.746  71.061 0.8750000000
67494  2.811  -7.902  71.093 0.8750000000
115163  11.346  -7.864  62.948 0.8750000000
67657  11.676  -7.322  62.910 0.8750000000
64675  9.978  -9.815  66.112 0.8750000000
64665  9.972  -10.630  66.434 0.8750000000
134859  -1.750  -7.363  72.319 0.8750000000
66520  0.077  -7.564  71.733 0.8750000000
67496  0.674  -7.612  71.003 0.8750000000
67523  1.335  -7.579  70.188 0.8750000000
59789  16.699  -15.660  75.689 1.0000000000
59806  15.737  -15.599  73.577 1.0000000000
65669  11.808  -9.144  61.813 0.8750000000
66613  12.139  -8.400  61.597 0.8750000000
66623  12.665  -8.642  61.007 0.8750000000
60829  9.216  -14.039  67.833 1.0000000000
133627  -1.910  -7.202  71.752 0.8750000000
134065  -0.911  -7.350  71.564 0.8750000000
67497  -0.478  -7.372  70.916 0.8750000000
67524  0.082  -7.490  70.179 0.8750000000
59805  16.145  -15.125  73.844 1.0000000000
60761  15.929  -14.890  71.370 1.0000000000
60781  15.894  -14.896  70.426 1.0000000000
59850  15.580  -14.929  68.126 1.0000000000
134866  15.939  -14.101  66.890 1.0000000000
64728  12.576  -10.248  61.546 0.8750000000
64754  12.990  -9.874  60.869 0.8750000000
65683  13.464  -9.373  60.460 0.8750000000
64674  10.260  -10.518  65.470 1.0000000000
63732  10.112  -11.180  65.944 1.0000000000
67476  -3.300  -7.112  72.049 0.8750000000
67525  -1.200  -7.345  70.046 0.8750000000
132860  -0.415  -7.412  69.481 0.8750000000
60742  16.233  -14.774  72.181 1.0000000000
60804  15.858  -14.804  69.572 1.0000000000
60847  15.936  -14.498  67.855 1.0000000000
60858  15.683  -13.956  65.974 1.0000000000
62798  14.833  -12.912  62.926 1.0000000000
62844  13.842  -12.074  62.016 1.0000000000
64753  13.717  -10.201  60.527 0.8750000000
63743  10.414  -11.396  65.292 1.0000000000
60873  9.688  -14.172  65.997 1.0000000000
134621  16.178  -14.677  70.777 1.0000000000
60803  16.327  -14.549  69.333 1.0000000000
61769  16.196  -13.737  66.224 1.0000000000
61811  15.821  -13.489  64.621 1.0000000000
132629  14.909  -12.541  62.331 1.0000000000
63808  14.929  -11.730  61.159 1.0000000000
64752  14.598  -10.359  60.143 0.8750000000
62767  10.251  -12.811  65.447 1.0000000000
67567  -1.432  -7.769  68.778 0.8750000000
65609  -1.465  -8.334  68.585 0.8750000000
114047  32.093  -14.448  74.534 1.0000000000
60827  16.505  -14.441  68.482 1.0000000000
62797  16.383  -13.067  63.372 1.0000000000
129846  15.969  -12.059  61.271 1.0000000000
63829  15.640  -11.458  60.577 0.8750000000
64778  15.319  -10.033  59.622 0.8750000000
119855  -1.029  -9.046  68.594 0.8750000000
61691  32.549  -13.697  74.198 1.0000000000
61706  31.047  -13.835  73.275 1.0000000000
60746  30.339  -14.091  72.587 1.0000000000
61810  16.697  -13.451  64.817 1.0000000000
132224  16.984  -13.324  63.936 1.0000000000
62841  16.828  -12.387  61.703 0.8750000000
128402  16.447  -11.738  60.640 0.8750000000
64751  15.451  -10.776  60.057 0.8750000000
64639  -0.108  -9.843  69.192 0.8750000000
59810  33.928  -15.422  73.113 0.8750000000
61712  31.019  -13.767  72.261 0.8750000000
132561  30.410  -14.092  71.760 0.8750000000
62796  17.174  -13.055  63.186 0.8750000000
62840  17.825  -12.421  61.679 0.8750000000
63828  17.027  -11.506  60.098 0.8750000000
59815  33.803  -15.387  72.182 0.8750000000
113839  30.944  -13.801  71.103 0.8750000000
60767  30.013  -14.269  71.062 0.8750000000
60816  28.942  -14.172  69.055 0.8750000000
62839  18.751  -12.427  61.711 0.8750000000
63806  18.305  -12.057  60.986 0.8750000000
64648  0.549  -10.353  68.716 0.8750000000
59826  33.560  -15.222  70.259 0.7500000000
59827  32.807  -15.635  69.795 0.7500000000
137089  30.405  -13.651  69.613 0.8750000000
61721  29.700  -14.026  69.562 0.8750000000
63825  19.648  -11.568  60.486 0.7500000000
63721  1.560  -11.331  68.646 0.8750000000
59835  32.485  -15.244  68.849 0.6250000000
59847  32.082  -15.254  67.930 0.5000000000
135055  29.563  -13.852  69.014 0.8750000000
61748  29.191  -13.171  67.815 0.8750000000
61749  28.416  -13.493  67.557 1.0000000000
63824  20.977  -11.297  60.349 0.7500000000
128521  20.339  -11.576  60.585 0.7500000000
62751  28.910  -12.784  67.101 0.8750000000
61760  28.159  -13.167  66.788 1.0000000000
62760  27.819  -12.815  66.169 0.6250000000
64747  22.467  -10.831  60.537 0.7500000000
63720  2.185  -11.830  68.284 0.8750000000
62765  28.023  -12.125  65.818 0.6250000000
63753  26.995  -11.430  64.650 0.5000000000
62787  26.074  -11.771  63.876 0.5000000000
63769  25.007  -11.850  62.961 0.5000000000
64725  23.801  -10.858  61.389 0.5000000000
63726  3.120  -12.124  67.040 0.7500000000
62754  2.773  -12.561  67.862 0.7500000000
62744  2.346  -12.611  68.746 0.7500000000
122133  27.639  -11.951  65.397 0.5000000000
63754  26.538  -11.417  64.231 0.5000000000
63768  25.607  -11.352  63.303 0.5000000000
64724  24.408  -10.768  61.870 0.5000000000
62753  3.469  -12.903  67.255 0.7500000000
61757  3.188  -13.508  67.868 0.7500000000
65657  25.091  -9.997  62.745 0.5000000000
63782  25.163  -11.241  62.725 0.5000000000
61771  3.651  -13.759  67.160 0.7500000000
60849  3.178  -14.372  67.735 0.7500000000
61744  2.687  -13.355  68.476 0.7500000000
132112  2.653  -14.720  68.107 0.7500000000
61650  10.304  -14.075  80.394 0.8750000000
61646  10.258  -14.612  81.372 0.8750000000
61644  9.880  -13.746  82.367 0.8750000000
62653  10.206  -12.900  82.200 0.8750000000
65522  6.426  -9.391  78.659 0.8750000000
66439  5.895  -8.894  79.211 0.8750000000
62654  9.471  -12.823  82.475 0.8750000000
65517  6.592  -9.382  79.692 0.8750000000
67459  12.460  -7.277  73.563 1.0000000000
64575  7.897  -10.900  80.540 0.8750000000
65511  7.483  -9.810  81.042 0.8750000000
65516  7.332  -10.039  80.244 0.8750000000
67469  12.770  -7.210  72.731 1.0000000000
60665  9.103  -14.214  77.330 0.7500000000
125429  8.839  -13.823  76.479 0.8750000000
64571  8.464  -10.997  81.353 0.8750000000
124689  7.821  -10.376  80.955 0.8750000000
67431  6.001  -7.850  77.056 0.8750000000
67515  15.263  -7.725  70.572 0.6250000000
137646  15.728  -7.389  68.763 0.6250000000
115873  15.184  -7.587  69.853 0.6250000000
132449  16.550  -6.314  68.249 0.6250000000
67539  15.906  -7.516  69.332 0.6250000000
67470  10.042  -6.932  72.769 1.0000000000
61693  8.483  -13.273  74.025 0.8750000000
117282  6.443  -6.799  75.966 0.8750000000
68508  16.462  -6.809  67.607 0.6250000000
61700  8.519  -13.268  73.121 1.0000000000
121384  8.558  -14.058  72.685 1.0000000000
69410  16.545  -6.238  67.340 0.6250000000
68509  16.325  -7.020  67.219 0.6250000000
114898  15.609  -7.114  66.990 0.7500000000
130783  15.781  -7.161  67.731 0.6250000000
68510  14.635  -7.043  67.654 0.6250000000
67489  9.627  -7.121  71.313 1.0000000000
124541  8.686  -14.094  71.805 1.0000000000
67463  6.383  -7.460  73.359 0.8750000000
126785  14.571  -6.926  66.710 0.7500000000
67542  9.634  -7.067  69.789 1.0000000000
67491  5.951  -7.165  71.850 0.8750000000
68541  13.841  -6.555  65.446 0.6250000000
66549  8.905  -8.523  68.992 0.8750000000
61722  8.918  -13.462  70.534 1.0000000000
68558  14.012  -6.471  64.596 0.6250000000
66548  9.094  -8.660  68.052 0.8750000000
60805  9.176  -14.473  69.201 1.0000000000
61733  9.271  -13.765  69.312 1.0000000000
68576  12.537  -6.593  63.265 0.7500000000
65607  9.167  -9.638  68.073 0.8750000000
130655  9.261  -13.938  68.615 1.0000000000
67521  3.572  -7.562  70.477 0.8750000000
68609  12.885  -6.911  61.820 0.7500000000
64656  9.478  -10.220  67.700 1.0000000000
67522  2.479  -7.588  70.410 0.8750000000
67667  13.371  -7.034  61.391 0.7500000000
66622  13.267  -8.507  60.579 0.8750000000
124014  9.760  -10.808  67.259 1.0000000000
63733  9.889  -11.361  66.670 1.0000000000
135314  9.310  -14.053  67.160 1.0000000000
136052  2.189  -7.437  69.774 0.8750000000
67677  13.493  -7.558  60.819 0.8750000000
66621  14.028  -8.157  60.221 0.8750000000
116918  0.554  -7.457  69.463 0.8750000000
66633  14.547  -8.787  59.736 0.7500000000
62761  10.102  -11.950  65.896 1.0000000000
67548  -1.077  -7.446  69.143 0.8750000000
65703  15.294  -9.228  59.375 0.8750000000
61695  34.576  -13.829  73.645 1.0000000000
60718  34.123  -14.341  73.970 1.0000000000
61690  33.362  -13.986  74.253 1.0000000000
66644  16.785  -8.718  58.603 0.6250000000
65724  16.518  -9.323  58.786 0.8750000000
61698  31.837  -13.732  73.901 1.0000000000
65701  16.780  -10.045  59.051 0.7500000000
64777  16.087  -10.441  59.578 0.8750000000
61703  34.946  -14.014  73.069 1.0000000000
60717  34.516  -14.485  73.348 1.0000000000
59809  34.285  -14.930  73.230 1.0000000000
61705  31.783  -13.491  72.944 0.8750000000
119420  18.894  -10.593  59.178 0.7500000000
64790  18.443  -9.989  58.688 0.7500000000
64686  2.087  -10.643  63.921 0.5000000000
60733  34.710  -14.454  72.854 1.0000000000
59819  34.294  -14.846  71.850 0.8750000000
63847  18.432  -11.147  59.695 0.7500000000
135624  2.606  -10.679  64.541 0.7500000000
63747  1.277  -11.044  65.605 0.7500000000
60764  35.274  -14.106  72.005 1.0000000000
60765  34.741  -14.458  71.334 1.0000000000
134627  34.106  -14.886  71.018 0.7500000000
62741  30.629  -12.642  68.583 0.8750000000
121238  19.779  -10.511  59.303 0.7500000000
64657  1.092  -10.773  68.276 0.8750000000
61730  34.980  -13.824  69.902 1.0000000000
60790  34.209  -14.253  69.512 0.6250000000
59834  33.129  -15.058  69.442 0.6250000000
61732  30.123  -13.463  68.894 0.8750000000
62742  29.936  -12.902  68.158 0.8750000000
62750  29.667  -12.292  67.459 0.8750000000
64772  21.397  -10.223  59.646 0.6250000000
64773  20.622  -10.362  59.452 0.7500000000
63746  2.548  -11.152  65.811 0.7500000000
122414  33.614  -13.634  67.288 0.5000000000
61747  33.601  -13.891  68.043 0.5000000000
60835  32.358  -14.579  67.371 0.5000000000
120035  22.847  -10.106  60.349 0.5000000000
64771  22.167  -10.154  59.939 0.7500000000
63734  3.334  -11.765  66.271 0.7500000000
63735  2.584  -11.495  66.672 0.7500000000
61758  33.609  -13.348  66.543 0.3750000000
61759  32.851  -13.867  66.744 0.3750000000
62759  28.545  -12.310  66.440 0.8750000000
126766  24.645  -9.385  62.659 0.5000000000
65659  24.222  -9.098  62.047 0.5000000000
65666  24.125  -10.032  61.488 0.5000000000
136761  23.012  -10.555  60.644 0.5000000000
62762  3.732  -12.511  66.564 0.7500000000
61773  33.168  -13.275  65.778 0.3750000000
61796  32.545  -13.409  65.291 0.3750000000
64672  27.663  -10.639  65.468 0.5000000000
64681  26.672  -10.662  64.456 0.5000000000
64692  25.781  -10.658  63.442 0.5000000000
134629  32.285  -13.317  64.776 0.3750000000
65658  24.631  -9.992  62.148 0.5000000000
60664  9.455  -14.219  78.374 0.8750000000
63642  9.848  -12.041  82.322 0.8750000000
129901  9.351  -13.307  77.993 0.7500000000
62666  9.175  -12.573  77.273 0.7500000000
121864  10.344  -11.306  82.056 0.8750000000
66440  5.357  -8.368  78.852 0.8750000000
66449  5.552  -8.134  77.906 0.8750000000
67468  13.684  -7.579  72.482 0.8750000000
67458  13.417  -7.598  73.326 0.8750000000
61666  9.050  -13.314  76.947 0.7500000000
62674  8.930  -12.732  76.584 0.8750000000
122182  9.966  -10.431  81.862 0.8750000000
64572  8.342  -10.031  81.391 0.8750000000
66430  7.404  -9.211  81.448 0.8750000000
66431  6.535  -8.698  81.278 0.8750000000
136428  8.625  -13.056  75.580 0.8750000000
62682  8.710  -12.558  75.982 0.8750000000
66425  8.240  -9.058  81.646 0.8750000000
68446  5.948  -6.110  77.088 0.8750000000
68435  6.133  -6.884  76.810 0.8750000000
67538  16.315  -7.178  68.831 0.6250000000
68447  6.553  -6.301  75.282 0.8750000000
70256  15.941  -4.019  66.728 0.2500000000
69382  6.496  -5.533  74.768 0.8750000000
68449  6.604  -6.171  74.510 0.8750000000
71117  15.655  -3.129  66.026 0.1250000000
70250  16.359  -5.202  67.017 0.3750000000
121173  9.455  -7.280  71.934 1.0000000000
61707  8.596  -13.259  72.211 1.0000000000
69388  6.563  -5.642  73.068 0.8750000000
68453  6.565  -6.605  73.853 0.8750000000
126019  15.519  -2.310  65.421 0.1250000000
70255  16.345  -5.135  66.143 0.3750000000
68521  16.268  -7.112  66.417 0.6250000000
67518  9.249  -7.489  70.876 1.0000000000
61713  8.691  -13.309  71.300 1.0000000000
68466  6.297  -6.367  71.714 0.8750000000
133839  6.318  -6.706  72.294 0.8750000000
67473  6.189  -7.389  72.580 0.8750000000
70264  16.396  -5.150  65.266 0.3750000000
69426  16.488  -6.183  65.645 0.3750000000
68539  16.140  -7.177  65.661 0.5000000000
68540  15.226  -7.019  65.261 0.5000000000
67543  9.173  -7.605  70.213 1.0000000000
69392  6.477  -5.613  71.768 0.8750000000
68467  5.788  -6.704  71.062 0.8750000000
68556  16.009  -7.018  64.860 0.6250000000
65608  8.935  -9.456  68.722 1.0000000000
134945  5.512  -6.639  70.540 0.8750000000
67519  5.147  -7.105  70.691 0.8750000000
68557  15.189  -6.691  64.278 0.6250000000
67520  4.531  -7.148  70.220 0.8750000000
68592  14.107  -6.418  62.719 0.6250000000
137317  9.521  -10.881  67.956 1.0000000000
61743  9.357  -13.442  68.193 1.0000000000
67544  3.954  -7.145  69.629 0.8750000000
125464  14.446  -6.508  61.993 0.6250000000
68608  15.159  -6.547  61.679 0.6250000000
61756  9.420  -13.411  67.503 1.0000000000
114585  3.052  -7.369  69.744 0.8750000000
68624  15.033  -6.820  60.916 0.7500000000
132311  9.801  -12.077  66.708 1.0000000000
120791  9.611  -12.694  67.126 1.0000000000
68623  15.247  -7.209  60.245 0.7500000000
62768  9.809  -12.759  66.222 1.0000000000
67547  -0.123  -7.382  68.874 0.8750000000
67687  15.687  -7.558  59.574 0.6250000000
67686  16.857  -7.433  58.883 0.6250000000
134183  15.936  -8.085  59.120 0.6250000000
66550  -1.374  -8.142  68.417 0.8750000000
61696  33.942  -13.497  74.068 1.0000000000
62692  33.264  -13.242  74.111 1.0000000000
67698  17.155  -8.019  58.570 0.6250000000
66631  16.470  -8.104  58.788 0.6250000000
64735  0.340  -11.183  61.170 0.5000000000
65620  -1.022  -8.658  67.960 0.8750000000
62703  33.819  -12.700  73.930 1.0000000000
61697  32.543  -13.237  73.672 0.8750000000
132401  17.983  -9.343  58.470 0.5000000000
64713  1.208  -10.966  62.387 0.6250000000
61694  35.046  -13.201  73.496 1.0000000000
62702  34.473  -12.594  73.765 1.0000000000
63678  33.724  -12.228  73.599 0.8750000000
62709  33.102  -12.548  73.221 0.8750000000
61704  32.445  -12.999  72.535 0.8750000000
64774  19.332  -9.941  58.755 0.7500000000
65722  18.856  -9.290  58.497 0.6250000000
63759  0.851  -11.006  64.169 0.6250000000
64649  -0.149  -9.656  68.283 0.8750000000
62712  36.218  -12.472  71.826 1.0000000000
62713  35.795  -13.033  72.323 1.0000000000
62701  34.940  -12.151  73.514 0.8750000000
63687  34.024  -11.341  73.337 0.8750000000
62726  31.877  -13.015  70.691 0.8750000000
65721  19.760  -9.205  58.575 0.7500000000
62730  37.252  -12.201  69.913 1.0000000000
62724  37.077  -12.145  70.488 1.0000000000
61718  36.472  -12.794  70.611 1.0000000000
137907  35.567  -13.719  71.693 1.0000000000
114493  33.711  -10.726  72.611 0.8750000000
63695  33.154  -11.538  71.719 0.8750000000
62725  32.675  -12.204  70.985 0.8750000000
61731  30.863  -13.098  69.275 0.8750000000
127028  21.444  -8.953  59.031 0.5000000000
65720  20.637  -9.066  58.715 0.7500000000
64666  0.938  -10.718  67.589 0.8750000000
62738  37.135  -12.145  69.115 0.8750000000
121222  35.720  -13.008  69.208 1.0000000000
61729  35.793  -13.370  70.142 1.0000000000
63694  33.200  -10.760  71.548 0.8750000000
63704  32.745  -11.265  70.636 0.8750000000
62732  32.257  -12.069  70.070 0.8750000000
128773  31.719  -11.845  69.389 0.8750000000
62749  30.413  -12.081  67.991 0.8750000000
65681  22.547  -9.319  59.899 0.5000000000
136168  22.040  -8.892  59.408 0.5000000000
116081  21.048  -9.659  59.198 0.7500000000
128436  1.784  -11.161  66.388 0.7500000000
63736  1.097  -10.920  66.905 0.7500000000
63728  1.645  -11.190  67.759 0.7500000000
62746  36.608  -11.975  68.124 0.7500000000
62739  36.089  -12.560  68.665 0.7500000000
62747  35.628  -12.448  67.668 0.7500000000
61738  35.183  -13.058  68.430 0.7500000000
64627  32.834  -10.275  71.055 0.8750000000
64634  32.432  -10.613  70.278 0.8750000000
63710  31.606  -11.133  69.223 0.8750000000
137530  31.378  -11.661  68.902 0.8750000000
63725  29.495  -11.451  67.133 0.8750000000
66600  24.360  -8.672  63.025 0.5000000000
66607  23.866  -8.205  62.591 0.5000000000
132620  23.427  -8.755  60.924 0.5000000000
130528  1.957  -11.255  67.047 0.7500000000
63727  2.419  -11.687  67.448 0.7500000000
62748  35.061  -12.651  67.014 0.7500000000
61746  34.359  -13.092  66.926 0.5000000000
64635  31.825  -10.403  69.796 0.8750000000
64642  31.279  -10.658  69.127 0.8750000000
64653  30.241  -10.804  68.023 0.8750000000
63724  30.090  -11.397  67.645 0.8750000000
64662  29.203  -10.902  66.908 0.6250000000
65643  24.798  -9.021  64.354 0.5000000000
66591  24.327  -8.516  63.987 0.5000000000
65667  23.713  -9.315  61.215 0.5000000000
64746  23.461  -10.217  60.868 0.5000000000
61772  34.052  -12.826  66.047 0.6250000000
62774  32.974  -12.929  64.764 0.3750000000
64644  29.972  -10.242  68.340 0.6250000000
64663  28.635  -10.739  66.460 0.6250000000
65641  26.304  -9.821  64.797 0.5000000000
65642  25.495  -9.417  64.585 0.5000000000
61822  32.230  -12.975  64.064 0.3750000000
64655  28.988  -10.375  67.157 0.5000000000
65623  28.332  -10.050  66.861 0.5000000000
64664  28.030  -10.268  66.129 0.6250000000
117393  27.594  -9.772  66.682 0.6250000000
61656  9.799  -13.728  79.102 0.8750000000
123946  10.197  -13.050  79.751 0.8750000000
61649  10.497  -13.168  80.761 0.8750000000
62655  10.668  -12.689  81.516 0.8750000000
62665  9.463  -12.318  78.229 0.7500000000
121309  9.314  -11.742  77.528 0.7500000000
63641  10.693  -12.088  81.914 0.8750000000
66434  6.052  -8.780  80.333 0.8750000000
137712  5.426  -8.519  79.707 0.8750000000
67425  4.985  -7.693  78.530 0.8750000000
67415  6.144  -8.068  81.554 0.8750000000
66432  5.851  -8.373  81.131 0.8750000000
123708  9.168  -9.914  81.546 0.8750000000
66426  7.152  -8.355  81.583 0.8750000000
68428  4.853  -6.890  78.300 0.8750000000
67513  16.547  -7.279  69.594 0.6250000000
67514  16.141  -7.705  70.028 0.5000000000
67486  15.115  -7.854  71.433 0.6250000000
62693  8.538  -12.496  75.205 0.8750000000
124206  9.130  -9.235  81.589 0.8750000000
126709  7.990  -8.276  81.640 0.8750000000
69371  5.874  -5.470  76.717 0.8750000000
70251  16.069  -4.386  67.527 0.5000000000
122777  16.375  -5.233  67.882 0.5000000000
116492  16.770  -7.585  70.375 0.5000000000
67485  16.246  -7.936  70.766 0.6250000000
67466  16.325  -8.150  71.522 0.6250000000
67462  9.767  -7.380  73.461 1.0000000000
67471  9.557  -7.302  72.592 1.0000000000
63669  8.481  -11.829  73.903 1.0000000000
70207  6.218  -4.955  75.144 0.8750000000
68471  16.745  -6.734  69.592 0.5000000000
67472  9.005  -7.828  72.261 1.0000000000
62717  8.517  -12.494  72.653 1.0000000000
71076  6.229  -4.215  72.516 0.8750000000
70220  5.819  -4.056  73.907 0.8750000000
73981  15.500  -0.663  65.178 0.1250000000
73039  15.486  -1.494  64.866 0.1250000000
70265  16.058  -4.137  65.686 0.3750000000
67490  9.086  -7.667  71.496 1.0000000000
116501  8.597  -9.227  71.256 1.0000000000
71082  6.161  -4.038  71.654 0.8750000000
70230  6.464  -4.802  71.915 0.8750000000
74909  16.021  0.722  64.069 0.1250000000
73987  15.550  -0.715  64.282 0.1250000000
71129  15.731  -3.279  64.951 0.1250000000
70274  16.163  -4.277  64.929 0.3750000000
66530  8.780  -8.276  70.839 1.0000000000
62727  8.776  -12.572  70.659 1.0000000000
118955  6.441  -5.197  71.232 0.8750000000
68476  6.304  -5.884  71.056 0.8750000000
74918  15.809  -0.028  63.746 0.1250000000
73995  15.791  -0.820  63.504 0.1250000000
71141  15.737  -2.959  63.940 0.1250000000
71128  16.080  -3.928  64.215 0.3750000000
69434  16.514  -6.098  64.704 0.5000000000
133869  16.221  -6.642  64.600 0.5000000000
65595  8.756  -9.353  69.535 1.0000000000
62734  9.180  -13.107  69.766 1.0000000000
69397  6.233  -5.182  70.454 0.8750000000
73994  16.182  -0.278  63.094 0.1250000000
72054  16.057  -2.511  63.036 0.1250000000
71140  16.188  -3.590  63.360 0.2500000000
127360  16.490  -5.664  63.817 0.5000000000
68572  16.338  -6.290  63.912 0.6250000000
64646  8.855  -10.099  69.209 1.0000000000
64645  9.173  -10.382  68.504 1.0000000000
122845  9.382  -13.213  68.873 1.0000000000
69401  5.831  -5.483  69.792 0.8750000000
68477  5.849  -6.110  70.335 0.8750000000
133861  5.230  -6.639  70.113 0.8750000000
123613  16.479  -4.291  62.940 0.2500000000
70283  16.524  -5.260  63.041 0.5000000000
68590  16.179  -6.385  63.131 0.6250000000
123551  9.352  -11.253  68.541 1.0000000000
117570  9.631  -11.711  67.633 1.0000000000
62752  9.465  -12.678  68.141 1.0000000000
71156  16.526  -3.405  62.434 0.2500000000
127027  16.574  -5.703  62.541 0.5000000000
68607  16.023  -6.435  62.181 0.6250000000
68490  3.427  -7.084  69.028 0.8750000000
70307  16.950  -4.717  61.511 0.3750000000
69471  16.744  -5.616  61.748 0.5000000000
113960  16.326  -6.219  61.474 0.7500000000
67545  2.526  -7.270  69.140 0.8750000000
69489  16.854  -5.825  60.807 0.6250000000
67565  0.253  -7.432  68.306 0.8750000000
115557  0.870  -7.407  68.734 0.8750000000
68621  17.084  -6.157  59.893 0.6250000000
68636  15.908  -6.920  60.069 0.6250000000
67566  -0.655  -7.629  68.333 0.8750000000
68635  17.426  -6.701  59.062 0.6250000000
118520  16.274  -7.607  59.152 0.6250000000
67581  -1.133  -8.011  68.063 0.8750000000
67697  17.500  -7.396  58.675 0.5000000000
66561  -1.013  -8.445  67.873 0.8750000000
119875  19.154  -6.902  58.579 0.5000000000
115471  17.912  -7.889  58.483 0.5000000000
63834  -0.770  -11.333  61.091 0.5000000000
63789  -0.912  -11.422  62.516 0.6250000000
65619  -0.724  -9.168  67.858 0.8750000000
64659  -0.347  -9.621  67.318 0.8750000000
66641  19.270  -8.500  58.457 0.5000000000
67696  18.764  -7.755  58.472 0.5000000000
135361  -0.449  -11.402  63.043 0.6250000000
63760  -0.136  -11.201  64.466 0.7500000000
63702  37.633  -11.021  70.272 1.0000000000
129727  36.692  -10.849  71.041 1.0000000000
63692  36.448  -11.596  71.608 1.0000000000
62707  36.045  -12.101  72.395 0.8750000000
63686  34.530  -11.105  73.233 0.8750000000
128074  34.192  -10.537  73.052 0.8750000000
67693  21.326  -7.407  58.805 0.3750000000
66640  20.166  -8.385  58.516 0.6250000000
116189  0.714  -11.041  64.897 0.7500000000
63749  -0.746  -10.889  64.563 0.7500000000
62723  37.587  -11.519  70.033 1.0000000000
63703  37.065  -11.558  70.777 1.0000000000
65562  33.840  -8.981  72.544 0.8750000000
64614  34.066  -9.805  72.812 0.8750000000
67684  22.471  -7.437  60.050 0.3750000000
66630  21.779  -8.232  59.081 0.5000000000
66639  21.027  -8.257  58.652 0.6250000000
64667  0.289  -10.348  67.048 0.8750000000
63708  38.251  -11.027  69.524 1.0000000000
62737  37.908  -11.498  69.379 1.0000000000
127772  33.636  -8.252  72.310 0.8750000000
65563  33.198  -8.595  72.245 0.8750000000
65573  32.691  -9.074  71.810 0.8750000000
67623  23.447  -7.727  65.047 0.2500000000
67640  23.501  -7.604  64.172 0.3750000000
67655  23.146  -7.160  62.646 0.3750000000
67665  23.108  -7.208  61.661 0.3750000000
128228  22.822  -7.936  60.417 0.5000000000
66629  22.426  -8.311  59.738 0.5000000000
136851  0.852  -10.962  66.110 0.7500000000
62755  36.268  -11.870  67.309 0.7500000000
65564  32.392  -8.016  72.230 0.8750000000
64628  32.275  -9.771  70.755 0.8750000000
66592  23.738  -8.046  64.612 0.2500000000
66601  23.877  -8.017  63.626 0.5000000000
67664  23.489  -7.741  62.146 0.5000000000
66612  23.286  -7.978  61.104 0.5000000000
62756  35.638  -12.118  66.747 0.6250000000
62757  34.888  -12.491  66.311 0.6250000000
65587  31.424  -9.455  70.625 0.7500000000
65600  30.243  -9.849  69.354 0.7500000000
65626  24.849  -8.776  66.058 0.6250000000
66580  24.133  -8.462  64.922 0.5000000000
62764  33.822  -12.672  65.190 0.5000000000
65588  30.480  -9.355  70.549 0.6250000000
65589  29.529  -9.370  70.546 0.6250000000
65601  29.251  -9.651  69.215 0.5000000000
65613  29.259  -10.012  67.961 0.5000000000
65624  26.612  -9.483  66.702 0.6250000000
65634  24.800  -8.846  65.184 0.5000000000
127530  33.127  -12.376  63.815 0.1250000000
65614  28.516  -9.827  67.709 0.5000000000
65615  27.729  -9.682  67.588 0.5000000000
70312  41.195  -4.025  60.034 0.5000000000
70331  39.921  -4.535  59.815 0.3750000000
69491  39.189  -4.827  60.142 0.2500000000
128474  9.676  -12.865  78.845 0.7500000000
62660  9.941  -12.159  79.192 0.7500000000
62658  10.695  -12.340  80.378 0.8750000000
137821  11.290  -11.644  80.536 0.7500000000
63644  11.231  -11.940  81.230 0.8750000000
123467  9.597  -10.955  77.720 0.7500000000
64574  11.185  -11.414  81.525 0.8750000000
67417  4.588  -7.993  80.850 0.8750000000
67421  4.793  -8.112  79.694 0.8750000000
63651  8.925  -11.956  76.599 0.8750000000
64568  11.623  -10.716  81.219 0.7500000000
64569  10.856  -10.667  81.703 0.8750000000
67426  4.418  -7.348  79.193 0.8750000000
67457  14.497  -7.970  72.985 0.7500000000
125053  8.618  -11.815  75.675 0.8750000000
131162  11.299  -10.107  81.433 0.7500000000
65506  10.494  -9.866  81.593 0.8750000000
69359  5.287  -5.565  77.447 0.8750000000
68437  4.817  -6.179  78.078 0.8750000000
67467  14.495  -7.807  72.181 0.6250000000
64598  8.504  -11.028  74.230 1.0000000000
63661  8.497  -11.798  74.757 1.0000000000
66423  9.921  -8.942  81.406 0.8750000000
66424  8.829  -8.529  81.630 0.8750000000
67409  7.541  -7.595  81.604 0.8750000000
70186  5.312  -4.743  76.630 0.8750000000
68481  16.581  -6.874  68.883 0.5000000000
62710  8.484  -12.530  73.528 1.0000000000
71060  5.195  -3.688  74.488 0.8750000000
70218  5.707  -4.344  74.744 0.8750000000
127873  15.488  -2.199  66.354 0.1250000000
72022  15.528  -2.914  66.984 0.1250000000
70245  15.957  -4.169  68.315 0.3750000000
69400  16.563  -6.136  69.081 0.3750000000
135203  16.933  -7.191  70.120 0.5000000000
66496  9.049  -7.941  73.070 1.0000000000
79302  22.659  4.728  65.491 0.1250000000
78293  21.788  4.196  64.672 0.1250000000
76559  17.984  2.422  63.806 0.1250000000
70239  16.346  -5.090  68.891 0.3750000000
69396  16.540  -5.529  69.837 0.3750000000
66514  8.709  -8.480  71.752 1.0000000000
134716  8.614  -12.015  71.052 1.0000000000
123716  8.580  -12.396  71.655 1.0000000000
71083  5.690  -3.442  71.424 0.8750000000
71077  5.743  -3.608  72.259 0.8750000000
78264  24.840  4.509  67.129 0.1250000000
79301  23.323  4.856  65.912 0.1250000000
78294  20.957  4.230  64.593 0.1250000000
75772  18.166  1.859  63.215 0.1250000000
75773  17.341  1.691  63.548 0.1250000000
65582  8.651  -9.276  70.409 1.0000000000
71090  5.626  -3.275  70.555 0.8750000000
70234  6.350  -4.540  71.051 0.8750000000
77346  25.436  3.203  68.447 0.1250000000
77354  25.242  3.864  67.640 0.1250000000
77363  23.641  3.611  65.567 0.1250000000
77377  21.315  3.625  64.241 0.1250000000
76557  19.434  2.514  63.452 0.1250000000
74916  16.940  0.944  63.011 0.1250000000
74924  16.738  0.165  62.760 0.1250000000
113924  8.669  -10.247  70.014 1.0000000000
62743  9.350  -12.459  69.072 1.0000000000
123418  5.955  -3.816  69.886 0.8750000000
119236  5.965  -4.681  69.620 0.8750000000
125051  25.702  2.106  69.545 0.1250000000
77355  24.838  3.689  66.875 0.1250000000
77370  22.252  3.448  64.534 0.1250000000
76556  20.264  2.440  63.543 0.1250000000
75771  18.966  1.883  63.110 0.1250000000
73083  16.414  -1.579  62.504 0.1250000000
64637  8.945  -10.909  69.313 1.0000000000
71101  5.650  -3.666  69.069 0.8750000000
70246  5.653  -4.422  68.715 0.8750000000
69406  5.509  -5.342  69.040 0.8750000000
68500  5.071  -6.010  69.019 0.8750000000
68488  4.725  -6.601  69.454 0.8750000000
75687  26.294  1.549  71.418 0.1250000000
125070  25.877  1.949  70.101 0.1250000000
76517  25.390  2.457  68.444 0.1250000000
75727  24.836  1.889  67.256 0.1250000000
76536  23.436  2.261  65.473 0.1250000000
136012  21.648  2.173  64.034 0.1250000000
75769  20.599  1.644  63.477 0.1250000000
74915  19.335  1.131  62.825 0.1250000000
133472  17.821  -0.005  62.209 0.2500000000
73082  17.113  -1.096  62.022 0.1250000000
72069  16.535  -2.431  62.259 0.1250000000
63719  9.442  -11.957  68.530 1.0000000000
69407  5.010  -5.625  68.387 0.8750000000
68489  4.126  -6.778  69.006 0.8750000000
74798  27.217  -0.150  73.948 0.1250000000
74815  26.437  -0.216  73.225 0.1250000000
74816  26.061  0.091  72.102 0.1250000000
74828  26.092  0.739  71.198 0.1250000000
75712  25.641  1.348  69.622 0.1250000000
75720  25.234  1.840  68.093 0.1250000000
75735  23.672  1.716  65.910 0.1250000000
74921  18.918  0.493  62.400 0.1250000000
119156  18.496  -0.070  62.009 0.2500000000
73097  17.747  -1.550  61.514 0.2500000000
72082  16.903  -2.867  61.722 0.1250000000
68502  3.798  -6.670  68.296 0.8750000000
127477  27.893  -1.026  74.412 0.1250000000
74838  25.661  0.474  70.286 0.1250000000
74848  25.385  0.547  69.421 0.1250000000
130628  24.858  0.429  68.236 0.1250000000
74013  18.760  -0.647  61.603 0.2500000000
119102  18.428  -2.048  61.138 0.2500000000
71171  17.480  -3.306  61.184 0.2500000000
126164  17.340  -4.202  61.024 0.3750000000
73932  26.408  -1.171  73.745 0.1250000000
73933  26.026  -0.922  72.850 0.1250000000
73938  25.627  -0.897  71.766 0.1250000000
73946  25.397  -0.510  70.632 0.1250000000
73957  24.649  -0.710  69.247 0.1250000000
71170  18.270  -2.858  60.849 0.2500000000
70325  17.786  -4.580  60.416 0.5000000000
67563  1.860  -7.235  68.554 0.8750000000
72960  26.626  -2.069  74.247 0.1250000000
118830  26.056  -1.728  73.757 0.1250000000
134376  25.214  -1.785  72.094 0.1250000000
73947  24.915  -1.066  70.105 0.1250000000
73005  24.025  -1.203  68.829 0.1250000000
70324  18.552  -4.187  60.052 0.3750000000
136793  17.943  -5.863  59.417 0.5000000000
67564  1.122  -7.314  67.886 0.8750000000
72961  25.895  -2.580  73.951 0.1250000000
71977  25.105  -2.748  73.113 0.1250000000
72971  24.660  -2.248  71.809 0.1250000000
71999  23.872  -2.333  70.281 0.1250000000
73006  23.475  -1.642  68.393 0.1250000000
72014  22.743  -2.526  67.404 0.1250000000
70336  19.050  -4.697  59.518 0.3750000000
69487  18.241  -5.004  59.803 0.5000000000
67579  0.104  -7.517  67.714 0.8750000000
71969  24.866  -3.728  73.290 0.1250000000
71979  23.900  -3.770  72.319 0.1250000000
71098  23.123  -3.316  69.152 0.1250000000
72007  22.842  -2.892  68.195 0.1250000000
72021  22.545  -2.583  66.590 0.1250000000
118046  22.454  -3.101  65.848 0.1250000000
69498  19.530  -5.414  59.089 0.3750000000
134800  18.063  -6.398  58.933 0.5000000000
64761  -2.261  -10.545  60.603 0.6250000000
64737  -2.109  -10.740  61.558 0.6250000000
67580  -0.612  -7.871  67.585 0.8750000000
65629  -0.873  -8.869  67.235 0.8750000000
71087  23.528  -4.309  71.707 0.1250000000
70237  23.201  -4.505  70.695 0.2500000000
133519  22.671  -4.590  68.252 0.2500000000
126626  22.567  -3.823  66.812 0.2500000000
136643  22.559  -4.363  65.361 0.2500000000
71126  22.399  -3.636  65.129 0.3750000000
68643  20.260  -5.955  58.825 0.3750000000
68634  18.726  -6.141  58.889 0.5000000000
64759  -0.145  -11.057  60.269 0.6250000000
63790  -1.752  -11.138  62.089 0.6250000000
124322  -0.842  -9.067  67.326 0.8750000000
70238  22.870  -5.067  70.402 0.2500000000
69404  22.703  -5.251  68.619 0.2500000000
70249  22.611  -4.184  67.538 0.2500000000
71116  22.584  -3.932  66.013 0.2500000000
70282  22.361  -4.410  63.815 0.3750000000
118942  22.202  -3.712  64.273 0.3750000000
68632  20.981  -5.774  59.064 0.3750000000
127366  20.014  -6.779  58.592 0.3750000000
64701  -1.366  -10.938  63.306 0.7500000000
65571  36.351  -10.085  71.029 1.0000000000
64619  36.071  -10.235  71.708 1.0000000000
65560  35.481  -9.716  72.266 0.8750000000
64620  35.726  -10.517  72.434 0.8750000000
68480  22.940  -6.653  69.903 0.2500000000
68494  22.946  -6.605  68.728 0.2500000000
116909  22.865  -5.909  67.339 0.2500000000
69425  22.818  -5.731  65.849 0.2500000000
121343  22.638  -5.086  65.203 0.2500000000
69444  22.626  -5.249  63.388 0.3750000000
69468  22.522  -5.723  61.503 0.3750000000
69485  22.264  -5.858  60.591 0.3750000000
120244  21.949  -6.117  59.831 0.3750000000
137882  21.445  -5.726  59.490 0.3750000000
68642  20.815  -6.610  58.738 0.3750000000
64668  -0.513  -10.014  66.347 0.8750000000
115020  36.727  -9.924  70.343 1.0000000000
66508  35.321  -8.682  71.694 1.0000000000
134273  35.256  -9.111  72.148 0.8750000000
65553  34.803  -9.268  72.582 0.8750000000
67590  23.356  -7.124  67.145 0.2500000000
68519  23.089  -6.375  66.626 0.2500000000
69433  22.784  -5.915  65.036 0.2500000000
118368  22.823  -6.014  64.234 0.3750000000
69455  22.684  -5.729  62.532 0.3750000000
68606  22.709  -6.555  61.160 0.3750000000
68620  22.405  -6.666  60.338 0.3750000000
68631  21.531  -6.524  59.207 0.3750000000
63748  0.094  -10.918  65.298 0.7500000000
63737  0.138  -10.575  66.154 0.7500000000
130086  37.929  -10.858  69.855 1.0000000000
66523  35.331  -8.200  70.917 1.0000000000
131054  34.562  -7.959  71.831 0.8750000000
66509  33.657  -7.814  72.101 0.8750000000
67607  23.435  -7.804  65.802 0.5000000000
67608  23.277  -7.291  65.357 0.2500000000
67641  23.144  -7.079  63.625 0.3750000000
126726  22.905  -6.591  62.894 0.3750000000
68589  22.859  -6.519  62.082 0.3750000000
63716  37.725  -11.556  68.565 0.8750000000
67478  32.878  -7.511  71.878 0.8750000000
133744  32.340  -7.692  72.038 0.8750000000
66511  31.700  -7.773  72.052 0.7500000000
65574  31.720  -8.499  71.774 0.7500000000
65617  24.392  -8.762  67.716 0.5000000000
66557  24.190  -8.469  66.674 0.5000000000
66571  23.632  -8.121  66.236 0.5000000000
132566  36.643  -11.541  66.486 0.5000000000
67502  32.421  -7.375  71.274 0.8750000000
67479  31.987  -7.606  71.885 0.8750000000
66525  30.780  -7.886  72.094 0.7500000000
65575  30.645  -8.560  71.636 0.7500000000
121066  24.980  -8.913  66.971 0.5000000000
66570  24.061  -8.448  65.756 0.6250000000
66581  23.614  -8.095  65.438 0.3750000000
63739  36.623  -11.411  65.450 0.5000000000
62763  34.668  -12.331  65.463 0.5000000000
115295  29.742  -8.748  71.554 0.6250000000
65602  28.616  -9.664  68.568 0.5000000000
132197  27.014  -9.585  67.464 0.3750000000
63751  35.708  -11.446  64.406 0.2500000000
63752  34.932  -11.702  64.174 0.1250000000
130414  34.087  -11.942  63.895 0.1250000000
62810  32.975  -11.831  63.014 0.1250000000
120679  32.252  -12.398  63.216 0.1250000000
117339  27.825  -9.588  68.573 0.3750000000
63766  34.092  -11.530  63.266 0.1250000000
63780  33.684  -11.425  62.683 0.1250000000
62811  32.438  -11.923  62.432 0.1250000000
70313  40.510  -4.361  60.306 0.3750000000
70314  39.857  -4.656  60.592 0.3750000000
69478  38.512  -5.363  60.611 0.3750000000
68614  37.929  -5.961  61.092 0.1250000000
71192  41.940  -3.747  59.782 0.5000000000
72095  43.978  -2.743  59.844 1.0000000000
74043  45.714  -0.474  59.078 0.8750000000
73116  45.261  -1.195  59.471 0.8750000000
72094  44.546  -2.431  59.465 1.0000000000
74950  45.565  0.651  58.883 0.8750000000
73141  45.090  -2.043  59.090 0.7500000000
73139  46.214  -1.052  58.231 0.8750000000
74974  48.528  0.817  55.023 0.8750000000
64583  10.455  -10.097  78.185 0.7500000000
65520  11.273  -9.872  78.684 0.7500000000
64579  10.901  -10.520  79.131 0.7500000000
64584  9.905  -10.354  77.747 0.7500000000
64580  10.141  -10.756  78.469 0.7500000000
68413  3.484  -6.691  81.546 0.8750000000
68419  3.845  -7.490  81.024 0.8750000000
68424  3.284  -6.814  80.550 0.8750000000
69348  2.963  -6.145  80.018 0.8750000000
67447  13.112  -7.727  74.195 0.8750000000
67448  12.186  -7.499  74.437 1.0000000000
64587  9.471  -10.406  77.006 0.7500000000
64573  12.016  -10.373  80.514 0.7500000000
68411  5.330  -6.837  82.004 0.8750000000
68423  3.779  -7.160  79.902 0.8750000000
69347  3.505  -6.494  79.615 0.8750000000
129913  8.859  -10.966  76.216 0.8750000000
65509  11.967  -9.872  81.093 0.7500000000
67411  5.664  -7.499  81.723 0.8750000000
68418  4.746  -7.570  81.577 0.8750000000
67422  4.182  -7.722  80.152 0.8750000000
68429  4.156  -6.494  78.851 0.8750000000
132542  8.714  -10.397  75.613 0.8750000000
120504  8.563  -11.074  75.214 0.8750000000
65510  11.261  -9.211  81.371 0.7500000000
67406  10.604  -8.162  81.275 0.8750000000
68409  7.220  -6.792  81.627 0.8750000000
70179  3.903  -5.032  78.212 0.8750000000
69353  3.613  -5.669  78.987 0.8750000000
67451  9.773  -7.733  74.249 1.0000000000
67414  10.176  -7.168  81.295 0.7500000000
68407  9.205  -6.913  81.412 0.8750000000
68408  8.180  -6.815  81.451 0.8750000000
113988  4.206  -3.444  75.921 0.8750000000
70196  4.572  -4.209  76.754 0.8750000000
70188  3.689  -4.329  77.896 0.8750000000
71104  15.699  -3.517  67.682 0.2500000000
68461  17.238  -7.299  70.823 0.5000000000
121378  8.498  -11.273  73.472 1.0000000000
71050  4.543  -3.419  75.210 0.8750000000
71049  5.165  -3.926  75.244 0.8750000000
74910  15.646  0.113  64.572 0.1250000000
73978  15.524  -0.623  66.076 0.1250000000
122161  16.963  -6.490  70.350 0.3750000000
66497  8.692  -8.650  72.579 1.0000000000
123490  8.521  -11.091  72.113 1.0000000000
63688  8.513  -11.735  72.287 1.0000000000
71972  5.266  -3.059  72.042 0.8750000000
71071  5.264  -3.222  72.811 0.8750000000
78285  22.553  4.173  64.977 0.1250000000
77378  20.427  3.628  64.199 0.1250000000
76538  17.957  2.785  64.561 0.1250000000
70240  15.919  -3.915  69.171 0.3750000000
70232  16.325  -4.475  70.444 0.3750000000
65568  8.546  -9.331  72.020 1.0000000000
63696  8.563  -11.470  71.420 1.0000000000
120607  23.434  5.353  66.388 0.1250000000
72015  15.497  -2.637  67.849 0.1250000000
72008  15.569  -2.376  68.512 0.2500000000
127119  16.203  -4.482  69.684 0.3750000000
121899  8.583  -10.028  70.933 1.0000000000
64629  8.607  -10.847  70.748 1.0000000000
63705  8.711  -11.656  70.497 1.0000000000
71095  5.484  -3.104  69.678 0.8750000000
71993  5.079  -2.682  70.367 0.8750000000
77323  26.029  3.509  70.174 0.1250000000
78237  25.846  4.276  69.429 0.1250000000
71094  15.780  -3.218  69.390 0.2500000000
128166  8.707  -11.045  70.054 1.0000000000
62735  9.048  -12.154  69.829 1.0000000000
76492  26.169  2.149  70.779 0.1250000000
76498  26.212  2.902  70.907 0.1250000000
63712  8.898  -11.501  69.765 1.0000000000
63711  9.206  -11.699  69.187 1.0000000000
71105  5.436  -3.661  68.141 0.8750000000
70252  5.351  -4.391  67.788 0.8750000000
126535  26.702  0.570  73.374 0.1250000000
75674  26.576  1.472  73.362 0.1250000000
75686  26.410  1.606  72.360 0.1250000000
76537  22.976  2.307  64.995 0.1250000000
76543  22.284  2.427  64.480 0.1250000000
75758  21.311  1.544  63.801 0.1250000000
119598  20.159  0.959  63.099 0.1250000000
70257  5.222  -3.878  67.381 0.8750000000
69411  5.360  -4.971  68.252 0.8750000000
68501  4.550  -6.289  68.670 0.8750000000
74797  27.921  0.013  74.206 0.1250000000
120120  27.120  0.785  73.922 0.1250000000
74827  26.401  0.777  72.713 0.1250000000
136538  26.310  0.963  71.945 0.1250000000
74871  24.457  1.046  67.010 0.1250000000
75734  24.278  1.854  66.483 0.1250000000
75743  23.115  1.587  65.410 0.1250000000
75757  21.915  1.519  64.344 0.1250000000
74913  20.906  0.784  63.540 0.2500000000
129680  20.502  0.088  63.165 0.2500000000
74002  19.340  -0.301  61.961 0.2500000000
70258  4.969  -4.393  66.987 0.8750000000
69412  4.930  -5.156  67.513 0.8750000000
68516  4.425  -5.997  67.864 0.8750000000
122168  23.876  0.990  66.393 0.1250000000
74908  21.541  0.688  64.133 0.2500000000
73095  19.343  -1.176  61.453 0.2500000000
129761  19.061  -1.765  61.094 0.2500000000
121589  27.554  -1.906  74.403 0.1250000000
73964  23.750  -0.953  68.132 0.1250000000
74872  23.929  0.288  66.905 0.1250000000
73976  23.357  -0.447  66.813 0.1250000000
73038  22.131  -0.726  65.248 0.2500000000
74001  20.167  -0.435  62.503 0.2500000000
73094  20.135  -1.568  61.622 0.2500000000
72080  19.179  -2.518  60.708 0.2500000000
71185  18.861  -3.370  60.334 0.3750000000
68503  2.866  -7.055  68.419 0.8750000000
72943  27.108  -2.541  74.276 0.1250000000
73970  23.842  -0.383  67.523 0.1250000000
73027  22.804  -1.131  66.615 0.1250000000
73037  22.055  -1.633  65.315 0.2500000000
73067  21.427  -1.422  63.694 0.2500000000
72068  20.896  -1.972  62.020 0.2500000000
72078  20.456  -2.302  61.266 0.2500000000
72091  20.067  -2.688  60.664 0.2500000000
71184  19.698  -3.256  60.244 0.2500000000
68504  2.243  -7.003  67.784 0.8750000000
72959  28.186  -2.132  73.272 0.1250000000
71954  26.680  -3.066  74.104 0.1250000000
71955  26.154  -3.110  74.072 0.1250000000
73018  22.791  -1.881  67.030 0.1250000000
114083  22.433  -1.751  66.229 0.1250000000
135145  22.118  -2.294  65.250 0.2500000000
119731  21.691  -1.588  64.404 0.2500000000
72067  21.537  -2.559  62.490 0.2500000000
72077  21.182  -2.678  61.519 0.2500000000
71169  20.800  -2.944  60.788 0.2500000000
71195  20.115  -3.826  59.804 0.3750000000
71986  27.329  -2.457  71.177 0.1250000000
71078  26.077  -3.655  73.036 0.1250000000
71073  24.341  -4.232  73.105 0.1250000000
71127  21.893  -3.028  63.992 0.2500000000
72053  21.640  -2.222  63.635 0.2500000000
71183  20.401  -3.349  60.292 0.2500000000
132722  -2.406  -10.042  59.842 0.6250000000
119551  -2.370  -10.202  60.961 0.6250000000
67594  -0.495  -8.165  66.942 0.8750000000
71976  26.728  -3.173  72.129 0.1250000000
71084  25.962  -3.712  71.746 0.1250000000
71080  23.937  -4.571  72.921 0.1250000000
70231  23.274  -5.165  71.622 0.1250000000
72038  22.241  -2.822  65.212 0.3750000000
132363  22.144  -3.126  64.647 0.3750000000
71139  21.878  -2.934  63.175 0.2500000000
132406  21.634  -3.173  61.791 0.3750000000
123867  21.497  -4.113  60.656 0.3750000000
70334  20.552  -4.415  59.651 0.3750000000
70335  19.877  -4.521  59.456 0.3750000000
136504  -1.944  -10.902  62.105 0.6250000000
66573  -0.786  -8.816  66.760 0.8750000000
65628  -0.700  -9.346  66.690 0.8750000000
71987  26.613  -2.901  70.696 0.1250000000
71988  25.966  -3.322  70.209 0.1250000000
70228  23.828  -5.238  72.687 0.1250000000
69395  23.202  -6.193  71.638 0.1250000000
71138  22.086  -3.629  63.414 0.2500000000
71155  21.930  -3.409  62.500 0.3750000000
70306  21.930  -3.991  61.597 0.3750000000
126333  21.484  -4.708  60.208 0.3750000000
69496  21.125  -5.009  59.579 0.3750000000
65661  -1.363  -10.167  62.619 0.6250000000
64688  -1.191  -10.695  63.861 0.8750000000
65646  -0.966  -10.219  64.433 0.8750000000
65637  -0.751  -9.813  65.776 0.8750000000
71154  22.296  -4.339  62.727 0.3750000000
70305  22.403  -4.903  61.924 0.3750000000
69469  22.011  -4.916  60.893 0.3750000000
69486  21.717  -5.361  60.065 0.3750000000
64687  -0.878  -10.427  64.657 0.7500000000
65572  36.025  -9.127  71.080 1.0000000000
67512  23.224  -7.314  70.518 0.2500000000
67575  23.201  -7.176  68.204 0.3750000000
64676  -0.590  -10.422  65.397 0.8750000000
64641  38.217  -10.229  69.064 1.0000000000
65585  37.201  -9.709  69.570 1.0000000000
66524  34.254  -7.556  71.091 0.8750000000
67477  33.724  -7.550  71.663 0.8750000000
67537  23.351  -7.912  69.981 0.3750000000
66546  24.004  -8.517  68.521 0.3750000000
65598  38.544  -10.348  68.349 0.8750000000
131606  38.493  -10.676  68.431 0.8750000000
64632  38.258  -10.784  69.428 1.0000000000
66535  34.616  -7.859  70.029 0.8750000000
67528  33.702  -7.524  70.320 0.8750000000
65606  24.605  -9.149  68.903 0.3750000000
121459  23.619  -8.071  68.299 0.3750000000
64660  38.895  -10.237  67.038 0.7500000000
64661  38.304  -10.580  66.576 0.7500000000
122305  38.215  -11.056  68.006 0.7500000000
67529  32.373  -7.421  70.175 0.8750000000
136266  31.938  -7.370  70.746 0.7500000000
67480  31.083  -7.772  71.950 0.6250000000
133454  29.988  -8.105  72.039 0.6250000000
65604  26.234  -9.556  69.299 0.3750000000
65605  25.365  -9.475  68.937 0.3750000000
65616  25.114  -9.304  67.922 0.3750000000
64670  37.990  -10.562  65.705 0.6250000000
63729  37.447  -11.013  65.999 0.5000000000
67504  30.510  -7.554  71.501 0.5000000000
67505  29.573  -7.674  71.493 0.5000000000
66512  29.285  -8.283  71.861 0.6250000000
65565  28.529  -8.633  71.656 0.5000000000
133392  27.789  -9.412  70.881 0.5000000000
65603  27.081  -9.599  69.608 0.3750000000
133529  26.152  -9.442  67.967 0.3750000000
64678  37.650  -10.468  64.877 0.5000000000
63738  37.255  -10.989  65.127 0.2500000000
63750  36.514  -11.253  64.696 0.2500000000
63765  34.698  -11.450  63.490 0.1250000000
116626  26.988  -9.578  68.417 0.3750000000
63763  36.197  -10.994  63.948 0.1250000000
63778  35.106  -11.056  63.077 0.1250000000
64704  35.067  -10.751  62.362 0.1250000000
63779  34.484  -11.189  62.824 0.1250000000
128418  40.384  -4.488  60.965 0.3750000000
69477  39.263  -5.137  61.004 0.3750000000
71175  42.538  -3.338  60.371 0.8750000000
72085  43.758  -2.325  60.636 1.0000000000
72086  43.100  -2.759  60.982 0.8750000000
72084  44.314  -1.994  60.219 1.0000000000
71174  43.277  -3.008  60.117 1.0000000000
74028  45.047  0.402  59.513 0.8750000000
123954  44.801  -0.805  60.039 0.8750000000
73117  44.744  -1.649  59.780 1.0000000000
75798  44.009  1.754  58.370 0.8750000000
74042  46.223  -0.059  58.385 0.8750000000
75804  45.331  1.594  58.559 0.8750000000
74968  43.807  1.568  57.199 0.8750000000
74958  46.096  0.939  58.268 0.8750000000
76595  45.418  2.503  57.576 0.8750000000
75813  44.417  2.175  56.713 0.7500000000
75812  46.585  1.986  57.302 0.8750000000
76605  45.005  2.641  57.087 0.7500000000
75822  44.446  2.007  55.717 0.6250000000
76616  45.700  2.972  55.937 0.6250000000
75837  44.402  1.663  53.949 0.6250000000
74983  48.786  0.796  54.092 0.8750000000
75820  48.279  1.804  55.377 0.8750000000
76614  47.725  2.635  55.624 0.8750000000
116188  46.443  3.174  55.495 0.6250000000
76636  44.961  2.250  54.343 0.6250000000
75838  44.005  1.301  53.346 0.6250000000
75836  48.944  1.652  53.457 0.8750000000
65524  11.666  -9.407  78.126 0.7500000000
65525  10.768  -9.510  77.762 0.7500000000
64576  11.930  -10.253  79.728 0.7500000000
69342  2.721  -6.312  81.057 0.8750000000
65528  10.375  -9.170  76.943 0.7500000000
68412  4.333  -6.910  81.886 0.8750000000
69335  4.016  -6.224  82.237 0.8750000000
65530  9.139  -9.910  76.279 0.8750000000
66428  12.291  -8.973  81.102 0.7500000000
65508  12.629  -9.537  80.585 0.7500000000
69332  7.016  -5.930  81.761 0.8750000000
69334  5.050  -6.043  82.361 0.8750000000
67449  11.362  -7.463  74.578 1.0000000000
67413  11.142  -7.533  80.997 0.7500000000
69339  8.477  -5.329  81.044 0.8750000000
69331  7.912  -5.975  81.456 0.8750000000
127837  15.369  -8.094  72.224 0.6250000000
133603  16.354  -8.294  72.223 0.3750000000
64591  8.576  -10.363  74.856 1.0000000000
68415  10.621  -6.683  80.805 0.7500000000
68417  8.884  -6.050  81.354 0.8750000000
71041  4.166  -3.698  76.495 0.8750000000
71031  4.010  -4.003  77.164 0.8750000000
67484  17.020  -7.926  71.056 0.5000000000
67465  17.174  -8.172  71.811 0.5000000000
64605  8.519  -10.513  73.377 1.0000000000
71061  4.498  -3.240  74.233 0.8750000000
71051  3.702  -3.158  75.492 0.8750000000
75746  16.566  1.698  65.164 0.1250000000
122329  15.457  -2.034  67.225 0.1250000000
130801  8.545  -9.641  72.824 1.0000000000
64615  8.510  -10.511  72.467 1.0000000000
121377  8.509  -11.160  72.797 1.0000000000
137135  4.846  -2.842  72.524 0.8750000000
71962  4.452  -2.911  73.277 0.8750000000
124954  22.109  4.580  65.122 0.1250000000
78287  20.636  4.602  65.242 0.1250000000
76545  18.604  3.041  64.046 0.1250000000
134493  17.003  2.055  64.699 0.1250000000
74899  15.632  0.170  65.474 0.1250000000
113665  16.652  -5.373  70.832 0.3750000000
129750  8.506  -10.008  72.100 1.0000000000
64622  8.536  -10.562  71.617 1.0000000000
72003  4.806  -2.504  69.479 0.8750000000
78250  25.516  4.217  68.466 0.1250000000
70233  16.034  -3.634  70.002 0.3750000000
72002  15.759  -2.495  69.262 0.2500000000
71992  15.917  -2.919  69.849 0.2500000000
71088  16.266  -3.644  70.905 0.2500000000
72017  4.581  -2.516  67.734 0.8750000000
72016  5.069  -3.007  68.126 0.8750000000
76491  26.335  2.393  71.790 0.1250000000
73008  15.737  -1.107  68.232 0.1250000000
72997  15.778  -1.714  68.779 0.2500000000
72996  16.203  -1.646  69.568 0.2500000000
71110  4.802  -3.603  66.681 0.8750000000
76482  26.416  2.305  72.873 0.1250000000
73965  16.098  -0.540  68.297 0.1250000000
72023  4.428  -2.873  66.274 0.8750000000
74896  23.292  0.908  65.845 0.1250000000
74907  22.167  0.715  64.728 0.1250000000
70266  4.645  -4.325  66.134 0.8750000000
69419  4.618  -5.031  66.530 0.8750000000
119368  28.595  -0.842  74.125 0.1250000000
74884  22.862  0.186  65.744 0.1250000000
73986  21.793  -0.210  64.584 0.2500000000
73993  21.195  -0.089  63.809 0.2500000000
69427  4.388  -4.910  65.688 0.8750000000
68517  3.723  -6.399  67.393 0.8750000000
72941  28.549  -1.858  73.921 0.1250000000
73977  22.855  -0.430  66.181 0.1250000000
136204  22.517  -0.398  65.648 0.1250000000
73051  21.792  -1.016  64.775 0.2500000000
113652  21.486  -0.864  64.111 0.2500000000
73068  20.938  -0.811  63.272 0.2500000000
70275  4.387  -4.321  65.338 0.8750000000
69413  4.304  -5.752  66.945 0.8750000000
121868  2.844  -6.672  67.103 0.8750000000
67578  1.789  -7.033  66.928 0.8750000000
72958  28.856  -1.576  73.200 0.1250000000
117202  22.389  -1.011  65.912 0.1250000000
127175  0.723  -7.411  67.088 0.8750000000
72969  27.947  -1.887  71.712 0.1250000000
67679  -2.389  -8.421  60.183 0.6250000000
67593  0.262  -7.768  66.504 0.8750000000
71996  27.211  -2.283  69.940 0.1250000000
134249  25.570  -3.763  73.356 0.1250000000
71072  24.898  -4.262  73.215 0.1250000000
67671  -1.840  -8.122  60.659 0.6250000000
65673  -1.882  -9.972  61.674 0.6250000000
66608  -0.178  -8.483  62.031 0.7500000000
119180  -0.060  -7.702  67.148 0.8750000000
66572  -0.336  -8.446  66.186 0.8750000000
72993  27.851  -1.791  69.341 0.1250000000
70221  24.602  -4.846  73.070 0.1250000000
70227  24.183  -5.268  72.750 0.1250000000
66609  -0.801  -9.273  62.186 0.6250000000
65645  -0.561  -9.590  63.967 0.8750000000
131159  -0.732  -9.236  66.518 0.8750000000
71998  25.942  -3.154  69.131 0.1250000000
71091  25.403  -3.784  69.800 0.1250000000
71085  25.300  -4.316  71.986 0.1250000000
69389  23.859  -5.876  72.422 0.1250000000
68469  23.524  -6.700  71.879 0.1250000000
70235  24.964  -4.440  69.452 0.1250000000
70236  24.638  -5.201  70.417 0.1250000000
68459  23.820  -6.526  72.109 0.1250000000
127812  23.474  -7.184  71.407 0.1250000000
117987  -0.888  -9.967  65.174 0.8750000000
137058  24.469  -5.930  71.492 0.2500000000
68468  24.041  -7.291  71.807 0.2500000000
67511  23.744  -7.827  71.103 0.3750000000
65599  37.468  -9.420  68.660 1.0000000000
66533  36.408  -9.160  69.056 1.0000000000
66534  35.477  -8.569  69.514 1.0000000000
67536  24.514  -7.815  71.235 0.3750000000
66529  24.379  -8.393  71.140 0.3750000000
66538  23.878  -8.388  70.480 0.3750000000
66547  23.623  -8.263  69.310 0.3750000000
65610  38.841  -9.860  67.699 0.8750000000
65611  38.401  -9.691  68.244 1.0000000000
67509  24.830  -8.553  71.230 0.3750000000
135800  24.817  -8.723  71.228 0.3750000000
65594  24.744  -9.105  70.121 0.3750000000
64650  39.090  -9.879  67.210 0.7500000000
66536  33.831  -7.951  69.122 0.8750000000
116920  30.885  -7.332  70.637 0.5000000000
65580  25.826  -9.142  71.341 0.3750000000
65593  25.489  -9.382  70.206 0.3750000000
125511  25.002  -9.362  69.514 0.3750000000
65622  39.175  -9.835  66.657 0.7500000000
64669  38.729  -10.196  66.254 0.7500000000
67551  32.321  -7.532  69.054 0.6250000000
67530  31.600  -7.348  70.020 0.6250000000
67531  30.187  -7.338  70.545 0.5000000000
67482  29.306  -7.978  71.867 0.5000000000
66513  28.699  -8.313  71.700 0.3750000000
65577  28.102  -9.136  71.419 0.3750000000
65591  27.198  -9.498  70.668 0.3750000000
65592  26.448  -9.465  70.656 0.3750000000
65631  39.049  -9.757  65.919 0.7500000000
64677  38.365  -10.103  65.437 0.7500000000
64689  37.336  -10.272  63.988 0.3750000000
64679  36.962  -10.779  64.351 0.2500000000
65648  37.612  -9.633  63.666 0.2500000000
64702  37.009  -9.970  63.126 0.2500000000
64691  35.804  -10.729  63.037 0.1250000000
65655  36.765  -9.669  62.449 0.1250000000
64703  36.377  -10.221  62.492 0.1250000000
65664  36.200  -9.026  61.360 0.1250000000
64720  36.003  -10.204  61.803 0.1250000000
134885  35.782  -10.472  62.202 0.1250000000
71164  41.559  -3.588  61.444 0.8750000000
70297  41.030  -4.117  60.941 0.6250000000
69461  38.695  -5.668  61.444 0.2500000000
67660  37.357  -7.742  61.861 0.1250000000
66611  36.631  -8.208  61.388 0.1250000000
71163  42.314  -3.154  61.256 0.7500000000
68598  37.591  -6.800  61.462 0.1250000000
67673  36.246  -7.629  60.598 0.1250000000
68615  37.235  -6.393  60.695 0.1250000000
74018  43.665  -0.048  61.030 1.0000000000
74930  43.957  0.385  60.390 0.8750000000
74941  44.285  0.841  59.734 0.8750000000
75829  48.737  1.791  54.379 0.8750000000
76613  48.340  2.606  54.944 0.8750000000
77435  47.754  3.196  55.106 0.8750000000
76626  46.375  3.231  54.600 0.6250000000
76635  45.617  2.651  53.914 0.5000000000
76643  44.817  1.912  53.131 0.5000000000
75845  43.834  1.184  51.907 0.5000000000
76625  48.783  2.628  54.260 0.8750000000
77442  47.902  3.540  54.527 0.8750000000
77443  47.129  3.547  54.240 0.5000000000
76634  46.318  3.154  53.603 0.5000000000
76642  45.687  2.584  52.855 0.5000000000
75844  44.505  1.659  51.994 0.5000000000
75843  48.953  1.724  52.786 0.8750000000
75853  43.499  1.105  51.178 0.5000000000
66446  12.083  -9.043  77.574 0.7500000000
66447  11.189  -9.035  77.276 0.7500000000
65523  12.692  -9.396  78.495 0.7500000000
65519  12.283  -9.695  79.091 0.7500000000
67439  12.874  -7.999  75.071 1.0000000000
133673  3.208  -5.776  82.095 0.8750000000
69349  2.431  -5.626  80.396 0.8750000000
66477  13.691  -8.253  74.827 1.0000000000
65529  9.715  -9.372  76.605 0.7500000000
69341  6.780  -5.049  81.841 0.8750000000
70163  5.868  -4.988  82.345 0.8750000000
70175  2.253  -4.904  79.828 0.8750000000
70174  2.919  -5.266  79.474 0.8750000000
67446  14.015  -8.150  73.932 0.8750000000
65532  9.275  -9.073  75.946 1.0000000000
68414  11.566  -7.055  80.524 0.7500000000
69340  7.640  -5.131  81.383 0.8750000000
70168  6.467  -4.238  81.600 0.8750000000
71025  2.851  -3.982  78.371 0.8750000000
70180  3.355  -4.748  78.694 0.8750000000
67456  15.697  -8.305  72.953 0.7500000000
66470  8.968  -8.897  75.149 1.0000000000
65533  8.790  -9.675  75.440 1.0000000000
68422  10.963  -6.298  79.957 0.7500000000
69345  9.607  -5.335  80.038 0.7500000000
69338  9.307  -5.613  80.816 0.7500000000
70167  7.244  -4.432  81.128 0.8750000000
71042  3.592  -3.345  76.231 0.8750000000
121038  3.628  -3.599  76.819 0.8750000000
66486  9.189  -8.100  73.897 1.0000000000
65543  8.589  -9.605  73.782 1.0000000000
125382  8.547  -10.252  74.148 1.0000000000
69351  10.708  -5.767  79.084 0.7500000000
69344  10.237  -5.696  79.744 0.7500000000
69346  8.873  -4.986  80.349 0.6250000000
71949  3.724  -2.902  74.082 0.8750000000
71043  2.749  -2.969  75.866 0.8750000000
115019  2.981  -3.326  76.781 0.8750000000
67464  17.479  -7.681  71.617 0.6250000000
66487  8.724  -8.762  73.433 1.0000000000
70176  9.100  -4.828  79.453 0.6250000000
71973  4.040  -2.303  71.945 0.8750000000
135306  3.987  -2.637  72.966 0.8750000000
71950  3.074  -2.841  74.838 0.8750000000
119845  15.563  -0.581  66.939 0.1250000000
69391  17.138  -6.269  71.183 0.3750000000
71983  4.444  -2.377  71.085 0.8750000000
135141  3.325  -2.171  72.029 0.8750000000
71963  3.567  -2.651  73.378 0.8750000000
70229  16.479  -4.427  71.313 0.3750000000
72998  4.276  -2.135  69.007 0.8750000000
71994  4.463  -2.278  70.229 0.8750000000
71984  3.558  -2.063  71.362 0.8750000000
72001  16.144  -2.289  70.068 0.2500000000
73020  3.943  -1.856  67.804 0.8750000000
72018  4.178  -2.173  66.893 0.8750000000
75663  26.897  1.729  74.111 0.1250000000
72028  4.182  -2.956  65.601 0.8750000000
74796  28.553  0.269  73.845 0.1250000000
71118  4.454  -3.617  65.686 0.8750000000
73918  28.986  -1.261  73.594 0.1250000000
69420  4.114  -5.535  66.065 0.8750000000
68528  3.469  -6.196  66.481 0.8750000000
72981  28.614  -1.482  70.913 0.1250000000
67592  1.152  -7.328  66.246 0.8750000000
72992  28.546  -1.431  69.817 0.1250000000
68612  -1.710  -7.074  60.760 0.7500000000
68610  0.213  -6.952  61.501 0.7500000000
66615  -1.120  -8.623  61.494 0.7500000000
67670  0.043  -7.745  61.718 0.7500000000
125948  -0.014  -8.805  62.534 0.8750000000
66604  0.411  -8.674  63.285 0.8750000000
66595  0.209  -8.857  64.310 0.8750000000
66583  -0.166  -8.707  65.299 0.8750000000
66596  -0.700  -9.572  64.943 0.8750000000
66584  -0.743  -9.339  65.900 0.8750000000
128788  26.434  -2.639  68.716 0.1250000000
70243  24.746  -5.164  69.106 0.2500000000
69398  24.631  -5.999  70.224 0.2500000000
70242  25.134  -4.468  68.322 0.2500000000
68493  24.849  -6.519  69.641 0.2500000000
66543  36.469  -8.998  67.990 1.0000000000
66544  35.561  -8.779  68.341 0.8750000000
68492  25.377  -6.680  68.748 0.2500000000
67535  25.364  -7.988  70.987 0.3750000000
66552  38.680  -9.155  67.582 0.8750000000
66554  34.832  -8.567  67.719 0.7500000000
114024  34.009  -8.262  68.014 0.7500000000
67556  26.831  -7.545  68.983 0.3750000000
67534  26.297  -7.931  70.484 0.3750000000
67508  25.739  -8.748  71.423 0.3750000000
66528  25.393  -8.902  71.387 0.3750000000
66551  39.227  -9.343  67.183 0.8750000000
67550  33.090  -7.885  68.305 0.7500000000
67568  32.224  -7.674  67.995 0.5000000000
67570  30.774  -7.382  68.371 0.5000000000
135556  29.461  -7.490  68.694 0.3750000000
67554  28.724  -7.529  68.833 0.3750000000
67555  27.823  -7.558  68.964 0.3750000000
67507  26.695  -8.494  71.348 0.3750000000
65579  26.597  -9.129  71.435 0.3750000000
65621  39.324  -9.490  66.827 0.8750000000
67552  31.546  -7.431  68.727 0.5000000000
114321  30.834  -7.313  69.565 0.5000000000
67532  29.310  -7.549  69.917 0.3750000000
116919  28.791  -7.722  71.023 0.3750000000
66526  28.200  -8.406  71.592 0.3750000000
120626  27.338  -8.682  71.536 0.3750000000
65567  27.008  -8.975  71.594 0.3750000000
65638  39.346  -9.135  65.535 0.7500000000
65639  38.667  -9.526  65.068 0.7500000000
65647  38.269  -9.248  64.185 0.6250000000
66599  37.902  -8.924  63.331 0.2500000000
123381  37.282  -9.322  62.824 0.2500000000
72073  41.836  -2.600  62.164 1.0000000000
67659  38.051  -7.180  62.159 0.3750000000
66610  37.504  -8.502  62.495 0.2500000000
70286  41.037  -3.968  61.711 1.0000000000
70298  40.567  -4.451  61.625 0.7500000000
136770  37.050  -8.368  61.958 0.1250000000
65663  36.833  -9.010  62.027 0.1250000000
72071  43.370  -1.794  61.358 0.8750000000
76632  49.398  2.930  53.161 0.8750000000
77448  48.681  3.711  53.880 0.8750000000
77450  46.985  3.630  53.328 0.5000000000
76641  46.313  3.151  52.631 0.5000000000
128799  45.200  2.192  52.049 0.5000000000
122139  44.709  2.194  51.146 0.5000000000
76665  44.381  2.638  50.375 0.5000000000
75863  44.035  2.020  50.600 0.5000000000
66445  13.082  -9.162  77.891 0.7500000000
65518  13.262  -9.402  79.493 0.7500000000
69343  2.320  -5.550  81.383 0.8750000000
66438  13.771  -9.201  78.922 0.7500000000
65513  13.722  -8.889  79.551 0.7500000000
70164  3.755  -4.572  82.441 0.8750000000
136495  12.412  -8.768  77.094 0.7500000000
67418  13.857  -8.344  79.617 0.7500000000
67419  13.242  -7.936  80.269 0.7500000000
129976  4.590  -5.017  82.480 0.8750000000
70165  1.855  -4.812  81.639 0.8750000000
70170  1.861  -5.070  80.717 0.8750000000
66467  11.293  -8.189  76.022 1.0000000000
66458  10.767  -8.626  76.529 0.8750000000
67424  13.565  -7.588  79.528 0.6250000000
68420  12.636  -7.080  79.723 0.7500000000
70169  5.616  -4.043  81.964 0.8750000000
70171  1.677  -4.405  80.039 0.8750000000
124202  1.534  -3.789  79.412 0.8750000000
67440  11.943  -7.830  75.413 1.0000000000
66468  10.423  -8.275  75.746 1.0000000000
68426  12.764  -6.754  78.857 0.6250000000
68421  11.879  -6.767  79.966 0.7500000000
70166  8.056  -4.596  80.586 0.7500000000
135544  7.499  -4.055  80.388 0.7500000000
71026  1.747  -3.500  78.530 0.8750000000
66485  15.034  -8.396  73.801 0.6250000000
67455  17.035  -8.410  72.766 0.5000000000
66478  9.406  -8.304  74.690 1.0000000000
68427  11.725  -6.330  79.152 0.7500000000
70173  7.941  -4.114  79.706 0.7500000000
71928  2.023  -3.037  76.733 0.8750000000
71921  0.768  -3.005  78.275 0.7500000000
116461  17.794  -7.980  72.344 0.5000000000
130880  17.844  -7.461  72.181 0.6250000000
66479  8.817  -8.815  74.304 1.0000000000
69350  11.123  -5.736  78.333 0.6250000000
127286  10.396  -5.432  78.394 0.6250000000
69352  9.848  -5.283  79.004 0.6250000000
114452  1.646  -2.608  75.941 0.8750000000
68460  17.632  -7.006  71.614 0.5000000000
69390  17.241  -6.044  71.923 0.3750000000
69358  9.863  -5.053  78.016 0.6250000000
71974  2.633  -2.185  72.476 0.8750000000
115637  2.916  -2.636  73.992 0.8750000000
70224  16.708  -4.401  72.130 0.3750000000
71995  3.792  -1.982  70.533 0.8750000000
71985  2.668  -1.954  71.691 0.8750000000
71081  16.484  -3.623  71.731 0.2500000000
72999  3.436  -1.769  68.858 0.8750000000
72987  3.117  -1.788  69.953 0.8750000000
71981  16.411  -2.888  71.362 0.2500000000
71980  16.977  -2.241  71.786 0.2500000000
72973  17.668  -1.342  71.419 0.2500000000
133145  3.518  -1.765  67.242 0.8750000000
72985  17.374  -1.085  70.703 0.1250000000
122392  3.388  -1.858  66.557 0.8750000000
73917  29.249  -0.496  73.450 0.1250000000
73950  16.929  -0.851  70.019 0.1250000000
73949  18.166  -0.162  70.453 0.1250000000
71119  4.075  -3.360  65.035 0.8750000000
72957  29.472  -1.219  72.590 0.1250000000
73931  29.752  -0.690  72.797 0.1250000000
74813  29.988  0.109  72.789 0.1250000000
74840  18.648  0.668  70.298 0.1250000000
72980  29.498  -1.220  71.390 0.1250000000
69428  3.950  -5.333  65.242 0.8750000000
68545  3.419  -5.921  65.670 0.8750000000
123694  1.968  -6.900  65.914 0.8750000000
73945  29.347  -1.173  70.281 0.1250000000
67610  1.500  -7.277  65.468 0.8750000000
126052  -1.730  -6.270  61.144 0.7500000000
69473  0.144  -6.146  61.443 0.7500000000
68595  0.805  -7.097  61.965 0.7500000000
120487  0.585  -7.949  62.434 0.8750000000
67658  1.212  -7.228  62.575 0.8750000000
67644  1.179  -7.702  63.169 0.8750000000
67626  1.484  -7.498  64.581 0.8750000000
68547  2.080  -6.833  64.995 0.8750000000
69403  24.852  -5.905  68.824 0.2500000000
66553  36.409  -8.670  67.164 1.0000000000
116066  35.632  -8.687  67.395 0.8750000000
66564  37.970  -8.498  67.170 1.0000000000
65612  37.517  -8.949  67.742 1.0000000000
131266  32.768  -8.001  67.407 0.7500000000
67572  28.057  -7.396  67.965 0.3750000000
68491  26.152  -7.136  68.257 0.2500000000
66563  38.996  -8.564  67.025 0.8750000000
66556  32.148  -7.833  67.054 0.7500000000
121356  30.722  -7.386  67.349 0.5000000000
115394  29.967  -7.470  67.914 0.3750000000
137853  27.451  -7.415  68.348 0.3750000000
66562  39.529  -8.780  66.589 0.7500000000
67553  30.097  -7.420  69.142 0.3750000000
66586  39.702  -8.474  65.115 0.7500000000
66587  39.002  -8.886  64.643 0.7500000000
66598  38.656  -8.604  63.766 0.6250000000
67645  39.253  -7.228  63.136 0.7500000000
67630  39.013  -7.949  63.405 0.6250000000
66606  38.260  -8.242  63.023 0.3750000000
68582  38.764  -6.796  62.492 0.5000000000
67646  38.545  -7.551  62.764 0.5000000000
67647  37.928  -7.848  62.464 0.3750000000
69460  39.507  -5.450  61.805 0.6250000000
68596  39.044  -6.040  62.204 0.6250000000
68597  38.311  -6.383  61.819 0.2500000000
72072  42.675  -2.215  61.707 0.8750000000
130471  42.911  -1.332  61.842 1.0000000000
73085  43.289  -0.696  61.505 1.0000000000
74007  42.832  0.170  61.425 1.0000000000
128712  49.638  3.377  52.273 0.8750000000
77458  49.555  3.438  52.882 0.7500000000
76651  45.825  3.202  51.262 0.5000000000
76664  45.146  3.090  50.675 0.5000000000
77468  49.656  3.480  51.645 0.8750000000
78382  49.293  3.972  53.275 0.8750000000
78383  48.519  4.276  53.407 0.8750000000
77460  46.801  3.737  52.385 0.5000000000
130077  45.361  2.641  51.377 0.5000000000
76649  49.437  2.860  51.849 0.8750000000
76640  49.476  2.891  52.534 0.8750000000
133904  43.835  2.390  50.143 0.5000000000
76662  49.448  3.070  51.259 0.8750000000
76663  49.130  2.635  51.188 0.8750000000
77480  49.173  3.068  50.584 0.8750000000
66444  14.164  -9.179  78.200 0.7500000000
66437  14.359  -8.637  78.813 0.7500000000
69336  2.635  -4.928  82.236 0.8750000000
66457  11.633  -8.616  76.809 0.8750000000
67423  14.277  -7.985  79.184 0.6250000000
71009  4.782  -3.846  82.061 0.8750000000
71011  3.165  -3.953  82.580 0.7500000000
130101  1.554  -4.134  81.816 0.7500000000
71013  1.089  -3.499  81.359 0.7500000000
66476  14.568  -8.460  74.712 0.7500000000
129556  12.194  -8.395  76.361 0.8750000000
115023  6.128  -3.384  81.123 0.7500000000
71015  5.391  -3.371  81.525 0.8750000000
71010  4.157  -3.613  82.202 0.8750000000
71018  1.182  -3.757  80.173 0.8750000000
68434  11.966  -6.129  78.157 0.6250000000
71019  7.224  -3.592  79.642 0.7500000000
71020  6.541  -3.186  80.143 0.7500000000
66484  16.189  -8.538  73.731 0.6250000000
67442  10.094  -7.958  74.936 1.0000000000
66469  9.661  -8.507  75.488 1.0000000000
69357  10.540  -5.308  77.685 0.6250000000
70177  8.455  -4.334  78.919 0.6250000000
70178  7.785  -3.847  78.843 0.7500000000
71929  0.900  -2.698  76.680 0.8750000000
68454  17.810  -6.516  72.549 0.3750000000
136362  8.142  -4.031  78.374 0.6250000000
114655  1.301  -2.411  75.339 0.8750000000
71922  -0.013  -2.712  77.478 0.7500000000
70223  17.257  -4.385  72.907 0.3750000000
114811  2.029  -2.391  73.878 0.8750000000
71953  0.570  -2.208  75.108 0.8750000000
71939  0.432  -2.338  75.865 0.8750000000
71075  16.843  -3.546  72.484 0.3750000000
72964  1.714  -1.898  72.177 0.8750000000
114781  0.578  -1.914  73.234 0.8750000000
71952  1.395  -2.354  74.613 0.8750000000
71970  17.311  -2.577  72.603 0.2500000000
72988  2.175  -1.626  70.317 0.8750000000
73021  2.702  -1.618  67.166 0.8750000000
73940  18.555  -0.350  71.127 0.1250000000
73029  2.966  -1.933  65.721 0.8750000000
73948  18.999  0.546  71.020 0.1250000000
72030  2.899  -2.378  64.769 0.8750000000
72041  3.499  -3.152  64.496 0.8750000000
73053  2.140  -2.192  64.413 0.7500000000
71131  3.904  -3.818  64.479 0.8750000000
70276  4.099  -4.359  64.697 0.8750000000
74850  18.774  1.180  70.149 0.1250000000
69435  4.188  -4.791  65.050 0.8750000000
68546  2.712  -6.397  65.471 0.8750000000
119049  -2.243  -4.948  61.441 0.7500000000
69474  -1.143  -5.829  61.474 0.7500000000
69472  0.922  -6.352  61.771 0.8750000000
70310  -1.574  -4.908  61.747 0.7500000000
70309  -0.212  -5.226  61.685 0.7500000000
70293  0.595  -4.645  61.990 0.8750000000
69458  1.648  -5.819  62.201 0.8750000000
68579  1.789  -6.898  63.057 0.8750000000
120142  1.610  -7.396  63.687 0.8750000000
120303  37.007  -8.573  67.000 1.0000000000
66566  35.641  -8.509  66.523 0.8750000000
66567  34.604  -8.486  66.282 0.8750000000
66568  33.800  -8.431  66.564 0.7500000000
67584  37.051  -8.122  66.443 1.0000000000
66577  35.279  -8.341  65.725 0.8750000000
66578  33.756  -8.343  65.745 0.7500000000
66569  32.963  -8.207  66.516 0.6250000000
67585  31.401  -7.569  66.729 0.5000000000
67586  30.660  -7.429  66.465 0.3750000000
67583  38.239  -7.884  66.642 1.0000000000
67601  32.104  -7.849  66.130 0.5000000000
67602  31.339  -7.622  65.873 0.5000000000
68531  39.700  -7.160  65.919 0.8750000000
67597  38.427  -7.231  66.214 1.0000000000
67628  40.221  -7.167  64.344 0.8750000000
66574  40.064  -7.964  65.488 0.7500000000
69438  40.372  -5.685  63.894 0.8750000000
68564  39.929  -6.893  63.571 0.7500000000
67629  39.724  -7.601  63.839 0.7500000000
70287  40.715  -4.142  62.492 1.0000000000
69459  40.268  -5.027  62.334 0.8750000000
69449  39.842  -5.813  62.593 0.8750000000
68581  39.523  -6.513  62.867 0.7500000000
117635  41.128  -2.554  62.862 1.0000000000
71148  41.174  -3.381  62.222 1.0000000000
72062  42.341  -1.407  62.478 1.0000000000
72063  41.617  -1.676  63.027 1.0000000000
73071  41.831  -1.054  63.071 1.0000000000
73086  42.660  -0.565  62.052 1.0000000000
74932  42.594  0.471  60.841 0.8750000000
135793  49.720  3.778  52.147 0.7500000000
78401  48.116  4.767  52.813 0.7500000000
78402  47.236  4.396  52.118 0.5000000000
77469  46.435  3.902  51.343 0.5000000000
78432  45.223  4.031  50.232 0.5000000000
76671  43.945  2.897  49.853 0.5000000000
77489  48.927  3.363  49.667 0.8750000000
76690  48.060  3.136  48.077 0.7500000000
133095  15.505  -8.959  77.979 0.6250000000
66455  14.424  -9.155  77.348 0.7500000000
66454  15.286  -9.160  77.503 0.7500000000
66443  14.993  -9.068  78.190 0.7500000000
66436  15.176  -8.603  78.266 0.6250000000
115816  2.618  -3.255  82.563 0.7500000000
71901  2.116  -2.646  82.575 0.7500000000
66465  13.821  -8.766  76.298 0.8750000000
66456  13.235  -8.853  77.008 0.7500000000
67429  15.035  -7.945  78.321 0.7500000000
67430  14.370  -7.606  78.542 0.6250000000
68432  14.487  -7.058  77.610 0.6250000000
71900  3.862  -2.841  82.048 0.7500000000
119428  1.678  -3.441  82.333 0.7500000000
71902  1.181  -2.567  82.265 0.7500000000
115271  15.117  -8.711  75.667 0.7500000000
114192  14.215  -8.605  75.574 0.8750000000
133436  13.481  -8.419  75.525 0.8750000000
66466  12.873  -8.401  75.919 0.8750000000
68425  13.692  -7.229  78.747 0.6250000000
68433  13.835  -6.950  78.022 0.6250000000
71906  5.711  -2.412  80.266 0.7500000000
66475  15.595  -8.590  74.697 0.7500000000
131520  12.903  -6.401  77.706 0.6250000000
69355  12.010  -5.885  77.392 0.6250000000
69369  11.556  -5.457  76.758 0.6250000000
71024  6.645  -3.030  79.184 0.7500000000
120938  6.138  -2.626  79.728 0.7500000000
71907  0.546  -3.117  80.324 0.7500000000
69356  11.331  -5.601  77.546 0.6250000000
71023  7.198  -3.347  78.610 0.6250000000
71913  -0.190  -2.634  78.485 0.7500000000
67454  17.944  -8.245  73.286 0.6250000000
68448  18.583  -7.318  74.577 0.6250000000
69384  18.194  -6.379  73.746 0.6250000000
70185  8.611  -4.222  77.898 0.6250000000
71022  7.797  -3.658  77.923 0.6250000000
71930  -0.229  -2.505  76.621 0.7500000000
116163  17.726  -5.318  73.273 0.3750000000
69381  18.228  -5.167  74.260 0.6250000000
72939  0.159  -1.980  74.482 0.8750000000
71940  -0.572  -1.840  75.303 0.8750000000
71074  17.435  -3.418  73.260 0.3750000000
115241  0.713  -1.464  71.183 0.7500000000
72965  0.836  -1.852  72.656 0.8750000000
72954  0.926  -2.178  73.816 0.7500000000
120310  1.499  -1.461  68.315 0.8750000000
132607  1.602  -1.500  69.868 0.8750000000
72989  1.213  -1.472  70.542 0.8750000000
72947  18.070  -1.817  72.922 0.2500000000
123335  1.838  -1.550  66.993 0.7500000000
73030  1.821  -1.647  66.165 0.7500000000
72042  2.695  -2.911  63.914 0.8750000000
71132  3.366  -3.711  63.850 0.8750000000
69436  3.770  -5.011  64.454 0.8750000000
73054  1.220  -1.888  64.656 0.7500000000
72043  1.637  -2.432  63.860 0.8750000000
69446  3.404  -4.936  63.766 0.8750000000
68560  3.274  -5.801  64.743 0.8750000000
72057  0.929  -2.764  63.342 0.7500000000
72056  1.991  -3.152  63.248 0.8750000000
70285  3.087  -4.436  63.320 0.8750000000
69437  3.301  -5.442  63.987 0.8750000000
70295  -1.707  -4.071  62.271 0.7500000000
71160  -0.733  -3.561  62.523 0.7500000000
71158  1.358  -4.257  62.406 0.7500000000
71142  2.237  -4.056  62.808 0.8750000000
69447  2.939  -5.393  63.306 0.8750000000
68561  2.869  -6.029  63.908 0.8750000000
117528  2.654  -6.375  64.595 0.8750000000
70294  -0.558  -4.324  62.037 0.7500000000
71159  0.372  -3.819  62.385 0.7500000000
70292  1.479  -5.015  62.142 0.8750000000
68593  1.973  -6.254  62.690 0.8750000000
68578  2.411  -6.194  63.225 0.8750000000
71197  -1.173  -3.370  59.612 0.5000000000
71205  0.191  -3.696  59.001 0.5000000000
71204  1.149  -3.610  58.675 0.6250000000
67631  35.034  -7.205  63.810 0.8750000000
67615  34.624  -7.781  64.348 0.8750000000
67599  36.590  -7.652  65.631 1.0000000000
67614  35.407  -7.552  64.548 1.0000000000
66589  34.201  -8.191  64.955 0.6250000000
66590  33.406  -8.070  64.895 0.6250000000
114097  31.992  -7.766  65.251 0.5000000000
67603  30.689  -7.520  65.690 0.5000000000
67604  29.818  -7.374  66.058 0.3750000000
67598  37.526  -7.352  66.012 1.0000000000
68530  40.110  -6.676  65.340 1.0000000000
134291  39.752  -5.855  65.264 1.0000000000
70267  40.386  -4.239  64.037 1.0000000000
68563  40.298  -6.460  64.117 0.8750000000
71133  40.307  -3.391  63.649 1.0000000000
70277  40.590  -4.025  63.311 1.0000000000
69448  40.297  -5.514  63.129 0.8750000000
72048  41.040  -1.872  63.347 1.0000000000
74927  41.997  0.364  61.182 0.8750000000
78414  49.822  4.342  51.988 0.7500000000
79422  49.474  4.957  52.478 0.7500000000
79423  49.151  5.402  52.600 0.7500000000
79424  48.553  5.395  52.581 0.7500000000
78416  46.785  4.807  51.238 0.3750000000
77481  46.048  4.444  50.602 0.5000000000
77479  49.553  3.460  50.900 0.7500000000
78451  44.325  4.083  49.791 0.3750000000
76698  47.887  3.295  47.073 0.6250000000
66463  15.650  -9.073  76.756 0.7500000000
66453  15.929  -9.005  77.554 0.7500000000
66442  15.901  -8.618  77.878 0.6250000000
67428  15.777  -8.225  78.049 0.6250000000
66464  14.753  -8.975  76.538 0.7500000000
68431  15.391  -7.467  77.593 0.6250000000
68443  14.950  -6.643  76.779 0.6250000000
114533  3.032  -2.238  82.368 0.7500000000
137002  14.259  -6.404  76.771 0.6250000000
69377  13.281  -5.545  75.695 0.6250000000
71911  5.592  -2.007  79.543 0.7500000000
72895  4.656  -1.511  80.785 0.7500000000
72896  3.974  -1.839  81.538 0.7500000000
66474  16.849  -8.643  74.658 0.6250000000
128255  13.066  -6.023  76.562 0.6250000000
137750  12.620  -5.613  75.985 0.6250000000
70192  11.029  -4.868  75.988 0.6250000000
114106  7.561  -3.224  77.029 0.6250000000
71919  7.067  -3.054  77.771 0.6250000000
71910  6.159  -2.408  78.735 0.7500000000
119922  5.310  -1.355  79.186 0.7500000000
72897  0.300  -2.047  81.734 0.7500000000
66473  18.026  -8.487  75.076 0.6250000000
67444  18.556  -8.037  74.841 0.6250000000
123055  19.219  -7.740  75.740 0.6250000000
70206  10.292  -4.343  75.677 0.6250000000
71038  8.971  -3.801  76.313 0.6250000000
72901  -0.925  -1.909  79.702 0.7500000000
66482  17.700  -8.497  74.077 0.6250000000
67445  18.145  -8.261  74.135 0.6250000000
69383  19.424  -6.908  75.794 0.6250000000
70193  10.335  -4.671  76.403 0.6250000000
70195  9.145  -4.271  77.046 0.6250000000
72908  -1.204  -2.215  78.725 0.7500000000
71039  8.345  -3.766  77.058 0.6250000000
71923  -1.076  -2.440  76.914 0.7500000000
72977  0.519  -1.593  71.953 0.7500000000
72966  -0.403  -1.556  72.889 0.8750000000
114957  1.344  -1.449  69.125 0.7500000000
72990  -0.067  -1.315  70.724 0.7500000000
72978  -0.949  -1.252  72.103 0.7500000000
72956  -1.268  -1.218  73.642 0.7500000000
73909  -1.157  -1.246  75.062 0.7500000000
73022  2.072  -1.518  67.777 0.7500000000
73011  0.564  -1.392  68.481 0.7500000000
118818  -0.433  -1.172  70.032 0.7500000000
73023  1.021  -1.458  67.596 0.7500000000
73024  -0.182  -1.396  67.852 0.7500000000
116122  -0.754  -1.405  67.194 0.7500000000
73031  0.953  -1.555  66.691 0.7500000000
130506  0.227  -1.463  67.144 0.7500000000
73032  -0.025  -1.543  66.452 0.7500000000
73033  -1.360  -1.538  66.466 0.7500000000
73041  0.734  -1.680  65.774 0.7500000000
73042  -0.331  -1.672  65.879 0.7500000000
73055  -0.048  -1.883  65.057 0.7500000000
73056  -1.588  -1.995  65.480 0.7500000000
72044  0.478  -2.217  64.104 0.7500000000
72045  -0.922  -2.260  64.478 0.7500000000
71173  -2.541  -3.643  62.165 0.7500000000
71162  -2.396  -3.413  62.926 0.7500000000
71145  -1.042  -3.056  63.111 0.7500000000
71198  -1.830  -3.843  60.198 0.6250000000
72093  -2.605  -3.232  61.482 0.7500000000
72083  -2.707  -2.925  62.266 0.7500000000
73138  -1.267  -2.075  60.108 0.5000000000
73114  -1.868  -1.952  60.662 0.5000000000
72092  -2.334  -2.772  60.832 0.7500000000
72123  0.588  -2.916  58.993 0.5000000000
72108  -0.909  -2.570  59.670 0.5000000000
114434  -1.584  -1.017  60.851 0.3750000000
71203  1.911  -3.493  58.411 0.5000000000
72122  1.568  -2.739  58.694 0.5000000000
72107  0.031  -2.339  59.431 0.5000000000
73137  -0.565  -1.786  59.837 0.5000000000
74041  -0.288  -0.940  59.994 0.5000000000
73113  -1.105  -1.248  60.326 0.5000000000
129059  2.242  -2.298  58.604 0.5000000000
73154  1.806  -1.900  59.034 0.5000000000
73136  0.348  -1.553  59.624 0.6250000000
68568  33.748  -6.883  63.025 0.5000000000
68585  32.513  -6.839  62.253 0.5000000000
67649  32.146  -7.344  62.773 0.5000000000
73153  2.582  -1.693  58.849 0.5000000000
73135  1.276  -1.352  59.499 0.3750000000
67632  34.217  -7.362  63.651 0.7500000000
67633  33.398  -7.479  63.580 0.6250000000
67634  32.540  -7.599  63.659 0.5000000000
67619  31.014  -7.600  64.215 0.5000000000
73152  3.364  -1.485  58.641 0.3750000000
73134  2.170  -1.185  59.379 0.3750000000
67613  36.214  -7.191  64.853 1.0000000000
68551  35.754  -6.783  64.191 1.0000000000
67617  32.634  -7.841  64.628 0.5000000000
67618  31.838  -7.688  64.371 0.5000000000
126715  40.340  -5.075  64.336 1.0000000000
69421  39.834  -5.144  65.051 1.0000000000
72064  40.532  -2.592  63.384 1.0000000000
80383  49.372  5.853  52.410 0.6250000000
80389  48.921  6.849  52.148 0.5000000000
114974  49.809  4.008  51.143 0.6250000000
79428  49.812  5.414  52.091 0.6250000000
79430  47.993  6.128  52.199 0.3750000000
80398  46.391  6.276  50.898 0.3750000000
126357  49.979  4.472  50.473 0.6250000000
79436  50.206  5.337  50.456 0.6250000000
79438  46.230  5.410  50.629 0.5000000000
79439  45.425  5.043  50.265 0.3750000000
126313  44.692  4.703  50.005 0.3750000000
129957  49.676  3.901  50.478 0.7500000000
78450  49.747  4.301  49.671 0.7500000000
116468  49.393  3.662  50.146 0.7500000000
77488  49.292  3.972  49.202 0.7500000000
77510  48.631  3.736  47.606 0.6250000000
77517  48.590  3.805  46.610 0.6250000000
114199  16.542  -8.553  77.530 0.7500000000
114570  16.469  -8.895  76.905 0.7500000000
66441  17.366  -8.168  77.459 0.6250000000
67436  16.361  -7.794  77.673 0.6250000000
68442  15.852  -6.868  76.797 0.6250000000
69366  14.578  -5.946  76.084 0.6250000000
117135  16.119  -8.731  75.764 0.7500000000
66452  17.317  -8.540  77.021 0.7500000000
67434  18.355  -7.945  77.338 0.6250000000
67435  17.443  -7.830  77.465 0.6250000000
69375  15.040  -5.241  75.444 0.6250000000
69376  14.129  -5.373  75.515 0.6250000000
70202  13.599  -4.832  74.961 0.6250000000
73874  4.101  -0.157  80.724 0.7500000000
72891  3.253  -1.294  81.892 0.7500000000
116205  1.882  -0.953  82.438 0.7500000000
66462  17.155  -8.641  75.961 0.7500000000
66461  18.145  -8.468  76.384 0.6250000000
66450  18.857  -8.198  76.921 0.5000000000
68440  18.611  -7.239  77.292 0.6250000000
69363  17.992  -6.155  76.818 0.6250000000
70213  13.960  -4.028  74.429 0.6250000000
70203  12.596  -5.025  75.144 0.6250000000
70216  11.267  -4.065  74.520 0.6250000000
134995  6.817  -2.557  76.950 0.6250000000
71920  6.463  -2.498  77.835 0.6250000000
72917  5.679  -1.440  77.741 0.6250000000
123257  4.882  -0.801  79.421 0.6250000000
72898  -0.445  -1.584  80.823 0.7500000000
66472  18.906  -8.275  75.939 0.6250000000
67438  19.347  -7.820  76.603 0.5000000000
68439  19.549  -6.654  77.264 0.5000000000
69362  19.668  -5.823  77.490 0.5000000000
71035  18.672  -4.172  77.780 0.6250000000
71916  19.554  -2.414  78.490 0.5000000000
71057  11.765  -3.556  73.922 0.6250000000
71059  9.449  -3.226  74.752 0.6250000000
71040  8.198  -3.234  76.187 0.6250000000
71938  7.059  -2.204  76.069 0.6250000000
72916  6.137  -1.970  77.276 0.6250000000
72902  -1.523  -1.623  79.056 0.7500000000
71925  17.823  -2.878  77.779 0.6250000000
71917  18.357  -2.390  78.549 0.5000000000
73876  18.959  -0.685  78.786 0.3750000000
71048  8.558  -2.885  75.205 0.6250000000
71937  7.763  -2.571  75.664 0.6250000000
72909  -1.615  -1.993  78.156 0.7500000000
71909  18.719  -1.606  78.864 0.3750000000
72926  -1.267  -2.042  76.439 0.7500000000
73886  18.904  0.251  78.353 0.3750000000
130883  -1.702  -0.252  70.933 0.7500000000
72979  -1.219  -0.885  71.352 0.7500000000
74811  -1.280  -0.284  73.107 0.7500000000
73916  -1.448  -1.012  74.175 0.7500000000
73915  -1.148  -0.703  74.616 0.7500000000
73012  -0.758  -1.223  68.742 0.7500000000
73025  -1.539  -1.168  68.033 0.7500000000
73014  -2.312  -0.899  67.619 0.7500000000
118596  -1.743  -1.297  67.260 0.7500000000
73034  -2.372  -1.257  66.880 0.7500000000
73058  -2.759  -1.603  65.619 0.7500000000
73043  -2.460  -1.670  66.064 0.7500000000
73057  -2.525  -2.067  65.378 0.7500000000
72047  -2.560  -2.253  64.725 0.7500000000
72059  -1.694  -2.795  63.951 0.7500000000
73084  -2.705  -1.734  63.237 0.7500000000
74016  -2.303  -1.051  62.245 0.6250000000
74015  -1.796  -0.557  61.465 0.5000000000
74027  -1.397  -0.242  60.854 0.5000000000
125336  -1.478  1.352  61.348 0.5000000000
75791  -1.388  2.125  61.004 0.3750000000
76582  -1.858  3.164  61.383 0.3750000000
68600  32.077  -6.360  61.645 0.5000000000
74040  0.633  -0.736  59.873 0.5000000000
74939  -0.518  0.574  60.612 0.5000000000
127113  -1.016  1.191  60.904 0.5000000000
68584  33.247  -6.483  62.428 0.6250000000
74024  0.870  0.066  60.217 0.3750000000
75790  -0.307  1.484  60.723 0.5000000000
126531  -0.641  2.386  60.717 0.3750000000
76581  -1.315  3.197  60.789 0.3750000000
77410  -1.576  4.115  60.915 0.3750000000
68583  34.110  -6.039  62.591 0.6250000000
74050  3.787  -0.786  59.030 0.2500000000
74037  3.343  -0.312  59.495 0.2500000000
74937  1.616  0.362  60.229 0.3750000000
131745  1.033  0.727  60.411 0.3750000000
76580  -0.225  3.032  60.522 0.3750000000
78324  -1.149  4.919  60.729 0.3750000000
79344  -1.478  5.255  61.242 0.3750000000
68566  35.359  -6.403  63.587 1.0000000000
77408  0.448  3.759  60.390 0.3750000000
79351  -1.171  5.794  60.859 0.3750000000
80388  49.556  6.403  52.026 0.6250000000
80390  48.096  7.226  52.069 0.3750000000
124811  47.197  7.747  51.759 0.3750000000
79431  47.021  5.737  51.312 0.3750000000
80399  45.494  6.231  50.567 0.3750000000
78449  50.164  4.867  49.764 0.6250000000
79454  50.395  5.713  49.388 0.6250000000
114952  44.528  5.575  50.199 0.3750000000
78486  49.963  4.724  47.573 0.7500000000
78466  50.259  4.969  48.916 0.6250000000
77516  49.399  4.293  46.173 0.6250000000
77542  49.590  3.970  44.338 0.5000000000
77523  49.525  4.129  45.244 0.6250000000
77562  48.864  3.484  43.820 0.3750000000
77574  50.380  4.290  42.292 0.3750000000
77575  49.564  3.908  42.647 0.3750000000
77576  48.750  3.440  42.931 0.2500000000
77589  49.535  3.875  41.799 0.3750000000
77590  48.925  3.540  42.192 0.1250000000
77588  50.362  4.251  41.400 0.1250000000
77601  51.445  4.328  40.149 0.1250000000
77615  49.866  3.351  39.929 0.1250000000
68441  16.794  -6.944  76.875 0.6250000000
69374  16.155  -5.161  75.638 0.6250000000
70200  15.279  -4.429  75.159 0.6250000000
117472  3.315  -0.313  81.492 0.7500000000
74728  2.300  -0.118  82.059 0.7500000000
128886  17.660  -6.885  77.045 0.6250000000
136649  15.904  -4.257  75.388 0.6250000000
70212  14.690  -3.855  74.717 0.6250000000
134654  0.506  -0.979  82.363 0.7500000000
70191  17.726  -4.509  76.746 0.6250000000
71934  16.329  -3.049  75.961 0.6250000000
71056  12.599  -3.556  73.895 0.6250000000
71069  10.726  -2.617  73.667 0.6250000000
72932  6.693  -1.477  75.609 0.6250000000
73868  -0.820  -0.718  81.027 0.7500000000
71918  17.336  -2.275  78.038 0.6250000000
71058  10.227  -3.165  74.195 0.6250000000
73869  -1.586  -0.613  80.095 0.7500000000
72913  16.739  -1.644  78.674 0.5000000000
72903  18.043  -1.016  79.246 0.5000000000
73893  -1.496  -1.510  77.638 0.7500000000
73892  -0.662  -0.461  77.115 0.7500000000
73877  18.319  -0.216  78.960 0.3750000000
73900  -0.976  -0.714  76.105 0.7500000000
73941  -1.628  -0.151  71.461 0.7500000000
74823  -1.403  -0.022  72.211 0.7500000000
74781  -0.355  -0.230  75.328 0.7500000000
74769  0.173  0.078  76.356 0.7500000000
73952  -1.998  -0.071  70.139 0.7500000000
73951  -1.936  -0.090  70.355 0.7500000000
74835  -1.402  0.165  71.324 0.7500000000
74822  -0.885  0.301  72.641 0.7500000000
74794  -0.536  -0.079  74.313 0.7500000000
74793  0.744  0.463  74.779 0.7500000000
74780  0.878  0.617  75.719 0.7500000000
73960  -2.126  0.038  69.405 0.7500000000
73013  -1.901  -0.571  68.912 0.7500000000
73966  -2.350  -0.097  68.776 0.7500000000
132486  -2.282  -0.531  68.278 0.7500000000
74868  -2.115  0.281  68.614 0.7500000000
73035  -2.509  -0.849  67.238 0.7500000000
74880  -2.491  0.166  67.638 0.7500000000
73979  -2.608  -0.583  67.155 0.7500000000
73982  -2.850  -0.675  66.237 0.6250000000
136723  -2.974  -1.046  65.398 0.6250000000
74911  -2.616  0.432  64.636 0.6250000000
73988  -2.855  -0.546  64.812 0.6250000000
73996  -2.637  -0.333  63.953 0.6250000000
74006  -2.436  -0.644  63.063 0.6250000000
74926  -2.243  0.347  63.148 0.5000000000
74005  -1.918  -0.086  62.300 0.5000000000
74925  -1.868  0.894  62.424 0.5000000000
75782  -2.116  2.023  62.351 0.3750000000
75784  -1.965  2.244  61.663 0.3750000000
76573  -2.113  2.892  62.009 0.3750000000
76569  -2.000  2.412  62.812 0.3750000000
77392  -1.883  3.385  62.275 0.3750000000
77399  -1.561  4.250  62.157 0.3750000000
77398  -0.777  4.274  62.450 0.3750000000
115748  0.313  4.241  62.509 0.3750000000
78307  1.245  4.379  62.487 0.3750000000
78316  -1.669  4.641  61.314 0.3750000000
78309  -1.246  5.005  62.091 0.3750000000
78308  -0.402  5.083  62.371 0.3750000000
79338  -1.312  5.385  61.605 0.3750000000
118223  -0.084  4.722  60.350 0.3750000000
79343  -1.063  6.075  61.215 0.3750000000
79337  -0.863  5.730  61.915 0.3750000000
81367  48.462  9.003  51.300 0.5000000000
81355  48.205  8.045  51.715 0.5000000000
81356  47.416  8.391  51.773 0.5000000000
136671  47.052  9.037  51.889 0.3750000000
81354  49.089  7.640  51.571 0.6250000000
81357  46.646  8.666  51.987 0.3750000000
81358  45.551  8.536  52.045 0.3750000000
131556  49.782  6.794  51.325 0.6250000000
80397  50.184  6.429  50.367 0.6250000000
80411  50.344  6.633  49.446 0.5000000000
117860  50.394  5.123  47.922 0.7500000000
79467  50.589  5.712  48.276 0.5000000000
78512  50.344  4.618  45.800 0.6250000000
78533  51.117  4.841  44.477 0.5000000000
78549  50.400  4.313  43.995 0.6250000000
77560  50.404  4.266  43.137 0.3750000000
78560  51.249  4.592  42.796 0.5000000000
78547  51.856  5.158  43.233 0.5000000000
78571  51.316  4.532  41.980 0.2500000000
78582  51.351  4.471  41.090 0.1250000000
78594  52.342  4.643  39.751 0.1250000000
78581  52.254  4.703  40.722 0.1250000000
74740  4.218  0.622  80.258 0.6250000000
74732  3.592  0.590  80.990 0.7500000000
74747  4.562  0.590  78.483 0.6250000000
74739  4.448  0.549  79.371 0.6250000000
74733  2.993  0.536  81.588 0.7500000000
74729  1.311  0.359  82.264 0.7500000000
71935  15.546  -2.971  75.419 0.6250000000
71943  14.310  -2.687  74.560 0.6250000000
71944  13.657  -2.754  74.112 0.6250000000
73899  5.524  -0.430  76.493 0.6250000000
73890  5.390  -0.652  77.417 0.6250000000
73883  4.719  -0.128  78.888 0.6250000000
74730  0.228  0.838  81.871 0.7500000000
71927  16.000  -2.435  76.310 0.6250000000
71958  12.264  -2.339  73.595 0.6250000000
127533  10.923  -1.904  73.388 0.6250000000
72925  5.825  -1.242  76.883 0.6250000000
74735  -1.420  0.077  80.557 0.7500000000
72920  16.426  -2.026  77.378 0.6250000000
71960  9.277  -1.862  73.742 0.6250000000
71948  8.104  -2.244  74.777 0.6250000000
72931  7.354  -1.914  75.209 0.6250000000
119717  -1.456  -0.229  79.027 0.7500000000
137840  -0.887  0.057  78.450 0.7500000000
73878  16.428  -0.356  79.483 0.5000000000
74759  -1.141  -0.561  78.089 0.7500000000
74758  -0.212  0.359  77.838 0.7500000000
120918  0.348  0.411  77.015 0.7500000000
75650  1.592  1.333  76.018 0.6250000000
74857  -1.520  0.317  69.809 0.7500000000
133359  -0.924  0.426  70.843 0.7500000000
128868  -0.988  0.381  71.973 0.7500000000
126012  0.265  0.430  72.979 0.7500000000
74867  -1.394  0.485  68.961 0.6250000000
74843  -0.767  0.516  70.207 0.6250000000
74879  -2.068  0.670  67.893 0.6250000000
74892  -2.189  0.713  67.104 0.6250000000
74904  -2.467  0.606  66.146 0.6250000000
115751  -2.796  -0.017  65.425 0.6250000000
75754  -2.440  1.012  65.154 0.6250000000
75767  -2.287  1.253  64.289 0.6250000000
74919  -2.451  0.714  63.930 0.6250000000
75776  -2.018  1.917  63.768 0.3750000000
75777  -2.127  1.445  63.356 0.5000000000
76552  -1.644  1.995  64.066 0.3750000000
77390  0.057  3.415  62.872 0.3750000000
77397  1.185  3.574  62.689 0.3750000000
76565  -1.603  2.567  63.272 0.3750000000
120027  0.499  4.997  62.457 0.3750000000
78323  0.317  5.396  59.956 0.3750000000
78334  0.175  6.474  59.700 0.3750000000
80323  -0.828  6.581  60.799 0.3750000000
80309  -0.475  6.517  61.592 0.3750000000
79336  0.140  5.874  62.290 0.3750000000
81366  49.232  8.804  50.847 0.5000000000
82253  47.507  9.254  51.638 0.3750000000
132467  46.711  9.601  52.050 0.2500000000
81382  50.252  7.457  49.120 0.5000000000
121324  49.706  7.544  50.633 0.5000000000
80423  50.551  6.565  48.678 0.5000000000
80434  50.888  6.603  47.747 0.5000000000
79495  51.083  5.707  46.537 0.5000000000
79483  50.807  5.771  47.301 0.5000000000
79514  51.592  5.783  45.221 0.3750000000
78511  51.165  5.060  45.394 0.5000000000
78532  51.672  5.341  44.036 0.5000000000
78546  52.490  5.545  42.859 0.2500000000
78558  52.673  5.320  42.071 0.2500000000
79560  53.091  5.673  41.604 0.2500000000
78569  52.800  5.217  41.208 0.2500000000
78570  52.187  4.767  41.645 0.1250000000
78580  52.909  5.211  40.222 0.2500000000
75616  4.296  1.286  79.817 0.6250000000
75639  4.945  1.229  75.900 0.6250000000
74767  4.717  0.965  76.711 0.6250000000
75615  4.391  1.122  79.007 0.6250000000
75609  3.261  1.548  81.556 0.7500000000
135093  2.895  1.882  82.021 0.7500000000
72928  15.206  -2.160  75.831 0.6250000000
71936  14.807  -2.542  75.069 0.6250000000
72923  13.898  -1.181  75.735 0.6250000000
74791  6.507  0.572  74.228 0.6250000000
74778  6.087  0.146  74.813 0.6250000000
74766  5.199  0.393  76.142 0.6250000000
75606  0.874  1.843  81.929 0.7500000000
72930  13.060  -1.276  74.715 0.6250000000
135185  10.991  -1.520  73.412 0.6250000000
119659  8.114  -1.216  73.849 0.6250000000
73907  6.379  -0.670  75.134 0.6250000000
75607  -0.425  1.651  81.500 0.7500000000
72921  15.556  -1.729  76.831 0.6250000000
73896  14.269  -0.773  76.979 0.6250000000
72951  9.589  -1.194  73.431 0.6250000000
72937  7.738  -1.557  74.383 0.6250000000
122419  -1.634  0.854  80.197 0.7500000000
74749  -0.817  0.826  78.796 0.7500000000
72914  15.822  -1.456  78.003 0.6250000000
73879  15.450  -0.637  79.362 0.5000000000
75627  -1.252  1.784  79.351 0.7500000000
74736  15.499  0.719  79.880 0.5000000000
74748  0.244  1.257  78.156 0.7500000000
75642  1.464  1.595  76.701 0.6250000000
113900  0.221  0.629  70.674 0.6250000000
74834  -0.489  0.522  71.398 0.7500000000
137012  1.081  0.680  72.544 0.7500000000
75680  1.429  0.729  73.260 0.6250000000
75660  1.688  1.186  75.207 0.6250000000
74856  -0.549  0.574  69.431 0.6250000000
74833  0.582  0.699  71.377 0.7500000000
75649  2.184  1.864  75.647 0.6250000000
74866  -0.345  0.621  68.774 0.6250000000
114232  0.386  0.653  69.835 0.6250000000
132879  -1.621  0.627  68.287 0.6250000000
117364  -0.745  0.682  68.277 0.6250000000
74878  -1.195  0.767  67.729 0.6250000000
121099  -0.037  0.666  67.587 0.6250000000
74891  -1.591  0.904  67.121 0.6250000000
74890  -0.478  0.747  66.946 0.6250000000
74903  -1.777  1.064  66.341 0.6250000000
74902  -0.837  1.016  66.269 0.6250000000
75753  -1.945  1.280  65.426 0.6250000000
75766  -1.972  1.520  64.553 0.5000000000
76551  -0.968  2.210  64.074 0.3750000000
76550  0.160  2.210  64.004 0.3750000000
76563  0.576  2.655  63.457 0.3750000000
77389  1.084  3.032  63.065 0.3750000000
76564  -0.572  2.755  63.424 0.3750000000
76568  1.906  2.980  62.909 0.5000000000
77396  2.028  3.719  62.641 0.5000000000
78306  2.049  4.628  62.567 0.3750000000
81266  0.491  7.534  60.433 0.3750000000
79335  1.200  5.279  62.438 0.3750000000
78333  1.065  5.585  59.500 0.3750000000
80333  -0.108  7.180  59.938 0.3750000000
81267  -0.302  7.257  60.601 0.3750000000
80317  -0.125  7.224  61.178 0.3750000000
80307  1.507  6.623  62.083 0.5000000000
79357  1.959  5.677  59.136 0.3750000000
79358  1.183  6.634  59.089 0.2500000000
82265  48.821  9.914  50.856 0.2500000000
83122  47.573  10.434  50.992 0.2500000000
81383  49.802  8.381  49.768 0.5000000000
82266  48.049  10.052  51.266 0.2500000000
82254  47.105  10.110  51.605 0.2500000000
80446  51.529  6.661  45.881 0.3750000000
135535  51.391  6.079  46.124 0.3750000000
79494  51.587  6.118  45.601 0.3750000000
79515  51.330  5.664  45.880 0.3750000000
79543  52.734  6.090  43.277 0.3750000000
79534  52.364  6.199  43.940 0.3750000000
79550  52.940  5.834  42.451 0.2500000000
79544  52.242  5.765  43.638 0.3750000000
80513  53.830  6.310  40.504 0.3750000000
79559  53.467  5.945  41.069 0.2500000000
79570  53.726  5.760  40.093 0.2500000000
80535  54.162  5.715  38.759 0.2500000000
79579  53.878  5.608  39.206 0.2500000000
78592  53.631  5.365  38.857 0.2500000000
127105  4.114  1.960  80.211 0.6250000000
75608  3.909  1.458  80.680 0.7500000000
75640  4.632  1.846  76.516 0.6250000000
75623  4.353  1.343  78.254 0.6250000000
75624  4.182  1.896  79.175 0.6250000000
76421  3.662  2.406  81.031 0.7500000000
77245  2.743  3.375  81.809 0.7500000000
74805  9.120  0.127  73.344 0.6250000000
73929  7.172  0.397  73.786 0.6250000000
74779  5.519  0.677  75.336 0.6250000000
76418  1.355  2.752  82.055 0.7500000000
73897  12.777  -0.144  76.188 0.6250000000
73912  11.506  -0.562  74.040 0.6250000000
73926  9.793  -0.484  73.346 0.6250000000
72953  8.197  -0.544  73.595 0.6250000000
77248  -0.613  3.054  81.550 0.7500000000
73881  13.974  -0.166  78.716 0.6250000000
76423  -1.497  2.254  80.485 0.7500000000
74737  14.728  0.512  80.060 0.5000000000
76438  -0.987  2.681  78.902 0.6250000000
75625  0.790  1.973  77.904 0.7500000000
137506  1.893  0.928  72.658 0.6250000000
75671  2.436  1.479  73.321 0.6250000000
75659  2.396  1.812  74.836 0.6250000000
74865  0.684  0.640  68.951 0.6250000000
74842  1.158  0.758  70.223 0.6250000000
75707  1.540  0.928  70.914 0.6250000000
75695  2.593  1.220  71.502 0.6250000000
114975  0.324  0.644  68.233 0.6250000000
74855  1.501  0.741  69.543 0.6250000000
74841  2.065  0.914  70.155 0.6250000000
74877  1.073  0.653  67.550 0.6250000000
74876  2.111  0.703  67.707 0.6250000000
74889  0.772  0.739  66.678 0.6250000000
128877  0.075  0.839  66.203 0.6250000000
128901  -0.074  1.212  65.517 0.5000000000
74901  0.844  1.035  65.705 0.6250000000
75765  -1.349  1.668  64.683 0.5000000000
75764  -0.213  1.663  64.698 0.3750000000
75750  1.628  1.320  64.981 0.6250000000
75749  2.644  1.300  65.261 0.6250000000
76549  1.095  2.151  63.830 0.3750000000
75762  2.406  1.596  64.467 0.6250000000
76548  2.872  2.012  63.960 0.6250000000
126685  3.137  2.631  63.627 0.6250000000
131352  4.163  3.264  64.117 0.6250000000
75775  1.945  1.872  63.887 0.5000000000
76561  2.403  2.476  63.467 0.6250000000
77388  2.778  3.251  63.109 0.5000000000
77395  2.642  4.048  62.785 0.5000000000
78305  2.835  4.864  62.840 0.5000000000
80332  0.655  7.209  59.420 0.3750000000
81283  1.110  7.636  59.629 0.3750000000
81265  1.448  7.447  60.969 0.3750000000
80316  0.932  7.197  61.410 0.3750000000
79334  2.044  5.699  62.545 0.5000000000
79366  2.258  6.703  58.657 0.1250000000
80343  1.502  7.295  59.046 0.2500000000
135890  1.447  7.628  60.266 0.3750000000
80315  1.944  7.087  61.643 0.3750000000
80305  3.348  6.437  62.548 0.5000000000
82291  50.395  9.212  48.251 0.5000000000
82292  49.778  9.634  49.088 0.3750000000
83138  48.625  10.493  49.707 0.3750000000
83139  47.934  10.510  50.195 0.2500000000
82307  50.771  9.113  47.478 0.5000000000
134575  50.746  8.445  47.831 0.5000000000
81395  50.184  8.451  48.896 0.5000000000
83137  49.181  10.445  49.341 0.3750000000
83156  48.320  10.453  49.276 0.3750000000
82277  47.357  10.218  49.669 0.2500000000
121877  51.324  7.458  46.460 0.3750000000
81412  51.043  7.780  47.316 0.5000000000
81394  50.632  7.746  48.265 0.5000000000
124775  51.801  6.932  45.206 0.3750000000
135063  51.689  6.417  45.413 0.3750000000
80474  52.176  6.645  44.497 0.3750000000
121455  51.822  6.277  45.065 0.3750000000
80482  52.602  6.601  43.817 0.3750000000
80492  53.116  6.333  42.754 0.3750000000
80502  53.533  6.568  41.429 0.3750000000
80491  53.347  6.758  42.264 0.3750000000
81477  53.511  7.455  41.693 0.3750000000
80523  54.144  5.946  39.577 0.3750000000
81496  54.125  6.961  39.898 0.3750000000
116943  54.109  7.935  39.106 0.3750000000
81505  54.330  7.227  38.265 0.3750000000
75632  4.464  1.622  77.368 0.6250000000
76436  3.816  2.800  78.869 0.6250000000
77249  3.532  3.263  80.458 0.7500000000
77250  3.265  3.289  81.404 0.7500000000
77246  1.787  3.532  81.958 0.7500000000
75646  10.565  1.774  75.395 0.5000000000
75665  9.732  1.091  73.639 0.6250000000
74806  8.455  0.876  73.399 0.6250000000
128506  6.334  1.199  74.194 0.6250000000
75648  4.820  1.983  75.802 0.6250000000
76450  4.340  2.486  77.155 0.6250000000
77260  3.592  3.237  79.556 0.6250000000
78153  3.245  4.147  80.781 0.6250000000
77251  2.254  4.151  81.676 0.6250000000
74765  11.777  0.855  76.193 0.6250000000
74789  11.193  0.200  74.357 0.6250000000
74804  9.735  0.298  73.394 0.6250000000
77252  0.252  4.336  81.679 0.7500000000
74754  12.600  0.725  77.610 0.5000000000
123424  -1.342  3.061  80.752 0.7500000000
78157  -0.358  4.800  81.056 0.6250000000
74745  13.562  0.448  79.244 0.5000000000
77268  -1.424  3.355  79.350 0.7500000000
77261  -1.312  3.956  80.330 0.7500000000
76437  0.276  2.874  78.172 0.6250000000
76445  1.257  2.720  77.334 0.6250000000
127785  2.439  3.221  75.732 0.6250000000
76451  2.233  2.539  76.078 0.6250000000
76459  2.623  2.563  75.200 0.6250000000
75678  3.404  1.840  71.933 0.6250000000
76480  3.098  2.330  73.648 0.6250000000
127259  2.733  1.139  70.695 0.6250000000
75694  3.466  1.639  71.111 0.6250000000
121666  3.575  1.502  70.312 0.6250000000
74864  2.090  0.721  68.661 0.6250000000
74853  3.145  0.864  68.801 0.6250000000
125726  3.938  1.320  68.431 0.6250000000
74875  3.128  0.819  68.016 0.6250000000
74888  1.953  0.800  66.838 0.6250000000
74887  2.994  0.952  67.100 0.6250000000
75731  3.824  1.306  67.462 0.6250000000
75740  2.840  1.093  66.175 0.6250000000
75739  3.752  1.406  66.519 0.6250000000
75747  4.443  1.888  65.952 0.6250000000
74900  1.802  0.951  65.917 0.6250000000
75748  3.605  1.541  65.582 0.6250000000
75760  4.174  2.081  65.063 0.6250000000
76546  4.514  2.859  64.704 0.6250000000
75761  3.319  1.746  64.688 0.6250000000
76547  3.750  2.513  64.220 0.6250000000
77386  4.030  3.975  63.747 0.6250000000
79325  3.708  5.023  63.383 0.6250000000
81264  2.338  7.415  60.820 0.3750000000
81282  1.970  7.644  59.693 0.2500000000
83153  50.338  10.016  47.693 0.5000000000
83155  48.984  10.624  48.797 0.3750000000
82316  51.171  8.819  46.623 0.3750000000
136566  51.745  7.686  45.228 0.3750000000
81433  51.517  7.823  45.779 0.3750000000
82315  51.385  9.045  45.922 0.3750000000
81452  52.017  7.701  44.727 0.3750000000
81445  51.661  8.599  45.291 0.3750000000
81451  52.460  7.237  44.174 0.3750000000
81459  52.848  7.211  43.627 0.3750000000
81468  53.233  6.987  43.011 0.3750000000
119074  53.005  7.882  43.156 0.3750000000
81467  53.309  7.586  42.451 0.3750000000
82353  53.336  8.250  41.880 0.3750000000
83212  52.281  9.565  40.512 0.3750000000
82364  53.581  8.564  41.059 0.3750000000
120634  52.178  9.588  39.725 0.3750000000
128986  53.752  9.074  39.462 0.3750000000
82374  51.598  9.315  39.258 0.3750000000
134054  54.087  8.323  38.273 0.2500000000
76465  10.012  2.257  74.889 0.5000000000
75666  9.628  1.912  74.000 0.6250000000
123726  8.501  1.769  73.410 0.6250000000
75669  7.179  1.743  73.591 0.6250000000
77285  5.187  3.118  74.823 0.6250000000
77280  4.331  3.580  76.336 0.6250000000
77273  3.652  4.157  77.868 0.6250000000
137918  3.389  4.231  79.311 0.6250000000
79150  2.272  5.503  80.982 0.6250000000
79151  1.323  5.736  81.271 0.6250000000
76455  10.274  2.479  75.838 0.5000000000
76475  9.024  2.258  73.619 0.5000000000
76476  8.265  2.572  73.426 0.6250000000
77296  5.747  2.903  74.334 0.6250000000
77286  4.711  3.345  75.571 0.6250000000
78174  3.728  4.456  77.132 0.6250000000
78168  3.370  4.692  78.797 0.6250000000
78155  1.821  4.973  81.543 0.6250000000
78156  0.773  5.033  81.583 0.6250000000
75637  11.365  1.793  77.402 0.5000000000
76448  10.383  2.634  76.709 0.5000000000
78197  6.200  3.986  73.923 0.6250000000
123272  5.654  3.625  74.327 0.6250000000
79152  0.318  5.618  81.209 0.6250000000
75621  12.334  1.538  79.133 0.5000000000
76434  10.598  3.059  78.494 0.5000000000
117911  -1.428  4.135  79.244 0.6250000000
78164  -1.156  4.760  80.198 0.6250000000
78169  -1.068  4.288  78.182 0.5000000000
78176  0.701  4.104  77.177 0.5000000000
77287  2.395  3.968  75.492 0.6250000000
77281  2.028  3.716  76.239 0.6250000000
129175  1.945  2.975  76.631 0.6250000000
77297  3.058  3.548  74.271 0.6250000000
77298  2.729  3.399  75.001 0.6250000000
76470  3.318  2.997  73.927 0.6250000000
76485  3.738  2.746  72.167 0.6250000000
75706  4.090  2.137  70.686 0.6250000000
76506  4.448  2.699  70.186 0.6250000000
75724  4.376  1.818  69.063 0.6250000000
76525  4.776  2.473  68.086 0.6250000000
120618  4.733  2.391  67.262 0.6250000000
76533  4.864  2.878  66.682 0.6250000000
75730  4.455  1.784  67.769 0.6250000000
75738  4.410  1.777  66.902 0.6250000000
76532  4.825  2.615  65.975 0.6250000000
77365  4.909  3.222  66.069 0.6250000000
77374  4.843  3.274  65.309 0.6250000000
117363  4.677  4.301  65.088 0.6250000000
78296  4.461  4.861  64.483 0.6250000000
83154  49.645  10.332  48.285 0.3750000000
83161  50.632  10.005  47.048 0.5000000000
83171  50.190  10.397  46.672 0.5000000000
83170  50.896  9.926  46.176 0.2500000000
83169  51.273  9.508  45.594 0.2500000000
83176  50.898  9.999  45.409 0.2500000000
82335  52.372  8.345  43.958 0.3750000000
82328  51.875  8.758  44.687 0.3750000000
83175  51.443  9.496  45.024 0.2500000000
83181  51.620  9.460  44.304 0.3750000000
83188  52.527  8.861  43.039 0.3750000000
82343  53.038  8.487  42.429 0.3750000000
83196  52.557  9.204  42.217 0.3750000000
83203  52.451  9.465  41.370 0.3750000000
82365  53.139  9.385  40.791 0.3750000000
83227  53.220  9.736  39.006 0.3750000000
83219  52.865  9.687  39.841 0.3750000000
83234  53.359  9.948  38.037 0.2500000000
83228  53.041  10.207  38.264 0.3750000000
83220  52.599  9.911  38.891 0.3750000000
79162  2.750  6.145  79.238 0.6250000000
79156  2.572  5.875  80.129 0.5000000000
76456  9.739  2.996  75.233 0.5000000000
118717  9.330  3.206  74.454 0.5000000000
77304  8.331  3.433  73.632 0.5000000000
77305  7.644  3.213  73.494 0.5000000000
78189  4.467  4.721  75.631 0.5000000000
79174  3.969  5.203  76.195 0.5000000000
78175  3.515  5.081  77.695 0.6250000000
79157  1.805  6.314  80.662 0.5000000000
76449  10.031  3.102  76.240 0.5000000000
77293  9.386  3.761  74.859 0.5000000000
78206  8.336  4.185  73.833 0.5000000000
78208  7.034  3.902  73.639 0.5000000000
78198  5.634  4.585  74.239 0.5000000000
80133  0.535  6.454  80.860 0.6250000000
77271  10.168  3.366  77.619 0.5000000000
79181  9.504  5.121  75.723 0.3750000000
78196  8.933  4.558  74.449 0.3750000000
78207  7.734  4.515  73.589 0.3750000000
79204  6.070  5.216  73.829 0.3750000000
78199  4.950  5.058  74.914 0.3750000000
79163  -1.325  6.025  79.682 0.6250000000
77265  10.649  3.613  79.265 0.5000000000
79170  -1.245  4.905  77.550 0.5000000000
78170  -1.465  5.007  79.474 0.6250000000
78185  0.427  4.708  76.702 0.5000000000
78177  -0.176  4.446  77.362 0.5000000000
79184  1.264  5.295  75.315 0.5000000000
79176  0.918  5.006  76.055 0.5000000000
79183  2.096  4.962  74.990 0.5000000000
78210  2.999  4.701  73.388 0.5000000000
78200  2.928  4.263  73.993 0.5000000000
79205  3.064  5.097  72.749 0.5000000000
78214  3.460  4.500  72.725 0.6250000000
131207  3.688  4.327  72.079 0.5000000000
77319  3.952  3.572  71.670 0.6250000000
78221  4.226  3.889  70.829 0.5000000000
76495  4.291  2.976  71.010 0.6250000000
77340  4.645  3.327  69.660 0.6250000000
113783  4.658  4.008  69.170 0.6250000000
77348  4.840  3.181  68.724 0.6250000000
125872  4.865  3.272  67.592 0.6250000000
114006  4.707  4.063  68.280 0.6250000000
77358  4.782  3.690  66.674 0.6250000000
80138  2.237  6.724  79.894 0.5000000000
79175  3.584  5.730  76.914 0.5000000000
80152  3.219  6.595  77.395 0.5000000000
80145  2.490  6.971  79.040 0.5000000000
80139  1.297  7.036  80.276 0.5000000000
79182  4.417  5.534  75.510 0.5000000000
80156  3.564  6.427  76.557 0.5000000000
81066  -0.347  7.501  79.876 0.5000000000
78180  9.799  4.473  77.088 0.3750000000
79173  9.634  5.248  76.491 0.3750000000
79191  9.242  5.327  75.019 0.2500000000
79201  8.293  5.935  73.638 0.2500000000
80184  6.831  6.376  73.171 0.2500000000
80173  5.300  6.258  74.090 0.3750000000
80161  4.324  6.305  75.389 0.5000000000
78172  10.197  3.769  78.356 0.3750000000
79167  9.757  5.255  77.490 0.3750000000
119711  9.447  6.048  75.725 0.2500000000
133834  9.113  6.128  74.831 0.2500000000
80183  7.723  6.388  73.203 0.2500000000
80185  5.906  6.720  73.378 0.2500000000
79164  -1.784  6.183  78.869 0.5000000000
77259  11.023  4.233  79.938 0.3750000000
79160  10.028  6.031  79.008 0.2500000000
79177  0.129  5.204  76.268 0.5000000000
79178  -1.413  5.476  76.962 0.5000000000
79171  -1.867  5.777  77.834 0.5000000000
79206  2.549  5.430  73.184 0.5000000000
79195  2.437  5.093  74.093 0.5000000000
117668  3.388  5.093  72.031 0.5000000000
79225  3.343  5.238  71.065 0.5000000000
78233  3.876  4.781  70.369 0.5000000000
78246  4.457  4.043  70.002 0.5000000000
81069  2.074  7.627  78.703 0.5000000000
81070  1.187  7.901  79.097 0.5000000000
81077  2.862  7.316  77.331 0.5000000000
81071  0.143  8.015  79.323 0.5000000000
81100  4.519  7.445  74.408 0.3750000000
80162  3.820  6.709  75.913 0.5000000000
81080  -1.327  8.005  78.542 0.5000000000
115220  9.559  6.917  76.366 0.2500000000
130542  9.393  6.986  75.436 0.2500000000
81111  8.345  7.704  73.235 0.2500000000
80199  7.363  7.135  72.838 0.2500000000
81114  5.682  7.583  73.175 0.2500000000
80154  -1.857  6.584  77.577 0.5000000000
114128  9.646  6.801  77.434 0.3750000000
79186  -0.725  5.486  76.110 0.5000000000
79185  0.311  5.444  75.623 0.5000000000
80157  -1.712  5.731  76.356 0.5000000000
79196  1.540  5.598  74.501 0.5000000000
80175  0.863  6.180  74.088 0.5000000000
80176  -0.180  6.193  74.377 0.5000000000
79215  2.117  5.938  72.789 0.5000000000
80187  0.994  6.335  73.388 0.5000000000
80200  1.897  6.137  71.942 0.5000000000
80201  1.426  6.296  72.759 0.5000000000
79226  2.678  5.654  71.506 0.5000000000
81084  2.758  7.837  76.787 0.5000000000
81079  1.568  8.187  78.310 0.5000000000
82047  2.190  8.479  76.972 0.5000000000
82040  0.984  8.629  77.828 0.5000000000
82068  4.256  8.219  74.113 0.3750000000
82054  3.376  8.133  75.433 0.5000000000
82036  -0.433  8.347  78.724 0.5000000000
81088  9.538  7.861  75.832 0.2500000000
82067  8.966  8.291  74.270 0.2500000000
81128  8.087  8.312  72.923 0.2500000000
82082  5.418  8.428  72.999 0.2500000000
81073  -1.741  7.396  78.071 0.5000000000
82051  -2.404  7.982  76.859 0.5000000000
82046  9.519  8.577  76.636 0.2500000000
82925  9.153  8.948  74.871 0.1250000000
82081  8.500  8.544  73.444 0.1250000000
81085  -1.987  6.986  76.977 0.5000000000
82043  -1.873  8.101  77.814 0.5000000000
80164  -1.591  5.775  75.574 0.5000000000
81092  -2.700  6.830  75.939 0.5000000000
80177  -1.425  6.026  74.672 0.5000000000
81102  -2.815  6.886  74.820 0.5000000000
80188  0.147  6.466  73.593 0.5000000000
80189  -1.024  6.450  73.803 0.5000000000
80190  -2.215  6.367  74.153 0.5000000000
80202  0.498  6.527  72.777 0.5000000000
80224  2.148  6.121  70.247 0.5000000000
82913  2.237  9.250  75.383 0.5000000000
82048  1.466  8.925  77.126 0.5000000000
82041  -0.024  8.832  78.108 0.5000000000
82955  4.191  10.152  72.854 0.1250000000
82927  3.269  9.253  74.210 0.3750000000
82070  2.951  8.842  75.016 0.5000000000
82050  -1.917  8.899  77.524 0.5000000000
84537  6.239  11.096  72.595 0.1250000000
82953  5.573  9.801  72.553 0.1250000000
82098  5.123  9.225  72.800 0.2500000000
82905  9.269  9.323  76.290 0.1250000000
83751  8.071  10.181  73.557 0.1250000000
82951  7.266  9.431  72.665 0.2500000000
82071  -2.916  7.846  74.486 0.5000000000
81117  -2.681  6.993  73.790 0.5000000000
82085  -2.678  7.779  73.676 0.5000000000
81116  -1.866  6.817  73.137 0.5000000000
128720  -2.395  7.396  73.053 0.5000000000
113683  0.940  6.579  71.993 0.5000000000
80214  -0.113  6.738  72.018 0.5000000000
81132  -1.174  7.004  72.072 0.5000000000
81133  -1.915  7.309  72.471 0.5000000000
80212  1.211  6.493  71.125 0.5000000000
137855  -0.502  6.971  71.359 0.5000000000
81144  -1.080  7.366  71.160 0.5000000000
80226  0.633  6.791  70.412 0.5000000000
81143  -0.261  7.176  70.541 0.5000000000
80225  1.408  6.487  70.215 0.5000000000
80241  0.431  7.088  69.860 0.5000000000
80240  1.199  6.882  69.531 0.5000000000
83753  2.961  10.444  73.456 0.2500000000
82928  2.591  9.529  74.555 0.2500000000
82929  1.818  9.877  74.799 0.5000000000
82914  1.404  9.677  75.664 0.5000000000
82915  0.386  10.080  76.020 0.5000000000
83768  4.524  10.863  72.527 0.1250000000
82943  2.934  9.827  73.918 0.2500000000
133580  -0.606  10.098  76.513 0.5000000000
84536  7.010  10.913  72.951 0.1250000000
84538  5.347  11.296  72.415 0.1250000000
82908  -2.464  9.323  76.185 0.5000000000
82916  -1.763  10.106  76.440 0.5000000000
83719  8.865  9.957  76.967 0.1250000000
127071  8.591  10.602  75.306 0.1250000000
136400  -2.419  8.877  76.747 0.5000000000
82899  9.333  9.288  78.605 0.1250000000
83717  8.690  10.679  77.745 0.1250000000
82057  -2.852  8.103  75.766 0.5000000000
119776  -2.799  9.004  75.158 0.3750000000
122227  9.158  9.978  79.393 0.1250000000
123692  -2.684  8.725  74.081 0.3750000000
125911  -2.444  8.311  73.131 0.5000000000
81145  -1.689  7.568  71.752 0.5000000000
82108  -1.977  8.227  71.554 0.5000000000
81156  -1.578  7.852  71.067 0.5000000000
82117  -1.705  8.461  70.745 0.5000000000
82126  -0.811  8.486  69.830 0.5000000000
82127  -1.416  8.621  70.112 0.5000000000
82971  -1.742  9.197  70.347 0.5000000000
81179  1.455  7.320  69.115 0.5000000000
81167  0.739  7.646  69.409 0.5000000000
82125  0.094  8.434  69.558 0.5000000000
82981  -1.323  9.227  69.814 0.5000000000
83739  1.498  10.659  74.275 0.2500000000
83724  1.015  10.289  75.158 0.5000000000
83738  2.338  10.195  74.077 0.2500000000
83754  2.240  10.918  73.518 0.2500000000
84526  1.617  11.312  73.659 0.2500000000
85248  5.614  12.816  72.807 0.2500000000
84540  3.769  11.515  72.517 0.1250000000
82917  -2.436  10.015  75.715 0.3750000000
84515  7.622  11.706  74.282 0.1250000000
85233  7.906  11.953  76.089 0.1250000000
137607  8.217  11.482  76.517 0.1250000000
84504  8.307  11.329  77.416 0.1250000000
82930  -2.655  9.804  74.702 0.3750000000
84499  8.824  10.572  79.981 0.1250000000
83714  8.736  10.600  79.006 0.1250000000
84502  8.332  11.201  78.557 0.1250000000
117798  9.265  10.677  80.267 0.1250000000
82944  -2.422  9.454  73.410 0.3750000000
84495  10.530  11.192  80.163 0.1250000000
85219  10.321  12.326  79.908 0.1250000000
82956  -2.201  8.735  72.349 0.5000000000
85224  13.379  12.429  79.066 0.1250000000
85954  11.415  13.011  79.440 0.1250000000
82963  -2.006  9.197  71.414 0.5000000000
85223  14.452  12.700  78.061 0.1250000000
83801  -1.712  9.907  69.965 0.3750000000
83740  0.609  10.902  74.830 0.3750000000
84516  0.950  11.374  74.162 0.2500000000
84508  -0.250  11.140  75.428 0.3750000000
84525  2.962  11.224  72.912 0.2500000000
84527  0.534  12.082  74.119 0.2500000000
84517  0.111  11.553  74.773 0.2500000000
86757  5.898  14.092  74.771 0.1250000000
85989  6.018  13.254  73.477 0.2500000000
85261  3.227  12.828  72.484 0.2500000000
85250  1.631  12.624  73.052 0.2500000000
124410  0.966  12.563  73.565 0.2500000000
83727  -2.020  10.815  76.057 0.2500000000
85976  6.457  13.633  75.098 0.1250000000
85234  7.467  12.526  75.675 0.1250000000
85230  7.900  11.899  77.095 0.1250000000
84510  -2.175  11.484  75.597 0.2500000000
83741  -2.465  10.851  75.264 0.2500000000
85967  7.030  12.896  77.299 0.1250000000
85231  7.512  12.472  76.680 0.1250000000
85227  7.833  11.734  78.194 0.1250000000
83755  -2.506  10.522  74.199 0.3750000000
85228  7.408  12.312  77.747 0.1250000000
85225  7.868  11.684  79.400 0.1250000000
122405  -2.487  11.292  74.722 0.2500000000
124908  9.423  11.437  80.277 0.1250000000
83769  -2.239  10.373  73.070 0.3750000000
122495  9.573  13.032  80.126 0.1250000000
83778  -1.952  10.216  71.935 0.3750000000
83787  -1.879  9.973  70.797 0.3750000000
85961  13.359  13.933  78.296 0.1250000000
85973  14.008  13.603  76.142 0.1250000000
125263  -1.761  10.499  70.343 0.3750000000
86769  1.753  14.739  73.414 0.1250000000
87506  1.162  15.473  73.930 0.1250000000
86767  3.437  14.720  73.219 0.1250000000
86778  2.247  14.100  72.935 0.2500000000
85992  1.388  13.990  73.254 0.1250000000
85251  0.167  12.904  74.094 0.2500000000
85240  -0.448  12.220  74.779 0.2500000000
84518  -0.913  11.721  75.395 0.2500000000
86751  6.046  14.152  75.709 0.1250000000
86758  5.246  14.662  74.481 0.1250000000
86000  3.477  13.468  72.581 0.2500000000
86001  2.720  13.456  72.638 0.2500000000
119406  1.099  13.230  73.326 0.2500000000
85241  -1.623  12.342  75.367 0.2500000000
84511  -2.250  12.136  75.414 0.2500000000
85243  -2.477  12.473  75.111 0.2500000000
85226  7.228  12.152  78.917 0.1250000000
85958  6.895  12.994  80.116 0.1250000000
84529  -2.441  11.950  74.635 0.2500000000
85222  7.455  12.414  79.919 0.1250000000
85957  7.859  13.407  80.395 0.1250000000
85252  -2.166  11.990  73.550 0.3750000000
125649  9.146  13.744  80.209 0.1250000000
84542  -1.994  11.135  72.647 0.3750000000
85962  11.673  13.872  79.156 0.1250000000
86740  10.942  14.452  79.416 0.1250000000
86744  13.403  15.122  77.433 0.1250000000
84550  -1.692  10.962  71.326 0.3750000000
85974  13.321  14.021  75.565 0.1250000000
84557  -1.691  11.137  70.278 0.3750000000
85986  12.539  13.186  73.779 0.1250000000
86768  2.633  14.764  73.224 0.1250000000
87505  2.189  15.369  73.688 0.1250000000
85993  0.460  13.813  73.772 0.2500000000
85994  -0.604  13.564  74.552 0.2500000000
87486  4.085  15.501  74.564 0.1250000000
87495  2.590  15.706  74.125 0.1250000000
129964  -0.961  12.811  74.949 0.2500000000
86752  5.523  14.739  76.225 0.1250000000
85242  -2.255  12.834  75.354 0.2500000000
86748  6.122  14.150  76.834 0.1250000000
86746  6.273  13.706  77.833 0.1250000000
124815  -2.468  13.079  75.174 0.2500000000
126490  6.866  12.712  78.347 0.1250000000
85959  6.310  13.422  79.776 0.1250000000
85985  -2.548  13.599  75.059 0.2500000000
132600  -2.270  14.135  73.622 0.2500000000
119521  -2.098  12.802  73.226 0.2500000000
128340  8.831  14.365  80.230 0.1250000000
86745  12.578  15.566  78.006 0.1250000000
86733  9.990  14.910  79.623 0.1250000000
87476  12.888  15.360  76.592 0.1250000000
86754  12.448  14.400  75.069 0.1250000000
85987  11.633  13.618  73.368 0.1250000000
87496  1.882  15.945  74.217 0.1250000000
86771  -0.218  14.371  74.310 0.2500000000
88201  4.170  15.817  76.383 0.1250000000
87494  3.273  15.666  74.367 0.1250000000
86759  -1.220  14.090  74.879 0.2500000000
87474  5.088  14.779  77.954 0.1250000000
85983  -1.784  13.280  75.354 0.2500000000
86736  5.776  13.951  79.748 0.1250000000
85984  -2.221  13.779  75.404 0.2500000000
86735  6.900  13.777  80.401 0.1250000000
85253  -2.520  12.787  74.583 0.2500000000
86734  7.985  14.509  80.455 0.1250000000
85995  -2.469  13.520  74.086 0.2500000000
87460  9.073  15.291  79.956 0.1250000000
87472  12.003  16.073  77.681 0.1250000000
136284  11.082  15.258  79.019 0.1250000000
87477  12.002  16.019  76.747 0.1250000000
87473  11.256  16.342  78.035 0.1250000000
131781  11.120  15.208  74.859 0.1250000000
88213  1.567  16.469  74.861 0.1250000000
87497  0.283  15.868  74.628 0.2500000000
87507  0.049  15.145  74.334 0.2500000000
87498  -0.882  15.490  75.169 0.2500000000
88202  3.431  16.321  76.669 0.1250000000
124980  -1.095  14.785  74.906 0.2500000000
88197  3.867  15.772  78.112 0.1250000000
87480  4.529  15.446  77.327 0.1250000000
87499  -1.956  15.069  76.062 0.2500000000
86753  -2.256  14.866  75.799 0.2500000000
87475  4.456  15.325  78.497 0.1250000000
86742  5.435  14.292  78.960 0.1250000000
87500  -2.491  15.046  75.715 0.2500000000
86737  5.490  14.545  80.051 0.1250000000
116061  6.114  14.167  80.387 0.1250000000
86773  -2.507  14.234  74.650 0.2500000000
131960  7.617  15.907  80.459 0.1250000000
123457  8.269  15.583  80.303 0.1250000000
86772  -2.220  14.868  73.794 0.2500000000
88189  9.466  16.579  78.540 0.1250000000
87469  9.074  16.212  79.541 0.1250000000
88195  9.773  16.677  77.592 0.1250000000
88188  10.335  16.394  78.236 0.1250000000
88194  10.730  16.513  77.448 0.1250000000
125277  1.132  16.103  74.412 0.1250000000
122174  3.289  16.249  77.822 0.1250000000
115010  1.948  16.806  75.593 0.1250000000
88214  0.615  16.494  75.063 0.1250000000
88215  -0.751  16.255  75.748 0.2500000000
87487  -1.875  15.649  76.270 0.2500000000
87488  -2.212  15.487  76.132 0.2500000000
88191  3.976  15.873  78.970 0.1250000000
136813  3.441  16.175  78.623 0.1250000000
87489  -2.474  15.321  75.927 0.2500000000
122793  4.839  16.019  80.054 0.1250000000
87465  4.577  15.607  79.520 0.1250000000
88218  -2.642  15.971  75.205 0.2500000000
87462  6.727  15.816  80.557 0.1250000000
88217  -2.256  16.632  74.235 0.2500000000
87508  -2.179  15.733  73.986 0.2500000000
87461  8.357  16.510  79.981 0.1250000000
88227  -1.334  16.513  71.903 0.2500000000
88220  -1.680  16.357  72.896 0.2500000000
87512  -1.765  15.431  72.801 0.2500000000
88196  8.872  17.006  77.948 0.1250000000
88921  1.098  17.809  78.343 0.1250000000
88925  1.691  17.371  77.279 0.1250000000
121674  2.128  17.052  76.405 0.1250000000
88206  1.087  16.944  75.602 0.1250000000
88207  -0.044  16.918  75.976 0.2500000000
126381  -1.235  16.845  76.403 0.2500000000
88920  1.984  17.416  78.522 0.1250000000
88203  2.583  16.855  77.294 0.1250000000
88934  -0.696  17.359  76.663 0.1250000000
88208  -2.076  16.263  76.370 0.2500000000
88916  2.415  17.586  79.161 0.1250000000
125917  2.818  16.740  78.709 0.1250000000
88935  -1.659  17.228  76.431 0.2500000000
88936  -2.214  16.935  76.087 0.2500000000
88209  -2.492  15.927  75.975 0.2500000000
88915  3.291  17.183  79.385 0.1250000000
88186  4.311  16.277  79.659 0.1250000000
88192  3.571  16.473  79.241 0.1250000000
88216  -2.527  16.737  75.301 0.2500000000
115744  4.809  16.713  80.178 0.1250000000
88912  5.569  17.152  80.444 0.1250000000
113918  -1.740  17.053  73.319 0.2500000000
118055  5.650  18.008  80.683 0.1250000000
88910  7.351  17.484  80.184 0.1250000000
88948  -1.303  17.031  72.389 0.2500000000
88918  8.257  17.491  78.556 0.1250000000
88956  -0.534  17.507  72.004 0.2500000000
88926  0.799  17.611  77.238 0.1250000000
88917  1.505  17.964  79.107 0.1250000000
88922  0.265  18.180  77.894 0.1250000000
88927  -0.244  17.803  77.216 0.1250000000
88928  -1.198  17.852  76.969 0.2500000000
88929  -1.705  17.754  76.455 0.2500000000
88187  4.133  16.985  79.795 0.1250000000
89630  -2.019  17.821  75.789 0.2500000000
89612  5.321  18.576  80.553 0.1250000000
88939  -2.298  17.398  75.301 0.2500000000
89610  7.251  18.324  80.044 0.1250000000
89637  -1.259  18.207  73.630 0.2500000000
88914  7.782  17.900  79.301 0.1250000000
88947  -1.308  17.600  72.996 0.2500000000
88966  0.017  17.064  71.138 0.2500000000
89621  0.764  18.415  78.680 0.1250000000
89626  -0.644  18.408  77.499 0.2500000000
89618  2.137  18.252  79.334 0.1250000000
89619  1.253  18.635  79.073 0.1250000000
89622  -0.045  18.835  78.165 0.2500000000
90283  3.327  18.903  79.097 0.1250000000
89629  -1.663  18.419  76.138 0.2500000000
89613  4.658  18.351  80.196 0.1250000000
90300  -0.915  18.853  74.399 0.2500000000
89611  6.301  18.716  80.538 0.1250000000
89636  -0.276  18.858  73.235 0.2500000000
89615  7.477  18.557  78.961 0.1250000000
88955  0.425  17.722  71.433 0.2500000000
89640  -0.527  18.176  72.674 0.2500000000
89639  0.348  18.691  72.408 0.2500000000
89648  0.816  18.393  71.711 0.2500000000
90311  1.159  19.120  72.045 0.2500000000
131440  0.487  19.106  78.697 0.1250000000
90284  2.008  19.136  79.022 0.1250000000
90285  1.058  19.488  78.886 0.1250000000
90288  -0.195  19.497  78.227 0.2500000000
89627  -1.326  18.514  76.987 0.2500000000
90908  4.287  20.036  78.787 0.1250000000
137927  -1.401  19.044  76.376 0.2500000000
89633  -1.266  19.049  75.475 0.2500000000
90297  -0.552  19.614  74.820 0.2500000000
90282  4.402  19.281  79.377 0.1250000000
90279  5.764  19.350  80.352 0.1250000000
116986  0.081  20.216  74.322 0.2500000000
90903  6.215  20.072  80.110 0.1250000000
90277  7.124  19.093  79.792 0.1250000000
90299  0.028  19.568  73.823 0.2500000000
90928  0.685  20.274  73.509 0.2500000000
133341  7.232  20.137  79.346 0.1250000000
89620  7.360  18.641  77.820 0.1250000000
90930  1.296  20.405  72.767 0.2500000000
91562  1.098  21.019  73.343 0.2500000000
90290  7.163  19.772  76.804 0.1250000000
90310  1.729  19.621  71.609 0.2500000000
90287  0.353  19.890  78.572 0.1250000000
89623  -0.756  19.056  77.684 0.2500000000
90909  2.985  19.932  78.414 0.1250000000
90918  -0.606  20.233  77.333 0.2500000000
90292  -1.089  19.479  77.047 0.2500000000
90294  -0.995  19.759  75.920 0.2500000000
92195  6.772  21.762  80.048 0.1250000000
90904  5.911  20.522  79.991 0.1250000000
90926  -0.376  20.307  75.191 0.2500000000
133385  6.772  20.233  79.907 0.1250000000
127800  0.027  20.778  74.721 0.2500000000
134831  7.247  20.046  78.432 0.1250000000
114618  0.444  20.885  74.031 0.2500000000
90919  7.185  20.350  76.340 0.1250000000
91567  1.018  21.778  73.060 0.2500000000
91566  1.463  21.202  72.551 0.2500000000
91571  2.057  20.979  71.067 0.2500000000
90910  1.811  20.059  78.508 0.2500000000
90911  0.954  20.215  78.625 0.1250000000
90917  -0.180  20.338  78.100 0.2500000000
90913  4.734  20.940  78.625 0.1250000000
113907  1.433  20.824  78.181 0.2500000000
120561  -0.789  20.171  76.569 0.2500000000
91540  6.230  21.348  79.846 0.1250000000
90924  -0.606  20.462  75.937 0.2500000000
91538  7.193  21.677  79.948 0.1250000000
116355  7.212  20.781  79.857 0.1250000000
91556  -0.228  21.105  75.531 0.2500000000
91543  7.567  21.355  78.143 0.1250000000
91541  7.529  21.587  79.507 0.1250000000
90912  7.267  20.468  77.515 0.1250000000
90922  -0.420  20.896  76.636 0.2500000000
83163  49.290  10.467  47.872 0.3750000000
129093  16.130  -22.781  74.261 0.3750000000
57920  19.437  -17.846  78.056 0.8750000000
57930  20.539  -17.339  77.453 0.8750000000
59762  21.228  -16.299  77.136 1.0000000000
58809  21.927  -16.815  76.914 1.0000000000
59773  20.920  -15.664  76.952 1.0000000000
122826  19.991  -15.571  77.091 1.0000000000
57937  23.299  -16.657  76.526 1.0000000000
59771  22.743  -15.946  76.795 1.0000000000
126701  22.398  -15.748  76.747 1.0000000000
60676  21.377  -15.056  76.495 1.0000000000
60693  20.911  -14.728  75.758 1.0000000000
60674  22.961  -15.428  76.513 1.0000000000
118298  21.288  -14.497  74.913 1.0000000000
60694  19.991  -15.021  75.574 1.0000000000
136863  20.029  -14.682  74.148 1.0000000000
50263  13.033  -25.123  77.133 0.8750000000
60739  20.616  -14.539  72.675 1.0000000000
60707  23.454  -14.567  75.175 1.0000000000
60727  20.917  -14.493  73.315 1.0000000000
60755  21.697  -14.455  71.694 1.0000000000
122950  11.325  -21.416  67.704 1.0000000000
55196  11.452  -20.487  66.717 1.0000000000
57181  10.128  -18.285  65.830 1.0000000000
116908  24.141  -14.732  75.464 1.0000000000
114331  23.402  -14.337  74.275 1.0000000000
115395  22.213  -14.461  72.288 1.0000000000
137392  7.371  -18.145  79.572 1.0000000000
52261  13.413  -23.958  77.657 0.7500000000
126633  6.931  -17.912  75.636 1.0000000000
55142  12.775  -20.713  69.681 1.0000000000
56206  11.939  -19.889  66.359 1.0000000000
56205  12.672  -19.647  66.695 1.0000000000
57178  12.388  -18.757  65.715 1.0000000000
56227  10.952  -19.176  65.724 1.0000000000
121357  22.105  -14.441  70.862 1.0000000000
60822  21.207  -14.446  68.535 0.8750000000
53252  13.403  -22.684  77.529 0.8750000000
58794  -0.740  -17.019  80.918 1.0000000000
56156  13.840  -19.590  69.696 1.0000000000
115397  23.866  -14.563  72.505 1.0000000000
133785  27.666  -17.112  74.945 1.0000000000
115398  24.838  -14.565  72.554 1.0000000000
60650  0.215  -14.353  80.149 0.8750000000
60641  -1.323  -15.148  80.570 0.8750000000
54154  12.839  -21.875  74.985 1.0000000000
61662  -0.590  -12.991  78.546 0.8750000000
60652  -1.752  -14.438  80.081 0.8750000000
56107  14.428  -19.119  72.310 1.0000000000
60688  26.329  -14.974  75.212 1.0000000000
60773  23.689  -14.666  70.102 1.0000000000
60820  23.460  -14.634  68.668 1.0000000000
59832  -0.905  -15.259  69.325 0.6250000000
59869  2.118  -16.144  67.050 0.3750000000
54147  13.416  -21.342  76.394 1.0000000000
58816  8.562  -16.653  78.055 0.8750000000
128995  14.293  -19.441  73.846 1.0000000000
57092  14.824  -18.748  73.895 1.0000000000
60705  27.081  -14.751  74.587 1.0000000000
60737  26.521  -14.553  72.947 1.0000000000
60841  22.673  -14.465  67.542 0.8750000000
61781  22.872  -13.908  65.382 0.8750000000
61726  -1.336  -13.658  71.018 0.8750000000
58797  8.698  -16.818  80.137 0.8750000000
59829  15.563  -15.505  69.825 1.0000000000
60686  28.383  -15.382  74.950 1.0000000000
58884  15.365  -15.715  68.305 1.0000000000
58831  29.409  -16.559  74.661 0.8750000000
135515  20.367  -13.207  63.486 0.8750000000
58785  8.675  -16.490  80.963 1.0000000000
133185  5.533  -13.322  76.517 0.8750000000
61678  4.111  -13.595  76.142 0.8750000000
61686  3.682  -13.269  75.576 0.8750000000
61681  1.979  -13.071  76.212 1.0000000000
56044  15.328  -19.170  78.771 0.8750000000
57032  15.197  -18.868  78.144 1.0000000000
64595  -2.181  -9.653  75.890 0.8750000000
133817  28.754  -15.040  74.905 1.0000000000
60721  28.647  -14.581  74.093 1.0000000000
57956  29.800  -17.078  74.434 0.8750000000
60736  28.270  -14.680  73.091 1.0000000000
114979  27.937  -14.804  72.213 1.0000000000
60749  27.214  -14.675  71.840 1.0000000000
57954  31.092  -16.978  74.116 0.8750000000
58843  30.929  -16.473  74.591 0.8750000000
57990  30.841  -17.514  71.713 0.7500000000
57980  31.468  -17.131  72.582 0.7500000000
116915  18.721  -13.594  65.720 0.8750000000
128126  26.130  -14.340  68.018 1.0000000000
61723  1.059  -13.280  70.307 1.0000000000
59732  8.842  -15.205  81.706 0.8750000000
63683  2.783  -11.349  73.659 0.8750000000
59864  15.550  -14.778  67.228 1.0000000000
63786  12.563  -11.846  62.717 1.0000000000
63787  12.106  -11.191  62.767 1.0000000000
60684  30.434  -15.271  74.805 1.0000000000
60702  30.045  -14.813  74.680 1.0000000000
119388  16.928  -14.538  72.194 1.0000000000
59796  30.882  -16.006  74.776 0.8750000000
59780  31.129  -15.143  74.738 1.0000000000
60735  29.210  -14.468  73.378 1.0000000000
59795  31.639  -15.610  74.729 0.8750000000
60793  27.101  -14.592  69.417 1.0000000000
136025  31.770  -17.026  71.107 0.7500000000
58870  32.282  -16.718  71.356 0.7500000000
61763  25.929  -13.813  65.901 0.7500000000
63652  7.219  -11.519  78.129 0.8750000000
59747  9.449  -15.604  79.504 0.8750000000
134543  11.323  -9.832  63.023 0.8750000000
65652  10.815  -9.180  63.794 0.8750000000
66602  11.062  -8.433  63.331 0.8750000000
66593  10.471  -8.007  64.457 0.8750000000
67643  10.871  -7.843  63.810 0.8750000000
68544  10.906  -6.726  65.286 0.8750000000
65660  11.571  -9.637  62.455 0.8750000000
134548  11.310  -11.648  64.064 1.0000000000
61837  14.596  -13.354  63.558 1.0000000000
61812  15.055  -13.573  64.339 1.0000000000
60700  31.534  -14.669  74.542 1.0000000000
60719  30.602  -14.439  74.335 1.0000000000
60734  30.238  -14.194  73.610 1.0000000000
116396  29.095  -14.487  71.178 1.0000000000
58842  32.249  -15.955  74.546 0.8750000000
58857  32.830  -16.428  72.978 0.8750000000
122407  28.540  -14.475  70.438 1.0000000000
134824  17.760  -13.603  65.987 0.8750000000
58877  31.685  -16.717  69.784 0.7500000000
62837  20.317  -12.323  61.618 0.7500000000
117052  25.795  -12.442  64.191 0.6250000000
65521  7.016  -10.043  79.126 0.8750000000
65547  4.269  -9.866  72.996 0.8750000000
119742  11.305  -6.308  69.745 0.7500000000
68472  12.800  -6.732  70.459 0.7500000000
68497  12.072  -6.013  68.314 0.7500000000
68485  10.691  -6.459  70.038 1.0000000000
65556  4.676  -9.331  72.762 0.8750000000
68511  13.439  -6.501  67.166 0.7500000000
68498  11.437  -6.146  68.314 0.7500000000
67474  5.600  -7.899  72.186 0.8750000000
68526  10.754  -6.460  66.554 0.7500000000
68525  11.364  -6.248  66.362 0.7500000000
68524  12.138  -6.178  66.204 0.7500000000
68514  10.538  -6.512  67.441 0.8750000000
68542  12.212  -6.317  65.307 0.7500000000
133071  10.004  -7.499  66.167 0.8750000000
68515  9.839  -7.050  67.556 0.8750000000
59798  16.375  -15.288  74.695 1.0000000000
67642  11.324  -7.370  63.540 0.8750000000
129966  11.517  -6.824  63.975 0.8750000000
136855  9.670  -8.265  66.386 0.8750000000
66614  11.468  -8.633  62.428 0.8750000000
60828  15.876  -14.670  68.755 1.0000000000
62824  13.560  -12.500  62.588 1.0000000000
63785  13.176  -11.916  62.310 1.0000000000
63810  12.723  -11.162  62.008 1.0000000000
62823  14.256  -12.540  62.419 1.0000000000
64727  13.255  -10.699  61.206 1.0000000000
61755  16.889  -13.846  66.712 1.0000000000
60699  32.783  -14.383  74.503 1.0000000000
59804  33.184  -15.723  74.215 0.8750000000
58850  33.443  -15.934  73.514 0.8750000000
62795  17.962  -13.088  63.100 0.8750000000
62820  17.456  -12.732  62.454 0.8750000000
59803  33.862  -15.410  73.725 1.0000000000
61720  30.284  -14.001  70.277 0.8750000000
61741  28.650  -13.818  68.310 0.8750000000
59821  33.150  -15.787  70.591 0.7500000000
59836  31.760  -15.826  68.540 0.7500000000
136288  27.354  -13.077  65.991 0.6250000000
64748  21.631  -10.790  60.158 0.7500000000
119051  27.387  -12.599  65.599 0.5000000000
63783  24.538  -11.474  62.377 0.6250000000
66448  5.901  -8.796  78.257 0.8750000000
67487  13.372  -7.205  71.138 0.6250000000
61675  8.779  -13.215  76.203 0.8750000000
137761  14.526  -7.461  70.349 0.6250000000
67437  6.380  -7.600  76.191 0.8750000000
67561  15.246  -7.295  68.330 0.6250000000
68464  10.686  -6.603  71.668 1.0000000000
68465  9.983  -6.840  71.992 1.0000000000
119982  6.616  -6.962  74.632 0.8750000000
67517  9.680  -7.064  70.570 1.0000000000
68523  13.663  -6.570  66.254 0.6250000000
66539  9.154  -7.693  69.382 1.0000000000
114241  12.990  -6.342  64.948 0.6250000000
137105  9.597  -7.222  68.216 0.8750000000
67577  9.386  -7.734  67.714 0.8750000000
115296  12.070  -6.498  63.960 0.7500000000
131899  12.323  -6.391  64.579 0.6250000000
65618  9.369  -9.353  67.400 0.8750000000
65627  9.619  -9.139  66.617 0.8750000000
67669  11.793  -7.734  62.295 0.8750000000
67656  12.276  -6.993  62.508 0.8750000000
68577  11.843  -6.846  63.339 0.8750000000
65668  12.423  -9.319  61.301 0.8750000000
64729  12.067  -9.761  61.844 0.8750000000
67668  12.445  -7.517  61.732 0.8750000000
67678  12.766  -7.950  61.092 0.7500000000
125744  13.864  -8.863  60.167 0.8750000000
61788  16.041  -13.600  65.480 1.0000000000
61836  15.525  -13.208  63.683 1.0000000000
115421  14.163  -11.713  61.480 1.0000000000
63831  14.099  -11.097  60.854 0.8750000000
61835  16.277  -13.332  64.099 1.0000000000
62822  15.671  -12.721  62.707 1.0000000000
62842  15.331  -12.317  61.854 1.0000000000
62843  14.544  -12.173  61.843 1.0000000000
63830  14.920  -11.106  60.512 0.8750000000
65682  14.130  -9.551  60.071 0.8750000000
64779  14.745  -9.610  59.726 0.8750000000
126295  16.078  -12.450  62.029 1.0000000000
64750  16.231  -11.176  60.048 0.8750000000
65702  15.990  -9.655  59.214 0.7500000000
59802  34.162  -14.947  73.709 1.0000000000
62821  16.606  -12.716  62.598 0.8750000000
137297  16.620  -12.085  61.100 0.8750000000
63807  17.273  -12.034  60.881 0.8750000000
63849  16.835  -10.845  59.578 0.8750000000
59814  34.362  -14.832  72.697 0.8750000000
63848  17.594  -11.089  59.640 0.8750000000
63827  17.917  -11.586  60.288 0.8750000000
59820  33.693  -15.376  71.219 0.8750000000
61711  31.773  -13.382  71.819 0.8750000000
61740  29.399  -13.581  68.525 0.8750000000
63826  18.810  -11.579  60.407 0.7500000000
61719  31.016  -13.461  70.077 0.8750000000
63846  19.312  -11.131  59.777 0.7500000000
64749  20.994  -10.789  59.862 0.7500000000
63845  20.261  -11.093  59.916 0.7500000000
62758  29.183  -12.074  66.875 0.8750000000
63741  27.928  -11.406  65.607 0.5000000000
63767  26.222  -11.014  63.780 0.5000000000
64680  27.226  -10.825  64.921 0.5000000000
61643  10.340  -13.749  81.727 0.8750000000
64570  9.338  -11.030  81.888 0.8750000000
65512  6.835  -9.345  80.769 0.8750000000
132373  5.510  -7.239  77.643 0.8750000000
62705  8.482  -12.520  74.380 1.0000000000
68445  6.327  -6.000  76.217 0.8750000000
68520  16.449  -6.850  66.836 0.6250000000
69417  16.497  -6.202  66.500 0.3750000000
118607  6.473  -6.562  72.990 0.8750000000
137642  14.613  -6.953  65.948 0.5000000000
68522  15.596  -7.251  66.126 0.5000000000
66540  8.822  -8.446  69.891 1.0000000000
68559  12.986  -6.343  64.029 0.6250000000
114320  14.108  -6.418  63.676 0.6250000000
68575  13.319  -6.448  63.221 0.6250000000
117435  13.067  -6.578  62.527 0.7500000000
113750  13.607  -6.644  61.898 0.6250000000
118291  12.964  -7.360  61.337 0.7500000000
67666  14.155  -6.858  61.254 0.7500000000
67676  14.408  -7.406  60.493 0.7500000000
66632  15.357  -8.384  59.393 0.7500000000
67688  14.806  -7.891  59.842 0.7500000000
65725  16.007  -8.794  58.931 0.6250000000
65723  17.182  -9.365  58.599 0.5000000000
64776  17.364  -10.523  59.236 0.8750000000
64791  17.613  -9.999  58.753 0.7500000000
64775  18.053  -10.579  59.176 0.7500000000
63772  1.024  -11.023  63.256 0.6250000000
122956  -0.109  -11.376  63.618 0.6250000000
60744  35.111  -14.089  72.558 1.0000000000
61702  35.386  -13.598  72.782 1.0000000000
60745  34.828  -14.409  72.322 1.0000000000
63758  1.849  -10.845  64.895 0.7500000000
134537  35.358  -13.953  71.001 1.0000000000
61710  35.472  -13.727  72.223 1.0000000000
60766  34.185  -14.662  70.380 0.8750000000
60791  33.656  -14.743  69.649 0.7500000000
65700  20.214  -9.822  58.918 0.7500000000
123878  34.714  -14.263  70.437 1.0000000000
60814  33.984  -13.926  68.612 0.7500000000
61739  34.632  -13.643  68.918 0.8750000000
120608  33.282  -14.458  68.732 0.6250000000
60815  32.594  -14.690  68.124 0.5000000000
125507  21.802  -9.536  59.503 0.6250000000
116220  34.300  -13.446  67.944 0.6250000000
60834  33.019  -14.169  67.694 0.3750000000
65680  23.207  -9.400  60.536 0.5000000000
61774  32.346  -13.818  65.928 0.3750000000
63731  28.431  -11.476  66.082 0.5000000000
120547  23.694  -8.499  61.641 0.5000000000
61775  31.953  -13.685  65.264 0.3750000000
64673  27.043  -10.176  65.121 0.5000000000
64671  28.192  -10.862  65.888 0.6250000000
64682  26.001  -10.146  63.975 0.5000000000
65649  25.498  -10.052  63.350 0.5000000000
63650  9.224  -11.205  76.997 0.8750000000
65507  9.721  -9.683  81.584 0.8750000000
68436  5.404  -6.416  77.649 0.8750000000
69380  6.045  -5.151  76.008 0.8750000000
69379  6.380  -5.566  75.474 0.8750000000
70217  6.379  -4.806  74.202 0.8750000000
69385  6.597  -5.650  73.931 0.8750000000
127189  6.536  -5.379  72.387 0.8750000000
127022  6.557  -5.020  73.493 0.8750000000
73028  15.473  -1.449  65.770 0.1250000000
72040  15.572  -2.288  64.489 0.2500000000
68538  16.444  -6.957  66.046 0.3750000000
68555  16.318  -6.853  65.277 0.5000000000
68573  15.969  -6.613  63.951 0.6250000000
68574  15.148  -6.503  63.401 0.6250000000
68591  15.335  -6.462  62.616 0.6250000000
137052  15.792  -6.534  63.289 0.6250000000
130999  15.707  -6.523  61.382 0.7500000000
62704  33.171  -12.903  73.946 0.8750000000
66643  17.549  -8.660  58.462 0.5000000000
63677  34.184  -11.980  73.626 0.8750000000
66642  18.381  -8.585  58.418 0.6250000000
63812  -0.279  -11.478  61.823 0.6250000000
62714  33.522  -11.785  72.841 0.8750000000
61709  35.977  -13.137  71.587 1.0000000000
63693  36.099  -11.270  72.289 1.0000000000
63685  35.517  -11.454  72.941 0.8750000000
62708  35.580  -12.668  73.021 1.0000000000
62715  32.908  -12.337  72.095 0.8750000000
62716  32.389  -12.834  71.561 0.8750000000
62731  36.447  -12.700  69.628 1.0000000000
118912  36.603  -12.319  71.155 1.0000000000
134708  35.856  -13.452  71.072 1.0000000000
62733  31.517  -12.654  69.698 0.8750000000
115832  35.247  -13.387  69.288 1.0000000000
63709  32.212  -11.207  69.766 0.8750000000
62740  31.267  -12.319  68.963 0.8750000000
133622  30.976  -11.863  68.490 0.8750000000
66620  22.987  -8.619  60.392 0.5000000000
61745  34.893  -12.962  67.560 0.7500000000
63718  30.615  -11.286  68.223 0.8750000000
63717  31.146  -11.144  68.695 0.8750000000
65650  24.868  -9.302  63.430 0.5000000000
67654  23.483  -7.608  63.176 0.3750000000
64643  30.692  -10.567  68.682 0.8750000000
64636  31.092  -10.038  69.543 0.7500000000
64654  29.649  -10.701  67.541 0.7500000000
124905  25.401  -9.580  63.888 0.5000000000
126435  33.693  -12.452  64.456 0.2500000000
122643  27.359  -9.864  65.860 0.6250000000
65633  25.598  -9.244  65.424 0.5000000000
63648  9.757  -11.497  78.463 0.7500000000
66435  5.298  -8.336  80.577 0.8750000000
67416  5.314  -8.052  81.373 0.8750000000
67410  6.564  -7.561  81.687 0.8750000000
67408  8.525  -7.644  81.535 0.8750000000
70208  5.535  -4.498  75.637 0.8750000000
63679  8.484  -11.832  73.103 1.0000000000
70219  6.295  -4.437  73.341 0.8750000000
113781  5.214  -3.442  73.630 0.8750000000
73052  15.574  -1.506  63.995 0.1250000000
75774  16.602  1.199  63.719 0.1250000000
74917  16.349  0.489  63.353 0.1250000000
131715  16.357  1.291  64.397 0.1250000000
74898  15.910  0.899  64.880 0.1250000000
70273  16.410  -4.989  64.437 0.5000000000
125647  15.882  -1.574  63.245 0.1250000000
72055  15.707  -2.164  63.725 0.1250000000
131610  16.121  -0.958  62.932 0.1250000000
117736  16.392  -4.629  63.640 0.3750000000
69445  16.486  -6.046  63.167 0.5000000000
69456  16.414  -6.142  62.455 0.5000000000
70290  16.706  -4.694  62.245 0.5000000000
71172  16.885  -3.841  61.638 0.2500000000
116031  15.776  -6.655  60.727 0.6250000000
68622  16.403  -6.399  60.396 0.6250000000
69488  17.498  -5.413  60.212 0.5000000000
69470  17.146  -5.093  60.942 0.5000000000
116490  16.492  -6.927  59.526 0.6250000000
68644  18.203  -6.991  58.621 0.5000000000
67695  19.659  -7.644  58.487 0.5000000000
68633  19.553  -6.219  58.747 0.5000000000
64760  -1.296  -10.986  60.378 0.6250000000
64736  -1.769  -11.128  61.274 0.6250000000
63774  -1.447  -11.107  62.799 0.6250000000
64700  -1.171  -10.979  64.027 0.7500000000
64626  37.245  -10.619  70.426 1.0000000000
127561  36.269  -10.842  71.816 1.0000000000
123288  35.117  -10.528  72.995 0.8750000000
64613  34.520  -10.023  72.921 0.8750000000
67694  20.528  -7.499  58.566 0.3750000000
66495  34.264  -8.540  72.379 0.8750000000
65554  34.276  -9.323  72.668 0.8750000000
64621  33.419  -9.742  72.130 0.8750000000
68630  22.106  -6.819  59.711 0.3750000000
66510  32.967  -7.811  72.197 0.8750000000
67624  23.247  -7.235  64.573 0.2500000000
68554  23.013  -6.691  64.849 0.2500000000
68571  22.861  -6.248  63.483 0.3750000000
67675  22.841  -7.300  60.787 0.3750000000
63723  37.176  -11.496  67.567 0.8750000000
65625  25.720  -9.160  66.323 0.5000000000
65632  26.522  -9.575  65.635 0.6250000000
63646  10.549  -11.406  79.441 0.7500000000
64577  11.574  -11.022  80.147 0.7500000000
133915  11.592  -11.263  80.887 0.7500000000
68410  6.277  -6.783  81.865 0.8750000000
67407  9.542  -7.859  81.435 0.8750000000
69360  4.381  -5.615  78.158 0.8750000000
70187  4.490  -4.762  77.474 0.8750000000
73019  15.469  -1.354  66.650 0.1250000000
77369  23.028  3.609  65.014 0.1250000000
78286  21.448  4.665  65.095 0.1250000000
75759  16.838  1.741  64.274 0.1250000000
76540  17.377  2.230  64.303 0.1250000000
71089  6.092  -3.868  70.799 0.8750000000
79265  24.752  5.341  67.459 0.1250000000
78276  23.818  4.312  65.957 0.1250000000
75781  17.671  1.179  62.850 0.1250000000
76558  18.686  2.520  63.523 0.1250000000
71982  5.179  -2.876  71.236 0.8750000000
76509  25.593  2.616  69.118 0.1250000000
76522  25.146  2.802  67.609 0.1250000000
128768  22.852  2.990  64.765 0.1250000000
127447  23.369  2.956  65.213 0.1250000000
77383  20.794  3.066  63.786 0.1250000000
76544  21.591  2.890  64.048 0.1250000000
77385  19.176  3.033  63.716 0.1250000000
77384  19.912  3.107  63.730 0.1250000000
75770  19.787  1.773  63.244 0.1250000000
74923  17.380  0.445  62.576 0.1250000000
74004  16.602  -0.659  62.567 0.1250000000
74003  17.251  -0.305  62.312 0.1250000000
134546  5.847  -4.145  69.306 0.8750000000
75719  25.504  1.892  68.904 0.1250000000
76528  24.616  2.778  66.651 0.1250000000
78275  24.380  4.391  66.505 0.1250000000
76529  23.973  2.711  65.850 0.1250000000
75780  18.497  1.217  62.762 0.1250000000
73098  16.963  -1.955  61.797 0.1250000000
75699  26.015  1.375  70.542 0.1250000000
74860  25.290  1.025  68.676 0.1250000000
74014  17.947  -0.668  61.773 0.2500000000
122141  25.770  -0.003  71.161 0.1250000000
73969  24.426  0.345  67.590 0.1250000000
74914  19.732  0.338  62.616 0.1250000000
72081  17.620  -2.416  61.346 0.2500000000
73956  25.211  -0.207  69.727 0.1250000000
74849  25.033  0.097  68.908 0.1250000000
71186  18.018  -3.715  60.594 0.3750000000
72970  25.644  -1.788  72.969 0.1250000000
72983  25.034  -1.373  71.110 0.1250000000
72944  26.490  -2.765  74.180 0.1250000000
72994  24.278  -1.531  69.685 0.1250000000
72984  24.449  -1.857  70.678 0.1250000000
72006  23.263  -2.443  68.762 0.1250000000
71978  24.417  -3.289  72.628 0.1250000000
71989  24.079  -2.768  71.451 0.1250000000
72000  23.447  -2.787  69.741 0.1250000000
72013  23.044  -2.094  67.885 0.1250000000
73017  23.263  -1.214  67.474 0.1250000000
71103  22.631  -3.279  67.381 0.2500000000
70323  19.407  -3.922  59.822 0.3750000000
69499  18.686  -5.403  59.310 0.5000000000
71968  25.582  -3.388  73.559 0.1250000000
71093  23.016  -4.192  69.655 0.1250000000
70244  22.760  -4.687  69.168 0.2500000000
71099  22.759  -3.846  68.476 0.1250000000
71109  22.539  -3.317  66.510 0.2500000000
65690  -2.515  -9.875  60.322 0.6250000000
123271  22.751  -5.348  69.583 0.2500000000
71092  23.318  -3.708  70.251 0.1250000000
69409  22.684  -5.130  67.591 0.2500000000
70263  22.651  -4.865  65.958 0.2500000000
69416  22.756  -5.445  66.669 0.2500000000
70272  22.469  -4.388  64.677 0.3750000000
69497  20.416  -5.157  59.229 0.3750000000
120287  22.798  -5.952  69.221 0.2500000000
69399  22.849  -5.929  70.511 0.1250000000
68507  23.059  -6.533  67.685 0.3750000000
121424  22.622  -5.182  64.400 0.3750000000
65654  -1.378  -10.688  63.005 0.8750000000
127501  35.745  -9.484  71.669 1.0000000000
64612  35.153  -9.929  72.775 0.8750000000
67559  23.104  -7.280  69.346 0.2500000000
68537  23.062  -6.586  65.640 0.2500000000
135379  22.525  -5.019  62.607 0.3750000000
65561  34.857  -8.648  72.204 0.8750000000
117173  23.337  -7.222  66.175 0.2500000000
127317  23.034  -6.711  64.176 0.2500000000
64633  37.689  -10.454  69.804 1.0000000000
67589  23.536  -7.734  66.672 0.5000000000
66558  23.803  -8.177  67.350 0.5000000000
67574  23.496  -7.676  67.697 0.3750000000
63715  38.475  -11.037  68.820 0.8750000000
63722  37.710  -11.004  67.006 0.6250000000
63740  35.627  -11.874  65.759 0.5000000000
67503  31.463  -7.443  71.305 0.7500000000
118250  25.720  -9.227  67.165 0.5000000000
117886  35.947  -11.593  65.023 0.3750000000
123179  34.418  -12.196  64.664 0.3750000000
62773  35.209  -11.849  64.908 0.2500000000
65576  28.929  -9.012  71.463 0.6250000000
121281  28.583  -9.396  70.632 0.5000000000
65590  28.037  -9.533  69.735 0.5000000000
63764  35.424  -11.255  63.683 0.1250000000
62785  33.577  -11.794  63.352 0.1250000000
71176  41.769  -3.689  60.603 0.7500000000
71190  43.516  -3.292  59.347 0.8750000000
71189  44.236  -3.053  59.054 1.0000000000
73140  45.631  -1.560  58.670 0.7500000000
133593  45.137  -0.405  59.693 0.8750000000
72111  44.848  -2.761  58.684 0.8750000000
74951  44.697  1.288  59.111 0.8750000000
72110  45.404  -2.392  58.265 0.7500000000
65526  9.990  -9.758  77.318 0.7500000000
135445  9.586  -9.832  76.802 0.8750000000
65515  12.708  -9.792  79.998 0.7500000000
66429  11.569  -8.362  81.163 0.7500000000
70209  4.827  -3.911  76.019 0.8750000000
68416  9.745  -6.328  81.125 0.7500000000
77372  18.624  3.437  64.961 0.1250000000
71100  15.622  -3.178  68.619 0.3750000000
72009  5.283  -3.047  68.822 0.8750000000
75662  27.714  1.164  74.187 0.1250000000
74897  22.725  0.823  65.310 0.1250000000
72079  19.682  -2.010  61.116 0.2500000000
118807  3.133  -6.778  67.788 0.8750000000
73919  28.320  -1.664  74.233 0.1250000000
72039  21.925  -2.395  64.662 0.2500000000
73985  22.386  0.042  65.188 0.2500000000
73080  20.542  -1.222  62.400 0.2500000000
72942  27.917  -2.224  74.206 0.1250000000
73079  21.236  -1.672  62.919 0.2500000000
71967  26.765  -3.229  73.419 0.1250000000
71975  27.423  -2.668  72.637 0.1250000000
71063  26.142  -3.378  73.717 0.1250000000
71168  21.374  -3.379  61.068 0.2500000000
71182  20.988  -3.610  60.414 0.3750000000
71079  25.265  -4.302  73.031 0.1250000000
72982  27.884  -1.829  70.435 0.1250000000
126650  23.467  -5.795  72.148 0.1250000000
70321  21.065  -4.254  60.032 0.3750000000
71997  26.505  -2.675  69.532 0.1250000000
137643  25.463  -3.882  70.835 0.1250000000
68470  23.103  -6.709  71.083 0.2500000000
66605  -0.526  -9.485  62.951 0.8750000000
67558  23.342  -7.754  68.795 0.3750000000
65586  36.217  -9.103  70.134 1.0000000000
67501  33.328  -7.369  71.234 0.8750000000
66537  24.180  -8.712  69.718 0.3750000000
64651  38.699  -10.327  67.773 0.7500000000
64652  38.497  -10.583  67.482 0.7500000000
64640  38.476  -10.791  68.954 1.0000000000
63714  38.514  -10.688  68.166 0.8750000000
120197  32.985  -7.397  70.552 0.8750000000
67481  30.048  -7.893  71.984 0.5000000000
65566  27.838  -8.775  71.626 0.3750000000
70299  39.957  -4.859  61.385 0.5000000000
71191  42.734  -3.526  59.582 0.8750000000
73102  44.002  -1.211  60.934 1.0000000000
74017  44.319  -0.411  60.559 0.8750000000
74029  44.640  0.101  60.099 0.8750000000
75792  44.101  1.401  59.130 0.8750000000
133698  45.182  2.183  58.175 0.8750000000
75797  44.580  1.837  58.503 0.8750000000
75805  44.598  2.238  57.744 0.8750000000
129216  43.502  0.900  56.315 0.7500000000
75803  45.952  2.028  57.982 0.8750000000
76594  46.033  2.572  57.392 0.8750000000
76604  45.693  2.860  56.830 0.7500000000
76617  45.031  2.693  56.322 0.6250000000
75823  43.959  1.286  55.171 0.6250000000
75830  44.447  1.781  54.770 0.6250000000
76628  45.025  2.486  55.352 0.6250000000
76627  45.663  2.840  54.958 0.6250000000
76602  47.070  2.656  56.219 0.8750000000
76615  47.100  3.126  55.679 0.7500000000
130762  44.114  1.387  52.616 0.5000000000
76633  49.056  2.410  53.627 0.8750000000
74991  48.821  0.844  53.287 0.8750000000
66427  13.018  -8.729  80.583 0.7500000000
69333  6.098  -5.939  82.120 0.8750000000
67441  10.904  -7.748  75.166 1.0000000000
69337  10.088  -5.946  80.483 0.7500000000
71032  3.306  -3.730  77.447 0.8750000000
71062  3.924  -3.061  74.780 0.8750000000
76539  17.319  2.444  65.131 0.1250000000
69387  16.813  -5.253  71.682 0.3750000000
117239  15.490  -1.842  68.029 0.2500000000
71991  16.165  -2.905  70.528 0.2500000000
72010  4.723  -2.556  68.589 0.8750000000
72968  28.739  -1.551  72.153 0.1250000000
126048  -0.823  -7.583  61.258 0.7500000000
72005  27.047  -2.137  68.832 0.1250000000
73004  27.848  -1.690  68.411 0.1250000000
71097  25.464  -3.726  68.688 0.1250000000
71086  24.893  -4.527  70.947 0.1250000000
70226  24.739  -4.873  72.706 0.1250000000
69393  24.061  -6.042  72.372 0.1250000000
67483  23.847  -7.204  71.780 0.1250000000
133087  24.482  -5.457  72.015 0.1250000000
121792  24.225  -6.622  71.842 0.1250000000
68479  24.564  -6.970  70.869 0.2500000000
67510  24.258  -7.856  71.314 0.3750000000
66545  34.685  -8.385  68.748 1.0000000000
68478  25.004  -7.271  70.076 0.2500000000
133579  24.475  -8.760  70.852 0.3750000000
113965  33.048  -7.617  69.524 0.8750000000
65581  25.032  -9.038  71.161 0.3750000000
122976  26.854  -9.345  71.160 0.3750000000
65630  39.421  -9.325  66.305 0.7500000000
126422  28.810  -7.995  71.672 0.3750000000
65578  27.268  -9.194  71.378 0.3750000000
65640  37.947  -9.886  64.578 0.5000000000
64690  36.628  -10.494  63.479 0.1250000000
77436  47.188  3.384  55.071 0.6250000000
76624  49.066  3.084  53.846 0.8750000000
77449  47.889  3.955  53.898 0.5000000000
127739  49.215  2.366  52.926 0.8750000000
66433  13.520  -8.659  80.069 0.7500000000
65514  13.272  -9.225  80.091 0.7500000000
67412  12.266  -7.967  80.802 0.7500000000
132464  2.750  -4.576  79.101 0.8750000000
71017  1.464  -4.347  80.975 0.8750000000
66459  9.974  -8.756  76.261 1.0000000000
67420  12.354  -7.345  80.289 0.7500000000
71014  6.895  -3.760  80.722 0.7500000000
70181  2.163  -4.152  79.215 0.8750000000
65536  8.652  -9.598  74.612 1.0000000000
71033  2.409  -3.433  77.573 0.8750000000
70172  8.509  -4.520  79.827 0.7500000000
117277  9.214  -4.718  78.469 0.6250000000
71964  2.742  -2.418  73.244 0.8750000000
135604  2.336  -2.568  74.503 0.8750000000
73009  4.239  -2.092  68.401 0.8750000000
72004  4.029  -1.985  69.685 0.8750000000
72986  16.560  -1.602  70.273 0.2500000000
72974  16.593  -2.027  70.934 0.2500000000
72029  3.655  -2.677  65.224 0.8750000000
73955  29.168  -1.029  69.278 0.1250000000
68611  -0.823  -6.717  61.242 0.7500000000
67611  0.676  -7.862  65.562 0.8750000000
66594  1.079  -8.111  63.907 0.8750000000
71096  26.093  -3.008  68.067 0.1250000000
70248  25.044  -5.278  68.034 0.2500000000
67557  25.828  -7.462  69.493 0.3750000000
66555  33.466  -8.274  67.287 0.7500000000
115439  27.306  -7.886  70.295 0.3750000000
66527  26.325  -8.988  71.578 0.3750000000
67569  31.469  -7.517  67.678 0.5000000000
67533  28.333  -7.734  69.958 0.3750000000
134601  27.340  -8.254  71.279 0.3750000000
67506  27.995  -8.004  71.280 0.3750000000
66575  39.734  -8.626  65.945 0.7500000000
77447  49.281  3.427  53.405 0.8750000000
77459  47.569  4.180  53.049 0.5000000000
76650  46.284  3.294  51.834 0.5000000000
71012  2.107  -4.190  82.357 0.7500000000
71912  0.794  -3.222  79.225 0.8750000000
71034  1.327  -3.056  77.554 0.8750000000
71951  2.124  -2.612  75.180 0.8750000000
68450  18.171  -7.517  73.075 0.6250000000
69386  17.197  -5.290  72.404 0.2500000000
70184  9.365  -4.603  77.681 0.6250000000
70183  9.950  -4.766  77.128 0.6250000000
71965  1.659  -2.163  73.064 0.8750000000
72975  2.865  -1.821  70.851 0.8750000000
71971  16.646  -2.955  72.047 0.2500000000
114248  2.347  -1.602  69.453 0.8750000000
114576  3.002  -1.662  67.920 0.8750000000
72972  18.810  -0.629  71.832 0.1250000000
73958  17.637  -0.031  69.758 0.1250000000
69475  -2.035  -5.579  61.302 0.7500000000
66565  36.409  -8.450  66.584 0.8750000000
133126  34.980  -8.557  66.973 0.8750000000
115229  34.264  -8.490  67.107 0.7500000000
116313  27.574  -7.292  67.029 0.3750000000
67573  27.002  -7.289  67.792 0.3750000000
67596  39.933  -7.979  66.113 0.8750000000
66597  39.439  -8.268  64.192 0.7500000000
68580  40.121  -6.176  63.348 0.8750000000
78399  49.610  4.075  52.640 0.7500000000
77482  45.792  3.723  50.728 0.5000000000
71016  4.793  -3.056  81.634 0.7500000000
71904  0.575  -2.768  81.295 0.7500000000
130207  6.051  -2.822  80.482 0.7500000000
71021  5.487  -2.717  80.995 0.7500000000
66483  17.166  -8.548  73.650 0.6250000000
69370  10.752  -5.144  76.897 0.6250000000
71914  -1.189  -2.400  77.790 0.7500000000
127450  17.779  -4.274  73.755 0.5000000000
71931  -0.838  -2.205  76.189 0.8750000000
72976  1.741  -1.660  71.240 0.8750000000
72955  -0.222  -1.730  73.743 0.7500000000
70311  -2.295  -4.268  61.875 0.7500000000
70291  2.547  -4.907  62.735 0.8750000000
66576  36.113  -8.277  65.966 0.8750000000
126401  34.563  -8.357  65.532 0.8750000000
66588  35.007  -8.178  64.989 0.8750000000
66579  32.812  -8.073  65.524 0.6250000000
67582  39.259  -7.760  66.442 1.0000000000
115401  31.213  -7.645  65.067 0.5000000000
116281  39.395  -6.248  65.635 1.0000000000
68532  38.978  -6.751  66.015 1.0000000000
67612  40.297  -7.336  65.065 0.8750000000
68548  40.333  -6.742  64.739 1.0000000000
66585  40.035  -7.838  64.671 0.7500000000
71149  40.706  -3.332  62.931 1.0000000000
128322  40.476  -4.818  63.414 1.0000000000
78400  49.059  4.715  52.921 0.7500000000
78415  47.618  5.183  52.043 0.5000000000
77483  44.514  3.361  50.073 0.5000000000
120930  14.654  -8.240  78.687 0.6250000000
72892  2.156  -1.713  82.532 0.7500000000
68444  13.696  -6.447  77.169 0.6250000000
117838  5.233  -2.024  80.487 0.7500000000
71903  4.734  -2.256  81.248 0.7500000000
69368  12.340  -5.793  76.731 0.6250000000
69378  11.932  -5.318  75.937 0.6250000000
71908  -0.063  -2.539  79.437 0.7500000000
71905  0.049  -2.315  80.510 0.7500000000
67453  18.287  -7.906  73.883 0.6250000000
72940  -0.981  -1.448  74.402 0.7500000000
72933  -1.068  -1.745  75.814 0.7500000000
132395  -0.236  -1.372  71.467 0.7500000000
73000  0.693  -1.376  69.926 0.7500000000
137266  2.748  -3.642  63.361 0.8750000000
71143  1.227  -3.465  62.784 0.7500000000
72058  -0.286  -2.624  63.574 0.7500000000
71144  0.141  -3.120  62.878 0.7500000000
70296  -2.281  -3.780  62.463 0.7500000000
71161  -1.881  -3.565  62.852 0.7500000000
72109  -1.750  -2.846  60.196 0.5000000000
71196  -0.349  -3.094  59.295 0.5000000000
67616  33.836  -7.842  64.268 0.6250000000
68534  37.035  -6.791  65.310 1.0000000000
67600  35.746  -7.882  65.289 0.8750000000
69429  40.227  -5.967  64.692 1.0000000000
78431  50.048  4.866  51.314 0.6250000000
79429  48.810  6.150  52.414 0.7500000000
77498  48.746  3.586  48.657 0.6250000000
76702  47.876  3.312  46.097 0.6250000000
67427  16.550  -8.259  77.771 0.6250000000
69367  13.804  -5.990  76.271 0.6250000000
72900  5.030  -1.426  79.940 0.7500000000
121785  4.077  -0.945  81.209 0.7500000000
73867  4.535  -0.839  80.303 0.7500000000
72893  0.972  -1.481  82.406 0.7500000000
70204  11.607  -4.716  75.123 0.6250000000
70205  10.877  -4.409  75.167 0.6250000000
134525  7.461  -2.776  76.398 0.6250000000
71030  6.698  -2.882  78.409 0.6250000000
72907  5.640  -1.715  78.586 0.7500000000
72894  -0.018  -1.257  82.020 0.7500000000
71046  10.347  -3.834  74.793 0.6250000000
70194  9.701  -4.296  76.341 0.6250000000
71047  9.605  -3.833  75.562 0.6250000000
124856  8.951  -3.410  75.584 0.6250000000
72899  -1.414  -1.255  79.975 0.7500000000
123520  19.569  -5.837  76.027 0.6250000000
72918  -1.463  -2.135  77.243 0.7500000000
72967  -1.409  -0.817  72.842 0.7500000000
73930  -1.430  -0.797  73.574 0.7500000000
73001  0.045  -1.298  69.317 0.7500000000
73002  -1.384  -0.752  69.692 0.7500000000
72046  -2.208  -2.456  64.726 0.7500000000
72070  -2.611  -3.130  62.951 0.7500000000
72061  -2.625  -2.609  63.746 0.7500000000
72060  -2.438  -2.823  64.029 0.7500000000
71146  -2.168  -3.231  63.478 0.7500000000
73115  -2.450  -2.379  61.456 0.7500000000
73100  -2.584  -2.044  62.260 0.7500000000
115274  -2.726  -2.604  62.935 0.7500000000
73099  -2.140  -1.472  61.432 0.6250000000
72106  0.956  -2.140  59.209 0.5000000000
74026  -0.853  -0.298  60.443 0.5000000000
74025  0.010  -0.102  60.259 0.5000000000
67648  32.945  -7.191  62.888 0.5000000000
67635  31.633  -7.551  63.466 0.5000000000
73133  3.010  -1.042  59.255 0.2500000000
74039  1.617  -0.490  59.821 0.3750000000
113871  33.160  -7.803  64.185 0.5000000000
74038  2.555  -0.493  59.645 0.2500000000
79437  50.049  5.904  51.408 0.6250000000
80391  47.156  6.752  51.539 0.3750000000
78467  49.824  4.555  48.582 0.7500000000
77497  49.289  4.196  48.140 0.6250000000
77509  49.294  4.343  47.118 0.6250000000
77524  48.663  3.730  45.640 0.6250000000
69365  15.472  -5.996  76.027 0.6250000000
70201  14.482  -4.588  74.954 0.6250000000
70214  13.079  -4.210  74.367 0.6250000000
73873  4.482  -0.138  79.816 0.7500000000
73864  2.649  -0.851  82.124 0.7500000000
73865  1.163  -0.596  82.460 0.7500000000
67433  19.262  -7.521  77.140 0.5000000000
118941  19.002  -6.353  77.369 0.5000000000
124590  18.404  -5.539  77.106 0.6250000000
71054  14.151  -3.330  74.367 0.6250000000
70215  12.150  -4.237  74.399 0.6250000000
72906  5.978  -2.038  78.003 0.6250000000
73882  5.249  -0.872  78.450 0.6250000000
68438  19.777  -6.790  77.127 0.5000000000
68430  19.986  -6.159  77.343 0.5000000000
70190  19.107  -4.968  77.667 0.6250000000
71036  17.723  -3.526  77.224 0.6250000000
71029  18.877  -3.369  78.260 0.6250000000
122955  10.949  -3.400  74.064 0.6250000000
71067  12.124  -2.954  73.566 0.6250000000
72924  6.425  -1.750  76.476 0.6250000000
73875  -1.632  -0.901  79.445 0.7500000000
71947  8.924  -2.460  74.376 0.6250000000
71961  8.464  -1.789  74.053 0.6250000000
73884  -1.561  -1.301  78.614 0.7500000000
72912  17.736  -1.678  79.025 0.3750000000
73901  -1.168  -1.403  75.875 0.7500000000
122615  -1.308  -1.526  76.683 0.7500000000
73908  -1.124  -0.877  75.352 0.7500000000
73942  -1.796  0.003  70.784 0.7500000000
74795  -1.236  -0.509  73.852 0.7500000000
131200  -1.412  -0.611  72.012 0.7500000000
73959  -2.124  -0.054  69.602 0.7500000000
73967  -2.411  0.146  68.249 0.7500000000
73044  -2.643  -1.157  66.557 0.7500000000
73069  -2.887  -1.598  64.517 0.7500000000
136508  -2.713  -1.121  63.701 0.6250000000
74929  -1.569  0.469  61.517 0.5000000000
74940  -1.199  0.507  60.876 0.5000000000
131277  -1.813  1.451  61.840 0.5000000000
77403  -1.811  4.043  61.265 0.3750000000
126249  -1.935  3.553  61.712 0.3750000000
74938  0.312  0.683  60.477 0.5000000000
125249  0.311  2.179  60.661 0.3750000000
77409  -0.707  3.958  60.563 0.3750000000
68567  34.580  -6.624  63.276 0.8750000000
75788  1.659  1.210  60.479 0.3750000000
127322  1.269  2.037  60.617 0.3750000000
79350  -0.529  5.776  60.378 0.3750000000
122455  46.241  7.311  51.276 0.3750000000
81368  44.965  7.494  51.337 0.3750000000
78496  50.114  4.757  46.659 0.6250000000
78534  50.411  4.444  44.892 0.6250000000
77561  49.579  3.900  43.478 0.5000000000
77543  48.788  3.574  44.699 0.6250000000
77602  50.482  4.038  40.481 0.1250000000
77603  49.501  3.593  40.825 0.1250000000
77614  50.738  3.720  39.600 0.1250000000
128915  16.267  -6.131  76.191 0.6250000000
69364  17.018  -5.985  76.316 0.6250000000
75604  2.436  1.061  81.958 0.7500000000
70199  16.639  -4.395  75.809 0.6250000000
69373  17.234  -5.249  76.269 0.6250000000
71045  16.115  -3.658  75.561 0.6250000000
71942  14.817  -3.198  74.782 0.6250000000
70211  15.388  -3.721  75.110 0.6250000000
71055  13.419  -3.455  74.052 0.6250000000
73866  0.148  -0.368  82.155 0.7500000000
71037  16.894  -3.608  76.200 0.6250000000
71926  16.963  -2.762  76.819 0.6250000000
71066  12.879  -2.883  73.721 0.6250000000
71946  9.779  -2.564  73.970 0.6250000000
71959  11.529  -2.418  73.500 0.6250000000
73898  6.058  -0.994  76.021 0.6250000000
74734  -0.639  0.146  81.411 0.7500000000
129578  -1.621  -0.025  79.782 0.7500000000
72904  17.049  -1.098  79.262 0.3750000000
74810  -0.745  0.112  73.460 0.7500000000
74768  0.958  0.868  76.526 0.7500000000
74844  -1.558  0.194  70.547 0.7500000000
74893  -2.604  0.043  66.908 0.6250000000
77391  -1.216  3.462  62.696 0.3750000000
80412  50.093  7.263  49.836 0.5000000000
78485  50.562  5.246  47.004 0.5000000000
78495  50.907  5.137  46.255 0.6250000000
78548  51.154  4.704  43.620 0.5000000000
78559  52.048  4.926  42.451 0.2500000000
77612  52.575  4.463  38.876 0.1250000000
74756  4.616  0.751  77.595 0.6250000000
73891  4.968  -0.011  77.970 0.6250000000
120132  1.505  1.230  82.095 0.7500000000
75605  2.262  2.057  82.117 0.7500000000
72936  13.901  -2.009  74.648 0.6250000000
72929  14.520  -1.914  75.347 0.6250000000
71945  13.056  -2.164  73.974 0.6250000000
131379  5.743  -0.175  75.604 0.6250000000
74755  5.034  0.151  77.029 0.6250000000
74731  -1.060  0.854  81.129 0.7500000000
72949  11.548  -1.751  73.498 0.6250000000
72948  12.349  -1.624  73.864 0.6250000000
123049  10.155  -1.875  73.531 0.6250000000
75610  -1.356  1.598  80.785 0.7500000000
72952  8.772  -1.202  73.591 0.6250000000
72938  7.023  -1.173  74.695 0.6250000000
74741  -1.489  0.830  79.568 0.7500000000
72905  16.065  -1.128  79.050 0.5000000000
73887  15.203  -0.977  78.605 0.5000000000
73871  15.689  -0.068  79.733 0.5000000000
73870  16.238  0.486  79.585 0.5000000000
74757  0.817  1.200  77.362 0.7500000000
74821  0.067  0.602  72.107 0.7500000000
74809  0.545  0.382  73.840 0.7500000000
75672  1.782  1.087  74.205 0.6250000000
80447  51.186  6.512  46.745 0.3750000000
78510  51.525  5.422  44.744 0.3750000000
79535  51.963  5.930  44.471 0.2500000000
79571  53.272  5.592  40.653 0.2500000000
79580  53.499  5.507  39.686 0.2500000000
76435  4.176  2.235  78.088 0.6250000000
76422  3.083  2.537  81.938 0.7500000000
76417  2.402  2.881  82.063 0.7500000000
72922  14.723  -1.469  76.378 0.6250000000
130992  7.506  -0.221  73.781 0.6250000000
73914  6.828  -0.292  74.276 0.6250000000
74792  5.904  0.955  74.644 0.6250000000
74808  6.866  1.105  73.813 0.6250000000
76419  0.053  2.519  81.773 0.7500000000
73911  12.224  -0.877  74.349 0.6250000000
73905  12.558  -0.469  75.265 0.6250000000
73923  11.760  -1.189  73.780 0.6250000000
72950  10.434  -1.251  73.407 0.6250000000
73924  11.079  -1.048  73.497 0.6250000000
118700  9.018  -0.548  73.390 0.6250000000
76420  -1.021  2.344  81.267 0.7500000000
72915  14.970  -1.191  77.533 0.6250000000
73888  14.471  -0.646  78.136 0.6250000000
73889  13.765  -0.250  77.618 0.6250000000
75617  -1.679  1.676  79.911 0.7500000000
73872  15.030  -0.105  79.813 0.3750000000
73880  14.688  -0.486  79.100 0.6250000000
75626  -0.141  1.896  78.630 0.7500000000
76430  -1.559  2.592  79.756 0.7500000000
132487  1.327  1.939  77.256 0.6250000000
75696  1.502  0.880  71.878 0.6250000000
130779  2.545  1.866  74.095 0.6250000000
75641  1.950  1.900  76.257 0.6250000000
75752  -1.098  1.339  65.455 0.6250000000
75763  1.045  1.721  64.370 0.5000000000
80306  2.479  6.500  62.314 0.3750000000
83121  48.348  10.374  50.565 0.2500000000
83120  48.887  10.346  50.160 0.3750000000
83140  47.041  10.504  50.667 0.2500000000
82276  49.311  9.737  50.073 0.3750000000
129602  52.945  6.577  43.327 0.3750000000
79549  53.270  6.126  41.972 0.2500000000
76429  3.813  2.583  79.909 0.6250000000
130929  2.949  3.940  81.479 0.7500000000
132791  9.192  0.742  73.413 0.6250000000
74807  7.576  1.021  73.527 0.6250000000
75647  5.318  1.619  75.134 0.6250000000
77247  0.439  3.520  81.940 0.7500000000
74763  13.089  0.171  77.107 0.6250000000
122573  13.491  -0.454  76.548 0.6250000000
74764  12.388  0.491  76.652 0.6250000000
73904  13.179  -0.681  75.655 0.6250000000
74775  12.170  0.214  75.756 0.6250000000
74803  10.807  -0.282  73.699 0.6250000000
73906  11.891  -0.131  74.855 0.6250000000
128190  10.234  -0.121  73.437 0.6250000000
77253  -0.610  3.833  81.364 0.7500000000
74753  13.323  0.339  78.133 0.6250000000
74746  12.798  0.872  78.679 0.5000000000
74744  14.326  0.105  79.614 0.6250000000
136690  -1.561  3.255  80.025 0.7500000000
74738  14.026  0.777  80.121 0.6250000000
77267  -0.870  3.524  78.536 0.6250000000
76452  1.762  2.275  76.717 0.6250000000
75679  2.597  1.356  72.372 0.6250000000
76471  2.879  2.449  74.397 0.6250000000
75670  3.255  2.120  72.788 0.6250000000
117066  1.268  0.638  68.217 0.6250000000
74854  2.587  0.849  69.446 0.6250000000
75751  0.676  1.389  65.023 0.5000000000
135137  1.788  1.602  64.385 0.5000000000
77380  4.494  3.841  64.465 0.6250000000
77387  3.328  4.037  63.196 0.5000000000
79333  3.023  5.789  62.830 0.5000000000
82293  47.609  9.613  48.600 0.3750000000
81487  53.794  7.324  40.822 0.3750000000
116934  53.940  8.323  40.127 0.3750000000
77266  3.551  3.729  78.833 0.6250000000
123704  3.416  3.868  79.803 0.6250000000
74776  11.532  0.586  75.306 0.6250000000
74777  10.887  1.017  74.825 0.6250000000
75645  11.195  1.308  75.783 0.5000000000
75656  10.242  1.481  74.388 0.6250000000
75667  9.070  1.444  73.482 0.6250000000
74790  10.424  0.543  73.850 0.6250000000
75668  7.889  1.740  73.391 0.6250000000
76468  6.131  2.358  74.131 0.6250000000
76469  5.511  2.345  74.651 0.6250000000
76457  4.943  2.515  75.329 0.6250000000
76458  4.562  2.719  76.240 0.6250000000
125918  4.197  3.161  76.910 0.6250000000
76444  3.905  3.191  77.800 0.6250000000
78162  3.260  4.608  79.840 0.6250000000
78154  2.674  4.678  81.224 0.6250000000
75636  11.930  1.097  77.075 0.5000000000
131872  11.416  1.411  76.569 0.5000000000
75630  12.135  1.370  78.044 0.5000000000
79158  -0.626  5.695  80.548 0.6250000000
75620  13.092  1.080  79.773 0.5000000000
77275  0.052  3.801  77.814 0.6250000000
77274  0.782  3.454  77.515 0.6250000000
77282  1.378  3.579  76.924 0.5000000000
132758  3.882  2.367  71.421 0.6250000000
76479  3.537  2.933  73.115 0.6250000000
75715  2.954  1.057  70.021 0.6250000000
75714  4.227  1.932  69.875 0.6250000000
115883  3.624  1.271  69.432 0.6250000000
120525  4.640  2.498  65.393 0.6250000000
78300  4.270  4.622  63.970 0.6250000000
83162  49.961  10.454  47.434 0.3750000000
82354  53.136  9.020  41.661 0.3750000000
83211  53.515  9.287  40.087 0.3750000000
82384  53.732  9.184  38.626 0.3750000000
76467  8.960  2.997  73.812 0.5000000000
76477  7.455  2.453  73.480 0.6250000000
78181  4.047  4.379  76.403 0.6250000000
119512  4.491  4.027  75.786 0.6250000000
79161  3.194  5.609  78.573 0.6250000000
79155  3.063  5.355  79.520 0.6250000000
78163  2.947  5.070  80.477 0.6250000000
75638  10.808  1.954  76.438 0.5000000000
77295  6.353  3.166  73.894 0.6250000000
78188  4.970  4.073  75.010 0.6250000000
78182  3.710  4.955  76.838 0.6250000000
76447  10.761  2.321  77.203 0.5000000000
76442  10.991  2.434  78.017 0.5000000000
77278  10.120  3.094  76.981 0.5000000000
76443  10.448  2.813  77.498 0.5000000000
78209  6.465  4.653  73.763 0.5000000000
76433  11.262  2.605  79.013 0.5000000000
77264  10.966  3.057  79.476 0.5000000000
78184  1.273  4.335  76.515 0.5000000000
78183  1.801  4.577  75.723 0.5000000000
129971  2.279  4.473  75.262 0.5000000000
78201  2.605  4.249  74.732 0.6250000000
77307  3.410  3.779  73.442 0.6250000000
77311  3.696  3.663  72.549 0.6250000000
134864  4.017  2.909  71.577 0.6250000000
77331  4.459  3.392  70.357 0.6250000000
76511  4.603  2.542  69.389 0.6250000000
83189  51.802  9.441  43.482 0.3750000000
80144  2.946  6.405  78.371 0.5000000000
79168  3.315  5.902  77.798 0.6250000000
77284  9.718  3.704  75.745 0.3750000000
77294  8.924  3.688  74.131 0.5000000000
126976  7.817  3.862  73.592 0.5000000000
79194  4.847  5.881  74.826 0.5000000000
80155  3.919  5.978  76.056 0.5000000000
78187  9.685  4.420  76.167 0.3750000000
78195  9.442  4.463  75.299 0.3750000000
119571  8.314  5.021  73.814 0.3750000000
120416  7.139  4.775  73.576 0.5000000000
130814  0.277  7.149  80.334 0.5000000000
80140  -0.581  6.730  80.259 0.5000000000
77279  9.908  3.685  76.779 0.3750000000
129467  9.928  3.914  77.596 0.3750000000
79192  8.734  5.574  74.304 0.3750000000
136174  7.286  5.899  73.343 0.3750000000
128299  6.055  5.908  73.657 0.2500000000
79203  6.798  5.450  73.509 0.3750000000
80147  -1.287  7.014  79.434 0.5000000000
78166  10.296  4.383  78.990 0.3750000000
77258  11.239  3.400  79.991 0.3750000000
132238  -1.692  5.227  78.592 0.5000000000
79169  -0.490  5.028  76.812 0.5000000000
79214  2.651  5.574  72.380 0.5000000000
78222  3.792  4.522  71.358 0.5000000000
80153  2.699  7.163  78.134 0.5000000000
80146  1.781  7.407  79.567 0.5000000000
81065  0.743  7.579  79.805 0.5000000000
81072  -0.809  7.784  79.185 0.5000000000
78173  9.895  4.460  78.051 0.3750000000
114602  9.632  6.063  76.880 0.3750000000
135898  9.294  6.507  75.175 0.2500000000
80172  8.738  6.464  74.116 0.2500000000
80182  8.342  6.832  73.415 0.2500000000
80174  4.703  6.655  74.666 0.3750000000
80186  5.151  7.084  73.870 0.3750000000
81089  4.187  7.052  75.221 0.5000000000
78167  9.962  5.193  78.536 0.3750000000
80151  9.788  6.002  77.926 0.3750000000
80171  9.145  6.863  74.722 0.2500000000
81099  8.824  7.404  74.005 0.2500000000
81129  7.752  7.773  72.806 0.2500000000
81131  6.225  8.164  72.740 0.2500000000
130482  -1.407  7.456  78.794 0.5000000000
115280  10.516  5.211  79.505 0.3750000000
80158  -2.001  5.967  76.941 0.5000000000
79197  0.563  5.782  74.846 0.5000000000
79207  1.769  5.924  73.574 0.5000000000
81078  2.339  7.915  77.750 0.5000000000
82035  0.589  8.352  78.602 0.5000000000
81083  3.306  7.146  76.553 0.5000000000
81101  3.951  7.787  74.956 0.3750000000
81115  4.932  7.903  73.630 0.3750000000
81090  3.639  7.413  75.711 0.5000000000
82042  -1.132  8.713  78.195 0.5000000000
82066  9.321  8.312  75.080 0.2500000000
81130  7.030  7.927  72.664 0.2500000000
81082  9.606  7.690  77.029 0.2500000000
80165  -2.269  6.091  76.117 0.5000000000
80163  -0.521  5.768  75.176 0.5000000000
80211  1.994  6.081  70.942 0.5000000000
79238  2.683  5.721  70.650 0.5000000000
81091  3.159  7.775  76.100 0.5000000000
82055  2.639  8.467  75.977 0.5000000000
82056  1.870  9.080  76.280 0.5000000000
82084  3.948  8.994  73.787 0.2500000000
82069  3.622  8.534  74.587 0.3750000000
82926  8.793  9.129  74.099 0.1250000000
82940  7.866  9.633  73.031 0.1250000000
82096  6.726  8.779  72.586 0.2500000000
82038  9.448  8.422  77.936 0.1250000000
82901  9.299  9.280  77.388 0.1250000000
82912  8.862  9.765  74.835 0.1250000000
83723  8.936  9.973  75.862 0.1250000000
83750  8.548  9.790  74.030 0.1250000000
80178  -2.357  6.163  75.166 0.5000000000
80203  -0.609  6.689  72.893 0.5000000000
82906  0.997  9.507  76.546 0.5000000000
82049  0.499  9.196  77.338 0.5000000000
82902  -0.643  9.303  77.539 0.5000000000
82907  -0.040  9.712  76.817 0.5000000000
82954  4.845  10.000  72.658 0.1250000000
82942  3.610  9.823  73.436 0.2500000000
83752  3.656  10.657  72.874 0.1250000000
124567  -1.501  9.619  76.923 0.5000000000
82952  6.359  9.624  72.541 0.2500000000
83764  7.454  10.204  72.944 0.1250000000
83767  5.257  10.491  72.483 0.1250000000
85258  5.892  11.966  72.622 0.1250000000
84523  7.331  11.387  73.536 0.1250000000
83736  8.414  10.438  74.393 0.1250000000
82099  -2.173  7.842  72.342 0.5000000000
80213  0.320  6.768  71.218 0.5000000000
130091  0.865  6.783  69.920 0.5000000000
82116  -1.073  7.895  70.390 0.5000000000
81168  -0.224  7.704  69.831 0.5000000000
85246  7.041  12.170  73.705 0.1250000000
84539  4.501  11.838  72.328 0.1250000000
83716  9.104  10.010  78.151 0.1250000000
83720  8.563  10.771  76.479 0.1250000000
84506  8.264  11.336  75.667 0.1250000000
84514  8.174  11.187  74.769 0.1250000000
83725  0.276  10.624  75.501 0.5000000000
83726  -0.665  10.639  76.074 0.5000000000
85249  2.171  11.823  73.061 0.2500000000
120632  1.311  11.951  73.553 0.2500000000
85247  6.341  12.501  73.189 0.1250000000
85990  5.316  13.588  73.156 0.2500000000
85259  4.892  13.124  72.582 0.2500000000
132564  3.820  12.921  72.411 0.2500000000
84541  3.070  12.080  72.588 0.2500000000
85238  7.260  12.537  74.627 0.1250000000
85239  6.688  12.915  73.919 0.1250000000
84507  7.841  11.894  75.137 0.1250000000
84500  8.449  11.162  79.646 0.1250000000
84496  8.762  11.214  80.183 0.1250000000
83711  10.002  10.165  80.386 0.2500000000
125604  -2.156  9.605  72.419 0.3750000000
84494  12.118  11.166  79.815 0.1250000000
85955  10.676  13.429  79.663 0.1250000000
121753  12.620  13.278  78.998 0.1250000000
85960  13.841  13.074  78.472 0.1250000000
85218  11.880  12.170  79.503 0.1250000000
86743  13.973  14.353  77.265 0.1250000000
85229  14.398  13.034  77.415 0.1250000000
85262  2.438  12.715  72.667 0.2500000000
84509  -1.363  11.267  75.787 0.2500000000
86765  4.975  14.335  73.581 0.2500000000
85981  6.293  13.534  74.249 0.1250000000
87484  5.106  15.078  75.375 0.1250000000
86777  3.059  14.147  72.787 0.1250000000
85263  1.902  13.373  72.842 0.2500000000
85235  -1.801  11.788  75.584 0.2500000000
85971  7.045  13.044  76.332 0.1250000000
133083  -2.406  11.758  75.188 0.2500000000
84528  -2.325  11.218  73.837 0.3750000000
85220  8.934  12.044  80.246 0.1250000000
85956  8.471  12.761  80.292 0.1250000000
86738  13.049  14.822  78.151 0.1250000000
137586  12.495  14.143  78.627 0.1250000000
123770  14.239  13.191  76.718 0.1250000000
85970  13.723  14.526  76.556 0.1250000000
86750  12.972  14.824  75.858 0.1250000000
86770  0.794  14.633  73.738 0.1250000000
85991  4.580  13.855  72.967 0.2500000000
86766  4.203  14.560  73.370 0.1250000000
87503  3.785  15.198  73.796 0.1250000000
87485  4.454  15.544  75.422 0.1250000000
86749  5.566  14.619  77.152 0.1250000000
85963  6.758  12.723  79.409 0.1250000000
86732  10.086  13.934  79.871 0.1250000000
86739  11.920  14.850  78.661 0.1250000000
87471  12.644  15.709  77.321 0.1250000000
124614  -1.529  11.726  71.029 0.3750000000
85978  12.865  13.533  74.673 0.1250000000
85996  12.209  12.938  72.871 0.1250000000
85979  12.009  13.932  74.238 0.1250000000
88205  3.573  16.021  75.428 0.1250000000
88212  2.539  16.224  74.869 0.1250000000
117898  4.877  15.337  76.261 0.1250000000
87479  5.177  15.046  76.958 0.1250000000
86747  5.748  14.219  77.906 0.1250000000
85964  6.425  13.240  78.676 0.1250000000
86741  5.928  13.739  78.856 0.1250000000
86761  -2.446  14.445  75.443 0.2500000000
123431  -1.674  12.868  72.113 0.2500000000
87466  11.634  15.768  78.344 0.1250000000
87468  9.791  15.922  79.081 0.1250000000
87481  11.946  15.332  75.609 0.1250000000
86755  11.574  14.670  74.633 0.1250000000
128532  3.884  15.949  77.254 0.1250000000
86760  -2.012  14.272  75.733 0.2500000000
117265  7.024  14.898  80.613 0.1250000000
87490  10.910  15.684  75.324 0.1250000000
117690  2.753  16.618  75.981 0.1250000000
87470  4.908  14.880  79.241 0.1250000000
87509  -2.576  15.094  75.081 0.2500000000
121720  5.881  15.798  80.529 0.1250000000
87463  5.933  14.981  80.677 0.1250000000
87464  5.246  15.404  80.188 0.1250000000
88183  7.518  16.666  80.332 0.1250000000
88190  8.800  16.933  79.074 0.1250000000
88932  1.423  17.239  76.322 0.1250000000
88185  5.400  16.270  80.361 0.1250000000
88184  6.424  16.696  80.441 0.1250000000
88182  8.151  17.268  79.662 0.1250000000
88933  0.486  17.325  76.447 0.1250000000
89614  4.043  17.731  79.810 0.1250000000
89617  3.161  17.929  79.460 0.1250000000
88913  4.847  17.669  80.387 0.1250000000
88942  -2.044  17.439  74.225 0.2500000000
88911  6.446  17.737  80.526 0.1250000000
90280  4.961  19.153  80.127 0.1250000000
89634  -1.833  18.087  74.739 0.2500000000
133578  -1.604  18.474  75.295 0.2500000000
89649  0.101  18.081  72.045 0.2500000000
89616  4.125  18.536  79.635 0.1250000000
90304  0.729  19.541  72.847 0.2500000000
90281  7.282  19.362  78.837 0.1250000000
90303  1.423  19.839  72.261 0.2500000000
90905  5.114  19.936  79.703 0.1250000000
90278  6.538  19.550  80.148 0.1250000000
91539  6.744  20.974  80.073 0.1250000000
90902  7.027  19.828  79.766 0.1250000000
91563  0.566  21.631  73.825 0.2500000000
90286  7.221  19.517  77.628 0.1250000000
128887  7.386  21.161  76.639 0.1250000000
90937  1.727  20.525  71.870 0.2500000000
90907  5.377  20.735  79.453 0.1250000000
91572  1.662  21.486  71.666 0.2500000000
76710  47.983  3.190  45.103 0.6250000000
53280  -0.742  -22.871  73.034 0.7500000000
54171  -0.598  -21.516  72.288 0.7500000000
54172  -1.180  -21.183  72.746 0.7500000000
53281  -1.449  -22.525  73.386 0.7500000000
116150  4.860  -25.839  78.342 0.5000000000
53249  -6.001  -22.178  76.617 0.7500000000
52273  -6.010  -23.223  76.221 0.6250000000
53256  -6.316  -22.341  76.194 0.6250000000
52265  -5.628  -23.152  76.627 0.6250000000
133779  -6.284  -23.348  75.784 0.6250000000
129786  -6.470  -22.464  75.676 0.6250000000
119285  -4.441  -22.751  76.488 0.7500000000
52264  -5.301  -23.522  76.974 0.6250000000
53263  -6.451  -22.926  75.034 0.5000000000
53271  -3.351  -22.032  74.925 0.7500000000
53262  -3.860  -22.389  75.713 0.7500000000
53272  -6.383  -22.547  74.244 0.6250000000
54156  -6.532  -22.086  75.057 0.7500000000
55093  -1.727  -20.782  73.255 0.7500000000
53282  -2.229  -22.126  73.724 0.7500000000
53294  -5.813  -22.483  72.737 0.5000000000
53304  -0.027  -21.866  71.795 0.8750000000
54162  -1.674  -21.666  73.227 0.7500000000
54173  -5.640  -22.054  72.233 0.5000000000
54197  -4.319  -21.925  70.733 0.3750000000
54184  -4.699  -22.315  71.266 0.3750000000
54196  -3.860  -22.041  70.362 0.2500000000
129936  19.955  -17.732  77.684 0.6250000000
57044  20.350  -18.570  76.837 0.6250000000
115584  5.408  -26.011  78.257 0.5000000000
51252  4.777  -25.645  77.973 0.6250000000
50271  4.231  -25.732  78.291 0.5000000000
51254  3.062  -25.501  77.750 0.6250000000
54139  -5.675  -21.330  77.384 0.7500000000
54145  -6.473  -21.517  76.778 0.7500000000
53247  -5.314  -21.897  77.084 0.7500000000
53255  -4.450  -21.864  76.350 0.7500000000
130436  -4.954  -22.188  76.938 0.7500000000
54150  -6.659  -21.581  76.033 0.7500000000
52307  0.591  -23.761  72.860 0.7500000000
54155  -2.886  -21.652  74.217 0.7500000000
55082  -3.390  -21.211  74.881 0.7500000000
123761  -6.624  -21.236  75.171 0.7500000000
52327  0.532  -23.172  72.357 0.8750000000
52328  -0.057  -23.115  72.674 0.8750000000
56095  -1.501  -19.920  73.558 0.7500000000
55080  -2.260  -20.360  73.839 0.7500000000
54164  -6.365  -21.691  74.121 0.6250000000
53303  0.580  -22.258  71.437 0.8750000000
53291  0.226  -22.617  72.125 0.8750000000
55102  -0.653  -20.636  72.306 0.7500000000
54183  -0.194  -21.011  71.624 0.8750000000
54198  -4.547  -21.244  70.866 0.3750000000
54185  -5.110  -21.268  71.438 0.5000000000
55146  -3.911  -20.236  69.808 0.3750000000
54210  -3.937  -21.245  70.242 0.3750000000
56160  -3.383  -19.849  69.020 0.2500000000
55145  -3.310  -20.769  69.500 0.2500000000
50270  5.348  -25.809  78.006 0.5000000000
57029  20.332  -18.005  77.251 0.7500000000
50249  6.134  -26.338  77.898 0.5000000000
57043  21.045  -18.097  76.712 0.7500000000
51253  3.969  -25.540  77.749 0.7500000000
50272  3.443  -25.638  78.254 0.6250000000
129892  3.349  -25.493  77.104 0.7500000000
118915  3.136  -25.486  76.218 0.8750000000
118747  1.917  -25.179  74.648 0.7500000000
55056  -6.028  -20.699  77.822 0.7500000000
128388  -6.526  -20.984  77.348 0.7500000000
55064  -4.828  -20.711  77.442 0.7500000000
54138  -5.466  -21.068  77.553 0.7500000000
55065  -6.843  -20.854  76.818 0.7500000000
51326  1.207  -24.386  73.269 0.8750000000
55063  -4.332  -20.919  76.366 0.7500000000
54144  -4.891  -21.473  77.110 0.7500000000
56057  -6.949  -20.119  76.793 0.7500000000
117434  1.190  -23.501  72.132 0.8750000000
55072  -3.287  -20.447  75.090 0.7500000000
133252  -3.723  -20.868  75.552 0.7500000000
53302  1.334  -22.800  71.257 0.8750000000
52346  0.751  -22.870  71.850 0.8750000000
56078  -2.690  -19.959  74.603 0.7500000000
55083  -5.919  -20.138  74.329 0.7500000000
55092  -1.048  -20.330  72.956 0.7500000000
56112  -5.315  -19.858  72.295 0.5000000000
55094  -5.546  -20.094  73.308 0.5000000000
53318  1.031  -21.901  70.774 0.8750000000
54182  0.425  -21.454  71.161 0.8750000000
55101  -0.099  -20.164  71.898 0.8750000000
56111  -0.489  -19.786  72.563 0.7500000000
57129  -4.659  -18.810  70.493 0.5000000000
56126  -4.840  -19.616  70.970 0.5000000000
55125  0.975  -21.068  70.608 0.8750000000
55110  0.523  -20.486  71.206 0.8750000000
56161  -3.981  -19.356  69.432 0.3750000000
56144  -4.387  -19.565  70.175 0.5000000000
56178  -3.717  -19.052  68.577 0.2500000000
50287  5.920  -25.744  77.457 0.7500000000
50269  5.983  -25.999  77.844 0.5000000000
57929  21.135  -17.387  77.055 0.7500000000
132585  3.913  -25.417  76.654 0.7500000000
57042  21.872  -17.795  76.422 0.7500000000
51307  2.953  -24.931  74.107 0.8750000000
51325  2.641  -24.586  73.335 0.8750000000
55055  -5.414  -20.382  77.973 0.7500000000
55057  -6.740  -20.366  77.504 0.7500000000
51342  1.971  -24.423  72.949 0.8750000000
56055  -4.203  -19.986  77.115 0.7500000000
56066  -3.659  -20.225  76.013 0.7500000000
56080  -6.284  -19.784  75.162 0.7500000000
56077  -1.909  -19.517  74.287 0.7500000000
56065  -2.993  -19.667  75.557 0.7500000000
54195  1.613  -21.510  70.341 0.8750000000
57108  -5.025  -18.909  72.241 0.6250000000
56096  -5.204  -19.266  73.083 0.6250000000
55124  1.693  -20.699  70.314 0.8750000000
56093  -0.164  -18.979  72.947 0.7500000000
57119  -4.883  -18.620  71.352 0.5000000000
131409  1.236  -20.347  70.737 0.8750000000
56125  0.518  -19.740  71.700 0.8750000000
56110  0.178  -19.376  72.287 0.8750000000
58011  -4.419  -17.529  69.399 0.3750000000
116727  -4.176  -18.442  69.173 0.5000000000
56124  1.214  -19.630  71.278 0.8750000000
56109  0.871  -19.104  72.021 0.8750000000
120811  -4.045  -18.222  68.240 0.3750000000
123557  -4.116  -17.828  67.266 0.2500000000
50288  5.347  -25.623  77.535 0.8750000000
129950  6.374  -26.630  77.846 0.5000000000
117873  6.837  -26.373  77.472 0.5000000000
57938  22.539  -16.954  76.678 0.7500000000
49237  7.208  -26.749  77.554 0.5000000000
51268  4.808  -25.439  77.009 0.8750000000
57939  21.688  -17.390  76.745 0.7500000000
51287  4.425  -25.302  75.874 0.8750000000
137495  22.948  -17.086  76.462 0.7500000000
57949  22.596  -17.540  76.220 0.7500000000
115372  3.912  -25.023  74.841 0.8750000000
116785  22.895  -17.937  75.588 0.7500000000
57058  22.174  -18.268  75.941 0.7500000000
55050  -5.612  -19.958  78.303 0.7500000000
56049  -6.330  -19.891  78.091 0.7500000000
57075  23.433  -18.352  74.875 0.7500000000
51341  2.818  -24.359  72.611 0.8750000000
56048  -5.093  -19.749  78.451 0.7500000000
56038  -5.175  -19.370  78.694 0.7500000000
56040  -6.324  -19.043  78.044 0.7500000000
132212  -6.549  -18.972  77.323 0.7500000000
52325  2.626  -24.026  71.744 0.8750000000
119631  1.937  -24.135  72.216 0.8750000000
56047  -4.409  -19.498  78.242 0.7500000000
57069  -6.696  -19.385  76.674 0.7500000000
128295  -6.037  -18.585  76.500 0.7500000000
52345  1.936  -23.606  71.486 0.8750000000
56054  -3.263  -19.464  76.592 0.7500000000
56067  -6.166  -19.241  75.717 0.7500000000
57943  -5.646  -17.771  76.869 0.7500000000
52364  2.172  -23.079  70.743 0.8750000000
56064  -2.224  -19.210  75.173 0.7500000000
127659  -5.283  -18.427  74.504 0.7500000000
57086  -5.629  -18.500  75.338 0.7500000000
53317  1.779  -22.309  70.516 0.8750000000
56076  -1.177  -19.075  73.983 0.7500000000
57085  -1.450  -18.816  74.815 0.7500000000
122752  -4.920  -18.409  73.027 0.6250000000
127380  -5.147  -18.802  73.836 0.6250000000
58004  -4.650  -17.974  70.708 0.6250000000
57987  -4.727  -17.934  72.177 0.6250000000
57996  -4.606  -17.127  70.904 0.6250000000
56143  1.953  -19.846  70.587 0.8750000000
115791  -4.282  -17.710  68.741 0.3750000000
57118  1.611  -18.913  71.847 0.8750000000
58888  -4.433  -16.360  68.073 0.3750000000
49264  12.491  -26.486  76.076 0.6250000000
127690  6.636  -25.960  77.274 0.7500000000
116925  5.188  -25.329  75.960 0.8750000000
48083  7.978  -27.069  77.479 0.5000000000
124848  3.824  -24.782  73.919 0.8750000000
57948  23.394  -17.313  76.056 0.7500000000
51340  3.743  -24.388  72.618 0.8750000000
51324  3.388  -24.572  73.322 0.8750000000
56037  -4.589  -19.107  78.863 0.7500000000
57027  -4.710  -18.588  79.063 0.7500000000
57041  -5.829  -18.385  78.154 0.7500000000
57055  -6.082  -18.376  77.512 0.7500000000
56069  23.753  -18.696  74.044 0.7500000000
136634  3.294  -24.224  72.014 0.8750000000
57039  -2.742  -18.746  78.175 0.8750000000
56046  -3.493  -19.260  77.705 0.7500000000
57936  -5.534  -17.666  77.852 0.7500000000
125721  24.913  -19.588  72.800 0.5000000000
52344  3.319  -23.938  71.205 0.8750000000
133356  2.588  -23.608  71.055 0.8750000000
120905  -1.868  -18.609  76.706 0.8750000000
57054  -2.663  -18.863  77.119 0.8750000000
57953  -5.468  -17.791  75.849 0.7500000000
52363  3.023  -23.292  70.387 0.8750000000
57052  -0.980  -18.426  76.437 0.8750000000
57068  -2.453  -19.026  76.144 0.7500000000
53316  2.518  -22.519  70.146 0.8750000000
57098  -0.443  -18.681  73.717 0.7500000000
135525  -0.192  -18.210  75.126 0.8750000000
57967  -4.801  -17.096  74.383 0.6250000000
57979  -4.872  -17.892  73.867 0.7500000000
115034  2.156  -21.872  70.080 0.8750000000
54194  2.201  -21.200  69.944 0.8750000000
132677  -4.570  -17.081  71.694 0.6250000000
57978  -4.640  -16.935  73.435 0.6250000000
57107  0.613  -18.733  72.726 0.8750000000
132686  -4.522  -17.293  70.150 0.6250000000
55123  2.404  -20.457  70.023 0.8750000000
57106  1.283  -18.627  72.483 0.8750000000
118439  -4.475  -16.560  69.527 0.5000000000
56142  2.808  -19.751  70.184 0.8750000000
58881  -4.461  -15.870  68.761 0.5000000000
134992  -4.494  -15.387  69.656 0.5000000000
51250  12.537  -25.095  76.875 0.7500000000
49244  11.339  -26.435  76.586 0.7500000000
48079  11.024  -26.884  76.612 0.7500000000
48087  11.886  -26.808  76.015 0.6250000000
48088  11.280  -26.994  76.299 0.5000000000
50268  7.861  -26.587  77.311 0.6250000000
133791  6.463  -25.655  76.801 0.8750000000
130069  5.795  -25.475  76.611 0.8750000000
46970  11.302  -27.624  75.309 0.3750000000
46957  8.737  -27.347  76.986 0.5000000000
114376  11.111  -28.185  73.812 0.3750000000
46973  9.127  -27.700  75.628 0.2500000000
125612  4.580  -24.787  74.118 0.8750000000
115354  4.916  -25.084  75.036 0.8750000000
57961  24.246  -17.399  75.611 0.8750000000
114370  10.850  -28.148  72.817 0.2500000000
114374  9.350  -28.055  73.764 0.2500000000
57074  24.276  -17.989  75.018 0.7500000000
47023  10.268  -28.034  71.927 0.2500000000
51323  4.232  -24.570  73.314 0.8750000000
57009  -2.666  -17.896  80.267 0.7500000000
57010  -3.278  -17.772  79.891 0.7500000000
117098  24.939  -18.223  74.488 0.7500000000
136601  24.193  -18.376  74.441 0.7500000000
57025  -2.624  -18.384  79.357 0.8750000000
131316  -4.116  -18.544  79.255 0.7500000000
57927  -4.395  -17.683  79.267 0.7500000000
57935  -4.873  -17.265  78.508 0.7500000000
57091  24.612  -18.694  73.936 0.7500000000
57090  25.484  -18.678  74.011 0.7500000000
52324  3.967  -24.255  71.849 0.8750000000
57053  -1.343  -18.401  77.375 0.8750000000
57038  -1.884  -18.424  78.307 0.8750000000
57040  -3.674  -18.866  78.852 0.7500000000
58818  -4.893  -16.851  77.697 0.7500000000
123310  3.717  -23.689  70.496 0.8750000000
114342  -0.382  -18.133  77.276 0.8750000000
114338  -0.049  -18.114  76.054 0.8750000000
57066  -0.833  -18.415  75.455 0.8750000000
53332  3.253  -22.627  69.729 0.8750000000
57065  0.545  -18.053  75.196 0.8750000000
57952  -4.993  -17.109  75.294 0.7500000000
131910  3.455  -22.065  69.352 0.8750000000
131386  2.782  -21.799  69.660 0.8750000000
57082  0.995  -17.955  74.305 0.8750000000
57097  0.366  -18.396  73.515 0.8750000000
133813  -4.437  -16.367  72.781 0.6250000000
58849  -4.544  -16.445  74.074 0.7500000000
54207  2.735  -20.997  69.628 0.8750000000
114333  1.304  -18.223  73.283 0.8750000000
59818  -4.544  -15.354  71.473 0.6250000000
58862  -4.515  -16.257  72.018 0.6250000000
54206  3.408  -21.246  69.291 0.8750000000
114720  2.028  -18.363  72.583 0.8750000000
132122  -4.587  -15.381  70.596 0.6250000000
56159  3.522  -19.654  69.812 0.8750000000
57128  2.694  -19.131  70.907 0.8750000000
56123  1.947  -19.224  71.219 0.8750000000
60813  -4.305  -14.493  69.684 0.6250000000
59846  -4.243  -15.002  68.755 0.5000000000
51251  11.549  -25.564  76.619 0.7500000000
123721  10.667  -26.779  76.624 0.7500000000
49245  9.903  -26.835  76.678 0.7500000000
48089  10.616  -27.147  76.446 0.5000000000
48080  10.259  -27.007  76.624 0.5000000000
50267  8.749  -26.644  77.159 0.6250000000
50286  7.522  -25.998  76.869 0.7500000000
115127  5.866  -25.202  75.284 0.8750000000
46971  10.557  -27.774  75.557 0.3750000000
48090  9.864  -27.216  76.543 0.5000000000
48091  9.190  -27.216  76.851 0.5000000000
48082  8.684  -27.088  77.286 0.6250000000
49247  8.290  -26.935  77.447 0.6250000000
46985  10.866  -28.034  74.805 0.3750000000
46986  9.909  -28.044  74.962 0.3750000000
46972  9.940  -27.792  75.842 0.3750000000
128115  8.608  -27.645  76.294 0.5000000000
123995  5.491  -24.837  74.321 0.8750000000
114380  10.325  -28.213  74.174 0.3750000000
51322  5.133  -24.590  73.429 0.8750000000
57960  25.162  -17.507  75.061 0.7500000000
57917  -1.899  -17.877  80.747 0.8750000000
57908  -2.411  -17.543  80.796 0.7500000000
131157  -3.293  -17.001  80.112 0.7500000000
128699  5.371  -24.326  71.895 0.8750000000
51339  4.681  -24.403  72.503 0.8750000000
132929  -1.113  -18.022  80.239 0.8750000000
57008  -2.023  -18.122  80.185 0.8750000000
58801  -3.849  -17.026  79.587 0.7500000000
56082  25.924  -19.123  73.448 0.7500000000
52323  4.636  -24.261  71.642 0.8750000000
135337  -0.287  -18.089  78.261 0.8750000000
57023  -0.639  -18.136  79.147 0.8750000000
57024  -1.557  -18.266  79.297 0.8750000000
59760  -4.445  -16.358  78.313 0.7500000000
56115  26.435  -19.539  71.793 0.6250000000
52343  4.158  -24.096  71.028 0.8750000000
115221  -1.010  -18.207  78.237 0.8750000000
116662  -4.451  -16.032  77.447 0.7500000000
58828  -4.613  -16.487  76.720 0.7500000000
52362  4.377  -23.784  70.252 0.8750000000
114339  0.926  -18.015  76.036 0.8750000000
52382  3.797  -23.278  69.870 0.8750000000
129449  1.462  -17.949  75.235 0.8750000000
59801  -4.184  -14.983  75.172 0.7500000000
135405  -4.390  -15.840  75.212 0.7500000000
115197  4.032  -22.625  69.284 0.8750000000
136072  1.587  -17.909  74.596 0.8750000000
127184  -4.299  -15.680  74.329 0.7500000000
57096  2.086  -18.013  73.404 0.8750000000
60763  -4.476  -14.354  71.767 0.7500000000
121509  -4.082  -14.397  73.039 0.7500000000
120979  -4.628  -14.522  70.852 0.6250000000
55143  3.817  -20.337  69.262 0.8750000000
55144  3.099  -20.379  69.667 0.8750000000
57117  2.365  -18.758  71.718 0.8750000000
60789  -4.457  -14.051  70.338 0.6250000000
56141  3.312  -19.215  70.395 0.8750000000
60812  -3.946  -14.482  69.261 0.5000000000
52269  11.440  -24.506  76.231 0.8750000000
51263  10.955  -25.331  76.409 0.7500000000
120131  10.874  -25.825  76.609 0.7500000000
50283  10.214  -25.992  76.543 0.7500000000
50266  9.609  -26.568  76.733 0.7500000000
51266  8.142  -25.786  76.487 0.7500000000
51267  7.222  -25.703  76.585 0.7500000000
128800  12.070  -22.918  75.087 0.8750000000
51286  6.732  -25.354  75.854 0.8750000000
48081  9.441  -27.048  76.849 0.6250000000
137131  6.224  -24.925  74.475 0.8750000000
51338  5.659  -24.482  72.732 0.8750000000
57907  -1.545  -17.455  80.911 0.8750000000
59756  -3.375  -15.689  79.322 0.7500000000
57073  25.878  -18.017  74.530 0.7500000000
57916  -1.127  -17.687  80.677 0.8750000000
56098  26.218  -19.392  72.672 0.7500000000
52342  5.064  -24.179  70.870 0.8750000000
59759  -3.708  -15.271  78.485 0.7500000000
126926  26.604  -19.625  70.979 0.6250000000
52361  5.059  -23.840  69.977 0.8750000000
129493  0.536  -17.913  76.903 0.8750000000
59779  -4.134  -15.256  76.977 0.7500000000
55134  26.983  -20.088  69.293 0.3750000000
52381  4.570  -23.347  69.548 0.8750000000
114340  1.757  -17.998  76.186 0.8750000000
53344  4.513  -22.115  68.786 0.8750000000
57064  2.340  -18.008  75.567 0.8750000000
130613  -4.268  -14.206  74.784 0.7500000000
114335  1.791  -17.923  74.055 0.8750000000
124760  -4.210  -13.871  74.036 0.7500000000
132784  3.906  -21.881  69.057 0.8750000000
126283  -4.423  -13.598  72.160 0.7500000000
133303  -4.256  -13.331  73.145 0.7500000000
120759  4.253  -21.187  68.811 0.8750000000
114778  2.890  -18.357  72.303 0.8750000000
61708  -4.441  -13.229  71.529 0.7500000000
61701  -4.427  -12.777  72.231 0.7500000000
120904  3.040  -18.654  71.582 0.8750000000
61728  -4.248  -13.513  70.542 0.7500000000
56158  4.284  -19.527  69.453 0.8750000000
56140  3.977  -18.977  70.145 0.8750000000
57127  3.639  -18.675  71.017 0.8750000000
61717  -4.071  -13.079  70.780 0.7500000000
61736  -3.829  -13.947  69.761 0.5000000000
52288  11.530  -23.513  75.132 0.8750000000
52277  11.029  -24.235  75.631 0.8750000000
51282  10.538  -24.948  75.960 0.8750000000
50284  9.325  -26.186  76.689 0.7500000000
51265  9.059  -25.779  76.380 0.7500000000
50285  8.456  -26.223  76.923 0.7500000000
53267  11.751  -22.887  74.371 0.8750000000
53268  11.147  -23.448  74.131 0.8750000000
52289  10.706  -24.003  74.817 0.8750000000
51285  7.753  -25.412  75.795 0.8750000000
54161  11.991  -22.275  73.096 0.8750000000
53278  11.526  -22.870  73.527 0.8750000000
51306  6.616  -25.115  74.934 0.8750000000
125364  7.711  -24.273  70.621 0.8750000000
52320  7.869  -24.323  72.235 0.8750000000
51321  6.145  -24.650  73.633 0.8750000000
57947  25.743  -16.912  75.471 0.7500000000
52378  7.179  -23.654  69.175 0.8750000000
52340  7.527  -24.347  71.458 0.8750000000
128312  -2.722  -15.470  80.122 0.7500000000
57959  26.304  -17.407  75.018 0.7500000000
52359  6.971  -24.117  69.955 0.8750000000
52341  6.836  -24.306  70.939 0.8750000000
130222  6.096  -24.399  72.155 0.8750000000
57905  0.458  -17.691  80.561 0.8750000000
60653  -2.494  -14.704  79.847 0.7500000000
57089  26.388  -18.529  74.012 0.7500000000
52394  6.665  -23.169  68.692 0.8750000000
52395  6.003  -23.174  68.863 0.8750000000
52379  6.356  -23.628  69.335 0.8750000000
52360  5.961  -24.023  70.241 0.8750000000
115222  1.057  -18.177  78.686 0.8750000000
57006  0.859  -18.218  79.774 0.8750000000
57007  -0.071  -18.087  79.929 0.8750000000
61665  -2.963  -13.821  78.468 0.7500000000
56081  26.716  -18.912  73.279 0.7500000000
54221  6.118  -22.547  68.454 0.8750000000
53343  5.520  -22.896  68.787 0.8750000000
114343  1.167  -18.003  77.583 0.8750000000
60682  -3.748  -13.863  77.329 0.7500000000
129612  5.280  -22.317  68.586 0.8750000000
52380  5.454  -23.437  69.329 0.8750000000
136419  1.248  -17.924  76.745 0.8750000000
129443  2.129  -17.911  74.742 0.8750000000
55151  27.688  -20.061  68.402 0.2500000000
114336  2.627  -17.887  74.031 0.8750000000
127865  -4.232  -12.987  74.152 0.7500000000
62706  -4.324  -12.273  73.280 0.7500000000
55161  4.570  -20.228  68.840 0.8750000000
117631  -4.289  -13.109  71.068 0.7500000000
62711  -4.303  -11.993  72.330 0.7500000000
62721  -4.090  -12.601  71.300 0.7500000000
57137  4.827  -18.846  69.854 0.8750000000
61727  -3.883  -13.441  70.316 0.5000000000
135905  -3.312  -13.399  70.546 0.6250000000
52278  10.172  -24.617  75.360 0.8750000000
51264  9.975  -25.661  76.256 0.8750000000
51283  9.651  -25.291  75.794 0.8750000000
51284  8.723  -25.443  75.778 0.8750000000
53290  11.408  -22.806  72.631 0.8750000000
54170  11.926  -22.132  72.235 0.8750000000
52319  8.451  -24.274  72.769 0.8750000000
51305  7.351  -25.136  74.952 0.8750000000
125375  7.837  -23.965  69.731 0.8750000000
52358  8.720  -23.949  70.409 0.8750000000
131482  8.338  -24.218  71.371 0.8750000000
52339  8.799  -24.070  72.136 0.8750000000
51320  7.064  -24.597  73.422 0.8750000000
116104  6.872  -24.851  74.239 0.8750000000
52321  6.873  -24.393  71.968 0.8750000000
51337  6.512  -24.502  72.772 0.8750000000
57903  2.954  -17.617  80.353 0.8750000000
57072  27.013  -17.785  74.572 0.7500000000
57005  2.575  -18.213  79.862 0.8750000000
57914  2.463  -17.902  80.176 0.8750000000
52322  6.032  -24.299  71.361 0.8750000000
57021  1.781  -18.270  79.404 0.8750000000
133414  27.441  -18.658  73.084 0.7500000000
56097  27.113  -19.098  72.305 0.7500000000
114345  2.852  -18.355  77.687 0.8750000000
61674  -3.237  -13.375  77.776 0.7500000000
57101  27.964  -18.656  72.448 0.7500000000
57112  27.847  -19.008  71.588 0.7500000000
54222  5.791  -21.753  68.230 0.8750000000
57050  3.441  -18.259  76.742 0.8750000000
114344  1.919  -18.089  77.136 0.8750000000
56129  28.165  -19.377  70.159 0.5000000000
125889  5.529  -20.980  68.222 0.8750000000
53331  4.853  -22.853  68.957 0.8750000000
114341  3.176  -18.128  75.836 0.8750000000
57051  2.574  -18.139  76.502 0.8750000000
55133  27.718  -19.681  69.638 0.3750000000
137010  27.828  -19.752  69.014 0.3750000000
130557  5.340  -20.236  68.499 0.8750000000
54223  5.018  -21.548  68.491 0.8750000000
57095  3.287  -17.879  73.588 0.8750000000
114337  2.936  -17.994  74.956 0.8750000000
55167  28.316  -19.917  67.679 0.2500000000
135939  4.905  -20.835  68.527 0.8750000000
57094  4.183  -17.854  73.574 0.8750000000
55187  28.201  -20.275  67.000 0.2500000000
57105  3.503  -17.987  72.846 0.8750000000
114334  2.716  -17.999  73.118 0.8750000000
56157  5.195  -19.427  69.046 0.8750000000
57136  5.674  -18.716  69.605 0.8750000000
125487  4.594  -18.498  70.718 0.8750000000
51303  9.270  -24.914  75.164 0.8750000000
53279  10.891  -23.374  73.200 0.8750000000
52303  10.359  -23.815  73.901 0.8750000000
52290  9.815  -24.355  74.578 0.8750000000
53301  10.770  -23.079  71.254 0.8750000000
120631  10.643  -23.331  72.184 0.8750000000
52317  10.040  -23.720  72.997 0.8750000000
52304  9.466  -24.175  73.699 0.8750000000
52291  8.879  -24.630  74.349 0.8750000000
51304  8.313  -25.119  74.989 0.8750000000
53300  11.345  -22.667  71.743 0.8750000000
117712  9.669  -23.753  72.165 0.8750000000
52318  9.162  -24.068  72.881 0.8750000000
52305  8.594  -24.417  73.481 0.8750000000
51319  7.844  -24.767  74.062 0.8750000000
53314  11.287  -22.485  70.884 0.8750000000
52306  7.832  -24.452  73.114 0.8750000000
53315  10.703  -22.841  70.501 0.8750000000
125399  7.870  -23.515  69.063 0.8750000000
51336  7.227  -24.462  72.705 0.8750000000
58790  3.651  -17.187  80.510 0.8750000000
58791  2.611  -16.876  80.620 0.8750000000
136878  27.217  -17.314  75.001 0.8750000000
53328  11.125  -22.339  69.973 0.8750000000
52393  7.468  -23.138  68.579 0.8750000000
123931  4.140  -18.348  80.062 0.8750000000
57913  3.267  -18.098  80.080 0.8750000000
57071  27.936  -17.675  74.364 0.7500000000
53356  6.615  -21.902  67.929 0.8750000000
127284  7.011  -22.575  68.180 0.8750000000
57019  3.503  -18.537  78.590 0.8750000000
57004  3.650  -18.470  79.545 0.8750000000
57088  28.123  -18.131  73.523 0.7500000000
136367  28.229  -18.964  71.180 0.7500000000
54238  6.270  -21.163  67.876 0.8750000000
57036  3.880  -18.475  77.697 0.8750000000
57020  2.713  -18.414  78.971 0.8750000000
135822  3.872  -18.173  76.090 0.8750000000
55160  6.054  -20.400  68.108 0.8750000000
57063  4.586  -18.148  75.906 0.8750000000
56149  28.368  -19.451  69.324 0.5000000000
56167  28.508  -19.557  68.422 0.2500000000
56176  5.962  -19.660  68.478 0.8750000000
57081  3.528  -17.918  74.322 0.8750000000
56183  28.709  -19.539  66.996 0.2500000000
57149  5.967  -19.058  68.946 0.8750000000
57104  4.359  -17.967  72.584 0.8750000000
57116  3.646  -18.337  72.002 0.8750000000
57115  4.461  -18.243  71.652 0.8750000000
52337  10.074  -23.504  71.409 0.8750000000
52338  9.237  -23.874  71.367 0.8750000000
132024  10.300  -23.253  70.794 0.8750000000
127556  10.514  -22.754  69.901 0.8750000000
52377  8.584  -23.537  69.399 0.8750000000
132213  3.683  -17.902  80.270 0.8750000000
57958  27.878  -17.296  74.723 0.8750000000
53338  11.147  -22.058  69.092 0.8750000000
124830  5.096  -18.973  79.213 0.8750000000
55180  6.657  -20.594  67.727 0.8750000000
119396  5.139  -18.863  78.536 0.8750000000
57123  28.621  -18.957  70.723 0.7500000000
56175  6.632  -19.882  67.918 0.8750000000
57034  5.629  -18.687  77.864 0.8750000000
56148  29.034  -19.148  68.906 0.5000000000
56128  28.892  -19.098  69.797 0.6250000000
57079  5.132  -18.082  74.746 0.8750000000
57080  4.414  -17.985  74.515 0.8750000000
56182  29.092  -18.963  67.385 0.3750000000
57135  6.433  -18.488  69.333 0.8750000000
57093  5.136  -17.978  74.037 0.8750000000
126608  28.828  -19.380  67.664 0.2500000000
57125  6.267  -18.202  70.206 0.8750000000
56219  28.709  -19.282  65.510 0.1250000000
57126  5.486  -18.404  70.464 0.8750000000
57114  5.356  -18.172  71.362 0.8750000000
116637  9.662  -23.551  70.675 0.8750000000
52357  9.416  -23.408  69.823 0.8750000000
52375  9.996  -22.957  69.492 0.8750000000
52392  8.312  -23.130  68.632 0.8750000000
53342  7.886  -22.617  68.052 0.8750000000
53330  9.997  -22.703  68.861 0.8750000000
53339  10.485  -22.270  68.435 0.8750000000
53355  7.462  -22.003  67.678 0.8750000000
53340  9.653  -22.559  68.228 0.8750000000
53352  10.021  -22.159  67.750 0.8750000000
57017  5.675  -18.882  78.880 0.8750000000
57002  5.463  -18.783  79.604 0.8750000000
57111  28.542  -18.708  71.634 0.7500000000
116352  29.136  -18.541  71.132 0.7500000000
57062  6.267  -18.220  76.125 0.8750000000
57048  5.353  -18.386  76.688 0.8750000000
57132  29.431  -18.716  69.325 0.6250000000
118142  5.475  -18.190  75.483 0.8750000000
56166  29.186  -19.098  68.094 0.5000000000
128198  4.684  -18.101  75.170 0.8750000000
57143  29.375  -18.595  67.964 0.3750000000
56198  28.883  -18.930  66.719 0.1250000000
58003  6.844  -17.690  70.774 0.8750000000
57103  5.140  -17.807  73.157 0.8750000000
56218  28.729  -18.888  66.030 0.1250000000
57994  6.172  -18.055  71.098 0.8750000000
113895  5.253  -17.959  72.267 0.8750000000
52376  9.270  -23.063  68.889 0.8750000000
57945  28.407  -17.095  74.663 0.8750000000
54237  7.147  -21.215  67.547 0.8750000000
56193  7.300  -20.290  67.459 0.8750000000
53353  9.319  -22.177  67.597 0.8750000000
54253  9.296  -21.124  66.811 0.8750000000
57148  6.690  -19.032  68.466 0.8750000000
57087  28.948  -17.793  73.700 0.7500000000
57099  29.467  -17.888  73.031 0.7500000000
57110  29.314  -18.259  71.992 0.7500000000
57134  7.102  -18.145  68.975 0.8750000000
57047  6.305  -18.417  77.209 0.8750000000
57122  29.458  -18.592  70.286 0.6250000000
125945  29.389  -18.750  68.570 0.6250000000
58002  7.556  -17.268  70.455 0.8750000000
57951  6.322  -18.140  75.297 0.8750000000
57966  5.937  -18.150  74.571 0.8750000000
57155  29.201  -18.418  67.261 0.3750000000
57164  28.865  -18.428  66.504 0.1250000000
57986  6.006  -17.923  72.841 0.8750000000
53341  8.802  -22.656  68.089 0.8750000000
54235  9.079  -21.675  67.199 0.8750000000
118874  29.165  -17.031  74.524 0.7500000000
55178  8.711  -20.577  66.774 0.8750000000
120327  9.007  -19.892  66.633 0.8750000000
57971  29.741  -17.554  73.783 0.7500000000
57121  29.943  -18.086  71.163 0.6250000000
117842  30.135  -18.161  70.259 0.6250000000
57142  29.755  -18.188  68.800 0.6250000000
57965  6.789  -17.918  74.787 0.8750000000
58016  29.568  -17.952  68.018 0.5000000000
58036  29.198  -17.810  66.945 0.1250000000
126915  6.537  -17.921  74.102 0.8750000000
58044  28.768  -17.681  66.219 0.1250000000
57976  6.659  -17.772  73.402 0.8750000000
57995  6.093  -17.958  71.977 0.8750000000
57985  6.742  -17.703  72.550 0.8750000000
53354  8.403  -22.034  67.506 0.8750000000
55179  7.937  -20.805  67.133 0.8750000000
56192  7.354  -19.404  67.692 0.8750000000
56191  8.184  -19.764  66.989 0.8750000000
122332  8.517  -18.922  66.981 0.8750000000
57109  30.038  -17.753  72.350 0.7500000000
58006  30.446  -17.764  69.611 0.6250000000
58026  29.445  -17.755  67.505 0.5000000000
126970  6.798  -17.690  71.676 0.8750000000
125001  7.882  -21.488  67.362 0.8750000000
57159  7.994  -18.849  67.475 0.8750000000
58845  29.590  -16.742  74.587 0.7500000000
57970  30.464  -17.327  73.984 0.7500000000
129105  31.361  -17.321  70.923 0.6250000000
57998  30.690  -17.733  70.604 0.6250000000
58025  29.819  -17.243  67.968 0.5000000000
58894  29.547  -17.114  67.413 0.5000000000
57975  7.297  -17.349  73.113 0.7500000000
58908  29.228  -16.941  66.834 0.1250000000
57984  7.361  -17.330  72.223 0.8750000000
58923  28.862  -16.586  66.235 0.2500000000
119235  38.628  -5.911  65.624 0.8750000000
68533  37.987  -6.488  65.724 0.8750000000
71201  43.801  -3.556  58.549 0.6250000000
71207  45.560  -3.242  57.126 0.5000000000
57981  30.720  -17.469  72.950 0.7500000000
57997  31.214  -17.320  70.111 0.6250000000
58005  30.985  -17.073  69.323 0.6250000000
58893  30.104  -16.522  67.802 0.5000000000
59863  29.452  -15.866  66.696 0.3750000000
59879  29.133  -15.514  65.992 0.3750000000
69422  39.135  -5.241  65.538 0.8750000000
125405  37.967  -5.698  65.440 0.8750000000
70259  39.306  -4.359  65.378 0.8750000000
70268  39.915  -4.354  64.766 0.8750000000
71120  39.927  -3.586  64.403 0.8750000000
72125  45.759  -2.713  57.475 0.5000000000
72139  46.055  -2.923  56.844 0.5000000000
58014  30.839  -16.755  68.746 0.5000000000
118593  31.429  -16.452  69.008 0.6250000000
58892  30.726  -16.168  68.006 0.5000000000
59849  30.540  -15.796  67.608 0.5000000000
59878  29.831  -14.976  66.309 0.3750000000
68549  37.366  -5.924  65.102 0.8750000000
68550  36.559  -6.225  64.485 0.8750000000
69423  38.319  -5.113  65.463 0.8750000000
70260  38.639  -4.369  65.485 0.8750000000
71112  38.839  -3.668  65.354 0.8750000000
71111  39.448  -3.667  65.068 0.8750000000
72025  39.023  -3.059  64.980 0.8750000000
72032  39.298  -2.501  64.429 0.8750000000
72049  40.474  -1.870  63.499 0.8750000000
73060  40.343  -1.333  63.390 0.8750000000
73989  40.828  -0.836  63.173 0.8750000000
126575  41.524  -0.318  62.333 0.8750000000
121949  40.764  -0.465  62.490 0.8750000000
74008  42.064  -0.032  61.914 0.8750000000
73156  45.928  -1.938  57.805 0.7500000000
72124  46.307  -2.343  57.043 0.6250000000
71226  45.274  -3.802  55.992 0.5000000000
71236  44.985  -3.831  55.121 0.5000000000
70368  44.248  -4.158  54.447 0.3750000000
71214  46.276  -3.031  55.839 0.5000000000
71225  45.790  -3.374  55.589 0.5000000000
59861  31.039  -15.217  67.392 0.3750000000
59862  30.303  -15.239  67.008 0.3750000000
60851  31.178  -14.669  66.847 0.3750000000
60868  29.686  -14.660  65.533 0.3750000000
69431  36.998  -5.267  64.504 0.8750000000
68565  35.984  -6.112  63.872 0.8750000000
69430  37.645  -5.131  65.126 0.8750000000
70269  37.957  -4.400  65.292 0.8750000000
123061  37.606  -3.817  65.030 0.8750000000
69476  -2.440  -5.403  60.998 0.6250000000
68626  -2.544  -6.606  60.179 0.6250000000
71113  38.187  -3.702  65.274 0.8750000000
71122  38.320  -3.033  65.097 0.8750000000
72035  36.869  -2.501  64.502 0.7500000000
70327  -2.421  -4.580  61.274 0.6250000000
70339  -2.360  -5.138  60.627 0.6250000000
69490  -2.448  -5.925  60.371 0.6250000000
68638  -2.572  -6.439  59.952 0.6250000000
72034  37.758  -2.361  64.797 0.8750000000
129609  37.343  -1.808  64.276 0.8750000000
73063  37.206  -1.473  63.582 0.8750000000
70326  -2.377  -4.296  60.782 0.6250000000
69502  -2.370  -5.662  60.030 0.6250000000
70338  -2.049  -4.777  60.188 0.6250000000
73047  38.135  -1.800  64.374 0.8750000000
73072  37.980  -1.312  63.302 0.8750000000
73999  38.252  -1.199  62.547 0.7500000000
74000  37.611  -1.316  62.004 0.7500000000
73046  38.971  -1.869  64.179 0.8750000000
73991  38.878  -1.164  63.074 0.8750000000
73998  39.164  -0.862  62.374 0.7500000000
74010  39.443  -0.699  61.564 0.7500000000
74020  40.351  -0.342  60.815 0.8750000000
120298  43.616  0.762  59.843 0.7500000000
74942  42.772  0.552  60.148 0.7500000000
74933  41.999  0.410  60.354 0.7500000000
74019  41.222  0.111  60.589 0.7500000000
121166  42.877  0.518  59.185 0.7500000000
74044  42.245  -0.039  58.438 0.7500000000
74952  43.530  1.067  58.857 0.7500000000
73155  46.530  -1.486  57.372 0.7500000000
72138  46.463  -2.651  56.280 0.6250000000
74052  42.314  -0.166  57.508 0.7500000000
71235  45.706  -3.147  54.683 0.3750000000
113842  44.820  -3.516  54.110 0.3750000000
70270  37.292  -4.434  64.755 0.8750000000
69439  36.324  -5.425  63.896 0.7500000000
69441  34.959  -5.866  63.088 0.7500000000
71124  36.988  -3.543  64.660 0.7500000000
71123  37.593  -3.099  65.007 0.7500000000
115367  30.391  -7.592  65.005 0.3750000000
134976  -2.476  -4.088  61.680 0.6250000000
73048  36.537  -1.804  63.852 0.7500000000
73074  36.395  -1.424  63.089 0.7500000000
67605  28.814  -7.348  65.669 0.2500000000
131141  28.933  -7.396  66.458 0.2500000000
113773  28.127  -7.351  66.313 0.2500000000
71188  -2.537  -3.925  61.396 0.6250000000
68648  -1.834  -6.699  59.201 0.6250000000
73089  35.974  -1.370  61.861 0.5000000000
73106  36.298  -1.644  60.834 0.2500000000
67587  29.415  -7.391  67.070 0.2500000000
71187  -2.387  -3.487  60.789 0.6250000000
69501  -1.768  -5.328  59.652 0.5000000000
73073  37.334  -1.289  62.840 0.7500000000
113710  36.713  -1.335  62.311 0.6250000000
73088  36.952  -1.435  61.450 0.5000000000
73105  37.236  -1.624  60.558 0.5000000000
136696  30.119  -7.320  66.977 0.2500000000
67571  29.056  -7.469  67.911 0.2500000000
70337  -1.253  -4.337  59.570 0.5000000000
73087  37.862  -1.324  61.156 0.5000000000
73122  36.660  -2.067  59.960 0.2500000000
72097  36.119  -2.402  59.313 0.2500000000
71206  -0.600  -3.752  59.297 0.5000000000
70347  -0.288  -4.395  59.098 0.5000000000
74021  39.553  -0.794  60.793 0.7500000000
73103  38.994  -1.273  60.146 0.7500000000
73145  37.856  -2.197  58.906 0.2500000000
72114  36.434  -2.584  58.489 0.2500000000
71209  35.438  -3.143  57.045 0.1250000000
134600  34.137  -3.267  56.695 0.1250000000
70346  0.750  -4.531  58.706 0.5000000000
74030  42.128  0.201  59.422 0.7500000000
74031  41.366  -0.129  59.633 0.7500000000
74032  40.562  -0.456  59.843 0.7500000000
74033  39.781  -0.894  60.007 0.6250000000
73120  38.397  -1.676  59.484 0.3750000000
72113  37.282  -2.479  58.313 0.2500000000
72130  35.908  -2.822  57.852 0.2500000000
71219  33.084  -3.137  56.227 0.1250000000
71231  33.414  -3.319  55.483 0.1250000000
74045  41.542  -0.418  58.676 0.7500000000
73118  40.015  -1.114  59.135 0.7500000000
73143  39.443  -1.567  58.459 0.7500000000
72112  38.103  -2.296  58.086 0.3750000000
72128  37.508  -2.502  57.490 0.2500000000
131763  34.614  -3.331  56.424 0.2500000000
113947  33.816  -3.428  54.736 0.1250000000
71242  32.953  -3.125  54.757 0.1250000000
74959  43.362  1.010  57.828 0.7500000000
74054  41.001  -1.048  58.027 0.7500000000
73142  40.236  -1.318  58.264 0.7500000000
73159  39.646  -1.657  57.610 0.7500000000
72127  38.320  -2.317  57.236 0.3750000000
72143  36.904  -2.676  56.939 0.3750000000
71217  36.249  -3.015  56.489 0.3750000000
71230  34.388  -3.458  55.525 0.1250000000
72162  32.621  -2.622  54.074 0.1250000000
74051  46.730  -0.553  57.706 0.7500000000
125704  42.831  0.497  58.209 0.7500000000
73170  40.569  -1.483  56.572 0.7500000000
73158  40.413  -1.428  57.403 0.7500000000
72126  39.117  -2.047  56.986 0.6250000000
72142  37.708  -2.535  56.645 0.3750000000
72153  37.055  -2.808  56.080 0.3750000000
71228  36.345  -3.183  55.542 0.2500000000
71229  35.590  -3.463  54.869 0.2500000000
122029  34.241  -3.462  53.983 0.1250000000
73178  46.942  -2.046  55.840 0.7500000000
71234  46.506  -2.535  54.758 0.5000000000
72140  39.374  -2.084  56.070 0.6250000000
72151  38.691  -2.350  55.669 0.3750000000
71227  37.150  -2.927  55.187 0.3750000000
126686  36.494  -3.261  54.662 0.2500000000
71239  35.126  -3.557  54.029 0.2500000000
72180  33.437  -2.723  52.562 0.1250000000
123139  45.348  -3.015  53.769 0.3750000000
71245  44.713  -3.239  53.024 0.3750000000
71238  36.032  -3.428  53.980 0.1250000000
71250  34.725  -3.437  53.199 0.1250000000
71251  33.806  -3.207  53.247 0.1250000000
71253  43.868  -3.611  52.568 0.2500000000
71247  36.723  -3.230  53.609 0.2500000000
71255  35.458  -3.412  52.787 0.1250000000
71064  18.747  -3.235  74.864 0.3750000000
71065  18.001  -3.300  74.099 0.2500000000
71957  17.912  -2.470  73.484 0.2500000000
71956  18.601  -2.437  74.266 0.2500000000
72946  18.943  -1.439  73.550 0.1250000000
70278  36.520  -4.365  64.083 0.7500000000
70279  35.793  -4.799  63.464 0.7500000000
67636  30.803  -7.507  63.300 0.3750000000
67637  29.951  -7.438  63.069 0.3750000000
71134  36.256  -3.204  64.108 0.7500000000
71135  35.562  -2.892  63.696 0.7500000000
67620  30.140  -7.507  64.054 0.3750000000
67621  28.572  -7.281  64.708 0.2500000000
67622  27.824  -6.985  64.573 0.2500000000
72050  35.977  -2.324  63.870 0.7500000000
73064  35.684  -1.797  63.393 0.5000000000
116929  35.138  -1.436  62.014 0.3750000000
73090  34.344  -1.486  61.793 0.1250000000
115065  29.476  -7.462  64.882 0.2500000000
67606  27.934  -7.199  65.450 0.2500000000
68518  27.039  -6.872  66.064 0.2500000000
67588  26.739  -6.987  66.980 0.2500000000
73075  35.518  -1.500  62.685 0.3750000000
73107  35.245  -1.558  61.103 0.1250000000
73125  33.925  -1.700  60.402 0.1250000000
137387  33.171  -2.241  59.070 0.1250000000
72101  32.471  -2.041  59.143 0.1250000000
73123  35.739  -2.068  60.158 0.1250000000
72116  34.652  -2.552  58.760 0.1250000000
72117  33.156  -2.445  58.472 0.1250000000
72118  32.401  -2.409  58.101 0.1250000000
72098  35.213  -2.335  59.453 0.1250000000
72132  33.091  -2.691  57.600 0.1250000000
72133  32.373  -2.581  57.203 0.1250000000
72131  35.024  -2.930  57.950 0.1250000000
71210  33.637  -3.077  56.976 0.1250000000
72144  32.897  -2.842  56.866 0.1250000000
72154  31.851  -2.574  55.572 0.1250000000
71220  32.594  -2.990  55.523 0.1250000000
126143  1.775  -4.362  58.347 0.3750000000
72163  32.189  -2.635  54.820 0.1250000000
73189  31.928  -2.057  54.186 0.1250000000
74053  41.678  -0.635  57.749 0.7500000000
73157  41.148  -1.165  57.142 0.7500000000
73199  31.987  -1.442  53.607 0.1250000000
73169  46.789  -1.856  56.558 0.7500000000
73168  47.240  -1.319  56.110 0.7500000000
74960  42.795  0.402  57.368 0.7500000000
74063  41.814  -0.724  56.843 0.7500000000
73171  39.852  -1.711  56.787 0.7500000000
72171  33.038  -2.671  53.324 0.1250000000
72172  32.357  -2.088  53.406 0.1250000000
74088  32.327  -0.820  52.994 0.1250000000
132445  41.258  -1.212  56.257 0.7500000000
119384  40.090  -1.733  56.091 0.7500000000
72150  39.160  -2.205  55.080 0.3750000000
128125  38.430  -2.454  55.162 0.3750000000
72161  37.844  -2.665  54.837 0.3750000000
72181  32.752  -2.167  52.636 0.1250000000
75001  32.915  -0.097  52.169 0.1250000000
72168  45.998  -2.599  53.900 0.5000000000
122325  45.515  -2.651  53.030 0.3750000000
123180  44.366  -3.189  52.048 0.5000000000
73207  32.438  -1.508  52.794 0.1250000000
74093  32.606  -0.938  52.043 0.1250000000
72175  45.047  -2.758  52.176 0.3750000000
72184  44.577  -2.801  51.491 0.3750000000
134481  44.178  -3.116  51.526 0.2500000000
72159  39.142  -2.108  54.137 0.3750000000
118114  37.882  -2.635  54.139 0.3750000000
72170  37.533  -2.797  53.370 0.3750000000
71259  44.038  -2.976  50.965 0.2500000000
126022  38.402  -2.404  53.676 0.3750000000
72178  36.793  -3.119  52.801 0.1250000000
73236  45.377  -1.512  49.837 0.3750000000
72206  44.712  -1.938  49.772 0.3750000000
74119  46.599  -0.418  49.856 0.5000000000
74120  45.908  -0.848  49.407 0.3750000000
74128  46.432  0.119  49.117 0.3750000000
136043  46.026  -0.399  48.973 0.3750000000
75034  46.372  0.734  48.221 0.3750000000
75889  46.543  1.426  47.546 0.5000000000
75054  46.261  1.239  46.752 0.3750000000
75055  45.776  0.581  46.703 0.1250000000
75063  45.316  0.595  44.156 0.1250000000
74160  44.811  0.057  43.864 0.1250000000
134928  44.492  -0.677  42.512 0.1250000000
73305  45.263  -0.553  41.327 0.1250000000
73312  45.714  -1.374  40.301 0.1250000000
73311  46.315  -1.680  39.814 0.1250000000
69372  19.916  -6.443  76.754 0.3750000000
127510  20.203  -5.591  76.942 0.5000000000
70198  19.796  -4.880  76.308 0.5000000000
71052  19.243  -4.031  75.534 0.3750000000
71053  18.430  -4.154  74.600 0.3750000000
71933  19.605  -3.035  75.712 0.2500000000
133672  19.247  -2.460  74.946 0.3750000000
72935  19.458  -1.582  74.501 0.2500000000
73910  20.255  -0.055  74.353 0.2500000000
72945  19.968  -0.504  73.936 0.2500000000
72962  18.953  -0.936  72.608 0.1250000000
73922  19.925  -0.263  73.010 0.1250000000
73921  20.168  0.136  73.548 0.1250000000
73934  20.034  0.362  72.791 0.1250000000
69462  33.342  -5.625  62.082 0.5000000000
68599  32.799  -6.217  61.941 0.5000000000
130789  31.387  -6.724  61.610 0.3750000000
67662  30.362  -7.216  61.788 0.3750000000
136021  29.189  -7.403  62.689 0.3750000000
70280  34.991  -4.340  62.985 0.6250000000
69452  33.967  -5.250  62.350 0.5000000000
67661  31.035  -7.170  61.902 0.3750000000
67651  30.569  -7.395  62.444 0.3750000000
67638  28.378  -7.156  62.954 0.3750000000
67639  27.719  -6.802  63.750 0.2500000000
119426  35.708  -3.789  63.550 0.7500000000
72052  34.323  -2.287  63.069 0.5000000000
119585  28.288  -7.183  63.928 0.3750000000
68552  27.210  -6.517  64.433 0.1250000000
68536  26.741  -6.296  65.097 0.1250000000
71136  34.780  -3.096  63.320 0.6250000000
72051  35.126  -2.263  63.467 0.7500000000
73091  33.391  -1.646  61.936 0.2500000000
73108  33.645  -1.522  61.251 0.1250000000
133893  26.003  -6.350  66.766 0.2500000000
125577  34.404  -1.550  60.943 0.1250000000
114509  33.020  -1.541  60.721 0.1250000000
68505  26.297  -6.891  67.443 0.1250000000
68506  25.733  -6.517  67.670 0.1250000000
73126  32.291  -1.535  60.221 0.2500000000
73146  31.602  -2.034  58.589 0.1250000000
72119  31.673  -2.334  57.585 0.1250000000
136346  31.772  -2.468  56.834 0.1250000000
72156  30.692  -1.962  56.203 0.1250000000
134730  31.279  -2.210  55.665 0.1250000000
72164  31.547  -2.109  54.978 0.1250000000
73191  30.845  -0.754  55.040 0.1250000000
72121  2.346  -2.913  58.274 0.3750000000
71213  2.571  -3.792  57.964 0.3750000000
73190  31.468  -1.314  54.489 0.1250000000
74080  31.406  -0.497  54.446 0.1250000000
72137  2.889  -2.988  57.875 0.3750000000
73200  31.785  -0.873  53.848 0.1250000000
74996  31.991  -0.333  53.760 0.1250000000
74987  32.462  0.346  53.872 0.1250000000
72120  2.926  -2.257  58.248 0.3750000000
74061  47.055  -0.955  56.891 0.7500000000
74967  47.213  0.123  57.212 0.7500000000
74969  43.160  0.659  56.844 0.7500000000
74062  42.517  -0.121  56.544 0.7500000000
74071  41.895  -0.760  55.933 0.7500000000
74995  32.866  -0.006  52.990 0.1250000000
72148  47.007  -2.031  55.170 0.7500000000
73179  41.281  -1.176  55.419 0.7500000000
73180  40.642  -1.503  55.747 0.5000000000
73185  47.025  -1.886  54.395 0.6250000000
117691  46.602  -2.202  53.952 0.5000000000
72167  46.303  -2.143  53.066 0.3750000000
74070  42.489  -0.263  55.506 0.5000000000
73188  39.842  -1.804  54.582 0.5000000000
72174  45.792  -2.308  52.209 0.3750000000
74079  41.834  -0.700  55.041 0.5000000000
73195  40.926  -1.171  54.155 0.5000000000
72183  45.271  -2.302  51.353 0.3750000000
116177  44.615  -2.519  50.885 0.3750000000
136961  40.807  -1.095  53.119 0.5000000000
123593  40.336  -1.488  54.185 0.5000000000
72169  38.251  -2.410  52.773 0.2500000000
72177  37.467  -2.676  52.365 0.2500000000
73221  45.715  -1.690  50.756 0.3750000000
72192  44.976  -2.052  50.465 0.3750000000
73204  40.479  -1.234  52.648 0.5000000000
73205  39.473  -1.686  52.233 0.2500000000
75033  46.913  1.011  49.180 0.5000000000
75879  46.928  1.575  48.416 0.6250000000
119708  46.968  2.037  47.751 0.5000000000
136912  46.004  1.017  46.129 0.1250000000
75896  46.365  1.656  45.941 0.2500000000
75057  45.905  1.100  45.430 0.2500000000
75062  45.796  1.126  44.565 0.1250000000
75066  45.300  0.483  43.104 0.1250000000
136199  45.596  0.144  41.578 0.1250000000
74173  45.558  -0.804  40.654 0.1250000000
70182  19.986  -5.113  77.715 0.3750000000
70189  20.140  -5.216  77.427 0.3750000000
71027  20.073  -4.387  77.679 0.3750000000
113998  19.881  -3.481  78.122 0.3750000000
71044  20.105  -3.957  76.671 0.2500000000
132582  20.277  -3.462  77.511 0.2500000000
71932  20.205  -2.671  76.652 0.2500000000
72919  20.440  -1.452  76.576 0.2500000000
73895  20.151  0.030  77.090 0.2500000000
71941  20.015  -1.822  75.532 0.2500000000
73894  20.414  -0.391  76.396 0.2500000000
73902  20.346  -0.061  75.302 0.2500000000
74770  19.922  0.266  75.415 0.2500000000
73903  20.216  0.136  76.164 0.2500000000
74782  20.121  0.163  74.347 0.2500000000
72963  17.881  -1.596  72.205 0.1250000000
74799  19.939  0.415  73.449 0.1250000000
74783  19.514  0.420  74.470 0.2500000000
73935  19.769  0.033  72.284 0.1250000000
118372  19.766  0.621  72.798 0.1250000000
68618  29.522  -6.073  60.511 0.2500000000
118208  29.197  -6.610  61.040 0.2500000000
68605  27.811  -6.018  61.735 0.1250000000
68588  27.566  -6.201  62.431 0.1250000000
69454  26.792  -4.961  62.512 0.1250000000
130398  33.038  -4.929  61.752 0.3750000000
70302  32.434  -4.681  61.421 0.3750000000
69464  31.819  -5.484  61.178 0.3750000000
68617  30.191  -6.133  60.630 0.3750000000
67663  29.761  -6.991  61.451 0.3750000000
69443  26.814  -5.350  63.038 0.1250000000
70271  26.500  -4.616  64.024 0.1250000000
132308  34.364  -3.771  62.768 0.5000000000
70300  33.566  -4.709  62.117 0.5000000000
69463  32.617  -5.578  61.627 0.5000000000
68601  31.390  -6.209  61.244 0.3750000000
68602  30.634  -6.619  61.235 0.3750000000
67653  28.924  -7.153  61.870 0.3750000000
116156  27.144  -6.283  63.691 0.1250000000
69432  26.388  -5.325  64.211 0.1250000000
70262  25.831  -4.630  65.663 0.1250000000
137537  25.935  -5.237  65.427 0.1250000000
69415  25.719  -5.402  66.152 0.1250000000
71151  33.276  -3.036  62.353 0.3750000000
71150  33.962  -2.985  62.858 0.5000000000
69414  26.205  -5.990  65.729 0.1250000000
72065  33.578  -2.308  62.600 0.5000000000
73092  32.578  -1.805  61.778 0.2500000000
73109  32.251  -1.545  61.100 0.2500000000
69402  25.218  -6.031  67.860 0.1250000000
132703  30.880  -1.651  58.931 0.1250000000
73147  30.093  -1.663  58.459 0.1250000000
73161  30.871  -1.963  57.952 0.1250000000
73162  30.165  -1.730  57.213 0.1250000000
72134  31.053  -2.250  56.963 0.1250000000
73172  30.087  -1.402  56.428 0.1250000000
72155  31.001  -1.592  55.335 0.1250000000
126882  46.668  1.088  57.653 0.7500000000
74988  31.545  0.130  54.449 0.1250000000
74060  47.472  -0.439  56.308 0.7500000000
73177  47.337  -1.421  55.461 0.7500000000
74977  43.046  0.320  55.952 0.5000000000
74986  33.533  0.735  53.259 0.1250000000
75840  34.290  1.283  52.978 0.1250000000
73184  47.442  -1.346  54.772 0.7500000000
73194  46.963  -1.714  53.518 0.6250000000
74993  43.091  0.421  54.140 0.5000000000
74078  42.441  -0.233  54.585 0.5000000000
73203  46.830  -1.570  52.648 0.5000000000
73211  46.057  -1.858  51.563 0.5000000000
74085  42.384  -0.151  53.677 0.5000000000
74086  41.661  -0.676  54.131 0.5000000000
73220  46.408  -1.301  51.077 0.3750000000
128533  42.371  -0.085  52.766 0.5000000000
122565  41.734  -0.551  53.203 0.5000000000
73235  46.178  -1.124  50.243 0.5000000000
75024  47.112  0.351  49.810 0.5000000000
75888  46.700  2.083  46.869 0.5000000000
75898  46.277  1.620  45.001 0.1250000000
75065  45.787  1.137  43.616 0.1250000000
75070  45.950  1.133  42.702 0.1250000000
75071  45.697  0.605  42.146 0.1250000000
71028  19.580  -4.268  77.964 0.5000000000
72911  19.735  -1.306  78.412 0.2500000000
72910  20.368  -1.017  77.513 0.2500000000
73885  19.752  -0.261  78.040 0.2500000000
74760  19.491  0.409  76.604 0.2500000000
74771  18.761  0.398  75.646 0.2500000000
74784  18.013  0.246  74.682 0.2500000000
70281  26.684  -4.547  63.179 0.1250000000
74800  19.240  0.650  73.515 0.1250000000
69466  27.472  -5.343  61.361 0.1250000000
74817  19.773  0.611  72.246 0.1250000000
69481  30.008  -5.382  60.244 0.1250000000
126810  26.782  -3.770  63.756 0.1250000000
69480  30.929  -5.714  60.739 0.3750000000
119630  26.484  -4.087  64.518 0.1250000000
70301  33.042  -3.978  61.828 0.5000000000
70261  26.128  -4.747  64.838 0.1250000000
71115  25.839  -4.069  66.008 0.1250000000
71165  32.645  -2.944  61.990 0.3750000000
70253  25.583  -4.623  66.442 0.1250000000
71166  32.111  -3.485  61.512 0.3750000000
129491  31.636  -2.614  61.377 0.2500000000
70247  25.356  -4.562  67.334 0.1250000000
72074  32.178  -2.333  61.791 0.2500000000
72075  31.694  -1.870  61.287 0.2500000000
117704  29.486  -1.502  59.006 0.1250000000
73148  28.698  -1.210  58.742 0.1250000000
114679  31.598  -1.604  60.548 0.2500000000
130770  30.996  -1.606  60.154 0.2500000000
73128  30.455  -1.643  59.513 0.2500000000
73163  29.226  -1.320  57.886 0.1250000000
125638  47.204  1.153  56.986 0.7500000000
134008  47.599  -0.825  55.711 0.7500000000
74966  47.600  0.499  56.383 0.7500000000
75814  43.912  1.455  56.104 0.6250000000
74976  43.517  0.767  55.557 0.5000000000
74985  43.046  0.240  55.070 0.5000000000
74984  43.520  0.719  54.827 0.5000000000
73210  46.666  -1.451  51.844 0.5000000000
75831  43.869  1.098  54.226 0.5000000000
74097  47.018  -0.895  51.433 0.5000000000
75000  42.946  0.390  53.209 0.5000000000
74106  46.803  -0.711  50.687 0.5000000000
74105  47.312  -0.013  50.512 0.5000000000
75874  47.524  1.773  49.269 0.6250000000
76680  47.572  2.366  48.495 0.6250000000
76691  47.360  2.632  47.472 0.5000000000
76700  46.795  2.337  46.062 0.5000000000
76704  46.706  2.225  45.299 0.1250000000
75903  46.278  1.614  44.122 0.1250000000
75906  46.409  1.619  43.200 0.1250000000
119288  46.199  1.104  41.988 0.1250000000
74761  18.194  0.532  76.759 0.2500000000
132002  17.610  0.271  75.820 0.2500000000
116568  19.071  0.919  72.525 0.1250000000
114701  17.706  0.379  73.522 0.1250000000
74785  16.760  -0.053  74.310 0.2500000000
69482  29.165  -5.434  60.122 0.1250000000
68619  28.828  -6.004  60.579 0.1250000000
70289  26.751  -4.252  62.270 0.1250000000
116577  16.096  0.085  73.414 0.1250000000
134985  31.370  -5.130  60.787 0.3750000000
70316  30.884  -4.609  60.511 0.1250000000
71114  26.224  -3.897  65.290 0.1250000000
69495  28.815  -4.692  59.833 0.1250000000
69483  28.498  -5.238  60.286 0.1250000000
70315  31.716  -4.512  60.987 0.3750000000
70332  29.182  -4.074  59.718 0.1250000000
71177  31.363  -3.532  60.920 0.2500000000
71178  30.600  -3.394  60.447 0.2500000000
71179  29.810  -3.178  60.027 0.2500000000
72087  31.124  -2.531  60.844 0.2500000000
72089  29.746  -2.200  59.925 0.1250000000
73130  28.186  -1.279  59.185 0.1250000000
73110  31.073  -1.817  60.554 0.2500000000
73111  30.428  -1.758  60.076 0.1250000000
134418  47.559  1.297  56.401 0.7500000000
74975  48.058  -0.027  55.593 0.7500000000
75811  47.110  1.938  56.641 0.7500000000
76603  46.453  2.634  56.811 0.6250000000
74069  47.856  -0.750  55.122 0.7500000000
73193  47.486  -1.228  53.943 0.7500000000
74084  48.021  -0.595  53.483 0.6250000000
73202  47.408  -1.111  53.076 0.5000000000
73209  47.264  -1.013  52.222 0.5000000000
119815  47.287  -0.397  51.097 0.5000000000
137992  47.519  0.551  50.308 0.5000000000
122271  47.685  1.183  50.048 0.6250000000
76699  47.284  2.741  46.538 0.2500000000
76712  46.635  2.072  44.553 0.1250000000
113945  17.498  -0.230  79.203 0.3750000000
74752  17.604  1.267  78.220 0.2500000000
74742  18.040  0.578  78.599 0.2500000000
121647  17.655  1.003  77.485 0.2500000000
71125  26.853  -3.331  64.601 0.1250000000
74772  16.730  0.168  75.327 0.2500000000
114030  26.935  -2.990  63.878 0.1250000000
70304  26.847  -4.297  61.466 0.1250000000
70318  28.120  -4.485  60.019 0.1250000000
70319  27.455  -4.256  60.345 0.1250000000
126541  26.219  -3.444  66.107 0.1250000000
124993  28.390  -2.765  59.569 0.1250000000
71108  25.708  -3.897  66.702 0.1250000000
71193  29.048  -3.033  59.656 0.1250000000
72103  28.111  -1.929  59.519 0.1250000000
126343  48.033  1.027  55.844 0.7500000000
74077  48.008  -0.660  54.331 0.7500000000
75821  47.677  1.915  56.057 0.7500000000
74076  48.583  0.018  53.837 0.7500000000
74083  48.503  0.069  53.029 0.7500000000
74091  47.874  -0.508  52.652 0.5000000000
74096  47.632  -0.328  51.794 0.5000000000
74090  48.193  0.101  52.336 0.6250000000
74095  48.117  0.496  51.724 0.6250000000
116323  47.646  0.097  51.197 0.5000000000
75003  48.524  1.406  51.675 0.6250000000
75011  47.955  0.773  50.894 0.5000000000
75873  48.263  2.061  50.028 0.6250000000
75862  48.537  1.835  50.885 0.6250000000
76670  48.081  2.384  49.382 0.6250000000
76669  48.633  2.747  49.938 0.6250000000
76703  47.318  2.726  45.607 0.2500000000
76711  47.314  2.582  44.546 0.1250000000
75910  47.093  1.934  41.945 0.1250000000
75905  47.036  2.067  42.820 0.1250000000
75911  46.565  1.546  42.347 0.1250000000
74743  17.136  0.841  79.099 0.2500000000
123208  26.734  -3.821  62.956 0.1250000000
72036  27.328  -2.368  65.225 0.1250000000
72026  26.889  -3.014  65.438 0.1250000000
71167  26.642  -3.538  61.525 0.1250000000
70320  26.879  -3.933  60.795 0.1250000000
71181  26.641  -3.126  60.673 0.1250000000
71194  27.718  -3.836  59.842 0.1250000000
116152  27.561  -3.001  59.675 0.1250000000
71107  26.128  -3.177  67.004 0.1250000000
72104  27.100  -2.046  59.675 0.1250000000
71102  25.599  -3.757  67.633 0.1250000000
74068  48.454  -0.034  54.692 0.7500000000
130790  48.626  0.944  52.464 0.7500000000
75851  48.992  2.234  51.725 0.7500000000
114729  48.865  1.836  52.233 0.7500000000
134822  48.791  2.514  50.581 0.7500000000
76679  48.353  2.934  49.061 0.6250000000
75902  46.855  2.136  43.745 0.1250000000
76721  47.630  2.628  43.404 0.1250000000
76734  47.589  2.510  42.412 0.1250000000
134699  27.201  -2.537  65.746 0.1250000000
71153  26.644  -3.502  62.386 0.1250000000
75850  49.191  2.387  52.337 0.7500000000
76720  48.158  3.080  44.129 0.1250000000
134426  48.288  3.121  43.421 0.2500000000
76733  48.075  2.954  42.851 0.1250000000
76747  48.217  3.032  42.074 0.1250000000
75613  13.800  1.766  80.304 0.1250000000
75614  12.670  1.875  80.127 0.1250000000
72020  26.875  -2.665  66.360 0.1250000000
75622  11.868  2.189  79.617 0.3750000000
69511  -1.377  -5.965  59.149 0.6250000000
121669  12.601  -26.036  76.537 0.6250000000
54234  9.922  -21.617  67.193 0.8750000000
55198  9.509  -20.365  66.574 0.8750000000
118436  24.873  -16.935  75.659 0.7500000000
49243  12.152  -25.980  76.662 0.7500000000
57003  4.678  -18.740  79.675 0.8750000000
131330  1.274  -17.562  80.520 0.8750000000
57904  2.060  -17.517  80.452 0.8750000000
58793  0.111  -17.187  80.828 0.8750000000
57942  6.937  -17.935  76.633 0.8750000000
59746  -2.522  -16.175  80.541 0.7500000000
62722  -4.282  -12.607  71.632 0.7500000000
53277  12.032  -22.411  73.844 0.8750000000
60654  -2.973  -15.161  79.595 0.7500000000
60663  -3.179  -14.742  78.863 0.7500000000
60671  -3.436  -14.282  78.095 0.7500000000
60683  -4.038  -14.388  76.922 0.7500000000
127876  -4.646  -16.433  74.817 0.7500000000
60788  -3.008  -13.965  70.182 0.5000000000
58832  28.778  -16.794  74.698 0.8750000000
132303  31.795  -16.923  70.598 0.6250000000
60836  31.719  -14.961  67.360 0.3750000000
74957  46.654  0.274  57.881 0.7500000000
74931  43.252  0.411  60.691 0.7500000000
68613  -2.288  -6.243  60.680 0.6250000000
73059  41.177  -1.257  63.280 0.8750000000
73070  42.057  -0.600  62.585 0.8750000000
73997  41.465  -0.729  62.966 0.8750000000
134556  18.683  -6.077  74.974 0.5000000000
117785  41.164  -0.021  61.582 0.8750000000
67432  19.615  -7.263  76.565 0.3750000000
68586  31.777  -7.081  62.063 0.3750000000
67650  31.353  -7.385  62.616 0.3750000000
72031  39.880  -2.711  63.927 0.8750000000
71915  20.228  -2.742  78.019 0.2500000000
74750  19.356  0.371  77.582 0.2500000000
74751  18.472  0.817  77.844 0.2500000000
69440  35.645  -5.636  63.488 0.7500000000
57906  -0.550  -17.523  80.751 0.8750000000
59755  -3.074  -16.169  80.057 0.7500000000
71199  45.217  -3.056  57.895 0.5000000000
70210  18.915  -4.996  75.244 0.5000000000
69361  20.073  -5.998  77.305 0.3750000000
53292  -0.389  -22.368  72.455 0.7500000000
53248  -5.568  -22.016  76.891 0.7500000000
51293  -6.174  -24.376  75.826 0.5000000000
123703  -5.301  -22.712  76.881 0.6250000000
118310  -6.265  -23.261  74.194 0.5000000000
54149  -3.848  -21.539  75.612 0.7500000000
136300  -6.218  -22.826  73.769 0.5000000000
53283  -6.149  -22.405  73.504 0.5000000000
54163  -2.380  -21.234  73.636 0.7500000000
131941  -5.886  -21.704  72.997 0.6250000000
119771  -5.270  -21.928  71.640 0.5000000000
53320  -4.148  -22.593  70.733 0.3750000000
133029  -4.730  -21.770  71.198 0.3750000000
54209  -3.408  -21.702  69.904 0.2500000000
54140  -6.086  -21.403  77.251 0.7500000000
55073  -6.859  -20.679  76.042 0.7500000000
51327  0.433  -24.270  73.600 0.8750000000
55081  -2.937  -20.783  74.247 0.7500000000
134741  -6.348  -20.898  74.476 0.7500000000
55095  -5.968  -20.911  73.641 0.7500000000
55103  -5.628  -20.774  72.667 0.5000000000
121804  -5.570  -21.408  72.086 0.5000000000
55127  -4.893  -20.544  71.189 0.5000000000
55126  -4.428  -20.433  70.520 0.3750000000
55111  -5.370  -20.629  71.827 0.5000000000
55163  -2.894  -20.293  68.607 0.2500000000
114894  2.974  -25.326  75.188 0.8750000000
51289  2.244  -25.487  75.772 0.8750000000
51308  1.126  -24.729  74.014 0.8750000000
122288  1.963  -24.732  73.687 0.8750000000
52326  1.352  -24.093  72.678 0.8750000000
57056  -6.790  -19.592  77.490 0.7500000000
56068  -6.753  -19.921  75.933 0.7500000000
55084  -6.549  -20.439  75.184 0.7500000000
56094  -0.784  -19.479  73.306 0.7500000000
56127  -5.126  -19.993  71.574 0.5000000000
127458  -5.454  -19.508  73.842 0.6250000000
135001  -4.690  -17.762  71.362 0.6250000000
57120  -5.074  -19.386  71.663 0.5000000000
135985  -4.363  -18.882  69.855 0.5000000000
120435  -3.689  -18.828  67.618 0.2500000000
51288  3.680  -25.330  75.734 0.8750000000
56056  -4.841  -20.097  77.909 0.7500000000
56079  -5.685  -19.198  74.662 0.7500000000
57084  -0.701  -18.504  74.535 0.7500000000
115012  -4.476  -18.165  69.972 0.5000000000
48075  6.924  -26.999  77.677 0.5000000000
57076  22.552  -18.626  75.235 0.7500000000
56039  -5.803  -19.453  78.408 0.7500000000
57057  23.616  -17.821  75.445 0.7500000000
57067  -1.636  -18.701  75.780 0.8750000000
57988  -4.741  -17.639  73.003 0.6250000000
118787  -4.588  -17.045  72.522 0.6250000000
58875  -4.510  -16.342  70.348 0.6250000000
58869  -4.566  -16.255  71.176 0.6250000000
120553  -4.430  -16.894  68.771 0.3750000000
49252  11.767  -26.508  76.436 0.7500000000
46947  8.162  -27.233  77.386 0.5000000000
57028  -5.537  -18.840  78.557 0.7500000000
57011  -3.965  -18.061  79.586 0.7500000000
57928  -5.236  -18.072  78.648 0.7500000000
130751  -2.098  -18.561  77.507 0.8750000000
56083  25.137  -19.196  73.438 0.7500000000
58841  -5.094  -17.154  76.245 0.7500000000
57083  0.066  -18.191  74.370 0.8750000000
129844  -4.341  -16.042  73.442 0.6250000000
50264  11.846  -25.840  76.682 0.7500000000
46969  11.627  -27.181  75.708 0.5000000000
48102  10.947  -27.395  75.991 0.3750000000
46984  11.678  -27.800  74.505 0.3750000000
114375  10.270  -28.217  73.442 0.2500000000
114369  9.767  -28.103  72.705 0.2500000000
47024  9.191  -27.993  71.754 0.2500000000
57909  -2.972  -17.463  80.334 0.7500000000
57026  -3.423  -18.233  79.577 0.7500000000
57918  -3.575  -17.509  79.802 0.7500000000
58808  -4.348  -16.930  79.017 0.7500000000
133565  25.560  -19.486  72.919 0.7500000000
57022  0.379  -17.990  77.914 0.8750000000
59813  -4.249  -15.436  72.569 0.6250000000
59825  -4.545  -14.683  70.200 0.6250000000
50265  10.756  -26.306  76.656 0.7500000000
46955  10.262  -27.506  76.182 0.3750000000
49246  9.075  -26.910  77.153 0.6250000000
46956  9.429  -27.477  76.381 0.5000000000
58800  -3.482  -16.475  79.678 0.7500000000
58807  -3.873  -16.248  79.010 0.7500000000
131602  0.221  -18.132  78.960 0.8750000000
136053  -4.083  -15.826  78.439 0.7500000000
59767  -4.201  -15.519  77.913 0.7500000000
121185  -4.095  -14.746  74.122 0.7500000000
134541  -4.509  -13.694  71.569 0.7500000000
59808  -4.059  -15.264  73.483 0.7500000000
123411  -4.548  -13.713  71.026 0.7500000000
61737  -4.155  -13.889  69.946 0.7500000000
57915  -0.305  -17.803  80.540 0.8750000000
56114  27.215  -19.324  71.306 0.6250000000
56131  26.245  -19.975  70.290 0.5000000000
60672  -3.877  -14.739  77.622 0.7500000000
56130  27.278  -19.648  70.365 0.5000000000
123929  0.520  -17.997  80.368 0.8750000000
123930  1.485  -17.993  80.242 0.8750000000
57037  1.923  -18.272  78.259 0.8750000000
126026  27.272  -18.293  73.853 0.7500000000
56113  27.906  -19.200  70.878 0.6250000000
57049  4.313  -18.323  76.775 0.8750000000
116911  3.873  -18.081  75.250 0.8750000000
57018  4.419  -18.767  78.793 0.8750000000
57035  4.785  -18.598  77.686 0.8750000000
56199  28.704  -19.355  66.234 0.1250000000
52356  10.127  -23.155  70.190 0.8750000000
53329  10.548  -22.512  69.305 0.8750000000
57070  28.557  -17.567  74.238 0.7500000000
57100  28.743  -18.293  72.720 0.7500000000
57957  28.592  -17.217  74.530 0.7500000000
57131  29.876  -18.302  69.651 0.6250000000
57977  5.932  -18.023  73.684 0.8750000000
57944  28.878  -16.833  74.637 0.7500000000
57972  29.140  -17.384  74.255 0.7500000000
132405  30.072  -17.607  73.303 0.7500000000
54236  8.530  -21.310  67.078 0.8750000000
58015  30.251  -17.396  68.670 0.5000000000
58883  30.443  -16.709  68.279 0.5000000000
58907  29.777  -16.215  67.318 0.3750000000
58882  31.107  -16.253  68.395 0.5000000000
59848  31.337  -15.653  67.880 0.5000000000
73045  39.725  -1.950  63.829 0.8750000000
73061  39.418  -1.420  63.550 0.8750000000
73990  39.937  -0.817  63.012 0.8750000000
74009  40.256  -0.362  61.639 0.8750000000
124699  39.911  -0.548  62.230 0.8750000000
119417  -2.238  -6.177  59.607 0.6250000000
123718  37.805  -1.504  63.912 0.8750000000
73062  38.521  -1.484  63.743 0.8750000000
74011  38.522  -1.105  61.757 0.7500000000
74022  38.760  -1.113  60.958 0.6250000000
69451  34.604  -5.222  62.688 0.6250000000
137072  36.128  -1.371  62.505 0.6250000000
115938  28.533  -7.414  67.122 0.2500000000
72096  37.006  -2.378  59.134 0.2500000000
73121  37.543  -1.885  59.708 0.3750000000
72115  35.568  -2.615  58.630 0.1250000000
73104  38.122  -1.453  60.313 0.5000000000
72129  36.711  -2.659  57.713 0.2500000000
131472  34.492  -3.157  57.220 0.1250000000
71218  33.858  -3.318  56.208 0.1250000000
74046  40.757  -0.705  58.914 0.7500000000
73119  39.225  -1.435  59.312 0.7500000000
73144  38.651  -1.860  58.663 0.7500000000
134929  36.246  -2.852  57.221 0.2500000000
73160  38.887  -1.972  57.829 0.6250000000
121086  35.392  -3.345  55.888 0.2500000000
71240  34.686  -3.545  54.724 0.1250000000
72141  38.532  -2.345  56.367 0.3750000000
71241  33.408  -3.140  54.021 0.1250000000
72152  37.919  -2.578  55.702 0.3750000000
136636  36.611  -3.272  54.122 0.3750000000
71256  34.188  -3.194  52.497 0.1250000000
115240  29.125  -7.428  63.746 0.3750000000
73065  34.832  -1.830  63.026 0.5000000000
73076  34.009  -1.800  62.528 0.5000000000
73124  34.818  -1.927  60.271 0.1250000000
72099  34.291  -2.169  59.592 0.1250000000
72100  33.288  -1.862  59.739 0.1250000000
129676  33.754  -2.386  58.933 0.1250000000
116762  33.976  -2.783  57.998 0.1250000000
113810  32.284  -2.735  56.337 0.1250000000
124480  45.596  0.602  45.854 0.1250000000
128350  44.656  -0.226  43.093 0.1250000000
74165  45.113  -0.171  42.246 0.1250000000
70197  20.284  -4.860  77.066 0.3750000000
72934  20.173  -0.709  74.867 0.2500000000
70288  34.216  -4.536  62.504 0.5000000000
68569  27.642  -6.562  62.994 0.1250000000
68553  26.655  -6.013  64.313 0.1250000000
71152  32.851  -2.243  62.199 0.3750000000
137457  25.537  -6.142  67.299 0.1250000000
73186  41.281  -1.072  54.719 0.6250000000
73187  40.628  -1.463  54.880 0.5000000000
73198  39.102  -1.987  53.130 0.5000000000
126268  39.878  -1.553  52.966 0.5000000000
128097  20.260  -4.439  77.335 0.2500000000
71924  20.444  -2.229  77.498 0.2500000000
72927  20.394  -0.803  75.712 0.2500000000
68587  28.126  -6.633  62.198 0.2500000000
69442  27.143  -5.999  63.011 0.1250000000
68570  26.731  -5.719  63.648 0.1250000000
69424  26.288  -5.598  64.924 0.1250000000
69408  25.417  -5.508  67.080 0.1250000000
73127  31.432  -1.572  59.684 0.2500000000
125470  29.717  -1.783  59.541 0.1250000000
70317  29.962  -4.305  60.045 0.2500000000
70333  28.366  -3.772  59.664 0.1250000000
72088  30.454  -2.304  60.360 0.2500000000
72102  29.003  -2.105  59.582 0.1250000000
71180  27.141  -3.500  60.101 0.1250000000
73132  26.624  -1.824  60.015 0.1250000000
48068  -2.279  -27.386  80.178 0.3750000000
132741  -3.466  -27.935  79.716 0.3750000000
46938  -3.755  -27.626  79.366 0.3750000000
48074  -4.300  -27.237  78.873 0.3750000000
136768  -5.237  -27.717  77.531 0.3750000000
46954  -5.372  -28.143  76.972 0.3750000000
46962  -5.369  -28.519  76.539 0.2500000000
46978  -5.403  -28.313  76.062 0.2500000000
46930  -2.184  -27.653  80.300 0.3750000000
46939  -4.460  -27.917  78.543 0.3750000000
46945  -5.059  -28.196  77.853 0.3750000000
46946  -5.278  -28.258  77.308 0.2500000000
48092  -5.468  -27.462  76.779 0.3750000000
123123  -5.547  -26.722  77.074 0.3750000000
135444  -5.443  -27.867  76.483 0.2500000000
135803  -2.791  -27.323  80.023 0.3750000000
137162  -3.782  -26.382  79.099 0.3750000000
48078  -4.954  -27.489  78.071 0.3750000000
48086  -5.372  -27.551  77.175 0.3750000000
49225  -2.594  -27.140  79.980 0.3750000000
49235  -3.193  -26.677  79.513 0.3750000000
46990  -5.311  -28.320  75.396 0.2500000000
49224  -1.890  -27.079  80.071 0.3750000000
49234  -2.149  -26.822  79.788 0.5000000000
50246  -2.570  -26.289  79.219 0.5000000000
49253  -5.727  -26.404  76.659 0.3750000000
50247  -3.505  -26.111  79.012 0.3750000000
49236  -4.128  -26.618  78.962 0.3750000000
49240  -4.938  -26.057  78.297 0.3750000000
137589  -5.889  -26.104  76.354 0.3750000000
48103  -5.557  -27.124  76.370 0.3750000000
50257  -3.004  -25.752  78.494 0.6250000000
50258  -3.985  -25.541  78.428 0.3750000000
49265  -5.782  -26.436  76.034 0.3750000000
50245  -1.592  -26.495  79.491 0.6250000000
118253  -1.987  -25.922  78.723 0.6250000000
49287  -4.998  -26.713  74.618 0.2500000000
130185  -5.333  -27.235  75.423 0.2500000000
50256  -1.479  -25.589  78.217 0.6250000000
50278  -2.460  -25.423  77.867 0.6250000000
49286  -4.564  -26.572  73.477 0.2500000000
48118  -4.729  -27.403  73.789 0.2500000000
50280  -5.987  -25.264  76.637 0.3750000000
50292  -6.117  -25.111  76.215 0.3750000000
50305  -6.232  -25.005  75.982 0.3750000000
50279  -5.804  -25.532  77.121 0.3750000000
49254  -6.073  -25.519  76.188 0.3750000000
50260  -5.415  -25.476  77.652 0.3750000000
49248  -5.823  -25.971  76.986 0.3750000000
49249  -5.983  -25.602  76.455 0.3750000000
49266  -6.048  -25.568  75.887 0.3750000000
50259  -4.789  -25.473  78.159 0.3750000000
50314  -5.670  -25.574  75.051 0.3750000000
49232  -0.117  -26.864  79.887 0.5000000000
50244  -0.291  -26.345  79.272 0.6250000000
50276  -1.012  -25.470  77.791 0.6250000000
51256  -3.088  -24.884  77.051 0.6250000000
51243  -3.539  -25.221  77.747 0.5000000000
50324  -4.948  -25.768  74.015 0.2500000000
50273  2.621  -25.585  78.179 0.6250000000
50255  -0.609  -25.807  78.539 0.6250000000
116850  -2.489  -24.790  76.652 0.6250000000
50347  -3.909  -25.547  72.115 0.2500000000
127519  -4.464  -25.693  73.000 0.2500000000
51353  -3.941  -24.635  71.749 0.2500000000
125067  -6.000  -24.709  76.382 0.3750000000
121882  -6.169  -24.824  76.025 0.3750000000
51259  -5.781  -24.899  77.089 0.3750000000
137254  -6.238  -24.836  75.952 0.3750000000
51258  -5.333  -24.295  77.203 0.5000000000
50325  -5.940  -24.669  74.845 0.3750000000
137881  -4.872  -24.474  77.488 0.5000000000
51329  -5.771  -24.283  73.722 0.2500000000
134574  -3.717  -24.345  76.822 0.6250000000
51344  -5.247  -24.286  72.854 0.2500000000
51255  2.189  -25.521  77.518 0.6250000000
132215  1.836  -25.556  78.016 0.6250000000
50274  0.971  -25.665  78.218 0.6250000000
115846  -0.568  -25.502  77.429 0.6250000000
50291  -1.219  -25.362  77.026 0.6250000000
51272  -1.849  -25.026  76.545 0.6250000000
52270  -3.253  -24.229  76.340 0.6250000000
132756  -4.787  -23.905  72.056 0.2500000000
51343  -4.479  -24.827  72.551 0.2500000000
50289  1.232  -25.573  77.354 0.6250000000
50290  0.226  -25.570  77.369 0.6250000000
115016  -1.227  -25.242  76.329 0.6250000000
130472  -1.581  -24.804  75.785 0.6250000000
51292  -2.361  -24.498  76.015 0.6250000000
51290  1.250  -25.427  75.432 0.6250000000
50304  0.481  -25.525  76.257 0.6250000000
51291  -0.667  -25.138  75.627 0.6250000000
51311  -1.239  -24.497  75.109 0.6250000000
124453  -5.842  -23.987  76.327 0.3750000000
51312  -6.163  -24.464  75.459 0.3750000000
118602  -6.259  -23.756  75.182 0.3750000000
114941  -6.144  -24.017  74.496 0.3750000000
122505  -5.670  -24.161  76.729 0.5000000000
52311  -6.002  -23.618  73.677 0.3750000000
52263  -4.864  -23.913  77.161 0.5000000000
52310  -5.604  -23.597  72.818 0.2500000000
52272  -4.993  -22.980  77.001 0.5000000000
52271  -4.245  -23.762  76.710 0.6250000000
52329  -5.195  -23.218  71.957 0.2500000000
52348  -4.610  -23.352  71.501 0.2500000000
51269  2.606  -25.521  76.857 0.6250000000
52294  -2.354  -23.387  74.741 0.6250000000
52279  -1.977  -24.165  75.241 0.6250000000
124229  0.290  -25.176  75.052 0.6250000000
52281  -3.721  -23.332  75.916 0.6250000000
131692  -5.650  -22.998  72.507 0.2500000000
52280  -2.846  -23.783  75.527 0.6250000000
53305  -4.675  -22.884  71.376 0.2500000000
53306  -5.373  -22.591  71.891 0.2500000000
53261  -3.172  -22.913  75.168 0.6250000000
137382  0.975  -25.093  74.635 0.6250000000
51310  -0.512  -24.504  74.591 0.6250000000
52293  -1.400  -23.810  74.433 0.6250000000
51328  -0.165  -24.222  73.931 0.6250000000
53319  -3.559  -22.410  70.254 0.2500000000
51309  0.350  -24.658  74.284 0.6250000000
53270  -2.666  -22.520  74.419 0.6250000000
52292  -0.695  -23.879  73.980 0.6250000000
52308  -0.278  -23.639  73.364 0.6250000000
59858  -4.188  -15.612  67.275 0.2500000000
133697  -4.434  -16.001  67.479 0.2500000000
59888  -4.169  -16.008  65.820 0.2500000000
58957  -3.513  -16.781  64.404 0.2500000000
58937  -3.362  -16.282  65.110 0.2500000000
122253  -4.331  -15.558  68.002 0.2500000000
58915  -2.421  -16.105  66.259 0.2500000000
59871  -3.173  -15.657  66.321 0.2500000000
58936  -2.365  -16.423  65.366 0.2500000000
56052  19.546  -19.359  76.961 0.5000000000
56061  19.751  -19.470  76.304 0.5000000000
132852  -4.116  -15.205  67.961 0.2500000000
59857  -3.823  -15.253  67.546 0.2500000000
59870  -2.632  -15.684  66.945 0.2500000000
58956  -1.779  -16.797  64.623 0.1250000000
58935  -1.349  -16.857  65.412 0.1250000000
127626  -1.445  -16.603  66.130 0.1250000000
58955  -0.771  -17.157  64.926 0.1250000000
56041  19.801  -18.773  77.248 0.5000000000
56050  20.697  -18.826  76.426 0.5000000000
56072  21.409  -19.401  75.141 0.3750000000
118290  -3.444  -14.675  68.691 0.3750000000
59845  -2.652  -15.060  68.379 0.3750000000
59855  -2.049  -15.661  67.760 0.3750000000
58954  0.207  -17.323  65.120 0.1250000000
58934  -0.418  -17.053  65.901 0.1250000000
58900  -0.336  -16.396  67.390 0.1250000000
58901  -1.494  -16.195  67.032 0.2500000000
58953  1.117  -17.268  65.106 0.1250000000
56059  21.060  -19.133  75.885 0.5000000000
56087  21.769  -19.570  74.305 0.3750000000
133741  -2.797  -14.644  69.009 0.3750000000
59833  -1.949  -15.110  69.239 0.3750000000
59854  -0.949  -16.030  67.977 0.3750000000
59844  -1.489  -15.552  68.607 0.3750000000
57059  21.423  -18.558  76.220 0.5000000000
56058  21.807  -18.931  75.619 0.5000000000
60810  -1.379  -14.789  69.919 0.3750000000
56086  22.583  -19.396  74.047 0.3750000000
56101  23.701  -19.355  72.975 0.5000000000
56084  24.235  -19.139  73.330 0.5000000000
133372  4.033  -13.525  66.528 0.6250000000
63745  3.553  -11.365  65.481 0.6250000000
73212  40.119  -1.325  51.930 0.2500000000
74092  41.695  -0.471  52.298 0.3750000000
74100  40.884  -0.835  51.867 0.2500000000
74121  40.098  -0.142  49.683 0.2500000000
120326  40.891  -0.519  51.090 0.3750000000
74101  40.174  -0.944  51.086 0.2500000000
74107  41.205  -0.136  50.708 0.3750000000
74108  40.546  -0.385  50.429 0.2500000000
74109  39.717  -0.718  50.221 0.2500000000
75013  41.892  0.316  50.721 0.3750000000
75014  41.047  0.240  49.974 0.2500000000
75027  40.437  0.535  49.293 0.2500000000
74099  41.524  -0.290  51.401 0.3750000000
74098  42.377  0.119  51.774 0.3750000000
75025  42.470  0.924  50.227 0.3750000000
75875  42.076  1.518  49.528 0.3750000000
118622  41.238  0.915  49.415 0.3750000000
74992  43.506  0.784  53.509 0.3750000000
75004  43.206  0.653  51.803 0.3750000000
75012  42.829  0.654  51.013 0.3750000000
75864  43.154  1.248  50.518 0.3750000000
123045  42.826  1.510  49.973 0.3750000000
76673  42.872  2.057  49.633 0.3750000000
76672  43.412  2.500  49.757 0.3750000000
58914  -0.660  -16.623  66.663 0.1250000000
123802  -2.373  -14.573  69.752 0.3750000000
127436  3.888  -13.101  66.757 0.6250000000
130516  3.013  -10.786  65.007 0.6250000000
74999  43.525  0.836  52.681 0.3750000000
136667  43.662  1.557  50.717 0.3750000000
52309  -1.103  -23.309  73.653 0.6250000000
53293  -1.022  -22.042  72.840 0.6250000000
52330  -6.005  -23.033  73.289 0.3750000000
56051  20.074  -19.064  76.652 0.5000000000
58020  -4.313  -17.321  68.083 0.2500000000
60833  -3.905  -14.897  68.345 0.2500000000
120692  42.891  0.380  52.454 0.3750000000
51273  -6.056  -24.201  76.040 0.3750000000
48073  -3.371  -27.178  79.621 0.3750000000
127536  -5.301  -27.065  77.552 0.3750000000
131505  -5.480  -27.499  75.930 0.2500000000
49241  -5.489  -26.196  77.538 0.3750000000
122894  -4.931  -26.773  78.236 0.3750000000
48119  -5.060  -28.036  74.508 0.2500000000
50248  -4.247  -26.021  78.732 0.3750000000
49275  -5.608  -26.313  75.498 0.3750000000
117832  -1.102  -26.108  79.027 0.6250000000
50277  -1.938  -25.227  77.295 0.6250000000
51245  -5.200  -24.892  77.620 0.3750000000
51244  -4.485  -24.992  77.830 0.3750000000
50315  -6.165  -24.990  75.715 0.3750000000
120046  -0.796  -26.673  79.768 0.6250000000
50275  -0.119  -25.586  78.078 0.6250000000
134853  -5.604  -25.034  74.191 0.2500000000
50252  2.815  -25.841  78.594 0.6250000000
50336  -5.061  -24.963  73.407 0.2500000000
49309  -3.479  -25.403  71.263 0.2500000000
51257  -4.154  -24.527  77.244 0.5000000000
51270  1.653  -25.554  76.512 0.6250000000
51271  -0.533  -25.454  76.677 0.6250000000
53269  -1.927  -22.996  73.966 0.6250000000
59873  -4.216  -15.846  66.456 0.2500000000
59872  -3.805  -15.710  66.166 0.2500000000
133063  -3.788  -15.995  65.603 0.2500000000
131233  -2.773  -16.567  64.406 0.2500000000
59887  -3.268  -15.887  65.732 0.2500000000
59856  -3.082  -15.257  67.558 0.2500000000
58971  -2.161  -16.809  63.756 0.1250000000
60832  -3.472  -14.947  68.063 0.2500000000
58056  -0.213  -17.392  64.267 0.1250000000
56071  22.200  -19.248  74.851 0.5000000000
56085  23.345  -19.131  73.652 0.5000000000
56070  22.955  -18.930  74.439 0.5000000000
75026  41.771  0.731  49.927 0.3750000000
48100  13.177  -26.830  75.013 0.3750000000
48101  12.461  -26.889  75.445 0.3750000000
46983  12.070  -27.377  75.012 0.2500000000
128503  17.178  -21.018  74.750 0.3750000000
54157  17.152  -20.911  74.011 0.3750000000
55068  18.640  -20.118  75.999 0.3750000000
55078  17.650  -20.624  75.521 0.3750000000
55077  18.514  -20.140  75.177 0.3750000000
116226  17.717  -20.373  74.613 0.3750000000
46996  12.517  -27.572  74.215 0.2500000000
55058  19.167  -19.743  76.570 0.3750000000
55066  19.916  -19.608  75.582 0.2500000000
55067  19.347  -19.774  75.828 0.3750000000
55088  18.513  -19.964  74.443 0.2500000000
55076  19.316  -19.885  75.063 0.2500000000
55075  20.061  -19.683  74.778 0.2500000000
56090  18.472  -19.672  73.617 0.2500000000
56089  19.398  -19.496  73.357 0.2500000000
56088  20.249  -19.447  73.038 0.2500000000
55086  20.196  -19.632  73.930 0.2500000000
56105  19.499  -19.150  72.433 0.2500000000
56104  20.365  -19.272  72.143 0.2500000000
44946  -4.887  -29.546  78.220 0.2500000000
45900  -5.190  -28.995  77.560 0.2500000000
45899  -4.704  -28.702  78.315 0.2500000000
44944  -3.132  -30.180  78.575 0.1250000000
56060  20.353  -19.293  76.080 0.3750000000
56073  20.619  -19.493  75.358 0.2500000000
55074  20.875  -19.608  74.521 0.2500000000
132956  20.894  -19.473  72.683 0.2500000000
56118  20.636  -19.169  71.252 0.2500000000
113774  21.199  -19.416  71.963 0.2500000000
56133  21.480  -19.289  70.653 0.2500000000
44941  -3.299  -29.441  79.244 0.1250000000
44942  -4.178  -29.125  78.864 0.2500000000
119327  -2.427  -29.740  78.919 0.1250000000
45897  -1.422  -29.459  78.895 0.1250000000
122249  8.026  -27.661  76.833 0.3750000000
130904  8.446  -27.805  75.771 0.2500000000
46974  7.798  -27.972  75.930 0.2500000000
114381  7.347  -28.209  75.047 0.2500000000
55085  21.121  -19.585  73.547 0.2500000000
56103  21.680  -19.484  72.697 0.2500000000
114027  22.169  -19.476  71.834 0.2500000000
56116  22.385  -19.549  70.926 0.2500000000
56132  22.395  -19.490  70.048 0.2500000000
45893  -4.025  -28.298  79.033 0.2500000000
45896  -0.407  -29.249  78.518 0.1250000000
45906  -1.053  -29.899  77.858 0.1250000000
45905  -0.062  -29.556  77.704 0.1250000000
46948  7.462  -27.512  77.320 0.3750000000
46958  7.165  -27.998  76.634 0.2500000000
46959  6.247  -28.342  76.491 0.2500000000
46975  6.731  -28.329  75.731 0.2500000000
46987  6.236  -28.418  74.746 0.2500000000
115481  22.144  -19.528  73.477 0.2500000000
56102  22.582  -19.456  72.658 0.2500000000
55097  23.294  -19.453  72.659 0.2500000000
137901  22.723  -19.581  71.426 0.2500000000
120524  23.222  -19.737  71.087 0.2500000000
55119  23.160  -19.817  70.255 0.2500000000
45892  -3.519  -28.592  79.517 0.2500000000
45891  -2.858  -28.723  79.797 0.2500000000
45887  -2.973  -28.063  80.192 0.2500000000
45898  -2.238  -29.161  79.528 0.1250000000
45886  -2.048  -28.298  80.190 0.2500000000
45895  0.445  -28.918  78.324 0.1250000000
137536  7.581  -27.106  77.594 0.3750000000
48085  6.052  -27.480  77.802 0.2500000000
45911  2.009  -29.133  76.568 0.1250000000
45912  1.212  -29.438  76.706 0.1250000000
129776  5.806  -28.201  77.162 0.2500000000
114046  5.501  -28.606  76.491 0.2500000000
45922  2.667  -29.113  75.565 0.1250000000
45923  2.201  -29.222  75.954 0.1250000000
46976  5.578  -28.641  75.660 0.2500000000
46977  4.483  -28.704  75.360 0.2500000000
45936  3.350  -28.843  74.653 0.1250000000
133417  5.573  -28.458  74.131 0.2500000000
137812  3.511  -28.828  74.007 0.2500000000
45937  2.976  -29.210  73.953 0.1250000000
55106  23.134  -19.592  71.932 0.2500000000
55096  23.862  -19.627  72.319 0.3750000000
55105  23.897  -19.826  71.531 0.2500000000
55118  23.985  -20.085  70.572 0.2500000000
55137  23.763  -20.191  69.617 0.2500000000
120232  4.988  -12.702  64.778 0.3750000000
125454  4.324  -12.906  66.155 0.3750000000
62803  6.252  -12.201  62.993 0.1250000000
45890  -1.302  -28.650  79.717 0.2500000000
48076  6.204  -26.846  77.999 0.3750000000
45888  0.122  -28.688  78.999 0.1250000000
134722  5.332  -27.109  78.355 0.2500000000
46951  4.440  -28.403  77.449 0.2500000000
46961  3.696  -28.710  77.180 0.2500000000
45902  2.501  -28.859  77.170 0.1250000000
45894  1.336  -28.646  78.210 0.1250000000
114807  5.026  -28.607  76.970 0.2500000000
46960  4.218  -28.829  76.662 0.2500000000
45909  3.392  -28.932  76.316 0.1250000000
113697  4.780  -28.834  76.187 0.2500000000
45908  3.980  -28.899  75.905 0.2500000000
45921  3.293  -28.894  75.428 0.2500000000
121722  2.829  -29.129  74.761 0.1250000000
56100  24.300  -19.548  72.695 0.3750000000
123768  24.499  -20.018  71.210 0.3750000000
55117  24.848  -20.171  70.599 0.3750000000
132189  25.154  -20.012  71.355 0.3750000000
62780  5.335  -12.276  64.120 0.2500000000
62769  4.565  -12.427  65.348 0.3750000000
62804  5.785  -12.700  63.516 0.1250000000
118216  6.719  -11.968  62.320 0.1250000000
63771  5.746  -11.845  63.486 0.2500000000
49238  5.501  -26.419  78.342 0.3750000000
49239  4.901  -26.669  78.600 0.3750000000
46936  -0.475  -28.129  80.060 0.2500000000
48077  4.488  -27.022  78.684 0.2500000000
46952  3.054  -28.422  77.783 0.1250000000
46953  2.207  -28.497  78.020 0.1250000000
46943  1.829  -28.123  78.966 0.1250000000
46941  3.322  -27.676  78.529 0.2500000000
46942  2.578  -27.904  78.659 0.1250000000
137800  25.506  -20.068  70.693 0.3750000000
126071  26.019  -20.293  69.509 0.2500000000
62781  4.870  -11.971  64.654 0.3750000000
64708  6.130  -11.387  62.709 0.2500000000
63832  7.404  -11.768  60.827 0.1250000000
64730  6.614  -11.282  61.873 0.1250000000
48066  -0.704  -27.463  80.268 0.2500000000
48067  -1.489  -27.435  80.287 0.2500000000
49226  4.941  -26.034  78.526 0.3750000000
49227  4.710  -26.440  78.605 0.2500000000
46928  -0.527  -27.720  80.284 0.2500000000
46937  -0.965  -28.147  80.178 0.2500000000
50239  4.425  -26.241  78.623 0.3750000000
48069  4.358  -26.755  78.736 0.2500000000
128510  0.803  -27.799  79.873 0.2500000000
46935  0.219  -28.214  79.737 0.2500000000
48070  3.645  -27.091  78.859 0.2500000000
46944  0.929  -28.336  79.230 0.1250000000
55116  25.898  -19.818  71.229 0.5000000000
64684  4.570  -11.274  64.378 0.3750000000
63744  4.295  -11.664  65.103 0.3750000000
62770  4.028  -12.115  65.845 0.5000000000
63756  5.170  -11.585  63.977 0.3750000000
130850  6.138  -10.799  62.087 0.1250000000
116369  6.936  -11.200  61.092 0.1250000000
63851  7.087  -11.036  59.795 0.1250000000
63833  7.143  -11.245  60.437 0.1250000000
63862  7.291  -11.605  59.315 0.1250000000
63850  7.440  -11.720  60.067 0.1250000000
132358  7.077  -11.452  58.671 0.1250000000
121018  6.695  -10.943  57.427 0.1250000000
49223  -0.968  -27.202  80.263 0.2500000000
50240  3.766  -26.302  78.706 0.3750000000
114832  3.065  -26.837  78.972 0.3750000000
49222  -0.173  -27.229  80.111 0.2500000000
49228  3.865  -26.731  78.818 0.3750000000
48072  1.739  -27.488  79.576 0.2500000000
49221  0.663  -27.380  79.916 0.2500000000
49231  0.604  -26.998  79.881 0.5000000000
48071  2.717  -27.163  79.134 0.3750000000
46932  2.806  -27.307  78.981 0.2500000000
46933  2.138  -27.506  79.333 0.1250000000
64697  4.068  -10.652  63.826 0.2500000000
64695  5.415  -11.167  63.306 0.2500000000
64709  5.504  -10.680  62.544 0.2500000000
115494  6.386  -10.627  61.357 0.1250000000
64755  6.654  -10.562  60.426 0.1250000000
64780  6.644  -10.311  59.484 0.1250000000
64804  6.625  -10.249  57.808 0.1250000000
64792  6.651  -10.230  58.652 0.1250000000
121504  6.704  -11.046  56.615 0.1250000000
114591  6.904  -10.922  55.287 0.1250000000
130774  -0.639  -26.976  80.149 0.2500000000
50250  4.397  -25.915  78.475 0.3750000000
50251  3.650  -25.883  78.512 0.3750000000
49229  2.116  -27.111  79.416 0.3750000000
50242  1.296  -26.663  79.496 0.5000000000
49230  1.253  -26.893  79.663 0.3750000000
64685  3.169  -10.625  64.259 0.2500000000
64696  4.866  -10.995  63.776 0.2500000000
64731  5.671  -10.272  61.709 0.1250000000
65685  6.219  -9.738  59.940 0.1250000000
65704  6.284  -9.495  58.975 0.1250000000
119173  6.431  -9.636  58.232 0.1250000000
64815  6.628  -10.214  56.855 0.1250000000
135811  6.751  -11.184  55.937 0.1250000000
64823  6.743  -10.204  55.254 0.1250000000
50241  2.789  -26.426  78.916 0.3750000000
50253  1.209  -26.129  78.953 0.5000000000
50254  0.289  -26.012  78.770 0.5000000000
64698  3.046  -10.470  63.392 0.3750000000
119973  4.696  -10.103  62.149 0.2500000000
64710  4.751  -10.628  63.091 0.3750000000
65671  4.162  -9.707  61.388 0.2500000000
133758  5.428  -9.458  60.203 0.1250000000
64756  6.005  -9.949  60.847 0.1250000000
65670  5.151  -9.726  61.191 0.1250000000
127748  5.821  -9.285  59.447 0.1250000000
65726  6.102  -9.058  58.055 0.1250000000
134257  6.368  -9.392  56.718 0.1250000000
65748  6.533  -9.764  56.027 0.1250000000
64711  3.852  -10.354  62.839 0.3750000000
64732  3.555  -9.993  62.038 0.3750000000
65706  4.638  -9.189  59.921 0.1250000000
65705  5.140  -8.980  59.365 0.1250000000
66645  5.679  -8.916  58.697 0.1250000000
66654  6.021  -8.893  57.111 0.1250000000
65752  6.325  -9.510  55.262 0.1250000000
64699  2.015  -10.562  62.940 0.3750000000
64712  2.826  -10.298  62.515 0.3750000000
64733  2.496  -10.197  61.664 0.3750000000
65687  3.564  -9.578  60.747 0.3750000000
133862  3.287  -9.831  61.383 0.3750000000
64734  1.367  -10.742  61.548 0.3750000000
64714  0.603  -11.263  61.892 0.3750000000
65686  4.487  -9.463  60.593 0.3750000000
115129  3.822  -9.236  60.027 0.2500000000
66634  4.159  -8.838  59.285 0.2500000000
65707  3.113  -9.092  59.308 0.2500000000
66646  4.641  -8.637  58.410 0.1250000000
66647  3.340  -8.744  58.300 0.2500000000
71202  43.025  -3.862  58.843 0.5000000000
70340  43.315  -4.137  58.018 0.3750000000
65672  2.692  -9.878  60.877 0.3750000000
64757  1.928  -10.332  60.990 0.3750000000
59893  28.041  -15.678  64.897 0.1250000000
65708  2.036  -9.572  59.338 0.2500000000
65688  1.979  -9.915  60.283 0.3750000000
64758  1.057  -10.597  60.493 0.3750000000
117856  1.577  -9.562  58.435 0.2500000000
64781  0.408  -10.544  59.453 0.5000000000
64782  -0.651  -10.678  59.510 0.3750000000
66648  2.338  -9.006  57.644 0.2500000000
71200  44.556  -3.293  58.245 0.5000000000
70357  43.206  -4.688  56.600 0.3750000000
71208  44.908  -3.516  57.467 0.5000000000
129119  44.734  -4.074  56.340 0.5000000000
70361  43.815  -4.651  55.473 0.1250000000
70366  42.959  -4.944  54.378 0.1250000000
64783  -1.729  -10.502  59.724 0.5000000000
60882  28.429  -14.756  64.513 0.1250000000
65727  2.352  -9.213  58.465 0.2500000000
65729  0.880  -9.582  58.029 0.2500000000
65709  1.000  -10.043  58.786 0.2500000000
64793  -0.034  -10.274  58.613 0.5000000000
64794  -1.013  -10.319  59.087 0.5000000000
65728  1.675  -9.259  57.765 0.2500000000
117520  0.117  -9.507  58.177 0.3750000000
65730  -0.803  -9.812  58.664 0.5000000000
65711  -2.265  -9.418  59.387 0.5000000000
66659  1.270  -8.549  57.272 0.3750000000
65741  1.299  -9.091  57.475 0.3750000000
66649  0.202  -8.559  57.962 0.5000000000
67700  -0.728  -7.995  58.410 0.5000000000
66635  -2.161  -8.585  59.093 0.5000000000
67699  0.142  -7.508  58.153 0.5000000000
70360  44.559  -4.256  55.724 0.3750000000
70364  44.297  -4.375  55.113 0.1250000000
70369  43.511  -4.426  53.939 0.1250000000
69546  41.983  -4.932  53.196 0.1250000000
70374  42.567  -4.435  52.669 0.1250000000
59892  28.753  -15.108  65.292 0.2500000000
60881  29.350  -14.465  64.727 0.2500000000
67689  -2.425  -7.843  59.606 0.5000000000
65691  -2.540  -9.516  59.901 0.5000000000
60891  29.114  -14.142  63.960 0.1250000000
67701  -1.871  -7.618  58.951 0.5000000000
68645  1.000  -6.302  58.012 0.3750000000
67706  0.822  -7.112  57.694 0.3750000000
68647  -0.805  -6.853  58.663 0.5000000000
71246  44.071  -3.855  53.516 0.1250000000
70373  43.319  -4.159  53.050 0.1250000000
70381  42.411  -4.252  51.789 0.1250000000
70382  41.710  -4.568  51.460 0.1250000000
61823  31.349  -13.191  63.826 0.2500000000
61824  30.486  -13.449  63.706 0.2500000000
137722  30.126  -14.232  64.864 0.2500000000
61799  29.945  -13.918  64.224 0.2500000000
117612  -2.643  -7.171  59.947 0.5000000000
61825  29.686  -13.619  63.473 0.1250000000
68637  -2.426  -6.971  59.596 0.5000000000
68646  0.307  -6.514  58.331 0.5000000000
137503  30.176  -14.582  65.901 0.2500000000
60850  32.041  -14.399  66.643 0.2500000000
60867  30.620  -14.259  65.443 0.2500000000
60880  31.319  -13.865  65.155 0.2500000000
61798  30.803  -13.755  64.549 0.2500000000
80314  2.930  6.893  61.763 0.3750000000
135983  4.392  5.278  66.444 0.5000000000
78289  4.483  4.974  65.774 0.5000000000
117058  4.752  3.976  65.861 0.5000000000
79316  4.599  5.798  64.753 0.5000000000
79324  4.318  5.602  63.920 0.5000000000
80304  4.136  6.584  62.730 0.3750000000
48111  12.868  -27.215  74.701 0.3750000000
63757  3.835  -10.954  64.722 0.5000000000
61797  31.672  -13.478  64.596 0.2500000000
67680  -2.523  -8.074  59.961 0.5000000000
68625  -2.422  -7.337  60.202 0.5000000000
80300  3.765  6.036  63.256 0.3750000000
117524  4.567  5.133  65.056 0.5000000000
55104  24.613  -19.836  72.036 0.3750000000
114382  8.263  -27.917  75.249 0.2500000000
56099  25.547  -19.740  72.149 0.3750000000
71216  45.184  -3.659  56.711 0.5000000000
59880  28.465  -16.131  65.585 0.1250000000
70365  43.677  -4.647  54.753 0.1250000000
60866  31.463  -14.179  65.930 0.2500000000
60852  30.571  -14.585  66.287 0.2500000000
69500  -0.817  -5.133  59.208 0.5000000000
70380  43.117  -3.906  52.169 0.1250000000
49233  -1.264  -26.929  80.066 0.3750000000
50243  0.524  -26.533  79.466 0.5000000000
127625  1.972  -25.802  78.518 0.5000000000
115589  22.952  -19.360  73.271 0.3750000000
119246  19.025  -19.954  75.486 0.2500000000
55087  19.365  -19.807  74.220 0.2500000000
56117  21.553  -19.395  71.307 0.2500000000
45889  -0.546  -28.732  79.310 0.1250000000
44947  -0.471  -29.993  77.137 0.1250000000
45904  0.840  -29.236  77.518 0.1250000000
46949  6.636  -27.839  77.273 0.2500000000
48084  6.872  -27.202  77.663 0.2500000000
45910  2.680  -29.033  76.423 0.1250000000
45903  1.718  -28.960  77.334 0.1250000000
45901  3.104  -28.893  76.977 0.1250000000
46988  5.090  -28.581  74.716 0.2500000000
45920  3.765  -28.706  75.200 0.2500000000
46950  5.221  -27.930  77.701 0.2500000000
46940  4.561  -27.671  78.160 0.2500000000
117821  3.849  -28.116  77.965 0.2500000000
46927  0.205  -27.726  80.063 0.2500000000
130306  3.983  -27.444  78.564 0.2500000000
46934  1.436  -27.868  79.583 0.1250000000
48065  0.063  -27.524  80.095 0.2500000000
48064  0.913  -27.587  79.886 0.2500000000
63863  6.964  -10.911  59.038 0.1250000000
125064  6.803  -10.929  58.268 0.1250000000
63883  6.600  -11.556  57.181 0.1250000000
48063  1.335  -27.443  79.715 0.3750000000
122602  6.719  -10.577  55.981 0.1250000000
120045  1.899  -26.762  79.353 0.5000000000
65740  6.384  -9.472  57.491 0.1250000000
66655  5.359  -8.669  57.639 0.1250000000
116495  2.868  -9.496  60.125 0.2500000000
70348  44.115  -3.778  57.739 0.3750000000
65689  1.327  -10.142  59.661 0.2500000000
70355  44.466  -4.010  56.970 0.3750000000
70356  43.972  -4.470  56.304 0.3750000000
70370  42.749  -4.678  53.539 0.1250000000
65742  0.792  -9.043  57.648 0.3750000000
65710  -1.760  -9.977  59.185 0.5000000000
66650  -0.694  -8.986  58.361 0.5000000000
118486  -1.476  -8.498  58.630 0.5000000000
132769  0.732  -8.016  57.521 0.3750000000
70375  41.851  -4.756  52.316 0.1250000000
69509  0.711  -5.562  58.468 0.3750000000
69510  -0.313  -5.824  58.787 0.5000000000
70390  42.235  -4.059  50.946 0.1250000000
49274  13.716  -26.579  74.900 0.2500000000
48109  14.094  -27.041  74.017 0.2500000000
133400  13.805  -27.381  73.741 0.2500000000
48110  13.606  -27.100  74.418 0.2500000000
49285  14.448  -26.567  73.541 0.2500000000
48115  14.087  -27.334  73.128 0.2500000000
48127  14.159  -27.465  72.193 0.2500000000
48139  14.204  -27.482  71.448 0.2500000000
48151  14.288  -27.410  70.586 0.2500000000
48150  14.598  -26.691  70.168 0.2500000000
126305  14.432  -27.402  69.583 0.2500000000
49284  14.763  -25.737  73.747 0.2500000000
49308  14.476  -26.809  71.860 0.2500000000
49329  14.734  -26.498  69.368 0.1250000000
49339  14.658  -27.019  68.788 0.1250000000
49350  14.698  -26.683  68.051 0.1250000000
49338  14.824  -26.159  68.661 0.1250000000
50323  15.108  -25.091  73.223 0.3750000000
49297  14.795  -25.876  73.022 0.3750000000
116693  15.483  -24.444  72.727 0.2500000000
49298  14.464  -26.736  72.685 0.2500000000
131432  14.957  -25.155  71.080 0.2500000000
49319  14.695  -25.950  71.467 0.2500000000
49307  14.723  -25.932  72.263 0.2500000000
48138  14.501  -26.776  71.034 0.2500000000
49328  14.829  -25.860  69.843 0.2500000000
122114  14.743  -25.912  70.650 0.2500000000
132186  14.878  -25.786  69.190 0.1250000000
117834  14.832  -25.708  67.854 0.1250000000
135115  14.955  -25.096  68.043 0.1250000000
50322  15.460  -24.393  73.577 0.2500000000
122172  15.809  -23.891  72.817 0.2500000000
125901  15.936  -23.729  72.358 0.2500000000
136434  15.313  -24.634  71.446 0.1250000000
50358  15.365  -24.528  70.811 0.2500000000
50369  15.046  -25.153  69.474 0.1250000000
50384  14.975  -25.273  68.640 0.1250000000
52302  15.964  -23.305  73.644 0.2500000000
133484  17.567  -19.771  72.859 0.1250000000
55098  17.072  -20.620  72.503 0.1250000000
54178  16.735  -21.116  71.860 0.1250000000
51351  15.877  -23.777  71.813 0.1250000000
126815  17.809  -19.219  71.900 0.1250000000
128721  17.020  -20.405  71.171 0.1250000000
116770  16.651  -21.059  70.929 0.1250000000
50345  15.649  -24.081  71.452 0.1250000000
51362  15.647  -24.083  70.714 0.1250000000
51370  15.416  -24.450  69.948 0.1250000000
119895  18.740  -18.888  71.764 0.1250000000
56137  17.682  -19.735  70.071 0.1250000000
117795  16.938  -20.681  69.628 0.1250000000
120063  15.032  -25.140  70.287 0.1250000000
135209  18.197  -19.017  71.112 0.1250000000
56136  18.249  -19.206  70.354 0.1250000000
55157  17.354  -20.283  68.546 0.1250000000
51381  15.311  -24.566  68.990 0.1250000000
56134  19.725  -18.836  70.669 0.1250000000
117910  18.594  -19.145  69.208 0.1250000000
55139  17.876  -19.740  68.885 0.1250000000
56171  19.620  -18.681  69.177 0.1250000000
56188  18.289  -19.308  67.751 0.1250000000
53276  16.214  -22.674  73.326 0.2500000000
54167  17.132  -20.739  73.212 0.1250000000
54168  16.714  -21.455  72.662 0.1250000000
52336  15.988  -23.508  72.185 0.1250000000
121763  15.800  -23.821  71.065 0.1250000000
56106  18.522  -19.254  72.694 0.1250000000
54191  16.383  -21.755  70.533 0.1250000000
52355  15.932  -23.402  70.557 0.1250000000
116394  15.760  -23.875  70.189 0.1250000000
129228  16.189  -22.188  69.141 0.1250000000
53327  16.159  -22.480  70.034 0.1250000000
51369  15.657  -23.968  69.257 0.1250000000
56119  19.667  -18.939  71.513 0.1250000000
54217  16.233  -21.898  68.389 0.1250000000
52404  15.615  -23.483  67.780 0.1250000000
116618  15.166  -24.628  68.196 0.1250000000
50397  14.982  -24.849  67.393 0.1250000000
56151  21.380  -19.060  69.779 0.1250000000
118224  20.610  -19.007  70.525 0.1250000000
56150  22.448  -19.470  69.198 0.1250000000
55138  23.109  -19.867  69.407 0.1250000000
55156  23.066  -19.787  68.581 0.1250000000
55155  23.640  -20.200  68.769 0.1250000000
116192  24.348  -20.442  68.972 0.1250000000
131881  24.165  -20.455  68.175 0.1250000000
55136  24.579  -20.304  69.803 0.1250000000
55154  24.870  -20.611  68.339 0.1250000000
54230  25.243  -21.264  66.861 0.1250000000
131845  26.000  -20.981  67.307 0.1250000000
54247  25.424  -21.486  66.078 0.1250000000
55135  25.406  -20.224  69.994 0.1250000000
114756  25.264  -20.493  69.126 0.1250000000
131037  25.548  -20.642  68.405 0.1250000000
55153  26.151  -20.495  68.792 0.1250000000
114136  26.129  -20.721  68.033 0.1250000000
55169  26.761  -20.688  67.560 0.1250000000
136956  26.601  -20.882  66.971 0.1250000000
54245  27.259  -21.113  65.594 0.1250000000
55188  27.954  -20.545  66.209 0.1250000000
61817  4.988  -13.485  64.750 0.2500000000
61791  4.712  -13.172  65.440 0.2500000000
70330  40.628  -4.338  59.514 0.2500000000
70343  40.741  -4.610  58.656 0.2500000000
67711  1.911  -8.263  56.733 0.2500000000
70329  41.363  -4.156  59.232 0.2500000000
70328  42.190  -4.028  59.048 0.3750000000
70351  41.816  -4.793  57.684 0.1250000000
67705  1.357  -7.692  57.180 0.2500000000
69520  43.207  -4.945  55.869 0.1250000000
72176  38.137  -2.287  51.882 0.1250000000
73214  38.823  -1.771  51.460 0.1250000000
73215  37.998  -2.015  51.086 0.1250000000
115182  0.036  -5.078  58.891 0.3750000000
73223  38.465  -1.518  50.568 0.1250000000
68653  1.583  -6.593  57.466 0.3750000000
73213  39.577  -1.420  51.480 0.1250000000
74110  38.916  -1.011  50.004 0.1250000000
73238  38.124  -1.249  49.797 0.1250000000
70345  1.385  -5.063  58.387 0.3750000000
74122  39.264  -0.429  49.527 0.1250000000
75029  38.823  -0.185  49.040 0.1250000000
75038  38.613  0.314  48.701 0.1250000000
75039  37.699  0.386  48.449 0.1250000000
71269  43.504  -3.039  50.234 0.1250000000
71281  42.957  -3.160  49.591 0.1250000000
130835  40.689  1.117  48.986 0.1250000000
75880  39.561  1.702  48.523 0.1250000000
76683  39.158  2.399  48.362 0.1250000000
75881  38.754  1.684  48.343 0.1250000000
75876  41.215  1.652  49.014 0.2500000000
76681  40.965  2.550  48.721 0.1250000000
77499  40.665  3.587  48.690 0.1250000000
72208  43.557  -2.654  49.461 0.1250000000
75036  40.425  1.753  48.698 0.1250000000
76682  39.971  2.743  48.556 0.1250000000
72207  44.216  -2.092  49.136 0.1250000000
73259  45.036  -1.009  48.233 0.1250000000
75787  2.548  1.454  60.365 0.2500000000
125299  42.921  2.698  49.443 0.2500000000
77492  41.635  3.278  48.855 0.2500000000
73237  44.828  -1.651  49.262 0.1250000000
77493  41.187  4.329  48.922 0.1250000000
73248  45.237  -1.221  48.987 0.1250000000
128279  2.025  1.938  60.515 0.2500000000
134434  43.939  3.505  49.694 0.2500000000
77491  42.541  3.391  49.206 0.2500000000
133611  41.946  4.084  49.029 0.2500000000
134721  42.984  3.722  49.356 0.2500000000
78452  42.576  4.249  49.327 0.1250000000
78453  41.737  5.000  49.401 0.1250000000
74129  45.568  -0.665  48.642 0.1250000000
78454  40.819  5.163  49.222 0.1250000000
79456  41.118  5.919  49.626 0.1250000000
77407  1.528  3.545  60.362 0.2500000000
76578  1.844  2.680  60.524 0.2500000000
76579  0.903  2.868  60.567 0.2500000000
79455  43.866  4.935  49.860 0.2500000000
124553  43.421  4.120  49.530 0.2500000000
75035  45.940  -0.085  48.379 0.1250000000
121768  42.766  5.250  49.755 0.2500000000
75047  45.798  0.269  47.567 0.1250000000
124725  14.859  1.502  80.208 0.2500000000
78322  1.068  4.538  60.020 0.2500000000
78321  2.128  4.132  59.975 0.2500000000
80400  44.237  6.661  50.715 0.2500000000
81418  42.919  7.079  47.945 0.1250000000
78247  4.172  4.686  69.421 0.3750000000
78256  4.369  4.588  68.714 0.3750000000
79261  3.875  5.222  68.718 0.3750000000
79260  4.218  4.967  67.945 0.3750000000
78268  4.610  4.295  67.344 0.3750000000
119909  1.804  4.876  59.562 0.2500000000
82257  44.047  9.356  52.399 0.2500000000
82280  43.909  9.385  49.903 0.1250000000
83142  44.067  9.970  50.901 0.1250000000
82297  43.557  8.615  49.092 0.1250000000
82296  44.631  8.614  49.102 0.1250000000
81399  43.244  7.841  48.410 0.1250000000
80438  43.412  6.335  47.537 0.1250000000
80437  44.310  6.293  47.307 0.1250000000
79237  3.246  5.437  70.289 0.3750000000
115833  3.425  5.450  69.455 0.3750000000
135167  3.355  5.758  68.734 0.3750000000
79275  3.716  5.726  68.171 0.3750000000
125312  4.321  5.130  67.074 0.3750000000
133351  4.065  5.773  67.490 0.3750000000
78279  4.538  4.573  66.518 0.3750000000
83123  46.787  10.398  51.349 0.1250000000
83109  46.167  10.187  52.082 0.1250000000
82255  45.912  9.566  52.403 0.2500000000
83141  45.940  10.450  51.208 0.1250000000
83124  45.186  10.276  52.025 0.1250000000
82295  45.605  8.808  49.033 0.1250000000
82279  45.040  9.740  50.156 0.1250000000
124827  44.874  10.269  51.301 0.1250000000
81415  45.526  7.240  47.649 0.1250000000
81416  44.698  7.044  47.847 0.1250000000
81417  43.826  6.943  47.983 0.1250000000
80435  45.774  6.804  47.080 0.1250000000
80436  45.140  6.620  47.195 0.1250000000
80449  44.974  6.054  46.614 0.1250000000
76427  12.226  2.666  80.291 0.2500000000
76428  11.486  2.826  79.976 0.2500000000
79248  2.682  5.885  69.851 0.3750000000
80239  2.731  6.193  69.071 0.3750000000
122874  2.004  6.428  69.628 0.3750000000
80254  3.261  6.301  68.426 0.3750000000
117091  4.312  5.848  66.786 0.3750000000
134357  4.460  5.777  66.076 0.3750000000
79306  4.547  5.631  65.445 0.3750000000
81299  1.717  7.535  59.165 0.1250000000
81281  3.016  7.521  60.039 0.1250000000
82294  46.590  9.130  48.847 0.1250000000
82310  46.940  8.501  47.877 0.1250000000
81414  46.372  7.416  47.250 0.1250000000
81435  46.791  7.266  46.284 0.1250000000
80448  46.112  6.687  46.504 0.1250000000
79590  53.860  5.482  38.504 0.1250000000
80255  2.697  6.871  68.607 0.3750000000
81188  3.465  7.222  68.142 0.3750000000
80269  3.805  6.520  67.808 0.3750000000
80279  4.575  6.521  66.436 0.3750000000
80287  4.721  6.338  65.546 0.3750000000
81204  5.032  7.166  66.033 0.2500000000
123185  4.889  6.482  64.811 0.2500000000
80295  4.719  6.372  64.172 0.3750000000
81298  2.617  7.632  59.055 0.1250000000
83164  48.641  10.330  48.308 0.1250000000
82309  47.956  9.115  47.648 0.1250000000
81434  47.561  7.793  46.000 0.1250000000
81447  46.996  7.256  45.506 0.1250000000
81446  47.617  7.570  45.029 0.1250000000
81455  46.861  6.990  44.794 0.1250000000
115075  54.365  6.431  38.995 0.2500000000
79589  54.039  5.615  38.068 0.1250000000
80534  54.373  6.125  38.171 0.1250000000
81178  2.092  7.437  68.775 0.3750000000
82138  1.501  7.953  68.998 0.3750000000
82148  3.697  8.273  68.107 0.3750000000
82137  2.246  8.276  68.739 0.3750000000
81187  4.240  7.602  67.563 0.3750000000
80268  4.298  6.621  67.193 0.3750000000
80286  5.152  7.041  65.186 0.2500000000
80299  4.439  6.415  63.473 0.2500000000
80294  5.176  6.949  64.397 0.2500000000
80298  5.056  6.859  63.627 0.2500000000
80313  3.888  6.822  61.927 0.2500000000
81246  4.681  6.918  62.151 0.2500000000
81263  3.463  7.228  61.078 0.1250000000
81279  5.532  7.149  60.922 0.1250000000
83172  49.518  10.386  47.068 0.1250000000
133197  49.068  9.873  46.662 0.1250000000
82318  48.301  8.771  46.638 0.1250000000
120380  48.947  9.181  45.937 0.1250000000
82324  48.256  8.228  45.608 0.1250000000
82323  48.870  8.484  44.981 0.1250000000
137637  48.221  7.946  44.967 0.1250000000
81453  48.202  7.730  44.305 0.1250000000
82330  49.023  8.251  44.067 0.1250000000
81460  48.511  7.735  43.457 0.1250000000
82980  -0.481  9.248  69.587 0.3750000000
125149  1.719  8.797  69.067 0.3750000000
82124  0.960  8.533  69.279 0.3750000000
127204  2.369  9.048  68.864 0.3750000000
82978  1.246  9.271  69.237 0.3750000000
82136  3.020  8.763  68.563 0.3750000000
81197  4.769  7.375  66.853 0.3750000000
81196  5.289  8.025  66.436 0.2500000000
81212  6.008  7.969  64.159 0.2500000000
124244  5.550  7.389  63.869 0.2500000000
81229  6.088  7.661  63.329 0.1250000000
82203  6.506  8.308  63.650 0.1250000000
81244  6.782  8.007  62.769 0.1250000000
81203  5.479  7.797  65.568 0.2500000000
81213  5.550  7.581  64.706 0.2500000000
119090  5.449  7.236  63.089 0.2500000000
81245  6.071  7.359  62.383 0.1250000000
80303  4.817  6.862  62.904 0.2500000000
132147  5.275  7.089  62.461 0.1250000000
81262  5.412  7.095  61.780 0.1250000000
82317  49.621  10.149  46.283 0.1250000000
82322  49.633  9.665  45.411 0.1250000000
82329  49.647  9.162  44.543 0.1250000000
82337  49.714  8.826  43.706 0.1250000000
81488  50.068  8.035  39.998 0.1250000000
132915  50.574  8.578  40.329 0.1250000000
127648  50.900  8.651  38.732 0.1250000000
83798  1.028  9.953  69.237 0.3750000000
83799  0.012  10.024  69.321 0.2500000000
83800  -1.088  10.126  69.508 0.3750000000
82995  1.942  9.748  69.089 0.3750000000
82993  3.824  9.450  68.266 0.3750000000
82147  4.446  8.717  67.689 0.3750000000
82159  4.938  8.276  67.155 0.3750000000
82158  5.393  8.861  66.738 0.2500000000
131412  6.751  8.920  63.942 0.1250000000
82167  5.754  8.714  65.897 0.2500000000
82183  5.921  8.303  65.013 0.2500000000
82182  6.380  8.670  64.435 0.1250000000
82202  7.027  8.740  63.310 0.1250000000
82166  6.246  9.076  65.188 0.1250000000
83029  6.434  9.736  65.244 0.1250000000
82212  7.290  8.650  62.692 0.1250000000
83177  50.275  10.220  45.838 0.1250000000
83183  50.352  9.950  45.025 0.1250000000
83182  51.016  9.949  44.661 0.1250000000
83191  50.442  9.696  44.192 0.1250000000
83197  51.097  9.661  42.973 0.2500000000
82336  50.469  9.411  43.312 0.1250000000
137523  51.159  9.459  42.274 0.1250000000
82344  50.480  9.053  42.334 0.1250000000
114476  50.418  8.688  41.533 0.2500000000
82355  51.564  9.404  41.078 0.2500000000
117152  50.809  8.879  40.939 0.2500000000
82366  51.370  9.219  40.202 0.2500000000
83815  0.578  10.674  68.937 0.2500000000
83816  -0.543  10.803  69.002 0.3750000000
125234  -1.591  10.635  69.743 0.2500000000
83814  1.562  10.618  68.869 0.2500000000
84563  -1.297  11.147  69.135 0.2500000000
137689  -1.566  11.269  69.585 0.2500000000
85278  -1.559  11.950  70.124 0.2500000000
82994  2.880  9.694  68.755 0.3750000000
83006  4.617  9.644  67.623 0.2500000000
83005  5.299  9.756  66.963 0.2500000000
82146  5.016  9.037  67.288 0.2500000000
83019  5.692  9.402  66.360 0.2500000000
83047  6.681  9.479  64.519 0.1250000000
83057  7.106  9.454  63.704 0.1250000000
83030  6.074  9.553  65.798 0.1250000000
83858  6.660  10.282  64.889 0.1250000000
83067  7.446  9.298  63.020 0.1250000000
130812  51.841  9.470  42.658 0.2500000000
123561  51.713  9.460  41.858 0.2500000000
85264  -1.742  12.002  72.165 0.2500000000
85270  -1.551  12.468  71.188 0.1250000000
83813  2.488  10.576  68.741 0.3750000000
120162  0.093  11.346  68.572 0.2500000000
120079  -1.533  11.799  69.120 0.2500000000
83827  4.313  11.103  67.649 0.1250000000
82992  4.159  10.436  68.006 0.2500000000
83812  3.392  10.498  68.470 0.2500000000
84571  2.906  11.305  68.382 0.2500000000
84572  2.010  11.299  68.516 0.2500000000
83826  4.766  10.496  67.363 0.2500000000
131841  5.796  10.139  66.275 0.1250000000
83869  6.785  10.972  64.394 0.1250000000
83857  7.065  10.202  64.093 0.1250000000
127683  7.235  10.898  63.585 0.1250000000
83018  6.244  10.291  65.598 0.1250000000
84605  6.360  10.965  65.187 0.1250000000
86005  -1.566  13.390  71.261 0.1250000000
85305  2.476  12.440  67.362 0.1250000000
84583  2.295  11.894  68.018 0.1250000000
84584  1.416  11.805  68.137 0.1250000000
84586  -0.273  11.966  68.037 0.2500000000
123847  -1.514  12.787  70.461 0.1250000000
84582  3.190  11.906  67.803 0.1250000000
84585  0.642  11.713  68.225 0.1250000000
84575  -1.294  11.936  68.501 0.2500000000
83828  3.727  11.247  68.067 0.1250000000
83837  4.755  11.313  67.104 0.1250000000
84595  4.626  11.960  66.785 0.1250000000
84594  5.202  11.564  66.457 0.1250000000
83836  5.332  10.726  66.725 0.2500000000
83844  5.822  11.028  65.945 0.1250000000
132259  5.932  11.553  65.322 0.1250000000
84620  6.296  11.642  64.699 0.1250000000
83879  7.704  10.721  62.729 0.1250000000
86002  -1.847  13.650  72.672 0.1250000000
85306  1.510  12.343  67.528 0.1250000000
85307  0.615  12.159  67.745 0.1250000000
85308  -0.958  12.381  67.478 0.2500000000
85295  -1.330  12.589  67.824 0.2500000000
85285  -1.469  12.512  68.661 0.2500000000
125975  -1.511  12.627  69.597 0.1250000000
85322  0.360  12.626  66.892 0.2500000000
85294  -1.083  12.085  68.046 0.2500000000
85320  2.634  12.856  66.631 0.1250000000
85318  4.103  12.579  66.593 0.1250000000
85333  4.407  12.959  65.801 0.1250000000
84606  5.465  11.906  65.750 0.1250000000
85332  5.074  12.620  65.455 0.1250000000
84621  5.694  12.258  64.980 0.1250000000
120346  5.231  12.893  64.843 0.1250000000
85344  6.126  12.264  64.331 0.1250000000
85345  5.622  12.804  64.328 0.1250000000
84635  6.744  11.795  63.845 0.1250000000
85359  6.162  12.709  63.658 0.1250000000
85358  6.848  12.354  63.057 0.1250000000
84634  7.331  11.592  63.029 0.1250000000
84645  7.697  11.482  62.365 0.1250000000
125964  -1.545  14.278  71.681 0.1250000000
86010  -1.486  13.438  70.161 0.1250000000
85323  -0.773  12.655  66.808 0.2500000000
85309  -1.279  12.794  67.002 0.2500000000
86023  -1.541  13.312  68.244 0.2500000000
86793  -1.390  14.137  68.837 0.1250000000
123437  -1.439  14.190  69.757 0.1250000000
86042  1.872  13.254  65.929 0.1250000000
86041  2.941  13.210  66.132 0.1250000000
86055  3.941  13.452  65.306 0.1250000000
86054  4.670  13.198  65.064 0.1250000000
86097  4.394  13.722  63.768 0.1250000000
86074  4.234  13.571  64.547 0.1250000000
116202  5.091  13.593  63.415 0.1250000000
86117  5.285  13.735  62.515 0.1250000000
86096  5.531  13.212  63.785 0.1250000000
86095  5.771  13.323  63.129 0.1250000000
118786  6.375  12.945  62.917 0.1250000000
86127  5.574  13.856  61.628 0.1250000000
86116  6.088  13.392  62.278 0.1250000000
86782  -1.557  15.087  71.783 0.1250000000
86779  -1.811  14.577  72.703 0.1250000000
137525  -1.471  14.792  71.022 0.1250000000
86785  -1.498  14.176  70.672 0.1250000000
86789  -1.425  14.870  70.266 0.1250000000
86043  0.506  12.965  65.964 0.1250000000
86044  -0.597  12.908  66.034 0.2500000000
85324  -1.169  12.996  66.311 0.2500000000
86031  -1.538  13.305  67.386 0.2500000000
86056  2.908  13.490  65.408 0.1250000000
118841  1.764  13.495  65.123 0.1250000000
86075  3.425  13.688  64.635 0.1250000000
86870  3.565  14.255  62.522 0.1250000000
86098  3.100  13.987  63.911 0.1250000000
86118  4.421  13.969  62.783 0.1250000000
121048  3.796  13.805  64.070 0.1250000000
86869  4.069  14.310  62.029 0.1250000000
86881  5.226  14.305  60.844 0.1250000000
86882  4.743  14.206  61.719 0.1250000000
88226  -0.821  16.821  71.527 0.1250000000
113712  -0.202  16.218  69.811 0.1250000000
88236  -0.432  16.497  70.701 0.1250000000
87515  -1.525  15.903  71.829 0.1250000000
87522  -0.859  15.913  70.282 0.1250000000
87531  -0.749  15.533  69.329 0.1250000000
87532  -1.188  15.372  70.016 0.1250000000
86792  -1.102  14.818  68.441 0.1250000000
86788  -1.296  14.894  69.431 0.1250000000
86814  -1.546  13.851  67.021 0.2500000000
86800  -1.231  14.492  67.450 0.1250000000
86057  0.619  13.196  65.155 0.1250000000
86058  -0.476  13.144  65.222 0.1250000000
86059  -1.137  13.341  65.498 0.2500000000
86813  -1.324  14.277  66.573 0.2500000000
86801  -1.525  14.033  67.869 0.2500000000
86099  2.306  13.989  63.652 0.1250000000
120526  2.322  13.751  64.448 0.1250000000
86857  2.772  14.228  63.017 0.1250000000
124507  4.050  14.521  61.399 0.1250000000
86893  4.433  14.666  60.802 0.1250000000
88235  0.369  16.759  70.304 0.1250000000
88247  -0.016  16.075  68.925 0.1250000000
87542  -0.410  15.510  68.345 0.1250000000
87552  -0.134  15.523  67.499 0.1250000000
87553  -0.756  14.935  67.006 0.1250000000
86076  0.959  13.498  64.462 0.1250000000
86101  0.044  13.586  63.795 0.1250000000
86078  -1.083  13.515  64.698 0.1250000000
127079  -1.395  13.719  64.939 0.2500000000
87570  -0.961  14.683  66.057 0.1250000000
86858  1.635  14.148  63.034 0.1250000000
137152  -0.756  13.788  63.271 0.1250000000
86102  -1.005  13.672  63.941 0.1250000000
86848  -1.465  13.926  64.175 0.1250000000
88965  0.808  17.376  70.667 0.1250000000
88976  1.104  17.069  69.852 0.1250000000
88246  0.579  16.550  69.440 0.1250000000
88256  0.357  16.015  68.106 0.1250000000
87569  -0.136  15.464  66.561 0.1250000000
87607  -1.602  14.365  63.467 0.1250000000
87606  -1.125  14.933  64.325 0.1250000000
87589  -1.345  14.307  65.066 0.1250000000
86872  0.646  14.216  62.282 0.1250000000
86873  -0.784  13.979  62.484 0.1250000000
87612  -1.727  14.555  62.612 0.1250000000
86886  -0.552  14.362  61.438 0.1250000000
89647  1.552  18.809  71.317 0.1250000000
89656  1.979  18.560  70.429 0.1250000000
88964  1.494  17.759  70.151 0.1250000000
130745  1.864  17.192  68.906 0.1250000000
88990  1.944  17.069  68.390 0.1250000000
88255  1.357  16.830  68.980 0.1250000000
88263  1.252  16.544  67.978 0.1250000000
88264  0.610  16.067  67.189 0.1250000000
88273  0.724  16.155  66.076 0.1250000000
89063  -1.398  16.625  61.985 0.1250000000
88308  -0.838  16.351  63.049 0.1250000000
88304  -0.343  16.121  64.038 0.1250000000
87588  -0.507  15.273  65.518 0.1250000000
88314  -1.742  15.866  61.351 0.1250000000
90916  0.538  20.707  78.356 0.1250000000
90915  2.497  20.779  77.907 0.1250000000
91548  0.926  21.535  78.079 0.1250000000
90921  -0.246  20.883  77.532 0.1250000000
89664  2.162  18.023  69.598 0.1250000000
89001  2.490  17.489  68.022 0.1250000000
89016  2.046  17.237  65.812 0.1250000000
128173  2.209  17.135  66.640 0.1250000000
89002  2.122  17.031  67.524 0.1250000000
88303  0.791  16.849  64.587 0.1250000000
135448  1.606  16.760  66.165 0.1250000000
88272  1.460  16.604  66.913 0.1250000000
89054  0.142  17.084  63.670 0.1250000000
88289  1.267  16.731  65.447 0.1250000000
88290  0.224  16.027  64.983 0.1250000000
92212  -0.137  22.511  77.166 0.1250000000
91553  -0.321  21.828  76.361 0.1250000000
92216  -0.152  22.043  75.353 0.1250000000
91552  -0.125  21.629  77.339 0.1250000000
91559  0.148  21.442  74.636 0.1250000000
90936  2.128  20.150  71.117 0.1250000000
115064  2.703  20.101  70.005 0.1250000000
90317  2.113  19.349  70.922 0.1250000000
90323  2.967  20.378  69.246 0.1250000000
90324  2.802  19.561  69.413 0.1250000000
90957  3.173  19.808  68.544 0.1250000000
90331  2.880  18.941  68.825 0.1250000000
89675  3.207  19.053  68.122 0.1250000000
89699  3.307  18.811  67.319 0.1250000000
89053  1.138  17.762  64.139 0.1250000000
89035  1.651  17.385  65.025 0.1250000000
125035  0.180  22.239  74.438 0.1250000000
131428  0.742  22.463  72.713 0.1250000000
92226  1.290  22.039  72.277 0.1250000000
90943  2.429  20.558  70.509 0.1250000000
134320  3.222  20.631  68.612 0.1250000000
90964  3.422  20.444  67.820 0.1250000000
90990  1.568  20.472  64.590 0.1250000000
134619  2.144  19.946  64.825 0.1250000000
90372  2.504  19.483  65.114 0.1250000000
89716  2.822  18.727  65.748 0.1250000000
90350  3.515  19.831  66.986 0.1250000000
121571  0.106  20.341  63.388 0.1250000000
90374  0.869  20.002  63.974 0.1250000000
89729  2.272  18.660  64.910 0.1250000000
89715  3.271  19.219  66.454 0.1250000000
89730  1.562  18.620  64.289 0.1250000000
89015  2.635  17.812  66.225 0.1250000000
92223  0.430  22.499  73.514 0.1250000000
92230  0.748  22.914  71.999 0.1250000000
92229  1.405  22.363  71.426 0.1250000000
91579  1.834  21.816  70.834 0.1250000000
91578  2.349  21.341  70.339 0.1250000000
127534  2.386  22.436  69.311 0.1250000000
91585  3.027  21.146  69.096 0.1250000000
90981  2.417  20.369  65.199 0.1250000000
125132  2.455  21.199  65.484 0.1250000000
90973  3.300  20.482  66.340 0.1250000000
91590  3.250  21.268  68.334 0.1250000000
90982  1.902  21.079  65.020 0.1250000000
90980  2.906  20.637  65.734 0.1250000000
123898  3.492  20.668  67.045 0.1250000000
123816  0.472  20.957  63.933 0.1250000000
135159  3.328  19.825  66.382 0.1250000000
90996  -0.381  20.984  63.058 0.1250000000
92837  0.015  23.354  73.609 0.1250000000
92841  0.304  23.109  72.794 0.1250000000
92237  1.525  22.653  70.577 0.1250000000
92246  2.152  23.269  69.009 0.1250000000
91609  3.283  21.319  66.704 0.1250000000
92256  3.134  22.035  68.038 0.1250000000
92866  2.472  23.482  68.146 0.1250000000
91624  1.867  21.804  65.131 0.1250000000
91623  2.497  21.967  65.726 0.1250000000
92280  2.797  22.828  66.826 0.1250000000
92878  2.598  23.579  67.262 0.1250000000
91638  1.214  21.449  64.592 0.1250000000
92294  1.081  22.412  64.634 0.1250000000
92289  1.925  22.602  65.362 0.1250000000
92288  2.518  22.762  66.054 0.1250000000
92891  2.456  23.517  66.442 0.1250000000
91650  -0.117  21.568  63.404 0.1250000000
91639  0.371  21.895  64.032 0.1250000000
93490  -0.555  24.584  72.871 0.1250000000
92847  0.030  23.625  72.112 0.1250000000
92851  0.430  23.888  70.899 0.1250000000
92846  0.367  23.576  71.518 0.1250000000
92850  1.119  23.498  70.351 0.1250000000
92867  1.964  24.089  68.646 0.1250000000
115069  2.339  24.284  66.783 0.1250000000
92895  2.048  23.395  65.684 0.1250000000
93543  2.105  24.103  66.033 0.1250000000
93538  2.017  24.828  66.239 0.1250000000
92896  1.383  23.251  64.940 0.1250000000
93544  1.551  24.075  65.274 0.1250000000
92902  0.479  23.235  64.333 0.1250000000
126718  0.878  23.850  64.608 0.1250000000
136347  1.847  24.469  65.778 0.1250000000
125773  -0.086  24.042  64.114 0.1250000000
93550  0.708  24.723  64.624 0.1250000000
117499  1.596  24.889  65.486 0.1250000000
93551  -0.437  24.932  63.896 0.1250000000
94188  -0.121  25.665  64.292 0.1250000000
94189  -0.734  25.666  63.588 0.1250000000
93482  -0.829  25.107  73.720 0.1250000000
94146  -0.953  25.446  72.835 0.1250000000
127559  -0.718  24.815  74.426 0.1250000000
125484  -0.392  24.186  72.211 0.1250000000
118063  -0.697  24.826  72.019 0.1250000000
93497  -0.207  24.234  71.512 0.1250000000
94161  -0.546  25.064  71.275 0.1250000000
93506  0.014  24.637  70.795 0.1250000000
93505  0.686  24.305  70.233 0.1250000000
93514  0.949  24.783  69.590 0.1250000000
132602  1.428  23.927  69.530 0.1250000000
128110  1.530  24.597  69.044 0.1250000000
93526  1.899  24.898  68.386 0.1250000000
93525  2.287  24.399  67.694 0.1250000000
93534  2.089  25.217  67.728 0.1250000000
93533  2.163  25.145  66.986 0.1250000000
94181  1.811  25.479  65.955 0.1250000000
94803  -0.669  26.346  63.931 0.1250000000
94139  -1.117  26.250  73.956 0.1250000000
94147  -1.318  26.409  72.891 0.1250000000
94153  -1.003  25.769  71.864 0.1250000000
122468  -0.668  25.832  70.973 0.1250000000
130565  -0.251  25.292  70.685 0.1250000000
94160  -0.097  25.917  70.211 0.1250000000
93515  0.298  25.083  70.189 0.1250000000
94170  1.075  26.209  68.898 0.1250000000
94165  1.342  25.299  68.981 0.1250000000
94172  1.978  25.886  67.403 0.1250000000
94176  1.925  25.902  66.555 0.1250000000
127579  1.670  26.088  65.827 0.1250000000
94187  1.187  25.732  65.072 0.1250000000
118371  -0.422  26.906  63.159 0.1250000000
126703  0.008  26.794  62.798 0.1250000000
94743  -1.281  27.297  73.839 0.1250000000
94752  -1.499  27.357  72.897 0.1250000000
94154  -1.367  26.622  72.140 0.1250000000
94762  -1.091  26.539  71.385 0.1250000000
94763  -1.496  27.302  71.900 0.1250000000
94773  -0.662  26.614  70.633 0.1250000000
94782  0.399  26.309  69.568 0.1250000000
94783  -0.145  26.804  69.912 0.1250000000
136838  1.090  26.849  68.616 0.1250000000
95373  0.565  27.042  69.169 0.1250000000
95395  1.530  27.413  67.408 0.1250000000
94787  1.576  26.628  67.998 0.1250000000
95398  1.624  27.358  66.473 0.1250000000
123264  1.510  28.117  65.961 0.1250000000
94796  1.701  26.657  66.144 0.1250000000
94792  1.825  26.647  66.978 0.1250000000
95987  1.155  28.138  65.170 0.1250000000
95401  1.438  27.360  65.656 0.1250000000
95403  0.894  27.385  64.848 0.1250000000
129869  -0.437  26.977  64.034 0.1250000000
94807  -0.611  26.821  63.600 0.1250000000
129769  -0.678  26.480  63.187 0.1250000000
95414  -0.090  27.730  63.432 0.1250000000
95413  0.058  27.478  62.987 0.1250000000
95412  1.015  27.692  62.705 0.1250000000
95325  -1.241  28.098  73.666 0.1250000000
95341  -1.565  28.274  72.657 0.1250000000
95351  -1.522  28.020  71.561 0.1250000000
95935  -1.678  28.840  71.998 0.1250000000
95945  -1.486  28.557  71.240 0.1250000000
94774  -1.163  27.285  71.056 0.1250000000
95944  -1.196  28.749  70.645 0.1250000000
95953  -0.643  28.208  70.152 0.1250000000
95952  -0.124  28.501  69.505 0.1250000000
95374  -0.117  27.636  69.672 0.1250000000
131461  0.892  29.389  68.362 0.1250000000
96561  0.368  29.807  68.801 0.1250000000
95387  0.489  27.966  69.015 0.1250000000
96568  1.292  29.452  67.755 0.1250000000
95963  1.123  28.806  68.127 0.1250000000
117444  1.297  28.144  67.776 0.1250000000
95386  1.110  27.489  68.375 0.1250000000
96578  1.527  29.552  66.896 0.1250000000
95976  1.416  28.800  67.317 0.1250000000
95984  1.527  28.866  66.386 0.1250000000
125076  1.383  29.016  65.386 0.1250000000
130915  0.956  28.734  64.731 0.1250000000
95989  0.347  28.146  64.385 0.1250000000
127630  0.121  27.393  64.294 0.1250000000
95990  -0.017  28.378  63.909 0.1250000000
95404  -0.303  27.574  63.954 0.1250000000
131945  -0.157  27.891  63.827 0.1250000000
95996  0.330  28.309  63.047 0.1250000000
95995  1.041  28.749  62.440 0.1250000000
95994  2.171  28.141  62.138 0.1250000000
96553  -0.864  29.922  69.945 0.1250000000
96543  -1.267  29.565  70.639 0.1250000000
121163  -0.720  29.042  70.014 0.1250000000
96552  -0.192  29.398  69.393 0.1250000000
96560  1.002  30.093  68.210 0.1250000000
116193  0.227  29.302  63.729 0.1250000000
96598  0.327  29.319  62.824 0.1250000000
96006  1.596  29.126  61.716 0.1250000000
96597  0.725  29.781  62.009 0.1250000000
119459  0.432  30.429  62.300 0.1250000000
96005  1.910  29.311  60.987 0.1250000000
97121  -1.011  30.829  69.945 0.1250000000
97104  -1.365  31.001  71.731 0.1250000000
54151  16.865  -21.591  75.396 0.2500000000
82375  50.741  8.637  39.606 0.1250000000
133042  9.731  6.622  78.342 0.2500000000
80256  1.953  6.796  69.058 0.3750000000
89657  1.225  18.061  70.986 0.1250000000
91549  0.198  21.272  78.019 0.1250000000
82308  48.846  10.085  47.363 0.1250000000
54152  16.583  -21.866  74.338 0.2500000000
83190  51.090  9.858  43.838 0.1250000000
55152  26.893  -20.447  68.304 0.1250000000
55168  27.571  -20.392  67.666 0.1250000000
115133  27.360  -20.642  66.977 0.1250000000
72193  44.247  -2.494  50.121 0.1250000000
55089  17.664  -20.096  73.836 0.2500000000
54158  16.690  -21.643  73.374 0.2500000000
70341  42.464  -4.370  58.259 0.2500000000
70349  43.634  -4.307  57.169 0.1250000000
69521  42.597  -5.101  56.382 0.1250000000
50335  15.097  -25.128  72.548 0.2500000000
50334  15.415  -24.522  72.051 0.2500000000
50346  15.008  -25.171  71.830 0.2500000000
52316  15.962  -23.482  72.856 0.2500000000
55107  17.246  -20.043  71.882 0.1250000000
116400  15.942  -23.487  71.465 0.1250000000
56120  17.544  -19.623  70.943 0.1250000000
55120  17.145  -20.348  70.295 0.1250000000
54190  16.711  -21.017  70.176 0.1250000000
55140  17.443  -20.128  69.379 0.1250000000
134229  16.499  -21.379  68.834 0.1250000000
54202  16.921  -20.752  68.972 0.1250000000
117181  18.928  -18.797  70.901 0.1250000000
133713  18.573  -19.121  69.887 0.1250000000
56154  18.062  -19.512  69.605 0.1250000000
54216  16.768  -20.972  68.229 0.1250000000
56153  19.198  -18.825  69.948 0.1250000000
56152  20.144  -18.801  69.978 0.1250000000
56172  18.248  -19.417  68.478 0.1250000000
55174  17.724  -19.848  68.160 0.1250000000
56187  19.126  -18.782  68.275 0.1250000000
128977  16.388  -22.237  72.805 0.1250000000
128976  16.357  -22.129  72.241 0.1250000000
53299  16.139  -22.893  71.874 0.1250000000
54179  16.330  -21.948  71.446 0.1250000000
52374  15.913  -23.232  69.476 0.1250000000
53337  15.971  -22.737  68.672 0.1250000000
52391  15.752  -23.422  68.571 0.1250000000
51380  15.493  -24.028  68.409 0.1250000000
51390  15.317  -24.092  67.593 0.1250000000
56168  22.433  -19.299  68.450 0.1250000000
56170  20.669  -18.678  69.070 0.1250000000
55173  22.870  -19.449  67.711 0.1250000000
55171  24.630  -20.682  67.648 0.1250000000
55170  25.338  -20.824  67.710 0.1250000000
136868  24.916  -20.949  67.277 0.1250000000
130910  26.028  -21.247  66.588 0.1250000000
55189  26.909  -20.932  66.369 0.1250000000
70342  41.621  -4.484  58.481 0.2500000000
117266  39.114  0.941  48.594 0.1250000000
122520  38.298  1.008  48.403 0.1250000000
71270  42.772  -3.521  50.398 0.1250000000
134706  41.674  2.287  49.018 0.2500000000
83125  44.268  10.049  51.813 0.1250000000
128900  42.903  9.317  49.880 0.1250000000
81397  45.138  7.806  48.367 0.1250000000
81398  44.219  7.754  48.414 0.1250000000
82278  46.246  9.926  49.933 0.1250000000
81396  46.013  8.045  48.172 0.1250000000
81177  2.907  7.793  68.463 0.3750000000
81413  47.347  8.034  46.974 0.1250000000
116474  4.545  7.121  61.241 0.1250000000
82979  0.494  9.256  69.406 0.3750000000
119187  6.843  7.629  61.839 0.1250000000
82345  49.776  8.323  41.811 0.1250000000
84573  1.101  11.270  68.559 0.2500000000
84574  -0.914  11.548  68.515 0.2500000000
84581  4.074  11.866  67.407 0.1250000000
125630  -0.233  12.355  67.415 0.2500000000
85304  3.363  12.458  67.099 0.1250000000
85317  4.845  12.299  66.170 0.1250000000
86015  -1.451  13.378  69.224 0.1250000000
85321  1.597  12.802  66.749 0.2500000000
85319  3.380  12.863  66.500 0.1250000000
86040  3.678  13.210  66.019 0.1250000000
130658  -1.439  13.221  66.727 0.2500000000
86119  3.701  14.017  63.378 0.1250000000
87523  -1.329  15.475  70.867 0.1250000000
86060  -1.417  13.576  66.246 0.2500000000
88237  -1.114  16.233  71.137 0.1250000000
121813  -0.751  15.072  67.765 0.1250000000
86077  -0.320  13.321  64.510 0.1250000000
86831  -1.419  13.931  65.667 0.2500000000
86100  1.346  13.817  63.748 0.1250000000
118007  0.703  16.406  68.691 0.1250000000
86859  0.418  13.994  63.127 0.1250000000
88975  1.729  17.404  69.391 0.1250000000
88305  -1.396  15.227  63.290 0.1250000000
86874  -1.485  14.366  62.062 0.1250000000
88309  -1.715  15.495  62.291 0.1250000000
127210  2.485  19.346  70.201 0.1250000000
116659  2.630  18.257  69.030 0.1250000000
116581  2.539  18.755  69.614 0.1250000000
132862  2.800  17.768  67.213 0.1250000000
89676  2.900  18.219  68.196 0.1250000000
89034  2.331  17.915  65.378 0.1250000000
92213  -0.420  22.823  76.142 0.1250000000
90949  2.749  20.884  69.836 0.1250000000
91591  2.899  21.883  68.826 0.1250000000
91598  3.366  21.320  67.520 0.1250000000
90373  1.778  19.487  64.509 0.1250000000
92842  -0.178  23.828  72.876 0.1250000000
92845  0.986  23.158  71.131 0.1250000000
92236  2.068  22.137  70.061 0.1250000000
91586  2.595  21.641  69.587 0.1250000000
92257  2.673  22.661  68.519 0.1250000000
91610  2.901  22.045  66.396 0.1250000000
92838  -0.440  24.192  73.806 0.1250000000
92247  1.720  22.956  69.772 0.1250000000
92267  3.146  22.083  67.192 0.1250000000
92268  2.844  22.799  67.674 0.1250000000
94802  0.383  26.599  64.531 0.1250000000
94166  0.636  25.587  69.579 0.1250000000
94169  1.751  25.699  68.232 0.1250000000
94801  1.315  26.631  65.322 0.1250000000
95360  -0.653  27.408  70.354 0.1250000000
134000  0.916  28.253  68.443 0.1250000000
121569  1.513  28.108  66.878 0.1250000000
96544  -1.552  29.228  71.369 0.1250000000
95964  0.504  28.864  68.821 0.1250000000
97120  -0.344  30.318  69.328 0.1250000000
45914  -5.409  -29.486  76.383 0.1250000000
134908  -5.506  -29.789  75.930 0.1250000000
45938  -5.492  -29.250  75.450 0.1250000000
46991  -5.550  -29.185  74.636 0.1250000000
45907  -5.364  -29.452  76.957 0.1250000000
49299  -4.145  -26.518  72.407 0.1250000000
50359  -3.120  -25.333  70.666 0.1250000000
124144  -5.309  -28.833  76.946 0.1250000000
51352  -3.414  -24.429  71.019 0.1250000000
51372  -2.789  -24.693  70.406 0.1250000000
121318  -3.229  -23.838  70.633 0.1250000000
52397  -1.896  -23.358  69.183 0.1250000000
130280  -2.259  -23.733  69.682 0.1250000000
134239  -1.497  -23.776  68.600 0.1250000000
51383  -1.785  -24.467  69.188 0.1250000000
53379  -1.923  -22.221  64.829 0.1250000000
124265  -4.147  -23.787  71.314 0.1250000000
52366  -3.746  -23.595  70.887 0.1250000000
53333  -3.169  -22.776  70.124 0.1250000000
52365  -3.610  -23.102  70.531 0.1250000000
52384  -2.811  -23.595  70.199 0.1250000000
135210  -1.992  -22.571  69.032 0.1250000000
52383  -2.551  -22.854  69.636 0.1250000000
52396  -1.489  -22.923  68.460 0.1250000000
53345  -1.762  -21.938  68.309 0.1250000000
54254  -1.860  -21.456  66.206 0.1250000000
54239  -1.634  -21.607  67.195 0.1250000000
122131  -2.484  -20.947  65.901 0.1250000000
53372  -1.463  -22.130  65.650 0.1250000000
55214  -2.825  -20.439  66.059 0.1250000000
53373  -2.370  -21.407  65.286 0.1250000000
53380  -2.781  -21.732  64.451 0.1250000000
54263  -2.949  -20.706  65.256 0.1250000000
55240  -4.447  -20.649  63.446 0.1250000000
55254  -4.788  -20.614  62.720 0.1250000000
126933  -4.588  -20.012  63.139 0.1250000000
52347  -4.189  -23.182  71.011 0.1250000000
54208  -3.025  -22.165  69.750 0.1250000000
53346  -2.373  -21.989  69.160 0.1250000000
55162  -2.509  -20.652  68.146 0.1250000000
54240  -2.123  -21.095  67.677 0.1250000000
54255  -2.298  -20.976  66.682 0.1250000000
55200  -3.174  -19.916  66.345 0.1250000000
56210  -3.459  -19.444  66.212 0.1250000000
54264  -3.510  -20.670  64.529 0.1250000000
54276  -3.644  -21.336  64.057 0.1250000000
56228  -3.450  -19.668  65.524 0.1250000000
55215  -3.282  -20.164  65.190 0.1250000000
55227  -3.705  -20.323  64.387 0.1250000000
55239  -4.024  -20.736  63.989 0.1250000000
56243  -3.660  -19.819  64.693 0.1250000000
137293  -4.147  -20.067  63.923 0.1250000000
56257  -4.325  -19.243  63.472 0.1250000000
56271  -4.449  -19.243  62.787 0.1250000000
57208  -4.178  -18.687  62.192 0.1250000000
54225  -2.732  -21.234  69.190 0.1250000000
55181  -2.962  -20.020  67.524 0.1250000000
56194  -3.384  -19.437  67.029 0.1250000000
56229  -3.739  -19.192  65.140 0.1250000000
56244  -4.027  -19.213  64.304 0.1250000000
57187  -4.167  -18.359  63.769 0.1250000000
57195  -4.276  -18.395  62.956 0.1250000000
58072  -4.088  -17.551  63.203 0.1250000000
57194  -3.992  -17.733  62.572 0.1250000000
58071  -3.842  -17.196  62.898 0.1250000000
57207  -3.815  -18.056  62.083 0.1250000000
56177  -3.227  -19.541  68.055 0.1250000000
56211  -3.608  -19.216  65.817 0.1250000000
57170  -3.851  -18.530  65.729 0.1250000000
123521  -4.030  -17.536  65.618 0.1250000000
58051  -3.925  -17.189  65.000 0.1250000000
58059  -3.950  -17.551  64.093 0.1250000000
58958  -3.765  -17.014  64.453 0.1250000000
58058  -3.798  -17.127  63.642 0.1250000000
58972  -3.225  -16.952  63.520 0.1250000000
124635  -3.759  -18.778  66.570 0.1250000000
125611  -4.065  -17.781  66.326 0.1250000000
58938  -3.853  -16.472  65.201 0.1250000000
125415  -4.380  -16.737  67.395 0.1250000000
137478  -4.287  -16.950  66.086 0.1250000000
58902  -4.416  -16.140  66.858 0.1250000000
127273  -4.157  -16.617  65.682 0.1250000000
58916  -4.350  -16.301  66.212 0.1250000000
69493  37.594  -5.480  59.325 0.1250000000
69506  37.485  -5.479  58.485 0.1250000000
69492  38.452  -5.098  59.606 0.1250000000
69504  39.332  -4.715  59.202 0.1250000000
137365  38.752  -4.867  58.946 0.1250000000
69515  38.488  -5.381  57.695 0.1250000000
135135  37.943  -5.384  58.092 0.1250000000
69507  36.794  -5.703  58.219 0.1250000000
69523  38.965  -5.751  56.843 0.1250000000
70344  40.107  -4.575  59.114 0.1250000000
116268  39.034  -4.950  58.404 0.1250000000
69503  39.892  -4.853  58.456 0.1250000000
45924  -5.403  -29.293  75.984 0.1250000000
58069  -2.473  -17.137  63.035 0.1250000000
114504  39.558  -5.283  57.554 0.1250000000
51371  -2.322  -24.594  69.840 0.1250000000
54224  -2.257  -21.344  68.574 0.1250000000
53357  -1.158  -22.493  67.569 0.1250000000
57182  -3.933  -18.266  64.809 0.1250000000
69505  38.239  -5.177  58.644 0.1250000000
60861  4.360  -13.739  65.977 0.1250000000
60889  4.862  -14.235  64.597 0.1250000000
135725  4.116  -15.165  65.280 0.1250000000
137513  3.757  -14.898  66.080 0.1250000000
59884  4.485  -14.878  64.886 0.1250000000
59885  3.669  -15.387  65.654 0.1250000000
68664  1.977  -7.443  56.768 0.2500000000
67719  3.195  -8.316  55.385 0.1250000000
68662  3.115  -7.235  55.965 0.1250000000
68652  2.384  -6.370  57.067 0.2500000000
69518  2.818  -5.442  57.309 0.2500000000
68663  2.555  -7.105  56.459 0.2500000000
69508  1.483  -5.705  58.044 0.2500000000
69519  2.121  -5.661  57.658 0.2500000000
70354  2.429  -4.814  57.831 0.2500000000
73167  3.753  -1.908  58.023 0.1250000000
73151  4.192  -1.226  58.449 0.1250000000
74036  4.111  -0.021  59.319 0.1250000000
74936  2.351  0.684  60.241 0.1250000000
76577  2.723  2.375  60.336 0.1250000000
74956  4.859  0.326  59.056 0.1250000000
127710  3.687  1.131  59.922 0.1250000000
79440  43.490  5.959  50.257 0.1250000000
80401  43.167  7.039  50.898 0.1250000000
81359  44.367  8.671  52.236 0.1250000000
80542  54.334  6.031  37.393 0.1250000000
81510  54.447  6.925  37.415 0.1250000000
81518  54.360  7.975  36.737 0.1250000000
81517  54.441  6.887  36.441 0.1250000000
81511  54.233  8.071  37.577 0.1250000000
124341  54.075  8.853  37.045 0.1250000000
82395  54.344  8.117  35.858 0.1250000000
82396  54.058  8.945  36.308 0.1250000000
81526  54.085  8.485  35.147 0.1250000000
82388  53.867  9.129  37.755 0.1250000000
83240  53.543  9.586  37.002 0.1250000000
83247  53.569  9.477  35.931 0.1250000000
82408  53.593  9.404  35.148 0.1250000000
83235  53.105  10.074  37.540 0.1250000000
83229  52.632  10.067  37.969 0.1250000000
83241  53.137  9.788  36.463 0.1250000000
82389  51.773  9.340  37.429 0.1250000000
83257  52.940  9.747  34.353 0.1250000000
83248  53.124  9.729  35.358 0.1250000000
127063  50.946  8.857  36.011 0.1250000000
83236  52.554  9.745  36.974 0.1250000000
83242  52.475  9.735  35.874 0.1250000000
82403  51.700  9.555  35.385 0.1250000000
83249  52.462  9.888  34.710 0.1250000000
82410  51.523  9.776  34.240 0.1250000000
83258  52.299  10.027  33.641 0.1250000000
83259  51.676  10.045  33.121 0.1250000000
83272  52.156  10.064  32.744 0.1250000000
83285  52.072  10.086  32.121 0.1250000000
78161  11.925  4.569  80.131 0.1250000000
115655  12.625  5.255  80.061 0.1250000000
80135  13.019  6.153  80.217 0.1250000000
79153  13.578  5.675  79.746 0.1250000000
80149  13.823  6.445  78.489 0.1250000000
123370  11.032  5.736  80.138 0.1250000000
80134  13.859  6.477  79.696 0.1250000000
81061  13.984  7.282  79.628 0.1250000000
122158  14.198  6.914  79.119 0.1250000000
114846  10.505  5.970  79.733 0.1250000000
80137  10.823  6.469  80.250 0.1250000000
80132  11.573  6.997  80.535 0.1250000000
137628  12.453  6.658  80.469 0.1250000000
82900  14.444  10.030  78.090 0.1250000000
80143  9.817  6.888  79.147 0.1250000000
81060  11.004  7.714  80.498 0.1250000000
82893  12.595  8.969  80.295 0.1250000000
82027  11.572  8.326  80.564 0.1250000000
122998  14.393  10.098  79.264 0.1250000000
122714  13.369  9.878  79.924 0.1250000000
82029  13.368  8.396  80.119 0.1250000000
82026  12.586  8.058  80.514 0.1250000000
83713  14.717  10.752  78.504 0.1250000000
82898  14.297  9.169  79.155 0.1250000000
82028  13.986  8.214  79.519 0.1250000000
129553  10.781  9.757  80.373 0.1250000000
82031  10.510  8.407  80.329 0.1250000000
81068  9.669  7.732  79.395 0.1250000000
133075  13.018  11.675  79.365 0.1250000000
131528  12.482  10.452  79.952 0.1250000000
82895  11.940  9.804  80.235 0.1250000000
131907  13.574  10.840  79.468 0.1250000000
137222  9.460  8.036  78.697 0.1250000000
82032  9.764  8.467  79.933 0.1250000000
82034  9.478  8.530  79.117 0.1250000000
72136  3.480  -2.649  57.693 0.1250000000
74948  2.877  0.188  59.891 0.1250000000
79154  11.495  5.149  80.007 0.1250000000
82897  9.504  9.262  79.745 0.1250000000
83710  11.266  10.442  80.212 0.1250000000
137916  1.883  -5.123  58.107 0.2500000000
61816  5.357  -13.057  64.188 0.1250000000
74935  3.100  0.920  60.151 0.1250000000
77406  2.428  3.285  60.280 0.1250000000
81369  43.793  7.794  51.594 0.1250000000
74946  4.315  0.868  59.549 0.1250000000
74947  3.581  0.445  59.712 0.1250000000
82402  54.006  8.982  35.613 0.1250000000
82397  51.725  9.367  36.439 0.1250000000
82404  50.949  9.061  35.128 0.1250000000
78160  12.745  4.372  80.177 0.1250000000
80136  11.837  6.034  80.425 0.1250000000
117193  13.365  6.913  80.222 0.1250000000
80141  14.017  5.990  79.081 0.1250000000
81063  10.198  7.085  79.843 0.1250000000
81059  11.823  7.671  80.625 0.1250000000
121102  14.113  9.201  78.435 0.1250000000
81064  10.195  7.750  80.138 0.1250000000
82030  11.166  9.110  80.421 0.1250000000
82894  13.750  9.125  79.689 0.1250000000
83709  14.543  11.010  78.922 0.1250000000
82033  14.191  8.344  78.873 0.1250000000
47038  14.006  -27.692  71.107 0.1250000000
48128  13.858  -27.654  72.436 0.1250000000
47004  13.959  -27.707  71.804 0.1250000000
131891  13.652  -27.760  71.558 0.1250000000
130529  12.881  -27.800  71.311 0.1250000000
47039  13.568  -27.764  70.772 0.1250000000
114955  11.807  -27.810  71.204 0.1250000000
135089  12.363  -27.734  70.832 0.1250000000
130609  11.055  -27.743  70.573 0.1250000000
47058  13.996  -27.729  70.176 0.1250000000
47059  13.403  -27.831  69.864 0.1250000000
47040  12.808  -27.750  70.453 0.1250000000
123993  11.904  -27.680  70.298 0.1250000000
47061  11.146  -27.682  69.946 0.1250000000
125374  10.454  -27.741  70.077 0.1250000000
48159  14.028  -27.976  69.271 0.1250000000
47060  12.538  -27.779  69.620 0.1250000000
128863  11.617  -27.701  69.425 0.1250000000
128689  10.734  -27.630  69.378 0.1250000000
47062  9.871  -27.573  69.542 0.1250000000
137140  14.406  -27.705  68.862 0.1250000000
48172  13.844  -27.893  68.486 0.1250000000
47078  12.201  -27.792  68.745 0.1250000000
47079  11.152  -27.618  68.566 0.1250000000
47081  9.253  -27.362  68.925 0.1250000000
48117  13.308  -27.459  73.957 0.1250000000
46995  12.972  -27.653  73.350 0.1250000000
48116  13.634  -27.557  73.182 0.1250000000
47005  13.409  -27.716  72.590 0.1250000000
46997  12.065  -27.888  73.522 0.1250000000
137351  13.699  -27.757  72.070 0.1250000000
47020  13.182  -27.811  72.048 0.1250000000
47021  12.338  -27.963  72.018 0.1250000000
47041  10.752  -27.875  71.249 0.1250000000
125373  9.617  -27.762  70.377 0.1250000000
128688  8.972  -27.482  69.717 0.1250000000
128690  8.024  -27.672  69.904 0.1250000000
47082  8.333  -27.447  69.032 0.1250000000
134930  11.482  -28.105  73.225 0.1250000000
45945  3.423  -28.977  73.381 0.1250000000
47022  11.314  -28.020  71.992 0.1250000000
45952  3.328  -29.015  72.672 0.1250000000
47042  9.847  -27.955  71.143 0.1250000000
45963  3.907  -28.706  72.096 0.1250000000
47043  9.021  -27.913  70.960 0.1250000000
47028  4.557  -28.358  71.475 0.1250000000
125372  8.769  -27.685  70.364 0.1250000000
47047  5.220  -27.991  70.814 0.1250000000
47063  7.213  -27.644  69.859 0.1250000000
47084  6.505  -27.587  69.446 0.1250000000
47064  5.850  -27.713  70.140 0.1250000000
129813  8.612  -27.876  74.079 0.1250000000
119415  4.830  -28.583  73.923 0.1250000000
45944  4.029  -28.621  73.633 0.1250000000
114368  8.763  -27.848  72.662 0.1250000000
114373  8.156  -27.746  73.522 0.1250000000
114372  7.096  -27.767  73.357 0.1250000000
46999  5.492  -28.358  73.456 0.1250000000
47000  4.725  -28.513  73.163 0.1250000000
45951  3.982  -28.696  72.893 0.1250000000
114367  7.735  -27.693  72.581 0.1250000000
47007  6.165  -28.015  73.016 0.1250000000
47008  5.424  -28.239  72.686 0.1250000000
47009  4.668  -28.426  72.356 0.1250000000
47025  8.238  -27.818  71.833 0.1250000000
47026  7.352  -27.782  71.770 0.1250000000
114366  6.805  -27.786  72.443 0.1250000000
133457  6.058  -27.994  72.318 0.1250000000
47027  5.493  -28.079  71.771 0.1250000000
47044  8.259  -27.803  70.727 0.1250000000
115378  7.819  -27.825  71.184 0.1250000000
115355  7.009  -27.798  71.077 0.1250000000
47046  6.130  -27.820  70.981 0.1250000000
47045  7.503  -27.743  70.522 0.1250000000
125376  6.712  -27.697  70.339 0.1250000000
114378  7.987  -27.886  74.390 0.1250000000
114377  7.069  -28.023  74.211 0.1250000000
46998  6.259  -28.165  73.823 0.1250000000
116976  3.803  -8.567  57.625 0.1250000000
116021  3.637  -8.587  56.715 0.1250000000
66665  2.989  -8.669  55.954 0.1250000000
66657  2.758  -8.707  56.966 0.1250000000
66666  2.502  -8.490  56.367 0.1250000000
67710  2.519  -8.094  56.112 0.1250000000
66658  1.895  -8.804  57.079 0.1250000000
75618  16.847  1.683  78.525 0.1250000000
75611  16.358  1.356  79.357 0.1250000000
75619  16.279  2.194  78.891 0.1250000000
114379  8.893  -27.865  74.674 0.1250000000
46989  4.068  -28.589  74.502 0.1250000000
127420  13.206  -27.967  68.970 0.1250000000
47080  10.165  -27.474  68.751 0.1250000000
47006  12.676  -27.840  72.693 0.1250000000
114371  11.812  -28.050  72.713 0.1250000000
137877  10.331  -27.838  70.669 0.1250000000
134577  8.511  -27.890  71.275 0.1250000000
47065  4.963  -27.831  69.922 0.1250000000
134825  7.572  -27.820  73.870 0.1250000000
116912  6.473  -27.857  71.712 0.1250000000
46929  -1.306  -27.682  80.354 0.2500000000
46931  -2.992  -27.537  80.047 0.3750000000
51260  15.118  -24.111  76.681 0.5000000000
51335  15.772  -23.968  72.200 0.2500000000
52259  15.284  -23.597  77.390 0.6250000000
52260  13.799  -23.586  77.891 0.8750000000
53241  15.370  -22.699  78.521 0.7500000000
53258  16.182  -22.942  76.469 0.3750000000
53289  16.139  -22.927  72.550 0.1250000000
53313  16.102  -22.681  70.994 0.1250000000
54129  15.831  -21.424  79.158 0.7500000000
54130  15.376  -21.459  79.122 0.8750000000
54133  14.216  -22.656  78.297 0.8750000000
54135  16.390  -22.163  78.209 0.7500000000
54203  16.506  -21.425  69.584 0.1250000000
54275  -3.140  -21.090  64.696 0.1250000000
55199  -2.667  -20.461  67.063 0.1250000000
56031  16.414  -19.575  79.088 0.7500000000
56034  17.110  -19.563  78.878 0.7500000000
56135  18.905  -18.840  70.337 0.1250000000
57169  8.983  -18.428  66.760 1.0000000000
57919  19.938  -17.389  77.787 0.6250000000
57922  16.882  -17.783  78.860 0.7500000000
57923  16.150  -17.913  78.709 0.7500000000
57968  -5.168  -17.788  74.866 0.7500000000
58030  -4.333  -16.931  66.672 0.1250000000
58802  19.240  -17.496  78.130 0.8750000000
58815  16.364  -16.948  77.763 0.8750000000
58823  17.038  -16.225  77.293 0.8750000000
58829  -5.139  -17.237  77.101 0.7500000000
60636  10.084  -14.970  81.479 0.8750000000
60807  1.364  -14.422  69.617 0.7500000000
60811  -3.312  -14.340  69.402 0.3750000000
60830  2.865  -14.096  68.349 0.7500000000
60862  3.844  -14.339  66.461 0.1250000000
60874  4.662  -14.024  65.266 0.2500000000
61677  5.124  -13.616  76.501 0.8750000000
62729  0.695  -12.607  70.621 0.8750000000
62775  27.207  -12.089  64.982 0.5000000000
63707  0.811  -11.342  70.143 0.8750000000
63730  28.962  -11.471  66.598 0.7500000000
63742  27.481  -11.394  65.141 0.5000000000
63761  -0.827  -11.201  64.083 0.7500000000
63773  -1.039  -11.236  63.420 0.7500000000
63788  0.192  -11.408  62.628 0.6250000000
63813  -1.228  -11.398  61.760 0.6250000000
64647  1.103  -10.862  68.969 0.8750000000
64658  0.445  -10.236  67.884 0.8750000000
64705  25.412  -10.677  62.935 0.5000000000
64706  24.932  -10.692  62.405 0.5000000000
64715  -1.678  -10.911  62.567 0.6250000000
65534  -2.535  -9.058  75.384 0.7500000000
65653  -1.105  -10.278  63.565 0.8750000000
65662  -1.780  -10.644  62.236 0.6250000000
65684  12.905  -9.156  60.761 0.8750000000
66451  18.083  -8.266  77.147 0.7500000000
66489  5.867  -8.893  73.303 0.8750000000
66492  -1.996  -7.945  73.389 0.8750000000
66541  -1.836  -7.909  69.189 0.8750000000
66560  -0.841  -8.418  67.459 0.8750000000
66616  -2.237  -9.323  60.683 0.6250000000
66624  -2.513  -9.056  60.100 0.5000000000
66625  -2.472  -8.772  59.690 0.5000000000
66651  -1.602  -9.267  58.771 0.5000000000
67475  -2.571  -7.190  72.228 0.8750000000
67498  -1.632  -7.233  70.946 0.8750000000
67500  -3.126  -7.168  71.519 0.8750000000
67527  -2.636  -7.308  70.962 0.8750000000
67546  1.561  -7.410  69.318 0.8750000000
67595  40.102  -7.439  65.628 0.8750000000
67627  0.754  -8.220  64.680 0.8750000000
67652  29.759  -7.378  62.154 0.3750000000
67685  21.997  -7.470  59.367 0.3750000000
68458  6.495  -6.045  72.363 0.8750000000
68487  5.420  -6.064  69.599 0.8750000000
68513  11.131  -6.173  67.707 0.8750000000
68529  2.614  -6.584  66.319 0.8750000000
68535  27.360  -6.770  65.170 0.2500000000
68562  2.218  -6.782  63.937 0.8750000000
68594  1.444  -6.609  62.346 0.8750000000
68603  29.853  -6.536  60.905 0.3750000000
68604  28.506  -6.403  61.349 0.2500000000
69354  20.053  -5.676  77.465 0.3750000000
69394  23.587  -6.241  72.166 0.1250000000
69450  35.235  -5.180  63.112 0.6250000000
69453  27.207  -5.578  62.268 0.1250000000
69457  2.322  -5.648  62.720 0.8750000000
69465  28.142  -5.696  60.951 0.1250000000
69467  26.967  -4.900  61.798 0.1250000000
69484  27.765  -4.993  60.596 0.1250000000
70222  24.311  -4.862  73.066 0.1250000000
70225  6.519  -4.876  72.802 0.8750000000
70241  6.182  -4.386  70.346 0.8750000000
70254  22.614  -4.568  66.750 0.2500000000
70284  3.643  -4.374  64.060 0.8750000000
70303  27.159  -4.670  61.009 0.1250000000
70308  0.855  -5.527  61.747 0.7500000000
70322  20.625  -3.870  60.001 0.2500000000
71068  11.445  -2.989  73.645 0.6250000000
71070  5.830  -3.776  73.085 0.8750000000
71106  4.994  -3.276  67.479 0.8750000000
71121  39.509  -3.122  64.623 0.8750000000
71130  4.275  -3.892  64.988 0.8750000000
71147  -2.481  -3.100  63.466 0.7500000000
71157  1.993  -4.694  62.472 0.8750000000
71215  45.882  -3.294  56.349 0.5000000000
71224  46.231  -2.958  55.338 0.5000000000
71237  37.189  -3.017  54.274 0.3750000000
71248  36.117  -3.381  53.163 0.1250000000
71249  35.499  -3.473  53.433 0.1250000000
71966  27.341  -2.710  73.863 0.1250000000
71990  23.612  -3.220  70.944 0.1250000000
72024  3.892  -2.363  66.007 0.8750000000
72027  22.300  -2.348  65.752 0.1250000000
72033  38.595  -2.396  64.708 0.8750000000
72145  31.459  -2.417  56.242 0.1250000000
72149  46.598  -2.578  55.554 0.7500000000
72160  38.483  -2.417  54.513 0.3750000000
72991  -1.294  -0.745  70.551 0.7500000000
72995  23.677  -1.967  69.269 0.1250000000
73010  2.300  -1.562  68.584 0.8750000000
73040  2.010  -1.741  65.181 0.7500000000
73077  33.227  -1.884  62.256 0.3750000000
73081  19.894  -0.905  61.906 0.2500000000
73096  18.561  -1.270  61.355 0.2500000000
73101  44.482  -1.239  60.349 0.8750000000
73129  28.874  -1.612  59.266 0.1250000000
73131  27.506  -1.353  59.432 0.1250000000
73181  39.971  -1.826  55.398 0.7500000000
73196  40.486  -1.320  53.490 0.5000000000
73197  39.789  -1.686  53.767 0.5000000000
73206  38.780  -2.081  52.282 0.1250000000
73222  39.288  -1.259  50.774 0.1250000000
73913  7.522  -0.867  74.016 0.6250000000
73920  27.052  -1.087  74.206 0.1250000000
73925  10.442  -0.657  73.445 0.6250000000
73927  8.553  0.027  73.399 0.6250000000
73928  7.903  0.254  73.506 0.6250000000
73963  24.393  -0.357  68.337 0.1250000000
73973  -2.462  -0.377  67.922 0.7500000000
74087  41.123  -0.942  53.498 0.5000000000
74123  38.511  -0.654  49.382 0.1250000000
74130  38.152  -0.255  48.834 0.1250000000
74861  24.939  1.080  67.770 0.1250000000
74883  23.375  0.240  66.308 0.1250000000
74922  18.113  0.560  62.440 0.1250000000
74949  2.209  0.020  59.981 0.3750000000
75028  39.482  0.248  49.047 0.1250000000
75037  39.969  0.979  48.759 0.1250000000
75631  11.651  1.989  78.531 0.5000000000
75657  6.526  1.740  73.942 0.6250000000
75658  5.926  1.681  74.416 0.6250000000
75744  22.556  1.554  64.863 0.1250000000
75789  0.726  1.377  60.581 0.3750000000
75852  44.066  1.589  51.240 0.5000000000
76466  9.474  2.621  74.334 0.5000000000
76478  6.772  2.411  73.711 0.6250000000
76499  25.865  2.665  69.993 0.1250000000
76520  4.687  2.380  68.726 0.6250000000
76555  21.063  2.342  63.714 0.1250000000
76560  3.595  3.235  63.622 0.6250000000
76562  1.544  2.478  63.436 0.3750000000
76674  42.310  2.508  49.240 0.2500000000
77272  3.906  3.806  77.039 0.6250000000
77306  7.037  3.028  73.566 0.6250000000
77362  24.261  3.615  66.178 0.1250000000
77400  -1.763  4.150  61.694 0.3750000000
77441  48.450  3.210  54.496 0.8750000000
77490  43.336  3.227  49.501 0.2500000000
78152  1.242  4.302  81.847 0.6250000000
78284  23.210  4.244  65.433 0.1250000000
78310  -1.560  4.819  61.658 0.3750000000
78325  -1.654  4.831  61.031 0.3750000000
79193  5.454  5.481  74.240 0.3750000000
79202  7.653  5.405  73.480 0.3750000000
79284  23.925  4.969  66.372 0.1250000000
79359  -0.586  6.612  60.397 0.3750000000
80142  10.238  6.472  79.619 0.1250000000
80148  -1.751  6.802  78.428 0.5000000000
80308  0.476  6.666  61.855 0.3750000000
80318  -0.727  6.933  60.941 0.3750000000
80322  -0.114  7.330  60.168 0.3750000000
81058  12.534  7.316  80.520 0.1250000000
81062  13.434  7.685  80.174 0.1250000000
81098  9.265  7.635  74.869 0.2500000000
81112  7.966  7.139  72.947 0.2500000000
81113  6.529  7.291  72.866 0.2500000000
81300  1.065  7.468  59.371 0.3750000000
81301  0.446  7.436  59.751 0.3750000000
82039  1.796  8.458  77.632 0.5000000000
82053  9.393  8.743  75.664 0.2500000000
82083  4.657  8.696  73.361 0.3750000000
82095  7.505  8.536  72.702 0.2500000000
82097  5.906  9.005  72.634 0.2500000000
82256  44.927  9.450  52.428 0.2500000000
82356  50.961  9.263  41.647 0.2500000000
82911  9.165  9.356  75.477 0.1250000000
82939  8.336  9.373  73.453 0.1250000000
82941  4.385  9.475  73.109 0.1250000000
82950  8.013  8.980  72.895 0.1250000000
83110  45.368  9.912  52.400 0.1250000000
83111  44.578  9.813  52.316 0.1250000000
83112  43.799  9.621  52.088 0.1250000000
83271  52.507  9.904  33.354 0.1250000000
83737  7.910  10.963  73.984 0.1250000000
83765  6.706  10.277  72.624 0.1250000000
83766  5.915  10.440  72.468 0.1250000000
84497  8.343  11.609  80.033 0.1250000000
84524  6.658  11.694  73.025 0.1250000000
85221  8.164  12.084  80.091 0.1250000000
85260  4.386  12.638  72.387 0.1250000000
85965  14.133  13.639  77.704 0.1250000000
85966  13.665  14.431  77.728 0.1250000000
85968  6.649  13.492  77.014 0.1250000000
85969  14.278  13.796  76.952 0.1250000000
85972  6.562  13.617  76.048 0.1250000000
85975  6.960  13.113  75.367 0.1250000000
85980  6.765  13.164  74.618 0.1250000000
85982  5.678  13.974  73.872 0.2500000000
85999  4.173  13.353  72.565 0.2500000000
86073  5.005  13.362  64.288 0.1250000000
86776  3.830  14.052  72.845 0.2500000000
86860  -1.409  14.044  63.137 0.1250000000
87467  10.702  15.852  78.731 0.1250000000
87493  4.522  14.967  74.040 0.1250000000
87504  3.023  15.311  73.663 0.1250000000
87617  -1.809  14.933  61.677 0.1250000000
88193  11.468  16.322  77.352 0.1250000000
88989  2.336  17.606  68.806 0.1250000000
89052  1.907  18.018  64.720 0.1250000000
89700  3.062  18.435  66.588 0.1250000000
90289  -0.627  19.700  77.745 0.2500000000
90337  3.381  19.574  67.742 0.1250000000
90362  3.038  19.815  65.799 0.1250000000
90380  1.099  19.234  63.920 0.1250000000
90906  7.417  20.740  79.045 0.1250000000
91622  2.998  21.288  65.996 0.1250000000
95361  -1.175  28.006  70.773 0.1250000000
95407  -0.357  27.355  63.621 0.1250000000
113950  43.695  -3.416  51.637 0.2500000000
113963  -3.463  -15.490  66.867 0.2500000000
114206  -4.124  -8.797  73.130 0.7500000000
114425  4.301  -2.605  72.547 0.8750000000
114759  10.953  -6.478  65.932 0.7500000000
114873  4.643  -2.827  66.981 0.8750000000
115634  34.736  -1.631  62.469 0.3750000000
115710  32.897  -1.599  61.434 0.2500000000
115769  3.542  -2.417  72.656 0.8750000000
115914  4.714  -2.649  71.905 0.8750000000
116324  3.189  -9.380  72.598 0.8750000000
116910  22.781  -5.929  68.170 0.3750000000
117651  1.969  -10.496  62.209 0.3750000000
117931  15.797  -18.142  78.552 0.7500000000
118018  5.107  12.289  72.409 0.2500000000
118499  1.559  -12.144  69.687 0.8750000000
118663  26.541  -5.128  63.608 0.1250000000
119536  11.852  3.815  80.235 0.1250000000
119992  5.580  14.560  75.307 0.1250000000
120277  3.809  12.316  72.370 0.2500000000
120967  14.975  -25.028  73.847 0.5000000000
121639  34.427  -13.137  73.885 1.0000000000
121934  5.573  19.813  80.051 0.1250000000
122635  2.028  -26.261  78.988 0.5000000000
123458  43.427  1.883  50.155 0.3750000000
123976  16.010  -20.186  79.189 0.7500000000
124563  4.708  15.206  74.738 0.1250000000
125171  20.278  -1.958  78.086 0.2500000000
125335  -3.956  -15.560  66.822 0.2500000000
125629  33.744  -3.845  62.390 0.5000000000
125754  7.567  10.737  73.394 0.1250000000
126325  19.350  -18.763  77.762 0.6250000000
126883  3.026  2.969  74.574 0.6250000000
126930  27.406  -14.413  68.697 1.0000000000
126954  4.522  1.902  68.422 0.6250000000
127309  -0.785  26.193  63.310 0.1250000000
127391  46.385  2.976  56.204 0.5000000000
127392  45.836  2.750  51.943 0.5000000000
127595  8.537  -9.861  71.581 1.0000000000
128224  2.051  -5.225  62.427 0.8750000000
128711  17.969  -19.477  78.516 0.7500000000
129097  10.458  -19.562  66.055 1.0000000000
129116  0.843  -17.242  80.669 1.0000000000
129597  8.687  7.991  73.688 0.2500000000
129997  10.719  7.198  80.335 0.1250000000
130092  14.927  -19.153  76.425 0.8750000000
130585  14.582  9.918  78.803 0.1250000000
130939  4.698  2.268  66.537 0.6250000000
131184  23.064  -5.647  71.351 0.1250000000
131677  45.534  6.422  46.668 0.1250000000
131861  13.960  -26.811  74.472 0.2500000000
132033  2.404  19.887  70.575 0.1250000000
132298  2.531  -1.660  66.519 0.8750000000
132902  -1.229  -0.694  60.585 0.5000000000
133327  14.397  -2.286  74.856 0.6250000000
133462  29.383  -4.854  59.883 0.1250000000
133501  41.120  -0.859  52.783 0.5000000000
133822  -0.491  7.051  60.490 0.3750000000
134042  15.493  -16.574  73.793 1.0000000000
134057  2.232  3.111  76.202 0.6250000000
134259  -2.581  15.450  75.676 0.2500000000
134473  19.563  -7.398  76.937 0.5000000000
134648  27.149  -2.848  64.931 0.1250000000
134693  0.772  -8.576  57.530 0.3750000000
135056  3.028  -6.280  65.994 0.8750000000
135388  -1.734  3.660  61.058 0.3750000000
136119  39.911  -0.517  61.202 0.7500000000
136201  39.983  -1.460  52.436 0.2500000000
136268  46.252  -0.415  49.336 0.3750000000
136340  18.914  0.575  77.269 0.2500000000
136380  26.912  -1.399  59.700 0.1250000000
136385  14.643  -17.971  68.415 1.0000000000
136638  35.014  -3.519  55.251 0.2500000000
136691  6.647  13.232  77.812 0.1250000000
137071  1.084  6.072  62.276 0.5000000000
137158  0.154  -1.624  66.038 0.7500000000
137407  8.933  -15.484  69.555 1.0000000000
137529  -2.900  -7.056  71.719 0.8750000000
137556  1.979  25.347  66.468 0.1250000000
137704  5.783  -6.657  77.301 0.8750000000
137732  6.571  -6.095  73.467 0.8750000000
137823  46.346  -1.897  52.241 0.5000000000
