#!ascii label  , from subject sub-v2s18x29520_ses-1 vox2ras=TkReg
3786
31  -8.411  -101.791  3.732 0.8999999762
32  -9.369  -102.249  3.386 0.8000000119
10  -10.327  -102.476  3.231 0.8000000119
33  -11.840  -102.511  3.067 0.8000000119
37  -8.758  -101.570  2.559 0.8999999762
39  -10.591  -102.281  2.493 0.8000000119
130927  -12.228  -102.574  2.500 0.8000000119
49  -12.272  -102.383  1.824 0.8000000119
127022  -9.930  -101.432  1.161 0.8000000119
92  -10.619  -101.508  1.007 0.8000000119
131025  -6.441  -99.110  8.952 0.6999999881
267  -6.397  -99.234  6.761 0.8000000119
122468  -5.615  -99.899  6.156 0.6999999881
275  -7.319  -99.876  5.837 0.6000000238
79  -13.448  -102.255  3.024 0.5000000000
42  -13.474  -102.462  2.390 0.6999999881
44  -15.317  -101.702  2.588 0.6000000238
103  -14.013  -101.286  0.734 0.8000000119
102  -13.218  -101.522  0.816 0.8000000119
133733  -14.596  -101.675  1.530 0.6999999881
109  -13.318  -100.856  -0.341 0.8000000119
124005  -6.142  -99.966  8.845 0.8000000119
264  -5.824  -99.841  7.738 0.8000000119
134577  -5.916  -100.070  10.737 0.8000000119
132412  -5.195  -99.979  6.860 1.0000000000
147  -6.091  -100.248  5.212 0.8999999762
68  -6.745  -100.752  4.800 0.8999999762
74  -6.885  -100.703  4.123 0.8999999762
72  -7.232  -101.074  4.466 0.8999999762
76  -7.968  -101.145  2.858 0.8999999762
78  -12.506  -102.293  3.153 0.5000000000
80  -14.408  -102.023  3.064 0.5000000000
142508  -14.073  -102.254  2.335 0.6999999881
45  -15.652  -101.660  2.269 0.6000000238
87  -16.196  -101.459  2.667 0.6000000238
95  -14.743  -101.918  1.959 0.6999999881
124990  -16.324  -101.513  2.156 0.6999999881
86  -8.476  -101.075  1.969 0.8999999762
144061  -9.401  -100.997  0.778 0.8999999762
179  -10.426  -100.831  0.107 1.0000000000
175  -9.877  -100.877  0.610 0.8999999762
188  -13.592  -100.471  -1.250 0.8000000119
105  -15.990  -101.341  1.533 0.6999999881
193  -13.253  -100.214  -1.551 1.0000000000
133123  -14.259  -100.415  -1.280 0.8000000119
195  -15.041  -100.155  -1.654 0.8000000119
387  -6.751  -98.582  16.942 0.6999999881
420  -6.238  -99.828  9.754 0.6999999881
124  -5.206  -100.092  7.546 0.8000000119
251  -4.742  -99.731  9.867 0.8999999762
152  -6.270  -100.318  4.584 1.0000000000
85  -7.387  -100.746  3.423 0.8999999762
97  -17.108  -101.254  2.286 0.6000000238
177  -18.119  -100.527  2.127 0.6000000238
122654  -11.560  -101.159  -0.202 0.8000000119
192  -12.487  -100.360  -1.152 1.0000000000
180  -14.737  -101.056  0.681 0.8000000119
106  -16.809  -101.038  1.616 0.6000000238
182  -16.389  -100.568  0.743 0.6999999881
319  -18.466  -99.917  1.555 0.6000000238
187  -11.774  -100.293  -0.844 1.0000000000
336  -16.637  -99.556  -2.435 0.6999999881
253  -5.976  -100.096  10.601 0.8000000119
259  -5.951  -100.234  9.566 0.8000000119
132560  -6.852  -99.492  14.130 0.8000000119
435  -7.190  -99.023  6.354 0.6000000238
139  -4.984  -99.938  7.092 0.8999999762
114  -4.942  -100.041  9.204 0.8999999762
145  -5.000  -99.551  6.040 1.0000000000
134717  -6.426  -100.192  5.440 0.8999999762
148  -7.025  -100.737  5.255 0.8000000119
69  -7.470  -101.250  5.112 0.8000000119
27  -7.848  -101.577  4.609 0.8999999762
160  -6.631  -100.287  3.902 1.0000000000
170  -8.002  -100.907  2.612 0.8999999762
90  -9.046  -100.998  1.058 0.8999999762
101  -12.321  -101.680  0.835 0.8000000119
104  -15.218  -101.541  1.537 0.6999999881
190  -15.786  -100.212  -0.336 0.8000000119
181  -15.511  -100.837  0.698 0.6999999881
184  -17.920  -100.240  1.403 0.6000000238
328  -11.389  -100.185  -0.555 1.0000000000
335  -13.410  -99.813  -1.588 1.0000000000
196  -16.175  -99.815  -1.425 0.6999999881
191  -16.761  -99.863  -0.215 0.8000000119
132036  -11.082  -93.191  -2.190 0.8000000119
194  -14.164  -100.131  -1.932 1.0000000000
197  -17.204  -99.458  -1.231 0.6999999881
332  -18.308  -99.080  -0.068 0.6000000238
329  -11.996  -99.867  -0.969 1.0000000000
344  -17.990  -98.864  -2.938 0.8000000119
351  -15.472  -99.075  -5.151 0.8999999762
517  -17.885  -98.504  -5.342 0.8999999762
139841  -18.318  -98.697  -3.500 0.8000000119
410  -6.508  -98.987  11.323 0.6000000238
123  -4.923  -100.127  8.561 1.0000000000
131  -4.376  -99.730  7.520 1.0000000000
397  -5.381  -98.726  14.832 0.8999999762
230  -5.505  -99.153  13.399 0.8999999762
434  -4.143  -98.987  6.699 0.8999999762
656  -5.065  -97.716  6.446 1.0000000000
657  -5.965  -97.438  6.261 1.0000000000
138  -4.629  -99.725  6.981 1.0000000000
439  -4.399  -99.076  6.162 1.0000000000
441  -5.696  -98.628  5.242 1.0000000000
662  -6.211  -97.865  5.607 1.0000000000
136626  -7.075  -97.599  5.422 1.0000000000
250  -3.924  -98.924  9.699 0.8999999762
445  -5.267  -99.110  5.162 1.0000000000
896  -7.671  -96.870  5.827 1.0000000000
414  -3.856  -98.393  10.507 0.8999999762
290  -5.787  -99.518  4.779 1.0000000000
446  -6.375  -98.772  4.757 1.0000000000
668  -8.292  -97.932  4.664 1.0000000000
456  -7.288  -99.422  3.852 1.0000000000
126739  -6.885  -99.892  3.674 1.0000000000
305  -8.545  -100.560  2.201 1.0000000000
470  -8.724  -99.914  2.719 1.0000000000
315  -8.850  -100.747  1.440 0.8999999762
1236  -5.486  -95.394  0.181 0.5000000000
306  -9.090  -100.321  1.789 1.0000000000
316  -9.372  -100.595  1.073 1.0000000000
1588  -7.164  -94.632  0.129 0.6999999881
128037  -10.245  -100.286  0.596 1.0000000000
322  -10.575  -100.644  -0.011 1.0000000000
1600  -9.000  -94.352  -1.006 0.8000000119
330  -12.841  -99.741  -1.259 1.0000000000
198  -13.985  -99.932  -1.968 1.0000000000
331  -17.638  -99.465  -0.146 0.6000000238
1609  -9.137  -94.576  -1.759 0.8000000119
1978  -10.286  -93.530  -1.774 0.8000000119
199  -14.818  -99.687  -2.333 1.0000000000
130235  -18.044  -99.006  -1.103 0.6999999881
1999  -11.965  -93.485  -3.484 0.8000000119
202  -15.329  -99.336  -3.147 1.0000000000
342  -15.986  -99.547  -3.702 0.8000000119
338  -18.451  -98.789  -1.972 0.8000000119
503  -19.268  -97.806  -1.212 0.6999999881
507  -18.696  -98.581  -2.759 0.8000000119
957  -19.567  -96.905  -1.553 0.6999999881
511  -16.917  -98.894  -5.079 0.8999999762
737  -19.421  -97.947  -4.582 0.8000000119
983  -19.778  -97.100  -4.771 0.8000000119
740  -18.859  -97.790  -6.346 0.8000000119
566  -5.067  -98.188  19.179 0.6000000238
593  -4.809  -97.902  16.096 0.8999999762
115  -5.449  -100.192  9.228 0.8000000119
649  -3.999  -98.454  7.273 0.8999999762
890  -5.706  -97.071  6.955 1.0000000000
822  -3.505  -96.239  15.618 0.8999999762
243  -5.446  -99.659  11.156 0.8999999762
131189  -3.858  -99.135  8.836 0.8999999762
895  -6.856  -97.162  6.072 1.0000000000
892  -7.444  -96.410  6.503 1.0000000000
125034  -4.863  -97.988  15.017 0.8999999762
602  -4.925  -98.287  14.049 0.8999999762
236  -5.125  -99.113  12.483 0.8999999762
404  -4.210  -98.414  12.148 0.8999999762
663  -7.937  -97.410  5.256 1.0000000000
610  -4.232  -97.448  13.415 0.8999999762
617  -3.967  -97.601  12.584 0.8999999762
127892  -6.979  -98.878  4.354 1.0000000000
667  -7.255  -98.181  4.785 1.0000000000
457  -8.285  -99.343  3.607 1.0000000000
127856  -9.250  -97.742  4.567 1.0000000000
1226  -4.879  -95.053  0.773 0.5000000000
459  -10.194  -98.767  3.216 1.0000000000
135472  -4.664  -95.359  0.304 0.5000000000
471  -9.619  -99.612  2.493 1.0000000000
1587  -6.279  -94.670  0.538 0.5000000000
307  -9.786  -99.974  1.417 1.0000000000
480  -11.275  -99.168  1.434 1.0000000000
124171  -4.976  -95.899  -0.533 0.5000000000
487  -11.431  -99.561  0.350 1.0000000000
701  -12.842  -98.483  0.875 1.0000000000
702  -13.625  -98.056  0.607 0.8999999762
323  -10.943  -100.109  -0.130 1.0000000000
496  -12.351  -99.615  -0.815 1.0000000000
489  -13.150  -99.106  0.043 1.0000000000
490  -13.969  -98.592  -0.223 1.0000000000
144889  -15.489  -97.426  -0.182 0.8999999762
131906  -14.175  -98.855  -1.282 1.0000000000
1247  -6.406  -95.947  -0.925 0.5000000000
1598  -7.626  -94.954  -0.593 0.6999999881
499  -13.783  -99.381  -1.808 1.0000000000
951  -5.407  -96.790  -1.967 0.5000000000
132832  -8.515  -94.962  -1.501 0.8000000119
341  -15.468  -99.404  -3.588 1.0000000000
952  -6.619  -96.554  -1.558 0.5000000000
1622  -10.426  -93.831  -2.656 0.8000000119
345  -14.660  -98.955  -2.580 1.0000000000
337  -17.633  -99.176  -2.159 0.8000000119
714  -19.399  -97.822  -0.244 0.6000000238
1270  -8.067  -96.105  -2.792 0.4000000060
1260  -8.652  -95.284  -2.276 0.8000000119
2000  -12.729  -93.363  -3.614 0.8000000119
346  -15.389  -99.024  -4.099 0.8999999762
502  -18.990  -98.420  -1.846 0.6999999881
514  -15.299  -98.964  -5.055 0.8999999762
352  -15.958  -98.995  -5.327 0.8999999762
349  -17.451  -98.981  -4.041 0.8999999762
508  -19.129  -98.193  -2.792 0.8000000119
513  -18.922  -98.435  -4.453 0.8999999762
733  -19.315  -98.027  -3.652 0.8000000119
967  -19.535  -97.417  -2.747 0.6999999881
139732  -19.898  -95.913  -1.550 0.6000000238
1285  -19.920  -96.158  -3.073 0.6999999881
519  -17.408  -98.062  -6.119 0.8999999762
993  -19.668  -96.961  -7.359 0.8000000119
121873  -19.325  -97.372  -6.771 0.8000000119
1296  -20.062  -96.157  -5.016 0.6999999881
127720  -20.569  -94.693  -6.044 0.5000000000
557  -3.892  -97.569  20.054 0.6000000238
573  -3.067  -97.572  18.709 0.8000000119
574  -3.917  -97.909  17.968 0.8999999762
238  -6.344  -99.596  12.338 0.8000000119
218  -5.981  -99.103  15.115 0.8999999762
637  -3.623  -97.598  9.157 0.8999999762
642  -3.752  -97.828  8.321 0.8999999762
887  -5.470  -96.703  7.625 1.0000000000
893  -8.228  -96.180  6.251 1.0000000000
1187  -8.966  -95.990  5.972 1.0000000000
625  -3.805  -97.632  11.796 0.8999999762
901  -8.832  -97.214  5.116 1.0000000000
898  -9.329  -96.490  5.479 1.0000000000
447  -7.808  -98.738  4.264 1.0000000000
903  -10.421  -96.874  4.713 1.0000000000
448  -8.789  -98.550  4.150 1.0000000000
669  -10.122  -97.499  4.408 1.0000000000
685  -11.001  -98.125  2.949 1.0000000000
1586  -5.521  -94.657  0.933 0.5000000000
686  -11.695  -97.420  2.632 1.0000000000
135875  -10.586  -99.204  2.202 1.0000000000
696  -13.232  -97.425  1.291 0.8999999762
131581  -4.334  -95.600  -0.335 0.5000000000
931  -14.007  -96.951  0.883 0.8999999762
703  -14.352  -97.751  0.308 0.8999999762
497  -13.288  -99.361  -0.994 1.0000000000
498  -14.964  -98.319  -1.469 0.8999999762
501  -14.842  -98.362  -2.495 0.8999999762
712  -15.807  -97.678  -0.821 0.8999999762
500  -14.451  -98.808  -2.333 0.8999999762
1989  -12.466  -93.103  -3.054 0.8000000119
506  -14.888  -98.612  -3.254 0.8999999762
726  -15.174  -98.346  -3.892 0.8999999762
145525  -19.023  -98.293  -0.915 0.6999999881
1988  -11.524  -93.372  -2.897 0.8000000119
944  -19.692  -97.017  -0.507 0.6000000238
1282  -8.885  -95.555  -3.868 0.4000000060
1621  -9.419  -94.679  -2.663 0.8000000119
1293  -9.069  -95.325  -4.652 0.5000000000
127914  -10.072  -94.431  -3.458 0.5000000000
1634  -11.882  -93.757  -4.152 0.6999999881
2001  -13.583  -93.343  -3.526 0.8999999762
512  -18.143  -98.664  -4.338 0.8999999762
1275  -20.166  -95.366  -2.227 0.5000000000
520  -18.350  -98.215  -6.017 0.8000000119
1297  -20.254  -95.176  -4.293 0.6999999881
1286  -20.262  -95.248  -3.317 0.5000000000
742  -18.398  -97.536  -6.892 0.8000000119
1658  -20.826  -94.214  -5.213 0.6000000238
125773  -20.359  -94.560  -7.463 0.5000000000
379  -5.536  -98.511  18.099 0.6999999881
612  -7.308  -98.625  14.136 0.6000000238
223  -6.540  -99.340  14.605 0.8999999762
880  -4.527  -96.635  8.704 1.0000000000
121997  -5.310  -96.337  8.353 1.0000000000
1173  -7.309  -95.416  7.537 1.0000000000
601  -4.310  -97.205  14.431 0.8999999762
858  -3.685  -96.995  10.523 1.0000000000
1183  -8.748  -95.498  6.523 1.0000000000
906  -10.847  -97.033  4.129 1.0000000000
677  -11.263  -97.169  3.390 1.0000000000
926  -12.790  -96.946  1.892 0.8999999762
472  -11.334  -98.421  2.282 1.0000000000
1945  -7.386  -93.373  1.290 0.8000000119
694  -11.902  -98.199  1.961 1.0000000000
704  -15.016  -97.055  0.366 0.8999999762
1955  -9.102  -93.282  0.097 0.8000000119
1965  -10.083  -93.273  -1.040 0.8000000119
1979  -11.991  -92.749  -2.405 0.8000000119
727  -15.887  -97.760  -2.747 0.8999999762
731  -15.306  -98.620  -4.887 0.8999999762
735  -16.161  -98.076  -5.165 0.8999999762
515  -15.589  -98.887  -5.253 0.8999999762
516  -16.537  -98.469  -5.537 0.8999999762
1294  -9.835  -94.845  -4.733 0.5000000000
1644  -11.381  -94.034  -4.917 0.6000000238
127580  -12.711  -93.745  -5.079 0.6999999881
131656  -13.565  -93.677  -4.764 0.6999999881
738  -17.337  -97.523  -6.507 0.8000000119
518  -18.882  -98.296  -5.220 0.8000000119
2028  -13.382  -93.649  -5.606 0.6000000238
2045  -14.289  -93.523  -6.337 0.6999999881
142146  -15.151  -93.581  -5.754 0.6999999881
145217  -19.512  -97.483  -6.213 0.8000000119
128073  -20.014  -96.155  -4.014 0.6999999881
1655  -10.095  -94.465  -5.911 0.5000000000
1657  -11.911  -93.871  -5.405 0.6000000238
988  -19.830  -97.076  -5.730 0.8000000119
1310  -20.012  -96.319  -7.082 0.6999999881
2033  -21.202  -93.841  -6.041 0.4000000060
2049  -20.970  -93.785  -7.009 0.5000000000
1161  -6.671  -95.352  8.164 1.0000000000
1525  -7.950  -94.904  7.542 1.0000000000
1526  -8.615  -94.973  7.119 1.0000000000
1537  -10.025  -95.153  6.171 1.0000000000
897  -8.479  -96.660  5.637 1.0000000000
1188  -9.727  -95.789  5.787 1.0000000000
1189  -10.533  -95.479  5.606 1.0000000000
1193  -10.285  -96.304  5.258 1.0000000000
1194  -11.016  -95.822  5.121 1.0000000000
904  -10.979  -96.362  4.613 1.0000000000
907  -11.417  -96.357  3.843 1.0000000000
1227  -12.964  -96.130  2.131 0.8999999762
917  -11.885  -96.486  3.138 1.0000000000
927  -13.421  -96.524  1.538 0.8999999762
932  -14.617  -96.181  0.912 0.8999999762
132897  -7.717  -93.841  0.655 0.8000000119
481  -12.116  -98.893  1.171 1.0000000000
941  -16.031  -96.863  -0.014 0.8999999762
1954  -8.441  -93.608  0.414 0.8000000119
1964  -9.387  -93.630  -0.639 0.8000000119
144874  -11.414  -92.768  -1.938 0.8000000119
1977  -9.553  -93.899  -1.363 0.8000000119
721  -16.381  -97.455  -1.606 0.8999999762
732  -15.990  -97.649  -4.010 0.8999999762
145363  -16.535  -97.210  -4.506 0.8999999762
736  -16.912  -97.706  -5.836 0.8999999762
791  -2.337  -97.256  20.097 0.8000000119
552  -3.076  -97.291  20.258 0.6999999881
797  -2.289  -97.234  19.208 0.8000000119
2708  -4.080  -91.997  14.569 1.0000000000
806  -2.841  -96.996  17.506 0.8999999762
2250  -4.543  -92.254  13.899 1.0000000000
812  -2.780  -96.100  16.450 0.8999999762
813  -3.482  -97.040  16.705 0.8999999762
1093  -3.955  -95.625  14.246 0.8999999762
830  -3.947  -96.269  14.680 0.8999999762
140475  -4.223  -96.033  13.294 1.0000000000
1494  -6.510  -94.472  9.377 1.0000000000
1504  -8.042  -94.275  8.090 1.0000000000
1890  -8.870  -94.047  7.903 1.0000000000
1516  -9.121  -94.418  7.344 1.0000000000
127543  -4.086  -96.599  13.822 0.8999999762
1119  -4.301  -95.481  11.366 1.0000000000
1493  -5.045  -95.274  10.410 1.0000000000
1145  -5.624  -95.074  9.643 1.0000000000
1528  -10.276  -94.455  6.532 1.0000000000
1118  -4.010  -95.977  11.604 1.0000000000
1131  -4.373  -95.763  10.497 1.0000000000
1913  -11.507  -93.483  5.877 1.0000000000
1538  -10.777  -94.746  5.928 1.0000000000
1921  -11.951  -93.656  5.201 1.0000000000
1920  -4.912  -92.815  4.105 0.6999999881
2822  -5.873  -91.646  3.459 0.6999999881
2835  -6.939  -91.356  2.668 0.8999999762
1546  -12.446  -93.831  4.359 1.0000000000
1549  -3.358  -95.010  3.259 0.6999999881
1550  -4.116  -94.405  3.206 0.6999999881
146159  -11.684  -94.984  4.659 1.0000000000
1553  -12.614  -94.334  3.683 1.0000000000
1548  -1.715  -94.620  3.181 0.4000000060
1210  -2.094  -95.092  2.852 0.6000000238
1560  -2.394  -95.068  2.145 0.5000000000
1212  -3.225  -95.099  2.282 0.6000000238
126675  -4.111  -94.644  2.309 0.6000000238
1551  -4.727  -93.829  2.795 0.6999999881
2370  -6.232  -92.006  2.777 0.8000000119
2379  -7.132  -92.209  2.171 0.8999999762
2849  -8.678  -91.718  1.563 0.8999999762
3381  -10.786  -90.031  1.858 0.8999999762
3401  -11.339  -90.315  1.372 0.8999999762
1202  -12.489  -94.981  3.343 0.8999999762
1214  -13.189  -95.312  2.297 0.8999999762
1225  -4.051  -94.960  1.236 0.6000000238
1561  -5.092  -94.061  2.087 0.6000000238
137600  -6.342  -92.907  2.239 0.6999999881
2380  -7.934  -91.943  1.790 0.8999999762
1213  -12.513  -95.733  2.830 0.8999999762
1926  -1.555  -94.247  3.775 0.6000000238
1572  -4.825  -94.608  1.454 0.6000000238
2385  -7.666  -92.695  1.562 0.8000000119
3399  -9.752  -90.984  1.441 0.8999999762
1228  -13.601  -95.739  1.734 0.8999999762
1229  -14.270  -95.533  1.354 0.8999999762
1938  -6.654  -93.488  1.577 0.6000000238
2386  -8.374  -92.471  1.314 0.8000000119
2387  -9.025  -92.223  1.070 0.8000000119
146444  -9.530  -91.924  0.775 0.8999999762
2851  -10.087  -91.350  0.875 0.8999999762
2852  -10.965  -90.837  0.779 0.8999999762
933  -15.490  -96.106  0.589 0.8999999762
1946  -8.079  -93.172  1.034 0.8000000119
2399  -8.742  -92.907  0.761 0.8000000119
137892  -9.373  -92.564  0.470 0.8000000119
2872  -10.757  -91.482  0.187 0.8999999762
2402  -11.374  -91.652  -0.465 0.8999999762
2873  -11.770  -90.983  0.206 0.8999999762
1239  -14.993  -95.392  0.968 0.8999999762
2400  -9.834  -92.806  -0.303 0.8000000119
2401  -10.567  -92.157  -0.371 0.8000000119
2413  -12.815  -91.942  -1.264 0.8999999762
2888  -14.675  -91.597  -0.058 0.8999999762
2403  -15.522  -91.924  0.144 0.8999999762
934  -16.279  -95.973  0.306 0.8999999762
2411  -10.481  -92.687  -0.834 0.8000000119
131555  -11.860  -91.844  -1.052 0.8999999762
2414  -14.023  -92.035  -0.996 0.8999999762
2430  -15.563  -92.761  -1.098 0.8999999762
713  -16.524  -97.048  -0.761 0.8999999762
2427  -11.795  -92.349  -1.641 0.8999999762
141036  -12.640  -92.396  -1.995 0.8999999762
1250  -17.307  -95.123  -0.351 0.8999999762
943  -17.548  -95.861  -1.067 0.8999999762
1980  -13.032  -92.662  -2.569 0.8999999762
1981  -14.006  -92.791  -2.397 0.8999999762
1984  -17.676  -93.922  -1.461 0.8999999762
966  -17.537  -96.447  -2.673 0.8999999762
1990  -13.407  -92.998  -3.071 0.8999999762
1982  -15.014  -92.982  -2.019 0.8999999762
1992  -15.660  -93.294  -2.491 0.8999999762
1624  -18.134  -94.650  -2.055 0.8999999762
974  -16.959  -96.973  -3.420 0.8999999762
1991  -14.425  -93.193  -2.892 0.8999999762
1993  -16.737  -93.457  -2.525 0.8999999762
975  -17.386  -96.502  -3.768 0.8999999762
2002  -14.330  -93.475  -3.496 0.8999999762
134858  -16.212  -93.516  -3.189 0.8999999762
2005  -17.155  -93.680  -3.331 0.8000000119
981  -16.836  -96.979  -5.094 0.8999999762
142391  -10.596  -93.941  -6.600 0.5000000000
132318  -14.816  -93.654  -3.992 0.8000000119
132317  -15.329  -93.645  -4.852 0.8000000119
2030  -16.107  -93.643  -5.736 0.8000000119
124358  -17.688  -95.068  -6.063 0.8000000119
741  -17.627  -97.361  -6.910 0.8000000119
131997  -9.329  -94.612  -5.815 0.5000000000
2027  -12.451  -93.721  -5.885 0.5000000000
2048  -17.362  -94.461  -6.277 0.6999999881
987  -17.433  -96.660  -6.570 0.8000000119
1672  -19.999  -95.715  -7.933 0.6999999881
2044  -13.132  -93.527  -6.535 0.5000000000
2046  -15.521  -93.565  -6.576 0.6999999881
2047  -16.656  -93.916  -6.670 0.6999999881
996  -18.004  -96.873  -7.659 0.8000000119
743  -18.836  -97.177  -7.412 0.8000000119
2043  -12.227  -93.576  -6.804 0.5000000000
126155  -15.859  -93.590  -7.602 0.6999999881
139646  -16.851  -94.130  -7.928 0.6999999881
125279  -17.504  -94.785  -7.644 0.8000000119
1317  -19.724  -96.544  -8.056 0.8000000119
1673  -20.049  -94.876  -8.387 0.4000000060
131655  -14.795  -93.400  -7.396 0.6000000238
2059  -15.931  -93.627  -8.702 0.5000000000
1677  -16.798  -94.308  -9.229 0.5000000000
1678  -17.653  -95.190  -9.356 0.6999999881
143114  -18.511  -95.853  -9.303 0.6999999881
1323  -19.325  -96.389  -8.629 0.6000000238
1679  -19.695  -95.994  -8.856 0.6000000238
1687  -19.384  -95.486  -9.352 0.6000000238
2060  -20.602  -93.890  -7.867 0.4000000060
123977  -17.196  -94.578  -9.754 0.4000000060
2094  -18.940  -93.965  -10.293 0.4000000060
1693  -19.032  -94.899  -9.763 0.4000000060
773  -0.821  -96.273  21.602 0.6000000238
781  -0.875  -96.565  20.908 0.8000000119
790  -1.468  -96.939  19.599 0.8000000119
2707  -3.036  -92.274  15.003 1.0000000000
804  -1.545  -96.101  17.909 0.8999999762
2238  -2.106  -92.604  15.357 1.0000000000
2248  -2.710  -92.843  14.637 1.0000000000
2709  -4.796  -91.690  14.262 1.0000000000
138718  -1.547  -95.294  17.149 0.8999999762
140905  -2.186  -93.484  14.955 1.0000000000
129508  -2.662  -93.273  14.538 1.0000000000
2262  -3.480  -93.151  13.916 1.0000000000
2263  -4.257  -92.799  13.541 1.0000000000
821  -2.769  -95.302  15.562 0.8999999762
1438  -2.529  -94.160  14.798 1.0000000000
1084  -3.399  -95.437  14.941 0.8999999762
1446  -3.154  -94.215  14.180 1.0000000000
1831  -4.576  -93.433  12.795 1.0000000000
1841  -4.870  -93.789  12.177 1.0000000000
1092  -3.330  -94.794  14.516 0.8999999762
1108  -4.275  -95.147  13.021 1.0000000000
1447  -3.777  -94.307  13.491 1.0000000000
1465  -4.564  -94.579  11.932 1.0000000000
1852  -5.128  -94.203  11.475 1.0000000000
1863  -6.127  -94.205  10.245 1.0000000000
1864  -6.785  -93.766  9.782 1.0000000000
1877  -7.797  -93.843  8.771 1.0000000000
1878  -8.560  -93.636  8.507 1.0000000000
1892  -10.108  -93.501  7.506 1.0000000000
146406  -11.615  -92.859  6.119 1.0000000000
122003  -4.262  -95.285  12.130 1.0000000000
1901  -9.849  -94.181  7.127 1.0000000000
1902  -10.545  -93.736  6.867 1.0000000000
3366  -6.755  -90.606  3.302 1.0000000000
1545  -11.299  -95.075  5.225 1.0000000000
136465  -11.814  -94.435  4.862 1.0000000000
2770  -3.155  -91.802  7.226 0.8999999762
139419  -2.027  -94.942  4.333 0.6999999881
1536  -2.665  -94.746  5.028 0.6999999881
1192  -2.765  -95.244  3.703 0.6999999881
130123  -7.610  -91.504  2.286 0.8999999762
2837  -9.106  -90.917  1.826 1.0000000000
3382  -11.826  -89.911  1.990 0.8999999762
1930  -13.023  -93.611  3.524 0.8999999762
2850  -9.357  -91.533  1.285 0.8999999762
123241  -12.904  -94.971  2.812 0.8999999762
1564  -13.378  -94.510  2.465 0.8999999762
1575  -13.896  -94.857  1.843 0.8999999762
1565  -13.849  -94.011  2.086 0.8999999762
3424  -13.273  -90.569  1.106 0.8999999762
127436  -14.572  -94.877  1.360 0.8999999762
2871  -10.016  -92.067  0.284 0.8000000119
2875  -14.047  -91.138  0.688 0.8999999762
2887  -13.515  -91.467  -0.345 0.8999999762
2389  -15.573  -92.408  0.890 0.8999999762
1590  -15.215  -94.528  1.045 0.8999999762
1241  -16.672  -95.368  0.160 0.8999999762
2404  -15.977  -92.423  0.201 0.8999999762
1956  -16.075  -93.113  0.527 0.8999999762
942  -16.923  -96.208  -0.314 0.8999999762
2429  -14.514  -92.565  -1.543 0.8999999762
132530  -16.328  -93.060  -0.930 0.8999999762
1611  -17.823  -94.824  -1.163 0.8999999762
145915  -16.332  -93.287  -2.093 0.8999999762
1994  -17.722  -93.837  -2.436 0.8999999762
1273  -17.971  -95.635  -2.988 0.8999999762
2003  -15.185  -93.519  -3.293 0.8999999762
139655  -18.086  -94.629  -2.845 0.8999999762
982  -17.324  -96.502  -5.702 0.8000000119
2015  -16.486  -93.730  -4.876 0.8000000119
2016  -17.193  -94.028  -4.830 0.8000000119
1645  -17.617  -94.588  -4.766 0.8000000119
1295  -17.754  -95.407  -4.803 0.8000000119
2031  -16.953  -93.983  -5.629 0.8000000119
2032  -17.446  -94.499  -5.457 0.8000000119
1304  -17.634  -95.668  -5.862 0.8000000119
1309  -17.700  -95.803  -6.703 0.8000000119
1321  -18.037  -95.923  -8.725 0.8000000119
2070  -14.906  -93.274  -9.136 0.4000000060
2071  -15.942  -93.596  -9.485 0.4000000060
1686  -18.870  -95.500  -9.616 0.5000000000
1680  -19.752  -94.989  -9.125 0.5000000000
137217  -20.028  -94.048  -9.237 0.5000000000
2072  -20.289  -94.039  -8.668 0.4000000060
1052  -0.489  -95.940  20.251 0.8000000119
3790  -5.673  -90.028  15.730 1.0000000000
1060  -0.731  -95.293  18.657 0.8999999762
2697  -3.750  -91.571  15.212 1.0000000000
3225  -5.061  -90.679  15.229 1.0000000000
3226  -5.732  -90.555  14.998 1.0000000000
2696  -2.243  -92.074  15.641 1.0000000000
2718  -5.343  -91.742  13.625 1.0000000000
3248  -5.951  -91.194  13.825 1.0000000000
2719  -6.129  -91.496  13.180 1.0000000000
3249  -6.637  -90.940  13.552 1.0000000000
143620  -2.105  -95.109  16.252 0.8999999762
2724  -5.678  -92.050  12.861 1.0000000000
2725  -6.402  -91.766  12.515 1.0000000000
1082  -1.788  -94.303  15.761 0.8999999762
2732  -6.726  -91.983  11.904 1.0000000000
2733  -7.485  -91.673  11.596 1.0000000000
2734  -8.240  -91.400  11.280 1.0000000000
132810  -2.796  -94.771  15.026 1.0000000000
128950  -3.994  -93.687  13.271 1.0000000000
2270  -4.752  -92.947  12.963 1.0000000000
2278  -5.709  -92.855  12.048 1.0000000000
128133  -6.613  -92.751  11.138 1.0000000000
2288  -8.327  -92.283  10.217 1.0000000000
2309  -8.984  -92.951  8.940 1.0000000000
1853  -5.712  -93.778  11.029 1.0000000000
1854  -6.503  -93.356  10.638 1.0000000000
1865  -7.476  -93.514  9.487 1.0000000000
2298  -7.784  -92.822  9.989 1.0000000000
1879  -9.475  -93.361  8.191 1.0000000000
2310  -9.720  -92.536  8.718 1.0000000000
2322  -10.369  -92.687  7.983 1.0000000000
2323  -11.028  -92.340  7.446 1.0000000000
1539  -11.399  -94.236  5.572 1.0000000000
3368  -8.179  -89.864  2.931 1.0000000000
1922  -12.417  -92.926  4.823 1.0000000000
1541  -1.859  -94.432  4.993 0.6999999881
1918  -3.449  -94.297  4.757 0.6999999881
1200  -2.900  -95.262  3.057 0.6000000238
2836  -8.280  -91.216  2.105 1.0000000000
3379  -8.633  -90.446  2.425 1.0000000000
3380  -9.882  -90.395  1.835 0.8999999762
1931  -13.553  -93.596  2.728 0.8999999762
2361  -1.564  -93.507  4.529 0.4000000060
143260  -12.475  -90.554  0.755 0.8999999762
2854  -14.520  -91.433  1.478 0.8999999762
1576  -14.562  -94.013  1.577 0.8999999762
2388  -14.742  -92.194  1.680 0.8999999762
1577  -15.423  -93.545  1.086 0.8999999762
2886  -12.380  -91.431  -0.490 0.8999999762
1240  -15.916  -95.143  0.612 0.8999999762
2415  -15.056  -92.176  -0.675 0.8999999762
1591  -15.963  -94.082  0.629 0.8999999762
1592  -16.700  -94.422  0.141 0.8999999762
1957  -16.475  -93.580  0.202 0.8999999762
1601  -17.300  -94.135  -0.601 0.8999999762
1983  -16.884  -93.398  -1.104 0.8999999762
128676  -17.414  -94.078  -4.100 0.8000000119
144851  -17.731  -95.040  -5.363 0.8000000119
2081  -15.393  -93.231  -9.738 0.4000000060
134620  -18.264  -95.222  -9.823 0.6000000238
1691  -17.753  -94.528  -10.271 0.5000000000
145739  -17.634  -93.974  -10.557 0.4000000060
1377  -0.124  -95.366  20.692 0.8000000119
3783  -6.056  -89.194  16.424 1.0000000000
3223  -3.445  -91.128  15.828 1.0000000000
3224  -4.269  -90.888  15.536 1.0000000000
124309  -6.255  -90.227  15.195 1.0000000000
3799  -6.937  -90.020  14.978 1.0000000000
1396  -0.311  -94.574  18.871 0.8000000119
1385  -0.174  -94.928  19.811 0.8000000119
142842  -2.993  -91.708  15.518 1.0000000000
3236  -7.351  -90.356  14.097 1.0000000000
143960  -0.162  -93.653  18.389 0.8999999762
3235  -6.305  -90.633  14.427 1.0000000000
142073  -8.087  -90.151  13.420 1.0000000000
1415  -0.999  -93.733  16.801 1.0000000000
1787  -1.294  -92.571  16.177 1.0000000000
123243  -2.049  -92.961  15.086 1.0000000000
3258  -7.480  -91.008  12.500 1.0000000000
3259  -8.137  -90.516  12.514 1.0000000000
3830  -8.903  -90.100  11.993 1.0000000000
1799  -1.589  -93.101  15.535 1.0000000000
2726  -7.138  -91.468  12.193 1.0000000000
3268  -7.952  -91.094  11.911 1.0000000000
1820  -4.224  -93.191  13.308 1.0000000000
2271  -5.378  -92.645  12.631 1.0000000000
3279  -9.420  -90.618  10.743 1.0000000000
3289  -9.895  -90.935  10.030 1.0000000000
2272  -6.060  -92.343  12.304 1.0000000000
2280  -7.133  -92.263  11.266 1.0000000000
2287  -7.775  -92.280  10.664 1.0000000000
2740  -8.453  -91.732  10.658 1.0000000000
3288  -9.208  -91.335  10.371 1.0000000000
3301  -10.272  -91.293  9.254 1.0000000000
2286  -7.109  -92.729  10.613 1.0000000000
2334  -10.797  -92.989  7.175 1.0000000000
2353  -11.991  -92.317  5.939 1.0000000000
3359  -6.270  -90.309  4.198 1.0000000000
3922  -8.057  -88.847  3.833 1.0000000000
3936  -8.598  -89.185  3.410 1.0000000000
2811  -5.462  -91.804  4.280 0.8999999762
3367  -7.440  -90.068  3.227 1.0000000000
2354  -12.357  -92.195  5.208 1.0000000000
2812  -5.990  -91.031  3.801 1.0000000000
135876  -9.633  -88.897  3.414 1.0000000000
2364  -12.725  -92.032  4.426 1.0000000000
1909  -2.225  -94.451  5.759 0.6999999881
1910  -3.013  -94.242  5.578 0.6999999881
1911  -3.863  -93.576  5.176 0.6999999881
1544  -3.817  -94.437  3.952 0.6999999881
141279  -7.672  -90.697  2.648 1.0000000000
137183  -9.356  -90.229  2.265 1.0000000000
3951  -10.117  -89.734  2.456 1.0000000000
2824  -13.203  -91.888  3.681 0.8999999762
2372  -13.491  -92.677  3.176 0.8999999762
1898  -1.553  -93.859  6.327 0.6999999881
3952  -11.273  -89.538  2.501 1.0000000000
2371  -12.919  -92.835  4.037 1.0000000000
143711  -13.872  -92.927  2.643 0.8999999762
3402  -12.437  -90.235  1.482 0.8999999762
2838  -13.723  -90.944  2.530 0.8999999762
1940  -14.279  -93.153  2.140 0.8999999762
2349  -1.635  -92.961  4.905 0.4000000060
2839  -14.230  -91.592  2.233 0.8999999762
1947  -14.927  -93.069  1.488 0.8999999762
1743  0.480  -93.617  20.869 0.6999999881
1737  0.628  -93.876  22.186 0.6000000238
3779  -2.528  -90.128  17.090 1.0000000000
3781  -4.352  -89.739  16.683 1.0000000000
3782  -5.196  -89.509  16.551 1.0000000000
3791  -6.516  -89.600  15.661 1.0000000000
3212  -3.014  -90.663  16.440 1.0000000000
3213  -3.920  -90.448  16.234 1.0000000000
3792  -7.276  -89.224  15.470 1.0000000000
3222  -2.562  -91.421  16.039 1.0000000000
3800  -7.714  -89.559  14.779 1.0000000000
3812  -8.672  -89.426  13.736 1.0000000000
2695  -1.605  -92.328  15.951 1.0000000000
3820  -8.780  -89.780  12.891 1.0000000000
145711  -0.838  -93.061  16.744 1.0000000000
1772  -0.848  -92.567  16.778 1.0000000000
3821  -9.391  -89.291  12.416 1.0000000000
3831  -9.624  -89.403  11.632 1.0000000000
138648  -1.182  -93.215  16.221 1.0000000000
3841  -9.831  -89.779  10.857 1.0000000000
139327  -10.758  -91.377  8.591 1.0000000000
2772  -11.439  -91.670  7.358 1.0000000000
3314  -11.332  -91.010  8.058 1.0000000000
2756  -1.728  -91.129  7.882 1.0000000000
3920  -6.500  -89.534  4.590 1.0000000000
2802  -5.091  -91.522  5.275 0.8999999762
3358  -5.672  -90.887  4.683 0.8999999762
3360  -6.920  -89.759  3.778 1.0000000000
140657  -8.818  -88.381  3.986 1.0000000000
3910  -12.939  -89.638  5.192 1.0000000000
2784  -12.073  -91.341  6.599 1.0000000000
4568  -10.533  -88.545  3.656 1.0000000000
129008  -12.683  -91.461  4.839 1.0000000000
1889  -2.036  -93.612  6.898 0.6999999881
1900  -2.515  -93.930  6.262 0.6999999881
2350  -3.468  -93.369  5.890 0.8000000119
2351  -4.254  -92.808  5.423 0.8000000119
3369  -9.168  -89.640  2.786 1.0000000000
3937  -10.689  -89.066  3.096 1.0000000000
3938  -11.921  -89.072  3.141 1.0000000000
2348  -1.079  -93.207  5.857 0.6999999881
3954  -12.824  -89.879  2.953 1.0000000000
3383  -12.729  -90.022  2.295 0.8999999762
3953  -12.271  -89.617  2.674 1.0000000000
2825  -13.660  -91.654  2.989 0.8999999762
2381  -14.082  -92.360  2.492 0.8999999762
2799  -0.810  -92.345  5.904 0.6000000238
3771  -2.956  -89.271  17.469 1.0000000000
4418  -7.475  -88.526  15.851 1.0000000000
1749  0.060  -93.995  19.301 0.8999999762
3211  -2.053  -90.964  16.630 1.0000000000
2197  -0.321  -92.449  17.631 1.0000000000
1757  0.207  -93.155  18.786 0.8999999762
3210  -1.246  -91.377  16.908 1.0000000000
4424  -8.034  -88.656  15.263 1.0000000000
3801  -8.436  -89.087  14.503 1.0000000000
2224  -1.310  -92.366  16.320 1.0000000000
2687  -1.354  -91.892  16.498 1.0000000000
3842  -10.314  -89.178  10.234 1.0000000000
3859  -10.091  -90.125  10.186 1.0000000000
3290  -10.449  -90.424  9.528 1.0000000000
3871  -11.065  -89.928  9.080 1.0000000000
3303  -11.460  -90.102  8.381 1.0000000000
4495  -4.196  -88.049  8.458 1.0000000000
124731  -11.840  -90.926  7.326 1.0000000000
3300  -2.334  -90.052  8.026 1.0000000000
5085  -5.536  -87.403  7.866 1.0000000000
5086  -6.187  -87.163  7.572 1.0000000000
3909  -6.700  -88.759  5.006 1.0000000000
3921  -7.269  -88.952  4.209 1.0000000000
5134  -9.363  -87.537  4.559 1.0000000000
3872  -11.504  -89.227  8.578 1.0000000000
3880  -11.963  -89.297  7.827 1.0000000000
3299  -1.353  -90.300  8.153 1.0000000000
3347  -5.392  -90.619  5.497 0.8999999762
3908  -6.111  -89.351  5.336 1.0000000000
5136  -11.633  -87.457  4.744 1.0000000000
2785  -12.582  -90.479  5.846 1.0000000000
3348  -5.857  -90.057  4.975 0.8999999762
4555  -9.952  -88.115  3.989 1.0000000000
4556  -11.062  -87.967  4.101 1.0000000000
133415  -5.579  -89.829  5.709 1.0000000000
2813  -13.122  -90.980  4.102 1.0000000000
2321  -2.511  -92.734  7.175 0.8000000119
139174  -3.390  -92.345  6.774 0.8000000119
2333  -3.964  -92.451  6.132 0.8000000119
4570  -12.420  -88.726  3.832 1.0000000000
3924  -13.087  -90.127  3.788 1.0000000000
144906  -13.329  -91.311  3.453 1.0000000000
2320  -1.554  -93.009  7.298 0.8000000119
3955  -13.119  -90.183  3.259 1.0000000000
3370  -13.364  -90.811  3.253 0.8999999762
2318  -0.699  -92.632  6.981 0.8000000119
3384  -13.268  -90.349  2.727 0.8999999762
2347  -0.686  -92.737  6.465 0.6999999881
146871  -0.500  -91.539  6.466 0.8000000119
3344  -1.721  -91.273  5.135 0.5000000000
2167  0.968  -93.000  22.729 0.5000000000
2176  0.763  -92.778  21.321 0.6000000238
4400  -2.265  -88.540  17.965 1.0000000000
4410  -5.428  -88.617  17.195 1.0000000000
2185  0.452  -92.588  19.101 0.8000000119
135456  0.356  -93.406  19.718 0.6999999881
3770  -1.949  -89.515  17.699 1.0000000000
3772  -3.941  -89.168  17.331 1.0000000000
2196  0.139  -92.456  18.387 1.0000000000
3203  -0.924  -90.600  17.648 1.0000000000
3778  -1.591  -90.420  17.361 1.0000000000
3780  -3.462  -89.893  16.867 1.0000000000
4411  -6.380  -88.277  16.855 1.0000000000
4412  -7.206  -87.971  16.435 1.0000000000
2663  -0.103  -91.812  18.116 1.0000000000
2686  -0.985  -91.936  16.853 1.0000000000
4419  -7.911  -87.860  15.870 1.0000000000
2208  -0.671  -92.063  17.173 1.0000000000
4425  -8.761  -88.235  14.771 1.0000000000
5003  -9.540  -87.295  14.158 1.0000000000
131586  -9.692  -88.023  13.594 1.0000000000
4447  -9.878  -88.467  12.630 1.0000000000
4426  -9.275  -87.873  14.322 1.0000000000
5023  -10.046  -87.700  12.894 1.0000000000
142111  -9.772  -88.935  12.132 1.0000000000
4459  -10.528  -88.179  11.379 1.0000000000
5010  -9.902  -87.233  13.421 1.0000000000
4448  -10.384  -87.767  12.103 1.0000000000
4474  -10.813  -88.170  10.550 1.0000000000
5061  -4.437  -87.280  9.188 1.0000000000
5074  -5.276  -87.180  8.639 1.0000000000
5024  -10.255  -87.119  12.679 1.0000000000
4486  -10.902  -88.617  9.601 1.0000000000
3860  -10.598  -89.591  9.623 1.0000000000
5047  -10.976  -86.841  11.141 1.0000000000
130902  -10.842  -87.454  11.271 1.0000000000
146218  -11.094  -89.220  9.151 1.0000000000
5076  -7.104  -86.372  8.431 1.0000000000
131524  -10.423  -85.638  9.653 1.0000000000
129817  -10.981  -85.472  8.642 1.0000000000
5065  -11.457  -86.874  9.319 1.0000000000
4497  -11.383  -88.432  8.834 1.0000000000
3330  -12.303  -90.185  6.736 1.0000000000
3868  -1.935  -89.295  8.505 1.0000000000
5098  -6.649  -87.292  6.937 1.0000000000
4540  -7.446  -88.206  4.810 1.0000000000
4541  -8.311  -87.759  4.654 1.0000000000
6187  -11.162  -85.588  7.624 1.0000000000
5624  -11.934  -86.940  7.666 1.0000000000
4507  -11.918  -88.171  7.920 1.0000000000
3315  -11.891  -90.205  7.635 1.0000000000
5101  -12.316  -87.134  6.106 1.0000000000
3893  -12.542  -89.071  6.382 1.0000000000
140448  -12.712  -89.624  5.932 1.0000000000
3891  -5.292  -89.453  6.359 1.0000000000
146220  -5.735  -89.142  5.897 1.0000000000
5137  -12.381  -87.743  4.916 1.0000000000
3361  -12.873  -90.585  4.971 1.0000000000
2755  -0.953  -91.472  7.930 1.0000000000
121844  -2.910  -90.892  7.617 0.8999999762
4557  -12.072  -88.090  4.309 1.0000000000
130327  -13.018  -89.844  4.458 1.0000000000
2769  -1.984  -92.056  7.678 0.8000000119
2783  -4.062  -91.590  6.556 0.8999999762
3346  -4.772  -91.049  5.978 0.8999999762
3923  -12.863  -89.273  4.053 1.0000000000
146575  -0.997  -91.981  7.745 0.8000000119
3939  -12.939  -89.759  3.504 1.0000000000
2766  -0.351  -91.381  6.926 0.8000000119
2798  -0.678  -91.985  6.200 0.6000000238
3343  -0.735  -91.369  5.625 0.5000000000
3342  -0.597  -90.897  5.697 0.6999999881
2630  1.222  -92.086  23.307 0.5000000000
143828  0.907  -91.212  21.080 0.6000000238
2644  0.793  -91.655  20.348 0.6999999881
4402  -4.499  -88.452  17.553 1.0000000000
4988  -5.785  -87.650  17.407 1.0000000000
2652  0.603  -91.178  19.246 0.8999999762
2662  0.196  -91.108  18.759 1.0000000000
3201  -0.334  -90.592  18.322 1.0000000000
4989  -6.677  -87.215  17.081 1.0000000000
2674  -0.492  -91.479  17.712 1.0000000000
4991  -8.433  -87.162  15.724 1.0000000000
5525  -7.747  -86.182  16.553 1.0000000000
141632  -8.453  -87.843  15.324 1.0000000000
5536  -8.837  -86.497  15.374 1.0000000000
5543  -9.950  -86.579  13.171 1.0000000000
5537  -9.293  -86.598  14.613 1.0000000000
4487  -11.286  -87.847  9.192 1.0000000000
5063  -5.547  -86.800  8.848 1.0000000000
5556  -10.257  -86.518  12.479 1.0000000000
5570  -10.659  -86.429  11.371 1.0000000000
5586  -11.256  -86.183  9.850 1.0000000000
4485  -3.959  -87.711  8.982 1.0000000000
6185  -9.478  -85.587  8.033 1.0000000000
6186  -10.381  -85.432  7.858 1.0000000000
4523  -12.271  -88.436  6.951 1.0000000000
4522  -6.905  -88.034  5.541 1.0000000000
5656  -8.933  -86.355  6.243 1.0000000000
5657  -9.816  -86.370  5.858 1.0000000000
5658  -10.689  -86.447  5.692 1.0000000000
5659  -11.563  -86.493  6.059 1.0000000000
4524  -12.628  -88.015  5.929 1.0000000000
3869  -2.926  -89.098  8.354 1.0000000000
4520  -5.639  -88.530  6.518 1.0000000000
4521  -6.402  -87.929  6.304 1.0000000000
5115  -7.728  -87.461  5.390 1.0000000000
5116  -8.812  -86.888  5.331 1.0000000000
5117  -10.034  -86.862  5.176 1.0000000000
5118  -11.142  -86.865  5.243 1.0000000000
5119  -12.009  -87.170  5.428 1.0000000000
126145  -12.793  -88.817  5.475 1.0000000000
3313  -3.920  -90.260  7.236 1.0000000000
3879  -4.893  -88.942  7.012 1.0000000000
4542  -12.673  -88.183  5.132 1.0000000000
3298  -0.727  -90.433  8.018 1.0000000000
137239  -0.597  -90.770  7.803 0.8999999762
3311  -0.411  -90.681  7.289 0.8000000119
3326  -0.406  -90.813  6.436 0.8000000119
3889  -0.154  -89.943  6.391 0.8000000119
126028  1.549  -90.220  23.574 0.5000000000
127326  1.650  -89.313  23.605 0.5000000000
3157  1.136  -91.259  22.562 0.6000000238
4977  -1.916  -87.646  18.187 1.0000000000
143819  0.812  -90.968  19.814 0.6999999881
136240  -1.233  -88.307  18.180 1.0000000000
4979  -4.141  -87.498  17.882 1.0000000000
4981  -5.893  -86.887  17.440 1.0000000000
3186  0.518  -90.362  18.921 0.8999999762
3768  -0.501  -89.935  18.245 1.0000000000
4401  -3.498  -88.403  17.738 1.0000000000
3194  0.090  -90.323  18.715 1.0000000000
4403  -5.028  -87.861  17.642 1.0000000000
2673  -0.159  -91.099  18.437 1.0000000000
6095  -8.064  -85.621  16.289 1.0000000000
5526  -8.285  -86.380  16.072 1.0000000000
5002  -9.009  -87.352  14.929 1.0000000000
5062  -5.023  -87.073  9.071 1.0000000000
136327  -10.436  -86.353  11.954 1.0000000000
6142  -10.202  -85.812  11.659 1.0000000000
142050  -7.990  -86.170  8.361 1.0000000000
6152  -9.731  -85.620  10.352 1.0000000000
5612  -11.617  -86.443  8.359 1.0000000000
5087  -6.858  -86.817  7.673 1.0000000000
140919  -11.591  -86.042  7.509 1.0000000000
144695  -12.445  -87.639  6.439 1.0000000000
3858  -2.620  -88.513  8.852 1.0000000000
3870  -3.776  -88.805  8.081 1.0000000000
5622  -8.678  -85.964  7.669 1.0000000000
5623  -9.665  -85.658  7.285 1.0000000000
5639  -10.738  -86.013  6.305 1.0000000000
6188  -11.367  -85.873  6.841 1.0000000000
128105  -11.878  -86.526  6.778 1.0000000000
4504  -4.514  -88.481  7.751 1.0000000000
4506  -5.837  -87.638  7.013 1.0000000000
5099  -7.174  -87.385  6.190 1.0000000000
5100  -7.992  -86.768  6.087 1.0000000000
3878  -4.215  -89.354  7.455 1.0000000000
3855  -0.574  -89.069  8.376 1.0000000000
3866  -0.563  -89.482  8.107 1.0000000000
4516  -0.068  -89.246  6.864 1.0000000000
3341  -0.202  -90.310  5.585 0.6999999881
3354  -0.545  -90.329  4.988 0.6000000238
3917  -0.618  -89.937  4.259 0.4000000060
4551  -0.288  -89.365  3.561 0.5000000000
137079  0.981  -89.788  21.392 0.6000000238
124887  0.871  -90.428  19.490 0.8000000119
3176  0.916  -90.644  20.525 0.6000000238
4978  -3.004  -87.624  18.039 1.0000000000
5509  -4.242  -86.431  17.884 1.0000000000
5510  -4.861  -86.128  17.732 1.0000000000
6076  -5.096  -85.458  17.593 1.0000000000
3761  0.464  -89.583  18.600 1.0000000000
5508  -3.353  -86.702  18.026 1.0000000000
6077  -5.901  -85.491  17.385 1.0000000000
5512  -6.317  -86.282  17.287 1.0000000000
6094  -7.441  -85.544  16.787 1.0000000000
6106  -8.626  -85.717  15.729 1.0000000000
6111  -9.096  -85.703  14.934 1.0000000000
130431  -9.599  -85.938  13.587 1.0000000000
6119  -9.907  -85.900  12.875 1.0000000000
5584  -8.450  -85.422  10.037 1.0000000000
6129  -10.167  -85.987  12.280 1.0000000000
141340  -9.847  -85.522  11.032 1.0000000000
5611  -7.937  -86.058  9.011 1.0000000000
6141  -9.614  -85.168  11.370 1.0000000000
3857  -1.752  -88.577  8.923 1.0000000000
6149  -5.655  -86.061  9.287 1.0000000000
5075  -6.049  -86.804  8.298 1.0000000000
6174  -8.778  -85.829  8.765 1.0000000000
6175  -9.944  -85.496  8.751 1.0000000000
3867  -1.105  -89.443  8.397 1.0000000000
5060  -3.778  -87.491  9.288 1.0000000000
128809  -7.432  -86.807  6.889 1.0000000000
3856  -0.957  -88.731  8.692 1.0000000000
4471  -1.451  -88.220  9.106 1.0000000000
5043  -2.718  -87.495  9.509 1.0000000000
4484  -0.352  -88.378  8.648 1.0000000000
139702  -0.111  -88.754  8.163 1.0000000000
125478  0.135  -88.479  6.716 0.8999999762
3915  0.139  -89.731  4.073 0.8000000119
4535  0.505  -89.104  4.668 0.8000000119
124467  1.725  -87.946  23.137 0.5000000000
4337  1.448  -88.661  22.787 0.5000000000
3723  1.267  -89.518  22.571 0.6000000238
4354  1.108  -88.747  21.777 0.6000000238
3735  1.098  -89.734  20.047 0.6000000238
4976  -0.778  -87.555  18.191 1.0000000000
134227  -2.509  -86.936  18.111 1.0000000000
4384  0.822  -88.986  18.659 1.0000000000
127153  0.078  -88.656  18.069 1.0000000000
6676  -4.964  -84.206  17.049 1.0000000000
4975  -0.010  -87.412  17.999 1.0000000000
5507  -1.529  -86.750  18.085 1.0000000000
125928  -2.466  -86.004  17.924 1.0000000000
6658  -4.577  -84.808  17.412 1.0000000000
6660  -6.289  -84.762  17.191 1.0000000000
143268  -6.596  -84.396  16.879 1.0000000000
4397  0.323  -87.845  17.962 1.0000000000
4987  0.692  -86.657  17.459 1.0000000000
6072  -1.252  -85.920  17.582 1.0000000000
6092  -2.066  -85.216  17.253 1.0000000000
6657  -3.726  -84.990  17.474 1.0000000000
6678  -7.044  -84.869  16.957 1.0000000000
6090  0.600  -85.966  16.416 1.0000000000
6674  -2.961  -84.606  16.955 1.0000000000
7252  -7.125  -84.399  16.601 1.0000000000
6691  -8.288  -84.436  15.797 1.0000000000
5045  -4.272  -87.144  9.356 1.0000000000
130008  -8.786  -84.977  15.457 1.0000000000
139858  -9.478  -83.852  14.171 1.0000000000
6703  -9.365  -84.286  14.473 1.0000000000
6711  -9.606  -84.245  13.743 1.0000000000
5569  -7.997  -85.158  9.952 1.0000000000
6720  -9.723  -84.503  12.724 1.0000000000
7304  -9.770  -83.471  13.048 1.0000000000
6730  -8.384  -84.810  10.268 1.0000000000
6732  -9.640  -84.040  11.915 1.0000000000
7312  -10.025  -83.317  11.365 1.0000000000
5059  -0.970  -87.988  9.002 1.0000000000
6139  -7.962  -84.848  9.873 1.0000000000
7311  -9.319  -83.999  10.934 1.0000000000
7974  -10.089  -82.473  11.708 1.0000000000
5042  -1.756  -87.690  9.417 1.0000000000
6148  -4.658  -86.414  9.382 1.0000000000
6163  -6.306  -85.337  9.143 1.0000000000
6750  -7.484  -84.786  9.498 1.0000000000
6739  -8.279  -84.614  10.145 1.0000000000
7319  -9.978  -83.181  10.330 1.0000000000
5578  -2.398  -87.171  9.595 1.0000000000
6147  -3.863  -86.612  9.456 1.0000000000
6751  -8.330  -84.125  9.817 1.0000000000
6740  -8.661  -84.341  10.432 1.0000000000
5597  -2.953  -86.747  9.509 1.0000000000
6748  -4.116  -85.587  8.917 1.0000000000
6162  -5.292  -85.821  9.334 1.0000000000
7324  -8.256  -83.675  9.144 1.0000000000
7318  -9.113  -83.789  10.141 1.0000000000
5072  0.166  -87.452  8.948 1.0000000000
5083  0.070  -87.831  7.904 1.0000000000
5094  0.109  -87.471  6.605 1.0000000000
4550  0.216  -89.186  3.542 0.6999999881
5130  0.653  -88.501  4.180 0.8999999762
127902  0.406  -89.135  5.849 0.8999999762
4566  -0.661  -88.879  3.071 0.6000000238
4565  -0.046  -88.988  2.949 0.6000000238
4904  1.777  -87.218  22.658 0.5000000000
123095  1.061  -88.781  20.625 0.6000000238
3747  1.155  -89.000  19.484 0.8000000119
4371  1.095  -88.245  19.900 0.8000000119
6074  -3.523  -85.768  17.846 1.0000000000
4391  0.272  -88.773  18.187 1.0000000000
5506  -0.411  -86.618  17.860 1.0000000000
6677  -5.909  -84.074  16.976 1.0000000000
7303  -5.251  -82.396  12.135 1.0000000000
5522  0.969  -86.311  16.747 1.0000000000
137634  -0.271  -85.632  16.148 1.0000000000
6688  -2.620  -84.162  16.168 1.0000000000
7250  -6.065  -83.688  16.379 1.0000000000
7281  -7.549  -83.164  15.221 1.0000000000
141659  -6.067  -82.498  13.162 1.0000000000
7282  -8.546  -83.272  14.860 1.0000000000
146597  -7.559  -82.486  14.038 1.0000000000
7959  -6.316  -82.133  12.135 1.0000000000
7939  -8.924  -82.917  14.142 1.0000000000
7949  -9.328  -82.726  13.416 1.0000000000
7961  -9.167  -82.113  12.896 1.0000000000
7294  -9.433  -83.404  13.878 1.0000000000
130581  -10.056  -83.153  12.212 1.0000000000
7962  -9.720  -82.568  12.618 1.0000000000
7975  -10.158  -82.158  10.876 1.0000000000
6159  -2.469  -86.193  8.998 1.0000000000
6160  -3.572  -86.200  9.235 1.0000000000
7989  -10.151  -81.959  10.099 1.0000000000
5595  -1.068  -86.824  9.234 1.0000000000
7982  -10.176  -82.506  10.334 1.0000000000
5594  -0.321  -86.974  9.291 1.0000000000
6157  -0.248  -86.180  9.249 1.0000000000
5596  -1.970  -86.800  9.444 1.0000000000
6749  -4.952  -85.434  8.976 1.0000000000
123586  -5.765  -85.164  9.015 1.0000000000
6764  -7.501  -84.242  9.122 1.0000000000
8001  -9.726  -82.205  8.902 1.0000000000
5610  0.327  -86.601  9.071 1.0000000000
5084  0.027  -86.960  7.385 1.0000000000
5148  0.070  -88.248  2.511 0.8999999762
125168  0.872  -87.545  4.399 0.8999999762
127952  0.509  -87.239  5.608 1.0000000000
5149  -0.364  -88.303  2.591 0.6000000238
5425  2.279  -86.570  23.065 0.5000000000
127130  1.354  -87.920  22.211 0.5000000000
135792  1.329  -87.126  21.826 0.6000000238
5433  1.753  -86.496  22.296 0.5000000000
4922  1.079  -87.862  21.192 0.6000000238
142660  1.016  -87.575  20.377 0.8000000119
7955  -2.981  -82.709  13.690 1.0000000000
8542  -3.513  -82.107  13.270 1.0000000000
4390  0.909  -87.604  18.585 1.0000000000
4953  1.051  -87.622  19.433 0.8000000119
7300  -3.158  -83.126  13.536 1.0000000000
7957  -4.192  -82.549  12.698 1.0000000000
6690  -4.400  -83.936  16.473 1.0000000000
142654  -3.907  -83.209  13.219 1.0000000000
7293  -5.060  -82.925  12.857 1.0000000000
7971  -4.463  -82.032  12.181 1.0000000000
5505  1.027  -86.796  17.364 1.0000000000
6689  -3.478  -84.061  16.370 1.0000000000
7249  -5.342  -83.788  16.464 1.0000000000
6701  -3.000  -83.809  15.334 1.0000000000
7265  -5.441  -83.315  14.905 1.0000000000
7280  -6.375  -83.055  14.905 1.0000000000
9809  -0.467  -79.058  8.609 1.0000000000
8544  -6.726  -81.696  11.439 1.0000000000
9156  0.417  -80.908  8.184 1.0000000000
7960  -7.587  -81.890  12.462 1.0000000000
139480  -8.478  -82.000  13.005 1.0000000000
8545  -7.791  -81.534  11.643 1.0000000000
8546  -8.745  -81.675  12.204 1.0000000000
8563  -8.453  -81.345  11.161 1.0000000000
8547  -9.579  -81.943  12.126 1.0000000000
124484  -9.391  -81.608  11.419 1.0000000000
7996  0.648  -82.292  8.365 1.0000000000
8564  -9.883  -81.725  10.711 1.0000000000
129400  0.525  -83.655  8.952 1.0000000000
127061  -6.617  -84.757  9.060 1.0000000000
8578  -9.773  -81.419  9.882 1.0000000000
6173  -3.319  -85.696  8.814 1.0000000000
6763  -5.320  -84.634  8.592 1.0000000000
137827  -6.030  -84.475  8.727 1.0000000000
7341  -6.760  -83.850  8.442 1.0000000000
7342  -7.854  -83.318  8.544 1.0000000000
7325  -8.864  -83.544  9.449 1.0000000000
7343  -8.925  -82.868  8.745 1.0000000000
128716  0.559  -86.082  8.692 1.0000000000
122949  0.011  -86.472  6.496 1.0000000000
121743  0.229  -87.910  2.098 0.8999999762
6202  0.014  -85.588  5.855 1.0000000000
5668  0.829  -87.311  3.210 0.8999999762
122166  0.556  -86.483  5.222 1.0000000000
6585  2.038  -84.417  23.012 0.5000000000
5997  2.288  -85.270  23.219 0.5000000000
6625  1.112  -84.586  20.945 0.6999999881
6028  1.382  -85.032  21.539 0.6000000238
129956  1.872  -85.115  22.400 0.6000000238
143681  1.338  -86.438  21.643 0.6999999881
6626  0.673  -84.591  20.287 0.8000000119
5464  0.800  -86.082  20.402 0.8000000119
4939  0.881  -86.872  19.983 0.8000000119
4938  1.039  -86.843  20.951 0.8000000119
8486  -1.183  -81.988  15.402 1.0000000000
132868  -2.665  -82.026  14.313 1.0000000000
5493  1.034  -86.295  18.347 0.8000000119
5477  0.786  -86.181  19.466 0.8000000119
141353  -0.305  -81.787  15.011 1.0000000000
7290  -1.903  -83.353  14.185 1.0000000000
7299  -2.534  -83.163  13.947 1.0000000000
8543  -3.843  -81.471  13.039 1.0000000000
5492  0.950  -86.964  18.005 1.0000000000
5476  1.074  -86.935  18.940 0.8999999762
6073  -2.967  -85.264  17.539 1.0000000000
9131  -4.135  -81.075  12.520 1.0000000000
6058  1.099  -86.334  17.175 1.0000000000
6710  -1.967  -83.658  14.362 1.0000000000
7277  -2.608  -83.495  14.011 1.0000000000
8559  -4.734  -81.465  11.859 1.0000000000
5521  1.016  -86.335  16.769 1.0000000000
142609  0.370  -85.631  16.098 1.0000000000
6091  -0.943  -85.275  16.803 1.0000000000
135505  -3.866  -83.499  13.810 1.0000000000
7973  -5.727  -81.887  11.412 1.0000000000
9133  -5.033  -80.967  11.736 1.0000000000
6089  0.785  -85.924  16.343 1.0000000000
7263  -3.873  -83.624  14.804 1.0000000000
7292  -4.546  -83.209  13.432 1.0000000000
9811  -1.036  -79.002  8.957 1.0000000000
8560  -5.555  -81.387  11.429 1.0000000000
8562  -7.242  -81.283  10.854 1.0000000000
9821  -1.581  -79.342  8.565 1.0000000000
9822  -2.785  -79.447  8.025 1.0000000000
9157  -0.048  -80.615  8.498 1.0000000000
9820  -0.603  -79.789  8.586 1.0000000000
9158  -0.592  -80.657  8.417 1.0000000000
9159  -2.089  -80.109  7.975 1.0000000000
9832  -3.894  -79.677  7.600 1.0000000000
9823  -3.617  -78.837  8.042 1.0000000000
8009  1.035  -82.161  7.811 1.0000000000
9168  -1.525  -80.761  7.995 1.0000000000
9169  -2.517  -80.901  7.619 1.0000000000
123383  -9.226  -81.265  10.553 1.0000000000
9143  -9.065  -80.813  9.759 1.0000000000
8596  0.240  -81.561  8.345 1.0000000000
8010  -1.473  -82.000  7.815 1.0000000000
8605  -1.959  -81.500  7.721 1.0000000000
122982  -4.933  -79.852  7.343 1.0000000000
9151  -9.457  -80.967  9.025 1.0000000000
131564  -1.012  -83.931  8.306 1.0000000000
7353  -2.246  -83.014  7.701 1.0000000000
8012  -3.139  -82.548  7.511 1.0000000000
130644  -3.609  -81.851  7.359 1.0000000000
8587  -9.898  -81.731  9.358 1.0000000000
8013  -4.219  -82.399  7.475 1.0000000000
135681  -8.306  -82.498  8.123 1.0000000000
6757  0.784  -84.359  8.713 1.0000000000
6170  0.115  -85.296  9.202 1.0000000000
136961  0.041  -83.773  9.056 1.0000000000
132755  -2.827  -84.418  8.057 1.0000000000
7356  -5.348  -83.225  7.895 1.0000000000
7340  -5.759  -83.897  8.255 1.0000000000
7357  -6.259  -83.111  7.912 1.0000000000
7999  -7.315  -82.698  7.904 1.0000000000
6770  0.869  -84.464  7.823 1.0000000000
125137  0.273  -85.460  7.195 1.0000000000
137197  0.898  -85.489  3.628 0.8999999762
6215  0.605  -85.683  4.586 1.0000000000
6227  1.030  -86.293  3.461 0.8999999762
5163  -0.641  -87.755  2.277 0.5000000000
130511  1.851  -82.764  22.322 0.5000000000
7208  1.113  -83.815  20.752 0.6999999881
130527  1.617  -85.808  21.953 0.5000000000
6037  0.911  -85.274  20.718 0.6000000238
8485  0.515  -81.482  15.476 1.0000000000
5463  1.113  -85.920  21.203 0.8000000119
8508  -1.910  -82.159  14.901 1.0000000000
8487  -2.246  -81.839  15.396 1.0000000000
6048  0.659  -85.494  18.867 0.8999999762
8506  0.082  -81.970  14.737 1.0000000000
7934  -1.051  -82.634  14.532 1.0000000000
138256  -2.606  -81.884  14.619 1.0000000000
130094  -3.199  -81.759  14.097 1.0000000000
6059  1.038  -85.707  17.862 0.8999999762
7933  0.434  -82.616  14.809 1.0000000000
8528  -3.800  -81.465  14.007 1.0000000000
6697  -0.049  -83.659  15.048 1.0000000000
8527  -4.118  -81.071  13.108 1.0000000000
6104  0.482  -85.157  15.973 1.0000000000
6685  0.111  -84.341  15.515 1.0000000000
6699  -1.562  -83.926  14.780 1.0000000000
141365  -1.992  -84.100  15.365 1.0000000000
6698  -0.660  -83.978  15.039 1.0000000000
11019  -0.289  -78.101  8.605 1.0000000000
126225  -1.516  -78.568  8.999 1.0000000000
9120  -5.398  -80.615  12.352 1.0000000000
10416  -2.914  -77.812  8.980 1.0000000000
9793  -5.932  -80.518  11.679 1.0000000000
10425  -3.511  -78.222  8.547 1.0000000000
10426  -4.543  -78.234  8.151 1.0000000000
9141  -6.856  -80.558  10.459 1.0000000000
127973  -5.025  -77.425  8.477 1.0000000000
8603  0.870  -81.459  7.618 1.0000000000
9833  -4.678  -79.074  7.618 1.0000000000
9813  -8.395  -79.622  8.709 1.0000000000
9142  -7.859  -80.406  9.951 1.0000000000
9171  -5.334  -80.560  7.224 1.0000000000
9176  -7.558  -79.865  7.042 1.0000000000
9161  -8.861  -80.274  8.450 1.0000000000
9150  -8.723  -80.275  9.148 1.0000000000
8019  1.016  -82.793  7.322 1.0000000000
8011  -2.211  -82.228  7.621 1.0000000000
8607  -4.310  -81.496  7.317 1.0000000000
9170  -4.274  -80.569  7.328 1.0000000000
8611  -8.586  -81.102  7.610 1.0000000000
8612  -8.777  -80.489  7.788 1.0000000000
140331  -9.461  -81.412  8.617 1.0000000000
7335  -0.539  -83.066  8.396 1.0000000000
135802  -1.455  -82.633  7.900 1.0000000000
129779  -5.785  -81.178  7.231 1.0000000000
8610  -7.797  -81.094  7.233 1.0000000000
8016  -8.129  -81.849  7.615 1.0000000000
8598  -9.112  -81.113  7.999 1.0000000000
7336  -1.484  -83.299  7.986 1.0000000000
7354  -2.997  -83.497  7.739 1.0000000000
132890  -3.765  -83.127  7.687 1.0000000000
133369  -4.996  -82.645  7.655 1.0000000000
8015  -6.560  -82.382  7.613 1.0000000000
124229  -7.181  -81.821  7.387 1.0000000000
7362  0.840  -83.745  7.058 1.0000000000
134963  0.113  -83.967  5.866 1.0000000000
6783  0.066  -84.789  5.285 1.0000000000
6236  0.926  -85.899  2.650 0.8999999762
5690  0.029  -87.216  1.584 0.8000000119
8484  0.831  -81.338  15.965 1.0000000000
8469  -0.520  -81.423  15.810 1.0000000000
7209  0.535  -83.820  19.825 0.6999999881
6636  0.407  -84.657  19.345 0.8000000119
126916  0.307  -83.929  18.922 0.8000000119
135895  0.708  -82.128  14.940 1.0000000000
8509  -3.174  -81.604  14.836 1.0000000000
6645  0.504  -84.687  18.015 0.8999999762
7921  0.924  -82.727  15.220 1.0000000000
7289  -1.134  -83.082  14.329 1.0000000000
8510  -4.089  -81.307  14.772 1.0000000000
6656  0.905  -84.805  16.828 1.0000000000
6670  1.023  -84.410  16.176 1.0000000000
6684  0.785  -84.370  15.809 1.0000000000
9097  -5.033  -81.109  14.815 1.0000000000
9109  -4.900  -80.752  13.068 1.0000000000
9105  -5.534  -80.833  14.071 1.0000000000
6070  1.052  -85.487  17.025 1.0000000000
6655  1.056  -85.235  16.366 1.0000000000
9132  -4.394  -81.063  12.104 1.0000000000
6103  1.249  -85.109  16.163 1.0000000000
9110  -5.985  -80.438  13.374 1.0000000000
133028  -0.331  -77.709  9.101 1.0000000000
10414  -1.104  -78.143  9.453 1.0000000000
10415  -1.927  -78.016  9.245 1.0000000000
131734  0.144  -78.433  7.669 1.0000000000
11020  -3.981  -77.630  8.751 1.0000000000
9802  -6.264  -80.427  11.117 1.0000000000
10437  0.198  -78.922  7.021 1.0000000000
11640  -5.547  -76.575  8.689 1.0000000000
9167  0.673  -80.680  7.566 1.0000000000
9799  -7.273  -78.938  10.803 1.0000000000
9803  -6.669  -80.031  10.652 1.0000000000
146410  -1.188  -80.125  8.411 1.0000000000
11022  -6.938  -77.313  8.100 1.0000000000
9812  -7.991  -78.881  9.170 1.0000000000
8614  0.551  -81.151  6.666 1.0000000000
131366  -6.437  -78.814  7.242 1.0000000000
144714  -8.854  -80.116  8.015 1.0000000000
9805  -8.100  -79.724  9.382 1.0000000000
125014  0.963  -81.973  7.015 1.0000000000
138303  -5.638  -79.280  7.282 1.0000000000
7998  -0.665  -82.186  8.145 1.0000000000
133935  -6.822  -80.072  6.961 1.0000000000
139728  0.475  -82.441  6.417 1.0000000000
8608  -5.194  -81.890  7.398 1.0000000000
130478  -6.225  -81.802  7.372 1.0000000000
7365  0.331  -83.142  6.236 1.0000000000
6792  0.412  -84.797  4.207 1.0000000000
6804  0.851  -84.967  3.101 1.0000000000
6820  0.683  -85.342  1.816 0.8000000119
7861  1.304  -82.432  20.506 0.6000000238
8452  0.928  -81.152  17.108 0.8999999762
9085  1.139  -80.922  16.599 1.0000000000
9094  0.616  -80.767  16.348 1.0000000000
139192  1.014  -82.161  19.740 0.6000000238
7220  0.467  -83.010  19.152 0.8000000119
7893  0.781  -82.127  17.420 0.8999999762
9095  0.234  -80.732  16.084 1.0000000000
132050  -1.552  -81.685  16.114 1.0000000000
8471  -2.489  -81.663  16.327 1.0000000000
7229  0.274  -83.503  18.113 0.8999999762
129880  0.609  -82.963  17.235 1.0000000000
133131  1.110  -82.776  15.716 1.0000000000
8472  -3.359  -81.558  16.401 1.0000000000
8488  -3.696  -81.434  15.597 1.0000000000
6671  0.634  -83.931  17.061 1.0000000000
8489  -4.530  -81.278  15.568 1.0000000000
7248  1.053  -83.333  16.200 1.0000000000
8473  -4.199  -81.400  16.347 1.0000000000
8490  -5.404  -81.142  15.666 1.0000000000
9087  -5.638  -81.148  16.513 1.0000000000
123033  -6.181  -80.862  15.871 1.0000000000
9098  -5.940  -80.894  14.993 1.0000000000
136534  -6.805  -80.434  16.076 1.0000000000
140284  -0.046  -77.564  8.828 1.0000000000
10407  -0.701  -77.819  9.501 1.0000000000
11005  -1.682  -77.153  10.008 1.0000000000
140696  -1.529  -77.645  9.664 1.0000000000
11631  -2.832  -76.623  9.840 1.0000000000
9121  -6.402  -79.796  12.643 1.0000000000
9787  -6.624  -79.731  13.846 1.0000000000
9781  -7.304  -79.592  14.893 1.0000000000
136479  0.424  -77.889  6.582 1.0000000000
10413  -0.703  -78.338  9.132 1.0000000000
123213  -3.430  -77.153  9.288 1.0000000000
11621  -4.702  -75.646  9.840 1.0000000000
11043  0.825  -77.132  5.296 1.0000000000
9838  0.192  -79.469  6.237 1.0000000000
11012  -4.516  -76.838  8.979 1.0000000000
10396  -6.838  -78.851  12.526 1.0000000000
10381  -7.054  -78.981  14.112 1.0000000000
10373  -7.884  -79.426  15.338 1.0000000000
10401  -7.072  -78.390  11.737 1.0000000000
9175  0.324  -80.329  6.619 1.0000000000
125046  0.129  -80.220  8.543 1.0000000000
11021  -6.067  -77.183  8.115 1.0000000000
138470  -6.717  -77.277  11.810 1.0000000000
11642  -7.205  -76.893  8.709 1.0000000000
10408  -7.624  -78.375  9.989 1.0000000000
10402  -7.404  -77.776  10.911 1.0000000000
10417  -7.880  -78.270  8.502 1.0000000000
10440  -7.541  -78.797  7.465 1.0000000000
10428  -7.765  -78.446  7.884 1.0000000000
10418  -8.227  -79.012  8.443 1.0000000000
129954  -3.461  -81.123  7.381 1.0000000000
9172  -6.135  -80.575  7.137 1.0000000000
138244  -7.474  -80.448  7.051 1.0000000000
8021  0.009  -82.564  5.426 1.0000000000
7372  0.004  -83.241  4.532 1.0000000000
7387  0.292  -84.012  3.661 1.0000000000
123138  0.663  -84.428  2.580 0.8999999762
6269  -0.078  -85.845  0.732 0.8000000119
8424  1.434  -81.764  20.528 0.6000000238
8446  0.858  -81.742  18.217 0.8000000119
8436  1.026  -81.524  19.079 0.6999999881
9086  -0.218  -80.689  16.254 1.0000000000
7872  0.635  -82.200  18.911 0.8000000119
8470  -0.987  -81.255  16.630 1.0000000000
8453  -1.931  -81.589  17.021 1.0000000000
7907  0.987  -82.273  16.329 1.0000000000
9075  -1.306  -80.941  17.488 1.0000000000
8454  -2.875  -81.580  17.197 1.0000000000
8455  -3.845  -81.416  17.183 1.0000000000
9062  -1.657  -80.485  18.321 1.0000000000
130141  -4.338  -80.976  17.942 1.0000000000
8456  -4.863  -81.272  17.096 1.0000000000
142940  -5.193  -80.850  17.882 1.0000000000
9078  -5.780  -80.907  17.350 1.0000000000
9079  -6.375  -80.429  17.417 1.0000000000
9763  -6.994  -80.188  16.950 1.0000000000
146104  -7.268  -80.096  16.195 1.0000000000
9773  -7.120  -80.062  15.458 1.0000000000
11619  -1.983  -76.463  10.386 1.0000000000
122672  -6.109  -76.240  12.314 1.0000000000
123147  -6.611  -78.094  13.119 1.0000000000
10382  -7.429  -78.952  14.358 1.0000000000
143769  0.728  -77.982  4.756 1.0000000000
128473  -5.127  -76.061  9.264 1.0000000000
10974  -7.008  -77.970  13.719 1.0000000000
10975  -7.581  -78.145  13.953 1.0000000000
10424  -2.513  -78.580  8.637 1.0000000000
11632  -5.992  -75.888  9.003 1.0000000000
146217  -6.684  -76.634  11.273 1.0000000000
146844  -6.850  -78.179  13.588 1.0000000000
9179  0.162  -80.078  5.581 1.0000000000
122905  0.449  -80.152  8.188 1.0000000000
11641  -6.484  -76.594  8.584 1.0000000000
11006  -7.579  -77.301  9.929 1.0000000000
11623  -7.139  -76.800  10.712 1.0000000000
10982  -7.922  -77.395  13.593 1.0000000000
146523  0.162  -80.696  5.947 1.0000000000
11013  -7.605  -77.370  8.978 1.0000000000
139122  0.109  -80.765  5.201 1.0000000000
139966  -7.787  -77.948  9.273 1.0000000000
131846  -0.075  -81.609  5.017 1.0000000000
8616  0.147  -81.193  5.744 1.0000000000
124354  0.234  -81.806  6.049 1.0000000000
146207  0.135  -82.347  3.592 1.0000000000
7402  0.398  -83.606  2.675 1.0000000000
124729  0.098  -83.054  3.627 1.0000000000
128230  0.543  -84.313  1.623 0.8999999762
6830  0.312  -85.053  0.767 0.6999999881
6286  -0.116  -85.149  0.132 0.6000000238
122639  1.568  -80.935  20.787 0.6000000238
124042  1.314  -81.152  19.844 0.6000000238
8445  1.258  -80.810  18.410 0.8000000119
143948  1.306  -80.959  19.198 0.6000000238
9762  -0.016  -79.921  16.626 1.0000000000
9749  -0.147  -79.376  17.051 1.0000000000
9771  0.476  -79.984  16.886 1.0000000000
9750  -0.682  -80.115  17.848 1.0000000000
9074  -0.418  -80.410  16.912 1.0000000000
9733  -1.117  -79.698  18.623 1.0000000000
9734  -2.069  -79.947  19.007 1.0000000000
9063  -2.740  -80.508  18.532 1.0000000000
9735  -3.026  -79.839  19.132 1.0000000000
9077  -3.349  -81.081  17.960 1.0000000000
9737  -5.399  -79.515  18.783 1.0000000000
9066  -5.856  -80.249  18.119 1.0000000000
9751  -6.647  -79.816  17.775 1.0000000000
9715  -3.249  -79.077  19.420 1.0000000000
9716  -4.057  -78.968  19.354 1.0000000000
9752  -7.264  -79.422  17.446 1.0000000000
9765  -8.038  -79.357  16.339 1.0000000000
11033  0.393  -77.453  7.271 1.0000000000
11010  -0.382  -77.560  9.544 1.0000000000
125145  -1.000  -76.880  10.494 1.0000000000
12298  -2.252  -75.682  10.719 1.0000000000
12278  -5.606  -75.343  11.839 1.0000000000
9780  -6.902  -79.795  14.716 1.0000000000
10374  -8.588  -78.966  15.930 1.0000000000
11004  -1.021  -77.530  9.951 1.0000000000
12300  -4.316  -75.322  10.512 1.0000000000
12288  -5.052  -75.045  11.143 1.0000000000
11590  -6.284  -76.196  12.987 1.0000000000
10383  -8.367  -78.835  14.887 1.0000000000
12301  -5.247  -75.444  10.376 1.0000000000
12302  -6.098  -75.668  10.188 1.0000000000
10980  -6.232  -76.796  12.881 1.0000000000
9841  0.452  -79.084  4.904 1.0000000000
11633  -6.781  -76.211  9.174 1.0000000000
12273  -8.198  -75.913  12.626 1.0000000000
11596  -8.826  -76.880  12.591 1.0000000000
128642  0.321  -80.073  4.581 1.0000000000
12279  -8.235  -75.804  12.257 1.0000000000
8638  0.498  -80.926  3.276 1.0000000000
128466  0.404  -81.846  3.030 1.0000000000
128049  0.309  -82.697  2.798 1.0000000000
8053  0.521  -82.113  2.049 1.0000000000
131367  0.341  -84.086  0.542 0.8000000119
6839  -0.150  -84.513  -0.121 0.6999999881
146252  1.506  -80.475  20.139 0.6000000238
9050  1.467  -80.356  19.356 0.6999999881
9061  1.430  -79.837  18.412 0.6999999881
131832  1.030  -79.331  17.473 0.8000000119
143444  0.849  -79.117  17.691 0.8000000119
10970  -0.012  -79.116  16.966 0.8999999762
127237  1.011  -78.414  17.804 0.8000000119
9732  -0.438  -79.104  17.999 1.0000000000
10337  -0.796  -78.839  18.896 1.0000000000
9713  -1.560  -79.315  19.177 1.0000000000
9714  -2.378  -79.238  19.380 1.0000000000
10322  -3.542  -78.333  19.606 1.0000000000
10323  -4.386  -78.237  19.508 1.0000000000
9738  -6.232  -79.294  18.433 1.0000000000
10948  -7.060  -77.581  18.461 1.0000000000
10958  -7.712  -77.454  17.893 1.0000000000
140744  -7.545  -79.691  16.685 1.0000000000
9764  -7.857  -79.013  17.138 1.0000000000
11037  0.713  -76.901  6.258 1.0000000000
11002  0.019  -77.118  10.182 1.0000000000
11003  -0.495  -77.308  10.103 1.0000000000
10363  -8.412  -78.628  16.747 1.0000000000
12947  -7.064  -75.001  11.969 1.0000000000
10364  -8.927  -78.166  16.373 1.0000000000
10375  -9.127  -78.371  15.594 1.0000000000
11057  1.066  -77.000  4.012 1.0000000000
11585  -7.445  -76.290  13.425 1.0000000000
10977  -9.496  -78.069  14.322 1.0000000000
133426  -7.130  -75.780  13.398 1.0000000000
10983  -8.996  -77.872  13.610 1.0000000000
10445  0.885  -78.092  3.756 1.0000000000
141714  -0.491  -76.825  1.867 0.6999999881
131151  -6.477  -76.160  10.826 1.0000000000
9851  0.630  -79.269  3.586 1.0000000000
135845  0.600  -80.439  2.214 1.0000000000
136615  0.590  -81.287  2.306 1.0000000000
8065  0.420  -82.171  0.859 0.8999999762
8074  0.227  -82.557  -0.021 0.6999999881
9712  1.671  -79.294  19.363 0.6000000238
10308  1.817  -78.320  20.078 0.5000000000
10319  1.722  -78.354  18.977 0.6000000238
10350  1.169  -78.714  17.728 0.6999999881
10966  0.024  -78.259  17.284 0.8999999762
10336  -0.362  -77.917  18.158 1.0000000000
10931  1.791  -77.391  19.196 0.6000000238
10955  1.131  -77.826  17.796 0.6999999881
10956  0.529  -77.958  17.573 0.6999999881
10957  -0.017  -77.803  17.346 0.8000000119
10945  -0.760  -77.916  19.116 1.0000000000
10320  -1.625  -78.594  19.430 1.0000000000
11542  -3.384  -76.757  19.787 1.0000000000
10943  1.436  -77.007  18.183 0.6000000238
11564  1.000  -76.903  17.936 0.6000000238
11565  0.257  -77.200  17.738 0.6999999881
136911  -4.289  -76.924  19.778 1.0000000000
11553  -0.032  -76.135  18.317 0.8000000119
10934  -1.849  -77.625  19.612 1.0000000000
10339  -5.761  -78.501  18.994 1.0000000000
10947  -6.278  -77.609  18.897 1.0000000000
11639  0.436  -76.614  8.794 0.8999999762
11630  0.398  -76.776  9.975 0.8999999762
12322  0.600  -75.708  9.072 0.8999999762
10959  -8.310  -77.287  17.377 1.0000000000
131465  0.711  -76.326  6.723 0.8999999762
11009  0.017  -77.333  9.571 0.8999999762
11618  -0.215  -76.635  10.767 1.0000000000
11607  -1.392  -76.182  10.823 1.0000000000
12286  -2.742  -74.979  11.217 1.0000000000
12287  -3.908  -74.839  11.145 1.0000000000
12277  -4.707  -74.568  11.680 1.0000000000
12969  -5.635  -74.683  12.003 1.0000000000
135436  -8.902  -77.203  16.759 1.0000000000
11674  1.050  -75.698  5.368 0.8999999762
12958  -6.865  -74.738  12.159 1.0000000000
11579  -9.963  -76.870  15.444 1.0000000000
12269  -10.995  -75.476  14.030 1.0000000000
128597  1.156  -74.969  4.437 0.8999999762
12299  -3.283  -75.400  10.605 1.0000000000
11063  1.018  -77.011  2.874 1.0000000000
12970  -7.189  -74.383  11.665 1.0000000000
11586  -10.894  -76.843  14.003 1.0000000000
10986  -11.161  -76.815  13.208 1.0000000000
123199  1.012  -76.123  3.482 0.8999999762
11597  -10.300  -77.043  11.981 1.0000000000
10985  -10.567  -77.327  13.444 1.0000000000
11707  0.055  -76.028  2.212 0.8999999762
12971  -7.869  -74.878  11.760 1.0000000000
138830  -9.185  -76.445  11.826 1.0000000000
10994  -11.365  -76.769  12.547 1.0000000000
11613  -12.395  -76.394  11.502 1.0000000000
12308  -13.538  -75.506  10.525 1.0000000000
10481  0.607  -77.422  1.820 1.0000000000
11090  0.049  -76.575  1.705 0.8000000119
11064  -0.911  -76.909  2.817 0.6000000238
11612  -11.608  -76.628  11.211 1.0000000000
11626  -12.269  -76.339  10.517 1.0000000000
141961  -13.831  -75.300  9.791 1.0000000000
128483  0.489  -78.407  1.348 1.0000000000
121957  0.092  -77.551  0.962 0.8000000119
10470  -1.083  -77.672  2.361 0.6999999881
12291  -8.490  -75.485  11.497 1.0000000000
12292  -9.132  -75.849  11.147 1.0000000000
11610  -9.958  -76.427  11.041 1.0000000000
11625  -11.490  -76.416  10.277 1.0000000000
138022  -12.372  -75.960  9.623 1.0000000000
9887  0.280  -79.354  0.532 1.0000000000
10500  0.025  -78.417  0.604 0.6999999881
10501  -0.054  -77.865  0.770 0.6000000238
12305  -10.158  -75.970  10.217 1.0000000000
12306  -10.808  -76.178  9.931 1.0000000000
12316  -10.427  -75.478  9.447 1.0000000000
13012  -11.985  -74.755  8.312 1.0000000000
12326  -12.703  -75.381  8.863 1.0000000000
9226  0.427  -80.323  0.526 1.0000000000
8671  0.270  -81.532  0.031 0.6999999881
11566  -0.068  -77.644  17.265 0.8000000119
10944  -0.250  -77.049  18.244 0.8000000119
10933  -0.908  -77.110  19.251 0.8999999762
12226  -1.642  -75.718  19.089 0.8999999762
10937  -4.740  -77.505  19.619 1.0000000000
11540  1.699  -76.362  19.094 0.6000000238
11551  1.172  -76.173  18.362 0.6000000238
11552  0.526  -76.304  18.210 0.6000000238
10932  -0.745  -76.312  18.956 0.8000000119
134499  -2.491  -76.217  19.578 0.8999999762
11543  -4.174  -76.168  19.742 1.0000000000
11555  -5.916  -76.752  19.137 1.0000000000
134570  -6.269  -76.093  18.953 1.0000000000
11557  -7.325  -76.694  18.315 1.0000000000
11567  -7.903  -76.581  17.773 1.0000000000
12251  -8.538  -75.660  17.074 1.0000000000
11606  -0.757  -76.136  11.166 1.0000000000
12977  -2.193  -74.524  11.813 1.0000000000
12968  -4.344  -74.119  12.075 1.0000000000
11574  -8.866  -76.321  16.784 1.0000000000
12949  -10.608  -74.777  14.450 1.0000000000
136130  -6.456  -74.392  12.035 1.0000000000
12281  -12.399  -75.572  12.730 1.0000000000
13054  0.384  -74.912  3.570 0.8999999762
13733  -6.526  -73.975  11.661 1.0000000000
10993  -10.783  -77.075  12.668 1.0000000000
12294  -13.467  -75.300  11.473 1.0000000000
12982  -13.684  -74.458  11.805 1.0000000000
13740  -6.990  -74.020  10.962 1.0000000000
12290  -8.060  -74.955  11.446 1.0000000000
11598  -11.155  -76.840  11.997 1.0000000000
12988  -14.229  -75.040  10.374 1.0000000000
13001  -15.054  -74.175  9.574 1.0000000000
12986  -8.252  -74.564  10.492 1.0000000000
12980  -8.149  -74.846  11.093 1.0000000000
12303  -8.694  -75.209  10.825 1.0000000000
13015  -14.576  -74.362  8.910 1.0000000000
13772  -14.902  -73.852  8.668 1.0000000000
12987  -8.984  -74.972  10.108 1.0000000000
13013  -13.078  -74.712  8.310 1.0000000000
13781  -14.276  -73.417  7.867 1.0000000000
14614  -14.810  -72.604  7.675 1.0000000000
9245  0.144  -80.035  -0.089 0.6000000238
12998  -10.407  -74.804  8.853 1.0000000000
12241  -2.180  -74.940  18.932 0.8000000119
12227  -2.530  -75.497  19.385 0.8999999762
11544  -5.065  -76.628  19.605 1.0000000000
12238  0.295  -75.288  18.341 0.6000000238
12240  -1.309  -74.975  18.456 0.6999999881
12242  -6.232  -75.110  18.965 1.0000000000
141835  -7.092  -75.164  18.341 1.0000000000
12312  0.557  -75.817  10.118 0.8999999762
11604  0.195  -75.837  11.321 1.0000000000
12916  -0.060  -73.916  17.947 0.6999999881
12907  -4.450  -73.864  19.382 0.8999999762
136057  -7.632  -75.235  17.876 1.0000000000
12918  -8.107  -74.983  17.449 1.0000000000
133977  -2.582  -74.139  18.990 0.6999999881
12927  -8.703  -74.816  16.742 1.0000000000
145624  0.774  -74.794  8.358 0.8999999762
11605  -0.252  -75.850  11.432 1.0000000000
12284  -0.510  -75.265  11.842 1.0000000000
12976  -0.863  -74.619  12.241 1.0000000000
12285  -1.471  -75.364  11.421 1.0000000000
12978  -3.510  -74.393  11.752 1.0000000000
12258  -9.057  -75.711  16.490 1.0000000000
13701  -11.255  -73.639  13.732 1.0000000000
11666  0.908  -74.989  6.053 0.8999999762
12259  -9.570  -75.850  15.890 1.0000000000
13036  0.337  -73.711  6.029 0.8999999762
137619  -5.460  -73.990  12.045 1.0000000000
12262  -10.074  -75.797  15.253 1.0000000000
12263  -10.523  -75.621  14.634 1.0000000000
12961  -12.263  -74.536  13.096 1.0000000000
13717  -12.627  -73.723  12.762 1.0000000000
127706  1.037  -74.493  4.967 0.8999999762
139362  -4.391  -73.736  11.989 1.0000000000
128346  -10.847  -76.180  14.215 1.0000000000
12972  -12.851  -74.809  12.596 1.0000000000
12973  -13.169  -74.297  12.367 1.0000000000
13741  -13.920  -73.602  11.813 1.0000000000
12981  -13.292  -74.928  12.126 1.0000000000
12983  -14.419  -74.410  11.066 1.0000000000
12989  -14.718  -74.590  10.198 1.0000000000
13748  -15.658  -73.613  10.000 1.0000000000
12996  -8.605  -74.258  9.705 1.0000000000
13782  -15.229  -73.253  8.318 1.0000000000
14605  -15.937  -72.868  8.608 1.0000000000
12997  -9.559  -74.698  9.327 1.0000000000
13780  -13.174  -73.239  7.590 1.0000000000
13758  -10.052  -74.057  8.668 1.0000000000
13769  -11.600  -73.759  7.976 1.0000000000
13770  -12.597  -73.967  7.857 1.0000000000
14615  -15.590  -72.364  7.882 1.0000000000
11554  -0.645  -75.524  18.487 0.6999999881
12228  -4.023  -75.286  19.696 1.0000000000
12239  -0.205  -74.682  18.153 0.6999999881
12891  -5.396  -75.160  19.371 1.0000000000
13636  -6.189  -73.941  18.984 1.0000000000
130951  -6.777  -74.441  18.541 1.0000000000
12917  -7.450  -74.423  17.938 1.0000000000
13654  -8.103  -74.115  17.251 1.0000000000
13666  -8.631  -73.847  16.570 1.0000000000
12297  0.555  -75.593  11.209 0.8999999762
12283  0.059  -75.243  12.075 1.0000000000
12276  -0.126  -74.623  12.549 1.0000000000
13667  -9.149  -74.407  16.093 1.0000000000
13699  -10.073  -73.283  14.706 1.0000000000
12337  0.797  -74.282  6.699 0.8999999762
12966  -1.858  -74.131  12.285 1.0000000000
13732  -3.618  -73.625  12.163 1.0000000000
12939  -10.095  -74.905  15.033 1.0000000000
13018  0.547  -73.612  6.771 0.8999999762
13790  0.275  -73.411  6.592 0.8999999762
14560  -4.861  -73.412  11.683 1.0000000000
13715  -11.401  -72.678  13.486 1.0000000000
13716  -11.939  -73.560  13.329 1.0000000000
13763  -0.342  -72.917  8.666 0.8000000119
13731  -2.682  -73.591  12.355 1.0000000000
13738  -5.853  -73.575  11.536 1.0000000000
13735  -13.293  -73.621  12.317 1.0000000000
14572  -14.476  -72.428  11.528 1.0000000000
14586  -0.459  -72.101  10.001 0.8000000119
13734  -6.922  -74.096  11.332 1.0000000000
14573  -15.214  -72.513  11.111 1.0000000000
15379  -15.621  -72.043  11.054 1.0000000000
14569  -6.137  -73.257  10.865 1.0000000000
13747  -15.088  -74.044  10.514 1.0000000000
14582  -15.849  -72.899  10.468 1.0000000000
14583  -16.436  -72.335  10.324 1.0000000000
13745  -7.216  -73.765  10.461 1.0000000000
14594  -16.807  -72.181  9.550 1.0000000000
15403  -16.318  -72.151  8.242 1.0000000000
13746  -7.815  -73.973  10.119 1.0000000000
13755  -7.551  -73.409  9.708 1.0000000000
14592  -8.831  -73.035  8.698 1.0000000000
13756  -8.265  -73.558  9.357 1.0000000000
13768  -10.651  -73.471  8.203 1.0000000000
15421  -15.734  -71.496  7.552 1.0000000000
15395  -3.551  -72.103  8.510 0.4000000060
13767  -9.738  -73.218  8.449 1.0000000000
14603  -11.268  -72.842  7.866 1.0000000000
14604  -12.193  -73.057  7.679 1.0000000000
14613  -13.741  -72.483  7.395 1.0000000000
130831  -14.835  -71.114  7.255 1.0000000000
136683  -15.373  -70.615  7.266 1.0000000000
16208  -16.931  -70.408  7.790 1.0000000000
142841  -13.966  -68.888  7.009 1.0000000000
18661  -14.729  -67.782  6.497 1.0000000000
12904  -0.967  -74.391  18.030 0.6999999881
12905  -1.811  -74.324  18.409 0.6999999881
12888  -3.111  -74.863  19.457 0.8000000119
13649  -1.096  -73.671  17.790 0.6999999881
141765  -4.580  -73.094  18.998 0.8999999762
12908  -5.411  -74.368  19.300 1.0000000000
13633  -2.960  -73.392  18.826 0.8000000119
13635  -5.325  -73.469  19.061 1.0000000000
13651  -6.002  -73.084  18.544 1.0000000000
13652  -6.794  -73.648  18.287 1.0000000000
14469  -7.409  -72.792  17.244 1.0000000000
13665  -8.020  -73.265  16.953 1.0000000000
14485  -8.550  -72.936  16.224 1.0000000000
140726  0.612  -74.778  10.063 0.8999999762
12275  0.240  -74.495  12.620 1.0000000000
16072  -5.893  -70.697  16.014 0.8999999762
14503  -8.744  -72.349  15.699 1.0000000000
13680  -9.294  -72.973  15.454 1.0000000000
121948  0.808  -74.461  8.894 0.8999999762
12965  0.094  -74.058  13.026 1.0000000000
143192  -0.086  -74.125  12.892 1.0000000000
129615  -10.383  -71.754  13.864 1.0000000000
130924  -11.772  -72.031  13.145 1.0000000000
13750  0.613  -73.147  10.331 0.8999999762
124659  0.822  -74.012  11.819 0.8999999762
13730  -1.575  -73.598  12.573 1.0000000000
14523  -10.243  -72.422  14.270 1.0000000000
15371  -13.887  -71.485  11.695 1.0000000000
14576  0.138  -71.652  10.246 0.8999999762
12338  -1.393  -74.835  7.455 0.6000000238
14556  -0.312  -72.636  13.607 1.0000000000
14562  -12.816  -72.812  12.560 1.0000000000
129884  -13.698  -71.959  11.937 1.0000000000
15372  -14.708  -71.726  11.415 1.0000000000
131686  -16.220  -71.412  10.969 0.8999999762
12324  -2.601  -74.976  8.456 0.6000000238
14568  -5.304  -72.944  11.152 1.0000000000
13739  -6.593  -73.779  11.225 1.0000000000
17795  -8.728  -68.521  11.023 0.8000000119
16969  -9.855  -69.513  12.632 0.8999999762
15380  -16.972  -71.654  10.352 1.0000000000
16163  -17.606  -70.502  10.383 0.8999999762
13744  -6.739  -73.560  10.662 1.0000000000
12325  -11.919  -75.491  8.961 1.0000000000
16174  -17.703  -70.818  9.768 0.8999999762
14580  -6.973  -73.252  9.974 1.0000000000
15389  -17.279  -71.471  9.607 1.0000000000
15405  -17.620  -70.941  8.985 1.0000000000
143328  -18.032  -70.448  9.431 0.8999999762
16209  -17.590  -70.306  8.335 1.0000000000
17018  -18.089  -69.639  8.352 1.0000000000
14591  -7.992  -72.960  8.941 1.0000000000
14611  -11.838  -72.158  7.682 1.0000000000
17035  -17.912  -68.941  7.760 1.0000000000
14601  -9.454  -72.408  8.216 1.0000000000
15402  -10.962  -72.000  7.724 1.0000000000
14612  -12.733  -72.321  7.438 1.0000000000
15419  -13.253  -71.416  7.250 1.0000000000
17032  -15.515  -69.736  7.134 1.0000000000
16207  -16.137  -70.552  7.440 1.0000000000
17033  -16.512  -69.658  7.355 1.0000000000
18663  -16.875  -67.451  6.497 1.0000000000
13632  -2.228  -73.623  18.306 0.6999999881
14446  -2.634  -72.891  18.177 0.6999999881
13634  -3.790  -73.207  19.032 0.8000000119
128848  -5.672  -72.277  18.133 1.0000000000
14468  -6.658  -72.704  17.806 1.0000000000
14465  -3.210  -72.156  17.893 0.6999999881
128015  -3.640  -71.180  16.344 0.6999999881
14483  -6.980  -72.070  17.085 1.0000000000
14484  -7.790  -72.441  16.692 1.0000000000
125747  0.750  -72.919  11.333 0.8999999762
15312  -8.493  -71.674  15.486 1.0000000000
14521  -9.137  -72.081  15.145 1.0000000000
15293  -4.258  -70.967  16.074 0.8000000119
15320  -8.827  -71.241  14.846 1.0000000000
15321  -9.653  -71.694  14.426 1.0000000000
15362  -11.585  -71.388  12.911 1.0000000000
15341  -11.077  -71.742  13.391 1.0000000000
13713  0.808  -73.211  13.869 1.0000000000
136526  0.088  -73.761  13.606 1.0000000000
16083  -5.421  -70.441  15.005 0.8000000119
16956  -7.976  -69.725  12.904 0.8999999762
15339  -9.934  -71.074  13.808 1.0000000000
15340  -10.539  -71.242  13.459 1.0000000000
15363  -12.385  -71.911  12.659 1.0000000000
13712  1.065  -72.706  13.771 0.8999999762
14557  -1.391  -72.751  12.664 1.0000000000
14558  -3.218  -73.081  12.314 1.0000000000
14559  -3.983  -73.202  11.978 1.0000000000
16955  -6.745  -69.600  12.591 0.8999999762
16967  -7.509  -69.283  11.940 0.8999999762
16160  -14.999  -70.895  11.353 0.8999999762
16991  -14.726  -69.638  11.241 0.8000000119
16162  -16.887  -70.739  10.805 0.8999999762
15374  0.694  -71.171  10.870 0.8999999762
13008  -1.946  -74.342  9.095 0.6000000238
15337  0.116  -71.425  13.639 1.0000000000
15359  -1.725  -71.907  12.264 1.0000000000
15367  -2.266  -71.493  11.737 1.0000000000
14566  -3.570  -72.573  11.872 1.0000000000
17806  -9.160  -67.828  10.867 0.8000000119
16141  -11.236  -70.680  12.694 1.0000000000
15375  -0.090  -70.895  10.036 0.8999999762
15377  -5.360  -71.843  10.070 1.0000000000
15378  -6.054  -72.272  9.770 1.0000000000
14589  -6.720  -72.578  9.555 1.0000000000
17798  -11.735  -68.790  11.541 0.8000000119
16164  -18.137  -70.253  10.025 0.8999999762
16175  -18.408  -69.909  9.477 0.8999999762
15385  -5.790  -71.500  9.436 1.0000000000
14590  -7.325  -72.802  9.293 1.0000000000
19399  -9.909  -66.754  11.354 0.6999999881
142627  -18.531  -69.638  8.905 0.8999999762
15387  -7.008  -72.172  8.863 1.0000000000
15388  -7.728  -72.243  8.605 1.0000000000
14600  -8.575  -72.284  8.399 1.0000000000
15417  -11.535  -71.472  7.639 1.0000000000
15399  -8.276  -71.383  8.115 1.0000000000
15401  -10.089  -71.766  7.866 1.0000000000
15416  -10.802  -71.045  7.631 1.0000000000
142849  -13.302  -70.490  7.247 1.0000000000
134960  -13.797  -69.791  7.143 1.0000000000
17849  -17.006  -68.783  7.229 1.0000000000
13650  -1.787  -73.050  17.677 0.6999999881
14447  -3.332  -72.788  18.541 0.6999999881
145282  -1.347  -72.467  17.153 0.6000000238
14466  -4.189  -71.772  17.839 0.8000000119
15275  -5.092  -71.639  17.643 1.0000000000
15274  -4.344  -71.321  16.995 0.8000000119
15295  -6.413  -71.260  16.715 1.0000000000
14502  -8.196  -72.035  16.102 1.0000000000
16084  -6.452  -70.473  15.342 1.0000000000
16123  -10.235  -70.620  13.309 1.0000000000
14565  1.042  -72.018  11.781 0.8999999762
136001  -6.650  -70.082  13.596 0.8999999762
16138  -8.908  -69.758  13.268 0.8999999762
15336  0.697  -71.650  13.859 0.8999999762
15360  -2.609  -72.445  12.180 1.0000000000
16095  -4.738  -70.174  13.884 0.8000000119
16140  -10.477  -70.297  12.883 0.8999999762
128097  -12.253  -69.650  11.867 0.8000000119
16981  -13.148  -69.825  11.539 0.8000000119
16151  -13.465  -70.739  11.666 0.8000000119
16993  -17.165  -69.876  10.760 0.8000000119
16136  0.486  -70.396  13.240 0.8999999762
128986  -3.937  -71.994  11.264 1.0000000000
15369  -4.782  -72.148  10.749 1.0000000000
16966  -6.446  -68.875  11.779 0.8000000119
17808  -11.137  -67.905  11.294 0.8000000119
16161  -15.766  -70.243  11.152 0.8000000119
136291  -17.429  -69.070  10.783 0.8000000119
14587  -1.463  -72.122  9.681 0.6999999881
133524  -1.044  -69.991  12.169 0.8999999762
146379  -3.528  -71.373  11.067 1.0000000000
126747  -4.745  -71.449  10.301 1.0000000000
15376  -4.140  -71.396  10.701 1.0000000000
18590  -7.388  -66.984  10.945 0.6000000238
17804  -7.822  -67.346  10.622 0.6999999881
19398  -9.166  -66.724  11.137 0.6999999881
19390  -13.104  -66.302  11.293 0.6000000238
17810  -13.218  -68.079  10.831 0.8000000119
16995  -18.474  -69.614  10.068 0.8999999762
14577  -0.634  -71.547  9.910 0.8000000119
16169  -0.823  -70.582  9.402 0.8000000119
14588  -2.385  -72.480  9.496 0.6000000238
17003  -18.882  -69.181  9.367 0.8999999762
17840  -19.404  -68.524  8.925 0.8000000119
15386  -6.433  -71.880  9.183 1.0000000000
134790  -12.881  -69.822  7.344 1.0000000000
20203  -14.773  -66.468  11.031 0.5000000000
17851  -18.489  -68.327  7.774 0.8999999762
16173  -6.267  -71.138  8.823 1.0000000000
15398  -7.390  -71.511  8.405 1.0000000000
16204  -11.741  -70.763  7.571 1.0000000000
17848  -16.052  -68.927  6.951 1.0000000000
18647  -19.056  -67.750  7.769 0.8999999762
16186  -7.706  -70.814  8.096 1.0000000000
15400  -9.201  -71.582  7.993 1.0000000000
16188  -9.815  -70.905  7.769 1.0000000000
17861  -14.688  -68.568  6.745 1.0000000000
17043  -15.273  -68.958  6.850 1.0000000000
17863  -16.471  -68.198  6.720 1.0000000000
17850  -17.744  -68.208  7.270 1.0000000000
18646  -18.373  -67.639  7.269 1.0000000000
19449  -12.317  -66.324  6.941 1.0000000000
17847  -13.434  -68.450  7.074 1.0000000000
18662  -15.491  -67.374  6.331 1.0000000000
17860  -14.012  -68.145  6.804 1.0000000000
15335  1.096  -71.725  13.551 0.8999999762
15310  -6.738  -70.824  16.130 1.0000000000
16082  -4.364  -70.429  14.636 0.8000000119
16085  -7.209  -70.327  14.660 1.0000000000
16146  -1.334  -71.036  12.120 1.0000000000
143860  1.007  -70.400  13.335 0.8999999762
129358  -14.480  -68.669  11.036 0.8000000119
133022  -15.385  -69.031  11.114 0.8000000119
16962  0.587  -69.654  12.921 0.8999999762
17794  -7.880  -68.251  10.813 0.8000000119
141084  -13.942  -67.076  10.586 0.8000000119
17812  -14.669  -68.081  10.796 0.8000000119
126707  -16.626  -68.104  11.085 0.8000000119
124027  -18.879  -67.467  10.836 0.8000000119
16155  0.597  -70.366  10.571 0.8999999762
16158  -4.329  -70.872  10.149 1.0000000000
19403  -13.633  -66.822  10.789 0.6999999881
132806  -16.395  -68.990  10.982 0.8000000119
17823  -18.784  -68.871  10.223 0.8000000119
17824  -19.402  -68.447  9.670 0.8000000119
15393  -1.766  -71.097  9.114 0.6999999881
16156  -2.301  -70.203  10.880 1.0000000000
16159  -5.039  -71.163  9.714 1.0000000000
19386  -9.560  -66.574  11.522 0.5000000000
15412  -2.040  -70.953  8.437 0.6000000238
16171  -4.628  -70.484  9.477 1.0000000000
16172  -5.458  -70.700  9.002 1.0000000000
16184  -6.221  -70.337  8.511 1.0000000000
130357  -9.001  -70.737  7.907 1.0000000000
17029  -11.495  -69.233  7.468 1.0000000000
17030  -12.384  -69.143  7.384 1.0000000000
17862  -15.547  -68.232  6.591 1.0000000000
19450  -19.023  -67.080  7.277 0.8999999762
16187  -8.356  -70.432  7.984 1.0000000000
142515  -8.885  -70.164  7.946 1.0000000000
16203  -10.331  -70.291  7.615 1.0000000000
17846  -12.763  -68.430  7.249 1.0000000000
130134  -16.136  -67.669  6.462 1.0000000000
140432  -17.522  -66.823  6.403 1.0000000000
19468  -18.328  -66.939  6.765 1.0000000000
19467  -15.566  -66.612  6.064 1.0000000000
142051  -16.851  -66.740  6.196 1.0000000000
19485  -16.333  -66.315  5.948 1.0000000000
19465  -13.827  -66.582  6.352 1.0000000000
143147  -14.975  -66.160  5.933 1.0000000000
15308  -3.124  -70.843  15.247 0.6999999881
16096  -5.946  -70.167  14.176 0.8999999762
16119  -5.802  -69.703  13.047 0.8000000119
16145  1.213  -70.096  12.781 0.8999999762
16148  -2.811  -71.016  11.204 1.0000000000
121933  -5.571  -69.022  12.143 0.8000000119
16154  0.826  -70.158  11.574 0.8999999762
16961  0.999  -69.642  12.905 0.8999999762
16157  -3.429  -70.705  10.581 1.0000000000
17792  -6.599  -67.970  11.754 0.6000000238
19405  -15.197  -66.757  10.791 0.6999999881
134947  -16.074  -66.503  10.740 0.6999999881
126433  -17.967  -68.139  10.891 0.8000000119
17813  -19.068  -68.207  10.423 0.8000000119
18608  -20.032  -66.803  10.179 0.8000000119
18620  -20.139  -67.074  9.566 0.8000000119
16167  0.706  -69.454  10.943 0.8999999762
16182  -0.242  -69.803  9.030 0.8999999762
16975  -1.332  -69.559  11.604 1.0000000000
17001  -4.193  -69.831  9.171 1.0000000000
17017  -7.638  -69.928  8.084 1.0000000000
20194  -16.215  -65.631  10.830 0.6000000238
18619  -19.802  -67.821  9.300 0.8000000119
18635  -20.049  -67.237  8.942 0.8000000119
16168  0.239  -70.027  9.938 0.8999999762
17000  -3.328  -69.532  9.473 1.0000000000
17014  -5.474  -69.900  8.535 1.0000000000
16185  -6.952  -70.765  8.318 1.0000000000
130251  -9.142  -68.456  7.723 1.0000000000
17839  -9.201  -67.917  7.648 1.0000000000
18634  -19.595  -67.714  8.473 0.8000000119
19452  -20.378  -66.130  8.005 0.8999999762
16221  -2.148  -71.060  6.411 0.5000000000
16201  -8.638  -69.607  7.950 1.0000000000
141891  -9.390  -69.097  7.712 1.0000000000
136363  -10.224  -66.745  7.394 1.0000000000
125788  -12.374  -67.737  7.261 1.0000000000
19469  -19.043  -66.269  6.821 0.8999999762
16202  -9.498  -70.017  7.787 1.0000000000
127548  -11.980  -67.002  7.269 1.0000000000
21060  -12.718  -64.311  5.751 1.0000000000
20271  -18.603  -65.615  6.409 0.8999999762
18659  -13.361  -67.037  6.703 1.0000000000
20270  -17.208  -66.010  5.996 1.0000000000
20269  -14.351  -66.110  6.057 1.0000000000
20284  -16.402  -65.513  5.653 1.0000000000
20285  -17.171  -65.040  5.659 1.0000000000
16973  0.611  -69.291  12.042 0.8999999762
16963  -0.268  -69.281  12.252 0.8999999762
16988  -2.819  -69.878  10.201 1.0000000000
20205  -16.529  -65.799  10.615 0.6000000238
124622  -17.008  -66.230  10.564 0.8000000119
19408  -19.536  -66.348  10.666 0.8000000119
19409  -20.100  -66.124  10.249 0.8000000119
16974  0.448  -69.232  12.206 0.8999999762
20207  -18.659  -65.781  10.764 0.6999999881
19417  -20.390  -66.184  9.618 0.8000000119
20234  -20.664  -65.736  8.737 0.8000000119
16985  0.650  -68.369  11.151 0.8999999762
16986  -0.775  -68.783  11.444 0.8999999762
16987  -1.748  -69.361  10.743 0.8999999762
133877  -6.833  -69.924  8.241 1.0000000000
17016  -7.031  -69.110  8.177 1.0000000000
19389  -12.229  -66.250  11.520 0.6000000238
20191  -13.460  -65.672  11.848 0.5000000000
19434  -20.352  -66.567  8.878 0.8000000119
17002  -4.851  -70.117  8.816 1.0000000000
17015  -6.260  -69.515  8.315 1.0000000000
18641  -9.675  -67.413  7.524 1.0000000000
20273  -20.198  -65.070  7.386 0.8999999762
16998  0.671  -68.902  10.095 0.8999999762
16199  -0.706  -70.155  6.583 0.5000000000
145497  -7.346  -68.559  8.113 1.0000000000
17838  -8.470  -68.093  7.786 1.0000000000
131876  -11.132  -66.918  7.316 1.0000000000
146028  -19.715  -65.246  7.015 0.8999999762
17844  -9.921  -68.343  7.536 1.0000000000
18642  -10.608  -67.618  7.444 1.0000000000
125497  -18.122  -66.182  6.368 1.0000000000
20281  -13.832  -64.848  5.660 1.0000000000
20282  -14.693  -65.379  5.665 1.0000000000
128378  -15.654  -65.185  5.508 1.0000000000
21066  -17.865  -64.546  5.758 0.8999999762
21064  -16.278  -64.544  5.424 1.0000000000
21063  -15.207  -64.543  5.355 1.0000000000
20206  -17.433  -65.321  10.363 0.6999999881
20208  -19.528  -65.530  10.511 0.6999999881
17790  0.530  -68.484  11.402 0.8999999762
141371  -3.804  -69.248  8.831 1.0000000000
17822  -2.933  -68.793  8.921 1.0000000000
127449  -5.603  -69.058  8.402 1.0000000000
20995  -17.034  -65.056  10.393 0.6000000238
139025  -21.017  -64.760  8.660 0.8000000119
135020  -0.131  -69.405  8.260 0.8999999762
17013  -4.662  -69.366  8.626 1.0000000000
127659  -6.336  -68.812  8.323 1.0000000000
130929  -20.693  -65.374  8.012 0.8000000119
21052  -20.236  -64.170  7.143 0.8000000119
17012  0.326  -69.014  9.020 0.8999999762
17026  0.265  -68.767  8.067 0.8000000119
127058  -0.866  -69.890  7.953 0.6999999881
17041  -0.055  -69.893  6.015 0.6000000238
19447  -10.743  -66.049  7.271 1.0000000000
19448  -11.584  -66.243  7.159 1.0000000000
20286  -17.943  -65.375  6.016 1.0000000000
19464  -13.041  -66.392  6.539 1.0000000000
17803  -1.242  -68.654  10.483 0.8999999762
20997  -18.056  -63.998  9.610 0.6000000238
21843  -19.432  -63.760  10.290 0.6000000238
124170  -20.082  -63.247  10.348 0.6000000238
17791  0.095  -68.530  11.651 0.8999999762
17802  -0.248  -68.174  10.917 0.8999999762
16999  -2.274  -69.180  9.790 0.8999999762
141037  -3.921  -68.663  8.515 1.0000000000
17836  -5.919  -68.239  8.460 1.0000000000
21855  -21.153  -63.755  9.603 0.6000000238
17801  0.522  -67.944  10.882 0.8999999762
18597  -0.059  -67.274  10.279 0.8999999762
17821  -1.790  -68.498  9.507 0.8999999762
17835  -4.956  -68.446  8.435 1.0000000000
18632  -7.918  -67.266  7.753 1.0000000000
20999  -20.530  -64.749  9.974 0.6000000238
21017  -21.368  -63.914  8.993 0.6000000238
141826  1.155  -68.024  10.772 0.8999999762
18596  0.727  -67.554  10.500 0.8999999762
17820  -0.685  -68.145  9.991 0.8999999762
17834  -2.299  -68.207  8.722 0.8999999762
18630  -6.250  -67.481  8.404 1.0000000000
21040  -20.803  -64.530  7.824 0.8000000119
21897  -20.344  -63.302  6.886 0.8000000119
17011  0.726  -68.030  9.625 0.8999999762
18617  -0.429  -67.551  9.646 0.8999999762
122198  -3.108  -68.123  8.417 0.8999999762
123722  -7.583  -68.059  7.957 1.0000000000
19446  -9.324  -66.543  7.503 1.0000000000
140161  -9.876  -65.850  7.356 1.0000000000
21039  -10.937  -64.639  6.959 1.0000000000
21047  -11.415  -64.268  6.382 1.0000000000
21051  -19.521  -64.650  6.727 0.8999999762
21896  -19.596  -63.738  6.538 0.8999999762
17843  0.391  -68.163  7.294 0.6999999881
17040  0.087  -69.209  6.665 0.6000000238
19429  -4.056  -66.795  8.121 0.8999999762
19431  -7.352  -66.511  7.835 1.0000000000
19432  -8.323  -66.289  7.616 1.0000000000
143520  -9.039  -65.630  7.467 1.0000000000
21038  -10.042  -64.392  7.068 1.0000000000
20255  -10.411  -65.185  7.226 1.0000000000
21894  -12.083  -63.933  5.769 1.0000000000
142895  -13.955  -64.255  5.384 1.0000000000
21912  -18.937  -63.411  5.964 0.8999999762
21895  -18.993  -64.109  6.259 0.8999999762
21891  -9.578  -63.306  6.436 1.0000000000
22731  -10.709  -62.773  5.950 1.0000000000
21904  -12.276  -63.028  5.422 1.0000000000
134026  -13.186  -63.145  5.307 1.0000000000
21907  -14.568  -63.809  5.230 1.0000000000
21908  -15.644  -63.734  5.249 1.0000000000
21910  -17.339  -63.400  5.407 0.8999999762
143572  -17.790  -63.850  5.601 0.8999999762
21911  -18.151  -63.174  5.522 0.8999999762
21065  -17.178  -64.163  5.519 1.0000000000
22730  -9.920  -62.670  5.931 1.0000000000
22743  -11.376  -62.518  5.473 1.0000000000
22744  -13.998  -62.881  5.118 1.0000000000
131399  -15.112  -62.956  5.147 1.0000000000
22747  -16.519  -62.255  5.116 1.0000000000
138964  -17.028  -62.493  5.217 0.8999999762
23632  -12.618  -61.289  4.921 1.0000000000
23636  -16.751  -61.365  5.040 1.0000000000
22677  -17.563  -62.939  9.747 0.3000000119
22678  -18.899  -62.949  10.111 0.4000000060
124706  -17.698  -62.384  9.125 0.3000000119
22680  -21.231  -62.103  10.017 0.5000000000
22689  -21.606  -62.618  9.401 0.6000000238
18628  -4.255  -67.690  8.323 0.8999999762
21863  -21.622  -63.129  8.679 0.6000000238
18626  -0.004  -67.150  9.546 0.8999999762
124113  -6.465  -66.650  8.157 1.0000000000
19445  -7.580  -65.632  7.672 1.0000000000
22714  -21.279  -62.404  7.580 0.6000000238
22713  -20.897  -62.983  7.332 0.6999999881
17819  0.784  -67.515  10.442 0.8999999762
18625  0.531  -67.252  9.011 0.8999999762
123775  -3.343  -67.359  8.205 0.8999999762
20232  -4.777  -66.240  8.030 1.0000000000
21036  -8.376  -64.624  7.296 1.0000000000
141235  -19.642  -62.822  6.272 0.8999999762
18640  0.571  -67.356  7.794 0.8000000119
19427  -1.534  -66.950  8.116 0.8999999762
19444  -6.906  -65.956  7.863 1.0000000000
127613  -8.307  -65.251  7.530 1.0000000000
22749  -18.866  -62.617  5.689 0.8999999762
18658  0.385  -67.557  6.616 0.6999999881
17889  -0.201  -67.839  5.016 0.6000000238
131130  -0.612  -66.934  4.699 0.6000000238
22712  -7.899  -63.448  6.701 1.0000000000
141209  -18.161  -62.180  5.311 0.8999999762
22741  -9.848  -61.867  5.554 1.0000000000
140793  -12.203  -61.999  5.074 1.0000000000
136760  -13.046  -62.449  5.153 1.0000000000
22745  -14.682  -62.129  4.956 1.0000000000
129456  -17.277  -62.079  5.181 0.8999999762
24544  -9.363  -60.796  4.891 0.8999999762
23633  -13.723  -61.927  4.995 1.0000000000
23635  -16.002  -61.662  4.984 1.0000000000
23565  -18.397  -61.545  9.554 0.3000000119
23567  -20.461  -61.455  10.319 0.4000000060
23580  -21.754  -61.750  9.279 0.5000000000
124344  -0.911  -67.416  8.824 0.8999999762
19426  -0.315  -66.911  8.595 0.8999999762
20254  -7.729  -64.883  7.407 1.0000000000
144567  -19.878  -62.238  6.293 0.8000000119
22733  -20.522  -62.303  6.777 0.6999999881
19424  0.168  -66.895  8.816 0.8999999762
138376  -0.139  -66.595  8.168 0.8999999762
20230  -2.203  -66.057  7.563 0.8999999762
140680  -4.676  -65.665  7.752 1.0000000000
19443  -6.222  -65.866  7.869 1.0000000000
139251  -6.897  -65.243  7.536 1.0000000000
122653  -8.525  -64.030  6.972 1.0000000000
140779  -18.910  -61.936  5.513 0.8999999762
123407  0.406  -66.838  6.990 0.6999999881
130548  -0.115  -66.727  5.062 0.6000000238
22710  -6.535  -63.245  6.498 1.0000000000
22729  -8.287  -62.804  6.304 1.0000000000
127292  -18.648  -61.223  5.308 0.8000000119
23631  -11.255  -61.731  4.993 1.0000000000
23629  -9.128  -61.511  5.453 1.0000000000
143671  -9.739  -61.301  5.158 1.0000000000
23647  -14.303  -61.181  4.800 1.0000000000
24547  -14.994  -60.776  4.783 1.0000000000
24548  -15.820  -60.848  4.895 0.8999999762
123644  -17.276  -60.776  5.043 0.8000000119
123146  -5.963  -65.201  7.502 1.0000000000
23613  -19.990  -61.724  6.228 0.6999999881
20251  -3.168  -65.243  7.287 0.8999999762
138481  -6.848  -64.327  6.840 1.0000000000
21035  -7.245  -64.579  7.079 1.0000000000
23638  -19.429  -61.449  5.691 0.6999999881
24552  -19.479  -60.640  5.536 0.6999999881
21027  0.043  -65.089  7.100 0.8000000119
21029  -0.570  -64.540  7.053 0.8999999762
126862  -4.207  -63.779  6.899 0.8999999762
23637  -17.697  -61.390  5.134 0.8999999762
24551  -18.811  -60.224  5.249 0.6999999881
20265  0.384  -65.661  6.034 0.6999999881
19487  -0.163  -66.237  4.873 0.6000000238
126280  -1.491  -65.056  4.181 0.6000000238
21087  -2.196  -63.646  3.637 0.5000000000
23610  -7.886  -62.217  5.820 1.0000000000
24564  -9.764  -60.120  4.568 0.8999999762
23628  -8.292  -61.480  5.496 0.8999999762
24543  -8.613  -60.793  5.062 0.8000000119
131559  -10.129  -60.797  4.745 1.0000000000
24545  -11.026  -60.855  4.625 1.0000000000
25480  -8.987  -60.065  4.637 0.8000000119
21033  -5.612  -64.590  7.098 1.0000000000
20228  -0.057  -66.450  7.923 0.8999999762
20247  0.038  -65.759  7.335 0.8999999762
21032  -4.681  -64.524  7.099 1.0000000000
21031  -3.719  -64.482  7.064 0.8999999762
21876  -6.233  -64.003  6.710 1.0000000000
21877  -7.167  -63.854  6.748 1.0000000000
123310  -7.860  -64.260  7.035 1.0000000000
21872  -0.844  -63.679  6.902 0.8000000119
22709  -5.604  -63.277  6.464 0.8999999762
25482  -17.360  -59.133  5.022 0.6999999881
21059  0.191  -65.040  5.499 0.6000000238
21028  -0.144  -64.715  7.171 0.8999999762
22726  -5.953  -62.693  6.150 0.8999999762
22727  -6.793  -62.696  6.264 1.0000000000
23609  -7.103  -62.144  5.875 0.8999999762
23627  -7.482  -61.451  5.511 0.8999999762
24542  -7.835  -60.735  5.167 0.8999999762
124635  -14.085  -59.640  4.565 0.8999999762
24571  -15.892  -59.997  4.861 0.8000000119
21072  -0.037  -65.001  4.628 0.6000000238
21928  -2.098  -63.064  3.458 0.6000000238
23608  -6.283  -62.053  5.860 0.8000000119
134802  -7.016  -60.715  5.190 0.8000000119
25500  -6.862  -59.181  4.600 0.8000000119
25502  -8.590  -59.267  4.441 0.8000000119
24566  -11.161  -60.017  4.543 1.0000000000
25481  -16.455  -59.368  4.838 0.6999999881
25473  -2.166  -59.275  5.158 0.6999999881
25475  -3.779  -59.455  5.156 0.6999999881
25505  -11.572  -59.422  4.443 0.8999999762
24570  -15.207  -60.109  4.809 0.8999999762
132163  -0.302  -65.250  7.261 0.8999999762
139926  -1.544  -64.484  6.926 0.8999999762
21030  -2.672  -64.441  6.987 0.8999999762
21874  -3.245  -63.689  6.850 0.8999999762
21888  0.174  -63.925  6.187 0.8000000119
22705  -1.201  -63.152  6.272 0.8000000119
22706  -2.860  -62.998  6.442 0.8999999762
22707  -3.781  -63.074  6.660 0.8999999762
24541  -6.218  -60.689  5.284 0.8000000119
26383  -9.040  -58.512  4.184 0.8000000119
142879  -10.198  -59.543  4.466 0.8999999762
132231  -9.779  -58.469  4.210 0.8000000119
147025  -10.794  -58.354  4.243 0.8999999762
25509  -15.410  -59.253  4.662 0.8999999762
25510  -16.802  -58.469  4.778 0.6999999881
21902  0.058  -64.220  4.938 0.6000000238
22704  -0.323  -63.165  6.645 0.8000000119
22721  -0.484  -62.725  5.992 0.8000000119
22772  -1.578  -62.500  3.546 0.6999999881
23607  -5.350  -61.942  5.880 0.8000000119
140390  -5.448  -60.517  5.276 0.8000000119
143866  -5.864  -60.245  5.078 0.8000000119
124168  -12.033  -58.604  4.119 0.8999999762
25508  -14.568  -58.997  4.488 0.8999999762
24528  -2.200  -60.022  5.634 0.6999999881
140920  -4.614  -60.056  5.215 0.8000000119
25499  -5.829  -59.019  4.570 0.8000000119
27276  -12.906  -57.904  3.746 0.8000000119
26388  -14.294  -58.260  4.251 0.8999999762
22725  -5.005  -62.636  6.220 0.8999999762
22724  -3.367  -62.275  6.151 0.8000000119
129767  -4.220  -62.637  6.363 0.8000000119
139862  -1.304  -61.997  5.552 0.8000000119
23606  -3.213  -61.300  5.930 0.8000000119
23625  -4.742  -60.999  5.585 0.8000000119
27272  -7.881  -57.658  4.143 0.8000000119
131294  -8.688  -57.754  3.989 0.8000000119
137564  -12.014  -57.722  3.823 0.8000000119
26390  -15.962  -58.456  4.617 0.6999999881
140648  -2.595  -61.591  5.944 0.8000000119
24540  -3.798  -60.237  5.492 0.6999999881
28169  -6.597  -56.832  4.382 0.8000000119
28172  -9.265  -57.001  3.712 0.6999999881
27287  -11.549  -57.130  3.738 0.5000000000
129724  -4.263  -61.849  5.972 0.8000000119
27273  -9.535  -57.837  3.987 0.8000000119
137389  -10.761  -57.196  3.903 0.6000000238
135835  -1.322  -61.322  5.658 0.6999999881
28170  -7.467  -56.909  4.215 0.6999999881
131459  -7.012  -56.124  4.305 0.6000000238
29083  -9.014  -55.579  3.252 0.6000000238
28193  -11.124  -56.550  3.510 0.5000000000
28195  -12.827  -56.284  3.598 0.6000000238
28192  -10.203  -56.597  3.507 0.5000000000
29086  -12.382  -55.735  3.228 0.5000000000
128669  -8.622  -54.742  3.228 0.5000000000
29084  -10.745  -55.887  3.115 0.5000000000
29930  -9.127  -54.083  2.844 0.4000000060
29081  -7.385  -55.415  4.023 0.6000000238
130494  -9.874  -55.771  3.083 0.5000000000
126849  -8.255  -53.798  3.273 0.5000000000
29931  -10.010  -54.350  2.561 0.4000000060
30743  -8.765  -53.116  2.912 0.3000000119
274  -6.375  -99.713  6.059 0.6999999881
262  -4.107  -99.645  8.257 0.8999999762
891  -6.589  -96.636  6.802 1.0000000000
1263  -20.356  -95.351  -1.269 0.5000000000
1144  -4.886  -95.712  9.891 1.0000000000
1160  -5.846  -95.620  8.674 1.0000000000
1527  -9.411  -94.859  6.706 1.0000000000
1195  -11.508  -95.584  4.437 1.0000000000
1552  -12.132  -94.864  4.171 1.0000000000
775  -2.084  -96.899  21.139 0.6000000238
956  -17.478  -96.455  -1.848 0.8999999762
1808  -2.687  -93.731  14.510 1.0000000000
1912  -10.993  -94.006  6.266 1.0000000000
1315  -17.747  -95.586  -7.937 0.8000000119
3234  -5.398  -91.131  14.447 1.0000000000
1404  -0.655  -94.325  17.870 0.8999999762
1274  -17.975  -95.153  -3.729 0.8000000119
2771  -10.931  -91.885  8.050 1.0000000000
2876  -15.002  -91.649  0.803 0.8999999762
124989  -0.504  -93.195  17.438 1.0000000000
3813  -9.318  -88.959  13.256 1.0000000000
3890  -4.639  -89.816  6.786 1.0000000000
4558  -12.576  -88.473  4.549 1.0000000000
4980  -5.090  -86.966  17.707 1.0000000000
5511  -5.521  -86.218  17.539 1.0000000000
3767  0.023  -89.555  18.419 1.0000000000
6679  -7.726  -84.824  16.411 1.0000000000
5599  -6.255  -86.424  8.842 1.0000000000
5600  -7.232  -85.973  8.988 1.0000000000
146792  -2.550  -88.132  9.265 1.0000000000
5581  -4.773  -86.754  9.328 1.0000000000
5044  -3.567  -87.294  9.444 1.0000000000
6112  -9.405  -85.197  14.159 1.0000000000
5598  -5.425  -86.628  9.101 1.0000000000
5583  -7.671  -85.528  9.337 1.0000000000
6140  -8.847  -84.975  10.649 1.0000000000
4396  0.635  -87.174  17.802 1.0000000000
6762  -4.490  -84.802  8.459 1.0000000000
133828  -3.881  -83.743  15.775 1.0000000000
6759  -0.437  -84.791  8.866 1.0000000000
6172  -2.583  -85.306  8.487 1.0000000000
6761  -3.577  -85.007  8.397 1.0000000000
7339  -4.887  -83.961  8.149 1.0000000000
7302  -4.394  -82.951  12.737 1.0000000000
6105  0.038  -85.091  15.795 1.0000000000
6672  -0.615  -84.793  16.061 1.0000000000
7279  -4.674  -83.434  14.373 1.0000000000
8000  -9.022  -81.843  8.153 1.0000000000
7338  -3.892  -84.015  7.981 1.0000000000
7935  -1.909  -82.424  14.606 1.0000000000
9106  -6.307  -80.413  14.393 1.0000000000
5706  -0.252  -86.442  1.023 0.6000000238
9099  -6.575  -80.429  15.253 1.0000000000
9774  -7.556  -79.796  15.802 1.0000000000
8025  -0.045  -82.413  4.372 1.0000000000
124257  1.035  -79.953  17.147 0.8000000119
9770  0.832  -80.227  17.031 0.8000000119
10384  -9.143  -78.378  14.880 1.0000000000
124032  -7.112  -77.167  13.629 1.0000000000
10967  -9.461  -77.579  15.999 1.0000000000
10971  -9.673  -77.838  15.165 1.0000000000
142595  -10.264  -77.439  14.421 1.0000000000
10984  -9.844  -77.724  13.572 1.0000000000
9201  0.569  -79.931  2.903 1.0000000000
9731  1.493  -78.896  18.305 0.6999999881
10946  -5.501  -77.527  19.300 1.0000000000
11695  -0.229  -75.996  2.471 0.8000000119
12317  -11.429  -75.935  9.507 1.0000000000
125109  0.152  -77.038  17.768 0.8000000119
13047  0.352  -74.002  4.828 0.8999999762
12999  -11.150  -75.204  8.795 1.0000000000
130170  -3.289  -75.793  19.667 0.8999999762
12229  -4.864  -75.647  19.586 1.0000000000
12906  -3.424  -73.941  19.347 0.8999999762
14522  -9.703  -72.490  14.820 1.0000000000
14578  -5.710  -72.557  10.472 1.0000000000
16205  -12.570  -70.634  7.406 1.0000000000
17042  -14.633  -69.349  6.997 1.0000000000
15361  -10.906  -70.993  13.076 1.0000000000
16150  -12.679  -70.503  12.050 0.8000000119
13737  1.023  -73.165  12.374 0.8999999762
143296  -7.911  -71.376  15.810 1.0000000000
16147  -1.843  -70.558  11.526 1.0000000000
17031  -13.196  -69.074  7.209 1.0000000000
15294  -5.295  -71.075  16.738 0.8999999762
16071  -4.915  -70.659  15.695 0.8000000119
19401  -11.820  -66.752  11.159 0.6999999881
17028  -10.410  -69.362  7.535 1.0000000000
18644  -12.735  -67.048  6.991 1.0000000000
15273  -3.484  -71.571  17.059 0.6999999881
19388  -11.340  -66.297  11.694 0.6000000238
18643  -11.528  -67.708  7.407 1.0000000000
20268  -13.599  -65.673  6.059 1.0000000000
20266  -11.668  -65.048  6.651 1.0000000000
21061  -13.343  -64.289  5.584 1.0000000000
143746  -18.809  -64.185  10.179 0.6000000238
20998  -19.697  -64.627  10.312 0.6000000238
21841  -17.960  -63.673  9.513 0.4000000060
126659  0.720  -67.784  10.723 0.8999999762
21041  -21.220  -63.878  8.280 0.8000000119
21893  -11.249  -63.373  6.034 1.0000000000
21842  -18.051  -63.723  9.420 0.5000000000
18629  -5.390  -67.607  8.424 1.0000000000
132974  0.097  -67.774  5.604 0.6000000238
123153  -10.387  -63.289  6.337 1.0000000000
123041  -18.167  -62.259  9.164 0.3000000119
21878  -9.335  -63.888  6.870 1.0000000000
19463  0.444  -66.201  6.284 0.6000000238
24546  -11.951  -61.091  4.871 1.0000000000
23646  -13.321  -61.171  4.857 1.0000000000
24529  -20.817  -60.405  6.470 0.4000000060
25484  -20.239  -60.120  5.836 0.6000000238
20250  -2.139  -65.157  7.116 0.8999999762
20252  -4.216  -65.193  7.404 1.0000000000
25478  -7.351  -59.979  4.867 0.8000000119
131083  -11.817  -60.231  4.628 1.0000000000
25504  -10.837  -59.431  4.465 0.8999999762
26379  -5.278  -57.982  4.725 0.6999999881
24550  -17.295  -60.010  5.038 0.8000000119
25483  -18.936  -59.302  5.236 0.6000000238
26386  -13.014  -58.862  4.064 0.8999999762
23645  -1.207  -61.306  4.784 0.6999999881
27271  -7.066  -57.692  4.335 0.8000000119
134803  -5.798  -61.275  5.579 0.8000000119
127840  -16.459  -57.749  4.591 0.6999999881
27289  -13.305  -56.922  3.810 0.6000000238
26387  -13.867  -57.575  4.022 0.6999999881
126883  -15.652  -57.660  4.446 0.6999999881
29916  -9.484  -54.940  2.934 0.6000000238
140  -6.295  -100.076  5.620 0.8000000119
141  -7.402  -100.793  5.615 0.8000000119
65  -8.385  -101.668  6.310 0.8000000119
75  -7.500  -101.145  3.783 0.8999999762
28  -8.584  -102.246  4.939 0.8000000119
128945  -9.112  -102.443  4.319 0.8000000119
8  -10.751  -102.596  3.802 0.8000000119
135769  -9.634  -101.945  2.442 0.8000000119
50  -12.916  -102.558  2.517 0.6000000238
127268  -5.852  -98.602  17.520 0.8000000119
5162  -0.053  -87.717  1.898 0.6999999881
9266  0.104  -80.776  -0.197 0.6000000238
7428  -0.575  -83.012  -0.331 0.6999999881
11684  -0.203  -75.210  3.481 0.8000000119
11058  -0.652  -76.272  3.372 0.5000000000
12355  -0.238  -73.907  5.738 0.8000000119
12362  -0.002  -74.518  4.186 0.8000000119
13020  -0.728  -73.744  7.399 0.8000000119
13007  -0.953  -73.680  8.503 0.8000000119
13752  -0.998  -72.642  9.720 0.8000000119
12993  -1.538  -73.443  9.448 0.6999999881
14463  -0.605  -72.770  17.343 0.6999999881
15384  -2.107  -71.802  9.351 0.6000000238
14597  -2.920  -72.288  9.150 0.6000000238
14598  -3.697  -72.698  8.901 0.5000000000
16968  -8.737  -69.358  12.495 0.8999999762
15394  -2.603  -71.598  8.682 0.6000000238
15413  -2.446  -71.220  7.582 0.5000000000
14464  -2.218  -72.409  17.446 0.6999999881
16979  -10.249  -69.112  12.214 0.8000000119
19402  -12.766  -66.850  10.884 0.6999999881
16200  -1.608  -70.644  7.368 0.5000000000
17027  -0.036  -69.719  7.108 0.6999999881
18675  -1.051  -67.237  4.891 0.6000000238
21890  -8.755  -63.383  6.592 1.0000000000
24530  -21.348  -60.774  7.074 0.4000000060
24568  -13.692  -60.411  4.669 1.0000000000
121888  -0.724  -64.809  4.114 0.6000000238
24577  -1.812  -60.887  3.892 0.6000000238
26357  -2.726  -58.585  4.956 0.6999999881
141501  -0.274  -63.647  4.314 0.6000000238
21918  -0.905  -63.694  3.812 0.6000000238
26360  -18.134  -58.830  5.129 0.6000000238
22740  -0.421  -62.499  5.619 0.6999999881
146653  -0.824  -62.000  5.105 0.6999999881
23622  -1.367  -60.843  5.460 0.6999999881
133020  -15.502  -56.982  4.323 0.6000000238
140226  -17.278  -57.817  4.724 0.6000000238
23621  -1.038  -61.637  5.546 0.6999999881
29064  -6.495  -55.375  4.180 0.5000000000
27277  -14.159  -56.719  4.080 0.6000000238
139533  -15.051  -56.414  4.102 0.6000000238
135478  -6.894  -54.789  3.955 0.5000000000
29934  -12.223  -54.522  2.631 0.5000000000
30744  -9.684  -53.444  2.510 0.3000000119
8075  -0.223  -82.065  -0.251 0.6999999881
29063  -5.483  -55.259  4.160 0.5000000000
7  -9.975  -102.657  4.270 0.8000000119
9  -11.078  -102.588  3.058 0.8000000119
6  -11.164  -102.461  3.834 0.8000000119
40  -11.609  -102.516  2.603 0.8000000119
46  -9.780  -101.670  1.717 0.8000000119
38  -8.976  -101.359  1.681 0.8999999762
48  -11.488  -102.228  1.824 0.8000000119
47  -10.683  -101.971  1.831 0.8000000119
53  -13.107  -102.351  1.828 0.8000000119
135129  -13.570  -102.458  2.306 0.6999999881
100  -10.711  -101.074  -0.035 0.8999999762
93  -11.435  -101.639  0.860 0.8000000119
424  -6.460  -98.875  7.884 0.6999999881
428  -7.106  -98.413  7.028 0.6000000238
127342  -5.727  -99.847  6.000 1.0000000000
134  -8.053  -101.040  6.180 0.8000000119
35  -13.765  -102.318  2.609 0.6000000238
94  -13.978  -102.068  1.809 0.6999999881
34  -12.912  -102.586  2.631 0.6000000238
52  -14.958  -101.866  2.133 0.6999999881
81  -15.149  -101.635  3.050 0.5000000000
189  -14.075  -100.689  -0.382 0.8000000119
116  -5.503  -100.147  8.538 0.8999999762
244  -6.061  -99.837  11.474 0.8000000119
146  -5.493  -99.732  5.670 1.0000000000
159  -5.887  -99.973  4.569 1.0000000000
126751  -12.219  -102.614  2.919 0.6000000238
96  -15.483  -101.722  1.968 0.6999999881
185  -10.807  -100.737  -0.289 1.0000000000
110  -12.854  -100.607  -1.012 0.8999999762
334  -12.585  -99.991  -1.265 1.0000000000
132514  -14.870  -100.464  -0.365 0.8000000119
130782  -6.241  -98.923  15.947 0.8000000119
380  -6.085  -98.533  17.797 0.6000000238
395  -7.100  -99.038  15.488 0.6999999881
142056  -6.636  -99.173  15.348 0.8999999762
416  -6.327  -99.458  10.606 0.6999999881
415  -4.491  -99.218  10.686 0.8999999762
291  -6.288  -99.827  4.265 1.0000000000
292  -7.499  -100.488  3.284 1.0000000000
88  -17.402  -101.167  2.850 0.6000000238
98  -17.637  -100.976  2.465 0.6000000238
125949  -12.485  -101.055  -0.254 0.8000000119
107  -11.240  -100.747  -0.529 1.0000000000
183  -17.334  -100.232  0.883 0.6000000238
325  -18.066  -99.676  0.749 0.6000000238
201  -15.616  -99.780  -2.666 0.8000000119
232  -6.680  -99.588  13.256 0.8999999762
132  -4.949  -100.098  7.754 1.0000000000
151  -5.321  -99.500  5.329 1.0000000000
280  -4.787  -99.274  5.871 1.0000000000
22  -8.203  -101.861  5.550 0.8000000119
324  -11.623  -99.799  -0.499 1.0000000000
504  -14.172  -99.415  -1.968 1.0000000000
200  -15.173  -99.823  -2.522 0.8999999762
347  -15.536  -99.232  -4.599 0.8999999762
348  -16.206  -99.281  -4.728 0.8999999762
343  -17.032  -99.336  -3.366 0.8999999762
124926  -18.861  -98.481  -3.574 0.8000000119
398  -5.789  -99.157  14.310 0.8999999762
393  -5.479  -98.588  15.596 0.8999999762
618  -4.576  -98.353  13.003 0.8999999762
231  -6.429  -99.475  13.713 0.8999999762
146772  -4.531  -98.848  5.914 1.0000000000
655  -4.343  -98.016  6.754 1.0000000000
661  -5.327  -98.095  5.768 1.0000000000
651  -4.911  -97.354  7.227 1.0000000000
440  -4.946  -98.744  5.578 1.0000000000
140026  -6.513  -98.229  5.158 1.0000000000
419  -3.637  -98.327  8.987 0.8999999762
455  -6.435  -99.379  4.386 1.0000000000
632  -3.715  -97.665  10.919 0.8999999762
293  -7.878  -100.128  3.148 1.0000000000
675  -9.743  -98.297  4.007 1.0000000000
458  -9.272  -99.159  3.448 1.0000000000
1238  -6.962  -95.334  -0.490 0.6000000238
1574  -6.921  -93.984  0.912 0.6999999881
1589  -8.068  -94.302  -0.031 0.6999999881
318  -10.807  -99.797  0.568 1.0000000000
1599  -8.353  -94.647  -0.772 0.8000000119
1963  -8.747  -93.988  -0.306 0.8000000119
1610  -9.739  -94.112  -2.017 0.8000000119
1966  -10.849  -92.833  -1.505 0.8999999762
1623  -11.068  -93.816  -3.531 0.6999999881
722  -19.302  -97.862  -2.073 0.6999999881
958  -19.982  -96.038  -0.801 0.6000000238
1262  -19.784  -96.394  -2.331 0.6999999881
976  -19.713  -97.168  -3.687 0.8000000119
123177  -19.316  -97.840  -5.599 0.8000000119
739  -17.915  -97.849  -6.563 0.8000000119
565  -4.183  -98.038  19.284 0.6999999881
584  -5.010  -98.339  17.491 0.8999999762
129004  -4.385  -97.323  15.265 0.8999999762
592  -4.009  -97.137  15.914 0.8999999762
143608  -6.133  -99.684  12.072 0.8999999762
1181  -7.230  -96.022  7.087 1.0000000000
124055  -3.929  -96.958  13.020 0.8999999762
847  -3.874  -96.899  12.344 0.8999999762
317  -10.470  -99.703  1.164 1.0000000000
488  -12.224  -99.345  0.164 1.0000000000
695  -12.542  -97.850  1.603 1.0000000000
711  -14.911  -98.014  -0.390 0.8999999762
1248  -7.143  -95.655  -1.122 0.6000000238
1249  -7.886  -95.320  -1.286 0.6999999881
1259  -8.004  -95.648  -2.007 0.8000000119
505  -14.645  -98.882  -2.494 1.0000000000
963  -6.547  -96.922  -2.927 0.5000000000
1258  -7.374  -96.062  -1.765 0.5000000000
1271  -8.758  -95.524  -3.106 0.5000000000
2013  -12.917  -93.578  -4.271 0.8000000119
510  -15.193  -98.771  -4.506 0.8999999762
998  -19.482  -96.729  -7.848 0.8000000119
136555  -19.812  -97.056  -6.586 0.8000000119
1306  -20.308  -95.151  -5.314 0.6999999881
1305  -20.086  -96.280  -6.017 0.6999999881
1666  -20.236  -95.140  -6.907 0.6000000238
564  -3.190  -97.532  19.672 0.8000000119
575  -4.937  -98.410  18.576 0.8000000119
879  -3.830  -97.051  8.917 0.8999999762
886  -4.726  -96.953  7.958 1.0000000000
1172  -6.699  -95.998  7.491 1.0000000000
852  -3.773  -96.789  11.460 1.0000000000
676  -10.564  -97.806  3.705 1.0000000000
687  -12.276  -97.387  2.176 1.0000000000
720  -15.536  -97.984  -1.937 0.8999999762
1272  -9.337  -95.102  -3.453 0.5000000000
1283  -9.619  -94.991  -4.100 0.5000000000
1633  -10.615  -94.319  -4.309 0.6000000238
2012  -12.195  -93.775  -4.766 0.6999999881
2014  -13.886  -93.592  -4.047 0.6999999881
1647  -20.609  -94.506  -4.546 0.5000000000
868  -4.238  -96.339  9.561 1.0000000000
1159  -5.132  -96.015  9.181 1.0000000000
1171  -6.081  -96.131  7.985 1.0000000000
1182  -7.933  -95.601  6.931 1.0000000000
918  -12.344  -96.651  2.489 0.8999999762
965  -16.879  -97.121  -2.437 0.8999999762
1643  -10.451  -94.507  -5.169 0.5000000000
1656  -11.021  -94.161  -5.717 0.5000000000
2029  -14.340  -93.647  -5.284 0.6999999881
1664  -11.594  -93.847  -6.241 0.5000000000
1514  -7.373  -94.786  8.052 1.0000000000
1502  -6.368  -95.066  8.918 1.0000000000
1515  -8.500  -94.510  7.582 1.0000000000
1201  -11.989  -95.670  3.608 1.0000000000
928  -13.976  -96.166  1.284 0.8999999762
805  -2.178  -96.843  18.170 0.8000000119
2698  -4.577  -91.331  14.864 1.0000000000
138625  -2.104  -96.093  17.205 0.8999999762
2264  -5.007  -92.442  13.242 1.0000000000
2249  -3.660  -92.617  14.232 1.0000000000
122875  -4.069  -96.052  12.239 1.0000000000
1891  -9.486  -93.913  7.616 1.0000000000
1480  -4.752  -94.963  11.061 1.0000000000
1481  -5.370  -94.568  10.659 1.0000000000
1903  -11.178  -93.246  6.525 1.0000000000
1928  -4.525  -93.707  3.625 0.6999999881
2378  -5.734  -92.677  2.796 0.6999999881
2363  -4.829  -92.337  4.910 0.6999999881
1937  -5.500  -93.347  2.513 0.6999999881
3400  -10.427  -90.653  1.347 0.8999999762
3423  -11.763  -90.498  0.878 0.8999999762
2360  -1.424  -93.629  5.226 0.6999999881
2412  -11.133  -92.258  -0.987 0.8999999762
2428  -13.511  -92.418  -1.829 0.8999999762
1967  -16.283  -92.876  -0.270 0.8999999762
128233  -16.073  -93.127  -1.648 0.8999999762
1261  -17.893  -95.654  -1.923 0.8999999762
144608  -16.607  -93.617  -3.688 0.8000000119
1284  -17.663  -96.019  -4.302 0.8999999762
2004  -15.946  -93.618  -3.995 0.8000000119
134676  -16.889  -93.727  -4.155 0.8000000119
1665  -17.707  -95.104  -6.972 0.8000000119
744  -17.945  -97.264  -7.282 0.8000000119
141459  -17.296  -94.432  -7.063 0.8000000119
137521  -17.805  -96.083  -7.468 0.8000000119
135241  -13.714  -93.378  -7.369 0.5000000000
1316  -18.091  -96.402  -8.093 0.8000000119
1322  -18.569  -96.344  -8.565 0.6999999881
2058  -15.119  -93.379  -8.284 0.5000000000
2057  -14.185  -93.275  -8.315 0.5000000000
2083  -19.504  -94.411  -9.658 0.4000000060
1042  -0.356  -95.980  21.242 0.8000000119
796  -1.184  -96.105  18.664 0.8000000119
1405  -1.135  -94.611  17.227 0.8999999762
1427  -1.907  -93.858  15.309 1.0000000000
1083  -2.253  -94.527  15.370 0.8999999762
1830  -4.452  -93.953  12.580 1.0000000000
2277  -5.135  -93.191  12.429 1.0000000000
1866  -8.225  -93.267  9.244 1.0000000000
1914  -11.997  -92.922  5.559 1.0000000000
2335  -11.484  -92.342  6.670 1.0000000000
1563  -12.993  -94.338  3.094 0.8999999762
2874  -12.952  -90.915  0.261 0.8999999762
2853  -13.971  -90.900  1.683 0.8999999762
3403  -13.326  -90.387  1.955 0.8999999762
1968  -16.758  -93.511  -0.388 0.8999999762
1368  0.038  -95.247  21.492 0.6000000238
126525  -0.489  -95.350  19.381 0.8000000119
3789  -4.775  -90.240  15.996 1.0000000000
2688  -1.727  -91.786  16.230 1.0000000000
3257  -6.837  -91.220  12.816 1.0000000000
3250  -7.379  -90.677  13.107 1.0000000000
3278  -8.838  -91.172  10.918 1.0000000000
3269  -8.726  -90.752  11.424 1.0000000000
2285  -6.086  -93.147  11.452 1.0000000000
2300  -9.283  -92.265  9.371 1.0000000000
2748  -8.918  -91.954  10.007 1.0000000000
145986  -12.008  -91.912  6.238 1.0000000000
130848  0.362  -94.499  21.541 0.6999999881
4417  -6.851  -88.828  16.145 1.0000000000
144860  -8.096  -89.773  14.142 1.0000000000
145933  -8.423  -90.634  11.930 1.0000000000
3302  -10.896  -90.710  8.854 1.0000000000
2757  -9.846  -91.934  9.159 1.0000000000
2803  -12.363  -91.483  5.653 1.0000000000
143806  -9.874  -89.308  2.922 1.0000000000
2331  -1.132  -93.287  6.541 0.6999999881
4435  -9.102  -88.611  14.079 1.0000000000
3832  -10.174  -88.875  11.039 1.0000000000
5135  -10.506  -87.420  4.588 1.0000000000
132192  -12.862  -88.950  4.777 1.0000000000
4569  -11.542  -88.540  3.679 1.0000000000
130702  -12.622  -89.381  3.379 1.0000000000
3202  -0.728  -91.066  17.587 1.0000000000
4505  -5.209  -88.128  7.400 1.0000000000
3329  -5.056  -90.244  6.158 1.0000000000
2621  1.355  -91.707  24.324 0.5000000000
125720  0.375  -91.857  18.754 1.0000000000
3769  -1.070  -89.803  17.983 1.0000000000
4990  -7.671  -87.010  16.451 1.0000000000
5029  -10.628  -86.935  11.881 1.0000000000
5585  -10.996  -86.363  10.637 1.0000000000
5048  -11.235  -87.017  10.421 1.0000000000
5621  -7.712  -86.424  7.656 1.0000000000
6165  -9.285  -85.706  9.610 1.0000000000
144288  -10.398  -85.768  10.295 1.0000000000
5602  -11.393  -85.957  8.987 1.0000000000
136104  -11.644  -87.422  8.531 1.0000000000
6205  -10.681  -85.577  7.021 1.0000000000
130611  -12.217  -87.389  6.954 1.0000000000
5120  -12.437  -87.625  5.484 1.0000000000
3328  -4.399  -90.661  6.623 1.0000000000
3156  1.397  -91.143  23.536 0.6000000238
3167  0.983  -90.826  21.638 0.6000000238
4399  -1.197  -89.025  18.140 1.0000000000
134451  -0.381  -89.112  18.131 1.0000000000
5637  -8.277  -86.365  6.885 1.0000000000
5638  -9.806  -85.921  6.557 1.0000000000
3166  1.173  -90.441  22.517 0.6000000238
4398  -0.180  -88.382  17.955 1.0000000000
3757  0.955  -89.715  19.063 0.8000000119
6164  -8.575  -85.855  9.396 1.0000000000
130292  -9.146  -85.370  10.633 1.0000000000
6151  -8.810  -85.702  10.024 1.0000000000
6118  -9.613  -85.194  13.249 1.0000000000
6128  -9.817  -85.304  12.311 1.0000000000
5601  -8.166  -85.800  9.485 1.0000000000
6127  -9.569  -84.719  11.608 1.0000000000
5582  -6.542  -85.950  9.065 1.0000000000
6161  -4.448  -86.056  9.377 1.0000000000
4383  1.068  -88.332  18.987 1.0000000000
4408  0.367  -87.734  17.913 1.0000000000
6675  -4.029  -84.387  17.023 1.0000000000
7267  -7.486  -83.969  16.016 1.0000000000
140969  0.551  -88.187  18.333 1.0000000000
4974  0.691  -87.504  18.100 1.0000000000
4986  0.912  -86.816  17.234 1.0000000000
6673  -1.739  -84.592  16.370 1.0000000000
7268  -8.235  -83.729  15.508 1.0000000000
6702  -8.913  -84.097  15.164 1.0000000000
5580  -4.082  -86.896  9.480 1.0000000000
6150  -7.143  -85.254  9.216 1.0000000000
6731  -9.023  -84.538  10.684 1.0000000000
7326  -9.631  -83.017  9.447 1.0000000000
7972  -4.958  -82.034  11.646 1.0000000000
144536  -4.828  -82.735  12.460 1.0000000000
7266  -6.646  -83.461  15.827 1.0000000000
140900  -5.805  -83.428  15.735 1.0000000000
7938  -8.106  -82.622  14.347 1.0000000000
7937  -7.201  -82.709  14.426 1.0000000000
7936  -6.438  -82.750  14.051 1.0000000000
133942  -6.966  -82.234  13.024 1.0000000000
128571  -5.513  -83.061  13.935 1.0000000000
7948  -8.680  -82.403  13.591 1.0000000000
6158  -1.229  -86.284  9.057 1.0000000000
138016  -0.506  -85.657  9.046 1.0000000000
128351  0.458  -86.146  7.908 1.0000000000
7301  -3.741  -83.024  13.057 1.0000000000
7264  -4.778  -83.608  15.516 1.0000000000
7278  -3.111  -83.647  14.171 1.0000000000
10412  -0.457  -78.615  8.726 1.0000000000
9831  0.222  -79.378  8.025 1.0000000000
8561  -6.352  -81.299  10.966 1.0000000000
8577  -8.049  -80.982  10.353 1.0000000000
7334  0.632  -82.953  8.673 1.0000000000
125817  0.474  -85.011  8.964 1.0000000000
6600  1.712  -84.305  22.110 0.5000000000
7197  1.606  -83.478  21.681 0.6000000238
6038  0.545  -85.386  19.906 0.8000000119
139454  -0.304  -82.712  14.588 1.0000000000
132684  0.053  -81.363  15.386 1.0000000000
8574  -5.849  -80.849  11.260 1.0000000000
8576  -6.983  -81.012  10.411 1.0000000000
8597  -0.173  -81.445  8.332 1.0000000000
9160  -3.166  -80.302  7.588 1.0000000000
6760  -1.710  -84.695  8.270 1.0000000000
7337  -2.046  -83.836  7.870 1.0000000000
6779  0.211  -84.663  6.516 1.0000000000
5691  -0.083  -87.028  1.376 0.6000000238
136323  1.671  -82.683  21.593 0.5000000000
7219  0.956  -83.026  20.178 0.6999999881
7275  -0.518  -83.360  14.652 1.0000000000
138622  0.042  -77.879  8.028 1.0000000000
11011  -2.345  -77.430  9.534 1.0000000000
10427  -5.540  -77.841  7.929 1.0000000000
10438  -5.544  -78.522  7.571 1.0000000000
10441  -8.003  -79.043  7.638 1.0000000000
9173  -8.155  -80.272  7.289 1.0000000000
141520  0.028  -83.380  5.363 1.0000000000
129137  0.062  -84.033  4.802 1.0000000000
8468  0.937  -81.513  16.161 1.0000000000
7261  0.977  -83.499  15.724 1.0000000000
9798  -6.695  -79.596  11.509 1.0000000000
9804  -7.411  -79.601  9.988 1.0000000000
11034  -6.484  -77.990  7.636 1.0000000000
11035  -7.256  -78.091  7.733 1.0000000000
9073  1.174  -80.218  17.493 0.8000000119
123795  -4.066  -76.331  9.539 1.0000000000
10443  0.418  -78.440  5.802 1.0000000000
12313  -5.622  -75.678  9.666 1.0000000000
11620  -3.672  -75.822  10.047 1.0000000000
10390  -6.874  -78.980  13.393 1.0000000000
127166  -6.768  -78.014  12.473 1.0000000000
11609  -6.254  -76.357  11.606 1.0000000000
11595  -6.241  -76.708  12.159 1.0000000000
10990  -6.437  -77.356  12.693 1.0000000000
11634  -7.335  -76.695  9.460 1.0000000000
131052  0.431  -83.169  1.571 0.8999999762
9065  -4.888  -80.328  18.488 1.0000000000
9064  -3.811  -80.322  18.654 1.0000000000
12272  -6.248  -75.541  12.456 1.0000000000
11583  -6.813  -75.753  13.215 1.0000000000
11608  -5.869  -75.897  11.768 1.0000000000
12314  -6.289  -75.818  9.580 1.0000000000
10981  -6.585  -77.404  13.328 1.0000000000
10976  -8.545  -78.295  14.149 1.0000000000
11622  -6.901  -76.137  10.010 1.0000000000
11592  -8.616  -77.317  13.172 1.0000000000
11591  -8.115  -76.516  13.049 1.0000000000
8624  0.245  -80.908  4.331 1.0000000000
124701  0.150  -81.685  3.969 1.0000000000
10338  -4.887  -78.843  19.201 1.0000000000
10352  -6.863  -79.106  18.033 1.0000000000
10321  -2.632  -78.429  19.616 1.0000000000
10353  -7.399  -78.478  17.877 1.0000000000
12957  -6.545  -74.826  12.346 1.0000000000
12289  -5.745  -75.657  11.030 1.0000000000
11584  -6.722  -76.491  13.456 1.0000000000
126643  -6.827  -77.207  13.525 1.0000000000
12268  -7.859  -75.615  12.641 1.0000000000
10991  -9.380  -77.516  13.013 1.0000000000
126891  -9.619  -77.175  12.430 1.0000000000
9190  0.449  -80.239  3.780 1.0000000000
134197  0.550  -81.509  1.510 1.0000000000
9748  1.242  -79.424  17.584 0.6999999881
10965  0.262  -78.464  17.415 0.8000000119
140326  -5.084  -78.135  19.358 1.0000000000
10340  -6.624  -78.434  18.491 1.0000000000
10354  -8.101  -78.147  17.384 1.0000000000
12959  -7.601  -75.038  12.161 1.0000000000
11683  1.143  -75.899  4.295 1.0000000000
10468  0.852  -78.159  2.572 1.0000000000
9859  0.618  -79.072  2.433 1.0000000000
9212  0.552  -79.533  1.773 1.0000000000
8650  0.578  -80.807  1.445 1.0000000000
10335  1.540  -77.953  18.174 0.6999999881
138445  -2.477  -76.981  19.705 1.0000000000
11655  0.694  -75.768  7.386 0.8999999762
11568  -8.445  -76.461  17.261 1.0000000000
11575  -9.366  -76.618  16.249 1.0000000000
12270  -11.727  -75.336  13.420 1.0000000000
11587  -11.287  -76.221  13.639 1.0000000000
11580  -10.467  -76.499  14.686 1.0000000000
124871  -7.316  -74.335  11.427 1.0000000000
12280  -11.806  -76.313  12.856 1.0000000000
11611  -10.800  -76.711  11.380 1.0000000000
10992  -10.137  -77.417  12.845 1.0000000000
11600  -12.365  -76.263  12.251 1.0000000000
12293  -12.955  -75.714  12.017 1.0000000000
12307  -13.000  -76.004  11.019 1.0000000000
133476  -12.912  -75.994  10.224 1.0000000000
127804  -13.945  -75.018  11.092 1.0000000000
11635  -11.936  -76.313  9.938 1.0000000000
12327  -13.584  -75.176  9.032 1.0000000000
13000  -14.340  -74.803  9.485 1.0000000000
12304  -9.414  -75.653  10.526 1.0000000000
11624  -10.799  -76.456  10.657 1.0000000000
12315  -9.669  -75.389  9.878 1.0000000000
13011  -10.958  -74.360  8.406 1.0000000000
12250  -8.031  -75.782  17.601 1.0000000000
12950  -11.148  -74.573  13.891 1.0000000000
132710  -10.687  -73.879  14.257 1.0000000000
12979  -7.628  -74.260  10.813 1.0000000000
13773  -15.591  -73.520  9.140 1.0000000000
128218  -14.284  -74.087  8.341 1.0000000000
13771  -13.575  -74.047  7.982 1.0000000000
144390  0.406  -74.157  18.136 0.6000000238
12282  0.492  -75.095  12.006 0.8999999762
13631  0.840  -73.638  18.145 0.6000000238
12928  -9.238  -75.135  16.187 1.0000000000
13700  -10.765  -73.008  14.047 1.0000000000
12938  -9.639  -75.007  15.663 1.0000000000
13019  -0.077  -73.462  6.617 0.8000000119
13742  -14.571  -73.441  11.335 1.0000000000
14571  -13.897  -72.723  11.875 1.0000000000
14593  -16.204  -72.910  9.532 1.0000000000
138334  -16.538  -72.459  8.927 1.0000000000
13757  -9.118  -73.830  8.953 1.0000000000
15420  -14.270  -71.742  7.289 1.0000000000
13653  -7.460  -73.470  17.630 1.0000000000
129693  0.768  -74.948  11.881 0.8999999762
12985  0.623  -74.381  10.745 0.8999999762
122789  -9.047  -73.645  15.956 1.0000000000
13681  -9.668  -74.047  15.422 1.0000000000
128123  0.804  -73.219  8.137 0.8999999762
13761  0.664  -72.949  8.576 0.8999999762
13006  -0.136  -73.078  7.558 0.8000000119
14539  -10.790  -72.311  13.816 1.0000000000
14561  -12.216  -72.721  13.087 1.0000000000
13751  0.189  -72.683  9.073 0.8999999762
14570  -13.206  -72.229  12.259 1.0000000000
14585  0.228  -72.472  9.965 0.8999999762
14579  -6.447  -72.930  10.236 1.0000000000
14581  -15.232  -73.243  10.852 1.0000000000
15381  -17.358  -71.097  10.267 1.0000000000
15404  -16.990  -71.754  8.766 1.0000000000
15422  -16.606  -71.316  7.926 1.0000000000
16189  -17.176  -70.970  8.323 1.0000000000
14602  -10.356  -72.613  8.029 1.0000000000
17034  -17.363  -69.619  7.763 1.0000000000
14448  -4.146  -72.484  18.530 0.8999999762
146958  -4.856  -72.083  18.270 1.0000000000
12992  0.794  -73.461  9.270 0.8999999762
142769  0.802  -73.898  12.814 1.0000000000
13729  -0.361  -73.547  13.106 1.0000000000
141649  0.595  -72.903  9.242 0.8999999762
14575  0.547  -72.182  10.682 0.8999999762
137024  -2.399  -73.091  12.519 1.0000000000
15370  -13.058  -71.379  12.109 1.0000000000
16152  -14.146  -71.007  11.481 1.0000000000
12323  -1.591  -74.665  8.279 0.6000000238
15358  -0.827  -71.727  12.765 1.0000000000
12994  -2.324  -73.759  9.445 0.6000000238
14567  -4.405  -72.698  11.512 1.0000000000
16977  -8.175  -68.958  11.437 0.8000000119
16978  -9.232  -68.899  12.026 0.8999999762
16122  -9.435  -70.330  13.611 1.0000000000
16191  -18.664  -68.962  8.476 0.8999999762
15418  -12.272  -71.448  7.520 1.0000000000
16206  -14.006  -70.793  7.157 1.0000000000
134271  -14.671  -70.216  7.152 1.0000000000
122061  -16.224  -67.036  6.246 1.0000000000
15276  -6.058  -71.760  17.441 1.0000000000
15272  -2.546  -71.797  16.901 0.5000000000
15296  -7.358  -71.547  16.359 1.0000000000
15319  -8.061  -70.861  15.241 1.0000000000
16081  -3.319  -70.277  14.407 0.6999999881
16097  -8.238  -70.498  14.432 1.0000000000
15338  -9.145  -70.772  14.192 1.0000000000
16142  -12.139  -71.031  12.531 1.0000000000
16120  -7.554  -70.103  13.638 0.8999999762
16976  -7.270  -68.577  11.336 0.8000000119
16982  -14.014  -70.177  11.392 0.8999999762
16992  -16.334  -69.779  10.979 0.8000000119
15366  1.065  -70.930  11.920 0.8999999762
18599  -9.508  -67.079  11.035 0.8000000119
18600  -10.479  -67.137  11.139 0.8000000119
17807  -10.099  -67.850  11.295 0.8000000119
17796  -9.671  -68.502  11.503 0.8000000119
16149  -11.833  -70.291  12.385 1.0000000000
145357  -11.253  -70.176  12.473 0.8999999762
16994  -18.031  -69.904  10.462 0.8000000119
17809  -12.223  -67.882  11.042 0.8000000119
16989  -12.731  -68.875  11.326 0.8000000119
17797  -10.707  -68.648  11.715 0.8000000119
16980  -11.275  -69.541  12.171 0.8000000119
19400  -10.876  -66.728  11.315 0.6999999881
129668  -11.143  -70.104  7.521 1.0000000000
140548  -17.149  -68.044  6.860 1.0000000000
15311  -7.327  -70.798  15.669 1.0000000000
16118  -5.044  -69.875  13.259 0.6999999881
16970  -10.725  -69.932  12.535 0.8000000119
16990  -13.778  -68.996  11.182 0.8000000119
17793  -7.277  -67.708  11.014 0.8000000119
17788  -5.554  -68.264  11.989 0.6999999881
18601  -11.464  -67.184  11.031 0.8000000119
136454  -18.218  -69.183  10.525 0.8000000119
15383  -1.229  -71.278  9.596 0.8000000119
18602  -12.794  -67.473  10.727 0.8000000119
16183  -1.340  -70.464  8.662 0.8000000119
13764  -3.601  -73.392  9.025 0.6000000238
145536  -19.091  -68.300  8.287 0.8999999762
134630  -12.041  -69.933  7.463 1.0000000000
20193  -15.275  -65.834  11.268 0.5000000000
20192  -14.355  -65.779  11.590 0.5000000000
20202  -13.945  -66.436  11.154 0.6999999881
19451  -19.674  -66.585  7.530 0.8999999762
18664  -17.661  -67.525  6.811 1.0000000000
138259  -11.884  -65.702  6.885 1.0000000000
18645  -13.240  -67.749  6.975 1.0000000000
18660  -13.975  -67.364  6.605 1.0000000000
16094  -3.706  -69.852  13.730 0.6000000238
17811  -13.969  -68.096  10.672 0.8000000119
126876  -15.550  -68.092  10.985 0.8000000119
16954  -4.822  -69.211  12.593 0.6999999881
19404  -14.354  -66.890  10.706 0.8000000119
18604  -14.210  -67.472  10.601 0.8000000119
18603  -13.511  -67.397  10.606 0.8000000119
18606  -15.778  -67.257  10.836 0.8000000119
18605  -14.919  -67.384  10.698 0.8000000119
19406  -16.828  -67.148  11.034 0.8000000119
18607  -19.711  -67.628  10.135 0.8000000119
19433  -19.940  -66.899  8.293 0.8000000119
17845  -11.935  -68.449  7.426 1.0000000000
20257  -19.875  -65.805  7.274 0.8999999762
19466  -14.698  -66.865  6.228 1.0000000000
20283  -15.617  -65.875  5.750 1.0000000000
20204  -15.641  -66.239  10.863 0.6999999881
124913  -17.977  -66.981  11.101 0.8000000119
143600  -19.519  -67.044  10.661 0.8000000119
131561  -7.935  -68.874  8.045 1.0000000000
18633  -8.814  -67.260  7.634 1.0000000000
127910  -11.007  -68.457  7.477 1.0000000000
20272  -19.259  -65.424  6.710 0.8999999762
21048  -12.195  -64.696  6.072 1.0000000000
21905  -12.889  -63.725  5.530 1.0000000000
20267  -12.517  -65.539  6.408 1.0000000000
124457  -17.931  -66.175  10.778 0.6999999881
19407  -18.820  -66.653  11.042 0.8000000119
20209  -20.272  -65.447  10.114 0.8000000119
124820  -18.464  -64.778  10.284 0.6999999881
20219  -20.687  -65.225  9.419 0.8000000119
17837  -6.798  -68.218  8.253 1.0000000000
21909  -16.567  -63.613  5.327 1.0000000000
20996  -17.724  -64.367  10.062 0.6000000238
21880  -20.846  -63.683  7.558 0.8000000119
17833  0.665  -67.755  8.615 0.8999999762
20256  -11.219  -65.441  7.069 1.0000000000
144659  -17.756  -63.317  9.370 0.3000000119
21844  -20.544  -63.978  10.154 0.6000000238
22679  -20.218  -62.446  10.345 0.6000000238
21856  -21.466  -63.324  9.365 0.6000000238
21845  -21.016  -63.072  10.059 0.6000000238
18631  -7.056  -67.353  8.093 1.0000000000
18616  0.179  -67.054  9.785 0.8999999762
18627  -2.201  -67.570  8.431 0.8999999762
21881  -21.342  -63.135  7.912 0.6999999881
21892  -10.697  -63.917  6.678 1.0000000000
19428  -2.928  -66.806  7.985 0.8999999762
20231  -3.770  -65.991  7.778 1.0000000000
124275  -5.007  -66.937  8.287 1.0000000000
123600  -8.857  -64.955  7.406 1.0000000000
21037  -9.099  -64.491  7.194 1.0000000000
21879  -10.036  -63.749  6.719 1.0000000000
130708  -9.075  -62.791  6.138 1.0000000000
22742  -10.585  -62.157  5.545 1.0000000000
21906  -13.657  -63.685  5.319 1.0000000000
132316  -16.061  -62.952  5.186 1.0000000000
132128  -16.839  -62.908  5.231 1.0000000000
22748  -17.473  -62.712  5.293 0.8999999762
23612  -9.323  -62.234  5.778 1.0000000000
22746  -15.621  -62.253  5.026 1.0000000000
141281  -12.966  -61.756  5.021 1.0000000000
23566  -19.256  -61.967  10.220 0.3000000119
23568  -21.428  -61.221  9.763 0.4000000060
19430  -5.624  -66.407  8.139 1.0000000000
22696  -21.814  -62.235  8.718 0.5000000000
136015  -21.627  -62.551  8.182 0.6000000238
23597  -21.739  -61.778  8.039 0.5000000000
22734  -21.244  -61.612  7.287 0.6000000238
123270  0.338  -66.808  8.039 0.8999999762
22732  -19.441  -62.136  5.905 0.8999999762
18691  -0.394  -67.167  4.858 0.6000000238
138843  -0.716  -68.560  4.983 0.6000000238
22728  -7.524  -62.766  6.334 1.0000000000
23630  -10.421  -61.476  5.030 1.0000000000
23634  -15.246  -61.496  4.864 1.0000000000
131472  -19.548  -61.188  10.338 0.3000000119
141777  -21.418  -60.550  9.441 0.3000000119
20229  -0.848  -66.434  7.754 0.8999999762
23614  -20.715  -61.293  6.620 0.6000000238
132305  -0.282  -66.045  7.505 0.8999999762
20253  -5.098  -65.144  7.494 1.0000000000
20276  0.210  -65.889  5.433 0.6000000238
140515  -14.739  -59.637  4.661 0.8999999762
24549  -16.592  -60.412  4.953 0.8000000119
123430  -17.982  -60.580  5.137 0.8000000119
23639  -20.112  -60.955  6.045 0.5000000000
20249  -0.995  -65.427  7.266 0.8999999762
21870  0.099  -64.186  7.036 0.8000000119
21875  -5.172  -63.907  6.762 0.8999999762
22708  -4.648  -63.208  6.580 0.8999999762
123269  -18.083  -59.694  5.159 0.6000000238
21074  -1.430  -64.123  3.878 0.6000000238
21927  -1.541  -63.391  3.621 0.6000000238
25479  -8.175  -60.027  4.773 0.8000000119
24567  -12.722  -60.491  4.673 1.0000000000
25503  -9.531  -59.253  4.393 0.8000000119
21873  -2.050  -63.618  6.634 0.8999999762
21871  -0.135  -63.829  7.070 0.8000000119
145172  -17.495  -58.430  4.917 0.6999999881
23626  -6.659  -61.394  5.542 0.8000000119
25507  -13.280  -59.662  4.432 1.0000000000
21073  -0.260  -64.560  4.241 0.6000000238
23658  -1.987  -61.654  3.372 0.5000000000
26380  -6.409  -58.329  4.443 0.8000000119
26381  -7.317  -58.506  4.394 0.8000000119
26382  -8.127  -58.439  4.272 0.8000000119
25501  -7.743  -59.239  4.556 0.8000000119
25477  -6.376  -59.952  4.897 0.8000000119
25506  -12.404  -59.552  4.413 0.8999999762
143864  -3.174  -58.993  5.075 0.6999999881
26356  -2.453  -58.684  4.700 0.6999999881
24563  -1.527  -60.387  4.859 0.6999999881
144581  -4.453  -59.312  4.973 0.8000000119
26358  -3.672  -58.599  4.961 0.6999999881
26385  -11.147  -58.745  4.319 0.8999999762
21903  0.059  -63.189  5.395 0.6999999881
146418  -2.038  -62.914  6.194 0.8000000119
22722  -1.611  -62.439  5.817 0.8000000119
26384  -10.391  -58.807  4.344 0.8000000119
27274  -10.369  -57.972  4.095 0.8000000119
27275  -11.233  -57.942  4.071 0.8000000119
26389  -15.105  -58.331  4.449 0.8000000119
127646  -0.845  -63.007  3.920 0.6999999881
25476  -5.340  -59.707  4.917 0.8000000119
123367  -13.810  -58.952  4.320 0.8999999762
23605  -2.290  -60.771  5.956 0.8000000119
26359  -4.758  -58.672  4.866 0.8000000119
146471  -13.600  -58.323  4.008 0.8000000119
27278  -14.795  -57.416  4.268 0.6999999881
22723  -2.393  -62.286  6.003 0.8000000119
28171  -8.296  -56.974  3.894 0.6999999881
27286  -10.052  -57.302  3.856 0.6000000238
27288  -12.429  -57.058  3.648 0.6000000238
134120  -6.025  -57.463  4.429 0.6999999881
28194  -11.983  -56.463  3.396 0.5000000000
28191  -8.657  -56.239  3.626 0.6999999881
28190  -7.847  -56.174  4.011 0.6999999881
29082  -8.205  -55.448  3.644 0.5000000000
144958  -9.405  -56.257  3.400 0.6000000238
29085  -11.572  -55.874  3.102 0.5000000000
28196  -13.637  -56.111  3.850 0.6000000238
29108  -11.958  -55.199  2.873 0.5000000000
29915  -7.683  -54.539  3.645 0.4000000060
29107  -11.207  -55.231  2.853 0.5000000000
29917  -10.392  -55.126  2.853 0.5000000000
29932  -10.915  -54.578  2.545 0.4000000060
26378  -3.998  -57.639  4.845 0.6000000238
137362  -12.218  -67.183  10.848 0.8000000119
28174  -15.920  -56.370  4.223 0.6000000238
401  -7.064  -99.311  13.599 0.6999999881
132418  -7.019  -98.889  12.716 0.6000000238
139830  -0.673  -73.938  6.627 0.6999999881
11667  -0.600  -74.609  5.589 0.5000000000
27279  -18.135  -58.026  4.935 0.5000000000
132805  -16.194  -57.043  4.418 0.5000000000
135926  -17.022  -57.103  4.535 0.5000000000
28175  -16.742  -56.364  4.393 0.5000000000
134043  -16.476  -55.544  4.185 0.5000000000
28173  -14.368  -56.024  3.951 0.5000000000
29065  -14.997  -55.541  3.789 0.5000000000
29901  -15.822  -54.944  3.769 0.5000000000
29933  -11.586  -54.738  2.633 0.4000000060
29919  -13.480  -54.767  3.194 0.4000000060
245  -6.215  -99.661  11.501 0.6999999881
125729  -19.621  -59.761  5.463 0.4000000060
29087  -13.179  -55.532  3.462 0.4000000060
29918  -12.705  -54.997  3.050 0.4000000060
29088  -14.105  -55.316  3.586 0.5000000000
146549  -8.703  -101.223  6.875 0.5000000000
59  -9.461  -102.082  7.530 0.5000000000
14  -10.293  -102.297  7.468 0.6000000238
15  -11.145  -102.195  7.317 0.5000000000
12  -9.093  -102.310  7.103 0.6000000238
20  -10.174  -102.598  6.902 0.6000000238
21  -11.241  -102.244  6.647 0.5000000000
66  -11.574  -101.930  6.234 0.5000000000
18  -8.930  -102.348  6.728 0.6000000238
0  -10.208  -102.612  6.234 0.6000000238
135628  -11.252  -102.066  5.258 0.5000000000
4  -10.030  -102.663  5.154 0.6000000238
5  -10.597  -102.494  4.725 0.6999999881
3  -10.963  -102.301  4.854 0.5000000000
8663  -0.774  -81.426  0.028 0.5000000000
8662  -0.556  -80.574  0.057 0.5000000000
9888  -0.364  -79.482  0.317 0.5000000000
17873  -0.045  -68.731  5.133 0.5000000000
139874  -1.868  -65.624  4.728 0.5000000000
21075  -2.342  -64.278  3.994 0.5000000000
8076  -0.758  -82.099  -0.134 0.5000000000
17052  0.017  -69.332  5.707 0.5000000000
16219  -0.766  -70.053  5.581 0.4000000060
19478  -2.948  -66.619  5.672 0.5000000000
19477  -1.901  -66.468  5.232 0.5000000000
12356  -1.000  -74.705  6.465 0.4000000060
16220  -1.392  -70.574  5.955 0.4000000060
17068  -0.552  -69.006  5.020 0.5000000000
19489  -1.004  -66.220  4.420 0.5000000000
20290  -0.744  -65.608  4.320 0.5000000000
58  -8.741  -101.982  7.047 0.5000000000
17  -8.527  -102.064  6.319 0.6999999881
23  -8.902  -102.456  6.020 0.6999999881
29  -9.393  -102.596  5.156 0.6999999881
30  -11.191  -102.220  4.523 0.5000000000
13  -9.611  -102.417  7.213 0.6000000238
136896  -10.777  -102.481  6.978 0.6000000238
25  -10.751  -102.466  6.390 0.6000000238
24  -9.730  -102.646  5.877 0.6000000238
26  -11.117  -102.221  5.677 0.6000000238
26396  -2.757  -58.935  3.251 0.5000000000
26397  -2.831  -58.204  3.528 0.5000000000
27285  -2.993  -57.318  3.787 0.5000000000
28166  -3.361  -56.520  3.886 0.5000000000
129569  -3.323  -56.857  3.323 0.4000000060
28167  -3.944  -55.940  4.063 0.4000000060
134895  -3.582  -56.254  3.440 0.4000000060
27270  -4.876  -57.064  4.468 0.5000000000
136602  -4.332  -56.502  4.294 0.4000000060
29080  -4.236  -55.252  3.366 0.4000000060
134877  -5.989  -56.076  4.304 0.4000000060
29062  -4.300  -55.297  3.791 0.4000000060
29928  -4.498  -54.613  3.055 0.4000000060
29899  -5.929  -54.536  3.822 0.4000000060
30716  -5.862  -53.589  3.485 0.3000000119
30731  -7.346  -53.475  3.537 0.3000000119
29898  -4.829  -54.718  3.834 0.4000000060
30715  -5.171  -53.950  3.362 0.3000000119
30732  -7.791  -52.770  3.350 0.3000000119
31538  -5.314  -53.267  3.135 0.3000000119
25517  -1.946  -59.933  4.192 0.5000000000
29900  -6.735  -54.036  3.651 0.3000000119
24578  -2.389  -60.374  3.343 0.5000000000
26377  -2.772  -57.981  4.434 0.5000000000
140964  -3.180  -57.902  4.764 0.5000000000
145240  -5.312  -55.776  4.235 0.4000000060
26376  -2.449  -58.618  4.051 0.5000000000
27269  -3.807  -56.781  4.321 0.5000000000
123655  -3.284  -58.921  2.756 0.5000000000
27255  -3.253  -57.296  4.385 0.5000000000
131501  -3.234  -57.809  3.081 0.5000000000
29929  -4.809  -53.976  2.960 0.3000000119
20278  -3.561  -65.070  4.808 0.4000000060
21077  -4.307  -64.709  4.293 0.4000000060
21088  -3.014  -63.786  3.825 0.4000000060
122955  -2.569  -64.973  4.364 0.4000000060
21076  -3.329  -64.433  4.192 0.4000000060
21089  -4.027  -64.010  4.007 0.4000000060
21931  -4.790  -63.510  3.719 0.4000000060
21090  -4.948  -64.423  4.016 0.4000000060
21929  -2.724  -63.177  3.565 0.4000000060
124503  -3.185  -62.636  3.497 0.4000000060
22776  -5.328  -62.566  3.498 0.3000000119
23662  -4.833  -61.549  3.355 0.4000000060
23659  -2.713  -61.413  3.253 0.4000000060
23661  -3.869  -61.300  3.250 0.4000000060
24596  -3.414  -60.343  2.617 0.4000000060
23681  -4.385  -60.695  2.897 0.4000000060
24598  -4.991  -60.172  2.594 0.3000000119
25534  -3.035  -59.618  2.783 0.4000000060
24597  -4.035  -60.177  2.356 0.4000000060
25536  -4.019  -59.457  2.337 0.4000000060
26426  -5.569  -58.409  1.966 0.3000000119
26413  -4.801  -58.962  2.332 0.3000000119
27317  -5.600  -57.684  1.665 0.3000000119
27306  -4.068  -57.471  2.645 0.3000000119
28231  -4.747  -56.649  2.217 0.3000000119
29106  -4.406  -55.207  2.887 0.3000000119
134189  -6.312  -57.136  1.124 0.3000000119
22773  -2.436  -62.346  3.366 0.4000000060
144394  -2.412  -61.049  3.284 0.4000000060
24595  -2.864  -60.136  2.922 0.4000000060
28217  -3.968  -56.494  2.816 0.3000000119
26412  -4.017  -58.519  2.537 0.4000000060
21930  -3.618  -63.302  3.702 0.4000000060
22775  -4.096  -62.374  3.531 0.4000000060
25537  -4.736  -59.628  2.399 0.3000000119
25538  -5.660  -59.640  2.454 0.3000000119
27316  -4.895  -57.351  2.115 0.3000000119
26427  -6.261  -57.871  1.425 0.3000000119
135356  -5.471  -56.932  1.644 0.3000000119
29127  -5.005  -55.354  2.362 0.3000000119
1  -10.292  -102.568  5.554 0.6000000238
2  -10.699  -102.428  5.600 0.6000000238
19  -9.468  -102.541  6.699 0.6000000238
36  -14.548  -102.026  2.668 0.6000000238
41  -12.439  -102.581  2.812 0.6000000238
43  -14.581  -102.032  2.284 0.6999999881
51  -14.159  -102.221  2.147 0.6999999881
64  -7.958  -101.367  5.731 0.8000000119
91  -9.212  -101.094  1.038 0.8999999762
99  -9.921  -101.008  0.586 0.8999999762
108  -12.014  -100.696  -0.767 1.0000000000
122  -4.575  -100.013  8.051 1.0000000000
133  -5.542  -99.836  6.674 0.6999999881
171  -8.529  -100.961  1.760 0.8999999762
176  -17.504  -100.758  1.803 0.6000000238
186  -11.198  -100.528  -0.491 1.0000000000
224  -6.912  -99.265  15.036 0.8999999762
225  -7.082  -99.242  14.593 0.8000000119
237  -6.116  -99.605  12.725 0.8999999762
252  -5.724  -100.170  9.975 0.8000000119
258  -4.232  -99.717  9.070 0.8999999762
263  -4.511  -99.964  8.610 1.0000000000
272  -4.298  -99.371  6.793 1.0000000000
273  -4.592  -99.452  6.347 1.0000000000
304  -8.087  -100.717  2.591 1.0000000000
327  -10.956  -100.484  -0.336 1.0000000000
339  -14.636  -99.511  -2.217 1.0000000000
340  -15.101  -99.195  -2.997 1.0000000000
350  -15.297  -98.995  -4.938 0.8999999762
374  -5.559  -98.347  18.523 0.6999999881
385  -5.650  -98.568  16.617 0.8999999762
386  -6.398  -98.692  16.863 0.8000000119
394  -6.896  -98.994  16.015 0.6999999881
405  -6.620  -99.308  12.185 0.6000000238
408  -4.017  -98.422  11.299 0.8999999762
409  -4.774  -99.120  11.637 0.8999999762
423  -3.796  -98.783  8.172 0.8999999762
427  -4.010  -99.216  7.405 0.8999999762
444  -4.833  -99.089  5.663 1.0000000000
509  -15.146  -98.776  -3.427 1.0000000000
558  -4.630  -97.924  19.684 0.6000000238
559  -5.151  -97.855  19.456 0.6000000238
583  -4.176  -97.717  16.848 0.8999999762
650  -4.137  -97.603  7.597 1.0000000000
660  -4.616  -98.376  6.062 1.0000000000
774  -1.450  -96.638  21.384 0.6000000238
782  -1.626  -97.022  20.641 0.8000000119
783  -2.525  -97.087  20.702 0.6999999881
789  -0.967  -96.711  20.183 0.8000000119
867  -3.682  -97.016  9.690 1.0000000000
902  -9.728  -97.061  4.993 1.0000000000
939  -5.191  -96.566  -1.160 0.5000000000
940  -5.871  -96.781  -1.324 0.5000000000
953  -6.966  -96.762  -2.218 0.5000000000
954  -7.589  -96.358  -2.330 0.5000000000
955  -17.074  -96.783  -1.301 0.8999999762
964  -7.350  -96.734  -2.888 0.4000000060
992  -17.648  -96.779  -7.143 0.8000000119
997  -18.733  -96.700  -7.998 0.8000000119
1053  -0.845  -96.105  19.440 0.8000000119
1068  -1.098  -95.308  17.891 0.8999999762
1074  -1.463  -94.449  16.476 0.8999999762
1101  -3.933  -94.956  13.855 1.0000000000
1130  -3.904  -96.233  10.937 1.0000000000
1184  -9.371  -95.459  6.243 1.0000000000
1191  -2.260  -95.205  3.836 0.6999999881
1198  -1.988  -95.045  3.584 0.6999999881
1199  -2.415  -95.259  3.277 0.6000000238
1211  -2.649  -95.206  2.620 0.6000000238
1237  -6.337  -95.393  -0.180 0.6000000238
1246  -5.653  -96.085  -0.719 0.5000000000
1303  -9.573  -94.845  -5.289 0.5000000000
1311  -20.256  -95.538  -6.266 0.6000000238
1326  -19.297  -96.020  -9.253 0.6000000238
1376  0.177  -94.452  20.481 0.8000000119
1416  -1.450  -93.707  15.922 1.0000000000
1455  -4.292  -94.466  12.745 1.0000000000
1503  -6.919  -94.646  8.629 1.0000000000
1524  -1.839  -94.270  5.792 0.6999999881
1535  -2.122  -94.748  5.103 0.6999999881
1542  -2.461  -95.071  4.388 0.6999999881
1543  -3.089  -95.013  4.241 0.6999999881
1562  -5.858  -93.630  1.851 0.6000000238
1573  -6.158  -94.103  1.255 0.5000000000
1635  -17.766  -94.227  -3.387 0.8999999762
1646  -17.785  -94.671  -4.154 0.8000000119
1671  -17.486  -94.940  -8.536 0.8000000119
1684  -17.096  -94.333  -10.102 0.4000000060
1685  -17.706  -95.044  -9.843 0.6000000238
1692  -18.493  -94.751  -10.076 0.5000000000
1819  -3.223  -93.678  13.996 1.0000000000
1842  -5.428  -93.473  11.793 1.0000000000
1876  -7.170  -94.109  9.077 1.0000000000
1888  -1.479  -93.555  6.783 0.6999999881
1899  -1.826  -94.060  6.379 0.6999999881
1908  -1.498  -93.850  5.729 0.6999999881
1917  -1.560  -94.070  4.635 0.6000000238
1919  -4.226  -93.647  4.429 0.6999999881
1929  -5.175  -93.086  3.216 0.6999999881
1936  -1.554  -93.954  3.115 0.4000000060
1939  -7.040  -92.923  1.754 0.6999999881
2092  -17.550  -93.376  -10.784 0.4000000060
2223  -1.104  -92.258  16.571 1.0000000000
2237  -1.626  -92.625  15.741 1.0000000000
2279  -6.382  -92.544  11.708 1.0000000000
2297  -7.135  -93.240  10.116 1.0000000000
2299  -8.588  -92.579  9.621 1.0000000000
2319  -1.053  -92.913  7.147 0.8000000119
2332  -2.999  -93.143  6.607 0.6999999881
2352  -4.573  -92.155  5.531 0.8999999762
2362  -4.477  -93.031  4.825 0.6999999881
2369  -5.569  -92.314  3.446 0.6999999881
2416  -15.767  -92.375  -0.317 0.8999999762
2631  0.980  -91.824  21.841 0.6000000238
2739  -7.817  -91.863  11.101 1.0000000000
2749  -9.576  -91.609  9.717 1.0000000000
2754  -0.665  -91.492  7.696 0.8999999762
2758  -10.342  -91.972  8.654 1.0000000000
2767  -0.557  -91.958  7.338 0.8000000119
2768  -0.788  -92.242  7.461 0.8000000119
2782  -0.464  -92.201  6.814 0.8000000119
2801  -4.549  -91.754  5.911 0.8000000119
2823  -6.339  -91.299  3.167 1.0000000000
3287  -0.801  -89.597  8.207 1.0000000000
3296  -0.579  -90.359  7.771 1.0000000000
3297  -0.626  -89.898  7.932 1.0000000000
3312  -0.532  -91.222  7.629 0.8999999762
3327  -3.711  -91.026  7.031 0.8999999762
3854  -0.499  -88.877  8.490 1.0000000000
3876  -0.362  -89.700  7.590 1.0000000000
3877  -3.358  -89.721  7.763 1.0000000000
3892  -12.196  -89.461  7.140 1.0000000000
3902  0.171  -89.745  5.121 0.6999999881
3903  -0.156  -90.128  4.769 0.6999999881
3904  -1.284  -90.583  5.042 0.4000000060
3916  -0.086  -89.875  4.033 0.6000000238
3932  0.028  -89.403  3.600 0.8000000119
3935  -7.725  -89.437  3.542 1.0000000000
4409  -4.718  -89.132  17.175 1.0000000000
4458  -10.108  -88.608  11.831 1.0000000000
4472  -2.204  -88.008  9.408 1.0000000000
4473  -3.212  -88.069  9.081 1.0000000000
4494  -3.457  -88.313  8.709 1.0000000000
4496  -4.867  -87.732  8.159 1.0000000000
4503  -0.061  -88.857  7.796 1.0000000000
4539  -6.252  -88.642  5.768 1.0000000000
4554  -7.969  -88.420  4.270 1.0000000000
5041  -1.007  -87.419  9.179 1.0000000000
5046  -4.792  -87.028  9.239 1.0000000000
5064  -11.160  -87.733  9.809 1.0000000000
5073  -4.631  -87.472  8.779 1.0000000000
5109  0.622  -88.228  5.422 0.8999999762
5523  0.527  -86.448  17.391 1.0000000000
5524  -7.147  -86.309  16.979 1.0000000000
5542  -9.659  -86.665  13.896 1.0000000000
5577  -1.654  -87.203  9.465 1.0000000000
5579  -3.294  -86.890  9.553 1.0000000000
5593  0.122  -86.541  9.266 1.0000000000
5620  0.312  -86.815  8.427 1.0000000000
5681  0.681  -86.911  2.343 0.8999999762
5692  -0.603  -86.980  1.725 0.6000000238
5705  -0.041  -86.635  1.038 0.8000000119
6012  2.130  -85.878  22.683 0.5000000000
6071  -0.132  -85.955  17.139 1.0000000000
6075  -4.333  -85.560  17.725 1.0000000000
6088  1.097  -85.901  16.419 1.0000000000
6093  -6.732  -85.527  17.172 1.0000000000
6153  -10.455  -85.917  10.843 1.0000000000
6154  -10.915  -85.879  10.148 1.0000000000
6166  -11.100  -85.757  9.461 1.0000000000
6169  0.352  -85.837  9.050 1.0000000000
6171  -1.454  -85.577  8.674 1.0000000000
6176  -11.387  -85.798  8.200 1.0000000000
6184  0.739  -85.313  8.454 1.0000000000
6250  0.423  -86.412  1.604 0.8000000119
6251  -1.162  -85.829  1.370 0.6000000238
6268  0.186  -85.909  0.900 0.8000000119
6270  -0.563  -85.488  0.620 0.6000000238
6285  0.032  -85.375  0.450 0.6999999881
6613  1.387  -84.239  21.410 0.6000000238
6659  -5.442  -84.692  17.333 1.0000000000
6680  -8.325  -85.111  15.960 1.0000000000
6686  -0.359  -84.484  15.533 1.0000000000
6687  -1.121  -84.317  15.524 1.0000000000
6700  -2.322  -83.795  14.497 1.0000000000
6758  0.321  -84.435  9.088 1.0000000000
6838  0.116  -84.766  0.002 0.6999999881
7251  -6.628  -83.949  16.486 1.0000000000
7262  0.546  -83.485  15.232 1.0000000000
7276  -1.299  -83.581  14.513 1.0000000000
7283  -9.158  -83.575  14.478 1.0000000000
7291  -3.362  -83.336  13.563 1.0000000000
7313  -10.187  -82.770  10.899 1.0000000000
7352  1.036  -83.512  8.228 1.0000000000
7355  -4.513  -83.222  7.809 1.0000000000
7412  0.356  -83.156  0.381 0.6999999881
7420  0.077  -83.649  -0.177 0.6999999881
7421  -0.517  -83.957  -0.264 0.6999999881
7883  0.475  -82.587  18.213 0.8000000119
7920  1.010  -82.049  15.544 1.0000000000
7945  -2.035  -82.865  14.207 1.0000000000
7946  -7.014  -82.467  13.732 1.0000000000
7947  -7.802  -82.232  13.521 1.0000000000
7956  -3.620  -82.624  13.145 1.0000000000
7958  -4.660  -82.480  12.241 1.0000000000
7970  -3.980  -82.116  12.734 1.0000000000
7988  -10.039  -82.403  9.687 1.0000000000
7997  0.170  -82.406  8.522 1.0000000000
8014  -5.768  -82.514  7.624 1.0000000000
8084  0.029  -82.683  -0.286 0.6999999881
8507  -0.908  -82.219  14.890 1.0000000000
8525  -2.819  -82.333  14.012 1.0000000000
8526  -3.320  -81.869  13.680 1.0000000000
8558  -4.185  -81.450  12.412 1.0000000000
8575  -6.524  -80.948  10.714 1.0000000000
8595  0.643  -81.707  8.083 1.0000000000
8604  -1.031  -81.438  8.095 1.0000000000
8606  -2.839  -81.683  7.460 1.0000000000
8609  -6.800  -81.016  7.089 1.0000000000
8661  0.463  -81.163  0.699 1.0000000000
8672  -0.267  -81.147  -0.190 0.5000000000
8682  0.045  -81.486  -0.259 0.6999999881
9076  -2.320  -81.163  17.831 1.0000000000
9088  -6.353  -80.739  16.721 1.0000000000
9096  -0.004  -80.666  16.056 1.0000000000
9104  -4.575  -81.132  13.918 1.0000000000
9119  -4.488  -80.919  12.365 1.0000000000
9162  -9.111  -80.721  8.308 1.0000000000
9246  0.008  -80.134  -0.171 0.6000000238
9736  -4.492  -79.637  19.001 1.0000000000
9760  0.913  -79.551  17.444 0.8000000119
9761  0.507  -79.293  17.372 0.8000000119
9772  -0.099  -79.920  16.513 1.0000000000
9810  -0.606  -79.032  8.720 1.0000000000
9818  -0.115  -79.507  8.491 1.0000000000
9819  -0.288  -79.783  8.539 1.0000000000
9824  -8.557  -79.579  8.120 1.0000000000
9834  -7.160  -79.248  7.076 1.0000000000
9835  -7.851  -79.464  7.302 1.0000000000
9836  -8.415  -79.668  7.708 1.0000000000
9869  -0.491  -78.481  0.826 0.6000000238
9906  0.081  -79.374  0.236 0.6000000238
10351  -0.053  -78.431  17.223 1.0000000000
10361  1.017  -79.010  17.556 0.8000000119
10362  -0.032  -79.061  17.121 0.8999999762
10371  0.452  -78.897  17.530 0.8000000119
10372  0.138  -79.533  16.938 1.0000000000
10423  -0.191  -78.753  8.389 1.0000000000
10429  -8.206  -78.949  7.968 1.0000000000
10439  -7.035  -78.555  7.333 1.0000000000
10469  -0.514  -77.636  1.349 0.6000000238
10935  -2.972  -77.632  19.770 1.0000000000
10936  -3.898  -77.577  19.743 1.0000000000
10964  0.637  -78.689  17.640 0.8000000119
11023  -7.444  -77.683  8.283 1.0000000000
11075  0.498  -76.570  2.059 0.8000000119
11076  -0.097  -76.450  1.834 0.8000000119
11541  -1.656  -76.643  19.458 0.8999999762
11556  -6.683  -76.780  18.823 1.0000000000
11599  -11.868  -76.655  12.074 1.0000000000
11617  0.273  -76.494  10.687 0.8999999762
11694  0.661  -75.925  2.808 0.8999999762
12230  -5.643  -75.896  19.272 1.0000000000
12243  -6.879  -75.944  18.613 1.0000000000
12244  -7.467  -75.886  18.063 1.0000000000
12265  -6.669  -75.038  12.536 1.0000000000
12266  -6.840  -75.197  12.689 1.0000000000
12267  -7.446  -75.398  12.498 1.0000000000
12318  -13.191  -75.635  9.634 1.0000000000
12354  0.749  -74.126  5.582 0.8999999762
12361  0.847  -74.567  4.363 0.8999999762
12366  0.837  -75.085  3.618 0.8999999762
12367  0.087  -74.859  3.640 0.8999999762
12374  0.148  -75.314  3.072 0.8999999762
12889  -3.936  -74.532  19.566 0.8999999762
12890  -4.700  -74.802  19.531 1.0000000000
12946  -6.937  -75.065  12.204 1.0000000000
12948  -7.556  -75.188  12.324 1.0000000000
12960  -11.677  -74.322  13.510 1.0000000000
12967  -3.062  -74.037  12.109 1.0000000000
12975  0.593  -74.459  12.501 0.8999999762
12995  -2.866  -73.466  9.411 0.6000000238
13005  0.889  -73.859  7.601 0.8999999762
13014  -13.945  -74.583  8.602 1.0000000000
13050  0.421  -74.601  4.023 0.8999999762
13682  -10.215  -74.180  14.785 1.0000000000
13698  -6.925  -74.808  12.212 1.0000000000
13714  0.396  -73.317  14.012 1.0000000000
13727  1.041  -73.248  13.196 0.8999999762
13728  -0.113  -73.276  13.930 1.0000000000
13753  -2.157  -73.026  9.728 0.6999999881
13754  -2.989  -72.900  9.440 0.6000000238
13762  0.328  -72.884  8.029 0.8999999762
13777  0.357  -73.176  7.222 0.8999999762
14467  -5.116  -72.723  18.639 1.0000000000
14481  -0.399  -71.819  16.822 0.5000000000
14537  0.790  -72.581  14.016 1.0000000000
14538  0.268  -72.517  14.057 1.0000000000
14555  1.223  -72.376  13.033 0.8999999762
14563  -13.438  -72.964  12.212 1.0000000000
15309  -4.023  -70.682  15.207 0.8000000119
15357  1.325  -71.226  12.812 0.8999999762
15368  -3.158  -71.816  11.564 1.0000000000
15397  -6.779  -71.525  8.676 1.0000000000
16116  1.037  -70.869  13.434 0.8999999762
16117  0.737  -70.775  13.466 0.8999999762
16121  -8.544  -70.141  13.714 0.8999999762
16135  1.130  -70.178  13.170 0.8999999762
16137  -0.284  -70.377  12.829 0.8999999762
16139  -9.654  -69.858  13.114 0.8999999762
16170  -3.799  -70.232  9.842 1.0000000000
16190  -18.157  -70.210  8.885 0.8999999762
16951  0.966  -70.029  13.222 0.8999999762
17053  -0.266  -69.553  5.352 0.5000000000
17805  -8.404  -67.826  10.612 0.8000000119
17859  0.153  -68.490  6.111 0.5000000000
17890  -0.391  -68.195  4.986 0.6000000238
18598  -8.600  -66.991  10.748 0.6999999881
18615  0.655  -67.519  10.107 0.8999999762
18618  -1.342  -67.947  9.148 0.8999999762
18674  0.005  -67.139  5.231 0.6000000238
18692  -0.552  -67.759  4.959 0.6000000238
19416  0.298  -67.176  9.478 0.8999999762
19425  0.058  -66.883  9.070 0.8999999762
19442  0.207  -66.255  7.238 0.8999999762
19476  0.212  -66.408  5.486 0.6000000238
19488  -0.524  -66.298  4.524 0.6000000238
20233  -5.397  -65.745  7.842 1.0000000000
20248  -0.166  -65.572  7.350 0.8999999762
20277  -2.731  -65.691  5.253 0.5000000000
20288  -0.010  -65.569  4.892 0.6000000238
20289  -0.313  -65.451  4.387 0.6000000238
21008  -20.978  -64.420  9.456 0.6000000238
21034  -6.497  -64.681  7.113 1.0000000000
21046  0.242  -64.910  6.503 0.8000000119
21049  -13.037  -64.894  5.907 1.0000000000
21050  -18.642  -64.811  6.229 0.8999999762
21062  -14.438  -64.577  5.414 1.0000000000
21889  -0.016  -63.000  6.301 0.6999999881
22711  -7.205  -63.163  6.558 1.0000000000
22758  -0.443  -62.716  4.802 0.6999999881
22759  -0.990  -62.183  4.308 0.6999999881
22774  -3.194  -61.826  3.335 0.4000000060
23588  -21.875  -61.518  8.687 0.5000000000
23596  -0.986  -62.735  5.940 0.8000000119
23603  -0.960  -62.217  5.448 0.8000000119
23604  -1.764  -61.412  5.881 0.8000000119
23611  -8.665  -62.219  5.800 1.0000000000
23623  -2.926  -60.417  5.752 0.8000000119
23624  -3.795  -60.966  5.752 0.8000000119
23660  -3.292  -60.924  3.076 0.4000000060
23680  -3.710  -60.583  2.710 0.4000000060
24527  -1.841  -59.919  5.380 0.6999999881
24539  -1.617  -60.264  5.278 0.6999999881
24565  -10.505  -60.141  4.549 1.0000000000
24569  -14.484  -60.274  4.721 0.8999999762
24579  -2.958  -60.742  3.028 0.4000000060
25474  -2.860  -59.525  5.329 0.6999999881
25497  -1.734  -59.704  4.965 0.6999999881
25498  -2.076  -59.134  4.544 0.5000000000
25518  -2.416  -59.490  3.503 0.5000000000
25535  -3.539  -59.769  2.443 0.4000000060
25551  -5.507  -59.017  2.252 0.3000000119
26425  -4.859  -58.151  2.231 0.3000000119
27315  -4.410  -57.006  2.407 0.3000000119
28168  -4.985  -56.241  4.254 0.4000000060
28189  -3.834  -55.836  3.682 0.4000000060
28218  -3.975  -55.783  3.141 0.4000000060
28232  -5.261  -56.140  1.979 0.3000000119
29051  -4.690  -55.427  4.086 0.4000000060
29913  -4.492  -54.825  3.466 0.4000000060
29914  -4.725  -54.253  3.196 0.4000000060
30730  -4.998  -53.566  2.972 0.3000000119
122044  -0.040  -77.063  1.246 0.6999999881
122683  0.307  -65.613  6.770 0.8000000119
122767  -19.485  -67.221  7.829 0.8999999762
124929  -1.749  -94.605  4.068 0.6999999881
124935  -5.780  -67.001  8.394 1.0000000000
125369  -2.809  -75.982  10.289 1.0000000000
125447  -5.746  -99.620  11.921 0.8999999762
125798  0.086  -87.180  9.200 1.0000000000
126285  -0.110  -78.640  0.523 0.6999999881
126316  -5.339  -99.829  10.481 0.8000000119
126371  -0.177  -74.180  4.894 0.8000000119
126492  -0.074  -92.938  18.125 1.0000000000
126708  -5.888  -79.982  7.160 1.0000000000
127337  -1.082  -92.294  7.660 0.8000000119
127377  -1.716  -60.599  5.697 0.6999999881
127599  -6.768  -99.484  12.885 0.8000000119
128009  -4.852  -99.722  6.569 1.0000000000
128195  -3.736  -79.595  19.154 1.0000000000
128332  -16.815  -101.364  2.634 0.6000000238
128829  1.432  -82.951  20.956 0.5000000000
128840  -8.720  -68.820  7.859 1.0000000000
128877  -4.471  -55.914  2.532 0.3000000119
128980  -9.301  -90.160  11.318 1.0000000000
129252  -4.992  -81.147  7.273 1.0000000000
129269  0.380  -88.477  2.961 0.8999999762
129650  -15.077  -98.198  -2.936 0.8999999762
129686  -2.861  -95.206  2.003 0.6000000238
129906  -18.392  -63.985  5.849 0.8999999762
130070  -1.354  -82.928  -0.051 0.5000000000
130456  0.713  -75.190  7.982 0.8999999762
131371  0.315  -80.701  0.005 1.0000000000
131671  -8.588  -77.896  16.981 1.0000000000
131774  -5.827  -99.133  4.866 1.0000000000
132440  -5.196  -99.845  6.446 1.0000000000
133601  0.590  -92.669  20.080 0.6999999881
133698  -4.258  -98.673  6.370 1.0000000000
133817  0.393  -77.020  7.945 1.0000000000
134140  -9.153  -84.865  14.860 1.0000000000
134784  0.621  -91.993  19.412 0.8999999762
135084  1.252  -70.738  13.184 0.8999999762
135153  0.422  -79.892  7.444 1.0000000000
135429  -5.664  -100.041  4.975 1.0000000000
135619  -0.348  -87.675  9.102 1.0000000000
135744  -16.980  -93.411  -1.842 0.8999999762
135980  -4.023  -96.784  15.140 0.8999999762
136554  0.417  -73.837  13.322 1.0000000000
136614  -0.108  -88.393  8.613 1.0000000000
137137  -5.731  -56.757  4.387 0.8000000119
137347  -3.620  -97.826  9.908 0.8999999762
137484  0.032  -63.451  6.876 0.8000000119
138339  -9.041  -85.995  6.882 1.0000000000
138512  -9.872  -81.906  11.418 1.0000000000
138519  -3.654  -81.532  13.537 1.0000000000
138795  -6.350  -80.677  10.867 1.0000000000
138812  -0.620  -64.163  3.969 0.6000000238
138896  -4.716  -99.958  7.534 1.0000000000
139000  -2.982  -81.592  15.701 1.0000000000
139121  0.378  -66.938  5.976 0.6000000238
139185  -1.438  -61.692  3.858 0.6999999881
139359  -3.900  -96.447  10.215 1.0000000000
139689  -6.144  -96.519  7.381 1.0000000000
139712  -9.561  -65.044  7.352 1.0000000000
139759  -0.041  -87.847  8.962 1.0000000000
139835  -8.788  -101.056  1.387 0.8999999762
140164  -7.459  -94.336  8.499 1.0000000000
140228  -4.046  -97.168  8.261 1.0000000000
140461  -14.358  -93.674  -4.546 0.6999999881
140533  0.736  -67.500  9.707 0.8999999762
140749  0.096  -82.060  -0.143 0.6999999881
140822  -3.026  -87.733  9.401 1.0000000000
141343  -4.944  -81.291  16.241 1.0000000000
141756  -9.390  -86.036  14.236 1.0000000000
141913  0.269  -83.173  8.860 1.0000000000
141975  1.017  -82.736  8.191 1.0000000000
142209  -0.827  -74.093  12.594 1.0000000000
142668  -20.641  -94.350  -6.680 0.5000000000
143015  0.192  -76.971  1.440 0.8000000119
143431  -15.049  -71.891  7.475 1.0000000000
143437  -0.888  -78.459  9.201 1.0000000000
143865  -20.355  -65.636  7.678 0.8999999762
143869  -6.416  -79.473  7.103 1.0000000000
143875  1.045  -88.090  20.557 0.8000000119
143922  -3.891  -81.750  12.859 1.0000000000
144072  -1.680  -96.690  18.684 0.8000000119
144142  -0.506  -82.347  14.661 1.0000000000
144170  -15.430  -72.818  8.083 1.0000000000
144518  1.000  -80.417  16.933 0.8000000119
144555  -19.756  -96.832  -2.974 0.6999999881
144647  0.999  -86.624  4.208 0.8999999762
145033  -1.316  -91.825  7.841 0.8000000119
145501  -5.920  -67.805  12.016 0.6000000238
145542  -5.509  -94.211  1.533 0.6000000238
145790  0.841  -87.069  17.788 1.0000000000
146075  -6.150  -80.964  11.040 1.0000000000
146081  0.537  -80.082  1.277 1.0000000000
146565  0.110  -83.168  14.786 1.0000000000
146572  -7.340  -76.669  10.049 1.0000000000
146774  -8.782  -102.170  6.808 0.6000000238
146880  0.397  -66.036  5.776 0.6000000238
146924  -7.603  -58.090  4.257 0.8000000119
